timestamp,pos1,pos2,pos3,pos4,pos5,pos6,goal_pos1,goal_pos2,goal_pos3,goal_pos4,goal_pos5,goal_pos6,current1,current2,current3,current4,current5,current6,vel1,vel2,vel3,vel4,vel5,vel6,load1,load2,load3,load4,load5,load6,temp1,temp2,temp3,temp4,temp5,temp6,volts1,volts2,volts3,volts4,volts5,volts6,force_x,force_y,force_z
0.01557016372680664,-0.11277512089809515,0.43038668587640394,-0.04679783928424356,1.3072707891860824,-0.05600397160245541,0.277964262279343,-0.11584383167083243,0.4104400658536116,-0.06060703776156134,1.3103394999588198,-0.06214139314792997,0.08947347498262113,0,2,1,0,0,17,0,0,0,0,0,0,0,64,48,-20,28,200,34,34,35,35,30,38,124,122,122,122,121,122,-999,-999,-1.96
0.0311129093170166,-0.11277512089809515,0.43038668587640394,-0.04679783928424356,1.3072707891860824,-0.05600397160245541,0.277964262279343,-0.11584383167083243,0.4104400658536116,-0.06060703776156134,1.3103394999588198,-0.06214139314792997,0.08947347498262113,0,2,1,0,1,20,0,0,0,0,0,0,0,64,48,-20,28,200,34,34,35,35,30,38,124,122,123,122,122,123,-999,-999,-1.96
0.04599261283874512,-0.11277512089809515,0.43038668587640394,-0.04679783928424356,1.3072707891860824,-0.05600397160245541,0.277964262279343,-0.11584383167083243,0.4104400658536116,-0.06060703776156134,1.3103394999588198,-0.06214139314792997,0.08947347498262113,0,2,1,0,1,17,0,0,0,0,0,0,20,64,48,-20,28,200,33,34,35,35,30,38,123,122,122,122,122,122,-999,-999,-1.96
0.06300020217895508,-0.11277512089809515,0.43038668587640394,-0.04679783928424356,1.3072707891860824,-0.05600397160245541,0.277964262279343,-0.11584383167083243,0.4104400658536116,-0.06060703776156134,1.3103394999588198,-0.06214139314792997,0.08947347498262113,0,2,2,0,1,16,0,0,0,0,0,0,20,64,48,-20,28,200,34,34,35,35,30,38,124,122,122,122,122,122,-999,-999,-1.96
0.07910537719726562,-0.11277512089809515,0.43038668587640394,-0.04679783928424356,1.3072707891860824,-0.05600397160245541,0.277964262279343,-0.11584383167083243,0.4104400658536116,-0.06060703776156134,1.3103394999588198,-0.06214139314792997,0.08947347498262113,0,2,1,0,0,18,0,0,0,0,0,0,20,64,48,-20,28,200,34,34,35,35,30,38,123,122,122,122,121,122,-999,-999,-1.96
0.09499859809875488,-0.11277512089809515,0.43038668587640394,-0.04679783928424356,1.3072707891860824,-0.05600397160245541,0.277964262279343,-0.11584383167083243,0.4104400658536116,-0.06060703776156134,1.3103394999588198,-0.06214139314792997,0.08947347498262113,0,2,1,0,0,17,0,0,0,0,0,0,20,64,48,-20,28,200,34,34,35,35,30,38,124,122,122,122,122,122,-999,-999,-1.96
0.11198019981384277,-0.11277512089809515,0.43038668587640394,-0.04679783928424356,1.3072707891860824,-0.05600397160245541,0.277964262279343,-0.11430947628446378,0.4104400658536116,-0.06060703776156134,1.3103394999588198,-0.06214139314792997,0.08947347498262113,0,2,1,0,1,16,0,0,0,0,0,0,20,64,48,-20,28,200,33,34,35,35,30,38,124,122,122,122,122,122,-999,-999,-1.96
0.1269702911376953,-0.11277512089809515,0.43038668587640394,-0.04679783928424356,1.3072707891860824,-0.05600397160245541,0.277964262279343,-0.11430947628446378,0.4104400658536116,-0.06060703776156134,1.3103394999588198,-0.06214139314792997,0.08947347498262113,0,2,2,0,0,21,0,0,0,0,0,0,0,64,48,-20,28,200,34,34,35,35,30,38,124,122,122,122,122,122,-999,-999,-1.96
0.1430037021636963,-0.11277512089809515,0.43038668587640394,-0.04679783928424356,1.3072707891860824,-0.05600397160245541,0.277964262279343,-0.11430947628446378,0.4104400658536116,-0.06060703776156134,1.3103394999588198,-0.06214139314792997,0.08947347498262113,0,2,1,0,1,16,0,0,0,0,0,0,-20,64,48,-20,28,200,34,34,35,35,30,38,123,122,122,122,121,122,-999,-999,-1.96
0.15915369987487793,-0.11277512089809515,0.43038668587640394,-0.04679783928424356,1.3072707891860824,-0.05600397160245541,0.277964262279343,-0.11430947628446378,0.4104400658536116,-0.06060703776156134,1.3103394999588198,-0.06214139314792997,0.08947347498262113,0,2,2,0,1,21,0,0,0,0,0,0,0,64,48,-20,28,200,34,34,35,35,30,38,124,122,122,122,122,121,-999,-999,-1.96
0.17500090599060059,-0.11277512089809515,0.43038668587640394,-0.04679783928424356,1.3072707891860824,-0.05600397160245541,0.277964262279343,-0.11430947628446378,0.4104400658536116,-0.06060703776156134,1.3103394999588198,-0.06214139314792997,0.08947347498262113,0,2,1,0,1,21,0,0,0,0,0,0,0,64,48,-20,28,200,34,34,35,35,30,38,124,122,122,122,122,122,-999,-999,-1.96
0.19115209579467773,-0.11277512089809515,0.43038668587640394,-0.04679783928424356,1.3072707891860824,-0.05600397160245541,0.277964262279343,-0.11430947628446378,0.4089057104672429,-0.06060703776156134,1.3103394999588198,-0.06214139314792997,0.08947347498262113,0,2,1,0,1,18,0,0,0,0,0,0,0,68,48,-20,28,200,34,34,35,35,30,38,124,122,122,122,122,122,-999,-999,-1.96
0.20715093612670898,-0.11277512089809515,0.43038668587640394,-0.04679783928424356,1.3072707891860824,-0.05600397160245541,0.277964262279343,-0.11430947628446378,0.4089057104672429,-0.06060703776156134,1.3103394999588198,-0.06214139314792997,0.08947347498262113,0,2,1,0,1,17,0,0,0,0,0,0,0,72,48,-20,28,200,34,34,35,35,30,38,123,122,122,122,122,122,-999,-999,-1.96
0.22399115562438965,-0.11277512089809515,0.43038668587640394,-0.04679783928424356,1.3072707891860824,-0.05600397160245541,0.277964262279343,-0.11430947628446378,0.40737135508087424,-0.06060703776156134,1.3103394999588198,-0.06214139314792997,0.08947347498262113,0,3,1,0,0,21,0,0,0,0,0,0,0,72,48,-20,28,200,33,34,35,35,30,38,124,122,122,122,122,122,-999,-999,-1.96
0.24003863334655762,-0.11277512089809515,0.43038668587640394,-0.04679783928424356,1.3072707891860824,-0.05600397160245541,0.277964262279343,-0.11430947628446378,0.40737135508087424,-0.06060703776156134,1.3103394999588198,-0.06214139314792997,0.08947347498262113,0,2,1,0,1,18,0,0,0,0,0,0,0,76,48,-20,28,200,33,34,35,35,30,38,124,122,122,122,121,122,-999,-999,-1.96
0.2555687427520752,-0.11277512089809515,0.43038668587640394,-0.04679783928424356,1.3072707891860824,-0.05600397160245541,0.277964262279343,-0.11430947628446378,0.40583699969450565,-0.06060703776156134,1.3103394999588198,-0.06214139314792997,0.08947347498262113,0,3,1,0,0,22,0,0,0,0,0,0,0,80,48,-20,28,200,33,34,35,35,30,38,123,122,122,122,122,122,-999,-999,-1.96
0.27213454246520996,-0.11277512089809515,0.43038668587640394,-0.04679783928424356,1.3072707891860824,-0.05600397160245541,0.277964262279343,-0.11430947628446378,0.40583699969450565,-0.06060703776156134,1.3103394999588198,-0.06214139314792997,0.08947347498262113,0,2,1,0,0,19,0,0,0,0,0,0,0,80,48,-20,28,200,34,34,35,34,30,37,123,122,122,122,122,122,-999,-999,-1.96
0.2880842685699463,-0.11277512089809515,0.43038668587640394,-0.04679783928424356,1.3072707891860824,-0.05600397160245541,0.277964262279343,-0.11430947628446378,0.40583699969450565,-0.06060703776156134,1.3103394999588198,-0.06214139314792997,0.08947347498262113,0,3,1,0,1,20,0,0,0,0,0,0,0,76,48,-20,28,200,34,34,35,35,30,38,124,122,122,122,121,122,-999,-999,-1.96
0.3041508197784424,-0.11277512089809515,0.43038668587640394,-0.04679783928424356,1.3072707891860824,-0.05600397160245541,0.277964262279343,-0.11430947628446378,0.40583699969450565,-0.06060703776156134,1.3103394999588198,-0.06214139314792997,0.08947347498262113,0,3,1,0,0,17,0,0,0,0,0,0,0,76,48,-20,28,200,34,33,35,35,30,38,124,122,122,122,122,122,-999,-999,-1.96
0.3201754093170166,-0.11277512089809515,0.43038668587640394,-0.04679783928424356,1.3072707891860824,-0.05600397160245541,0.277964262279343,-0.11430947628446378,0.40583699969450565,-0.06060703776156134,1.3103394999588198,-0.06214139314792997,0.08947347498262113,0,3,1,0,1,16,0,0,0,0,0,0,0,76,48,-20,28,200,34,34,35,35,30,38,124,122,122,122,122,123,-999,-999,-1.96
0.3360569477081299,-0.11277512089809515,0.43038668587640394,-0.04679783928424356,1.3072707891860824,-0.05600397160245541,0.277964262279343,-0.11430947628446378,0.40583699969450565,-0.06060703776156134,1.3103394999588198,-0.06214139314792997,0.08947347498262113,0,3,1,0,1,17,0,0,0,0,0,0,0,76,48,-20,28,200,33,34,35,35,30,38,124,122,122,122,122,122,-999,-999,-1.96
0.3520698547363281,-0.11277512089809515,0.43038668587640394,-0.04679783928424356,1.3072707891860824,-0.05600397160245541,0.277964262279343,-0.11430947628446378,0.40583699969450565,-0.06060703776156134,1.3103394999588198,-0.06214139314792997,0.08947347498262113,0,2,1,0,1,22,0,0,0,0,0,0,0,76,48,-20,28,200,33,34,37,35,30,38,124,122,122,122,121,114,-999,-999,-1.96
0.36817216873168945,-0.11277512089809515,0.43038668587640394,-0.04679783928424356,1.3072707891860824,-0.05600397160245541,0.277964262279343,-0.11430947628446378,0.404302644308137,-0.06060703776156134,1.3103394999588198,-0.06214139314792997,0.08947347498262113,0,3,1,0,1,18,0,0,0,0,0,0,0,80,48,-20,28,200,34,34,35,35,30,38,124,122,122,121,122,123,-999,-999,-1.96
0.38402819633483887,-0.11277512089809515,0.43038668587640394,-0.04679783928424356,1.3072707891860824,-0.05600397160245541,0.277964262279343,-0.11430947628446378,0.404302644308137,-0.06060703776156134,1.3103394999588198,-0.06214139314792997,0.08947347498262113,0,4,1,0,0,21,0,0,0,0,0,0,0,84,48,-20,28,200,34,34,35,35,30,38,124,122,122,122,122,122,-999,-999,-1.96
0.4001736640930176,-0.11277512089809515,0.43038668587640394,-0.04679783928424356,1.3072707891860824,-0.05600397160245541,0.277964262279343,-0.11430947628446378,0.404302644308137,-0.06060703776156134,1.3103394999588198,-0.06214139314792997,0.08947347498262113,0,3,1,0,0,18,0,0,0,0,0,0,0,80,48,-20,28,200,34,34,35,35,30,38,124,122,122,122,122,122,-999,-999,-1.96
0.41615748405456543,-0.11277512089809515,0.43038668587640394,-0.04679783928424356,1.3072707891860824,-0.05600397160245541,0.277964262279343,-0.11430947628446378,0.404302644308137,-0.06060703776156134,1.3103394999588198,-0.06214139314792997,0.08947347498262113,0,3,1,1,1,18,0,0,0,0,0,0,0,80,48,-20,28,200,34,34,35,35,30,38,124,122,122,122,121,122,-999,-999,-1.96
0.4321918487548828,-0.11277512089809515,0.43038668587640394,-0.04679783928424356,1.3072707891860824,-0.05600397160245541,0.277964262279343,-0.11430947628446378,0.404302644308137,-0.06060703776156134,1.3103394999588198,-0.06214139314792997,0.08947347498262113,0,3,1,0,0,19,0,0,0,0,0,0,0,80,48,-20,28,200,34,34,35,35,30,38,123,122,122,122,122,122,-999,-999,-1.96
0.44916844367980957,-0.11277512089809515,0.43038668587640394,-0.04679783928424356,1.3072707891860824,-0.05600397160245541,0.277964262279343,-0.11430947628446378,0.404302644308137,-0.06060703776156134,1.3103394999588198,-0.06214139314792997,0.08947347498262113,0,3,1,0,1,17,0,0,0,0,0,0,0,80,48,-20,28,200,33,34,35,35,30,38,124,121,122,122,122,122,-999,-999,-1.96
0.46506214141845703,-0.11277512089809515,0.43038668587640394,-0.04679783928424356,1.3072707891860824,-0.05600397160245541,0.277964262279343,-0.11430947628446378,0.404302644308137,-0.06060703776156134,1.3103394999588198,-0.06214139314792997,0.08947347498262113,0,3,1,0,1,16,0,0,0,0,0,0,0,80,48,-20,28,200,34,34,35,35,30,38,124,122,122,122,122,122,-999,-999,-1.96
0.4812018871307373,-0.11277512089809515,0.43038668587640394,-0.04679783928424356,1.3072707891860824,-0.05600397160245541,0.277964262279343,-0.11277512089809515,0.404302644308137,-0.06060703776156134,1.3103394999588198,-0.06214139314792997,0.08947347498262113,0,4,1,0,1,17,0,0,0,0,0,0,0,80,48,-20,28,200,34,34,35,35,30,38,124,122,122,122,122,122,-999,-999,-1.96
0.4972410202026367,-0.11277512089809515,0.43038668587640394,-0.04679783928424356,1.3072707891860824,-0.05600397160245541,0.277964262279343,-0.11277512089809515,0.404302644308137,-0.06060703776156134,1.3103394999588198,-0.06214139314792997,0.08947347498262113,0,3,2,0,0,18,0,0,0,0,0,0,0,80,48,-20,28,200,33,34,35,35,30,38,124,122,122,122,121,121,-999,-999,-1.96
0.5132067203521729,-0.11277512089809515,0.43038668587640394,-0.04679783928424356,1.3072707891860824,-0.05600397160245541,0.277964262279343,-0.11277512089809515,0.404302644308137,-0.06060703776156134,1.3103394999588198,-0.06214139314792997,0.08947347498262113,0,3,1,0,1,20,0,0,0,0,0,0,0,80,48,-20,28,200,34,34,35,35,30,38,123,122,122,122,122,122,-999,-999,-1.96
0.5290548801422119,-0.11277512089809515,0.43038668587640394,-0.04679783928424356,1.3072707891860824,-0.05600397160245541,0.277964262279343,-0.11277512089809515,0.404302644308137,-0.06214139314792997,1.3103394999588198,-0.06214139314792997,0.08947347498262113,0,3,1,0,0,22,0,0,0,0,0,0,0,80,52,-20,28,200,33,34,35,35,30,38,123,122,122,122,122,122,-999,-999,-1.96
0.545196533203125,-0.11277512089809515,0.43038668587640394,-0.04679783928424356,1.3072707891860824,-0.05600397160245541,0.277964262279343,-0.11277512089809515,0.404302644308137,-0.06214139314792997,1.3103394999588198,-0.06214139314792997,0.08947347498262113,0,3,1,0,1,18,0,0,0,0,0,0,0,80,56,-20,28,200,33,34,35,35,30,38,124,122,122,122,122,122,-999,-999,-1.96
0.5612075328826904,-0.11277512089809515,0.43038668587640394,-0.04679783928424356,1.3072707891860824,-0.05600397160245541,0.277964262279343,-0.11277512089809515,0.404302644308137,-0.06214139314792997,1.3103394999588198,-0.06214139314792997,0.08947347498262113,0,3,1,0,1,17,0,0,0,0,0,0,0,80,52,-20,28,200,34,34,35,35,30,38,124,122,122,122,121,123,-999,-999,-1.96
0.5771338939666748,-0.11277512089809515,0.43038668587640394,-0.04679783928424356,1.3072707891860824,-0.05600397160245541,0.277964262279343,-0.11277512089809515,0.404302644308137,-0.06214139314792997,1.3088051445724511,-0.06214139314792997,0.08947347498262113,0,3,1,0,1,16,0,0,0,0,0,0,0,80,52,0,28,200,34,34,35,35,30,38,123,122,122,122,122,122,-999,-999,-1.96
0.5931806564331055,-0.11277512089809515,0.43038668587640394,-0.04679783928424356,1.3072707891860824,-0.05600397160245541,0.277964262279343,-0.11277512089809515,0.404302644308137,-0.06367574853429861,1.3088051445724511,-0.06214139314792997,0.08947347498262113,0,3,2,0,0,16,0,0,0,0,0,0,0,80,56,20,28,200,34,34,35,35,30,38,124,122,122,122,122,122,-999,-999,-1.96
0.609257698059082,-0.11277512089809515,0.43038668587640394,-0.04679783928424356,1.3072707891860824,-0.05600397160245541,0.277964262279343,-0.11277512089809515,0.40276828892176836,-0.0667444593070359,1.3088051445724511,-0.06214139314792997,0.08947347498262113,0,4,2,0,0,16,0,0,0,0,0,0,0,84,64,0,28,200,34,34,35,35,30,38,124,122,122,121,122,122,-999,-999,-1.96
0.6252405643463135,-0.11277512089809515,0.43038668587640394,-0.04679783928424356,1.3072707891860824,-0.05600397160245541,0.277964262279343,-0.11277512089809515,0.40276828892176836,-0.07288188085251047,1.3088051445724511,-0.06214139314792997,0.08947347498262113,0,4,3,0,0,20,0,0,0,0,0,0,0,88,76,0,28,200,34,34,35,35,30,38,123,122,122,122,122,122,-999,-999,-1.96
0.641211986541748,-0.11277512089809515,0.43038668587640394,-0.04679783928424356,1.3072707891860824,-0.05600397160245541,0.277964262279343,-0.11277512089809515,0.40276828892176836,-0.08208801317072231,1.3103394999588198,-0.06214139314792997,0.08947347498262113,0,4,5,0,1,17,0,0,0,0,0,0,0,84,92,0,28,200,34,34,35,35,30,38,124,122,122,121,122,122,-999,-999,-1.96
0.6571981906890869,-0.11277512089809515,0.43038668587640394,-0.04679783928424356,1.3072707891860824,-0.05600397160245541,0.277964262279343,-0.11277512089809515,0.40276828892176836,-0.08975979010256553,1.3118738553451885,-0.06214139314792997,0.08947347498262113,0,3,7,0,0,17,0,0,0,0,0,0,0,84,132,-20,28,200,34,34,35,35,30,38,124,122,122,121,122,122,-999,-999,-1.96
0.6732196807861328,-0.11277512089809515,0.43038668587640394,-0.04679783928424356,1.3072707891860824,-0.05600397160245541,0.277964262279343,-0.11277512089809515,0.40276828892176836,-0.09896592242077737,1.3118738553451885,-0.06214139314792997,0.08947347498262113,0,3,12,1,1,16,0,0,0,0,0,0,0,84,156,-32,28,200,34,34,35,35,30,38,123,121,122,122,121,121,-999,-999,-1.96
0.6900873184204102,-0.11277512089809515,0.43038668587640394,-0.04679783928424356,1.3072707891860824,-0.05600397160245541,0.277964262279343,-0.11277512089809515,0.40276828892176836,-0.10663769935262057,1.313408210731557,-0.06214139314792997,0.08947347498262113,0,3,13,0,1,16,0,0,0,0,0,0,0,84,180,-24,28,200,33,34,35,35,30,38,123,121,122,122,121,121,-999,-999,-1.96
0.705230712890625,-0.11277512089809515,0.43038668587640394,-0.0483321946706122,1.3072707891860824,-0.05600397160245541,0.277964262279343,-0.11277512089809515,0.404302644308137,-0.11430947628446378,1.313408210731557,-0.06214139314792997,0.08947347498262113,0,4,16,0,1,17,0,0,0,0,0,0,0,84,196,-32,28,200,34,34,35,35,30,38,123,122,122,121,121,121,-999,-999,-1.96
0.7222163677215576,-0.11277512089809515,0.43038668587640394,-0.049866550056980846,1.3072707891860824,-0.05600397160245541,0.277964262279343,-0.11277512089809515,0.404302644308137,-0.12044689782993835,1.313408210731557,-0.06214139314792997,0.08947347498262113,0,3,16,0,1,21,0,0,-50,0,0,0,0,80,208,-32,28,200,33,34,35,35,30,38,123,121,122,121,121,122,-999,-999,-1.96
0.7382252216339111,-0.11277512089809515,0.43038668587640394,-0.052935260829718125,1.3072707891860824,-0.05600397160245541,0.277964262279343,-0.11277512089809515,0.404302644308137,-0.12658431937541292,1.313408210731557,-0.06214139314792997,0.08947347498262113,0,3,14,0,0,17,0,0,-50,0,0,0,0,76,208,-28,28,200,33,34,35,35,30,38,123,121,122,121,121,121,-999,-999,-1.96
0.7540922164916992,-0.11277512089809515,0.43038668587640394,-0.05753832698882405,1.3072707891860824,-0.05600397160245541,0.277964262279343,-0.11277512089809515,0.404302644308137,-0.13118738553451884,1.313408210731557,-0.06214139314792997,0.08947347498262113,0,3,18,0,1,17,0,0,-100,0,0,0,0,80,216,-28,28,200,33,34,35,35,30,38,123,121,122,121,121,121,-999,-999,-1.96
0.7701413631439209,-0.11277512089809515,0.43038668587640394,-0.06060703776156134,1.3072707891860824,-0.05600397160245541,0.277964262279343,-0.11277512089809515,0.404302644308137,-0.13579045169362475,1.313408210731557,-0.06367574853429861,0.08947347498262113,0,3,19,1,1,17,0,0,-200,0,0,0,0,80,216,-28,32,200,34,34,35,35,30,38,123,121,122,121,121,121,-999,-999,-1.96
0.7861025333404541,-0.11277512089809515,0.43038668587640394,-0.06521010392066726,1.3072707891860824,-0.05600397160245541,0.277964262279343,-0.11277512089809515,0.404302644308137,-0.1419278732390993,1.313408210731557,-0.06367574853429861,0.08947347498262113,0,3,14,1,1,20,0,0,-200,0,0,0,0,80,204,-28,36,200,33,34,35,35,30,38,123,121,122,121,121,121,-999,-999,-1.96
0.8022606372833252,-0.11277512089809515,0.43038668587640394,-0.06981317007977318,1.3072707891860824,-0.05600397160245541,0.277964262279343,-0.11277512089809515,0.404302644308137,-0.14653093939820525,1.313408210731557,-0.06367574853429861,0.08947347498262113,0,3,16,0,0,16,0,0,-150,0,0,0,0,80,216,-28,32,200,34,34,35,35,30,38,123,121,122,121,121,121,-999,-999,-1.96
0.8192436695098877,-0.11277512089809515,0.43038668587640394,-0.07288188085251047,1.305736433799714,-0.05600397160245541,0.277964262279343,-0.11277512089809515,0.404302644308137,-0.15113400555731116,1.313408210731557,-0.06367574853429861,0.08947347498262113,0,3,14,0,1,17,0,0,-150,0,0,0,0,80,216,-32,32,200,33,34,35,35,30,38,123,121,122,121,121,122,-999,-999,-1.96
0.8340888023376465,-0.11277512089809515,0.43038668587640394,-0.07748494701161639,1.305736433799714,-0.05600397160245541,0.277964262279343,-0.11277512089809515,0.404302644308137,-0.1557370717164171,1.313408210731557,-0.06367574853429861,0.08947347498262113,0,2,13,1,1,16,0,0,-150,-50,0,0,0,80,212,-36,32,200,33,34,35,35,30,38,123,122,122,121,121,121,-999,-999,-1.96
0.8501009941101074,-0.11277512089809515,0.43038668587640394,-0.08208801317072231,1.3072707891860824,-0.05600397160245541,0.277964262279343,-0.11277512089809515,0.404302644308137,-0.160340137875523,1.313408210731557,-0.06367574853429861,0.08947347498262113,0,3,12,0,1,19,0,0,-250,0,0,0,0,80,212,-28,32,200,33,34,36,35,30,38,123,121,122,122,121,122,-999,-999,-1.96
0.8662185668945312,-0.11277512089809515,0.43038668587640394,-0.08669107932982824,1.3072707891860824,-0.05600397160245541,0.277964262279343,-0.11277512089809515,0.404302644308137,-0.16494320403462895,1.313408210731557,-0.06367574853429861,0.08947347498262113,0,3,13,0,0,16,0,0,-250,50,0,0,0,80,212,-24,32,200,33,34,35,35,30,38,123,122,122,121,121,121,-999,-999,-1.96
0.8822710514068604,-0.11277512089809515,0.43038668587640394,-0.0928285008753028,1.3072707891860824,-0.05600397160245541,0.277964262279343,-0.11277512089809515,0.404302644308137,-0.1680119148073662,1.313408210731557,-0.06367574853429861,0.08947347498262113,0,3,13,1,0,20,0,0,-150,0,0,0,0,80,208,-24,32,200,33,34,35,35,30,38,123,121,122,121,121,121,-999,-999,-1.96
0.8982658386230469,-0.11277512089809515,0.43038668587640394,-0.09743156703440872,1.3072707891860824,-0.05600397160245541,0.277964262279343,-0.11277512089809515,0.404302644308137,-0.1741493363528408,1.313408210731557,-0.06367574853429861,0.08947347498262113,0,3,12,1,0,16,0,0,-200,0,0,0,0,80,204,-28,32,200,33,34,35,35,30,38,123,122,122,122,121,122,-999,-999,-1.96
0.9136769771575928,-0.11277512089809515,0.43038668587640394,-0.10203463319351465,1.3072707891860824,-0.05600397160245541,0.277964262279343,-0.11277512089809515,0.404302644308137,-0.17721804712557807,1.313408210731557,-0.06367574853429861,0.08947347498262113,0,3,14,1,0,20,0,0,-200,0,0,0,0,80,212,-28,32,200,34,34,35,35,30,38,123,121,122,121,122,122,-999,-999,-1.96
0.9302768707275391,-0.11277512089809515,0.43038668587640394,-0.10510334396625193,1.3072707891860824,-0.05600397160245541,0.277964262279343,-0.11277512089809515,0.404302644308137,-0.18335546867105265,1.313408210731557,-0.06367574853429861,0.08947347498262113,0,3,13,1,1,17,0,0,-200,0,0,0,0,80,212,-28,32,200,34,34,35,35,30,38,123,122,122,121,121,122,-999,-999,-1.96
0.9461140632629395,-0.11277512089809515,0.43038668587640394,-0.10970641012535785,1.3072707891860824,-0.05600397160245541,0.277964262279343,-0.11277512089809515,0.404302644308137,-0.18642417944378992,1.313408210731557,-0.06367574853429861,0.08947347498262113,0,3,14,0,1,19,0,0,-200,0,0,0,0,80,204,-28,32,200,33,34,35,35,30,38,123,121,122,121,121,121,-999,-999,-1.96
0.9622859954833984,-0.11277512089809515,0.43038668587640394,-0.11430947628446378,1.3072707891860824,-0.05600397160245541,0.277964262279343,-0.11124076551172649,0.404302644308137,-0.19102724560289586,1.313408210731557,-0.06367574853429861,0.08947347498262113,0,3,19,1,1,19,0,0,-150,0,0,0,0,80,220,-28,32,200,34,34,35,35,30,38,123,121,123,121,121,121,-999,-999,-1.96
0.978144645690918,-0.11277512089809515,0.43038668587640394,-0.11737818705720107,1.3072707891860824,-0.05600397160245541,0.277964262279343,-0.11124076551172649,0.404302644308137,-0.19563031176200177,1.313408210731557,-0.06367574853429861,0.08947347498262113,0,3,19,0,1,19,0,0,-150,0,0,0,0,80,212,-28,32,200,33,34,35,35,30,38,123,122,122,121,121,121,-999,-999,-1.96
0.9946978092193604,-0.11277512089809515,0.43038668587640394,-0.12198125321630698,1.3072707891860824,-0.05600397160245541,0.277964262279343,-0.11124076551172649,0.404302644308137,-0.2002333779211077,1.313408210731557,-0.06367574853429861,0.08947347498262113,0,3,17,0,0,19,0,0,-150,0,0,0,0,80,220,-28,32,200,34,34,35,35,30,38,123,122,122,121,121,122,-999,-999,-1.96
1.011120319366455,-0.11277512089809515,0.43038668587640394,-0.12504996398904428,1.3072707891860824,-0.05600397160245541,0.277964262279343,-0.11124076551172649,0.404302644308137,-0.20483644408021362,1.313408210731557,-0.06367574853429861,0.08947347498262113,0,3,24,0,0,16,0,0,-150,0,0,0,0,80,220,-28,32,200,34,34,35,35,30,38,123,121,121,121,121,122,-999,-999,-1.96
1.0271639823913574,-0.11277512089809515,0.43038668587640394,-0.12811867476178154,1.3072707891860824,-0.05600397160245541,0.277964262279343,-0.11124076551172649,0.404302644308137,-0.2079051548529509,1.313408210731557,-0.06367574853429861,0.08947347498262113,0,3,16,1,1,16,0,0,-150,0,0,0,0,80,220,-28,32,200,34,34,35,35,30,38,123,122,122,121,121,121,-999,-999,-1.96
1.044137954711914,-0.11277512089809515,0.43038668587640394,-0.13425609630725613,1.3072707891860824,-0.05600397160245541,0.277964262279343,-0.11124076551172649,0.404302644308137,-0.21250822101205682,1.313408210731557,-0.06367574853429861,0.08947347498262113,0,3,19,0,1,17,0,0,-150,0,0,0,0,80,220,-28,32,200,33,34,35,35,30,38,123,122,122,121,121,122,-999,-999,-1.96
1.059295415878296,-0.11277512089809515,0.43038668587640394,-0.1373248070799934,1.3072707891860824,-0.05600397160245541,0.277964262279343,-0.10970641012535785,0.404302644308137,-0.21711128717116276,1.313408210731557,-0.06367574853429861,0.08947347498262113,0,3,16,1,1,17,0,0,-200,0,0,0,0,80,212,-28,32,200,34,34,35,35,30,38,123,121,122,121,121,121,-999,-999,-1.96
1.075244665145874,-0.11277512089809515,0.43038668587640394,-0.1419278732390993,1.3072707891860824,-0.05600397160245541,0.277964262279343,-0.10663769935262057,0.404302644308137,-0.22017999794390003,1.313408210731557,-0.06367574853429861,0.08947347498262113,1,3,20,0,1,20,0,0,-150,0,0,0,-20,80,220,-28,32,200,34,34,35,35,30,38,123,121,122,121,121,122,-999,-999,-1.96
1.0912303924560547,-0.11277512089809515,0.43038668587640394,-0.14499658401183663,1.3072707891860824,-0.05600397160245541,0.277964262279343,-0.1035689885798833,0.404302644308137,-0.22324870871663732,1.313408210731557,-0.06367574853429861,0.08947347498262113,0,3,19,1,1,20,0,0,-150,0,0,0,-32,80,220,-28,32,200,34,34,35,35,30,38,123,121,122,121,121,122,-999,-999,-1.96
1.107311487197876,-0.11277512089809515,0.43038668587640394,-0.1480652947845739,1.3072707891860824,-0.05600397160245541,0.277964262279343,-0.10203463319351465,0.404302644308137,-0.22631741948937462,1.313408210731557,-0.06367574853429861,0.08947347498262113,1,3,19,0,1,17,0,0,-150,0,0,0,-48,80,208,-28,32,200,33,34,35,35,30,38,123,122,122,121,121,122,-999,-999,-1.96
1.1237363815307617,-0.11277512089809515,0.43038668587640394,-0.1526683609436798,1.3072707891860824,-0.05600397160245541,0.277964262279343,-0.100500277807146,0.404302644308137,-0.22938613026211188,1.313408210731557,-0.06367574853429861,0.08947347498262113,1,3,19,0,1,19,0,0,-150,0,0,0,-48,80,212,-28,32,200,33,34,35,35,30,38,123,121,121,121,121,122,-999,-999,-1.96
1.1381454467773438,-0.11277512089809515,0.43038668587640394,-0.1557370717164171,1.3072707891860824,-0.05600397160245541,0.277964262279343,-0.100500277807146,0.404302644308137,-0.23245484103484917,1.313408210731557,-0.06367574853429861,0.08947347498262113,0,2,13,0,1,16,0,0,-150,0,0,0,-48,80,208,-28,32,200,34,34,35,35,30,38,123,121,122,121,121,122,-999,-999,-1.96
1.1557397842407227,-0.11124076551172649,0.43038668587640394,-0.15880578248915436,1.3072707891860824,-0.05600397160245541,0.277964262279343,-0.100500277807146,0.404302644308137,-0.23552355180758644,1.313408210731557,-0.06367574853429861,0.08947347498262113,0,3,14,0,1,16,0,0,-150,0,0,0,-48,80,204,-28,32,200,33,34,35,35,30,38,124,122,122,121,121,121,-999,-999,-1.96
1.1713171005249023,-0.11124076551172649,0.43038668587640394,-0.1634088486482603,1.3072707891860824,-0.05600397160245541,0.277964262279343,-0.09896592242077737,0.404302644308137,-0.24012661796669238,1.313408210731557,-0.06367574853429861,0.08947347498262113,1,3,18,1,1,21,50,0,-150,0,0,0,-40,80,204,-28,32,200,33,34,35,34,30,38,123,122,122,121,121,121,-999,-999,-1.96
1.1872966289520264,-0.11124076551172649,0.43038668587640394,-0.1680119148073662,1.3072707891860824,-0.05600397160245541,0.277964262279343,-0.09589721164804009,0.40583699969450565,-0.24319532873942967,1.313408210731557,-0.06367574853429861,0.08947347498262113,1,3,16,1,0,19,0,0,-150,0,0,0,-40,80,212,-28,32,200,33,34,35,35,30,38,123,122,122,121,121,122,-999,-999,-1.96
1.2033042907714844,-0.10970641012535785,0.43038668587640394,-0.17108062558010353,1.3072707891860824,-0.05600397160245541,0.277964262279343,-0.0928285008753028,0.40583699969450565,-0.24779839489853556,1.313408210731557,-0.06367574853429861,0.08947347498262113,1,3,22,0,1,20,0,0,-150,0,0,0,-60,76,212,-28,32,200,34,34,35,35,30,38,123,121,122,121,121,122,-999,-999,-1.96
1.2192981243133545,-0.10817205473898922,0.43038668587640394,-0.1741493363528408,1.3072707891860824,-0.05600397160245541,0.277964262279343,-0.09129414548893416,0.40583699969450565,-0.25086710567127285,1.313408210731557,-0.06367574853429861,0.08947347498262113,1,2,18,0,1,16,0,0,-150,0,0,0,-56,72,208,-28,32,200,34,34,35,35,30,38,123,121,122,121,121,121,-999,-999,-1.96
1.2352955341339111,-0.10510334396625193,0.43038668587640394,-0.17721804712557807,1.3072707891860824,-0.05600397160245541,0.277964262279343,-0.09129414548893416,0.40737135508087424,-0.2554701718303788,1.313408210731557,-0.06367574853429861,0.08947347498262113,1,3,22,0,1,18,100,0,-150,0,0,0,-52,76,212,-28,32,200,33,34,35,35,30,38,123,121,122,121,121,121,-999,-999,-1.96
1.2521700859069824,-0.1035689885798833,0.43038668587640394,-0.18028675789831536,1.3072707891860824,-0.05600397160245541,0.277964262279343,-0.08975979010256553,0.40737135508087424,-0.2585388826031161,1.313408210731557,-0.06367574853429861,0.08947347498262113,0,3,24,0,0,16,100,0,-100,0,0,0,-48,68,224,-28,32,200,34,34,35,35,30,38,123,121,121,121,121,121,-999,-999,-1.96
1.269139289855957,-0.10203463319351465,0.43038668587640394,-0.18488982405742127,1.3072707891860824,-0.05600397160245541,0.277964262279343,-0.08975979010256553,0.40737135508087424,-0.2616075933758534,1.313408210731557,-0.06214139314792997,0.08947347498262113,1,3,14,0,1,16,50,0,-100,0,0,0,-36,72,224,-28,32,200,33,34,35,35,30,38,123,121,122,121,121,121,-999,-999,-1.96
1.2841460704803467,-0.09896592242077737,0.43038668587640394,-0.1879585348301586,1.3088051445724511,-0.05600397160245541,0.277964262279343,-0.08975979010256553,0.40737135508087424,-0.26314194876222197,1.3118738553451885,-0.06214139314792997,0.08947347498262113,1,3,21,0,0,17,100,0,-100,0,0,0,-40,72,208,-20,24,200,34,34,35,35,30,38,123,121,122,121,121,122,-999,-999,-1.96
1.300342082977295,-0.09743156703440872,0.43038668587640394,-0.19102724560289586,1.3088051445724511,-0.05600397160245541,0.277964262279343,-0.08975979010256553,0.40737135508087424,-0.2662106595349593,1.3103394999588198,-0.06214139314792997,0.08947347498262113,0,2,14,1,0,16,100,0,-200,0,0,0,-24,72,204,0,28,200,34,34,35,35,30,38,123,122,122,122,121,121,-999,-999,-1.96
1.316178798675537,-0.09436285626167144,0.43038668587640394,-0.19409595637563312,1.3088051445724511,-0.05600397160245541,0.277964262279343,-0.08822543471619687,0.40737135508087424,-0.26927937030769655,1.3103394999588198,-0.06214139314792997,0.08947347498262113,0,2,21,1,0,19,100,0,-100,50,0,0,-20,72,208,28,28,200,33,34,35,35,30,38,123,121,122,118,121,122,-999,-999,-1.96
1.3321738243103027,-0.0928285008753028,0.43038668587640394,-0.19716466714837041,1.3088051445724511,-0.05600397160245541,0.277964262279343,-0.0851567239434596,0.40737135508087424,-0.2738824364668025,1.3103394999588198,-0.06214139314792997,0.08947347498262113,1,2,25,0,1,16,100,0,-150,0,0,0,-20,72,208,0,28,200,33,34,35,35,30,38,123,121,122,121,121,122,-999,-999,-1.96
1.3477356433868408,-0.0928285008753028,0.43038668587640394,-0.2002333779211077,1.3088051445724511,-0.05600397160245541,0.277964262279343,-0.08362236855709095,0.40737135508087424,-0.2769511472395398,1.3103394999588198,-0.06214139314792997,0.08947347498262113,1,3,17,0,1,18,50,0,-150,0,0,0,-32,72,212,0,28,200,34,34,35,35,30,38,123,121,122,121,121,121,-999,-999,-1.96
1.3637487888336182,-0.09129414548893416,0.43038668587640394,-0.20483644408021362,1.3088051445724511,-0.05600397160245541,0.277964262279343,-0.08208801317072231,0.40737135508087424,-0.28155421339864567,1.3103394999588198,-0.06214139314792997,0.08947347498262113,0,3,16,0,0,20,0,0,-150,0,0,0,-44,72,212,0,28,200,33,34,35,35,30,38,123,122,122,121,121,121,-999,-999,-1.96
1.3802969455718994,-0.08975979010256553,0.43038668587640394,-0.20943951023931956,1.3088051445724511,-0.05600397160245541,0.277964262279343,-0.08208801317072231,0.40583699969450565,-0.2861572795577516,1.3103394999588198,-0.06214139314792997,0.08947347498262113,0,3,16,0,1,17,50,0,-150,0,0,0,-32,76,204,0,28,200,33,34,35,35,30,38,123,121,122,121,121,122,-999,-999,-1.96
1.3963191509246826,-0.08975979010256553,0.43038668587640394,-0.21250822101205682,1.3088051445724511,-0.05600397160245541,0.277964262279343,-0.08208801317072231,0.40583699969450565,-0.29076034571685755,1.3103394999588198,-0.06214139314792997,0.08947347498262113,0,3,25,0,0,20,50,0,-150,0,0,0,-28,80,216,0,28,200,34,34,35,35,30,38,123,121,122,121,121,121,-999,-999,-1.96
1.4121646881103516,-0.08975979010256553,0.43038668587640394,-0.21557693178479412,1.3088051445724511,-0.05600397160245541,0.277964262279343,-0.08055365778435367,0.40583699969450565,-0.2953634118759635,1.3103394999588198,-0.06214139314792997,0.08947347498262113,0,2,21,0,0,16,50,0,-150,0,0,0,-28,76,220,0,28,200,33,34,35,35,30,38,123,121,122,121,121,122,-999,-999,-1.96
1.428354263305664,-0.08975979010256553,0.43038668587640394,-0.22017999794390003,1.3088051445724511,-0.05600397160245541,0.277964262279343,-0.08055365778435367,0.40583699969450565,-0.2999664780350694,1.3103394999588198,-0.06214139314792997,0.08947347498262113,0,2,20,0,1,16,0,0,-100,0,0,0,-36,76,224,0,28,200,34,34,35,35,30,38,123,121,122,121,121,121,-999,-999,-1.96
1.4441847801208496,-0.08975979010256553,0.43038668587640394,-0.22324870871663732,1.3088051445724511,-0.05600397160245541,0.277964262279343,-0.08055365778435367,0.40583699969450565,-0.30456954419417526,1.3103394999588198,-0.06060703776156134,0.08947347498262113,1,3,17,0,0,16,0,0,-100,0,0,0,-40,76,224,0,28,200,33,34,35,35,30,39,123,121,122,121,121,121,-999,-999,-1.96
1.4603054523468018,-0.08975979010256553,0.43038668587640394,-0.22631741948937462,1.3088051445724511,-0.05600397160245541,0.277964262279343,-0.08055365778435367,0.404302644308137,-0.3107069657396499,1.3103394999588198,-0.06060703776156134,0.08947347498262113,0,3,19,0,1,16,0,0,-150,0,0,0,-36,80,228,0,20,200,34,34,35,35,30,38,123,122,122,121,121,121,-999,-999,-1.96
1.475795030593872,-0.08975979010256553,0.43038668587640394,-0.2309204856484805,1.3088051445724511,-0.05600397160245541,0.277964262279343,-0.08055365778435367,0.404302644308137,-0.31684438728512443,1.3103394999588198,-0.06060703776156134,0.08947347498262113,0,4,21,0,1,16,0,0,-200,0,0,0,-36,84,232,0,24,200,33,34,35,35,30,38,123,121,122,121,121,121,-999,-999,-1.96
1.492826223373413,-0.08975979010256553,0.43038668587640394,-0.23552355180758644,1.3088051445724511,-0.05600397160245541,0.277964262279343,-0.08055365778435367,0.404302644308137,-0.3214474534442303,1.3103394999588198,-0.06060703776156134,0.08947347498262113,0,3,19,0,1,16,0,0,-150,0,0,0,-36,80,244,0,24,200,34,34,35,35,30,38,123,121,122,121,121,121,-999,-999,-1.96
1.5082416534423828,-0.08975979010256553,0.43038668587640394,-0.24166097335306103,1.3088051445724511,-0.05600397160245541,0.277964262279343,-0.08055365778435367,0.404302644308137,-0.32758487498970495,1.3103394999588198,-0.06060703776156134,0.08947347498262113,1,3,16,0,0,17,0,0,-200,0,0,0,-36,80,244,0,24,200,33,34,35,35,30,38,123,122,122,121,121,122,-999,-999,-1.96
1.5242583751678467,-0.08975979010256553,0.43038668587640394,-0.24626403951216694,1.3088051445724511,-0.05600397160245541,0.277964262279343,-0.08055365778435367,0.404302644308137,-0.33218794114881084,1.3103394999588198,-0.06060703776156134,0.08947347498262113,1,3,23,0,0,16,0,0,-250,0,0,0,-36,80,224,0,24,200,33,34,35,35,30,38,123,121,122,121,121,122,-999,-999,-1.96
1.5411789417266846,-0.08975979010256553,0.43038668587640394,-0.25086710567127285,1.3088051445724511,-0.05600397160245541,0.277964262279343,-0.08055365778435367,0.404302644308137,-0.3367910073079168,1.3103394999588198,-0.06060703776156134,0.08947347498262113,1,2,21,0,0,16,0,0,-250,0,0,0,-36,80,236,0,24,200,33,34,35,35,30,38,123,121,122,121,121,121,-999,-999,-1.96
1.557225227355957,-0.08975979010256553,0.43038668587640394,-0.2554701718303788,1.3088051445724511,-0.05600397160245541,0.277964262279343,-0.08055365778435367,0.404302644308137,-0.34292842885339136,1.3103394999588198,-0.06060703776156134,0.08947347498262113,0,3,19,0,0,20,0,0,-150,0,0,0,-36,80,232,0,24,200,34,34,35,35,30,38,123,121,122,121,121,121,-999,-999,-1.96
1.573348045349121,-0.08975979010256553,0.43038668587640394,-0.26007323798948473,1.3088051445724511,-0.05600397160245541,0.277964262279343,-0.08055365778435367,0.404302644308137,-0.34753149501249725,1.3103394999588198,-0.06060703776156134,0.08947347498262113,1,3,21,0,0,16,0,0,-200,0,0,0,-36,80,240,0,24,200,33,34,35,35,30,38,123,121,122,121,121,122,-999,-999,-1.96
1.5893528461456299,-0.08975979010256553,0.43038668587640394,-0.2662106595349593,1.3088051445724511,-0.05600397160245541,0.277964262279343,-0.08055365778435367,0.404302644308137,-0.3521345611716032,1.3103394999588198,-0.06060703776156134,0.08947347498262113,1,3,18,0,1,17,0,0,-200,0,0,0,-36,80,236,0,24,200,34,34,35,35,30,38,123,121,121,122,121,121,-999,-999,-1.96
1.6057848930358887,-0.08975979010256553,0.43038668587640394,-0.2708137256940652,1.3088051445724511,-0.05600397160245541,0.277964262279343,-0.08055365778435367,0.404302644308137,-0.3582719827170778,1.3103394999588198,-0.06060703776156134,0.08947347498262113,0,3,27,0,0,21,0,0,-200,0,0,0,-36,80,236,0,24,200,33,34,35,35,30,38,123,121,122,121,121,121,-999,-999,-1.96
1.621352195739746,-0.08975979010256553,0.43038668587640394,-0.27541679185317114,1.3088051445724511,-0.05600397160245541,0.277964262279343,-0.08055365778435367,0.404302644308137,-0.3628750488761837,1.3103394999588198,-0.06060703776156134,0.08947347498262113,1,3,19,0,0,16,0,0,-200,0,0,0,-36,80,236,0,24,200,33,34,35,35,30,38,123,121,122,121,121,122,-999,-999,-1.96
1.6372199058532715,-0.08975979010256553,0.43038668587640394,-0.28155421339864567,1.3088051445724511,-0.05600397160245541,0.277964262279343,-0.08055365778435367,0.404302644308137,-0.3674781150352896,1.3103394999588198,-0.06060703776156134,0.08947347498262113,0,3,19,0,0,17,0,0,-200,0,0,0,-36,80,240,0,24,200,34,34,35,35,30,38,123,121,122,121,121,122,-999,-999,-1.96
1.6537973880767822,-0.08975979010256553,0.43038668587640394,-0.2861572795577516,1.3088051445724511,-0.05600397160245541,0.277964262279343,-0.08055365778435367,0.404302644308137,-0.3720811811943955,1.3103394999588198,-0.06060703776156134,0.08947347498262113,0,3,25,0,0,16,0,0,-200,0,0,0,-36,80,224,0,24,200,34,34,35,35,30,38,123,121,122,121,121,121,-999,-999,-1.96
1.6702313423156738,-0.08975979010256553,0.43038668587640394,-0.29076034571685755,1.3088051445724511,-0.05600397160245541,0.277964262279343,-0.08055365778435367,0.404302644308137,-0.3782186027398701,1.3103394999588198,-0.06060703776156134,0.08947347498262113,0,3,18,0,0,17,0,0,-200,0,0,0,-36,80,232,0,24,200,34,34,35,35,30,38,123,121,122,121,121,122,-999,-999,-1.96
1.6862330436706543,-0.08975979010256553,0.43038668587640394,-0.2953634118759635,1.3088051445724511,-0.05600397160245541,0.277964262279343,-0.08055365778435367,0.404302644308137,-0.382821668898976,1.3103394999588198,-0.06060703776156134,0.08947347498262113,1,3,23,0,0,18,0,0,-200,0,0,0,-36,80,236,0,24,200,33,34,35,35,30,38,123,121,122,121,121,122,-999,-999,-1.96
1.7014083862304688,-0.08975979010256553,0.43038668587640394,-0.2999664780350694,1.3088051445724511,-0.05600397160245541,0.277964262279343,-0.08055365778435367,0.404302644308137,-0.38742473505808195,1.3103394999588198,-0.06060703776156134,0.08947347498262113,1,3,19,0,1,16,0,0,-200,0,0,0,-36,80,248,0,24,200,33,34,35,35,30,38,123,121,122,121,121,121,-999,-999,-1.96
1.717393398284912,-0.08975979010256553,0.43038668587640394,-0.30456954419417526,1.3088051445724511,-0.05600397160245541,0.277964262279343,-0.08055365778435367,0.40583699969450565,-0.39202780121718783,1.3103394999588198,-0.06060703776156134,0.08947347498262113,0,3,19,0,1,19,0,0,-150,0,0,0,-36,80,232,0,24,200,34,34,35,35,30,38,123,121,122,121,121,122,-999,-999,-1.96
1.7333943843841553,-0.08975979010256553,0.43038668587640394,-0.30917261035328125,1.3088051445724511,-0.05600397160245541,0.277964262279343,-0.08055365778435367,0.40583699969450565,-0.3950965119899252,1.3103394999588198,-0.06060703776156134,0.08947347498262113,1,3,22,0,1,16,0,0,-250,0,0,0,-36,72,236,0,24,200,34,34,35,35,30,38,123,121,122,121,121,122,-999,-999,-1.96
1.7488269805908203,-0.08975979010256553,0.43038668587640394,-0.31377567651238714,1.3088051445724511,-0.05600397160245541,0.277964262279343,-0.08055365778435367,0.40583699969450565,-0.3981652227626624,1.3103394999588198,-0.05907268237519269,0.08947347498262113,1,2,20,0,0,16,0,0,-150,0,0,0,-36,76,228,0,24,200,33,34,35,35,30,38,123,122,122,121,121,122,-999,-999,-1.96
1.7652769088745117,-0.08975979010256553,0.43038668587640394,-0.3183787426714931,1.3088051445724511,-0.05600397160245541,0.277964262279343,-0.08055365778435367,0.40583699969450565,-0.40276828892176836,1.3103394999588198,-0.05907268237519269,0.08947347498262113,1,3,16,0,0,21,0,0,-200,0,0,0,-36,76,224,0,20,200,34,34,35,35,30,38,123,121,123,121,121,122,-999,-999,-1.96
1.7812299728393555,-0.08975979010256553,0.43038668587640394,-0.322981808830599,1.3088051445724511,-0.05600397160245541,0.277964262279343,-0.08055365778435367,0.40583699969450565,-0.40737135508087424,1.3088051445724511,-0.05907268237519269,0.08947347498262113,1,3,22,0,0,19,0,0,-200,0,0,0,-36,76,220,0,0,200,34,34,35,35,30,38,123,121,122,121,121,122,-999,-999,-1.96
1.7982470989227295,-0.08975979010256553,0.43038668587640394,-0.3260505196033363,1.3088051445724511,-0.05600397160245541,0.277964262279343,-0.08055365778435367,0.40583699969450565,-0.4104400658536116,1.3088051445724511,-0.05907268237519269,0.08947347498262113,1,2,25,0,0,16,0,0,-200,0,0,0,-36,76,240,0,20,200,33,34,35,35,30,38,123,121,122,121,121,121,-999,-999,-1.96
1.813262939453125,-0.08975979010256553,0.43038668587640394,-0.3306535857624422,1.3088051445724511,-0.05600397160245541,0.277964262279343,-0.08055365778435367,0.40583699969450565,-0.4150431320127175,1.3088051445724511,-0.05907268237519269,0.08947347498262113,0,3,17,0,1,16,0,0,-100,0,0,0,-36,76,224,0,20,200,33,34,35,35,30,38,123,121,122,121,121,122,-999,-999,-1.96
1.8292474746704102,-0.08975979010256553,0.43038668587640394,-0.3337222965351795,1.3088051445724511,-0.05600397160245541,0.277964262279343,-0.08055365778435367,0.40583699969450565,-0.4196461981718234,1.3088051445724511,-0.05907268237519269,0.08947347498262113,1,3,26,0,0,16,0,0,-200,0,0,0,-36,76,236,0,20,200,33,34,35,35,30,38,123,121,122,121,121,120,-999,-999,-1.96
1.845388650894165,-0.08975979010256553,0.43038668587640394,-0.33832536269428537,1.3088051445724511,-0.05600397160245541,0.277964262279343,-0.08055365778435367,0.40583699969450565,-0.42578361971729795,1.3088051445724511,-0.05753832698882405,0.08947347498262113,1,3,23,0,0,18,0,0,-150,0,0,0,-36,76,240,0,20,200,33,34,35,35,30,38,123,121,122,121,121,122,-999,-999,-1.96
1.8618249893188477,-0.08975979010256553,0.43038668587640394,-0.34292842885339136,1.3088051445724511,-0.05600397160245541,0.277964262279343,-0.08055365778435367,0.40583699969450565,-0.43038668587640394,1.3088051445724511,-0.05753832698882405,0.08947347498262113,0,2,20,0,0,19,0,0,-150,0,0,0,-36,76,236,0,-20,200,34,34,35,35,30,38,122,121,122,121,121,121,-999,-999,-1.96
1.8782389163970947,-0.08975979010256553,0.43038668587640394,-0.3490658503988659,1.3088051445724511,-0.05600397160245541,0.277964262279343,-0.08055365778435367,0.40583699969450565,-0.43652410742187847,1.3088051445724511,-0.05753832698882405,0.08947347498262113,1,3,20,0,0,16,0,0,-200,0,0,0,-36,76,248,0,0,200,34,34,35,35,30,38,123,121,122,121,121,122,-999,-999,-1.96
1.8942615985870361,-0.08975979010256553,0.43038668587640394,-0.3552032719443404,1.3088051445724511,-0.05600397160245541,0.277964262279343,-0.08055365778435367,0.40737135508087424,-0.442661528967353,1.3088051445724511,-0.05753832698882405,0.08947347498262113,1,2,21,0,0,19,0,0,-200,0,0,0,-36,76,228,0,0,200,34,34,35,35,30,38,123,121,122,121,121,121,-999,-999,-1.96
1.9104111194610596,-0.08975979010256553,0.43038668587640394,-0.3582719827170778,1.3088051445724511,-0.05600397160245541,0.277964262279343,-0.08208801317072231,0.40737135508087424,-0.447264595126459,1.3088051445724511,-0.05753832698882405,0.08947347498262113,1,2,21,0,0,19,0,0,-200,0,0,0,-32,68,244,0,0,200,34,34,35,35,30,38,123,121,122,121,121,122,-999,-999,-1.96
1.9263865947723389,-0.08975979010256553,0.43038668587640394,-0.3628750488761837,1.3088051445724511,-0.05600397160245541,0.277964262279343,-0.08208801317072231,0.40737135508087424,-0.45033330589919623,1.3088051445724511,-0.05753832698882405,0.08947347498262113,0,2,23,0,0,18,0,0,-200,0,0,0,-28,72,244,0,0,200,33,34,35,35,30,38,122,121,122,121,121,121,-999,-999,-1.96
1.9422664642333984,-0.08975979010256553,0.43038668587640394,-0.3674781150352896,1.3088051445724511,-0.05600397160245541,0.277964262279343,-0.08362236855709095,0.40583699969450565,-0.4534020166719335,1.3072707891860824,-0.05753832698882405,0.08947347498262113,0,3,19,0,0,17,0,0,-200,0,0,0,-24,80,236,0,0,200,33,34,35,35,31,38,123,122,122,121,121,121,-999,-999,-1.96
1.9582724571228027,-0.08975979010256553,0.43038668587640394,-0.3720811811943955,1.3088051445724511,-0.05600397160245541,0.277964262279343,-0.08362236855709095,0.40583699969450565,-0.4564707274446708,1.305736433799714,-0.05753832698882405,0.08947347498262113,0,3,18,0,0,17,0,0,-200,0,0,0,-24,80,228,24,0,200,34,34,35,35,30,38,123,122,122,122,121,122,-999,-999,-1.96
1.974259853363037,-0.08975979010256553,0.43038668587640394,-0.3766842473535015,1.3088051445724511,-0.05600397160245541,0.277964262279343,-0.08362236855709095,0.404302644308137,-0.4564707274446708,1.2995990122542393,-0.05753832698882405,0.08947347498262113,0,3,18,0,0,19,0,0,-150,0,0,0,-28,80,220,28,0,200,34,34,35,35,30,38,123,121,121,121,121,121,-999,-999,-1.96
1.990255355834961,-0.08975979010256553,0.43038668587640394,-0.37975295812623877,1.3088051445724511,-0.05600397160245541,0.277964262279343,-0.08362236855709095,0.404302644308137,-0.4564707274446708,1.291927235322396,-0.05753832698882405,0.08947347498262113,1,3,16,1,0,16,0,0,-150,0,0,0,-28,84,204,44,0,200,33,34,35,35,30,38,123,121,122,121,121,122,-999,-999,-1.96
2.0062716007232666,-0.08975979010256553,0.43038668587640394,-0.382821668898976,1.3088051445724511,-0.05600397160245541,0.277964262279343,-0.08362236855709095,0.40276828892176836,-0.4549363720583022,1.2842554583905528,-0.05753832698882405,0.08947347498262113,1,3,16,2,0,17,0,0,-150,0,0,0,-28,84,196,80,0,200,33,34,35,35,30,38,123,121,122,121,121,122,-999,-999,-1.96
2.0232796669006348,-0.08975979010256553,0.43038668587640394,-0.38435602428534466,1.3072707891860824,-0.05600397160245541,0.277964262279343,-0.08362236855709095,0.40276828892176836,-0.4549363720583022,1.2781180368450782,-0.05753832698882405,0.08947347498262113,0,4,18,4,0,18,0,0,-150,0,0,0,-28,88,184,108,0,200,33,34,35,35,30,38,123,121,122,121,121,122,-999,-999,-1.96
2.0392842292785645,-0.08975979010256553,0.43038668587640394,-0.3858903796717133,1.3042020784133452,-0.05600397160245541,0.277964262279343,-0.0851567239434596,0.40276828892176836,-0.4549363720583022,1.270446259913235,-0.05753832698882405,0.08947347498262113,0,3,17,1,0,17,0,0,-150,-100,0,0,-24,88,180,100,0,200,33,34,35,35,30,38,123,121,122,121,121,122,-999,-999,-1.96
2.054269790649414,-0.08975979010256553,0.43038668587640394,-0.3858903796717133,1.2995990122542393,-0.05600397160245541,0.277964262279343,-0.0851567239434596,0.40276828892176836,-0.4549363720583022,1.2627744829813918,-0.05753832698882405,0.08947347498262113,0,3,16,3,0,16,0,0,-50,-100,0,0,-20,84,188,104,0,200,34,34,35,35,30,38,123,121,121,121,121,121,-999,-999,-1.96
2.070256471633911,-0.08975979010256553,0.43038668587640394,-0.3858903796717133,1.2949959460951335,-0.05600397160245541,0.277964262279343,-0.0851567239434596,0.40276828892176836,-0.4534020166719335,1.2504996398904427,-0.05753832698882405,0.08947347498262113,0,3,21,3,0,16,0,0,0,-150,0,0,-24,84,192,116,0,200,33,34,35,35,30,38,123,121,122,121,121,122,-999,-999,-1.96
2.086278200149536,-0.08975979010256553,0.43038668587640394,-0.3858903796717133,1.2888585245496587,-0.05600397160245541,0.277964262279343,-0.0851567239434596,0.40276828892176836,-0.4518676612855649,1.2382247967994937,-0.05753832698882405,0.08947347498262113,1,3,15,4,0,19,0,0,0,-200,0,0,-24,84,184,132,0,200,34,34,35,35,30,38,123,121,122,121,121,121,-999,-999,-1.96
2.10244083404541,-0.08975979010256553,0.43038668587640394,-0.3858903796717133,1.2811867476178154,-0.05600397160245541,0.277964262279343,-0.0851567239434596,0.40276828892176836,-0.45033330589919623,1.2244155983221758,-0.05753832698882405,0.08947347498262113,0,3,14,5,0,17,0,0,0,-250,0,0,-24,84,180,144,0,200,34,34,35,35,30,38,123,121,122,121,121,121,-999,-999,-1.96
2.1182820796966553,-0.08975979010256553,0.43038668587640394,-0.3858903796717133,1.2735149706859723,-0.05600397160245541,0.277964262279343,-0.0851567239434596,0.40276828892176836,-0.45033330589919623,1.2121407552312267,-0.05753832698882405,0.08947347498262113,0,3,13,5,0,17,0,0,0,-250,0,0,-24,84,176,160,0,200,33,34,35,35,30,38,123,121,122,121,121,122,-999,-999,-1.96
2.1342642307281494,-0.08975979010256553,0.43192104126277253,-0.3858903796717133,1.265843193754129,-0.05600397160245541,0.277964262279343,-0.0851567239434596,0.40276828892176836,-0.4487989505128276,1.1983315567539088,-0.05753832698882405,0.08947347498262113,0,3,18,6,0,22,0,0,0,-250,0,0,-24,88,176,172,0,200,33,34,35,35,30,38,123,121,122,121,121,121,-999,-999,-1.96
2.1504335403442383,-0.08975979010256553,0.43192104126277253,-0.3858903796717133,1.2551027060495485,-0.05600397160245541,0.277964262279343,-0.0851567239434596,0.40276828892176836,-0.4487989505128276,1.1860567136629598,-0.05753832698882405,0.08947347498262113,0,3,15,5,0,16,0,50,0,-350,0,0,-24,92,172,184,0,200,34,34,35,35,30,38,123,121,122,121,121,122,-999,-999,-1.96
2.1673026084899902,-0.08975979010256553,0.43192104126277253,-0.3858903796717133,1.2443622183449683,-0.05600397160245541,0.277964262279343,-0.0851567239434596,0.40276828892176836,-0.4487989505128276,1.1737818705720107,-0.05753832698882405,0.08947347498262113,1,4,13,5,0,22,0,0,0,-400,0,0,-24,88,176,180,0,200,34,34,35,35,30,38,123,121,122,121,121,122,-999,-999,-1.96
2.1833271980285645,-0.08975979010256553,0.43192104126277253,-0.3858903796717133,1.2336217306403878,-0.05600397160245541,0.277964262279343,-0.0851567239434596,0.40276828892176836,-0.4487989505128276,1.1630413828674302,-0.05753832698882405,0.08947347498262113,0,3,14,5,0,16,0,0,0,-450,0,0,-24,88,176,188,0,200,33,34,35,35,30,38,123,121,122,121,121,121,-999,-999,-1.96
2.1994707584381104,-0.08975979010256553,0.43192104126277253,-0.3858903796717133,1.2213468875494384,-0.05600397160245541,0.277964262279343,-0.0851567239434596,0.40276828892176836,-0.4487989505128276,1.1507665397764808,-0.05753832698882405,0.08947347498262113,0,3,13,3,0,17,0,0,0,-400,0,0,-24,88,176,180,0,200,34,34,35,35,30,38,123,121,122,121,121,121,-999,-999,-1.96
2.215883493423462,-0.08975979010256553,0.43192104126277253,-0.3858903796717133,1.210606399844858,-0.05600397160245541,0.277964262279343,-0.0851567239434596,0.40276828892176836,-0.4487989505128276,1.1400260520719006,-0.05753832698882405,0.08947347498262113,0,3,18,5,0,20,0,0,0,-400,0,0,-24,88,176,184,0,200,34,34,35,35,30,38,123,121,121,121,121,121,-999,-999,-1.96
2.231349229812622,-0.08975979010256553,0.43192104126277253,-0.3858903796717133,1.1998659121402775,-0.05600397160245541,0.277964262279343,-0.0851567239434596,0.40276828892176836,-0.4487989505128276,1.1308199197536886,-0.05753832698882405,0.08947347498262113,0,3,16,5,0,17,0,0,0,-450,0,0,-24,88,176,188,0,200,33,34,35,35,30,38,123,121,122,121,121,121,-999,-999,-1.96
2.2464261054992676,-0.08975979010256553,0.43192104126277253,-0.3858903796717133,1.189125424435697,-0.05600397160245541,0.277964262279343,-0.0851567239434596,0.40276828892176836,-0.4487989505128276,1.1231481428218455,-0.05753832698882405,0.08947347498262113,1,4,17,4,0,16,0,0,0,-450,0,0,-24,88,176,184,0,200,33,34,35,35,30,38,123,121,122,121,121,122,-999,-999,-1.96
2.2634267807006836,-0.08975979010256553,0.43192104126277253,-0.3858903796717133,1.1783849367311166,-0.05600397160245541,0.277964262279343,-0.0851567239434596,0.40276828892176836,-0.4487989505128276,1.1139420105036337,-0.05753832698882405,0.08947347498262113,1,4,18,4,0,18,0,0,0,-450,0,0,-24,88,176,172,0,200,33,34,35,35,30,38,123,121,122,121,121,121,-999,-999,-1.96
2.2794511318206787,-0.08975979010256553,0.43192104126277253,-0.3858903796717133,1.1691788044129048,-0.05600397160245541,0.277964262279343,-0.08669107932982824,0.40276828892176836,-0.4487989505128276,1.1047358781854217,-0.05753832698882405,0.08947347498262113,0,4,14,3,0,17,0,0,0,-400,0,0,-20,88,176,148,0,200,34,34,35,35,30,38,123,121,122,121,121,122,-999,-999,-1.96
2.2958860397338867,-0.08975979010256553,0.43192104126277253,-0.3858903796717133,1.159972672094693,-0.05600397160245541,0.277964262279343,-0.08669107932982824,0.40276828892176836,-0.4487989505128276,1.0970641012535784,-0.05753832698882405,0.08947347498262113,0,3,13,5,0,21,0,0,0,-400,0,0,0,88,176,152,0,200,33,34,35,35,30,38,123,121,122,121,121,121,-999,-999,-1.96
2.3123016357421875,-0.08975979010256553,0.43192104126277253,-0.3858903796717133,1.1492321843901123,-0.05600397160245541,0.277964262279343,-0.08669107932982824,0.40276828892176836,-0.4487989505128276,1.0893923243217354,-0.05753832698882405,0.08947347498262113,0,4,13,4,0,22,0,0,0,-400,0,0,-20,88,176,168,0,200,34,34,35,35,30,38,123,121,122,121,121,122,-999,-999,-1.96
2.3274354934692383,-0.08975979010256553,0.43192104126277253,-0.3858903796717133,1.1400260520719006,-0.05600397160245541,0.277964262279343,-0.08669107932982824,0.4012339335353997,-0.4487989505128276,1.0801861920035236,-0.05753832698882405,0.08947347498262113,0,4,14,4,0,19,0,0,0,-400,0,0,-20,92,176,156,0,200,33,34,35,35,30,38,123,122,120,121,121,121,-999,-999,-1.96
2.34330415725708,-0.08975979010256553,0.43192104126277253,-0.3858903796717133,1.1323542751400573,-0.05600397160245541,0.277964262279343,-0.08669107932982824,0.4012339335353997,-0.4487989505128276,1.0709800596853116,-0.05753832698882405,0.08947347498262113,0,4,18,3,0,17,0,0,0,-400,0,0,-20,96,176,156,0,200,33,34,35,35,30,38,123,121,122,121,121,122,-999,-999,-1.96
2.358875036239624,-0.08975979010256553,0.43192104126277253,-0.3858903796717133,1.1231481428218455,-0.05600397160245541,0.277964262279343,-0.08669107932982824,0.4012339335353997,-0.4487989505128276,1.0633082827534683,-0.05753832698882405,0.08947347498262113,1,4,17,5,0,17,0,0,0,-300,0,0,-20,92,176,164,0,200,33,34,35,35,30,38,123,121,122,121,121,122,-999,-999,-1.96
2.3764421939849854,-0.08975979010256553,0.43192104126277253,-0.3858903796717133,1.1139420105036337,-0.05600397160245541,0.277964262279343,-0.08669107932982824,0.39969957814903107,-0.4487989505128276,1.0541021504352566,-0.05753832698882405,0.08947347498262113,0,4,16,3,0,17,0,0,0,-400,0,0,-20,96,176,148,0,200,34,34,35,35,30,38,123,122,122,121,121,121,-999,-999,-1.96
2.3913252353668213,-0.08975979010256553,0.43192104126277253,-0.3858903796717133,1.1062702335717904,-0.05600397160245541,0.277964262279343,-0.08669107932982824,0.3950965119899252,-0.4487989505128276,1.0464303735034135,-0.05753832698882405,0.08947347498262113,0,4,19,4,0,17,0,0,0,-400,0,0,-20,104,176,148,0,200,33,34,35,35,30,38,123,122,122,121,121,121,-999,-999,-1.96
2.408317804336548,-0.08975979010256553,0.43192104126277253,-0.3858903796717133,1.0970641012535784,-0.05600397160245541,0.277964262279343,-0.08822543471619687,0.3904934458308192,-0.4487989505128276,1.0372242411852015,-0.05753832698882405,0.08947347498262113,0,7,13,4,0,16,0,0,0,-350,0,0,0,120,176,160,0,200,34,34,35,35,30,38,123,121,122,121,121,122,-999,-999,-1.96
2.424367666244507,-0.08975979010256553,0.43192104126277253,-0.3858903796717133,1.0893923243217354,-0.05600397160245541,0.277964262279343,-0.08822543471619687,0.3858903796717133,-0.447264595126459,1.0295524642533582,-0.05753832698882405,0.08947347498262113,0,8,17,4,0,17,0,0,0,-300,0,0,20,140,176,160,0,200,33,34,35,35,30,38,123,121,122,121,121,121,-999,-999,-1.96
2.440474033355713,-0.08975979010256553,0.43192104126277253,-0.3858903796717133,1.0801861920035236,-0.05600397160245541,0.277964262279343,-0.08822543471619687,0.38128731351260736,-0.447264595126459,1.0234150427078836,-0.05753832698882405,0.08947347498262113,0,9,12,5,0,20,0,0,0,-350,0,0,0,152,172,160,0,200,33,34,35,35,30,36,123,121,122,121,121,121,-999,-999,-1.96
2.456501007080078,-0.08975979010256553,0.43192104126277253,-0.3858903796717133,1.0725144150716803,-0.05600397160245541,0.277964262279343,-0.08822543471619687,0.3751498919671328,-0.447264595126459,1.0172776211624093,-0.05753832698882405,0.08947347498262113,0,11,16,4,0,17,0,0,0,-350,0,0,0,164,168,152,0,200,34,34,35,35,30,38,123,121,122,121,121,122,-999,-999,-1.96
2.4723823070526123,-0.08975979010256553,0.43192104126277253,-0.3858903796717133,1.0648426381398373,-0.05600397160245541,0.277964262279343,-0.08822543471619687,0.3705468258080269,-0.44573023974009035,1.009605844230566,-0.05753832698882405,0.08947347498262113,0,12,19,2,0,17,0,0,0,-350,0,0,0,176,172,144,0,200,33,34,35,35,30,38,123,121,121,121,121,121,-999,-999,-1.96
2.4883346557617188,-0.08975979010256553,0.43192104126277253,-0.3858903796717133,1.0587052165943625,-0.05600397160245541,0.277964262279343,-0.08822543471619687,0.3644094042625523,-0.44112717358098436,1.0034684226850914,-0.05753832698882405,0.08947347498262113,0,14,13,4,0,17,0,0,0,-300,0,0,0,200,164,136,0,200,34,34,35,35,30,38,122,121,122,121,121,122,-999,-999,-1.96
2.504509925842285,-0.08975979010256553,0.43192104126277253,-0.3858903796717133,1.0510334396625194,-0.05600397160245541,0.277964262279343,-0.08822543471619687,0.3567376273307091,-0.4334553966491412,0.9942622903668795,-0.05753832698882405,0.08947347498262113,0,18,8,4,0,16,0,0,0,-300,0,0,0,204,144,156,0,200,34,34,35,35,30,38,123,121,122,121,121,121,-999,-999,-1.96
2.520324945449829,-0.08975979010256553,0.43192104126277253,-0.3858903796717133,1.0448960181170448,-0.05600397160245541,0.277964262279343,-0.08822543471619687,0.3490658503988659,-0.4242492643309293,0.983521802662299,-0.05753832698882405,0.08947347498262113,0,26,6,4,0,16,0,0,0,-300,0,0,0,236,128,144,0,200,33,34,35,35,30,38,123,121,122,121,121,121,-999,-999,-1.96
2.537078857421875,-0.08975979010256553,0.43192104126277253,-0.3858903796717133,1.0372242411852015,-0.05600397160245541,0.277964262279343,-0.08822543471619687,0.339859718080654,-0.4150431320127175,0.9727813149577187,-0.05753832698882405,0.08947347498262113,0,35,3,6,0,19,0,0,0,-250,0,0,0,256,88,168,0,200,34,34,35,35,30,38,123,121,122,121,121,121,-999,-999,-1.96
2.552367925643921,-0.08975979010256553,0.43192104126277253,-0.3858903796717133,1.0280181088669897,-0.05600397160245541,0.277964262279343,-0.08975979010256553,0.3291192303760736,-0.40276828892176836,0.9620408272531382,-0.05753832698882405,0.08947347498262113,0,32,2,6,0,17,0,0,0,-250,0,0,0,272,60,176,0,200,34,34,35,35,30,38,122,120,121,121,120,121,-999,-999,-1.96
2.5684945583343506,-0.08975979010256553,0.43192104126277253,-0.3858903796717133,1.0188119765487778,-0.05753832698882405,0.277964262279343,-0.09129414548893416,0.3199130980578617,-0.3904934458308192,0.9513003395485576,-0.05753832698882405,0.08947347498262113,0,37,0,6,0,16,0,0,0,-350,0,0,0,304,32,188,0,200,33,34,35,35,30,38,122,120,121,120,121,121,-999,-999,-1.96
2.58449649810791,-0.08975979010256553,0.43192104126277253,-0.38435602428534466,1.0080714888441973,-0.05753832698882405,0.277964262279343,-0.09436285626167144,0.3076382549669126,-0.3766842473535015,0.9390254964576086,-0.05753832698882405,0.08947347498262113,0,55,0,5,0,17,0,0,0,-350,-50,0,20,340,-36,176,0,200,33,34,35,35,30,38,122,120,121,121,121,120,-999,-999,-1.96
2.601349115371704,-0.08975979010256553,0.4273179751036666,-0.3782186027398701,0.9973310011396169,-0.05753832698882405,0.277964262279343,-0.09743156703440872,0.2968977672623321,-0.36134069348981507,0.9252162979802908,-0.05600397160245541,0.08947347498262113,1,56,0,6,0,17,0,-50,100,-400,-50,0,36,364,-52,184,0,200,33,34,35,35,30,38,122,120,121,121,121,121,-999,-999,-1.96
2.616396188735962,-0.08975979010256553,0.4242492643309293,-0.3705468258080269,0.9865905134350363,-0.05753832698882405,0.277964262279343,-0.09896592242077737,0.2861572795577516,-0.34446278423976,0.9098727441166043,-0.05600397160245541,0.08947347498262113,1,50,0,5,0,21,0,-100,100,-500,0,0,48,380,-56,180,0,200,34,34,35,35,30,38,122,120,122,121,121,120,-999,-999,-1.96
2.6333680152893066,-0.08975979010256553,0.4196461981718234,-0.3598063381034464,0.9758500257304559,-0.05753832698882405,0.277964262279343,-0.09896592242077737,0.2738824364668025,-0.3260505196033363,0.8929948348665493,-0.05600397160245541,0.08947347498262113,1,55,0,5,0,16,0,-100,250,-500,0,0,48,388,-76,188,0,200,34,34,35,35,30,38,122,120,121,121,121,121,-999,-999,-1.96
2.6493687629699707,-0.08975979010256553,0.41197442123998024,-0.34753149501249725,0.9651095380258755,-0.05753832698882405,0.277964262279343,-0.09896592242077737,0.26314194876222197,-0.30610389958054396,0.8745825702301255,-0.05600397160245541,0.08947347498262113,1,55,0,6,0,17,0,-200,400,-400,0,0,36,396,-80,208,0,200,34,34,35,35,30,38,122,120,121,121,120,121,-999,-999,-1.96
2.6649417877197266,-0.08975979010256553,0.40583699969450565,-0.3337222965351795,0.9528346949349262,-0.05753832698882405,0.277964262279343,-0.09896592242077737,0.24933275028490423,-0.2861572795577516,0.8531015948209646,-0.05600397160245541,0.08947347498262113,0,57,0,9,0,16,0,-250,500,-450,0,0,36,412,-92,232,0,200,34,34,35,35,30,38,123,120,121,120,121,121,-999,-999,-1.96
2.6813948154449463,-0.08975979010256553,0.3966308673762938,-0.3183787426714931,0.9390254964576086,-0.05753832698882405,0.277964262279343,-0.09896592242077737,0.23552355180758644,-0.2646763041485906,0.8331549747981722,-0.05600397160245541,0.08947347498262113,1,64,0,9,0,21,0,-300,550,-500,0,0,36,416,-108,248,0,200,33,34,35,35,30,45,123,120,121,120,120,121,-999,-999,-1.96
2.6973867416381836,-0.09129414548893416,0.3889590904444506,-0.30303518880780667,0.923681942593922,-0.05753832698882405,0.277964262279343,-0.09896592242077737,0.22324870871663732,-0.2447296841257983,0.8147427101617485,-0.05600397160245541,0.08947347498262113,1,66,0,11,0,22,0,-350,650,-550,0,0,28,428,-120,268,0,200,34,34,35,35,30,38,122,120,121,120,120,121,-999,-999,-1.96
2.71341609954834,-0.09129414548893416,0.37975295812623877,-0.2861572795577516,0.906804033343867,-0.05753832698882405,0.277964262279343,-0.09896592242077737,0.20943951023931956,-0.22478306410300597,0.7932617347525877,-0.05600397160245541,0.08947347498262113,1,60,0,9,0,16,-50,-350,650,-550,0,0,28,440,-132,276,0,200,34,34,35,35,30,38,123,120,121,120,120,121,-999,-999,-1.96
2.7295234203338623,-0.09129414548893416,0.36901247042165825,-0.26927937030769655,0.8899261240938119,-0.05753832698882405,0.277964262279343,-0.09896592242077737,0.19716466714837041,-0.20483644408021362,0.7733151147297952,-0.05600397160245541,0.08947347498262113,1,60,0,10,0,16,0,-300,600,-600,0,0,32,456,-136,276,0,200,33,34,35,35,30,38,122,120,121,120,120,120,-999,-999,-1.96
2.745368480682373,-0.0928285008753028,0.3582719827170778,-0.2524014610576415,0.8730482148437569,-0.05753832698882405,0.277964262279343,-0.09896592242077737,0.18488982405742127,-0.18488982405742127,0.7549028500933715,-0.05600397160245541,0.08947347498262113,0,63,0,8,0,16,0,-400,700,-700,0,0,28,456,-140,272,0,200,34,34,35,35,30,38,122,120,121,120,121,121,-999,-999,-1.96
2.7615458965301514,-0.0928285008753028,0.3490658503988659,-0.23245484103484917,0.8546359502073332,-0.05753832698882405,0.277964262279343,-0.09896592242077737,0.17261498096647215,-0.16494320403462895,0.7349562300705792,-0.05600397160245541,0.08947347498262113,0,64,0,10,0,17,-50,-450,750,-700,0,0,24,452,-144,280,0,200,34,34,35,35,30,38,123,120,121,120,120,120,-999,-999,-1.96
2.777400255203247,-0.09436285626167144,0.3367910073079168,-0.21404257639842547,0.8377580409572782,-0.05753832698882405,0.277964262279343,-0.09896592242077737,0.160340137875523,-0.14499658401183663,0.7150096100477868,-0.05600397160245541,0.08947347498262113,1,73,0,9,0,21,-50,-400,750,-750,0,0,28,460,-140,284,0,200,33,34,35,35,30,38,122,120,121,120,120,121,-999,-999,-1.96
2.7935492992401123,-0.09436285626167144,0.32451616421696766,-0.19256160098926448,0.8193457763208545,-0.05753832698882405,0.277964262279343,-0.09896592242077737,0.14959965017094254,-0.12658431937541292,0.6950629900249945,-0.05600397160245541,0.08947347498262113,0,66,0,9,0,17,0,-400,750,-750,0,0,20,460,-148,292,0,200,33,34,35,35,30,38,123,120,121,120,120,120,-999,-999,-1.96
2.8095521926879883,-0.09436285626167144,0.31224132112601855,-0.1741493363528408,0.8009335116844308,-0.05753832698882405,0.277964262279343,-0.09896592242077737,0.13885916246636204,-0.10817205473898922,0.6751163700022021,-0.05600397160245541,0.08947347498262113,1,59,0,10,0,21,-50,-500,800,-700,0,0,20,452,-132,284,0,200,34,34,35,35,30,38,122,120,121,120,120,122,-999,-999,-1.96
2.8255388736724854,-0.09436285626167144,0.301500833421438,-0.1557370717164171,0.7840556024343757,-0.05753832698882405,0.277964262279343,-0.09896592242077737,0.12811867476178154,-0.08975979010256553,0.6567041053657785,-0.05600397160245541,0.08947347498262113,1,66,0,12,0,16,0,-500,750,-700,0,0,24,448,-140,300,0,200,34,34,35,35,30,38,123,120,121,120,120,121,-999,-999,-1.96
2.8415563106536865,-0.09436285626167144,0.2876916349441202,-0.1373248070799934,0.765643337797952,-0.05753832698882405,0.277964262279343,-0.09896592242077737,0.1189125424435697,-0.07441623623887911,0.6352231299566174,-0.05600397160245541,0.08947347498262113,0,55,0,12,0,18,0,-450,750,-750,0,0,24,440,-140,304,0,200,33,34,37,35,30,38,123,120,121,120,121,121,-999,-999,-1.96
2.857555627822876,-0.09436285626167144,0.2769511472395398,-0.1189125424435697,0.7456967177751597,-0.05753832698882405,0.277964262279343,-0.09896592242077737,0.10970641012535785,-0.06060703776156134,0.6183452207065625,-0.05600397160245541,0.08947347498262113,1,53,0,10,0,16,0,-500,750,-750,0,0,24,432,-128,304,0,200,33,34,35,35,30,38,122,120,121,120,119,120,-999,-999,-1.96
2.8744091987609863,-0.09436285626167144,0.2662106595349593,-0.100500277807146,0.7257500977523674,-0.05753832698882405,0.277964262279343,-0.09896592242077737,0.10203463319351465,-0.0483321946706122,0.5999329560701387,-0.05600397160245541,0.08947347498262113,0,53,0,10,0,16,0,-500,750,-750,0,0,24,424,-116,300,0,200,34,34,35,35,30,38,123,120,121,120,121,113,-999,-999,-1.96
2.889561176300049,-0.09436285626167144,0.2554701718303788,-0.08362236855709095,0.705803477729575,-0.05753832698882405,0.277964262279343,-0.09896592242077737,0.09436285626167144,-0.03759170696603171,0.5845894022064524,-0.05600397160245541,0.08947347498262113,0,46,0,10,0,16,0,-500,750,-800,0,0,24,420,-112,292,0,200,34,33,35,35,30,38,122,121,121,120,121,122,-999,-999,-1.96
2.905543565750122,-0.09436285626167144,0.2447296841257983,-0.06827881469340454,0.6873912130931513,-0.05753832698882405,0.277964262279343,-0.09896592242077737,0.08669107932982824,-0.026851219261451224,0.5707802037291345,-0.05600397160245541,0.08947347498262113,1,55,0,9,0,17,0,-450,700,-800,0,0,24,408,-88,280,0,200,33,34,35,35,30,38,122,120,121,120,121,121,-999,-999,-1.96
2.9214091300964355,-0.09436285626167144,0.23398919642121782,-0.051400905443349486,0.6689789484567276,-0.05753832698882405,0.277964262279343,-0.09896592242077737,0.07901930239798503,-0.017645086943239376,0.5585053606381855,-0.05600397160245541,0.08947347498262113,0,45,0,9,0,21,0,-400,700,-750,0,0,24,400,-76,272,0,200,34,34,35,35,30,38,122,121,121,121,120,121,-999,-999,-1.96
2.937987804412842,-0.09436285626167144,0.22478306410300597,-0.039126062352400355,0.6536353945930412,-0.05753832698882405,0.277964262279343,-0.09896592242077737,0.07134752546614181,-0.009973310011396168,0.547764872933605,-0.05600397160245541,0.08947347498262113,1,48,0,7,0,16,0,-400,600,-700,0,0,24,400,-64,264,0,200,34,34,35,35,30,38,123,120,121,121,121,121,-999,-999,-1.96
2.954416275024414,-0.09436285626167144,0.21404257639842547,-0.02531686387508258,0.6382918407293547,-0.05753832698882405,0.277964262279343,-0.09896592242077737,0.06521010392066726,-0.005370243852290245,0.5400930960017618,-0.05600397160245541,0.08947347498262113,0,44,0,8,0,17,0,-400,600,-700,0,0,24,396,-48,252,0,200,34,34,35,35,30,38,123,121,121,120,120,121,-999,-999,-1.96
2.970393657684326,-0.09436285626167144,0.20637079946658227,-0.014576376170502094,0.6229482868656684,-0.05753832698882405,0.277964262279343,-0.100500277807146,0.06060703776156134,-0.0007671776931843208,0.5324213190699186,-0.05600397160245541,0.08947347498262113,0,44,0,7,0,17,0,-400,550,-700,0,0,32,380,-32,236,0,200,33,34,35,35,30,38,122,121,122,120,121,122,-999,-999,-1.96
2.9869892597198486,-0.09436285626167144,0.19869902253473906,-0.005370243852290245,0.6106734437747192,-0.05753832698882405,0.277964262279343,-0.10203463319351465,0.05446961621608677,0.002301533079552962,0.5262838975244439,-0.05600397160245541,0.08947347498262113,1,42,1,7,0,16,0,-400,400,-600,0,0,36,376,0,212,0,200,33,34,35,35,30,38,123,120,122,121,121,121,-999,-999,-1.96
3.002992630004883,-0.09436285626167144,0.19102724560289586,0.0007671776931843208,0.5999329560701387,-0.05753832698882405,0.277964262279343,-0.10663769935262057,0.049866550056980846,0.002301533079552962,0.5232151867517068,-0.05600397160245541,0.08947347498262113,1,44,0,7,0,17,0,-300,400,-550,0,0,40,376,24,204,0,200,34,34,35,35,30,38,122,120,121,121,120,121,-999,-999,-1.96
3.019404411315918,-0.09436285626167144,0.18488982405742127,0.0038358884659216034,0.5891924683655583,-0.05753832698882405,0.277964262279343,-0.10817205473898922,0.04526348389787492,0.002301533079552962,0.5201464759789695,-0.05600397160245541,0.08947347498262113,1,43,0,6,0,16,0,-250,200,-400,0,0,56,368,32,176,0,200,34,34,35,35,30,37,122,120,121,120,121,121,-999,-999,-1.96
3.035437822341919,-0.09436285626167144,0.18028675789831536,0.006904599238658886,0.5815206914337151,-0.05753832698882405,0.277964262279343,-0.10970641012535785,0.042194773125137634,0.0007671776931843208,0.5186121205926008,-0.05600397160245541,0.08947347498262113,1,52,0,6,0,16,0,-250,200,-400,0,0,60,368,32,168,0,200,33,34,35,35,30,38,123,120,121,120,121,121,-999,-999,-1.96
3.050595283508301,-0.09589721164804009,0.17568369173920942,0.008438954625027528,0.5753832698882404,-0.05753832698882405,0.277964262279343,-0.10970641012535785,0.03759170696603171,0.0007671776931843208,0.5170777652062322,-0.05600397160245541,0.08947347498262113,0,49,1,5,0,16,0,-250,150,-400,0,0,48,368,40,156,0,200,34,34,35,35,30,38,122,120,121,121,120,121,-999,-999,-1.96
3.0664620399475098,-0.09743156703440872,0.17108062558010353,0.009973310011396168,0.5692458483427659,-0.05753832698882405,0.277964262279343,-0.10970641012535785,0.03298864080692579,-0.0007671776931843208,0.5170777652062322,-0.05600397160245541,0.08947347498262113,1,54,1,4,0,16,-50,-150,100,-300,0,0,44,368,44,132,0,200,33,34,35,35,30,38,122,120,121,121,120,121,-999,-999,-1.96
3.0834343433380127,-0.09743156703440872,0.1664775594209976,0.009973310011396168,0.56464278218366,-0.05753832698882405,0.277964262279343,-0.10970641012535785,0.029919930034188504,-0.0007671776931843208,0.5170777652062322,-0.05600397160245541,0.08947347498262113,0,53,1,5,0,17,-50,-200,50,-250,0,0,40,376,48,120,0,200,34,34,35,35,30,38,122,120,121,121,120,121,-999,-999,-1.96
3.0985944271087646,-0.09896592242077737,0.16187449326189168,0.009973310011396168,0.5615740714109227,-0.05753832698882405,0.277964262279343,-0.11124076551172649,0.02531686387508258,-0.0007671776931843208,0.5155434098198636,-0.05600397160245541,0.08947347498262113,1,45,1,5,0,16,-50,-200,0,-150,0,0,44,360,48,120,0,200,34,34,35,35,30,38,122,120,122,121,121,122,-999,-999,-1.96
3.1145830154418945,-0.09896592242077737,0.1557370717164171,0.009973310011396168,0.5585053606381855,-0.05753832698882405,0.277964262279343,-0.11430947628446378,0.02071379771597666,-0.0007671776931843208,0.5155434098198636,-0.05600397160245541,0.08947347498262113,1,46,0,5,0,18,0,-200,0,-150,0,0,48,360,40,124,0,200,34,34,35,35,30,38,122,120,122,121,120,121,-999,-999,-1.96
3.131436347961426,-0.10203463319351465,0.14959965017094254,0.009973310011396168,0.5554366498654482,-0.05753832698882405,0.277964262279343,-0.11584383167083243,0.016110731556870737,-0.0007671776931843208,0.5155434098198636,-0.05600397160245541,0.08947347498262113,1,46,1,4,0,16,0,-200,0,-150,0,0,56,356,40,116,0,200,34,34,35,35,30,38,122,120,121,121,121,121,-999,-999,-1.96
3.146557092666626,-0.1035689885798833,0.14499658401183663,0.009973310011396168,0.5523679390927109,-0.05753832698882405,0.277964262279343,-0.11737818705720107,0.009973310011396168,-0.0007671776931843208,0.5155434098198636,-0.05600397160245541,0.08947347498262113,1,40,1,4,0,16,-50,-250,0,-100,0,0,56,352,40,104,0,200,33,34,35,35,30,38,122,121,121,121,121,121,-999,-999,-1.96
3.1625852584838867,-0.10510334396625193,0.13885916246636204,0.009973310011396168,0.5508335837063423,-0.05753832698882405,0.277964262279343,-0.12044689782993835,0.0038358884659216034,-0.0007671776931843208,0.5155434098198636,-0.05600397160245541,0.08947347498262113,1,53,0,3,0,18,-100,-250,0,-100,0,0,52,352,40,96,0,200,34,34,35,35,30,38,122,120,121,120,120,121,-999,-999,-1.96
3.179450750350952,-0.10817205473898922,0.13425609630725613,0.009973310011396168,0.5492992283199736,-0.05753832698882405,0.277964262279343,-0.12044689782993835,-0.002301533079552962,-0.0007671776931843208,0.5140090544334949,-0.05600397160245541,0.08947347498262113,0,48,1,4,0,20,-100,-200,0,-100,0,0,48,372,40,100,0,200,33,34,35,35,30,38,122,120,122,121,121,121,-999,-999,-1.96
3.1945061683654785,-0.10970641012535785,0.12658431937541292,0.009973310011396168,0.5492992283199736,-0.05753832698882405,0.277964262279343,-0.12044689782993835,-0.009973310011396168,-0.0007671776931843208,0.5109403436607576,-0.05600397160245541,0.08947347498262113,0,41,1,5,0,16,-100,-250,0,-50,0,0,32,352,40,112,0,200,33,34,35,35,30,38,123,121,122,121,121,121,-999,-999,-1.96
3.210566520690918,-0.11124076551172649,0.12044689782993835,0.009973310011396168,0.547764872933605,-0.05753832698882405,0.277964262279343,-0.12044689782993835,-0.016110731556870737,-0.0007671776931843208,0.504802922115283,-0.05600397160245541,0.08947347498262113,0,49,1,5,0,17,-100,-250,0,-50,0,0,36,356,40,116,0,200,33,34,35,35,30,38,123,121,121,121,121,121,-999,-999,-1.96
3.227006673812866,-0.11277512089809515,0.11430947628446378,0.009973310011396168,0.5446961621608677,-0.05753832698882405,0.277964262279343,-0.12044689782993835,-0.02071379771597666,0.0007671776931843208,0.5001998559561771,-0.05600397160245541,0.08947347498262113,0,51,1,6,0,17,0,-250,0,-50,0,0,24,372,40,124,0,200,33,34,35,35,30,38,123,120,121,121,121,121,-999,-999,-1.96
3.2426183223724365,-0.11430947628446378,0.10817205473898922,0.009973310011396168,0.5416274513881304,-0.05753832698882405,0.277964262279343,-0.12198125321630698,-0.026851219261451224,0.002301533079552962,0.4940624344107025,-0.05600397160245541,0.08947347498262113,0,51,1,7,0,19,-100,-250,0,-50,0,0,24,356,32,148,0,200,33,34,35,35,30,38,123,120,122,120,120,121,-999,-999,-1.96
3.259460926055908,-0.11584383167083243,0.10203463319351465,0.009973310011396168,0.5370243852290245,-0.05753832698882405,0.277964262279343,-0.12198125321630698,-0.03145428542055715,0.002301533079552962,0.48792501286522794,-0.05753832698882405,0.08947347498262113,0,50,1,5,0,17,-50,-300,0,-150,0,0,28,352,28,132,0,200,34,34,35,35,30,38,123,120,122,121,121,121,-999,-999,-1.96
3.275036096572876,-0.11584383167083243,0.09743156703440872,0.01150766539776481,0.5339556744562872,-0.05753832698882405,0.277964262279343,-0.12351560860267563,-0.036057351579663076,0.002301533079552962,0.4848563020924907,-0.05753832698882405,0.08947347498262113,1,50,1,6,0,16,-50,-200,0,-150,0,0,28,360,28,144,0,200,33,34,35,35,30,38,123,120,121,121,121,121,-999,-999,-1.96
3.29148006439209,-0.11737818705720107,0.0928285008753028,0.01150766539776481,0.5293526082971812,-0.05753832698882405,0.277964262279343,-0.12658431937541292,-0.040660417738769,0.0007671776931843208,0.48025323593338476,-0.05753832698882405,0.08947347498262113,1,51,1,4,0,19,-50,-200,0,-150,0,0,32,360,40,140,0,200,34,34,35,35,30,38,123,121,121,121,120,121,-999,-999,-1.96
3.3074724674224854,-0.11737818705720107,0.0851567239434596,0.013042020784133452,0.5247495421380753,-0.05753832698882405,0.277964262279343,-0.1296530301481502,-0.04526348389787492,0.0007671776931843208,0.4756501697742788,-0.05753832698882405,0.08947347498262113,1,54,2,6,0,17,-50,-200,50,-200,0,0,52,352,52,136,0,200,34,34,35,35,30,38,123,120,122,120,121,121,-999,-999,-1.96
3.323483467102051,-0.1189125424435697,0.08055365778435367,0.013042020784133452,0.5201464759789695,-0.05753832698882405,0.277964262279343,-0.13118738553451884,-0.0483321946706122,0.0007671776931843208,0.4710471036151729,-0.05753832698882405,0.08947347498262113,1,43,1,7,0,16,0,-200,50,-150,0,0,60,348,48,144,0,200,34,34,35,35,30,38,123,120,122,120,121,122,-999,-999,-1.96
3.339496612548828,-0.1189125424435697,0.07595059162524774,0.013042020784133452,0.5170777652062322,-0.05753832698882405,0.277964262279343,-0.13272174092088748,-0.051400905443349486,0.0007671776931843208,0.466444037456067,-0.05753832698882405,0.08947347498262113,1,39,1,6,0,18,-50,-200,0,-150,0,0,56,340,44,140,0,200,33,34,35,35,30,38,123,121,121,121,121,121,-999,-999,-1.96
3.3554911613464355,-0.1189125424435697,0.07134752546614181,0.013042020784133452,0.5124746990471262,-0.05753832698882405,0.277964262279343,-0.13425609630725613,-0.05446961621608677,0.0007671776931843208,0.461840971296961,-0.05753832698882405,0.08947347498262113,1,43,1,6,0,16,0,-250,0,-150,0,0,52,332,44,144,0,200,34,34,35,35,30,38,123,121,121,121,121,121,-999,-999,-1.96
3.372474193572998,-0.12044689782993835,0.0667444593070359,0.013042020784133452,0.5078716328880203,-0.05753832698882405,0.277964262279343,-0.13425609630725613,-0.05600397160245541,0.0007671776931843208,0.4572379051378551,-0.05753832698882405,0.08947347498262113,1,46,1,6,0,18,-50,-150,0,-200,0,0,52,328,44,140,0,200,33,34,35,35,30,38,123,120,122,121,121,121,-999,-999,-1.96
3.3876137733459473,-0.12044689782993835,0.06214139314792997,0.013042020784133452,0.5032685667289144,-0.05753832698882405,0.277964262279343,-0.13579045169362475,-0.05753832698882405,0.0007671776931843208,0.4511004835923806,-0.05753832698882405,0.08947347498262113,1,36,2,6,0,17,-50,-150,0,-200,0,0,48,328,44,140,0,200,33,34,35,35,30,38,123,121,122,121,121,121,-999,-999,-1.96
3.4040536880493164,-0.12198125321630698,0.05907268237519269,0.013042020784133452,0.5001998559561771,-0.05753832698882405,0.277964262279343,-0.13579045169362475,-0.05907268237519269,0.0007671776931843208,0.44649741743327465,-0.05753832698882405,0.08947347498262113,1,37,1,7,0,16,0,-200,0,-200,0,0,48,316,44,152,0,200,34,34,35,35,30,38,123,121,121,121,121,121,-999,-999,-1.96
3.4194929599761963,-0.12351560860267563,0.05600397160245541,0.013042020784133452,0.4955967897970711,-0.05753832698882405,0.277964262279343,-0.13579045169362475,-0.06060703776156134,0.0007671776931843208,0.44035999588780006,-0.05753832698882405,0.08947347498262113,0,40,1,5,0,21,-50,-150,0,-150,0,0,44,312,44,152,0,200,34,34,35,35,30,38,122,120,121,121,121,121,-999,-999,-1.96
3.4354894161224365,-0.12351560860267563,0.051400905443349486,0.013042020784133452,0.49099372363796523,-0.05753832698882405,0.277964262279343,-0.13579045169362475,-0.06214139314792997,0.0007671776931843208,0.43422257434232553,-0.05753832698882405,0.08947347498262113,1,33,1,7,0,16,-50,-150,0,-200,0,0,40,308,44,152,0,200,34,34,35,35,30,38,122,121,121,121,120,121,-999,-999,-1.96
3.4516468048095703,-0.12504996398904428,0.049866550056980846,0.013042020784133452,0.4848563020924907,-0.05753832698882405,0.277964262279343,-0.13579045169362475,-0.06214139314792997,0.0007671776931843208,0.42808515279685094,-0.05753832698882405,0.08947347498262113,0,34,1,6,0,18,0,-100,0,-200,0,0,40,300,44,152,0,200,34,34,35,35,30,38,122,121,122,121,121,121,-999,-999,-1.96
3.4670639038085938,-0.12658431937541292,0.04679783928424356,0.013042020784133452,0.47871888054701606,-0.05753832698882405,0.277964262279343,-0.13579045169362475,-0.06367574853429861,0.0007671776931843208,0.42194773125137636,-0.05753832698882405,0.08947347498262113,0,37,1,7,0,17,0,-100,0,-200,0,0,28,296,44,152,0,200,34,34,35,35,30,38,123,121,121,121,121,121,-999,-999,-1.96
3.484062671661377,-0.12811867476178154,0.04372912851150628,0.013042020784133452,0.4741158143879102,-0.05753832698882405,0.277964262279343,-0.13579045169362475,-0.06367574853429861,0.0007671776931843208,0.4142759543195332,-0.05753832698882405,0.08947347498262113,0,34,1,6,0,15,-100,-150,0,-200,0,0,28,292,44,160,0,200,34,34,35,35,30,38,123,121,122,121,121,121,-999,-999,-1.96
3.4996135234832764,-0.1296530301481502,0.042194773125137634,0.013042020784133452,0.46797839284243564,-0.05753832698882405,0.277964262279343,-0.13579045169362475,-0.06367574853429861,0.0007671776931843208,0.4050698220013213,-0.05907268237519269,0.08947347498262113,0,38,1,7,0,19,-50,-100,0,-250,0,0,28,280,44,156,0,200,33,34,35,35,30,38,123,121,122,121,121,122,-999,-999,-1.96
3.5155110359191895,-0.1296530301481502,0.040660417738769,0.013042020784133452,0.461840971296961,-0.05753832698882405,0.277964262279343,-0.13579045169362475,-0.06367574853429861,0.0007671776931843208,0.3973980450694781,-0.05907268237519269,0.08947347498262113,0,39,1,11,0,16,-50,-50,0,-250,0,0,24,280,44,188,0,200,34,34,35,35,30,38,122,120,122,121,121,121,-999,-999,-1.96
3.5320494174957275,-0.1296530301481502,0.040660417738769,0.013042020784133452,0.4541691943651178,-0.05753832698882405,0.277964262279343,-0.13579045169362475,-0.06367574853429861,0.0007671776931843208,0.3897262681376349,-0.05907268237519269,0.08947347498262113,0,33,1,8,0,21,0,-50,0,-250,0,0,28,280,44,184,0,200,34,34,35,35,30,38,123,121,121,121,121,121,-999,-999,-1.96
3.5475175380706787,-0.1296530301481502,0.039126062352400355,0.013042020784133452,0.44649741743327465,-0.05753832698882405,0.277964262279343,-0.13579045169362475,-0.06367574853429861,0.0007671776931843208,0.3820544912057917,-0.05907268237519269,0.08947347498262113,1,33,2,7,0,20,0,-50,0,-250,0,0,28,280,44,184,0,200,33,34,35,35,30,38,123,121,122,121,121,121,-999,-999,-1.96
3.564532518386841,-0.1296530301481502,0.039126062352400355,0.013042020784133452,0.4388256405014314,-0.05753832698882405,0.277964262279343,-0.13579045169362475,-0.06367574853429861,0.0007671776931843208,0.3759170696603172,-0.05907268237519269,0.08947347498262113,0,32,1,6,0,20,0,0,0,-300,0,0,28,276,44,172,0,200,33,34,35,35,30,38,123,120,122,121,121,122,-999,-999,-1.96
3.5804758071899414,-0.1296530301481502,0.039126062352400355,0.013042020784133452,0.43115386356958824,-0.05753832698882405,0.277964262279343,-0.13579045169362475,-0.06367574853429861,0.0007671776931843208,0.3713140035012112,-0.05753832698882405,0.08947347498262113,0,34,1,7,0,16,0,-50,0,-300,0,0,28,280,44,164,0,200,33,34,35,35,30,38,123,121,122,120,121,121,-999,-999,-1.96
3.596510887145996,-0.1296530301481502,0.039126062352400355,0.013042020784133452,0.42501644202411365,-0.05753832698882405,0.277964262279343,-0.13579045169362475,-0.06367574853429861,0.0007671776931843208,0.36517658195573666,-0.05753832698882405,0.08947347498262113,0,38,1,5,0,16,0,0,0,-300,0,0,28,280,44,156,0,200,33,34,35,35,30,38,123,121,122,121,121,121,-999,-999,-1.96
3.612513542175293,-0.12811867476178154,0.039126062352400355,0.013042020784133452,0.4204133758650077,-0.05753832698882405,0.277964262279343,-0.13579045169362475,-0.06367574853429861,0.0007671776931843208,0.3605735157966307,-0.05753832698882405,0.08947347498262113,0,32,1,7,0,18,0,0,0,-250,0,0,32,280,44,164,0,200,34,34,35,35,30,38,123,120,121,121,121,122,-999,-999,-1.96
3.6290860176086426,-0.12658431937541292,0.039126062352400355,0.013042020784133452,0.41274159893316453,-0.05753832698882405,0.277964262279343,-0.13579045169362475,-0.06367574853429861,0.0007671776931843208,0.35443609425115613,-0.05753832698882405,0.08947347498262113,1,38,1,5,0,22,50,0,0,-250,0,0,36,280,44,160,0,200,34,34,35,35,30,38,123,120,122,121,121,121,-999,-999,-1.96
3.6455156803131104,-0.12658431937541292,0.039126062352400355,0.013042020784133452,0.4081385327740586,-0.05753832698882405,0.277964262279343,-0.13579045169362475,-0.06367574853429861,0.0007671776931843208,0.34983302809205025,-0.05753832698882405,0.08947347498262113,1,41,1,7,0,16,50,0,0,-250,0,0,40,280,44,152,0,200,33,34,35,35,30,38,123,121,122,121,121,121,-999,-999,-1.96
3.6606853008270264,-0.12504996398904428,0.039126062352400355,0.013042020784133452,0.402001111228584,-0.05753832698882405,0.277964262279343,-0.13579045169362475,-0.06367574853429861,0.0007671776931843208,0.34369560654657566,-0.05753832698882405,0.08947347498262113,1,36,1,9,0,17,50,0,0,-250,0,0,36,280,44,168,0,200,34,34,35,35,30,38,123,121,122,121,121,121,-999,-999,-1.96
3.676663637161255,-0.12504996398904428,0.039126062352400355,0.013042020784133452,0.3958636896831095,-0.05753832698882405,0.277964262279343,-0.13579045169362475,-0.06367574853429861,0.0007671776931843208,0.3360238296147324,-0.05753832698882405,0.08947347498262113,1,35,1,6,0,16,50,0,0,-200,0,0,40,280,44,152,0,200,34,34,35,35,30,38,123,121,121,121,121,121,-999,-999,-1.96
3.6926681995391846,-0.12504996398904428,0.039126062352400355,0.013042020784133452,0.39126062352400354,-0.05753832698882405,0.277964262279343,-0.13579045169362475,-0.06521010392066726,0.0007671776931843208,0.33142076345562654,-0.05753832698882405,0.08947347498262113,1,38,1,8,0,20,0,0,0,-250,0,0,44,288,44,172,0,200,33,34,35,35,30,38,123,120,122,121,121,121,-999,-999,-1.96
3.7095322608947754,-0.12504996398904428,0.039126062352400355,0.013042020784133452,0.38512320197852895,-0.05753832698882405,0.277964262279343,-0.13579045169362475,-0.0667444593070359,0.0007671776931843208,0.325283341910152,-0.05753832698882405,0.08947347498262113,1,38,2,6,0,16,0,0,0,-250,0,0,40,292,44,172,0,200,33,34,35,35,30,38,123,121,122,121,120,121,-999,-999,-1.96
3.724663257598877,-0.12504996398904428,0.039126062352400355,0.013042020784133452,0.3789857804330544,-0.05753832698882405,0.277964262279343,-0.13579045169362475,-0.06827881469340454,0.0007671776931843208,0.320680275751046,-0.05753832698882405,0.08947347498262113,1,40,1,7,0,20,0,0,0,-200,0,0,40,296,44,160,0,200,34,34,35,35,30,38,123,121,122,121,121,120,-999,-999,-1.96
3.7406868934631348,-0.12504996398904428,0.039126062352400355,0.013042020784133452,0.3743827142739485,-0.05753832698882405,0.277964262279343,-0.13579045169362475,-0.07134752546614181,0.0007671776931843208,0.3176115649783087,-0.05753832698882405,0.08947347498262113,1,44,1,8,0,16,0,0,0,-250,0,0,40,300,44,168,0,200,33,34,35,35,30,38,123,120,122,121,121,121,-999,-999,-1.96
3.7565739154815674,-0.12504996398904428,0.039126062352400355,0.013042020784133452,0.3682452927284739,-0.05753832698882405,0.277964262279343,-0.13579045169362475,-0.07288188085251047,0.0007671776931843208,0.3114741434328342,-0.05753832698882405,0.08947347498262113,1,46,1,5,0,16,0,0,0,-200,0,0,40,312,44,144,0,200,34,34,35,35,30,38,122,121,121,121,121,121,-999,-999,-1.96
3.772669792175293,-0.12504996398904428,0.039126062352400355,0.013042020784133452,0.363642226569368,-0.05753832698882405,0.277964262279343,-0.13579045169362475,-0.07595059162524774,0.002301533079552962,0.30840543266009696,-0.05753832698882405,0.08947347498262113,1,40,1,9,0,21,0,0,0,-250,0,0,40,312,44,156,0,200,33,34,35,35,30,38,123,121,121,121,121,121,-999,-999,-1.96
3.788552761077881,-0.12504996398904428,0.039126062352400355,0.013042020784133452,0.3590391604102621,-0.05753832698882405,0.277964262279343,-0.13579045169362475,-0.07748494701161639,0.0038358884659216034,0.30380236650099096,-0.05753832698882405,0.08947347498262113,0,46,1,6,0,20,0,0,0,-250,0,0,40,320,40,152,0,200,34,34,35,35,30,38,123,120,122,121,121,121,-999,-999,-1.96
3.8047003746032715,-0.12504996398904428,0.039126062352400355,0.013042020784133452,0.35443609425115613,-0.05753832698882405,0.277964262279343,-0.13579045169362475,-0.08055365778435367,0.0038358884659216034,0.3022680111146223,-0.05753832698882405,0.08947347498262113,1,45,1,6,0,16,0,0,0,-200,0,0,40,332,28,148,0,200,34,34,35,35,30,38,123,120,121,121,120,121,-999,-999,-1.96
3.8207056522369385,-0.12658431937541292,0.039126062352400355,0.013042020784133452,0.35136738347841884,-0.05753832698882405,0.277964262279343,-0.13579045169362475,-0.08362236855709095,0.0038358884659216034,0.29766494495551643,-0.05753832698882405,0.08947347498262113,1,51,2,6,0,16,0,0,0,-150,0,0,36,336,36,144,0,200,33,34,35,35,30,38,123,120,121,121,121,121,-999,-999,-1.96
3.8365228176116943,-0.12658431937541292,0.03759170696603171,0.014576376170502094,0.34676431731931295,-0.05753832698882405,0.277964262279343,-0.13579045169362475,-0.08669107932982824,0.005370243852290245,0.2961305895691478,-0.05753832698882405,0.08947347498262113,0,53,1,6,0,18,-50,0,0,-150,0,0,36,344,44,148,0,200,34,34,35,35,30,38,122,120,121,120,120,121,-999,-999,-1.96
3.8525357246398926,-0.12658431937541292,0.03452299619329443,0.016110731556870737,0.34216125116020707,-0.05753832698882405,0.277964262279343,-0.13579045169362475,-0.08822543471619687,0.005370243852290245,0.2961305895691478,-0.05753832698882405,0.08947347498262113,1,48,1,5,0,19,0,-50,50,-200,0,0,32,340,40,128,0,200,33,34,35,35,30,38,122,120,121,121,121,121,-999,-999,-1.96
3.8685543537139893,-0.12658431937541292,0.03145428542055715,0.016110731556870737,0.3406268957738384,-0.05753832698882405,0.277964262279343,-0.1373248070799934,-0.09129414548893416,0.005370243852290245,0.2915275234100419,-0.05753832698882405,0.08947347498262113,0,45,1,5,0,16,0,-150,50,-200,0,0,40,336,36,128,0,200,34,34,35,35,30,38,123,121,122,121,121,121,-999,-999,-1.96
3.885533571243286,-0.12811867476178154,0.029919930034188504,0.016110731556870737,0.3375581850011011,-0.05753832698882405,0.277964262279343,-0.1373248070799934,-0.09436285626167144,0.005370243852290245,0.2884588126373046,-0.05907268237519269,0.08947347498262113,0,53,1,6,0,17,0,-150,50,-100,0,0,40,328,44,132,0,200,33,34,35,35,30,38,123,120,121,120,121,121,-999,-999,-1.96
3.901561975479126,-0.12811867476178154,0.026851219261451224,0.016110731556870737,0.3344894742283638,-0.05753832698882405,0.277964262279343,-0.1373248070799934,-0.09743156703440872,0.005370243852290245,0.2838557464781986,-0.05907268237519269,0.08947347498262113,1,41,1,7,0,17,0,-100,0,-100,0,0,32,336,40,152,0,200,33,34,35,35,30,38,122,120,121,120,121,121,-999,-999,-1.96
3.9175808429718018,-0.12811867476178154,0.02378250848871394,0.016110731556870737,0.33142076345562654,-0.05753832698882405,0.277964262279343,-0.1373248070799934,-0.09896592242077737,0.005370243852290245,0.2777183249327241,-0.05907268237519269,0.08947347498262113,0,51,1,6,0,17,-50,-100,0,-150,0,0,36,340,40,140,0,200,33,34,35,35,30,38,122,120,121,121,121,121,-999,-999,-1.96
3.934556722640991,-0.12811867476178154,0.02071379771597666,0.016110731556870737,0.3268176972965206,-0.05753832698882405,0.277964262279343,-0.1373248070799934,-0.1035689885798833,0.005370243852290245,0.2715809033872495,-0.06060703776156134,0.08947347498262113,0,38,1,10,1,16,0,-100,0,-150,0,0,36,328,40,156,20,200,33,34,35,35,30,38,122,121,121,121,120,122,-999,-999,-1.96
3.949719190597534,-0.12811867476178154,0.02071379771597666,0.016110731556870737,0.32374898652378337,-0.05753832698882405,0.277964262279343,-0.1373248070799934,-0.10510334396625193,0.006904599238658886,0.26544348184177496,-0.06060703776156134,0.08947347498262113,1,48,1,8,0,16,0,-100,0,-150,0,0,36,348,40,164,24,200,33,34,35,35,30,38,122,120,121,121,120,121,-999,-999,-1.96
3.9657022953033447,-0.12811867476178154,0.017645086943239376,0.016110731556870737,0.31914592036467737,-0.05907268237519269,0.277964262279343,-0.1373248070799934,-0.10817205473898922,0.006904599238658886,0.2577717049099318,-0.06060703776156134,0.08947347498262113,0,48,1,8,0,16,0,-100,0,-150,0,0,36,348,32,168,0,200,34,34,35,35,30,38,122,120,121,120,121,120,-999,-999,-1.96
3.9816789627075195,-0.1296530301481502,0.013042020784133452,0.016110731556870737,0.31300849881920284,-0.05907268237519269,0.277964262279343,-0.1373248070799934,-0.11124076551172649,0.008438954625027528,0.25316863875082585,-0.06060703776156134,0.08947347498262113,0,40,1,8,0,18,0,-50,0,-150,-50,0,32,332,36,172,-20,200,34,34,35,35,30,38,123,120,122,121,120,120,-999,-999,-1.96
3.997713327407837,-0.1296530301481502,0.01150766539776481,0.016110731556870737,0.30840543266009696,-0.05907268237519269,0.277964262279343,-0.1373248070799934,-0.11277512089809515,0.008438954625027528,0.24703121720535126,-0.06060703776156134,0.08947347498262113,0,53,0,8,0,16,-50,-150,0,-200,0,0,28,336,28,172,-20,200,34,34,35,35,30,38,122,120,121,120,121,120,-999,-999,-1.96
4.013175964355469,-0.1296530301481502,0.006904599238658886,0.016110731556870737,0.3022680111146223,-0.05907268237519269,0.277964262279343,-0.1373248070799934,-0.11430947628446378,0.008438954625027528,0.24242815104624535,-0.06060703776156134,0.08947347498262113,1,46,1,7,0,19,0,-100,0,-250,0,0,28,328,28,168,0,200,33,34,35,35,30,38,123,120,122,120,121,121,-999,-999,-1.96
4.02970814704895,-0.1296530301481502,0.0038358884659216034,0.017645086943239376,0.2961305895691478,-0.05907268237519269,0.277964262279343,-0.1373248070799934,-0.11584383167083243,0.008438954625027528,0.2378250848871394,-0.06060703776156134,0.08947347498262113,1,40,1,7,0,17,0,-200,0,-250,0,0,32,324,36,160,0,200,34,34,35,35,30,38,122,120,121,120,121,121,-999,-999,-1.96
4.045579195022583,-0.1296530301481502,0.0007671776931843208,0.01917944232960802,0.28999316802367325,-0.05907268237519269,0.277964262279343,-0.1373248070799934,-0.11584383167083243,0.008438954625027528,0.23475637411440214,-0.06060703776156134,0.08947347498262113,1,38,1,6,0,20,0,-200,0,-250,0,0,32,316,44,156,0,200,33,34,35,35,30,38,123,120,122,121,121,121,-999,-999,-1.96
4.06220006942749,-0.13118738553451884,-0.0007671776931843208,0.01917944232960802,0.28539010186456726,-0.05907268237519269,0.277964262279343,-0.1373248070799934,-0.11584383167083243,0.006904599238658886,0.2332220187280335,-0.06214139314792997,0.08947347498262113,1,42,1,7,0,16,0,-100,100,-250,0,0,32,300,48,152,20,200,33,34,35,35,30,38,123,121,121,121,121,121,-999,-999,-1.96
4.078587532043457,-0.13118738553451884,-0.002301533079552962,0.01917944232960802,0.2807870357054614,-0.05907268237519269,0.277964262279343,-0.1373248070799934,-0.11584383167083243,0.006904599238658886,0.22861895256892756,-0.06214139314792997,0.08947347498262113,0,39,2,5,1,20,0,-100,0,-200,0,0,24,304,48,132,20,200,33,34,35,35,30,38,123,121,122,121,121,122,-999,-999,-1.96
4.0935609340667725,-0.13272174092088748,-0.005370243852290245,0.01917944232960802,0.2777183249327241,-0.05907268237519269,0.277964262279343,-0.1373248070799934,-0.11584383167083243,0.005370243852290245,0.2270845971825589,-0.06214139314792997,0.08947347498262113,0,38,2,6,1,21,-50,-50,0,-150,0,0,20,296,52,144,24,200,34,34,35,35,30,38,123,121,122,121,121,121,-999,-999,-1.96
4.109718561172485,-0.13272174092088748,-0.006904599238658886,0.01917944232960802,0.27311525877361814,-0.05907268237519269,0.277964262279343,-0.1373248070799934,-0.11584383167083243,0.0038358884659216034,0.22401588640982165,-0.06214139314792997,0.08947347498262113,0,31,3,6,0,16,-50,-100,0,-150,0,0,20,288,56,140,20,200,33,34,35,35,30,38,123,121,122,121,121,121,-999,-999,-1.96
4.125723123550415,-0.13272174092088748,-0.008438954625027528,0.01917944232960802,0.26851219261451226,-0.05907268237519269,0.277964262279343,-0.1373248070799934,-0.11584383167083243,0.0038358884659216034,0.2194128202507157,-0.06214139314792997,0.08947347498262113,0,37,3,5,0,16,0,-100,0,-150,0,0,24,284,56,136,20,200,34,34,35,35,30,38,123,121,122,121,121,121,-999,-999,-1.96
4.142594814300537,-0.13425609630725613,-0.008438954625027528,0.01917944232960802,0.26544348184177496,-0.05907268237519269,0.277964262279343,-0.1373248070799934,-0.11584383167083243,0.0038358884659216034,0.21327539870524115,-0.06214139314792997,0.08947347498262113,0,49,2,5,1,17,0,-100,0,-200,0,0,20,288,52,132,20,200,34,34,35,35,30,38,123,121,121,121,121,121,-999,-999,-1.96
4.158583879470825,-0.13425609630725613,-0.009973310011396168,0.01917944232960802,0.260840415682669,-0.05907268237519269,0.277964262279343,-0.1373248070799934,-0.11584383167083243,0.0038358884659216034,0.2071379771597666,-0.06214139314792997,0.08947347498262113,0,33,2,7,0,16,0,0,0,-150,0,0,0,288,52,152,20,200,34,34,35,35,30,38,122,121,122,121,121,121,-999,-999,-1.96
4.175581932067871,-0.13425609630725613,-0.01150766539776481,0.01917944232960802,0.2562373495235631,-0.05907268237519269,0.277964262279343,-0.1373248070799934,-0.11584383167083243,0.005370243852290245,0.201000555614292,-0.06214139314792997,0.08947347498262113,0,34,2,7,0,20,-50,-50,0,-150,0,0,20,280,52,152,20,200,34,34,35,35,30,38,123,121,122,121,121,121,-999,-999,-1.96
4.190607309341431,-0.13425609630725613,-0.01150766539776481,0.01917944232960802,0.2516342833644572,-0.05907268237519269,0.277964262279343,-0.1373248070799934,-0.11584383167083243,0.005370243852290245,0.19179442329608018,-0.06214139314792997,0.08947347498262113,0,38,2,7,0,20,0,-50,0,-200,0,0,20,280,48,152,20,200,34,34,35,35,30,38,122,120,122,121,121,122,-999,-999,-1.96
4.2075746059417725,-0.13425609630725613,-0.01150766539776481,0.01917944232960802,0.24549686181898261,-0.05907268237519269,0.277964262279343,-0.1373248070799934,-0.11584383167083243,0.006904599238658886,0.1856570017506056,-0.06214139314792997,0.08947347498262113,0,32,2,8,0,17,0,0,0,-200,0,0,20,284,44,164,20,200,34,34,35,35,30,38,123,121,121,121,121,121,-999,-999,-1.96
4.222734689712524,-0.13425609630725613,-0.01150766539776481,0.01917944232960802,0.23935944027350803,-0.05907268237519269,0.277964262279343,-0.1373248070799934,-0.11584383167083243,0.006904599238658886,0.1779852248187624,-0.06214139314792997,0.08947347498262113,0,33,1,8,0,17,0,0,0,-200,0,0,20,284,40,180,20,200,34,34,35,35,30,38,122,121,122,121,121,121,-999,-999,-1.96
4.238590478897095,-0.13425609630725613,-0.01150766539776481,0.01917944232960802,0.23475637411440214,-0.05907268237519269,0.277964262279343,-0.1373248070799934,-0.11584383167083243,0.008438954625027528,0.1703134478869192,-0.06214139314792997,0.08947347498262113,0,39,2,8,0,16,0,0,0,-250,0,0,20,284,44,168,20,200,33,34,35,35,30,38,122,121,122,120,121,121,-999,-999,-1.96
4.254715442657471,-0.13425609630725613,-0.01150766539776481,0.01917944232960802,0.2270845971825589,-0.05907268237519269,0.277964262279343,-0.1373248070799934,-0.11584383167083243,0.008438954625027528,0.162641670955076,-0.06214139314792997,0.08947347498262113,0,41,1,8,0,22,0,0,0,-200,0,0,20,284,36,184,20,200,34,34,35,35,30,38,122,121,122,121,121,121,-999,-999,-1.96
4.270673990249634,-0.13272174092088748,-0.01150766539776481,0.02071379771597666,0.22094717563708435,-0.05907268237519269,0.277964262279343,-0.1373248070799934,-0.11584383167083243,0.008438954625027528,0.15650424940960142,-0.06214139314792997,0.08947347498262113,0,37,1,9,0,19,0,0,50,-300,0,0,20,284,40,184,20,200,34,34,35,35,30,38,122,120,121,120,121,107,-999,-999,-1.96
4.286178827285767,-0.13272174092088748,-0.01150766539776481,0.02071379771597666,0.2148097540916098,-0.05907268237519269,0.277964262279343,-0.1373248070799934,-0.11584383167083243,0.008438954625027528,0.15036682786412683,-0.06214139314792997,0.08947347498262113,0,33,1,6,0,18,50,0,50,-300,0,0,24,284,48,184,20,200,33,34,35,35,30,38,122,121,122,121,121,121,-999,-999,-1.96
4.302586078643799,-0.13272174092088748,-0.01150766539776481,0.0222481531023453,0.20867233254613524,-0.05907268237519269,0.277964262279343,-0.13579045169362475,-0.11584383167083243,0.008438954625027528,0.14576376170502095,-0.06214139314792997,0.08947347498262113,1,33,2,7,0,16,0,0,0,-250,0,0,28,284,48,164,20,200,33,34,35,35,30,38,122,120,122,121,121,121,-999,-999,-1.96
4.318158149719238,-0.13272174092088748,-0.01150766539776481,0.0222481531023453,0.2040692663870293,-0.05907268237519269,0.277964262279343,-0.13579045169362475,-0.11584383167083243,0.008438954625027528,0.141160695545915,-0.06214139314792997,0.08947347498262113,0,40,2,8,0,18,0,0,50,-250,0,0,0,284,52,172,20,200,33,34,35,35,30,38,122,120,122,121,121,121,-999,-999,-1.96
4.3336591720581055,-0.13118738553451884,-0.01150766539776481,0.0222481531023453,0.19793184484155474,-0.05907268237519269,0.277964262279343,-0.13579045169362475,-0.11584383167083243,0.008438954625027528,0.13502327400044045,-0.06214139314792997,0.08947347498262113,0,33,1,7,1,17,0,0,0,-200,0,0,28,284,48,172,20,200,33,34,35,35,30,38,122,120,121,121,121,121,-999,-999,-1.96
4.349610328674316,-0.13118738553451884,-0.01150766539776481,0.0222481531023453,0.19179442329608018,-0.05907268237519269,0.277964262279343,-0.13579045169362475,-0.11584383167083243,0.008438954625027528,0.1304202078413345,-0.06214139314792997,0.08947347498262113,0,34,1,8,0,16,50,0,0,-250,0,0,28,284,48,172,20,200,33,34,35,35,30,38,123,120,121,121,120,121,-999,-999,-1.96
4.367603540420532,-0.13118738553451884,-0.01150766539776481,0.0222481531023453,0.1856570017506056,-0.05907268237519269,0.277964262279343,-0.13579045169362475,-0.11584383167083243,0.008438954625027528,0.1258171416822286,-0.06214139314792997,0.08947347498262113,0,32,2,6,0,17,0,0,0,-250,0,0,24,284,48,168,20,200,34,34,35,35,30,38,122,121,122,121,121,121,-999,-999,-1.96
4.3835954666137695,-0.13118738553451884,-0.01150766539776481,0.0222481531023453,0.18105393559149968,-0.05907268237519269,0.277964262279343,-0.13579045169362475,-0.11584383167083243,0.008438954625027528,0.12121407552312267,-0.06060703776156134,0.08947347498262113,0,43,1,8,1,18,0,0,0,-250,0,0,24,284,48,160,20,200,34,34,35,35,30,38,122,121,122,121,121,121,-999,-999,-1.96
4.3997626304626465,-0.13118738553451884,-0.01150766539776481,0.0222481531023453,0.17491651404602512,-0.05907268237519269,0.277964262279343,-0.13579045169362475,-0.11584383167083243,0.008438954625027528,0.11661100936401675,-0.06060703776156134,0.08947347498262113,1,38,2,7,0,16,0,0,0,-200,0,0,24,284,48,160,-20,200,34,34,35,35,30,38,123,120,121,121,121,121,-999,-999,-1.96
4.4157187938690186,-0.13118738553451884,-0.01150766539776481,0.0222481531023453,0.1703134478869192,-0.05907268237519269,0.277964262279343,-0.13579045169362475,-0.11584383167083243,0.008438954625027528,0.11200794320491082,-0.06060703776156134,0.08947347498262113,0,40,2,8,0,16,0,0,0,-250,0,0,24,284,48,156,-20,200,34,34,35,35,30,38,123,121,122,121,121,121,-999,-999,-1.96
4.431767702102661,-0.13118738553451884,-0.01150766539776481,0.0222481531023453,0.16571038172781327,-0.05907268237519269,0.277964262279343,-0.13579045169362475,-0.11584383167083243,0.008438954625027528,0.1074048770458049,-0.06060703776156134,0.08947347498262113,0,34,1,6,0,19,0,0,0,-150,0,0,24,284,48,160,0,200,34,34,35,35,30,38,123,121,121,121,121,121,-999,-999,-1.96
4.447746753692627,-0.13118738553451884,-0.01150766539776481,0.0222481531023453,0.15957296018233869,-0.05907268237519269,0.277964262279343,-0.13579045169362475,-0.11584383167083243,0.008438954625027528,0.10433616627306762,-0.06060703776156134,0.08947347498262113,0,41,1,6,0,18,0,0,0,-250,0,0,24,284,48,160,0,200,33,34,35,35,30,38,123,120,122,121,121,121,-999,-999,-1.96
4.4637534618377686,-0.13118738553451884,-0.01150766539776481,0.0222481531023453,0.15496989402323277,-0.05907268237519269,0.277964262279343,-0.13425609630725613,-0.11584383167083243,0.008438954625027528,0.09973310011396169,-0.06060703776156134,0.08947347498262113,0,40,1,6,0,16,0,0,0,-250,0,0,24,284,48,156,0,200,34,34,35,35,30,38,123,120,122,121,121,120,-999,-999,-1.96
4.479644298553467,-0.13118738553451884,-0.01150766539776481,0.0222481531023453,0.14883247247775822,-0.05907268237519269,0.277964262279343,-0.13425609630725613,-0.11584383167083243,0.008438954625027528,0.09973310011396169,-0.06060703776156134,0.08947347498262113,0,38,2,5,0,16,0,0,0,-200,0,0,20,284,48,140,0,200,33,34,35,35,30,38,123,121,121,121,121,122,-999,-999,-1.96
4.495650053024292,-0.13118738553451884,-0.01150766539776481,0.0222481531023453,0.14576376170502095,-0.05907268237519269,0.277964262279343,-0.13425609630725613,-0.11584383167083243,0.008438954625027528,0.09819874472759306,-0.05907268237519269,0.08947347498262113,0,39,1,5,0,20,0,0,0,-200,0,0,0,284,48,128,0,200,33,34,35,35,30,38,123,121,122,121,121,122,-999,-999,-1.96
4.5116212368011475,-0.13118738553451884,-0.01150766539776481,0.0222481531023453,0.14269505093228363,-0.05907268237519269,0.277964262279343,-0.13272174092088748,-0.11584383167083243,0.008438954625027528,0.09513003395485577,-0.05907268237519269,0.08947347498262113,0,33,1,6,0,16,0,0,0,-150,0,0,20,284,48,132,0,200,33,34,35,35,30,38,123,121,121,121,120,121,-999,-999,-1.96
4.5276360511779785,-0.13118738553451884,-0.01150766539776481,0.0222481531023453,0.13962634015954636,-0.05907268237519269,0.277964262279343,-0.13272174092088748,-0.11584383167083243,0.008438954625027528,0.09359567856848712,-0.05907268237519269,0.08947347498262113,0,39,1,5,0,19,0,0,0,-150,0,0,-20,284,48,136,0,200,33,34,35,35,30,38,123,121,122,121,121,121,-999,-999,-1.96
4.543783903121948,-0.13118738553451884,-0.01150766539776481,0.0222481531023453,0.13809198477317772,-0.05907268237519269,0.277964262279343,-0.13272174092088748,-0.11584383167083243,0.008438954625027528,0.09359567856848712,-0.05907268237519269,0.08947347498262113,0,37,2,5,0,16,0,0,0,-150,0,0,-20,284,48,128,0,200,33,34,35,35,30,38,123,120,121,121,121,121,-999,-999,-1.96
4.559659242630005,-0.13118738553451884,-0.01150766539776481,0.0222481531023453,0.13502327400044045,-0.05907268237519269,0.277964262279343,-0.13118738553451884,-0.11584383167083243,0.006904599238658886,0.09359567856848712,-0.05907268237519269,0.08947347498262113,0,33,2,5,0,17,0,0,0,-100,0,0,0,284,52,116,0,200,34,34,35,35,30,38,123,121,121,121,121,121,-999,-999,-1.96
4.575765371322632,-0.13118738553451884,-0.01150766539776481,0.0222481531023453,0.13502327400044045,-0.05907268237519269,0.277964262279343,-0.13118738553451884,-0.11584383167083243,0.005370243852290245,0.09359567856848712,-0.05753832698882405,0.08947347498262113,0,36,1,6,0,17,0,0,0,-100,0,0,0,284,60,112,0,200,34,34,35,35,30,38,123,120,122,121,121,121,-999,-999,-1.96
4.591794013977051,-0.13118738553451884,-0.01150766539776481,0.0222481531023453,0.13502327400044045,-0.05907268237519269,0.277964262279343,-0.1296530301481502,-0.11584383167083243,0.0038358884659216034,0.09359567856848712,-0.05753832698882405,0.08947347498262113,0,34,3,6,0,16,0,0,0,0,0,0,0,284,68,120,0,200,33,34,35,35,30,38,123,120,122,121,121,121,-999,-999,-1.96
4.607617139816284,-0.13118738553451884,-0.01150766539776481,0.0222481531023453,0.1334889186140718,-0.05907268237519269,0.277964262279343,-0.1296530301481502,-0.11584383167083243,0.002301533079552962,0.09359567856848712,-0.05753832698882405,0.08947347498262113,0,43,2,4,0,16,0,0,0,0,0,0,0,284,72,112,0,200,33,34,35,35,30,38,123,121,122,121,121,120,-999,-999,-1.96
4.624640941619873,-0.13118738553451884,-0.01150766539776481,0.0222481531023453,0.1334889186140718,-0.05907268237519269,0.277964262279343,-0.1296530301481502,-0.11584383167083243,0.0007671776931843208,0.09359567856848712,-0.05753832698882405,0.08947347498262113,0,37,2,6,1,18,0,0,0,0,0,0,0,284,72,112,0,200,34,34,35,35,30,38,123,120,122,121,121,121,-999,-999,-1.96
4.639772891998291,-0.13118738553451884,-0.01150766539776481,0.0222481531023453,0.1334889186140718,-0.05907268237519269,0.277964262279343,-0.12811867476178154,-0.11584383167083243,0.0007671776931843208,0.09359567856848712,-0.05753832698882405,0.08947347498262113,0,38,3,6,0,16,0,0,0,-50,0,0,0,284,72,116,0,200,34,34,35,35,30,38,123,120,121,121,121,121,-999,-999,-1.96
4.6557793617248535,-0.13118738553451884,-0.01150766539776481,0.0222481531023453,0.13195456322770316,-0.05907268237519269,0.277964262279343,-0.12811867476178154,-0.11584383167083243,0.0007671776931843208,0.09359567856848712,-0.05753832698882405,0.08947347498262113,0,33,2,6,0,19,0,0,0,0,0,0,-24,284,68,112,0,200,33,34,35,35,30,38,123,121,121,121,121,121,-999,-999,-1.96
4.672780990600586,-0.13118738553451884,-0.01150766539776481,0.0222481531023453,0.13195456322770316,-0.05907268237519269,0.277964262279343,-0.12504996398904428,-0.11584383167083243,0.0007671776931843208,0.09359567856848712,-0.05753832698882405,0.08947347498262113,0,38,2,5,0,16,0,0,0,-50,0,0,-20,284,68,108,0,200,33,34,35,35,30,38,122,121,122,121,121,122,-999,-999,-1.96
4.688701391220093,-0.13118738553451884,-0.01150766539776481,0.0222481531023453,0.13195456322770316,-0.05907268237519269,0.277964262279343,-0.12198125321630698,-0.11584383167083243,0.0007671776931843208,0.09359567856848712,-0.05753832698882405,0.08947347498262113,1,39,3,5,0,17,0,0,0,0,0,0,-36,284,68,112,0,200,34,34,35,35,30,38,122,121,122,121,121,121,-999,-999,-1.96
4.704814195632935,-0.13118738553451884,-0.01150766539776481,0.0222481531023453,0.13195456322770316,-0.05907268237519269,0.277964262279343,-0.1189125424435697,-0.11584383167083243,0.0007671776931843208,0.09359567856848712,-0.05753832698882405,0.08947347498262113,1,41,3,6,0,16,0,0,0,0,0,0,-44,284,68,112,0,200,34,34,35,35,30,37,122,121,122,121,121,121,-999,-999,-1.96
4.721683025360107,-0.13118738553451884,-0.01150766539776481,0.0222481531023453,0.13195456322770316,-0.05907268237519269,0.277964262279343,-0.11737818705720107,-0.11584383167083243,0.0007671776931843208,0.09359567856848712,-0.05753832698882405,0.08947347498262113,1,33,2,6,0,16,0,0,0,0,0,0,-52,284,68,112,0,200,33,34,35,35,30,38,123,120,121,121,121,121,-999,-999,-1.96
4.7376532554626465,-0.1296530301481502,-0.01150766539776481,0.0222481531023453,0.13195456322770316,-0.05907268237519269,0.277964262279343,-0.11584383167083243,-0.11584383167083243,0.0007671776931843208,0.09359567856848712,-0.05753832698882405,0.08947347498262113,1,37,2,5,0,20,0,0,0,0,0,0,-56,284,68,112,0,200,33,34,35,35,30,38,123,121,121,121,121,121,-999,-999,-1.96
4.752843379974365,-0.12811867476178154,-0.01150766539776481,0.0222481531023453,0.13195456322770316,-0.05907268237519269,0.277964262279343,-0.11430947628446378,-0.11584383167083243,-0.0007671776931843208,0.09359567856848712,-0.05753832698882405,0.08947347498262113,1,38,3,6,0,16,50,0,0,0,0,0,-52,284,76,112,0,200,34,34,35,35,30,38,123,120,122,121,121,122,-999,-999,-1.96
4.768697261810303,-0.12811867476178154,-0.01150766539776481,0.0222481531023453,0.13195456322770316,-0.05907268237519269,0.277964262279343,-0.11277512089809515,-0.11584383167083243,-0.0007671776931843208,0.09359567856848712,-0.05753832698882405,0.08947347498262113,1,32,3,6,0,21,50,0,0,0,0,0,-48,284,76,112,0,200,34,34,35,35,30,38,123,121,122,121,121,121,-999,-999,-1.96
4.784795522689819,-0.12504996398904428,-0.01150766539776481,0.0222481531023453,0.13195456322770316,-0.05907268237519269,0.277964262279343,-0.11277512089809515,-0.11584383167083243,-0.0007671776931843208,0.09359567856848712,-0.05753832698882405,0.08947347498262113,1,40,3,6,0,21,50,0,0,0,0,0,-48,284,72,112,0,200,33,34,35,35,30,38,123,120,122,121,121,121,-999,-999,-1.96
4.80081844329834,-0.12504996398904428,-0.01150766539776481,0.0222481531023453,0.13195456322770316,-0.05907268237519269,0.277964262279343,-0.11277512089809515,-0.11584383167083243,-0.0007671776931843208,0.09359567856848712,-0.05753832698882405,0.08947347498262113,0,33,3,6,0,17,50,0,0,0,0,0,-44,284,72,112,0,200,34,34,35,35,30,38,123,120,122,121,121,121,-999,-999,-1.96
4.8168275356292725,-0.12351560860267563,-0.01150766539776481,0.0222481531023453,0.13195456322770316,-0.05907268237519269,0.277964262279343,-0.11124076551172649,-0.11584383167083243,-0.0007671776931843208,0.09359567856848712,-0.05753832698882405,0.08947347498262113,0,34,3,6,0,21,50,0,0,0,0,0,-36,284,72,112,0,200,34,34,35,35,30,38,123,121,121,121,121,122,-999,-999,-1.96
4.833694696426392,-0.12198125321630698,-0.01150766539776481,0.0222481531023453,0.13195456322770316,-0.05907268237519269,0.277964262279343,-0.11124076551172649,-0.11584383167083243,-0.0007671776931843208,0.09206132318211847,-0.05753832698882405,0.08947347498262113,1,37,3,6,0,16,50,0,0,0,0,0,-44,284,72,116,0,200,34,34,35,35,30,38,123,121,122,121,121,121,-999,-999,-1.96
4.848772764205933,-0.12044689782993835,-0.01150766539776481,0.0222481531023453,0.13195456322770316,-0.05907268237519269,0.277964262279343,-0.11124076551172649,-0.11584383167083243,-0.0007671776931843208,0.09052696779574984,-0.05753832698882405,0.08947347498262113,0,40,3,6,0,20,50,0,0,0,0,0,-36,284,72,124,0,200,33,34,35,35,30,38,123,120,122,121,121,122,-999,-999,-1.96
4.864863634109497,-0.1189125424435697,-0.01150766539776481,0.0222481531023453,0.13195456322770316,-0.05907268237519269,0.277964262279343,-0.11124076551172649,-0.11584383167083243,-0.0007671776931843208,0.08438954625027527,-0.05753832698882405,0.08947347498262113,0,34,3,9,0,21,50,0,0,0,0,0,-32,284,72,128,0,200,33,34,35,35,30,38,123,121,122,120,121,121,-999,-999,-1.96
4.880836009979248,-0.11737818705720107,-0.01150766539776481,0.0222481531023453,0.13195456322770316,-0.05907268237519269,0.277964262279343,-0.11124076551172649,-0.11584383167083243,-0.0007671776931843208,0.07825212470480071,-0.05753832698882405,0.08947347498262113,0,43,3,8,0,16,100,0,0,0,0,0,-28,284,72,144,0,200,33,34,35,35,30,38,123,120,122,121,121,121,-999,-999,-1.96
4.896704912185669,-0.11737818705720107,-0.01150766539776481,0.0222481531023453,0.12735149706859722,-0.05907268237519269,0.277964262279343,-0.11124076551172649,-0.11584383167083243,-0.0007671776931843208,0.0705803477729575,-0.05753832698882405,0.08947347498262113,0,39,2,8,0,16,50,0,0,0,0,0,-24,284,72,172,0,200,34,34,35,35,30,38,123,120,121,121,120,121,-999,-999,-1.96
4.91370153427124,-0.11737818705720107,-0.01150766539776481,0.0222481531023453,0.12274843090949131,-0.05907268237519269,0.277964262279343,-0.11124076551172649,-0.11584383167083243,0.0007671776931843208,0.0629085708411143,-0.05753832698882405,0.08947347498262113,0,35,3,8,0,16,0,0,0,-150,0,0,-24,284,72,160,0,200,34,34,35,35,30,38,123,120,121,120,121,121,-999,-999,-1.96
4.929704904556274,-0.11737818705720107,-0.01150766539776481,0.0222481531023453,0.11814536475038538,-0.05907268237519269,0.277964262279343,-0.11124076551172649,-0.11584383167083243,0.002301533079552962,0.05216808313653381,-0.05753832698882405,0.08947347498262113,1,40,3,12,0,16,0,0,0,-150,0,0,-28,284,64,180,0,200,34,34,35,35,30,38,123,120,122,121,121,121,-999,-999,-1.96
4.945287466049194,-0.11737818705720107,-0.01150766539776481,0.0222481531023453,0.11047358781854218,-0.05907268237519269,0.277964262279343,-0.11124076551172649,-0.11584383167083243,0.005370243852290245,0.04296195081832196,-0.05753832698882405,0.08947347498262113,0,36,2,11,0,17,0,0,0,-250,0,0,-28,284,60,188,0,200,34,34,35,35,30,38,123,120,122,121,120,121,-999,-999,-1.96
4.96230936050415,-0.11737818705720107,-0.01150766539776481,0.0222481531023453,0.10433616627306762,-0.05907268237519269,0.277964262279343,-0.11124076551172649,-0.11584383167083243,0.006904599238658886,0.03682452927284739,-0.05753832698882405,0.08947347498262113,0,39,2,9,0,16,0,0,0,-250,0,0,-28,284,52,192,0,200,33,34,35,35,30,38,123,120,122,121,121,121,-999,-999,-1.96
4.978283405303955,-0.11737818705720107,-0.01150766539776481,0.0222481531023453,0.0966643893412244,-0.05907268237519269,0.277964262279343,-0.11124076551172649,-0.11584383167083243,0.008438954625027528,0.030687107727372827,-0.05753832698882405,0.08947347498262113,0,34,1,9,0,16,0,0,0,-250,0,0,-28,284,40,188,0,200,34,34,35,35,30,38,122,120,121,121,121,121,-999,-999,-1.96
4.994282960891724,-0.11737818705720107,-0.01150766539776481,0.0222481531023453,0.09052696779574984,-0.05907268237519269,0.277964262279343,-0.11124076551172649,-0.11584383167083243,0.008438954625027528,0.029152752341004187,-0.05753832698882405,0.08947347498262113,1,39,1,8,0,16,0,0,0,-300,0,0,-28,284,44,172,0,200,34,34,35,35,30,38,123,121,122,121,121,121,-999,-999,-1.96
5.009728193283081,-0.1189125424435697,-0.01150766539776481,0.0222481531023453,0.08438954625027527,-0.05907268237519269,0.277964262279343,-0.11124076551172649,-0.11584383167083243,0.008438954625027528,0.026084041568266905,-0.05753832698882405,0.08947347498262113,1,32,1,7,0,20,0,0,0,-250,0,0,-28,284,48,160,0,200,34,34,35,35,30,38,123,121,122,121,121,121,-999,-999,-1.96
5.025882005691528,-0.12044689782993835,-0.01150766539776481,0.0222481531023453,0.07978648009116934,-0.05907268237519269,0.277964262279343,-0.11124076551172649,-0.11584383167083243,0.008438954625027528,0.026084041568266905,-0.05753832698882405,0.08947347498262113,0,36,1,6,0,20,0,0,0,-250,0,0,-36,284,48,152,0,200,33,34,35,35,30,38,123,121,122,121,121,121,-999,-999,-1.96
5.041857004165649,-0.12044689782993835,-0.01150766539776481,0.0222481531023453,0.07518341393206342,-0.05907268237519269,0.277964262279343,-0.11124076551172649,-0.11584383167083243,0.008438954625027528,0.026084041568266905,-0.05753832698882405,0.08947347498262113,1,39,1,5,0,17,-50,0,0,-250,0,0,-40,284,48,136,0,200,34,34,35,35,30,38,123,121,122,121,121,121,-999,-999,-1.96
5.058730363845825,-0.12044689782993835,-0.01150766539776481,0.0222481531023453,0.07211470315932615,-0.05907268237519269,0.277964262279343,-0.11124076551172649,-0.11584383167083243,0.008438954625027528,0.026084041568266905,-0.05753832698882405,0.08947347498262113,0,38,1,5,0,17,-50,0,0,-200,0,0,-40,284,48,120,0,200,34,34,35,35,30,38,123,120,121,121,121,118,-999,-999,-1.96
5.073868989944458,-0.12044689782993835,-0.01150766539776481,0.0222481531023453,0.0705803477729575,-0.05907268237519269,0.277964262279343,-0.11124076551172649,-0.11584383167083243,0.008438954625027528,0.026084041568266905,-0.05753832698882405,0.08947347498262113,1,38,1,5,0,16,0,0,0,-100,0,0,-36,284,48,116,0,200,33,34,35,35,30,38,123,121,122,121,121,121,-999,-999,-1.96
5.089866638183594,-0.12198125321630698,-0.01150766539776481,0.0222481531023453,0.06904599238658886,-0.05907268237519269,0.277964262279343,-0.11124076551172649,-0.11430947628446378,0.008438954625027528,0.026084041568266905,-0.05753832698882405,0.08947347498262113,1,35,2,5,0,17,-50,0,0,-100,0,0,-40,284,48,124,0,200,33,34,35,35,30,38,123,121,122,121,121,121,-999,-999,-1.96
5.106709957122803,-0.12198125321630698,-0.01150766539776481,0.0222481531023453,0.06597728161385158,-0.05907268237519269,0.277964262279343,-0.11124076551172649,-0.11430947628446378,0.008438954625027528,0.026084041568266905,-0.05753832698882405,0.08947347498262113,1,36,2,5,0,16,0,0,0,-100,0,0,-44,276,48,112,0,200,34,34,35,35,30,38,123,120,122,121,121,121,-999,-999,-1.96
5.121724605560303,-0.12198125321630698,-0.01150766539776481,0.0222481531023453,0.06444292622748295,-0.05907268237519269,0.277964262279343,-0.11124076551172649,-0.11430947628446378,0.008438954625027528,0.026084041568266905,-0.05753832698882405,0.08947347498262113,1,36,1,4,0,16,0,0,0,-100,0,0,-40,280,48,104,0,200,33,34,35,35,30,38,123,121,122,121,121,121,-999,-999,-1.96
5.137875080108643,-0.12198125321630698,-0.01150766539776481,0.0222481531023453,0.06444292622748295,-0.05907268237519269,0.277964262279343,-0.11124076551172649,-0.11430947628446378,0.008438954625027528,0.026084041568266905,-0.05753832698882405,0.08947347498262113,1,35,1,4,0,17,0,0,0,-100,0,0,-40,280,48,104,0,200,34,34,35,35,30,38,123,121,122,121,121,121,-999,-999,-1.96
5.152743339538574,-0.12198125321630698,-0.01150766539776481,0.0222481531023453,0.06444292622748295,-0.05907268237519269,0.277964262279343,-0.11124076551172649,-0.11430947628446378,0.008438954625027528,0.026084041568266905,-0.05753832698882405,0.08947347498262113,1,32,1,5,0,20,0,0,0,0,0,0,-40,280,48,112,0,200,34,34,35,36,32,38,123,121,121,121,121,121,-999,-999,-1.96
5.169735670089722,-0.12198125321630698,-0.01150766539776481,0.0222481531023453,0.06444292622748295,-0.05907268237519269,0.277964262279343,-0.11124076551172649,-0.11430947628446378,0.008438954625027528,0.026084041568266905,-0.05753832698882405,0.08947347498262113,0,38,2,6,0,17,0,0,0,0,0,0,-40,280,48,112,0,200,34,34,35,35,30,38,123,121,122,121,121,121,-999,-999,-1.96
5.185739517211914,-0.12198125321630698,-0.01150766539776481,0.0222481531023453,0.06444292622748295,-0.05907268237519269,0.277964262279343,-0.11124076551172649,-0.11430947628446378,0.008438954625027528,0.026084041568266905,-0.05753832698882405,0.08947347498262113,0,31,1,5,0,16,0,0,0,0,0,0,-40,280,48,112,0,200,34,34,35,35,30,38,123,121,122,121,121,121,-999,-999,-1.96
5.20229959487915,-0.12198125321630698,-0.01150766539776481,0.0222481531023453,0.06444292622748295,-0.05907268237519269,0.277964262279343,-0.11124076551172649,-0.11430947628446378,0.008438954625027528,0.026084041568266905,-0.05753832698882405,0.08947347498262113,0,36,1,6,0,17,0,0,0,0,0,0,-40,280,48,112,0,200,34,34,35,35,30,38,122,120,122,121,121,122,-999,-999,-1.96
5.2187278270721436,-0.12044689782993835,-0.01150766539776481,0.0222481531023453,0.06444292622748295,-0.05907268237519269,0.277964262279343,-0.11124076551172649,-0.11430947628446378,0.008438954625027528,0.026084041568266905,-0.05753832698882405,0.08947347498262113,0,37,2,6,0,20,0,0,0,0,0,0,-32,280,48,112,0,200,33,34,35,35,30,38,123,121,121,121,121,121,-999,-999,-1.96
5.233881950378418,-0.12044689782993835,-0.01150766539776481,0.0222481531023453,0.06444292622748295,-0.05907268237519269,0.277964262279343,-0.11124076551172649,-0.11430947628446378,0.008438954625027528,0.026084041568266905,-0.05753832698882405,0.08947347498262113,1,37,2,6,0,19,50,0,0,0,0,0,-32,280,48,112,0,200,34,34,35,35,30,38,122,121,122,121,121,121,-999,-999,-1.96
5.250732421875,-0.12044689782993835,-0.01150766539776481,0.0222481531023453,0.06444292622748295,-0.05907268237519269,0.277964262279343,-0.11124076551172649,-0.11430947628446378,0.008438954625027528,0.026084041568266905,-0.05753832698882405,0.08947347498262113,0,38,2,6,0,17,0,0,0,0,0,0,-36,280,48,112,0,200,34,34,35,35,30,38,122,120,122,121,121,121,-999,-999,-1.96
5.266853094100952,-0.1189125424435697,-0.01150766539776481,0.0222481531023453,0.06444292622748295,-0.05907268237519269,0.277964262279343,-0.11124076551172649,-0.11430947628446378,0.008438954625027528,0.026084041568266905,-0.05753832698882405,0.08947347498262113,0,37,2,5,0,19,50,0,0,0,0,0,-32,280,48,112,0,200,34,34,35,35,30,38,122,121,122,121,121,121,-999,-999,-1.96
5.282894134521484,-0.1189125424435697,-0.01150766539776481,0.0222481531023453,0.06444292622748295,-0.05907268237519269,0.277964262279343,-0.11124076551172649,-0.11430947628446378,0.008438954625027528,0.026084041568266905,-0.05753832698882405,0.08947347498262113,0,30,1,6,0,20,50,0,0,0,0,0,-28,280,48,112,0,200,33,34,35,36,30,39,123,121,122,121,121,122,-999,-999,-1.96
5.298765420913696,-0.1189125424435697,-0.01150766539776481,0.0222481531023453,0.06444292622748295,-0.05907268237519269,0.277964262279343,-0.11124076551172649,-0.11430947628446378,0.008438954625027528,0.026084041568266905,-0.05753832698882405,0.08947347498262113,0,31,1,7,0,16,0,0,0,0,0,0,-32,280,48,112,0,200,34,34,35,36,30,38,122,121,121,121,121,121,-999,-999,-1.96
5.314877986907959,-0.1189125424435697,-0.01150766539776481,0.0222481531023453,0.06444292622748295,-0.05907268237519269,0.277964262279343,-0.11124076551172649,-0.11430947628446378,0.008438954625027528,0.026084041568266905,-0.05753832698882405,0.08947347498262113,0,39,1,7,0,17,0,0,0,0,0,0,-32,280,48,112,0,200,34,34,35,35,30,38,122,121,121,121,120,121,-999,-999,-1.96
5.331308841705322,-0.1189125424435697,-0.01150766539776481,0.0222481531023453,0.06444292622748295,-0.05907268237519269,0.277964262279343,-0.11124076551172649,-0.11277512089809515,0.008438954625027528,0.026084041568266905,-0.05753832698882405,0.08947347498262113,1,30,1,5,0,19,0,0,0,0,0,0,-32,280,48,112,0,200,33,34,35,35,30,38,122,120,122,121,121,121,-999,-999,-1.96
5.3467230796813965,-0.1189125424435697,-0.01150766539776481,0.0222481531023453,0.06444292622748295,-0.05907268237519269,0.277964262279343,-0.11124076551172649,-0.11277512089809515,0.008438954625027528,0.026084041568266905,-0.05753832698882405,0.08947347498262113,0,34,2,6,0,21,0,0,0,0,0,0,-32,272,48,112,0,200,34,34,35,35,30,38,122,121,121,121,121,121,-999,-999,-1.96
5.362753629684448,-0.1189125424435697,-0.01150766539776481,0.0222481531023453,0.06444292622748295,-0.05907268237519269,0.277964262279343,-0.11124076551172649,-0.11277512089809515,0.008438954625027528,0.026084041568266905,-0.05753832698882405,0.08947347498262113,0,29,2,6,0,17,0,0,0,0,0,0,-32,276,48,112,0,200,33,34,35,35,30,38,123,121,122,121,121,121,-999,-999,-1.96
5.378897666931152,-0.1189125424435697,-0.01150766539776481,0.0222481531023453,0.06444292622748295,-0.05907268237519269,0.277964262279343,-0.11124076551172649,-0.11277512089809515,0.008438954625027528,0.026084041568266905,-0.05753832698882405,0.08947347498262113,1,33,1,6,0,19,0,0,0,0,0,0,-32,276,48,112,0,200,34,34,35,35,30,38,123,121,121,121,121,122,-999,-999,-1.96
5.394910573959351,-0.1189125424435697,-0.01150766539776481,0.0222481531023453,0.06444292622748295,-0.05907268237519269,0.277964262279343,-0.11124076551172649,-0.11277512089809515,0.008438954625027528,0.026084041568266905,-0.05753832698882405,0.08947347498262113,1,30,2,5,0,20,0,0,0,0,0,0,-32,276,48,112,0,200,34,34,35,35,30,38,123,121,121,121,121,121,-999,-999,-1.96
5.411902189254761,-0.1189125424435697,-0.01150766539776481,0.0222481531023453,0.06444292622748295,-0.05907268237519269,0.277964262279343,-0.11124076551172649,-0.11277512089809515,0.008438954625027528,0.026084041568266905,-0.05753832698882405,0.08947347498262113,1,30,1,5,0,17,0,0,0,0,0,0,-32,276,48,112,0,200,34,34,35,35,30,38,123,121,122,121,121,121,-999,-999,-1.96
5.426335334777832,-0.1189125424435697,-0.01150766539776481,0.0222481531023453,0.06444292622748295,-0.05907268237519269,0.277964262279343,-0.11124076551172649,-0.11277512089809515,0.008438954625027528,0.026084041568266905,-0.05753832698882405,0.08947347498262113,1,35,1,5,0,18,0,0,0,0,0,0,-32,276,48,112,0,200,33,34,35,35,30,38,123,121,122,121,121,122,-999,-999,-1.96
5.442780494689941,-0.1189125424435697,-0.01150766539776481,0.0222481531023453,0.06444292622748295,-0.05907268237519269,0.277964262279343,-0.11124076551172649,-0.11277512089809515,0.009973310011396168,0.026084041568266905,-0.05753832698882405,0.08947347498262113,1,35,1,6,0,16,0,0,0,0,0,0,-32,276,48,112,0,200,33,34,35,35,30,38,123,121,122,121,121,121,-999,-999,-1.96
5.459741592407227,-0.1189125424435697,-0.01150766539776481,0.0222481531023453,0.06444292622748295,-0.05907268237519269,0.277964262279343,-0.11124076551172649,-0.11277512089809515,0.009973310011396168,0.026084041568266905,-0.05753832698882405,0.08947347498262113,0,33,1,6,0,20,0,0,0,0,0,0,-32,276,44,112,0,200,33,34,35,35,30,38,123,121,121,121,121,121,-999,-999,-1.96
5.4753947257995605,-0.1189125424435697,-0.01150766539776481,0.0222481531023453,0.06444292622748295,-0.05907268237519269,0.277964262279343,-0.11124076551172649,-0.11277512089809515,0.009973310011396168,0.026084041568266905,-0.05753832698882405,0.08947347498262113,1,35,1,6,0,21,0,0,0,0,0,0,-32,276,40,112,0,200,33,34,35,35,30,38,123,121,121,121,121,122,-999,-999,-1.96
5.4913330078125,-0.1189125424435697,-0.01150766539776481,0.0222481531023453,0.06444292622748295,-0.05907268237519269,0.277964262279343,-0.11124076551172649,-0.11277512089809515,0.009973310011396168,0.026084041568266905,-0.05753832698882405,0.08947347498262113,0,33,1,6,0,18,0,0,0,0,0,0,-32,276,44,112,0,200,34,34,35,35,30,38,123,121,122,121,121,121,-999,-999,-1.96
5.5078041553497314,-0.1189125424435697,-0.01150766539776481,0.0222481531023453,0.06444292622748295,-0.05907268237519269,0.277964262279343,-0.11124076551172649,-0.11277512089809515,0.009973310011396168,0.026084041568266905,-0.05753832698882405,0.08947347498262113,1,29,1,6,0,17,0,0,0,0,0,0,-32,276,44,112,0,200,33,34,35,35,30,38,123,121,122,121,121,121,-999,-999,-1.96
5.523916959762573,-0.1189125424435697,-0.01150766539776481,0.0222481531023453,0.06444292622748295,-0.05907268237519269,0.277964262279343,-0.11124076551172649,-0.11277512089809515,0.009973310011396168,0.026084041568266905,-0.05753832698882405,0.08947347498262113,1,37,1,6,0,16,0,0,0,0,0,0,-32,276,44,112,0,200,33,34,35,35,30,38,123,121,122,121,121,121,-999,-999,-1.96
5.539928436279297,-0.1189125424435697,-0.01150766539776481,0.0222481531023453,0.06444292622748295,-0.05907268237519269,0.277964262279343,-0.11124076551172649,-0.11277512089809515,0.009973310011396168,0.026084041568266905,-0.05753832698882405,0.08947347498262113,0,35,1,7,0,20,0,0,0,0,0,0,-32,276,44,112,0,200,34,34,35,35,30,38,123,121,122,121,121,121,-999,-999,-1.96
5.555957794189453,-0.1189125424435697,-0.01150766539776481,0.0222481531023453,0.06444292622748295,-0.05907268237519269,0.277964262279343,-0.11124076551172649,-0.11277512089809515,0.009973310011396168,0.026084041568266905,-0.05753832698882405,0.08947347498262113,1,30,1,6,0,22,0,0,0,0,0,0,-32,276,44,112,0,200,34,34,35,35,30,38,123,121,121,121,121,121,-999,-999,-1.96
5.572793245315552,-0.1189125424435697,-0.01150766539776481,0.0222481531023453,0.06444292622748295,-0.05907268237519269,0.277964262279343,-0.11124076551172649,-0.11277512089809515,0.009973310011396168,0.026084041568266905,-0.05753832698882405,0.08947347498262113,0,33,1,6,0,20,0,0,0,0,0,0,-32,276,44,112,0,200,34,34,35,35,30,38,123,121,121,121,121,122,-999,-999,-1.96
5.587812900543213,-0.1189125424435697,-0.01150766539776481,0.0222481531023453,0.06444292622748295,-0.05907268237519269,0.277964262279343,-0.11124076551172649,-0.11277512089809515,0.009973310011396168,0.026084041568266905,-0.05753832698882405,0.08947347498262113,0,31,1,5,0,19,0,0,0,0,0,0,-32,276,44,112,0,200,34,34,35,35,30,38,123,121,122,121,121,122,-999,-999,-1.96
5.604797840118408,-0.1189125424435697,-0.01150766539776481,0.0222481531023453,0.06444292622748295,-0.05907268237519269,0.277964262279343,-0.11124076551172649,-0.11277512089809515,0.009973310011396168,0.026084041568266905,-0.05753832698882405,0.08947347498262113,0,30,1,6,0,16,0,0,0,0,0,0,-32,276,44,112,0,200,33,34,35,35,30,38,123,121,122,121,121,121,-999,-999,-1.96
5.620776176452637,-0.1189125424435697,-0.01150766539776481,0.0222481531023453,0.06444292622748295,-0.05907268237519269,0.277964262279343,-0.11124076551172649,-0.11277512089809515,0.009973310011396168,0.026084041568266905,-0.05753832698882405,0.08947347498262113,1,38,1,6,0,16,0,0,0,0,0,0,-32,276,44,112,0,200,34,34,35,35,30,38,123,120,122,121,121,121,-999,-999,-1.96
5.635944128036499,-0.1189125424435697,-0.01150766539776481,0.0222481531023453,0.06444292622748295,-0.05907268237519269,0.277964262279343,-0.11124076551172649,-0.11124076551172649,0.009973310011396168,0.026084041568266905,-0.05753832698882405,0.08947347498262113,0,36,1,6,0,18,0,0,0,0,0,0,-32,276,44,112,0,200,33,34,35,35,30,38,123,121,121,121,121,121,-999,-999,-1.96
5.651822328567505,-0.1189125424435697,-0.01150766539776481,0.0222481531023453,0.06444292622748295,-0.05907268237519269,0.277964262279343,-0.11124076551172649,-0.11124076551172649,0.009973310011396168,0.026084041568266905,-0.05753832698882405,0.08947347498262113,1,36,1,6,0,18,0,0,0,0,0,0,-32,272,44,112,0,200,34,34,35,35,30,38,123,121,122,121,121,122,-999,-999,-1.96
5.667823553085327,-0.1189125424435697,-0.01150766539776481,0.0222481531023453,0.06444292622748295,-0.05907268237519269,0.277964262279343,-0.11124076551172649,-0.11124076551172649,0.009973310011396168,0.026084041568266905,-0.05753832698882405,0.08947347498262113,1,36,1,6,0,16,0,0,0,0,0,0,-32,268,44,112,0,200,34,34,35,35,30,38,123,121,122,121,121,122,-999,-999,-1.96
5.682787656784058,-0.1189125424435697,-0.01150766539776481,0.0222481531023453,0.06444292622748295,-0.05907268237519269,0.277964262279343,-0.11124076551172649,-0.11124076551172649,0.009973310011396168,0.026084041568266905,-0.05753832698882405,0.08947347498262113,0,36,1,5,0,18,0,0,0,0,0,0,-32,272,44,112,0,200,34,34,35,35,30,38,123,121,122,121,121,121,-999,-999,-1.96
5.699815273284912,-0.1189125424435697,-0.01150766539776481,0.0222481531023453,0.06444292622748295,-0.05907268237519269,0.277964262279343,-0.11124076551172649,-0.11124076551172649,0.009973310011396168,0.026084041568266905,-0.05753832698882405,0.08947347498262113,0,36,1,5,0,16,0,0,0,0,0,0,-32,272,44,112,0,200,34,34,35,35,30,38,123,121,122,121,121,122,-999,-999,-1.96
5.715956926345825,-0.1189125424435697,-0.01150766539776481,0.0222481531023453,0.06444292622748295,-0.05907268237519269,0.277964262279343,-0.11124076551172649,-0.11124076551172649,0.009973310011396168,0.026084041568266905,-0.05753832698882405,0.08947347498262113,1,29,1,5,0,20,0,0,0,0,0,0,-32,272,44,112,0,200,33,34,35,35,30,38,123,121,122,121,121,121,-999,-999,-1.96
5.732934236526489,-0.1189125424435697,-0.01150766539776481,0.0222481531023453,0.06444292622748295,-0.05907268237519269,0.277964262279343,-0.11124076551172649,-0.11124076551172649,0.009973310011396168,0.026084041568266905,-0.05753832698882405,0.08947347498262113,1,33,1,6,0,16,0,0,0,0,0,0,-32,272,44,112,0,200,34,34,35,35,30,43,123,121,121,121,121,121,-999,-999,-1.96
5.747960567474365,-0.1189125424435697,-0.01150766539776481,0.0222481531023453,0.06444292622748295,-0.05907268237519269,0.277964262279343,-0.11124076551172649,-0.11124076551172649,0.009973310011396168,0.026084041568266905,-0.05753832698882405,0.08947347498262113,0,29,1,6,0,17,0,0,0,0,0,0,-32,272,44,112,0,200,34,34,35,35,30,38,123,121,121,121,121,121,-999,-999,-1.96
5.764798402786255,-0.1189125424435697,-0.01150766539776481,0.0222481531023453,0.06444292622748295,-0.05907268237519269,0.277964262279343,-0.11124076551172649,-0.11124076551172649,0.009973310011396168,0.026084041568266905,-0.05753832698882405,0.08947347498262113,1,29,1,6,0,17,0,0,0,0,0,0,-32,272,44,112,0,200,33,34,35,35,30,38,123,121,122,121,121,121,-999,-999,-1.96
5.780376672744751,-0.1189125424435697,-0.01150766539776481,0.0222481531023453,0.06444292622748295,-0.05907268237519269,0.277964262279343,-0.11124076551172649,-0.11124076551172649,0.009973310011396168,0.026084041568266905,-0.05753832698882405,0.08947347498262113,1,29,1,6,0,17,0,0,0,0,0,0,-32,272,44,112,0,200,34,34,35,35,30,38,123,121,122,121,121,121,-999,-999,-1.96
5.796826124191284,-0.1189125424435697,-0.01150766539776481,0.0222481531023453,0.06444292622748295,-0.05907268237519269,0.277964262279343,-0.11124076551172649,-0.11124076551172649,0.009973310011396168,0.026084041568266905,-0.05753832698882405,0.08947347498262113,1,29,1,6,0,16,0,0,0,0,0,0,-32,272,44,112,0,200,34,34,35,35,30,38,123,121,122,121,121,121,-999,-999,-1.96
5.813833475112915,-0.1189125424435697,-0.01150766539776481,0.0222481531023453,0.06444292622748295,-0.05907268237519269,0.277964262279343,-0.11124076551172649,-0.11124076551172649,0.009973310011396168,0.026084041568266905,-0.05753832698882405,0.08947347498262113,1,29,1,6,0,20,0,0,0,0,0,0,-32,272,44,112,0,200,34,34,35,35,30,38,123,120,122,121,121,122,-999,-999,-1.96
5.828974008560181,-0.1189125424435697,-0.01150766539776481,0.0222481531023453,0.06444292622748295,-0.05907268237519269,0.277964262279343,-0.11124076551172649,-0.11124076551172649,0.009973310011396168,0.026084041568266905,-0.05753832698882405,0.08947347498262113,1,36,1,6,0,16,0,0,0,0,0,0,-32,272,44,112,0,200,34,34,35,35,30,38,123,120,121,121,121,121,-999,-999,-1.96
5.84499716758728,-0.1189125424435697,-0.01150766539776481,0.0222481531023453,0.06444292622748295,-0.05907268237519269,0.277964262279343,-0.11124076551172649,-0.11124076551172649,0.009973310011396168,0.026084041568266905,-0.05753832698882405,0.08947347498262113,0,29,2,6,0,16,0,0,0,0,0,0,-32,272,44,112,0,200,33,34,35,35,30,38,123,121,121,121,121,122,-999,-999,-1.96
5.860854625701904,-0.1189125424435697,-0.01150766539776481,0.0222481531023453,0.06444292622748295,-0.05907268237519269,0.277964262279343,-0.11124076551172649,-0.11124076551172649,0.009973310011396168,0.026084041568266905,-0.05907268237519269,0.08947347498262113,0,35,1,5,0,16,0,0,0,0,0,0,-32,272,44,112,0,200,34,34,35,35,30,38,123,121,121,121,121,121,-999,-999,-1.96
5.876860857009888,-0.1189125424435697,-0.01150766539776481,0.0222481531023453,0.06444292622748295,-0.05907268237519269,0.277964262279343,-0.11124076551172649,-0.11124076551172649,0.009973310011396168,0.026084041568266905,-0.05907268237519269,0.08947347498262113,1,29,0,6,0,17,0,0,0,0,0,0,-32,272,44,112,0,200,34,34,35,35,30,38,123,121,122,121,121,121,-999,-999,-1.96
5.89382004737854,-0.1189125424435697,-0.01150766539776481,0.0222481531023453,0.06444292622748295,-0.05907268237519269,0.277964262279343,-0.11124076551172649,-0.11124076551172649,0.009973310011396168,0.026084041568266905,-0.05907268237519269,0.08947347498262113,0,35,1,6,0,16,0,0,0,0,0,0,-32,272,44,112,0,200,33,34,35,35,30,38,123,121,122,121,121,121,-999,-999,-1.96
5.908851146697998,-0.1189125424435697,-0.01150766539776481,0.0222481531023453,0.06444292622748295,-0.05907268237519269,0.277964262279343,-0.11124076551172649,-0.11124076551172649,0.009973310011396168,0.026084041568266905,-0.05907268237519269,0.08947347498262113,0,38,1,6,0,16,0,0,0,0,0,0,-32,272,44,112,0,200,34,34,35,35,30,38,123,121,122,121,121,122,-999,-999,-1.96
5.924862623214722,-0.1189125424435697,-0.01150766539776481,0.0222481531023453,0.06444292622748295,-0.05907268237519269,0.277964262279343,-0.11124076551172649,-0.11124076551172649,0.009973310011396168,0.026084041568266905,-0.05907268237519269,0.08947347498262113,0,36,1,6,0,16,0,0,0,0,0,0,-32,272,44,112,0,200,34,34,35,35,30,38,123,121,122,121,121,122,-999,-999,-1.96
5.940992832183838,-0.1189125424435697,-0.01150766539776481,0.0222481531023453,0.06444292622748295,-0.05907268237519269,0.277964262279343,-0.11124076551172649,-0.11124076551172649,0.009973310011396168,0.026084041568266905,-0.05907268237519269,0.08947347498262113,1,29,1,6,0,16,0,0,0,0,0,0,-32,272,44,112,0,200,34,34,35,35,30,38,123,121,122,121,121,121,-999,-999,-1.96
5.956966876983643,-0.1189125424435697,-0.01150766539776481,0.0222481531023453,0.06444292622748295,-0.05907268237519269,0.277964262279343,-0.11124076551172649,-0.11124076551172649,0.009973310011396168,0.026084041568266905,-0.05907268237519269,0.08947347498262113,0,30,1,6,0,16,0,0,0,0,0,0,-32,272,44,112,0,200,34,34,35,35,30,38,123,121,122,121,121,121,-999,-999,-1.96
5.973425388336182,-0.1189125424435697,-0.01150766539776481,0.0222481531023453,0.06444292622748295,-0.05907268237519269,0.277964262279343,-0.11124076551172649,-0.11124076551172649,0.009973310011396168,0.026084041568266905,-0.05907268237519269,0.08947347498262113,0,36,1,6,0,18,0,0,0,0,0,0,-32,272,44,112,0,200,34,34,35,35,30,38,122,121,122,121,121,122,-999,-999,-1.96
5.98985743522644,-0.1189125424435697,-0.01150766539776481,0.0222481531023453,0.06444292622748295,-0.05907268237519269,0.277964262279343,-0.11124076551172649,-0.11124076551172649,0.009973310011396168,0.026084041568266905,-0.05907268237519269,0.08947347498262113,0,34,1,5,0,20,0,0,0,0,0,0,-32,272,44,112,0,200,34,34,35,35,30,38,123,121,122,121,121,121,-999,-999,-1.96
6.004887342453003,-0.1189125424435697,-0.01150766539776481,0.0222481531023453,0.06444292622748295,-0.05907268237519269,0.277964262279343,-0.11124076551172649,-0.11124076551172649,0.009973310011396168,0.026084041568266905,-0.05907268237519269,0.08947347498262113,1,31,1,5,0,16,0,0,0,0,0,0,-32,272,44,112,0,200,33,34,35,35,30,38,122,121,122,121,121,121,-999,-999,-1.96
6.020896673202515,-0.1189125424435697,-0.01150766539776481,0.0222481531023453,0.06444292622748295,-0.05907268237519269,0.277964262279343,-0.11124076551172649,-0.11124076551172649,0.009973310011396168,0.026084041568266905,-0.05907268237519269,0.08947347498262113,1,35,1,6,0,16,0,0,0,0,0,0,-32,272,44,112,0,200,34,34,35,35,30,38,123,121,122,121,121,121,-999,-999,-1.96
6.037008047103882,-0.1189125424435697,-0.01150766539776481,0.0222481531023453,0.06444292622748295,-0.05907268237519269,0.277964262279343,-0.11124076551172649,-0.11124076551172649,0.009973310011396168,0.026084041568266905,-0.05907268237519269,0.08947347498262113,0,29,1,5,0,18,0,0,0,0,0,0,-32,272,44,112,0,200,33,34,35,35,30,38,123,121,122,121,121,122,-999,-999,-1.96
6.053014516830444,-0.1189125424435697,-0.01150766539776481,0.0222481531023453,0.06444292622748295,-0.05907268237519269,0.277964262279343,-0.11124076551172649,-0.11124076551172649,0.009973310011396168,0.027618396954635544,-0.05907268237519269,0.08947347498262113,0,29,1,6,0,18,0,0,0,0,0,0,-32,272,44,112,0,200,34,34,35,35,30,38,123,121,122,121,121,121,-999,-999,-1.96
6.070873022079468,-0.1189125424435697,-0.01150766539776481,0.0222481531023453,0.06444292622748295,-0.05907268237519269,0.277964262279343,-0.11124076551172649,-0.11124076551172649,0.009973310011396168,0.027618396954635544,-0.05907268237519269,0.08947347498262113,1,35,1,5,0,16,0,0,0,0,0,0,-32,272,44,104,0,200,33,34,35,35,30,38,123,121,121,121,121,122,-999,-999,-1.96
6.086886405944824,-0.1189125424435697,-0.01150766539776481,0.0222481531023453,0.06444292622748295,-0.05907268237519269,0.277964262279343,-0.11124076551172649,-0.11124076551172649,0.009973310011396168,0.027618396954635544,-0.05907268237519269,0.08947347498262113,0,29,1,6,0,8,0,0,0,0,0,0,-32,272,44,108,0,200,33,34,35,36,30,38,123,121,122,121,121,121,-999,-999,-1.96
6.101858377456665,-0.1189125424435697,-0.01150766539776481,0.0222481531023453,0.06444292622748295,-0.05907268237519269,0.277964262279343,-0.11124076551172649,-0.11124076551172649,0.009973310011396168,0.027618396954635544,-0.05907268237519269,0.08947347498262113,0,33,1,6,0,17,0,0,0,0,0,0,-32,272,44,108,0,200,34,34,35,35,30,38,123,121,122,121,121,121,-999,-999,-1.96
6.117431402206421,-0.1189125424435697,-0.01150766539776481,0.0222481531023453,0.06444292622748295,-0.05907268237519269,0.277964262279343,-0.11124076551172649,-0.11124076551172649,0.009973310011396168,0.027618396954635544,-0.05907268237519269,0.08947347498262113,0,29,1,5,0,18,0,0,0,0,0,0,-32,272,44,108,0,200,34,34,35,35,30,38,123,121,122,121,121,121,-999,-999,-1.96
6.133026123046875,-0.1189125424435697,-0.01150766539776481,0.0222481531023453,0.06444292622748295,-0.05907268237519269,0.277964262279343,-0.11124076551172649,-0.11124076551172649,0.009973310011396168,0.027618396954635544,-0.06060703776156134,0.08947347498262113,0,32,1,6,0,17,0,0,0,0,0,0,-32,272,44,108,0,200,33,34,35,35,30,38,123,121,122,121,120,121,-999,-999,-1.96
6.14990758895874,-0.1189125424435697,-0.01150766539776481,0.0222481531023453,0.06444292622748295,-0.05907268237519269,0.277964262279343,-0.11124076551172649,-0.11124076551172649,0.009973310011396168,0.027618396954635544,-0.06060703776156134,0.08947347498262113,0,29,1,5,0,17,0,0,0,0,0,0,-32,272,44,108,0,200,34,34,35,35,30,38,123,121,122,121,121,122,-999,-999,-1.96
6.16602897644043,-0.1189125424435697,-0.01150766539776481,0.0222481531023453,0.06444292622748295,-0.05907268237519269,0.277964262279343,-0.11124076551172649,-0.11124076551172649,0.009973310011396168,0.027618396954635544,-0.06060703776156134,0.08947347498262113,0,32,1,6,0,17,0,0,0,0,0,0,-32,272,44,108,0,200,34,34,35,35,30,38,123,121,122,121,121,121,-999,-999,-1.96
6.182459354400635,-0.1189125424435697,-0.01150766539776481,0.0222481531023453,0.06444292622748295,-0.05907268237519269,0.277964262279343,-0.11124076551172649,-0.11124076551172649,0.009973310011396168,0.027618396954635544,-0.06060703776156134,0.08947347498262113,0,29,2,6,0,17,0,0,0,0,0,0,-32,272,44,108,0,200,34,34,35,35,30,38,123,121,122,121,121,122,-999,-999,-1.96
6.198054552078247,-0.1189125424435697,-0.01150766539776481,0.0222481531023453,0.06444292622748295,-0.05907268237519269,0.277964262279343,-0.11124076551172649,-0.11124076551172649,0.009973310011396168,0.027618396954635544,-0.06060703776156134,0.08947347498262113,1,35,1,5,0,19,0,0,0,0,0,0,-32,272,44,108,0,200,33,34,35,35,30,38,123,121,122,121,121,121,-999,-999,-1.96
6.21403169631958,-0.1189125424435697,-0.01150766539776481,0.0222481531023453,0.06444292622748295,-0.05907268237519269,0.277964262279343,-0.11124076551172649,-0.11124076551172649,0.009973310011396168,0.027618396954635544,-0.06060703776156134,0.08947347498262113,1,32,1,5,0,17,0,0,0,0,0,0,-32,272,44,108,0,200,34,34,35,35,30,38,123,121,121,121,121,121,-999,-999,-1.96
6.230053901672363,-0.1189125424435697,-0.01150766539776481,0.0222481531023453,0.06444292622748295,-0.05907268237519269,0.277964262279343,-0.11124076551172649,-0.11124076551172649,0.009973310011396168,0.027618396954635544,-0.06060703776156134,0.08947347498262113,1,34,1,6,0,21,0,0,0,0,0,0,-32,272,44,108,0,200,34,34,35,35,30,38,123,121,122,121,121,121,-999,-999,-1.96
6.245917320251465,-0.1189125424435697,-0.01150766539776481,0.0222481531023453,0.06444292622748295,-0.05907268237519269,0.277964262279343,-0.11124076551172649,-0.11124076551172649,0.009973310011396168,0.027618396954635544,-0.06060703776156134,0.08947347498262113,0,31,1,5,0,16,0,0,0,0,0,0,-32,272,44,108,0,200,34,34,35,35,30,38,123,121,122,121,121,121,-999,-999,-1.96
6.262107610702515,-0.1189125424435697,-0.01150766539776481,0.0222481531023453,0.06444292622748295,-0.05907268237519269,0.277964262279343,-0.11124076551172649,-0.11124076551172649,0.009973310011396168,0.027618396954635544,-0.06060703776156134,0.08947347498262113,1,31,1,5,0,21,0,0,0,0,0,0,-32,272,44,108,0,200,34,34,35,35,30,38,123,121,122,121,121,122,-999,-999,-1.96
6.27790093421936,-0.1189125424435697,-0.01150766539776481,0.0222481531023453,0.06444292622748295,-0.05907268237519269,0.277964262279343,-0.11124076551172649,-0.11124076551172649,0.009973310011396168,0.027618396954635544,-0.06060703776156134,0.08947347498262113,1,30,0,5,0,21,0,0,0,0,0,0,-32,272,44,108,0,200,34,34,35,35,30,38,123,121,121,121,121,121,-999,-999,-1.96
6.293906211853027,-0.1189125424435697,-0.01150766539776481,0.0222481531023453,0.06444292622748295,-0.05907268237519269,0.277964262279343,-0.11124076551172649,-0.11124076551172649,0.009973310011396168,0.027618396954635544,-0.06060703776156134,0.08947347498262113,0,39,1,5,0,17,0,0,0,0,0,0,-32,272,44,108,0,200,34,34,35,35,30,38,123,121,122,121,121,121,-999,-999,-1.96
6.310949802398682,-0.1189125424435697,-0.01150766539776481,0.0222481531023453,0.06444292622748295,-0.05907268237519269,0.277964262279343,-0.11124076551172649,-0.11124076551172649,0.009973310011396168,0.027618396954635544,-0.06060703776156134,0.08947347498262113,1,36,1,5,0,18,0,0,0,0,0,0,-32,272,44,108,0,200,34,34,35,35,30,38,123,121,122,121,121,121,-999,-999,-1.96
6.325923919677734,-0.1189125424435697,-0.01150766539776481,0.0222481531023453,0.06444292622748295,-0.05907268237519269,0.277964262279343,-0.11124076551172649,-0.11124076551172649,0.009973310011396168,0.027618396954635544,-0.06060703776156134,0.08947347498262113,1,32,1,5,0,18,0,0,0,0,0,0,-32,272,44,108,0,200,33,34,35,35,30,38,122,121,121,121,121,122,-999,-999,-1.96
6.34207010269165,-0.1189125424435697,-0.01150766539776481,0.0222481531023453,0.06444292622748295,-0.05907268237519269,0.277964262279343,-0.11124076551172649,-0.11124076551172649,0.009973310011396168,0.027618396954635544,-0.06060703776156134,0.08947347498262113,0,38,1,5,0,19,0,0,0,0,0,0,-32,272,44,108,0,200,34,34,35,35,30,38,123,121,122,121,121,121,-999,-999,-1.96
6.35802960395813,-0.1189125424435697,-0.01150766539776481,0.0222481531023453,0.06444292622748295,-0.05907268237519269,0.277964262279343,-0.11124076551172649,-0.11124076551172649,0.009973310011396168,0.027618396954635544,-0.06060703776156134,0.08947347498262113,0,36,2,5,0,16,0,0,0,0,0,0,-32,272,44,108,0,200,34,34,35,35,31,38,123,121,122,121,121,121,-999,-999,-1.96
6.374902963638306,-0.1189125424435697,-0.01150766539776481,0.0222481531023453,0.06444292622748295,-0.05907268237519269,0.277964262279343,-0.11124076551172649,-0.11124076551172649,0.009973310011396168,0.027618396954635544,-0.06060703776156134,0.08947347498262113,1,36,1,6,0,17,0,0,0,0,0,0,-32,272,44,108,0,200,34,34,35,35,30,38,123,121,122,121,121,121,-999,-999,-1.96
6.390881061553955,-0.1189125424435697,-0.01150766539776481,0.0222481531023453,0.06444292622748295,-0.05907268237519269,0.277964262279343,-0.11124076551172649,-0.11124076551172649,0.009973310011396168,0.027618396954635544,-0.06060703776156134,0.08947347498262113,1,29,1,5,0,17,0,0,0,0,0,0,-32,272,44,108,0,200,34,34,35,35,30,38,123,121,121,121,121,120,-999,-999,-1.96
6.4070351123809814,-0.1189125424435697,-0.01150766539776481,0.0222481531023453,0.06444292622748295,-0.05907268237519269,0.277964262279343,-0.11124076551172649,-0.11124076551172649,0.009973310011396168,0.027618396954635544,-0.06060703776156134,0.08947347498262113,0,28,1,5,0,21,0,0,0,0,0,0,-32,272,44,108,0,200,34,34,35,35,30,38,123,120,122,121,121,122,-999,-999,-1.96
6.422918796539307,-0.1189125424435697,-0.01150766539776481,0.0222481531023453,0.06444292622748295,-0.05907268237519269,0.277964262279343,-0.11124076551172649,-0.11124076551172649,0.009973310011396168,0.027618396954635544,-0.06060703776156134,0.08947347498262113,0,29,2,6,0,20,0,0,0,0,0,0,-32,272,44,108,0,200,34,34,35,36,30,38,123,121,122,121,121,121,-999,-999,-1.96
6.438924074172974,-0.1189125424435697,-0.01150766539776481,0.0222481531023453,0.06444292622748295,-0.05907268237519269,0.277964262279343,-0.11124076551172649,-0.11124076551172649,0.009973310011396168,0.027618396954635544,-0.06060703776156134,0.08947347498262113,1,29,1,5,0,18,0,0,0,0,0,0,-32,272,44,108,0,200,34,34,35,35,30,38,122,121,122,121,121,121,-999,-999,-1.96
6.454918146133423,-0.1189125424435697,-0.01150766539776481,0.0222481531023453,0.06444292622748295,-0.05907268237519269,0.277964262279343,-0.11124076551172649,-0.11124076551172649,0.009973310011396168,0.027618396954635544,-0.06060703776156134,0.08947347498262113,1,35,1,5,0,17,0,0,0,0,0,0,-32,272,44,108,0,200,34,34,35,35,30,38,122,121,122,121,121,122,-999,-999,-1.96
6.471044063568115,-0.1189125424435697,-0.01150766539776481,0.0222481531023453,0.06444292622748295,-0.05907268237519269,0.277964262279343,-0.11124076551172649,-0.11124076551172649,0.009973310011396168,0.027618396954635544,-0.06060703776156134,0.08947347498262113,1,29,1,5,0,16,0,0,0,0,0,0,-32,272,44,108,0,200,34,34,35,35,30,38,122,121,121,121,121,122,-999,-999,-1.96
6.486932992935181,-0.1189125424435697,-0.01150766539776481,0.0222481531023453,0.06444292622748295,-0.05907268237519269,0.277964262279343,-0.11124076551172649,-0.11124076551172649,0.009973310011396168,0.027618396954635544,-0.06060703776156134,0.08947347498262113,0,35,1,6,0,16,0,0,0,0,0,0,-32,272,44,108,0,200,34,34,35,35,30,38,123,121,122,121,121,122,-999,-999,-1.96
6.502939701080322,-0.1189125424435697,-0.01150766539776481,0.0222481531023453,0.06444292622748295,-0.05907268237519269,0.277964262279343,-0.11124076551172649,-0.11124076551172649,0.009973310011396168,0.027618396954635544,-0.06060703776156134,0.08947347498262113,1,37,1,5,0,16,0,0,0,0,0,0,-32,272,44,108,0,200,33,34,35,35,30,38,123,121,122,121,121,121,-999,-999,-1.96
6.518942356109619,-0.1189125424435697,-0.01150766539776481,0.0222481531023453,0.06444292622748295,-0.05907268237519269,0.277964262279343,-0.11124076551172649,-0.11124076551172649,0.009973310011396168,0.027618396954635544,-0.06060703776156134,0.08947347498262113,1,33,1,5,0,18,0,0,0,0,0,0,-32,272,44,108,0,200,34,34,34,35,30,38,123,121,121,121,121,121,-999,-999,-1.96
6.535091161727905,-0.1189125424435697,-0.01150766539776481,0.0222481531023453,0.06444292622748295,-0.05907268237519269,0.277964262279343,-0.11124076551172649,-0.11124076551172649,0.009973310011396168,0.027618396954635544,-0.06060703776156134,0.08947347498262113,1,37,2,5,0,18,0,0,0,0,0,0,-32,272,44,108,0,200,33,34,35,35,30,38,123,121,122,121,121,121,-999,-999,-1.96
6.5519232749938965,-0.1189125424435697,-0.01150766539776481,0.0222481531023453,0.06444292622748295,-0.05907268237519269,0.277964262279343,-0.11124076551172649,-0.11124076551172649,0.009973310011396168,0.027618396954635544,-0.06060703776156134,0.08947347498262113,0,32,1,5,0,16,0,0,0,0,0,0,-32,272,44,108,0,200,34,34,35,35,30,38,123,121,122,121,121,122,-999,-999,-1.96
6.566970348358154,-0.1189125424435697,-0.01150766539776481,0.0222481531023453,0.06444292622748295,-0.05907268237519269,0.277964262279343,-0.11124076551172649,-0.11124076551172649,0.009973310011396168,0.027618396954635544,-0.06060703776156134,0.08947347498262113,1,35,1,5,0,16,0,0,0,0,0,0,-32,272,44,108,0,200,33,34,35,35,30,38,123,121,122,121,121,122,-999,-999,-1.96
6.5830841064453125,-0.1189125424435697,-0.01150766539776481,0.0222481531023453,0.06444292622748295,-0.05907268237519269,0.277964262279343,-0.11124076551172649,-0.11124076551172649,0.009973310011396168,0.027618396954635544,-0.06060703776156134,0.08947347498262113,1,29,1,5,0,17,0,0,0,0,0,0,-32,272,44,108,0,200,34,34,35,35,30,38,123,121,122,121,111,121,-999,-999,-1.96
6.599526405334473,-0.1189125424435697,-0.01150766539776481,0.0222481531023453,0.06444292622748295,-0.05907268237519269,0.277964262279343,-0.11124076551172649,-0.11124076551172649,0.009973310011396168,0.027618396954635544,-0.06060703776156134,0.08947347498262113,1,28,1,5,0,20,0,0,0,0,0,0,-32,272,44,108,0,200,34,34,35,35,30,38,122,121,121,121,121,121,-999,-999,-1.96
6.615527391433716,-0.1189125424435697,-0.01150766539776481,0.0222481531023453,0.06444292622748295,-0.05907268237519269,0.277964262279343,-0.11124076551172649,-0.11124076551172649,0.009973310011396168,0.027618396954635544,-0.06060703776156134,0.08947347498262113,0,29,1,5,0,20,0,0,0,0,0,0,-32,272,44,108,0,200,34,34,35,35,30,38,123,122,122,121,121,121,-999,-999,-1.96
6.6319568157196045,-0.1189125424435697,-0.01150766539776481,0.0222481531023453,0.06444292622748295,-0.05907268237519269,0.277964262279343,-0.11124076551172649,-0.11124076551172649,0.009973310011396168,0.027618396954635544,-0.06060703776156134,0.08947347498262113,0,36,1,5,0,16,0,0,0,0,0,0,-32,272,44,108,0,200,33,34,35,35,30,38,122,121,122,121,121,121,-999,-999,-1.96
6.6469738483428955,-0.1189125424435697,-0.01150766539776481,0.0222481531023453,0.06444292622748295,-0.05907268237519269,0.277964262279343,-0.11124076551172649,-0.11124076551172649,0.009973310011396168,0.027618396954635544,-0.06060703776156134,0.08947347498262113,1,31,1,5,0,20,0,0,0,0,0,0,-32,272,44,108,0,200,34,34,35,35,30,38,122,121,122,121,121,121,-999,-999,-1.96
6.663527011871338,-0.1189125424435697,-0.01150766539776481,0.0222481531023453,0.06444292622748295,-0.05907268237519269,0.277964262279343,-0.11124076551172649,-0.11124076551172649,0.009973310011396168,0.027618396954635544,-0.06060703776156134,0.08947347498262113,0,33,1,5,0,16,0,0,0,0,0,0,-32,272,44,108,0,200,34,34,35,35,30,38,123,121,121,121,121,122,-999,-999,-1.96
6.6799681186676025,-0.1189125424435697,-0.01150766539776481,0.0222481531023453,0.06444292622748295,-0.05907268237519269,0.277964262279343,-0.11124076551172649,-0.11124076551172649,0.009973310011396168,0.027618396954635544,-0.06060703776156134,0.08947347498262113,1,30,2,5,0,16,0,0,0,0,0,0,-32,272,44,108,0,200,33,34,35,35,30,38,123,121,121,121,121,122,-999,-999,-1.96
6.69599461555481,-0.1189125424435697,-0.01150766539776481,0.0222481531023453,0.06444292622748295,-0.05907268237519269,0.277964262279343,-0.11124076551172649,-0.11124076551172649,0.009973310011396168,0.027618396954635544,-0.06060703776156134,0.08947347498262113,0,36,1,5,0,18,0,0,0,0,0,0,-32,272,44,108,0,200,34,34,35,35,30,38,122,121,122,121,121,121,-999,-999,-1.96
6.711991786956787,-0.1189125424435697,-0.01150766539776481,0.0222481531023453,0.06444292622748295,-0.05907268237519269,0.277964262279343,-0.11124076551172649,-0.11124076551172649,0.009973310011396168,0.027618396954635544,-0.06060703776156134,0.08947347498262113,0,29,1,6,0,16,0,0,0,0,0,0,-32,272,44,108,0,200,33,34,35,35,30,38,122,121,122,121,121,121,-999,-999,-1.96
6.727985858917236,-0.1189125424435697,-0.01150766539776481,0.0222481531023453,0.06444292622748295,-0.05907268237519269,0.277964262279343,-0.11124076551172649,-0.11124076551172649,0.009973310011396168,0.027618396954635544,-0.06060703776156134,0.08947347498262113,1,29,1,5,0,18,0,0,0,0,0,0,-32,272,44,108,0,200,34,34,35,35,30,38,122,121,121,121,121,121,-999,-999,-1.96
6.744112491607666,-0.1189125424435697,-0.01150766539776481,0.0222481531023453,0.06444292622748295,-0.05907268237519269,0.277964262279343,-0.11124076551172649,-0.11124076551172649,0.009973310011396168,0.027618396954635544,-0.06060703776156134,0.08947347498262113,1,29,1,5,0,20,0,0,0,0,0,0,-32,272,44,108,0,200,34,34,35,35,30,38,122,121,122,121,121,121,-999,-999,-1.96
6.760005712509155,-0.1189125424435697,-0.01150766539776481,0.0222481531023453,0.06444292622748295,-0.05907268237519269,0.277964262279343,-0.11124076551172649,-0.11124076551172649,0.009973310011396168,0.027618396954635544,-0.06060703776156134,0.08947347498262113,1,35,1,5,0,16,0,0,0,0,0,0,-32,272,44,108,0,200,34,34,35,35,30,38,122,121,122,120,121,121,-999,-999,-1.96
6.7760865688323975,-0.1189125424435697,-0.01150766539776481,0.0222481531023453,0.06444292622748295,-0.05907268237519269,0.277964262279343,-0.11124076551172649,-0.11124076551172649,0.009973310011396168,0.027618396954635544,-0.06060703776156134,0.08947347498262113,0,29,1,5,0,16,0,0,0,0,0,0,-32,272,44,108,0,200,34,34,35,35,30,38,123,121,122,121,121,122,-999,-999,-1.96
6.792119741439819,-0.1189125424435697,-0.01150766539776481,0.0222481531023453,0.06444292622748295,-0.05907268237519269,0.277964262279343,-0.11124076551172649,-0.11124076551172649,0.009973310011396168,0.027618396954635544,-0.06060703776156134,0.08947347498262113,1,29,1,5,0,17,0,0,0,0,0,0,-32,272,44,108,0,200,34,34,35,35,30,38,123,121,121,121,121,122,-999,-999,-1.96
6.808133840560913,-0.1189125424435697,-0.01150766539776481,0.0222481531023453,0.06444292622748295,-0.05907268237519269,0.277964262279343,-0.11124076551172649,-0.11124076551172649,0.009973310011396168,0.027618396954635544,-0.06060703776156134,0.08947347498262113,1,30,1,5,0,16,0,0,0,0,0,0,-32,272,44,108,0,200,33,34,35,35,30,38,123,121,122,121,121,121,-999,-999,-1.96
6.824559688568115,-0.1189125424435697,-0.01150766539776481,0.0222481531023453,0.06444292622748295,-0.05907268237519269,0.277964262279343,-0.11124076551172649,-0.11124076551172649,0.009973310011396168,0.027618396954635544,-0.06060703776156134,0.08947347498262113,0,30,1,5,0,16,0,0,0,0,0,0,-32,272,44,108,0,200,34,34,35,35,30,38,123,121,122,121,121,121,-999,-999,-1.96
6.8401007652282715,-0.1189125424435697,-0.01150766539776481,0.0222481531023453,0.06444292622748295,-0.05907268237519269,0.277964262279343,-0.11124076551172649,-0.11124076551172649,0.009973310011396168,0.027618396954635544,-0.06060703776156134,0.08947347498262113,1,36,1,5,0,16,0,0,0,0,0,0,-32,272,44,108,0,200,33,34,35,35,30,38,123,121,122,121,121,121,-999,-999,-1.96
6.855968713760376,-0.1189125424435697,-0.01150766539776481,0.0222481531023453,0.06444292622748295,-0.05907268237519269,0.277964262279343,-0.11124076551172649,-0.11124076551172649,0.009973310011396168,0.027618396954635544,-0.06060703776156134,0.08947347498262113,0,29,1,4,0,20,0,0,0,0,0,0,-32,272,44,108,0,200,34,34,36,35,30,38,123,121,122,121,121,121,-999,-999,-1.96
6.8719987869262695,-0.1189125424435697,-0.01150766539776481,0.0222481531023453,0.06444292622748295,-0.05907268237519269,0.277964262279343,-0.11124076551172649,-0.11124076551172649,0.009973310011396168,0.027618396954635544,-0.06060703776156134,0.08947347498262113,1,37,1,6,0,16,0,0,0,0,0,0,-32,272,44,108,0,200,34,34,35,35,30,38,123,121,122,115,121,121,-999,-999,-1.96
6.887996673583984,-0.1189125424435697,-0.01150766539776481,0.0222481531023453,0.06444292622748295,-0.05907268237519269,0.277964262279343,-0.11124076551172649,-0.11124076551172649,0.009973310011396168,0.027618396954635544,-0.06060703776156134,0.08947347498262113,0,28,1,5,0,17,0,0,0,0,0,0,-32,272,44,108,0,200,34,34,35,35,30,38,123,122,122,121,121,121,-999,-999,-1.96
6.904134750366211,-0.1189125424435697,-0.01150766539776481,0.0222481531023453,0.06444292622748295,-0.05907268237519269,0.277964262279343,-0.11124076551172649,-0.11124076551172649,0.009973310011396168,0.027618396954635544,-0.06060703776156134,0.08947347498262113,1,29,1,4,0,20,0,0,0,0,0,0,-32,272,44,108,0,200,34,34,35,35,30,38,123,121,122,121,121,121,-999,-999,-1.96
6.920003652572632,-0.1189125424435697,-0.01150766539776481,0.0222481531023453,0.06444292622748295,-0.05907268237519269,0.277964262279343,-0.11124076551172649,-0.11124076551172649,0.009973310011396168,0.027618396954635544,-0.06060703776156134,0.08947347498262113,1,36,1,5,0,19,0,0,0,0,0,0,-32,272,44,108,0,200,34,34,35,35,30,38,123,121,121,121,121,121,-999,-999,-1.96
6.936975717544556,-0.1189125424435697,-0.01150766539776481,0.0222481531023453,0.06444292622748295,-0.05907268237519269,0.277964262279343,-0.11124076551172649,-0.11124076551172649,0.009973310011396168,0.027618396954635544,-0.06060703776156134,0.08947347498262113,0,32,1,5,0,21,0,0,0,0,0,0,-32,272,44,108,0,200,34,34,35,35,30,38,123,121,121,121,121,121,-999,-999,-1.96
6.952114582061768,-0.1189125424435697,-0.01150766539776481,0.0222481531023453,0.06444292622748295,-0.05907268237519269,0.277964262279343,-0.11124076551172649,-0.11124076551172649,0.009973310011396168,0.027618396954635544,-0.06060703776156134,0.08947347498262113,0,35,1,5,0,18,0,0,0,0,0,0,-32,272,44,108,0,200,34,34,35,35,30,38,123,121,122,121,121,121,-999,-999,-1.96
6.968553066253662,-0.1189125424435697,-0.01150766539776481,0.0222481531023453,0.06444292622748295,-0.05907268237519269,0.277964262279343,-0.11124076551172649,-0.11124076551172649,0.009973310011396168,0.027618396954635544,-0.06060703776156134,0.08947347498262113,1,33,1,5,0,16,0,0,0,0,0,0,-32,272,44,108,0,200,34,34,35,35,30,38,123,121,122,121,121,122,-999,-999,-1.96
6.984553337097168,-0.1189125424435697,-0.01150766539776481,0.0222481531023453,0.06444292622748295,-0.05907268237519269,0.277964262279343,-0.11124076551172649,-0.11124076551172649,0.009973310011396168,0.027618396954635544,-0.06060703776156134,0.08947347498262113,1,29,1,5,0,17,0,0,0,0,0,0,-32,272,44,108,0,200,33,34,35,35,30,38,123,121,122,121,121,122,-999,-999,-1.96
7.002145528793335,-0.1189125424435697,-0.01150766539776481,0.0222481531023453,0.06444292622748295,-0.05907268237519269,0.277964262279343,-0.11124076551172649,-0.11124076551172649,0.009973310011396168,0.027618396954635544,-0.06060703776156134,0.08947347498262113,1,29,1,5,0,17,0,0,0,0,0,0,-32,272,44,108,0,200,34,34,35,35,30,38,123,121,122,121,121,121,-999,-999,-1.96
7.017153024673462,-0.1189125424435697,-0.01150766539776481,0.0222481531023453,0.06444292622748295,-0.05907268237519269,0.277964262279343,-0.11124076551172649,-0.11124076551172649,0.009973310011396168,0.027618396954635544,-0.06060703776156134,0.08947347498262113,0,33,1,5,0,16,0,0,0,0,0,0,-32,272,44,108,0,200,34,34,35,35,30,38,123,121,122,121,121,121,-999,-999,-1.96
7.033560514450073,-0.1189125424435697,-0.01150766539776481,0.0222481531023453,0.06444292622748295,-0.05907268237519269,0.277964262279343,-0.11124076551172649,-0.11124076551172649,0.009973310011396168,0.027618396954635544,-0.06060703776156134,0.08947347498262113,0,33,1,5,0,21,0,0,0,0,0,0,-32,272,44,108,0,200,34,34,35,35,30,38,123,121,122,121,121,122,-999,-999,-1.96
7.0485663414001465,-0.1189125424435697,-0.01150766539776481,0.0222481531023453,0.06444292622748295,-0.05907268237519269,0.277964262279343,-0.11124076551172649,-0.11124076551172649,0.009973310011396168,0.027618396954635544,-0.06060703776156134,0.08947347498262113,1,30,1,5,0,18,0,0,0,0,0,0,-32,272,44,108,0,200,34,34,35,35,30,38,122,121,122,121,121,121,-999,-999,-1.96
7.066007852554321,-0.1189125424435697,-0.01150766539776481,0.0222481531023453,0.06444292622748295,-0.05907268237519269,0.277964262279343,-0.11124076551172649,-0.11124076551172649,0.009973310011396168,0.029152752341004187,-0.06060703776156134,0.08947347498262113,1,33,1,5,0,16,0,0,0,0,0,0,-32,272,44,108,0,200,34,34,35,35,30,38,123,121,121,121,121,121,-999,-999,-1.96
7.081014156341553,-0.1189125424435697,-0.01150766539776481,0.0222481531023453,0.06444292622748295,-0.05907268237519269,0.277964262279343,-0.11124076551172649,-0.11124076551172649,0.01150766539776481,0.029152752341004187,-0.06060703776156134,0.08947347498262113,0,30,1,4,0,19,0,0,0,0,0,0,-32,272,44,100,0,200,33,34,35,35,30,38,123,121,121,121,121,122,-999,-999,-1.96
7.098027229309082,-0.1189125424435697,-0.01150766539776481,0.0222481531023453,0.06444292622748295,-0.05907268237519269,0.277964262279343,-0.11124076551172649,-0.11124076551172649,0.013042020784133452,0.029152752341004187,-0.06060703776156134,0.08947347498262113,1,36,1,5,0,18,0,0,0,0,0,0,-32,272,36,104,0,200,34,34,35,35,30,38,123,121,122,121,121,121,-999,-999,-1.96
7.113001585006714,-0.1189125424435697,-0.01150766539776481,0.0222481531023453,0.06444292622748295,-0.05907268237519269,0.277964262279343,-0.11124076551172649,-0.11124076551172649,0.017645086943239376,0.029152752341004187,-0.06060703776156134,0.08947347498262113,0,29,1,5,0,17,0,0,0,0,0,0,-32,272,32,104,0,200,34,34,35,35,30,38,122,121,122,121,121,122,-999,-999,-1.96
7.1301445960998535,-0.1189125424435697,-0.01150766539776481,0.0222481531023453,0.06444292622748295,-0.05907268237519269,0.277964262279343,-0.11124076551172649,-0.11124076551172649,0.02071379771597666,0.029152752341004187,-0.06060703776156134,0.08947347498262113,1,36,0,4,0,19,0,0,0,0,0,0,-32,272,20,104,0,200,34,34,35,35,30,38,123,122,122,121,121,122,-999,-999,-1.96
7.145167827606201,-0.1189125424435697,-0.01150766539776481,0.02378250848871394,0.06444292622748295,-0.05907268237519269,0.277964262279343,-0.11124076551172649,-0.11124076551172649,0.02378250848871394,0.029152752341004187,-0.06060703776156134,0.08947347498262113,1,33,0,5,0,19,0,0,0,0,0,0,-32,272,-32,104,0,200,34,34,35,35,30,38,123,121,122,121,121,122,-999,-999,-1.96
7.161168813705444,-0.1189125424435697,-0.01150766539776481,0.028385574647819864,0.06444292622748295,-0.05907268237519269,0.277964262279343,-0.11124076551172649,-0.11277512089809515,0.026851219261451224,0.029152752341004187,-0.06060703776156134,0.08947347498262113,1,29,1,5,0,20,0,0,0,0,0,0,-32,276,20,104,0,200,34,34,35,35,30,38,123,121,121,121,121,121,-999,-999,-1.96
7.177151918411255,-0.1189125424435697,-0.01150766539776481,0.03298864080692579,0.06444292622748295,-0.05907268237519269,0.277964262279343,-0.11124076551172649,-0.11277512089809515,0.029919930034188504,0.029152752341004187,-0.06060703776156134,0.08947347498262113,1,31,1,4,0,21,0,0,200,0,0,0,-32,280,24,104,0,200,34,34,35,35,30,38,123,121,122,121,121,121,-999,-999,-1.96
7.193019390106201,-0.1189125424435697,-0.01150766539776481,0.036057351579663076,0.06444292622748295,-0.05907268237519269,0.277964262279343,-0.11124076551172649,-0.11277512089809515,0.03298864080692579,0.029152752341004187,-0.06060703776156134,0.08947347498262113,0,30,1,5,0,16,0,0,200,0,0,0,-32,276,24,104,0,200,34,34,35,35,30,38,123,120,122,121,121,121,-999,-999,-1.96
7.209188461303711,-0.1189125424435697,-0.01150766539776481,0.039126062352400355,0.06444292622748295,-0.05907268237519269,0.277964262279343,-0.11124076551172649,-0.11430947628446378,0.036057351579663076,0.029152752341004187,-0.06060703776156134,0.08947347498262113,0,37,1,5,0,18,0,0,200,0,0,0,-32,284,32,104,0,200,34,34,35,35,30,38,122,121,122,121,121,121,-999,-999,-1.96
7.225040435791016,-0.1189125424435697,-0.01150766539776481,0.040660417738769,0.06444292622748295,-0.05907268237519269,0.277964262279343,-0.11124076551172649,-0.11430947628446378,0.03759170696603171,0.029152752341004187,-0.06060703776156134,0.08947347498262113,1,30,1,5,0,20,0,0,100,0,0,0,-32,284,20,104,0,200,34,34,35,35,30,38,123,121,121,121,121,121,-999,-999,-1.96
7.24102520942688,-0.1189125424435697,-0.01150766539776481,0.04372912851150628,0.06444292622748295,-0.05907268237519269,0.277964262279343,-0.11124076551172649,-0.11430947628446378,0.03759170696603171,0.029152752341004187,-0.06060703776156134,0.08947347498262113,0,33,1,4,0,18,0,0,100,0,0,0,-32,280,24,104,0,200,34,34,35,35,30,38,123,121,122,121,121,121,-999,-999,-1.96
7.258031606674194,-0.1189125424435697,-0.01150766539776481,0.04679783928424356,0.06444292622748295,-0.05907268237519269,0.277964262279343,-0.11124076551172649,-0.11430947628446378,0.03759170696603171,0.029152752341004187,-0.06060703776156134,0.08947347498262113,1,32,1,5,0,18,0,0,100,0,0,0,-32,280,40,104,0,200,34,34,35,35,30,38,123,121,122,121,121,121,-999,-999,-1.96
7.2741615772247314,-0.1189125424435697,-0.01150766539776481,0.049866550056980846,0.06444292622748295,-0.05907268237519269,0.277964262279343,-0.11124076551172649,-0.11430947628446378,0.03759170696603171,0.029152752341004187,-0.06060703776156134,0.08947347498262113,0,36,1,4,0,18,0,0,100,0,0,0,-32,280,48,104,0,200,33,34,35,35,30,38,123,121,122,121,121,121,-999,-999,-1.96
7.290215015411377,-0.1189125424435697,-0.01150766539776481,0.051400905443349486,0.06444292622748295,-0.05907268237519269,0.277964262279343,-0.11124076551172649,-0.11430947628446378,0.03759170696603171,0.029152752341004187,-0.06060703776156134,0.08947347498262113,1,31,2,4,0,17,0,0,100,0,0,0,-32,280,52,104,0,200,34,34,35,35,30,38,122,121,121,121,121,121,-999,-999,-1.96
7.307058334350586,-0.1189125424435697,-0.01150766539776481,0.051400905443349486,0.06444292622748295,-0.05907268237519269,0.277964262279343,-0.11124076551172649,-0.11430947628446378,0.03759170696603171,0.029152752341004187,-0.06060703776156134,0.08947347498262113,1,38,2,6,0,17,0,0,100,0,0,0,-32,280,56,104,0,200,34,34,35,35,30,38,123,121,121,121,121,121,-999,-999,-1.96
7.323061227798462,-0.1189125424435697,-0.01150766539776481,0.051400905443349486,0.06444292622748295,-0.05907268237519269,0.277964262279343,-0.11124076551172649,-0.11430947628446378,0.03759170696603171,0.029152752341004187,-0.06060703776156134,0.08947347498262113,0,40,1,4,0,16,0,0,50,0,0,0,-32,280,48,104,0,200,33,34,35,35,30,38,123,121,122,121,121,122,-999,-999,-1.96
7.339219331741333,-0.1189125424435697,-0.01150766539776481,0.051400905443349486,0.06444292622748295,-0.05907268237519269,0.277964262279343,-0.11124076551172649,-0.11430947628446378,0.03759170696603171,0.029152752341004187,-0.06060703776156134,0.08947347498262113,0,36,1,5,0,19,0,0,0,0,0,0,-32,280,48,104,0,200,34,34,35,35,30,38,123,121,122,121,121,122,-999,-999,-1.96
7.354197978973389,-0.1189125424435697,-0.01150766539776481,0.052935260829718125,0.06444292622748295,-0.05907268237519269,0.277964262279343,-0.11124076551172649,-0.11430947628446378,0.03759170696603171,0.029152752341004187,-0.06060703776156134,0.08947347498262113,0,35,2,5,0,17,0,0,50,0,0,0,-32,280,56,104,0,200,34,34,35,35,30,38,122,121,122,121,121,122,-999,-999,-1.96
7.37020206451416,-0.1189125424435697,-0.01150766539776481,0.052935260829718125,0.06444292622748295,-0.05907268237519269,0.277964262279343,-0.11124076551172649,-0.11430947628446378,0.03759170696603171,0.029152752341004187,-0.06060703776156134,0.08947347498262113,1,31,2,5,0,17,0,0,0,0,0,0,-32,280,56,104,0,200,34,34,35,35,30,38,123,121,122,121,120,121,-999,-999,-1.96
7.386093616485596,-0.1189125424435697,-0.01150766539776481,0.052935260829718125,0.06444292622748295,-0.05907268237519269,0.277964262279343,-0.11124076551172649,-0.11430947628446378,0.03759170696603171,0.029152752341004187,-0.06060703776156134,0.08947347498262113,1,30,1,4,0,21,0,0,0,0,0,0,-32,280,52,104,0,200,34,34,35,35,30,38,123,121,122,121,121,121,-999,-999,-1.96
7.402186393737793,-0.1189125424435697,-0.01150766539776481,0.052935260829718125,0.06444292622748295,-0.05907268237519269,0.277964262279343,-0.11124076551172649,-0.11430947628446378,0.03759170696603171,0.029152752341004187,-0.06060703776156134,0.08947347498262113,1,30,2,4,0,17,0,0,0,0,0,0,-32,280,52,104,0,200,34,34,35,35,30,38,123,121,122,121,121,122,-999,-999,-1.96
7.418208599090576,-0.1189125424435697,-0.01150766539776481,0.052935260829718125,0.06444292622748295,-0.05907268237519269,0.277964262279343,-0.11124076551172649,-0.11430947628446378,0.03759170696603171,0.029152752341004187,-0.06060703776156134,0.08947347498262113,1,35,2,5,0,17,0,0,0,0,0,0,-32,280,52,104,0,200,33,34,35,35,30,38,122,121,122,121,121,122,-999,-999,-1.96
7.434211254119873,-0.1189125424435697,-0.01150766539776481,0.052935260829718125,0.06444292622748295,-0.05907268237519269,0.277964262279343,-0.11124076551172649,-0.11277512089809515,0.03759170696603171,0.029152752341004187,-0.06060703776156134,0.08947347498262113,1,32,2,5,0,17,0,0,0,0,0,0,-32,280,52,104,0,200,34,34,35,35,30,38,122,121,121,121,121,121,-999,-999,-1.96
7.450214147567749,-0.1189125424435697,-0.01150766539776481,0.052935260829718125,0.06444292622748295,-0.05907268237519269,0.277964262279343,-0.11124076551172649,-0.11277512089809515,0.03759170696603171,0.029152752341004187,-0.06060703776156134,0.08947347498262113,1,35,2,5,0,19,0,0,0,0,0,0,-32,272,52,104,0,200,34,34,35,35,30,38,122,121,122,121,121,122,-999,-999,-1.96
7.466240167617798,-0.1189125424435697,-0.01150766539776481,0.052935260829718125,0.06444292622748295,-0.05907268237519269,0.277964262279343,-0.11124076551172649,-0.11277512089809515,0.03759170696603171,0.029152752341004187,-0.06060703776156134,0.08947347498262113,0,31,1,5,0,19,0,0,0,0,0,0,-32,276,52,104,0,200,34,34,35,35,30,38,122,121,122,121,121,121,-999,-999,-1.96
7.48123836517334,-0.1189125424435697,-0.01150766539776481,0.052935260829718125,0.06444292622748295,-0.05907268237519269,0.277964262279343,-0.11124076551172649,-0.11124076551172649,0.03759170696603171,0.029152752341004187,-0.06060703776156134,0.08947347498262113,1,38,2,5,0,16,0,0,0,0,0,0,-32,276,52,104,0,200,34,34,35,35,30,38,123,121,122,121,121,121,-999,-999,-1.96
7.498223543167114,-0.1189125424435697,-0.01150766539776481,0.052935260829718125,0.06444292622748295,-0.05907268237519269,0.277964262279343,-0.11124076551172649,-0.11124076551172649,0.03759170696603171,0.030687107727372827,-0.06060703776156134,0.08947347498262113,1,29,1,5,0,20,0,0,0,0,0,0,-32,272,52,104,0,200,34,34,35,35,30,38,122,121,122,121,121,121,-999,-999,-1.96
7.514095067977905,-0.1189125424435697,-0.01150766539776481,0.052935260829718125,0.06444292622748295,-0.05907268237519269,0.277964262279343,-0.11124076551172649,-0.11124076551172649,0.03759170696603171,0.03835888465921604,-0.06060703776156134,0.08947347498262113,1,30,2,4,0,16,0,0,0,0,0,0,-32,268,52,96,0,200,34,34,35,35,30,38,123,121,122,121,121,122,-999,-999,-1.96
7.5301172733306885,-0.1189125424435697,-0.01150766539776481,0.052935260829718125,0.06444292622748295,-0.05907268237519269,0.277964262279343,-0.11124076551172649,-0.11124076551172649,0.036057351579663076,0.04603066159105924,-0.06060703776156134,0.08947347498262113,0,30,2,2,0,16,0,0,0,0,0,0,-32,272,56,80,0,200,33,34,35,35,30,37,122,121,122,121,121,122,-999,-999,-1.96
7.546223878860474,-0.1189125424435697,-0.01150766539776481,0.052935260829718125,0.06444292622748295,-0.05907268237519269,0.277964262279343,-0.11124076551172649,-0.11124076551172649,0.03298864080692579,0.058305504682008374,-0.06060703776156134,0.08947347498262113,1,33,2,1,0,17,0,0,0,0,0,0,-32,272,64,36,0,200,34,34,35,35,30,38,123,121,122,121,121,122,-999,-999,-1.96
7.563251256942749,-0.1189125424435697,-0.01150766539776481,0.052935260829718125,0.06444292622748295,-0.05907268237519269,0.277964262279343,-0.11124076551172649,-0.11124076551172649,0.03145428542055715,0.0705803477729575,-0.06060703776156134,0.08947347498262113,1,34,3,0,0,19,0,0,0,0,0,0,-32,272,76,-24,0,200,34,34,35,35,30,38,123,121,122,121,121,122,-999,-999,-1.96
7.579232215881348,-0.1189125424435697,-0.01150766539776481,0.052935260829718125,0.06751163700022023,-0.05907268237519269,0.277964262279343,-0.11124076551172649,-0.11124076551172649,0.028385574647819864,0.08592390163664392,-0.06060703776156134,0.08947347498262113,0,32,4,1,0,16,0,0,0,0,0,0,-32,272,76,-56,0,200,34,34,35,35,30,38,123,121,122,121,121,122,-999,-999,-1.96
7.59509015083313,-0.1189125424435697,-0.01150766539776481,0.052935260829718125,0.07211470315932615,-0.05907268237519269,0.277964262279343,-0.11124076551172649,-0.11124076551172649,0.028385574647819864,0.09973310011396169,-0.06060703776156134,0.08947347498262113,1,34,3,0,0,18,0,0,0,150,0,0,-32,272,84,-72,0,200,34,34,35,35,30,38,123,121,122,121,121,121,-999,-999,-1.96
7.611229419708252,-0.1189125424435697,-0.01150766539776481,0.052935260829718125,0.07978648009116934,-0.05907268237519269,0.277964262279343,-0.11124076551172649,-0.11124076551172649,0.026851219261451224,0.11200794320491082,-0.06060703776156134,0.08947347498262113,1,33,4,0,0,16,0,0,0,150,0,0,-32,272,88,-92,0,200,34,34,35,35,30,38,123,121,122,121,121,122,-999,-999,-1.96
7.627247095108032,-0.1189125424435697,-0.01150766539776481,0.052935260829718125,0.08745825702301256,-0.05907268237519269,0.277964262279343,-0.11124076551172649,-0.11277512089809515,0.026851219261451224,0.12428278629585994,-0.06060703776156134,0.08947347498262113,0,36,3,0,0,18,0,0,0,250,0,0,-32,276,84,-100,0,200,34,34,35,35,30,38,123,121,122,121,121,122,-999,-999,-1.96
7.642075538635254,-0.1189125424435697,-0.01150766539776481,0.052935260829718125,0.0966643893412244,-0.05907268237519269,0.277964262279343,-0.11124076551172649,-0.11277512089809515,0.026851219261451224,0.13655762938680907,-0.06060703776156134,0.08947347498262113,0,36,3,0,0,21,0,0,0,300,0,0,-32,276,80,-108,0,200,34,34,35,35,30,38,123,121,121,121,121,121,-999,-999,-1.96
7.659245729446411,-0.1189125424435697,-0.01150766539776481,0.052935260829718125,0.1074048770458049,-0.05907268237519269,0.277964262279343,-0.11124076551172649,-0.11277512089809515,0.026851219261451224,0.14729811709138957,-0.06060703776156134,0.08947347498262113,1,31,3,0,0,20,0,0,0,400,0,0,-32,280,80,-100,0,200,33,34,35,35,30,38,123,122,122,121,121,122,-999,-999,-1.96
7.675246000289917,-0.1189125424435697,-0.01150766539776481,0.052935260829718125,0.11814536475038538,-0.05907268237519269,0.277964262279343,-0.11124076551172649,-0.11277512089809515,0.026851219261451224,0.15650424940960142,-0.06060703776156134,0.08947347498262113,1,30,3,0,0,16,0,0,0,400,0,0,-32,276,80,-100,0,200,34,34,35,35,30,38,123,121,122,121,121,121,-999,-999,-1.96
7.691652297973633,-0.1189125424435697,-0.01150766539776481,0.052935260829718125,0.1288858524549659,-0.05907268237519269,0.277964262279343,-0.11124076551172649,-0.11277512089809515,0.026851219261451224,0.16571038172781327,-0.06060703776156134,0.08947347498262113,0,30,3,0,0,21,0,0,0,400,0,0,-32,276,80,-100,0,200,34,34,35,35,30,38,122,121,122,121,121,121,-999,-999,-1.96
7.707123041152954,-0.1189125424435697,-0.01150766539776481,0.052935260829718125,0.13809198477317772,-0.05907268237519269,0.277964262279343,-0.11124076551172649,-0.11277512089809515,0.026851219261451224,0.17645086943239374,-0.06060703776156134,0.08947347498262113,0,36,4,0,0,16,0,0,0,450,0,0,-32,276,80,-88,0,200,34,34,35,35,30,38,123,121,121,121,121,121,-999,-999,-1.96
7.723112344741821,-0.1189125424435697,-0.01150766539776481,0.052935260829718125,0.14883247247775822,-0.05907268237519269,0.277964262279343,-0.11124076551172649,-0.11277512089809515,0.026851219261451224,0.1856570017506056,-0.06060703776156134,0.08947347498262113,1,37,4,0,0,17,0,0,0,400,0,0,-32,276,80,-100,0,200,34,34,35,35,30,38,122,121,122,121,121,122,-999,-999,-1.96
7.738249063491821,-0.1189125424435697,-0.01150766539776481,0.052935260829718125,0.15803860479597007,-0.05907268237519269,0.277964262279343,-0.11124076551172649,-0.11277512089809515,0.026851219261451224,0.1933287786824488,-0.06060703776156134,0.08947347498262113,1,36,3,0,0,17,0,0,0,400,0,0,-32,276,80,-96,0,200,33,34,35,35,30,38,123,121,122,121,121,122,-999,-999,-1.96
7.755113840103149,-0.1189125424435697,-0.01150766539776481,0.052935260829718125,0.1672447371141819,-0.05907268237519269,0.277964262279343,-0.11124076551172649,-0.11277512089809515,0.026851219261451224,0.20253491100066065,-0.06060703776156134,0.08947347498262113,0,32,3,0,0,22,0,0,0,400,0,0,-32,276,80,-88,0,200,34,34,35,35,30,38,123,121,122,121,121,121,-999,-999,-1.96
7.771279811859131,-0.1189125424435697,-0.01150766539776481,0.052935260829718125,0.17645086943239374,-0.05907268237519269,0.277964262279343,-0.11124076551172649,-0.11124076551172649,0.026851219261451224,0.21327539870524115,-0.06060703776156134,0.08947347498262113,1,30,4,0,0,18,0,0,0,400,0,0,-32,276,80,-80,0,200,34,34,35,35,30,38,123,121,122,121,121,121,-999,-999,-1.96
7.788169622421265,-0.1189125424435697,-0.01150766539776481,0.052935260829718125,0.1856570017506056,-0.05907268237519269,0.277964262279343,-0.11124076551172649,-0.11124076551172649,0.026851219261451224,0.22248153102345297,-0.06060703776156134,0.08947347498262113,1,28,3,0,0,17,0,0,0,350,0,0,-32,268,80,-84,0,200,34,34,35,56,30,38,123,121,122,121,121,121,-999,-999,-1.96
7.804102659225464,-0.1189125424435697,-0.01150766539776481,0.052935260829718125,0.1933287786824488,-0.05907268237519269,0.277964262279343,-0.11124076551172649,-0.11124076551172649,0.026851219261451224,0.23168766334166485,-0.06060703776156134,0.08947347498262113,1,28,3,0,0,17,0,0,0,350,0,0,-32,272,80,-104,0,200,33,34,35,35,30,38,123,121,122,121,121,122,-999,-999,-1.96
7.820261001586914,-0.1189125424435697,-0.01150766539776481,0.052935260829718125,0.2040692663870293,-0.05907268237519269,0.277964262279343,-0.11124076551172649,-0.11124076551172649,0.026851219261451224,0.24242815104624535,-0.06060703776156134,0.08947347498262113,0,32,3,0,0,20,0,0,0,350,0,0,-32,272,80,-104,0,200,33,34,35,35,30,38,123,121,122,121,121,121,-999,-999,-1.96
7.836127042770386,-0.1189125424435697,-0.01150766539776481,0.052935260829718125,0.21327539870524115,-0.05907268237519269,0.277964262279343,-0.11124076551172649,-0.11124076551172649,0.026851219261451224,0.25316863875082585,-0.06060703776156134,0.08947347498262113,0,32,3,0,0,19,0,0,0,400,0,0,-32,272,80,-92,0,200,34,34,35,35,30,38,123,121,122,121,121,122,-999,-999,-1.96
7.852255582809448,-0.1189125424435697,-0.01150766539776481,0.052935260829718125,0.22248153102345297,-0.05907268237519269,0.277964262279343,-0.11124076551172649,-0.11124076551172649,0.026851219261451224,0.2669778372281436,-0.06060703776156134,0.08947347498262113,1,29,3,0,0,19,0,0,0,400,0,0,-32,272,80,-96,0,200,34,34,35,35,30,38,123,121,122,121,121,122,-999,-999,-1.96
7.869125127792358,-0.1189125424435697,-0.01150766539776481,0.052935260829718125,0.2332220187280335,-0.05907268237519269,0.277964262279343,-0.11124076551172649,-0.11124076551172649,0.026851219261451224,0.2792526803190927,-0.06060703776156134,0.08947347498262113,1,34,3,0,0,19,0,0,0,400,0,0,-32,272,80,-104,0,200,34,34,35,35,30,38,123,121,122,121,121,121,-999,-999,-1.96
7.884138345718384,-0.1189125424435697,-0.01150766539776481,0.052935260829718125,0.24396250643261397,-0.05907268237519269,0.277964262279343,-0.11124076551172649,-0.11124076551172649,0.026851219261451224,0.2915275234100419,-0.06060703776156134,0.08947347498262113,1,34,3,0,0,21,0,0,0,400,0,0,-32,272,80,-116,0,200,34,34,35,35,30,38,123,121,122,121,121,121,-999,-999,-1.96
7.901111125946045,-0.1189125424435697,-0.01150766539776481,0.052935260829718125,0.25470299413719444,-0.05907268237519269,0.277964262279343,-0.11124076551172649,-0.10970641012535785,0.026851219261451224,0.30380236650099096,-0.06060703776156134,0.08947347498262113,1,29,4,0,0,18,0,0,0,400,0,0,-32,272,80,-124,0,200,34,34,35,35,30,38,123,121,122,121,121,122,-999,-999,-1.96
7.915696382522583,-0.1189125424435697,-0.01150766539776481,0.052935260829718125,0.26544348184177496,-0.05907268237519269,0.277964262279343,-0.11124076551172649,-0.10970641012535785,0.026851219261451224,0.31607720959194013,-0.06060703776156134,0.08947347498262113,0,30,3,0,0,16,0,0,0,450,0,0,-32,268,80,-124,0,200,34,34,35,35,30,38,123,121,122,121,121,122,-999,-999,-1.96
7.932152509689331,-0.1189125424435697,-0.01150766539776481,0.052935260829718125,0.2777183249327241,-0.05907268237519269,0.277964262279343,-0.11124076551172649,-0.10970641012535785,0.026851219261451224,0.3298864080692579,-0.06060703776156134,0.08947347498262113,0,27,3,0,0,17,0,0,0,500,0,0,-32,264,80,-120,0,200,34,34,36,35,30,38,123,121,121,121,121,122,-999,-999,-1.96
7.947704553604126,-0.1189125424435697,-0.01150766539776481,0.052935260829718125,0.28999316802367325,-0.05907268237519269,0.277964262279343,-0.11124076551172649,-0.10970641012535785,0.026851219261451224,0.34369560654657566,-0.06060703776156134,0.08947347498262113,1,36,3,0,0,17,0,0,0,500,0,0,-32,268,80,-120,0,200,34,34,35,35,30,38,123,121,122,121,121,121,-999,-999,-1.96
7.964293718338013,-0.1189125424435697,-0.01150766539776481,0.052935260829718125,0.30380236650099096,-0.05907268237519269,0.277964262279343,-0.11124076551172649,-0.10970641012535785,0.026851219261451224,0.3590391604102621,-0.06060703776156134,0.08947347498262113,0,27,3,0,0,17,0,0,0,500,0,0,-32,268,80,-128,0,200,34,34,35,35,30,38,123,121,122,121,121,121,-999,-999,-1.96
7.979264497756958,-0.1189125424435697,-0.01150766539776481,0.052935260829718125,0.3145428542055715,-0.05907268237519269,0.277964262279343,-0.11124076551172649,-0.10970641012535785,0.026851219261451224,0.3743827142739485,-0.06060703776156134,0.08947347498262113,0,31,3,0,0,17,0,0,0,500,0,0,-32,268,80,-132,0,200,34,34,35,35,30,38,123,121,122,121,121,122,-999,-999,-1.96
7.996147871017456,-0.1189125424435697,-0.01150766539776481,0.052935260829718125,0.32835205268288925,-0.05907268237519269,0.277964262279343,-0.11124076551172649,-0.10970641012535785,0.026851219261451224,0.38819191275126624,-0.06060703776156134,0.08947347498262113,0,29,3,0,0,21,0,0,0,500,0,0,-32,268,80,-136,0,200,34,34,34,36,30,38,123,121,121,121,121,122,-999,-999,-1.96
8.011266708374023,-0.1189125424435697,-0.01150766539776481,0.052935260829718125,0.3406268957738384,-0.05907268237519269,0.277964262279343,-0.11124076551172649,-0.10970641012535785,0.026851219261451224,0.40353546661495265,-0.06060703776156134,0.08947347498262113,0,34,3,0,0,20,0,0,0,500,0,0,-32,268,80,-148,0,200,34,34,35,35,30,38,123,121,122,121,121,121,-999,-999,-1.96
8.028300762176514,-0.1189125424435697,-0.01150766539776481,0.052935260829718125,0.35443609425115613,-0.05907268237519269,0.277964262279343,-0.11124076551172649,-0.10970641012535785,0.026851219261451224,0.4173446650922705,-0.06060703776156134,0.08947347498262113,1,32,4,0,0,16,0,0,0,500,0,0,-32,268,80,-152,0,200,33,34,35,36,30,38,123,121,122,121,121,122,-999,-999,-1.96
8.044306993484497,-0.1189125424435697,-0.01150766539776481,0.052935260829718125,0.3682452927284739,-0.05907268237519269,0.277964262279343,-0.11124076551172649,-0.10970641012535785,0.026851219261451224,0.43115386356958824,-0.06060703776156134,0.08947347498262113,1,28,3,0,0,17,0,0,0,550,0,0,-32,268,80,-148,0,200,34,34,35,35,30,38,122,121,122,121,121,122,-999,-999,-1.96
8.060148477554321,-0.1189125424435697,-0.01150766539776481,0.052935260829718125,0.38358884659216036,-0.05907268237519269,0.277964262279343,-0.11124076551172649,-0.10970641012535785,0.026851219261451224,0.44496306204690594,-0.06060703776156134,0.08947347498262113,0,36,4,0,0,18,0,0,0,550,0,0,-32,268,80,-148,0,200,34,34,35,35,30,38,123,121,122,121,121,122,-999,-999,-1.96
8.077147722244263,-0.1189125424435697,-0.01150766539776481,0.052935260829718125,0.3973980450694781,-0.05907268237519269,0.277964262279343,-0.11124076551172649,-0.10970641012535785,0.026851219261451224,0.4603066159105924,-0.06060703776156134,0.08947347498262113,1,32,3,0,0,19,0,0,0,600,0,0,-32,268,80,-140,0,200,34,34,35,35,30,38,123,121,122,121,121,121,-999,-999,-1.96
8.093305349349976,-0.1189125424435697,-0.01150766539776481,0.052935260829718125,0.41274159893316453,-0.05907268237519269,0.277964262279343,-0.11124076551172649,-0.10970641012535785,0.026851219261451224,0.4741158143879102,-0.06060703776156134,0.08947347498262113,1,31,3,0,0,20,0,0,0,600,0,0,-32,268,80,-136,0,200,34,34,35,35,30,38,123,121,122,121,121,121,-999,-999,-1.96
8.109156131744385,-0.1189125424435697,-0.01150766539776481,0.052935260829718125,0.4265507974104823,-0.05907268237519269,0.277964262279343,-0.11124076551172649,-0.10970641012535785,0.026851219261451224,0.48792501286522794,-0.06060703776156134,0.08947347498262113,0,32,3,0,0,17,0,0,0,600,0,0,-32,268,80,-136,0,200,34,34,36,35,30,38,123,121,122,121,121,122,-999,-999,-1.96
8.12528109550476,-0.1189125424435697,-0.01150766539776481,0.052935260829718125,0.44035999588780006,-0.05907268237519269,0.277964262279343,-0.11124076551172649,-0.10970641012535785,0.026851219261451224,0.5017342113425457,-0.06060703776156134,0.08947347498262113,1,35,3,0,0,17,0,0,0,550,0,0,-32,268,80,-140,0,200,34,34,35,35,30,38,123,121,122,121,121,121,-999,-999,-1.96
8.141290426254272,-0.1189125424435697,-0.01150766539776481,0.052935260829718125,0.4541691943651178,-0.05907268237519269,0.277964262279343,-0.11124076551172649,-0.10970641012535785,0.026851219261451224,0.5170777652062322,-0.06060703776156134,0.08947347498262113,1,33,3,0,0,16,0,0,0,550,0,0,-32,268,80,-148,0,200,34,34,35,35,30,38,123,121,121,121,121,121,-999,-999,-1.96
8.157165288925171,-0.1189125424435697,-0.01150766539776481,0.052935260829718125,0.46797839284243564,-0.05907268237519269,0.277964262279343,-0.11124076551172649,-0.10970641012535785,0.026851219261451224,0.5308869636835499,-0.06060703776156134,0.08947347498262113,0,33,3,0,0,18,0,0,0,550,0,0,-32,268,80,-148,0,200,34,34,35,35,30,38,123,121,122,121,121,122,-999,-999,-1.96
8.173190593719482,-0.1189125424435697,-0.01150766539776481,0.052935260829718125,0.4817875913197534,-0.05907268237519269,0.277964262279343,-0.11124076551172649,-0.10970641012535785,0.026851219261451224,0.5446961621608677,-0.06060703776156134,0.08947347498262113,0,28,3,0,1,21,0,0,0,550,0,0,-32,268,80,-144,0,200,34,34,35,35,30,38,123,121,122,121,121,121,-999,-999,-1.96
8.189170360565186,-0.1189125424435697,-0.01150766539776481,0.052935260829718125,0.4955967897970711,-0.05907268237519269,0.277964262279343,-0.11124076551172649,-0.10970641012535785,0.026851219261451224,0.5585053606381855,-0.06060703776156134,0.08947347498262113,0,28,3,0,0,17,0,0,0,550,0,0,-32,268,80,-140,0,200,34,34,35,35,30,38,123,121,122,121,121,121,-999,-999,-1.96
8.20573353767395,-0.1189125424435697,-0.01150766539776481,0.052935260829718125,0.5094059882743889,-0.05907268237519269,0.277964262279343,-0.11124076551172649,-0.10970641012535785,0.026851219261451224,0.5738489145018718,-0.06060703776156134,0.08947347498262113,1,28,3,0,0,18,0,0,0,600,0,0,-32,268,80,-148,0,200,33,34,35,35,30,38,123,121,122,121,121,122,-999,-999,-1.96
8.221272945404053,-0.1189125424435697,-0.01150766539776481,0.052935260829718125,0.5232151867517068,-0.05907268237519269,0.277964262279343,-0.11124076551172649,-0.10970641012535785,0.026851219261451224,0.5876581129791897,-0.06060703776156134,0.08947347498262113,0,28,3,0,0,18,0,0,0,550,0,0,-32,268,80,-144,0,200,34,34,35,35,30,38,123,121,122,121,121,121,-999,-999,-1.96
8.237329006195068,-0.1189125424435697,-0.01150766539776481,0.052935260829718125,0.5370243852290245,-0.05907268237519269,0.277964262279343,-0.11124076551172649,-0.10970641012535785,0.026851219261451224,0.5999329560701387,-0.06060703776156134,0.08947347498262113,1,31,4,0,0,16,0,0,0,550,0,0,-32,268,80,-144,0,200,34,34,35,35,30,38,122,121,122,121,121,122,-999,-999,-1.96
8.253304243087769,-0.1189125424435697,-0.01150766539776481,0.052935260829718125,0.5508335837063423,-0.05907268237519269,0.277964262279343,-0.11124076551172649,-0.10970641012535785,0.026851219261451224,0.6122077991610879,-0.06060703776156134,0.08947347498262113,1,28,4,0,0,16,0,0,0,550,0,0,-32,268,80,-148,0,200,34,34,35,34,30,38,123,121,122,121,121,121,-999,-999,-1.96
8.269202947616577,-0.1189125424435697,-0.01150766539776481,0.052935260829718125,0.56464278218366,-0.05907268237519269,0.277964262279343,-0.11124076551172649,-0.10817205473898922,0.026851219261451224,0.6260169976384057,-0.06060703776156134,0.08947347498262113,0,35,4,0,0,17,0,0,0,550,0,0,-32,268,80,-148,0,200,33,34,35,35,30,38,123,121,122,121,121,121,-999,-999,-1.96
8.285290718078613,-0.1189125424435697,-0.01150766539776481,0.052935260829718125,0.5784519806609778,-0.05907268237519269,0.277964262279343,-0.11124076551172649,-0.10817205473898922,0.028385574647819864,0.6382918407293547,-0.06060703776156134,0.08947347498262113,0,33,3,0,0,16,0,0,0,600,0,0,-32,260,80,-136,0,200,33,34,35,35,30,38,123,121,122,121,121,122,-999,-999,-1.96
8.301202058792114,-0.1189125424435697,-0.01150766539776481,0.052935260829718125,0.590726823751927,-0.05907268237519269,0.277964262279343,-0.11124076551172649,-0.10817205473898922,0.028385574647819864,0.650566683820304,-0.06060703776156134,0.08947347498262113,0,35,3,0,0,17,0,0,0,550,0,0,-32,264,76,-144,0,200,34,34,35,35,30,38,123,121,122,121,121,121,-999,-999,-1.96
8.317197561264038,-0.1189125424435697,-0.01150766539776481,0.052935260829718125,0.6045360222292446,-0.05907268237519269,0.277964262279343,-0.11124076551172649,-0.10817205473898922,0.028385574647819864,0.6628415269112531,-0.06060703776156134,0.08947347498262113,0,27,3,0,0,19,0,0,0,550,0,0,-32,264,72,-136,0,200,34,34,35,35,30,38,123,121,122,121,121,121,-999,-999,-1.96
8.333325624465942,-0.1189125424435697,-0.01150766539776481,0.052935260829718125,0.6183452207065625,-0.05907268237519269,0.277964262279343,-0.11124076551172649,-0.10817205473898922,0.028385574647819864,0.6751163700022021,-0.06060703776156134,0.08947347498262113,0,28,2,0,0,17,0,0,0,550,0,0,-32,264,76,-136,0,200,34,34,35,35,30,38,123,121,122,121,121,121,-999,-999,-1.96
8.350318670272827,-0.1189125424435697,-0.01150766539776481,0.052935260829718125,0.6306200637975116,-0.05907268237519269,0.277964262279343,-0.11124076551172649,-0.10817205473898922,0.028385574647819864,0.6858568577067827,-0.06060703776156134,0.08947347498262113,1,29,3,0,0,16,0,0,0,500,0,0,-32,264,76,-136,0,200,34,34,35,35,30,38,123,121,122,121,121,122,-999,-999,-1.96
8.36617922782898,-0.1189125424435697,-0.01150766539776481,0.052935260829718125,0.6428949068884606,-0.05907268237519269,0.277964262279343,-0.11124076551172649,-0.10817205473898922,0.028385574647819864,0.6981317007977318,-0.06060703776156134,0.08947347498262113,1,30,2,0,0,16,0,0,0,500,0,0,-32,264,76,-136,0,200,34,34,35,35,30,38,123,121,122,121,121,121,-999,-999,-1.96
8.381752252578735,-0.1189125424435697,-0.01150766539776481,0.052935260829718125,0.6551697499794099,-0.05907268237519269,0.277964262279343,-0.11124076551172649,-0.10817205473898922,0.028385574647819864,0.7104065438886809,-0.06060703776156134,0.08947347498262113,1,27,3,0,0,19,0,0,0,500,0,0,-32,264,76,-124,0,200,33,34,35,35,30,38,123,121,122,121,121,122,-999,-999,-1.96
8.398396492004395,-0.1189125424435697,-0.01150766539776481,0.052935260829718125,0.667444593070359,-0.05907268237519269,0.277964262279343,-0.11124076551172649,-0.10817205473898922,0.029919930034188504,0.7211470315932614,-0.06060703776156134,0.08947347498262113,1,27,3,0,0,21,0,0,0,500,0,0,-32,264,76,-128,0,200,34,34,35,35,30,38,123,121,122,121,121,121,-999,-999,-1.96
8.41437578201294,-0.1189125424435697,-0.01150766539776481,0.052935260829718125,0.679719436161308,-0.05907268237519269,0.277964262279343,-0.11124076551172649,-0.10817205473898922,0.029919930034188504,0.7334218746842106,-0.06060703776156134,0.08947347498262113,0,31,3,0,0,16,0,0,0,450,0,0,-32,264,68,-124,0,200,34,34,35,35,30,38,123,121,122,121,121,121,-999,-999,-1.96
8.43035626411438,-0.1189125424435697,-0.01150766539776481,0.052935260829718125,0.6919942792522573,-0.05907268237519269,0.277964262279343,-0.11124076551172649,-0.10817205473898922,0.029919930034188504,0.744162362388791,-0.06060703776156134,0.08947347498262113,1,35,3,0,0,16,0,0,0,500,0,0,-32,264,72,-136,0,200,33,34,35,37,30,38,123,121,122,121,121,121,-999,-999,-1.96
8.446229934692383,-0.1189125424435697,-0.01150766539776481,0.052935260829718125,0.7042691223432064,-0.05907268237519269,0.277964262279343,-0.11124076551172649,-0.10817205473898922,0.03145428542055715,0.7549028500933715,-0.06060703776156134,0.08947347498262113,1,32,3,0,0,18,0,0,0,500,0,0,-32,264,72,-132,0,200,34,34,35,35,30,38,123,121,122,121,121,121,-999,-999,-1.96
8.46220088005066,-0.1189125424435697,-0.01150766539776481,0.052935260829718125,0.7165439654341555,-0.05907268237519269,0.277964262279343,-0.11124076551172649,-0.10817205473898922,0.03298864080692579,0.7671776931843207,-0.06060703776156134,0.08947347498262113,0,27,2,0,0,16,0,0,0,500,0,0,-32,264,68,-120,0,200,34,34,35,35,30,38,123,121,122,121,121,121,-999,-999,-1.96
8.477214336395264,-0.1189125424435697,-0.01150766539776481,0.052935260829718125,0.7288188085251046,-0.05907268237519269,0.277964262279343,-0.11124076551172649,-0.10817205473898922,0.03452299619329443,0.7779181808889012,-0.06060703776156134,0.08947347498262113,0,28,2,0,0,16,0,0,0,500,0,0,-32,264,60,-124,0,200,34,34,35,35,30,38,123,121,122,121,121,121,-999,-999,-1.96
8.494362592697144,-0.1189125424435697,-0.01150766539776481,0.052935260829718125,0.7410936516160538,-0.05907268237519269,0.277964262279343,-0.11124076551172649,-0.10817205473898922,0.03452299619329443,0.7886586685934817,-0.06060703776156134,0.08947347498262113,1,27,1,0,0,17,0,0,0,500,0,0,-32,264,52,-112,0,200,34,34,35,35,30,38,123,121,122,121,121,121,-999,-999,-1.96
8.51039433479309,-0.1189125424435697,-0.01150766539776481,0.052935260829718125,0.7502997839342656,-0.05907268237519269,0.277964262279343,-0.11124076551172649,-0.10817205473898922,0.036057351579663076,0.8009335116844308,-0.06060703776156134,0.08947347498262113,1,35,2,0,0,16,0,0,0,450,0,0,-32,264,60,-120,0,200,33,34,35,35,30,38,123,121,122,121,121,122,-999,-999,-1.96
8.526810884475708,-0.1189125424435697,-0.01150766539776481,0.052935260829718125,0.7625746270252147,-0.05907268237519269,0.277964262279343,-0.11124076551172649,-0.10817205473898922,0.036057351579663076,0.8132083547753799,-0.06060703776156134,0.08947347498262113,1,27,1,0,0,16,0,0,0,450,0,0,-32,264,56,-120,0,200,33,34,35,37,30,38,123,121,122,121,121,121,-999,-999,-1.96
8.542395114898682,-0.1189125424435697,-0.01150766539776481,0.052935260829718125,0.7733151147297952,-0.05907268237519269,0.277964262279343,-0.11124076551172649,-0.10817205473898922,0.036057351579663076,0.8254831978663291,-0.06060703776156134,0.08947347498262113,0,27,1,0,0,17,0,0,0,450,0,0,-32,264,52,-120,0,200,34,34,35,35,30,38,124,121,122,121,121,121,-999,-999,-1.96
8.558221578598022,-0.1189125424435697,-0.01150766539776481,0.052935260829718125,0.7840556024343757,-0.05907268237519269,0.277964262279343,-0.11124076551172649,-0.10817205473898922,0.036057351579663076,0.8362236855709095,-0.06060703776156134,0.08947347498262113,0,33,2,1,0,16,0,0,0,450,0,0,-32,264,56,-132,0,200,34,34,35,35,30,38,123,121,122,121,121,122,-999,-999,-1.96
8.57422161102295,-0.1189125424435697,-0.01150766539776481,0.052935260829718125,0.7963304455253248,-0.05907268237519269,0.277964262279343,-0.11124076551172649,-0.10817205473898922,0.036057351579663076,0.8484985286618586,-0.06060703776156134,0.08947347498262113,0,31,1,0,0,17,0,0,0,450,0,0,-32,264,56,-132,0,200,34,34,35,35,30,38,123,121,122,118,121,122,-999,-999,-1.96
8.590227365493774,-0.1189125424435697,-0.01150766539776481,0.052935260829718125,0.8070709332299053,-0.05907268237519269,0.277964262279343,-0.11124076551172649,-0.10817205473898922,0.036057351579663076,0.8607733717528079,-0.06060703776156134,0.08947347498262113,1,28,1,0,0,20,0,0,0,450,0,0,-32,264,56,-124,0,200,33,34,35,35,30,38,123,121,122,121,121,121,-999,-999,-1.96
8.607216596603394,-0.1189125424435697,-0.01150766539776481,0.052935260829718125,0.8193457763208545,-0.05907268237519269,0.277964262279343,-0.11124076551172649,-0.10663769935262057,0.036057351579663076,0.8730482148437569,-0.06060703776156134,0.08947347498262113,1,29,2,0,0,17,0,0,0,450,0,0,-32,264,56,-128,0,200,34,34,35,35,30,38,123,121,121,121,121,122,-999,-999,-1.96
8.621789693832397,-0.1189125424435697,-0.01150766539776481,0.052935260829718125,0.830086264025435,-0.05907268237519269,0.277964262279343,-0.11124076551172649,-0.10663769935262057,0.036057351579663076,0.8837887025483374,-0.06060703776156134,0.08947347498262113,1,30,1,0,0,16,0,0,0,500,0,0,-32,256,56,-128,0,200,33,34,35,35,30,38,123,121,122,121,121,121,-999,-999,-1.96
8.638789892196655,-0.1189125424435697,-0.01150766539776481,0.052935260829718125,0.8423611071163841,-0.05907268237519269,0.277964262279343,-0.11124076551172649,-0.10510334396625193,0.036057351579663076,0.894529190252918,-0.06060703776156134,0.08947347498262113,0,33,2,0,0,16,0,0,0,450,0,0,-32,260,56,-132,0,200,34,34,35,35,30,38,123,121,122,121,121,121,-999,-999,-1.96
8.655386447906494,-0.1189125424435697,-0.01150766539776481,0.052935260829718125,0.8561703055937019,-0.05907268237519269,0.277964262279343,-0.11124076551172649,-0.100500277807146,0.036057351579663076,0.9052696779574985,-0.06060703776156134,0.08947347498262113,1,29,2,0,0,16,0,0,0,500,0,0,-32,256,56,-124,0,200,33,34,35,35,30,38,123,121,122,121,121,122,-999,-999,-1.96
8.671372413635254,-0.1189125424435697,-0.01150766539776481,0.052935260829718125,0.8669107932982824,-0.05907268237519269,0.277964262279343,-0.11124076551172649,-0.09589721164804009,0.036057351579663076,0.9129414548893416,-0.06060703776156134,0.08947347498262113,0,28,1,0,0,22,0,0,0,450,0,0,-32,240,56,-124,0,200,33,34,35,35,30,38,123,121,122,121,121,121,-999,-999,-1.96
8.687387943267822,-0.1189125424435697,-0.01150766539776481,0.052935260829718125,0.8776512810028628,-0.05907268237519269,0.277964262279343,-0.11124076551172649,-0.08975979010256553,0.03452299619329443,0.9221475872075534,-0.06060703776156134,0.08947347498262113,0,23,2,0,0,17,0,0,0,450,0,0,-32,216,64,-116,0,200,34,34,35,35,30,38,123,121,122,121,121,122,-999,-999,-1.96
8.703253746032715,-0.1189125424435697,-0.01150766539776481,0.052935260829718125,0.8883917687074433,-0.05907268237519269,0.277964262279343,-0.11124076551172649,-0.08208801317072231,0.03145428542055715,0.9313537195257654,-0.06060703776156134,0.08947347498262113,0,16,2,0,0,16,0,0,0,500,0,0,-32,200,68,-92,0,200,34,34,35,35,30,38,123,122,122,121,121,121,-999,-999,-1.96
8.719404220581055,-0.1189125424435697,-0.01150766539776481,0.052935260829718125,0.8975979010256552,-0.05907268237519269,0.277964262279343,-0.11124076551172649,-0.07441623623887911,0.028385574647819864,0.9420942072303458,-0.06060703776156134,0.08947347498262113,1,11,2,0,0,17,0,0,0,400,0,0,-32,172,76,-112,0,200,34,34,35,35,30,38,123,122,122,121,122,121,-999,-999,-1.96
8.735377311706543,-0.1189125424435697,-0.01150766539776481,0.052935260829718125,0.9083383887302356,-0.05907268237519269,0.277964262279343,-0.11124076551172649,-0.0667444593070359,0.026851219261451224,0.9497659841621889,-0.06060703776156134,0.08947347498262113,0,8,4,0,0,20,0,0,0,400,0,0,-32,156,92,-108,0,200,33,34,35,35,30,38,123,122,122,122,122,122,-999,-999,-1.96
8.751812934875488,-0.1189125424435697,-0.01150766539776481,0.052935260829718125,0.9175445210484475,-0.05907268237519269,0.277964262279343,-0.11124076551172649,-0.05753832698882405,0.026851219261451224,0.9574377610940321,-0.06060703776156134,0.08947347498262113,0,6,3,0,0,21,0,0,0,450,0,0,-32,132,84,-100,0,200,34,34,35,35,30,38,124,122,122,121,121,122,-999,-999,-1.96
8.767385721206665,-0.1189125424435697,-0.01150766539776481,0.052935260829718125,0.9267506533666594,-0.05907268237519269,0.277964262279343,-0.11124076551172649,-0.0483321946706122,0.026851219261451224,0.9620408272531382,-0.06060703776156134,0.08947347498262113,1,4,3,0,0,16,0,0,0,450,0,0,-32,108,80,-100,0,200,34,34,35,35,30,38,124,122,122,121,121,122,-999,-999,-1.96
8.783259868621826,-0.1189125424435697,-0.01150766539776481,0.052935260829718125,0.9344224302985026,-0.05907268237519269,0.277964262279343,-0.11124076551172649,-0.040660417738769,0.026851219261451224,0.9651095380258755,-0.06060703776156134,0.08947347498262113,1,3,4,0,0,17,0,0,0,350,0,0,-32,80,80,-84,0,200,34,34,35,35,30,38,124,122,122,122,122,122,-999,-999,-1.96
8.799405574798584,-0.1189125424435697,-0.01150766539776481,0.052935260829718125,0.9420942072303458,-0.05907268237519269,0.277964262279343,-0.11124076551172649,-0.03298864080692579,0.026851219261451224,0.9666438934122441,-0.06060703776156134,0.08947347498262113,0,2,3,0,0,16,0,0,0,350,0,0,-32,60,80,-68,0,200,34,34,36,35,30,38,124,122,122,122,122,122,-999,-999,-1.96
8.816253185272217,-0.1189125424435697,-0.01150766539776481,0.052935260829718125,0.9497659841621889,-0.05907268237519269,0.277964262279343,-0.11124076551172649,-0.02531686387508258,0.026851219261451224,0.9666438934122441,-0.06060703776156134,0.08947347498262113,1,1,3,0,0,18,0,0,0,300,0,0,-32,44,80,-48,0,200,34,34,35,35,30,38,124,122,122,122,121,122,-999,-999,-1.96
8.831388235092163,-0.1189125424435697,-0.01150766539776481,0.052935260829718125,0.9543690503212949,-0.05907268237519269,0.277964262279343,-0.11124076551172649,-0.017645086943239376,0.026851219261451224,0.9666438934122441,-0.06060703776156134,0.08947347498262113,0,0,3,0,0,16,0,0,0,250,0,0,-32,28,80,-32,0,200,34,34,35,35,30,38,124,122,122,122,122,122,-999,-999,-1.96
8.847273349761963,-0.1189125424435697,-0.008438954625027528,0.052935260829718125,0.9574377610940321,-0.05907268237519269,0.277964262279343,-0.11124076551172649,-0.01150766539776481,0.026851219261451224,0.9681782487986127,-0.06060703776156134,0.08947347498262113,0,0,3,0,0,21,0,0,0,200,0,0,-32,-24,80,-20,0,200,34,34,35,35,30,38,124,122,122,122,122,122,-999,-999,-1.96
8.8634192943573,-0.1189125424435697,-0.002301533079552962,0.051400905443349486,0.9589721164804008,-0.05907268237519269,0.277964262279343,-0.11124076551172649,-0.005370243852290245,0.026851219261451224,0.9681782487986127,-0.06060703776156134,0.08947347498262113,1,0,3,0,0,21,0,100,0,200,0,0,-32,-24,76,-24,0,200,34,34,35,35,30,38,123,122,122,122,122,122,-999,-999,-1.96
8.880286931991577,-0.1189125424435697,0.005370243852290245,0.051400905443349486,0.9605064718667695,-0.05907268237519269,0.277964262279343,-0.11124076551172649,-0.0007671776931843208,0.026851219261451224,0.9681782487986127,-0.06060703776156134,0.08947347498262113,1,2,3,0,0,16,0,200,-50,100,0,0,-32,36,72,-28,0,200,34,34,35,35,30,38,124,122,122,122,122,122,-999,-999,-1.96
8.896281719207764,-0.1189125424435697,0.009973310011396168,0.051400905443349486,0.9635751826395068,-0.05907268237519269,0.277964262279343,-0.11124076551172649,0.005370243852290245,0.026851219261451224,0.9681782487986127,-0.06060703776156134,0.08947347498262113,0,1,3,0,0,16,0,300,-50,50,0,0,-32,36,76,-24,0,200,34,34,35,35,30,38,124,122,122,122,122,122,-999,-999,-1.96
8.912448167800903,-0.1189125424435697,0.014576376170502094,0.051400905443349486,0.9651095380258755,-0.05907268237519269,0.277964262279343,-0.11124076551172649,0.009973310011396168,0.026851219261451224,0.9681782487986127,-0.06060703776156134,0.08947347498262113,0,0,3,0,0,16,0,300,0,100,0,0,-32,32,76,0,0,200,34,34,35,35,30,38,124,122,122,122,121,122,-999,-999,-1.96
8.92924952507019,-0.1189125424435697,0.017645086943239376,0.051400905443349486,0.9651095380258755,-0.05907268237519269,0.277964262279343,-0.10817205473898922,0.016110731556870737,0.026851219261451224,0.9681782487986127,-0.06060703776156134,0.08947347498262113,1,1,3,0,0,21,0,150,0,50,0,0,-32,24,76,0,0,200,34,34,35,35,30,38,124,122,122,122,122,122,-999,-999,-1.96
8.94490671157837,-0.1189125424435697,0.0222481531023453,0.051400905443349486,0.9651095380258755,-0.05907268237519269,0.277964262279343,-0.10510334396625193,0.02071379771597666,0.026851219261451224,0.9681782487986127,-0.06060703776156134,0.08947347498262113,1,0,3,0,0,17,0,200,0,50,0,0,-48,24,76,0,0,200,34,34,35,35,30,38,124,122,122,122,122,122,-999,-999,-1.96
8.9603111743927,-0.1189125424435697,0.028385574647819864,0.051400905443349486,0.9666438934122441,-0.05907268237519269,0.277964262279343,-0.1035689885798833,0.02531686387508258,0.026851219261451224,0.9681782487986127,-0.06060703776156134,0.08947347498262113,1,0,3,0,0,18,0,150,0,0,0,0,-56,20,76,0,0,200,33,34,35,35,30,38,123,122,122,122,122,122,-999,-999,-1.96
8.976335525512695,-0.1189125424435697,0.03298864080692579,0.051400905443349486,0.9666438934122441,-0.05907268237519269,0.277964262279343,-0.10203463319351465,0.029919930034188504,0.026851219261451224,0.9697126041849814,-0.06060703776156134,0.08947347498262113,1,1,3,0,0,21,0,250,0,50,0,0,-60,24,76,20,0,200,34,34,35,35,30,38,123,122,122,122,122,122,-999,-999,-1.96
8.993348836898804,-0.11737818705720107,0.039126062352400355,0.051400905443349486,0.9666438934122441,-0.05753832698882405,0.277964262279343,-0.10203463319351465,0.036057351579663076,0.026851219261451224,0.9697126041849814,-0.06060703776156134,0.08947347498262113,1,1,3,0,1,17,0,250,0,0,0,0,-64,28,76,-24,24,200,34,34,35,35,30,38,124,122,122,122,121,122,-999,-999,-1.96
9.00891900062561,-0.11584383167083243,0.04526348389787492,0.051400905443349486,0.9666438934122441,-0.05753832698882405,0.277964262279343,-0.10203463319351465,0.040660417738769,0.026851219261451224,0.9743156703440873,-0.06060703776156134,0.08947347498262113,0,1,3,0,0,16,0,200,0,0,50,0,-44,36,76,-20,24,200,34,34,35,35,30,38,124,122,122,122,122,122,-999,-999,-1.96
9.024266481399536,-0.11430947628446378,0.049866550056980846,0.051400905443349486,0.9666438934122441,-0.05753832698882405,0.277964262279343,-0.10203463319351465,0.04526348389787492,0.026851219261451224,0.9804530918895619,-0.06060703776156134,0.08947347498262113,0,0,3,0,0,19,100,250,0,0,50,0,-36,24,76,-32,20,200,33,34,35,35,30,41,124,122,122,122,122,122,-999,-999,-1.96
9.040302038192749,-0.11430947628446378,0.05600397160245541,0.051400905443349486,0.9681782487986127,-0.05753832698882405,0.277964262279343,-0.10203463319351465,0.049866550056980846,0.026851219261451224,0.9850561580486678,-0.06060703776156134,0.08947347498262113,2,2,3,1,0,20,50,200,0,0,0,0,-36,40,76,-60,20,200,34,34,35,35,30,38,124,122,122,121,122,121,-999,-999,-1.96
9.056445360183716,-0.11124076551172649,0.05907268237519269,0.051400905443349486,0.9727813149577187,-0.05753832698882405,0.277964262279343,-0.10203463319351465,0.05446961621608677,0.02531686387508258,0.9911935795941422,-0.06060703776156134,0.08947347498262113,1,1,3,0,0,19,0,200,0,50,0,0,-40,32,80,-68,20,200,34,34,35,35,30,38,123,122,122,122,121,122,-999,-999,-1.96
9.072425603866577,-0.10970641012535785,0.06214139314792997,0.051400905443349486,0.9773843811168246,-0.05753832698882405,0.277964262279343,-0.100500277807146,0.05753832698882405,0.02531686387508258,0.9973310011396169,-0.06060703776156134,0.08947347498262113,1,1,4,0,0,16,100,200,0,150,0,0,-28,28,84,-52,20,200,34,34,35,35,30,38,123,122,122,122,122,121,-999,-999,-1.96
9.088427066802979,-0.10970641012535785,0.0667444593070359,0.051400905443349486,0.9819874472759305,-0.05753832698882405,0.277964262279343,-0.100500277807146,0.06214139314792997,0.0222481531023453,1.0034684226850914,-0.06060703776156134,0.08947347498262113,1,1,4,1,1,19,50,150,0,200,0,0,-36,32,84,-60,20,200,34,34,36,35,30,38,123,122,122,122,122,122,-999,-999,-1.96
9.104457378387451,-0.10817205473898922,0.06981317007977318,0.051400905443349486,0.988124868821405,-0.05753832698882405,0.277964262279343,-0.100500277807146,0.06521010392066726,0.01917944232960802,1.0142089103896719,-0.06060703776156134,0.08947347498262113,1,1,5,0,0,16,50,150,0,200,0,0,-28,24,104,-64,20,200,34,34,35,35,30,38,123,121,122,121,122,122,-999,-999,-1.96
9.120460748672485,-0.10817205473898922,0.07441623623887911,0.051400905443349486,0.9927279349805109,-0.05753832698882405,0.277964262279343,-0.09896592242077737,0.06981317007977318,0.013042020784133452,1.0249493980942523,-0.06060703776156134,0.08947347498262113,0,1,5,0,0,17,50,150,0,200,0,0,-28,28,112,-60,20,200,34,34,35,35,30,38,124,122,122,122,122,123,-999,-999,-1.96
9.136330366134644,-0.10817205473898922,0.07748494701161639,0.051400905443349486,0.9988653565259856,-0.05753832698882405,0.277964262279343,-0.09743156703440872,0.07288188085251047,0.006904599238658886,1.0372242411852015,-0.06060703776156134,0.08947347498262113,1,1,6,1,0,18,0,150,0,200,0,0,-36,32,124,-96,20,200,34,34,35,35,30,38,123,122,122,122,122,122,-999,-999,-1.96
9.152939081192017,-0.10817205473898922,0.08055365778435367,0.051400905443349486,1.0065371334578288,-0.05753832698882405,0.277964262279343,-0.09589721164804009,0.07748494701161639,0.0007671776931843208,1.047964728889782,-0.06060703776156134,0.08947347498262113,1,1,10,2,0,17,0,150,0,250,0,0,-44,32,156,-116,20,200,34,34,35,35,30,38,123,122,122,121,121,122,-999,-999,-1.96
9.169440984725952,-0.10817205473898922,0.08362236855709095,0.051400905443349486,1.0157432657760406,-0.05753832698882405,0.277964262279343,-0.09436285626167144,0.08208801317072231,-0.008438954625027528,1.0633082827534683,-0.06060703776156134,0.08947347498262113,0,0,11,0,0,17,0,150,0,300,0,0,-52,28,164,-116,20,200,33,34,35,35,30,38,123,122,122,122,121,122,-999,-999,-1.96
9.185361385345459,-0.10817205473898922,0.08822543471619687,0.049866550056980846,1.0249493980942523,-0.05753832698882405,0.277964262279343,-0.0928285008753028,0.08669107932982824,-0.016110731556870737,1.0771174812307862,-0.06060703776156134,0.08947347498262113,1,0,18,1,0,18,0,100,0,300,0,0,-52,-20,192,-124,20,200,34,34,35,35,30,38,123,122,122,121,121,122,-999,-999,-1.96
9.201349258422852,-0.10663769935262057,0.09436285626167144,0.049866550056980846,1.035689885798833,-0.05753832698882405,0.277964262279343,-0.0928285008753028,0.0928285008753028,-0.02531686387508258,1.0924610350944726,-0.06060703776156134,0.08947347498262113,1,0,23,1,0,16,0,150,-50,400,0,0,-56,24,212,-128,20,200,34,34,35,35,30,38,123,122,122,121,121,112,-999,-999,-1.96
9.217490911483765,-0.10510334396625193,0.09896592242077737,0.049866550056980846,1.0464303735034135,-0.05753832698882405,0.277964262279343,-0.0928285008753028,0.09743156703440872,-0.03452299619329443,1.1062702335717904,-0.06060703776156134,0.08947347498262113,0,0,26,1,0,16,0,250,0,400,0,0,-52,0,240,-148,20,200,34,34,35,35,30,38,123,121,121,121,121,122,-999,-999,-1.96
9.233478307723999,-0.10510334396625193,0.10510334396625193,0.04679783928424356,1.0587052165943625,-0.05753832698882405,0.277964262279343,-0.0928285008753028,0.1035689885798833,-0.04526348389787492,1.1216137874354768,-0.06060703776156134,0.08947347498262113,1,2,30,1,0,16,100,200,0,450,0,0,-40,28,260,-148,20,200,34,34,35,35,30,38,123,121,121,121,121,122,-999,-999,-1.96
9.249491214752197,-0.10510334396625193,0.10970641012535785,0.04372912851150628,1.0725144150716803,-0.05753832698882405,0.277964262279343,-0.0928285008753028,0.10970641012535785,-0.05446961621608677,1.1369573412991631,-0.06060703776156134,0.08947347498262113,1,0,33,0,0,17,0,200,-50,550,0,0,-40,24,268,-144,20,200,34,34,35,35,30,38,123,121,121,121,121,121,-999,-999,-1.96
9.265347480773926,-0.10510334396625193,0.11584383167083243,0.040660417738769,1.0832549027762608,-0.05753832698882405,0.277964262279343,-0.0928285008753028,0.11584383167083243,-0.06367574853429861,1.1492321843901123,-0.06060703776156134,0.08947347498262113,1,1,41,2,0,16,0,250,-150,550,0,0,-44,0,284,-152,20,200,34,34,36,35,30,38,123,121,121,121,121,122,-999,-999,-1.96
9.28233790397644,-0.10203463319351465,0.12198125321630698,0.03452299619329443,1.0970641012535784,-0.05753832698882405,0.277964262279343,-0.0928285008753028,0.12198125321630698,-0.07288188085251047,1.1630413828674302,-0.06060703776156134,0.08947347498262113,0,0,36,1,1,17,0,250,-150,450,0,0,-36,28,300,-168,20,200,34,34,35,35,30,38,123,121,121,121,121,121,-999,-999,-1.96
9.296965837478638,-0.100500277807146,0.12811867476178154,0.028385574647819864,1.1108732997308963,-0.05753832698882405,0.277964262279343,-0.0928285008753028,0.1296530301481502,-0.08208801317072231,1.1737818705720107,-0.05907268237519269,0.08947347498262113,0,0,30,1,0,16,50,250,-200,550,0,0,-32,0,308,-160,20,200,34,34,35,35,30,38,123,121,122,121,121,122,-999,-999,-1.96
9.314344644546509,-0.09896592242077737,0.13579045169362475,0.02071379771597666,1.1231481428218455,-0.05753832698882405,0.277964262279343,-0.0928285008753028,0.13579045169362475,-0.08975979010256553,1.1845223582765911,-0.05907268237519269,0.08947347498262113,0,0,31,1,0,17,100,200,-200,550,0,0,-28,24,296,-152,-20,200,33,34,35,35,30,38,123,121,121,121,121,121,-999,-999,-1.96
9.329503536224365,-0.09743156703440872,0.1419278732390993,0.014576376170502094,1.1369573412991631,-0.05753832698882405,0.277964262279343,-0.0928285008753028,0.14499658401183663,-0.09896592242077737,1.193728490594803,-0.05907268237519269,0.08947347498262113,0,1,32,0,0,20,50,200,-300,500,0,0,-20,20,304,-144,0,200,34,34,35,35,30,38,123,121,121,121,121,121,-999,-999,-1.96
9.345921277999878,-0.09589721164804009,0.1480652947845739,0.006904599238658886,1.1492321843901123,-0.05753832698882405,0.277964262279343,-0.0928285008753028,0.1526683609436798,-0.10663769935262057,1.2029346229130147,-0.05907268237519269,0.08947347498262113,0,0,35,0,0,20,50,300,-300,550,0,0,-20,0,300,-136,0,200,34,34,35,35,30,38,123,121,122,121,121,121,-999,-999,-1.96
9.362355709075928,-0.09589721164804009,0.1557370717164171,0.0007671776931843208,1.159972672094693,-0.05753832698882405,0.277964262279343,-0.0928285008753028,0.160340137875523,-0.11430947628446378,1.2090720444584893,-0.05907268237519269,0.08947347498262113,0,0,31,0,0,16,50,250,-300,550,0,0,0,-20,304,-128,0,200,34,34,35,35,30,38,123,121,122,121,121,122,-999,-999,-1.96
9.37792444229126,-0.09589721164804009,0.1634088486482603,-0.008438954625027528,1.1707131597992735,-0.05753832698882405,0.277964262279343,-0.0928285008753028,0.1680119148073662,-0.12198125321630698,1.2167438213903325,-0.05907268237519269,0.08947347498262113,0,0,27,0,0,16,50,300,-250,400,0,0,-20,0,312,-112,0,200,34,34,35,35,30,38,123,121,122,121,121,121,-999,-999,-1.96
9.393528699874878,-0.09589721164804009,0.17108062558010353,-0.017645086943239376,1.1799192921174853,-0.05753832698882405,0.277964262279343,-0.0928285008753028,0.17568369173920942,-0.1296530301481502,1.2213468875494384,-0.05907268237519269,0.08947347498262113,0,0,24,0,0,17,0,350,-250,450,0,0,-20,0,296,-108,0,200,33,34,35,35,30,38,123,121,122,121,121,121,-999,-999,-1.96
9.410367012023926,-0.09589721164804009,0.1787524025119467,-0.02531686387508258,1.1875910690493283,-0.05753832698882405,0.277964262279343,-0.0928285008753028,0.18488982405742127,-0.13579045169362475,1.2259499537085445,-0.05907268237519269,0.08947347498262113,1,0,26,0,0,16,0,350,-400,400,0,0,-20,0,300,-100,0,200,33,34,35,35,30,38,123,121,121,121,121,121,-999,-999,-1.96
9.425503730773926,-0.09589721164804009,0.18488982405742127,-0.03452299619329443,1.1952628459811716,-0.05753832698882405,0.277964262279343,-0.0928285008753028,0.19256160098926448,-0.1419278732390993,1.2290186644812817,-0.05907268237519269,0.08947347498262113,0,0,23,1,0,18,0,250,-350,350,0,0,-20,0,284,-92,0,200,33,34,35,42,30,38,123,121,122,121,121,119,-999,-999,-1.96
9.442380666732788,-0.09589721164804009,0.19256160098926448,-0.042194773125137634,1.2029346229130147,-0.05753832698882405,0.277964262279343,-0.0928285008753028,0.2002333779211077,-0.1480652947845739,1.2305530198676504,-0.05907268237519269,0.08947347498262113,0,0,23,0,0,16,0,300,-300,350,0,0,-20,-24,276,-76,0,200,33,34,35,35,30,38,123,121,122,121,121,122,-999,-999,-1.96
9.45791506767273,-0.09743156703440872,0.20176773330747633,-0.051400905443349486,1.2075376890721208,-0.05753832698882405,0.277964262279343,-0.0928285008753028,0.20637079946658227,-0.1526683609436798,1.2305530198676504,-0.05907268237519269,0.08947347498262113,0,0,20,0,0,18,0,300,-350,250,0,0,-24,-20,268,-60,0,200,34,34,35,35,30,38,123,121,122,121,121,121,-999,-999,-1.96
9.47450876235962,-0.09743156703440872,0.20943951023931956,-0.06060703776156134,1.2121407552312267,-0.05753832698882405,0.277964262279343,-0.0928285008753028,0.21404257639842547,-0.15727142710278574,1.2305530198676504,-0.06060703776156134,0.08947347498262113,0,1,19,1,0,19,-50,350,-350,250,0,0,-24,20,256,-52,20,200,34,34,35,35,30,38,123,121,121,121,121,122,-999,-999,-1.96
9.490449905395508,-0.09896592242077737,0.21557693178479412,-0.0667444593070359,1.2167438213903325,-0.05753832698882405,0.277964262279343,-0.0928285008753028,0.22017999794390003,-0.160340137875523,1.2305530198676504,-0.06060703776156134,0.08947347498262113,1,0,19,0,0,21,0,300,-400,200,0,0,-32,20,244,-36,24,200,34,34,35,35,30,38,123,121,122,121,121,122,-999,-999,-1.96
9.505954265594482,-0.09896592242077737,0.22171435333026868,-0.07134752546614181,1.218278176776701,-0.05753832698882405,0.277964262279343,-0.0928285008753028,0.22631741948937462,-0.1664775594209976,1.2305530198676504,-0.06060703776156134,0.08947347498262113,0,0,20,0,1,20,-50,300,-300,100,0,0,-32,0,244,-32,24,200,33,34,35,35,30,38,123,121,122,121,121,122,-999,-999,-1.96
9.52253770828247,-0.100500277807146,0.22938613026211188,-0.07595059162524774,1.2198125321630697,-0.05753832698882405,0.277964262279343,-0.0928285008753028,0.23398919642121782,-0.1680119148073662,1.2305530198676504,-0.06060703776156134,0.08947347498262113,0,0,25,1,1,21,0,250,-150,100,0,0,-28,0,256,-28,20,200,34,34,35,35,30,38,123,122,122,121,121,121,-999,-999,-1.96
9.539348602294922,-0.100500277807146,0.23552355180758644,-0.08208801317072231,1.2213468875494384,-0.05753832698882405,0.277964262279343,-0.0928285008753028,0.24012661796669238,-0.17261498096647215,1.2305530198676504,-0.05907268237519269,0.08947347498262113,0,0,21,0,0,19,0,250,-200,100,0,0,-36,0,248,-32,20,200,34,34,35,35,30,38,123,121,122,121,121,121,-999,-999,-1.96
9.554957151412964,-0.100500277807146,0.24319532873942967,-0.0851567239434596,1.2228812429358074,-0.05753832698882405,0.277964262279343,-0.0928285008753028,0.24626403951216694,-0.17721804712557807,1.2305530198676504,-0.05907268237519269,0.08947347498262113,0,0,20,0,0,17,-50,300,-200,50,0,0,-36,0,240,-28,-20,200,34,34,35,35,30,38,123,121,122,121,121,121,-999,-999,-1.96
9.570960283279419,-0.100500277807146,0.24933275028490423,-0.08975979010256553,1.2244155983221758,-0.05753832698882405,0.277964262279343,-0.0928285008753028,0.2524014610576415,-0.1787524025119467,1.2305530198676504,-0.05907268237519269,0.08947347498262113,1,0,22,0,0,22,0,300,-200,100,0,0,-32,0,252,-20,0,200,33,34,35,35,30,38,123,121,122,121,121,122,-999,-999,-1.96
9.586335182189941,-0.100500277807146,0.2554701718303788,-0.09436285626167144,1.2259499537085445,-0.05753832698882405,0.277964262279343,-0.0928285008753028,0.2585388826031161,-0.18335546867105265,1.2305530198676504,-0.05907268237519269,0.08947347498262113,1,1,18,0,0,17,0,300,-150,50,0,0,-32,0,232,-20,0,200,34,34,35,35,30,38,123,121,122,122,121,122,-999,-999,-1.96
9.602468967437744,-0.100500277807146,0.26314194876222197,-0.09896592242077737,1.2274843090949132,-0.05753832698882405,0.277964262279343,-0.09129414548893416,0.2646763041485906,-0.18642417944378992,1.2305530198676504,-0.05753832698882405,0.08947347498262113,1,1,32,0,0,21,0,250,-200,50,0,0,-32,20,236,0,0,200,34,34,35,35,30,38,123,121,121,121,121,121,-999,-999,-1.96
9.618408918380737,-0.100500277807146,0.26927937030769655,-0.10203463319351465,1.2274843090949132,-0.05753832698882405,0.277964262279343,-0.09129414548893416,0.27234808108043385,-0.1894928902165272,1.2305530198676504,-0.05753832698882405,0.08947347498262113,1,0,22,0,0,19,0,250,-200,50,0,0,-40,-20,236,0,0,200,34,34,35,35,30,38,123,121,122,121,121,121,-999,-999,-1.96
9.634472370147705,-0.09896592242077737,0.27541679185317114,-0.10510334396625193,1.2274843090949132,-0.05753832698882405,0.277964262279343,-0.09129414548893416,0.27848550262590843,-0.19409595637563312,1.2305530198676504,-0.05753832698882405,0.08947347498262113,1,0,30,0,0,19,0,250,-100,0,0,0,-28,0,236,-20,0,200,33,34,35,35,30,38,123,121,122,121,121,122,-999,-999,-1.96
9.650975465774536,-0.09896592242077737,0.28155421339864567,-0.10970641012535785,1.2274843090949132,-0.05753832698882405,0.277964262279343,-0.09129414548893416,0.28462292417138296,-0.19563031176200177,1.2305530198676504,-0.05753832698882405,0.08947347498262113,0,0,26,0,0,16,50,300,-100,0,0,0,-28,0,248,-20,0,200,34,34,35,35,30,38,123,121,122,121,121,121,-999,-999,-1.96
9.665966987609863,-0.09896592242077737,0.2892259903304889,-0.11277512089809515,1.2274843090949132,-0.05753832698882405,0.277964262279343,-0.09129414548893416,0.29076034571685755,-0.19869902253473906,1.2305530198676504,-0.05753832698882405,0.08947347498262113,0,0,18,0,0,17,0,300,-150,0,0,0,-32,0,232,-20,0,200,34,34,35,35,30,38,123,121,122,121,121,122,-999,-999,-1.96
9.682562112808228,-0.09896592242077737,0.2953634118759635,-0.11737818705720107,1.2274843090949132,-0.05753832698882405,0.277964262279343,-0.09129414548893416,0.2968977672623321,-0.20330208869384497,1.2305530198676504,-0.05753832698882405,0.08947347498262113,1,0,24,0,0,17,0,250,-150,0,0,0,-32,0,232,-20,0,200,34,34,35,35,30,38,123,121,122,121,121,122,-999,-999,-1.96
9.698979139328003,-0.09743156703440872,0.301500833421438,-0.12044689782993835,1.2274843090949132,-0.05753832698882405,0.277964262279343,-0.09129414548893416,0.30303518880780667,-0.20483644408021362,1.2305530198676504,-0.05753832698882405,0.08947347498262113,0,0,21,0,0,16,0,250,-150,0,0,0,-32,24,232,-20,0,200,34,34,35,35,30,38,123,121,122,121,121,122,-999,-999,-1.96
9.715403318405151,-0.09743156703440872,0.3076382549669126,-0.12351560860267563,1.2274843090949132,-0.05753832698882405,0.277964262279343,-0.09129414548893416,0.3076382549669126,-0.2079051548529509,1.2305530198676504,-0.05753832698882405,0.08947347498262113,0,0,19,0,0,21,0,250,-150,0,0,0,-24,-20,236,-20,0,200,33,34,35,35,30,38,123,121,122,121,121,121,-999,-999,-1.96
9.731567859649658,-0.09743156703440872,0.3153100318987558,-0.12811867476178154,1.2274843090949132,-0.05753832698882405,0.277964262279343,-0.09129414548893416,0.31377567651238714,-0.20943951023931956,1.2305530198676504,-0.05753832698882405,0.08947347498262113,0,1,17,0,0,16,50,300,-150,0,0,0,-24,24,228,-20,0,200,33,34,35,35,30,38,123,121,122,121,121,122,-999,-999,-1.96
9.747550010681152,-0.09743156703440872,0.3214474534442303,-0.13118738553451884,1.2274843090949132,-0.05753832698882405,0.277964262279343,-0.09129414548893416,0.3183787426714931,-0.20943951023931956,1.2320873752540191,-0.05753832698882405,0.08947347498262113,0,1,20,0,0,16,0,300,-150,0,0,0,-28,28,212,-20,0,200,34,34,35,35,30,38,123,122,122,121,121,122,-999,-999,-1.96
9.763549566268921,-0.09743156703440872,0.3260505196033363,-0.13272174092088748,1.2274843090949132,-0.05753832698882405,0.277964262279343,-0.09129414548893416,0.322981808830599,-0.20943951023931956,1.2336217306403878,-0.05753832698882405,0.08947347498262113,0,1,23,0,0,16,0,250,-150,0,0,0,-28,32,204,-24,0,200,34,34,35,35,30,38,123,121,122,121,122,121,-999,-999,-1.96
9.780418157577515,-0.09743156703440872,0.33218794114881084,-0.13425609630725613,1.2274843090949132,-0.05753832698882405,0.277964262279343,-0.09129414548893416,0.32758487498970495,-0.20943951023931956,1.2351560860267563,-0.05753832698882405,0.08947347498262113,1,1,22,1,0,20,0,200,-50,0,0,0,-28,32,200,-32,0,200,34,34,35,35,30,38,123,121,122,122,121,121,-999,-999,-1.96
9.795448780059814,-0.09743156703440872,0.3367910073079168,-0.13425609630725613,1.2274843090949132,-0.05753832698882405,0.277964262279343,-0.09129414548893416,0.3306535857624422,-0.20943951023931956,1.2351560860267563,-0.05753832698882405,0.08947347498262113,1,1,19,0,0,16,0,250,-50,0,0,0,-28,28,200,-36,0,200,34,34,35,35,30,38,123,121,122,121,121,122,-999,-999,-1.96
9.811562299728394,-0.09743156703440872,0.3413940734670227,-0.13425609630725613,1.2274843090949132,-0.05753832698882405,0.277964262279343,-0.09129414548893416,0.33525665192154813,-0.20943951023931956,1.236690441413125,-0.05753832698882405,0.08947347498262113,0,2,24,1,0,16,0,150,-50,0,0,0,-28,36,208,-36,0,200,34,34,35,35,30,38,123,121,122,121,121,122,-999,-999,-1.96
9.827560663223267,-0.09743156703440872,0.34446278423976,-0.13425609630725613,1.2274843090949132,-0.05753832698882405,0.277964262279343,-0.09129414548893416,0.339859718080654,-0.20943951023931956,1.236690441413125,-0.05753832698882405,0.08947347498262113,0,1,19,1,0,18,0,200,0,0,0,0,-28,36,208,-40,0,200,34,34,35,35,30,38,123,121,122,121,121,121,-999,-999,-1.96
9.843569040298462,-0.09743156703440872,0.3490658503988659,-0.13425609630725613,1.2290186644812817,-0.05753832698882405,0.277964262279343,-0.09129414548893416,0.34292842885339136,-0.20943951023931956,1.236690441413125,-0.05753832698882405,0.08947347498262113,0,1,20,0,0,16,0,200,0,0,0,0,-28,36,208,-40,0,200,34,34,35,35,30,38,123,121,122,121,121,122,-999,-999,-1.96
9.859454870223999,-0.09743156703440872,0.35366891655797184,-0.13425609630725613,1.2305530198676504,-0.05753832698882405,0.277964262279343,-0.09129414548893416,0.34599713962612866,-0.20943951023931956,1.236690441413125,-0.05753832698882405,0.08947347498262113,0,1,19,0,0,16,0,150,0,0,0,0,-28,28,208,-32,0,200,34,34,35,35,30,38,123,122,122,121,121,121,-999,-999,-1.96
9.876004695892334,-0.09743156703440872,0.3567376273307091,-0.13425609630725613,1.2305530198676504,-0.05753832698882405,0.277964262279343,-0.09129414548893416,0.3490658503988659,-0.20943951023931956,1.236690441413125,-0.05753832698882405,0.08947347498262113,0,1,22,0,0,17,0,200,0,100,0,0,-28,40,208,-20,0,200,34,34,35,35,30,38,123,121,122,121,121,121,-999,-999,-1.96
9.891420364379883,-0.09743156703440872,0.3598063381034464,-0.13425609630725613,1.2320873752540191,-0.05753832698882405,0.277964262279343,-0.09129414548893416,0.3521345611716032,-0.20943951023931956,1.236690441413125,-0.05753832698882405,0.08947347498262113,0,1,19,0,0,20,0,100,0,0,0,0,-28,32,208,-24,0,200,33,34,35,35,30,38,123,121,122,121,121,121,-999,-999,-1.96
9.907449960708618,-0.09743156703440872,0.3628750488761837,-0.13425609630725613,1.2320873752540191,-0.05753832698882405,0.277964262279343,-0.09129414548893416,0.35366891655797184,-0.20943951023931956,1.236690441413125,-0.05753832698882405,0.08947347498262113,0,1,22,0,0,16,0,150,0,50,0,0,-28,32,208,-20,0,200,34,34,35,35,30,38,123,121,122,121,121,122,-999,-999,-1.96
9.92344856262207,-0.09743156703440872,0.36594375964892095,-0.13425609630725613,1.2320873752540191,-0.05753832698882405,0.277964262279343,-0.09129414548893416,0.3567376273307091,-0.20943951023931956,1.236690441413125,-0.05753832698882405,0.08947347498262113,0,2,19,0,0,16,0,150,0,0,0,0,-28,44,208,-24,0,200,34,34,35,35,30,38,123,121,122,121,121,122,-999,-999,-1.96
9.939452409744263,-0.09743156703440872,0.3674781150352896,-0.13425609630725613,1.2320873752540191,-0.05753832698882405,0.277964262279343,-0.09129414548893416,0.3582719827170778,-0.20943951023931956,1.236690441413125,-0.05753832698882405,0.08947347498262113,0,1,21,0,0,20,0,100,0,0,0,0,-28,44,208,-24,0,200,33,34,35,35,30,38,123,121,122,121,121,121,-999,-999,-1.96
9.955572366714478,-0.09743156703440872,0.3705468258080269,-0.13425609630725613,1.2320873752540191,-0.05753832698882405,0.277964262279343,-0.09129414548893416,0.3598063381034464,-0.2079051548529509,1.236690441413125,-0.05753832698882405,0.08947347498262113,0,1,21,0,0,18,0,100,0,0,0,0,-28,40,208,-24,0,200,33,34,35,35,30,38,123,121,122,121,121,122,-999,-999,-1.96
9.97157621383667,-0.09743156703440872,0.37361553658076413,-0.13425609630725613,1.2320873752540191,-0.05753832698882405,0.277964262279343,-0.09129414548893416,0.3628750488761837,-0.20637079946658227,1.236690441413125,-0.05753832698882405,0.08947347498262113,1,2,19,0,0,20,0,150,0,0,0,0,-28,48,204,-24,0,200,34,34,35,35,30,38,123,121,122,121,121,121,-999,-999,-1.96
9.987991094589233,-0.09743156703440872,0.3751498919671328,-0.13425609630725613,1.2320873752540191,-0.05753832698882405,0.277964262279343,-0.09129414548893416,0.3644094042625523,-0.20483644408021362,1.236690441413125,-0.05753832698882405,0.08947347498262113,0,1,17,0,0,18,0,100,0,0,0,0,-28,48,192,-24,0,200,34,34,35,35,30,38,123,121,122,121,121,122,-999,-999,-1.96
10.004474878311157,-0.09743156703440872,0.3782186027398701,-0.13425609630725613,1.2320873752540191,-0.05753832698882405,0.277964262279343,-0.09129414548893416,0.36594375964892095,-0.20330208869384497,1.236690441413125,-0.05753832698882405,0.08947347498262113,0,2,17,0,0,19,0,100,0,0,0,0,-28,44,192,-24,0,200,34,34,35,35,30,38,123,121,122,121,121,121,-999,-999,-1.96
10.020453691482544,-0.09743156703440872,0.38128731351260736,-0.13425609630725613,1.2320873752540191,-0.05753832698882405,0.277964262279343,-0.09129414548893416,0.36901247042165825,-0.20176773330747633,1.236690441413125,-0.05753832698882405,0.08947347498262113,0,2,17,0,0,16,0,100,0,0,0,0,-28,52,188,-24,0,200,34,34,35,35,30,38,124,122,122,121,121,121,-999,-999,-1.96
10.036436319351196,-0.09743156703440872,0.382821668898976,-0.13425609630725613,1.2320873752540191,-0.05753832698882405,0.277964262279343,-0.09129414548893416,0.3705468258080269,-0.20176773330747633,1.236690441413125,-0.05753832698882405,0.08947347498262113,0,2,14,0,0,18,0,50,0,0,0,0,-28,44,184,-24,0,200,34,34,35,35,30,38,123,121,122,121,121,122,-999,-999,-1.96
10.052592754364014,-0.09743156703440872,0.38435602428534466,-0.13425609630725613,1.2320873752540191,-0.05753832698882405,0.277964262279343,-0.0928285008753028,0.37361553658076413,-0.20176773330747633,1.236690441413125,-0.05753832698882405,0.08947347498262113,1,1,14,0,0,17,0,100,0,0,0,0,-24,44,184,-24,0,200,34,34,35,35,30,38,124,122,122,121,121,122,-999,-999,-1.96
10.069056987762451,-0.09743156703440872,0.38742473505808195,-0.13425609630725613,1.2320873752540191,-0.05753832698882405,0.277964262279343,-0.0928285008753028,0.3766842473535015,-0.20176773330747633,1.236690441413125,-0.05753832698882405,0.08947347498262113,0,1,19,0,0,20,0,100,0,0,0,0,-20,44,188,-24,0,200,34,34,35,35,30,38,123,121,122,121,121,121,-999,-999,-1.96
10.084476232528687,-0.09743156703440872,0.3889590904444506,-0.13425609630725613,1.2320873752540191,-0.05753832698882405,0.277964262279343,-0.0928285008753028,0.37975295812623877,-0.20176773330747633,1.236690441413125,-0.05753832698882405,0.08947347498262113,0,1,16,0,0,16,0,100,0,0,0,0,-20,40,188,-24,0,200,34,34,35,35,30,38,123,122,122,122,121,120,-999,-999,-1.96
10.100600242614746,-0.09743156703440872,0.3904934458308192,-0.13425609630725613,1.2320873752540191,-0.05753832698882405,0.277964262279343,-0.09436285626167144,0.382821668898976,-0.20176773330747633,1.2382247967994937,-0.05753832698882405,0.08947347498262113,0,2,20,0,0,17,0,50,0,0,0,0,-20,32,188,-24,0,200,34,34,35,35,30,38,123,122,122,121,121,121,-999,-999,-1.96
10.116466045379639,-0.09743156703440872,0.39356215660355653,-0.13425609630725613,1.2320873752540191,-0.05753832698882405,0.277964262279343,-0.09436285626167144,0.3858903796717133,-0.20176773330747633,1.2382247967994937,-0.05753832698882405,0.08947347498262113,0,2,16,0,0,17,0,100,0,0,0,0,0,32,188,-28,0,200,33,34,35,35,30,38,123,121,122,122,121,121,-999,-999,-1.96
10.13262939453125,-0.09743156703440872,0.3966308673762938,-0.13425609630725613,1.2320873752540191,-0.05753832698882405,0.277964262279343,-0.09436285626167144,0.3889590904444506,-0.20176773330747633,1.2382247967994937,-0.05753832698882405,0.08947347498262113,0,2,16,0,0,21,0,100,0,0,0,0,-20,40,188,-32,0,200,34,34,35,35,30,38,123,121,122,121,121,121,-999,-999,-1.96
10.149092674255371,-0.09743156703440872,0.39969957814903107,-0.13425609630725613,1.2320873752540191,-0.05753832698882405,0.277964262279343,-0.09589721164804009,0.39202780121718783,-0.20176773330747633,1.2382247967994937,-0.05753832698882405,0.08947347498262113,0,1,16,1,0,20,0,150,0,0,0,0,20,32,188,-28,0,200,34,34,35,35,30,38,123,121,122,121,121,121,-999,-999,-1.96
10.164496898651123,-0.09743156703440872,0.40276828892176836,-0.13425609630725613,1.2320873752540191,-0.05753832698882405,0.277964262279343,-0.09589721164804009,0.3950965119899252,-0.20176773330747633,1.2382247967994937,-0.05753832698882405,0.08947347498262113,0,1,21,0,0,18,0,150,0,0,0,0,20,32,188,-28,0,200,34,34,35,35,30,38,123,122,122,121,121,121,-999,-999,-1.96
10.181479930877686,-0.09743156703440872,0.40583699969450565,-0.13425609630725613,1.2320873752540191,-0.05753832698882405,0.277964262279343,-0.09589721164804009,0.3981652227626624,-0.20176773330747633,1.2382247967994937,-0.05753832698882405,0.08947347498262113,0,1,19,0,0,18,0,100,0,0,0,0,0,36,188,-28,0,200,34,34,35,34,30,38,123,122,122,121,121,122,-999,-999,-1.96
10.19649600982666,-0.09743156703440872,0.4089057104672429,-0.13425609630725613,1.2320873752540191,-0.05753832698882405,0.277964262279343,-0.09589721164804009,0.4012339335353997,-0.20176773330747633,1.2382247967994937,-0.05753832698882405,0.08947347498262113,0,2,19,1,0,20,0,100,0,0,0,0,0,36,188,-28,0,200,34,34,35,35,30,38,123,121,122,122,121,121,-999,-999,-1.96
10.212638139724731,-0.09743156703440872,0.41197442123998024,-0.13579045169362475,1.2320873752540191,-0.05753832698882405,0.277964262279343,-0.09589721164804009,0.404302644308137,-0.20176773330747633,1.2382247967994937,-0.05753832698882405,0.08947347498262113,0,1,18,1,0,16,0,150,0,0,0,0,0,36,188,-28,0,200,34,34,35,35,30,38,123,121,122,121,121,122,-999,-999,-1.96
10.22850489616394,-0.09743156703440872,0.4165774873990861,-0.13579045169362475,1.2320873752540191,-0.05753832698882405,0.277964262279343,-0.09589721164804009,0.40737135508087424,-0.20176773330747633,1.2382247967994937,-0.05753832698882405,0.08947347498262113,0,1,13,0,0,16,0,150,0,0,0,0,0,36,180,-28,0,200,34,34,35,35,30,38,123,122,122,121,121,121,-999,-999,-1.96
10.245485544204712,-0.09743156703440872,0.4196461981718234,-0.13579045169362475,1.2320873752540191,-0.05753832698882405,0.277964262279343,-0.09743156703440872,0.4104400658536116,-0.20176773330747633,1.2382247967994937,-0.05753832698882405,0.08947347498262113,0,2,20,1,0,16,0,150,-50,0,0,0,0,40,184,-28,0,200,34,34,35,35,30,38,123,122,122,121,121,122,-999,-999,-1.96
10.261644840240479,-0.09743156703440872,0.4227149089445607,-0.13579045169362475,1.2320873752540191,-0.05753832698882405,0.277964262279343,-0.09743156703440872,0.4135087766263489,-0.20176773330747633,1.2382247967994937,-0.05753832698882405,0.08947347498262113,0,2,17,0,0,16,0,150,0,0,0,0,0,44,184,-28,0,200,34,34,35,35,30,38,123,121,122,121,121,122,-999,-999,-1.96
10.277626991271973,-0.09743156703440872,0.42578361971729795,-0.13579045169362475,1.2320873752540191,-0.05753832698882405,0.277964262279343,-0.09743156703440872,0.4165774873990861,-0.20176773330747633,1.2382247967994937,-0.05753832698882405,0.08947347498262113,0,2,19,1,0,20,0,100,0,0,0,0,0,36,184,-28,0,200,34,34,35,35,30,38,123,122,122,122,121,121,-999,-999,-1.96
10.293627977371216,-0.09743156703440872,0.4288523304900353,-0.13579045169362475,1.2320873752540191,-0.05753832698882405,0.277964262279343,-0.09743156703440872,0.41811184278545477,-0.20176773330747633,1.2382247967994937,-0.05753832698882405,0.08947347498262113,0,2,19,1,0,19,0,100,0,0,0,0,0,44,184,-28,0,200,34,34,35,35,30,41,123,122,122,121,121,121,-999,-999,-1.96
10.310066223144531,-0.09743156703440872,0.43192104126277253,-0.13579045169362475,1.2320873752540191,-0.05753832698882405,0.277964262279343,-0.09743156703440872,0.42118055355819206,-0.20176773330747633,1.2382247967994937,-0.05753832698882405,0.08947347498262113,0,1,18,0,0,17,0,150,0,0,0,0,0,44,184,-28,0,200,34,34,35,35,30,38,123,122,122,121,121,122,-999,-999,-1.96
10.325515508651733,-0.09743156703440872,0.4349897520355098,-0.13579045169362475,1.2320873752540191,-0.05753832698882405,0.277964262279343,-0.09743156703440872,0.4227149089445607,-0.20176773330747633,1.2382247967994937,-0.05753832698882405,0.08947347498262113,0,1,14,0,0,17,0,100,0,0,0,0,0,44,184,-28,0,200,34,34,35,35,30,38,123,122,122,121,121,121,-999,-999,-1.96
10.341523170471191,-0.09743156703440872,0.4380584628082471,-0.13579045169362475,1.2320873752540191,-0.05753832698882405,0.277964262279343,-0.09743156703440872,0.42578361971729795,-0.20176773330747633,1.2382247967994937,-0.05753832698882405,0.08947347498262113,0,2,17,0,0,16,0,100,0,0,0,0,0,52,184,-28,0,200,34,34,35,35,30,38,123,121,122,121,121,122,-999,-999,-1.96
10.357487678527832,-0.09743156703440872,0.43959281819461576,-0.13579045169362475,1.2320873752540191,-0.05753832698882405,0.277964262279343,-0.09743156703440872,0.4273179751036666,-0.20176773330747633,1.2382247967994937,-0.05753832698882405,0.08947347498262113,0,1,16,1,0,20,0,150,0,0,0,0,0,48,184,-28,0,200,33,34,35,35,30,38,123,122,122,122,121,121,-999,-999,-1.96
10.374487161636353,-0.09743156703440872,0.44112717358098436,-0.13579045169362475,1.2320873752540191,-0.05753832698882405,0.277964262279343,-0.09743156703440872,0.4288523304900353,-0.20176773330747633,1.2382247967994937,-0.05753832698882405,0.08947347498262113,0,2,14,1,0,17,0,100,0,0,0,0,0,40,184,-28,0,200,34,34,35,35,30,38,123,121,122,121,121,122,-999,-999,-1.96
10.389647960662842,-0.09743156703440872,0.44419588435372165,-0.13579045169362475,1.2320873752540191,-0.05753832698882405,0.277964262279343,-0.09743156703440872,0.43038668587640394,-0.20176773330747633,1.2382247967994937,-0.05753832698882405,0.08947347498262113,0,2,16,0,0,16,0,50,0,0,0,0,0,52,184,-28,0,200,34,34,35,35,30,38,123,122,122,122,121,121,-999,-999,-1.96
10.40553593635559,-0.09743156703440872,0.44573023974009035,-0.13579045169362475,1.2320873752540191,-0.05753832698882405,0.277964262279343,-0.09743156703440872,0.43038668587640394,-0.20176773330747633,1.2382247967994937,-0.05753832698882405,0.08947347498262113,0,2,20,0,0,16,0,100,0,0,0,0,0,56,184,-28,0,200,34,34,35,35,30,38,123,121,122,121,121,121,-999,-999,-1.96
10.421669006347656,-0.09743156703440872,0.4487989505128276,-0.13579045169362475,1.2320873752540191,-0.05753832698882405,0.277964262279343,-0.09743156703440872,0.43192104126277253,-0.20176773330747633,1.2382247967994937,-0.05753832698882405,0.08947347498262113,0,3,15,1,0,16,0,100,0,0,0,0,0,60,184,-28,0,200,34,34,35,35,30,38,123,121,122,121,121,122,-999,-999,-1.96
10.438680171966553,-0.09743156703440872,0.45033330589919623,-0.13579045169362475,1.2320873752540191,-0.05753832698882405,0.277964262279343,-0.09743156703440872,0.43192104126277253,-0.20176773330747633,1.2382247967994937,-0.05753832698882405,0.08947347498262113,0,2,14,1,0,17,0,100,0,0,0,0,0,60,184,-28,0,200,34,34,35,35,30,38,123,122,122,122,121,122,-999,-999,-1.96
10.453541994094849,-0.09743156703440872,0.45033330589919623,-0.13579045169362475,1.2320873752540191,-0.05753832698882405,0.277964262279343,-0.09743156703440872,0.43192104126277253,-0.20176773330747633,1.2382247967994937,-0.05753832698882405,0.08947347498262113,0,3,19,0,0,17,0,100,0,0,0,0,0,64,184,-28,0,200,34,34,35,35,30,38,123,121,122,121,121,122,-999,-999,-1.96
10.470498085021973,-0.09743156703440872,0.45033330589919623,-0.13579045169362475,1.2320873752540191,-0.05753832698882405,0.277964262279343,-0.09743156703440872,0.43192104126277253,-0.20176773330747633,1.2382247967994937,-0.05753832698882405,0.08947347498262113,0,2,17,0,0,16,0,0,0,0,0,0,0,60,184,-28,0,200,34,34,35,35,30,38,123,121,122,121,121,122,-999,-999,-1.96
10.485535144805908,-0.09743156703440872,0.4518676612855649,-0.13579045169362475,1.2320873752540191,-0.05753832698882405,0.277964262279343,-0.09743156703440872,0.43192104126277253,-0.20176773330747633,1.2382247967994937,-0.05753832698882405,0.08947347498262113,0,2,20,0,0,16,0,0,0,0,0,0,0,60,184,-28,0,200,34,34,35,35,30,38,123,121,122,121,121,122,-999,-999,-1.96
10.502113580703735,-0.09743156703440872,0.4534020166719335,-0.13579045169362475,1.2320873752540191,-0.05753832698882405,0.277964262279343,-0.09743156703440872,0.43192104126277253,-0.20176773330747633,1.2382247967994937,-0.05753832698882405,0.08947347498262113,0,3,21,1,0,20,0,0,0,0,0,0,0,64,184,-28,0,200,34,34,35,35,30,38,123,122,122,121,121,122,-999,-999,-1.96
10.518526077270508,-0.09743156703440872,0.4534020166719335,-0.13579045169362475,1.2320873752540191,-0.05600397160245541,0.277964262279343,-0.09743156703440872,0.43192104126277253,-0.20176773330747633,1.2382247967994937,-0.05753832698882405,0.08947347498262113,0,3,18,0,0,16,0,50,0,0,50,0,0,72,184,-28,0,200,33,34,35,35,30,38,123,121,123,121,121,121,-999,-999,-1.96
10.533691644668579,-0.09743156703440872,0.4534020166719335,-0.13579045169362475,1.2320873752540191,-0.05600397160245541,0.277964262279343,-0.09743156703440872,0.43192104126277253,-0.20176773330747633,1.2382247967994937,-0.05753832698882405,0.08947347498262113,0,2,20,1,0,17,0,50,0,0,50,0,0,72,184,-28,0,200,33,34,35,35,30,38,123,122,122,121,121,121,-999,-999,-1.96
10.549550294876099,-0.09743156703440872,0.4534020166719335,-0.13579045169362475,1.2320873752540191,-0.05600397160245541,0.277964262279343,-0.09743156703440872,0.43192104126277253,-0.20176773330747633,1.2382247967994937,-0.05753832698882405,0.08947347498262113,0,3,17,1,0,20,0,0,0,0,0,0,0,68,184,-28,0,200,34,34,35,35,30,38,123,121,122,121,121,121,-999,-999,-1.96
10.56653642654419,-0.09743156703440872,0.4534020166719335,-0.13579045169362475,1.2320873752540191,-0.05600397160245541,0.277964262279343,-0.09743156703440872,0.43192104126277253,-0.20176773330747633,1.2382247967994937,-0.05753832698882405,0.08947347498262113,0,2,16,1,0,22,0,0,0,0,0,0,0,68,184,-28,0,200,34,34,35,35,30,38,123,121,122,121,121,122,-999,-999,-1.96
10.582530736923218,-0.09743156703440872,0.4534020166719335,-0.13579045169362475,1.2320873752540191,-0.05600397160245541,0.277964262279343,-0.09743156703440872,0.43192104126277253,-0.20176773330747633,1.2382247967994937,-0.05753832698882405,0.08947347498262113,0,2,14,0,0,22,0,0,0,0,0,0,0,68,184,-28,0,200,34,34,35,35,30,38,123,121,122,121,121,122,-999,-999,-1.96
10.598541259765625,-0.09743156703440872,0.4534020166719335,-0.13579045169362475,1.2320873752540191,-0.05600397160245541,0.277964262279343,-0.09743156703440872,0.43192104126277253,-0.20176773330747633,1.2382247967994937,-0.05753832698882405,0.08947347498262113,0,2,16,0,0,16,0,0,0,0,0,0,0,68,184,-28,0,200,34,34,35,35,30,38,123,121,122,121,121,121,-999,-999,-1.96
10.615542888641357,-0.09743156703440872,0.4534020166719335,-0.13579045169362475,1.2320873752540191,-0.05600397160245541,0.277964262279343,-0.09743156703440872,0.43192104126277253,-0.20176773330747633,1.2382247967994937,-0.05753832698882405,0.08947347498262113,0,3,20,0,0,19,0,0,0,0,0,0,0,68,184,-28,0,200,33,34,35,35,30,38,123,121,122,121,121,121,-999,-999,-1.96
10.630537509918213,-0.09743156703440872,0.4534020166719335,-0.13579045169362475,1.2320873752540191,-0.05600397160245541,0.277964262279343,-0.09743156703440872,0.43192104126277253,-0.20176773330747633,1.2382247967994937,-0.05753832698882405,0.08947347498262113,0,2,14,1,0,17,0,0,0,0,0,0,0,68,184,-28,0,200,34,34,35,35,30,38,123,121,122,121,121,122,-999,-999,-1.96
10.647518157958984,-0.09743156703440872,0.4534020166719335,-0.13579045169362475,1.2320873752540191,-0.05600397160245541,0.277964262279343,-0.09743156703440872,0.43192104126277253,-0.20176773330747633,1.2382247967994937,-0.05753832698882405,0.08947347498262113,0,3,20,1,0,21,0,0,0,0,0,0,0,68,184,-28,0,200,34,34,35,35,30,38,123,121,122,121,122,121,-999,-999,-1.96
10.662734508514404,-0.09743156703440872,0.4534020166719335,-0.13579045169362475,1.2320873752540191,-0.05600397160245541,0.277964262279343,-0.09743156703440872,0.43192104126277253,-0.20176773330747633,1.2382247967994937,-0.05753832698882405,0.08947347498262113,0,2,18,1,0,17,0,0,0,0,0,0,0,68,184,-28,0,200,34,34,36,35,30,38,123,121,122,122,121,122,-999,-999,-1.96
10.678100824356079,-0.09743156703440872,0.4534020166719335,-0.13579045169362475,1.2320873752540191,-0.05600397160245541,0.277964262279343,-0.09743156703440872,0.43192104126277253,-0.20176773330747633,1.2382247967994937,-0.05753832698882405,0.08947347498262113,0,2,20,1,0,23,0,0,0,0,0,0,0,68,184,-28,0,200,34,34,35,35,30,38,123,121,122,121,121,121,-999,-999,-1.96
10.695557594299316,-0.09743156703440872,0.4534020166719335,-0.13579045169362475,1.2320873752540191,-0.05600397160245541,0.277964262279343,-0.09743156703440872,0.43192104126277253,-0.20176773330747633,1.2382247967994937,-0.05753832698882405,0.08947347498262113,0,2,16,1,0,21,0,0,0,0,0,0,0,68,184,-28,0,200,34,34,35,35,30,38,123,122,122,121,121,122,-999,-999,-1.96
10.710718393325806,-0.09743156703440872,0.4534020166719335,-0.13579045169362475,1.2320873752540191,-0.05600397160245541,0.277964262279343,-0.09743156703440872,0.43192104126277253,-0.20176773330747633,1.2382247967994937,-0.05907268237519269,0.08947347498262113,0,2,17,0,0,17,0,0,0,0,0,0,0,68,184,-28,20,200,33,34,35,35,30,38,124,122,122,121,121,121,-999,-999,-1.96
10.726712465286255,-0.09743156703440872,0.4534020166719335,-0.13579045169362475,1.2320873752540191,-0.05600397160245541,0.277964262279343,-0.09743156703440872,0.43192104126277253,-0.20176773330747633,1.2382247967994937,-0.05907268237519269,0.08947347498262113,0,2,18,0,0,17,0,0,0,0,0,0,0,68,184,-28,24,200,33,34,35,35,30,38,123,121,123,122,121,121,-999,-999,-1.96
10.742541313171387,-0.09743156703440872,0.4534020166719335,-0.13579045169362475,1.2320873752540191,-0.05600397160245541,0.277964262279343,-0.09743156703440872,0.43192104126277253,-0.20176773330747633,1.2382247967994937,-0.05907268237519269,0.08947347498262113,0,2,18,0,0,19,0,0,0,0,0,0,0,68,184,-28,20,200,34,34,35,35,30,38,123,121,122,121,121,121,-999,-999,-1.96
10.758563041687012,-0.09743156703440872,0.4534020166719335,-0.13579045169362475,1.2320873752540191,-0.05600397160245541,0.277964262279343,-0.09743156703440872,0.43192104126277253,-0.20176773330747633,1.2382247967994937,-0.05907268237519269,0.08947347498262113,0,3,17,0,0,19,0,0,0,0,0,0,0,68,184,-28,20,200,33,34,35,35,30,38,123,122,122,121,121,121,-999,-999,-1.96
10.774523496627808,-0.09743156703440872,0.4534020166719335,-0.13579045169362475,1.2320873752540191,-0.05600397160245541,0.277964262279343,-0.09743156703440872,0.43192104126277253,-0.20176773330747633,1.2382247967994937,-0.05907268237519269,0.08947347498262113,0,3,17,0,0,21,0,0,0,0,0,0,0,68,184,-28,20,200,33,34,35,35,30,38,123,121,122,121,121,122,-999,-999,-1.96
10.790729522705078,-0.09743156703440872,0.4534020166719335,-0.13579045169362475,1.2320873752540191,-0.05600397160245541,0.277964262279343,-0.09743156703440872,0.43192104126277253,-0.20176773330747633,1.2382247967994937,-0.05907268237519269,0.08947347498262113,0,3,20,0,0,16,0,0,0,0,0,0,0,68,184,-28,20,200,34,34,35,35,30,38,123,122,122,121,121,121,-999,-999,-1.96
10.807114362716675,-0.09743156703440872,0.4534020166719335,-0.13579045169362475,1.2320873752540191,-0.05600397160245541,0.277964262279343,-0.09743156703440872,0.43192104126277253,-0.20176773330747633,1.2382247967994937,-0.05753832698882405,0.08947347498262113,0,2,14,0,0,21,0,0,0,0,0,0,0,68,184,-28,20,200,34,34,35,35,30,38,123,121,122,121,121,121,-999,-999,-1.96
10.821709394454956,-0.09743156703440872,0.4534020166719335,-0.13579045169362475,1.2320873752540191,-0.05600397160245541,0.277964262279343,-0.09743156703440872,0.43192104126277253,-0.20176773330747633,1.2382247967994937,-0.05753832698882405,0.08947347498262113,0,2,16,1,1,20,0,0,0,0,0,0,0,68,184,-28,-20,200,34,34,35,35,31,38,123,121,122,122,121,122,-999,-999,-1.96
10.838663101196289,-0.09743156703440872,0.4534020166719335,-0.13579045169362475,1.2320873752540191,-0.05600397160245541,0.277964262279343,-0.09743156703440872,0.43192104126277253,-0.20176773330747633,1.2382247967994937,-0.05753832698882405,0.08947347498262113,0,2,15,1,0,22,0,0,0,0,0,0,0,68,184,-28,-20,200,33,34,35,35,30,38,124,121,122,121,121,121,-999,-999,-1.96
10.854640007019043,-0.09743156703440872,0.4534020166719335,-0.13579045169362475,1.2320873752540191,-0.05600397160245541,0.277964262279343,-0.09743156703440872,0.43192104126277253,-0.20176773330747633,1.2382247967994937,-0.05753832698882405,0.08947347498262113,0,3,17,0,0,19,0,0,0,0,0,0,0,68,184,-28,0,200,34,34,35,35,30,38,123,121,122,122,121,122,-999,-999,-1.96
10.870686531066895,-0.09743156703440872,0.4534020166719335,-0.13579045169362475,1.2320873752540191,-0.05600397160245541,0.277964262279343,-0.09743156703440872,0.43192104126277253,-0.20176773330747633,1.2382247967994937,-0.05753832698882405,0.08947347498262113,0,3,14,1,0,18,0,0,0,0,0,0,0,68,184,-28,0,200,34,34,35,35,30,38,123,121,122,121,121,122,-999,-999,-1.96
10.887555122375488,-0.09743156703440872,0.4534020166719335,-0.13579045169362475,1.2320873752540191,-0.05600397160245541,0.277964262279343,-0.09743156703440872,0.43192104126277253,-0.20176773330747633,1.2382247967994937,-0.05753832698882405,0.08947347498262113,0,2,14,0,0,16,0,0,0,0,0,0,0,68,184,-28,0,200,34,34,35,35,30,38,123,122,122,121,121,121,-999,-999,-1.96
10.90264368057251,-0.09743156703440872,0.4534020166719335,-0.13579045169362475,1.2320873752540191,-0.05600397160245541,0.277964262279343,-0.09743156703440872,0.43192104126277253,-0.20176773330747633,1.2382247967994937,-0.05753832698882405,0.08947347498262113,0,3,18,1,0,21,0,0,0,0,0,0,0,68,184,-28,0,200,33,34,35,35,30,38,123,121,122,121,122,121,-999,-999,-1.96
10.91959524154663,-0.09743156703440872,0.4534020166719335,-0.13579045169362475,1.2320873752540191,-0.05600397160245541,0.277964262279343,-0.09743156703440872,0.43192104126277253,-0.20176773330747633,1.2382247967994937,-0.05753832698882405,0.08947347498262113,0,2,18,1,0,16,0,0,0,0,0,0,0,68,184,-28,0,200,34,34,35,35,30,38,123,121,122,121,121,121,-999,-999,-1.96
10.935748100280762,-0.09743156703440872,0.4534020166719335,-0.13579045169362475,1.2320873752540191,-0.05600397160245541,0.277964262279343,-0.09743156703440872,0.43192104126277253,-0.20176773330747633,1.2382247967994937,-0.05753832698882405,0.08947347498262113,0,2,17,0,0,20,0,0,0,0,0,0,0,68,184,-28,0,200,34,34,35,35,30,41,123,122,122,121,121,121,-999,-999,-1.96
10.951563119888306,-0.09743156703440872,0.4534020166719335,-0.13579045169362475,1.2320873752540191,-0.05600397160245541,0.277964262279343,-0.09743156703440872,0.43192104126277253,-0.20176773330747633,1.2382247967994937,-0.05753832698882405,0.08947347498262113,0,2,19,1,0,20,0,0,0,0,0,0,0,68,184,-28,0,200,34,34,35,35,30,38,123,121,122,121,121,121,-999,-999,-1.96
10.96859097480774,-0.09743156703440872,0.4534020166719335,-0.13579045169362475,1.2320873752540191,-0.05600397160245541,0.277964262279343,-0.09743156703440872,0.43192104126277253,-0.20176773330747633,1.2382247967994937,-0.05753832698882405,0.08947347498262113,0,2,17,1,0,16,0,0,0,0,0,0,0,68,184,-28,0,200,33,34,35,35,30,38,123,121,122,121,121,122,-999,-999,-1.96
10.983678579330444,-0.09743156703440872,0.4534020166719335,-0.13579045169362475,1.2320873752540191,-0.05600397160245541,0.277964262279343,-0.09743156703440872,0.43192104126277253,-0.20176773330747633,1.2382247967994937,-0.05753832698882405,0.08947347498262113,0,2,19,1,0,16,0,0,0,0,0,0,0,68,184,-28,0,200,34,34,35,35,30,38,123,121,122,121,121,121,-999,-999,-1.96
10.999590396881104,-0.09743156703440872,0.4534020166719335,-0.13579045169362475,1.2320873752540191,-0.05600397160245541,0.277964262279343,-0.09743156703440872,0.43192104126277253,-0.20176773330747633,1.2382247967994937,-0.05753832698882405,0.08947347498262113,0,2,14,0,0,16,0,0,0,0,0,0,0,68,184,-28,0,200,34,34,35,35,30,38,123,121,122,121,121,121,-999,-999,-1.96
11.015629768371582,-0.09743156703440872,0.4534020166719335,-0.13579045169362475,1.2320873752540191,-0.05600397160245541,0.277964262279343,-0.09743156703440872,0.43192104126277253,-0.20176773330747633,1.2382247967994937,-0.05907268237519269,0.08947347498262113,0,2,14,1,0,18,0,0,0,0,0,0,0,68,184,-28,20,200,33,34,35,35,30,38,123,121,122,121,121,122,-999,-999,-1.96
11.031626224517822,-0.09743156703440872,0.4534020166719335,-0.13579045169362475,1.2320873752540191,-0.05600397160245541,0.277964262279343,-0.09743156703440872,0.43192104126277253,-0.20176773330747633,1.2382247967994937,-0.05907268237519269,0.08947347498262113,0,2,17,1,0,16,0,0,0,0,0,0,0,68,184,-28,24,200,34,34,35,35,30,38,123,121,122,121,121,122,-999,-999,-1.96
11.047303915023804,-0.09743156703440872,0.4534020166719335,-0.13579045169362475,1.2320873752540191,-0.05600397160245541,0.277964262279343,-0.09743156703440872,0.43192104126277253,-0.20330208869384497,1.2382247967994937,-0.06060703776156134,0.08947347498262113,0,2,16,1,0,17,0,0,0,0,0,0,0,68,188,-28,24,200,34,34,35,35,30,38,123,121,122,121,121,122,-999,-999,-1.96
11.063613891601562,-0.09743156703440872,0.4534020166719335,-0.13579045169362475,1.2320873752540191,-0.05600397160245541,0.277964262279343,-0.09743156703440872,0.43192104126277253,-0.20330208869384497,1.2382247967994937,-0.06060703776156134,0.08947347498262113,0,3,17,0,0,17,0,0,0,0,0,0,0,68,192,-28,28,200,33,34,35,35,30,38,123,122,122,121,121,121,-999,-999,-1.96
11.079583644866943,-0.09743156703440872,0.4534020166719335,-0.13579045169362475,1.2320873752540191,-0.05600397160245541,0.277964262279343,-0.09743156703440872,0.43192104126277253,-0.20330208869384497,1.2382247967994937,-0.06060703776156134,0.08947347498262113,0,3,16,1,0,16,0,0,0,0,0,0,0,68,188,-28,24,200,33,34,35,35,30,38,123,121,122,121,121,121,-999,-999,-1.96
11.09458065032959,-0.09743156703440872,0.4534020166719335,-0.13579045169362475,1.2320873752540191,-0.05600397160245541,0.277964262279343,-0.09743156703440872,0.43192104126277253,-0.20330208869384497,1.2382247967994937,-0.06060703776156134,0.08947347498262113,0,3,16,0,1,22,0,0,0,0,0,0,0,68,188,-28,24,200,34,34,35,35,30,38,123,122,122,122,121,122,-999,-999,-1.96
11.111772537231445,-0.09743156703440872,0.4534020166719335,-0.13579045169362475,1.2320873752540191,-0.05600397160245541,0.277964262279343,-0.09743156703440872,0.43192104126277253,-0.20330208869384497,1.2382247967994937,-0.06060703776156134,0.08947347498262113,0,3,16,0,0,16,0,0,0,0,0,0,0,68,188,-28,24,200,34,34,35,35,30,38,123,121,122,122,121,122,-999,-999,-1.96
11.12776780128479,-0.09743156703440872,0.4534020166719335,-0.13579045169362475,1.2320873752540191,-0.05600397160245541,0.277964262279343,-0.09743156703440872,0.43192104126277253,-0.20330208869384497,1.2382247967994937,-0.06060703776156134,0.08947347498262113,0,2,16,1,0,16,0,0,0,0,0,0,0,68,188,-28,24,200,34,34,35,35,30,38,123,122,122,121,121,122,-999,-999,-1.96
11.14375114440918,-0.09743156703440872,0.4534020166719335,-0.13579045169362475,1.2320873752540191,-0.05600397160245541,0.277964262279343,-0.09743156703440872,0.43192104126277253,-0.20330208869384497,1.2382247967994937,-0.06060703776156134,0.08947347498262113,0,2,16,1,0,17,0,0,0,0,0,0,0,68,188,-28,24,200,34,34,35,35,30,38,123,122,122,121,121,122,-999,-999,-1.96
11.160592794418335,-0.09743156703440872,0.4534020166719335,-0.13579045169362475,1.2320873752540191,-0.05600397160245541,0.277964262279343,-0.09743156703440872,0.43192104126277253,-0.20483644408021362,1.2382247967994937,-0.06060703776156134,0.08947347498262113,0,3,17,0,0,16,0,0,0,0,0,0,0,68,192,-28,24,200,34,34,35,35,30,38,123,121,122,121,121,122,-999,-999,-1.96
11.176172733306885,-0.09743156703440872,0.4534020166719335,-0.13579045169362475,1.2320873752540191,-0.05600397160245541,0.277964262279343,-0.09743156703440872,0.43192104126277253,-0.20483644408021362,1.2382247967994937,-0.06060703776156134,0.08947347498262113,0,2,24,0,1,18,0,0,0,0,0,0,0,68,196,-28,24,200,34,34,35,35,30,38,123,121,122,121,121,121,-999,-999,-1.96
11.192607641220093,-0.09743156703440872,0.4534020166719335,-0.13579045169362475,1.2320873752540191,-0.05600397160245541,0.277964262279343,-0.09743156703440872,0.43192104126277253,-0.20330208869384497,1.2382247967994937,-0.06060703776156134,0.08947347498262113,0,2,16,0,1,16,0,0,0,0,0,0,0,68,192,-28,24,200,34,34,35,35,30,38,123,121,122,121,121,121,-999,-999,-1.96
11.208625078201294,-0.09743156703440872,0.4534020166719335,-0.13579045169362475,1.2320873752540191,-0.05600397160245541,0.277964262279343,-0.09743156703440872,0.43192104126277253,-0.20176773330747633,1.2382247967994937,-0.06060703776156134,0.08947347498262113,0,2,14,0,1,17,0,0,0,0,0,0,0,68,188,-28,24,200,34,34,35,35,30,38,123,121,122,121,121,122,-999,-999,-1.96
11.224753379821777,-0.09743156703440872,0.4534020166719335,-0.13579045169362475,1.2320873752540191,-0.05600397160245541,0.277964262279343,-0.09743156703440872,0.43192104126277253,-0.20176773330747633,1.2382247967994937,-0.06060703776156134,0.08947347498262113,0,2,14,0,0,20,0,0,0,0,0,0,0,68,180,-28,24,200,34,34,35,35,30,38,123,121,122,122,121,122,-999,-999,-1.96
11.24064326286316,-0.09743156703440872,0.4534020166719335,-0.13579045169362475,1.2320873752540191,-0.05600397160245541,0.277964262279343,-0.09743156703440872,0.43192104126277253,-0.20176773330747633,1.2382247967994937,-0.06060703776156134,0.08947347498262113,0,3,17,1,0,16,0,0,0,0,0,0,0,68,180,-28,24,200,34,34,35,35,30,38,123,121,122,121,121,122,-999,-999,-1.96
11.257622003555298,-0.09743156703440872,0.4534020166719335,-0.13579045169362475,1.2320873752540191,-0.05600397160245541,0.277964262279343,-0.09743156703440872,0.43192104126277253,-0.20176773330747633,1.2382247967994937,-0.06060703776156134,0.08947347498262113,0,3,18,0,0,17,0,0,0,0,0,0,0,68,184,-28,24,200,34,34,35,35,30,38,123,121,122,121,121,121,-999,-999,-1.96
11.27177095413208,-0.09743156703440872,0.4534020166719335,-0.13579045169362475,1.2320873752540191,-0.05600397160245541,0.277964262279343,-0.09743156703440872,0.43192104126277253,-0.20176773330747633,1.2382247967994937,-0.06060703776156134,0.08947347498262113,0,2,20,1,1,20,0,0,0,0,0,0,0,68,184,-28,24,200,34,34,35,35,30,38,123,122,122,121,121,121,-999,-999,-1.96
11.288748264312744,-0.09743156703440872,0.4534020166719335,-0.13579045169362475,1.2320873752540191,-0.05600397160245541,0.277964262279343,-0.09743156703440872,0.43192104126277253,-0.20176773330747633,1.2382247967994937,-0.06060703776156134,0.08947347498262113,0,3,14,0,0,17,0,0,0,0,0,0,0,68,184,-28,24,200,34,34,35,35,30,38,123,121,122,121,121,122,-999,-999,-1.96
11.30563735961914,-0.09743156703440872,0.4534020166719335,-0.13579045169362475,1.2320873752540191,-0.05600397160245541,0.277964262279343,-0.09743156703440872,0.43192104126277253,-0.20176773330747633,1.2382247967994937,-0.06060703776156134,0.08947347498262113,0,2,20,0,0,17,0,0,0,0,0,0,0,68,184,-28,24,200,34,34,35,35,30,43,123,121,122,121,121,121,-999,-999,-1.96
11.320636987686157,-0.09743156703440872,0.4534020166719335,-0.13579045169362475,1.2320873752540191,-0.05600397160245541,0.277964262279343,-0.09743156703440872,0.43192104126277253,-0.20176773330747633,1.2382247967994937,-0.06060703776156134,0.08947347498262113,0,2,20,1,0,16,0,0,0,0,0,0,0,68,184,-28,24,200,34,34,35,35,30,38,123,121,122,122,121,121,-999,-999,-1.96
11.335628747940063,-0.09743156703440872,0.4534020166719335,-0.13579045169362475,1.2320873752540191,-0.05600397160245541,0.277964262279343,-0.09743156703440872,0.43192104126277253,-0.20176773330747633,1.2382247967994937,-0.06060703776156134,0.08947347498262113,0,2,20,0,0,21,0,0,0,0,0,0,0,68,184,-28,24,200,34,34,35,35,30,38,123,121,121,121,121,122,-999,-999,-1.96
11.35222864151001,-0.09743156703440872,0.4534020166719335,-0.13579045169362475,1.2320873752540191,-0.05600397160245541,0.277964262279343,-0.09743156703440872,0.43192104126277253,-0.20176773330747633,1.2382247967994937,-0.06060703776156134,0.08947347498262113,0,2,16,0,0,16,0,0,0,0,0,0,0,68,184,-28,24,200,34,34,35,35,30,38,123,121,122,121,121,121,-999,-999,-1.96
11.367669820785522,-0.09743156703440872,0.4534020166719335,-0.13579045169362475,1.2320873752540191,-0.05600397160245541,0.277964262279343,-0.09743156703440872,0.43192104126277253,-0.20176773330747633,1.2382247967994937,-0.06060703776156134,0.08947347498262113,0,2,16,0,1,17,0,0,0,0,0,0,0,68,184,-28,24,200,34,34,35,35,30,38,123,122,122,121,121,121,-999,-999,-1.96
11.384673118591309,-0.09743156703440872,0.4534020166719335,-0.13579045169362475,1.2320873752540191,-0.05600397160245541,0.277964262279343,-0.09743156703440872,0.43192104126277253,-0.20176773330747633,1.2382247967994937,-0.06060703776156134,0.08947347498262113,0,2,14,0,0,15,0,0,0,0,0,0,0,68,184,-28,24,200,34,34,35,35,30,38,123,121,122,121,121,121,-999,-999,-1.96
11.401635646820068,-0.09743156703440872,0.4534020166719335,-0.13579045169362475,1.2320873752540191,-0.05600397160245541,0.277964262279343,-0.09743156703440872,0.43192104126277253,-0.20330208869384497,1.2382247967994937,-0.06060703776156134,0.08947347498262113,0,2,15,1,0,21,0,0,0,0,0,0,0,68,188,-28,24,200,33,34,35,35,30,38,123,122,121,121,121,121,-999,-999,-1.96
11.41662859916687,-0.09743156703440872,0.4534020166719335,-0.13579045169362475,1.2320873752540191,-0.05600397160245541,0.277964262279343,-0.09743156703440872,0.43192104126277253,-0.20330208869384497,1.2382247967994937,-0.06060703776156134,0.08947347498262113,0,2,22,0,0,17,0,0,0,0,0,0,0,68,192,-28,24,200,34,34,35,35,30,38,123,121,122,121,121,122,-999,-999,-1.96
11.4327974319458,-0.09743156703440872,0.4534020166719335,-0.13579045169362475,1.2320873752540191,-0.05600397160245541,0.277964262279343,-0.09743156703440872,0.43192104126277253,-0.20483644408021362,1.2382247967994937,-0.06060703776156134,0.08947347498262113,0,3,16,0,0,19,0,0,0,0,0,0,0,68,192,-28,24,200,34,34,35,35,30,38,123,121,122,121,121,121,-999,-999,-1.96
11.448786497116089,-0.09743156703440872,0.4534020166719335,-0.13579045169362475,1.2320873752540191,-0.05600397160245541,0.277964262279343,-0.09743156703440872,0.43192104126277253,-0.20483644408021362,1.2382247967994937,-0.06060703776156134,0.08947347498262113,0,2,17,0,1,19,0,0,0,0,0,0,0,68,192,-28,24,200,33,34,35,35,30,38,123,121,123,121,121,122,-999,-999,-1.96
11.465796709060669,-0.09743156703440872,0.4534020166719335,-0.13579045169362475,1.2320873752540191,-0.05600397160245541,0.277964262279343,-0.09743156703440872,0.43192104126277253,-0.20483644408021362,1.2382247967994937,-0.06214139314792997,0.08947347498262113,0,3,18,0,0,16,0,0,0,0,0,0,0,68,196,-28,28,200,34,34,35,35,30,38,123,121,122,121,121,121,-999,-999,-1.96
11.481247663497925,-0.09743156703440872,0.4534020166719335,-0.13579045169362475,1.2320873752540191,-0.05600397160245541,0.277964262279343,-0.09743156703440872,0.43192104126277253,-0.20483644408021362,1.2382247967994937,-0.06214139314792997,0.08947347498262113,0,2,21,0,1,20,0,0,0,0,0,0,0,68,192,-28,32,200,34,34,35,35,30,38,123,121,122,121,121,121,-999,-999,-1.96
11.497639656066895,-0.09743156703440872,0.4534020166719335,-0.13579045169362475,1.2320873752540191,-0.05600397160245541,0.277964262279343,-0.09743156703440872,0.43192104126277253,-0.20483644408021362,1.2382247967994937,-0.06214139314792997,0.08947347498262113,0,2,18,0,1,20,0,0,0,0,0,0,0,68,192,-28,28,200,34,34,35,35,30,38,123,122,122,121,121,121,-999,-999,-1.96
11.51423954963684,-0.09743156703440872,0.4534020166719335,-0.13579045169362475,1.2320873752540191,-0.05600397160245541,0.277964262279343,-0.09743156703440872,0.43192104126277253,-0.20483644408021362,1.2382247967994937,-0.06214139314792997,0.08947347498262113,0,2,17,1,0,18,0,0,0,0,0,0,0,68,192,-28,28,200,34,34,35,35,30,38,123,121,122,121,121,122,-999,-999,-1.96
11.529719114303589,-0.09743156703440872,0.4534020166719335,-0.13579045169362475,1.2320873752540191,-0.05600397160245541,0.277964262279343,-0.09743156703440872,0.43192104126277253,-0.20483644408021362,1.2382247967994937,-0.06214139314792997,0.08947347498262113,0,2,16,1,0,18,0,0,0,0,0,0,0,68,192,-28,28,200,34,34,35,35,30,38,124,121,122,121,121,121,-999,-999,-1.96
11.546831846237183,-0.09743156703440872,0.4534020166719335,-0.13579045169362475,1.2320873752540191,-0.05600397160245541,0.277964262279343,-0.09743156703440872,0.43192104126277253,-0.20483644408021362,1.2382247967994937,-0.06214139314792997,0.08947347498262113,0,2,16,1,0,17,0,0,0,0,0,0,0,68,192,-28,28,200,34,34,35,35,30,38,123,121,122,121,121,121,-999,-999,-1.96
11.56282091140747,-0.09743156703440872,0.4534020166719335,-0.13579045169362475,1.2320873752540191,-0.05600397160245541,0.277964262279343,-0.09743156703440872,0.43192104126277253,-0.20483644408021362,1.2382247967994937,-0.06214139314792997,0.08947347498262113,0,2,16,1,1,16,0,0,0,0,0,0,0,68,192,-28,28,200,34,34,35,35,30,38,123,121,122,122,121,121,-999,-999,-1.96
11.577807664871216,-0.09743156703440872,0.4534020166719335,-0.13579045169362475,1.2320873752540191,-0.05600397160245541,0.277964262279343,-0.09743156703440872,0.43192104126277253,-0.20483644408021362,1.2382247967994937,-0.06214139314792997,0.08947347498262113,0,2,16,1,1,17,0,0,0,0,0,0,0,68,192,-28,28,200,34,34,35,35,30,38,123,122,122,121,121,122,-999,-999,-1.96
11.594686031341553,-0.09743156703440872,0.4534020166719335,-0.13579045169362475,1.2320873752540191,-0.05600397160245541,0.277964262279343,-0.09743156703440872,0.43192104126277253,-0.20483644408021362,1.2382247967994937,-0.06214139314792997,0.08947347498262113,0,2,16,0,0,16,0,0,0,0,0,0,0,68,192,-28,28,200,34,34,35,35,30,38,123,121,122,121,121,121,-999,-999,-1.96
11.609658479690552,-0.09743156703440872,0.4534020166719335,-0.13579045169362475,1.2320873752540191,-0.05600397160245541,0.277964262279343,-0.09743156703440872,0.43192104126277253,-0.20483644408021362,1.2382247967994937,-0.06214139314792997,0.08947347498262113,0,2,16,0,1,17,0,0,0,0,0,0,0,68,192,-28,28,200,34,34,35,35,30,38,123,121,122,121,121,122,-999,-999,-1.96
11.625706434249878,-0.09743156703440872,0.4534020166719335,-0.13579045169362475,1.2320873752540191,-0.05600397160245541,0.277964262279343,-0.09743156703440872,0.43192104126277253,-0.20637079946658227,1.2382247967994937,-0.06214139314792997,0.08947347498262113,0,2,20,1,0,17,0,0,0,0,0,0,0,68,196,-28,28,200,33,34,35,35,30,38,123,122,122,122,121,122,-999,-999,-1.96
11.641817092895508,-0.09743156703440872,0.4534020166719335,-0.13579045169362475,1.2320873752540191,-0.05600397160245541,0.277964262279343,-0.09743156703440872,0.43192104126277253,-0.20637079946658227,1.2382247967994937,-0.06214139314792997,0.08947347498262113,0,2,18,1,0,16,0,0,0,0,0,0,0,68,200,-28,28,200,33,34,35,35,30,38,123,121,122,121,121,121,-999,-999,-1.96
11.657799482345581,-0.09743156703440872,0.4534020166719335,-0.13579045169362475,1.2320873752540191,-0.05600397160245541,0.277964262279343,-0.09743156703440872,0.43192104126277253,-0.20637079946658227,1.2382247967994937,-0.06214139314792997,0.08947347498262113,0,2,17,0,1,16,0,0,0,0,0,0,0,68,196,-28,28,200,34,34,35,35,30,38,123,121,122,121,121,122,-999,-999,-1.96
11.673826694488525,-0.09743156703440872,0.4534020166719335,-0.13579045169362475,1.2320873752540191,-0.05600397160245541,0.277964262279343,-0.09743156703440872,0.43192104126277253,-0.20637079946658227,1.2382247967994937,-0.06214139314792997,0.08947347498262113,0,3,19,1,0,18,0,0,0,0,0,0,0,68,196,-28,28,200,34,34,35,35,30,38,123,121,122,121,121,122,-999,-999,-1.96
11.690675020217896,-0.09743156703440872,0.4534020166719335,-0.13579045169362475,1.2320873752540191,-0.05600397160245541,0.277964262279343,-0.09743156703440872,0.43192104126277253,-0.2079051548529509,1.2382247967994937,-0.06214139314792997,0.08947347498262113,0,2,25,0,1,17,0,0,0,0,0,0,0,68,204,-28,28,200,33,34,35,35,30,38,123,121,122,122,122,121,-999,-999,-1.96
11.706673383712769,-0.09743156703440872,0.4534020166719335,-0.13579045169362475,1.2320873752540191,-0.05600397160245541,0.277964262279343,-0.09743156703440872,0.43192104126277253,-0.2079051548529509,1.2382247967994937,-0.06214139314792997,0.08947347498262113,0,2,18,0,1,18,0,0,0,0,0,0,0,68,204,-28,28,200,33,34,35,35,30,38,123,121,122,121,121,122,-999,-999,-1.96
