# https://github.com/mikedh/trimesh
v -0.33755614 -0.85598230 0.01018039
v -0.34962150 -0.83072082 0.02472340
v -0.33947965 -0.85195728 0.00074271
v -0.33864849 -0.85367638 0.01799799
v -0.33861848 -0.85373640 0.02189799
v -0.33863848 -0.85367638 0.02189799
v -0.33862849 -0.85367638 0.03752799
v -0.33861848 -0.85370642 0.03752799
v -0.33861848 -0.85368640 0.04142799
v -0.33861848 -0.85367638 0.04142799
v -0.33862849 -0.85367638 0.03361799
v -0.33863848 -0.85367638 0.02971799
v -0.33861848 -0.85371638 0.03361799
v -0.33861848 -0.85372639 0.02971799
v -0.33876120 -0.85338598 0.05726852
v -0.34241849 -0.84586639 0.04533799
v -0.34241617 -0.84584752 0.04981497
v -0.34253824 -0.84565156 0.02160169
v -0.33863848 -0.85367638 0.02580799
v -0.34642848 -0.76792640 0.04924799
v -0.34641849 -0.76774639 0.05314799
v -0.33712878 -0.85603530 0.06876796
v -0.33861848 -0.85367638 0.04311799
v -0.34956744 -0.83083109 0.06430561
v -0.34238847 -0.84586639 0.05705799
v -0.33861848 -0.85363639 0.05314799
v -0.32140931 -0.66938253 -0.23440328
v -0.33858847 -0.85367638 0.05705799
v -0.33861848 -0.85362637 0.05705799
v -0.33858847 -0.85367638 0.05314799
v -0.33856995 -0.85386375 0.01726373
v -0.30145184 -0.84580479 -0.39321380
v -0.33470848 -0.68571639 -0.20094202
v -0.33482898 -0.68576692 -0.20089023
v -0.34737977 -0.69162959 -0.21284409
v -0.33079847 -0.68585641 -0.19684201
v -0.33449849 -0.68571639 -0.20074201
v -0.33861848 -0.85365641 0.04924799
v -0.33859848 -0.85367638 0.04924799
v -0.34670719 -0.77324939 0.05984256
v -0.34642848 -0.76787639 0.05314799
v -0.34642808 -0.76781061 0.05738006
v -0.34641849 -0.76774639 0.05705799
v -0.33860847 -0.85367638 0.04533799
v -0.34643814 -0.76834368 0.03171179
v -0.33825358 -0.85424323 0.06480550
v -0.34251847 -0.68560642 -0.20856201
v -0.19407848 -0.54899639 0.26794798
v -0.19017848 -0.54899639 0.26793800
v -0.34251847 -0.68685639 -0.20465200
v -0.30016164 -0.84667977 0.39076177
v -0.35486305 -0.73464001 -0.37723172
v -0.26337502 -0.94713330 0.00886709
v -0.34952366 -0.82208850 0.12229140
v -0.25264847 -0.95133639 -0.01715201
v -0.25262847 -0.95133639 -0.01324201
v -0.25267848 -0.95131642 -0.01324201
v -0.33868849 -0.68571639 -0.20465200
v -0.33861848 -0.68571639 -0.20458201
v -0.33861848 -0.68568641 -0.20465200
v -0.20237064 -0.86915455 -0.43327935
v -0.33862586 -0.60376484 0.60393707
v -0.34636243 -0.76638475 0.05840553
v -0.33733847 -0.60367638 0.60783798
v -0.22192868 -0.87709495 -0.39958231
v -0.19798847 -0.54899639 0.26796798
v -0.27220848 -0.87282640 0.36174799
v -0.34943029 -0.59229294 0.58384085
v -0.33861848 -0.60014642 0.60783798
v -0.33867075 -0.59993819 0.60790257
v -0.33559833 -0.57177704 0.64369627
v -0.32822273 -0.87543371 0.05961093
v -0.33470848 -0.68451637 -0.20465200
v -0.34250476 -0.54533205 0.64667777
v -0.33470848 -0.55680639 0.65793801
v -0.33861850 -0.55291577 0.65081694
v -0.33861856 -0.55291359 0.65080623
v -0.33861848 -0.85373640 0.02580799
v -0.34917550 -0.55687379 0.61989881
v -0.27065453 -0.30301919 -0.55054541
v -0.33638519 -0.38279667 0.61401829
v -0.29910489 -0.39282310 0.84966726
v -0.19017598 -0.36083889 0.49308049
v -0.25267848 -0.95129639 -0.00153201
v -0.32578745 -0.59892443 0.64745718
v -0.33731902 -0.10168942 -0.72194974
v -0.33376290 -0.68604458 0.20575409
v -0.23753565 -0.32142119 -0.90387153
v -0.22859970 -0.33007346 -0.90412878
v -0.22142848 -0.35361639 -0.49762201
v -0.34068366 0.32514838 -0.66860050
v -0.34965292 0.42634487 0.72027292
v -0.25260847 -0.95133639 -0.00934201
v -0.25267848 -0.95130641 -0.00934201
v -0.26049836 0.41193398 -0.86090222
v -0.26032282 0.32759208 0.51711328
v -0.34250776 0.55231972 0.64312973
v -0.34251550 0.55267392 0.64282089
v -0.34251847 0.55256360 0.64289797
v -0.21853812 0.29868110 0.53364270
v -0.21361848 0.29474359 0.53577799
v -0.34640226 0.54894096 0.63548345
v -0.34642848 0.54923361 0.63517798
v -0.34981759 0.54443769 0.62980108
v -0.33336804 0.58870566 0.63871192
v -0.26787847 0.36506360 0.87346799
v -0.26792001 0.36481330 0.87354659
v -0.33726851 0.59943360 0.61564796
v -0.34987943 0.55879500 0.59562449
v -0.33079847 0.65803361 0.57265801
v -0.33079847 0.65431362 0.57658798
v -0.33082027 0.65402405 0.57683960
v -0.33470848 0.60334360 0.61928798
v -0.33470848 0.60308361 0.61955798
v -0.33461847 0.60334360 0.61955798
v -0.34150200 0.31015607 -0.85598911
v -0.34961601 0.65531942 0.51757439
v -0.33470848 0.59945362 0.62346799
v -0.33079847 0.65800362 0.57267798
v -0.32951849 0.65803361 0.57658798
v -0.33078849 0.65803361 0.57267798
v -0.31166848 0.78303361 -0.47418200
v -0.31517848 0.77912360 -0.46668201
v -0.31126847 0.78671360 -0.47028201
v -0.31907847 0.67338359 0.59221799
v -0.35349726 0.70475300 0.27558676
v -0.33079847 0.66169363 0.56877799
v -0.35015274 0.72982477 -0.40666946
v -0.35009171 0.82983514 0.08830370
v -0.31518335 0.77130849 -0.47799901
v -0.31909160 0.66964954 0.59612228
v -0.33467411 0.59907849 0.62368766
v -0.33081847 0.87287360 0.02189799
v -0.33449849 0.86506360 0.03752799
v -0.30687847 0.77131360 -0.50934201
v -0.30839848 0.76740360 -0.50934201
v -0.35021847 0.77131360 -0.30621200
v -0.34975847 0.77521360 -0.31012201
v -0.35032847 0.77118361 -0.31012201
v -0.35033822 0.77131334 -0.31011979
v -0.35039847 0.77131360 -0.31403201
v -0.35032847 0.77131360 -0.30986201
v -0.35038269 0.77131117 -0.31413180
v -0.35011076 0.80758349 -0.21422439
v -0.26030220 0.35341634 0.88123028
v -0.26075040 0.35303274 0.88119223
v -0.26025849 0.35334360 0.88127799
v -0.30198053 0.89970323 -0.27553955
v -0.30545941 0.92050005 0.16554023
v -0.35015589 0.83216596 -0.05466175
v -0.33079847 0.87295359 -0.00153201
v -0.33083059 0.87289124 -0.00270165
v -0.33079847 0.87289363 0.02971799
v -0.33080848 0.87287360 0.03361799
v -0.33079847 0.87288361 0.03361799
v -0.33080848 0.87287360 0.02971799
v -0.33083850 0.87287360 0.00236799
v -0.33082848 0.87287360 0.00627799
v -0.33079847 0.87294358 0.00236799
v -0.33861848 -0.85366637 0.04533799
v -0.25794868 -0.92670471 -0.30275559
v -0.27173864 -0.94247359 0.19158419
v -0.22180849 -0.87321639 -0.40778201
v -0.22163146 -0.87319790 -0.40797761
v -0.29036925 -0.76466666 -0.56777929
v -0.32438686 -0.62855128 0.61968431
v -0.30339723 -0.93095305 -0.00694332
v -0.28057030 -0.86933701 0.36148438
v -0.28001847 -0.86930639 0.36203799
v -0.23314848 -0.27946639 -0.54452204
v -0.25268849 -0.95133639 -0.02496201
v -0.25267848 -0.95133639 -0.02251201
v -0.25267848 -0.95133639 -0.02106201
v -0.25267848 -0.95133639 -0.02496201
v -0.25270849 -0.95133639 -0.02887201
v -0.25267848 -0.95134640 -0.02887201
v -0.27601849 -0.86930639 0.36564798
v -0.27220848 -0.86930639 0.36908800
v -0.27220848 -0.86907637 0.36955798
v -0.17064848 -0.44742638 -0.41561200
v -0.33861848 -0.60367638 0.60405798
v -0.20579849 -0.36919639 -0.48590200
v -0.33861843 -0.55292471 0.65080884
v -0.26048847 -0.48649639 0.81310798
v -0.26439848 -0.39664638 0.86161799
v -0.22536743 -0.33426053 -0.90383300
v -0.34903463 -0.42177957 0.72389788
v -0.19798847 -0.27952639 0.54533798
v -0.19407848 -0.27952639 0.54533798
v -0.19407848 -0.28727639 0.54102797
v -0.19798847 -0.27946639 0.54537798
v -0.21751849 -0.44742638 -0.41561200
v -0.22537848 -0.33414638 -0.90387201
v -0.22923847 -0.33024639 -0.90382200
v -0.22910848 -0.33024639 -0.90387201
v -0.22923847 -0.44742638 -0.41561200
v -0.23314848 -0.44742638 -0.41561200
v -0.22923847 -0.44744638 -0.41559201
v -0.26020670 -0.30620329 0.53088475
v -0.22142848 -0.27946639 -0.54452204
v -0.22142848 -0.27950639 -0.54449200
v -0.21751849 -0.27950639 -0.54449200
v -0.21751849 -0.26383639 0.55310798
v -0.21361848 -0.26383639 0.55310798
v -0.28782847 -0.06315639 0.93596799
v -0.25894409 -0.35787567 -0.49457294
v -0.25870098 0.12553558 0.59928815
v -0.29969136 -0.05093441 0.93220660
v -0.33518341 0.10011823 0.89879744
v -0.30354020 -0.03103837 -0.67760660
v -0.29547520 0.00012059 -0.66554970
v -0.24486848 0.15412360 0.59219796
v -0.25274848 -0.95133639 -0.03668201
v -0.25272849 -0.95133639 -0.03278201
v -0.23704849 0.11896360 0.59999801
v -0.23314848 0.11896360 0.59999801
v -0.23314848 0.11886361 0.60002799
v -0.18524084 -0.40059733 -0.46097127
v -0.20970848 -0.36930639 -0.48582201
v -0.26048847 0.37678361 0.87195797
v -0.27220848 -0.86720640 0.37346799
v -0.19407848 0.15408361 0.59221799
v -0.19017848 0.15408361 0.59221799
v -0.27612362 0.32599433 -0.88825231
v -0.25660848 0.35724359 0.88127799
v -0.25656210 0.35727211 0.88128428
v -0.26829847 0.41584360 -0.85529201
v -0.26829847 0.41974359 -0.85310202
v -0.26432362 0.45088001 0.83440220
v -0.26421847 0.36896360 0.87346799
v -0.26422552 0.36899636 0.87345304
v -0.27221179 0.42366705 -0.84919141
v -0.26829847 0.42675361 -0.84918200
v -0.26048597 0.41193331 -0.86091395
v -0.30008019 0.34391713 0.86814598
v -0.23704849 0.36506360 0.49058799
v -0.23314848 0.36506360 0.49058799
v -0.23314848 0.36497360 0.49064798
v -0.26829847 0.45462361 0.83049799
v -0.26827687 0.45463820 0.83049899
v -0.26824003 0.45497308 0.83031344
v -0.18626849 0.29860362 0.53361798
v -0.18236848 0.29858359 0.53361798
v -0.24554483 0.52757210 0.79891482
v -0.20579849 0.15412360 0.59219796
v -0.20970848 0.15412360 0.59219796
v -0.18178405 0.19373536 0.58242637
v -0.20579849 0.15408361 0.59221799
v -0.33470848 0.60672360 0.61564798
v -0.26048847 0.52207362 0.79533798
v -0.23704849 0.29084360 -0.53705203
v -0.23704849 0.29865360 -0.53280204
v -0.23704849 0.29870361 -0.53278201
v -0.30092381 0.47642661 -0.80640840
v -0.26467616 0.45451719 0.83216572
v -0.25267848 -0.95135641 -0.03278201
v -0.31516633 0.67365364 0.60390642
v -0.34998195 0.76045080 -0.34088117
v -0.32086142 0.55789413 0.41397894
v -0.32476204 0.66732834 0.58126877
v -0.31898847 0.67365360 0.59221799
v -0.31595463 0.73523903 -0.52837407
v -0.33847591 0.56036535 0.64741200
v -0.23882594 0.33374101 0.89769195
v -0.33838586 0.67867539 -0.28682836
v -0.33079847 0.87290358 0.02189799
v -0.33079847 0.87291360 0.01799799
v -0.33081847 0.87287360 0.01799799
v -0.31525831 0.67278835 0.60456308
v -0.31515143 0.67365381 0.60394014
v -0.34883047 0.75412070 -0.29591905
v -0.31126847 0.78404361 -0.47418200
v -0.31118848 0.78693360 -0.47028201
v -0.31127207 0.67806979 0.61113265
v -0.31517848 0.68097359 0.59611798
v -0.31393599 0.66964759 0.61175138
v -0.26439848 0.45099359 0.83430798
v -0.20579849 0.55645358 0.25627799
v -0.20579849 0.55646360 0.25624798
v -0.20189848 0.55645358 0.25627799
v -0.30017489 0.70127668 0.61895750
v -0.33080848 0.87287360 0.02580799
v -0.33082848 0.87287360 0.01017799
v -0.31518523 0.67367770 0.60381467
v -0.30737584 0.76739044 -0.51324390
v -0.31900280 0.67401586 0.59179216
v -0.31906849 0.66974359 0.59611798
v -0.33450073 0.86508917 0.02170255
v -0.33079847 0.87289363 0.02580799
v -0.30100912 0.77636008 -0.52308344
v -0.31517848 0.77933359 -0.46637201
v -0.31517848 0.78200358 -0.46246200
v -0.30905477 0.78613914 -0.47948085
v -0.31525847 0.77912360 -0.46637201
v -0.26038816 0.53313891 -0.30368309
v -0.30137857 0.81324497 -0.46817966
v -0.33082848 0.87287360 0.01408799
v -0.31126847 0.78693360 -0.46996202
v -0.25266849 -0.95133639 -0.02106201
v -0.33079847 0.87292361 0.01408799
v -0.33079847 0.87293362 0.00627799
v -0.33079847 0.87292361 0.01017799
v -0.33079847 0.87285363 0.04533799
v -0.33079847 0.87287360 0.03752799
v -0.33079847 0.87287360 0.03818799
v -0.33079847 0.87287360 0.04142799
v -0.33079847 0.87286359 0.04142799
v -0.33078849 0.87287360 0.04924799
v -0.30064336 0.93626160 -0.02661940
v -0.25776268 0.95292483 -0.00568360
v -0.25992620 0.59732806 -0.13297143
v -0.33079847 0.87287360 0.04533799
v -0.22142848 -0.87711639 -0.39999201
v -0.32662012 0.88174677 0.01114849
v -0.32563739 0.88400413 -0.02887100
v -0.25267848 0.95488363 -0.00153201
v -0.25267848 0.95487362 0.00236799
v -0.25261849 0.95490360 -0.00153201
v -0.25264847 0.95490360 -0.00543201
v -0.24256849 0.95881360 -0.00543201
v -0.25267848 0.95490360 -0.00823201
v -0.24876847 0.95642358 -0.00934201
v -0.32615018 0.88271997 0.03930916
v -0.23281779 0.96268875 -0.03727563
v -0.25267848 -0.95132637 -0.01715201
v -0.25657847 -0.48634640 0.81486798
v -0.25653724 -0.48644912 0.81483144
v -0.17454849 -0.53731639 -0.29059201
v -0.17845848 -0.53732640 -0.29059201
v -0.29993077 -0.87535112 0.32858155
v -0.24095848 -0.95586640 -0.02496201
v -0.28001847 -0.86757642 0.36564798
v -0.23373730 -0.45417019 0.84313920
v -0.21531266 -0.35420087 -0.90032551
v -0.27611848 -0.86926639 0.36564798
v -0.27611848 -0.86930639 0.36555798
v -0.25267848 -0.95130641 -0.00543201
v -0.25258847 -0.95133639 -0.00543201
v -0.25429255 -0.40440879 0.86280784
v -0.27603521 -0.74851278 0.61046562
v -0.32560172 -0.70357030 -0.11922969
v -0.26789559 -0.87155468 0.36826893
v -0.36501497 -0.41596044 -0.71350181
v -0.22142848 -0.44744638 -0.41559201
v -0.21751849 -0.44744638 -0.41559201
v -0.20410474 -0.97066573 -0.04398831
v -0.24095848 -0.35367638 0.49843798
v -0.23704849 -0.35367638 0.49843798
v -0.24095848 -0.35364640 0.49846799
v -0.20211830 -0.90001479 0.36925047
v -0.22923847 -0.36930639 0.48672799
v -0.22923847 -0.36927641 0.48674799
v -0.22532848 -0.36930639 0.48672799
v -0.23391735 -0.47463517 0.83132116
v -0.21166098 -0.36018139 0.49357299
v -0.22532848 -0.44742638 -0.41561200
v -0.22532848 -0.44744638 -0.41559201
v -0.21361848 -0.36927641 0.48674799
v -0.22923847 -0.35361639 -0.49762201
v -0.22532848 -0.35367638 -0.49757200
v -0.22532848 -0.35361639 -0.49762201
v -0.24159725 -0.27948091 0.54536828
v -0.21361848 -0.44742638 -0.41561200
v -0.22532848 -0.36927641 0.48674799
v -0.26025922 -0.33841272 0.51004702
v -0.19798847 -0.27946639 -0.54452204
v -0.20189848 -0.27946639 -0.54452204
v -0.19798847 -0.27950639 -0.54449200
v -0.25993736 -0.42310451 -0.44097703
v -0.26392533 -0.50209126 0.80267237
v -0.17064848 -0.26383639 0.55310798
v -0.17454849 -0.26383639 0.55310798
v -0.17454849 -0.26374638 0.55314798
v -0.25657847 -0.48258639 0.81702799
v -0.20185077 -0.48648523 0.83831114
v -0.20180848 -0.48649639 0.83830798
v -0.20579849 -0.48649639 0.83660800
v -0.26070590 -0.36083852 0.49443616
v -0.25700577 -0.34651797 -0.50310075
v -0.22774848 -0.31071639 -0.91168200
v -0.22142848 -0.30680639 -0.91561203
v -0.22146849 -0.30680639 -0.91559201
v -0.23005955 -0.31110605 -0.91066039
v -0.26004513 -0.49319467 0.80943851
v -0.26100841 -0.51920110 -0.33189006
v -0.18484202 -0.48100957 0.84311480
v -0.25267848 -0.27946639 -0.54452204
v -0.24876847 -0.27946639 -0.54452204
v -0.25657847 -0.40446639 0.86182798
v -0.21751849 -0.35361639 -0.49762201
v -0.21361848 -0.35367638 -0.49757200
v -0.21361848 -0.35361639 -0.49762201
v -0.22532848 -0.36919639 -0.48590200
v -0.22532848 -0.36930639 -0.48582201
v -0.22142848 -0.36930639 -0.48582201
v -0.23314848 -0.36930639 0.48672799
v -0.23314848 -0.36927641 0.48674799
v -0.25676849 -0.40446639 0.86174799
v -0.26042848 -0.40055639 0.86174799
v -0.26048847 -0.40055639 0.86171801
v -0.21264303 -0.42006847 0.44383344
v -0.23314848 -0.35361639 -0.49762201
v -0.23314848 -0.35367638 -0.49757200
v -0.22923847 -0.35367638 -0.49757200
v -0.22066918 -0.35989803 -0.49290382
v -0.29843089 -0.02569104 -0.66981999
v -0.26048847 -0.40049640 0.86174799
v -0.22519849 -0.30289638 -0.91559201
v -0.22532305 -0.30271403 -0.91560931
v -0.22142848 -0.26383639 0.55310798
v -0.22532848 -0.37321639 -0.48274200
v -0.22923847 -0.36919639 -0.48590200
v -0.23704849 -0.35364640 0.49846799
v -0.25662894 -0.32427797 -0.89550481
v -0.19017848 -0.26374638 0.55314798
v -0.18626849 -0.26374638 0.55314798
v -0.18626849 -0.27946639 0.54537798
v -0.19798847 -0.44744638 -0.41559201
v -0.20189848 -0.44744638 -0.41559201
v -0.29976296 -0.46198582 0.81028818
v -0.20311536 -0.27210390 0.54932048
v -0.30102314 -0.18520970 0.91817105
v -0.21751849 -0.36919639 -0.48590200
v -0.25657847 -0.40463639 0.86174799
v -0.19310723 -0.34196639 0.50717802
v -0.22892849 -0.29899639 -0.91559201
v -0.19407848 -0.27946639 0.54537798
v -0.23704849 -0.27946639 -0.54452204
v -0.23314848 -0.27950639 -0.54449200
v -0.20644966 -0.32957089 0.91324958
v -0.25267848 -0.35367638 0.49843798
v -0.24876847 -0.35367638 0.49843798
v -0.19017848 -0.26383639 0.55310798
v -0.18626849 -0.26383639 0.55310798
v -0.24876847 -0.27950639 -0.54449200
v -0.26032231 -0.27348835 0.54907944
v -0.20579849 -0.27946639 -0.54452204
v -0.20579849 -0.44744638 -0.41559201
v -0.20970848 -0.44744638 -0.41559201
v -0.25657847 -0.27950639 -0.54449200
v -0.25267848 -0.27950639 -0.54449200
v -0.22923847 -0.35367638 0.49843798
v -0.23314848 -0.35364640 0.49846799
v -0.22923847 -0.35364640 0.49846799
v -0.29871202 -0.11866995 -0.93645806
v -0.23314848 -0.35367638 0.49843798
v -0.23704849 -0.27952639 0.54533798
v -0.24095848 -0.27946639 0.54537798
v -0.20052029 -0.47102685 -0.38907341
v -0.24486848 -0.35367638 0.49843798
v -0.24876847 -0.35364640 0.49846799
v -0.25704685 -0.36311276 0.49138993
v -0.21751849 -0.27946639 -0.54452204
v -0.26020810 -0.23796650 -0.56466379
v -0.28752848 -0.06461639 0.93596799
v -0.28833848 -0.06071639 0.93596799
v -0.22142848 -0.36919639 -0.48590200
v -0.19798847 -0.26383639 0.55310798
v -0.19407848 -0.26383639 0.55310798
v -0.20489122 -0.11570749 0.96674038
v -0.20579849 -0.26374638 0.55314798
v -0.20970848 -0.26374638 0.55314798
v -0.28672849 -0.06852639 0.93596799
v -0.26010142 -0.29887952 0.53484977
v -0.20970848 -0.35361639 -0.49762201
v -0.29564848 -0.02164639 -0.66559201
v -0.29569849 -0.02555639 -0.66559201
v -0.29564848 -0.02164639 -0.66558199
v -0.29567247 -0.02573531 -0.66553731
v -0.29564848 -0.02118639 -0.66559201
v -0.29147361 -0.02561546 -0.65903430
v -0.21361848 0.11896360 0.59999801
v -0.21751849 0.11896360 0.59999801
v -0.21361848 0.11886361 0.60002799
v -0.22532848 0.11886361 0.60002799
v -0.22142848 0.11886361 0.60002799
v -0.29923121 0.26624697 0.89824260
v -0.25928424 0.15022473 -0.59762720
v -0.24095848 0.15408361 0.59221799
v -0.24095848 0.15412360 0.59219796
v -0.23704849 0.15408361 0.59221799
v -0.21025479 0.10822257 0.60241327
v -0.21751849 0.11886361 0.60002799
v -0.28001847 0.32209360 0.88525797
v -0.28001847 0.32228359 0.88517798
v -0.28019848 0.32209360 0.88517798
v -0.21361848 0.29865360 0.53364796
v -0.21361848 0.29870361 0.53361798
v -0.20970848 0.29865360 0.53363801
v -0.22095724 0.28435609 -0.54053819
v -0.22532848 0.11896360 0.59999801
v -0.22142848 0.11896360 0.59999801
v -0.28392848 0.32209360 0.88361800
v -0.23314848 0.15412360 0.59219796
v -0.23704849 0.15412360 0.59219796
v -0.23314848 0.15408361 0.59221799
v -0.28305139 0.35800482 0.86984683
v -0.26048847 0.41194361 -0.86090200
v -0.30040454 0.41333841 0.84021524
v -0.22532848 0.15408361 0.59221799
v -0.33249086 0.23726838 0.67420644
v -0.22041903 0.19074781 0.58327802
v -0.28392848 0.31818360 0.88514800
v -0.28466921 0.31729871 0.88519245
v -0.28019937 0.32170236 -0.88817471
v -0.19690937 0.39670025 0.46696208
v -0.28001847 0.31818360 0.88679797
v -0.28384849 0.31818360 0.88517798
v -0.27611848 0.32599359 0.88536800
v -0.23340375 0.49068375 -0.82886567
v -0.20189969 0.35376113 0.49855886
v -0.27967849 0.32209360 -0.88824200
v -0.27611848 0.32209360 -0.88978200
v -0.27257847 0.32990360 -0.88824200
v -0.27611848 0.32599359 -0.88825201
v -0.27611848 0.41974359 -0.84967201
v -0.26833766 0.41972524 -0.85309625
v -0.26846271 0.36550367 0.87304726
v -0.25779454 0.43928817 -0.84679571
v -0.26686334 0.35173035 0.87913712
v -0.25653303 0.35744888 0.88123451
v -0.19798847 0.11886361 0.60002799
v -0.20189848 0.11886361 0.60002799
v -0.20189848 0.11896360 0.59999801
v -0.30105319 0.37246893 -0.86053429
v -0.19017848 0.36506360 0.49058799
v -0.18626849 0.36506360 0.49058799
v -0.18626849 0.36497360 0.49064798
v -0.21361848 0.55646360 0.25624798
v -0.30044633 0.52495155 0.77590214
v -0.26439848 0.41584360 -0.85700201
v -0.19017848 0.55645358 0.25627799
v -0.19017848 0.55646360 0.25624798
v -0.18626849 0.55645358 0.25627799
v -0.25657847 0.35334360 0.88282800
v -0.20653823 0.36287509 0.90032160
v -0.19180937 -0.53843832 0.28975891
v -0.26453764 0.41577569 -0.85700301
v -0.26437007 0.41589195 -0.85699180
v -0.26829847 0.41977360 -0.85309201
v -0.26439848 0.42284360 -0.85309201
v -0.27335474 0.45190199 0.82985008
v -0.26439848 0.36878362 0.87346799
v -0.22532848 0.50241363 -0.82574200
v -0.22532848 0.59555363 -0.13824201
v -0.22142848 0.59553361 -0.13834202
v -0.22142848 0.59555363 -0.13824201
v -0.21751849 0.59553361 -0.13834202
v -0.16931984 0.37647722 0.48252041
v -0.22923847 0.55646360 0.25624798
v -0.22532848 0.55646360 0.25624798
v -0.22532848 0.55645358 0.25627799
v -0.19017848 0.52131360 -0.32182201
v -0.18626849 0.52131360 -0.32182201
v -0.25605346 0.53923461 0.29220142
v -0.19798847 0.52131360 -0.32182201
v -0.30222828 0.77527541 -0.52094098
v -0.20189848 0.59557360 0.13908798
v -0.21751849 0.52134359 0.32267798
v -0.25267848 0.52139359 0.79924799
v -0.25651576 0.52530004 0.79529918
v -0.26923788 0.48962878 0.80992994
v -0.21751849 0.29871359 0.53361798
v -0.25985626 0.57153615 -0.22079315
v -0.26017567 0.51498995 0.33277173
v -0.23314848 0.52134359 0.32267798
v -0.20950982 0.97377532 0.04181125
v -0.22532848 0.52134359 0.32267798
v -0.22142848 0.52134359 0.32267798
v -0.22142848 0.52131360 0.32272799
v -0.21361848 0.52131360 0.32272799
v -0.21361848 0.52134359 0.32267798
v -0.25657847 0.59446358 -0.14215200
v -0.19407848 0.52131360 0.32272799
v -0.19407848 0.52134359 0.32267798
v -0.19017848 0.52131360 0.32272799
v -0.26045376 0.40803401 -0.86284645
v -0.17307630 0.31462783 0.52475403
v -0.19342815 0.49886603 -0.35510708
v -0.24486848 0.59229362 -0.14996202
v -0.25659027 0.59665509 -0.13431208
v -0.22142848 0.55645358 0.25627799
v -0.19017848 0.59553361 0.13916799
v -0.19407848 0.59553361 0.13919798
v -0.22923847 0.59553361 -0.13834202
v -0.23314848 0.59553361 -0.13834202
v -0.25999515 0.58564043 0.17695823
v -0.19998802 0.57316028 0.21581656
v -0.26092625 0.57274891 0.22044744
v -0.21751849 0.55645358 0.25627799
v -0.30736848 0.76740360 -0.51323198
v -0.30735847 0.76740360 -0.51324200
v -0.21361848 0.59553361 -0.13834202
v -0.21751849 0.59555363 -0.13824201
v -0.22728348 0.59555360 0.13916799
v -0.31517848 0.77666360 -0.47028201
v -0.26061127 0.60500987 -0.09245178
v -0.30049112 0.93619537 -0.07396940
v -0.25255849 0.95490360 0.00627799
v -0.20189848 0.59553361 0.13924799
v -0.20579849 0.59553361 0.13924799
v -0.20579849 0.59557360 0.13908798
v -0.20515293 0.49397662 -0.83932670
v -0.23314848 0.52131360 -0.32182201
v -0.21047773 0.52544448 0.31591698
v -0.21361848 0.55645358 0.25627799
v -0.20970848 0.55645358 0.25627799
v -0.24876847 0.59555363 -0.13824201
v -0.24486848 0.59553361 -0.13834202
v -0.24486848 0.59555363 -0.13824201
v -0.21751849 0.52131360 -0.32182201
v -0.26083020 0.55046004 0.27297941
v -0.21861350 0.35394919 0.49843190
v -0.23302848 0.96271360 -0.07184201
v -0.23704849 0.96114361 -0.06793201
v -0.23314848 0.96265363 -0.06793201
v -0.23704849 0.59553361 -0.13834202
v -0.22532848 0.59553361 -0.13834202
v -0.21339555 0.54602236 0.27886095
v -0.24095848 0.59553361 -0.13834202
v -0.25274848 0.95490360 -0.01715201
v -0.25271847 0.95490360 -0.01324201
v -0.25267848 0.95493358 -0.01715201
v -0.21361848 0.59553361 0.13924799
v -0.21751849 0.59553361 0.13924799
v -0.21751849 0.59557360 0.13908798
v -0.26103575 0.59329420 -0.15160352
v -0.23476161 0.96201520 -0.05802088
v -0.23295847 0.96271360 -0.06403201
v -0.25258847 0.95490360 0.00236799
v -0.20010335 0.97395824 -0.09300051
v -0.25267848 0.95492363 -0.01324201
v -0.25268849 0.95490360 -0.00934201
v -0.25267848 0.95490360 -0.00934201
v -0.25267848 0.95494359 -0.02106201
v -0.20579849 -0.35367638 -0.49757200
v -0.24327416 -0.95493809 -0.00770095
v -0.26021322 -0.37432455 0.48330421
v -0.22286357 -0.32751424 -0.90733292
v -0.26048847 -0.49022639 0.81096799
v -0.26026847 -0.49039638 0.81096799
v -0.25267848 -0.35364640 0.49846799
v -0.18626849 -0.54899639 0.26791800
v -0.24095848 -0.27952639 0.54533798
v -0.20579849 -0.27946639 0.54537798
v -0.20970848 -0.27946639 0.54537798
v -0.26007741 -0.40435088 0.45979078
v -0.24970563 -0.45624968 -0.40607750
v -0.20091482 -0.46587366 0.85048289
v -0.20738751 -0.21591063 0.57383249
v -0.22923847 -0.26374638 0.55314798
v -0.19813162 -0.54898345 0.26798879
v -0.24486848 -0.27946639 -0.54452204
v -0.18626849 -0.36930639 0.48672799
v -0.19017848 -0.36930639 0.48672799
v -0.22532848 -0.33414638 -0.90389203
v -0.21751849 -0.41227639 0.45120800
v -0.19798847 -0.36930639 -0.48582201
v -0.20970848 -0.30680639 -0.92018198
v -0.25665999 -0.35375162 0.49838326
v -0.21361848 -0.44744638 -0.41559201
v -0.21751913 -0.47477010 0.83830477
v -0.25909878 -0.40757180 0.85932882
v -0.25637909 -0.27444286 0.54821369
v -0.19017848 -0.54896641 0.26799799
v -0.18626849 -0.54895640 0.26799799
v -0.21616027 -0.55344890 0.25869925
v -0.20579849 -0.35361639 -0.49762201
v -0.20189848 -0.35367638 -0.49757200
v -0.20189848 -0.35361639 -0.49762201
v -0.23704849 -0.36930639 0.48672799
v -0.22532848 -0.35367638 0.49843798
v -0.22142848 -0.44742638 -0.41561200
v -0.21751849 -0.42008639 0.44382799
v -0.21751849 -0.42013640 0.44377799
v -0.22142848 -0.36927641 0.48674799
v -0.21751849 -0.36930639 0.48672799
v -0.22142848 -0.36930639 0.48672799
v -0.23704849 -0.27950639 -0.54449200
v -0.24486848 -0.27950639 -0.54449200
v -0.22532848 -0.27952639 0.54533798
v 0.19263152 0.18725361 0.11564799
v -0.22142848 -0.34196639 -0.90250199
v -0.20579849 -0.27952639 0.54533798
v -0.20970848 -0.27952639 0.54533798
v -0.19408536 -0.40206308 0.46079125
v -0.25657847 -0.27946639 -0.54452204
v -0.25657847 -0.27555639 -0.54670202
v -0.19407848 -0.36919639 -0.48590200
v -0.19407848 -0.36930639 -0.48582201
v -0.19017848 -0.36930639 -0.48582201
v -0.25323618 -0.29300936 -0.90886060
v -0.25970296 -0.37151990 0.48551783
v -0.20913897 -0.46600918 0.84714732
v -0.23704849 -0.36927641 0.48674799
v -0.20970848 -0.44742638 -0.41561200
v -0.22740691 -0.27877139 0.54575548
v -0.21361848 -0.35367638 0.49843798
v -0.21361848 -0.35364640 0.49846799
v -0.20970848 -0.35367638 0.49843798
v -0.24039939 -0.43738877 0.42747943
v -0.23418374 -0.35363234 -0.49760873
v -0.22360190 -0.31394028 -0.91208330
v -0.25657847 -0.35364640 0.49846799
v -0.25962293 -0.35376620 0.49911701
v -0.21363190 -0.47087199 0.84221800
v -0.19407848 -0.35361639 -0.49762201
v -0.19017848 -0.35367638 -0.49757200
v -0.19017848 -0.35361639 -0.49762201
v -0.19017848 -0.36149639 -0.49170201
v -0.22499834 -0.34185894 0.50727189
v -0.20970848 -0.35367638 -0.49757200
v -0.24486848 -0.35364640 0.49846799
v -0.22532848 -0.35364640 0.49846799
v -0.25588870 -0.40502367 -0.45728705
v -0.22142848 -0.26374638 0.55314798
v -0.22532848 -0.26374638 0.55314798
v -0.21166098 -0.34382639 -0.50493700
v -0.21751849 -0.35367638 -0.49757200
v -0.22532848 -0.27946639 -0.54452204
v -0.22142848 -0.35364640 0.49846799
v -0.21751849 -0.35367638 0.49843798
v -0.22142848 -0.35367638 0.49843798
v -0.26048847 -0.28146640 -0.54449200
v -0.18236848 -0.26383639 0.55310798
v -0.21361848 -0.26374638 0.55314798
v -0.21751849 -0.26374638 0.55314798
v -0.19798847 -0.35367638 0.49843798
v -0.19407848 -0.35367638 0.49843798
v -0.19798847 -0.35364640 0.49846799
v -0.21361848 -0.36930639 0.48672799
v -0.21751849 -0.36927641 0.48674799
v -0.22923847 -0.27946639 -0.54452204
v -0.22532848 -0.27950639 -0.54449200
v -0.22532848 -0.30289638 -0.91554200
v -0.24095848 -0.27946639 -0.54452204
v -0.24095848 -0.27950639 -0.54449200
v -0.15501849 -0.27946639 -0.54452204
v -0.24095848 -0.36927641 0.48674799
v -0.26048847 -0.27946639 -0.54576199
v -0.22142848 -0.31071639 -0.91415202
v -0.21751849 -0.35364640 0.49846799
v -0.26040396 -0.26448544 -0.55269016
v -0.19017848 -0.36927641 0.48674799
v -0.21740949 -0.30840240 -0.52830689
v -0.19017848 -0.27946639 0.54537798
v -0.19798847 -0.36930639 0.48672799
v -0.21361848 -0.27946639 -0.54452204
v -0.22923847 -0.27950639 -0.54449200
v -0.22532848 -0.26383639 0.55310798
v -0.22147355 -0.33818614 -0.90389442
v -0.21774026 -0.31071801 -0.91559069
v -0.21751849 -0.31071639 -0.91567200
v -0.20970848 0.11886361 0.60002799
v -0.22142848 0.15408361 0.59221799
v -0.21751849 0.15408361 0.59221799
v -0.22923847 0.15408361 0.59221799
v -0.22923847 0.11896360 0.59999801
v -0.22923847 0.15412360 0.59219796
v -0.22923847 0.11886361 0.60002799
v -0.25901030 0.30321729 -0.90440240
v -0.22142848 0.15412360 0.59219796
v -0.22532848 0.15412360 0.59219796
v -0.19798847 0.15412360 0.59219796
v -0.27669406 0.34531753 -0.88043584
v -0.18626849 0.15412360 0.59219796
v -0.19017848 0.15412360 0.59219796
v -0.18626849 0.15408361 0.59221799
v -0.21361848 0.15412360 0.59219796
v -0.21751849 0.15412360 0.59219796
v -0.21361848 0.15408361 0.59221799
v -0.20970848 0.15408361 0.59221799
v -0.18215826 0.33419958 -0.51217381
v -0.19798793 0.29906905 0.53349840
v -0.19017848 0.29865360 0.53359801
v 0.18091152 -0.36919639 -0.48590200
v 0.18481152 -0.36930639 -0.48582201
v 0.18481152 -0.36919639 -0.48590200
v -0.20579849 0.36506360 0.49058799
v -0.20970848 0.36506360 0.49058799
v -0.20189848 0.36497360 0.49064798
v -0.19798847 0.36497360 0.49064798
v -0.22923847 0.52134359 0.32267798
v -0.22142848 0.36497360 0.49064798
v -0.21751849 0.36497360 0.49064798
v -0.23241026 0.27232218 -0.54712337
v -0.26056849 0.37287360 0.87346799
v -0.26048849 0.37295017 0.87347212
v 0.19648164 0.14855085 0.59353138
v -0.20970848 0.11896360 0.59999801
v -0.26048847 0.36896360 0.87503798
v -0.19798847 0.15408361 0.59221799
v 0.17700151 0.09162361 0.60393799
v 0.18091152 0.09162361 0.60393799
v 0.18091152 0.09164361 0.60392798
v 0.17700151 0.08381360 0.60497797
v -0.20970848 0.36497360 0.49064798
v -0.20579849 0.36497360 0.49064798
v -0.25657847 0.41501361 -0.86090200
v -0.25952688 0.37445664 0.48430965
v -0.20970848 0.52131360 -0.32182201
v -0.20579849 0.52131360 -0.32182201
v -0.27220848 0.42365360 -0.84920203
v -0.20189848 0.55646360 0.25624798
v -0.19798847 0.55645358 0.25627799
v -0.22532848 0.36497360 0.49064798
v -0.22532848 0.36506360 0.49058799
v -0.20189848 0.52131360 0.32272799
v -0.20189848 0.52134359 0.32267798
v -0.19798847 0.52131360 0.32272799
v -0.22142848 0.52129358 -0.32184201
v -0.22142848 0.52131360 -0.32182201
v -0.22532848 0.52131360 -0.32182201
v -0.30375015 0.54883537 -0.76127746
v -0.25267319 0.52130340 0.79929542
v -0.28383189 0.66761551 -0.68989983
v -0.25652849 0.52521360 0.79533798
v -0.25992610 0.43980950 -0.43016201
v -0.23189679 0.51345946 0.33421724
v -0.22532848 0.52131360 0.32272799
v -0.17632855 0.53891233 -0.29187242
v -0.22923847 0.52131360 0.32272799
v -0.25657847 0.51829362 0.79924799
v -0.25277849 0.52131360 0.79924799
v -0.22108502 0.50579946 -0.82571513
v -0.22116848 0.50568360 -0.82574200
v -0.21361848 0.52131360 -0.32182201
v -0.18236848 0.52131360 -0.32182201
v -0.17845848 0.52129358 -0.32184201
v -0.17845848 0.52131360 -0.32182201
v -0.18626849 0.52131360 0.32272799
v -0.18626849 0.52134359 0.32267798
v -0.18236848 0.52131360 0.32272799
v -0.19407848 0.52131360 -0.32182201
v -0.20852966 0.52392810 -0.31779295
v -0.22142848 0.59553361 0.13924799
v -0.19017848 0.52134359 0.32267798
v -0.21751849 0.55646360 0.25624798
v -0.25657847 0.52517360 0.79533798
v -0.22923847 0.36497360 0.49064798
v -0.17845848 -0.28654638 0.54142798
v -0.22923847 0.52131360 -0.32182201
v -0.21751849 0.52131360 0.32272799
v -0.22142848 0.55646360 0.25624798
v -0.24876845 0.59554556 -0.13828230
v -0.20448320 0.58532200 -0.17496896
v -0.23314848 0.59555363 -0.13824201
v -0.22923847 0.59555363 -0.13824201
v -0.18236848 0.59340363 0.14689799
v -0.18626849 0.59554362 0.13908798
v -0.22923847 0.36506360 0.49058799
v -0.21361848 0.59555363 -0.13824201
v -0.22532848 0.52129358 -0.32184201
v -0.20185384 0.97475326 -0.06542273
v -0.24095848 0.59555363 -0.13824201
v -0.23704849 0.59555363 -0.13824201
v -0.21361848 0.59557360 0.13908798
v -0.22290848 0.96662360 -0.06793201
v -0.22532848 0.59557360 0.13908798
v -0.19798847 0.59553361 0.13922799
v -0.22142848 0.36506360 0.49058799
v -0.21751849 0.36506360 0.49058799
v -0.13767205 0.41760875 0.44953442
v -0.20579849 0.52129358 -0.32184201
v -0.20189848 0.52129358 -0.32184201
v -0.15501849 0.52131360 0.32272799
v -0.15501849 0.52134359 0.32267798
v -0.15111848 0.52131360 0.32272799
v -0.15892848 0.36506360 0.49058799
v -0.16282848 0.36506360 0.49058799
v -0.20970848 0.52134359 0.32267798
v -0.20326991 0.93894978 -0.28326234
v -0.18236848 0.59553361 0.13911799
v -0.18626849 0.59553361 0.13914799
v -0.19017848 0.59555363 0.13908798
v -0.23629272 0.96142527 -0.07687335
v -0.25267848 0.95489359 -0.00543201
v -0.21882358 -0.88075528 -0.39478400
v -0.21361848 -0.36919639 -0.48590200
v -0.18626849 -0.44742638 -0.41561200
v -0.18236848 -0.44744638 -0.41559201
v -0.22138612 -0.87713418 -0.39997769
v -0.15404848 -0.53727639 -0.29059201
v -0.22142848 -0.87149638 -0.41168200
v -0.18626849 -0.44744638 -0.41559201
v -0.18626849 -0.45524639 -0.40684202
v -0.22142848 -0.35367638 -0.49757200
v -0.19657347 -0.56174135 0.79543397
v -0.20189848 -0.27950639 -0.54449200
v -0.15501849 -0.53727639 -0.29059201
v -0.15892848 -0.53336639 -0.29742201
v -0.15892848 -0.53727639 -0.29061200
v -0.20007171 -0.43951296 0.42525552
v -0.20189848 -0.44742638 -0.41561200
v -0.22142848 -0.33805639 -0.90396201
v -0.15759427 -0.46999504 -0.39027213
v -0.20970845 -0.46701855 0.84610928
v -0.22142848 -0.30685640 -0.91559201
v -0.18626849 -0.36919639 -0.48590200
v -0.19798847 -0.48815638 0.83830798
v -0.21145030 -0.44014509 -0.42372049
v -0.18236848 -0.44352639 -0.41998201
v -0.19017848 -0.44742638 -0.41561200
v -0.19407848 -0.44742638 -0.41561200
v -0.19017848 -0.44744638 -0.41559201
v -0.21364319 -0.47085184 0.84221883
v -0.21365058 -0.47085037 0.84222026
v -0.18626849 -0.35367638 0.49843798
v -0.19017848 -0.35367638 0.49843798
v -0.19017848 -0.35364640 0.49846799
v -0.20389919 -0.54600532 0.27486257
v -0.19017848 -0.36919639 -0.48590200
v -0.18626849 -0.36930639 -0.48582201
v -0.20579849 -0.26383639 0.55310798
v -0.19407848 -0.35364640 0.49846799
v -0.21361848 -0.42012638 0.44377799
v -0.21630957 -0.27961153 0.54528754
v 0.21997151 0.43146360 -0.06793201
v 0.21998151 0.43146360 -0.07184201
v -0.16282848 -0.35361639 -0.49762201
v -0.15892848 -0.35367638 -0.49757200
v -0.15892848 -0.35361639 -0.49762201
v -0.20579849 -0.44742638 -0.41561200
v -0.22532848 -0.36400640 -0.48981201
v -0.19798847 -0.44742638 -0.41561200
v -0.20189848 -0.26383639 0.55310798
v 0.19263152 -0.36930639 0.48672799
v 0.18872151 -0.36927641 0.48674799
v 0.19263152 -0.36927641 0.48674799
v -0.19407848 -0.36930639 0.48672799
v -0.25953176 -0.11212016 -0.60489636
v -0.18236848 -0.27952639 0.54533798
v -0.17845848 -0.27952639 0.54533798
v -0.18236848 -0.27946639 0.54537798
v -0.18626849 -0.35361639 -0.49762201
v -0.18236848 -0.35361639 -0.49762201
v -0.19798847 -0.35361639 -0.49762201
v -0.20970848 -0.26383639 0.55310798
v -0.20970848 -0.36919639 -0.48590200
v -0.20579849 -0.36930639 -0.48582201
v -0.20189848 -0.35364640 0.49846799
v -0.20579849 -0.35364640 0.49846799
v -0.21593642 -0.31250623 -0.91562635
v -0.20189848 -0.36919639 -0.48590200
v -0.19798847 -0.36919639 -0.48590200
v -0.22532848 -0.33419639 -0.90387201
v -0.19798847 -0.35367638 -0.49757200
v -0.19407848 -0.35367638 -0.49757200
v -0.18626849 -0.35758639 -0.49464201
v -0.21361848 -0.27946639 0.54537798
v 0.19263152 0.52129358 -0.32184201
v 0.18872151 0.52129358 -0.32184201
v 0.18872151 0.52131360 -0.32182201
v -0.22164848 -0.33805639 -0.90387201
v -0.20189848 -0.36927641 0.48674799
v -0.20189848 -0.36930639 0.48672799
v -0.19407848 -0.36927641 0.48674799
v -0.19798847 -0.36927641 0.48674799
v -0.20970848 -0.36930639 0.48672799
v -0.20579849 -0.36930639 0.48672799
v -0.20189848 -0.35367638 0.49843798
v -0.20579849 -0.36927641 0.48674799
v -0.19407848 -0.27950639 -0.54449200
v -0.20189848 -0.26374638 0.55314798
v -0.19798847 -0.26374638 0.55314798
v -0.18626849 -0.27952639 0.54533798
v -0.20189848 -0.27952639 0.54533798
v -0.20189848 -0.27946639 0.54537798
v -0.16673847 -0.27946639 -0.54452204
v -0.18041098 -0.27555639 -0.54670202
v -0.18126567 -0.27349390 0.54861049
v -0.20970848 -0.27946639 -0.54452204
v -0.20970848 -0.27950639 -0.54449200
v -0.17454849 -0.44744638 -0.41559201
v -0.17845848 -0.44744638 -0.41559201
v -0.17454849 -0.45092640 -0.41168200
v -0.20579849 0.11896360 0.59999801
v -0.20579849 0.11886361 0.60002799
v -0.22923847 0.29865360 -0.53278201
v -0.23314848 0.29865360 -0.53279202
v -0.19017848 0.11896360 0.59999801
v -0.19407848 0.11896360 0.59999801
v -0.17452556 0.13700880 0.59606247
v -0.18236848 0.15412360 0.59219796
v -0.18236848 0.15408361 0.59221799
v -0.16282848 -0.37415639 -0.48199200
v -0.22923847 0.29867360 -0.53278201
v -0.22532848 0.29865360 -0.53278201
v -0.19798847 0.11896360 0.59999801
v -0.19407848 0.11886361 0.60002799
v -0.20189848 0.15412360 0.59219796
v -0.20189848 0.15408361 0.59221799
v -0.20189848 0.36506360 0.49058799
v -0.19017848 0.29861360 0.53361798
v -0.18626849 0.29865360 0.53358800
v -0.19212973 0.15021361 0.59314800
v -0.21418059 0.14881119 0.59347399
v 0.20044152 -0.36919639 -0.48590200
v -0.19407848 0.29862362 0.53361798
v -0.21361848 0.36506360 0.49058799
v -0.23314848 0.29868361 -0.53278201
v -0.19017848 0.36497360 0.49064798
v -0.18236848 0.36497360 0.49064798
v -0.20970848 0.29868361 0.53361798
v -0.19407848 0.52129358 -0.32184201
v -0.21361848 0.36497360 0.49064798
v -0.19798847 0.36506360 0.49058799
v -0.21841689 0.59721841 -0.13148517
v -0.20970848 0.59553361 -0.13834202
v -0.21793659 0.50123958 -0.82965536
v -0.19407848 0.55645358 0.25627799
v -0.22142848 0.50548362 -0.82574200
v -0.21718733 0.50183424 -0.82965522
v -0.22923847 0.52129358 -0.32184201
v -0.12077031 0.57496281 0.21057821
v -0.27779588 0.68290005 0.67737480
v -0.21751849 0.52129358 -0.32184201
v -0.20970848 0.52131360 0.32272799
v -0.20579849 0.52131360 0.32272799
v -0.20970848 0.59553361 0.13924799
v -0.20970848 0.59557360 0.13908798
v -0.19798847 0.52134359 0.32267798
v -0.18347595 0.52388160 0.31878099
v -0.20970848 0.52129358 -0.32184201
v -0.21361848 0.52129358 -0.32184201
v 0.24341034 -0.13492642 0.26798920
v 0.24353703 -0.13104870 0.26411611
v -0.19407848 0.36506360 0.49058799
v -0.19407848 0.36497360 0.49064798
v -0.17454849 0.36506360 0.49058799
v -0.17064848 0.36506360 0.49058799
v -0.21166373 0.31321893 0.52563522
v -0.20970848 0.55646360 0.25624798
v -0.25972375 0.33810239 -0.51014243
v -0.22084529 0.59682746 0.13426618
v -0.19407848 0.55646360 0.25624798
v -0.22142848 0.59557360 0.13908798
v -0.20200848 0.97443360 -0.03278201
v -0.20189848 0.97450363 -0.03668201
v -0.29771926 0.81657753 0.47825150
v -0.18626849 0.52129358 -0.32184201
v -0.20189848 0.52131360 -0.32182201
v -0.11986848 -0.54509640 0.27580798
v -0.11986848 -0.54508639 0.27581800
v -0.11730848 -0.54508639 0.27580798
v -0.19407848 0.59556359 0.13908798
v -0.19254669 0.94976080 0.25459574
v -0.20178399 0.97483646 -0.08048575
v -0.22923847 0.96419358 -0.07574201
v -0.19798847 0.59556359 0.13908798
v -0.23305848 0.96271360 -0.07574201
v -0.23314848 0.96267360 -0.07184201
v -0.23299848 0.96271360 -0.06793201
v -0.19682974 0.97468172 -0.02911743
v -0.15892848 -0.53728640 -0.29059201
v -0.16282848 -0.53727639 -0.29062202
v -0.16673847 -0.35361639 -0.49762201
v -0.17845848 -0.44742638 -0.41561200
v -0.17845848 -0.44395641 -0.41949200
v -0.16772063 -0.44744594 0.41645844
v -0.16673847 -0.44747639 0.41642798
v -0.17064848 -0.53336639 -0.29742201
v -0.16673847 -0.53727639 -0.29063200
v -0.05345848 -0.26383639 0.55310798
v -0.04954848 -0.26383639 0.55310798
v -0.18236848 -0.44740985 -0.41562853
v -0.16282848 -0.44742638 -0.41561200
v -0.16673847 -0.44742638 -0.41561200
v -0.16282848 -0.44744638 -0.41559201
v -0.19407848 -0.44744638 -0.41559201
v -0.20978199 -0.46693918 0.84613035
v 0.16528153 0.15408361 0.59221799
v 0.16528153 0.15412360 0.59219796
v 0.16919152 0.15408361 0.59221799
v -0.19407848 -0.54897637 0.26799799
v -0.13939848 -0.44747639 0.41642798
v -0.14329849 -0.44742638 0.41647799
v -0.13939848 -0.44742638 0.41647799
v -0.20189848 -0.48649639 0.83828802
v -0.13939848 -0.27946639 -0.54452204
v 0.19263152 0.15412360 0.59219796
v 0.18872151 0.15412360 0.59219796
v 0.19263152 0.15408361 0.59221799
v -0.18236848 -0.54894638 0.26799799
v -0.12767848 -0.54510641 0.27580798
v -0.13157848 -0.54511637 0.27580798
v -0.12767848 -0.54508639 0.27584798
v -0.19798847 -0.48649639 0.83924801
v -0.19017848 -0.27950639 -0.54449200
v -0.18626849 -0.27950639 -0.54449200
v -0.19017848 -0.27946639 -0.54452204
v -0.15159206 -0.30714532 -0.52902683
v -0.20189848 -0.36930639 -0.48582201
v -0.20579849 -0.27950639 -0.54449200
v -0.17845848 -0.27946639 -0.54452204
v -0.17454849 -0.27946639 -0.54452204
v -0.16673847 -0.27952639 0.54533798
v -0.26005496 -0.31880983 -0.52229128
v -0.17064848 -0.27946639 -0.54452204
v -0.17454849 -0.53727639 -0.29066201
v -0.17828146 -0.52546532 -0.31123743
v -0.18236848 -0.36919639 -0.48590200
v -0.18236848 -0.36927641 0.48674799
v -0.18626849 -0.36927641 0.48674799
v -0.18236848 -0.36930639 0.48672799
v -0.18236848 -0.36930639 -0.48582201
v -0.18363458 -0.34292336 -0.50561332
v -0.19017848 -0.27952639 0.54533798
v -0.20970848 -0.35364640 0.49846799
v -0.15501849 -0.36919639 -0.48590200
v -0.15501849 -0.36930639 -0.48582201
v -0.15111848 -0.37415639 -0.48199200
v -0.25901876 -0.51408697 0.33800500
v -0.18336683 -0.44120856 0.42339803
v -0.22091112 -0.33856623 -0.90397075
v -0.17454849 -0.36919639 -0.48590200
v -0.17845848 -0.36919639 -0.48590200
v -0.17454849 -0.36930639 -0.48582201
v -0.14329849 -0.27946639 0.54537798
v -0.18236848 -0.26374638 0.55314798
v -0.21361848 -0.27950639 -0.54449200
v -0.19407848 -0.27946639 -0.54452204
v -0.15501849 -0.26383639 0.55310798
v -0.15892848 -0.26374638 0.55314798
v -0.15501849 -0.26374638 0.55314798
v -0.18236848 -0.35367638 0.49843798
v -0.18626849 -0.35364640 0.49846799
v -0.16282848 -0.26383639 0.55310798
v -0.18626849 -0.27946639 -0.54452204
v -0.17845848 -0.35367638 0.49843798
v -0.18236848 -0.35364640 0.49846799
v -0.18626849 -0.35367638 -0.49757200
v -0.18236848 -0.35367638 -0.49757200
v -0.18236848 -0.27946639 -0.54452204
v -0.20579849 -0.35367638 0.49843798
v -0.20970848 -0.36927641 0.48674799
v -0.17845848 -0.35361639 -0.49762201
v -0.19407848 -0.26374638 0.55314798
v -0.15111848 -0.26374638 0.55314798
v -0.15501849 -0.27946639 0.54537798
v -0.17454849 -0.35364640 0.49846799
v -0.19916486 -0.28437972 -0.93312282
v -0.18236848 -0.27950639 -0.54449200
v -0.12376849 -0.54509640 0.27580798
v -0.12376849 -0.27952639 0.54533798
v -0.12767848 -0.27952639 0.54533798
v -0.12767848 -0.27946639 0.54537798
v -0.17064848 -0.36919639 -0.48590200
v -0.16282848 -0.35367638 -0.49757200
v -0.16673847 -0.26383639 0.55310798
v -0.17064848 -0.26374638 0.55314798
v -0.17454849 0.15412360 0.59219796
v -0.17064848 0.11886361 0.60002799
v -0.16673847 0.11886361 0.60002799
v -0.11986848 0.15412360 0.59219796
v 0.23180328 0.15029468 0.58566198
v -0.18626849 0.11886361 0.60002799
v -0.18236848 0.11886361 0.60002799
v -0.15892848 0.11886361 0.60002799
v -0.15892848 0.11896360 0.59999801
v -0.15501849 0.11886361 0.60002799
v 0.26294152 0.06819360 0.35002799
v 0.26684151 0.06822361 0.35392798
v -0.18626849 0.11896360 0.59999801
v -0.18236848 0.11896360 0.59999801
v -0.17454849 0.15408361 0.59221799
v -0.17064848 0.15408361 0.59221799
v -0.19017848 0.11886361 0.60002799
v -0.19407848 0.15412360 0.59219796
v -0.16234473 0.15021361 0.59314800
v -0.16282848 0.11896360 0.59999801
v -0.16673847 0.11896360 0.59999801
v -0.16282848 0.11886361 0.60002799
v -0.17454849 0.11886361 0.60002799
v -0.16673847 0.36506360 0.49058799
v -0.16282848 0.36497360 0.49064798
v -0.20579849 0.52134359 0.32267798
v -0.18236848 0.29865360 0.53357799
v -0.17845848 0.15408361 0.59221799
v -0.15501849 0.36506360 0.49058799
v -0.15111848 0.36506360 0.49058799
v -0.15111848 0.36497360 0.49064798
v -0.18236848 0.36506360 0.49058799
v -0.19017848 0.52129358 -0.32184201
v -0.17454849 0.52131360 -0.32182201
v -0.17454849 0.30570361 0.52971799
v -0.17454849 0.29865360 0.53356797
v -0.16673847 0.36497360 0.49064798
v -0.17064848 0.52134359 0.32267798
v -0.21751849 0.50178361 -0.82953202
v -0.18236848 0.52134359 0.32267798
v -0.20197205 0.44951646 -0.86570278
v -0.17064848 0.52131360 0.32272799
v -0.16673847 0.52131360 0.32272799
v -0.17454849 0.52129358 -0.32184201
v -0.17064848 0.52129358 -0.32184201
v -0.18626849 0.55646360 0.25624798
v -0.16999414 0.54447327 0.28211782
v -0.19798847 0.52129358 -0.32184201
v -0.19798847 0.55646360 0.25624798
v -0.18236848 0.55646360 0.25624798
v -0.18236848 0.55645358 0.25627799
v -0.17845848 0.55645358 0.25627799
v -0.17454849 0.55645358 0.25627799
v -0.15892848 0.55646360 0.25624798
v -0.15501849 0.55646360 0.25624798
v -0.15501849 0.55645358 0.25627799
v -0.16673847 0.55645358 0.25627799
v -0.16673847 0.55646360 0.25624798
v -0.16282848 0.55645358 0.25627799
v -0.15501849 0.36497360 0.49064798
v 0.19259500 -0.08800153 0.19771611
v 0.19257783 0.18536874 0.11957738
v -0.18236848 0.59553361 0.13908798
v -0.14720848 0.36497360 0.49064798
v -0.20185557 0.76579663 -0.60812619
v -0.11595848 0.52134359 0.32267798
v -0.11204848 0.52134359 0.32267798
v -0.11204848 0.52131360 0.32272799
v -0.17454849 0.52131360 0.32272799
v -0.17454849 0.52134359 0.32267798
v -0.14720848 0.52134359 0.32267798
v -0.14329849 0.52134359 0.32267798
v -0.14329849 0.52131360 0.32272799
v -0.17208806 0.86787864 -0.44910030
v -0.12376849 0.55646360 0.25624798
v -0.15111848 0.55645358 0.25627799
v -0.15111848 0.55646360 0.25624798
v -0.14720848 0.55645358 0.25627799
v -0.16282848 0.87678361 -0.43145200
v -0.17064848 0.87678361 -0.43074202
v -0.16543848 0.87678361 -0.43121200
v -0.16673847 0.87678361 -0.43109202
v -0.24340205 0.95842248 0.01774671
v -0.20189848 0.97443360 -0.02887201
v -0.20579849 0.97312361 -0.02887201
v -0.20189848 0.97447359 -0.03278201
v -0.20545498 0.97327802 -0.03620495
v -0.20190848 0.97443360 -0.02887201
v -0.20189848 0.97443360 -0.02854201
v -0.13939848 -0.26383639 0.55310798
v -0.17454849 -0.44742638 -0.41561200
v -0.15501849 -0.36930639 0.48672799
v -0.16673847 -0.35364640 0.49846799
v -0.16673847 -0.35367638 0.49843798
v -0.17064848 -0.35364640 0.49846799
v -0.16673847 -0.53729642 -0.29059201
v -0.16282848 -0.53729642 -0.29059201
v -0.17064848 -0.53727639 -0.29065200
v -0.15377631 -0.54076371 0.28506671
v -0.15501849 -0.35361639 -0.49762201
v -0.15111848 -0.35367638 -0.49757200
v -0.15111848 -0.35361639 -0.49762201
v -0.15111848 -0.36930639 0.48672799
v -0.14720848 -0.36930639 0.48672799
v -0.12897933 -0.53962721 0.28720437
v -0.17454849 -0.36927641 0.48674799
v -0.13157848 -0.27946639 -0.54452204
v -0.13548847 -0.27946639 -0.54452204
v -0.13157848 -0.27950639 -0.54449200
v -0.15111848 -0.53726638 -0.29059201
v -0.15111848 -0.53727639 -0.29058202
v -0.16673847 -0.36149639 -0.49170201
v -0.16282848 -0.35758639 -0.49464201
v -0.15501849 -0.35367638 0.49843798
v -0.15111848 -0.35367638 0.49843798
v -0.15501849 -0.35364640 0.49846799
v -0.15892848 -0.44742638 -0.41561200
v -0.15892848 -0.44744638 -0.41559201
v -0.15501849 -0.44744638 -0.41559201
v -0.10814848 -0.44352639 -0.41978200
v -0.09251848 -0.44742638 -0.41553201
v -0.08861848 -0.44742638 -0.41552200
v -0.09251848 -0.44737640 -0.41559201
v -0.15892848 -0.35367638 0.49843798
v -0.15892848 -0.35364640 0.49846799
v -0.17845848 -0.35364640 0.49846799
v -0.14329849 -0.44744638 -0.41559201
v -0.13939848 -0.44744638 -0.41559201
v -0.17845848 -0.26383639 0.55310798
v -0.12972043 -0.53299524 0.29903171
v -0.15616330 -0.46431928 0.39785873
v -0.12767848 -0.26374638 0.55314798
v -0.13157848 -0.26374638 0.55314798
v -0.16673847 -0.44744638 -0.41559201
v -0.13548847 -0.35367638 0.49843798
v -0.13939848 -0.35367638 0.49843798
v -0.13939848 -0.35364640 0.49846799
v -0.17064848 -0.53730637 -0.29059201
v -0.14611624 -0.42136151 -0.44152303
v -0.18000357 -0.54900140 0.26788021
v -0.14688687 -0.53721684 -0.29068734
v -0.15501849 -0.44742638 -0.41561200
v -0.15111848 -0.44742638 -0.41561200
v -0.13157848 -0.26383639 0.55310798
v -0.13548847 -0.26374638 0.55314798
v -0.13939848 -0.44742638 -0.41561200
v -0.16989730 -0.54809267 0.26976383
v -0.15501849 -0.35367638 -0.49757200
v -0.16282848 -0.27946639 -0.54452204
v -0.15892848 -0.27946639 -0.54452204
v -0.17845848 -0.27950639 -0.54449200
v -0.17845848 -0.36930639 -0.48582201
v -0.17064848 -0.36930639 -0.48582201
v -0.16673847 -0.36930639 -0.48582201
v -0.14720848 -0.53727639 -0.29056200
v -0.17064848 -0.44744638 -0.41559201
v -0.17064848 -0.36930639 0.48672799
v -0.14720848 -0.35367638 -0.49757200
v -0.15892848 -0.36927641 0.48674799
v -0.16282848 -0.36927641 0.48674799
v -0.15111286 -0.36018139 0.49357299
v -0.15892848 -0.36930639 0.48672799
v -0.16673847 -0.36930639 0.48672799
v -0.16282848 -0.27946639 0.54537798
v -0.16673847 -0.27946639 0.54537798
v -0.14980694 -0.49764397 -0.35743482
v -0.17454849 -0.35361639 -0.49762201
v -0.17064848 -0.35361639 -0.49762201
v -0.17064848 -0.27952639 0.54533798
v -0.17064848 -0.27946639 0.54537798
v -0.15501849 -0.27950639 -0.54449200
v -0.16673847 -0.44742638 0.41647799
v -0.16282848 -0.44742638 0.41647799
v -0.15892848 -0.44747639 0.41642798
v -0.15501849 -0.44747639 0.41642798
v -0.16282848 -0.27950639 -0.54449200
v -0.15892848 -0.27950639 -0.54449200
v -0.16038973 -0.34382639 -0.50493700
v -0.16282848 -0.44747639 0.41642798
v -0.15501849 -0.44742638 0.41647799
v -0.15111848 -0.44747639 0.41642798
v -0.13016052 -0.32210081 0.52074663
v -0.13939848 -0.35758639 -0.49464201
v -0.06806163 -0.26799886 -0.94402806
v -0.17064848 -0.35367638 -0.49757200
v -0.17802608 -0.36228012 -0.49111191
v -0.15892848 -0.27946639 0.54537798
v -0.17454849 -0.36930639 0.48672799
v -0.18346209 -0.30708353 0.52997689
v -0.16673847 -0.27950639 -0.54449200
v 0.23085772 0.35100945 0.49638961
v -0.13157848 -0.44747639 0.41642798
v -0.15282379 -0.27352077 0.54859362
v -0.15794848 -0.27555639 -0.54670202
v -0.15892848 -0.44742638 0.41647799
v -0.16673847 -0.26374638 0.55314798
v 0.19653153 -0.08801639 0.19767799
v -0.12767848 -0.35361639 -0.49762201
v -0.14720848 -0.35361639 -0.49762201
v -0.17064848 -0.35367638 0.49843798
v -0.14295572 -0.44029917 0.42426209
v -0.17845848 -0.26374638 0.55314798
v -0.19693354 -0.29112548 0.53888434
v -0.17454849 -0.27946639 0.54537798
v -0.15111848 -0.44742638 0.41647799
v -0.15111848 -0.36919639 -0.48590200
v -0.17845848 -0.35367638 -0.49757200
v -0.15111848 -0.44744638 -0.41559201
v -0.15892848 -0.26383639 0.55310798
v -0.15111848 -0.36930639 -0.48582201
v -0.14720848 -0.36930639 -0.48582201
v -0.16673847 -0.36927641 0.48674799
v -0.16282848 -0.36930639 0.48672799
v -0.12767848 -0.45092640 -0.41168200
v -0.15507875 -0.36184077 -0.49144261
v -0.17454849 -0.27952639 0.54533798
v -0.17845848 -0.27946639 0.54537798
v -0.13939848 -0.27946639 0.54537798
v -0.14720848 -0.28727639 0.54102797
v -0.12578240 -0.42800511 -0.43517321
v -0.12376849 -0.42805639 -0.43512201
v -0.17845848 -0.36927641 0.48674799
v -0.17845848 -0.36930639 0.48672799
v -0.16282848 -0.36930639 -0.48582201
v -0.17454849 -0.35367638 -0.49757200
v -0.19769549 -0.43613160 -0.42766003
v -0.16282848 -0.35364640 0.49846799
v -0.15892848 -0.36919639 -0.48590200
v -0.16673847 -0.35367638 -0.49757200
v -0.17064848 -0.27950639 -0.54449200
v -0.16282848 -0.35367638 0.49843798
v -0.16673847 -0.36919639 -0.48590200
v -0.16282848 -0.26374638 0.55314798
v -0.15111848 -0.27950639 -0.54449200
v -0.15111848 -0.26383639 0.55310798
v -0.17454849 -0.27950639 -0.54449200
v -0.16282848 -0.36919639 -0.48590200
v -0.15111848 -0.27946639 -0.54452204
v -0.13548847 -0.26383639 0.55310798
v -0.14329849 -0.36149639 -0.49170201
v -0.13548847 -0.27946639 0.54537798
v -0.15892848 -0.36930639 -0.48582201
v -0.17454849 -0.35367638 0.49843798
v -0.15111848 -0.35364640 0.49846799
v -0.17064848 -0.36927641 0.48674799
v -0.15501849 -0.36927641 0.48674799
v -0.15111848 -0.27946639 0.54537798
v -0.11986848 -0.26383639 0.55310798
v -0.12376849 -0.26383639 0.55310798
v -0.12376849 -0.26374638 0.55314798
v -0.15111848 -0.36927641 0.48674799
v -0.15111848 -0.27952639 0.54533798
v -0.15501849 -0.27952639 0.54533798
v -0.14329849 -0.36930639 0.48672799
v -0.14720848 -0.36927641 0.48674799
v -0.13939848 -0.36927641 0.48674799
v -0.14329849 -0.36927641 0.48674799
v -0.13939848 -0.36930639 0.48672799
v -0.16282848 -0.27952639 0.54533798
v -0.15892848 -0.27952639 0.54533798
v -0.09642848 -0.27950639 -0.54449200
v -0.13157848 -0.28654638 0.54142798
v -0.14720848 -0.27946639 0.54537798
v -0.13109473 -0.27555639 -0.54670202
v -0.13548847 -0.35361639 -0.49762201
v -0.17993939 0.10693945 0.60253804
v -0.17454849 0.11896360 0.59999801
v -0.17064848 0.11896360 0.59999801
v -0.13157848 0.15408361 0.59221799
v -0.12767847 0.14996439 0.59320727
v -0.13548847 0.15408361 0.59221799
v -0.14329849 -0.26383639 0.55310798
v -0.11986848 0.15408361 0.59221799
v -0.11595848 0.15408361 0.59221799
v -0.16673847 0.15408361 0.59221799
v -0.17845848 0.11886361 0.60002799
v -0.15111848 0.15412360 0.59219796
v -0.15501849 0.15412360 0.59219796
v -0.15111848 0.15408361 0.59221799
v -0.17845848 0.11896360 0.59999801
v -0.10423848 -0.27946639 -0.54452204
v -0.10423848 -0.27950639 -0.54449200
v -0.10032848 -0.27950639 -0.54449200
v -0.15501849 0.11896360 0.59999801
v -0.15111848 0.11886361 0.60002799
v -0.17064848 0.15412360 0.59219796
v -0.15892848 0.52131360 -0.32182201
v -0.16673847 0.15412360 0.59219796
v -0.12376849 0.15408361 0.59221799
v -0.12376849 0.15412360 0.59219796
v -0.15501849 0.15408361 0.59221799
v -0.16282848 0.15408361 0.59221799
v -0.16282848 0.15412360 0.59219796
v -0.15892848 0.15408361 0.59221799
v 0.19263152 -0.08801639 0.19767799
v -0.17845848 0.15412360 0.59219796
v -0.14720848 0.15408361 0.59221799
v -0.17845848 0.36506360 0.49058799
v -0.17845848 0.36497360 0.49064798
v -0.15892848 0.15412360 0.59219796
v -0.19814587 0.27103891 0.54878977
v -0.14720848 -0.35367638 0.49843798
v -0.17845848 0.29857361 0.53361798
v -0.17845848 0.29865360 0.53357799
v -0.13548847 0.15412360 0.59219796
v -0.15892848 0.36497360 0.49064798
v -0.17064848 0.36497360 0.49064798
v -0.17454849 0.36497360 0.49064798
v -0.13157848 0.15412360 0.59219796
v -0.12767848 0.15408361 0.59221799
v -0.16282848 0.52131360 0.32272799
v -0.14329849 0.36506360 0.49058799
v -0.13939848 0.36506360 0.49058799
v -0.17845848 0.52131360 0.32272799
v -0.16282848 0.52131360 -0.32182201
v -0.15892848 0.52129358 -0.32184201
v -0.17064848 0.52131360 -0.32182201
v -0.16282848 0.52129358 -0.32184201
v -0.15501849 0.52129358 -0.32184201
v -0.16673847 0.52131360 -0.32182201
v -0.16673847 0.52129358 -0.32184201
v -0.16282848 0.55646360 0.25624798
v -0.15892848 0.55645358 0.25627799
v -0.15351448 0.52532291 0.31616219
v -0.17064848 0.55646360 0.25624798
v -0.17845848 0.52134359 0.32267798
v -0.15892848 0.52134359 0.32267798
v -0.18236848 0.52129358 -0.32184201
v -0.15501849 0.52131360 -0.32182201
v -0.16042218 0.56063241 0.24721609
v -0.16282848 0.52134359 0.32267798
v -0.15892848 0.52131360 0.32272799
v -0.17845848 0.55646360 0.25624798
v -0.17845848 0.59553361 0.13908798
v -0.16673847 0.52134359 0.32267798
v -0.17064848 0.55645358 0.25627799
v -0.13641128 0.52387363 0.31879327
v -0.15111848 0.52134359 0.32267798
v -0.17454849 0.55646360 0.25624798
v -0.14329849 0.36497360 0.49064798
v -0.13939848 0.36497360 0.49064798
v -0.18793748 0.59674485 0.13438971
v 0.18876723 -0.09139694 0.19426051
v 0.19270144 -0.08808433 0.19760300
v 0.04244341 0.42048264 0.44692464
v -0.13157848 0.52131360 0.32272799
v -0.14720848 0.52131360 0.32272799
v -0.12767848 0.52131360 0.32272799
v -0.13939848 0.52129358 -0.32184201
v -0.14720848 0.52131360 -0.32182201
v -0.15111848 0.52131360 -0.32182201
v -0.14329849 0.52129358 -0.32184201
v -0.14329849 0.52131360 -0.32182201
v -0.13548847 0.52134359 0.32267798
v -0.13157848 0.52134359 0.32267798
v -0.14720848 0.55646360 0.25624798
v -0.12767848 0.55646360 0.25624798
v -0.12767848 0.55645358 0.25627799
v -0.12376849 -0.54508639 0.27583800
v -0.15572198 -0.40356907 -0.45841997
v -0.11986848 -0.42392639 -0.43903201
v -0.11595848 -0.42391640 -0.43903201
v -0.12702847 -0.53727639 0.29142798
v -0.10032848 -0.35367638 0.49843798
v -0.10423848 -0.35364640 0.49846799
v -0.10032848 -0.35364640 0.49846799
v -0.03494823 -0.56036311 -0.24253691
v -0.12112505 -0.54793400 0.26986161
v -0.11595848 -0.44742638 -0.41559201
v -0.11594820 -0.44381617 -0.41949236
v -0.13939848 -0.53729642 0.29142798
v -0.14329849 -0.53727639 0.29148800
v -0.13939848 -0.53727639 0.29147799
v -0.15131069 -0.54112047 -0.28350433
v -0.13157848 -0.35361639 -0.49762201
v -0.13548847 -0.53727639 0.29146800
v -0.12031465 -0.54090459 -0.28384697
v -0.13548847 -0.44742638 -0.41561200
v -0.13548847 -0.44744638 -0.41559201
v -0.11595848 -0.42789638 -0.43525200
v -0.11986848 -0.42804641 -0.43512201
v -0.11595848 -0.42803640 -0.43512201
v -0.11986848 -0.42789638 -0.43526202
v -0.13548847 -0.53729642 0.29142798
v -0.13157848 -0.53727639 0.29144798
v -0.12767848 -0.35367638 0.49843798
v -0.13157848 -0.35364640 0.49846799
v -0.12767848 -0.35364640 0.49846799
v -0.14720848 -0.44744638 -0.41559201
v -0.10817946 -0.40387356 0.45890321
v -0.14720848 -0.36919639 -0.48590200
v -0.11204848 -0.42802638 -0.43512201
v -0.10814848 -0.42801640 -0.43512201
v -0.09251848 -0.36919639 -0.48590200
v -0.08861848 -0.36919639 -0.48590200
v -0.11204848 -0.36919639 -0.48590200
v -0.10814848 -0.36919639 -0.48590200
v -0.13157848 -0.36927641 0.48674799
v -0.12767848 -0.36930639 0.48672799
v -0.13157848 -0.36930639 0.48672799
v -0.11204848 -0.27946639 0.54537798
v -0.11595848 -0.27946639 0.54537798
v -0.11204848 -0.26383639 0.55310798
v -0.13157848 -0.44742638 -0.41561200
v -0.13157848 -0.44744638 -0.41559201
v -0.12767848 -0.44744638 -0.41559201
v -0.12376849 -0.44744638 -0.41559201
v -0.12767848 -0.44742638 -0.41561200
v -0.14720848 -0.44747639 0.41642798
v -0.14431304 -0.44724136 0.41672334
v -0.17315113 -0.43965063 -0.42415905
v -0.10814848 -0.36930639 -0.48582201
v -0.12767848 -0.42394638 -0.43903201
v -0.12376849 -0.42393640 -0.43903201
v -0.14329849 -0.44747639 0.41642798
v -0.12718155 -0.53727634 0.29142947
v -0.14329849 -0.35367638 0.49843798
v -0.14720848 -0.35364640 0.49846799
v -0.14876420 -0.52899012 -0.30495607
v -0.11204848 -0.44741640 -0.41559201
v -0.11569848 -0.44742638 -0.41559201
v -0.11204848 -0.44742638 -0.41558202
v -0.13548847 -0.36930639 0.48672799
v -0.09642848 -0.44742638 -0.41554200
v -0.13939848 -0.45524639 -0.40684202
v -0.06907848 -0.26383639 0.55310798
v -0.07298848 -0.26374638 0.55314798
v -0.06907848 -0.26374638 0.55314798
v -0.10814848 -0.44741640 -0.41559201
v -0.10814848 -0.44742638 -0.41557201
v -0.11204848 -0.36930639 0.48672799
v -0.10814848 -0.36930639 0.48672799
v -0.10423848 -0.44740638 -0.41559201
v -0.13939848 -0.27952639 0.54533798
v -0.14329849 -0.27952639 0.54533798
v -0.12767848 -0.44747639 0.41642798
v -0.13157848 -0.35367638 0.49843798
v -0.13548847 -0.35364640 0.49846799
v -0.14329849 -0.44742638 -0.41561200
v -0.14720848 -0.44742638 -0.41561200
v -0.10032848 -0.36919639 -0.48590200
v -0.10032848 -0.36930639 -0.48582201
v -0.09642848 -0.36930639 -0.48582201
v -0.14720848 -0.26383639 0.55310798
v -0.12376849 -0.35367638 -0.49757200
v -0.11986848 -0.36149639 -0.49170201
v -0.12376849 -0.35361639 -0.49762201
v -0.13157848 -0.44742638 0.41647799
v -0.13548847 -0.44742638 0.41647799
v -0.11595848 -0.36930639 0.48672799
v -0.11986848 -0.36930639 0.48672799
v -0.11986848 -0.36927641 0.48674799
v -0.04954848 -0.21687639 -0.57184201
v -0.04564848 -0.21696639 -0.57181203
v -0.04564848 -0.21687639 -0.57184201
v -0.14329849 -0.35364640 0.49846799
v -0.12376849 -0.53726638 0.29142798
v -0.12376849 -0.53727639 0.29141799
v -0.11595848 -0.36927641 0.48674799
v -0.11986848 -0.35364640 0.49846799
v -0.12376849 -0.35364640 0.49846799
v -0.08861848 -0.26383639 0.55310798
v -0.09056848 -0.27308140 0.54882299
v -0.09251848 -0.26383639 0.55310798
v -0.19629049 -0.54478055 -0.27617514
v -0.10032848 -0.35361639 -0.49762201
v -0.09642848 -0.35367638 -0.49757200
v -0.09642848 -0.35361639 -0.49762201
v -0.16933760 -0.40374108 0.45936573
v -0.12767848 -0.44742638 0.41647799
v -0.12376849 -0.44742638 -0.41561200
v -0.11986848 -0.44742638 -0.41560202
v -0.12767848 -0.35367638 -0.49757200
v -0.14329849 -0.35361639 -0.49762201
v -0.11986848 -0.53725642 0.29142798
v -0.11986848 -0.53727639 0.29140798
v -0.12376849 -0.44747639 0.41642798
v -0.09986086 -0.43872144 -0.42489779
v -0.11595848 -0.26383639 0.55310798
v -0.11986848 -0.26374638 0.55314798
v -0.11595848 -0.26374638 0.55314798
v -0.11366904 -0.32904842 -0.51501646
v -0.12767848 -0.36927641 0.48674799
v -0.10082098 -0.35985265 0.49381924
v -0.09875810 -0.39165973 -0.46807888
v -0.14329849 -0.27946639 -0.54452204
v -0.12376849 -0.35367638 0.49843798
v -0.12377348 -0.35886640 0.49455798
v -0.13939848 -0.27950639 -0.54449200
v -0.11986848 -0.35367638 0.49843798
v -0.08079848 -0.35361639 -0.49762201
v -0.07689848 -0.35361639 -0.49762201
v -0.13390223 -0.27294015 0.54889424
v -0.11587357 -0.43180664 -0.43154153
v -0.11986848 -0.27946639 0.54537798
v -0.12376849 -0.27946639 0.54537798
v -0.13157848 -0.42395640 -0.43903201
v -0.14597283 -0.46385751 0.39831679
v -0.13548847 -0.36927641 0.48674799
v -0.13939848 -0.35361639 -0.49762201
v -0.11595848 -0.53724641 0.29142798
v -0.14720848 -0.26374638 0.55314798
v -0.14329849 -0.26374638 0.55314798
v -0.14329849 -0.27950639 -0.54449200
v 0.21997151 -0.35361639 -0.49762201
v -0.11204848 -0.54508639 0.27578799
v -0.11595848 -0.54694641 0.27189798
v -0.11595848 -0.54508639 0.27579800
v -0.14720848 -0.27952639 0.54533798
v -0.13548847 -0.44747639 0.41642798
v -0.12845665 -0.44065168 -0.42298201
v -0.12376849 -0.42399639 -0.43897202
v -0.08079848 -0.21696639 -0.57181203
v -0.07689848 -0.21696639 -0.57181203
v -0.08079848 -0.21687639 -0.57184201
v -0.14392252 -0.42587162 -0.43719459
v -0.12767848 -0.42399639 -0.43898200
v -0.08236771 -0.46966757 -0.39068308
v -0.10423848 -0.33024639 -0.92027198
v -0.09447600 -0.43870245 0.42585542
v -0.09642848 -0.21687639 -0.57184201
v -0.12767848 -0.27946639 -0.54452204
v -0.12767848 -0.27950639 -0.54449200
v -0.13157848 -0.27946639 0.54537798
v -0.13157848 -0.35367638 -0.49757200
v -0.10814848 -0.27952639 0.54533798
v -0.11986848 -0.35361639 -0.49762201
v -0.13939848 -0.26374638 0.55314798
v -0.13939848 -0.35367638 -0.49757200
v -0.13548847 -0.35367638 -0.49757200
v -0.11986848 -0.44743640 -0.41559201
v -0.11986848 -0.42399639 -0.43896200
v -0.13548847 -0.27950639 -0.54449200
v -0.11986848 -0.35367638 -0.49757200
v -0.14720848 -0.27946639 -0.54452204
v -0.11204848 -0.42399639 -0.43894201
v -0.09642848 -0.36919639 -0.48590200
v -0.10613257 -0.21693234 -0.57182336
v -0.10423848 -0.21696639 -0.57181203
v -0.10423848 -0.21687639 -0.57184201
v -0.13548847 -0.27952639 0.54533798
v -0.14329830 -0.37957271 -0.47805161
v -0.12767848 -0.26383639 0.55310798
v -0.10032848 -0.21696639 -0.57181203
v -0.14720848 -0.27950639 -0.54449200
v -0.12376849 -0.36930639 0.48672799
v -0.13157848 -0.27952639 0.54533798
v -0.09863270 -0.18528306 -0.58301354
v -0.14329849 -0.35367638 -0.49757200
v -0.11204848 -0.35361639 -0.49762201
v -0.10814848 -0.35361639 -0.49762201
v -0.12376849 -0.36927641 0.48674799
v -0.10032848 -0.28727639 0.54102797
v -0.09954576 -0.29266422 0.53802782
v -0.06907848 -0.36927641 0.48674799
v -0.07298848 -0.36927641 0.48674799
v -0.07250098 -0.36051014 0.49332674
v -0.06907848 -0.36930639 0.48672799
v -0.10423848 -0.27946639 0.54537798
v -0.11986848 -0.27952639 0.54533798
v -0.12376849 -0.27950639 -0.54449200
v -0.10423848 -0.36919639 -0.48590200
v -0.08361479 -0.23545183 -0.56519837
v -0.10151912 -0.30829515 -0.52836528
v -0.10423848 -0.32226640 -0.92340200
v -0.10423848 -0.32242638 -0.92333203
v -0.12376849 -0.27946639 -0.54452204
v -0.09642848 -0.21696639 -0.57181203
v -0.10032848 -0.21687639 -0.57184201
v -0.11986848 -0.27946639 -0.54452204
v -0.10301848 -0.27555639 -0.54670202
v -0.08861848 -0.26374638 0.55314798
v -0.09251848 -0.26374638 0.55314798
v -0.10032848 -0.27946639 -0.54452204
v -0.10342684 0.19214151 0.58289776
v -0.14329849 0.11896360 0.59999801
v -0.14916348 0.11896360 0.59999801
v -0.14720848 0.13068361 0.59743799
v -0.14720848 0.11886361 0.60002799
v -0.10713100 -0.32196767 -0.92337779
v -0.10423848 -0.32633639 -0.92180204
v -0.12376849 0.11896360 0.59999801
v -0.12767848 0.11896360 0.59999801
v -0.12376849 0.11885360 0.60002799
v -0.13548847 0.13068361 0.59743799
v 0.18091152 0.15408361 0.59221799
v -0.13939848 0.15408361 0.59221799
v -0.11986848 0.36506360 0.49058799
v -0.11986848 0.36497360 0.49064798
v -0.12376849 0.36506360 0.49058799
v -0.14329849 0.15408361 0.59221799
v -0.14329849 0.15412360 0.59219796
v 0.18359849 -0.14963022 0.09916381
v 0.21606152 -0.35367638 -0.49757200
v 0.21606152 -0.35361639 -0.49762201
v 0.21216152 -0.35361639 -0.49762201
v -0.13939848 0.15412360 0.59219796
v -0.15555543 0.19037277 0.58338785
v -0.13939853 0.11869532 0.60006879
v -0.11986848 0.11885360 0.60002799
v -0.12767848 0.11885360 0.60002799
v -0.14281348 0.15021361 0.59314800
v -0.09242203 0.14984772 0.59323427
v -0.13157848 0.11896360 0.59999801
v -0.14720848 0.15412360 0.59219796
v -0.13157848 0.36497360 0.49064798
v -0.12767848 0.36497360 0.49064798
v -0.13157848 0.36506360 0.49058799
v -0.09642848 0.15408361 0.59221799
v -0.10032848 0.15408361 0.59221799
v -0.12767848 0.15412360 0.59219796
v -0.11595848 0.11883361 0.60002799
v -0.11204848 0.11896360 0.59998799
v -0.11595848 0.11896360 0.59999801
v -0.13661193 0.58386768 0.78220123
v -0.09251848 0.15408361 0.59221799
v -0.10032848 0.15412360 0.59219796
v -0.14329849 0.55645358 0.25627799
v -0.14329849 0.55646360 0.25624798
v -0.13939848 0.55645358 0.25627799
v -0.11529737 0.13644424 0.59618584
v -0.10995926 0.11883265 0.60001732
v -0.14720848 0.36506360 0.49058799
v -0.12376849 0.58795362 0.77971799
v -0.12767848 0.58769363 0.77971799
v -0.12767848 0.36506360 0.49058799
v -0.12376849 0.36497360 0.49064798
v -0.13548847 0.36497360 0.49064798
v -0.26013653 0.61644716 0.00910142
v -0.12748489 0.49629459 -0.35863101
v -0.13548847 0.36506360 0.49058799
v -0.15825905 0.35376608 0.49855549
v -0.10814848 0.36497360 0.49064798
v -0.10423848 0.36497360 0.49064798
v -0.10814848 0.36506360 0.49058799
v -0.13548847 0.52131360 0.32272799
v -0.12710794 0.49520441 0.36080621
v -0.18853657 0.47180565 0.85631519
v -0.15799088 0.59927941 0.12385640
v -0.15111848 0.52129358 -0.32184201
v -0.14720848 0.52129358 -0.32184201
v -0.13548847 0.52131360 -0.32182201
v -0.13548847 0.52129358 -0.32184201
v -0.13157848 0.52129358 -0.32184201
v -0.13939848 0.52134359 0.32267798
v -0.10513806 0.54464552 -0.28096725
v -0.12767848 0.52131360 -0.32182201
v -0.12376849 0.52129358 -0.32184201
v -0.12376849 0.52131360 -0.32182201
v -0.12264882 0.54600451 0.27889454
v -0.13157848 0.52131360 -0.32182201
v -0.12767848 0.52134359 0.32267798
v -0.12376849 0.52131360 0.32272799
v -0.11986848 0.52134359 0.32267798
v -0.13939848 0.52131360 -0.32182201
v -0.12735847 0.58771360 0.77971799
v -0.12763116 0.58769886 0.77971923
v -0.11986848 0.55646360 0.25624798
v -0.11986848 0.55645358 0.25627799
v -0.12767848 0.52129358 -0.32184201
v -0.13939848 0.52131360 0.32272799
v -0.11986848 0.52131360 0.32272799
v -0.12376849 0.52134359 0.32267798
v -0.11595848 0.55645358 0.25627799
v -0.11986848 0.52131360 -0.32182201
v -0.11595848 0.52131360 -0.32182201
v -0.12376849 0.55645358 0.25627799
v -0.13939848 0.55646360 0.25624798
v -0.13548847 0.55645358 0.25627799
v -0.13157848 0.55646360 0.25624798
v -0.12767813 0.59191095 0.77637259
v -0.13548847 0.55646360 0.25624798
v -0.13157848 0.55645358 0.25627799
v -0.10814848 0.55645358 0.25627799
v -0.10814848 0.55646360 0.25624798
v -0.10423848 0.55645358 0.25627799
v -0.08861848 -0.44012639 -0.42340200
v -0.12252736 0.58699178 0.78055991
v -0.11595848 0.36506360 0.49058799
v -0.11204848 0.36506360 0.49058799
v -0.11204848 0.36497360 0.49064798
v -0.10423848 0.36506360 0.49058799
v -0.11595848 0.36497360 0.49064798
v -0.06803379 0.39973780 0.46465926
v -0.10032848 0.36497360 0.49064798
v -0.09642848 0.36497360 0.49064798
v -0.06902935 0.72053426 -0.66558713
v -0.09236139 0.74028632 -0.64271730
v -0.07298848 0.72029358 -0.66559201
v -0.10493706 0.74418799 0.63523317
v -0.13449503 0.78399630 -0.58687600
v -0.17901530 0.49542701 0.36051968
v -0.11204848 0.52131360 -0.32182201
v -0.10814848 0.52129358 -0.32184201
v -0.10814848 0.52131360 -0.32182201
v -0.10814848 0.74787360 0.63109798
v -0.11371509 0.75009118 0.62837884
v -0.08975849 0.48487534 -0.37433765
v -0.11986848 0.52129358 -0.32184201
v -0.11595848 0.52129358 -0.32184201
v -0.10032848 0.79869359 -0.56793200
v -0.10814848 0.52131360 0.32272799
v -0.10814848 0.52134359 0.32267798
v -0.23125210 0.83649840 -0.49546134
v -0.12099115 0.52384401 -0.31793135
v -0.11901561 0.52478602 0.31710000
v -0.10814848 -0.42789638 -0.43523201
v -0.10423848 -0.42789638 -0.43522202
v -0.11204848 0.52129358 -0.32184201
v -0.11595848 0.52131360 0.32272799
v -0.15155964 0.87353312 -0.43924198
v -0.13156405 0.86896310 -0.45057667
v -0.06517848 0.55646360 0.25624798
v -0.01443973 0.91555484 -0.36574900
v -0.10032848 0.55646360 0.25624798
v -0.09642848 0.55646360 0.25624798
v -0.09642848 0.55645358 0.25627799
v -0.04324051 0.98585103 0.02372282
v -0.15815754 -0.21505903 0.57413202
v -0.10814848 -0.26383639 0.55310798
v -0.11204848 -0.26374638 0.55314798
v 0.31566038 0.37653371 0.07143136
v -0.10525191 -0.42351992 -0.43939249
v -0.10154874 -0.42325997 -0.43961712
v -0.10032848 -0.42789638 -0.43521201
v -0.09642848 -0.42797640 -0.43512201
v -0.09251848 -0.42796639 -0.43512201
v -0.11204848 -0.54507637 0.27580798
v -0.07689848 -0.26383639 0.55310798
v -0.06958056 -0.44048877 -0.42299165
v -0.09642848 -0.37415639 -0.48199200
v -0.08861848 -0.36930639 -0.48582201
v -0.09251848 -0.36930639 -0.48582201
v -0.07428291 -0.53325757 -0.29811730
v -0.11595848 -0.54508639 0.27580798
v -0.07689848 -0.27946639 -0.54452204
v -0.07298848 -0.27946639 -0.54452204
v -0.11595848 -0.27946639 -0.54452204
v -0.11595848 -0.27950639 -0.54449200
v -0.09251848 -0.42789638 -0.43519201
v -0.08861848 -0.42789638 -0.43518200
v -0.11595848 -0.35361639 -0.49762201
v -0.11204848 -0.35367638 -0.49757200
v -0.08861848 -0.44736639 -0.41559201
v -0.09642848 -0.42789638 -0.43520202
v -0.10383796 -0.36299708 -0.49057114
v -0.02623875 -0.42748034 -0.43543248
v -0.02611848 -0.42779640 -0.43512201
v -0.10423848 -0.44742638 -0.41556200
v -0.11116794 -0.44364729 -0.41966484
v -0.11204848 -0.27952639 0.54533798
v -0.11204848 -0.42789638 -0.43524202
v -0.08470848 -0.44373641 -0.41949200
v -0.08470848 -0.36930639 0.48672799
v -0.08861848 -0.36930639 0.48672799
v -0.08861848 -0.36927641 0.48674799
v -0.10423848 -0.36930639 -0.48582201
v -0.11498098 -0.36930639 -0.48582201
v -0.10814848 -0.35367638 -0.49757200
v -0.10423848 -0.35367638 -0.49757200
v -0.04565357 -0.55983306 0.24480552
v -0.05736848 -0.36930639 -0.48582201
v -0.06126848 -0.36919639 -0.48590200
v -0.05142385 -0.37675829 -0.47992498
v -0.04173848 -0.27950639 -0.54449200
v -0.07689848 -0.36919639 -0.48590200
v -0.08079848 -0.36919639 -0.48590200
v -0.07689848 -0.36930639 -0.48582201
v -0.10032848 -0.44742638 -0.41555201
v -0.07689848 -0.36927641 0.48674799
v -0.07298848 -0.36930639 0.48672799
v -0.07689848 -0.36930639 0.48672799
v -0.11204848 -0.27950639 -0.54449200
v -0.08861848 -0.42795641 -0.43512201
v -0.09251848 -0.35361639 -0.49762201
v -0.08861848 -0.35367638 -0.49757200
v -0.08861848 -0.35361639 -0.49762201
v -0.10814848 -0.35364640 0.49846799
v -0.11204848 -0.35364640 0.49846799
v -0.07298848 -0.35367638 0.49843798
v -0.07689848 -0.35367638 0.49843798
v -0.07689848 -0.35364640 0.49846799
v -0.10423848 -0.35361639 -0.49762201
v -0.11251376 -0.46828370 -0.39221111
v -0.09251848 -0.35367638 -0.49757200
v -0.10032848 -0.35367638 -0.49757200
v -0.09642848 -0.35364640 0.49846799
v -0.10423848 -0.42800638 -0.43512201
v -0.10814848 -0.27946639 -0.54452204
v -0.11595848 -0.35367638 0.49843798
v -0.11204848 -0.35367638 0.49843798
v -0.11595848 -0.35364640 0.49846799
v -0.08861848 -0.27946639 -0.54452204
v -0.09251848 -0.27946639 -0.54452204
v -0.08861848 -0.27950639 -0.54449200
v -0.10032848 -0.44739640 -0.41559201
v -0.11595848 -0.45524639 -0.40684202
v -0.11595848 -0.42399639 -0.43895202
v -0.07298848 -0.37415639 -0.48199200
v -0.08470848 -0.37415639 -0.48199200
v -0.10423848 -0.36927641 0.48674799
v -0.10814848 -0.36927641 0.48674799
v -0.10423848 -0.36930639 0.48672799
v -0.10032848 -0.26383639 0.55310798
v -0.10423848 -0.26374638 0.55314798
v -0.10032848 -0.26374638 0.55314798
v -0.11204848 -0.27946639 -0.54452204
v -0.09251848 -0.36930639 0.48672799
v -0.11595848 -0.35758639 -0.49464201
v -0.09642848 -0.44738639 -0.41559201
v -0.07298848 -0.44742638 -0.41547202
v -0.07689848 -0.44742638 -0.41548201
v -0.08470848 -0.27946639 -0.54452204
v -0.08079848 -0.27946639 -0.54452204
v -0.17808000 -0.43372582 0.43082315
v -0.09251848 -0.27946639 0.54537798
v -0.09251848 -0.27952639 0.54533798
v -0.08470848 -0.28654638 0.54142798
v -0.08861848 -0.27952639 0.54533798
v -0.06907848 -0.43202639 -0.43121200
v -0.10814848 -0.26374638 0.55314798
v -0.09642848 -0.26383639 0.55310798
v -0.09642848 -0.26374638 0.55314798
v -0.10814848 -0.27946639 0.54537798
v -0.08079848 -0.35364640 0.49846799
v -0.08470848 -0.35364640 0.49846799
v -0.10032848 -0.42798639 -0.43512201
v -0.10423848 -0.26383639 0.55310798
v -0.08079848 -0.26383639 0.55310798
v -0.10814848 -0.27950639 -0.54449200
v -0.09642848 -0.27946639 0.54537798
v -0.09251848 -0.36927641 0.48674799
v -0.08470848 -0.42789638 -0.43517201
v -0.08470848 -0.42794639 -0.43512201
v -0.13620699 -0.40304631 -0.45882128
v -0.08861848 -0.21696639 -0.57181203
v -0.09251848 -0.21696639 -0.57181203
v -0.10423848 -0.35367638 0.49843798
v -0.09642848 -0.35367638 0.49843798
v -0.07549326 -0.28767297 -0.93845248
v -0.10423848 -0.27952639 0.54533798
v -0.07298848 -0.27950639 -0.54449200
v -0.06907848 -0.27950639 -0.54449200
v -0.11595848 -0.35367638 -0.49757200
v -0.09270348 -0.34410389 -0.50473137
v -0.11986848 -0.27950639 -0.54449200
v -0.03164909 -0.34120874 -0.91942013
v -0.08470848 -0.35367638 0.49843798
v -0.10814848 -0.35367638 0.49843798
v -0.09853800 -0.23660517 0.56555254
v -0.08470848 -0.35361639 -0.49762201
v -0.09251848 -0.21687639 -0.57184201
v -0.09642848 -0.27946639 -0.54452204
v -0.09251848 -0.27950639 -0.54449200
v -0.09251848 -0.35367638 0.49843798
v -0.09251848 -0.35364640 0.49846799
v -0.11204848 -0.36927641 0.48674799
v -0.07689848 -0.21687639 -0.57184201
v -0.08861848 -0.35364640 0.49846799
v -0.08861848 -0.35367638 0.49843798
v -0.08470848 -0.35367638 -0.49757200
v -0.10032848 -0.36930639 0.48672799
v -0.09642848 -0.36930639 0.48672799
v -0.10032848 -0.36927641 0.48674799
v -0.09642848 -0.36927641 0.48674799
v -0.10032848 -0.27946639 0.54537798
v -0.05736848 -0.27946639 0.54537798
v -0.06126848 -0.27946639 0.54537798
v -0.08470848 -0.21687639 -0.57184201
v -0.11595848 -0.27952639 0.54533798
v -0.08079848 -0.27950639 -0.54449200
v -0.07689848 -0.27950639 -0.54449200
v -0.10032848 -0.27952639 0.54533798
v -0.06126848 -0.21696639 -0.57181203
v -0.05736848 -0.21696639 -0.57181203
v -0.06126848 -0.21687639 -0.57184201
v -0.09642848 -0.27952639 0.54533798
v -0.07298848 -0.35361639 -0.49762201
v -0.06907848 -0.35361639 -0.49762201
v -0.20970885 -0.23877854 -0.56391906
v -0.06898660 -0.36912276 -0.48596290
v -0.05295511 -0.29838682 -0.53392736
v -0.06517848 -0.21696639 -0.57181203
v -0.06517848 -0.21687639 -0.57184201
v -0.08861848 -0.27946639 0.54537798
v -0.06163660 -0.27314640 0.54878799
v -0.20335244 0.40097283 -0.89086814
v -0.08861848 -0.21687639 -0.57184201
v -0.07298848 -0.21696639 -0.57181203
v -0.08470848 -0.26383639 0.55310798
v -0.08470848 -0.26374638 0.55314798
v -0.04954848 -0.21696639 -0.57181203
v -0.05345848 -0.21696639 -0.57181203
v -0.03001848 -0.27946639 0.54537798
v -0.06907848 -0.36930639 -0.48582201
v -0.07298848 -0.21687639 -0.57184201
v -0.03001848 0.15408361 0.59221799
v -0.02611848 0.15408361 0.59221799
v -0.08861848 0.15408361 0.59221799
v -0.11986848 0.11896360 0.59999801
v -0.11595848 0.15412360 0.59219796
v -0.12354506 0.31239246 0.52596430
v -0.10814848 0.15412360 0.59219796
v -0.10423848 0.15408361 0.59221799
v -0.10814848 0.15408361 0.59221799
v -0.00657848 -0.54117638 0.28351799
v -0.01048848 -0.54117638 0.28353799
v -0.00657848 -0.54113639 0.28361798
v -0.10423848 0.15412360 0.59219796
v -0.03369303 0.31318947 -0.52430286
v -0.11204848 0.15412360 0.59219796
v -0.11204848 0.15408361 0.59221799
v -0.08861848 0.52131360 -0.32182201
v -0.08470848 0.52131360 -0.32182201
v -0.06907848 0.52131360 0.32272799
v -0.07298848 0.52134359 0.32267798
v -0.06907848 0.52134359 0.32267798
v -0.06058529 0.29822141 0.53357890
v -0.06517848 0.15408361 0.59221799
v -0.09642848 0.15412360 0.59219796
v -0.13966833 0.10298208 0.60310985
v -0.09251848 0.15412360 0.59219796
v -0.05830291 0.19056175 0.58333857
v -0.08861848 0.15412360 0.59219796
v -0.06517848 0.15412360 0.59219796
v -0.06907848 0.15412360 0.59219796
v -0.07094011 0.31003153 -0.52624895
v -0.07298848 0.29088360 -0.53668200
v -0.06126848 0.15408361 0.59221799
v -0.09251848 0.36497360 0.49064798
v -0.08861848 0.36497360 0.49064798
v -0.09251848 0.36506360 0.49058799
v -0.09642848 0.52129358 -0.32184201
v -0.09251848 0.52129358 -0.32184201
v -0.09642848 0.52131360 -0.32182201
v -0.08079848 0.36506360 0.49058799
v -0.07689848 0.36506360 0.49058799
v -0.11255331 0.74139077 0.63784104
v -0.09642848 0.52134359 0.32267798
v 0.18651164 0.20946884 0.17031311
v -0.10032848 0.36506360 0.49058799
v -0.09642848 0.36506360 0.49058799
v -0.07689848 0.15408361 0.59221799
v -0.07298848 0.15408361 0.59221799
v -0.08861848 0.36506360 0.49058799
v -0.10814848 0.74396360 0.63529796
v -0.10814848 0.74770361 0.63127799
v -0.11204848 0.55646360 0.25624798
v -0.11064148 0.26675300 -0.54981125
v -0.08079848 0.52131360 -0.32182201
v -0.09642848 0.86506360 -0.46191200
v -0.11595848 0.55646360 0.25624798
v -0.11204848 0.55645358 0.25627799
v -0.10032848 0.52129358 -0.32184201
v -0.10032848 0.52131360 -0.32182201
v -0.08079848 0.29084360 -0.53672200
v -0.09251848 0.55645358 0.25627799
v -0.09251848 0.55646360 0.25624798
v -0.08861848 0.55645358 0.25627799
v -0.07298848 0.55646360 0.25624798
v -0.10153537 0.80386076 -0.56027697
v -0.10423848 0.52131360 -0.32182201
v -0.09251848 0.52131360 0.32272799
v -0.09251848 0.52134359 0.32267798
v -0.08861848 0.52131360 0.32272799
v -0.10423848 0.55646360 0.25624798
v -0.07135103 0.72429449 -0.66137558
v -0.10032848 0.52131360 0.32272799
v -0.10423848 0.52134359 0.32267798
v -0.10032848 0.52134359 0.32267798
v -0.10495329 0.32906662 0.51559027
v -0.10423848 0.52131360 0.32272799
v -0.06907848 0.55646360 0.25624798
v -0.06517848 0.55645358 0.25627799
v -0.10423848 0.52129358 -0.32184201
v -0.09251848 0.52131360 -0.32182201
v -0.09642848 0.52131360 0.32272799
v -0.08861848 0.55646360 0.25624798
v -0.10032848 0.55645358 0.25627799
v -0.08861848 0.52134359 0.32267798
v -0.05860120 0.52402941 0.31841148
v -0.07689848 0.52134359 0.32267798
v -0.07298848 0.52131360 -0.32182201
v -0.07298848 0.52129358 -0.32184201
v -0.06907848 0.52129358 -0.32184201
v -0.02611848 0.55645358 0.25627799
v -0.02220848 0.55645358 0.25627799
v -0.09642848 0.79888361 -0.56793200
v -0.09275088 0.55625304 -0.25581369
v -0.06517848 0.52129358 -0.32184201
v -0.06126848 0.52129358 -0.32184201
v -0.06517848 0.52131360 -0.32182201
v -0.11086106 -0.53934163 0.28776827
v 0.18376686 -0.07574511 0.26765271
v -0.08470848 0.52131360 0.32272799
v -0.08470848 0.36497360 0.49064798
v -0.08470848 0.36506360 0.49058799
v -0.01536200 0.98279062 -0.05692793
v 0.18260152 0.09162361 0.60392798
v -0.10814848 0.74407363 0.63517798
v -0.06126848 0.29084360 0.53759796
v -0.05736848 0.28380361 0.54142798
v -0.11540061 0.61209515 0.76080120
v -0.10478596 0.74788488 0.63127611
v -0.06907848 0.71690362 -0.66949200
v -0.06901924 0.72052979 -0.66558779
v -0.10080268 0.79864919 -0.56797329
v -0.02987692 0.57376133 0.21348638
v -0.07807465 0.85446999 -0.48564907
v -0.09485573 0.79889003 -0.56802849
v -0.10046695 0.47634186 0.38695381
v -0.05736848 0.52131360 0.32272799
v -0.06126848 0.52134359 0.32267798
v -0.05736848 0.52134359 0.32267798
v -0.08470848 0.52134359 0.32267798
v -0.09251848 0.86506360 -0.46226200
v -0.09032848 0.86506360 -0.46246200
v -0.08861848 0.86506360 -0.46262201
v -0.04173848 0.55646360 -0.25534200
v -0.04564848 0.55646360 -0.25534200
v -0.05736848 0.52131360 -0.32182201
v -0.05345848 0.52129358 -0.32184201
v -0.05345848 0.52131360 -0.32182201
v -0.08079848 0.52134359 0.32267798
v -0.08079848 0.52131360 0.32272799
v -0.04173848 0.55645358 0.25627799
v -0.04173848 0.55646360 0.25624798
v -0.03782848 0.55645358 0.25627799
v -0.08079848 0.55646360 -0.25534200
v -0.07689848 0.55646360 -0.25534200
v -0.07298848 0.55646360 -0.25534200
v -0.06126848 0.55646360 0.25624798
v -0.06126848 0.55645358 0.25627799
v -0.07689848 0.52129358 -0.32184201
v -0.07689848 0.52131360 -0.32182201
v -0.06907848 0.52131360 -0.32182201
v -0.06126848 0.55642360 -0.25543200
v -0.06068315 0.54571092 -0.27860108
v -0.07298848 0.55642360 -0.25543200
v -0.08861848 0.55646360 -0.25534200
v -0.08470848 0.55645358 0.25627799
v -0.06322348 0.56007361 0.24846799
v -0.08079848 -0.35367638 0.49843798
v -0.07249493 -0.43614738 -0.42730990
v -0.08470848 -0.27952639 0.54533798
v -0.08470848 -0.27946639 0.54537798
v -0.05736848 -0.36919639 -0.48590200
v -0.08470848 -0.27950639 -0.54449200
v -0.05345848 -0.42786640 -0.43512201
v -0.04954848 -0.42789638 -0.43508201
v -0.04954848 -0.42785639 -0.43512201
v -0.05357232 -0.42789633 -0.43509235
v -0.06517848 -0.26383639 0.55310798
v -0.07224521 -0.82605599 -0.52380268
v -0.08470848 -0.44742638 -0.41550200
v -0.08079848 -0.44742638 -0.41549202
v -0.08470848 -0.44735641 -0.41559201
v -0.06517848 -0.44742638 -0.41545200
v -0.06517848 -0.44730640 -0.41559201
v -0.06907848 -0.44731638 -0.41559201
v -0.01048848 -0.26383639 0.55310798
v -0.01439848 -0.26383639 0.55310798
v -0.01439848 -0.26374638 0.55314798
v -0.08079848 -0.44734639 -0.41559201
v -0.02015590 -0.54616875 -0.27227490
v -0.07298848 -0.44732640 -0.41559201
v -0.07689848 -0.44733638 -0.41559201
v -0.06517848 -0.36919639 -0.48590200
v -0.06126848 -0.36930639 -0.48582201
v -0.07298848 -0.36919639 -0.48590200
v -0.07727687 -0.36266103 -0.49082502
v -0.07544329 -0.39120896 0.46938563
v -0.06517848 -0.27946639 0.54537798
v -0.06907848 -0.27946639 0.54537798
v -0.06126848 -0.37906638 -0.47809201
v -0.06517848 -0.36930639 -0.48582201
v -0.00615668 -0.79090917 -0.58026857
v -0.06112704 -0.42789292 -0.43511513
v -0.07298848 -0.35367638 -0.49757200
v -0.08079848 0.15412360 0.59219796
v -0.08470848 0.15412360 0.59219796
v -0.08079848 0.15408361 0.59221799
v -0.08470848 -0.36919639 -0.48590200
v -0.08470848 -0.36930639 -0.48582201
v -0.06517848 -0.42399639 -0.43883201
v -0.06517848 -0.35367638 0.49843798
v -0.06126848 -0.35367638 0.49843798
v -0.06517848 -0.35364640 0.49846799
v -0.08079848 -0.42793641 -0.43512201
v -0.07298848 -0.36930639 -0.48582201
v -0.06517848 -0.42789638 -0.43512201
v -0.06907848 -0.42789638 -0.43513202
v -0.06907848 -0.42790640 -0.43512201
v -0.06535848 -0.42789638 -0.43512201
v -0.06159273 -0.40376519 -0.45799430
v -0.07960898 -0.42382970 -0.43902631
v -0.06517848 -0.35367638 -0.49757200
v -0.06517848 -0.35361639 -0.49762201
v -0.07298848 -0.27946639 0.54537798
v -0.03429254 -0.34205663 0.50713187
v -0.06907848 -0.27946639 -0.54452204
v -0.06517848 -0.27950639 -0.54449200
v 0.29032151 -0.92399639 0.02580799
v 0.20044152 -0.08805640 0.19763798
v -0.04954848 -0.35361639 -0.49762201
v -0.04564848 -0.35367638 -0.49757200
v -0.04564848 -0.35361639 -0.49762201
v -0.08470848 -0.21696639 -0.57181203
v -0.08079848 -0.27952639 0.54533798
v -0.06126848 -0.35361639 -0.49762201
v -0.05736848 -0.35367638 -0.49757200
v -0.05736848 -0.35361639 -0.49762201
v -0.07689848 -0.42792639 -0.43512201
v -0.06517848 -0.26374638 0.55314798
v -0.06517848 -0.27946639 -0.54452204
v -0.04503661 -0.23483151 0.56631504
v -0.06126848 -0.27950639 -0.54449200
v -0.06126848 -0.26383639 0.55310798
v -0.07298848 -0.35364640 0.49846799
v -0.08079848 -0.36930639 0.48672799
v -0.08470848 -0.36927641 0.48674799
v -0.08079848 -0.35367638 -0.49757200
v -0.05345848 -0.21687639 -0.57184201
v -0.03160983 -0.37822857 -0.47876471
v -0.03782848 -0.38102639 -0.47653200
v -0.03782848 -0.38397640 -0.47418200
v -0.07689848 -0.42789638 -0.43515202
v -0.07298848 -0.42791638 -0.43512201
v -0.07298848 -0.42789638 -0.43514200
v -0.06907848 -0.44742638 -0.41546201
v -0.06907848 -0.35364640 0.49846799
v -0.02792527 -0.30756043 0.52966305
v -0.06126848 -0.27952639 0.54533798
v -0.06517848 -0.27952639 0.54533798
v -0.08568535 -0.34196639 0.50717802
v -0.03001848 -0.35367638 0.49843798
v -0.04173848 -0.38887638 -0.47028201
v -0.08079848 -0.42789638 -0.43516200
v -0.03782848 -0.27946639 -0.54452204
v -0.04173848 -0.27946639 -0.54452204
v -0.03782848 -0.27950639 -0.54449200
v -0.03392848 -0.26383639 0.55310798
v -0.02709864 -0.42387217 0.43977385
v -0.06567967 -0.45066181 -0.41195557
v -0.05769548 -0.44731853 -0.41555605
v -0.02221325 -0.43642051 0.42799461
v -0.06126848 -0.44742638 -0.41544201
v -0.08079848 -0.27946639 0.54537798
v -0.06907848 -0.35367638 -0.49757200
v -0.03001848 -0.36930639 -0.48582201
v -0.02611848 -0.36930639 -0.48582201
v -0.06126848 -0.27946639 -0.54452204
v -0.05736848 -0.27950639 -0.54449200
v -0.06745863 -0.38969155 -0.46963704
v -0.07298848 -0.26383639 0.55310798
v -0.05736848 -0.26383639 0.55310798
v -0.06126848 -0.26374638 0.55314798
v -0.06126848 -0.36927641 0.48674799
v -0.05736848 -0.36930639 0.48672799
v -0.06126848 -0.36930639 0.48672799
v -0.05345848 -0.36919639 -0.48590200
v -0.05345848 -0.36930639 -0.48582201
v -0.07689848 -0.26374638 0.55314798
v -0.08079848 -0.26374638 0.55314798
v -0.04564848 -0.26383639 0.55310798
v -0.08079848 -0.36930639 -0.48582201
v -0.03782848 -0.21687639 -0.57184201
v -0.03392848 -0.21696639 -0.57181203
v -0.03114075 -0.21682122 -0.57186049
v -0.07298848 -0.27952639 0.54533798
v -0.08079848 -0.36927641 0.48674799
v -0.04954848 -0.26374638 0.55314798
v -0.05345848 -0.26374638 0.55314798
v -0.04173848 -0.21696639 -0.57181203
v -0.03782848 -0.21696639 -0.57181203
v -0.04173848 -0.21687639 -0.57184201
v -0.06517848 -0.36930639 0.48672799
v -0.07689848 -0.35367638 -0.49757200
v -0.06907848 -0.21696639 -0.57181203
v -0.07012992 -0.40821390 -0.45383173
v -0.03392848 -0.38885638 -0.47028201
v -0.03782848 -0.38886640 -0.47028201
v -0.06907848 -0.21687639 -0.57184201
v -0.04954848 -0.35367638 -0.49757200
v -0.06907848 -0.35367638 0.49843798
v -0.19907389 -0.36561318 -0.90242232
v -0.07689848 -0.27946639 0.54537798
v -0.05736848 -0.35364640 0.49846799
v -0.06126848 -0.35364640 0.49846799
v -0.07689848 -0.27952639 0.54533798
v -0.05736848 -0.27952639 0.54533798
v -0.03782848 -0.36930639 0.48672799
v -0.04173848 -0.36930639 0.48672799
v -0.04173848 -0.36927641 0.48674799
v -0.06907848 -0.27952639 0.54533798
v -0.04564848 -0.35367638 0.49843798
v -0.05736848 -0.36927641 0.48674799
v -0.06126848 -0.35367638 -0.49757200
v -0.04564848 -0.38888640 -0.47028201
v -0.06517848 -0.36927641 0.48674799
v -0.04173848 -0.26383639 0.55310798
v -0.04173848 -0.26374638 0.55314798
v -0.03782848 -0.26383639 0.55310798
v -0.05736848 -0.35367638 0.49843798
v -0.05736848 -0.26374638 0.55314798
v -0.05736848 -0.27946639 -0.54452204
v -0.04564848 -0.27946639 -0.54452204
v -0.08792080 -0.29671465 0.53576510
v -0.03931162 -0.20027858 -0.57778108
v -0.00394413 -0.20853917 0.57646229
v -0.05345848 -0.35361639 -0.49762201
v -0.05345848 -0.35367638 -0.49757200
v -0.04173848 -0.30005640 -0.93512201
v -0.04173848 -0.29508639 -0.93707203
v -0.03392848 -0.27952639 0.54533798
v -0.03782848 -0.27946639 0.54537798
v -0.03392848 -0.27946639 0.54537798
v -0.03153499 -0.29128139 -0.93905872
v -0.05736848 -0.21687639 -0.57184201
v -0.06078223 -0.27555639 -0.54670202
v -0.04954848 -0.27946639 -0.54452204
v -0.03782848 -0.38883639 -0.47030201
v -0.03392848 -0.38883639 -0.47029202
v 0.17309152 0.09175361 0.60392798
v 0.16884165 0.09178883 0.60393132
v -0.08470848 0.15408361 0.59221799
v -0.06907848 0.28368359 -0.54059201
v -0.07689848 0.15412360 0.59219796
v -0.05736848 0.15408361 0.59221799
v -0.06126848 0.29097360 0.53752799
v -0.06907848 0.15408361 0.59221799
v -0.04564848 0.15412360 0.59219796
v -0.04173848 0.15408361 0.59221799
v -0.04564848 0.15408361 0.59221799
v -0.07298848 0.15412360 0.59219796
v -0.06126848 0.15412360 0.59219796
v -0.05736848 0.15412360 0.59219796
v -0.18883748 0.08720123 -0.99293253
v -0.06907848 0.29087361 -0.53668200
v -0.07298848 0.29084360 -0.53671198
v -0.05345848 0.36497360 0.49064798
v -0.05345848 0.36506360 0.49058799
v -0.04954848 0.36497360 0.49064798
v -0.05345848 0.29094362 0.53752799
v -0.05345848 0.29084360 0.53757799
v -0.04954848 0.29093361 0.53752799
v -0.05345848 0.29809361 0.53361798
v -0.06126848 0.36497360 0.49064798
v -0.05736848 0.36497360 0.49064798
v -0.06126848 0.36506360 0.49058799
v -0.04924978 0.29120035 -0.53647900
v -0.05736848 0.29096362 0.53752799
v 0.00913154 0.19037645 0.58337975
v -0.06307475 0.29087651 0.53758347
v -0.07689848 0.29084360 -0.53672200
v -0.06907848 0.29084360 -0.53670203
v -0.06517848 0.29084360 -0.53669202
v -0.06517848 0.29086360 -0.53668200
v -0.06126848 0.29084360 -0.53668200
v -0.03782848 0.15412360 0.59219796
v -0.03392848 0.15408361 0.59221799
v -0.03782848 0.15408361 0.59221799
v -0.06907848 0.55642360 -0.25543200
v -0.03001848 0.31818360 -0.52115201
v -0.05736848 0.29084360 0.53758801
v -0.06739360 0.29838389 -0.53259959
v -0.06057848 0.29084360 -0.53668200
v -0.05736848 0.29084360 -0.53667199
v -0.05736848 0.29083362 -0.53668200
v -0.07689848 0.36497360 0.49064798
v -0.07298848 0.36497360 0.49064798
v -0.08079848 0.36497360 0.49064798
v -0.06126848 0.52131360 -0.32182201
v -0.00881645 0.46342832 -0.86985024
v -0.02611848 0.52134359 0.32267798
v -0.05736848 0.36506360 0.49058799
v -0.03918963 0.30541552 0.52964032
v -0.07298848 0.36506360 0.49058799
v -0.06907848 0.36506360 0.49058799
v -0.06907848 0.36497360 0.49064798
v -0.09188210 0.68937582 -0.69799758
v -0.06280083 0.57156958 -0.21870331
v -0.06517848 0.36506360 0.49058799
v -0.06517848 0.36497360 0.49064798
v 0.18559745 0.27800621 -0.00189105
v -0.04564848 0.52131360 0.32272799
v -0.04954848 0.52134359 0.32267798
v -0.04564848 0.52134359 0.32267798
v -0.02822100 0.52395540 0.31866637
v -0.08750305 0.52388815 -0.31786325
v -0.06902187 0.72053017 -0.66559166
v 0.17862848 0.05926909 0.60826231
v -0.08470848 0.55646360 -0.25534200
v -0.08470848 0.55642360 -0.25543200
v -0.08079848 0.55642360 -0.25543200
v -0.08470848 0.55646360 0.25624798
v -0.03982289 0.29237414 -0.53581037
v -0.08470848 0.52129358 -0.32184201
v -0.08079848 0.52129358 -0.32184201
v -0.08861848 0.52129358 -0.32184201
v -0.09281524 0.76572786 0.61285410
v -0.07298848 0.52131360 0.32272799
v -0.05345848 0.29081359 -0.53668200
v -0.07689848 0.52131360 0.32272799
v -0.06517848 0.52134359 0.32267798
v -0.06907848 0.55645358 0.25627799
v -0.09346551 0.52457230 0.31745038
v -0.03782848 0.55642360 -0.25543200
v -0.03782848 0.55646360 -0.25534200
v -0.06126848 0.52131360 0.32272799
v -0.08079848 0.55645358 0.25627799
v -0.04439380 0.29082316 -0.53665953
v -0.06517848 0.55646360 -0.25534200
v -0.06517848 0.55642360 -0.25543200
v -0.07689848 0.55645358 0.25627799
v -0.07298848 0.55645358 0.25627799
v -0.07689848 0.55642360 -0.25543200
v -0.07689848 0.55646360 0.25624798
v -0.06517848 0.52131360 0.32272799
v -0.06829214 0.51345602 0.33422223
v -0.05736848 0.55646360 0.25624798
v -0.05736848 0.55645358 0.25627799
v -0.06907848 0.55646360 -0.25534200
v -0.08079848 0.55646360 0.25624798
v -0.06126848 0.55646360 -0.25534200
v -0.03001848 0.55645358 0.25627799
v -0.03001848 0.55646360 0.25624798
v -0.04564848 0.36506360 0.49058799
v -0.07081779 0.32763051 0.51652745
v -0.04954848 0.36506360 0.49058799
v 0.21606152 -0.40424639 -0.87653201
v 0.21556349 -0.40478861 -0.87650377
v 0.21606152 -0.39664638 -0.87950199
v -0.05736848 0.55646360 -0.25534200
v -0.05345848 0.55642360 -0.25543200
v -0.05345848 0.55646360 -0.25534200
v -0.02580396 0.98224366 -0.04855985
v -0.03392848 0.52131360 -0.32182201
v -0.03111005 -0.53990037 0.28626451
v -0.04954848 0.52131360 -0.32182201
v -0.04564848 0.52129358 -0.32184201
v -0.04564848 0.52131360 -0.32182201
v -0.11860163 0.83274540 -0.51677720
v -0.04954848 0.55646360 -0.25534200
v -0.05345848 0.52134359 0.32267798
v -0.04564848 0.55642360 -0.25543200
v -0.03082545 0.51338171 -0.33341085
v -0.03782848 0.52131360 0.32272799
v -0.04173848 0.52134359 0.32267798
v -0.03782848 0.52134359 0.32267798
v -0.05736848 0.55642360 -0.25543200
v -0.02189866 0.52386620 -0.31789704
v -0.02611848 0.55646360 0.25624798
v -0.05345848 0.55646360 0.25624798
v -0.05345848 0.55645358 0.25627799
v 0.03084364 0.54149685 0.28788026
v -0.03392848 0.52131360 0.32272799
v -0.03392848 0.55642360 -0.25543200
v -0.03001848 0.55642360 -0.25543200
v -0.03392848 0.55646360 -0.25534200
v -0.03392848 0.55645358 0.25627799
v -0.04954848 0.55646360 0.25624798
v -0.04764893 0.95917801 0.21703096
v -0.04963580 0.96544338 0.17574591
v -0.05345848 0.96252358 0.19377799
v -0.05345848 -0.27950639 -0.54449200
v -0.00657848 -0.54117638 -0.28272202
v -0.02611848 -0.54117638 -0.28280201
v -0.03001848 -0.54120642 -0.28278201
v -0.02611848 -0.54119641 -0.28278201
v -0.03001848 -0.54117638 -0.28282201
v -0.01829848 -0.36930639 -0.48582201
v -0.01439848 -0.36930639 -0.48582201
v -0.00657848 -0.54115641 -0.28278201
v -0.03001848 -0.54508639 0.27543799
v -0.05345848 -0.35367638 0.49843798
v -0.05345848 -0.35364640 0.49846799
v -0.03782848 -0.35361639 -0.49762201
v -0.03392848 -0.35367638 -0.49757200
v -0.03392848 -0.35361639 -0.49762201
v -0.03392848 -0.36919639 -0.48590200
v -0.03392848 -0.35364640 0.49846799
v -0.02611848 -0.54117638 0.28359798
v -0.03001848 -0.54117638 0.28361798
v -0.02611848 -0.54117638 0.28361798
v -0.03782848 -0.35364640 0.49846799
v -0.03561571 -0.43172075 -0.43142602
v -0.04173848 -0.35367638 -0.49757200
v -0.03419266 -0.42791085 0.43597921
v -0.04564848 -0.42789638 -0.43507200
v -0.03782848 -0.36919639 -0.48590200
v -0.02611848 -0.26374638 0.55314798
v -0.02220848 -0.26374638 0.55314798
v -0.01048848 -0.54117638 -0.28274202
v -0.03392848 -0.27946639 -0.54452204
v -0.03392848 -0.27950639 -0.54449200
v -0.02220848 -0.42778638 -0.43512201
v -0.01829848 -0.42789638 -0.43500202
v -0.01636689 -0.42777144 -0.43512204
v -0.02220848 -0.42789638 -0.43501200
v -0.03392848 -0.42789638 0.43598799
v -0.04954848 -0.36930639 -0.48582201
v -0.03392848 -0.54120642 -0.28278201
v -0.04197119 -0.54021161 -0.28479789
v -0.05345848 -0.27946639 -0.54452204
v -0.03001848 -0.35361639 -0.49762201
v -0.02611848 -0.35367638 -0.49757200
v -0.02611848 -0.35361639 -0.49762201
v -0.04564848 -0.42784641 -0.43512201
v -0.04173848 -0.29010639 -0.93903201
v -0.02611848 -0.42789638 0.43596799
v -0.03001848 -0.42789638 0.43597800
v -0.04173848 -0.38883639 -0.47031202
v -0.04173848 -0.36919639 -0.48590200
v -0.04564848 -0.36919639 -0.48590200
v -0.04173848 -0.36930639 -0.48582201
v -0.03001848 -0.36919639 -0.48590200
v -0.02611848 -0.36919639 -0.48590200
v -0.03002036 -0.27287515 0.54892924
v -0.02220848 -0.54117638 0.28358800
v -0.01829848 -0.54117638 0.28356800
v -0.02766848 -0.38883639 -0.47028201
v -0.02611848 -0.38883639 -0.47027200
v -0.02611848 -0.38883639 -0.47028201
v -0.04564848 -0.36930639 0.48672799
v -0.19776249 -0.41028032 0.88285614
v -0.05345848 -0.28727639 0.54102797
v -0.04564848 -0.36930639 -0.48582201
v -0.03001848 -0.38883639 -0.47028201
v -0.02611848 -0.38492638 -0.47342201
v -0.03001848 -0.38884640 -0.47028201
v -0.03002223 -0.34382639 -0.50493700
v -0.04759848 -0.36149639 0.49258799
v -0.04954848 -0.35367638 0.49843798
v -0.04954848 -0.35364640 0.49846799
v -0.02220848 -0.54117638 -0.28279202
v -0.02220848 -0.54118640 -0.28278201
v -0.01897848 -0.54117638 -0.28278201
v -0.03392848 -0.36930639 -0.48582201
v -0.04564848 -0.35364640 0.49846799
v -0.05345848 0.15408361 0.59221799
v -0.03001848 -0.42790640 0.43596799
v -0.03782848 -0.35367638 0.49843798
v -0.04173848 -0.35364640 0.49846799
v -0.04173848 -0.35367638 0.49843798
v -0.04564848 -0.26374638 0.55314798
v -0.04564848 -0.27946639 0.54537798
v -0.04564848 -0.27952639 0.54533798
v -0.03782848 -0.28654638 0.54142798
v -0.04173848 -0.27952639 0.54533798
v -0.04173848 -0.42789638 -0.43506201
v -0.04164790 -0.42629102 -0.43661745
v -0.03392848 -0.36930639 0.48672799
v -0.01439848 -0.54117638 0.28354798
v -0.03001848 -0.35367638 -0.49757200
v -0.02611872 -0.42786951 -0.43504890
v -0.03001848 -0.27946639 -0.54452204
v -0.04954848 -0.27946639 0.54537798
v -0.03782848 -0.26374638 0.55314798
v -0.03392848 -0.26374638 0.55314798
v -0.04954848 -0.27952639 0.54533798
v -0.04173848 -0.27946639 0.54537798
v -0.01829848 -0.35361639 -0.49762201
v -0.01829848 -0.35367638 -0.49757200
v -0.01439848 -0.35367638 -0.49757200
v -0.03001848 -0.27950639 -0.54449200
v -0.04954848 -0.27950639 -0.54449200
v -0.00657848 -0.36927641 0.48674799
v -0.00267848 -0.36930639 0.48672799
v -0.00657848 -0.36930639 0.48672799
v -0.03782848 -0.36930639 -0.48582201
v -0.03392848 -0.35367638 0.49843798
v -0.04173848 -0.35361639 -0.49762201
v -0.03782848 -0.35367638 -0.49757200
v -0.05345848 -0.27952639 0.54533798
v -0.05345848 -0.27946639 0.54537798
v -0.05397561 -0.36217860 -0.49118829
v -0.04954848 -0.36919639 -0.48590200
v -0.26034310 0.04966244 0.61237257
v -0.03782848 -0.37906638 -0.47809201
v -0.04564848 -0.27950639 -0.54449200
v -0.04173848 -0.29117638 -0.93860202
v -0.02220848 -0.35367638 0.49843798
v -0.02611848 -0.35364640 0.49846799
v -0.02220848 -0.35364640 0.49846799
v -0.01439848 -0.35367638 0.49843798
v -0.01048848 -0.35367638 0.49843798
v -0.01439848 -0.35364640 0.49846799
v -0.00657848 -0.36919639 -0.48590200
v -0.01048848 -0.36919639 -0.48590200
v -0.00657848 -0.36930639 -0.48582201
v -0.01439848 -0.36919639 -0.48590200
v -0.01048848 -0.36930639 -0.48582201
v -0.01829848 -0.36927641 0.48674799
v -0.01439848 -0.36930639 0.48672799
v -0.01829848 -0.36930639 0.48672799
v -0.01048848 -0.35364640 0.49846799
v -0.03001848 -0.27952639 0.54533798
v -0.02220848 -0.35367638 -0.49757200
v -0.02220848 -0.35361639 -0.49762201
v -0.03001848 -0.26374638 0.55314798
v -0.06262222 -0.27407585 -0.54746166
v -0.03001848 -0.26383639 0.55310798
v -0.04126224 -0.38872304 0.47132084
v -0.03001848 -0.36930639 0.48672799
v -0.05345848 -0.36930639 0.48672799
v -0.04954848 -0.36930639 0.48672799
v -0.05345848 -0.36927641 0.48674799
v -0.02611848 -0.36930639 0.48672799
v -0.04954848 -0.36927641 0.48674799
v -0.03782848 -0.36927641 0.48674799
v -0.04564848 -0.36927641 0.48674799
v -0.03392848 -0.36927641 0.48674799
v -0.03001848 -0.35364640 0.49846799
v -0.02611848 -0.35367638 0.49843798
v -0.02904348 -0.35952390 0.49406549
v -0.03001848 -0.36927641 0.48674799
v -0.02611848 -0.36927641 0.48674799
v -0.00657848 -0.27946639 -0.54452204
v -0.01048848 -0.27946639 -0.54452204
v -0.00657848 -0.27950639 -0.54449200
v -0.02611848 -0.26383639 0.55310798
v -0.01829848 -0.26374638 0.55314798
v -0.02611848 -0.27946639 -0.54452204
v -0.03782848 -0.27952639 0.54533798
v -0.02611848 -0.27946639 0.54537798
v -0.02220848 -0.27946639 0.54537798
v -0.05345848 0.29084360 -0.53667199
v -0.04954848 0.29080361 -0.53668200
v -0.04954848 0.15408361 0.59221799
v -0.04173848 0.15412360 0.59219796
v -0.02626848 0.29084360 0.53752799
v -0.06389066 0.25629497 0.55578171
v 0.02075152 -0.36927641 0.48674799
v -0.04954848 0.29084360 0.53757799
v -0.04297097 0.13507409 0.59656626
v -0.05345848 0.15412360 0.59219796
v -0.04954848 0.15412360 0.59219796
v -0.01048848 0.15412360 0.59219796
v -0.00657848 0.15408361 0.59221799
v -0.01048848 0.15408361 0.59221799
v -0.03001848 0.15412360 0.59219796
v -0.03392848 0.15412360 0.59219796
v -0.02611848 0.15412360 0.59219796
v 0.00123152 0.15412360 0.59219796
v -0.00267848 0.15412360 0.59219796
v 0.00123152 0.15408361 0.59221799
v -0.04173848 0.29084360 0.53755797
v -0.04564848 0.29084360 0.53756798
v -0.04564848 0.29091361 0.53752799
v 0.03318090 0.07788555 0.60658360
v -0.03001848 0.52131360 0.32272799
v -0.03001848 0.52134359 0.32267798
v -0.02611848 0.52131360 0.32272799
v -0.03001848 0.29084360 0.53753800
v -0.03001848 0.29085362 0.53752799
v -0.03439579 0.29085233 0.53753524
v -0.03392848 0.29087361 0.53752799
v 0.19263152 -0.35361639 -0.49762201
v -0.02611848 0.31818360 -0.52114200
v -0.02611848 0.31831360 -0.52106201
v -0.04173848 0.36506360 0.49058799
v -0.04173848 0.36497360 0.49064798
v -0.02611848 0.32599359 -0.51618200
v 0.00123152 0.52129358 -0.32184201
v 0.16919152 0.32995361 -0.51324200
v 0.17309152 0.32994359 -0.51324200
v 0.16919152 0.32990360 -0.51328199
v -0.03782848 0.36506360 0.49058799
v -0.03392848 0.36506360 0.49058799
v -0.03392848 0.36497360 0.49064798
v -0.03001848 0.36497360 0.49064798
v -0.03782848 0.36497360 0.49064798
v -0.03782848 0.55646360 0.25624798
v -0.04564848 0.36497360 0.49064798
v -0.03001848 0.36506360 0.49058799
v -0.05345848 0.52131360 0.32272799
v -0.02611848 0.36497360 0.49064798
v -0.02611848 0.36506360 0.49058799
v -0.02220848 0.36497360 0.49064798
v 0.02310036 0.49563063 0.36024463
v -0.04954848 0.55645358 0.25627799
v 0.21216152 0.23615360 -0.15384201
v 0.21215152 0.24006360 -0.14996202
v 0.21216152 0.24005361 -0.14996202
v -0.04954848 0.52129358 -0.32184201
v -0.04954848 0.55642360 -0.25543200
v -0.04954848 0.52131360 0.32272799
v -0.05736848 0.52129358 -0.32184201
v -0.03001848 0.52131360 -0.32182201
v -0.01187122 0.88387656 0.44305220
v -0.04564848 0.55645358 0.25627799
v -0.04564848 0.55646360 0.25624798
v -0.02220848 0.31818360 -0.52113198
v -0.03782848 0.52131360 -0.32182201
v -0.03001848 0.55646360 -0.25534200
v -0.02611848 0.55642360 -0.25543200
v -0.04173848 0.52131360 0.32272799
v -0.02220848 0.52131360 -0.32182201
v -0.02611848 0.55646360 -0.25534200
v -0.04954848 0.96267360 0.19377799
v -0.04846848 0.96271360 0.19377799
v -0.03001848 0.52129358 -0.32184201
v -0.03392848 0.52134359 0.32267798
v -0.03000494 0.56088804 -0.24564824
v -0.03782848 0.52129358 -0.32184201
v -0.03392848 0.52129358 -0.32184201
v -0.04173848 0.52131360 -0.32182201
v -0.04173848 0.52129358 -0.32184201
v -0.03392848 0.55646360 0.25624798
v -0.04564848 0.96282363 0.19377799
v -0.00254780 0.96096848 0.21583691
v 0.23555239 -0.95402476 0.07151670
v -0.04173848 0.96298360 0.19377799
v 0.02131401 0.49590000 -0.35914288
v -0.01831859 0.80253036 -0.56793554
v -0.02220848 0.52131360 0.32272799
v -0.01829848 0.52131360 0.32272799
v -0.02611848 0.52131360 -0.32182201
v -0.01829848 0.52129358 -0.32184201
v -0.01439848 0.52129358 -0.32184201
v -0.01829848 0.52131360 -0.32182201
v -0.02611848 0.52129358 -0.32184201
v -0.02220848 0.52129358 -0.32184201
v -0.04173848 0.55642360 -0.25543200
v 0.00903152 0.52134359 0.32267798
v 0.01294152 0.52134359 0.32267798
v 0.01294152 0.52131360 0.32272799
v -0.02220848 0.55646360 0.25624798
v -0.01048848 0.55642360 -0.25543200
v -0.02220848 0.55642360 -0.25543200
v -0.01439848 0.55642360 -0.25543200
v -0.01048848 0.55646360 -0.25534200
v -0.01829848 0.55646360 0.25624798
v -0.01439848 0.55646360 0.25624798
v -0.01439848 0.55645358 0.25627799
v 0.00151677 0.56066822 0.24711309
v -0.04954848 0.96271360 0.19349799
v -0.02611848 0.98224359 -0.05231201
v -0.02635661 0.98222016 -0.04556671
v -0.02635893 0.98223625 -0.05732284
v -0.01829848 -0.54117638 -0.28277200
v -0.01829848 -0.54117638 -0.28278201
v 0.10718907 -0.98585103 -0.00671725
v -0.01048848 -0.54113639 0.28361798
v -0.01439848 -0.80680639 -0.55621200
v -0.00267848 -0.54117638 -0.28271200
v -0.01997008 -0.80665079 -0.55605157
v -0.01829848 -0.42399639 -0.43871202
v -0.00267848 -0.44714639 -0.41559201
v 0.21026372 -0.37363291 -0.07552729
v -0.01829848 -0.80926639 -0.55231201
v -0.00267848 -0.54117638 0.28349800
v -0.01048848 -0.54116637 -0.28278201
v 0.05589455 -0.37822110 -0.47902713
v -0.01829848 -0.80661637 -0.55621200
v 0.02207439 -0.85470600 -0.48443426
v -0.01421761 -0.42789646 -0.43499151
v -0.02356725 -0.44029470 -0.42312737
v -0.01439848 -0.54114640 0.28361798
v -0.01829848 -0.27946639 0.54537798
v 0.00597366 -0.54066712 -0.28378253
v -0.01441848 -0.80680639 -0.55621200
v -0.01829848 -0.35364640 0.49846799
v -0.02220848 -0.36919639 -0.48590200
v -0.03292030 -0.36144412 -0.49174143
v -0.00267848 -0.44352639 -0.41950201
v -0.00657848 -0.44354639 -0.41949200
v -0.00267848 -0.44353640 -0.41949200
v -0.00654882 -0.44352631 -0.41950952
v -0.02306332 -0.44258730 -0.42068679
v -0.01048848 -0.37421638 0.48283798
v -0.01048848 -0.36930639 0.48672799
v -0.08352428 -0.49430836 0.36395246
v -0.00657848 -0.35367638 0.49843798
v -0.00657848 -0.35364640 0.49846799
v -0.00267848 -0.35367638 0.49843798
v 0.00513152 -0.35367638 0.49843798
v 0.00123152 -0.35367638 0.49843798
v 0.00123152 -0.35364640 0.49846799
v -0.02220848 -0.38881639 -0.47028201
v -0.01829848 -0.38880641 -0.47028201
v -0.00763798 -0.38480806 -0.47351890
v -0.01829848 -0.54115641 0.28361798
v -0.02220848 -0.54116637 0.28361798
v -0.01439848 -0.54117638 -0.28276201
v -0.01829848 -0.36919639 -0.48590200
v -0.02220848 -0.27946639 -0.54452204
v 0.00513152 -0.54110641 0.28361798
v 0.00123152 -0.54117638 0.28348798
v 0.00123152 -0.54111642 0.28361798
v 0.00513152 -0.54117638 0.28346799
v -0.00657848 -0.38883639 -0.47023200
v -0.02220848 -0.38883639 -0.47026201
v 0.01407532 -0.54108774 0.28362899
v -0.01048848 -0.38878641 -0.47028201
v -0.02220848 -0.36930639 -0.48582201
v 0.01505813 -0.38386770 -0.47427652
v 0.01684152 -0.36930639 -0.48582201
v 0.05200152 -0.35367638 -0.49757200
v -0.01439848 -0.35361639 -0.49762201
v -0.01048848 -0.35367638 -0.49757200
v -0.01048848 -0.35361639 -0.49762201
v -0.01730624 -0.53904005 -0.28690828
v -0.01439848 -0.54116637 -0.28278201
v -0.00267848 -0.35364640 0.49846799
v 0.17309152 0.15412360 0.59219796
v 0.17700151 0.15408361 0.59221799
v 0.17309152 0.15408361 0.59221799
v -0.00267848 -0.36930639 -0.48582201
v 0.00123152 -0.35361639 -0.49762201
v 0.00123152 -0.35367638 -0.49757200
v 0.00513152 -0.35367638 -0.49757200
v 0.00676645 -0.44177105 -0.42139107
v 0.00513152 -0.35361639 -0.49762201
v -0.02220848 -0.37421638 0.48283798
v 0.01407235 -0.43591774 -0.42731742
v -0.01439848 -0.38879639 -0.47028201
v -0.01829848 -0.38883639 -0.47025200
v -0.01439848 -0.38883639 -0.47024202
v 0.00123152 -0.27946639 -0.54452204
v -0.00267848 -0.27946639 -0.54452204
v 0.00123152 -0.27950639 -0.54449200
v 0.00725576 -0.30702615 -0.52909507
v -0.01439848 -0.27952639 0.54533798
v -0.00267848 -0.54112637 0.28361798
v -0.01048848 -0.38883639 -0.47023200
v -0.00267848 -0.27950639 -0.54449200
v -0.01829848 -0.27950639 -0.54449200
v 0.01294152 -0.35364640 0.49846799
v -0.02057510 -0.40447164 -0.45729061
v 0.00123152 -0.27952639 0.54533798
v -0.00267848 -0.27952639 0.54533798
v -0.00267848 -0.27946639 0.54537798
v -0.00657848 -0.28727639 0.54102797
v 0.00123152 -0.27946639 0.54537798
v 0.00123152 -0.36927641 0.48674799
v 0.00513152 -0.36930639 0.48672799
v 0.00123152 -0.36930639 0.48672799
v -0.01439848 -0.27946639 -0.54452204
v -0.01439848 -0.27950639 -0.54449200
v -0.01048848 -0.27950639 -0.54449200
v -0.02220848 -0.36930639 0.48672799
v -0.02220848 -0.36927641 0.48674799
v -0.02611848 -0.27952639 0.54533798
v 0.19991307 -0.16597491 0.31627018
v 0.00060152 -0.44352639 -0.41949200
v -0.00267848 -0.36919639 -0.48590200
v 0.00397529 -0.36195960 -0.49135326
v -0.00657848 -0.35361639 -0.49762201
v -0.00267848 -0.35361639 -0.49762201
v -0.01634848 -0.27225641 0.54924799
v -0.00267848 -0.26383639 0.55310798
v 0.01056003 -0.54116952 0.28346523
v -0.01829848 -0.35367638 0.49843798
v -0.01439848 -0.27946639 0.54537798
v 0.00513152 -0.36927641 0.48674799
v -0.02611848 -0.27950639 -0.54449200
v 0.00123152 -0.26383639 0.55310798
v -0.00267848 -0.26374638 0.55314798
v 0.00123152 -0.26374638 0.55314798
v -0.02928786 -0.27555639 -0.54670202
v -0.00657848 -0.35367638 -0.49757200
v 0.00318152 -0.34196639 0.50717802
v 0.00903152 -0.35367638 0.49843798
v 0.00513152 -0.35364640 0.49846799
v -0.00657848 -0.27946639 0.54537798
v -0.00657848 -0.26383639 0.55310798
v -0.01048848 -0.26374638 0.55314798
v -0.00657848 -0.26374638 0.55314798
v -0.01048848 -0.27946639 0.54537798
v -0.01048848 -0.36927641 0.48674799
v -0.01439848 -0.36927641 0.48674799
v -0.00072598 -0.36018139 0.49357299
v -0.00267848 -0.35367638 -0.49757200
v -0.00267848 -0.36927641 0.48674799
v 0.00123152 -0.36930639 -0.48582201
v -0.03809067 -0.23534346 -0.56524792
v 0.00513152 -0.27950639 -0.54449200
v -0.01829848 -0.27946639 -0.54452204
v -0.02220848 -0.27952639 0.54533798
v -0.01048848 -0.27952639 0.54533798
v -0.00657848 -0.27952639 0.54533798
v -0.02220848 -0.27950639 -0.54449200
v -0.01829848 -0.26383639 0.55310798
v 0.00513152 -0.27946639 0.54537798
v 0.00513152 -0.27952639 0.54533798
v 0.00513152 -0.27946639 -0.54452204
v 0.02075152 0.15408361 0.59221799
v 0.01684152 0.15408361 0.59221799
v -0.02220848 -0.26383639 0.55310798
v 0.02355933 -0.27292890 0.54889549
v 0.01684152 -0.27952639 0.54533798
v 0.01294152 -0.27952639 0.54533798
v 0.01294152 -0.27946639 0.54537798
v -0.01829848 -0.27952639 0.54533798
v 0.01684152 -0.21687639 -0.57184201
v 0.00903152 -0.28654638 0.54142798
v 0.02856152 -0.07641639 0.60783798
v 0.02466152 -0.07633639 0.60784800
v 0.02856152 -0.07633639 0.60784800
v 0.00903152 -0.35361639 -0.49762201
v 0.02075152 -0.26383639 0.55310798
v 0.01684152 -0.26383639 0.55310798
v 0.01684152 -0.26374638 0.55314798
v 0.03277687 -0.09907976 0.60513053
v -0.05001583 -0.04184550 0.61128511
v -0.00657848 0.15412360 0.59219796
v -0.00267848 0.15408361 0.59221799
v 0.01099234 -0.06095954 0.60966467
v -0.30585908 -0.10811495 0.65418853
v -0.02220848 0.15408361 0.59221799
v -0.02220848 0.15412360 0.59219796
v -0.01829848 0.15408361 0.59221799
v 0.01947074 0.13719852 0.59607465
v 0.00513152 0.15412360 0.59219796
v 0.01294152 -0.35367638 0.49843798
v 0.00903152 -0.35364640 0.49846799
v -0.01439848 0.15412360 0.59219796
v -0.01439848 0.15408361 0.59221799
v -0.00267848 0.31823361 -0.52106201
v -0.00267848 0.31818360 -0.52109199
v 0.00123152 0.31822359 -0.52106201
v -0.01829848 0.15412360 0.59219796
v -0.01439848 0.32442361 -0.51715200
v -0.02220848 0.31830361 -0.52106201
v 0.03247152 0.15408361 0.59221799
v 0.03247152 0.15412360 0.59219796
v 0.03638152 0.15408361 0.59221799
v 0.00123152 0.36506360 0.49058799
v 0.00513152 0.36506360 0.49058799
v 0.00513152 0.36497360 0.49064798
v 0.00513152 0.15408361 0.59221799
v 0.21216152 0.24396361 -0.14953201
v -0.01247328 0.31806084 -0.52121356
v -0.01048848 0.31818360 -0.52111202
v 0.18091152 -0.35367638 -0.49757200
v 0.17700151 -0.35361639 -0.49762201
v 0.17700151 -0.35367638 -0.49757200
v 0.01269673 0.49809280 0.84917293
v -0.01646796 0.31826618 -0.52106978
v 0.00903152 0.15408361 0.59221799
v 0.00123152 0.31818360 -0.52108204
v 0.00513152 0.31821361 -0.52106201
v 0.00903152 0.32209360 -0.51858204
v 0.01224152 0.31818360 -0.52106201
v 0.01294152 0.31818360 -0.52105200
v 0.01294152 0.31818360 -0.52106201
v -0.01829848 0.36506360 0.49058799
v -0.02220848 0.36506360 0.49058799
v -0.00657848 0.31818360 -0.52110200
v -0.00657848 0.31825360 -0.52106201
v -0.01048848 0.31826362 -0.52106201
v -0.01439848 0.55646360 -0.25534200
v 0.00513152 0.31818360 -0.52107202
v 0.00123152 0.36497360 0.49064798
v 0.00123152 0.32437360 -0.51715200
v -0.01048848 0.36506360 0.49058799
v -0.01439848 0.36506360 0.49058799
v -0.01829848 0.36497360 0.49064798
v -0.00267848 0.36506360 0.49058799
v 0.00903152 0.31818360 -0.52106201
v -0.00657848 0.36506360 0.49058799
v -0.00657848 0.36497360 0.49064798
v -0.01439848 0.36497360 0.49064798
v 0.02466152 0.31814360 -0.52106201
v -0.01048848 0.36497360 0.49064798
v 0.06118626 0.37125548 -0.48559720
v -0.00267848 0.36497360 0.49064798
v 0.00123152 0.55646360 0.25624798
v -0.01439848 0.52134359 0.32267798
v 0.04419152 0.36115360 -0.91204201
v 0.20044152 0.18537360 0.11954799
v 0.02466152 0.52131360 0.32272799
v 0.02466152 0.52134359 0.32267798
v 0.02856152 0.52131360 0.32272799
v 0.03247152 0.52134359 0.32267798
v -0.01048848 0.52131360 -0.32182201
v -0.00657848 0.52129358 -0.32184201
v -0.00657848 0.52131360 -0.32182201
v -0.00267848 0.55646360 0.25624798
v 0.02856152 0.52129358 -0.32184201
v 0.03247152 0.52129358 -0.32184201
v 0.02856152 0.52131360 -0.32182201
v 0.00183411 0.31128219 -0.52542265
v -0.00657848 0.55646360 0.25624798
v -0.00267848 0.55645358 0.25627799
v -0.01048848 0.55646360 0.25624798
v -0.02220848 0.55646360 -0.25534200
v -0.01829848 0.55642360 -0.25543200
v -0.01829848 0.79474359 -0.57936203
v -0.01770848 0.80256360 -0.56793200
v -0.00267848 0.52129358 -0.32184201
v -0.01829848 0.80253362 -0.56793200
v -0.05969778 0.54474574 0.28157106
v -0.02220848 0.52134359 0.32267798
v -0.00267848 0.52131360 -0.32182201
v -0.01829848 0.52134359 0.32267798
v 0.00513152 0.52129358 -0.32184201
v 0.00903152 0.52129358 -0.32184201
v 0.00513152 0.52131360 -0.32182201
v -0.01829848 0.55646360 -0.25534200
v -0.01048848 0.52129358 -0.32184201
v -0.00657848 0.52131360 0.32272799
v -0.01048848 0.52134359 0.32267798
v -0.00657848 0.52134359 0.32267798
v -0.01439848 0.52131360 -0.32182201
v 0.00123152 0.52131360 -0.32182201
v -0.01829848 0.55645358 0.25627799
v 0.01294152 0.52129358 -0.32184201
v 0.01684152 0.52129358 -0.32184201
v 0.01294152 0.52131360 -0.32182201
v -0.01439848 0.52131360 0.32272799
v -0.01048848 0.52131360 0.32272799
v -0.01048848 0.55645358 0.25627799
v -0.00267848 0.52134359 0.32267798
v -0.00267848 0.52131360 0.32272799
v 0.00123152 0.52131360 0.32272799
v -0.02345546 0.49201028 0.36537621
v 0.00513152 0.52131360 0.32272799
v 0.00123152 0.52134359 0.32267798
v 0.00513152 0.52134359 0.32267798
v 0.00513152 0.55646360 0.25624798
v 0.00513152 0.55645358 0.25627799
v -0.00657848 0.55645358 0.25627799
v -0.00657848 0.55646360 -0.25534200
v -0.00657848 0.55642360 -0.25543200
v 0.00123152 0.55645358 0.25627799
v -0.00924040 0.37653311 0.48247867
v 0.02075152 0.55646360 -0.25534200
v 0.01684152 0.55646360 -0.25534200
v 0.00903152 0.36506360 0.49058799
v 0.00903152 0.36497360 0.49064798
v -0.02611848 0.98224359 -0.05717201
v -0.02607848 0.98224359 -0.05621201
v -0.02220848 0.79474359 -0.57910203
v 0.02404267 0.52386185 -0.31790377
v -0.01829848 0.80256360 -0.56789201
v -0.01829848 0.80646360 -0.56215202
v -0.02220848 0.80501359 -0.56403201
v -0.01829848 0.79455363 -0.57965200
v -0.01395022 0.79474740 -0.57965701
v 0.01684152 0.55642360 -0.25543200
v 0.01294152 0.55646360 -0.25534200
v -0.02512988 0.54094136 -0.28826211
v -0.00267848 0.55646360 -0.25534200
v -0.01114737 0.84945276 -0.50112894
v 0.00513152 0.55642360 -0.25543200
v 0.00903152 0.52131360 0.32272799
v 0.03343841 0.52389346 0.31876276
v 0.01684152 0.52134359 0.32267798
v 0.02466152 0.94996363 0.24846799
v 0.00903152 0.55642360 -0.25543200
v -0.00267848 0.55642360 -0.25543200
v 0.03247152 0.55645358 0.25627799
v 0.03638152 0.55645358 0.25627799
v 0.03247152 0.95079362 0.24455798
v 0.02858086 0.95099166 0.24451746
v 0.11069180 0.57199048 0.21867153
v 0.02466152 0.95486360 0.23283798
v 0.02828152 0.95099359 0.24455798
v -0.06875028 0.98043888 -0.07453877
v -0.01607566 -0.52203300 0.31844163
v 0.00023406 -0.53905028 -0.28682510
v 0.02075152 -0.35367638 0.49843798
v 0.01684152 -0.35364640 0.49846799
v 0.02075152 -0.35364640 0.49846799
v 0.22101653 -0.89151078 -0.44957590
v 0.01684152 -0.35367638 0.49843798
v 0.00123152 -0.36919639 -0.48590200
v 0.00513152 -0.36919639 -0.48590200
v 0.01399152 -0.43180639 -0.43121200
v 0.00903152 -0.35367638 -0.49757200
v 0.03247152 -0.36930639 -0.48582201
v 0.03247152 -0.36919639 -0.48590200
v 0.02856152 -0.36919639 -0.48590200
v 0.00903152 -0.54109639 0.28361798
v 0.03638152 -0.36930639 0.48672799
v 0.04028152 -0.36930639 0.48672799
v 0.02856152 -0.27946639 0.54537798
v 0.00513152 -0.36930639 -0.48582201
v 0.00513152 -0.26383639 0.55310798
v 0.02466152 -0.35361639 -0.49762201
v -0.02103969 -0.56020180 0.24374141
v 0.00856556 -0.42868850 -0.43418856
v 0.05384869 -0.23577290 -0.56505424
v -0.00267355 -0.38854068 -0.47047485
v 0.01294152 -0.35361639 -0.49762201
v 0.01684152 -0.35361639 -0.49762201
v 0.00903152 -0.36919639 -0.48590200
v 0.01294152 -0.36919639 -0.48590200
v 0.03247152 -0.07633639 0.60784800
v 0.01294152 -0.36930639 -0.48582201
v 0.02466152 -0.21687639 -0.57184201
v 0.02856152 -0.21696639 -0.57181203
v 0.02856152 -0.21687639 -0.57184201
v 0.05981152 -0.35367638 0.49843798
v 0.05981152 -0.35364640 0.49846799
v 0.06372152 -0.35367638 0.49843798
v 0.02856152 -0.37415639 -0.48199200
v 0.03638144 -0.37002151 -0.48529418
v 0.01294152 -0.35367638 -0.49757200
v 0.02466152 -0.36927641 0.48674799
v 0.02856152 -0.36930639 0.48672799
v 0.02466152 -0.36930639 0.48672799
v 0.02075152 -0.36919639 -0.48590200
v 0.01684152 -0.36919639 -0.48590200
v 0.02075152 -0.36930639 -0.48582201
v 0.02075152 -0.36930639 0.48672799
v 0.03247152 -0.35364640 0.49846799
v 0.02856152 -0.35364640 0.49846799
v 0.02209694 -0.32710174 -0.51650789
v 0.02856152 -0.36930639 -0.48582201
v 0.01684152 -0.36930639 0.48672799
v 0.03247152 -0.27946639 -0.54452204
v 0.03638152 -0.35361639 -0.49762201
v 0.04028152 -0.35367638 -0.49757200
v 0.04028152 -0.35361639 -0.49762201
v 0.01684152 -0.43179641 -0.43121200
v 0.02075152 -0.43178639 -0.43121200
v 0.02391495 -0.53951417 0.28686981
v 0.02466152 -0.43180639 -0.43119200
v 0.01294252 -0.43180642 -0.43121441
v 0.01684152 -0.27946639 -0.54452204
v 0.16919152 0.15412360 0.59219796
v 0.00903152 -0.27946639 -0.54452204
v 0.00903152 -0.36930639 -0.48582201
v 0.02075152 -0.35361639 -0.49762201
v 0.01294152 -0.26374638 0.55314798
v 0.01294152 -0.27946639 -0.54452204
v 0.01684152 -0.43180639 -0.43121200
v 0.05233104 -0.34192455 0.50722530
v 0.02075152 -0.43180639 -0.43120202
v 0.00513152 -0.26374638 0.55314798
v 0.02075152 -0.27946639 -0.54452204
v 0.02075152 -0.27950639 -0.54449200
v 0.02466152 -0.27950639 -0.54449200
v 0.02075152 -0.27952639 0.54533798
v 0.01684152 -0.27946639 0.54537798
v 0.02466152 -0.27946639 -0.54452204
v 0.02075152 -0.35367638 -0.49757200
v 0.04809152 -0.35361639 -0.49762201
v 0.02075152 -0.26374638 0.55314798
v 0.02466152 -0.26383639 0.55310798
v 0.02466152 -0.36919639 -0.48590200
v 0.02466152 -0.36930639 -0.48582201
v 0.17700151 0.15412360 0.59219796
v 0.01294152 -0.26383639 0.55310798
v 0.04345652 -0.27298264 0.54886173
v 0.03247152 -0.35361639 -0.49762201
v 0.03638152 -0.35367638 -0.49757200
v 0.00903152 -0.27950639 -0.54449200
v 0.03638152 -0.27946639 -0.54452204
v 0.01294152 -0.36927641 0.48674799
v 0.00903152 -0.36927641 0.48674799
v 0.01294152 -0.36930639 0.48672799
v 0.06821429 -0.32038282 -0.52125010
v 0.02466152 -0.35364640 0.49846799
v 0.02466152 -0.35367638 -0.49757200
v 0.01171920 -0.23380791 -0.56590526
v 0.02075152 -0.21696639 -0.57181203
v 0.01684152 -0.36927641 0.48674799
v 0.00903152 -0.36930639 0.48672799
v 0.02376238 -0.36120857 -0.49191880
v 0.00903152 -0.26383639 0.55310798
v 0.02856152 -0.27946639 -0.54452204
v 0.02856152 -0.27950639 -0.54449200
v 0.02466152 -0.35367638 0.49843798
v 0.03638152 -0.35367638 0.49843798
v 0.03247152 -0.35367638 0.49843798
v 0.02075152 -0.21687639 -0.57184201
v 0.00903152 -0.27946639 0.54537798
v 0.02856152 -0.36927641 0.48674799
v 0.02856152 -0.35367638 -0.49757200
v 0.02856152 -0.35361639 -0.49762201
v 0.00903152 -0.26374638 0.55314798
v 0.00903152 -0.27952639 0.54533798
v 0.02856152 -0.35367638 0.49843798
v 0.02075152 -0.27946639 0.54537798
v 0.02466152 -0.21696639 -0.57181203
v 0.01684152 -0.35367638 -0.49757200
v 0.01684152 0.31818360 -0.52105200
v 0.04028152 -0.35367638 0.49843798
v 0.02905277 -0.36018139 0.49357299
v 0.02466152 -0.27946639 0.54537798
v 0.03638152 -0.35364640 0.49846799
v 0.04028152 -0.27952639 0.54533798
v 0.03638152 -0.27946639 0.54537798
v 0.04028152 -0.27946639 0.54537798
v 0.01684152 -0.27950639 -0.54449200
v 0.03247152 -0.35367638 -0.49757200
v 0.03247152 -0.21696639 -0.57181203
v 0.03247152 -0.21687639 -0.57184201
v 0.03638152 -0.36927641 0.48674799
v 0.03247152 -0.36927641 0.48674799
v 0.03247152 -0.36930639 0.48672799
v 0.03247152 -0.27952639 0.54533798
v 0.02856152 -0.27952639 0.54533798
v 0.02856152 -0.26374638 0.55314798
v 0.02466152 -0.26374638 0.55314798
v 0.03247152 -0.27950639 -0.54449200
v 0.03638152 -0.27950639 -0.54449200
v 0.01294152 -0.27950639 -0.54449200
v 0.08716152 -0.27946639 -0.54452204
v 0.02856152 -0.26383639 0.55310798
v 0.03247152 -0.27946639 0.54537798
v 0.05200152 -0.27952639 0.54533798
v 0.05200152 -0.27946639 0.54537798
v 0.05591152 -0.27952639 0.54533798
v 0.05591152 -0.28654638 0.54142798
v 0.04809152 -0.21696639 -0.57181203
v 0.05200152 -0.21696639 -0.57181203
v 0.04809152 -0.21687639 -0.57184201
v 0.04028152 -0.26383639 0.55310798
v 0.03638152 -0.26374638 0.55314798
v 0.04028152 -0.26374638 0.55314798
v 0.03638152 -0.27952639 0.54533798
v 0.03247152 -0.26383639 0.55310798
v 0.02466152 -0.27952639 0.54533798
v 0.03638152 -0.07633639 0.60784800
v 0.06763152 0.25178361 -0.55624198
v 0.06763152 0.25184360 -0.55621200
v 0.06372152 0.25178361 -0.55625199
v 0.04419152 -0.35364640 0.49846799
v 0.26294152 0.06717360 0.34611798
v 0.26299152 0.06818360 0.35002799
v 0.02466152 -0.07641639 0.60783798
v 0.02075152 -0.07633639 0.60784800
v 0.05591152 -0.21696639 -0.57181203
v 0.05200152 -0.21687639 -0.57184201
v 0.03638152 0.15412360 0.59219796
v 0.05200152 -0.07641639 0.60783798
v 0.02466152 0.15408361 0.59221799
v 0.01294152 0.15412360 0.59219796
v 0.01294152 0.15408361 0.59221799
v 0.02856152 0.15412360 0.59219796
v 0.02856152 0.15408361 0.59221799
v 0.16528153 0.32990360 -0.51329201
v 0.10278152 0.15408361 0.59221799
v 0.02466152 0.15412360 0.59219796
v 0.02075152 0.15412360 0.59219796
v 0.02368152 0.15021361 0.59314800
v 0.05981152 0.15412360 0.59219796
v 0.05591152 0.15412360 0.59219796
v 0.05981152 0.15408361 0.59221799
v 0.01684152 0.15412360 0.59219796
v 0.00903152 0.15412360 0.59219796
v 0.00460545 0.33202458 -0.51227703
v 0.00903152 0.31819361 -0.52106201
v 0.02075152 0.31818360 -0.52104198
v 0.01684152 0.36506360 0.49058799
v 0.02075152 0.36506360 0.49058799
v 0.02075152 0.36497360 0.49064798
v 0.01958038 0.27056016 -0.54753130
v 0.04809152 0.37159359 -0.90778201
v 0.02466152 0.32209360 -0.51855200
v 0.03638152 0.52131360 0.32272799
v 0.03638152 0.52134359 0.32267798
v 0.01684152 0.31817361 -0.52106201
v 0.02075152 0.31815362 -0.52106201
v 0.03247152 0.31811359 -0.52106201
v 0.02856152 0.31813362 -0.52106201
v 0.02508634 0.33374055 -0.51114364
v -0.01580094 0.34054003 0.50771659
v 0.02466152 0.31818360 -0.52103203
v 0.05981152 0.55645358 0.25627799
v 0.05981152 0.55646360 0.25624798
v 0.06372152 0.55645358 0.25627799
v 0.02466152 0.55646360 0.25624798
v 0.02856152 0.55646360 0.25624798
v 0.02856152 0.55645358 0.25627799
v 0.01294152 0.36497360 0.49064798
v 0.02855994 0.31817889 -0.52102607
v 0.05200152 0.25178361 -0.55627202
v 0.05591152 0.25178361 -0.55626201
v 0.02466152 0.36506360 0.49058799
v 0.02856152 0.36506360 0.49058799
v 0.02856152 0.36497360 0.49064798
v 0.01294152 0.36506360 0.49058799
v 0.01684152 0.36497360 0.49064798
v 0.16138152 0.15412360 0.59219796
v 0.03247152 0.36497360 0.49064798
v 0.03638152 0.36497360 0.49064798
v 0.03247152 0.36506360 0.49058799
v 0.02075152 0.52131360 0.32272799
v 0.02075152 0.52134359 0.32267798
v 0.02075152 0.55646360 0.25624798
v 0.02466152 0.55645358 0.25627799
v 0.03638152 0.36506360 0.49058799
v 0.01294152 0.55645358 0.25627799
v 0.01294152 0.55646360 0.25624798
v 0.01684152 0.55645358 0.25627799
v 0.02466152 0.36497360 0.49064798
v 0.04809152 0.36115360 -0.91184198
v 0.02075152 0.52131360 -0.32182201
v 0.01684152 0.52131360 -0.32182201
v 0.02075152 0.52129358 -0.32184201
v -0.04791597 0.25583964 -0.55491209
v 0.05591152 0.52129358 -0.32184201
v 0.05981152 0.52129358 -0.32184201
v 0.05591152 0.52131360 -0.32182201
v 0.03325425 -0.40246897 0.45997151
v 0.00903152 0.55645358 0.25627799
v 0.02856152 0.52134359 0.32267798
v 0.00903152 0.55646360 0.25624798
v 0.00903152 0.52131360 -0.32182201
v 0.02466152 0.52129358 -0.32184201
v 0.01441949 0.30993779 -0.52620333
v 0.01684152 0.52131360 0.32272799
v 0.02466152 0.52131360 -0.32182201
v 0.01684152 0.55646360 0.25624798
v 0.02075152 0.55645358 0.25627799
v 0.06372152 0.52134359 0.32267798
v 0.03247152 0.52131360 -0.32182201
v 0.03247152 0.55646360 0.25624798
v 0.03247152 0.52131360 0.32272799
v 0.03638152 0.55646360 0.25624798
v 0.12144928 0.25175277 0.55753773
v 0.00123152 0.55642360 -0.25543200
v 0.00193515 0.54442566 0.28224895
v 0.03247152 0.55642360 -0.25543200
v 0.02856152 0.55642360 -0.25543200
v 0.02466152 0.55642360 -0.25543200
v 0.02075152 0.55642360 -0.25543200
v 0.02856152 0.55646360 -0.25534200
v 0.02856152 0.95490360 0.23211799
v 0.06874729 0.93900349 0.27641409
v 0.02856152 0.95098358 0.24455798
v 0.04028152 0.36506360 0.49058799
v 0.04419152 0.36506360 0.49058799
v 0.04419152 0.36497360 0.49064798
v 0.04028152 0.52131360 0.32272799
v 0.04419152 0.52129358 -0.32184201
v 0.04809152 0.52129358 -0.32184201
v 0.04419152 0.52131360 -0.32182201
v 0.01294152 0.55642360 -0.25543200
v 0.00903152 0.55646360 -0.25534200
v 0.05200152 0.52131360 0.32272799
v 0.04809152 0.52131360 0.32272799
v 0.04700598 0.52390810 0.31874000
v 0.02466152 0.55646360 -0.25534200
v 0.04028152 0.55645358 0.25627799
v 0.05293168 0.56141173 0.24531269
v 0.05200152 0.55645358 0.25627799
v 0.05591152 0.55645358 0.25627799
v 0.00123152 0.55646360 -0.25534200
v 0.00513152 0.55646360 -0.25534200
v 0.04028152 0.55646360 -0.25534200
v 0.04419152 0.55642360 -0.25543200
v 0.03638152 0.55642360 -0.25543200
v 0.02466152 0.95118361 0.24455798
v 0.02466152 0.95490360 0.23271798
v 0.04568334 0.95826393 0.21872360
v 0.04419152 -0.36930639 0.48672799
v 0.06372152 -0.27946639 -0.54452204
v 0.05981152 -0.27946639 0.54537798
v 0.06372152 -0.27946639 0.54537798
v 0.04419152 -0.21696639 -0.57181203
v 0.00656557 -0.26845166 -0.55016618
v 0.04809152 -0.26383639 0.55310798
v 0.04419152 -0.26374638 0.55314798
v 0.04809152 -0.26374638 0.55314798
v 0.05981152 -0.36927641 0.48674799
v 0.04028152 -0.28727639 0.54102797
v 0.04809152 -0.27946639 0.54537798
v 0.11061803 -0.51914955 -0.32201856
v 0.11059152 -0.35361639 -0.49762201
v 0.11450152 -0.35361639 -0.49762201
v 0.05591152 -0.35361639 -0.49762201
v 0.05981152 -0.35367638 -0.49757200
v 0.05981152 -0.35361639 -0.49762201
v 0.04809152 -0.36930639 0.48672799
v 0.05200152 -0.36930639 0.48672799
v 0.04809152 -0.27952639 0.54533798
v 0.04419152 -0.27952639 0.54533798
v 0.04419152 -0.27946639 0.54537798
v 0.05200152 -0.35361639 -0.49762201
v 0.05200152 -0.27946639 -0.54452204
v 0.05591152 -0.27946639 -0.54452204
v 0.04419152 -0.26383639 0.55310798
v 0.07934152 -0.26383639 0.55310798
v 0.06372152 -0.35364640 0.49846799
v 0.04419152 -0.07641639 0.60783798
v 0.04809152 -0.07641639 0.60783798
v 0.05200152 -0.35364640 0.49846799
v 0.01634070 -0.30726030 0.52989262
v 0.04419152 -0.27946639 -0.54452204
v 0.04419152 -0.27950639 -0.54449200
v 0.04809152 -0.27950639 -0.54449200
v 0.05981152 -0.27952639 0.54533798
v 0.05591152 -0.27946639 0.54537798
v 0.03247152 -0.26374638 0.55314798
v 0.05591152 -0.35367638 0.49843798
v 0.05591152 -0.35364640 0.49846799
v 0.03638152 -0.26383639 0.55310798
v 0.04809152 -0.35364640 0.49846799
v 0.05981152 -0.21696639 -0.57181203
v 0.04809152 -0.27946639 -0.54452204
v 0.03637714 -0.27555639 -0.54670202
v 0.06372152 -0.26383639 0.55310798
v 0.05981152 -0.26383639 0.55310798
v 0.05200152 -0.27950639 -0.54449200
v 0.05591152 -0.27950639 -0.54449200
v 0.04419152 -0.35367638 -0.49757200
v 0.04028152 -0.27946639 -0.54452204
v 0.04028152 -0.27950639 -0.54449200
v 0.04419152 -0.35361639 -0.49762201
v 0.05591152 -0.36927641 0.48674799
v 0.05981152 -0.36930639 0.48672799
v 0.06372152 -0.36930639 0.48672799
v 0.06372152 -0.36927641 0.48674799
v 0.06763152 -0.36930639 0.48672799
v 0.06030527 -0.27555639 -0.54670202
v 0.06763152 -0.27946639 -0.54452204
v 0.07153152 -0.27946639 -0.54452204
v 0.05200152 -0.35367638 0.49843798
v 0.05981152 -0.27946639 -0.54452204
v 0.06372152 -0.27950639 -0.54449200
v 0.04419152 -0.35367638 0.49843798
v 0.04028152 -0.35364640 0.49846799
v 0.06372152 -0.35367638 -0.49757200
v 0.06372152 -0.35361639 -0.49762201
v 0.05200152 -0.26383639 0.55310798
v 0.05591152 -0.26383639 0.55310798
v 0.05981152 -0.21687639 -0.57184201
v 0.06372152 -0.21687639 -0.57184201
v 0.06372152 -0.21696639 -0.57181203
v 0.04809152 -0.35367638 0.49843798
v 0.09459182 -0.34282726 -0.50568236
v 0.05591152 -0.35367638 -0.49757200
v 0.03638152 -0.21696639 -0.57181203
v 0.03638152 -0.21687639 -0.57184201
v 0.04419152 -0.21687639 -0.57184201
v 0.06763152 -0.35367638 0.49843798
v 0.06372152 -0.27952639 0.54533798
v 0.05200152 -0.26374638 0.55314798
v 0.05591152 -0.36930639 0.48672799
v 0.05591152 -0.26374638 0.55314798
v 0.08325152 -0.27946639 -0.54452204
v 0.08325152 -0.27950639 -0.54449200
v 0.08716152 -0.27950639 -0.54449200
v 0.06763152 -0.35367638 -0.49757200
v 0.06763152 -0.35361639 -0.49762201
v 0.05981152 -0.27950639 -0.54449200
v 0.05574673 -0.23440924 0.56645131
v 0.05200152 -0.36927641 0.48674799
v 0.08325152 -0.35361639 -0.49762201
v 0.08325152 -0.35367638 -0.49757200
v 0.08716152 -0.35367638 -0.49757200
v 0.04809152 -0.35367638 -0.49757200
v 0.03638152 -0.07641639 0.60783798
v 0.05591152 -0.21687639 -0.57184201
v 0.05981152 -0.26374638 0.55314798
v 0.04809152 -0.36927641 0.48674799
v 0.04419152 -0.36927641 0.48674799
v 0.04028152 -0.36927641 0.48674799
v 0.06763152 -0.36927641 0.48674799
v 0.04028152 -0.21696639 -0.57181203
v 0.04028152 -0.21687639 -0.57184201
v 0.06763152 -0.27950639 -0.54449200
v 0.06763152 -0.35364640 0.49846799
v 0.06372152 -0.26374638 0.55314798
v 0.04809152 -0.07633639 0.60784800
v 0.05200152 -0.07633639 0.60784800
v 0.04936408 -0.30017333 0.53384570
v 0.06227028 -0.23504318 0.56625207
v 0.04419152 -0.07633639 0.60784800
v 0.04028152 -0.07633639 0.60784800
v 0.05591152 -0.07633639 0.60784800
v 0.06763152 -0.27952639 0.54533798
v 0.07544152 -0.27946639 -0.54452204
v 0.07934152 -0.27946639 -0.54452204
v 0.03247152 -0.07641639 0.60783798
v 0.06763152 -0.27946639 0.54537798
v 0.06372152 -0.07633639 0.60784800
v 0.05591152 -0.07641639 0.60783798
v 0.08716152 -0.07633639 0.60784800
v 0.08325152 -0.07633639 0.60784800
v 0.18481152 -0.27950639 -0.54449200
v 0.07153152 -0.21696639 -0.57181203
v 0.07544152 -0.21696639 -0.57181203
v 0.07153152 -0.21687639 -0.57184201
v 0.04028152 -0.07641639 0.60783798
v 0.03300220 0.37542375 -0.90708651
v 0.06763152 -0.21687639 -0.57184201
v 0.05013891 -0.06043652 0.60971993
v 0.05981152 -0.07633639 0.60784800
v 0.05981152 -0.07641639 0.60783798
v 0.06372152 -0.07641639 0.60783798
v 0.07153152 0.25178361 -0.55623203
v 0.07544152 0.25178361 -0.55623203
v 0.07544152 0.25180360 -0.55621200
v 0.07153152 0.25182360 -0.55621200
v 0.07934152 -0.07633639 0.60784800
v 0.08716152 0.15412360 0.59219796
v 0.09106152 0.15408361 0.59221799
v 0.08716152 0.15408361 0.59221799
v 0.06372152 0.25185361 -0.55621200
v 0.06698007 0.25952837 -0.55266091
v 0.09888152 -0.35361639 -0.49762201
v 0.10278152 -0.35361639 -0.49762201
v 0.08325152 0.15412360 0.59219796
v 0.08325152 -0.21696639 -0.57181203
v 0.07934152 0.15412360 0.59219796
v 0.08325152 0.15408361 0.59221799
v 0.05981152 0.25187361 -0.55621200
v 0.04028152 0.15408361 0.59221799
v 0.05656540 0.38063429 -0.90382913
v 0.05591152 0.15408361 0.59221799
v 0.04809152 0.36896360 -0.90880202
v 0.04419152 0.15408361 0.59221799
v 0.04419152 0.15412360 0.59219796
v 0.04809152 0.15408361 0.59221799
v 0.06372152 0.15412360 0.59219796
v 0.06372152 0.15408361 0.59221799
v 0.07934152 0.15408361 0.59221799
v 0.06763152 0.15412360 0.59219796
v 0.06763152 0.15408361 0.59221799
v 0.05200152 0.15408361 0.59221799
v 0.05200152 0.15412360 0.59219796
v 0.04028152 0.15412360 0.59219796
v 0.04809152 0.15412360 0.59219796
v 0.05200152 0.25190362 -0.55621200
v 0.05591152 0.25189361 -0.55621200
v 0.20044152 -0.36930639 0.48672799
v 0.19653153 -0.36927641 0.48674799
v 0.05981152 0.52134359 0.32267798
v 0.09707994 0.19057936 0.58332194
v 0.07544152 0.15412360 0.59219796
v 0.07153152 0.15412360 0.59219796
v 0.07544152 0.15408361 0.59221799
v 0.05981152 0.25178361 -0.55626201
v 0.04809152 0.36155361 -0.91168200
v 0.04809152 0.36506360 0.49058799
v 0.04809152 0.36497360 0.49064798
v 0.04821381 0.31095421 0.52647556
v 0.05078726 0.25186442 -0.55623470
v 0.04028152 0.55646360 0.25624798
v 0.04419152 0.55645358 0.25627799
v 0.10669152 0.15408361 0.59221799
v 0.05200152 0.52129358 -0.32184201
v 0.04809152 0.52131360 -0.32182201
v 0.05591152 0.52134359 0.32267798
v 0.05276584 0.24809033 -0.55802134
v 0.09106152 0.36506360 0.49058799
v 0.08716152 0.36506360 0.49058799
v 0.04809152 0.52134359 0.32267798
v 0.08234206 0.40115863 0.46333325
v 0.09640326 0.23413696 -0.56429511
v 0.19169201 0.43790686 -0.87166945
v 0.03638152 0.52129358 -0.32184201
v 0.04028152 0.52129358 -0.32184201
v 0.03638152 0.52131360 -0.32182201
v 0.05200152 0.52131360 -0.32182201
v 0.05200152 0.36506360 0.49058799
v 0.05200152 0.36497360 0.49064798
v 0.07934152 0.36506360 0.49058799
v 0.08812804 0.60151535 -0.10519932
v 0.04028152 0.36497360 0.49064798
v 0.05591152 0.36506360 0.49058799
v 0.05981152 0.36506360 0.49058799
v 0.05981152 0.36497360 0.49064798
v 0.06372152 0.36497360 0.49064798
v 0.05591152 0.36497360 0.49064798
v 0.06372152 0.36506360 0.49058799
v 0.04028152 0.52134359 0.32267798
v 0.05200152 0.52134359 0.32267798
v 0.03638152 0.55646360 -0.25534200
v 0.04809152 0.55646360 0.25624798
v 0.03247152 0.55646360 -0.25534200
v 0.04419152 0.55646360 0.25624798
v 0.04809152 0.55645358 0.25627799
v 0.05591152 0.55646360 0.25624798
v 0.04419152 0.52131360 0.32272799
v 0.07544152 0.36497360 0.49064798
v 0.24019892 0.58719479 -0.17981686
v 0.05200152 0.55646360 0.25624798
v 0.06372152 0.52131360 0.32272799
v 0.06763152 0.52131360 0.32272799
v 0.05591152 0.52131360 0.32272799
v 0.05981152 0.52131360 0.32272799
v 0.04028152 0.52131360 -0.32182201
v 0.06763152 0.52131360 -0.32182201
v 0.06763152 0.52129358 -0.32184201
v 0.07153152 0.52129358 -0.32184201
v 0.06372152 0.52129358 -0.32184201
v 0.05981152 0.52131360 -0.32182201
v 0.10290929 0.54047813 0.28985896
v 0.04419152 0.52134359 0.32267798
v 0.06763152 0.52134359 0.32267798
v 0.07544152 0.52129358 -0.32184201
v 0.07153152 0.52131360 -0.32182201
v 0.07934152 0.52134359 0.32267798
v 0.06372152 0.52131360 -0.32182201
v 0.04028152 0.55642360 -0.25543200
v 0.06372152 0.55646360 0.25624798
v 0.06763152 0.55645358 0.25627799
v 0.06763152 0.55646360 0.25624798
v 0.08939309 0.60503531 -0.08611031
v 0.09497152 0.60724359 -0.06799201
v 0.07153152 0.36506360 0.49058799
v 0.06763152 0.36506360 0.49058799
v 0.09497152 0.60726362 0.06877799
v 0.10346917 0.60334836 0.09614528
v -0.06186897 0.59693481 -0.13262355
v 0.09106152 0.60727363 0.06877799
v 0.07544152 0.36506360 0.49058799
v 0.09106152 0.60334360 -0.09539201
v 0.09093564 0.60335986 -0.09530311
v 0.07934152 0.52131360 0.32272799
v 0.07544152 0.52134359 0.32267798
v -0.03423846 0.78038632 -0.60123083
v 0.05515551 0.54007979 -0.29010788
v 0.06238868 0.51344483 0.33423838
v 0.08716152 0.52131360 -0.32182201
v 0.08325152 0.52131360 -0.32182201
v 0.08716152 0.55645358 0.25627799
v 0.09106152 0.55645358 0.25627799
v 0.08755938 0.90810366 -0.37027620
v 0.02065560 0.56455756 -0.23644493
v 0.08983523 0.86925783 -0.45073735
v 0.07153152 0.55646360 0.25624798
v 0.08325152 0.55646360 0.25624798
v 0.09497152 0.86896360 -0.45079201
v 0.09497156 0.86905612 -0.45056615
v 0.09888152 0.36497360 0.49064798
v 0.10427188 -0.46371434 -0.39762315
v 0.15679119 -0.40434807 0.45787066
v 0.09888152 -0.35364640 0.49846799
v 0.09497152 -0.35364640 0.49846799
v 0.10139468 -0.27426906 0.54817033
v 0.11841152 -0.43961639 0.42426799
v 0.08716152 -0.35367638 0.49843798
v 0.08716152 -0.35364640 0.49846799
v 0.09106152 -0.35367638 0.49843798
v 0.08325152 -0.35364640 0.49846799
v 0.07544152 -0.35361639 -0.49762201
v 0.07934152 -0.35367638 -0.49757200
v 0.07934152 -0.35361639 -0.49762201
v 0.09497152 -0.36930639 0.48672799
v 0.09888152 -0.36930639 0.48672799
v 0.08325152 -0.26374638 0.55314798
v 0.07934152 -0.26374638 0.55314798
v 0.07153152 -0.35361639 -0.49762201
v 0.07153152 -0.35367638 -0.49757200
v 0.07544152 -0.35367638 -0.49757200
v 0.07671273 -0.40507470 0.45762434
v 0.01381106 -0.45422187 -0.40804094
v 0.13403153 -0.35367638 0.49843798
v 0.13208027 -0.36018139 0.49357299
v 0.07544152 -0.36927641 0.48674799
v 0.07153152 -0.36927641 0.48674799
v 0.07544152 -0.36930639 0.48672799
v 0.07544152 -0.27950639 -0.54449200
v 0.07250902 -0.36051014 0.49332674
v 0.01707960 -0.40263314 -0.45900977
v 0.07153152 -0.36930639 0.48672799
v 0.07934152 -0.27950639 -0.54449200
v 0.07934152 -0.35367638 0.49843798
v 0.07544152 -0.35364640 0.49846799
v 0.07934152 -0.35364640 0.49846799
v 0.11841152 -0.35361639 -0.49762201
v 0.12231152 -0.35361639 -0.49762201
v 0.09106152 -0.27946639 -0.54452204
v 0.09106152 -0.27950639 -0.54449200
v 0.09497152 -0.27950639 -0.54449200
v 0.07544152 -0.37321639 0.48362798
v 0.07934152 -0.36930639 0.48672799
v 0.08325152 -0.36927641 0.48674799
v 0.07934152 -0.36927641 0.48674799
v 0.09888152 -0.27950639 -0.54449200
v 0.09497152 -0.27946639 -0.54452204
v 0.06726089 -0.27352077 0.54859362
v 0.09497152 -0.35361639 -0.49762201
v 0.08325152 -0.35367638 0.49843798
v 0.08593769 -0.27435220 -0.54733822
v 0.08716152 -0.26383639 0.55310798
v 0.09106152 -0.26383639 0.55310798
v 0.09888152 -0.35367638 0.49843798
v 0.07934152 -0.27946639 0.54537798
v 0.08325152 -0.27946639 0.54537798
v 0.09106152 -0.26374638 0.55314798
v 0.09497152 -0.26374638 0.55314798
v 0.08325152 -0.26383639 0.55310798
v 0.09106152 -0.35361639 -0.49762201
v 0.08716152 -0.27952639 0.54533798
v 0.08716152 -0.27946639 0.54537798
v 0.06763152 -0.26383639 0.55310798
v 0.09497152 -0.35367638 0.49843798
v 0.09106152 -0.36930639 0.48672799
v 0.06763152 -0.26374638 0.55314798
v 0.14575151 -0.27946639 -0.54452204
v 0.14184152 -0.27946639 -0.54452204
v 0.14575151 -0.27950639 -0.54449200
v 0.06763152 -0.21696639 -0.57181203
v 0.07153152 -0.27952639 0.54533798
v 0.07153152 -0.27946639 0.54537798
v 0.07544152 -0.26374638 0.55314798
v 0.07153152 -0.26374638 0.55314798
v 0.07153152 -0.27950639 -0.54449200
v 0.09106152 -0.35364640 0.49846799
v 0.07544152 -0.35367638 0.49843798
v 0.07153152 -0.35364640 0.49846799
v 0.08716152 -0.35361639 -0.49762201
v 0.07153152 -0.26383639 0.55310798
v 0.08716152 -0.28727639 0.54102797
v 0.07544152 -0.27946639 0.54537798
v 0.10278152 -0.26383639 0.55310798
v 0.10669152 -0.26383639 0.55310798
v 0.07544152 -0.26383639 0.55310798
v 0.08325152 -0.27952639 0.54533798
v 0.07544152 -0.27952639 0.54533798
v 0.25744999 -0.15575951 -0.95511822
v 0.07153152 -0.35367638 0.49843798
v 0.09106152 -0.36927641 0.48674799
v 0.09888152 -0.26374638 0.55314798
v 0.09888152 -0.26383639 0.55310798
v 0.07934152 -0.21687639 -0.57184201
v 0.07544152 -0.21687639 -0.57184201
v 0.11450152 -0.07641639 0.60783798
v 0.11059152 -0.07633639 0.60784800
v 0.11450152 -0.07633639 0.60784800
v 0.12622152 -0.36930639 0.48672799
v 0.09106152 -0.35367638 -0.49757200
v 0.09497152 -0.35367638 -0.49757200
v 0.09888152 -0.35367638 -0.49757200
v 0.07934152 -0.27952639 0.54533798
v 0.11059152 -0.35367638 0.49843798
v 0.08325152 -0.07641639 0.60783798
v 0.07934152 -0.07641639 0.60783798
v 0.09497152 -0.36927641 0.48674799
v 0.09888152 -0.36927641 0.48674799
v 0.09497152 -0.07641639 0.60783798
v 0.09106152 -0.07633639 0.60784800
v 0.09497152 -0.07633639 0.60784800
v 0.06763152 -0.07633639 0.60784800
v 0.06763152 -0.07641639 0.60783798
v 0.09106152 -0.27946639 0.54537798
v 0.09888152 -0.27946639 -0.54452204
v 0.09497152 -0.27952639 0.54533798
v 0.09106152 -0.27952639 0.54533798
v 0.07934152 -0.21696639 -0.57181203
v 0.08716152 -0.26374638 0.55314798
v 0.09497161 -0.27948320 0.54536676
v 0.12622152 -0.07633639 0.60784800
v 0.07153152 -0.07641639 0.60783798
v 0.07544152 -0.07641639 0.60783798
v 0.02456865 -0.31397381 -0.93292804
v 0.12166180 -0.18755221 -0.58215000
v 0.07544152 -0.07633639 0.60784800
v 0.06726842 -0.20459968 -0.57623335
v 0.29498587 -0.46040504 -0.53719315
v 0.09997527 -0.23258639 -0.56622200
v 0.11059152 -0.07641639 0.60783798
v 0.09612679 0.27524262 -0.54548304
v 0.11059152 -0.36919639 -0.48590200
v 0.10669152 -0.36919639 -0.48590200
v 0.11059152 -0.36930639 -0.48582201
v 0.08716152 -0.07641639 0.60783798
v 0.07153152 -0.07633639 0.60784800
v 0.09106152 -0.07641639 0.60783798
v 0.08169152 0.25178361 -0.55621200
v 0.19653153 -0.08805640 0.19763798
v 0.09497152 0.15412360 0.59219796
v 0.09106152 0.15412360 0.59219796
v 0.09497152 0.15408361 0.59221799
v 0.05016057 0.30393694 -0.93531785
v 0.10669152 -0.07633639 0.60784800
v 0.09888152 0.15412360 0.59219796
v 0.09106152 0.52131360 0.32272799
v 0.08716152 0.52134359 0.32267798
v 0.09106152 0.52134359 0.32267798
v 0.07153152 0.15408361 0.59221799
v 0.09888152 0.15408361 0.59221799
v 0.15910739 0.14649748 0.59400153
v 0.07934152 0.52131360 -0.32182201
v 0.08325152 0.52129358 -0.32184201
v 0.12231152 0.15408361 0.59221799
v 0.12231152 0.15412360 0.59219796
v 0.12622152 0.15408361 0.59221799
v 0.07934152 0.25179362 -0.55621200
v 0.20825151 0.15412360 0.59219796
v 0.08325152 0.36497360 0.49064798
v 0.08716152 0.36497360 0.49064798
v 0.08325152 0.36506360 0.49058799
v 0.07934152 0.25178361 -0.55622201
v 0.22570470 -0.39519964 -0.87653157
v 0.22388152 -0.39664638 -0.87663203
v 0.08325152 0.52131360 0.32272799
v 0.08325152 0.52134359 0.32267798
v 0.07153152 0.52131360 0.32272799
v 0.03587668 0.31346536 -0.52405385
v 0.07153152 0.52134359 0.32267798
v 0.07544152 0.52131360 0.32272799
v 0.09106152 0.36497360 0.49064798
v 0.09497152 0.36497360 0.49064798
v 0.09106152 0.52129358 -0.32184201
v 0.09497152 0.52129358 -0.32184201
v 0.09106152 0.52131360 -0.32182201
v 0.07934152 0.36497360 0.49064798
v 0.07542147 0.34004343 -0.50707337
v 0.06763152 0.36497360 0.49064798
v 0.07153152 0.36497360 0.49064798
v 0.12036152 0.38076861 -0.47815701
v 0.05237997 0.35077346 0.50065549
v 0.09497152 0.36506360 0.49058799
v 0.09888152 0.36506360 0.49058799
v 0.08716152 0.52131360 0.32272799
v 0.07544152 0.52131360 -0.32182201
v 0.11841152 0.38459360 -0.47509202
v 0.09608999 0.59631662 -0.13299616
v 0.07934152 0.55645358 0.25627799
v 0.07934152 0.55646360 0.25624798
v 0.08325152 0.55645358 0.25627799
v 0.07934152 0.52129358 -0.32184201
v 0.08716152 0.52129358 -0.32184201
v 0.10669152 0.52131360 -0.32182201
v 0.11059152 0.52129358 -0.32184201
v 0.11059152 0.52131360 -0.32182201
v 0.09537152 0.86896360 -0.45074200
v 0.07544152 0.55646360 0.25624798
v 0.07544152 0.55645358 0.25627799
v 0.09497152 0.52131360 0.32272799
v 0.09497152 0.52134359 0.32267798
v 0.09888152 0.52131360 0.32272799
v 0.09888152 0.52129358 -0.32184201
v 0.10278152 0.52129358 -0.32184201
v 0.09888152 0.52131360 -0.32182201
v 0.01569091 0.74928786 -0.63819738
v 0.11450152 0.28303361 0.54149801
v 0.07153152 0.55645358 0.25627799
v 0.08716152 0.55646360 0.25624798
v 0.09888152 0.52134359 0.32267798
v 0.10278152 0.52388358 0.31877799
v 0.09497152 0.55646360 0.25624798
v 0.09497152 0.52131360 -0.32182201
v 0.09106152 0.55646360 0.25624798
v 0.09497152 0.55645358 0.25627799
v 0.10278152 0.86486363 -0.45856201
v 0.09888152 0.55646360 0.25624798
v 0.09888152 0.55645358 0.25627799
v 0.10110747 0.60047882 0.11157310
v 0.09497152 0.60335362 -0.09528201
v 0.09497152 0.60334360 -0.09535201
v 0.11597907 0.40729076 -0.45695216
v 0.08303834 0.60790652 0.06658445
v 0.12765849 0.52388612 -0.31786026
v 0.19047469 0.59503660 -0.80050181
v 0.10669152 0.52134359 0.32267798
v 0.12818192 0.52437739 0.31779503
v 0.11059152 0.52131360 0.32272799
v 0.08490105 0.34495268 0.50470380
v 0.11059152 0.36506360 0.49058799
v 0.11450152 0.36506360 0.49058799
v 0.11450152 0.36497360 0.49064798
v 0.09888152 0.60334360 -0.09531201
v 0.09888152 0.60334360 -0.09528201
v 0.11059152 0.38068360 -0.47822200
v 0.09491345 0.60725375 -0.06793205
v 0.23335052 -0.24357896 -0.56328862
v 0.09888152 0.60630363 -0.07574201
v 0.09888152 0.60771358 -0.06403201
v 0.09888152 0.60724359 -0.06794201
v 0.09888152 0.60724359 -0.06793201
v 0.18872151 -0.27946639 -0.54452204
v 0.19263152 -0.27950639 -0.54449200
v 0.10345705 0.60515911 0.08595750
v 0.09497152 0.60724359 0.06890799
v 0.09888152 0.60724359 0.06884799
v 0.08284219 0.59618827 0.13803545
v 0.11722507 0.60488724 0.08768779
v 0.10669152 0.36506360 0.49058799
v 0.10278152 0.36506360 0.49058799
v 0.10669152 0.52131360 0.32272799
v 0.09887968 0.86503932 -0.45858988
v 0.09921470 0.86517375 -0.45830120
v 0.10669152 0.52129358 -0.32184201
v 0.10278152 0.52131360 0.32272799
v 0.09888152 0.87250363 -0.44293200
v 0.10278152 0.52131360 -0.32182201
v 0.09902152 0.86506360 -0.45856201
v 0.11450152 0.55645358 0.25627799
v 0.11059152 0.55645358 0.25627799
v 0.13208645 0.87144188 -0.44153102
v 0.10669152 0.55645358 0.25627799
v 0.10912111 0.86070850 -0.46667785
v 0.14391367 0.60327337 -0.09811557
v 0.10278152 0.60584360 0.08049799
v 0.10278152 -0.26374638 0.55314798
v 0.10669152 -0.26374638 0.55314798
v 0.10571277 -0.36018139 0.49357299
v 0.11450152 -0.36930639 0.48672799
v 0.11450152 -0.35367638 -0.49757200
v 0.13112297 -0.36144348 -0.49174191
v 0.11841152 -0.35367638 -0.49757200
v 0.11841152 -0.36919639 -0.48590200
v 0.05088049 -0.43729797 -0.42597553
v 0.10669152 -0.43961639 0.42429800
v 0.10669152 -0.35364640 0.49846799
v 0.11450152 -0.35364640 0.49846799
v 0.04609572 -0.49640477 -0.35932325
v 0.10669152 -0.35367638 0.49843798
v 0.10278152 -0.35364640 0.49846799
v 0.12231152 -0.43963638 0.42424799
v 0.12622152 -0.43962640 0.42424799
v 0.12408254 -0.43884693 -0.42418456
v 0.10669152 -0.36930639 -0.48582201
v 0.12824152 -0.43961639 0.42424799
v 0.09955845 -0.44121404 0.42260588
v 0.11059152 -0.43966639 0.42424799
v 0.10278152 -0.35367638 0.49843798
v 0.12231152 -0.36919639 -0.48590200
v 0.12231152 -0.36930639 -0.48582201
v 0.11450152 -0.43965638 0.42424799
v 0.11841152 -0.43964640 0.42424799
v 0.11450152 -0.36930639 -0.48582201
v 0.12418417 -0.43431800 0.42953734
v 0.27848152 -0.67789638 0.02580799
v 0.27846152 -0.67789638 0.02189799
v 0.27466152 -0.67234642 0.01799799
v 0.13013152 -0.36930639 0.48672799
v 0.13013152 -0.36930639 -0.48582201
v 0.12622152 -0.36930639 -0.48582201
v 0.11450152 -0.26383639 0.55310798
v 0.19323061 -0.54104601 -0.81067116
v 0.11450152 -0.35367638 0.49843798
v 0.11841152 -0.35367638 0.49843798
v 0.11841152 -0.27946639 -0.54452204
v 0.11841152 -0.27950639 -0.54449200
v 0.12231152 -0.27950639 -0.54449200
v 0.13013152 -0.43961639 0.42424799
v 0.13013152 -0.43961639 0.42423800
v 0.11450152 -0.36919639 -0.48590200
v 0.12231152 -0.43961639 0.42425800
v 0.10278152 -0.35367638 -0.49757200
v 0.11059152 -0.27946639 -0.54452204
v 0.12231405 -0.37729150 -0.47952762
v 0.13794152 -0.35361639 -0.49762201
v 0.14184152 -0.35367638 -0.49757200
v 0.14184152 -0.35361639 -0.49762201
v 0.10669152 -0.35361639 -0.49762201
v 0.10278152 -0.28654638 0.54142798
v 0.12622152 -0.35361639 -0.49762201
v 0.12622152 -0.35367638 -0.49757200
v 0.13013152 -0.35367638 -0.49757200
v 0.09888152 -0.07641639 0.60783798
v 0.11059152 -0.43961639 0.42428798
v 0.11059152 -0.35364640 0.49846799
v 0.18660058 -0.10827717 0.15498655
v 0.11450152 -0.36927641 0.48674799
v 0.12622152 -0.43959639 -0.42340200
v 0.13013152 -0.43958640 -0.42340200
v 0.02546893 -0.17423590 -0.58656101
v 0.10278152 -0.36927641 0.48674799
v 0.10278152 -0.36930639 0.48672799
v 0.10278152 -0.27946639 -0.54452204
v 0.10278152 -0.27950639 -0.54449200
v 0.14966152 -0.43570638 0.42814798
v 0.14672152 -0.43571639 0.42814798
v 0.14966152 -0.43571639 0.42814798
v 0.11450152 -0.43961639 0.42427800
v 0.10669152 -0.27946639 -0.54452204
v 0.10669152 -0.27950639 -0.54449200
v 0.10669152 -0.35367638 -0.49757200
v 0.11059152 -0.26374638 0.55314798
v 0.12237182 -0.27437808 -0.54732910
v 0.11059152 -0.27950639 -0.54449200
v 0.13013152 -0.43961639 -0.42336201
v 0.13403153 -0.43960640 0.42424799
v 0.13403153 -0.43961639 0.42422799
v 0.14575151 -0.35367638 0.49843798
v 0.14184152 -0.35364640 0.49846799
v 0.14575151 -0.35364640 0.49846799
v 0.19263152 -0.36930639 -0.48582201
v 0.18872151 -0.36919639 -0.48590200
v 0.18872151 -0.36930639 -0.48582201
v 0.11841152 -0.36930639 0.48672799
v 0.11450152 -0.26374638 0.55314798
v 0.11841152 -0.26374638 0.55314798
v 0.12622152 -0.35367638 0.49843798
v 0.11059152 -0.26383639 0.55310798
v 0.11450152 -0.27946639 -0.54452204
v 0.12231152 -0.35367638 -0.49757200
v 0.12231152 -0.27946639 -0.54452204
v 0.11841152 -0.36927641 0.48674799
v 0.09497152 -0.26383639 0.55310798
v 0.12622152 -0.43961639 0.42424799
v 0.11059152 -0.36930639 0.48672799
v 0.10669152 -0.36930639 0.48672799
v 0.10669152 -0.36927641 0.48674799
v 0.10278152 -0.07641639 0.60783798
v 0.12231152 -0.36930639 0.48672799
v 0.11841152 -0.26383639 0.55310798
v 0.10669152 -0.07641639 0.60783798
v 0.11841152 -0.36930639 -0.48582201
v 0.12622152 -0.27950639 -0.54449200
v 0.09771952 -0.36195942 -0.49135340
v 0.12231152 -0.36927641 0.48674799
v 0.12622152 -0.27946639 -0.54452204
v 0.13013152 -0.35367638 0.49843798
v 0.12622152 -0.35364640 0.49846799
v 0.12231152 -0.26383639 0.55310798
v 0.12231152 -0.26374638 0.55314798
v 0.12622152 -0.26383639 0.55310798
v 0.13013152 -0.36919639 -0.48590200
v 0.12622152 -0.36919639 -0.48590200
v 0.12622152 -0.07641639 0.60783798
v 0.13013152 -0.07641639 0.60783798
v 0.12231152 -0.35367638 0.49843798
v 0.11841152 -0.35364640 0.49846799
v 0.12231152 -0.35364640 0.49846799
v 0.28893338 -0.43717798 -0.83070207
v 0.13013152 -0.35364640 0.49846799
v 0.12231152 -0.07641639 0.60783798
v 0.12231152 -0.07633639 0.60784800
v 0.14165410 -0.27682416 0.54700953
v 0.11841152 -0.07633639 0.60784800
v 0.11059152 -0.35367638 -0.49757200
v 0.11059152 -0.36927641 0.48674799
v 0.13013152 -0.35361639 -0.49762201
v 0.12622152 -0.36927641 0.48674799
v 0.11450152 -0.27950639 -0.54449200
v 0.13013152 -0.36927641 0.48674799
v 0.14851506 -0.23430848 -0.56568089
v 0.13013152 -0.27946639 -0.54452204
v 0.13013152 -0.27950639 -0.54449200
v 0.12622152 -0.26374638 0.55314798
v 0.09888152 -0.07633639 0.60784800
v 0.11841152 -0.07641639 0.60783798
v 0.10486573 -0.09890348 0.60516412
v 0.18429008 0.09283925 0.26631125
v 0.10278152 -0.07633639 0.60784800
v 0.11450152 0.15412360 0.59219796
v 0.10278152 0.15412360 0.59219796
v 0.10675471 0.49626163 -0.35873263
v 0.11450152 0.28315362 0.54142798
v 0.11841152 0.28314361 0.54142798
v 0.11841152 0.28303361 0.54149801
v 0.15497314 0.49863902 -0.35516515
v 0.06518712 0.13526834 0.59649754
v 0.12231152 0.28303361 0.54148800
v 0.12231152 0.28312361 0.54142798
v 0.11059152 0.15412360 0.59219796
v 0.11450152 0.15408361 0.59221799
v 0.16363623 0.32996874 -0.51324705
v 0.11841152 0.15408361 0.59221799
v 0.10669152 0.15412360 0.59219796
v 0.11059152 0.15408361 0.59221799
v 0.14575151 0.15412360 0.59219796
v 0.14966152 0.15408361 0.59221799
v 0.14575151 0.15408361 0.59221799
v 0.11450152 0.29084360 0.53723801
v 0.13013152 0.15412360 0.59219796
v 0.12622152 0.15412360 0.59219796
v 0.13013152 0.15408361 0.59221799
v 0.10278152 0.36497360 0.49064798
v 0.10669152 0.36497360 0.49064798
v 0.13013152 0.28309360 0.54142798
v 0.13403153 0.28308361 0.54142798
v 0.13013152 0.28303361 0.54146797
v 0.13403153 0.28303361 0.54145802
v 0.11450152 0.38068360 -0.47822200
v 0.11841152 0.15412360 0.59219796
v 0.11841152 0.36497360 0.49064798
v 0.15747151 0.15412360 0.59219796
v 0.15356152 0.15412360 0.59219796
v 0.15747151 0.15408361 0.59221799
v 0.11450152 0.52129358 -0.32184201
v 0.11841152 0.52131360 -0.32182201
v 0.12622152 0.28303361 0.54147799
v 0.12622152 0.28311360 0.54142798
v 0.12622152 0.55646360 0.25624798
v 0.13013152 0.55646360 0.25624798
v 0.13013152 0.55645358 0.25627799
v 0.12622152 0.36506360 0.49058799
v 0.13013152 0.36506360 0.49058799
v 0.13013152 0.36497360 0.49064798
v 0.04849082 0.79285490 -0.58052951
v 0.12622152 0.36497360 0.49064798
v 0.11059152 0.36497360 0.49064798
v 0.11841152 0.38068360 -0.47822200
v 0.19917122 0.22533642 -0.20631268
v 0.11841152 0.52129358 -0.32184201
v 0.12231152 0.52129358 -0.32184201
v 0.11841152 0.36506360 0.49058799
v 0.11795453 0.30153583 0.53138615
v 0.11420339 0.38081389 -0.47812232
v 0.11450152 0.38085362 -0.47809201
v 0.09913152 0.60724359 -0.06793201
v 0.11450152 0.52131360 -0.32182201
v 0.12231152 0.36506360 0.49058799
v 0.12231152 0.36497360 0.49064798
v 0.11841152 0.55645358 0.25627799
v 0.11841152 0.55646360 0.25624798
v 0.12231152 0.55645358 0.25627799
v 0.17700151 0.09170361 0.60392798
v 0.11059152 0.55646360 0.25624798
v 0.11450152 0.55646360 0.25624798
v 0.27855153 -0.67789638 0.04142799
v 0.12231152 0.52131360 -0.32182201
v 0.10278152 0.52134359 0.32267798
v 0.12622152 0.52129358 -0.32184201
v 0.12231152 0.55646360 0.25624798
v 0.10219152 0.60334360 -0.09528201
v 0.12622152 0.52131360 -0.32182201
v 0.21226948 0.24016238 -0.14994800
v 0.10278152 0.55645358 0.25627799
v 0.10278152 0.55646360 0.25624798
v 0.12423069 0.49900102 0.35557493
v 0.15356152 0.28303361 0.54141796
v 0.14966152 0.28303361 0.54142798
v 0.15747151 0.52129358 -0.32184201
v 0.18686063 0.51199135 -0.33547261
v 0.10669152 0.55646360 0.25624798
v 0.12622152 0.55645358 0.25627799
v 0.14966152 0.55645358 0.25627799
v 0.15356152 0.55645358 0.25627799
v 0.22064475 0.43788569 0.07393416
v 0.09172396 0.61366065 -0.00091473
v 0.10278152 0.60724359 0.06878799
v 0.10290009 0.60725162 0.06877889
v 0.09888152 0.60725361 0.06877799
v 0.10728170 0.60709919 0.07052330
v 0.11059152 0.60333359 0.09611799
v 0.11450152 0.60333359 0.09611799
v 0.10891152 0.60334360 0.09611799
v 0.12622152 0.60334360 0.09594799
v 0.18881704 0.32343262 0.51830450
v 0.11059152 0.60334360 0.09609799
v 0.12231152 0.60334360 0.09598799
v 0.11841152 0.60334360 0.09602799
v 0.11450152 0.60334360 0.09606799
v 0.11841152 0.60332363 0.09611799
v 0.12231152 0.60331362 0.09611799
v 0.18830687 0.76641557 -0.60688676
v 0.09961478 0.52389240 -0.31785620
v 0.14184152 0.52129358 -0.32184201
v 0.13403153 0.55645358 0.25627799
v 0.13403153 0.55646360 0.25624798
v 0.17571439 0.91182236 0.35164690
v 0.13403153 -0.35361639 -0.49762201
v 0.13794152 -0.35367638 -0.49757200
v 0.13013152 -0.26374638 0.55314798
v 0.25863328 -0.40427874 -0.50886216
v 0.26015257 -0.65011083 0.06434448
v 0.13794152 -0.43961639 0.42421798
v 0.15747151 -0.43568638 0.42814798
v 0.15747151 -0.43571639 0.42812798
v 0.15356152 -0.43571639 0.42813800
v 0.23950151 -0.88894642 0.35002799
v 0.23976565 -0.88885454 0.35002467
v 0.14184152 -0.43961639 0.42420799
v 0.14575151 -0.43961639 0.42419798
v 0.15356152 -0.43569640 0.42814798
v 0.15129863 -0.43557622 -0.42730057
v 0.13794152 -0.43956641 -0.42340200
v 0.14184152 -0.43955639 -0.42340200
v 0.13794152 -0.43959639 0.42424799
v 0.13403153 -0.43957639 -0.42340200
v 0.13403153 -0.43961639 -0.42335203
v 0.13794152 -0.43961639 -0.42334201
v 0.14575151 -0.43961639 -0.42332201
v 0.14575151 -0.43954638 -0.42340200
v 0.22638795 -0.40190514 -0.45878230
v 0.14184152 -0.36919639 -0.48590200
v 0.11419972 -0.30837621 -0.52832476
v 0.13403153 -0.35364640 0.49846799
v 0.28951118 -0.69403327 0.03768898
v 0.12118004 -0.33831494 -0.50888037
v 0.12305070 -0.46173958 0.40048991
v 0.14966152 -0.35367638 0.49843798
v 0.14966152 -0.35364640 0.49846799
v 0.13403153 -0.35367638 -0.49757200
v 0.15747151 -0.35367638 0.49843798
v 0.15356152 -0.35364640 0.49846799
v 0.15747151 -0.35364640 0.49846799
v 0.13794152 -0.35367638 0.49843798
v 0.13794152 -0.35364640 0.49846799
v 0.14575151 -0.35367638 -0.49757200
v 0.14575151 -0.35361639 -0.49762201
v 0.23247968 -0.60501703 0.10468523
v 0.00853819 -0.87340694 0.47073396
v 0.30970006 -0.63888394 -0.63029484
v 0.16138152 -0.43953640 0.42424799
v 0.15747151 -0.43954638 0.42424799
v 0.16138152 -0.43571639 0.42811800
v 0.15391149 -0.37318660 0.48364804
v 0.13403153 -0.27946639 -0.54452204
v 0.13403153 -0.27950639 -0.54449200
v 0.14575151 -0.36930639 0.48672799
v 0.14184152 -0.36930639 0.48672799
v 0.14184152 -0.36927641 0.48674799
v 0.15747151 -0.43961639 0.42416800
v 0.14966152 -0.43961639 -0.42331200
v 0.13794152 -0.36927641 0.48674799
v 0.13794152 -0.36930639 0.48672799
v 0.15537208 -0.43952182 -0.42340194
v 0.18732074 -0.43832548 -0.42459002
v 0.28240874 -0.42753684 -0.53289317
v 0.28253151 -0.42789638 -0.53278201
v 0.34867762 -0.82326446 -0.01689171
v 0.16138152 -0.43567640 0.42814798
v 0.13794152 -0.27950639 -0.54449200
v 0.14184152 -0.43961639 -0.42333200
v 0.16528153 -0.27946639 -0.54452204
v 0.16138152 -0.27946639 -0.54452204
v 0.16528153 -0.27950639 -0.54449200
v 0.28396201 -0.92869726 -0.14419251
v 0.14966152 -0.43953640 -0.42340200
v 0.23140858 -0.57712910 0.19926479
v 0.14966152 -0.43961639 0.42418800
v 0.13336671 -0.37444959 0.48264093
v 0.14575151 -0.43957639 0.42424799
v 0.14966152 -0.43956641 0.42424799
v 0.18481152 -0.43571639 0.42805798
v 0.18872151 -0.43559638 0.42814798
v 0.14184152 -0.43958640 0.42424799
v 0.15356152 -0.43961639 0.42417798
v 0.15356152 -0.43955639 0.42424799
v 0.15356152 -0.27946639 -0.54452204
v 0.14966152 -0.27946639 -0.54452204
v 0.15356152 -0.27950639 -0.54449200
v 0.14966152 -0.27950639 -0.54449200
v 0.14575151 -0.36927641 0.48674799
v 0.15356152 -0.43961639 -0.42330202
v 0.10778565 -0.32174988 0.52095504
v 0.13013152 -0.26383639 0.55310798
v 0.16040152 -0.34196639 0.50717802
v 0.14966152 -0.35361639 -0.49762201
v 0.14966152 -0.35367638 -0.49757200
v 0.15356152 -0.35367638 -0.49757200
v 0.13403153 -0.36927641 0.48674799
v 0.15356152 -0.36930639 0.48672799
v 0.15747151 -0.36930639 0.48672799
v 0.16528153 -0.36930639 -0.48582201
v 0.16528153 -0.36919639 -0.48590200
v 0.16138152 -0.36919639 -0.48590200
v 0.14966152 -0.36927641 0.48674799
v 0.14966152 -0.36930639 0.48672799
v 0.14184152 -0.27950639 -0.54449200
v 0.15161152 -0.35886640 0.49455798
v 0.15356152 -0.35361639 -0.49762201
v 0.15747151 -0.35367638 -0.49757200
v 0.15747151 -0.35361639 -0.49762201
v 0.16138152 -0.35367638 0.49843798
v 0.14184152 -0.35367638 0.49843798
v 0.16138152 -0.35367638 -0.49757200
v 0.16138152 -0.35361639 -0.49762201
v 0.13794152 -0.27946639 -0.54452204
v 0.28247151 -0.43180639 -0.52887201
v 0.13403153 -0.36930639 0.48672799
v 0.15356152 -0.35367638 0.49843798
v 0.16806757 -0.36196136 -0.49135194
v 0.16919152 -0.35361639 -0.49762201
v 0.16528153 -0.35361639 -0.49762201
v 0.15356152 -0.36927641 0.48674799
v 0.16138152 -0.36927641 0.48674799
v 0.15747151 -0.36927641 0.48674799
v 0.16138152 -0.36930639 0.48672799
v 0.16138152 -0.35364640 0.49846799
v 0.13314852 -0.23487976 0.56629905
v 0.15747151 -0.27946639 -0.54452204
v 0.15747151 -0.27950639 -0.54449200
v 0.26289186 -0.94468611 0.07151150
v 0.23394742 -0.22559011 0.57489316
v 0.27387557 -0.12763712 0.00841026
v 0.13013152 -0.07633639 0.60784800
v 0.19263152 -0.35367638 -0.49757200
v 0.19653153 -0.35367638 -0.49757200
v 0.23683955 0.23300255 0.56504635
v 0.14966152 0.15412360 0.59219796
v 0.15356152 0.15408361 0.59221799
v 0.14966152 0.28302359 0.54142798
v 0.15356152 0.28300359 0.54142798
v 0.16138152 0.15408361 0.59221799
v 0.15747151 0.28299361 0.54142798
v 0.12548011 0.14601691 0.59411709
v 0.18481152 0.15412360 0.59219796
v 0.18872151 0.15408361 0.59221799
v 0.14820152 0.28303361 0.54142798
v 0.14184152 0.15412360 0.59219796
v 0.14184152 0.15408361 0.59221799
v 0.21997151 0.43136361 -0.07184201
v 0.21997151 0.43143361 -0.06793201
v 0.18091152 0.15412360 0.59219796
v 0.18481152 0.15408361 0.59221799
v 0.13794152 0.28303361 0.54144800
v 0.13403153 0.15408361 0.59221799
v 0.13794152 0.15408361 0.59221799
v 0.13794152 0.15412360 0.59219796
v 0.13403153 0.15412360 0.59219796
v 0.14575151 0.28303361 0.54143799
v 0.14184152 0.28303361 0.54144800
v 0.14184152 0.28305360 0.54142798
v 0.14726700 0.27636964 0.54517141
v 0.16138152 0.28303361 0.54140801
v 0.14805655 0.34755962 -0.50202418
v 0.14575151 0.28303361 0.54142798
v 0.13794152 0.28306362 0.54142798
v 0.15747151 0.28303361 0.54140801
v 0.20044152 0.15408361 0.59221799
v 0.13794152 0.36497360 0.49064798
v 0.14184152 0.36497360 0.49064798
v 0.13794152 0.36506360 0.49058799
v 0.31370152 0.36896360 0.10002799
v 0.31369153 0.36896360 0.09611799
v 0.31372151 0.36906361 0.09611799
v 0.15804666 0.16259769 0.59014606
v 0.15356152 0.36497360 0.49064798
v 0.15747151 0.36497360 0.49064798
v 0.15356152 0.36506360 0.49058799
v 0.13403153 0.36506360 0.49058799
v 0.13403153 0.36497360 0.49064798
v 0.14736985 0.31005325 0.52667809
v 0.14575151 0.36497360 0.49064798
v 0.14184152 0.36506360 0.49058799
v 0.14575151 0.36506360 0.49058799
v 0.13794152 0.55646360 0.25624798
v 0.14184152 0.55646360 0.25624798
v 0.14184152 0.55645358 0.25627799
v 0.13013152 0.52131360 -0.32182201
v 0.13403153 0.52129358 -0.32184201
v 0.13403153 0.52131360 -0.32182201
v 0.14966152 0.36506360 0.49058799
v 0.14966152 0.36497360 0.49064798
v 0.31480152 0.37287360 -0.10309201
v 0.15747151 0.36506360 0.49058799
v 0.18481152 0.52131360 -0.32182201
v -0.01607643 0.65586942 0.73418942
v 0.18471281 0.31978386 -0.52012239
v 0.21628115 0.87679605 -0.40362546
v 0.29028151 -0.92407638 0.02189799
v 0.29032227 -0.92402220 0.02187985
v 0.15356152 0.55646360 0.25624798
v 0.28991730 0.36900804 -0.57085948
v 0.13794152 0.52129358 -0.32184201
v 0.13794152 0.52131360 -0.32182201
v 0.13794152 0.55645358 0.25627799
v 0.14966152 0.52129358 -0.32184201
v 0.15356152 0.52129358 -0.32184201
v 0.14966152 0.52131360 -0.32182201
v 0.13013152 0.52129358 -0.32184201
v 0.14575151 0.55646360 0.25624798
v 0.16021437 0.56067470 0.24710394
v 0.14184152 0.52131360 -0.32182201
v 0.14575151 0.52131360 -0.32182201
v 0.14575151 0.55645358 0.25627799
v 0.17309152 0.32990360 -0.51327204
v 0.15356152 0.52131360 -0.32182201
v 0.15747151 0.55646360 0.25624798
v 0.14575151 0.52129358 -0.32184201
v 0.15747151 0.52131360 -0.32182201
v 0.16138152 0.55646360 0.25624798
v 0.16138152 0.55645358 0.25627799
v 0.15747151 0.55645358 0.25627799
v 0.14966152 0.55646360 0.25624798
v 0.12707393 0.37534290 -0.48245386
v 0.12645847 0.60332048 0.09607645
v 0.24727151 0.40803361 -0.86481201
v 0.24729803 0.40800557 -0.86481254
v 0.24341152 0.41164359 -0.86481201
v 0.23199309 0.58440169 0.18116729
v 0.18729570 0.57720575 0.78315377
v 0.19263604 0.59005413 0.77189845
v 0.19653153 0.58788359 0.77189798
v 0.21216152 0.73425358 -0.63043200
v 0.21216152 0.73615360 -0.62839203
v 0.21999153 0.43146360 -0.07574201
v 0.21998185 0.43130377 -0.08211260
v 0.21997151 0.43124359 -0.07965201
v 0.22596151 0.15021361 0.59221799
v 0.22388152 0.15408361 0.59221799
v 0.20825151 0.73615360 -0.63037204
v 0.20825151 0.73973363 -0.62653201
v 0.19019620 0.83322508 -0.51010723
v 0.17309152 0.52131360 -0.32182201
v 0.16024408 0.52384407 -0.31793125
v 0.16919152 0.52131360 -0.32182201
v 0.20040001 0.88462599 -0.39994750
v 0.16528153 0.55645358 0.25627799
v 0.20042630 0.88843097 -0.39188291
v 0.36308466 0.90410045 -0.15400342
v 0.14794921 0.54603722 0.27899500
v 0.11005459 0.54482163 0.28139966
v 0.25513152 -0.94742638 0.05843799
v 0.17664100 -0.43988755 0.42381213
v 0.30981787 -0.63494686 -0.63434196
v -0.09904331 -0.59649509 -0.80851238
v 0.16919152 -0.43565640 0.42814798
v 0.16528153 -0.43566639 0.42814798
v 0.16528153 -0.43571639 0.42810798
v 0.21216152 -0.35367638 -0.49757200
v 0.20825151 -0.35361639 -0.49762201
v 0.16138152 -0.36930639 -0.48582201
v 0.15747151 -0.36930639 -0.48582201
v 0.16528153 -0.35367638 -0.49757200
v 0.26166458 -0.70109285 0.65322673
v 0.17700151 -0.36927641 0.48674799
v 0.23145581 -0.46787962 0.39256255
v 0.18499833 -0.36151070 -0.49169128
v 0.17309152 -0.43564639 0.42814798
v 0.16919152 -0.43571639 0.42809800
v 0.16919152 -0.27950639 -0.54449200
v 0.17700151 -0.43562639 0.42814798
v 0.19795371 -0.38333231 -0.89148700
v 0.17309152 -0.36930639 0.48672799
v 0.16919152 -0.36930639 0.48672799
v 0.16919152 -0.36927641 0.48674799
v 0.30981151 -0.63852638 -0.63043200
v 0.30983151 -0.63492638 -0.63434201
v 0.21997151 0.15412360 0.59219796
v 0.21606152 0.15412360 0.59219796
v 0.21997151 0.15408361 0.59221799
v 0.17700151 -0.36930639 0.48672799
v 0.17309152 -0.43571639 0.42808799
v 0.28205009 -0.93573099 -0.01942344
v 0.17309152 -0.35367638 0.49843798
v 0.17700151 -0.35367638 0.49843798
v 0.17309152 -0.35364640 0.49846799
v 0.16919152 -0.35367638 0.49843798
v 0.16528153 -0.35364640 0.49846799
v 0.16919152 -0.35364640 0.49846799
v 0.18481152 -0.43560639 0.42814798
v 0.18091152 -0.43561641 0.42814798
v 0.18091152 -0.43571639 0.42806799
v 0.16528153 -0.35367638 0.49843798
v 0.18481152 -0.27946639 -0.54452204
v 0.18091152 -0.27946639 -0.54452204
v 0.24706839 -0.88674486 0.34854090
v 0.16138152 -0.27950639 -0.54449200
v 0.17700151 -0.43571639 0.42807800
v 0.17309152 -0.36927641 0.48674799
v 0.16919152 -0.35367638 -0.49757200
v 0.17309152 -0.35367638 -0.49757200
v 0.14658122 -0.44269438 -0.41999669
v 0.18091152 -0.36930639 0.48672799
v 0.18481152 -0.36930639 0.48672799
v 0.18091152 -0.36927641 0.48674799
v 0.18872151 -0.27950639 -0.54449200
v 0.16919152 -0.27946639 -0.54452204
v 0.17309152 -0.27950639 -0.54449200
v 0.17309152 -0.27946639 -0.54452204
v 0.25122151 -0.36539638 -0.08353201
v 0.25139626 -0.36534907 -0.08356781
v 0.25122151 -0.35758639 -0.07967201
v 0.18091152 -0.35367638 0.49843798
v 0.18091152 -0.35364640 0.49846799
v 0.18481152 -0.35367638 0.49843798
v 0.16528153 -0.36930639 0.48672799
v 0.16528153 -0.36927641 0.48674799
v 0.18872151 -0.35367638 0.49843798
v 0.18481152 -0.35364640 0.49846799
v 0.26031649 -0.34193678 -0.07454603
v 0.14550777 -0.27555639 -0.54670202
v 0.18091152 -0.27950639 -0.54449200
v 0.17309152 -0.35361639 -0.49762201
v 0.17700151 -0.27950639 -0.54449200
v 0.24325152 -0.13883639 0.27189798
v 0.24340152 -0.13492640 0.26799799
v 0.24341152 -0.13883639 0.27183799
v 0.17700151 -0.27946639 -0.54452204
v 0.17309152 -0.36930639 -0.48582201
v 0.17700151 -0.36930639 -0.48582201
v 0.18528059 -0.37498204 -0.48126590
v 0.18481152 -0.36927641 0.48674799
v 0.20215089 -0.35072640 0.50064550
v 0.17700151 -0.35364640 0.49846799
v 0.16919152 -0.36930639 -0.48582201
v 0.18091152 -0.36930639 -0.48582201
v 0.18139652 -0.36018139 0.49357299
v 0.25130152 -0.65055639 -0.69684201
v 0.25513152 -0.64877642 -0.69684201
v 0.25122151 -0.65059638 -0.69684201
v 0.23169152 -0.15055639 -0.28655200
v 0.22002839 -0.35363916 -0.49760304
v 0.22510325 -0.14246497 -0.28145597
v 0.25104587 -0.35756785 -0.07960314
v 0.24731152 -0.35758639 -0.07853201
v 0.19263152 0.18537360 0.11955799
v 0.19263152 -0.36919639 -0.48590200
v 0.19653153 0.18537360 0.11954799
v 0.19653153 0.18537360 0.11955799
v 0.17092483 0.09161218 0.60395525
v 0.19653153 0.15408361 0.59221799
v 0.19263152 0.18537360 0.11954799
v 0.17700151 0.32993361 -0.51324200
v 0.27396715 -0.53564135 0.33204720
v 0.22336650 0.46431797 -0.07397078
v 0.23950151 0.07211361 0.34221799
v 0.23559152 0.07209360 0.33830798
v 0.21216152 0.15408361 0.59221799
v 0.20825151 0.15408361 0.59221799
v 0.22302596 -0.15306865 -0.11716076
v 0.21907134 0.42290003 -0.05765366
v 0.21215288 0.23612707 -0.15387378
v 0.22486283 0.23483431 -0.14616479
v 0.27856151 -0.93966639 0.00627799
v 0.27856151 -0.93968642 0.00236799
v 0.27862153 -0.93961639 0.00627799
v 0.18827647 0.19199020 0.09987123
v 0.29633153 0.30646360 -0.09137201
v 0.27466152 -0.94101638 0.01408799
v 0.20969024 0.34859725 0.50215093
v 0.24281510 0.15561758 0.60731599
v 0.23559152 -0.89273638 0.34221799
v 0.20044152 0.32994359 0.51408798
v 0.21242787 0.23598601 -0.15383789
v 0.21997151 0.43162360 0.05705799
v 0.21997151 0.43168360 0.05314799
v 0.25620198 0.12629751 0.02341353
v 0.18091152 0.52129358 -0.32184201
v 0.18481152 0.52129358 -0.32184201
v 0.18091152 0.52131360 -0.32182201
v 0.21997151 0.43149361 0.06486799
v 0.21996152 0.43146360 0.06096799
v 0.21995152 0.43146360 0.05705799
v 0.18387463 0.33521036 -0.50988073
v 0.19653153 0.52129358 -0.32184201
v 0.20013603 0.53546722 -0.30023047
v 0.16138152 0.52129358 -0.32184201
v 0.16528153 0.52129358 -0.32184201
v 0.16138152 0.52131360 -0.32182201
v 0.18997407 0.89715973 -0.38193916
v 0.27883006 -0.93961466 -0.02066637
v 0.20434152 0.32990360 0.51410801
v 0.20825151 0.73609358 -0.63043200
v 0.21356724 0.73632368 -0.62747880
v 0.20825295 0.32991688 0.51409159
v 0.20070256 0.88079452 -0.40773480
v 0.20093153 0.88068360 -0.40778201
v 0.17309152 0.52129358 -0.32184201
v 0.16919152 0.52129358 -0.32184201
v 0.17700151 0.52131360 -0.32182201
v 0.18872331 0.55739497 0.25458874
v 0.16919152 0.55645358 0.25627799
v 0.16919152 0.55646360 0.25624798
v 0.17309152 0.55645358 0.25627799
v 0.17700151 0.52129358 -0.32184201
v 0.16528153 0.52131360 -0.32182201
v 0.16528153 0.55646360 0.25624798
v 0.17700151 0.55645358 0.25627799
v 0.17700151 0.55646360 0.25624798
v 0.18091152 0.55645358 0.25627799
v 0.17309152 0.55646360 0.25624798
v 0.24097134 0.37657807 0.15894825
v 0.19155923 0.59882338 0.76528427
v 0.20434152 0.59162360 0.76546801
v 0.19684151 0.58771360 0.77189798
v 0.20050389 0.59554249 0.76406486
v 0.19261575 0.60429082 0.76057906
v 0.20045151 0.59553361 0.76408798
v 0.20044152 0.59553361 0.76408798
v 0.21934935 0.42548486 0.06450515
v 0.33716152 0.56037360 -0.51694202
v 0.33720151 0.56428361 -0.51324200
v 0.33625153 0.56037360 -0.51324200
v 0.23343331 -0.89107120 0.35005976
v 0.21997151 -0.35367638 -0.49757200
v 0.20792158 0.73622124 -0.63046600
v 0.19043621 0.52385460 -0.31791502
v 0.20044924 0.88458304 -0.39995837
v 0.19748939 0.88022740 -0.41150939
v 0.20044152 0.88458359 -0.39996200
v 0.19092392 0.61517781 0.75250753
v 0.24069069 -0.88809634 0.35094975
v 0.27853153 -0.67789638 0.03752799
v 0.27851153 -0.67789638 0.03361799
v 0.27856151 -0.67794639 0.03752799
v 0.27856151 -0.67802638 0.02580799
v 0.23130236 -0.14645778 -0.28270677
v 0.18872151 -0.36930639 0.48672799
v 0.32641230 -0.51210102 0.54304583
v 0.19653153 -0.36930639 0.48672799
v 0.25133147 -0.64665448 -0.70076757
v 0.28012749 -0.66509492 -0.66553728
v 0.25581536 -0.37857102 -0.09138736
v 0.19653153 -0.36919639 -0.48590200
v 0.18799744 -0.89651982 0.37506953
v 0.26566711 -0.94405797 0.01821464
v 0.30196152 -0.90836639 -0.01715201
v 0.20044152 -0.36930639 -0.48582201
v 0.20434152 -0.36930639 -0.48582201
v 0.30188229 -0.35750528 -0.60227458
v 0.22779845 -0.36128067 -0.49186404
v 0.22506846 -0.37895351 -0.47669776
v 0.20629652 -0.36919639 -0.48590200
v 0.22886980 -0.89268907 0.35004307
v 0.21753152 -0.34416639 -0.50468950
v 0.28628780 -0.43427058 -0.53440429
v 0.23558210 -0.89276036 0.34218095
v 0.18872151 -0.35361639 -0.49762201
v 0.22000153 -0.40055639 -0.87653201
v 0.21997151 -0.40055639 -0.87654202
v 0.20825151 -0.35367638 -0.49757200
v 0.20434152 -0.35361639 -0.49762201
v 0.20434152 -0.35367638 -0.49757200
v 0.21997151 -0.40058640 -0.87653201
v 0.27852188 -0.67799004 0.02146347
v 0.22388152 -0.40055639 -0.87510204
v 0.19653153 -0.36930639 -0.48582201
v 0.15872122 -0.61638530 -0.76295891
v 0.27874713 -0.93933826 0.03493847
v 0.22209396 -0.36220634 0.49177608
v 0.25513152 -0.35525638 -0.07965201
v 0.22778153 -0.15055639 -0.02099201
v 0.22746299 -0.15039458 -0.02086115
v 0.16968315 -0.24211852 0.56297968
v 0.20044152 -0.35361639 -0.49762201
v 0.23165555 -0.15060527 -0.28661589
v 0.18534417 0.00947005 -0.22536951
v 0.14184152 -0.36930639 -0.48582201
v 0.13794152 -0.36930639 -0.48582201
v 0.17380586 -0.27441297 -0.54730834
v 0.20446153 -0.14181764 -0.28969962
v 0.23128262 -0.12596321 0.26459479
v 0.23156467 -0.14664127 -0.28277957
v 0.25122151 -0.64673639 -0.70074200
v 0.23950151 -0.13492640 0.26966799
v 0.27856151 -0.67789638 0.04529799
v 0.27856151 -0.67792637 0.04142799
v 0.22778213 -0.15446629 -0.02449192
v 0.22527452 -0.16756898 -0.03068851
v 0.34485020 -0.55788297 -0.63660317
v 0.23169152 -0.15060640 -0.02106201
v 0.27075151 0.06723360 0.35392798
v 0.26700152 0.06818360 0.35392798
v 0.27330394 0.06819823 0.36011474
v 0.13794152 -0.07641639 0.60783798
v 0.21606152 0.15408361 0.59221799
v 0.24545898 0.05189581 0.26807616
v 0.23950151 0.07209360 0.34210799
v 0.23539379 0.07207620 0.33797261
v 0.23950151 0.07110361 0.33830798
v 0.19263152 0.52131360 -0.32182201
v 0.20434152 0.15412360 0.59219796
v 0.21920190 0.09044781 0.39673561
v 0.25122151 0.06818360 0.33855800
v 0.24362152 0.07209360 0.34611798
v 0.22537220 0.12542343 0.59890049
v 0.24731152 0.07217361 0.35002799
v 0.20044152 0.15412360 0.59219796
v 0.19653153 0.15412360 0.59219796
v 0.20434152 0.15408361 0.59221799
v 0.22784152 0.15021361 0.58830798
v 0.23169152 0.15127360 0.58830798
v 0.22778153 0.14826360 0.58439798
v 0.25523333 -0.06417186 0.17219817
v 0.21216152 0.15412360 0.59219796
v 0.22778153 0.15021361 0.58837796
v 0.21217106 0.23225074 -0.15794908
v 0.22778153 0.15803361 0.59125800
v 0.18967529 0.29637087 -0.93080865
v 0.27849523 -0.93967724 0.01017799
v 0.27859152 -0.93961639 0.01017799
v 0.26938918 0.09991442 0.14631228
v 0.20434152 0.32993361 0.51408798
v 0.21996657 0.43165561 0.05140241
v 0.20825151 0.32990360 0.51409800
v 0.20044152 0.58381360 0.77341802
v 0.24229152 0.41185599 -0.86513389
v 0.18338396 0.19520230 0.08027871
v 0.22601114 0.61484674 -0.01275085
v 0.19095925 0.27829918 -0.15257697
v 0.17640449 0.10628517 0.60197037
v 0.21997243 0.43128967 0.07790241
v 0.21999153 0.43146360 0.07658799
v 0.22388152 0.37678361 -0.88578200
v 0.21997151 0.43156361 0.06096799
v 0.30585153 0.34162360 -0.06012201
v 0.24413797 0.58735976 0.75123988
v 0.24471216 0.32338783 -0.89917391
v 0.19653153 0.58771360 0.77203799
v 0.20737432 0.73224023 -0.63501025
v 0.14261612 0.52386403 -0.31790036
v 0.21997151 0.43130362 -0.07574201
v 0.24341152 0.41193360 -0.86469202
v 0.29033440 -0.92430184 -0.01361890
v 0.24731152 0.40803361 -0.86479198
v 0.21997151 0.43146360 0.06486799
v 0.19263152 0.59496361 0.76799799
v 0.22553057 0.60035815 0.11669948
v 0.16138152 0.36497360 0.49064798
v 0.34887630 0.52447818 0.60445683
v -0.03631293 -0.59842162 0.15415484
v 0.24731152 -0.65241641 -0.69684201
v 0.25122151 -0.65055639 -0.69688200
v 0.25513152 -0.94741637 0.06096799
v 0.25502152 -0.94742638 0.06486799
v 0.25508153 -0.94742638 0.06096799
v 0.25513152 -0.94739640 0.06486799
v 0.22564961 -0.39406506 0.46608559
v 0.24339462 -0.65052084 -0.70087459
v 0.27856151 -0.93952638 0.02580799
v 0.27854805 -0.93992516 -0.02905374
v 0.25495151 -0.94742638 0.06877799
v 0.25513152 -0.94750637 0.04533799
v 0.25513152 -0.94748640 0.04924799
v 0.23557728 -0.89274709 0.34223386
v 0.19653153 -0.35361639 -0.49762201
v 0.20044152 -0.35367638 -0.49757200
v 0.27856151 -0.67797637 0.03361799
v 0.28426010 -0.93241587 0.01351106
v 0.15356152 -0.36930639 -0.48582201
v 0.14966152 -0.36930639 -0.48582201
v 0.23717524 -0.35067814 -0.47240269
v 0.25339763 -0.66106095 -0.68453272
v 0.27849153 -0.67789638 0.02971799
v 0.27856151 -0.67799640 0.02971799
v 0.25528151 -0.94742638 0.04924799
v 0.25522152 -0.94742638 0.05314799
v 0.25513152 -0.94745642 0.05314799
v 0.27551143 -0.67377805 0.00731511
v 0.18872151 -0.35367638 -0.49757200
v 0.18481152 -0.35361639 -0.49762201
v 0.18481152 -0.35367638 -0.49757200
v 0.27868152 -0.93961639 -0.00153201
v 0.28216999 -0.93542367 -0.00726550
v 0.27865151 -0.93961639 0.00236799
v 0.27856151 -0.93973637 -0.00543201
v 0.27871153 -0.93961639 -0.00543201
v 0.27856151 -0.93970639 -0.00153201
v 0.28185151 -0.93571639 0.01408799
v 0.27856151 -0.93961639 0.01408799
v 0.16919152 -0.36919639 -0.48590200
v 0.27841670 -0.93988678 -0.01352455
v 0.27877047 -0.93961434 -0.01286604
v 0.28065152 -0.42789638 -0.52887201
v 0.28247151 -0.43180639 -0.52886199
v 0.28247151 -0.43179641 -0.52887201
v 0.25120211 -0.36545918 -0.08356343
v 0.16422477 -0.31671144 -0.52338098
v 0.25122151 -0.35755641 -0.07965201
v 0.14575151 -0.36919639 -0.48590200
v 0.14966152 -0.36919639 -0.48590200
v 0.26684151 -0.94350642 0.04533799
v 0.26679153 -0.94352639 0.04533799
v 0.26684151 -0.94352639 0.04213799
v 0.23729498 -0.35240975 0.47552242
v 0.17309152 -0.36919639 -0.48590200
v 0.31365475 -0.63098333 -0.63040870
v 0.18091152 -0.35361639 -0.49762201
v 0.27839510 -0.93961940 0.02414924
v 0.15747151 -0.36919639 -0.48590200
v 0.23559152 -0.15060640 -0.02106201
v 0.27850152 -0.93961639 0.01799799
v 0.27856151 -0.93958640 0.01799799
v 0.27856151 -0.93955642 0.02189799
v 0.23169152 -0.15055639 -0.02099201
v 0.30198152 -0.90836639 -0.02106201
v 0.25140015 0.07203675 0.35349025
v 0.23559152 -0.14841639 -0.28278201
v 0.22778153 -0.15060640 -0.02106201
v 0.24339546 -0.14716845 0.28004051
v 0.23950151 -0.13719640 0.27189798
v 0.26182027 -0.13970633 0.09232838
v 0.24450523 -0.13940217 0.27190856
v 0.23169152 -0.14669639 -0.28278201
v 0.27856151 -0.93975640 -0.00934201
v 0.24342236 -0.13494360 0.26799487
v 0.25096152 0.06818360 0.33830798
v 0.25122151 0.06811361 0.33830798
v 0.24731152 0.06818360 0.33475799
v 0.15747151 -0.07641639 0.60783798
v 0.15356152 -0.07641639 0.60783798
v 0.27764941 -0.93978577 0.04786191
v 0.24341152 0.07209360 0.34590799
v 0.24341152 0.07214360 0.34611798
v 0.25513152 -0.94743640 0.05705799
v 0.25515152 -0.94742638 0.05705799
v 0.27856151 -0.93961639 0.01414799
v 0.27075151 0.06825360 0.35783798
v 0.16561866 -0.09891769 0.60515931
v 0.27833572 0.03051529 0.68088802
v 0.15747151 -0.07637702 0.60784291
v 0.23291465 0.07398527 0.34285738
v 0.25476974 0.06786608 0.34083573
v 0.22778153 0.15016360 0.58830798
v 0.22802152 0.15412360 0.59221799
v 0.26294152 0.06818360 0.34997798
v 0.23961151 0.07209360 0.34221799
v 0.26684151 0.06818360 0.35377798
v 0.22339750 0.16855073 0.13042526
v 0.22756053 0.12708140 0.52356847
v 0.22778153 0.15412360 0.59219796
v 0.22388152 0.15412360 0.59219796
v 0.27831153 -0.93961639 0.02971799
v 0.17957787 0.18926029 0.58366570
v 0.28584211 -0.91564316 0.23173210
v 0.23559152 0.32990360 -0.89997201
v 0.23950151 0.32599359 -0.90007203
v 0.23562152 0.32990360 -0.89996200
v 0.23169152 0.32990360 -0.90142202
v 0.23559152 0.32992360 -0.89996200
v 0.23950151 0.32626360 -0.89996200
v 0.22774609 0.37681322 -0.88433770
v 0.21997151 0.43146360 -0.06584201
v 0.30200151 -0.90831638 -0.01715201
v 0.30200151 -0.90834642 -0.02106201
v 0.21997151 0.43146360 0.06877799
v 0.21997151 0.43146360 0.06674799
v 0.21997151 0.43143361 0.06877799
v 0.23169152 0.37311360 -0.88434201
v 0.23167848 0.37298726 -0.88439417
v 0.23559152 0.33381360 -0.89843201
v 0.22778153 0.37677359 -0.88434201
v 0.22778153 0.37678361 -0.88433199
v 0.31501414 0.37414905 -0.13392074
v 0.29419152 0.29856360 -0.10309201
v 0.29419152 0.29852360 -0.10699201
v 0.22975076 0.47133653 0.39828024
v 0.23578161 0.34943695 -0.89216894
v 0.24896140 0.41597083 -0.86103446
v 0.25122151 0.40433362 -0.86481201
v 0.23209701 0.37277919 -0.88432663
v 0.23559152 0.36946362 -0.88434201
v 0.25074830 0.38531810 -0.87249192
v 0.21997151 0.43137359 0.07267799
v 0.21995417 0.43066971 0.10494847
v 0.14773852 0.34818832 0.50246529
v 0.21998151 0.43146360 0.07267799
v 0.28684442 0.55395717 -0.36089024
v 0.23287853 0.47497331 -0.38860722
v 0.13557365 0.38571923 0.47558029
v 0.31368152 0.36896360 0.09221799
v 0.21817024 0.73027273 -0.63168351
v 0.33322153 -0.86539638 0.00236799
v 0.33323152 -0.86539638 -0.00153201
v 0.25513152 0.91974359 0.24455798
v 0.25109744 0.91981961 0.24896446
v 0.25173152 0.91974359 0.24846799
v 0.25512113 0.91974356 0.24455798
v 0.25513152 0.91851359 0.24846799
v 0.28638152 0.93414360 0.00627799
v 0.28247151 0.93923360 0.00236799
v 0.28247151 0.93921363 0.00627799
v 0.26303043 -0.94485449 0.03777650
v 0.19484874 0.95095078 0.21707765
v 0.26672152 -0.94352639 0.04924799
v 0.27906436 -0.93901482 0.07099654
v 0.29058797 -0.92357728 0.02642645
v 0.26691138 -0.94353681 0.03631567
v 0.26684151 -0.94354642 0.03752799
v 0.26686150 -0.94352639 0.04142799
v 0.26684151 -0.94352639 0.04142799
v 0.26679966 -0.94349776 0.04978106
v 0.29032677 -0.92409264 0.01255171
v 0.28633429 -0.92969173 0.02743509
v 0.30783364 -0.90047559 -0.03789228
v 0.27675012 -0.93763553 0.13686739
v 0.31000661 -0.64021208 -0.62818606
v 0.30544116 -0.64336430 -0.63457890
v 0.30980870 -0.63469038 -0.63462658
v 0.31865658 -0.40154968 -0.12257013
v 0.30194152 -0.90836639 -0.01324201
v 0.31193624 -0.89437218 0.01763628
v 0.32769211 -0.64466745 0.59229808
v 0.35572465 -0.56642599 0.55825536
v 0.30200151 -0.90836639 -0.02380201
v 0.33276479 -0.64925286 -0.57258534
v 0.33374914 -0.66270104 -0.55607931
v 0.33316632 -0.66475692 -0.55558784
v 0.28247151 -0.43571639 -0.52506202
v 0.17700151 -0.36919639 -0.48590200
v 0.14575151 -0.36930639 -0.48582201
v 0.31372151 -0.62725640 -0.63434201
v 0.18235364 -0.27402305 0.00741932
v 0.26427335 -0.21456399 -0.00041297
v 0.29028151 -0.92404640 0.02580799
v 0.33325151 -0.86539638 -0.00490201
v 0.26156164 -0.55348864 -0.32255104
v 0.15356152 -0.36919639 -0.48590200
v 0.27853988 -0.08907222 -0.21594037
v 0.27954703 0.12078849 -0.93622102
v 0.25533462 -0.94745170 0.04213563
v 0.14575151 -0.07641639 0.60783798
v 0.14184152 -0.07641639 0.60783798
v 0.27768305 -0.11431017 0.23574998
v 0.13403153 -0.07641639 0.60783798
v 0.15356152 -0.07633639 0.60784800
v 0.30591152 0.08771360 -0.90781199
v 0.14966152 -0.07641639 0.60783798
v 0.23392308 0.14717049 -0.96798661
v 0.30981151 0.07880360 -0.90387201
v 0.30981151 0.07990361 -0.90385204
v 0.13794152 -0.36919639 -0.48590200
v 0.13403153 -0.36919639 -0.48590200
v 0.33568352 -0.23441998 0.29121450
v 0.30760109 0.06599947 -0.90642456
v 0.11570943 -0.03585958 0.61150056
v 0.30600152 0.08381360 -0.90778201
v 0.30606151 0.07990361 -0.90778201
v 0.30591152 0.08381360 -0.90787201
v 0.30594153 0.08771360 -0.90778201
v 0.30968151 0.08771360 -0.90387201
v 0.30974153 0.08381360 -0.90387201
v 0.31428394 0.07735812 -0.89923476
v 0.33325151 -0.86540640 -0.00543201
v 0.25873500 0.06815699 0.34573274
v 0.25903151 0.06818360 0.34616799
v 0.30981151 0.07209360 -0.90397202
v 0.30997152 0.06818360 -0.90387201
v 0.30191151 -0.90836639 -0.00934201
v 0.27521876 0.06823493 0.36214691
v 0.31371153 0.06818360 -0.89996200
v 0.31365151 0.07209360 -0.89996200
v 0.31372151 0.07209360 -0.89989202
v 0.28584080 0.18671867 -0.16204827
v 0.13403153 -0.26383639 0.55310798
v 0.29525753 0.30565586 -0.04903368
v 0.23513416 0.38933581 -0.87666406
v 0.31102627 0.36124378 -0.05638790
v 0.29419039 0.29860899 -0.09917918
v 0.29420153 0.29865360 -0.09918201
v 0.29023723 0.28527285 -0.12534242
v 0.29639152 0.30646360 -0.10699201
v 0.31422700 0.37071915 0.10783816
v 0.29422153 0.29865360 -0.10699201
v 0.29421151 0.29865360 -0.10309201
v 0.30591152 0.34148362 -0.06793201
v 0.30591152 0.34164360 -0.06403201
v 0.30590153 0.34162360 -0.06403201
v 0.30591152 0.34162360 -0.06465201
v 0.31291608 0.36565867 -0.10809789
v 0.32544152 0.47051361 -0.09918201
v 0.32544152 0.47040361 -0.10309201
v 0.32544152 0.47053361 -0.09918201
v 0.31568933 0.37636056 0.10612334
v 0.31372151 0.36897361 0.10392799
v 0.31372151 0.36902362 0.10002799
v 0.29697394 0.34539077 0.54018180
v 0.30200151 0.34553361 0.54526801
v 0.30475374 0.34537712 0.54742119
v 0.32544152 0.47053361 -0.09854201
v 0.28076239 0.42053848 -0.84611633
v 0.31370152 0.36896360 -0.09918201
v 0.31372151 0.36897361 -0.10309201
v 0.31372151 0.36902362 -0.09918201
v 0.31369529 0.36907400 0.08838877
v 0.36079960 0.17355176 0.76902736
v 0.32685338 0.48402894 -0.10078307
v 0.29421008 0.29856426 -0.10952006
v 0.33346356 0.86660482 0.02790564
v 0.28103286 0.89236693 0.30267520
v 0.28239747 0.93929621 0.01022115
v 0.26643852 0.91791910 0.23733498
v 0.27878038 0.94323310 -0.00567441
v 0.28245152 0.93928361 -0.00153201
v 0.28243152 0.93928361 0.00236799
v 0.32872995 0.88232242 -0.06520030
v 0.32919665 0.88067692 -0.03782426
v 0.30027444 0.91649909 0.00171322
v 0.18504416 0.97376993 0.11025129
v 0.28247151 0.93919360 0.01017799
v 0.28242151 0.93928361 0.00627799
v 0.32720040 0.88164519 0.03754572
v 0.33325151 -0.86536640 -0.00153201
v 0.13403153 -0.36930639 -0.48582201
v 0.27217802 -0.84047796 0.44829382
v 0.33325151 -0.86539638 -0.00543201
v 0.31108626 -0.64582714 -0.61971893
v 0.33479157 -0.86283507 -0.06002125
v 0.33716152 -0.64664638 -0.55995201
v 0.33714811 -0.64657269 -0.56007111
v 0.15757287 -0.37354596 -0.48248154
v 0.34036151 -0.60367638 0.58830798
v 0.33630605 -0.60835864 0.59890505
v 0.33723152 -0.60758639 0.59611798
v 0.28238798 -0.57587580 -0.74499834
v 0.33712152 -0.65055639 -0.55621200
v 0.31455409 -0.67616766 -0.28080620
v 0.29963443 -0.43855462 0.87068323
v 0.14184152 -0.07633639 0.60784800
v 0.14575151 -0.07633639 0.60784800
v 0.31035860 -0.20740044 -0.31364518
v 0.29077985 -0.01597064 -0.19670794
v 0.33325151 -0.86542637 -0.00934201
v 0.13403153 -0.07633639 0.60784800
v 0.31359152 0.07599361 -0.89996200
v 0.14966152 -0.07633639 0.60784800
v 0.13794152 -0.07633639 0.60784800
v 0.30981151 0.09162361 -0.90367203
v 0.30981151 0.08381360 -0.90379202
v 0.30985153 0.07599361 -0.90387201
v 0.30981151 0.07599361 -0.90391200
v 0.31798338 0.06876567 -0.89550137
v 0.36501497 -0.18375697 -0.76259861
v 0.30980153 0.07990361 -0.90387201
v 0.30373119 0.05410022 0.33713814
v 0.22157258 0.15047231 0.99293253
v 0.30981151 0.08771360 -0.90373199
v 0.30480153 0.33771360 -0.06403201
v 0.30991153 0.07209360 -0.90387201
v 0.31372151 0.06778361 -0.89996200
v 0.31372151 0.36911362 0.09221799
v 0.32848950 -0.00612657 -0.88633889
v 0.31372151 0.06818360 -0.89996200
v 0.31372151 0.36896360 -0.10369201
v 0.31372151 0.36896360 -0.10309201
v 0.31372151 0.36896360 0.10459799
v 0.31372151 0.36916360 0.08830799
v 0.24216494 0.09579065 -0.12711873
v 0.31152970 0.36114516 0.09816156
v 0.31372151 0.36896360 0.10392799
v 0.33426026 -0.86336994 -0.00550271
v 0.31369153 0.36896360 -0.09528201
v 0.30611510 0.34206797 -0.06878827
v 0.29721138 0.34554273 0.54078126
v 0.29752312 0.34853256 0.54889880
v 0.29809151 0.34553361 0.54160798
v 0.28399591 0.32970913 -0.88054712
v 0.30200151 0.34555360 0.54533798
v 0.29872326 0.73436164 0.61804679
v 0.32588666 0.26930066 0.37767216
v 0.30288544 0.34555311 0.54612912
v 0.32544636 0.47043314 -0.10422998
v 0.32414879 0.45802327 -0.10314617
v 0.33714152 -0.65446639 -0.55231201
v 0.33721153 0.59553361 -0.62262201
v 0.33716152 0.59943360 -0.61872201
v 0.33716152 0.59576362 -0.62262201
v 0.33512412 0.30563626 0.66705928
v 0.33625153 0.59943360 -0.62262201
v 0.35096553 0.59825195 -0.54939126
v 0.33749855 0.58942204 -0.62791627
v 0.33727152 0.59162360 -0.62653201
v 0.33904151 0.59553361 -0.61481201
v 0.32932965 0.63377499 -0.61577671
v 0.34693889 0.54956779 -0.56695324
v 0.33716152 0.59553361 -0.62287199
v 0.32925685 0.60208941 -0.64943692
v 0.33559075 0.55136102 -0.51966134
v 0.33228485 0.53018891 -0.52752271
v 0.34098385 0.73587599 0.10527522
v 0.31914321 0.59326277 -0.41574278
v 0.32953297 0.88069180 -0.05547570
v 0.35549407 -0.75469976 -0.36025262
v 0.35423237 -0.54838852 -0.52243543
v 0.33716152 -0.65055639 -0.55610203
v 0.33716742 -0.65430576 -0.55237117
v 0.33715153 -0.65836639 -0.54840200
v 0.36179379 -0.56777903 -0.54497129
v 0.33716152 -0.65446639 -0.55225199
v 0.33716197 -0.65836660 -0.54839144
v 0.33716152 -0.61524642 0.58830798
v 0.35143155 -0.64990023 0.51267101
v 0.33716152 -0.61155641 0.59221799
v 0.33717153 -0.61149639 0.59221799
v 0.33716152 -0.60785640 0.59611798
v 0.33928151 -0.60758639 0.58830798
v 0.33716152 -0.65044642 -0.55621200
v 0.33822153 -0.64664638 -0.55621200
v 0.33716152 -0.61149639 0.59227801
v 0.33615152 -0.61149639 0.59611798
v 0.34124613 -0.70466439 0.30847267
v 0.30107366 0.14030936 -0.65894452
v 0.34673057 0.12410050 -0.86349973
v 0.34510459 0.45678557 -0.72770437
v 0.32036459 0.41202824 -0.06089062
v 0.34910152 0.51349359 0.60002799
v 0.33720850 0.54439391 -0.53306760
v 0.33722151 0.54865360 -0.52887201
v 0.33721153 0.55256360 -0.52496200
v 0.34012151 0.58381360 -0.62262201
v 0.34887530 0.51733087 0.61179713
v 0.34888152 0.51740360 0.61166800
v 0.33716152 0.55624359 -0.52106201
v 0.33505153 0.55084853 -0.51800802
v 0.34887151 0.52131360 0.60783798
v 0.34879048 0.56580490 -0.60493353
v 0.33716152 0.56016361 -0.51715200
v 0.33721153 0.56037360 -0.51715200
v 0.33624152 0.54474359 -0.52887201
v 0.33716152 0.55646360 -0.52084201
v 0.33721153 0.55646360 -0.52106201
v 0.33716152 0.54474359 -0.53251200
v 0.33716152 0.54840362 -0.52887201
v 0.33716152 0.55232358 -0.52496200
v 0.33716152 0.55256360 -0.52473199
v 0.33716152 0.54865360 -0.52862202
v 0.34888152 0.52099359 0.60783798
v 0.33715597 0.59943436 -0.61871366
v 0.33718326 0.56601398 -0.51137539
v 0.34194765 0.57509832 0.62865261
v 0.34019555 0.70925212 -0.54985826
v 0.33874166 0.85729805 -0.05671680
v 0.32777015 0.51350690 -0.06599841
v 0.34476035 0.83734998 0.06614337
v 0.33716258 0.85664362 0.04876570
v 0.33440433 0.59286268 0.45918796
v 0.33714152 0.86115360 -0.05231201
v 0.33712067 0.86093413 -0.04649796
v 0.33716152 0.86092358 -0.04840201
v 0.33702737 0.85723047 0.04139413
v 0.33713336 0.85727423 0.03324385
v 0.34759199 0.83408519 -0.02321990
v 0.33714521 0.86117431 -0.05281683
v 0.33716213 0.85724022 0.03259097
v 0.33716152 0.85706359 0.03752799
v 0.33716152 0.86111360 -0.05231201
v 0.29634411 0.92113088 0.15919783
f 4 31 5
f 6 4 5
f 7 8 9
f 10 7 9
f 4 6 18
f 11 12 13
f 12 14 13
f 12 11 18
f 16 17 2
f 18 19 12
f 20 21 63
f 18 6 19
f 23 2 10
f 23 16 2
f 15 24 25
f 52 3 2
f 25 24 17
f 3 18 2
f 2 11 7
f 2 7 10
f 2 17 24
f 15 46 24
f 46 54 24
f 15 25 28
f 25 29 28
f 29 30 28
f 18 31 4
f 23 9 72
f 9 23 10
f 36 37 34
f 31 18 3
f 3 1 31
f 26 25 17
f 2 24 45
f 26 38 39
f 17 38 26
f 41 42 43
f 40 42 41
f 15 29 28
f 29 15 28
f 40 24 54
f 2 18 11
f 16 23 44
f 667 48 49
f 45 40 20
f 55 56 57
f 58 59 60
f 35 58 47
f 34 50 341
f 50 35 341
f 58 50 59
f 50 34 59
f 50 58 35
f 36 34 341
f 40 41 20
f 27 35 47
f 47 58 60
f 27 343 35
f 27 37 36
f 62 166 64
f 667 66 48
f 168 330 67
f 68 166 62
f 166 85 64
f 68 62 70
f 68 70 85
f 62 69 70
f 79 68 85
f 79 71 74
f 74 71 77
f 76 183 75
f 76 187 74
f 74 187 79
f 77 76 74
f 5 78 19
f 72 9 8
f 27 60 73
f 41 43 21
f 56 93 94
f 93 56 637
f 1452 100 101
f 102 104 97
f 99 97 98
f 1 78 5
f 103 102 99
f 104 102 103
f 103 99 98
f 102 97 99
f 109 104 103
f 109 103 98
f 97 104 92
f 97 263 98
f 263 109 98
f 14 12 19
f 110 112 111
f 113 114 115
f 14 19 78
f 114 118 115
f 118 132 115
f 132 118 114
f 108 105 132
f 119 120 121
f 122 123 124
f 135 136 130
f 271 144 137
f 144 138 137
f 143 258 139
f 258 271 139
f 26 39 30
f 141 143 139
f 140 139 142
f 140 141 139
f 140 143 141
f 148 138 144
f 258 143 138
f 143 140 138
f 148 258 138
f 142 137 138
f 140 142 138
f 139 271 137
f 142 139 137
f 145 146 147
f 153 154 155
f 153 156 154
f 288 129 134
f 157 158 159
f 158 157 288
f 160 44 39
f 13 14 72
f 6 5 19
f 37 33 34
f 36 341 27
f 2 45 52
f 63 42 40
f 87 45 63
f 40 45 24
f 37 27 73
f 3 52 167
f 167 1 3
f 5 31 1
f 38 160 39
f 17 160 38
f 14 78 72
f 78 1 72
f 11 8 7
f 72 8 13
f 8 11 13
f 29 26 30
f 25 26 29
f 23 72 44
f 72 22 46
f 160 16 44
f 17 16 160
f 30 72 28
f 15 28 46
f 44 72 39
f 39 72 30
f 28 72 46
f 46 22 54
f 54 162 87
f 63 43 42
f 33 59 34
f 79 85 71
f 60 33 73
f 59 33 60
f 20 63 45
f 35 52 341
f 20 41 21
f 343 52 35
f 52 87 341
f 63 40 54
f 87 52 45
f 63 21 43
f 47 60 27
f 87 63 54
f 171 172 173
f 174 175 176
f 33 37 73
f 177 178 179
f 330 51 87
f 87 166 68
f 70 64 85
f 181 62 64
f 70 69 64
f 187 75 85
f 69 181 64
f 69 62 181
f 183 85 75
f 71 85 183
f 77 71 183
f 343 27 87
f 77 183 76
f 187 76 75
f 79 87 68
f 87 79 187
f 188 189 190
f 189 188 191
f 187 81 87
f 193 194 195
f 196 197 198
f 196 369 197
f 187 2962 81
f 187 422 209
f 200 201 202
f 201 745 202
f 203 204 421
f 2962 187 209
f 86 116 343
f 91 116 86
f 210 211 86
f 209 501 2962
f 213 214 167
f 215 216 217
f 215 997 216
f 715 218 219
f 175 174 171
f 167 175 171
f 350 221 342
f 222 223 996
f 2630 207 501
f 207 2630 501
f 116 224 505
f 225 147 226
f 147 225 145
f 501 209 92
f 227 517 228
f 259 501 92
f 232 519 233
f 236 237 238
f 239 240 241
f 1452 242 243
f 245 246 247
f 246 245 248
f 97 92 263
f 263 92 1016
f 92 104 259
f 109 108 249
f 91 265 116
f 104 109 259
f 251 252 253
f 251 786 252
f 255 229 1789
f 256 176 214
f 109 105 108
f 113 108 114
f 109 263 105
f 136 262 130
f 276 115 132
f 249 115 276
f 109 249 276
f 112 110 117
f 265 258 128
f 133 266 267
f 268 133 267
f 126 259 117
f 113 115 249
f 108 132 114
f 108 113 249
f 276 132 105
f 22 72 54
f 272 124 273
f 296 272 273
f 117 109 112
f 112 109 260
f 110 121 127
f 121 110 119
f 119 110 111
f 120 111 112
f 270 269 276
f 119 111 120
f 286 260 125
f 214 175 167
f 176 175 214
f 276 274 270
f 255 277 229
f 240 277 255
f 128 116 265
f 816 116 262
f 296 293 272
f 278 279 280
f 288 283 158
f 117 259 109
f 117 110 127
f 257 269 270
f 261 287 257
f 287 131 257
f 261 125 287
f 125 131 287
f 286 261 275
f 284 257 274
f 257 270 274
f 270 257 284
f 126 150 265
f 266 282 289
f 151 157 159
f 151 152 157
f 134 154 288
f 291 123 273
f 123 291 292
f 257 270 284
f 262 116 128
f 128 292 294
f 126 117 1040
f 156 153 289
f 123 292 296
f 273 123 296
f 291 273 298
f 637 55 299
f 258 265 271
f 268 297 288
f 268 300 297
f 265 144 271
f 154 156 288
f 149 129 126
f 158 301 159
f 301 283 302
f 283 301 158
f 288 157 152
f 265 150 144
f 151 315 152
f 297 300 302
f 154 304 155
f 134 304 154
f 282 156 289
f 305 306 323
f 306 305 307
f 283 297 302
f 288 297 283
f 307 305 134
f 152 150 288
f 150 129 288
f 300 268 267
f 303 307 134
f 133 268 288
f 133 288 282
f 266 133 282
f 303 129 308
f 150 126 129
f 156 282 288
f 303 134 129
f 305 304 134
f 308 129 149
f 300 267 314
f 312 307 303
f 65 313 882
f 316 310 317
f 318 316 317
f 301 302 314
f 319 318 320
f 321 319 322
f 267 266 314
f 323 306 312
f 312 308 323
f 308 312 303
f 312 306 307
f 53 325 57
f 325 55 57
f 171 174 172
f 328 329 1616
f 176 175 331
f 175 346 331
f 332 330 168
f 335 336 177
f 168 336 169
f 346 256 213
f 53 337 84
f 337 338 84
f 178 179 221
f 335 51 332
f 51 330 332
f 335 332 169
f 336 335 169
f 332 168 169
f 221 179 342
f 344 648 345
f 299 55 325
f 346 213 161
f 175 256 346
f 256 175 176
f 256 214 213
f 338 637 84
f 452 347 348
f 347 349 348
f 179 178 342
f 351 352 353
f 93 637 338
f 356 196 357
f 356 369 196
f 359 360 361
f 87 340 166
f 363 901 192
f 353 352 364
f 366 367 368
f 87 81 647
f 371 372 373
f 420 184 374
f 380 381 382
f 381 380 383
f 387 388 743
f 420 340 370
f 390 391 392
f 393 394 395
f 396 397 351
f 398 389 399
f 400 398 399
f 402 403 404
f 403 405 404
f 399 389 407
f 410 203 421
f 412 715 394
f 413 349 365
f 404 405 360
f 715 412 206
f 415 1870 416
f 185 82 400
f 370 354 384
f 418 419 449
f 379 702 402
f 424 663 339
f 426 1142 409
f 407 400 399
f 170 428 429
f 452 431 432
f 421 433 434
f 437 367 2031
f 438 439 449
f 440 1098 441
f 430 82 185
f 442 443 444
f 443 446 413
f 447 448 664
f 450 432 451
f 452 432 450
f 200 453 454
f 205 455 456
f 395 411 457
f 421 458 459
f 461 462 650
f 456 463 460
f 455 463 456
f 456 208 205
f 72 1 167
f 210 469 406
f 422 460 463
f 466 467 468
f 467 469 468
f 208 463 455
f 205 208 455
f 456 460 209
f 208 456 209
f 422 463 208
f 470 211 406
f 468 471 470
f 466 468 470
f 208 209 422
f 468 469 471
f 472 473 997
f 472 474 473
f 475 476 482
f 479 480 481
f 207 215 482
f 215 207 997
f 484 485 486
f 487 488 489
f 213 167 161
f 491 492 476
f 53 84 637
f 494 495 502
f 495 494 496
f 495 496 481
f 234 95 498
f 276 281 274
f 116 505 761
f 507 503 508
f 503 486 508
f 765 224 116
f 513 505 512
f 486 493 508
f 224 513 512
f 493 503 508
f 2630 501 207
f 493 486 485
f 509 485 484
f 788 536 220
f 520 146 145
f 235 477 504
f 518 497 107
f 505 515 512
f 515 505 224
f 505 513 761
f 515 224 512
f 501 259 96
f 509 484 507
f 493 504 503
f 235 504 493
f 503 504 508
f 503 484 486
f 503 507 484
f 504 507 508
f 507 504 477
f 477 235 209
f 493 485 235
f 235 485 509
f 522 523 524
f 51 221 350
f 526 527 528
f 235 497 499
f 520 264 146
f 107 520 521
f 1040 286 275
f 498 531 539
f 532 533 534
f 231 220 499
f 232 516 254
f 231 518 106
f 538 539 531
f 540 228 233
f 541 540 233
f 541 228 540
f 230 231 543
f 525 516 517
f 525 254 516
f 545 546 547
f 1008 545 547
f 538 531 95
f 131 260 276
f 548 546 846
f 232 254 519
f 499 542 562
f 499 562 530
f 550 551 552
f 588 551 550
f 821 553 554
f 1040 275 281
f 244 561 560
f 100 1032 563
f 565 555 566
f 568 555 569
f 570 568 569
f 571 559 572
f 559 555 572
f 574 575 576
f 552 551 582
f 583 588 584
f 585 586 846
f 167 52 161
f 520 145 521
f 591 136 135
f 592 591 135
f 548 593 594
f 123 122 596
f 599 309 1234
f 600 601 602
f 587 259 126
f 285 262 136
f 276 269 131
f 178 335 179
f 281 276 1016
f 284 281 275
f 274 281 284
f 167 162 72
f 130 293 1855
f 296 1855 293
f 135 130 290
f 262 290 816
f 290 130 1855
f 291 123 294
f 272 293 122
f 290 262 285
f 557 592 135
f 557 135 290
f 285 591 592
f 591 285 136
f 291 124 123
f 285 557 290
f 592 557 285
f 272 122 124
f 124 298 273
f 298 124 291
f 130 122 293
f 596 122 130
f 128 296 292
f 606 529 607
f 608 609 610
f 72 162 54
f 614 615 616
f 546 618 846
f 609 580 620
f 621 622 623
f 624 625 626
f 573 845 311
f 316 318 319
f 148 598 872
f 616 628 629
f 616 615 628
f 317 309 599
f 630 317 599
f 149 1234 309
f 632 633 634
f 632 622 633
f 324 598 635
f 637 56 55
f 633 622 310
f 313 163 164
f 580 846 620
f 324 632 322
f 323 149 314
f 309 598 315
f 310 621 635
f 53 173 325
f 173 299 325
f 51 335 221
f 335 178 221
f 167 53 162
f 93 338 337
f 94 93 337
f 53 94 337
f 167 171 173
f 172 299 173
f 53 167 173
f 53 637 162
f 57 94 53
f 57 56 94
f 330 350 67
f 336 168 67
f 52 32 161
f 336 67 177
f 330 87 162
f 178 67 342
f 330 162 350
f 335 177 179
f 67 350 342
f 32 52 165
f 177 67 178
f 352 355 364
f 51 350 340
f 340 85 166
f 87 51 340
f 640 384 641
f 649 662 375
f 431 642 432
f 82 420 354
f 185 400 407
f 430 185 407
f 447 644 448
f 196 198 357
f 645 646 421
f 648 197 369
f 340 187 85
f 424 389 398
f 650 651 436
f 652 667 911
f 165 343 4439
f 654 686 655
f 186 656 193
f 656 194 193
f 656 186 194
f 327 384 354
f 451 642 365
f 420 640 184
f 659 381 1142
f 381 409 1142
f 363 192 661
f 444 443 365
f 641 384 327
f 362 436 664
f 49 665 666
f 665 911 666
f 668 669 670
f 414 343 445
f 184 326 374
f 686 671 396
f 442 444 672
f 355 442 672
f 673 344 345
f 398 663 424
f 660 431 452
f 718 90 390
f 674 675 657
f 676 677 678
f 184 327 326
f 327 640 326
f 640 327 184
f 428 679 429
f 679 1098 429
f 680 435 1098
f 407 389 339
f 684 685 646
f 685 684 1354
f 369 385 648
f 354 374 327
f 374 326 327
f 354 420 374
f 340 888 370
f 687 387 688
f 689 690 691
f 1098 745 429
f 340 420 187
f 671 695 396
f 354 370 888
f 377 662 888
f 339 663 2577
f 698 699 700
f 355 698 700
f 387 441 435
f 641 327 326
f 640 641 326
f 370 384 640
f 420 370 640
f 653 388 680
f 354 333 82
f 396 695 397
f 431 660 704
f 660 705 704
f 662 706 907
f 707 708 709
f 708 710 709
f 710 708 707
f 339 389 424
f 359 404 360
f 82 663 400
f 411 715 423
f 663 398 400
f 465 712 636
f 712 405 636
f 713 451 365
f 672 444 714
f 362 664 448
f 686 351 353
f 349 713 365
f 718 359 361
f 716 717 650
f 388 387 435
f 678 686 353
f 656 193 195
f 89 656 195
f 675 647 657
f 720 200 454
f 457 411 423
f 721 722 723
f 722 355 723
f 444 365 711
f 688 387 743
f 687 724 440
f 347 713 349
f 457 393 395
f 705 378 365
f 441 1098 435
f 725 434 416
f 451 432 642
f 726 204 727
f 369 715 343
f 83 728 729
f 728 730 729
f 647 81 638
f 358 731 732
f 430 339 2577
f 718 390 392
f 186 414 194
f 430 407 339
f 693 378 452
f 394 411 395
f 693 638 378
f 443 413 365
f 686 647 638
f 713 450 451
f 464 436 362
f 660 378 705
f 348 349 413
f 1098 206 379
f 378 638 81
f 351 397 352
f 378 660 452
f 720 733 734
f 343 715 206
f 365 378 81
f 381 383 735
f 382 381 735
f 365 642 705
f 716 650 727
f 343 206 1098
f 736 653 737
f 676 678 364
f 431 704 642
f 422 82 430
f 693 452 638
f 642 704 705
f 387 687 441
f 740 724 687
f 80 724 740
f 743 440 688
f 743 740 440
f 714 444 711
f 203 410 716
f 388 653 743
f 464 362 644
f 732 677 676
f 90 719 390
f 379 206 702
f 718 402 359
f 355 452 446
f 680 388 435
f 440 687 688
f 440 740 687
f 82 422 187
f 703 380 741
f 414 445 692
f 742 722 721
f 644 362 448
f 687 440 441
f 724 1098 440
f 1098 724 80
f 680 1098 737
f 653 680 737
f 743 653 736
f 428 170 743
f 743 80 740
f 746 427 971
f 741 380 382
f 445 692 1142
f 692 445 1142
f 736 737 679
f 737 1098 679
f 733 720 454
f 733 170 749
f 410 750 717
f 453 200 202
f 430 5022 422
f 445 343 116
f 200 720 201
f 703 741 752
f 479 481 207
f 482 474 754
f 755 756 997
f 209 460 5040
f 491 758 997
f 482 476 483
f 500 755 207
f 209 235 499
f 445 116 2389
f 473 474 483
f 492 491 997
f 492 473 483
f 759 494 502
f 760 475 482
f 497 235 520
f 757 496 494
f 476 492 483
f 762 763 502
f 755 763 762
f 513 515 761
f 224 515 513
f 757 759 500
f 518 231 499
f 235 264 520
f 766 767 247
f 767 766 768
f 769 770 502
f 771 770 769
f 224 765 514
f 771 772 997
f 771 769 772
f 500 759 763
f 774 578 775
f 311 627 573
f 776 777 778
f 758 491 475
f 779 780 506
f 216 758 760
f 216 997 758
f 2038 765 116
f 511 781 782
f 535 264 521
f 147 535 226
f 613 784 785
f 1452 96 100
f 509 507 264
f 535 521 226
f 788 220 787
f 499 220 536
f 515 224 514
f 761 515 514
f 761 514 765
f 518 107 106
f 788 791 536
f 786 251 1034
f 507 477 264
f 501 96 1452
f 792 764 222
f 791 107 536
f 497 520 107
f 146 264 535
f 793 794 795
f 794 796 795
f 796 793 795
f 797 780 798
f 497 518 499
f 538 525 227
f 235 509 264
f 490 478 773
f 487 563 488
f 100 563 487
f 521 264 536
f 234 799 2038
f 147 146 535
f 525 577 2038
f 511 797 798
f 498 539 799
f 227 228 539
f 228 538 539
f 538 227 539
f 835 801 802
f 787 220 231
f 499 530 209
f 230 791 788
f 521 225 226
f 521 145 225
f 95 234 577
f 230 543 791
f 543 107 791
f 543 106 107
f 543 231 106
f 538 541 539
f 787 230 788
f 230 787 231
f 759 757 494
f 799 1192 2038
f 116 525 2038
f 803 516 232
f 516 803 517
f 107 521 536
f 96 800 613
f 280 804 805
f 2038 577 234
f 228 232 233
f 541 233 519
f 525 538 95
f 799 539 1192
f 538 228 541
f 577 525 95
f 2389 116 761
f 228 540 803
f 540 517 803
f 540 228 517
f 234 498 799
f 241 542 239
f 259 800 96
f 806 807 784
f 539 541 1192
f 845 609 608
f 239 229 277
f 808 809 810
f 525 517 227
f 562 255 1789
f 255 562 241
f 498 95 531
f 1192 541 519
f 525 116 254
f 811 812 813
f 131 269 257
f 562 542 241
f 542 229 239
f 499 1789 229
f 542 499 229
f 239 277 240
f 241 240 255
f 561 817 560
f 565 566 822
f 295 579 604
f 823 1789 815
f 824 815 560
f 817 824 560
f 530 561 1016
f 116 814 254
f 827 835 611
f 563 1032 488
f 822 566 783
f 828 829 830
f 831 832 833
f 818 579 295
f 259 819 1843
f 259 612 565
f 836 587 595
f 576 575 837
f 575 1023 837
f 589 588 612
f 590 838 606
f 530 1789 823
f 530 562 1789
f 530 1016 92
f 824 817 839
f 824 823 815
f 823 824 839
f 250 530 823
f 561 250 839
f 250 561 530
f 817 561 839
f 244 560 815
f 839 250 823
f 1340 1354 841
f 564 265 295
f 590 606 619
f 812 835 813
f 835 842 813
f 570 569 843
f 820 568 570
f 555 605 572
f 820 783 568
f 552 582 619
f 565 819 259
f 783 555 568
f 1016 561 244
f 609 845 580
f 846 593 548
f 847 585 848
f 582 590 619
f 849 588 850
f 588 583 850
f 589 587 588
f 844 838 590
f 588 838 844
f 807 851 506
f 238 237 840
f 613 238 840
f 593 852 594
f 581 311 845
f 627 580 608
f 580 845 608
f 845 573 608
f 573 627 608
f 608 610 581
f 581 845 608
f 848 545 1008
f 547 548 594
f 842 853 813
f 855 617 856
f 1008 547 594
f 309 315 149
f 595 587 1780
f 595 1035 859
f 625 587 836
f 624 626 857
f 860 600 558
f 260 131 125
f 861 506 862
f 1016 105 263
f 861 862 785
f 1040 260 286
f 260 109 276
f 105 1016 276
f 284 261 257
f 275 261 284
f 1040 281 1016
f 261 286 125
f 864 865 802
f 579 865 864
f 866 867 868
f 566 555 783
f 869 870 549
f 816 290 1855
f 1216 816 1855
f 292 291 294
f 128 596 130
f 294 596 128
f 130 262 128
f 596 294 123
f 819 820 570
f 296 148 1855
f 1855 148 872
f 258 296 128
f 612 619 555
f 148 296 258
f 1843 819 570
f 853 811 813
f 853 579 811
f 873 849 874
f 874 583 875
f 299 172 637
f 314 302 300
f 149 126 1040
f 597 265 627
f 847 586 585
f 610 609 620
f 633 321 634
f 633 310 321
f 150 315 598
f 321 877 319
f 310 877 321
f 314 149 315
f 310 598 309
f 632 634 322
f 324 322 320
f 324 635 623
f 635 621 623
f 622 621 310
f 598 310 635
f 314 159 301
f 322 877 320
f 877 319 320
f 877 322 319
f 324 623 632
f 623 622 632
f 314 315 159
f 318 317 630
f 877 316 319
f 310 316 877
f 634 321 322
f 317 310 309
f 304 305 323
f 151 159 315
f 149 323 308
f 331 346 637
f 174 176 331
f 172 174 331
f 172 331 637
f 879 405 423
f 163 313 65
f 1066 880 881
f 880 1066 901
f 313 164 882
f 702 403 402
f 884 61 164
f 32 65 161
f 393 412 394
f 881 885 886
f 361 887 90
f 52 343 165
f 192 673 345
f 647 701 1113
f 667 652 66
f 890 891 892
f 890 1570 891
f 895 1115 751
f 333 694 649
f 381 753 898
f 382 381 898
f 710 899 1337
f 385 1101 1317
f 194 88 89
f 414 88 194
f 735 426 409
f 426 735 692
f 385 343 87
f 903 904 905
f 903 901 904
f 410 717 716
f 657 401 674
f 643 49 666
f 733 749 734
f 749 745 734
f 385 1317 648
f 911 667 1113
f 908 909 910
f 909 908 83
f 197 648 198
f 1291 667 643
f 753 752 898
f 739 638 452
f 414 4439 343
f 912 691 913
f 88 639 89
f 909 915 910
f 912 689 691
f 695 355 397
f 446 348 413
f 452 348 446
f 354 662 907
f 916 675 674
f 170 429 749
f 429 745 749
f 397 355 352
f 657 647 686
f 917 697 421
f 901 673 192
f 918 4539 919
f 706 906 907
f 356 357 344
f 638 739 671
f 206 405 702
f 673 356 344
f 647 675 701
f 920 921 922
f 192 345 661
f 923 438 419
f 893 1113 701
f 663 333 2577
f 206 412 924
f 752 741 898
f 741 382 898
f 686 396 351
f 198 648 357
f 901 356 673
f 369 356 901
f 344 357 648
f 901 363 696
f 925 894 418
f 925 901 894
f 696 923 901
f 438 923 696
f 663 82 333
f 355 695 452
f 644 447 464
f 927 928 929
f 677 686 678
f 438 449 419
f 647 1113 87
f 655 686 930
f 651 421 436
f 720 734 201
f 734 745 201
f 841 932 933
f 932 934 933
f 1107 935 936
f 675 916 701
f 393 457 924
f 401 916 674
f 742 699 698
f 692 445 1142
f 718 392 465
f 1107 670 937
f 465 636 668
f 718 379 402
f 423 405 924
f 204 726 938
f 182 939 940
f 743 733 454
f 82 187 420
f 879 423 715
f 414 683 334
f 695 739 452
f 718 361 90
f 941 942 425
f 194 89 195
f 684 646 645
f 408 382 735
f 944 945 405
f 383 88 414
f 656 639 895
f 639 1115 895
f 752 753 381
f 715 411 394
f 428 736 679
f 219 218 940
f 678 353 364
f 946 656 895
f 385 369 343
f 698 722 742
f 722 698 355
f 421 664 436
f 681 664 697
f 947 405 948
f 937 947 948
f 949 710 1337
f 402 404 359
f 405 206 924
f 711 699 742
f 355 676 364
f 951 952 4164
f 951 953 952
f 931 80 454
f 457 423 924
f 436 2962 650
f 639 88 383
f 412 393 924
f 379 718 1098
f 639 656 89
f 656 946 193
f 380 703 383
f 703 639 383
f 954 946 895
f 721 714 711
f 752 753 943
f 887 405 719
f 90 887 719
f 686 638 671
f 671 739 695
f 955 747 956
f 442 446 443
f 442 355 446
f 719 405 391
f 390 719 391
f 879 939 405
f 361 360 887
f 360 405 887
f 723 672 714
f 672 723 355
f 452 450 347
f 450 713 347
f 702 405 403
f 742 721 711
f 683 414 186
f 381 382 408
f 409 381 408
f 186 193 946
f 730 941 425
f 957 958 83
f 958 957 930
f 910 915 425
f 732 731 677
f 731 686 677
f 686 959 960
f 421 651 750
f 1354 190 417
f 355 358 732
f 355 732 676
f 961 83 355
f 654 1620 686
f 383 414 692
f 1340 199 464
f 681 447 664
f 681 464 447
f 686 956 747
f 721 723 714
f 81 199 365
f 956 960 962
f 670 947 937
f 343 1098 80
f 711 365 199
f 692 1142 426
f 81 436 464
f 464 199 81
f 692 735 383
f 366 368 963
f 368 745 963
f 199 1340 711
f 650 726 727
f 458 964 965
f 408 735 409
f 190 966 417
f 966 746 417
f 950 917 421
f 736 428 743
f 80 743 454
f 427 191 971
f 664 421 697
f 203 716 727
f 410 421 750
f 750 651 717
f 453 748 2031
f 889 745 368
f 367 889 368
f 454 453 2031
f 170 733 743
f 917 681 697
f 681 917 464
f 188 967 968
f 1354 967 188
f 458 421 926
f 445 2389 1142
f 717 651 650
f 367 366 2031
f 191 968 971
f 968 645 971
f 204 203 727
f 421 938 914
f 434 433 415
f 422 5022 460
f 972 748 973
f 2962 436 81
f 477 209 5040
f 974 975 976
f 467 466 406
f 977 523 978
f 500 763 755
f 786 979 980
f 757 500 207
f 981 982 983
f 984 985 766
f 101 487 489
f 2630 207 482
f 470 406 466
f 475 491 476
f 211 470 471
f 217 216 760
f 987 979 988
f 482 215 217
f 211 931 478
f 982 989 983
f 990 989 982
f 480 212 502
f 480 479 212
f 1417 522 990
f 989 524 997
f 989 522 524
f 760 758 475
f 207 755 997
f 755 762 756
f 770 762 502
f 756 762 770
f 991 245 247
f 245 991 992
f 756 770 771
f 779 993 781
f 217 760 482
f 994 995 242
f 995 994 775
f 482 754 978
f 482 483 474
f 473 492 997
f 990 522 989
f 223 768 996
f 496 757 207
f 479 207 212
f 772 248 996
f 212 501 502
f 212 207 501
f 481 496 207
f 502 763 759
f 991 792 992
f 480 495 481
f 480 502 495
f 768 766 985
f 756 771 997
f 478 786 1034
f 988 979 490
f 979 786 490
f 1452 502 501
f 237 851 840
f 988 773 1034
f 780 779 798
f 96 1032 100
f 1000 780 797
f 101 100 487
f 773 988 490
f 980 987 1001
f 987 988 1034
f 252 980 1001
f 786 980 252
f 490 786 478
f 253 252 1001
f 1034 251 253
f 511 528 1003
f 528 527 1003
f 779 506 993
f 488 1032 1004
f 489 488 1004
f 2038 761 765
f 980 979 987
f 1001 987 1034
f 253 1001 1034
f 613 236 238
f 781 993 782
f 807 861 784
f 556 1005 834
f 846 586 617
f 526 549 527
f 613 1006 511
f 613 806 784
f 506 549 993
f 993 1007 782
f 1008 1009 3656
f 800 506 237
f 96 578 1032
f 236 800 237
f 840 851 806
f 613 840 806
f 1007 993 549
f 259 506 800
f 784 861 785
f 800 236 613
f 785 862 1006
f 613 785 1006
f 613 511 96
f 851 807 806
f 861 807 506
f 851 237 506
f 862 1000 1006
f 619 1011 1198
f 818 91 1034
f 588 550 612
f 260 127 121
f 259 863 506
f 510 544 1012
f 1010 510 1012
f 519 254 1192
f 510 254 814
f 853 1014 579
f 853 842 1014
f 209 530 92
f 819 822 820
f 822 783 820
f 1843 576 831
f 812 1017 611
f 842 835 295
f 835 827 801
f 835 812 611
f 1018 871 1019
f 1020 857 1021
f 604 842 295
f 843 559 571
f 1843 1019 808
f 574 1022 575
f 1022 1023 575
f 819 565 822
f 1024 864 801
f 1024 579 864
f 244 1789 1016
f 1789 244 815
f 1843 574 576
f 827 1025 1024
f 1025 579 1024
f 295 265 818
f 1017 811 579
f 1017 812 811
f 565 612 555
f 579 1014 604
f 1007 1028 1029
f 1014 842 604
f 547 546 548
f 827 1024 801
f 801 864 802
f 1843 570 843
f 569 555 559
f 843 569 559
f 279 804 280
f 588 804 279
f 607 278 619
f 551 844 582
f 588 844 551
f 1030 549 1031
f 612 550 552
f 582 844 590
f 612 552 619
f 545 618 546
f 618 585 846
f 838 529 606
f 588 529 838
f 848 585 618
f 847 848 1008
f 1008 856 847
f 856 586 847
f 836 595 859
f 848 618 545
f 311 597 627
f 846 580 627
f 311 1008 597
f 620 846 617
f 1036 533 532
f 588 533 1036
f 619 606 607
f 586 856 617
f 311 855 1008
f 855 856 1008
f 581 610 311
f 610 855 311
f 855 620 617
f 610 620 855
f 852 1008 594
f 597 1780 265
f 846 3656 1009
f 593 846 1009
f 836 859 1037
f 1038 1039 1238
f 318 630 1234
f 625 624 588
f 859 1035 1037
f 601 1020 1021
f 1780 1035 595
f 857 1035 1021
f 625 836 1037
f 626 1035 857
f 1037 1035 626
f 625 1037 626
f 780 1000 506
f 782 1007 1029
f 511 1002 528
f 1002 526 528
f 112 260 120
f 127 260 117
f 32 163 65
f 116 816 814
f 260 1040 117
f 120 260 121
f 1033 279 278
f 588 279 1033
f 1843 571 1018
f 1843 810 574
f 553 1041 554
f 821 556 834
f 835 802 1042
f 1011 532 1198
f 1843 1018 1019
f 810 1022 574
f 1043 1044 1045
f 1044 1256 1045
f 1046 1493 875
f 529 1033 607
f 588 1033 529
f 583 1046 875
f 607 1033 278
f 588 860 584
f 876 1049 1048
f 3656 846 564
f 148 144 150
f 584 1050 1046
f 860 1050 584
f 615 598 628
f 1051 614 1049
f 598 148 150
f 872 598 631
f 876 1052 1051
f 631 598 876
f 876 598 615
f 1052 616 1053
f 614 1052 1053
f 614 616 1052
f 1052 615 614
f 1053 629 858
f 876 615 1052
f 1053 616 629
f 1051 1052 614
f 876 1051 1049
f 614 1053 858
f 1052 614 858
f 1049 614 1052
f 1048 1052 858
f 1052 1048 1049
f 1048 631 876
f 630 599 1234
f 628 598 324
f 315 150 152
f 324 320 1234
f 314 153 155
f 320 318 1234
f 153 314 289
f 314 266 289
f 314 155 323
f 304 323 155
f 601 1021 602
f 600 860 588
f 882 164 61
f 892 891 1055
f 891 1056 1055
f 1056 892 1055
f 161 2795 346
f 162 637 346
f 1329 1057 920
f 1058 975 974
f 1059 975 1058
f 884 164 163
f 1282 1060 1061
f 878 61 161
f 1062 1056 891
f 1063 1056 1062
f 61 878 882
f 661 449 439
f 87 27 341
f 2570 1064 1065
f 939 879 219
f 975 881 976
f 881 886 1066
f 1067 1068 1069
f 1067 1562 1068
f 880 885 881
f 925 418 1070
f 2577 649 386
f 901 1066 902
f 1066 881 902
f 907 906 1071
f 1072 1073 1074
f 665 1075 911
f 49 48 665
f 48 1075 665
f 904 925 1070
f 904 901 925
f 1076 1077 1078
f 376 1079 900
f 48 66 1075
f 1081 1082 4838
f 1082 1081 1083
f 1291 643 1084
f 418 449 1070
f 1079 888 900
f 1084 643 666
f 911 1084 666
f 667 49 643
f 87 1113 667
f 1101 385 1616
f 1079 377 888
f 648 1317 449
f 661 345 449
f 1075 652 911
f 1075 66 652
f 1113 537 911
f 694 897 649
f 1085 1086 1087
f 377 375 662
f 888 386 900
f 1107 707 709
f 894 419 418
f 375 1088 649
f 694 907 1071
f 375 1079 376
f 377 1079 375
f 894 923 419
f 894 901 923
f 439 438 696
f 958 955 83
f 955 958 747
f 1089 1092 1090
f 1091 1089 1090
f 955 962 83
f 955 956 962
f 363 661 439
f 897 906 706
f 701 916 401
f 369 901 1377
f 696 363 439
f 449 896 886
f 657 686 401
f 940 218 1093
f 961 942 941
f 437 972 1094
f 903 905 885
f 345 648 449
f 686 960 956
f 1095 1096 970
f 900 386 1088
f 376 900 1088
f 649 1088 386
f 375 376 1088
f 662 354 888
f 906 897 1071
f 897 706 649
f 649 706 662
f 904 1070 905
f 1115 639 2337
f 945 658 690
f 948 710 707
f 948 405 710
f 893 701 1966
f 753 752 659
f 880 903 885
f 880 901 903
f 1070 449 905
f 885 905 886
f 905 449 886
f 1100 1062 1101
f 962 355 83
f 655 744 654
f 701 401 1966
f 710 949 709
f 1113 893 1114
f 694 1071 897
f 1377 715 369
f 950 421 646
f 83 1103 1104
f 1103 1105 1104
f 1377 1290 715
f 967 684 645
f 684 967 1354
f 386 5022 2577
f 694 333 907
f 913 218 1106
f 1108 189 427
f 190 189 1108
f 945 689 710
f 469 467 406
f 700 699 1109
f 937 948 707
f 186 954 683
f 942 1109 425
f 986 1110 1111
f 1110 1112 1111
f 1110 986 1112
f 685 1354 917
f 1290 1511 715
f 879 715 219
f 690 218 691
f 1105 654 1104
f 401 686 1966
f 1093 218 658
f 930 957 655
f 728 961 941
f 961 728 83
f 1966 686 1620
f 744 957 83
f 744 655 957
f 745 1098 1633
f 1115 334 751
f 4439 334 2337
f 718 465 668
f 392 712 465
f 710 912 899
f 1098 718 1107
f 668 636 669
f 636 405 669
f 689 912 710
f 1099 969 970
f 1116 1117 1118
f 967 645 968
f 1107 718 670
f 1120 416 1870
f 899 1102 1337
f 958 930 747
f 654 744 1104
f 744 83 1104
f 748 453 1121
f 939 182 405
f 1098 1107 1633
f 367 437 889
f 1091 1122 1089
f 1123 1124 1125
f 939 219 940
f 83 908 1126
f 908 1127 1126
f 729 915 909
f 83 729 909
f 1129 1091 1090
f 83 1126 1130
f 1126 1131 1130
f 1132 949 1133
f 935 1132 1133
f 685 950 646
f 1129 1134 970
f 926 914 461
f 421 204 938
f 1131 1126 1127
f 670 669 947
f 669 405 947
f 1108 427 746
f 1127 908 910
f 691 218 913
f 1102 899 1106
f 899 913 1106
f 437 1094 889
f 1094 745 889
f 709 1132 935
f 945 944 658
f 718 668 670
f 1354 188 190
f 944 1093 658
f 899 912 913
f 944 182 1093
f 182 940 1093
f 391 405 712
f 392 391 712
f 1107 937 707
f 1131 1127 425
f 182 944 405
f 405 945 710
f 1135 1109 942
f 915 730 425
f 355 1135 961
f 1135 942 961
f 689 945 690
f 686 747 930
f 700 1109 1135
f 355 700 1135
f 959 731 358
f 1136 358 355
f 358 1136 959
f 709 708 1132
f 708 949 1132
f 708 709 949
f 686 731 959
f 1117 1116 1337
f 730 728 941
f 960 959 1136
f 962 1136 355
f 962 960 1136
f 658 218 690
f 935 1133 936
f 1107 709 935
f 1107 936 1137
f 748 1121 973
f 1121 745 973
f 433 459 1138
f 972 437 2031
f 726 650 462
f 926 461 964
f 1139 1125 1870
f 1127 910 425
f 729 730 915
f 189 191 427
f 458 926 964
f 699 711 425
f 1109 699 425
f 417 746 971
f 752 381 659
f 421 459 433
f 938 726 462
f 2031 748 972
f 966 1108 746
f 190 1108 966
f 425 711 1340
f 458 965 459
f 334 683 751
f 421 914 926
f 917 950 685
f 1340 917 1354
f 1120 725 416
f 1089 745 1092
f 1091 1129 970
f 191 188 968
f 1121 202 745
f 202 1121 453
f 972 973 1094
f 973 745 1094
f 1122 963 1089
f 963 745 1089
f 753 659 943
f 659 1142 2337
f 659 2337 943
f 1122 366 963
f 1134 1129 1143
f 1129 1090 1143
f 1090 1092 1143
f 433 1138 415
f 1340 464 917
f 1060 1113 1114
f 745 1633 1092
f 1145 1146 1147
f 1705 1146 1145
f 725 421 434
f 366 1122 2031
f 914 462 461
f 1122 1091 970
f 645 421 971
f 2031 1122 970
f 86 343 931
f 1138 965 1870
f 914 938 462
f 80 931 343
f 934 417 971
f 964 650 965
f 461 650 964
f 459 965 1138
f 434 415 416
f 965 650 1870
f 415 1138 1870
f 454 2031 931
f 931 471 210
f 1337 1116 1148
f 1057 1149 920
f 1150 371 1151
f 1153 1154 1417
f 211 210 406
f 211 471 931
f 469 210 471
f 211 478 86
f 931 5106 478
f 1157 1158 1417
f 1159 1160 1161
f 472 997 790
f 1162 4801 1163
f 1164 1165 1158
f 1165 1164 983
f 1166 1167 1170
f 478 91 86
f 1417 482 978
f 474 472 754
f 1157 1164 1158
f 978 754 790
f 982 981 1168
f 977 790 997
f 977 978 790
f 981 1164 1157
f 981 983 1164
f 1168 981 1157
f 990 982 1168
f 772 246 248
f 792 222 996
f 482 1417 2630
f 2962 501 2630
f 472 790 754
f 984 766 247
f 1417 523 522
f 222 1169 223
f 989 997 983
f 524 977 997
f 523 977 524
f 1417 978 523
f 769 502 247
f 767 1169 247
f 223 1169 767
f 246 769 247
f 246 772 769
f 992 792 996
f 1417 990 1168
f 1168 1157 1417
f 768 985 996
f 767 768 223
f 997 772 996
f 1171 1172 983
f 1172 1171 1173
f 764 991 247
f 991 764 792
f 248 992 996
f 1174 1153 1417
f 245 992 248
f 502 1452 247
f 1169 764 247
f 222 764 1169
f 999 994 1452
f 1452 994 242
f 1034 91 478
f 526 1028 549
f 1175 870 1176
f 1019 1177 808
f 242 995 1178
f 995 578 1178
f 1452 101 1004
f 101 489 1004
f 996 1179 1170
f 1004 1032 1452
f 511 798 781
f 1452 774 999
f 1032 774 1452
f 242 1178 243
f 2038 2389 761
f 999 775 994
f 774 775 999
f 578 995 775
f 871 605 1177
f 1019 871 1177
f 774 1032 578
f 96 2122 578
f 1028 526 1002
f 821 295 835
f 511 782 1029
f 1006 1000 797
f 1180 1181 1182
f 798 779 781
f 527 1183 1003
f 1184 1041 553
f 579 1041 1184
f 1000 862 506
f 511 1006 797
f 91 818 265
f 511 1029 1002
f 1029 1028 1002
f 1028 1007 549
f 264 5040 536
f 1186 578 1187
f 1031 1175 1188
f 3899 603 825
f 603 1013 825
f 833 832 1191
f 832 1023 1191
f 835 1042 821
f 814 3899 825
f 571 572 1018
f 3899 1192 603
f 603 1010 1013
f 510 603 1192
f 510 1192 254
f 1190 1013 1010
f 825 544 814
f 544 510 814
f 834 1184 553
f 1010 603 510
f 827 611 1025
f 821 834 553
f 1193 1194 1788
f 843 571 1843
f 1195 579 1196
f 1185 1195 1196
f 533 1197 534
f 588 1197 533
f 826 1010 1012
f 1010 826 1190
f 825 1190 826
f 1190 825 1013
f 1025 1017 579
f 1025 611 1017
f 1042 556 821
f 802 865 1042
f 821 564 295
f 576 837 831
f 1005 1184 834
f 1184 1005 579
f 556 1042 1199
f 828 821 554
f 556 1199 1005
f 1199 579 1005
f 1199 865 579
f 1199 1042 865
f 831 837 832
f 837 1023 832
f 572 605 871
f 1018 572 871
f 532 534 1198
f 1843 831 833
f 278 280 619
f 1197 1201 1202
f 588 1201 1197
f 808 1177 809
f 1177 605 809
f 605 1023 1022
f 1843 808 810
f 810 809 1022
f 809 605 1022
f 1203 1204 1198
f 804 1200 805
f 588 1200 804
f 555 619 1198
f 280 805 619
f 1011 1036 532
f 805 1200 1011
f 1200 1036 1011
f 588 1036 1200
f 619 805 1011
f 259 589 612
f 534 1197 1202
f 587 589 259
f 852 593 1009
f 1020 588 624
f 564 846 627
f 587 625 588
f 1020 624 857
f 588 601 600
f 1020 601 588
f 1050 1493 1046
f 1205 1206 1207
f 1481 1206 1205
f 1208 1209 1210
f 852 1009 1008
f 564 627 265
f 597 1008 1780
f 1780 126 265
f 149 567 1234
f 1021 1493 602
f 1035 1493 1021
f 583 584 1046
f 558 1493 1050
f 860 558 1050
f 1035 1780 1493
f 873 874 850
f 602 1493 558
f 600 602 558
f 1780 587 126
f 875 1493 850
f 873 850 1214
f 850 1493 1214
f 874 875 850
f 583 874 850
f 874 849 850
f 2122 1783 1215
f 1217 1857 1218
f 1219 1217 1218
f 1220 1221 1193
f 1222 1488 1223
f 1224 1222 1223
f 1227 1228 1229
f 1047 1040 2742
f 872 1230 1231
f 1231 1232 1233
f 555 1198 605
f 1235 1238 1236
f 324 567 1236
f 1237 1235 1054
f 1048 858 854
f 854 1039 1054
f 631 1048 854
f 1239 1240 1235
f 1236 1239 1235
f 1236 1240 1239
f 1039 854 1238
f 1238 854 324
f 1237 1239 1235
f 1239 1038 1235
f 1239 1237 1038
f 1039 1237 1054
f 1237 1039 1038
f 1240 567 1054
f 1240 1236 567
f 1238 324 1236
f 1235 1240 1054
f 1235 1038 1238
f 1234 567 324
f 149 1047 567
f 882 878 65
f 884 32 61
f 162 346 2795
f 61 32 165
f 883 890 1525
f 878 161 65
f 1059 1242 1562
f 1244 1245 1246
f 1248 1247 1525
f 1063 1062 1249
f 32 884 163
f 1100 329 328
f 329 1100 1101
f 1101 1616 329
f 1251 1252 1253
f 1620 1254 1255
f 328 1616 1525
f 1562 902 1059
f 333 354 907
f 901 902 1562
f 1258 1259 1260
f 1570 883 1261
f 883 1262 1261
f 1057 1263 1264
f 881 975 1059
f 1265 1266 1312
f 1266 1265 1267
f 1268 1269 1270
f 1272 1273 1274
f 1265 1275 1276
f 1312 1275 1265
f 1060 1282 1113
f 1298 1084 911
f 1141 1277 425
f 1278 896 1279
f 971 1280 372
f 1249 1100 328
f 1298 911 537
f 1283 1284 1870
f 1285 896 1069
f 1286 1287 1288
f 1287 1286 1312
f 1101 1062 1317
f 1570 1261 1292
f 1289 328 1525
f 1289 1249 328
f 1293 1294 1562
f 1295 1296 1284
f 921 1366 1299
f 922 921 1299
f 1300 1301 1345
f 1095 1134 1302
f 1055 1248 1525
f 1055 892 1248
f 1291 1084 1298
f 2577 333 649
f 1267 1265 1276
f 1056 1247 1248
f 1247 1056 1063
f 892 1056 1248
f 1106 218 1303
f 1298 667 1291
f 1148 1304 1305
f 1306 1525 1292
f 1100 1249 1289
f 1249 1062 1289
f 1062 1100 1289
f 180 1307 1285
f 1247 1289 1525
f 1247 1063 1289
f 1289 1063 1249
f 890 883 1570
f 87 667 1298
f 1253 1252 1309
f 1252 1366 1309
f 218 986 1305
f 1310 1311 1312
f 1310 1313 1311
f 1620 1308 1314
f 1315 1316 1344
f 1317 891 1570
f 417 966 841
f 966 932 841
f 966 417 932
f 890 1055 1525
f 1055 890 892
f 1068 180 1285
f 180 1068 1562
f 1068 1285 1069
f 1069 896 1269
f 1107 1318 1319
f 1130 1131 1277
f 1262 883 1525
f 1097 1320 1321
f 1097 1340 1320
f 1062 891 1317
f 738 1301 1322
f 1242 1058 974
f 1058 1242 1059
f 1293 1268 1270
f 1087 1086 1250
f 1324 1323 1114
f 1282 1325 1326
f 1300 1327 1328
f 1327 1092 1328
f 1282 1061 1330
f 1326 1331 1332
f 969 1300 970
f 1143 1092 1302
f 1134 1143 1302
f 1061 1323 1330
f 1336 1263 1319
f 1336 1337 1263
f 1140 1338 1344
f 1257 1308 1339
f 902 881 1059
f 954 751 683
f 1354 417 841
f 1099 1341 969
f 449 1317 896
f 1325 1324 1346
f 1114 893 1966
f 1347 1151 1870
f 1268 1293 1562
f 1269 896 1270
f 715 1511 218
f 1067 1268 1562
f 1268 1067 1269
f 1333 425 1340
f 1066 976 881
f 1253 1309 1350
f 1115 2337 334
f 414 334 4439
f 1245 1351 1246
f 1312 1351 1245
f 974 976 1307
f 1346 1966 1352
f 1331 1346 1352
f 1353 1120 1870
f 1282 1330 1325
f 1323 1060 1114
f 1060 1323 1061
f 954 186 946
f 1110 1357 1366
f 180 1242 1307
f 180 1562 1242
f 1242 974 1307
f 934 932 417
f 1329 922 1251
f 1067 1069 1269
f 1133 1337 1358
f 936 1133 1358
f 1294 1293 1359
f 886 896 1066
f 969 1341 1327
f 1341 1092 1327
f 971 1128 1360
f 1377 901 1562
f 976 1066 896
f 1285 1307 896
f 1307 976 896
f 1357 1361 1362
f 1311 1363 1312
f 1363 1311 1364
f 1330 1324 1325
f 943 2337 703
f 1293 1270 1359
f 1324 1114 1966
f 1346 1324 1966
f 1337 1148 1263
f 1330 1323 1324
f 921 1264 1366
f 1667 1290 1377
f 1326 1346 1331
f 1367 1368 1355
f 372 1353 373
f 1332 1282 1326
f 1111 1112 1361
f 1356 1331 1352
f 1332 1331 1356
f 386 888 5022
f 1325 1346 1326
f 1367 1340 841
f 372 1280 1353
f 1369 1119 1344
f 1373 1103 83
f 1103 1373 1374
f 1259 1258 1415
f 1305 986 1375
f 1376 1337 1336
f 1318 1376 1336
f 1620 1339 1308
f 895 751 954
f 1620 1374 1339
f 1378 1244 1333
f 1277 1131 425
f 654 1105 1620
f 1300 969 1327
f 1379 1110 1366
f 1276 1378 1333
f 1102 1106 1303
f 1380 1264 1149
f 1057 1380 1149
f 1057 1264 1380
f 1341 1381 1092
f 1341 1099 1381
f 1303 218 1118
f 725 1120 1280
f 1148 1116 1304
f 1117 1303 1118
f 1382 1378 1275
f 1312 1382 1275
f 1280 1120 1353
f 1304 218 1305
f 1118 218 1304
f 1383 1148 1305
f 1301 738 1345
f 1112 986 1693
f 1329 1251 1253
f 1693 986 218
f 1360 1128 1384
f 1318 1336 1319
f 738 1322 1385
f 1322 1092 1385
f 1360 1384 1124
f 1139 1386 1125
f 1096 1387 1381
f 1387 1092 1381
f 1367 933 1368
f 1367 841 933
f 1301 1300 1328
f 1388 1383 1375
f 1389 738 1385
f 1125 1124 1870
f 1313 1620 1364
f 1107 1329 1633
f 1312 1245 1382
f 1245 1244 1382
f 1275 1378 1276
f 1329 1107 1319
f 2337 639 703
f 1390 1296 1295
f 970 1134 1095
f 738 1389 1345
f 1319 1380 1057
f 1380 1263 1057
f 1263 1380 1319
f 1150 1151 1347
f 1620 1314 1364
f 1244 425 1333
f 936 1358 1137
f 1363 1364 1314
f 943 703 752
f 1375 986 1393
f 1312 1130 1394
f 1130 1277 1394
f 1395 1267 1333
f 1382 1244 1378
f 1394 1141 1351
f 1312 1394 1351
f 1311 1313 1364
f 1394 1277 1141
f 1379 986 1111
f 1393 986 1379
f 1363 1396 83
f 1363 1314 1396
f 1314 1308 1396
f 1383 1305 1375
f 1351 1141 1246
f 1133 949 1337
f 83 1130 1312
f 1102 1117 1337
f 1620 1105 1374
f 1374 1105 1103
f 1363 83 1312
f 1379 1388 1393
f 1299 1366 1252
f 1251 1299 1252
f 1117 1102 1303
f 1339 1374 1373
f 1396 1257 83
f 1257 1396 1308
f 1257 1373 83
f 1257 1339 1373
f 1329 1319 1057
f 1116 1118 1304
f 1263 1383 1366
f 922 1299 1251
f 1388 1375 1393
f 1329 920 922
f 1388 1379 1366
f 1383 1388 1366
f 1264 1263 1366
f 920 1149 921
f 1149 1264 921
f 1110 1379 1111
f 1137 1358 1376
f 1358 1337 1376
f 1357 1110 1361
f 1137 1376 1318
f 1107 1137 1318
f 1148 1383 1263
f 1110 1111 1361
f 1254 1243 1397
f 1620 1313 1243
f 1398 1140 1344
f 1395 1266 1267
f 1399 1400 1401
f 1310 1312 1397
f 1243 1310 1397
f 1519 1298 537
f 1402 1254 1397
f 1312 1402 1397
f 1244 1246 425
f 1246 1141 425
f 1096 1095 1387
f 1313 1310 1243
f 1403 1404 1140
f 1404 1403 1340
f 1405 1255 1406
f 1406 1402 1312
f 1402 1406 1255
f 1407 1408 1312
f 1408 1407 1409
f 1410 1316 1315
f 1320 1355 1321
f 1344 1360 1123
f 1411 1410 1315
f 1340 1410 1411
f 1267 1276 1333
f 1321 1355 971
f 1335 2337 1142
f 1095 1302 1387
f 1302 1092 1387
f 971 1150 1128
f 1128 1347 1384
f 1386 1344 1123
f 1398 1403 1140
f 373 1353 1870
f 1301 1328 1322
f 1328 1092 1322
f 1099 1096 1381
f 1338 1315 1344
f 1124 1384 1870
f 1333 1369 1413
f 1316 1321 971
f 1399 1644 1400
f 1411 1315 1338
f 371 373 1151
f 1096 1099 970
f 1320 1367 1355
f 1320 1340 1367
f 1097 1321 1316
f 933 934 1368
f 934 971 1368
f 1404 1411 1338
f 1404 1340 1411
f 1151 373 1870
f 971 371 1150
f 971 1360 1344
f 1316 971 1344
f 1386 1123 1125
f 1404 1338 1140
f 1340 1097 1410
f 1097 1316 1410
f 1150 1347 1128
f 1123 1360 1124
f 1355 1368 971
f 421 725 971
f 971 372 371
f 971 725 1280
f 970 1300 1345
f 2031 970 1345
f 1390 1644 1241
f 1347 1870 1384
f 2389 3799 1335
f 1142 2389 1335
f 650 2962 1870
f 931 210 86
f 1418 1419 1153
f 983 1419 1418
f 1420 1421 1422
f 1644 1423 1241
f 1424 1425 1421
f 1419 1172 1154
f 1427 1174 1417
f 1428 1429 1749
f 1429 1428 1430
f 1153 1419 1154
f 1165 1431 1427
f 1431 1165 983
f 1418 1431 983
f 1431 1418 1174
f 1432 1433 1434
f 1433 1715 1434
f 1728 1435 983
f 1728 1436 1435
f 1437 1152 1749
f 1437 1167 1152
f 1161 1436 1417
f 983 996 1170
f 1427 1431 1174
f 1154 1172 1173
f 1440 1441 1424
f 1179 1166 1170
f 1442 1429 1430
f 1443 1444 1445
f 1439 1443 1426
f 1160 1171 983
f 1160 1159 1171
f 1158 1165 1427
f 1443 1445 1170
f 1447 984 1749
f 1447 1179 984
f 1160 1435 1161
f 1173 1171 1159
f 1161 1435 1436
f 1430 1448 1753
f 1159 1161 1417
f 1174 1418 1153
f 1166 1152 1167
f 1172 1419 983
f 1158 1427 1417
f 1435 1160 983
f 983 997 996
f 1167 1426 1170
f 1183 1449 1450
f 1173 1159 1417
f 1154 1173 1417
f 1426 1443 1170
f 1421 1440 1424
f 985 1179 996
f 1451 1444 1749
f 1444 1451 1445
f 1429 1451 1749
f 1451 1429 1442
f 1179 1447 1166
f 1170 1772 983
f 1444 1439 1749
f 1439 1444 1443
f 1445 1451 1442
f 985 984 1179
f 1152 1447 1749
f 1152 1166 1447
f 984 247 1749
f 1170 1442 1430
f 477 5040 264
f 1167 1437 1426
f 1439 1437 1749
f 1437 1439 1426
f 1170 1445 1442
f 1454 1455 1187
f 1783 1188 1176
f 1188 1175 1176
f 1456 1420 1422
f 1187 578 2053
f 1449 1183 549
f 1783 1457 1211
f 1452 243 1454
f 243 1455 1454
f 1454 1187 1452
f 578 1186 1454
f 1186 1455 1454
f 243 1178 1455
f 1455 1186 1187
f 1030 1449 549
f 1030 1031 1458
f 1783 1450 1459
f 1450 1449 1459
f 1458 1031 1188
f 1783 511 1450
f 1449 1030 1459
f 1452 1187 2053
f 1178 578 1454
f 1455 1178 1454
f 1003 1183 1450
f 1460 1461 1420
f 1175 1031 549
f 511 1003 1450
f 96 1783 2122
f 1457 869 1211
f 511 1783 96
f 869 1180 1211
f 870 1175 549
f 818 1034 773
f 1783 1211 1182
f 1211 1180 1182
f 1783 1459 1458
f 1459 1030 1458
f 870 869 1457
f 869 549 1180
f 536 1789 499
f 1783 1458 1188
f 1183 527 549
f 549 506 863
f 1788 1194 1462
f 1783 1176 1457
f 1176 870 1457
f 821 828 830
f 1463 863 1464
f 1843 833 1465
f 821 830 1185
f 1843 1465 1220
f 1466 1467 1438
f 1185 1196 1468
f 1469 1467 1466
f 1467 1469 1781
f 1467 1781 1470
f 1438 1467 1470
f 821 1471 1466
f 821 1468 1471
f 833 1191 1465
f 544 825 1012
f 1202 1203 1198
f 1471 1472 1469
f 1472 1781 1469
f 1210 1473 1474
f 1471 1469 1466
f 1476 1209 1208
f 1209 1476 1481
f 1465 1477 1220
f 866 1478 867
f 1478 1475 867
f 826 1012 825
f 554 1479 828
f 816 3899 814
f 821 1466 1438
f 830 1195 1185
f 1196 579 1781
f 1193 1221 1189
f 1221 1023 1189
f 829 1195 830
f 579 1195 829
f 1843 1193 1788
f 1462 1482 1483
f 1479 1041 579
f 554 1041 1479
f 1483 1478 866
f 1203 1484 1204
f 849 873 1485
f 3656 564 3627
f 821 1185 1468
f 828 1479 829
f 1479 579 829
f 1438 1470 1480
f 1465 1191 1477
f 1191 1023 1477
f 1201 1484 1203
f 588 1484 1201
f 1462 1486 1482
f 1486 1475 1482
f 1471 1468 1472
f 1472 1196 1781
f 1472 1468 1196
f 1023 605 1475
f 1487 1476 1208
f 1194 1486 1462
f 1483 1482 1478
f 1482 1475 1478
f 1194 1189 1486
f 1189 1023 1486
f 1843 1220 1193
f 1475 1488 1489
f 1788 1462 1483
f 1220 1477 1221
f 1477 1023 1221
f 1023 1475 1486
f 1487 1208 1198
f 1193 1189 1194
f 1204 1487 1198
f 868 867 1489
f 867 1475 1489
f 1207 1206 1227
f 1202 1201 1203
f 1474 1205 1207
f 1210 1474 1198
f 1206 1228 1227
f 1481 1228 1206
f 534 1202 1198
f 1204 1490 1487
f 1490 1476 1487
f 1481 1476 1490
f 1481 1490 588
f 1484 1490 1204
f 1490 1484 588
f 1473 1205 1474
f 1205 1473 1481
f 1209 1473 1210
f 1481 1473 1209
f 1198 1208 1210
f 2122 1491 1492
f 1491 1463 1492
f 1008 3656 1780
f 849 1790 1015
f 588 849 1015
f 873 1214 1485
f 1214 1493 1485
f 1790 849 1485
f 4000 1494 1495
f 1790 1485 1493
f 1493 1780 1790
f 2122 1215 1491
f 1016 1766 2154
f 1198 1474 1207
f 868 1788 866
f 1498 1489 1222
f 1489 1488 1222
f 1499 1788 1497
f 1216 1855 2494
f 1502 821 1480
f 1480 821 1438
f 1503 1781 1500
f 1504 1503 1500
f 1497 1505 1506
f 1505 1488 1506
f 866 1788 1483
f 1040 1016 2742
f 1225 1231 1233
f 1862 1225 1232
f 1225 1233 1232
f 1225 1855 1231
f 1232 1230 1862
f 1228 1507 1229
f 1481 1507 1228
f 1231 1855 872
f 872 1862 1230
f 1198 1227 1229
f 1047 149 1040
f 1227 1198 1207
f 588 1015 1481
f 854 858 629
f 872 631 1869
f 628 854 629
f 1869 854 1054
f 631 854 1869
f 854 628 324
f 1054 567 1869
f 1511 1512 1513
f 1515 1516 1517
f 1522 1523 1524
f 1522 1250 1523
f 1261 1306 1292
f 1262 1306 1261
f 1306 1262 1525
f 1243 1254 1620
f 1529 1297 1530
f 1529 1662 1297
f 1531 1532 1533
f 1531 1534 1532
f 1535 1527 1536
f 1537 1538 1539
f 1540 1294 1359
f 1256 1522 1535
f 1522 1524 1535
f 1366 1357 1542
f 1543 1645 1544
f 1545 1546 1897
f 1250 1113 1523
f 1547 1548 1897
f 1549 1550 1551
f 1552 1553 1644
f 1297 1279 1530
f 1555 1556 1557
f 1558 1559 1557
f 1560 1356 1561
f 61 165 2808
f 1548 1547 1563
f 1564 1565 1511
f 1536 1567 1256
f 1312 1453 1568
f 1453 1569 1568
f 1536 1527 1281
f 1282 1560 1566
f 1560 1561 1566
f 1571 1572 1573
f 1571 1901 1572
f 1407 1574 1409
f 1576 896 1935
f 1279 896 1576
f 1577 1578 1579
f 1580 1571 1581
f 1541 1582 1583
f 1566 1561 1077
f 1530 1279 1576
f 1620 1405 1409
f 1271 1580 1584
f 1585 1586 1119
f 1586 1585 1370
f 1408 1409 1405
f 1649 1343 1587
f 1588 1589 1538
f 1590 1591 1278
f 1590 1562 1591
f 1592 1593 1594
f 1569 1395 1333
f 1423 1644 1595
f 1559 1555 1557
f 1559 1662 1555
f 1596 1597 1598
f 1596 1693 1597
f 1587 1343 1599
f 1361 1112 1362
f 1590 1278 1279
f 1540 1359 896
f 1591 1540 1278
f 1567 1536 1281
f 1601 1602 1603
f 1604 1605 1606
f 2360 1604 1606
f 1529 1530 1556
f 1278 1540 896
f 1607 1569 1333
f 1608 1514 1281
f 1514 1608 1609
f 1582 1601 1610
f 1078 1077 1561
f 1611 1612 1333
f 1613 1614 1615
f 1529 1576 1935
f 1576 1529 1530
f 1617 1618 1619
f 1562 1590 1662
f 1609 1256 1514
f 1621 1587 1599
f 1622 1623 1662
f 1525 1528 1292
f 1526 1624 1349
f 1391 1334 1625
f 1626 1627 1608
f 1627 1609 1608
f 1628 1649 1587
f 87 1298 1519
f 1630 1631 1632
f 1359 1270 896
f 1570 1292 1528
f 1634 1549 1312
f 1549 1634 1550
f 1669 896 1317
f 1349 1596 1598
f 385 87 1616
f 1250 1522 1256
f 1256 1535 1536
f 1556 1530 1365
f 1519 1086 1085
f 1086 1519 1250
f 1087 1144 1085
f 1087 1510 1144
f 1345 1637 1415
f 1525 1616 1528
f 1541 1409 1574
f 1538 1589 1333
f 537 1250 1519
f 1080 1637 1640
f 1589 1286 1288
f 1641 1638 1612
f 1638 1641 1639
f 1329 1253 1350
f 1996 1642 1643
f 1631 1399 1401
f 1372 1645 1532
f 1612 1539 1333
f 1541 1574 1551
f 1646 1647 1644
f 1616 87 1528
f 1511 1290 1648
f 1453 1395 1569
f 1650 1407 1312
f 1407 1650 1574
f 1329 1625 1651
f 1652 2144 1627
f 1555 1529 1556
f 1555 1662 1529
f 1312 1588 1639
f 1885 1570 1528
f 1365 1529 1935
f 1365 1530 1529
f 1144 1043 1519
f 1510 1043 1144
f 1535 1524 1527
f 1085 1144 1519
f 1524 1523 1281
f 1523 1113 1281
f 1087 1250 1256
f 1633 1416 1526
f 537 1113 1250
f 1510 1087 1256
f 1627 1256 1609
f 1514 1567 1281
f 1423 1653 1654
f 1626 1608 1281
f 1637 1655 1640
f 1655 1092 1640
f 1256 1567 1514
f 1044 1510 1256
f 1510 1044 1043
f 1527 1524 1281
f 4526 4639 1656
f 1639 1588 1537
f 1588 1538 1537
f 1657 1658 1659
f 1586 1660 1414
f 1586 1370 1660
f 1600 1078 1352
f 1600 1661 1078
f 1511 1565 1512
f 1542 1112 1693
f 1542 1362 1112
f 1565 1564 1663
f 1398 1344 1414
f 1885 1317 1570
f 1664 1665 1666
f 896 1669 1935
f 1649 1661 1343
f 1996 1633 1598
f 1671 1621 1352
f 1534 1372 1532
f 1534 1371 1372
f 1673 1258 1674
f 1562 1662 1629
f 1705 1333 1413
f 1297 1590 1279
f 1297 1662 1590
f 1648 1667 1668
f 1667 1371 1668
f 1294 1591 1562
f 1294 1540 1591
f 1541 1551 1550
f 1564 1648 1668
f 1662 1623 1521
f 1416 1676 1526
f 1599 1600 1352
f 1649 1076 1661
f 1258 1260 1674
f 1260 1092 1674
f 1633 1526 1349
f 1675 1392 1644
f 1390 1679 1296
f 1139 1870 1653
f 1625 1680 1651
f 1633 1349 1598
f 1681 1693 1676
f 1416 1681 1676
f 1682 1558 1935
f 1558 1365 1935
f 1623 1558 1682
f 1623 1622 1558
f 1282 1332 1560
f 1557 1365 1558
f 1648 1564 1511
f 1557 1556 1365
f 1559 1622 1662
f 1559 1558 1622
f 1332 1356 1560
f 1343 1600 1599
f 1512 1565 1683
f 1621 1599 1352
f 1966 1620 1541
f 1649 1566 1076
f 1282 1566 1649
f 1661 1600 1343
f 1356 1352 1561
f 1566 1077 1076
f 1078 1561 1352
f 1661 1076 1078
f 1587 1621 1628
f 1542 1693 1391
f 1621 1671 1628
f 1565 1663 1683
f 1663 1371 1683
f 1542 1357 1362
f 1080 1640 1684
f 1640 1092 1684
f 1636 1693 1511
f 1651 1681 1416
f 1598 1685 1678
f 1685 1597 1678
f 1597 1685 1598
f 1371 1534 1683
f 1333 1340 1370
f 1686 1637 1345
f 1648 1290 1667
f 1371 1645 1372
f 1377 1645 1371
f 1645 1377 1562
f 1564 1668 1663
f 1668 1371 1663
f 1667 1377 1371
f 1408 1406 1312
f 1408 1405 1406
f 1255 1254 1402
f 1334 1391 1693
f 1288 1607 1333
f 1688 1592 1594
f 1637 1080 1415
f 1644 1386 1595
f 1633 1329 1651
f 1345 1389 1686
f 1689 1690 1691
f 1413 1146 1705
f 1369 1585 1413
f 1585 1692 1413
f 1585 1369 1692
f 1147 1675 1644
f 1370 1585 1369
f 1585 1119 1369
f 1309 1391 1350
f 1309 1366 1391
f 1680 1334 1681
f 1651 1680 1681
f 1329 1350 1625
f 1312 1266 1453
f 1266 1395 1453
f 1366 1542 1391
f 1537 1539 1638
f 1639 1537 1638
f 1633 1651 1416
f 1644 1694 1400
f 1568 1569 1607
f 1681 1334 1693
f 1644 1295 1694
f 218 1511 1693
f 1638 1539 1612
f 1241 1423 1654
f 1539 1538 1333
f 1690 1714 1695
f 1312 1286 1588
f 1286 1589 1588
f 1655 1696 1092
f 1655 1686 1696
f 1686 1655 1637
f 1568 1607 1287
f 1312 1568 1287
f 1287 1607 1288
f 1551 1574 1650
f 1541 1550 1697
f 1996 1598 1678
f 1549 1650 1312
f 1549 1551 1650
f 1698 1392 1675
f 1541 1620 1409
f 1620 1255 1405
f 1390 1241 1679
f 1349 1624 1596
f 1624 1693 1596
f 1676 1693 1624
f 1526 1676 1624
f 1350 1700 1625
f 1700 1391 1625
f 1391 1700 1350
f 1625 1700 1680
f 1700 1334 1680
f 1700 1625 1334
f 1996 1701 1702
f 1693 1636 1909
f 1603 1703 1312
f 1602 1703 1603
f 1697 1703 1602
f 1611 1641 1612
f 1703 1634 1312
f 1703 1697 1634
f 1697 1550 1634
f 1589 1288 1333
f 1423 1595 1653
f 1647 1147 1644
f 1389 1385 1696
f 1385 1092 1696
f 1692 1392 1698
f 1413 1692 1698
f 1586 1414 1119
f 1259 1080 1684
f 1706 1707 1708
f 1706 1709 1707
f 1686 1389 1696
f 1284 1296 1870
f 1400 1283 1401
f 1660 1398 1414
f 1370 1403 1660
f 1403 1398 1660
f 1369 1392 1692
f 1146 1698 1675
f 1413 1698 1146
f 1646 1711 1647
f 1673 1674 1712
f 1674 1092 1712
f 1694 1295 1284
f 1684 1092 1260
f 1259 1684 1260
f 1713 1592 1897
f 1731 1716 1717
f 1119 1414 1344
f 1718 1673 1712
f 1145 1147 1647
f 1695 1719 1720
f 1718 1721 1415
f 1241 1654 1679
f 2577 5022 430
f 1296 1679 1870
f 1333 1370 1369
f 1340 1403 1370
f 1711 1145 1647
f 1145 1711 1705
f 1146 1675 1147
f 1344 1386 1644
f 1400 1694 1283
f 1673 1718 1415
f 1080 1259 1415
f 1654 1653 1870
f 1694 1284 1283
f 1386 1139 1595
f 1392 1369 1644
f 1991 2337 1335
f 2001 1631 1870
f 1644 1390 1295
f 1654 1870 1679
f 1369 1344 1644
f 2031 1345 1415
f 1258 1673 1415
f 1595 1139 1653
f 1631 1401 1870
f 1723 1613 1724
f 1401 1283 1870
f 2031 1714 1689
f 1725 1432 1434
f 1727 1728 1729
f 1730 1728 1727
f 1690 1695 1691
f 1733 1734 1772
f 1733 1735 1734
f 983 1736 1729
f 1750 1730 1727
f 1422 1753 1738
f 1739 1740 1741
f 1742 1743 1738
f 1745 1746 1747
f 1456 1748 1749
f 1748 1456 1422
f 1735 1751 2072
f 1170 1430 1753
f 1735 1752 1734
f 2072 1730 1750
f 1748 1743 1749
f 1743 1748 1738
f 1436 1730 2072
f 1742 1738 1753
f 1734 1755 1772
f 1734 1752 1755
f 1417 1436 2072
f 1750 1727 1729
f 1448 1742 1753
f 1743 1756 1749
f 1743 1742 1756
f 1755 1752 2072
f 1755 1736 1772
f 1772 1170 1753
f 2122 1757 1758
f 1757 1759 1758
f 1772 1736 983
f 1760 1754 1761
f 1461 1762 1440
f 1755 1750 1736
f 2072 1750 1755
f 1762 1460 1749
f 1460 1762 1461
f 1736 1750 1729
f 1763 1764 1773
f 1765 1764 1763
f 1441 1762 1749
f 1762 1441 1440
f 1728 983 1729
f 1436 1728 1730
f 1460 1456 1749
f 1456 1460 1420
f 1421 1772 1753
f 2630 1417 2072
f 1421 1461 1440
f 1752 1735 2072
f 1748 1422 1738
f 1155 1441 1749
f 1441 1155 1424
f 1430 1428 1448
f 1448 1756 1742
f 1421 1753 1422
f 1754 1760 1767
f 1768 1760 1761
f 1756 1428 1749
f 1756 1448 1428
f 1461 1421 1420
f 1769 1770 1771
f 247 1726 1749
f 1215 1774 1491
f 1775 1808 1766
f 1775 1776 1808
f 1777 1741 1778
f 1463 1774 863
f 1463 1464 1492
f 1759 1777 1758
f 2053 578 2122
f 1497 1506 1499
f 1016 1789 1766
f 863 1782 1464
f 1774 1463 1491
f 1181 1180 863
f 868 1489 1498
f 2122 1492 1779
f 1492 1464 1779
f 1501 1503 1504
f 1783 1182 1215
f 1182 1181 1215
f 1180 549 863
f 1774 1181 863
f 1181 1774 1215
f 1464 1782 1779
f 2480 1784 1785
f 1784 1786 1785
f 536 5040 1789
f 2122 1758 1778
f 1758 1777 1778
f 1497 1788 1787
f 247 1452 1726
f 2425 1192 3899
f 1781 579 818
f 1791 1502 1480
f 1792 1503 1501
f 1781 1503 1792
f 1793 1794 1795
f 1794 1781 1795
f 1788 868 1498
f 1498 1222 1224
f 1787 1796 1505
f 1796 1488 1505
f 2162 259 1843
f 1798 1799 1800
f 1787 1505 1497
f 1791 1781 1792
f 1502 1791 1792
f 1802 1798 1856
f 1788 1498 1224
f 1499 1803 1804
f 1507 1770 1769
f 1770 1507 1481
f 1504 1500 1806
f 1807 1808 1776
f 2480 2053 2122
f 1226 1809 1810
f 1015 1809 1226
f 821 1502 1501
f 1791 1470 1781
f 1470 1791 1480
f 1802 1811 1798
f 1224 1223 1812
f 1795 1811 1802
f 1811 1795 1781
f 1502 1792 1501
f 1813 1814 1805
f 1814 1857 1805
f 1812 1223 1796
f 1223 1488 1796
f 1793 1795 1802
f 1801 1810 1815
f 821 1501 1504
f 1811 1781 1799
f 1798 1811 1799
f 1856 1816 1817
f 1794 1500 1781
f 1794 1806 1500
f 1806 1793 821
f 1812 1796 1787
f 1793 1806 1794
f 1229 1769 1801
f 1804 1814 1813
f 1509 1508 1818
f 1499 1506 1803
f 1506 1488 1803
f 1818 1226 1810
f 1771 1819 1820
f 1770 1819 1771
f 1819 1770 1481
f 1821 1508 1509
f 1015 1508 1821
f 1488 1857 1814
f 1804 1803 1814
f 1803 1488 1814
f 1508 1226 1818
f 1015 1226 1508
f 1829 1822 1775
f 863 1777 1759
f 1198 1229 1801
f 1823 1821 1824
f 1821 1823 1015
f 1229 1507 1769
f 1824 1821 1509
f 1825 1826 1827
f 1820 1823 1824
f 1819 1823 1820
f 1481 1823 1819
f 1823 1481 1015
f 1778 1741 1740
f 605 1198 1475
f 2991 1766 1789
f 1778 1740 2122
f 1830 1831 1832
f 1782 1759 1757
f 1782 1757 1779
f 863 1759 1782
f 1777 863 1741
f 1835 1833 1786
f 1740 1739 1834
f 2122 1740 1834
f 1775 1766 1829
f 1836 1837 2480
f 1775 1822 1807
f 2480 1785 1836
f 1785 1833 1836
f 2122 1779 1757
f 1838 1839 2118
f 1839 1838 1840
f 1829 2154 1822
f 1831 863 1786
f 2432 3899 816
f 1844 1845 1846
f 1788 2162 1843
f 1850 1781 1851
f 1816 1850 1851
f 1842 1216 2494
f 1856 821 1793
f 1852 2158 2112
f 1853 1218 1854
f 1218 1857 1854
f 1812 1788 1224
f 1806 821 1504
f 1858 1859 1874
f 1802 1856 1793
f 1800 1856 1798
f 1816 1856 1800
f 1860 1781 1845
f 1844 1860 1845
f 1861 1805 1217
f 1805 1857 1217
f 1787 1788 1812
f 1857 1488 1475
f 1804 1788 1499
f 1863 1855 1225
f 1863 1862 872
f 1866 1867 1868
f 1015 1867 1866
f 1198 1857 1475
f 1863 1225 1862
f 1797 564 821
f 1801 1824 1509
f 1810 1801 1818
f 1801 1769 1771
f 1820 1801 1771
f 1801 1820 1824
f 1818 1801 1509
f 1869 567 1047
f 1871 1554 1872
f 1874 1876 1875
f 1877 1629 1878
f 1912 1658 1879
f 1859 1876 1874
f 1658 1043 1045
f 1545 1882 1883
f 1884 1882 1545
f 1652 1626 1281
f 1519 1658 1912
f 4233 340 350
f 1879 1886 1256
f 1887 1888 2653
f 1312 1639 1635
f 1521 1520 1572
f 1889 1721 1890
f 1891 1892 1875
f 1645 1562 1629
f 1886 1045 1256
f 1893 1894 1701
f 1554 1630 1632
f 1629 1274 1895
f 1896 1891 1875
f 1909 1547 1897
f 1898 2607 1899
f 1629 1271 1900
f 1271 1584 1900
f 1610 1603 1635
f 1603 1610 1601
f 1629 1662 1901
f 1900 1581 1669
f 1900 1580 1581
f 1902 1553 1552
f 1531 1903 1687
f 1629 1901 1271
f 1881 1828 1904
f 1905 1906 1907
f 1713 1548 1908
f 1909 1636 1563
f 1910 1897 1911
f 1702 1910 1911
f 1913 1914 1915
f 1900 1584 1580
f 1917 1918 1919
f 1920 1584 1900
f 1921 1922 1923
f 1889 1890 1924
f 1890 1715 1924
f 1891 1878 1925
f 1892 1891 1925
f 1926 1927 1928
f 1271 1901 1580
f 1256 1627 2144
f 1929 1930 2286
f 1858 1543 1544
f 1858 1903 1543
f 1931 1932 1933
f 1932 1931 1708
f 1912 1879 2144
f 1996 1702 1934
f 1619 1936 1926
f 1519 1043 1658
f 1828 1629 1895
f 1926 1936 1927
f 1936 1897 1927
f 1859 1939 1876
f 1940 1432 1722
f 1657 1659 1879
f 1659 1886 1879
f 1528 87 1518
f 2223 1541 1583
f 87 1519 1912
f 1635 1941 1942
f 1941 1943 1942
f 1908 1636 1593
f 1658 1657 1879
f 350 162 4233
f 1944 1945 1946
f 1682 1935 1948
f 1594 1882 1884
f 1545 1688 1884
f 1520 1682 1948
f 2808 161 61
f 2808 165 2205
f 1281 1113 2825
f 1513 1949 1687
f 1949 1531 1687
f 1273 1272 1669
f 1636 1950 1951
f 1670 1732 1998
f 1659 1045 1886
f 1658 1045 1659
f 2144 1879 1256
f 1652 1627 1626
f 2825 1652 1281
f 1652 2825 2144
f 1952 1953 1635
f 1952 1954 1953
f 1955 1956 1957
f 1958 1940 1722
f 3952 1317 1885
f 1934 1937 1617
f 1521 1572 1901
f 1960 1597 1897
f 1723 1724 2001
f 1572 1520 1948
f 1961 1272 1274
f 1693 1909 1897
f 1521 1623 1520
f 1623 1682 1520
f 1962 1963 2295
f 1874 1513 1687
f 1964 1965 2653
f 1662 1521 1901
f 1534 1531 1949
f 1961 1947 1575
f 1532 1645 1533
f 1113 1282 2825
f 1967 1968 1969
f 1968 1970 1969
f 1970 1968 1967
f 1548 1563 1908
f 1871 1872 1972
f 1973 1957 1974
f 1669 1317 3952
f 1533 1645 1543
f 1649 2825 1282
f 1272 1575 1669
f 1272 1961 1575
f 1573 1572 1948
f 1671 1649 1628
f 1859 1544 1939
f 1859 1858 1544
f 1976 1977 2286
f 1975 1552 1614
f 1901 1571 1580
f 1689 1691 1699
f 1876 1896 1875
f 1878 1629 1925
f 1697 1602 1541
f 1947 1920 1575
f 1920 1669 1575
f 1920 1900 1669
f 1939 1629 1978
f 1876 1939 1978
f 1544 1629 1939
f 1645 1629 1544
f 1671 1966 1541
f 1614 1979 1955
f 1614 1871 1979
f 1981 1924 1715
f 1981 1958 1924
f 1958 1981 1940
f 1907 1983 1708
f 1906 1983 1907
f 1513 1512 1949
f 1984 1892 1985
f 1986 1874 1875
f 1629 1947 1961
f 1513 1874 1511
f 1584 1920 1947
f 1629 1900 1947
f 1900 1584 1947
f 1571 1948 1669
f 1948 1571 1573
f 1581 1571 1669
f 1615 1973 1974
f 1273 1895 1274
f 1629 1961 1274
f 1671 1352 1966
f 2031 1689 1699
f 1903 1858 1874
f 1948 1935 1669
f 1649 1671 2825
f 1631 2001 1632
f 1987 1988 1714
f 1989 1929 1516
f 1990 1517 1938
f 1992 1677 1975
f 1677 1992 1705
f 1512 1683 1949
f 1683 1534 1949
f 1677 1552 1975
f 1888 1993 1994
f 1993 2033 1994
f 1678 1995 1893
f 1685 1960 1995
f 1678 1685 1995
f 1678 1960 1685
f 1721 1718 1997
f 1874 1986 1511
f 1516 1929 2286
f 1548 1713 1897
f 1702 1911 1934
f 1716 1731 1991
f 1998 1716 1991
f 1897 1894 1960
f 1710 1992 1975
f 1687 1903 1874
f 1978 1629 1877
f 1892 1925 1985
f 1688 1594 1884
f 1876 1978 1877
f 1896 1876 1877
f 1891 1896 1878
f 1896 1877 1878
f 1903 1533 1543
f 1903 1531 1533
f 1597 1693 1897
f 2031 1415 1722
f 1710 1975 1614
f 1415 1889 1722
f 1996 1926 1928
f 1967 1982 1614
f 1996 1619 1926
f 1943 1611 1333
f 1635 2000 1989
f 2000 1929 1989
f 1546 1545 1883
f 1996 1934 1617
f 1636 1882 1593
f 1996 2002 1642
f 1592 1688 1897
f 1713 1908 1593
f 1678 1597 1960
f 1547 1909 1563
f 1614 1399 1630
f 1688 1545 1897
f 1515 1517 1990
f 1635 1515 1990
f 1672 1988 2003
f 1701 1894 1910
f 1894 1897 1910
f 1563 1636 1908
f 1996 1678 1893
f 1893 1995 1894
f 1995 1960 1894
f 1983 1906 1959
f 1701 1910 1702
f 1592 1713 1593
f 1996 1617 1619
f 1991 1731 2337
f 1996 1893 1701
f 1972 1872 2001
f 1511 1986 1636
f 1945 2004 2005
f 2006 1938 2007
f 1938 1517 2286
f 1930 1333 2286
f 340 5022 888
f 1399 1631 1630
f 1942 1943 1930
f 1603 1312 1635
f 1670 1731 1732
f 2008 1583 1582
f 1699 1666 2009
f 1723 2001 2267
f 1593 1882 1594
f 2010 2011 2007
f 1432 1725 1722
f 1941 1611 1943
f 1974 1957 2001
f 2010 2007 2286
f 1712 1092 1715
f 1614 1554 1871
f 2008 1610 1635
f 2008 1582 1610
f 1934 1911 1937
f 1911 1897 1937
f 1618 1897 1936
f 1619 1618 1936
f 1617 1937 1618
f 1937 1897 1618
f 1928 2012 2002
f 1639 1941 1635
f 2011 2006 2007
f 2006 2011 1635
f 1541 1601 1582
f 1704 1968 1967
f 1968 1982 1967
f 1639 1641 1941
f 1641 1611 1941
f 1954 1583 1953
f 1953 2008 1635
f 2008 1953 1583
f 1942 1930 2000
f 1635 1942 2000
f 2223 1583 1954
f 2223 2013 2014
f 1930 1943 1333
f 2014 2013 2015
f 2016 2015 1635
f 2016 2014 2015
f 2015 1952 1635
f 1952 2015 2013
f 1952 2013 1954
f 1982 2017 1614
f 2000 1930 1929
f 2007 1938 2286
f 2223 1954 2013
f 2223 2014 1959
f 1541 1602 1601
f 2286 1333 2283
f 2018 2019 2037
f 1635 1990 2006
f 1990 1938 2006
f 2020 1664 1666
f 1902 2021 1553
f 1902 1705 2021
f 1965 2022 2023
f 2022 1715 2023
f 1720 1719 1672
f 1691 1720 1699
f 1887 1965 2023
f 1989 1516 1515
f 1635 1989 1515
f 2016 1959 2014
f 1983 2016 1708
f 2016 1983 1959
f 2016 1635 1708
f 1932 1708 1635
f 1999 2010 1977
f 1725 2004 1722
f 1973 1955 1957
f 1517 1516 2286
f 1988 1987 2003
f 2359 1333 1705
f 1992 2024 1704
f 2024 1992 1710
f 1889 1958 1722
f 1732 1670 1998
f 1670 1716 1998
f 1716 1670 1732
f 1940 1981 1433
f 1981 1715 1433
f 1432 1940 1433
f 1705 1992 1704
f 2025 2026 2027
f 2028 2024 2017
f 1704 2024 2028
f 1996 2029 2030
f 1415 1721 1889
f 1997 1712 1715
f 1712 1997 1718
f 1725 1434 1412
f 1434 1715 1412
f 2004 1725 1412
f 1633 1996 3163
f 1945 2005 1946
f 2005 1715 1946
f 1958 1889 1924
f 1717 1732 1731
f 1644 1399 1614
f 1721 1997 1890
f 1997 1715 1890
f 2034 2025 2035
f 2028 2017 1982
f 2024 1710 2017
f 1677 1902 1552
f 1677 1705 1902
f 1968 2028 1982
f 2028 1968 1704
f 2036 1967 1614
f 1705 1704 1967
f 1614 1955 1973
f 1412 1715 2005
f 2004 1412 2005
f 1092 1633 1715
f 1614 1630 1554
f 1722 2653 2031
f 1711 1646 2021
f 1705 1711 2021
f 1614 1973 1615
f 2017 1710 1614
f 1979 1871 1972
f 2021 1646 1553
f 1646 1644 1553
f 1613 1615 1724
f 1554 1632 1872
f 2004 1945 1722
f 1872 1632 2001
f 1722 1964 2653
f 1979 1972 1956
f 2003 2039 1699
f 1957 1956 2001
f 1956 1972 2001
f 1615 1974 1724
f 1988 1719 1714
f 1691 1695 1720
f 1979 1956 1955
f 1670 2337 1731
f 1974 2001 1724
f 1690 1689 1714
f 1665 2040 2009
f 1945 1944 1722
f 1998 2337 1670
f 1980 2041 2042
f 1552 1644 1614
f 1672 2003 1699
f 2929 2043 2044
f 1714 1719 1695
f 1720 1672 1699
f 931 2031 1699
f 1719 1988 1672
f 1666 1665 2009
f 2046 1950 2032
f 1987 2039 2003
f 2361 1870 2962
f 2009 2047 1699
f 2687 2048 2049
f 1754 1767 2050
f 1772 2051 1733
f 2052 1155 1726
f 2052 1425 1155
f 2054 2055 2056
f 2051 1751 1733
f 1751 1735 1733
f 2057 2058 2059
f 2060 2054 1726
f 2054 2060 2055
f 2687 1773 1772
f 2072 1751 1763
f 2054 2062 1726
f 2062 2054 2056
f 1425 2052 2063
f 2062 2052 1726
f 2052 2062 2063
f 1751 1765 1763
f 1425 2063 1421
f 2441 2064 2065
f 2055 1754 2056
f 1772 1773 1764
f 1772 1421 1754
f 1765 2051 1772
f 1751 2051 1765
f 1763 1773 2072
f 1764 1765 1772
f 2066 2067 2068
f 2067 2132 2068
f 2687 2072 1773
f 2060 1761 2055
f 2062 2056 2063
f 1155 1425 1424
f 1768 2060 1726
f 2060 1768 1761
f 2687 2702 2072
f 1760 2071 1767
f 2071 1768 1726
f 2071 1760 1768
f 1767 2073 2050
f 1155 1749 1726
f 2073 2071 1726
f 2071 2073 1767
f 2056 1421 2063
f 2687 1772 1754
f 2075 2073 1726
f 2075 2050 2073
f 1754 1421 2056
f 1761 1754 2055
f 1971 2195 2229
f 2076 2077 2074
f 2077 2076 2070
f 2078 2079 2417
f 2076 2080 2070
f 2480 2081 2082
f 2081 2083 2082
f 1786 1833 1785
f 2480 2122 1784
f 2084 1781 2085
f 2086 2084 2085
f 1739 1830 1834
f 2087 1835 2088
f 2122 1832 1784
f 1766 1808 1822
f 2154 1766 1822
f 2122 1834 1832
f 1834 1830 1832
f 1808 1807 1822
f 1851 1860 1817
f 1781 1860 1851
f 1726 1452 2684
f 2991 1829 1766
f 1831 1830 863
f 1739 1741 863
f 1830 1739 863
f 1833 2092 1836
f 2093 2083 2081
f 2480 1837 2081
f 1837 2093 2081
f 2687 2094 2095
f 1835 2092 1833
f 2083 2096 2082
f 2389 2038 2425
f 1847 2097 2098
f 2425 2038 1192
f 478 2100 773
f 1856 1817 1844
f 818 1849 1781
f 1452 2053 2684
f 1815 2103 2104
f 2078 773 2100
f 2105 2084 2106
f 2084 2105 1781
f 2108 2109 2110
f 1817 1860 1844
f 1848 1847 2155
f 1850 1799 1781
f 1799 1850 1800
f 1816 1851 1817
f 1867 2109 2108
f 1015 2109 1867
f 1219 1218 1853
f 2158 1842 2112
f 1788 1219 1853
f 2113 2105 2106
f 1788 1861 1219
f 2114 2115 2116
f 1826 2117 1827
f 2117 1826 1015
f 2155 1841 2452
f 2119 2120 2121
f 2120 1857 2121
f 2162 1788 2123
f 1853 1854 2123
f 2124 1864 2125
f 2193 1864 2124
f 2113 2126 2105
f 2126 1781 2105
f 1850 1816 1800
f 1804 1813 1788
f 2113 1846 2126
f 2126 1845 1781
f 2126 1846 1845
f 2085 1781 1849
f 2086 2085 2127
f 2106 2084 2086
f 1788 1813 1861
f 2123 1854 2120
f 1854 1857 2120
f 2119 2121 2128
f 2109 2129 2110
f 1015 2129 2109
f 2117 1866 2130
f 1866 2117 1015
f 2103 2099 2104
f 2099 2103 1015
f 1809 2103 1815
f 1015 2103 1809
f 1861 1217 1219
f 1813 1805 1861
f 2128 2090 2114
f 2116 2115 2131
f 2115 2458 2131
f 2128 2121 2090
f 2121 2458 2090
f 2123 2120 2119
f 1857 2458 2121
f 2114 2090 2115
f 2090 2458 2115
f 1784 1832 1831
f 2134 2135 2136
f 2135 1849 2136
f 3371 2137 2138
f 2139 1852 2112
f 1868 1867 2108
f 2160 1863 2102
f 1810 1809 1815
f 2130 1866 1868
f 1827 2117 2130
f 2099 1826 1825
f 1015 1826 2099
f 2104 2099 1825
f 1815 2104 1801
f 1784 1831 1786
f 1835 2093 2092
f 2093 1835 2083
f 2141 1849 2142
f 2143 2141 2142
f 2128 2162 2119
f 863 1835 1786
f 2154 1829 2991
f 1836 2092 1837
f 2093 1837 2092
f 2082 2096 2147
f 2096 2148 2147
f 2443 2150 4690
f 1841 2151 2097
f 2152 2153 2684
f 259 1496 863
f 1016 4380 2089
f 259 2162 1496
f 1847 2098 2155
f 2157 2118 3880
f 1841 2097 2089
f 816 1216 2432
f 2098 2097 2151
f 1848 2155 2452
f 2432 1216 1839
f 3880 2156 2157
f 1016 2089 1848
f 1841 2089 4380
f 2155 2098 1841
f 2452 1016 1848
f 2158 2161 1842
f 2098 2151 1841
f 3663 2112 2494
f 1839 1216 3880
f 1848 2097 1847
f 2097 1848 2089
f 1841 4380 2452
f 2119 2162 2123
f 2116 2131 2146
f 2742 1016 2452
f 2102 1863 1865
f 3663 1216 1842
f 1842 2494 2112
f 3663 1842 2161
f 2161 2158 2139
f 2158 1852 2139
f 821 1856 2441
f 2161 2139 2112
f 2127 2441 2086
f 1846 1856 1844
f 2441 1856 1846
f 2106 2441 2113
f 2163 2164 2165
f 2164 2132 2165
f 2106 2086 2441
f 2123 1788 1853
f 2114 2162 2128
f 2167 2168 2160
f 2169 2160 2168
f 2064 2441 2127
f 1846 2113 2441
f 2170 2756 2171
f 2167 2169 2168
f 2172 2173 2174
f 1857 2507 2458
f 2166 2458 2175
f 2176 2166 2175
f 2458 2132 2175
f 2146 2131 2166
f 2131 2458 2166
f 2177 2178 2179
f 2116 2162 2114
f 1855 1863 2160
f 2169 2167 2102
f 2180 2181 2433
f 2182 2433 2181
f 1864 2183 2184
f 2183 1864 2193
f 2101 2185 2186
f 2136 2141 2187
f 2141 2136 1849
f 2433 564 2140
f 2160 2102 2167
f 1801 3046 1198
f 2182 2181 2190
f 3046 1801 2130
f 2433 2140 2191
f 1797 2140 564
f 1865 1863 872
f 1825 1801 2104
f 1801 1825 1827
f 2110 2129 2192
f 1827 2130 1801
f 2108 3046 1868
f 3046 2130 1868
f 2194 1977 1976
f 2196 2036 2197
f 2198 1914 1913
f 1946 1715 2199
f 1944 1946 2199
f 2200 2201 2202
f 2201 2200 2203
f 2037 1577 2204
f 2206 2207 2208
f 2209 2210 2211
f 2212 2213 2214
f 1881 1904 2215
f 1881 2218 2217
f 1914 2219 2220
f 1917 2221 2222
f 1881 1629 1828
f 1881 2211 2210
f 2224 2225 2037
f 2219 2226 2227
f 2219 1950 2226
f 1518 1885 1528
f 2206 1273 1669
f 1904 2208 2215
f 2295 1963 2207
f 1996 1928 2002
f 1643 2230 2029
f 1932 1976 1933
f 2231 2232 1726
f 2232 2231 2233
f 2234 1546 2235
f 1895 1273 2206
f 2208 1895 2206
f 1708 2237 2238
f 2237 2239 2238
f 1904 1895 2208
f 1984 1985 2240
f 1985 1629 2240
f 2810 1881 2210
f 1919 1950 2241
f 2242 1971 2229
f 2243 2244 2245
f 2244 1971 2245
f 2236 2242 2229
f 2241 1950 2046
f 2030 2248 2249
f 2225 2250 1614
f 2252 1994 2253
f 1994 2033 2253
f 4384 4891 2254
f 1964 2199 2022
f 2199 1715 2022
f 2256 2257 2258
f 1962 2217 2218
f 1635 1999 2194
f 1999 1977 2194
f 2260 2359 1969
f 1635 2011 1999
f 2011 2010 1999
f 1629 1881 2195
f 2261 2262 2263
f 1629 2195 2264
f 2036 1614 2197
f 2265 1579 2267
f 1709 1922 1707
f 2266 2253 2268
f 2253 2033 2268
f 2269 2204 2265
f 2270 1933 2286
f 1883 1546 1951
f 1546 1882 1951
f 1546 1883 1882
f 2271 1905 2272
f 2205 165 4439
f 1969 1970 2196
f 1970 2036 2196
f 2002 2273 1642
f 1664 2259 1714
f 1965 1964 2022
f 1604 2360 2274
f 2275 2276 2277
f 2278 2264 2279
f 2280 2278 2279
f 2207 2215 2208
f 2252 1888 1994
f 2295 2281 1962
f 2237 2282 2239
f 2284 2285 2224
f 2284 2359 2285
f 2209 2281 2295
f 1707 1921 1708
f 1921 1707 1922
f 2215 1963 2218
f 1614 1980 1880
f 1963 1962 2218
f 2247 2280 2236
f 1614 1613 2041
f 2281 2209 2211
f 2217 2281 2211
f 2278 2280 2247
f 1917 1919 2241
f 1998 4439 2337
f 2207 1669 2295
f 2207 2206 1669
f 1828 1273 1904
f 1273 1895 1904
f 1273 1828 1895
f 1881 2217 2211
f 2032 2221 2046
f 1984 2289 1875
f 2266 2252 2253
f 2290 2291 2292
f 1964 1944 2199
f 1881 2215 2218
f 2230 2032 2628
f 2245 1971 2242
f 1963 2215 2207
f 1897 1546 2222
f 2209 2295 2298
f 2210 2209 2298
f 2295 1669 3952
f 2298 2295 2296
f 2299 2197 1614
f 2229 2195 2203
f 2240 1629 2264
f 1918 1917 2222
f 2029 2230 2300
f 2230 2628 2300
f 2226 1950 2305
f 2810 2210 2296
f 2023 1715 2033
f 2301 2275 2302
f 2280 2243 2236
f 2303 2268 2304
f 2268 2033 2304
f 2264 2195 1971
f 1925 1629 1985
f 1636 1986 2246
f 2281 2217 1962
f 2289 1984 2240
f 1614 2306 2037
f 2307 2269 2308
f 2309 2310 2311
f 2312 2198 2313
f 1875 2278 2247
f 2289 2278 1875
f 2270 1931 1933
f 2245 2242 2236
f 2279 1971 2244
f 2331 2247 2236
f 2314 2315 2267
f 2570 1065 2316
f 2210 2298 2296
f 2280 2279 2244
f 2243 2280 2244
f 2235 1951 2317
f 1986 2331 2246
f 2032 2219 2628
f 2318 2319 2320
f 2825 1671 2297
f 2300 2628 2248
f 2030 2300 2248
f 1705 1967 1969
f 2279 2264 1971
f 2031 2653 1714
f 2019 2224 2037
f 2583 1996 2261
f 2266 2303 2371
f 2323 2324 2267
f 2325 2326 2327
f 1546 1883 2235
f 2243 2245 2236
f 2289 2240 2264
f 2278 2289 2264
f 2282 2270 2286
f 3163 1996 2583
f 1986 1875 2331
f 2331 1875 2247
f 1993 2023 2033
f 1993 1887 2023
f 1706 2328 1709
f 2222 2032 2329
f 1643 2329 2230
f 2329 2032 2230
f 2322 1923 2271
f 1882 1636 1951
f 2260 2197 2299
f 2040 2330 2047
f 2229 2331 2236
f 2229 2203 2331
f 2219 2227 2220
f 1892 1984 1875
f 1980 2042 2315
f 1950 1636 2305
f 2306 2314 1578
f 1959 1906 2223
f 1642 2273 2329
f 2332 2333 2882
f 2194 1976 1932
f 1635 2194 1932
f 2305 1636 2246
f 2297 1671 1541
f 2227 2226 2220
f 1951 1917 1919
f 1917 1950 1919
f 1950 1917 1951
f 1699 2047 2334
f 2335 2817 2257
f 2256 2335 2257
f 2336 2282 2237
f 1708 2336 2237
f 2223 1906 1905
f 1887 1993 1888
f 1642 2329 1643
f 1715 1633 3163
f 2250 2338 1614
f 1578 2314 2267
f 2339 2340 2286
f 2222 2221 2032
f 1996 2030 2249
f 1665 1664 1714
f 2341 2299 2338
f 2018 2342 2019
f 2029 2300 2030
f 1880 2315 2314
f 2334 2035 1699
f 2273 2222 2329
f 1708 1931 2336
f 1931 2270 2336
f 2272 1907 1708
f 1907 2272 1905
f 2223 1923 1922
f 2322 2272 1708
f 2322 2271 2272
f 1921 2322 1708
f 2322 1921 1923
f 2343 2344 2345
f 2285 2346 2225
f 2346 2285 2359
f 2239 2282 2286
f 1933 1976 2286
f 2040 1665 1714
f 2221 1917 2241
f 1918 1951 1919
f 1918 2317 1951
f 1996 1643 2029
f 2032 1950 2219
f 1927 1897 2222
f 2221 2241 2046
f 1614 2041 1980
f 1996 2249 2261
f 2219 1914 2628
f 2223 1922 1709
f 2223 1709 2328
f 2223 1905 2271
f 2223 2271 1923
f 2223 2328 2311
f 2234 1918 2222
f 2012 2222 2273
f 2002 2012 2273
f 1977 2010 2286
f 2037 2204 2269
f 2348 2309 1708
f 2310 2309 2348
f 2249 2349 2261
f 2261 2349 2262
f 2349 2628 2262
f 1546 2234 2222
f 1914 2198 2628
f 1928 1927 2012
f 1927 2222 2012
f 1699 2020 1666
f 1883 1951 2235
f 2234 2235 2317
f 1918 2234 2317
f 2305 2350 1915
f 2351 1706 1708
f 1706 2351 2328
f 2336 2270 2282
f 2248 2628 2349
f 2249 2248 2349
f 2583 2261 2263
f 2352 2353 2354
f 2359 2321 2346
f 2321 2250 2346
f 2339 2355 2340
f 2334 2034 2035
f 2260 2196 2197
f 2260 1969 2196
f 2309 2351 1708
f 2309 2311 2351
f 2311 2328 2351
f 2285 2225 2224
f 2355 2238 2340
f 1708 2238 2355
f 2238 2239 2340
f 2340 2239 2286
f 2250 2321 2338
f 2321 2341 2338
f 2321 2359 2341
f 2036 1970 1967
f 1987 1714 2259
f 2291 2358 1916
f 1722 1944 1964
f 2356 2308 2267
f 2308 2265 2267
f 2042 1723 2267
f 2359 1705 1969
f 2303 2266 2268
f 2259 1664 2020
f 2357 2303 2304
f 1965 1887 2653
f 2327 2318 2360
f 2001 1870 2267
f 1888 2252 2371
f 2009 2040 2047
f 1614 1880 2306
f 2653 1888 2371
f 2225 1614 2037
f 2306 1578 1577
f 2269 2265 2308
f 2039 1987 2259
f 2303 2357 2371
f 2362 2363 2335
f 2363 2817 2335
f 2338 2299 1614
f 2341 2260 2299
f 2341 2359 2260
f 3799 2364 2365
f 2307 2037 2269
f 1880 1980 2315
f 2342 2284 2019
f 2359 2284 2342
f 2041 1723 2042
f 2366 2367 2368
f 2284 2224 2019
f 2315 2042 2267
f 2346 2250 2225
f 2306 1880 2314
f 1613 1723 2041
f 2330 2034 2334
f 2037 2306 1577
f 2035 2025 2027
f 2040 1714 2929
f 2356 2307 2308
f 2027 2026 2370
f 2039 2020 1699
f 1578 2267 1579
f 2252 2266 2371
f 1699 2035 2360
f 2307 2356 1064
f 2034 2929 2025
f 2035 2027 2360
f 2204 1577 1579
f 2204 1579 2265
f 2330 2929 2034
f 2040 2929 2330
f 2027 2370 2360
f 2047 2330 2334
f 2039 2259 2020
f 2373 2374 2332
f 2374 2333 2332
f 2333 2373 2332
f 2333 2374 2373
f 931 1699 4004
f 1605 2043 2929
f 931 4004 5106
f 2232 2075 1726
f 2232 2377 2075
f 2377 2233 1754
f 2050 2075 2377
f 2094 2379 2095
f 2687 2080 2380
f 2702 2630 2072
f 2050 2377 1754
f 2687 2095 2382
f 2231 2094 2233
f 2231 1726 2074
f 2383 2384 2385
f 2386 2379 2074
f 2386 2095 2379
f 2377 2232 2233
f 2387 2076 2074
f 2076 2387 2080
f 2388 2387 2074
f 2387 2388 2380
f 2382 2077 2070
f 2080 2387 2380
f 2095 2386 2382
f 2233 2094 1754
f 2379 2231 2074
f 2231 2379 2094
f 2077 2386 2074
f 2077 2382 2386
f 2080 2687 2070
f 2687 1754 2094
f 2079 2390 2417
f 2390 2079 2391
f 2687 2382 2070
f 2392 2393 2394
f 2395 2396 2397
f 2396 2398 2397
f 2398 2396 2395
f 2480 2399 2400
f 2399 2401 2400
f 2403 2153 2152
f 2152 2405 2381
f 2107 2100 2406
f 2407 2408 2409
f 2378 2408 2407
f 2078 2100 2107
f 2078 2406 2079
f 2406 2391 2079
f 2408 2410 2409
f 2378 2410 2408
f 2390 2391 2407
f 2411 2412 2413
f 2480 2069 2053
f 2414 2190 2189
f 2390 2407 2409
f 2417 2390 2409
f 2391 2100 2378
f 2406 2100 2391
f 2107 2406 2078
f 2152 2416 2403
f 2416 2381 2403
f 2416 2152 2381
f 2418 2419 2417
f 2419 2418 2420
f 2417 2410 2418
f 2087 2088 2421
f 2421 2088 2422
f 2480 2147 2423
f 2147 2148 2423
f 2146 2166 2176
f 2172 3096 2424
f 2152 2684 2405
f 2401 2427 2400
f 2148 2087 2423
f 2480 2082 2147
f 2096 2083 1835
f 2410 2417 2409
f 2480 2423 2421
f 2423 2087 2421
f 2684 2074 1726
f 2429 2430 2431
f 2087 2148 1835
f 2480 2422 2431
f 2422 2429 2431
f 2430 2434 2435
f 2148 2096 1835
f 2480 2431 2435
f 2431 2430 2435
f 2088 2429 2422
f 2437 2438 2439
f 2438 2440 2439
f 2405 2684 2053
f 2378 2418 2410
f 2405 2069 2381
f 1835 863 1496
f 2405 2053 2069
f 2407 2391 2378
f 2376 4534 2443
f 2444 2445 2446
f 2129 2447 2192
f 2447 2129 1015
f 2162 2116 2146
f 2449 2450 2065
f 2450 2449 1849
f 2451 1849 2449
f 2064 2451 2449
f 2134 2186 2135
f 2065 2450 2101
f 2135 2185 1849
f 2185 2135 2186
f 2441 2065 2101
f 2453 2133 2067
f 2133 2132 2067
f 2064 2449 2065
f 2175 2132 2133
f 2455 2175 2133
f 2451 2064 2127
f 2453 2067 2066
f 2111 2124 2457
f 2124 2111 2193
f 2459 2460 2170
f 2451 2085 1849
f 2451 2127 2085
f 2163 2471 2461
f 2403 2381 2069
f 2176 2175 2455
f 2455 2133 2453
f 2399 2435 2434
f 2192 2447 2462
f 2450 1849 2185
f 2101 2450 2185
f 2188 2464 2465
f 2191 2140 2445
f 2134 2136 2187
f 2162 2146 2176
f 3046 2462 2466
f 2143 2142 2424
f 2187 2141 2143
f 2191 2445 2444
f 2467 2111 2457
f 2180 2468 2181
f 2180 2446 2468
f 2193 2469 1015
f 2457 2124 2125
f 2066 2068 2470
f 2461 2164 2163
f 2470 2068 2456
f 2068 2132 2456
f 2470 2456 2461
f 2461 2456 2164
f 2456 2132 2164
f 2434 1835 2401
f 773 3019 818
f 1835 2434 2430
f 2183 2472 2473
f 2193 2472 2183
f 2464 2433 2474
f 2140 2189 2445
f 2444 2180 2433
f 2444 2446 2180
f 2433 2191 2444
f 2108 2110 3046
f 3627 564 2433
f 2140 1797 2189
f 2445 2189 2446
f 2475 2469 2466
f 2469 2475 1015
f 2414 2474 2182
f 2466 2469 2467
f 2469 2111 2467
f 2193 2111 2469
f 2192 2462 3046
f 2110 2192 3046
f 2125 1864 2184
f 2447 2475 2462
f 2475 2447 1015
f 2462 2475 2466
f 2477 2478 2137
f 2184 2183 2473
f 1835 2429 2088
f 1857 1198 3046
f 2457 3046 2467
f 2399 2434 2401
f 1835 2481 2393
f 2435 2399 2480
f 2471 2455 2453
f 2421 2422 2480
f 2427 2393 2392
f 1835 2430 2429
f 2482 2483 2484
f 2991 4380 2154
f 2485 2486 2487
f 2442 1838 2157
f 1016 2154 4380
f 2156 2432 2442
f 2432 1840 2442
f 1840 1838 2442
f 1840 2432 1839
f 2157 1838 2118
f 3880 2432 2156
f 2156 2442 2157
f 2118 1839 3880
f 2491 2492 2493
f 2742 2452 4380
f 3663 2161 2112
f 2424 3096 2143
f 3096 2441 2187
f 2187 2441 2134
f 2134 2441 2186
f 2495 2497 2171
f 2187 2143 3096
f 2499 2500 2501
f 2500 2440 2501
f 2461 2471 2470
f 2186 2441 2101
f 1797 2441 3096
f 1797 821 2441
f 2464 2474 2465
f 2471 2162 2455
f 3046 2507 1857
f 2464 2188 2476
f 2066 2471 2453
f 2455 2162 2176
f 2470 2471 2066
f 1855 2160 3098
f 2468 2446 2189
f 2169 2102 1865
f 2160 1865 3098
f 2189 2502 2188
f 2160 2169 1865
f 2468 2190 2181
f 2188 2502 2476
f 2472 2505 2506
f 2193 2505 2472
f 2508 3070 2499
f 2414 2465 2474
f 2474 2433 2182
f 2414 2182 2190
f 1797 3096 2189
f 2190 2468 2189
f 2465 2414 2189
f 2509 2510 2511
f 2433 2485 2487
f 2464 2476 2433
f 2188 2465 2189
f 2485 2476 2502
f 2476 2485 2433
f 2495 2171 2756
f 2467 3046 2466
f 2179 3046 2177
f 2125 3046 2457
f 2473 3046 2184
f 3046 2125 2184
f 872 4433 1865
f 1015 3921 2159
f 3113 4433 872
f 3921 1015 1790
f 872 1869 3113
f 1780 3897 1790
f 2519 2520 2521
f 2522 2520 2519
f 2523 2849 2524
f 2822 2810 2295
f 3115 2525 2813
f 2526 1912 2490
f 2527 2339 2528
f 2529 2530 2531
f 2534 3135 2535
f 2536 2534 2535
f 2533 2537 2251
f 2541 2201 2538
f 2542 2532 2817
f 2543 2361 2544
f 2546 2290 2547
f 2548 2549 2550
f 2549 2548 2551
f 2522 2554 2520
f 2522 2555 2554
f 2556 2357 2517
f 2557 2558 2559
f 2202 2541 2560
f 2202 2201 2541
f 2290 2292 2547
f 2292 2033 2547
f 2393 2427 1835
f 2364 2561 2365
f 2026 2025 2929
f 2562 2563 2294
f 2373 2333 2277
f 2564 2373 2277
f 2258 2257 2539
f 2257 2817 2539
f 2565 2566 2567
f 2568 2569 2817
f 2521 2520 2216
f 3135 2571 2572
f 2573 2882 2574
f 2575 2573 2574
f 2583 2263 2362
f 2655 2576 2344
f 2566 2565 2817
f 2350 2564 1915
f 2350 2288 2564
f 2570 2316 2352
f 2333 2332 2277
f 2553 1915 2579
f 2580 2573 2581
f 2582 2573 2580
f 3119 2795 161
f 2667 2527 2585
f 2527 2528 2585
f 1885 2555 2855
f 2586 2528 2251
f 2583 2256 2258
f 2333 2288 2882
f 2519 2855 2522
f 2587 2855 2519
f 2587 2588 2589
f 2855 2587 2589
f 2532 2542 2590
f 2347 2586 2591
f 2380 2592 2687
f 87 1912 4735
f 2297 2540 2593
f 3135 2526 2535
f 2595 2596 2591
f 2526 3135 1912
f 2555 2522 2855
f 2353 2597 2267
f 2583 2529 2531
f 2555 1885 2216
f 2554 2555 2216
f 2216 1885 1518
f 2520 2554 2216
f 2598 2599 2600
f 2599 2601 2600
f 2599 2598 2601
f 1912 2825 2490
f 2535 2526 2490
f 1912 2144 2825
f 2603 2602 2538
f 2490 2536 2535
f 2596 2347 2591
f 2347 2596 2667
f 2537 2595 2251
f 3135 2572 2605
f 2583 2557 2559
f 2373 2288 2333
f 2373 2564 2288
f 2530 2817 2606
f 2580 2332 2582
f 2332 2580 2374
f 2350 2305 2246
f 2357 2304 2517
f 2304 2033 2517
f 2578 2599 2598
f 2599 2609 2598
f 2332 2275 2277
f 2352 2597 2353
f 2293 2610 2611
f 2599 2612 2609
f 2612 2599 2578
f 2598 2613 2601
f 2538 2195 2810
f 2195 1881 2810
f 2810 2296 2295
f 2331 2203 2200
f 2603 2200 2202
f 1914 2226 1915
f 1914 2220 2226
f 2614 2615 2616
f 2615 2817 2616
f 2546 2547 2617
f 2547 2033 2617
f 2556 2618 2372
f 2593 2552 2563
f 2540 2552 2593
f 2619 2620 2621
f 2313 1915 2553
f 2288 2350 2246
f 2542 2565 2622
f 2563 2552 2294
f 2594 2595 2537
f 2246 2331 2882
f 2532 2568 2817
f 2603 2538 2607
f 2560 2602 2603
f 2602 2560 2541
f 2311 2310 2223
f 2623 2537 2533
f 1915 2564 2277
f 2557 2606 2558
f 2606 2817 2558
f 2602 2541 2538
f 2201 2203 2538
f 2290 2546 2913
f 2624 2625 2529
f 2332 2581 2275
f 2203 2195 2538
f 2331 2200 2603
f 1898 2603 2607
f 2603 2202 2560
f 340 4233 5022
f 2626 2018 2627
f 2552 2540 2294
f 2628 2629 2817
f 2319 2326 2929
f 2358 2632 1916
f 2632 2033 1916
f 2583 2624 2529
f 2882 2331 1898
f 2331 2603 1898
f 1915 2631 2567
f 2226 2305 1915
f 2582 2332 2882
f 2573 2582 2882
f 2542 2275 2590
f 2288 2246 2882
f 2276 1915 2277
f 2581 2573 2575
f 1915 2276 2631
f 2566 2579 2567
f 2367 2613 2570
f 2365 2633 2369
f 2565 2567 2622
f 2540 1541 2294
f 2540 2297 1541
f 2634 2635 2636
f 2562 2593 2563
f 2562 2297 2593
f 2612 2626 2627
f 2578 2626 2612
f 1541 2223 2655
f 2667 2637 2638
f 2637 2639 2638
f 2640 2641 2642
f 2198 1913 2313
f 3353 2294 1541
f 2570 2037 1064
f 2276 2275 2631
f 2643 2524 2644
f 2312 2629 2628
f 2584 1708 2667
f 2531 2530 2606
f 2645 2646 2647
f 2371 2357 2556
f 2370 2026 2044
f 2569 2568 2302
f 2648 2639 2251
f 2649 2366 2368
f 2649 2600 2366
f 2598 2609 2037
f 2368 2367 2570
f 2561 1335 2369
f 2559 2650 2651
f 2312 2313 2553
f 2532 2590 2301
f 2565 2542 2817
f 2629 2553 2579
f 2566 2629 2579
f 2362 2335 2256
f 2568 2532 2301
f 2326 2325 2929
f 2358 2291 2913
f 2567 2631 2622
f 2579 1915 2567
f 2374 2580 2581
f 2332 2374 2581
f 2318 2320 2360
f 2652 2611 2361
f 2611 2267 2361
f 2145 1494 4000
f 2667 2623 2287
f 2623 2533 2287
f 2371 2358 2913
f 2611 2610 2267
f 2594 2537 2623
f 2667 2594 2623
f 2654 2293 2611
f 1604 2043 1605
f 2667 2596 2594
f 2596 2595 2594
f 2613 2598 2037
f 2263 2363 2362
f 2568 2301 2302
f 2655 2604 2656
f 2223 2310 2657
f 2531 2606 2557
f 1714 2653 2929
f 2658 2657 2659
f 2659 2348 2584
f 2348 2659 2657
f 2583 2531 2557
f 2348 1708 2584
f 2657 2310 2348
f 2660 2655 2656
f 2625 2817 2530
f 2529 2625 2530
f 2624 2539 2625
f 2539 2817 2625
f 2661 2659 2584
f 2661 2658 2659
f 2583 2362 2256
f 1913 1915 2313
f 2631 2542 2622
f 2275 2542 2631
f 2655 2343 2604
f 2655 2344 2343
f 2662 2345 2584
f 2662 2343 2345
f 2661 2576 2658
f 2636 2635 2251
f 2663 2344 2576
f 2663 2661 2584
f 2661 2663 2576
f 2345 2663 2584
f 2663 2345 2344
f 2585 2528 2586
f 1708 2527 2667
f 1708 2355 2527
f 2355 2339 2527
f 2590 2275 2301
f 2817 2629 2566
f 2198 2312 2628
f 2629 2312 2553
f 2618 2517 2033
f 2618 2556 2517
f 2662 2604 2343
f 2664 2662 2584
f 2662 2664 2604
f 2595 2591 2251
f 2655 2223 2576
f 2287 2533 2665
f 2223 2658 2576
f 2585 2586 2347
f 2667 2585 2347
f 2628 2817 2363
f 2262 2628 2363
f 2263 2262 2363
f 2223 2657 2658
f 2258 2539 2624
f 2583 2258 2624
f 2665 2533 2251
f 2635 2666 2665
f 2283 2600 2649
f 2356 2267 2324
f 1335 2561 1991
f 2668 2664 2667
f 2668 2656 2664
f 2018 2037 2627
f 2286 2283 2251
f 2656 2668 2660
f 2669 2668 2667
f 2660 2668 2669
f 2664 2584 2667
f 2656 2604 2664
f 2528 2339 2251
f 2339 2286 2251
f 2666 2287 2665
f 2287 2666 2667
f 2591 2586 2251
f 2320 2929 3211
f 2613 2037 2570
f 2635 2665 2251
f 2633 2561 2369
f 2283 2359 2578
f 1916 2033 2292
f 2291 1916 2292
f 2654 2611 2652
f 2369 3799 2365
f 2609 2627 2037
f 2325 1605 2929
f 2578 2342 2626
f 2342 2018 2626
f 2326 2319 2318
f 2670 2671 2672
f 2543 2673 2652
f 2612 2627 2609
f 2546 2608 2913
f 2037 2307 1064
f 2283 2598 2600
f 2213 2674 2214
f 2291 2290 2913
f 2358 2372 2632
f 2372 2618 2632
f 2618 2033 2632
f 1998 1991 2364
f 1991 2561 2364
f 2673 2570 2654
f 2556 2372 2371
f 1605 2325 1606
f 2543 2652 2361
f 2359 2342 2578
f 2608 2675 2913
f 2316 2323 2597
f 1333 2359 2283
f 2366 2676 2367
f 2600 2676 2366
f 2283 2578 2598
f 2608 2546 2617
f 2033 1715 3163
f 2677 2045 2570
f 2649 2368 2045
f 2601 2676 2600
f 2613 2676 2601
f 2676 2613 2367
f 2653 2371 2913
f 2327 2326 2318
f 2045 2368 2570
f 2570 2293 2654
f 2026 2929 2044
f 2610 2353 2267
f 2316 1065 2323
f 2372 2358 2371
f 2370 2044 2274
f 2293 2354 2610
f 2570 2354 2293
f 1065 2324 2323
f 2673 2654 2652
f 2323 2267 2597
f 2570 2352 2354
f 2354 2353 2610
f 1065 1064 2324
f 1064 2356 2324
f 2352 2316 2597
f 2044 2043 2274
f 2360 1606 2327
f 1606 2325 2327
f 2360 2370 2274
f 2364 3799 1998
f 2274 2043 1604
f 2319 2929 2320
f 4004 1699 2360
f 3353 2621 2620
f 2267 1870 2361
f 2962 4316 2361
f 2962 2630 2958
f 2679 2680 2402
f 2380 2388 2592
f 2592 2681 2687
f 2682 2383 2074
f 2383 2682 2384
f 2480 2392 2394
f 2683 3587 2684
f 2454 3349 2680
f 2679 2454 2680
f 2402 2448 2417
f 2686 2396 2395
f 2686 2684 2396
f 2417 2419 2402
f 2395 2069 2398
f 2688 2388 2074
f 2688 2592 2388
f 2419 2679 2402
f 2689 2688 2074
f 2689 2681 2688
f 2690 2691 2692
f 2681 2689 2385
f 2592 2688 2681
f 2693 2694 2074
f 2694 2693 2048
f 2695 2693 2074
f 2693 2695 2049
f 2687 2412 2048
f 2412 2687 2413
f 2696 2697 2404
f 2697 2696 2698
f 2412 2694 2048
f 2383 2689 2074
f 2689 2383 2385
f 2694 2411 2074
f 2411 2694 2412
f 2682 2413 2384
f 2411 2682 2074
f 2682 2411 2413
f 2048 2693 2049
f 2384 2687 2385
f 2463 2448 2402
f 2699 2684 2700
f 2413 2687 2384
f 2473 2472 2506
f 2684 2699 2708
f 2454 2420 3349
f 2699 2428 2708
f 2427 2401 1835
f 2687 2681 2385
f 2416 2403 2395
f 2153 2403 2416
f 2074 2684 2404
f 2420 2418 3349
f 2418 2378 3349
f 2419 2454 2679
f 2454 2419 2420
f 2378 2100 3349
f 2703 2704 2705
f 2397 2700 2686
f 2680 2463 2402
f 2463 2680 3349
f 2397 2398 2428
f 2684 2686 2700
f 2683 2706 2707
f 2428 2683 2707
f 2069 2428 2398
f 2403 2069 2395
f 2699 2701 2428
f 2701 2699 2700
f 2708 2709 2706
f 2684 2708 2706
f 2700 2397 2701
f 2397 2428 2701
f 2686 2395 2397
f 2706 2709 2707
f 2709 2428 2707
f 2069 2480 2428
f 3349 2448 2463
f 2153 2396 2684
f 2396 2416 2395
f 2396 2153 2416
f 2061 2711 2415
f 2711 2712 2415
f 2479 2713 2714
f 2393 2481 2394
f 4348 2717 2718
f 2717 2719 2718
f 3349 2100 478
f 2720 2721 2722
f 3315 2722 2723
f 2722 2721 2723
f 3315 2724 2722
f 2724 2720 2722
f 2478 2504 2137
f 2504 2478 2159
f 2179 2725 2512
f 2481 2479 2726
f 1835 2479 2481
f 2480 2726 2714
f 2726 2479 2714
f 2480 2394 2726
f 2394 2481 2726
f 2480 2400 2392
f 2400 2427 2392
f 2721 2727 2723
f 2471 2163 2728
f 2485 2502 2486
f 2729 2730 2731
f 3315 2729 2731
f 2505 2513 2733
f 2513 2505 2193
f 2734 2735 2736
f 2735 2734 4546
f 2061 2715 773
f 1496 2162 4861
f 2061 773 2078
f 2502 2189 2486
f 2448 3305 2078
f 2683 2684 2706
f 2174 2737 2491
f 2495 2738 2497
f 2506 2733 3046
f 2728 2496 2739
f 2448 2078 2417
f 2709 2708 2428
f 3070 2728 2739
f 2480 3587 2428
f 2740 2498 2173
f 2172 2740 2173
f 3096 2174 2491
f 2743 2744 2177
f 2740 2172 2424
f 2737 2498 2492
f 2491 2737 2492
f 3046 2473 2506
f 2746 2489 2503
f 2747 2510 2748
f 2499 3070 2749
f 2178 2725 2179
f 2159 2725 2178
f 3070 2471 2728
f 2415 2715 2061
f 2748 2751 2747
f 2437 2439 2749
f 2428 3587 2683
f 2487 2738 2495
f 2753 2752 2514
f 2715 2415 2712
f 2715 3019 773
f 2489 2754 2741
f 3096 2172 2174
f 2508 2501 2755
f 2501 2440 2755
f 2173 2737 2174
f 2498 2737 2173
f 2740 2142 2498
f 2740 2424 2142
f 2757 2758 2746
f 2758 2757 2498
f 2746 2758 2489
f 2142 1849 2498
f 2759 2757 2746
f 2759 2493 2760
f 2760 2492 2498
f 2760 2493 2492
f 2758 2498 2754
f 2489 2758 2754
f 2728 2165 2496
f 2165 2132 2496
f 2759 2760 2757
f 2760 2498 2757
f 2506 2505 2733
f 2458 2507 2132
f 2459 2509 2460
f 2487 2495 2756
f 2496 2132 2438
f 2739 2496 2438
f 2508 2755 2703
f 2499 2501 2508
f 2162 2471 3070
f 2739 2438 2437
f 2749 2439 2500
f 2439 2440 2500
f 2163 2165 2728
f 2132 2440 2438
f 2744 2193 2159
f 2749 2500 2499
f 2703 2755 2704
f 2755 2440 2704
f 2705 2704 2426
f 2704 2440 2426
f 2486 2189 2738
f 2487 2486 2738
f 2512 2761 2477
f 2193 1015 2159
f 3046 2743 2177
f 2744 2178 2177
f 2178 2744 2159
f 2511 2747 2756
f 2433 2487 2756
f 2433 2756 3671
f 2761 2478 2477
f 2159 2478 2761
f 2733 2513 2743
f 2513 2744 2743
f 2744 2513 2193
f 2725 2761 2512
f 2761 2725 2159
f 1835 2721 2720
f 3046 2179 2512
f 3080 2727 1835
f 2753 2514 2762
f 2721 1835 2727
f 1835 2713 2479
f 2714 2713 2724
f 2713 2720 2724
f 3315 2714 2724
f 1835 2720 2713
f 2714 3315 2480
f 2727 2729 2723
f 2727 2730 2729
f 3897 1780 4170
f 2752 2516 2514
f 2752 2753 2762
f 2515 1869 1047
f 2515 2765 2763
f 3899 2432 3880
f 5063 2742 4380
f 2749 3070 2437
f 3070 2768 2769
f 2494 1855 3098
f 2511 2756 2460
f 2741 2503 2489
f 1849 2766 2498
f 2771 2498 2772
f 2773 2771 2772
f 2774 2498 2775
f 2770 2774 2775
f 3098 3663 2494
f 2170 2171 2776
f 2493 2759 3096
f 2774 2754 2498
f 2754 2774 2741
f 2770 2503 2741
f 2746 2503 3096
f 2746 3096 2759
f 2493 3096 2491
f 2437 3070 2739
f 2703 3070 2508
f 2777 2507 2778
f 2779 2777 2778
f 2776 2497 2189
f 2747 2751 2756
f 2459 2170 2776
f 2510 2747 2511
f 2509 2459 3096
f 2459 2776 3096
f 2511 2460 2509
f 3096 2776 2189
f 2497 2776 2171
f 3046 2733 2743
f 3371 2477 2137
f 2460 2756 2170
f 3096 2510 2509
f 2497 2738 2189
f 2477 3046 2512
f 2510 3096 2748
f 2751 2748 2782
f 2781 2783 3096
f 2785 2786 2787
f 2788 2786 2785
f 3371 3046 2477
f 2789 2752 2753
f 2791 3113 1869
f 2763 1869 2515
f 2515 2789 2753
f 2515 1047 2516
f 2789 2516 2752
f 2752 2515 2753
f 2515 2516 2789
f 2516 1047 2514
f 2765 2514 2763
f 2762 2514 2765
f 2515 2752 2765
f 2752 2762 2765
f 2763 2514 1047
f 2790 2791 2488
f 2488 2791 2149
f 3113 2792 2149
f 4433 3113 2149
f 2792 3113 2791
f 2793 2589 2216
f 2793 2794 2589
f 2058 2796 2059
f 2808 2797 2228
f 2798 2518 2216
f 2798 2525 2518
f 2882 1898 2800
f 3135 2057 2804
f 2808 2803 2797
f 2809 2538 2810
f 2605 2811 2796
f 2058 2605 2796
f 2588 2521 2216
f 2797 2803 2814
f 2803 2799 2814
f 2815 2636 2251
f 2228 2205 4439
f 2799 2807 2814
f 2807 2797 2814
f 2818 2819 2820
f 2818 2821 2819
f 2823 2646 2824
f 2297 2294 3353
f 2638 2648 2826
f 2667 2638 2826
f 2826 2827 2828
f 2925 2826 2828
f 3119 2808 2228
f 2829 2830 2831
f 2830 2829 2925
f 2832 2833 2834
f 2572 2835 2811
f 2605 2572 2811
f 2810 2822 2868
f 2536 2490 2836
f 2637 2815 2639
f 3353 2823 2824
f 2837 2794 2793
f 2275 2581 2834
f 2913 2675 2839
f 2840 2841 2842
f 2841 2840 2843
f 2845 2832 2575
f 2581 2832 2834
f 2834 2847 3138
f 2275 2849 2848
f 2805 2545 2518
f 2545 2216 2518
f 2216 1518 2813
f 2589 2588 2216
f 2525 2805 2518
f 2798 2813 2525
f 2852 2853 2854
f 2855 2794 2856
f 2840 2842 3114
f 2667 2666 2634
f 2666 2635 2634
f 2857 2251 2915
f 2795 4233 162
f 2836 2490 2835
f 2855 2589 2794
f 2858 2859 2860
f 2855 3115 1885
f 2640 2642 2861
f 2862 2863 2864
f 2863 2900 2864
f 3135 2804 2841
f 2835 2490 2811
f 3135 2534 2571
f 2856 2794 2837
f 2856 2837 2545
f 2805 2856 2545
f 2798 2216 2813
f 3115 2805 2525
f 2837 2216 2545
f 2059 2796 3114
f 2844 2882 3138
f 2534 2536 2836
f 2571 2534 2836
f 2490 2825 3114
f 2869 2870 2871
f 2833 2870 2869
f 4735 1912 3135
f 2588 2519 2521
f 3135 2605 2058
f 2870 2882 2871
f 2872 2873 2874
f 2822 2295 2821
f 3115 2856 2805
f 3115 2855 2856
f 2519 2588 2587
f 2803 2205 2799
f 2228 2807 2799
f 2810 2868 3174
f 2205 2228 2799
f 2297 2562 2294
f 2216 2837 2793
f 2583 2559 2651
f 3135 2058 2057
f 2841 2804 2842
f 2804 2877 2842
f 2057 2059 2877
f 2804 2057 2877
f 2571 2836 2835
f 2572 2571 2835
f 2796 2811 3114
f 2811 2490 3114
f 2549 2538 2809
f 2550 2549 2809
f 2807 2228 2797
f 2878 2882 2844
f 2847 2878 2844
f 2670 2672 2879
f 2672 2875 2879
f 2639 2815 2251
f 2583 2614 2852
f 2655 2660 2867
f 2651 2615 2614
f 2803 2808 2205
f 2862 2864 2866
f 2883 2884 2885
f 2883 2886 2884
f 3952 1885 3417
f 2838 2523 2524
f 2887 3437 2886
f 4921 2813 1518
f 2888 2889 2890
f 2671 2670 3410
f 2538 2551 2607
f 2800 2548 2550
f 2891 2892 2893
f 2892 2875 2893
f 2865 2822 2821
f 2845 2574 2882
f 1541 2655 3353
f 2810 3707 2809
f 1899 2548 2800
f 2549 2551 2538
f 1898 2607 2800
f 2607 1899 2800
f 1899 2607 1898
f 2575 2574 2845
f 2647 2894 2895
f 2649 2896 2283
f 2896 2649 2045
f 2925 2828 2830
f 2828 2857 2830
f 2640 2899 2900
f 2833 2845 2870
f 2845 2833 2832
f 3163 2901 2902
f 2867 2647 2646
f 2818 2820 2898
f 2865 2818 2898
f 3136 3707 2810
f 3136 2810 3174
f 2882 2809 3707
f 2677 2896 2045
f 2821 2295 2801
f 2819 2821 2801
f 3699 2295 3952
f 2818 2865 2821
f 2820 2819 2801
f 2906 2815 2637
f 2667 2906 2637
f 2876 2812 2907
f 2908 2888 2925
f 2889 2888 2908
f 2641 2644 2642
f 2616 2817 2853
f 2852 2616 2853
f 2867 2894 2647
f 2909 2617 2875
f 2617 2909 2608
f 1899 2551 2548
f 2607 2551 1899
f 2873 2670 2879
f 2834 2833 2869
f 2910 2911 2912
f 3138 2847 2844
f 2878 2871 2882
f 2550 2809 2882
f 2641 2640 2900
f 2853 2900 2914
f 2800 2550 2882
f 2848 2849 2523
f 4652 3119 4439
f 2845 2882 2870
f 2816 2838 2817
f 2581 2575 2832
f 3163 2583 2852
f 2638 2639 2648
f 2847 2871 2878
f 2869 2871 2847
f 2826 2648 2827
f 2849 2275 2834
f 2857 2827 2251
f 2925 2829 2916
f 2829 2917 2916
f 2884 2918 2885
f 2919 2920 2921
f 2923 2924 2925
f 2923 2824 2924
f 3353 2824 2621
f 2922 2907 2903
f 2899 2640 2861
f 2817 2641 2900
f 2642 2849 2861
f 2901 2926 2902
f 2888 2927 2925
f 2888 2890 2927
f 2834 2869 2847
f 3353 2867 2823
f 2861 2849 2928
f 2875 2930 2874
f 2930 2872 2874
f 2892 2880 2875
f 2892 2931 2880
f 3799 2369 1335
f 2932 2677 2678
f 2644 2849 2642
f 2886 2933 2934
f 2933 2922 2934
f 2817 2900 2853
f 2839 2675 2935
f 2901 2914 2926
f 2914 2900 2926
f 2854 2914 2901
f 3163 2852 2854
f 2524 2849 2644
f 2213 2936 2674
f 2937 2938 2887
f 2671 2891 2893
f 2283 2886 3437
f 2302 2275 2848
f 2655 2867 3353
f 2643 2641 2817
f 2839 2935 2880
f 2935 2875 2880
f 2917 2829 2831
f 3410 2872 2939
f 2570 2673 2903
f 2583 2651 2614
f 2823 2867 2924
f 2867 2646 2924
f 2646 2823 2924
f 2838 2643 2817
f 2641 2643 2644
f 2854 2853 2914
f 3163 2854 2901
f 2902 2863 2862
f 2667 2634 2906
f 2634 2636 2906
f 2650 2817 2615
f 2651 2650 2615
f 2924 2645 2925
f 2645 2924 2646
f 2824 2646 2924
f 2614 2616 2852
f 2645 2667 2925
f 2940 3293 2941
f 2645 2895 2667
f 2645 2647 2895
f 2895 2669 2667
f 2669 2895 2894
f 2942 2543 2544
f 2867 2660 2894
f 2926 2900 2863
f 2902 2926 2863
f 2816 2569 2848
f 2559 2558 2650
f 2558 2817 2650
f 2894 2660 2669
f 2569 2302 2848
f 2816 2848 2523
f 2838 2816 2523
f 2907 2570 2903
f 2621 2824 2923
f 2890 2620 2927
f 2944 2945 2946
f 2944 3437 2945
f 2817 2569 2816
f 2927 2619 2925
f 2619 2927 2620
f 2643 2838 2524
f 3353 2620 2890
f 2828 2827 2857
f 2619 2923 2925
f 2619 2621 2923
f 2827 2648 2251
f 2906 2636 2815
f 2903 2936 2213
f 2675 2909 2935
f 2909 2875 2935
f 2907 2812 2570
f 2671 2893 2672
f 2893 2875 2672
f 2931 2892 2891
f 2677 2570 2678
f 2830 2857 2831
f 2826 2925 2667
f 2918 2922 2903
f 2931 2839 2880
f 2921 2920 2361
f 2033 3163 2875
f 2673 2543 2942
f 2947 2678 2812
f 2903 2919 2904
f 2936 2942 2544
f 2931 2891 2913
f 2212 2214 2920
f 2939 2872 2930
f 2904 2919 2921
f 2903 2673 2942
f 2873 2879 2874
f 2879 2875 2874
f 2675 2608 2909
f 2617 2033 2875
f 2936 2544 2674
f 2947 2932 2678
f 2947 2283 2932
f 2903 2213 2212
f 2933 2876 2907
f 2933 2283 2876
f 2283 2896 2932
f 2896 2677 2932
f 2920 2214 2361
f 2903 2942 2936
f 2904 2921 2911
f 2812 2678 2570
f 2876 2947 2812
f 2876 2283 2947
f 2887 2883 2949
f 2883 2938 2949
f 2938 2883 2887
f 2212 2920 2919
f 2933 2907 2922
f 2903 2212 2919
f 2883 2885 2887
f 2886 2883 2887
f 2283 2933 2886
f 2884 2934 2918
f 2884 2886 2934
f 2934 2922 2918
f 2929 2653 3211
f 2670 2873 3410
f 2913 2891 3410
f 2674 2544 2361
f 2839 2931 2913
f 2653 2913 3410
f 2214 2674 2361
f 2891 2671 3410
f 2653 3410 3211
f 2910 2904 2911
f 2911 2921 2361
f 2950 2951 2952
f 1998 3799 4439
f 2320 3211 2360
f 2376 2443 2702
f 5040 460 5022
f 2954 2955 2956
f 2389 3764 3799
f 2697 2959 2404
f 2697 2960 2959
f 2963 2964 2965
f 2049 2963 2687
f 2962 2958 2961
f 2968 2969 2881
f 2970 2692 2971
f 2972 2973 2974
f 2690 2970 2404
f 2970 2690 2692
f 2959 2690 2404
f 2690 2959 2691
f 2975 2964 2404
f 2964 2975 2965
f 2965 2971 2687
f 2687 2966 2702
f 2715 2745 2976
f 2715 2977 2745
f 2978 2979 2980
f 2981 2982 2983
f 2967 2696 2404
f 2696 2967 2984
f 2695 2963 2049
f 2964 2695 2404
f 2964 2963 2695
f 2975 2971 2965
f 2959 2960 2691
f 2698 2696 2984
f 2963 2965 2687
f 2970 2975 2404
f 2975 2970 2971
f 2735 4714 2985
f 2691 2966 2692
f 2960 2697 2698
f 2988 2989 2990
f 2960 2966 2691
f 2695 2074 2404
f 2745 2992 2976
f 2692 2687 2971
f 2966 2984 2993
f 2711 2745 2977
f 2061 2745 2711
f 2730 2727 3080
f 2966 2687 2692
f 2448 3349 3305
f 2994 2995 2974
f 2061 2986 2992
f 2996 2997 2998
f 2997 2999 2998
f 2723 2729 3315
f 2078 3359 2061
f 3019 2715 2976
f 2973 2994 2974
f 3036 2994 2973
f 2745 2061 2992
f 3000 3001 3080
f 2987 3002 3003
f 3002 2987 3036
f 2992 2986 3004
f 2986 2987 3004
f 2712 2711 2977
f 3003 3002 2972
f 3002 2973 2972
f 2987 2986 3036
f 2976 3002 3299
f 2976 3003 3002
f 2976 2992 3004
f 2994 3006 2995
f 2994 3036 3006
f 3305 3359 2078
f 3002 3036 2973
f 2730 3001 2731
f 2715 2712 2977
f 3001 2730 3080
f 3315 3007 2983
f 3007 2981 2983
f 3002 3008 3299
f 3008 3002 3003
f 3080 3009 3010
f 2991 1789 5040
f 3315 2731 3011
f 2731 3001 3011
f 3012 2981 3007
f 3013 3359 2997
f 3009 3014 3015
f 2480 3315 3587
f 3001 3000 3011
f 3010 3009 3018
f 3315 3018 3015
f 3018 3009 3015
f 3315 3016 3018
f 3016 3010 3018
f 3315 3011 3016
f 3315 3020 3007
f 3020 3012 3007
f 2061 3359 3036
f 1835 1496 3080
f 3015 3020 3315
f 3025 3026 3027
f 3029 3030 3031
f 3033 2766 3034
f 3035 3033 3034
f 4861 2162 3070
f 3037 3032 3038
f 3032 3037 2788
f 2986 2061 3036
f 2137 2504 2138
f 3040 2782 3041
f 3093 3042 3043
f 3030 3044 3031
f 3044 3030 2766
f 2781 3005 2783
f 2440 2132 2507
f 2768 3047 2769
f 2703 2705 3070
f 3031 3044 3048
f 3047 2440 3049
f 2769 3047 3049
f 3016 3011 3000
f 3003 3004 2987
f 3003 2976 3004
f 3019 2976 3299
f 2775 2771 2750
f 2498 2771 2775
f 2503 2750 2773
f 2503 2770 2750
f 2750 2771 2773
f 3050 2766 3051
f 3052 3050 3051
f 2774 2770 2741
f 2756 3053 3671
f 2770 2775 2750
f 3029 3054 3030
f 3054 2766 3030
f 3055 3056 3057
f 3056 2507 3057
f 2773 2772 3058
f 2440 2507 3056
f 3048 2716 3059
f 3060 2785 2787
f 3061 2766 3062
f 3063 3061 3062
f 3070 2769 3064
f 2772 2498 2766
f 3044 2766 2716
f 3048 3044 2716
f 3029 3058 3054
f 3054 2772 2766
f 3054 3058 2772
f 3049 2440 3022
f 3064 3049 3022
f 2783 3005 3053
f 2780 2785 3060
f 2785 2780 2159
f 3064 3022 3065
f 2787 3371 3060
f 2786 3039 3066
f 3039 2786 2788
f 3070 2705 2768
f 2705 2426 2768
f 2768 2426 3047
f 2426 2440 3047
f 3022 2440 3056
f 3065 3022 3056
f 2769 3049 3064
f 3055 3057 3068
f 3068 3067 3069
f 3065 3056 3055
f 3068 3057 3067
f 3057 2507 3067
f 3071 3072 3073
f 3072 2507 3073
f 3069 3067 3072
f 3067 2507 3072
f 3069 3072 3071
f 3080 3010 3000
f 3005 3671 3053
f 2138 3060 3371
f 2782 3096 3041
f 2756 2751 3040
f 2748 3096 2782
f 2751 2782 3040
f 3040 3041 3053
f 3021 3074 3075
f 3074 3021 2788
f 2138 2780 3060
f 2788 2785 2159
f 3066 3039 3076
f 3077 2784 3078
f 2783 3053 3041
f 3040 3053 2756
f 2504 2780 2138
f 2159 2780 2504
f 2787 2786 3066
f 3079 3021 3075
f 3038 3032 3079
f 3032 3021 3079
f 2788 3021 3032
f 3076 3037 3038
f 3039 3037 3076
f 2788 3037 3039
f 3081 3671 3082
f 3083 3084 2982
f 3080 3014 3009
f 3010 3016 3000
f 3015 3014 3020
f 3014 3012 3020
f 3012 3080 2981
f 3080 2982 2981
f 3080 3012 3014
f 2149 2792 3085
f 2792 2790 3086
f 3096 3078 2781
f 3663 3880 1216
f 3087 2767 3089
f 3042 3087 3089
f 4129 3093 3043
f 3058 3029 2503
f 3031 3096 3029
f 3045 2767 3089
f 2767 3091 3089
f 3663 3098 3091
f 3043 3089 3090
f 3092 3093 3663
f 3092 3087 3042
f 3087 3092 3663
f 3090 3091 3098
f 2767 3663 3091
f 3663 2767 3087
f 3092 3042 3093
f 2767 3045 3089
f 3092 3089 3043
f 3042 3092 3043
f 3042 3089 3092
f 4129 3663 3093
f 3089 3091 3090
f 3090 3098 4129
f 3058 2503 2773
f 4129 3043 3090
f 3096 2503 3029
f 3094 3082 3095
f 3031 3048 3096
f 3055 3070 3065
f 3065 3070 3064
f 3100 3070 3071
f 2507 3046 3371
f 3077 3671 2784
f 2783 3041 3096
f 2784 3671 3005
f 3078 2784 2781
f 2781 2784 3005
f 3104 3099 3096
f 3097 3671 3077
f 3105 3097 3077
f 3105 3077 3078
f 3084 3315 2983
f 3066 3076 3371
f 3371 2787 3066
f 3371 3076 3038
f 3371 3106 3107
f 3109 3111 3112
f 2763 1047 2742
f 2790 2792 2791
f 3086 2790 2488
f 3085 2792 3086
f 2149 3086 2488
f 3085 3086 2149
f 2791 1869 2149
f 4433 2149 1869
f 3921 1790 3897
f 2801 3699 2898
f 3116 3117 3118
f 2968 2881 3120
f 2925 2968 3120
f 2900 3121 3122
f 3417 1885 3115
f 2866 3124 2953
f 2898 2820 2801
f 2877 2059 3114
f 3114 2842 2877
f 2841 2843 3135
f 4921 1518 87
f 3125 3126 3127
f 2905 3128 2846
f 3135 2905 2846
f 2899 3121 2900
f 3119 2228 4439
f 3353 3129 3130
f 3132 3122 3121
f 3135 2846 3172
f 2295 3699 2801
f 2865 2898 3699
f 3417 3115 2813
f 2915 2917 2831
f 3163 3139 3140
f 2861 2928 2899
f 3141 3142 2900
f 3144 2849 2850
f 2899 2928 3121
f 2251 2283 2915
f 2849 3138 2806
f 3145 3146 3147
f 2849 2834 3138
f 2889 3353 2890
f 3117 2881 2915
f 3148 3149 3150
f 3706 3148 3150
f 2866 3163 2862
f 3132 3121 2928
f 2862 3163 2902
f 3154 3155 3156
f 3142 3144 2850
f 2849 3132 2928
f 3157 3158 3159
f 3156 3160 2685
f 3161 3162 3183
f 2843 2840 3128
f 2905 2843 3128
f 4735 4921 87
f 3125 3127 3164
f 3136 3174 3123
f 3353 3165 3160
f 3158 2850 3159
f 2953 3153 3139
f 3167 3168 3169
f 3707 3170 3171
f 3170 3707 3136
f 2846 3128 3172
f 3120 2881 3117
f 2858 3176 4838
f 3176 2858 2860
f 2945 3437 2949
f 2857 2915 2831
f 3178 2849 3144
f 3135 2843 2905
f 3163 3140 3179
f 2956 3180 3496
f 3128 2840 3172
f 2840 3114 3172
f 3172 3114 4538
f 3410 2873 2872
f 3123 2868 3182
f 3141 3178 3144
f 2910 2903 2904
f 3155 3353 3156
f 3184 2868 3173
f 2903 2910 2943
f 2912 3185 3133
f 4538 3114 2825
f 3707 3171 3173
f 3171 3184 3173
f 4004 2360 3211
f 3182 2868 3184
f 3186 3187 3188
f 3187 2875 3188
f 3189 2944 3190
f 3189 3437 2944
f 2943 2937 2887
f 3191 3186 3188
f 2918 2903 2885
f 3140 3192 3179
f 2954 3194 3195
f 3196 3157 3197
f 3707 3173 3948
f 2955 3199 3180
f 3201 3202 3167
f 3177 2939 3203
f 3141 3122 3178
f 3205 3206 3235
f 3206 3205 3207
f 2868 2865 3948
f 2865 3699 3948
f 3173 2868 3948
f 2868 2822 2865
f 3209 3118 3183
f 3179 3210 3134
f 2866 2864 3124
f 2864 2900 3124
f 3437 2887 2949
f 3211 3212 2948
f 2685 3213 3235
f 3213 2685 3160
f 2943 2955 2954
f 3213 3160 3165
f 3175 3186 3410
f 2361 2912 2911
f 3353 3214 3207
f 2916 2917 2969
f 2806 2882 3707
f 3164 3196 3197
f 3170 3123 3182
f 3170 3136 3123
f 2943 3133 3216
f 2944 2946 3190
f 3217 3191 3218
f 2885 2943 2887
f 2943 2885 2903
f 3142 3158 2900
f 2954 2956 3194
f 2943 2910 3133
f 3138 2882 2806
f 2912 3133 2910
f 3215 3157 3196
f 3158 3142 2850
f 3158 3157 2900
f 3174 2868 3123
f 3220 3221 3161
f 3235 3221 3220
f 3151 2849 3152
f 3171 3170 3184
f 3170 3182 3184
f 3163 2866 2953
f 2948 3212 3222
f 2850 2849 3159
f 2946 3223 2943
f 3122 3141 2900
f 2930 2875 3203
f 2939 2930 3203
f 3224 3154 3235
f 3154 3224 3155
f 3134 3225 3226
f 3180 3227 2361
f 2945 3228 3223
f 2945 2949 3228
f 3235 3219 3229
f 3219 3209 3229
f 3229 3162 3221
f 3235 3229 3221
f 3353 2889 3214
f 3163 3226 3201
f 3120 3117 3116
f 3235 3120 3116
f 3118 3117 2915
f 3231 3211 3146
f 2361 3185 2912
f 3159 3151 3197
f 3197 3151 3164
f 2849 3151 3159
f 3213 3205 3235
f 3213 3165 3205
f 3196 3127 3215
f 3142 3141 3144
f 3139 3232 3140
f 2900 3157 3215
f 3126 3151 3152
f 3125 3151 3126
f 3124 2900 3153
f 2953 3124 3153
f 3410 3186 3450
f 3231 3146 3145
f 2998 3233 3299
f 3118 2915 3183
f 3122 3132 3178
f 3163 2953 3139
f 2925 2916 2968
f 2916 2969 2968
f 3183 2915 2283
f 3131 3236 2943
f 2943 3216 3199
f 3222 3231 3145
f 3237 3220 3161
f 3238 3239 3240
f 3162 3209 3183
f 3229 3209 3162
f 2969 2917 2915
f 3236 3230 2943
f 2949 2938 3228
f 2938 2937 3228
f 3353 3207 3165
f 3235 3116 3219
f 3116 3118 3219
f 3410 2939 3177
f 3187 3241 2875
f 3187 3175 3241
f 3163 3179 3134
f 3186 3191 3450
f 3201 3242 3202
f 3242 3215 3202
f 3225 3215 3242
f 3226 3225 3242
f 3157 3159 3197
f 3154 2685 3235
f 3154 3156 2685
f 3120 3235 2925
f 3147 3243 3244
f 3153 2900 3232
f 2900 3215 3232
f 3219 3118 3209
f 3139 3153 3232
f 2908 2925 3235
f 3206 3207 3214
f 3214 2889 2908
f 3206 2908 3235
f 2908 3206 3214
f 3165 3207 3205
f 3140 3232 3192
f 3232 3215 3192
f 3163 3134 3226
f 3179 3192 3210
f 3192 3215 3210
f 3226 3242 3201
f 3353 3160 3156
f 3208 3163 3201
f 3132 2849 3178
f 3210 3215 3225
f 3134 3210 3225
f 3245 3246 3235
f 3129 3246 3245
f 3246 3224 3235
f 3246 3247 3224
f 3183 3237 3161
f 3247 3246 3129
f 3247 3155 3224
f 2881 2969 2915
f 3228 2937 3223
f 2943 2954 3195
f 2948 3222 4004
f 3248 3249 3131
f 3248 3437 3249
f 3250 3251 3496
f 2945 3223 2946
f 3181 3175 3410
f 3221 3162 3161
f 4316 2962 2957
f 3191 3188 3218
f 3188 2875 3218
f 3166 3252 3253
f 3252 2875 3253
f 3166 3217 3252
f 3181 3177 3254
f 3204 3166 3253
f 3180 2361 3496
f 3181 3254 3241
f 3254 2875 3241
f 3145 3147 4004
f 3175 3187 3186
f 3175 3181 3241
f 3177 3203 3254
f 3203 2875 3254
f 3217 3218 3252
f 3218 2875 3252
f 3217 3166 3450
f 2943 3195 3256
f 3248 3131 3257
f 3216 3185 3227
f 3230 3190 2943
f 3258 3259 3260
f 3261 3258 3260
f 3191 3217 3450
f 3194 2956 3496
f 3227 3185 2361
f 3262 3263 3264
f 3190 2946 2943
f 3177 3181 3410
f 4004 3211 2948
f 3265 3266 3267
f 3199 3227 3180
f 2937 2943 3223
f 3189 3190 3230
f 3133 3185 3216
f 3239 3268 3257
f 2943 3256 3269
f 2943 3199 2955
f 3222 3145 4004
f 3249 3270 3236
f 3249 3437 3270
f 3270 3230 3236
f 3268 3248 3257
f 3248 3268 3437
f 3437 3189 3270
f 3189 3230 3270
f 3249 3236 3131
f 3212 3231 3222
f 3199 3216 3227
f 2955 3180 2956
f 3146 3211 3243
f 3198 2858 4838
f 2858 3198 2859
f 3146 3243 3147
f 3194 3496 3251
f 3195 3194 3251
f 3271 3143 3537
f 3212 3211 3231
f 3272 3273 3274
f 3276 3277 5039
f 3147 3244 4004
f 3278 3279 2951
f 3263 3280 3281
f 2952 2951 2961
f 3282 2979 2404
f 2979 3282 2980
f 3284 3293 2940
f 2957 2961 3279
f 2950 3278 2951
f 2957 3279 3278
f 3143 2952 2961
f 3143 2961 3537
f 3285 2941 3286
f 2957 2962 2961
f 3764 2389 4933
f 2951 3279 2961
f 2979 3287 2404
f 3287 2979 2978
f 3288 3287 2978
f 4096 3289 2717
f 3289 2719 2717
f 2630 4940 2958
f 3291 3292 2404
f 3292 3291 3284
f 3294 3295 3579
f 3294 3296 3295
f 3292 3297 2404
f 3297 3292 2940
f 3292 3284 2940
f 3298 2967 2404
f 3298 2993 2967
f 2941 3293 3286
f 3285 3298 2404
f 3298 3285 3286
f 2966 3293 4091
f 3036 3359 3006
f 2984 2967 2993
f 3006 3013 3300
f 3013 3006 3359
f 2993 3298 3286
f 3284 3291 3288
f 3287 3291 2404
f 3291 3287 3288
f 3233 3301 3314
f 3297 2940 2941
f 3297 3285 2404
f 3285 3297 2941
f 3302 3303 3304
f 3293 2993 3286
f 2993 3293 2966
f 2966 2698 2984
f 3293 3284 3288
f 2996 2998 3299
f 2966 2960 2698
f 3307 3314 3301
f 3308 3028 3309
f 3028 3101 3309
f 3299 3233 3314
f 2999 3359 3310
f 3233 3311 3301
f 3311 3233 3310
f 3310 3359 3311
f 3313 3359 3312
f 2998 3310 3233
f 2999 3310 2998
f 3300 3013 2997
f 3300 2997 2996
f 3316 3017 3313
f 3311 3017 3301
f 3317 3318 3319
f 3359 2999 2997
f 3301 3316 3307
f 3017 3316 3301
f 3316 3313 3324
f 3313 3307 3324
f 3307 3316 3324
f 2995 3006 3300
f 3320 3321 3322
f 3321 3320 3394
f 3315 3084 3323
f 3084 3083 3323
f 2404 2684 3369
f 3312 3313 3324
f 3313 3312 3324
f 3325 3595 3326
f 3327 3328 3329
f 2995 2996 3008
f 3330 3302 3331
f 2995 3008 2974
f 3856 3333 3334
f 3333 3335 3334
f 3315 3323 3331
f 3323 3330 3331
f 3083 3330 3323
f 3535 3818 2389
f 3336 3102 3337
f 3102 3101 3337
f 3338 3320 3339
f 2788 3320 3338
f 3335 3340 3334
f 3300 2996 2995
f 3080 3083 2982
f 3341 3342 3343
f 3856 3344 3329
f 3344 3327 3329
f 3303 3327 3344
f 3856 3304 3344
f 3304 3303 3344
f 3346 3347 3348
f 3063 3062 3347
f 3350 3351 3352
f 3351 3350 2766
f 3348 3062 2766
f 3062 3348 3347
f 2507 3101 2778
f 3299 3008 2996
f 3069 3070 3068
f 3354 3371 3075
f 3329 3333 3856
f 3339 3320 3322
f 3027 3026 3355
f 3026 3101 3355
f 3356 3342 3341
f 3342 3356 2788
f 3052 3051 3357
f 3346 3348 3358
f 3348 2766 3358
f 3008 2972 2974
f 3008 3003 2972
f 2779 2778 3360
f 3361 3035 3088
f 3074 3356 3354
f 3356 3074 2788
f 3051 3061 3357
f 3061 3051 2766
f 3019 3299 3314
f 3358 3033 3361
f 3033 3358 2766
f 3071 3073 3100
f 3100 2777 2779
f 3357 3061 3063
f 3017 3311 3359
f 3050 3052 3059
f 3025 3337 3026
f 3337 3101 3026
f 3346 3358 3361
f 3050 2716 2766
f 2716 3050 3059
f 3360 3102 3336
f 3314 3312 3843
f 3313 3017 3359
f 3357 3063 3088
f 3314 3307 3313
f 3362 3338 3363
f 3338 3362 2788
f 3035 3034 3365
f 3361 3033 3035
f 3354 3356 3341
f 3342 3362 3343
f 2788 3362 3342
f 3321 3366 3106
f 3394 3366 3321
f 3100 3073 2777
f 3073 2507 2777
f 2778 3101 3102
f 3360 2778 3102
f 3367 3355 3028
f 3355 3101 3028
f 3336 3337 3025
f 3366 3368 3107
f 3368 3366 3394
f 3367 3028 3308
f 3027 3355 3367
f 3106 3366 3107
f 3304 3856 3315
f 1496 3303 3302
f 1496 3327 3303
f 2159 3921 3110
f 3370 3097 3105
f 3079 3371 3038
f 3363 3338 3339
f 3372 3373 3664
f 3374 3375 3664
f 3322 3321 3106
f 3343 3362 3363
f 3377 3111 3109
f 3075 3074 3354
f 3320 2788 3394
f 3080 3330 3083
f 3331 3304 3315
f 2983 2982 3084
f 3331 3302 3304
f 3333 3328 3335
f 3103 3109 3379
f 3109 3112 3379
f 3112 3103 3379
f 1496 3302 3080
f 3333 3329 3328
f 3371 3079 3075
f 3080 3302 3330
f 1496 3328 3327
f 3380 3381 3382
f 818 2766 1849
f 3308 2732 3367
f 3059 3096 3048
f 3347 3088 3063
f 3027 2732 3025
f 3052 3096 3059
f 3357 3088 3052
f 3096 3052 3088
f 3346 3088 3347
f 3361 3088 3346
f 3384 2766 3385
f 3386 3384 3385
f 3104 3387 3388
f 3360 2732 2779
f 3071 3070 3069
f 2732 3360 3336
f 2779 2732 3100
f 3106 3371 3322
f 3389 3665 3390
f 3025 2732 3336
f 3068 3070 3055
f 2732 3070 3100
f 3374 3081 3375
f 3375 3094 3664
f 3107 3393 3371
f 3371 3339 3322
f 2507 3395 3396
f 3397 3097 3370
f 3664 3387 3096
f 3096 3099 3370
f 3105 3078 3096
f 3094 3375 3082
f 3397 3671 3097
f 3096 3370 3105
f 3081 3082 3375
f 3392 3671 3081
f 3095 3671 3388
f 3082 3671 3095
f 3374 3392 3081
f 3376 3392 3373
f 3099 3397 3370
f 3099 3398 3397
f 3398 3671 3397
f 3388 3671 3398
f 3104 3388 3398
f 3104 3398 3099
f 3094 3095 3387
f 3095 3388 3387
f 3387 3104 3096
f 3094 3387 3664
f 3671 3399 3400
f 3373 3374 3664
f 3379 3109 3108
f 3109 3379 3108
f 3308 3309 3383
f 3371 3354 3341
f 3363 3339 3371
f 3371 3343 3363
f 3343 3371 3341
f 3103 2742 3378
f 3110 2788 2159
f 3112 3111 3379
f 3111 3402 3379
f 2763 3103 3402
f 3402 3112 3379
f 3378 3108 3109
f 3402 3103 3112
f 3403 3377 3404
f 3403 2763 3402
f 3111 3403 3402
f 3403 3111 3377
f 2763 2742 3103
f 3103 3378 3109
f 2763 3403 3404
f 3404 3108 3378
f 1869 2763 5003
f 3353 3130 3405
f 4735 3135 3172
f 4735 3172 4538
f 3407 3724 3408
f 3164 3127 3196
f 3411 3412 3413
f 3167 3208 3201
f 2806 3152 2849
f 3215 3127 3126
f 3516 3415 3416
f 4220 3418 3419
f 2875 3163 3208
f 3151 3125 3164
f 3215 3126 3152
f 3420 3421 3422
f 3353 3423 3424
f 3353 3247 3129
f 3425 3426 3427
f 3426 3425 3415
f 3208 3193 3428
f 3429 3430 3450
f 3200 3265 3431
f 3247 3353 3155
f 3150 3149 3433
f 3417 2813 4921
f 3200 3257 2943
f 2957 3434 3435
f 3438 3439 3440
f 3439 3208 3440
f 3441 3260 3442
f 3441 3261 3260
f 3496 3266 3443
f 3183 3433 3149
f 3706 3444 3148
f 3444 3445 3148
f 3443 3266 3446
f 3280 3263 3137
f 3436 3447 3183
f 3447 3275 3183
f 3451 3724 3452
f 3449 3440 3453
f 3440 3208 3453
f 3430 3429 3454
f 3516 3416 3261
f 3193 2851 3428
f 3200 3239 3257
f 3169 3168 3455
f 3168 2806 3455
f 3439 2875 3208
f 3456 3457 3439
f 3457 2875 3439
f 3445 3436 3183
f 3450 3166 3204
f 3169 3455 3458
f 3441 3442 3407
f 3429 3449 3453
f 3414 3459 3706
f 3459 3414 3460
f 3461 3462 3463
f 3148 3445 3149
f 3426 3238 3240
f 3426 3415 3238
f 3269 3446 2943
f 3464 3465 3466
f 3456 3204 3457
f 2825 2297 3960
f 2283 3437 3183
f 3131 2943 3257
f 3960 2297 3698
f 3706 3467 3444
f 3467 3436 3444
f 3415 3425 3416
f 3425 3427 3416
f 3406 3468 3469
f 3470 3471 3275
f 3256 3250 3269
f 3208 3169 3458
f 3422 3472 3473
f 3724 3474 3475
f 3449 3438 3440
f 3353 3698 2297
f 3802 3476 3477
f 3476 3478 3477
f 3415 3268 3238
f 3268 3239 3238
f 3470 3275 3479
f 3235 3470 3479
f 3275 3471 3183
f 3448 3478 3476
f 3353 3405 3423
f 3428 2851 3481
f 2851 2806 3481
f 3215 3152 2806
f 3235 3234 3470
f 3234 3471 3470
f 3211 3137 3243
f 3244 3482 3483
f 3482 3244 3243
f 3443 3269 3250
f 3208 3458 3193
f 3416 3259 3258
f 3479 3447 3467
f 3706 3479 3467
f 3802 3484 3264
f 3250 3496 3443
f 3204 3253 3457
f 3253 2875 3457
f 3259 3416 3200
f 3485 3150 3433
f 3706 3150 3485
f 3468 3406 3464
f 3486 4277 3261
f 3442 3259 3724
f 3487 3413 3496
f 3450 3204 3456
f 3251 3256 3195
f 3251 3250 3256
f 3443 3446 3269
f 3459 3460 3488
f 3208 3428 3420
f 3474 3411 3413
f 3486 3441 3407
f 3486 3261 3441
f 3452 3475 3489
f 3490 3491 3492
f 3491 3208 3492
f 3239 3200 3240
f 3698 3488 3460
f 3516 3437 3415
f 3481 2806 3421
f 3420 3481 3421
f 3698 3353 3424
f 3489 3487 3496
f 3473 3493 3494
f 3430 3454 3495
f 3454 3208 3495
f 3234 3237 3471
f 3483 4004 3244
f 3698 3424 3488
f 3208 3167 3169
f 3488 3424 3497
f 3498 3499 3500
f 3472 2806 3493
f 3473 3472 3493
f 3484 3262 3264
f 3137 3211 3410
f 3458 3501 3193
f 3266 3496 3267
f 3271 3502 3143
f 3281 3503 3802
f 3438 3456 3439
f 3208 3420 3422
f 3428 3481 3420
f 3467 3447 3436
f 3461 3460 3414
f 3167 3202 3168
f 3468 3430 3495
f 3425 3258 3261
f 3416 3425 3261
f 3416 3258 3425
f 3202 2806 3168
f 2806 3202 3215
f 3455 2806 3501
f 3458 3455 3501
f 3459 3497 3706
f 3459 3488 3497
f 3149 3445 3183
f 3235 3220 3234
f 3220 3237 3234
f 3505 3506 3706
f 3506 3505 3423
f 3497 3505 3706
f 3497 3424 3505
f 3506 3507 3235
f 3506 3405 3507
f 3405 3130 3507
f 3130 3129 3245
f 3507 3245 3235
f 3245 3507 3130
f 3506 3423 3405
f 3506 3235 3706
f 3424 3423 3505
f 3479 3275 3447
f 3193 3501 2851
f 3501 2806 2851
f 3479 3706 3235
f 3508 3462 3706
f 3463 3462 3508
f 3421 2806 3472
f 3422 3421 3472
f 3482 3243 3137
f 3483 3509 3510
f 3511 3469 3208
f 3469 3511 3406
f 3183 3437 4277
f 3512 3485 3433
f 3448 3137 3478
f 3503 3448 3476
f 3802 3503 3476
f 3471 3237 3183
f 3462 3414 3706
f 3462 3461 3414
f 3444 3436 3445
f 2943 3446 3200
f 3200 3431 3411
f 3431 3265 3267
f 3409 3262 3484
f 3426 3240 3427
f 3482 3137 3509
f 3409 3137 3262
f 3456 3438 3450
f 3468 3495 3469
f 3495 3208 3469
f 3200 3446 3265
f 3264 3281 3802
f 3431 3267 3412
f 3449 3429 3450
f 3200 3474 3724
f 3429 3453 3454
f 3453 3208 3454
f 3438 3449 3450
f 3513 3504 3496
f 3283 3514 3515
f 3452 3489 3504
f 3416 3427 3200
f 3262 3137 3263
f 3450 3430 3464
f 3411 3431 3412
f 4277 3437 3516
f 3518 3519 3537
f 3724 3475 3452
f 3520 3515 3537
f 3521 3486 3408
f 3486 3521 4277
f 3430 3468 3464
f 3410 3450 3464
f 3522 3523 3727
f 3516 3261 4277
f 3486 3407 3408
f 3437 3268 3415
f 3502 3524 3143
f 3412 3496 3413
f 3200 3411 3474
f 3525 3521 3408
f 3475 3487 3489
f 3260 3259 3442
f 3280 3137 3448
f 3412 3267 3496
f 3509 3137 3409
f 3427 3240 3200
f 3474 3413 3487
f 3510 3484 3802
f 3259 3200 3724
f 3410 3464 3727
f 3483 3482 3509
f 3474 3487 3475
f 3407 3442 3724
f 3435 3518 3514
f 3451 3504 3513
f 3451 3452 3504
f 3446 3266 3265
f 3264 3263 3281
f 3504 3489 3496
f 3503 3280 3448
f 4004 3510 3802
f 3283 3515 3527
f 3281 3280 3503
f 3528 3529 4940
f 3510 3409 3484
f 4004 3483 3510
f 3531 3532 3533
f 2957 3283 3527
f 3509 3409 3510
f 2957 3435 3283
f 3496 2361 4316
f 2957 3502 3534
f 3802 3536 3533
f 3536 3531 3533
f 3477 3536 3802
f 3538 3520 3537
f 3514 3537 3515
f 3435 3434 3518
f 2957 3539 3540
f 3539 3527 3520
f 3541 3542 3543
f 3544 3541 3543
f 3524 2952 3143
f 2957 3534 3434
f 3537 2958 4940
f 3527 3515 3520
f 3283 3435 3514
f 4940 3529 3545
f 3524 3502 2957
f 3278 2950 2957
f 3434 3534 3519
f 3534 3271 3519
f 3546 3547 3548
f 3537 2961 2958
f 3434 3519 3518
f 3519 3271 3537
f 3524 2950 2952
f 2950 3524 2957
f 2957 3527 3539
f 3537 3514 3518
f 3539 3520 3538
f 3502 3271 3534
f 3549 3273 3550
f 3273 3549 3274
f 3526 3538 3537
f 3480 3551 3552
f 4091 2978 2980
f 3553 3555 3579
f 3555 3553 3556
f 3306 3561 3535
f 3562 3563 3564
f 3565 3294 3579
f 3294 3565 3566
f 3555 3556 3567
f 3568 3565 3579
f 3565 3568 3569
f 4091 3558 3562
f 3560 4091 3570
f 3548 4091 3556
f 3293 3288 2978
f 3571 3560 3570
f 3571 2404 3579
f 3856 3382 3903
f 3023 3535 3561
f 3305 3349 3595
f 3296 3294 3566
f 3295 3296 3560
f 3558 3572 3562
f 3573 3570 3564
f 3573 3563 2404
f 3563 3573 3564
f 3574 3575 3550
f 3325 3575 3574
f 3296 4091 3560
f 3566 3565 3569
f 4654 3576 3577
f 2980 3282 3558
f 3563 3572 2404
f 3563 3562 3572
f 3575 3557 3550
f 3571 3573 2404
f 3573 3571 3570
f 3572 3282 2404
f 3572 3558 3282
f 3295 3571 3579
f 3571 3295 3560
f 2966 4091 2702
f 4091 3293 2978
f 3023 3818 3535
f 3580 3581 3579
f 3581 3580 3582
f 3557 3583 3549
f 3583 3274 3549
f 3345 3023 3584
f 3818 3345 4703
f 4091 3562 3564
f 3588 3595 3325
f 3557 3549 3550
f 3381 3585 3586
f 3306 3535 3559
f 3570 4091 3564
f 4091 2980 3558
f 3349 3600 3595
f 3326 3583 3557
f 3575 3326 3557
f 3903 3382 3586
f 3382 3381 3586
f 3550 3588 3574
f 3559 4703 3345
f 3393 3589 3590
f 4328 3290 3591
f 3592 3385 2766
f 3592 3593 3385
f 3588 3550 3305
f 3314 3313 3312
f 3599 3596 3597
f 3390 3598 3389
f 3559 3345 3306
f 3306 3345 3561
f 3818 3023 3345
f 2684 3587 3369
f 3584 3023 3561
f 3602 2766 3603
f 3604 3602 3603
f 3605 3350 3352
f 3585 3606 3607
f 3602 3034 2766
f 3034 3602 3365
f 3381 1496 3585
f 3575 3325 3326
f 3559 3535 2425
f 3903 3586 3607
f 3586 3585 3607
f 3806 3359 3305
f 3340 3380 3610
f 3359 3806 3843
f 3611 3612 3613
f 3856 3334 3610
f 3334 3340 3610
f 3903 3613 3614
f 3613 3612 3614
f 3903 3615 3613
f 3615 3611 3613
f 3612 3616 3614
f 1496 3381 3380
f 3369 3579 2404
f 3550 3806 3305
f 3574 3588 3325
f 3595 3583 3326
f 3588 3305 3595
f 3383 3309 3617
f 3309 3101 3617
f 3619 3399 3671
f 3535 2389 2425
f 3101 3391 3617
f 3843 3312 3359
f 3376 3621 3671
f 3622 3620 3623
f 3620 3622 3394
f 3383 3617 3625
f 3605 3592 3350
f 3592 2766 3350
f 3627 3671 3400
f 3843 3852 3019
f 3587 3315 3903
f 3620 3628 3395
f 3394 3628 3620
f 3629 3364 3630
f 3631 3594 3632
f 3603 3384 3633
f 2766 3384 3603
f 3634 3635 3636
f 3635 4086 3636
f 3351 2766 3637
f 3638 3351 3637
f 3593 3664 3386
f 3625 3640 3390
f 3019 3314 3843
f 3599 3606 3585
f 3604 3603 3633
f 3633 3384 3386
f 3391 3639 3641
f 3605 3593 3592
f 3617 3391 3640
f 3625 3617 3640
f 3386 3385 3593
f 3389 3598 3618
f 3598 3391 3618
f 3625 3665 3383
f 3602 3604 3365
f 3637 2766 4086
f 3636 3642 3643
f 4086 3642 3636
f 3638 3637 3645
f 3352 3351 3638
f 3632 3578 3629
f 3631 3618 3594
f 3618 3391 3594
f 3395 3628 3396
f 3389 3618 3631
f 3632 3594 3578
f 3594 3391 3578
f 3640 3391 3598
f 3390 3640 3598
f 3646 3401 3664
f 3629 3578 3364
f 3578 3391 3364
f 3630 3364 3641
f 3364 3391 3641
f 3376 3671 3392
f 3315 3856 3903
f 3319 3647 3648
f 3107 3368 3393
f 3589 3622 3590
f 3394 3622 3589
f 3368 3589 3393
f 3394 3589 3368
f 3628 3624 3396
f 3624 3628 3394
f 3318 3647 3319
f 3394 3647 3318
f 3624 3318 3317
f 3394 3318 3624
f 3623 3620 3395
f 3649 3394 3110
f 3396 3624 3317
f 3647 3649 3648
f 3394 3649 3647
f 3590 3622 3623
f 3606 3611 3615
f 3393 2507 3371
f 3610 3380 3382
f 3607 3606 3615
f 3910 3650 3651
f 3599 3652 3653
f 3664 3645 3634
f 4170 3654 3897
f 3921 3655 3893
f 1496 3340 3335
f 1496 3380 3340
f 3328 1496 3335
f 3585 1496 3599
f 3610 3382 3856
f 3612 3599 3616
f 3599 3612 3611
f 3599 3611 3606
f 3903 3607 3615
f 3658 3599 3608
f 3661 3662 3644
f 3662 3639 3644
f 4861 3070 2732
f 3365 3664 3088
f 3308 3383 3665
f 3663 4129 3880
f 3665 2732 3308
f 3390 3665 3625
f 3632 3665 3631
f 3365 3088 3035
f 3645 3664 3638
f 3633 3664 3604
f 3604 3664 3365
f 3386 3664 3633
f 3593 3605 3664
f 3352 3664 3605
f 3367 2732 3027
f 3664 3096 3088
f 3391 3101 2507
f 3666 3664 3667
f 3631 3665 3389
f 3629 3665 3632
f 4435 3668 3669
f 3621 3619 3671
f 2507 3393 3590
f 3372 3664 3401
f 3401 3619 3621
f 3372 3376 3373
f 3639 3391 2507
f 3400 3646 3664
f 3646 3399 3619
f 3621 3372 3401
f 3627 3400 3664
f 3374 3373 3392
f 3376 3372 3621
f 3646 3400 3399
f 3646 3619 3401
f 3675 3672 3676
f 2507 3396 3317
f 3395 2507 3623
f 2507 3590 3623
f 3394 2788 3110
f 3378 2742 4191
f 4170 1780 3656
f 3377 3109 3404
f 3109 3108 3404
f 4277 3680 3681
f 3684 3685 3686
f 3942 3684 3686
f 3684 3687 3685
f 3688 3689 3690
f 3698 3691 3692
f 3693 3694 3517
f 3695 3696 3697
f 3696 2806 3697
f 3183 3512 3433
f 3948 3699 3678
f 3702 3703 3706
f 3702 3704 3703
f 3494 3208 3473
f 3698 3461 3463
f 3522 3466 3705
f 3119 161 2808
f 3137 3410 3727
f 2806 3707 4048
f 3461 3698 3460
f 3698 3463 3708
f 3473 3208 3422
f 3523 3709 3491
f 3709 3208 3491
f 3710 3711 3712
f 4220 3713 3714
f 3952 3678 3699
f 3715 3716 3717
f 3716 3208 3717
f 3718 3704 3719
f 3698 3718 3720
f 3718 3721 3720
f 3722 3723 3717
f 3208 3722 3717
f 3726 3712 3687
f 3682 3728 3729
f 3680 3730 3681
f 3685 3687 4277
f 3732 3731 3724
f 3733 3517 3734
f 3735 3693 3728
f 3480 3736 3725
f 3737 3732 3738
f 3464 3406 3465
f 3451 3513 3739
f 3730 3740 3681
f 3740 3730 3942
f 3735 3694 3693
f 3451 3739 3724
f 3255 3715 3727
f 3739 3513 3742
f 3743 3744 3745
f 3477 3746 3536
f 3747 3525 3748
f 3682 3432 3735
f 3724 3525 3408
f 3749 3750 3517
f 3715 3255 3716
f 3480 3208 3688
f 3466 3465 3751
f 3942 3686 3740
f 3686 3752 3740
f 3740 3752 3681
f 3753 3754 3711
f 3739 3742 3756
f 3690 3499 3498
f 3208 3480 4217
f 3746 3478 3137
f 3490 3523 3491
f 3758 3748 3724
f 3753 3711 3710
f 3706 3753 3710
f 3746 3137 3804
f 3682 3759 3760
f 3741 3720 3706
f 3720 3741 3698
f 3761 3750 3749
f 3432 3749 3694
f 3721 3718 3719
f 3731 3732 3762
f 3763 3748 3758
f 3694 3749 3517
f 3702 3719 3704
f 3695 3697 3688
f 4439 3976 4652
f 3480 3688 3690
f 3208 3695 3688
f 3687 3712 4277
f 3727 4075 3137
f 3208 3494 3695
f 3724 3739 3756
f 3480 3498 3755
f 3752 3685 4277
f 3754 3512 3183
f 3763 3747 3748
f 3763 4277 3747
f 3706 3765 3753
f 3765 3754 3753
f 3765 3512 3754
f 3766 3741 3706
f 3734 3767 3768
f 3711 3183 4277
f 3496 3517 3742
f 3718 3698 3708
f 3513 3496 3742
f 3720 3721 3706
f 2806 4048 3499
f 3477 3478 3746
f 3711 3754 3183
f 3726 3687 3684
f 3706 3726 3684
f 3802 3769 3800
f 3718 3708 3704
f 3706 3710 3726
f 3710 3712 3726
f 3533 3532 3770
f 3499 4048 3500
f 3771 3772 3773
f 3684 3942 3706
f 3775 4048 3776
f 3736 3775 3776
f 3755 3775 3736
f 3725 3776 3777
f 3776 4048 3777
f 3703 3508 3706
f 3508 3703 3708
f 3708 3463 3508
f 3736 3776 3725
f 3725 3777 3551
f 3531 3804 3532
f 3498 3500 3755
f 3697 2806 3689
f 3688 3697 3689
f 3480 3690 3498
f 3494 3696 3695
f 3500 4048 3775
f 3755 3500 3775
f 3690 3689 3499
f 3689 2806 3499
f 3464 3466 3727
f 3480 3755 3736
f 3432 3761 3749
f 3493 2806 3696
f 3494 3493 3696
f 3721 3702 3706
f 3702 3721 3719
f 3706 3485 3765
f 3485 3512 3765
f 3704 3708 3703
f 3686 3685 3752
f 3521 3525 3747
f 4277 3521 3747
f 3780 3781 3545
f 3525 3724 3748
f 3691 3782 3692
f 3782 3766 3706
f 3782 3691 3766
f 3691 3741 3766
f 3783 3782 3706
f 3692 3782 3783
f 3712 3711 4277
f 3723 3715 3717
f 3709 3705 3208
f 3709 3522 3705
f 4217 3480 4220
f 3490 3255 3727
f 3784 3785 3786
f 3255 3490 3492
f 3742 3517 3750
f 3735 3432 3694
f 3787 3788 3526
f 3789 3738 3682
f 3770 3769 3802
f 3761 3756 3750
f 4277 3778 3757
f 3465 3511 3751
f 3511 3208 3751
f 3466 3751 3705
f 3751 3208 3705
f 3255 3492 3716
f 3492 3208 3716
f 3790 3723 3722
f 3522 3709 3523
f 3756 3742 3750
f 3791 3792 3789
f 3791 3757 3792
f 3731 3758 3724
f 3778 3762 3757
f 3731 3762 3778
f 3778 3763 3758
f 3778 4277 3763
f 3465 3406 3511
f 3792 3738 3789
f 3793 3554 3769
f 3466 3522 3727
f 3523 3490 3727
f 3778 3758 3731
f 3792 3737 3738
f 3792 3757 3737
f 3738 3732 3724
f 3762 3732 3737
f 3757 3762 3737
f 3682 3756 3761
f 3738 3724 3682
f 3682 3735 3728
f 3545 3537 4940
f 3794 3693 3517
f 3791 3789 3795
f 3757 3791 3795
f 3728 3693 3794
f 3770 3793 3769
f 3517 3767 3734
f 3682 3761 3432
f 3769 3554 3800
f 3682 3724 3756
f 4081 3797 3798
f 3793 3804 3554
f 4316 2957 4081
f 3729 3728 3794
f 3729 3794 3733
f 3733 3794 3517
f 3554 3804 3800
f 3532 3793 3770
f 3793 3532 3804
f 3137 4075 3804
f 3746 3804 3531
f 3536 3746 3531
f 3540 3788 2957
f 3781 3798 3801
f 3533 3770 3802
f 4081 3788 3797
f 3771 3805 3772
f 3788 3787 3797
f 3807 3808 3809
f 3810 3529 3528
f 3798 3811 3801
f 3787 3526 3537
f 3798 3797 3811
f 3780 3545 3529
f 4081 3780 3810
f 3537 3545 3801
f 3801 3811 3537
f 3811 3787 3537
f 3780 3529 3810
f 3812 3528 3785
f 3797 3787 3811
f 4081 3810 3812
f 3812 3810 3528
f 3540 3538 3526
f 3540 3539 3538
f 3806 3813 3600
f 4081 3781 3780
f 3785 3528 4940
f 4081 3798 3781
f 3781 3801 3545
f 3540 3526 3788
f 2957 3788 4081
f 3815 3816 3579
f 3815 3817 3816
f 1495 1212 1446
f 4940 3772 3819
f 3821 3822 3823
f 3822 3639 3823
f 3555 3580 3579
f 3580 3555 3567
f 3568 3824 3569
f 3824 3581 3582
f 3580 3567 3582
f 4091 3824 3582
f 3544 3273 3272
f 3820 3815 3579
f 3820 3825 3815
f 3553 3548 3556
f 3546 3553 3579
f 3553 3546 3548
f 3581 3568 3579
f 3581 3824 3568
f 3547 3816 3817
f 3817 3815 3825
f 3556 4091 3567
f 3824 4091 3569
f 3667 3827 3828
f 4091 3296 3566
f 3816 3546 3579
f 3546 3816 3547
f 3547 4091 3548
f 4091 3566 3569
f 4703 4933 2389
f 3829 3830 3831
f 3544 3543 3550
f 3550 3543 3832
f 3903 3834 3835
f 3834 3836 3835
f 3543 3837 3832
f 3543 3542 3837
f 3272 3600 3541
f 3272 3595 3600
f 3832 3813 3550
f 3813 3832 3837
f 3840 3644 3841
f 3644 3639 3841
f 2389 3818 4703
f 3567 4091 3582
f 4091 3547 3817
f 478 3600 3349
f 3842 3665 3630
f 3652 3658 3626
f 3544 3272 3541
f 3842 3844 3845
f 3903 3846 3847
f 3846 3596 3847
f 3848 4086 3849
f 3850 3848 3849
f 3903 3851 3834
f 3851 3608 3834
f 3541 3600 3542
f 3853 3653 3854
f 3903 3853 3854
f 3176 1073 4838
f 1073 3176 1074
f 3609 3659 3660
f 3272 3274 3595
f 3600 478 5106
f 3836 3597 3835
f 3608 3836 3834
f 3903 3847 3677
f 3847 3857 3677
f 3600 3813 3837
f 3857 3858 3677
f 3653 3652 3854
f 3903 3854 3626
f 3854 3652 3626
f 3596 3857 3847
f 3840 3841 3859
f 4703 3559 2425
f 3544 3550 3273
f 3274 3583 3595
f 3859 3841 3822
f 3841 3639 3822
f 3813 3806 3550
f 3643 3642 3860
f 3542 3600 3837
f 3616 3653 3853
f 3845 3844 3662
f 3844 3639 3662
f 3601 4703 2425
f 3863 3864 3865
f 3667 3867 3666
f 3868 3869 3870
f 3860 3866 3827
f 3673 3872 3873
f 3110 3872 3673
f 3874 3875 3876
f 3842 3641 3844
f 3641 3639 3844
f 3877 4086 3878
f 3879 3877 3878
f 3661 3665 3845
f 3639 3882 3873
f 3821 3823 3874
f 3634 3636 3643
f 3649 3673 3882
f 3110 3673 3649
f 3642 4086 3866
f 3860 3642 3866
f 3867 3848 3666
f 3848 3867 4086
f 3674 3883 3668
f 3883 3674 3110
f 3876 3875 3884
f 3875 3885 3884
f 3852 3843 3806
f 3635 3637 4086
f 3637 3635 3645
f 3827 3667 3664
f 3634 3645 3635
f 3828 3866 4086
f 3828 3827 3866
f 3661 3644 3840
f 3639 3319 3648
f 3850 3849 3887
f 3882 3639 3648
f 3667 3828 3867
f 3828 4086 3867
f 3666 3848 3850
f 3859 3822 3821
f 3882 3673 3873
f 3845 3662 3661
f 3630 3641 3842
f 3648 3649 3882
f 3865 3674 3668
f 3669 3888 3889
f 3639 3885 3875
f 3874 3823 3875
f 3823 3639 3875
f 3937 3926 3890
f 3873 3872 3863
f 3886 3891 3892
f 3891 3886 3110
f 3864 3674 3865
f 3110 3674 3864
f 3888 3886 3889
f 3110 3886 3888
f 3872 3864 3863
f 3864 3872 3110
f 3883 3888 3669
f 3110 3888 3883
f 3668 3883 3669
f 3889 3886 3892
f 3835 3846 3903
f 3660 3659 3894
f 3659 3895 3894
f 3019 3896 818
f 3900 3885 3901
f 3902 3900 3901
f 3835 3597 3846
f 3903 3626 3851
f 3851 3626 3658
f 3599 3653 3616
f 3599 3658 3652
f 3597 3596 3846
f 3614 3616 3853
f 3851 3658 3608
f 3599 3597 3836
f 3599 3836 3608
f 3904 3905 3906
f 3903 3614 3853
f 3656 3862 3609
f 3895 3907 3908
f 3894 3895 3908
f 3660 3894 3650
f 3896 3019 3909
f 3894 3908 3650
f 3650 3910 3656
f 3651 3914 3915
f 3910 3651 3915
f 3651 3912 3914
f 3912 3651 3650
f 3910 3915 3913
f 3643 3664 3634
f 3897 3918 3655
f 3871 3675 3676
f 5003 2763 3404
f 3911 3916 3917
f 3897 3657 3918
f 3919 3657 3654
f 3919 3918 3657
f 3919 3920 3918
f 3654 3920 3919
f 3921 3897 3655
f 4874 3923 3924
f 4861 3599 1496
f 3865 3639 3863
f 3860 3664 3643
f 4861 2732 4160
f 3902 4160 3925
f 3019 3852 4408
f 4160 2732 3665
f 3352 3638 3664
f 818 4086 2766
f 3840 4160 3661
f 3827 3664 3860
f 3666 3850 3664
f 3675 3926 3672
f 3887 3664 3850
f 3639 3873 3863
f 3928 4086 3869
f 3868 3928 3869
f 3929 4160 3876
f 3665 3629 3630
f 3845 3665 3842
f 3859 4160 3840
f 4160 3665 3661
f 3821 4160 3859
f 3675 3672 3676
f 3672 3670 3676
f 3926 3871 3930
f 3926 3098 3672
f 3930 3871 3676
f 3676 3672 3675
f 3930 3676 3670
f 3879 3878 3931
f 3937 3098 3926
f 3672 3098 3670
f 3932 3926 3927
f 3933 4435 3934
f 3926 3932 3890
f 3098 1865 3670
f 4435 3639 3668
f 3639 3317 3319
f 3639 2507 3317
f 3668 3639 3865
f 4435 3936 3934
f 1865 4433 3670
f 3609 3895 3659
f 3660 3656 3609
f 3650 3656 3660
f 3920 3939 3918
f 3654 3657 3897
f 3893 4732 3921
f 3404 3378 4191
f 3404 4191 5003
f 4433 1869 5003
f 3760 3940 3941
f 3944 3945 3946
f 3419 3944 3946
f 3768 3767 3759
f 3949 3960 3698
f 3795 4277 3757
f 3953 3954 3950
f 4221 3955 3956
f 3960 3949 3961
f 3962 3680 3954
f 3958 3808 4048
f 3963 3947 3964
f 4221 3965 3966
f 3783 3706 3942
f 3969 3970 3971
f 3972 4263 3774
f 3988 3973 3974
f 3958 3988 3809
f 3942 3977 3978
f 3977 3951 3978
f 3691 3698 3741
f 3419 3946 3713
f 3979 3980 3981
f 3980 4217 3981
f 3982 3983 3959
f 3983 4221 3959
f 3984 3807 3967
f 3985 3683 3968
f 3683 3985 3955
f 3551 3480 3725
f 3551 3986 3552
f 3727 3715 3723
f 4221 3966 3955
f 3989 3990 3991
f 4220 3992 3418
f 4067 4277 3993
f 3994 3995 3996
f 3995 3945 3996
f 4081 3784 3997
f 3998 3965 3961
f 3999 3950 4277
f 3752 4277 3681
f 4221 2825 3960
f 3957 3948 3678
f 3957 4002 4003
f 4005 3783 3942
f 3783 4005 4006
f 4007 3790 4008
f 3945 3984 3947
f 4009 4010 3679
f 4009 4011 4010
f 3707 3958 4048
f 3722 4217 4008
f 3790 3722 4008
f 3727 3723 3790
f 3942 3730 3962
f 3730 3680 3962
f 4538 2825 4221
f 3965 4012 3966
f 3707 3948 3957
f 4013 4007 4014
f 3552 4015 3992
f 4016 3941 4312
f 3949 3698 3968
f 3963 3964 3974
f 4013 4014 4018
f 4014 4217 4018
f 3698 3679 3968
f 4003 4002 4019
f 4002 3678 4019
f 3983 3982 4020
f 4021 3983 4020
f 4002 3957 3678
f 3986 4048 4015
f 3552 3986 4015
f 4022 4023 4024
f 3966 3683 3955
f 4025 4026 4027
f 4007 4008 4014
f 4008 4217 4014
f 3418 3944 3419
f 4221 3960 3961
f 3698 3692 4006
f 4028 3943 4001
f 3683 4012 3968
f 4012 3683 3966
f 3808 3958 3809
f 4029 4312 4030
f 4032 3941 4016
f 3998 3949 3968
f 3949 3998 3961
f 3713 3946 4034
f 3946 3945 4034
f 4035 3979 3981
f 3707 3957 4215
f 3958 3707 3988
f 3961 3965 4221
f 3987 4033 4017
f 4012 3998 3968
f 4012 3965 3998
f 3807 3809 3967
f 4036 4001 3942
f 4036 4028 4001
f 3734 4037 3733
f 3809 3988 3967
f 3959 4038 3968
f 3959 3956 4038
f 4038 3985 3968
f 3985 4038 3956
f 3955 3985 3956
f 3789 3682 3795
f 4039 4040 4041
f 4081 3997 4042
f 4439 3799 3764
f 3759 3767 3940
f 4043 4028 4036
f 3713 4034 3714
f 4263 4028 4043
f 3722 3208 4217
f 3682 3975 4044
f 4037 3682 3729
f 3682 3760 4032
f 3947 4046 3964
f 4033 3979 4017
f 4035 3981 4047
f 3981 4217 4047
f 3698 3943 4028
f 3808 3807 4048
f 3994 4220 3714
f 4034 3945 3995
f 3714 4034 3995
f 3698 4263 3679
f 3734 3768 4037
f 3682 4037 3768
f 4049 4036 3942
f 4049 4043 4036
f 3698 4039 3943
f 4050 4035 4047
f 4051 4031 4052
f 3701 4031 4051
f 4006 3692 3783
f 3805 4045 3819
f 3727 4013 4017
f 4053 4054 4055
f 3729 3733 4037
f 3973 4056 4057
f 4058 4059 4081
f 4060 4061 4062
f 3964 3988 3974
f 3707 4215 3988
f 3951 3999 4277
f 3953 3950 3779
f 3942 3953 3779
f 3779 3999 3977
f 3942 3779 3977
f 3480 3552 3992
f 3973 4057 3974
f 4029 4016 4312
f 3947 3963 3945
f 3714 3995 3994
f 3977 3999 3951
f 4220 3419 3713
f 3698 4040 4039
f 4053 4030 4054
f 4064 4051 4052
f 3779 3950 3999
f 4058 4065 4066
f 3950 3954 4277
f 3954 3680 4277
f 3551 3777 3986
f 3777 4048 3986
f 4065 4068 4066
f 3804 4075 3800
f 3807 3984 4048
f 4220 3480 3992
f 3967 3988 4046
f 4048 3945 4069
f 4015 4048 4069
f 3992 4069 3418
f 3992 4015 4069
f 4046 3988 3964
f 3963 4057 3945
f 4263 3698 4028
f 4070 4041 3942
f 4070 4039 4041
f 4070 3943 4039
f 4001 4070 3942
f 4070 4001 3943
f 3942 3962 3953
f 3962 3954 3953
f 3994 3996 4071
f 3947 3984 4046
f 4069 3945 3944
f 3418 4069 3944
f 4040 4006 4005
f 4041 4005 3942
f 4041 4040 4005
f 4062 4061 4277
f 4057 3963 3974
f 3945 4057 4056
f 3984 3967 4046
f 3942 3978 3701
f 3698 4006 4040
f 4048 3984 3945
f 4049 3774 4043
f 4049 3942 3701
f 4072 3972 3774
f 4072 4049 3701
f 4049 4072 3774
f 3701 3978 4060
f 3978 4061 4060
f 4060 4062 4031
f 3701 4060 4031
f 3682 4032 3975
f 4073 4018 4217
f 4073 3987 4018
f 4074 4072 3701
f 3972 4072 4074
f 4277 4052 4062
f 3978 3951 4061
f 4033 4073 3980
f 4073 4217 3980
f 4061 3951 4277
f 4031 4062 4052
f 3767 3517 4312
f 3940 3767 4312
f 3979 4033 3980
f 3987 4013 4018
f 4076 4050 4077
f 3727 3790 4007
f 3979 4035 4017
f 4013 3987 4017
f 3682 3768 3759
f 3795 3791 3993
f 3791 3795 3993
f 4277 3795 3993
f 3975 4032 4016
f 4054 4312 4078
f 3987 4073 4033
f 4050 4047 4077
f 4047 4217 4077
f 3785 4940 3786
f 4075 3727 4017
f 3517 3496 4312
f 4007 4013 3727
f 3682 4044 4053
f 3993 3795 4067
f 3795 3682 4067
f 4053 4044 4030
f 3997 4079 4042
f 3975 4016 4029
f 3760 3759 3940
f 3975 4029 4044
f 4079 3786 4940
f 4032 3760 3941
f 3941 3940 4312
f 4054 4030 4312
f 4044 4029 4030
f 4312 3496 4316
f 4081 4045 3805
f 4081 3771 4080
f 4066 4068 4940
f 3802 3800 4004
f 3784 3786 3997
f 4081 4042 4045
f 4058 3796 4059
f 4079 3997 3786
f 4065 4080 4068
f 4004 3800 5106
f 3784 3812 3785
f 4081 3805 3771
f 3819 4083 4940
f 4045 4083 3819
f 3805 3819 3772
f 4081 3812 3784
f 3771 3773 4080
f 4081 4080 4065
f 4045 4042 4083
f 4083 4079 4940
f 4042 4079 4083
f 4068 3773 4940
f 3772 4940 3773
f 4080 3773 4068
f 4085 3820 3579
f 4085 3290 3820
f 4087 4137 4088
f 4089 4087 4088
f 3290 4085 3591
f 4092 4088 4093
f 4088 4137 4093
f 4084 4094 3579
f 4094 4084 4095
f 4094 4098 3579
f 4098 4094 4099
f 3825 3820 3290
f 4100 4101 4102
f 3825 4328 4091
f 4099 4328 3591
f 4098 4099 3591
f 4087 4103 4137
f 4103 4087 3881
f 4104 4105 3579
f 4105 4104 4106
f 4105 3830 3579
f 3830 4105 3831
f 4084 4097 4095
f 4098 4085 3579
f 4085 4098 3591
f 4328 3825 3290
f 3903 4107 4108
f 4107 3924 4108
f 4087 4089 3881
f 4109 4365 4110
f 4111 4112 3369
f 4091 3817 3825
f 4328 4097 3829
f 4097 4114 3829
f 3830 4114 3579
f 4114 3830 3829
f 4097 4328 4095
f 4114 4084 3579
f 4084 4114 4097
f 4094 4095 4099
f 3831 4105 4106
f 4870 3906 4115
f 3906 3905 4115
f 4116 4117 4359
f 4117 4116 4118
f 4095 4328 4099
f 4328 3826 4091
f 4119 3869 4086
f 3869 4119 3870
f 3881 4089 3369
f 4121 4093 4122
f 4093 4121 4092
f 4109 4122 4365
f 4109 4111 4122
f 4123 4124 4125
f 3110 4124 4123
f 3587 3881 3369
f 4126 4127 4128
f 4870 4130 4128
f 4130 4126 4128
f 3923 3904 4131
f 4093 4137 4122
f 4092 4089 4088
f 4134 4135 4120
f 4135 4134 4086
f 3905 4136 4115
f 3924 3923 4108
f 4132 4408 3855
f 4139 3861 4138
f 3913 4140 3938
f 3877 3849 4086
f 3877 3887 3849
f 4120 3898 4141
f 4138 3909 4113
f 3909 4408 4113
f 4136 4142 4143
f 4138 4113 4139
f 4113 4408 4132
f 4139 4113 4132
f 3903 4108 4131
f 4108 3923 4131
f 4870 4115 4143
f 4115 4136 4143
f 3896 3909 4138
f 3896 3855 4408
f 3587 4103 3881
f 3600 5106 3806
f 4139 4132 3855
f 4408 3909 3019
f 4144 4145 4146
f 3877 3879 3887
f 3880 4129 4186
f 795 4147 4715
f 795 794 4147
f 3898 3664 4187
f 4874 4136 3905
f 4131 3906 3903
f 3369 4089 4092
f 4148 4149 3933
f 3110 4149 4148
f 3627 2433 3671
f 4120 4135 4151
f 3898 4187 3868
f 4153 4086 4090
f 4141 4134 4120
f 4103 3587 4137
f 4145 4154 4146
f 3110 4154 4145
f 4763 4649 4219
f 4141 3870 4119
f 3878 3928 3931
f 3928 3878 4086
f 3862 4155 3907
f 3931 3928 3868
f 4135 4086 4153
f 4151 4135 4153
f 4141 4119 4134
f 4119 4086 4134
f 3925 3900 3902
f 4151 4153 4156
f 3929 3884 4152
f 3884 3885 4152
f 3929 4152 3925
f 3876 3884 3929
f 3892 3891 4158
f 3934 4148 3933
f 3902 3901 4160
f 4152 3885 3900
f 3925 4152 3900
f 4160 3901 4861
f 4365 4161 4162
f 4131 3904 3906
f 3891 4159 4158
f 3110 4159 3891
f 4159 4165 3936
f 3110 4165 4159
f 3650 3908 4155
f 3908 3907 4155
f 4166 4123 4125
f 3933 4149 4144
f 3936 4165 3934
f 4149 4145 4144
f 4145 4149 3110
f 3677 3858 4107
f 4146 4154 4166
f 4165 4148 3934
f 4148 4165 3110
f 4158 4159 3936
f 4154 4123 4166
f 4123 4154 3110
f 4434 4167 4168
f 3677 4107 3903
f 3852 4348 4408
f 3198 1737 2859
f 4155 3938 3650
f 4874 3857 3599
f 3596 3599 3857
f 4874 3858 3857
f 3906 4870 3903
f 4874 3905 3904
f 4874 3924 3858
f 3923 4874 3904
f 3924 4107 3858
f 4130 4143 4142
f 3913 3915 4140
f 3915 3914 4140
f 3913 3938 4170
f 3896 4138 3861
f 3861 4139 3855
f 4171 4172 3939
f 3862 3907 3895
f 3912 3938 4140
f 4140 3914 3912
f 3920 4173 4171
f 4173 4172 4171
f 3920 4171 3939
f 3893 4175 4176
f 4170 4732 4174
f 3655 3922 4177
f 3922 4409 4178
f 3939 4174 3918
f 3918 3922 3655
f 3893 4177 4175
f 4177 4180 4175
f 4182 3922 4181
f 4175 4183 4176
f 4180 4183 4175
f 4176 4184 3893
f 4184 4176 4182
f 4182 4181 4184
f 4178 4181 3922
f 4184 4185 3893
f 4181 4185 4184
f 4185 4178 4409
f 4178 4185 4181
f 4185 4409 3893
f 4176 4183 4182
f 4861 4874 3599
f 818 3896 4873
f 3931 4187 3879
f 3876 4160 3874
f 3879 3664 3887
f 3664 3879 4187
f 3931 3868 4187
f 3901 3885 3639
f 3870 3898 3868
f 4141 3898 3870
f 3675 3871 3932
f 3871 3926 3932
f 3926 3675 3932
f 4156 3898 4151
f 4120 4151 3898
f 3890 3927 3935
f 3874 4160 3821
f 3925 4160 3929
f 3898 4570 3664
f 3890 3932 3927
f 4426 3098 3937
f 4570 3627 3664
f 3930 3670 3935
f 3926 3930 3927
f 3927 3930 3935
f 3937 3890 3935
f 4435 3901 3639
f 4435 3889 3892
f 4125 4124 4189
f 4435 3892 4158
f 4435 4158 3936
f 4435 3669 3889
f 4435 4146 4166
f 4124 4190 4189
f 3110 4190 4124
f 4146 4435 4144
f 4144 4435 3933
f 3862 3656 3627
f 3862 3627 3938
f 4155 3862 3938
f 3862 3895 3609
f 3650 3938 3912
f 4174 4732 3922
f 3939 4172 4174
f 4177 3893 3655
f 3918 4174 3922
f 4180 4177 3922
f 3922 4182 4183
f 4183 4180 3922
f 4170 3910 3913
f 3910 4170 3656
f 4170 4172 4173
f 4174 4172 4170
f 3654 4170 4173
f 3920 3654 4173
f 4192 4193 3989
f 4233 2795 4900
f 4312 4194 4078
f 4221 4021 4197
f 4198 4199 4200
f 4616 4201 4202
f 4221 4203 4204
f 4206 4207 4208
f 4197 4021 4209
f 4021 4020 4209
f 4210 4211 4212
f 4211 4486 4212
f 4213 4214 4208
f 3700 4064 4218
f 4019 3678 4211
f 4003 4019 4211
f 3959 4221 3956
f 4206 4208 4214
f 3957 4003 4210
f 3968 3982 3959
f 4222 4024 4223
f 3996 3945 4224
f 4233 4448 5022
f 4225 4226 4227
f 4221 3983 4021
f 4228 4218 4229
f 3991 4230 4231
f 3774 4263 4043
f 4235 4236 4199
f 4237 4235 4199
f 4020 3982 3968
f 4239 4076 4240
f 4052 4277 4064
f 4241 4242 4243
f 4243 4246 3701
f 4243 4242 4246
f 4242 4247 4246
f 4076 4077 4240
f 4077 4217 4240
f 4206 4248 4249
f 4205 4200 4011
f 4020 3968 4209
f 4206 4215 3957
f 4205 4009 3679
f 4009 4205 4011
f 4055 3682 4053
f 4505 4017 4076
f 4253 4198 3679
f 4199 4198 4253
f 4254 4240 4217
f 4254 4239 4240
f 4212 4486 4255
f 4207 4212 4255
f 4256 4257 4258
f 4206 4260 4248
f 4204 4264 4265
f 4262 4204 4265
f 4450 4266 4267
f 4197 4209 4268
f 4203 4197 4268
f 4221 4262 4269
f 4265 4264 4010
f 4204 4203 4264
f 4203 4268 4264
f 4236 4200 4199
f 4236 4270 4200
f 4271 4272 4273
f 4003 4211 4210
f 4272 3743 4274
f 4244 4236 4235
f 4221 4244 4235
f 4275 4243 3701
f 4275 4241 4243
f 4205 3679 4198
f 4200 4205 4198
f 4017 4035 4050
f 4211 3678 4486
f 4212 4207 4210
f 4206 4210 4207
f 4210 4206 3957
f 4255 4486 4213
f 4208 4255 4213
f 4221 4197 4203
f 4260 4245 4276
f 4245 4486 4276
f 4017 4050 4076
f 4262 4265 4270
f 4269 4262 4270
f 4055 4078 4278
f 4221 4269 4244
f 4078 4194 4278
f 4255 4208 4207
f 3743 3745 4274
f 3745 4217 4274
f 3968 4268 4209
f 4213 4486 4245
f 4214 4213 4245
f 4260 4214 4245
f 4280 4281 4282
f 4281 3945 4282
f 4246 4283 3701
f 4283 4246 4247
f 4071 3996 4224
f 4238 4284 4285
f 4286 4287 4288
f 4244 4269 4236
f 4269 4270 4236
f 4289 4284 4290
f 4221 4204 4262
f 3744 4291 3745
f 4291 4217 3745
f 4051 4064 3700
f 3701 4051 3700
f 4230 3945 4281
f 4231 4230 4281
f 4071 4224 4192
f 4293 4294 4295
f 3764 3838 4456
f 4237 4199 4253
f 4055 4278 3682
f 4078 4055 4054
f 4296 4225 4227
f 4292 4225 4296
f 3701 4297 4292
f 4228 4229 4297
f 3701 4228 4297
f 4295 4298 4299
f 4289 4275 3701
f 4275 4289 4290
f 4294 4304 4298
f 4295 4294 4298
f 4300 4254 4291
f 4254 4217 4291
f 4292 4297 4022
f 4297 4023 4022
f 4275 4290 4241
f 3803 4251 4301
f 4251 3803 4640
f 3701 3700 4228
f 3700 4218 4228
f 4283 4247 4302
f 4297 4229 4023
f 4302 3972 4074
f 3990 3945 4230
f 3991 3990 4230
f 4280 4282 4293
f 4303 4226 4225
f 4292 4303 4225
f 4263 3972 4302
f 4282 4304 4294
f 4282 3945 4304
f 4293 4282 4294
f 4231 4281 4280
f 4239 4254 4300
f 4305 4782 4306
f 4192 4224 4193
f 4224 3945 4193
f 3989 4193 3990
f 4193 3945 3990
f 4283 4074 3701
f 4074 4283 4302
f 4307 4289 3701
f 4289 4307 4284
f 4308 4309 3701
f 4310 4309 4308
f 4285 4284 4307
f 4285 4309 4310
f 4272 4274 4273
f 4274 4217 4273
f 4309 4307 3701
f 4309 4285 4307
f 4310 4238 4285
f 4303 4223 4226
f 4022 4024 4222
f 4292 4022 4222
f 4292 4222 4303
f 4222 4223 4303
f 4311 4296 4227
f 4313 4271 4314
f 4058 4081 4065
f 4271 4273 4314
f 4273 4217 4314
f 3744 4300 4291
f 4308 3701 4521
f 4066 4940 3796
f 4058 4066 3796
f 4318 3796 4940
f 4059 3796 4318
f 4112 4109 4110
f 4112 4111 4109
f 4319 4451 4320
f 3826 2702 4091
f 4322 4323 4101
f 4324 4161 4325
f 4161 4324 4162
f 3332 4116 4359
f 4116 3332 4326
f 4346 4325 4327
f 4322 4100 4359
f 4100 4322 4101
f 4328 3831 4106
f 4328 3829 3831
f 4323 4117 4118
f 1082 4329 4838
f 4329 1082 4330
f 4331 4324 4346
f 4324 4331 4162
f 4332 4102 4333
f 919 4334 918
f 4334 4335 918
f 4329 4336 4838
f 4336 4329 4337
f 4118 4116 4326
f 4338 4112 4110
f 4106 4104 4339
f 4104 3579 4359
f 4117 4322 4359
f 4322 4117 4323
f 4340 4341 4333
f 4339 4342 4340
f 4341 4342 4359
f 4341 4340 4342
f 4100 4332 4359
f 4332 4100 4102
f 4332 4341 4359
f 4341 4332 4333
f 4342 4104 4359
f 4342 4339 4104
f 4343 4344 4345
f 4327 4347 4346
f 4122 4137 4365
f 4126 4130 4142
f 4331 4349 4365
f 4349 4331 4343
f 4344 4350 4345
f 4350 4365 4345
f 4325 4351 4327
f 4325 4161 4351
f 4349 4345 4365
f 4349 4343 4345
f 4328 4106 4339
f 4111 4121 4122
f 4870 4353 4354
f 4353 4355 4354
f 4356 4357 4358
f 4346 4324 4325
f 3826 4118 4326
f 4344 4338 4350
f 4870 4360 4361
f 4360 4362 4361
f 4127 4363 4364
f 4338 4110 4350
f 4110 4365 4350
f 4163 4090 4164
f 4870 4354 4366
f 4354 4367 4366
f 4367 4368 4366
f 4369 4370 4371
f 3110 4370 4369
f 3896 3861 3855
f 4372 4373 4374
f 4355 4367 4354
f 4870 4128 4364
f 4128 4127 4364
f 4375 4362 4360
f 4870 4376 4360
f 4376 4375 4360
f 4368 4375 4376
f 4362 4378 4361
f 3369 4338 4344
f 953 4611 4379
f 4121 3369 4092
f 3369 4112 4338
f 4111 3369 4121
f 4373 4387 4374
f 4090 4387 4373
f 4374 4387 4388
f 4189 4190 4389
f 4390 4391 4392
f 4391 4390 4090
f 4393 4153 4090
f 4393 4156 4153
f 4388 4188 4396
f 4372 4393 4373
f 4393 4090 4373
f 4387 4090 4188
f 4388 4387 4188
f 4397 4390 4392
f 4398 4394 4167
f 4392 4391 4400
f 4372 4156 4393
f 4391 4090 4163
f 4400 4391 4163
f 4402 4188 4090
f 4402 4396 4188
f 4397 4396 4402
f 4400 4163 4403
f 4397 4402 4390
f 4402 4090 4390
f 4370 3110 4395
f 4401 4404 4405
f 4395 4404 4401
f 4874 4126 4142
f 4370 4394 4398
f 4394 4370 4395
f 4371 4370 4398
f 4168 4385 4406
f 4389 4369 4371
f 4406 4401 4405
f 4167 4407 4168
f 4190 4369 4389
f 4369 4190 3110
f 4394 4407 4167
f 4395 4407 4394
f 4407 4385 4168
f 4385 4407 4395
f 4385 4401 4406
f 4395 4401 4385
f 4380 5040 4414
f 778 4026 4451
f 4732 3893 4409
f 4410 4411 4412
f 4874 4127 4126
f 4874 4142 4136
f 4143 4130 4870
f 4578 4417 4418
f 4419 4420 4421
f 4422 4690 4423
f 4424 4610 4425
f 4189 4435 4125
f 4129 3098 4426
f 4427 4428 4429
f 3898 4156 4372
f 4435 4166 4125
f 4431 4434 4405
f 4612 4430 4432
f 4409 3922 4732
f 4266 4450 4437
f 4440 4441 3679
f 4441 4440 4442
f 4237 4441 4442
f 4443 1747 4444
f 4445 4446 5015
f 4299 4447 4306
f 4221 4235 4437
f 4440 3679 4452
f 4453 4440 4452
f 4237 4253 4441
f 4253 3679 4441
f 4457 4458 4459
f 4438 4460 4461
f 4462 4463 4838
f 4462 4464 4463
f 3679 4457 4465
f 3679 4458 4457
f 4437 4453 4466
f 4521 4468 4469
f 4468 4470 4469
f 4471 4472 4473
f 4474 4475 3679
f 4475 4474 4476
f 4477 4311 4472
f 4478 4479 3530
f 4474 4266 4476
f 4256 4258 4454
f 4258 4782 4454
f 4474 3679 4267
f 4266 4474 4267
f 4437 4237 4442
f 4237 4437 4235
f 4257 4481 4258
f 4481 4782 4258
f 4482 4466 4455
f 4466 4452 4455
f 4483 4459 4521
f 4483 4457 4459
f 4466 4453 4452
f 1494 2145 1212
f 4484 4304 4485
f 4305 4484 4485
f 4475 4476 4482
f 4437 4442 4453
f 4440 4453 4442
f 4437 4466 4482
f 4455 4452 3679
f 4437 4476 4266
f 4449 4487 4465
f 4521 4477 4471
f 4477 4472 4471
f 4488 4487 4489
f 4478 3530 4490
f 3530 4782 4490
f 3679 4450 4267
f 4491 4492 4493
f 4494 4495 4496
f 4497 4498 4499
f 4521 4497 4499
f 4449 4483 4521
f 4449 4465 4483
f 4458 4500 4501
f 4306 4484 4305
f 4437 4482 4476
f 4502 4499 4503
f 4521 4499 4502
f 4482 4455 4475
f 4455 3679 4475
f 4238 4310 4500
f 4479 4506 3530
f 4506 4782 3530
f 4305 4485 4507
f 4465 4457 4483
f 4493 4492 4508
f 4492 4782 4508
f 4509 4510 4810
f 4510 4511 4810
f 4511 4510 4509
f 4489 4449 4521
f 4449 4489 4487
f 4313 4481 4257
f 4512 4508 4506
f 4508 4782 4506
f 4513 4515 4514
f 4516 4489 4521
f 4516 4488 4489
f 4500 4310 4308
f 4502 4503 4517
f 4469 4518 4497
f 4521 4469 4497
f 4492 4454 4782
f 4492 4491 4454
f 4469 4470 4518
f 4286 5015 4519
f 4292 4296 4477
f 4296 4311 4477
f 4288 4287 4304
f 3679 4487 4488
f 4501 4308 4521
f 4308 4501 4500
f 3916 4478 4490
f 4314 4217 4782
f 4520 4515 777
f 4298 4304 4447
f 4299 4298 4447
f 4306 4447 4484
f 4447 4304 4484
f 4507 4485 2990
f 4485 4304 2990
f 4514 4515 4520
f 4507 2990 2989
f 4027 4515 4025
f 2990 4304 2988
f 4304 4451 2988
f 4459 4501 4521
f 4459 4458 4501
f 4471 4473 4468
f 4521 4471 4468
f 4292 4477 4521
f 4468 4473 4470
f 4497 4518 4498
f 4499 4498 4503
f 4502 4517 4521
f 3916 4490 3917
f 4490 4782 3917
f 4491 4256 4454
f 4479 4512 4506
f 4481 4314 4782
f 4314 4481 4313
f 4525 4660 4667
f 4337 4329 4330
f 1073 3332 4838
f 1073 1072 3332
f 4000 1495 3814
f 4664 4491 4493
f 1495 1494 1212
f 4512 4493 4508
f 4530 4532 4533
f 793 2375 4147
f 793 4534 2375
f 4321 4346 4347
f 4336 4337 1737
f 3332 1072 4326
f 4536 682 4532
f 4530 4536 4532
f 3332 4359 4838
f 2150 795 4715
f 795 2150 794
f 3176 2860 1074
f 4540 4541 4826
f 4534 2376 2375
f 3833 4542 4543
f 4330 1082 1083
f 4533 4833 2091
f 4551 682 1213
f 4336 3198 4838
f 3198 4336 1737
f 1213 4530 4533
f 1213 4536 4530
f 1213 682 4536
f 4548 4549 4550
f 4548 4630 4549
f 4630 4704 4553
f 2735 4546 4714
f 4201 4556 4202
f 4179 4554 4557
f 4348 4096 2717
f 4547 4558 4157
f 4559 4169 4560
f 4562 4563 4564
f 4164 4563 4562
f 4604 4566 4567
f 4381 4386 4568
f 2719 4399 2718
f 4569 4872 4570
f 4164 4872 4569
f 3911 3917 4782
f 2718 4537 4568
f 4537 2718 4399
f 4348 2718 4568
f 4537 4381 4568
f 4571 4164 4572
f 4573 4571 4572
f 4559 4567 4566
f 4874 4368 4367
f 4571 4163 4164
f 4163 4571 4403
f 4577 4425 4578
f 5061 4933 4703
f 4571 4573 4403
f 4578 4425 4186
f 4583 4164 4582
f 4429 4583 4582
f 4429 4582 4427
f 4564 4563 4379
f 4379 952 953
f 4584 4562 4564
f 4586 4587 4588
f 4584 4589 4562
f 4589 4164 4562
f 4573 4572 4590
f 4404 4591 4431
f 4395 4591 4404
f 4584 4427 4589
f 4386 4381 5106
f 4592 4593 4594
f 4572 4583 4590
f 4583 4572 4164
f 4588 4595 4592
f 4590 4583 4429
f 4589 4582 4164
f 4589 4427 4582
f 4594 4585 4434
f 4563 952 4379
f 4563 4164 952
f 4595 4593 4592
f 4395 4593 4595
f 4434 4585 4861
f 4593 4585 4594
f 4405 4404 4431
f 4587 4595 4588
f 4595 4587 4395
f 4591 4587 4586
f 4395 4587 4591
f 4431 4591 4586
f 4593 4395 4585
f 3289 4381 2719
f 4598 4599 4721
f 4602 4603 4600
f 5133 4605 4606
f 4605 5133 4607
f 4635 4609 1745
f 4577 4724 4610
f 4424 4577 4610
f 4424 4425 4577
f 4186 4129 4426
f 4613 4580 4581
f 4612 4614 4430
f 4382 4432 4574
f 4426 4574 4613
f 4581 4580 4614
f 4581 4614 4612
f 4580 4430 4614
f 4430 4574 4432
f 4617 4618 4196
f 4617 4619 4618
f 4649 4620 4219
f 4621 4527 4923
f 4488 4516 4622
f 4202 4556 4641
f 4622 928 927
f 3576 4624 3577
f 4781 4627 4495
f 4900 2795 2764
f 4608 4749 4201
f 4451 4628 998
f 4299 4782 4295
f 4632 4515 4633
f 4526 4635 4634
f 777 776 4520
f 4609 1656 1746
f 4636 4637 4633
f 4633 4637 998
f 4458 3679 4500
f 4628 4451 4531
f 1746 4639 1747
f 1747 4639 4444
f 4629 4839 4641
f 2710 4639 4642
f 4027 4026 778
f 2483 4063 4439
f 4608 4638 4749
f 929 3577 4624
f 4625 4743 4652
f 4643 4644 3839
f 4645 4444 4646
f 4645 4647 4635
f 4635 4756 4634
f 2483 4456 2484
f 2482 4644 4648
f 2483 2482 4648
f 4609 1746 1745
f 4648 4644 4643
f 2483 4648 4650
f 4648 4643 4650
f 4443 4444 4645
f 4025 4515 4651
f 2483 4439 4456
f 4635 4526 4609
f 4651 4515 4632
f 4531 4651 4628
f 4643 3838 4650
f 3839 3838 4643
f 4632 4633 998
f 4439 3764 4456
f 4633 4515 4636
f 4451 998 4637
f 4526 1656 4609
f 4521 4517 4654
f 4654 4517 4789
f 4917 4544 2802
f 4646 4659 4647
f 4662 4663 3988
f 3814 1446 1348
f 1495 1446 3814
f 4667 4527 4621
f 4917 4918 4544
f 2255 2145 4698
f 3814 1348 2255
f 1026 4669 4510
f 4665 4527 4667
f 4756 4661 4665
f 4660 4665 4667
f 4698 1744 4000
f 2255 1348 2145
f 4670 4150 4196
f 4670 4671 4150
f 4923 4665 4661
f 4923 4527 4665
f 4661 5026 4923
f 2145 2897 4666
f 1348 1212 2145
f 4000 2255 4698
f 4000 3814 2255
f 1446 1212 1348
f 4698 2145 4082
f 4676 4677 4678
f 3970 4649 3971
f 4680 4463 4464
f 4682 4683 4541
f 4682 4684 4683
f 4685 4569 4570
f 3833 4686 4838
f 4686 3833 4543
f 4801 4688 4689
f 4958 4701 4558
f 4683 4684 4681
f 4689 4691 4801
f 4801 4691 4687
f 4692 4693 4838
f 4692 4352 4693
f 4535 4693 4352
f 4686 4543 4694
f 1083 1081 4535
f 5052 4544 4561
f 5052 4561 4712
f 4693 1081 4838
f 4693 4535 1081
f 4352 4692 4694
f 1156 4695 4696
f 1072 3826 4326
f 4532 4551 3024
f 4533 4532 3024
f 4551 1213 2091
f 4463 4699 4838
f 4463 4680 4699
f 4542 4680 4690
f 4551 4712 4561
f 4533 3024 4833
f 4532 682 4551
f 4833 3024 4551
f 4686 4692 4838
f 4692 4686 4694
f 1213 4533 2091
f 4699 3833 4838
f 3833 4699 4542
f 4422 4423 4700
f 4542 4699 4680
f 4701 4133 4546
f 4702 4321 4555
f 4464 4462 4423
f 4577 4424 4417
f 4424 4418 4417
f 4424 4577 4418
f 4701 4546 4558
f 4547 4958 4558
f 4701 4958 4133
f 4546 2734 4558
f 4133 4714 4546
f 4714 4547 2985
f 4157 2985 4547
f 2735 2985 4157
f 4157 2736 2735
f 4558 2734 4157
f 2734 2736 4157
f 4704 4548 4705
f 4548 4550 4705
f 4685 951 4569
f 951 4164 4569
f 4576 4557 4707
f 4557 4576 4179
f 2091 4706 4596
f 2436 4714 5052
f 4712 2436 5052
f 4685 953 951
f 4576 4709 4579
f 4709 4707 4579
f 4707 4709 4576
f 4870 4554 3587
f 4719 4559 4566
f 4723 4414 4710
f 4411 4711 4412
f 4726 919 4419
f 919 4726 4334
f 928 4521 929
f 4560 4567 4559
f 4560 4708 4567
f 4711 4727 4412
f 4411 4410 4729
f 4707 4557 4554
f 4721 5040 5063
f 4179 4579 4321
f 4861 3901 4434
f 4602 4599 4603
f 4416 4602 4603
f 4416 4599 4602
f 4599 4723 4710
f 4415 4723 4416
f 4414 4723 4415
f 4730 4565 4719
f 4600 4602 4598
f 4602 4603 4598
f 4603 4602 4600
f 4707 4554 4579
f 4179 4576 4579
f 4721 4600 4598
f 4597 4615 4414
f 4570 4611 4685
f 5040 4721 4414
f 4594 4434 4592
f 4710 4414 4721
f 4723 4599 4416
f 4603 4599 4598
f 4599 4710 4721
f 4731 4415 4603
f 4415 4731 4414
f 4415 4416 4603
f 3899 4724 4876
f 4597 4602 4601
f 4602 4597 4731
f 4601 4600 4615
f 4615 4597 4601
f 927 4624 4742
f 4603 4602 4731
f 4731 4597 4414
f 4602 4600 4601
f 4724 4577 4876
f 4579 1342 4321
f 4874 4375 4368
f 4615 5063 4380
f 4361 4378 4733
f 4724 4186 4610
f 4577 4417 4876
f 4418 4577 4578
f 4724 3899 4186
f 4581 4612 4382
f 4425 4610 4186
f 4027 778 777
f 4613 4581 4382
f 4612 4432 4382
f 4379 4611 4564
f 4580 4574 4430
f 4574 4580 4613
f 4382 4426 4613
f 4574 4426 3935
f 4513 4519 4515
f 4736 4737 4524
f 4757 4736 4524
f 4738 4739 4740
f 4739 4738 4741
f 4671 4619 4617
f 4651 4531 4025
f 4654 4742 3576
f 4839 4480 4641
f 4898 4653 4744
f 4900 2764 4746
f 2764 4747 4748
f 4659 4750 4751
f 4749 4641 4556
f 4619 4752 4618
f 4671 4670 4219
f 4743 4625 4668
f 4645 4646 4647
f 4638 4629 4641
f 4523 4757 4524
f 4746 2764 4739
f 4741 4746 4739
f 4741 4315 4746
f 4746 4315 4900
f 4737 4743 4668
f 4523 5019 4757
f 4641 4480 4202
f 4754 4755 5015
f 4751 4647 4659
f 4632 4628 4651
f 4616 4608 4201
f 4202 4480 4616
f 4749 4638 4641
f 4749 4556 4201
f 4629 4608 4616
f 4608 4629 4638
f 1656 4639 1746
f 4451 4647 4751
f 4625 4652 5019
f 3969 4758 4759
f 4620 3969 4759
f 1745 4443 4635
f 4238 4263 4242
f 4522 4668 4625
f 4668 4522 4737
f 4026 4025 4531
f 4736 4743 4737
f 4748 4760 4761
f 4762 4748 4761
f 4625 4523 4522
f 4757 4743 4736
f 4764 4642 4765
f 4659 4639 4750
f 4652 4743 4757
f 4737 4522 4524
f 4764 4766 4451
f 4756 4635 4637
f 4921 4735 4232
f 4767 4768 4769
f 4251 4640 4250
f 4770 4771 4767
f 4772 4770 4767
f 4773 4774 4705
f 4304 4287 4775
f 3576 4742 4624
f 4646 4639 4659
f 4526 4634 4639
f 2802 4529 4504
f 4531 4451 4026
f 4778 4779 4780
f 4778 4195 4779
f 4319 4320 2710
f 4494 4781 4495
f 4781 4528 4529
f 4311 4279 4472
f 4917 1744 4918
f 4783 4496 4655
f 4306 4782 4299
f 929 4521 3577
f 4628 4632 998
f 4784 4755 4785
f 4783 4655 4504
f 4647 4451 4635
f 4786 4787 4788
f 4636 4215 4756
f 4751 4320 4451
f 2802 4627 4781
f 3679 4488 4742
f 4750 2710 4320
f 4756 4637 4636
f 4319 4642 4764
f 4215 4636 4515
f 4637 4635 4451
f 4750 4639 2710
f 4513 4790 4775
f 4319 2710 4642
f 4444 4639 4646
f 1745 1747 4443
f 4319 4764 4451
f 4634 4782 4639
f 4514 4790 4513
f 4575 4467 4777
f 4443 4645 4635
f 4438 4791 5011
f 4529 4783 4504
f 4783 4529 4528
f 4494 4496 4528
f 4781 4494 4528
f 2802 4781 4529
f 4521 4654 3577
f 927 4742 4622
f 4624 927 929
f 4654 4789 4742
f 4792 4782 2989
f 4320 4751 4750
f 4519 4513 4775
f 4783 4528 4496
f 4549 4772 4769
f 4549 4630 4772
f 4789 4517 4316
f 4445 4288 4794
f 4316 4517 4277
f 4277 4517 4279
f 5015 4286 4445
f 4782 4634 3911
f 4664 4478 3916
f 4782 4231 4280
f 4796 4797 4798
f 4789 2897 1744
f 2484 3839 4644
f 4657 4799 4317
f 4800 4631 4728
f 4544 4918 4673
f 4660 4525 4802
f 4658 4312 4316
f 4664 4313 4257
f 4657 4672 4803
f 4660 4802 5025
f 4657 4656 4799
f 4317 4795 4673
f 4511 4509 4807
f 4799 4795 4317
f 4675 4672 4795
f 4805 2897 4509
f 2145 4000 1744
f 4656 4803 4675
f 4741 4738 4315
f 4802 4621 4923
f 4666 4669 1026
f 2897 4789 4938
f 4657 4317 1744
f 4808 4667 4621
f 4808 4525 4667
f 4802 4808 4621
f 4808 4802 4525
f 5025 4802 4923
f 5025 4665 4660
f 4809 4776 4777
f 4776 4809 4630
f 4656 4675 4799
f 1744 4673 4657
f 4673 4672 4657
f 4672 4673 4795
f 4657 4803 4656
f 4803 4672 4675
f 4669 4511 4509
f 4511 4805 4509
f 4805 4511 4669
f 4509 2897 4804
f 4666 1026 1027
f 4928 4666 1027
f 1027 1026 4810
f 4807 4509 4804
f 4511 4807 4810
f 4666 2897 4805
f 4928 1027 4810
f 4669 4666 4805
f 4756 4665 5025
f 4799 4675 4795
f 2145 1744 2897
f 1026 4510 4810
f 4510 4669 4810
f 4669 4509 4810
f 4811 4812 4813
f 4804 2897 4938
f 4814 4823 4815
f 4666 4928 2145
f 4316 4823 4824
f 4689 4817 4818
f 2145 4928 4698
f 4436 4819 4820
f 4436 2764 4819
f 4553 4774 4821
f 4774 4773 4821
f 4822 1163 4687
f 4681 4706 4082
f 4949 4688 4801
f 4234 4438 4461
f 4460 4234 4461
f 5106 5026 4661
f 5026 5106 4661
f 4826 4687 4818
f 4082 4826 4683
f 4814 4825 4823
f 789 3826 2860
f 4688 4827 4812
f 4688 4949 4827
f 4689 4818 4691
f 4681 4684 4813
f 4696 4700 4555
f 4824 2443 4690
f 4828 4697 4690
f 4700 4829 4555
f 4535 4352 789
f 4812 4681 4813
f 4082 2091 4698
f 4682 4541 4540
f 3276 4830 3277
f 4830 1162 3277
f 4684 4682 4831
f 4682 4540 4831
f 4683 4826 4541
f 4082 4683 4681
f 4702 4462 4838
f 4818 4687 4691
f 4811 4817 4689
f 4688 4811 4689
f 4688 4812 4811
f 2145 4687 4082
f 4832 3277 1163
f 3277 1162 1163
f 4826 4082 4687
f 4684 4831 4817
f 4811 4813 4817
f 4831 4540 4818
f 4817 4831 4818
f 4813 4684 4817
f 4540 4826 4818
f 4543 4542 4690
f 4828 4700 4695
f 4829 4835 4702
f 4700 4695 4829
f 4695 4835 4829
f 4695 4700 4835
f 1156 4697 4695
f 4697 4828 4695
f 4838 4321 4702
f 4690 4697 4834
f 4834 1156 4555
f 4695 4700 4696
f 1156 4696 4555
f 4700 4836 4835
f 4700 4423 4836
f 5052 4714 4133
f 4828 4690 4422
f 4700 4828 4422
f 4321 4082 4706
f 789 4543 4690
f 4690 4680 4464
f 4835 4836 4702
f 4834 4697 1156
f 4555 4829 4702
f 4464 4423 4690
f 4352 4694 789
f 4462 4702 4836
f 4694 4543 789
f 2859 789 2860
f 4797 4898 4798
f 4793 4837 4630
f 4661 5106 5052
f 5052 4133 4661
f 4836 4423 4462
f 1083 4535 789
f 4958 4547 4714
f 2091 4712 4551
f 4706 2091 5064
f 4715 3826 789
f 4596 4712 2091
f 4712 4596 2436
f 2091 4321 1342
f 4840 4841 4842
f 4843 4840 4842
f 4841 4843 4842
f 4843 4841 4703
f 4703 4718 4854
f 4842 4840 4844
f 4845 4840 4842
f 3601 4846 4718
f 4708 4713 2436
f 4848 4631 4849
f 4631 4800 4849
f 4850 4851 4852
f 4840 4843 4844
f 4845 4841 4840
f 4722 4845 5061
f 4703 4841 4722
f 4845 4842 5061
f 4842 4855 5061
f 4855 4842 4844
f 4853 4856 4857
f 4856 4853 4854
f 4856 4846 4857
f 4856 4718 4846
f 4539 918 4847
f 918 4335 4847
f 4851 4604 4852
f 4847 4713 4539
f 4859 4965 4860
f 4559 4719 4169
f 4874 4861 4554
f 4863 4727 4711
f 4337 789 1737
f 4856 4854 4718
f 4411 4729 4864
f 4867 4411 4864
f 4865 4867 4866
f 4565 4730 4851
f 4537 4399 4381
f 4716 4169 4717
f 4863 4711 3601
f 4708 2436 4604
f 4554 4861 1342
f 4579 4554 1342
f 4863 4729 4727
f 4604 4868 4852
f 4334 4545 4335
f 4708 4560 4169
f 4545 4334 4726
f 4545 4726 4421
f 4708 4604 4567
f 4858 4714 3627
f 4630 4837 4816
f 4565 4851 4169
f 4730 4604 4851
f 4869 4716 2436
f 4850 4169 4851
f 4729 4410 4727
f 4410 4412 4727
f 4729 4863 4864
f 4713 4561 2436
f 4545 4713 4847
f 4713 4545 2436
f 919 4539 4419
f 4169 4719 4565
f 4716 4604 2436
f 4335 4545 4847
f 4708 4169 4713
f 4871 4852 4868
f 4566 4604 4730
f 4868 4604 4716
f 4566 4730 4719
f 4871 4169 4850
f 4169 4871 4717
f 4852 4871 4850
f 4798 4898 4744
f 4793 4798 4744
f 4872 4164 4873
f 4872 3627 4570
f 4786 4788 4816
f 4331 4365 4162
f 4611 953 4685
f 4381 3289 4096
f 4769 4768 4550
f 4585 4413 4861
f 4395 4413 4585
f 4434 4431 4586
f 4371 4434 4389
f 4434 4586 4588
f 4989 4875 5053
f 4771 4467 4767
f 4167 4434 4398
f 4767 4467 4768
f 4427 4584 4611
f 4877 4906 4878
f 4770 4809 4771
f 4879 4880 4881
f 4879 4882 4880
f 4882 4879 4881
f 4879 4882 4883
f 4405 4434 4406
f 4884 4885 4886
f 4887 4788 4787
f 3938 4713 4170
f 4259 4467 4745
f 4630 4809 4770
f 4887 4787 4889
f 4787 4786 4889
f 4630 4796 4793
f 4821 4773 4898
f 4816 4837 4653
f 4898 4890 4653
f 4315 4816 4890
f 4759 4758 4752
f 4774 4704 4705
f 4704 4774 4553
f 4630 4821 4796
f 4821 4630 4553
f 4821 4898 4797
f 4796 4821 4797
f 4748 4762 2764
f 4768 4753 4773
f 4788 4894 4816
f 4894 4788 4895
f 4770 4772 4630
f 4550 4768 4705
f 4315 4896 4816
f 4773 4753 4898
f 4820 4761 4315
f 4809 4777 4771
f 4890 4816 4653
f 4653 4837 4744
f 4837 4793 4744
f 4793 4796 4798
f 4776 4575 4777
f 4745 4467 4575
f 4776 4745 4575
f 4819 4762 4820
f 4762 4819 2764
f 4892 4816 4894
f 4777 4467 4771
f 4895 4893 4894
f 4893 4892 4894
f 4549 4769 4550
f 4772 4767 4769
f 4738 4436 4315
f 4740 4436 4738
f 4548 4704 4630
f 4768 4773 4705
f 4760 4315 4761
f 4753 4384 4383
f 4896 4786 4816
f 4315 4890 4900
f 4820 4762 4761
f 4889 4896 4887
f 4753 4768 4897
f 4618 4758 4196
f 4752 4758 4618
f 4150 4617 4196
f 4150 4671 4617
f 4776 2795 4745
f 4897 4768 4906
f 4620 4759 4219
f 4921 4232 4763
f 4315 4887 4896
f 4279 4498 4518
f 4670 5105 4219
f 4523 4625 5019
f 4905 4848 4906
f 4905 4631 4848
f 4763 4196 3971
f 4196 4232 5105
f 4757 5019 4626
f 4735 4538 4261
f 4763 4232 4196
f 4232 4261 5105
f 4909 4800 4728
f 4519 4775 4287
f 4486 4248 4276
f 4839 4233 4900
f 4446 4445 4794
f 4450 4623 4538
f 4220 3991 4231
f 3989 3991 4220
f 4248 4260 4276
f 4264 4268 3968
f 4486 4921 4249
f 4766 4792 2988
f 4766 4765 4792
f 4642 4782 4765
f 4764 4765 4766
f 4779 4913 4301
f 4779 4195 4913
f 4277 4023 4229
f 4521 3701 4292
f 4514 4914 4790
f 4780 4250 4778
f 4010 3968 3679
f 4634 4250 4640
f 4195 4778 4250
f 5015 4755 4915
f 4304 4914 776
f 4915 4216 4662
f 4780 4779 4301
f 4791 4674 5011
f 2988 4792 2989
f 4520 776 4914
f 778 4304 776
f 4496 4495 4904
f 4622 4516 928
f 4304 4775 4790
f 4279 4517 4503
f 2989 4782 4507
f 4642 4639 4782
f 4295 4782 4293
f 4220 4192 3989
f 5015 4446 4754
f 4766 2988 4451
f 3803 4913 4195
f 4519 4287 4286
f 4251 4780 4301
f 4780 4251 4250
f 4304 4790 4914
f 4286 4288 4445
f 4514 4520 4914
f 4921 4215 4249
f 4655 4496 4904
f 4470 4279 4518
f 4627 2802 4904
f 4261 4538 4917
f 4742 4450 3679
f 4742 4488 4622
f 4279 4503 4498
f 4023 4277 4024
f 4487 3679 4465
f 4279 4470 4473
f 4634 4756 4195
f 3679 4238 4500
f 928 4516 4521
f 4507 4782 4305
f 4304 4794 4288
f 778 4451 4304
f 4519 5015 4515
f 4215 4515 5015
f 4515 4027 777
f 4765 4782 4792
f 4919 4383 2254
f 4383 4384 2254
f 4472 4279 4473
f 4892 4630 4816
f 4655 4904 4504
f 4279 4227 4226
f 4623 4789 4316
f 4279 4311 4227
f 2802 4544 4921
f 4921 4756 4215
f 4495 4627 4904
f 4450 4789 1744
f 3976 4439 4063
f 5105 4261 4917
f 4917 4538 1744
f 4446 4922 4754
f 4664 4257 4256
f 4909 4259 4899
f 4661 4756 4921
f 4664 4479 4478
f 4313 4664 4505
f 4664 4512 4479
f 4664 4256 4491
f 4664 4493 4512
f 4664 3916 3911
f 4634 5037 3911
f 4921 4544 4661
f 3911 5037 5106
f 4742 4789 4450
f 3800 3911 5106
f 4895 4788 4887
f 4926 4823 4927
f 4544 4673 1744
f 4806 4918 1744
f 4661 4544 4923
f 4918 4544 4317
f 4673 4918 4317
f 4317 4806 1744
f 4806 4317 4698
f 4810 4807 4928
f 4807 4938 4928
f 4823 4929 4679
f 4890 4898 4900
f 4825 4930 4940
f 796 2150 2443
f 4544 4923 5026
f 4806 4698 4928
f 4825 4824 4823
f 5026 4923 4544
f 4317 4544 4698
f 4698 4544 1744
f 4932 4823 4926
f 4814 4930 4825
f 4934 4935 4947
f 4923 5026 4661
f 5026 4544 4661
f 4936 4937 4663
f 5026 5052 4544
f 4630 4892 4887
f 4544 5052 4698
f 4941 4942 4943
f 4944 4931 4945
f 4942 4941 4946
f 4906 4948 4878
f 4948 4920 4878
f 5052 4661 4544
f 4832 1163 4677
f 5039 3277 4832
f 4949 4801 4950
f 1162 4950 4801
f 2702 2443 4824
f 4824 4690 4834
f 4824 4940 2630
f 4698 2091 4561
f 4698 4561 4706
f 4939 4951 4952
f 4681 4812 4827
f 4830 4950 1162
f 4950 4830 3276
f 4955 4956 4957
f 5052 5026 4661
f 4698 4561 4544
f 5039 4827 3276
f 5039 4681 4827
f 4827 4949 3276
f 4949 4950 3276
f 4801 4687 1163
f 4678 4677 4822
f 4677 1163 4822
f 4832 4677 4676
f 5039 4832 4676
f 4822 4687 4954
f 4678 4822 4954
f 4824 4687 2145
f 1737 789 2859
f 4834 4555 4990
f 4698 5052 4561
f 4561 2091 4706
f 4321 2091 4082
f 4824 4834 4687
f 4990 4687 4834
f 4862 4854 4866
f 4887 4315 4925
f 4833 4706 2091
f 4551 4561 4833
f 789 4330 1083
f 789 4690 4715
f 4101 3826 4102
f 4323 3826 4101
f 4854 4865 4866
f 4931 4924 4945
f 4561 5052 4958
f 4706 4833 4561
f 789 4337 4330
f 2860 3826 1074
f 3826 1072 1074
f 4860 4968 4969
f 3579 4321 4838
f 4359 3579 4838
f 4874 4355 4363
f 4321 5072 4555
f 4867 3601 4711
f 4843 4862 4855
f 3826 4339 4340
f 4218 4064 4277
f 4953 4905 4906
f 4728 4905 4953
f 4841 4845 4722
f 2091 1342 5064
f 5105 4670 4196
f 4958 4714 4965
f 4561 4958 4960
f 5106 4661 4133
f 2436 4561 4960
f 4849 4909 4899
f 4849 4800 4909
f 3587 4365 4137
f 4971 4972 4973
f 4869 2436 4596
f 3969 4620 3970
f 4315 4436 4820
f 4958 4386 4133
f 4386 5106 4133
f 4363 4355 4353
f 4733 4874 4554
f 4421 4420 4545
f 5106 4381 3852
f 4728 4631 4905
f 4713 2436 5109
f 4568 4386 4348
f 4713 4169 4869
f 3852 3806 5106
f 2719 4381 4399
f 4975 4976 4977
f 4975 5067 4976
f 3601 2425 3899
f 4979 4980 4967
f 4733 4870 4361
f 4161 4365 4351
f 4870 4733 4554
f 4364 4363 4353
f 4414 4615 4380
f 4981 4982 4983
f 4355 4874 4367
f 3369 4343 4346
f 4726 4419 4421
f 2436 3627 4714
f 4717 4868 4716
f 2436 4545 4420
f 4420 3627 2436
f 4871 4868 4717
f 4378 4874 4733
f 4863 4985 4864
f 4419 4539 4420
f 3627 4420 4539
f 4169 4716 4869
f 4869 4596 4713
f 4986 4987 4988
f 4539 4713 3627
f 4870 4366 4376
f 4366 4368 4376
f 3899 4876 5135
f 4564 4611 4584
f 4590 4428 4573
f 4590 4429 4428
f 4592 4434 4588
f 4968 4992 4966
f 4417 4578 4876
f 4873 4164 4090
f 4596 5084 4413
f 4427 4611 4428
f 4570 4428 4611
f 4433 3627 4872
f 4732 4713 4596
f 4596 4413 4732
f 4434 4189 4389
f 4874 4363 4127
f 5084 4861 4413
f 4413 3921 4732
f 5084 4713 4433
f 5151 5003 4888
f 4467 4259 4728
f 4879 4883 4996
f 4906 4848 4899
f 4998 4999 4885
f 5002 4998 4885
f 4882 4879 4996
f 4994 4888 4191
f 4433 4997 5000
f 5002 5000 4997
f 4433 5003 4997
f 5004 4884 4886
f 4886 4885 4999
f 4998 5002 4997
f 5002 4995 5003
f 5004 5005 4995
f 4995 4997 5003
f 4995 5005 4997
f 5003 5151 5002
f 5005 4999 4997
f 5005 4886 4999
f 5004 4886 5005
f 4999 4998 4997
f 4786 4896 4889
f 4925 2764 4630
f 4887 4925 4630
f 4906 4768 4728
f 4753 4897 4384
f 4898 4753 4919
f 4898 4891 4900
f 4893 4895 4887
f 4753 4383 4919
f 4728 4768 4467
f 4384 4906 4891
f 4906 4384 4897
f 4760 4747 4925
f 4259 4909 4728
f 4747 4760 4748
f 2795 4259 4745
f 5021 4219 5105
f 4953 4906 4728
f 4925 4315 4760
f 4898 4919 4891
f 4919 2254 4891
f 4776 4630 2764
f 2764 4436 4740
f 2764 4925 4747
f 4740 4739 2764
f 4887 4892 4893
f 4839 5009 4480
f 4899 4259 5012
f 4776 2764 2795
f 4848 4849 4899
f 5007 4920 5055
f 5007 4878 4920
f 4758 3969 4196
f 4937 5008 4663
f 4626 4902 5011
f 4616 4480 5009
f 4259 3119 5087
f 4649 4763 3971
f 4759 4752 4219
f 5019 4674 4916
f 4619 4671 4219
f 4261 4232 4735
f 4920 5010 5055
f 4206 4214 4260
f 4752 4619 4219
f 4438 4902 4903
f 4629 5009 4233
f 4206 4249 4215
f 4196 3969 3971
f 4448 4907 5022
f 2795 3119 4259
f 3119 4626 5087
f 5021 4763 4219
f 5011 4901 4438
f 4461 4916 4791
f 4234 4902 4438
f 5011 5087 4626
f 4461 4791 4438
f 4649 3970 4620
f 4921 4763 5021
f 4629 4233 4839
f 4461 4438 4903
f 5019 4903 4626
f 4902 4626 4903
f 4234 4901 4902
f 5019 4916 4903
f 4629 4616 5009
f 4056 4937 3945
f 4901 4234 4460
f 3119 4757 4626
f 3119 4652 4757
f 4461 4903 4916
f 5011 4902 4901
f 4901 4460 4438
f 4922 3945 4785
f 4279 4223 4024
f 3678 3952 4921
f 3417 4921 3952
f 4913 3803 4301
f 3945 4936 4216
f 4784 3945 4216
f 4215 5015 3988
f 4450 1744 4938
f 4791 4916 4674
f 4265 4011 4200
f 4450 4221 4437
f 4270 4265 4200
f 4233 5009 4448
f 5017 5018 5016
f 4216 4915 4784
f 4264 3968 4010
f 4011 4265 4010
f 3679 4263 4238
f 4486 3678 4921
f 4249 4248 4486
f 4252 5007 5055
f 4911 5094 4912
f 4284 4238 4290
f 4221 4450 4538
f 4936 4663 4662
f 4634 4640 3803
f 4263 4302 4247
f 4900 4877 4252
f 4900 4906 4877
f 4229 4218 4277
f 3945 4922 4304
f 4785 3945 4784
f 4220 4071 4192
f 4937 4936 3945
f 3973 3988 5008
f 4216 4936 4662
f 4782 4220 4231
f 4921 4904 2802
f 4242 4263 4247
f 4922 4446 4794
f 4290 4238 4241
f 4071 4220 3994
f 4755 4784 4915
f 4250 4634 4195
f 4922 4794 4304
f 4279 4024 4277
f 4877 5007 4252
f 5007 4877 4878
f 4067 4959 4658
f 4241 4238 4242
f 4056 3973 5008
f 4937 4056 5008
f 4754 4922 4785
f 3976 5019 4652
f 5008 3988 4663
f 4063 5019 3976
f 4662 3988 5015
f 5015 4915 4662
f 4755 4754 4785
f 4280 4293 4782
f 2482 2484 4644
f 4505 3743 4272
f 4505 4300 3744
f 4223 4279 4226
f 5037 4063 3764
f 4505 4271 4313
f 3838 3764 4063
f 4782 4217 4220
f 5088 4195 4756
f 4277 4067 4316
f 4505 4239 4300
f 4904 4918 4504
f 4904 4544 4918
f 5105 4918 4806
f 4194 4312 4658
f 4505 4272 4271
f 4505 4076 4239
f 4505 3744 3743
f 3839 2484 4456
f 4917 4918 5105
f 4959 4194 4658
f 4067 4658 4316
f 4278 4194 4959
f 4926 5023 5024
f 4063 4650 3838
f 4075 4664 3911
f 4075 4017 4664
f 3839 4456 3838
f 4650 4063 2483
f 4505 4664 4017
f 4504 4918 2802
f 4917 2802 4918
f 4067 4278 4959
f 3682 4278 4067
f 3800 4075 3911
f 5039 4676 4954
f 5024 4932 4926
f 4544 5025 4923
f 4681 5039 4706
f 4938 4807 4804
f 4806 4938 1744
f 4679 4927 4823
f 4954 4687 4990
f 4943 4924 4931
f 4929 4318 5028
f 5036 4957 4947
f 4957 5029 4947
f 5024 4940 5030
f 4938 4806 4928
f 4932 5024 5030
f 4059 4318 4929
f 4815 5030 4930
f 5031 5028 4940
f 4823 4316 4081
f 4679 5028 5031
f 5028 4318 4940
f 5023 5031 4940
f 4926 4927 5023
f 4927 5031 5023
f 4824 4825 4940
f 4814 4815 4930
f 4679 4929 5028
f 4945 4924 5032
f 4081 4059 4823
f 4815 4932 5030
f 4823 4059 4929
f 5030 4940 4930
f 4932 4815 4823
f 4927 4679 5031
f 5023 4940 5024
f 5009 4839 5105
f 4946 4941 4945
f 4947 4935 5033
f 5034 5035 5029
f 5034 4951 5035
f 5035 4939 4934
f 5032 4924 5107
f 4934 5038 4935
f 4934 4942 5038
f 4676 4678 4954
f 5041 4945 5032
f 4948 5027 5010
f 4948 4906 5027
f 4990 5039 4954
f 5041 5032 5107
f 3764 4924 5046
f 2702 4824 2630
f 5033 5041 5107
f 4939 5046 4924
f 4935 5038 5033
f 5038 4946 5033
f 4957 4956 5029
f 4941 4944 4945
f 5029 4934 4947
f 4943 4944 4941
f 4706 5039 4698
f 5039 4990 4698
f 4924 3764 4933
f 796 2443 4534
f 4534 793 796
f 2150 796 794
f 4715 4690 2150
f 4147 794 793
f 2375 2376 4715
f 4715 2376 2702
f 4715 4147 2375
f 4951 4939 5035
f 5043 5034 5029
f 4951 5034 5043
f 4952 4955 5044
f 4939 4942 4934
f 4924 4942 4939
f 4944 4943 4931
f 5036 5046 5044
f 5046 4939 5044
f 5033 4946 5041
f 4946 4945 5041
f 4947 5033 5107
f 4955 4952 4956
f 4952 5043 4956
f 4951 5043 4952
f 4956 5043 5029
f 4939 4952 5044
f 4942 4924 4943
f 5038 4942 4946
f 4357 5045 4358
f 4961 3601 4867
f 5035 4934 5029
f 5036 5047 4957
f 5047 4955 4957
f 5036 5044 5047
f 5044 4955 5047
f 4970 5057 4962
f 4102 3826 4333
f 4862 4866 4867
f 4854 4853 4865
f 5048 5049 4974
f 4857 4961 4865
f 4339 3826 4328
f 3826 4340 4333
f 3826 4323 4118
f 3826 4715 2702
f 4924 4933 5107
f 4843 4703 4862
f 4964 4963 4552
f 4963 4974 4552
f 4963 4859 4964
f 4859 4969 4964
f 4965 4992 4860
f 4963 4964 4552
f 5049 5048 4987
f 4346 4321 3369
f 4844 4843 4855
f 4855 4862 5061
f 4862 4703 4854
f 1873 5051 4989
f 3852 4096 4348
f 4971 4970 4962
f 4970 4971 4973
f 4992 4965 4966
f 4860 4992 4968
f 4967 4978 4596
f 4555 5072 4990
f 4321 3579 3369
f 4351 4347 4327
f 4867 4865 4961
f 4853 4857 4865
f 4857 4846 4961
f 4846 3601 4961
f 4718 4703 3601
f 4964 4969 4966
f 5057 4974 4962
f 5042 4970 4973
f 5050 5054 4979
f 5050 5053 5054
f 4978 5051 1873
f 4981 1342 5059
f 5053 4356 5054
f 4858 5109 4377
f 4358 5045 4978
f 4357 4356 5053
f 2436 4962 5109
f 4411 4867 4711
f 5048 4974 4377
f 4974 4858 4377
f 5106 4933 5061
f 4703 4722 5061
f 5010 5027 5055
f 4962 5056 5109
f 4858 4965 4714
f 4963 4960 4965
f 4859 4860 4969
f 4969 4968 4966
f 4963 4965 4859
f 4960 4720 4962
f 4960 4958 4965
f 4965 4974 4966
f 4974 5057 4960
f 4960 4963 4552
f 4552 4974 4960
f 4974 4963 4966
f 4963 4964 4966
f 4987 5049 4988
f 4987 4377 5049
f 5057 5042 4960
f 5057 4970 5042
f 4972 5042 4973
f 4987 5048 4377
f 4720 5042 4972
f 4554 4179 3587
f 5049 5109 4988
f 4377 5109 5049
f 5053 4967 4596
f 4980 4358 4978
f 4875 5051 5045
f 5051 4875 4989
f 5045 5051 4978
f 4989 5053 4561
f 5135 4876 4578
f 4875 5045 4357
f 5060 5058 5059
f 4862 4985 5061
f 1873 4989 4561
f 4962 2436 4960
f 4960 5042 4720
f 4720 4971 4962
f 4720 4972 4971
f 4965 4858 4974
f 5050 4979 4967
f 4974 5056 4962
f 4986 5049 4987
f 4986 4974 5049
f 4596 4706 4561
f 5053 4875 4357
f 5062 5060 5059
f 5054 4980 4979
f 4356 4980 5054
f 4967 5053 5050
f 4980 4978 4967
f 4981 5059 5058
f 5065 4982 5062
f 4983 4982 5065
f 4980 4356 4358
f 4986 5056 4974
f 5109 5056 4988
f 5056 4986 4988
f 4362 4874 4378
f 4870 4364 4353
f 5061 4985 5106
f 4867 4985 4862
f 4408 4348 4386
f 4381 4096 3852
f 4596 4561 5053
f 4561 5084 1873
f 4343 4331 4346
f 4985 4867 4864
f 4365 4347 4351
f 4365 4321 4347
f 3587 4179 4365
f 4365 4179 4321
f 4861 5072 1342
f 4380 2991 5040
f 3369 4344 4343
f 4978 5084 4596
f 3627 5066 5067
f 4870 3587 3903
f 4985 4863 3601
f 3899 4985 3601
f 4386 4873 4408
f 3896 4408 4873
f 4615 4600 4721
f 4874 4362 4375
f 4985 3899 5108
f 4976 5066 4977
f 4991 4984 4977
f 5063 4615 4721
f 5072 4861 5140
f 3880 4186 3899
f 4386 5085 4873
f 818 4873 4086
f 3670 4433 4574
f 5067 4984 5137
f 4186 5135 4578
f 5135 4186 4426
f 5068 4911 4910
f 4090 4086 4873
f 4984 4975 4977
f 4984 5067 4975
f 5069 5070 5132
f 5070 5069 5071
f 4433 4872 5085
f 3670 4574 3935
f 4403 4428 4400
f 4573 4428 4403
f 4873 5085 4872
f 4426 3937 3935
f 4570 3898 4725
f 4374 3898 4372
f 4388 4725 3898
f 4396 4725 4388
f 4396 4397 4725
f 4392 4400 4428
f 4392 4428 4725
f 4392 4725 4397
f 4388 3898 4374
f 4428 4570 4725
f 4426 4433 5135
f 4434 3901 4435
f 4191 2742 5063
f 4426 4382 4433
f 5140 4861 5084
f 4406 4434 4168
f 4434 4371 4398
f 4189 4434 4435
f 4433 4382 4574
f 3938 3627 4713
f 4994 4880 4888
f 4191 4888 5003
f 3110 4413 4395
f 4413 3110 3921
f 4713 4732 4170
f 4994 4996 4883
f 4191 5063 4994
f 4880 4883 4881
f 4883 4882 4881
f 4880 4994 4883
f 4888 4880 4882
f 5151 4888 4996
f 4882 4996 4888
f 4994 5151 4996
f 4884 5004 4995
f 4885 4884 5002
f 5002 4884 4995
f 4891 4906 4900
f 5012 5027 4906
f 5012 5055 5027
f 4900 4252 4839
f 4899 5012 4906
f 5087 5012 4259
f 4920 4948 5010
f 4252 5055 5012
f 4839 4252 5105
f 5068 5089 5090
f 5020 5089 5068
f 5091 5094 4911
f 5091 5093 5094
f 5009 5105 5096
f 5068 5091 4911
f 5094 5090 5092
f 5011 4910 4912
f 5094 5087 4912
f 5020 4910 5014
f 5068 5093 5091
f 5068 4910 5020
f 5014 4910 5092
f 4912 4910 4911
f 5011 4912 5087
f 5097 5095 5098
f 5097 4907 5095
f 5011 4674 4910
f 5096 4448 5009
f 5099 5016 5018
f 5100 5099 5018
f 5100 5016 5099
f 5094 5093 5090
f 5101 5102 5089
f 5020 5101 5089
f 5021 5087 4921
f 5102 5014 5092
f 5013 5014 5102
f 5096 5105 4538
f 5096 4907 4448
f 5022 4907 5017
f 5098 5095 5100
f 5103 5098 5018
f 5099 5103 5018
f 5020 5014 5013
f 5089 5102 5090
f 5102 5092 5090
f 5094 5092 5087
f 4910 4674 5092
f 5093 5068 5090
f 5101 5013 5102
f 5101 5020 5013
f 5016 4908 5017
f 5104 5103 5099
f 4907 5096 5095
f 5095 5096 5100
f 5022 5017 4908
f 5097 5098 5103
f 4907 5097 5104
f 5097 5103 5104
f 5017 4907 5104
f 5018 5098 5100
f 5100 4908 5016
f 5017 5099 5018
f 5099 5017 5104
f 4908 5100 5096
f 4063 4674 5019
f 4195 5088 3803
f 4904 5021 4921
f 5088 4634 3803
f 4904 4921 5021
f 4904 4921 4544
f 4674 4063 5037
f 5105 4806 4538
f 4450 4938 4623
f 4806 1744 4538
f 4544 4921 5088
f 5025 5088 4756
f 5088 5025 4544
f 4789 4623 4938
f 4908 4623 5022
f 4824 4623 4316
f 4698 4824 2145
f 3764 5046 5037
f 5040 5022 4990
f 4824 4698 4990
f 4947 5107 5036
f 5036 5107 5046
f 5058 5060 4981
f 5107 4933 5106
f 4978 1873 5084
f 5106 4958 5052
f 5072 4706 5064
f 5066 4976 5067
f 4321 4706 5072
f 4982 4981 5060
f 5066 4991 4977
f 4981 5064 1342
f 5072 5059 1342
f 5062 4982 5060
f 4983 5064 4981
f 5106 4386 4958
f 5072 4983 5059
f 4983 5065 5059
f 5072 5064 4983
f 5065 5062 5059
f 4990 5063 5040
f 5108 5106 4985
f 4386 5106 5108
f 5084 4561 4713
f 4858 3627 5067
f 5077 5069 5132
f 5112 5079 5113
f 4858 5067 5137
f 5109 4858 5137
f 4991 3627 4433
f 4713 5109 5137
f 4991 4433 5137
f 4984 4991 5137
f 4606 5074 5133
f 4734 5110 5140
f 5079 5083 4386
f 4991 5066 3627
f 5082 5117 5118
f 5110 5115 5072
f 5110 5116 5115
f 5115 5119 5134
f 5119 4734 5134
f 5140 5134 4734
f 5121 5122 4605
f 5124 5117 5125
f 5083 5079 5111
f 5123 5126 5127
f 5085 4386 5083
f 4386 5108 5079
f 5083 5111 5123
f 5128 5113 5129
f 4607 5121 4605
f 4607 5118 5121
f 5128 5130 5113
f 5130 5112 5113
f 4734 5119 5131
f 5072 5115 5134
f 5119 5116 5131
f 5116 5119 5115
f 4734 5131 5110
f 5072 5140 5110
f 5080 5114 5069
f 5118 4607 5085
f 5082 5130 5128
f 5122 5125 5074
f 5120 5108 5114
f 5125 5113 5074
f 5128 5129 5082
f 5118 5117 5124
f 5126 5111 5112
f 5127 5126 5112
f 5121 5124 5122
f 5124 5125 5122
f 5083 5082 5118
f 5130 5127 5112
f 5085 5083 5118
f 5074 5120 5078
f 5123 5130 5082
f 5083 5123 5082
f 5111 5079 5112
f 5123 5127 5130
f 5121 5118 5124
f 5082 5129 5117
f 5111 5126 5123
f 5129 5113 5125
f 5117 5129 5125
f 5077 5132 5078
f 5074 5113 5079
f 5122 5074 4606
f 5133 5085 4607
f 4605 5122 4606
f 5075 5076 5069
f 5080 5069 5077
f 5114 5075 5069
f 5076 5080 5069
f 5080 5076 5081
f 5075 5081 5076
f 5074 5079 5120
f 5120 5114 5080
f 5108 5075 5114
f 5108 5120 5079
f 5078 5120 5077
f 5120 5080 5077
f 5133 5074 5085
f 5081 5108 3899
f 5078 5081 3899
f 5075 5108 5081
f 5069 5080 5071
f 5080 5073 5071
f 5073 5081 5132
f 5081 5078 5132
f 5080 5081 5073
f 5070 5073 5132
f 5070 5071 5073
f 3899 5135 5078
f 5074 5078 5135
f 5074 5135 5085
f 5134 5140 5063
f 5085 5135 4433
f 4713 5137 4433
f 5086 5141 5147
f 5141 5142 5143
f 5136 5142 5146
f 5084 5146 5138
f 5138 5148 5149
f 5148 5145 5149
f 5142 5086 5001
f 5141 5086 5142
f 5136 5143 5142
f 4433 5000 5136
f 5146 5142 5001
f 5147 5150 5136
f 5141 5150 5147
f 5150 5143 5136
f 5143 5150 5141
f 4433 5136 5146
f 5147 5136 5000
f 5086 5147 5000
f 5149 5144 5139
f 5145 5144 5149
f 5084 4433 5146
f 5146 4993 5148
f 5138 5146 5148
f 5139 5138 5149
f 5148 4993 5145
f 5139 4993 5151
f 5139 5144 4993
f 5138 5139 5151
f 4993 5144 5145
f 5084 5138 5151
f 4994 5063 5151
f 4993 5146 5006
f 5006 5146 5001
f 5086 5000 5001
f 5000 5002 5006
f 5000 5006 5001
f 4993 5006 5151
f 5002 5151 5006
f 5087 5105 4252
f 4908 5096 4623
f 5105 5087 5021
f 5087 5088 4921
f 5088 5092 4674
f 4252 5012 5087
f 5096 4538 4623
f 5087 5092 5088
f 5088 4674 5037
f 5022 4623 4824
f 5088 5037 4634
f 5046 5107 5037
f 4990 5022 4824
f 5037 5107 5106
f 5072 5063 4990
f 5063 5072 5134
f 5110 5131 5116
f 5063 5140 5084
f 5084 5151 5063
f 228 803 232
f 1232 1231 1230
f 1776 1775 1807
f 1732 1717 1716
f 2365 2561 2633
f 3345 3584 3561
f 4522 4523 4524

