timestamp,pos1,pos2,pos3,pos4,pos5,pos6,goal_pos1,goal_pos2,goal_pos3,goal_pos4,goal_pos5,goal_pos6,current1,current2,current3,current4,current5,current6,vel1,vel2,vel3,vel4,vel5,vel6,load1,load2,load3,load4,load5,load6,temp1,temp2,temp3,temp4,temp5,temp6,volts1,volts2,volts3,volts4,volts5,volts6,force_x,force_y,force_z
0.015131950378417969,0.26314194876222197,-0.03452299619329443,0.5055700998084673,0.7549028500933715,-0.18335546867105265,0.4115779849200572,0.26314194876222197,-0.07901930239798503,0.49022654594478093,0.7410936516160538,-0.18488982405742127,0.4079990459207523,0,7,2,1,0,0,0,0,0,0,0,0,0,128,52,48,0,24,34,31,36,35,31,36,124,122,123,122,122,123,-999,-999,-999
0.03113245964050293,0.26314194876222197,-0.03452299619329443,0.5055700998084673,0.7549028500933715,-0.18335546867105265,0.4115779849200572,0.26314194876222197,-0.07901930239798503,0.49022654594478093,0.7410936516160538,-0.18488982405742127,0.4079990459207523,0,8,1,1,0,0,0,0,0,0,0,0,0,128,52,48,0,24,34,32,36,36,31,36,124,122,123,122,122,123,-999,-999,-999
0.04719209671020508,0.26314194876222197,-0.03452299619329443,0.5055700998084673,0.7549028500933715,-0.18335546867105265,0.4115779849200572,0.26314194876222197,-0.07901930239798503,0.49022654594478093,0.7410936516160538,-0.18488982405742127,0.4079990459207523,0,7,2,1,0,0,0,0,0,0,0,0,0,128,52,48,0,24,34,32,36,35,31,36,124,122,123,122,122,123,-999,-999,-999
0.06421470642089844,0.26314194876222197,-0.03452299619329443,0.5055700998084673,0.7549028500933715,-0.18335546867105265,0.4115779849200572,0.26314194876222197,-0.07901930239798503,0.49022654594478093,0.7410936516160538,-0.18488982405742127,0.4079990459207523,0,6,2,1,0,1,0,0,0,0,0,0,0,128,52,48,0,24,34,32,36,35,31,36,124,122,123,122,122,123,-999,-999,-999
0.07914352416992188,0.26314194876222197,-0.03452299619329443,0.5055700998084673,0.7549028500933715,-0.18335546867105265,0.4115779849200572,0.26314194876222197,-0.07901930239798503,0.49022654594478093,0.7410936516160538,-0.18488982405742127,0.4079990459207523,0,7,2,1,0,1,0,0,0,0,0,0,0,128,52,48,0,24,34,32,36,35,31,36,124,122,123,122,122,123,-999,-999,-999
0.0953359603881836,0.26314194876222197,-0.03452299619329443,0.5055700998084673,0.7549028500933715,-0.18335546867105265,0.4115779849200572,0.26314194876222197,-0.07901930239798503,0.49022654594478093,0.7410936516160538,-0.18488982405742127,0.4079990459207523,0,7,2,2,0,1,0,0,0,0,0,0,0,128,52,48,0,24,34,32,36,35,31,36,124,122,123,122,122,123,-999,-999,-999
0.11125993728637695,0.26314194876222197,-0.03452299619329443,0.5055700998084673,0.7549028500933715,-0.18335546867105265,0.4115779849200572,0.26314194876222197,-0.07901930239798503,0.49022654594478093,0.7410936516160538,-0.18488982405742127,0.4079990459207523,0,8,2,1,0,0,0,0,0,0,0,0,0,128,52,48,0,24,34,32,36,35,31,36,124,122,123,122,122,123,-999,-999,-999
0.12731504440307617,0.26314194876222197,-0.03452299619329443,0.5055700998084673,0.7549028500933715,-0.18335546867105265,0.4115779849200572,0.26314194876222197,-0.07901930239798503,0.49022654594478093,0.7410936516160538,-0.18488982405742127,0.4079990459207523,0,7,2,1,0,1,0,0,0,0,0,0,0,128,52,48,0,24,34,32,36,36,31,36,124,122,123,122,122,122,-999,-999,-999
0.14417815208435059,0.26314194876222197,-0.03452299619329443,0.5055700998084673,0.7549028500933715,-0.18335546867105265,0.4115779849200572,0.26314194876222197,-0.07901930239798503,0.49022654594478093,0.7410936516160538,-0.18488982405742127,0.4079990459207523,0,9,1,1,0,1,0,0,0,0,0,0,0,128,52,48,0,24,34,32,36,35,31,36,124,122,123,122,122,123,-999,-999,-999
0.1593470573425293,0.26314194876222197,-0.03452299619329443,0.5055700998084673,0.7549028500933715,-0.18335546867105265,0.4115779849200572,0.26314194876222197,-0.07901930239798503,0.49022654594478093,0.7410936516160538,-0.18488982405742127,0.4079990459207523,0,9,2,1,0,1,0,0,0,0,0,0,0,128,52,48,0,24,34,32,36,35,31,36,124,122,123,122,122,122,-999,-999,-999
0.17574691772460938,0.26314194876222197,-0.03452299619329443,0.5055700998084673,0.7549028500933715,-0.18335546867105265,0.4115779849200572,0.26314194876222197,-0.07901930239798503,0.49022654594478093,0.7410936516160538,-0.18488982405742127,0.4079990459207523,0,7,1,0,0,0,0,0,0,0,0,0,0,128,52,48,0,24,34,32,36,35,31,36,124,122,123,122,122,123,-999,-999,-999
0.19132089614868164,0.26314194876222197,-0.03452299619329443,0.5055700998084673,0.7549028500933715,-0.18335546867105265,0.4115779849200572,0.26314194876222197,-0.07901930239798503,0.49022654594478093,0.7410936516160538,-0.18488982405742127,0.4079990459207523,0,9,1,2,0,0,0,0,0,0,0,0,0,128,52,48,0,24,34,32,36,35,31,37,124,122,123,122,122,123,-999,-999,-999
0.20833945274353027,0.26314194876222197,-0.03452299619329443,0.5055700998084673,0.7549028500933715,-0.18335546867105265,0.4115779849200572,0.26314194876222197,-0.07901930239798503,0.49022654594478093,0.7410936516160538,-0.18488982405742127,0.4079990459207523,0,7,2,1,0,1,0,0,0,0,0,0,0,128,52,48,0,24,34,32,36,36,31,36,124,122,122,122,122,123,-999,-999,-999
0.22318816184997559,0.26314194876222197,-0.03452299619329443,0.5055700998084673,0.7549028500933715,-0.18335546867105265,0.4115779849200572,0.26314194876222197,-0.07901930239798503,0.49022654594478093,0.7410936516160538,-0.18488982405742127,0.4079990459207523,0,7,2,1,0,1,0,0,0,0,0,0,0,128,52,48,0,24,34,32,36,35,31,36,124,122,123,122,122,123,-999,-999,-999
0.23918890953063965,0.26314194876222197,-0.03452299619329443,0.5055700998084673,0.7549028500933715,-0.18335546867105265,0.4115779849200572,0.26314194876222197,-0.07901930239798503,0.49022654594478093,0.7410936516160538,-0.18488982405742127,0.4079990459207523,0,7,1,2,0,0,0,0,0,0,0,0,0,128,52,48,0,24,34,32,36,35,31,36,124,122,123,122,122,122,-999,-999,-999
0.25519490242004395,0.26314194876222197,-0.03452299619329443,0.5055700998084673,0.7549028500933715,-0.18335546867105265,0.4115779849200572,0.26314194876222197,-0.07901930239798503,0.49022654594478093,0.7410936516160538,-0.18488982405742127,0.4079990459207523,0,7,2,1,0,1,0,0,0,0,0,0,0,128,52,48,0,24,34,32,36,35,31,36,124,122,123,122,122,122,-999,-999,-999
0.272202730178833,0.26314194876222197,-0.03452299619329443,0.5055700998084673,0.7549028500933715,-0.18335546867105265,0.4115779849200572,0.26314194876222197,-0.07901930239798503,0.49022654594478093,0.7410936516160538,-0.18488982405742127,0.4079990459207523,0,8,2,2,0,0,0,0,0,0,0,0,0,128,52,48,0,24,34,32,36,35,31,36,124,122,123,122,122,122,-999,-999,-999
0.28736352920532227,0.26314194876222197,-0.03452299619329443,0.5055700998084673,0.7549028500933715,-0.18335546867105265,0.4115779849200572,0.26314194876222197,-0.07901930239798503,0.49022654594478093,0.7410936516160538,-0.18488982405742127,0.4079990459207523,0,7,2,1,0,1,0,0,0,0,0,0,0,128,52,48,0,24,34,32,36,35,31,36,124,122,123,122,122,122,-999,-999,-999
0.30321383476257324,0.26314194876222197,-0.03452299619329443,0.5055700998084673,0.7549028500933715,-0.18335546867105265,0.4115779849200572,0.26314194876222197,-0.07901930239798503,0.49022654594478093,0.7410936516160538,-0.18488982405742127,0.4079990459207523,0,9,2,1,0,1,0,0,0,0,0,0,0,128,52,48,0,24,34,32,36,35,31,36,124,122,123,122,122,123,-999,-999,-999
0.3197319507598877,0.26314194876222197,-0.03452299619329443,0.5055700998084673,0.7549028500933715,-0.18335546867105265,0.4115779849200572,0.26314194876222197,-0.07901930239798503,0.49022654594478093,0.7410936516160538,-0.18488982405742127,0.4079990459207523,0,7,2,1,0,0,0,0,0,0,0,0,0,128,52,48,0,24,34,33,36,35,32,36,124,122,123,122,122,123,-999,-999,-999
0.33475637435913086,0.26314194876222197,-0.03452299619329443,0.5055700998084673,0.7549028500933715,-0.18335546867105265,0.4115779849200572,0.26314194876222197,-0.07901930239798503,0.49022654594478093,0.7410936516160538,-0.18488982405742127,0.4079990459207523,0,7,2,2,0,0,0,0,0,0,0,0,0,128,52,48,0,24,35,32,36,35,31,36,124,122,122,122,122,123,-999,-999,-999
0.35236454010009766,0.26314194876222197,-0.03452299619329443,0.5055700998084673,0.7549028500933715,-0.18335546867105265,0.4115779849200572,0.26314194876222197,-0.07901930239798503,0.49022654594478093,0.7410936516160538,-0.18488982405742127,0.4079990459207523,0,6,2,1,0,0,0,0,0,0,0,0,0,128,52,48,0,24,34,32,36,35,32,36,124,122,123,122,122,122,-999,-999,-999
0.36823463439941406,0.26314194876222197,-0.03452299619329443,0.5055700998084673,0.7549028500933715,-0.18335546867105265,0.4115779849200572,0.26314194876222197,-0.07901930239798503,0.49022654594478093,0.7410936516160538,-0.18488982405742127,0.4079990459207523,0,7,2,0,0,1,0,0,0,0,0,0,0,128,52,48,0,24,34,32,36,35,31,36,124,122,123,122,122,123,-999,-999,-999
0.3852102756500244,0.26314194876222197,-0.03452299619329443,0.5055700998084673,0.7549028500933715,-0.18335546867105265,0.4115779849200572,0.26314194876222197,-0.07901930239798503,0.49022654594478093,0.7410936516160538,-0.18488982405742127,0.4079990459207523,0,9,2,1,0,0,0,0,0,0,0,0,0,128,52,48,0,24,34,32,36,35,31,36,124,122,123,122,122,122,-999,-999,-999
0.4003713130950928,0.26314194876222197,-0.03452299619329443,0.5055700998084673,0.7549028500933715,-0.18335546867105265,0.4115779849200572,0.26314194876222197,-0.07901930239798503,0.49022654594478093,0.7410936516160538,-0.18488982405742127,0.4079990459207523,0,7,2,1,0,1,0,0,0,0,0,0,0,128,52,48,0,24,34,32,36,35,31,36,124,122,123,122,122,123,-999,-999,-999
0.4163506031036377,0.26314194876222197,-0.03452299619329443,0.5055700998084673,0.7549028500933715,-0.18335546867105265,0.4115779849200572,0.26314194876222197,-0.07901930239798503,0.49022654594478093,0.7410936516160538,-0.18488982405742127,0.4079990459207523,0,7,1,1,0,1,0,0,0,0,0,0,0,128,52,48,0,24,34,32,36,35,31,36,124,122,123,122,122,123,-999,-999,-999
0.4323403835296631,0.26314194876222197,-0.03452299619329443,0.5055700998084673,0.7549028500933715,-0.18335546867105265,0.4115779849200572,0.26314194876222197,-0.07901930239798503,0.49022654594478093,0.7410936516160538,-0.18488982405742127,0.4079990459207523,0,8,2,1,0,0,0,0,0,0,0,0,0,128,52,48,0,24,34,32,36,34,31,36,124,122,123,122,122,122,-999,-999,-999
0.4482107162475586,0.26314194876222197,-0.03452299619329443,0.5055700998084673,0.7549028500933715,-0.18335546867105265,0.4115779849200572,0.26314194876222197,-0.07901930239798503,0.49022654594478093,0.7410936516160538,-0.18488982405742127,0.4079990459207523,0,7,1,1,0,0,0,0,0,0,0,0,0,128,52,48,0,24,34,32,36,35,31,36,124,122,123,122,122,123,-999,-999,-999
0.46433591842651367,0.26314194876222197,-0.03452299619329443,0.5055700998084673,0.7549028500933715,-0.18335546867105265,0.4115779849200572,0.26314194876222197,-0.07901930239798503,0.49022654594478093,0.7410936516160538,-0.18488982405742127,0.4079990459207523,0,7,2,1,0,1,0,0,0,0,0,0,0,128,52,48,0,24,34,32,36,35,31,36,124,122,123,122,122,123,-999,-999,-999
0.4807910919189453,0.26314194876222197,-0.03452299619329443,0.5055700998084673,0.7549028500933715,-0.18335546867105265,0.4115779849200572,0.26314194876222197,-0.07901930239798503,0.49022654594478093,0.7410936516160538,-0.18488982405742127,0.4079990459207523,0,7,2,1,0,0,0,0,0,0,0,0,0,128,52,48,0,24,34,32,36,35,31,36,124,122,123,122,122,123,-999,-999,-999
0.4963846206665039,0.26314194876222197,-0.03452299619329443,0.5055700998084673,0.7549028500933715,-0.18335546867105265,0.4115779849200572,0.26314194876222197,-0.07901930239798503,0.49022654594478093,0.7410936516160538,-0.18488982405742127,0.4079990459207523,0,7,1,0,0,1,0,0,0,0,0,0,0,128,52,48,0,24,34,32,36,35,31,36,124,122,123,122,122,122,-999,-999,-999
0.5122556686401367,0.26314194876222197,-0.03452299619329443,0.5055700998084673,0.7549028500933715,-0.18335546867105265,0.4115779849200572,0.26314194876222197,-0.07901930239798503,0.49022654594478093,0.7410936516160538,-0.18488982405742127,0.4079990459207523,0,7,2,1,0,0,0,0,0,0,0,0,0,128,52,48,0,24,34,32,36,35,31,36,124,122,123,122,122,123,-999,-999,-999
0.5282127857208252,0.26314194876222197,-0.03452299619329443,0.5055700998084673,0.7549028500933715,-0.18335546867105265,0.4115779849200572,0.26314194876222197,-0.07901930239798503,0.4917609013311495,0.7410936516160538,-0.18488982405742127,0.4079990459207523,0,8,1,1,0,1,0,0,0,0,0,0,0,128,52,48,0,24,34,32,36,35,31,36,124,122,123,122,122,122,-999,-999,-999
0.5433766841888428,0.26314194876222197,-0.03452299619329443,0.5055700998084673,0.7549028500933715,-0.18335546867105265,0.4115779849200572,0.26314194876222197,-0.07901930239798503,0.4917609013311495,0.7410936516160538,-0.18488982405742127,0.4079990459207523,0,7,2,1,0,0,0,0,0,0,0,0,0,128,48,48,0,24,34,32,36,35,31,36,124,122,123,122,122,122,-999,-999,-999
0.5603854656219482,0.26314194876222197,-0.03452299619329443,0.5055700998084673,0.7549028500933715,-0.18335546867105265,0.4115779849200572,0.26314194876222197,-0.07901930239798503,0.4917609013311495,0.7410936516160538,-0.18488982405742127,0.4079990459207523,0,10,0,1,0,0,0,0,0,0,0,0,0,128,44,48,0,24,34,32,36,35,31,36,124,122,123,122,122,123,-999,-999,-999
0.577247142791748,0.26314194876222197,-0.03452299619329443,0.5055700998084673,0.7549028500933715,-0.18335546867105265,0.4115779849200572,0.26314194876222197,-0.07901930239798503,0.49329525671751817,0.7410936516160538,-0.18488982405742127,0.4079990459207523,0,7,2,1,0,0,0,0,0,0,0,0,0,128,48,48,0,24,34,32,36,35,31,36,124,122,123,122,122,123,-999,-999,-999
0.5927736759185791,0.26314194876222197,-0.03452299619329443,0.5055700998084673,0.7549028500933715,-0.18335546867105265,0.4115779849200572,0.26314194876222197,-0.07901930239798503,0.49329525671751817,0.7410936516160538,-0.18488982405742127,0.4079990459207523,0,7,1,2,0,1,0,0,0,0,0,0,0,128,40,48,0,24,34,32,36,35,31,36,124,122,123,121,122,122,-999,-999,-999
0.6088299751281738,0.26314194876222197,-0.03452299619329443,0.5055700998084673,0.7549028500933715,-0.18335546867105265,0.4115779849200572,0.26314194876222197,-0.07901930239798503,0.49329525671751817,0.7410936516160538,-0.18488982405742127,0.4079990459207523,0,7,2,1,0,1,0,0,0,0,0,0,0,128,44,48,0,24,34,32,36,35,31,36,123,122,123,122,122,123,-999,-999,-999
0.6243817806243896,0.26314194876222197,-0.03452299619329443,0.5055700998084673,0.7549028500933715,-0.18335546867105265,0.4115779849200572,0.26314194876222197,-0.07901930239798503,0.49329525671751817,0.7410936516160538,-0.18488982405742127,0.4079990459207523,1,9,1,1,0,0,0,0,0,0,0,0,0,128,44,48,0,24,34,32,36,35,31,45,124,122,123,122,122,122,-999,-999,-999
0.6402249336242676,0.26314194876222197,-0.03452299619329443,0.5055700998084673,0.7549028500933715,-0.18335546867105265,0.4115779849200572,0.26314194876222197,-0.07901930239798503,0.49329525671751817,0.7410936516160538,-0.18488982405742127,0.4079990459207523,0,7,1,2,0,0,0,0,0,0,0,0,0,128,44,48,0,24,34,32,36,35,31,36,123,122,123,122,122,122,-999,-999,-999
0.6573855876922607,0.26314194876222197,-0.03452299619329443,0.5055700998084673,0.7549028500933715,-0.18335546867105265,0.4115779849200572,0.26314194876222197,-0.07901930239798503,0.4948296121038868,0.7410936516160538,-0.18488982405742127,0.4079990459207523,0,7,2,2,0,0,0,0,0,0,0,0,0,128,44,48,0,24,34,32,36,36,31,36,124,122,123,122,122,123,-999,-999,-999
0.6732618808746338,0.26314194876222197,-0.03452299619329443,0.5055700998084673,0.7549028500933715,-0.18335546867105265,0.4115779849200572,0.26314194876222197,-0.07901930239798503,0.4948296121038868,0.7410936516160538,-0.18488982405742127,0.4079990459207523,0,8,1,2,0,1,0,0,0,0,0,0,0,128,36,48,0,24,34,32,36,35,33,36,124,122,123,122,122,122,-999,-999,-999
0.6892499923706055,0.26314194876222197,-0.03452299619329443,0.5055700998084673,0.7549028500933715,-0.18335546867105265,0.4115779849200572,0.26314194876222197,-0.07901930239798503,0.4948296121038868,0.7410936516160538,-0.18488982405742127,0.4079990459207523,0,7,1,2,0,1,0,0,0,0,0,0,0,128,40,48,0,24,34,32,36,35,31,36,124,122,123,122,122,122,-999,-999,-999
0.7062349319458008,0.26314194876222197,-0.03452299619329443,0.5055700998084673,0.7549028500933715,-0.18335546867105265,0.4115779849200572,0.26314194876222197,-0.07901930239798503,0.4948296121038868,0.7410936516160538,-0.18488982405742127,0.4079990459207523,0,8,1,1,0,0,0,0,0,0,0,0,0,128,40,48,0,24,34,32,36,35,31,36,124,122,123,122,122,122,-999,-999,-999
0.7222375869750977,0.26314194876222197,-0.03452299619329443,0.5055700998084673,0.7549028500933715,-0.18335546867105265,0.4115779849200572,0.26314194876222197,-0.07901930239798503,0.4948296121038868,0.7410936516160538,-0.18488982405742127,0.4079990459207523,0,7,1,1,0,0,0,0,0,0,0,0,0,128,40,48,0,24,34,32,36,35,31,36,124,122,122,122,122,123,-999,-999,-999
0.7378201484680176,0.26314194876222197,-0.03452299619329443,0.5055700998084673,0.7549028500933715,-0.18335546867105265,0.4115779849200572,0.26314194876222197,-0.07901930239798503,0.49329525671751817,0.7410936516160538,-0.18488982405742127,0.4079990459207523,0,7,1,1,0,1,0,0,0,0,0,0,0,128,44,48,0,24,34,32,36,36,31,36,124,122,123,122,122,122,-999,-999,-999
0.753286600112915,0.26314194876222197,-0.03452299619329443,0.5055700998084673,0.7549028500933715,-0.18335546867105265,0.4115779849200572,0.26314194876222197,-0.07901930239798503,0.49329525671751817,0.7410936516160538,-0.18488982405742127,0.4079990459207523,0,7,1,1,0,0,0,0,0,0,0,0,0,128,48,48,0,24,34,32,36,35,31,36,124,122,123,122,122,122,-999,-999,-999
0.7682392597198486,0.26314194876222197,-0.03452299619329443,0.5055700998084673,0.7549028500933715,-0.18335546867105265,0.4115779849200572,0.26314194876222197,-0.07901930239798503,0.4917609013311495,0.7410936516160538,-0.18488982405742127,0.4079990459207523,0,7,1,1,0,1,0,0,0,0,0,0,0,128,48,48,0,24,34,32,36,35,31,36,124,122,123,122,122,123,-999,-999,-999
0.7852931022644043,0.26314194876222197,-0.03452299619329443,0.5055700998084673,0.7549028500933715,-0.18335546867105265,0.4115779849200572,0.26314194876222197,-0.07901930239798503,0.4917609013311495,0.7410936516160538,-0.18488982405742127,0.4079990459207523,0,8,2,1,0,0,0,0,0,0,0,0,0,128,48,48,0,24,34,32,36,35,31,36,124,122,123,122,122,123,-999,-999,-999
0.8013854026794434,0.26314194876222197,-0.03452299619329443,0.5055700998084673,0.7549028500933715,-0.18335546867105265,0.4115779849200572,0.26314194876222197,-0.07901930239798503,0.4917609013311495,0.7410936516160538,-0.18488982405742127,0.4079990459207523,0,7,2,1,0,1,0,0,0,0,0,0,0,128,52,48,0,24,34,32,36,35,32,36,124,122,123,122,122,123,-999,-999,-999
0.8182785511016846,0.26314194876222197,-0.03452299619329443,0.5055700998084673,0.7549028500933715,-0.18335546867105265,0.4115779849200572,0.26314194876222197,-0.07901930239798503,0.49022654594478093,0.7410936516160538,-0.18488982405742127,0.4079990459207523,0,7,2,1,0,0,0,0,0,0,0,0,0,128,52,48,0,24,34,32,36,35,31,36,124,122,123,122,122,123,-999,-999,-999
0.8334267139434814,0.26314194876222197,-0.03452299619329443,0.5055700998084673,0.7549028500933715,-0.18335546867105265,0.4115779849200572,0.26314194876222197,-0.07901930239798503,0.49022654594478093,0.7410936516160538,-0.18488982405742127,0.4079990459207523,0,8,2,1,0,1,0,0,0,0,0,0,0,128,56,48,0,24,34,32,36,35,31,36,124,122,123,122,122,122,-999,-999,-999
0.8498742580413818,0.26314194876222197,-0.03452299619329443,0.5055700998084673,0.7549028500933715,-0.18335546867105265,0.4115779849200572,0.26314194876222197,-0.07901930239798503,0.49022654594478093,0.7410936516160538,-0.18488982405742127,0.4079990459207523,0,7,2,0,0,0,0,0,0,0,0,0,0,128,52,48,0,24,34,32,36,35,31,36,124,122,122,122,122,122,-999,-999,-999
0.8663077354431152,0.26314194876222197,-0.03452299619329443,0.5055700998084673,0.7549028500933715,-0.18335546867105265,0.4115779849200572,0.26314194876222197,-0.07901930239798503,0.49022654594478093,0.7410936516160538,-0.18488982405742127,0.4079990459207523,0,7,2,1,0,1,0,0,0,0,0,0,0,128,52,48,0,24,34,31,36,35,31,36,124,122,123,122,122,123,-999,-999,-999
0.8822948932647705,0.26314194876222197,-0.03452299619329443,0.5055700998084673,0.7549028500933715,-0.18335546867105265,0.4115779849200572,0.26314194876222197,-0.07901930239798503,0.49022654594478093,0.7410936516160538,-0.1879585348301586,0.4079990459207523,0,7,2,1,0,1,0,0,0,0,0,0,0,128,52,48,24,24,34,32,35,35,33,36,124,122,123,122,122,123,-999,-999,-999
0.8982627391815186,0.26314194876222197,-0.03452299619329443,0.5055700998084673,0.7549028500933715,-0.18335546867105265,0.4115779849200572,0.26314194876222197,-0.07901930239798503,0.49022654594478093,0.7410936516160538,-0.1894928902165272,0.4079990459207523,0,7,1,1,0,0,0,0,0,0,0,0,0,128,52,48,32,24,34,32,36,35,31,36,124,122,123,122,122,122,-999,-999,-999
0.9142975807189941,0.26314194876222197,-0.03452299619329443,0.5055700998084673,0.7549028500933715,-0.18335546867105265,0.4115779849200572,0.26314194876222197,-0.07901930239798503,0.49022654594478093,0.7410936516160538,-0.1894928902165272,0.4079990459207523,0,7,2,1,1,1,0,0,0,0,0,0,0,128,52,48,36,24,34,32,36,35,31,36,124,122,123,122,122,123,-999,-999,-999
0.9292886257171631,0.26314194876222197,-0.03452299619329443,0.5055700998084673,0.7549028500933715,-0.18335546867105265,0.4115779849200572,0.26314194876222197,-0.07901930239798503,0.49022654594478093,0.7410936516160538,-0.1894928902165272,0.4079990459207523,0,7,2,1,1,0,0,0,0,0,0,0,0,128,52,48,28,24,34,32,36,35,31,36,124,122,123,122,122,123,-999,-999,-999
0.9463183879852295,0.26314194876222197,-0.03452299619329443,0.5055700998084673,0.7549028500933715,-0.18335546867105265,0.4115779849200572,0.26314194876222197,-0.07901930239798503,0.49022654594478093,0.7410936516160538,-0.1894928902165272,0.4079990459207523,0,7,1,1,0,1,0,0,0,0,0,0,0,128,52,48,28,24,34,32,36,35,31,36,124,122,122,122,122,122,-999,-999,-999
0.9624080657958984,0.26314194876222197,-0.03452299619329443,0.5055700998084673,0.7549028500933715,-0.18335546867105265,0.4115779849200572,0.26314194876222197,-0.07901930239798503,0.49022654594478093,0.7410936516160538,-0.1894928902165272,0.4079990459207523,0,9,2,2,0,1,0,0,0,0,0,0,0,128,52,48,28,24,34,32,36,35,31,36,124,122,123,122,122,122,-999,-999,-999
0.9788508415222168,0.26314194876222197,-0.03452299619329443,0.5055700998084673,0.7549028500933715,-0.18335546867105265,0.4115779849200572,0.26314194876222197,-0.07901930239798503,0.4917609013311495,0.7410936516160538,-0.1879585348301586,0.4079990459207523,0,8,2,1,0,0,0,0,0,0,0,0,0,128,52,48,28,24,34,32,36,36,31,36,123,122,123,122,122,123,-999,-999,-999
0.9943056106567383,0.26314194876222197,-0.03452299619329443,0.5055700998084673,0.7549028500933715,-0.18335546867105265,0.4115779849200572,0.26314194876222197,-0.07901930239798503,0.4917609013311495,0.7410936516160538,-0.1879585348301586,0.4079990459207523,0,6,1,1,0,0,0,0,0,0,0,0,0,128,44,48,24,24,34,32,36,35,31,36,124,122,123,122,122,123,-999,-999,-999
1.0104389190673828,0.26314194876222197,-0.03452299619329443,0.5055700998084673,0.7549028500933715,-0.18335546867105265,0.4115779849200572,0.26314194876222197,-0.07901930239798503,0.49329525671751817,0.7410936516160538,-0.18642417944378992,0.4079990459207523,0,7,1,1,0,1,0,0,0,0,0,0,0,128,48,48,20,24,34,32,36,35,31,36,124,122,123,122,122,123,-999,-999,-999
1.025904893875122,0.26314194876222197,-0.03452299619329443,0.5055700998084673,0.7549028500933715,-0.18335546867105265,0.4115779849200572,0.2646763041485906,-0.07901930239798503,0.4948296121038868,0.7410936516160538,-0.18642417944378992,0.4079990459207523,0,7,1,1,0,1,0,0,0,0,0,0,0,128,40,48,0,24,34,32,37,35,31,36,124,122,123,122,122,122,-999,-999,-999
1.0423755645751953,0.26314194876222197,-0.03452299619329443,0.5055700998084673,0.7549028500933715,-0.18335546867105265,0.4115779849200572,0.2646763041485906,-0.07901930239798503,0.4948296121038868,0.7410936516160538,-0.18642417944378992,0.4079990459207523,0,7,0,1,0,1,0,0,0,0,0,0,0,128,36,48,20,24,34,32,36,35,31,36,124,122,123,122,122,122,-999,-999,-999
1.0584454536437988,0.26314194876222197,-0.03452299619329443,0.5055700998084673,0.7549028500933715,-0.18335546867105265,0.4115779849200572,0.2646763041485906,-0.07901930239798503,0.49636396749025546,0.7410936516160538,-0.1879585348301586,0.4079990459207523,0,7,1,1,1,1,0,0,0,0,0,0,0,128,36,48,24,24,34,32,35,35,31,36,124,122,123,122,122,123,-999,-999,-999
1.0753211975097656,0.26314194876222197,-0.03452299619329443,0.5055700998084673,0.7549028500933715,-0.18335546867105265,0.4115779849200572,0.2646763041485906,-0.07901930239798503,0.49636396749025546,0.7410936516160538,-0.1879585348301586,0.4079990459207523,0,7,1,1,0,0,0,0,0,0,0,0,0,128,32,48,28,24,34,32,36,35,32,36,124,122,123,122,122,123,-999,-999,-999
1.090315341949463,0.26314194876222197,-0.03452299619329443,0.5055700998084673,0.7549028500933715,-0.18335546867105265,0.4115779849200572,0.2646763041485906,-0.07901930239798503,0.49636396749025546,0.7410936516160538,-0.1879585348301586,0.4079990459207523,0,7,1,1,1,0,0,0,0,0,0,0,0,128,36,48,24,24,34,32,36,35,31,36,124,122,123,122,122,123,-999,-999,-999
1.1073057651519775,0.26314194876222197,-0.03452299619329443,0.5055700998084673,0.7549028500933715,-0.18335546867105265,0.4115779849200572,0.2646763041485906,-0.07901930239798503,0.49636396749025546,0.7410936516160538,-0.1879585348301586,0.4079990459207523,0,7,1,1,1,0,0,0,0,0,0,0,0,128,36,48,24,24,34,32,36,35,31,36,124,122,123,122,122,122,-999,-999,-999
1.1224737167358398,0.26314194876222197,-0.03452299619329443,0.5055700998084673,0.7549028500933715,-0.18335546867105265,0.4115779849200572,0.2646763041485906,-0.07901930239798503,0.49636396749025546,0.7410936516160538,-0.1879585348301586,0.4079990459207523,0,9,0,2,0,1,0,0,0,0,0,0,0,128,36,48,24,24,34,32,36,35,31,36,124,122,122,122,122,122,-999,-999,-999
1.1388895511627197,0.26314194876222197,-0.03452299619329443,0.5055700998084673,0.7549028500933715,-0.18335546867105265,0.4115779849200572,0.2646763041485906,-0.07748494701161639,0.49636396749025546,0.7410936516160538,-0.1894928902165272,0.4079990459207523,0,7,1,2,0,1,0,0,0,0,0,0,0,128,36,48,28,24,34,32,36,36,31,36,124,122,123,122,122,123,-999,-999,-999
1.1553702354431152,0.26314194876222197,-0.03452299619329443,0.5055700998084673,0.7549028500933715,-0.18335546867105265,0.4115779849200572,0.2646763041485906,-0.07748494701161639,0.49636396749025546,0.7410936516160538,-0.1894928902165272,0.4079990459207523,0,6,1,1,1,1,0,0,0,0,0,0,0,124,36,48,32,24,34,32,36,35,32,36,124,122,123,122,122,123,-999,-999,-999
1.1713740825653076,0.26314194876222197,-0.03452299619329443,0.5055700998084673,0.7549028500933715,-0.18335546867105265,0.4115779849200572,0.2646763041485906,-0.07748494701161639,0.49636396749025546,0.7410936516160538,-0.1894928902165272,0.4079990459207523,0,7,1,1,0,0,0,0,0,0,0,0,0,120,36,48,28,24,34,32,36,35,31,36,124,122,123,122,122,123,-999,-999,-999
1.1873376369476318,0.26314194876222197,-0.03452299619329443,0.5055700998084673,0.7549028500933715,-0.18335546867105265,0.4115779849200572,0.2646763041485906,-0.07595059162524774,0.49636396749025546,0.7410936516160538,-0.1894928902165272,0.4079990459207523,0,7,1,1,0,1,0,0,0,0,0,0,0,124,36,48,28,24,34,32,36,35,31,36,124,122,123,122,122,123,-999,-999,-999
1.2032997608184814,0.26314194876222197,-0.03452299619329443,0.5055700998084673,0.7549028500933715,-0.18335546867105265,0.4115779849200572,0.2646763041485906,-0.07595059162524774,0.49636396749025546,0.7410936516160538,-0.19102724560289586,0.4079990459207523,0,6,1,1,1,1,0,0,0,0,0,0,0,120,36,48,32,24,34,32,36,35,31,36,124,122,123,122,122,123,-999,-999,-999
1.2193288803100586,0.26314194876222197,-0.03452299619329443,0.5055700998084673,0.7549028500933715,-0.18335546867105265,0.4115779849200572,0.2646763041485906,-0.07595059162524774,0.49636396749025546,0.7410936516160538,-0.19102724560289586,0.40680606625431737,0,6,1,1,1,0,0,0,0,0,0,0,0,116,36,48,36,28,34,32,36,35,31,36,124,122,123,122,122,123,-999,-999,-999
1.235877275466919,0.26314194876222197,-0.03452299619329443,0.5055700998084673,0.7549028500933715,-0.18335546867105265,0.4115779849200572,0.2646763041485906,-0.07595059162524774,0.49636396749025546,0.7410936516160538,-0.19102724560289586,0.40680606625431737,0,6,1,1,1,1,0,0,0,0,0,0,0,120,36,48,36,32,34,32,36,35,31,36,124,122,123,122,122,122,-999,-999,-999
1.2519068717956543,0.26314194876222197,-0.03452299619329443,0.5055700998084673,0.7549028500933715,-0.18335546867105265,0.4115779849200572,0.2646763041485906,-0.07595059162524774,0.49636396749025546,0.7410936516160538,-0.19102724560289586,0.4056130865878825,0,6,1,1,0,0,0,0,0,0,0,0,0,120,36,48,32,32,34,32,36,35,31,36,124,122,123,122,122,123,-999,-999,-999
1.267451286315918,0.26314194876222197,-0.03452299619329443,0.5055700998084673,0.7549028500933715,-0.18335546867105265,0.4115779849200572,0.2646763041485906,-0.07595059162524774,0.49636396749025546,0.7410936516160538,-0.19102724560289586,0.4056130865878825,0,7,1,1,0,0,0,0,0,0,0,0,0,120,36,48,32,36,34,32,36,35,31,36,123,122,123,122,122,123,-999,-999,-999
1.2834527492523193,0.26314194876222197,-0.03452299619329443,0.5055700998084673,0.7549028500933715,-0.18335546867105265,0.4115779849200572,0.2646763041485906,-0.07595059162524774,0.49636396749025546,0.7410936516160538,-0.19102724560289586,0.4056130865878825,0,6,1,1,1,1,0,0,0,0,0,0,0,120,36,48,32,32,34,32,36,35,31,36,124,122,123,122,122,123,-999,-999,-999
1.29945969581604,0.26314194876222197,-0.03452299619329443,0.5055700998084673,0.7549028500933715,-0.18335546867105265,0.4115779849200572,0.2646763041485906,-0.07595059162524774,0.49636396749025546,0.7410936516160538,-0.19102724560289586,0.4056130865878825,0,7,1,1,1,0,0,0,0,0,0,0,0,120,36,48,32,32,34,32,36,35,31,36,124,122,123,122,122,123,-999,-999,-999
1.3153328895568848,0.26314194876222197,-0.03452299619329443,0.5055700998084673,0.7549028500933715,-0.18335546867105265,0.4115779849200572,0.2646763041485906,-0.07595059162524774,0.49636396749025546,0.7410936516160538,-0.19102724560289586,0.4056130865878825,0,6,1,1,1,1,0,0,0,0,0,0,0,120,36,48,32,32,34,32,36,35,31,36,124,122,123,122,122,123,-999,-999,-999
1.3314855098724365,0.26314194876222197,-0.03452299619329443,0.5055700998084673,0.7549028500933715,-0.18335546867105265,0.4115779849200572,0.2646763041485906,-0.07595059162524774,0.49636396749025546,0.7410936516160538,-0.19102724560289586,0.4056130865878825,0,6,1,1,1,1,0,0,0,0,0,0,0,120,36,48,32,32,34,32,36,35,32,36,124,122,123,122,122,122,-999,-999,-999
1.346895456314087,0.26314194876222197,-0.03452299619329443,0.5055700998084673,0.7549028500933715,-0.18335546867105265,0.4115779849200572,0.2646763041485906,-0.07595059162524774,0.49636396749025546,0.7410936516160538,-0.1894928902165272,0.4056130865878825,0,6,1,2,1,1,0,0,0,0,0,0,0,120,36,48,32,32,34,32,36,35,31,36,124,122,123,122,122,122,-999,-999,-999
1.3633818626403809,0.26314194876222197,-0.03452299619329443,0.5055700998084673,0.7549028500933715,-0.18335546867105265,0.4115779849200572,0.2646763041485906,-0.07595059162524774,0.49636396749025546,0.7410936516160538,-0.1894928902165272,0.4056130865878825,0,6,1,1,0,1,0,0,0,0,0,0,0,120,36,48,24,32,34,32,36,35,31,36,124,122,123,122,122,123,-999,-999,-999
1.3794758319854736,0.26314194876222197,-0.03452299619329443,0.5055700998084673,0.7549028500933715,-0.18335546867105265,0.4115779849200572,0.2646763041485906,-0.07595059162524774,0.49636396749025546,0.7410936516160538,-0.1879585348301586,0.4056130865878825,0,6,1,1,1,0,0,0,0,0,0,0,0,120,36,48,28,32,34,32,36,35,31,36,124,122,123,122,122,122,-999,-999,-999
1.39534592628479,0.26314194876222197,-0.03452299619329443,0.5055700998084673,0.7549028500933715,-0.18335546867105265,0.4115779849200572,0.2646763041485906,-0.07595059162524774,0.49636396749025546,0.7410936516160538,-0.1879585348301586,0.4056130865878825,0,7,1,1,0,1,0,0,0,0,0,0,0,120,36,48,24,32,34,32,36,35,32,36,124,122,123,122,122,122,-999,-999,-999
1.4113545417785645,0.26314194876222197,-0.03452299619329443,0.5055700998084673,0.7549028500933715,-0.18335546867105265,0.4115779849200572,0.2646763041485906,-0.07595059162524774,0.49636396749025546,0.7410936516160538,-0.1879585348301586,0.4032271272550126,0,6,0,1,0,1,0,0,0,0,0,0,0,120,36,48,20,36,34,32,36,35,31,36,124,122,123,122,122,122,-999,-999,-999
1.4273347854614258,0.26314194876222197,-0.03452299619329443,0.5055700998084673,0.7549028500933715,-0.18335546867105265,0.4115779849200572,0.2646763041485906,-0.07595059162524774,0.49636396749025546,0.7410936516160538,-0.1879585348301586,0.4032271272550126,0,8,1,2,0,2,0,0,0,0,0,0,0,120,36,48,24,48,34,32,36,35,32,36,124,122,123,122,122,122,-999,-999,-999
1.4443371295928955,0.26314194876222197,-0.03452299619329443,0.5055700998084673,0.7549028500933715,-0.18335546867105265,0.4115779849200572,0.2646763041485906,-0.07595059162524774,0.49636396749025546,0.7410936516160538,-0.1879585348301586,0.4032271272550126,0,6,1,1,0,1,0,0,0,0,0,0,0,120,36,48,24,40,34,32,36,35,31,36,124,122,123,122,122,122,-999,-999,-999
1.4603562355041504,0.26314194876222197,-0.03452299619329443,0.5055700998084673,0.7549028500933715,-0.18335546867105265,0.4103850052536223,0.2646763041485906,-0.07595059162524774,0.49636396749025546,0.7410936516160538,-0.1879585348301586,0.4032271272550126,0,8,1,1,1,1,0,0,0,0,0,0,0,120,36,48,24,36,34,32,36,35,31,36,124,122,123,122,122,123,-999,-999,-999
1.4763514995574951,0.26314194876222197,-0.03452299619329443,0.5055700998084673,0.7549028500933715,-0.18335546867105265,0.40919202558718726,0.2646763041485906,-0.07595059162524774,0.49636396749025546,0.7410936516160538,-0.1879585348301586,0.4032271272550126,0,7,1,1,0,1,0,0,0,0,0,0,0,120,36,48,24,36,34,32,36,35,31,36,124,122,123,122,122,122,-999,-999,-999
1.4923622608184814,0.26314194876222197,-0.03452299619329443,0.5055700998084673,0.7549028500933715,-0.18335546867105265,0.40919202558718726,0.2646763041485906,-0.07595059162524774,0.49636396749025546,0.7410936516160538,-0.1894928902165272,0.4032271272550126,0,6,0,2,0,1,0,0,0,0,0,-50,0,120,36,48,28,28,34,32,36,35,31,36,124,122,123,122,122,123,-999,-999,-999
1.5083763599395752,0.26314194876222197,-0.03452299619329443,0.5055700998084673,0.7549028500933715,-0.18335546867105265,0.40919202558718726,0.2646763041485906,-0.07595059162524774,0.49636396749025546,0.7410936516160538,-0.1894928902165272,0.4032271272550126,0,7,1,1,0,0,0,0,0,0,0,-50,0,120,36,48,32,28,34,32,36,36,31,36,124,122,122,122,122,123,-999,-999,-999
1.5243761539459229,0.26314194876222197,-0.03452299619329443,0.5055700998084673,0.7549028500933715,-0.18335546867105265,0.4079990459207523,0.2646763041485906,-0.07595059162524774,0.49636396749025546,0.7410936516160538,-0.1894928902165272,0.4032271272550126,0,6,1,1,0,0,0,0,0,0,0,0,0,120,36,48,28,32,34,32,36,35,31,36,124,122,123,122,122,122,-999,-999,-999
1.5403704643249512,0.26314194876222197,-0.03452299619329443,0.5055700998084673,0.7549028500933715,-0.18335546867105265,0.4079990459207523,0.2646763041485906,-0.07595059162524774,0.49636396749025546,0.7410936516160538,-0.1894928902165272,0.4032271272550126,0,8,1,1,0,1,0,0,0,0,0,-50,0,120,36,48,28,24,34,32,36,35,31,36,124,122,123,122,122,122,-999,-999,-999
1.5563883781433105,0.26314194876222197,-0.03452299619329443,0.5055700998084673,0.7549028500933715,-0.18335546867105265,0.4079990459207523,0.2646763041485906,-0.07595059162524774,0.49636396749025546,0.7410936516160538,-0.1894928902165272,0.4020341475885777,0,7,1,1,0,1,0,0,0,0,0,0,0,120,36,48,28,36,34,32,36,35,31,36,124,122,123,122,122,122,-999,-999,-999
1.5723788738250732,0.26314194876222197,-0.03452299619329443,0.5055700998084673,0.7549028500933715,-0.18335546867105265,0.4079990459207523,0.2646763041485906,-0.07595059162524774,0.49636396749025546,0.7410936516160538,-0.1894928902165272,0.39726222892283786,0,6,1,1,0,1,0,0,0,0,0,0,0,120,36,48,28,40,34,32,36,35,31,36,124,122,123,122,122,123,-999,-999,-999
1.5883674621582031,0.26314194876222197,-0.03452299619329443,0.5055700998084673,0.7549028500933715,-0.18335546867105265,0.4079990459207523,0.2646763041485906,-0.07595059162524774,0.49636396749025546,0.7410936516160538,-0.1894928902165272,0.38891137125779324,0,6,0,1,0,2,0,0,0,0,0,0,0,120,36,48,28,52,34,32,36,35,31,36,124,122,123,122,122,123,-999,-999,-999
1.6045300960540771,0.26314194876222197,-0.03452299619329443,0.5055700998084673,0.7549028500933715,-0.18335546867105265,0.40680606625431737,0.2646763041485906,-0.07595059162524774,0.49636396749025546,0.7410936516160538,-0.1894928902165272,0.37698157459344367,0,7,1,2,1,3,0,0,0,0,0,0,0,120,36,48,28,100,34,32,36,35,31,36,124,122,123,122,122,122,-999,-999,-999
1.6203811168670654,0.26314194876222197,-0.03452299619329443,0.5055700998084673,0.7549028500933715,-0.18335546867105265,0.4020341475885777,0.2646763041485906,-0.07595059162524774,0.49636396749025546,0.7410936516160538,-0.1894928902165272,0.36385879826265927,0,6,0,1,0,3,0,0,0,0,0,-50,0,120,36,48,28,128,34,32,36,35,31,36,124,122,123,122,122,122,-999,-999,-999
1.6365041732788086,0.26314194876222197,-0.03452299619329443,0.5055700998084673,0.7549028500933715,-0.18335546867105265,0.39487626958996797,0.2646763041485906,-0.07595059162524774,0.49329525671751817,0.7410936516160538,-0.1894928902165272,0.34954304226543986,0,6,1,1,0,3,0,0,0,0,0,-300,0,120,40,48,28,136,34,32,36,35,31,36,124,122,123,122,122,123,-999,-999,-999
1.6523914337158203,0.26314194876222197,-0.03452299619329443,0.5055700998084673,0.7549028500933715,-0.18335546867105265,0.3841394525920534,0.2646763041485906,-0.07595059162524774,0.4917609013311495,0.7410936516160538,-0.1894928902165272,0.33403430660178557,0,5,2,1,1,3,0,0,0,0,0,-300,0,120,52,48,28,148,34,32,36,35,32,36,124,122,123,122,122,122,-999,-999,-999
1.6684730052947998,0.26314194876222197,-0.03452299619329443,0.5055700998084673,0.7549028500933715,-0.18335546867105265,0.3757885949270088,0.2646763041485906,-0.07595059162524774,0.49022654594478093,0.7410936516160538,-0.1894928902165272,0.31733259127169633,0,7,2,1,0,4,0,0,0,0,0,-450,0,120,60,48,28,164,34,32,35,35,31,36,124,122,123,122,122,122,-999,-999,-999
1.68540620803833,0.26314194876222197,-0.03452299619329443,0.5055700998084673,0.7549028500933715,-0.18335546867105265,0.36624475759552916,0.2646763041485906,-0.07595059162524774,0.49022654594478093,0.7410936516160538,-0.1894928902165272,0.3018238556080419,0,6,2,1,0,4,0,0,0,0,0,-450,0,120,56,48,28,196,34,32,36,35,31,36,124,122,122,122,122,122,-999,-999,-999
1.7005224227905273,0.26314194876222197,-0.03452299619329443,0.5055700998084673,0.7549028500933715,-0.18335546867105265,0.35550794059761465,0.2646763041485906,-0.07595059162524774,0.49022654594478093,0.7410936516160538,-0.1894928902165272,0.2887010792772575,0,7,2,2,1,4,0,0,0,0,0,-500,0,120,52,48,28,208,34,32,36,35,31,36,123,122,123,122,122,122,-999,-999,-999
1.7169487476348877,0.26314194876222197,-0.03452299619329443,0.5055700998084673,0.7549028500933715,-0.18335546867105265,0.345964103266135,0.2646763041485906,-0.07748494701161639,0.4886921905584123,0.7410936516160538,-0.1894928902165272,0.27557830294647306,0,7,2,1,0,4,0,0,0,0,0,-500,0,124,56,48,28,228,34,32,36,35,31,36,124,122,123,122,122,122,-999,-999,-999
1.7329750061035156,0.26314194876222197,-0.03452299619329443,0.5055700998084673,0.753368494707003,-0.18335546867105265,0.33403430660178557,0.2646763041485906,-0.07748494701161639,0.4886921905584123,0.7410936516160538,-0.1894928902165272,0.26245552661568866,0,9,2,1,0,4,0,0,0,0,0,-550,0,128,60,44,28,224,34,32,36,35,31,36,123,122,123,122,122,122,-999,-999,-999
1.7495291233062744,0.26314194876222197,-0.03452299619329443,0.5055700998084673,0.7502997839342656,-0.18335546867105265,0.323297489603871,0.2646763041485906,-0.07748494701161639,0.4886921905584123,0.7410936516160538,-0.1894928902165272,0.2469467909520343,0,7,1,0,0,4,0,0,0,-50,0,-550,0,124,56,28,28,228,34,32,36,35,31,36,124,122,123,122,122,122,-999,-999,-999
1.7654163837432861,0.26314194876222197,-0.036057351579663076,0.5055700998084673,0.7502997839342656,-0.18335546867105265,0.31375365227239144,0.2646763041485906,-0.07748494701161639,0.4886921905584123,0.7410936516160538,-0.1894928902165272,0.23620997395411977,0,6,2,1,1,8,0,0,0,-100,0,-600,0,124,56,28,28,240,34,32,36,35,31,36,124,122,123,122,122,122,-999,-999,-999
1.781567096710205,0.26314194876222197,-0.036057351579663076,0.5055700998084673,0.7502997839342656,-0.18335546867105265,0.3065957742737817,0.2646763041485906,-0.07748494701161639,0.4886921905584123,0.7410936516160538,-0.1894928902165272,0.22428017728977032,0,6,2,0,0,18,0,-50,0,0,0,-450,0,116,56,32,28,268,34,32,36,35,31,36,124,122,122,122,122,122,-999,-999,-999
1.7974281311035156,0.2616075933758534,-0.036057351579663076,0.5055700998084673,0.7502997839342656,-0.18335546867105265,0.300630875941607,0.2646763041485906,-0.07901930239798503,0.4886921905584123,0.7395592962296851,-0.1894928902165272,0.21592931962472567,0,8,2,1,0,23,0,0,0,0,0,-400,-20,120,56,40,28,288,34,32,36,36,31,36,124,122,122,122,121,122,-999,-999,-999
1.8135757446289062,0.2616075933758534,-0.036057351579663076,0.5055700998084673,0.7502997839342656,-0.18335546867105265,0.29466597760943225,0.2662106595349593,-0.07901930239798503,0.4886921905584123,0.7364905854569478,-0.1894928902165272,0.20519250262681116,0,9,1,1,0,27,-50,0,0,0,0,-350,-24,128,56,48,28,300,34,32,36,35,31,36,123,121,122,121,121,121,-999,-999,-999
1.8299849033355713,0.2616075933758534,-0.036057351579663076,0.5055700998084673,0.7502997839342656,-0.18335546867105265,0.28989405894369247,0.2662106595349593,-0.07901930239798503,0.4886921905584123,0.7303531639114733,-0.1894928902165272,0.19684164496176648,0,7,2,2,0,34,0,0,0,0,0,-350,-28,124,56,60,28,328,34,32,36,35,31,36,123,122,122,121,121,121,-999,-999,-999
1.8464219570159912,0.26007323798948473,-0.036057351579663076,0.5055700998084673,0.7502997839342656,-0.18335546867105265,0.28631511994438763,0.2662106595349593,-0.07901930239798503,0.4917609013311495,0.7226813869796301,-0.1894928902165272,0.18729780763028692,0,7,2,2,0,39,0,0,0,0,0,-250,-24,124,56,88,28,340,34,32,36,36,32,36,123,121,122,121,121,121,-999,-999,-999
1.8615612983703613,0.26007323798948473,-0.036057351579663076,0.5055700998084673,0.7472310731615283,-0.18335546867105265,0.2827361809450828,0.2662106595349593,-0.07901930239798503,0.4948296121038868,0.7134752546614181,-0.1894928902165272,0.17775397029880732,0,8,2,2,0,45,0,0,0,0,0,-250,-28,124,40,108,28,352,34,32,36,35,31,36,123,121,122,121,121,121,-999,-999,-999
1.877563238143921,0.26007323798948473,-0.036057351579663076,0.5055700998084673,0.7426280070024224,-0.18335546867105265,0.28035022161221285,0.2662106595349593,-0.07901930239798503,0.49636396749025546,0.7042691223432064,-0.1894928902165272,0.16582417363445784,1,7,0,2,1,58,-50,0,0,-150,0,-150,-32,124,32,116,28,384,34,32,36,36,31,36,123,121,121,120,121,120,-999,-999,-999
1.8934621810913086,0.26007323798948473,-0.036057351579663076,0.5055700998084673,0.7349562300705792,-0.18335546867105265,0.276771282612908,0.2662106595349593,-0.07901930239798503,0.49636396749025546,0.6981317007977318,-0.1894928902165272,0.15389437697010835,1,7,0,2,0,74,0,0,0,-150,0,-150,-28,124,28,116,28,412,34,32,36,35,31,36,122,120,121,120,120,119,-999,-999,-999
1.9095773696899414,0.26007323798948473,-0.036057351579663076,0.5055700998084673,0.7303531639114733,-0.18335546867105265,0.2743853232800382,0.2662106595349593,-0.07901930239798503,0.49636396749025546,0.6904599238658886,-0.1894928902165272,0.14077160063932392,1,7,0,2,1,89,0,0,0,-250,0,-100,-28,124,32,112,28,456,34,32,36,35,31,36,122,121,121,120,120,120,-999,-999,-999
1.9255962371826172,0.26007323798948473,-0.036057351579663076,0.5055700998084673,0.7242157423659987,-0.18335546867105265,0.2719993639471682,0.2662106595349593,-0.07901930239798503,0.49636396749025546,0.6843225023204141,-0.1894928902165272,0.12645584464210452,0,7,1,3,0,104,0,0,0,-250,0,-100,-28,124,36,112,28,484,34,32,36,35,32,36,122,121,121,120,119,119,-999,-999,-999
1.9424114227294922,0.26007323798948473,-0.036057351579663076,0.5055700998084673,0.7211470315932614,-0.18335546867105265,0.26961340461429834,0.2662106595349593,-0.07901930239798503,0.49636396749025546,0.679719436161308,-0.1894928902165272,0.10975412931201525,1,7,1,3,0,107,0,0,0,-200,0,-150,-28,124,36,120,28,500,34,32,36,35,31,36,122,120,120,120,120,119,-999,-999,-999
1.9574289321899414,0.26007323798948473,-0.036057351579663076,0.5071044551948359,0.7165439654341555,-0.18335546867105265,0.2684204249478634,0.2662106595349593,-0.07748494701161639,0.49636396749025546,0.6735820146158336,-0.1894928902165272,0.09543837331479588,0,7,1,5,0,109,0,0,0,-150,0,-150,-28,124,40,120,28,500,34,32,36,35,31,36,122,120,120,119,120,118,-999,-999,-999
1.9744164943695068,0.26007323798948473,-0.036057351579663076,0.5071044551948359,0.7119408992750496,-0.18488982405742127,0.2684204249478634,0.2662106595349593,-0.07748494701161639,0.49636396749025546,0.6689789484567276,-0.1894928902165272,0.08231559698401143,1,6,1,4,0,115,0,0,50,-150,0,-50,-28,120,44,132,24,500,34,32,36,35,31,36,122,120,121,119,119,119,-999,-999,-999
1.9900145530700684,0.26007323798948473,-0.036057351579663076,0.5071044551948359,0.7088721885023123,-0.18488982405742127,0.2684204249478634,0.2662106595349593,-0.07748494701161639,0.49636396749025546,0.6628415269112531,-0.1894928902165272,0.07038580031966196,0,6,2,4,0,109,0,0,0,-150,-50,0,-28,116,40,128,20,500,34,32,36,36,31,36,122,120,120,120,120,119,-999,-999,-999
2.0070109367370605,0.26007323798948473,-0.036057351579663076,0.5071044551948359,0.7042691223432064,-0.18642417944378992,0.2684204249478634,0.2662106595349593,-0.07748494701161639,0.49636396749025546,0.6582384607521472,-0.1894928902165272,0.06084196298818237,0,6,1,5,0,113,0,0,0,-150,0,0,-28,120,40,128,20,500,34,32,36,35,32,36,122,120,120,120,119,119,-999,-999,-999
2.0224316120147705,0.26007323798948473,-0.036057351579663076,0.5071044551948359,0.6996660561841005,-0.18642417944378992,0.2684204249478634,0.2662106595349593,-0.07748494701161639,0.49636396749025546,0.6551697499794099,-0.1894928902165272,0.053684084989572674,0,6,0,5,0,117,0,0,0,-200,-50,0,-28,120,40,128,0,500,34,32,36,35,31,36,122,120,120,120,118,119,-999,-999,-999
2.0390024185180664,0.26007323798948473,-0.036057351579663076,0.5071044551948359,0.6950629900249945,-0.18642417944378992,0.2684204249478634,0.2662106595349593,-0.07748494701161639,0.49636396749025546,0.6536353945930412,-0.1894928902165272,0.046526206990962986,0,6,1,3,1,109,0,0,0,-200,0,0,-28,120,40,128,20,500,34,32,36,35,31,36,122,120,121,119,119,119,-999,-999,-999
2.0545315742492676,0.26007323798948473,-0.036057351579663076,0.5071044551948359,0.6904599238658886,-0.18642417944378992,0.2684204249478634,0.2662106595349593,-0.07748494701161639,0.49636396749025546,0.6521010392066726,-0.1894928902165272,0.041754288325223196,1,6,1,3,0,119,0,0,0,-200,0,0,-28,120,40,108,20,500,34,32,36,35,31,36,122,120,121,119,120,118,-999,-999,-999
2.0705742835998535,0.26007323798948473,-0.036057351579663076,0.5071044551948359,0.6873912130931513,-0.18642417944378992,0.2684204249478634,0.2662106595349593,-0.07748494701161639,0.49636396749025546,0.6521010392066726,-0.1894928902165272,0.03936832899235329,0,7,0,3,1,112,0,0,0,-200,0,0,-28,120,40,96,20,500,34,32,36,35,31,36,122,120,120,120,119,119,-999,-999,-999
2.0865955352783203,0.26007323798948473,-0.036057351579663076,0.5071044551948359,0.6843225023204141,-0.18642417944378992,0.2684204249478634,0.2662106595349593,-0.07748494701161639,0.49636396749025546,0.6521010392066726,-0.1894928902165272,0.035789389993048454,1,6,1,3,0,118,0,0,0,-150,0,0,-28,120,40,92,20,500,34,32,36,35,31,36,122,120,120,120,119,119,-999,-999,-999
2.1024770736694336,0.26007323798948473,-0.036057351579663076,0.5071044551948359,0.6827881469340454,-0.18642417944378992,0.2684204249478634,0.2646763041485906,-0.07748494701161639,0.49636396749025546,0.6521010392066726,-0.1894928902165272,0.035789389993048454,1,6,1,2,0,112,0,0,0,-100,0,0,-24,120,40,84,20,500,34,32,36,35,31,36,122,120,121,119,120,119,-999,-999,-999
2.1186230182647705,0.26007323798948473,-0.036057351579663076,0.5071044551948359,0.6812537915476768,-0.18642417944378992,0.2684204249478634,0.2646763041485906,-0.07748494701161639,0.49636396749025546,0.6521010392066726,-0.1894928902165272,0.035789389993048454,0,7,1,3,0,117,0,0,0,-50,0,0,-24,120,40,80,20,500,34,32,36,36,32,36,122,120,121,117,119,119,-999,-999,-999
2.134605884552002,0.26007323798948473,-0.036057351579663076,0.5071044551948359,0.6812537915476768,-0.18642417944378992,0.2684204249478634,0.2646763041485906,-0.07748494701161639,0.49636396749025546,0.6521010392066726,-0.1894928902165272,0.035789389993048454,1,7,1,3,0,116,0,0,0,-50,0,0,-20,120,40,84,20,500,34,32,36,35,32,36,122,120,121,119,119,119,-999,-999,-999
2.150629997253418,0.26007323798948473,-0.036057351579663076,0.5071044551948359,0.6812537915476768,-0.18642417944378992,0.2684204249478634,0.2646763041485906,-0.07748494701161639,0.49636396749025546,0.6521010392066726,-0.1894928902165272,0.035789389993048454,0,6,1,3,0,116,0,0,0,-50,0,0,-24,120,40,88,20,500,34,32,36,35,31,36,122,120,120,119,120,119,-999,-999,-999
2.1665797233581543,0.26007323798948473,-0.036057351579663076,0.5071044551948359,0.6812537915476768,-0.18642417944378992,0.2684204249478634,0.2646763041485906,-0.07748494701161639,0.49636396749025546,0.6521010392066726,-0.1894928902165272,0.035789389993048454,0,7,1,3,0,109,0,0,0,0,0,0,-24,120,40,88,20,500,34,32,36,35,31,36,122,120,120,120,120,119,-999,-999,-999
2.182486057281494,0.26007323798948473,-0.036057351579663076,0.5071044551948359,0.6812537915476768,-0.18642417944378992,0.2684204249478634,0.2646763041485906,-0.07748494701161639,0.49636396749025546,0.6521010392066726,-0.1894928902165272,0.035789389993048454,0,6,1,3,0,110,0,0,0,0,0,0,-24,120,40,88,20,500,34,32,36,35,31,36,122,120,121,120,119,119,-999,-999,-999
2.199636220932007,0.26007323798948473,-0.03452299619329443,0.5071044551948359,0.6812537915476768,-0.18642417944378992,0.2684204249478634,0.2646763041485906,-0.07748494701161639,0.49636396749025546,0.6521010392066726,-0.1894928902165272,0.035789389993048454,0,7,1,4,0,117,0,0,0,0,0,0,-24,120,40,88,20,500,34,32,36,35,31,36,122,120,120,120,120,119,-999,-999,-999
2.214489698410034,0.26007323798948473,-0.03452299619329443,0.5071044551948359,0.6812537915476768,-0.18642417944378992,0.2684204249478634,0.2646763041485906,-0.07748494701161639,0.49636396749025546,0.6521010392066726,-0.1894928902165272,0.035789389993048454,0,7,1,3,1,108,0,50,0,0,0,0,-24,124,40,88,20,500,34,32,36,35,31,36,122,120,120,119,120,118,-999,-999,-999
2.2305002212524414,0.26007323798948473,-0.03452299619329443,0.5071044551948359,0.6812537915476768,-0.18642417944378992,0.2684204249478634,0.2646763041485906,-0.07901930239798503,0.4948296121038868,0.6521010392066726,-0.1894928902165272,0.035789389993048454,0,9,1,4,0,115,0,0,0,0,0,0,-24,132,44,88,20,500,34,32,36,35,31,36,122,120,120,119,120,119,-999,-999,-999
2.246628761291504,0.26007323798948473,-0.03452299619329443,0.5071044551948359,0.6812537915476768,-0.18642417944378992,0.2684204249478634,0.2646763041485906,-0.07901930239798503,0.49329525671751817,0.6536353945930412,-0.1879585348301586,0.035789389993048454,0,8,2,3,0,114,0,0,0,0,0,0,-24,132,52,88,20,500,34,32,36,35,32,36,122,120,121,120,119,119,-999,-999,-999
2.2630555629730225,0.26007323798948473,-0.03452299619329443,0.5071044551948359,0.6812537915476768,-0.18642417944378992,0.2684204249478634,0.2646763041485906,-0.07901930239798503,0.49329525671751817,0.6536353945930412,-0.1879585348301586,0.035789389993048454,0,7,1,3,0,117,0,0,0,0,0,0,-24,128,52,84,-20,500,34,32,36,35,31,36,122,120,121,119,120,119,-999,-999,-999
2.279499053955078,0.26007323798948473,-0.03452299619329443,0.5071044551948359,0.6812537915476768,-0.18642417944378992,0.2684204249478634,0.2646763041485906,-0.07901930239798503,0.4917609013311495,0.6551697499794099,-0.1879585348301586,0.035789389993048454,0,7,2,3,0,113,0,0,0,0,0,0,-24,128,56,80,0,500,34,32,36,36,31,36,122,120,120,120,119,119,-999,-999,-999
2.2956247329711914,0.26007323798948473,-0.03452299619329443,0.5071044551948359,0.6812537915476768,-0.18642417944378992,0.2684204249478634,0.2646763041485906,-0.07901930239798503,0.49022654594478093,0.6551697499794099,-0.1879585348301586,0.035789389993048454,0,7,2,3,0,112,0,0,0,0,0,0,-24,128,60,80,0,500,34,32,36,36,32,36,122,120,121,120,119,119,-999,-999,-999
2.3120720386505127,0.26007323798948473,-0.03452299619329443,0.5071044551948359,0.6812537915476768,-0.18642417944378992,0.2684204249478634,0.2646763041485906,-0.07901930239798503,0.49022654594478093,0.6551697499794099,-0.1879585348301586,0.035789389993048454,0,7,2,3,0,118,0,0,0,0,0,0,-24,128,60,76,0,500,34,32,36,35,31,36,122,120,120,120,119,119,-999,-999,-999
2.328472375869751,0.26007323798948473,-0.03452299619329443,0.5071044551948359,0.6812537915476768,-0.18642417944378992,0.2684204249478634,0.2646763041485906,-0.07901930239798503,0.4886921905584123,0.6551697499794099,-0.1879585348301586,0.035789389993048454,0,7,2,3,0,113,0,0,0,0,0,0,-24,128,60,80,0,500,34,32,36,36,31,36,121,120,120,119,119,119,-999,-999,-999
2.3435118198394775,0.26007323798948473,-0.03452299619329443,0.5071044551948359,0.6812537915476768,-0.18642417944378992,0.2684204249478634,0.2646763041485906,-0.08055365778435367,0.4886921905584123,0.6551697499794099,-0.1879585348301586,0.035789389993048454,0,7,3,3,0,112,0,0,0,0,0,0,-24,132,64,80,0,500,34,32,36,35,31,36,122,120,120,119,120,119,-999,-999,-999
2.359624147415161,0.26007323798948473,-0.03452299619329443,0.5071044551948359,0.6812537915476768,-0.18642417944378992,0.2684204249478634,0.2646763041485906,-0.08055365778435367,0.4886921905584123,0.6551697499794099,-0.18642417944378992,0.035789389993048454,0,8,2,3,0,117,0,0,0,0,0,0,-24,136,60,80,0,500,34,32,36,35,31,36,122,120,121,119,120,119,-999,-999,-999
2.375643253326416,0.26007323798948473,-0.03452299619329443,0.5071044551948359,0.6812537915476768,-0.18642417944378992,0.2684204249478634,0.2646763041485906,-0.08055365778435367,0.4886921905584123,0.6551697499794099,-0.18642417944378992,0.035789389993048454,0,7,2,2,0,110,0,0,0,0,0,0,-24,132,60,80,0,500,34,32,36,36,31,36,122,120,120,120,119,119,-999,-999,-999
2.392528772354126,0.26007323798948473,-0.03452299619329443,0.5071044551948359,0.6812537915476768,-0.18642417944378992,0.2684204249478634,0.2646763041485906,-0.08055365778435367,0.4886921905584123,0.6551697499794099,-0.18642417944378992,0.035789389993048454,0,8,2,3,0,115,0,0,0,0,0,0,-24,132,60,80,0,500,34,32,36,36,31,36,122,120,120,120,120,119,-999,-999,-999
2.4075064659118652,0.26007323798948473,-0.03452299619329443,0.5071044551948359,0.6812537915476768,-0.18642417944378992,0.2684204249478634,0.2646763041485906,-0.08055365778435367,0.48715783517204364,0.6551697499794099,-0.18642417944378992,0.035789389993048454,0,8,2,3,0,107,0,0,0,0,0,0,-24,132,64,80,0,500,34,32,36,36,32,36,122,120,121,119,120,119,-999,-999,-999
2.4236507415771484,0.26007323798948473,-0.03452299619329443,0.5071044551948359,0.6812537915476768,-0.18642417944378992,0.2684204249478634,0.2646763041485906,-0.08055365778435367,0.485623479785675,0.6551697499794099,-0.18642417944378992,0.035789389993048454,0,8,3,3,0,114,0,0,0,0,0,0,-24,132,72,80,0,500,34,32,36,35,32,36,122,120,121,119,119,119,-999,-999,-999
2.4396235942840576,0.26007323798948473,-0.03452299619329443,0.5071044551948359,0.6812537915476768,-0.18642417944378992,0.2684204249478634,0.2646763041485906,-0.08055365778435367,0.48255476901293776,0.6567041053657785,-0.18642417944378992,0.035789389993048454,0,7,3,3,0,108,0,0,0,0,0,0,-24,132,76,80,0,500,34,32,36,35,31,36,122,121,120,119,120,119,-999,-999,-999
2.45662784576416,0.26007323798948473,-0.03452299619329443,0.5071044551948359,0.6812537915476768,-0.18642417944378992,0.2684204249478634,0.2646763041485906,-0.08055365778435367,0.47795170285383176,0.6582384607521472,-0.18488982405742127,0.035789389993048454,0,8,4,3,0,108,0,0,0,0,0,0,-24,132,92,76,0,500,34,32,36,35,31,36,122,120,120,120,119,119,-999,-999,-999
2.47251558303833,0.26007323798948473,-0.03452299619329443,0.5071044551948359,0.6812537915476768,-0.18642417944378992,0.2684204249478634,0.26314194876222197,-0.08055365778435367,0.47181428130835723,0.6659102376839904,-0.18488982405742127,0.035789389993048454,0,7,4,2,0,110,0,0,0,0,0,0,-20,132,104,64,0,500,34,32,36,35,32,36,122,120,120,119,119,119,-999,-999,-999
2.4878900051116943,0.26007323798948473,-0.03452299619329443,0.5071044551948359,0.6812537915476768,-0.18642417944378992,0.2684204249478634,0.26314194876222197,-0.08055365778435367,0.4656768597628827,0.6766507253885707,-0.18488982405742127,0.035789389993048454,0,7,6,1,0,115,0,0,0,0,0,0,0,132,124,44,0,500,34,32,36,35,31,36,122,120,121,119,119,119,-999,-999,-999
2.503570795059204,0.26007323798948473,-0.03452299619329443,0.5071044551948359,0.6812537915476768,-0.18642417944378992,0.2684204249478634,0.26314194876222197,-0.08055365778435367,0.4564707274446708,0.6873912130931513,-0.18642417944378992,0.035789389993048454,0,7,9,0,0,107,0,0,0,0,0,0,-20,132,144,-36,0,500,34,32,36,35,31,36,122,120,121,119,119,119,-999,-999,-3.92
2.5205345153808594,0.26007323798948473,-0.03452299619329443,0.5071044551948359,0.6827881469340454,-0.18642417944378992,0.2684204249478634,0.26314194876222197,-0.08055365778435367,0.44573023974009035,0.6996660561841005,-0.1879585348301586,0.035789389993048454,0,8,17,0,0,114,0,0,0,0,0,0,-20,132,172,-52,0,500,34,32,36,35,31,36,122,120,120,119,119,118,-999,-999,-3.92
2.5355353355407715,0.26007323798948473,-0.03452299619329443,0.5055700998084673,0.6873912130931513,-0.18488982405742127,0.2684204249478634,0.26314194876222197,-0.08055365778435367,0.4334553966491412,0.7134752546614181,-0.1879585348301586,0.035789389993048454,0,7,17,1,1,115,0,0,0,100,50,0,-20,132,204,-64,24,500,34,32,36,36,31,36,122,120,120,119,119,118,-999,-999,-3.92
2.5520894527435303,0.26007323798948473,-0.03452299619329443,0.50250138903573,0.6919942792522573,-0.18488982405742127,0.2684204249478634,0.26314194876222197,-0.08055365778435367,0.42118055355819206,0.7303531639114733,-0.1879585348301586,0.035789389993048454,0,7,21,1,1,116,0,0,0,100,0,0,-20,132,228,-100,20,500,34,32,36,35,31,36,121,120,120,120,118,118,-999,-999,-3.92
2.5685367584228516,0.26007323798948473,-0.03452299619329443,0.49636396749025546,0.6996660561841005,-0.18488982405742127,0.2684204249478634,0.2616075933758534,-0.08055365778435367,0.4089057104672429,0.7472310731615283,-0.1894928902165272,0.035789389993048454,0,7,18,2,1,115,0,0,-150,150,0,0,0,132,244,-116,24,500,34,32,36,35,31,36,122,120,119,119,119,118,-999,-999,-3.92
2.5840907096862793,0.26007323798948473,-0.03452299619329443,0.4886921905584123,0.7088721885023123,-0.18488982405742127,0.2684204249478634,0.2616075933758534,-0.07901930239798503,0.3966308673762938,0.7641089824115834,-0.1894928902165272,0.035789389993048454,1,8,23,2,1,108,0,0,-250,250,0,0,20,132,252,-136,28,500,34,32,36,36,31,36,122,120,120,118,119,118,-999,-999,-3.92
2.6005241870880127,0.26007323798948473,-0.03452299619329443,0.4794860582402004,0.7180783208205243,-0.18488982405742127,0.2684204249478634,0.26007323798948473,-0.07901930239798503,0.382821668898976,0.7809868916616384,-0.1894928902165272,0.035789389993048454,0,7,17,2,0,112,0,0,-350,350,0,0,0,124,244,-152,24,500,34,32,36,90,31,36,121,120,120,119,119,118,-999,-999,-3.92
2.616677761077881,0.26007323798948473,-0.03452299619329443,0.47181428130835723,0.7303531639114733,-0.18335546867105265,0.2684204249478634,0.25700452721674744,-0.07748494701161639,0.3674781150352896,0.7978648009116935,-0.1894928902165272,0.035789389993048454,0,7,23,2,1,114,0,0,-350,450,0,0,0,128,264,-160,28,500,34,32,36,35,31,36,122,120,120,119,119,118,-999,-999,-3.92
2.632552146911621,0.26007323798948473,-0.03298864080692579,0.4626081489901454,0.7426280070024224,-0.18335546867105265,0.2684204249478634,0.2524014610576415,-0.07748494701161639,0.3552032719443404,0.8116739993890113,-0.1894928902165272,0.035789389993048454,1,9,21,2,0,110,0,0,-300,450,50,0,32,124,280,-172,32,500,34,32,36,35,32,36,121,120,120,119,118,118,-999,-999,-3.92
2.648700475692749,0.26007323798948473,-0.03298864080692579,0.4518676612855649,0.7549028500933715,-0.18335546867105265,0.2684204249478634,0.25086710567127285,-0.07748494701161639,0.34292842885339136,0.8254831978663291,-0.1894928902165272,0.035789389993048454,1,7,24,3,0,115,0,50,-350,450,50,0,44,128,292,-176,32,500,34,32,36,35,32,36,121,119,120,118,118,118,-999,-999,-3.92
2.664531946182251,0.26007323798948473,-0.03298864080692579,0.442661528967353,0.7687120485706893,-0.18335546867105265,0.2684204249478634,0.24779839489853556,-0.07748494701161639,0.33218794114881084,0.8377580409572782,-0.1894928902165272,0.035789389993048454,1,9,22,2,0,115,0,0,-400,500,0,0,52,128,292,-176,28,500,34,32,36,36,31,36,121,120,120,119,119,118,-999,-999,-3.92
2.6801531314849854,0.26007323798948473,-0.03145428542055715,0.43192104126277253,0.7825212470480071,-0.18335546867105265,0.2684204249478634,0.24779839489853556,-0.07748494701161639,0.3199130980578617,0.8484985286618586,-0.1894928902165272,0.035789389993048454,1,7,23,1,0,115,0,0,-450,550,0,0,52,132,288,-172,28,500,34,32,36,35,31,36,121,120,120,118,119,118,-999,-999,-3.92
2.696669578552246,0.26007323798948473,-0.03145428542055715,0.4227149089445607,0.7947960901389562,-0.18335546867105265,0.2684204249478634,0.24779839489853556,-0.07595059162524774,0.3107069657396499,0.8592390163664392,-0.1894928902165272,0.035789389993048454,1,10,21,1,1,114,0,50,-450,550,0,0,44,136,284,-164,28,500,34,32,36,36,31,36,121,119,119,119,118,118,-999,-999,-3.92
2.7121706008911133,0.2585388826031161,-0.029919930034188504,0.4135087766263489,0.8070709332299053,-0.18335546867105265,0.2684204249478634,0.24626403951216694,-0.07595059162524774,0.2999664780350694,0.8669107932982824,-0.1894928902165272,0.035789389993048454,1,6,28,1,0,117,0,0,-400,550,0,0,40,124,292,-152,28,500,34,32,36,35,31,36,121,120,119,119,119,118,-999,-999,-3.92
2.7285690307617188,0.25700452721674744,-0.029919930034188504,0.40583699969450565,0.8208801317072232,-0.18335546867105265,0.2684204249478634,0.24626403951216694,-0.07595059162524774,0.29076034571685755,0.8745825702301255,-0.1894928902165272,0.035789389993048454,1,6,27,0,0,112,-50,50,-350,550,0,0,40,128,304,-132,28,500,34,32,36,36,32,36,121,120,120,119,119,118,-999,-999,-3.92
2.744717597961426,0.25700452721674744,-0.029919930034188504,0.3981652227626624,0.8331549747981722,-0.18335546867105265,0.2684204249478634,0.2447296841257983,-0.07595059162524774,0.2830885687850143,0.8807199917756001,-0.19102724560289586,0.0345964103266135,0,8,31,1,1,107,-50,0,-350,500,0,0,44,136,308,-116,32,500,34,32,36,35,31,36,121,120,120,119,115,118,-999,-999,-3.92
2.7601168155670166,0.2554701718303788,-0.029919930034188504,0.39202780121718783,0.8423611071163841,-0.18335546867105265,0.2684204249478634,0.2447296841257983,-0.07595059162524774,0.2769511472395398,0.8837887025483374,-0.19102724560289586,0.0345964103266135,1,7,33,0,1,107,0,0,-300,500,0,0,44,132,308,-104,36,500,34,32,36,36,31,36,121,119,119,118,119,118,-999,-999,-3.92
2.7765538692474365,0.25393581644401014,-0.028385574647819864,0.38435602428534466,0.8531015948209646,-0.18335546867105265,0.2684204249478634,0.24166097335306103,-0.07748494701161639,0.2708137256940652,0.8883917687074433,-0.19102724560289586,0.0345964103266135,1,8,30,0,0,107,-50,0,-300,450,0,0,36,140,304,-88,32,500,34,32,36,35,31,36,121,119,120,119,118,118,-999,-999,-3.92
2.7935547828674316,0.25393581644401014,-0.028385574647819864,0.3782186027398701,0.8623077271391765,-0.18335546867105265,0.2684204249478634,0.2370579071939551,-0.07748494701161639,0.2662106595349593,0.8899261240938119,-0.19102724560289586,0.0345964103266135,1,10,30,0,0,113,-50,50,-250,400,0,0,52,148,304,-64,32,500,34,32,36,35,32,36,122,120,119,118,119,118,-999,-999,-3.92
2.8095667362213135,0.2524014610576415,-0.028385574647819864,0.37361553658076413,0.8699795040710196,-0.18335546867105265,0.2684204249478634,0.23552355180758644,-0.07901930239798503,0.2616075933758534,0.8899261240938119,-0.19102724560289586,0.0345964103266135,2,9,39,0,1,111,-50,0,-250,400,0,0,76,152,304,-64,32,500,34,32,36,35,32,36,121,120,119,119,119,118,-999,-999,-3.92
2.825681686401367,0.25086710567127285,-0.028385574647819864,0.36901247042165825,0.8745825702301255,-0.18335546867105265,0.2684204249478634,0.23398919642121782,-0.07901930239798503,0.25700452721674744,0.8899261240938119,-0.19102724560289586,0.0345964103266135,1,9,48,0,1,110,0,0,-200,300,0,0,72,148,300,-32,32,500,34,32,36,35,34,36,122,119,119,119,118,118,-999,-999,-3.92
2.8417131900787354,0.24779839489853556,-0.028385574647819864,0.3674781150352896,0.8791856363892315,-0.18335546867105265,0.2684204249478634,0.2309204856484805,-0.07901930239798503,0.25393581644401014,0.8899261240938119,-0.19102724560289586,0.0345964103266135,0,10,45,0,0,105,-100,0,-150,250,0,0,52,144,312,-28,32,500,34,32,36,35,31,36,121,119,119,119,119,118,-999,-999,-3.92
2.8567304611206055,0.24626403951216694,-0.028385574647819864,0.3644094042625523,0.8822543471619687,-0.18335546867105265,0.2684204249478634,0.2309204856484805,-0.07901930239798503,0.24933275028490423,0.8899261240938119,-0.19102724560289586,0.0345964103266135,0,9,35,0,0,113,-100,0,-100,150,0,0,56,144,308,-20,32,500,34,32,36,35,32,36,121,119,119,118,119,118,-999,-999,-3.92
2.8735878467559814,0.24626403951216694,-0.026851219261451224,0.36134069348981507,0.885323057934706,-0.18335546867105265,0.2684204249478634,0.2309204856484805,-0.08055365778435367,0.2447296841257983,0.8899261240938119,-0.19102724560289586,0.0345964103266135,1,11,37,0,1,113,-50,0,-100,150,0,0,48,160,320,0,32,500,34,32,36,35,31,36,121,120,119,118,118,118,-999,-999,-3.92
2.8891425132751465,0.2447296841257983,-0.026851219261451224,0.3582719827170778,0.885323057934706,-0.18335546867105265,0.2684204249478634,0.22938613026211188,-0.08055365778435367,0.24012661796669238,0.8899261240938119,-0.19102724560289586,0.0345964103266135,1,10,40,0,0,107,-50,50,-150,150,0,0,60,160,324,0,32,500,34,32,36,36,32,36,121,120,119,119,118,118,-999,-999,-3.92
2.9057183265686035,0.24319532873942967,-0.026851219261451224,0.3552032719443404,0.8868574133210747,-0.18335546867105265,0.2684204249478634,0.22938613026211188,-0.08055365778435367,0.23398919642121782,0.8899261240938119,-0.19102724560289586,0.0345964103266135,1,13,48,0,0,111,0,0,-100,50,0,0,56,152,324,-20,32,500,34,32,36,35,31,36,121,120,119,118,119,118,-999,-999,-3.92
2.9215757846832275,0.24166097335306103,-0.026851219261451224,0.3521345611716032,0.8868574133210747,-0.18335546867105265,0.2684204249478634,0.22938613026211188,-0.08055365778435367,0.22785177487574323,0.8914604794801807,-0.19102724560289586,0.0345964103266135,0,9,50,0,1,113,-50,0,-100,50,0,0,44,152,336,0,32,500,34,32,36,35,32,36,121,119,119,119,118,117,-999,-999,-3.92
2.9381606578826904,0.24012661796669238,-0.026851219261451224,0.3490658503988659,0.8883917687074433,-0.18335546867105265,0.2684204249478634,0.22938613026211188,-0.08055365778435367,0.22171435333026868,0.894529190252918,-0.19102724560289586,0.0345964103266135,1,10,50,0,0,105,-100,0,-150,0,0,0,36,152,348,-20,32,500,34,32,36,35,32,36,120,118,118,119,118,118,-999,-999,-3.92
2.9535419940948486,0.23859226258032373,-0.026851219261451224,0.34446278423976,0.8899261240938119,-0.18335546867105265,0.2684204249478634,0.22785177487574323,-0.08055365778435367,0.21404257639842547,0.8975979010256552,-0.19102724560289586,0.0345964103266135,1,9,45,0,1,106,-50,0,-150,50,0,0,40,152,352,-28,32,500,34,32,36,35,31,36,121,120,119,118,119,118,-999,-999,-3.92
2.9705941677093506,0.2370579071939551,-0.026851219261451224,0.33832536269428537,0.8929948348665493,-0.18335546867105265,0.2684204249478634,0.22631741948937462,-0.08055365778435367,0.2079051548529509,0.8991322564120239,-0.19102724560289586,0.0345964103266135,1,12,50,0,0,113,-50,0,-150,50,0,0,44,152,356,-28,32,500,34,32,36,35,32,36,121,119,119,118,118,117,-999,-999,-3.92
2.986581563949585,0.2370579071939551,-0.02531686387508258,0.3337222965351795,0.8960635456392866,-0.18335546867105265,0.2684204249478634,0.22324870871663732,-0.08055365778435367,0.20176773330747633,0.9037353225711298,-0.19102724560289586,0.0345964103266135,1,10,49,0,1,110,-50,0,-200,100,0,0,48,156,356,-20,32,500,34,32,37,35,31,36,121,118,119,118,118,117,-999,-999,-3.92
3.00160813331604,0.23552355180758644,-0.02531686387508258,0.3291192303760736,0.8991322564120239,-0.18335546867105265,0.2684204249478634,0.22017999794390003,-0.08055365778435367,0.19409595637563312,0.9052696779574985,-0.19102724560289586,0.0345964103266135,1,11,51,0,1,104,-50,50,-250,150,0,0,52,160,352,-28,32,500,34,32,36,35,31,38,121,119,119,119,118,118,-999,-999,-3.92
3.0176260471343994,0.23245484103484917,-0.02531686387508258,0.322981808830599,0.9006666117983925,-0.18335546867105265,0.2684204249478634,0.21864564255753138,-0.08055365778435367,0.1879585348301586,0.9083383887302356,-0.19102724560289586,0.0345964103266135,1,10,49,0,0,110,-50,50,-150,100,0,0,56,156,364,-28,32,500,34,32,36,35,32,36,121,119,119,118,119,118,-999,-999,-3.92
3.033592462539673,0.2309204856484805,-0.02531686387508258,0.3183787426714931,0.9037353225711298,-0.18335546867105265,0.2684204249478634,0.21711128717116276,-0.08055365778435367,0.181821113284684,0.9114070995029729,-0.19102724560289586,0.0345964103266135,1,13,44,0,1,104,-100,0,-150,100,0,0,48,156,368,-28,32,500,34,32,36,35,31,36,121,119,119,118,118,118,-999,-999,-3.92
3.0497612953186035,0.22785177487574323,-0.02531686387508258,0.31224132112601855,0.906804033343867,-0.18335546867105265,0.2684204249478634,0.21557693178479412,-0.08055365778435367,0.17568369173920942,0.9114070995029729,-0.19102724560289586,0.0345964103266135,0,13,48,0,1,104,-100,0,-250,100,0,0,44,156,368,-32,32,500,34,32,36,35,31,36,121,119,119,118,118,117,-999,-999,-3.92
3.065622091293335,0.22631741948937462,-0.02531686387508258,0.30610389958054396,0.9098727441166043,-0.18335546867105265,0.2684204249478634,0.21557693178479412,-0.08055365778435367,0.16954627019373486,0.9129414548893416,-0.19102724560289586,0.0345964103266135,1,13,59,0,0,107,-100,0,-200,100,0,0,44,156,368,20,32,500,34,32,36,35,31,36,121,119,119,119,118,117,-999,-999,-3.92
3.0817487239837646,0.22478306410300597,-0.02531686387508258,0.2999664780350694,0.9114070995029729,-0.18488982405742127,0.2684204249478634,0.21404257639842547,-0.08055365778435367,0.1634088486482603,0.9175445210484475,-0.19102724560289586,0.0345964103266135,0,11,55,0,1,107,-50,0,-300,150,0,0,44,156,364,20,32,500,34,32,36,35,31,36,121,119,119,119,118,117,-999,-999,-3.92
3.0986011028289795,0.22324870871663732,-0.02531686387508258,0.2953634118759635,0.9114070995029729,-0.18488982405742127,0.2684204249478634,0.21404257639842547,-0.08055365778435367,0.15880578248915436,0.9190788764348161,-0.19102724560289586,0.0345964103266135,1,11,58,0,0,105,-100,0,-200,50,-50,0,40,156,368,-24,24,500,34,32,36,35,31,36,121,119,119,118,118,118,-999,-999,-3.92
3.114682912826538,0.22171435333026868,-0.02531686387508258,0.2892259903304889,0.9129414548893416,-0.18488982405742127,0.2684204249478634,0.21404257639842547,-0.08055365778435367,0.15113400555731116,0.923681942593922,-0.19102724560289586,0.033403430660178556,0,12,54,0,0,105,-50,0,-200,0,0,0,24,156,360,-44,28,500,34,32,36,35,31,36,121,119,118,119,119,118,-999,-999,-3.92
3.1316118240356445,0.22017999794390003,-0.02531686387508258,0.28155421339864567,0.9160101656620788,-0.18488982405742127,0.2684204249478634,0.21404257639842547,-0.08055365778435367,0.14499658401183663,0.9267506533666594,-0.19102724560289586,0.033403430660178556,0,10,48,0,1,109,-100,0,-200,50,0,0,20,156,364,-44,28,500,34,32,36,35,32,36,121,119,119,118,118,118,-999,-999,-3.92
3.1476128101348877,0.21864564255753138,-0.02531686387508258,0.27234808108043385,0.9190788764348161,-0.18488982405742127,0.2684204249478634,0.21250822101205682,-0.08055365778435367,0.1373248070799934,0.932888074912134,-0.19102724560289586,0.033403430660178556,0,12,43,0,1,112,-100,0,-250,50,0,0,32,156,360,-40,28,500,34,32,36,36,31,36,121,119,120,119,119,118,-999,-999,-3.92
3.162609338760376,0.21864564255753138,-0.02531686387508258,0.2646763041485906,0.923681942593922,-0.18488982405742127,0.2684204249478634,0.21250822101205682,-0.08055365778435367,0.13118738553451884,0.9390254964576086,-0.19102724560289586,0.033403430660178556,1,11,46,0,0,114,0,0,-400,150,0,0,28,156,356,-44,28,500,34,32,36,35,31,36,121,120,119,118,118,118,-999,-999,-3.92
3.178673505783081,0.21864564255753138,-0.02531686387508258,0.2585388826031161,0.9267506533666594,-0.18488982405742127,0.2684204249478634,0.21097386562568818,-0.08055365778435367,0.12351560860267563,0.945162918003083,-0.19102724560289586,0.033403430660178556,0,11,50,0,1,110,-50,0,-300,150,0,0,32,156,356,-48,28,500,34,32,36,35,31,36,121,120,119,118,118,118,-999,-999,-3.92
3.1945712566375732,0.21711128717116276,-0.02531686387508258,0.2524014610576415,0.9313537195257654,-0.18488982405742127,0.2684204249478634,0.2079051548529509,-0.08055365778435367,0.11584383167083243,0.9513003395485576,-0.19102724560289586,0.033403430660178556,1,10,43,0,0,109,0,0,-300,200,0,0,36,156,352,-60,28,500,34,32,36,35,31,36,121,119,119,118,118,118,-999,-999,-3.92
3.2108187675476074,0.21711128717116276,-0.02531686387508258,0.24319532873942967,0.9374911410712399,-0.18488982405742127,0.2684204249478634,0.20483644408021362,-0.08055365778435367,0.10817205473898922,0.9605064718667695,-0.19102724560289586,0.033403430660178556,1,13,49,0,0,110,-50,0,-300,200,0,0,44,156,356,-56,28,500,34,32,36,35,31,36,121,119,119,119,118,118,-999,-999,-3.92
3.226747512817383,0.21557693178479412,-0.02531686387508258,0.23552355180758644,0.9436285626167145,-0.18488982405742127,0.2684204249478634,0.20330208869384497,-0.08055365778435367,0.100500277807146,0.9666438934122441,-0.19102724560289586,0.033403430660178556,1,13,50,0,0,113,0,0,-300,200,0,0,52,156,360,-72,28,500,34,32,36,43,31,36,121,119,119,119,118,118,-999,-999,-3.92
3.242603063583374,0.21557693178479412,-0.02531686387508258,0.22938613026211188,0.9497659841621889,-0.18488982405742127,0.2684204249478634,0.20330208869384497,-0.08055365778435367,0.09436285626167144,0.9743156703440873,-0.19102724560289586,0.033403430660178556,1,14,44,0,1,104,0,0,-300,200,0,0,52,156,368,-68,28,500,34,32,36,35,31,36,121,119,119,118,118,118,-999,-999,-3.92
3.258815050125122,0.21404257639842547,-0.02531686387508258,0.22171435333026868,0.9559034057076635,-0.18488982405742127,0.2684204249478634,0.20176773330747633,-0.08055365778435367,0.08669107932982824,0.9804530918895619,-0.19102724560289586,0.033403430660178556,0,13,39,0,0,107,-50,0,-300,250,0,0,48,156,348,-64,28,500,34,32,36,36,31,36,121,119,119,118,118,118,-999,-999,-3.92
3.2747554779052734,0.21250822101205682,-0.02531686387508258,0.21557693178479412,0.9620408272531382,-0.18488982405742127,0.2684204249478634,0.20176773330747633,-0.08055365778435367,0.08055365778435367,0.9865905134350363,-0.19102724560289586,0.033403430660178556,1,14,43,0,0,104,-50,0,-300,300,0,0,44,156,356,-68,28,500,34,32,36,36,32,36,121,119,119,119,118,118,-999,-999,-3.92
3.2906885147094727,0.21250822101205682,-0.02531686387508258,0.2079051548529509,0.9681782487986127,-0.18488982405742127,0.2684204249478634,0.20176773330747633,-0.08055365778435367,0.07441623623887911,0.9942622903668795,-0.1894928902165272,0.033403430660178556,0,13,45,0,1,111,-50,0,-250,200,0,0,36,156,356,-68,28,500,34,32,36,35,32,36,121,119,119,119,119,118,-999,-999,-3.92
3.306760549545288,0.21250822101205682,-0.02531686387508258,0.2002333779211077,0.9758500257304559,-0.18488982405742127,0.2684204249478634,0.19869902253473906,-0.08055365778435367,0.06827881469340454,1.0003997119123542,-0.1894928902165272,0.033403430660178556,1,11,53,0,0,109,0,0,-300,200,0,0,44,156,352,-76,20,500,34,32,36,35,32,36,121,118,119,118,119,118,-999,-999,-3.92
3.3226749897003174,0.21097386562568818,-0.02531686387508258,0.19409595637563312,0.9819874472759305,-0.18488982405742127,0.2684204249478634,0.19409595637563312,-0.08055365778435367,0.06214139314792997,1.0080714888441973,-0.1894928902165272,0.033403430660178556,1,11,42,0,0,112,0,0,-300,300,0,0,56,156,348,-64,20,500,34,32,36,35,31,36,121,119,119,118,118,118,-999,-999,-3.92
3.338798999786377,0.2079051548529509,-0.02531686387508258,0.1879585348301586,0.9896592242077736,-0.18488982405742127,0.2684204249478634,0.19102724560289586,-0.08055365778435367,0.05600397160245541,1.0157432657760406,-0.1894928902165272,0.033403430660178556,2,11,41,0,1,104,-50,0,-250,300,0,0,64,156,352,-60,24,500,34,32,36,35,31,36,121,119,119,118,118,118,-999,-999,-3.92
3.3547303676605225,0.20637079946658227,-0.02531686387508258,0.18335546867105265,0.9957966457532483,-0.18488982405742127,0.2684204249478634,0.1894928902165272,-0.08055365778435367,0.051400905443349486,1.0218806873215152,-0.1894928902165272,0.033403430660178556,2,10,62,0,0,106,-50,0,-200,250,0,0,68,156,348,-68,24,500,34,32,36,36,31,36,121,119,119,119,119,118,-999,-999,-3.92
3.371215343475342,0.20330208869384497,-0.02531686387508258,0.17721804712557807,1.001934067298723,-0.18488982405742127,0.2684204249478634,0.18642417944378992,-0.08055365778435367,0.04526348389787492,1.0295524642533582,-0.1879585348301586,0.033403430660178556,1,10,45,0,1,107,-100,0,-200,250,0,0,56,156,352,-80,24,500,34,32,36,35,31,36,121,119,119,119,118,118,-999,-999,-3.92
3.388219118118286,0.20176773330747633,-0.02531686387508258,0.16954627019373486,1.009605844230566,-0.18488982405742127,0.2684204249478634,0.18335546867105265,-0.08055365778435367,0.040660417738769,1.035689885798833,-0.1879585348301586,0.033403430660178556,1,10,41,0,0,111,-100,0,-250,250,0,0,60,156,356,-72,0,500,34,32,36,35,31,36,121,120,119,119,118,118,-999,-999,-3.92
3.40381121635437,0.19869902253473906,-0.02531686387508258,0.16494320403462895,1.0172776211624093,-0.18488982405742127,0.2684204249478634,0.1787524025119467,-0.08055365778435367,0.03759170696603171,1.0418273073443074,-0.1879585348301586,0.033403430660178556,1,14,41,0,0,108,-100,0,-250,300,0,0,60,156,340,-68,0,500,35,32,36,35,32,36,121,119,119,118,112,118,-999,-999,-3.92
3.420652151107788,0.19563031176200177,-0.02531686387508258,0.15880578248915436,1.0249493980942523,-0.18488982405742127,0.2684204249478634,0.1741493363528408,-0.08055365778435367,0.03298864080692579,1.047964728889782,-0.1879585348301586,0.033403430660178556,1,13,46,0,0,105,-100,0,-250,300,0,0,72,156,336,-60,20,500,35,32,36,35,32,36,121,119,119,118,119,118,-999,-999,-3.92
3.4356689453125,0.19256160098926448,-0.02531686387508258,0.1557370717164171,1.0310868196397271,-0.18488982405742127,0.2684204249478634,0.16954627019373486,-0.08055365778435367,0.029919930034188504,1.0525677950488879,-0.18642417944378992,0.033403430660178556,1,14,44,0,0,107,-100,0,-200,250,0,0,76,156,336,-60,20,500,34,32,36,35,31,36,121,119,119,119,118,117,-999,-999,-3.92
3.4518136978149414,0.1894928902165272,-0.02531686387508258,0.15113400555731116,1.0372242411852015,-0.18488982405742127,0.2684204249478634,0.16494320403462895,-0.08055365778435367,0.028385574647819864,1.057170861207994,-0.18642417944378992,0.033403430660178556,1,10,48,0,1,113,-150,0,-200,300,0,0,72,156,336,-52,-20,500,34,32,36,35,32,36,121,119,119,119,117,118,-999,-999,-3.92
3.4682278633117676,0.18488982405742127,-0.02531686387508258,0.1480652947845739,1.043361662730676,-0.18488982405742127,0.2684204249478634,0.160340137875523,-0.08055365778435367,0.026851219261451224,1.0602395719807312,-0.18642417944378992,0.033403430660178556,2,10,45,0,0,105,-150,0,-150,300,0,0,84,156,332,-56,0,500,34,32,36,35,31,36,121,119,119,119,118,118,-999,-999,-3.92
3.482773780822754,0.181821113284684,-0.02531686387508258,0.14499658401183663,1.047964728889782,-0.18488982405742127,0.2684204249478634,0.1557370717164171,-0.08055365778435367,0.026851219261451224,1.0633082827534683,-0.18642417944378992,0.033403430660178556,1,10,38,0,0,103,-150,0,-150,200,0,0,72,156,316,-48,0,500,34,32,36,36,31,36,121,119,119,118,119,118,-999,-999,-3.92
3.499788284301758,0.17721804712557807,-0.02531686387508258,0.1419278732390993,1.0525677950488879,-0.18488982405742127,0.2684204249478634,0.15113400555731116,-0.08055365778435367,0.026851219261451224,1.0663769935262057,-0.18642417944378992,0.033403430660178556,2,13,38,0,0,112,-150,0,-150,250,0,0,80,156,304,-36,0,500,34,32,36,35,32,36,121,119,119,118,118,118,-999,-999,-3.92
3.516211748123169,0.17261498096647215,-0.02531686387508258,0.1403935178527307,1.057170861207994,-0.18488982405742127,0.2684204249478634,0.14499658401183663,-0.08055365778435367,0.026851219261451224,1.0679113489125744,-0.18642417944378992,0.033403430660178556,1,10,42,0,0,108,-150,0,-100,200,0,0,80,156,300,-32,0,500,34,32,36,36,31,36,121,119,119,119,119,118,-999,-999,-3.92
3.5318009853363037,0.16954627019373486,-0.02531686387508258,0.13885916246636204,1.0602395719807312,-0.18488982405742127,0.2684204249478634,0.1403935178527307,-0.08055365778435367,0.026851219261451224,1.0679113489125744,-0.18642417944378992,0.033403430660178556,1,12,43,0,0,110,-200,0,-100,150,0,0,84,156,296,-28,0,500,34,32,36,35,31,36,121,119,119,118,119,118,-999,-999,-3.92
3.547658920288086,0.1634088486482603,-0.02531686387508258,0.13885916246636204,1.0633082827534683,-0.18488982405742127,0.2684204249478634,0.13272174092088748,-0.08055365778435367,0.026851219261451224,1.0694457042989431,-0.18642417944378992,0.033403430660178556,1,10,41,0,0,116,-150,0,-50,150,0,0,96,156,296,-20,0,500,34,32,36,35,31,36,121,119,119,119,119,118,-999,-999,-3.92
3.5636723041534424,0.15880578248915436,-0.02531686387508258,0.1373248070799934,1.0663769935262057,-0.18488982405742127,0.2684204249478634,0.12658431937541292,-0.08055365778435367,0.026851219261451224,1.074048770458049,-0.18642417944378992,0.033403430660178556,2,13,38,0,0,109,-200,0,0,150,0,0,84,156,300,-20,0,500,34,32,36,35,31,36,121,119,119,118,119,118,-999,-999,-3.92
3.5796914100646973,0.15420271633004848,-0.02531686387508258,0.1373248070799934,1.0679113489125744,-0.18488982405742127,0.2684204249478634,0.12198125321630698,-0.08055365778435367,0.026851219261451224,1.0771174812307862,-0.18642417944378992,0.033403430660178556,2,10,38,0,0,111,-200,0,-50,100,0,0,100,156,296,-32,0,500,34,32,36,35,32,36,121,120,119,118,118,118,-999,-999,-3.92
3.595703363418579,0.1480652947845739,-0.02531686387508258,0.1373248070799934,1.0709800596853116,-0.18488982405742127,0.2684204249478634,0.11584383167083243,-0.08055365778435367,0.026851219261451224,1.078651836617155,-0.18642417944378992,0.033403430660178556,1,11,42,0,0,109,-200,0,0,100,0,0,100,156,300,-32,0,500,34,32,36,35,32,36,121,119,120,119,118,118,-999,-999,-3.92
3.611844778060913,0.14346222862546795,-0.02531686387508258,0.1373248070799934,1.074048770458049,-0.18488982405742127,0.2684204249478634,0.10970641012535785,-0.08055365778435367,0.026851219261451224,1.0801861920035236,-0.1879585348301586,0.033403430660178556,2,11,49,0,0,110,-200,0,0,100,0,0,88,156,300,-32,20,500,34,32,36,36,31,36,121,119,119,119,118,118,-999,-999,-3.92
3.627840757369995,0.1373248070799934,-0.02531686387508258,0.1373248070799934,1.0771174812307862,-0.18488982405742127,0.2684204249478634,0.10510334396625193,-0.08055365778435367,0.026851219261451224,1.0801861920035236,-0.1879585348301586,0.033403430660178556,1,13,42,0,0,103,-200,0,0,150,0,0,104,156,300,0,24,500,34,32,36,35,31,38,121,120,119,118,118,118,-999,-999,-3.92
3.6437106132507324,0.13118738553451884,-0.02531686387508258,0.1373248070799934,1.0771174812307862,-0.18488982405742127,0.2684204249478634,0.09896592242077737,-0.08055365778435367,0.026851219261451224,1.0801861920035236,-0.1879585348301586,0.033403430660178556,1,10,39,0,1,108,-250,0,0,150,0,0,92,156,300,0,24,500,34,32,36,35,32,36,121,120,119,118,118,118,-999,-999,-3.92
3.6607003211975098,0.12504996398904428,-0.02531686387508258,0.1373248070799934,1.0771174812307862,-0.18488982405742127,0.2684204249478634,0.0928285008753028,-0.08055365778435367,0.026851219261451224,1.0801861920035236,-0.1879585348301586,0.033403430660178556,2,10,48,1,0,112,-250,0,0,50,0,0,88,156,300,-20,20,500,34,32,36,35,31,36,121,120,119,118,119,118,-999,-999,-3.92
3.676846981048584,0.1189125424435697,-0.02531686387508258,0.1373248070799934,1.078651836617155,-0.18488982405742127,0.2684204249478634,0.08669107932982824,-0.08055365778435367,0.026851219261451224,1.0801861920035236,-0.1879585348301586,0.033403430660178556,2,10,46,0,0,107,-250,0,0,0,0,0,92,156,300,20,20,500,34,32,36,35,31,36,121,119,119,119,118,118,-999,-999,-3.92
3.692875385284424,0.11430947628446378,-0.02531686387508258,0.1373248070799934,1.078651836617155,-0.18488982405742127,0.2684204249478634,0.08055365778435367,-0.08055365778435367,0.026851219261451224,1.0801861920035236,-0.1879585348301586,0.033403430660178556,2,10,48,0,0,108,-200,0,0,50,0,0,92,156,300,20,20,500,35,32,36,35,32,36,121,119,119,119,119,118,-999,-999,-3.92
3.7087018489837646,0.10817205473898922,-0.02531686387508258,0.1373248070799934,1.078651836617155,-0.18488982405742127,0.2684204249478634,0.07441623623887911,-0.08055365778435367,0.026851219261451224,1.0801861920035236,-0.1879585348301586,0.033403430660178556,1,12,46,0,0,105,-250,0,0,0,0,0,96,156,300,0,20,500,34,32,36,36,31,36,121,119,119,118,119,118,-999,-999,-3.92
3.7247109413146973,0.10203463319351465,-0.02531686387508258,0.1373248070799934,1.078651836617155,-0.18488982405742127,0.2684204249478634,0.06827881469340454,-0.08055365778435367,0.026851219261451224,1.0801861920035236,-0.1879585348301586,0.033403430660178556,1,10,43,0,1,109,-250,0,0,0,0,0,96,156,300,0,20,500,34,32,36,36,31,36,121,119,119,118,119,118,-999,-999,-3.92
3.740872383117676,0.09589721164804009,-0.02531686387508258,0.1373248070799934,1.078651836617155,-0.18488982405742127,0.2684204249478634,0.06060703776156134,-0.08055365778435367,0.026851219261451224,1.0801861920035236,-0.1879585348301586,0.033403430660178556,1,10,42,0,0,16,-250,0,0,0,0,0,88,156,300,0,20,200,35,32,36,35,31,36,123,120,121,120,121,121,-999,-999,-3.92
3.7576985359191895,0.08975979010256553,-0.02531686387508258,0.1373248070799934,1.078651836617155,-0.18488982405742127,0.2684204249478634,0.05446961621608677,-0.08055365778435367,0.026851219261451224,1.0801861920035236,-0.1879585348301586,0.033403430660178556,2,11,40,0,0,17,-250,0,0,0,0,0,108,156,300,0,20,200,34,32,36,35,31,36,122,121,121,121,120,121,-999,-999,-3.92
3.773277521133423,0.08362236855709095,-0.02531686387508258,0.1373248070799934,1.078651836617155,-0.18488982405742127,0.2684204249478634,0.0483321946706122,-0.08055365778435367,0.026851219261451224,1.0801861920035236,-0.1879585348301586,0.033403430660178556,0,10,40,0,0,17,-200,0,0,0,0,0,108,156,300,0,20,200,34,32,36,36,31,36,122,121,121,121,121,121,-999,-999,-3.92
3.7897071838378906,0.07748494701161639,-0.02531686387508258,0.1373248070799934,1.078651836617155,-0.18488982405742127,0.2684204249478634,0.040660417738769,-0.08055365778435367,0.026851219261451224,1.0801861920035236,-0.1879585348301586,0.033403430660178556,1,11,48,0,1,20,-300,0,0,0,0,0,92,156,300,0,20,200,35,32,36,35,31,36,122,121,121,121,121,121,-999,-999,-3.92
3.8048691749572754,0.07134752546614181,-0.02531686387508258,0.1373248070799934,1.078651836617155,-0.18488982405742127,0.2684204249478634,0.03298864080692579,-0.08055365778435367,0.026851219261451224,1.0801861920035236,-0.1879585348301586,0.033403430660178556,2,10,46,0,0,16,-200,0,0,0,0,0,108,156,300,0,20,200,35,32,36,35,31,36,123,121,121,121,120,121,-999,-999,-3.92
3.8208703994750977,0.06367574853429861,-0.02531686387508258,0.1373248070799934,1.078651836617155,-0.18488982405742127,0.2684204249478634,0.02531686387508258,-0.08055365778435367,0.026851219261451224,1.0801861920035236,-0.1879585348301586,0.033403430660178556,2,12,43,0,1,16,-250,0,0,0,0,0,108,156,300,0,20,200,34,32,36,35,31,36,122,121,121,121,121,121,-999,-999,-3.92
3.836884021759033,0.05753832698882405,-0.02531686387508258,0.1373248070799934,1.078651836617155,-0.18488982405742127,0.2684204249478634,0.01917944232960802,-0.08055365778435367,0.026851219261451224,1.0801861920035236,-0.1879585348301586,0.033403430660178556,2,11,42,0,0,18,-250,0,0,0,0,0,112,156,300,0,20,200,34,32,36,35,32,36,123,121,121,121,121,121,-999,-999,-3.92
3.8527042865753174,0.051400905443349486,-0.02531686387508258,0.1373248070799934,1.078651836617155,-0.18488982405742127,0.2684204249478634,0.01150766539776481,-0.08055365778435367,0.028385574647819864,1.0801861920035236,-0.1879585348301586,0.033403430660178556,2,12,42,0,1,16,-250,0,0,0,0,0,112,156,300,0,20,200,35,32,36,35,31,36,122,120,121,121,120,121,-999,-999,-3.92
3.8688507080078125,0.04372912851150628,-0.02531686387508258,0.1373248070799934,1.078651836617155,-0.18488982405742127,0.2684204249478634,0.0038358884659216034,-0.08055365778435367,0.029919930034188504,1.0801861920035236,-0.1879585348301586,0.033403430660178556,2,11,38,0,1,18,-300,0,0,0,0,0,112,156,292,0,20,200,34,32,36,35,32,36,123,121,121,121,121,121,-999,-999,-3.92
3.8848743438720703,0.03759170696603171,-0.02531686387508258,0.13579045169362475,1.078651836617155,-0.18488982405742127,0.2684204249478634,-0.005370243852290245,-0.08055365778435367,0.029919930034188504,1.0801861920035236,-0.1879585348301586,0.033403430660178556,2,10,42,0,0,16,-250,0,0,0,0,0,108,156,284,0,20,200,35,32,36,36,32,36,123,121,121,121,121,120,-999,-999,-3.92
3.900723457336426,0.029919930034188504,-0.02531686387508258,0.13579045169362475,1.078651836617155,-0.18488982405742127,0.2684204249478634,-0.014576376170502094,-0.08055365778435367,0.029919930034188504,1.0801861920035236,-0.1879585348301586,0.033403430660178556,3,12,40,0,0,19,-300,0,-50,0,0,0,124,156,280,0,20,200,34,32,36,36,32,36,123,121,121,121,121,121,-999,-999,-3.92
3.9177141189575195,0.0222481531023453,-0.02531686387508258,0.13579045169362475,1.078651836617155,-0.18488982405742127,0.2684204249478634,-0.0222481531023453,-0.08055365778435367,0.03145428542055715,1.0801861920035236,-0.1879585348301586,0.033403430660178556,2,13,37,0,0,22,-300,0,0,0,0,0,128,156,288,0,20,200,34,32,36,35,31,36,123,121,121,121,121,121,-999,-999,-3.92
3.9328606128692627,0.014576376170502094,-0.02531686387508258,0.13579045169362475,1.078651836617155,-0.18488982405742127,0.2684204249478634,-0.029919930034188504,-0.08055365778435367,0.03298864080692579,1.0801861920035236,-0.1879585348301586,0.033403430660178556,1,10,41,0,0,19,-300,0,0,0,0,0,124,156,280,0,20,200,34,32,36,35,31,36,123,121,121,121,120,121,-999,-999,-3.92
3.949293375015259,0.006904599238658886,-0.02531686387508258,0.13579045169362475,1.078651836617155,-0.18488982405742127,0.2684204249478634,-0.03759170696603171,-0.08055365778435367,0.03452299619329443,1.0801861920035236,-0.1879585348301586,0.033403430660178556,2,10,34,0,1,17,-300,0,0,0,0,0,124,156,276,0,20,200,34,32,36,35,32,36,123,121,121,121,121,121,-999,-999,-3.92
3.9647183418273926,-0.0007671776931843208,-0.02531686387508258,0.13579045169362475,1.078651836617155,-0.18488982405742127,0.2684204249478634,-0.04526348389787492,-0.08055365778435367,0.03452299619329443,1.0801861920035236,-0.1879585348301586,0.033403430660178556,2,10,38,0,1,18,-350,0,0,0,0,0,112,156,272,0,20,200,34,32,36,35,31,36,123,121,121,121,121,121,-999,-999,-3.92
3.981858730316162,-0.009973310011396168,-0.02531686387508258,0.13579045169362475,1.078651836617155,-0.18488982405742127,0.2684204249478634,-0.05446961621608677,-0.08055365778435367,0.036057351579663076,1.0801861920035236,-0.1879585348301586,0.033403430660178556,2,12,33,0,1,16,-300,0,0,0,0,0,120,156,272,0,20,200,34,32,36,35,31,36,122,121,121,121,121,121,-999,-999,-3.92
3.9978702068328857,-0.017645086943239376,-0.02531686387508258,0.13579045169362475,1.078651836617155,-0.18488982405742127,0.2684204249478634,-0.06367574853429861,-0.08055365778435367,0.036057351579663076,1.0801861920035236,-0.1879585348301586,0.033403430660178556,2,14,38,0,1,17,-300,0,0,0,0,0,124,156,272,0,20,200,34,32,36,35,31,36,122,121,121,120,121,122,-999,-999,-3.92
4.0138795375823975,-0.02531686387508258,-0.02531686387508258,0.13579045169362475,1.078651836617155,-0.18488982405742127,0.2684204249478634,-0.07134752546614181,-0.08055365778435367,0.036057351579663076,1.0801861920035236,-0.1879585348301586,0.033403430660178556,3,14,32,0,1,17,-300,0,0,0,0,0,128,156,268,0,20,200,34,32,36,35,31,36,122,121,121,121,121,121,-999,-999,-3.92
4.029744625091553,-0.03452299619329443,-0.02531686387508258,0.13579045169362475,1.078651836617155,-0.18488982405742127,0.2684204249478634,-0.07901930239798503,-0.08055365778435367,0.036057351579663076,1.0801861920035236,-0.1879585348301586,0.033403430660178556,2,13,33,0,0,17,-350,0,0,0,0,0,128,156,272,0,20,200,34,32,36,35,31,36,123,121,121,121,121,121,-999,-999,-3.92
4.045720338821411,-0.042194773125137634,-0.02531686387508258,0.13579045169362475,1.078651836617155,-0.18488982405742127,0.2684204249478634,-0.08669107932982824,-0.07901930239798503,0.036057351579663076,1.0801861920035236,-0.1879585348301586,0.033403430660178556,2,11,37,0,0,20,-350,0,0,0,0,0,112,156,272,0,20,200,34,32,36,36,31,36,123,121,121,121,121,122,-999,-999,-3.92
4.061906099319458,-0.051400905443349486,-0.02531686387508258,0.13579045169362475,1.078651836617155,-0.18488982405742127,0.2684204249478634,-0.09436285626167144,-0.07748494701161639,0.036057351579663076,1.0801861920035236,-0.1879585348301586,0.033403430660178556,2,9,32,0,0,16,-300,0,0,0,0,0,120,152,272,0,20,200,34,32,36,35,32,36,122,121,122,121,121,121,-999,-999,-3.92
4.076741695404053,-0.05907268237519269,-0.02531686387508258,0.13579045169362475,1.078651836617155,-0.18488982405742127,0.2684204249478634,-0.10203463319351465,-0.07748494701161639,0.036057351579663076,1.0801861920035236,-0.1879585348301586,0.033403430660178556,1,9,32,0,1,18,-350,0,0,0,0,0,120,144,272,0,20,200,34,32,36,35,31,36,123,121,121,121,121,121,-999,-999,-3.92
4.093720436096191,-0.0667444593070359,-0.02531686387508258,0.13579045169362475,1.078651836617155,-0.18488982405742127,0.2684204249478634,-0.11124076551172649,-0.07595059162524774,0.03759170696603171,1.0801861920035236,-0.1879585348301586,0.033403430660178556,2,10,32,0,0,16,-300,0,0,0,0,0,104,144,272,0,20,200,34,32,36,36,32,36,123,121,122,121,121,121,-999,-999,-3.92
4.1099162101745605,-0.07595059162524774,-0.02531686387508258,0.13579045169362475,1.078651836617155,-0.18488982405742127,0.2684204249478634,-0.12044689782993835,-0.07595059162524774,0.03759170696603171,1.0801861920035236,-0.1879585348301586,0.033403430660178556,2,8,33,0,1,18,-300,0,0,0,0,0,128,140,264,0,20,200,34,32,36,35,31,36,123,121,121,121,121,121,-999,-999,-3.92
4.125917673110962,-0.08362236855709095,-0.02531686387508258,0.13579045169362475,1.078651836617155,-0.18488982405742127,0.2684204249478634,-0.12811867476178154,-0.07595059162524774,0.03759170696603171,1.0801861920035236,-0.1894928902165272,0.033403430660178556,3,10,37,0,1,20,-350,0,0,0,0,0,132,144,268,0,24,200,34,32,36,35,31,36,122,121,121,121,121,122,-999,-999,-3.92
4.141895294189453,-0.09129414548893416,-0.02531686387508258,0.13579045169362475,1.078651836617155,-0.18488982405742127,0.2684204249478634,-0.13579045169362475,-0.07595059162524774,0.03759170696603171,1.0801861920035236,-0.1894928902165272,0.033403430660178556,2,9,33,0,1,18,-300,0,0,0,0,0,120,144,268,0,24,200,36,32,36,35,31,36,123,121,121,121,121,121,-999,-999,-3.92
4.158761024475098,-0.09896592242077737,-0.02531686387508258,0.13579045169362475,1.078651836617155,-0.18488982405742127,0.2684204249478634,-0.14346222862546795,-0.07595059162524774,0.03759170696603171,1.0801861920035236,-0.1894928902165272,0.033403430660178556,1,10,38,0,0,16,-350,0,0,0,0,0,112,144,268,0,28,200,34,32,36,35,32,36,123,120,122,121,121,122,-999,-999,-3.92
4.174765348434448,-0.10817205473898922,-0.02531686387508258,0.13579045169362475,1.078651836617155,-0.18488982405742127,0.2684204249478634,-0.1526683609436798,-0.07595059162524774,0.03759170696603171,1.0801861920035236,-0.1894928902165272,0.033403430660178556,2,9,33,0,0,16,-300,0,0,0,0,0,124,144,268,0,24,200,34,32,36,35,31,36,123,121,120,121,121,121,-999,-999,-3.92
4.190896511077881,-0.11584383167083243,-0.02531686387508258,0.13579045169362475,1.078651836617155,-0.18488982405742127,0.2684204249478634,-0.160340137875523,-0.07595059162524774,0.03759170696603171,1.0801861920035236,-0.1894928902165272,0.033403430660178556,2,9,39,0,1,18,-300,0,0,0,0,0,120,144,268,0,24,200,34,32,36,35,31,36,122,121,121,121,121,121,-999,-999,-3.92
4.206780910491943,-0.12504996398904428,-0.02531686387508258,0.13579045169362475,1.078651836617155,-0.18488982405742127,0.2684204249478634,-0.1680119148073662,-0.07595059162524774,0.03759170696603171,1.0801861920035236,-0.1894928902165272,0.033403430660178556,1,10,33,0,0,16,-350,0,0,0,0,0,120,144,268,0,24,200,34,32,36,35,31,36,123,121,121,121,121,121,-999,-999,-3.92
4.222801446914673,-0.13272174092088748,-0.02531686387508258,0.13579045169362475,1.078651836617155,-0.18488982405742127,0.2684204249478634,-0.1741493363528408,-0.07595059162524774,0.03759170696603171,1.0801861920035236,-0.1894928902165272,0.033403430660178556,2,11,32,0,0,20,-300,0,0,0,0,0,120,144,268,0,24,200,34,32,36,35,31,36,123,121,121,121,121,121,-999,-999,-3.92
4.239312171936035,-0.1403935178527307,-0.02531686387508258,0.13579045169362475,1.078651836617155,-0.18488982405742127,0.2684204249478634,-0.18335546867105265,-0.07595059162524774,0.03759170696603171,1.0801861920035236,-0.1894928902165272,0.033403430660178556,1,9,36,0,1,21,-350,0,0,0,0,0,112,144,268,0,24,200,34,32,36,36,31,36,123,121,121,121,121,120,-999,-999,-3.92
4.254793643951416,-0.1480652947845739,-0.02531686387508258,0.13579045169362475,1.078651836617155,-0.18488982405742127,0.2684204249478634,-0.19102724560289586,-0.07595059162524774,0.03759170696603171,1.0801861920035236,-0.1894928902165272,0.033403430660178556,1,11,40,0,0,16,-300,0,0,0,0,0,104,144,268,0,24,200,34,32,36,36,32,36,123,121,121,120,121,121,-999,-999,-3.92
4.269915819168091,-0.1557370717164171,-0.02531686387508258,0.13579045169362475,1.078651836617155,-0.18488982405742127,0.2684204249478634,-0.19716466714837041,-0.07595059162524774,0.03759170696603171,1.0801861920035236,-0.1894928902165272,0.033403430660178556,3,8,30,0,1,17,-300,0,0,0,0,0,120,144,268,0,24,200,35,32,36,36,31,36,123,121,121,121,121,121,-999,-999,-3.92
4.286937952041626,-0.1634088486482603,-0.02531686387508258,0.13579045169362475,1.078651836617155,-0.18488982405742127,0.2684204249478634,-0.20483644408021362,-0.07595059162524774,0.03759170696603171,1.0801861920035236,-0.1894928902165272,0.033403430660178556,1,8,38,0,0,17,-300,0,0,0,0,0,116,144,268,0,24,200,34,32,36,36,31,36,122,121,121,121,121,122,-999,-999,-3.92
4.302890300750732,-0.17108062558010353,-0.02531686387508258,0.13579045169362475,1.078651836617155,-0.18488982405742127,0.2684204249478634,-0.21097386562568818,-0.07595059162524774,0.03759170696603171,1.0801861920035236,-0.1894928902165272,0.033403430660178556,2,10,36,0,1,19,-350,0,0,0,0,0,104,144,268,0,24,200,34,32,36,35,31,36,123,121,121,121,121,121,-999,-999,-3.92
4.318797826766968,-0.1787524025119467,-0.02531686387508258,0.13579045169362475,1.078651836617155,-0.18488982405742127,0.2684204249478634,-0.21864564255753138,-0.07441623623887911,0.03759170696603171,1.0801861920035236,-0.1894928902165272,0.033403430660178556,2,11,34,0,0,21,-300,0,0,0,0,0,108,144,268,0,24,200,34,32,36,35,31,36,123,121,121,121,121,121,-999,-999,-3.92
4.33578085899353,-0.18642417944378992,-0.02531686387508258,0.13579045169362475,1.078651836617155,-0.18488982405742127,0.2684204249478634,-0.22478306410300597,-0.07441623623887911,0.03759170696603171,1.0801861920035236,-0.1894928902165272,0.033403430660178556,2,8,35,0,0,16,-300,0,0,0,0,0,108,140,268,0,24,200,34,32,36,35,31,36,123,121,122,121,121,121,-999,-999,-3.92
4.350947856903076,-0.19409595637563312,-0.02531686387508258,0.13579045169362475,1.078651836617155,-0.18488982405742127,0.2684204249478634,-0.2309204856484805,-0.07441623623887911,0.03759170696603171,1.0801861920035236,-0.1894928902165272,0.033403430660178556,1,8,33,0,0,16,-300,0,0,0,0,0,100,136,268,0,24,200,34,32,36,36,32,36,122,121,121,120,121,121,-999,-999,-3.92
4.366823673248291,-0.20176773330747633,-0.02531686387508258,0.13579045169362475,1.078651836617155,-0.18488982405742127,0.2684204249478634,-0.2370579071939551,-0.07441623623887911,0.03759170696603171,1.0801861920035236,-0.1894928902165272,0.033403430660178556,2,8,33,0,1,17,-300,0,0,0,0,0,100,140,268,0,24,200,36,32,36,36,32,36,122,121,121,121,121,122,-999,-999,-3.92
4.382927179336548,-0.2079051548529509,-0.02531686387508258,0.13579045169362475,1.078651836617155,-0.18488982405742127,0.2684204249478634,-0.24319532873942967,-0.07441623623887911,0.03759170696603171,1.0801861920035236,-0.1894928902165272,0.033403430660178556,1,10,35,0,1,19,-300,0,0,0,0,0,96,140,268,0,24,200,34,32,36,35,31,36,123,121,121,121,121,122,-999,-999,-3.92
4.398792743682861,-0.21557693178479412,-0.02531686387508258,0.13579045169362475,1.078651836617155,-0.18488982405742127,0.2684204249478634,-0.24933275028490423,-0.07441623623887911,0.03759170696603171,1.0801861920035236,-0.1894928902165272,0.033403430660178556,1,8,31,0,0,22,-250,0,0,0,0,0,96,140,268,0,24,200,34,32,36,35,32,36,123,121,121,121,121,121,-999,-999,-3.92
4.4147984981536865,-0.22171435333026868,-0.02531686387508258,0.13579045169362475,1.078651836617155,-0.18488982405742127,0.2684204249478634,-0.2554701718303788,-0.07441623623887911,0.03759170696603171,1.0801861920035236,-0.1894928902165272,0.033403430660178556,1,8,40,0,1,16,-300,0,0,0,0,0,92,140,268,0,24,200,34,32,36,35,32,36,123,121,121,121,121,121,-999,-999,-3.92
4.430828332901001,-0.22785177487574323,-0.02531686387508258,0.13579045169362475,1.078651836617155,-0.18488982405742127,0.2684204249478634,-0.2616075933758534,-0.07441623623887911,0.03759170696603171,1.0801861920035236,-0.1894928902165272,0.033403430660178556,1,8,32,0,1,20,-250,0,0,0,0,0,96,140,268,0,24,200,34,32,36,35,31,36,123,120,121,121,121,121,-999,-999,-3.92
4.4477972984313965,-0.23398919642121782,-0.02531686387508258,0.13579045169362475,1.078651836617155,-0.18488982405742127,0.2684204249478634,-0.2662106595349593,-0.07441623623887911,0.03759170696603171,1.0801861920035236,-0.1894928902165272,0.033403430660178556,1,8,35,0,0,18,-250,0,0,0,0,0,100,140,268,0,24,200,34,32,36,36,31,36,123,121,121,121,121,121,-999,-999,-3.92
4.462828874588013,-0.24012661796669238,-0.02531686387508258,0.13579045169362475,1.078651836617155,-0.18488982405742127,0.2684204249478634,-0.2708137256940652,-0.07441623623887911,0.03759170696603171,1.0801861920035236,-0.1894928902165272,0.033403430660178556,0,10,34,0,1,22,-250,0,0,0,0,0,96,140,268,0,24,200,34,32,36,35,31,36,123,121,121,121,121,121,-999,-999,-3.92
4.479925155639648,-0.24626403951216694,-0.02531686387508258,0.13579045169362475,1.078651836617155,-0.18488982405742127,0.2684204249478634,-0.2769511472395398,-0.07441623623887911,0.03759170696603171,1.0801861920035236,-0.1894928902165272,0.033403430660178556,0,8,34,0,0,22,-250,0,0,0,0,0,76,140,268,0,24,200,35,32,37,35,32,36,122,121,121,121,121,121,-999,-999,-3.92
4.495970249176025,-0.25086710567127285,-0.02531686387508258,0.13579045169362475,1.078651836617155,-0.18488982405742127,0.2684204249478634,-0.28155421339864567,-0.07441623623887911,0.03759170696603171,1.0801861920035236,-0.1894928902165272,0.033403430660178556,2,8,30,0,0,16,-250,0,0,0,0,0,88,140,268,0,24,200,34,32,36,35,32,36,123,121,121,121,121,121,-999,-999,-3.92
4.5119547843933105,-0.25700452721674744,-0.02531686387508258,0.13579045169362475,1.078651836617155,-0.18488982405742127,0.2684204249478634,-0.2876916349441202,-0.07441623623887911,0.03759170696603171,1.0801861920035236,-0.1894928902165272,0.033403430660178556,1,8,34,0,0,16,-200,0,0,0,0,0,92,140,268,0,24,200,34,32,36,35,31,36,123,121,121,121,121,121,-999,-999,-3.92
4.527953147888184,-0.2616075933758534,-0.02531686387508258,0.13579045169362475,1.078651836617155,-0.18488982405742127,0.2684204249478634,-0.2922947011032262,-0.07441623623887911,0.03759170696603171,1.0801861920035236,-0.1894928902165272,0.033403430660178556,1,8,37,0,1,20,-200,0,0,0,0,0,84,140,268,0,24,200,34,32,36,35,31,36,122,121,121,121,121,121,-999,-999,-3.92
4.54395318031311,-0.2677450149213279,-0.02531686387508258,0.13579045169362475,1.078651836617155,-0.18488982405742127,0.2684204249478634,-0.2968977672623321,-0.07441623623887911,0.03759170696603171,1.0801861920035236,-0.1894928902165272,0.033403430660178556,2,9,34,0,1,21,-200,0,0,0,0,0,88,140,268,0,24,200,34,32,36,35,32,36,123,121,121,121,121,121,-999,-999,-3.92
4.5594260692596436,-0.27234808108043385,-0.02531686387508258,0.13579045169362475,1.078651836617155,-0.18488982405742127,0.2684204249478634,-0.301500833421438,-0.07441623623887911,0.03759170696603171,1.0801861920035236,-0.1894928902165272,0.033403430660178556,1,10,38,0,1,17,-200,0,0,0,0,0,84,140,268,0,24,200,34,32,36,35,31,36,123,121,121,121,121,122,-999,-999,-3.92
4.575819730758667,-0.2769511472395398,-0.02531686387508258,0.13579045169362475,1.078651836617155,-0.18488982405742127,0.2684204249478634,-0.30456954419417526,-0.07441623623887911,0.03759170696603171,1.0801861920035236,-0.1894928902165272,0.033403430660178556,2,8,35,0,0,20,-250,0,0,0,0,0,84,140,268,0,24,200,34,32,36,35,31,36,123,121,121,121,121,121,-999,-999,-3.92
4.591820240020752,-0.28155421339864567,-0.02531686387508258,0.13579045169362475,1.078651836617155,-0.18488982405742127,0.2684204249478634,-0.30917261035328125,-0.07288188085251047,0.03759170696603171,1.0801861920035236,-0.1894928902165272,0.033403430660178556,1,9,38,0,0,16,-200,0,0,0,0,0,76,140,268,0,24,200,36,32,36,36,31,36,123,121,121,121,121,121,-999,-999,-3.92
4.608003377914429,-0.2861572795577516,-0.02531686387508258,0.13579045169362475,1.078651836617155,-0.18488982405742127,0.2684204249478634,-0.31224132112601855,-0.07288188085251047,0.039126062352400355,1.081720547389892,-0.1894928902165272,0.033403430660178556,1,8,35,0,0,16,-150,0,0,0,0,0,76,132,268,0,24,200,34,32,36,35,31,36,123,121,121,121,121,121,-999,-999,-3.92
4.623870134353638,-0.29076034571685755,-0.02531686387508258,0.13579045169362475,1.078651836617155,-0.18488982405742127,0.2684204249478634,-0.3153100318987558,-0.07288188085251047,0.04372912851150628,1.081720547389892,-0.1894928902165272,0.033403430660178556,1,8,29,0,1,21,-150,0,0,0,0,0,72,136,260,-20,24,200,34,32,36,35,31,36,123,121,121,121,121,122,-999,-999,-3.92
4.639954566955566,-0.2953634118759635,-0.02531686387508258,0.13579045169362475,1.078651836617155,-0.18488982405742127,0.2684204249478634,-0.31684438728512443,-0.07288188085251047,0.049866550056980846,1.081720547389892,-0.1894928902165272,0.033403430660178556,0,8,29,0,1,16,-200,0,0,0,0,0,68,136,248,-24,24,200,34,32,36,35,31,36,123,121,122,121,121,121,-999,-999,-3.92
4.655945062637329,-0.2999664780350694,-0.02531686387508258,0.13579045169362475,1.078651836617155,-0.18488982405742127,0.2684204249478634,-0.3199130980578617,-0.07288188085251047,0.05753832698882405,1.081720547389892,-0.1894928902165272,0.033403430660178556,1,10,23,1,0,20,-200,0,0,0,0,0,60,136,224,-20,24,200,34,32,36,35,31,37,123,121,122,121,121,122,-999,-999,-3.92
4.671912908554077,-0.30303518880780667,-0.02531686387508258,0.13579045169362475,1.078651836617155,-0.18488982405742127,0.2684204249478634,-0.3214474534442303,-0.07288188085251047,0.06521010392066726,1.0801861920035236,-0.1894928902165272,0.033403430660178556,0,8,20,0,1,19,-150,0,0,0,0,0,64,136,192,20,24,200,34,32,36,35,32,36,123,121,122,121,121,121,-999,-999,-3.92
4.687911510467529,-0.30610389958054396,-0.02531686387508258,0.13579045169362475,1.078651836617155,-0.18488982405742127,0.2684204249478634,-0.322981808830599,-0.07441623623887911,0.07134752546614181,1.0801861920035236,-0.1894928902165272,0.033403430660178556,0,10,16,0,0,20,-150,0,0,0,0,0,48,140,172,20,24,200,34,32,36,35,31,36,123,121,122,121,121,121,-999,-999,-3.92
4.7038798332214355,-0.3107069657396499,-0.02531686387508258,0.13579045169362475,1.078651836617155,-0.18488982405742127,0.2684204249478634,-0.32451616421696766,-0.07441623623887911,0.07748494701161639,1.0801861920035236,-0.19102724560289586,0.033403430660178556,0,10,10,0,1,17,-150,0,0,0,0,0,48,144,156,0,28,200,34,32,36,35,31,36,123,122,123,122,121,121,-999,-999,-3.92
4.720841407775879,-0.31377567651238714,-0.02531686387508258,0.13579045169362475,1.078651836617155,-0.18488982405742127,0.2684204249478634,-0.32758487498970495,-0.07441623623887911,0.08208801317072231,1.0801861920035236,-0.19102724560289586,0.033403430660178556,1,9,12,0,1,19,-150,0,0,0,0,0,44,140,140,0,32,200,34,32,36,35,31,36,123,121,122,121,121,121,-999,-999,-3.92
4.736982822418213,-0.3153100318987558,-0.02531686387508258,0.13579045169362475,1.078651836617155,-0.18488982405742127,0.2684204249478634,-0.3306535857624422,-0.07441623623887911,0.08822543471619687,1.0801861920035236,-0.19102724560289586,0.033403430660178556,1,8,7,0,1,18,-100,0,0,0,0,0,44,140,136,0,32,200,34,32,36,35,31,36,123,121,122,122,121,121,-999,-999,-3.92
4.753007650375366,-0.3183787426714931,-0.02531686387508258,0.13579045169362475,1.078651836617155,-0.18488982405742127,0.2684204249478634,-0.3337222965351795,-0.07441623623887911,0.0928285008753028,1.0801861920035236,-0.19102724560289586,0.033403430660178556,0,9,5,0,1,16,-100,0,0,0,0,0,52,140,120,0,28,200,34,32,36,36,31,36,123,122,122,122,122,122,-999,-999,-3.92
4.768872499465942,-0.3199130980578617,-0.02531686387508258,0.1373248070799934,1.078651836617155,-0.18488982405742127,0.2684204249478634,-0.33525665192154813,-0.07441623623887911,0.09743156703440872,1.0801861920035236,-0.19102724560289586,0.033403430660178556,1,11,5,0,0,19,-100,0,0,0,0,0,56,140,108,0,28,200,34,32,36,36,31,36,123,121,122,121,122,122,-999,-999,-3.92
4.784878969192505,-0.322981808830599,-0.02531686387508258,0.1373248070799934,1.078651836617155,-0.18488982405742127,0.2684204249478634,-0.3367910073079168,-0.07441623623887911,0.10203463319351465,1.0801861920035236,-0.19102724560289586,0.033403430660178556,0,9,5,0,1,20,-100,0,0,0,0,0,48,140,108,0,28,200,34,32,36,35,32,36,123,122,122,122,122,121,-999,-999,-3.92
4.8008763790130615,-0.32451616421696766,-0.02531686387508258,0.1373248070799934,1.0801861920035236,-0.18488982405742127,0.2684204249478634,-0.3367910073079168,-0.07441623623887911,0.10663769935262057,1.078651836617155,-0.19102724560289586,0.033403430660178556,0,8,4,0,1,16,-100,0,50,0,0,0,40,140,96,0,28,200,34,32,36,36,31,36,124,122,122,121,122,122,-999,-999,-3.92
4.817016363143921,-0.3260505196033363,-0.02531686387508258,0.1373248070799934,1.0801861920035236,-0.18488982405742127,0.2684204249478634,-0.33832536269428537,-0.07441623623887911,0.10970641012535785,1.078651836617155,-0.19102724560289586,0.033403430660178556,1,9,3,0,0,16,-100,0,0,0,0,0,40,140,76,0,28,200,34,32,36,36,32,36,123,122,122,121,122,121,-999,-999,-3.92
4.832995653152466,-0.32758487498970495,-0.02531686387508258,0.1373248070799934,1.0801861920035236,-0.18488982405742127,0.2684204249478634,-0.33832536269428537,-0.07441623623887911,0.11430947628446378,1.0771174812307862,-0.19102724560289586,0.033403430660178556,0,10,3,0,1,20,-50,0,0,50,0,0,44,140,68,24,28,200,34,32,36,35,31,36,123,122,122,122,122,122,-999,-999,-3.92
4.848998785018921,-0.32758487498970495,-0.02531686387508258,0.1373248070799934,1.0801861920035236,-0.18488982405742127,0.2684204249478634,-0.33832536269428537,-0.07441623623887911,0.11737818705720107,1.0771174812307862,-0.19102724560289586,0.033403430660178556,0,10,2,0,0,16,-50,0,0,0,0,0,36,140,64,24,28,200,34,32,36,35,32,36,123,122,122,122,121,121,-999,-999,-3.92
4.864861726760864,-0.3291192303760736,-0.02531686387508258,0.13885916246636204,1.0801861920035236,-0.18488982405742127,0.2684204249478634,-0.33832536269428537,-0.07441623623887911,0.12044689782993835,1.0771174812307862,-0.19102724560289586,0.033403430660178556,1,9,2,0,0,17,-50,0,0,0,0,0,32,140,56,20,28,200,34,32,36,35,31,36,123,122,122,122,122,122,-999,-999,-3.92
4.881001710891724,-0.3306535857624422,-0.02531686387508258,0.1403935178527307,1.0801861920035236,-0.18488982405742127,0.2684204249478634,-0.339859718080654,-0.07441623623887911,0.12351560860267563,1.0771174812307862,-0.19102724560289586,0.033403430660178556,1,9,2,0,1,19,-50,0,50,0,0,0,44,140,60,20,28,200,34,32,36,35,31,36,123,121,122,122,121,121,-999,-999,-3.92
4.897003889083862,-0.3306535857624422,-0.02531686387508258,0.1403935178527307,1.0801861920035236,-0.18488982405742127,0.2684204249478634,-0.339859718080654,-0.07441623623887911,0.12658431937541292,1.0771174812307862,-0.19102724560289586,0.033403430660178556,0,11,2,0,1,16,0,0,50,0,0,0,40,140,52,20,28,200,34,32,36,36,32,36,124,122,122,121,122,121,-999,-999,-3.92
4.914025783538818,-0.33218794114881084,-0.02531686387508258,0.1403935178527307,1.0801861920035236,-0.18488982405742127,0.2684204249478634,-0.34446278423976,-0.07441623623887911,0.1296530301481502,1.0771174812307862,-0.19102724560289586,0.033403430660178556,0,8,1,0,0,17,-50,0,0,0,0,0,36,140,40,20,28,200,34,32,36,36,31,36,123,122,122,122,122,122,-999,-999,-3.92
4.9290244579315186,-0.33218794114881084,-0.02531686387508258,0.1419278732390993,1.0801861920035236,-0.18488982405742127,0.2684204249478634,-0.34753149501249725,-0.07441623623887911,0.13425609630725613,1.0771174812307862,-0.19102724560289586,0.033403430660178556,2,8,1,0,1,20,-50,0,0,0,0,0,52,140,28,20,28,200,34,32,36,36,32,36,123,122,122,122,122,122,-999,-999,-3.92
4.9450132846832275,-0.33218794114881084,-0.02531686387508258,0.14346222862546795,1.0801861920035236,-0.18488982405742127,0.2684204249478634,-0.3490658503988659,-0.07441623623887911,0.13579045169362475,1.0771174812307862,-0.19102724560289586,0.033403430660178556,2,9,1,0,1,17,0,0,50,0,0,0,68,140,24,20,28,200,34,32,36,35,31,36,124,122,122,122,122,122,-999,-999,-3.92
4.9618871212005615,-0.33525665192154813,-0.02531686387508258,0.14653093939820525,1.0801861920035236,-0.18488982405742127,0.2684204249478634,-0.35060020578523454,-0.07441623623887911,0.1403935178527307,1.0771174812307862,-0.19102724560289586,0.033403430660178556,1,8,2,1,1,16,-50,0,50,0,0,0,56,140,36,20,28,200,34,32,36,35,32,36,123,122,122,121,121,122,-999,-999,-3.92
4.976886510848999,-0.3367910073079168,-0.02531686387508258,0.1480652947845739,1.0801861920035236,-0.18488982405742127,0.2684204249478634,-0.35366891655797184,-0.07441623623887911,0.14499658401183663,1.0771174812307862,-0.19102724560289586,0.033403430660178556,2,9,0,1,0,19,-50,0,100,0,0,0,56,140,32,20,28,200,34,32,36,35,32,36,123,121,122,121,121,123,-999,-999,-3.92
4.994018316268921,-0.33832536269428537,-0.02531686387508258,0.1526683609436798,1.0801861920035236,-0.18488982405742127,0.2684204249478634,-0.35366891655797184,-0.07441623623887911,0.1480652947845739,1.0771174812307862,-0.19102724560289586,0.033403430660178556,1,10,0,0,1,21,-50,0,100,0,0,0,60,140,20,20,28,200,34,32,36,36,32,36,123,122,122,122,122,122,-999,-999,-3.92
5.0088951587677,-0.33832536269428537,-0.02531686387508258,0.1557370717164171,1.0801861920035236,-0.18488982405742127,0.2684204249478634,-0.35366891655797184,-0.07441623623887911,0.15113400555731116,1.0771174812307862,-0.19102724560289586,0.033403430660178556,1,9,1,0,0,20,-100,0,150,0,0,0,52,140,24,20,28,200,34,32,36,36,32,36,124,122,122,121,121,122,-999,-999,-3.92
5.025456428527832,-0.339859718080654,-0.02531686387508258,0.160340137875523,1.0801861920035236,-0.18488982405742127,0.2684204249478634,-0.35366891655797184,-0.07441623623887911,0.15420271633004848,1.0771174812307862,-0.19102724560289586,0.033403430660178556,1,8,2,0,0,18,0,0,150,0,0,0,48,140,40,20,28,200,34,32,36,35,31,36,123,122,122,120,121,122,-999,-999,-3.92
5.042048692703247,-0.339859718080654,-0.02531686387508258,0.16494320403462895,1.0801861920035236,-0.18488982405742127,0.2684204249478634,-0.35366891655797184,-0.07441623623887911,0.15727142710278574,1.0755831258444175,-0.19102724560289586,0.033403430660178556,1,9,1,0,1,16,-50,0,150,0,0,0,44,140,32,24,28,200,34,32,36,35,32,36,124,122,122,122,121,121,-999,-999,-3.92
5.0580222606658936,-0.3413940734670227,-0.02531686387508258,0.1680119148073662,1.0801861920035236,-0.18488982405742127,0.2684204249478634,-0.35366891655797184,-0.07441623623887911,0.15880578248915436,1.0755831258444175,-0.19102724560289586,0.033403430660178556,0,8,1,0,1,18,-50,0,200,0,0,0,44,140,36,28,28,200,34,32,36,35,32,36,123,122,122,122,121,122,-999,-999,-3.92
5.07400918006897,-0.34292842885339136,-0.02531686387508258,0.17108062558010353,1.0801861920035236,-0.18488982405742127,0.2684204249478634,-0.3552032719443404,-0.07441623623887911,0.16187449326189168,1.0755831258444175,-0.19102724560289586,0.033403430660178556,1,10,2,0,0,17,-50,0,100,0,0,0,44,140,44,24,28,200,34,32,36,35,31,36,123,121,122,121,122,121,-999,-999,-3.92
5.089465379714966,-0.34446278423976,-0.02531686387508258,0.17568369173920942,1.0801861920035236,-0.18488982405742127,0.2684204249478634,-0.3552032719443404,-0.07441623623887911,0.16187449326189168,1.0755831258444175,-0.19102724560289586,0.033403430660178556,0,10,2,0,0,20,-50,0,150,0,0,0,40,140,48,24,28,200,34,32,36,35,32,36,124,122,122,122,122,122,-999,-999,-3.92
5.106520175933838,-0.34446278423976,-0.02531686387508258,0.17721804712557807,1.0801861920035236,-0.18488982405742127,0.2684204249478634,-0.3552032719443404,-0.07441623623887911,0.16187449326189168,1.0755831258444175,-0.19102724560289586,0.033403430660178556,1,9,3,1,0,16,-50,0,150,0,0,0,36,140,56,24,28,200,34,32,36,35,31,36,124,121,122,122,122,122,-999,-999,-3.92
5.120864629745483,-0.34446278423976,-0.02531686387508258,0.1787524025119467,1.0801861920035236,-0.18488982405742127,0.2684204249478634,-0.3552032719443404,-0.07441623623887911,0.16187449326189168,1.0755831258444175,-0.19102724560289586,0.033403430660178556,1,8,3,1,1,20,0,0,150,0,0,0,40,140,64,24,28,200,34,32,36,35,32,36,124,122,122,122,122,122,-999,-999,-3.92
5.1379172801971436,-0.34599713962612866,-0.02531686387508258,0.18028675789831536,1.0801861920035236,-0.18488982405742127,0.2684204249478634,-0.3552032719443404,-0.07441623623887911,0.16187449326189168,1.0771174812307862,-0.19102724560289586,0.033403430660178556,0,11,2,0,0,17,0,0,100,0,0,0,32,140,68,24,28,200,34,32,36,35,31,36,123,121,122,122,122,121,-999,-999,-3.92
5.155043601989746,-0.34599713962612866,-0.02531686387508258,0.18028675789831536,1.0801861920035236,-0.18488982405742127,0.2684204249478634,-0.3567376273307091,-0.07441623623887911,0.16187449326189168,1.0771174812307862,-0.19102724560289586,0.033403430660178556,1,11,2,0,0,21,-50,0,50,0,0,0,36,140,64,0,28,200,34,32,36,35,31,36,124,122,122,122,122,121,-999,-999,-3.92
5.1699700355529785,-0.34599713962612866,-0.02531686387508258,0.18028675789831536,1.0801861920035236,-0.18488982405742127,0.2684204249478634,-0.3582719827170778,-0.07288188085251047,0.16187449326189168,1.0771174812307862,-0.19102724560289586,0.033403430660178556,0,8,3,0,1,17,0,0,0,0,0,0,48,140,60,20,28,200,34,32,36,35,31,36,123,122,122,121,122,122,-999,-999,-3.92
5.185917139053345,-0.34753149501249725,-0.02531686387508258,0.181821113284684,1.0801861920035236,-0.18488982405742127,0.2684204249478634,-0.36134069348981507,-0.07288188085251047,0.16187449326189168,1.0771174812307862,-0.19102724560289586,0.033403430660178556,1,10,3,0,1,17,0,0,0,0,0,0,52,136,64,20,28,200,34,32,36,35,31,36,124,122,122,122,122,122,-999,-999,-3.92
5.201904296875,-0.34753149501249725,-0.02531686387508258,0.181821113284684,1.0801861920035236,-0.18488982405742127,0.2684204249478634,-0.36134069348981507,-0.07288188085251047,0.16187449326189168,1.0771174812307862,-0.19102724560289586,0.033403430660178556,2,8,2,0,0,18,-50,0,0,0,0,0,52,132,68,20,28,200,34,32,36,35,31,36,123,122,122,122,122,122,-999,-999,-3.92
5.2174787521362305,-0.34753149501249725,-0.02531686387508258,0.181821113284684,1.0801861920035236,-0.18488982405742127,0.2684204249478634,-0.3628750488761837,-0.07288188085251047,0.16187449326189168,1.0771174812307862,-0.19102724560289586,0.033403430660178556,2,10,2,0,0,17,0,0,50,0,0,0,52,136,68,20,28,200,34,32,36,36,32,36,123,122,122,122,122,121,-999,-999,-3.92
5.233929395675659,-0.34753149501249725,-0.02531686387508258,0.181821113284684,1.0801861920035236,-0.18488982405742127,0.2684204249478634,-0.3644094042625523,-0.07288188085251047,0.16187449326189168,1.0771174812307862,-0.19102724560289586,0.033403430660178556,2,8,2,0,0,16,0,0,0,0,0,0,64,136,64,20,28,200,34,33,36,35,31,36,123,122,122,121,122,123,-999,-999,-3.92
5.24993371963501,-0.3490658503988659,-0.02531686387508258,0.181821113284684,1.0801861920035236,-0.18488982405742127,0.2684204249478634,-0.3644094042625523,-0.07288188085251047,0.16187449326189168,1.0771174812307862,-0.19102724560289586,0.033403430660178556,1,11,2,0,1,16,0,0,0,0,0,0,60,136,64,20,28,200,34,32,36,35,31,36,123,122,122,122,122,121,-999,-999,-3.92
5.266079902648926,-0.3490658503988659,-0.02531686387508258,0.181821113284684,1.0801861920035236,-0.18488982405742127,0.2684204249478634,-0.36594375964892095,-0.07288188085251047,0.1634088486482603,1.0771174812307862,-0.19102724560289586,0.033403430660178556,1,8,2,0,1,17,-50,0,0,0,0,0,52,136,64,20,28,200,34,32,36,36,31,36,124,122,122,121,121,122,-999,-999,-3.92
5.28392481803894,-0.35060020578523454,-0.02531686387508258,0.181821113284684,1.0801861920035236,-0.18488982405742127,0.2684204249478634,-0.36594375964892095,-0.07288188085251047,0.1634088486482603,1.0771174812307862,-0.19102724560289586,0.033403430660178556,2,10,3,0,0,16,0,0,0,0,0,0,60,136,56,20,28,200,34,32,36,35,31,36,123,122,122,121,121,122,-999,-999,-3.92
5.298938274383545,-0.3521345611716032,-0.02531686387508258,0.181821113284684,1.0801861920035236,-0.18488982405742127,0.2684204249478634,-0.36594375964892095,-0.07288188085251047,0.1664775594209976,1.0771174812307862,-0.19102724560289586,0.033403430660178556,0,9,2,0,0,18,-50,0,0,0,0,0,48,136,60,20,28,200,34,32,36,36,31,36,123,122,122,122,122,122,-999,-999,-3.92
5.3159263134002686,-0.3521345611716032,-0.02531686387508258,0.181821113284684,1.0801861920035236,-0.18488982405742127,0.2684204249478634,-0.36594375964892095,-0.07288188085251047,0.17261498096647215,1.0755831258444175,-0.19102724560289586,0.033403430660178556,1,8,1,0,0,16,-50,0,0,0,0,0,44,136,52,24,28,200,34,33,36,35,31,36,124,122,122,122,122,122,-999,-999,-3.92
5.331498146057129,-0.3552032719443404,-0.02531686387508258,0.181821113284684,1.0801861920035236,-0.18488982405742127,0.2684204249478634,-0.36594375964892095,-0.07288188085251047,0.17721804712557807,1.074048770458049,-0.19102724560289586,0.033403430660178556,0,9,1,1,1,18,-50,0,0,0,0,0,40,136,28,36,28,200,34,32,36,35,32,36,124,122,122,122,122,121,-999,-999,-3.92
5.347939491271973,-0.3552032719443404,-0.02531686387508258,0.181821113284684,1.0801861920035236,-0.18488982405742127,0.2684204249478634,-0.36594375964892095,-0.07288188085251047,0.18028675789831536,1.074048770458049,-0.19102724560289586,0.033403430660178556,1,8,0,1,0,20,-50,0,0,0,0,0,36,136,-32,36,28,200,34,32,36,35,32,36,123,122,122,122,122,122,-999,-999,-3.92
5.363926887512207,-0.3567376273307091,-0.02531686387508258,0.18642417944378992,1.078651836617155,-0.18488982405742127,0.2684204249478634,-0.36594375964892095,-0.07288188085251047,0.18335546867105265,1.074048770458049,-0.19102724560289586,0.033403430660178556,1,8,1,0,0,17,-50,0,100,0,0,0,36,136,20,28,28,200,34,32,36,36,31,36,124,122,122,121,121,121,-999,-999,-3.92
5.37907600402832,-0.3567376273307091,-0.02531686387508258,0.19102724560289586,1.078651836617155,-0.18335546867105265,0.2684204249478634,-0.36594375964892095,-0.07288188085251047,0.1879585348301586,1.074048770458049,-0.19102724560289586,0.033403430660178556,0,7,1,0,0,19,-50,0,100,-50,0,0,32,136,28,20,32,200,34,32,36,36,31,36,124,122,122,122,122,121,-999,-999,-3.92
5.395940542221069,-0.3567376273307091,-0.02531686387508258,0.19409595637563312,1.078651836617155,-0.18335546867105265,0.2684204249478634,-0.36594375964892095,-0.07288188085251047,0.19102724560289586,1.074048770458049,-0.19102724560289586,0.033403430660178556,1,10,1,0,1,17,0,0,150,-50,50,0,36,136,24,24,36,200,34,32,36,35,31,36,124,122,122,121,122,122,-999,-999,-3.92
5.410971403121948,-0.3582719827170778,-0.02531686387508258,0.19716466714837041,1.078651836617155,-0.18335546867105265,0.2684204249478634,-0.36594375964892095,-0.07288188085251047,0.19256160098926448,1.074048770458049,-0.19102724560289586,0.033403430660178556,0,10,0,0,0,17,0,0,150,0,50,0,28,136,24,24,36,200,34,32,36,36,31,36,123,122,122,121,121,122,-999,-999,-3.92
5.427086591720581,-0.3582719827170778,-0.02531686387508258,0.20176773330747633,1.078651836617155,-0.18335546867105265,0.2684204249478634,-0.36594375964892095,-0.07288188085251047,0.19563031176200177,1.074048770458049,-0.19102724560289586,0.033403430660178556,0,8,1,0,1,22,-50,0,150,0,0,0,28,136,32,24,32,200,34,32,36,35,31,36,124,122,122,121,122,121,-999,-999,-3.92
5.442951440811157,-0.3582719827170778,-0.02531686387508258,0.20637079946658227,1.078651836617155,-0.18488982405742127,0.2684204249478634,-0.36594375964892095,-0.07288188085251047,0.19869902253473906,1.074048770458049,-0.19102724560289586,0.033403430660178556,1,7,2,1,1,16,0,0,150,0,0,0,32,136,48,24,32,200,34,32,36,35,31,36,124,122,122,122,122,122,-999,-999,-3.92
5.459085941314697,-0.3582719827170778,-0.02531686387508258,0.20943951023931956,1.078651836617155,-0.18488982405742127,0.2684204249478634,-0.36594375964892095,-0.07288188085251047,0.2002333779211077,1.074048770458049,-0.19102724560289586,0.033403430660178556,0,9,2,0,0,17,0,0,150,0,-50,0,32,136,36,24,24,200,34,32,36,35,32,36,123,122,122,122,122,122,-999,-999,-3.92
5.4759521484375,-0.3582719827170778,-0.02531686387508258,0.21404257639842547,1.078651836617155,-0.18488982405742127,0.2684204249478634,-0.36594375964892095,-0.07288188085251047,0.2002333779211077,1.074048770458049,-0.19102724560289586,0.033403430660178556,0,8,2,0,1,19,0,0,150,0,0,0,32,136,44,24,28,200,34,32,36,36,31,36,124,122,122,122,122,122,-999,-999,-3.92
5.4919517040252686,-0.3582719827170778,-0.02531686387508258,0.21557693178479412,1.078651836617155,-0.18488982405742127,0.2684204249478634,-0.36594375964892095,-0.07288188085251047,0.2002333779211077,1.074048770458049,-0.19102724560289586,0.033403430660178556,0,8,3,1,0,16,0,0,150,0,0,0,32,136,60,24,28,200,34,32,36,35,31,36,123,122,122,122,121,122,-999,-999,-3.92
5.506959438323975,-0.3582719827170778,-0.02531686387508258,0.21864564255753138,1.078651836617155,-0.18488982405742127,0.2684204249478634,-0.36594375964892095,-0.07288188085251047,0.2002333779211077,1.074048770458049,-0.19102724560289586,0.033403430660178556,1,8,3,0,1,20,0,0,150,0,0,0,32,136,64,24,28,200,34,32,36,35,31,36,123,122,122,121,122,122,-999,-999,-3.92
5.523099899291992,-0.3582719827170778,-0.02531686387508258,0.21864564255753138,1.078651836617155,-0.18488982405742127,0.2684204249478634,-0.36594375964892095,-0.07288188085251047,0.2002333779211077,1.074048770458049,-0.19102724560289586,0.033403430660178556,0,8,2,0,1,20,0,0,50,0,0,0,32,136,68,24,28,200,34,32,36,35,32,36,124,122,122,122,121,121,-999,-999,-3.92
5.538965940475464,-0.3582719827170778,-0.02531686387508258,0.21864564255753138,1.078651836617155,-0.18488982405742127,0.2684204249478634,-0.36594375964892095,-0.07288188085251047,0.2002333779211077,1.074048770458049,-0.19102724560289586,0.033403430660178556,1,8,2,0,0,16,0,0,50,0,0,0,32,136,60,24,28,200,34,32,36,36,31,36,123,122,122,122,122,122,-999,-999,-3.92
5.5549635887146,-0.3582719827170778,-0.02531686387508258,0.21864564255753138,1.078651836617155,-0.18488982405742127,0.2684204249478634,-0.36594375964892095,-0.07288188085251047,0.2002333779211077,1.074048770458049,-0.19102724560289586,0.033403430660178556,1,8,2,1,1,20,0,0,0,0,0,0,32,136,60,24,28,200,34,32,36,35,31,36,124,122,122,122,122,122,-999,-999,-3.92
5.571951627731323,-0.3582719827170778,-0.02531686387508258,0.21864564255753138,1.078651836617155,-0.18488982405742127,0.2684204249478634,-0.36594375964892095,-0.07288188085251047,0.2002333779211077,1.074048770458049,-0.19102724560289586,0.033403430660178556,0,9,2,1,1,17,0,0,0,0,0,0,32,136,60,24,28,200,34,32,36,35,31,36,123,122,122,122,122,122,-999,-999,-3.92
5.587941408157349,-0.3582719827170778,-0.02531686387508258,0.21864564255753138,1.078651836617155,-0.18488982405742127,0.2684204249478634,-0.36594375964892095,-0.07288188085251047,0.2002333779211077,1.074048770458049,-0.19102724560289586,0.033403430660178556,0,8,2,0,1,21,0,0,0,0,0,0,32,136,60,24,28,200,34,32,36,36,31,36,123,122,122,121,122,122,-999,-999,-3.92
5.6040942668914795,-0.3582719827170778,-0.02531686387508258,0.21864564255753138,1.078651836617155,-0.18488982405742127,0.2684204249478634,-0.36594375964892095,-0.07288188085251047,0.2002333779211077,1.074048770458049,-0.19102724560289586,0.033403430660178556,1,7,2,0,0,21,0,0,0,0,0,0,32,136,60,24,28,200,34,32,36,35,31,36,124,122,122,122,122,122,-999,-999,-3.92
5.620000839233398,-0.3582719827170778,-0.02531686387508258,0.21864564255753138,1.078651836617155,-0.18488982405742127,0.2684204249478634,-0.36594375964892095,-0.07288188085251047,0.2002333779211077,1.074048770458049,-0.1894928902165272,0.033403430660178556,0,10,1,0,1,17,0,0,0,0,0,0,32,136,60,24,28,200,34,32,36,35,31,36,124,122,122,122,122,122,-999,-999,-3.92
5.63698410987854,-0.3582719827170778,-0.02531686387508258,0.21864564255753138,1.078651836617155,-0.18488982405742127,0.2684204249478634,-0.36594375964892095,-0.07288188085251047,0.2002333779211077,1.074048770458049,-0.1894928902165272,0.033403430660178556,0,8,2,0,0,20,0,0,0,0,0,0,32,136,60,24,20,200,34,32,36,36,31,36,123,122,122,121,122,122,-999,-999,-3.92
5.652094602584839,-0.3582719827170778,-0.02531686387508258,0.21864564255753138,1.078651836617155,-0.18488982405742127,0.2684204249478634,-0.36594375964892095,-0.07288188085251047,0.2002333779211077,1.074048770458049,-0.1894928902165272,0.033403430660178556,0,9,2,0,0,16,0,0,0,0,0,0,32,136,60,24,20,200,34,32,36,36,31,36,123,122,122,121,122,122,-999,-999,-3.92
5.6681177616119385,-0.3582719827170778,-0.02531686387508258,0.21864564255753138,1.078651836617155,-0.18488982405742127,0.2684204249478634,-0.36594375964892095,-0.07288188085251047,0.2002333779211077,1.074048770458049,-0.1894928902165272,0.033403430660178556,0,8,2,0,0,20,0,0,0,0,0,0,32,136,60,24,24,200,34,32,36,36,31,36,122,122,122,122,122,121,-999,-999,-3.92
5.684984922409058,-0.3582719827170778,-0.02531686387508258,0.21864564255753138,1.078651836617155,-0.18488982405742127,0.2684204249478634,-0.36594375964892095,-0.07288188085251047,0.20176773330747633,1.074048770458049,-0.1879585348301586,0.033403430660178556,0,10,3,0,0,16,0,0,0,0,0,0,32,136,60,24,24,200,34,32,36,35,32,36,124,122,122,122,122,122,-999,-999,-3.92
5.700979948043823,-0.3582719827170778,-0.02531686387508258,0.21864564255753138,1.078651836617155,-0.18488982405742127,0.2684204249478634,-0.36594375964892095,-0.07288188085251047,0.20330208869384497,1.074048770458049,-0.1879585348301586,0.033403430660178556,0,9,1,0,0,17,0,0,0,0,0,0,32,136,52,24,0,200,34,32,36,35,31,36,123,121,122,122,122,121,-999,-999,-3.92
5.716149806976318,-0.3582719827170778,-0.02531686387508258,0.21864564255753138,1.078651836617155,-0.18488982405742127,0.2684204249478634,-0.36594375964892095,-0.07288188085251047,0.20637079946658227,1.074048770458049,-0.18642417944378992,0.033403430660178556,0,10,1,0,0,16,0,0,0,0,0,0,32,136,48,24,20,200,34,32,36,35,31,36,123,122,122,122,122,122,-999,-999,-3.92
5.7321696281433105,-0.3582719827170778,-0.02531686387508258,0.21864564255753138,1.078651836617155,-0.18488982405742127,0.2684204249478634,-0.36594375964892095,-0.07288188085251047,0.21250822101205682,1.074048770458049,-0.18642417944378992,0.033403430660178556,1,8,1,0,0,17,0,0,0,0,0,0,32,136,40,24,0,200,35,32,36,36,31,36,124,121,122,122,122,122,-999,-999,-3.92
5.748130559921265,-0.3582719827170778,-0.02531686387508258,0.21864564255753138,1.078651836617155,-0.18488982405742127,0.2684204249478634,-0.36594375964892095,-0.07288188085251047,0.21711128717116276,1.0725144150716803,-0.18642417944378992,0.0345964103266135,0,9,0,1,0,16,0,0,0,0,0,0,32,136,24,32,-20,200,34,32,36,35,31,36,124,121,122,122,121,122,-999,-999,-3.92
5.764106750488281,-0.3582719827170778,-0.02531686387508258,0.22017999794390003,1.078651836617155,-0.18488982405742127,0.2684204249478634,-0.36594375964892095,-0.07288188085251047,0.22171435333026868,1.0694457042989431,-0.18642417944378992,0.0345964103266135,1,8,0,1,0,16,0,0,0,0,0,0,32,136,-40,36,0,200,34,32,36,35,31,36,123,121,122,121,122,121,-999,-999,-3.92
5.779972791671753,-0.3582719827170778,-0.02531686387508258,0.22785177487574323,1.078651836617155,-0.18488982405742127,0.2684204249478634,-0.36594375964892095,-0.07288188085251047,0.22631741948937462,1.0633082827534683,-0.18642417944378992,0.0345964103266135,0,8,0,0,0,18,0,0,150,0,0,0,32,136,0,44,0,200,34,32,36,35,31,36,123,122,123,122,122,122,-999,-999,-3.92
5.795968055725098,-0.3582719827170778,-0.02531686387508258,0.23245484103484917,1.0771174812307862,-0.18335546867105265,0.2684204249478634,-0.36594375964892095,-0.07288188085251047,0.23398919642121782,1.057170861207994,-0.18642417944378992,0.0345964103266135,0,8,2,2,1,16,0,0,150,0,50,0,32,136,24,64,24,200,34,32,36,35,31,36,123,122,122,122,121,123,-999,-999,-3.92
5.812163829803467,-0.3582719827170778,-0.02531686387508258,0.2370579071939551,1.0771174812307862,-0.18335546867105265,0.2684204249478634,-0.36594375964892095,-0.07288188085251047,0.24012661796669238,1.0510334396625194,-0.18642417944378992,0.0345964103266135,0,8,0,4,0,17,0,0,250,0,50,0,32,136,20,88,20,200,34,32,36,35,31,36,124,122,122,122,121,121,-999,-999,-3.92
5.828180313110352,-0.3582719827170778,-0.02531686387508258,0.24319532873942967,1.0771174812307862,-0.18488982405742127,0.2684204249478634,-0.36594375964892095,-0.07288188085251047,0.24626403951216694,1.0464303735034135,-0.18642417944378992,0.0345964103266135,0,7,0,4,0,17,0,0,200,-50,0,0,32,136,-20,96,0,200,34,32,36,35,32,36,123,122,122,122,121,122,-999,-999,-3.92
5.844976902008057,-0.3582719827170778,-0.02531686387508258,0.25086710567127285,1.0755831258444175,-0.18488982405742127,0.2684204249478634,-0.36594375964892095,-0.07288188085251047,0.2524014610576415,1.040292951957939,-0.18642417944378992,0.0345964103266135,1,8,0,4,0,17,0,0,250,0,-50,0,32,136,0,108,-20,200,34,32,36,35,31,36,124,121,122,122,121,121,-999,-999,-3.92
5.8606016635894775,-0.3582719827170778,-0.02531686387508258,0.25700452721674744,1.074048770458049,-0.18488982405742127,0.2684204249478634,-0.36594375964892095,-0.07288188085251047,0.2585388826031161,1.035689885798833,-0.18642417944378992,0.0345964103266135,1,7,1,5,0,18,0,0,300,-50,0,0,32,136,20,120,0,200,34,32,36,35,31,36,124,121,122,122,121,121,-999,-999,-3.92
5.8770246505737305,-0.3582719827170778,-0.02531686387508258,0.26314194876222197,1.0725144150716803,-0.18488982405742127,0.2684204249478634,-0.36594375964892095,-0.07288188085251047,0.26314194876222197,1.0280181088669897,-0.18642417944378992,0.0345964103266135,0,10,1,6,0,16,0,0,300,-50,0,0,32,136,24,132,0,200,34,32,36,35,31,36,123,122,122,122,121,121,-999,-999,-3.92
5.8931355476379395,-0.3582719827170778,-0.02531686387508258,0.26927937030769655,1.0679113489125744,-0.18488982405742127,0.2684204249478634,-0.36594375964892095,-0.07441623623887911,0.2662106595349593,1.0234150427078836,-0.18488982405742127,0.0345964103266135,1,9,1,5,0,17,0,0,250,-50,0,0,32,140,24,128,0,200,34,32,36,36,31,36,123,121,122,121,121,122,-999,-999,-3.92
5.909029245376587,-0.3582719827170778,-0.02531686387508258,0.27234808108043385,1.0663769935262057,-0.18488982405742127,0.2684204249478634,-0.36594375964892095,-0.07441623623887911,0.2708137256940652,1.0188119765487778,-0.18488982405742127,0.0345964103266135,0,11,1,6,0,16,0,0,200,-150,0,0,32,140,24,144,0,200,34,32,36,35,31,36,124,122,122,121,122,121,-999,-999,-3.92
5.925023555755615,-0.3582719827170778,-0.02531686387508258,0.2769511472395398,1.0617739273670999,-0.18335546867105265,0.2684204249478634,-0.36594375964892095,-0.07441623623887911,0.2738824364668025,1.0172776211624093,-0.18488982405742127,0.0345964103266135,1,9,1,5,0,21,0,0,150,-100,0,0,32,144,28,144,0,200,34,32,36,36,31,36,123,121,122,121,121,121,-999,-999,-3.92
5.940992593765259,-0.3598063381034464,-0.02531686387508258,0.280019858012277,1.057170861207994,-0.18335546867105265,0.2684204249478634,-0.36594375964892095,-0.07441623623887911,0.27541679185317114,1.0157432657760406,-0.18488982405742127,0.0345964103266135,0,9,0,5,0,19,0,0,150,-200,50,0,32,140,20,128,0,200,34,32,36,35,31,36,124,122,122,121,122,122,-999,-999,-3.92
5.957035303115845,-0.3598063381034464,-0.02531686387508258,0.2830885687850143,1.0525677950488879,-0.18335546867105265,0.2684204249478634,-0.36594375964892095,-0.07441623623887911,0.27541679185317114,1.0126745550033034,-0.18488982405742127,0.0345964103266135,0,10,1,4,0,17,0,0,150,-150,0,0,28,140,36,108,0,200,34,32,36,35,32,36,123,121,122,121,121,121,-999,-999,-3.92
5.97318172454834,-0.3598063381034464,-0.02531686387508258,0.2861572795577516,1.0494990842761507,-0.18335546867105265,0.2684204249478634,-0.36594375964892095,-0.07441623623887911,0.27541679185317114,1.0126745550033034,-0.18488982405742127,0.0345964103266135,0,10,1,3,0,17,-50,0,150,-150,0,0,24,140,44,108,0,200,34,32,36,36,31,36,124,122,122,122,121,122,-999,-999,-3.92
5.989147424697876,-0.3598063381034464,-0.02531686387508258,0.2876916349441202,1.0464303735034135,-0.18335546867105265,0.2684204249478634,-0.36594375964892095,-0.07441623623887911,0.27541679185317114,1.0126745550033034,-0.18488982405742127,0.0345964103266135,0,8,1,2,0,21,0,0,150,-150,0,0,28,140,48,92,0,200,34,32,36,35,31,36,123,122,122,121,122,121,-999,-999,-3.92
6.004657745361328,-0.3598063381034464,-0.02531686387508258,0.2876916349441202,1.0448960181170448,-0.18335546867105265,0.2684204249478634,-0.36594375964892095,-0.07441623623887911,0.27541679185317114,1.0126745550033034,-0.18488982405742127,0.035789389993048454,0,9,1,3,0,21,0,0,50,-150,0,0,28,140,52,88,0,200,34,32,36,35,32,36,124,121,122,121,121,122,-999,-999,-3.92
6.021047592163086,-0.3598063381034464,-0.02531686387508258,0.2876916349441202,1.043361662730676,-0.18335546867105265,0.2684204249478634,-0.36594375964892095,-0.07441623623887911,0.27541679185317114,1.0126745550033034,-0.18488982405742127,0.035789389993048454,0,8,1,2,0,22,0,0,0,-50,0,0,28,140,44,92,0,200,34,32,36,35,32,36,124,122,122,122,121,122,-999,-999,-3.92
6.037044525146484,-0.3598063381034464,-0.02531686387508258,0.2876916349441202,1.0418273073443074,-0.18488982405742127,0.2684204249478634,-0.36594375964892095,-0.07441623623887911,0.27541679185317114,1.0126745550033034,-0.18488982405742127,0.035789389993048454,0,8,1,3,0,18,0,0,0,-50,0,0,28,140,44,84,0,200,34,32,36,36,32,36,123,122,122,122,122,122,-999,-999,-3.92
6.053023099899292,-0.3598063381034464,-0.02531686387508258,0.2876916349441202,1.0418273073443074,-0.18488982405742127,0.2684204249478634,-0.36594375964892095,-0.07441623623887911,0.27541679185317114,1.0126745550033034,-0.18488982405742127,0.035789389993048454,0,11,1,2,0,18,0,0,0,-50,-50,0,28,140,44,84,0,200,34,32,36,36,31,36,124,122,122,121,121,122,-999,-999,-3.92
6.068605184555054,-0.3598063381034464,-0.02531686387508258,0.2876916349441202,1.040292951957939,-0.18488982405742127,0.2684204249478634,-0.36594375964892095,-0.07441623623887911,0.27541679185317114,1.0126745550033034,-0.18488982405742127,0.036982369659483406,0,10,1,3,0,19,0,0,0,-50,-50,0,28,140,44,80,0,200,34,32,36,35,31,36,123,122,122,121,121,122,-999,-999,-3.92
6.085158824920654,-0.3598063381034464,-0.02531686387508258,0.2876916349441202,1.040292951957939,-0.18488982405742127,0.2684204249478634,-0.36594375964892095,-0.07441623623887911,0.27541679185317114,1.0126745550033034,-0.18488982405742127,0.036982369659483406,1,8,1,3,0,18,0,0,0,-50,0,0,28,140,44,84,0,200,34,32,36,36,32,36,123,121,122,121,121,122,-999,-999,-3.92
6.10104775428772,-0.3598063381034464,-0.02531686387508258,0.2876916349441202,1.040292951957939,-0.18488982405742127,0.2684204249478634,-0.36594375964892095,-0.07441623623887911,0.27541679185317114,1.0126745550033034,-0.18488982405742127,0.036982369659483406,1,11,1,3,0,18,0,0,0,0,0,0,28,140,44,84,0,200,34,32,36,36,31,36,123,122,122,122,121,122,-999,-999,-3.92
6.118168592453003,-0.3598063381034464,-0.02531686387508258,0.2876916349441202,1.040292951957939,-0.18488982405742127,0.2684204249478634,-0.36594375964892095,-0.07441623623887911,0.27541679185317114,1.0126745550033034,-0.18488982405742127,0.03936832899235329,0,10,1,4,0,19,0,0,0,0,0,0,28,140,44,84,0,200,34,32,36,35,31,36,124,122,122,121,122,122,-999,-999,-3.92
6.13399863243103,-0.3598063381034464,-0.02531686387508258,0.2876916349441202,1.040292951957939,-0.18488982405742127,0.2684204249478634,-0.36594375964892095,-0.07441623623887911,0.27541679185317114,1.0126745550033034,-0.18488982405742127,0.04056130865878825,1,10,1,4,0,16,0,0,0,0,0,0,28,140,44,84,0,200,34,32,35,35,31,36,124,122,122,122,121,122,-999,-999,-3.92
6.150162696838379,-0.3598063381034464,-0.02531686387508258,0.2876916349441202,1.040292951957939,-0.18488982405742127,0.2684204249478634,-0.36594375964892095,-0.07441623623887911,0.27541679185317114,1.0142089103896719,-0.18488982405742127,0.04294726799165814,1,9,1,3,0,17,0,0,0,0,0,0,28,140,44,84,0,200,34,32,36,36,31,36,123,122,122,122,121,122,-999,-999,-3.92
6.166187524795532,-0.3598063381034464,-0.02531686387508258,0.2876916349441202,1.040292951957939,-0.18488982405742127,0.2684204249478634,-0.36594375964892095,-0.07441623623887911,0.27541679185317114,1.0142089103896719,-0.18488982405742127,0.05249110532313773,0,9,1,3,0,18,0,0,0,0,0,0,28,140,44,76,0,200,34,32,36,35,32,36,123,122,122,122,121,121,-999,-999,-3.92
6.182196378707886,-0.3598063381034464,-0.02531686387508258,0.2876916349441202,1.040292951957939,-0.18488982405742127,0.2684204249478634,-0.36594375964892095,-0.07441623623887911,0.27541679185317114,1.0157432657760406,-0.18488982405742127,0.06322792232105226,0,8,1,3,0,17,0,0,0,0,0,0,28,140,44,76,0,200,34,32,36,36,31,36,124,122,122,122,122,121,-999,-999,-3.92
6.198074579238892,-0.3598063381034464,-0.02531686387508258,0.2876916349441202,1.040292951957939,-0.18488982405742127,0.2684204249478634,-0.36594375964892095,-0.07441623623887911,0.27541679185317114,1.0172776211624093,-0.18488982405742127,0.07992963765114154,0,8,1,2,0,20,0,0,0,0,0,0,28,140,44,76,0,200,34,32,36,35,31,36,123,122,122,121,121,122,-999,-999,-3.92
6.213055849075317,-0.3598063381034464,-0.02531686387508258,0.2876916349441202,1.040292951957939,-0.18488982405742127,0.2684204249478634,-0.36594375964892095,-0.07441623623887911,0.27541679185317114,1.0188119765487778,-0.18488982405742127,0.09663135298123082,0,8,1,2,0,16,0,0,0,0,0,0,28,140,44,64,0,200,34,32,36,36,31,36,124,122,122,122,122,121,-999,-999,-3.92
6.23017144203186,-0.3598063381034464,-0.02531686387508258,0.2876916349441202,1.040292951957939,-0.18488982405742127,0.2684204249478634,-0.36594375964892095,-0.07441623623887911,0.27541679185317114,1.0218806873215152,-0.18335546867105265,0.11810498697705989,0,11,1,2,0,19,0,0,0,0,0,0,28,140,44,64,0,200,34,32,36,36,32,36,124,122,122,122,122,122,-999,-999,-3.92
6.246037483215332,-0.3598063381034464,-0.02531686387508258,0.2876916349441202,1.040292951957939,-0.18488982405742127,0.2684204249478634,-0.36594375964892095,-0.07441623623887911,0.27541679185317114,1.0295524642533582,-0.18335546867105265,0.14077160063932392,1,8,1,1,0,20,0,0,0,0,0,0,28,140,44,52,0,200,34,32,36,36,31,36,123,122,122,122,122,122,-999,-999,-3.92
6.262181997299194,-0.3598063381034464,-0.02531686387508258,0.2876916349441202,1.040292951957939,-0.18488982405742127,0.2684204249478634,-0.36594375964892095,-0.07441623623887911,0.27541679185317114,1.0372242411852015,-0.18335546867105265,0.16463119396802287,0,9,1,0,0,19,0,0,0,0,0,0,28,140,44,36,0,200,34,32,36,36,31,36,124,122,122,122,122,121,-999,-999,-3.92
6.278141975402832,-0.3598063381034464,-0.02531686387508258,0.2876916349441202,1.040292951957939,-0.18488982405742127,0.2684204249478634,-0.36594375964892095,-0.07441623623887911,0.27541679185317114,1.0448960181170448,-0.18335546867105265,0.1920697262960267,0,8,1,0,0,16,0,0,0,0,0,0,28,140,44,-32,0,200,34,32,36,35,32,36,124,121,122,121,121,122,-999,-999,-3.92
6.294060707092285,-0.3598063381034464,-0.02531686387508258,0.2876916349441202,1.0418273073443074,-0.18488982405742127,0.2684204249478634,-0.36594375964892095,-0.07441623623887911,0.27541679185317114,1.0525677950488879,-0.18335546867105265,0.21831527895759553,0,8,1,0,0,17,0,0,0,0,0,0,28,140,44,-48,0,200,34,32,36,35,32,36,124,122,122,121,122,122,-999,-999,-3.92
6.310064315795898,-0.3598063381034464,-0.02531686387508258,0.2876916349441202,1.0448960181170448,-0.18335546867105265,0.2684204249478634,-0.36594375964892095,-0.07441623623887911,0.27541679185317114,1.0602395719807312,-0.18335546867105265,0.24575381128559937,0,8,2,1,0,9,0,0,0,0,0,0,28,140,44,-56,0,180,34,32,36,35,31,36,124,122,122,122,121,122,-999,-999,-3.92
6.326186895370483,-0.3598063381034464,-0.02531686387508258,0.2876916349441202,1.0494990842761507,-0.18335546867105265,0.26961340461429834,-0.36594375964892095,-0.07441623623887911,0.27541679185317114,1.0679113489125744,-0.18335546867105265,0.2719993639471682,1,10,2,0,0,3,0,0,0,150,0,0,28,140,44,-56,0,80,34,32,36,35,31,36,124,122,122,122,122,122,-999,-999,-3.92
6.340074062347412,-0.3598063381034464,-0.02531686387508258,0.2876916349441202,1.0525677950488879,-0.18335546867105265,0.2731923436136032,-0.36594375964892095,-0.07441623623887911,0.27541679185317114,1.0755831258444175,-0.18335546867105265,0.2982449166087371,0,10,1,0,0,0,0,0,0,150,50,50,28,140,44,-64,0,-24,34,32,36,35,31,36,124,122,123,122,122,123,-999,-999,-3.92
6.3581390380859375,-0.3598063381034464,-0.02531686387508258,0.2876916349441202,1.0587052165943625,-0.18335546867105265,0.28154320127864785,-0.36594375964892095,-0.07441623623887911,0.27541679185317114,1.0847892581626295,-0.18335546867105265,0.324490469270306,0,9,1,0,0,0,0,0,0,200,0,200,28,140,44,-64,0,-80,34,32,36,35,32,36,124,122,123,122,122,123,-999,-999,-3.92
6.374193906784058,-0.3598063381034464,-0.02531686387508258,0.2876916349441202,1.0648426381398373,-0.18335546867105265,0.2910870386101274,-0.36594375964892095,-0.07441623623887911,0.27541679185317114,1.0939953904808413,-0.18335546867105265,0.34954304226543986,0,8,1,2,0,0,0,0,0,150,0,400,28,140,44,-84,0,-104,34,32,36,35,32,36,124,122,123,122,122,122,-999,-999,-3.92
6.390703916549683,-0.3598063381034464,-0.02531686387508258,0.2876916349441202,1.0709800596853116,-0.18335546867105265,0.300630875941607,-0.36594375964892095,-0.07441623623887911,0.27541679185317114,1.1032015227990533,-0.18335546867105265,0.37340263559413883,0,8,1,0,0,1,0,0,0,150,0,400,28,140,44,-88,0,-156,34,32,36,36,31,36,124,122,123,122,122,122,-999,-999,-3.92
6.407201051712036,-0.3598063381034464,-0.02531686387508258,0.2876916349441202,1.078651836617155,-0.18335546867105265,0.3077887539402167,-0.36594375964892095,-0.07441623623887911,0.27541679185317114,1.112407655117265,-0.18335546867105265,0.39487626958996797,0,9,2,0,0,5,0,0,0,300,0,500,28,140,44,-92,0,-220,34,32,36,35,31,36,124,122,123,122,122,122,-999,-999,-3.92
6.422072649002075,-0.3598063381034464,-0.026851219261451224,0.2876916349441202,1.086323613548998,-0.18335546867105265,0.3149466319388263,-0.36594375964892095,-0.07441623623887911,0.27541679185317114,1.120079432049108,-0.18335546867105265,0.41873586291866693,1,11,1,0,0,9,0,0,0,300,0,450,28,140,44,-92,0,-284,34,32,36,36,32,36,124,122,123,122,122,122,-999,-999,-3.92
6.440065622329712,-0.3598063381034464,-0.028385574647819864,0.2861572795577516,1.0939953904808413,-0.18335546867105265,0.3316483472689157,-0.36594375964892095,-0.07441623623887911,0.27541679185317114,1.1277512089809514,-0.18335546867105265,0.44140247658093096,0,7,1,0,0,9,0,-50,0,300,0,350,28,136,44,-92,0,-316,34,32,36,36,31,36,123,122,123,122,122,122,-999,-999,-3.92
6.455082416534424,-0.3598063381034464,-0.03145428542055715,0.28462292417138296,1.1001328120263159,-0.18335546867105265,0.345964103266135,-0.36594375964892095,-0.07441623623887911,0.27541679185317114,1.1354229859127944,-0.18335546867105265,0.46049015124389014,1,5,1,0,0,3,0,-100,0,300,0,750,28,120,36,-88,0,-320,34,33,36,43,31,36,124,122,123,122,122,122,-999,-999,-3.92
6.4711010456085205,-0.3598063381034464,-0.036057351579663076,0.28155421339864567,1.1047358781854217,-0.18335546867105265,0.3650517779290942,-0.36594375964892095,-0.07441623623887911,0.27541679185317114,1.1430947628446377,-0.18335546867105265,0.48196378523971917,1,5,0,2,0,6,0,-100,-50,300,0,850,28,108,24,-108,0,-320,34,32,36,36,31,36,124,122,123,122,122,122,-999,-999,-3.92
6.487234354019165,-0.3598063381034464,-0.040660417738769,0.28155421339864567,1.1078045889581591,-0.18335546867105265,0.38294647292561845,-0.36594375964892095,-0.07441623623887911,0.27541679185317114,1.1523008951628497,-0.18335546867105265,0.5010514599026783,0,3,0,3,0,3,0,-150,-100,200,0,850,28,96,20,-120,0,-332,34,32,36,35,31,36,124,122,123,122,122,122,-999,-999,-3.92
6.503212213516235,-0.36134069348981507,-0.04526348389787492,0.28155421339864567,1.1185450766627396,-0.18335546867105265,0.4020341475885777,-0.36594375964892095,-0.07441623623887911,0.27541679185317114,1.159972672094693,-0.18335546867105265,0.5201391345656375,0,1,0,1,0,5,0,-200,-50,150,0,950,28,84,24,-116,0,-324,34,32,36,35,31,36,124,122,123,122,122,122,-999,-999,-999
6.5191261768341064,-0.3644094042625523,-0.04679783928424356,0.28155421339864567,1.1308199197536886,-0.18335546867105265,0.4223148019179717,-0.36594375964892095,-0.07441623623887911,0.27541679185317114,1.1661100936401676,-0.18335546867105265,0.5380338295621617,0,2,1,1,0,6,-100,-150,0,400,0,1000,0,68,28,-104,0,-328,34,32,36,35,31,36,124,122,123,122,122,122,-999,-999,-999
6.535265922546387,-0.3644094042625523,-0.04679783928424356,0.28155421339864567,1.1384916966855319,-0.18335546867105265,0.44259545624736585,-0.36594375964892095,-0.07441623623887911,0.27541679185317114,1.172247515185642,-0.18335546867105265,0.557121504225121,0,3,0,0,0,4,-100,-50,0,400,0,1000,-24,76,28,-80,0,-324,34,32,36,35,31,36,124,122,123,122,122,122,-999,-999,-999
6.551058769226074,-0.3644094042625523,-0.04679783928424356,0.28155421339864567,1.1430947628446377,-0.18335546867105265,0.46049015124389014,-0.36594375964892095,-0.07441623623887911,0.27541679185317114,1.1783849367311166,-0.18335546867105265,0.5726302398887753,0,4,1,1,0,3,-50,-50,0,400,0,1000,-24,84,28,-88,0,-316,34,32,36,35,31,36,124,122,122,122,122,122,-999,-999,-999
6.567200422286987,-0.3644094042625523,-0.04526348389787492,0.28155421339864567,1.1492321843901123,-0.18335546867105265,0.4807708055732843,-0.36594375964892095,-0.07441623623887911,0.27541679185317114,1.1845223582765911,-0.18335546867105265,0.5905249348852994,0,4,1,2,0,4,0,0,0,300,0,1000,0,84,28,-100,0,-312,34,32,37,36,31,36,124,122,123,122,122,122,-999,-999,-999
6.583107233047485,-0.3644094042625523,-0.04526348389787492,0.28155421339864567,1.1569039613219556,-0.18335546867105265,0.4998584802362434,-0.36594375964892095,-0.07441623623887911,0.27541679185317114,1.1906597798220657,-0.18335546867105265,0.6048406908825189,0,5,1,1,0,4,0,50,0,250,0,1000,0,88,28,-88,0,-308,34,32,36,36,31,36,124,122,123,122,122,122,-999,-999,-999
6.599156618118286,-0.3628750488761837,-0.04372912851150628,0.2830885687850143,1.1630413828674302,-0.18335546867105265,0.5189461548992025,-0.36594375964892095,-0.07441623623887911,0.27541679185317114,1.1967972013675403,-0.18335546867105265,0.6191564468797383,0,5,0,1,0,4,0,0,0,250,0,1000,0,96,28,-88,0,-292,34,32,36,36,31,36,124,122,122,122,122,123,-999,-999,-999
6.61510705947876,-0.3598063381034464,-0.04372912851150628,0.2830885687850143,1.1691788044129048,-0.18335546867105265,0.5368408498957268,-0.36594375964892095,-0.07441623623887911,0.27541679185317114,1.2044689782993834,-0.18335546867105265,0.6346651825433927,0,6,1,1,0,3,0,50,50,300,0,1000,32,96,36,-92,0,-284,34,32,36,35,32,36,124,122,123,122,122,122,-999,-999,-999
6.630091667175293,-0.3598063381034464,-0.04372912851150628,0.2830885687850143,1.1753162259583794,-0.18335546867105265,0.5523495855593812,-0.3628750488761837,-0.07441623623887911,0.27541679185317114,1.2090720444584893,-0.18335546867105265,0.6477879588741771,1,5,1,0,0,2,100,50,50,300,0,900,36,92,32,-100,0,-276,34,32,36,35,31,36,124,122,122,122,122,122,-999,-999,-999
6.647102117538452,-0.3582719827170778,-0.04372912851150628,0.2830885687850143,1.181453647503854,-0.18335546867105265,0.5690513008894703,-0.36134069348981507,-0.07441623623887911,0.27541679185317114,1.2152094660039638,-0.18335546867105265,0.6585247758720915,0,4,0,1,0,3,50,0,0,250,0,900,24,92,32,-88,0,-272,34,32,36,36,31,36,124,122,123,122,122,123,-999,-999,-999
6.663269281387329,-0.3582719827170778,-0.04372912851150628,0.2830885687850143,1.1875910690493283,-0.18335546867105265,0.5869459958859946,-0.3598063381034464,-0.07441623623887911,0.27541679185317114,1.2198125321630697,-0.18335546867105265,0.671647552202876,0,4,1,1,0,3,50,0,0,250,0,900,-20,92,32,-76,0,-256,34,32,36,36,31,36,124,122,123,122,122,122,-999,-999,-999
6.679680109024048,-0.3582719827170778,-0.04526348389787492,0.2830885687850143,1.193728490594803,-0.18335546867105265,0.602454731549649,-0.3598063381034464,-0.07441623623887911,0.27541679185317114,1.2244155983221758,-0.18335546867105265,0.6835773488672255,0,4,1,2,0,1,0,0,0,250,0,850,-20,88,32,-76,0,-232,34,32,36,35,31,36,124,122,123,122,122,123,-999,-999,-999
6.697216033935547,-0.3582719827170778,-0.04526348389787492,0.2830885687850143,1.1998659121402775,-0.18335546867105265,0.6179634672133033,-0.3582719827170778,-0.07441623623887911,0.27541679185317114,1.2305530198676504,-0.18335546867105265,0.69670012519801,0,3,0,1,0,4,0,-50,0,200,0,750,0,84,32,-84,0,-236,34,32,36,35,32,36,124,122,123,122,122,122,-999,-999,-999
6.712268352508545,-0.3598063381034464,-0.04526348389787492,0.2830885687850143,1.2044689782993834,-0.18335546867105265,0.6310862435440877,-0.3552032719443404,-0.07595059162524774,0.27541679185317114,1.2351560860267563,-0.18335546867105265,0.7086299218623594,0,3,1,1,0,3,0,-50,0,200,0,750,0,92,32,-84,0,-232,34,32,36,36,31,36,124,122,123,122,122,122,-999,-999,-999
6.729103088378906,-0.3628750488761837,-0.04526348389787492,0.2830885687850143,1.210606399844858,-0.18335546867105265,0.6454019995413071,-0.3490658503988659,-0.07595059162524774,0.27541679185317114,1.241293507572231,-0.18335546867105265,0.7193667388602739,1,4,1,1,0,3,-50,0,0,200,0,750,-32,96,32,-84,0,-220,34,32,36,35,31,36,124,122,123,122,122,122,-999,-999,-999
6.744147300720215,-0.3628750488761837,-0.04526348389787492,0.2830885687850143,1.2167438213903325,-0.18335546867105265,0.6585247758720915,-0.34292842885339136,-0.07748494701161639,0.27541679185317114,1.2474309291177055,-0.18335546867105265,0.7289105761917536,2,4,1,0,0,3,-100,0,0,250,0,750,-64,100,32,-80,0,-216,34,32,36,35,31,36,124,122,123,122,122,122,-999,-999,-999
6.760113954544067,-0.3628750488761837,-0.04526348389787492,0.2830885687850143,1.2213468875494384,-0.18335546867105265,0.670454572536441,-0.3367910073079168,-0.07748494701161639,0.27541679185317114,1.2520339952768114,-0.18335546867105265,0.739647393189668,3,5,1,1,0,3,0,0,0,250,0,700,-92,100,32,-80,0,-208,35,32,36,36,32,36,124,122,123,122,122,122,-999,-999,-999
6.776116132736206,-0.3598063381034464,-0.04526348389787492,0.2830885687850143,1.2274843090949132,-0.18335546867105265,0.6835773488672255,-0.33218794114881084,-0.07748494701161639,0.2738824364668025,1.2597057722086547,-0.18335546867105265,0.7491912305211477,2,4,1,1,0,2,50,0,0,200,0,650,-84,96,36,-88,0,-200,34,32,36,35,32,36,124,122,123,122,122,122,-999,-999,-999
6.792280912399292,-0.3552032719443404,-0.04526348389787492,0.2830885687850143,1.2336217306403878,-0.18335546867105265,0.6955071455315749,-0.32758487498970495,-0.07748494701161639,0.2738824364668025,1.265843193754129,-0.18335546867105265,0.7587350678526272,2,4,1,1,0,2,50,0,0,250,0,650,-88,96,40,-88,0,-192,34,32,36,36,31,36,124,122,123,122,122,123,-999,-999,-999
6.808142900466919,-0.35060020578523454,-0.04526348389787492,0.2830885687850143,1.2397591521858622,-0.18335546867105265,0.7062439625294895,-0.3214474534442303,-0.07748494701161639,0.27234808108043385,1.2719806152996036,-0.18335546867105265,0.7670859255176717,1,4,1,1,0,1,150,0,0,250,0,600,-88,96,44,-96,0,-188,34,32,36,35,31,36,124,122,123,122,122,123,-999,-999,-999
6.825148582458496,-0.34292842885339136,-0.04526348389787492,0.2830885687850143,1.2458965737313368,-0.18335546867105265,0.7181737591938389,-0.3153100318987558,-0.07901930239798503,0.2708137256940652,1.275049326072341,-0.18335546867105265,0.7742438035162815,1,5,2,0,0,2,200,0,0,250,0,600,-76,104,48,-80,0,-176,34,32,36,35,32,36,124,122,123,122,122,122,-999,-999,-999
6.8401453495025635,-0.3367910073079168,-0.04526348389787492,0.2830885687850143,1.2504996398904427,-0.18335546867105265,0.7289105761917536,-0.3076382549669126,-0.07901930239798503,0.2708137256940652,1.2811867476178154,-0.18335546867105265,0.7814016815148912,1,5,1,0,0,1,250,0,0,200,0,600,-76,104,48,-76,0,-164,34,32,36,35,31,36,124,122,123,122,122,123,-999,-999,-999
6.856122732162476,-0.3306535857624422,-0.04526348389787492,0.2830885687850143,1.2551027060495485,-0.18335546867105265,0.738454413523233,-0.2999664780350694,-0.07901930239798503,0.26927937030769655,1.2842554583905528,-0.18335546867105265,0.7873665798470659,0,4,2,1,0,1,300,0,0,250,0,550,-68,100,48,-72,0,-156,34,32,36,45,32,36,124,122,123,122,122,123,-999,-999,-999
6.872146368026733,-0.32451616421696766,-0.04526348389787492,0.2830885687850143,1.2612401275950231,-0.18335546867105265,0.7479982508547126,-0.2922947011032262,-0.07901930239798503,0.2677450149213279,1.2888585245496587,-0.18335546867105265,0.7933314781792407,2,4,2,0,0,1,300,0,0,200,0,500,-92,100,56,-84,0,-148,34,32,36,36,32,38,124,122,123,122,122,123,-999,-999,-999
6.887707948684692,-0.3183787426714931,-0.04679783928424356,0.2830885687850143,1.265843193754129,-0.18335546867105265,0.7551561288533224,-0.28462292417138296,-0.07901930239798503,0.2677450149213279,1.2934615907087648,-0.18335546867105265,0.7981033968449806,1,4,2,1,0,1,200,0,0,200,0,450,-96,96,56,-68,0,-136,34,32,36,35,31,36,124,122,123,122,122,123,-999,-999,-999
6.904136896133423,-0.31377567651238714,-0.04679783928424356,0.2830885687850143,1.270446259913235,-0.18335546867105265,0.763506986518367,-0.27541679185317114,-0.07901930239798503,0.2677450149213279,1.2980646568678706,-0.18335546867105265,0.8004893561778503,2,4,2,1,0,1,250,-50,0,200,0,450,-100,92,56,-76,0,-128,34,32,36,35,31,36,124,122,123,122,122,122,-999,-999,-999
6.920703887939453,-0.30917261035328125,-0.04679783928424356,0.2830885687850143,1.275049326072341,-0.18335546867105265,0.7706648645169767,-0.2662106595349593,-0.07901930239798503,0.2677450149213279,1.301133367640608,-0.18335546867105265,0.8016823358442853,3,4,1,1,0,0,200,0,0,200,0,450,-112,92,52,-76,0,-108,34,32,36,35,31,36,124,122,123,122,122,123,-999,-999,-999
6.937154293060303,-0.30303518880780667,-0.04679783928424356,0.2830885687850143,1.2811867476178154,-0.18335546867105265,0.7766297628491514,-0.2585388826031161,-0.07901930239798503,0.2677450149213279,1.3026677230269765,-0.18335546867105265,0.8016823358442853,3,4,2,1,0,1,200,0,0,200,0,400,-128,96,52,-72,0,-84,34,32,36,36,31,36,124,122,123,122,122,123,-999,-999,-999
6.9531402587890625,-0.2953634118759635,-0.04679783928424356,0.2830885687850143,1.2842554583905528,-0.18335546867105265,0.7814016815148912,-0.24779839489853556,-0.08055365778435367,0.2662106595349593,1.3042020784133452,-0.18335546867105265,0.8016823358442853,3,5,1,1,0,1,250,0,0,200,0,300,-132,100,56,-56,0,-60,35,31,36,35,31,36,124,122,123,122,122,123,-999,-999,-999
6.969147443771362,-0.2876916349441202,-0.04679783928424356,0.2830885687850143,1.2888585245496587,-0.18335546867105265,0.784980620514196,-0.23859226258032373,-0.08055365778435367,0.2662106595349593,1.3042020784133452,-0.18335546867105265,0.8016823358442853,2,5,2,0,0,1,250,0,0,200,0,250,-124,104,60,-56,0,-60,34,32,36,35,31,36,124,122,123,122,122,123,-999,-999,-999
6.985148906707764,-0.27848550262590843,-0.04679783928424356,0.2830885687850143,1.291927235322396,-0.18335546867105265,0.7873665798470659,-0.22785177487574323,-0.08055365778435367,0.2662106595349593,1.3042020784133452,-0.18335546867105265,0.8004893561778503,3,4,2,1,0,0,300,0,0,150,0,150,-128,100,60,-36,0,-48,34,32,36,36,31,36,124,122,123,122,122,123,-999,-999,-999
7.0012617111206055,-0.26927937030769655,-0.04679783928424356,0.2830885687850143,1.2934615907087648,-0.18335546867105265,0.788559559513501,-0.21864564255753138,-0.08055365778435367,0.2662106595349593,1.3042020784133452,-0.18335546867105265,0.7981033968449806,2,4,2,0,0,0,350,0,0,100,0,150,-132,100,56,-36,0,-28,34,32,36,35,31,36,124,122,123,122,122,123,-999,-999,-999
7.017284393310547,-0.2585388826031161,-0.04679783928424356,0.2830885687850143,1.2949959460951335,-0.18335546867105265,0.7897525391799359,-0.2079051548529509,-0.08055365778435367,0.2662106595349593,1.3042020784133452,-0.18335546867105265,0.7945244578456757,2,4,2,0,0,1,400,0,0,100,0,150,-128,100,56,-32,0,0,34,32,36,36,31,36,123,122,123,122,122,123,-999,-999,-999
7.033169507980347,-0.24779839489853556,-0.04679783928424356,0.2830885687850143,1.2949959460951335,-0.18335546867105265,0.7897525391799359,-0.19869902253473906,-0.08055365778435367,0.2662106595349593,1.3042020784133452,-0.18335546867105265,0.7945244578456757,1,4,2,1,0,0,450,0,0,50,0,50,-120,100,56,-32,0,0,34,32,36,36,31,36,124,122,123,122,122,122,-999,-999,-999
7.049293041229248,-0.23859226258032373,-0.04679783928424356,0.2830885687850143,1.296530301481502,-0.18335546867105265,0.7897525391799359,-0.1894928902165272,-0.08055365778435367,0.2662106595349593,1.3042020784133452,-0.18335546867105265,0.7945244578456757,2,4,2,1,0,0,450,0,0,50,0,0,-120,100,56,-28,0,-20,34,32,36,36,31,36,124,122,123,122,122,122,-999,-999,-999
7.06535005569458,-0.22785177487574323,-0.04679783928424356,0.2830885687850143,1.2980646568678706,-0.18335546867105265,0.7909455188463709,-0.18028675789831536,-0.08055365778435367,0.2662106595349593,1.3042020784133452,-0.18335546867105265,0.7945244578456757,2,4,1,0,0,1,400,0,0,50,0,0,-120,100,56,-28,0,-28,34,32,36,35,31,36,124,122,123,122,122,123,-999,-999,-999
7.081355094909668,-0.22017999794390003,-0.04679783928424356,0.2830885687850143,1.2980646568678706,-0.18335546867105265,0.7909455188463709,-0.17108062558010353,-0.08055365778435367,0.2662106595349593,1.3042020784133452,-0.18335546867105265,0.7945244578456757,1,4,2,0,0,0,350,0,0,0,0,50,-116,100,56,-24,0,-20,34,32,36,36,32,36,124,122,123,122,122,123,-999,-999,-999
7.09736704826355,-0.21097386562568818,-0.04679783928424356,0.2830885687850143,1.2995990122542393,-0.18335546867105265,0.7909455188463709,-0.1634088486482603,-0.08055365778435367,0.2662106595349593,1.3042020784133452,-0.18335546867105265,0.7945244578456757,1,5,1,0,0,0,350,0,0,50,0,50,-128,100,56,-20,0,-20,34,32,36,36,31,36,124,122,123,122,122,122,-999,-999,-999
7.113172292709351,-0.20176773330747633,-0.04679783928424356,0.2830885687850143,1.2995990122542393,-0.18335546867105265,0.7909455188463709,-0.15420271633004848,-0.08055365778435367,0.2662106595349593,1.3042020784133452,-0.18335546867105265,0.7945244578456757,2,6,1,0,0,0,400,0,0,50,0,0,-124,100,56,-20,0,-24,34,32,36,35,31,36,124,122,123,122,122,122,-999,-999,-999
7.129284858703613,-0.19256160098926448,-0.04679783928424356,0.2830885687850143,1.2995990122542393,-0.18335546867105265,0.7909455188463709,-0.14653093939820525,-0.08055365778435367,0.2662106595349593,1.3042020784133452,-0.18335546867105265,0.7945244578456757,2,4,2,0,0,0,400,0,0,50,0,0,-124,100,56,-24,0,-24,34,32,36,35,31,36,124,122,123,122,122,122,-999,-999,-999
7.144744396209717,-0.18488982405742127,-0.04679783928424356,0.2830885687850143,1.2995990122542393,-0.18335546867105265,0.7909455188463709,-0.13885916246636204,-0.08055365778435367,0.2662106595349593,1.3042020784133452,-0.18335546867105265,0.7945244578456757,1,5,2,0,0,0,350,0,0,0,0,0,-124,100,56,-24,0,-24,34,32,36,35,31,36,124,122,123,122,122,122,-999,-999,-999
7.161339044570923,-0.17568369173920942,-0.04679783928424356,0.2830885687850143,1.2995990122542393,-0.18335546867105265,0.7909455188463709,-0.13272174092088748,-0.08055365778435367,0.2662106595349593,1.3042020784133452,-0.18335546867105265,0.7933314781792407,1,5,2,0,0,0,300,0,0,0,0,0,-116,100,56,-24,0,-20,35,32,36,35,31,36,124,122,123,122,122,123,-999,-999,-999
7.177337884902954,-0.1680119148073662,-0.04679783928424356,0.2830885687850143,1.2995990122542393,-0.18335546867105265,0.7909455188463709,-0.12658431937541292,-0.08055365778435367,0.2662106595349593,1.3042020784133452,-0.18335546867105265,0.7933314781792407,1,5,2,0,0,0,350,0,0,0,0,0,-108,100,56,-24,0,0,35,32,36,35,31,36,124,122,123,122,122,123,-999,-999,-999
7.193363904953003,-0.160340137875523,-0.04679783928424356,0.2830885687850143,1.2995990122542393,-0.18335546867105265,0.7909455188463709,-0.12044689782993835,-0.08055365778435367,0.2662106595349593,1.3042020784133452,-0.18335546867105265,0.7933314781792407,1,4,2,0,0,0,350,0,0,0,0,0,-104,100,56,-24,0,0,35,32,36,35,31,36,124,122,123,122,122,122,-999,-999,-999
7.210200309753418,-0.1526683609436798,-0.04679783928424356,0.2830885687850143,1.2995990122542393,-0.18335546867105265,0.7909455188463709,-0.11430947628446378,-0.08055365778435367,0.2662106595349593,1.3042020784133452,-0.18335546867105265,0.7933314781792407,0,4,2,0,0,1,350,0,0,0,0,0,-92,100,56,-24,0,-20,34,32,36,35,31,36,123,122,123,122,122,123,-999,-999,-999
7.226197957992554,-0.14499658401183663,-0.04679783928424356,0.2830885687850143,1.2995990122542393,-0.18335546867105265,0.7909455188463709,-0.10817205473898922,-0.08055365778435367,0.2662106595349593,1.3042020784133452,-0.18335546867105265,0.7921384985128058,1,4,2,0,0,0,350,0,0,0,0,0,-96,100,56,-24,0,0,34,32,36,36,31,36,124,122,123,122,122,123,-999,-999,-999
7.243191719055176,-0.1373248070799934,-0.04679783928424356,0.2830885687850143,1.2995990122542393,-0.18335546867105265,0.7909455188463709,-0.10203463319351465,-0.08055365778435367,0.2662106595349593,1.3042020784133452,-0.18335546867105265,0.788559559513501,1,5,2,0,0,1,250,0,0,0,0,0,-96,100,56,-24,0,20,34,32,36,36,31,36,124,122,123,122,122,122,-999,-999,-999
7.258377313613892,-0.13118738553451884,-0.04679783928424356,0.2830885687850143,1.2995990122542393,-0.18335546867105265,0.7909455188463709,-0.09743156703440872,-0.08055365778435367,0.2662106595349593,1.3026677230269765,-0.18335546867105265,0.7814016815148912,1,4,2,0,0,0,300,0,0,0,0,0,-92,100,56,-20,0,28,34,32,36,36,31,36,124,122,123,122,122,122,-999,-999,-999
7.275225639343262,-0.12504996398904428,-0.04679783928424356,0.2830885687850143,1.2995990122542393,-0.18335546867105265,0.7909455188463709,-0.09129414548893416,-0.08055365778435367,0.2662106595349593,1.3026677230269765,-0.18335546867105265,0.7694718848505417,1,5,2,0,0,2,250,0,0,0,0,0,-96,100,56,0,0,52,34,32,36,36,31,36,124,122,123,122,122,123,-999,-999,-999
7.290218353271484,-0.12044689782993835,-0.04679783928424356,0.2830885687850143,1.2995990122542393,-0.18335546867105265,0.788559559513501,-0.08669107932982824,-0.08055365778435367,0.2662106595349593,1.301133367640608,-0.18335546867105265,0.7527701695204524,0,5,2,0,0,4,250,0,0,0,0,0,-84,100,56,0,0,108,34,32,36,35,31,36,124,122,123,122,122,123,-999,-999,-999
7.3063554763793945,-0.11430947628446378,-0.04679783928424356,0.2830885687850143,1.2995990122542393,-0.18335546867105265,0.783787640847761,-0.08208801317072231,-0.08055365778435367,0.2662106595349593,1.2980646568678706,-0.18335546867105265,0.7336824948574933,1,5,2,1,0,5,250,0,0,0,0,-50,-88,100,56,20,0,152,34,32,36,35,31,36,124,122,123,122,122,122,-999,-999,-999
7.322337627410889,-0.10817205473898922,-0.04679783928424356,0.2830885687850143,1.2995990122542393,-0.18335546867105265,0.7778227425155865,-0.07901930239798503,-0.08055365778435367,0.2662106595349593,1.2934615907087648,-0.18335546867105265,0.7098229015287943,1,4,2,0,0,5,200,0,0,0,0,-250,-88,100,56,20,0,184,34,32,36,35,31,36,124,122,123,122,122,122,-999,-999,-999
7.338394403457642,-0.10203463319351465,-0.04679783928424356,0.2830885687850143,1.2995990122542393,-0.18335546867105265,0.7694718848505417,-0.07441623623887911,-0.08055365778435367,0.2662106595349593,1.28732416916329,-0.18488982405742127,0.6835773488672255,0,4,2,2,0,7,250,0,0,0,0,-350,-76,100,56,32,0,224,34,32,36,35,31,36,124,122,123,122,122,122,-999,-999,-999
7.354243755340576,-0.09743156703440872,-0.04679783928424356,0.2830885687850143,1.2980646568678706,-0.18335546867105265,0.7563491085197573,-0.06981317007977318,-0.08055365778435367,0.2662106595349593,1.282721103004184,-0.18488982405742127,0.6549458368727867,1,5,2,2,0,6,250,0,0,0,0,-350,-68,100,56,64,0,252,34,32,36,35,31,36,124,122,123,122,122,122,-999,-999,-999
7.370806932449341,-0.0928285008753028,-0.04679783928424356,0.2830885687850143,1.296530301481502,-0.18335546867105265,0.740840372856103,-0.06827881469340454,-0.08055365778435367,0.2662106595349593,1.2765836814587095,-0.18488982405742127,0.6227353858790431,1,5,2,2,0,8,200,0,0,-50,0,-550,-76,100,56,80,0,284,34,32,36,35,31,36,124,122,123,122,122,122,-999,-999,-999
7.386255502700806,-0.08822543471619687,-0.04679783928424356,0.2830885687850143,1.2934615907087648,-0.18335546867105265,0.7229456778595788,-0.06521010392066726,-0.08055365778435367,0.2662106595349593,1.2719806152996036,-0.18488982405742127,0.5905249348852994,1,5,2,1,0,8,200,0,0,-50,0,-700,-60,100,56,60,0,316,34,32,36,35,32,36,124,122,123,122,122,122,-999,-999,-999
7.40239691734314,-0.08362236855709095,-0.04679783928424356,0.2830885687850143,1.2888585245496587,-0.18335546867105265,0.7050509828630545,-0.06367574853429861,-0.08055365778435367,0.2662106595349593,1.2673775491404977,-0.18488982405742127,0.5595074635579909,1,5,1,1,0,9,200,0,0,-100,0,-900,-64,100,56,76,0,344,34,32,36,35,31,36,124,122,123,122,122,122,-999,-999,-999
7.418394565582275,-0.08055365778435367,-0.04679783928424356,0.2830885687850143,1.2857898137769213,-0.18335546867105265,0.6823843692007905,-0.06060703776156134,-0.08055365778435367,0.2662106595349593,1.2597057722086547,-0.18488982405742127,0.5272970125642472,0,5,2,1,0,8,150,0,0,-150,0,-1000,-56,100,56,76,0,376,34,32,36,35,31,36,124,122,122,122,122,122,-999,-999,-999
7.434372901916504,-0.07748494701161639,-0.04679783928424356,0.2830885687850143,1.2811867476178154,-0.18335546867105265,0.6573317962056566,-0.05907268237519269,-0.08055365778435367,0.2662106595349593,1.2520339952768114,-0.18488982405742127,0.4986655005698084,0,5,1,1,0,7,150,0,0,-200,0,-1200,-52,100,56,80,0,372,34,32,36,35,31,36,124,122,123,122,122,122,-999,-999,-999
7.450398921966553,-0.07441623623887911,-0.04679783928424356,0.2830885687850143,1.2765836814587095,-0.18335546867105265,0.6346651825433927,-0.05753832698882405,-0.08055365778435367,0.2662106595349593,1.2443622183449683,-0.18488982405742127,0.4688410089089347,1,5,2,2,0,7,100,0,0,-150,0,-1200,-56,100,56,100,0,396,34,32,36,36,31,36,124,122,122,122,122,122,-999,-999,-999
7.466397762298584,-0.07134752546614181,-0.04679783928424356,0.2830885687850143,1.270446259913235,-0.18335546867105265,0.6108055892146936,-0.05446961621608677,-0.08055365778435367,0.2662106595349593,1.2382247967994937,-0.18488982405742127,0.44020949691449596,0,4,2,1,0,10,150,0,0,-150,0,-1200,-44,100,56,104,0,416,34,32,36,36,32,36,124,122,123,122,122,122,-999,-999,-999
7.482362270355225,-0.06827881469340454,-0.04679783928424356,0.2830885687850143,1.2643088383677605,-0.18335546867105265,0.5833670568866897,-0.052935260829718125,-0.08055365778435367,0.2662106595349593,1.2320873752540191,-0.18488982405742127,0.41515692391936204,1,4,2,1,0,7,150,0,0,-200,0,-1200,-52,100,56,92,0,428,34,32,36,35,32,36,124,122,123,122,122,122,-999,-999,-999
7.499221086502075,-0.0667444593070359,-0.04679783928424356,0.2830885687850143,1.258171416822286,-0.18335546867105265,0.555928524558686,-0.052935260829718125,-0.08055365778435367,0.2662106595349593,1.2274843090949132,-0.18488982405742127,0.392490310257098,1,5,1,2,0,5,100,0,0,-300,0,-1350,-48,100,56,92,0,420,34,32,36,36,32,36,124,122,122,122,122,122,-999,-999,-999
7.514849901199341,-0.06367574853429861,-0.04679783928424356,0.2830885687850143,1.25356835066318,-0.18335546867105265,0.5284899922306822,-0.052935260829718125,-0.08055365778435367,0.2662106595349593,1.2213468875494384,-0.18488982405742127,0.37340263559413883,1,4,2,0,0,5,100,0,0,-200,0,-1400,-40,100,56,88,0,408,34,32,36,35,31,36,124,122,123,122,122,122,-999,-999,-999
7.531221151351929,-0.06214139314792997,-0.04679783928424356,0.2830885687850143,1.2474309291177055,-0.18335546867105265,0.5034374192355482,-0.051400905443349486,-0.08055365778435367,0.2662106595349593,1.2152094660039638,-0.18488982405742127,0.35550794059761465,1,4,2,2,0,5,100,0,0,-200,0,-1400,-36,100,56,80,0,404,34,32,36,35,31,36,124,122,123,122,122,123,-999,-999,-999
7.547246217727661,-0.06060703776156134,-0.04679783928424356,0.2830885687850143,1.2428278629585996,-0.18335546867105265,0.4771918665739794,-0.049866550056980846,-0.08055365778435367,0.2662106595349593,1.210606399844858,-0.18488982405742127,0.34119218460039524,0,5,2,1,0,2,50,0,0,-200,0,-1400,-36,100,56,100,0,388,34,32,36,35,31,36,124,122,122,122,122,123,-999,-999,-999
7.56339693069458,-0.05907268237519269,-0.04679783928424356,0.2830885687850143,1.236690441413125,-0.18335546867105265,0.45213929357884547,-0.0483321946706122,-0.08055365778435367,0.2662106595349593,1.206003333685752,-0.18488982405742127,0.32926238793604573,1,4,2,1,0,3,50,0,0,-250,0,-1250,-40,100,56,92,0,368,34,32,36,36,31,37,124,122,123,122,122,122,-999,-999,-999
7.579280138015747,-0.05753832698882405,-0.04679783928424356,0.2830885687850143,1.2305530198676504,-0.18335546867105265,0.4294726799165814,-0.0483321946706122,-0.08055365778435367,0.2662106595349593,1.2014002675266462,-0.18642417944378992,0.3209115302710011,0,4,2,1,0,0,50,0,0,-200,0,-1350,-40,100,56,84,20,332,34,32,36,35,32,44,124,122,123,122,122,123,-999,-999,-999
7.595372915267944,-0.05753832698882405,-0.04679783928424356,0.2830885687850143,1.2259499537085445,-0.18335546867105265,0.40680606625431737,-0.0483321946706122,-0.08055365778435367,0.2677450149213279,1.1983315567539088,-0.1879585348301586,0.3125606726059565,0,4,2,1,0,1,50,0,0,-250,0,-1150,-36,100,56,80,28,296,34,32,36,35,32,36,124,122,123,122,122,123,-999,-999,-999
7.611288070678711,-0.05600397160245541,-0.04679783928424356,0.2830885687850143,1.2213468875494384,-0.18335546867105265,0.3877183915913583,-0.0483321946706122,-0.08055365778435367,0.2677450149213279,1.1952628459811716,-0.1879585348301586,0.30898173360665165,0,5,1,0,1,0,50,0,0,-200,0,-1100,-28,100,48,76,28,252,34,32,36,35,32,36,124,122,123,122,122,123,-999,-999,-999
7.627838373184204,-0.05600397160245541,-0.04679783928424356,0.2830885687850143,1.2167438213903325,-0.18335546867105265,0.371016676261269,-0.0483321946706122,-0.07901930239798503,0.26927937030769655,1.1921941352084344,-0.1879585348301586,0.30420981494091187,0,5,2,1,1,0,50,0,0,-200,0,-1100,-28,100,52,72,24,208,34,32,36,36,31,36,124,122,123,122,122,123,-999,-999,-999
7.643308401107788,-0.05600397160245541,-0.04679783928424356,0.2830885687850143,1.2121407552312267,-0.18335546867105265,0.35908687959691943,-0.0483321946706122,-0.07901930239798503,0.26927937030769655,1.1875910690493283,-0.1879585348301586,0.3030168352744769,1,4,1,1,0,0,0,0,0,-200,0,-950,-32,92,48,68,24,164,34,32,35,36,31,36,124,122,123,122,122,123,-999,-999,-999
7.659322261810303,-0.05600397160245541,-0.04679783928424356,0.2830885687850143,1.2090720444584893,-0.18335546867105265,0.348350062599005,-0.0483321946706122,-0.07901930239798503,0.2708137256940652,1.1860567136629598,-0.1879585348301586,0.3030168352744769,0,4,1,1,1,0,0,0,0,-150,0,-700,-32,96,44,72,24,136,34,32,36,35,32,36,124,122,123,122,122,123,-999,-999,-999
7.675241231918335,-0.05446961621608677,-0.04679783928424356,0.2830885687850143,1.2044689782993834,-0.18335546867105265,0.33999920493396035,-0.0483321946706122,-0.07901930239798503,0.2708137256940652,1.1829880028902224,-0.1879585348301586,0.3030168352744769,0,4,1,0,0,0,0,0,0,-150,0,-550,-28,96,44,68,24,108,34,32,36,36,32,36,124,122,123,122,122,122,-999,-999,-999
7.691244840621948,-0.05446961621608677,-0.04679783928424356,0.2830885687850143,1.2014002675266462,-0.18335546867105265,0.33403430660178557,-0.04679783928424356,-0.07901930239798503,0.27234808108043385,1.1799192921174853,-0.1879585348301586,0.3030168352744769,0,5,1,1,0,1,50,0,0,-150,0,-400,-24,96,40,64,24,92,34,33,36,35,32,36,124,122,123,122,122,123,-999,-999,-999
7.707245111465454,-0.05446961621608677,-0.04679783928424356,0.2830885687850143,1.1983315567539088,-0.18335546867105265,0.3280694082696108,-0.04679783928424356,-0.07901930239798503,0.27234808108043385,1.1783849367311166,-0.18642417944378992,0.3030168352744769,1,4,1,1,1,1,0,0,0,-150,0,-400,-36,96,36,68,24,72,34,32,36,35,31,36,124,122,123,122,122,122,-999,-999,-999
7.721849203109741,-0.05446961621608677,-0.04679783928424356,0.2830885687850143,1.1952628459811716,-0.18335546867105265,0.324490469270306,-0.04679783928424356,-0.07748494701161639,0.27234808108043385,1.1768505813447478,-0.18642417944378992,0.3030168352744769,1,4,1,1,0,0,0,0,0,-150,0,-300,-32,96,36,56,0,68,34,32,36,35,31,36,124,122,123,122,122,123,-999,-999,-999
7.739281415939331,-0.05446961621608677,-0.04679783928424356,0.2830885687850143,1.1921941352084344,-0.18335546867105265,0.3209115302710011,-0.04679783928424356,-0.07595059162524774,0.2738824364668025,1.1753162259583794,-0.18642417944378992,0.3030168352744769,1,3,1,1,0,0,0,0,0,-100,0,-200,-32,88,40,56,0,64,34,32,36,36,32,36,124,122,122,122,122,122,-999,-999,-999
7.756285905838013,-0.05446961621608677,-0.04679783928424356,0.2830885687850143,1.189125424435697,-0.18335546867105265,0.31733259127169633,-0.04679783928424356,-0.07595059162524774,0.2738824364668025,1.1737818705720107,-0.18642417944378992,0.3030168352744769,0,3,0,0,1,1,0,0,0,-150,0,-200,-32,84,36,52,20,48,34,32,36,35,31,36,124,122,123,122,122,123,-999,-999,-999
7.771408557891846,-0.05446961621608677,-0.04679783928424356,0.2830885687850143,1.1875910690493283,-0.18335546867105265,0.3149466319388263,-0.04679783928424356,-0.07595059162524774,0.2738824364668025,1.1737818705720107,-0.18642417944378992,0.3030168352744769,0,3,0,0,0,1,0,0,0,-100,0,-150,-32,84,32,52,20,48,34,32,36,36,31,36,124,122,123,122,122,122,-999,-999,-999
7.787865877151489,-0.05446961621608677,-0.04679783928424356,0.2830885687850143,1.1875910690493283,-0.18335546867105265,0.31375365227239144,-0.04526348389787492,-0.07441623623887911,0.2738824364668025,1.1737818705720107,-0.18642417944378992,0.3030168352744769,1,4,1,1,0,0,0,0,0,-50,0,-100,-32,88,36,40,20,40,34,32,36,35,31,36,124,122,123,122,122,123,-999,-999,-999
7.804272413253784,-0.05446961621608677,-0.04679783928424356,0.2830885687850143,1.1845223582765911,-0.18335546867105265,0.31136769293952155,-0.042194773125137634,-0.07441623623887911,0.2738824364668025,1.1737818705720107,-0.18642417944378992,0.3030168352744769,0,3,1,0,0,0,0,0,0,-50,0,-100,-40,80,36,40,20,36,34,32,36,36,31,36,124,122,123,122,122,123,-999,-999,-999
7.820409297943115,-0.05446961621608677,-0.04679783928424356,0.2830885687850143,1.1845223582765911,-0.18335546867105265,0.3101747132730866,-0.03759170696603171,-0.07441623623887911,0.2738824364668025,1.1737818705720107,-0.18642417944378992,0.3030168352744769,1,3,1,0,0,1,0,0,0,-50,0,-100,-48,84,36,36,20,32,34,32,36,36,31,36,124,122,123,122,122,123,-999,-999,-999
7.836411952972412,-0.05446961621608677,-0.04679783928424356,0.2830885687850143,1.1829880028902224,-0.18335546867105265,0.3101747132730866,-0.036057351579663076,-0.07441623623887911,0.27541679185317114,1.1737818705720107,-0.18642417944378992,0.3030168352744769,2,3,1,0,0,1,0,0,0,-50,0,-50,-72,84,36,32,20,28,34,32,36,36,31,36,124,122,123,122,122,123,-999,-999,-999
7.852289438247681,-0.05446961621608677,-0.04679783928424356,0.2830885687850143,1.181453647503854,-0.18335546867105265,0.3101747132730866,-0.03452299619329443,-0.07441623623887911,0.27541679185317114,1.1737818705720107,-0.18642417944378992,0.3030168352744769,1,3,0,1,0,0,0,0,0,-50,0,-50,-76,84,28,32,20,36,34,32,36,35,31,36,124,122,123,122,122,123,-999,-999,-999
7.868282318115234,-0.052935260829718125,-0.04679783928424356,0.2830885687850143,1.181453647503854,-0.18335546867105265,0.3101747132730866,-0.03452299619329443,-0.07288188085251047,0.27541679185317114,1.1737818705720107,-0.18642417944378992,0.3030168352744769,1,3,0,1,0,0,0,0,0,-50,0,0,-68,84,32,28,20,36,34,32,36,35,31,36,124,122,123,122,122,122,-999,-999,-999
7.884416580200195,-0.049866550056980846,-0.04679783928424356,0.2830885687850143,1.181453647503854,-0.18335546867105265,0.3101747132730866,-0.03452299619329443,-0.07288188085251047,0.27541679185317114,1.1737818705720107,-0.18642417944378992,0.3030168352744769,1,3,1,0,0,1,50,0,0,-50,0,0,-56,76,32,32,20,36,34,32,36,36,31,36,124,122,123,122,122,123,-999,-999,-999
7.900394439697266,-0.04679783928424356,-0.04679783928424356,0.2830885687850143,1.181453647503854,-0.18335546867105265,0.3101747132730866,-0.03298864080692579,-0.07288188085251047,0.27541679185317114,1.1737818705720107,-0.18642417944378992,0.3030168352744769,1,3,1,1,0,1,150,0,0,0,0,0,-40,80,32,32,20,36,34,32,36,35,31,36,124,122,123,122,122,123,-999,-999,-999
7.91639518737793,-0.04372912851150628,-0.04679783928424356,0.2830885687850143,1.181453647503854,-0.18335546867105265,0.3101747132730866,-0.03298864080692579,-0.07288188085251047,0.27541679185317114,1.1737818705720107,-0.18488982405742127,0.3030168352744769,0,3,1,0,0,1,150,0,0,0,0,0,-44,80,32,32,20,36,34,32,36,35,31,36,124,122,123,122,122,123,-999,-999,-999
7.93230938911438,-0.040660417738769,-0.04679783928424356,0.2830885687850143,1.181453647503854,-0.18335546867105265,0.3101747132730866,-0.03298864080692579,-0.07288188085251047,0.27541679185317114,1.1737818705720107,-0.18488982405742127,0.3030168352744769,0,3,1,1,0,0,100,0,0,0,0,0,-32,80,32,32,0,36,34,32,36,36,32,36,124,122,123,122,122,123,-999,-999,-999
7.948329448699951,-0.03759170696603171,-0.04679783928424356,0.2830885687850143,1.181453647503854,-0.18335546867105265,0.3101747132730866,-0.03298864080692579,-0.07288188085251047,0.27541679185317114,1.1737818705720107,-0.18488982405742127,0.3030168352744769,0,3,1,1,0,0,150,0,0,0,0,0,0,80,32,32,-20,36,34,32,36,35,30,36,124,122,123,122,122,123,-999,-999,-999
7.964308738708496,-0.036057351579663076,-0.04679783928424356,0.2830885687850143,1.181453647503854,-0.18335546867105265,0.3101747132730866,-0.03298864080692579,-0.07288188085251047,0.2769511472395398,1.1737818705720107,-0.18488982405742127,0.3030168352744769,1,3,0,0,0,1,100,0,0,0,0,0,20,80,32,32,0,36,34,32,36,35,31,36,124,122,123,122,122,122,-999,-999,-999
7.9813292026519775,-0.036057351579663076,-0.04679783928424356,0.2830885687850143,1.181453647503854,-0.18335546867105265,0.3101747132730866,-0.03298864080692579,-0.07288188085251047,0.2769511472395398,1.1737818705720107,-0.18488982405742127,0.3030168352744769,0,3,0,1,0,1,50,0,0,0,0,0,0,80,28,32,0,36,34,32,36,36,31,36,124,122,123,122,122,122,-999,-999,-999
7.996335983276367,-0.036057351579663076,-0.04679783928424356,0.2830885687850143,1.181453647503854,-0.18335546867105265,0.3101747132730866,-0.03298864080692579,-0.07288188085251047,0.2769511472395398,1.1737818705720107,-0.18488982405742127,0.3030168352744769,0,3,0,1,0,1,50,0,0,0,0,0,-20,80,24,32,0,36,34,32,36,36,31,36,124,122,123,122,122,123,-999,-999,-999
8.01234769821167,-0.036057351579663076,-0.04679783928424356,0.2830885687850143,1.181453647503854,-0.18335546867105265,0.3101747132730866,-0.03298864080692579,-0.07288188085251047,0.27848550262590843,1.1737818705720107,-0.18488982405742127,0.3030168352744769,0,3,0,1,0,0,0,0,0,0,0,0,-20,80,28,32,0,36,34,32,36,35,31,36,124,122,123,122,122,123,-999,-999,-999
8.028483629226685,-0.03759170696603171,-0.04679783928424356,0.2830885687850143,1.181453647503854,-0.18335546867105265,0.3101747132730866,-0.03298864080692579,-0.07288188085251047,0.28462292417138296,1.1737818705720107,-0.18488982405742127,0.3030168352744769,0,3,0,0,0,1,0,0,0,0,0,0,-24,80,20,32,0,36,34,32,36,35,31,36,124,122,123,122,122,122,-999,-999,-999
8.044482946395874,-0.039126062352400355,-0.04679783928424356,0.2830885687850143,1.181453647503854,-0.18335546867105265,0.3101747132730866,-0.03298864080692579,-0.07288188085251047,0.2892259903304889,1.172247515185642,-0.18488982405742127,0.3030168352744769,1,3,0,1,0,1,-50,0,0,0,0,0,-32,80,-24,36,0,36,34,32,36,35,31,36,124,122,123,122,122,123,-999,-999,-999
8.060473442077637,-0.040660417738769,-0.04679783928424356,0.2830885687850143,1.181453647503854,-0.18335546867105265,0.3101747132730866,-0.03145428542055715,-0.07288188085251047,0.2953634118759635,1.1707131597992735,-0.18488982405742127,0.3030168352744769,1,3,1,1,0,1,-50,0,0,0,0,0,-36,80,-36,44,0,36,34,32,36,35,31,36,124,122,123,122,122,123,-999,-999,-999
8.076884269714355,-0.042194773125137634,-0.04679783928424356,0.2861572795577516,1.181453647503854,-0.18335546867105265,0.3101747132730866,-0.03145428542055715,-0.07288188085251047,0.2999664780350694,1.164575738253799,-0.18488982405742127,0.3030168352744769,1,3,0,1,0,1,-50,0,0,0,0,0,-44,80,-52,52,0,36,34,32,36,35,32,36,124,122,123,122,122,122,-999,-999,-999
8.093370914459229,-0.042194773125137634,-0.04679783928424356,0.29076034571685755,1.181453647503854,-0.18335546867105265,0.3101747132730866,-0.03145428542055715,-0.07288188085251047,0.30610389958054396,1.1584383167083243,-0.18488982405742127,0.3030168352744769,1,3,0,3,0,1,-50,0,100,0,0,0,-44,80,-60,68,0,36,34,32,36,36,31,36,124,122,123,122,122,122,-999,-999,-999
8.109470129013062,-0.042194773125137634,-0.04679783928424356,0.2968977672623321,1.1783849367311166,-0.18335546867105265,0.3101747132730866,-0.03145428542055715,-0.07288188085251047,0.31377567651238714,1.1523008951628497,-0.18488982405742127,0.3030168352744769,0,3,0,2,0,0,-50,0,200,0,0,0,-44,80,-40,88,0,36,34,32,36,36,31,36,124,122,123,122,122,123,-999,-999,-999
8.126340389251709,-0.042194773125137634,-0.04679783928424356,0.30303518880780667,1.1737818705720107,-0.18335546867105265,0.3101747132730866,-0.03145428542055715,-0.07288188085251047,0.3199130980578617,1.146163473617375,-0.18488982405742127,0.3030168352744769,1,3,0,2,0,1,0,0,200,0,0,0,-40,80,-48,96,0,36,34,32,36,35,31,36,124,122,123,122,122,123,-999,-999,-999
8.142902374267578,-0.040660417738769,-0.04679783928424356,0.3076382549669126,1.167644449026536,-0.18335546867105265,0.3101747132730866,-0.03145428542055715,-0.07288188085251047,0.32758487498970495,1.141560407458269,-0.18488982405742127,0.3030168352744769,0,3,0,1,0,0,0,0,200,-150,0,0,-36,80,-56,80,0,36,34,32,36,35,31,36,124,122,123,122,122,123,-999,-999,-999
8.156908988952637,-0.039126062352400355,-0.04679783928424356,0.31224132112601855,1.1630413828674302,-0.18335546867105265,0.3101747132730866,-0.03145428542055715,-0.07288188085251047,0.3337222965351795,1.133888630526426,-0.18488982405742127,0.3030168352744769,1,3,1,0,0,1,50,0,250,-250,0,0,-32,80,-64,76,0,36,34,32,36,35,31,36,124,122,123,122,122,123,-999,-999,-999
8.173320055007935,-0.039126062352400355,-0.04679783928424356,0.3199130980578617,1.1584383167083243,-0.18335546867105265,0.3101747132730866,-0.03145428542055715,-0.07288188085251047,0.33832536269428537,1.12928556436732,-0.18488982405742127,0.3030168352744769,0,3,0,2,0,1,50,0,200,-200,0,0,-28,80,-60,84,0,36,34,32,36,35,31,36,124,122,123,122,122,123,-999,-999,-999
8.189485549926758,-0.03759170696603171,-0.04679783928424356,0.3260505196033363,1.1538352505492184,-0.18335546867105265,0.3101747132730866,-0.03145428542055715,-0.07288188085251047,0.3413940734670227,1.1246824982082142,-0.18488982405742127,0.3030168352744769,1,3,0,1,0,1,50,0,300,-200,0,0,-28,80,-48,92,0,36,34,32,36,35,31,36,124,122,123,122,122,123,-999,-999,-999
8.205467700958252,-0.03759170696603171,-0.04679783928424356,0.33218794114881084,1.1476978290037436,-0.18335546867105265,0.3101747132730866,-0.03145428542055715,-0.07288188085251047,0.34599713962612866,1.1216137874354768,-0.18488982405742127,0.3030168352744769,0,4,0,1,0,1,0,0,250,-200,0,0,-28,80,-40,84,0,36,34,32,36,36,31,36,124,122,123,122,122,123,-999,-999,-999
8.221368312835693,-0.03759170696603171,-0.04679783928424356,0.3367910073079168,1.1430947628446377,-0.18335546867105265,0.3101747132730866,-0.03145428542055715,-0.07288188085251047,0.34753149501249725,1.117010721276371,-0.18488982405742127,0.3030168352744769,0,3,0,0,0,0,50,0,250,-200,0,0,-24,80,-32,72,0,36,34,32,36,35,31,36,124,122,123,122,122,123,-999,-999,-999
8.2383451461792,-0.03759170696603171,-0.04679783928424356,0.3413940734670227,1.1384916966855319,-0.18335546867105265,0.3101747132730866,-0.03145428542055715,-0.07288188085251047,0.35060020578523454,1.1139420105036337,-0.18488982405742127,0.3030168352744769,0,3,0,1,0,1,0,0,200,-200,0,0,-28,80,-24,76,0,36,34,32,36,35,31,36,124,122,123,122,122,123,-999,-999,-999
8.253464937210083,-0.03759170696603171,-0.04679783928424356,0.34599713962612866,1.133888630526426,-0.18335546867105265,0.3101747132730866,-0.03145428542055715,-0.07288188085251047,0.3521345611716032,1.1078045889581591,-0.18488982405742127,0.3030168352744769,0,3,0,1,0,1,0,0,200,-200,0,0,-28,80,-20,72,0,36,34,32,36,35,31,36,124,122,123,122,122,123,-999,-999,-999
8.271361827850342,-0.03759170696603171,-0.04679783928424356,0.3490658503988659,1.1308199197536886,-0.18335546867105265,0.3101747132730866,-0.03145428542055715,-0.07288188085251047,0.3521345611716032,1.1047358781854217,-0.18488982405742127,0.3030168352744769,0,3,0,2,0,0,0,0,150,-150,0,0,-28,80,-20,76,0,36,34,32,36,35,31,36,124,122,123,122,122,123,-999,-999,-999
8.286932468414307,-0.03759170696603171,-0.04679783928424356,0.35060020578523454,1.1262168535945827,-0.18335546867105265,0.3101747132730866,-0.03145428542055715,-0.07288188085251047,0.3521345611716032,1.1016671674126846,-0.18488982405742127,0.3030168352744769,1,3,0,2,0,0,0,0,100,-150,0,0,-28,80,24,88,0,36,34,32,36,35,31,36,124,122,123,122,122,123,-999,-999,-999
8.302367210388184,-0.03759170696603171,-0.04679783928424356,0.35060020578523454,1.1216137874354768,-0.18335546867105265,0.3101747132730866,-0.03145428542055715,-0.07288188085251047,0.3521345611716032,1.1001328120263159,-0.18488982405742127,0.3030168352744769,0,3,0,0,0,1,0,0,100,-150,0,0,-28,80,20,64,0,36,34,32,36,35,31,36,124,122,123,122,122,123,-999,-999,-999
8.318483114242554,-0.03759170696603171,-0.04679783928424356,0.35060020578523454,1.1185450766627396,-0.18335546867105265,0.3101747132730866,-0.03298864080692579,-0.07288188085251047,0.3521345611716032,1.1001328120263159,-0.18488982405742127,0.3030168352744769,1,3,0,0,0,1,0,0,50,-200,0,0,-24,80,20,52,0,36,34,32,36,35,31,36,124,122,123,122,122,123,-999,-999,-999
8.334357261657715,-0.03759170696603171,-0.04679783928424356,0.35060020578523454,1.1154763658900022,-0.18335546867105265,0.3101747132730866,-0.03298864080692579,-0.07288188085251047,0.3521345611716032,1.0970641012535784,-0.18488982405742127,0.3030168352744769,0,3,0,0,0,1,0,0,0,-150,0,0,-20,80,0,56,0,36,34,32,36,35,31,36,124,122,123,122,122,123,-999,-999,-999
8.349360227584839,-0.03759170696603171,-0.04679783928424356,0.3521345611716032,1.1139420105036337,-0.18335546867105265,0.3101747132730866,-0.03298864080692579,-0.07288188085251047,0.3521345611716032,1.0970641012535784,-0.18488982405742127,0.3030168352744769,0,3,0,0,0,1,0,0,0,-100,0,0,-24,80,0,52,0,36,34,32,36,35,31,36,124,122,123,122,122,123,-999,-999,-999
8.366360425949097,-0.03759170696603171,-0.04679783928424356,0.35366891655797184,1.1108732997308963,-0.18335546867105265,0.3101747132730866,-0.03452299619329443,-0.07441623623887911,0.35060020578523454,1.0970641012535784,-0.18488982405742127,0.3030168352744769,0,3,0,0,0,0,0,0,50,-100,0,0,-20,84,0,48,0,36,34,32,36,36,32,36,124,122,123,122,122,123,-999,-999,-999
8.38238525390625,-0.03759170696603171,-0.04679783928424356,0.35366891655797184,1.1093389443445276,-0.18335546867105265,0.3101747132730866,-0.03452299619329443,-0.07441623623887911,0.35060020578523454,1.0970641012535784,-0.18488982405742127,0.3030168352744769,0,3,1,0,0,1,0,0,50,-100,0,0,0,88,24,36,0,36,34,32,36,35,31,36,124,122,123,122,122,123,-999,-999,-999
8.398510932922363,-0.03759170696603171,-0.04679783928424356,0.35366891655797184,1.1093389443445276,-0.18335546867105265,0.3101747132730866,-0.03452299619329443,-0.07441623623887911,0.35060020578523454,1.0970641012535784,-0.18488982405742127,0.3030168352744769,0,3,0,1,0,1,0,0,50,-100,0,0,-20,84,24,40,0,36,34,32,36,36,32,36,124,122,123,122,122,123,-999,-999,-999
8.414507389068604,-0.03759170696603171,-0.04679783928424356,0.35366891655797184,1.1093389443445276,-0.18335546867105265,0.3101747132730866,-0.03452299619329443,-0.07441623623887911,0.35060020578523454,1.0970641012535784,-0.18488982405742127,0.3030168352744769,0,3,1,1,0,1,0,0,0,0,0,0,-20,84,20,44,0,36,34,32,36,35,31,36,124,122,123,122,122,123,-999,-999,-999
8.43038272857666,-0.03759170696603171,-0.04679783928424356,0.35366891655797184,1.1093389443445276,-0.18335546867105265,0.3101747132730866,-0.03452299619329443,-0.07441623623887911,0.35060020578523454,1.0970641012535784,-0.18488982405742127,0.3030168352744769,0,4,0,1,0,1,0,0,0,0,0,0,-20,84,20,44,0,36,34,32,36,35,31,36,124,122,123,122,122,123,-999,-999,-999
8.446497917175293,-0.03759170696603171,-0.04679783928424356,0.35366891655797184,1.1093389443445276,-0.18335546867105265,0.3101747132730866,-0.03452299619329443,-0.07441623623887911,0.35060020578523454,1.0970641012535784,-0.18488982405742127,0.3030168352744769,0,3,0,1,0,1,0,0,0,0,0,0,-20,84,20,44,0,36,34,32,36,36,32,36,124,122,123,122,122,123,-999,-999,-999
8.462391376495361,-0.03759170696603171,-0.04679783928424356,0.35366891655797184,1.1093389443445276,-0.18335546867105265,0.3101747132730866,-0.03452299619329443,-0.07441623623887911,0.35060020578523454,1.0970641012535784,-0.18488982405742127,0.3030168352744769,0,4,0,1,0,1,0,0,0,0,0,0,-20,84,20,44,0,36,34,32,36,35,31,36,124,122,123,122,122,123,-999,-999,-999
8.478529453277588,-0.03759170696603171,-0.04679783928424356,0.35366891655797184,1.1093389443445276,-0.18335546867105265,0.3101747132730866,-0.03452299619329443,-0.07441623623887911,0.35060020578523454,1.0970641012535784,-0.18488982405742127,0.3030168352744769,0,3,0,1,0,0,0,0,0,0,0,0,-20,84,20,44,0,36,34,32,36,35,31,36,124,122,123,122,122,123,-999,-999,-999
8.494535684585571,-0.03759170696603171,-0.04679783928424356,0.35366891655797184,1.1093389443445276,-0.18335546867105265,0.3101747132730866,-0.03452299619329443,-0.07441623623887911,0.35060020578523454,1.0970641012535784,-0.18488982405742127,0.3030168352744769,0,4,1,1,0,0,0,0,0,0,0,0,-20,84,20,44,0,36,34,32,36,35,31,36,124,122,123,122,122,122,-999,-999,-999
8.511382818222046,-0.03759170696603171,-0.04679783928424356,0.35366891655797184,1.1093389443445276,-0.18335546867105265,0.3101747132730866,-0.03452299619329443,-0.07441623623887911,0.35060020578523454,1.0970641012535784,-0.18488982405742127,0.3030168352744769,0,4,1,1,0,1,0,0,0,0,0,0,-20,84,20,44,0,36,34,32,36,36,31,36,124,122,123,122,122,122,-999,-999,-999
8.526530981063843,-0.03759170696603171,-0.04679783928424356,0.35366891655797184,1.1093389443445276,-0.18335546867105265,0.3101747132730866,-0.03452299619329443,-0.07441623623887911,0.35060020578523454,1.09552974586721,-0.18488982405742127,0.3030168352744769,0,3,0,1,0,0,0,0,0,0,0,0,-20,84,20,48,0,36,34,32,36,35,31,36,124,122,123,122,122,122,-999,-999,-999
8.543394088745117,-0.03759170696603171,-0.04679783928424356,0.35366891655797184,1.1093389443445276,-0.18335546867105265,0.3101747132730866,-0.03452299619329443,-0.07441623623887911,0.3490658503988659,1.09552974586721,-0.18488982405742127,0.3030168352744769,0,3,0,2,0,1,0,0,0,0,0,0,-20,84,24,52,0,36,34,32,36,35,32,36,124,122,123,122,122,123,-999,-999,-999
8.559394359588623,-0.03759170696603171,-0.04679783928424356,0.35366891655797184,1.1093389443445276,-0.18335546867105265,0.3101747132730866,-0.03452299619329443,-0.07441623623887911,0.3490658503988659,1.09552974586721,-0.18488982405742127,0.3030168352744769,0,4,1,1,0,1,0,0,0,0,0,0,-20,84,28,48,0,36,34,32,36,35,31,36,124,122,123,122,122,123,-999,-999,-999
8.57541823387146,-0.03759170696603171,-0.04679783928424356,0.35366891655797184,1.1093389443445276,-0.18335546867105265,0.3101747132730866,-0.03452299619329443,-0.07441623623887911,0.3490658503988659,1.09552974586721,-0.18488982405742127,0.3030168352744769,0,3,1,1,0,1,0,0,0,0,0,0,-20,84,28,48,0,36,34,32,36,35,32,36,124,122,123,122,122,123,-999,-999,-999
8.591535806655884,-0.03759170696603171,-0.04679783928424356,0.35366891655797184,1.1093389443445276,-0.18335546867105265,0.3101747132730866,-0.03452299619329443,-0.07441623623887911,0.3490658503988659,1.09552974586721,-0.18488982405742127,0.3030168352744769,0,3,0,1,0,1,0,0,0,0,0,0,-20,84,24,48,0,36,34,32,36,35,31,36,124,122,123,122,122,123,-999,-999,-999
8.607520341873169,-0.03759170696603171,-0.04679783928424356,0.35366891655797184,1.1093389443445276,-0.18335546867105265,0.3101747132730866,-0.03452299619329443,-0.07441623623887911,0.3490658503988659,1.09552974586721,-0.18488982405742127,0.3030168352744769,0,3,1,1,0,1,0,0,0,0,0,0,-20,84,24,48,0,36,34,32,36,36,31,36,124,122,123,122,122,123,-999,-999,-999
8.623420476913452,-0.03759170696603171,-0.04679783928424356,0.35366891655797184,1.1093389443445276,-0.18335546867105265,0.3101747132730866,-0.03452299619329443,-0.07441623623887911,0.3490658503988659,1.09552974586721,-0.18488982405742127,0.3030168352744769,0,4,0,1,0,1,0,0,0,0,0,0,-20,84,24,48,0,36,34,32,36,36,31,36,124,122,123,122,122,123,-999,-999,-999
8.640403270721436,-0.03759170696603171,-0.04679783928424356,0.35366891655797184,1.1093389443445276,-0.18335546867105265,0.3101747132730866,-0.03452299619329443,-0.07441623623887911,0.3490658503988659,1.09552974586721,-0.18488982405742127,0.3030168352744769,0,4,1,2,0,1,0,0,0,0,0,0,-20,84,24,48,0,36,34,32,36,36,32,36,124,122,123,122,122,123,-999,-999,-999
8.656412839889526,-0.03759170696603171,-0.04679783928424356,0.35366891655797184,1.1093389443445276,-0.18335546867105265,0.3101747132730866,-0.03452299619329443,-0.07441623623887911,0.35060020578523454,1.09552974586721,-0.18488982405742127,0.3030168352744769,0,3,1,1,0,1,0,0,0,0,0,0,-20,84,24,48,0,36,34,32,36,35,31,36,124,122,123,122,122,123,-999,-999,-999
8.671579122543335,-0.03759170696603171,-0.04679783928424356,0.35366891655797184,1.1093389443445276,-0.18335546867105265,0.3101747132730866,-0.03452299619329443,-0.07441623623887911,0.35060020578523454,1.09552974586721,-0.18488982405742127,0.3030168352744769,0,3,1,1,0,1,0,0,0,0,0,0,-20,84,20,48,0,36,34,32,36,36,31,36,124,122,123,122,122,123,-999,-999,-999
8.68841552734375,-0.03759170696603171,-0.04679783928424356,0.35366891655797184,1.1093389443445276,-0.18335546867105265,0.3101747132730866,-0.03452299619329443,-0.07441623623887911,0.35060020578523454,1.09552974586721,-0.18488982405742127,0.3030168352744769,0,3,0,1,0,1,0,0,0,0,0,0,-20,84,0,48,0,36,34,32,36,35,31,36,124,122,123,122,122,123,-999,-999,-999
8.703446388244629,-0.03759170696603171,-0.04679783928424356,0.35366891655797184,1.1093389443445276,-0.18335546867105265,0.3101747132730866,-0.03452299619329443,-0.07441623623887911,0.35060020578523454,1.09552974586721,-0.18488982405742127,0.3030168352744769,0,4,1,2,0,1,0,0,0,0,0,0,-20,84,20,48,0,36,34,32,36,35,31,36,124,122,123,122,122,123,-999,-999,-999
8.71939992904663,-0.03759170696603171,-0.04679783928424356,0.35366891655797184,1.1093389443445276,-0.18335546867105265,0.3101747132730866,-0.03452299619329443,-0.07441623623887911,0.35060020578523454,1.09552974586721,-0.18488982405742127,0.3030168352744769,0,3,0,1,0,1,0,0,0,0,0,0,-20,84,20,48,0,36,34,32,36,35,31,36,124,122,123,122,122,123,-999,-999,-999
8.735561609268188,-0.03759170696603171,-0.04679783928424356,0.35366891655797184,1.1093389443445276,-0.18335546867105265,0.3101747132730866,-0.03452299619329443,-0.07441623623887911,0.35060020578523454,1.09552974586721,-0.18488982405742127,0.3030168352744769,0,3,0,1,0,1,0,0,0,0,0,0,-20,84,20,48,0,36,34,32,36,35,31,36,124,122,123,122,122,123,-999,-999,-999
8.751417398452759,-0.03759170696603171,-0.04679783928424356,0.35366891655797184,1.1093389443445276,-0.18335546867105265,0.3101747132730866,-0.03452299619329443,-0.07441623623887911,0.35060020578523454,1.09552974586721,-0.18488982405742127,0.3030168352744769,0,4,1,1,0,0,0,0,0,0,0,0,-20,84,20,48,0,36,34,32,36,35,31,36,124,122,123,122,122,123,-999,-999,-999
8.767575740814209,-0.03759170696603171,-0.04679783928424356,0.35366891655797184,1.1093389443445276,-0.18335546867105265,0.3101747132730866,-0.03298864080692579,-0.07441623623887911,0.35060020578523454,1.09552974586721,-0.18488982405742127,0.3030168352744769,0,3,1,1,0,1,0,0,0,0,0,0,-20,84,20,48,0,36,34,32,36,36,32,50,124,122,123,122,122,123,-999,-999,-999
8.783457040786743,-0.03759170696603171,-0.04679783928424356,0.35366891655797184,1.1093389443445276,-0.18335546867105265,0.3101747132730866,-0.03298864080692579,-0.07441623623887911,0.35060020578523454,1.09552974586721,-0.18488982405742127,0.3030168352744769,0,3,0,1,0,1,0,0,0,0,0,0,-28,84,20,48,0,36,34,32,36,35,31,36,124,122,123,122,122,123,-999,-999,-999
8.799445390701294,-0.03759170696603171,-0.04679783928424356,0.35366891655797184,1.1093389443445276,-0.18335546867105265,0.3101747132730866,-0.03298864080692579,-0.07441623623887911,0.35060020578523454,1.09552974586721,-0.18488982405742127,0.3030168352744769,0,4,0,1,0,1,0,0,0,0,0,0,-28,84,20,48,0,36,34,32,36,35,31,36,124,122,123,122,122,123,-999,-999,-999
8.815553665161133,-0.03759170696603171,-0.04679783928424356,0.35366891655797184,1.1093389443445276,-0.18335546867105265,0.3101747132730866,-0.03298864080692579,-0.07441623623887911,0.35060020578523454,1.09552974586721,-0.18488982405742127,0.3030168352744769,0,3,0,1,0,0,0,0,0,0,0,0,-24,84,20,48,0,36,34,32,36,35,31,36,123,122,123,122,122,123,-999,-999,-999
8.831454515457153,-0.03759170696603171,-0.04679783928424356,0.35366891655797184,1.1093389443445276,-0.18335546867105265,0.3101747132730866,-0.03298864080692579,-0.07441623623887911,0.35060020578523454,1.09552974586721,-0.18488982405742127,0.3030168352744769,0,3,0,1,0,0,0,0,0,0,0,0,-24,84,20,48,0,36,34,32,36,36,31,36,124,122,123,122,122,122,-999,-999,-999
8.847471714019775,-0.03759170696603171,-0.04679783928424356,0.35366891655797184,1.1093389443445276,-0.18335546867105265,0.3101747132730866,-0.03298864080692579,-0.07441623623887911,0.35060020578523454,1.09552974586721,-0.18488982405742127,0.3030168352744769,0,4,1,1,0,0,0,0,0,0,0,0,-24,84,20,48,0,36,34,32,36,35,31,36,124,122,123,122,122,123,-999,-999,-999
8.864017486572266,-0.03759170696603171,-0.04679783928424356,0.35366891655797184,1.1093389443445276,-0.18335546867105265,0.3101747132730866,-0.03298864080692579,-0.07441623623887911,0.35060020578523454,1.09552974586721,-0.18488982405742127,0.3030168352744769,0,3,0,2,0,0,0,0,0,0,0,0,-24,84,20,48,0,36,34,32,36,36,31,36,124,122,123,122,122,122,-999,-999,-999
8.880432367324829,-0.03759170696603171,-0.04679783928424356,0.35366891655797184,1.1093389443445276,-0.18335546867105265,0.3101747132730866,-0.03298864080692579,-0.07441623623887911,0.35060020578523454,1.09552974586721,-0.18488982405742127,0.3030168352744769,0,3,0,1,0,1,0,0,0,0,0,0,-24,84,20,48,0,36,34,32,36,35,31,36,124,122,123,122,122,122,-999,-999,-999
8.896451234817505,-0.03759170696603171,-0.04679783928424356,0.35366891655797184,1.1093389443445276,-0.18335546867105265,0.3101747132730866,-0.03298864080692579,-0.07441623623887911,0.35060020578523454,1.09552974586721,-0.18488982405742127,0.3030168352744769,1,3,1,2,0,1,0,0,0,0,0,0,-24,84,20,48,0,36,34,32,36,35,32,36,124,122,123,122,122,123,-999,-999,-999
8.912439584732056,-0.03759170696603171,-0.04679783928424356,0.35366891655797184,1.1093389443445276,-0.18335546867105265,0.3101747132730866,-0.03298864080692579,-0.07441623623887911,0.35060020578523454,1.09552974586721,-0.18488982405742127,0.3030168352744769,0,4,0,1,0,0,0,0,0,0,0,0,-24,84,20,48,0,36,34,32,36,35,31,36,124,122,123,122,122,123,-999,-999,-999
8.928610563278198,-0.03759170696603171,-0.04679783928424356,0.35366891655797184,1.1093389443445276,-0.18335546867105265,0.3101747132730866,-0.03298864080692579,-0.07441623623887911,0.35060020578523454,1.09552974586721,-0.18488982405742127,0.3030168352744769,0,3,0,1,0,1,0,0,0,0,0,0,-24,84,20,48,0,36,34,32,36,35,31,36,124,122,123,122,122,123,-999,-999,-999
8.944470882415771,-0.03759170696603171,-0.04679783928424356,0.35366891655797184,1.1093389443445276,-0.18335546867105265,0.3101747132730866,-0.03298864080692579,-0.07441623623887911,0.35060020578523454,1.09552974586721,-0.18488982405742127,0.3030168352744769,1,3,1,1,0,1,0,0,0,0,0,0,-24,84,20,48,0,36,34,32,36,35,31,36,124,122,123,122,122,122,-999,-999,-999
8.960461139678955,-0.03759170696603171,-0.04679783928424356,0.35366891655797184,1.1093389443445276,-0.18335546867105265,0.3101747132730866,-0.03298864080692579,-0.07441623623887911,0.35060020578523454,1.09552974586721,-0.18488982405742127,0.3030168352744769,0,4,1,1,0,1,0,0,0,0,0,0,-24,84,20,48,0,36,34,32,36,35,31,36,124,122,123,122,122,123,-999,-999,-999
8.976433038711548,-0.03759170696603171,-0.04679783928424356,0.35366891655797184,1.1093389443445276,-0.18335546867105265,0.3101747132730866,-0.03298864080692579,-0.07441623623887911,0.35060020578523454,1.09552974586721,-0.18488982405742127,0.3030168352744769,0,4,1,1,0,1,0,0,0,0,0,0,-24,84,20,48,0,36,34,32,36,35,31,36,124,122,123,122,122,123,-999,-999,-999
8.992598533630371,-0.03759170696603171,-0.04679783928424356,0.35366891655797184,1.1093389443445276,-0.18335546867105265,0.3101747132730866,-0.03298864080692579,-0.07441623623887911,0.35060020578523454,1.09552974586721,-0.18488982405742127,0.3030168352744769,0,3,1,1,0,0,0,0,0,0,0,0,-24,84,20,48,0,36,34,32,36,36,31,36,124,122,123,122,122,123,-999,-999,-999
9.008454322814941,-0.03759170696603171,-0.04679783928424356,0.35366891655797184,1.1093389443445276,-0.18335546867105265,0.3101747132730866,-0.03298864080692579,-0.07441623623887911,0.35060020578523454,1.09552974586721,-0.18488982405742127,0.3030168352744769,0,3,0,1,0,1,0,0,0,0,0,0,-24,84,20,48,0,36,34,32,36,36,31,36,124,122,123,122,122,123,-999,-999,-999
9.024612665176392,-0.03759170696603171,-0.04679783928424356,0.35366891655797184,1.1093389443445276,-0.18335546867105265,0.3101747132730866,-0.03298864080692579,-0.07441623623887911,0.35060020578523454,1.09552974586721,-0.18488982405742127,0.3030168352744769,0,3,0,1,0,0,0,0,0,0,0,0,-24,84,20,48,0,36,34,32,36,35,31,36,124,122,123,122,122,123,-999,-999,-999
9.040463209152222,-0.03759170696603171,-0.04679783928424356,0.35366891655797184,1.1093389443445276,-0.18335546867105265,0.3101747132730866,-0.03298864080692579,-0.07441623623887911,0.35060020578523454,1.09552974586721,-0.18488982405742127,0.3030168352744769,0,3,1,1,0,0,0,0,0,0,0,0,-24,84,20,48,0,36,34,32,36,36,31,36,124,122,123,122,122,123,-999,-999,-999
9.056585311889648,-0.03759170696603171,-0.04679783928424356,0.35366891655797184,1.1093389443445276,-0.18335546867105265,0.3101747132730866,-0.03298864080692579,-0.07441623623887911,0.35060020578523454,1.09552974586721,-0.18488982405742127,0.3030168352744769,0,4,1,1,0,1,0,0,0,0,0,0,-24,84,20,48,0,36,34,32,36,35,31,36,124,122,123,122,122,123,-999,-999,-999
9.072028160095215,-0.03759170696603171,-0.04679783928424356,0.35366891655797184,1.1093389443445276,-0.18335546867105265,0.3101747132730866,-0.03298864080692579,-0.07441623623887911,0.35060020578523454,1.09552974586721,-0.18488982405742127,0.3030168352744769,0,3,0,1,0,1,0,0,0,0,0,0,-24,84,20,48,0,36,34,32,36,35,31,36,124,122,123,122,122,123,-999,-999,-999
9.08943247795105,-0.03759170696603171,-0.04679783928424356,0.35366891655797184,1.1093389443445276,-0.18335546867105265,0.3101747132730866,-0.03298864080692579,-0.07441623623887911,0.35060020578523454,1.09552974586721,-0.18488982405742127,0.3030168352744769,1,3,0,2,0,1,0,0,0,0,0,0,-24,84,20,48,0,36,34,32,36,35,31,36,124,122,123,122,122,122,-999,-999,-999
9.105468988418579,-0.03759170696603171,-0.04679783928424356,0.35366891655797184,1.1093389443445276,-0.18335546867105265,0.3101747132730866,-0.03298864080692579,-0.07441623623887911,0.35060020578523454,1.09552974586721,-0.18488982405742127,0.3030168352744769,0,4,0,1,0,1,0,0,0,0,0,0,-24,84,20,48,0,36,34,32,36,35,31,36,124,122,123,122,122,123,-999,-999,-999
9.121019124984741,-0.03759170696603171,-0.04679783928424356,0.35366891655797184,1.1093389443445276,-0.18335546867105265,0.3101747132730866,-0.03298864080692579,-0.07441623623887911,0.35060020578523454,1.09552974586721,-0.18488982405742127,0.3030168352744769,1,3,0,2,0,1,0,0,0,0,0,0,-24,84,20,48,0,36,34,32,36,36,32,36,124,122,123,122,122,123,-999,-999,-999
9.137616157531738,-0.03759170696603171,-0.04679783928424356,0.35366891655797184,1.1093389443445276,-0.18335546867105265,0.3101747132730866,-0.03298864080692579,-0.07441623623887911,0.35060020578523454,1.09552974586721,-0.18488982405742127,0.3030168352744769,0,4,1,2,0,1,0,0,0,0,0,0,-24,84,20,48,0,36,34,32,36,35,31,36,124,122,123,122,122,123,-999,-999,-999
9.153458595275879,-0.03759170696603171,-0.04679783928424356,0.35366891655797184,1.1093389443445276,-0.18335546867105265,0.3101747132730866,-0.03298864080692579,-0.07441623623887911,0.35060020578523454,1.09552974586721,-0.18488982405742127,0.3030168352744769,0,4,0,1,0,1,0,0,0,0,0,0,-24,84,20,48,0,36,34,32,36,36,31,36,124,122,123,122,122,123,-999,-999,-999
9.169633388519287,-0.03759170696603171,-0.04679783928424356,0.35366891655797184,1.1093389443445276,-0.18335546867105265,0.3101747132730866,-0.03298864080692579,-0.07441623623887911,0.35060020578523454,1.09552974586721,-0.18488982405742127,0.3030168352744769,1,3,0,1,0,1,0,0,0,0,0,0,-24,84,20,48,0,36,34,32,36,36,31,36,124,122,123,122,122,123,-999,-999,-999
9.185495853424072,-0.03759170696603171,-0.04679783928424356,0.35366891655797184,1.1093389443445276,-0.18335546867105265,0.3101747132730866,-0.03452299619329443,-0.07441623623887911,0.35060020578523454,1.09552974586721,-0.18488982405742127,0.3030168352744769,0,4,1,2,0,1,0,0,0,0,0,0,-20,84,20,48,0,36,34,32,36,35,31,36,124,122,123,122,122,123,-999,-999,-999
9.201040983200073,-0.03759170696603171,-0.04679783928424356,0.35366891655797184,1.1093389443445276,-0.18335546867105265,0.3101747132730866,-0.03452299619329443,-0.07441623623887911,0.35060020578523454,1.09552974586721,-0.18488982405742127,0.3030168352744769,0,3,1,1,0,0,0,0,0,0,0,0,0,84,20,48,0,36,34,32,36,36,31,36,124,122,123,122,122,123,-999,-999,-999
9.217481136322021,-0.03759170696603171,-0.04679783928424356,0.35366891655797184,1.1093389443445276,-0.18335546867105265,0.3101747132730866,-0.03452299619329443,-0.07441623623887911,0.35060020578523454,1.09552974586721,-0.18488982405742127,0.3030168352744769,0,4,1,1,0,0,0,0,0,0,0,0,-20,84,20,48,0,36,34,32,36,35,31,36,124,122,123,122,122,123,-999,-999,-999
9.233646631240845,-0.03759170696603171,-0.04679783928424356,0.35366891655797184,1.1093389443445276,-0.18335546867105265,0.3101747132730866,-0.036057351579663076,-0.07441623623887911,0.35060020578523454,1.09552974586721,-0.18488982405742127,0.3030168352744769,0,4,0,1,0,1,0,0,0,0,0,0,0,84,20,48,0,36,34,32,36,35,31,36,124,122,123,122,122,122,-999,-999,-999
9.24951171875,-0.03759170696603171,-0.04679783928424356,0.35366891655797184,1.1093389443445276,-0.18335546867105265,0.3101747132730866,-0.036057351579663076,-0.07441623623887911,0.35060020578523454,1.09552974586721,-0.18488982405742127,0.3030168352744769,0,3,1,1,0,1,0,0,0,0,0,0,20,84,20,48,0,36,34,32,36,36,31,36,124,122,123,122,122,123,-999,-999,-999
9.265502452850342,-0.03759170696603171,-0.04679783928424356,0.35366891655797184,1.1093389443445276,-0.18335546867105265,0.3101747132730866,-0.036057351579663076,-0.07441623623887911,0.35060020578523454,1.09552974586721,-0.18488982405742127,0.3030168352744769,0,4,1,1,0,1,0,0,0,0,0,0,0,84,20,48,0,36,34,32,35,35,31,36,124,122,123,122,122,123,-999,-999,-999
9.28148627281189,-0.03759170696603171,-0.04679783928424356,0.35366891655797184,1.1093389443445276,-0.18335546867105265,0.3101747132730866,-0.036057351579663076,-0.07441623623887911,0.35060020578523454,1.09552974586721,-0.18488982405742127,0.3030168352744769,0,3,0,1,0,1,0,0,0,0,0,0,0,84,20,48,0,36,34,32,36,35,31,39,124,122,123,122,122,123,-999,-999,-999
9.298078536987305,-0.03759170696603171,-0.04679783928424356,0.35366891655797184,1.1093389443445276,-0.18335546867105265,0.3101747132730866,-0.036057351579663076,-0.07441623623887911,0.35060020578523454,1.09552974586721,-0.18488982405742127,0.3030168352744769,0,3,0,1,0,1,0,0,0,0,0,0,0,84,20,48,0,36,34,32,36,35,31,36,124,122,123,122,122,123,-999,-999,-999
9.312625646591187,-0.03759170696603171,-0.04679783928424356,0.35366891655797184,1.1093389443445276,-0.18335546867105265,0.3101747132730866,-0.036057351579663076,-0.07441623623887911,0.35060020578523454,1.09552974586721,-0.18488982405742127,0.3030168352744769,0,3,1,1,0,0,0,0,0,0,0,0,0,84,20,48,0,36,34,32,36,35,31,36,124,122,123,122,122,123,-999,-999,-999
9.329628229141235,-0.03759170696603171,-0.04679783928424356,0.35366891655797184,1.1093389443445276,-0.18335546867105265,0.3101747132730866,-0.036057351579663076,-0.07441623623887911,0.35060020578523454,1.09552974586721,-0.18488982405742127,0.3030168352744769,0,4,0,1,0,0,0,0,0,0,0,0,0,84,20,48,0,36,34,32,36,35,31,36,124,122,123,122,122,122,-999,-999,-999
9.34647536277771,-0.03759170696603171,-0.04679783928424356,0.35366891655797184,1.1093389443445276,-0.18335546867105265,0.3101747132730866,-0.036057351579663076,-0.07441623623887911,0.35060020578523454,1.09552974586721,-0.18488982405742127,0.3030168352744769,0,3,0,1,0,1,0,0,0,0,0,0,0,84,20,48,0,36,34,32,36,36,31,36,124,122,123,122,122,123,-999,-999,-999
