timestamp,pos1,pos2,pos3,pos4,pos5,aperture,goal_pos1,goal_pos2,goal_pos3,goal_pos4,goal_pos5,goal_aperture,current1,current2,current3,current4,current5,vel1,vel2,vel3,vel4,vel5,temp1,temp2,temp3,temp4,temp5,pwm1,pwm2,pwm3,pwm4,pwm5,volts1,volts2,volts3,volts4,volts5,force_x,force_y,force_z,force_gripper_x,force_gripper_y,force_gripper_z
0.0,-0.0214758226601847,0.3006615172425858,-0.3190693652370299,1.173500309645807,-0.6074589838166531,-7.968734807675752,-0.0199418353273143,0.2132242392689767,-0.3742929092203619,1.1566264489842333,-0.6613994285726782,-8.392181362820754,0.0,-893.0799999999999,-667.12,-137.19,-567.59,0.0,0.0,0.0,-0.023980823922402,0.0,31,37,37,34,37,6,-344,-244,-57,-218,12.7,12.6,12.5,12.4,12.3,-999,-999,-3.92,0.0,0.0,0.0
0.017000198364257812,-0.0214758226601847,0.2991275299097155,-0.3190693652370299,1.1704323349800665,-0.6074589838166531,-7.968734807675752,-0.0199418353273143,0.2116902519361063,-0.3758268965532323,1.1535584743184928,-0.6613994285726782,-8.392181362820754,0.0,-981.85,-640.22,-139.88,-564.9,0.0,-0.023980823922402,0.0,-0.0479616478448041,0.0,31,37,37,34,37,6,-350,-232,-57,-212,12.6,12.5,12.5,12.3,12.3,-999,-999,-3.92,0.0,0.0,0.0
0.0339503288269043,-0.0214758226601847,0.2991275299097155,-0.3190693652370299,1.168898347647196,-0.6059249964837827,-7.956121396351854,-0.0199418353273143,0.2086222772703657,-0.3758268965532323,1.1520244869856224,-0.6613994285726782,-8.392181362820754,0.0,-995.3,-677.88,-142.57,-567.59,0.0,-0.023980823922402,0.0,-0.0479616478448041,0.0,31,37,36,34,37,6,-357,-238,-63,-218,12.6,12.5,12.4,12.3,12.3,-999,-999,-3.92,0.0,0.0,0.0
0.05096030235290572,-0.0214758226601847,0.2991275299097155,-0.3190693652370299,1.1673643603143258,-0.6074589838166531,-7.968734807675752,-0.0199418353273143,0.2070882899374953,-0.3758268965532323,1.1489565123198815,-0.6613994285726782,-8.392181362820754,0.0,-1003.37,-664.43,-137.19,-564.9,0.0,-0.023980823922402,0.0,-0.0719424717672062,0.0,31,37,36,34,37,6,-369,-244,-63,-212,12.6,12.6,12.5,12.5,12.3,-999,-999,-3.92,0.0,0.0,0.0
0.06798267364501953,-0.0214758226601847,0.2975935425768451,-0.3190693652370299,1.1658303729814554,-0.6059249964837827,-7.956121396351854,-0.0214758226601847,0.2040203152717546,-0.3758268965532323,1.145888537654141,-0.6613994285726782,-8.392181362820754,0.0,-954.95,-661.74,-142.57,-570.28,0.0,-0.023980823922402,0.0,-0.0959232956896083,0.0,31,37,36,34,37,6,-369,-238,-69,-218,12.6,12.5,12.4,12.3,12.3,-999,-999,-3.92,0.0,0.0,0.0
0.08502697944641113,-0.0214758226601847,0.2960595552439748,-0.3190693652370299,1.1612284109828444,-0.6074589838166531,-7.968734807675752,-0.0214758226601847,0.2024863279388843,-0.3758268965532323,1.14128657565553,-0.6613994285726782,-8.392181362820754,0.0,-1038.34,-656.36,-118.36,-567.59,0.0,-0.023980823922402,0.0,-0.1199041196120104,0.0,31,37,37,34,36,0,-375,-238,-69,-212,12.6,12.5,12.4,12.3,12.3,-999,-999,-3.92,0.0,0.0,0.0
0.10192584991455078,-0.0214758226601847,0.2960595552439748,-0.3190693652370299,1.159694423649974,-0.6059249964837827,-7.956121396351854,-0.0214758226601847,0.2024863279388843,-0.3758268965532323,1.14128657565553,-0.6613994285726782,-8.392181362820754,-2.69,-1049.1,-661.74,-161.4,-562.21,0.0,-0.023980823922402,0.0,-0.1199041196120104,0.0,31,37,37,33,36,0,-382,-244,-75,-212,12.6,12.5,12.5,12.3,12.1,-999,-999,-3.92,0.0,0.0,0.0
0.11905574798583984,-0.0214758226601847,0.2945255679111045,-0.3190693652370299,1.1566264489842333,-0.6059249964837827,-7.956121396351854,-0.0214758226601847,0.196350378607403,-0.3758268965532323,1.1351506263240487,-0.6613994285726782,-8.392181362820754,-2.69,-1006.06,-659.05,-153.32999999999998,-570.28,0.0,-0.0479616478448041,0.0,-0.1199041196120104,0.0,31,37,37,33,36,6,-388,-238,-82,-218,12.6,12.6,12.5,12.3,12.2,-999,-999,-3.92,0.0,0.0,0.0
0.13595056533813432,-0.0214758226601847,0.2899236059124935,-0.3190693652370299,1.1535584743184928,-0.6074589838166531,-7.968734807675752,-0.0214758226601847,0.1932824039416623,-0.3758268965532323,1.132082651658308,-0.6613994285726782,-8.392181362820754,-2.69,-933.43,-659.05,-121.05,-567.59,0.0,-0.0719424717672062,0.0,-0.1438849435344125,0.0,31,37,36,33,36,0,-382,-238,-75,-212,12.6,12.6,12.5,12.3,12.3,-999,-999,-3.92,0.0,0.0,0.0
0.1529860496520996,-0.0214758226601847,0.2883896185796232,-0.3190693652370299,1.1489565123198815,-0.6074589838166531,-7.968734807675752,-0.023009809993055,0.191748416608792,-0.3758268965532323,1.127480689659697,-0.6613994285726782,-8.392181362820754,-2.69,-1043.72,-664.43,-134.5,-567.59,0.0,-0.0959232956896083,0.0,-0.1678657674568146,0.0,31,37,36,33,36,0,-388,-244,-69,-218,12.6,12.5,12.4,12.3,12.3,-999,-999,-3.92,0.0,0.0,0.0
0.16996335983276367,-0.0214758226601847,0.2883896185796232,-0.3190693652370299,1.145888537654141,-0.6074589838166531,-7.968734807675752,-0.023009809993055,0.1886804419430513,-0.3758268965532323,1.1244127149939562,-0.6613994285726782,-8.392181362820754,0.0,-1076.0,-659.05,-164.09,-562.21,0.0,-0.0959232956896083,0.0,-0.1678657674568146,0.0,31,37,37,33,36,-7,-394,-238,-82,-212,12.6,12.5,12.4,12.3,12.3,-999,-999,-3.92,0.0,0.0,0.0
0.18696284294128418,-0.0214758226601847,0.2853216439138825,-0.3190693652370299,1.1428205629884003,-0.6074589838166531,-7.968734807675752,-0.0245437973259253,0.1871464546101809,-0.3758268965532323,1.1198107529953454,-0.6613994285726782,-8.392181362820754,0.0,-1022.2,-659.05,-145.26,-567.59,0.0,-0.1199041196120104,0.0,-0.1678657674568146,0.0,31,37,37,34,36,-7,-394,-238,-82,-212,12.5,12.6,12.4,12.3,12.3,-999,-999,-3.92,0.0,0.0,0.0
0.20404577255249023,-0.0214758226601847,0.2822536692481418,-0.3190693652370299,1.1397525883226596,-0.6074589838166531,-7.968734807675752,-0.023009809993055,0.1840784799444403,-0.3758268965532323,1.116742778329605,-0.6613994285726782,-8.392181362820754,24.21,-981.85,-656.36,-126.43,-564.9,0.0,-0.0959232956896083,0.0,-0.1678657674568146,0.0,31,37,37,33,37,-13,-394,-238,-82,-212,12.5,12.5,12.5,12.3,12.2,-999,-999,-3.92,0.0,0.0,0.0
0.22095918655395508,-0.0214758226601847,0.2791856945824011,-0.3190693652370299,1.136684613656919,-0.6074589838166531,-7.968734807675752,-0.023009809993055,0.1840784799444403,-0.3758268965532323,1.116742778329605,-0.6613994285726782,-8.392181362820754,0.0,-1011.44,-656.36,-134.5,-562.21,0.0,-0.1199041196120104,0.0,-0.1918465913792167,0.0,31,37,37,33,37,-7,-388,-238,-82,-212,12.6,12.5,12.4,12.3,12.3,-999,-999,-3.92,0.0,0.0,0.0
0.23802757263183594,-0.0214758226601847,0.2776517072495308,-0.3190693652370299,1.132082651658308,-0.6059249964837827,-7.956121396351854,-0.0245437973259253,0.1810105052786996,-0.3758268965532323,1.1106068289981232,-0.6613994285726782,-8.392181362820754,-10.76,-992.61,-659.05,-129.12,-567.59,0.0,-0.1438849435344125,0.0,-0.1918465913792167,0.0,31,37,37,33,37,-7,-382,-238,-69,-212,12.6,12.5,12.4,12.3,12.2,-999,-999,-3.92,0.0,0.0,0.0
0.2550163269042973,-0.023009809993055,0.2730497452509198,-0.3190693652370299,1.1290146769925673,-0.6074589838166531,-7.968734807675752,-0.0245437973259253,0.1794765179458293,-0.3758268965532323,1.1075388543323823,-0.6613994285726782,-8.392181362820754,0.0,-960.33,-661.74,-145.26,-567.59,0.0,-0.1678657674568146,0.0,-0.1918465913792167,0.0,31,37,37,34,37,-7,-375,-244,-75,-212,12.6,12.5,12.4,12.3,12.3,-999,-999,-3.92,0.0,0.0,0.0
0.2719864845275879,-0.023009809993055,0.2699817705851791,-0.3190693652370299,1.1259467023268266,-0.6059249964837827,-7.956121396351854,-0.023009809993055,0.1764085432800886,-0.3742929092203619,1.1060048669995122,-0.6613994285726782,-8.392181362820754,-2.69,-957.64,-664.43,-137.19,-570.28,0.0,-0.1678657674568146,0.0,-0.1918465913792167,0.0,31,37,37,34,37,-7,-369,-238,-75,-212,12.6,12.6,12.4,12.3,12.3,-999,-999,-3.92,0.0,0.0,0.0
0.2890636920928955,-0.023009809993055,0.2669137959194385,-0.3190693652370299,1.122878727661086,-0.6074589838166531,-7.968734807675752,-0.023009809993055,0.1733405686143479,-0.3742929092203619,1.1029368923337717,-0.6613994285726782,-8.392181362820754,-5.38,-860.8,-645.6,-147.95,-567.59,0.0,-0.1438849435344125,0.0,-0.1918465913792167,0.0,31,37,37,34,37,0,-369,-232,-75,-218,12.7,12.6,12.5,12.3,12.2,-999,-999,-3.92,0.0,0.0,0.0
0.3060307502746582,-0.023009809993055,0.2623118339208274,-0.3190693652370299,1.1198107529953454,-0.6059249964837827,-7.956121396351854,-0.023009809993055,0.1718065812814776,-0.3742929092203619,1.101402905000901,-0.6613994285726782,-8.392181362820754,-5.38,-866.18,-629.46,-134.5,-567.59,0.0,-0.1918465913792167,0.0,-0.1678657674568146,0.0,31,37,37,34,36,0,-363,-225,-69,-212,12.7,12.6,12.4,12.3,12.3,-999,-999,-3.92,0.0,0.0,0.0
0.32294321060180664,-0.023009809993055,0.2577098719222164,-0.3190693652370299,1.118276765662475,-0.6074589838166531,-7.968734807675752,-0.023009809993055,0.1687386066157369,-0.3727589218874916,1.099868917668031,-0.6613994285726782,-8.392181362820754,-5.38,-855.42,-626.77,-150.64,-567.59,0.0,-0.2158274153016187,0.0,-0.1678657674568146,0.0,31,37,37,33,37,0,-294,-232,-69,-212,12.6,12.7,12.5,12.3,12.2,-999,-999,-3.92,0.0,0.0,0.0
0.3400483131408696,-0.023009809993055,0.2546418972564758,-0.3190693652370299,1.1152087909967343,-0.6059249964837827,-7.956121396351854,-0.0245437973259253,0.1656706319499963,-0.3712249345546213,1.099868917668031,-0.6613994285726782,-8.392181362820754,-2.69,-893.0799999999999,-624.08,-150.64,-564.9,0.0,-0.2158274153016187,0.0,-0.1438849435344125,0.0,31,37,37,34,37,0,-350,-225,-63,-212,12.7,12.5,12.5,12.4,12.3,-999,-999,-3.92,0.0,0.0,0.0
0.35799288749694824,-0.023009809993055,0.2515739225907351,-0.3190693652370299,1.113674803663864,-0.6059249964837827,-7.956121396351854,-0.0245437973259253,0.1626026572842556,-0.369690947221751,1.0983349303351606,-0.6613994285726782,-8.392181362820754,0.0,-885.01,-607.9399999999999,-158.71,-564.9,0.0,-0.2158274153016187,0.0,-0.1438849435344125,0.0,31,37,37,33,37,-7,-350,-219,-57,-212,12.6,12.6,12.5,12.4,12.3,-999,-999,-3.92,0.0,0.0,0.0
0.37500596046447754,-0.023009809993055,0.2469719605921241,-0.3190693652370299,1.1121408163309936,-0.6074589838166531,-7.968734807675752,-0.023009809993055,0.1595346826185149,-0.3712249345546213,1.0983349303351606,-0.6613994285726782,-8.392181362820754,0.0,-874.25,-586.42,-153.32999999999998,-567.59,0.0,-0.2158274153016187,0.0,-0.1199041196120104,0.0,31,37,37,34,37,-7,-350,-213,-63,-212,12.7,12.6,12.4,12.3,12.3,-999,-999,-3.92,0.0,0.0,0.0
0.39202642440795854,-0.023009809993055,0.2439039859263834,-0.3190693652370299,1.1121408163309936,-0.6074589838166531,-7.968734807675752,-0.0245437973259253,0.1564667079527743,-0.369690947221751,1.0983349303351606,-0.6613994285726782,-8.392181362820754,-2.69,-836.59,-610.63,-142.57,-570.28,0.0,-0.1918465913792167,0.0,-0.0959232956896083,0.0,31,37,37,33,37,0,-344,-219,-57,-218,12.6,12.6,12.5,12.3,12.3,-999,-999,-3.92,0.0,0.0,0.0
0.40894269943237305,-0.0245437973259253,0.2393020239277724,-0.3190693652370299,1.1106068289981232,-0.6074589838166531,-7.968734807675752,-0.0245437973259253,0.1533987332870336,-0.3681569598888806,1.0983349303351606,-0.6613994285726782,-8.392181362820754,-5.38,-847.35,-591.8,-145.26,-564.9,0.0,-0.1918465913792167,0.0,-0.0719424717672062,0.0,31,37,37,33,37,-7,-338,-213,-50,-212,12.7,12.6,12.4,12.4,12.2,-999,-999,-3.92,0.0,0.0,0.0
0.42596912384033203,-0.0245437973259253,0.2377680365949021,-0.3190693652370299,1.1106068289981232,-0.6074589838166531,-7.968734807675752,-0.023009809993055,0.1503307586212929,-0.3681569598888806,1.0983349303351606,-0.6613994285726782,-8.392181362820754,-5.38,-874.25,-575.66,-153.32999999999998,-570.28,0.0,-0.1918465913792167,0.0,-0.0479616478448041,0.0,31,37,37,33,37,-7,-338,-207,-44,-212,12.7,12.6,12.5,12.4,12.3,-999,-999,-3.92,0.0,0.0,0.0
0.4429271221160893,-0.023009809993055,0.233166074596291,-0.3190693652370299,1.1106068289981232,-0.6059249964837827,-7.956121396351854,-0.023009809993055,0.1503307586212929,-0.3681569598888806,1.0983349303351606,-0.6613994285726782,-8.392181362820754,-10.76,-893.0799999999999,-578.35,-158.71,-564.9,0.0,-0.1918465913792167,0.0,-0.0479616478448041,0.0,31,37,37,34,37,0,-350,-207,-44,-212,12.7,12.6,12.5,12.4,12.2,-999,-999,-3.92,0.0,0.0,0.0
0.4599466323852539,-0.0245437973259253,0.2316320872634207,-0.3190693652370299,1.1106068289981232,-0.6074589838166531,-7.968734807675752,-0.0245437973259253,0.1472627839555522,-0.3681569598888806,1.0983349303351606,-0.6613994285726782,-8.392181362820754,-5.38,-890.39,-578.35,-164.09,-570.28,0.0,-0.1918465913792167,0.0,-0.023980823922402,0.0,31,37,36,34,37,-7,-338,-207,-50,-212,12.7,12.5,12.6,12.3,12.3,-999,-999,-3.92,0.0,0.0,0.0
0.476947546005249,-0.023009809993055,0.2300980999305504,-0.3190693652370299,1.1090728416652529,-0.6074589838166531,-7.968734807675752,-0.023009809993055,0.1441948092898116,-0.3666229725560103,1.0983349303351606,-0.6613994285726782,-8.392181362820754,-8.07,-919.98,-575.66,-158.71,-567.59,0.0,-0.1438849435344125,0.0,0.0,0.0,31,37,36,34,37,0,-338,-207,-44,-212,12.6,12.6,12.5,12.4,12.4,-999,-999,-3.92,0.0,0.0,0.0
0.4939296245574951,-0.0245437973259253,0.22856411259768,-0.3190693652370299,1.1106068289981232,-0.6074589838166531,-7.968734807675752,-0.023009809993055,0.1441948092898116,-0.3666229725560103,1.0983349303351606,-0.6613994285726782,-8.392181362820754,-8.07,-919.98,-551.45,-158.71,-567.59,0.0,-0.1199041196120104,0.0,0.0,0.0,31,37,37,34,37,0,-350,-200,-50,-212,12.7,12.7,12.6,12.3,11.9,-999,-999,-3.92,0.0,0.0,0.0
0.5109124183654785,-0.0245437973259253,0.2254961379319394,-0.3190693652370299,1.1106068289981232,-0.6074589838166531,-7.968734807675752,-0.0245437973259253,0.1411268346240709,-0.3681569598888806,1.0983349303351606,-0.6613994285726782,-8.392181362820754,-5.38,-850.04,-597.18,-156.02,-564.9,0.0,-0.0959232956896083,0.0,0.0,0.0,31,37,37,34,37,-7,-350,-207,-50,-212,12.7,12.6,12.6,12.4,12.3,-999,-999,-3.92,0.0,0.0,0.0
0.5280139446258545,-0.0245437973259253,0.2224281632661987,-0.3190693652370299,1.1090728416652529,-0.6074589838166531,-7.968734807675752,-0.023009809993055,0.1365248726254599,-0.3666229725560103,1.0983349303351606,-0.6613994285726782,-8.392181362820754,-5.38,-887.6999999999999,-551.45,-156.02,-572.97,0.0,-0.1199041196120104,0.0,0.0,0.0,31,37,37,34,37,-7,-357,-200,-50,-218,12.7,12.5,12.5,12.4,12.2,-999,-999,-3.92,0.0,0.0,0.0
0.5449161529541016,-0.023009809993055,0.219360188600458,-0.3175353779041595,1.1090728416652529,-0.6074589838166531,-7.968734807675752,-0.023009809993055,0.1365248726254599,-0.3666229725560103,1.0983349303351606,-0.6613994285726782,-8.392181362820754,-5.38,-919.98,-556.83,-150.64,-567.59,0.0,-0.1199041196120104,0.0,0.0,0.0,31,37,37,34,37,6,-344,-200,-50,-212,12.7,12.5,12.4,12.4,12.3,-999,-999,-3.92,0.0,0.0,0.0
0.5619482994079585,-0.023009809993055,0.2162922139347173,-0.3190693652370299,1.1106068289981232,-0.6074589838166531,-7.968734807675752,-0.023009809993055,0.1334568979597192,-0.36508898522314,1.0983349303351606,-0.6613994285726782,-8.392181362820754,-5.38,-850.04,-559.52,-150.64,-570.28,0.0,-0.1438849435344125,0.0,0.0,0.0,31,37,37,34,37,0,-338,-200,-44,-218,12.6,12.6,12.5,12.4,12.3,-999,-999,-3.92,0.0,0.0,0.0
0.5789902210235596,-0.0245437973259253,0.2162922139347173,-0.3190693652370299,1.1106068289981232,-0.6074589838166531,-7.968734807675752,-0.0245437973259253,0.1303889232939785,-0.3635549978902696,1.0983349303351606,-0.6613994285726782,-8.392181362820754,-5.38,-949.57,-538.0,-161.4,-572.97,0.0,-0.1438849435344125,0.0,0.0,0.0,31,37,37,33,37,6,-344,-194,-50,-218,12.7,12.6,12.5,12.3,12.3,-999,-999,-3.92,0.0,0.0,0.0
0.5959343910217285,-0.0245437973259253,0.214758226601847,-0.3190693652370299,1.1106068289981232,-0.6059249964837827,-7.956121396351854,-0.0245437973259253,0.1288549359611082,-0.3635549978902696,1.0983349303351606,-0.6613994285726782,-8.392181362820754,-5.38,-922.67,-519.17,-150.64,-572.97,0.0,-0.1199041196120104,0.0,0.0,0.0,31,37,37,33,37,0,-350,-188,-44,-212,12.6,12.6,12.5,12.4,12.3,-999,-999,-3.92,0.0,0.0,0.0
0.6130037307739258,-0.0245437973259253,0.2132242392689767,-0.3190693652370299,1.1090728416652529,-0.6074589838166531,-7.968734807675752,-0.0245437973259253,0.1257869612953675,-0.3620210105573993,1.0983349303351606,-0.6613994285726782,-8.392181362820754,-8.07,-906.53,-524.55,-158.71,-570.28,0.0,-0.0959232956896083,0.0,0.0,0.0,31,37,37,33,37,-7,-350,-188,-50,-218,12.7,12.6,12.6,12.3,12.3,-999,-999,-3.92,0.0,0.0,0.0
0.6299843788146977,-0.0245437973259253,0.2116902519361063,-0.3175353779041595,1.1090728416652529,-0.6059249964837827,-7.956121396351854,-0.0245437973259253,0.1242529739624972,-0.3604870232245289,1.0983349303351606,-0.6613994285726782,-8.392181362820754,-8.07,-1078.69,-500.34,-156.02,-567.59,0.0,-0.0719424717672062,0.0,0.0,0.0,31,37,37,33,37,0,-413,-182,-44,-212,12.6,12.6,12.5,12.3,12.2,-999,-999,-3.92,0.0,0.0,0.0
0.6469786167144775,-0.023009809993055,0.210156264603236,-0.3190693652370299,1.1106068289981232,-0.6059249964837827,-7.956121396351854,-0.0245437973259253,0.1211849992967565,-0.3574190485587883,1.0983349303351606,-0.6613994285726782,-8.392181362820754,-5.38,-836.59,-486.89,-156.02,-567.59,0.0,-0.0719424717672062,0.0,0.0,0.0,31,37,37,33,38,0,-300,-175,-50,-212,12.7,12.6,12.6,12.4,12.4,-999,-999,-3.92,0.0,0.0,0.0
0.6639423370361337,-0.0245437973259253,0.205554302604625,-0.3175353779041595,1.1090728416652529,-0.6074589838166531,-7.968734807675752,-0.0245437973259253,0.1181170246310158,-0.3543510738930476,1.0983349303351606,-0.6613994285726782,-8.392181362820754,-5.38,-895.77,-468.06,-156.02,-570.28,0.0,-0.0959232956896083,0.0,0.0,0.0,31,37,37,34,37,-7,-350,-169,-44,-218,12.7,12.7,12.5,12.4,12.3,-999,-999,-3.92,0.0,0.0,0.0
0.6810271739959717,-0.0245437973259253,0.2024863279388843,-0.3190693652370299,1.1106068289981232,-0.6074589838166531,-7.968734807675752,-0.0260777846587957,0.1150490499652752,-0.3512830992273069,1.0983349303351606,-0.6613994285726782,-8.392181362820754,-8.07,-930.74,-441.16,-150.64,-570.28,0.0,-0.1199041196120104,0.0,0.0,0.0,31,37,37,34,36,0,-357,-163,-50,-212,12.7,12.6,12.5,12.4,12.3,-999,-999,-3.92,0.0,0.0,0.0
0.6989674568176265,-0.0245437973259253,0.200952340606014,-0.3190693652370299,1.1090728416652529,-0.6074589838166531,-7.968734807675752,-0.0260777846587957,0.1119810752995345,-0.3497491118944366,1.0983349303351606,-0.6613994285726782,-8.392181362820754,0.0,-885.01,-408.88,-153.32999999999998,-564.9,0.0,-0.1438849435344125,0.0,0.0,0.0,31,37,37,33,36,-7,-357,-144,-50,-212,12.7,12.6,12.5,12.5,12.4,-999,-999,-3.92,0.0,0.0,0.0
0.7159678936004639,-0.0245437973259253,0.1978843659402733,-0.3190693652370299,1.1090728416652529,-0.6074589838166531,-7.968734807675752,-0.0260777846587957,0.1119810752995345,-0.3497491118944366,1.0983349303351606,-0.6613994285726782,-8.392181362820754,0.0,-960.33,-368.53,-150.64,-572.97,0.0,-0.1438849435344125,0.0,0.0,0.0,31,37,37,33,36,-7,-357,-132,-50,-218,12.7,12.6,12.5,12.5,12.4,-999,-999,-3.92,0.0,0.0,0.0
0.7330255508422856,-0.0245437973259253,0.1978843659402733,-0.3175353779041595,1.1090728416652529,-0.6059249964837827,-7.956121396351854,-0.027611771991666,0.1043111386351828,-0.3420791752300849,1.0983349303351606,-0.6613994285726782,-8.392181362820754,21.52,-960.33,-333.56,-172.16,-570.28,0.0,-0.1199041196120104,0.0,0.0,0.0,31,37,37,33,36,-7,-369,-119,-50,-212,12.7,12.6,12.5,12.4,12.3,-999,-999,-3.92,0.0,0.0,0.0
0.7499661445617676,-0.0245437973259253,0.1948163912745326,-0.3175353779041595,1.1090728416652529,-0.6059249964837827,-7.956121396351854,-0.0291457593245363,0.1012431639694421,-0.3374772132314739,1.0968009430022905,-0.6613994285726782,-8.392181362820754,-8.07,-954.95,-309.35,-153.32999999999998,-572.97,0.0,-0.1199041196120104,0.0,0.0,0.0,31,37,37,33,35,-7,-375,-107,-44,-218,12.7,12.6,12.5,12.1,12.4,-999,-999,-3.92,0.0,0.0,0.0
0.7669038772583017,-0.0260777846587957,0.1902144292759216,-0.3175353779041595,1.1090728416652529,-0.6074589838166531,-7.968734807675752,-0.0291457593245363,0.1012431639694421,-0.3374772132314739,1.0968009430022905,-0.6613994285726782,-8.392181362820754,13.45,-930.74,-258.24,-172.16,-570.28,0.0,-0.1199041196120104,0.0,0.0,0.0,31,37,37,33,36,-13,-375,-57,-50,-218,12.8,12.6,12.5,12.5,12.3,-999,-999,-3.92,0.0,0.0,0.0
0.7839512825012207,-0.0260777846587957,0.1886804419430513,-0.3160013905712892,1.1106068289981232,-0.6059249964837827,-7.956121396351854,-0.0306797466574067,0.0966412019708311,-0.3328752512328629,1.0983349303351606,-0.6613994285726782,-8.392181362820754,-13.45,-1019.51,-255.55,-153.32999999999998,-567.59,0.0,-0.1199041196120104,0.0,0.0,0.0,31,37,37,33,36,-19,-432,-75,-44,-212,12.7,12.6,12.3,12.4,12.3,-999,-999,-3.92,0.0,0.0,0.0
0.8009700775146484,-0.027611771991666,0.1856124672773106,-0.3144674032384189,1.1090728416652529,-0.6059249964837827,-7.956121396351854,-0.032213733990277,0.0874372779736091,-0.3236713272356409,1.0983349303351606,-0.6613994285726782,-8.392181362820754,-2.69,-946.88,-247.48,-153.32999999999998,-572.97,-0.023980823922402,-0.1438849435344125,0.023980823922402,0.0,0.0,31,37,37,34,36,-13,-388,-32,-50,-218,12.7,12.7,12.6,12.5,12.3,-999,-999,-3.92,0.0,0.0,0.0
0.8179333209991455,-0.027611771991666,0.1794765179458293,-0.3098654412398078,1.1090728416652529,-0.6074589838166531,-7.968734807675752,-0.032213733990277,0.0828353159749981,-0.3190693652370299,1.0983349303351606,-0.6613994285726782,-8.392181362820754,-13.45,-885.01,-285.14,-145.26,-572.97,-0.023980823922402,-0.1678657674568146,0.0479616478448041,0.0,0.0,31,37,37,34,36,-19,-382,-63,-44,-218,12.7,12.6,12.6,12.5,12.4,-999,-999,-3.92,0.0,0.0,0.0
0.8349249362945557,-0.0291457593245363,0.1733405686143479,-0.3052634792411968,1.1090728416652529,-0.6074589838166531,-7.968734807675752,-0.032213733990277,0.0828353159749981,-0.3190693652370299,1.0983349303351606,-0.6613994285726782,-8.392181362820754,21.52,-879.63,-309.35,-150.64,-567.59,-0.023980823922402,-0.2158274153016187,0.1199041196120104,0.0,0.0,31,37,37,34,37,-13,-375,-63,-44,-212,12.7,12.6,12.5,12.5,12.3,-999,-999,-3.92,0.0,0.0,0.0
0.851961612701416,-0.0291457593245363,0.1687386066157369,-0.3006615172425858,1.1090728416652529,-0.6074589838166531,-7.968734807675752,-0.0337477213231473,0.0736313919777761,-0.3067974665740672,1.0983349303351606,-0.6613994285726782,-8.392181362820754,5.38,-890.39,-336.25,-158.71,-570.28,-0.023980823922402,-0.263789063146423,0.1678657674568146,0.0,0.0,31,37,37,34,37,-19,-375,-63,-44,-212,12.7,12.5,12.6,12.5,12.4,-999,-999,-3.92,0.0,0.0,0.0
0.8688933849334717,-0.032213733990277,0.1626026572842556,-0.2945255679111045,1.1090728416652529,-0.6074589838166531,-7.968734807675752,-0.0337477213231473,0.0736313919777761,-0.3067974665740672,1.0983349303351606,-0.6613994285726782,-8.392181362820754,18.83,-863.49,-349.7,-153.32999999999998,-570.28,-0.023980823922402,-0.287769887068825,0.2158274153016187,0.0,0.0,31,37,37,34,37,-13,-369,-63,-50,-212,12.7,12.7,12.6,12.4,12.4,-999,-999,-3.92,0.0,0.0,0.0
0.885901689529419,-0.032213733990277,0.1580006952856446,-0.2883896185796232,1.1090728416652529,-0.6074589838166531,-7.968734807675752,-0.0337477213231473,0.0705634173120354,-0.2991275299097155,1.0968009430022905,-0.6613994285726782,-8.392181362820754,0.0,-831.21,-322.8,-177.54,-572.97,-0.0479616478448041,-0.3117507109912271,0.263789063146423,0.0,0.0,31,37,37,34,37,-7,-363,-63,-57,-212,12.6,12.6,12.6,12.3,12.3,-999,-999,-3.92,0.0,0.0,0.0
0.9029350280761719,-0.032213733990277,0.1533987332870336,-0.2837876565810122,1.1090728416652529,-0.6059249964837827,-7.956121396351854,-0.0337477213231473,0.0613594933148134,-0.2868556312467528,1.0968009430022905,-0.6613994285726782,-8.392181362820754,37.66,-901.15,-301.28,-166.78,-572.97,-0.0479616478448041,-0.3117507109912271,0.287769887068825,0.0,0.0,31,37,37,34,36,62,-413,-57,-50,-212,12.7,12.6,12.7,12.5,12.2,-999,-999,-3.92,0.0,0.0,0.0
0.9199893474578857,-0.0337477213231473,0.1472627839555522,-0.2791856945824011,1.1090728416652529,-0.6059249964837827,-7.956121396351854,-0.0337477213231473,0.055223543983332,-0.2807196819152714,1.09526695566942,-0.6613994285726782,-8.392181362820754,-2.69,-847.35,-298.59,-164.09,-572.97,-0.0479616478448041,-0.287769887068825,0.3117507109912271,0.0,0.0,31,37,37,34,37,0,-363,-44,-57,-212,12.7,12.6,12.6,12.5,12.4,-999,-999,-3.92,0.0,0.0,0.0
0.9369945526123047,-0.0337477213231473,0.1457287966226819,-0.2715157579180495,1.1090728416652529,-0.6074589838166531,-7.968734807675752,-0.0352817086560177,0.050621581984721,-0.2745837325837901,1.0921989810036792,-0.6613994285726782,-8.392181362820754,-2.69,-906.53,-266.31,-172.16,-572.97,-0.0479616478448041,-0.287769887068825,0.3117507109912271,0.0,0.0,31,37,37,34,37,6,-413,-13,-57,-212,12.7,12.6,12.6,12.5,12.4,-999,-999,-3.92,0.0,0.0,0.0
0.9539415836334229,-0.0352817086560177,0.1380588599583302,-0.2653798085865681,1.1075388543323823,-0.6074589838166531,-7.968734807675752,-0.036815695988888,0.0475536073189804,-0.2669137959194385,1.0906649936708088,-0.6613994285726782,-8.392181362820754,0.0,-804.31,-314.73,-158.71,-570.28,-0.023980823922402,-0.263789063146423,0.3117507109912271,0.0,0.0,31,37,37,34,37,0,-363,-50,-63,-212,12.7,12.7,12.6,12.4,12.4,-999,-999,-3.92,0.0,0.0,0.0
0.9709317684173584,-0.0352817086560177,0.1334568979597192,-0.2592438592550868,1.1075388543323823,-0.6074589838166531,-7.968734807675752,-0.036815695988888,0.0429516453203694,-0.2607778465879571,1.086063031672198,-0.6613994285726782,-8.392181362820754,0.0,-790.86,-338.94,-172.16,-570.28,-0.023980823922402,-0.287769887068825,0.3357315349136292,0.0,0.0,31,37,37,34,37,-7,-350,-50,-63,-212,12.7,12.7,12.6,12.2,12.4,-999,-999,-3.92,0.0,0.0,0.0
0.9880001544952393,-0.0352817086560177,0.1288549359611082,-0.2515739225907351,1.1060048669995122,-0.6059249964837827,-7.956121396351854,-0.0383496833217584,0.0398836706546287,-0.2531079099236054,1.081461069673587,-0.6613994285726782,-8.392181362820754,-2.69,-858.11,-376.6,-217.89,-575.66,-0.023980823922402,-0.287769887068825,0.3597123588360313,-0.023980823922402,0.0,31,37,37,34,37,0,-400,-57,-82,-218,12.7,12.6,12.6,12.5,12.4,-999,-999,-3.92,0.0,0.0,0.0
1.00496244430542,-0.036815695988888,0.1242529739624972,-0.2454379732592537,1.1029368923337717,-0.6074589838166531,-7.968734807675752,-0.0398836706546287,0.0352817086560177,-0.2454379732592537,1.0753251203421057,-0.6613994285726782,-8.392181362820754,8.07,-825.8299999999999,-336.25,-207.13,-570.28,-0.023980823922402,-0.287769887068825,0.3836931827584334,-0.0479616478448041,0.0,31,37,37,34,37,-7,-344,-50,-88,-212,12.7,12.6,12.6,12.5,12.2,-999,-999,-3.92,0.0,0.0,0.0
1.0219650268554688,-0.0352817086560177,0.1196510119638862,-0.2393020239277724,1.099868917668031,-0.6059249964837827,-7.956121396351854,-0.041417657987499,0.032213733990277,-0.2408360112606427,1.0691891710106245,-0.6613994285726782,-8.392181362820754,37.66,-801.62,-325.49,-215.2,-570.28,-0.023980823922402,-0.287769887068825,0.3836931827584334,-0.0719424717672062,0.0,31,37,37,34,37,-13,-344,-50,-100,-212,12.7,12.6,12.6,12.5,12.4,-999,-999,-3.92,0.0,0.0,0.0
1.0389974117279057,-0.036815695988888,0.1165830372981455,-0.2316320872634207,1.09526695566942,-0.6074589838166531,-7.968734807675752,-0.0429516453203694,0.027611771991666,-0.233166074596291,1.0615192343462725,-0.6613994285726782,-8.392181362820754,13.45,-855.42,-341.63,-204.44,-570.28,-0.023980823922402,-0.263789063146423,0.3836931827584334,-0.0959232956896083,0.0,31,37,36,34,37,-19,-344,-44,-107,-212,12.7,12.6,12.5,12.5,12.4,-999,-999,-3.92,0.0,0.0,0.0
1.0559887886047363,-0.0383496833217584,0.1135150626324048,-0.2254961379319394,1.0906649936708088,-0.6074589838166531,-7.968734807675752,-0.0444856326532397,0.023009809993055,-0.2270301252648097,1.0523153103490506,-0.6613994285726782,-8.392181362820754,-5.38,-841.97,-347.01,-193.68,-572.97,0.0,-0.2398082392240208,0.4076740066808355,-0.1438849435344125,0.0,31,37,36,33,37,-19,-350,-44,-113,-212,12.7,12.5,12.5,12.4,12.3,-999,-999,-3.92,0.0,0.0,0.0
1.073932409286499,-0.0383496833217584,0.1089131006337938,-0.2178262012675877,1.0845290443393276,-0.6074589838166531,-7.968734807675752,-0.0444856326532397,0.0199418353273143,-0.219360188600458,1.0446453736846988,-0.6613994285726782,-8.392181362820754,-26.9,-882.3199999999999,-368.53,-169.47,-570.28,-0.023980823922402,-0.2158274153016187,0.4076740066808355,-0.1918465913792167,0.0,31,37,36,33,37,-25,-350,-50,-113,-212,12.6,12.6,12.6,12.4,12.4,-999,-999,-3.92,0.0,0.0,0.0
1.0909805297851567,-0.0398836706546287,0.1058451259680531,-0.2086222772703657,1.0799270823407163,-0.6074589838166531,-7.968734807675752,-0.04601961998611,0.0153398733287033,-0.2116902519361063,1.0339074623546065,-0.6613994285726782,-8.392181362820754,-18.83,-876.9399999999999,-368.53,-182.92,-570.28,-0.023980823922402,-0.2158274153016187,0.4076740066808355,-0.263789063146423,0.0,31,37,36,33,37,-19,-350,-63,-113,-218,12.7,12.6,12.5,12.4,12.0,-999,-999,-3.92,0.0,0.0,0.0
1.1080045700073247,-0.0398836706546287,0.1012431639694421,-0.2024863279388843,1.0722571456763648,-0.6074589838166531,-7.968734807675752,-0.04601961998611,0.0107379113300923,-0.205554302604625,1.0247035383573844,-0.6613994285726782,-8.392181362820754,0.0,-831.21,-347.01,-209.82,-572.97,-0.0479616478448041,-0.1918465913792167,0.4076740066808355,-0.287769887068825,0.0,31,37,36,33,37,-19,-350,-57,-125,-212,12.6,12.7,12.5,12.3,12.3,-999,-999,-3.92,0.0,0.0,0.0
1.1250061988830566,-0.041417657987499,0.0966412019708311,-0.196350378607403,1.067655183677754,-0.6059249964837827,-7.956121396351854,-0.04601961998611,0.0076699366643516,-0.1978843659402733,1.013965627027292,-0.6613994285726782,-8.392181362820754,8.07,-858.11,-347.01,-185.61,-570.28,-0.0479616478448041,-0.2158274153016187,0.4076740066808355,-0.3117507109912271,0.0,31,37,36,33,37,-13,-350,-50,-132,-218,12.7,12.6,12.5,12.0,12.3,-999,-999,-3.92,0.0,0.0,0.0
1.1418828964233398,-0.0429516453203694,0.0920392399722201,-0.1886804419430513,1.059985247013402,-0.6059249964837827,-7.956121396351854,-0.04601961998611,0.0076699366643516,-0.1978843659402733,1.013965627027292,-0.6613994285726782,-8.392181362820754,67.25,-847.35,-355.08,-177.54,-570.28,-0.0479616478448041,-0.2158274153016187,0.4076740066808355,-0.3357315349136292,0.0,30,37,36,33,37,-7,-350,-50,-157,-218,12.7,12.6,12.6,12.4,12.4,-999,-999,-3.92,0.0,0.0,0.0
1.158905029296875,-0.0444856326532397,0.0905052526393498,-0.1810105052786996,1.0507813230161802,-0.6059249964837827,-7.956121396351854,-0.0475536073189804,0.004601961998611,-0.1932824039416623,1.0047617030300702,-0.6613994285726782,-8.392181362820754,43.04,-898.46,-349.7,-190.99,-572.97,-0.0479616478448041,-0.2158274153016187,0.4076740066808355,-0.3597123588360313,0.0,30,37,36,33,37,-13,-350,-50,-138,-218,12.7,12.6,12.6,12.4,12.2,-999,-999,-3.92,0.0,0.0,0.0
1.1758849620819096,-0.04601961998611,0.0874372779736091,-0.1748745559472183,1.0431113863518284,-0.6074589838166531,-7.968734807675752,-0.04601961998611,0.0015339873328703,-0.1871464546101809,0.9940237916999776,-0.6613994285726782,-8.392181362820754,8.07,-860.8,-352.39,-217.89,-572.97,-0.0719424717672062,-0.2158274153016187,0.4076740066808355,-0.3836931827584334,0.0,30,37,36,33,37,0,-350,-63,-138,-212,12.7,12.6,12.6,12.4,12.4,-999,-999,-3.92,0.0,0.0,0.0
1.1929442882537837,-0.0475536073189804,0.0828353159749981,-0.1687386066157369,1.0354414496874769,-0.6074589838166531,-7.968734807675752,-0.04601961998611,-0.0015339873328703,-0.1764085432800886,0.9756159437055336,-0.6613994285726782,-8.392181362820754,0.0,-874.25,-357.77,-215.2,-567.59,-0.0719424717672062,-0.2158274153016187,0.4076740066808355,-0.4076740066808355,0.0,30,37,36,33,37,6,-338,-63,-138,-212,12.7,12.6,12.5,12.5,12.3,-999,-999,-3.92,0.0,0.0,0.0
1.2099235057830815,-0.050621581984721,0.0813013286421278,-0.1626026572842556,1.027771513023125,-0.6059249964837827,-7.956121396351854,-0.0475536073189804,-0.0030679746657406,-0.1733405686143479,0.9664120197083116,-0.6613994285726782,-8.392181362820754,0.0,-879.63,-309.35,-190.99,-572.97,-0.0719424717672062,-0.1918465913792167,0.3836931827584334,-0.4316548306032375,0.0,30,38,36,33,37,12,-338,-69,-144,-218,12.7,12.6,12.4,12.5,12.3,-999,-999,-3.92,0.0,0.0,0.0
1.2269768714904785,-0.050621581984721,0.0782333539763871,-0.1580006952856446,1.0201015763587735,-0.6074589838166531,-7.968734807675752,-0.04601961998611,-0.0030679746657406,-0.1702725939486073,0.9572080957110896,-0.6613994285726782,-8.392181362820754,-10.76,-798.93,-317.42,-174.85,-567.59,-0.0719424717672062,-0.1678657674568146,0.3597123588360313,-0.4316548306032375,0.0,30,37,37,33,37,6,-332,-63,-144,-212,12.7,12.6,12.5,12.4,12.3,-999,-999,-3.92,0.0,0.0,0.0
1.2439091205596924,-0.0521555693175914,0.0751653793106464,-0.1533987332870336,1.0108976523615514,-0.6074589838166531,-7.968734807675752,-0.04601961998611,-0.0030679746657406,-0.1702725939486073,0.9572080957110896,-0.6613994285726782,-8.392181362820754,8.07,-852.73,-322.8,-174.85,-575.66,-0.0479616478448041,-0.1678657674568146,0.3357315349136292,-0.4316548306032375,0.0,30,37,37,33,37,18,-319,-75,-150,-218,12.7,12.6,12.5,12.4,12.4,-999,-999,-3.92,0.0,0.0,0.0
1.2609412670135494,-0.050621581984721,0.0751653793106464,-0.1503307586212929,1.0016937283643297,-0.6074589838166531,-7.968734807675752,-0.04601961998611,-0.0030679746657406,-0.1656706319499963,0.9418682223823864,-0.6613994285726782,-8.392181362820754,2.69,-874.25,-325.49,-199.06,-567.59,-0.023980823922402,-0.1438849435344125,0.287769887068825,-0.4556356545256396,0.0,30,37,37,33,37,12,-325,-75,-144,-212,12.7,12.6,12.6,12.4,12.4,-999,-999,-3.92,0.0,0.0,0.0
1.2778925895690918,-0.0521555693175914,0.0736313919777761,-0.1457287966226819,0.9924898043671074,-0.6074589838166531,-7.968734807675752,-0.0444856326532397,-0.0030679746657406,-0.1641366446171259,0.9341982857180346,-0.6613994285726782,-8.392181362820754,2.69,-874.25,-333.56,-182.92,-575.66,-0.023980823922402,-0.0959232956896083,0.263789063146423,-0.4796164784480417,0.0,30,37,37,33,37,12,-319,-82,-138,-218,12.7,12.6,12.5,12.4,12.4,-999,-999,-3.92,0.0,0.0,0.0
1.2949557304382324,-0.050621581984721,0.0751653793106464,-0.1426608219569412,0.9848198677027558,-0.6059249964837827,-7.956121396351854,-0.0444856326532397,-0.0030679746657406,-0.1610686699513852,0.926528349053683,-0.6613994285726782,-8.392181362820754,16.14,-871.56,-328.18,-169.47,-570.28,0.0,-0.0719424717672062,0.2398082392240208,-0.4796164784480417,0.0,30,37,37,33,37,18,-319,-88,-138,-212,12.6,12.6,12.5,12.4,12.2,-999,-999,-3.92,0.0,0.0,0.0
1.3119852542877197,-0.0475536073189804,0.0751653793106464,-0.1411268346240709,0.9756159437055336,-0.6074589838166531,-7.968734807675752,-0.0444856326532397,-0.0030679746657406,-0.1610686699513852,0.9203923997222015,-0.6613994285726782,-8.392181362820754,13.45,-863.49,-309.35,-172.16,-572.97,0.0,-0.023980823922402,0.2158274153016187,-0.4796164784480417,0.0,30,37,37,33,37,12,-319,-88,-144,-218,12.7,12.6,12.5,12.4,12.4,-999,-999,-3.92,0.0,0.0,0.0
1.3289494514465336,-0.0475536073189804,0.0751653793106464,-0.1380588599583302,0.967946007041182,-0.6074589838166531,-7.968734807675752,-0.0444856326532397,-0.004601961998611,-0.1595346826185149,0.9111884757249796,-0.6613994285726782,-8.392181362820754,18.83,-868.87,-352.39,-180.23,-567.59,0.0,0.0,0.1918465913792167,-0.4796164784480417,0.0,30,37,37,33,37,12,-319,-94,-138,-218,12.7,12.6,12.5,12.4,12.3,-999,-999,-3.92,0.0,0.0,0.0
1.345869779586792,-0.0475536073189804,0.0751653793106464,-0.1365248726254599,0.9602760703768304,-0.6059249964837827,-7.956121396351854,-0.0444856326532397,-0.004601961998611,-0.1595346826185149,0.903518539060628,-0.6613994285726782,-8.392181362820754,26.9,-887.6999999999999,-312.04,-174.85,-567.59,0.023980823922402,0.0,0.1438849435344125,-0.4796164784480417,0.0,30,37,37,33,37,12,-325,-94,-138,-212,12.7,12.6,12.5,12.4,12.2,-999,-999,-3.92,0.0,0.0,0.0
1.3629856109619145,-0.04601961998611,0.0751653793106464,-0.1334568979597192,0.9510721463796084,-0.6059249964837827,-7.956121396351854,-0.0429516453203694,-0.004601961998611,-0.1595346826185149,0.8958486023962762,-0.6613994285726782,-8.392181362820754,2.69,-887.6999999999999,-328.18,-199.06,-564.9,0.023980823922402,0.0,0.1438849435344125,-0.4796164784480417,0.0,30,37,37,34,37,6,-325,-100,-144,-212,12.7,12.5,12.5,12.4,12.3,-999,-999,-3.92,0.0,0.0,0.0
1.3799548149108887,-0.04601961998611,0.0751653793106464,-0.1334568979597192,0.9434022097152568,-0.6074589838166531,-7.968734807675752,-0.0429516453203694,-0.004601961998611,-0.1595346826185149,0.8866446783990543,-0.6613994285726782,-8.392181362820754,21.52,-885.01,-333.56,-209.82,-567.59,0.023980823922402,0.0,0.1199041196120104,-0.4556356545256396,0.0,30,37,37,34,37,12,-325,-107,-150,-212,12.7,12.4,12.5,12.3,12.3,-999,-999,-3.92,0.0,0.0,0.0
1.3968811035156254,-0.0444856326532397,0.0751653793106464,-0.1319229106268489,0.935732273050905,-0.6074589838166531,-7.968734807675752,-0.0429516453203694,-0.004601961998611,-0.1595346826185149,0.8866446783990543,-0.6613994285726782,-8.392181362820754,-18.83,-887.6999999999999,-363.15,-225.96,-564.9,0.023980823922402,0.0,0.0959232956896083,-0.4556356545256396,0.0,30,37,37,34,37,6,-325,-113,-150,-212,12.7,12.6,12.5,12.4,12.3,-999,-999,-3.92,0.0,0.0,0.0
1.4139564037322998,-0.0444856326532397,0.0751653793106464,-0.1303889232939785,0.9280623363865532,-0.6074589838166531,-7.968734807675752,-0.0429516453203694,-0.004601961998611,-0.1595346826185149,0.8682368304046102,-0.6613994285726782,-8.392181362820754,0.0,-887.6999999999999,-352.39,-220.58,-572.97,0.023980823922402,0.0,0.0959232956896083,-0.4556356545256396,0.0,30,37,37,34,36,6,-325,-119,-150,-218,12.7,12.5,12.5,12.4,12.3,-999,-999,-3.92,0.0,0.0,0.0
1.4309203624725342,-0.0444856326532397,0.0751653793106464,-0.1303889232939785,0.9188584123893312,-0.6074589838166531,-7.968734807675752,-0.0429516453203694,-0.004601961998611,-0.1595346826185149,0.8605668937402585,-0.6613994285726782,-8.392181362820754,0.0,-887.6999999999999,-363.15,-223.27,-564.9,0.023980823922402,0.0,0.0719424717672062,-0.4556356545256396,0.0,30,37,37,34,36,6,-325,-119,-150,-212,12.7,12.6,12.5,12.3,12.3,-999,-999,-3.92,0.0,0.0,0.0
1.448002576828003,-0.0429516453203694,0.0751653793106464,-0.1303889232939785,0.9111884757249796,-0.6059249964837827,-7.956121396351854,-0.041417657987499,-0.004601961998611,-0.1595346826185149,0.8513629697430365,-0.6613994285726782,-8.392181362820754,0.0,-887.6999999999999,-338.94,-234.03,-567.59,0.023980823922402,0.0,0.0479616478448041,-0.4556356545256396,0.0,30,37,37,33,37,6,-325,-119,-157,-212,12.6,12.7,12.5,12.3,12.3,-999,-999,-3.92,0.0,0.0,0.0
1.4649031162261963,-0.0429516453203694,0.0751653793106464,-0.1303889232939785,0.9019845517277576,-0.6059249964837827,-7.956121396351854,-0.041417657987499,-0.004601961998611,-0.1595346826185149,0.8436930330786848,-0.6613994285726782,-8.392181362820754,18.83,-885.01,-336.25,-247.48,-570.28,0.023980823922402,0.0,0.023980823922402,-0.4556356545256396,0.0,30,37,37,33,37,6,-325,-119,-157,-218,12.6,12.6,12.5,12.4,12.3,-999,-999,-3.92,0.0,0.0,0.0
1.481870174407959,-0.0444856326532397,0.0751653793106464,-0.1303889232939785,0.8927806277305356,-0.6059249964837827,-7.956121396351854,-0.041417657987499,-0.004601961998611,-0.1595346826185149,0.8436930330786848,-0.6613994285726782,-8.392181362820754,-5.38,-885.01,-336.25,-204.44,-567.59,0.0,0.0,0.0,-0.4556356545256396,0.0,30,37,37,33,37,12,-325,-119,-157,-212,12.6,12.6,12.5,12.5,12.2,-999,-999,-3.92,0.0,0.0,0.0
1.4989395141601562,-0.0429516453203694,0.0751653793106464,-0.1303889232939785,0.8851106910661839,-0.6074589838166531,-7.968734807675752,-0.0398836706546287,-0.004601961998611,-0.1595346826185149,0.8329551217485924,-0.6613994285726782,-8.392181362820754,67.25,-885.01,-333.56,-201.75,-567.59,0.0,0.0,0.0,-0.4556356545256396,0.0,30,38,37,34,37,18,-325,-119,-157,-212,12.7,12.5,12.5,12.4,12.3,-999,-999,-3.92,0.0,0.0,0.0
1.51588773727417,-0.0429516453203694,0.0751653793106464,-0.1288549359611082,0.8759067670689619,-0.6074589838166531,-7.968734807675752,-0.0383496833217584,-0.004601961998611,-0.1580006952856446,0.8268191724171111,-0.6613994285726782,-8.392181362820754,13.45,-879.63,-336.25,-199.06,-564.9,0.0,0.0,0.0,-0.4796164784480417,0.0,30,37,37,34,37,12,-319,-119,-157,-212,12.6,12.6,12.5,12.4,12.2,-999,-999,-3.92,0.0,0.0,0.0
1.5329108238220215,-0.0429516453203694,0.0751653793106464,-0.1303889232939785,0.8682368304046102,-0.6074589838166531,-7.968734807675752,-0.0383496833217584,-0.004601961998611,-0.1580006952856446,0.8268191724171111,-0.6613994285726782,-8.392181362820754,34.97,-885.01,-314.73,-207.13,-572.97,0.0,0.0,0.0,-0.4796164784480417,0.0,30,37,37,34,37,18,-325,-113,-150,-212,12.7,12.6,12.5,12.5,12.3,-999,-999,-3.92,0.0,0.0,0.0
1.5499372482299805,-0.0429516453203694,0.0751653793106464,-0.1303889232939785,0.8590329064073882,-0.6074589838166531,-7.968734807675752,-0.0352817086560177,-0.004601961998611,-0.1580006952856446,0.8160812610870187,-0.6613994285726782,-8.392181362820754,56.49,-885.01,-314.73,-188.3,-572.97,0.0,0.0,0.0,-0.4796164784480417,0.0,30,37,36,34,35,18,-325,-113,-144,-218,12.6,12.6,12.5,12.4,12.3,-999,-999,-3.92,0.0,0.0,0.0
1.5668671131134033,-0.041417657987499,0.0751653793106464,-0.1303889232939785,0.8513629697430365,-0.6074589838166531,-7.968734807675752,-0.0352817086560177,-0.004601961998611,-0.1580006952856446,0.8160812610870187,-0.6613994285726782,-8.392181362820754,61.87,-882.3199999999999,-317.42,-190.99,-567.59,0.0,0.0,0.0,-0.4796164784480417,0.0,30,37,36,34,36,25,-325,-113,-138,-212,12.7,12.6,12.5,12.4,12.4,-999,-999,-3.92,0.0,0.0,0.0
1.583838939666749,-0.0398836706546287,0.0751653793106464,-0.1303889232939785,0.8452270204115552,-0.6074589838166531,-7.968734807675752,-0.0352817086560177,-0.004601961998611,-0.1580006952856446,0.8099453117555374,-0.6613994285726782,-8.392181362820754,34.97,-885.01,-317.42,-199.06,-567.59,0.023980823922402,0.0,0.0,-0.4556356545256396,0.0,30,37,36,34,37,25,-325,-113,-132,-212,12.7,12.4,12.6,12.4,12.3,-999,-999,-3.92,0.0,0.0,0.0
1.6009211540222168,-0.0398836706546287,0.0751653793106464,-0.1303889232939785,0.8375570837472035,-0.6074589838166531,-7.968734807675752,-0.0352817086560177,-0.004601961998611,-0.1595346826185149,0.8068773370897967,-0.6613994285726782,-8.392181362820754,26.9,-885.01,-333.56,-182.92,-570.28,0.023980823922402,0.0,0.0,-0.4316548306032375,0.0,30,37,36,34,37,18,-325,-119,-119,-218,12.6,12.6,12.5,12.4,12.3,-999,-999,-3.92,0.0,0.0,0.0
1.617877721786499,-0.0398836706546287,0.0751653793106464,-0.1303889232939785,0.8314211344157221,-0.6059249964837827,-7.956121396351854,-0.0337477213231473,-0.0061359493314813,-0.1580006952856446,0.799207400425445,-0.6613994285726782,-8.392181362820754,16.14,-885.01,-317.42,-204.44,-572.97,0.023980823922402,0.0,0.0,-0.4076740066808355,0.0,30,37,36,34,37,18,-325,-113,-113,-212,12.7,12.6,12.5,12.3,12.4,-999,-999,-3.92,0.0,0.0,0.0
1.6348443031311035,-0.036815695988888,0.0751653793106464,-0.1303889232939785,0.8268191724171111,-0.6059249964837827,-7.956121396351854,-0.0337477213231473,-0.0061359493314813,-0.1580006952856446,0.799207400425445,-0.6613994285726782,-8.392181362820754,5.38,-903.84,-317.42,-225.96,-570.28,0.023980823922402,0.0,0.0,-0.3836931827584334,0.0,31,37,36,34,36,12,-332,-113,-113,-218,12.7,12.6,12.5,12.5,12.4,-999,-999,-3.92,0.0,0.0,0.0
1.6528205871582031,-0.036815695988888,0.0751653793106464,-0.1303889232939785,0.8237511977513704,-0.6074589838166531,-7.968734807675752,-0.032213733990277,-0.0061359493314813,-0.1580006952856446,0.7946054384268341,-0.6613994285726782,-8.392181362820754,2.69,-901.15,-317.42,-247.48,-564.9,0.0479616478448041,0.0,0.0,-0.3357315349136292,0.0,31,37,36,34,36,18,-332,-113,-138,-212,12.3,12.6,12.5,12.4,12.3,-999,-999,-3.92,0.0,0.0,0.0
1.6718273162841797,-0.0352817086560177,0.0751653793106464,-0.1303889232939785,0.8176152484198891,-0.6059249964837827,-7.956121396351854,-0.032213733990277,-0.0061359493314813,-0.1595346826185149,0.7869355017624824,-0.6613994285726782,-8.392181362820754,0.0,-903.84,-317.42,-239.41,-570.28,0.0479616478448041,0.0,0.0,-0.287769887068825,0.0,31,38,36,34,36,12,-332,-113,-113,-212,12.7,12.5,12.5,12.4,12.4,-999,-999,-3.92,0.0,0.0,0.0
1.688901424407959,-0.0337477213231473,0.0751653793106464,-0.1303889232939785,0.8145472737541484,-0.6074589838166531,-7.968734807675752,-0.032213733990277,-0.0061359493314813,-0.1580006952856446,0.7838675270967417,-0.6613994285726782,-8.392181362820754,-2.69,-903.84,-338.94,-242.1,-570.28,0.0479616478448041,0.0,0.0,-0.2398082392240208,0.0,31,37,36,34,36,6,-332,-119,-113,-212,12.6,12.6,12.5,12.4,12.4,-999,-999,-3.92,0.0,0.0,0.0
1.7058911323547363,-0.032213733990277,0.0751653793106464,-0.1288549359611082,0.8114792990884078,-0.6059249964837827,-7.956121396351854,-0.032213733990277,-0.0061359493314813,-0.1580006952856446,0.7792655650981307,-0.6613994285726782,-8.392181362820754,0.0,-903.84,-312.04,-242.1,-564.9,0.0479616478448041,0.0,0.0,-0.2158274153016187,0.0,31,37,36,34,36,6,-332,-113,-113,-212,12.7,12.6,12.5,12.4,12.4,-999,-999,-3.92,0.0,0.0,0.0
1.7229883670806885,-0.032213733990277,0.0751653793106464,-0.1303889232939785,0.8068773370897967,-0.6074589838166531,-7.968734807675752,-0.032213733990277,-0.0061359493314813,-0.1580006952856446,0.7746636030995196,-0.6613994285726782,-8.392181362820754,0.0,-928.05,-325.49,-258.24,-567.59,0.0479616478448041,0.0,0.0,-0.2158274153016187,0.0,31,37,36,34,36,0,-332,-119,-138,-212,12.7,12.6,12.5,12.4,12.4,-999,-999,-3.92,0.0,0.0,0.0
1.7398533821105957,-0.032213733990277,0.0751653793106464,-0.1303889232939785,0.8038093624240561,-0.6059249964837827,-7.956121396351854,-0.032213733990277,-0.0061359493314813,-0.1580006952856446,0.7746636030995196,-0.6613994285726782,-8.392181362820754,0.0,-903.84,-320.11,-258.24,-570.28,0.0479616478448041,0.0,0.0,-0.2158274153016187,0.0,31,37,36,34,36,0,-332,-119,-119,-218,12.7,12.7,12.6,12.0,12.3,-999,-999,-3.92,0.0,0.0,0.0
1.7568659782409668,-0.032213733990277,0.0751653793106464,-0.1288549359611082,0.799207400425445,-0.6074589838166531,-7.968734807675752,-0.032213733990277,-0.0061359493314813,-0.1580006952856446,0.771595628433779,-0.6613994285726782,-8.392181362820754,0.0,-901.15,-320.11,-242.1,-567.59,0.023980823922402,0.0,0.0,-0.2158274153016187,0.0,31,37,37,34,36,0,-332,-113,-119,-212,12.7,12.6,12.6,12.3,12.3,-999,-999,-3.92,0.0,0.0,0.0
1.7738368511199951,-0.032213733990277,0.0751653793106464,-0.1303889232939785,0.7961394257597044,-0.6074589838166531,-7.968734807675752,-0.032213733990277,-0.0076699366643516,-0.1580006952856446,0.766993666435168,-0.6613994285726782,-8.392181362820754,0.0,-919.98,-320.11,-277.07,-570.28,0.0,0.0,0.0,-0.2158274153016187,0.0,31,37,37,33,36,0,-338,-113,-119,-212,12.7,12.0,12.5,12.4,12.4,-999,-999,-3.92,0.0,0.0,0.0
1.7909252643585205,-0.032213733990277,0.0751653793106464,-0.1303889232939785,0.7930714510939637,-0.6074589838166531,-7.968734807675752,-0.032213733990277,-0.009203923997222,-0.1580006952856446,0.7593237297708163,-0.6613994285726782,-8.392181362820754,0.0,-919.98,-320.11,-258.24,-567.59,0.0,0.0,0.0,-0.2158274153016187,0.0,31,37,36,33,36,0,-338,-113,-119,-212,12.7,12.6,12.5,12.4,12.3,-999,-999,-3.92,0.0,0.0,0.0
1.8079400062561035,-0.032213733990277,0.0751653793106464,-0.1303889232939785,0.7884694890953527,-0.6059249964837827,-7.956121396351854,-0.032213733990277,-0.009203923997222,-0.1580006952856446,0.753187780439335,-0.6613994285726782,-8.392181362820754,0.0,-933.43,-322.8,-244.79,-570.28,0.0,0.0,0.0,-0.2158274153016187,0.0,31,37,36,33,38,0,-344,-119,-113,-212,12.7,12.6,12.5,12.4,12.3,-999,-999,-3.92,0.0,0.0,0.0
1.82590913772583,-0.032213733990277,0.0751653793106464,-0.1303889232939785,0.7838675270967417,-0.6074589838166531,-7.968734807675752,-0.032213733990277,-0.0107379113300923,-0.1580006952856446,0.7501198057735943,-0.6613994285726782,-8.392181362820754,0.0,-933.43,-322.8,-266.31,-567.59,0.0,0.0,0.0,-0.2158274153016187,0.0,31,37,37,33,37,0,-344,-119,-113,-212,12.7,12.7,12.6,12.4,12.4,-999,-999,-3.92,0.0,0.0,0.0
1.842949628829957,-0.032213733990277,0.0751653793106464,-0.1303889232939785,0.7807995524310011,-0.6074589838166531,-7.968734807675752,-0.032213733990277,-0.0122718986629626,-0.1580006952856446,0.743983856442113,-0.6613994285726782,-8.392181362820754,0.0,-949.57,-322.8,-247.48,-572.97,0.0,0.0,0.0,-0.2158274153016187,0.0,31,37,37,33,37,0,-350,-119,-119,-218,12.6,12.6,12.5,12.4,12.4,-999,-999,-3.92,0.0,0.0,0.0
1.8599109649658203,-0.032213733990277,0.0751653793106464,-0.1303889232939785,0.7777315777652604,-0.6059249964837827,-7.956121396351854,-0.032213733990277,-0.013805885995833,-0.1580006952856446,0.7409158817763722,-0.6613994285726782,-8.392181362820754,0.0,-968.4,-322.8,-269.0,-564.9,0.0,0.0,0.0,-0.2158274153016187,0.0,31,37,37,33,37,0,-357,-113,-119,-212,12.7,12.6,12.5,12.4,12.4,-999,-999,-3.92,0.0,0.0,0.0
1.876833200454712,-0.032213733990277,0.0751653793106464,-0.1303889232939785,0.7731296157666494,-0.6074589838166531,-7.968734807675752,-0.032213733990277,-0.013805885995833,-0.1580006952856446,0.7409158817763722,-0.6613994285726782,-8.392181362820754,0.0,-984.54,-320.11,-274.38,-564.9,0.0,0.0,0.0,-0.2158274153016187,0.0,31,37,37,33,37,0,-363,-113,-132,-212,12.6,12.6,12.5,12.2,12.4,-999,-999,-3.92,0.0,0.0,0.0
1.8939306735992432,-0.032213733990277,0.0751653793106464,-0.1303889232939785,0.7685276537680383,-0.6074589838166531,-7.968734807675752,-0.032213733990277,-0.0168738606615736,-0.1564667079527743,0.7286439831134096,-0.6613994285726782,-8.392181362820754,-2.69,-984.54,-303.97,-263.62,-567.59,0.0,0.0,0.0,-0.2158274153016187,0.0,31,37,37,34,37,0,-363,-107,-151,-212,12.7,12.6,12.7,12.4,12.2,-999,-999,-3.92,0.0,0.0,0.0
1.9109442234039307,-0.032213733990277,0.0751653793106464,-0.1303889232939785,0.762391704436557,-0.6074589838166531,-7.968734807675752,-0.032213733990277,-0.018407847994444,-0.1549327206199039,0.7240420211147987,-0.6613994285726782,-8.392181362820754,-2.69,-1016.82,-309.35,-260.93,-564.9,0.0,0.0,0.0,-0.2398082392240208,0.0,31,37,37,34,37,0,-375,-107,-125,-212,12.7,12.5,12.5,12.4,12.2,-999,-999,-3.92,0.0,0.0,0.0
1.9278903007507324,-0.032213733990277,0.0751653793106464,-0.1303889232939785,0.7562557551050757,-0.6074589838166531,-7.968734807675752,-0.032213733990277,-0.018407847994444,-0.1533987332870336,0.7194400591161876,-0.6613994285726782,-8.392181362820754,-2.69,-1032.96,-290.52,-271.69,-564.9,0.0,0.0,0.0,-0.2398082392240208,0.0,31,37,37,34,37,0,-382,-107,-132,-212,12.7,12.6,12.5,12.4,12.3,-999,-999,-3.92,0.0,0.0,0.0
1.9448661804199219,-0.032213733990277,0.0751653793106464,-0.1288549359611082,0.7516537931064646,-0.6074589838166531,-7.968734807675752,-0.032213733990277,-0.018407847994444,-0.1533987332870336,0.7194400591161876,-0.6613994285726782,-8.392181362820754,-2.69,-1030.27,-330.87,-250.17,-564.9,0.0,0.0,0.0,-0.263789063146423,0.0,31,37,37,34,37,0,-382,-100,-132,-212,12.6,12.6,12.5,12.4,12.2,-999,-999,-3.92,0.0,0.0,0.0
1.9638442993164062,-0.032213733990277,0.0751653793106464,-0.1273209486282379,0.7470518311078537,-0.6059249964837827,-7.956121396351854,-0.032213733990277,-0.0214758226601847,-0.1503307586212929,0.7102361351189656,-0.6613994285726782,-8.392181362820754,-2.69,-1046.41,-333.56,-258.24,-567.59,0.0,0.0,0.023980823922402,-0.263789063146423,0.0,31,37,37,34,37,0,-388,-100,-132,-212,12.7,12.6,12.6,12.4,12.3,-999,-999,-3.92,0.0,0.0,0.0
1.9808552265167236,-0.032213733990277,0.0751653793106464,-0.1257869612953675,0.7409158817763722,-0.6074589838166531,-7.968734807675752,-0.032213733990277,-0.0214758226601847,-0.1503307586212929,0.7056341731203546,-0.6613994285726782,-8.392181362820754,-2.69,-1062.55,-352.39,-250.17,-564.9,0.0,0.0,0.0479616478448041,-0.263789063146423,0.0,31,37,37,34,37,0,-394,-100,-125,-212,12.6,12.5,12.5,12.4,12.2,-999,-999,-3.92,0.0,0.0,0.0
1.997917890548706,-0.032213733990277,0.0751653793106464,-0.1242529739624972,0.7363139197777613,-0.6074589838166531,-7.968734807675752,-0.032213733990277,-0.023009809993055,-0.1503307586212929,0.7010322111217435,-0.6613994285726782,-8.392181362820754,-2.69,-1059.86,-320.11,-263.62,-572.97,0.0,0.0,0.0719424717672062,-0.263789063146423,0.0,31,37,36,34,37,0,-394,-107,-125,-212,12.6,12.6,12.5,12.4,12.3,-999,-999,-3.92,0.0,0.0,0.0
2.0148720741271973,-0.032213733990277,0.0751653793106464,-0.1227189866296268,0.7332459451120206,-0.6059249964837827,-7.956121396351854,-0.0337477213231473,-0.0245437973259253,-0.1487967712884225,0.6964302491231326,-0.6613994285726782,-8.392181362820754,-2.69,-1073.31,-347.01,-260.93,-562.21,0.0,0.0,0.0719424717672062,-0.263789063146423,0.0,31,37,36,33,37,0,-400,-107,-125,-212,12.6,12.6,12.4,12.4,12.2,-999,-999,-3.92,0.0,0.0,0.0
2.031845808029175,-0.032213733990277,0.0751653793106464,-0.1242529739624972,0.7286439831134096,-0.6074589838166531,-7.968734807675752,-0.0337477213231473,-0.0245437973259253,-0.1487967712884225,0.6964302491231326,-0.6613994285726782,-8.392181362820754,-2.69,-1081.38,-347.01,-274.38,-567.59,0.0,0.0,0.0719424717672062,-0.2398082392240208,0.0,31,37,36,33,37,-7,-400,-107,-151,-218,12.6,12.5,12.4,12.3,12.3,-999,-999,-3.92,0.0,0.0,0.0
2.0488460063934326,-0.032213733990277,0.0751653793106464,-0.1227189866296268,0.7255760084476689,-0.6074589838166531,-7.968734807675752,-0.0352817086560177,-0.027611771991666,-0.1472627839555522,0.6887603124587809,-0.6613994285726782,-8.392181362820754,0.0,-1094.83,-314.73,-247.48,-562.21,0.0,0.0,0.0479616478448041,-0.2398082392240208,0.0,31,37,36,33,37,-7,-407,-100,-125,-212,12.6,12.6,12.4,12.4,12.3,-999,-999,-3.92,0.0,0.0,0.0
2.065927267074585,-0.032213733990277,0.0751653793106464,-0.1227189866296268,0.7209740464490579,-0.6074589838166531,-7.968734807675752,-0.0352817086560177,-0.0291457593245363,-0.1472627839555522,0.6856923377930402,-0.6613994285726782,-8.392181362820754,32.28,-1121.73,-322.8,-255.55,-562.21,0.0,0.0,0.023980823922402,-0.2398082392240208,0.0,30,37,36,33,37,-13,-419,-100,-125,-212,12.6,12.5,12.5,12.3,12.3,-999,-999,-3.92,0.0,0.0,0.0
2.0828773975372314,-0.0337477213231473,0.0751653793106464,-0.1227189866296268,0.7163720844504469,-0.6074589838166531,-7.968734807675752,-0.0352817086560177,-0.0291457593245363,-0.1472627839555522,0.6810903757944292,-0.6613994285726782,-8.392181362820754,26.9,-1135.18,-320.11,-244.79,-564.9,0.0,0.0,0.0,-0.2398082392240208,0.0,30,37,37,33,37,-13,-425,-100,-119,-218,12.6,12.6,12.6,12.4,12.3,-999,-999,-3.92,0.0,0.0,0.0
2.0998711585998535,-0.032213733990277,0.0751653793106464,-0.1227189866296268,0.7102361351189656,-0.6074589838166531,-7.968734807675752,-0.0352817086560177,-0.0306797466574067,-0.1457287966226819,0.6780224011286885,-0.6613994285726782,-8.392181362820754,21.52,-1132.49,-320.11,-282.45,-562.21,0.0,0.0,0.0,-0.2398082392240208,0.0,30,37,37,33,37,-13,-419,-100,-144,-212,12.6,12.5,12.5,12.3,12.1,-999,-999,-3.92,0.0,0.0,0.0
2.1169259548187256,-0.0337477213231473,0.0751653793106464,-0.1227189866296268,0.707168160453225,-0.6074589838166531,-7.968734807675752,-0.0352817086560177,-0.0337477213231473,-0.1441948092898116,0.6749544264629479,-0.6613994285726782,-8.392181362820754,21.52,-1151.32,-306.66,-255.55,-564.9,0.0,0.0,0.0,-0.2398082392240208,0.0,30,37,37,33,37,-13,-432,-94,-119,-212,12.6,12.5,12.4,12.3,12.2,-999,-999,-3.92,0.0,0.0,0.0
2.1338937282562256,-0.032213733990277,0.0751653793106464,-0.1227189866296268,0.7041001857874842,-0.6074589838166531,-7.968734807675752,-0.036815695988888,-0.0337477213231473,-0.1441948092898116,0.6734204391300775,-0.6613994285726782,-8.392181362820754,0.0,-1180.91,-279.76,-266.31,-562.21,0.0,0.0,0.0,-0.2158274153016187,0.0,30,37,37,33,37,-13,-444,-88,-119,-212,12.6,12.6,12.4,12.3,12.3,-999,-999,-3.92,0.0,0.0,0.0
2.1508877277374268,-0.0337477213231473,0.0736313919777761,-0.1227189866296268,0.7010322111217435,-0.6074589838166531,-7.968734807675752,-0.036815695988888,-0.036815695988888,-0.1441948092898116,0.6703524644643368,-0.6613994285726782,-8.392181362820754,21.52,-1084.07,-282.45,-252.86,-570.28,0.0,0.0,0.0,-0.2158274153016187,0.0,30,38,37,33,36,-13,-438,-88,-113,-212,12.6,12.5,12.4,12.4,12.3,-999,-999,-3.92,0.0,0.0,0.0
2.16784405708313,-0.0337477213231473,0.0690294299791651,-0.1227189866296268,0.6979642364560029,-0.6074589838166531,-7.968734807675752,-0.036815695988888,-0.0398836706546287,-0.1426608219569412,0.6688184771314665,-0.6613994285726782,-8.392181362820754,5.38,-1003.37,-282.45,-255.55,-564.9,0.0,-0.023980823922402,0.0,-0.1918465913792167,0.0,30,37,37,33,37,-13,-432,-88,-113,-218,12.6,12.5,12.5,12.4,12.3,-999,-999,-3.92,0.0,0.0,0.0
2.184946298599243,-0.0337477213231473,0.0644274679805541,-0.1211849992967565,0.6948962617902622,-0.6074589838166531,-7.968734807675752,-0.036815695988888,-0.041417657987499,-0.1411268346240709,0.6672844897985961,-0.6613994285726782,-8.392181362820754,2.69,-1065.24,-303.97,-266.31,-567.59,0.0,-0.0959232956896083,0.0,-0.1918465913792167,0.0,30,37,37,34,37,-13,-425,-88,-107,-218,12.7,12.5,12.4,12.4,12.3,-999,-999,-3.92,0.0,0.0,0.0
2.2018394470214844,-0.0352817086560177,0.0598255059819431,-0.1181170246310158,0.6918282871245215,-0.6074589838166531,-7.968734807675752,-0.036815695988888,-0.041417657987499,-0.1411268346240709,0.6672844897985961,-0.6613994285726782,-8.392181362820754,-10.76,-949.57,-328.18,-293.21,-562.21,0.0,-0.1438849435344125,0.023980823922402,-0.1678657674568146,0.0,30,37,36,34,35,-7,-419,-88,-107,-212,12.6,12.5,12.5,12.4,12.3,-999,-999,-3.92,0.0,0.0,0.0
2.2189152240753174,-0.0352817086560177,0.055223543983332,-0.1150490499652752,0.6918282871245215,-0.6074589838166531,-7.968734807675752,-0.036815695988888,-0.04601961998611,-0.1411268346240709,0.6657505024657259,-0.6613994285726782,-8.392181362820754,-2.69,-944.19,-384.67,-290.52,-564.9,-0.023980823922402,-0.1918465913792167,0.0479616478448041,-0.1438849435344125,0.0,31,37,36,34,36,-7,-407,-107,-107,-218,12.6,12.6,12.5,12.4,12.3,-999,-999,-3.92,0.0,0.0,0.0
2.2358651161193848,-0.0352817086560177,0.0490875946518507,-0.1135150626324048,0.6902942997916512,-0.6074589838166531,-7.968734807675752,-0.036815695988888,-0.0490875946518507,-0.1395928472912005,0.6657505024657259,-0.6613994285726782,-8.392181362820754,-8.07,-914.6,-376.6,-285.14,-570.28,0.0,-0.2398082392240208,0.0959232956896083,-0.1199041196120104,0.0,31,37,36,34,37,-7,-388,-113,-100,-212,12.7,12.6,12.5,12.3,12.2,-999,-999,-3.92,0.0,0.0,0.0
2.252877950668335,-0.0352817086560177,0.0444856326532397,-0.1104470879666641,0.6887603124587809,-0.6074589838166531,-7.968734807675752,-0.036815695988888,-0.0521555693175914,-0.1380588599583302,0.6657505024657259,-0.6613994285726782,-8.392181362820754,-8.07,-914.6,-357.77,-309.35,-564.9,0.0,-0.263789063146423,0.1199041196120104,-0.0959232956896083,0.0,31,37,36,34,37,-7,-382,-113,-100,-218,12.7,12.6,12.5,12.4,12.3,-999,-999,-3.92,0.0,0.0,0.0
2.2699146270751953,-0.0352817086560177,0.0398836706546287,-0.1104470879666641,0.6887603124587809,-0.6074589838166531,-7.968734807675752,-0.0383496833217584,-0.055223543983332,-0.1380588599583302,0.6642165151328555,-0.6613994285726782,-8.392181362820754,-8.07,-914.6,-349.7,-309.35,-567.59,0.0,-0.287769887068825,0.1199041196120104,-0.0719424717672062,0.0,30,37,37,34,37,0,-382,-113,-94,-212,12.6,12.6,12.4,12.4,12.4,-999,-999,-3.92,0.0,0.0,0.0
2.286897897720337,-0.036815695988888,0.036815695988888,-0.1089131006337938,0.6887603124587809,-0.6059249964837827,-7.956121396351854,-0.0383496833217584,-0.0582915186490727,-0.1365248726254599,0.6642165151328555,-0.6613994285726782,-8.392181362820754,8.07,-903.84,-365.84,-295.9,-567.59,0.0,-0.263789063146423,0.0959232956896083,-0.0479616478448041,0.0,30,37,37,34,37,-7,-375,-113,-100,-212,12.6,12.6,12.4,12.4,12.2,-999,-999,-3.92,0.0,0.0,0.0
2.303901195526123,-0.036815695988888,0.0337477213231473,-0.1073791133009235,0.6872263251259105,-0.6074589838166531,-7.968734807675752,-0.0398836706546287,-0.0613594933148134,-0.1349908852925895,0.6642165151328555,-0.6613994285726782,-8.392181362820754,0.0,-922.67,-322.8,-260.93,-570.28,0.0,-0.2398082392240208,0.0719424717672062,-0.023980823922402,0.0,30,37,37,34,36,-7,-369,-113,-94,-212,12.7,12.6,12.5,12.4,12.4,-999,-999,-3.92,0.0,0.0,0.0
2.320916175842285,-0.036815695988888,0.0306797466574067,-0.1089131006337938,0.6856923377930402,-0.6074589838166531,-7.968734807675752,-0.0398836706546287,-0.0644274679805541,-0.1349908852925895,0.6642165151328555,-0.6613994285726782,-8.392181362820754,18.83,-968.4,-298.59,-263.62,-564.9,0.0,-0.2158274153016187,0.0479616478448041,-0.023980823922402,0.0,30,37,37,34,36,-13,-375,-107,-88,-212,12.6,12.7,12.5,12.4,12.4,-999,-999,-3.92,0.0,0.0,0.0
2.337853193283082,-0.036815695988888,0.027611771991666,-0.1089131006337938,0.6856923377930402,-0.6074589838166531,-7.968734807675752,-0.041417657987499,-0.0659614553134244,-0.1334568979597192,0.6626825277999852,-0.6613994285726782,-8.392181362820754,-5.38,-890.39,-306.66,-290.52,-572.97,-0.023980823922402,-0.1918465913792167,0.023980823922402,-0.023980823922402,0.0,31,37,37,34,37,-7,-375,-113,-88,-218,12.6,12.6,12.5,12.4,12.3,-999,-999,-3.92,0.0,0.0,0.0
2.3548707962036133,-0.0383496833217584,0.0245437973259253,-0.1089131006337938,0.6841583504601698,-0.6074589838166531,-7.968734807675752,-0.041417657987499,-0.0674954426462947,-0.1334568979597192,0.6626825277999852,-0.6613994285726782,-8.392181362820754,16.14,-874.25,-277.07,-255.55,-564.9,-0.023980823922402,-0.1918465913792167,0.0,-0.0479616478448041,0.0,31,37,37,34,37,-13,-313,-100,-88,-218,12.7,12.6,12.5,12.4,12.2,-999,-999,-3.92,0.0,0.0,0.0
2.3718347549438477,-0.0398836706546287,0.0214758226601847,-0.1073791133009235,0.6841583504601698,-0.6074589838166531,-7.968734807675752,-0.041417657987499,-0.0674954426462947,-0.1334568979597192,0.6626825277999852,-0.6613994285726782,-8.392181362820754,0.0,-960.33,-282.45,-269.0,-564.9,-0.023980823922402,-0.1678657674568146,0.0,-0.0479616478448041,0.0,31,37,37,34,37,-7,-369,-100,-88,-212,12.6,12.6,12.4,12.3,12.3,-999,-999,-3.92,0.0,0.0,0.0
2.38897442817688,-0.0398836706546287,0.0214758226601847,-0.1089131006337938,0.6841583504601698,-0.6074589838166531,-7.968734807675752,-0.041417657987499,-0.0705634173120354,-0.1334568979597192,0.6596145531342444,-0.6613994285726782,-8.392181362820754,-13.45,-976.47,-282.45,-303.97,-570.28,-0.023980823922402,-0.1438849435344125,0.0,-0.023980823922402,0.0,31,37,37,34,37,-7,-363,-100,-94,-212,12.7,12.6,12.5,12.4,12.1,-999,-999,-3.92,0.0,0.0,0.0
2.405837297439575,-0.0398836706546287,0.0214758226601847,-0.1089131006337938,0.6826243631272996,-0.6074589838166531,-7.968734807675752,-0.041417657987499,-0.0720974046449058,-0.1334568979597192,0.6565465784685038,-0.6613994285726782,-8.392181362820754,-10.76,-1006.06,-279.76,-271.69,-564.9,-0.023980823922402,-0.1199041196120104,0.0,-0.023980823922402,0.0,31,37,37,34,36,-7,-375,-100,-94,-212,12.6,12.6,12.5,12.4,12.4,-999,-999,-3.92,0.0,0.0,0.0
2.4248366355895996,-0.0398836706546287,0.023009809993055,-0.1089131006337938,0.6810903757944292,-0.6059249964837827,-7.956121396351854,-0.041417657987499,-0.0736313919777761,-0.1334568979597192,0.6550125911356335,-0.6613994285726782,-8.392181362820754,0.0,-1024.89,-277.07,-252.86,-567.59,-0.023980823922402,-0.0719424717672062,0.0,-0.023980823922402,0.0,31,37,37,34,36,-7,-382,-100,-100,-212,12.6,12.6,12.5,12.4,12.3,-999,-999,-3.92,0.0,0.0,0.0
2.4417872428894043,-0.0398836706546287,0.0214758226601847,-0.1089131006337938,0.6795563884615589,-0.6074589838166531,-7.968734807675752,-0.041417657987499,-0.0751653793106464,-0.1334568979597192,0.6519446164698928,-0.6613994285726782,-8.392181362820754,0.0,-1043.72,-279.76,-255.55,-564.9,0.0,-0.023980823922402,0.0,-0.0479616478448041,0.0,31,37,37,33,36,0,-394,-100,-100,-212,12.7,12.5,12.4,12.4,12.3,-999,-999,-3.92,0.0,0.0,0.0
2.4588377475738525,-0.041417657987499,0.0214758226601847,-0.1089131006337938,0.6780224011286885,-0.6074589838166531,-7.968734807675752,-0.041417657987499,-0.0751653793106464,-0.1334568979597192,0.6488766418041522,-0.6613994285726782,-8.392181362820754,-5.38,-1043.72,-285.14,-279.76,-564.9,0.0,0.0,0.0,-0.0719424717672062,0.0,31,37,37,33,37,0,-388,-100,-107,-218,12.6,12.7,12.5,12.4,12.3,-999,-999,-3.92,0.0,0.0,0.0
2.475790023803711,-0.041417657987499,0.0214758226601847,-0.1073791133009235,0.6749544264629479,-0.6059249964837827,-7.956121396351854,-0.041417657987499,-0.0751653793106464,-0.1334568979597192,0.6488766418041522,-0.6613994285726782,-8.392181362820754,-5.38,-1046.41,-279.76,-266.31,-567.59,0.0,0.0,0.0,-0.0959232956896083,0.0,31,37,37,33,37,0,-394,-107,-113,-212,12.7,12.5,12.5,12.3,12.4,-999,-999,-3.92,0.0,0.0,0.0
2.4928808212280273,-0.041417657987499,0.0214758226601847,-0.1089131006337938,0.6734204391300775,-0.6074589838166531,-7.968734807675752,-0.041417657987499,-0.0766993666435168,-0.1334568979597192,0.6412067051398005,-0.6613994285726782,-8.392181362820754,-5.38,-1078.69,-303.97,-301.28,-564.9,0.0,0.0,0.0,-0.0959232956896083,0.0,31,37,37,33,36,6,-400,-107,-138,-212,12.7,12.6,12.5,12.4,12.3,-999,-999,-3.92,0.0,0.0,0.0
2.5099196434020996,-0.041417657987499,0.0214758226601847,-0.1073791133009235,0.6703524644643368,-0.6074589838166531,-7.968734807675752,-0.041417657987499,-0.0766993666435168,-0.1334568979597192,0.6381387304740598,-0.6613994285726782,-8.392181362820754,-5.38,-1081.38,-293.21,-301.28,-567.59,0.0,0.0,0.0,-0.1199041196120104,0.0,31,37,37,33,36,0,-407,-100,-119,-212,12.6,12.5,12.5,12.4,12.2,-999,-999,-3.92,0.0,0.0,0.0
2.5268495082855225,-0.041417657987499,0.0214758226601847,-0.1073791133009235,0.6688184771314665,-0.6074589838166531,-7.968734807675752,-0.041417657987499,-0.0782333539763871,-0.1334568979597192,0.6350707558083191,-0.6613994285726782,-8.392181362820754,-5.38,-1081.38,-336.25,-309.35,-562.21,0.0,0.0,0.0,-0.1199041196120104,0.0,31,37,37,33,36,0,-400,-107,-119,-212,12.6,12.5,12.5,12.3,12.3,-999,-999,-3.92,0.0,0.0,0.0
2.5438575744628906,-0.041417657987499,0.0214758226601847,-0.1058451259680531,0.6657505024657259,-0.6074589838166531,-7.968734807675752,-0.041417657987499,-0.0782333539763871,-0.1319229106268489,0.6320027811425785,-0.6613994285726782,-8.392181362820754,-5.38,-1092.14,-371.22,-285.14,-562.21,0.0,0.0,0.0,-0.1199041196120104,0.0,31,37,37,35,36,0,-407,-113,-119,-212,12.6,12.6,12.4,12.4,12.3,-999,-999,-3.92,0.0,0.0,0.0
2.5608632564544678,-0.041417657987499,0.023009809993055,-0.1043111386351828,0.6626825277999852,-0.6074589838166531,-7.968734807675752,-0.041417657987499,-0.0782333539763871,-0.1303889232939785,0.6274008191439674,-0.6613994285726782,-8.392181362820754,-5.38,-1092.14,-371.22,-293.21,-562.21,0.0,0.0,0.023980823922402,-0.1438849435344125,0.0,31,37,36,34,37,0,-413,-119,-119,-212,12.6,12.5,12.5,12.3,12.1,-999,-999,-3.92,0.0,0.0,0.0
2.577918529510498,-0.041417657987499,0.0214758226601847,-0.1027771513023125,0.6596145531342444,-0.6074589838166531,-7.968734807675752,-0.041417657987499,-0.0782333539763871,-0.1303889232939785,0.6227988571453564,-0.6613994285726782,-8.392181362820754,-5.38,-1094.83,-333.56,-322.8,-559.52,0.0,0.0,0.0479616478448041,-0.1438849435344125,0.0,31,37,36,34,37,0,-413,-113,-151,-212,12.6,12.5,12.2,12.3,12.3,-999,-999,-3.92,0.0,0.0,0.0
2.594862699508667,-0.041417657987499,0.0214758226601847,-0.1012431639694421,0.6565465784685038,-0.6059249964837827,-7.956121396351854,-0.041417657987499,-0.0782333539763871,-0.1303889232939785,0.6227988571453564,-0.6613994285726782,-8.392181362820754,-8.07,-1089.45,-347.01,-322.8,-562.21,0.0,0.0,0.0479616478448041,-0.1438849435344125,0.0,31,37,36,34,37,0,-407,-113,-132,-212,12.6,12.5,12.5,12.3,12.3,-999,-999,-3.92,0.0,0.0,0.0
2.6117987632751465,-0.041417657987499,0.0214758226601847,-0.1012431639694421,0.6534786038027631,-0.6074589838166531,-7.968734807675752,-0.041417657987499,-0.0797673413092574,-0.1288549359611082,0.6181968951467454,-0.6613994285726782,-8.392181362820754,-5.38,-1102.9,-344.32,-303.97,-564.9,0.0,0.0,0.0719424717672062,-0.1438849435344125,0.0,31,37,36,34,37,0,-419,-113,-138,-212,12.6,12.4,12.5,12.3,12.2,-999,-999,-3.92,0.0,0.0,0.0
2.628824472427368,-0.041417657987499,0.0214758226601847,-0.0997091766365718,0.6488766418041522,-0.6074589838166531,-7.968734807675752,-0.041417657987499,-0.0797673413092574,-0.1257869612953675,0.6074589838166531,-0.6613994285726782,-8.392181362820754,-5.38,-1108.28,-317.42,-293.21,-564.9,0.0,0.0,0.0479616478448041,-0.1678657674568146,0.0,31,37,37,34,37,0,-419,-113,-138,-212,12.6,12.5,12.7,12.4,12.2,-999,-999,-3.92,0.0,0.0,0.0
2.645827293395996,-0.041417657987499,0.0214758226601847,-0.0997091766365718,0.6442746798055411,-0.6074589838166531,-7.968734807675752,-0.041417657987499,-0.0813013286421278,-0.1227189866296268,0.6013230344851717,-0.6613994285726782,-8.392181362820754,-5.38,-1108.28,-333.56,-293.21,-562.21,0.0,0.0,0.0479616478448041,-0.1918465913792167,0.0,31,37,36,34,37,0,-413,-107,-163,-212,12.6,12.5,12.5,12.4,12.1,-999,-999,-3.92,0.0,0.0,0.0
2.6627981662750244,-0.041417657987499,0.0214758226601847,-0.0981751893037015,0.6366047431411894,-0.6074589838166531,-7.968734807675752,-0.041417657987499,-0.0813013286421278,-0.1227189866296268,0.6013230344851717,-0.6613994285726782,-8.392181362820754,-5.38,-1108.28,-349.7,-263.62,-564.9,0.0,0.0,0.0479616478448041,-0.2158274153016187,0.0,31,37,36,34,36,0,-419,-100,-138,-212,12.6,12.6,12.4,12.4,12.3,-999,-999,-3.92,0.0,0.0,0.0
2.6798501014709473,-0.041417657987499,0.0214758226601847,-0.0951072146379608,0.6320027811425785,-0.6074589838166531,-7.968734807675752,-0.0429516453203694,-0.0843693033078684,-0.1196510119638862,0.589051135822209,-0.6613994285726782,-8.392181362820754,-5.38,-1132.49,-368.53,-266.31,-564.9,0.0,0.0,0.0479616478448041,-0.2398082392240208,0.0,31,37,36,34,36,0,-425,-107,-144,-212,12.6,12.5,12.4,12.3,12.3,-999,-999,-3.92,0.0,0.0,0.0
2.696849822998047,-0.041417657987499,0.0214758226601847,-0.0920392399722201,0.6274008191439674,-0.6074589838166531,-7.968734807675752,-0.0429516453203694,-0.0843693033078684,-0.1196510119638862,0.589051135822209,-0.6613994285726782,-8.392181362820754,-2.69,-1143.25,-384.67,-295.9,-562.21,0.0,0.0,0.0719424717672062,-0.263789063146423,0.0,31,37,36,34,36,-7,-432,-113,-163,-212,12.6,12.5,12.5,12.3,12.3,-999,-999,-3.92,0.0,0.0,0.0
2.713819742202759,-0.041417657987499,0.0199418353273143,-0.0889712653064794,0.6212648698124861,-0.6074589838166531,-7.968734807675752,-0.0429516453203694,-0.0874372779736091,-0.1165830372981455,0.5829151864907277,-0.6613994285726782,-8.392181362820754,0.0,-1073.31,-395.43,-282.45,-562.21,0.0,0.0,0.1199041196120104,-0.287769887068825,0.0,31,37,36,34,37,-7,-432,-119,-144,-218,12.6,12.6,12.4,12.3,12.2,-999,-999,-3.92,0.0,0.0,0.0
2.730919599533082,-0.041417657987499,0.0168738606615736,-0.0859032906407388,0.6151289204810048,-0.6059249964837827,-7.956121396351854,-0.0429516453203694,-0.0905052526393498,-0.1119810752995345,0.5721772751606353,-0.6613994285726782,-8.392181362820754,18.83,-1032.96,-400.81,-312.04,-562.21,0.0,-0.023980823922402,0.1199041196120104,-0.3117507109912271,0.0,31,37,36,34,37,-13,-438,-113,-176,-212,12.7,12.5,12.4,12.3,12.3,-999,-999,-3.92,0.0,0.0,0.0
2.7478220462799072,-0.0429516453203694,0.0122718986629626,-0.0843693033078684,0.6105269584823937,-0.6059249964837827,-7.956121396351854,-0.0429516453203694,-0.0905052526393498,-0.1119810752995345,0.5721772751606353,-0.6613994285726782,-8.392181362820754,-5.38,-957.64,-422.33,-285.14,-562.21,0.0,-0.0719424717672062,0.1438849435344125,-0.3117507109912271,0.0,31,37,36,34,37,0,-419,-119,-157,-218,12.6,12.5,12.5,12.4,12.2,-999,-999,-3.92,0.0,0.0,0.0
2.7648210525512695,-0.0429516453203694,0.0076699366643516,-0.0797673413092574,0.6043910091509124,-0.6074589838166531,-7.968734807675752,-0.0444856326532397,-0.0935732273050904,-0.1043111386351828,0.5599053764976727,-0.6613994285726782,-8.392181362820754,-5.38,-981.85,-425.02,-322.8,-567.59,0.0,-0.1438849435344125,0.1438849435344125,-0.3117507109912271,0.0,31,37,36,34,37,-7,-407,-119,-176,-212,12.6,12.6,12.4,12.4,12.3,-999,-999,-3.92,0.0,0.0,0.0
2.78188157081604,-0.0429516453203694,0.004601961998611,-0.0766993666435168,0.5997890471523014,-0.6059249964837827,-7.956121396351854,-0.0429516453203694,-0.0966412019708311,-0.1012431639694421,0.5537694271661913,-0.6613994285726782,-8.392181362820754,-10.76,-989.92,-371.22,-306.66,-564.9,0.0,-0.1918465913792167,0.1438849435344125,-0.3117507109912271,0.0,31,37,36,34,37,-7,-394,-113,-157,-218,12.6,12.5,12.5,12.2,12.2,-999,-999,-3.92,0.0,0.0,0.0
2.798882007598877,-0.0429516453203694,0.0015339873328703,-0.0751653793106464,0.59365309782082,-0.6074589838166531,-7.968734807675752,-0.0444856326532397,-0.0997091766365718,-0.0981751893037015,0.5491674651675803,-0.6613994285726782,-8.392181362820754,-8.07,-987.23,-395.43,-336.25,-562.21,0.0,-0.2158274153016187,0.1438849435344125,-0.3117507109912271,0.0,31,37,36,34,36,0,-400,-113,-176,-212,12.6,12.6,12.4,12.4,12.3,-999,-999,-3.92,0.0,0.0,0.0
2.815870523452759,-0.0429516453203694,-0.0015339873328703,-0.0720974046449058,0.589051135822209,-0.6059249964837827,-7.956121396351854,-0.0429516453203694,-0.0997091766365718,-0.0966412019708311,0.543031515836099,-0.6613994285726782,-8.392181362820754,-5.38,-1000.68,-398.12,-287.83,-562.21,0.0,-0.1918465913792167,0.1438849435344125,-0.3117507109912271,0.0,30,37,36,34,37,-7,-400,-107,-157,-212,12.6,12.3,12.4,12.3,12.3,-999,-999,-3.92,0.0,0.0,0.0
2.8328871726989746,-0.0429516453203694,-0.0030679746657406,-0.0705634173120354,0.5829151864907277,-0.6074589838166531,-7.968734807675752,-0.0444856326532397,-0.1027771513023125,-0.0935732273050904,0.5384295538374879,-0.6613994285726782,-8.392181362820754,-8.07,-1014.13,-373.91,-263.62,-567.59,0.0,-0.1678657674568146,0.1438849435344125,-0.3117507109912271,0.0,30,37,36,34,37,0,-394,-107,-150,-212,12.6,12.6,12.4,12.5,12.2,-999,-999,-3.92,0.0,0.0,0.0
2.8498382568359375,-0.0429516453203694,-0.0061359493314813,-0.0674954426462947,0.5767792371592464,-0.6059249964837827,-7.956121396351854,-0.0444856326532397,-0.1058451259680531,-0.0905052526393498,0.5322936045060066,-0.6613994285726782,-8.392181362820754,-5.38,-909.22,-373.91,-269.0,-564.9,0.0,-0.1438849435344125,0.1438849435344125,-0.3117507109912271,0.0,30,37,36,34,37,-7,-394,-107,-150,-218,12.6,12.6,12.4,12.4,12.3,-999,-999,-3.92,0.0,0.0,0.0
2.866821289062501,-0.0429516453203694,-0.0107379113300923,-0.0659614553134244,0.570643287827765,-0.6074589838166531,-7.968734807675752,-0.0444856326532397,-0.1058451259680531,-0.0905052526393498,0.5322936045060066,-0.6613994285726782,-8.392181362820754,-10.76,-938.81,-368.53,-303.97,-564.9,0.0,-0.1678657674568146,0.1438849435344125,-0.3357315349136292,0.0,30,37,36,33,37,-7,-388,-100,-169,-212,12.6,12.6,12.5,12.4,12.3,-999,-999,-3.92,0.0,0.0,0.0
2.884807825088502,-0.0429516453203694,-0.0153398733287033,-0.0628934806476837,0.566041325829154,-0.6074589838166531,-7.968734807675752,-0.0444856326532397,-0.1089131006337938,-0.0859032906407388,0.5230896805087846,-0.6613994285726782,-8.392181362820754,-8.07,-876.9399999999999,-357.77,-287.83,-564.9,0.0,-0.1678657674568146,0.1438849435344125,-0.3357315349136292,0.0,30,37,36,33,36,-7,-375,-107,-150,-212,12.7,12.6,12.5,12.4,12.3,-999,-999,-3.92,0.0,0.0,0.0
2.901827335357666,-0.0429516453203694,-0.018407847994444,-0.0613594933148134,0.5583713891648023,-0.6074589838166531,-7.968734807675752,-0.0444856326532397,-0.1089131006337938,-0.0859032906407388,0.5230896805087846,-0.6613994285726782,-8.392181362820754,0.0,-909.22,-336.25,-306.66,-570.28,0.0,-0.1918465913792167,0.1199041196120104,-0.3357315349136292,0.0,30,37,36,33,36,-7,-369,-107,-169,-212,12.7,12.6,12.5,12.3,12.2,-999,-999,-3.92,0.0,0.0,0.0
2.918790102005005,-0.0429516453203694,-0.0214758226601847,-0.0582915186490727,0.5537694271661913,-0.6074589838166531,-7.968734807675752,-0.04601961998611,-0.1104470879666641,-0.0859032906407388,0.5169537311773033,-0.6613994285726782,-8.392181362820754,16.14,-871.56,-368.53,-285.14,-567.59,0.0,-0.2158274153016187,0.1199041196120104,-0.3117507109912271,0.0,30,37,36,33,36,-7,-363,-113,-144,-218,12.7,12.6,12.5,12.4,12.4,-999,-999,-3.92,0.0,0.0,0.0
2.935824394226074,-0.0444856326532397,-0.0245437973259253,-0.0582915186490727,0.54763347783471,-0.6074589838166531,-7.968734807675752,-0.04601961998611,-0.1135150626324048,-0.0828353159749981,0.5077498071800812,-0.6613994285726782,-8.392181362820754,0.0,-917.29,-352.39,-266.31,-567.59,0.0,-0.1918465913792167,0.1199041196120104,-0.287769887068825,0.0,30,37,36,33,37,-7,-357,-113,-138,-212,12.7,12.6,12.4,12.3,12.3,-999,-999,-3.92,0.0,0.0,0.0
2.9527628421783447,-0.0444856326532397,-0.0260777846587957,-0.055223543983332,0.543031515836099,-0.6074589838166531,-7.968734807675752,-0.04601961998611,-0.1135150626324048,-0.0828353159749981,0.5077498071800812,-0.6613994285726782,-8.392181362820754,-5.38,-874.25,-347.01,-274.38,-567.59,0.0,-0.1678657674568146,0.0959232956896083,-0.287769887068825,0.0,30,37,36,33,38,-7,-357,-113,-138,-212,12.7,12.6,12.5,12.4,12.3,-999,-999,-3.92,0.0,0.0,0.0
2.96978497505188,-0.0444856326532397,-0.0306797466574067,-0.0536895566504617,0.5384295538374879,-0.6059249964837827,-7.956121396351854,-0.0475536073189804,-0.1150490499652752,-0.0813013286421278,0.5031478451814702,-0.6613994285726782,-8.392181362820754,5.38,-769.34,-344.32,-277.07,-564.9,0.0,-0.1678657674568146,0.0959232956896083,-0.287769887068825,0.0,30,37,37,33,37,-7,-344,-107,-138,-218,12.7,12.6,12.5,12.4,12.4,-999,-999,-3.92,0.0,0.0,0.0
2.986865282058716,-0.04601961998611,-0.0337477213231473,-0.0536895566504617,0.533827591838877,-0.6059249964837827,-7.956121396351854,-0.0490875946518507,-0.1196510119638862,-0.0797673413092574,0.4954779085171185,-0.6613994285726782,-8.392181362820754,0.0,-847.35,-357.77,-269.0,-567.59,-0.023980823922402,-0.1678657674568146,0.0719424717672062,-0.287769887068825,0.0,30,38,37,33,37,-7,-344,-107,-132,-212,12.7,12.6,12.5,12.5,12.2,-999,-999,-3.92,0.0,0.0,0.0
3.003774404525757,-0.04601961998611,-0.0352817086560177,-0.050621581984721,0.5307596171731362,-0.6059249964837827,-7.956121396351854,-0.0490875946518507,-0.1196510119638862,-0.0797673413092574,0.4954779085171185,-0.6613994285726782,-8.392181362820754,-8.07,-855.42,-368.53,-336.25,-564.9,-0.023980823922402,-0.1678657674568146,0.0719424717672062,-0.263789063146423,0.0,30,37,37,33,37,-7,-344,-119,-157,-212,12.7,12.6,12.4,12.4,12.3,-999,-999,-3.92,0.0,0.0,0.0
3.020812511444092,-0.04601961998611,-0.0383496833217584,-0.0475536073189804,0.5261576551745253,-0.6074589838166531,-7.968734807675752,-0.0490875946518507,-0.1227189866296268,-0.0766993666435168,0.4878079718527668,-0.6613994285726782,-8.392181362820754,-10.76,-831.21,-368.53,-325.49,-567.59,-0.023980823922402,-0.1678657674568146,0.0719424717672062,-0.2398082392240208,0.0,30,37,37,33,37,-7,-338,-113,-138,-212,12.7,12.6,12.5,12.4,12.3,-999,-999,-3.92,0.0,0.0,0.0
3.0379011631011963,-0.04601961998611,-0.0398836706546287,-0.04601961998611,0.5246236678416549,-0.6074589838166531,-7.968734807675752,-0.0490875946518507,-0.1242529739624972,-0.0766993666435168,0.4847399971870262,-0.6613994285726782,-8.392181362820754,-10.76,-887.6999999999999,-363.15,-325.49,-562.21,0.0,-0.1438849435344125,0.0719424717672062,-0.2158274153016187,0.0,30,37,37,34,37,-7,-338,-119,-138,-212,12.7,12.6,12.5,12.4,12.3,-999,-999,-3.92,0.0,0.0,0.0
3.0547924041748047,-0.04601961998611,-0.0398836706546287,-0.0444856326532397,0.5184877185101736,-0.6074589838166531,-7.968734807675752,-0.0490875946518507,-0.1242529739624972,-0.0766993666435168,0.4847399971870262,-0.6613994285726782,-8.392181362820754,-10.76,-911.91,-400.81,-301.28,-567.59,0.0,-0.1199041196120104,0.0719424717672062,-0.2158274153016187,0.0,30,37,36,34,37,-7,-344,-125,-138,-212,12.7,12.5,12.5,12.4,12.4,-999,-999,-3.92,0.0,0.0,0.0
3.0717780590057373,-0.04601961998611,-0.0398836706546287,-0.0444856326532397,0.5138857565115625,-0.6074589838166531,-7.968734807675752,-0.0490875946518507,-0.1242529739624972,-0.0766993666435168,0.4816720225212855,-0.6613994285726782,-8.392181362820754,-10.76,-909.22,-355.08,-295.9,-562.21,0.0,-0.0719424717672062,0.0719424717672062,-0.2158274153016187,0.0,30,37,36,34,37,-7,-344,-125,-132,-212,12.6,12.6,12.5,12.1,12.3,-999,-999,-3.92,0.0,0.0,0.0
3.088796615600586,-0.04601961998611,-0.0398836706546287,-0.0444856326532397,0.5108177818458219,-0.6074589838166531,-7.968734807675752,-0.0490875946518507,-0.1273209486282379,-0.0751653793106464,0.4755360731898042,-0.6613994285726782,-8.392181362820754,-10.76,-914.6,-349.7,-293.21,-567.59,0.0,-0.0479616478448041,0.0719424717672062,-0.2158274153016187,0.0,30,37,36,34,37,-7,-344,-125,-132,-218,12.6,12.6,12.5,12.3,12.3,-999,-999,-3.92,0.0,0.0,0.0
3.1058201789855957,-0.04601961998611,-0.0398836706546287,-0.0444856326532397,0.5062158198472109,-0.6074589838166531,-7.968734807675752,-0.0490875946518507,-0.1273209486282379,-0.0766993666435168,0.4740020858569338,-0.6613994285726782,-8.392181362820754,-10.76,-946.88,-330.87,-290.52,-564.9,0.0,0.0,0.0479616478448041,-0.2158274153016187,0.0,30,37,37,34,37,-7,-357,-119,-125,-212,12.7,12.6,12.0,12.4,12.2,-999,-999,-3.92,0.0,0.0,0.0
3.1237967014312744,-0.04601961998611,-0.0398836706546287,-0.0444856326532397,0.5031478451814702,-0.6074589838166531,-7.968734807675752,-0.0490875946518507,-0.1273209486282379,-0.0766993666435168,0.4709341111911931,-0.6613994285726782,-8.392181362820754,-10.76,-949.57,-349.7,-290.52,-562.21,0.0,0.0,0.0,-0.2158274153016187,0.0,31,37,37,34,37,-7,-357,-125,-119,-218,12.7,12.6,12.4,12.3,12.3,-999,-999,-3.92,0.0,0.0,0.0
3.1407687664031982,-0.04601961998611,-0.0398836706546287,-0.0444856326532397,0.5016138578485999,-0.6074589838166531,-7.968734807675752,-0.0490875946518507,-0.1273209486282379,-0.0766993666435168,0.4709341111911931,-0.6613994285726782,-8.392181362820754,-10.76,-949.57,-349.7,-306.66,-564.9,0.0,0.0,0.0,-0.1918465913792167,0.0,31,37,37,34,37,-7,-357,-125,-125,-212,12.7,12.6,12.5,12.3,12.3,-999,-999,-3.92,0.0,0.0,0.0
3.1578307151794434,-0.04601961998611,-0.0398836706546287,-0.0444856326532397,0.4985458831828592,-0.6074589838166531,-7.968734807675752,-0.0490875946518507,-0.1288549359611082,-0.0766993666435168,0.4632641745268415,-0.6613994285726782,-8.392181362820754,-8.07,-949.57,-333.56,-328.18,-564.9,0.0,0.0,0.0,-0.1678657674568146,0.0,31,37,37,34,37,-7,-357,-119,-125,-212,12.7,12.6,12.5,12.4,12.3,-999,-999,-3.92,0.0,0.0,0.0
3.174778699874878,-0.0475536073189804,-0.0398836706546287,-0.0444856326532397,0.4954779085171185,-0.6074589838166531,-7.968734807675752,-0.0490875946518507,-0.1288549359611082,-0.0766993666435168,0.4632641745268415,-0.6613994285726782,-8.392181362820754,-8.07,-963.02,-352.39,-336.25,-567.59,0.0,0.0,0.0,-0.1678657674568146,0.0,31,37,37,34,37,-7,-363,-125,-132,-212,12.7,12.4,12.5,12.4,12.3,-999,-999,-3.92,0.0,0.0,0.0
3.1918296813964844,-0.04601961998611,-0.0398836706546287,-0.0444856326532397,0.4924099338513779,-0.6059249964837827,-7.956121396351854,-0.0490875946518507,-0.1288549359611082,-0.0766993666435168,0.4555942378624898,-0.6613994285726782,-8.392181362820754,-8.07,-963.02,-330.87,-320.11,-567.59,0.0,0.0,0.0,-0.1438849435344125,0.0,31,37,37,34,37,0,-363,-119,-132,-218,12.6,12.6,12.5,12.4,12.2,-999,-999,-3.92,0.0,0.0,0.0
3.208805561065674,-0.0475536073189804,-0.0398836706546287,-0.0429516453203694,0.4908759465185075,-0.6074589838166531,-7.968734807675752,-0.0490875946518507,-0.1288549359611082,-0.0766993666435168,0.4509922758638788,-0.6613994285726782,-8.392181362820754,-8.07,-963.02,-360.46,-363.15,-559.52,0.0,0.0,0.0,-0.1438849435344125,0.0,31,37,36,34,36,-7,-363,-125,-163,-212,12.7,12.6,12.4,12.4,12.2,-999,-999,-3.92,0.0,0.0,0.0
3.225796699523926,-0.0475536073189804,-0.0398836706546287,-0.0444856326532397,0.4862739845198965,-0.6059249964837827,-7.956121396351854,-0.0490875946518507,-0.1288549359611082,-0.0766993666435168,0.4509922758638788,-0.6613994285726782,-8.392181362820754,-8.07,-963.02,-355.08,-357.77,-562.21,0.0,0.0,0.0,-0.1438849435344125,0.0,31,37,36,34,36,-7,-363,-125,-144,-212,12.6,12.6,12.4,12.4,12.3,-999,-999,-3.92,0.0,0.0,0.0
3.242802381515503,-0.0475536073189804,-0.0398836706546287,-0.0444856326532397,0.4832060098541558,-0.6074589838166531,-7.968734807675752,-0.0490875946518507,-0.1288549359611082,-0.0766993666435168,0.4387203772009161,-0.6613994285726782,-8.392181362820754,-10.76,-963.02,-328.18,-349.7,-564.9,0.0,0.0,0.0,-0.1678657674568146,0.0,31,37,36,34,37,0,-363,-119,-169,-212,12.7,12.5,12.4,12.3,12.2,-999,-999,-3.92,0.0,0.0,0.0
3.2598061561584473,-0.0475536073189804,-0.0398836706546287,-0.0429516453203694,0.4786040478555448,-0.6059249964837827,-7.956121396351854,-0.0490875946518507,-0.1288549359611082,-0.0751653793106464,0.4341184152023051,-0.6613994285726782,-8.392181362820754,-8.07,-963.02,-349.7,-368.53,-564.9,0.0,0.0,0.0,-0.1678657674568146,0.0,31,37,36,34,37,0,-363,-125,-182,-212,12.7,12.5,12.5,12.3,12.3,-999,-999,-3.92,0.0,0.0,0.0
3.276763677597046,-0.04601961998611,-0.0398836706546287,-0.0444856326532397,0.4740020858569338,-0.6074589838166531,-7.968734807675752,-0.0490875946518507,-0.1288549359611082,-0.0751653793106464,0.4341184152023051,-0.6613994285726782,-8.392181362820754,-10.76,-963.02,-338.94,-317.42,-559.52,0.0,0.0,0.0,-0.1918465913792167,0.0,31,37,36,34,37,-7,-363,-119,-163,-212,12.7,12.5,12.5,12.3,12.3,-999,-999,-3.92,0.0,0.0,0.0
3.2937817573547363,-0.0475536073189804,-0.0398836706546287,-0.0444856326532397,0.4678661365254525,-0.6059249964837827,-7.956121396351854,-0.0490875946518507,-0.1288549359611082,-0.0751653793106464,0.4264484785379534,-0.6613994285726782,-8.392181362820754,-10.76,-963.02,-314.73,-320.11,-559.52,0.0,0.0,0.0,-0.2158274153016187,0.0,31,37,37,34,37,0,-363,-113,-182,-212,12.6,12.6,12.5,12.3,12.3,-999,-999,-3.92,0.0,0.0,0.0
3.310755491256714,-0.04601961998611,-0.0398836706546287,-0.0444856326532397,0.4617301871939711,-0.6074589838166531,-7.968734807675752,-0.0490875946518507,-0.1288549359611082,-0.0751653793106464,0.420312529206472,-0.6613994285726782,-8.392181362820754,-8.07,-960.33,-320.11,-301.28,-570.28,0.0,0.0,0.0,-0.263789063146423,0.0,31,37,37,33,37,0,-363,-113,-157,-212,12.7,12.6,12.5,12.3,12.3,-999,-999,-3.92,0.0,0.0,0.0
3.3277909755706787,-0.04601961998611,-0.0398836706546287,-0.0444856326532397,0.4555942378624898,-0.6074589838166531,-7.968734807675752,-0.0490875946518507,-0.1288549359611082,-0.0766993666435168,0.415710567207861,-0.6613994285726782,-8.392181362820754,-10.76,-963.02,-349.7,-312.04,-562.21,0.0,0.0,0.0,-0.287769887068825,0.0,31,37,37,33,37,-7,-363,-125,-163,-212,12.7,12.6,12.4,12.4,12.3,-999,-999,-3.92,0.0,0.0,0.0
3.3448140621185303,-0.0475536073189804,-0.0398836706546287,-0.0444856326532397,0.4494582885310084,-0.6074589838166531,-7.968734807675752,-0.0521555693175914,-0.1303889232939785,-0.0766993666435168,0.4034386685448983,-0.6613994285726782,-8.392181362820754,0.0,-957.64,-357.77,-303.97,-562.21,0.0,0.0,0.0,-0.3357315349136292,0.0,31,37,37,33,37,-7,-363,-125,-157,-212,12.7,12.6,12.4,12.3,12.3,-999,-999,-3.92,0.0,0.0,0.0
3.3618788719177246,-0.0475536073189804,-0.0398836706546287,-0.0429516453203694,0.4433223391995271,-0.6074589838166531,-7.968734807675752,-0.0521555693175914,-0.1303889232939785,-0.0766993666435168,0.3988367065462873,-0.6613994285726782,-8.392181362820754,13.45,-976.47,-357.77,-301.28,-562.21,0.0,0.0,0.0,-0.3357315349136292,0.0,31,37,37,33,37,-13,-369,-132,-157,-212,12.6,12.6,12.4,12.4,12.3,-999,-999,-3.92,0.0,0.0,0.0
3.3788487911224365,-0.0475536073189804,-0.0398836706546287,-0.0429516453203694,0.4387203772009161,-0.6074589838166531,-7.968734807675752,-0.0536895566504617,-0.1303889232939785,-0.0766993666435168,0.3942347445476764,-0.6613994285726782,-8.392181362820754,-5.38,-973.78,-357.77,-344.32,-564.9,0.0,0.0,0.0,-0.3357315349136292,0.0,31,37,37,34,37,-7,-369,-125,-182,-218,12.6,12.5,12.6,12.3,12.3,-999,-999,-3.92,0.0,0.0,0.0
3.3958582878112793,-0.050621581984721,-0.0398836706546287,-0.0429516453203694,0.4325844278694347,-0.6074589838166531,-7.968734807675752,-0.055223543983332,-0.1303889232939785,-0.0766993666435168,0.388098795216195,-0.6613994285726782,-8.392181362820754,2.69,-973.78,-352.39,-293.21,-564.9,0.0,0.0,0.0,-0.3357315349136292,0.0,31,37,37,34,37,-13,-369,-132,-157,-212,12.6,12.6,12.4,12.3,12.3,-999,-999,-3.92,0.0,0.0,0.0
3.412888288497925,-0.050621581984721,-0.0398836706546287,-0.0444856326532397,0.4279824658708237,-0.6074589838166531,-7.968734807675752,-0.0567575313162024,-0.1303889232939785,-0.0766993666435168,0.383496833217584,-0.6613994285726782,-8.392181362820754,0.0,-973.78,-355.08,-309.35,-567.59,-0.023980823922402,0.0,0.0,-0.3357315349136292,0.0,31,37,37,34,37,-19,-369,-132,-150,-212,12.6,12.5,12.4,12.3,12.3,-999,-999,-3.92,0.0,0.0,0.0
3.429879665374756,-0.0521555693175914,-0.0398836706546287,-0.0444856326532397,0.420312529206472,-0.6074589838166531,-7.968734807675752,-0.0567575313162024,-0.1303889232939785,-0.0766993666435168,0.378894871218973,-0.6613994285726782,-8.392181362820754,-2.69,-973.78,-357.77,-312.04,-562.21,-0.023980823922402,0.0,0.0,-0.3357315349136292,0.0,31,37,37,34,37,-19,-369,-125,-176,-218,12.6,12.5,12.4,12.4,12.3,-999,-999,-3.92,0.0,0.0,0.0
3.4468495845794678,-0.0536895566504617,-0.0398836706546287,-0.0429516453203694,0.415710567207861,-0.6074589838166531,-7.968734807675752,-0.0567575313162024,-0.1303889232939785,-0.0766993666435168,0.3742929092203619,-0.6613994285726782,-8.392181362820754,10.76,-973.78,-355.08,-306.66,-564.9,-0.023980823922402,0.0,0.0,-0.3117507109912271,0.0,31,37,37,34,37,-13,-369,-125,-150,-218,12.7,12.6,12.5,12.4,12.3,-999,-999,-3.92,0.0,0.0,0.0
3.4637482166290283,-0.0536895566504617,-0.0398836706546287,-0.0444856326532397,0.4111086052092501,-0.6074589838166531,-7.968734807675752,-0.0567575313162024,-0.1303889232939785,-0.0766993666435168,0.3742929092203619,-0.6613994285726782,-8.392181362820754,37.66,-971.09,-352.39,-306.66,-562.21,-0.023980823922402,0.0,0.0,-0.3117507109912271,0.0,31,37,37,34,37,-13,-369,-125,-150,-212,12.7,12.5,12.5,12.3,12.2,-999,-999,-3.92,0.0,0.0,0.0
3.480764389038086,-0.055223543983332,-0.0398836706546287,-0.0444856326532397,0.406506643210639,-0.6074589838166531,-7.968734807675752,-0.0582915186490727,-0.1303889232939785,-0.0751653793106464,0.369690947221751,-0.6613994285726782,-8.392181362820754,32.28,-973.78,-325.49,-320.11,-559.52,-0.0479616478448041,0.0,0.0,-0.3117507109912271,0.0,31,37,37,34,37,-13,-369,-119,-150,-212,12.6,12.6,12.4,12.3,12.3,-999,-999,-3.92,0.0,0.0,0.0
3.497748613357544,-0.0567575313162024,-0.0398836706546287,-0.0444856326532397,0.401904681212028,-0.6074589838166531,-7.968734807675752,-0.0567575313162024,-0.1303889232939785,-0.0751653793106464,0.36508898522314,-0.6613994285726782,-8.392181362820754,5.38,-973.78,-317.42,-328.18,-567.59,-0.0479616478448041,0.0,0.0,-0.287769887068825,0.0,31,37,37,34,37,0,-369,-113,-150,-212,12.7,12.6,12.4,12.4,12.3,-999,-999,-3.92,0.0,0.0,0.0
3.5148444175720215,-0.0567575313162024,-0.0398836706546287,-0.0444856326532397,0.397302719213417,-0.6074589838166531,-7.968734807675752,-0.0567575313162024,-0.1334568979597192,-0.0766993666435168,0.3558850612259179,-0.6613994285726782,-8.392181362820754,-5.38,-989.92,-317.42,-349.7,-567.59,-0.0479616478448041,0.0,0.0,-0.263789063146423,0.0,31,37,37,34,37,0,-375,-119,-150,-218,12.6,12.6,12.5,12.3,12.2,-999,-999,-3.92,0.0,0.0,0.0
3.531768560409546,-0.0582915186490727,-0.0398836706546287,-0.0429516453203694,0.3942347445476764,-0.6074589838166531,-7.968734807675752,-0.0567575313162024,-0.1334568979597192,-0.0766993666435168,0.3558850612259179,-0.6613994285726782,-8.392181362820754,-5.38,-1003.37,-363.15,-365.84,-562.21,-0.0479616478448041,0.0,0.0,-0.263789063146423,0.0,30,37,37,34,37,0,-382,-125,-176,-212,12.7,12.5,12.5,12.4,12.3,-999,-999,-3.92,0.0,0.0,0.0
3.548879861831666,-0.0582915186490727,-0.0398836706546287,-0.0429516453203694,0.3896327825490653,-0.6074589838166531,-7.968734807675752,-0.055223543983332,-0.1380588599583302,-0.0766993666435168,0.3451471498958256,-0.6613994285726782,-8.392181362820754,-5.38,-1038.34,-336.25,-352.39,-562.21,-0.0479616478448041,0.0,0.0,-0.2398082392240208,0.0,30,37,37,34,37,6,-394,-119,-176,-212,12.6,12.5,12.5,12.3,12.2,-999,-999,-3.92,0.0,0.0,0.0
3.5659217834472656,-0.0582915186490727,-0.0398836706546287,-0.0429516453203694,0.383496833217584,-0.6074589838166531,-7.968734807675752,-0.055223543983332,-0.1395928472912005,-0.0766993666435168,0.3436131625629552,-0.6613994285726782,-8.392181362820754,18.83,-1035.65,-371.22,-325.49,-559.52,-0.023980823922402,0.0,0.0,-0.2398082392240208,0.0,30,37,36,33,37,12,-394,-132,-157,-212,12.6,12.5,12.5,12.4,12.3,-999,-999,-3.92,0.0,0.0,0.0
3.5829081535339355,-0.0582915186490727,-0.0398836706546287,-0.0444856326532397,0.378894871218973,-0.6074589838166531,-7.968734807675752,-0.0536895566504617,-0.1411268346240709,-0.0766993666435168,0.3405451878972146,-0.6613994285726782,-8.392181362820754,-8.07,-1067.93,-355.08,-298.59,-559.52,-0.023980823922402,0.0,0.0,-0.2398082392240208,0.0,30,37,36,33,37,12,-407,-125,-144,-212,12.6,12.6,12.4,12.4,12.3,-999,-999,-3.92,0.0,0.0,0.0
3.5998525619506836,-0.0598255059819431,-0.0398836706546287,-0.0444856326532397,0.3758268965532323,-0.6074589838166531,-7.968734807675752,-0.0536895566504617,-0.1411268346240709,-0.0766993666435168,0.3374772132314739,-0.6613994285726782,-8.392181362820754,37.66,-1081.38,-349.7,-322.8,-562.21,0.0,0.0,0.0,-0.2398082392240208,0.0,30,37,36,34,37,18,-413,-125,-138,-218,12.6,12.6,12.4,12.3,12.2,-999,-999,-3.92,0.0,0.0,0.0
3.6168622970581055,-0.0582915186490727,-0.0398836706546287,-0.0444856326532397,0.3727589218874916,-0.6074589838166531,-7.968734807675752,-0.0536895566504617,-0.1411268346240709,-0.0766993666435168,0.3328752512328629,-0.6613994285726782,-8.392181362820754,10.76,-1081.38,-355.08,-344.32,-564.9,0.0,0.0,0.0,-0.2398082392240208,0.0,30,37,37,34,37,18,-413,-125,-138,-218,12.6,12.6,12.5,12.3,12.3,-999,-999,-3.92,0.0,0.0,0.0
3.6338448524475098,-0.0582915186490727,-0.0398836706546287,-0.0444856326532397,0.369690947221751,-0.6074589838166531,-7.968734807675752,-0.0521555693175914,-0.1426608219569412,-0.0751653793106464,0.3298072765671222,-0.6613994285726782,-8.392181362820754,-18.83,-1081.38,-347.01,-363.15,-559.52,0.0,0.0,0.0,-0.2158274153016187,0.0,31,37,37,34,37,12,-413,-125,-163,-212,12.6,12.5,12.4,12.4,12.3,-999,-999,-3.92,0.0,0.0,0.0
3.6507675647735596,-0.0567575313162024,-0.041417657987499,-0.0444856326532397,0.3666229725560103,-0.6074589838166531,-7.968734807675752,-0.0521555693175914,-0.1426608219569412,-0.0751653793106464,0.3298072765671222,-0.6613994285726782,-8.392181362820754,16.14,-995.3,-336.25,-355.08,-559.52,0.0,0.0,0.0,-0.1918465913792167,0.0,31,37,37,34,37,18,-413,-125,-144,-218,12.6,12.6,12.5,12.3,12.3,-999,-999,-3.92,0.0,0.0,0.0
3.6697254180908203,-0.0567575313162024,-0.0444856326532397,-0.0444856326532397,0.3635549978902696,-0.6074589838166531,-7.968734807675752,-0.0490875946518507,-0.1441948092898116,-0.0766993666435168,0.3236713272356409,-0.6613994285726782,-8.392181362820754,34.97,-941.5,-352.39,-338.94,-562.21,0.0,-0.023980823922402,0.0,-0.1918465913792167,0.0,31,37,37,34,37,25,-407,-125,-138,-212,12.6,12.5,12.4,12.3,12.3,-999,-999,-3.92,0.0,0.0,0.0
3.686755895614624,-0.055223543983332,-0.0475536073189804,-0.0444856326532397,0.3604870232245289,-0.6074589838166531,-7.968734807675752,-0.0475536073189804,-0.1472627839555522,-0.0766993666435168,0.3206033525699002,-0.6613994285726782,-8.392181362820754,51.11,-938.81,-355.08,-363.15,-559.52,0.023980823922402,-0.0719424717672062,0.0,-0.1678657674568146,0.0,31,37,37,34,37,25,-394,-125,-144,-212,12.6,12.6,12.4,12.4,12.3,-999,-999,-3.92,0.0,0.0,0.0
3.7037861347198486,-0.0536895566504617,-0.0490875946518507,-0.0429516453203694,0.3574190485587883,-0.6074589838166531,-7.968734807675752,-0.0475536073189804,-0.1472627839555522,-0.0766993666435168,0.3206033525699002,-0.6613994285726782,-8.392181362820754,16.14,-1022.2,-357.77,-408.88,-564.9,0.023980823922402,-0.1199041196120104,0.0,-0.1678657674568146,0.0,31,37,37,34,37,18,-400,-132,-150,-212,12.6,12.5,12.5,12.3,12.2,-999,-999,-3.92,0.0,0.0,0.0
3.7208821773529053,-0.0521555693175914,-0.050621581984721,-0.0444856326532397,0.3558850612259179,-0.6059249964837827,-7.956121396351854,-0.0429516453203694,-0.1472627839555522,-0.0751653793106464,0.3144674032384189,-0.6613994285726782,-8.392181362820754,26.9,-1000.68,-357.77,-406.19,-562.21,0.0479616478448041,-0.1199041196120104,0.0,-0.1438849435344125,0.0,30,37,37,34,37,18,-394,-125,-150,-218,12.6,12.5,12.4,12.3,12.2,-999,-999,-3.92,0.0,0.0,0.0
3.7377169132232666,-0.050621581984721,-0.050621581984721,-0.0429516453203694,0.3528170865601773,-0.6074589838166531,-7.968734807675752,-0.0429516453203694,-0.1472627839555522,-0.0751653793106464,0.3144674032384189,-0.6613994285726782,-8.392181362820754,26.9,-1032.96,-336.25,-355.08,-562.21,0.0479616478448041,-0.0959232956896083,0.0,-0.1438849435344125,0.0,30,37,37,34,37,25,-394,-119,-150,-212,12.6,12.5,12.4,12.3,12.1,-999,-999,-3.92,0.0,0.0,0.0
3.7547476291656494,-0.04601961998611,-0.050621581984721,-0.0444856326532397,0.3497491118944366,-0.6074589838166531,-7.968734807675752,-0.0398836706546287,-0.1503307586212929,-0.0766993666435168,0.3083314539069375,-0.6613994285726782,-8.392181362820754,24.21,-1041.03,-360.46,-336.25,-559.52,0.0719424717672062,-0.0479616478448041,0.0,-0.1438849435344125,0.0,30,37,37,34,37,25,-394,-125,-150,-218,12.6,12.5,12.5,12.3,12.1,-999,-999,-3.92,0.0,0.0,0.0
3.7718217372894287,-0.0444856326532397,-0.050621581984721,-0.0444856326532397,0.3451471498958256,-0.6074589838166531,-7.968734807675752,-0.0398836706546287,-0.1518647459541632,-0.0766993666435168,0.3052634792411968,-0.6613994285726782,-8.392181362820754,18.83,-1041.03,-355.08,-312.04,-562.21,0.0719424717672062,-0.023980823922402,0.0,-0.1678657674568146,0.0,29,37,37,34,36,25,-400,-125,-144,-218,12.6,12.6,12.4,12.4,12.2,-999,-999,-3.92,0.0,0.0,0.0
3.7888388633728027,-0.0429516453203694,-0.050621581984721,-0.0444856326532397,0.3390112005643442,-0.6074589838166531,-7.968734807675752,-0.0383496833217584,-0.1503307586212929,-0.0766993666435168,0.3006615172425858,-0.6613994285726782,-8.392181362820754,5.38,-1113.66,-349.7,-314.73,-559.52,0.0959232956896083,0.0,0.0,-0.1918465913792167,0.0,30,37,37,34,36,12,-413,-125,-138,-212,12.6,12.5,12.4,12.3,12.1,-999,-999,-3.92,0.0,0.0,0.0
3.80576491355896,-0.0429516453203694,-0.0536895566504617,-0.0444856326532397,0.3344092385657332,-0.6059249964837827,-7.956121396351854,-0.0383496833217584,-0.1518647459541632,-0.0766993666435168,0.2975935425768451,-0.6613994285726782,-8.392181362820754,5.38,-930.74,-357.77,-309.35,-567.59,0.0959232956896083,-0.023980823922402,0.0,-0.2158274153016187,0.0,30,37,37,34,36,18,-394,-132,-138,-218,12.6,12.6,12.4,12.3,12.3,-999,-999,-3.92,0.0,0.0,0.0
3.8227288722991943,-0.041417657987499,-0.0582915186490727,-0.0429516453203694,0.3298072765671222,-0.6074589838166531,-7.968734807675752,-0.0383496833217584,-0.1518647459541632,-0.0766993666435168,0.2975935425768451,-0.6613994285726782,-8.392181362820754,2.69,-952.26,-352.39,-330.87,-564.9,0.0719424717672062,-0.0479616478448041,0.0,-0.2158274153016187,0.0,30,37,37,34,37,12,-388,-125,-138,-218,12.7,12.5,12.4,12.4,12.3,-999,-999,-3.92,0.0,0.0,0.0
3.839745283126831,-0.041417657987499,-0.0582915186490727,-0.0444856326532397,0.3282732892342519,-0.6074589838166531,-7.968734807675752,-0.0383496833217584,-0.1533987332870336,-0.0766993666435168,0.2929915805782341,-0.6613994285726782,-8.392181362820754,0.0,-989.92,-360.46,-336.25,-562.21,0.0719424717672062,-0.0719424717672062,0.0,-0.2158274153016187,0.0,30,37,37,34,37,12,-382,-132,-132,-212,12.8,12.5,12.5,12.3,12.3,-999,-999,-3.92,0.0,0.0,0.0
3.8587160110473633,-0.0398836706546287,-0.0582915186490727,-0.0429516453203694,0.3267393019013815,-0.6059249964837827,-7.956121396351854,-0.0383496833217584,-0.1533987332870336,-0.0766993666435168,0.2883896185796232,-0.6613994285726782,-8.392181362820754,-2.69,-1016.82,-355.08,-371.22,-562.21,0.0479616478448041,-0.0959232956896083,0.0,-0.1918465913792167,0.0,30,37,37,34,37,6,-388,-125,-138,-212,12.7,12.5,12.5,12.2,12.3,-999,-999,-3.92,0.0,0.0,0.0
3.87679386138916,-0.0383496833217584,-0.0582915186490727,-0.0429516453203694,0.3236713272356409,-0.6074589838166531,-7.968734807675752,-0.0383496833217584,-0.1549327206199039,-0.0766993666435168,0.2853216439138825,-0.6613994285726782,-8.392181362820754,-2.69,-1014.13,-355.08,-376.6,-562.21,0.0479616478448041,-0.0719424717672062,0.0,-0.1678657674568146,0.0,30,37,37,34,37,0,-388,-125,-144,-212,12.6,12.5,12.5,12.4,12.3,-999,-999,-3.92,0.0,0.0,0.0
3.8937995433807373,-0.0383496833217584,-0.0582915186490727,-0.0444856326532397,0.3190693652370299,-0.6059249964837827,-7.956121396351854,-0.0383496833217584,-0.1564667079527743,-0.0766993666435168,0.2807196819152714,-0.6613994285726782,-8.392181362820754,-2.69,-1027.58,-357.77,-325.49,-562.21,0.0479616478448041,-0.023980823922402,0.0,-0.1438849435344125,0.0,30,37,37,34,37,0,-394,-132,-144,-212,12.7,12.6,12.5,12.3,12.2,-999,-999,-3.92,0.0,0.0,0.0
3.9107298851013184,-0.0383496833217584,-0.0598255059819431,-0.0429516453203694,0.3160013905712892,-0.6059249964837827,-7.956121396351854,-0.0383496833217584,-0.1564667079527743,-0.0766993666435168,0.2807196819152714,-0.6613994285726782,-8.392181362820754,-5.38,-1014.13,-365.84,-349.7,-564.9,0.023980823922402,0.0,0.0,-0.1438849435344125,0.0,30,37,37,34,37,0,-400,-125,-144,-212,12.6,12.5,12.4,12.3,12.3,-999,-999,-3.92,0.0,0.0,0.0
3.927828550338745,-0.036815695988888,-0.0598255059819431,-0.0444856326532397,0.3129334159055486,-0.6074589838166531,-7.968734807675752,-0.0383496833217584,-0.1580006952856446,-0.0766993666435168,0.2745837325837901,-0.6613994285726782,-8.392181362820754,-5.38,-1027.58,-357.77,-352.39,-564.9,0.023980823922402,0.0,0.0,-0.1678657674568146,0.0,30,37,37,33,35,-7,-394,-132,-144,-218,12.6,12.5,12.4,12.3,12.3,-999,-999,-3.92,0.0,0.0,0.0
3.9447474479675293,-0.036815695988888,-0.0598255059819431,-0.0444856326532397,0.3098654412398078,-0.6059249964837827,-7.956121396351854,-0.0383496833217584,-0.1580006952856446,-0.0766993666435168,0.2715157579180495,-0.6613994285726782,-8.392181362820754,-5.38,-1046.41,-352.39,-349.7,-562.21,0.023980823922402,0.0,0.0,-0.1678657674568146,0.0,30,37,37,33,36,-7,-400,-125,-144,-218,12.6,12.5,12.4,12.3,12.3,-999,-999,-3.92,0.0,0.0,0.0
3.9617841243743896,-0.036815695988888,-0.0598255059819431,-0.0444856326532397,0.3067974665740672,-0.6074589838166531,-7.968734807675752,-0.0383496833217584,-0.1595346826185149,-0.0766993666435168,0.2669137959194385,-0.6613994285726782,-8.392181362820754,-5.38,-1046.41,-360.46,-328.18,-562.21,0.0,0.0,0.0,-0.1918465913792167,0.0,30,38,37,33,36,0,-400,-125,-144,-218,12.6,12.5,12.4,12.2,12.2,-999,-999,-3.92,0.0,0.0,0.0
3.97873592376709,-0.0383496833217584,-0.0598255059819431,-0.0444856326532397,0.3021955045754562,-0.6074589838166531,-7.968734807675752,-0.0383496833217584,-0.1595346826185149,-0.0766993666435168,0.2669137959194385,-0.6613994285726782,-8.392181362820754,-5.38,-1065.24,-355.08,-325.49,-559.52,0.0,0.0,0.0,-0.1918465913792167,0.0,30,37,38,34,36,0,-407,-125,-144,-212,12.7,12.6,12.4,12.4,12.3,-999,-999,-3.92,0.0,0.0,0.0
3.9957213401794434,-0.0383496833217584,-0.0598255059819431,-0.0444856326532397,0.2975935425768451,-0.6074589838166531,-7.968734807675752,-0.0383496833217584,-0.1610686699513852,-0.0766993666435168,0.2638458212536978,-0.6613994285726782,-8.392181362820754,-2.69,-1081.38,-349.7,-317.42,-559.52,0.0,0.0,0.0,-0.1918465913792167,0.0,30,37,37,34,37,0,-413,-125,-138,-218,12.6,12.6,12.4,12.3,12.2,-999,-999,-3.92,0.0,0.0,0.0
4.0128185749053955,-0.0383496833217584,-0.0598255059819431,-0.0429516453203694,0.2945255679111045,-0.6074589838166531,-7.968734807675752,-0.0383496833217584,-0.1626026572842556,-0.0766993666435168,0.2561758845893461,-0.6613994285726782,-8.392181362820754,-5.38,-1078.69,-357.77,-338.94,-562.21,0.0,0.0,0.0,-0.2158274153016187,0.0,30,37,37,34,37,0,-413,-125,-144,-212,12.6,12.5,12.5,12.3,12.3,-999,-999,-3.92,0.0,0.0,0.0
4.031744956970215,-0.0383496833217584,-0.0598255059819431,-0.0444856326532397,0.2899236059124935,-0.6074589838166531,-7.968734807675752,-0.0383496833217584,-0.1626026572842556,-0.0766993666435168,0.2515739225907351,-0.6613994285726782,-8.392181362820754,-5.38,-1078.69,-357.77,-322.8,-559.52,0.0,0.0,0.0,-0.2158274153016187,0.0,30,37,37,33,37,0,-413,-132,-138,-212,12.6,12.6,12.4,12.0,12.2,-999,-999,-3.92,0.0,0.0,0.0
4.048846483230591,-0.0383496833217584,-0.0598255059819431,-0.0429516453203694,0.2868556312467528,-0.6074589838166531,-7.968734807675752,-0.0383496833217584,-0.1626026572842556,-0.0766993666435168,0.2454379732592537,-0.6613994285726782,-8.392181362820754,-5.38,-1078.69,-357.77,-341.63,-559.52,0.0,0.0,0.0,-0.2158274153016187,0.0,30,37,37,33,37,0,-413,-125,-144,-212,12.6,12.6,12.5,12.3,12.3,-999,-999,-3.92,0.0,0.0,0.0
4.066748857498169,-0.0383496833217584,-0.0598255059819431,-0.0444856326532397,0.2837876565810122,-0.6059249964837827,-7.956121396351854,-0.0383496833217584,-0.1641366446171259,-0.0751653793106464,0.2408360112606427,-0.6613994285726782,-8.392181362820754,-5.38,-1078.69,-368.53,-347.01,-559.52,0.0,0.0,0.0,-0.1918465913792167,0.0,30,37,37,33,37,0,-413,-132,-150,-212,12.6,12.5,12.5,12.3,12.3,-999,-999,-3.92,0.0,0.0,0.0
4.08375883102417,-0.0383496833217584,-0.0598255059819431,-0.0444856326532397,0.2807196819152714,-0.6074589838166531,-7.968734807675752,-0.0383496833217584,-0.1641366446171259,-0.0751653793106464,0.2408360112606427,-0.6613994285726782,-8.392181362820754,-5.38,-1110.97,-333.56,-363.15,-564.9,0.0,0.0,0.0,-0.1918465913792167,0.0,30,37,37,33,37,0,-425,-125,-150,-218,12.6,12.5,12.5,12.3,12.3,-999,-999,-3.92,0.0,0.0,0.0
4.100740194320679,-0.0383496833217584,-0.0613594933148134,-0.0444856326532397,0.2761177199166604,-0.6059249964837827,-7.956121396351854,-0.0383496833217584,-0.1641366446171259,-0.0751653793106464,0.2316320872634207,-0.6613994285726782,-8.392181362820754,-5.38,-1108.28,-320.11,-373.91,-564.9,0.0,0.0,0.0,-0.1918465913792167,0.0,30,37,37,33,37,0,-425,-119,-176,-218,12.6,12.1,12.4,12.3,12.2,-999,-999,-3.92,0.0,0.0,0.0
4.117791175842285,-0.0383496833217584,-0.0598255059819431,-0.0444856326532397,0.2715157579180495,-0.6074589838166531,-7.968734807675752,-0.036815695988888,-0.1641366446171259,-0.0766993666435168,0.223962150599069,-0.6613994285726782,-8.392181362820754,-5.38,-1108.28,-320.11,-376.6,-559.52,0.0,0.0,0.0,-0.1918465913792167,0.0,30,37,37,33,37,0,-425,-113,-182,-212,12.6,12.5,12.5,12.5,12.1,-999,-999,-3.92,0.0,0.0,0.0
4.134777545928955,-0.0383496833217584,-0.0598255059819431,-0.0444856326532397,0.2669137959194385,-0.6074589838166531,-7.968734807675752,-0.0383496833217584,-0.1641366446171259,-0.0751653793106464,0.219360188600458,-0.6613994285726782,-8.392181362820754,-5.38,-1105.59,-360.46,-363.15,-556.83,0.0,0.0,0.0,-0.2158274153016187,0.0,30,37,37,33,37,6,-425,-132,-157,-212,12.6,12.6,12.4,12.2,12.3,-999,-999,-3.92,0.0,0.0,0.0
4.151810169219971,-0.0383496833217584,-0.0598255059819431,-0.0444856326532397,0.2638458212536978,-0.6074589838166531,-7.968734807675752,-0.0383496833217584,-0.1656706319499963,-0.0751653793106464,0.2132242392689767,-0.6613994285726782,-8.392181362820754,-5.38,-1105.59,-338.94,-338.94,-556.83,0.0,0.0,0.0,-0.2158274153016187,0.0,31,37,37,33,37,0,-425,-125,-163,-212,12.6,12.6,12.4,12.3,12.3,-999,-999,-3.92,0.0,0.0,0.0
4.168811082839966,-0.0383496833217584,-0.0598255059819431,-0.0429516453203694,0.2577098719222164,-0.6074589838166531,-7.968734807675752,-0.0383496833217584,-0.1641366446171259,-0.0766993666435168,0.2070882899374953,-0.6613994285726782,-8.392181362820754,-5.38,-1124.42,-320.11,-357.77,-562.21,0.0,0.0,0.0,-0.2398082392240208,0.0,31,37,37,33,37,0,-432,-113,-188,-212,12.6,12.5,12.4,12.2,12.2,-999,-999,-3.92,0.0,0.0,0.0
4.185810089111328,-0.0383496833217584,-0.0598255059819431,-0.0444856326532397,0.2515739225907351,-0.6074589838166531,-7.968734807675752,-0.036815695988888,-0.1641366446171259,-0.0751653793106464,0.200952340606014,-0.6613994285726782,-8.392181362820754,-5.38,-1105.59,-365.84,-338.94,-559.52,0.0,0.0,0.0,-0.263789063146423,0.0,31,37,37,33,37,0,-425,-125,-169,-212,12.6,12.5,12.5,12.3,12.2,-999,-999,-3.92,0.0,0.0,0.0
4.202792406082153,-0.0383496833217584,-0.0598255059819431,-0.0444856326532397,0.2439039859263834,-0.6074589838166531,-7.968734807675752,-0.036815695988888,-0.1641366446171259,-0.0751653793106464,0.200952340606014,-0.6613994285726782,-8.392181362820754,-5.38,-1097.52,-336.25,-341.63,-559.52,0.0,0.0,0.0,-0.287769887068825,0.0,31,37,37,33,37,6,-425,-119,-169,-212,12.6,12.5,12.4,12.3,12.1,-999,-999,-3.92,0.0,0.0,0.0
4.219712972640991,-0.0383496833217584,-0.0598255059819431,-0.0429516453203694,0.2393020239277724,-0.6074589838166531,-7.968734807675752,-0.0383496833217584,-0.1641366446171259,-0.0751653793106464,0.1948163912745326,-0.6613994285726782,-8.392181362820754,-5.38,-1102.9,-322.8,-392.74,-562.21,0.0,0.0,0.0,-0.3117507109912271,0.0,31,37,37,33,37,0,-425,-119,-194,-212,12.6,12.5,12.4,12.3,12.2,-999,-999,-3.92,0.0,0.0,0.0
4.236703395843506,-0.0383496833217584,-0.0598255059819431,-0.0429516453203694,0.233166074596291,-0.6074589838166531,-7.968734807675752,-0.0383496833217584,-0.1641366446171259,-0.0751653793106464,0.1902144292759216,-0.6613994285726782,-8.392181362820754,-5.38,-1100.21,-320.11,-360.46,-562.21,0.0,0.0,0.0,-0.3117507109912271,0.0,31,37,37,33,37,0,-425,-113,-175,-212,12.6,12.6,12.4,12.3,12.2,-999,-999,-3.92,0.0,0.0,0.0
4.253810882568359,-0.0383496833217584,-0.0598255059819431,-0.0444856326532397,0.22856411259768,-0.6074589838166531,-7.968734807675752,-0.0383496833217584,-0.1641366446171259,-0.0736313919777761,0.1794765179458293,-0.6613994285726782,-8.392181362820754,-5.38,-1102.9,-317.42,-357.77,-564.9,0.0,0.0,0.0,-0.3117507109912271,0.0,31,37,37,34,37,0,-425,-113,-169,-218,12.6,12.6,12.5,12.3,12.3,-999,-999,-3.92,0.0,0.0,0.0
4.271739482879639,-0.0383496833217584,-0.0598255059819431,-0.0429516453203694,0.2208941759333283,-0.6074589838166531,-7.968734807675752,-0.036815695988888,-0.1641366446171259,-0.0736313919777761,0.1748745559472183,-0.6613994285726782,-8.392181362820754,-5.38,-1102.9,-320.11,-352.39,-562.21,0.0,0.0,0.0,-0.3117507109912271,0.0,31,37,37,34,37,0,-425,-119,-175,-212,12.6,12.6,12.4,12.3,12.3,-999,-999,-3.92,0.0,0.0,0.0
4.288791656494141,-0.0383496833217584,-0.0598255059819431,-0.0429516453203694,0.2162922139347173,-0.6074589838166531,-7.968734807675752,-0.0383496833217584,-0.1641366446171259,-0.0736313919777761,0.1702725939486073,-0.6613994285726782,-8.392181362820754,-5.38,-1102.9,-322.8,-347.01,-556.83,0.0,0.0,0.0,-0.3117507109912271,0.0,31,37,37,34,36,6,-425,-119,-169,-212,12.6,12.5,12.5,12.3,12.2,-999,-999,-3.92,0.0,0.0,0.0
4.305792570114136,-0.0383496833217584,-0.0598255059819431,-0.0429516453203694,0.210156264603236,-0.6074589838166531,-7.968734807675752,-0.0383496833217584,-0.1641366446171259,-0.0736313919777761,0.1672046192828666,-0.6613994285726782,-8.392181362820754,-5.38,-1100.21,-322.8,-333.56,-559.52,0.0,0.0,0.0,-0.3117507109912271,0.0,31,37,37,34,36,0,-425,-113,-163,-212,12.6,12.6,12.5,12.3,12.3,-999,-999,-3.92,0.0,0.0,0.0
4.32282280921936,-0.0383496833217584,-0.0613594933148134,-0.0429516453203694,0.205554302604625,-0.6074589838166531,-7.968734807675752,-0.0383496833217584,-0.1641366446171259,-0.0720974046449058,0.1626026572842556,-0.6613994285726782,-8.392181362820754,-5.38,-1102.9,-317.42,-347.01,-559.52,0.0,0.0,0.0,-0.3117507109912271,0.0,31,37,37,34,36,0,-419,-113,-157,-212,12.6,12.6,12.4,12.3,12.2,-999,-999,-3.92,0.0,0.0,0.0
4.339753866195679,-0.0383496833217584,-0.0613594933148134,-0.0429516453203694,0.200952340606014,-0.6074589838166531,-7.968734807675752,-0.0383496833217584,-0.1641366446171259,-0.0720974046449058,0.1626026572842556,-0.6613994285726782,-8.392181362820754,-5.38,-1100.21,-295.9,-336.25,-559.52,0.0,0.0,0.0,-0.3117507109912271,0.0,31,37,37,34,37,0,-425,-107,-157,-212,12.6,12.6,12.4,12.3,12.2,-999,-999,-3.92,0.0,0.0,0.0
4.356812477111816,-0.0383496833217584,-0.0598255059819431,-0.0429516453203694,0.196350378607403,-0.6074589838166531,-7.968734807675752,-0.0383496833217584,-0.1656706319499963,-0.0705634173120354,0.1549327206199039,-0.6613994285726782,-8.392181362820754,-5.38,-1100.21,-293.21,-347.01,-562.21,0.0,0.0,0.0,-0.3117507109912271,0.0,31,37,37,34,37,0,-425,-107,-157,-218,12.6,12.6,12.4,12.3,12.3,-999,-999,-3.92,0.0,0.0,0.0
4.373786211013794,-0.0383496833217584,-0.0598255059819431,-0.0429516453203694,0.191748416608792,-0.6074589838166531,-7.968734807675752,-0.0383496833217584,-0.1641366446171259,-0.0690294299791651,0.1503307586212929,-0.6613994285726782,-8.392181362820754,-5.38,-1119.04,-381.98,-325.49,-556.83,0.0,0.0,0.0,-0.287769887068825,0.0,31,37,36,34,37,0,-432,-107,-150,-212,12.6,12.6,12.4,12.3,12.3,-999,-999,-3.92,0.0,0.0,0.0
4.390737771987915,-0.0383496833217584,-0.0598255059819431,-0.041417657987499,0.1871464546101809,-0.6074589838166531,-7.968734807675752,-0.036815695988888,-0.1641366446171259,-0.0674954426462947,0.1472627839555522,-0.6613994285726782,-8.392181362820754,-5.38,-1105.59,-368.53,-325.49,-564.9,0.0,0.0,0.023980823922402,-0.263789063146423,0.0,31,37,36,34,34,0,-425,-113,-150,-212,12.6,12.6,12.4,12.3,12.2,-999,-999,-3.92,0.0,0.0,0.0
4.4077301025390625,-0.0383496833217584,-0.0598255059819431,-0.036815695988888,0.18254449261157,-0.6074589838166531,-7.968734807675752,-0.036815695988888,-0.1641366446171259,-0.0674954426462947,0.1472627839555522,-0.6613994285726782,-8.392181362820754,-5.38,-1094.83,-368.53,-306.66,-559.52,0.0,0.0,0.0479616478448041,-0.263789063146423,0.0,31,37,36,34,36,6,-425,-113,-144,-212,12.6,12.6,12.4,12.4,12.3,-999,-999,-3.92,0.0,0.0,0.0
4.424769878387451,-0.0383496833217584,-0.0598255059819431,-0.036815695988888,0.1779425306129589,-0.6074589838166531,-7.968734807675752,-0.0383496833217584,-0.1641366446171259,-0.0659614553134244,0.1426608219569412,-0.6613994285726782,-8.392181362820754,-5.38,-1094.83,-341.63,-293.21,-564.9,0.0,0.0,0.0719424717672062,-0.2398082392240208,0.0,31,37,36,34,37,0,-419,-119,-138,-218,12.6,12.5,12.4,12.3,12.1,-999,-999,-3.92,0.0,0.0,0.0
4.441740036010742,-0.0383496833217584,-0.0598255059819431,-0.036815695988888,0.1748745559472183,-0.6074589838166531,-7.968734807675752,-0.0383496833217584,-0.1641366446171259,-0.0659614553134244,0.1426608219569412,-0.6613994285726782,-8.392181362820754,-5.38,-1097.52,-322.8,-349.7,-562.21,0.0,0.0,0.0719424717672062,-0.2398082392240208,0.0,31,37,36,34,37,0,-425,-113,-132,-212,12.6,12.5,12.5,12.3,12.3,-999,-999,-3.92,0.0,0.0,0.0
4.4587156772613525,-0.0383496833217584,-0.0598255059819431,-0.036815695988888,0.1733405686143479,-0.6074589838166531,-7.968734807675752,-0.0383496833217584,-0.1641366446171259,-0.0659614553134244,0.1380588599583302,-0.6613994285726782,-8.392181362820754,-5.38,-1100.21,-325.49,-320.11,-559.52,0.0,0.0,0.0719424717672062,-0.2158274153016187,0.0,31,37,36,34,37,0,-425,-113,-138,-212,12.6,12.6,12.4,12.3,12.3,-999,-999,-3.92,0.0,0.0,0.0
4.4757232666015625,-0.0383496833217584,-0.0598255059819431,-0.036815695988888,0.1687386066157369,-0.6059249964837827,-7.956121396351854,-0.036815695988888,-0.1641366446171259,-0.0644274679805541,0.1303889232939785,-0.6613994285726782,-8.392181362820754,-5.38,-1100.21,-317.42,-317.42,-562.21,0.0,0.0,0.023980823922402,-0.2158274153016187,0.0,31,37,36,34,37,0,-425,-113,-138,-218,12.6,12.6,12.4,12.3,12.3,-999,-999,-3.92,0.0,0.0,0.0
4.492764234542847,-0.0383496833217584,-0.0598255059819431,-0.036815695988888,0.1656706319499963,-0.6074589838166531,-7.968734807675752,-0.0383496833217584,-0.1641366446171259,-0.0644274679805541,0.1257869612953675,-0.6613994285726782,-8.392181362820754,-5.38,-1100.21,-306.66,-365.84,-562.21,0.0,0.0,0.0,-0.1918465913792167,0.0,30,37,37,34,37,6,-425,-107,-144,-212,12.6,12.6,12.5,12.4,12.3,-999,-999,-3.92,0.0,0.0,0.0
4.5097270011901855,-0.0383496833217584,-0.0598255059819431,-0.036815695988888,0.1626026572842556,-0.6059249964837827,-7.956121396351854,-0.0383496833217584,-0.1641366446171259,-0.0644274679805541,0.1227189866296268,-0.6613994285726782,-8.392181362820754,-5.38,-1097.52,-322.8,-373.91,-559.52,0.0,0.0,0.0,-0.1678657674568146,0.0,30,37,37,34,37,0,-425,-107,-150,-212,12.6,12.5,12.4,12.3,12.1,-999,-999,-3.92,0.0,0.0,0.0
4.526743412017822,-0.0383496833217584,-0.0598255059819431,-0.0352817086560177,0.1580006952856446,-0.6059249964837827,-7.956121396351854,-0.0383496833217584,-0.1641366446171259,-0.0628934806476837,0.1181170246310158,-0.6613994285726782,-8.392181362820754,-5.38,-1097.52,-365.84,-341.63,-559.52,0.0,0.0,0.0,-0.1678657674568146,0.0,30,37,36,34,38,0,-425,-113,-150,-212,12.6,12.5,12.5,12.3,12.2,-999,-999,-3.92,0.0,0.0,0.0
4.543817520141602,-0.0383496833217584,-0.0598255059819431,-0.0352817086560177,0.1549327206199039,-0.6059249964837827,-7.956121396351854,-0.036815695988888,-0.1641366446171259,-0.0628934806476837,0.1135150626324048,-0.6613994285726782,-8.392181362820754,-5.38,-1097.52,-352.39,-392.74,-562.21,0.0,0.0,0.0,-0.1918465913792167,0.0,30,37,36,34,37,0,-425,-107,-157,-218,12.6,12.5,12.4,12.3,12.3,-999,-999,-3.92,0.0,0.0,0.0
4.560749530792236,-0.0383496833217584,-0.0598255059819431,-0.0352817086560177,0.1518647459541632,-0.6074589838166531,-7.968734807675752,-0.036815695988888,-0.1641366446171259,-0.0628934806476837,0.1135150626324048,-0.6613994285726782,-8.392181362820754,-5.38,-1097.52,-317.42,-390.05,-562.21,0.0,0.0,0.0,-0.1918465913792167,0.0,30,37,37,34,37,6,-425,-100,-157,-212,12.6,12.5,12.4,12.3,12.2,-999,-999,-3.92,0.0,0.0,0.0
4.577794551849365,-0.0383496833217584,-0.0598255059819431,-0.0352817086560177,0.1487967712884225,-0.6074589838166531,-7.968734807675752,-0.0383496833217584,-0.1641366446171259,-0.0628934806476837,0.1043111386351828,-0.6613994285726782,-8.392181362820754,-5.38,-1094.83,-320.11,-376.6,-562.21,0.0,0.0,0.0,-0.1918465913792167,0.0,30,37,37,34,37,0,-425,-94,-163,-212,12.6,12.5,12.4,12.3,12.3,-999,-999,-3.92,0.0,0.0,0.0
4.594678163528442,-0.0383496833217584,-0.0598255059819431,-0.0352817086560177,0.1441948092898116,-0.6074589838166531,-7.968734807675752,-0.0383496833217584,-0.1641366446171259,-0.0628934806476837,0.1043111386351828,-0.6613994285726782,-8.392181362820754,-5.38,-1097.52,-314.73,-365.84,-564.9,0.0,0.0,0.0,-0.1918465913792167,0.0,30,37,37,34,37,0,-425,-100,-163,-218,12.6,12.6,12.6,12.3,12.1,-999,-999,-3.92,0.0,0.0,0.0
4.611727237701415,-0.0383496833217584,-0.0598255059819431,-0.036815695988888,0.1395928472912005,-0.6074589838166531,-7.968734807675752,-0.0383496833217584,-0.1656706319499963,-0.0628934806476837,0.0981751893037015,-0.6613994285726782,-8.392181362820754,-2.69,-1113.66,-317.42,-355.08,-556.83,0.0,0.0,0.0,-0.2158274153016187,0.0,30,37,37,34,37,0,-432,-100,-163,-212,12.6,12.6,12.4,12.3,12.2,-999,-999,-3.92,0.0,0.0,0.0
4.62871527671814,-0.0383496833217584,-0.0598255059819431,-0.0352817086560177,0.1334568979597192,-0.6074589838166531,-7.968734807675752,-0.036815695988888,-0.1641366446171259,-0.0613594933148134,0.0935732273050904,-0.6613994285726782,-8.392181362820754,-2.69,-1097.52,-320.11,-336.25,-559.52,0.0,0.0,0.0,-0.2158274153016187,0.0,30,37,37,34,37,6,-425,-100,-163,-212,12.6,12.6,12.4,12.3,12.3,-999,-999,-3.92,0.0,0.0,0.0
4.645661354064941,-0.0383496833217584,-0.0598255059819431,-0.036815695988888,0.1288549359611082,-0.6074589838166531,-7.968734807675752,-0.0383496833217584,-0.1656706319499963,-0.0628934806476837,0.0905052526393498,-0.6613994285726782,-8.392181362820754,-2.69,-1113.66,-320.11,-301.28,-559.52,0.0,0.0,0.0,-0.263789063146423,0.0,30,37,37,34,37,0,-432,-100,-157,-212,12.6,12.5,12.4,12.3,12.1,-999,-999,-3.92,0.0,0.0,0.0
4.662648439407349,-0.0383496833217584,-0.0598255059819431,-0.0352817086560177,0.1242529739624972,-0.6074589838166531,-7.968734807675752,-0.0383496833217584,-0.1656706319499963,-0.0613594933148134,0.0859032906407388,-0.6613994285726782,-8.392181362820754,-2.69,-1113.66,-314.73,-328.18,-559.52,0.0,0.0,0.0,-0.263789063146423,0.0,30,37,37,34,37,0,-432,-94,-157,-212,12.6,12.5,12.5,12.3,12.2,-999,-999,-3.92,0.0,0.0,0.0
4.679687499999999,-0.0383496833217584,-0.0598255059819431,-0.0352817086560177,0.1196510119638862,-0.6074589838166531,-7.968734807675752,-0.0383496833217584,-0.1656706319499963,-0.0613594933148134,0.0828353159749981,-0.6613994285726782,-8.392181362820754,-2.69,-1113.66,-317.42,-330.87,-559.52,0.0,0.0,0.0,-0.287769887068825,0.0,30,37,37,34,37,0,-432,-100,-150,-212,12.6,12.6,12.5,12.3,12.3,-999,-999,-3.92,0.0,0.0,0.0
4.696667909622192,-0.0383496833217584,-0.0598255059819431,-0.0352817086560177,0.1150490499652752,-0.6059249964837827,-7.956121396351854,-0.0383496833217584,-0.1656706319499963,-0.0613594933148134,0.0797673413092574,-0.6613994285726782,-8.392181362820754,-2.69,-1110.97,-322.8,-355.08,-562.21,0.0,0.0,0.0,-0.263789063146423,0.0,30,38,37,34,37,0,-432,-100,-150,-218,12.6,12.5,12.4,12.3,12.2,-999,-999,-3.92,0.0,0.0,0.0
4.713770389556885,-0.0398836706546287,-0.0598255059819431,-0.036815695988888,0.1119810752995345,-0.6074589838166531,-7.968734807675752,-0.036815695988888,-0.1656706319499963,-0.0613594933148134,0.0736313919777761,-0.6613994285726782,-8.392181362820754,-2.69,-1110.97,-314.73,-371.22,-559.52,0.0,0.0,0.0,-0.263789063146423,0.0,30,38,37,34,37,6,-432,-100,-144,-212,12.6,12.6,12.4,12.3,12.1,-999,-999,-3.92,0.0,0.0,0.0
4.730834007263184,-0.0383496833217584,-0.0598255059819431,-0.0352817086560177,0.1089131006337938,-0.6059249964837827,-7.956121396351854,-0.0383496833217584,-0.1656706319499963,-0.0613594933148134,0.0705634173120354,-0.6613994285726782,-8.392181362820754,-5.38,-1113.66,-312.04,-352.39,-562.21,0.0,0.0,0.0,-0.2158274153016187,0.0,30,37,37,34,36,6,-432,-94,-144,-212,12.6,12.5,12.5,12.3,12.2,-999,-999,-3.92,0.0,0.0,0.0
4.7486653327941895,-0.0383496833217584,-0.0598255059819431,-0.0352817086560177,0.1058451259680531,-0.6074589838166531,-7.968734807675752,-0.0383496833217584,-0.1656706319499963,-0.0613594933148134,0.0690294299791651,-0.6613994285726782,-8.392181362820754,0.0,-1110.97,-322.8,-341.63,-556.83,0.0,0.0,0.0,-0.1918465913792167,0.0,30,37,37,34,36,0,-432,-100,-144,-212,12.6,12.5,12.5,12.3,12.3,-999,-999,-3.92,0.0,0.0,0.0
4.765685081481934,-0.0383496833217584,-0.0598255059819431,-0.0352817086560177,0.1027771513023125,-0.6074589838166531,-7.968734807675752,-0.0383496833217584,-0.1656706319499963,-0.0613594933148134,0.0690294299791651,-0.6613994285726782,-8.392181362820754,0.0,-1110.97,-317.42,-349.7,-562.21,0.0,0.0,0.0,-0.1918465913792167,0.0,30,37,37,34,36,0,-432,-100,-144,-212,12.6,12.5,12.5,12.3,12.2,-999,-999,-3.92,0.0,0.0,0.0
4.782708644866943,-0.0383496833217584,-0.0598255059819431,-0.036815695988888,0.0997091766365718,-0.6074589838166531,-7.968734807675752,-0.0383496833217584,-0.1656706319499963,-0.0598255059819431,0.0659614553134244,-0.6613994285726782,-8.392181362820754,0.0,-1108.28,-287.83,-368.53,-559.52,0.0,0.0,0.0,-0.1678657674568146,0.0,30,37,37,34,36,0,-432,-94,-138,-212,12.6,12.5,12.4,12.4,12.3,-999,-999,-3.92,0.0,0.0,0.0
4.7996745109558105,-0.0383496833217584,-0.0598255059819431,-0.036815695988888,0.0966412019708311,-0.6074589838166531,-7.968734807675752,-0.0383496833217584,-0.1656706319499963,-0.0598255059819431,0.0644274679805541,-0.6613994285726782,-8.392181362820754,0.0,-1113.66,-295.9,-336.25,-559.52,0.0,0.0,0.0,-0.1678657674568146,0.0,30,37,37,34,37,0,-432,-94,-132,-212,12.6,12.6,12.5,12.4,12.3,-999,-999,-3.92,0.0,0.0,0.0
4.8167901039123535,-0.0383496833217584,-0.0598255059819431,-0.0352817086560177,0.0951072146379608,-0.6074589838166531,-7.968734807675752,-0.036815695988888,-0.1656706319499963,-0.0598255059819431,0.0613594933148134,-0.6613994285726782,-8.392181362820754,0.0,-1110.97,-298.59,-360.46,-559.52,0.0,0.0,0.0,-0.1678657674568146,0.0,30,37,37,34,37,6,-432,-88,-138,-212,12.6,12.5,12.5,12.4,12.3,-999,-999,-3.92,0.0,0.0,0.0
4.833770036697388,-0.0383496833217584,-0.0598255059819431,-0.0352817086560177,0.0920392399722201,-0.6074589838166531,-7.968734807675752,-0.036815695988888,-0.1656706319499963,-0.0598255059819431,0.0582915186490727,-0.6613994285726782,-8.392181362820754,-2.69,-1110.97,-263.62,-352.39,-559.52,0.0,0.0,0.0,-0.1438849435344125,0.0,30,37,37,34,37,6,-432,-94,-132,-212,12.6,12.0,12.5,12.4,12.3,-999,-999,-3.92,0.0,0.0,0.0
4.8507654666900635,-0.0383496833217584,-0.0598255059819431,-0.036815695988888,0.0905052526393498,-0.6059249964837827,-7.956121396351854,-0.036815695988888,-0.1656706319499963,-0.0613594933148134,0.0582915186490727,-0.6613994285726782,-8.392181362820754,-2.69,-1110.97,-260.93,-368.53,-562.21,0.0,0.0,0.0,-0.1199041196120104,0.0,30,37,37,33,37,6,-432,-88,-138,-218,12.6,12.5,12.5,12.4,12.2,-999,-999,-3.92,0.0,0.0,0.0
4.867805004119873,-0.0383496833217584,-0.0598255059819431,-0.0352817086560177,0.0889712653064794,-0.6074589838166531,-7.968734807675752,-0.036815695988888,-0.1656706319499963,-0.0598255059819431,0.055223543983332,-0.6613994285726782,-8.392181362820754,-5.38,-1110.97,-277.07,-338.94,-562.21,0.0,0.0,0.0,-0.1199041196120104,0.0,30,37,37,34,37,6,-432,-100,-125,-212,12.6,12.5,12.5,12.4,12.3,-999,-999,-3.92,0.0,0.0,0.0
4.884685516357422,-0.0383496833217584,-0.0613594933148134,-0.036815695988888,0.0874372779736091,-0.6074589838166531,-7.968734807675752,-0.036815695988888,-0.1656706319499963,-0.0598255059819431,0.055223543983332,-0.6613994285726782,-8.392181362820754,-5.38,-1108.28,-255.55,-368.53,-567.59,0.0,0.0,0.0,-0.1199041196120104,0.0,30,37,37,34,37,6,-432,-94,-132,-218,12.6,12.5,12.4,12.4,12.3,-999,-999,-3.92,0.0,0.0,0.0
4.901791572570801,-0.0383496833217584,-0.0598255059819431,-0.0352817086560177,0.0859032906407388,-0.6074589838166531,-7.968734807675752,-0.036815695988888,-0.1672046192828666,-0.0613594933148134,0.050621581984721,-0.6613994285726782,-8.392181362820754,0.0,-1110.97,-263.62,-344.32,-562.21,0.0,0.0,0.0,-0.0959232956896083,0.0,30,37,37,34,37,0,-432,-94,-132,-212,12.6,12.5,12.5,12.4,12.2,-999,-999,-3.92,0.0,0.0,0.0
4.9187469482421875,-0.0383496833217584,-0.0598255059819431,-0.0352817086560177,0.0843693033078684,-0.6059249964837827,-7.956121396351854,-0.036815695988888,-0.1672046192828666,-0.0598255059819431,0.0490875946518507,-0.6613994285726782,-8.392181362820754,0.0,-1121.73,-282.45,-373.91,-562.21,0.0,0.0,0.0,-0.0959232956896083,0.0,30,37,37,34,37,6,-438,-100,-138,-212,12.6,12.7,12.5,12.3,12.3,-999,-999,-3.92,0.0,0.0,0.0
4.935734510421753,-0.0383496833217584,-0.0598255059819431,-0.0352817086560177,0.0828353159749981,-0.6059249964837827,-7.956121396351854,-0.036815695988888,-0.1672046192828666,-0.0598255059819431,0.0490875946518507,-0.6613994285726782,-8.392181362820754,-5.38,-1124.42,-266.31,-387.36,-564.9,0.0,0.0,0.0,-0.0959232956896083,0.0,30,37,37,34,37,6,-438,-94,-132,-212,12.6,12.3,12.5,12.3,12.3,-999,-999,-3.92,0.0,0.0,0.0
4.952696084976196,-0.0383496833217584,-0.0598255059819431,-0.0352817086560177,0.0797673413092574,-0.6074589838166531,-7.968734807675752,-0.036815695988888,-0.1672046192828666,-0.0598255059819431,0.0475536073189804,-0.6613994285726782,-8.392181362820754,0.0,-1124.42,-258.24,-371.22,-567.59,0.0,0.0,0.0,-0.0959232956896083,0.0,30,38,37,34,37,6,-438,-94,-125,-218,12.6,12.5,12.5,12.2,12.3,-999,-999,-3.92,0.0,0.0,0.0
4.969776153564453,-0.0383496833217584,-0.0598255059819431,-0.0352817086560177,0.0797673413092574,-0.6074589838166531,-7.968734807675752,-0.036815695988888,-0.1687386066157369,-0.0613594933148134,0.041417657987499,-0.6613994285726782,-8.392181362820754,0.0,-1137.87,-277.07,-376.6,-559.52,0.0,0.0,0.0,-0.0959232956896083,0.0,30,38,37,34,37,6,-444,-100,-138,-212,12.5,12.5,12.5,12.3,12.3,-999,-999,-3.92,0.0,0.0,0.0
4.986642122268677,-0.0383496833217584,-0.0598255059819431,-0.0352817086560177,0.0766993666435168,-0.6074589838166531,-7.968734807675752,-0.036815695988888,-0.1687386066157369,-0.0613594933148134,0.041417657987499,-0.6613994285726782,-8.392181362820754,-2.69,-1135.18,-274.38,-371.22,-562.21,0.0,0.0,0.0,-0.0959232956896083,0.0,30,37,37,34,37,6,-444,-100,-144,-218,12.6,12.5,12.4,12.5,12.1,-999,-999,-3.92,0.0,0.0,0.0
5.003769874572754,-0.0383496833217584,-0.0598255059819431,-0.0352817086560177,0.0751653793106464,-0.6074589838166531,-7.968734807675752,-0.036815695988888,-0.1702725939486073,-0.0598255059819431,0.0352817086560177,-0.6613994285726782,-8.392181362820754,-2.69,-1135.18,-279.76,-376.6,-564.9,0.0,0.0,0.0,-0.0959232956896083,0.0,30,37,37,34,36,6,-444,-100,-144,-218,12.6,12.5,12.4,12.4,12.2,-999,-999,-3.92,0.0,0.0,0.0
5.02068829536438,-0.0383496833217584,-0.0598255059819431,-0.0352817086560177,0.0720974046449058,-0.6059249964837827,-7.956121396351854,-0.036815695988888,-0.1702725939486073,-0.0598255059819431,0.0352817086560177,-0.6613994285726782,-8.392181362820754,0.0,-1151.32,-263.62,-352.39,-559.52,0.0,0.0,0.0,-0.0959232956896083,0.0,30,37,37,34,36,6,-450,-94,-144,-212,12.6,12.6,12.4,12.4,12.3,-999,-999,-3.92,0.0,0.0,0.0
5.037667274475098,-0.0383496833217584,-0.0598255059819431,-0.0352817086560177,0.0690294299791651,-0.6074589838166531,-7.968734807675752,-0.036815695988888,-0.1687386066157369,-0.0598255059819431,0.032213733990277,-0.6613994285726782,-8.392181362820754,0.0,-1137.87,-260.93,-365.84,-562.21,0.0,0.0,0.0,-0.1199041196120104,0.0,30,37,37,34,37,6,-444,-94,-144,-212,12.6,12.5,12.4,12.3,12.2,-999,-999,-3.92,0.0,0.0,0.0
5.05465841293335,-0.0383496833217584,-0.0598255059819431,-0.0352817086560177,0.0659614553134244,-0.6074589838166531,-7.968734807675752,-0.036815695988888,-0.1702725939486073,-0.0613594933148134,0.0291457593245363,-0.6613994285726782,-8.392181362820754,0.0,-1151.32,-279.76,-360.46,-564.9,0.0,0.0,0.0,-0.1199041196120104,0.0,30,37,37,34,36,6,-450,-100,-144,-212,12.6,12.5,12.5,12.3,12.3,-999,-999,-3.92,0.0,0.0,0.0
5.071659326553345,-0.0383496833217584,-0.0598255059819431,-0.0352817086560177,0.0644274679805541,-0.6074589838166531,-7.968734807675752,-0.036815695988888,-0.1702725939486073,-0.0613594933148134,0.0260777846587957,-0.6613994285726782,-8.392181362820754,0.0,-1151.32,-279.76,-368.53,-564.9,0.0,0.0,0.0,-0.1438849435344125,0.0,30,37,37,33,36,6,-450,-100,-150,-212,12.6,12.5,12.4,12.3,12.3,-999,-999,-3.92,0.0,0.0,0.0
5.088685035705566,-0.0383496833217584,-0.0598255059819431,-0.036815695988888,0.0613594933148134,-0.6074589838166531,-7.968734807675752,-0.036815695988888,-0.1702725939486073,-0.0613594933148134,0.023009809993055,-0.6613994285726782,-8.392181362820754,0.0,-1148.63,-266.31,-376.6,-556.83,0.0,0.0,0.0,-0.1438849435344125,0.0,30,37,37,33,38,6,-450,-94,-144,-212,12.6,12.5,12.5,12.2,12.2,-999,-999,-3.92,0.0,0.0,0.0
5.105664253234863,-0.0383496833217584,-0.0598255059819431,-0.0352817086560177,0.0582915186490727,-0.6074589838166531,-7.968734807675752,-0.036815695988888,-0.1702725939486073,-0.0613594933148134,0.023009809993055,-0.6613994285726782,-8.392181362820754,0.0,-1148.63,-279.76,-347.01,-559.52,0.0,0.0,0.0,-0.1438849435344125,0.0,31,37,37,34,37,6,-450,-100,-144,-212,12.6,12.6,12.4,12.2,12.2,-999,-999,-3.92,0.0,0.0,0.0
5.122777700424194,-0.0383496833217584,-0.0598255059819431,-0.0352817086560177,0.055223543983332,-0.6059249964837827,-7.956121396351854,-0.036815695988888,-0.1718065812814776,-0.0598255059819431,0.0214758226601847,-0.6613994285726782,-8.392181362820754,0.0,-1162.08,-279.76,-352.39,-562.21,0.0,0.0,0.0,-0.1438849435344125,0.0,31,37,37,34,37,6,-457,-100,-132,-212,12.6,12.4,12.4,12.2,12.1,-999,-999,-3.92,0.0,0.0,0.0
5.139739274978638,-0.0383496833217584,-0.0598255059819431,-0.0352817086560177,0.0536895566504617,-0.6074589838166531,-7.968734807675752,-0.036815695988888,-0.1718065812814776,-0.0598255059819431,0.0214758226601847,-0.6613994285726782,-8.392181362820754,0.0,-1167.46,-266.31,-336.25,-562.21,0.0,0.0,0.0,-0.1438849435344125,0.0,31,37,37,34,37,6,-457,-94,-125,-218,12.6,12.4,12.5,12.4,12.2,-999,-999,-3.92,0.0,0.0,0.0
5.15670371055603,-0.0383496833217584,-0.0598255059819431,-0.0352817086560177,0.0521555693175914,-0.6074589838166531,-7.968734807675752,-0.036815695988888,-0.1748745559472183,-0.0598255059819431,0.0214758226601847,-0.6613994285726782,-8.392181362820754,0.0,-1180.91,-263.62,-344.32,-562.21,0.0,0.0,0.0,-0.1199041196120104,0.0,31,37,37,34,37,6,-463,-94,-119,-212,12.6,12.6,12.4,12.4,12.3,-999,-999,-3.92,0.0,0.0,0.0
5.173656940460204,-0.0383496833217584,-0.0598255059819431,-0.0352817086560177,0.050621581984721,-0.6074589838166531,-7.968734807675752,-0.036815695988888,-0.1748745559472183,-0.0598255059819431,0.0214758226601847,-0.6613994285726782,-8.392181362820754,0.0,-1178.22,-260.93,-336.25,-559.52,0.0,0.0,0.0,-0.1199041196120104,0.0,31,37,37,34,37,6,-463,-94,-119,-212,12.6,12.5,12.5,12.3,12.3,-999,-999,-3.92,0.0,0.0,0.0
5.1907639503479,-0.0383496833217584,-0.0598255059819431,-0.0352817086560177,0.050621581984721,-0.6059249964837827,-7.956121396351854,-0.036815695988888,-0.1748745559472183,-0.0598255059819431,0.0214758226601847,-0.6613994285726782,-8.392181362820754,0.0,-1178.22,-260.93,-330.87,-559.52,0.0,0.0,0.0,-0.0959232956896083,0.0,31,37,37,34,37,6,-463,-94,-113,-212,12.6,12.7,12.4,12.4,12.3,-999,-999,-3.92,0.0,0.0,0.0
5.207777500152588,-0.0383496833217584,-0.0598255059819431,-0.0352817086560177,0.0475536073189804,-0.6074589838166531,-7.968734807675752,-0.036815695988888,-0.1764085432800886,-0.0598255059819431,0.0214758226601847,-0.6613994285726782,-8.392181362820754,0.0,-1178.22,-260.93,-314.73,-562.21,0.0,0.0,0.0,-0.0719424717672062,0.0,31,37,37,34,37,6,-463,-94,-107,-212,12.6,12.6,12.4,12.3,12.3,-999,-999,-3.92,0.0,0.0,0.0
5.2248053550720215,-0.0383496833217584,-0.0613594933148134,-0.0352817086560177,0.0475536073189804,-0.6059249964837827,-7.956121396351854,-0.036815695988888,-0.1764085432800886,-0.0598255059819431,0.0214758226601847,-0.6613994285726782,-8.392181362820754,0.0,-1105.59,-258.24,-328.18,-562.21,0.0,0.0,0.0,-0.0479616478448041,0.0,31,37,37,34,37,6,-469,-88,-107,-218,12.6,12.5,12.6,12.3,12.3,-999,-999,-3.92,0.0,0.0,0.0
5.2426369190216064,-0.0383496833217584,-0.0659614553134244,-0.0352817086560177,0.0475536073189804,-0.6074589838166531,-7.968734807675752,-0.036815695988888,-0.1764085432800886,-0.0582915186490727,0.0214758226601847,-0.6613994285726782,-8.392181362820754,0.0,-1022.2,-266.31,-336.25,-559.52,0.0,-0.023980823922402,0.0,-0.0479616478448041,0.0,31,37,37,34,37,6,-450,-94,-107,-212,12.6,12.6,12.5,12.4,12.3,-999,-999,-3.92,0.0,0.0,0.0
5.259691476821899,-0.0383496833217584,-0.0720974046449058,-0.0352817086560177,0.0475536073189804,-0.6074589838166531,-7.968734807675752,-0.036815695988888,-0.1779425306129589,-0.0582915186490727,0.0214758226601847,-0.6613994285726782,-8.392181362820754,0.0,-925.36,-263.62,-338.94,-562.21,0.0,-0.0959232956896083,0.0,-0.023980823922402,0.0,31,37,37,34,37,6,-375,-88,-107,-212,12.6,12.5,12.4,12.4,12.3,-999,-999,-3.92,0.0,0.0,0.0
5.276666164398193,-0.0383496833217584,-0.0766993666435168,-0.032213733990277,0.0475536073189804,-0.6059249964837827,-7.956121396351854,-0.036815695988888,-0.1779425306129589,-0.0582915186490727,0.0214758226601847,-0.6613994285726782,-8.392181362820754,0.0,-992.61,-379.29,-338.94,-567.59,0.0,-0.1678657674568146,0.0,0.0,0.0,31,37,37,34,37,6,-413,-100,-107,-218,12.7,12.6,12.5,12.4,12.2,-999,-999,-3.92,0.0,0.0,0.0
5.293647050857544,-0.0398836706546287,-0.0797673413092574,-0.0291457593245363,0.0475536073189804,-0.6074589838166531,-7.968734807675752,-0.036815695988888,-0.1779425306129589,-0.0567575313162024,0.0214758226601847,-0.6613994285726782,-8.392181362820754,0.0,-946.88,-419.64,-338.94,-562.21,0.0,-0.2158274153016187,0.023980823922402,0.0,0.0,31,37,37,34,37,6,-400,-107,-107,-212,12.7,12.5,12.4,12.3,12.4,-999,-999,-3.92,0.0,0.0,0.0
5.31067681312561,-0.0383496833217584,-0.0813013286421278,-0.0260777846587957,0.0475536073189804,-0.6074589838166531,-7.968734807675752,-0.036815695988888,-0.1779425306129589,-0.0536895566504617,0.0214758226601847,-0.6613994285726782,-8.392181362820754,-5.38,-960.33,-395.43,-338.94,-562.21,0.0,-0.2158274153016187,0.0719424717672062,0.0,0.0,31,37,37,34,37,6,-394,-113,-107,-212,12.6,12.6,12.5,12.4,12.3,-999,-999,-3.92,0.0,0.0,0.0
5.327683210372925,-0.0383496833217584,-0.0843693033078684,-0.023009809993055,0.0475536073189804,-0.6074589838166531,-7.968734807675752,-0.036815695988888,-0.1779425306129589,-0.0536895566504617,0.0214758226601847,-0.6613994285726782,-8.392181362820754,-2.69,-919.98,-387.36,-338.94,-564.9,0.0,-0.1918465913792167,0.1199041196120104,0.0,0.0,31,38,37,34,37,6,-382,-119,-107,-218,12.6,12.6,12.5,12.5,12.2,-999,-999,-3.92,0.0,0.0,0.0
5.344672203063965,-0.0383496833217584,-0.0874372779736091,-0.0214758226601847,0.0475536073189804,-0.6074589838166531,-7.968734807675752,-0.036815695988888,-0.1794765179458293,-0.050621581984721,0.0214758226601847,-0.6613994285726782,-8.392181362820754,-2.69,-852.73,-414.26,-338.94,-567.59,0.0,-0.1678657674568146,0.1438849435344125,0.0,0.0,31,38,37,34,37,6,-375,-125,-107,-212,12.7,12.5,12.5,12.4,12.3,-999,-999,-3.92,0.0,0.0,0.0
5.362643718719482,-0.0383496833217584,-0.0905052526393498,-0.0199418353273143,0.0475536073189804,-0.6059249964837827,-7.956121396351854,-0.036815695988888,-0.1794765179458293,-0.050621581984721,0.0214758226601847,-0.6613994285726782,-8.392181362820754,0.0,-833.9,-381.98,-338.94,-567.59,0.0,-0.1438849435344125,0.1438849435344125,0.0,0.0,31,38,37,34,37,0,-363,-119,-107,-212,12.7,12.6,12.5,12.4,12.3,-999,-999,-3.92,0.0,0.0,0.0
5.379641771316528,-0.0383496833217584,-0.0920392399722201,-0.0199418353273143,0.0475536073189804,-0.6059249964837827,-7.956121396351854,-0.0352817086560177,-0.1810105052786996,-0.0475536073189804,0.0214758226601847,-0.6613994285726782,-8.392181362820754,21.52,-887.6999999999999,-317.42,-338.94,-567.59,0.0,-0.1438849435344125,0.1199041196120104,0.0,0.0,31,38,37,34,37,12,-363,-113,-107,-212,12.7,12.6,12.5,12.4,12.4,-999,-999,-3.92,0.0,0.0,0.0
5.39665675163269,-0.0383496833217584,-0.0920392399722201,-0.018407847994444,0.0475536073189804,-0.6074589838166531,-7.968734807675752,-0.0337477213231473,-0.18254449261157,-0.0444856326532397,0.0214758226601847,-0.6613994285726782,-8.392181362820754,0.0,-938.81,-303.97,-338.94,-562.21,0.0,-0.1199041196120104,0.0719424717672062,0.0,0.0,30,38,37,34,37,18,-369,-107,-107,-212,12.7,12.6,12.5,12.4,12.0,-999,-999,-3.92,0.0,0.0,0.0
5.413674354553223,-0.036815695988888,-0.0935732273050904,-0.018407847994444,0.0475536073189804,-0.6074589838166531,-7.968734807675752,-0.032213733990277,-0.1840784799444403,-0.0429516453203694,0.0214758226601847,-0.6613994285726782,-8.392181362820754,45.73,-954.95,-277.07,-338.94,-564.9,0.0,-0.0959232956896083,0.0479616478448041,0.0,0.0,30,38,37,34,37,87,-369,-94,-107,-212,12.7,12.6,12.5,12.4,12.3,-999,-999,-3.92,0.0,0.0,0.0
5.430684804916382,-0.036815695988888,-0.0920392399722201,-0.0168738606615736,0.0475536073189804,-0.6074589838166531,-7.968734807675752,-0.0306797466574067,-0.1871464546101809,-0.0383496833217584,0.0214758226601847,-0.6613994285726782,-8.392181362820754,29.59,-976.47,-325.49,-298.59,-564.9,0.0,-0.0719424717672062,0.023980823922402,0.0,0.0,30,37,37,34,37,18,-382,-100,-100,-212,12.6,12.6,12.5,12.4,12.4,-999,-999,-3.92,0.0,0.0,0.0
5.447722434997559,-0.036815695988888,-0.0935732273050904,-0.0153398733287033,0.04601961998611,-0.6074589838166531,-7.968734807675752,-0.0291457593245363,-0.1871464546101809,-0.0352817086560177,0.0214758226601847,-0.6613994285726782,-8.392181362820754,56.49,-963.02,-328.18,-295.9,-564.9,0.0,-0.023980823922402,0.023980823922402,0.0,0.0,30,37,37,34,37,25,-375,-100,-100,-212,12.6,12.6,12.5,12.4,12.2,-999,-999,-3.92,0.0,0.0,0.0
5.464670419692993,-0.0352817086560177,-0.0935732273050904,-0.0122718986629626,0.04601961998611,-0.6059249964837827,-7.956121396351854,-0.0291457593245363,-0.1871464546101809,-0.0352817086560177,0.0214758226601847,-0.6613994285726782,-8.392181362820754,61.87,-965.71,-376.6,-309.35,-564.9,0.023980823922402,-0.023980823922402,0.0719424717672062,0.0,0.0,31,37,37,34,37,25,-375,-94,-100,-218,12.7,12.6,12.5,12.4,12.4,-999,-999,-3.92,0.0,0.0,0.0
5.481647729873657,-0.0352817086560177,-0.0935732273050904,-0.009203923997222,0.04601961998611,-0.6059249964837827,-7.956121396351854,-0.027611771991666,-0.1886804419430513,-0.0337477213231473,0.0214758226601847,-0.6613994285726782,-8.392181362820754,94.15,-971.09,-365.84,-314.73,-562.21,0.023980823922402,0.0,0.0959232956896083,0.0,0.0,31,37,37,34,37,25,-388,-100,-100,-212,12.7,12.6,12.5,12.3,12.3,-999,-999,-3.92,0.0,0.0,0.0
5.498706340789795,-0.0337477213231473,-0.0951072146379608,-0.0061359493314813,0.04601961998611,-0.6059249964837827,-7.956121396351854,-0.027611771991666,-0.1886804419430513,-0.032213733990277,0.0214758226601847,-0.6613994285726782,-8.392181362820754,59.18,-928.05,-384.67,-317.42,-562.21,0.023980823922402,0.0,0.1438849435344125,0.0,0.0,31,37,37,34,37,25,-382,-107,-100,-212,12.6,12.6,12.5,12.4,12.3,-999,-999,-3.92,0.0,0.0,0.0
5.5156238079071045,-0.032213733990277,-0.0966412019708311,-0.0030679746657406,0.04601961998611,-0.6074589838166531,-7.968734807675752,-0.027611771991666,-0.1902144292759216,-0.0306797466574067,0.0214758226601847,-0.6613994285726782,-8.392181362820754,32.28,-917.29,-416.95,-314.73,-567.59,0.0479616478448041,-0.023980823922402,0.1678657674568146,0.0,0.0,31,38,37,34,37,18,-382,-113,-100,-218,12.6,12.6,12.5,12.4,12.3,-999,-999,-3.92,0.0,0.0,0.0
5.533163785934448,-0.032213733990277,-0.0981751893037015,0.0,0.04601961998611,-0.6059249964837827,-7.956121396351854,-0.027611771991666,-0.1902144292759216,-0.0306797466574067,0.0214758226601847,-0.6613994285726782,-8.392181362820754,18.83,-968.4,-446.54,-317.42,-559.52,0.0479616478448041,-0.0479616478448041,0.1678657674568146,0.0,0.0,31,38,37,34,36,18,-375,-125,-100,-212,12.7,12.5,12.4,12.4,12.2,-999,-999,-3.92,0.0,0.0,0.0
5.550671100616455,-0.0306797466574067,-0.0981751893037015,0.0030679746657406,0.04601961998611,-0.6059249964837827,-7.956121396351854,-0.0260777846587957,-0.191748416608792,-0.0291457593245363,0.0214758226601847,-0.6613994285726782,-8.392181362820754,2.69,-984.54,-430.4,-317.42,-562.21,0.0479616478448041,-0.0479616478448041,0.1678657674568146,0.0,0.0,31,38,36,33,36,18,-388,-132,-100,-212,12.6,12.6,12.5,12.4,12.3,-999,-999,-3.92,0.0,0.0,0.0
5.567758321762085,-0.0291457593245363,-0.0966412019708311,0.004601961998611,0.04601961998611,-0.6074589838166531,-7.968734807675752,-0.0245437973259253,-0.191748416608792,-0.0291457593245363,0.0214758226601847,-0.6613994285726782,-8.392181362820754,0.0,-989.92,-416.95,-314.73,-559.52,0.0479616478448041,-0.023980823922402,0.1678657674568146,0.0,0.0,31,38,36,33,37,12,-388,-138,-100,-218,12.7,12.5,12.4,12.4,12.2,-999,-999,-3.92,0.0,0.0,0.0
5.5847344398498535,-0.027611771991666,-0.0966412019708311,0.0061359493314813,0.04601961998611,-0.6059249964837827,-7.956121396351854,-0.0245437973259253,-0.191748416608792,-0.0291457593245363,0.0214758226601847,-0.6613994285726782,-8.392181362820754,13.45,-989.92,-398.12,-317.42,-562.21,0.0479616478448041,0.0,0.1438849435344125,0.0,0.0,31,38,37,33,37,12,-388,-144,-100,-212,12.6,12.6,12.4,12.4,12.2,-999,-999,-3.92,0.0,0.0,0.0
5.601704359054565,-0.0260777846587957,-0.0981751893037015,0.004601961998611,0.04601961998611,-0.6074589838166531,-7.968734807675752,-0.023009809993055,-0.191748416608792,-0.0291457593245363,0.0214758226601847,-0.6613994285726782,-8.392181362820754,-21.52,-989.92,-398.12,-317.42,-564.9,0.0479616478448041,0.0,0.0959232956896083,0.0,0.0,30,37,37,34,37,6,-382,-138,-100,-212,12.7,12.6,12.5,12.3,12.3,-999,-999,-3.92,0.0,0.0,0.0
5.6187050342559814,-0.0245437973259253,-0.0966412019708311,0.004601961998611,0.04601961998611,-0.6074589838166531,-7.968734807675752,-0.0199418353273143,-0.191748416608792,-0.0291457593245363,0.0214758226601847,-0.6613994285726782,-8.392181362820754,18.83,-989.92,-395.43,-314.73,-559.52,0.0479616478448041,0.0,0.0719424717672062,0.0,0.0,30,37,37,33,39,12,-388,-144,-100,-212,12.6,12.5,12.7,12.2,12.3,-999,-999,-3.92,0.0,0.0,0.0
5.63569188117981,-0.0245437973259253,-0.0966412019708311,0.004601961998611,0.04601961998611,-0.6074589838166531,-7.968734807675752,-0.0168738606615736,-0.191748416608792,-0.0306797466574067,0.0214758226601847,-0.6613994285726782,-8.392181362820754,16.14,-987.23,-392.74,-314.73,-562.21,0.0479616478448041,0.0,0.023980823922402,0.0,0.0,31,37,38,33,37,12,-388,-144,-100,-218,12.6,12.6,12.4,12.4,12.3,-999,-999,-3.92,0.0,0.0,0.0
5.652708530426025,-0.0245437973259253,-0.0966412019708311,0.0061359493314813,0.04601961998611,-0.6074589838166531,-7.968734807675752,-0.013805885995833,-0.191748416608792,-0.0291457593245363,0.0214758226601847,-0.6613994285726782,-8.392181362820754,0.0,-987.23,-411.57,-314.73,-562.21,0.0479616478448041,0.0,0.0,0.0,0.0,31,37,37,33,37,18,-388,-150,-100,-218,12.6,12.5,12.5,12.3,12.2,-999,-999,-3.92,0.0,0.0,0.0
5.669666528701782,-0.0214758226601847,-0.0966412019708311,0.004601961998611,0.04601961998611,-0.6059249964837827,-7.956121396351854,-0.0122718986629626,-0.191748416608792,-0.0306797466574067,0.0214758226601847,-0.6613994285726782,-8.392181362820754,21.52,-981.85,-384.67,-314.73,-562.21,0.0479616478448041,0.0,0.0,0.0,0.0,30,37,37,33,37,25,-388,-138,-100,-212,12.6,12.5,12.5,12.4,12.3,-999,-999,-3.92,0.0,0.0,0.0
5.686737537384033,-0.0199418353273143,-0.0966412019708311,0.004601961998611,0.04601961998611,-0.6059249964837827,-7.956121396351854,-0.009203923997222,-0.191748416608792,-0.0291457593245363,0.0214758226601847,-0.6613994285726782,-8.392181362820754,32.28,-987.23,-408.88,-314.73,-562.21,0.0479616478448041,0.0,0.0,0.0,0.0,31,37,37,33,37,31,-388,-144,-100,-212,12.6,12.6,12.5,12.3,12.2,-999,-999,-3.92,0.0,0.0,0.0
5.703759670257568,-0.018407847994444,-0.0981751893037015,0.004601961998611,0.04601961998611,-0.6074589838166531,-7.968734807675752,-0.004601961998611,-0.1932824039416623,-0.0291457593245363,0.0214758226601847,-0.6613994285726782,-8.392181362820754,45.73,-973.78,-379.29,-317.42,-562.21,0.0719424717672062,0.0,0.0,0.0,0.0,31,37,37,34,37,31,-382,-138,-100,-212,12.6,12.5,12.5,12.0,12.3,-999,-999,-3.92,0.0,0.0,0.0
5.720707416534424,-0.0153398733287033,-0.0966412019708311,0.004601961998611,0.04601961998611,-0.6074589838166531,-7.968734807675752,-0.0015339873328703,-0.191748416608792,-0.0291457593245363,0.0214758226601847,-0.6613994285726782,-8.392181362820754,99.53,-995.3,-390.05,-317.42,-562.21,0.0959232956896083,0.0,0.0,0.0,0.0,31,37,37,34,36,105,-394,-138,-100,-212,12.6,12.6,12.4,12.3,12.3,-999,-999,-3.92,0.0,0.0,0.0
5.737728595733643,-0.013805885995833,-0.0966412019708311,0.004601961998611,0.04601961998611,-0.6074589838166531,-7.968734807675752,0.0,-0.191748416608792,-0.0291457593245363,0.0214758226601847,-0.6613994285726782,-8.392181362820754,61.87,-968.4,-387.36,-317.42,-559.52,0.0959232956896083,0.0,0.0,0.0,0.0,31,37,37,34,37,43,-382,-138,-100,-212,12.7,12.6,12.5,12.4,12.2,-999,-999,-3.92,0.0,0.0,0.0
5.754710674285889,-0.0107379113300923,-0.0981751893037015,0.004601961998611,0.04601961998611,-0.6074589838166531,-7.968734807675752,0.0030679746657406,-0.191748416608792,-0.0306797466574067,0.0199418353273143,-0.6613994285726782,-8.392181362820754,69.94,-973.78,-384.67,-314.73,-559.52,0.1199041196120104,0.0,0.0,0.0,0.0,31,37,37,34,37,43,-382,-138,-100,-212,12.6,12.5,12.5,12.4,12.3,-999,-999,-3.92,0.0,0.0,0.0
5.771655321121216,-0.009203923997222,-0.0981751893037015,0.004601961998611,0.04601961998611,-0.6074589838166531,-7.968734807675752,0.0061359493314813,-0.191748416608792,-0.0291457593245363,0.0214758226601847,-0.6613994285726782,-8.392181362820754,56.49,-971.09,-411.57,-333.56,-559.52,0.1199041196120104,0.0,0.0,0.0,0.0,31,37,36,34,37,43,-382,-150,-107,-212,12.7,12.6,12.5,12.4,12.3,-999,-999,-3.92,0.0,0.0,0.0
5.788727760314941,-0.0061359493314813,-0.0981751893037015,0.004601961998611,0.04601961998611,-0.6059249964837827,-7.956121396351854,0.0076699366643516,-0.191748416608792,-0.0291457593245363,0.0214758226601847,-0.6613994285726782,-8.392181362820754,48.42,-973.78,-381.98,-317.42,-564.9,0.1199041196120104,0.0,0.0,0.0,0.0,31,37,36,33,37,43,-382,-138,-100,-212,12.6,12.5,12.4,12.3,12.2,-999,-999,-3.92,0.0,0.0,0.0
5.8056464195251465,-0.0015339873328703,-0.0981751893037015,0.004601961998611,0.04601961998611,-0.6074589838166531,-7.968734807675752,0.0076699366643516,-0.191748416608792,-0.0291457593245363,0.0214758226601847,-0.6613994285726782,-8.392181362820754,37.66,-973.78,-387.36,-314.73,-564.9,0.1438849435344125,0.0,0.0,0.0,0.0,31,37,36,33,37,43,-382,-138,-100,-218,12.7,12.6,12.4,12.4,12.2,-999,-999,-3.92,0.0,0.0,0.0
5.822712182998657,0.0,-0.0981751893037015,0.004601961998611,0.04601961998611,-0.6059249964837827,-7.956121396351854,0.009203923997222,-0.191748416608792,-0.0291457593245363,0.0214758226601847,-0.6613994285726782,-8.392181362820754,13.45,-976.47,-387.36,-314.73,-564.9,0.1438849435344125,0.0,0.0,0.0,0.0,31,37,36,33,37,31,-382,-138,-100,-212,12.7,12.5,12.4,12.3,12.3,-999,-999,-3.92,0.0,0.0,0.0
5.8396289348602295,0.0030679746657406,-0.0981751893037015,0.0061359493314813,0.04601961998611,-0.6074589838166531,-7.968734807675752,0.009203923997222,-0.191748416608792,-0.0291457593245363,0.0214758226601847,-0.6613994285726782,-8.392181362820754,29.59,-976.47,-387.36,-301.28,-559.52,0.1438849435344125,0.0,0.0,0.0,0.0,31,37,37,33,37,25,-382,-138,-100,-212,12.7,12.5,12.4,12.3,12.3,-999,-999,-3.92,0.0,0.0,0.0
5.856656312942505,0.0061359493314813,-0.0981751893037015,0.004601961998611,0.04601961998611,-0.6074589838166531,-7.968734807675752,0.0107379113300923,-0.191748416608792,-0.0291457593245363,0.0214758226601847,-0.6613994285726782,-8.392181362820754,0.0,-979.16,-387.36,-314.73,-562.21,0.1438849435344125,0.0,0.0,0.0,0.0,31,37,37,33,37,18,-388,-138,-100,-212,12.7,12.7,12.5,12.4,12.3,-999,-999,-3.92,0.0,0.0,0.0
5.8736913204193115,0.009203923997222,-0.0966412019708311,0.004601961998611,0.04601961998611,-0.6074589838166531,-7.968734807675752,0.0107379113300923,-0.191748416608792,-0.0291457593245363,0.0214758226601847,-0.6613994285726782,-8.392181362820754,-16.14,-976.47,-395.43,-317.42,-567.59,0.1438849435344125,0.0,0.0,0.0,0.0,31,37,37,33,37,6,-382,-144,-100,-212,12.6,12.6,12.5,12.3,12.2,-999,-999,-3.92,0.0,0.0,0.0
5.890621662139893,0.0122718986629626,-0.0966412019708311,0.004601961998611,0.04601961998611,-0.6074589838166531,-7.968734807675752,0.0122718986629626,-0.191748416608792,-0.0291457593245363,0.0214758226601847,-0.6613994285726782,-8.392181362820754,-2.69,-979.16,-398.12,-314.73,-567.59,0.1438849435344125,0.0,0.0,0.0,0.0,31,37,37,33,36,6,-388,-144,-100,-212,12.6,12.6,12.5,12.4,12.3,-999,-999,-3.92,0.0,0.0,0.0
5.907710552215576,0.013805885995833,-0.0966412019708311,0.004601961998611,0.04601961998611,-0.6074589838166531,-7.968734807675752,0.013805885995833,-0.191748416608792,-0.0291457593245363,0.0214758226601847,-0.6613994285726782,-8.392181362820754,-5.38,-984.54,-387.36,-317.42,-559.52,0.1438849435344125,0.0,0.0,0.0,0.0,31,38,37,33,37,-7,-382,-138,-100,-212,12.7,12.8,12.5,12.4,12.3,-999,-999,-3.92,0.0,0.0,0.0
5.924619197845459,0.013805885995833,-0.0981751893037015,0.004601961998611,0.04601961998611,-0.6074589838166531,-7.968734807675752,0.013805885995833,-0.191748416608792,-0.0291457593245363,0.0214758226601847,-0.6613994285726782,-8.392181362820754,2.69,-979.16,-392.74,-317.42,-567.59,0.1438849435344125,0.0,0.0,0.0,0.0,31,38,37,33,37,-7,-388,-144,-100,-212,12.7,12.5,12.5,12.3,12.2,-999,-999,-3.92,0.0,0.0,0.0
5.941613674163818,0.0153398733287033,-0.0981751893037015,0.0061359493314813,0.04601961998611,-0.6074589838166531,-7.968734807675752,0.0153398733287033,-0.191748416608792,-0.0291457593245363,0.0214758226601847,-0.6613994285726782,-8.392181362820754,-10.76,-981.85,-390.05,-317.42,-562.21,0.1199041196120104,0.0,0.0,0.0,0.0,31,38,37,33,36,0,-388,-138,-100,-212,12.7,12.5,12.4,12.4,12.3,-999,-999,-3.92,0.0,0.0,0.0
5.958654165267944,0.0153398733287033,-0.0966412019708311,0.004601961998611,0.04601961998611,-0.6074589838166531,-7.968734807675752,0.018407847994444,-0.1902144292759216,-0.0291457593245363,0.0199418353273143,-0.6613994285726782,-8.392181362820754,-18.83,-981.85,-398.12,-317.42,-562.21,0.0719424717672062,0.0,0.0,0.0,0.0,31,38,37,33,36,6,-388,-144,-100,-218,12.7,12.5,12.5,12.3,12.2,-999,-999,-3.92,0.0,0.0,0.0
5.975643873214722,0.0168738606615736,-0.0966412019708311,0.0061359493314813,0.04601961998611,-0.6074589838166531,-7.968734807675752,0.018407847994444,-0.1902144292759216,-0.0306797466574067,0.0214758226601847,-0.6613994285726782,-8.392181362820754,5.38,-957.64,-390.05,-338.94,-564.9,0.0479616478448041,0.0,0.0,0.0,0.0,31,38,37,33,36,12,-382,-138,-107,-212,12.6,12.6,12.5,12.4,12.2,-999,-999,-3.92,0.0,0.0,0.0
5.992692708969116,0.0168738606615736,-0.0981751893037015,0.004601961998611,0.04601961998611,-0.6059249964837827,-7.956121396351854,0.0199418353273143,-0.1902144292759216,-0.0291457593245363,0.0214758226601847,-0.6613994285726782,-8.392181362820754,0.0,-968.4,-406.19,-317.42,-564.9,0.023980823922402,0.0,0.0,0.0,0.0,30,38,37,33,37,6,-382,-144,-100,-212,12.6,12.6,12.5,12.4,12.3,-999,-999,-3.92,0.0,0.0,0.0
6.009640693664551,0.0168738606615736,-0.0981751893037015,0.004601961998611,0.04601961998611,-0.6074589838166531,-7.968734807675752,0.0214758226601847,-0.1902144292759216,-0.0291457593245363,0.0199418353273143,-0.6613994285726782,-8.392181362820754,18.83,-968.4,-384.67,-317.42,-564.9,0.023980823922402,0.0,0.0,0.0,0.0,30,38,37,33,37,12,-382,-138,-100,-212,12.7,12.5,12.4,12.3,12.2,-999,-999,-3.92,0.0,0.0,0.0
6.026705026626587,0.0168738606615736,-0.0981751893037015,0.004601961998611,0.04601961998611,-0.6074589838166531,-7.968734807675752,0.023009809993055,-0.1902144292759216,-0.0291457593245363,0.0214758226601847,-0.6613994285726782,-8.392181362820754,0.0,-963.02,-390.05,-336.25,-567.59,0.023980823922402,0.0,0.0,0.0,0.0,30,38,37,33,37,18,-375,-138,-107,-218,12.7,12.6,12.5,12.4,12.3,-999,-999,-3.92,0.0,0.0,0.0
6.043731689453125,0.0168738606615736,-0.0981751893037015,0.004601961998611,0.04601961998611,-0.6074589838166531,-7.968734807675752,0.023009809993055,-0.1886804419430513,-0.0291457593245363,0.0214758226601847,-0.6613994285726782,-8.392181362820754,8.07,-963.02,-387.36,-317.42,-562.21,0.0,0.0,0.0,0.0,0.0,30,38,37,33,37,31,-382,-138,-100,-212,12.7,12.6,12.5,12.4,12.3,-999,-999,-3.92,0.0,0.0,0.0
6.060659170150757,0.0153398733287033,-0.0981751893037015,0.004601961998611,0.04601961998611,-0.6059249964837827,-7.956121396351854,0.023009809993055,-0.1886804419430513,-0.0291457593245363,0.0214758226601847,-0.6613994285726782,-8.392181362820754,2.69,-933.43,-390.05,-317.42,-564.9,0.0,0.0,0.0,0.0,0.0,30,38,37,34,37,31,-369,-138,-100,-218,12.6,12.6,12.5,12.1,12.3,-999,-999,-3.92,0.0,0.0,0.0
6.077639818191528,0.0168738606615736,-0.0981751893037015,0.004601961998611,0.04601961998611,-0.6074589838166531,-7.968734807675752,0.0245437973259253,-0.1886804419430513,-0.0306797466574067,0.0214758226601847,-0.6613994285726782,-8.392181362820754,40.35,-944.19,-387.36,-314.73,-567.59,0.0,0.0,0.0,0.0,0.0,28,38,37,34,37,25,-369,-138,-100,-218,12.7,12.5,12.5,12.4,12.2,-999,-999,-3.92,0.0,0.0,0.0
6.094725131988525,0.018407847994444,-0.0981751893037015,0.004601961998611,0.04601961998611,-0.6059249964837827,-7.956121396351854,0.0245437973259253,-0.1886804419430513,-0.0291457593245363,0.0214758226601847,-0.6613994285726782,-8.392181362820754,67.25,-938.81,-406.19,-317.42,-564.9,0.0,0.0,0.0,0.0,0.0,30,38,36,34,37,25,-369,-144,-100,-212,12.7,12.5,12.5,12.4,12.3,-999,-999,-3.92,0.0,0.0,0.0
6.111695289611816,0.0199418353273143,-0.0981751893037015,0.004601961998611,0.04601961998611,-0.6074589838166531,-7.968734807675752,0.0245437973259253,-0.1886804419430513,-0.0306797466574067,0.0199418353273143,-0.6613994285726782,-8.392181362820754,64.56,-941.5,-384.67,-314.73,-562.21,0.023980823922402,0.0,0.0,0.0,0.0,30,38,36,34,35,25,-369,-144,-100,-212,12.6,12.6,12.5,12.1,12.3,-999,-999,-3.92,0.0,0.0,0.0
6.128613710403442,0.0199418353273143,-0.0981751893037015,0.004601961998611,0.04601961998611,-0.6074589838166531,-7.968734807675752,0.0245437973259253,-0.1886804419430513,-0.0306797466574067,0.0199418353273143,-0.6613994285726782,-8.392181362820754,59.18,-938.81,-406.19,-328.18,-562.21,0.0479616478448041,0.0,0.0,0.0,0.0,30,38,36,34,36,25,-369,-144,-107,-212,12.7,12.6,12.4,12.4,12.3,-999,-999,-3.92,0.0,0.0,0.0
6.145635604858398,0.0214758226601847,-0.0981751893037015,0.004601961998611,0.04601961998611,-0.6074589838166531,-7.968734807675752,0.0245437973259253,-0.1886804419430513,-0.0291457593245363,0.0214758226601847,-0.6613994285726782,-8.392181362820754,29.59,-941.5,-384.67,-317.42,-564.9,0.0479616478448041,0.0,0.0,0.0,0.0,31,38,36,33,36,18,-369,-138,-100,-212,12.7,12.6,12.6,12.4,12.2,-999,-999,-3.92,0.0,0.0,0.0
6.162626504898071,0.0214758226601847,-0.0966412019708311,0.004601961998611,0.0444856326532397,-0.6074589838166531,-7.968734807675752,0.023009809993055,-0.1871464546101809,-0.0306797466574067,0.0214758226601847,-0.6613994285726782,-8.392181362820754,0.0,-928.05,-406.19,-314.73,-564.9,0.0479616478448041,0.0,0.0,0.0,0.0,31,38,36,33,36,6,-363,-144,-100,-212,12.7,12.6,12.5,12.4,12.3,-999,-999,-3.92,0.0,0.0,0.0
6.179602146148682,0.023009809993055,-0.0966412019708311,0.004601961998611,0.04601961998611,-0.6074589838166531,-7.968734807675752,0.023009809993055,-0.1871464546101809,-0.0291457593245363,0.0214758226601847,-0.6613994285726782,-8.392181362820754,0.0,-919.98,-387.36,-314.73,-567.59,0.0479616478448041,0.0,0.0,0.0,0.0,31,38,36,33,36,0,-363,-144,-100,-212,12.7,12.6,12.5,12.3,12.3,-999,-999,-3.92,0.0,0.0,0.0
6.196648359298706,0.0245437973259253,-0.0966412019708311,0.004601961998611,0.04601961998611,-0.6074589838166531,-7.968734807675752,0.023009809993055,-0.1871464546101809,-0.0291457593245363,0.0199418353273143,-0.6613994285726782,-8.392181362820754,-5.38,-919.98,-390.05,-336.25,-564.9,0.0479616478448041,0.0,0.0,0.0,0.0,31,38,36,33,36,0,-363,-138,-100,-218,12.7,12.5,12.5,12.4,12.2,-999,-999,-3.92,0.0,0.0,0.0
6.213693618774414,0.0245437973259253,-0.0966412019708311,0.004601961998611,0.04601961998611,-0.6074589838166531,-7.968734807675752,0.0214758226601847,-0.1871464546101809,-0.0291457593245363,0.0214758226601847,-0.6613994285726782,-8.392181362820754,24.21,-911.91,-398.12,-301.28,-564.9,0.0479616478448041,0.0,0.0,0.0,0.0,31,37,37,33,35,-13,-357,-144,-100,-212,12.7,12.6,12.5,12.3,12.3,-999,-999,-3.92,0.0,0.0,0.0
6.230640888214111,0.0260777846587957,-0.0966412019708311,0.004601961998611,0.04601961998611,-0.6074589838166531,-7.968734807675752,0.0214758226601847,-0.1871464546101809,-0.0291457593245363,0.0214758226601847,-0.6613994285726782,-8.392181362820754,8.07,-922.67,-390.05,-317.42,-570.28,0.0479616478448041,0.0,0.0,0.0,0.0,30,37,37,33,36,-19,-363,-138,-100,-218,12.7,12.6,12.4,12.3,12.2,-999,-999,-3.92,0.0,0.0,0.0
6.24763560295105,0.0245437973259253,-0.0981751893037015,0.004601961998611,0.04601961998611,-0.6074589838166531,-7.968734807675752,0.0214758226601847,-0.1871464546101809,-0.0291457593245363,0.0214758226601847,-0.6613994285726782,-8.392181362820754,-8.07,-917.29,-390.05,-317.42,-562.21,0.0479616478448041,0.0,0.0,0.0,0.0,31,38,37,33,37,-19,-363,-138,-100,-212,12.7,12.6,12.5,12.4,12.3,-999,-999,-3.92,0.0,0.0,0.0
6.264728784561157,0.0245437973259253,-0.0966412019708311,0.0061359493314813,0.04601961998611,-0.6074589838166531,-7.968734807675752,0.023009809993055,-0.1871464546101809,-0.0291457593245363,0.0214758226601847,-0.6613994285726782,-8.392181362820754,-34.97,-919.98,-392.74,-314.73,-562.21,0.023980823922402,0.0,0.0,0.0,0.0,31,38,37,33,37,-19,-363,-138,-100,-212,12.7,12.6,12.6,12.4,12.3,-999,-999,-3.92,0.0,0.0,0.0
6.281752347946167,0.0245437973259253,-0.0966412019708311,0.004601961998611,0.0444856326532397,-0.6074589838166531,-7.968734807675752,0.023009809993055,-0.1871464546101809,-0.0291457593245363,0.0214758226601847,-0.6613994285726782,-8.392181362820754,18.83,-917.29,-390.05,-314.73,-564.9,0.0,0.0,0.0,0.0,0.0,31,37,37,33,37,55,-363,-138,-100,-212,12.7,12.6,12.5,12.4,12.3,-999,-999,-3.92,0.0,0.0,0.0
6.298676252365112,0.0245437973259253,-0.0966412019708311,0.004601961998611,0.04601961998611,-0.6074589838166531,-7.968734807675752,0.023009809993055,-0.1871464546101809,-0.0291457593245363,0.0199418353273143,-0.6613994285726782,-8.392181362820754,-2.69,-917.29,-390.05,-309.35,-562.21,0.0,0.0,0.0,0.0,0.0,31,37,37,34,37,-13,-357,-138,-100,-212,12.7,12.6,12.5,12.4,12.3,-999,-999,-3.92,0.0,0.0,0.0
6.3156468868255615,0.0245437973259253,-0.0981751893037015,0.004601961998611,0.04601961998611,-0.6074589838166531,-7.968734807675752,0.0245437973259253,-0.1871464546101809,-0.0291457593245363,0.0214758226601847,-0.6613994285726782,-8.392181362820754,-8.07,-917.29,-392.74,-330.87,-564.9,0.0,0.0,0.0,0.0,0.0,31,37,37,34,37,-7,-357,-144,-100,-212,12.7,12.6,12.5,12.3,12.3,-999,-999,-3.92,0.0,0.0,0.0
6.332690000534058,0.0245437973259253,-0.0981751893037015,0.004601961998611,0.04601961998611,-0.6074589838166531,-7.968734807675752,0.0245437973259253,-0.1871464546101809,-0.0306797466574067,0.0214758226601847,-0.6613994285726782,-8.392181362820754,-5.38,-914.6,-387.36,-301.28,-567.59,0.0,0.0,0.0,0.0,0.0,31,37,37,34,37,0,-363,-138,-100,-218,12.6,12.6,12.4,12.4,12.3,-999,-999,-3.92,0.0,0.0,0.0
6.349607229232788,0.023009809993055,-0.0981751893037015,0.004601961998611,0.04601961998611,-0.6074589838166531,-7.968734807675752,0.0245437973259253,-0.1871464546101809,-0.0306797466574067,0.0214758226601847,-0.6613994285726782,-8.392181362820754,-8.07,-911.91,-406.19,-309.35,-564.9,0.0,0.0,0.0,0.0,0.0,31,37,37,34,37,6,-357,-144,-100,-218,12.7,12.5,12.5,12.4,12.3,-999,-999,-3.92,0.0,0.0,0.0
6.366610765457153,0.0214758226601847,-0.0981751893037015,0.004601961998611,0.04601961998611,-0.6074589838166531,-7.968734807675752,0.0245437973259253,-0.1871464546101809,-0.0306797466574067,0.0214758226601847,-0.6613994285726782,-8.392181362820754,-5.38,-914.6,-408.88,-309.35,-564.9,-0.023980823922402,0.0,0.0,0.0,0.0,31,38,37,33,37,18,-357,-144,-100,-212,12.7,12.6,12.5,12.4,12.2,-999,-999,-3.92,0.0,0.0,0.0
6.383576154708862,0.0214758226601847,-0.0981751893037015,0.004601961998611,0.0444856326532397,-0.6059249964837827,-7.956121396351854,0.0245437973259253,-0.1871464546101809,-0.0306797466574067,0.0214758226601847,-0.6613994285726782,-8.392181362820754,0.0,-911.91,-406.19,-314.73,-564.9,-0.023980823922402,0.0,0.0,0.0,0.0,31,38,37,34,36,18,-357,-144,-100,-212,12.7,12.5,12.4,12.4,12.3,-999,-999,-3.92,0.0,0.0,0.0
6.401614427566528,0.0214758226601847,-0.0981751893037015,0.004601961998611,0.04601961998611,-0.6059249964837827,-7.956121396351854,0.0245437973259253,-0.1856124672773106,-0.032213733990277,0.0214758226601847,-0.6613994285726782,-8.392181362820754,2.69,-909.22,-422.33,-312.04,-559.52,-0.023980823922402,0.0,0.0,0.0,0.0,31,38,37,34,37,18,-357,-150,-100,-212,12.7,12.6,12.5,12.3,12.2,-999,-999,-3.92,0.0,0.0,0.0
6.418699741363525,0.0214758226601847,-0.0981751893037015,0.004601961998611,0.04601961998611,-0.6059249964837827,-7.956121396351854,0.0245437973259253,-0.1856124672773106,-0.0337477213231473,0.0199418353273143,-0.6613994285726782,-8.392181362820754,24.21,-909.22,-425.02,-317.42,-559.52,-0.023980823922402,0.0,0.0,0.0,0.0,31,38,37,34,37,18,-357,-150,-100,-212,12.6,12.6,12.6,12.4,12.3,-999,-999,-3.92,0.0,0.0,0.0
6.436602830886841,0.023009809993055,-0.0966412019708311,0.0061359493314813,0.04601961998611,-0.6074589838166531,-7.968734807675752,0.0245437973259253,-0.1856124672773106,-0.0337477213231473,0.0199418353273143,-0.6613994285726782,-8.392181362820754,26.9,-911.91,-443.85,-333.56,-564.9,0.0,0.0,0.0,0.0,0.0,30,38,37,34,37,12,-357,-157,-107,-218,12.6,12.6,12.5,12.4,12.3,-999,-999,-3.92,0.0,0.0,0.0
6.453646421432495,0.023009809993055,-0.0981751893037015,0.004601961998611,0.0444856326532397,-0.6074589838166531,-7.968734807675752,0.0245437973259253,-0.1856124672773106,-0.0337477213231473,0.0199418353273143,-0.6613994285726782,-8.392181362820754,37.66,-909.22,-449.23,-330.87,-559.52,0.0,0.0,0.0,0.0,0.0,31,38,37,34,37,12,-357,-163,-107,-212,12.7,12.6,12.0,12.4,12.3,-999,-999,-3.92,0.0,0.0,0.0
6.470594882965088,0.023009809993055,-0.0981751893037015,0.004601961998611,0.04601961998611,-0.6074589838166531,-7.968734807675752,0.0245437973259253,-0.1856124672773106,-0.0337477213231473,0.0199418353273143,-0.6613994285726782,-8.392181362820754,29.59,-914.6,-441.16,-333.56,-562.21,0.0,0.0,0.0,0.0,0.0,31,38,37,34,37,12,-357,-157,-107,-212,12.7,12.5,12.4,12.4,12.3,-999,-999,-3.92,0.0,0.0,0.0
6.487570047378542,0.023009809993055,-0.0981751893037015,0.004601961998611,0.04601961998611,-0.6074589838166531,-7.968734807675752,0.0245437973259253,-0.1856124672773106,-0.0337477213231473,0.0199418353273143,-0.6613994285726782,-8.392181362820754,24.21,-909.22,-441.16,-333.56,-564.9,0.0,0.0,0.0,0.0,0.0,31,37,37,33,37,12,-357,-157,-107,-218,12.7,12.5,12.5,12.4,12.3,-999,-999,-3.92,0.0,0.0,0.0
6.504587411880493,0.0245437973259253,-0.0981751893037015,0.0061359493314813,0.04601961998611,-0.6074589838166531,-7.968734807675752,0.0245437973259253,-0.1856124672773106,-0.0337477213231473,0.0199418353273143,-0.6613994285726782,-8.392181362820754,-5.38,-917.29,-441.16,-333.56,-562.21,0.0,0.0,0.0,0.0,0.0,31,38,36,33,37,6,-357,-157,-107,-212,12.7,12.5,12.5,12.4,12.3,-999,-999,-3.92,0.0,0.0,0.0
6.521590471267702,0.0245437973259253,-0.0981751893037015,0.0061359493314813,0.04601961998611,-0.6059249964837827,-7.956121396351854,0.0245437973259253,-0.1840784799444403,-0.0337477213231473,0.0199418353273143,-0.6613994285726782,-8.392181362820754,0.0,-879.63,-443.85,-328.18,-564.9,0.0,0.0,0.0,0.0,0.0,31,38,36,33,37,6,-300,-163,-100,-212,12.7,12.6,12.5,12.3,12.2,-999,-999,-3.92,0.0,0.0,0.0
6.538561820983885,0.0245437973259253,-0.0966412019708311,0.004601961998611,0.04601961998611,-0.6074589838166531,-7.968734807675752,0.023009809993055,-0.1840784799444403,-0.0337477213231473,0.0199418353273143,-0.6613994285726782,-8.392181362820754,-2.69,-901.15,-446.54,-330.87,-564.9,0.0,0.0,0.0,0.0,0.0,31,38,36,33,37,-7,-357,-157,-107,-212,12.7,12.5,12.5,12.4,12.3,-999,-999,-3.92,0.0,0.0,0.0
6.555575370788574,0.0245437973259253,-0.0981751893037015,0.004601961998611,0.0444856326532397,-0.6074589838166531,-7.968734807675752,0.023009809993055,-0.1840784799444403,-0.0337477213231473,0.0199418353273143,-0.6613994285726782,-8.392181362820754,34.97,-893.0799999999999,-446.54,-336.25,-562.21,0.023980823922402,0.0,0.0,0.0,0.0,31,38,36,34,37,-13,-350,-157,-107,-212,12.7,12.5,12.5,12.0,12.3,-999,-999,-3.92,0.0,0.0,0.0
6.572563648223877,0.0245437973259253,-0.0981751893037015,0.004601961998611,0.04601961998611,-0.6074589838166531,-7.968734807675752,0.0245437973259253,-0.1840784799444403,-0.0337477213231473,0.0199418353273143,-0.6613994285726782,-8.392181362820754,16.14,-901.15,-446.54,-328.18,-562.21,0.023980823922402,0.0,0.0,0.0,0.0,31,38,36,34,37,-7,-357,-157,-100,-212,12.7,12.6,12.5,12.3,12.3,-999,-999,-3.92,0.0,0.0,0.0
6.5895774364471436,0.0260777846587957,-0.0966412019708311,0.004601961998611,0.04601961998611,-0.6074589838166531,-7.968734807675752,0.0245437973259253,-0.1840784799444403,-0.032213733990277,0.0199418353273143,-0.6613994285726782,-8.392181362820754,-5.38,-895.77,-419.64,-333.56,-562.21,0.023980823922402,0.0,0.0,0.0,0.0,31,38,36,34,37,-7,-350,-150,-100,-212,12.7,12.6,12.5,12.3,12.3,-999,-999,-3.92,0.0,0.0,0.0
6.606585264205934,0.0245437973259253,-0.0981751893037015,0.004601961998611,0.04601961998611,-0.6074589838166531,-7.968734807675752,0.0245437973259253,-0.1840784799444403,-0.0337477213231473,0.0199418353273143,-0.6613994285726782,-8.392181362820754,-2.69,-898.46,-446.54,-330.87,-562.21,0.023980823922402,0.0,0.0,0.0,0.0,31,38,36,34,37,0,-357,-163,-107,-212,12.7,12.6,12.5,12.3,12.3,-999,-999,-3.92,0.0,0.0,0.0
6.623668670654297,0.0245437973259253,-0.0966412019708311,0.004601961998611,0.0444856326532397,-0.6059249964837827,-7.956121396351854,0.0245437973259253,-0.1840784799444403,-0.0337477213231473,0.0199418353273143,-0.6613994285726782,-8.392181362820754,-16.14,-871.56,-443.85,-336.25,-562.21,0.0,0.0,0.0,0.0,0.0,31,38,37,34,38,-13,-350,-157,-107,-218,12.7,12.6,12.5,12.4,12.3,-999,-999,-3.92,0.0,0.0,0.0
6.640596151351929,0.0245437973259253,-0.0981751893037015,0.004601961998611,0.04601961998611,-0.6059249964837827,-7.956121396351854,0.0245437973259253,-0.1840784799444403,-0.0337477213231473,0.0199418353273143,-0.6613994285726782,-8.392181362820754,2.69,-895.77,-441.16,-330.87,-567.59,0.0,0.0,0.0,0.0,0.0,31,38,37,34,37,-7,-350,-157,-107,-212,12.7,12.6,12.5,12.4,12.3,-999,-999,-3.92,0.0,0.0,0.0
6.657675981521605,0.0245437973259253,-0.0981751893037015,0.004601961998611,0.0444856326532397,-0.6074589838166531,-7.968734807675752,0.0245437973259253,-0.1840784799444403,-0.0337477213231473,0.0199418353273143,-0.6613994285726782,-8.392181362820754,-5.38,-895.77,-443.85,-336.25,-564.9,0.0,0.0,0.0,0.0,0.0,31,38,38,34,37,0,-350,-157,-107,-218,12.7,12.6,12.5,12.3,12.2,-999,-999,-3.92,0.0,0.0,0.0
6.674644470214844,0.0245437973259253,-0.0966412019708311,0.004601961998611,0.0444856326532397,-0.6074589838166531,-7.968734807675752,0.0245437973259253,-0.1840784799444403,-0.0337477213231473,0.0199418353273143,-0.6613994285726782,-8.392181362820754,-5.38,-893.0799999999999,-441.16,-333.56,-564.9,0.0,0.0,0.0,0.0,0.0,31,38,37,34,37,0,-350,-157,-107,-212,12.7,12.6,12.5,12.3,12.3,-999,-999,-3.92,0.0,0.0,0.0
6.691587448120117,0.0245437973259253,-0.0981751893037015,0.004601961998611,0.04601961998611,-0.6074589838166531,-7.968734807675752,0.0245437973259253,-0.18254449261157,-0.0337477213231473,0.0199418353273143,-0.6613994285726782,-8.392181362820754,-5.38,-866.18,-443.85,-336.25,-564.9,0.0,0.0,0.0,0.0,0.0,31,38,37,33,37,0,-344,-157,-107,-218,12.7,12.6,12.5,12.3,12.2,-999,-999,-3.92,0.0,0.0,0.0
6.708550214767458,0.0245437973259253,-0.0981751893037015,0.004601961998611,0.04601961998611,-0.6059249964837827,-7.956121396351854,0.0245437973259253,-0.1840784799444403,-0.032213733990277,0.0199418353273143,-0.6613994285726782,-8.392181362820754,-5.38,-893.0799999999999,-416.95,-336.25,-567.59,0.0,0.0,0.0,0.0,0.0,31,38,37,33,37,0,-350,-150,-107,-212,12.6,12.5,12.5,12.4,12.2,-999,-999,-3.92,0.0,0.0,0.0
6.727530002593994,0.0245437973259253,-0.0981751893037015,0.004601961998611,0.04601961998611,-0.6059249964837827,-7.956121396351854,0.0245437973259253,-0.1840784799444403,-0.0337477213231473,0.0199418353273143,-0.6613994285726782,-8.392181362820754,-5.38,-882.3199999999999,-443.85,-333.56,-562.21,0.0,0.0,0.0,0.0,0.0,31,37,37,33,37,0,-350,-157,-107,-212,12.7,12.6,12.4,12.4,12.3,-999,-999,-3.92,0.0,0.0,0.0
6.744575500488281,0.0245437973259253,-0.0981751893037015,0.004601961998611,0.04601961998611,-0.6074589838166531,-7.968734807675752,0.0245437973259253,-0.1840784799444403,-0.0337477213231473,0.0199418353273143,-0.6613994285726782,-8.392181362820754,-5.38,-903.84,-446.54,-325.49,-562.21,0.0,0.0,0.0,0.0,0.0,31,37,37,33,37,0,-357,-157,-100,-212,12.7,12.6,12.5,12.4,12.2,-999,-999,-3.92,0.0,0.0,0.0
6.761587619781494,0.0245437973259253,-0.0966412019708311,0.004601961998611,0.04601961998611,-0.6074589838166531,-7.968734807675752,0.0245437973259253,-0.1840784799444403,-0.0337477213231473,0.0199418353273143,-0.6613994285726782,-8.392181362820754,-5.38,-895.77,-443.85,-336.25,-562.21,0.0,0.0,0.0,0.0,0.0,31,38,37,33,37,0,-350,-157,-107,-212,12.7,12.6,12.4,12.4,12.3,-999,-999,-3.92,0.0,0.0,0.0
6.77862286567688,0.0245437973259253,-0.0966412019708311,0.004601961998611,0.04601961998611,-0.6074589838166531,-7.968734807675752,0.0245437973259253,-0.18254449261157,-0.0337477213231473,0.0199418353273143,-0.6613994285726782,-8.392181362820754,-5.38,-874.25,-414.26,-333.56,-564.9,0.0,0.0,0.0,0.0,0.0,31,38,37,33,37,0,-344,-150,-107,-212,12.7,12.6,12.5,12.4,12.3,-999,-999,-3.92,0.0,0.0,0.0
6.795623779296873,0.0245437973259253,-0.0981751893037015,0.0061359493314813,0.04601961998611,-0.6074589838166531,-7.968734807675752,0.0245437973259253,-0.18254449261157,-0.0337477213231473,0.0199418353273143,-0.6613994285726782,-8.392181362820754,-5.38,-882.3199999999999,-446.54,-336.25,-564.9,0.0,0.0,0.0,0.0,0.0,31,38,37,33,37,0,-350,-157,-107,-212,12.7,12.6,12.5,12.3,12.2,-999,-999,-3.92,0.0,0.0,0.0
6.81257438659668,0.0245437973259253,-0.0966412019708311,0.004601961998611,0.0444856326532397,-0.6074589838166531,-7.968734807675752,0.0245437973259253,-0.18254449261157,-0.0337477213231473,0.0199418353273143,-0.6613994285726782,-8.392181362820754,-5.38,-882.3199999999999,-441.16,-336.25,-570.28,0.0,0.0,0.0,0.0,0.0,31,38,37,33,37,0,-344,-157,-107,-218,12.7,12.5,12.4,12.4,12.3,-999,-999,-3.92,0.0,0.0,0.0
6.82959294319153,0.0245437973259253,-0.0981751893037015,0.004601961998611,0.04601961998611,-0.6074589838166531,-7.968734807675752,0.0245437973259253,-0.18254449261157,-0.0337477213231473,0.0199418353273143,-0.6613994285726782,-8.392181362820754,-5.38,-882.3199999999999,-446.54,-336.25,-562.21,0.0,0.0,0.0,0.0,0.0,31,38,37,34,37,0,-344,-157,-107,-212,12.6,12.6,12.5,12.4,12.3,-999,-999,-3.92,0.0,0.0,0.0
6.846622705459593,0.0245437973259253,-0.0966412019708311,0.004601961998611,0.04601961998611,-0.6074589838166531,-7.968734807675752,0.0245437973259253,-0.18254449261157,-0.032213733990277,0.0199418353273143,-0.6613994285726782,-8.392181362820754,-5.38,-885.01,-441.16,-325.49,-564.9,0.0,0.0,0.0,0.0,0.0,31,38,37,34,37,0,-350,-157,-107,-212,12.7,12.5,12.5,12.3,12.3,-999,-999,-3.92,0.0,0.0,0.0
6.863684892654417,0.0245437973259253,-0.0981751893037015,0.004601961998611,0.04601961998611,-0.6059249964837827,-7.956121396351854,0.0245437973259253,-0.18254449261157,-0.032213733990277,0.0199418353273143,-0.6613994285726782,-8.392181362820754,-5.38,-882.3199999999999,-425.02,-333.56,-567.59,0.0,0.0,0.0,0.0,0.0,31,38,37,34,36,0,-344,-150,-107,-212,12.7,12.2,12.5,12.4,12.3,-999,-999,-3.92,0.0,0.0,0.0
6.881556987762451,0.0245437973259253,-0.0966412019708311,0.004601961998611,0.04601961998611,-0.6059249964837827,-7.956121396351854,0.0245437973259253,-0.18254449261157,-0.032213733990277,0.0199418353273143,-0.6613994285726782,-8.392181362820754,-5.38,-887.6999999999999,-427.71,-330.87,-562.21,0.0,0.0,0.0,0.0,0.0,31,38,37,34,37,0,-344,-150,-107,-218,12.7,12.5,12.4,12.4,12.4,-999,-999,-3.92,0.0,0.0,0.0
6.89868426322937,0.0245437973259253,-0.0981751893037015,0.004601961998611,0.04601961998611,-0.6074589838166531,-7.968734807675752,0.0245437973259253,-0.18254449261157,-0.0337477213231473,0.0199418353273143,-0.6613994285726782,-8.392181362820754,-5.38,-882.3199999999999,-427.71,-336.25,-562.21,0.0,0.0,0.0,0.0,0.0,31,38,37,34,36,0,-344,-150,-107,-212,12.7,12.6,12.4,12.3,12.3,-999,-999,-3.92,0.0,0.0,0.0
6.9157021045684814,0.0245437973259253,-0.0966412019708311,0.004601961998611,0.04601961998611,-0.6059249964837827,-7.956121396351854,0.0245437973259253,-0.18254449261157,-0.032213733990277,0.0199418353273143,-0.6613994285726782,-8.392181362820754,-2.69,-879.63,-446.54,-338.94,-564.9,0.0,0.0,0.0,0.0,0.0,31,38,37,33,36,0,-350,-157,-107,-212,12.6,12.5,12.5,12.4,12.3,-999,-999,-3.92,0.0,0.0,0.0
6.93258309364319,0.0245437973259253,-0.0981751893037015,0.004601961998611,0.0444856326532397,-0.6074589838166531,-7.968734807675752,0.0245437973259253,-0.18254449261157,-0.032213733990277,0.0199418353273143,-0.6613994285726782,-8.392181362820754,-2.69,-882.3199999999999,-422.33,-338.94,-570.28,0.0,0.0,0.0,0.0,0.0,31,38,37,33,36,0,-344,-157,-107,-212,12.7,12.6,12.5,12.4,12.3,-999,-999,-3.92,0.0,0.0,0.0
6.949620485305786,0.0245437973259253,-0.0981751893037015,0.0061359493314813,0.04601961998611,-0.6074589838166531,-7.968734807675752,0.0245437973259253,-0.18254449261157,-0.032213733990277,0.0199418353273143,-0.6613994285726782,-8.392181362820754,-2.69,-879.63,-422.33,-330.87,-567.59,0.0,0.0,0.0,0.0,0.0,31,38,37,33,36,0,-350,-150,-107,-212,12.7,12.5,12.4,12.4,12.2,-999,-999,-3.92,0.0,0.0,0.0
6.966609001159668,0.0245437973259253,-0.0966412019708311,0.004601961998611,0.04601961998611,-0.6059249964837827,-7.956121396351854,0.0245437973259253,-0.18254449261157,-0.032213733990277,0.0199418353273143,-0.6613994285726782,-8.392181362820754,-2.69,-885.01,-422.33,-336.25,-562.21,0.0,0.0,0.0,0.0,0.0,31,38,37,33,36,0,-344,-150,-100,-212,12.7,12.6,12.5,12.4,11.9,-999,-999,-3.92,0.0,0.0,0.0
6.983594655990602,0.0245437973259253,-0.0981751893037015,0.004601961998611,0.04601961998611,-0.6074589838166531,-7.968734807675752,0.023009809993055,-0.18254449261157,-0.032213733990277,0.0199418353273143,-0.6613994285726782,-8.392181362820754,-2.69,-874.25,-427.71,-336.25,-570.28,0.0,0.0,0.0,0.0,0.0,31,38,37,33,37,0,-344,-150,-107,-218,12.7,12.5,12.5,12.4,12.3,-999,-999,-3.92,0.0,0.0,0.0
7.000629901885986,0.0245437973259253,-0.0981751893037015,0.004601961998611,0.04601961998611,-0.6074589838166531,-7.968734807675752,0.023009809993055,-0.18254449261157,-0.0337477213231473,0.0199418353273143,-0.6613994285726782,-8.392181362820754,21.52,-876.9399999999999,-419.64,-333.56,-562.21,0.0,0.0,0.0,0.0,0.0,31,38,37,33,36,-13,-344,-150,-107,-212,12.7,12.6,12.5,12.4,12.3,-999,-999,-3.92,0.0,0.0,0.0
7.017601490020752,0.0245437973259253,-0.0981751893037015,0.004601961998611,0.04601961998611,-0.6074589838166531,-7.968734807675752,0.023009809993055,-0.18254449261157,-0.0337477213231473,0.0199418353273143,-0.6613994285726782,-8.392181362820754,18.83,-879.63,-446.54,-328.18,-564.9,0.0,0.0,0.0,0.0,0.0,31,38,37,33,36,-7,-350,-157,-107,-212,12.7,12.7,12.5,12.4,12.3,-999,-999,-3.92,0.0,0.0,0.0
7.0345704555511475,0.0245437973259253,-0.0981751893037015,0.004601961998611,0.04601961998611,-0.6074589838166531,-7.968734807675752,0.023009809993055,-0.18254449261157,-0.0337477213231473,0.0199418353273143,-0.6613994285726782,-8.392181362820754,0.0,-882.3199999999999,-443.85,-336.25,-564.9,0.0,0.0,0.0,0.0,0.0,31,38,37,33,37,-7,-344,-157,-107,-212,12.7,12.6,12.5,12.4,12.2,-999,-999,-3.92,0.0,0.0,0.0
7.051533937454224,0.0245437973259253,-0.0981751893037015,0.0061359493314813,0.04601961998611,-0.6074589838166531,-7.968734807675752,0.0245437973259253,-0.18254449261157,-0.0337477213231473,0.0199418353273143,-0.6613994285726782,-8.392181362820754,-10.76,-879.63,-441.16,-336.25,-562.21,0.0,0.0,0.0,0.0,0.0,31,38,37,33,37,6,-350,-157,-107,-212,12.7,12.6,12.5,12.4,12.3,-999,-999,-3.92,0.0,0.0,0.0
7.068589687347412,0.0245437973259253,-0.0966412019708311,0.004601961998611,0.04601961998611,-0.6074589838166531,-7.968734807675752,0.023009809993055,-0.18254449261157,-0.0337477213231473,0.0199418353273143,-0.6613994285726782,-8.392181362820754,0.0,-893.0799999999999,-441.16,-333.56,-562.21,0.0,0.0,0.0,0.0,0.0,31,38,37,34,37,-7,-350,-157,-107,-212,12.7,12.5,12.5,12.4,12.3,-999,-999,-3.92,0.0,0.0,0.0
7.085561752319336,0.0245437973259253,-0.0966412019708311,0.004601961998611,0.04601961998611,-0.6059249964837827,-7.956121396351854,0.023009809993055,-0.18254449261157,-0.0337477213231473,0.0199418353273143,-0.6613994285726782,-8.392181362820754,-8.07,-855.42,-441.16,-336.25,-562.21,0.0,0.0,0.0,0.0,0.0,31,38,37,34,37,-7,-344,-163,-107,-212,12.6,12.6,12.4,12.5,12.3,-999,-999,-3.92,0.0,0.0,0.0
7.102536678314209,0.0245437973259253,-0.0966412019708311,0.004601961998611,0.04601961998611,-0.6074589838166531,-7.968734807675752,0.023009809993055,-0.18254449261157,-0.032213733990277,0.0199418353273143,-0.6613994285726782,-8.392181362820754,-8.07,-885.01,-422.33,-330.87,-562.21,0.0,0.0,0.0,0.0,0.0,31,38,37,34,37,-7,-350,-150,-107,-212,12.7,12.5,12.5,12.4,12.4,-999,-999,-3.92,0.0,0.0,0.0
7.119536876678465,0.0245437973259253,-0.0966412019708311,0.004601961998611,0.04601961998611,-0.6074589838166531,-7.968734807675752,0.023009809993055,-0.18254449261157,-0.032213733990277,0.0199418353273143,-0.6613994285726782,-8.392181362820754,-5.38,-882.3199999999999,-425.02,-333.56,-562.21,0.0,0.0,0.0,0.0,0.0,31,38,37,33,37,-7,-350,-157,-107,-212,12.7,12.6,12.5,12.4,12.2,-999,-999,-3.92,0.0,0.0,0.0
7.136558771133421,0.0245437973259253,-0.0981751893037015,0.004601961998611,0.04601961998611,-0.6074589838166531,-7.968734807675752,0.0214758226601847,-0.18254449261157,-0.032213733990277,0.0199418353273143,-0.6613994285726782,-8.392181362820754,18.83,-876.9399999999999,-425.02,-328.18,-562.21,0.0,0.0,0.0,0.0,0.0,31,38,37,32,37,-13,-350,-157,-107,-212,12.3,12.6,12.5,12.4,12.3,-999,-999,-3.92,0.0,0.0,0.0
7.153550148010254,0.023009809993055,-0.0981751893037015,0.0061359493314813,0.04601961998611,-0.6074589838166531,-7.968734807675752,0.0214758226601847,-0.18254449261157,-0.032213733990277,0.0199418353273143,-0.6613994285726782,-8.392181362820754,-2.69,-876.9399999999999,-425.02,-330.87,-564.9,0.0,0.0,0.0,0.0,0.0,31,37,37,33,37,-7,-344,-150,-107,-212,12.7,12.6,12.4,12.4,12.3,-999,-999,-3.92,0.0,0.0,0.0
7.170538902282713,0.023009809993055,-0.0966412019708311,0.004601961998611,0.04601961998611,-0.6059249964837827,-7.956121396351854,0.0214758226601847,-0.18254449261157,-0.032213733990277,0.0199418353273143,-0.6613994285726782,-8.392181362820754,-5.38,-876.9399999999999,-422.33,-333.56,-567.59,0.0,0.0,0.0,0.0,0.0,31,37,37,33,37,-7,-344,-150,-107,-212,12.7,12.6,12.5,12.3,12.3,-999,-999,-3.92,0.0,0.0,0.0
7.187539339065552,0.023009809993055,-0.0981751893037015,0.004601961998611,0.0444856326532397,-0.6074589838166531,-7.968734807675752,0.0214758226601847,-0.18254449261157,-0.032213733990277,0.0199418353273143,-0.6613994285726782,-8.392181362820754,-8.07,-882.3199999999999,-422.33,-333.56,-564.9,0.0,0.0,0.0,0.0,0.0,31,37,37,33,37,-7,-350,-150,-100,-212,12.6,12.6,12.5,12.3,12.3,-999,-999,-3.92,0.0,0.0,0.0
7.204592227935791,0.023009809993055,-0.0981751893037015,0.004601961998611,0.04601961998611,-0.6074589838166531,-7.968734807675752,0.0199418353273143,-0.18254449261157,-0.032213733990277,0.0199418353273143,-0.6613994285726782,-8.392181362820754,-8.07,-887.6999999999999,-422.33,-330.87,-564.9,0.0,0.0,0.0,0.0,0.0,31,37,37,33,37,-7,-350,-150,-107,-212,12.7,12.1,12.5,12.4,12.3,-999,-999,-3.92,0.0,0.0,0.0
7.221566915512085,0.023009809993055,-0.0981751893037015,0.004601961998611,0.04601961998611,-0.6074589838166531,-7.968734807675752,0.0199418353273143,-0.18254449261157,-0.032213733990277,0.0199418353273143,-0.6613994285726782,-8.392181362820754,16.14,-876.9399999999999,-422.33,-338.94,-564.9,0.0,0.0,0.0,0.0,0.0,31,37,37,33,37,-13,-350,-150,-107,-212,12.6,12.6,12.5,12.4,12.3,-999,-999,-3.92,0.0,0.0,0.0
7.238672733306885,0.0214758226601847,-0.0966412019708311,0.004601961998611,0.04601961998611,-0.6074589838166531,-7.968734807675752,0.0199418353273143,-0.18254449261157,-0.0306797466574067,0.0199418353273143,-0.6613994285726782,-8.392181362820754,0.0,-876.9399999999999,-400.81,-330.87,-564.9,0.0,0.0,0.0,0.0,0.0,31,38,36,33,37,-7,-344,-144,-107,-212,12.7,12.6,12.5,12.4,12.3,-999,-999,-3.92,0.0,0.0,0.0
7.255544900894165,0.0214758226601847,-0.0981751893037015,0.004601961998611,0.04601961998611,-0.6059249964837827,-7.956121396351854,0.0199418353273143,-0.18254449261157,-0.0306797466574067,0.0199418353273143,-0.6613994285726782,-8.392181362820754,-8.07,-876.9399999999999,-406.19,-333.56,-564.9,0.0,0.0,0.0,0.0,0.0,31,38,37,33,37,-7,-344,-144,-107,-218,12.7,12.6,12.5,12.4,12.3,-999,-999,-3.92,0.0,0.0,0.0
7.272565126419067,0.0214758226601847,-0.0981751893037015,0.004601961998611,0.04601961998611,-0.6074589838166531,-7.968734807675752,0.0199418353273143,-0.1840784799444403,-0.0306797466574067,0.0199418353273143,-0.6613994285726782,-8.392181362820754,-8.07,-898.46,-403.5,-333.56,-564.9,0.0,0.0,0.0,0.0,0.0,31,38,37,33,37,-7,-350,-144,-107,-218,12.7,12.5,12.6,12.4,12.2,-999,-999,-3.92,0.0,0.0,0.0
7.289628505706787,0.0214758226601847,-0.0981751893037015,0.004601961998611,0.04601961998611,-0.6059249964837827,-7.956121396351854,0.0199418353273143,-0.18254449261157,-0.0306797466574067,0.0199418353273143,-0.6613994285726782,-8.392181362820754,-8.07,-868.87,-408.88,-336.25,-570.28,0.0,0.0,0.0,0.0,0.0,31,38,37,33,37,-7,-344,-144,-107,-212,12.6,12.8,12.4,12.3,12.3,-999,-999,-3.92,0.0,0.0,0.0
7.306541204452513,0.0214758226601847,-0.0981751893037015,0.004601961998611,0.04601961998611,-0.6059249964837827,-7.956121396351854,0.0199418353273143,-0.18254449261157,-0.0306797466574067,0.0199418353273143,-0.6613994285726782,-8.392181362820754,-5.38,-876.9399999999999,-408.88,-333.56,-564.9,0.0,0.0,0.0,0.0,0.0,31,38,37,33,37,-7,-344,-150,-107,-212,12.6,12.6,12.5,12.3,12.3,-999,-999,-3.92,0.0,0.0,0.0
7.323556661605833,0.0214758226601847,-0.0981751893037015,0.0061359493314813,0.0444856326532397,-0.6059249964837827,-7.956121396351854,0.0199418353273143,-0.18254449261157,-0.0291457593245363,0.0199418353273143,-0.6613994285726782,-8.392181362820754,-5.38,-876.9399999999999,-390.05,-330.87,-564.9,0.0,0.0,0.0,0.0,0.0,31,37,37,33,37,-7,-350,-144,-107,-212,12.7,12.5,12.4,12.4,12.2,-999,-999,-3.92,0.0,0.0,0.0
7.340578317642212,0.0214758226601847,-0.0981751893037015,0.004601961998611,0.04601961998611,-0.6059249964837827,-7.956121396351854,0.0199418353273143,-0.1840784799444403,-0.0291457593245363,0.0199418353273143,-0.6613994285726782,-8.392181362820754,-5.38,-882.3199999999999,-395.43,-333.56,-562.21,0.0,0.0,0.0,0.0,0.0,31,37,37,34,37,-7,-344,-138,-107,-212,12.7,12.6,12.5,12.2,12.3,-999,-999,-3.92,0.0,0.0,0.0
7.357558012008665,0.0199418353273143,-0.0966412019708311,0.004601961998611,0.04601961998611,-0.6074589838166531,-7.968734807675752,0.0199418353273143,-0.1840784799444403,-0.0291457593245363,0.0199418353273143,-0.6613994285726782,-8.392181362820754,-8.07,-893.0799999999999,-387.36,-336.25,-564.9,0.0,0.0,0.0,0.0,0.0,31,37,37,34,37,-7,-350,-138,-107,-218,12.7,12.5,12.5,12.4,12.3,-999,-999,-3.92,0.0,0.0,0.0
7.374591588973999,0.0199418353273143,-0.0981751893037015,0.0061359493314813,0.04601961998611,-0.6074589838166531,-7.968734807675752,0.0199418353273143,-0.18254449261157,-0.0291457593245363,0.0199418353273143,-0.6613994285726782,-8.392181362820754,-8.07,-868.87,-395.43,-333.56,-559.52,0.0,0.0,0.0,0.0,0.0,31,37,37,34,37,-7,-344,-138,-107,-212,12.7,12.6,12.5,12.4,12.3,-999,-999,-3.92,0.0,0.0,0.0
7.391556024551392,0.0199418353273143,-0.0981751893037015,0.004601961998611,0.04601961998611,-0.6074589838166531,-7.968734807675752,0.018407847994444,-0.18254449261157,-0.0291457593245363,0.0199418353273143,-0.6613994285726782,-8.392181362820754,0.0,-879.63,-390.05,-333.56,-564.9,0.0,0.0,0.0,0.0,0.0,31,37,37,34,37,-13,-350,-138,-107,-212,12.7,12.6,12.5,12.4,12.3,-999,-999,-3.92,0.0,0.0,0.0
7.408565998077394,0.0199418353273143,-0.0966412019708311,0.004601961998611,0.04601961998611,-0.6074589838166531,-7.968734807675752,0.018407847994444,-0.18254449261157,-0.0291457593245363,0.0199418353273143,-0.6613994285726782,-8.392181362820754,-8.07,-876.9399999999999,-416.95,-333.56,-564.9,0.0,0.0,0.0,0.0,0.0,31,37,37,34,37,-7,-344,-144,-107,-212,12.7,12.6,12.5,12.4,12.2,-999,-999,-3.92,0.0,0.0,0.0
7.425571441650389,0.0199418353273143,-0.0966412019708311,0.0061359493314813,0.04601961998611,-0.6059249964837827,-7.956121396351854,0.018407847994444,-0.18254449261157,-0.0291457593245363,0.0199418353273143,-0.6613994285726782,-8.392181362820754,-8.07,-887.6999999999999,-384.67,-333.56,-562.21,0.0,0.0,0.0,0.0,0.0,31,37,37,34,37,-7,-344,-138,-107,-212,12.7,12.6,12.5,12.4,12.3,-999,-999,-3.92,0.0,0.0,0.0
7.442540407180786,0.0199418353273143,-0.0981751893037015,0.004601961998611,0.04601961998611,-0.6074589838166531,-7.968734807675752,0.018407847994444,-0.18254449261157,-0.0291457593245363,0.0199418353273143,-0.6613994285726782,-8.392181362820754,-10.76,-882.3199999999999,-387.36,-338.94,-567.59,0.0,0.0,0.0,0.0,0.0,31,37,37,34,37,-7,-350,-138,-107,-212,12.7,12.7,12.5,12.4,12.3,-999,-999,-3.92,0.0,0.0,0.0
7.459538459777832,0.0199418353273143,-0.0981751893037015,0.004601961998611,0.04601961998611,-0.6074589838166531,-7.968734807675752,0.0199418353273143,-0.18254449261157,-0.0291457593245363,0.0199418353273143,-0.6613994285726782,-8.392181362820754,-8.07,-876.9399999999999,-387.36,-333.56,-564.9,0.0,0.0,0.0,0.0,0.0,31,37,37,34,37,0,-344,-138,-107,-212,12.7,12.6,12.5,12.4,12.1,-999,-999,-3.92,0.0,0.0,0.0
7.476555585861206,0.0199418353273143,-0.0981751893037015,0.004601961998611,0.04601961998611,-0.6074589838166531,-7.968734807675752,0.018407847994444,-0.18254449261157,-0.0291457593245363,0.0199418353273143,-0.6613994285726782,-8.392181362820754,0.0,-882.3199999999999,-392.74,-338.94,-562.21,0.0,0.0,0.0,0.0,0.0,31,37,37,34,37,-7,-350,-144,-107,-212,12.7,12.5,12.5,12.4,12.3,-999,-999,-3.92,0.0,0.0,0.0
7.493575096130371,0.0199418353273143,-0.0981751893037015,0.004601961998611,0.04601961998611,-0.6059249964837827,-7.956121396351854,0.018407847994444,-0.18254449261157,-0.0291457593245363,0.0199418353273143,-0.6613994285726782,-8.392181362820754,-8.07,-874.25,-387.36,-338.94,-562.21,0.0,0.0,0.0,0.0,0.0,31,37,37,34,37,-7,-344,-138,-107,-218,12.6,12.5,12.3,12.4,12.4,-999,-999,-3.92,0.0,0.0,0.0
7.510658264160158,0.0199418353273143,-0.0966412019708311,0.004601961998611,0.04601961998611,-0.6074589838166531,-7.968734807675752,0.018407847994444,-0.18254449261157,-0.0291457593245363,0.0199418353273143,-0.6613994285726782,-8.392181362820754,-8.07,-874.25,-390.05,-336.25,-562.21,0.0,0.0,0.0,0.0,0.0,31,37,37,34,37,-7,-344,-138,-107,-212,12.7,12.6,12.5,12.4,12.3,-999,-999,-3.92,0.0,0.0,0.0
7.527583360671997,0.0199418353273143,-0.0966412019708311,0.004601961998611,0.04601961998611,-0.6074589838166531,-7.968734807675752,0.018407847994444,-0.18254449261157,-0.0291457593245363,0.0199418353273143,-0.6613994285726782,-8.392181362820754,-10.76,-879.63,-392.74,-336.25,-567.59,0.0,0.0,0.0,0.0,0.0,31,37,37,35,37,-7,-350,-144,-107,-218,12.7,12.6,12.4,12.6,12.3,-999,-999,-3.92,0.0,0.0,0.0
7.544572353363037,0.0199418353273143,-0.0981751893037015,0.004601961998611,0.04601961998611,-0.6074589838166531,-7.968734807675752,0.018407847994444,-0.18254449261157,-0.0291457593245363,0.0199418353273143,-0.6613994285726782,-8.392181362820754,-8.07,-874.25,-390.05,-336.25,-562.21,0.0,0.0,0.0,0.0,0.0,31,37,37,34,38,-7,-344,-138,-107,-212,12.7,12.6,12.5,12.4,12.3,-999,-999,-3.92,0.0,0.0,0.0
7.561569690704346,0.0199418353273143,-0.0981751893037015,0.004601961998611,0.04601961998611,-0.6074589838166531,-7.968734807675752,0.018407847994444,-0.18254449261157,-0.0291457593245363,0.0199418353273143,-0.6613994285726782,-8.392181362820754,-10.76,-876.9399999999999,-392.74,-336.25,-562.21,0.0,0.0,0.0,0.0,0.0,31,37,37,34,37,-7,-344,-138,-107,-212,12.7,12.6,12.5,12.4,12.3,-999,-999,-3.92,0.0,0.0,0.0
7.578586578369142,0.0199418353273143,-0.0981751893037015,0.004601961998611,0.04601961998611,-0.6074589838166531,-7.968734807675752,0.0168738606615736,-0.18254449261157,-0.0291457593245363,0.0199418353273143,-0.6613994285726782,-8.392181362820754,-8.07,-882.3199999999999,-392.74,-336.25,-564.9,0.0,0.0,0.0,0.0,0.0,31,38,37,34,37,-7,-344,-138,-107,-212,12.7,12.6,12.5,12.0,12.3,-999,-999,-3.92,0.0,0.0,0.0
7.595629692077637,0.018407847994444,-0.0981751893037015,0.004601961998611,0.04601961998611,-0.6059249964837827,-7.956121396351854,0.0168738606615736,-0.18254449261157,-0.0291457593245363,0.0199418353273143,-0.6613994285726782,-8.392181362820754,5.38,-882.3199999999999,-387.36,-336.25,-562.21,0.0,0.0,0.0,0.0,0.0,31,37,37,34,37,-13,-344,-138,-107,-212,12.7,12.6,12.4,12.4,12.0,-999,-999,-3.92,0.0,0.0,0.0
7.613589763641357,0.0199418353273143,-0.0966412019708311,0.004601961998611,0.04601961998611,-0.6059249964837827,-7.956121396351854,0.0168738606615736,-0.18254449261157,-0.0291457593245363,0.0199418353273143,-0.6613994285726782,-8.392181362820754,-2.69,-879.63,-390.05,-333.56,-562.21,0.0,0.0,0.0,0.0,0.0,31,37,37,34,37,-7,-350,-138,-107,-212,12.7,12.6,12.5,12.4,12.2,-999,-999,-3.92,0.0,0.0,0.0
7.630541801452637,0.018407847994444,-0.0966412019708311,0.004601961998611,0.04601961998611,-0.6074589838166531,-7.968734807675752,0.0168738606615736,-0.18254449261157,-0.0291457593245363,0.0199418353273143,-0.6613994285726782,-8.392181362820754,-10.76,-885.01,-390.05,-336.25,-562.21,0.0,0.0,0.0,0.0,0.0,31,37,37,34,37,-7,-350,-138,-107,-212,12.7,12.6,12.5,12.3,12.3,-999,-999,-3.92,0.0,0.0,0.0
7.647529602050781,0.018407847994444,-0.0981751893037015,0.004601961998611,0.04601961998611,-0.6074589838166531,-7.968734807675752,0.018407847994444,-0.18254449261157,-0.0306797466574067,0.0199418353273143,-0.6613994285726782,-8.392181362820754,-5.38,-876.9399999999999,-406.19,-325.49,-562.21,0.0,0.0,0.0,0.0,0.0,31,37,37,34,37,0,-344,-144,-100,-212,12.6,12.5,12.5,12.4,12.4,-999,-999,-3.92,0.0,0.0,0.0
7.664521217346191,0.0199418353273143,-0.0981751893037015,0.004601961998611,0.04601961998611,-0.6074589838166531,-7.968734807675752,0.0168738606615736,-0.18254449261157,-0.0291457593245363,0.0199418353273143,-0.6613994285726782,-8.392181362820754,-16.14,-876.9399999999999,-381.98,-333.56,-562.21,0.0,0.0,0.0,0.0,0.0,31,38,37,34,37,-7,-344,-138,-107,-212,12.7,12.6,12.5,12.4,12.4,-999,-999,-3.92,0.0,0.0,0.0
7.681584596633911,0.018407847994444,-0.0966412019708311,0.004601961998611,0.0444856326532397,-0.6059249964837827,-7.956121396351854,0.0168738606615736,-0.18254449261157,-0.0291457593245363,0.0199418353273143,-0.6613994285726782,-8.392181362820754,16.14,-879.63,-392.74,-333.56,-564.9,0.0,0.0,0.0,0.0,0.0,31,38,37,34,37,-7,-350,-138,-107,-212,12.7,12.6,12.3,12.4,12.3,-999,-999,-3.92,0.0,0.0,0.0
7.698475122451782,0.018407847994444,-0.0981751893037015,0.004601961998611,0.04601961998611,-0.6074589838166531,-7.968734807675752,0.0168738606615736,-0.18254449261157,-0.0291457593245363,0.0199418353273143,-0.6613994285726782,-8.392181362820754,-8.07,-876.9399999999999,-390.05,-322.8,-562.21,0.0,0.0,0.0,0.0,0.0,31,37,37,34,37,-7,-344,-138,-107,-212,12.7,12.6,12.5,12.3,12.4,-999,-999,-3.92,0.0,0.0,0.0
7.715491056442261,0.018407847994444,-0.0981751893037015,0.004601961998611,0.04601961998611,-0.6074589838166531,-7.968734807675752,0.018407847994444,-0.18254449261157,-0.0291457593245363,0.0199418353273143,-0.6613994285726782,-8.392181362820754,-8.07,-882.3199999999999,-398.12,-333.56,-562.21,0.0,0.0,0.0,0.0,0.0,31,37,37,33,38,0,-350,-138,-107,-212,12.7,12.5,12.5,12.4,12.3,-999,-999,-3.92,0.0,0.0,0.0
7.732552528381348,0.018407847994444,-0.0981751893037015,0.004601961998611,0.04601961998611,-0.6059249964837827,-7.956121396351854,0.0168738606615736,-0.18254449261157,-0.0291457593245363,0.0199418353273143,-0.6613994285726782,-8.392181362820754,-10.76,-879.63,-390.05,-333.56,-564.9,0.0,0.0,0.0,0.0,0.0,31,37,37,33,37,-7,-350,-138,-107,-212,12.7,12.6,12.5,12.4,12.3,-999,-999,-3.92,0.0,0.0,0.0
7.749566078186035,0.0168738606615736,-0.0981751893037015,0.0061359493314813,0.04601961998611,-0.6074589838166531,-7.968734807675752,0.0168738606615736,-0.18254449261157,-0.0291457593245363,0.0199418353273143,-0.6613994285726782,-8.392181362820754,-5.38,-879.63,-395.43,-333.56,-562.21,0.0,0.0,0.0,0.0,0.0,31,37,37,33,37,-7,-344,-144,-107,-212,12.7,12.6,12.5,12.4,12.2,-999,-999,-3.92,0.0,0.0,0.0
7.766505956649782,0.0168738606615736,-0.0966412019708311,0.004601961998611,0.04601961998611,-0.6059249964837827,-7.956121396351854,0.0168738606615736,-0.18254449261157,-0.0291457593245363,0.0199418353273143,-0.6613994285726782,-8.392181362820754,-8.07,-885.01,-398.12,-333.56,-562.21,0.0,0.0,0.0,0.0,0.0,31,37,37,34,37,-7,-350,-138,-107,-218,12.7,12.6,12.5,12.3,12.3,-999,-999,-3.92,0.0,0.0,0.0
7.78346633911133,0.0168738606615736,-0.0966412019708311,0.004601961998611,0.04601961998611,-0.6074589838166531,-7.968734807675752,0.0168738606615736,-0.18254449261157,-0.0291457593245363,0.0199418353273143,-0.6613994285726782,-8.392181362820754,-8.07,-876.9399999999999,-390.05,-328.18,-567.59,0.0,0.0,0.0,0.0,0.0,31,37,37,34,37,-7,-344,-138,-107,-218,12.7,12.6,12.5,12.4,12.3,-999,-999,-3.92,0.0,0.0,0.0
7.800507068634033,0.018407847994444,-0.0981751893037015,0.004601961998611,0.04601961998611,-0.6074589838166531,-7.968734807675752,0.0168738606615736,-0.18254449261157,-0.0291457593245363,0.0199418353273143,-0.6613994285726782,-8.392181362820754,-8.07,-882.3199999999999,-387.36,-333.56,-559.52,0.0,0.0,0.0,0.0,0.0,31,37,37,34,37,-7,-344,-138,-107,-212,12.7,12.6,12.5,12.4,12.4,-999,-999,-3.92,0.0,0.0,0.0
7.81760883331299,0.018407847994444,-0.0966412019708311,0.004601961998611,0.04601961998611,-0.6074589838166531,-7.968734807675752,0.0168738606615736,-0.18254449261157,-0.0291457593245363,0.0199418353273143,-0.6613994285726782,-8.392181362820754,-8.07,-876.9399999999999,-392.74,-325.49,-564.9,0.0,0.0,0.0,0.0,0.0,31,37,37,33,36,0,-344,-138,-107,-212,12.7,12.6,12.5,12.4,12.3,-999,-999,-3.92,0.0,0.0,0.0
7.8346006870269775,0.0168738606615736,-0.0966412019708311,0.004601961998611,0.04601961998611,-0.6074589838166531,-7.968734807675752,0.0168738606615736,-0.18254449261157,-0.0291457593245363,0.0199418353273143,-0.6613994285726782,-8.392181362820754,-8.07,-879.63,-392.74,-333.56,-564.9,0.0,0.0,0.0,0.0,0.0,31,37,37,33,37,0,-344,-138,-107,-218,12.7,12.6,12.5,12.4,12.3,-999,-999,-3.92,0.0,0.0,0.0
7.851520538330078,0.018407847994444,-0.0966412019708311,0.0061359493314813,0.0444856326532397,-0.6074589838166531,-7.968734807675752,0.0168738606615736,-0.18254449261157,-0.0291457593245363,0.0199418353273143,-0.6613994285726782,-8.392181362820754,-10.76,-876.9399999999999,-392.74,-330.87,-562.21,0.0,0.0,0.0,0.0,0.0,31,37,36,33,37,-7,-350,-138,-107,-212,12.7,12.5,12.5,12.4,12.3,-999,-999,-3.92,0.0,0.0,0.0
7.869661808013916,0.0168738606615736,-0.0981751893037015,0.004601961998611,0.04601961998611,-0.6074589838166531,-7.968734807675752,0.0168738606615736,-0.18254449261157,-0.0291457593245363,0.0199418353273143,-0.6613994285726782,-8.392181362820754,-10.76,-876.9399999999999,-392.74,-330.87,-564.9,0.0,0.0,0.0,0.0,0.0,31,38,37,33,37,0,-350,-138,-107,-218,12.7,12.6,12.5,12.4,12.4,-999,-999,-3.92,0.0,0.0,0.0
7.886528491973877,0.018407847994444,-0.0981751893037015,0.004601961998611,0.04601961998611,-0.6074589838166531,-7.968734807675752,0.0168738606615736,-0.18254449261157,-0.0291457593245363,0.0199418353273143,-0.6613994285726782,-8.392181362820754,-8.07,-879.63,-395.43,-338.94,-567.59,0.0,0.0,0.0,0.0,0.0,31,38,37,34,37,0,-344,-138,-107,-218,12.7,12.6,12.5,12.3,12.3,-999,-999,-3.92,0.0,0.0,0.0
7.90349555015564,0.0168738606615736,-0.0981751893037015,0.004601961998611,0.04601961998611,-0.6074589838166531,-7.968734807675752,0.0168738606615736,-0.18254449261157,-0.0291457593245363,0.0199418353273143,-0.6613994285726782,-8.392181362820754,-10.76,-874.25,-392.74,-333.56,-567.59,0.0,0.0,0.0,0.0,0.0,31,38,37,34,37,-7,-344,-138,-107,-212,12.6,12.6,12.5,12.4,12.4,-999,-999,-3.92,0.0,0.0,0.0
7.920529127120972,0.0168738606615736,-0.0966412019708311,0.0061359493314813,0.04601961998611,-0.6059249964837827,-7.956121396351854,0.0168738606615736,-0.18254449261157,-0.0291457593245363,0.0199418353273143,-0.6613994285726782,-8.392181362820754,-8.07,-882.3199999999999,-400.81,-328.18,-567.59,0.0,0.0,0.0,0.0,0.0,31,37,37,34,36,0,-350,-138,-107,-218,12.7,12.6,12.5,12.4,12.3,-999,-999,-3.92,0.0,0.0,0.0
7.93755841255188,0.018407847994444,-0.0981751893037015,0.004601961998611,0.04601961998611,-0.6074589838166531,-7.968734807675752,0.018407847994444,-0.18254449261157,-0.0291457593245363,0.0199418353273143,-0.6613994285726782,-8.392181362820754,-8.07,-876.9399999999999,-392.74,-322.8,-564.9,0.0,0.0,0.0,0.0,0.0,31,37,37,34,37,-7,-344,-138,-100,-212,12.6,12.6,12.5,12.4,12.3,-999,-999,-3.92,0.0,0.0,0.0
7.954540252685545,0.0168738606615736,-0.0981751893037015,0.004601961998611,0.04601961998611,-0.6074589838166531,-7.968734807675752,0.0168738606615736,-0.18254449261157,-0.0291457593245363,0.0199418353273143,-0.6613994285726782,-8.392181362820754,-8.07,-876.9399999999999,-395.43,-330.87,-564.9,0.0,0.0,0.0,0.0,0.0,31,38,37,34,37,6,-344,-138,-107,-212,12.6,12.6,12.5,12.4,12.3,-999,-999,-3.92,0.0,0.0,0.0
7.971597671508789,0.018407847994444,-0.0966412019708311,0.004601961998611,0.04601961998611,-0.6074589838166531,-7.968734807675752,0.0168738606615736,-0.1840784799444403,-0.0306797466574067,0.0199418353273143,-0.6613994285726782,-8.392181362820754,-8.07,-874.25,-392.74,-330.87,-562.21,0.0,0.0,0.0,0.0,0.0,31,38,37,34,37,0,-344,-138,-107,-212,12.7,12.6,12.5,12.4,12.3,-999,-999,-3.92,0.0,0.0,0.0
7.988570213317871,0.018407847994444,-0.0966412019708311,0.004601961998611,0.04601961998611,-0.6074589838166531,-7.968734807675752,0.0168738606615736,-0.18254449261157,-0.0291457593245363,0.0199418353273143,-0.6613994285726782,-8.392181362820754,-10.76,-898.46,-411.57,-330.87,-570.28,0.0,0.0,0.0,0.0,0.0,31,37,37,34,37,0,-357,-144,-100,-218,12.6,12.6,12.4,12.3,12.3,-999,-999,-3.92,0.0,0.0,0.0
8.005588531494142,0.018407847994444,-0.0981751893037015,0.004601961998611,0.04601961998611,-0.6074589838166531,-7.968734807675752,0.018407847994444,-0.18254449261157,-0.0291457593245363,0.0199418353273143,-0.6613994285726782,-8.392181362820754,-8.07,-858.11,-384.67,-330.87,-564.9,0.0,0.0,0.0,0.0,0.0,31,37,37,34,37,0,-350,-138,-107,-212,12.6,12.6,12.4,12.4,12.3,-999,-999,-3.92,0.0,0.0,0.0
8.022544860839844,0.0168738606615736,-0.0966412019708311,0.0061359493314813,0.04601961998611,-0.6074589838166531,-7.968734807675752,0.0168738606615736,-0.18254449261157,-0.0291457593245363,0.0199418353273143,-0.6613994285726782,-8.392181362820754,-8.07,-876.9399999999999,-390.05,-336.25,-567.59,0.0,0.0,0.0,0.0,0.0,31,37,37,34,38,6,-350,-138,-107,-212,12.7,12.6,12.5,12.4,12.2,-999,-999,-3.92,0.0,0.0,0.0
8.03954815864563,0.0168738606615736,-0.0981751893037015,0.004601961998611,0.04601961998611,-0.6074589838166531,-7.968734807675752,0.0168738606615736,-0.18254449261157,-0.0291457593245363,0.0199418353273143,-0.6613994285726782,-8.392181362820754,-8.07,-874.25,-392.74,-336.25,-562.21,0.0,0.0,0.0,0.0,0.0,31,37,37,34,37,0,-344,-138,-107,-212,12.7,12.6,12.5,12.4,12.4,-999,-999,-3.92,0.0,0.0,0.0
8.05652666091919,0.018407847994444,-0.0966412019708311,0.0061359493314813,0.04601961998611,-0.6074589838166531,-7.968734807675752,0.0168738606615736,-0.18254449261157,-0.0291457593245363,0.0199418353273143,-0.6613994285726782,-8.392181362820754,-10.76,-876.9399999999999,-392.74,-328.18,-570.28,0.0,0.0,0.0,0.0,0.0,31,37,37,34,37,0,-344,-138,-107,-212,12.7,12.6,12.5,12.4,12.2,-999,-999,-3.92,0.0,0.0,0.0
8.073499202728271,0.0168738606615736,-0.0981751893037015,0.004601961998611,0.04601961998611,-0.6074589838166531,-7.968734807675752,0.0168738606615736,-0.18254449261157,-0.0291457593245363,0.0199418353273143,-0.6613994285726782,-8.392181362820754,-8.07,-879.63,-387.36,-336.25,-564.9,0.0,0.0,0.0,0.0,0.0,31,37,37,34,38,0,-350,-138,-107,-212,12.7,12.6,12.5,12.4,12.3,-999,-999,-3.92,0.0,0.0,0.0
8.09244680404663,0.018407847994444,-0.0966412019708311,0.004601961998611,0.04601961998611,-0.6074589838166531,-7.968734807675752,0.0168738606615736,-0.18254449261157,-0.0291457593245363,0.0199418353273143,-0.6613994285726782,-8.392181362820754,-10.76,-879.63,-392.74,-336.25,-564.9,0.0,0.0,0.0,0.0,0.0,31,37,37,33,37,-7,-350,-138,-107,-218,12.7,12.6,12.5,12.4,12.3,-999,-999,-3.92,0.0,0.0,0.0
8.111470699310301,0.0168738606615736,-0.0981751893037015,0.004601961998611,0.04601961998611,-0.6074589838166531,-7.968734807675752,0.0168738606615736,-0.18254449261157,-0.0291457593245363,0.0199418353273143,-0.6613994285726782,-8.392181362820754,-8.07,-874.25,-390.05,-330.87,-562.21,0.0,0.0,0.0,0.0,0.0,31,37,37,33,37,0,-344,-138,-107,-212,12.7,12.7,12.5,12.3,12.3,-999,-999,-3.92,0.0,0.0,0.0
8.128520011901855,0.0168738606615736,-0.0981751893037015,0.004601961998611,0.04601961998611,-0.6074589838166531,-7.968734807675752,0.0168738606615736,-0.18254449261157,-0.0291457593245363,0.0199418353273143,-0.6613994285726782,-8.392181362820754,-8.07,-882.3199999999999,-395.43,-336.25,-562.21,0.0,0.0,0.0,0.0,0.0,31,37,37,34,37,-7,-344,-138,-107,-212,12.7,12.5,12.5,12.4,12.3,-999,-999,-3.92,0.0,0.0,0.0
8.14646100997925,0.018407847994444,-0.0981751893037015,0.004601961998611,0.04601961998611,-0.6074589838166531,-7.968734807675752,0.0153398733287033,-0.18254449261157,-0.0306797466574067,0.0199418353273143,-0.6613994285726782,-8.392181362820754,-8.07,-885.01,-390.05,-330.87,-564.9,0.0,0.0,0.0,0.0,0.0,31,37,37,34,37,-7,-350,-138,-107,-212,12.7,12.6,12.6,12.3,12.3,-999,-999,-3.92,0.0,0.0,0.0
8.163596868515013,0.0168738606615736,-0.0981751893037015,0.004601961998611,0.04601961998611,-0.6074589838166531,-7.968734807675752,0.0153398733287033,-0.18254449261157,-0.0306797466574067,0.0199418353273143,-0.6613994285726782,-8.392181362820754,0.0,-874.25,-406.19,-336.25,-564.9,0.0,0.0,0.0,0.0,0.0,31,38,37,34,37,-13,-350,-144,-107,-212,12.7,12.6,12.5,12.4,12.3,-999,-999,-3.92,0.0,0.0,0.0
8.180595636367798,0.0168738606615736,-0.0981751893037015,0.004601961998611,0.04601961998611,-0.6074589838166531,-7.968734807675752,0.0153398733287033,-0.18254449261157,-0.0306797466574067,0.0199418353273143,-0.6613994285726782,-8.392181362820754,-10.76,-882.3199999999999,-406.19,-330.87,-562.21,0.0,0.0,0.0,0.0,0.0,31,38,37,33,37,-7,-350,-150,-107,-218,12.7,12.6,12.5,12.4,12.3,-999,-999,-3.92,0.0,0.0,0.0
8.197594642639162,0.0168738606615736,-0.0966412019708311,0.004601961998611,0.04601961998611,-0.6074589838166531,-7.968734807675752,0.0153398733287033,-0.18254449261157,-0.0291457593245363,0.0199418353273143,-0.6613994285726782,-8.392181362820754,-10.76,-882.3199999999999,-408.88,-333.56,-562.21,0.0,0.0,0.0,0.0,0.0,31,38,37,33,37,-7,-350,-144,-107,-212,12.7,12.6,12.5,12.4,12.3,-999,-999,-3.92,0.0,0.0,0.0
8.214584589004518,0.0168738606615736,-0.0966412019708311,0.004601961998611,0.04601961998611,-0.6074589838166531,-7.968734807675752,0.0153398733287033,-0.18254449261157,-0.0291457593245363,0.0199418353273143,-0.6613994285726782,-8.392181362820754,-10.76,-879.63,-384.67,-336.25,-562.21,0.0,0.0,0.0,0.0,0.0,31,38,36,33,37,-7,-350,-138,-107,-212,12.7,12.6,12.5,12.4,12.3,-999,-999,-3.92,0.0,0.0,0.0
8.231582880020142,0.0168738606615736,-0.0966412019708311,0.004601961998611,0.04601961998611,-0.6059249964837827,-7.956121396351854,0.0153398733287033,-0.18254449261157,-0.0291457593245363,0.0199418353273143,-0.6613994285726782,-8.392181362820754,-8.07,-879.63,-390.05,-336.25,-564.9,0.0,0.0,0.0,0.0,0.0,31,38,36,33,37,-13,-344,-144,-107,-212,12.6,12.1,12.5,12.4,12.3,-999,-999,-3.92,0.0,0.0,0.0
8.248899459838867,0.0168738606615736,-0.0981751893037015,0.004601961998611,0.04601961998611,-0.6059249964837827,-7.956121396351854,0.0153398733287033,-0.18254449261157,-0.0291457593245363,0.0199418353273143,-0.6613994285726782,-8.392181362820754,-10.76,-879.63,-390.05,-330.87,-559.52,0.0,0.0,0.0,0.0,0.0,31,38,36,33,37,-7,-350,-138,-107,-212,12.7,12.6,12.5,12.4,12.4,-999,-999,-3.92,0.0,0.0,0.0
8.266550064086914,0.0168738606615736,-0.0981751893037015,0.004601961998611,0.04601961998611,-0.6059249964837827,-7.956121396351854,0.0153398733287033,-0.1810105052786996,-0.0291457593245363,0.0199418353273143,-0.6613994285726782,-8.392181362820754,-5.38,-874.25,-392.74,-328.18,-564.9,0.0,0.0,0.0,0.0,0.0,31,38,36,33,37,-7,-344,-144,-107,-212,12.6,12.5,12.5,12.4,12.3,-999,-999,-3.92,0.0,0.0,0.0
8.283624410629274,0.0168738606615736,-0.0981751893037015,0.004601961998611,0.04601961998611,-0.6074589838166531,-7.968734807675752,0.0153398733287033,-0.1810105052786996,-0.0291457593245363,0.0199418353273143,-0.6613994285726782,-8.392181362820754,-10.76,-858.11,-390.05,-333.56,-559.52,0.0,0.0,0.0,0.0,0.0,31,38,36,33,37,-7,-338,-138,-107,-212,12.7,12.6,12.5,12.4,11.8,-999,-999,-3.92,0.0,0.0,0.0
8.300610303878786,0.0168738606615736,-0.0981751893037015,0.004601961998611,0.04601961998611,-0.6059249964837827,-7.956121396351854,0.0153398733287033,-0.1794765179458293,-0.0291457593245363,0.0199418353273143,-0.6613994285726782,-8.392181362820754,-10.76,-860.8,-392.74,-336.25,-564.9,0.0,0.0,0.0,0.0,0.0,31,38,37,33,37,-7,-344,-138,-107,-212,12.7,12.5,12.5,12.4,12.4,-999,-999,-3.92,0.0,0.0,0.0
8.317509651184082,0.0168738606615736,-0.0966412019708311,0.004601961998611,0.04601961998611,-0.6074589838166531,-7.968734807675752,0.0153398733287033,-0.1779425306129589,-0.0291457593245363,0.0199418353273143,-0.6613994285726782,-8.392181362820754,-10.76,-844.66,-390.05,-333.56,-567.59,0.0,0.0,0.0,0.0,0.0,31,38,37,33,38,-7,-338,-138,-100,-212,12.7,12.6,12.4,12.4,12.4,-999,-999,-3.92,0.0,0.0,0.0
8.334527730941774,0.0168738606615736,-0.0981751893037015,0.004601961998611,0.04601961998611,-0.6074589838166531,-7.968734807675752,0.0153398733287033,-0.1779425306129589,-0.0291457593245363,0.0199418353273143,-0.6613994285726782,-8.392181362820754,-10.76,-820.4499999999999,-392.74,-336.25,-562.21,0.0,0.0,0.0,0.0,0.0,31,38,37,33,37,-7,-325,-144,-107,-212,12.7,12.6,12.6,12.4,12.3,-999,-999,-3.92,0.0,0.0,0.0
8.351557970046997,0.0168738606615736,-0.0966412019708311,0.004601961998611,0.0444856326532397,-0.6059249964837827,-7.956121396351854,0.0153398733287033,-0.1764085432800886,-0.0291457593245363,0.0199418353273143,-0.6613994285726782,-8.392181362820754,-10.76,-831.21,-390.05,-330.87,-562.21,0.0,0.0,0.0,0.0,0.0,31,38,37,34,38,-7,-332,-138,-107,-218,12.6,12.6,12.5,12.4,12.3,-999,-999,-3.92,0.0,0.0,0.0
8.368508577346802,0.0168738606615736,-0.0981751893037015,0.004601961998611,0.04601961998611,-0.6059249964837827,-7.956121396351854,0.0153398733287033,-0.1748745559472183,-0.0306797466574067,0.0199418353273143,-0.6613994285726782,-8.392181362820754,-13.45,-807.0,-398.12,-336.25,-562.21,0.0,0.0,0.0,0.0,0.0,31,38,37,34,38,-7,-319,-144,-107,-212,12.7,12.6,12.5,12.4,12.3,-999,-999,-3.92,0.0,0.0,0.0
8.385473489761354,0.0168738606615736,-0.0981751893037015,0.004601961998611,0.04601961998611,-0.6059249964837827,-7.956121396351854,0.0153398733287033,-0.1748745559472183,-0.0306797466574067,0.0199418353273143,-0.6613994285726782,-8.392181362820754,-13.45,-793.55,-411.57,-336.25,-564.9,0.0,0.0,0.0,0.0,0.0,31,38,37,34,37,-7,-313,-144,-107,-212,12.7,12.5,12.5,12.5,12.3,-999,-999,-3.92,0.0,0.0,0.0
8.402527809143066,0.0168738606615736,-0.0966412019708311,0.004601961998611,0.0444856326532397,-0.6074589838166531,-7.968734807675752,0.0153398733287033,-0.1748745559472183,-0.0306797466574067,0.0199418353273143,-0.6613994285726782,-8.392181362820754,-13.45,-782.79,-384.67,-338.94,-564.9,0.0,0.0,0.0,0.0,0.0,31,38,37,34,37,-7,-307,-138,-107,-212,12.7,12.7,12.5,12.5,12.3,-999,-999,-3.92,0.0,0.0,0.0
8.419481039047241,0.0168738606615736,-0.0981751893037015,0.004601961998611,0.04601961998611,-0.6074589838166531,-7.968734807675752,0.0153398733287033,-0.1748745559472183,-0.0306797466574067,0.0199418353273143,-0.6613994285726782,-8.392181362820754,-13.45,-788.17,-406.19,-333.56,-562.21,0.0,0.0,0.0,0.0,0.0,31,38,37,34,37,-7,-313,-144,-107,-212,12.7,12.5,12.5,12.4,12.4,-999,-999,-3.92,0.0,0.0,0.0
8.436508417129518,0.0168738606615736,-0.0981751893037015,0.004601961998611,0.0444856326532397,-0.6074589838166531,-7.968734807675752,0.0153398733287033,-0.1748745559472183,-0.0306797466574067,0.0199418353273143,-0.6613994285726782,-8.392181362820754,-13.45,-785.48,-408.88,-338.94,-564.9,0.0,0.0,0.0,0.0,0.0,31,38,37,34,37,-7,-313,-144,-107,-212,12.7,12.6,12.5,12.4,12.4,-999,-999,-3.92,0.0,0.0,0.0
8.453533411026001,0.0153398733287033,-0.0981751893037015,0.004601961998611,0.0444856326532397,-0.6074589838166531,-7.968734807675752,0.0122718986629626,-0.1748745559472183,-0.0291457593245363,0.0199418353273143,-0.6613994285726782,-8.392181362820754,8.07,-780.1,-411.57,-338.94,-567.59,0.0,0.0,0.0,0.0,0.0,31,38,37,34,37,-13,-307,-144,-107,-212,12.7,12.6,12.4,12.4,12.3,-999,-999,-3.92,0.0,0.0,0.0
8.470464706420897,0.0153398733287033,-0.0981751893037015,0.004601961998611,0.04601961998611,-0.6074589838166531,-7.968734807675752,0.0122718986629626,-0.1748745559472183,-0.0291457593245363,0.0199418353273143,-0.6613994285726782,-8.392181362820754,10.76,-785.48,-384.67,-336.25,-567.59,0.0,0.0,0.0,0.0,0.0,31,38,37,33,37,-13,-313,-138,-107,-218,12.6,12.6,12.5,12.4,12.3,-999,-999,-3.92,0.0,0.0,0.0
8.487584114074707,0.0153398733287033,-0.0981751893037015,0.004601961998611,0.0444856326532397,-0.6059249964837827,-7.956121396351854,0.0107379113300923,-0.1748745559472183,-0.0306797466574067,0.0199418353273143,-0.6613994285726782,-8.392181362820754,-10.76,-782.79,-392.74,-328.18,-562.21,0.0,0.0,0.0,0.0,0.0,31,37,37,33,37,-19,-313,-138,-107,-218,12.7,12.6,12.5,12.4,12.3,-999,-999,-3.92,0.0,0.0,0.0
8.50448489189148,0.013805885995833,-0.0981751893037015,0.004601961998611,0.04601961998611,-0.6074589838166531,-7.968734807675752,0.0107379113300923,-0.1748745559472183,-0.0306797466574067,0.0199418353273143,-0.6613994285726782,-8.392181362820754,0.0,-780.1,-411.57,-336.25,-559.52,-0.023980823922402,0.0,0.0,0.0,0.0,31,37,37,33,38,-13,-307,-150,-107,-212,12.6,12.6,12.6,12.5,12.3,-999,-999,-3.92,0.0,0.0,0.0
8.521592855453491,0.013805885995833,-0.0981751893037015,0.004601961998611,0.04601961998611,-0.6074589838166531,-7.968734807675752,0.009203923997222,-0.1733405686143479,-0.0291457593245363,0.0199418353273143,-0.6613994285726782,-8.392181362820754,-10.76,-785.48,-406.19,-325.49,-562.21,-0.023980823922402,0.0,0.0,0.0,0.0,31,37,37,33,37,-19,-307,-144,-100,-212,12.7,12.6,12.5,12.4,12.3,-999,-999,-3.92,0.0,0.0,0.0
8.538468360900877,0.0122718986629626,-0.0966412019708311,0.004601961998611,0.04601961998611,-0.6059249964837827,-7.956121396351854,0.009203923997222,-0.1733405686143479,-0.0291457593245363,0.0199418353273143,-0.6613994285726782,-8.392181362820754,2.69,-785.48,-390.05,-333.56,-570.28,-0.023980823922402,0.0,0.0,0.0,0.0,31,37,37,33,37,-13,-313,-144,-107,-218,12.7,12.7,12.6,12.4,12.3,-999,-999,-3.92,0.0,0.0,0.0
8.555581092834473,0.0107379113300923,-0.0981751893037015,0.004601961998611,0.04601961998611,-0.6074589838166531,-7.968734807675752,0.009203923997222,-0.1748745559472183,-0.0291457593245363,0.0199418353273143,-0.6613994285726782,-8.392181362820754,0.0,-785.48,-408.88,-333.56,-562.21,-0.023980823922402,0.0,0.0,0.0,0.0,31,38,37,34,37,-13,-313,-144,-107,-212,12.6,12.6,12.5,12.4,12.4,-999,-999,-3.92,0.0,0.0,0.0
8.573458671569826,0.0107379113300923,-0.0966412019708311,0.004601961998611,0.04601961998611,-0.6074589838166531,-7.968734807675752,0.009203923997222,-0.1748745559472183,-0.0291457593245363,0.0199418353273143,-0.6613994285726782,-8.392181362820754,0.0,-785.48,-384.67,-333.56,-567.59,-0.023980823922402,0.0,0.0,0.0,0.0,31,38,37,34,37,-7,-307,-138,-107,-212,12.7,12.7,12.5,12.4,12.3,-999,-999,-3.92,0.0,0.0,0.0
8.590481042861937,0.0107379113300923,-0.0966412019708311,0.004601961998611,0.0444856326532397,-0.6074589838166531,-7.968734807675752,0.009203923997222,-0.1748745559472183,-0.0306797466574067,0.0199418353273143,-0.6613994285726782,-8.392181362820754,0.0,-785.48,-406.19,-330.87,-570.28,-0.023980823922402,0.0,0.0,0.0,0.0,31,37,37,34,37,-7,-313,-144,-107,-218,12.7,12.6,12.5,12.4,12.3,-999,-999,-3.92,0.0,0.0,0.0
8.607480764389038,0.009203923997222,-0.0966412019708311,0.004601961998611,0.04601961998611,-0.6074589838166531,-7.968734807675752,0.0076699366643516,-0.1748745559472183,-0.0306797466574067,0.0199418353273143,-0.6613994285726782,-8.392181362820754,10.76,-788.17,-406.19,-336.25,-567.59,-0.023980823922402,0.0,0.0,0.0,0.0,31,37,37,34,37,-7,-313,-144,-107,-212,12.6,12.7,12.5,12.4,12.3,-999,-999,-3.92,0.0,0.0,0.0
8.624495744705202,0.0076699366643516,-0.0966412019708311,0.004601961998611,0.04601961998611,-0.6074589838166531,-7.968734807675752,0.009203923997222,-0.1748745559472183,-0.0291457593245363,0.0199418353273143,-0.6613994285726782,-8.392181362820754,0.0,-788.17,-387.36,-333.56,-559.52,-0.023980823922402,0.0,0.0,0.0,0.0,31,37,37,34,37,0,-307,-138,-107,-212,12.7,12.6,12.5,12.4,12.4,-999,-999,-3.92,0.0,0.0,0.0
8.643426179885866,0.0076699366643516,-0.0966412019708311,0.0061359493314813,0.0444856326532397,-0.6074589838166531,-7.968734807675752,0.009203923997222,-0.1748745559472183,-0.0306797466574067,0.0199418353273143,-0.6613994285726782,-8.392181362820754,-2.69,-785.48,-390.05,-336.25,-564.9,-0.023980823922402,0.0,0.0,0.0,0.0,31,37,37,34,38,6,-313,-138,-100,-218,12.7,12.6,12.5,12.4,12.4,-999,-999,-3.92,0.0,0.0,0.0
8.660466432571411,0.0076699366643516,-0.0981751893037015,0.0061359493314813,0.04601961998611,-0.6059249964837827,-7.956121396351854,0.009203923997222,-0.1748745559472183,-0.0306797466574067,0.0199418353273143,-0.6613994285726782,-8.392181362820754,-2.69,-780.1,-422.33,-333.56,-564.9,-0.023980823922402,0.0,0.0,0.0,0.0,31,37,37,34,37,6,-307,-144,-107,-212,12.7,12.5,12.5,12.4,12.3,-999,-999,-3.92,0.0,0.0,0.0
8.67754578590393,0.0076699366643516,-0.0981751893037015,0.004601961998611,0.04601961998611,-0.6074589838166531,-7.968734807675752,0.0076699366643516,-0.1748745559472183,-0.0306797466574067,0.0199418353273143,-0.6613994285726782,-8.392181362820754,-2.69,-790.86,-384.67,-338.94,-562.21,-0.023980823922402,0.0,0.0,0.0,0.0,31,37,37,34,37,0,-313,-138,-107,-218,12.7,12.6,12.5,12.4,12.4,-999,-999,-3.92,0.0,0.0,0.0
8.694554328918457,0.0076699366643516,-0.0966412019708311,0.004601961998611,0.0444856326532397,-0.6074589838166531,-7.968734807675752,0.0076699366643516,-0.1748745559472183,-0.0306797466574067,0.0199418353273143,-0.6613994285726782,-8.392181362820754,-2.69,-785.48,-406.19,-333.56,-564.9,-0.023980823922402,0.0,0.0,0.0,0.0,31,37,37,34,37,0,-307,-144,-107,-212,12.7,12.6,12.5,12.4,12.4,-999,-999,-3.92,0.0,0.0,0.0
8.711486577987671,0.0076699366643516,-0.0981751893037015,0.0061359493314813,0.04601961998611,-0.6059249964837827,-7.956121396351854,0.0061359493314813,-0.1748745559472183,-0.0306797466574067,0.0199418353273143,-0.6613994285726782,-8.392181362820754,-2.69,-785.48,-411.57,-336.25,-564.9,0.0,0.0,0.0,0.0,0.0,31,37,38,33,37,0,-313,-144,-107,-218,12.7,12.6,12.5,12.4,12.4,-999,-999,-3.92,0.0,0.0,0.0
8.728537321090698,0.0076699366643516,-0.0981751893037015,0.004601961998611,0.04601961998611,-0.6059249964837827,-7.956121396351854,0.0061359493314813,-0.1748745559472183,-0.0306797466574067,0.0199418353273143,-0.6613994285726782,-8.392181362820754,-2.69,-780.1,-408.88,-330.87,-562.21,0.0,0.0,0.0,0.0,0.0,31,37,37,34,37,-7,-307,-150,-107,-212,12.7,12.6,12.5,12.3,12.3,-999,-999,-3.92,0.0,0.0,0.0
8.745454549789429,0.0076699366643516,-0.0981751893037015,0.004601961998611,0.04601961998611,-0.6074589838166531,-7.968734807675752,0.004601961998611,-0.1748745559472183,-0.0306797466574067,0.0199418353273143,-0.6613994285726782,-8.392181362820754,0.0,-793.55,-406.19,-336.25,-567.59,0.0,0.0,0.0,0.0,0.0,31,37,37,33,37,-7,-313,-144,-107,-212,12.7,12.6,12.5,12.4,12.3,-999,-999,-3.92,0.0,0.0,0.0
8.762497425079346,0.0076699366643516,-0.0966412019708311,0.004601961998611,0.04601961998611,-0.6074589838166531,-7.968734807675752,0.0030679746657406,-0.1748745559472183,-0.0306797466574067,0.0199418353273143,-0.6613994285726782,-8.392181362820754,37.66,-785.48,-406.19,-333.56,-564.9,0.0,0.0,0.0,0.0,0.0,31,37,37,33,37,-13,-313,-144,-107,-212,12.7,12.5,12.5,12.4,12.4,-999,-999,-3.92,0.0,0.0,0.0
8.77952766418457,0.0061359493314813,-0.0981751893037015,0.004601961998611,0.04601961998611,-0.6074589838166531,-7.968734807675752,0.0030679746657406,-0.1748745559472183,-0.0291457593245363,0.0199418353273143,-0.6613994285726782,-8.392181362820754,8.07,-780.1,-411.57,-336.25,-562.21,0.0,0.0,0.0,0.0,0.0,31,37,37,33,37,-13,-307,-144,-107,-218,12.7,12.6,12.5,12.4,12.3,-999,-999,-3.92,0.0,0.0,0.0
8.797043323516846,0.0061359493314813,-0.0981751893037015,0.004601961998611,0.0444856326532397,-0.6074589838166531,-7.968734807675752,0.0030679746657406,-0.1748745559472183,-0.0291457593245363,0.0199418353273143,-0.6613994285726782,-8.392181362820754,0.0,-782.79,-384.67,-338.94,-562.21,0.0,0.0,0.0,0.0,0.0,31,37,37,33,37,-13,-307,-138,-107,-212,12.7,12.6,12.5,12.4,12.3,-999,-999,-3.92,0.0,0.0,0.0
8.814474344253542,0.0061359493314813,-0.0966412019708311,0.004601961998611,0.04601961998611,-0.6059249964837827,-7.956121396351854,0.0030679746657406,-0.1748745559472183,-0.0291457593245363,0.0199418353273143,-0.6613994285726782,-8.392181362820754,0.0,-790.86,-390.05,-336.25,-562.21,0.0,0.0,0.0,0.0,0.0,30,37,37,34,37,-13,-307,-138,-107,-212,12.7,12.6,12.5,12.4,12.3,-999,-999,-3.92,0.0,0.0,0.0
8.831568479537964,0.0061359493314813,-0.0966412019708311,0.0061359493314813,0.04601961998611,-0.6074589838166531,-7.968734807675752,0.0030679746657406,-0.1748745559472183,-0.0291457593245363,0.0199418353273143,-0.6613994285726782,-8.392181362820754,-2.69,-782.79,-390.05,-336.25,-562.21,-0.023980823922402,0.0,0.0,0.0,0.0,31,37,37,34,37,-7,-307,-138,-107,-212,12.7,12.6,12.5,12.4,12.3,-999,-999,-3.92,0.0,0.0,0.0
8.848546981811523,0.004601961998611,-0.0981751893037015,0.004601961998611,0.04601961998611,-0.6074589838166531,-7.968734807675752,0.0030679746657406,-0.1748745559472183,-0.0291457593245363,0.0199418353273143,-0.6613994285726782,-8.392181362820754,0.0,-785.48,-392.74,-330.87,-564.9,-0.023980823922402,0.0,0.0,0.0,0.0,31,37,37,34,37,-7,-307,-138,-107,-212,12.7,12.7,12.5,12.4,12.2,-999,-999,-3.92,0.0,0.0,0.0
8.865555763244629,0.004601961998611,-0.0981751893037015,0.004601961998611,0.0444856326532397,-0.6059249964837827,-7.956121396351854,0.0015339873328703,-0.1748745559472183,-0.0291457593245363,0.0199418353273143,-0.6613994285726782,-8.392181362820754,-5.38,-790.86,-392.74,-336.25,-562.21,-0.023980823922402,0.0,0.0,0.0,0.0,31,37,37,34,37,-7,-313,-138,-107,-212,12.7,12.6,12.5,12.4,12.1,-999,-999,-3.92,0.0,0.0,0.0
8.882556915283203,0.004601961998611,-0.0981751893037015,0.004601961998611,0.0444856326532397,-0.6059249964837827,-7.956121396351854,0.0030679746657406,-0.1748745559472183,-0.0306797466574067,0.0199418353273143,-0.6613994285726782,-8.392181362820754,26.9,-780.1,-392.74,-338.94,-562.21,-0.023980823922402,0.0,0.0,0.0,0.0,31,37,37,34,37,-13,-307,-138,-107,-212,12.7,12.6,12.5,12.4,12.4,-999,-999,-3.92,0.0,0.0,0.0
8.89954686164856,0.0030679746657406,-0.0966412019708311,0.004601961998611,0.04601961998611,-0.6074589838166531,-7.968734807675752,0.0030679746657406,-0.1748745559472183,-0.0306797466574067,0.0199418353273143,-0.6613994285726782,-8.392181362820754,0.0,-782.79,-408.88,-333.56,-564.9,-0.023980823922402,0.0,0.0,0.0,0.0,31,37,37,34,37,0,-307,-144,-107,-218,12.7,12.6,12.5,12.4,12.4,-999,-999,-3.92,0.0,0.0,0.0
8.91644859313965,0.0030679746657406,-0.0981751893037015,0.004601961998611,0.04601961998611,-0.6074589838166531,-7.968734807675752,0.0030679746657406,-0.1748745559472183,-0.0306797466574067,0.0199418353273143,-0.6613994285726782,-8.392181362820754,-2.69,-785.48,-406.19,-333.56,-564.9,-0.023980823922402,0.0,0.0,0.0,0.0,31,37,37,34,36,6,-307,-144,-107,-212,12.7,12.8,12.5,12.4,12.4,-999,-999,-3.92,0.0,0.0,0.0
8.933504819869995,0.0015339873328703,-0.0966412019708311,0.004601961998611,0.04601961998611,-0.6074589838166531,-7.968734807675752,0.0030679746657406,-0.1748745559472183,-0.0291457593245363,0.0199418353273143,-0.6613994285726782,-8.392181362820754,-2.69,-785.48,-384.67,-338.94,-562.21,-0.023980823922402,0.0,0.0,0.0,0.0,31,37,37,34,37,6,-313,-138,-107,-212,12.7,12.6,12.6,12.4,12.3,-999,-999,-3.92,0.0,0.0,0.0
8.950537204742432,0.0015339873328703,-0.0981751893037015,0.004601961998611,0.04601961998611,-0.6074589838166531,-7.968734807675752,0.0015339873328703,-0.1748745559472183,-0.0291457593245363,0.0199418353273143,-0.6613994285726782,-8.392181362820754,-2.69,-790.86,-390.05,-333.56,-562.21,-0.023980823922402,0.0,0.0,0.0,0.0,31,37,37,33,37,6,-313,-138,-107,-212,12.7,12.6,12.5,12.4,12.3,-999,-999,-3.92,0.0,0.0,0.0
8.967519998550415,0.0030679746657406,-0.0966412019708311,0.004601961998611,0.04601961998611,-0.6074589838166531,-7.968734807675752,0.0030679746657406,-0.1733405686143479,-0.0291457593245363,0.0199418353273143,-0.6613994285726782,-8.392181362820754,-2.69,-790.86,-387.36,-333.56,-567.59,-0.023980823922402,0.0,0.0,0.0,0.0,31,37,37,33,37,0,-313,-138,-107,-212,12.7,12.6,12.5,12.4,12.4,-999,-999,-3.92,0.0,0.0,0.0
8.984551668167114,0.0015339873328703,-0.0966412019708311,0.004601961998611,0.04601961998611,-0.6074589838166531,-7.968734807675752,0.0030679746657406,-0.1748745559472183,-0.0291457593245363,0.0199418353273143,-0.6613994285726782,-8.392181362820754,-5.38,-788.17,-392.74,-336.25,-562.21,0.0,0.0,0.0,0.0,0.0,31,38,37,33,37,6,-313,-138,-107,-212,12.6,12.6,12.5,12.4,12.3,-999,-999,-3.92,0.0,0.0,0.0
9.00155258178711,0.0015339873328703,-0.0966412019708311,0.004601961998611,0.0444856326532397,-0.6074589838166531,-7.968734807675752,0.0030679746657406,-0.1733405686143479,-0.0291457593245363,0.0199418353273143,-0.6613994285726782,-8.392181362820754,-5.38,-788.17,-390.05,-336.25,-562.21,0.0,0.0,0.0,0.0,0.0,31,37,37,34,37,6,-313,-138,-107,-218,12.7,12.4,12.5,12.4,12.4,-999,-999,-3.92,0.0,0.0,0.0
9.018428802490234,0.0015339873328703,-0.0981751893037015,0.004601961998611,0.04601961998611,-0.6074589838166531,-7.968734807675752,0.0030679746657406,-0.1733405686143479,-0.0291457593245363,0.0199418353273143,-0.6613994285726782,-8.392181362820754,-5.38,-788.17,-390.05,-330.87,-559.52,0.0,0.0,0.0,0.0,0.0,31,37,37,34,38,6,-307,-138,-100,-212,12.7,12.6,12.6,12.4,12.4,-999,-999,-3.92,0.0,0.0,0.0
9.035433292388916,0.0015339873328703,-0.0981751893037015,0.004601961998611,0.04601961998611,-0.6074589838166531,-7.968734807675752,0.0030679746657406,-0.1748745559472183,-0.0291457593245363,0.0199418353273143,-0.6613994285726782,-8.392181362820754,-5.38,-782.79,-392.74,-338.94,-559.52,0.0,0.0,0.0,0.0,0.0,31,37,37,33,37,6,-307,-138,-107,-212,12.7,12.6,12.5,12.4,12.3,-999,-999,-3.92,0.0,0.0,0.0
9.0524263381958,0.0015339873328703,-0.0981751893037015,0.004601961998611,0.04601961998611,-0.6074589838166531,-7.968734807675752,0.0030679746657406,-0.1748745559472183,-0.0291457593245363,0.0199418353273143,-0.6613994285726782,-8.392181362820754,-5.38,-782.79,-387.36,-336.25,-562.21,0.0,0.0,0.0,0.0,0.0,31,37,36,33,37,6,-307,-138,-107,-212,12.7,12.8,12.5,12.4,12.3,-999,-999,-3.92,0.0,0.0,0.0
9.069427251815796,0.0015339873328703,-0.0981751893037015,0.004601961998611,0.04601961998611,-0.6074589838166531,-7.968734807675752,0.0030679746657406,-0.1748745559472183,-0.0291457593245363,0.0199418353273143,-0.6613994285726782,-8.392181362820754,-5.38,-782.79,-390.05,-338.94,-564.9,0.0,0.0,0.0,0.0,0.0,31,38,36,33,37,6,-307,-138,-107,-212,12.7,12.6,12.5,12.4,12.3,-999,-999,-3.92,0.0,0.0,0.0
9.086467266082764,0.0015339873328703,-0.0966412019708311,0.004601961998611,0.04601961998611,-0.6074589838166531,-7.968734807675752,0.0030679746657406,-0.1748745559472183,-0.0306797466574067,0.0199418353273143,-0.6613994285726782,-8.392181362820754,-5.38,-788.17,-406.19,-336.25,-559.52,0.0,0.0,0.0,0.0,0.0,31,38,37,33,35,6,-307,-144,-107,-212,12.7,12.6,12.5,12.4,12.3,-999,-999,-3.92,0.0,0.0,0.0
9.103403329849243,0.0015339873328703,-0.0966412019708311,0.0061359493314813,0.04601961998611,-0.6074589838166531,-7.968734807675752,0.0030679746657406,-0.1748745559472183,-0.0306797466574067,0.0199418353273143,-0.6613994285726782,-8.392181362820754,-5.38,-788.17,-408.88,-338.94,-570.28,0.0,0.0,0.0,0.0,0.0,31,38,37,33,37,6,-313,-144,-107,-218,12.7,12.6,12.5,12.4,12.4,-999,-999,-3.92,0.0,0.0,0.0
9.120455026626585,0.0015339873328703,-0.0981751893037015,0.004601961998611,0.04601961998611,-0.6059249964837827,-7.956121396351854,0.0030679746657406,-0.1733405686143479,-0.0306797466574067,0.0199418353273143,-0.6613994285726782,-8.392181362820754,-5.38,-790.86,-381.98,-336.25,-559.52,0.0,0.0,0.0,0.0,0.0,31,38,37,33,37,6,-307,-138,-107,-212,12.7,12.6,12.5,12.4,12.3,-999,-999,-3.92,0.0,0.0,0.0
9.137507200241089,0.0015339873328703,-0.0981751893037015,0.004601961998611,0.04601961998611,-0.6074589838166531,-7.968734807675752,0.0030679746657406,-0.1748745559472183,-0.0291457593245363,0.0199418353273143,-0.6613994285726782,-8.392181362820754,-5.38,-782.79,-408.88,-336.25,-567.59,0.0,0.0,0.0,0.0,0.0,31,38,37,33,37,6,-307,-150,-107,-212,12.7,12.6,12.5,12.4,12.3,-999,-999,-3.92,0.0,0.0,0.0
9.154551267623901,0.0015339873328703,-0.0981751893037015,0.0061359493314813,0.04601961998611,-0.6059249964837827,-7.956121396351854,0.0015339873328703,-0.1748745559472183,-0.0291457593245363,0.0199418353273143,-0.6613994285726782,-8.392181362820754,-5.38,-788.17,-381.98,-333.56,-562.21,0.0,0.0,0.0,0.0,0.0,31,38,37,33,37,6,-307,-138,-107,-212,12.7,12.6,12.6,12.4,12.4,-999,-999,-3.92,0.0,0.0,0.0
9.171430826187134,0.0015339873328703,-0.0966412019708311,0.004601961998611,0.04601961998611,-0.6074589838166531,-7.968734807675752,0.0015339873328703,-0.1748745559472183,-0.0291457593245363,0.0199418353273143,-0.6613994285726782,-8.392181362820754,-5.38,-785.48,-387.36,-333.56,-559.52,0.0,0.0,0.0,0.0,0.0,31,38,37,34,37,0,-307,-138,-107,-212,12.7,12.6,12.5,12.4,12.4,-999,-999,-3.92,0.0,0.0,0.0
9.188462495803833,0.0015339873328703,-0.0981751893037015,0.004601961998611,0.04601961998611,-0.6074589838166531,-7.968734807675752,0.0015339873328703,-0.1748745559472183,-0.0291457593245363,0.0199418353273143,-0.6613994285726782,-8.392181362820754,-5.38,-793.55,-387.36,-336.25,-559.52,0.0,0.0,0.0,0.0,0.0,31,38,37,34,37,0,-313,-138,-107,-212,12.7,12.6,12.6,12.4,12.4,-999,-999,-3.92,0.0,0.0,0.0
9.20545506477356,0.0015339873328703,-0.0966412019708311,0.004601961998611,0.04601961998611,-0.6074589838166531,-7.968734807675752,0.0,-0.1748745559472183,-0.0291457593245363,0.0199418353273143,-0.6613994285726782,-8.392181362820754,0.0,-788.17,-390.05,-330.87,-562.21,0.0,0.0,0.0,0.0,0.0,31,38,37,34,37,-7,-313,-138,-107,-212,12.7,12.6,12.5,12.4,12.2,-999,-999,-3.92,0.0,0.0,0.0
9.222435235977173,0.0015339873328703,-0.0981751893037015,0.004601961998611,0.04601961998611,-0.6074589838166531,-7.968734807675752,-0.0015339873328703,-0.1748745559472183,-0.0306797466574067,0.0199418353273143,-0.6613994285726782,-8.392181362820754,40.35,-782.79,-403.5,-333.56,-562.21,0.0,0.0,0.0,0.0,0.0,31,38,37,34,37,-13,-307,-144,-107,-212,12.7,12.6,12.5,12.3,12.3,-999,-999,-3.92,0.0,0.0,0.0
9.239460468292238,0.0015339873328703,-0.0981751893037015,0.0061359493314813,0.04601961998611,-0.6074589838166531,-7.968734807675752,-0.0015339873328703,-0.1748745559472183,-0.0306797466574067,0.0199418353273143,-0.6613994285726782,-8.392181362820754,5.38,-785.48,-408.88,-333.56,-562.21,0.0,0.0,0.0,0.0,0.0,31,38,37,33,37,-7,-307,-144,-107,-218,12.7,12.6,12.5,12.3,12.4,-999,-999,-3.92,0.0,0.0,0.0
9.256503105163574,0.0,-0.0981751893037015,0.004601961998611,0.04601961998611,-0.6059249964837827,-7.956121396351854,-0.0030679746657406,-0.1748745559472183,-0.0306797466574067,0.0199418353273143,-0.6613994285726782,-8.392181362820754,-2.69,-788.17,-406.19,-336.25,-564.9,0.0,0.0,0.0,0.0,0.0,31,37,37,33,37,-13,-313,-144,-107,-212,12.7,12.6,12.5,12.5,12.2,-999,-999,-3.92,0.0,0.0,0.0
9.273478269577026,0.0,-0.0981751893037015,0.004601961998611,0.04601961998611,-0.6074589838166531,-7.968734807675752,-0.0030679746657406,-0.1748745559472183,-0.0306797466574067,0.0199418353273143,-0.6613994285726782,-8.392181362820754,0.0,-780.1,-403.5,-333.56,-559.52,0.0,0.0,0.0,0.0,0.0,31,37,37,33,37,-13,-307,-144,-107,-212,12.5,12.6,12.5,12.3,12.4,-999,-999,-3.92,0.0,0.0,0.0
9.29055666923523,0.0,-0.0981751893037015,0.004601961998611,0.04601961998611,-0.6074589838166531,-7.968734807675752,-0.004601961998611,-0.1748745559472183,-0.0291457593245363,0.0199418353273143,-0.6613994285726782,-8.392181362820754,2.69,-785.48,-403.5,-336.25,-562.21,0.0,0.0,0.0,0.0,0.0,31,37,37,34,37,-13,-307,-144,-107,-218,12.7,12.6,12.5,12.6,12.4,-999,-999,-3.92,0.0,0.0,0.0
9.307548522949217,0.0,-0.0966412019708311,0.004601961998611,0.04601961998611,-0.6074589838166531,-7.968734807675752,-0.004601961998611,-0.1748745559472183,-0.0306797466574067,0.0199418353273143,-0.6613994285726782,-8.392181362820754,0.0,-788.17,-381.98,-333.56,-562.21,0.0,0.0,0.0,0.0,0.0,31,37,37,34,37,-13,-307,-138,-100,-212,12.7,12.6,12.4,12.5,12.3,-999,-999,-3.92,0.0,0.0,0.0
9.324567556381226,-0.0015339873328703,-0.0981751893037015,0.004601961998611,0.04601961998611,-0.6074589838166531,-7.968734807675752,-0.004601961998611,-0.1748745559472183,-0.0291457593245363,0.0199418353273143,-0.6613994285726782,-8.392181362820754,5.38,-785.48,-408.88,-336.25,-562.21,-0.023980823922402,0.0,0.0,0.0,0.0,31,37,37,34,37,-13,-313,-144,-107,-212,12.7,12.6,12.5,12.4,12.4,-999,-999,-3.92,0.0,0.0,0.0
9.342416524887085,-0.0015339873328703,-0.0981751893037015,0.004601961998611,0.04601961998611,-0.6074589838166531,-7.968734807675752,-0.0061359493314813,-0.1748745559472183,-0.0306797466574067,0.0199418353273143,-0.6613994285726782,-8.392181362820754,2.69,-788.17,-379.29,-333.56,-559.52,-0.023980823922402,0.0,0.0,0.0,0.0,31,37,37,34,37,-7,-307,-138,-107,-212,12.7,12.5,12.5,12.4,12.3,-999,-999,-3.92,0.0,0.0,0.0
9.359462022781372,-0.0030679746657406,-0.0966412019708311,0.004601961998611,0.04601961998611,-0.6059249964837827,-7.956121396351854,-0.0061359493314813,-0.1748745559472183,-0.0306797466574067,0.0199418353273143,-0.6613994285726782,-8.392181362820754,24.21,-782.79,-408.88,-333.56,-562.21,-0.023980823922402,0.0,0.0,0.0,0.0,31,37,37,33,37,-13,-307,-144,-107,-212,12.6,12.6,12.5,12.4,12.4,-999,-999,-3.92,0.0,0.0,0.0
9.37654995918274,-0.004601961998611,-0.0981751893037015,0.0061359493314813,0.04601961998611,-0.6059249964837827,-7.956121396351854,-0.0061359493314813,-0.1748745559472183,-0.0306797466574067,0.0199418353273143,-0.6613994285726782,-8.392181362820754,0.0,-782.79,-406.19,-333.56,-562.21,-0.0479616478448041,0.0,0.0,0.0,0.0,31,37,37,34,38,-7,-307,-144,-107,-212,12.7,12.6,12.5,12.4,12.3,-999,-999,-3.92,0.0,0.0,0.0
9.393381357192993,-0.004601961998611,-0.0981751893037015,0.004601961998611,0.04601961998611,-0.6074589838166531,-7.968734807675752,-0.0061359493314813,-0.1748745559472183,-0.0306797466574067,0.0199418353273143,-0.6613994285726782,-8.392181362820754,-5.38,-780.1,-406.19,-336.25,-562.21,-0.0479616478448041,0.0,0.0,0.0,0.0,31,37,37,34,37,0,-307,-144,-107,-212,12.7,12.6,12.5,12.4,12.4,-999,-999,-3.92,0.0,0.0,0.0
9.410480499267578,-0.0061359493314813,-0.0981751893037015,0.004601961998611,0.0444856326532397,-0.6074589838166531,-7.968734807675752,-0.0061359493314813,-0.1748745559472183,-0.0291457593245363,0.0199418353273143,-0.6613994285726782,-8.392181362820754,-2.69,-788.17,-403.5,-333.56,-567.59,-0.0479616478448041,0.0,0.0,0.0,0.0,31,37,37,34,37,0,-313,-144,-107,-212,12.7,12.7,12.6,12.4,12.3,-999,-999,-3.92,0.0,0.0,0.0
9.427478551864624,-0.0076699366643516,-0.0966412019708311,0.004601961998611,0.0444856326532397,-0.6074589838166531,-7.968734807675752,-0.0061359493314813,-0.1748745559472183,-0.0291457593245363,0.0199418353273143,-0.6613994285726782,-8.392181362820754,-2.69,-790.86,-381.98,-336.25,-562.21,-0.0479616478448041,0.0,0.0,0.0,0.0,31,37,37,33,37,0,-307,-138,-107,-212,12.7,12.6,12.5,12.3,12.4,-999,-999,-3.92,0.0,0.0,0.0
9.445396900177002,-0.0061359493314813,-0.0981751893037015,0.004601961998611,0.04601961998611,-0.6059249964837827,-7.956121396351854,-0.0061359493314813,-0.1748745559472183,-0.0291457593245363,0.0199418353273143,-0.6613994285726782,-8.392181362820754,-2.69,-788.17,-390.05,-328.18,-564.9,-0.0479616478448041,0.0,0.0,0.0,0.0,31,37,37,33,37,6,-313,-138,-107,-218,12.7,12.6,12.5,12.5,12.4,-999,-999,-3.92,0.0,0.0,0.0
9.462483882904053,-0.0076699366643516,-0.0981751893037015,0.004601961998611,0.04601961998611,-0.6074589838166531,-7.968734807675752,-0.0061359493314813,-0.1748745559472183,-0.0291457593245363,0.0199418353273143,-0.6613994285726782,-8.392181362820754,-2.69,-790.86,-403.5,-336.25,-559.52,-0.023980823922402,0.0,0.0,0.0,0.0,31,37,37,33,36,6,-313,-144,-107,-212,12.7,12.6,12.5,12.5,12.3,-999,-999,-3.92,0.0,0.0,0.0
9.48140549659729,-0.0076699366643516,-0.0981751893037015,0.004601961998611,0.04601961998611,-0.6074589838166531,-7.968734807675752,-0.0061359493314813,-0.1748745559472183,-0.0306797466574067,0.0199418353273143,-0.6613994285726782,-8.392181362820754,-2.69,-785.48,-390.05,-338.94,-562.21,-0.023980823922402,0.0,0.0,0.0,0.0,31,37,37,34,37,6,-307,-138,-107,-212,12.7,12.6,12.5,12.5,12.3,-999,-999,-3.92,0.0,0.0,0.0
9.498536586761473,-0.0076699366643516,-0.0966412019708311,0.004601961998611,0.04601961998611,-0.6074589838166531,-7.968734807675752,-0.0076699366643516,-0.1748745559472183,-0.0306797466574067,0.0199418353273143,-0.6613994285726782,-8.392181362820754,-2.69,-785.48,-408.88,-328.18,-559.52,0.0,0.0,0.0,0.0,0.0,31,37,37,34,37,0,-307,-144,-107,-212,12.7,12.5,12.5,12.4,12.3,-999,-999,-3.92,0.0,0.0,0.0
9.51552200317383,-0.0076699366643516,-0.0966412019708311,0.004601961998611,0.04601961998611,-0.6074589838166531,-7.968734807675752,-0.009203923997222,-0.1748745559472183,-0.0291457593245363,0.0199418353273143,-0.6613994285726782,-8.392181362820754,-2.69,-782.79,-406.19,-338.94,-559.52,0.0,0.0,0.0,0.0,0.0,31,37,37,34,37,0,-307,-144,-107,-212,12.7,12.6,12.5,12.4,12.3,-999,-999,-3.92,0.0,0.0,0.0
9.532392024993898,-0.0076699366643516,-0.0966412019708311,0.004601961998611,0.04601961998611,-0.6059249964837827,-7.956121396351854,-0.009203923997222,-0.1748745559472183,-0.0291457593245363,0.0199418353273143,-0.6613994285726782,-8.392181362820754,0.0,-788.17,-381.98,-328.18,-559.52,0.0,0.0,0.0,0.0,0.0,31,37,37,34,37,-7,-307,-138,-100,-212,12.7,12.6,12.5,12.5,12.2,-999,-999,-3.92,0.0,0.0,0.0
9.549405574798584,-0.0076699366643516,-0.0981751893037015,0.0061359493314813,0.04601961998611,-0.6074589838166531,-7.968734807675752,-0.009203923997222,-0.1748745559472183,-0.0306797466574067,0.0199418353273143,-0.6613994285726782,-8.392181362820754,0.0,-780.1,-427.71,-333.56,-559.52,0.0,0.0,0.0,0.0,0.0,31,37,37,34,37,-7,-313,-144,-107,-212,12.7,12.6,12.5,12.4,12.3,-999,-999,-3.92,0.0,0.0,0.0
9.56638789176941,-0.0076699366643516,-0.0966412019708311,0.004601961998611,0.04601961998611,-0.6074589838166531,-7.968734807675752,-0.009203923997222,-0.1733405686143479,-0.0306797466574067,0.0199418353273143,-0.6613994285726782,-8.392181362820754,0.0,-785.48,-403.5,-336.25,-559.52,0.0,0.0,0.0,0.0,0.0,31,37,37,34,37,-7,-307,-144,-107,-212,12.7,12.6,12.5,12.4,12.4,-999,-999,-3.92,0.0,0.0,0.0
9.584355354309082,-0.0076699366643516,-0.0966412019708311,0.004601961998611,0.04601961998611,-0.6059249964837827,-7.956121396351854,-0.0122718986629626,-0.1748745559472183,-0.0291457593245363,0.0199418353273143,-0.6613994285726782,-8.392181362820754,24.21,-782.79,-387.36,-333.56,-564.9,0.0,0.0,0.0,0.0,0.0,31,37,37,34,36,-13,-307,-144,-107,-218,12.7,12.6,12.5,12.1,12.3,-999,-999,-3.92,0.0,0.0,0.0
9.601388454437256,-0.009203923997222,-0.0966412019708311,0.004601961998611,0.04601961998611,-0.6074589838166531,-7.968734807675752,-0.0122718986629626,-0.1748745559472183,-0.0291457593245363,0.0199418353273143,-0.6613994285726782,-8.392181362820754,0.0,-785.48,-387.36,-338.94,-564.9,0.0,0.0,0.0,0.0,0.0,31,38,37,34,37,-19,-313,-138,-107,-218,12.7,12.6,12.5,12.4,12.2,-999,-999,-3.92,0.0,0.0,0.0
9.618377447128296,-0.009203923997222,-0.0981751893037015,0.0061359493314813,0.0444856326532397,-0.6074589838166531,-7.968734807675752,-0.0122718986629626,-0.1748745559472183,-0.0291457593245363,0.0199418353273143,-0.6613994285726782,-8.392181362820754,2.69,-782.79,-390.05,-336.25,-559.52,0.0,0.0,0.0,0.0,0.0,31,38,37,34,38,-13,-313,-138,-107,-212,12.7,12.6,12.5,12.4,12.2,-999,-999,-3.92,0.0,0.0,0.0
9.63539123535156,-0.009203923997222,-0.0966412019708311,0.004601961998611,0.04601961998611,-0.6074589838166531,-7.968734807675752,-0.0122718986629626,-0.1748745559472183,-0.0306797466574067,0.0199418353273143,-0.6613994285726782,-8.392181362820754,0.0,-788.17,-411.57,-338.94,-556.83,0.0,0.0,0.0,0.0,0.0,31,38,37,34,38,-13,-313,-144,-107,-212,12.7,12.6,12.5,12.4,12.4,-999,-999,-3.92,0.0,0.0,0.0
9.652408123016357,-0.0107379113300923,-0.0981751893037015,0.004601961998611,0.0444856326532397,-0.6074589838166531,-7.968734807675752,-0.013805885995833,-0.1748745559472183,-0.0306797466574067,0.0199418353273143,-0.6613994285726782,-8.392181362820754,13.45,-788.17,-403.5,-330.87,-556.83,-0.023980823922402,0.0,0.0,0.0,0.0,31,38,37,34,38,-13,-313,-144,-107,-212,12.7,12.5,12.5,12.3,12.2,-999,-999,-3.92,0.0,0.0,0.0
9.669378519058228,-0.0107379113300923,-0.0981751893037015,0.004601961998611,0.04601961998611,-0.6074589838166531,-7.968734807675752,-0.013805885995833,-0.1748745559472183,-0.0306797466574067,0.0199418353273143,-0.6613994285726782,-8.392181362820754,13.45,-782.79,-403.5,-328.18,-567.59,-0.023980823922402,0.0,0.0,0.0,0.0,31,38,37,34,38,-13,-307,-144,-107,-218,12.7,12.6,12.5,12.4,12.2,-999,-999,-3.92,0.0,0.0,0.0
9.68636965751648,-0.0107379113300923,-0.0981751893037015,0.004601961998611,0.0444856326532397,-0.6074589838166531,-7.968734807675752,-0.013805885995833,-0.1748745559472183,-0.0306797466574067,0.0199418353273143,-0.6613994285726782,-8.392181362820754,0.0,-793.55,-403.5,-325.49,-564.9,-0.023980823922402,0.0,0.0,0.0,0.0,31,38,37,34,38,-7,-313,-144,-100,-218,12.7,12.5,12.5,12.4,12.4,-999,-999,-3.92,0.0,0.0,0.0
9.70349907875061,-0.0122718986629626,-0.0966412019708311,0.004601961998611,0.04601961998611,-0.6074589838166531,-7.968734807675752,-0.013805885995833,-0.1748745559472183,-0.0306797466574067,0.0199418353273143,-0.6613994285726782,-8.392181362820754,0.0,-788.17,-408.88,-333.56,-556.83,-0.023980823922402,0.0,0.0,0.0,0.0,31,38,37,34,38,-7,-313,-144,-107,-212,12.7,12.5,12.4,12.4,12.2,-999,-999,-3.92,0.0,0.0,0.0
9.720372676849365,-0.013805885995833,-0.0966412019708311,0.004601961998611,0.04601961998611,-0.6074589838166531,-7.968734807675752,-0.013805885995833,-0.1748745559472183,-0.0306797466574067,0.0199418353273143,-0.6613994285726782,-8.392181362820754,-2.69,-782.79,-406.19,-330.87,-562.21,-0.023980823922402,0.0,0.0,0.0,0.0,31,37,37,34,38,0,-313,-144,-107,-212,12.7,12.6,12.5,12.4,12.4,-999,-999,-3.92,0.0,0.0,0.0
9.737401962280273,-0.013805885995833,-0.0981751893037015,0.004601961998611,0.04601961998611,-0.6074589838166531,-7.968734807675752,-0.013805885995833,-0.1748745559472183,-0.0291457593245363,0.0199418353273143,-0.6613994285726782,-8.392181362820754,-2.69,-782.79,-381.98,-330.87,-562.21,-0.023980823922402,0.0,0.0,0.0,0.0,31,37,37,34,38,0,-307,-138,-107,-212,12.7,12.6,12.4,12.4,12.3,-999,-999,-3.92,0.0,0.0,0.0
9.754401206970213,-0.013805885995833,-0.0981751893037015,0.004601961998611,0.04601961998611,-0.6074589838166531,-7.968734807675752,-0.013805885995833,-0.1748745559472183,-0.0291457593245363,0.0199418353273143,-0.6613994285726782,-8.392181362820754,-2.69,-785.48,-390.05,-328.18,-562.21,-0.023980823922402,0.0,0.0,0.0,0.0,31,38,37,34,38,0,-313,-138,-100,-212,12.7,12.6,12.6,12.4,12.2,-999,-999,-3.92,0.0,0.0,0.0
9.771432161331177,-0.013805885995833,-0.0966412019708311,0.004601961998611,0.04601961998611,-0.6074589838166531,-7.968734807675752,-0.013805885995833,-0.1748745559472183,-0.0291457593245363,0.0199418353273143,-0.6613994285726782,-8.392181362820754,-2.69,-788.17,-406.19,-333.56,-559.52,-0.023980823922402,0.0,0.0,0.0,0.0,31,37,37,34,38,0,-307,-144,-107,-212,12.7,12.6,12.5,12.4,12.4,-999,-999,-3.92,0.0,0.0,0.0
9.788468837738037,-0.013805885995833,-0.0981751893037015,0.004601961998611,0.04601961998611,-0.6074589838166531,-7.968734807675752,-0.013805885995833,-0.1748745559472183,-0.0306797466574067,0.0199418353273143,-0.6613994285726782,-8.392181362820754,-2.69,-788.17,-390.05,-333.56,-567.59,-0.023980823922402,0.0,0.0,0.0,0.0,31,37,37,34,38,6,-313,-138,-100,-218,12.6,12.5,12.5,12.4,12.4,-999,-999,-3.92,0.0,0.0,0.0
9.805521488189697,-0.013805885995833,-0.0981751893037015,0.004601961998611,0.0444856326532397,-0.6074589838166531,-7.968734807675752,-0.013805885995833,-0.1733405686143479,-0.0306797466574067,0.0199418353273143,-0.6613994285726782,-8.392181362820754,-2.69,-785.48,-406.19,-330.87,-556.83,0.0,0.0,0.0,0.0,0.0,31,37,37,34,40,6,-307,-144,-100,-212,12.7,12.6,12.5,12.4,12.4,-999,-999,-3.92,0.0,0.0,0.0
9.822510242462158,-0.013805885995833,-0.0981751893037015,0.004601961998611,0.04601961998611,-0.6074589838166531,-7.968734807675752,-0.013805885995833,-0.1748745559472183,-0.0291457593245363,0.0199418353273143,-0.6613994285726782,-8.392181362820754,-2.69,-785.48,-408.88,-330.87,-559.52,0.0,0.0,0.0,0.0,0.0,31,37,35,34,37,0,-307,-144,-107,-212,12.7,12.6,12.5,12.4,12.4,-999,-999,-3.92,0.0,0.0,0.0
9.83950161933899,-0.013805885995833,-0.0966412019708311,0.004601961998611,0.04601961998611,-0.6074589838166531,-7.968734807675752,-0.0122718986629626,-0.1748745559472183,-0.0306797466574067,0.0199418353273143,-0.6613994285726782,-8.392181362820754,-2.69,-785.48,-390.05,-333.56,-564.9,0.0,0.0,0.0,0.0,0.0,31,37,36,34,37,6,-313,-138,-107,-218,12.7,12.7,12.5,12.4,12.2,-999,-999,-3.92,0.0,0.0,0.0
9.856393098831177,-0.0153398733287033,-0.0966412019708311,0.004601961998611,0.04601961998611,-0.6074589838166531,-7.968734807675752,-0.0122718986629626,-0.1748745559472183,-0.0306797466574067,0.0199418353273143,-0.6613994285726782,-8.392181362820754,2.69,-790.86,-406.19,-333.56,-559.52,0.0,0.0,0.0,0.0,0.0,31,37,36,33,37,6,-313,-144,-107,-212,12.7,12.6,12.5,12.4,12.4,-999,-999,-3.92,0.0,0.0,0.0
9.873432636260986,-0.0153398733287033,-0.0981751893037015,0.004601961998611,0.04601961998611,-0.6059249964837827,-7.956121396351854,-0.0122718986629626,-0.1748745559472183,-0.0291457593245363,0.0199418353273143,-0.6613994285726782,-8.392181362820754,-10.76,-782.79,-379.29,-338.94,-562.21,0.0,0.0,0.0,0.0,0.0,31,37,37,33,37,12,-307,-138,-107,-218,12.7,12.6,12.5,12.4,12.4,-999,-999,-3.92,0.0,0.0,0.0
9.890383243560791,-0.0153398733287033,-0.0981751893037015,0.004601961998611,0.0444856326532397,-0.6074589838166531,-7.968734807675752,-0.0122718986629626,-0.1748745559472183,-0.0291457593245363,0.0199418353273143,-0.6613994285726782,-8.392181362820754,-5.38,-782.79,-390.05,-330.87,-559.52,0.0,0.0,0.0,0.0,0.0,31,37,37,33,37,12,-307,-138,-100,-212,12.7,12.5,12.5,12.4,12.4,-999,-999,-3.92,0.0,0.0,0.0
9.907493829727173,-0.013805885995833,-0.0966412019708311,0.004601961998611,0.04601961998611,-0.6059249964837827,-7.956121396351854,-0.0122718986629626,-0.1748745559472183,-0.0291457593245363,0.0199418353273143,-0.6613994285726782,-8.392181362820754,-5.38,-788.17,-390.05,-336.25,-562.21,0.0,0.0,0.0,0.0,0.0,31,37,37,34,37,6,-307,-138,-107,-212,12.7,12.6,12.6,12.5,12.4,-999,-999,-3.92,0.0,0.0,0.0
9.924524307250978,-0.0153398733287033,-0.0981751893037015,0.004601961998611,0.04601961998611,-0.6074589838166531,-7.968734807675752,-0.0122718986629626,-0.1748745559472183,-0.0291457593245363,0.0199418353273143,-0.6613994285726782,-8.392181362820754,-10.76,-788.17,-384.67,-336.25,-562.21,0.0,0.0,0.0,0.0,0.0,31,37,37,34,37,6,-307,-138,-107,-212,12.7,12.6,12.5,12.4,12.2,-999,-999,-3.92,0.0,0.0,0.0
9.941473722457886,-0.0153398733287033,-0.0966412019708311,0.004601961998611,0.04601961998611,-0.6074589838166531,-7.968734807675752,-0.0122718986629626,-0.1733405686143479,-0.0291457593245363,0.0199418353273143,-0.6613994285726782,-8.392181362820754,0.0,-782.79,-384.67,-333.56,-559.52,0.0,0.0,0.0,0.0,0.0,31,37,37,34,37,6,-307,-138,-100,-212,12.7,12.6,12.5,12.4,12.4,-999,-999,-3.92,0.0,0.0,0.0
9.958449363708498,-0.013805885995833,-0.0981751893037015,0.0061359493314813,0.04601961998611,-0.6074589838166531,-7.968734807675752,-0.0107379113300923,-0.1748745559472183,-0.0291457593245363,0.0199418353273143,-0.6613994285726782,-8.392181362820754,-5.38,-788.17,-390.05,-336.25,-562.21,0.0,0.0,0.0,0.0,0.0,31,37,37,34,37,6,-307,-138,-107,-218,12.7,12.5,12.5,12.4,12.2,-999,-999,-3.92,0.0,0.0,0.0
9.975412845611572,-0.013805885995833,-0.0966412019708311,0.0061359493314813,0.04601961998611,-0.6059249964837827,-7.956121396351854,-0.0107379113300923,-0.1748745559472183,-0.0291457593245363,0.0199418353273143,-0.6613994285726782,-8.392181362820754,8.07,-790.86,-390.05,-330.87,-562.21,0.0,0.0,0.0,0.0,0.0,31,37,37,34,37,18,-307,-138,-107,-212,12.7,12.6,12.5,12.4,12.3,-999,-999,-3.92,0.0,0.0,0.0
9.99238395690918,-0.013805885995833,-0.0966412019708311,0.004601961998611,0.0444856326532397,-0.6074589838166531,-7.968734807675752,-0.0107379113300923,-0.1748745559472183,-0.0291457593245363,0.0199418353273143,-0.6613994285726782,-8.392181362820754,10.76,-790.86,-392.74,-336.25,-567.59,0.0,0.0,0.0,0.0,0.0,31,37,38,34,37,12,-313,-138,-107,-212,12.6,12.6,12.4,12.4,12.4,-999,-999,-3.92,0.0,0.0,0.0
10.009371042251585,-0.013805885995833,-0.0981751893037015,0.004601961998611,0.04601961998611,-0.6059249964837827,-7.956121396351854,-0.0107379113300923,-0.1748745559472183,-0.0291457593245363,0.0199418353273143,-0.6613994285726782,-8.392181362820754,5.38,-782.79,-384.67,-333.56,-562.21,0.0,0.0,0.0,0.0,0.0,31,37,37,34,37,12,-307,-138,-107,-218,12.7,12.5,12.5,12.4,12.2,-999,-999,-3.92,0.0,0.0,0.0
10.026436805725098,-0.013805885995833,-0.0981751893037015,0.004601961998611,0.04601961998611,-0.6074589838166531,-7.968734807675752,-0.0107379113300923,-0.1748745559472183,-0.0306797466574067,0.0199418353273143,-0.6613994285726782,-8.392181362820754,21.52,-780.1,-403.5,-333.56,-562.21,0.0,0.0,0.0,0.0,0.0,31,38,37,34,37,12,-307,-144,-107,-218,12.7,12.6,12.5,12.4,12.4,-999,-999,-3.92,0.0,0.0,0.0
10.04345703125,-0.013805885995833,-0.0966412019708311,0.0061359493314813,0.0444856326532397,-0.6059249964837827,-7.956121396351854,-0.0107379113300923,-0.1733405686143479,-0.0291457593245363,0.0199418353273143,-0.6613994285726782,-8.392181362820754,-10.76,-782.79,-381.98,-336.25,-556.83,0.0,0.0,0.0,0.0,0.0,31,38,37,34,37,12,-307,-138,-107,-212,12.7,12.6,12.5,12.4,12.4,-999,-999,-3.92,0.0,0.0,0.0
10.060465574264526,-0.0122718986629626,-0.0981751893037015,0.004601961998611,0.04601961998611,-0.6074589838166531,-7.968734807675752,-0.0107379113300923,-0.1748745559472183,-0.0291457593245363,0.0199418353273143,-0.6613994285726782,-8.392181362820754,2.69,-785.48,-390.05,-333.56,-567.59,0.0,0.0,0.0,0.0,0.0,31,38,37,34,37,6,-313,-138,-107,-218,12.7,12.6,12.5,12.4,12.2,-999,-999,-3.92,0.0,0.0,0.0
10.077465057373045,-0.0122718986629626,-0.0981751893037015,0.004601961998611,0.04601961998611,-0.6074589838166531,-7.968734807675752,-0.0107379113300923,-0.1748745559472183,-0.0306797466574067,0.0199418353273143,-0.6613994285726782,-8.392181362820754,2.69,-788.17,-390.05,-333.56,-564.9,0.0,0.0,0.0,0.0,0.0,31,38,37,34,37,6,-307,-144,-107,-218,12.7,12.6,12.5,12.3,12.3,-999,-999,-3.92,0.0,0.0,0.0
10.094480752944946,-0.0122718986629626,-0.0981751893037015,0.004601961998611,0.04601961998611,-0.6074589838166531,-7.968734807675752,-0.0107379113300923,-0.1733405686143479,-0.0291457593245363,0.0199418353273143,-0.6613994285726782,-8.392181362820754,0.0,-788.17,-406.19,-336.25,-559.52,0.0,0.0,0.0,0.0,0.0,31,38,37,34,37,12,-313,-144,-107,-212,12.7,12.6,12.5,12.4,12.4,-999,-999,-3.92,0.0,0.0,0.0
10.11147952079773,-0.0122718986629626,-0.0966412019708311,0.004601961998611,0.04601961998611,-0.6074589838166531,-7.968734807675752,-0.0107379113300923,-0.1748745559472183,-0.0306797466574067,0.0199418353273143,-0.6613994285726782,-8.392181362820754,-2.69,-782.79,-384.67,-333.56,-562.21,0.0,0.0,0.0,0.0,0.0,31,37,37,34,37,6,-307,-138,-100,-212,12.7,12.6,12.5,12.4,12.3,-999,-999,-3.92,0.0,0.0,0.0
10.128488063812256,-0.0122718986629626,-0.0981751893037015,0.0061359493314813,0.04601961998611,-0.6074589838166531,-7.968734807675752,-0.0107379113300923,-0.1748745559472183,-0.0291457593245363,0.0199418353273143,-0.6613994285726782,-8.392181362820754,-2.69,-785.48,-403.5,-328.18,-559.52,0.0,0.0,0.0,0.0,0.0,31,37,38,34,37,6,-307,-144,-107,-212,12.6,12.6,12.4,12.4,12.4,-999,-999,-3.92,0.0,0.0,0.0
10.146369218826294,-0.0122718986629626,-0.0966412019708311,0.004601961998611,0.04601961998611,-0.6074589838166531,-7.968734807675752,-0.0107379113300923,-0.1748745559472183,-0.0291457593245363,0.0199418353273143,-0.6613994285726782,-8.392181362820754,-2.69,-785.48,-384.67,-336.25,-562.21,0.0,0.0,0.0,0.0,0.0,31,37,37,33,37,6,-307,-138,-107,-218,12.7,12.5,12.5,12.4,12.2,-999,-999,-3.92,0.0,0.0,0.0
10.1633620262146,-0.0122718986629626,-0.0966412019708311,0.004601961998611,0.04601961998611,-0.6074589838166531,-7.968734807675752,-0.0107379113300923,-0.1748745559472183,-0.0291457593245363,0.0199418353273143,-0.6613994285726782,-8.392181362820754,-2.69,-788.17,-390.05,-333.56,-562.21,0.0,0.0,0.0,0.0,0.0,31,37,37,33,37,6,-313,-138,-107,-212,12.7,12.6,12.5,12.4,12.4,-999,-999,-3.92,0.0,0.0,0.0
10.18042802810669,-0.0122718986629626,-0.0966412019708311,0.004601961998611,0.04601961998611,-0.6059249964837827,-7.956121396351854,-0.0107379113300923,-0.1748745559472183,-0.0291457593245363,0.0199418353273143,-0.6613994285726782,-8.392181362820754,-2.69,-788.17,-395.43,-333.56,-559.52,0.0,0.0,0.0,0.0,0.0,31,37,37,33,37,6,-307,-138,-100,-212,12.7,12.6,12.5,12.4,12.2,-999,-999,-3.92,0.0,0.0,0.0
10.197407484054565,-0.0122718986629626,-0.0981751893037015,0.004601961998611,0.04601961998611,-0.6074589838166531,-7.968734807675752,-0.0107379113300923,-0.1748745559472183,-0.0306797466574067,0.0199418353273143,-0.6613994285726782,-8.392181362820754,-2.69,-790.86,-390.05,-333.56,-562.21,0.0,0.0,0.0,0.0,0.0,31,37,37,33,37,6,-313,-138,-107,-212,12.7,12.7,12.5,12.4,12.3,-999,-999,-3.92,0.0,0.0,0.0
10.2144136428833,-0.0122718986629626,-0.0966412019708311,0.004601961998611,0.04601961998611,-0.6074589838166531,-7.968734807675752,-0.0107379113300923,-0.1748745559472183,-0.0306797466574067,0.0199418353273143,-0.6613994285726782,-8.392181362820754,-2.69,-785.48,-411.57,-328.18,-564.9,0.0,0.0,0.0,0.0,0.0,31,37,37,34,37,0,-313,-144,-107,-218,12.7,12.6,12.5,12.4,12.4,-999,-999,-3.92,0.0,0.0,0.0
10.231359243392946,-0.0122718986629626,-0.0981751893037015,0.004601961998611,0.0444856326532397,-0.6074589838166531,-7.968734807675752,-0.0107379113300923,-0.1748745559472183,-0.0306797466574067,0.0199418353273143,-0.6613994285726782,-8.392181362820754,-2.69,-788.17,-406.19,-330.87,-562.21,0.0,0.0,0.0,0.0,0.0,31,37,37,34,37,6,-307,-144,-107,-212,12.7,12.6,12.5,12.5,12.3,-999,-999,-3.92,0.0,0.0,0.0
10.248364210128786,-0.0122718986629626,-0.0966412019708311,0.004601961998611,0.04601961998611,-0.6074589838166531,-7.968734807675752,-0.0107379113300923,-0.1748745559472183,-0.0306797466574067,0.0199418353273143,-0.6613994285726782,-8.392181362820754,-2.69,-793.55,-406.19,-336.25,-564.9,0.0,0.0,0.0,0.0,0.0,31,37,37,34,37,6,-307,-144,-107,-218,12.7,12.6,12.5,12.5,12.4,-999,-999,-3.92,0.0,0.0,0.0
10.26535677909851,-0.0122718986629626,-0.0966412019708311,0.004601961998611,0.04601961998611,-0.6059249964837827,-7.956121396351854,-0.0107379113300923,-0.1748745559472183,-0.0306797466574067,0.0199418353273143,-0.6613994285726782,-8.392181362820754,-2.69,-790.86,-403.5,-336.25,-562.21,0.0,0.0,0.0,0.0,0.0,31,37,37,34,37,6,-307,-144,-107,-212,12.6,12.5,12.5,12.4,12.2,-999,-999,-3.92,0.0,0.0,0.0
10.282357215881348,-0.0122718986629626,-0.0966412019708311,0.004601961998611,0.04601961998611,-0.6074589838166531,-7.968734807675752,-0.0107379113300923,-0.1748745559472183,-0.0306797466574067,0.0199418353273143,-0.6613994285726782,-8.392181362820754,-2.69,-782.79,-406.19,-333.56,-564.9,0.0,0.0,0.0,0.0,0.0,31,38,37,34,37,6,-307,-144,-107,-212,12.7,12.6,12.5,12.4,12.4,-999,-999,-3.92,0.0,0.0,0.0
10.299407720565796,-0.0122718986629626,-0.0981751893037015,0.004601961998611,0.0444856326532397,-0.6074589838166531,-7.968734807675752,-0.0107379113300923,-0.1733405686143479,-0.0291457593245363,0.0199418353273143,-0.6613994285726782,-8.392181362820754,-2.69,-793.55,-381.98,-336.25,-564.9,0.0,0.0,0.0,0.0,0.0,31,38,37,34,38,6,-307,-138,-107,-212,12.7,12.6,12.5,12.4,12.4,-999,-999,-3.92,0.0,0.0,0.0
10.316447734832764,-0.0122718986629626,-0.0981751893037015,0.004601961998611,0.04601961998611,-0.6074589838166531,-7.968734807675752,-0.0107379113300923,-0.1748745559472183,-0.0291457593245363,0.0199418353273143,-0.6613994285726782,-8.392181362820754,-2.69,-788.17,-387.36,-336.25,-562.21,0.0,0.0,0.0,0.0,0.0,31,38,37,34,37,6,-307,-138,-107,-218,12.7,12.5,12.5,12.4,12.2,-999,-999,-3.92,0.0,0.0,0.0
10.33341097831726,-0.0122718986629626,-0.0981751893037015,0.004601961998611,0.04601961998611,-0.6074589838166531,-7.968734807675752,-0.0107379113300923,-0.1748745559472183,-0.0291457593245363,0.0199418353273143,-0.6613994285726782,-8.392181362820754,0.0,-788.17,-384.67,-336.25,-559.52,0.0,0.0,0.0,0.0,0.0,31,38,37,34,38,6,-307,-138,-107,-212,12.7,12.6,12.5,12.5,12.4,-999,-999,-3.92,0.0,0.0,0.0
10.350463390350342,-0.0122718986629626,-0.0981751893037015,0.004601961998611,0.04601961998611,-0.6074589838166531,-7.968734807675752,-0.0107379113300923,-0.1748745559472183,-0.0291457593245363,0.0199418353273143,-0.6613994285726782,-8.392181362820754,0.0,-788.17,-406.19,-336.25,-564.9,0.0,0.0,0.0,0.0,0.0,31,38,37,34,37,6,-307,-150,-107,-212,12.7,12.6,12.6,12.4,12.2,-999,-999,-3.92,0.0,0.0,0.0
10.367486476898193,-0.0107379113300923,-0.0981751893037015,0.0061359493314813,0.04601961998611,-0.6059249964837827,-7.956121396351854,-0.0107379113300923,-0.1748745559472183,-0.0291457593245363,0.0199418353273143,-0.6613994285726782,-8.392181362820754,0.0,-785.48,-381.98,-336.25,-559.52,0.0,0.0,0.0,0.0,0.0,31,39,37,34,36,6,-313,-138,-107,-212,12.7,12.6,12.5,12.4,12.3,-999,-999,-3.92,0.0,0.0,0.0
10.38445782661438,-0.0122718986629626,-0.0966412019708311,0.004601961998611,0.04601961998611,-0.6074589838166531,-7.968734807675752,-0.009203923997222,-0.1748745559472183,-0.0291457593245363,0.0199418353273143,-0.6613994285726782,-8.392181362820754,0.0,-785.48,-387.36,-336.25,-559.52,0.0,0.0,0.0,0.0,0.0,31,38,37,33,37,0,-307,-138,-107,-212,12.7,12.6,12.6,12.5,12.4,-999,-999,-3.92,0.0,0.0,0.0
10.401418685913086,-0.0122718986629626,-0.0981751893037015,0.004601961998611,0.04601961998611,-0.6074589838166531,-7.968734807675752,-0.0107379113300923,-0.1748745559472183,-0.0306797466574067,0.0199418353273143,-0.6613994285726782,-8.392181362820754,18.83,-785.48,-398.12,-336.25,-567.59,0.0,0.0,0.0,0.0,0.0,31,38,37,34,37,12,-313,-144,-107,-218,12.7,12.7,12.6,12.5,12.3,-999,-999,-3.92,0.0,0.0,0.0
10.418336391448973,-0.0107379113300923,-0.0981751893037015,0.004601961998611,0.04601961998611,-0.6074589838166531,-7.968734807675752,-0.0107379113300923,-0.1748745559472183,-0.0306797466574067,0.0199418353273143,-0.6613994285726782,-8.392181362820754,0.0,-785.48,-408.88,-333.56,-562.21,0.0,0.0,0.0,0.0,0.0,31,38,37,34,37,6,-313,-150,-100,-212,12.7,12.5,12.5,12.4,12.3,-999,-999,-3.92,0.0,0.0,0.0
10.435345649719238,-0.0122718986629626,-0.0981751893037015,0.004601961998611,0.04601961998611,-0.6059249964837827,-7.956121396351854,-0.0107379113300923,-0.1748745559472183,-0.0306797466574067,0.0199418353273143,-0.6613994285726782,-8.392181362820754,0.0,-796.24,-403.5,-333.56,-562.21,0.0,0.0,0.0,0.0,0.0,31,38,37,34,38,6,-313,-144,-107,-212,12.7,12.6,12.5,12.4,12.3,-999,-999,-3.92,0.0,0.0,0.0
10.45432424545288,-0.0122718986629626,-0.0981751893037015,0.004601961998611,0.0444856326532397,-0.6059249964837827,-7.956121396351854,-0.009203923997222,-0.1748745559472183,-0.0291457593245363,0.0199418353273143,-0.6613994285726782,-8.392181362820754,-2.69,-790.86,-381.98,-330.87,-562.21,0.0,0.0,0.0,0.0,0.0,31,38,36,34,38,0,-307,-138,-107,-212,12.7,12.6,12.6,12.4,12.2,-999,-999,-3.92,0.0,0.0,0.0
10.471394300460815,-0.0122718986629626,-0.0981751893037015,0.004601961998611,0.04601961998611,-0.6074589838166531,-7.968734807675752,-0.0107379113300923,-0.1748745559472183,-0.0306797466574067,0.0199418353273143,-0.6613994285726782,-8.392181362820754,24.21,-790.86,-387.36,-333.56,-567.59,0.0,0.0,0.0,0.0,0.0,31,37,36,34,38,12,-313,-138,-107,-218,12.7,12.5,12.5,12.4,12.3,-999,-999,-3.92,0.0,0.0,0.0
10.488343477249146,-0.0122718986629626,-0.0966412019708311,0.004601961998611,0.04601961998611,-0.6074589838166531,-7.968734807675752,-0.0107379113300923,-0.1748745559472183,-0.0306797466574067,0.0199418353273143,-0.6613994285726782,-8.392181362820754,0.0,-785.48,-408.88,-330.87,-562.21,0.0,0.0,0.0,0.0,0.0,31,37,37,34,37,0,-307,-144,-107,-212,12.7,12.7,12.5,12.4,12.4,-999,-999,-3.92,0.0,0.0,0.0
10.505480527877808,-0.0107379113300923,-0.0981751893037015,0.004601961998611,0.04601961998611,-0.6059249964837827,-7.956121396351854,-0.0107379113300923,-0.1748745559472183,-0.0306797466574067,0.0199418353273143,-0.6613994285726782,-8.392181362820754,0.0,-788.17,-390.05,-330.87,-564.9,0.0,0.0,0.0,0.0,0.0,31,37,37,34,37,6,-307,-138,-107,-218,12.7,12.6,12.6,12.4,12.4,-999,-999,-3.92,0.0,0.0,0.0
10.522393226623535,-0.0122718986629626,-0.0981751893037015,0.004601961998611,0.04601961998611,-0.6074589838166531,-7.968734807675752,-0.0107379113300923,-0.1748745559472183,-0.0306797466574067,0.0199418353273143,-0.6613994285726782,-8.392181362820754,0.0,-785.48,-411.57,-333.56,-562.21,0.0,0.0,0.0,0.0,0.0,31,38,37,34,37,0,-307,-144,-107,-212,12.7,12.6,12.6,12.4,12.4,-999,-999,-3.92,0.0,0.0,0.0
10.539389610290527,-0.0122718986629626,-0.0981751893037015,0.004601961998611,0.0444856326532397,-0.6074589838166531,-7.968734807675752,-0.0107379113300923,-0.1748745559472183,-0.0306797466574067,0.0199418353273143,-0.6613994285726782,-8.392181362820754,0.0,-788.17,-406.19,-336.25,-564.9,0.0,0.0,0.0,0.0,0.0,31,38,37,34,37,6,-307,-150,-107,-212,12.7,12.6,12.6,12.4,12.2,-999,-999,-3.92,0.0,0.0,0.0
10.556339740753174,-0.0122718986629626,-0.0966412019708311,0.0061359493314813,0.04601961998611,-0.6059249964837827,-7.956121396351854,-0.0107379113300923,-0.1748745559472183,-0.0291457593245363,0.0199418353273143,-0.6613994285726782,-8.392181362820754,0.0,-788.17,-379.29,-330.87,-564.9,0.0,0.0,0.0,0.0,0.0,31,38,37,34,40,0,-307,-138,-107,-212,12.7,12.6,12.5,12.4,12.4,-999,-999,-3.92,0.0,0.0,0.0
10.57340407371521,-0.0122718986629626,-0.0966412019708311,0.004601961998611,0.04601961998611,-0.6074589838166531,-7.968734807675752,-0.0107379113300923,-0.1748745559472183,-0.0306797466574067,0.0199418353273143,-0.6613994285726782,-8.392181362820754,0.0,-780.1,-411.57,-336.25,-562.21,0.0,0.0,0.0,0.0,0.0,31,38,36,34,37,6,-307,-144,-107,-212,12.7,12.6,12.5,12.4,12.4,-999,-999,-3.92,0.0,0.0,0.0
10.59231472015381,-0.0107379113300923,-0.0981751893037015,0.0061359493314813,0.0444856326532397,-0.6074589838166531,-7.968734807675752,-0.0107379113300923,-0.1748745559472183,-0.0306797466574067,0.0199418353273143,-0.6613994285726782,-8.392181362820754,0.0,-782.79,-408.88,-336.25,-562.21,0.0,0.0,0.0,0.0,0.0,31,38,36,34,37,6,-307,-144,-107,-218,12.7,12.5,12.5,12.5,12.3,-999,-999,-3.92,0.0,0.0,0.0
10.609429597854614,-0.0122718986629626,-0.0981751893037015,0.004601961998611,0.04601961998611,-0.6074589838166531,-7.968734807675752,-0.009203923997222,-0.1748745559472183,-0.0306797466574067,0.0199418353273143,-0.6613994285726782,-8.392181362820754,0.0,-788.17,-408.88,-322.8,-562.21,0.0,0.0,0.0,0.0,0.0,31,38,37,34,37,6,-307,-144,-107,-212,12.7,12.6,12.4,12.4,12.3,-999,-999,-3.92,0.0,0.0,0.0
10.626372814178465,-0.0122718986629626,-0.0981751893037015,0.004601961998611,0.04601961998611,-0.6059249964837827,-7.956121396351854,-0.0107379113300923,-0.1748745559472183,-0.0291457593245363,0.0199418353273143,-0.6613994285726782,-8.392181362820754,21.52,-782.79,-406.19,-336.25,-564.9,0.0,0.0,0.0,0.0,0.0,31,38,37,34,37,12,-313,-144,-107,-212,12.7,12.6,12.6,12.4,12.4,-999,-999,-3.92,0.0,0.0,0.0
10.643374919891357,-0.0122718986629626,-0.0981751893037015,0.004601961998611,0.04601961998611,-0.6059249964837827,-7.956121396351854,-0.0107379113300923,-0.1748745559472183,-0.0291457593245363,0.0199418353273143,-0.6613994285726782,-8.392181362820754,0.0,-785.48,-381.98,-333.56,-562.21,0.0,0.0,0.0,0.0,0.0,31,38,37,34,37,0,-313,-138,-107,-212,12.7,12.6,12.6,12.4,12.3,-999,-999,-3.92,0.0,0.0,0.0
10.66036081314087,-0.0122718986629626,-0.0966412019708311,0.0061359493314813,0.04601961998611,-0.6074589838166531,-7.968734807675752,-0.0107379113300923,-0.1748745559472183,-0.0291457593245363,0.0199418353273143,-0.6613994285726782,-8.392181362820754,0.0,-788.17,-392.74,-330.87,-562.21,0.0,0.0,0.0,0.0,0.0,31,38,36,34,37,6,-307,-138,-107,-212,12.7,12.6,12.6,12.4,12.4,-999,-999,-3.92,0.0,0.0,0.0
10.67744708061218,-0.0122718986629626,-0.0981751893037015,0.004601961998611,0.04601961998611,-0.6059249964837827,-7.956121396351854,-0.0107379113300923,-0.1748745559472183,-0.0291457593245363,0.0199418353273143,-0.6613994285726782,-8.392181362820754,-2.69,-785.48,-406.19,-333.56,-564.9,0.0,0.0,0.0,0.0,0.0,31,38,36,34,37,6,-313,-144,-100,-212,12.7,12.6,12.5,12.4,12.2,-999,-999,-3.92,0.0,0.0,0.0
10.694450616836548,-0.0122718986629626,-0.0966412019708311,0.004601961998611,0.04601961998611,-0.6074589838166531,-7.968734807675752,-0.0107379113300923,-0.1748745559472183,-0.0306797466574067,0.0199418353273143,-0.6613994285726782,-8.392181362820754,-2.69,-788.17,-387.36,-336.25,-562.21,0.0,0.0,0.0,0.0,0.0,31,37,37,34,37,6,-313,-138,-107,-218,12.7,12.5,12.5,12.4,12.3,-999,-999,-3.92,0.0,0.0,0.0
10.711444616317749,-0.0107379113300923,-0.0966412019708311,0.0061359493314813,0.04601961998611,-0.6059249964837827,-7.956121396351854,-0.0107379113300923,-0.1748745559472183,-0.0291457593245363,0.0199418353273143,-0.6613994285726782,-8.392181362820754,-2.69,-785.48,-408.88,-333.56,-564.9,0.0,0.0,0.0,0.0,0.0,31,37,37,34,39,6,-313,-150,-107,-212,12.7,12.6,12.5,12.4,12.4,-999,-999,-3.92,0.0,0.0,0.0
10.728350162506104,-0.0107379113300923,-0.0966412019708311,0.004601961998611,0.04601961998611,-0.6074589838166531,-7.968734807675752,-0.0107379113300923,-0.1748745559472183,-0.0291457593245363,0.0199418353273143,-0.6613994285726782,-8.392181362820754,-2.69,-790.86,-384.67,-333.56,-570.28,0.0,0.0,0.0,0.0,0.0,31,38,37,34,38,6,-313,-138,-107,-218,12.7,12.6,12.6,11.9,12.3,-999,-999,-3.92,0.0,0.0,0.0
10.745402574539186,-0.0122718986629626,-0.0981751893037015,0.004601961998611,0.04601961998611,-0.6059249964837827,-7.956121396351854,-0.0107379113300923,-0.1748745559472183,-0.0291457593245363,0.0199418353273143,-0.6613994285726782,-8.392181362820754,-2.69,-785.48,-390.05,-338.94,-562.21,0.0,0.0,0.0,0.0,0.0,31,37,37,33,38,0,-313,-138,-107,-212,12.7,12.5,12.5,12.4,12.4,-999,-999,-3.92,0.0,0.0,0.0
10.762393474578857,-0.0122718986629626,-0.0981751893037015,0.004601961998611,0.04601961998611,-0.6074589838166531,-7.968734807675752,-0.0107379113300923,-0.1748745559472183,-0.0291457593245363,0.0199418353273143,-0.6613994285726782,-8.392181362820754,-2.69,-785.48,-384.67,-336.25,-559.52,0.0,0.0,0.0,0.0,0.0,31,37,37,33,38,6,-307,-138,-107,-212,12.7,12.6,12.5,12.5,12.3,-999,-999,-3.92,0.0,0.0,0.0
10.779340982437134,-0.0122718986629626,-0.0981751893037015,0.004601961998611,0.04601961998611,-0.6074589838166531,-7.968734807675752,-0.0107379113300923,-0.1748745559472183,-0.0306797466574067,0.0199418353273143,-0.6613994285726782,-8.392181362820754,-2.69,-788.17,-408.88,-336.25,-562.21,0.0,0.0,0.0,0.0,0.0,31,37,37,33,37,6,-313,-144,-107,-212,12.7,12.7,12.6,12.4,12.3,-999,-999,-3.92,0.0,0.0,0.0
10.796378135681152,-0.0122718986629626,-0.0966412019708311,0.004601961998611,0.0444856326532397,-0.6074589838166531,-7.968734807675752,-0.0107379113300923,-0.1748745559472183,-0.0291457593245363,0.0199418353273143,-0.6613994285726782,-8.392181362820754,-2.69,-790.86,-387.36,-336.25,-567.59,0.0,0.0,0.0,0.0,0.0,31,37,37,33,37,6,-313,-138,-107,-218,12.7,12.6,12.5,12.4,12.3,-999,-999,-3.92,0.0,0.0,0.0
10.813426494598389,-0.0122718986629626,-0.0981751893037015,0.004601961998611,0.04601961998611,-0.6059249964837827,-7.956121396351854,-0.0107379113300923,-0.1748745559472183,-0.0306797466574067,0.0199418353273143,-0.6613994285726782,-8.392181362820754,-2.69,-790.86,-408.88,-336.25,-564.9,0.0,0.0,0.0,0.0,0.0,31,37,37,33,37,0,-313,-144,-107,-212,12.6,12.6,12.5,12.4,12.4,-999,-999,-3.92,0.0,0.0,0.0
10.830326080322266,-0.0122718986629626,-0.0981751893037015,0.004601961998611,0.04601961998611,-0.6074589838166531,-7.968734807675752,-0.0107379113300923,-0.1748745559472183,-0.0306797466574067,0.0199418353273143,-0.6613994285726782,-8.392181362820754,-2.69,-790.86,-406.19,-333.56,-567.59,0.0,0.0,0.0,0.0,0.0,31,38,37,33,38,6,-313,-144,-100,-218,12.7,12.5,12.4,12.4,12.4,-999,-999,-3.92,0.0,0.0,0.0
10.848414659500122,-0.0122718986629626,-0.0966412019708311,0.004601961998611,0.04601961998611,-0.6059249964837827,-7.956121396351854,-0.009203923997222,-0.1748745559472183,-0.0306797466574067,0.0199418353273143,-0.6613994285726782,-8.392181362820754,0.0,-788.17,-403.5,-328.18,-559.52,0.0,0.0,0.0,0.0,0.0,31,38,37,33,37,6,-307,-144,-107,-212,12.7,12.6,12.5,12.4,12.4,-999,-999,-3.92,0.0,0.0,0.0
10.865336179733278,-0.0107379113300923,-0.0966412019708311,0.0061359493314813,0.04601961998611,-0.6059249964837827,-7.956121396351854,-0.009203923997222,-0.1748745559472183,-0.0306797466574067,0.0199418353273143,-0.6613994285726782,-8.392181362820754,5.38,-785.48,-406.19,-336.25,-564.9,0.0,0.0,0.0,0.0,0.0,31,38,37,34,37,6,-307,-144,-107,-218,12.7,12.5,12.5,12.4,12.3,-999,-999,-3.92,0.0,0.0,0.0
10.882335901260376,-0.0107379113300923,-0.0981751893037015,0.004601961998611,0.04601961998611,-0.6074589838166531,-7.968734807675752,-0.0107379113300923,-0.1748745559472183,-0.0291457593245363,0.0199418353273143,-0.6613994285726782,-8.392181362820754,0.0,-780.1,-381.98,-330.87,-564.9,0.0,0.0,0.0,0.0,0.0,31,38,37,34,37,0,-307,-138,-107,-212,12.6,12.6,12.5,12.4,12.3,-999,-999,-3.92,0.0,0.0,0.0
10.899333953857422,-0.0107379113300923,-0.0966412019708311,0.004601961998611,0.04601961998611,-0.6074589838166531,-7.968734807675752,-0.009203923997222,-0.1748745559472183,-0.0291457593245363,0.0199418353273143,-0.6613994285726782,-8.392181362820754,24.21,-788.17,-387.36,-336.25,-564.9,0.0,0.0,0.0,0.0,0.0,31,38,36,34,38,12,-307,-138,-107,-212,12.7,12.6,12.5,12.4,12.3,-999,-999,-3.92,0.0,0.0,0.0
10.916445255279541,-0.0122718986629626,-0.0966412019708311,0.004601961998611,0.04601961998611,-0.6074589838166531,-7.968734807675752,-0.0107379113300923,-0.1748745559472183,-0.0291457593245363,0.0199418353273143,-0.6613994285726782,-8.392181362820754,0.0,-785.48,-403.5,-330.87,-564.9,0.0,0.0,0.0,0.0,0.0,31,38,36,34,38,6,-313,-144,-107,-218,12.7,12.6,12.5,12.4,12.4,-999,-999,-3.92,0.0,0.0,0.0
10.933326482772827,-0.0122718986629626,-0.0966412019708311,0.004601961998611,0.04601961998611,-0.6074589838166531,-7.968734807675752,-0.0107379113300923,-0.1748745559472183,-0.0291457593245363,0.0199418353273143,-0.6613994285726782,-8.392181362820754,0.0,-788.17,-384.67,-336.25,-564.9,0.0,0.0,0.0,0.0,0.0,31,38,36,34,38,6,-313,-138,-107,-212,12.7,12.5,12.5,12.4,12.4,-999,-999,-3.92,0.0,0.0,0.0
10.950395345687866,-0.0122718986629626,-0.0966412019708311,0.0061359493314813,0.0444856326532397,-0.6074589838166531,-7.968734807675752,-0.009203923997222,-0.1748745559472183,-0.0306797466574067,0.0199418353273143,-0.6613994285726782,-8.392181362820754,-2.69,-785.48,-387.36,-336.25,-562.21,0.0,0.0,0.0,0.0,0.0,31,38,37,34,37,6,-307,-138,-107,-212,12.7,12.6,12.6,12.4,12.4,-999,-999,-3.92,0.0,0.0,0.0
10.967358350753786,-0.0122718986629626,-0.0966412019708311,0.0061359493314813,0.04601961998611,-0.6074589838166531,-7.968734807675752,-0.009203923997222,-0.1748745559472183,-0.0306797466574067,0.0199418353273143,-0.6613994285726782,-8.392181362820754,24.21,-785.48,-403.5,-336.25,-564.9,0.0,0.0,0.0,0.0,0.0,31,38,37,34,37,12,-307,-144,-107,-218,12.7,12.6,12.5,12.4,12.4,-999,-999,-3.92,0.0,0.0,0.0
10.984343528747557,-0.0107379113300923,-0.0966412019708311,0.004601961998611,0.04601961998611,-0.6074589838166531,-7.968734807675752,-0.009203923997222,-0.1748745559472183,-0.0291457593245363,0.0199418353273143,-0.6613994285726782,-8.392181362820754,0.0,-785.48,-384.67,-338.94,-564.9,0.0,0.0,0.0,0.0,0.0,31,38,37,34,37,6,-307,-138,-107,-218,12.7,12.5,12.5,12.4,12.2,-999,-999,-3.92,0.0,0.0,0.0
11.001317977905273,-0.0122718986629626,-0.0981751893037015,0.004601961998611,0.04601961998611,-0.6074589838166531,-7.968734807675752,-0.009203923997222,-0.1748745559472183,-0.0306797466574067,0.0199418353273143,-0.6613994285726782,-8.392181362820754,5.38,-785.48,-408.88,-336.25,-562.21,0.0,0.0,0.0,0.0,0.0,31,38,37,33,37,12,-307,-150,-107,-212,12.7,12.6,12.5,12.4,12.4,-999,-999,-3.92,0.0,0.0,0.0
11.018417596817018,-0.0107379113300923,-0.0981751893037015,0.004601961998611,0.04601961998611,-0.6059249964837827,-7.956121396351854,-0.0107379113300923,-0.1748745559472183,-0.0306797466574067,0.0199418353273143,-0.6613994285726782,-8.392181362820754,0.0,-782.79,-381.98,-330.87,-564.9,0.0,0.0,0.0,0.0,0.0,31,38,37,33,37,0,-307,-138,-100,-212,12.6,12.6,12.5,12.4,12.2,-999,-999,-3.92,0.0,0.0,0.0
11.035340785980226,-0.0107379113300923,-0.0966412019708311,0.0061359493314813,0.04601961998611,-0.6074589838166531,-7.968734807675752,-0.0107379113300923,-0.1748745559472183,-0.0306797466574067,0.0199418353273143,-0.6613994285726782,-8.392181362820754,-2.69,-790.86,-406.19,-328.18,-564.9,0.0,0.0,0.0,0.0,0.0,31,38,37,33,37,0,-307,-144,-107,-212,12.7,12.5,12.5,12.4,12.4,-999,-999,-3.92,0.0,0.0,0.0
11.0523841381073,-0.0122718986629626,-0.0981751893037015,0.004601961998611,0.04601961998611,-0.6074589838166531,-7.968734807675752,-0.0107379113300923,-0.1748745559472183,-0.0291457593245363,0.0199418353273143,-0.6613994285726782,-8.392181362820754,-2.69,-785.48,-406.19,-330.87,-562.21,0.0,0.0,0.0,0.0,0.0,31,38,37,33,37,6,-313,-144,-107,-218,12.7,12.6,12.6,12.4,12.4,-999,-999,-3.92,0.0,0.0,0.0
11.069328308105469,-0.0107379113300923,-0.0966412019708311,0.004601961998611,0.04601961998611,-0.6059249964837827,-7.956121396351854,-0.0107379113300923,-0.1748745559472183,-0.0291457593245363,0.0199418353273143,-0.6613994285726782,-8.392181362820754,0.0,-790.86,-381.98,-330.87,-570.28,0.0,0.0,0.0,0.0,0.0,31,38,37,33,37,0,-307,-138,-107,-218,12.7,12.6,12.5,12.4,12.2,-999,-999,-3.92,0.0,0.0,0.0
11.086371898651123,-0.0107379113300923,-0.0981751893037015,0.004601961998611,0.04601961998611,-0.6059249964837827,-7.956121396351854,-0.009203923997222,-0.1748745559472183,-0.0291457593245363,0.0199418353273143,-0.6613994285726782,-8.392181362820754,40.35,-785.48,-390.05,-330.87,-564.9,0.0,0.0,0.0,0.0,0.0,31,38,37,33,37,6,-307,-138,-107,-212,12.7,12.7,12.5,12.4,12.4,-999,-999,-3.92,0.0,0.0,0.0
11.103377342224121,-0.0107379113300923,-0.0981751893037015,0.004601961998611,0.04601961998611,-0.6059249964837827,-7.956121396351854,-0.009203923997222,-0.1748745559472183,-0.0291457593245363,0.0199418353273143,-0.6613994285726782,-8.392181362820754,8.07,-782.79,-390.05,-333.56,-564.9,0.0,0.0,0.0,0.0,0.0,31,38,37,33,37,6,-307,-138,-107,-218,12.7,12.6,12.7,12.4,12.4,-999,-999,-3.92,0.0,0.0,0.0
11.120361089706421,-0.0107379113300923,-0.0981751893037015,0.004601961998611,0.04601961998611,-0.6074589838166531,-7.968734807675752,-0.009203923997222,-0.1748745559472183,-0.0306797466574067,0.0199418353273143,-0.6613994285726782,-8.392181362820754,-2.69,-785.48,-390.05,-330.87,-562.21,0.0,0.0,0.0,0.0,0.0,31,38,37,33,37,6,-307,-138,-107,-212,12.7,12.6,12.5,12.4,12.3,-999,-999,-3.92,0.0,0.0,0.0
11.13732361793518,-0.0107379113300923,-0.0966412019708311,0.0061359493314813,0.04601961998611,-0.6059249964837827,-7.956121396351854,-0.009203923997222,-0.1748745559472183,-0.0306797466574067,0.0199418353273143,-0.6613994285726782,-8.392181362820754,0.0,-788.17,-408.88,-333.56,-562.21,0.0,0.0,0.0,0.0,0.0,31,37,37,33,37,12,-307,-150,-107,-212,12.7,12.6,12.6,12.4,12.3,-999,-999,-3.92,0.0,0.0,0.0
11.154311180114746,-0.0122718986629626,-0.0981751893037015,0.004601961998611,0.04601961998611,-0.6059249964837827,-7.956121396351854,-0.009203923997222,-0.1748745559472183,-0.0291457593245363,0.0199418353273143,-0.6613994285726782,-8.392181362820754,0.0,-790.86,-381.98,-333.56,-559.52,0.0,0.0,0.0,0.0,0.0,31,37,37,33,37,6,-313,-138,-107,-212,12.7,12.5,12.5,12.4,12.3,-999,-999,-3.92,0.0,0.0,0.0
11.171435832977293,-0.0107379113300923,-0.0981751893037015,0.0061359493314813,0.04601961998611,-0.6074589838166531,-7.968734807675752,-0.0107379113300923,-0.1748745559472183,-0.0291457593245363,0.0199418353273143,-0.6613994285726782,-8.392181362820754,2.69,-782.79,-387.36,-333.56,-564.9,0.0,0.0,0.0,0.0,0.0,31,37,37,33,38,6,-307,-138,-107,-212,12.7,12.6,12.5,12.4,12.4,-999,-999,-3.92,0.0,0.0,0.0
11.188451290130615,-0.0122718986629626,-0.0981751893037015,0.004601961998611,0.04601961998611,-0.6074589838166531,-7.968734807675752,-0.009203923997222,-0.1733405686143479,-0.0291457593245363,0.0199418353273143,-0.6613994285726782,-8.392181362820754,0.0,-782.79,-392.74,-330.87,-562.21,0.0,0.0,0.0,0.0,0.0,31,37,37,33,38,0,-307,-138,-107,-218,12.7,12.6,12.5,12.4,12.4,-999,-999,-3.92,0.0,0.0,0.0
11.205439805984497,-0.0107379113300923,-0.0966412019708311,0.004601961998611,0.04601961998611,-0.6074589838166531,-7.968734807675752,-0.009203923997222,-0.1748745559472183,-0.0306797466574067,0.0199418353273143,-0.6613994285726782,-8.392181362820754,0.0,-785.48,-390.05,-333.56,-562.21,0.0,0.0,0.0,0.0,0.0,31,37,37,33,37,6,-313,-138,-107,-212,12.7,12.6,12.4,12.4,12.3,-999,-999,-3.92,0.0,0.0,0.0
11.223308563232422,-0.0107379113300923,-0.0966412019708311,0.004601961998611,0.04601961998611,-0.6074589838166531,-7.968734807675752,-0.0107379113300923,-0.1748745559472183,-0.0306797466574067,0.0199418353273143,-0.6613994285726782,-8.392181362820754,0.0,-782.79,-403.5,-336.25,-567.59,0.0,0.0,0.0,0.0,0.0,31,37,37,33,37,6,-307,-144,-107,-212,12.7,12.5,12.5,12.4,12.3,-999,-999,-3.92,0.0,0.0,0.0
11.240339279174805,-0.0122718986629626,-0.0981751893037015,0.004601961998611,0.0444856326532397,-0.6074589838166531,-7.968734807675752,-0.0107379113300923,-0.1748745559472183,-0.0306797466574067,0.0199418353273143,-0.6613994285726782,-8.392181362820754,0.0,-780.1,-403.5,-333.56,-562.21,0.0,0.0,0.0,0.0,0.0,31,37,37,34,38,0,-307,-144,-107,-218,12.7,12.5,12.5,12.5,12.3,-999,-999,-3.92,0.0,0.0,0.0
11.25742220878601,-0.0107379113300923,-0.0966412019708311,0.004601961998611,0.04601961998611,-0.6059249964837827,-7.956121396351854,-0.0107379113300923,-0.1748745559472183,-0.0291457593245363,0.0199418353273143,-0.6613994285726782,-8.392181362820754,0.0,-785.48,-408.88,-336.25,-562.21,0.0,0.0,0.0,0.0,0.0,31,38,37,33,37,6,-307,-150,-107,-218,12.7,12.7,12.5,12.5,12.4,-999,-999,-3.92,0.0,0.0,0.0
11.274361610412598,-0.0107379113300923,-0.0966412019708311,0.004601961998611,0.04601961998611,-0.6059249964837827,-7.956121396351854,-0.0107379113300923,-0.1748745559472183,-0.0291457593245363,0.0199418353273143,-0.6613994285726782,-8.392181362820754,0.0,-782.79,-387.36,-336.25,-562.21,0.0,0.0,0.0,0.0,0.0,31,38,37,34,37,0,-307,-138,-107,-212,12.7,12.6,12.5,12.4,12.3,-999,-999,-3.92,0.0,0.0,0.0
11.291362047195433,-0.0122718986629626,-0.0981751893037015,0.004601961998611,0.04601961998611,-0.6074589838166531,-7.968734807675752,-0.009203923997222,-0.1748745559472183,-0.0291457593245363,0.0199418353273143,-0.6613994285726782,-8.392181362820754,0.0,-785.48,-406.19,-333.56,-562.21,0.0,0.0,0.0,0.0,0.0,31,38,37,33,37,0,-307,-144,-107,-212,12.7,12.6,12.6,12.4,12.3,-999,-999,-3.92,0.0,0.0,0.0
11.309294223785402,-0.0122718986629626,-0.0966412019708311,0.004601961998611,0.04601961998611,-0.6074589838166531,-7.968734807675752,-0.009203923997222,-0.1733405686143479,-0.0306797466574067,0.0199418353273143,-0.6613994285726782,-8.392181362820754,37.66,-788.17,-379.29,-333.56,-564.9,0.0,0.0,0.0,0.0,0.0,31,38,37,33,37,12,-307,-138,-107,-212,12.7,12.6,12.6,12.4,12.4,-999,-999,-3.92,0.0,0.0,0.0
11.326333999633789,-0.0107379113300923,-0.0966412019708311,0.004601961998611,0.04601961998611,-0.6074589838166531,-7.968734807675752,-0.009203923997222,-0.1733405686143479,-0.0306797466574067,0.0199418353273143,-0.6613994285726782,-8.392181362820754,0.0,-788.17,-406.19,-333.56,-564.9,0.0,0.0,0.0,0.0,0.0,30,38,37,33,37,6,-313,-144,-107,-218,12.6,12.6,12.5,12.4,12.4,-999,-999,-3.92,0.0,0.0,0.0
11.343352794647217,-0.0122718986629626,-0.0966412019708311,0.004601961998611,0.04601961998611,-0.6074589838166531,-7.968734807675752,-0.0107379113300923,-0.1748745559472183,-0.0291457593245363,0.0199418353273143,-0.6613994285726782,-8.392181362820754,0.0,-788.17,-387.36,-328.18,-564.9,0.0,0.0,0.0,0.0,0.0,31,38,37,33,37,6,-313,-138,-100,-212,12.7,12.5,12.5,12.4,12.4,-999,-999,-3.92,0.0,0.0,0.0
11.360464572906494,-0.0122718986629626,-0.0966412019708311,0.004601961998611,0.0444856326532397,-0.6074589838166531,-7.968734807675752,-0.0107379113300923,-0.1748745559472183,-0.0291457593245363,0.0199418353273143,-0.6613994285726782,-8.392181362820754,-2.69,-790.86,-387.36,-336.25,-567.59,0.0,0.0,0.0,0.0,0.0,31,38,37,33,39,0,-313,-138,-107,-212,12.7,12.6,12.4,12.4,12.4,-999,-999,-3.92,0.0,0.0,0.0
11.378268480300903,-0.0107379113300923,-0.0981751893037015,0.004601961998611,0.04601961998611,-0.6059249964837827,-7.956121396351854,-0.0107379113300923,-0.1733405686143479,-0.0291457593245363,0.0199418353273143,-0.6613994285726782,-8.392181362820754,-2.69,-788.17,-387.36,-330.87,-567.59,0.0,0.0,0.0,0.0,0.0,31,38,37,33,38,0,-313,-138,-107,-218,12.7,12.6,12.5,12.4,12.4,-999,-999,-3.92,0.0,0.0,0.0
11.395390272140501,-0.0107379113300923,-0.0981751893037015,0.004601961998611,0.04601961998611,-0.6059249964837827,-7.956121396351854,-0.0107379113300923,-0.1733405686143479,-0.0291457593245363,0.0199418353273143,-0.6613994285726782,-8.392181362820754,-2.69,-785.48,-390.05,-336.25,-564.9,0.0,0.0,0.0,0.0,0.0,31,38,37,33,37,6,-307,-138,-107,-212,12.6,12.6,12.5,12.4,12.3,-999,-999,-3.92,0.0,0.0,0.0
11.412316083908081,-0.0122718986629626,-0.0981751893037015,0.004601961998611,0.04601961998611,-0.6074589838166531,-7.968734807675752,-0.0107379113300923,-0.1733405686143479,-0.0291457593245363,0.0199418353273143,-0.6613994285726782,-8.392181362820754,-2.69,-785.48,-392.74,-333.56,-559.52,0.0,0.0,0.0,0.0,0.0,31,38,36,34,37,6,-307,-138,-107,-212,12.7,12.6,12.5,12.4,12.3,-999,-999,-3.92,0.0,0.0,0.0
11.431320428848265,-0.0107379113300923,-0.0981751893037015,0.004601961998611,0.04601961998611,-0.6074589838166531,-7.968734807675752,-0.009203923997222,-0.1748745559472183,-0.0306797466574067,0.0199418353273143,-0.6613994285726782,-8.392181362820754,0.0,-788.17,-387.36,-336.25,-562.21,0.0,0.0,0.0,0.0,0.0,31,38,37,34,37,12,-307,-138,-107,-212,12.7,12.6,12.5,12.4,12.4,-999,-999,-3.92,0.0,0.0,0.0
11.44832444190979,-0.0122718986629626,-0.0981751893037015,0.004601961998611,0.0444856326532397,-0.6059249964837827,-7.956121396351854,-0.009203923997222,-0.1748745559472183,-0.0306797466574067,0.0199418353273143,-0.6613994285726782,-8.392181362820754,0.0,-788.17,-406.19,-333.56,-562.21,0.0,0.0,0.0,0.0,0.0,31,38,37,34,38,6,-307,-144,-100,-212,12.7,12.6,12.4,12.4,12.3,-999,-999,-3.92,0.0,0.0,0.0
11.46533465385437,-0.0107379113300923,-0.0981751893037015,0.004601961998611,0.0444856326532397,-0.6074589838166531,-7.968734807675752,-0.009203923997222,-0.1733405686143479,-0.0291457593245363,0.0199418353273143,-0.6613994285726782,-8.392181362820754,0.0,-788.17,-403.5,-328.18,-564.9,0.0,0.0,0.0,0.0,0.0,31,38,37,34,38,6,-307,-144,-100,-218,12.7,12.6,12.5,12.4,12.4,-999,-999,-3.92,0.0,0.0,0.0
11.482296228408813,-0.0122718986629626,-0.0981751893037015,0.004601961998611,0.04601961998611,-0.6059249964837827,-7.956121396351854,-0.009203923997222,-0.1733405686143479,-0.0291457593245363,0.0199418353273143,-0.6613994285726782,-8.392181362820754,5.38,-793.55,-381.98,-333.56,-562.21,0.0,0.0,0.0,0.0,0.0,31,38,37,34,38,6,-313,-138,-107,-218,12.7,12.6,12.4,12.4,12.4,-999,-999,-3.92,0.0,0.0,0.0
11.499321460723877,-0.0107379113300923,-0.0981751893037015,0.004601961998611,0.04601961998611,-0.6074589838166531,-7.968734807675752,-0.0107379113300923,-0.1733405686143479,-0.0291457593245363,0.0199418353273143,-0.6613994285726782,-8.392181362820754,0.0,-782.79,-390.05,-328.18,-564.9,0.0,0.0,0.0,0.0,0.0,31,38,37,34,38,0,-307,-138,-107,-218,12.7,12.6,12.4,12.5,12.4,-999,-999,-3.92,0.0,0.0,0.0
11.516417503356934,-0.0122718986629626,-0.0981751893037015,0.004601961998611,0.04601961998611,-0.6074589838166531,-7.968734807675752,-0.0107379113300923,-0.1733405686143479,-0.0291457593245363,0.0199418353273143,-0.6613994285726782,-8.392181362820754,0.0,-788.17,-390.05,-330.87,-567.59,0.0,0.0,0.0,0.0,0.0,31,37,37,34,37,6,-307,-138,-107,-218,12.7,12.6,12.6,12.4,12.3,-999,-999,-3.92,0.0,0.0,0.0
11.533324718475342,-0.0122718986629626,-0.0966412019708311,0.004601961998611,0.04601961998611,-0.6074589838166531,-7.968734807675752,-0.0107379113300923,-0.1748745559472183,-0.0291457593245363,0.0199418353273143,-0.6613994285726782,-8.392181362820754,0.0,-788.17,-390.05,-325.49,-567.59,0.0,0.0,0.0,0.0,0.0,31,37,37,34,37,0,-307,-138,-107,-218,12.7,12.6,12.5,12.4,12.4,-999,-999,-3.92,0.0,0.0,0.0
11.550262212753296,-0.0107379113300923,-0.0981751893037015,0.004601961998611,0.0444856326532397,-0.6074589838166531,-7.968734807675752,-0.0107379113300923,-0.1748745559472183,-0.0291457593245363,0.0199418353273143,-0.6613994285726782,-8.392181362820754,0.0,-790.86,-387.36,-330.87,-564.9,0.0,0.0,0.0,0.0,0.0,31,37,37,34,37,0,-307,-138,-100,-212,12.7,12.6,12.5,12.4,12.3,-999,-999,-3.92,0.0,0.0,0.0
11.567323207855226,-0.0107379113300923,-0.0981751893037015,0.004601961998611,0.04601961998611,-0.6074589838166531,-7.968734807675752,-0.009203923997222,-0.1748745559472183,-0.0306797466574067,0.0199418353273143,-0.6613994285726782,-8.392181362820754,34.97,-780.1,-390.05,-336.25,-567.59,0.0,0.0,0.0,0.0,0.0,31,37,37,34,37,12,-307,-138,-107,-218,12.7,12.6,12.5,12.4,12.3,-999,-999,-3.92,0.0,0.0,0.0
11.584322929382326,-0.0107379113300923,-0.0981751893037015,0.004601961998611,0.04601961998611,-0.6059249964837827,-7.956121396351854,-0.009203923997222,-0.1748745559472183,-0.0306797466574067,0.0199418353273143,-0.6613994285726782,-8.392181362820754,5.38,-785.48,-403.5,-333.56,-562.21,0.0,0.0,0.0,0.0,0.0,31,37,37,34,37,6,-307,-144,-107,-212,12.7,12.6,12.5,12.4,12.4,-999,-999,-3.92,0.0,0.0,0.0
11.601338863372801,-0.0107379113300923,-0.0981751893037015,0.004601961998611,0.04601961998611,-0.6059249964837827,-7.956121396351854,-0.0107379113300923,-0.1748745559472183,-0.0291457593245363,0.0199418353273143,-0.6613994285726782,-8.392181362820754,0.0,-790.86,-379.29,-336.25,-562.21,0.0,0.0,0.0,0.0,0.0,31,38,37,35,37,6,-313,-138,-107,-212,12.7,12.6,12.5,12.3,12.3,-999,-999,-3.92,0.0,0.0,0.0
11.618388652801514,-0.0122718986629626,-0.0966412019708311,0.004601961998611,0.0444856326532397,-0.6074589838166531,-7.968734807675752,-0.009203923997222,-0.1748745559472183,-0.0306797466574067,0.0199418353273143,-0.6613994285726782,-8.392181362820754,-2.69,-788.17,-406.19,-336.25,-562.21,0.0,0.0,0.0,0.0,0.0,31,38,37,34,37,0,-307,-144,-107,-212,12.6,12.7,12.5,12.4,12.3,-999,-999,-3.92,0.0,0.0,0.0
11.635363578796385,-0.0107379113300923,-0.0981751893037015,0.0061359493314813,0.04601961998611,-0.6074589838166531,-7.968734807675752,-0.0107379113300923,-0.1748745559472183,-0.0291457593245363,0.0199418353273143,-0.6613994285726782,-8.392181362820754,16.14,-788.17,-406.19,-333.56,-564.9,0.0,0.0,0.0,0.0,0.0,31,38,37,34,37,6,-307,-144,-107,-218,12.7,12.6,12.5,12.4,12.3,-999,-999,-3.92,0.0,0.0,0.0
11.6523756980896,-0.0107379113300923,-0.0981751893037015,0.004601961998611,0.04601961998611,-0.6059249964837827,-7.956121396351854,-0.009203923997222,-0.1748745559472183,-0.0291457593245363,0.0199418353273143,-0.6613994285726782,-8.392181362820754,0.0,-788.17,-387.36,-336.25,-567.59,0.0,0.0,0.0,0.0,0.0,31,38,37,34,37,0,-307,-144,-107,-218,12.7,12.5,12.4,12.4,12.2,-999,-999,-3.92,0.0,0.0,0.0
11.669437170028685,-0.0107379113300923,-0.0966412019708311,0.004601961998611,0.04601961998611,-0.6059249964837827,-7.956121396351854,-0.009203923997222,-0.1733405686143479,-0.0291457593245363,0.0199418353273143,-0.6613994285726782,-8.392181362820754,5.38,-790.86,-392.74,-336.25,-564.9,0.0,0.0,0.0,0.0,0.0,31,38,37,34,37,6,-307,-138,-107,-212,12.7,12.6,12.5,12.4,12.4,-999,-999,-3.92,0.0,0.0,0.0
11.687253952026367,-0.0107379113300923,-0.0981751893037015,0.004601961998611,0.04601961998611,-0.6059249964837827,-7.956121396351854,-0.0107379113300923,-0.1748745559472183,-0.0291457593245363,0.0199418353273143,-0.6613994285726782,-8.392181362820754,0.0,-790.86,-392.74,-336.25,-567.59,0.0,0.0,0.0,0.0,0.0,31,38,37,34,37,6,-307,-138,-107,-218,12.7,12.6,12.5,12.4,12.3,-999,-999,-3.92,0.0,0.0,0.0
11.704348087310791,-0.0107379113300923,-0.0981751893037015,0.004601961998611,0.04601961998611,-0.6074589838166531,-7.968734807675752,-0.0107379113300923,-0.1748745559472183,-0.0291457593245363,0.0199418353273143,-0.6613994285726782,-8.392181362820754,0.0,-788.17,-392.74,-328.18,-570.28,0.0,0.0,0.0,0.0,0.0,31,38,37,33,37,0,-307,-138,-107,-218,12.7,12.6,12.5,12.4,12.3,-999,-999,-3.92,0.0,0.0,0.0
11.72141695022583,-0.0122718986629626,-0.0981751893037015,0.0061359493314813,0.04601961998611,-0.6074589838166531,-7.968734807675752,-0.0107379113300923,-0.1748745559472183,-0.0291457593245363,0.0199418353273143,-0.6613994285726782,-8.392181362820754,0.0,-790.86,-395.43,-328.18,-564.9,0.0,0.0,0.0,0.0,0.0,31,38,37,33,37,6,-313,-144,-100,-212,12.7,12.6,12.5,12.4,12.1,-999,-999,-3.92,0.0,0.0,0.0
11.738456726074217,-0.0107379113300923,-0.0966412019708311,0.004601961998611,0.04601961998611,-0.6074589838166531,-7.968734807675752,-0.0107379113300923,-0.1748745559472183,-0.0291457593245363,0.0199418353273143,-0.6613994285726782,-8.392181362820754,0.0,-790.86,-384.67,-333.56,-562.21,0.0,0.0,0.0,0.0,0.0,31,37,37,33,37,0,-307,-138,-107,-218,12.7,12.5,12.4,12.3,12.4,-999,-999,-3.92,0.0,0.0,0.0
11.756306409835815,-0.0107379113300923,-0.0981751893037015,0.004601961998611,0.0444856326532397,-0.6059249964837827,-7.956121396351854,-0.0107379113300923,-0.1748745559472183,-0.0306797466574067,0.0199418353273143,-0.6613994285726782,-8.392181362820754,0.0,-796.24,-392.74,-330.87,-567.59,0.0,0.0,0.0,0.0,0.0,31,37,36,33,38,0,-313,-138,-107,-218,12.7,12.7,12.6,12.4,12.4,-999,-999,-3.92,0.0,0.0,0.0
11.773406028747557,-0.0122718986629626,-0.0981751893037015,0.004601961998611,0.04601961998611,-0.6059249964837827,-7.956121396351854,-0.009203923997222,-0.1748745559472183,-0.0306797466574067,0.0199418353273143,-0.6613994285726782,-8.392181362820754,0.0,-785.48,-403.5,-330.87,-570.28,0.0,0.0,0.0,0.0,0.0,31,37,36,34,38,0,-307,-144,-107,-218,12.7,12.5,12.5,12.4,12.1,-999,-999,-3.92,0.0,0.0,0.0
11.79131031036377,-0.0107379113300923,-0.0981751893037015,0.004601961998611,0.04601961998611,-0.6059249964837827,-7.956121396351854,-0.0107379113300923,-0.1748745559472183,-0.0291457593245363,0.0199418353273143,-0.6613994285726782,-8.392181362820754,5.38,-782.79,-414.26,-336.25,-562.21,0.0,0.0,0.0,0.0,0.0,31,38,37,34,38,6,-313,-150,-107,-212,12.7,12.5,12.5,12.4,12.4,-999,-999,-3.92,0.0,0.0,0.0
11.808290004730226,-0.0107379113300923,-0.0981751893037015,0.004601961998611,0.04601961998611,-0.6074589838166531,-7.968734807675752,-0.0107379113300923,-0.1748745559472183,-0.0291457593245363,0.0199418353273143,-0.6613994285726782,-8.392181362820754,0.0,-785.48,-381.98,-330.87,-562.21,0.0,0.0,0.0,0.0,0.0,31,38,37,34,38,6,-307,-138,-107,-212,12.7,12.6,12.4,12.4,12.4,-999,-999,-3.92,0.0,0.0,0.0
11.825279235839844,-0.0107379113300923,-0.0981751893037015,0.004601961998611,0.04601961998611,-0.6059249964837827,-7.956121396351854,-0.0107379113300923,-0.1733405686143479,-0.0291457593245363,0.0199418353273143,-0.6613994285726782,-8.392181362820754,0.0,-785.48,-390.05,-333.56,-562.21,0.0,0.0,0.0,0.0,0.0,31,38,37,34,38,6,-307,-144,-100,-212,12.7,12.6,12.6,12.4,12.3,-999,-999,-3.92,0.0,0.0,0.0
11.842320203781128,-0.0107379113300923,-0.0966412019708311,0.004601961998611,0.04601961998611,-0.6074589838166531,-7.968734807675752,-0.009203923997222,-0.1748745559472183,-0.0291457593245363,0.0199418353273143,-0.6613994285726782,-8.392181362820754,32.28,-788.17,-390.05,-333.56,-564.9,0.0,0.0,0.0,0.0,0.0,31,38,37,34,37,12,-307,-138,-107,-212,12.6,12.6,12.6,12.4,12.4,-999,-999,-3.92,0.0,0.0,0.0
11.85929012298584,-0.0107379113300923,-0.0981751893037015,0.0061359493314813,0.04601961998611,-0.6074589838166531,-7.968734807675752,-0.0107379113300923,-0.1748745559472183,-0.0291457593245363,0.0199418353273143,-0.6613994285726782,-8.392181362820754,0.0,-796.24,-390.05,-333.56,-559.52,0.0,0.0,0.0,0.0,0.0,31,38,37,34,37,0,-313,-138,-107,-212,12.4,12.6,12.6,12.4,12.4,-999,-999,-3.92,0.0,0.0,0.0
11.876353979110718,-0.0107379113300923,-0.0966412019708311,0.004601961998611,0.04601961998611,-0.6074589838166531,-7.968734807675752,-0.0107379113300923,-0.1748745559472183,-0.0291457593245363,0.0199418353273143,-0.6613994285726782,-8.392181362820754,5.38,-790.86,-390.05,-336.25,-564.9,0.0,0.0,0.0,0.0,0.0,31,38,37,34,37,6,-313,-138,-107,-212,12.7,12.7,12.5,12.3,12.2,-999,-999,-3.92,0.0,0.0,0.0
11.893264293670654,-0.0122718986629626,-0.0966412019708311,0.004601961998611,0.04601961998611,-0.6059249964837827,-7.956121396351854,-0.0107379113300923,-0.1748745559472183,-0.0291457593245363,0.0199418353273143,-0.6613994285726782,-8.392181362820754,0.0,-785.48,-392.74,-333.56,-562.21,0.0,0.0,0.0,0.0,0.0,31,38,37,34,37,6,-307,-138,-107,-212,12.7,12.6,12.4,12.5,12.4,-999,-999,-3.92,0.0,0.0,0.0
11.910300493240358,-0.0107379113300923,-0.0966412019708311,0.004601961998611,0.04601961998611,-0.6074589838166531,-7.968734807675752,-0.009203923997222,-0.1748745559472183,-0.0291457593245363,0.0199418353273143,-0.6613994285726782,-8.392181362820754,0.0,-790.86,-384.67,-333.56,-562.21,0.0,0.0,0.0,0.0,0.0,31,37,37,34,37,0,-313,-138,-107,-218,12.7,12.6,12.6,12.4,12.3,-999,-999,-3.92,0.0,0.0,0.0
11.927250623703001,-0.0122718986629626,-0.0966412019708311,0.004601961998611,0.04601961998611,-0.6074589838166531,-7.968734807675752,-0.009203923997222,-0.1748745559472183,-0.0291457593245363,0.0199418353273143,-0.6613994285726782,-8.392181362820754,5.38,-790.86,-392.74,-336.25,-562.21,0.0,0.0,0.0,0.0,0.0,31,37,37,34,37,6,-313,-138,-107,-212,12.7,12.6,12.5,12.4,12.3,-999,-999,-3.92,0.0,0.0,0.0
11.944354772567749,-0.0107379113300923,-0.0966412019708311,0.004601961998611,0.04601961998611,-0.6074589838166531,-7.968734807675752,-0.0107379113300923,-0.1748745559472183,-0.0291457593245363,0.0199418353273143,-0.6613994285726782,-8.392181362820754,0.0,-788.17,-387.36,-336.25,-562.21,0.0,0.0,0.0,0.0,0.0,31,38,37,34,37,0,-307,-138,-107,-212,12.7,12.6,12.5,12.4,12.4,-999,-999,-3.92,0.0,0.0,0.0
11.961263179779053,-0.0107379113300923,-0.0981751893037015,0.004601961998611,0.04601961998611,-0.6074589838166531,-7.968734807675752,-0.0107379113300923,-0.1748745559472183,-0.0291457593245363,0.0199418353273143,-0.6613994285726782,-8.392181362820754,-2.69,-790.86,-390.05,-333.56,-562.21,0.0,0.0,0.0,0.0,0.0,31,38,37,33,38,6,-313,-144,-107,-212,12.7,12.6,12.5,12.4,12.4,-999,-999,-3.92,0.0,0.0,0.0
11.978337526321411,-0.0107379113300923,-0.0966412019708311,0.004601961998611,0.04601961998611,-0.6074589838166531,-7.968734807675752,-0.009203923997222,-0.1748745559472183,-0.0291457593245363,0.0199418353273143,-0.6613994285726782,-8.392181362820754,-2.69,-785.48,-390.05,-330.87,-562.21,0.0,0.0,0.0,0.0,0.0,31,38,37,33,38,6,-307,-138,-107,-212,12.6,12.5,12.6,12.4,12.4,-999,-999,-3.92,0.0,0.0,0.0
11.995253086090088,-0.0122718986629626,-0.0981751893037015,0.004601961998611,0.04601961998611,-0.6074589838166531,-7.968734807675752,-0.009203923997222,-0.1748745559472183,-0.0291457593245363,0.0199418353273143,-0.6613994285726782,-8.392181362820754,2.69,-788.17,-392.74,-328.18,-562.21,0.0,0.0,0.0,0.0,0.0,31,38,37,34,38,6,-313,-144,-107,-212,12.7,12.5,12.5,12.4,12.3,-999,-999,-3.92,0.0,0.0,0.0
12.012245655059813,-0.0122718986629626,-0.0966412019708311,0.004601961998611,0.04601961998611,-0.6074589838166531,-7.968734807675752,-0.009203923997222,-0.1748745559472183,-0.0291457593245363,0.0199418353273143,-0.6613994285726782,-8.392181362820754,0.0,-790.86,-392.74,-333.56,-564.9,0.0,0.0,0.0,0.0,0.0,31,38,37,34,37,6,-307,-138,-107,-218,12.7,12.6,12.5,12.4,12.3,-999,-999,-3.92,0.0,0.0,0.0
12.029279708862305,-0.0107379113300923,-0.0981751893037015,0.004601961998611,0.04601961998611,-0.6074589838166531,-7.968734807675752,-0.0107379113300923,-0.1748745559472183,-0.0291457593245363,0.0199418353273143,-0.6613994285726782,-8.392181362820754,0.0,-793.55,-387.36,-322.8,-564.9,0.0,0.0,0.0,0.0,0.0,31,38,37,34,37,6,-307,-138,-100,-212,12.7,12.6,12.5,12.4,12.4,-999,-999,-3.92,0.0,0.0,0.0
12.046308755874634,-0.0107379113300923,-0.0981751893037015,0.004601961998611,0.04601961998611,-0.6074589838166531,-7.968734807675752,-0.009203923997222,-0.1748745559472183,-0.0306797466574067,0.0199418353273143,-0.6613994285726782,-8.392181362820754,0.0,-785.48,-406.19,-330.87,-562.21,0.0,0.0,0.0,0.0,0.0,31,37,37,34,37,6,-307,-144,-100,-212,12.7,12.6,12.4,12.4,12.4,-999,-999,-3.92,0.0,0.0,0.0
12.063408851623535,-0.0107379113300923,-0.0981751893037015,0.004601961998611,0.04601961998611,-0.6074589838166531,-7.968734807675752,-0.009203923997222,-0.1748745559472183,-0.0291457593245363,0.0199418353273143,-0.6613994285726782,-8.392181362820754,0.0,-793.55,-381.98,-333.56,-562.21,0.0,0.0,0.0,0.0,0.0,31,38,37,34,37,6,-313,-138,-100,-212,12.7,12.5,12.5,12.4,12.3,-999,-999,-3.92,0.0,0.0,0.0
12.081250667572021,-0.0107379113300923,-0.0981751893037015,0.004601961998611,0.04601961998611,-0.6074589838166531,-7.968734807675752,-0.009203923997222,-0.1748745559472183,-0.0291457593245363,0.0199418353273143,-0.6613994285726782,-8.392181362820754,2.69,-788.17,-387.36,-336.25,-567.59,0.0,0.0,0.0,0.0,0.0,31,38,37,34,37,6,-313,-138,-107,-212,12.7,12.6,12.5,12.4,12.4,-999,-999,-3.92,0.0,0.0,0.0
12.098323106765747,-0.0107379113300923,-0.0981751893037015,0.0061359493314813,0.04601961998611,-0.6074589838166531,-7.968734807675752,-0.009203923997222,-0.1748745559472183,-0.0291457593245363,0.0199418353273143,-0.6613994285726782,-8.392181362820754,0.0,-788.17,-387.36,-336.25,-564.9,0.0,0.0,0.0,0.0,0.0,31,38,37,34,37,6,-313,-138,-107,-212,12.7,12.6,12.6,12.2,12.3,-999,-999,-3.92,0.0,0.0,0.0
12.115320205688478,-0.0107379113300923,-0.0981751893037015,0.004601961998611,0.04601961998611,-0.6074589838166531,-7.968734807675752,-0.009203923997222,-0.1748745559472183,-0.0291457593245363,0.0199418353273143,-0.6613994285726782,-8.392181362820754,0.0,-788.17,-390.05,-336.25,-562.21,0.0,0.0,0.0,0.0,0.0,31,38,37,34,37,6,-307,-138,-107,-218,12.7,12.6,12.5,12.4,12.4,-999,-999,-3.92,0.0,0.0,0.0
12.132374286651611,-0.0107379113300923,-0.0966412019708311,0.004601961998611,0.04601961998611,-0.6074589838166531,-7.968734807675752,-0.009203923997222,-0.1748745559472183,-0.0291457593245363,0.0199418353273143,-0.6613994285726782,-8.392181362820754,5.38,-790.86,-387.36,-328.18,-562.21,0.0,0.0,0.0,0.0,0.0,31,38,37,34,37,6,-313,-138,-100,-212,12.7,12.6,12.5,12.4,12.3,-999,-999,-3.92,0.0,0.0,0.0
12.150223731994629,-0.0107379113300923,-0.0981751893037015,0.004601961998611,0.0444856326532397,-0.6074589838166531,-7.968734807675752,-0.009203923997222,-0.1733405686143479,-0.0291457593245363,0.0199418353273143,-0.6613994285726782,-8.392181362820754,2.69,-782.79,-390.05,-328.18,-564.9,0.0,0.0,0.0,0.0,0.0,31,38,37,34,37,12,-307,-138,-100,-212,12.7,12.6,12.5,12.3,12.4,-999,-999,-3.92,0.0,0.0,0.0
12.16726565361023,-0.0122718986629626,-0.0966412019708311,0.004601961998611,0.04601961998611,-0.6074589838166531,-7.968734807675752,-0.009203923997222,-0.1733405686143479,-0.0291457593245363,0.0199418353273143,-0.6613994285726782,-8.392181362820754,0.0,-788.17,-390.05,-328.18,-564.9,0.0,0.0,0.0,0.0,0.0,31,37,37,34,37,6,-313,-144,-100,-218,12.6,12.6,12.6,12.4,12.3,-999,-999,-3.92,0.0,0.0,0.0
12.18432354927063,-0.0107379113300923,-0.0981751893037015,0.004601961998611,0.04601961998611,-0.6074589838166531,-7.968734807675752,-0.009203923997222,-0.1733405686143479,-0.0291457593245363,0.018407847994444,-0.6613994285726782,-8.392181362820754,0.0,-788.17,-398.12,-352.39,-562.21,0.0,0.0,0.0,0.0,0.0,31,37,37,34,37,6,-307,-138,-113,-218,12.7,12.5,12.6,12.3,12.3,-999,-999,-3.92,0.0,0.0,0.0
12.201315164566042,-0.0107379113300923,-0.0966412019708311,0.004601961998611,0.04601961998611,-0.6059249964837827,-7.956121396351854,-0.009203923997222,-0.1748745559472183,-0.0291457593245363,0.0199418353273143,-0.6613994285726782,-8.392181362820754,2.69,-788.17,-392.74,-320.11,-562.21,0.0,0.0,0.0,0.0,0.0,31,38,37,34,37,12,-307,-144,-107,-212,12.7,12.5,12.6,12.4,12.3,-999,-999,-3.92,0.0,0.0,0.0
12.218342542648315,-0.0122718986629626,-0.0981751893037015,0.004601961998611,0.04601961998611,-0.6074589838166531,-7.968734807675752,-0.009203923997222,-0.1748745559472183,-0.0291457593245363,0.0199418353273143,-0.6613994285726782,-8.392181362820754,0.0,-785.48,-390.05,-336.25,-562.21,0.0,0.0,0.0,0.0,0.0,31,37,37,34,37,6,-307,-138,-107,-212,12.7,12.6,12.6,12.4,12.4,-999,-999,-3.92,0.0,0.0,0.0
12.235289812088013,-0.0107379113300923,-0.0966412019708311,0.004601961998611,0.0444856326532397,-0.6074589838166531,-7.968734807675752,-0.009203923997222,-0.1748745559472183,-0.0291457593245363,0.0199418353273143,-0.6613994285726782,-8.392181362820754,0.0,-788.17,-390.05,-336.25,-559.52,0.0,0.0,0.0,0.0,0.0,31,38,37,34,37,6,-313,-138,-107,-212,12.7,12.6,12.5,12.4,12.4,-999,-999,-3.92,0.0,0.0,0.0
12.25228238105774,-0.0107379113300923,-0.0966412019708311,0.004601961998611,0.04601961998611,-0.6074589838166531,-7.968734807675752,-0.009203923997222,-0.1748745559472183,-0.0291457593245363,0.0199418353273143,-0.6613994285726782,-8.392181362820754,0.0,-788.17,-398.12,-333.56,-562.21,0.0,0.0,0.0,0.0,0.0,31,38,37,34,37,6,-313,-144,-107,-212,12.6,12.6,12.6,12.4,12.4,-999,-999,-3.92,0.0,0.0,0.0
12.269370079040527,-0.0107379113300923,-0.0966412019708311,0.004601961998611,0.0444856326532397,-0.6074589838166531,-7.968734807675752,-0.009203923997222,-0.1748745559472183,-0.0291457593245363,0.0199418353273143,-0.6613994285726782,-8.392181362820754,0.0,-785.48,-390.05,-333.56,-564.9,0.0,0.0,0.0,0.0,0.0,31,38,37,34,37,6,-307,-144,-107,-218,12.7,12.6,12.5,12.4,12.4,-999,-999,-3.92,0.0,0.0,0.0
12.286370754241943,-0.0122718986629626,-0.0981751893037015,0.004601961998611,0.04601961998611,-0.6059249964837827,-7.956121396351854,-0.009203923997222,-0.1748745559472183,-0.0291457593245363,0.0199418353273143,-0.6613994285726782,-8.392181362820754,0.0,-782.79,-395.43,-325.49,-567.59,0.0,0.0,0.0,0.0,0.0,31,38,37,34,37,6,-307,-138,-107,-218,12.7,12.6,12.4,12.4,12.4,-999,-999,-3.92,0.0,0.0,0.0
12.303323984146118,-0.0107379113300923,-0.0981751893037015,0.004601961998611,0.04601961998611,-0.6059249964837827,-7.956121396351854,-0.009203923997222,-0.1748745559472183,-0.0291457593245363,0.0199418353273143,-0.6613994285726782,-8.392181362820754,0.0,-788.17,-387.36,-333.56,-564.9,0.0,0.0,0.0,0.0,0.0,31,38,37,34,37,6,-307,-138,-107,-212,12.7,12.6,12.4,12.4,12.4,-999,-999,-3.92,0.0,0.0,0.0
12.320284605026245,-0.0107379113300923,-0.0966412019708311,0.004601961998611,0.04601961998611,-0.6074589838166531,-7.968734807675752,-0.009203923997222,-0.1748745559472183,-0.0291457593245363,0.0199418353273143,-0.6613994285726782,-8.392181362820754,0.0,-782.79,-390.05,-330.87,-564.9,0.0,0.0,0.0,0.0,0.0,31,39,37,34,37,6,-307,-138,-100,-212,12.7,12.6,12.5,12.4,12.3,-999,-999,-3.92,0.0,0.0,0.0
12.337322473526001,-0.0107379113300923,-0.0981751893037015,0.004601961998611,0.04601961998611,-0.6074589838166531,-7.968734807675752,-0.009203923997222,-0.1733405686143479,-0.0291457593245363,0.0199418353273143,-0.6613994285726782,-8.392181362820754,2.69,-793.55,-387.36,-333.56,-562.21,0.0,0.0,0.0,0.0,0.0,31,38,37,34,37,6,-313,-138,-107,-212,12.7,12.5,12.5,12.4,12.2,-999,-999,-3.92,0.0,0.0,0.0
12.35441517829895,-0.0107379113300923,-0.0966412019708311,0.004601961998611,0.04601961998611,-0.6074589838166531,-7.968734807675752,-0.009203923997222,-0.1733405686143479,-0.0291457593245363,0.0199418353273143,-0.6613994285726782,-8.392181362820754,0.0,-785.48,-387.36,-333.56,-562.21,0.0,0.0,0.0,0.0,0.0,32,37,37,34,37,6,-307,-138,-107,-212,12.6,12.6,12.5,12.4,12.4,-999,-999,-3.92,0.0,0.0,0.0
12.371262788772581,-0.0107379113300923,-0.0981751893037015,0.0061359493314813,0.04601961998611,-0.6059249964837827,-7.956121396351854,-0.009203923997222,-0.1733405686143479,-0.0291457593245363,0.0199418353273143,-0.6613994285726782,-8.392181362820754,2.69,-788.17,-392.74,-333.56,-567.59,0.0,0.0,0.0,0.0,0.0,32,37,37,34,37,12,-307,-138,-107,-212,12.7,12.6,12.5,12.4,12.4,-999,-999,-3.92,0.0,0.0,0.0
12.388284921646118,-0.0107379113300923,-0.0981751893037015,0.004601961998611,0.04601961998611,-0.6059249964837827,-7.956121396351854,-0.009203923997222,-0.1733405686143479,-0.0291457593245363,0.0199418353273143,-0.6613994285726782,-8.392181362820754,0.0,-788.17,-387.36,-330.87,-564.9,0.0,0.0,0.0,0.0,0.0,32,38,37,34,37,6,-313,-138,-107,-212,12.7,12.6,12.6,12.4,12.4,-999,-999,-3.92,0.0,0.0,0.0
12.405349254608154,-0.0107379113300923,-0.0981751893037015,0.004601961998611,0.04601961998611,-0.6074589838166531,-7.968734807675752,-0.0076699366643516,-0.1718065812814776,-0.0291457593245363,0.0199418353273143,-0.6613994285726782,-8.392181362820754,0.0,-790.86,-392.74,-333.56,-564.9,0.0,0.0,0.0,0.0,0.0,32,38,37,34,36,6,-307,-138,-107,-218,12.7,12.5,12.5,12.4,12.4,-999,-999,-3.92,0.0,0.0,0.0
12.422252416610718,-0.0107379113300923,-0.0966412019708311,0.0061359493314813,0.04601961998611,-0.6074589838166531,-7.968734807675752,-0.0076699366643516,-0.1718065812814776,-0.0291457593245363,0.0199418353273143,-0.6613994285726782,-8.392181362820754,24.21,-755.89,-390.05,-330.87,-562.21,0.0,0.0,0.0,0.0,0.0,32,38,37,34,37,12,-300,-138,-107,-212,12.7,12.7,12.5,12.4,12.2,-999,-999,-3.92,0.0,0.0,0.0
12.439348697662354,-0.0107379113300923,-0.0981751893037015,0.004601961998611,0.04601961998611,-0.6059249964837827,-7.956121396351854,-0.0076699366643516,-0.1718065812814776,-0.027611771991666,0.0199418353273143,-0.6613994285726782,-8.392181362820754,13.45,-769.34,-365.84,-330.87,-559.52,0.0,0.0,0.0,0.0,0.0,32,37,37,34,38,12,-307,-132,-107,-212,12.6,12.5,12.6,12.4,12.4,-999,-999,-3.92,0.0,0.0,0.0
12.456340551376341,-0.0107379113300923,-0.0981751893037015,0.004601961998611,0.04601961998611,-0.6074589838166531,-7.968734807675752,-0.0076699366643516,-0.1702725939486073,-0.0245437973259253,0.0199418353273143,-0.6613994285726782,-8.392181362820754,26.9,-774.72,-355.08,-325.49,-562.21,0.0,0.0,0.0,0.0,0.0,32,37,37,34,38,12,-307,-125,-100,-212,12.7,12.6,12.6,12.4,12.4,-999,-999,-3.92,0.0,0.0,0.0
12.473372220993042,-0.0107379113300923,-0.0981751893037015,0.0061359493314813,0.04601961998611,-0.6059249964837827,-7.956121396351854,-0.0061359493314813,-0.1687386066157369,-0.023009809993055,0.0199418353273143,-0.6613994285726782,-8.392181362820754,29.59,-739.75,-333.56,-330.87,-567.59,0.0,0.0,0.0,0.0,0.0,32,37,37,34,38,12,-300,-119,-100,-212,12.7,12.5,12.6,12.4,12.4,-999,-999,-3.92,0.0,0.0,0.0
12.490408897399902,-0.009203923997222,-0.0981751893037015,0.004601961998611,0.04601961998611,-0.6074589838166531,-7.968734807675752,-0.0061359493314813,-0.1672046192828666,-0.0214758226601847,0.0199418353273143,-0.6613994285726782,-8.392181362820754,34.97,-731.68,-312.04,-336.25,-567.59,0.0,0.0,0.0,0.0,0.0,31,37,37,34,38,12,-288,-113,-107,-212,12.7,12.7,12.6,12.4,12.4,-999,-999,-3.92,0.0,0.0,0.0
12.507306814193726,-0.009203923997222,-0.0966412019708311,0.004601961998611,0.04601961998611,-0.6059249964837827,-7.956121396351854,-0.0061359493314813,-0.1672046192828666,-0.0214758226601847,0.0199418353273143,-0.6613994285726782,-8.392181362820754,18.83,-720.92,-301.28,-333.56,-564.9,0.0,0.0,0.0,0.0,0.0,31,37,37,34,38,12,-282,-107,-107,-212,12.8,12.6,12.6,12.4,12.4,-999,-999,-3.92,0.0,0.0,0.0
12.52423906326294,-0.0076699366643516,-0.0981751893037015,0.004601961998611,0.04601961998611,-0.6059249964837827,-7.956121396351854,-0.0061359493314813,-0.1656706319499963,-0.018407847994444,0.0199418353273143,-0.6613994285726782,-8.392181362820754,29.59,-696.71,-285.14,-336.25,-562.21,0.0,0.0,0.0,0.0,0.0,31,37,37,34,38,12,-275,-107,-107,-218,12.7,12.7,12.5,12.5,12.4,-999,-999,-3.92,0.0,0.0,0.0
12.541255235671997,-0.0076699366643516,-0.0981751893037015,0.004601961998611,0.04601961998611,-0.6074589838166531,-7.968734807675752,-0.004601961998611,-0.1626026572842556,-0.0153398733287033,0.0199418353273143,-0.6613994285726782,-8.392181362820754,43.04,-669.81,-255.55,-330.87,-564.9,0.023980823922402,0.0,0.0,0.0,0.0,31,37,37,34,38,12,-219,-88,-107,-212,12.7,12.7,12.6,12.5,12.4,-999,-999,-3.92,0.0,0.0,0.0
12.558281898498535,-0.0061359493314813,-0.0966412019708311,0.0061359493314813,0.04601961998611,-0.6059249964837827,-7.956121396351854,-0.004601961998611,-0.1610686699513852,-0.013805885995833,0.0199418353273143,-0.6613994285726782,-8.392181362820754,5.38,-661.74,-266.31,-333.56,-564.9,0.023980823922402,0.0,0.0,0.0,0.0,31,37,38,34,38,12,-269,-88,-107,-212,12.7,12.6,12.6,12.5,12.3,-999,-999,-3.92,0.0,0.0,0.0
12.575291633605957,-0.0076699366643516,-0.0981751893037015,0.0061359493314813,0.04601961998611,-0.6074589838166531,-7.968734807675752,-0.0061359493314813,-0.1595346826185149,-0.013805885995833,0.0199418353273143,-0.6613994285726782,-8.392181362820754,0.0,-664.43,-255.55,-338.94,-564.9,0.023980823922402,0.0,0.0,0.0,0.0,31,37,37,34,38,6,-257,-82,-107,-212,12.7,12.7,12.6,12.5,12.4,-999,-999,-3.92,0.0,0.0,0.0
12.592292070388794,-0.0061359493314813,-0.0981751893037015,0.0076699366643516,0.04601961998611,-0.6059249964837827,-7.956121396351854,-0.004601961998611,-0.1564667079527743,-0.013805885995833,0.0199418353273143,-0.6613994285726782,-8.392181362820754,0.0,-642.91,-277.07,-330.87,-567.59,0.023980823922402,0.0,0.0,0.0,0.0,31,37,37,34,38,0,-257,-88,-100,-218,12.7,12.7,12.6,12.4,12.4,-999,-999,-3.92,0.0,0.0,0.0
12.609263896942137,-0.0061359493314813,-0.0966412019708311,0.009203923997222,0.04601961998611,-0.6059249964837827,-7.956121396351854,-0.004601961998611,-0.1564667079527743,-0.013805885995833,0.0199418353273143,-0.6613994285726782,-8.392181362820754,13.45,-624.08,-320.11,-333.56,-564.9,0.023980823922402,0.0,0.023980823922402,0.0,0.0,31,37,37,34,38,6,-244,-94,-100,-212,12.7,12.7,12.7,12.5,12.3,-999,-999,-3.92,0.0,0.0,0.0
12.626261949539186,-0.0061359493314813,-0.0966412019708311,0.0107379113300923,0.04601961998611,-0.6059249964837827,-7.956121396351854,-0.004601961998611,-0.1549327206199039,-0.013805885995833,0.0199418353273143,-0.6613994285726782,-8.392181362820754,-5.38,-589.11,-357.77,-330.87,-567.59,0.023980823922402,0.0,0.0479616478448041,0.0,0.0,31,37,38,34,37,6,-232,-100,-100,-218,12.7,12.7,12.8,12.5,12.4,-999,-999,-3.92,0.0,0.0,0.0
12.643234252929688,-0.0061359493314813,-0.0981751893037015,0.0122718986629626,0.04601961998611,-0.6059249964837827,-7.956121396351854,-0.004601961998611,-0.1533987332870336,-0.0153398733287033,0.0199418353273143,-0.6613994285726782,-8.392181362820754,-5.38,-567.59,-379.29,-336.25,-567.59,0.0,0.0,0.0719424717672062,0.0,0.0,31,37,36,34,37,6,-225,-113,-107,-212,12.7,12.9,12.7,12.5,12.3,-999,-999,-3.92,0.0,0.0,0.0
12.660268545150757,-0.0061359493314813,-0.0981751893037015,0.013805885995833,0.04601961998611,-0.6074589838166531,-7.968734807675752,-0.004601961998611,-0.1518647459541632,-0.013805885995833,0.0199418353273143,-0.6613994285726782,-8.392181362820754,-5.38,-556.83,-344.32,-333.56,-564.9,0.0,0.0,0.0719424717672062,0.0,0.0,31,37,37,34,37,6,-219,-113,-107,-212,12.7,12.7,12.7,12.5,12.4,-999,-999,-3.92,0.0,0.0,0.0
12.677297353744505,-0.0061359493314813,-0.0981751893037015,0.0153398733287033,0.04601961998611,-0.6059249964837827,-7.956121396351854,-0.004601961998611,-0.1518647459541632,-0.013805885995833,0.0199418353273143,-0.6613994285726782,-8.392181362820754,-2.69,-567.59,-333.56,-330.87,-567.59,0.0,0.0,0.0719424717672062,0.0,0.0,31,37,37,34,37,6,-219,-113,-107,-212,12.7,12.7,12.6,12.5,12.4,-999,-999,-3.92,0.0,0.0,0.0
12.694291353225708,-0.0061359493314813,-0.0981751893037015,0.0153398733287033,0.04601961998611,-0.6074589838166531,-7.968734807675752,-0.004601961998611,-0.1503307586212929,-0.013805885995833,0.0199418353273143,-0.6613994285726782,-8.392181362820754,-2.69,-554.14,-330.87,-330.87,-562.21,0.0,0.0,0.0719424717672062,0.0,0.0,31,37,37,34,37,6,-219,-113,-107,-212,12.7,12.6,12.5,12.5,12.3,-999,-999,-3.92,0.0,0.0,0.0
12.711214780807495,-0.0061359493314813,-0.0966412019708311,0.0153398733287033,0.04601961998611,-0.6059249964837827,-7.956121396351854,-0.0061359493314813,-0.1503307586212929,-0.013805885995833,0.0199418353273143,-0.6613994285726782,-8.392181362820754,0.0,-543.38,-333.56,-336.25,-570.28,0.0,0.0,0.0479616478448041,0.0,0.0,31,37,37,34,37,0,-213,-119,-107,-218,12.7,12.7,12.5,12.5,12.4,-999,-999,-3.92,0.0,0.0,0.0
12.72819995880127,-0.0061359493314813,-0.0966412019708311,0.0153398733287033,0.04601961998611,-0.6059249964837827,-7.956121396351854,-0.0061359493314813,-0.1503307586212929,-0.013805885995833,0.0199418353273143,-0.6613994285726782,-8.392181362820754,0.0,-543.38,-336.25,-336.25,-564.9,0.0,0.0,0.023980823922402,0.0,0.0,31,37,37,35,37,6,-213,-119,-107,-212,12.7,12.6,12.6,12.5,12.4,-999,-999,-3.92,0.0,0.0,0.0
12.745220184326172,-0.0061359493314813,-0.0966412019708311,0.0153398733287033,0.04601961998611,-0.6074589838166531,-7.968734807675752,-0.0061359493314813,-0.1503307586212929,-0.013805885995833,0.0199418353273143,-0.6613994285726782,-8.392181362820754,0.0,-543.38,-336.25,-336.25,-567.59,0.0,0.0,0.023980823922402,0.0,0.0,31,37,37,34,37,0,-213,-119,-107,-218,12.7,12.7,12.6,12.5,12.4,-999,-999,-3.92,0.0,0.0,0.0
12.762237787246706,-0.0061359493314813,-0.0966412019708311,0.0153398733287033,0.0444856326532397,-0.6074589838166531,-7.968734807675752,-0.0061359493314813,-0.1487967712884225,-0.013805885995833,0.0199418353273143,-0.6613994285726782,-8.392181362820754,0.0,-543.38,-333.56,-333.56,-564.9,0.0,0.0,0.0,0.0,0.0,31,37,37,33,37,0,-207,-119,-107,-212,12.7,12.7,12.6,12.5,12.4,-999,-999,-3.92,0.0,0.0,0.0
12.779216527938841,-0.0061359493314813,-0.0966412019708311,0.0153398733287033,0.04601961998611,-0.6074589838166531,-7.968734807675752,-0.0061359493314813,-0.1487967712884225,-0.013805885995833,0.0199418353273143,-0.6613994285726782,-8.392181362820754,0.0,-538.0,-333.56,-333.56,-562.21,0.0,0.0,0.0,0.0,0.0,31,37,37,33,37,6,-207,-119,-107,-212,12.7,12.7,12.6,12.5,12.3,-999,-999,-3.92,0.0,0.0,0.0
12.796236038208008,-0.0061359493314813,-0.0966412019708311,0.0153398733287033,0.04601961998611,-0.6059249964837827,-7.956121396351854,-0.004601961998611,-0.1487967712884225,-0.013805885995833,0.0199418353273143,-0.6613994285726782,-8.392181362820754,0.0,-546.0699999999999,-333.56,-336.25,-564.9,0.0,0.0,0.0,0.0,0.0,31,37,37,33,37,6,-213,-119,-107,-212,12.7,12.7,12.6,12.5,12.4,-999,-999,-3.92,0.0,0.0,0.0
12.81325626373291,-0.0061359493314813,-0.0966412019708311,0.0153398733287033,0.04601961998611,-0.6074589838166531,-7.968734807675752,-0.004601961998611,-0.1487967712884225,-0.013805885995833,0.0199418353273143,-0.6613994285726782,-8.392181362820754,0.0,-543.38,-330.87,-328.18,-564.9,0.0,0.0,0.0,0.0,0.0,31,37,37,33,37,6,-213,-119,-107,-212,12.7,12.7,12.6,12.4,12.5,-999,-999,-3.92,0.0,0.0,0.0
12.830256462097168,-0.0061359493314813,-0.0966412019708311,0.0153398733287033,0.04601961998611,-0.6074589838166531,-7.968734807675752,-0.0061359493314813,-0.1472627839555522,-0.013805885995833,0.0199418353273143,-0.6613994285726782,-8.392181362820754,0.0,-519.17,-333.56,-336.25,-564.9,0.0,0.0,0.0,0.0,0.0,31,38,37,33,37,0,-207,-119,-107,-218,12.7,12.6,12.6,12.5,12.4,-999,-999,-3.92,0.0,0.0,0.0
12.847375631332397,-0.0061359493314813,-0.0981751893037015,0.0153398733287033,0.04601961998611,-0.6074589838166531,-7.968734807675752,-0.0061359493314813,-0.1441948092898116,-0.013805885995833,0.0214758226601847,-0.6613994285726782,-8.392181362820754,0.0,-497.65,-333.56,-330.87,-567.59,0.0,0.0,0.0,0.0,0.0,31,38,37,34,37,0,-194,-119,-107,-218,12.7,12.7,12.5,12.5,12.2,-999,-999,-3.92,0.0,0.0,0.0
12.864390373229982,-0.0061359493314813,-0.0966412019708311,0.0153398733287033,0.04601961998611,-0.6074589838166531,-7.968734807675752,-0.004601961998611,-0.1426608219569412,-0.013805885995833,0.0245437973259253,-0.6613994285726782,-8.392181362820754,0.0,-486.89,-336.25,-303.97,-570.28,0.0,0.0,0.0,0.0,0.0,31,38,37,34,38,0,-194,-119,-100,-212,12.7,12.7,12.6,12.4,12.5,-999,-999,-3.92,0.0,0.0,0.0
12.881348609924318,-0.0061359493314813,-0.0966412019708311,0.0153398733287033,0.04601961998611,-0.6059249964837827,-7.956121396351854,-0.004601961998611,-0.1411268346240709,-0.013805885995833,0.0260777846587957,-0.6613994285726782,-8.392181362820754,2.69,-468.06,-330.87,-282.45,-570.28,0.0,0.0,0.0,0.0,0.0,31,38,37,34,38,6,-182,-119,-88,-212,12.8,12.6,12.6,12.5,12.5,-999,-999,-3.92,0.0,0.0,0.0
12.898210048675537,-0.0061359493314813,-0.0981751893037015,0.0153398733287033,0.04601961998611,-0.6074589838166531,-7.968734807675752,-0.004601961998611,-0.1411268346240709,-0.013805885995833,0.0260777846587957,-0.6613994285726782,-8.392181362820754,0.0,-451.92,-333.56,-252.86,-567.59,0.0,0.0,0.0,0.0,0.0,31,38,37,34,38,6,-175,-119,-82,-212,12.8,12.7,12.6,12.5,12.4,-999,-999,-3.92,0.0,0.0,0.0
12.915490865707397,-0.0061359493314813,-0.0981751893037015,0.0153398733287033,0.04601961998611,-0.6074589838166531,-7.968734807675752,-0.004601961998611,-0.1380588599583302,-0.013805885995833,0.027611771991666,-0.6613994285726782,-8.392181362820754,0.0,-438.47,-330.87,-231.34,-570.28,0.0,0.0,0.0,0.0,0.0,31,38,37,34,38,0,-169,-119,-75,-212,12.8,12.7,12.6,12.5,12.4,-999,-999,-3.92,0.0,0.0,0.0
12.932337999343872,-0.0061359493314813,-0.0966412019708311,0.0153398733287033,0.04601961998611,-0.6059249964837827,-7.956121396351854,-0.004601961998611,-0.1365248726254599,-0.0122718986629626,0.0291457593245363,-0.6613994285726782,-8.392181362820754,0.0,-425.02,-336.25,-239.41,-567.59,0.0,0.0,0.0,0.0,0.0,31,38,37,34,38,6,-169,-119,-75,-218,12.8,12.7,12.6,12.6,12.5,-999,-999,-3.92,0.0,0.0,0.0
12.949344396591185,-0.0076699366643516,-0.0966412019708311,0.0153398733287033,0.04601961998611,-0.6059249964837827,-7.956121396351854,-0.004601961998611,-0.1349908852925895,-0.0122718986629626,0.0306797466574067,-0.6613994285726782,-8.392181362820754,0.0,-425.02,-320.11,-209.82,-567.59,0.0,0.0,0.0,0.0,0.0,31,38,37,35,38,6,-163,-113,-69,-218,12.7,12.7,12.7,12.5,12.5,-999,-999,-3.92,0.0,0.0,0.0
12.966341972351074,-0.0061359493314813,-0.0966412019708311,0.0153398733287033,0.04601961998611,-0.6059249964837827,-7.956121396351854,-0.004601961998611,-0.1319229106268489,-0.0107379113300923,0.0337477213231473,-0.6613994285726782,-8.392181362820754,5.38,-408.88,-317.42,-204.44,-570.28,0.0,0.0,0.0,0.0,0.0,31,38,37,34,38,12,-157,-113,-63,-212,12.8,12.7,12.7,12.4,12.4,-999,-999,-3.92,0.0,0.0,0.0
12.983277559280396,-0.0061359493314813,-0.0966412019708311,0.0153398733287033,0.04601961998611,-0.6059249964837827,-7.956121396351854,-0.004601961998611,-0.1319229106268489,-0.0107379113300923,0.0337477213231473,-0.6613994285726782,-8.392181362820754,0.0,-419.64,-295.9,-188.3,-567.59,0.0,0.0,0.0,0.0,0.0,31,38,37,34,37,6,-150,-100,-57,-212,12.8,12.7,12.7,12.6,12.5,-999,-999,-3.92,0.0,0.0,0.0
13.00032377243042,-0.0061359493314813,-0.0951072146379608,0.0153398733287033,0.0444856326532397,-0.6074589838166531,-7.968734807675752,-0.0030679746657406,-0.1303889232939785,-0.0107379113300923,0.041417657987499,-0.6613994285726782,-8.392181362820754,21.52,-430.4,-301.28,-145.26,-567.59,0.0,0.023980823922402,0.0,0.0,0.0,31,37,37,33,37,12,-144,-107,-38,-212,12.8,12.7,12.7,12.5,12.5,-999,-999,-3.92,0.0,0.0,0.0
13.018247604370117,-0.0061359493314813,-0.0920392399722201,0.0153398733287033,0.04601961998611,-0.6059249964837827,-7.956121396351854,-0.0030679746657406,-0.1273209486282379,-0.0107379113300923,0.04601961998611,-0.6613994285726782,-8.392181362820754,8.07,-427.71,-303.97,-104.91,-570.28,0.0,0.023980823922402,0.0,0.0,0.0,31,37,37,33,37,12,-157,-107,-19,-212,12.8,12.7,12.6,12.6,12.5,-999,-999,-3.92,0.0,0.0,0.0
13.035295486450195,-0.004601961998611,-0.0920392399722201,0.0153398733287033,0.050621581984721,-0.6059249964837827,-7.956121396351854,-0.0030679746657406,-0.1273209486282379,-0.0107379113300923,0.04601961998611,-0.6613994285726782,-8.392181362820754,5.38,-454.61,-303.97,-112.98,-567.59,0.0,0.0479616478448041,0.0,0.0,0.0,31,37,37,33,37,12,-150,-107,5,-212,12.8,12.7,12.7,12.6,12.4,-999,-999,-3.92,0.0,0.0,0.0
13.052316904067993,-0.004601961998611,-0.0905052526393498,0.0153398733287033,0.0536895566504617,-0.6074589838166531,-7.968734807675752,-0.0015339873328703,-0.1211849992967565,-0.0107379113300923,0.0598255059819431,-0.6613994285726782,-8.392181362820754,26.9,-403.5,-303.97,-102.22,-572.97,0.0,0.0719424717672062,0.0,0.023980823922402,0.0,31,37,37,33,37,12,-144,-107,-13,-212,12.8,12.8,12.7,12.6,12.4,-999,-999,-3.92,0.0,0.0,0.0
13.06921648979187,-0.004601961998611,-0.0905052526393498,0.0153398733287033,0.0567575313162024,-0.6074589838166531,-7.968734807675752,-0.0015339873328703,-0.1211849992967565,-0.0107379113300923,0.0598255059819431,-0.6613994285726782,-8.392181362820754,2.69,-408.88,-301.28,-129.12,-575.66,0.0,0.0479616478448041,0.0,0.0719424717672062,0.0,31,37,37,33,37,12,-132,-107,-7,-212,12.8,12.8,12.7,12.6,12.5,-999,-999,-3.92,0.0,0.0,0.0
13.086215734481812,-0.0030679746657406,-0.0874372779736091,0.0153398733287033,0.0613594933148134,-0.6059249964837827,-7.956121396351854,-0.0015339873328703,-0.1196510119638862,-0.0107379113300923,0.0659614553134244,-0.6613994285726782,-8.392181362820754,-2.69,-403.5,-303.97,-150.64,-570.28,0.023980823922402,0.0479616478448041,0.0,0.1199041196120104,0.0,31,37,37,33,37,6,-132,-107,6,-212,12.8,12.8,12.7,12.6,12.6,-999,-999,-3.92,0.0,0.0,0.0
13.10323166847229,-0.0030679746657406,-0.0843693033078684,0.0153398733287033,0.0659614553134244,-0.6074589838166531,-7.968734807675752,-0.0015339873328703,-0.1165830372981455,-0.0107379113300923,0.0736313919777761,-0.6613994285726782,-8.392181362820754,0.0,-430.4,-303.97,-129.12,-570.28,0.023980823922402,0.0719424717672062,0.0,0.1678657674568146,0.0,31,37,37,33,37,6,-138,-107,12,-212,12.8,12.8,12.7,12.6,12.6,-999,-999,-3.92,0.0,0.0,0.0
13.120238065719606,-0.0030679746657406,-0.0813013286421278,0.013805885995833,0.0720974046449058,-0.6074589838166531,-7.968734807675752,0.0,-0.1150490499652752,-0.0107379113300923,0.0813013286421278,-0.6613994285726782,-8.392181362820754,21.52,-427.71,-290.52,-147.95,-572.97,0.023980823922402,0.0959232956896083,0.0,0.2158274153016187,0.0,31,37,37,33,37,12,-138,-107,18,-218,12.8,12.7,12.7,12.2,12.5,-999,-999,-3.92,0.0,0.0,0.0
13.138176441192625,-0.0030679746657406,-0.0797673413092574,0.0153398733287033,0.0782333539763871,-0.6074589838166531,-7.968734807675752,-0.0015339873328703,-0.1104470879666641,-0.0107379113300923,0.0997091766365718,-0.6613994285726782,-8.392181362820754,-2.69,-398.12,-293.21,-156.02,-572.97,0.023980823922402,0.1199041196120104,0.0,0.287769887068825,0.0,31,37,37,34,37,6,-82,-107,18,-218,12.8,12.8,12.7,12.5,12.5,-999,-999,-3.92,0.0,0.0,0.0
13.156161785125734,-0.0030679746657406,-0.0766993666435168,0.0153398733287033,0.0874372779736091,-0.6074589838166531,-7.968734807675752,-0.0015339873328703,-0.1104470879666641,-0.0107379113300923,0.0997091766365718,-0.6613994285726782,-8.392181362820754,0.0,-422.33,-298.59,-156.02,-570.28,0.0,0.1438849435344125,0.0,0.3357315349136292,0.0,31,37,38,34,37,0,-144,-107,18,-212,12.8,12.8,12.9,12.5,12.5,-999,-999,-3.92,0.0,0.0,0.0
13.17333197593689,-0.0030679746657406,-0.0736313919777761,0.0153398733287033,0.0966412019708311,-0.6074589838166531,-7.968734807675752,-0.0015339873328703,-0.1089131006337938,-0.0107379113300923,0.1196510119638862,-0.6613994285726782,-8.392181362820754,0.0,-443.85,-298.59,-174.85,-570.28,0.0,0.1438849435344125,0.0,0.3836931827584334,0.0,31,37,37,34,37,6,-150,-100,18,-212,12.8,12.8,12.9,12.6,12.6,-999,-999,-3.92,0.0,0.0,0.0
13.190166473388672,-0.0030679746657406,-0.0720974046449058,0.0153398733287033,0.1043111386351828,-0.6074589838166531,-7.968734807675752,-0.0015339873328703,-0.1089131006337938,-0.0107379113300923,0.1196510119638862,-0.6613994285726782,-8.392181362820754,0.0,-443.85,-298.59,-166.78,-570.28,0.0,0.1438849435344125,0.0,0.4076740066808355,0.0,31,37,37,34,37,6,-150,-100,18,-212,12.8,12.8,12.7,12.7,12.5,-999,-999,-3.92,0.0,0.0,0.0
13.207256555557251,-0.0030679746657406,-0.0690294299791651,0.0153398733287033,0.1119810752995345,-0.6059249964837827,-7.956121396351854,-0.0015339873328703,-0.1073791133009235,-0.0107379113300923,0.1288549359611082,-0.6613994285726782,-8.392181362820754,0.0,-478.82,-301.28,-174.85,-572.97,0.0,0.1438849435344125,0.0,0.4316548306032375,0.0,31,37,37,35,37,6,-157,-107,18,-212,12.8,12.8,12.7,12.6,12.5,-999,-999,-3.92,0.0,0.0,0.0
13.224300146102905,-0.0030679746657406,-0.0674954426462947,0.0153398733287033,0.1211849992967565,-0.6074589838166531,-7.968734807675752,-0.0015339873328703,-0.1058451259680531,-0.0107379113300923,0.1472627839555522,-0.6613994285726782,-8.392181362820754,0.0,-446.54,-303.97,-166.78,-570.28,0.0,0.1199041196120104,0.0,0.4556356545256396,0.0,31,37,37,34,38,6,-163,-107,25,-212,12.8,12.7,12.7,12.6,12.4,-999,-999,-3.92,0.0,0.0,0.0
13.24118185043335,-0.0030679746657406,-0.0674954426462947,0.0153398733287033,0.1288549359611082,-0.6059249964837827,-7.956121396351854,-0.0015339873328703,-0.1058451259680531,-0.0107379113300923,0.1472627839555522,-0.6613994285726782,-8.392181362820754,0.0,-451.92,-309.35,-182.92,-572.97,0.0,0.1199041196120104,0.0,0.4556356545256396,0.0,31,37,37,34,37,6,-157,-107,18,-212,12.8,12.7,12.7,12.6,12.5,-999,-999,-3.92,0.0,0.0,0.0
13.25822401046753,-0.0015339873328703,-0.0659614553134244,0.0168738606615736,0.1380588599583302,-0.6074589838166531,-7.968734807675752,-0.0030679746657406,-0.1043111386351828,-0.0107379113300923,0.1564667079527743,-0.6613994285726782,-8.392181362820754,0.0,-408.88,-371.22,-188.3,-567.59,0.0,0.0959232956896083,0.0,0.4556356545256396,0.0,31,38,37,34,37,-7,-157,-113,18,-212,12.8,12.7,12.7,12.6,12.5,-999,-999,-3.92,0.0,0.0,0.0
13.275198221206665,-0.0015339873328703,-0.0659614553134244,0.018407847994444,0.1457287966226819,-0.6059249964837827,-7.956121396351854,-0.0030679746657406,-0.1043111386351828,-0.0122718986629626,0.1672046192828666,-0.6613994285726782,-8.392181362820754,0.0,-408.88,-408.88,-161.4,-567.59,0.0,0.0719424717672062,0.023980823922402,0.4796164784480417,0.0,31,38,37,34,37,0,-157,-125,43,-212,12.8,12.7,12.7,12.6,12.5,-999,-999,-3.92,0.0,0.0,0.0
13.292187452316286,-0.0030679746657406,-0.0659614553134244,0.0199418353273143,0.1533987332870336,-0.6074589838166531,-7.968734807675752,-0.0030679746657406,-0.1027771513023125,-0.0107379113300923,0.1764085432800886,-0.6613994285726782,-8.392181362820754,-5.38,-392.74,-373.91,-185.61,-570.28,0.0,0.023980823922402,0.0479616478448041,0.4796164784480417,0.0,31,37,37,34,37,0,-150,-125,18,-218,12.8,12.7,12.7,12.6,12.5,-999,-999,-3.92,0.0,0.0,0.0
13.309245824813841,-0.0030679746657406,-0.0659614553134244,0.0214758226601847,0.1626026572842556,-0.6074589838166531,-7.968734807675752,-0.0030679746657406,-0.1027771513023125,-0.0122718986629626,0.1856124672773106,-0.6613994285726782,-8.392181362820754,-5.38,-390.05,-392.74,-204.44,-567.59,0.0,0.023980823922402,0.0479616478448041,0.4796164784480417,0.0,31,37,37,34,37,-7,-150,-132,12,-212,12.8,12.7,12.6,12.6,12.4,-999,-999,-3.92,0.0,0.0,0.0
13.3261878490448,-0.0015339873328703,-0.0659614553134244,0.0199418353273143,0.1702725939486073,-0.6074589838166531,-7.968734807675752,-0.004601961998611,-0.1027771513023125,-0.0122718986629626,0.1948163912745326,-0.6613994285726782,-8.392181362820754,24.21,-384.67,-381.98,-193.68,-570.28,0.0,0.0,0.0479616478448041,0.4796164784480417,0.0,31,37,37,34,37,-13,-150,-132,18,-218,12.8,12.7,12.7,12.6,12.5,-999,-999,-3.92,0.0,0.0,0.0
13.343299150466917,-0.0030679746657406,-0.0659614553134244,0.0214758226601847,0.1794765179458293,-0.6074589838166531,-7.968734807675752,-0.004601961998611,-0.1012431639694421,-0.0122718986629626,0.2116902519361063,-0.6613994285726782,-8.392181362820754,26.9,-347.01,-387.36,-193.68,-575.66,0.0,0.0,0.0479616478448041,0.4796164784480417,0.0,31,37,37,33,37,-7,-138,-132,18,-218,12.8,12.7,12.7,12.6,12.5,-999,-999,-3.92,0.0,0.0,0.0
13.36017417907715,-0.0015339873328703,-0.0659614553134244,0.0214758226601847,0.1871464546101809,-0.6074589838166531,-7.968734807675752,-0.004601961998611,-0.1012431639694421,-0.0122718986629626,0.2116902519361063,-0.6613994285726782,-8.392181362820754,24.21,-373.91,-390.05,-166.78,-572.97,0.0,0.0,0.023980823922402,0.4796164784480417,0.0,31,37,37,34,37,-13,-144,-138,18,-218,12.8,12.7,12.7,12.6,12.4,-999,-999,-3.92,0.0,0.0,0.0
13.377230644226074,-0.0015339873328703,-0.0659614553134244,0.0214758226601847,0.1948163912745326,-0.6059249964837827,-7.956121396351854,-0.004601961998611,-0.0981751893037015,-0.013805885995833,0.22856411259768,-0.6613994285726782,-8.392181362820754,32.28,-336.25,-398.12,-174.85,-570.28,0.0,0.0,0.0,0.4796164784480417,0.0,31,37,37,34,37,-13,-138,-144,12,-212,12.8,12.7,12.7,12.6,12.5,-999,-999,-3.92,0.0,0.0,0.0
13.394166231155396,-0.0030679746657406,-0.0659614553134244,0.0199418353273143,0.2024863279388843,-0.6074589838166531,-7.968734807675752,-0.004601961998611,-0.0981751893037015,-0.013805885995833,0.22856411259768,-0.6613994285726782,-8.392181362820754,13.45,-330.87,-403.5,-150.64,-572.97,0.0,0.0,0.0,0.4556356545256396,0.0,31,37,37,34,38,-13,-132,-138,25,-212,12.8,12.7,12.7,12.6,12.5,-999,-999,-3.92,0.0,0.0,0.0
13.411205053329468,-0.0030679746657406,-0.0674954426462947,0.0214758226601847,0.210156264603236,-0.6074589838166531,-7.968734807675752,-0.0061359493314813,-0.0981751893037015,-0.013805885995833,0.2362340492620317,-0.6613994285726782,-8.392181362820754,32.28,-336.25,-398.12,-161.4,-567.59,0.0,0.0,0.0,0.4556356545256396,0.0,31,37,37,34,38,-13,-125,-138,25,-212,12.8,12.7,12.7,12.6,12.5,-999,-999,-3.92,0.0,0.0,0.0
13.428271293640137,-0.0030679746657406,-0.0674954426462947,0.0199418353273143,0.2178262012675877,-0.6074589838166531,-7.968734807675752,-0.0061359493314813,-0.0951072146379608,-0.0153398733287033,0.2531079099236054,-0.6613994285726782,-8.392181362820754,10.76,-306.66,-411.57,-177.54,-570.28,0.0,0.0,0.0,0.4556356545256396,0.0,31,37,37,33,38,-13,-125,-144,18,-212,12.8,12.7,12.5,12.6,12.5,-999,-999,-3.92,0.0,0.0,0.0
13.445175409317017,-0.004601961998611,-0.0674954426462947,0.0214758226601847,0.2270301252648097,-0.6074589838166531,-7.968734807675752,-0.0061359493314813,-0.0951072146379608,-0.0153398733287033,0.2531079099236054,-0.6613994285726782,-8.392181362820754,0.0,-287.83,-411.57,-142.57,-570.28,-0.023980823922402,0.0,0.0,0.4556356545256396,0.0,31,37,37,33,38,-7,-113,-144,25,-212,12.8,12.7,12.6,12.6,12.4,-999,-999,-3.92,0.0,0.0,0.0
13.462335348129272,-0.004601961998611,-0.0659614553134244,0.0199418353273143,0.233166074596291,-0.6074589838166531,-7.968734807675752,-0.0076699366643516,-0.0935732273050904,-0.0168738606615736,0.2684477832523088,-0.6613994285726782,-8.392181362820754,0.0,-301.28,-411.57,-145.26,-570.28,-0.023980823922402,0.0,0.0,0.4556356545256396,0.0,31,37,37,34,38,-7,-119,-144,25,-218,12.8,12.7,12.6,12.6,12.5,-999,-999,-3.92,0.0,0.0,0.0
13.479320526123047,-0.004601961998611,-0.0659614553134244,0.0199418353273143,0.2408360112606427,-0.6059249964837827,-7.956121396351854,-0.0061359493314813,-0.0905052526393498,-0.0168738606615736,0.2761177199166604,-0.6613994285726782,-8.392181362820754,16.14,-287.83,-427.71,-161.4,-575.66,-0.023980823922402,0.0,0.0,0.4556356545256396,0.0,31,37,37,34,38,-13,-113,-157,25,-218,12.8,12.7,12.7,12.6,12.5,-999,-999,-3.92,0.0,0.0,0.0
13.496382474899292,-0.0061359493314813,-0.0644274679805541,0.0199418353273143,0.2515739225907351,-0.6074589838166531,-7.968734807675752,-0.0061359493314813,-0.0889712653064794,-0.0168738606615736,0.2837876565810122,-0.6613994285726782,-8.392181362820754,0.0,-344.32,-430.4,-161.4,-567.59,-0.023980823922402,0.0,0.0,0.4556356545256396,0.0,31,37,37,34,38,0,-107,-150,25,-212,12.7,12.7,12.8,12.6,12.5,-999,-999,-3.92,0.0,0.0,0.0
13.514129161834717,-0.0061359493314813,-0.0613594933148134,0.0199418353273143,0.2607778465879571,-0.6074589838166531,-7.968734807675752,-0.0061359493314813,-0.0874372779736091,-0.0168738606615736,0.2899236059124935,-0.6613994285726782,-8.392181362820754,-2.69,-392.74,-430.4,-166.78,-570.28,-0.023980823922402,0.023980823922402,0.0,0.4556356545256396,0.0,31,38,37,34,37,0,-113,-150,18,-212,12.8,12.7,12.6,12.6,12.5,-999,-999,-3.92,0.0,0.0,0.0
13.531242370605469,-0.0061359493314813,-0.0582915186490727,0.0199418353273143,0.2684477832523088,-0.6074589838166531,-7.968734807675752,-0.0061359493314813,-0.0874372779736091,-0.0168738606615736,0.2899236059124935,-0.6613994285726782,-8.392181362820754,-2.69,-365.84,-430.4,-147.95,-570.28,-0.023980823922402,0.0719424717672062,0.0,0.4556356545256396,0.0,31,38,37,34,38,0,-119,-150,25,-212,12.8,12.7,12.7,12.6,12.5,-999,-999,-3.92,0.0,0.0,0.0
13.548309326171875,-0.0061359493314813,-0.055223543983332,0.0214758226601847,0.2761177199166604,-0.6059249964837827,-7.956121396351854,-0.0076699366643516,-0.0843693033078684,-0.0168738606615736,0.2991275299097155,-0.6613994285726782,-8.392181362820754,0.0,-414.26,-446.54,-131.81,-570.28,0.0,0.1199041196120104,0.0,0.4556356545256396,0.0,32,38,37,34,38,-7,-125,-157,25,-212,12.8,12.7,12.7,12.5,12.5,-999,-999,-3.92,0.0,0.0,0.0
13.565281867980957,-0.0061359493314813,-0.0521555693175914,0.0214758226601847,0.2853216439138825,-0.6074589838166531,-7.968734807675752,-0.0076699366643516,-0.0828353159749981,-0.0168738606615736,0.3037294919083265,-0.6613994285726782,-8.392181362820754,0.0,-414.26,-422.33,-145.26,-570.28,0.0,0.1678657674568146,0.0,0.4556356545256396,0.0,32,38,38,34,38,-7,-132,-150,25,-212,12.8,12.6,12.6,12.5,12.4,-999,-999,-3.92,0.0,0.0,0.0
13.582265615463257,-0.0061359493314813,-0.0490875946518507,0.0199418353273143,0.2929915805782341,-0.6074589838166531,-7.968734807675752,-0.009203923997222,-0.0813013286421278,-0.0168738606615736,0.3067974665740672,-0.6613994285726782,-8.392181362820754,0.0,-425.02,-427.71,-156.02,-572.97,0.0,0.1678657674568146,0.0,0.4556356545256396,0.0,32,38,38,34,38,0,-138,-150,31,-212,12.8,12.7,12.6,12.6,12.5,-999,-999,-3.92,0.0,0.0,0.0
13.599350452423096,-0.0076699366643516,-0.04601961998611,0.0199418353273143,0.3006615172425858,-0.6074589838166531,-7.968734807675752,-0.009203923997222,-0.0797673413092574,-0.018407847994444,0.3098654412398078,-0.6613994285726782,-8.392181362820754,0.0,-427.71,-427.71,-156.02,-564.9,0.0,0.1678657674568146,0.0,0.4556356545256396,0.0,32,38,38,34,38,-7,-144,-157,25,-212,12.8,12.7,12.6,12.6,12.5,-999,-999,-3.92,0.0,0.0,0.0
13.616235494613647,-0.0076699366643516,-0.041417657987499,0.0214758226601847,0.3083314539069375,-0.6059249964837827,-7.956121396351854,-0.009203923997222,-0.0797673413092574,-0.018407847994444,0.3098654412398078,-0.6613994285726782,-8.392181362820754,-5.38,-546.0699999999999,-449.23,-185.61,-572.97,0.0,0.1678657674568146,0.0,0.4556356545256396,0.0,32,38,37,34,40,-7,-207,-157,0,-212,12.8,12.7,12.6,12.6,12.5,-999,-999,-3.92,0.0,0.0,0.0
13.633201360702515,-0.0076699366643516,-0.0383496833217584,0.0199418353273143,0.3129334159055486,-0.6059249964837827,-7.956121396351854,-0.0122718986629626,-0.0736313919777761,-0.0168738606615736,0.3129334159055486,-0.6613994285726782,-8.392181362820754,2.69,-521.86,-427.71,-150.64,-572.97,0.0,0.1678657674568146,0.0,0.4556356545256396,0.0,31,38,37,34,38,-19,-163,-150,-13,-218,12.8,12.6,12.6,12.5,12.5,-999,-999,-3.92,0.0,0.0,0.0
13.650205135345459,-0.009203923997222,-0.0337477213231473,0.0199418353273143,0.3160013905712892,-0.6074589838166531,-7.968734807675752,-0.0122718986629626,-0.0736313919777761,-0.0168738606615736,0.3129334159055486,-0.6613994285726782,-8.392181362820754,13.45,-543.38,-443.85,-145.26,-567.59,-0.023980823922402,0.1918465913792167,0.0,0.4076740066808355,0.0,31,39,37,34,38,-13,-169,-157,-19,-218,12.7,12.7,12.5,12.5,12.4,-999,-999,-3.92,0.0,0.0,0.0
13.667266130447388,-0.009203923997222,-0.0291457593245363,0.0214758226601847,0.3190693652370299,-0.6074589838166531,-7.968734807675752,-0.013805885995833,-0.0659614553134244,-0.0168738606615736,0.3160013905712892,-0.6613994285726782,-8.392181362820754,0.0,-551.45,-443.85,-145.26,-567.59,-0.023980823922402,0.2158274153016187,0.0,0.3357315349136292,0.0,31,37,37,34,38,-13,-175,-157,-19,-212,12.8,12.7,12.5,12.5,12.4,-999,-999,-3.92,0.0,0.0,0.0
13.684167623519897,-0.0107379113300923,-0.0260777846587957,0.0214758226601847,0.3221373399027705,-0.6059249964837827,-7.956121396351854,-0.013805885995833,-0.0659614553134244,-0.0168738606615736,0.3160013905712892,-0.6613994285726782,-8.392181362820754,0.0,-489.58,-441.16,-139.88,-570.28,-0.023980823922402,0.2158274153016187,0.0,0.263789063146423,0.0,31,37,37,34,38,-13,-119,-157,-25,-212,12.7,12.7,12.7,12.4,12.5,-999,-999,-3.92,0.0,0.0,0.0
13.70117449760437,-0.0107379113300923,-0.0245437973259253,0.0214758226601847,0.3236713272356409,-0.6059249964837827,-7.956121396351854,-0.013805885995833,-0.0628934806476837,-0.018407847994444,0.3175353779041595,-0.6613994285726782,-8.392181362820754,5.38,-430.4,-459.99,-134.5,-570.28,-0.023980823922402,0.2158274153016187,0.0,0.1918465913792167,0.0,31,38,37,34,38,-13,-157,-163,-25,-212,12.7,12.6,12.6,12.5,12.1,-999,-999,-3.92,0.0,0.0,0.0
13.718202114105225,-0.0107379113300923,-0.023009809993055,0.0214758226601847,0.3267393019013815,-0.6074589838166531,-7.968734807675752,-0.0153398733287033,-0.0582915186490727,-0.018407847994444,0.3175353779041595,-0.6613994285726782,-8.392181362820754,-5.38,-465.37,-451.92,-164.09,-570.28,-0.023980823922402,0.1918465913792167,0.0,0.1438849435344125,0.0,31,38,37,34,37,-19,-157,-163,-32,-212,12.8,12.7,12.6,12.5,12.5,-999,-999,-3.92,0.0,0.0,0.0
13.73615288734436,-0.0122718986629626,-0.018407847994444,0.0214758226601847,0.3267393019013815,-0.6074589838166531,-7.968734807675752,-0.0153398733287033,-0.050621581984721,-0.0168738606615736,0.3190693652370299,-0.6613994285726782,-8.392181362820754,16.14,-462.68,-454.61,-158.71,-564.9,-0.023980823922402,0.1678657674568146,0.0,0.1199041196120104,0.0,31,38,37,34,37,-13,-94,-163,-38,-212,12.8,12.7,12.6,12.5,12.5,-999,-999,-3.92,0.0,0.0,0.0
13.753311157226562,-0.013805885995833,-0.0153398733287033,0.0214758226601847,0.3282732892342519,-0.6059249964837827,-7.956121396351854,-0.0153398733287033,-0.04601961998611,-0.018407847994444,0.3175353779041595,-0.6613994285726782,-8.392181362820754,0.0,-441.16,-433.09,-134.5,-572.97,-0.023980823922402,0.1438849435344125,0.0,0.0959232956896083,0.0,31,38,37,34,38,-13,-150,-157,-38,-218,12.7,12.7,12.6,12.5,12.4,-999,-999,-3.92,0.0,0.0,0.0
13.770284414291382,-0.013805885995833,-0.0122718986629626,0.0199418353273143,0.3282732892342519,-0.6074589838166531,-7.968734807675752,-0.0153398733287033,-0.041417657987499,-0.0168738606615736,0.3175353779041595,-0.6613994285726782,-8.392181362820754,-5.38,-470.75,-446.54,-137.19,-564.9,-0.023980823922402,0.1438849435344125,0.0,0.0719424717672062,0.0,31,38,37,34,38,-7,-144,-157,-44,-212,12.8,12.6,12.6,12.5,12.4,-999,-999,-3.92,0.0,0.0,0.0
13.787311553955078,-0.013805885995833,-0.009203923997222,0.0214758226601847,0.3267393019013815,-0.6074589838166531,-7.968734807675752,-0.0168738606615736,-0.036815695988888,-0.018407847994444,0.3175353779041595,-0.6613994285726782,-8.392181362820754,0.0,-422.33,-422.33,-137.19,-567.59,-0.023980823922402,0.1678657674568146,0.0,0.0479616478448041,0.0,31,38,37,34,38,-7,-88,-119,-44,-212,12.8,12.7,12.6,12.6,12.5,-999,-999,-3.92,0.0,0.0,0.0
13.804267168045044,-0.013805885995833,-0.0061359493314813,0.0199418353273143,0.3282732892342519,-0.6059249964837827,-7.956121396351854,-0.018407847994444,-0.032213733990277,-0.018407847994444,0.3175353779041595,-0.6613994285726782,-8.392181362820754,21.52,-441.16,-446.54,-142.57,-567.59,-0.023980823922402,0.1678657674568146,0.0,0.023980823922402,0.0,31,38,37,33,38,-7,-132,-163,-44,-212,12.8,12.7,12.6,12.6,12.5,-999,-999,-3.92,0.0,0.0,0.0
13.821230173110962,-0.0153398733287033,-0.0030679746657406,0.0199418353273143,0.3282732892342519,-0.6059249964837827,-7.956121396351854,-0.018407847994444,-0.032213733990277,-0.018407847994444,0.3175353779041595,-0.6613994285726782,-8.392181362820754,32.28,-406.19,-446.54,-137.19,-567.59,-0.023980823922402,0.1678657674568146,0.0,0.0,0.0,31,38,37,33,36,-13,-75,-157,-38,-212,12.8,12.7,12.7,12.5,12.4,-999,-999,-3.92,0.0,0.0,0.0
13.838146448135376,-0.0168738606615736,0.0015339873328703,0.0199418353273143,0.3282732892342519,-0.6074589838166531,-7.968734807675752,-0.0168738606615736,-0.0260777846587957,-0.018407847994444,0.3175353779041595,-0.6613994285726782,-8.392181362820754,8.07,-441.16,-451.92,-139.88,-567.59,-0.023980823922402,0.1678657674568146,0.0,0.0,0.0,31,38,38,34,37,0,-132,-157,-44,-212,12.8,12.7,12.6,12.6,12.5,-999,-999,-3.92,0.0,0.0,0.0
13.855161190032959,-0.0168738606615736,0.0061359493314813,0.0199418353273143,0.3282732892342519,-0.6059249964837827,-7.956121396351854,-0.0168738606615736,-0.0214758226601847,-0.018407847994444,0.3190693652370299,-0.6613994285726782,-8.392181362820754,-5.38,-449.23,-449.23,-131.81,-567.59,-0.023980823922402,0.1918465913792167,0.0,0.0,0.0,31,38,37,34,37,0,-119,-157,-38,-212,12.8,12.7,12.6,12.6,12.4,-999,-999,-3.92,0.0,0.0,0.0
13.872191429138184,-0.0168738606615736,0.0107379113300923,0.0199418353273143,0.3267393019013815,-0.6074589838166531,-7.968734807675752,-0.0168738606615736,-0.0122718986629626,-0.018407847994444,0.3190693652370299,-0.6613994285726782,-8.392181362820754,-2.69,-406.19,-443.85,-129.12,-570.28,-0.023980823922402,0.2158274153016187,0.0,0.0,0.0,31,37,37,34,38,0,-113,-157,-38,-212,12.8,12.7,12.7,12.5,12.4,-999,-999,-3.92,0.0,0.0,0.0
13.889163732528687,-0.018407847994444,0.0153398733287033,0.0199418353273143,0.3282732892342519,-0.6074589838166531,-7.968734807675752,-0.0168738606615736,-0.0122718986629626,-0.018407847994444,0.3190693652370299,-0.6613994285726782,-8.392181362820754,-2.69,-443.85,-443.85,-131.81,-570.28,-0.023980823922402,0.2398082392240208,0.0,0.0,0.0,32,38,37,34,38,6,-125,-157,-38,-212,12.8,12.7,12.7,12.5,12.5,-999,-999,-3.92,0.0,0.0,0.0
13.906233549118042,-0.018407847994444,0.018407847994444,0.0199418353273143,0.3282732892342519,-0.6074589838166531,-7.968734807675752,-0.0168738606615736,-0.0076699366643516,-0.018407847994444,0.3190693652370299,-0.6613994285726782,-8.392181362820754,-2.69,-363.15,-446.54,-131.81,-567.59,-0.023980823922402,0.2398082392240208,0.0,0.0,0.0,32,38,37,34,38,6,-113,-157,-38,-212,12.8,12.7,12.7,12.5,12.2,-999,-999,-3.92,0.0,0.0,0.0
13.92511534690857,-0.018407847994444,0.0245437973259253,0.0214758226601847,0.3282732892342519,-0.6074589838166531,-7.968734807675752,-0.0168738606615736,0.0015339873328703,-0.018407847994444,0.3190693652370299,-0.6613994285726782,-8.392181362820754,-2.69,-446.54,-446.54,-129.12,-567.59,-0.023980823922402,0.2398082392240208,0.0,0.0,0.0,31,38,37,34,37,6,-119,-163,-38,-218,12.8,12.7,12.7,12.6,12.5,-999,-999,-3.92,0.0,0.0,0.0
13.942234754562378,-0.018407847994444,0.0291457593245363,0.0199418353273143,0.3282732892342519,-0.6074589838166531,-7.968734807675752,-0.0168738606615736,0.0015339873328703,-0.018407847994444,0.3190693652370299,-0.6613994285726782,-8.392181362820754,-5.38,-457.3,-449.23,-129.12,-567.59,0.0,0.2398082392240208,0.0,0.0,0.0,31,38,37,34,37,6,-119,-157,-38,-218,12.8,12.7,12.7,12.6,12.5,-999,-999,-3.92,0.0,0.0,0.0
13.959205627441406,-0.018407847994444,0.0352817086560177,0.0199418353273143,0.3282732892342519,-0.6059249964837827,-7.956121396351854,-0.018407847994444,0.0107379113300923,-0.0199418353273143,0.3190693652370299,-0.6613994285726782,-8.392181362820754,0.0,-484.2,-446.54,-131.81,-567.59,0.0,0.263789063146423,0.0,0.0,0.0,31,38,37,34,37,6,-125,-157,-38,-212,12.8,12.7,12.6,12.5,12.4,-999,-999,-3.92,0.0,0.0,0.0
13.976142406463623,-0.018407847994444,0.041417657987499,0.0214758226601847,0.3282732892342519,-0.6074589838166531,-7.968734807675752,-0.018407847994444,0.0107379113300923,-0.0199418353273143,0.3190693652370299,-0.6613994285726782,-8.392181362820754,0.0,-505.72,-465.37,-123.74,-567.59,0.0,0.287769887068825,0.0,0.0,0.0,31,38,37,34,37,0,-132,-169,-32,-212,12.8,12.7,12.6,12.5,12.5,-999,-999,-3.92,0.0,0.0,0.0
13.993165493011475,-0.018407847994444,0.0475536073189804,0.0199418353273143,0.3282732892342519,-0.6074589838166531,-7.968734807675752,-0.0168738606615736,0.0168738606615736,-0.018407847994444,0.3221373399027705,-0.6613994285726782,-8.392181362820754,0.0,-543.38,-446.54,-104.91,-570.28,0.0,0.3117507109912271,0.0,0.0,0.0,31,38,37,34,37,6,-144,-157,-32,-212,12.7,12.6,12.6,12.5,12.5,-999,-999,-3.92,0.0,0.0,0.0
14.010222434997559,-0.018407847994444,0.0536895566504617,0.0199418353273143,0.3282732892342519,-0.6074589838166531,-7.968734807675752,-0.0168738606615736,0.0214758226601847,-0.018407847994444,0.3236713272356409,-0.6613994285726782,-8.392181362820754,0.0,-519.17,-449.23,-107.6,-567.59,0.0,0.3357315349136292,0.0,0.0,0.0,31,38,37,34,37,6,-138,-157,-19,-212,12.8,12.6,12.7,12.7,12.5,-999,-999,-3.92,0.0,0.0,0.0
14.027169704437256,-0.018407847994444,0.0598255059819431,0.0199418353273143,0.3298072765671222,-0.6074589838166531,-7.968734807675752,-0.0168738606615736,0.027611771991666,-0.018407847994444,0.3236713272356409,-0.6613994285726782,-8.392181362820754,0.0,-476.13,-454.61,-118.36,-570.28,0.0,0.3357315349136292,0.0,0.0,0.0,31,38,37,34,37,6,-144,-163,-25,-212,12.8,12.7,12.2,12.6,12.5,-999,-999,-3.92,0.0,0.0,0.0
14.044527053833008,-0.018407847994444,0.0628934806476837,0.0214758226601847,0.3313412638999926,-0.6059249964837827,-7.956121396351854,-0.0168738606615736,0.032213733990277,-0.018407847994444,0.3252053145685112,-0.6613994285726782,-8.392181362820754,0.0,-451.92,-449.23,-104.91,-570.28,0.0,0.3357315349136292,0.0,0.023980823922402,0.0,31,38,37,34,38,6,-132,-157,-32,-218,12.8,12.7,12.6,12.5,12.4,-999,-999,-3.92,0.0,0.0,0.0
14.062119245529175,-0.018407847994444,0.0674954426462947,0.0214758226601847,0.3313412638999926,-0.6074589838166531,-7.968734807675752,-0.018407847994444,0.041417657987499,-0.0199418353273143,0.3282732892342519,-0.6613994285726782,-8.392181362820754,0.0,-470.75,-454.61,-112.98,-564.9,0.0,0.3117507109912271,0.0,0.023980823922402,0.0,31,38,37,34,38,6,-144,-163,-25,-218,12.8,12.7,12.7,12.5,12.5,-999,-999,-3.92,0.0,0.0,0.0
14.079182863235474,-0.018407847994444,0.0736313919777761,0.0199418353273143,0.3328752512328629,-0.6059249964837827,-7.956121396351854,-0.018407847994444,0.041417657987499,-0.0199418353273143,0.3282732892342519,-0.6613994285726782,-8.392181362820754,0.0,-505.72,-470.75,-121.05,-567.59,0.0,0.287769887068825,0.0,0.0479616478448041,0.0,31,38,37,34,38,0,-138,-169,-19,-212,12.8,12.6,12.5,12.5,12.4,-999,-999,-3.92,0.0,0.0,0.0
14.096211433410645,-0.018407847994444,0.0797673413092574,0.0199418353273143,0.3344092385657332,-0.6074589838166531,-7.968734807675752,-0.018407847994444,0.0490875946518507,-0.0199418353273143,0.3313412638999926,-0.6613994285726782,-8.392181362820754,0.0,-481.51,-459.99,-104.91,-567.59,0.0,0.287769887068825,0.0,0.0479616478448041,0.0,31,38,37,33,38,0,-88,-163,-19,-212,12.8,12.7,12.5,12.6,12.5,-999,-999,-3.92,0.0,0.0,0.0
14.113221168518066,-0.018407847994444,0.0843693033078684,0.0199418353273143,0.3359432258986036,-0.6059249964837827,-7.956121396351854,-0.018407847994444,0.0521555693175914,-0.018407847994444,0.3344092385657332,-0.6613994285726782,-8.392181362820754,0.0,-519.17,-462.68,-96.84,-567.59,0.0,0.287769887068825,0.0,0.0479616478448041,0.0,31,38,37,33,38,0,-150,-163,-19,-212,12.8,12.7,12.6,12.5,12.4,-999,-999,-3.92,0.0,0.0,0.0
14.130252599716187,-0.018407847994444,0.0905052526393498,0.0199418353273143,0.3374772132314739,-0.6074589838166531,-7.968734807675752,-0.018407847994444,0.055223543983332,-0.0199418353273143,0.3359432258986036,-0.6613994285726782,-8.392181362820754,0.0,-535.31,-438.47,-99.53,-567.59,0.0,0.287769887068825,0.0,0.0719424717672062,0.0,31,38,37,34,38,0,-157,-157,-19,-212,12.7,12.7,12.7,12.5,12.4,-999,-999,-3.92,0.0,0.0,0.0
14.147255659103394,-0.018407847994444,0.0935732273050904,0.0199418353273143,0.3390112005643442,-0.6074589838166531,-7.968734807675752,-0.018407847994444,0.0582915186490727,-0.0199418353273143,0.3390112005643442,-0.6613994285726782,-8.392181362820754,0.0,-503.03,-462.68,-80.7,-564.9,0.0,0.287769887068825,0.0,0.0719424717672062,0.0,31,38,37,34,38,0,-163,-163,-13,-212,12.7,12.7,12.6,12.6,12.5,-999,-999,-3.92,0.0,0.0,0.0
14.164145946502686,-0.018407847994444,0.0981751893037015,0.0199418353273143,0.3405451878972146,-0.6074589838166531,-7.968734807675752,-0.018407847994444,0.0582915186490727,-0.0199418353273143,0.3390112005643442,-0.6613994285726782,-8.392181362820754,0.0,-524.55,-465.37,-80.7,-567.59,0.0,0.287769887068825,0.0,0.0719424717672062,0.0,31,37,37,34,38,0,-169,-169,-13,-212,12.8,12.7,12.6,12.6,12.4,-999,-999,-3.92,0.0,0.0,0.0
14.181127309799194,-0.018407847994444,0.1012431639694421,0.0214758226601847,0.3451471498958256,-0.6059249964837827,-7.956121396351854,-0.018407847994444,0.0613594933148134,-0.0199418353273143,0.3420791752300849,-0.6613994285726782,-8.392181362820754,0.0,-511.1,-459.99,-86.08,-570.28,0.0,0.263789063146423,0.0,0.0959232956896083,0.0,31,37,37,34,38,0,-169,-163,-13,-212,12.7,12.7,12.6,12.5,12.5,-999,-999,-3.92,0.0,0.0,0.0
14.198127508163452,-0.018407847994444,0.1027771513023125,0.0199418353273143,0.3482151245615663,-0.6074589838166531,-7.968734807675752,-0.018407847994444,0.0644274679805541,-0.0199418353273143,0.3436131625629552,-0.6613994285726782,-8.392181362820754,0.0,-473.44,-459.99,-94.15,-564.9,0.0,0.2158274153016187,0.0,0.0959232956896083,0.0,31,37,38,34,38,0,-163,-163,-13,-212,12.8,12.6,12.6,12.5,12.5,-999,-999,-3.92,0.0,0.0,0.0
14.21709680557251,-0.018407847994444,0.1058451259680531,0.0214758226601847,0.3512830992273069,-0.6074589838166531,-7.968734807675752,-0.018407847994444,0.0690294299791651,-0.0199418353273143,0.3512830992273069,-0.6613994285726782,-8.392181362820754,0.0,-443.85,-459.99,-83.39,-567.59,0.0,0.1918465913792167,0.0,0.1199041196120104,0.0,31,37,38,34,38,0,-157,-163,-7,-212,12.8,12.7,12.6,12.6,12.4,-999,-999,-3.92,0.0,0.0,0.0
14.234727382659912,-0.018407847994444,0.1073791133009235,0.0199418353273143,0.3528170865601773,-0.6074589838166531,-7.968734807675752,-0.018407847994444,0.0705634173120354,-0.0199418353273143,0.3574190485587883,-0.6613994285726782,-8.392181362820754,0.0,-494.96,-468.06,-72.63,-564.9,0.0,0.1438849435344125,0.0,0.1199041196120104,0.0,31,38,38,34,38,0,-163,-163,-13,-212,12.7,12.6,12.6,12.5,12.4,-999,-999,-3.92,0.0,0.0,0.0
14.252155065536499,-0.018407847994444,0.1104470879666641,0.0199418353273143,0.3558850612259179,-0.6074589838166531,-7.968734807675752,-0.018407847994444,0.0705634173120354,-0.0199418353273143,0.3574190485587883,-0.6613994285726782,-8.392181362820754,0.0,-508.41,-465.37,-99.53,-575.66,0.0,0.1199041196120104,0.0,0.1199041196120104,0.0,31,38,38,34,38,0,-169,-163,-7,-218,12.7,12.7,12.6,12.5,12.5,-999,-999,-3.92,0.0,0.0,0.0
14.269129276275635,-0.018407847994444,0.1135150626324048,0.0199418353273143,0.3604870232245289,-0.6074589838166531,-7.968734807675752,-0.018407847994444,0.0720974046449058,-0.0199418353273143,0.3635549978902696,-0.6613994285726782,-8.392181362820754,0.0,-532.62,-468.06,-126.43,-570.28,0.0,0.1199041196120104,0.0,0.1438849435344125,0.0,31,37,38,34,38,0,-169,-163,6,-212,12.8,12.7,12.7,12.5,12.5,-999,-999,-3.92,0.0,0.0,0.0
14.28624415397644,-0.018407847994444,0.1165830372981455,0.0199418353273143,0.3635549978902696,-0.6074589838166531,-7.968734807675752,-0.018407847994444,0.0720974046449058,-0.0199418353273143,0.3758268965532323,-0.6613994285726782,-8.392181362820754,0.0,-511.1,-459.99,-118.36,-567.59,0.0,0.1199041196120104,0.0,0.1438849435344125,0.0,31,37,37,34,38,0,-175,-163,12,-218,12.8,12.8,12.6,12.5,12.4,-999,-999,-3.92,0.0,0.0,0.0
14.303240776062012,-0.018407847994444,0.1165830372981455,0.0199418353273143,0.369690947221751,-0.6074589838166531,-7.968734807675752,-0.018407847994444,0.0720974046449058,-0.0199418353273143,0.383496833217584,-0.6613994285726782,-8.392181362820754,0.0,-481.51,-462.68,-121.05,-564.9,0.0,0.1199041196120104,0.0,0.1918465913792167,0.0,31,38,37,34,37,0,-182,-169,12,-212,12.8,12.7,12.5,12.5,12.4,-999,-999,-3.92,0.0,0.0,0.0
14.32015585899353,-0.018407847994444,0.1165830372981455,0.0199418353273143,0.3758268965532323,-0.6074589838166531,-7.968734807675752,-0.018407847994444,0.0720974046449058,-0.0199418353273143,0.383496833217584,-0.6613994285726782,-8.392181362820754,0.0,-476.13,-462.68,-142.57,-564.9,0.0,0.0959232956896083,0.0,0.2398082392240208,0.0,31,38,37,34,37,0,-182,-163,12,-212,12.7,12.7,12.7,12.6,12.5,-999,-999,-3.92,0.0,0.0,0.0
14.33724331855774,-0.018407847994444,0.1165830372981455,0.0199418353273143,0.3819628458847137,-0.6074589838166531,-7.968734807675752,-0.0214758226601847,0.0720974046449058,-0.0199418353273143,0.397302719213417,-0.6613994285726782,-8.392181362820754,0.0,-476.13,-462.68,-147.95,-567.59,0.0,0.0719424717672062,0.0,0.287769887068825,0.0,31,38,38,34,37,-7,-182,-163,12,-212,12.8,12.7,12.6,12.6,12.4,-999,-999,-3.92,0.0,0.0,0.0
14.35419774055481,-0.018407847994444,0.1165830372981455,0.0199418353273143,0.3896327825490653,-0.6059249964837827,-7.956121396351854,-0.0214758226601847,0.0720974046449058,-0.0199418353273143,0.397302719213417,-0.6613994285726782,-8.392181362820754,32.28,-476.13,-459.99,-164.09,-564.9,0.0,0.023980823922402,0.0,0.3117507109912271,0.0,31,38,37,34,38,-7,-182,-163,12,-212,12.8,12.7,12.6,12.5,12.5,-999,-999,-3.92,0.0,0.0,0.0
14.371202945709229,-0.0199418353273143,0.1165830372981455,0.0199418353273143,0.3957687318805467,-0.6059249964837827,-7.956121396351854,-0.023009809993055,0.0720974046449058,-0.0199418353273143,0.4049726558777687,-0.6613994285726782,-8.392181362820754,32.28,-476.13,-462.68,-145.26,-567.59,0.0,0.0,0.0,0.3597123588360313,0.0,31,38,37,34,38,-13,-182,-163,18,-212,12.8,12.6,12.6,12.5,12.4,-999,-999,-3.92,0.0,0.0,0.0
14.388181209564209,-0.0199418353273143,0.1165830372981455,0.0199418353273143,0.4034386685448983,-0.6074589838166531,-7.968734807675752,-0.023009809993055,0.0705634173120354,-0.0199418353273143,0.4141765798749907,-0.6613994285726782,-8.392181362820754,48.42,-492.27,-459.99,-142.57,-567.59,0.0,0.0,0.0,0.3836931827584334,0.0,31,38,37,34,37,55,-188,-163,25,-212,12.7,12.6,12.6,12.5,12.4,-999,-999,-3.92,0.0,0.0,0.0
14.405206441879272,-0.0214758226601847,0.1165830372981455,0.0199418353273143,0.4111086052092501,-0.6074589838166531,-7.968734807675752,-0.0245437973259253,0.0705634173120354,-0.0199418353273143,0.4218465165393424,-0.6613994285726782,-8.392181362820754,13.45,-492.27,-462.68,-137.19,-567.59,-0.023980823922402,0.0,0.0,0.3836931827584334,0.0,31,38,37,34,37,-13,-188,-163,25,-212,12.8,12.7,12.6,12.5,12.5,-999,-999,-3.92,0.0,0.0,0.0
14.422132730484009,-0.0214758226601847,0.1165830372981455,0.0199418353273143,0.4172445545407314,-0.6074589838166531,-7.968734807675752,-0.0245437973259253,0.0705634173120354,-0.0199418353273143,0.4310504405365644,-0.6613994285726782,-8.392181362820754,40.35,-492.27,-457.3,-137.19,-570.28,-0.023980823922402,0.0,0.0,0.3836931827584334,0.0,31,38,37,34,37,-13,-188,-163,31,-212,12.8,12.7,12.5,12.5,12.4,-999,-999,-3.92,0.0,0.0,0.0
14.439257621765137,-0.023009809993055,0.1165830372981455,0.0199418353273143,0.4264484785379534,-0.6074589838166531,-7.968734807675752,-0.027611771991666,0.0705634173120354,-0.0199418353273143,0.4463903138652678,-0.6613994285726782,-8.392181362820754,8.07,-489.58,-465.37,-142.57,-570.28,-0.023980823922402,0.0,0.0,0.4076740066808355,0.0,31,38,37,34,38,-19,-188,-163,25,-212,12.8,12.7,12.5,12.4,12.4,-999,-999,-3.92,0.0,0.0,0.0
14.45627737045288,-0.0245437973259253,0.1165830372981455,0.0199418353273143,0.4341184152023051,-0.6074589838166531,-7.968734807675752,-0.0291457593245363,0.0690294299791651,-0.0199418353273143,0.4555942378624898,-0.6613994285726782,-8.392181362820754,0.0,-489.58,-462.68,-142.57,-575.66,-0.023980823922402,0.0,0.0,0.4316548306032375,0.0,31,38,37,34,38,-19,-188,-163,25,-212,12.7,12.7,12.6,12.5,12.5,-999,-999,-3.92,0.0,0.0,0.0
14.473243474960327,-0.0245437973259253,0.1165830372981455,0.0199418353273143,0.4417883518666567,-0.6074589838166531,-7.968734807675752,-0.0306797466574067,0.0690294299791651,-0.0199418353273143,0.4617301871939711,-0.6613994285726782,-8.392181362820754,0.0,-524.55,-459.99,-131.81,-564.9,-0.023980823922402,0.0,0.0,0.4556356545256396,0.0,32,38,37,34,38,-19,-200,-163,31,-212,12.7,12.7,12.6,12.6,12.4,-999,-999,-3.92,0.0,0.0,0.0
14.490222215652466,-0.0260777846587957,0.1165830372981455,0.0199418353273143,0.4494582885310084,-0.6074589838166531,-7.968734807675752,-0.032213733990277,0.0690294299791651,-0.0199418353273143,0.4694001238583228,-0.6613994285726782,-8.392181362820754,0.0,-521.86,-459.99,-137.19,-567.59,-0.0479616478448041,0.0,0.0,0.4556356545256396,0.0,31,38,37,34,37,-19,-200,-163,31,-212,12.7,12.7,12.6,12.5,12.5,-999,-999,-3.92,0.0,0.0,0.0
14.507177829742432,-0.027611771991666,0.1165830372981455,0.0199418353273143,0.4571282251953601,-0.6059249964837827,-7.956121396351854,-0.032213733990277,0.0690294299791651,-0.0199418353273143,0.4694001238583228,-0.6613994285726782,-8.392181362820754,0.0,-524.55,-462.68,-142.57,-564.9,-0.0479616478448041,0.0,0.0,0.4556356545256396,0.0,31,37,37,33,37,-19,-200,-163,31,-212,12.7,12.7,12.6,12.5,12.4,-999,-999,-3.92,0.0,0.0,0.0
14.524128913879395,-0.0291457593245363,0.1165830372981455,0.0199418353273143,0.4663321491925821,-0.6074589838166531,-7.968734807675752,-0.032213733990277,0.0690294299791651,-0.0199418353273143,0.4770700605226745,-0.6613994285726782,-8.392181362820754,16.14,-524.55,-459.99,-158.71,-567.59,-0.0719424717672062,0.0,0.0,0.4556356545256396,0.0,31,37,37,34,37,-13,-200,-163,31,-218,12.7,12.7,12.6,12.5,12.5,-999,-999,-3.92,0.0,0.0,0.0
14.541141986846924,-0.0306797466574067,0.1165830372981455,0.0199418353273143,0.4740020858569338,-0.6074589838166531,-7.968734807675752,-0.0337477213231473,0.0690294299791651,-0.0199418353273143,0.4832060098541558,-0.6613994285726782,-8.392181362820754,29.59,-521.86,-465.37,-139.88,-567.59,-0.0719424717672062,0.0,0.0,0.4556356545256396,0.0,32,38,37,34,37,-13,-200,-169,25,-218,12.7,12.7,12.6,12.5,12.5,-999,-999,-3.92,0.0,0.0,0.0
14.558157682418823,-0.032213733990277,0.1165830372981455,0.0199418353273143,0.4816720225212855,-0.6059249964837827,-7.956121396351854,-0.0352817086560177,0.0690294299791651,-0.0199418353273143,0.4893419591856371,-0.6613994285726782,-8.392181362820754,32.28,-521.86,-457.3,-115.67,-567.59,-0.0719424717672062,0.0,0.0,0.4556356545256396,0.0,31,38,37,34,37,-13,-200,-163,43,-212,12.7,12.8,12.6,12.5,12.5,-999,-999,-3.92,0.0,0.0,0.0
14.57511305809021,-0.032213733990277,0.1165830372981455,0.0199418353273143,0.4878079718527668,-0.6074589838166531,-7.968734807675752,-0.0352817086560177,0.0690294299791651,-0.0199418353273143,0.4939439211842482,-0.6613994285726782,-8.392181362820754,16.14,-524.55,-459.99,-137.19,-564.9,-0.0719424717672062,0.0,0.0,0.4316548306032375,0.0,31,38,37,34,37,-13,-200,-163,18,-212,12.7,12.7,12.5,12.5,12.5,-999,-999,-3.92,0.0,0.0,0.0
14.59214997291565,-0.0337477213231473,0.1165830372981455,0.0199418353273143,0.4939439211842482,-0.6074589838166531,-7.968734807675752,-0.0352817086560177,0.0674954426462947,-0.0199418353273143,0.5000798705157296,-0.6613994285726782,-8.392181362820754,0.0,-524.55,-462.68,-123.74,-567.59,-0.0719424717672062,0.0,0.0,0.4316548306032375,0.0,31,37,37,34,37,-7,-200,-169,12,-218,12.8,12.7,12.7,12.5,12.4,-999,-999,-3.92,0.0,0.0,0.0
14.609142541885376,-0.0352817086560177,0.1165830372981455,0.0199418353273143,0.5000798705157296,-0.6059249964837827,-7.956121396351854,-0.036815695988888,0.0690294299791651,-0.0199418353273143,0.5062158198472109,-0.6613994285726782,-8.392181362820754,13.45,-524.55,-462.68,-129.12,-570.28,-0.0479616478448041,0.0,0.0,0.3836931827584334,0.0,31,37,37,34,37,-7,-200,-163,12,-212,12.7,12.7,12.7,12.5,12.5,-999,-999,-3.92,0.0,0.0,0.0
14.626151323318481,-0.0352817086560177,0.1165830372981455,0.0199418353273143,0.5062158198472109,-0.6059249964837827,-7.956121396351854,-0.0352817086560177,0.0674954426462947,-0.0199418353273143,0.5108177818458219,-0.6613994285726782,-8.392181362820754,8.07,-524.55,-465.37,-126.43,-567.59,-0.0479616478448041,0.0,0.0,0.3597123588360313,0.0,31,36,37,34,37,0,-200,-169,12,-212,12.8,12.7,12.6,12.4,12.5,-999,-999,-3.92,0.0,0.0,0.0
14.643138408660889,-0.0352817086560177,0.1165830372981455,0.0199418353273143,0.5123517691786922,-0.6074589838166531,-7.968734807675752,-0.036815695988888,0.0674954426462947,-0.0199418353273143,0.5154197438444329,-0.6613994285726782,-8.392181362820754,-2.69,-524.55,-462.68,-118.36,-564.9,-0.0479616478448041,0.0,0.0,0.3597123588360313,0.0,31,37,37,34,37,0,-200,-163,6,-212,12.7,12.7,12.7,12.5,12.4,-999,-999,-3.92,0.0,0.0,0.0
14.660188436508179,-0.036815695988888,0.1165830372981455,0.0199418353273143,0.5184877185101736,-0.6074589838166531,-7.968734807675752,-0.0383496833217584,0.0690294299791651,-0.0199418353273143,0.5215556931759142,-0.6613994285726782,-8.392181362820754,0.0,-524.55,-462.68,-104.91,-567.59,-0.0479616478448041,0.0,0.0,0.3357315349136292,0.0,31,37,38,34,37,-7,-200,-163,30,-212,12.8,12.7,12.6,12.5,12.5,-999,-999,-3.92,0.0,0.0,0.0
14.677244424819946,-0.036815695988888,0.1165830372981455,0.0199418353273143,0.5230896805087846,-0.6074589838166531,-7.968734807675752,-0.0398836706546287,0.0674954426462947,-0.0199418353273143,0.5322936045060066,-0.6613994285726782,-8.392181362820754,2.69,-524.55,-465.37,-96.84,-572.97,-0.023980823922402,0.0,0.0,0.3117507109912271,0.0,31,37,36,34,37,-7,-200,-169,30,-218,12.7,12.8,12.6,12.6,12.5,-999,-999,-3.92,0.0,0.0,0.0
14.694305181503296,-0.0383496833217584,0.1165830372981455,0.0199418353273143,0.5261576551745253,-0.6074589838166531,-7.968734807675752,-0.041417657987499,0.0674954426462947,-0.0199418353273143,0.5368955665046176,-0.6613994285726782,-8.392181362820754,24.21,-524.55,-459.99,-91.46,-564.9,-0.023980823922402,0.0,0.0,0.287769887068825,0.0,31,37,37,34,37,-13,-200,-163,30,-212,12.8,12.7,12.6,12.6,12.4,-999,-999,-3.92,0.0,0.0,0.0
14.711297988891602,-0.0383496833217584,0.1165830372981455,0.0199418353273143,0.5322936045060066,-0.6074589838166531,-7.968734807675752,-0.041417657987499,0.0674954426462947,-0.0199418353273143,0.543031515836099,-0.6613994285726782,-8.392181362820754,10.76,-524.55,-457.3,-86.08,-564.9,-0.023980823922402,0.0,0.0,0.263789063146423,0.0,32,37,37,34,37,-19,-200,-163,36,-212,12.8,12.7,12.5,12.5,12.5,-999,-999,-3.92,0.0,0.0,0.0
14.728062868118286,-0.0383496833217584,0.1165830372981455,0.0199418353273143,0.5368955665046176,-0.6074589838166531,-7.968734807675752,-0.041417657987499,0.0674954426462947,-0.0199418353273143,0.543031515836099,-0.6613994285726782,-8.392181362820754,0.0,-524.55,-465.37,-115.67,-564.9,-0.023980823922402,0.0,0.0,0.263789063146423,0.0,32,38,37,34,37,-13,-200,-163,12,-218,12.8,12.6,12.6,12.5,12.4,-999,-999,-3.92,0.0,0.0,0.0
14.745150327682495,-0.0398836706546287,0.1165830372981455,0.0199418353273143,0.5414975285032286,-0.6074589838166531,-7.968734807675752,-0.041417657987499,0.0674954426462947,-0.0199418353273143,0.5537694271661913,-0.6613994285726782,-8.392181362820754,0.0,-524.55,-459.99,-112.98,-564.9,-0.023980823922402,0.0,0.0,0.263789063146423,0.0,32,38,37,34,37,-13,-200,-163,18,-212,12.7,12.6,12.6,12.6,12.5,-999,-999,-3.92,0.0,0.0,0.0
14.762218236923218,-0.0398836706546287,0.1165830372981455,0.0199418353273143,0.54763347783471,-0.6074589838166531,-7.968734807675752,-0.041417657987499,0.0674954426462947,-0.0199418353273143,0.5583713891648023,-0.6613994285726782,-8.392181362820754,-8.07,-524.55,-457.3,-115.67,-564.9,-0.023980823922402,0.0,0.0,0.287769887068825,0.0,32,38,37,34,37,-7,-200,-163,18,-212,12.7,12.7,12.6,12.4,12.5,-999,-999,-3.92,0.0,0.0,0.0
14.779127359390259,-0.0398836706546287,0.1165830372981455,0.0199418353273143,0.5537694271661913,-0.6074589838166531,-7.968734807675752,-0.041417657987499,0.0674954426462947,-0.0199418353273143,0.5583713891648023,-0.6613994285726782,-8.392181362820754,0.0,-524.55,-459.99,-129.12,-564.9,-0.023980823922402,0.0,0.0,0.3117507109912271,0.0,32,38,37,34,37,-7,-200,-163,12,-212,12.8,12.6,12.6,12.5,12.4,-999,-999,-3.92,0.0,0.0,0.0
14.796112537384033,-0.0398836706546287,0.1165830372981455,0.0199418353273143,0.5583713891648023,-0.6074589838166531,-7.968734807675752,-0.041417657987499,0.0659614553134244,-0.0199418353273143,0.5645073384962837,-0.6613994285726782,-8.392181362820754,0.0,-543.38,-462.68,-110.29,-564.9,-0.023980823922402,0.0,0.0,0.3117507109912271,0.0,32,38,37,34,37,-7,-207,-163,12,-212,12.7,12.7,12.6,12.5,12.5,-999,-999,-3.92,0.0,0.0,0.0
14.813174724578857,-0.041417657987499,0.1165830372981455,0.0199418353273143,0.566041325829154,-0.6074589838166531,-7.968734807675752,-0.041417657987499,0.0674954426462947,-0.0199418353273143,0.575245249826376,-0.6613994285726782,-8.392181362820754,0.0,-543.38,-459.99,-112.98,-567.59,-0.023980823922402,0.0,0.0,0.3117507109912271,0.0,32,38,37,34,37,0,-207,-163,6,-212,12.8,12.6,12.6,12.5,12.4,-999,-999,-3.92,0.0,0.0,0.0
14.83016037940979,-0.0398836706546287,0.1165830372981455,0.0199418353273143,0.5691093004948946,-0.6074589838166531,-7.968734807675752,-0.041417657987499,0.0674954426462947,-0.0199418353273143,0.575245249826376,-0.6613994285726782,-8.392181362820754,-2.69,-527.24,-457.3,-126.43,-567.59,-0.023980823922402,0.0,0.0,0.3117507109912271,0.0,32,38,37,34,37,0,-200,-163,0,-212,12.8,12.7,12.6,12.5,12.4,-999,-999,-3.92,0.0,0.0,0.0
14.847131252288818,-0.041417657987499,0.1165830372981455,0.0199418353273143,0.5737112624935057,-0.6059249964837827,-7.956121396351854,-0.0429516453203694,0.0674954426462947,-0.0199418353273143,0.5813811991578574,-0.6613994285726782,-8.392181362820754,0.0,-524.55,-459.99,-107.6,-562.21,-0.023980823922402,0.0,0.0,0.287769887068825,0.0,32,38,37,34,37,0,-200,-163,12,-212,12.8,12.7,12.6,12.5,12.4,-999,-999,-3.92,0.0,0.0,0.0
14.86421012878418,-0.041417657987499,0.1165830372981455,0.0199418353273143,0.579847211824987,-0.6074589838166531,-7.968734807675752,-0.041417657987499,0.0659614553134244,-0.0199418353273143,0.59365309782082,-0.6613994285726782,-8.392181362820754,0.0,-524.55,-457.3,-126.43,-567.59,-0.023980823922402,0.0,0.0,0.263789063146423,0.0,32,38,38,34,37,-7,-200,-163,18,-212,12.7,12.7,12.6,12.5,12.5,-999,-999,-3.92,0.0,0.0,0.0
14.881127834320068,-0.041417657987499,0.1165830372981455,0.0199418353273143,0.5859831611564683,-0.6059249964837827,-7.956121396351854,-0.041417657987499,0.0659614553134244,-0.0199418353273143,0.59365309782082,-0.6613994285726782,-8.392181362820754,0.0,-543.38,-462.68,-118.36,-564.9,0.0,0.0,0.0,0.287769887068825,0.0,31,38,37,34,37,0,-207,-169,18,-212,12.7,12.7,12.6,12.5,12.4,-999,-999,-3.92,0.0,0.0,0.0
14.898236989974976,-0.041417657987499,0.1165830372981455,0.0199418353273143,0.5921191104879497,-0.6059249964837827,-7.956121396351854,-0.0429516453203694,0.0674954426462947,-0.0199418353273143,0.6059249964837827,-0.6613994285726782,-8.392181362820754,0.0,-529.93,-459.99,-145.26,-570.28,0.0,0.0,0.0,0.287769887068825,0.0,31,38,37,34,37,-7,-200,-163,12,-212,12.8,12.7,12.6,12.6,12.5,-999,-999,-3.92,0.0,0.0,0.0
14.915139436721802,-0.041417657987499,0.1165830372981455,0.0199418353273143,0.5982550598194311,-0.6074589838166531,-7.968734807675752,-0.0429516453203694,0.0674954426462947,-0.0199418353273143,0.6059249964837827,-0.6613994285726782,-8.392181362820754,-8.07,-524.55,-457.3,-134.5,-570.28,0.0,0.0,0.0,0.3117507109912271,0.0,31,37,37,34,37,-7,-200,-163,12,-218,12.7,12.8,12.5,12.5,12.4,-999,-999,-3.92,0.0,0.0,0.0
14.932118892669678,-0.0429516453203694,0.1165830372981455,0.0199418353273143,0.6043910091509124,-0.6074589838166531,-7.968734807675752,-0.0429516453203694,0.0674954426462947,-0.0199418353273143,0.612060945815264,-0.6613994285726782,-8.392181362820754,-10.76,-524.55,-457.3,-118.36,-564.9,0.0,0.0,0.0,0.3357315349136292,0.0,31,37,38,33,38,-7,-200,-163,18,-212,12.7,12.7,12.6,12.5,12.4,-999,-999,-3.92,0.0,0.0,0.0
14.949110746383667,-0.0429516453203694,0.1165830372981455,0.0199418353273143,0.6105269584823937,-0.6074589838166531,-7.968734807675752,-0.0429516453203694,0.0674954426462947,-0.0199418353273143,0.6197308824796157,-0.6613994285726782,-8.392181362820754,-8.07,-524.55,-457.3,-94.15,-564.9,0.0,0.0,0.0,0.3357315349136292,0.0,31,37,38,33,38,-7,-200,-163,18,-212,12.7,12.7,12.6,12.6,12.4,-999,-999,-3.92,0.0,0.0,0.0
14.966164827346802,-0.0429516453203694,0.1165830372981455,0.0199418353273143,0.6151289204810048,-0.6074589838166531,-7.968734807675752,-0.0429516453203694,0.0705634173120354,-0.0199418353273143,0.6320027811425785,-0.6613994285726782,-8.392181362820754,-10.76,-524.55,-459.99,-96.84,-564.9,0.0,0.0,0.0,0.3357315349136292,0.0,31,38,38,34,38,0,-200,-163,25,-212,12.7,12.6,12.6,12.5,12.4,-999,-999,-3.92,0.0,0.0,0.0
14.983154773712158,-0.041417657987499,0.1165830372981455,0.0199418353273143,0.6227988571453564,-0.6074589838166531,-7.968734807675752,-0.0429516453203694,0.0705634173120354,-0.0199418353273143,0.6381387304740598,-0.6613994285726782,-8.392181362820754,-10.76,-505.72,-457.3,-104.91,-567.59,0.0,0.0,0.0,0.3357315349136292,0.0,31,38,38,34,38,-7,-194,-163,25,-212,12.8,12.7,12.6,12.5,12.5,-999,-999,-3.92,0.0,0.0,0.0
15.001101970672607,-0.0429516453203694,0.1165830372981455,0.0199418353273143,0.6304687938097081,-0.6074589838166531,-7.968734807675752,-0.041417657987499,0.0705634173120354,-0.0199418353273143,0.6458086671384115,-0.6613994285726782,-8.392181362820754,-8.07,-494.96,-457.3,-107.6,-567.59,0.0,0.0,0.0,0.3597123588360313,0.0,31,38,37,34,38,0,-188,-163,18,-218,12.7,12.6,12.6,12.5,12.4,-999,-999,-3.92,0.0,0.0,0.0
15.01812744140625,-0.041417657987499,0.1165830372981455,0.0199418353273143,0.6366047431411894,-0.6059249964837827,-7.956121396351854,-0.041417657987499,0.0705634173120354,-0.0199418353273143,0.6458086671384115,-0.6613994285726782,-8.392181362820754,-5.38,-492.27,-457.3,-99.53,-562.21,0.0,0.0,0.0,0.3597123588360313,0.0,31,38,37,34,38,6,-188,-163,25,-212,12.8,12.7,12.7,12.6,12.4,-999,-999,-3.92,0.0,0.0,0.0
15.035146951675415,-0.041417657987499,0.1165830372981455,0.0199418353273143,0.6442746798055411,-0.6074589838166531,-7.968734807675752,-0.041417657987499,0.0720974046449058,-0.0199418353273143,0.6596145531342444,-0.6613994285726782,-8.392181362820754,-5.38,-473.44,-459.99,-110.29,-562.21,0.0,0.0,0.0,0.3597123588360313,0.0,31,38,37,33,37,0,-182,-163,18,-212,12.8,12.7,12.6,12.5,12.4,-999,-999,-3.92,0.0,0.0,0.0
15.052109241485596,-0.041417657987499,0.1165830372981455,0.0214758226601847,0.6504106291370224,-0.6059249964837827,-7.956121396351854,-0.041417657987499,0.0720974046449058,-0.0199418353273143,0.6596145531342444,-0.6613994285726782,-8.392181362820754,-5.38,-478.82,-457.3,-102.22,-567.59,0.0,0.0,0.0,0.3597123588360313,0.0,31,38,37,34,37,0,-182,-163,18,-218,12.8,12.7,12.7,12.6,12.5,-999,-999,-3.92,0.0,0.0,0.0
15.06909704208374,-0.0429516453203694,0.1165830372981455,0.0199418353273143,0.6565465784685038,-0.6059249964837827,-7.956121396351854,-0.0429516453203694,0.0720974046449058,-0.0199418353273143,0.6672844897985961,-0.6613994285726782,-8.392181362820754,-5.38,-478.82,-457.3,-96.84,-562.21,0.0,0.0,0.0,0.3597123588360313,0.0,31,38,37,34,37,0,-182,-163,18,-212,12.7,12.7,12.7,12.6,12.4,-999,-999,-3.92,0.0,0.0,0.0
15.087088108062744,-0.0429516453203694,0.1165830372981455,0.0199418353273143,0.6626825277999852,-0.6059249964837827,-7.956121396351854,-0.0429516453203694,0.0720974046449058,-0.0199418353273143,0.6826243631272996,-0.6613994285726782,-8.392181362820754,-5.38,-478.82,-462.68,-104.91,-562.21,0.0,0.0,0.0,0.3597123588360313,0.0,31,38,37,34,37,0,-182,-169,25,-218,12.8,12.7,12.6,12.4,12.4,-999,-999,-3.92,0.0,0.0,0.0
15.10408878326416,-0.0429516453203694,0.1165830372981455,0.0199418353273143,0.6703524644643368,-0.6059249964837827,-7.956121396351854,-0.0429516453203694,0.0720974046449058,-0.0199418353273143,0.6826243631272996,-0.6613994285726782,-8.392181362820754,-8.07,-478.82,-462.68,-112.98,-567.59,0.0,0.0,0.0,0.3597123588360313,0.0,31,38,37,34,37,0,-182,-169,31,-212,12.8,12.7,12.6,12.6,12.4,-999,-999,-3.92,0.0,0.0,0.0
15.121143817901611,-0.041417657987499,0.1165830372981455,0.0199418353273143,0.6780224011286885,-0.6074589838166531,-7.968734807675752,-0.0429516453203694,0.0720974046449058,-0.0199418353273143,0.6918282871245215,-0.6613994285726782,-8.392181362820754,-8.07,-476.13,-457.3,-121.05,-567.59,0.0,0.0,0.0,0.3836931827584334,0.0,31,38,37,34,37,0,-182,-163,31,-212,12.8,12.7,12.5,12.5,12.4,-999,-999,-3.92,0.0,0.0,0.0
15.138205528259277,-0.0429516453203694,0.1165830372981455,0.0199418353273143,0.6856923377930402,-0.6074589838166531,-7.968734807675752,-0.0429516453203694,0.0720974046449058,-0.0199418353273143,0.707168160453225,-0.6613994285726782,-8.392181362820754,-8.07,-454.61,-459.99,-112.98,-564.9,0.0,0.0,0.0,0.3836931827584334,0.0,31,37,37,34,37,0,-175,-163,31,-212,12.7,12.7,12.6,12.5,12.4,-999,-999,-3.92,0.0,0.0,0.0
15.1550874710083,-0.0429516453203694,0.1165830372981455,0.0199418353273143,0.6918282871245215,-0.6074589838166531,-7.968734807675752,-0.0429516453203694,0.0720974046449058,-0.0199418353273143,0.707168160453225,-0.6613994285726782,-8.392181362820754,-8.07,-476.13,-457.3,-88.77,-562.21,0.0,0.0,0.0,0.4076740066808355,0.0,31,37,37,34,38,0,-182,-163,37,-212,12.7,12.6,12.7,12.5,12.3,-999,-999,-3.92,0.0,0.0,0.0
15.172056436538696,-0.0429516453203694,0.1165830372981455,0.0199418353273143,0.7010322111217435,-0.6074589838166531,-7.968734807675752,-0.0429516453203694,0.0720974046449058,-0.0199418353273143,0.7148380971175766,-0.6613994285726782,-8.392181362820754,-5.38,-478.82,-457.3,-96.84,-567.59,0.0,0.0,0.0,0.4316548306032375,0.0,31,36,38,34,38,0,-182,-163,37,-212,12.7,12.7,12.6,12.6,12.5,-999,-999,-3.92,0.0,0.0,0.0
15.189204692840576,-0.0429516453203694,0.1165830372981455,0.0199418353273143,0.707168160453225,-0.6059249964837827,-7.956121396351854,-0.0429516453203694,0.0720974046449058,-0.0199418353273143,0.7286439831134096,-0.6613994285726782,-8.392181362820754,-8.07,-478.82,-457.3,-104.91,-564.9,0.0,0.0,0.0,0.4316548306032375,0.0,31,38,38,34,38,-7,-182,-163,31,-212,12.8,12.7,12.6,12.7,12.4,-999,-999,-3.92,0.0,0.0,0.0
15.206220149993896,-0.0429516453203694,0.1165830372981455,0.0199418353273143,0.7163720844504469,-0.6059249964837827,-7.956121396351854,-0.0429516453203694,0.0736313919777761,-0.0199418353273143,0.7378479071106316,-0.6613994285726782,-8.392181362820754,-5.38,-476.13,-457.3,-107.6,-570.28,0.0,0.0,0.0,0.4316548306032375,0.0,31,38,38,34,38,-7,-182,-163,31,-212,12.8,12.6,12.6,12.5,12.5,-999,-999,-3.92,0.0,0.0,0.0
15.223137617111206,-0.0429516453203694,0.1165830372981455,0.0199418353273143,0.7240420211147987,-0.6074589838166531,-7.968734807675752,-0.0429516453203694,0.0736313919777761,-0.0199418353273143,0.7378479071106316,-0.6613994285726782,-8.392181362820754,-5.38,-462.68,-459.99,-110.29,-564.9,0.0,0.0,0.0,0.4316548306032375,0.0,31,38,37,34,38,0,-175,-163,25,-212,12.8,12.7,12.6,12.5,12.5,-999,-999,-3.92,0.0,0.0,0.0
15.240126848220825,-0.0429516453203694,0.1165830372981455,0.0199418353273143,0.7317119577791503,-0.6074589838166531,-7.968734807675752,-0.041417657987499,0.0736313919777761,-0.0199418353273143,0.743983856442113,-0.6613994285726782,-8.392181362820754,-5.38,-459.99,-457.3,-96.84,-564.9,0.0,0.0,0.0,0.4316548306032375,0.0,31,38,37,34,38,6,-175,-163,37,-212,12.7,12.7,12.6,12.5,12.4,-999,-999,-3.92,0.0,0.0,0.0
15.257154703140259,-0.0429516453203694,0.1165830372981455,0.0199418353273143,0.7378479071106316,-0.6074589838166531,-7.968734807675752,-0.041417657987499,0.0736313919777761,-0.0199418353273143,0.7593237297708163,-0.6613994285726782,-8.392181362820754,-5.38,-459.99,-465.37,-91.46,-564.9,0.0,0.0,0.0,0.4076740066808355,0.0,31,38,37,34,38,0,-175,-163,37,-212,12.8,12.7,12.6,12.4,12.5,-999,-999,-3.92,0.0,0.0,0.0
15.274082660675049,-0.0429516453203694,0.1165830372981455,0.0199418353273143,0.7470518311078537,-0.6074589838166531,-7.968734807675752,-0.041417657987499,0.0736313919777761,-0.0199418353273143,0.7593237297708163,-0.6613994285726782,-8.392181362820754,-5.38,-459.99,-457.3,-94.15,-564.9,0.0,0.0,0.0,0.4076740066808355,0.0,31,38,37,34,38,0,-175,-163,37,-212,12.8,12.7,12.7,12.5,12.5,-999,-999,-3.92,0.0,0.0,0.0
15.291191577911377,-0.0429516453203694,0.1165830372981455,0.0199418353273143,0.753187780439335,-0.6074589838166531,-7.968734807675752,-0.041417657987499,0.0736313919777761,-0.0199418353273143,0.7731296157666494,-0.6613994285726782,-8.392181362820754,-5.38,-457.3,-457.3,-94.15,-567.59,0.0,0.0,0.0,0.4076740066808355,0.0,31,38,37,34,38,0,-175,-163,37,-212,12.8,12.7,12.6,12.5,12.4,-999,-999,-3.92,0.0,0.0,0.0
15.310131788253784,-0.0429516453203694,0.1165830372981455,0.0199418353273143,0.762391704436557,-0.6074589838166531,-7.968734807675752,-0.041417657987499,0.0736313919777761,-0.0199418353273143,0.7823335397638713,-0.6613994285726782,-8.392181362820754,-5.38,-459.99,-457.3,-104.91,-564.9,0.0,0.0,0.0,0.4316548306032375,0.0,31,38,37,34,38,6,-175,-163,31,-218,12.8,12.7,12.7,12.5,12.5,-999,-999,-3.92,0.0,0.0,0.0
15.327074527740479,-0.0429516453203694,0.1165830372981455,0.0199418353273143,0.7700616411009087,-0.6059249964837827,-7.956121396351854,-0.041417657987499,0.0736313919777761,-0.0199418353273143,0.7823335397638713,-0.6613994285726782,-8.392181362820754,-5.38,-459.99,-457.3,-107.6,-564.9,0.0,0.0,0.0,0.4316548306032375,0.0,31,38,37,34,38,0,-175,-163,25,-212,12.8,12.7,12.7,12.5,12.5,-999,-999,-3.92,0.0,0.0,0.0
15.34421443939209,-0.041417657987499,0.1165830372981455,0.0199418353273143,0.77619759043239,-0.6074589838166531,-7.968734807675752,-0.0429516453203694,0.0736313919777761,-0.0199418353273143,0.7976734130925747,-0.6613994285726782,-8.392181362820754,-5.38,-478.82,-457.3,-78.01,-570.28,0.0,0.0,0.0,0.4076740066808355,0.0,31,38,37,33,37,-7,-182,-163,31,-218,12.7,12.7,12.5,12.6,12.5,-999,-999,-3.92,0.0,0.0,0.0
15.362082242965698,-0.0429516453203694,0.1165830372981455,0.0199418353273143,0.7823335397638713,-0.6074589838166531,-7.968734807675752,-0.0429516453203694,0.0736313919777761,-0.0199418353273143,0.8038093624240561,-0.6613994285726782,-8.392181362820754,-5.38,-459.99,-457.3,-88.77,-564.9,0.0,0.0,0.0,0.4076740066808355,0.0,31,38,38,33,38,-7,-175,-163,31,-212,12.7,12.7,12.5,12.5,12.5,-999,-999,-3.92,0.0,0.0,0.0
15.379056453704834,-0.0429516453203694,0.1165830372981455,0.0199418353273143,0.7915374637610934,-0.6074589838166531,-7.968734807675752,-0.0429516453203694,0.0736313919777761,-0.0199418353273143,0.8038093624240561,-0.6613994285726782,-8.392181362820754,-5.38,-459.99,-457.3,-83.39,-564.9,0.0,0.0,0.0,0.3836931827584334,0.0,31,38,37,33,38,0,-175,-163,37,-212,12.7,12.7,12.5,12.5,12.5,-999,-999,-3.92,0.0,0.0,0.0
15.396073818206787,-0.0429516453203694,0.1165830372981455,0.0199418353273143,0.799207400425445,-0.6059249964837827,-7.956121396351854,-0.0429516453203694,0.0736313919777761,-0.0199418353273143,0.8099453117555374,-0.6613994285726782,-8.392181362820754,-5.38,-459.99,-457.3,-86.08,-567.59,0.0,0.0,0.0,0.4076740066808355,0.0,31,38,37,33,38,0,-175,-163,43,-212,12.8,12.7,12.6,12.5,12.5,-999,-999,-3.92,0.0,0.0,0.0
15.413074493408203,-0.0429516453203694,0.1165830372981455,0.0199418353273143,0.8053433497569265,-0.6059249964837827,-7.956121396351854,-0.0429516453203694,0.0736313919777761,-0.0199418353273143,0.8176152484198891,-0.6613994285726782,-8.392181362820754,-5.38,-459.99,-457.3,-94.15,-562.21,0.0,0.0,0.0,0.4076740066808355,0.0,31,38,37,33,38,0,-175,-163,31,-212,12.8,12.6,12.5,12.6,12.4,-999,-999,-3.92,0.0,0.0,0.0
15.430117607116703,-0.0429516453203694,0.1165830372981455,0.0199418353273143,0.8130132864212781,-0.6074589838166531,-7.968734807675752,-0.0429516453203694,0.0736313919777761,-0.0199418353273143,0.8283531597499815,-0.6613994285726782,-8.392181362820754,-5.38,-459.99,-457.3,-96.84,-567.59,0.0,0.0,0.0,0.4076740066808355,0.0,31,38,37,33,38,6,-175,-163,31,-218,12.8,12.7,12.6,12.5,12.5,-999,-999,-3.92,0.0,0.0,0.0
15.447066068649292,-0.0429516453203694,0.1165830372981455,0.0199418353273143,0.8191492357527594,-0.6074589838166531,-7.968734807675752,-0.0429516453203694,0.0736313919777761,-0.0199418353273143,0.8283531597499815,-0.6613994285726782,-8.392181362820754,-5.38,-459.99,-457.3,-86.08,-567.59,0.0,0.0,0.0,0.4076740066808355,0.0,31,38,37,34,38,0,-175,-163,31,-218,12.8,12.7,12.6,12.6,12.4,-999,-999,-3.92,0.0,0.0,0.0
15.464066982269287,-0.0429516453203694,0.1165830372981455,0.0199418353273143,0.8252851850842408,-0.6074589838166531,-7.968734807675752,-0.0429516453203694,0.0736313919777761,-0.0199418353273143,0.8344891090814628,-0.6613994285726782,-8.392181362820754,-5.38,-459.99,-459.99,-86.08,-562.21,0.0,0.0,0.0,0.4076740066808355,0.0,31,38,37,34,39,0,-175,-163,25,-212,12.7,12.6,12.7,12.6,12.5,-999,-999,-3.92,0.0,0.0,0.0
15.481064558029182,-0.0429516453203694,0.1165830372981455,0.0199418353273143,0.8314211344157221,-0.6059249964837827,-7.956121396351854,-0.0429516453203694,0.0736313919777761,-0.0199418353273143,0.8390910710800737,-0.6613994285726782,-8.392181362820754,-5.38,-459.99,-457.3,-99.53,-564.9,0.0,0.0,0.0,0.3836931827584334,0.0,31,37,37,34,38,0,-175,-163,18,-212,12.7,12.7,12.6,12.6,12.5,-999,-999,-3.92,0.0,0.0,0.0
15.498059511184692,-0.0429516453203694,0.1165830372981455,0.0199418353273143,0.8375570837472035,-0.6074589838166531,-7.968734807675752,-0.0429516453203694,0.0751653793106464,-0.0199418353273143,0.8436930330786848,-0.6613994285726782,-8.392181362820754,-5.38,-459.99,-457.3,-64.56,-564.9,0.0,0.0,0.0,0.3597123588360313,0.0,31,37,37,34,37,0,-175,-163,18,-212,12.8,12.7,12.6,12.6,12.3,-999,-999,-3.92,0.0,0.0,0.0
15.515204668045044,-0.0429516453203694,0.1165830372981455,0.0199418353273143,0.8436930330786848,-0.6074589838166531,-7.968734807675752,-0.0429516453203694,0.0766993666435168,-0.0199418353273143,0.8559649317416475,-0.6613994285726782,-8.392181362820754,-5.38,-459.99,-457.3,-72.63,-564.9,0.0,0.0,0.0,0.3357315349136292,0.0,31,37,37,34,37,0,-175,-163,12,-212,12.8,12.8,12.7,12.5,12.5,-999,-999,-3.92,0.0,0.0,0.0
15.532078266143799,-0.0429516453203694,0.1165830372981455,0.0199418353273143,0.8482949950772958,-0.6074589838166531,-7.968734807675752,-0.0429516453203694,0.0766993666435168,-0.0199418353273143,0.8559649317416475,-0.6613994285726782,-8.392181362820754,-5.38,-443.85,-457.3,-94.15,-570.28,0.0,0.0,0.0,0.3117507109912271,0.0,31,37,37,34,37,0,-169,-163,18,-218,12.8,12.7,12.6,12.7,12.5,-999,-999,-3.92,0.0,0.0,0.0
15.54907488822937,-0.0429516453203694,0.1165830372981455,0.0199418353273143,0.8544309444087772,-0.6074589838166531,-7.968734807675752,-0.0444856326532397,0.0782333539763871,-0.0199418353273143,0.8605668937402585,-0.6613994285726782,-8.392181362820754,0.0,-406.19,-457.3,-83.39,-567.59,0.0,0.0,0.0,0.3117507109912271,0.0,31,37,37,34,37,-7,-157,-163,25,-212,12.8,12.6,12.6,12.5,12.1,-999,-999,-3.92,0.0,0.0,0.0
15.56610631942749,-0.0429516453203694,0.1165830372981455,0.0199418353273143,0.8590329064073882,-0.6074589838166531,-7.968734807675752,-0.0444856326532397,0.0797673413092574,-0.0199418353273143,0.8713048050703509,-0.6613994285726782,-8.392181362820754,16.14,-384.67,-457.3,-86.08,-567.59,0.0,0.0,0.0,0.287769887068825,0.0,31,37,37,34,38,-13,-150,-163,18,-212,12.8,12.7,12.6,12.5,12.5,-999,-999,-3.92,0.0,0.0,0.0
15.583138942718506,-0.0444856326532397,0.1165830372981455,0.0199418353273143,0.8636348684059991,-0.6059249964837827,-7.956121396351854,-0.04601961998611,0.0813013286421278,-0.0214758226601847,0.8759067670689619,-0.6613994285726782,-8.392181362820754,-2.69,-395.43,-457.3,-86.08,-562.21,0.0,0.0,0.0,0.287769887068825,0.0,31,37,37,34,38,-7,-150,-163,25,-212,12.8,12.7,12.6,12.6,12.4,-999,-999,-3.92,0.0,0.0,0.0
15.600067138671875,-0.0444856326532397,0.1165830372981455,0.0199418353273143,0.8697708177374806,-0.6074589838166531,-7.968734807675752,-0.04601961998611,0.0813013286421278,-0.0214758226601847,0.8759067670689619,-0.6613994285726782,-8.392181362820754,5.38,-395.43,-473.44,-67.25,-564.9,0.0,0.0,0.0,0.287769887068825,0.0,31,38,37,34,38,-13,-150,-169,25,-212,12.8,12.7,12.7,12.5,12.5,-999,-999,-3.92,0.0,0.0,0.0
15.617194652557373,-0.0444856326532397,0.1165830372981455,0.0199418353273143,0.8743727797360915,-0.6074589838166531,-7.968734807675752,-0.0444856326532397,0.0828353159749981,-0.0214758226601847,0.8835767037333135,-0.6613994285726782,-8.392181362820754,0.0,-395.43,-473.44,-86.08,-564.9,0.0,0.0,0.0,0.287769887068825,0.0,31,38,37,33,38,0,-150,-169,12,-212,12.7,12.7,12.6,12.6,12.5,-999,-999,-3.92,0.0,0.0,0.0
15.634218692779541,-0.0444856326532397,0.1165830372981455,0.0199418353273143,0.8789747417347026,-0.6074589838166531,-7.968734807675752,-0.04601961998611,0.0828353159749981,-0.0214758226601847,0.8881786657319245,-0.6613994285726782,-8.392181362820754,-5.38,-379.29,-476.13,-75.32,-570.28,0.0,0.0,0.0,0.287769887068825,0.0,31,38,37,33,38,0,-144,-169,12,-218,12.8,12.7,12.5,12.6,12.4,-999,-999,-3.92,0.0,0.0,0.0
15.651147603988644,-0.0444856326532397,0.1165830372981455,0.0199418353273143,0.8835767037333135,-0.6059249964837827,-7.956121396351854,-0.04601961998611,0.0843693033078684,-0.023009809993055,0.8912466403976652,-0.6613994285726782,-8.392181362820754,0.0,-365.84,-476.13,-56.49,-570.28,0.0,0.0,0.0,0.287769887068825,0.0,31,38,37,34,38,-7,-138,-169,18,-218,12.7,12.7,12.7,12.6,12.5,-999,-999,-3.92,0.0,0.0,0.0
15.66806149482727,-0.04601961998611,0.1165830372981455,0.0199418353273143,0.8866446783990543,-0.6059249964837827,-7.956121396351854,-0.04601961998611,0.0843693033078684,-0.023009809993055,0.8912466403976652,-0.6613994285726782,-8.392181362820754,0.0,-341.63,-492.27,-75.32,-564.9,0.0,0.0,0.0,0.263789063146423,0.0,31,37,38,33,38,-7,-132,-175,12,-212,12.8,12.6,12.7,12.6,12.5,-999,-999,-3.92,0.0,0.0,0.0
15.68509817123413,-0.04601961998611,0.1165830372981455,0.0199418353273143,0.8912466403976652,-0.6074589838166531,-7.968734807675752,-0.0444856326532397,0.0859032906407388,-0.023009809993055,0.8958486023962762,-0.6613994285726782,-8.392181362820754,-2.69,-328.18,-492.27,-53.8,-564.9,0.0,0.0,0.0,0.2398082392240208,0.0,31,37,38,33,38,0,-125,-175,12,-212,12.8,12.6,12.6,12.6,12.5,-999,-999,-3.92,0.0,0.0,0.0
15.702068090438843,-0.04601961998611,0.1165830372981455,0.0199418353273143,0.8943146150634059,-0.6074589838166531,-7.968734807675752,-0.04601961998611,0.0859032906407388,-0.0260777846587957,0.9004505643948872,-0.6613994285726782,-8.392181362820754,-5.38,-336.25,-529.93,-53.8,-564.9,0.0,0.0,0.0,0.2398082392240208,0.0,31,37,38,34,38,-7,-125,-188,18,-212,12.8,12.7,12.7,12.5,12.5,-999,-999,-3.92,0.0,0.0,0.0
15.719072580337524,-0.0444856326532397,0.1165830372981455,0.0199418353273143,0.8989165770620169,-0.6059249964837827,-7.956121396351854,-0.0444856326532397,0.0874372779736091,-0.0260777846587957,0.9050525263934982,-0.6613994285726782,-8.392181362820754,-5.38,-371.22,-527.24,-51.11,-564.9,0.0,0.0,0.0,0.2398082392240208,0.0,31,37,37,34,38,6,-125,-188,18,-212,12.8,12.7,12.7,12.5,12.4,-999,-999,-3.92,0.0,0.0,0.0
15.736037492752075,-0.04601961998611,0.1181170246310158,0.0199418353273143,0.9019845517277576,-0.6059249964837827,-7.956121396351854,-0.0444856326532397,0.0889712653064794,-0.027611771991666,0.9081205010592388,-0.6613994285726782,-8.392181362820754,-5.38,-379.29,-543.38,-61.87,-562.21,0.0,0.0,0.0,0.2158274153016187,0.0,31,38,37,33,38,6,-125,-194,43,-212,12.8,12.7,12.6,12.5,12.4,-999,-999,-3.92,0.0,0.0,0.0
15.753081560134884,-0.0444856326532397,0.1211849992967565,0.0199418353273143,0.9065865137263686,-0.6074589838166531,-7.968734807675752,-0.0444856326532397,0.0920392399722201,-0.0306797466574067,0.9188584123893312,-0.6613994285726782,-8.392181362820754,-5.38,-398.12,-556.83,-64.56,-564.9,0.0,0.023980823922402,0.0,0.2158274153016187,0.0,31,38,37,33,37,0,-125,-200,12,-212,12.7,12.7,12.6,12.5,12.5,-999,-999,-3.92,0.0,0.0,0.0
15.770089864730835,-0.0444856326532397,0.1227189866296268,0.0199418353273143,0.91272246305785,-0.6059249964837827,-7.956121396351854,-0.0444856326532397,0.0920392399722201,-0.0306797466574067,0.9188584123893312,-0.6613994285726782,-8.392181362820754,-5.38,-390.05,-578.35,-37.66,-567.59,0.0,0.0479616478448041,0.0,0.2398082392240208,0.0,31,38,37,33,37,0,-125,-207,12,-218,12.8,12.7,12.5,12.6,12.4,-999,-999,-3.92,0.0,0.0,0.0
15.787048816680908,-0.0444856326532397,0.1242529739624972,0.0199418353273143,0.9157904377235906,-0.6074589838166531,-7.968734807675752,-0.0444856326532397,0.0935732273050904,-0.032213733990277,0.9249943617208126,-0.6613994285726782,-8.392181362820754,-5.38,-387.36,-594.49,-48.42,-559.52,0.0,0.0959232956896083,0.0,0.2158274153016187,0.0,31,38,37,33,37,0,-132,-213,25,-212,12.7,12.7,12.6,12.4,12.5,-999,-999,-3.92,0.0,0.0,0.0
15.804051399230957,-0.04601961998611,0.1257869612953675,0.0199418353273143,0.9203923997222015,-0.6059249964837827,-7.956121396351854,-0.0444856326532397,0.0951072146379608,-0.0337477213231473,0.9295963237194236,-0.6613994285726782,-8.392181362820754,-5.38,-371.22,-607.9399999999999,-56.49,-562.21,0.0,0.0959232956896083,0.0,0.2158274153016187,0.0,31,38,37,33,37,6,-132,-219,31,-212,12.8,12.7,12.6,12.5,12.4,-999,-999,-3.92,0.0,0.0,0.0
15.821038007736206,-0.04601961998611,0.1288549359611082,0.0199418353273143,0.9249943617208126,-0.6074589838166531,-7.968734807675752,-0.0444856326532397,0.0981751893037015,-0.0352817086560177,0.9372662603837753,-0.6613994285726782,-8.392181362820754,-5.38,-403.5,-624.08,-43.04,-562.21,0.0,0.0959232956896083,0.0,0.2398082392240208,0.0,31,38,37,34,37,6,-125,-225,25,-212,12.7,12.7,12.6,12.4,12.4,-999,-999,-3.92,0.0,0.0,0.0
15.838207483291626,-0.0444856326532397,0.1303889232939785,0.018407847994444,0.9326642983851644,-0.6059249964837827,-7.956121396351854,-0.0429516453203694,0.1058451259680531,-0.0383496833217584,0.949538159046738,-0.6613994285726782,-8.392181362820754,-5.38,-379.29,-637.53,-72.63,-562.21,0.0,0.0959232956896083,0.0,0.2398082392240208,0.0,31,38,37,34,37,6,-125,-232,31,-212,12.7,12.6,12.6,12.5,12.4,-999,-999,-3.92,0.0,0.0,0.0
15.856048822402954,-0.04601961998611,0.1349908852925895,0.0199418353273143,0.9388002477166456,-0.6074589838166531,-7.968734807675752,-0.0429516453203694,0.1073791133009235,-0.041417657987499,0.9556741083782192,-0.6613994285726782,-8.392181362820754,10.76,-381.98,-659.05,-75.32,-562.21,0.0,0.1199041196120104,0.0,0.287769887068825,0.0,31,38,37,34,37,12,-119,-238,31,-218,12.7,12.7,12.6,12.4,12.3,-999,-999,-3.92,0.0,0.0,0.0
15.873104810714722,-0.04601961998611,0.1380588599583302,0.0199418353273143,0.9449361970481268,-0.6074589838166531,-7.968734807675752,-0.0429516453203694,0.1073791133009235,-0.041417657987499,0.9556741083782192,-0.6613994285726782,-8.392181362820754,-13.45,-408.88,-683.26,-43.04,-559.52,0.0,0.1199041196120104,0.0,0.3117507109912271,0.0,31,38,37,34,38,12,-119,-250,31,-212,12.7,12.4,12.6,12.4,12.4,-999,-999,-3.92,0.0,0.0,0.0
15.89013051986694,-0.04601961998611,0.1411268346240709,0.018407847994444,0.949538159046738,-0.6074589838166531,-7.968734807675752,-0.0429516453203694,0.1104470879666641,-0.0429516453203694,0.9618100577097006,-0.6613994285726782,-8.392181362820754,-18.83,-400.81,-694.02,-56.49,-562.21,0.0,0.1438849435344125,0.0,0.3117507109912271,0.0,31,38,37,34,38,6,-132,-250,37,-218,12.7,12.6,12.6,12.5,12.3,-999,-999,-3.92,0.0,0.0,0.0
15.90710973739624,-0.0444856326532397,0.1426608219569412,0.018407847994444,0.9556741083782192,-0.6074589838166531,-7.968734807675752,-0.0429516453203694,0.1135150626324048,-0.04601961998611,0.967946007041182,-0.6613994285726782,-8.392181362820754,-5.38,-381.98,-677.88,-48.42,-559.52,0.0,0.1438849435344125,0.0,0.3357315349136292,0.0,31,38,37,34,38,12,-125,-263,31,-212,12.7,12.7,12.6,12.5,12.5,-999,-999,-3.92,0.0,0.0,0.0
15.924056053161621,-0.0444856326532397,0.1457287966226819,0.0168738606615736,0.963344045042571,-0.6074589838166531,-7.968734807675752,-0.0429516453203694,0.1165830372981455,-0.050621581984721,0.9740819563726634,-0.6613994285726782,-8.392181362820754,5.38,-373.91,-704.78,-53.8,-556.83,0.0,0.1438849435344125,-0.023980823922402,0.3357315349136292,0.0,31,38,37,34,38,12,-119,-269,31,-212,12.7,12.7,12.6,12.5,12.4,-999,-999,-3.92,0.0,0.0,0.0
15.94103217124939,-0.04601961998611,0.1472627839555522,0.0153398733287033,0.9694799943740524,-0.6074589838166531,-7.968734807675752,-0.0429516453203694,0.1196510119638862,-0.0521555693175914,0.981751893037015,-0.6613994285726782,-8.392181362820754,0.0,-395.43,-720.92,-75.32,-567.59,0.0,0.1438849435344125,-0.0479616478448041,0.3357315349136292,0.0,31,38,37,34,38,12,-119,-269,31,-218,12.7,12.6,12.5,12.5,12.4,-999,-999,-3.92,0.0,0.0,0.0
15.958093404769901,-0.0444856326532397,0.1487967712884225,0.013805885995833,0.9756159437055336,-0.6059249964837827,-7.956121396351854,-0.0429516453203694,0.1211849992967565,-0.0536895566504617,0.9878878423684964,-0.6613994285726782,-8.392181362820754,-16.14,-395.43,-707.47,-67.25,-562.21,0.0,0.1438849435344125,-0.0479616478448041,0.3357315349136292,0.0,31,38,37,34,38,6,-119,-269,31,-218,12.6,12.7,12.7,12.5,12.4,-999,-999,-3.92,0.0,0.0,0.0
15.975057363510132,-0.0444856326532397,0.1518647459541632,0.0122718986629626,0.981751893037015,-0.6074589838166531,-7.968734807675752,-0.0429516453203694,0.1227189866296268,-0.0567575313162024,0.995557779032848,-0.6613994285726782,-8.392181362820754,0.0,-395.43,-664.43,-67.25,-564.9,0.0,0.1438849435344125,-0.0719424717672062,0.3357315349136292,0.0,31,37,38,34,38,6,-125,-275,37,-218,12.7,12.7,12.6,12.5,12.3,-999,-999,-3.92,0.0,0.0,0.0
15.99206447601318,-0.0444856326532397,0.1549327206199039,0.009203923997222,0.9894218297013668,-0.6074589838166531,-7.968734807675752,-0.0429516453203694,0.1257869612953675,-0.0598255059819431,1.0032277156971998,-0.6613994285726782,-8.392181362820754,0.0,-400.81,-680.5699999999999,-61.87,-559.52,0.0,0.1438849435344125,-0.0719424717672062,0.3357315349136292,0.0,31,37,37,34,38,12,-132,-275,43,-218,12.7,12.7,12.6,12.5,12.3,-999,-999,-3.92,0.0,0.0,0.0
16.01005506515503,-0.0444856326532397,0.1564667079527743,0.0061359493314813,0.995557779032848,-0.6074589838166531,-7.968734807675752,-0.0429516453203694,0.1257869612953675,-0.0613594933148134,1.0108976523615514,-0.6613994285726782,-8.392181362820754,0.0,-390.05,-710.16,-51.11,-562.21,0.0,0.1438849435344125,-0.0959232956896083,0.3597123588360313,0.0,31,37,37,34,38,6,-138,-269,50,-212,12.7,12.7,12.6,12.4,12.2,-999,-999,-3.92,0.0,0.0,0.0
16.027108192443844,-0.04601961998611,0.1564667079527743,0.004601961998611,1.0016937283643297,-0.6074589838166531,-7.968734807675752,-0.0429516453203694,0.1288549359611082,-0.0644274679805541,1.0185675890259032,-0.6613994285726782,-8.392181362820754,0.0,-336.25,-688.64,-51.11,-562.21,0.0,0.1199041196120104,-0.1199041196120104,0.3836931827584334,0.0,31,37,37,34,38,6,-125,-275,43,-212,12.7,12.7,12.7,12.5,12.4,-999,-999,-3.92,0.0,0.0,0.0
16.045010328292847,-0.0444856326532397,0.1580006952856446,0.0,1.0108976523615514,-0.6059249964837827,-7.956121396351854,-0.0429516453203694,0.1319229106268489,-0.0690294299791651,1.0339074623546065,-0.6613994285726782,-8.392181362820754,0.0,-384.67,-594.49,-72.63,-559.52,0.0,0.0959232956896083,-0.1438849435344125,0.3836931827584334,0.0,31,37,37,34,38,6,-125,-263,43,-212,12.7,12.7,12.6,12.5,12.4,-999,-999,-3.92,0.0,0.0,0.0
16.06207537651062,-0.04601961998611,0.1595346826185149,-0.004601961998611,1.0170336016930328,-0.6074589838166531,-7.968734807675752,-0.0429516453203694,0.1319229106268489,-0.0690294299791651,1.0339074623546065,-0.6613994285726782,-8.392181362820754,2.69,-365.84,-586.42,-75.32,-567.59,0.0,0.0719424717672062,-0.1678657674568146,0.3836931827584334,0.0,31,37,37,34,38,6,-125,-250,43,-218,12.7,12.7,12.6,12.5,12.3,-999,-999,-3.92,0.0,0.0,0.0
16.0790011882782,-0.0444856326532397,0.1626026572842556,-0.009203923997222,1.0262375256902547,-0.6074589838166531,-7.968734807675752,-0.0429516453203694,0.1319229106268489,-0.0720974046449058,1.041577399018958,-0.6613994285726782,-8.392181362820754,0.0,-403.5,-594.49,-56.49,-559.52,0.0,0.0719424717672062,-0.1918465913792167,0.4076740066808355,0.0,31,38,37,34,38,6,-132,-289,43,-212,12.7,12.6,12.6,12.5,12.4,-999,-999,-3.92,0.0,0.0,0.0
16.09602975845337,-0.0444856326532397,0.1641366446171259,-0.013805885995833,1.0323734750217362,-0.6059249964837827,-7.956121396351854,-0.0444856326532397,0.1349908852925895,-0.0751653793106464,1.0477133483504395,-0.6613994285726782,-8.392181362820754,0.0,-384.67,-556.83,-43.04,-564.9,0.0,0.0719424717672062,-0.2158274153016187,0.4076740066808355,0.0,31,37,37,34,37,0,-125,-244,50,-218,12.7,12.7,12.6,12.5,12.5,-999,-999,-3.92,0.0,0.0,0.0
16.113073587417603,-0.0444856326532397,0.1656706319499963,-0.0168738606615736,1.0385094243532176,-0.6059249964837827,-7.956121396351854,-0.0429516453203694,0.1380588599583302,-0.0766993666435168,1.053849297681921,-0.6613994285726782,-8.392181362820754,10.76,-363.15,-564.9,-34.97,-562.21,0.0,0.0719424717672062,-0.2398082392240208,0.4076740066808355,0.0,31,37,38,35,37,6,-125,-238,50,-212,12.7,12.7,12.6,12.5,12.3,-999,-999,-3.92,0.0,0.0,0.0
16.13002324104309,-0.04601961998611,0.1672046192828666,-0.0214758226601847,1.0461793610175691,-0.6059249964837827,-7.956121396351854,-0.0429516453203694,0.1411268346240709,-0.0782333539763871,1.0615192343462725,-0.6613994285726782,-8.392181362820754,0.0,-355.08,-551.45,-29.59,-564.9,0.0,0.0959232956896083,-0.2398082392240208,0.4076740066808355,0.0,31,38,38,34,38,6,-119,-232,43,-212,12.7,12.7,12.0,12.5,12.5,-999,-999,-3.92,0.0,0.0,0.0
16.14702272415161,-0.0444856326532397,0.1702725939486073,-0.0245437973259253,1.0523153103490506,-0.6074589838166531,-7.968734807675752,-0.041417657987499,0.1441948092898116,-0.0813013286421278,1.0661211963448836,-0.6613994285726782,-8.392181362820754,18.83,-355.08,-551.45,-48.42,-562.21,0.0,0.0959232956896083,-0.2158274153016187,0.3836931827584334,0.0,31,38,37,34,38,12,-119,-225,43,-212,12.8,12.7,12.6,12.5,12.4,-999,-999,-3.92,0.0,0.0,0.0
16.165597200393673,-0.0444856326532397,0.1718065812814776,-0.0260777846587957,1.059985247013402,-0.6074589838166531,-7.968734807675752,-0.041417657987499,0.1503307586212929,-0.0874372779736091,1.0768591076749758,-0.6613994285726782,-8.392181362820754,-21.52,-330.87,-597.18,-43.04,-562.21,0.0,0.0959232956896083,-0.1918465913792167,0.3836931827584334,0.0,31,37,37,34,38,6,-107,-264,37,-212,12.7,12.7,12.6,12.5,12.3,-999,-999,-3.92,0.0,0.0,0.0
16.183120250701904,-0.0429516453203694,0.1748745559472183,-0.0291457593245363,1.0661211963448836,-0.6074589838166531,-7.968734807675752,-0.041417657987499,0.1533987332870336,-0.0905052526393498,1.0829950570064573,-0.6613994285726782,-8.392181362820754,0.0,-363.15,-554.14,-45.73,-564.9,0.0,0.1199041196120104,-0.1678657674568146,0.3597123588360313,0.0,32,37,37,34,38,6,-107,-225,31,-212,12.7,12.7,12.6,12.5,12.3,-999,-999,-3.92,0.0,0.0,0.0
16.200035333633423,-0.0444856326532397,0.1794765179458293,-0.032213733990277,1.0707231583434946,-0.6059249964837827,-7.956121396351854,-0.041417657987499,0.1533987332870336,-0.0905052526393498,1.0829950570064573,-0.6613994285726782,-8.392181362820754,-2.69,-352.39,-605.25,-37.66,-559.52,0.0,0.1438849435344125,-0.1438849435344125,0.3357315349136292,0.0,32,37,37,34,38,6,-113,-270,37,-212,12.8,12.7,12.7,12.5,12.5,-999,-999,-3.92,0.0,0.0,0.0
16.217077493667603,-0.0444856326532397,0.18254449261157,-0.0337477213231473,1.0768591076749758,-0.6074589838166531,-7.968734807675752,-0.0398836706546287,0.1580006952856446,-0.0966412019708311,1.0937329683365495,-0.6613994285726782,-8.392181362820754,0.0,-395.43,-632.15,-43.04,-562.21,0.0,0.1438849435344125,-0.1438849435344125,0.3357315349136292,0.0,32,37,38,34,38,6,-113,-232,37,-212,12.8,12.6,12.6,12.5,12.4,-999,-999,-3.92,0.0,0.0,0.0
16.23402190208435,-0.0429516453203694,0.1856124672773106,-0.0352817086560177,1.081461069673587,-0.6074589838166531,-7.968734807675752,-0.0398836706546287,0.1580006952856446,-0.0966412019708311,1.0937329683365495,-0.6613994285726782,-8.392181362820754,29.59,-373.91,-656.36,-26.9,-564.9,0.0,0.1678657674568146,-0.1199041196120104,0.3117507109912271,0.0,32,37,37,34,38,18,-113,-244,37,-212,12.7,12.7,12.5,12.4,12.4,-999,-999,-3.92,0.0,0.0,0.0
16.251039028167725,-0.0429516453203694,0.1886804419430513,-0.0352817086560177,1.0875970190050683,-0.6074589838166531,-7.968734807675752,-0.0398836706546287,0.1610686699513852,-0.0997091766365718,1.0968009430022905,-0.6613994285726782,-8.392181362820754,10.76,-387.36,-742.4399999999999,-32.28,-564.9,0.0,0.1678657674568146,-0.0959232956896083,0.3117507109912271,0.0,32,37,37,34,38,12,-119,-257,31,-218,12.7,12.7,12.6,12.5,12.4,-999,-999,-3.92,0.0,0.0,0.0
16.268012046813965,-0.0429516453203694,0.191748416608792,-0.036815695988888,1.0921989810036792,-0.6074589838166531,-7.968734807675752,-0.0398836706546287,0.1626026572842556,-0.1027771513023125,1.101402905000901,-0.6613994285726782,-8.392181362820754,18.83,-441.16,-696.71,-43.04,-559.52,0.0,0.1678657674568146,-0.0719424717672062,0.3117507109912271,0.0,31,37,38,34,37,12,-125,-263,31,-212,12.7,12.7,12.6,12.5,12.4,-999,-999,-3.92,0.0,0.0,0.0
16.286173582077026,-0.041417657987499,0.1948163912745326,-0.0383496833217584,1.0968009430022905,-0.6059249964837827,-7.956121396351854,-0.0383496833217584,0.1718065812814776,-0.1089131006337938,1.1106068289981232,-0.6613994285726782,-8.392181362820754,29.59,-384.67,-683.26,-40.35,-567.59,0.0,0.1918465913792167,-0.0719424717672062,0.3117507109912271,0.0,31,37,37,34,38,12,-125,-269,31,-218,12.8,12.7,12.6,12.5,12.3,-999,-999,-3.92,0.0,0.0,0.0
16.303212404251102,-0.041417657987499,0.1978843659402733,-0.041417657987499,1.1029368923337717,-0.6074589838166531,-7.968734807675752,-0.0352817086560177,0.1748745559472183,-0.1104470879666641,1.113674803663864,-0.6613994285726782,-8.392181362820754,10.76,-403.5,-648.29,-69.94,-562.21,0.0,0.1678657674568146,-0.0719424717672062,0.3117507109912271,0.0,30,37,37,33,37,12,-113,-269,25,-212,12.7,12.7,12.6,12.5,12.4,-999,-999,-3.92,0.0,0.0,0.0
16.32015752792358,-0.0398836706546287,0.2024863279388843,-0.0444856326532397,1.1090728416652529,-0.6074589838166531,-7.968734807675752,-0.0352817086560177,0.1794765179458293,-0.1135150626324048,1.118276765662475,-0.6613994285726782,-8.392181362820754,16.14,-425.02,-626.77,-75.32,-567.59,0.023980823922402,0.1678657674568146,-0.0959232956896083,0.3117507109912271,0.0,31,37,37,34,37,12,-119,-263,12,-212,12.7,12.7,12.7,12.5,12.4,-999,-999,-3.92,0.0,0.0,0.0
16.337167501449585,-0.0383496833217584,0.205554302604625,-0.050621581984721,1.1121408163309936,-0.6074589838166531,-7.968734807675752,-0.0352817086560177,0.18254449261157,-0.1150490499652752,1.1213447403282155,-0.6613994285726782,-8.392181362820754,5.38,-400.81,-583.73,-43.04,-564.9,0.023980823922402,0.1918465913792167,-0.1199041196120104,0.287769887068825,0.0,31,37,37,34,37,18,-119,-257,18,-218,12.7,12.7,12.5,12.5,12.5,-999,-999,-3.92,0.0,0.0,0.0
16.354076147079468,-0.0383496833217584,0.2116902519361063,-0.055223543983332,1.1152087909967343,-0.6074589838166531,-7.968734807675752,-0.0352817086560177,0.18254449261157,-0.1150490499652752,1.1213447403282155,-0.6613994285726782,-8.392181362820754,10.76,-449.23,-586.42,-40.35,-562.21,0.0479616478448041,0.1918465913792167,-0.1678657674568146,0.263789063146423,0.0,31,38,37,34,39,12,-119,-244,18,-218,12.8,12.7,12.5,12.6,12.5,-999,-999,-3.92,0.0,0.0,0.0
16.371074438095093,-0.036815695988888,0.2162922139347173,-0.0598255059819431,1.118276765662475,-0.6074589838166531,-7.968734807675752,-0.0352817086560177,0.1871464546101809,-0.1181170246310158,1.1244127149939562,-0.6613994285726782,-8.392181362820754,-2.69,-446.54,-532.62,-5.38,-562.21,0.0479616478448041,0.2158274153016187,-0.2158274153016187,0.2398082392240208,0.0,31,38,37,34,38,6,-125,-244,18,-212,12.8,12.7,12.7,12.5,12.3,-999,-999,-3.92,0.0,0.0,0.0
16.38816142082214,-0.036815695988888,0.219360188600458,-0.0644274679805541,1.1213447403282155,-0.6074589838166531,-7.968734807675752,-0.0337477213231473,0.196350378607403,-0.1242529739624972,1.1290146769925673,-0.6613994285726782,-8.392181362820754,0.0,-422.33,-505.72,-32.28,-567.59,0.0479616478448041,0.2398082392240208,-0.2398082392240208,0.2158274153016187,0.0,31,38,38,33,38,6,-125,-232,12,-212,12.7,12.7,12.6,12.4,12.5,-999,-999,-3.92,0.0,0.0,0.0
16.40507674217224,-0.0352817086560177,0.2224281632661987,-0.0690294299791651,1.1244127149939562,-0.6074589838166531,-7.968734807675752,-0.0337477213231473,0.196350378607403,-0.1242529739624972,1.1290146769925673,-0.6613994285726782,-8.392181362820754,-2.69,-398.12,-524.55,-34.97,-570.28,0.0479616478448041,0.2398082392240208,-0.2398082392240208,0.1918465913792167,0.0,31,38,38,33,37,6,-113,-225,6,-218,12.7,12.8,12.6,12.5,12.5,-999,-999,-3.92,0.0,0.0,0.0
16.422070264816284,-0.0352817086560177,0.2254961379319394,-0.0720974046449058,1.127480689659697,-0.6074589838166531,-7.968734807675752,-0.0337477213231473,0.1994183532731436,-0.1257869612953675,1.1305486643254377,-0.6613994285726782,-8.392181362820754,-5.38,-403.5,-516.48,-26.9,-564.9,0.0479616478448041,0.2158274153016187,-0.2398082392240208,0.1678657674568146,0.0,31,38,38,34,38,6,-113,-213,12,-218,12.8,12.7,12.7,12.3,12.5,-999,-999,-3.92,0.0,0.0,0.0
16.43902659416199,-0.0352817086560177,0.22856411259768,-0.0751653793106464,1.1290146769925673,-0.6059249964837827,-7.956121396351854,-0.0337477213231473,0.2040203152717546,-0.1288549359611082,1.132082651658308,-0.6613994285726782,-8.392181362820754,-2.69,-344.32,-527.24,0.0,-564.9,0.023980823922402,0.2158274153016187,-0.2398082392240208,0.1678657674568146,0.0,31,38,38,34,38,6,-113,-251,12,-218,12.8,12.7,12.7,12.5,12.5,-999,-999,-3.92,0.0,0.0,0.0
16.456008195877075,-0.0352817086560177,0.2316320872634207,-0.0782333539763871,1.132082651658308,-0.6059249964837827,-7.956121396351854,-0.0337477213231473,0.2070882899374953,-0.1303889232939785,1.136684613656919,-0.6613994285726782,-8.392181362820754,-2.69,-363.15,-527.24,0.0,-567.59,0.023980823922402,0.1918465913792167,-0.2158274153016187,0.1438849435344125,0.0,31,38,38,34,38,6,-107,-213,12,-212,12.7,12.7,12.7,12.6,12.3,-999,-999,-3.92,0.0,0.0,0.0
16.4730384349823,-0.0352817086560177,0.2347000619291614,-0.0813013286421278,1.1351506263240487,-0.6074589838166531,-7.968734807675752,-0.0337477213231473,0.210156264603236,-0.1334568979597192,1.1382186009897892,-0.6613994285726782,-8.392181362820754,0.0,-365.84,-500.34,-26.9,-567.59,0.0,0.1918465913792167,-0.1918465913792167,0.1199041196120104,0.0,31,38,38,34,38,6,-50,-213,12,-212,12.7,12.6,12.5,12.6,12.5,-999,-999,-3.92,0.0,0.0,0.0
16.490024089813232,-0.036815695988888,0.2393020239277724,-0.0859032906407388,1.136684613656919,-0.6059249964837827,-7.956121396351854,-0.0337477213231473,0.2132242392689767,-0.1365248726254599,1.1397525883226596,-0.6613994285726782,-8.392181362820754,2.69,-392.74,-486.89,-18.83,-567.59,0.0,0.1918465913792167,-0.1678657674568146,0.1199041196120104,0.0,31,38,38,34,38,6,-107,-213,12,-212,12.8,12.7,12.6,12.6,12.5,-999,-999,-3.92,0.0,0.0,0.0
16.507079601287842,-0.036815695988888,0.2439039859263834,-0.0874372779736091,1.1382186009897892,-0.6059249964837827,-7.956121396351854,-0.0337477213231473,0.2162922139347173,-0.1395928472912005,1.14128657565553,-0.6613994285726782,-8.392181362820754,2.69,-384.67,-527.24,-26.9,-570.28,0.0,0.1918465913792167,-0.1678657674568146,0.1199041196120104,0.0,31,38,37,34,38,12,-57,-213,12,-218,12.9,12.7,12.7,12.6,12.4,-999,-999,-3.92,0.0,0.0,0.0
16.52419090270996,-0.0352817086560177,0.2469719605921241,-0.0905052526393498,1.1397525883226596,-0.6074589838166531,-7.968734807675752,-0.0337477213231473,0.2208941759333283,-0.1441948092898116,1.1443545503212706,-0.6613994285726782,-8.392181362820754,0.0,-422.33,-481.51,-2.69,-570.28,0.0,0.1918465913792167,-0.1678657674568146,0.1199041196120104,0.0,31,38,37,34,38,12,-119,-207,12,-218,12.8,12.7,12.7,12.5,12.5,-999,-999,-3.92,0.0,0.0,0.0
16.543052673339844,-0.0352817086560177,0.2515739225907351,-0.0935732273050904,1.1428205629884003,-0.6074589838166531,-7.968734807675752,-0.0337477213231473,0.2224281632661987,-0.1457287966226819,1.1474225249870114,-0.6613994285726782,-8.392181362820754,2.69,-441.16,-505.72,-37.66,-572.97,0.0,0.2158274153016187,-0.1678657674568146,0.1199041196120104,0.0,32,38,37,34,38,6,-125,-207,6,-218,12.7,12.7,12.7,12.5,12.4,-999,-999,-3.92,0.0,0.0,0.0
16.560056447982788,-0.0352817086560177,0.2546418972564758,-0.0966412019708311,1.1428205629884003,-0.6074589838166531,-7.968734807675752,-0.0337477213231473,0.2224281632661987,-0.1457287966226819,1.1474225249870114,-0.6613994285726782,-8.392181362820754,0.0,-454.61,-524.55,-5.38,-564.9,0.0,0.2158274153016187,-0.1438849435344125,0.0959232956896083,0.0,32,38,37,33,38,6,-138,-200,6,-212,12.8,12.7,12.7,12.6,12.4,-999,-999,-3.92,0.0,0.0,0.0
16.577061653137207,-0.0352817086560177,0.2577098719222164,-0.0981751893037015,1.145888537654141,-0.6074589838166531,-7.968734807675752,-0.032213733990277,0.2254961379319394,-0.1472627839555522,1.150490499652752,-0.6613994285726782,-8.392181362820754,21.52,-459.99,-492.27,-10.76,-564.9,0.0,0.2158274153016187,-0.1438849435344125,0.0959232956896083,0.0,31,38,37,34,38,12,-138,-207,12,-212,12.7,12.7,12.6,12.4,12.5,-999,-999,-3.92,0.0,0.0,0.0
16.59404349327087,-0.0352817086560177,0.2623118339208274,-0.0997091766365718,1.1474225249870114,-0.6074589838166531,-7.968734807675752,-0.0337477213231473,0.2270301252648097,-0.1472627839555522,1.1520244869856224,-0.6613994285726782,-8.392181362820754,-2.69,-451.92,-503.03,-24.21,-567.59,0.0,0.2158274153016187,-0.1199041196120104,0.0959232956896083,0.0,31,37,37,34,38,6,-138,-194,12,-212,12.8,12.7,12.6,12.5,12.5,-999,-999,-3.92,0.0,0.0,0.0
16.611077547073364,-0.0352817086560177,0.2638458212536978,-0.0997091766365718,1.150490499652752,-0.6059249964837827,-7.956121396351854,-0.032213733990277,0.2300980999305504,-0.1472627839555522,1.155092461651363,-0.6613994285726782,-8.392181362820754,24.21,-395.43,-524.55,-5.38,-562.21,0.0,0.1918465913792167,-0.0959232956896083,0.0959232956896083,0.0,31,37,37,34,38,12,-88,-188,12,-212,12.7,12.7,12.6,12.6,12.5,-999,-999,-3.92,0.0,0.0,0.0
16.628095388412472,-0.0337477213231473,0.2653798085865681,-0.0997091766365718,1.1520244869856224,-0.6074589838166531,-7.968734807675752,-0.032213733990277,0.2347000619291614,-0.1503307586212929,1.1581604363171036,-0.6613994285726782,-8.392181362820754,0.0,-406.19,-551.45,-8.07,-570.28,0.0,0.1678657674568146,-0.0719424717672062,0.1199041196120104,0.0,31,37,37,34,38,6,-138,-200,6,-218,12.7,12.7,12.6,12.6,12.5,-999,-999,-3.92,0.0,0.0,0.0
16.64498543739319,-0.0337477213231473,0.2669137959194385,-0.0997091766365718,1.155092461651363,-0.6074589838166531,-7.968734807675752,-0.032213733990277,0.2347000619291614,-0.1503307586212929,1.1581604363171036,-0.6613994285726782,-8.392181362820754,0.0,-390.05,-546.0699999999999,-18.83,-564.9,0.0,0.1438849435344125,-0.0479616478448041,0.1199041196120104,0.0,31,38,37,34,38,6,-132,-194,12,-212,12.8,12.7,12.6,12.5,12.4,-999,-999,-3.92,0.0,0.0,0.0
16.662059545516964,-0.0337477213231473,0.2684477832523088,-0.0997091766365718,1.1566264489842333,-0.6059249964837827,-7.956121396351854,-0.032213733990277,0.2393020239277724,-0.1503307586212929,1.159694423649974,-0.6613994285726782,-8.392181362820754,0.0,-381.98,-556.83,0.0,-570.28,0.0,0.1199041196120104,-0.023980823922402,0.1199041196120104,0.0,31,37,38,33,38,0,-132,-200,12,-218,12.7,12.7,12.6,12.5,12.5,-999,-999,-3.92,0.0,0.0,0.0
16.67902398109436,-0.0337477213231473,0.2699817705851791,-0.1012431639694421,1.1581604363171036,-0.6059249964837827,-7.956121396351854,-0.032213733990277,0.2393020239277724,-0.1503307586212929,1.159694423649974,-0.6613994285726782,-8.392181362820754,-2.69,-368.53,-551.45,-34.97,-567.59,0.0,0.0719424717672062,0.0,0.1199041196120104,0.0,31,37,38,34,38,6,-125,-194,6,-212,12.8,12.7,12.6,12.5,12.5,-999,-999,-3.92,0.0,0.0,0.0
16.69606041908264,-0.0352817086560177,0.2699817705851791,-0.1012431639694421,1.159694423649974,-0.6059249964837827,-7.956121396351854,-0.032213733990277,0.2423699985935131,-0.1503307586212929,1.1612284109828444,-0.6613994285726782,-8.392181362820754,0.0,-330.87,-548.76,-21.52,-567.59,0.0,0.0719424717672062,0.0,0.0959232956896083,0.0,31,37,38,34,38,12,-119,-194,6,-212,12.8,12.7,12.6,12.6,12.4,-999,-999,-3.92,0.0,0.0,0.0
16.712996006011963,-0.0337477213231473,0.2715157579180495,-0.0997091766365718,1.1612284109828444,-0.6074589838166531,-7.968734807675752,-0.032213733990277,0.2423699985935131,-0.1503307586212929,1.1612284109828444,-0.6613994285726782,-8.392181362820754,0.0,-328.18,-554.14,-26.9,-570.28,0.0,0.0719424717672062,0.0,0.0719424717672062,0.0,31,38,37,34,37,6,-119,-200,6,-218,12.8,12.8,12.5,12.5,12.5,-999,-999,-3.92,0.0,0.0,0.0
16.730003595352173,-0.0337477213231473,0.2715157579180495,-0.0997091766365718,1.1612284109828444,-0.6074589838166531,-7.968734807675752,-0.032213733990277,0.2439039859263834,-0.1503307586212929,1.1627623983157147,-0.6613994285726782,-8.392181362820754,2.69,-303.97,-546.0699999999999,-16.14,-564.9,0.0,0.0479616478448041,0.0,0.0479616478448041,0.0,31,38,37,34,37,6,-113,-194,6,-212,12.8,12.8,12.7,12.6,12.5,-999,-999,-3.92,0.0,0.0,0.0
16.747104167938232,-0.0352817086560177,0.2715157579180495,-0.0997091766365718,1.1612284109828444,-0.6059249964837827,-7.956121396351854,-0.0337477213231473,0.2485059479249944,-0.1503307586212929,1.1627623983157147,-0.6613994285726782,-8.392181362820754,0.0,-269.0,-554.14,-18.83,-570.28,0.0,0.023980823922402,0.0,0.0479616478448041,0.0,31,38,37,34,37,0,-50,-200,6,-218,12.8,12.8,12.7,12.6,12.4,-999,-999,-3.92,0.0,0.0,0.0
16.764111042022705,-0.0337477213231473,0.2730497452509198,-0.0997091766365718,1.1612284109828444,-0.6074589838166531,-7.968734807675752,-0.0337477213231473,0.2485059479249944,-0.1518647459541632,1.1627623983157147,-0.6613994285726782,-8.392181362820754,0.0,-336.25,-551.45,-13.45,-567.59,0.0,0.023980823922402,0.0,0.023980823922402,0.0,31,38,37,34,38,0,-100,-200,0,-212,12.8,12.7,12.7,12.5,12.5,-999,-999,-3.92,0.0,0.0,0.0
16.78104305267334,-0.0337477213231473,0.2761177199166604,-0.1012431639694421,1.1612284109828444,-0.6074589838166531,-7.968734807675752,-0.0337477213231473,0.2485059479249944,-0.1518647459541632,1.1627623983157147,-0.6613994285726782,-8.392181362820754,0.0,-368.53,-642.91,-16.14,-572.97,0.0,0.0479616478448041,0.0,0.023980823922402,0.0,31,38,37,34,38,6,-113,-207,6,-218,12.8,12.8,12.7,12.6,12.4,-999,-999,-3.92,0.0,0.0,0.0
16.798139095306393,-0.0337477213231473,0.2776517072495308,-0.1027771513023125,1.1627623983157147,-0.6074589838166531,-7.968734807675752,-0.0337477213231473,0.2515739225907351,-0.1503307586212929,1.164296385648585,-0.6613994285726782,-8.392181362820754,0.0,-347.01,-521.86,-21.52,-567.59,0.0,0.0719424717672062,0.0,0.023980823922402,0.0,31,38,37,34,38,0,-113,-194,0,-212,12.8,12.8,12.7,12.6,12.4,-999,-999,-3.92,0.0,0.0,0.0
16.81509709358215,-0.0337477213231473,0.2791856945824011,-0.1027771513023125,1.1627623983157147,-0.6074589838166531,-7.968734807675752,-0.0337477213231473,0.2515739225907351,-0.1503307586212929,1.164296385648585,-0.6613994285726782,-8.392181362820754,0.0,-381.98,-527.24,-5.38,-572.97,0.0,0.0959232956896083,0.0,0.023980823922402,0.0,31,38,37,34,37,0,-125,-188,6,-218,12.8,12.8,12.6,12.6,12.5,-999,-999,-3.92,0.0,0.0,0.0
16.83208155632019,-0.0337477213231473,0.2807196819152714,-0.1027771513023125,1.1627623983157147,-0.6059249964837827,-7.956121396351854,-0.0337477213231473,0.2515739225907351,-0.1503307586212929,1.164296385648585,-0.6613994285726782,-8.392181362820754,0.0,-355.08,-521.86,-5.38,-570.28,0.0,0.0959232956896083,-0.023980823922402,0.023980823922402,0.0,31,38,37,34,37,0,-125,-188,6,-218,12.8,12.7,12.7,12.6,12.4,-999,-999,-3.92,0.0,0.0,0.0
16.848984956741333,-0.0352817086560177,0.2822536692481418,-0.1027771513023125,1.1627623983157147,-0.6074589838166531,-7.968734807675752,-0.0337477213231473,0.2515739225907351,-0.1518647459541632,1.164296385648585,-0.6613994285726782,-8.392181362820754,0.0,-381.98,-551.45,0.0,-564.9,0.0,0.0959232956896083,-0.023980823922402,0.0,0.0,31,38,37,34,37,0,-132,-200,0,-212,12.8,12.7,12.7,12.5,12.5,-999,-999,-3.92,0.0,0.0,0.0
16.86598253250122,-0.0352817086560177,0.2822536692481418,-0.1027771513023125,1.164296385648585,-0.6059249964837827,-7.956121396351854,-0.0337477213231473,0.2531079099236054,-0.1518647459541632,1.164296385648585,-0.6613994285726782,-8.392181362820754,0.0,-349.7,-575.66,-10.76,-567.59,0.0,0.0719424717672062,0.0,0.0,0.0,31,38,37,34,37,0,-132,-200,0,-212,12.8,12.7,12.7,12.6,12.4,-999,-999,-3.92,0.0,0.0,0.0
16.883007287979126,-0.0337477213231473,0.2837876565810122,-0.1027771513023125,1.164296385648585,-0.6059249964837827,-7.956121396351854,-0.0352817086560177,0.2531079099236054,-0.1503307586212929,1.164296385648585,-0.6613994285726782,-8.392181362820754,0.0,-387.36,-540.6899999999999,-21.52,-570.28,0.0,0.0479616478448041,0.0,0.0,0.0,31,38,37,34,37,-7,-125,-194,-7,-212,12.8,12.7,12.7,12.6,12.4,-999,-999,-3.92,0.0,0.0,0.0
16.900007247924805,-0.0337477213231473,0.2853216439138825,-0.1027771513023125,1.1658303729814554,-0.6074589838166531,-7.968734807675752,-0.0337477213231473,0.2546418972564758,-0.1503307586212929,1.164296385648585,-0.6613994285726782,-8.392181362820754,0.0,-376.6,-527.24,-10.76,-564.9,0.0,0.0479616478448041,0.0,0.023980823922402,0.0,31,38,37,34,37,0,-125,-188,-7,-212,12.8,12.7,12.5,12.6,12.5,-999,-999,-3.92,0.0,0.0,0.0
16.91712713241577,-0.0337477213231473,0.2868556312467528,-0.1027771513023125,1.1658303729814554,-0.6074589838166531,-7.968734807675752,-0.0337477213231473,0.2546418972564758,-0.1518647459541632,1.164296385648585,-0.6613994285726782,-8.392181362820754,0.0,-384.67,-562.21,-5.38,-564.9,0.0,0.0479616478448041,0.0,0.023980823922402,0.0,31,38,37,34,37,6,-132,-200,-7,-212,12.8,12.7,12.7,12.6,12.4,-999,-999,-3.92,0.0,0.0,0.0
16.933979511260986,-0.0337477213231473,0.2883896185796232,-0.1027771513023125,1.1658303729814554,-0.6059249964837827,-7.956121396351854,-0.0337477213231473,0.2546418972564758,-0.1518647459541632,1.164296385648585,-0.6613994285726782,-8.392181362820754,0.0,-379.29,-562.21,-5.38,-567.59,0.0,0.0719424717672062,0.0,0.023980823922402,0.0,31,37,38,34,38,0,-138,-207,-7,-218,12.8,12.7,12.6,12.5,12.5,-999,-999,-3.92,0.0,0.0,0.0
16.95096182823181,-0.0337477213231473,0.2883896185796232,-0.1027771513023125,1.1658303729814554,-0.6074589838166531,-7.968734807675752,-0.0337477213231473,0.2546418972564758,-0.1518647459541632,1.164296385648585,-0.6613994285726782,-8.392181362820754,0.0,-368.53,-556.83,-8.07,-567.59,0.0,0.0719424717672062,0.0,0.0,0.0,31,37,38,34,38,0,-138,-200,-7,-212,12.8,12.7,12.6,12.6,12.5,-999,-999,-3.92,0.0,0.0,0.0
16.968107938766472,-0.0337477213231473,0.2883896185796232,-0.1027771513023125,1.1658303729814554,-0.6059249964837827,-7.956121396351854,-0.0337477213231473,0.2561758845893461,-0.1518647459541632,1.164296385648585,-0.6613994285726782,-8.392181362820754,0.0,-355.08,-556.83,-5.38,-572.97,0.0,0.0479616478448041,0.0,0.0,0.0,31,37,38,34,38,6,-132,-200,-7,-218,12.8,12.6,12.7,12.6,12.4,-999,-999,-3.92,0.0,0.0,0.0
16.985147953033447,-0.0337477213231473,0.2883896185796232,-0.1027771513023125,1.164296385648585,-0.6074589838166531,-7.968734807675752,-0.0337477213231473,0.2561758845893461,-0.1518647459541632,1.164296385648585,-0.6613994285726782,-8.392181362820754,0.0,-352.39,-562.21,-5.38,-564.9,0.0,0.023980823922402,0.0,0.0,0.0,31,37,37,34,38,0,-132,-207,0,-212,12.8,12.7,12.6,12.5,12.5,-999,-999,-3.92,0.0,0.0,0.0
17.002093076705933,-0.0337477213231473,0.2883896185796232,-0.1027771513023125,1.164296385648585,-0.6059249964837827,-7.956121396351854,-0.0337477213231473,0.2577098719222164,-0.1518647459541632,1.164296385648585,-0.6613994285726782,-8.392181362820754,0.0,-349.7,-564.9,-8.07,-570.28,0.0,0.0,0.0,0.0,0.0,31,37,37,34,38,0,-132,-200,-7,-212,12.8,12.7,12.6,12.6,12.5,-999,-999,-3.92,0.0,0.0,0.0
17.01903200149536,-0.0352817086560177,0.2883896185796232,-0.1027771513023125,1.164296385648585,-0.6074589838166531,-7.968734807675752,-0.0337477213231473,0.2577098719222164,-0.1518647459541632,1.164296385648585,-0.6613994285726782,-8.392181362820754,0.0,-330.87,-559.52,-8.07,-564.9,0.0,0.0,0.0,0.0,0.0,31,37,37,34,38,6,-125,-200,-7,-212,12.8,12.8,12.6,12.6,12.5,-999,-999,-3.92,0.0,0.0,0.0
17.035989999771118,-0.0337477213231473,0.2883896185796232,-0.1027771513023125,1.164296385648585,-0.6059249964837827,-7.956121396351854,-0.0337477213231473,0.2592438592550868,-0.1518647459541632,1.164296385648585,-0.6613994285726782,-8.392181362820754,0.0,-328.18,-556.83,-8.07,-567.59,0.0,0.0,0.0,0.0,0.0,31,37,37,34,37,0,-119,-200,-7,-212,12.8,12.7,12.6,12.6,12.5,-999,-999,-3.92,0.0,0.0,0.0
17.05297374725342,-0.0337477213231473,0.2883896185796232,-0.1027771513023125,1.1658303729814554,-0.6074589838166531,-7.968734807675752,-0.032213733990277,0.2592438592550868,-0.1518647459541632,1.164296385648585,-0.6613994285726782,-8.392181362820754,43.04,-341.63,-556.83,-8.07,-570.28,0.0,0.0,0.0,0.0,0.0,31,37,37,34,37,6,-119,-200,-7,-218,12.8,12.8,12.7,12.6,12.4,-999,-999,-3.92,0.0,0.0,0.0
17.070003986358643,-0.0337477213231473,0.2899236059124935,-0.1027771513023125,1.1658303729814554,-0.6074589838166531,-7.968734807675752,-0.032213733990277,0.2607778465879571,-0.1518647459541632,1.164296385648585,-0.6613994285726782,-8.392181362820754,0.0,-330.87,-556.83,-8.07,-572.97,0.0,0.0,0.0,0.0,0.0,31,37,37,34,38,6,-119,-200,0,-218,12.8,12.8,12.7,12.5,12.5,-999,-999,-3.92,0.0,0.0,0.0
17.086978197097782,-0.0337477213231473,0.2899236059124935,-0.1027771513023125,1.1658303729814554,-0.6059249964837827,-7.956121396351854,-0.032213733990277,0.2623118339208274,-0.1518647459541632,1.164296385648585,-0.6613994285726782,-8.392181362820754,0.0,-328.18,-556.83,-5.38,-570.28,0.0,0.0,0.0,0.0,0.0,31,37,37,34,38,6,-113,-200,-7,-218,12.7,12.7,12.7,12.6,12.5,-999,-999,-3.92,0.0,0.0,0.0
17.10400629043579,-0.0337477213231473,0.2914575932453638,-0.1027771513023125,1.164296385648585,-0.6059249964837827,-7.956121396351854,-0.032213733990277,0.2623118339208274,-0.1518647459541632,1.164296385648585,-0.6613994285726782,-8.392181362820754,2.69,-330.87,-559.52,-5.38,-567.59,0.0,0.023980823922402,0.0,0.0,0.0,31,38,37,34,38,12,-119,-200,-7,-212,12.8,12.6,12.7,12.6,12.4,-999,-999,-3.92,0.0,0.0,0.0
17.12107539176941,-0.0337477213231473,0.2929915805782341,-0.1027771513023125,1.1658303729814554,-0.6059249964837827,-7.956121396351854,-0.032213733990277,0.2638458212536978,-0.1518647459541632,1.164296385648585,-0.6613994285726782,-8.392181362820754,0.0,-363.15,-559.52,-8.07,-570.28,0.0,0.023980823922402,0.0,0.0,0.0,31,38,37,34,38,0,-119,-200,-7,-218,12.8,12.7,12.7,12.6,12.5,-999,-999,-3.92,0.0,0.0,0.0
17.13797378540039,-0.0337477213231473,0.2945255679111045,-0.1027771513023125,1.1658303729814554,-0.6074589838166531,-7.968734807675752,-0.032213733990277,0.2638458212536978,-0.1518647459541632,1.164296385648585,-0.6613994285726782,-8.392181362820754,13.45,-368.53,-559.52,-8.07,-564.9,0.0,0.0479616478448041,0.0,0.0,0.0,31,38,37,34,38,6,-125,-200,-7,-212,12.8,12.7,12.5,12.6,12.5,-999,-999,-3.92,0.0,0.0,0.0
17.15496850013733,-0.0337477213231473,0.2960595552439748,-0.1027771513023125,1.1658303729814554,-0.6059249964837827,-7.956121396351854,-0.032213733990277,0.2638458212536978,-0.1518647459541632,1.164296385648585,-0.6613994285726782,-8.392181362820754,0.0,-408.88,-559.52,-5.38,-567.59,0.0,0.0479616478448041,0.0,0.0,0.0,31,38,38,34,38,6,-132,-200,0,-212,12.8,12.8,12.5,12.6,12.5,-999,-999,-3.92,0.0,0.0,0.0
17.172105312347412,-0.0352817086560177,0.2975935425768451,-0.1027771513023125,1.1658303729814554,-0.6074589838166531,-7.968734807675752,-0.032213733990277,0.2638458212536978,-0.1518647459541632,1.164296385648585,-0.6613994285726782,-8.392181362820754,0.0,-403.5,-556.83,-8.07,-567.59,0.0,0.0719424717672062,0.0,0.0,0.0,31,38,37,34,38,6,-138,-200,-7,-212,12.8,12.8,12.6,12.5,12.5,-999,-999,-3.92,0.0,0.0,0.0
17.1890823841095,-0.0337477213231473,0.2991275299097155,-0.1027771513023125,1.1658303729814554,-0.6074589838166531,-7.968734807675752,-0.032213733990277,0.2638458212536978,-0.1518647459541632,1.164296385648585,-0.6613994285726782,-8.392181362820754,2.69,-425.02,-556.83,-8.07,-570.28,0.0,0.0719424717672062,0.0,0.0,0.0,31,38,37,34,38,6,-144,-200,0,-212,12.8,12.7,12.6,12.5,12.4,-999,-999,-3.92,0.0,0.0,0.0
17.205976486206062,-0.0337477213231473,0.3006615172425858,-0.1027771513023125,1.1658303729814554,-0.6059249964837827,-7.956121396351854,-0.032213733990277,0.2653798085865681,-0.1518647459541632,1.164296385648585,-0.6613994285726782,-8.392181362820754,0.0,-403.5,-559.52,-5.38,-572.97,0.0,0.0719424717672062,0.0,0.0,0.0,31,38,37,34,37,6,-138,-200,-7,-212,12.7,12.7,12.6,12.6,12.5,-999,-999,-3.92,0.0,0.0,0.0
17.223055601119995,-0.0337477213231473,0.3006615172425858,-0.1027771513023125,1.1658303729814554,-0.6059249964837827,-7.956121396351854,-0.032213733990277,0.2653798085865681,-0.1518647459541632,1.164296385648585,-0.6613994285726782,-8.392181362820754,0.0,-400.81,-559.52,-8.07,-567.59,0.0,0.0719424717672062,0.0,0.0,0.0,31,38,37,34,37,6,-144,-200,-7,-218,12.8,12.7,12.7,12.6,12.5,-999,-999,-3.92,0.0,0.0,0.0
17.2400484085083,-0.0337477213231473,0.3021955045754562,-0.1027771513023125,1.1658303729814554,-0.6074589838166531,-7.968734807675752,-0.0306797466574067,0.2669137959194385,-0.1518647459541632,1.164296385648585,-0.6613994285726782,-8.392181362820754,21.52,-430.4,-556.83,-8.07,-567.59,0.0,0.0479616478448041,0.0,0.0,0.0,31,38,36,34,38,12,-138,-200,0,-212,12.7,12.7,12.6,12.5,12.4,-999,-999,-3.92,0.0,0.0,0.0
17.257919311523438,-0.032213733990277,0.3006615172425858,-0.1027771513023125,1.1658303729814554,-0.6074589838166531,-7.968734807675752,-0.0306797466574067,0.2684477832523088,-0.1518647459541632,1.164296385648585,-0.6613994285726782,-8.392181362820754,8.07,-371.22,-562.21,-8.07,-570.28,0.0,0.023980823922402,0.0,0.0,0.0,31,38,37,34,38,12,-132,-200,-7,-218,12.8,12.7,12.6,12.4,12.5,-999,-999,-3.92,0.0,0.0,0.0
17.274948835372925,-0.0337477213231473,0.3021955045754562,-0.1027771513023125,1.1658303729814554,-0.6059249964837827,-7.956121396351854,-0.0291457593245363,0.2684477832523088,-0.1518647459541632,1.164296385648585,-0.6613994285726782,-8.392181362820754,45.73,-387.36,-556.83,-8.07,-564.9,0.0,0.023980823922402,0.0,0.0,0.0,31,38,37,34,38,18,-138,-200,-7,-212,12.8,12.7,12.6,12.5,12.4,-999,-999,-3.92,0.0,0.0,0.0
17.291998624801632,-0.032213733990277,0.3021955045754562,-0.1027771513023125,1.1658303729814554,-0.6059249964837827,-7.956121396351854,-0.0291457593245363,0.2684477832523088,-0.1518647459541632,1.164296385648585,-0.6613994285726782,-8.392181362820754,13.45,-368.53,-559.52,-8.07,-564.9,0.0,0.023980823922402,0.0,0.0,0.0,31,38,37,34,37,12,-138,-200,-7,-212,12.8,12.7,12.7,12.6,12.5,-999,-999,-3.92,0.0,0.0,0.0
17.3089702129364,-0.032213733990277,0.3021955045754562,-0.1027771513023125,1.1658303729814554,-0.6074589838166531,-7.968734807675752,-0.027611771991666,0.2699817705851791,-0.1518647459541632,1.164296385648585,-0.6613994285726782,-8.392181362820754,21.52,-352.39,-556.83,-5.38,-572.97,0.0,0.0,0.0,0.0,0.0,31,38,37,34,37,18,-132,-200,-7,-218,12.8,12.6,12.7,12.6,12.4,-999,-999,-3.92,0.0,0.0,0.0
17.325955390930176,-0.0306797466574067,0.3021955045754562,-0.1027771513023125,1.1658303729814554,-0.6059249964837827,-7.956121396351854,-0.027611771991666,0.2699817705851791,-0.1518647459541632,1.164296385648585,-0.6613994285726782,-8.392181362820754,10.76,-352.39,-556.83,-5.38,-570.28,0.023980823922402,0.0,0.0,0.0,0.0,31,38,37,34,37,12,-132,-200,-7,-218,12.8,12.7,12.7,12.5,12.5,-999,-999,-3.92,0.0,0.0,0.0
