timestamp,pos1,pos2,pos3,pos4,pos5,aperture,goal_pos1,goal_pos2,goal_pos3,goal_pos4,goal_pos5,goal_aperture,current1,current2,current3,current4,current5,vel1,vel2,vel3,vel4,vel5,temp1,temp2,temp3,temp4,temp5,pwm1,pwm2,pwm3,pwm4,pwm5,volts1,volts2,volts3,volts4,volts5,force_x,force_y,force_z,force_gripper_x,force_gripper_y,force_gripper_z
0.0,-0.0153398733287033,0.196350378607403,-0.0613594933148134,1.219519929631917,-0.6227988571453564,-8.093105273542411,-0.013805885995833,0.1779425306129589,-0.0751653793106464,1.219519929631917,-0.6844092385657332,-8.561290244490733,0.0,-236.72,-137.19,-16.14,-659.05,0.0,0.0,0.0,0.0,0.0,32,38,37,36,40,6,-82,-50,-13,-243,12.8,12.8,12.7,12.6,12.5,-999,-999,-1.96,0.0,0.0,0.0
0.017003297805786133,-0.0153398733287033,0.196350378607403,-0.0613594933148134,1.219519929631917,-0.6227988571453564,-8.093105273542411,-0.013805885995833,0.1779425306129589,-0.0751653793106464,1.2179859422990469,-0.6844092385657332,-8.561290244490733,0.0,-217.89,-139.88,-16.14,-653.67,0.0,0.0,0.0,0.0,0.0,32,38,37,36,40,6,-75,-50,-7,-243,12.8,12.8,12.7,12.6,12.5,-999,-999,-1.96,0.0,0.0,0.0
0.03399085998535156,-0.0153398733287033,0.196350378607403,-0.0613594933148134,1.219519929631917,-0.6227988571453564,-8.093105273542411,-0.013805885995833,0.1764085432800886,-0.0751653793106464,1.2179859422990469,-0.6844092385657332,-8.561290244490733,0.0,-215.2,-139.88,-13.45,-650.98,0.0,0.0,0.0,0.0,0.0,32,38,37,36,40,6,-75,-50,-13,-243,12.8,12.8,12.7,12.7,12.6,-999,-999,-1.96,0.0,0.0,0.0
0.05100107192993164,-0.0153398733287033,0.196350378607403,-0.0613594933148134,1.219519929631917,-0.6227988571453564,-8.093105273542411,-0.013805885995833,0.1779425306129589,-0.0751653793106464,1.2179859422990469,-0.6844092385657332,-8.561290244490733,0.0,-234.03,-142.57,-16.14,-659.05,0.0,0.0,0.0,0.0,0.0,32,38,37,36,40,6,-82,-50,-7,-250,12.8,12.8,12.7,12.6,12.5,-999,-999,-1.96,0.0,0.0,0.0
0.06799149513244629,-0.0153398733287033,0.196350378607403,-0.0613594933148134,1.219519929631917,-0.6227988571453564,-8.093105273542411,-0.013805885995833,0.1779425306129589,-0.0751653793106464,1.2179859422990469,-0.6844092385657332,-8.561290244490733,0.0,-220.58,-142.57,-16.14,-653.67,0.0,0.0,0.0,0.0,0.0,32,38,37,36,40,6,-75,-50,-13,-243,12.8,12.9,12.5,12.8,12.6,-999,-999,-1.96,0.0,0.0,0.0
0.08496952056884766,-0.0153398733287033,0.196350378607403,-0.0613594933148134,1.219519929631917,-0.6227988571453564,-8.093105273542411,-0.013805885995833,0.1779425306129589,-0.0751653793106464,1.2164519549661763,-0.6844092385657332,-8.561290244490733,0.0,-215.2,-139.88,-13.45,-653.67,0.0,0.0,0.0,0.0,0.0,32,38,37,36,40,6,-75,-50,-13,-243,12.8,12.9,12.7,12.7,12.5,-999,-999,-1.96,0.0,0.0,0.0
0.10199236869812023,-0.0153398733287033,0.196350378607403,-0.0613594933148134,1.219519929631917,-0.6227988571453564,-8.093105273542411,-0.013805885995833,0.1764085432800886,-0.0751653793106464,1.2164519549661763,-0.6844092385657332,-8.561290244490733,0.0,-215.2,-137.19,-8.07,-653.67,0.0,0.0,0.0,0.0,0.0,32,38,37,36,40,6,-75,-50,-13,-243,12.8,12.8,12.7,12.6,12.4,-999,-999,-1.96,0.0,0.0,0.0
0.11905050277709961,-0.0153398733287033,0.196350378607403,-0.0613594933148134,1.219519929631917,-0.6227988571453564,-8.093105273542411,-0.013805885995833,0.1779425306129589,-0.0751653793106464,1.2149179676333062,-0.6844092385657332,-8.561290244490733,0.0,-236.72,-139.88,-2.69,-653.67,0.0,0.0,0.0,0.0,0.0,32,38,37,36,40,6,-82,-50,-13,-243,12.8,12.8,12.6,12.7,12.6,-999,-999,-1.96,0.0,0.0,0.0
0.13599157333374023,-0.0153398733287033,0.196350378607403,-0.0613594933148134,1.219519929631917,-0.6227988571453564,-8.093105273542411,-0.013805885995833,0.1764085432800886,-0.0751653793106464,1.2133839803004358,-0.6844092385657332,-8.561290244490733,0.0,-215.2,-137.19,-51.11,-650.98,0.0,0.0,0.0,0.0,0.0,32,38,37,36,40,6,-75,-50,-19,-243,12.8,12.8,12.7,12.6,12.5,-999,-999,-1.96,0.0,0.0,0.0
0.1529850959777832,-0.0153398733287033,0.196350378607403,-0.0613594933148134,1.219519929631917,-0.6227988571453564,-8.093105273542411,-0.0153398733287033,0.1764085432800886,-0.0751653793106464,1.2118499929675657,-0.6844092385657332,-8.561290244490733,0.0,-236.72,-137.19,-40.35,-656.36,0.0,0.0,0.0,0.0,0.0,32,38,37,36,40,6,-82,-44,-25,-243,12.8,12.8,12.7,12.6,12.5,-999,-999,-1.96,0.0,0.0,0.0
0.17003297805786144,-0.0153398733287033,0.196350378607403,-0.0613594933148134,1.2179859422990469,-0.6227988571453564,-8.093105273542411,-0.0153398733287033,0.1779425306129589,-0.0751653793106464,1.210316005634695,-0.6844092385657332,-8.561290244490733,0.0,-234.03,-142.57,-40.35,-650.98,0.0,0.0,0.0,0.0,0.0,32,38,37,36,40,0,-82,-50,-25,-243,12.8,12.8,12.7,12.6,12.6,-999,-999,-1.96,0.0,0.0,0.0
0.1869847774505614,-0.0153398733287033,0.196350378607403,-0.0613594933148134,1.2164519549661763,-0.6212648698124861,-8.080811670411755,-0.0153398733287033,0.1764085432800886,-0.0751653793106464,1.2087820183018247,-0.6844092385657332,-8.561290244490733,0.0,-220.58,-142.57,-37.66,-653.67,0.0,0.0,0.0,-0.023980823922402,0.0,32,38,37,36,40,0,-75,-50,-25,-243,12.8,12.8,12.7,12.6,12.5,-999,-999,-1.96,0.0,0.0,0.0
0.203995943069458,-0.0168738606615736,0.196350378607403,-0.0613594933148134,1.2149179676333062,-0.6227988571453564,-8.093105273542411,-0.0153398733287033,0.1764085432800886,-0.0751653793106464,1.2072480309689544,-0.6844092385657332,-8.561290244490733,0.0,-239.41,-139.88,-32.28,-653.67,0.0,0.0,0.0,-0.0479616478448041,0.0,32,38,37,36,40,0,-82,-50,-25,-250,12.8,12.8,12.7,12.6,12.4,-999,-999,-1.96,0.0,0.0,0.0
0.22103595733642578,-0.0153398733287033,0.196350378607403,-0.0613594933148134,1.2133839803004358,-0.6227988571453564,-8.093105273542411,-0.0168738606615736,0.1764085432800886,-0.0751653793106464,1.205714043636084,-0.6844092385657332,-8.561290244490733,0.0,-239.41,-139.88,-16.14,-653.67,0.0,0.0,0.0,-0.0719424717672062,0.0,32,38,37,36,40,0,-82,-50,-25,-243,12.8,12.8,12.7,12.6,12.5,-999,-999,-1.96,0.0,0.0,0.0
0.23798680305480935,-0.0153398733287033,0.196350378607403,-0.0613594933148134,1.2118499929675657,-0.6227988571453564,-8.093105273542411,-0.0153398733287033,0.1764085432800886,-0.0751653793106464,1.202646068970343,-0.6844092385657332,-8.561290244490733,0.0,-236.72,-139.88,-32.28,-650.98,0.0,0.0,0.0,-0.0719424717672062,0.0,32,38,37,36,40,-7,-82,-50,-25,-243,12.8,12.7,12.7,12.6,12.5,-999,-999,-1.96,0.0,0.0,0.0
0.2549877166748047,-0.0153398733287033,0.196350378607403,-0.0613594933148134,1.210316005634695,-0.6227988571453564,-8.093105273542411,-0.0153398733287033,0.1764085432800886,-0.0751653793106464,1.2011120816374732,-0.6844092385657332,-8.561290244490733,0.0,-236.72,-139.88,-67.25,-653.67,0.0,0.0,0.0,-0.0719424717672062,0.0,32,38,37,36,40,6,-82,-50,-57,-243,12.8,12.8,12.7,12.6,12.5,-999,-999,-1.96,0.0,0.0,0.0
0.27202677726745605,-0.0153398733287033,0.196350378607403,-0.0613594933148134,1.2072480309689544,-0.6227988571453564,-8.093105273542411,-0.0153398733287033,0.1779425306129589,-0.0751653793106464,1.196510119638862,-0.6844092385657332,-8.561290244490733,-2.69,-236.72,-139.88,-37.66,-650.98,0.0,0.0,0.0,-0.0719424717672062,0.0,32,38,37,36,40,0,-82,-50,-32,-243,12.8,12.7,12.8,12.6,12.4,-999,-999,-1.96,0.0,0.0,0.0
0.28902554512023926,-0.0153398733287033,0.196350378607403,-0.0613594933148134,1.205714043636084,-0.6227988571453564,-8.093105273542411,-0.0168738606615736,0.1764085432800886,-0.0751653793106464,1.1934421449731214,-0.6844092385657332,-8.561290244490733,-2.69,-217.89,-142.57,-48.42,-653.67,0.0,0.0,0.0,-0.0719424717672062,0.0,32,38,37,36,40,0,-75,-50,-38,-243,12.8,12.8,12.7,12.6,12.6,-999,-999,-1.96,0.0,0.0,0.0
0.3060340881347656,-0.0153398733287033,0.196350378607403,-0.0613594933148134,1.202646068970343,-0.6227988571453564,-8.093105273542411,-0.0168738606615736,0.1764085432800886,-0.0751653793106464,1.191908157640251,-0.6844092385657332,-8.561290244490733,0.0,-239.41,-139.88,-43.04,-650.98,0.0,0.0,0.0,-0.0959232956896083,0.0,32,39,37,36,40,-7,-82,-50,-38,-243,12.8,12.8,12.7,12.6,12.5,-999,-999,-1.96,0.0,0.0,0.0
0.32302260398864746,-0.0153398733287033,0.196350378607403,-0.0613594933148134,1.2011120816374732,-0.6227988571453564,-8.093105273542411,-0.0168738606615736,0.1764085432800886,-0.0751653793106464,1.18730619564164,-0.6844092385657332,-8.561290244490733,0.0,-236.72,-142.57,-51.11,-650.98,0.0,0.0,0.0,-0.1199041196120104,0.0,32,38,37,36,40,-7,-82,-50,-38,-243,12.8,12.8,12.9,12.6,12.5,-999,-999,-1.96,0.0,0.0,0.0
0.3400256633758545,-0.0153398733287033,0.196350378607403,-0.0613594933148134,1.1980441069717325,-0.6227988571453564,-8.093105273542411,-0.0168738606615736,0.1779425306129589,-0.0751653793106464,1.1842382209758997,-0.6844092385657332,-8.561290244490733,0.0,-236.72,-137.19,-56.49,-650.98,0.0,0.0,0.0,-0.1199041196120104,0.0,32,38,37,36,40,0,-82,-50,-44,-243,12.8,12.8,12.7,12.6,12.6,-999,-999,-1.96,0.0,0.0,0.0
0.35701537132263184,-0.0153398733287033,0.196350378607403,-0.0613594933148134,1.1949761323059918,-0.6227988571453564,-8.093105273542411,-0.018407847994444,0.1764085432800886,-0.0751653793106464,1.1811702463101588,-0.6844092385657332,-8.561290244490733,0.0,-220.58,-142.57,-43.04,-650.98,0.0,0.0,0.0,-0.1438849435344125,0.0,32,38,37,36,40,-7,-75,-50,-44,-243,12.8,12.8,12.7,12.6,12.5,-999,-999,-1.96,0.0,0.0,0.0
0.37397313117980935,-0.0153398733287033,0.196350378607403,-0.0613594933148134,1.191908157640251,-0.6227988571453564,-8.093105273542411,-0.018407847994444,0.1764085432800886,-0.0751653793106464,1.1765682843115477,-0.6844092385657332,-8.561290244490733,26.9,-236.72,-139.88,-48.42,-650.98,0.0,0.0,0.0,-0.1438849435344125,0.0,32,38,37,36,40,-13,-82,-50,-44,-243,12.9,12.8,12.7,12.6,12.6,-999,-999,-1.96,0.0,0.0,0.0
0.39097023010253906,-0.0153398733287033,0.196350378607403,-0.0613594933148134,1.1888401829745103,-0.6227988571453564,-8.093105273542411,-0.018407847994444,0.1779425306129589,-0.0751653793106464,1.1719663223129366,-0.6844092385657332,-8.561290244490733,37.66,-236.72,-139.88,-51.11,-650.98,0.0,0.0,0.0,-0.1438849435344125,0.0,31,38,37,36,40,-13,-82,-50,-50,-243,12.9,12.8,12.7,12.6,12.5,-999,-999,-1.96,0.0,0.0,0.0
0.4079740047454834,-0.0153398733287033,0.196350378607403,-0.0613594933148134,1.1842382209758997,-0.6227988571453564,-8.093105273542411,-0.018407847994444,0.1764085432800886,-0.0751653793106464,1.168898347647196,-0.6844092385657332,-8.561290244490733,43.04,-215.2,-139.88,-72.63,-650.98,0.0,0.0,0.0,-0.1678657674568146,0.0,31,38,37,36,40,-13,-75,-50,-76,-243,12.9,12.8,12.7,12.6,12.4,-999,-999,-1.96,0.0,0.0,0.0
0.42497730255126953,-0.0168738606615736,0.196350378607403,-0.0613594933148134,1.1811702463101588,-0.6227988571453564,-8.093105273542411,-0.0199418353273143,0.1764085432800886,-0.0751653793106464,1.1627623983157147,-0.6844092385657332,-8.561290244490733,0.0,-236.72,-139.88,-48.42,-653.67,0.0,0.0,0.0,-0.1678657674568146,0.0,31,38,37,36,40,-7,-82,-50,-50,-243,12.9,12.8,12.7,12.6,12.6,-999,-999,-1.96,0.0,0.0,0.0
0.4419693946838379,-0.0168738606615736,0.196350378607403,-0.0613594933148134,1.178102271644418,-0.6227988571453564,-8.093105273542411,-0.018407847994444,0.1779425306129589,-0.0751653793106464,1.159694423649974,-0.6844092385657332,-8.561290244490733,32.28,-239.41,-139.88,-53.8,-650.98,0.0,0.0,0.0,-0.1918465913792167,0.0,31,38,37,36,40,-13,-82,-50,-57,-243,12.8,12.8,12.7,12.6,12.6,-999,-999,-1.96,0.0,0.0,0.0
0.45897722244262695,-0.018407847994444,0.196350378607403,-0.0613594933148134,1.173500309645807,-0.6227988571453564,-8.093105273542411,-0.0199418353273143,0.1764085432800886,-0.0751653793106464,1.155092461651363,-0.6844092385657332,-8.561290244490733,0.0,-217.89,-139.88,-56.49,-648.29,0.0,0.0,0.0,-0.1918465913792167,0.0,31,38,37,36,40,-7,-75,-50,-57,-243,12.7,12.8,12.7,12.6,12.5,-999,-999,-1.96,0.0,0.0,0.0
0.4759676456451416,-0.018407847994444,0.196350378607403,-0.0613594933148134,1.168898347647196,-0.6227988571453564,-8.093105273542411,-0.018407847994444,0.1764085432800886,-0.0751653793106464,1.150490499652752,-0.6844092385657332,-8.561290244490733,0.0,-236.72,-139.88,-53.8,-653.67,-0.023980823922402,0.0,0.0,-0.2158274153016187,0.0,31,38,37,36,40,-7,-82,-50,-57,-250,12.8,12.8,12.7,12.6,12.5,-999,-999,-1.96,0.0,0.0,0.0
0.49297022819519043,-0.018407847994444,0.196350378607403,-0.0613594933148134,1.1658303729814554,-0.6227988571453564,-8.093105273542411,-0.018407847994444,0.1764085432800886,-0.0751653793106464,1.145888537654141,-0.6844092385657332,-8.561290244490733,0.0,-239.41,-139.88,-61.87,-648.29,-0.023980823922402,0.0,0.0,-0.2158274153016187,0.0,31,38,37,36,40,0,-82,-50,-63,-243,12.8,12.8,12.7,12.6,12.5,-999,-999,-1.96,0.0,0.0,0.0
0.509972333908081,-0.018407847994444,0.196350378607403,-0.0613594933148134,1.1612284109828444,-0.6227988571453564,-8.093105273542411,-0.0199418353273143,0.1764085432800886,-0.0751653793106464,1.14128657565553,-0.6844092385657332,-8.561290244490733,-2.69,-236.72,-139.88,-80.7,-653.67,-0.023980823922402,0.0,0.0,-0.2398082392240208,0.0,31,38,37,36,39,6,-82,-50,-82,-243,12.8,12.8,12.7,12.6,12.4,-999,-999,-1.96,0.0,0.0,0.0
0.5269715785980225,-0.0199418353273143,0.196350378607403,-0.0613594933148134,1.1566264489842333,-0.6227988571453564,-8.093105273542411,-0.0199418353273143,0.1748745559472183,-0.0751653793106464,1.136684613656919,-0.6844092385657332,-8.561290244490733,-2.69,-236.72,-139.88,-59.18,-653.67,-0.023980823922402,0.0,0.0,-0.2398082392240208,0.0,31,38,37,36,40,0,-82,-50,-63,-243,12.8,12.8,12.7,12.6,12.6,-999,-999,-1.96,0.0,0.0,0.0
0.5439691543579102,-0.0199418353273143,0.196350378607403,-0.0628934806476837,1.1520244869856224,-0.6227988571453564,-8.093105273542411,-0.0199418353273143,0.1748745559472183,-0.0751653793106464,1.132082651658308,-0.6844092385657332,-8.561290244490733,-2.69,-277.07,-137.19,-59.18,-650.98,-0.023980823922402,0.0,0.0,-0.2398082392240208,0.0,31,38,37,36,41,0,-94,-50,-63,-243,12.8,12.8,12.7,12.5,12.4,-999,-999,-1.96,0.0,0.0,0.0
0.5609691143035889,-0.0199418353273143,0.196350378607403,-0.0613594933148134,1.1474225249870114,-0.6227988571453564,-8.093105273542411,-0.0199418353273143,0.1748745559472183,-0.0751653793106464,1.127480689659697,-0.6844092385657332,-8.561290244490733,-2.69,-271.69,-139.88,-61.87,-648.29,-0.023980823922402,0.0,0.0,-0.2398082392240208,0.0,31,38,37,36,41,6,-94,-50,-63,-243,12.8,12.8,12.8,12.6,12.5,-999,-999,-1.96,0.0,0.0,0.0
0.5779709815979004,-0.0199418353273143,0.196350378607403,-0.0613594933148134,1.1428205629884003,-0.6227988571453564,-8.093105273542411,-0.018407847994444,0.1748745559472183,-0.0751653793106464,1.122878727661086,-0.6844092385657332,-8.561290244490733,-2.69,-274.38,-139.88,-56.49,-648.29,0.0,0.0,0.0,-0.2398082392240208,0.0,31,38,37,36,40,0,-94,-50,-63,-243,12.8,12.8,12.7,12.6,12.5,-999,-999,-1.96,0.0,0.0,0.0
0.5949993133544922,-0.0199418353273143,0.196350378607403,-0.0613594933148134,1.1382186009897892,-0.6227988571453564,-8.093105273542411,-0.0199418353273143,0.1748745559472183,-0.0751653793106464,1.1198107529953454,-0.6844092385657332,-8.561290244490733,-2.69,-274.38,-142.57,-51.11,-650.98,0.0,0.0,0.0,-0.2398082392240208,0.0,31,37,38,36,40,6,-94,-50,-63,-243,12.8,12.8,12.7,12.6,12.4,-999,-999,-1.96,0.0,0.0,0.0
0.6120004653930664,-0.0199418353273143,0.196350378607403,-0.0613594933148134,1.1336166389911784,-0.6227988571453564,-8.093105273542411,-0.0199418353273143,0.1748745559472183,-0.0751653793106464,1.116742778329605,-0.6844092385657332,-8.561290244490733,-2.69,-274.38,-142.57,-56.49,-650.98,0.0,0.0,0.0,-0.263789063146423,0.0,31,37,37,36,40,0,-94,-50,-57,-243,12.8,12.8,12.8,12.6,12.5,-999,-999,-1.96,0.0,0.0,0.0
0.6289792060852051,-0.0199418353273143,0.196350378607403,-0.0613594933148134,1.1305486643254377,-0.6227988571453564,-8.093105273542411,-0.0199418353273143,0.1748745559472183,-0.0751653793106464,1.113674803663864,-0.6844092385657332,-8.561290244490733,-2.69,-274.38,-142.57,-53.8,-648.29,0.0,0.0,0.0,-0.263789063146423,0.0,31,37,37,37,40,0,-94,-50,-50,-243,12.8,12.8,12.7,12.6,12.4,-999,-999,-1.96,0.0,0.0,0.0
0.6459541320800783,-0.0199418353273143,0.196350378607403,-0.0613594933148134,1.1259467023268266,-0.6227988571453564,-8.093105273542411,-0.0199418353273143,0.1748745559472183,-0.0751653793106464,1.1121408163309936,-0.6844092385657332,-8.561290244490733,-2.69,-274.38,-142.57,-51.11,-653.67,0.0,0.0,0.0,-0.263789063146423,0.0,31,37,37,37,40,0,-94,-50,-50,-243,12.8,12.8,12.7,12.6,12.4,-999,-999,-1.96,0.0,0.0,0.0
0.6629705429077148,-0.0199418353273143,0.196350378607403,-0.0613594933148134,1.122878727661086,-0.6227988571453564,-8.093105273542411,-0.0199418353273143,0.1748745559472183,-0.0751653793106464,1.1090728416652529,-0.6844092385657332,-8.561290244490733,-2.69,-274.38,-142.57,-48.42,-650.98,0.0,0.0,0.0,-0.2398082392240208,0.0,31,38,37,37,40,0,-94,-50,-44,-243,12.8,12.8,12.7,12.6,12.5,-999,-999,-1.96,0.0,0.0,0.0
0.6799514293670654,-0.0199418353273143,0.196350378607403,-0.0613594933148134,1.1198107529953454,-0.6227988571453564,-8.093105273542411,-0.0199418353273143,0.1748745559472183,-0.0751653793106464,1.1075388543323823,-0.6844092385657332,-8.561290244490733,-2.69,-274.38,-142.57,-59.18,-650.98,0.0,0.0,0.0,-0.2158274153016187,0.0,31,38,37,37,40,0,-94,-50,-44,-243,12.8,12.8,12.7,12.6,12.4,-999,-999,-1.96,0.0,0.0,0.0
0.6969530582427979,-0.0199418353273143,0.196350378607403,-0.0613594933148134,1.116742778329605,-0.6227988571453564,-8.093105273542411,-0.0199418353273143,0.1748745559472183,-0.0751653793106464,1.1044708796666418,-0.6844092385657332,-8.561290244490733,-2.69,-274.38,-139.88,-53.8,-648.29,0.0,0.0,0.0,-0.1918465913792167,0.0,31,38,37,37,40,0,-94,-50,-38,-243,12.8,12.8,12.7,12.6,12.4,-999,-999,-1.96,0.0,0.0,0.0
0.7139556407928467,-0.0199418353273143,0.196350378607403,-0.0613594933148134,1.1152087909967343,-0.6227988571453564,-8.093105273542411,-0.0199418353273143,0.1748745559472183,-0.0751653793106464,1.1029368923337717,-0.6844092385657332,-8.561290244490733,-2.69,-271.69,-139.88,-83.39,-656.36,0.0,0.0,0.0,-0.1678657674568146,0.0,31,38,37,37,40,0,-94,-50,-69,-250,12.8,12.7,12.7,12.6,12.5,-999,-999,-1.96,0.0,0.0,0.0
0.7309412956237795,-0.0199418353273143,0.196350378607403,-0.0613594933148134,1.1121408163309936,-0.6227988571453564,-8.093105273542411,-0.0199418353273143,0.1748745559472183,-0.0751653793106464,1.099868917668031,-0.6844092385657332,-8.561290244490733,-2.69,-274.38,-139.88,-51.11,-648.29,0.0,0.0,0.0,-0.1678657674568146,0.0,31,38,37,36,40,0,-94,-50,-38,-243,12.8,12.8,12.7,12.6,12.6,-999,-999,-1.96,0.0,0.0,0.0
0.7479643821716309,-0.0199418353273143,0.196350378607403,-0.0613594933148134,1.1090728416652529,-0.6227988571453564,-8.093105273542411,-0.0199418353273143,0.1733405686143479,-0.0751653793106464,1.0983349303351606,-0.6844092385657332,-8.561290244490733,-2.69,-274.38,-142.57,-67.25,-648.29,0.0,0.0,0.0,-0.1438849435344125,0.0,31,38,37,36,40,0,-94,-50,-44,-243,12.8,12.7,12.7,12.6,12.5,-999,-999,-1.96,0.0,0.0,0.0
0.7649562358856203,-0.0199418353273143,0.196350378607403,-0.0613594933148134,1.1060048669995122,-0.6227988571453564,-8.093105273542411,-0.0199418353273143,0.1718065812814776,-0.0751653793106464,1.09526695566942,-0.6828752512328629,-8.550224356364243,-2.69,-274.38,-139.88,-53.8,-650.98,0.0,0.0,0.0,-0.1438849435344125,0.0,31,38,37,36,40,0,-94,-50,-38,-243,12.8,12.8,12.7,12.6,12.5,-999,-999,-1.96,0.0,0.0,0.0
0.7819545269012451,-0.0199418353273143,0.196350378607403,-0.0613594933148134,1.1044708796666418,-0.6227988571453564,-8.093105273542411,-0.0199418353273143,0.1718065812814776,-0.0751653793106464,1.0921989810036792,-0.6844092385657332,-8.561290244490733,-5.38,-290.52,-142.57,-64.56,-634.84,0.0,0.0,0.0,-0.1438849435344125,0.0,31,38,37,36,40,0,-100,-50,-38,-237,12.8,12.8,12.7,12.6,12.6,-999,-999,-1.96,0.0,0.0,0.0
0.7989475727081299,-0.0199418353273143,0.196350378607403,-0.0613594933148134,1.1029368923337717,-0.6227988571453564,-8.093105273542411,-0.0199418353273143,0.1702725939486073,-0.0751653793106464,1.0906649936708088,-0.6844092385657332,-8.561290244490733,-5.38,-290.52,-142.57,-67.25,-645.6,0.0,0.0,0.0,-0.1438849435344125,0.0,31,38,37,36,40,0,-100,-50,-44,-243,12.8,12.8,12.7,12.6,12.6,-999,-999,-1.96,0.0,0.0,0.0
0.8159539699554443,-0.0199418353273143,0.196350378607403,-0.0613594933148134,1.099868917668031,-0.6227988571453564,-8.093105273542411,-0.0199418353273143,0.1687386066157369,-0.0751653793106464,1.0875970190050683,-0.6844092385657332,-8.561290244490733,-5.38,-309.35,-137.19,-56.49,-650.98,0.0,0.0,0.0,-0.1438849435344125,0.0,31,38,37,36,40,0,-107,-50,-38,-243,12.8,12.8,12.7,12.6,12.4,-999,-999,-1.96,0.0,0.0,0.0
0.8329522609710693,-0.0199418353273143,0.196350378607403,-0.0613594933148134,1.0983349303351606,-0.6227988571453564,-8.093105273542411,-0.0199418353273143,0.1656706319499963,-0.0751653793106464,1.0845290443393276,-0.6844092385657332,-8.561290244490733,-5.38,-328.18,-142.57,-61.87,-648.29,0.0,0.0,0.0,-0.1199041196120104,0.0,31,38,37,36,40,0,-113,-50,-44,-243,12.8,12.8,12.7,12.6,12.5,-999,-999,-1.96,0.0,0.0,0.0
0.8499581813812254,-0.0199418353273143,0.196350378607403,-0.0613594933148134,1.09526695566942,-0.6227988571453564,-8.093105273542411,-0.0199418353273143,0.1641366446171259,-0.0751653793106464,1.081461069673587,-0.6844092385657332,-8.561290244490733,-5.38,-365.84,-142.57,-69.94,-650.98,0.0,0.0,0.0,-0.1199041196120104,0.0,31,38,37,36,40,0,-125,-50,-44,-243,12.8,12.8,12.7,12.6,12.6,-999,-999,-1.96,0.0,0.0,0.0
0.8669564723968506,-0.0199418353273143,0.196350378607403,-0.0613594933148134,1.0921989810036792,-0.6227988571453564,-8.093105273542411,-0.0199418353273143,0.1610686699513852,-0.0766993666435168,1.0768591076749758,-0.6844092385657332,-8.561290244490733,-5.38,-384.67,-139.88,-69.94,-648.29,0.0,0.0,0.0,-0.1438849435344125,0.0,31,38,37,36,40,0,-132,-50,-44,-243,12.8,12.7,12.7,12.6,12.5,-999,-999,-1.96,0.0,0.0,0.0
0.8839638233184814,-0.0199418353273143,0.196350378607403,-0.0613594933148134,1.0891310063379385,-0.6227988571453564,-8.093105273542411,-0.0199418353273143,0.1595346826185149,-0.0766993666435168,1.0722571456763648,-0.6844092385657332,-8.561290244490733,-5.38,-422.33,-182.92,-96.84,-648.29,0.0,0.0,0.0,-0.1199041196120104,0.0,31,38,37,36,42,0,-144,-63,-76,-243,12.8,12.8,12.6,12.6,12.5,-999,-999,-1.96,0.0,0.0,0.0
0.9009959697723389,-0.0199418353273143,0.196350378607403,-0.0613594933148134,1.086063031672198,-0.6227988571453564,-8.093105273542411,-0.0199418353273143,0.1580006952856446,-0.0766993666435168,1.067655183677754,-0.6844092385657332,-8.561290244490733,-5.38,-438.47,-180.23,-102.22,-648.29,0.0,0.0,0.0,-0.1438849435344125,0.0,31,38,37,36,40,0,-150,-63,-82,-243,12.8,12.7,12.7,12.6,12.4,-999,-999,-1.96,0.0,0.0,0.0
0.9179561138153076,-0.0199418353273143,0.196350378607403,-0.0613594933148134,1.0829950570064573,-0.6227988571453564,-8.093105273542411,-0.0199418353273143,0.1564667079527743,-0.0766993666435168,1.0630532216791428,-0.6844092385657332,-8.561290244490733,-5.38,-457.3,-180.23,-80.7,-648.29,0.0,0.0,0.0,-0.1438849435344125,0.0,31,38,37,36,40,0,-157,-63,-63,-243,12.8,12.7,12.6,12.6,12.5,-999,-999,-1.96,0.0,0.0,0.0
0.9349832534790039,-0.0199418353273143,0.196350378607403,-0.0613594933148134,1.0799270823407163,-0.6227988571453564,-8.093105273542411,-0.0199418353273143,0.1564667079527743,-0.0782333539763871,1.0584512596805318,-0.6844092385657332,-8.561290244490733,-5.38,-473.44,-180.23,-88.77,-656.36,0.0,0.0,0.0,-0.1678657674568146,0.0,32,38,37,36,40,0,-163,-63,-63,-250,12.7,12.7,12.7,12.6,12.5,-999,-999,-1.96,0.0,0.0,0.0
0.9519562721252441,-0.0199418353273143,0.196350378607403,-0.0613594933148134,1.0753251203421057,-0.6227988571453564,-8.093105273542411,-0.0199418353273143,0.1533987332870336,-0.0766993666435168,1.0523153103490506,-0.6844092385657332,-8.561290244490733,-5.38,-473.44,-207.13,-91.46,-648.29,0.0,0.0,0.0,-0.1918465913792167,0.0,32,38,37,36,40,0,-163,-69,-88,-243,12.8,12.7,12.7,12.6,12.4,-999,-999,-1.96,0.0,0.0,0.0
0.9689335823059082,-0.0199418353273143,0.196350378607403,-0.0613594933148134,1.0707231583434946,-0.6227988571453564,-8.093105273542411,-0.0199418353273143,0.1518647459541632,-0.0782333539763871,1.0461793610175691,-0.6844092385657332,-8.561290244490733,-5.38,-508.41,-182.92,-80.7,-645.6,0.0,0.0,0.0,-0.2158274153016187,0.0,32,38,37,36,40,0,-175,-63,-69,-243,12.8,12.7,12.7,12.5,12.5,-999,-999,-1.96,0.0,0.0,0.0
0.9859380722045898,-0.0199418353273143,0.196350378607403,-0.0613594933148134,1.0661211963448836,-0.6227988571453564,-8.093105273542411,-0.018407847994444,0.1503307586212929,-0.0766993666435168,1.041577399018958,-0.6844092385657332,-8.561290244490733,-5.38,-529.93,-207.13,-69.94,-648.29,0.0,0.0,0.0,-0.2158274153016187,0.0,32,38,37,36,40,0,-182,-69,-69,-243,12.8,12.7,12.7,12.6,12.5,-999,-999,-1.96,0.0,0.0,0.0
1.002932548522949,-0.0199418353273143,0.196350378607403,-0.0613594933148134,1.059985247013402,-0.6227988571453564,-8.093105273542411,-0.018407847994444,0.1503307586212929,-0.0782333539763871,1.0354414496874769,-0.6844092385657332,-8.561290244490733,-2.69,-559.52,-182.92,-104.91,-648.29,0.0,0.0,0.0,-0.2398082392240208,0.0,32,38,37,37,40,6,-194,-63,-94,-243,12.8,12.7,12.7,12.5,12.5,-999,-999,-1.96,0.0,0.0,0.0
1.0199267864227295,-0.018407847994444,0.196350378607403,-0.0613594933148134,1.0569172723476614,-0.6227988571453564,-8.093105273542411,-0.018407847994444,0.1487967712884225,-0.0782333539763871,1.0323734750217362,-0.6844092385657332,-8.561290244490733,-2.69,-562.21,-204.44,-83.39,-653.67,0.0,0.0,0.0,-0.2398082392240208,0.0,32,38,37,37,40,6,-194,-69,-75,-243,12.8,12.7,12.6,12.5,12.4,-999,-999,-1.96,0.0,0.0,0.0
1.0369336605072021,-0.0199418353273143,0.196350378607403,-0.0613594933148134,1.04924733568331,-0.6212648698124861,-8.080811670411755,-0.018407847994444,0.1472627839555522,-0.0782333539763871,1.0262375256902547,-0.6844092385657332,-8.561290244490733,-2.69,-564.9,-204.44,-75.32,-645.6,0.0,0.0,0.0,-0.263789063146423,0.0,32,38,37,37,40,6,-194,-69,-69,-243,12.8,12.7,12.7,12.5,12.3,-999,-999,-1.96,0.0,0.0,0.0
1.053938865661621,-0.0199418353273143,0.1948163912745326,-0.0613594933148134,1.0446453736846988,-0.6227988571453564,-8.093105273542411,-0.0168738606615736,0.1457287966226819,-0.0782333539763871,1.021635563691644,-0.6844092385657332,-8.561290244490733,-2.69,-581.04,-204.44,-91.46,-645.6,0.0,0.0,0.0,-0.263789063146423,0.0,32,38,37,37,40,6,-200,-69,-94,-243,12.8,12.7,12.7,12.5,12.4,-999,-999,-1.96,0.0,0.0,0.0
1.0709354877471924,-0.0199418353273143,0.196350378607403,-0.0613594933148134,1.0400434116860875,-0.6227988571453564,-8.093105273542411,-0.0168738606615736,0.1441948092898116,-0.0782333539763871,1.0170336016930328,-0.6844092385657332,-8.561290244490733,18.83,-610.63,-204.44,-83.39,-648.29,0.0,0.0,0.0,-0.263789063146423,0.0,32,38,37,36,40,12,-213,-69,-75,-243,12.8,12.7,12.7,12.6,12.5,-999,-999,-1.96,0.0,0.0,0.0
1.0879313945770264,-0.0199418353273143,0.196350378607403,-0.0613594933148134,1.0354414496874769,-0.6227988571453564,-8.093105273542411,-0.0168738606615736,0.1411268346240709,-0.0782333539763871,1.0108976523615514,-0.6844092385657332,-8.561290244490733,-8.07,-632.15,-204.44,-88.77,-650.98,0.0,0.0,0.0,-0.287769887068825,0.0,32,38,37,36,40,6,-219,-69,-75,-250,12.8,12.7,12.6,12.5,12.5,-999,-999,-1.96,0.0,0.0,0.0
1.1049351692199714,-0.0199418353273143,0.196350378607403,-0.0613594933148134,1.0308394876888658,-0.6227988571453564,-8.093105273542411,-0.0153398733287033,0.1395928472912005,-0.0782333539763871,1.0062956903629403,-0.6844092385657332,-8.561290244490733,0.0,-659.05,-204.44,-83.39,-642.91,0.0,0.0,0.0,-0.263789063146423,0.0,32,38,37,37,40,12,-232,-69,-75,-243,12.8,12.7,12.6,12.5,12.4,-999,-999,-1.96,0.0,0.0,0.0
1.1219041347503662,-0.0199418353273143,0.196350378607403,-0.0613594933148134,1.0262375256902547,-0.6212648698124861,-8.080811670411755,-0.0153398733287033,0.1395928472912005,-0.0782333539763871,1.0016937283643297,-0.6844092385657332,-8.561290244490733,5.38,-669.81,-204.44,-102.22,-642.91,0.0,0.0,0.0,-0.263789063146423,0.0,32,38,37,37,40,18,-232,-69,-101,-243,12.8,12.7,12.6,12.5,12.3,-999,-999,-1.96,0.0,0.0,0.0
1.1389415264129639,-0.018407847994444,0.196350378607403,-0.0613594933148134,1.021635563691644,-0.6212648698124861,-8.080811670411755,-0.0153398733287033,0.1365248726254599,-0.0782333539763871,0.9970917663657184,-0.6844092385657332,-8.561290244490733,0.0,-675.1899999999999,-204.44,-78.01,-645.6,0.0,0.0,0.0,-0.263789063146423,0.0,32,38,37,37,41,12,-232,-69,-75,-243,12.7,12.7,12.6,12.5,12.3,-999,-999,-1.96,0.0,0.0,0.0
1.1559314727783203,-0.018407847994444,0.196350378607403,-0.0613594933148134,1.0154996143601625,-0.6227988571453564,-8.093105273542411,-0.0153398733287033,0.1365248726254599,-0.0782333539763871,0.9924898043671074,-0.6844092385657332,-8.561290244490733,8.07,-715.54,-204.44,-102.22,-642.91,0.0,0.0,0.0,-0.263789063146423,0.0,32,38,37,37,40,12,-244,-69,-94,-243,12.8,12.6,12.7,12.5,12.4,-999,-999,-1.96,0.0,0.0,0.0
1.1729376316070554,-0.018407847994444,0.1948163912745326,-0.0613594933148134,1.0124316396944215,-0.6227988571453564,-8.093105273542411,-0.0153398733287033,0.1334568979597192,-0.0797673413092574,0.9878878423684964,-0.6844092385657332,-8.561290244490733,0.0,-726.3,-204.44,-94.15,-645.6,0.0,0.0,0.0,-0.263789063146423,0.0,32,38,37,37,40,12,-244,-69,-94,-243,12.8,12.7,12.7,12.5,12.4,-999,-999,-1.96,0.0,0.0,0.0
1.1899480819702155,-0.018407847994444,0.1932824039416623,-0.0613594933148134,1.0047617030300702,-0.6227988571453564,-8.093105273542411,-0.0153398733287033,0.1319229106268489,-0.0782333539763871,0.9832858803698854,-0.6844092385657332,-8.561290244490733,0.0,-637.53,-217.89,-96.84,-648.29,0.023980823922402,0.0,0.0,-0.263789063146423,0.0,31,38,37,37,40,6,-250,-75,-94,-243,12.7,12.8,12.6,12.6,12.4,-999,-999,-1.96,0.0,0.0,0.0
1.2069313526153564,-0.0168738606615736,0.1902144292759216,-0.0613594933148134,1.0016937283643297,-0.6227988571453564,-8.093105273542411,-0.0153398733287033,0.1303889232939785,-0.0782333539763871,0.977149931038404,-0.6844092385657332,-8.561290244490733,0.0,-632.15,-204.44,-94.15,-645.6,0.023980823922402,-0.023980823922402,0.0,-0.263789063146423,0.0,31,38,37,37,40,6,-250,-69,-75,-243,12.7,12.7,12.6,12.5,12.4,-999,-999,-1.96,0.0,0.0,0.0
1.2239139080047607,-0.0168738606615736,0.1886804419430513,-0.0613594933148134,0.9970917663657184,-0.6227988571453564,-8.093105273542411,-0.013805885995833,0.1288549359611082,-0.0782333539763871,0.972547969039793,-0.6844092385657332,-8.561290244490733,0.0,-694.02,-204.44,-99.53,-642.91,0.023980823922402,-0.0479616478448041,0.0,-0.263789063146423,0.0,31,38,37,37,40,6,-244,-69,-75,-250,12.7,12.7,12.6,12.5,12.0,-999,-999,-1.96,0.0,0.0,0.0
1.2409110069274902,-0.0153398733287033,0.1886804419430513,-0.0613594933148134,0.9924898043671074,-0.6227988571453564,-8.093105273542411,-0.013805885995833,0.1273209486282379,-0.0782333539763871,0.967946007041182,-0.6844092385657332,-8.561290244490733,0.0,-688.64,-204.44,-107.6,-645.6,0.023980823922402,-0.0719424717672062,0.0,-0.263789063146423,0.0,31,37,37,37,42,6,-250,-69,-82,-243,12.7,12.7,12.6,12.5,12.4,-999,-999,-1.96,0.0,0.0,0.0
1.2579069137573242,-0.0153398733287033,0.1871464546101809,-0.0613594933148134,0.9878878423684964,-0.6227988571453564,-8.093105273542411,-0.013805885995833,0.1273209486282379,-0.0782333539763871,0.9648780323754412,-0.6844092385657332,-8.561290244490733,-5.38,-683.26,-204.44,-102.22,-648.29,0.023980823922402,-0.0719424717672062,0.0,-0.2398082392240208,0.0,31,37,37,37,40,6,-250,-69,-82,-243,12.7,12.7,12.6,12.5,12.3,-999,-999,-1.96,0.0,0.0,0.0
1.2749171257019043,-0.0153398733287033,0.1856124672773106,-0.0613594933148134,0.981751893037015,-0.6227988571453564,-8.093105273542411,-0.0153398733287033,0.1242529739624972,-0.0797673413092574,0.9602760703768304,-0.6844092385657332,-8.561290244490733,-5.38,-661.74,-204.44,-80.7,-642.91,0.023980823922402,-0.0719424717672062,0.0,-0.263789063146423,0.0,31,37,37,37,40,6,-244,-69,-75,-243,12.7,12.7,12.6,12.5,12.4,-999,-999,-1.96,0.0,0.0,0.0
1.2919223308563232,-0.0153398733287033,0.18254449261157,-0.0613594933148134,0.9786839183712744,-0.6227988571453564,-8.093105273542411,-0.013805885995833,0.1227189866296268,-0.0797673413092574,0.9556741083782192,-0.6844092385657332,-8.561290244490733,0.0,-597.18,-220.58,-88.77,-642.91,0.023980823922402,-0.0719424717672062,0.0,-0.263789063146423,0.0,31,37,37,37,40,0,-244,-75,-94,-243,12.8,12.8,12.6,12.5,12.5,-999,-999,-1.96,0.0,0.0,0.0
1.3089022636413574,-0.0153398733287033,0.1794765179458293,-0.0613594933148134,0.9740819563726634,-0.6227988571453564,-8.093105273542411,-0.013805885995833,0.1211849992967565,-0.0782333539763871,0.9526061337124788,-0.6844092385657332,-8.561290244490733,-2.69,-597.18,-220.58,-91.46,-645.6,0.0,-0.0959232956896083,0.0,-0.263789063146423,0.0,31,37,37,37,40,6,-238,-75,-69,-243,12.8,12.6,12.6,12.5,12.4,-999,-999,-1.96,0.0,0.0,0.0
1.3259010314941406,-0.0153398733287033,0.1779425306129589,-0.0613594933148134,0.9694799943740524,-0.6227988571453564,-8.093105273542411,-0.013805885995833,0.1181170246310158,-0.0782333539763871,0.9510721463796084,-0.6844092385657332,-8.561290244490733,-2.69,-618.6999999999999,-209.82,-96.84,-645.6,0.0,-0.1199041196120104,0.0,-0.263789063146423,0.0,31,37,37,37,41,6,-238,-69,-63,-243,12.8,12.7,12.6,12.5,12.4,-999,-999,-1.96,0.0,0.0,0.0
1.3429317474365234,-0.0153398733287033,0.1733405686143479,-0.0613594933148134,0.9664120197083116,-0.6227988571453564,-8.093105273542411,-0.013805885995833,0.1181170246310158,-0.0797673413092574,0.9480041717138676,-0.6844092385657332,-8.561290244490733,-5.38,-586.42,-204.44,-91.46,-642.91,0.0,-0.1438849435344125,0.0,-0.2398082392240208,0.0,31,37,37,37,40,6,-232,-69,-57,-243,12.7,12.7,12.6,12.5,12.4,-999,-999,-1.96,0.0,0.0,0.0
1.359936237335205,-0.0153398733287033,0.1718065812814776,-0.0613594933148134,0.963344045042571,-0.6227988571453564,-8.093105273542411,-0.013805885995833,0.1150490499652752,-0.0782333539763871,0.9449361970481268,-0.6844092385657332,-8.561290244490733,-2.69,-616.01,-220.58,-99.53,-648.29,0.0,-0.1438849435344125,0.0,-0.2158274153016187,0.0,31,37,38,37,40,6,-225,-75,-57,-243,12.7,12.7,12.6,12.4,12.4,-999,-999,-1.96,0.0,0.0,0.0
1.3769321441650395,-0.0153398733287033,0.1702725939486073,-0.0613594933148134,0.9602760703768304,-0.6227988571453564,-8.093105273542411,-0.013805885995833,0.1135150626324048,-0.0797673413092574,0.9418682223823864,-0.6828752512328629,-8.550224356364243,-2.69,-618.6999999999999,-204.44,-96.84,-642.91,0.0,-0.1438849435344125,0.0,-0.1918465913792167,0.0,31,37,37,37,40,6,-232,-69,-57,-243,12.8,12.7,12.6,12.5,12.4,-999,-999,-1.96,0.0,0.0,0.0
1.3939402103424072,-0.0153398733287033,0.1687386066157369,-0.0613594933148134,0.95874208304396,-0.6227988571453564,-8.093105273542411,-0.0153398733287033,0.1119810752995345,-0.0782333539763871,0.940334235049516,-0.6844092385657332,-8.561290244490733,-2.69,-572.97,-220.58,-91.46,-629.46,0.0,-0.1199041196120104,0.0,-0.1678657674568146,0.0,32,37,37,37,40,6,-175,-75,-57,-237,12.8,12.7,12.6,12.5,12.3,-999,-999,-1.96,0.0,0.0,0.0
1.4109082221984863,-0.0153398733287033,0.1656706319499963,-0.0613594933148134,0.9526061337124788,-0.6227988571453564,-8.093105273542411,-0.013805885995833,0.1104470879666641,-0.0797673413092574,0.9372662603837753,-0.6828752512328629,-8.550224356364243,0.0,-564.9,-207.13,-86.08,-645.6,0.0,-0.1199041196120104,0.0,-0.1678657674568146,0.0,32,38,37,37,40,0,-225,-69,-50,-250,12.8,12.7,12.6,12.4,12.4,-999,-999,-1.96,0.0,0.0,0.0
1.4279377460479736,-0.0153398733287033,0.1641366446171259,-0.0613594933148134,0.9510721463796084,-0.6227988571453564,-8.093105273542411,-0.013805885995833,0.1073791133009235,-0.0782333539763871,0.9341982857180346,-0.6844092385657332,-8.561290244490733,0.0,-607.9399999999999,-220.58,-104.91,-629.46,0.0,-0.1199041196120104,0.0,-0.1678657674568146,0.0,32,38,38,36,40,6,-225,-75,-57,-237,12.7,12.8,12.6,12.5,12.5,-999,-999,-1.96,0.0,0.0,0.0
1.4449317455291752,-0.0153398733287033,0.1626026572842556,-0.0613594933148134,0.9480041717138676,-0.6227988571453564,-8.093105273542411,-0.013805885995833,0.1058451259680531,-0.0782333539763871,0.9326642983851644,-0.6844092385657332,-8.561290244490733,-5.38,-632.15,-209.82,-115.67,-645.6,0.0,-0.1199041196120104,0.0,-0.1678657674568146,0.0,32,38,37,36,40,6,-232,-69,-57,-243,12.8,12.9,12.6,12.5,12.4,-999,-999,-1.96,0.0,0.0,0.0
1.461921215057373,-0.0153398733287033,0.1610686699513852,-0.0613594933148134,0.9464701843809972,-0.6227988571453564,-8.093105273542411,-0.013805885995833,0.1043111386351828,-0.0797673413092574,0.9295963237194236,-0.6844092385657332,-8.561290244490733,0.0,-653.67,-204.44,-115.67,-642.91,0.0,-0.0959232956896083,0.0,-0.1438849435344125,0.0,32,38,37,36,40,6,-232,-69,-57,-243,12.8,12.7,12.6,12.5,12.5,-999,-999,-1.96,0.0,0.0,0.0
1.4788939952850342,-0.0153398733287033,0.1610686699513852,-0.0613594933148134,0.9434022097152568,-0.6227988571453564,-8.093105273542411,-0.013805885995833,0.1027771513023125,-0.0797673413092574,0.9280623363865532,-0.6844092385657332,-8.561290244490733,0.0,-685.9499999999999,-220.58,-118.36,-642.91,0.0,-0.0719424717672062,0.0,-0.1438849435344125,0.0,32,38,37,36,40,6,-238,-75,-57,-250,12.8,12.7,12.6,12.5,12.5,-999,-999,-1.96,0.0,0.0,0.0
1.4958939552307124,-0.0153398733287033,0.1610686699513852,-0.0613594933148134,0.940334235049516,-0.6227988571453564,-8.093105273542411,-0.013805885995833,0.0997091766365718,-0.0797673413092574,0.9249943617208126,-0.6844092385657332,-8.561290244490733,0.0,-645.6,-220.58,-94.15,-642.91,0.0,-0.0479616478448041,0.0,-0.1438849435344125,0.0,32,38,37,36,41,6,-238,-75,-57,-243,12.8,12.7,12.7,12.5,12.4,-999,-999,-1.96,0.0,0.0,0.0
1.5128891468048096,-0.0153398733287033,0.1580006952856446,-0.0613594933148134,0.9388002477166456,-0.6227988571453564,-8.093105273542411,-0.013805885995833,0.0981751893037015,-0.0797673413092574,0.921926387055072,-0.6844092385657332,-8.561290244490733,0.0,-650.98,-217.89,-107.6,-648.29,0.0,-0.0479616478448041,0.0,-0.1199041196120104,0.0,32,38,37,37,40,6,-244,-75,-57,-243,12.8,12.7,12.6,12.5,12.4,-999,-999,-1.96,0.0,0.0,0.0
1.5298960208892822,-0.0153398733287033,0.1564667079527743,-0.0613594933148134,0.935732273050905,-0.6227988571453564,-8.093105273542411,-0.013805885995833,0.0951072146379608,-0.0797673413092574,0.9188584123893312,-0.6844092385657332,-8.561290244490733,0.0,-650.98,-217.89,-115.67,-642.91,0.0,-0.0479616478448041,0.0,-0.1199041196120104,0.0,32,38,37,36,41,6,-244,-75,-57,-243,12.8,12.7,12.6,12.5,12.3,-999,-999,-1.96,0.0,0.0,0.0
1.5489463806152344,-0.0153398733287033,0.1549327206199039,-0.0613594933148134,0.9326642983851644,-0.6227988571453564,-8.093105273542411,-0.013805885995833,0.0935732273050904,-0.0797673413092574,0.9157904377235906,-0.6844092385657332,-8.561290244490733,0.0,-691.33,-223.27,-123.74,-645.6,0.0,-0.0479616478448041,0.0,-0.1199041196120104,0.0,32,38,37,36,41,6,-250,-75,-63,-243,12.7,12.7,12.5,12.5,12.4,-999,-999,-1.96,0.0,0.0,0.0
1.56596040725708,-0.0153398733287033,0.1549327206199039,-0.0613594933148134,0.931130311052294,-0.6227988571453564,-8.093105273542411,-0.013805885995833,0.0920392399722201,-0.0797673413092574,0.91272246305785,-0.6844092385657332,-8.561290244490733,0.0,-712.85,-217.89,-129.12,-642.91,0.0,-0.0719424717672062,0.0,-0.1199041196120104,0.0,32,38,37,36,40,6,-263,-75,-63,-243,12.7,12.7,12.6,12.5,12.4,-999,-999,-1.96,0.0,0.0,0.0
1.5835309028625488,-0.0153398733287033,0.1518647459541632,-0.0613594933148134,0.9280623363865532,-0.6227988571453564,-8.093105273542411,-0.013805885995833,0.0920392399722201,-0.0797673413092574,0.91272246305785,-0.6844092385657332,-8.561290244490733,0.0,-685.9499999999999,-220.58,-115.67,-642.91,0.0,-0.0719424717672062,0.0,-0.1199041196120104,0.0,32,38,37,36,40,6,-250,-75,-63,-243,12.8,12.6,12.6,12.5,12.3,-999,-999,-1.96,0.0,0.0,0.0
1.6009559631347656,-0.0153398733287033,0.1503307586212929,-0.0613594933148134,0.9249943617208126,-0.6227988571453564,-8.093105273542411,-0.013805885995833,0.0874372779736091,-0.0797673413092574,0.9050525263934982,-0.6828752512328629,-8.550224356364243,0.0,-656.36,-220.58,-112.98,-645.6,0.0,-0.0719424717672062,0.0,-0.1438849435344125,0.0,32,38,37,36,41,6,-257,-75,-63,-243,12.7,12.7,12.6,12.5,12.4,-999,-999,-1.96,0.0,0.0,0.0
1.6179099082946777,-0.0153398733287033,0.1472627839555522,-0.0613594933148134,0.921926387055072,-0.6227988571453564,-8.093105273542411,-0.013805885995833,0.0859032906407388,-0.0797673413092574,0.9004505643948872,-0.6844092385657332,-8.561290244490733,0.0,-642.91,-223.27,-123.74,-629.46,0.0,-0.0959232956896083,0.0,-0.1438849435344125,0.0,32,37,37,37,41,6,-257,-75,-69,-237,12.7,12.7,12.5,12.4,12.3,-999,-999,-1.96,0.0,0.0,0.0
1.6349406242370605,-0.0153398733287033,0.1472627839555522,-0.0613594933148134,0.9188584123893312,-0.6227988571453564,-8.093105273542411,-0.013805885995833,0.0843693033078684,-0.0797673413092574,0.8973825897291465,-0.6844092385657332,-8.561290244490733,0.0,-653.67,-220.58,-131.81,-645.6,0.0,-0.0959232956896083,0.0,-0.1438849435344125,0.0,32,38,37,37,41,6,-194,-75,-69,-243,12.7,12.7,12.6,12.5,12.4,-999,-999,-1.96,0.0,0.0,0.0
1.6519792079925537,-0.0153398733287033,0.1441948092898116,-0.0613594933148134,0.9157904377235906,-0.6227988571453564,-8.093105273542411,-0.013805885995833,0.0828353159749981,-0.0797673413092574,0.8927806277305356,-0.6844092385657332,-8.561290244490733,0.0,-642.91,-220.58,-123.74,-642.91,0.0,-0.1199041196120104,0.0,-0.1438849435344125,0.0,32,38,37,37,41,6,-250,-75,-69,-243,12.7,12.8,12.5,12.5,12.3,-999,-999,-1.96,0.0,0.0,0.0
1.668929100036621,-0.0153398733287033,0.1411268346240709,-0.0613594933148134,0.91272246305785,-0.6227988571453564,-8.093105273542411,-0.013805885995833,0.0813013286421278,-0.0797673413092574,0.8881786657319245,-0.6844092385657332,-8.561290244490733,0.0,-586.42,-220.58,-129.12,-645.6,0.0,-0.1199041196120104,0.0,-0.1678657674568146,0.0,32,37,37,37,41,6,-238,-75,-75,-243,12.7,12.7,12.6,12.5,12.4,-999,-999,-1.96,0.0,0.0,0.0
1.686906099319458,-0.0153398733287033,0.1380588599583302,-0.0613594933148134,0.9065865137263686,-0.6212648698124861,-8.080811670411755,-0.013805885995833,0.0797673413092574,-0.0813013286421278,0.8835767037333135,-0.6844092385657332,-8.561290244490733,0.0,-613.3199999999999,-217.89,-129.12,-645.6,0.0,-0.1438849435344125,0.0,-0.1678657674568146,0.0,32,38,37,37,41,6,-238,-75,-75,-243,12.8,12.7,12.7,12.5,12.4,-999,-999,-1.96,0.0,0.0,0.0
1.7039942741394043,-0.0153398733287033,0.1349908852925895,-0.0613594933148134,0.903518539060628,-0.6227988571453564,-8.093105273542411,-0.013805885995833,0.0782333539763871,-0.0813013286421278,0.8789747417347026,-0.6844092385657332,-8.561290244490733,0.0,-564.9,-217.89,-131.81,-645.6,0.0,-0.1438849435344125,0.0,-0.1918465913792167,0.0,32,37,37,36,41,6,-225,-75,-82,-243,12.8,12.7,12.6,12.5,12.3,-999,-999,-1.96,0.0,0.0,0.0
1.7209787368774414,-0.0153398733287033,0.1334568979597192,-0.0613594933148134,0.8989165770620169,-0.6212648698124861,-8.080811670411755,-0.013805885995833,0.0766993666435168,-0.0813013286421278,0.8728387924032212,-0.6844092385657332,-8.561290244490733,0.0,-575.66,-225.96,-156.02,-642.91,0.0,-0.1678657674568146,0.0,-0.1918465913792167,0.0,32,38,37,36,41,6,-225,-82,-82,-243,12.8,12.7,12.6,12.5,12.3,-999,-999,-1.96,0.0,0.0,0.0
1.7379636764526367,-0.0153398733287033,0.1303889232939785,-0.0613594933148134,0.8958486023962762,-0.6227988571453564,-8.093105273542411,-0.013805885995833,0.0751653793106464,-0.0797673413092574,0.8682368304046102,-0.6844092385657332,-8.561290244490733,0.0,-607.9399999999999,-217.89,-134.5,-645.6,0.0,-0.1678657674568146,0.0,-0.2158274153016187,0.0,32,38,37,36,42,6,-219,-75,-88,-243,12.8,12.7,12.6,12.4,12.3,-999,-999,-1.96,0.0,0.0,0.0
1.7549283504486084,-0.0153398733287033,0.1288549359611082,-0.0613594933148134,0.8912466403976652,-0.6227988571453564,-8.093105273542411,-0.013805885995833,0.0736313919777761,-0.0813013286421278,0.8621008810731289,-0.6844092385657332,-8.561290244490733,0.0,-605.25,-217.89,-145.26,-645.6,0.0,-0.1438849435344125,0.0,-0.2158274153016187,0.0,32,38,37,36,40,6,-225,-75,-113,-243,12.8,12.7,12.6,12.5,12.4,-999,-999,-1.96,0.0,0.0,0.0
1.7719602584838876,-0.0153398733287033,0.1273209486282379,-0.0613594933148134,0.8851106910661839,-0.6227988571453564,-8.093105273542411,-0.013805885995833,0.0720974046449058,-0.0813013286421278,0.8559649317416475,-0.6844092385657332,-8.561290244490733,0.0,-589.11,-217.89,-131.81,-645.6,0.0,-0.1199041196120104,0.0,-0.2398082392240208,0.0,32,38,37,36,40,6,-219,-75,-88,-243,12.8,12.7,12.6,12.5,12.3,-999,-999,-1.96,0.0,0.0,0.0
1.7889368534088135,-0.0153398733287033,0.1257869612953675,-0.0613594933148134,0.8805087290675728,-0.6227988571453564,-8.093105273542411,-0.013805885995833,0.0705634173120354,-0.0813013286421278,0.8498289824101661,-0.6844092385657332,-8.561290244490733,0.0,-613.3199999999999,-217.89,-137.19,-642.91,0.0,-0.0959232956896083,0.0,-0.263789063146423,0.0,32,38,37,36,40,6,-219,-75,-113,-243,12.7,12.7,12.7,12.5,12.4,-999,-999,-1.96,0.0,0.0,0.0
1.8059160709381104,-0.0153398733287033,0.1257869612953675,-0.0613594933148134,0.8743727797360915,-0.6227988571453564,-8.093105273542411,-0.013805885995833,0.0690294299791651,-0.0813013286421278,0.8436930330786848,-0.6844092385657332,-8.561290244490733,0.0,-613.3199999999999,-217.89,-134.5,-648.29,0.0,-0.0959232956896083,0.0,-0.287769887068825,0.0,32,38,37,36,40,6,-219,-75,-119,-243,12.8,12.7,12.6,12.6,12.5,-999,-999,-1.96,0.0,0.0,0.0
1.8229317665100098,-0.0153398733287033,0.1242529739624972,-0.0613594933148134,0.8697708177374806,-0.6227988571453564,-8.093105273542411,-0.013805885995833,0.0674954426462947,-0.0828353159749981,0.8375570837472035,-0.6844092385657332,-8.561290244490733,0.0,-653.67,-220.58,-147.95,-645.6,0.0,-0.0719424717672062,0.0,-0.287769887068825,0.0,32,38,37,36,40,6,-232,-75,-94,-243,12.7,12.7,12.6,12.5,12.4,-999,-999,-1.96,0.0,0.0,0.0
1.8399462699890137,-0.0153398733287033,0.1227189866296268,-0.0613594933148134,0.8636348684059991,-0.6227988571453564,-8.093105273542411,-0.013805885995833,0.0674954426462947,-0.0813013286421278,0.8314211344157221,-0.6844092385657332,-8.561290244490733,0.0,-616.01,-260.93,-134.5,-642.91,0.0,-0.0479616478448041,0.0,-0.3117507109912271,0.0,32,38,37,36,40,12,-232,-88,-100,-250,12.7,12.7,12.6,12.5,12.4,-999,-999,-1.96,0.0,0.0,0.0
1.856928825378418,-0.0153398733287033,0.1227189866296268,-0.0613594933148134,0.8574989190745178,-0.6227988571453564,-8.093105273542411,-0.013805885995833,0.0659614553134244,-0.0813013286421278,0.8237511977513704,-0.6844092385657332,-8.561290244490733,0.0,-645.6,-242.1,-121.05,-645.6,0.0,-0.0479616478448041,0.0,-0.3117507109912271,0.0,32,39,37,36,40,6,-225,-82,-100,-243,12.7,12.7,12.6,12.5,12.3,-999,-999,-1.96,0.0,0.0,0.0
1.8739187717437744,-0.0153398733287033,0.1227189866296268,-0.0613594933148134,0.8513629697430365,-0.6227988571453564,-8.093105273542411,-0.013805885995833,0.0659614553134244,-0.0813013286421278,0.8176152484198891,-0.6844092385657332,-8.561290244490733,0.0,-667.12,-220.58,-121.05,-645.6,0.0,-0.023980823922402,0.0,-0.3117507109912271,0.0,32,38,37,36,40,6,-232,-75,-94,-243,12.7,12.6,12.6,12.5,12.4,-999,-999,-1.96,0.0,0.0,0.0
1.890918254852295,-0.0153398733287033,0.1227189866296268,-0.0613594933148134,0.8452270204115552,-0.6227988571453564,-8.093105273542411,-0.013805885995833,0.0644274679805541,-0.0813013286421278,0.8099453117555374,-0.6844092385657332,-8.561290244490733,0.0,-667.12,-220.58,-137.19,-642.91,0.0,-0.023980823922402,0.0,-0.3117507109912271,0.0,32,38,38,36,40,6,-232,-75,-100,-243,12.8,12.6,12.5,12.5,12.4,-999,-999,-1.96,0.0,0.0,0.0
1.9079275131225586,-0.0153398733287033,0.1227189866296268,-0.0613594933148134,0.8390910710800737,-0.6227988571453564,-8.093105273542411,-0.013805885995833,0.0644274679805541,-0.0828353159749981,0.8038093624240561,-0.6844092385657332,-8.561290244490733,0.0,-683.26,-220.58,-129.12,-642.91,0.0,0.0,0.0,-0.3357315349136292,0.0,32,38,38,36,40,6,-238,-75,-100,-243,12.7,12.8,12.6,12.5,12.3,-999,-999,-1.96,0.0,0.0,0.0
1.9249646663665771,-0.0153398733287033,0.1227189866296268,-0.0613594933148134,0.8314211344157221,-0.6227988571453564,-8.093105273542411,-0.0122718986629626,0.0628934806476837,-0.0813013286421278,0.7961394257597044,-0.6844092385657332,-8.561290244490733,0.0,-683.26,-255.55,-147.95,-650.98,0.0,0.0,0.0,-0.3357315349136292,0.0,32,38,38,36,40,6,-238,-88,-107,-243,12.7,12.7,12.6,12.5,12.4,-999,-999,-1.96,0.0,0.0,0.0
1.9419620037078857,-0.0153398733287033,0.1227189866296268,-0.0613594933148134,0.8252851850842408,-0.6227988571453564,-8.093105273542411,-0.0122718986629626,0.0628934806476837,-0.0813013286421278,0.790003476428223,-0.6844092385657332,-8.561290244490733,18.83,-718.23,-244.79,-131.81,-640.22,0.0,0.0,0.0,-0.3357315349136292,0.0,32,38,37,36,40,12,-250,-82,-107,-243,12.8,12.6,12.6,12.5,12.4,-999,-999,-1.96,0.0,0.0,0.0
1.95892333984375,-0.0153398733287033,0.1227189866296268,-0.0613594933148134,0.8191492357527594,-0.6227988571453564,-8.093105273542411,-0.0107379113300923,0.0628934806476837,-0.0828353159749981,0.7838675270967417,-0.6844092385657332,-8.561290244490733,0.0,-715.54,-217.89,-137.19,-648.29,0.0,0.0,0.0,-0.3357315349136292,0.0,32,38,37,36,40,12,-250,-75,-107,-243,12.7,12.7,12.6,12.4,12.3,-999,-999,-1.96,0.0,0.0,0.0
1.9758946895599365,-0.013805885995833,0.1227189866296268,-0.0613594933148134,0.8130132864212781,-0.6212648698124861,-8.080811670411755,-0.009203923997222,0.0613594933148134,-0.0813013286421278,0.7792655650981307,-0.6844092385657332,-8.561290244490733,18.83,-718.23,-260.93,-142.57,-640.22,0.0,0.0,0.0,-0.3597123588360313,0.0,31,38,37,36,40,18,-250,-88,-113,-250,12.7,12.6,12.6,12.5,12.4,-999,-999,-1.96,0.0,0.0,0.0
1.9929535388946533,-0.013805885995833,0.1227189866296268,-0.0613594933148134,0.8053433497569265,-0.6227988571453564,-8.093105273542411,-0.009203923997222,0.0598255059819431,-0.0813013286421278,0.7731296157666494,-0.6844092385657332,-8.561290244490733,26.9,-715.54,-242.1,-153.32999999999998,-648.29,0.0,0.0,0.0,-0.3597123588360313,0.0,31,38,37,36,40,18,-250,-82,-107,-243,12.7,12.6,12.6,12.4,12.3,-999,-999,-1.96,0.0,0.0,0.0
2.0099596977233882,-0.013805885995833,0.1227189866296268,-0.0613594933148134,0.799207400425445,-0.6227988571453564,-8.093105273542411,-0.009203923997222,0.0598255059819431,-0.0828353159749981,0.7685276537680383,-0.6844092385657332,-8.561290244490733,21.52,-734.37,-217.89,-131.81,-640.22,0.0,0.0,0.0,-0.3597123588360313,0.0,32,38,37,36,40,18,-257,-75,-100,-243,12.5,12.7,12.6,12.4,12.4,-999,-999,-1.96,0.0,0.0,0.0
2.0269470214843754,-0.0122718986629626,0.1227189866296268,-0.0613594933148134,0.7930714510939637,-0.6212648698124861,-8.080811670411755,-0.009203923997222,0.0598255059819431,-0.0828353159749981,0.7685276537680383,-0.6844092385657332,-8.561290244490733,13.45,-737.06,-260.93,-153.32999999999998,-642.91,0.023980823922402,0.0,0.0,-0.3597123588360313,0.0,32,38,37,36,40,12,-257,-88,-126,-243,12.7,12.6,12.6,12.5,12.4,-999,-999,-1.96,0.0,0.0,0.0
2.043985366821289,-0.0107379113300923,0.1227189866296268,-0.0613594933148134,0.7884694890953527,-0.6227988571453564,-8.093105273542411,-0.009203923997222,0.0582915186490727,-0.0828353159749981,0.757789742437946,-0.6844092385657332,-8.561290244490733,-2.69,-734.37,-239.41,-147.95,-642.91,0.023980823922402,0.0,0.0,-0.3597123588360313,0.0,32,38,37,36,40,6,-257,-82,-100,-250,12.7,12.7,12.6,12.4,12.4,-999,-999,-1.96,0.0,0.0,0.0
2.0616998672485356,-0.0107379113300923,0.1227189866296268,-0.0613594933148134,0.7823335397638713,-0.6227988571453564,-8.093105273542411,-0.009203923997222,0.0582915186490727,-0.0828353159749981,0.757789742437946,-0.6844092385657332,-8.561290244490733,0.0,-747.8199999999999,-258.24,-145.26,-640.22,0.023980823922402,0.0,0.0,-0.3357315349136292,0.0,32,38,37,36,40,6,-263,-88,-94,-243,12.7,12.7,12.6,12.4,12.3,-999,-999,-1.96,0.0,0.0,0.0
2.078986406326294,-0.009203923997222,0.1211849992967565,-0.0613594933148134,0.7777315777652604,-0.6227988571453564,-8.093105273542411,-0.009203923997222,0.0567575313162024,-0.0828353159749981,0.7485858184407239,-0.6844092385657332,-8.561290244490733,-2.69,-685.9499999999999,-263.62,-142.57,-640.22,0.023980823922402,0.0,0.0,-0.3117507109912271,0.0,32,38,37,36,40,0,-263,-88,-94,-243,12.7,12.7,12.6,12.4,12.3,-999,-999,-1.96,0.0,0.0,0.0
2.0959677696228036,-0.009203923997222,0.1181170246310158,-0.0613594933148134,0.771595628433779,-0.6227988571453564,-8.093105273542411,-0.009203923997222,0.055223543983332,-0.0828353159749981,0.7424498691092426,-0.6844092385657332,-8.561290244490733,-2.69,-642.91,-258.24,-161.4,-642.91,0.023980823922402,-0.023980823922402,0.0,-0.3117507109912271,0.0,32,38,38,36,41,0,-250,-88,-119,-243,12.7,12.7,12.6,12.5,12.3,-999,-999,-1.96,0.0,0.0,0.0
2.112947463989258,-0.009203923997222,0.1165830372981455,-0.0613594933148134,0.7685276537680383,-0.6227988571453564,-8.093105273542411,-0.009203923997222,0.0536895566504617,-0.0828353159749981,0.7378479071106316,-0.6844092385657332,-8.561290244490733,-2.69,-750.51,-258.24,-161.4,-640.22,0.023980823922402,-0.0479616478448041,0.0,-0.287769887068825,0.0,32,38,38,36,41,0,-250,-88,-100,-243,12.7,12.7,12.6,12.4,12.3,-999,-999,-1.96,0.0,0.0,0.0
2.129968881607055,-0.0076699366643516,0.1165830372981455,-0.0613594933148134,0.7639256917694274,-0.6212648698124861,-8.080811670411755,-0.009203923997222,0.050621581984721,-0.0828353159749981,0.7317119577791503,-0.6844092385657332,-8.561290244490733,0.0,-734.37,-260.93,-182.92,-640.22,0.023980823922402,-0.0719424717672062,0.0,-0.287769887068825,0.0,32,38,37,36,41,0,-257,-88,-100,-243,12.7,12.7,12.6,12.5,12.4,-999,-999,-1.96,0.0,0.0,0.0
2.146918296813965,-0.0076699366643516,0.1165830372981455,-0.0613594933148134,0.757789742437946,-0.6227988571453564,-8.093105273542411,-0.009203923997222,0.0490875946518507,-0.0828353159749981,0.7271099957805393,-0.6844092385657332,-8.561290244490733,-2.69,-710.16,-260.93,-172.16,-637.53,0.023980823922402,-0.0719424717672062,0.0,-0.287769887068825,0.0,32,38,37,36,41,0,-269,-88,-119,-243,12.7,12.7,12.6,12.5,12.4,-999,-999,-1.96,0.0,0.0,0.0
2.163978099822998,-0.009203923997222,0.1135150626324048,-0.0613594933148134,0.753187780439335,-0.6227988571453564,-8.093105273542411,-0.009203923997222,0.0490875946518507,-0.0828353159749981,0.7271099957805393,-0.6844092385657332,-8.561290244490733,-10.76,-677.88,-260.93,-164.09,-637.53,0.0,-0.0479616478448041,0.0,-0.263789063146423,0.0,32,38,37,36,40,0,-263,-88,-100,-243,12.7,12.6,12.6,12.4,12.3,-999,-999,-1.96,0.0,0.0,0.0
2.180967330932617,-0.0076699366643516,0.1104470879666641,-0.0613594933148134,0.7470518311078537,-0.6227988571453564,-8.093105273542411,-0.0076699366643516,0.04601961998611,-0.0813013286421278,0.7194400591161876,-0.6844092385657332,-8.561290244490733,-5.38,-648.29,-234.03,-153.32999999999998,-645.6,0.0,-0.0719424717672062,0.0,-0.263789063146423,0.0,32,38,37,36,40,-7,-250,-82,-94,-243,12.7,12.7,12.4,12.5,12.4,-999,-999,-1.96,0.0,0.0,0.0
2.1989860534667964,-0.009203923997222,0.1089131006337938,-0.0613594933148134,0.7424498691092426,-0.6227988571453564,-8.093105273542411,-0.0076699366643516,0.0429516453203694,-0.0828353159749981,0.7163720844504469,-0.6844092385657332,-8.561290244490733,-5.38,-659.05,-220.58,-158.71,-640.22,0.0,-0.0959232956896083,0.0,-0.263789063146423,0.0,32,38,37,36,43,6,-250,-75,-94,-243,12.7,12.7,12.6,12.5,12.3,-999,-999,-1.96,0.0,0.0,0.0
2.2159271240234375,-0.009203923997222,0.1058451259680531,-0.0613594933148134,0.7378479071106316,-0.6212648698124861,-8.080811670411755,-0.0076699366643516,0.0398836706546287,-0.0828353159749981,0.7117701224518359,-0.6844092385657332,-8.561290244490733,-5.38,-672.5,-260.93,-169.47,-642.91,0.0,-0.1199041196120104,0.0,-0.263789063146423,0.0,32,38,37,36,41,0,-257,-88,-94,-243,12.7,12.7,12.6,12.4,12.3,-999,-999,-1.96,0.0,0.0,0.0
2.2329299449920654,-0.0076699366643516,0.1027771513023125,-0.0613594933148134,0.7332459451120206,-0.6227988571453564,-8.093105273542411,-0.0076699366643516,0.036815695988888,-0.0828353159749981,0.7087021477860952,-0.6844092385657332,-8.561290244490733,-5.38,-650.98,-258.24,-123.74,-642.91,0.0,-0.1199041196120104,0.0,-0.263789063146423,0.0,32,38,38,36,41,6,-263,-88,-64,-243,12.7,12.7,12.5,12.5,12.3,-999,-999,-1.96,0.0,0.0,0.0
2.2499284744262695,-0.009203923997222,0.0997091766365718,-0.0613594933148134,0.73017797044628,-0.6212648698124861,-8.080811670411755,-0.0076699366643516,0.0352817086560177,-0.0828353159749981,0.707168160453225,-0.6844092385657332,-8.561290244490733,-5.38,-607.9399999999999,-258.24,-145.26,-648.29,0.0,-0.1438849435344125,0.0,-0.2398082392240208,0.0,32,38,38,36,41,6,-257,-88,-82,-243,12.7,12.7,12.6,12.5,12.4,-999,-999,-1.96,0.0,0.0,0.0
2.267848491668701,-0.009203923997222,0.0951072146379608,-0.0613594933148134,0.7255760084476689,-0.6227988571453564,-8.093105273542411,-0.0076699366643516,0.032213733990277,-0.0828353159749981,0.7025661984546139,-0.6844092385657332,-8.561290244490733,-5.38,-581.04,-258.24,-131.81,-642.91,0.0,-0.1438849435344125,0.0,-0.2398082392240208,0.0,32,38,37,36,41,6,-244,-88,-69,-243,12.8,12.7,12.6,12.5,12.4,-999,-999,-1.96,0.0,0.0,0.0
2.2848570346832275,-0.009203923997222,0.0920392399722201,-0.0613594933148134,0.7240420211147987,-0.6227988571453564,-8.093105273542411,-0.0076699366643516,0.0291457593245363,-0.0828353159749981,0.6979642364560029,-0.6844092385657332,-8.561290244490733,-5.38,-605.25,-258.24,-185.61,-642.91,0.0,-0.1678657674568146,0.0,-0.2158274153016187,0.0,32,38,37,36,41,6,-238,-88,-75,-243,12.8,12.7,12.6,12.5,12.4,-999,-999,-1.96,0.0,0.0,0.0
2.3018946647644043,-0.009203923997222,0.0874372779736091,-0.0613594933148134,0.7209740464490579,-0.6227988571453564,-8.093105273542411,-0.0076699366643516,0.027611771991666,-0.0828353159749981,0.6948962617902622,-0.6844092385657332,-8.561290244490733,-5.38,-621.39,-258.24,-174.85,-640.22,0.0,-0.1918465913792167,0.0,-0.1918465913792167,0.0,32,38,37,36,41,0,-244,-88,-88,-243,12.8,12.7,12.7,12.5,12.5,-999,-999,-1.96,0.0,0.0,0.0
2.3188562393188477,-0.009203923997222,0.0859032906407388,-0.0613594933148134,0.7163720844504469,-0.6227988571453564,-8.093105273542411,-0.0076699366643516,0.027611771991666,-0.0828353159749981,0.6948962617902622,-0.6844092385657332,-8.561290244490733,-5.38,-570.28,-258.24,-153.32999999999998,-642.91,0.0,-0.1918465913792167,0.0,-0.1918465913792167,0.0,32,38,37,36,40,6,-238,-88,-88,-243,12.8,12.7,12.7,12.5,12.4,-999,-999,-1.96,0.0,0.0,0.0
2.3358590602874756,-0.009203923997222,0.0828353159749981,-0.0613594933148134,0.7133041097847063,-0.6227988571453564,-8.093105273542411,-0.0076699366643516,0.0214758226601847,-0.0828353159749981,0.6856923377930402,-0.6844092385657332,-8.561290244490733,-5.38,-613.3199999999999,-258.24,-161.4,-642.91,0.0,-0.1918465913792167,0.0,-0.1678657674568146,0.0,32,38,37,36,40,6,-238,-88,-88,-250,12.8,12.6,12.6,12.5,12.4,-999,-999,-1.96,0.0,0.0,0.0
2.3528661727905273,-0.0076699366643516,0.0813013286421278,-0.0613594933148134,0.707168160453225,-0.6227988571453564,-8.093105273542411,-0.0076699366643516,0.0199418353273143,-0.0828353159749981,0.6810903757944292,-0.6844092385657332,-8.561290244490733,-5.38,-624.08,-260.93,-169.47,-640.22,0.0,-0.1678657674568146,0.0,-0.1918465913792167,0.0,32,37,37,36,40,6,-238,-88,-94,-243,12.7,12.7,12.6,12.5,12.4,-999,-999,-1.96,0.0,0.0,0.0
2.3699057102203365,-0.009203923997222,0.0766993666435168,-0.0613594933148134,0.7041001857874842,-0.6227988571453564,-8.093105273542411,-0.009203923997222,0.0168738606615736,-0.0828353159749981,0.6764884137958181,-0.6844092385657332,-8.561290244490733,-5.38,-562.21,-260.93,-177.54,-642.91,0.0,-0.1438849435344125,0.0,-0.1918465913792167,0.0,32,37,37,36,40,6,-232,-88,-94,-243,12.8,12.7,12.6,12.5,12.4,-999,-999,-1.96,0.0,0.0,0.0
2.3868668079376216,-0.009203923997222,0.0751653793106464,-0.0613594933148134,0.6994982237888732,-0.6212648698124861,-8.080811670411755,-0.009203923997222,0.0168738606615736,-0.0828353159749981,0.6764884137958181,-0.6844092385657332,-8.561290244490733,-5.38,-616.01,-258.24,-164.09,-645.6,0.0,-0.1438849435344125,0.0,-0.2158274153016187,0.0,31,38,37,36,40,0,-238,-88,-94,-243,12.7,12.6,12.6,12.5,12.3,-999,-999,-1.96,0.0,0.0,0.0
2.403940200805664,-0.009203923997222,0.0720974046449058,-0.0613594933148134,0.6948962617902622,-0.6212648698124861,-8.080811670411755,-0.009203923997222,0.0122718986629626,-0.0843693033078684,0.6657505024657259,-0.6844092385657332,-8.561290244490733,-5.38,-650.98,-295.9,-193.68,-642.91,0.0,-0.1438849435344125,0.0,-0.2158274153016187,0.0,31,38,37,36,40,0,-238,-94,-94,-243,12.7,12.7,12.6,12.5,12.4,-999,-999,-1.96,0.0,0.0,0.0
2.4209437370300293,-0.009203923997222,0.0720974046449058,-0.0613594933148134,0.6918282871245215,-0.6227988571453564,-8.093105273542411,-0.009203923997222,0.0107379113300923,-0.0843693033078684,0.6626825277999852,-0.6844092385657332,-8.561290244490733,-5.38,-707.47,-274.38,-190.99,-640.22,0.0,-0.1199041196120104,0.0,-0.2158274153016187,0.0,31,38,37,36,40,0,-250,-94,-100,-243,12.7,12.7,12.6,12.4,12.4,-999,-999,-1.96,0.0,0.0,0.0
2.4379384517669678,-0.009203923997222,0.0720974046449058,-0.0613594933148134,0.6872263251259105,-0.6227988571453564,-8.093105273542411,-0.009203923997222,0.009203923997222,-0.0859032906407388,0.6580805658013742,-0.6844092385657332,-8.561290244490733,-5.38,-685.9499999999999,-279.76,-161.4,-640.22,0.0,-0.0959232956896083,0.0,-0.2158274153016187,0.0,32,38,37,36,40,0,-250,-94,-100,-243,12.7,12.7,12.6,12.5,12.4,-999,-999,-1.96,0.0,0.0,0.0
2.4549331665039062,-0.009203923997222,0.0720974046449058,-0.0613594933148134,0.6826243631272996,-0.6227988571453564,-8.093105273542411,-0.009203923997222,0.0076699366643516,-0.0859032906407388,0.6534786038027631,-0.6844092385657332,-8.561290244490733,-5.38,-702.09,-290.52,-177.54,-642.91,0.0,-0.0479616478448041,0.0,-0.2398082392240208,0.0,32,38,37,36,40,0,-257,-100,-119,-250,12.7,12.7,12.6,12.6,12.3,-999,-999,-1.96,0.0,0.0,0.0
2.4719653129577632,-0.009203923997222,0.0705634173120354,-0.0613594933148134,0.6780224011286885,-0.6227988571453564,-8.093105273542411,-0.009203923997222,0.0061359493314813,-0.0859032906407388,0.6488766418041522,-0.6844092385657332,-8.561290244490733,-5.38,-694.02,-293.21,-177.54,-640.22,0.0,-0.0479616478448041,0.0,-0.2398082392240208,0.0,32,38,37,36,40,0,-257,-100,-100,-243,12.7,12.7,12.6,12.4,12.4,-999,-999,-1.96,0.0,0.0,0.0
2.4888694286346436,-0.009203923997222,0.0674954426462947,-0.0613594933148134,0.6718864517972072,-0.6227988571453564,-8.093105273542411,-0.0076699366643516,0.004601961998611,-0.0874372779736091,0.6442746798055411,-0.6844092385657332,-8.561290244490733,-5.38,-640.22,-295.9,-188.3,-642.91,0.0,-0.0479616478448041,0.0,-0.263789063146423,0.0,32,38,37,36,40,0,-200,-100,-100,-243,12.7,12.6,12.6,12.5,12.3,-999,-999,-1.96,0.0,0.0,0.0
2.5059249401092525,-0.009203923997222,0.0674954426462947,-0.0613594933148134,0.6688184771314665,-0.6227988571453564,-8.093105273542411,-0.0076699366643516,0.0030679746657406,-0.0874372779736091,0.6396727178069301,-0.6844092385657332,-8.561290244490733,-5.38,-696.71,-301.28,-188.3,-640.22,0.0,-0.0479616478448041,0.0,-0.263789063146423,0.0,32,38,37,36,41,6,-257,-100,-100,-243,12.7,12.7,12.6,12.6,12.4,-999,-999,-1.96,0.0,0.0,0.0
2.5228850841522217,-0.009203923997222,0.0659614553134244,-0.0613594933148134,0.6642165151328555,-0.6227988571453564,-8.093105273542411,-0.0076699366643516,0.0015339873328703,-0.0889712653064794,0.6366047431411894,-0.6844092385657332,-8.561290244490733,-5.38,-739.75,-298.59,-201.75,-645.6,0.0,-0.0719424717672062,0.0,-0.2398082392240208,0.0,32,38,37,36,41,6,-257,-100,-126,-243,12.7,12.6,12.6,12.5,12.3,-999,-999,-1.96,0.0,0.0,0.0
2.5398919582366943,-0.009203923997222,0.0659614553134244,-0.0613594933148134,0.6596145531342444,-0.6227988571453564,-8.093105273542411,-0.0076699366643516,0.0,-0.0889712653064794,0.6320027811425785,-0.6844092385657332,-8.561290244490733,-5.38,-715.54,-341.63,-188.3,-640.22,0.0,-0.0719424717672062,0.0,-0.2398082392240208,0.0,32,38,37,36,41,6,-257,-113,-94,-243,12.7,12.7,12.6,12.5,12.3,-999,-999,-1.96,0.0,0.0,0.0
2.5569005012512207,-0.009203923997222,0.0644274679805541,-0.0613594933148134,0.6580805658013742,-0.6227988571453564,-8.093105273542411,-0.0076699366643516,0.0,-0.0889712653064794,0.6274008191439674,-0.6844092385657332,-8.561290244490733,-5.38,-704.78,-333.56,-207.13,-645.6,0.0,-0.0479616478448041,0.0,-0.2158274153016187,0.0,32,38,37,36,40,6,-263,-113,-94,-250,12.7,12.7,12.6,12.5,12.4,-999,-999,-1.96,0.0,0.0,0.0
2.5739123821258545,-0.009203923997222,0.0628934806476837,-0.0613594933148134,0.6519446164698928,-0.6227988571453564,-8.093105273542411,-0.0076699366643516,-0.0015339873328703,-0.0905052526393498,0.6227988571453564,-0.6844092385657332,-8.561290244490733,-10.76,-737.06,-330.87,-190.99,-642.91,0.0,-0.0479616478448041,0.0,-0.2158274153016187,0.0,32,38,37,36,40,6,-263,-113,-119,-243,12.7,12.6,12.5,12.4,12.3,-999,-999,-1.96,0.0,0.0,0.0
2.5909132957458496,-0.009203923997222,0.0628934806476837,-0.0613594933148134,0.6488766418041522,-0.6227988571453564,-8.093105273542411,-0.0061359493314813,-0.0015339873328703,-0.0905052526393498,0.6181968951467454,-0.6828752512328629,-8.550224356364243,-5.38,-737.06,-347.01,-201.75,-637.53,0.0,-0.0479616478448041,0.0,-0.2158274153016187,0.0,32,38,36,36,40,6,-263,-119,-100,-243,12.7,12.7,12.6,12.4,12.4,-999,-999,-1.96,0.0,0.0,0.0
2.6079189777374276,-0.009203923997222,0.0628934806476837,-0.0613594933148134,0.6458086671384115,-0.6227988571453564,-8.093105273542411,-0.0061359493314813,-0.0030679746657406,-0.0920392399722201,0.6135949331481344,-0.6844092385657332,-8.561290244490733,18.83,-672.5,-349.7,-199.06,-621.39,0.0,-0.0479616478448041,0.0,-0.2158274153016187,0.0,32,38,37,36,40,12,-207,-119,-107,-237,12.7,12.5,12.6,12.5,12.3,-999,-999,-1.96,0.0,0.0,0.0
2.624910354614258,-0.009203923997222,0.0613594933148134,-0.0613594933148134,0.6396727178069301,-0.6227988571453564,-8.093105273542411,-0.0061359493314813,-0.004601961998611,-0.0935732273050904,0.6074589838166531,-0.6844092385657332,-8.561290244490733,0.0,-661.74,-368.53,-166.78,-634.84,0.0,-0.023980823922402,0.0,-0.2398082392240208,0.0,32,38,37,36,40,12,-263,-125,-100,-243,12.8,12.6,12.6,12.4,12.4,-999,-999,-1.96,0.0,0.0,0.0
2.6418867111206055,-0.009203923997222,0.0582915186490727,-0.0613594933148134,0.6335367684754488,-0.6212648698124861,-8.080811670411755,-0.004601961998611,-0.004601961998611,-0.0935732273050904,0.602857021818042,-0.6844092385657332,-8.561290244490733,10.76,-642.91,-363.15,-188.3,-637.53,0.0,-0.0479616478448041,0.0,-0.2398082392240208,0.0,32,38,37,36,40,12,-257,-125,-100,-243,12.8,12.6,12.5,12.5,12.4,-999,-999,-1.96,0.0,0.0,0.0
2.658888816833496,-0.009203923997222,0.0567575313162024,-0.0613594933148134,0.6304687938097081,-0.6227988571453564,-8.093105273542411,-0.004601961998611,-0.0061359493314813,-0.0935732273050904,0.5982550598194311,-0.6844092385657332,-8.561290244490733,34.97,-637.53,-371.22,-199.06,-637.53,0.0,-0.0719424717672062,0.0,-0.2398082392240208,0.0,32,38,37,36,40,18,-194,-132,-132,-243,12.7,12.7,12.6,12.5,12.4,-999,-999,-1.96,0.0,0.0,0.0
2.6759064197540283,-0.0076699366643516,0.055223543983332,-0.0613594933148134,0.6243328444782268,-0.6227988571453564,-8.093105273542411,-0.0030679746657406,-0.0076699366643516,-0.0935732273050904,0.5921191104879497,-0.6844092385657332,-8.561290244490733,24.21,-710.16,-363.15,-220.58,-637.53,0.0,-0.0959232956896083,0.0,-0.263789063146423,0.0,32,38,37,36,38,18,-250,-125,-107,-243,12.7,12.7,12.6,12.4,12.2,-999,-999,-1.96,0.0,0.0,0.0
2.6935954093933105,-0.0076699366643516,0.055223543983332,-0.0613594933148134,0.6212648698124861,-0.6227988571453564,-8.093105273542411,-0.0030679746657406,-0.0076699366643516,-0.0935732273050904,0.5921191104879497,-0.6844092385657332,-8.561290244490733,21.52,-718.23,-373.91,-228.65,-637.53,0.0,-0.0959232956896083,0.0,-0.2398082392240208,0.0,32,38,36,36,41,18,-257,-125,-107,-243,12.7,12.6,12.6,12.4,12.3,-999,-999,-1.96,0.0,0.0,0.0
2.7109086513519287,-0.0061359493314813,0.055223543983332,-0.0613594933148134,0.6151289204810048,-0.6227988571453564,-8.093105273542411,-0.0015339873328703,-0.009203923997222,-0.0966412019708311,0.5783132244921166,-0.6844092385657332,-8.561290244490733,0.0,-728.99,-406.19,-185.61,-637.53,0.023980823922402,-0.0479616478448041,0.0,-0.263789063146423,0.0,32,37,38,36,41,12,-257,-138,-113,-243,12.7,12.6,12.5,12.4,12.4,-999,-999,-1.96,0.0,0.0,0.0
2.7279551029205322,-0.004601961998611,0.055223543983332,-0.0613594933148134,0.6089929711495234,-0.6227988571453564,-8.093105273542411,-0.0015339873328703,-0.009203923997222,-0.0966412019708311,0.570643287827765,-0.6844092385657332,-8.561290244490733,8.07,-739.75,-419.64,-164.09,-637.53,0.023980823922402,-0.023980823922402,0.0,-0.263789063146423,0.0,32,37,38,36,40,12,-263,-144,-113,-243,12.7,12.6,12.6,12.4,12.3,-999,-999,-1.96,0.0,0.0,0.0
2.7449119091033936,-0.0030679746657406,0.0536895566504617,-0.0613594933148134,0.6043910091509124,-0.6227988571453564,-8.093105273542411,-0.0015339873328703,-0.0107379113300923,-0.0981751893037015,0.5629733511634133,-0.6844092385657332,-8.561290244490733,0.0,-613.3199999999999,-419.64,-190.99,-637.53,0.0479616478448041,-0.023980823922402,0.0,-0.287769887068825,0.0,32,37,37,36,40,6,-257,-144,-144,-243,12.7,12.7,12.6,12.4,12.3,-999,-999,-1.96,0.0,0.0,0.0
2.7619173526763916,-0.0030679746657406,0.050621581984721,-0.0613594933148134,0.5967210724865607,-0.6227988571453564,-8.093105273542411,0.0,-0.009203923997222,-0.0981751893037015,0.5553034144990616,-0.6844092385657332,-8.561290244490733,0.0,-645.6,-446.54,-174.85,-640.22,0.0479616478448041,-0.0479616478448041,0.0,-0.3117507109912271,0.0,32,37,37,36,40,6,-250,-150,-119,-250,12.7,12.7,12.6,12.5,12.4,-999,-999,-1.96,0.0,0.0,0.0
2.778869152069092,-0.0015339873328703,0.0490875946518507,-0.0613594933148134,0.589051135822209,-0.6227988571453564,-8.093105273542411,0.0015339873328703,-0.0107379113300923,-0.0981751893037015,0.5460994905018396,-0.6844092385657332,-8.561290244490733,21.52,-642.91,-435.78,-185.61,-637.53,0.0479616478448041,-0.0719424717672062,0.0,-0.3357315349136292,0.0,32,37,37,36,40,12,-238,-150,-125,-243,12.7,12.6,12.2,12.4,12.3,-999,-999,-1.96,0.0,0.0,0.0
2.795851469039917,-0.0015339873328703,0.0475536073189804,-0.0613594933148134,0.5829151864907277,-0.6212648698124861,-8.080811670411755,0.0015339873328703,-0.0107379113300923,-0.0981751893037015,0.5460994905018396,-0.6844092385657332,-8.561290244490733,24.21,-683.26,-435.78,-204.44,-640.22,0.0479616478448041,-0.0719424717672062,0.0,-0.3597123588360313,0.0,32,37,37,36,40,12,-244,-150,-125,-250,12.7,12.6,12.6,12.6,12.4,-999,-999,-1.96,0.0,0.0,0.0
2.8128643035888676,-0.0015339873328703,0.0490875946518507,-0.0613594933148134,0.5767792371592464,-0.6227988571453564,-8.093105273542411,0.0015339873328703,-0.0107379113300923,-0.1012431639694421,0.5276916425073956,-0.6844092385657332,-8.561290244490733,-10.76,-672.5,-457.3,-199.06,-637.53,0.023980823922402,-0.0719424717672062,0.0,-0.3597123588360313,0.0,32,37,37,37,40,6,-238,-157,-132,-243,12.7,12.6,12.6,12.4,12.2,-999,-999,-1.96,0.0,0.0,0.0
2.829860210418701,0.0,0.0475536073189804,-0.0613594933148134,0.5691093004948946,-0.6227988571453564,-8.093105273542411,0.0015339873328703,-0.0107379113300923,-0.1027771513023125,0.5184877185101736,-0.6844092385657332,-8.561290244490733,0.0,-683.26,-470.75,-185.61,-634.84,0.023980823922402,-0.0479616478448041,0.0,-0.3597123588360313,0.0,32,38,37,37,41,6,-244,-163,-132,-243,12.7,12.6,12.6,12.4,12.2,-999,-999,-1.96,0.0,0.0,0.0
2.8468348979949956,0.0,0.0475536073189804,-0.0613594933148134,0.5599053764976727,-0.6227988571453564,-8.093105273542411,0.0015339873328703,-0.0107379113300923,-0.1027771513023125,0.5184877185101736,-0.6844092385657332,-8.561290244490733,-5.38,-680.5699999999999,-486.89,-174.85,-634.84,0.023980823922402,-0.023980823922402,0.0,-0.3836931827584334,0.0,32,38,37,37,41,6,-238,-169,-132,-243,12.7,12.6,12.5,12.4,12.3,-999,-999,-1.96,0.0,0.0,0.0
2.8638379573822026,0.0,0.0475536073189804,-0.0613594933148134,0.5522354398333209,-0.6227988571453564,-8.093105273542411,0.0030679746657406,-0.0107379113300923,-0.1043111386351828,0.5092837945129516,-0.6844092385657332,-8.561290244490733,32.28,-680.5699999999999,-503.03,-193.68,-634.84,0.023980823922402,0.0,0.0,-0.4076740066808355,0.0,32,38,37,37,41,12,-238,-175,-138,-243,12.7,12.6,12.5,12.4,12.3,-999,-999,-1.96,0.0,0.0,0.0
2.8808574676513676,0.0,0.0475536073189804,-0.0613594933148134,0.5445655031689692,-0.6227988571453564,-8.093105273542411,0.0030679746657406,-0.0107379113300923,-0.1058451259680531,0.4893419591856371,-0.6844092385657332,-8.561290244490733,8.07,-677.88,-503.03,-177.54,-634.84,0.0,0.0,0.0,-0.4316548306032375,0.0,32,38,37,37,42,12,-238,-175,-138,-243,12.7,12.6,12.1,12.4,12.3,-999,-999,-1.96,0.0,0.0,0.0
2.8978707790374756,0.0,0.0490875946518507,-0.0613594933148134,0.5353615791717473,-0.6227988571453564,-8.093105273542411,0.0030679746657406,-0.009203923997222,-0.1058451259680531,0.4801380351884152,-0.6844092385657332,-8.561290244490733,16.14,-683.26,-519.17,-188.3,-634.84,0.0,0.0,0.0,-0.4556356545256396,0.0,32,38,37,37,41,6,-244,-182,-138,-243,12.7,12.6,12.4,12.3,12.3,-999,-999,-1.96,0.0,0.0,0.0
2.9148447513580322,0.0,0.0475536073189804,-0.0613594933148134,0.5276916425073956,-0.6227988571453564,-8.093105273542411,0.0030679746657406,-0.0107379113300923,-0.1058451259680531,0.4694001238583228,-0.6844092385657332,-8.561290244490733,21.52,-640.22,-527.24,-177.54,-634.84,0.0,0.0,0.0,-0.4556356545256396,0.0,32,38,37,37,41,12,-232,-182,-138,-243,12.7,12.6,12.4,12.3,12.2,-999,-999,-1.96,0.0,0.0,0.0
2.9318549633026123,0.0015339873328703,0.0490875946518507,-0.0613594933148134,0.5200217058430439,-0.6227988571453564,-8.093105273542411,0.004601961998611,-0.0107379113300923,-0.1058451259680531,0.4586622125282305,-0.6844092385657332,-8.561290244490733,10.76,-680.5699999999999,-527.24,-196.37,-637.53,0.0,0.0,0.0,-0.4556356545256396,0.0,32,38,37,37,41,12,-244,-182,-138,-243,12.7,12.6,12.5,12.3,12.3,-999,-999,-1.96,0.0,0.0,0.0
2.948861837387085,0.0015339873328703,0.0490875946518507,-0.0613594933148134,0.5108177818458219,-0.6227988571453564,-8.093105273542411,0.004601961998611,-0.0107379113300923,-0.1058451259680531,0.4479243011981381,-0.6844092385657332,-8.561290244490733,21.52,-683.26,-527.24,-199.06,-632.15,0.0,0.0,0.0,-0.4556356545256396,0.0,32,38,37,37,41,12,-244,-182,-138,-243,12.7,12.4,12.5,12.3,12.3,-999,-999,-1.96,0.0,0.0,0.0
2.9658875465393066,0.0015339873328703,0.0490875946518507,-0.0613594933148134,0.5031478451814702,-0.6212648698124861,-8.080811670411755,0.0061359493314813,-0.0107379113300923,-0.1058451259680531,0.4387203772009161,-0.6844092385657332,-8.561290244490733,0.0,-683.26,-527.24,-190.99,-634.84,0.0,0.0,0.0,-0.4556356545256396,0.0,32,38,37,37,41,12,-244,-182,-138,-243,12.7,12.6,12.5,12.3,12.3,-999,-999,-1.96,0.0,0.0,0.0
2.9829349517822266,0.0030679746657406,0.0475536073189804,-0.0613594933148134,0.4954779085171185,-0.6227988571453564,-8.093105273542411,0.0061359493314813,-0.0107379113300923,-0.1058451259680531,0.4295164532036941,-0.6844092385657332,-8.561290244490733,18.83,-685.9499999999999,-524.55,-196.37,-632.15,0.0,0.0,0.0,-0.4556356545256396,0.0,32,38,38,37,41,12,-244,-182,-144,-243,12.7,12.6,12.5,12.3,12.3,-999,-999,-1.96,0.0,0.0,0.0
2.9998631477355953,0.0030679746657406,0.0490875946518507,-0.0613594933148134,0.4878079718527668,-0.6227988571453564,-8.093105273542411,0.0061359493314813,-0.0122718986629626,-0.1058451259680531,0.420312529206472,-0.6844092385657332,-8.561290244490733,2.69,-685.9499999999999,-527.24,-207.13,-634.84,0.023980823922402,0.0,0.0,-0.4556356545256396,0.0,32,38,38,37,40,12,-244,-182,-144,-243,12.7,12.6,12.5,12.4,12.2,-999,-999,-1.96,0.0,0.0,0.0
3.0168850421905513,0.004601961998611,0.0490875946518507,-0.0613594933148134,0.4801380351884152,-0.6227988571453564,-8.093105273542411,0.0061359493314813,-0.0122718986629626,-0.1058451259680531,0.420312529206472,-0.6844092385657332,-8.561290244490733,0.0,-702.09,-527.24,-212.51,-634.84,0.023980823922402,0.0,0.0,-0.4556356545256396,0.0,32,38,37,37,40,6,-250,-182,-144,-243,12.7,12.6,12.5,12.4,12.3,-999,-999,-1.96,0.0,0.0,0.0
3.0338518619537354,0.004601961998611,0.0490875946518507,-0.0613594933148134,0.4709341111911931,-0.6227988571453564,-8.093105273542411,0.0076699366643516,-0.0122718986629626,-0.1058451259680531,0.4003706938791577,-0.6844092385657332,-8.561290244490733,21.52,-702.09,-527.24,-196.37,-632.15,0.023980823922402,0.0,0.0,-0.4556356545256396,0.0,32,38,37,37,40,12,-250,-182,-144,-243,12.7,12.6,12.6,12.4,12.3,-999,-999,-1.96,0.0,0.0,0.0
3.0508143901824956,0.0061359493314813,0.0490875946518507,-0.0613594933148134,0.4632641745268415,-0.6227988571453564,-8.093105273542411,0.009203923997222,-0.013805885995833,-0.1058451259680531,0.392700757214806,-0.6844092385657332,-8.561290244490733,-8.07,-699.4,-524.55,-190.99,-634.84,0.023980823922402,0.0,0.0,-0.4556356545256396,0.0,31,38,37,36,40,6,-250,-182,-144,-243,12.7,12.6,12.6,12.3,12.2,-999,-999,-1.96,0.0,0.0,0.0
3.067888021469116,0.0061359493314813,0.0475536073189804,-0.0613594933148134,0.4555942378624898,-0.6227988571453564,-8.093105273542411,0.009203923997222,-0.013805885995833,-0.1058451259680531,0.383496833217584,-0.6844092385657332,-8.561290244490733,29.59,-707.47,-524.55,-207.13,-632.15,0.023980823922402,0.0,0.0,-0.4556356545256396,0.0,31,38,37,36,40,12,-257,-182,-144,-243,12.7,12.6,12.6,12.4,12.3,-999,-999,-1.96,0.0,0.0,0.0
3.0848646163940434,0.0061359493314813,0.0475536073189804,-0.0613594933148134,0.4463903138652678,-0.6227988571453564,-8.093105273542411,0.0107379113300923,-0.013805885995833,-0.1058451259680531,0.3742929092203619,-0.6844092385657332,-8.561290244490733,8.07,-718.23,-524.55,-215.2,-634.84,0.023980823922402,0.0,0.0,-0.4556356545256396,0.0,31,38,37,36,40,12,-257,-182,-150,-243,12.6,12.1,12.5,12.4,12.2,-999,-999,-1.96,0.0,0.0,0.0
3.1018967628479004,0.0061359493314813,0.0475536073189804,-0.0613594933148134,0.4371863898680457,-0.6227988571453564,-8.093105273542411,0.0122718986629626,-0.013805885995833,-0.1058451259680531,0.3635549978902696,-0.6844092385657332,-8.561290244490733,32.28,-718.23,-524.55,-193.68,-632.15,0.023980823922402,0.0,0.0,-0.4796164784480417,0.0,32,38,37,36,40,12,-257,-182,-144,-243,12.7,12.6,12.5,12.4,12.3,-999,-999,-1.96,0.0,0.0,0.0
3.1188635826110844,0.0076699366643516,0.0490875946518507,-0.0613594933148134,0.4295164532036941,-0.6227988571453564,-8.093105273542411,0.0122718986629626,-0.013805885995833,-0.1058451259680531,0.3543510738930476,-0.6844092385657332,-8.561290244490733,21.52,-710.16,-524.55,-174.85,-637.53,0.023980823922402,0.0,0.0,-0.4796164784480417,0.0,32,38,37,36,40,18,-250,-182,-120,-243,12.7,12.6,12.5,12.3,12.3,-999,-999,-1.96,0.0,0.0,0.0
3.13582706451416,0.0076699366643516,0.0475536073189804,-0.0613594933148134,0.4218465165393424,-0.6227988571453564,-8.093105273542411,0.013805885995833,-0.0153398733287033,-0.1058451259680531,0.3466811372286959,-0.6844092385657332,-8.561290244490733,13.45,-704.78,-524.55,-209.82,-632.15,0.023980823922402,0.0,0.0,-0.4796164784480417,0.0,32,38,37,36,40,18,-250,-182,-144,-243,12.7,12.5,12.5,12.4,12.2,-999,-999,-1.96,0.0,0.0,0.0
3.152926445007324,0.009203923997222,0.0490875946518507,-0.0613594933148134,0.4141765798749907,-0.6227988571453564,-8.093105273542411,0.013805885995833,-0.0168738606615736,-0.1058451259680531,0.3390112005643442,-0.6844092385657332,-8.561290244490733,21.52,-728.99,-527.24,-196.37,-634.84,0.023980823922402,0.0,0.0,-0.4796164784480417,0.0,32,38,37,36,40,18,-263,-182,-144,-243,12.7,12.6,12.5,12.3,12.3,-999,-999,-1.96,0.0,0.0,0.0
3.1698603630065922,0.0107379113300923,0.0490875946518507,-0.0613594933148134,0.4049726558777687,-0.6227988571453564,-8.093105273542411,0.013805885995833,-0.0168738606615736,-0.1058451259680531,0.3298072765671222,-0.6844092385657332,-8.561290244490733,10.76,-750.51,-524.55,-204.44,-632.15,0.023980823922402,0.0,0.0,-0.4556356545256396,0.0,31,39,38,36,40,12,-269,-182,-144,-243,12.7,12.6,12.5,12.3,12.2,-999,-999,-1.96,0.0,0.0,0.0
3.1869153976440434,0.0107379113300923,0.0475536073189804,-0.0613594933148134,0.3988367065462873,-0.6227988571453564,-8.093105273542411,0.013805885995833,-0.0168738606615736,-0.1058451259680531,0.3190693652370299,-0.6844092385657332,-8.561290244490733,-16.14,-745.13,-527.24,-234.03,-632.15,0.023980823922402,0.0,0.0,-0.4556356545256396,0.0,31,37,38,36,41,12,-263,-182,-150,-243,12.7,12.6,12.6,12.3,12.3,-999,-999,-1.96,0.0,0.0,0.0
3.2058300971984863,0.0122718986629626,0.0490875946518507,-0.0613594933148134,0.3896327825490653,-0.6227988571453564,-8.093105273542411,0.013805885995833,-0.018407847994444,-0.1058451259680531,0.3098654412398078,-0.6844092385657332,-8.561290244490733,-5.38,-745.13,-527.24,-212.51,-632.15,0.0479616478448041,0.0,0.0,-0.4556356545256396,0.0,31,38,38,36,41,6,-263,-182,-150,-243,12.7,12.6,12.4,12.3,12.3,-999,-999,-1.96,0.0,0.0,0.0
3.22281551361084,0.013805885995833,0.0475536073189804,-0.0613594933148134,0.3804288585518433,-0.6227988571453564,-8.093105273542411,0.013805885995833,-0.018407847994444,-0.1058451259680531,0.2991275299097155,-0.6844092385657332,-8.561290244490733,0.0,-763.96,-524.55,-215.2,-634.84,0.0479616478448041,0.0,0.0,-0.4556356545256396,0.0,31,38,37,36,41,0,-269,-182,-150,-250,12.7,12.6,12.5,12.3,12.3,-999,-999,-1.96,0.0,0.0,0.0
3.2398462295532227,0.013805885995833,0.0475536073189804,-0.0613594933148134,0.3727589218874916,-0.6212648698124861,-8.080811670411755,0.013805885995833,-0.018407847994444,-0.1058451259680531,0.2991275299097155,-0.6844092385657332,-8.561290244490733,-2.69,-769.34,-524.55,-209.82,-634.84,0.0479616478448041,0.0,0.0,-0.4556356545256396,0.0,31,38,37,36,41,0,-275,-182,-144,-243,12.7,12.6,12.5,12.3,12.3,-999,-999,-1.96,0.0,0.0,0.0
3.2568295001983643,0.0153398733287033,0.0490875946518507,-0.0613594933148134,0.36508898522314,-0.6227988571453564,-8.093105273542411,0.0122718986629626,-0.018407847994444,-0.1058451259680531,0.2822536692481418,-0.6844092385657332,-8.561290244490733,29.59,-766.65,-521.86,-212.51,-632.15,0.0479616478448041,0.0,0.0,-0.4556356545256396,0.0,31,38,37,36,41,-13,-275,-182,-144,-243,12.7,12.6,12.5,12.3,12.1,-999,-999,-1.96,0.0,0.0,0.0
3.273851156234741,0.0153398733287033,0.0475536073189804,-0.0613594933148134,0.3558850612259179,-0.6227988571453564,-8.093105273542411,0.0107379113300923,-0.018407847994444,-0.1058451259680531,0.2745837325837901,-0.6844092385657332,-8.561290244490733,43.04,-761.27,-524.55,-220.58,-629.46,0.0479616478448041,0.0,0.0,-0.4556356545256396,0.0,31,38,37,36,41,-13,-275,-182,-150,-243,12.6,12.6,12.5,12.3,12.2,-999,-999,-1.96,0.0,0.0,0.0
3.29081392288208,0.0153398733287033,0.0490875946518507,-0.0613594933148134,0.3497491118944366,-0.6227988571453564,-8.093105273542411,0.0107379113300923,-0.018407847994444,-0.1058451259680531,0.2745837325837901,-0.6844092385657332,-8.561290244490733,8.07,-766.65,-524.55,-225.96,-632.15,0.023980823922402,0.0,0.0,-0.4556356545256396,0.0,31,38,37,36,41,-19,-275,-182,-150,-243,12.7,12.6,12.5,12.3,12.3,-999,-999,-1.96,0.0,0.0,0.0
3.307791233062744,0.0153398733287033,0.0490875946518507,-0.0613594933148134,0.3390112005643442,-0.6212648698124861,-8.080811670411755,0.0107379113300923,-0.0199418353273143,-0.1058451259680531,0.2577098719222164,-0.6844092385657332,-8.561290244490733,21.52,-780.1,-524.55,-204.44,-634.84,0.0,0.0,0.0,-0.4556356545256396,0.0,32,38,37,36,41,-13,-275,-182,-144,-243,12.7,12.5,12.5,12.3,12.3,-999,-999,-1.96,0.0,0.0,0.0
3.324894905090332,0.013805885995833,0.0475536073189804,-0.0613594933148134,0.3313412638999926,-0.6227988571453564,-8.093105273542411,0.0107379113300923,-0.0214758226601847,-0.1058451259680531,0.2500399352578648,-0.6844092385657332,-8.561290244490733,16.14,-782.79,-524.55,-199.06,-632.15,0.0,0.0,0.0,-0.4556356545256396,0.0,32,38,37,36,40,-13,-282,-182,-150,-243,12.7,12.6,12.5,12.2,12.2,-999,-999,-1.96,0.0,0.0,0.0
3.341916799545288,0.013805885995833,0.0490875946518507,-0.0613594933148134,0.3221373399027705,-0.6227988571453564,-8.093105273542411,0.0107379113300923,-0.023009809993055,-0.1058451259680531,0.2423699985935131,-0.6844092385657332,-8.561290244490733,0.0,-780.1,-524.55,-209.82,-629.46,0.0,0.0,0.0,-0.4556356545256396,0.0,32,38,38,36,40,-7,-282,-182,-150,-243,12.7,12.6,12.5,12.3,12.3,-999,-999,-1.96,0.0,0.0,0.0
3.358848810195923,0.0122718986629626,0.04601961998611,-0.0613594933148134,0.3144674032384189,-0.6227988571453564,-8.093105273542411,0.0107379113300923,-0.0245437973259253,-0.1058451259680531,0.2347000619291614,-0.6844092385657332,-8.561290244490733,0.0,-758.58,-521.86,-209.82,-634.84,-0.023980823922402,0.0,0.0,-0.4556356545256396,0.0,32,38,37,36,40,-7,-282,-182,-144,-243,12.7,12.5,12.6,12.4,12.3,-999,-999,-1.96,0.0,0.0,0.0
3.3757941722869873,0.0107379113300923,0.0444856326532397,-0.0613594933148134,0.3067974665740672,-0.6227988571453564,-8.093105273542411,0.0107379113300923,-0.0245437973259253,-0.1058451259680531,0.22856411259768,-0.6844092385657332,-8.561290244490733,-2.69,-726.3,-524.55,-201.75,-629.46,-0.023980823922402,-0.023980823922402,0.0,-0.4556356545256396,0.0,32,38,37,36,41,0,-282,-182,-150,-243,12.7,12.5,12.5,12.3,12.3,-999,-999,-1.96,0.0,0.0,0.0
3.392833948135376,0.0107379113300923,0.0429516453203694,-0.0613594933148134,0.2991275299097155,-0.6227988571453564,-8.093105273542411,0.0107379113300923,-0.0245437973259253,-0.1058451259680531,0.22856411259768,-0.6844092385657332,-8.561290244490733,-2.69,-734.37,-524.55,-215.2,-632.15,-0.023980823922402,-0.0479616478448041,0.0,-0.4556356545256396,0.0,32,37,37,36,41,0,-275,-182,-150,-243,12.7,12.5,12.5,12.3,12.3,-999,-999,-1.96,0.0,0.0,0.0
3.4098689556121826,0.009203923997222,0.0429516453203694,-0.0613594933148134,0.2914575932453638,-0.6227988571453564,-8.093105273542411,0.0107379113300923,-0.0260777846587957,-0.1058451259680531,0.214758226601847,-0.6844092385657332,-8.561290244490733,-2.69,-750.51,-524.55,-228.65,-632.15,-0.023980823922402,-0.0719424717672062,0.0,-0.4556356545256396,0.0,32,37,37,36,41,0,-275,-182,-157,-243,12.7,12.5,12.5,12.4,12.2,-999,-999,-1.96,0.0,0.0,0.0
3.4268412590026855,0.009203923997222,0.041417657987499,-0.0613594933148134,0.2837876565810122,-0.6227988571453564,-8.093105273542411,0.009203923997222,-0.027611771991666,-0.1058451259680531,0.2086222772703657,-0.6844092385657332,-8.561290244490733,-2.69,-772.03,-524.55,-220.58,-634.84,-0.023980823922402,-0.0719424717672062,0.0,-0.4556356545256396,0.0,32,37,37,36,41,6,-275,-182,-157,-243,12.7,12.6,12.5,12.3,12.2,-999,-999,-1.96,0.0,0.0,0.0
3.443897008895874,0.009203923997222,0.041417657987499,-0.0613594933148134,0.2745837325837901,-0.6227988571453564,-8.093105273542411,0.009203923997222,-0.027611771991666,-0.1058451259680531,0.2024863279388843,-0.6844092385657332,-8.561290244490733,0.0,-777.41,-524.55,-212.51,-632.15,-0.023980823922402,-0.0479616478448041,0.0,-0.4556356545256396,0.0,32,38,37,36,41,0,-282,-182,-150,-243,12.7,12.6,12.5,12.3,12.3,-999,-999,-1.96,0.0,0.0,0.0
3.4607880115509033,0.0076699366643516,0.0398836706546287,-0.0613594933148134,0.2669137959194385,-0.6227988571453564,-8.093105273542411,0.0107379113300923,-0.027611771991666,-0.1058451259680531,0.196350378607403,-0.6844092385657332,-8.561290244490733,0.0,-699.4,-524.55,-190.99,-632.15,-0.023980823922402,-0.0479616478448041,0.0,-0.4556356545256396,0.0,32,38,37,36,41,6,-275,-182,-126,-243,12.7,12.6,12.5,12.4,12.2,-999,-999,-1.96,0.0,0.0,0.0
3.4778189659118652,0.0076699366643516,0.0383496833217584,-0.0613594933148134,0.2577098719222164,-0.6227988571453564,-8.093105273542411,0.009203923997222,-0.027611771991666,-0.1058451259680531,0.1902144292759216,-0.6844092385657332,-8.561290244490733,18.83,-704.78,-524.55,-193.68,-634.84,-0.023980823922402,-0.023980823922402,0.0,-0.4796164784480417,0.0,32,38,37,36,41,12,-269,-182,-144,-243,12.7,12.6,12.4,12.3,12.3,-999,-999,-1.96,0.0,0.0,0.0
3.4958465099334717,0.0076699366643516,0.036815695988888,-0.0613594933148134,0.2500399352578648,-0.6227988571453564,-8.093105273542411,0.009203923997222,-0.0291457593245363,-0.1058451259680531,0.18254449261157,-0.6844092385657332,-8.561290244490733,-5.38,-650.98,-524.55,-215.2,-634.84,-0.023980823922402,-0.0479616478448041,0.0,-0.4796164784480417,0.0,32,38,37,36,41,6,-263,-182,-150,-243,12.7,12.1,12.5,12.4,12.3,-999,-999,-1.96,0.0,0.0,0.0
3.512847661972046,0.0076699366643516,0.0337477213231473,-0.0613594933148134,0.2393020239277724,-0.6227988571453564,-8.093105273542411,0.009203923997222,-0.0291457593245363,-0.1058451259680531,0.1764085432800886,-0.6844092385657332,-8.561290244490733,-2.69,-677.88,-524.55,-217.89,-634.84,0.0,-0.0719424717672062,0.0,-0.4796164784480417,0.0,32,37,37,36,41,6,-257,-182,-144,-243,12.7,12.7,12.5,12.4,12.3,-999,-999,-1.96,0.0,0.0,0.0
3.5298337936401367,0.0076699366643516,0.0337477213231473,-0.0613594933148134,0.2316320872634207,-0.6227988571453564,-8.093105273542411,0.009203923997222,-0.0306797466574067,-0.1058451259680531,0.1687386066157369,-0.6844092385657332,-8.561290244490733,-2.69,-720.92,-524.55,-215.2,-632.15,0.0,-0.0719424717672062,0.0,-0.4796164784480417,0.0,32,37,37,36,41,6,-257,-182,-150,-243,12.7,12.7,12.5,12.4,12.3,-999,-999,-1.96,0.0,0.0,0.0
3.5468645095825195,0.0076699366643516,0.0337477213231473,-0.0613594933148134,0.223962150599069,-0.6227988571453564,-8.093105273542411,0.009203923997222,-0.0306797466574067,-0.1058451259680531,0.1641366446171259,-0.6844092385657332,-8.561290244490733,-2.69,-702.09,-524.55,-223.27,-632.15,0.0,-0.0719424717672062,0.0,-0.4796164784480417,0.0,32,37,37,36,41,6,-263,-182,-150,-243,12.7,12.6,12.4,12.3,12.2,-999,-999,-1.96,0.0,0.0,0.0
3.563868999481201,0.0076699366643516,0.032213733990277,-0.0613594933148134,0.2162922139347173,-0.6227988571453564,-8.093105273542411,0.009203923997222,-0.0306797466574067,-0.1073791133009235,0.1564667079527743,-0.6844092385657332,-8.561290244490733,-2.69,-728.99,-524.55,-207.13,-632.15,0.0,-0.0479616478448041,0.0,-0.4556356545256396,0.0,32,37,37,36,41,6,-263,-182,-150,-243,12.7,12.5,12.5,12.3,12.3,-999,-999,-1.96,0.0,0.0,0.0
3.5808517932891846,0.0076699366643516,0.032213733990277,-0.0613594933148134,0.2070882899374953,-0.6227988571453564,-8.093105273542411,0.009203923997222,-0.0306797466574067,-0.1058451259680531,0.1503307586212929,-0.6844092385657332,-8.561290244490733,-2.69,-720.92,-540.6899999999999,-217.89,-629.46,0.0,-0.023980823922402,0.0,-0.4556356545256396,0.0,32,37,37,36,41,6,-257,-188,-150,-243,12.7,12.6,12.5,12.3,12.2,-999,-999,-1.96,0.0,0.0,0.0
3.5978784561157227,0.0076699366643516,0.032213733990277,-0.0613594933148134,0.1994183532731436,-0.6227988571453564,-8.093105273542411,0.009203923997222,-0.032213733990277,-0.1058451259680531,0.1457287966226819,-0.6844092385657332,-8.561290244490733,-2.69,-726.3,-516.48,-223.27,-637.53,0.0,-0.023980823922402,0.0,-0.4556356545256396,0.0,32,38,37,36,41,6,-257,-182,-150,-243,12.7,12.5,12.5,12.4,12.3,-999,-999,-1.96,0.0,0.0,0.0
3.6148908138275146,0.0076699366643516,0.032213733990277,-0.0613594933148134,0.191748416608792,-0.6212648698124861,-8.080811670411755,0.009203923997222,-0.032213733990277,-0.1058451259680531,0.1395928472912005,-0.6844092385657332,-8.561290244490733,-2.69,-745.13,-524.55,-209.82,-632.15,0.0,0.0,0.0,-0.4556356545256396,0.0,32,38,37,36,41,6,-263,-182,-150,-243,12.7,12.6,12.5,12.4,12.2,-999,-999,-1.96,0.0,0.0,0.0
3.6318466663360596,0.0076699366643516,0.0337477213231473,-0.0613594933148134,0.18254449261157,-0.6227988571453564,-8.093105273542411,0.009203923997222,-0.032213733990277,-0.1058451259680531,0.1334568979597192,-0.6844092385657332,-8.561290244490733,-2.69,-747.8199999999999,-524.55,-239.41,-632.15,0.0,0.0,0.0,-0.4556356545256396,0.0,32,38,37,36,42,6,-269,-182,-150,-243,12.7,12.6,12.5,12.3,12.3,-999,-999,-1.96,0.0,0.0,0.0
3.6488640308380127,0.0076699366643516,0.0337477213231473,-0.0613594933148134,0.1748745559472183,-0.6227988571453564,-8.093105273542411,0.009203923997222,-0.032213733990277,-0.1058451259680531,0.1288549359611082,-0.6844092385657332,-8.561290244490733,-2.69,-745.13,-524.55,-215.2,-634.84,0.0,0.0,0.0,-0.4556356545256396,0.0,32,38,37,36,41,6,-269,-182,-150,-243,12.7,12.6,12.5,12.3,12.3,-999,-999,-1.96,0.0,0.0,0.0
3.6658496856689453,0.0076699366643516,0.032213733990277,-0.0613594933148134,0.1672046192828666,-0.6227988571453564,-8.093105273542411,0.009203923997222,-0.032213733990277,-0.1058451259680531,0.1242529739624972,-0.6844092385657332,-8.561290244490733,-2.69,-747.8199999999999,-524.55,-209.82,-632.15,0.0,0.0,0.0,-0.4556356545256396,0.0,32,37,37,36,40,6,-269,-182,-150,-243,12.7,12.6,12.5,12.4,12.2,-999,-999,-1.96,0.0,0.0,0.0
3.6828837394714355,0.0076699366643516,0.0337477213231473,-0.0613594933148134,0.1595346826185149,-0.6227988571453564,-8.093105273542411,0.009203923997222,-0.0337477213231473,-0.1058451259680531,0.1181170246310158,-0.6844092385657332,-8.561290244490733,-2.69,-747.8199999999999,-527.24,-217.89,-632.15,0.0,0.0,0.0,-0.4556356545256396,0.0,32,37,37,36,40,6,-269,-182,-144,-243,12.7,12.6,12.5,12.4,12.3,-999,-999,-1.96,0.0,0.0,0.0
3.699786901473999,0.0076699366643516,0.032213733990277,-0.0613594933148134,0.1518647459541632,-0.6227988571453564,-8.093105273542411,0.009203923997222,-0.0337477213231473,-0.1058451259680531,0.1150490499652752,-0.6844092385657332,-8.561290244490733,-2.69,-761.27,-524.55,-242.1,-632.15,0.0,0.0,0.0,-0.4556356545256396,0.0,32,37,37,36,40,6,-269,-182,-138,-243,12.7,12.6,12.5,12.2,12.2,-999,-999,-1.96,0.0,0.0,0.0
3.716832160949707,0.0076699366643516,0.032213733990277,-0.0613594933148134,0.1457287966226819,-0.6227988571453564,-8.093105273542411,0.009203923997222,-0.0337477213231473,-0.1058451259680531,0.1104470879666641,-0.6844092385657332,-8.561290244490733,-2.69,-758.58,-524.55,-217.89,-632.15,0.0,0.0,0.0,-0.4316548306032375,0.0,32,37,37,37,40,6,-275,-182,-125,-243,12.7,12.6,12.5,12.3,12.3,-999,-999,-1.96,0.0,0.0,0.0
3.734823226928712,0.0076699366643516,0.032213733990277,-0.0613594933148134,0.1411268346240709,-0.6227988571453564,-8.093105273542411,0.009203923997222,-0.0352817086560177,-0.1058451259680531,0.1058451259680531,-0.6844092385657332,-8.561290244490733,-2.69,-755.89,-521.86,-228.65,-632.15,0.0,0.0,0.0,-0.4076740066808355,0.0,32,38,37,37,40,6,-275,-182,-125,-243,12.7,12.6,12.5,12.3,12.3,-999,-999,-1.96,0.0,0.0,0.0
3.751862049102783,0.0076699366643516,0.032213733990277,-0.0613594933148134,0.1349908852925895,-0.6227988571453564,-8.093105273542411,0.009203923997222,-0.0337477213231473,-0.1058451259680531,0.1027771513023125,-0.6844092385657332,-8.561290244490733,-2.69,-777.41,-521.86,-223.27,-634.84,0.0,0.0,0.0,-0.3597123588360313,0.0,32,38,37,36,40,6,-282,-182,-144,-243,12.7,12.6,12.5,12.4,12.2,-999,-999,-1.96,0.0,0.0,0.0
3.7688121795654297,0.0076699366643516,0.032213733990277,-0.0613594933148134,0.1303889232939785,-0.6227988571453564,-8.093105273542411,0.0076699366643516,-0.0352817086560177,-0.1058451259680531,0.0981751893037015,-0.6844092385657332,-8.561290244490733,-2.69,-747.8199999999999,-521.86,-201.75,-634.84,0.0,0.0,0.0,-0.3357315349136292,0.0,32,38,37,36,40,6,-269,-182,-113,-250,12.7,12.5,12.5,12.4,12.3,-999,-999,-1.96,0.0,0.0,0.0
3.7878611087799072,0.0076699366643516,0.032213733990277,-0.0613594933148134,0.1242529739624972,-0.6227988571453564,-8.093105273542411,0.009203923997222,-0.0352817086560177,-0.1058451259680531,0.0935732273050904,-0.6844092385657332,-8.561290244490733,-2.69,-763.96,-524.55,-217.89,-632.15,0.0,0.0,0.0,-0.3117507109912271,0.0,32,37,37,36,40,0,-275,-182,-113,-243,12.7,12.6,12.6,12.5,12.3,-999,-999,-1.96,0.0,0.0,0.0
3.8049094676971436,0.0076699366643516,0.032213733990277,-0.0613594933148134,0.1211849992967565,-0.6227988571453564,-8.093105273542411,0.0076699366643516,-0.0352817086560177,-0.1058451259680531,0.0889712653064794,-0.6844092385657332,-8.561290244490733,-2.69,-766.65,-524.55,-225.96,-632.15,0.0,0.0,0.0,-0.287769887068825,0.0,32,37,37,36,40,6,-275,-182,-113,-243,12.7,12.6,12.5,12.4,12.3,-999,-999,-1.96,0.0,0.0,0.0
3.8218486309051514,0.0076699366643516,0.032213733990277,-0.0613594933148134,0.1165830372981455,-0.6227988571453564,-8.093105273542411,0.0076699366643516,-0.036815695988888,-0.1058451259680531,0.0843693033078684,-0.6844092385657332,-8.561290244490733,-2.69,-766.65,-524.55,-225.96,-632.15,0.0,0.0,0.0,-0.263789063146423,0.0,32,37,37,36,40,0,-275,-175,-113,-243,12.7,12.5,12.6,12.3,12.3,-999,-999,-1.96,0.0,0.0,0.0
3.8387956619262695,0.0076699366643516,0.032213733990277,-0.0613594933148134,0.1119810752995345,-0.6212648698124861,-8.080811670411755,0.0076699366643516,-0.036815695988888,-0.1058451259680531,0.0797673413092574,-0.6844092385657332,-8.561290244490733,-2.69,-785.48,-519.17,-231.34,-632.15,0.0,0.0,0.0,-0.263789063146423,0.0,32,37,37,36,40,0,-282,-182,-113,-243,12.7,12.6,12.5,12.4,12.2,-999,-999,-1.96,0.0,0.0,0.0
3.8557989597320557,0.0076699366643516,0.032213733990277,-0.0613594933148134,0.1089131006337938,-0.6227988571453564,-8.093105273542411,0.0076699366643516,-0.0383496833217584,-0.1058451259680531,0.0751653793106464,-0.6844092385657332,-8.561290244490733,-2.69,-788.17,-521.86,-258.24,-632.15,0.0,0.0,0.0,-0.2398082392240208,0.0,32,37,37,36,40,0,-282,-182,-119,-243,12.7,12.6,12.5,12.4,12.3,-999,-999,-1.96,0.0,0.0,0.0
3.8727996349334717,0.0076699366643516,0.032213733990277,-0.0613594933148134,0.1043111386351828,-0.6227988571453564,-8.093105273542411,0.0076699366643516,-0.0383496833217584,-0.1058451259680531,0.0705634173120354,-0.6844092385657332,-8.561290244490733,-2.69,-836.59,-521.86,-247.48,-632.15,0.0,0.0,0.0,-0.2398082392240208,0.0,32,37,37,36,40,0,-288,-182,-119,-243,12.7,12.6,12.5,12.4,12.1,-999,-999,-1.96,0.0,0.0,0.0
3.8898000717163086,0.0076699366643516,0.032213733990277,-0.0613594933148134,0.0997091766365718,-0.6227988571453564,-8.093105273542411,0.0076699366643516,-0.0383496833217584,-0.1058451259680531,0.0659614553134244,-0.6844092385657332,-8.561290244490733,-2.69,-804.31,-521.86,-239.41,-632.15,0.0,0.0,0.0,-0.2398082392240208,0.0,32,37,37,36,41,0,-288,-182,-119,-243,12.7,12.6,12.5,12.4,12.3,-999,-999,-1.96,0.0,0.0,0.0
3.906803846359253,0.0076699366643516,0.032213733990277,-0.0613594933148134,0.0951072146379608,-0.6227988571453564,-8.093105273542411,0.0076699366643516,-0.0398836706546287,-0.1058451259680531,0.0613594933148134,-0.6844092385657332,-8.561290244490733,-2.69,-804.31,-524.55,-255.55,-632.15,0.0,0.0,0.0,-0.2398082392240208,0.0,32,38,37,36,41,0,-288,-182,-119,-243,12.6,12.6,12.5,12.4,12.3,-999,-999,-1.96,0.0,0.0,0.0
3.923823118209839,0.0076699366643516,0.0337477213231473,-0.0613594933148134,0.0905052526393498,-0.6227988571453564,-8.093105273542411,0.0061359493314813,-0.0398836706546287,-0.1058451259680531,0.0567575313162024,-0.6844092385657332,-8.561290244490733,-2.69,-823.14,-524.55,-236.72,-632.15,0.0,0.0,0.0,-0.2398082392240208,0.0,32,37,38,36,40,0,-300,-182,-119,-243,12.7,12.6,12.5,12.4,12.2,-999,-999,-1.96,0.0,0.0,0.0
3.940847873687744,0.0076699366643516,0.032213733990277,-0.0613594933148134,0.0874372779736091,-0.6227988571453564,-8.093105273542411,0.0061359493314813,-0.041417657987499,-0.1058451259680531,0.050621581984721,-0.6844092385657332,-8.561290244490733,0.0,-820.4499999999999,-524.55,-255.55,-632.15,0.0,0.0,0.0,-0.2398082392240208,0.0,32,38,37,36,41,-7,-294,-182,-125,-243,12.7,12.6,12.5,12.3,12.2,-999,-999,-1.96,0.0,0.0,0.0
3.9578804969787598,0.0076699366643516,0.032213733990277,-0.0613594933148134,0.0813013286421278,-0.6227988571453564,-8.093105273542411,0.0061359493314813,-0.041417657987499,-0.1058451259680531,0.0475536073189804,-0.6844092385657332,-8.561290244490733,0.0,-850.04,-519.17,-252.86,-632.15,0.0,0.0,0.0,-0.2398082392240208,0.0,32,38,37,36,41,-7,-300,-182,-125,-243,12.7,12.5,12.5,12.3,12.3,-999,-999,-1.96,0.0,0.0,0.0
3.9748499393463135,0.0076699366643516,0.032213733990277,-0.0613594933148134,0.0766993666435168,-0.6227988571453564,-8.093105273542411,0.0061359493314813,-0.0429516453203694,-0.1058451259680531,0.041417657987499,-0.6844092385657332,-8.561290244490733,0.0,-833.9,-524.55,-207.13,-632.15,0.0,0.0,0.0,-0.263789063146423,0.0,32,37,37,36,41,-7,-300,-182,-113,-243,12.7,12.6,12.5,12.3,12.1,-999,-999,-1.96,0.0,0.0,0.0
3.991925001144409,0.0076699366643516,0.032213733990277,-0.0613594933148134,0.0720974046449058,-0.6227988571453564,-8.093105273542411,0.0061359493314813,-0.0444856326532397,-0.1058451259680531,0.0383496833217584,-0.6844092385657332,-8.561290244490733,0.0,-852.73,-521.86,-244.79,-634.84,0.0,0.0,0.0,-0.263789063146423,0.0,32,37,37,36,40,-7,-307,-182,-119,-243,12.7,12.5,12.5,12.3,12.3,-999,-999,-1.96,0.0,0.0,0.0
4.008798122406006,0.0076699366643516,0.032213733990277,-0.0613594933148134,0.0690294299791651,-0.6227988571453564,-8.093105273542411,0.0061359493314813,-0.04601961998611,-0.1058451259680531,0.0337477213231473,-0.6844092385657332,-8.561290244490733,0.0,-836.59,-524.55,-234.03,-629.46,0.0,0.0,0.0,-0.263789063146423,0.0,32,38,37,36,40,-7,-313,-182,-119,-243,12.7,12.5,12.5,12.4,12.2,-999,-999,-1.96,0.0,0.0,0.0
4.0267863273620605,0.0076699366643516,0.0291457593245363,-0.0613594933148134,0.0644274679805541,-0.6212648698124861,-8.080811670411755,0.0061359493314813,-0.04601961998611,-0.1058451259680531,0.0291457593245363,-0.6844092385657332,-8.561290244490733,0.0,-769.34,-521.86,-234.03,-634.84,0.0,0.0,0.0,-0.263789063146423,0.0,32,38,37,36,40,0,-307,-182,-119,-243,12.6,12.6,12.5,12.3,12.3,-999,-999,-1.96,0.0,0.0,0.0
4.043745040893555,0.0061359493314813,0.0260777846587957,-0.0613594933148134,0.0598255059819431,-0.6227988571453564,-8.093105273542411,0.0061359493314813,-0.04601961998611,-0.1058451259680531,0.0291457593245363,-0.6844092385657332,-8.561290244490733,0.0,-753.1999999999999,-524.55,-263.62,-632.15,0.0,-0.0479616478448041,0.0,-0.2398082392240208,0.0,32,37,37,36,40,0,-294,-182,-119,-243,12.7,12.6,12.5,12.4,12.3,-999,-999,-1.96,0.0,0.0,0.0
4.060786485671997,0.0076699366643516,0.0245437973259253,-0.0613594933148134,0.0567575313162024,-0.6227988571453564,-8.093105273542411,0.0061359493314813,-0.0475536073189804,-0.1058451259680531,0.0260777846587957,-0.6844092385657332,-8.561290244490733,-5.38,-777.41,-524.55,-242.1,-632.15,0.0,-0.0719424717672062,0.0,-0.2398082392240208,0.0,32,37,37,36,40,-7,-294,-182,-113,-243,12.7,12.6,12.5,12.3,12.3,-999,-999,-1.96,0.0,0.0,0.0
4.0778467655181885,0.0076699366643516,0.023009809993055,-0.0613594933148134,0.0521555693175914,-0.6227988571453564,-8.093105273542411,0.0061359493314813,-0.050621581984721,-0.1058451259680531,0.018407847994444,-0.6844092385657332,-8.561290244490733,-2.69,-782.79,-527.24,-239.41,-629.46,0.0,-0.0959232956896083,0.0,-0.2158274153016187,0.0,32,38,37,36,40,0,-294,-182,-113,-243,12.7,12.6,12.4,12.4,12.2,-999,-999,-1.96,0.0,0.0,0.0
4.094825267791748,0.0061359493314813,0.0214758226601847,-0.0613594933148134,0.04601961998611,-0.6227988571453564,-8.093105273542411,0.0061359493314813,-0.050621581984721,-0.1058451259680531,0.0168738606615736,-0.6844092385657332,-8.561290244490733,-2.69,-798.93,-521.86,-239.41,-629.46,0.0,-0.0959232956896083,0.0,-0.2158274153016187,0.0,32,38,37,36,40,-7,-294,-182,-113,-243,12.7,12.6,12.5,12.4,12.3,-999,-999,-1.96,0.0,0.0,0.0
4.111829042434692,0.0076699366643516,0.0214758226601847,-0.0613594933148134,0.0429516453203694,-0.6227988571453564,-8.093105273542411,0.0076699366643516,-0.0521555693175914,-0.1058451259680531,0.013805885995833,-0.6844092385657332,-8.561290244490733,0.0,-820.4499999999999,-521.86,-204.44,-632.15,0.0,-0.0959232956896083,0.0,-0.2158274153016187,0.0,32,37,37,36,40,0,-294,-182,-107,-243,12.7,12.6,12.5,12.3,12.3,-999,-999,-1.96,0.0,0.0,0.0
4.128796815872192,0.0061359493314813,0.0214758226601847,-0.0613594933148134,0.0383496833217584,-0.6227988571453564,-8.093105273542411,0.0076699366643516,-0.0536895566504617,-0.1058451259680531,0.0107379113300923,-0.6844092385657332,-8.561290244490733,0.0,-825.8299999999999,-524.55,-201.75,-632.15,0.0,-0.0479616478448041,0.0,-0.2158274153016187,0.0,32,37,37,36,40,0,-300,-182,-100,-243,12.7,12.6,12.5,12.3,12.2,-999,-999,-1.96,0.0,0.0,0.0
4.145795106887817,0.0061359493314813,0.018407847994444,-0.0613594933148134,0.0352817086560177,-0.6227988571453564,-8.093105273542411,0.0076699366643516,-0.055223543983332,-0.1073791133009235,0.009203923997222,-0.6844092385657332,-8.561290244490733,0.0,-696.71,-521.86,-201.75,-632.15,0.0,-0.0479616478448041,0.0,-0.2158274153016187,0.0,32,38,37,36,40,6,-294,-182,-100,-243,12.7,12.6,12.5,12.4,12.3,-999,-999,-1.96,0.0,0.0,0.0
4.16281270980835,0.0061359493314813,0.0153398733287033,-0.0613594933148134,0.0306797466574067,-0.6227988571453564,-8.093105273542411,0.0076699366643516,-0.055223543983332,-0.1073791133009235,0.0061359493314813,-0.6844092385657332,-8.561290244490733,0.0,-688.64,-540.6899999999999,-196.37,-632.15,0.0,-0.0479616478448041,0.0,-0.2158274153016187,0.0,32,37,37,37,40,6,-288,-188,-88,-243,12.7,12.6,12.5,12.4,12.3,-999,-999,-1.96,0.0,0.0,0.0
4.179835319519044,0.0061359493314813,0.0107379113300923,-0.0613594933148134,0.0291457593245363,-0.6227988571453564,-8.093105273542411,0.0076699366643516,-0.0567575313162024,-0.1058451259680531,0.0030679746657406,-0.6844092385657332,-8.561290244490733,0.0,-629.46,-540.6899999999999,-234.03,-632.15,0.0,-0.0959232956896083,0.0,-0.2158274153016187,0.0,32,38,38,37,40,6,-275,-188,-94,-243,12.7,12.6,12.5,12.4,12.3,-999,-999,-1.96,0.0,0.0,0.0
4.199828147888184,0.0061359493314813,0.0076699366643516,-0.0613594933148134,0.027611771991666,-0.6227988571453564,-8.093105273542411,0.0076699366643516,-0.0567575313162024,-0.1058451259680531,0.0,-0.6844092385657332,-8.561290244490733,0.0,-659.05,-521.86,-252.86,-634.84,0.0,-0.1438849435344125,0.0,-0.1678657674568146,0.0,32,38,38,37,40,6,-263,-182,-100,-243,12.7,12.7,12.5,12.4,12.2,-999,-999,-1.96,0.0,0.0,0.0
4.218770503997803,0.0061359493314813,0.0061359493314813,-0.0613594933148134,0.0245437973259253,-0.6227988571453564,-8.093105273542411,0.0076699366643516,-0.0582915186490727,-0.1058451259680531,-0.0030679746657406,-0.6844092385657332,-8.561290244490733,0.0,-683.26,-524.55,-258.24,-632.15,0.0,-0.1678657674568146,0.0,-0.1438849435344125,0.0,32,38,38,37,41,6,-257,-182,-100,-243,12.7,12.7,12.5,12.4,12.2,-999,-999,-1.96,0.0,0.0,0.0
4.235792398452759,0.0061359493314813,0.004601961998611,-0.0613594933148134,0.0214758226601847,-0.6227988571453564,-8.093105273542411,0.0076699366643516,-0.0582915186490727,-0.1058451259680531,-0.0030679746657406,-0.6844092385657332,-8.561290244490733,0.0,-707.47,-521.86,-239.41,-632.15,0.0,-0.1438849435344125,0.0,-0.1199041196120104,0.0,32,38,38,37,41,6,-257,-182,-107,-243,12.7,12.6,12.5,12.3,12.4,-999,-999,-1.96,0.0,0.0,0.0
4.252837657928467,0.0061359493314813,0.004601961998611,-0.0613594933148134,0.0199418353273143,-0.6227988571453564,-8.093105273542411,0.0061359493314813,-0.0613594933148134,-0.1058451259680531,-0.0107379113300923,-0.6828752512328629,-8.550224356364243,0.0,-661.74,-524.55,-236.72,-637.53,0.0,-0.0959232956896083,0.0,-0.1199041196120104,0.0,32,38,37,37,40,0,-263,-182,-107,-243,12.7,12.6,12.5,12.4,12.3,-999,-999,-1.96,0.0,0.0,0.0
4.269841432571411,0.0061359493314813,0.0015339873328703,-0.0613594933148134,0.0168738606615736,-0.6227988571453564,-8.093105273542411,0.0061359493314813,-0.0628934806476837,-0.1058451259680531,-0.013805885995833,-0.6844092385657332,-8.561290244490733,0.0,-648.29,-521.86,-258.24,-618.6999999999999,0.0,-0.0959232956896083,0.0,-0.1199041196120104,0.0,32,38,37,36,40,0,-257,-182,-107,-237,12.7,12.7,12.5,12.4,12.1,-999,-999,-1.96,0.0,0.0,0.0
4.286825180053712,0.0061359493314813,0.0,-0.0613594933148134,0.0122718986629626,-0.6227988571453564,-8.093105273542411,0.0061359493314813,-0.0628934806476837,-0.1058451259680531,-0.0168738606615736,-0.6844092385657332,-8.561290244490733,0.0,-675.1899999999999,-524.55,-215.2,-634.84,0.0,-0.0719424717672062,0.0,-0.1438849435344125,0.0,32,38,37,36,40,0,-250,-182,-107,-243,12.7,12.5,12.5,12.4,12.4,-999,-999,-1.96,0.0,0.0,0.0
4.303793430328369,0.0061359493314813,0.0,-0.0613594933148134,0.009203923997222,-0.6227988571453564,-8.093105273542411,0.0061359493314813,-0.0644274679805541,-0.1058451259680531,-0.0199418353273143,-0.6844092385657332,-8.561290244490733,-2.69,-688.64,-519.17,-225.96,-634.84,0.0,-0.0719424717672062,0.0,-0.1678657674568146,0.0,32,38,37,36,40,0,-250,-182,-107,-243,12.7,12.6,12.5,12.4,12.3,-999,-999,-1.96,0.0,0.0,0.0
4.320788383483887,0.0061359493314813,-0.0015339873328703,-0.0613594933148134,0.004601961998611,-0.6227988571453564,-8.093105273542411,0.0061359493314813,-0.0659614553134244,-0.1073791133009235,-0.0245437973259253,-0.6844092385657332,-8.561290244490733,-2.69,-718.23,-521.86,-207.13,-632.15,0.0,-0.0719424717672062,0.0,-0.1918465913792167,0.0,32,38,37,36,41,0,-263,-182,-100,-243,12.7,12.6,12.5,12.4,12.3,-999,-999,-1.96,0.0,0.0,0.0
4.337779998779297,0.0061359493314813,-0.0015339873328703,-0.0613594933148134,0.0015339873328703,-0.6227988571453564,-8.093105273542411,0.0061359493314813,-0.0659614553134244,-0.1058451259680531,-0.027611771991666,-0.6844092385657332,-8.561290244490733,-2.69,-734.37,-538.0,-228.65,-634.84,0.0,-0.0479616478448041,0.0,-0.1918465913792167,0.0,32,38,37,36,41,0,-263,-188,-107,-243,12.7,12.6,12.5,12.4,12.3,-999,-999,-1.96,0.0,0.0,0.0
4.3548173904418945,0.0061359493314813,-0.0015339873328703,-0.0613594933148134,-0.0015339873328703,-0.6212648698124861,-8.080811670411755,0.0061359493314813,-0.0659614553134244,-0.1058451259680531,-0.032213733990277,-0.6844092385657332,-8.561290244490733,-2.69,-737.06,-521.86,-215.2,-632.15,0.0,-0.023980823922402,0.0,-0.1918465913792167,0.0,32,38,37,36,40,0,-263,-182,-100,-243,12.7,12.6,12.5,12.3,12.3,-999,-999,-1.96,0.0,0.0,0.0
4.371836185455322,0.0061359493314813,-0.0015339873328703,-0.0613594933148134,-0.0061359493314813,-0.6227988571453564,-8.093105273542411,0.0061359493314813,-0.0674954426462947,-0.1058451259680531,-0.0352817086560177,-0.6844092385657332,-8.561290244490733,-2.69,-734.37,-521.86,-223.27,-632.15,0.0,0.0,0.0,-0.1918465913792167,0.0,32,38,37,36,40,0,-263,-182,-107,-243,12.7,12.6,12.6,12.3,12.3,-999,-999,-1.96,0.0,0.0,0.0
4.3888163566589355,0.0061359493314813,-0.0015339873328703,-0.0613594933148134,-0.009203923997222,-0.6227988571453564,-8.093105273542411,0.0061359493314813,-0.0674954426462947,-0.1058451259680531,-0.0383496833217584,-0.6844092385657332,-8.561290244490733,-2.69,-737.06,-521.86,-223.27,-632.15,0.0,0.0,0.0,-0.1918465913792167,0.0,32,38,37,36,41,0,-269,-182,-107,-243,12.7,12.6,12.5,12.4,12.2,-999,-999,-1.96,0.0,0.0,0.0
4.405812978744507,0.0061359493314813,-0.0015339873328703,-0.0613594933148134,-0.0122718986629626,-0.6227988571453564,-8.093105273542411,0.0061359493314813,-0.0690294299791651,-0.1058451259680531,-0.0429516453203694,-0.6844092385657332,-8.561290244490733,-2.69,-745.13,-521.86,-242.1,-634.84,0.0,0.0,0.0,-0.1918465913792167,0.0,32,38,37,36,41,0,-269,-182,-107,-243,12.7,12.7,12.5,12.4,12.2,-999,-999,-1.96,0.0,0.0,0.0
4.4228386878967285,0.0061359493314813,-0.0015339873328703,-0.0613594933148134,-0.0153398733287033,-0.6227988571453564,-8.093105273542411,0.0061359493314813,-0.0690294299791651,-0.1058451259680531,-0.0444856326532397,-0.6844092385657332,-8.561290244490733,-2.69,-753.1999999999999,-521.86,-271.69,-632.15,0.0,0.0,0.0,-0.1918465913792167,0.0,32,38,37,36,41,0,-275,-182,-113,-243,12.7,12.6,12.4,12.4,12.3,-999,-999,-1.96,0.0,0.0,0.0
4.439802169799805,0.0061359493314813,-0.0015339873328703,-0.0613594933148134,-0.018407847994444,-0.6227988571453564,-8.093105273542411,0.0061359493314813,-0.0705634173120354,-0.1058451259680531,-0.0475536073189804,-0.6844092385657332,-8.561290244490733,-2.69,-745.13,-521.86,-244.79,-632.15,0.0,0.0,0.0,-0.1918465913792167,0.0,32,38,37,36,41,0,-269,-182,-107,-243,12.7,12.6,12.5,12.4,12.2,-999,-999,-1.96,0.0,0.0,0.0
4.456780433654785,0.0061359493314813,-0.0015339873328703,-0.0613594933148134,-0.0214758226601847,-0.6227988571453564,-8.093105273542411,0.0061359493314813,-0.0720974046449058,-0.1058451259680531,-0.0490875946518507,-0.6844092385657332,-8.561290244490733,-2.69,-782.79,-521.86,-255.55,-632.15,0.0,0.0,0.0,-0.1678657674568146,0.0,32,38,37,36,40,0,-282,-182,-107,-243,12.7,12.6,12.5,12.4,12.3,-999,-999,-1.96,0.0,0.0,0.0
4.473768711090088,0.0061359493314813,-0.0015339873328703,-0.0613594933148134,-0.023009809993055,-0.6227988571453564,-8.093105273542411,0.0061359493314813,-0.0720974046449058,-0.1058451259680531,-0.0521555693175914,-0.6844092385657332,-8.561290244490733,-2.69,-785.48,-521.86,-255.55,-632.15,0.0,0.0,0.0,-0.1678657674568146,0.0,32,38,37,36,40,0,-288,-182,-100,-243,12.7,12.6,12.5,12.4,12.3,-999,-999,-1.96,0.0,0.0,0.0
4.491798639297485,0.0061359493314813,-0.0015339873328703,-0.0613594933148134,-0.0260777846587957,-0.6227988571453564,-8.093105273542411,0.0061359493314813,-0.0720974046449058,-0.1058451259680531,-0.0536895566504617,-0.6844092385657332,-8.561290244490733,-2.69,-774.72,-519.17,-263.62,-632.15,0.0,0.0,0.0,-0.1438849435344125,0.0,32,37,37,36,40,0,-288,-182,-107,-243,12.7,12.6,12.5,12.4,12.3,-999,-999,-1.96,0.0,0.0,0.0
4.50882649421692,0.0061359493314813,-0.0030679746657406,-0.0613594933148134,-0.027611771991666,-0.6227988571453564,-8.093105273542411,0.0061359493314813,-0.0720974046449058,-0.1058451259680531,-0.055223543983332,-0.6844092385657332,-8.561290244490733,-2.69,-780.1,-519.17,-236.72,-634.84,0.0,0.0,0.0,-0.1199041196120104,0.0,32,37,37,36,40,0,-282,-182,-100,-243,12.7,12.6,12.5,12.4,12.3,-999,-999,-1.96,0.0,0.0,0.0
4.525729656219482,0.0061359493314813,-0.0030679746657406,-0.0613594933148134,-0.0306797466574067,-0.6227988571453564,-8.093105273542411,0.0061359493314813,-0.0720974046449058,-0.1058451259680531,-0.0567575313162024,-0.6844092385657332,-8.561290244490733,-2.69,-780.1,-519.17,-234.03,-637.53,0.0,0.0,0.0,-0.1199041196120104,0.0,32,37,37,36,40,0,-282,-182,-94,-250,12.7,12.7,12.5,12.3,12.3,-999,-999,-1.96,0.0,0.0,0.0
4.543742418289185,0.0061359493314813,-0.0030679746657406,-0.0613594933148134,-0.032213733990277,-0.6227988571453564,-8.093105273542411,0.0061359493314813,-0.0736313919777761,-0.1058451259680531,-0.0567575313162024,-0.6844092385657332,-8.561290244490733,-2.69,-780.1,-521.86,-212.51,-634.84,0.0,0.0,0.0,-0.1199041196120104,0.0,32,38,37,36,40,0,-282,-182,-88,-243,12.7,12.6,12.5,12.4,12.3,-999,-999,-1.96,0.0,0.0,0.0
4.560779809951782,0.0061359493314813,-0.0030679746657406,-0.0613594933148134,-0.0352817086560177,-0.6227988571453564,-8.093105273542411,0.0061359493314813,-0.0736313919777761,-0.1058451259680531,-0.0567575313162024,-0.6844092385657332,-8.561290244490733,-2.69,-790.86,-521.86,-209.82,-632.15,0.0,0.0,0.0,-0.1199041196120104,0.0,32,38,37,37,40,0,-288,-182,-82,-243,12.7,12.7,12.5,12.3,12.4,-999,-999,-1.96,0.0,0.0,0.0
4.57777500152588,0.0061359493314813,-0.0030679746657406,-0.0613594933148134,-0.036815695988888,-0.6227988571453564,-8.093105273542411,0.0061359493314813,-0.0736313919777761,-0.1058451259680531,-0.0567575313162024,-0.6844092385657332,-8.561290244490733,-2.69,-737.06,-521.86,-215.2,-632.15,0.0,0.0,0.0,-0.1199041196120104,0.0,32,38,37,36,41,0,-288,-182,-75,-243,12.7,12.6,12.5,12.4,12.4,-999,-999,-1.96,0.0,0.0,0.0
4.5947277545928955,0.0061359493314813,-0.0076699366643516,-0.0613594933148134,-0.036815695988888,-0.6227988571453564,-8.093105273542411,0.0061359493314813,-0.0782333539763871,-0.1043111386351828,-0.0567575313162024,-0.6844092385657332,-8.561290244490733,-2.69,-640.22,-519.17,-223.27,-634.84,0.0,0.0,0.0,-0.0959232956896083,0.0,32,38,37,36,40,0,-288,-182,-75,-243,12.7,12.6,12.5,12.4,12.3,-999,-999,-1.96,0.0,0.0,0.0
4.611797571182252,0.004601961998611,-0.009203923997222,-0.0613594933148134,-0.036815695988888,-0.6227988571453564,-8.093105273542411,0.0061359493314813,-0.0797673413092574,-0.1043111386351828,-0.0567575313162024,-0.6844092385657332,-8.561290244490733,-2.69,-710.16,-494.96,-239.41,-632.15,0.0,-0.0479616478448041,0.0,-0.0719424717672062,0.0,32,38,37,36,40,6,-275,-175,-75,-243,12.7,12.6,12.5,12.4,12.4,-999,-999,-1.96,0.0,0.0,0.0
4.6287407875061035,0.004601961998611,-0.0122718986629626,-0.0613594933148134,-0.036815695988888,-0.6227988571453564,-8.093105273542411,0.0061359493314813,-0.0813013286421278,-0.1012431639694421,-0.0567575313162024,-0.6844092385657332,-8.561290244490733,-2.69,-734.37,-503.03,-242.1,-634.84,0.0,-0.0959232956896083,0.0,-0.0479616478448041,0.0,32,38,37,36,40,6,-282,-175,-75,-243,12.7,12.6,12.5,12.4,12.2,-999,-999,-1.96,0.0,0.0,0.0
4.645771741867065,0.004601961998611,-0.0122718986629626,-0.0613594933148134,-0.036815695988888,-0.6227988571453564,-8.093105273542411,0.0061359493314813,-0.0843693033078684,-0.1012431639694421,-0.0567575313162024,-0.6844092385657332,-8.561290244490733,-2.69,-731.68,-478.82,-242.1,-637.53,0.0,-0.1199041196120104,0.0,0.0,0.0,32,38,37,36,40,6,-275,-169,-75,-243,12.7,12.7,12.5,12.4,12.4,-999,-999,-1.96,0.0,0.0,0.0
4.662781000137329,0.0061359493314813,-0.013805885995833,-0.0613594933148134,-0.036815695988888,-0.6227988571453564,-8.093105273542411,0.0076699366643516,-0.0874372779736091,-0.0997091766365718,-0.0567575313162024,-0.6844092385657332,-8.561290244490733,-2.69,-753.1999999999999,-465.37,-242.1,-632.15,0.0,-0.1199041196120104,0.0,0.0,0.0,32,38,37,36,40,0,-338,-163,-75,-243,12.7,12.6,12.4,12.4,12.4,-999,-999,-1.96,0.0,0.0,0.0
4.679751634597778,0.004601961998611,-0.0168738606615736,-0.0613594933148134,-0.036815695988888,-0.6227988571453564,-8.093105273542411,0.0076699366643516,-0.0874372779736091,-0.0997091766365718,-0.0567575313162024,-0.6844092385657332,-8.561290244490733,16.14,-704.78,-449.23,-239.41,-637.53,0.0,-0.0959232956896083,0.0,0.0,0.0,32,38,37,36,40,12,-282,-157,-75,-243,12.7,12.6,12.5,12.4,12.3,-999,-999,-1.96,0.0,0.0,0.0
4.696775913238525,0.0061359493314813,-0.018407847994444,-0.0613594933148134,-0.036815695988888,-0.6227988571453564,-8.093105273542411,0.0061359493314813,-0.0874372779736091,-0.0997091766365718,-0.0567575313162024,-0.6844092385657332,-8.561290244490733,-5.38,-710.16,-449.23,-239.41,-634.84,0.0,-0.0959232956896083,0.0,0.0,0.0,32,38,37,36,40,6,-269,-157,-75,-243,12.7,12.7,12.6,12.3,12.4,-999,-999,-1.96,0.0,0.0,0.0
4.713735580444336,0.004601961998611,-0.0214758226601847,-0.0613594933148134,-0.0383496833217584,-0.6227988571453564,-8.093105273542411,0.0061359493314813,-0.0889712653064794,-0.0981751893037015,-0.0567575313162024,-0.6844092385657332,-8.561290244490733,-5.38,-683.26,-430.4,-242.1,-634.84,0.0,-0.0959232956896083,0.0,0.0,0.0,32,38,37,36,40,6,-275,-150,-75,-243,12.7,12.6,12.6,12.4,12.4,-999,-999,-1.96,0.0,0.0,0.0
4.730781316757202,0.0061359493314813,-0.0245437973259253,-0.0613594933148134,-0.036815695988888,-0.6227988571453564,-8.093105273542411,0.0061359493314813,-0.0905052526393498,-0.0981751893037015,-0.0567575313162024,-0.6844092385657332,-8.561290244490733,-5.38,-688.64,-430.4,-234.03,-634.84,0.0,-0.1199041196120104,0.0,0.0,0.0,32,38,37,36,39,0,-263,-150,-69,-243,12.7,12.6,12.6,12.3,12.3,-999,-999,-1.96,0.0,0.0,0.0
4.747748613357544,0.004601961998611,-0.0260777846587957,-0.0613594933148134,-0.0383496833217584,-0.6227988571453564,-8.093105273542411,0.0061359493314813,-0.0905052526393498,-0.0966412019708311,-0.0567575313162024,-0.6844092385657332,-8.561290244490733,-2.69,-669.81,-427.71,-242.1,-634.84,0.0,-0.1199041196120104,0.0,0.0,0.0,32,38,37,36,40,6,-263,-150,-75,-243,12.7,12.7,12.6,12.5,12.3,-999,-999,-1.96,0.0,0.0,0.0
4.764790773391724,0.0061359493314813,-0.0291457593245363,-0.0613594933148134,-0.036815695988888,-0.6227988571453564,-8.093105273542411,0.0061359493314813,-0.0905052526393498,-0.0966412019708311,-0.0567575313162024,-0.6844092385657332,-8.561290244490733,-2.69,-586.42,-411.57,-242.1,-637.53,0.0,-0.1199041196120104,0.0,0.0,0.0,32,38,37,36,40,0,-250,-144,-75,-243,12.7,12.7,12.6,12.5,12.3,-999,-999,-1.96,0.0,0.0,0.0
4.781797170639038,0.004601961998611,-0.032213733990277,-0.0613594933148134,-0.0383496833217584,-0.6227988571453564,-8.093105273542411,0.0061359493314813,-0.0920392399722201,-0.0951072146379608,-0.0567575313162024,-0.6844092385657332,-8.561290244490733,0.0,-591.8,-416.95,-239.41,-637.53,0.0,-0.1199041196120104,0.0,0.0,0.0,32,38,37,36,40,0,-238,-144,-75,-243,12.7,12.6,12.6,12.4,12.4,-999,-999,-1.96,0.0,0.0,0.0
4.798757553100587,0.004601961998611,-0.0337477213231473,-0.0613594933148134,-0.036815695988888,-0.6227988571453564,-8.093105273542411,0.0061359493314813,-0.0920392399722201,-0.0935732273050904,-0.0567575313162024,-0.6844092385657332,-8.561290244490733,0.0,-642.91,-392.74,-234.03,-642.91,0.0,-0.1438849435344125,0.0,0.0,0.0,32,38,37,36,40,6,-238,-138,-69,-250,12.7,12.7,12.6,12.5,12.4,-999,-999,-1.96,0.0,0.0,0.0
4.815811395645142,0.004601961998611,-0.0352817086560177,-0.0613594933148134,-0.036815695988888,-0.6227988571453564,-8.093105273542411,0.0061359493314813,-0.0920392399722201,-0.0935732273050904,-0.0567575313162024,-0.6844092385657332,-8.561290244490733,0.0,-621.39,-379.29,-242.1,-637.53,0.0,-0.1438849435344125,0.0,0.0,0.0,32,38,37,36,41,6,-232,-132,-69,-243,12.7,12.6,12.8,12.4,12.4,-999,-999,-1.96,0.0,0.0,0.0
4.832758903503419,0.004601961998611,-0.036815695988888,-0.0613594933148134,-0.036815695988888,-0.6227988571453564,-8.093105273542411,0.0076699366643516,-0.0920392399722201,-0.0920392399722201,-0.0567575313162024,-0.6844092385657332,-8.561290244490733,0.0,-645.6,-360.46,-236.72,-637.53,0.0,-0.1199041196120104,0.0,0.0,0.0,32,38,37,36,40,6,-232,-125,-69,-243,12.7,12.6,12.5,12.4,12.4,-999,-999,-1.96,0.0,0.0,0.0
4.849782228469849,0.004601961998611,-0.0352817086560177,-0.0613594933148134,-0.0383496833217584,-0.6227988571453564,-8.093105273542411,0.0061359493314813,-0.0920392399722201,-0.0920392399722201,-0.0567575313162024,-0.6844092385657332,-8.561290244490733,21.52,-642.91,-360.46,-228.65,-637.53,0.0,-0.0719424717672062,0.0,0.0,0.0,32,37,37,35,40,12,-232,-125,-75,-243,12.7,12.7,12.6,12.5,12.3,-999,-999,-1.96,0.0,0.0,0.0
4.866785049438477,0.004601961998611,-0.0352817086560177,-0.0613594933148134,-0.0383496833217584,-0.6227988571453564,-8.093105273542411,0.0076699366643516,-0.0935732273050904,-0.0905052526393498,-0.0567575313162024,-0.6844092385657332,-8.561290244490733,-8.07,-640.22,-357.77,-250.17,-637.53,0.0,-0.023980823922402,0.0,0.0,0.0,32,37,37,36,41,6,-232,-125,-69,-243,12.7,12.7,12.6,12.5,12.4,-999,-999,-1.96,0.0,0.0,0.0
4.883792877197266,0.004601961998611,-0.0352817086560177,-0.0613594933148134,-0.0383496833217584,-0.6227988571453564,-8.093105273542411,0.0076699366643516,-0.0951072146379608,-0.0905052526393498,-0.055223543983332,-0.6844092385657332,-8.561290244490733,13.45,-642.91,-338.94,-225.96,-637.53,0.0,0.0,0.0,0.0,0.0,32,38,37,36,41,12,-232,-119,-69,-243,12.7,12.7,12.6,12.5,12.4,-999,-999,-1.96,0.0,0.0,0.0
4.900765657424927,0.004601961998611,-0.0352817086560177,-0.0613594933148134,-0.0383496833217584,-0.6227988571453564,-8.093105273542411,0.0076699366643516,-0.0951072146379608,-0.0905052526393498,-0.055223543983332,-0.6844092385657332,-8.561290244490733,-10.76,-677.88,-344.32,-207.13,-637.53,0.0,0.0,0.0,0.0,0.0,32,38,37,36,41,12,-244,-119,-63,-243,12.7,12.6,12.6,12.5,12.3,-999,-999,-1.96,0.0,0.0,0.0
4.917732000350952,0.004601961998611,-0.0352817086560177,-0.0613594933148134,-0.0383496833217584,-0.6227988571453564,-8.093105273542411,0.0076699366643516,-0.0951072146379608,-0.0905052526393498,-0.0567575313162024,-0.6844092385657332,-8.561290244490733,-2.69,-677.88,-341.63,-225.96,-634.84,0.0,0.0,0.0,0.0,0.0,31,38,37,36,41,12,-244,-119,-69,-243,12.7,12.6,12.6,12.1,12.4,-999,-999,-1.96,0.0,0.0,0.0
4.934791088104248,0.004601961998611,-0.0352817086560177,-0.0613594933148134,-0.0383496833217584,-0.6227988571453564,-8.093105273542411,0.0061359493314813,-0.0966412019708311,-0.0889712653064794,-0.0567575313162024,-0.6844092385657332,-8.561290244490733,0.0,-677.88,-322.8,-231.34,-637.53,0.0,0.0,0.0,0.0,0.0,31,38,37,36,41,0,-244,-113,-69,-243,12.7,12.7,12.6,12.5,12.4,-999,-999,-1.96,0.0,0.0,0.0
4.951754570007324,0.0061359493314813,-0.0352817086560177,-0.0613594933148134,-0.0383496833217584,-0.6227988571453564,-8.093105273542411,0.0061359493314813,-0.0966412019708311,-0.0889712653064794,-0.0567575313162024,-0.6844092385657332,-8.561290244490733,0.0,-694.02,-325.49,-231.34,-637.53,0.0,0.0,0.0,0.0,0.0,31,38,37,37,41,0,-250,-113,-69,-243,12.7,12.7,12.6,12.5,12.3,-999,-999,-1.96,0.0,0.0,0.0
4.968745470046997,0.004601961998611,-0.0352817086560177,-0.0613594933148134,-0.0383496833217584,-0.6227988571453564,-8.093105273542411,0.0061359493314813,-0.0966412019708311,-0.0889712653064794,-0.0567575313162024,-0.6844092385657332,-8.561290244490733,0.0,-694.02,-325.49,-228.65,-640.22,0.0,0.0,0.0,0.0,0.0,31,38,37,37,41,0,-250,-113,-69,-243,12.7,12.7,12.5,12.4,12.4,-999,-999,-1.96,0.0,0.0,0.0
4.985778570175172,0.004601961998611,-0.0352817086560177,-0.0613594933148134,-0.0383496833217584,-0.6227988571453564,-8.093105273542411,0.0061359493314813,-0.0981751893037015,-0.0874372779736091,-0.055223543983332,-0.6844092385657332,-8.561290244490733,0.0,-694.02,-325.49,-231.34,-642.91,0.0,0.0,0.0,0.0,0.0,31,39,37,36,41,0,-250,-113,-69,-243,12.7,12.6,12.6,12.5,12.4,-999,-999,-1.96,0.0,0.0,0.0
5.002691984176636,0.004601961998611,-0.0352817086560177,-0.0613594933148134,-0.0383496833217584,-0.6227988571453564,-8.093105273542411,0.0061359493314813,-0.0981751893037015,-0.0874372779736091,-0.0567575313162024,-0.6844092385657332,-8.561290244490733,0.0,-712.85,-309.35,-204.44,-637.53,0.0,0.0,0.0,0.0,0.0,31,38,37,36,41,6,-257,-107,-63,-243,12.7,12.7,12.6,12.5,12.3,-999,-999,-1.96,0.0,0.0,0.0
5.019738435745239,0.0061359493314813,-0.0352817086560177,-0.0613594933148134,-0.0383496833217584,-0.6227988571453564,-8.093105273542411,0.0061359493314813,-0.0981751893037015,-0.0874372779736091,-0.0567575313162024,-0.6844092385657332,-8.561290244490733,0.0,-712.85,-293.21,-228.65,-637.53,0.0,0.0,0.0,0.0,0.0,31,38,37,36,41,6,-257,-107,-69,-243,12.7,12.7,12.6,12.5,12.3,-999,-999,-1.96,0.0,0.0,0.0
5.037787199020386,0.0061359493314813,-0.0352817086560177,-0.0613594933148134,-0.0383496833217584,-0.6227988571453564,-8.093105273542411,0.0061359493314813,-0.0981751893037015,-0.0859032906407388,-0.055223543983332,-0.6844092385657332,-8.561290244490733,0.0,-710.16,-287.83,-228.65,-640.22,0.0,0.0,0.0,0.0,0.0,31,38,37,36,41,0,-257,-100,-69,-243,12.7,12.8,12.6,12.5,12.3,-999,-999,-1.96,0.0,0.0,0.0
5.054745197296143,0.004601961998611,-0.0352817086560177,-0.0613594933148134,-0.0383496833217584,-0.6227988571453564,-8.093105273542411,0.0061359493314813,-0.0997091766365718,-0.0843693033078684,-0.0567575313162024,-0.6844092385657332,-8.561290244490733,0.0,-712.85,-287.83,-207.13,-640.22,0.0,0.0,0.0,0.0,0.0,31,38,37,36,41,0,-257,-100,-63,-243,12.7,12.7,12.6,12.5,12.3,-999,-999,-1.96,0.0,0.0,0.0
5.071685552597046,0.004601961998611,-0.0352817086560177,-0.0613594933148134,-0.0383496833217584,-0.6227988571453564,-8.093105273542411,0.0061359493314813,-0.0997091766365718,-0.0828353159749981,-0.0567575313162024,-0.6844092385657332,-8.561290244490733,0.0,-728.99,-271.69,-228.65,-634.84,0.0,0.0,0.0,0.0,0.0,31,38,37,36,41,0,-263,-94,-69,-243,12.7,12.7,12.6,12.5,12.4,-999,-999,-1.96,0.0,0.0,0.0
5.088770389556885,0.004601961998611,-0.0352817086560177,-0.0613594933148134,-0.0383496833217584,-0.6227988571453564,-8.093105273542411,0.0061359493314813,-0.1012431639694421,-0.0813013286421278,-0.0567575313162024,-0.6844092385657332,-8.561290244490733,0.0,-723.61,-255.55,-228.65,-634.84,0.0,0.0,0.0,0.0,0.0,31,38,37,36,41,6,-257,-88,-69,-243,12.7,12.7,12.6,12.4,12.4,-999,-999,-1.96,0.0,0.0,0.0
5.105747699737549,0.0061359493314813,-0.036815695988888,-0.0613594933148134,-0.0383496833217584,-0.6227988571453564,-8.093105273542411,0.0061359493314813,-0.1012431639694421,-0.0797673413092574,-0.0567575313162024,-0.6844092385657332,-8.561290244490733,0.0,-664.43,-239.41,-234.03,-634.84,0.0,0.0,0.0,0.0,0.0,31,37,37,36,41,6,-263,-82,-75,-243,12.7,12.7,12.5,12.5,12.2,-999,-999,-1.96,0.0,0.0,0.0
5.12269687652588,0.004601961998611,-0.0398836706546287,-0.0613594933148134,-0.0383496833217584,-0.6227988571453564,-8.093105273542411,0.0061359493314813,-0.1027771513023125,-0.0797673413092574,-0.0567575313162024,-0.6844092385657332,-8.561290244490733,0.0,-602.56,-215.2,-231.34,-640.22,0.0,-0.023980823922402,0.0,0.0,0.0,31,38,38,36,40,6,-250,-75,-69,-243,12.8,12.7,12.6,12.4,12.3,-999,-999,-1.96,0.0,0.0,0.0
5.139743804931641,0.004601961998611,-0.041417657987499,-0.0613594933148134,-0.0383496833217584,-0.6227988571453564,-8.093105273542411,0.0061359493314813,-0.1027771513023125,-0.0797673413092574,-0.0567575313162024,-0.6844092385657332,-8.561290244490733,0.0,-685.9499999999999,-217.89,-231.34,-645.6,0.0,-0.0479616478448041,0.0,0.0,0.0,31,38,38,36,40,0,-250,-75,-69,-243,12.8,12.7,12.6,12.5,12.3,-999,-999,-1.96,0.0,0.0,0.0
5.156752824783325,0.004601961998611,-0.041417657987499,-0.0598255059819431,-0.0383496833217584,-0.6227988571453564,-8.093105273542411,0.0061359493314813,-0.1043111386351828,-0.0766993666435168,-0.0567575313162024,-0.6844092385657332,-8.561290244490733,0.0,-694.02,-204.44,-231.34,-640.22,0.0,-0.0719424717672062,0.0,0.0,0.0,31,38,38,36,40,6,-250,-69,-69,-250,12.8,12.7,12.6,12.5,12.3,-999,-999,-1.96,0.0,0.0,0.0
5.173696041107178,0.004601961998611,-0.041417657987499,-0.0613594933148134,-0.0383496833217584,-0.6227988571453564,-8.093105273542411,0.0061359493314813,-0.1058451259680531,-0.0751653793106464,-0.0567575313162024,-0.6844092385657332,-8.561290244490733,0.0,-696.71,-196.37,-228.65,-640.22,0.0,-0.0719424717672062,0.0,0.0,0.0,31,38,38,36,41,0,-257,-63,-69,-243,12.8,12.6,12.6,12.5,12.4,-999,-999,-1.96,0.0,0.0,0.0
5.190739870071411,0.004601961998611,-0.0429516453203694,-0.0598255059819431,-0.0383496833217584,-0.6227988571453564,-8.093105273542411,0.0061359493314813,-0.1073791133009235,-0.0736313919777761,-0.0567575313162024,-0.6844092385657332,-8.561290244490733,0.0,-672.5,-188.3,-231.34,-640.22,0.0,-0.0479616478448041,0.0,0.0,0.0,32,38,38,36,41,0,-257,-26,-69,-243,12.7,12.6,12.6,12.5,12.4,-999,-999,-1.96,0.0,0.0,0.0
5.207689523696899,0.004601961998611,-0.0444856326532397,-0.0582915186490727,-0.0383496833217584,-0.6227988571453564,-8.093105273542411,0.0061359493314813,-0.1073791133009235,-0.0720974046449058,-0.0567575313162024,-0.6844092385657332,-8.561290244490733,0.0,-675.1899999999999,-247.48,-228.65,-637.53,0.0,-0.023980823922402,0.023980823922402,0.0,0.0,32,38,37,36,40,6,-257,-63,-69,-243,12.7,12.7,12.5,12.5,12.4,-999,-999,-1.96,0.0,0.0,0.0
5.224697589874268,0.004601961998611,-0.04601961998611,-0.055223543983332,-0.0383496833217584,-0.6227988571453564,-8.093105273542411,0.0061359493314813,-0.1073791133009235,-0.0720974046449058,-0.0567575313162024,-0.6844092385657332,-8.561290244490733,0.0,-616.01,-258.24,-231.34,-637.53,0.0,-0.0479616478448041,0.0479616478448041,0.0,0.0,32,38,37,36,40,6,-250,-69,-69,-243,12.8,12.7,12.6,12.5,12.4,-999,-999,-1.96,0.0,0.0,0.0
5.241728067398071,0.004601961998611,-0.0490875946518507,-0.0536895566504617,-0.0383496833217584,-0.6227988571453564,-8.093105273542411,0.0061359493314813,-0.1089131006337938,-0.0705634173120354,-0.0567575313162024,-0.6844092385657332,-8.561290244490733,0.0,-632.15,-234.03,-228.65,-640.22,0.0,-0.0719424717672062,0.0719424717672062,0.0,0.0,32,38,37,36,40,6,-238,-69,-69,-243,12.8,12.7,12.6,12.5,12.4,-999,-999,-1.96,0.0,0.0,0.0
5.2587080001831055,0.004601961998611,-0.050621581984721,-0.0536895566504617,-0.0383496833217584,-0.6212648698124861,-8.080811670411755,0.0061359493314813,-0.1089131006337938,-0.0705634173120354,-0.0567575313162024,-0.6844092385657332,-8.561290244490733,0.0,-648.29,-274.38,-228.65,-640.22,0.0,-0.0719424717672062,0.0719424717672062,0.0,0.0,32,38,37,36,41,0,-244,-75,-69,-243,12.8,12.7,12.4,12.4,12.4,-999,-999,-1.96,0.0,0.0,0.0
5.27570366859436,0.004601961998611,-0.050621581984721,-0.0521555693175914,-0.0383496833217584,-0.6227988571453564,-8.093105273542411,0.0061359493314813,-0.1089131006337938,-0.0690294299791651,-0.0567575313162024,-0.6844092385657332,-8.561290244490733,0.0,-661.74,-225.96,-231.34,-642.91,0.0,-0.0959232956896083,0.0719424717672062,0.0,0.0,32,38,37,36,41,0,-238,-32,-69,-243,12.8,12.7,12.6,12.5,12.3,-999,-999,-1.96,0.0,0.0,0.0
5.292768955230713,0.004601961998611,-0.050621581984721,-0.0475536073189804,-0.0383496833217584,-0.6212648698124861,-8.080811670411755,0.0061359493314813,-0.1089131006337938,-0.0674954426462947,-0.0567575313162024,-0.6844092385657332,-8.561290244490733,0.0,-664.43,-252.86,-228.65,-640.22,0.0,-0.0719424717672062,0.0719424717672062,0.0,0.0,32,38,37,36,42,6,-238,-69,-69,-243,12.7,12.7,12.6,12.5,12.4,-999,-999,-1.96,0.0,0.0,0.0
5.309756278991699,0.004601961998611,-0.050621581984721,-0.04601961998611,-0.0383496833217584,-0.6227988571453564,-8.093105273542411,0.0061359493314813,-0.1089131006337938,-0.0659614553134244,-0.0567575313162024,-0.6844092385657332,-8.561290244490733,0.0,-661.74,-258.24,-228.65,-637.53,0.0,-0.0479616478448041,0.0719424717672062,0.0,0.0,32,38,37,36,41,6,-238,-82,-69,-243,12.7,12.7,12.6,12.5,12.4,-999,-999,-1.96,0.0,0.0,0.0
5.3267388343811035,0.004601961998611,-0.050621581984721,-0.04601961998611,-0.0383496833217584,-0.6227988571453564,-8.093105273542411,0.0061359493314813,-0.1089131006337938,-0.0659614553134244,-0.0567575313162024,-0.6844092385657332,-8.561290244490733,0.0,-664.43,-234.03,-228.65,-637.53,0.0,-0.023980823922402,0.0719424717672062,0.0,0.0,32,38,37,36,41,6,-238,-75,-69,-243,12.8,12.6,12.6,12.5,12.4,-999,-999,-1.96,0.0,0.0,0.0
5.343730688095093,0.004601961998611,-0.050621581984721,-0.0444856326532397,-0.0383496833217584,-0.6227988571453564,-8.093105273542411,0.0061359493314813,-0.1089131006337938,-0.0659614553134244,-0.0567575313162024,-0.6844092385657332,-8.561290244490733,0.0,-661.74,-255.55,-231.34,-637.53,0.0,0.0,0.0719424717672062,0.0,0.0,32,38,37,36,41,6,-238,-82,-69,-243,12.7,12.7,12.6,12.5,12.4,-999,-999,-1.96,0.0,0.0,0.0
5.360726356506348,0.0061359493314813,-0.050621581984721,-0.0444856326532397,-0.0383496833217584,-0.6227988571453564,-8.093105273542411,0.0061359493314813,-0.1089131006337938,-0.0644274679805541,-0.055223543983332,-0.6844092385657332,-8.561290244490733,0.0,-661.74,-228.65,-231.34,-640.22,0.0,0.0,0.0479616478448041,0.0,0.0,32,38,37,36,41,0,-238,-75,-69,-243,12.8,12.7,12.6,12.5,12.4,-999,-999,-1.96,0.0,0.0,0.0
5.37773323059082,0.0061359493314813,-0.0490875946518507,-0.0444856326532397,-0.0383496833217584,-0.6227988571453564,-8.093105273542411,0.0061359493314813,-0.1089131006337938,-0.0644274679805541,-0.055223543983332,-0.6844092385657332,-8.561290244490733,0.0,-667.12,-212.51,-209.82,-640.22,0.0,0.0,0.0479616478448041,0.0,0.0,32,38,37,36,41,6,-244,-75,-63,-243,12.8,12.7,12.6,12.5,12.5,-999,-999,-1.96,0.0,0.0,0.0
5.394752025604248,0.004601961998611,-0.050621581984721,-0.0444856326532397,-0.0383496833217584,-0.6227988571453564,-8.093105273542411,0.0061359493314813,-0.1089131006337938,-0.0644274679805541,-0.0567575313162024,-0.6844092385657332,-8.561290244490733,0.0,-664.43,-215.2,-207.13,-640.22,0.0,0.0,0.023980823922402,0.0,0.0,32,38,38,36,41,6,-238,-75,-63,-243,12.7,12.7,12.6,12.5,12.4,-999,-999,-1.96,0.0,0.0,0.0
5.411767482757568,0.004601961998611,-0.050621581984721,-0.0444856326532397,-0.0383496833217584,-0.6227988571453564,-8.093105273542411,0.0061359493314813,-0.1089131006337938,-0.0644274679805541,-0.0567575313162024,-0.6844092385657332,-8.561290244490733,0.0,-667.12,-217.89,-234.03,-637.53,0.0,0.0,0.0,0.0,0.0,32,38,37,36,41,6,-238,-75,-69,-243,12.7,12.7,12.7,12.5,12.4,-999,-999,-1.96,0.0,0.0,0.0
5.428715705871582,0.0061359493314813,-0.0490875946518507,-0.0444856326532397,-0.0383496833217584,-0.6227988571453564,-8.093105273542411,0.0061359493314813,-0.1089131006337938,-0.0644274679805541,-0.0567575313162024,-0.6844092385657332,-8.561290244490733,0.0,-664.43,-215.2,-234.03,-637.53,0.0,0.0,0.0,0.0,0.0,32,38,38,36,41,6,-238,-75,-69,-243,12.8,12.7,12.6,12.5,12.4,-999,-999,-1.96,0.0,0.0,0.0
5.445777893066406,0.004601961998611,-0.050621581984721,-0.0444856326532397,-0.0383496833217584,-0.6227988571453564,-8.093105273542411,0.0061359493314813,-0.1089131006337938,-0.0644274679805541,-0.0567575313162024,-0.6844092385657332,-8.561290244490733,0.0,-661.74,-217.89,-231.34,-637.53,0.0,0.0,0.0,0.0,0.0,32,38,37,36,41,0,-238,-75,-75,-243,12.8,12.7,12.6,12.6,12.4,-999,-999,-1.96,0.0,0.0,0.0
5.4627439975738525,0.004601961998611,-0.050621581984721,-0.0444856326532397,-0.0383496833217584,-0.6227988571453564,-8.093105273542411,0.0061359493314813,-0.1089131006337938,-0.0644274679805541,-0.0567575313162024,-0.6844092385657332,-8.561290244490733,0.0,-661.74,-215.2,-231.34,-637.53,0.0,0.0,0.0,0.0,0.0,32,38,37,36,41,6,-238,-75,-75,-243,12.8,12.2,12.6,12.5,12.5,-999,-999,-1.96,0.0,0.0,0.0
5.479728698730469,0.004601961998611,-0.050621581984721,-0.0444856326532397,-0.0383496833217584,-0.6227988571453564,-8.093105273542411,0.0061359493314813,-0.1089131006337938,-0.0644274679805541,-0.0567575313162024,-0.6844092385657332,-8.561290244490733,0.0,-661.74,-215.2,-228.65,-640.22,0.0,0.0,0.0,0.0,0.0,32,38,37,36,41,0,-238,-75,-69,-243,12.7,12.7,12.6,12.4,12.4,-999,-999,-1.96,0.0,0.0,0.0
5.496775150299072,0.004601961998611,-0.050621581984721,-0.0444856326532397,-0.0383496833217584,-0.6227988571453564,-8.093105273542411,0.0061359493314813,-0.1089131006337938,-0.0644274679805541,-0.0567575313162024,-0.6844092385657332,-8.561290244490733,0.0,-659.05,-217.89,-231.34,-637.53,0.0,0.0,0.0,0.0,0.0,32,38,37,36,41,6,-238,-75,-69,-243,12.7,12.2,12.6,12.5,12.3,-999,-999,-1.96,0.0,0.0,0.0
5.513731002807617,0.004601961998611,-0.050621581984721,-0.0444856326532397,-0.0383496833217584,-0.6227988571453564,-8.093105273542411,0.0061359493314813,-0.1089131006337938,-0.0644274679805541,-0.0567575313162024,-0.6844092385657332,-8.561290244490733,0.0,-659.05,-215.2,-228.65,-637.53,0.0,0.0,0.0,0.0,0.0,32,38,37,36,41,0,-238,-75,-69,-243,12.7,12.7,12.5,12.5,12.5,-999,-999,-1.96,0.0,0.0,0.0
5.530765771865845,0.0061359493314813,-0.050621581984721,-0.0444856326532397,-0.0383496833217584,-0.6227988571453564,-8.093105273542411,0.0061359493314813,-0.1089131006337938,-0.0644274679805541,-0.0567575313162024,-0.6844092385657332,-8.561290244490733,0.0,-659.05,-212.51,-228.65,-637.53,0.0,0.0,0.0,0.0,0.0,32,38,37,36,44,6,-238,-75,-69,-243,12.7,12.7,12.6,12.4,12.4,-999,-999,-1.96,0.0,0.0,0.0
5.547725439071655,0.004601961998611,-0.050621581984721,-0.0444856326532397,-0.0383496833217584,-0.6227988571453564,-8.093105273542411,0.0061359493314813,-0.1089131006337938,-0.0644274679805541,-0.0567575313162024,-0.6828752512328629,-8.550224356364243,0.0,-661.74,-215.2,-231.34,-640.22,0.0,0.0,0.0,0.0,0.0,32,37,37,36,41,6,-238,-75,-69,-243,12.7,12.7,12.6,12.5,12.4,-999,-999,-1.96,0.0,0.0,0.0
5.565515756607056,0.004601961998611,-0.0490875946518507,-0.0444856326532397,-0.0383496833217584,-0.6227988571453564,-8.093105273542411,0.0061359493314813,-0.1089131006337938,-0.0644274679805541,-0.0567575313162024,-0.6844092385657332,-8.561290244490733,0.0,-661.74,-212.51,-231.34,-621.39,0.0,0.0,0.0,0.0,0.0,32,37,37,36,41,6,-238,-75,-69,-237,12.8,12.7,12.6,12.5,12.4,-999,-999,-1.96,0.0,0.0,0.0
5.5827412605285645,0.004601961998611,-0.050621581984721,-0.0444856326532397,-0.0383496833217584,-0.6227988571453564,-8.093105273542411,0.0061359493314813,-0.1089131006337938,-0.0644274679805541,-0.0567575313162024,-0.6844092385657332,-8.561290244490733,0.0,-659.05,-215.2,-231.34,-640.22,0.0,0.0,0.0,0.0,0.0,32,37,37,36,41,6,-238,-75,-69,-243,12.8,12.7,12.6,12.5,12.5,-999,-999,-1.96,0.0,0.0,0.0
5.59965181350708,0.004601961998611,-0.050621581984721,-0.0444856326532397,-0.0383496833217584,-0.6227988571453564,-8.093105273542411,0.0076699366643516,-0.1089131006337938,-0.0644274679805541,-0.0567575313162024,-0.6844092385657332,-8.561290244490733,0.0,-659.05,-215.2,-228.65,-640.22,0.0,0.0,0.0,0.0,0.0,32,38,37,36,40,6,-238,-75,-69,-243,12.7,12.7,12.6,12.5,12.4,-999,-999,-1.96,0.0,0.0,0.0
5.616741895675659,0.004601961998611,-0.050621581984721,-0.0444856326532397,-0.0383496833217584,-0.6227988571453564,-8.093105273542411,0.0061359493314813,-0.1089131006337938,-0.0644274679805541,-0.0567575313162024,-0.6844092385657332,-8.561290244490733,16.14,-659.05,-212.51,-228.65,-637.53,0.0,0.0,0.0,0.0,0.0,32,38,37,36,40,12,-238,-75,-69,-243,12.8,12.7,12.6,12.5,12.3,-999,-999,-1.96,0.0,0.0,0.0
5.633767127990723,0.0061359493314813,-0.050621581984721,-0.0444856326532397,-0.0383496833217584,-0.6227988571453564,-8.093105273542411,0.0061359493314813,-0.1089131006337938,-0.0644274679805541,-0.0567575313162024,-0.6844092385657332,-8.561290244490733,0.0,-667.12,-217.89,-228.65,-637.53,0.0,0.0,0.0,0.0,0.0,32,38,37,36,40,6,-244,-75,-69,-243,12.8,12.7,12.6,12.5,12.3,-999,-999,-1.96,0.0,0.0,0.0
5.650744438171387,0.0061359493314813,-0.0490875946518507,-0.0444856326532397,-0.0383496833217584,-0.6227988571453564,-8.093105273542411,0.0061359493314813,-0.1089131006337938,-0.0644274679805541,-0.0567575313162024,-0.6844092385657332,-8.561290244490733,0.0,-661.74,-215.2,-228.65,-637.53,0.0,0.0,0.0,0.0,0.0,32,38,37,35,40,0,-238,-75,-69,-243,12.8,12.7,12.6,12.5,12.5,-999,-999,-1.96,0.0,0.0,0.0
5.667740345001221,0.0061359493314813,-0.050621581984721,-0.0444856326532397,-0.0383496833217584,-0.6212648698124861,-8.080811670411755,0.0061359493314813,-0.1089131006337938,-0.0644274679805541,-0.0567575313162024,-0.6844092385657332,-8.561290244490733,0.0,-664.43,-220.58,-231.34,-640.22,0.0,0.0,0.0,0.0,0.0,32,38,37,36,41,0,-244,-75,-69,-243,12.8,12.6,12.6,12.5,12.4,-999,-999,-1.96,0.0,0.0,0.0
5.684722185134888,0.0061359493314813,-0.0490875946518507,-0.0444856326532397,-0.0383496833217584,-0.6227988571453564,-8.093105273542411,0.0061359493314813,-0.1089131006337938,-0.0644274679805541,-0.0567575313162024,-0.6844092385657332,-8.561290244490733,0.0,-659.05,-252.86,-228.65,-637.53,0.0,0.0,0.0,0.0,0.0,32,38,37,36,41,0,-238,-75,-69,-243,12.7,12.8,12.6,12.5,12.2,-999,-999,-1.96,0.0,0.0,0.0
5.701724529266357,0.0061359493314813,-0.050621581984721,-0.0444856326532397,-0.0383496833217584,-0.6227988571453564,-8.093105273542411,0.0061359493314813,-0.1089131006337938,-0.0644274679805541,-0.0567575313162024,-0.6844092385657332,-8.561290244490733,0.0,-661.74,-252.86,-228.65,-637.53,0.0,0.0,0.0,0.0,0.0,32,38,37,36,41,0,-238,-82,-69,-243,12.7,12.7,12.6,12.5,12.3,-999,-999,-1.96,0.0,0.0,0.0
5.718719720840454,0.004601961998611,-0.050621581984721,-0.0429516453203694,-0.0383496833217584,-0.6227988571453564,-8.093105273542411,0.0061359493314813,-0.1089131006337938,-0.0644274679805541,-0.0567575313162024,-0.6844092385657332,-8.561290244490733,0.0,-664.43,-239.41,-228.65,-640.22,0.0,0.0,0.0,0.0,0.0,32,38,37,36,40,0,-238,-82,-69,-243,12.7,12.7,12.6,12.5,12.3,-999,-999,-1.96,0.0,0.0,0.0
5.735730409622192,0.004601961998611,-0.050621581984721,-0.0429516453203694,-0.0383496833217584,-0.6227988571453564,-8.093105273542411,0.0061359493314813,-0.1089131006337938,-0.0644274679805541,-0.0567575313162024,-0.6844092385657332,-8.561290244490733,0.0,-656.36,-236.72,-231.34,-637.53,0.0,0.0,0.0,0.0,0.0,32,38,37,36,40,0,-238,-82,-69,-243,12.7,12.7,12.4,12.5,12.4,-999,-999,-1.96,0.0,0.0,0.0
5.7527241706848145,0.004601961998611,-0.050621581984721,-0.0429516453203694,-0.0383496833217584,-0.6227988571453564,-8.093105273542411,0.0061359493314813,-0.1089131006337938,-0.0644274679805541,-0.0567575313162024,-0.6844092385657332,-8.561290244490733,0.0,-661.74,-236.72,-228.65,-637.53,0.0,0.0,0.0,0.0,0.0,32,38,37,36,40,6,-238,-82,-69,-250,12.7,12.7,12.6,12.5,12.4,-999,-999,-1.96,0.0,0.0,0.0
5.769744634628296,0.0061359493314813,-0.050621581984721,-0.0429516453203694,-0.0383496833217584,-0.6227988571453564,-8.093105273542411,0.0061359493314813,-0.1089131006337938,-0.0644274679805541,-0.0567575313162024,-0.6844092385657332,-8.561290244490733,0.0,-659.05,-236.72,-228.65,-640.22,0.0,0.0,0.0,0.0,0.0,32,38,37,36,40,6,-238,-82,-69,-250,12.8,12.7,12.5,12.5,12.3,-999,-999,-1.96,0.0,0.0,0.0
5.78678035736084,0.0061359493314813,-0.050621581984721,-0.0429516453203694,-0.0383496833217584,-0.6227988571453564,-8.093105273542411,0.0061359493314813,-0.1089131006337938,-0.0644274679805541,-0.0567575313162024,-0.6844092385657332,-8.561290244490733,0.0,-659.05,-236.72,-228.65,-640.22,0.0,0.0,0.0,0.0,0.0,32,38,37,36,40,6,-238,-82,-69,-243,12.8,12.7,12.6,12.5,12.4,-999,-999,-1.96,0.0,0.0,0.0
5.8037238121032715,0.004601961998611,-0.050621581984721,-0.0429516453203694,-0.0383496833217584,-0.6227988571453564,-8.093105273542411,0.0061359493314813,-0.1089131006337938,-0.0644274679805541,-0.0567575313162024,-0.6844092385657332,-8.561290244490733,0.0,-659.05,-236.72,-228.65,-640.22,0.0,0.0,0.0,0.0,0.0,32,38,37,36,41,6,-238,-82,-69,-243,12.8,12.6,12.5,12.5,12.4,-999,-999,-1.96,0.0,0.0,0.0
5.820741415023804,0.004601961998611,-0.050621581984721,-0.0429516453203694,-0.0383496833217584,-0.6227988571453564,-8.093105273542411,0.0061359493314813,-0.1089131006337938,-0.0644274679805541,-0.0567575313162024,-0.6844092385657332,-8.561290244490733,0.0,-661.74,-236.72,-231.34,-637.53,0.0,0.0,0.0,0.0,0.0,32,37,37,37,41,0,-238,-82,-69,-243,12.8,12.7,12.6,12.5,12.3,-999,-999,-1.96,0.0,0.0,0.0
5.837706804275513,0.0061359493314813,-0.050621581984721,-0.0429516453203694,-0.0383496833217584,-0.6227988571453564,-8.093105273542411,0.0061359493314813,-0.1089131006337938,-0.0644274679805541,-0.0567575313162024,-0.6844092385657332,-8.561290244490733,0.0,-659.05,-236.72,-228.65,-637.53,0.0,0.0,0.0,0.0,0.0,32,38,37,36,41,0,-238,-82,-69,-243,12.8,12.7,12.6,12.5,12.5,-999,-999,-1.96,0.0,0.0,0.0
5.8546435832977295,0.004601961998611,-0.050621581984721,-0.0429516453203694,-0.0383496833217584,-0.6227988571453564,-8.093105273542411,0.0061359493314813,-0.1089131006337938,-0.0644274679805541,-0.0567575313162024,-0.6844092385657332,-8.561290244490733,0.0,-661.74,-236.72,-228.65,-637.53,0.0,0.0,0.0,0.0,0.0,32,38,37,36,41,0,-238,-82,-69,-243,12.7,12.7,12.6,12.5,12.5,-999,-999,-1.96,0.0,0.0,0.0
5.871667385101318,0.004601961998611,-0.050621581984721,-0.0429516453203694,-0.0383496833217584,-0.6227988571453564,-8.093105273542411,0.0076699366643516,-0.1089131006337938,-0.0644274679805541,-0.0567575313162024,-0.6844092385657332,-8.561290244490733,0.0,-667.12,-236.72,-228.65,-640.22,0.0,0.0,0.0,0.0,0.0,32,38,37,36,41,0,-244,-82,-69,-243,12.8,12.7,12.6,12.5,12.4,-999,-999,-1.96,0.0,0.0,0.0
5.888705492019653,0.0061359493314813,-0.050621581984721,-0.0429516453203694,-0.0383496833217584,-0.6227988571453564,-8.093105273542411,0.0076699366643516,-0.1089131006337938,-0.0644274679805541,-0.0567575313162024,-0.6844092385657332,-8.561290244490733,2.69,-659.05,-236.72,-228.65,-637.53,0.0,0.0,0.0,0.0,0.0,32,38,37,37,41,12,-238,-82,-69,-243,12.7,12.7,12.6,12.5,12.5,-999,-999,-1.96,0.0,0.0,0.0
5.905725717544556,0.0061359493314813,-0.050621581984721,-0.0429516453203694,-0.0383496833217584,-0.6227988571453564,-8.093105273542411,0.0076699366643516,-0.1089131006337938,-0.0644274679805541,-0.0567575313162024,-0.6844092385657332,-8.561290244490733,0.0,-659.05,-236.72,-228.65,-640.22,0.0,0.0,0.0,0.0,0.0,32,38,37,37,41,6,-238,-82,-69,-243,12.7,12.6,12.6,12.5,12.3,-999,-999,-1.96,0.0,0.0,0.0
5.922685146331787,0.004601961998611,-0.050621581984721,-0.0429516453203694,-0.0383496833217584,-0.6212648698124861,-8.080811670411755,0.0076699366643516,-0.1089131006337938,-0.0644274679805541,-0.0567575313162024,-0.6844092385657332,-8.561290244490733,0.0,-659.05,-236.72,-231.34,-640.22,0.0,0.0,0.0,0.0,0.0,32,38,37,37,41,6,-238,-82,-69,-250,12.8,12.7,12.6,12.5,12.4,-999,-999,-1.96,0.0,0.0,0.0
5.939711809158325,0.0061359493314813,-0.050621581984721,-0.0429516453203694,-0.0383496833217584,-0.6227988571453564,-8.093105273542411,0.009203923997222,-0.1089131006337938,-0.0644274679805541,-0.0567575313162024,-0.6844092385657332,-8.561290244490733,0.0,-661.74,-236.72,-228.65,-640.22,0.0,0.0,0.0,0.0,0.0,32,38,37,37,41,6,-238,-82,-69,-243,12.8,12.7,12.6,12.5,12.4,-999,-999,-1.96,0.0,0.0,0.0
5.956665754318237,0.0061359493314813,-0.050621581984721,-0.0429516453203694,-0.0383496833217584,-0.6227988571453564,-8.093105273542411,0.009203923997222,-0.1089131006337938,-0.0644274679805541,-0.0567575313162024,-0.6844092385657332,-8.561290244490733,67.25,-664.43,-236.72,-228.65,-637.53,0.0,0.0,0.0,0.0,0.0,32,38,37,37,41,12,-238,-82,-69,-243,12.8,12.8,12.6,12.5,12.4,-999,-999,-1.96,0.0,0.0,0.0
5.973667144775391,0.0061359493314813,-0.050621581984721,-0.0429516453203694,-0.0383496833217584,-0.6227988571453564,-8.093105273542411,0.009203923997222,-0.1089131006337938,-0.0644274679805541,-0.0567575313162024,-0.6844092385657332,-8.561290244490733,-24.21,-667.12,-236.72,-231.34,-640.22,0.0,0.0,0.0,0.0,0.0,32,38,37,36,40,12,-244,-82,-69,-243,12.7,12.7,12.6,12.5,12.4,-999,-999,-1.96,0.0,0.0,0.0
5.990710258483887,0.0061359493314813,-0.050621581984721,-0.0429516453203694,-0.0383496833217584,-0.6227988571453564,-8.093105273542411,0.009203923997222,-0.1089131006337938,-0.0644274679805541,-0.0567575313162024,-0.6844092385657332,-8.561290244490733,5.38,-659.05,-236.72,-228.65,-637.53,0.0,0.0,0.0,0.0,0.0,32,38,37,36,40,6,-238,-82,-69,-243,12.8,12.7,12.6,12.5,12.3,-999,-999,-1.96,0.0,0.0,0.0
6.00764012336731,0.0076699366643516,-0.0490875946518507,-0.0429516453203694,-0.0383496833217584,-0.6227988571453564,-8.093105273542411,0.009203923997222,-0.1089131006337938,-0.0644274679805541,-0.0567575313162024,-0.6844092385657332,-8.561290244490733,5.38,-667.12,-236.72,-228.65,-637.53,0.0,0.0,0.0,0.0,0.0,32,38,37,36,40,6,-238,-82,-69,-243,12.8,12.8,12.6,12.5,12.4,-999,-999,-1.96,0.0,0.0,0.0
6.025636434555054,0.0076699366643516,-0.0490875946518507,-0.0429516453203694,-0.0383496833217584,-0.6227988571453564,-8.093105273542411,0.009203923997222,-0.1089131006337938,-0.0644274679805541,-0.0567575313162024,-0.6844092385657332,-8.561290244490733,2.69,-659.05,-236.72,-228.65,-637.53,0.0,0.0,0.0,0.0,0.0,32,38,38,36,41,6,-238,-82,-69,-243,12.8,12.7,12.6,12.5,12.4,-999,-999,-1.96,0.0,0.0,0.0
6.042710065841675,0.0076699366643516,-0.050621581984721,-0.0429516453203694,-0.0383496833217584,-0.6227988571453564,-8.093105273542411,0.0107379113300923,-0.1089131006337938,-0.0644274679805541,-0.0567575313162024,-0.6844092385657332,-8.561290244490733,-2.69,-659.05,-239.41,-228.65,-637.53,0.0,0.0,0.0,0.0,0.0,32,38,38,36,41,6,-238,-82,-69,-243,12.7,12.7,12.6,12.3,12.4,-999,-999,-1.96,0.0,0.0,0.0
6.059678077697755,0.0076699366643516,-0.0490875946518507,-0.0429516453203694,-0.0383496833217584,-0.6227988571453564,-8.093105273542411,0.0107379113300923,-0.1089131006337938,-0.0644274679805541,-0.0567575313162024,-0.6844092385657332,-8.561290244490733,18.83,-659.05,-236.72,-228.65,-637.53,0.0,0.0,0.0,0.0,0.0,32,38,38,36,41,12,-238,-82,-69,-243,12.8,12.7,12.5,12.5,12.4,-999,-999,-1.96,0.0,0.0,0.0
6.07671856880188,0.0076699366643516,-0.050621581984721,-0.0429516453203694,-0.0383496833217584,-0.6227988571453564,-8.093105273542411,0.0107379113300923,-0.1089131006337938,-0.0644274679805541,-0.0567575313162024,-0.6844092385657332,-8.561290244490733,-5.38,-661.74,-236.72,-228.65,-637.53,0.0,0.0,0.0,0.0,0.0,32,38,38,36,41,6,-238,-82,-69,-243,12.7,12.7,12.6,12.5,12.5,-999,-999,-1.96,0.0,0.0,0.0
6.093669891357422,0.0076699366643516,-0.050621581984721,-0.0429516453203694,-0.0383496833217584,-0.6227988571453564,-8.093105273542411,0.0107379113300923,-0.1089131006337938,-0.0644274679805541,-0.0567575313162024,-0.6844092385657332,-8.561290244490733,10.76,-664.43,-239.41,-231.34,-634.84,0.0,0.0,0.0,0.0,0.0,32,38,38,36,41,6,-238,-82,-69,-243,12.7,12.7,12.6,12.5,12.5,-999,-999,-1.96,0.0,0.0,0.0
6.110699415206909,0.009203923997222,-0.050621581984721,-0.0429516453203694,-0.0383496833217584,-0.6227988571453564,-8.093105273542411,0.0107379113300923,-0.1089131006337938,-0.0644274679805541,-0.0567575313162024,-0.6844092385657332,-8.561290244490733,2.69,-659.05,-236.72,-231.34,-637.53,0.0,0.0,0.0,0.0,0.0,32,38,37,36,41,6,-238,-82,-69,-243,12.7,12.7,12.6,12.5,12.4,-999,-999,-1.96,0.0,0.0,0.0
6.127718210220337,0.009203923997222,-0.050621581984721,-0.0429516453203694,-0.0383496833217584,-0.6227988571453564,-8.093105273542411,0.0107379113300923,-0.1089131006337938,-0.0644274679805541,-0.0567575313162024,-0.6844092385657332,-8.561290244490733,0.0,-661.74,-236.72,-231.34,-640.22,0.0,0.0,0.0,0.0,0.0,32,38,37,36,41,6,-238,-82,-69,-243,12.7,12.7,12.4,12.5,12.4,-999,-999,-1.96,0.0,0.0,0.0
6.14469051361084,0.009203923997222,-0.050621581984721,-0.0429516453203694,-0.0383496833217584,-0.6227988571453564,-8.093105273542411,0.0107379113300923,-0.1089131006337938,-0.0644274679805541,-0.0567575313162024,-0.6844092385657332,-8.561290244490733,10.76,-664.43,-239.41,-231.34,-640.22,0.0,0.0,0.0,0.0,0.0,32,37,37,36,41,12,-238,-82,-69,-243,12.8,12.7,12.6,12.5,12.5,-999,-999,-1.96,0.0,0.0,0.0
6.161710500717163,0.009203923997222,-0.050621581984721,-0.0429516453203694,-0.0383496833217584,-0.6227988571453564,-8.093105273542411,0.0107379113300923,-0.1089131006337938,-0.0644274679805541,-0.0567575313162024,-0.6844092385657332,-8.561290244490733,0.0,-656.36,-236.72,-231.34,-637.53,0.0,0.0,0.0,0.0,0.0,32,38,37,36,41,6,-238,-82,-69,-243,12.8,12.7,12.6,12.5,12.4,-999,-999,-1.96,0.0,0.0,0.0
6.178618431091309,0.009203923997222,-0.050621581984721,-0.0429516453203694,-0.0383496833217584,-0.6227988571453564,-8.093105273542411,0.0107379113300923,-0.1089131006337938,-0.0644274679805541,-0.0567575313162024,-0.6844092385657332,-8.561290244490733,0.0,-659.05,-236.72,-228.65,-637.53,0.0,0.0,0.0,0.0,0.0,32,38,37,36,41,6,-238,-82,-69,-243,12.8,12.7,12.6,12.5,12.4,-999,-999,-1.96,0.0,0.0,0.0
6.195704221725464,0.009203923997222,-0.050621581984721,-0.0429516453203694,-0.0383496833217584,-0.6227988571453564,-8.093105273542411,0.0107379113300923,-0.1089131006337938,-0.0644274679805541,-0.0567575313162024,-0.6844092385657332,-8.561290244490733,2.69,-664.43,-236.72,-228.65,-637.53,0.0,0.0,0.0,0.0,0.0,32,38,37,36,41,12,-244,-82,-69,-243,12.8,12.7,12.6,12.5,12.3,-999,-999,-1.96,0.0,0.0,0.0
6.21267032623291,0.0076699366643516,-0.050621581984721,-0.0429516453203694,-0.0383496833217584,-0.6227988571453564,-8.093105273542411,0.0107379113300923,-0.1089131006337938,-0.0644274679805541,-0.0567575313162024,-0.6844092385657332,-8.561290244490733,0.0,-659.05,-236.72,-234.03,-637.53,0.0,0.0,0.0,0.0,0.0,32,38,37,37,41,6,-238,-82,-69,-243,12.8,12.7,12.7,12.5,12.4,-999,-999,-1.96,0.0,0.0,0.0
6.22965931892395,0.009203923997222,-0.0490875946518507,-0.0429516453203694,-0.0383496833217584,-0.6227988571453564,-8.093105273542411,0.0107379113300923,-0.1089131006337938,-0.0644274679805541,-0.0567575313162024,-0.6844092385657332,-8.561290244490733,0.0,-661.74,-236.72,-231.34,-634.84,0.0,0.0,0.0,0.0,0.0,32,38,37,37,41,6,-244,-82,-69,-243,12.8,12.7,12.6,12.5,12.4,-999,-999,-1.96,0.0,0.0,0.0
6.246622800827026,0.009203923997222,-0.050621581984721,-0.0429516453203694,-0.0383496833217584,-0.6227988571453564,-8.093105273542411,0.0107379113300923,-0.1089131006337938,-0.0644274679805541,-0.0567575313162024,-0.6844092385657332,-8.561290244490733,0.0,-661.74,-236.72,-228.65,-637.53,0.0,0.0,0.0,0.0,0.0,32,38,37,37,41,6,-238,-82,-69,-243,12.8,12.7,12.6,12.5,12.3,-999,-999,-1.96,0.0,0.0,0.0
6.2636802196502686,0.009203923997222,-0.050621581984721,-0.0429516453203694,-0.036815695988888,-0.6227988571453564,-8.093105273542411,0.0107379113300923,-0.1089131006337938,-0.0644274679805541,-0.0567575313162024,-0.6844092385657332,-8.561290244490733,0.0,-659.05,-236.72,-231.34,-637.53,0.0,0.0,0.0,0.0,0.0,32,38,37,37,41,6,-238,-82,-69,-243,12.7,12.7,12.7,12.5,12.4,-999,-999,-1.96,0.0,0.0,0.0
6.280682802200317,0.009203923997222,-0.050621581984721,-0.0429516453203694,-0.0383496833217584,-0.6227988571453564,-8.093105273542411,0.0107379113300923,-0.1089131006337938,-0.0644274679805541,-0.0567575313162024,-0.6844092385657332,-8.561290244490733,0.0,-659.05,-236.72,-228.65,-642.91,0.0,0.0,0.0,0.0,0.0,32,39,37,37,41,6,-238,-82,-69,-243,12.7,12.7,12.6,12.5,12.4,-999,-999,-1.96,0.0,0.0,0.0
6.297618627548218,0.009203923997222,-0.050621581984721,-0.0429516453203694,-0.0383496833217584,-0.6227988571453564,-8.093105273542411,0.0107379113300923,-0.1089131006337938,-0.0644274679805541,-0.0567575313162024,-0.6844092385657332,-8.561290244490733,0.0,-661.74,-236.72,-228.65,-634.84,0.0,0.0,0.0,0.0,0.0,32,38,37,37,40,6,-238,-82,-69,-243,12.7,12.7,12.4,12.5,12.5,-999,-999,-1.96,0.0,0.0,0.0
6.314668416976929,0.009203923997222,-0.050621581984721,-0.0429516453203694,-0.0383496833217584,-0.6227988571453564,-8.093105273542411,0.0107379113300923,-0.1089131006337938,-0.0644274679805541,-0.0567575313162024,-0.6844092385657332,-8.561290244490733,0.0,-656.36,-236.72,-228.65,-637.53,0.0,0.0,0.0,0.0,0.0,32,38,37,37,41,6,-238,-82,-69,-243,12.7,12.7,12.6,12.5,12.5,-999,-999,-1.96,0.0,0.0,0.0
6.331632852554321,0.0076699366643516,-0.050621581984721,-0.0429516453203694,-0.0383496833217584,-0.6212648698124861,-8.080811670411755,0.0107379113300923,-0.1089131006337938,-0.0644274679805541,-0.0567575313162024,-0.6844092385657332,-8.561290244490733,0.0,-659.05,-236.72,-231.34,-637.53,0.0,0.0,0.0,0.0,0.0,32,38,37,37,41,6,-238,-82,-69,-243,12.7,12.7,12.6,12.5,12.3,-999,-999,-1.96,0.0,0.0,0.0
6.348639249801636,0.009203923997222,-0.050621581984721,-0.0429516453203694,-0.0383496833217584,-0.6227988571453564,-8.093105273542411,0.0107379113300923,-0.1089131006337938,-0.0644274679805541,-0.0567575313162024,-0.6844092385657332,-8.561290244490733,0.0,-659.05,-236.72,-228.65,-637.53,0.0,0.0,0.0,0.0,0.0,32,38,37,37,41,6,-238,-82,-69,-243,12.8,12.7,12.6,12.5,12.4,-999,-999,-1.96,0.0,0.0,0.0
6.365623950958252,0.009203923997222,-0.050621581984721,-0.0429516453203694,-0.0383496833217584,-0.6227988571453564,-8.093105273542411,0.0107379113300923,-0.1089131006337938,-0.0644274679805541,-0.0567575313162024,-0.6844092385657332,-8.561290244490733,0.0,-659.05,-236.72,-231.34,-637.53,0.0,0.0,0.0,0.0,0.0,32,38,37,37,41,6,-238,-82,-69,-243,12.7,12.7,12.6,12.5,12.4,-999,-999,-1.96,0.0,0.0,0.0
6.382654190063477,0.009203923997222,-0.0490875946518507,-0.0429516453203694,-0.0383496833217584,-0.6227988571453564,-8.093105273542411,0.0107379113300923,-0.1089131006337938,-0.0644274679805541,-0.0567575313162024,-0.6844092385657332,-8.561290244490733,0.0,-661.74,-236.72,-231.34,-637.53,0.0,0.0,0.0,0.0,0.0,32,38,37,37,41,6,-238,-82,-69,-243,12.7,12.7,12.6,12.5,12.3,-999,-999,-1.96,0.0,0.0,0.0
6.399656534194946,0.009203923997222,-0.050621581984721,-0.0429516453203694,-0.0383496833217584,-0.6227988571453564,-8.093105273542411,0.0107379113300923,-0.1089131006337938,-0.0644274679805541,-0.0567575313162024,-0.6844092385657332,-8.561290244490733,0.0,-659.05,-236.72,-231.34,-637.53,0.0,0.0,0.0,0.0,0.0,32,38,37,37,41,6,-238,-82,-69,-243,12.7,12.7,12.6,12.4,12.4,-999,-999,-1.96,0.0,0.0,0.0
6.416644573211669,0.009203923997222,-0.050621581984721,-0.0429516453203694,-0.0383496833217584,-0.6227988571453564,-8.093105273542411,0.0107379113300923,-0.1089131006337938,-0.0644274679805541,-0.0567575313162024,-0.6844092385657332,-8.561290244490733,0.0,-659.05,-236.72,-228.65,-637.53,0.0,0.0,0.0,0.0,0.0,32,38,37,37,41,6,-238,-82,-69,-243,12.7,12.7,12.6,12.5,12.5,-999,-999,-1.96,0.0,0.0,0.0
6.433624029159546,0.009203923997222,-0.050621581984721,-0.0429516453203694,-0.0383496833217584,-0.6227988571453564,-8.093105273542411,0.0107379113300923,-0.1089131006337938,-0.0644274679805541,-0.0567575313162024,-0.6844092385657332,-8.561290244490733,0.0,-661.74,-236.72,-228.65,-640.22,0.0,0.0,0.0,0.0,0.0,32,38,38,37,40,6,-238,-82,-69,-243,12.2,12.7,12.6,12.5,12.4,-999,-999,-1.96,0.0,0.0,0.0
6.450653553009033,0.009203923997222,-0.050621581984721,-0.0429516453203694,-0.0383496833217584,-0.6227988571453564,-8.093105273542411,0.0107379113300923,-0.1089131006337938,-0.0644274679805541,-0.0567575313162024,-0.6844092385657332,-8.561290244490733,0.0,-656.36,-236.72,-228.65,-637.53,0.0,0.0,0.0,0.0,0.0,32,38,37,36,40,6,-238,-82,-69,-243,12.7,12.7,12.6,12.5,12.4,-999,-999,-1.96,0.0,0.0,0.0
6.467679738998413,0.009203923997222,-0.050621581984721,-0.0429516453203694,-0.0383496833217584,-0.6227988571453564,-8.093105273542411,0.0107379113300923,-0.1089131006337938,-0.0644274679805541,-0.0567575313162024,-0.6844092385657332,-8.561290244490733,0.0,-656.36,-236.72,-228.65,-637.53,0.0,0.0,0.0,0.0,0.0,32,38,37,36,40,6,-238,-82,-69,-243,12.8,12.7,12.6,12.5,12.3,-999,-999,-1.96,0.0,0.0,0.0
6.484662294387817,0.009203923997222,-0.050621581984721,-0.0429516453203694,-0.0383496833217584,-0.6227988571453564,-8.093105273542411,0.0107379113300923,-0.1089131006337938,-0.0644274679805541,-0.0567575313162024,-0.6844092385657332,-8.561290244490733,2.69,-661.74,-236.72,-228.65,-634.84,0.0,0.0,0.0,0.0,0.0,32,38,37,36,40,6,-238,-82,-69,-243,12.8,12.8,12.6,12.5,12.4,-999,-999,-1.96,0.0,0.0,0.0
6.502652883529663,0.009203923997222,-0.050621581984721,-0.0429516453203694,-0.0383496833217584,-0.6227988571453564,-8.093105273542411,0.0107379113300923,-0.1089131006337938,-0.0644274679805541,-0.0567575313162024,-0.6844092385657332,-8.561290244490733,0.0,-659.05,-236.72,-228.65,-637.53,0.0,0.0,0.0,0.0,0.0,32,38,37,36,40,6,-238,-82,-69,-243,12.7,12.7,12.6,12.5,12.4,-999,-999,-1.96,0.0,0.0,0.0
6.519655227661133,0.009203923997222,-0.0490875946518507,-0.0429516453203694,-0.0383496833217584,-0.6227988571453564,-8.093105273542411,0.0107379113300923,-0.1089131006337938,-0.0644274679805541,-0.0567575313162024,-0.6844092385657332,-8.561290244490733,0.0,-659.05,-239.41,-231.34,-637.53,0.0,0.0,0.0,0.0,0.0,32,38,37,37,40,6,-238,-82,-69,-243,12.8,12.7,12.6,12.5,12.4,-999,-999,-1.96,0.0,0.0,0.0
6.536681652069092,0.009203923997222,-0.050621581984721,-0.0429516453203694,-0.0383496833217584,-0.6227988571453564,-8.093105273542411,0.0107379113300923,-0.1089131006337938,-0.0644274679805541,-0.0567575313162024,-0.6844092385657332,-8.561290244490733,5.38,-664.43,-236.72,-228.65,-637.53,0.0,0.0,0.0,0.0,0.0,32,38,37,37,41,12,-244,-82,-69,-243,12.8,12.7,12.6,12.5,12.4,-999,-999,-1.96,0.0,0.0,0.0
6.553636312484741,0.009203923997222,-0.050621581984721,-0.0429516453203694,-0.0383496833217584,-0.6227988571453564,-8.093105273542411,0.0107379113300923,-0.1089131006337938,-0.0644274679805541,-0.0567575313162024,-0.6844092385657332,-8.561290244490733,0.0,-661.74,-236.72,-228.65,-637.53,0.0,0.0,0.0,0.0,0.0,32,38,37,37,41,6,-238,-82,-69,-243,12.7,12.7,12.6,12.4,12.4,-999,-999,-1.96,0.0,0.0,0.0
6.570622444152832,0.009203923997222,-0.0490875946518507,-0.0429516453203694,-0.0383496833217584,-0.6227988571453564,-8.093105273542411,0.0107379113300923,-0.1089131006337938,-0.0644274679805541,-0.0567575313162024,-0.6844092385657332,-8.561290244490733,0.0,-661.74,-239.41,-228.65,-634.84,0.0,0.0,0.0,0.0,0.0,32,38,37,37,41,6,-238,-82,-69,-243,12.7,12.5,12.6,12.5,12.5,-999,-999,-1.96,0.0,0.0,0.0
6.587720155715942,0.009203923997222,-0.050621581984721,-0.0429516453203694,-0.0383496833217584,-0.6227988571453564,-8.093105273542411,0.0107379113300923,-0.1089131006337938,-0.0659614553134244,-0.0567575313162024,-0.6844092385657332,-8.561290244490733,24.21,-659.05,-236.72,-225.96,-637.53,0.0,0.0,0.0,0.0,0.0,32,38,37,37,40,12,-238,-82,-69,-243,12.7,12.8,12.6,12.5,12.3,-999,-999,-1.96,0.0,0.0,0.0
6.604699611663818,0.009203923997222,-0.0490875946518507,-0.0429516453203694,-0.0383496833217584,-0.6227988571453564,-8.093105273542411,0.0107379113300923,-0.1089131006337938,-0.0644274679805541,-0.0567575313162024,-0.6844092385657332,-8.561290244490733,0.0,-661.74,-255.55,-231.34,-634.84,0.0,0.0,0.0,0.0,0.0,32,38,37,38,40,6,-244,-88,-69,-243,12.8,12.6,12.6,12.5,12.4,-999,-999,-1.96,0.0,0.0,0.0
6.621656894683837,0.009203923997222,-0.050621581984721,-0.0429516453203694,-0.0383496833217584,-0.6227988571453564,-8.093105273542411,0.0107379113300923,-0.1089131006337938,-0.0644274679805541,-0.0567575313162024,-0.6844092385657332,-8.561290244490733,0.0,-659.05,-242.1,-228.65,-634.84,0.0,0.0,0.0,0.0,0.0,32,38,37,37,40,6,-244,-82,-69,-243,12.8,12.7,12.6,12.5,12.4,-999,-999,-1.96,0.0,0.0,0.0
6.638747692108154,0.009203923997222,-0.050621581984721,-0.0429516453203694,-0.0383496833217584,-0.6227988571453564,-8.093105273542411,0.0107379113300923,-0.1089131006337938,-0.0644274679805541,-0.0567575313162024,-0.6844092385657332,-8.561290244490733,0.0,-659.05,-236.72,-228.65,-637.53,0.0,0.0,0.0,0.0,0.0,32,38,37,37,40,6,-238,-82,-69,-243,12.8,12.7,12.6,12.4,12.4,-999,-999,-1.96,0.0,0.0,0.0
6.655680179595947,0.009203923997222,-0.050621581984721,-0.0429516453203694,-0.0383496833217584,-0.6227988571453564,-8.093105273542411,0.0107379113300923,-0.1089131006337938,-0.0644274679805541,-0.0567575313162024,-0.6844092385657332,-8.561290244490733,0.0,-661.74,-236.72,-228.65,-637.53,0.0,0.0,0.0,0.0,0.0,32,38,37,37,42,6,-238,-82,-69,-243,12.7,12.7,12.7,12.5,12.5,-999,-999,-1.96,0.0,0.0,0.0
6.67264199256897,0.009203923997222,-0.050621581984721,-0.0429516453203694,-0.0383496833217584,-0.6227988571453564,-8.093105273542411,0.0107379113300923,-0.1089131006337938,-0.0644274679805541,-0.0567575313162024,-0.6844092385657332,-8.561290244490733,0.0,-659.05,-236.72,-228.65,-634.84,0.0,0.0,0.0,0.0,0.0,32,38,37,37,41,6,-244,-82,-69,-243,12.7,12.7,12.6,12.4,12.3,-999,-999,-1.96,0.0,0.0,0.0
6.689605951309204,0.009203923997222,-0.050621581984721,-0.0429516453203694,-0.0383496833217584,-0.6227988571453564,-8.093105273542411,0.0107379113300923,-0.1089131006337938,-0.0644274679805541,-0.0567575313162024,-0.6844092385657332,-8.561290244490733,0.0,-656.36,-236.72,-228.65,-634.84,0.0,0.0,0.0,0.0,0.0,32,38,37,37,41,6,-238,-82,-69,-243,12.7,12.7,12.6,12.4,12.4,-999,-999,-1.96,0.0,0.0,0.0
6.70661473274231,0.009203923997222,-0.050621581984721,-0.0429516453203694,-0.0383496833217584,-0.6227988571453564,-8.093105273542411,0.0122718986629626,-0.1089131006337938,-0.0644274679805541,-0.0567575313162024,-0.6844092385657332,-8.561290244490733,0.0,-659.05,-236.72,-228.65,-637.53,0.0,0.0,0.0,0.0,0.0,32,38,37,37,41,6,-238,-82,-69,-250,12.7,12.6,12.6,12.5,12.4,-999,-999,-1.96,0.0,0.0,0.0
6.723642826080322,0.009203923997222,-0.050621581984721,-0.0429516453203694,-0.0383496833217584,-0.6227988571453564,-8.093105273542411,0.0122718986629626,-0.1089131006337938,-0.0644274679805541,-0.0567575313162024,-0.6844092385657332,-8.561290244490733,13.45,-661.74,-236.72,-228.65,-634.84,0.0,0.0,0.0,0.0,0.0,32,38,37,37,41,12,-238,-82,-69,-243,12.7,12.8,12.1,12.5,12.4,-999,-999,-1.96,0.0,0.0,0.0
6.740681409835815,0.009203923997222,-0.0490875946518507,-0.0429516453203694,-0.0383496833217584,-0.6227988571453564,-8.093105273542411,0.0122718986629626,-0.1089131006337938,-0.0644274679805541,-0.0567575313162024,-0.6844092385657332,-8.561290244490733,13.45,-661.74,-236.72,-228.65,-637.53,0.0,0.0,0.0,0.0,0.0,32,38,37,37,41,12,-244,-82,-69,-243,12.7,12.7,12.6,12.5,12.4,-999,-999,-1.96,0.0,0.0,0.0
6.757652759552002,0.009203923997222,-0.050621581984721,-0.0429516453203694,-0.0383496833217584,-0.6227988571453564,-8.093105273542411,0.0107379113300923,-0.1089131006337938,-0.0644274679805541,-0.0567575313162024,-0.6844092385657332,-8.561290244490733,16.14,-659.05,-236.72,-228.65,-634.84,0.0,0.0,0.0,0.0,0.0,32,38,37,37,41,12,-238,-82,-69,-243,12.8,12.7,12.6,12.6,12.4,-999,-999,-1.96,0.0,0.0,0.0
6.7746741771698,0.009203923997222,-0.050621581984721,-0.0429516453203694,-0.0383496833217584,-0.6227988571453564,-8.093105273542411,0.0122718986629626,-0.1089131006337938,-0.0659614553134244,-0.0567575313162024,-0.6844092385657332,-8.561290244490733,0.0,-664.43,-236.72,-228.65,-634.84,0.0,0.0,0.0,0.0,0.0,32,38,37,37,42,0,-238,-82,-69,-243,12.8,12.8,12.6,12.4,12.4,-999,-999,-1.96,0.0,0.0,0.0
6.791715145111083,0.009203923997222,-0.050621581984721,-0.0429516453203694,-0.0383496833217584,-0.6227988571453564,-8.093105273542411,0.0107379113300923,-0.1089131006337938,-0.0644274679805541,-0.0567575313162024,-0.6844092385657332,-8.561290244490733,0.0,-661.74,-255.55,-228.65,-634.84,0.0,0.0,0.0,0.0,0.0,32,38,37,37,41,6,-238,-88,-69,-243,12.7,12.7,12.6,12.5,12.5,-999,-999,-1.96,0.0,0.0,0.0
6.808696031570435,0.0107379113300923,-0.050621581984721,-0.0429516453203694,-0.0383496833217584,-0.6227988571453564,-8.093105273542411,0.0107379113300923,-0.1089131006337938,-0.0644274679805541,-0.0567575313162024,-0.6844092385657332,-8.561290244490733,0.0,-656.36,-239.41,-228.65,-634.84,0.0,0.0,0.0,0.0,0.0,32,38,37,37,41,0,-238,-82,-69,-243,12.7,12.7,12.6,12.5,12.3,-999,-999,-1.96,0.0,0.0,0.0
6.825655460357666,0.0107379113300923,-0.050621581984721,-0.0429516453203694,-0.0383496833217584,-0.6227988571453564,-8.093105273542411,0.0107379113300923,-0.1089131006337938,-0.0644274679805541,-0.0567575313162024,-0.6844092385657332,-8.561290244490733,0.0,-659.05,-236.72,-228.65,-634.84,0.0,0.0,0.0,0.0,0.0,32,38,37,37,41,0,-238,-82,-69,-243,12.7,12.7,12.6,12.6,12.4,-999,-999,-1.96,0.0,0.0,0.0
6.842619180679321,0.0107379113300923,-0.050621581984721,-0.0429516453203694,-0.0383496833217584,-0.6227988571453564,-8.093105273542411,0.0107379113300923,-0.1089131006337938,-0.0659614553134244,-0.0567575313162024,-0.6844092385657332,-8.561290244490733,0.0,-659.05,-236.72,-228.65,-634.84,0.0,0.0,0.0,0.0,0.0,32,38,37,37,40,0,-244,-82,-69,-243,12.7,12.7,12.5,12.5,12.4,-999,-999,-1.96,0.0,0.0,0.0
6.861661195755005,0.0107379113300923,-0.050621581984721,-0.0429516453203694,-0.0383496833217584,-0.6227988571453564,-8.093105273542411,0.0107379113300923,-0.1089131006337938,-0.0659614553134244,-0.0567575313162024,-0.6844092385657332,-8.561290244490733,0.0,-659.05,-252.86,-228.65,-637.53,0.0,0.0,0.0,0.0,0.0,32,38,37,37,40,0,-238,-88,-69,-243,12.7,12.7,12.4,12.5,12.4,-999,-999,-1.96,0.0,0.0,0.0
6.878659725189208,0.0107379113300923,-0.0490875946518507,-0.0429516453203694,-0.0383496833217584,-0.6227988571453564,-8.093105273542411,0.0107379113300923,-0.1089131006337938,-0.0659614553134244,-0.0567575313162024,-0.6844092385657332,-8.561290244490733,0.0,-661.74,-252.86,-231.34,-634.84,0.0,0.0,0.0,0.0,0.0,32,38,37,37,44,0,-238,-88,-69,-243,12.7,12.7,12.6,12.5,12.4,-999,-999,-1.96,0.0,0.0,0.0
6.8956897258758545,0.009203923997222,-0.050621581984721,-0.0429516453203694,-0.0383496833217584,-0.6227988571453564,-8.093105273542411,0.0107379113300923,-0.1089131006337938,-0.0659614553134244,-0.0567575313162024,-0.6844092385657332,-8.561290244490733,0.0,-661.74,-255.55,-228.65,-634.84,0.0,0.0,0.0,0.0,0.0,32,38,37,37,41,0,-244,-88,-69,-243,12.7,12.8,12.6,12.5,12.4,-999,-999,-1.96,0.0,0.0,0.0
6.912683725357056,0.009203923997222,-0.050621581984721,-0.0429516453203694,-0.0383496833217584,-0.6227988571453564,-8.093105273542411,0.0122718986629626,-0.1089131006337938,-0.0659614553134244,-0.0567575313162024,-0.6844092385657332,-8.561290244490733,0.0,-659.05,-250.17,-234.03,-634.84,0.0,0.0,0.0,0.0,0.0,32,38,37,37,41,6,-238,-88,-69,-243,12.8,12.7,12.6,12.4,12.4,-999,-999,-1.96,0.0,0.0,0.0
6.929621458053589,0.0107379113300923,-0.050621581984721,-0.0429516453203694,-0.0383496833217584,-0.6227988571453564,-8.093105273542411,0.0107379113300923,-0.1089131006337938,-0.0644274679805541,-0.0567575313162024,-0.6844092385657332,-8.561290244490733,10.76,-656.36,-252.86,-228.65,-634.84,0.0,0.0,0.0,0.0,0.0,32,38,37,37,40,6,-238,-88,-69,-243,12.8,12.7,12.6,12.5,12.5,-999,-999,-1.96,0.0,0.0,0.0
6.946622848510742,0.0107379113300923,-0.050621581984721,-0.0429516453203694,-0.0383496833217584,-0.6227988571453564,-8.093105273542411,0.0122718986629626,-0.1089131006337938,-0.0659614553134244,-0.0567575313162024,-0.6844092385657332,-8.561290244490733,0.0,-656.36,-236.72,-228.65,-634.84,0.0,0.0,0.0,0.0,0.0,32,38,37,37,40,6,-238,-82,-69,-243,12.8,12.7,12.6,12.5,12.5,-999,-999,-1.96,0.0,0.0,0.0
6.963662385940552,0.009203923997222,-0.050621581984721,-0.0429516453203694,-0.0383496833217584,-0.6227988571453564,-8.093105273542411,0.0122718986629626,-0.1089131006337938,-0.0659614553134244,-0.0567575313162024,-0.6844092385657332,-8.561290244490733,2.69,-659.05,-250.17,-228.65,-634.84,0.0,0.0,0.0,0.0,0.0,32,39,37,37,41,6,-244,-88,-69,-243,12.8,12.7,12.6,12.4,12.5,-999,-999,-1.96,0.0,0.0,0.0
6.980687141418457,0.0107379113300923,-0.050621581984721,-0.0429516453203694,-0.0383496833217584,-0.6212648698124861,-8.080811670411755,0.0122718986629626,-0.1073791133009235,-0.0659614553134244,-0.0567575313162024,-0.6844092385657332,-8.561290244490733,0.0,-618.6999999999999,-252.86,-228.65,-632.15,0.0,0.0,0.0,0.0,0.0,32,38,37,37,40,0,-232,-88,-69,-243,12.8,12.7,12.6,12.5,12.4,-999,-999,-1.96,0.0,0.0,0.0
6.997668743133544,0.0107379113300923,-0.0490875946518507,-0.0429516453203694,-0.0383496833217584,-0.6227988571453564,-8.093105273542411,0.0122718986629626,-0.1073791133009235,-0.0659614553134244,-0.0567575313162024,-0.6844092385657332,-8.561290244490733,2.69,-640.22,-252.86,-228.65,-634.84,0.0,0.0,0.0,0.0,0.0,32,38,37,37,40,6,-232,-88,-69,-243,12.7,12.7,12.6,12.5,12.3,-999,-999,-1.96,0.0,0.0,0.0
7.014668226242065,0.0107379113300923,-0.050621581984721,-0.0429516453203694,-0.0383496833217584,-0.6227988571453564,-8.093105273542411,0.0107379113300923,-0.1073791133009235,-0.0659614553134244,-0.0582915186490727,-0.6844092385657332,-8.561290244490733,0.0,-642.91,-252.86,-225.96,-634.84,0.0,0.0,0.0,0.0,0.0,32,38,38,36,40,6,-232,-88,-69,-243,12.8,12.7,12.7,12.4,12.4,-999,-999,-1.96,0.0,0.0,0.0
7.031634807586669,0.0107379113300923,-0.050621581984721,-0.0429516453203694,-0.0383496833217584,-0.6227988571453564,-8.093105273542411,0.0107379113300923,-0.1073791133009235,-0.0659614553134244,-0.0582915186490727,-0.6844092385657332,-8.561290244490733,0.0,-640.22,-252.86,-244.79,-642.91,0.0,0.0,0.0,0.0,0.0,32,38,38,36,40,0,-232,-88,-75,-243,12.8,12.7,12.6,12.5,12.4,-999,-999,-1.96,0.0,0.0,0.0
7.048642873764038,0.0107379113300923,-0.050621581984721,-0.0429516453203694,-0.0383496833217584,-0.6227988571453564,-8.093105273542411,0.0122718986629626,-0.1073791133009235,-0.0659614553134244,-0.0567575313162024,-0.6844092385657332,-8.561290244490733,0.0,-664.43,-252.86,-225.96,-640.22,0.0,0.0,0.0,0.0,0.0,32,38,38,36,40,0,-238,-88,-69,-250,12.8,12.7,12.6,12.5,12.4,-999,-999,-1.96,0.0,0.0,0.0
7.065593481063843,0.0107379113300923,-0.050621581984721,-0.0429516453203694,-0.0383496833217584,-0.6227988571453564,-8.093105273542411,0.0122718986629626,-0.1073791133009235,-0.0659614553134244,-0.0567575313162024,-0.6844092385657332,-8.561290244490733,2.69,-634.84,-252.86,-228.65,-640.22,0.0,0.0,0.0,0.0,0.0,32,38,38,35,39,6,-232,-88,-69,-243,12.8,12.7,12.6,12.5,12.4,-999,-999,-1.96,0.0,0.0,0.0
7.082638502120972,0.0107379113300923,-0.050621581984721,-0.0429516453203694,-0.0383496833217584,-0.6227988571453564,-8.093105273542411,0.0122718986629626,-0.1089131006337938,-0.0659614553134244,-0.0567575313162024,-0.6844092385657332,-8.561290244490733,0.0,-642.91,-252.86,-228.65,-634.84,0.0,0.0,0.0,0.0,0.0,32,38,37,36,41,6,-232,-88,-69,-243,12.8,12.7,12.6,12.6,12.3,-999,-999,-1.96,0.0,0.0,0.0
7.0996620655059814,0.0107379113300923,-0.050621581984721,-0.0429516453203694,-0.0383496833217584,-0.6212648698124861,-8.080811670411755,0.0107379113300923,-0.1073791133009235,-0.0659614553134244,-0.0567575313162024,-0.6844092385657332,-8.561290244490733,0.0,-659.05,-252.86,-228.65,-632.15,0.0,0.0,0.0,0.0,0.0,32,38,37,36,41,6,-238,-88,-69,-243,12.8,12.7,12.6,12.5,12.4,-999,-999,-1.96,0.0,0.0,0.0
7.116711854934692,0.0107379113300923,-0.050621581984721,-0.0429516453203694,-0.0383496833217584,-0.6227988571453564,-8.093105273542411,0.0122718986629626,-0.1073791133009235,-0.0644274679805541,-0.0567575313162024,-0.6844092385657332,-8.561290244490733,0.0,-632.15,-252.86,-228.65,-634.84,0.0,0.0,0.0,0.0,0.0,32,38,37,36,41,0,-232,-88,-69,-243,12.7,12.6,12.6,12.6,12.4,-999,-999,-1.96,0.0,0.0,0.0
7.133686780929565,0.009203923997222,-0.050621581984721,-0.0429516453203694,-0.0383496833217584,-0.6227988571453564,-8.093105273542411,0.0107379113300923,-0.1073791133009235,-0.0659614553134244,-0.0567575313162024,-0.6844092385657332,-8.561290244490733,40.35,-640.22,-242.1,-228.65,-634.84,0.0,0.0,0.0,0.0,0.0,32,38,37,36,41,74,-232,-82,-69,-243,12.8,12.7,12.6,12.5,12.4,-999,-999,-1.96,0.0,0.0,0.0
7.150611639022827,0.0107379113300923,-0.050621581984721,-0.0429516453203694,-0.0383496833217584,-0.6227988571453564,-8.093105273542411,0.0122718986629626,-0.1073791133009235,-0.0659614553134244,-0.0582915186490727,-0.6844092385657332,-8.561290244490733,0.0,-642.91,-255.55,-228.65,-637.53,0.0,0.0,0.0,0.0,0.0,32,38,37,36,41,6,-232,-88,-69,-243,12.8,12.7,12.7,12.5,12.4,-999,-999,-1.96,0.0,0.0,0.0
7.167635917663574,0.009203923997222,-0.050621581984721,-0.0429516453203694,-0.0383496833217584,-0.6227988571453564,-8.093105273542411,0.0122718986629626,-0.1073791133009235,-0.0659614553134244,-0.0567575313162024,-0.6844092385657332,-8.561290244490733,10.76,-640.22,-255.55,-242.1,-632.15,0.0,0.0,0.0,0.0,0.0,32,38,35,36,41,6,-232,-88,-75,-243,12.8,12.7,12.6,12.5,12.4,-999,-999,-1.96,0.0,0.0,0.0
7.184646844863892,0.0107379113300923,-0.050621581984721,-0.0429516453203694,-0.0383496833217584,-0.6227988571453564,-8.093105273542411,0.0122718986629626,-0.1073791133009235,-0.0659614553134244,-0.0567575313162024,-0.6844092385657332,-8.561290244490733,0.0,-640.22,-255.55,-228.65,-632.15,0.0,0.0,0.0,0.0,0.0,32,38,37,36,41,6,-232,-88,-69,-243,12.8,12.7,12.6,12.5,12.4,-999,-999,-1.96,0.0,0.0,0.0
7.201623439788818,0.0107379113300923,-0.050621581984721,-0.0429516453203694,-0.0383496833217584,-0.6227988571453564,-8.093105273542411,0.0122718986629626,-0.1073791133009235,-0.0659614553134244,-0.0567575313162024,-0.6844092385657332,-8.561290244490733,0.0,-640.22,-252.86,-228.65,-632.15,0.0,0.0,0.0,0.0,0.0,32,38,37,36,41,6,-232,-88,-69,-243,12.8,12.7,12.6,12.5,12.4,-999,-999,-1.96,0.0,0.0,0.0
7.21860671043396,0.0107379113300923,-0.050621581984721,-0.0429516453203694,-0.0383496833217584,-0.6212648698124861,-8.080811670411755,0.0122718986629626,-0.1073791133009235,-0.0659614553134244,-0.0567575313162024,-0.6844092385657332,-8.561290244490733,0.0,-642.91,-252.86,-228.65,-634.84,0.0,0.0,0.0,0.0,0.0,32,38,37,36,41,6,-232,-88,-69,-243,12.8,12.7,12.6,12.5,12.3,-999,-999,-1.96,0.0,0.0,0.0
7.235669136047363,0.0107379113300923,-0.050621581984721,-0.0429516453203694,-0.0383496833217584,-0.6227988571453564,-8.093105273542411,0.0122718986629626,-0.1073791133009235,-0.0659614553134244,-0.0567575313162024,-0.6844092385657332,-8.561290244490733,2.69,-640.22,-250.17,-228.65,-634.84,0.0,0.0,0.0,0.0,0.0,32,38,37,36,40,12,-232,-88,-69,-243,12.8,12.7,12.6,12.4,12.4,-999,-999,-1.96,0.0,0.0,0.0
7.25264048576355,0.0107379113300923,-0.050621581984721,-0.0429516453203694,-0.0383496833217584,-0.6227988571453564,-8.093105273542411,0.0122718986629626,-0.1073791133009235,-0.0659614553134244,-0.0567575313162024,-0.6844092385657332,-8.561290244490733,2.69,-640.22,-252.86,-228.65,-637.53,0.0,0.0,0.0,0.0,0.0,32,38,38,36,40,6,-232,-88,-69,-243,12.8,12.7,12.7,12.5,12.4,-999,-999,-1.96,0.0,0.0,0.0
7.269638776779175,0.0107379113300923,-0.050621581984721,-0.0429516453203694,-0.0383496833217584,-0.6227988571453564,-8.093105273542411,0.0122718986629626,-0.1073791133009235,-0.0674954426462947,-0.0567575313162024,-0.6844092385657332,-8.561290244490733,0.0,-645.6,-252.86,-228.65,-637.53,0.0,0.0,0.0,0.0,0.0,32,38,37,36,41,6,-232,-88,-69,-243,12.8,12.7,12.6,12.5,12.4,-999,-999,-1.96,0.0,0.0,0.0
7.286669492721558,0.0107379113300923,-0.050621581984721,-0.0429516453203694,-0.0383496833217584,-0.6227988571453564,-8.093105273542411,0.0122718986629626,-0.1073791133009235,-0.0674954426462947,-0.0567575313162024,-0.6844092385657332,-8.561290244490733,2.69,-645.6,-269.0,-228.65,-634.84,0.0,0.0,0.0,0.0,0.0,32,38,37,36,41,12,-232,-94,-69,-243,12.8,12.7,12.6,12.5,12.4,-999,-999,-1.96,0.0,0.0,0.0
7.303711414337158,0.0107379113300923,-0.050621581984721,-0.0429516453203694,-0.0383496833217584,-0.6227988571453564,-8.093105273542411,0.0122718986629626,-0.1073791133009235,-0.0674954426462947,-0.0567575313162024,-0.6844092385657332,-8.561290244490733,2.69,-650.98,-269.0,-228.65,-637.53,0.0,0.0,0.0,0.0,0.0,32,38,37,36,41,12,-238,-94,-69,-243,12.8,12.7,12.6,12.5,12.5,-999,-999,-1.96,0.0,0.0,0.0
7.320640802383423,0.0107379113300923,-0.050621581984721,-0.0429516453203694,-0.0383496833217584,-0.6227988571453564,-8.093105273542411,0.0122718986629626,-0.1073791133009235,-0.0674954426462947,-0.0567575313162024,-0.6844092385657332,-8.561290244490733,2.69,-637.53,-271.69,-228.65,-640.22,0.0,0.0,0.0,0.0,0.0,32,38,37,36,39,6,-232,-94,-69,-243,12.8,12.7,12.6,12.4,12.4,-999,-999,-1.96,0.0,0.0,0.0
7.337644577026367,0.0107379113300923,-0.050621581984721,-0.0429516453203694,-0.0383496833217584,-0.6227988571453564,-8.093105273542411,0.0122718986629626,-0.1073791133009235,-0.0674954426462947,-0.0567575313162024,-0.6844092385657332,-8.561290244490733,0.0,-642.91,-271.69,-231.34,-634.84,0.0,0.0,0.0,0.0,0.0,32,38,37,36,40,6,-232,-94,-75,-243,12.8,12.8,12.6,12.5,12.4,-999,-999,-1.96,0.0,0.0,0.0
7.355393409729004,0.0107379113300923,-0.050621581984721,-0.0429516453203694,-0.0383496833217584,-0.6227988571453564,-8.093105273542411,0.0122718986629626,-0.1073791133009235,-0.0674954426462947,-0.0567575313162024,-0.6844092385657332,-8.561290244490733,0.0,-642.91,-269.0,-228.65,-634.84,0.0,0.0,0.0,0.0,0.0,32,38,37,36,40,6,-232,-94,-69,-243,12.8,12.7,12.6,12.5,12.3,-999,-999,-1.96,0.0,0.0,0.0
7.372609615325928,0.0107379113300923,-0.050621581984721,-0.0429516453203694,-0.0383496833217584,-0.6227988571453564,-8.093105273542411,0.0122718986629626,-0.1073791133009235,-0.0674954426462947,-0.0567575313162024,-0.6844092385657332,-8.561290244490733,0.0,-640.22,-269.0,-228.65,-634.84,0.0,0.0,0.0,0.0,0.0,32,38,37,36,40,6,-232,-94,-69,-243,12.7,12.7,12.6,12.5,12.4,-999,-999,-1.96,0.0,0.0,0.0
7.389647006988525,0.0107379113300923,-0.050621581984721,-0.0429516453203694,-0.0383496833217584,-0.6227988571453564,-8.093105273542411,0.0122718986629626,-0.1073791133009235,-0.0674954426462947,-0.0567575313162024,-0.6844092385657332,-8.561290244490733,0.0,-640.22,-269.0,-225.96,-634.84,0.0,0.0,0.0,0.0,0.0,32,39,37,36,41,6,-232,-94,-69,-243,12.7,12.7,12.6,12.5,12.4,-999,-999,-1.96,0.0,0.0,0.0
7.406654596328735,0.0107379113300923,-0.0490875946518507,-0.0429516453203694,-0.0383496833217584,-0.6227988571453564,-8.093105273542411,0.0122718986629626,-0.1058451259680531,-0.0674954426462947,-0.0567575313162024,-0.6844092385657332,-8.561290244490733,0.0,-640.22,-271.69,-228.65,-634.84,0.0,0.0,0.0,0.0,0.0,32,38,37,37,41,6,-232,-94,-69,-243,12.7,12.7,12.6,12.4,12.5,-999,-999,-1.96,0.0,0.0,0.0
7.4236390590667725,0.0107379113300923,-0.050621581984721,-0.0429516453203694,-0.0383496833217584,-0.6227988571453564,-8.093105273542411,0.0122718986629626,-0.1058451259680531,-0.0674954426462947,-0.0567575313162024,-0.6844092385657332,-8.561290244490733,0.0,-618.6999999999999,-271.69,-228.65,-632.15,0.0,0.0,0.0,0.0,0.0,32,38,37,37,41,6,-225,-94,-69,-243,12.7,12.7,12.6,12.5,12.3,-999,-999,-1.96,0.0,0.0,0.0
7.440651893615723,0.0107379113300923,-0.0490875946518507,-0.0429516453203694,-0.0383496833217584,-0.6227988571453564,-8.093105273542411,0.0122718986629626,-0.1058451259680531,-0.0674954426462947,-0.0567575313162024,-0.6844092385657332,-8.561290244490733,2.69,-624.08,-271.69,-228.65,-634.84,0.0,0.0,0.0,0.0,0.0,32,38,37,37,41,12,-225,-94,-69,-243,12.8,12.7,12.6,12.4,12.4,-999,-999,-1.96,0.0,0.0,0.0
7.457604169845581,0.0107379113300923,-0.050621581984721,-0.0429516453203694,-0.0383496833217584,-0.6227988571453564,-8.093105273542411,0.0122718986629626,-0.1058451259680531,-0.0690294299791651,-0.0567575313162024,-0.6844092385657332,-8.561290244490733,0.0,-621.39,-274.38,-228.65,-634.84,0.0,0.0,0.0,0.0,0.0,32,38,38,37,41,6,-225,-94,-69,-243,12.8,12.7,12.6,12.5,12.4,-999,-999,-1.96,0.0,0.0,0.0
7.474645614624023,0.0107379113300923,-0.050621581984721,-0.0429516453203694,-0.0383496833217584,-0.6227988571453564,-8.093105273542411,0.0122718986629626,-0.1058451259680531,-0.0674954426462947,-0.0567575313162024,-0.6844092385657332,-8.561290244490733,0.0,-621.39,-269.0,-228.65,-634.84,0.0,0.0,0.0,0.0,0.0,32,38,38,37,41,6,-225,-94,-69,-243,12.8,12.7,12.5,12.5,12.4,-999,-999,-1.96,0.0,0.0,0.0
7.491612672805786,0.0107379113300923,-0.050621581984721,-0.0429516453203694,-0.0383496833217584,-0.6227988571453564,-8.093105273542411,0.0122718986629626,-0.1073791133009235,-0.0690294299791651,-0.0567575313162024,-0.6844092385657332,-8.561290244490733,0.0,-621.39,-269.0,-231.34,-637.53,0.0,0.0,0.0,0.0,0.0,32,38,38,37,41,6,-225,-94,-69,-243,12.8,12.7,12.6,12.5,12.5,-999,-999,-1.96,0.0,0.0,0.0
7.508610248565674,0.0107379113300923,-0.0490875946518507,-0.0429516453203694,-0.0383496833217584,-0.6227988571453564,-8.093105273542411,0.0122718986629626,-0.1073791133009235,-0.0674954426462947,-0.0567575313162024,-0.6844092385657332,-8.561290244490733,0.0,-645.6,-271.69,-228.65,-634.84,0.0,0.0,0.0,0.0,0.0,32,38,37,37,41,6,-238,-94,-69,-243,12.8,12.7,12.6,12.5,12.5,-999,-999,-1.96,0.0,0.0,0.0
7.525597810745239,0.0107379113300923,-0.050621581984721,-0.0429516453203694,-0.0383496833217584,-0.6227988571453564,-8.093105273542411,0.0122718986629626,-0.1073791133009235,-0.0674954426462947,-0.0567575313162024,-0.6844092385657332,-8.561290244490733,0.0,-640.22,-271.69,-225.96,-634.84,0.0,0.0,0.0,0.0,0.0,32,37,37,37,40,6,-232,-94,-69,-243,12.8,12.7,12.6,12.4,12.3,-999,-999,-1.96,0.0,0.0,0.0
7.542582750320435,0.0107379113300923,-0.050621581984721,-0.0429516453203694,-0.0383496833217584,-0.6212648698124861,-8.080811670411755,0.0122718986629626,-0.1073791133009235,-0.0674954426462947,-0.0567575313162024,-0.6844092385657332,-8.561290244490733,0.0,-642.91,-271.69,-228.65,-634.84,0.0,0.0,0.0,0.0,0.0,32,38,37,37,40,6,-238,-94,-69,-243,12.8,12.7,12.6,12.4,12.4,-999,-999,-1.96,0.0,0.0,0.0
7.5596208572387695,0.0107379113300923,-0.050621581984721,-0.0429516453203694,-0.0383496833217584,-0.6227988571453564,-8.093105273542411,0.0122718986629626,-0.1058451259680531,-0.0690294299791651,-0.0567575313162024,-0.6844092385657332,-8.561290244490733,0.0,-640.22,-269.0,-228.65,-634.84,0.0,0.0,0.0,0.0,0.0,32,38,37,37,40,6,-232,-94,-69,-243,12.8,12.8,12.7,12.5,12.2,-999,-999,-1.96,0.0,0.0,0.0
7.576604843139648,0.0107379113300923,-0.0490875946518507,-0.0429516453203694,-0.0383496833217584,-0.6227988571453564,-8.093105273542411,0.0122718986629626,-0.1073791133009235,-0.0674954426462947,-0.0582915186490727,-0.6844092385657332,-8.561290244490733,0.0,-613.3199999999999,-269.0,-231.34,-632.15,0.0,0.0,0.0,0.0,0.0,32,38,37,36,41,6,-225,-94,-69,-243,12.8,12.7,12.6,12.5,12.4,-999,-999,-1.96,0.0,0.0,0.0
7.59356164932251,0.0107379113300923,-0.050621581984721,-0.0429516453203694,-0.0383496833217584,-0.6227988571453564,-8.093105273542411,0.0122718986629626,-0.1073791133009235,-0.0674954426462947,-0.0582915186490727,-0.6844092385657332,-8.561290244490733,0.0,-642.91,-269.0,-244.79,-632.15,0.0,0.0,0.0,0.0,0.0,32,38,37,36,41,6,-232,-94,-75,-243,12.8,12.7,12.6,12.5,12.4,-999,-999,-1.96,0.0,0.0,0.0
7.610619068145752,0.0107379113300923,-0.050621581984721,-0.0429516453203694,-0.0383496833217584,-0.6227988571453564,-8.093105273542411,0.0122718986629626,-0.1058451259680531,-0.0690294299791651,-0.0567575313162024,-0.6844092385657332,-8.561290244490733,0.0,-610.63,-271.69,-225.96,-632.15,0.0,0.0,0.0,0.0,0.0,32,38,38,36,41,6,-225,-94,-69,-243,12.7,12.7,12.1,12.5,12.3,-999,-999,-1.96,0.0,0.0,0.0
7.627543926239014,0.0107379113300923,-0.0490875946518507,-0.0429516453203694,-0.0383496833217584,-0.6227988571453564,-8.093105273542411,0.0122718986629626,-0.1058451259680531,-0.0674954426462947,-0.0567575313162024,-0.6844092385657332,-8.561290244490733,0.0,-621.39,-271.69,-225.96,-632.15,0.0,0.0,0.0,0.0,0.0,32,38,38,37,41,6,-225,-94,-69,-243,12.8,12.7,12.6,12.5,12.4,-999,-999,-1.96,0.0,0.0,0.0
7.644543886184692,0.0107379113300923,-0.050621581984721,-0.0429516453203694,-0.0383496833217584,-0.6227988571453564,-8.093105273542411,0.0122718986629626,-0.1058451259680531,-0.0674954426462947,-0.0567575313162024,-0.6844092385657332,-8.561290244490733,0.0,-618.6999999999999,-271.69,-228.65,-637.53,0.0,0.0,0.0,0.0,0.0,32,38,38,37,41,6,-225,-94,-69,-243,12.7,12.7,12.6,12.5,12.3,-999,-999,-1.96,0.0,0.0,0.0
7.661630630493164,0.0107379113300923,-0.050621581984721,-0.0429516453203694,-0.0383496833217584,-0.6227988571453564,-8.093105273542411,0.0107379113300923,-0.1058451259680531,-0.0674954426462947,-0.0567575313162024,-0.6844092385657332,-8.561290244490733,0.0,-624.08,-269.0,-231.34,-637.53,0.0,0.0,0.0,0.0,0.0,32,38,38,37,41,6,-225,-94,-69,-250,12.7,12.7,12.6,12.4,12.4,-999,-999,-1.96,0.0,0.0,0.0
7.678599834442139,0.0107379113300923,-0.050621581984721,-0.0429516453203694,-0.0383496833217584,-0.6227988571453564,-8.093105273542411,0.0122718986629626,-0.1058451259680531,-0.0690294299791651,-0.0567575313162024,-0.6844092385657332,-8.561290244490733,0.0,-618.6999999999999,-269.0,-228.65,-637.53,0.0,0.0,0.0,0.0,0.0,32,39,38,37,41,0,-225,-94,-69,-243,12.7,12.7,12.6,12.5,12.4,-999,-999,-1.96,0.0,0.0,0.0
7.6956446170806885,0.0107379113300923,-0.050621581984721,-0.0429516453203694,-0.0383496833217584,-0.6227988571453564,-8.093105273542411,0.0122718986629626,-0.1058451259680531,-0.0674954426462947,-0.0567575313162024,-0.6844092385657332,-8.561290244490733,34.97,-618.6999999999999,-271.69,-228.65,-632.15,0.0,0.0,0.0,0.0,0.0,32,38,38,37,41,74,-225,-94,-69,-243,12.8,12.8,12.6,12.5,12.4,-999,-999,-1.96,0.0,0.0,0.0
7.712623834609985,0.0107379113300923,-0.050621581984721,-0.0429516453203694,-0.0383496833217584,-0.6227988571453564,-8.093105273542411,0.0122718986629626,-0.1058451259680531,-0.0674954426462947,-0.0567575313162024,-0.6844092385657332,-8.561290244490733,0.0,-618.6999999999999,-271.69,-228.65,-634.84,0.0,0.0,0.0,0.0,0.0,32,38,38,37,41,6,-225,-94,-69,-243,12.8,12.8,12.6,12.5,12.4,-999,-999,-1.96,0.0,0.0,0.0
7.7295777797698975,0.0107379113300923,-0.050621581984721,-0.0429516453203694,-0.0383496833217584,-0.6227988571453564,-8.093105273542411,0.0122718986629626,-0.1058451259680531,-0.0674954426462947,-0.0567575313162024,-0.6844092385657332,-8.561290244490733,0.0,-621.39,-269.0,-225.96,-634.84,0.0,0.0,0.0,0.0,0.0,32,38,38,37,41,6,-225,-94,-69,-243,12.7,12.7,12.6,12.5,12.3,-999,-999,-1.96,0.0,0.0,0.0
7.746589183807373,0.0107379113300923,-0.050621581984721,-0.0429516453203694,-0.0383496833217584,-0.6227988571453564,-8.093105273542411,0.0122718986629626,-0.1058451259680531,-0.0690294299791651,-0.0567575313162024,-0.6844092385657332,-8.561290244490733,0.0,-621.39,-269.0,-225.96,-634.84,0.0,0.0,0.0,0.0,0.0,32,38,38,37,41,6,-232,-94,-69,-243,12.7,12.7,12.5,12.5,12.4,-999,-999,-1.96,0.0,0.0,0.0
7.763641595840454,0.0107379113300923,-0.050621581984721,-0.0429516453203694,-0.0383496833217584,-0.6227988571453564,-8.093105273542411,0.0122718986629626,-0.1058451259680531,-0.0674954426462947,-0.0567575313162024,-0.6844092385657332,-8.561290244490733,8.07,-621.39,-269.0,-228.65,-637.53,0.0,0.0,0.0,0.0,0.0,32,38,38,37,43,6,-225,-94,-69,-243,12.7,12.7,12.7,12.5,12.4,-999,-999,-1.96,0.0,0.0,0.0
7.780564546585083,0.0107379113300923,-0.050621581984721,-0.0429516453203694,-0.0383496833217584,-0.6227988571453564,-8.093105273542411,0.0122718986629626,-0.1058451259680531,-0.0674954426462947,-0.0567575313162024,-0.6844092385657332,-8.561290244490733,0.0,-624.08,-269.0,-228.65,-634.84,0.0,0.0,0.0,0.0,0.0,32,38,38,37,41,6,-225,-94,-69,-243,12.7,12.7,12.6,12.5,12.3,-999,-999,-1.96,0.0,0.0,0.0
7.797542572021484,0.0107379113300923,-0.050621581984721,-0.0429516453203694,-0.0383496833217584,-0.6227988571453564,-8.093105273542411,0.0122718986629626,-0.1058451259680531,-0.0674954426462947,-0.0567575313162024,-0.6844092385657332,-8.561290244490733,0.0,-618.6999999999999,-271.69,-231.34,-634.84,0.0,0.0,0.0,0.0,0.0,32,38,38,37,41,6,-225,-94,-75,-243,12.8,12.7,12.6,12.5,12.4,-999,-999,-1.96,0.0,0.0,0.0
7.814577102661133,0.0107379113300923,-0.050621581984721,-0.0429516453203694,-0.0383496833217584,-0.6227988571453564,-8.093105273542411,0.0122718986629626,-0.1058451259680531,-0.0674954426462947,-0.0567575313162024,-0.6844092385657332,-8.561290244490733,0.0,-618.6999999999999,-271.69,-228.65,-637.53,0.0,0.0,0.0,0.0,0.0,32,38,38,37,41,6,-225,-94,-69,-250,12.8,12.7,12.6,12.5,12.5,-999,-999,-1.96,0.0,0.0,0.0
7.831537485122681,0.0107379113300923,-0.050621581984721,-0.0429516453203694,-0.0383496833217584,-0.6227988571453564,-8.093105273542411,0.0122718986629626,-0.1058451259680531,-0.0674954426462947,-0.0567575313162024,-0.6844092385657332,-8.561290244490733,0.0,-618.6999999999999,-271.69,-225.96,-634.84,0.0,0.0,0.0,0.0,0.0,32,38,38,37,41,6,-225,-94,-69,-243,12.8,12.7,12.6,12.6,12.3,-999,-999,-1.96,0.0,0.0,0.0
7.848600625991821,0.0107379113300923,-0.050621581984721,-0.0429516453203694,-0.0383496833217584,-0.6227988571453564,-8.093105273542411,0.0122718986629626,-0.1058451259680531,-0.0674954426462947,-0.0567575313162024,-0.6844092385657332,-8.561290244490733,0.0,-621.39,-269.0,-228.65,-637.53,0.0,0.0,0.0,0.0,0.0,32,38,38,37,41,6,-232,-94,-69,-243,12.8,12.7,12.6,12.5,12.4,-999,-999,-1.96,0.0,0.0,0.0
7.865624189376831,0.0107379113300923,-0.050621581984721,-0.0429516453203694,-0.0383496833217584,-0.6227988571453564,-8.093105273542411,0.0122718986629626,-0.1058451259680531,-0.0674954426462947,-0.0567575313162024,-0.6844092385657332,-8.561290244490733,0.0,-618.6999999999999,-271.69,-228.65,-632.15,0.0,0.0,0.0,0.0,0.0,32,38,38,37,41,6,-225,-94,-69,-243,12.8,12.7,12.6,12.6,12.4,-999,-999,-1.96,0.0,0.0,0.0
7.882594347000122,0.0107379113300923,-0.050621581984721,-0.0429516453203694,-0.0383496833217584,-0.6227988571453564,-8.093105273542411,0.0122718986629626,-0.1058451259680531,-0.0674954426462947,-0.0567575313162024,-0.6828752512328629,-8.550224356364243,0.0,-618.6999999999999,-269.0,-228.65,-634.84,0.0,0.0,0.0,0.0,0.0,32,38,38,37,41,6,-225,-94,-69,-243,12.8,12.7,12.6,12.5,12.3,-999,-999,-1.96,0.0,0.0,0.0
7.899556636810303,0.0107379113300923,-0.050621581984721,-0.0429516453203694,-0.0383496833217584,-0.6227988571453564,-8.093105273542411,0.0122718986629626,-0.1058451259680531,-0.0674954426462947,-0.0567575313162024,-0.6828752512328629,-8.550224356364243,5.38,-621.39,-271.69,-228.65,-618.6999999999999,0.0,0.0,0.0,0.0,0.0,32,38,38,37,41,12,-225,-94,-69,-237,12.8,12.7,12.6,12.5,12.4,-999,-999,-1.96,0.0,0.0,0.0
7.916581869125366,0.0107379113300923,-0.050621581984721,-0.0429516453203694,-0.0383496833217584,-0.6212648698124861,-8.080811670411755,0.0122718986629626,-0.1058451259680531,-0.0674954426462947,-0.0567575313162024,-0.6844092385657332,-8.561290244490733,0.0,-618.6999999999999,-271.69,-228.65,-634.84,0.0,0.0,0.0,0.0,0.0,32,39,38,37,41,6,-225,-94,-69,-243,12.8,12.7,12.6,12.5,12.4,-999,-999,-1.96,0.0,0.0,0.0
7.933584451675415,0.0107379113300923,-0.050621581984721,-0.041417657987499,-0.0383496833217584,-0.6227988571453564,-8.093105273542411,0.0122718986629626,-0.1058451259680531,-0.0674954426462947,-0.0567575313162024,-0.6844092385657332,-8.561290244490733,2.69,-626.77,-271.69,-231.34,-634.84,0.0,0.0,0.0,0.0,0.0,31,38,38,37,41,6,-232,-94,-69,-243,12.8,12.7,12.6,12.4,12.4,-999,-999,-1.96,0.0,0.0,0.0
7.9505860805511475,0.0107379113300923,-0.050621581984721,-0.0429516453203694,-0.0383496833217584,-0.6227988571453564,-8.093105273542411,0.0122718986629626,-0.1058451259680531,-0.0674954426462947,-0.0567575313162024,-0.6844092385657332,-8.561290244490733,0.0,-621.39,-271.69,-231.34,-634.84,0.0,0.0,0.0,0.0,0.0,31,38,38,36,41,6,-225,-94,-69,-243,12.8,12.7,12.7,12.5,12.4,-999,-999,-1.96,0.0,0.0,0.0
7.967580318450928,0.0107379113300923,-0.050621581984721,-0.0429516453203694,-0.0383496833217584,-0.6227988571453564,-8.093105273542411,0.0122718986629626,-0.1058451259680531,-0.0674954426462947,-0.0567575313162024,-0.6844092385657332,-8.561290244490733,0.0,-621.39,-271.69,-228.65,-634.84,0.0,0.0,0.0,0.0,0.0,31,38,37,36,41,6,-225,-94,-69,-243,12.8,12.7,12.6,12.5,12.3,-999,-999,-1.96,0.0,0.0,0.0
7.984573841094971,0.0107379113300923,-0.050621581984721,-0.0429516453203694,-0.0383496833217584,-0.6227988571453564,-8.093105273542411,0.0122718986629626,-0.1058451259680531,-0.0674954426462947,-0.0567575313162024,-0.6844092385657332,-8.561290244490733,0.0,-618.6999999999999,-271.69,-228.65,-637.53,0.0,0.0,0.0,0.0,0.0,31,38,37,36,41,6,-225,-94,-69,-243,12.8,12.7,12.6,12.5,12.4,-999,-999,-1.96,0.0,0.0,0.0
8.001667976379395,0.0107379113300923,-0.050621581984721,-0.0429516453203694,-0.0383496833217584,-0.6227988571453564,-8.093105273542411,0.0122718986629626,-0.1058451259680531,-0.0674954426462947,-0.0567575313162024,-0.6844092385657332,-8.561290244490733,0.0,-642.91,-271.69,-228.65,-637.53,0.0,0.0,0.0,0.0,0.0,31,38,37,36,41,6,-232,-94,-69,-243,12.8,12.7,12.6,12.5,12.4,-999,-999,-1.96,0.0,0.0,0.0
8.018658638000488,0.0107379113300923,-0.050621581984721,-0.0429516453203694,-0.0383496833217584,-0.6227988571453564,-8.093105273542411,0.0122718986629626,-0.1058451259680531,-0.0674954426462947,-0.0567575313162024,-0.6844092385657332,-8.561290244490733,0.0,-610.63,-271.69,-228.65,-634.84,0.0,0.0,0.0,0.0,0.0,31,38,37,36,41,6,-225,-94,-69,-243,12.8,12.7,12.6,12.5,12.4,-999,-999,-1.96,0.0,0.0,0.0
8.035592555999756,0.0107379113300923,-0.050621581984721,-0.0429516453203694,-0.0383496833217584,-0.6212648698124861,-8.080811670411755,0.0122718986629626,-0.1058451259680531,-0.0674954426462947,-0.0567575313162024,-0.6844092385657332,-8.561290244490733,5.38,-626.77,-274.38,-228.65,-637.53,0.0,0.0,0.0,0.0,0.0,31,38,37,36,41,12,-225,-94,-69,-250,12.8,12.7,12.6,12.5,12.4,-999,-999,-1.96,0.0,0.0,0.0
8.052542686462402,0.0107379113300923,-0.050621581984721,-0.0429516453203694,-0.0383496833217584,-0.6227988571453564,-8.093105273542411,0.0122718986629626,-0.1058451259680531,-0.0674954426462947,-0.0567575313162024,-0.6844092385657332,-8.561290244490733,0.0,-618.6999999999999,-269.0,-231.34,-640.22,0.0,0.0,0.0,0.0,0.0,31,39,37,36,41,6,-225,-94,-75,-243,12.8,12.7,12.6,12.5,12.3,-999,-999,-1.96,0.0,0.0,0.0
8.06958556175232,0.009203923997222,-0.050621581984721,-0.0429516453203694,-0.0383496833217584,-0.6227988571453564,-8.093105273542411,0.0107379113300923,-0.1058451259680531,-0.0674954426462947,-0.0567575313162024,-0.6844092385657332,-8.561290244490733,0.0,-618.6999999999999,-271.69,-236.72,-637.53,0.0,0.0,0.0,0.0,0.0,31,39,37,36,41,6,-225,-94,-75,-243,12.8,12.8,12.6,12.5,12.4,-999,-999,-1.96,0.0,0.0,0.0
8.086609363555908,0.0107379113300923,-0.050621581984721,-0.0429516453203694,-0.0383496833217584,-0.6227988571453564,-8.093105273542411,0.0122718986629626,-0.1058451259680531,-0.0674954426462947,-0.0567575313162024,-0.6844092385657332,-8.561290244490733,0.0,-618.6999999999999,-271.69,-228.65,-637.53,0.0,0.0,0.0,0.0,0.0,31,39,37,36,40,0,-225,-94,-69,-243,12.8,12.8,12.8,12.5,12.4,-999,-999,-1.96,0.0,0.0,0.0
8.10355520248413,0.0107379113300923,-0.050621581984721,-0.0429516453203694,-0.0383496833217584,-0.6227988571453564,-8.093105273542411,0.0122718986629626,-0.1058451259680531,-0.0674954426462947,-0.0567575313162024,-0.6844092385657332,-8.561290244490733,0.0,-618.6999999999999,-271.69,-228.65,-634.84,0.0,0.0,0.0,0.0,0.0,31,39,37,37,40,6,-225,-94,-69,-243,12.8,12.7,12.7,12.5,12.3,-999,-999,-1.96,0.0,0.0,0.0
8.120599746704102,0.0107379113300923,-0.050621581984721,-0.0429516453203694,-0.0383496833217584,-0.6212648698124861,-8.080811670411755,0.0122718986629626,-0.1058451259680531,-0.0674954426462947,-0.0567575313162024,-0.6844092385657332,-8.561290244490733,0.0,-618.6999999999999,-271.69,-228.65,-634.84,0.0,0.0,0.0,0.0,0.0,31,39,37,37,40,6,-225,-94,-69,-243,12.8,12.7,12.6,12.5,12.4,-999,-999,-1.96,0.0,0.0,0.0
8.137540340423584,0.0107379113300923,-0.050621581984721,-0.0429516453203694,-0.0383496833217584,-0.6227988571453564,-8.093105273542411,0.0122718986629626,-0.1058451259680531,-0.0674954426462947,-0.0567575313162024,-0.6844092385657332,-8.561290244490733,0.0,-618.6999999999999,-271.69,-228.65,-634.84,0.0,0.0,0.0,0.0,0.0,31,38,37,37,40,6,-225,-94,-69,-243,12.8,12.7,12.6,12.5,12.4,-999,-999,-1.96,0.0,0.0,0.0
8.154635667800903,0.0107379113300923,-0.050621581984721,-0.0429516453203694,-0.0383496833217584,-0.6212648698124861,-8.080811670411755,0.0122718986629626,-0.1058451259680531,-0.0674954426462947,-0.0567575313162024,-0.6844092385657332,-8.561290244490733,0.0,-618.6999999999999,-271.69,-228.65,-637.53,0.0,0.0,0.0,0.0,0.0,31,38,37,37,41,6,-225,-94,-69,-243,12.8,12.7,12.6,12.5,12.4,-999,-999,-1.96,0.0,0.0,0.0
8.172586441040039,0.0107379113300923,-0.050621581984721,-0.0429516453203694,-0.0383496833217584,-0.6227988571453564,-8.093105273542411,0.0122718986629626,-0.1058451259680531,-0.0674954426462947,-0.0567575313162024,-0.6844092385657332,-8.561290244490733,0.0,-626.77,-271.69,-228.65,-634.84,0.0,0.0,0.0,0.0,0.0,31,38,37,37,41,6,-225,-94,-69,-243,12.8,12.7,12.6,12.5,12.4,-999,-999,-1.96,0.0,0.0,0.0
8.189547777175903,0.009203923997222,-0.050621581984721,-0.0429516453203694,-0.0383496833217584,-0.6227988571453564,-8.093105273542411,0.0122718986629626,-0.1058451259680531,-0.0674954426462947,-0.0567575313162024,-0.6844092385657332,-8.561290244490733,0.0,-621.39,-271.69,-228.65,-634.84,0.0,0.0,0.0,0.0,0.0,31,38,37,37,41,0,-225,-94,-69,-243,12.8,12.8,12.6,12.5,12.4,-999,-999,-1.96,0.0,0.0,0.0
8.206570625305176,0.0107379113300923,-0.050621581984721,-0.0429516453203694,-0.0383496833217584,-0.6212648698124861,-8.080811670411755,0.0107379113300923,-0.1058451259680531,-0.0674954426462947,-0.0567575313162024,-0.6844092385657332,-8.561290244490733,0.0,-618.6999999999999,-271.69,-228.65,-634.84,0.0,0.0,0.0,0.0,0.0,31,39,37,37,40,6,-225,-94,-69,-243,12.8,12.7,12.6,12.5,12.3,-999,-999,-1.96,0.0,0.0,0.0
8.223514795303343,0.0107379113300923,-0.050621581984721,-0.0429516453203694,-0.0383496833217584,-0.6227988571453564,-8.093105273542411,0.0107379113300923,-0.1058451259680531,-0.0674954426462947,-0.0567575313162024,-0.6844092385657332,-8.561290244490733,0.0,-621.39,-271.69,-228.65,-632.15,0.0,0.0,0.0,0.0,0.0,31,38,37,37,40,0,-225,-94,-69,-243,12.8,12.7,12.6,12.5,12.4,-999,-999,-1.96,0.0,0.0,0.0
8.240591287612915,0.009203923997222,-0.050621581984721,-0.0429516453203694,-0.0383496833217584,-0.6227988571453564,-8.093105273542411,0.0107379113300923,-0.1058451259680531,-0.0674954426462947,-0.0567575313162024,-0.6844092385657332,-8.561290244490733,0.0,-618.6999999999999,-271.69,-228.65,-634.84,0.0,0.0,0.0,0.0,0.0,31,38,37,37,40,0,-225,-94,-69,-243,12.8,12.7,12.5,12.6,12.5,-999,-999,-1.96,0.0,0.0,0.0
8.258503437042235,0.0107379113300923,-0.050621581984721,-0.0429516453203694,-0.0383496833217584,-0.6227988571453564,-8.093105273542411,0.0107379113300923,-0.1058451259680531,-0.0674954426462947,-0.0582915186490727,-0.6844092385657332,-8.561290244490733,0.0,-618.6999999999999,-271.69,-228.65,-634.84,0.0,0.0,0.0,0.0,0.0,31,38,37,37,40,0,-225,-94,-69,-243,12.8,12.7,12.6,12.5,12.3,-999,-999,-1.96,0.0,0.0,0.0
8.275562524795532,0.0107379113300923,-0.050621581984721,-0.0429516453203694,-0.0383496833217584,-0.6227988571453564,-8.093105273542411,0.0107379113300923,-0.1058451259680531,-0.0674954426462947,-0.0567575313162024,-0.6844092385657332,-8.561290244490733,0.0,-618.6999999999999,-271.69,-242.1,-634.84,0.0,0.0,0.0,0.0,0.0,31,39,37,37,40,0,-225,-94,-75,-243,12.8,12.7,12.6,12.5,12.3,-999,-999,-1.96,0.0,0.0,0.0
8.292645692825317,0.0107379113300923,-0.050621581984721,-0.0429516453203694,-0.0383496833217584,-0.6227988571453564,-8.093105273542411,0.0107379113300923,-0.1058451259680531,-0.0674954426462947,-0.0567575313162024,-0.6844092385657332,-8.561290244490733,0.0,-618.6999999999999,-271.69,-223.27,-634.84,0.0,0.0,0.0,0.0,0.0,31,38,37,37,40,0,-225,-94,-69,-243,12.8,12.7,12.7,12.5,12.3,-999,-999,-1.96,0.0,0.0,0.0
8.31056523323059,0.0107379113300923,-0.050621581984721,-0.0429516453203694,-0.0383496833217584,-0.6227988571453564,-8.093105273542411,0.0107379113300923,-0.1058451259680531,-0.0674954426462947,-0.0567575313162024,-0.6844092385657332,-8.561290244490733,0.0,-621.39,-271.69,-225.96,-634.84,0.0,0.0,0.0,0.0,0.0,31,38,37,37,40,0,-225,-94,-69,-243,12.7,12.7,12.7,12.4,12.4,-999,-999,-1.96,0.0,0.0,0.0
8.327521800994873,0.0107379113300923,-0.0490875946518507,-0.0429516453203694,-0.0383496833217584,-0.6227988571453564,-8.093105273542411,0.0107379113300923,-0.1058451259680531,-0.0674954426462947,-0.0567575313162024,-0.6844092385657332,-8.561290244490733,0.0,-621.39,-271.69,-228.65,-637.53,0.0,0.0,0.0,0.0,0.0,31,38,37,37,41,0,-225,-94,-69,-243,12.7,12.7,12.7,12.5,12.3,-999,-999,-1.96,0.0,0.0,0.0
8.344568729400635,0.0107379113300923,-0.050621581984721,-0.0429516453203694,-0.0383496833217584,-0.6227988571453564,-8.093105273542411,0.0107379113300923,-0.1043111386351828,-0.0674954426462947,-0.0567575313162024,-0.6844092385657332,-8.561290244490733,0.0,-599.87,-271.69,-228.65,-640.22,0.0,0.0,0.0,0.0,0.0,31,38,37,37,41,0,-219,-94,-69,-243,12.8,12.7,12.7,12.5,12.4,-999,-999,-1.96,0.0,0.0,0.0
8.361582517623901,0.0107379113300923,-0.050621581984721,-0.0429516453203694,-0.0383496833217584,-0.6227988571453564,-8.093105273542411,0.0107379113300923,-0.1043111386351828,-0.0674954426462947,-0.0567575313162024,-0.6844092385657332,-8.561290244490733,0.0,-605.25,-271.69,-234.03,-634.84,0.0,0.0,0.0,0.0,0.0,31,38,37,37,41,6,-219,-94,-69,-243,12.8,12.7,12.6,12.5,12.3,-999,-999,-1.96,0.0,0.0,0.0
8.378529787063599,0.0107379113300923,-0.050621581984721,-0.0429516453203694,-0.0383496833217584,-0.6227988571453564,-8.093105273542411,0.0107379113300923,-0.1058451259680531,-0.0674954426462947,-0.0567575313162024,-0.6844092385657332,-8.561290244490733,0.0,-602.56,-271.69,-228.65,-634.84,0.0,0.0,0.0,0.0,0.0,31,38,38,37,41,0,-219,-94,-69,-243,12.8,12.7,12.6,12.6,12.4,-999,-999,-1.96,0.0,0.0,0.0
8.395571231842041,0.0107379113300923,-0.050621581984721,-0.0429516453203694,-0.0383496833217584,-0.6227988571453564,-8.093105273542411,0.0107379113300923,-0.1043111386351828,-0.0674954426462947,-0.0567575313162024,-0.6844092385657332,-8.561290244490733,0.0,-618.6999999999999,-271.69,-228.65,-634.84,0.0,0.0,0.0,0.0,0.0,31,38,38,37,41,0,-225,-94,-69,-243,12.7,12.7,12.6,12.5,12.4,-999,-999,-1.96,0.0,0.0,0.0
8.414501428604128,0.0107379113300923,-0.050621581984721,-0.0429516453203694,-0.0383496833217584,-0.6227988571453564,-8.093105273542411,0.0107379113300923,-0.1058451259680531,-0.0674954426462947,-0.0567575313162024,-0.6844092385657332,-8.561290244490733,0.0,-602.56,-271.69,-225.96,-634.84,0.0,0.0,0.0,0.0,0.0,31,38,38,37,41,0,-219,-94,-69,-243,12.7,12.7,12.6,12.5,12.4,-999,-999,-1.96,0.0,0.0,0.0
8.431551218032835,0.0107379113300923,-0.050621581984721,-0.0429516453203694,-0.0383496833217584,-0.6227988571453564,-8.093105273542411,0.0107379113300923,-0.1058451259680531,-0.0690294299791651,-0.0567575313162024,-0.6844092385657332,-8.561290244490733,0.0,-618.6999999999999,-271.69,-228.65,-632.15,0.0,0.0,0.0,0.0,0.0,31,38,38,37,41,0,-225,-94,-69,-243,12.8,12.7,12.7,12.5,12.5,-999,-999,-1.96,0.0,0.0,0.0
8.448583364486696,0.0107379113300923,-0.0490875946518507,-0.0429516453203694,-0.0383496833217584,-0.6227988571453564,-8.093105273542411,0.0107379113300923,-0.1058451259680531,-0.0674954426462947,-0.0567575313162024,-0.6844092385657332,-8.561290244490733,0.0,-618.6999999999999,-271.69,-228.65,-640.22,0.0,0.0,0.0,0.0,0.0,31,38,38,37,41,0,-225,-94,-69,-243,12.8,12.7,12.6,12.5,12.2,-999,-999,-1.96,0.0,0.0,0.0
8.465558052062988,0.0107379113300923,-0.050621581984721,-0.0429516453203694,-0.0383496833217584,-0.6227988571453564,-8.093105273542411,0.0107379113300923,-0.1043111386351828,-0.0674954426462947,-0.0567575313162024,-0.6844092385657332,-8.561290244490733,0.0,-624.08,-271.69,-228.65,-634.84,0.0,0.0,0.0,0.0,0.0,31,38,37,37,41,0,-225,-94,-69,-243,12.8,12.7,12.7,12.4,12.3,-999,-999,-1.96,0.0,0.0,0.0
8.482541799545288,0.0107379113300923,-0.050621581984721,-0.0429516453203694,-0.0383496833217584,-0.6227988571453564,-8.093105273542411,0.0107379113300923,-0.1043111386351828,-0.0674954426462947,-0.0567575313162024,-0.6844092385657332,-8.561290244490733,0.0,-602.56,-271.69,-231.34,-634.84,0.0,0.0,0.0,0.0,0.0,31,38,37,37,41,0,-219,-94,-69,-243,12.8,12.7,12.6,12.5,12.5,-999,-999,-1.96,0.0,0.0,0.0
8.499571084976196,0.009203923997222,-0.050621581984721,-0.0429516453203694,-0.0383496833217584,-0.6227988571453564,-8.093105273542411,0.0107379113300923,-0.1043111386351828,-0.0674954426462947,-0.0567575313162024,-0.6844092385657332,-8.561290244490733,0.0,-602.56,-271.69,-225.96,-634.84,0.0,0.0,0.0,0.0,0.0,31,38,38,37,41,6,-219,-94,-69,-243,12.8,12.7,12.6,12.5,12.4,-999,-999,-1.96,0.0,0.0,0.0
8.516630172729492,0.0107379113300923,-0.050621581984721,-0.0429516453203694,-0.0383496833217584,-0.6227988571453564,-8.093105273542411,0.0107379113300923,-0.1043111386351828,-0.0674954426462947,-0.0567575313162024,-0.6844092385657332,-8.561290244490733,0.0,-605.25,-271.69,-228.65,-640.22,0.0,0.0,0.0,0.0,0.0,31,38,37,37,41,0,-219,-94,-69,-243,12.7,12.7,12.6,12.5,12.4,-999,-999,-1.96,0.0,0.0,0.0
8.533557891845703,0.0107379113300923,-0.050621581984721,-0.0429516453203694,-0.0383496833217584,-0.6227988571453564,-8.093105273542411,0.0107379113300923,-0.1043111386351828,-0.0674954426462947,-0.0567575313162024,-0.6844092385657332,-8.561290244490733,0.0,-602.56,-271.69,-225.96,-634.84,0.0,0.0,0.0,0.0,0.0,31,38,37,37,41,0,-219,-94,-69,-243,12.7,12.7,12.6,12.5,12.5,-999,-999,-1.96,0.0,0.0,0.0
8.550572395324707,0.0107379113300923,-0.050621581984721,-0.0429516453203694,-0.0383496833217584,-0.6227988571453564,-8.093105273542411,0.0107379113300923,-0.1043111386351828,-0.0674954426462947,-0.0567575313162024,-0.6844092385657332,-8.561290244490733,0.0,-607.9399999999999,-271.69,-228.65,-637.53,0.0,0.0,0.0,0.0,0.0,31,39,37,37,40,0,-219,-94,-69,-250,12.8,12.7,12.6,12.5,12.3,-999,-999,-1.96,0.0,0.0,0.0
8.567533493041992,0.0107379113300923,-0.050621581984721,-0.0429516453203694,-0.0383496833217584,-0.6227988571453564,-8.093105273542411,0.0107379113300923,-0.1043111386351828,-0.0674954426462947,-0.0567575313162024,-0.6844092385657332,-8.561290244490733,0.0,-605.25,-271.69,-225.96,-634.84,0.0,0.0,0.0,0.0,0.0,31,39,37,37,40,0,-219,-94,-69,-243,12.8,12.7,12.6,12.5,12.4,-999,-999,-1.96,0.0,0.0,0.0
8.584566354751587,0.0107379113300923,-0.050621581984721,-0.0429516453203694,-0.0383496833217584,-0.6227988571453564,-8.093105273542411,0.0107379113300923,-0.1043111386351828,-0.0674954426462947,-0.0567575313162024,-0.6844092385657332,-8.561290244490733,0.0,-602.56,-271.69,-228.65,-634.84,0.0,0.0,0.0,0.0,0.0,31,39,37,36,40,0,-219,-94,-75,-243,12.8,12.9,12.6,12.5,12.5,-999,-999,-1.96,0.0,0.0,0.0
8.601507186889647,0.0107379113300923,-0.050621581984721,-0.0429516453203694,-0.0383496833217584,-0.6227988571453564,-8.093105273542411,0.0107379113300923,-0.1043111386351828,-0.0674954426462947,-0.0567575313162024,-0.6844092385657332,-8.561290244490733,0.0,-605.25,-271.69,-225.96,-632.15,0.0,0.0,0.0,0.0,0.0,31,39,37,36,40,6,-219,-94,-69,-243,12.8,12.7,12.6,12.5,12.4,-999,-999,-1.96,0.0,0.0,0.0
8.618586778640747,0.0107379113300923,-0.050621581984721,-0.0429516453203694,-0.0383496833217584,-0.6227988571453564,-8.093105273542411,0.009203923997222,-0.1043111386351828,-0.0674954426462947,-0.0567575313162024,-0.6844092385657332,-8.561290244490733,0.0,-605.25,-271.69,-228.65,-637.53,0.0,0.0,0.0,0.0,0.0,31,38,37,36,40,0,-225,-94,-69,-243,12.8,12.7,12.7,12.5,12.4,-999,-999,-1.96,0.0,0.0,0.0
8.637541055679321,0.0107379113300923,-0.050621581984721,-0.0429516453203694,-0.0383496833217584,-0.6227988571453564,-8.093105273542411,0.0107379113300923,-0.1027771513023125,-0.0690294299791651,-0.0567575313162024,-0.6844092385657332,-8.561290244490733,0.0,-602.56,-271.69,-225.96,-637.53,0.0,0.0,0.0,0.0,0.0,31,38,37,36,40,-7,-219,-94,-69,-243,12.8,12.7,12.6,12.5,12.4,-999,-999,-1.96,0.0,0.0,0.0
8.65452551841736,0.0107379113300923,-0.050621581984721,-0.0429516453203694,-0.0383496833217584,-0.6227988571453564,-8.093105273542411,0.0107379113300923,-0.1043111386351828,-0.0674954426462947,-0.0567575313162024,-0.6844092385657332,-8.561290244490733,0.0,-581.04,-271.69,-228.65,-634.84,0.0,0.0,0.0,0.0,0.0,31,38,37,36,40,0,-213,-94,-69,-243,12.8,12.7,12.6,12.5,12.3,-999,-999,-1.96,0.0,0.0,0.0
8.671510696411133,0.0107379113300923,-0.050621581984721,-0.0429516453203694,-0.0383496833217584,-0.6227988571453564,-8.093105273542411,0.0107379113300923,-0.1043111386351828,-0.0674954426462947,-0.0567575313162024,-0.6844092385657332,-8.561290244490733,0.0,-632.15,-271.69,-228.65,-634.84,0.0,0.0,0.0,0.0,0.0,31,38,37,36,40,0,-219,-94,-69,-243,12.8,12.7,12.7,12.5,12.3,-999,-999,-1.96,0.0,0.0,0.0
8.688621044158936,0.0107379113300923,-0.050621581984721,-0.0429516453203694,-0.0383496833217584,-0.6227988571453564,-8.093105273542411,0.009203923997222,-0.1043111386351828,-0.0674954426462947,-0.0567575313162024,-0.6844092385657332,-8.561290244490733,0.0,-602.56,-271.69,-228.65,-634.84,0.0,0.0,0.0,0.0,0.0,31,38,37,36,41,0,-219,-94,-69,-243,12.8,12.7,12.6,12.5,12.3,-999,-999,-1.96,0.0,0.0,0.0
8.705539226531984,0.0107379113300923,-0.050621581984721,-0.0429516453203694,-0.0383496833217584,-0.6227988571453564,-8.093105273542411,0.009203923997222,-0.1043111386351828,-0.0674954426462947,-0.0567575313162024,-0.6844092385657332,-8.561290244490733,0.0,-605.25,-271.69,-228.65,-632.15,0.0,0.0,0.0,0.0,0.0,31,38,37,36,40,0,-219,-94,-69,-243,12.7,12.7,12.6,12.5,12.4,-999,-999,-1.96,0.0,0.0,0.0
8.723478317260744,0.0107379113300923,-0.050621581984721,-0.0429516453203694,-0.0383496833217584,-0.6227988571453564,-8.093105273542411,0.009203923997222,-0.1043111386351828,-0.0674954426462947,-0.0567575313162024,-0.6844092385657332,-8.561290244490733,0.0,-605.25,-271.69,-234.03,-634.84,0.0,0.0,0.0,0.0,0.0,31,38,37,36,40,-7,-219,-94,-69,-243,12.7,12.7,12.6,12.5,12.5,-999,-999,-1.96,0.0,0.0,0.0
8.740551948547363,0.0107379113300923,-0.0490875946518507,-0.0429516453203694,-0.0383496833217584,-0.6227988571453564,-8.093105273542411,0.009203923997222,-0.1043111386351828,-0.0674954426462947,-0.0567575313162024,-0.6844092385657332,-8.561290244490733,0.0,-602.56,-271.69,-225.96,-634.84,0.0,0.0,0.0,0.0,0.0,31,38,37,36,40,-7,-219,-94,-69,-243,12.8,12.7,12.6,12.4,12.4,-999,-999,-1.96,0.0,0.0,0.0
8.757567405700684,0.0107379113300923,-0.050621581984721,-0.0429516453203694,-0.0383496833217584,-0.6227988571453564,-8.093105273542411,0.009203923997222,-0.1043111386351828,-0.0674954426462947,-0.0567575313162024,-0.6844092385657332,-8.561290244490733,0.0,-602.56,-271.69,-225.96,-640.22,0.0,0.0,0.0,0.0,0.0,31,38,37,36,40,-7,-219,-94,-69,-243,12.8,12.7,12.6,12.5,12.3,-999,-999,-1.96,0.0,0.0,0.0
8.774494409561157,0.0107379113300923,-0.0490875946518507,-0.0429516453203694,-0.0383496833217584,-0.6227988571453564,-8.093105273542411,0.009203923997222,-0.1043111386351828,-0.0674954426462947,-0.0567575313162024,-0.6844092385657332,-8.561290244490733,0.0,-599.87,-271.69,-225.96,-634.84,0.0,0.0,0.0,0.0,0.0,32,38,37,36,40,0,-219,-94,-69,-243,12.8,12.7,12.6,12.5,12.4,-999,-999,-1.96,0.0,0.0,0.0
8.792507648468018,0.0107379113300923,-0.050621581984721,-0.0429516453203694,-0.0383496833217584,-0.6227988571453564,-8.093105273542411,0.009203923997222,-0.1043111386351828,-0.0690294299791651,-0.0582915186490727,-0.6844092385657332,-8.561290244490733,0.0,-605.25,-271.69,-228.65,-634.84,0.0,0.0,0.0,0.0,0.0,32,38,37,36,41,-7,-219,-94,-69,-243,12.7,12.7,12.6,12.5,12.4,-999,-999,-1.96,0.0,0.0,0.0
8.809532642364504,0.009203923997222,-0.0490875946518507,-0.0429516453203694,-0.0383496833217584,-0.6227988571453564,-8.093105273542411,0.009203923997222,-0.1043111386351828,-0.0674954426462947,-0.0567575313162024,-0.6844092385657332,-8.561290244490733,0.0,-607.9399999999999,-271.69,-242.1,-632.15,0.0,0.0,0.0,0.0,0.0,32,38,37,36,41,-7,-225,-94,-75,-243,12.7,12.8,12.6,12.4,12.4,-999,-999,-1.96,0.0,0.0,0.0
8.827411651611328,0.0107379113300923,-0.050621581984721,-0.0429516453203694,-0.0383496833217584,-0.6227988571453564,-8.093105273542411,0.009203923997222,-0.1043111386351828,-0.0690294299791651,-0.0567575313162024,-0.6844092385657332,-8.561290244490733,0.0,-602.56,-271.69,-231.34,-634.84,0.0,0.0,0.0,0.0,0.0,32,38,37,36,41,-7,-219,-94,-69,-243,12.7,12.7,12.6,12.5,12.4,-999,-999,-1.96,0.0,0.0,0.0
8.84453296661377,0.0107379113300923,-0.050621581984721,-0.0429516453203694,-0.0383496833217584,-0.6227988571453564,-8.093105273542411,0.009203923997222,-0.1043111386351828,-0.0690294299791651,-0.0567575313162024,-0.6844092385657332,-8.561290244490733,0.0,-605.25,-274.38,-225.96,-632.15,0.0,0.0,0.0,0.0,0.0,32,38,37,36,41,-7,-219,-94,-69,-243,12.8,12.7,12.6,12.5,12.4,-999,-999,-1.96,0.0,0.0,0.0
8.861522912979128,0.0107379113300923,-0.050621581984721,-0.0429516453203694,-0.0383496833217584,-0.6227988571453564,-8.093105273542411,0.009203923997222,-0.1043111386351828,-0.0674954426462947,-0.0567575313162024,-0.6844092385657332,-8.561290244490733,0.0,-605.25,-271.69,-228.65,-634.84,0.0,0.0,0.0,0.0,0.0,32,38,37,36,41,-7,-219,-94,-69,-243,12.7,12.2,12.6,12.5,12.3,-999,-999,-1.96,0.0,0.0,0.0
8.878534555435179,0.009203923997222,-0.050621581984721,-0.0429516453203694,-0.0383496833217584,-0.6227988571453564,-8.093105273542411,0.009203923997222,-0.1043111386351828,-0.0674954426462947,-0.0567575313162024,-0.6844092385657332,-8.561290244490733,0.0,-607.9399999999999,-271.69,-225.96,-634.84,0.0,0.0,0.0,0.0,0.0,32,38,37,36,40,-7,-219,-94,-69,-243,12.7,12.7,12.6,12.4,12.4,-999,-999,-1.96,0.0,0.0,0.0
8.895548582077028,0.009203923997222,-0.050621581984721,-0.0429516453203694,-0.0383496833217584,-0.6227988571453564,-8.093105273542411,0.009203923997222,-0.1043111386351828,-0.0674954426462947,-0.0567575313162024,-0.6844092385657332,-8.561290244490733,0.0,-605.25,-271.69,-225.96,-634.84,0.0,0.0,0.0,0.0,0.0,32,38,37,36,40,-7,-219,-94,-69,-243,12.7,12.6,12.6,12.5,12.4,-999,-999,-1.96,0.0,0.0,0.0
8.912521362304688,0.0107379113300923,-0.050621581984721,-0.0429516453203694,-0.0383496833217584,-0.6212648698124861,-8.080811670411755,0.009203923997222,-0.1043111386351828,-0.0690294299791651,-0.0567575313162024,-0.6844092385657332,-8.561290244490733,0.0,-607.9399999999999,-271.69,-225.96,-632.15,0.0,0.0,0.0,0.0,0.0,32,39,37,36,40,-7,-225,-94,-69,-243,12.8,12.7,12.6,12.5,12.2,-999,-999,-1.96,0.0,0.0,0.0
8.929527521133423,0.0107379113300923,-0.050621581984721,-0.0429516453203694,-0.0383496833217584,-0.6227988571453564,-8.093105273542411,0.009203923997222,-0.1043111386351828,-0.0690294299791651,-0.0567575313162024,-0.6844092385657332,-8.561290244490733,0.0,-607.9399999999999,-274.38,-225.96,-634.84,0.0,0.0,0.0,0.0,0.0,32,38,37,37,40,-7,-219,-94,-69,-243,12.8,12.7,12.6,12.5,12.5,-999,-999,-1.96,0.0,0.0,0.0
8.946560621261595,0.0107379113300923,-0.050621581984721,-0.0429516453203694,-0.0383496833217584,-0.6227988571453564,-8.093105273542411,0.009203923997222,-0.1043111386351828,-0.0674954426462947,-0.0567575313162024,-0.6844092385657332,-8.561290244490733,0.0,-605.25,-271.69,-225.96,-632.15,0.0,0.0,0.0,0.0,0.0,32,38,37,37,40,-7,-219,-94,-69,-243,12.8,12.7,12.6,12.5,12.4,-999,-999,-1.96,0.0,0.0,0.0
8.963557243347168,0.0107379113300923,-0.0490875946518507,-0.0429516453203694,-0.0383496833217584,-0.6227988571453564,-8.093105273542411,0.009203923997222,-0.1043111386351828,-0.0674954426462947,-0.0567575313162024,-0.6844092385657332,-8.561290244490733,0.0,-602.56,-271.69,-225.96,-632.15,0.0,0.0,0.0,0.0,0.0,32,38,37,36,41,0,-219,-94,-69,-243,12.7,12.7,12.7,12.5,12.4,-999,-999,-1.96,0.0,0.0,0.0
8.980535030364992,0.0107379113300923,-0.050621581984721,-0.0429516453203694,-0.0383496833217584,-0.6227988571453564,-8.093105273542411,0.009203923997222,-0.1043111386351828,-0.0674954426462947,-0.0567575313162024,-0.6844092385657332,-8.561290244490733,-2.69,-605.25,-271.69,-228.65,-640.22,0.0,0.0,0.0,0.0,0.0,32,38,38,36,40,-7,-219,-94,-69,-243,12.8,12.6,12.5,12.5,12.5,-999,-999,-1.96,0.0,0.0,0.0
8.997502326965332,0.0107379113300923,-0.050621581984721,-0.0429516453203694,-0.0383496833217584,-0.6227988571453564,-8.093105273542411,0.009203923997222,-0.1043111386351828,-0.0674954426462947,-0.0567575313162024,-0.6844092385657332,-8.561290244490733,0.0,-605.25,-274.38,-225.96,-637.53,0.0,0.0,0.0,0.0,0.0,32,38,38,36,40,-7,-219,-94,-69,-243,12.8,12.7,12.6,12.5,12.3,-999,-999,-1.96,0.0,0.0,0.0
9.014548301696777,0.009203923997222,-0.050621581984721,-0.0429516453203694,-0.0383496833217584,-0.6227988571453564,-8.093105273542411,0.009203923997222,-0.1043111386351828,-0.0674954426462947,-0.0567575313162024,-0.6844092385657332,-8.561290244490733,0.0,-602.56,-271.69,-228.65,-634.84,0.0,0.0,0.0,0.0,0.0,31,38,38,36,40,-7,-219,-94,-69,-243,12.7,12.7,12.6,12.5,12.4,-999,-999,-1.96,0.0,0.0,0.0
9.031471729278563,0.009203923997222,-0.050621581984721,-0.0429516453203694,-0.0383496833217584,-0.6227988571453564,-8.093105273542411,0.009203923997222,-0.1043111386351828,-0.0674954426462947,-0.0582915186490727,-0.6844092385657332,-8.561290244490733,-5.38,-607.9399999999999,-274.38,-225.96,-634.84,0.0,0.0,0.0,0.0,0.0,32,38,37,37,40,-7,-219,-94,-69,-243,12.7,12.7,12.7,12.5,12.4,-999,-999,-1.96,0.0,0.0,0.0
9.048511028289795,0.0107379113300923,-0.050621581984721,-0.0429516453203694,-0.0383496833217584,-0.6227988571453564,-8.093105273542411,0.009203923997222,-0.1043111386351828,-0.0690294299791651,-0.0567575313162024,-0.6844092385657332,-8.561290244490733,-5.38,-602.56,-271.69,-242.1,-632.15,0.0,0.0,0.0,0.0,0.0,32,38,37,37,40,0,-219,-94,-75,-243,12.7,12.7,12.6,12.4,12.3,-999,-999,-1.96,0.0,0.0,0.0
9.065547227859497,0.0107379113300923,-0.050621581984721,-0.0429516453203694,-0.0383496833217584,-0.6227988571453564,-8.093105273542411,0.009203923997222,-0.1043111386351828,-0.0690294299791651,-0.0567575313162024,-0.6844092385657332,-8.561290244490733,-2.69,-605.25,-271.69,-228.65,-634.84,0.0,0.0,0.0,0.0,0.0,32,38,38,37,40,0,-219,-94,-69,-243,12.7,12.7,12.4,12.5,12.4,-999,-999,-1.96,0.0,0.0,0.0
9.082546710968018,0.009203923997222,-0.050621581984721,-0.0429516453203694,-0.0383496833217584,-0.6227988571453564,-8.093105273542411,0.009203923997222,-0.1043111386351828,-0.0674954426462947,-0.0567575313162024,-0.6844092385657332,-8.561290244490733,-5.38,-605.25,-271.69,-228.65,-632.15,0.0,0.0,0.0,0.0,0.0,32,38,37,37,40,0,-219,-94,-69,-243,12.7,12.7,12.7,12.4,12.5,-999,-999,-1.96,0.0,0.0,0.0
9.099599599838255,0.009203923997222,-0.050621581984721,-0.0429516453203694,-0.036815695988888,-0.6227988571453564,-8.093105273542411,0.009203923997222,-0.1043111386351828,-0.0690294299791651,-0.0567575313162024,-0.6844092385657332,-8.561290244490733,-5.38,-599.87,-271.69,-225.96,-634.84,0.0,0.0,0.0,0.0,0.0,32,38,37,37,38,-7,-219,-94,-69,-243,12.8,12.7,12.6,12.5,12.4,-999,-999,-1.96,0.0,0.0,0.0
9.116476058959961,0.009203923997222,-0.050621581984721,-0.0429516453203694,-0.0383496833217584,-0.6227988571453564,-8.093105273542411,0.009203923997222,-0.1027771513023125,-0.0690294299791651,-0.0567575313162024,-0.6844092385657332,-8.561290244490733,-2.69,-602.56,-271.69,-225.96,-634.84,0.0,0.0,0.0,0.0,0.0,32,38,37,37,40,0,-219,-94,-69,-243,12.8,12.7,12.6,12.5,12.4,-999,-999,-1.96,0.0,0.0,0.0
9.133604288101196,0.009203923997222,-0.0490875946518507,-0.0429516453203694,-0.0383496833217584,-0.6227988571453564,-8.093105273542411,0.0076699366643516,-0.1043111386351828,-0.0674954426462947,-0.0567575313162024,-0.6844092385657332,-8.561290244490733,-5.38,-581.04,-271.69,-228.65,-634.84,0.0,0.0,0.0,0.0,0.0,32,38,37,37,40,0,-213,-94,-69,-243,12.8,12.6,12.6,12.6,12.4,-999,-999,-1.96,0.0,0.0,0.0
9.150556325912476,0.009203923997222,-0.050621581984721,-0.0429516453203694,-0.0383496833217584,-0.6227988571453564,-8.093105273542411,0.0076699366643516,-0.1043111386351828,-0.0674954426462947,-0.0567575313162024,-0.6844092385657332,-8.561290244490733,0.0,-602.56,-271.69,-225.96,-632.15,0.0,0.0,0.0,0.0,0.0,32,38,37,37,40,-7,-219,-94,-69,-243,12.8,12.6,12.6,12.4,12.4,-999,-999,-1.96,0.0,0.0,0.0
9.167526006698607,0.009203923997222,-0.050621581984721,-0.0429516453203694,-0.0383496833217584,-0.6227988571453564,-8.093105273542411,0.009203923997222,-0.1043111386351828,-0.0674954426462947,-0.0567575313162024,-0.6844092385657332,-8.561290244490733,0.0,-602.56,-271.69,-225.96,-637.53,0.0,0.0,0.0,0.0,0.0,32,38,36,37,40,0,-219,-94,-69,-243,12.7,12.6,12.7,12.5,12.5,-999,-999,-1.96,0.0,0.0,0.0
9.185250043869019,0.009203923997222,-0.050621581984721,-0.0429516453203694,-0.0383496833217584,-0.6227988571453564,-8.093105273542411,0.009203923997222,-0.1043111386351828,-0.0674954426462947,-0.0567575313162024,-0.6844092385657332,-8.561290244490733,-5.38,-605.25,-271.69,-228.65,-634.84,0.0,0.0,0.0,0.0,0.0,32,38,36,37,40,0,-219,-94,-69,-243,12.7,12.7,12.6,12.5,12.4,-999,-999,-1.96,0.0,0.0,0.0
9.202522039413452,0.009203923997222,-0.050621581984721,-0.0429516453203694,-0.0383496833217584,-0.6227988571453564,-8.093105273542411,0.009203923997222,-0.1043111386351828,-0.0674954426462947,-0.0567575313162024,-0.6844092385657332,-8.561290244490733,-2.69,-602.56,-271.69,-228.65,-632.15,0.0,0.0,0.0,0.0,0.0,32,38,37,37,40,0,-219,-94,-69,-243,12.8,12.7,12.6,12.5,12.4,-999,-999,-1.96,0.0,0.0,0.0
9.220554828643799,0.009203923997222,-0.050621581984721,-0.0429516453203694,-0.0383496833217584,-0.6227988571453564,-8.093105273542411,0.0076699366643516,-0.1027771513023125,-0.0690294299791651,-0.0567575313162024,-0.6844092385657332,-8.561290244490733,0.0,-605.25,-271.69,-225.96,-632.15,0.0,0.0,0.0,0.0,0.0,32,39,37,37,42,0,-219,-94,-69,-243,12.8,12.7,12.6,12.5,12.4,-999,-999,-1.96,0.0,0.0,0.0
9.237540483474731,0.009203923997222,-0.050621581984721,-0.0429516453203694,-0.0383496833217584,-0.6227988571453564,-8.093105273542411,0.009203923997222,-0.1043111386351828,-0.0674954426462947,-0.0567575313162024,-0.6844092385657332,-8.561290244490733,0.0,-583.73,-271.69,-225.96,-632.15,0.0,0.0,0.0,0.0,0.0,32,39,37,37,41,-7,-213,-94,-69,-243,12.8,12.6,12.6,12.5,12.3,-999,-999,-1.96,0.0,0.0,0.0
9.2545485496521,0.009203923997222,-0.050621581984721,-0.0429516453203694,-0.0383496833217584,-0.6212648698124861,-8.080811670411755,0.009203923997222,-0.1043111386351828,-0.0674954426462947,-0.0567575313162024,-0.6844092385657332,-8.561290244490733,0.0,-607.9399999999999,-271.69,-228.65,-637.53,0.0,0.0,0.0,0.0,0.0,32,38,37,37,41,0,-219,-94,-69,-243,12.8,12.6,12.6,12.5,12.4,-999,-999,-1.96,0.0,0.0,0.0
9.27150583267212,0.009203923997222,-0.0490875946518507,-0.0429516453203694,-0.0383496833217584,-0.6227988571453564,-8.093105273542411,0.009203923997222,-0.1043111386351828,-0.0674954426462947,-0.0567575313162024,-0.6844092385657332,-8.561290244490733,-2.69,-602.56,-271.69,-225.96,-637.53,0.0,0.0,0.0,0.0,0.0,32,38,37,36,41,0,-219,-94,-69,-243,12.7,12.6,12.6,12.5,12.3,-999,-999,-1.96,0.0,0.0,0.0
9.288491010665894,0.009203923997222,-0.050621581984721,-0.0429516453203694,-0.0383496833217584,-0.6227988571453564,-8.093105273542411,0.009203923997222,-0.1027771513023125,-0.0674954426462947,-0.0567575313162024,-0.6844092385657332,-8.561290244490733,-5.38,-575.66,-271.69,-228.65,-640.22,0.0,0.0,0.0,0.0,0.0,32,39,37,36,40,-7,-213,-94,-69,-250,12.7,12.7,12.6,12.4,12.4,-999,-999,-1.96,0.0,0.0,0.0
9.305530071258543,0.0076699366643516,-0.050621581984721,-0.0429516453203694,-0.0383496833217584,-0.6227988571453564,-8.093105273542411,0.009203923997222,-0.1043111386351828,-0.0674954426462947,-0.0567575313162024,-0.6844092385657332,-8.561290244490733,0.0,-583.73,-271.69,-225.96,-634.84,0.0,0.0,0.0,0.0,0.0,32,39,37,36,40,6,-213,-94,-69,-243,12.8,12.7,12.7,12.5,12.4,-999,-999,-1.96,0.0,0.0,0.0
9.322562456130981,0.0076699366643516,-0.0490875946518507,-0.0429516453203694,-0.0383496833217584,-0.6227988571453564,-8.093105273542411,0.0076699366643516,-0.1043111386351828,-0.0674954426462947,-0.0567575313162024,-0.6844092385657332,-8.561290244490733,-2.69,-632.15,-271.69,-225.96,-634.84,0.0,0.0,0.0,0.0,0.0,32,39,37,36,40,0,-219,-94,-69,-243,12.7,12.7,12.6,12.5,12.1,-999,-999,-1.96,0.0,0.0,0.0
9.339533805847168,0.009203923997222,-0.050621581984721,-0.0429516453203694,-0.0383496833217584,-0.6227988571453564,-8.093105273542411,0.009203923997222,-0.1043111386351828,-0.0674954426462947,-0.0567575313162024,-0.6844092385657332,-8.561290244490733,-5.38,-602.56,-271.69,-228.65,-632.15,0.0,0.0,0.0,0.0,0.0,32,39,37,36,40,0,-219,-94,-69,-243,12.8,12.6,12.6,12.4,12.4,-999,-999,-1.96,0.0,0.0,0.0
9.35653018951416,0.009203923997222,-0.050621581984721,-0.0429516453203694,-0.0383496833217584,-0.6227988571453564,-8.093105273542411,0.0076699366643516,-0.1027771513023125,-0.0674954426462947,-0.0567575313162024,-0.6844092385657332,-8.561290244490733,-8.07,-602.56,-271.69,-225.96,-634.84,0.0,0.0,0.0,0.0,0.0,32,39,37,36,40,0,-219,-94,-69,-243,12.8,12.7,12.6,12.5,12.4,-999,-999,-1.96,0.0,0.0,0.0
9.373481035232544,0.009203923997222,-0.050621581984721,-0.0429516453203694,-0.0383496833217584,-0.6227988571453564,-8.093105273542411,0.009203923997222,-0.1043111386351828,-0.0674954426462947,-0.0567575313162024,-0.6844092385657332,-8.561290244490733,-5.38,-581.04,-271.69,-225.96,-632.15,0.0,0.0,0.0,0.0,0.0,32,39,37,36,40,0,-213,-94,-69,-243,12.7,12.7,12.6,12.5,12.4,-999,-999,-1.96,0.0,0.0,0.0
9.390481233596802,0.0076699366643516,-0.050621581984721,-0.0429516453203694,-0.0383496833217584,-0.6227988571453564,-8.093105273542411,0.009203923997222,-0.1043111386351828,-0.0690294299791651,-0.0567575313162024,-0.6844092385657332,-8.561290244490733,-5.38,-602.56,-266.31,-225.96,-632.15,0.0,0.0,0.0,0.0,0.0,30,38,37,36,40,0,-219,-94,-69,-243,12.8,12.7,12.7,12.5,12.4,-999,-999,-1.96,0.0,0.0,0.0
9.407506465911865,0.009203923997222,-0.050621581984721,-0.0429516453203694,-0.0383496833217584,-0.6227988571453564,-8.093105273542411,0.009203923997222,-0.1043111386351828,-0.0690294299791651,-0.0567575313162024,-0.6844092385657332,-8.561290244490733,-5.38,-607.9399999999999,-271.69,-225.96,-640.22,0.0,0.0,0.0,0.0,0.0,31,38,37,36,40,0,-219,-94,-69,-250,12.8,12.7,12.6,12.5,12.3,-999,-999,-1.96,0.0,0.0,0.0
9.424559116363525,0.0076699366643516,-0.050621581984721,-0.0429516453203694,-0.0383496833217584,-0.6227988571453564,-8.093105273542411,0.009203923997222,-0.1027771513023125,-0.0674954426462947,-0.0567575313162024,-0.6844092385657332,-8.561290244490733,-5.38,-575.66,-271.69,-242.1,-634.84,0.0,0.0,0.0,0.0,0.0,31,38,37,36,40,0,-213,-94,-75,-243,12.8,12.7,12.6,12.5,12.3,-999,-999,-1.96,0.0,0.0,0.0
9.441521644592285,0.0076699366643516,-0.0490875946518507,-0.0429516453203694,-0.0383496833217584,-0.6227988571453564,-8.093105273542411,0.009203923997222,-0.1043111386351828,-0.0674954426462947,-0.0567575313162024,-0.6844092385657332,-8.561290244490733,-5.38,-583.73,-271.69,-228.65,-634.84,0.0,0.0,0.0,0.0,0.0,31,38,37,36,40,6,-213,-94,-69,-243,12.8,12.6,12.6,12.3,12.5,-999,-999,-1.96,0.0,0.0,0.0
9.458520650863647,0.009203923997222,-0.050621581984721,-0.0429516453203694,-0.0383496833217584,-0.6227988571453564,-8.093105273542411,0.009203923997222,-0.1043111386351828,-0.0674954426462947,-0.0567575313162024,-0.6844092385657332,-8.561290244490733,-2.69,-599.87,-271.69,-225.96,-632.15,0.0,0.0,0.0,0.0,0.0,31,38,37,36,40,6,-219,-94,-69,-243,12.8,12.7,12.3,12.5,12.2,-999,-999,-1.96,0.0,0.0,0.0
9.475429296493532,0.009203923997222,-0.050621581984721,-0.0429516453203694,-0.0383496833217584,-0.6227988571453564,-8.093105273542411,0.009203923997222,-0.1027771513023125,-0.0674954426462947,-0.0567575313162024,-0.6844092385657332,-8.561290244490733,-2.69,-602.56,-271.69,-225.96,-632.15,0.0,0.0,0.0,0.0,0.0,31,38,37,36,40,6,-219,-94,-69,-243,12.8,12.7,12.6,12.4,12.4,-999,-999,-1.96,0.0,0.0,0.0
9.492474794387817,0.0076699366643516,-0.0490875946518507,-0.0429516453203694,-0.0383496833217584,-0.6227988571453564,-8.093105273542411,0.009203923997222,-0.1043111386351828,-0.0674954426462947,-0.0567575313162024,-0.6844092385657332,-8.561290244490733,-2.69,-578.35,-271.69,-225.96,-632.15,0.0,0.0,0.0,0.0,0.0,31,39,37,36,40,0,-213,-94,-69,-243,12.8,12.7,12.7,12.5,12.3,-999,-999,-1.96,0.0,0.0,0.0
9.509491920471191,0.009203923997222,-0.050621581984721,-0.0429516453203694,-0.0383496833217584,-0.6227988571453564,-8.093105273542411,0.009203923997222,-0.1027771513023125,-0.0674954426462947,-0.0567575313162024,-0.6844092385657332,-8.561290244490733,-2.69,-607.9399999999999,-271.69,-225.96,-632.15,0.0,0.0,0.0,0.0,0.0,31,38,37,36,40,0,-225,-94,-69,-243,12.8,12.7,12.7,12.5,12.4,-999,-999,-1.96,0.0,0.0,0.0
9.526521921157835,0.009203923997222,-0.0490875946518507,-0.0429516453203694,-0.0383496833217584,-0.6227988571453564,-8.093105273542411,0.009203923997222,-0.1043111386351828,-0.0674954426462947,-0.0567575313162024,-0.6844092385657332,-8.561290244490733,-2.69,-583.73,-271.69,-225.96,-634.84,0.0,0.0,0.0,0.0,0.0,31,38,37,36,40,6,-219,-94,-69,-243,12.8,12.7,12.6,12.5,12.4,-999,-999,-1.96,0.0,0.0,0.0
9.543458938598633,0.0076699366643516,-0.050621581984721,-0.0429516453203694,-0.0383496833217584,-0.6227988571453564,-8.093105273542411,0.009203923997222,-0.1043111386351828,-0.0690294299791651,-0.0567575313162024,-0.6844092385657332,-8.561290244490733,-2.69,-599.87,-271.69,-225.96,-634.84,0.0,0.0,0.0,0.0,0.0,31,38,38,36,40,0,-219,-94,-69,-243,12.8,12.6,12.6,12.5,12.3,-999,-999,-1.96,0.0,0.0,0.0
9.560439109802248,0.009203923997222,-0.050621581984721,-0.0429516453203694,-0.0383496833217584,-0.6227988571453564,-8.093105273542411,0.009203923997222,-0.1043111386351828,-0.0690294299791651,-0.0567575313162024,-0.6844092385657332,-8.561290244490733,-2.69,-599.87,-271.69,-225.96,-634.84,0.0,0.0,0.0,0.0,0.0,31,38,38,36,40,0,-219,-94,-69,-243,12.8,12.7,12.6,12.5,12.4,-999,-999,-1.96,0.0,0.0,0.0
9.577486753463745,0.009203923997222,-0.050621581984721,-0.0429516453203694,-0.0383496833217584,-0.6227988571453564,-8.093105273542411,0.009203923997222,-0.1043111386351828,-0.0690294299791651,-0.0567575313162024,-0.6844092385657332,-8.561290244490733,-2.69,-605.25,-271.69,-225.96,-632.15,0.0,0.0,0.0,0.0,0.0,31,38,38,36,40,6,-225,-94,-69,-243,12.7,12.7,12.6,12.5,12.4,-999,-999,-1.96,0.0,0.0,0.0
9.595431327819824,0.0076699366643516,-0.050621581984721,-0.0429516453203694,-0.0383496833217584,-0.6227988571453564,-8.093105273542411,0.009203923997222,-0.1043111386351828,-0.0674954426462947,-0.0567575313162024,-0.6844092385657332,-8.561290244490733,-2.69,-605.25,-271.69,-228.65,-632.15,0.0,0.0,0.0,0.0,0.0,31,38,38,36,40,6,-219,-94,-69,-243,12.7,12.7,12.6,12.5,12.3,-999,-999,-1.96,0.0,0.0,0.0
9.61247730255127,0.009203923997222,-0.050621581984721,-0.0429516453203694,-0.0383496833217584,-0.6227988571453564,-8.093105273542411,0.009203923997222,-0.1043111386351828,-0.0674954426462947,-0.0567575313162024,-0.6844092385657332,-8.561290244490733,-2.69,-602.56,-271.69,-228.65,-632.15,0.0,0.0,0.0,0.0,0.0,32,38,38,36,40,0,-219,-94,-69,-243,12.8,12.6,12.7,12.5,12.4,-999,-999,-1.96,0.0,0.0,0.0
9.629546403884888,0.009203923997222,-0.050621581984721,-0.0429516453203694,-0.0383496833217584,-0.6227988571453564,-8.093105273542411,0.009203923997222,-0.1043111386351828,-0.0674954426462947,-0.0567575313162024,-0.6844092385657332,-8.561290244490733,-2.69,-599.87,-271.69,-225.96,-632.15,0.0,0.0,0.0,0.0,0.0,32,38,38,36,40,0,-219,-94,-69,-243,12.8,12.7,12.7,12.5,12.4,-999,-999,-1.96,0.0,0.0,0.0
9.646477699279785,0.0076699366643516,-0.050621581984721,-0.0429516453203694,-0.0383496833217584,-0.6227988571453564,-8.093105273542411,0.009203923997222,-0.1043111386351828,-0.0674954426462947,-0.0567575313162024,-0.6844092385657332,-8.561290244490733,-2.69,-605.25,-271.69,-225.96,-634.84,0.0,0.0,0.0,0.0,0.0,32,38,38,36,40,6,-219,-94,-69,-243,12.8,12.7,12.5,12.4,12.4,-999,-999,-1.96,0.0,0.0,0.0
9.663489580154419,0.0076699366643516,-0.050621581984721,-0.0429516453203694,-0.0383496833217584,-0.6227988571453564,-8.093105273542411,0.009203923997222,-0.1043111386351828,-0.0674954426462947,-0.0567575313162024,-0.6844092385657332,-8.561290244490733,-2.69,-602.56,-271.69,-225.96,-632.15,0.0,0.0,0.0,0.0,0.0,32,38,37,36,40,6,-225,-94,-69,-243,12.7,12.7,12.8,12.5,12.3,-999,-999,-1.96,0.0,0.0,0.0
9.680428504943848,0.0076699366643516,-0.050621581984721,-0.0429516453203694,-0.0383496833217584,-0.6227988571453564,-8.093105273542411,0.009203923997222,-0.1027771513023125,-0.0674954426462947,-0.0567575313162024,-0.6844092385657332,-8.561290244490733,-2.69,-599.87,-271.69,-225.96,-632.15,0.0,0.0,0.0,0.0,0.0,32,38,37,36,40,6,-219,-94,-69,-243,12.7,12.8,12.6,12.5,12.5,-999,-999,-1.96,0.0,0.0,0.0
9.697429180145264,0.009203923997222,-0.050621581984721,-0.0429516453203694,-0.0383496833217584,-0.6227988571453564,-8.093105273542411,0.009203923997222,-0.1027771513023125,-0.0674954426462947,-0.0567575313162024,-0.6844092385657332,-8.561290244490733,-2.69,-578.35,-274.38,-228.65,-637.53,0.0,0.0,0.0,0.0,0.0,32,38,37,36,40,6,-213,-94,-69,-250,12.7,12.7,12.6,12.5,12.3,-999,-999,-1.96,0.0,0.0,0.0
9.714429616928099,0.0076699366643516,-0.050621581984721,-0.0429516453203694,-0.0383496833217584,-0.6227988571453564,-8.093105273542411,0.009203923997222,-0.1043111386351828,-0.0674954426462947,-0.0567575313162024,-0.6844092385657332,-8.561290244490733,-2.69,-583.73,-269.0,-225.96,-634.84,0.0,0.0,0.0,0.0,0.0,32,38,37,36,41,0,-213,-94,-69,-243,12.7,12.7,12.6,12.5,12.5,-999,-999,-1.96,0.0,0.0,0.0
9.731466293334961,0.0076699366643516,-0.050621581984721,-0.0429516453203694,-0.0383496833217584,-0.6227988571453564,-8.093105273542411,0.009203923997222,-0.1043111386351828,-0.0674954426462947,-0.0567575313162024,-0.6844092385657332,-8.561290244490733,-2.69,-602.56,-271.69,-225.96,-632.15,0.0,0.0,0.0,0.0,0.0,32,38,37,36,41,0,-219,-94,-69,-243,12.8,12.6,12.6,12.2,12.4,-999,-999,-1.96,0.0,0.0,0.0
9.748462677001953,0.009203923997222,-0.050621581984721,-0.0429516453203694,-0.0383496833217584,-0.6227988571453564,-8.093105273542411,0.009203923997222,-0.1043111386351828,-0.0674954426462947,-0.0567575313162024,-0.6844092385657332,-8.561290244490733,-2.69,-605.25,-271.69,-225.96,-632.15,0.0,0.0,0.0,0.0,0.0,32,38,38,36,40,6,-219,-94,-69,-243,12.7,12.6,12.5,12.5,12.3,-999,-999,-1.96,0.0,0.0,0.0
9.765490293502808,0.009203923997222,-0.050621581984721,-0.0429516453203694,-0.0383496833217584,-0.6227988571453564,-8.093105273542411,0.009203923997222,-0.1043111386351828,-0.0674954426462947,-0.0567575313162024,-0.6844092385657332,-8.561290244490733,-2.69,-602.56,-271.69,-225.96,-632.15,0.0,0.0,0.0,0.0,0.0,32,38,38,36,40,0,-219,-94,-69,-243,12.7,12.7,12.6,12.4,12.4,-999,-999,-1.96,0.0,0.0,0.0
9.782455682754515,0.0076699366643516,-0.050621581984721,-0.0429516453203694,-0.0383496833217584,-0.6227988571453564,-8.093105273542411,0.009203923997222,-0.1027771513023125,-0.0674954426462947,-0.0567575313162024,-0.6844092385657332,-8.561290244490733,-2.69,-583.73,-271.69,-225.96,-632.15,0.0,0.0,0.0,0.0,0.0,32,38,37,36,40,0,-213,-94,-69,-243,12.7,12.7,12.6,12.5,12.5,-999,-999,-1.96,0.0,0.0,0.0
9.799458265304565,0.0076699366643516,-0.050621581984721,-0.0429516453203694,-0.0383496833217584,-0.6227988571453564,-8.093105273542411,0.009203923997222,-0.1027771513023125,-0.0674954426462947,-0.0567575313162024,-0.6844092385657332,-8.561290244490733,5.38,-586.42,-271.69,-225.96,-634.84,0.0,0.0,0.0,0.0,0.0,32,38,37,37,40,6,-219,-94,-69,-250,12.8,12.7,12.6,12.5,12.5,-999,-999,-1.96,0.0,0.0,0.0
9.816412925720215,0.0076699366643516,-0.050621581984721,-0.0429516453203694,-0.0383496833217584,-0.6227988571453564,-8.093105273542411,0.009203923997222,-0.1027771513023125,-0.0674954426462947,-0.0567575313162024,-0.6844092385657332,-8.561290244490733,-2.69,-583.73,-271.69,-225.96,-632.15,0.0,0.0,0.0,0.0,0.0,32,38,37,37,40,6,-213,-94,-69,-243,12.7,12.7,12.6,12.5,12.5,-999,-999,-1.96,0.0,0.0,0.0
9.833457469940186,0.0076699366643516,-0.050621581984721,-0.0429516453203694,-0.0383496833217584,-0.6227988571453564,-8.093105273542411,0.0107379113300923,-0.1027771513023125,-0.0674954426462947,-0.0567575313162024,-0.6844092385657332,-8.561290244490733,-2.69,-589.11,-271.69,-225.96,-634.84,0.0,0.0,0.0,0.0,0.0,32,38,37,37,41,6,-219,-94,-69,-243,12.8,12.7,12.6,12.5,12.4,-999,-999,-1.96,0.0,0.0,0.0
9.850439071655273,0.009203923997222,-0.050621581984721,-0.0429516453203694,-0.0383496833217584,-0.6227988571453564,-8.093105273542411,0.009203923997222,-0.1043111386351828,-0.0690294299791651,-0.0567575313162024,-0.6844092385657332,-8.561290244490733,0.0,-583.73,-271.69,-225.96,-637.53,0.0,0.0,0.0,0.0,0.0,32,38,37,37,41,6,-213,-94,-69,-250,12.8,12.7,12.6,12.5,12.5,-999,-999,-1.96,0.0,0.0,0.0
9.867455244064331,0.0076699366643516,-0.050621581984721,-0.0429516453203694,-0.0383496833217584,-0.6227988571453564,-8.093105273542411,0.009203923997222,-0.1027771513023125,-0.0674954426462947,-0.0567575313162024,-0.6844092385657332,-8.561290244490733,-8.07,-605.25,-271.69,-225.96,-634.84,0.0,0.0,0.0,0.0,0.0,32,38,37,37,41,6,-225,-94,-69,-243,12.8,12.7,12.6,12.5,12.5,-999,-999,-1.96,0.0,0.0,0.0
9.884538650512695,0.0076699366643516,-0.050621581984721,-0.0429516453203694,-0.0383496833217584,-0.6227988571453564,-8.093105273542411,0.009203923997222,-0.1043111386351828,-0.0674954426462947,-0.0567575313162024,-0.6844092385657332,-8.561290244490733,-5.38,-570.28,-271.69,-225.96,-632.15,0.0,0.0,0.0,0.0,0.0,32,38,37,37,41,0,-213,-94,-69,-243,12.7,12.7,12.6,12.5,12.3,-999,-999,-1.96,0.0,0.0,0.0
9.90143132209778,0.009203923997222,-0.050621581984721,-0.0429516453203694,-0.0383496833217584,-0.6212648698124861,-8.080811670411755,0.009203923997222,-0.1043111386351828,-0.0674954426462947,-0.0567575313162024,-0.6844092385657332,-8.561290244490733,-5.38,-605.25,-271.69,-228.65,-632.15,0.0,0.0,0.0,0.0,0.0,32,38,37,37,41,6,-219,-94,-69,-243,12.7,12.7,12.7,12.4,12.4,-999,-999,-1.96,0.0,0.0,0.0
9.918466806411743,0.0076699366643516,-0.050621581984721,-0.0429516453203694,-0.0383496833217584,-0.6227988571453564,-8.093105273542411,0.009203923997222,-0.1027771513023125,-0.0674954426462947,-0.0567575313162024,-0.6844092385657332,-8.561290244490733,-5.38,-602.56,-274.38,-225.96,-632.15,0.0,0.0,0.0,0.0,0.0,32,38,37,37,41,0,-219,-94,-69,-243,12.8,12.7,12.6,12.5,12.4,-999,-999,-1.96,0.0,0.0,0.0
9.93549132347107,0.009203923997222,-0.050621581984721,-0.0429516453203694,-0.0383496833217584,-0.6227988571453564,-8.093105273542411,0.009203923997222,-0.1043111386351828,-0.0674954426462947,-0.0567575313162024,-0.6844092385657332,-8.561290244490733,-5.38,-572.97,-271.69,-225.96,-634.84,0.0,0.0,0.0,0.0,0.0,32,38,37,36,41,0,-213,-94,-69,-243,12.8,12.7,12.6,12.4,12.3,-999,-999,-1.96,0.0,0.0,0.0
9.952528715133667,0.009203923997222,-0.050621581984721,-0.0429516453203694,-0.036815695988888,-0.6227988571453564,-8.093105273542411,0.009203923997222,-0.1027771513023125,-0.0674954426462947,-0.0567575313162024,-0.6844092385657332,-8.561290244490733,-5.38,-602.56,-271.69,-225.96,-634.84,0.0,0.0,0.0,0.0,0.0,32,38,37,36,41,0,-219,-94,-69,-243,12.7,12.7,12.6,12.4,12.4,-999,-999,-1.96,0.0,0.0,0.0
9.969456911087036,0.009203923997222,-0.050621581984721,-0.0429516453203694,-0.0383496833217584,-0.6227988571453564,-8.093105273542411,0.009203923997222,-0.1043111386351828,-0.0690294299791651,-0.0567575313162024,-0.6844092385657332,-8.561290244490733,-5.38,-575.66,-271.69,-225.96,-637.53,0.0,0.0,0.0,0.0,0.0,32,38,37,36,41,0,-213,-94,-69,-250,12.8,12.7,12.6,12.5,12.4,-999,-999,-1.96,0.0,0.0,0.0
9.986451148986815,0.009203923997222,-0.050621581984721,-0.0429516453203694,-0.0383496833217584,-0.6227988571453564,-8.093105273542411,0.009203923997222,-0.1043111386351828,-0.0690294299791651,-0.0567575313162024,-0.6844092385657332,-8.561290244490733,-5.38,-605.25,-271.69,-225.96,-634.84,0.0,0.0,0.0,0.0,0.0,32,38,37,36,41,0,-219,-94,-69,-243,12.7,12.7,12.6,12.4,12.4,-999,-999,-1.96,0.0,0.0,0.0
10.003481388092041,0.0076699366643516,-0.050621581984721,-0.0429516453203694,-0.0383496833217584,-0.6227988571453564,-8.093105273542411,0.009203923997222,-0.1043111386351828,-0.0690294299791651,-0.0567575313162024,-0.6844092385657332,-8.561290244490733,-5.38,-602.56,-271.69,-225.96,-632.15,0.0,0.0,0.0,0.0,0.0,32,38,37,36,41,6,-219,-94,-69,-243,12.8,12.7,12.6,12.5,12.5,-999,-999,-1.96,0.0,0.0,0.0
10.020435333251953,0.0076699366643516,-0.0490875946518507,-0.0429516453203694,-0.0383496833217584,-0.6227988571453564,-8.093105273542411,0.009203923997222,-0.1043111386351828,-0.0674954426462947,-0.0567575313162024,-0.6844092385657332,-8.561290244490733,-5.38,-605.25,-271.69,-228.65,-634.84,0.0,0.0,0.0,0.0,0.0,32,39,37,36,41,6,-219,-94,-69,-243,12.7,12.7,12.6,12.5,12.4,-999,-999,-1.96,0.0,0.0,0.0
10.037494421005249,0.0076699366643516,-0.050621581984721,-0.0429516453203694,-0.0383496833217584,-0.6227988571453564,-8.093105273542411,0.009203923997222,-0.1027771513023125,-0.0674954426462947,-0.0567575313162024,-0.6844092385657332,-8.561290244490733,-5.38,-575.66,-271.69,-225.96,-632.15,0.0,0.0,0.0,0.0,0.0,32,39,37,37,41,6,-213,-94,-69,-243,12.8,12.7,12.5,12.5,12.4,-999,-999,-1.96,0.0,0.0,0.0
10.05443549156189,0.009203923997222,-0.050621581984721,-0.0429516453203694,-0.0383496833217584,-0.6227988571453564,-8.093105273542411,0.009203923997222,-0.1043111386351828,-0.0674954426462947,-0.0567575313162024,-0.6844092385657332,-8.561290244490733,-5.38,-599.87,-271.69,-228.65,-632.15,0.0,0.0,0.0,0.0,0.0,32,39,37,37,41,6,-219,-94,-69,-243,12.8,12.7,12.6,12.5,12.4,-999,-999,-1.96,0.0,0.0,0.0
10.07145881652832,0.009203923997222,-0.050621581984721,-0.0429516453203694,-0.0383496833217584,-0.6227988571453564,-8.093105273542411,0.0107379113300923,-0.1043111386351828,-0.0674954426462947,-0.0567575313162024,-0.6844092385657332,-8.561290244490733,2.69,-602.56,-271.69,-228.65,-629.46,0.0,0.0,0.0,0.0,0.0,32,39,37,37,41,6,-219,-94,-69,-243,12.8,12.7,12.6,12.4,12.4,-999,-999,-1.96,0.0,0.0,0.0
10.088480949401855,0.009203923997222,-0.050621581984721,-0.0429516453203694,-0.0383496833217584,-0.6227988571453564,-8.093105273542411,0.0107379113300923,-0.1043111386351828,-0.0674954426462947,-0.0582915186490727,-0.6844092385657332,-8.561290244490733,-2.69,-575.66,-271.69,-228.65,-634.84,0.0,0.0,0.0,0.0,0.0,35,39,37,37,41,6,-213,-94,-69,-243,12.8,12.7,12.6,12.5,12.4,-999,-999,-1.96,0.0,0.0,0.0
10.105438709259033,0.009203923997222,-0.050621581984721,-0.0429516453203694,-0.0383496833217584,-0.6227988571453564,-8.093105273542411,0.0107379113300923,-0.1043111386351828,-0.0674954426462947,-0.0567575313162024,-0.6844092385657332,-8.561290244490733,2.69,-599.87,-269.0,-258.24,-634.84,0.0,0.0,0.0,0.0,0.0,32,39,37,37,41,12,-219,-94,-101,-243,12.8,12.7,12.6,12.5,12.4,-999,-999,-1.96,0.0,0.0,0.0
10.122444868087767,0.009203923997222,-0.0490875946518507,-0.0429516453203694,-0.0383496833217584,-0.6227988571453564,-8.093105273542411,0.0107379113300923,-0.1043111386351828,-0.0674954426462947,-0.0567575313162024,-0.6844092385657332,-8.561290244490733,-5.38,-599.87,-271.69,-223.27,-634.84,0.0,0.0,0.0,0.0,0.0,32,38,37,37,41,12,-219,-94,-69,-243,12.8,12.7,12.6,12.5,12.4,-999,-999,-1.96,0.0,0.0,0.0
10.139396905899048,0.0076699366643516,-0.050621581984721,-0.0429516453203694,-0.0383496833217584,-0.6227988571453564,-8.093105273542411,0.0107379113300923,-0.1043111386351828,-0.0690294299791651,-0.0567575313162024,-0.6844092385657332,-8.561290244490733,-2.69,-599.87,-271.69,-228.65,-632.15,0.0,0.0,0.0,0.0,0.0,32,38,37,37,41,12,-219,-94,-69,-243,12.8,12.7,12.6,12.5,12.4,-999,-999,-1.96,0.0,0.0,0.0
10.15640592575073,0.009203923997222,-0.050621581984721,-0.0429516453203694,-0.0383496833217584,-0.6227988571453564,-8.093105273542411,0.0107379113300923,-0.1027771513023125,-0.0674954426462947,-0.0567575313162024,-0.6844092385657332,-8.561290244490733,-2.69,-602.56,-271.69,-228.65,-634.84,0.0,0.0,0.0,0.0,0.0,32,38,37,37,41,6,-219,-94,-69,-243,12.7,12.7,12.6,12.5,12.4,-999,-999,-1.96,0.0,0.0,0.0
10.17343020439148,0.0076699366643516,-0.050621581984721,-0.0429516453203694,-0.0383496833217584,-0.6227988571453564,-8.093105273542411,0.0107379113300923,-0.1043111386351828,-0.0674954426462947,-0.0567575313162024,-0.6844092385657332,-8.561290244490733,2.69,-578.35,-271.69,-225.96,-632.15,0.0,0.0,0.0,0.0,0.0,32,38,37,37,41,12,-213,-94,-69,-243,12.8,12.7,12.6,12.1,12.4,-999,-999,-1.96,0.0,0.0,0.0
10.19038724899292,0.0076699366643516,-0.0490875946518507,-0.0429516453203694,-0.0383496833217584,-0.6227988571453564,-8.093105273542411,0.0107379113300923,-0.1027771513023125,-0.0674954426462947,-0.0567575313162024,-0.6844092385657332,-8.561290244490733,-2.69,-610.63,-271.69,-228.65,-634.84,0.0,0.0,0.0,0.0,0.0,32,38,37,37,40,12,-219,-94,-69,-250,12.8,12.6,12.6,12.5,12.3,-999,-999,-1.96,0.0,0.0,0.0
10.207393169403076,0.009203923997222,-0.050621581984721,-0.0429516453203694,-0.0383496833217584,-0.6227988571453564,-8.093105273542411,0.009203923997222,-0.1027771513023125,-0.0674954426462947,-0.0567575313162024,-0.6844092385657332,-8.561290244490733,-2.69,-572.97,-271.69,-228.65,-632.15,0.0,0.0,0.0,0.0,0.0,32,38,37,37,41,6,-213,-94,-69,-243,12.7,12.8,12.6,12.4,12.3,-999,-999,-1.96,0.0,0.0,0.0
10.224388599395752,0.0076699366643516,-0.050621581984721,-0.0429516453203694,-0.0383496833217584,-0.6227988571453564,-8.093105273542411,0.0107379113300923,-0.1043111386351828,-0.0674954426462947,-0.0567575313162024,-0.6844092385657332,-8.561290244490733,0.0,-583.73,-271.69,-228.65,-632.15,0.0,0.0,0.0,0.0,0.0,32,38,37,37,41,0,-213,-94,-69,-243,12.8,12.7,12.6,12.4,12.5,-999,-999,-1.96,0.0,0.0,0.0
10.24144983291626,0.009203923997222,-0.050621581984721,-0.0429516453203694,-0.036815695988888,-0.6227988571453564,-8.093105273542411,0.0107379113300923,-0.1027771513023125,-0.0674954426462947,-0.0567575313162024,-0.6844092385657332,-8.561290244490733,0.0,-599.87,-271.69,-228.65,-634.84,0.0,0.0,0.0,0.0,0.0,32,38,37,37,41,6,-219,-94,-69,-250,12.7,12.6,12.6,12.5,12.3,-999,-999,-1.96,0.0,0.0,0.0
10.258440494537354,0.0076699366643516,-0.050621581984721,-0.0429516453203694,-0.0383496833217584,-0.6227988571453564,-8.093105273542411,0.0107379113300923,-0.1027771513023125,-0.0674954426462947,-0.0567575313162024,-0.6844092385657332,-8.561290244490733,-2.69,-578.35,-271.69,-228.65,-634.84,0.0,0.0,0.0,0.0,0.0,32,38,37,37,41,6,-213,-94,-69,-243,12.8,12.7,12.6,12.4,12.3,-999,-999,-1.96,0.0,0.0,0.0
10.275461196899414,0.009203923997222,-0.050621581984721,-0.0429516453203694,-0.0383496833217584,-0.6227988571453564,-8.093105273542411,0.0107379113300923,-0.1027771513023125,-0.0674954426462947,-0.0567575313162024,-0.6844092385657332,-8.561290244490733,0.0,-583.73,-271.69,-228.65,-634.84,0.0,0.0,0.0,0.0,0.0,32,38,38,37,41,6,-213,-94,-69,-243,12.8,12.8,12.6,12.5,12.4,-999,-999,-1.96,0.0,0.0,0.0
10.292453289031984,0.009203923997222,-0.050621581984721,-0.0429516453203694,-0.0383496833217584,-0.6227988571453564,-8.093105273542411,0.0107379113300923,-0.1027771513023125,-0.0674954426462947,-0.0567575313162024,-0.6844092385657332,-8.561290244490733,2.69,-586.42,-271.69,-228.65,-632.15,0.0,0.0,0.0,0.0,0.0,32,38,38,37,41,6,-213,-94,-69,-243,12.8,12.7,12.6,12.5,12.5,-999,-999,-1.96,0.0,0.0,0.0
10.309398651123047,0.0076699366643516,-0.050621581984721,-0.0429516453203694,-0.0383496833217584,-0.6227988571453564,-8.093105273542411,0.0107379113300923,-0.1027771513023125,-0.0690294299791651,-0.0567575313162024,-0.6844092385657332,-8.561290244490733,0.0,-586.42,-271.69,-228.65,-632.15,0.0,0.0,0.0,0.0,0.0,31,38,38,37,41,6,-213,-94,-69,-243,12.8,12.7,12.6,12.4,12.5,-999,-999,-1.96,0.0,0.0,0.0
10.326472759246828,0.009203923997222,-0.050621581984721,-0.0429516453203694,-0.0383496833217584,-0.6227988571453564,-8.093105273542411,0.0107379113300923,-0.1027771513023125,-0.0674954426462947,-0.0567575313162024,-0.6844092385657332,-8.561290244490733,0.0,-583.73,-271.69,-228.65,-634.84,0.0,0.0,0.0,0.0,0.0,31,38,37,37,41,6,-213,-94,-69,-243,12.7,12.7,12.6,12.5,12.4,-999,-999,-1.96,0.0,0.0,0.0
10.343404054641724,0.009203923997222,-0.050621581984721,-0.0429516453203694,-0.0383496833217584,-0.6227988571453564,-8.093105273542411,0.0107379113300923,-0.1027771513023125,-0.0674954426462947,-0.0567575313162024,-0.6844092385657332,-8.561290244490733,0.0,-586.42,-271.69,-228.65,-632.15,0.0,0.0,0.0,0.0,0.0,31,38,37,37,40,6,-213,-94,-69,-243,12.7,12.8,12.6,12.5,12.4,-999,-999,-1.96,0.0,0.0,0.0
10.360498428344727,0.009203923997222,-0.050621581984721,-0.0429516453203694,-0.0383496833217584,-0.6227988571453564,-8.093105273542411,0.0107379113300923,-0.1027771513023125,-0.0674954426462947,-0.0567575313162024,-0.6844092385657332,-8.561290244490733,0.0,-583.73,-271.69,-225.96,-637.53,0.0,0.0,0.0,0.0,0.0,31,38,37,37,40,6,-213,-94,-69,-243,12.7,12.7,12.7,12.5,12.5,-999,-999,-1.96,0.0,0.0,0.0
10.378486156463623,0.009203923997222,-0.050621581984721,-0.0429516453203694,-0.0383496833217584,-0.6227988571453564,-8.093105273542411,0.0107379113300923,-0.1027771513023125,-0.0674954426462947,-0.0567575313162024,-0.6844092385657332,-8.561290244490733,0.0,-583.73,-271.69,-228.65,-632.15,0.0,0.0,0.0,0.0,0.0,31,38,37,37,40,6,-213,-94,-69,-243,12.8,12.7,12.6,12.5,12.4,-999,-999,-1.96,0.0,0.0,0.0
10.395436763763428,0.009203923997222,-0.050621581984721,-0.0429516453203694,-0.0383496833217584,-0.6227988571453564,-8.093105273542411,0.0107379113300923,-0.1027771513023125,-0.0674954426462947,-0.0567575313162024,-0.6844092385657332,-8.561290244490733,-2.69,-586.42,-271.69,-225.96,-632.15,0.0,0.0,0.0,0.0,0.0,31,38,37,37,40,6,-213,-94,-69,-243,12.8,12.7,12.6,12.5,12.4,-999,-999,-1.96,0.0,0.0,0.0
10.412446975708008,0.009203923997222,-0.050621581984721,-0.0429516453203694,-0.0383496833217584,-0.6227988571453564,-8.093105273542411,0.0107379113300923,-0.1043111386351828,-0.0674954426462947,-0.0582915186490727,-0.6844092385657332,-8.561290244490733,0.0,-583.73,-271.69,-225.96,-632.15,0.0,0.0,0.0,0.0,0.0,31,38,37,37,40,6,-213,-94,-69,-243,12.7,12.7,12.6,12.5,12.4,-999,-999,-1.96,0.0,0.0,0.0
10.429483175277712,0.0076699366643516,-0.050621581984721,-0.0429516453203694,-0.0383496833217584,-0.6227988571453564,-8.093105273542411,0.0107379113300923,-0.1027771513023125,-0.0690294299791651,-0.055223543983332,-0.6844092385657332,-8.561290244490733,0.0,-605.25,-271.69,-239.41,-632.15,0.0,0.0,0.0,0.0,0.0,31,38,37,37,41,6,-225,-94,-75,-243,12.7,12.7,12.6,12.5,12.4,-999,-999,-1.96,0.0,0.0,0.0
10.44645380973816,0.009203923997222,-0.050621581984721,-0.0429516453203694,-0.0383496833217584,-0.6227988571453564,-8.093105273542411,0.0107379113300923,-0.1027771513023125,-0.0674954426462947,-0.0567575313162024,-0.6844092385657332,-8.561290244490733,0.0,-572.97,-271.69,-231.34,-632.15,0.0,0.0,0.0,0.0,0.0,31,38,37,37,41,6,-213,-94,-69,-243,12.7,12.6,12.6,12.5,12.5,-999,-999,-1.96,0.0,0.0,0.0
10.463428735733032,0.009203923997222,-0.050621581984721,-0.0429516453203694,-0.0383496833217584,-0.6227988571453564,-8.093105273542411,0.0107379113300923,-0.1027771513023125,-0.0674954426462947,-0.0567575313162024,-0.6844092385657332,-8.561290244490733,2.69,-583.73,-271.69,-228.65,-634.84,0.0,0.0,0.0,0.0,0.0,31,38,37,37,41,12,-213,-94,-69,-243,12.8,12.7,12.6,12.4,12.3,-999,-999,-1.96,0.0,0.0,0.0
10.480534791946411,0.009203923997222,-0.050621581984721,-0.0429516453203694,-0.0383496833217584,-0.6227988571453564,-8.093105273542411,0.0107379113300923,-0.1043111386351828,-0.0674954426462947,-0.0567575313162024,-0.6844092385657332,-8.561290244490733,0.0,-586.42,-271.69,-231.34,-640.22,0.0,0.0,0.0,0.0,0.0,31,38,37,37,41,6,-213,-94,-69,-243,12.8,12.8,12.6,12.5,12.4,-999,-999,-1.96,0.0,0.0,0.0
10.49742078781128,0.009203923997222,-0.050621581984721,-0.0429516453203694,-0.0383496833217584,-0.6227988571453564,-8.093105273542411,0.0107379113300923,-0.1043111386351828,-0.0674954426462947,-0.0567575313162024,-0.6844092385657332,-8.561290244490733,0.0,-602.56,-271.69,-228.65,-637.53,0.0,0.0,0.0,0.0,0.0,31,39,37,37,41,6,-219,-94,-69,-243,12.8,12.6,12.6,12.5,12.3,-999,-999,-1.96,0.0,0.0,0.0
10.514469385147095,0.0076699366643516,-0.050621581984721,-0.0429516453203694,-0.0383496833217584,-0.6227988571453564,-8.093105273542411,0.0107379113300923,-0.1027771513023125,-0.0674954426462947,-0.0567575313162024,-0.6844092385657332,-8.561290244490733,0.0,-602.56,-274.38,-228.65,-632.15,0.0,0.0,0.0,0.0,0.0,31,39,37,37,42,6,-219,-94,-69,-243,12.8,12.7,12.6,12.5,12.4,-999,-999,-1.96,0.0,0.0,0.0
10.531477451324463,0.009203923997222,-0.050621581984721,-0.0429516453203694,-0.0383496833217584,-0.6227988571453564,-8.093105273542411,0.0107379113300923,-0.1027771513023125,-0.0674954426462947,-0.0567575313162024,-0.6844092385657332,-8.561290244490733,0.0,-575.66,-271.69,-228.65,-634.84,0.0,0.0,0.0,0.0,0.0,31,39,37,37,41,6,-213,-94,-69,-250,12.7,12.7,12.6,12.5,12.4,-999,-999,-1.96,0.0,0.0,0.0
10.54844617843628,0.009203923997222,-0.050621581984721,-0.0429516453203694,-0.0383496833217584,-0.6227988571453564,-8.093105273542411,0.0107379113300923,-0.1027771513023125,-0.0690294299791651,-0.0582915186490727,-0.6844092385657332,-8.561290244490733,2.69,-586.42,-271.69,-231.34,-634.84,0.0,0.0,0.0,0.0,0.0,31,39,37,36,41,6,-213,-94,-69,-243,12.8,12.7,12.6,12.5,12.3,-999,-999,-1.96,0.0,0.0,0.0
10.565423727035524,0.009203923997222,-0.050621581984721,-0.0429516453203694,-0.0383496833217584,-0.6227988571453564,-8.093105273542411,0.0107379113300923,-0.1027771513023125,-0.0674954426462947,-0.0567575313162024,-0.6844092385657332,-8.561290244490733,5.38,-583.73,-271.69,-244.79,-634.84,0.0,0.0,0.0,0.0,0.0,31,39,37,36,41,6,-213,-94,-75,-243,12.8,12.7,12.6,12.5,12.4,-999,-999,-1.96,0.0,0.0,0.0
10.58245253562927,0.009203923997222,-0.050621581984721,-0.0429516453203694,-0.0383496833217584,-0.6227988571453564,-8.093105273542411,0.0107379113300923,-0.1027771513023125,-0.0674954426462947,-0.0567575313162024,-0.6844092385657332,-8.561290244490733,2.69,-591.8,-271.69,-225.96,-632.15,0.0,0.0,0.0,0.0,0.0,31,39,37,36,41,12,-213,-94,-69,-243,12.8,12.7,12.6,12.5,12.5,-999,-999,-1.96,0.0,0.0,0.0
10.599436759948732,0.009203923997222,-0.0490875946518507,-0.0429516453203694,-0.0383496833217584,-0.6227988571453564,-8.093105273542411,0.0107379113300923,-0.1027771513023125,-0.0674954426462947,-0.0567575313162024,-0.6844092385657332,-8.561290244490733,2.69,-583.73,-271.69,-228.65,-632.15,0.0,0.0,0.0,0.0,0.0,31,39,37,36,40,12,-213,-94,-69,-243,12.8,12.7,12.6,12.5,12.3,-999,-999,-1.96,0.0,0.0,0.0
10.61646056175232,0.009203923997222,-0.050621581984721,-0.0429516453203694,-0.0383496833217584,-0.6227988571453564,-8.093105273542411,0.0122718986629626,-0.1043111386351828,-0.0690294299791651,-0.0567575313162024,-0.6844092385657332,-8.561290244490733,0.0,-583.73,-271.69,-228.65,-634.84,0.0,0.0,0.0,0.0,0.0,31,39,38,36,40,6,-213,-94,-69,-243,12.8,12.7,12.5,12.5,12.5,-999,-999,-1.96,0.0,0.0,0.0
10.633482217788696,0.009203923997222,-0.050621581984721,-0.0429516453203694,-0.0383496833217584,-0.6227988571453564,-8.093105273542411,0.0122718986629626,-0.1027771513023125,-0.0674954426462947,-0.0567575313162024,-0.6844092385657332,-8.561290244490733,24.21,-602.56,-271.69,-228.65,-632.15,0.0,0.0,0.0,0.0,0.0,31,39,38,37,40,12,-219,-94,-69,-243,12.8,12.1,12.6,12.5,12.4,-999,-999,-1.96,0.0,0.0,0.0
10.651435375213623,0.009203923997222,-0.050621581984721,-0.0429516453203694,-0.0383496833217584,-0.6227988571453564,-8.093105273542411,0.0107379113300923,-0.1027771513023125,-0.0674954426462947,-0.0567575313162024,-0.6844092385657332,-8.561290244490733,0.0,-583.73,-271.69,-228.65,-632.15,0.0,0.0,0.0,0.0,0.0,31,39,38,37,40,6,-213,-94,-69,-243,12.8,12.7,12.6,12.5,12.4,-999,-999,-1.96,0.0,0.0,0.0
10.66839861869812,0.0107379113300923,-0.050621581984721,-0.0429516453203694,-0.0383496833217584,-0.6227988571453564,-8.093105273542411,0.0107379113300923,-0.1027771513023125,-0.0674954426462947,-0.0567575313162024,-0.6844092385657332,-8.561290244490733,0.0,-583.73,-271.69,-228.65,-632.15,0.0,0.0,0.0,0.0,0.0,31,39,38,37,40,6,-213,-94,-69,-243,12.8,12.7,12.6,12.5,12.5,-999,-999,-1.96,0.0,0.0,0.0
10.685420274734497,0.009203923997222,-0.050621581984721,-0.0429516453203694,-0.0383496833217584,-0.6212648698124861,-8.080811670411755,0.0122718986629626,-0.1027771513023125,-0.0674954426462947,-0.0567575313162024,-0.6844092385657332,-8.561290244490733,0.0,-583.73,-271.69,-228.65,-637.53,0.0,0.0,0.0,0.0,0.0,31,39,38,37,40,6,-213,-94,-69,-243,12.7,12.7,12.6,12.5,12.3,-999,-999,-1.96,0.0,0.0,0.0
10.702455043792723,0.009203923997222,-0.0490875946518507,-0.0429516453203694,-0.0383496833217584,-0.6227988571453564,-8.093105273542411,0.0122718986629626,-0.1027771513023125,-0.0690294299791651,-0.0582915186490727,-0.6844092385657332,-8.561290244490733,16.14,-583.73,-271.69,-228.65,-632.15,0.0,0.0,0.0,0.0,0.0,31,38,38,37,40,12,-213,-94,-69,-243,12.8,12.7,12.6,12.5,12.4,-999,-999,-1.96,0.0,0.0,0.0
10.719459533691408,0.0107379113300923,-0.050621581984721,-0.0429516453203694,-0.0383496833217584,-0.6227988571453564,-8.093105273542411,0.0107379113300923,-0.1027771513023125,-0.0674954426462947,-0.0567575313162024,-0.6844092385657332,-8.561290244490733,0.0,-586.42,-271.69,-242.1,-634.84,0.0,0.0,0.0,0.0,0.0,31,38,38,37,40,6,-213,-94,-75,-243,12.8,12.7,12.6,12.4,12.5,-999,-999,-1.96,0.0,0.0,0.0
10.736453294754028,0.0107379113300923,-0.050621581984721,-0.0429516453203694,-0.0383496833217584,-0.6227988571453564,-8.093105273542411,0.0107379113300923,-0.1027771513023125,-0.0674954426462947,-0.0567575313162024,-0.6844092385657332,-8.561290244490733,0.0,-583.73,-271.69,-234.03,-632.15,0.0,0.0,0.0,0.0,0.0,31,38,38,37,40,0,-213,-94,-69,-243,12.8,12.7,12.6,12.5,12.4,-999,-999,-1.96,0.0,0.0,0.0
10.753408908843994,0.009203923997222,-0.050621581984721,-0.0429516453203694,-0.0383496833217584,-0.6227988571453564,-8.093105273542411,0.0107379113300923,-0.1027771513023125,-0.0674954426462947,-0.0567575313162024,-0.6844092385657332,-8.561290244490733,0.0,-583.73,-271.69,-228.65,-634.84,0.0,0.0,0.0,0.0,0.0,31,37,38,37,40,0,-213,-94,-69,-243,12.8,12.8,12.6,12.5,12.3,-999,-999,-1.96,0.0,0.0,0.0
10.770411729812624,0.009203923997222,-0.050621581984721,-0.0429516453203694,-0.0383496833217584,-0.6227988571453564,-8.093105273542411,0.0122718986629626,-0.1027771513023125,-0.0674954426462947,-0.0567575313162024,-0.6844092385657332,-8.561290244490733,0.0,-583.73,-271.69,-228.65,-634.84,0.0,0.0,0.0,0.0,0.0,31,38,38,37,41,0,-213,-94,-69,-243,12.8,12.8,12.6,12.5,12.4,-999,-999,-1.96,0.0,0.0,0.0
10.787398338317871,0.0107379113300923,-0.050621581984721,-0.0429516453203694,-0.0383496833217584,-0.6227988571453564,-8.093105273542411,0.0122718986629626,-0.1027771513023125,-0.0674954426462947,-0.0567575313162024,-0.6844092385657332,-8.561290244490733,-2.69,-586.42,-271.69,-225.96,-632.15,0.0,0.0,0.0,0.0,0.0,31,38,38,37,41,6,-213,-94,-69,-243,12.8,12.7,12.6,12.5,12.3,-999,-999,-1.96,0.0,0.0,0.0
10.804378032684328,0.009203923997222,-0.050621581984721,-0.0429516453203694,-0.0383496833217584,-0.6227988571453564,-8.093105273542411,0.0107379113300923,-0.1027771513023125,-0.0674954426462947,-0.0567575313162024,-0.6844092385657332,-8.561290244490733,0.0,-583.73,-271.69,-228.65,-634.84,0.0,0.0,0.0,0.0,0.0,31,38,38,37,41,0,-213,-94,-69,-243,12.8,12.7,12.7,12.4,12.4,-999,-999,-1.96,0.0,0.0,0.0
10.821377277374268,0.009203923997222,-0.050621581984721,-0.0429516453203694,-0.0383496833217584,-0.6227988571453564,-8.093105273542411,0.0122718986629626,-0.1027771513023125,-0.0674954426462947,-0.0567575313162024,-0.6844092385657332,-8.561290244490733,0.0,-583.73,-271.69,-228.65,-637.53,0.0,0.0,0.0,0.0,0.0,31,38,38,37,41,0,-213,-94,-69,-243,12.8,12.7,12.6,12.5,12.3,-999,-999,-1.96,0.0,0.0,0.0
10.838419437408447,0.0107379113300923,-0.050621581984721,-0.0429516453203694,-0.0383496833217584,-0.6227988571453564,-8.093105273542411,0.0122718986629626,-0.1027771513023125,-0.0674954426462947,-0.0567575313162024,-0.6844092385657332,-8.561290244490733,2.69,-583.73,-271.69,-231.34,-632.15,0.0,0.0,0.0,0.0,0.0,31,39,38,37,41,6,-213,-94,-69,-243,12.8,12.7,12.6,12.5,12.4,-999,-999,-1.96,0.0,0.0,0.0
10.855404138565063,0.009203923997222,-0.050621581984721,-0.0429516453203694,-0.0383496833217584,-0.6227988571453564,-8.093105273542411,0.0122718986629626,-0.1027771513023125,-0.0674954426462947,-0.0567575313162024,-0.6844092385657332,-8.561290244490733,0.0,-586.42,-271.69,-225.96,-632.15,0.0,0.0,0.0,0.0,0.0,31,39,38,38,41,6,-213,-94,-69,-243,12.7,12.6,12.6,12.5,12.4,-999,-999,-1.96,0.0,0.0,0.0
10.872381687164307,0.0107379113300923,-0.050621581984721,-0.0429516453203694,-0.0383496833217584,-0.6227988571453564,-8.093105273542411,0.0122718986629626,-0.1027771513023125,-0.0674954426462947,-0.0567575313162024,-0.6844092385657332,-8.561290244490733,0.0,-583.73,-271.69,-228.65,-632.15,0.0,0.0,0.0,0.0,0.0,31,39,38,37,41,6,-213,-94,-69,-243,12.8,12.7,12.6,12.6,12.5,-999,-999,-1.96,0.0,0.0,0.0
10.889425277709961,0.0107379113300923,-0.050621581984721,-0.0429516453203694,-0.0383496833217584,-0.6227988571453564,-8.093105273542411,0.0122718986629626,-0.1027771513023125,-0.0674954426462947,-0.0567575313162024,-0.6844092385657332,-8.561290244490733,0.0,-583.73,-271.69,-228.65,-632.15,0.0,0.0,0.0,0.0,0.0,31,39,38,37,40,0,-213,-94,-69,-243,12.8,12.7,12.6,12.5,12.5,-999,-999,-1.96,0.0,0.0,0.0
10.906421661376953,0.0107379113300923,-0.050621581984721,-0.0429516453203694,-0.0383496833217584,-0.6227988571453564,-8.093105273542411,0.0122718986629626,-0.1027771513023125,-0.0674954426462947,-0.0567575313162024,-0.6844092385657332,-8.561290244490733,24.21,-583.73,-271.69,-228.65,-632.15,0.0,0.0,0.0,0.0,0.0,31,39,38,37,40,6,-213,-94,-69,-243,12.8,12.7,12.6,12.6,12.4,-999,-999,-1.96,0.0,0.0,0.0
10.923425436019897,0.009203923997222,-0.050621581984721,-0.0429516453203694,-0.0383496833217584,-0.6227988571453564,-8.093105273542411,0.0107379113300923,-0.1027771513023125,-0.0674954426462947,-0.0567575313162024,-0.6844092385657332,-8.561290244490733,8.07,-589.11,-271.69,-228.65,-634.84,0.0,0.0,0.0,0.0,0.0,31,39,37,37,40,12,-219,-94,-69,-243,12.8,12.7,12.6,12.5,12.5,-999,-999,-1.96,0.0,0.0,0.0
10.940414667129515,0.009203923997222,-0.050621581984721,-0.0429516453203694,-0.0383496833217584,-0.6227988571453564,-8.093105273542411,0.0122718986629626,-0.1027771513023125,-0.0674954426462947,-0.0567575313162024,-0.6844092385657332,-8.561290244490733,0.0,-583.73,-271.69,-228.65,-634.84,0.0,0.0,0.0,0.0,0.0,31,38,37,37,40,0,-213,-94,-69,-243,12.7,12.7,12.7,12.5,12.5,-999,-999,-1.96,0.0,0.0,0.0
10.95742154121399,0.0107379113300923,-0.050621581984721,-0.0429516453203694,-0.0383496833217584,-0.6227988571453564,-8.093105273542411,0.0122718986629626,-0.1027771513023125,-0.0674954426462947,-0.055223543983332,-0.6844092385657332,-8.561290244490733,0.0,-586.42,-271.69,-228.65,-632.15,0.0,0.0,0.0,0.0,0.0,31,38,37,37,40,6,-213,-94,-69,-243,12.7,12.7,12.6,12.5,12.5,-999,-999,-1.96,0.0,0.0,0.0
10.97439455986023,0.0107379113300923,-0.0490875946518507,-0.0429516453203694,-0.0383496833217584,-0.6227988571453564,-8.093105273542411,0.0122718986629626,-0.1043111386351828,-0.0674954426462947,-0.0521555693175914,-0.6844092385657332,-8.561290244490733,-5.38,-583.73,-271.69,-207.13,-634.84,0.0,0.0,0.0,0.0,0.0,31,38,37,37,41,6,-213,-94,-63,-243,12.7,12.7,12.6,12.5,12.5,-999,-999,-1.96,0.0,0.0,0.0
10.991426944732668,0.0107379113300923,-0.050621581984721,-0.0429516453203694,-0.0383496833217584,-0.6227988571453564,-8.093105273542411,0.0122718986629626,-0.1027771513023125,-0.0659614553134244,-0.050621581984721,-0.6844092385657332,-8.561290244490733,0.0,-602.56,-271.69,-185.61,-640.22,0.0,0.0,0.0,0.0,0.0,31,38,37,37,40,6,-219,-94,-57,-243,12.8,12.7,12.7,12.5,12.4,-999,-999,-1.96,0.0,0.0,0.0
11.008389949798584,0.0107379113300923,-0.050621581984721,-0.0429516453203694,-0.0383496833217584,-0.6227988571453564,-8.093105273542411,0.0122718986629626,-0.1027771513023125,-0.0659614553134244,-0.050621581984721,-0.6844092385657332,-8.561290244490733,0.0,-578.35,-258.24,-145.26,-634.84,0.0,0.0,0.0,0.0,0.0,31,38,37,37,41,6,-213,-88,-44,-243,12.8,12.7,12.7,12.5,12.4,-999,-999,-1.96,0.0,0.0,0.0
11.025410890579224,0.0107379113300923,-0.050621581984721,-0.0429516453203694,-0.0383496833217584,-0.6227988571453564,-8.093105273542411,0.0122718986629626,-0.1027771513023125,-0.0659614553134244,-0.0490875946518507,-0.6844092385657332,-8.561290244490733,0.0,-583.73,-255.55,-145.26,-637.53,0.0,0.0,0.0,0.0,0.0,31,38,37,37,41,6,-213,-88,-44,-243,12.8,12.8,12.6,12.5,12.5,-999,-999,-1.96,0.0,0.0,0.0
11.042446851730347,0.0107379113300923,-0.050621581984721,-0.0429516453203694,-0.0383496833217584,-0.6227988571453564,-8.093105273542411,0.0122718986629626,-0.1027771513023125,-0.0659614553134244,-0.0475536073189804,-0.6844092385657332,-8.561290244490733,2.69,-586.42,-255.55,-131.81,-634.84,0.0,0.0,0.0,0.0,0.0,31,38,38,37,41,12,-213,-88,-38,-243,12.8,12.7,12.6,12.4,12.5,-999,-999,-1.96,0.0,0.0,0.0
11.059405088424683,0.0107379113300923,-0.050621581984721,-0.0429516453203694,-0.0383496833217584,-0.6227988571453564,-8.093105273542411,0.0122718986629626,-0.1027771513023125,-0.0659614553134244,-0.0475536073189804,-0.6844092385657332,-8.561290244490733,0.0,-583.73,-252.86,-131.81,-634.84,0.0,0.0,0.0,0.0,0.0,31,38,38,37,41,6,-213,-88,-38,-243,12.8,12.7,12.6,12.5,12.4,-999,-999,-1.96,0.0,0.0,0.0
11.076432704925537,0.0107379113300923,-0.050621581984721,-0.0429516453203694,-0.0383496833217584,-0.6227988571453564,-8.093105273542411,0.0122718986629626,-0.1027771513023125,-0.0644274679805541,-0.0429516453203694,-0.6844092385657332,-8.561290244490733,0.0,-583.73,-255.55,-131.81,-640.22,0.0,0.0,0.0,0.0,0.0,31,38,38,37,41,6,-213,-88,-38,-243,12.8,12.9,12.6,12.5,12.4,-999,-999,-1.96,0.0,0.0,0.0
11.093424558639528,0.0107379113300923,-0.0490875946518507,-0.0429516453203694,-0.0383496833217584,-0.6227988571453564,-8.093105273542411,0.0122718986629626,-0.1027771513023125,-0.0644274679805541,-0.0398836706546287,-0.6844092385657332,-8.561290244490733,0.0,-583.73,-242.1,-78.01,-634.84,0.0,0.0,0.0,0.0,0.0,31,38,38,37,41,6,-213,-82,-25,-243,12.8,12.7,12.6,12.5,12.5,-999,-999,-1.96,0.0,0.0,0.0
11.110389471054077,0.0107379113300923,-0.050621581984721,-0.0429516453203694,-0.0383496833217584,-0.6227988571453564,-8.093105273542411,0.0122718986629626,-0.1027771513023125,-0.0644274679805541,-0.0398836706546287,-0.6844092385657332,-8.561290244490733,0.0,-583.73,-239.41,-43.04,-634.84,0.0,0.0,0.0,0.0,0.0,31,38,38,37,41,6,-213,-82,-13,-243,12.8,12.7,12.7,12.6,12.5,-999,-999,-1.96,0.0,0.0,0.0
11.128171682357788,0.0107379113300923,-0.050621581984721,-0.0429516453203694,-0.036815695988888,-0.6227988571453564,-8.093105273542411,0.0122718986629626,-0.1027771513023125,-0.0644274679805541,-0.036815695988888,-0.6844092385657332,-8.561290244490733,0.0,-594.49,-239.41,-64.56,-634.84,0.0,0.0,0.0,0.0,0.0,31,38,38,37,41,6,-213,-82,-7,-243,12.8,12.7,12.7,12.6,12.5,-999,-999,-1.96,0.0,0.0,0.0
11.145434617996216,0.0107379113300923,-0.050621581984721,-0.0429516453203694,-0.0337477213231473,-0.6227988571453564,-8.093105273542411,0.0122718986629626,-0.1027771513023125,-0.0644274679805541,-0.0245437973259253,-0.6844092385657332,-8.561290244490733,2.69,-583.73,-239.41,-67.25,-634.84,0.0,0.0,0.0,0.023980823922402,0.0,31,38,38,37,41,6,-213,-82,-7,-243,12.8,12.4,12.7,12.6,12.5,-999,-999,-1.96,0.0,0.0,0.0
11.162446022033691,0.0107379113300923,-0.050621581984721,-0.0429516453203694,-0.0306797466574067,-0.6227988571453564,-8.093105273542411,0.0122718986629626,-0.1027771513023125,-0.0644274679805541,-0.018407847994444,-0.6844092385657332,-8.561290244490733,0.0,-586.42,-239.41,-83.39,-640.22,0.0,0.0,0.0,0.0719424717672062,0.0,31,39,38,37,41,6,-213,-82,12,-243,12.8,12.7,12.7,12.5,12.4,-999,-999,-1.96,0.0,0.0,0.0
11.179429054260254,0.0107379113300923,-0.050621581984721,-0.0429516453203694,-0.0260777846587957,-0.6227988571453564,-8.093105273542411,0.0122718986629626,-0.1027771513023125,-0.0644274679805541,-0.0107379113300923,-0.6844092385657332,-8.561290244490733,0.0,-586.42,-239.41,-69.94,-634.84,0.0,0.0,0.0,0.1199041196120104,0.0,31,39,38,37,41,6,-213,-82,36,-243,12.8,12.7,12.7,12.5,12.5,-999,-999,-1.96,0.0,0.0,0.0
11.196425676345825,0.0107379113300923,-0.050621581984721,-0.0429516453203694,-0.0214758226601847,-0.6227988571453564,-8.093105273542411,0.0122718986629626,-0.1027771513023125,-0.0644274679805541,-0.0030679746657406,-0.6844092385657332,-8.561290244490733,0.0,-583.73,-239.41,-75.32,-637.53,0.0,0.0,0.0,0.1678657674568146,0.0,31,39,37,37,39,6,-213,-82,43,-243,12.8,12.8,12.7,12.5,12.4,-999,-999,-1.96,0.0,0.0,0.0
11.213454246520996,0.0107379113300923,-0.050621581984721,-0.0429516453203694,-0.013805885995833,-0.6227988571453564,-8.093105273542411,0.0122718986629626,-0.1027771513023125,-0.0644274679805541,0.0061359493314813,-0.6844092385657332,-8.561290244490733,0.0,-586.42,-239.41,-102.22,-634.84,0.0,0.0,0.0,0.2158274153016187,0.0,31,39,37,37,40,6,-213,-82,18,-243,12.8,12.7,12.7,12.5,12.5,-999,-999,-1.96,0.0,0.0,0.0
11.230454921722412,0.0107379113300923,-0.050621581984721,-0.0429516453203694,-0.0076699366643516,-0.6227988571453564,-8.093105273542411,0.0122718986629626,-0.1027771513023125,-0.0644274679805541,0.0153398733287033,-0.6844092385657332,-8.561290244490733,0.0,-589.11,-239.41,-110.29,-637.53,0.0,0.0,0.0,0.287769887068825,0.0,31,38,37,37,40,6,-213,-82,31,-243,12.8,12.7,12.7,12.6,12.4,-999,-999,-1.96,0.0,0.0,0.0
11.247427225112915,0.0107379113300923,-0.050621581984721,-0.0429516453203694,0.0,-0.6227988571453564,-8.093105273542411,0.0122718986629626,-0.1027771513023125,-0.0644274679805541,0.0245437973259253,-0.6844092385657332,-8.561290244490733,0.0,-586.42,-239.41,-99.53,-634.84,0.0,0.0,0.0,0.3117507109912271,0.0,31,39,37,37,40,6,-213,-82,37,-243,12.8,12.7,12.6,12.5,12.5,-999,-999,-1.96,0.0,0.0,0.0
11.264428138732912,0.009203923997222,-0.050621581984721,-0.0429516453203694,0.0076699366643516,-0.6212648698124861,-8.080811670411755,0.0122718986629626,-0.1027771513023125,-0.0644274679805541,0.0337477213231473,-0.6844092385657332,-8.561290244490733,0.0,-586.42,-239.41,-118.36,-637.53,0.0,0.0,0.0,0.3597123588360313,0.0,31,39,37,37,40,6,-213,-82,31,-243,12.8,12.6,12.7,12.6,12.5,-999,-999,-1.96,0.0,0.0,0.0
11.281433582305908,0.0107379113300923,-0.050621581984721,-0.0429516453203694,0.0153398733287033,-0.6227988571453564,-8.093105273542411,0.0122718986629626,-0.1027771513023125,-0.0659614553134244,0.0444856326532397,-0.6844092385657332,-8.561290244490733,0.0,-583.73,-239.41,-94.15,-640.22,0.0,0.0,0.0,0.3836931827584334,0.0,31,38,37,37,40,6,-213,-82,61,-250,12.8,12.7,12.7,12.5,12.5,-999,-999,-1.96,0.0,0.0,0.0
11.298466920852661,0.0107379113300923,-0.050621581984721,-0.0429516453203694,0.023009809993055,-0.6227988571453564,-8.093105273542411,0.0122718986629626,-0.1027771513023125,-0.0659614553134244,0.0536895566504617,-0.6844092385657332,-8.561290244490733,0.0,-583.73,-255.55,-104.91,-634.84,0.0,0.0,0.0,0.4316548306032375,0.0,31,39,37,37,41,6,-213,-88,37,-243,12.8,12.7,12.7,12.5,12.5,-999,-999,-1.96,0.0,0.0,0.0
11.315450429916382,0.0107379113300923,-0.050621581984721,-0.0429516453203694,0.032213733990277,-0.6227988571453564,-8.093105273542411,0.0122718986629626,-0.1027771513023125,-0.0659614553134244,0.0628934806476837,-0.6844092385657332,-8.561290244490733,0.0,-589.11,-255.55,-115.67,-634.84,0.0,0.0,0.0,0.4316548306032375,0.0,31,39,37,37,41,6,-219,-88,37,-243,12.8,12.7,12.7,12.6,12.5,-999,-999,-1.96,0.0,0.0,0.0
11.332398891448975,0.0107379113300923,-0.050621581984721,-0.0429516453203694,0.0398836706546287,-0.6227988571453564,-8.093105273542411,0.0122718986629626,-0.1027771513023125,-0.0659614553134244,0.0628934806476837,-0.6844092385657332,-8.561290244490733,0.0,-586.42,-255.55,-123.74,-634.84,0.0,0.0,0.0,0.4556356545256396,0.0,31,39,37,37,40,6,-213,-88,37,-243,12.7,12.7,12.7,12.5,12.4,-999,-999,-1.96,0.0,0.0,0.0
11.349355459213255,0.0107379113300923,-0.050621581984721,-0.0429516453203694,0.0475536073189804,-0.6227988571453564,-8.093105273542411,0.0122718986629626,-0.1027771513023125,-0.0659614553134244,0.0813013286421278,-0.6844092385657332,-8.561290244490733,0.0,-586.42,-255.55,-126.43,-637.53,0.0,0.0,0.0,0.4556356545256396,0.0,31,39,38,37,40,6,-213,-88,37,-243,12.8,12.2,12.7,12.6,12.4,-999,-999,-1.96,0.0,0.0,0.0
11.366410493850708,0.0107379113300923,-0.050621581984721,-0.0429516453203694,0.0582915186490727,-0.6227988571453564,-8.093105273542411,0.0122718986629626,-0.1027771513023125,-0.0659614553134244,0.0905052526393498,-0.6844092385657332,-8.561290244490733,0.0,-586.42,-252.86,-121.05,-637.53,0.0,0.0,0.0,0.4556356545256396,0.0,31,39,38,37,40,6,-213,-88,37,-243,12.8,12.7,12.7,12.5,12.4,-999,-999,-1.96,0.0,0.0,0.0
11.383317470550537,0.0107379113300923,-0.050621581984721,-0.0429516453203694,0.0659614553134244,-0.6227988571453564,-8.093105273542411,0.0122718986629626,-0.1027771513023125,-0.0659614553134244,0.0997091766365718,-0.6844092385657332,-8.561290244490733,0.0,-591.8,-255.55,-102.22,-634.84,0.0,0.0,0.0,0.4556356545256396,0.0,31,39,38,37,40,6,-213,-88,61,-243,12.8,12.7,12.8,12.5,12.5,-999,-999,-1.96,0.0,0.0,0.0
11.400386095046997,0.0107379113300923,-0.050621581984721,-0.0429516453203694,0.0736313919777761,-0.6227988571453564,-8.093105273542411,0.0107379113300923,-0.1027771513023125,-0.0644274679805541,0.1073791133009235,-0.6844092385657332,-8.561290244490733,0.0,-583.73,-255.55,-115.67,-637.53,0.0,0.0,0.0,0.4556356545256396,0.0,31,39,38,37,40,6,-213,-88,37,-243,12.8,12.2,12.7,12.5,12.5,-999,-999,-1.96,0.0,0.0,0.0
11.417346239089966,0.0107379113300923,-0.050621581984721,-0.0429516453203694,0.0813013286421278,-0.6227988571453564,-8.093105273542411,0.0107379113300923,-0.1027771513023125,-0.0659614553134244,0.1165830372981455,-0.6844092385657332,-8.561290244490733,0.0,-591.8,-242.1,-112.98,-634.84,0.0,0.0,0.0,0.4556356545256396,0.0,31,39,38,37,41,0,-219,-82,37,-243,12.8,12.7,12.7,12.5,12.5,-999,-999,-1.96,0.0,0.0,0.0
11.434335947036743,0.0107379113300923,-0.050621581984721,-0.0429516453203694,0.0905052526393498,-0.6227988571453564,-8.093105273542411,0.0107379113300923,-0.1027771513023125,-0.0659614553134244,0.1165830372981455,-0.6844092385657332,-8.561290244490733,0.0,-583.73,-255.55,-118.36,-637.53,0.0,0.0,0.0,0.4556356545256396,0.0,31,39,38,36,41,0,-213,-88,37,-243,12.8,12.7,12.7,12.5,12.5,-999,-999,-1.96,0.0,0.0,0.0
11.451321363449095,0.0107379113300923,-0.050621581984721,-0.0429516453203694,0.0981751893037015,-0.6227988571453564,-8.093105273542411,0.009203923997222,-0.1027771513023125,-0.0659614553134244,0.1319229106268489,-0.6844092385657332,-8.561290244490733,0.0,-589.11,-255.55,-131.81,-634.84,0.0,0.0,0.0,0.4556356545256396,0.0,31,39,38,36,41,0,-213,-88,37,-243,12.8,12.7,12.7,12.5,12.4,-999,-999,-1.96,0.0,0.0,0.0
11.468345403671263,0.0107379113300923,-0.050621581984721,-0.0429516453203694,0.1058451259680531,-0.6227988571453564,-8.093105273542411,0.009203923997222,-0.1027771513023125,-0.0659614553134244,0.1319229106268489,-0.6844092385657332,-8.561290244490733,0.0,-583.73,-255.55,-107.6,-642.91,0.0,0.0,0.0,0.4556356545256396,0.0,31,39,38,36,41,-7,-213,-88,37,-243,12.8,12.7,12.7,12.5,12.4,-999,-999,-1.96,0.0,0.0,0.0
11.485418796539307,0.0107379113300923,-0.050621581984721,-0.0429516453203694,0.1150490499652752,-0.6227988571453564,-8.093105273542411,0.0076699366643516,-0.1027771513023125,-0.0659614553134244,0.1472627839555522,-0.6844092385657332,-8.561290244490733,0.0,-589.11,-242.1,-123.74,-634.84,0.0,0.0,0.0,0.4556356545256396,0.0,31,38,38,36,41,-7,-219,-82,37,-243,12.8,12.7,12.6,12.5,12.4,-999,-999,-1.96,0.0,0.0,0.0
11.502371311187744,0.0107379113300923,-0.050621581984721,-0.0429516453203694,0.1227189866296268,-0.6227988571453564,-8.093105273542411,0.0076699366643516,-0.1027771513023125,-0.0659614553134244,0.1549327206199039,-0.6844092385657332,-8.561290244490733,37.66,-583.73,-252.86,-107.6,-634.84,0.0,0.0,0.0,0.4556356545256396,0.0,31,38,38,36,40,-13,-213,-88,43,-243,12.8,12.9,12.6,12.5,12.3,-999,-999,-1.96,0.0,0.0,0.0
11.520224571228027,0.0107379113300923,-0.050621581984721,-0.0429516453203694,0.1303889232939785,-0.6227988571453564,-8.093105273542411,0.0076699366643516,-0.1012431639694421,-0.0659614553134244,0.1626026572842556,-0.6844092385657332,-8.561290244490733,24.21,-586.42,-252.86,-115.67,-634.84,0.0,0.0,0.0,0.4556356545256396,0.0,32,39,38,36,41,-13,-213,-88,37,-243,12.8,12.7,12.7,12.5,12.5,-999,-999,-1.96,0.0,0.0,0.0
11.540367126464844,0.0107379113300923,-0.050621581984721,-0.0429516453203694,0.1411268346240709,-0.6227988571453564,-8.093105273542411,0.0076699366643516,-0.1012431639694421,-0.0659614553134244,0.1718065812814776,-0.6844092385657332,-8.561290244490733,21.52,-570.28,-255.55,-115.67,-634.84,0.0,0.0,0.0,0.4556356545256396,0.0,32,39,37,36,40,-13,-207,-88,37,-243,12.8,12.7,12.7,12.5,12.4,-999,-999,-1.96,0.0,0.0,0.0
11.557386875152588,0.0107379113300923,-0.050621581984721,-0.0429516453203694,0.1487967712884225,-0.6227988571453564,-8.093105273542411,0.009203923997222,-0.0997091766365718,-0.0659614553134244,0.1810105052786996,-0.6844092385657332,-8.561290244490733,16.14,-567.59,-255.55,-110.29,-634.84,0.0,0.0,0.0,0.4556356545256396,0.0,32,39,37,36,41,-7,-213,-88,37,-243,12.8,12.7,12.7,12.5,12.5,-999,-999,-1.96,0.0,0.0,0.0
11.574374914169312,0.009203923997222,-0.0490875946518507,-0.0429516453203694,0.1564667079527743,-0.6227988571453564,-8.093105273542411,0.0076699366643516,-0.0981751893037015,-0.0659614553134244,0.191748416608792,-0.6844092385657332,-8.561290244490733,8.07,-540.6899999999999,-255.55,-126.43,-634.84,0.0,0.0,0.0,0.4556356545256396,0.0,32,39,37,36,41,0,-200,-88,37,-243,12.8,12.7,12.7,12.5,12.5,-999,-999,-1.96,0.0,0.0,0.0
11.591334342956543,0.009203923997222,-0.050621581984721,-0.0429516453203694,0.1656706319499963,-0.6227988571453564,-8.093105273542411,0.0076699366643516,-0.0981751893037015,-0.0659614553134244,0.191748416608792,-0.6844092385657332,-8.561290244490733,-21.52,-535.31,-255.55,-110.29,-634.84,0.0,0.0,0.0,0.4556356545256396,0.0,32,39,37,36,41,-7,-200,-88,61,-243,12.8,12.7,12.7,12.5,12.5,-999,-999,-1.96,0.0,0.0,0.0
11.608376502990723,0.009203923997222,-0.0490875946518507,-0.0429516453203694,0.1748745559472183,-0.6227988571453564,-8.093105273542411,0.009203923997222,-0.0951072146379608,-0.0659614553134244,0.210156264603236,-0.6844092385657332,-8.561290244490733,-5.38,-511.1,-255.55,-123.74,-637.53,0.0,0.0,0.0,0.4556356545256396,0.0,32,39,37,36,41,-7,-188,-88,37,-243,12.8,12.5,12.6,12.5,12.4,-999,-999,-1.96,0.0,0.0,0.0
11.625400304794312,0.009203923997222,-0.0490875946518507,-0.0429516453203694,0.18254449261157,-0.6227988571453564,-8.093105273542411,0.0076699366643516,-0.0935732273050904,-0.0644274679805541,0.219360188600458,-0.6844092385657332,-8.561290244490733,0.0,-489.58,-255.55,-129.12,-642.91,0.0,0.0,0.0,0.4796164784480417,0.0,32,39,37,36,40,0,-182,-88,37,-243,12.8,12.7,12.7,12.5,12.5,-999,-999,-1.96,0.0,0.0,0.0
11.642411947250368,0.009203923997222,-0.050621581984721,-0.0429516453203694,0.1902144292759216,-0.6227988571453564,-8.093105273542411,0.0076699366643516,-0.0920392399722201,-0.0644274679805541,0.22856411259768,-0.6844092385657332,-8.561290244490733,-5.38,-457.3,-242.1,-142.57,-642.91,0.0,0.0,0.0,0.4796164784480417,0.0,32,39,37,36,41,-7,-175,-82,12,-243,12.8,12.7,12.7,12.6,12.5,-999,-999,-1.96,0.0,0.0,0.0
11.659451723098755,0.009203923997222,-0.050621581984721,-0.0429516453203694,0.1978843659402733,-0.6227988571453564,-8.093105273542411,0.0076699366643516,-0.0905052526393498,-0.0659614553134244,0.2377680365949021,-0.6844092385657332,-8.561290244490733,0.0,-465.37,-239.41,-131.81,-640.22,0.0,0.0,0.0,0.4796164784480417,0.0,32,39,37,36,40,-7,-169,-82,37,-243,12.7,12.6,12.7,12.6,12.5,-999,-999,-1.96,0.0,0.0,0.0
11.676332712173462,0.009203923997222,-0.050621581984721,-0.0429516453203694,0.205554302604625,-0.6227988571453564,-8.093105273542411,0.0076699366643516,-0.0905052526393498,-0.0659614553134244,0.2377680365949021,-0.6844092385657332,-8.561290244490733,0.0,-446.54,-255.55,-107.6,-637.53,0.0,0.0,0.0,0.4556356545256396,0.0,32,39,37,36,40,-7,-163,-88,37,-243,12.8,12.7,12.7,12.6,12.5,-999,-999,-1.96,0.0,0.0,0.0
11.693442821502686,0.009203923997222,-0.050621581984721,-0.0429516453203694,0.2132242392689767,-0.6227988571453564,-8.093105273542411,0.0076699366643516,-0.0905052526393498,-0.0659614553134244,0.2485059479249944,-0.6844092385657332,-8.561290244490733,-2.69,-449.23,-255.55,-118.36,-637.53,0.0,0.0,0.0,0.4556356545256396,0.0,32,39,37,36,41,-7,-163,-88,37,-250,12.8,12.7,12.7,12.5,12.4,-999,-999,-1.96,0.0,0.0,0.0
11.710346937179565,0.0076699366643516,-0.050621581984721,-0.0429516453203694,0.2224281632661987,-0.6227988571453564,-8.093105273542411,0.0076699366643516,-0.0874372779736091,-0.0659614553134244,0.2684477832523088,-0.6844092385657332,-8.561290244490733,-2.69,-416.95,-255.55,-115.67,-637.53,0.0,0.0,0.0,0.4556356545256396,0.0,32,39,37,36,41,0,-157,-88,43,-250,12.8,12.7,12.7,12.6,12.5,-999,-999,-1.96,0.0,0.0,0.0
11.727373600006104,0.009203923997222,-0.050621581984721,-0.0429516453203694,0.2300980999305504,-0.6227988571453564,-8.093105273542411,0.0076699366643516,-0.0859032906407388,-0.0659614553134244,0.2807196819152714,-0.6844092385657332,-8.561290244490733,-5.38,-400.81,-255.55,-104.91,-637.53,0.0,0.0,0.0,0.4556356545256396,0.0,32,38,38,36,40,0,-144,-88,43,-243,12.8,12.7,12.7,12.6,12.5,-999,-999,-1.96,0.0,0.0,0.0
11.744395732879639,0.0076699366643516,-0.050621581984721,-0.0429516453203694,0.2393020239277724,-0.6212648698124861,-8.080811670411755,0.0076699366643516,-0.0843693033078684,-0.0659614553134244,0.2914575932453638,-0.6844092385657332,-8.561290244490733,-5.38,-395.43,-255.55,-107.6,-640.22,0.0,0.0,0.0,0.4556356545256396,0.0,32,38,38,36,41,0,-144,-88,43,-243,12.8,12.8,12.9,12.6,12.5,-999,-999,-1.96,0.0,0.0,0.0
11.761391401290894,0.0076699366643516,-0.050621581984721,-0.0429516453203694,0.2485059479249944,-0.6212648698124861,-8.080811670411755,0.0076699366643516,-0.0843693033078684,-0.0659614553134244,0.3037294919083265,-0.6844092385657332,-8.561290244490733,-8.07,-381.98,-258.24,-112.98,-637.53,0.0,0.0,0.0,0.4556356545256396,0.0,32,39,38,38,41,0,-144,-88,37,-243,12.8,12.8,12.7,12.6,12.5,-999,-999,-1.96,0.0,0.0,0.0
11.778381586074829,0.0076699366643516,-0.050621581984721,-0.0429516453203694,0.2577098719222164,-0.6227988571453564,-8.093105273542411,0.0076699366643516,-0.0813013286421278,-0.0659614553134244,0.3144674032384189,-0.6844092385657332,-8.561290244490733,-5.38,-387.36,-255.55,-118.36,-637.53,0.0,0.0,0.0,0.4796164784480417,0.0,32,39,38,37,41,0,-144,-88,37,-243,12.8,12.7,12.7,12.6,12.5,-999,-999,-1.96,0.0,0.0,0.0
11.795360803604128,0.0076699366643516,-0.050621581984721,-0.0429516453203694,0.2653798085865681,-0.6227988571453564,-8.093105273542411,0.0076699366643516,-0.0813013286421278,-0.0659614553134244,0.3267393019013815,-0.6844092385657332,-8.561290244490733,-5.38,-322.8,-255.55,-118.36,-637.53,0.0,0.0,0.0,0.4796164784480417,0.0,32,39,38,37,41,-7,-125,-88,37,-243,12.8,12.7,12.7,12.6,12.5,-999,-999,-1.96,0.0,0.0,0.0
11.81237268447876,0.0076699366643516,-0.050621581984721,-0.0429516453203694,0.2730497452509198,-0.6227988571453564,-8.093105273542411,0.0076699366643516,-0.0797673413092574,-0.0659614553134244,0.3374772132314739,-0.6844092385657332,-8.561290244490733,-5.38,-336.25,-255.55,-115.67,-640.22,0.0,0.0,0.0,0.4796164784480417,0.0,32,39,38,37,41,0,-119,-88,37,-243,12.8,12.8,12.7,12.6,12.5,-999,-999,-1.96,0.0,0.0,0.0
11.82938289642334,0.0076699366643516,-0.050621581984721,-0.0429516453203694,0.2807196819152714,-0.6227988571453564,-8.093105273542411,0.0061359493314813,-0.0782333539763871,-0.0659614553134244,0.3482151245615663,-0.6844092385657332,-8.561290244490733,-5.38,-328.18,-255.55,-118.36,-640.22,0.0,0.0,0.0,0.4796164784480417,0.0,32,38,38,37,41,0,-125,-88,37,-243,12.8,12.8,12.7,12.5,12.4,-999,-999,-1.96,0.0,0.0,0.0
11.846335649490355,0.0076699366643516,-0.050621581984721,-0.0429516453203694,0.2899236059124935,-0.6227988571453564,-8.093105273542411,0.0076699366643516,-0.0766993666435168,-0.0659614553134244,0.3604870232245289,-0.6844092385657332,-8.561290244490733,0.0,-314.73,-255.55,-112.98,-640.22,0.0,0.0,0.0,0.4796164784480417,0.0,32,38,38,37,41,-7,-113,-88,43,-243,12.8,12.8,12.7,12.5,12.5,-999,-999,-1.96,0.0,0.0,0.0
11.863419055938719,0.0076699366643516,-0.0490875946518507,-0.0429516453203694,0.2975935425768451,-0.6227988571453564,-8.093105273542411,0.0076699366643516,-0.0751653793106464,-0.0659614553134244,0.3727589218874916,-0.6844092385657332,-8.561290244490733,-2.69,-293.21,-255.55,-118.36,-637.53,0.0,0.0,0.0,0.4796164784480417,0.0,32,38,38,36,41,0,-113,-88,37,-243,12.8,12.7,12.7,12.6,12.5,-999,-999,-1.96,0.0,0.0,0.0
11.880391597747803,0.0076699366643516,-0.050621581984721,-0.0429516453203694,0.3067974665740672,-0.6227988571453564,-8.093105273542411,0.0076699366643516,-0.0736313919777761,-0.0659614553134244,0.3865648078833247,-0.6844092385657332,-8.561290244490733,-5.38,-279.76,-255.55,-126.43,-637.53,0.0,0.0,0.0,0.4796164784480417,0.0,32,38,38,36,41,0,-100,-88,37,-243,12.8,12.8,12.7,12.6,12.5,-999,-999,-1.96,0.0,0.0,0.0
11.897384643554688,0.0076699366643516,-0.0490875946518507,-0.0429516453203694,0.3129334159055486,-0.6227988571453564,-8.093105273542411,0.0076699366643516,-0.0720974046449058,-0.0659614553134244,0.3988367065462873,-0.6844092385657332,-8.561290244490733,-5.38,-266.31,-255.55,-110.29,-637.53,0.0,0.0,0.0,0.4796164784480417,0.0,32,38,38,35,41,-7,-94,-88,37,-243,12.8,12.8,12.7,12.6,12.5,-999,-999,-1.96,0.0,0.0,0.0
11.91439175605774,0.0076699366643516,-0.0490875946518507,-0.0429516453203694,0.3221373399027705,-0.6227988571453564,-8.093105273542411,0.0076699366643516,-0.0690294299791651,-0.0659614553134244,0.4111086052092501,-0.6844092385657332,-8.561290244490733,-2.69,-234.03,-255.55,-118.36,-637.53,0.0,0.0,0.0,0.4796164784480417,0.0,32,38,38,37,41,0,-38,-88,37,-243,12.8,12.8,12.7,12.6,12.6,-999,-999,-1.96,0.0,0.0,0.0
11.931351661682127,0.0076699366643516,-0.050621581984721,-0.0429516453203694,0.3313412638999926,-0.6227988571453564,-8.093105273542411,0.0076699366643516,-0.0690294299791651,-0.0659614553134244,0.4233805038722127,-0.6844092385657332,-8.561290244490733,-2.69,-209.82,-255.55,-104.91,-637.53,0.0,0.0,0.0,0.4796164784480417,0.0,32,38,38,37,41,0,-82,-88,37,-243,12.8,12.8,12.7,12.6,12.5,-999,-999,-1.96,0.0,0.0,0.0
11.948336124420168,0.0076699366643516,-0.0475536073189804,-0.0429516453203694,0.3390112005643442,-0.6227988571453564,-8.093105273542411,0.0076699366643516,-0.0659614553134244,-0.0659614553134244,0.4356524025351754,-0.6844092385657332,-8.561290244490733,-5.38,-282.45,-255.55,-121.05,-640.22,0.0,0.0,0.0,0.4796164784480417,0.0,32,39,38,37,41,0,-82,-88,31,-243,12.8,12.8,12.7,12.6,12.5,-999,-999,-1.96,0.0,0.0,0.0
11.965352296829224,0.0076699366643516,-0.04601961998611,-0.0429516453203694,0.3482151245615663,-0.6227988571453564,-8.093105273542411,0.0076699366643516,-0.0644274679805541,-0.0659614553134244,0.4463903138652678,-0.6844092385657332,-8.561290244490733,-5.38,-279.76,-258.24,-107.6,-637.53,0.0,0.023980823922402,0.0,0.4556356545256396,0.0,32,39,38,37,41,0,-82,-88,43,-243,12.8,12.8,12.7,12.6,12.4,-999,-999,-1.96,0.0,0.0,0.0
11.982342958450317,0.0076699366643516,-0.0444856326532397,-0.0429516453203694,0.3558850612259179,-0.6227988571453564,-8.093105273542411,0.0076699366643516,-0.0628934806476837,-0.0659614553134244,0.4571282251953601,-0.6844092385657332,-8.561290244490733,-5.38,-290.52,-258.24,-91.46,-637.53,0.0,0.0479616478448041,0.0,0.4556356545256396,0.0,32,38,37,37,41,0,-88,-88,43,-243,12.8,12.8,12.5,12.5,12.6,-999,-999,-1.96,0.0,0.0,0.0
11.999378204345703,0.0076699366643516,-0.041417657987499,-0.0429516453203694,0.3635549978902696,-0.6227988571453564,-8.093105273542411,0.0061359493314813,-0.0598255059819431,-0.0659614553134244,0.4678661365254525,-0.6844092385657332,-8.561290244490733,-5.38,-287.83,-258.24,-91.46,-640.22,0.0,0.0719424717672062,0.0,0.4556356545256396,0.0,32,38,37,37,41,0,-88,-88,43,-250,12.8,12.8,12.7,12.6,12.6,-999,-999,-1.96,0.0,0.0,0.0
12.016352415084839,0.0076699366643516,-0.0398836706546287,-0.0429516453203694,0.3712249345546213,-0.6227988571453564,-8.093105273542411,0.0061359493314813,-0.0582915186490727,-0.0659614553134244,0.4786040478555448,-0.6844092385657332,-8.561290244490733,0.0,-295.9,-255.55,-110.29,-637.53,0.0,0.0959232956896083,0.0,0.4556356545256396,0.0,32,38,37,37,41,-7,-82,-88,43,-243,12.8,12.8,12.7,12.5,12.5,-999,-999,-1.96,0.0,0.0,0.0
12.033379077911377,0.0076699366643516,-0.036815695988888,-0.0429516453203694,0.378894871218973,-0.6227988571453564,-8.093105273542411,0.0061359493314813,-0.0567575313162024,-0.0659614553134244,0.4878079718527668,-0.6844092385657332,-8.561290244490733,0.0,-303.97,-255.55,-112.98,-637.53,0.0,0.1199041196120104,0.0,0.4556356545256396,0.0,32,38,37,37,40,-7,-88,-88,43,-243,12.8,12.8,12.7,12.6,12.6,-999,-999,-1.96,0.0,0.0,0.0
12.050330400466919,0.0076699366643516,-0.0352817086560177,-0.0429516453203694,0.388098795216195,-0.6227988571453564,-8.093105273542411,0.0061359493314813,-0.055223543983332,-0.0659614553134244,0.4970118958499888,-0.6844092385657332,-8.561290244490733,0.0,-317.42,-255.55,-112.98,-640.22,0.0,0.1199041196120104,0.0,0.4556356545256396,0.0,32,38,37,37,41,-7,-94,-88,43,-243,12.8,12.7,12.7,12.6,12.5,-999,-999,-1.96,0.0,0.0,0.0
12.067422866821289,0.0076699366643516,-0.032213733990277,-0.0429516453203694,0.3957687318805467,-0.6227988571453564,-8.093105273542411,0.0061359493314813,-0.055223543983332,-0.0659614553134244,0.5062158198472109,-0.6844092385657332,-8.561290244490733,0.0,-333.56,-255.55,-107.6,-637.53,0.0,0.1199041196120104,0.0,0.4556356545256396,0.0,32,38,37,37,40,-7,-94,-88,43,-243,12.7,12.8,12.7,12.6,12.4,-999,-999,-1.96,0.0,0.0,0.0
12.08438515663147,0.0061359493314813,-0.0291457593245363,-0.0429516453203694,0.4049726558777687,-0.6227988571453564,-8.093105273542411,0.0061359493314813,-0.055223543983332,-0.0659614553134244,0.5062158198472109,-0.6844092385657332,-8.561290244490733,-5.38,-344.32,-255.55,-110.29,-637.53,0.0,0.1199041196120104,0.0,0.4556356545256396,0.0,32,38,37,37,40,-7,-100,-88,43,-243,12.8,12.8,12.6,12.6,12.5,-999,-999,-1.96,0.0,0.0,0.0
12.10140609741211,0.0061359493314813,-0.027611771991666,-0.0429516453203694,0.4126425925421204,-0.6227988571453564,-8.093105273542411,0.0061359493314813,-0.050621581984721,-0.0659614553134244,0.5261576551745253,-0.6844092385657332,-8.561290244490733,-5.38,-298.59,-255.55,-121.05,-634.84,0.0,0.1199041196120104,0.0,0.4556356545256396,0.0,32,38,37,37,40,0,-50,-88,37,-243,12.8,12.8,12.7,12.6,12.4,-999,-999,-1.96,0.0,0.0,0.0
12.118422031402588,0.0076699366643516,-0.0260777846587957,-0.0429516453203694,0.420312529206472,-0.6227988571453564,-8.093105273542411,0.0061359493314813,-0.050621581984721,-0.0659614553134244,0.5353615791717473,-0.6844092385657332,-8.561290244490733,-5.38,-298.59,-255.55,-126.43,-637.53,0.0,0.1199041196120104,0.0,0.4796164784480417,0.0,32,38,37,37,41,-7,-100,-88,43,-250,12.8,12.8,12.7,12.5,12.5,-999,-999,-1.96,0.0,0.0,0.0
12.135319948196411,0.0061359493314813,-0.0260777846587957,-0.0429516453203694,0.4295164532036941,-0.6227988571453564,-8.093105273542411,0.0061359493314813,-0.050621581984721,-0.0659614553134244,0.5353615791717473,-0.6844092385657332,-8.561290244490733,-5.38,-279.76,-266.31,-126.43,-642.91,0.0,0.0959232956896083,0.0,0.4796164784480417,0.0,32,38,37,37,41,0,-100,-88,37,-243,12.8,12.8,12.7,12.6,12.5,-999,-999,-1.96,0.0,0.0,0.0
12.1523654460907,0.0076699366643516,-0.0260777846587957,-0.0429516453203694,0.4371863898680457,-0.6227988571453564,-8.093105273542411,0.0061359493314813,-0.0490875946518507,-0.0659614553134244,0.5445655031689692,-0.6844092385657332,-8.561290244490733,-5.38,-263.62,-255.55,-118.36,-642.91,0.0,0.0719424717672062,0.0,0.4796164784480417,0.0,32,38,37,37,41,0,-94,-88,37,-243,12.8,12.8,12.7,12.6,12.5,-999,-999,-1.96,0.0,0.0,0.0
12.169330358505249,0.0061359493314813,-0.0260777846587957,-0.0429516453203694,0.4463903138652678,-0.6227988571453564,-8.093105273542411,0.0061359493314813,-0.0475536073189804,-0.0659614553134244,0.5614393638305429,-0.6844092385657332,-8.561290244490733,-8.07,-242.1,-255.55,-121.05,-640.22,0.0,0.0479616478448041,0.0,0.4796164784480417,0.0,32,38,37,37,41,-7,-88,-88,43,-243,12.8,12.8,12.7,12.6,12.5,-999,-999,-1.96,0.0,0.0,0.0
12.186343908309935,0.0076699366643516,-0.0260777846587957,-0.0429516453203694,0.4540602505296194,-0.6227988571453564,-8.093105273542411,0.004601961998611,-0.04601961998611,-0.0659614553134244,0.570643287827765,-0.6844092385657332,-8.561290244490733,-5.38,-247.48,-255.55,-118.36,-640.22,0.0,0.023980823922402,0.0,0.4796164784480417,0.0,32,38,37,37,41,-7,-88,-88,37,-243,12.8,12.7,12.7,12.6,12.4,-999,-999,-1.96,0.0,0.0,0.0
12.20337438583374,0.0076699366643516,-0.0260777846587957,-0.0429516453203694,0.4617301871939711,-0.6227988571453564,-8.093105273542411,0.004601961998611,-0.0444856326532397,-0.0659614553134244,0.5783132244921166,-0.6844092385657332,-8.561290244490733,0.0,-223.27,-255.55,-107.6,-637.53,0.0,0.0,0.0,0.4796164784480417,0.0,31,38,37,37,41,-7,-82,-88,37,-243,12.8,12.8,12.7,12.6,12.5,-999,-999,-1.96,0.0,0.0,0.0
12.2203688621521,0.0061359493314813,-0.0260777846587957,-0.0429516453203694,0.4709341111911931,-0.6227988571453564,-8.093105273542411,0.004601961998611,-0.0444856326532397,-0.0659614553134244,0.5875171484893387,-0.6844092385657332,-8.561290244490733,-8.07,-207.13,-255.55,-102.22,-637.53,0.0,0.0,0.0,0.4556356545256396,0.0,31,38,37,37,41,-7,-75,-88,37,-243,12.8,12.8,12.7,12.6,12.5,-999,-999,-1.96,0.0,0.0,0.0
12.237324237823488,0.0061359493314813,-0.0260777846587957,-0.0429516453203694,0.4770700605226745,-0.6227988571453564,-8.093105273542411,0.0030679746657406,-0.0444856326532397,-0.0659614553134244,0.5967210724865607,-0.6844092385657332,-8.561290244490733,-8.07,-201.75,-255.55,-88.77,-637.53,0.0,0.0,0.0,0.4556356545256396,0.0,31,38,37,37,41,-7,-75,-88,43,-243,12.8,12.7,12.7,12.6,12.4,-999,-999,-1.96,0.0,0.0,0.0
12.254298686981201,0.004601961998611,-0.0260777846587957,-0.0429516453203694,0.4847399971870262,-0.6227988571453564,-8.093105273542411,0.0030679746657406,-0.0444856326532397,-0.0659614553134244,0.5967210724865607,-0.6844092385657332,-8.561290244490733,16.14,-204.44,-255.55,-96.84,-634.84,0.0,0.0,0.0,0.4556356545256396,0.0,31,39,37,37,40,-13,-75,-88,43,-243,12.8,12.8,12.7,12.6,12.5,-999,-999,-1.96,0.0,0.0,0.0
12.27132511138916,0.004601961998611,-0.0260777846587957,-0.0429516453203694,0.4924099338513779,-0.6227988571453564,-8.093105273542411,0.0030679746657406,-0.0444856326532397,-0.0659614553134244,0.6043910091509124,-0.6844092385657332,-8.561290244490733,0.0,-201.75,-255.55,-83.39,-634.84,0.0,0.0,0.0,0.4556356545256396,0.0,31,38,37,37,40,-7,-75,-88,50,-243,12.8,12.7,12.7,12.6,12.5,-999,-999,-1.96,0.0,0.0,0.0
12.288339138031006,0.004601961998611,-0.0260777846587957,-0.0429516453203694,0.5016138578485999,-0.6227988571453564,-8.093105273542411,0.0030679746657406,-0.0444856326532397,-0.0659614553134244,0.612060945815264,-0.6844092385657332,-8.561290244490733,-2.69,-212.51,-255.55,-99.53,-637.53,0.0,0.0,0.0,0.4556356545256396,0.0,31,38,36,37,40,-7,-82,-88,43,-243,12.8,12.8,12.7,12.6,12.5,-999,-999,-1.96,0.0,0.0,0.0
12.305338859558105,0.0030679746657406,-0.0260777846587957,-0.0429516453203694,0.5108177818458219,-0.6227988571453564,-8.093105273542411,0.0030679746657406,-0.0444856326532397,-0.0674954426462947,0.6289348064768377,-0.6844092385657332,-8.561290244490733,0.0,-204.44,-252.86,-107.6,-637.53,-0.023980823922402,0.0,0.0,0.4556356545256396,0.0,31,38,37,37,40,0,-75,-88,50,-243,12.8,12.8,12.7,12.5,12.5,-999,-999,-1.96,0.0,0.0,0.0
12.322288036346436,0.0015339873328703,-0.0260777846587957,-0.0429516453203694,0.5200217058430439,-0.6227988571453564,-8.093105273542411,0.0030679746657406,-0.0444856326532397,-0.0674954426462947,0.6289348064768377,-0.6844092385657332,-8.561290244490733,0.0,-204.44,-274.38,-104.91,-637.53,-0.023980823922402,0.0,0.0,0.4556356545256396,0.0,31,38,37,37,40,6,-82,-94,43,-243,12.8,12.8,12.7,12.6,12.4,-999,-999,-1.96,0.0,0.0,0.0
12.339373350143433,0.0015339873328703,-0.0260777846587957,-0.0429516453203694,0.5276916425073956,-0.6227988571453564,-8.093105273542411,0.0030679746657406,-0.0444856326532397,-0.0659614553134244,0.6427406924726707,-0.6844092385657332,-8.561290244490733,0.0,-204.44,-274.38,-107.6,-637.53,-0.0479616478448041,0.0,0.0,0.4796164784480417,0.0,31,38,37,37,40,6,-75,-94,43,-243,12.8,12.8,12.7,12.6,12.5,-999,-999,-1.96,0.0,0.0,0.0
12.35634994506836,0.0015339873328703,-0.0260777846587957,-0.0429516453203694,0.5368955665046176,-0.6227988571453564,-8.093105273542411,0.0015339873328703,-0.0444856326532397,-0.0674954426462947,0.6504106291370224,-0.6844092385657332,-8.561290244490733,0.0,-201.75,-260.93,-107.6,-637.53,-0.0479616478448041,0.0,0.0,0.4796164784480417,0.0,31,38,38,36,40,6,-75,-88,43,-243,12.8,12.8,12.7,12.6,12.5,-999,-999,-1.96,0.0,0.0,0.0
12.373288631439209,0.0015339873328703,-0.0260777846587957,-0.0429516453203694,0.5445655031689692,-0.6227988571453564,-8.093105273542411,0.0015339873328703,-0.0444856326532397,-0.0674954426462947,0.6580805658013742,-0.6844092385657332,-8.561290244490733,0.0,-204.44,-274.38,-107.6,-637.53,-0.023980823922402,0.0,0.0,0.4796164784480417,0.0,31,38,38,36,40,6,-75,-94,43,-243,12.8,12.8,12.7,12.6,12.2,-999,-999,-1.96,0.0,0.0,0.0
12.390315532684328,0.0,-0.0260777846587957,-0.0429516453203694,0.5537694271661913,-0.6227988571453564,-8.093105273542411,0.0015339873328703,-0.0444856326532397,-0.0674954426462947,0.6657505024657259,-0.6844092385657332,-8.561290244490733,-2.69,-204.44,-274.38,-115.67,-637.53,-0.023980823922402,0.0,0.0,0.4796164784480417,0.0,31,38,38,36,41,6,-75,-94,43,-243,12.8,12.8,12.7,12.6,12.6,-999,-999,-1.96,0.0,0.0,0.0
12.407341480255127,0.0015339873328703,-0.0260777846587957,-0.0429516453203694,0.5614393638305429,-0.6227988571453564,-8.093105273542411,0.0,-0.0444856326532397,-0.0674954426462947,0.6734204391300775,-0.6844092385657332,-8.561290244490733,-2.69,-209.82,-274.38,-129.12,-637.53,0.0,0.0,0.0,0.4796164784480417,0.0,31,38,38,36,41,6,-75,-94,18,-243,12.8,12.8,12.7,12.6,12.4,-999,-999,-1.96,0.0,0.0,0.0
12.424345254898071,0.0,-0.0260777846587957,-0.0429516453203694,0.570643287827765,-0.6227988571453564,-8.093105273542411,-0.0015339873328703,-0.0444856326532397,-0.0674954426462947,0.6810903757944292,-0.6844092385657332,-8.561290244490733,-2.69,-201.75,-274.38,-104.91,-640.22,0.0,0.0,0.0,0.4796164784480417,0.0,31,38,38,36,41,0,-75,-94,43,-243,12.8,12.8,12.7,12.6,12.5,-999,-999,-1.96,0.0,0.0,0.0
12.441318273544312,0.0,-0.0260777846587957,-0.0429516453203694,0.5783132244921166,-0.6212648698124861,-8.080811670411755,-0.0015339873328703,-0.0444856326532397,-0.0674954426462947,0.6810903757944292,-0.6844092385657332,-8.561290244490733,16.14,-201.75,-274.38,-104.91,-637.53,0.0,0.0,0.0,0.4796164784480417,0.0,31,38,38,36,41,-7,-75,-94,43,-243,12.8,12.8,12.7,12.7,12.5,-999,-999,-1.96,0.0,0.0,0.0
12.458297491073607,0.0015339873328703,-0.0260777846587957,-0.0429516453203694,0.5875171484893387,-0.6227988571453564,-8.093105273542411,-0.0015339873328703,-0.0444856326532397,-0.0659614553134244,0.6887603124587809,-0.6844092385657332,-8.561290244490733,26.9,-204.44,-258.24,-94.15,-637.53,0.0,0.0,0.0,0.4796164784480417,0.0,31,38,38,36,41,-7,-75,-88,50,-243,12.8,12.8,12.7,12.6,12.3,-999,-999,-1.96,0.0,0.0,0.0
12.475306987762451,0.0,-0.0260777846587957,-0.0429516453203694,0.5951870851536903,-0.6227988571453564,-8.093105273542411,-0.0015339873328703,-0.0444856326532397,-0.0659614553134244,0.6948962617902622,-0.6844092385657332,-8.561290244490733,8.07,-204.44,-255.55,-96.84,-637.53,0.0,0.0,0.0,0.4796164784480417,0.0,31,38,38,36,41,-7,-75,-88,43,-243,12.8,12.8,12.6,12.6,12.5,-999,-999,-1.96,0.0,0.0,0.0
12.492418050765991,0.0,-0.0260777846587957,-0.0429516453203694,0.6043910091509124,-0.6227988571453564,-8.093105273542411,-0.0030679746657406,-0.0444856326532397,-0.0674954426462947,0.707168160453225,-0.6844092385657332,-8.561290244490733,29.59,-204.44,-274.38,-112.98,-637.53,0.0,0.0,0.0,0.4556356545256396,0.0,31,38,38,36,41,-13,-75,-94,43,-243,12.8,12.8,12.7,12.5,12.6,-999,-999,-1.96,0.0,0.0,0.0
12.509335279464722,-0.0015339873328703,-0.0260777846587957,-0.0429516453203694,0.6105269584823937,-0.6227988571453564,-8.093105273542411,-0.004601961998611,-0.0444856326532397,-0.0674954426462947,0.7133041097847063,-0.6844092385657332,-8.561290244490733,2.69,-204.44,-269.0,-94.15,-642.91,0.0,0.0,0.0,0.4796164784480417,0.0,31,38,38,36,41,-7,-75,-88,50,-243,12.9,12.8,12.7,12.5,12.5,-999,-999,-1.96,0.0,0.0,0.0
12.526296615600586,-0.0015339873328703,-0.0260777846587957,-0.0429516453203694,0.6197308824796157,-0.6227988571453564,-8.093105273542411,-0.004601961998611,-0.0444856326532397,-0.0674954426462947,0.7133041097847063,-0.6844092385657332,-8.561290244490733,32.28,-201.75,-274.38,-91.46,-640.22,0.0,0.0,0.0,0.4556356545256396,0.0,31,39,38,37,40,-13,-75,-94,50,-250,12.8,12.8,12.7,12.5,12.5,-999,-999,-1.96,0.0,0.0,0.0
12.543303489685059,-0.0030679746657406,-0.0260777846587957,-0.0429516453203694,0.6274008191439674,-0.6227988571453564,-8.093105273542411,-0.004601961998611,-0.0429516453203694,-0.0659614553134244,0.7194400591161876,-0.6844092385657332,-8.561290244490733,5.38,-185.61,-258.24,-91.46,-637.53,-0.023980823922402,0.0,0.0,0.4556356545256396,0.0,31,39,38,37,40,-7,-69,-88,50,-243,12.9,12.8,12.7,12.6,12.4,-999,-999,-1.96,0.0,0.0,0.0
12.560288906097412,-0.0030679746657406,-0.0260777846587957,-0.0429516453203694,0.6350707558083191,-0.6227988571453564,-8.093105273542411,-0.004601961998611,-0.041417657987499,-0.0674954426462947,0.7271099957805393,-0.6844092385657332,-8.561290244490733,0.0,-166.78,-274.38,-96.84,-640.22,-0.023980823922402,0.0,0.0,0.4556356545256396,0.0,32,39,38,37,40,-7,-63,-94,50,-243,12.8,12.8,12.7,12.6,12.5,-999,-999,-1.96,0.0,0.0,0.0
12.57740902900696,-0.004601961998611,-0.0245437973259253,-0.0429516453203694,0.6458086671384115,-0.6227988571453564,-8.093105273542411,-0.004601961998611,-0.0383496833217584,-0.0674954426462947,0.7409158817763722,-0.6844092385657332,-8.561290244490733,0.0,-223.27,-274.38,-112.98,-637.53,-0.023980823922402,0.0,0.0,0.4556356545256396,0.0,32,39,38,37,40,0,-63,-94,43,-243,12.8,12.8,12.7,12.6,12.5,-999,-999,-1.96,0.0,0.0,0.0
12.594296455383299,-0.0061359493314813,-0.023009809993055,-0.0429516453203694,0.6534786038027631,-0.6227988571453564,-8.093105273542411,-0.004601961998611,-0.0383496833217584,-0.0674954426462947,0.7409158817763722,-0.6844092385657332,-8.561290244490733,-2.69,-244.79,-277.07,-96.84,-640.22,-0.023980823922402,0.023980823922402,0.0,0.4796164784480417,0.0,32,40,38,37,40,6,-63,-94,50,-243,12.8,12.8,12.7,12.6,12.5,-999,-999,-1.96,0.0,0.0,0.0
12.611295223236084,-0.0061359493314813,-0.0199418353273143,-0.0429516453203694,0.6611485404671148,-0.6227988571453564,-8.093105273542411,-0.0061359493314813,-0.036815695988888,-0.0659614553134244,0.7547217677722053,-0.6844092385657332,-8.561290244490733,-5.38,-274.38,-258.24,-86.08,-637.53,-0.0479616478448041,0.0479616478448041,0.0,0.4796164784480417,0.0,32,39,38,37,41,0,-75,-88,50,-243,12.8,12.8,12.7,12.6,12.5,-999,-999,-1.96,0.0,0.0,0.0
12.628403425216675,-0.0061359493314813,-0.018407847994444,-0.0429516453203694,0.6688184771314665,-0.6227988571453564,-8.093105273542411,-0.004601961998611,-0.0352817086560177,-0.0659614553134244,0.7608577171036867,-0.6844092385657332,-8.561290244490733,-5.38,-250.17,-255.55,-75.32,-642.91,-0.0479616478448041,0.0719424717672062,0.0,0.4796164784480417,0.0,32,39,38,36,41,0,-75,-88,50,-243,12.8,12.8,12.7,12.6,12.6,-999,-999,-1.96,0.0,0.0,0.0
12.645341157913208,-0.0061359493314813,-0.0168738606615736,-0.0429516453203694,0.6780224011286885,-0.6227988571453564,-8.093105273542411,-0.0061359493314813,-0.0337477213231473,-0.0674954426462947,0.766993666435168,-0.6844092385657332,-8.561290244490733,-2.69,-252.86,-252.86,-99.53,-637.53,-0.023980823922402,0.0959232956896083,0.0,0.4796164784480417,0.0,32,39,38,36,41,6,-75,-88,50,-243,12.8,12.8,12.7,12.6,12.5,-999,-999,-1.96,0.0,0.0,0.0
12.662268877029419,-0.0076699366643516,-0.0153398733287033,-0.0429516453203694,0.6872263251259105,-0.6227988571453564,-8.093105273542411,-0.004601961998611,-0.0337477213231473,-0.0659614553134244,0.771595628433779,-0.6844092385657332,-8.561290244490733,-5.38,-247.48,-274.38,-110.29,-640.22,-0.023980823922402,0.0959232956896083,0.0,0.4796164784480417,0.0,32,39,38,37,41,6,-75,-94,50,-243,12.8,12.8,12.7,12.5,12.5,-999,-999,-1.96,0.0,0.0,0.0
12.679676294326784,-0.0076699366643516,-0.013805885995833,-0.0429516453203694,0.6948962617902622,-0.6212648698124861,-8.080811670411755,-0.004601961998611,-0.0337477213231473,-0.0659614553134244,0.771595628433779,-0.6844092385657332,-8.561290244490733,21.52,-271.69,-258.24,-99.53,-637.53,-0.023980823922402,0.0959232956896083,0.0,0.4796164784480417,0.0,32,39,38,37,41,12,-82,-88,43,-243,12.8,12.8,12.7,12.6,12.4,-999,-999,-1.96,0.0,0.0,0.0
12.697273015975952,-0.0076699366643516,-0.0122718986629626,-0.0429516453203694,0.7025661984546139,-0.6227988571453564,-8.093105273542411,-0.0061359493314813,-0.032213733990277,-0.0659614553134244,0.7823335397638713,-0.6844092385657332,-8.561290244490733,-5.38,-258.24,-274.38,-83.39,-637.53,-0.023980823922402,0.0719424717672062,0.0,0.4796164784480417,0.0,32,39,38,37,41,6,-82,-94,50,-243,12.8,12.8,12.7,12.6,12.5,-999,-999,-1.96,0.0,0.0,0.0
12.714294910430908,-0.0076699366643516,-0.0107379113300923,-0.0429516453203694,0.7133041097847063,-0.6227988571453564,-8.093105273542411,-0.0061359493314813,-0.032213733990277,-0.0659614553134244,0.7823335397638713,-0.6844092385657332,-8.561290244490733,0.0,-295.9,-258.24,-94.15,-640.22,-0.023980823922402,0.0719424717672062,0.0,0.4796164784480417,0.0,32,39,37,37,41,6,-88,-88,43,-243,12.8,12.8,12.7,12.6,12.5,-999,-999,-1.96,0.0,0.0,0.0
12.73131799697876,-0.0076699366643516,-0.009203923997222,-0.0429516453203694,0.7209740464490579,-0.6227988571453564,-8.093105273542411,-0.0061359493314813,-0.0306797466574067,-0.0659614553134244,0.7884694890953527,-0.6844092385657332,-8.561290244490733,0.0,-282.45,-236.72,-94.15,-642.91,0.0,0.0719424717672062,0.0,0.4796164784480417,0.0,32,38,38,37,41,6,-88,-88,50,-243,12.8,12.8,12.7,12.6,12.5,-999,-999,-1.96,0.0,0.0,0.0
12.748326778411865,-0.0061359493314813,-0.0076699366643516,-0.0429516453203694,0.73017797044628,-0.6227988571453564,-8.093105273542411,-0.0061359493314813,-0.027611771991666,-0.0659614553134244,0.7976734130925747,-0.6844092385657332,-8.561290244490733,0.0,-285.14,-255.55,-104.91,-637.53,0.0,0.0719424717672062,0.0,0.4796164784480417,0.0,32,38,38,37,41,6,-88,-88,43,-243,12.8,12.8,12.7,12.6,12.4,-999,-999,-1.96,0.0,0.0,0.0
12.765292167663574,-0.0076699366643516,-0.0061359493314813,-0.0429516453203694,0.7378479071106316,-0.6227988571453564,-8.093105273542411,-0.0061359493314813,-0.027611771991666,-0.0659614553134244,0.7976734130925747,-0.6844092385657332,-8.561290244490733,0.0,-277.07,-255.55,-86.08,-640.22,0.0,0.0719424717672062,0.0,0.4796164784480417,0.0,32,38,38,37,41,6,-88,-88,50,-250,12.8,12.8,12.6,12.6,12.5,-999,-999,-1.96,0.0,0.0,0.0
12.782305002212523,-0.0076699366643516,-0.004601961998611,-0.0429516453203694,0.7470518311078537,-0.6227988571453564,-8.093105273542411,-0.0061359493314813,-0.0260777846587957,-0.0659614553134244,0.8007413877583154,-0.6844092385657332,-8.561290244490733,0.0,-274.38,-255.55,-80.7,-637.53,0.0,0.0719424717672062,0.0,0.4796164784480417,0.0,32,38,38,37,41,6,-88,-88,50,-243,12.8,12.8,12.7,12.5,12.5,-999,-999,-1.96,0.0,0.0,0.0
12.799347639083864,-0.0076699366643516,-0.0030679746657406,-0.0429516453203694,0.7547217677722053,-0.6212648698124861,-8.080811670411755,-0.0061359493314813,-0.0214758226601847,-0.0659614553134244,0.808411324422667,-0.6844092385657332,-8.561290244490733,0.0,-277.07,-255.55,-64.56,-640.22,0.0,0.0719424717672062,0.0,0.4796164784480417,0.0,32,38,38,36,41,0,-88,-88,50,-243,12.8,12.8,12.7,12.6,12.4,-999,-999,-1.96,0.0,0.0,0.0
12.816349983215332,-0.0076699366643516,-0.0030679746657406,-0.0429516453203694,0.7639256917694274,-0.6227988571453564,-8.093105273542411,-0.0061359493314813,-0.0199418353273143,-0.0674954426462947,0.8114792990884078,-0.6844092385657332,-8.561290244490733,0.0,-247.48,-258.24,-80.7,-637.53,0.0,0.0719424717672062,0.0,0.4796164784480417,0.0,32,38,38,36,41,0,-75,-88,50,-243,12.8,12.8,12.7,12.6,12.4,-999,-999,-1.96,0.0,0.0,0.0
12.833270072937012,-0.0076699366643516,-0.0015339873328703,-0.0429516453203694,0.771595628433779,-0.6227988571453564,-8.093105273542411,-0.0061359493314813,-0.0199418353273143,-0.0674954426462947,0.8114792990884078,-0.6844092385657332,-8.561290244490733,0.0,-239.41,-271.69,-96.84,-637.53,0.0,0.0719424717672062,0.0,0.4796164784480417,0.0,32,38,38,36,41,6,-75,-94,50,-250,12.8,12.8,12.7,12.5,12.5,-999,-999,-1.96,0.0,0.0,0.0
12.850267171859741,-0.0076699366643516,0.0,-0.0429516453203694,0.7807995524310011,-0.6227988571453564,-8.093105273542411,-0.0076699366643516,-0.0168738606615736,-0.0674954426462947,0.8160812610870187,-0.6844092385657332,-8.561290244490733,0.0,-252.86,-258.24,-94.15,-640.22,0.0,0.0479616478448041,0.0,0.4556356545256396,0.0,32,38,38,36,41,6,-75,-88,50,-243,12.8,12.8,12.7,12.6,12.5,-999,-999,-1.96,0.0,0.0,0.0
12.867364883422852,-0.0076699366643516,0.0015339873328703,-0.0429516453203694,0.7884694890953527,-0.6227988571453564,-8.093105273542411,-0.0076699366643516,-0.0153398733287033,-0.0674954426462947,0.8176152484198891,-0.6844092385657332,-8.561290244490733,0.0,-247.48,-274.38,-83.39,-634.84,0.0,0.0719424717672062,0.0,0.4556356545256396,0.0,32,38,38,36,41,0,-75,-94,50,-243,12.8,12.8,12.7,12.5,12.5,-999,-999,-1.96,0.0,0.0,0.0
12.884277582168579,-0.0076699366643516,0.0030679746657406,-0.0429516453203694,0.7976734130925747,-0.6227988571453564,-8.093105273542411,-0.0076699366643516,-0.013805885995833,-0.0674954426462947,0.8191492357527594,-0.6844092385657332,-8.561290244490733,0.0,-250.17,-274.38,-83.39,-634.84,0.0,0.0719424717672062,0.0,0.4556356545256396,0.0,32,39,38,37,41,0,-82,-94,50,-243,12.8,12.8,12.6,12.6,12.4,-999,-999,-1.96,0.0,0.0,0.0
12.901318073272705,-0.0076699366643516,0.004601961998611,-0.0429516453203694,0.8053433497569265,-0.6227988571453564,-8.093105273542411,-0.0076699366643516,-0.0107379113300923,-0.0659614553134244,0.8206832230856298,-0.6844092385657332,-8.561290244490733,0.0,-244.79,-271.69,-80.7,-634.84,0.0,0.0719424717672062,0.0,0.4556356545256396,0.0,32,39,38,36,41,0,-75,-94,56,-243,12.8,12.8,12.7,12.6,12.5,-999,-999,-1.96,0.0,0.0,0.0
12.918345451354979,-0.0076699366643516,0.0076699366643516,-0.0429516453203694,0.8130132864212781,-0.6227988571453564,-8.093105273542411,-0.0076699366643516,-0.009203923997222,-0.0674954426462947,0.8206832230856298,-0.6844092385657332,-8.561290244490733,0.0,-260.93,-258.24,-99.53,-634.84,0.0,0.0719424717672062,0.0,0.4556356545256396,0.0,32,39,37,36,41,0,-82,-88,31,-243,12.8,12.7,12.6,12.6,12.6,-999,-999,-1.96,0.0,0.0,0.0
12.935292959213255,-0.0076699366643516,0.009203923997222,-0.0429516453203694,0.8191492357527594,-0.6227988571453564,-8.093105273542411,-0.009203923997222,-0.0061359493314813,-0.0674954426462947,0.8222172104185002,-0.6844092385657332,-8.561290244490733,0.0,-279.76,-274.38,-115.67,-640.22,0.0,0.0959232956896083,0.0,0.4556356545256396,0.0,32,39,37,36,41,0,-75,-94,12,-250,12.8,12.8,12.7,12.6,12.4,-999,-999,-1.96,0.0,0.0,0.0
12.952306985855104,-0.0076699366643516,0.0122718986629626,-0.0429516453203694,0.8222172104185002,-0.6212648698124861,-8.080811670411755,-0.0076699366643516,-0.004601961998611,-0.0659614553134244,0.8237511977513704,-0.6844092385657332,-8.561290244490733,0.0,-260.93,-274.38,-96.84,-642.91,0.0,0.0959232956896083,0.0,0.4076740066808355,0.0,32,38,37,36,41,-7,-82,-94,0,-243,12.8,12.8,12.7,12.6,12.5,-999,-999,-1.96,0.0,0.0,0.0
12.969274759292604,-0.0076699366643516,0.0153398733287033,-0.0429516453203694,0.8237511977513704,-0.6212648698124861,-8.080811670411755,-0.0076699366643516,-0.0015339873328703,-0.0659614553134244,0.8252851850842408,-0.6844092385657332,-8.561290244490733,0.0,-282.45,-260.93,-72.63,-640.22,0.0,0.1199041196120104,0.0,0.3597123588360313,0.0,32,39,37,36,40,0,-82,-88,0,-243,12.8,12.8,12.7,12.6,12.5,-999,-999,-1.96,0.0,0.0,0.0
12.986266851425171,-0.0076699366643516,0.0168738606615736,-0.0429516453203694,0.8252851850842408,-0.6227988571453564,-8.093105273542411,-0.009203923997222,0.0015339873328703,-0.0659614553134244,0.8252851850842408,-0.6844092385657332,-8.561290244490733,0.0,-260.93,-258.24,-59.18,-645.6,0.0,0.1199041196120104,0.0,0.263789063146423,0.0,32,39,37,36,41,0,-82,-88,0,-250,12.8,12.8,12.7,12.6,12.4,-999,-999,-1.96,0.0,0.0,0.0
13.003306388854979,-0.0076699366643516,0.018407847994444,-0.0429516453203694,0.8268191724171111,-0.6227988571453564,-8.093105273542411,-0.009203923997222,0.0030679746657406,-0.0659614553134244,0.8252851850842408,-0.6844092385657332,-8.561290244490733,0.0,-255.55,-242.1,-53.8,-637.53,0.0,0.1199041196120104,0.0,0.1678657674568146,0.0,32,39,37,36,41,-7,-75,-88,-7,-243,12.8,12.7,12.7,12.6,12.6,-999,-999,-1.96,0.0,0.0,0.0
13.020316600799559,-0.0076699366643516,0.0214758226601847,-0.0429516453203694,0.8283531597499815,-0.6227988571453564,-8.093105273542411,-0.0076699366643516,0.0061359493314813,-0.0674954426462947,0.8252851850842408,-0.6844092385657332,-8.561290244490733,0.0,-285.14,-255.55,-34.97,-640.22,0.0,0.1199041196120104,0.0,0.1199041196120104,0.0,32,39,37,37,40,-7,-75,-88,-13,-243,12.8,12.7,12.7,12.6,12.6,-999,-999,-1.96,0.0,0.0,0.0
13.037371397018433,-0.0076699366643516,0.023009809993055,-0.0429516453203694,0.8283531597499815,-0.6227988571453564,-8.093105273542411,-0.009203923997222,0.0076699366643516,-0.0659614553134244,0.8252851850842408,-0.6844092385657332,-8.561290244490733,0.0,-247.48,-274.38,-37.66,-640.22,0.0,0.1199041196120104,0.0,0.0959232956896083,0.0,32,38,37,37,44,0,-75,-94,-13,-243,12.8,12.8,12.7,12.6,12.5,-999,-999,-1.96,0.0,0.0,0.0
13.056287288665771,-0.0076699366643516,0.0260777846587957,-0.0429516453203694,0.8283531597499815,-0.6227988571453564,-8.093105273542411,-0.0076699366643516,0.0107379113300923,-0.0674954426462947,0.8252851850842408,-0.6844092385657332,-8.561290244490733,0.0,-247.48,-258.24,-16.14,-642.91,0.0,0.1199041196120104,0.0,0.0479616478448041,0.0,32,38,37,37,41,-7,-69,-88,-13,-250,12.8,12.8,12.7,12.6,12.5,-999,-999,-1.96,0.0,0.0,0.0
13.073339939117432,-0.0076699366643516,0.027611771991666,-0.0429516453203694,0.8283531597499815,-0.6227988571453564,-8.093105273542411,-0.0076699366643516,0.013805885995833,-0.0674954426462947,0.8252851850842408,-0.6844092385657332,-8.561290244490733,0.0,-258.24,-274.38,-13.45,-637.53,0.0,0.1199041196120104,0.0,0.023980823922402,0.0,32,38,38,37,40,0,-75,-94,-13,-243,12.8,12.7,12.6,12.6,12.6,-999,-999,-1.96,0.0,0.0,0.0
13.090279340744019,-0.0076699366643516,0.0291457593245363,-0.0429516453203694,0.8283531597499815,-0.6227988571453564,-8.093105273542411,-0.0076699366643516,0.0153398733287033,-0.0674954426462947,0.8252851850842408,-0.6844092385657332,-8.561290244490733,-2.69,-258.24,-274.38,-16.14,-637.53,0.0,0.1199041196120104,0.0,0.0,0.0,32,39,38,36,40,6,-69,-94,-13,-243,12.8,12.8,12.7,12.6,12.5,-999,-999,-1.96,0.0,0.0,0.0
13.107296228408813,-0.009203923997222,0.032213733990277,-0.0429516453203694,0.8283531597499815,-0.6227988571453564,-8.093105273542411,-0.0076699366643516,0.018407847994444,-0.0674954426462947,0.8252851850842408,-0.6844092385657332,-8.561290244490733,-2.69,-239.41,-271.69,-16.14,-637.53,0.0,0.1199041196120104,0.0,0.0,0.0,32,38,37,36,40,6,-69,-94,-13,-243,12.8,12.8,12.7,12.6,12.6,-999,-999,-1.96,0.0,0.0,0.0
13.124339580535887,-0.009203923997222,0.0337477213231473,-0.0429516453203694,0.8283531597499815,-0.6227988571453564,-8.093105273542411,-0.0076699366643516,0.0199418353273143,-0.0674954426462947,0.8252851850842408,-0.6844092385657332,-8.561290244490733,-2.69,-255.55,-271.69,-16.14,-640.22,0.0,0.1199041196120104,0.0,0.0,0.0,32,38,37,36,40,0,-69,-94,-13,-243,12.8,12.8,12.7,12.6,12.5,-999,-999,-1.96,0.0,0.0,0.0
13.141290664672852,-0.009203923997222,0.036815695988888,-0.0429516453203694,0.8283531597499815,-0.6227988571453564,-8.093105273542411,-0.0076699366643516,0.023009809993055,-0.0659614553134244,0.8252851850842408,-0.6844092385657332,-8.561290244490733,-2.69,-271.69,-269.0,-13.45,-640.22,0.0,0.1199041196120104,0.0,0.0,0.0,32,38,37,36,41,6,-69,-94,-13,-250,12.8,12.8,12.7,12.6,12.6,-999,-999,-1.96,0.0,0.0,0.0
13.158308982849121,-0.009203923997222,0.0398836706546287,-0.0429516453203694,0.8283531597499815,-0.6227988571453564,-8.093105273542411,-0.0076699366643516,0.0245437973259253,-0.0659614553134244,0.8268191724171111,-0.6844092385657332,-8.561290244490733,-2.69,-274.38,-247.48,-16.14,-640.22,0.0,0.1438849435344125,0.0,0.0,0.0,32,38,37,36,41,6,-75,-82,-13,-243,12.8,12.8,12.7,12.6,12.5,-999,-999,-1.96,0.0,0.0,0.0
13.176310300827028,-0.009203923997222,0.0429516453203694,-0.0429516453203694,0.8283531597499815,-0.6227988571453564,-8.093105273542411,-0.009203923997222,0.0260777846587957,-0.0674954426462947,0.8283531597499815,-0.6844092385657332,-8.561290244490733,-2.69,-274.38,-258.24,-21.52,-637.53,0.0,0.1438849435344125,0.0,0.0,0.0,32,38,37,36,41,6,-75,-88,-7,-243,12.8,12.8,12.7,12.6,12.5,-999,-999,-1.96,0.0,0.0,0.0
13.193299055099487,-0.009203923997222,0.0475536073189804,-0.0429516453203694,0.8298871470828518,-0.6227988571453564,-8.093105273542411,-0.0076699366643516,0.0291457593245363,-0.0674954426462947,0.8314211344157221,-0.6844092385657332,-8.561290244490733,-2.69,-325.49,-274.38,-34.97,-637.53,0.0,0.1678657674568146,0.0,0.0,0.0,32,38,37,37,41,0,-88,-94,0,-243,12.8,12.8,12.7,12.6,12.5,-999,-999,-1.96,0.0,0.0,0.0
13.210273504257204,-0.009203923997222,0.0490875946518507,-0.0429516453203694,0.8314211344157221,-0.6227988571453564,-8.093105273542411,-0.009203923997222,0.032213733990277,-0.0674954426462947,0.8329551217485924,-0.6844092385657332,-8.561290244490733,-2.69,-312.04,-274.38,-43.04,-637.53,0.0,0.1678657674568146,0.0,0.0,0.0,32,39,37,37,41,6,-88,-94,-7,-243,12.8,12.8,12.7,12.6,12.5,-999,-999,-1.96,0.0,0.0,0.0
13.2273006439209,-0.009203923997222,0.0521555693175914,-0.0429516453203694,0.8329551217485924,-0.6212648698124861,-8.080811670411755,-0.009203923997222,0.032213733990277,-0.0674954426462947,0.8360230964143331,-0.6844092385657332,-8.561290244490733,-2.69,-317.42,-274.38,-59.18,-637.53,0.0,0.1678657674568146,0.0,0.023980823922402,0.0,32,38,37,37,41,0,-88,-94,6,-243,12.8,12.8,12.7,12.6,12.5,-999,-999,-1.96,0.0,0.0,0.0
13.244246244430544,-0.009203923997222,0.055223543983332,-0.0429516453203694,0.8360230964143331,-0.6227988571453564,-8.093105273542411,-0.009203923997222,0.0352817086560177,-0.0674954426462947,0.8390910710800737,-0.6844092385657332,-8.561290244490733,-2.69,-314.73,-274.38,-67.25,-645.6,0.0,0.1678657674568146,0.0,0.0479616478448041,0.0,32,38,37,37,41,0,-94,-94,0,-243,12.8,12.8,12.7,12.6,12.5,-999,-999,-1.96,0.0,0.0,0.0
13.261249303817749,-0.009203923997222,0.0567575313162024,-0.0429516453203694,0.8375570837472035,-0.6227988571453564,-8.093105273542411,-0.0076699366643516,0.036815695988888,-0.0674954426462947,0.8421590457458145,-0.6844092385657332,-8.561290244490733,-2.69,-290.52,-274.38,-67.25,-640.22,0.0,0.1438849435344125,0.0,0.0719424717672062,0.0,32,38,37,37,41,0,-88,-94,0,-250,12.8,12.8,12.7,12.6,12.6,-999,-999,-1.96,0.0,0.0,0.0
13.278300523757935,-0.009203923997222,0.0582915186490727,-0.0429516453203694,0.8390910710800737,-0.6227988571453564,-8.093105273542411,-0.009203923997222,0.0383496833217584,-0.0674954426462947,0.8467610077444254,-0.6844092385657332,-8.561290244490733,-5.38,-277.07,-274.38,-48.42,-640.22,0.0,0.1199041196120104,0.0,0.0719424717672062,0.0,32,38,37,37,40,6,-88,-94,6,-243,12.8,12.8,12.7,12.6,12.5,-999,-999,-1.96,0.0,0.0,0.0
13.2953040599823,-0.009203923997222,0.0582915186490727,-0.0429516453203694,0.8421590457458145,-0.6227988571453564,-8.093105273542411,-0.009203923997222,0.0398836706546287,-0.0674954426462947,0.8513629697430365,-0.6844092385657332,-8.561290244490733,-5.38,-244.79,-274.38,-48.42,-642.91,0.0,0.1199041196120104,0.0,0.0959232956896083,0.0,32,38,37,37,40,0,-88,-94,12,-250,12.8,12.8,12.7,12.6,12.5,-999,-999,-1.96,0.0,0.0,0.0
13.312305927276611,-0.009203923997222,0.0598255059819431,-0.0429516453203694,0.8452270204115552,-0.6227988571453564,-8.093105273542411,-0.009203923997222,0.0398836706546287,-0.0674954426462947,0.8574989190745178,-0.6844092385657332,-8.561290244490733,-5.38,-234.03,-274.38,-40.35,-640.22,0.0,0.0959232956896083,0.0,0.1199041196120104,0.0,32,38,37,37,42,0,-82,-94,18,-243,12.8,12.7,12.7,12.6,12.5,-999,-999,-1.96,0.0,0.0,0.0
13.329270601272583,-0.009203923997222,0.0598255059819431,-0.0429516453203694,0.8498289824101661,-0.6227988571453564,-8.093105273542411,-0.009203923997222,0.041417657987499,-0.0674954426462947,0.8636348684059991,-0.6844092385657332,-8.561290244490733,-5.38,-225.96,-274.38,-67.25,-637.53,0.0,0.0719424717672062,0.0,0.1438849435344125,0.0,32,38,37,37,41,0,-82,-94,18,-243,12.8,12.8,12.7,12.6,12.4,-999,-999,-1.96,0.0,0.0,0.0
13.346271991729735,-0.0076699366643516,0.0598255059819431,-0.0429516453203694,0.8544309444087772,-0.6227988571453564,-8.093105273542411,-0.009203923997222,0.0429516453203694,-0.0674954426462947,0.8682368304046102,-0.6844092385657332,-8.561290244490733,-5.38,-207.13,-274.38,-61.87,-637.53,0.0,0.023980823922402,0.0,0.1678657674568146,0.0,32,38,38,37,41,0,-75,-94,25,-243,12.8,12.8,12.5,12.6,12.5,-999,-999,-1.96,0.0,0.0,0.0
13.363219976425171,-0.009203923997222,0.0598255059819431,-0.0429516453203694,0.8590329064073882,-0.6227988571453564,-8.093105273542411,-0.009203923997222,0.0429516453203694,-0.0674954426462947,0.8759067670689619,-0.6844092385657332,-8.561290244490733,-5.38,-196.37,-274.38,-43.04,-640.22,0.0,0.023980823922402,0.0,0.2158274153016187,0.0,32,39,38,37,41,0,-69,-94,31,-250,12.8,12.8,12.7,12.6,12.5,-999,-999,-1.96,0.0,0.0,0.0
13.380274772644043,-0.009203923997222,0.0598255059819431,-0.0429516453203694,0.8651688557388695,-0.6227988571453564,-8.093105273542411,-0.009203923997222,0.0444856326532397,-0.0674954426462947,0.8805087290675728,-0.6844092385657332,-8.561290244490733,0.0,-231.34,-271.69,-56.49,-637.53,0.0,0.0,0.0,0.2398082392240208,0.0,32,39,38,37,40,0,-69,-94,25,-243,12.8,12.7,12.7,12.6,12.5,-999,-999,-1.96,0.0,0.0,0.0
13.3973388671875,-0.009203923997222,0.0613594933148134,-0.0429516453203694,0.8697708177374806,-0.6227988571453564,-8.093105273542411,-0.0107379113300923,0.0444856326532397,-0.0690294299791651,0.8881786657319245,-0.6844092385657332,-8.561290244490733,-2.69,-217.89,-274.38,-61.87,-637.53,0.0,0.0,0.0,0.263789063146423,0.0,32,39,38,37,41,0,-69,-94,31,-243,12.8,12.8,12.7,12.6,12.6,-999,-999,-1.96,0.0,0.0,0.0
13.414272785186768,-0.009203923997222,0.0613594933148134,-0.0429516453203694,0.8759067670689619,-0.6227988571453564,-8.093105273542411,-0.0122718986629626,0.0444856326532397,-0.0674954426462947,0.8943146150634059,-0.6844092385657332,-8.561290244490733,0.0,-225.96,-274.38,-64.56,-634.84,0.0,0.0,0.0,0.287769887068825,0.0,32,39,38,37,41,-7,-69,-94,31,-243,12.8,12.9,12.7,12.6,12.4,-999,-999,-1.96,0.0,0.0,0.0
13.431252717971802,-0.009203923997222,0.0628934806476837,-0.0429516453203694,0.8820427164004432,-0.6227988571453564,-8.093105273542411,-0.0122718986629626,0.0444856326532397,-0.0674954426462947,0.8943146150634059,-0.6844092385657332,-8.561290244490733,34.97,-225.96,-274.38,-51.11,-634.84,0.0,0.023980823922402,0.0,0.3117507109912271,0.0,32,39,38,36,41,-13,-75,-94,31,-243,12.8,12.8,12.7,12.6,12.5,-999,-999,-1.96,0.0,0.0,0.0
13.448210716247559,-0.009203923997222,0.0644274679805541,-0.0429516453203694,0.8881786657319245,-0.6227988571453564,-8.093105273542411,-0.013805885995833,0.04601961998611,-0.0674954426462947,0.9081205010592388,-0.6844092385657332,-8.561290244490733,32.28,-193.68,-271.69,-56.49,-634.84,0.0,0.023980823922402,0.0,0.3117507109912271,0.0,32,38,38,36,41,-13,-75,-94,37,-243,12.8,12.8,12.7,12.6,12.5,-999,-999,-1.96,0.0,0.0,0.0
13.465223550796507,-0.0107379113300923,0.0644274679805541,-0.0429516453203694,0.8943146150634059,-0.6227988571453564,-8.093105273542411,-0.013805885995833,0.04601961998611,-0.0674954426462947,0.9081205010592388,-0.6844092385657332,-8.561290244490733,37.66,-244.79,-271.69,-64.56,-640.22,0.0,0.023980823922402,0.0,0.3117507109912271,0.0,32,38,38,37,41,-13,-75,-94,37,-243,12.8,12.9,12.7,12.6,12.5,-999,-999,-1.96,0.0,0.0,0.0
13.482210636138916,-0.0122718986629626,0.0659614553134244,-0.0429516453203694,0.9004505643948872,-0.6227988571453564,-8.093105273542411,-0.013805885995833,0.04601961998611,-0.0674954426462947,0.9157904377235906,-0.6844092385657332,-8.561290244490733,10.76,-258.24,-269.0,-64.56,-634.84,0.0,0.0479616478448041,0.0,0.3357315349136292,0.0,32,38,37,36,41,-13,-82,-94,37,-243,12.8,12.8,12.5,12.5,12.5,-999,-999,-1.96,0.0,0.0,0.0
13.49927830696106,-0.0122718986629626,0.0674954426462947,-0.0429516453203694,0.9065865137263686,-0.6227988571453564,-8.093105273542411,-0.013805885995833,0.0475536073189804,-0.0674954426462947,0.9280623363865532,-0.6844092385657332,-8.561290244490733,32.28,-244.79,-269.0,-59.18,-637.53,-0.023980823922402,0.0479616478448041,0.0,0.3597123588360313,0.0,32,38,37,36,41,-7,-82,-94,43,-243,12.8,12.8,12.7,12.6,12.5,-999,-999,-1.96,0.0,0.0,0.0
13.516274452209473,-0.0122718986629626,0.0690294299791651,-0.0429516453203694,0.9157904377235906,-0.6227988571453564,-8.093105273542411,-0.013805885995833,0.0490875946518507,-0.0674954426462947,0.935732273050905,-0.6844092385657332,-8.561290244490733,-5.38,-277.07,-274.38,-59.18,-634.84,-0.023980823922402,0.0479616478448041,0.0,0.3597123588360313,0.0,32,38,37,36,41,0,-88,-94,37,-243,12.8,12.8,12.7,12.6,12.5,-999,-999,-1.96,0.0,0.0,0.0
13.533243656158447,-0.013805885995833,0.0705634173120354,-0.0429516453203694,0.921926387055072,-0.6227988571453564,-8.093105273542411,-0.0153398733287033,0.0490875946518507,-0.0674954426462947,0.9434022097152568,-0.6844092385657332,-8.561290244490733,0.0,-277.07,-274.38,-64.56,-637.53,-0.023980823922402,0.0479616478448041,0.0,0.3597123588360313,0.0,32,38,37,36,40,0,-88,-94,37,-243,12.8,12.8,12.7,12.6,12.5,-999,-999,-1.96,0.0,0.0,0.0
13.550301551818848,-0.013805885995833,0.0705634173120354,-0.0429516453203694,0.9280623363865532,-0.6227988571453564,-8.093105273542411,-0.0153398733287033,0.050621581984721,-0.0690294299791651,0.949538159046738,-0.6844092385657332,-8.561290244490733,0.0,-258.24,-271.69,-67.25,-637.53,-0.023980823922402,0.0479616478448041,0.0,0.3597123588360313,0.0,32,38,37,36,40,-7,-88,-88,37,-243,12.8,12.8,12.7,12.6,12.5,-999,-999,-1.96,0.0,0.0,0.0
13.567258358001709,-0.013805885995833,0.0720974046449058,-0.0429516453203694,0.935732273050905,-0.6227988571453564,-8.093105273542411,-0.0153398733287033,0.0521555693175914,-0.0690294299791651,0.9556741083782192,-0.6844092385657332,-8.561290244490733,0.0,-250.17,-274.38,-61.87,-634.84,-0.023980823922402,0.0479616478448041,0.0,0.3836931827584334,0.0,32,38,37,36,40,-7,-88,-94,43,-243,12.8,12.8,12.7,12.6,12.5,-999,-999,-1.96,0.0,0.0,0.0
13.584280252456665,-0.013805885995833,0.0720974046449058,-0.0429516453203694,0.9418682223823864,-0.6227988571453564,-8.093105273542411,-0.0153398733287033,0.0521555693175914,-0.0690294299791651,0.963344045042571,-0.6844092385657332,-8.561290244490733,0.0,-234.03,-274.38,-59.18,-634.84,-0.023980823922402,0.0479616478448041,0.0,0.3836931827584334,0.0,32,38,37,36,40,-7,-82,-94,43,-243,12.8,12.7,12.7,12.6,12.4,-999,-999,-1.96,0.0,0.0,0.0
13.601304769515991,-0.0153398733287033,0.0720974046449058,-0.0444856326532397,0.9480041717138676,-0.6227988571453564,-8.093105273542411,-0.0153398733287033,0.0536895566504617,-0.0674954426462947,0.9694799943740524,-0.6844092385657332,-8.561290244490733,0.0,-225.96,-266.31,-53.8,-637.53,0.0,0.023980823922402,0.0,0.3836931827584334,0.0,32,38,37,36,40,0,-82,-88,43,-250,12.8,12.8,12.7,12.6,12.4,-999,-999,-1.96,0.0,0.0,0.0
13.618251085281372,-0.0153398733287033,0.0720974046449058,-0.0429516453203694,0.954140121045349,-0.6227988571453564,-8.093105273542411,-0.0153398733287033,0.055223543983332,-0.0674954426462947,0.977149931038404,-0.6844092385657332,-8.561290244490733,-5.38,-207.13,-271.69,-45.73,-634.84,0.0,0.023980823922402,0.0,0.3836931827584334,0.0,32,38,37,36,40,0,-75,-94,37,-243,12.8,12.8,12.7,12.5,12.5,-999,-999,-1.96,0.0,0.0,0.0
13.63524603843689,-0.0153398733287033,0.0720974046449058,-0.0429516453203694,0.963344045042571,-0.6227988571453564,-8.093105273542411,-0.0153398733287033,0.0567575313162024,-0.0690294299791651,0.9832858803698854,-0.6844092385657332,-8.561290244490733,-5.38,-209.82,-274.38,-56.49,-637.53,0.0,0.0,0.0,0.3836931827584334,0.0,32,38,37,36,40,0,-69,-94,37,-243,12.8,12.8,12.7,12.6,12.5,-999,-999,-1.96,0.0,0.0,0.0
13.652249813079834,-0.0153398733287033,0.0736313919777761,-0.0429516453203694,0.9694799943740524,-0.6212648698124861,-8.080811670411755,-0.013805885995833,0.0598255059819431,-0.0690294299791651,0.9894218297013668,-0.6844092385657332,-8.561290244490733,-5.38,-231.34,-269.0,-59.18,-634.84,0.0,0.0,0.0,0.3836931827584334,0.0,32,38,37,36,40,0,-69,-88,37,-243,12.8,12.8,12.7,12.6,12.4,-999,-999,-1.96,0.0,0.0,0.0
13.66928243637085,-0.0153398733287033,0.0751653793106464,-0.0429516453203694,0.9756159437055336,-0.6227988571453564,-8.093105273542411,-0.013805885995833,0.0613594933148134,-0.0674954426462947,0.995557779032848,-0.6844092385657332,-8.561290244490733,-5.38,-231.34,-277.07,-59.18,-634.84,0.0,0.023980823922402,0.0,0.3597123588360313,0.0,32,38,37,37,41,6,-69,-94,43,-243,12.8,12.8,12.7,12.6,12.6,-999,-999,-1.96,0.0,0.0,0.0
13.686287641525267,-0.0153398733287033,0.0766993666435168,-0.0429516453203694,0.981751893037015,-0.6227988571453564,-8.093105273542411,-0.0153398733287033,0.0628934806476837,-0.0690294299791651,1.0032277156971998,-0.6844092385657332,-8.561290244490733,-5.38,-250.17,-271.69,-40.35,-634.84,0.0,0.0479616478448041,0.0,0.3597123588360313,0.0,32,38,37,37,41,6,-63,-94,43,-243,12.8,12.8,12.7,12.6,12.4,-999,-999,-1.96,0.0,0.0,0.0
13.703263759613037,-0.0153398733287033,0.0797673413092574,-0.0429516453203694,0.9878878423684964,-0.6227988571453564,-8.093105273542411,-0.0153398733287033,0.0659614553134244,-0.0690294299791651,1.009363665028681,-0.6828752512328629,-8.550224356364243,-5.38,-271.69,-269.0,-48.42,-634.84,0.0,0.0719424717672062,0.0,0.3597123588360313,0.0,32,38,37,37,39,0,-75,-94,43,-243,12.8,12.8,12.7,12.6,12.5,-999,-999,-1.96,0.0,0.0,0.0
13.72026801109314,-0.0153398733287033,0.0813013286421278,-0.0429516453203694,0.9940237916999776,-0.6227988571453564,-8.093105273542411,-0.013805885995833,0.0674954426462947,-0.0674954426462947,1.013965627027292,-0.6844092385657332,-8.561290244490733,-8.07,-217.89,-274.38,-51.11,-621.39,0.0,0.0959232956896083,0.0,0.3597123588360313,0.0,32,38,37,37,40,0,-69,-94,43,-237,12.8,12.8,12.7,12.6,12.5,-999,-999,-1.96,0.0,0.0,0.0
13.737268686294556,-0.0153398733287033,0.0843693033078684,-0.0429516453203694,1.0016937283643297,-0.6227988571453564,-8.093105273542411,-0.0153398733287033,0.0705634173120354,-0.0690294299791651,1.0201015763587735,-0.6828752512328629,-8.550224356364243,-5.38,-282.45,-274.38,-56.49,-632.15,0.0,0.0959232956896083,0.0,0.3597123588360313,0.0,32,38,37,37,40,6,-69,-94,37,-243,12.8,12.8,12.7,12.6,12.5,-999,-999,-1.96,0.0,0.0,0.0
13.754339218139647,-0.013805885995833,0.0874372779736091,-0.0429516453203694,1.009363665028681,-0.6212648698124861,-8.080811670411755,-0.0153398733287033,0.0720974046449058,-0.0690294299791651,1.0262375256902547,-0.6844092385657332,-8.561290244490733,-5.38,-290.52,-271.69,-43.04,-621.39,0.0,0.1199041196120104,0.0,0.3597123588360313,0.0,32,38,37,37,40,0,-75,-88,31,-237,12.8,12.8,12.7,12.5,12.5,-999,-999,-1.96,0.0,0.0,0.0
13.771256446838379,-0.0153398733287033,0.0905052526393498,-0.0429516453203694,1.0154996143601625,-0.6227988571453564,-8.093105273542411,-0.0153398733287033,0.0736313919777761,-0.0690294299791651,1.0308394876888658,-0.6844092385657332,-8.561290244490733,-5.38,-290.52,-274.38,-64.56,-637.53,0.0,0.1438849435344125,0.0,0.3597123588360313,0.0,32,38,37,37,40,0,-82,-94,37,-243,12.8,12.8,12.6,12.6,12.4,-999,-999,-1.96,0.0,0.0,0.0
13.788209915161133,-0.0153398733287033,0.0935732273050904,-0.0429516453203694,1.0201015763587735,-0.6227988571453564,-8.093105273542411,-0.0153398733287033,0.0751653793106464,-0.0690294299791651,1.0339074623546065,-0.6844092385657332,-8.561290244490733,-5.38,-295.9,-274.38,-37.66,-640.22,0.0,0.1438849435344125,0.0,0.3357315349136292,0.0,32,38,37,37,41,-7,-82,-94,37,-250,12.8,12.8,12.7,12.5,12.5,-999,-999,-1.96,0.0,0.0,0.0
13.805188655853271,-0.0153398733287033,0.0966412019708311,-0.0429516453203694,1.0262375256902547,-0.6227988571453564,-8.093105273542411,-0.0153398733287033,0.0782333539763871,-0.0690294299791651,1.0385094243532176,-0.6844092385657332,-8.561290244490733,-5.38,-355.08,-269.0,-51.11,-637.53,0.0,0.1678657674568146,0.0,0.3357315349136292,0.0,32,38,37,37,41,0,-144,-94,25,-243,12.8,12.8,12.7,12.6,12.6,-999,-999,-1.96,0.0,0.0,0.0
13.822195768356323,-0.0153398733287033,0.0981751893037015,-0.0429516453203694,1.0293055003559954,-0.6212648698124861,-8.080811670411755,-0.0153398733287033,0.0782333539763871,-0.0690294299791651,1.0385094243532176,-0.6844092385657332,-8.561290244490733,-5.38,-277.07,-269.0,-48.42,-637.53,0.0,0.1438849435344125,0.0,0.3117507109912271,0.0,32,38,37,37,41,0,-88,-94,25,-243,12.8,12.8,12.7,12.6,12.4,-999,-999,-1.96,0.0,0.0,0.0
13.839222431182861,-0.0153398733287033,0.0997091766365718,-0.0429516453203694,1.0354414496874769,-0.6227988571453564,-8.093105273542411,-0.013805885995833,0.0828353159749981,-0.0674954426462947,1.0446453736846988,-0.6844092385657332,-8.561290244490733,-5.38,-293.21,-271.69,-64.56,-640.22,0.0,0.1438849435344125,0.0,0.3117507109912271,0.0,32,38,37,37,41,0,-88,-94,18,-250,12.8,12.8,12.8,12.6,12.4,-999,-999,-1.96,0.0,0.0,0.0
13.856185913085938,-0.0153398733287033,0.1027771513023125,-0.0444856326532397,1.0400434116860875,-0.6227988571453564,-8.093105273542411,-0.0153398733287033,0.0843693033078684,-0.0690294299791651,1.0477133483504395,-0.6844092385657332,-8.561290244490733,-5.38,-260.93,-269.0,-45.73,-637.53,0.0,0.1199041196120104,0.0,0.287769887068825,0.0,32,38,37,37,41,0,-82,-94,18,-243,12.8,12.8,12.7,12.6,12.5,-999,-999,-1.96,0.0,0.0,0.0
13.873219728469847,-0.0153398733287033,0.1043111386351828,-0.0429516453203694,1.0431113863518284,-0.6227988571453564,-8.093105273542411,-0.0153398733287033,0.0859032906407388,-0.0690294299791651,1.04924733568331,-0.6844092385657332,-8.561290244490733,-5.38,-274.38,-274.38,-45.73,-634.84,0.0,0.1199041196120104,0.0,0.263789063146423,0.0,32,38,37,37,41,0,-82,-94,12,-243,12.8,12.8,12.8,12.6,12.5,-999,-999,-1.96,0.0,0.0,0.0
13.890259981155396,-0.0153398733287033,0.1058451259680531,-0.0429516453203694,1.0461793610175691,-0.6227988571453564,-8.093105273542411,-0.013805885995833,0.0874372779736091,-0.0690294299791651,1.0523153103490506,-0.6844092385657332,-8.561290244490733,-5.38,-252.86,-271.69,-32.28,-637.53,0.0,0.0959232956896083,0.0,0.2398082392240208,0.0,32,38,37,37,41,0,-75,-94,12,-243,12.8,12.8,12.7,12.5,12.6,-999,-999,-1.96,0.0,0.0,0.0
13.907259941101074,-0.0153398733287033,0.1058451259680531,-0.0429516453203694,1.0477133483504395,-0.6227988571453564,-8.093105273542411,-0.013805885995833,0.0874372779736091,-0.0690294299791651,1.0523153103490506,-0.6844092385657332,-8.561290244490733,-5.38,-263.62,-274.38,-32.28,-637.53,0.0,0.0959232956896083,0.0,0.2158274153016187,0.0,32,38,37,37,41,6,-82,-94,6,-243,12.8,12.8,12.7,12.6,12.5,-999,-999,-1.96,0.0,0.0,0.0
13.924264192581175,-0.0153398733287033,0.1058451259680531,-0.0429516453203694,1.0507813230161802,-0.6227988571453564,-8.093105273542411,-0.0153398733287033,0.0920392399722201,-0.0690294299791651,1.053849297681921,-0.6844092385657332,-8.561290244490733,-5.38,-217.89,-269.0,-61.87,-637.53,0.0,0.0719424717672062,0.0,0.1918465913792167,0.0,32,38,38,37,41,0,-82,-94,6,-243,12.8,12.8,12.7,12.6,12.6,-999,-999,-1.96,0.0,0.0,0.0
13.941272497177124,-0.0153398733287033,0.1073791133009235,-0.0429516453203694,1.0523153103490506,-0.6227988571453564,-8.093105273542411,-0.0153398733287033,0.0935732273050904,-0.0690294299791651,1.053849297681921,-0.6844092385657332,-8.561290244490733,-5.38,-217.89,-271.69,-40.35,-642.91,0.0,0.0479616478448041,0.0,0.1678657674568146,0.0,32,38,38,37,41,0,-13,-94,6,-243,12.8,12.8,12.7,12.6,12.5,-999,-999,-1.96,0.0,0.0,0.0
13.958245992660524,-0.0153398733287033,0.1104470879666641,-0.0429516453203694,1.053849297681921,-0.6227988571453564,-8.093105273542411,-0.0153398733287033,0.0951072146379608,-0.0690294299791651,1.0553832850147913,-0.6844092385657332,-8.561290244490733,-5.38,-260.93,-269.0,-43.04,-637.53,0.0,0.0479616478448041,0.0,0.1199041196120104,0.0,32,38,38,37,41,-7,-75,-94,0,-243,12.8,12.8,12.7,12.6,12.5,-999,-999,-1.96,0.0,0.0,0.0
13.975202083587648,-0.0153398733287033,0.1119810752995345,-0.0444856326532397,1.0569172723476614,-0.6227988571453564,-8.093105273542411,-0.0153398733287033,0.0951072146379608,-0.0690294299791651,1.0553832850147913,-0.6844092385657332,-8.561290244490733,-5.38,-215.2,-274.38,-34.97,-640.22,0.0,0.0719424717672062,0.0,0.0959232956896083,0.0,32,38,38,37,40,0,-19,-94,6,-243,12.8,12.8,12.7,12.6,12.5,-999,-999,-1.96,0.0,0.0,0.0
13.992227792739868,-0.0153398733287033,0.1150490499652752,-0.0429516453203694,1.0569172723476614,-0.6227988571453564,-8.093105273542411,-0.0153398733287033,0.0997091766365718,-0.0690294299791651,1.0553832850147913,-0.6844092385657332,-8.561290244490733,-5.38,-277.07,-271.69,-34.97,-637.53,0.0,0.0959232956896083,0.0,0.0719424717672062,0.0,32,38,38,37,40,0,-75,-94,0,-243,12.8,12.8,12.7,12.6,12.6,-999,-999,-1.96,0.0,0.0,0.0
14.00921082496643,-0.0153398733287033,0.1165830372981455,-0.0429516453203694,1.0584512596805318,-0.6227988571453564,-8.093105273542411,-0.0153398733287033,0.0997091766365718,-0.0690294299791651,1.0553832850147913,-0.6844092385657332,-8.561290244490733,-5.38,-239.41,-271.69,-26.9,-634.84,0.0,0.0959232956896083,0.0,0.0719424717672062,0.0,32,38,38,37,40,0,-19,-94,-7,-243,12.8,12.8,12.8,12.6,12.5,-999,-999,-1.96,0.0,0.0,0.0
14.026215314865112,-0.0153398733287033,0.1196510119638862,-0.0429516453203694,1.0584512596805318,-0.6227988571453564,-8.093105273542411,-0.0153398733287033,0.1012431639694421,-0.0690294299791651,1.0553832850147913,-0.6844092385657332,-8.561290244490733,-5.38,-271.69,-269.0,-32.28,-642.91,0.0,0.0959232956896083,0.0,0.0479616478448041,0.0,32,38,38,37,40,-7,-69,-94,-7,-243,12.8,12.8,12.8,12.6,12.6,-999,-999,-1.96,0.0,0.0,0.0
14.043267488479614,-0.0153398733287033,0.1211849992967565,-0.0429516453203694,1.0584512596805318,-0.6227988571453564,-8.093105273542411,-0.0168738606615736,0.1058451259680531,-0.0690294299791651,1.0569172723476614,-0.6828752512328629,-8.550224356364243,0.0,-271.69,-269.0,-18.83,-637.53,0.0,0.1199041196120104,0.0,0.023980823922402,0.0,32,38,38,37,40,-7,-75,-94,-7,-243,12.8,12.8,12.8,12.6,12.5,-999,-999,-1.96,0.0,0.0,0.0
14.061263084411621,-0.0153398733287033,0.1242529739624972,-0.0444856326532397,1.0584512596805318,-0.6227988571453564,-8.093105273542411,-0.0168738606615736,0.1089131006337938,-0.0690294299791651,1.0584512596805318,-0.6844092385657332,-8.561290244490733,0.0,-279.76,-271.69,-16.14,-621.39,0.0,0.1199041196120104,0.0,0.023980823922402,0.0,32,39,38,37,41,-7,-75,-94,-7,-237,12.8,12.8,12.7,12.6,12.5,-999,-999,-1.96,0.0,0.0,0.0
14.078264713287354,-0.0153398733287033,0.1273209486282379,-0.0429516453203694,1.059985247013402,-0.6227988571453564,-8.093105273542411,-0.0168738606615736,0.1104470879666641,-0.0690294299791651,1.059985247013402,-0.6844092385657332,-8.561290244490733,-8.07,-287.83,-274.38,-10.76,-640.22,0.0,0.1438849435344125,0.0,0.0,0.0,32,38,37,37,41,-7,-82,-94,0,-243,12.8,13.0,12.8,12.6,12.5,-999,-999,-1.96,0.0,0.0,0.0
14.095195531845093,-0.0153398733287033,0.1288549359611082,-0.0429516453203694,1.059985247013402,-0.6227988571453564,-8.093105273542411,-0.0168738606615736,0.1135150626324048,-0.0690294299791651,1.0630532216791428,-0.6844092385657332,-8.561290244490733,-8.07,-295.9,-269.0,-21.52,-640.22,0.0,0.1438849435344125,0.0,0.0,0.0,32,38,37,37,40,-7,-75,-88,0,-243,12.8,12.8,12.7,12.6,12.6,-999,-999,-1.96,0.0,0.0,0.0
14.112164974212648,-0.0153398733287033,0.1319229106268489,-0.0429516453203694,1.059985247013402,-0.6212648698124861,-8.080811670411755,-0.0168738606615736,0.1150490499652752,-0.0690294299791651,1.0645872090120132,-0.6844092385657332,-8.561290244490733,-5.38,-228.65,-271.69,-34.97,-637.53,0.0,0.1438849435344125,0.0,0.0,0.0,32,38,38,37,40,-7,-82,-88,6,-243,12.8,12.8,12.7,12.6,12.5,-999,-999,-1.96,0.0,0.0,0.0
14.129173278808594,-0.0168738606615736,0.1334568979597192,-0.0429516453203694,1.0615192343462725,-0.6227988571453564,-8.093105273542411,-0.0168738606615736,0.1181170246310158,-0.0690294299791651,1.067655183677754,-0.6844092385657332,-8.561290244490733,-5.38,-258.24,-271.69,-8.07,-637.53,0.0,0.1438849435344125,0.0,0.023980823922402,0.0,32,38,38,37,40,-7,-75,-88,12,-243,12.8,12.8,12.7,12.6,12.6,-999,-999,-1.96,0.0,0.0,0.0
14.146218299865723,-0.0168738606615736,0.1349908852925895,-0.0429516453203694,1.0645872090120132,-0.6227988571453564,-8.093105273542411,-0.0168738606615736,0.1181170246310158,-0.0690294299791651,1.0707231583434946,-0.6844092385657332,-8.561290244490733,-5.38,-258.24,-269.0,-24.21,-637.53,0.0,0.1199041196120104,0.0,0.0479616478448041,0.0,32,38,38,36,40,0,-75,-94,6,-243,12.8,12.8,12.7,12.6,12.6,-999,-999,-1.96,0.0,0.0,0.0
14.163215875625612,-0.0168738606615736,0.1380588599583302,-0.0429516453203694,1.0661211963448836,-0.6227988571453564,-8.093105273542411,-0.0168738606615736,0.1196510119638862,-0.0690294299791651,1.0737911330092351,-0.6844092385657332,-8.561290244490733,-5.38,-274.38,-274.38,-24.21,-634.84,0.0,0.1199041196120104,0.0,0.0719424717672062,0.0,32,38,38,36,40,0,-82,-94,12,-243,12.8,12.9,12.8,12.6,12.5,-999,-999,-1.96,0.0,0.0,0.0
14.180278062820435,-0.0168738606615736,0.1380588599583302,-0.0429516453203694,1.0691891710106245,-0.6227988571453564,-8.093105273542411,-0.0168738606615736,0.1211849992967565,-0.0690294299791651,1.0783930950078462,-0.6844092385657332,-8.561290244490733,-5.38,-242.1,-269.0,-24.21,-637.53,0.0,0.0959232956896083,0.0,0.0959232956896083,0.0,32,38,38,36,40,0,-75,-94,12,-243,12.8,12.8,12.8,12.6,12.5,-999,-999,-1.96,0.0,0.0,0.0
14.197210550308228,-0.0168738606615736,0.1395928472912005,-0.0429516453203694,1.0722571456763648,-0.6227988571453564,-8.093105273542411,-0.0168738606615736,0.1227189866296268,-0.0690294299791651,1.0829950570064573,-0.6844092385657332,-8.561290244490733,-5.38,-199.06,-263.62,-5.38,-640.22,0.0,0.0959232956896083,0.0,0.1199041196120104,0.0,32,39,38,36,40,0,-19,-88,25,-243,12.8,12.8,12.7,12.6,12.6,-999,-999,-1.96,0.0,0.0,0.0
14.21417784690857,-0.0168738606615736,0.1411268346240709,-0.0429516453203694,1.0753251203421057,-0.6227988571453564,-8.093105273542411,-0.0168738606615736,0.1227189866296268,-0.0690294299791651,1.0829950570064573,-0.6844092385657332,-8.561290244490733,-5.38,-225.96,-263.62,-24.21,-634.84,0.0,0.0719424717672062,0.0,0.1438849435344125,0.0,32,39,38,36,40,0,-75,-88,25,-243,12.8,12.8,12.8,12.6,12.4,-999,-999,-1.96,0.0,0.0,0.0
14.232197523117065,-0.0168738606615736,0.1426608219569412,-0.0429516453203694,1.0799270823407163,-0.6212648698124861,-8.080811670411755,-0.0168738606615736,0.1242529739624972,-0.0690294299791651,1.0921989810036792,-0.6844092385657332,-8.561290244490733,-5.38,-242.1,-274.38,-24.21,-618.6999999999999,0.0,0.0719424717672062,0.0,0.1678657674568146,0.0,32,39,38,36,41,0,-75,-94,25,-237,12.8,12.8,12.7,12.6,12.5,-999,-999,-1.96,0.0,0.0,0.0
14.249214172363281,-0.0168738606615736,0.1426608219569412,-0.0444856326532397,1.0845290443393276,-0.6227988571453564,-8.093105273542411,-0.0168738606615736,0.1257869612953675,-0.0690294299791651,1.0968009430022905,-0.6844092385657332,-8.561290244490733,-5.38,-231.34,-266.31,-18.83,-634.84,0.0,0.0719424717672062,0.0,0.1918465913792167,0.0,32,39,38,36,41,0,-75,-88,31,-243,12.8,12.8,12.7,12.6,12.5,-999,-999,-1.96,0.0,0.0,0.0
14.26624059677124,-0.0168738606615736,0.1426608219569412,-0.0444856326532397,1.0891310063379385,-0.6212648698124861,-8.080811670411755,-0.0168738606615736,0.1257869612953675,-0.0690294299791651,1.101402905000901,-0.6844092385657332,-8.561290244490733,-5.38,-225.96,-269.0,-16.14,-634.84,0.0,0.0479616478448041,0.0,0.2158274153016187,0.0,32,39,38,36,41,0,-82,-88,25,-243,12.8,12.8,12.7,12.6,12.5,-999,-999,-1.96,0.0,0.0,0.0
14.283214807510376,-0.0168738606615736,0.1441948092898116,-0.0444856326532397,1.0921989810036792,-0.6212648698124861,-8.080811670411755,-0.0168738606615736,0.1257869612953675,-0.0690294299791651,1.1075388543323823,-0.6844092385657332,-8.561290244490733,-5.38,-228.65,-269.0,-21.52,-634.84,0.0,0.0479616478448041,0.0,0.2158274153016187,0.0,32,39,38,36,40,0,-82,-94,31,-243,12.8,12.8,12.7,12.6,12.4,-999,-999,-1.96,0.0,0.0,0.0
14.300228595733643,-0.0168738606615736,0.1441948092898116,-0.0444856326532397,1.0983349303351606,-0.6227988571453564,-8.093105273542411,-0.0168738606615736,0.1273209486282379,-0.0705634173120354,1.1121408163309936,-0.6844092385657332,-8.561290244490733,-5.38,-223.27,-263.62,-13.45,-634.84,0.0,0.023980823922402,0.0,0.2398082392240208,0.0,32,39,38,36,40,0,-75,-88,31,-243,12.8,12.8,12.7,12.6,12.5,-999,-999,-1.96,0.0,0.0,0.0
14.317221641540527,-0.0168738606615736,0.1426608219569412,-0.0429516453203694,1.1029368923337717,-0.6212648698124861,-8.080811670411755,-0.0168738606615736,0.1257869612953675,-0.0705634173120354,1.1152087909967343,-0.6844092385657332,-8.561290244490733,-5.38,-201.75,-314.73,-18.83,-634.84,0.0,0.023980823922402,0.0,0.2398082392240208,0.0,32,39,38,36,40,0,-75,-107,37,-243,12.8,12.8,12.7,12.6,12.5,-999,-999,-1.96,0.0,0.0,0.0
14.33421015739441,-0.0168738606615736,0.1441948092898116,-0.0444856326532397,1.1075388543323823,-0.6227988571453564,-8.093105273542411,-0.0168738606615736,0.1257869612953675,-0.0705634173120354,1.1198107529953454,-0.6844092385657332,-8.561290244490733,-5.38,-236.72,-303.97,-43.04,-640.22,0.0,0.0,0.0,0.2398082392240208,0.0,32,39,38,36,40,0,-82,-107,25,-250,12.8,12.8,12.7,12.6,12.5,-999,-999,-1.96,0.0,0.0,0.0
14.351197957992554,-0.0168738606615736,0.1441948092898116,-0.0429516453203694,1.1121408163309936,-0.6227988571453564,-8.093105273542411,-0.0168738606615736,0.1273209486282379,-0.0705634173120354,1.1244127149939562,-0.6828752512328629,-8.550224356364243,-5.38,-225.96,-301.28,-16.14,-634.84,0.0,0.0,0.0,0.263789063146423,0.0,32,39,38,36,41,0,-82,-107,49,-243,12.8,12.8,12.7,12.5,12.5,-999,-999,-1.96,0.0,0.0,0.0
14.368229150772095,-0.0168738606615736,0.1441948092898116,-0.0444856326532397,1.1152087909967343,-0.6227988571453564,-8.093105273542411,-0.0168738606615736,0.1273209486282379,-0.0705634173120354,1.127480689659697,-0.6844092385657332,-8.561290244490733,-5.38,-207.13,-301.28,-13.45,-621.39,0.0,0.0,0.0,0.263789063146423,0.0,32,39,38,36,41,0,-75,-100,31,-237,12.8,12.8,12.7,12.6,12.4,-999,-999,-1.96,0.0,0.0,0.0
14.38516569137573,-0.0153398733287033,0.1441948092898116,-0.0429516453203694,1.1198107529953454,-0.6227988571453564,-8.093105273542411,-0.0168738606615736,0.1273209486282379,-0.0705634173120354,1.1290146769925673,-0.6844092385657332,-8.561290244490733,-5.38,-196.37,-298.59,-51.11,-634.84,0.0,0.0,0.0,0.263789063146423,0.0,32,39,38,36,40,0,-69,-107,-1,-243,12.8,12.8,12.7,12.6,12.5,-999,-999,-1.96,0.0,0.0,0.0
14.403187990188599,-0.0168738606615736,0.1441948092898116,-0.0429516453203694,1.1244127149939562,-0.6212648698124861,-8.080811670411755,-0.0168738606615736,0.1273209486282379,-0.0705634173120354,1.1290146769925673,-0.6844092385657332,-8.561290244490733,-8.07,-193.68,-303.97,-40.35,-645.6,0.0,0.0,0.0,0.263789063146423,0.0,32,39,38,37,40,0,-69,-107,18,-250,12.8,12.8,12.7,12.6,12.5,-999,-999,-1.96,0.0,0.0,0.0
14.420162677764893,-0.0168738606615736,0.1441948092898116,-0.0444856326532397,1.127480689659697,-0.6227988571453564,-8.093105273542411,-0.0168738606615736,0.1273209486282379,-0.0720974046449058,1.1351506263240487,-0.6844092385657332,-8.561290244490733,-5.38,-190.99,-306.66,-32.28,-634.84,0.0,0.0,0.0,0.2398082392240208,0.0,32,39,38,37,42,0,-69,-107,12,-243,12.8,12.8,12.7,12.6,12.5,-999,-999,-1.96,0.0,0.0,0.0
14.437162160873413,-0.0168738606615736,0.1441948092898116,-0.0429516453203694,1.1305486643254377,-0.6227988571453564,-8.093105273542411,-0.0168738606615736,0.1273209486282379,-0.0720974046449058,1.1351506263240487,-0.6844092385657332,-8.561290244490733,-5.38,-193.68,-325.49,-29.59,-637.53,0.0,0.0,0.0,0.2158274153016187,0.0,32,39,38,37,41,0,-69,-113,12,-243,12.8,12.8,12.7,12.6,12.6,-999,-999,-1.96,0.0,0.0,0.0
14.454241275787354,-0.0168738606615736,0.1441948092898116,-0.0444856326532397,1.1336166389911784,-0.6227988571453564,-8.093105273542411,-0.018407847994444,0.1273209486282379,-0.0720974046449058,1.1397525883226596,-0.6844092385657332,-8.561290244490733,-5.38,-193.68,-320.11,-37.66,-634.84,0.0,0.0,0.0,0.1918465913792167,0.0,32,39,38,37,41,0,-69,-107,12,-243,12.8,12.8,12.7,12.7,12.5,-999,-999,-1.96,0.0,0.0,0.0
14.471210479736328,-0.0153398733287033,0.1441948092898116,-0.0429516453203694,1.1351506263240487,-0.6227988571453564,-8.093105273542411,-0.018407847994444,0.1273209486282379,-0.0720974046449058,1.14128657565553,-0.6844092385657332,-8.561290244490733,-21.52,-190.99,-322.8,-13.45,-634.84,0.0,0.0,0.0,0.1678657674568146,0.0,32,39,38,37,41,-7,-69,-113,12,-243,12.8,12.8,12.7,12.5,12.5,-999,-999,-1.96,0.0,0.0,0.0
14.488157033920288,-0.0168738606615736,0.1441948092898116,-0.0429516453203694,1.1382186009897892,-0.6227988571453564,-8.093105273542411,-0.018407847994444,0.1273209486282379,-0.0720974046449058,1.1428205629884003,-0.6844092385657332,-8.561290244490733,0.0,-190.99,-325.49,-32.28,-634.84,0.0,0.0,0.0,0.1678657674568146,0.0,32,39,38,37,41,-7,-69,-113,12,-243,12.8,12.8,12.5,12.6,12.4,-999,-999,-1.96,0.0,0.0,0.0
14.505212545394897,-0.0168738606615736,0.1441948092898116,-0.0429516453203694,1.1397525883226596,-0.6227988571453564,-8.093105273542411,-0.0199418353273143,0.1288549359611082,-0.0720974046449058,1.1443545503212706,-0.6828752512328629,-8.550224356364243,-5.38,-190.99,-322.8,-13.45,-637.53,0.0,0.0,0.0,0.1438849435344125,0.0,32,39,38,37,41,-7,-69,-107,12,-243,12.8,12.8,12.7,12.6,12.5,-999,-999,-1.96,0.0,0.0,0.0
14.522212266921997,-0.0168738606615736,0.1441948092898116,-0.0429516453203694,1.14128657565553,-0.6227988571453564,-8.093105273542411,-0.0199418353273143,0.1303889232939785,-0.0720974046449058,1.1474225249870114,-0.6844092385657332,-8.561290244490733,10.76,-174.85,-322.8,-24.21,-621.39,0.0,0.0,0.0,0.1199041196120104,0.0,32,39,38,37,41,-13,-63,-113,12,-237,12.8,12.8,12.7,12.6,12.4,-999,-999,-1.96,0.0,0.0,0.0
14.5392062664032,-0.018407847994444,0.1441948092898116,-0.0429516453203694,1.1428205629884003,-0.6227988571453564,-8.093105273542411,-0.0199418353273143,0.1319229106268489,-0.0736313919777761,1.1489565123198815,-0.6844092385657332,-8.561290244490733,-5.38,-169.47,-325.49,-2.69,-637.53,0.0,0.0,0.0,0.1199041196120104,0.0,32,39,38,37,41,-7,-57,-113,12,-243,12.8,12.8,12.7,12.6,12.5,-999,-999,-1.96,0.0,0.0,0.0
14.556989192962648,-0.018407847994444,0.1457287966226819,-0.0444856326532397,1.145888537654141,-0.6227988571453564,-8.093105273542411,-0.0199418353273143,0.1319229106268489,-0.0736313919777761,1.1489565123198815,-0.6844092385657332,-8.561290244490733,-5.38,-207.13,-336.25,-10.76,-634.84,0.0,0.0,0.0,0.1199041196120104,0.0,32,38,37,37,41,-7,-57,-119,12,-243,12.8,12.8,12.6,12.6,12.6,-999,-999,-1.96,0.0,0.0,0.0
14.574186325073244,-0.0199418353273143,0.1472627839555522,-0.0444856326532397,1.1474225249870114,-0.6227988571453564,-8.093105273542411,-0.0199418353273143,0.1334568979597192,-0.0720974046449058,1.150490499652752,-0.6844092385657332,-8.561290244490733,-2.69,-190.99,-314.73,-2.69,-634.84,0.0,0.023980823922402,0.0,0.0959232956896083,0.0,32,38,37,37,40,-7,-57,-113,12,-243,12.8,12.8,12.7,12.6,12.5,-999,-999,-1.96,0.0,0.0,0.0
14.591181039810179,-0.0199418353273143,0.1472627839555522,-0.0444856326532397,1.1489565123198815,-0.6227988571453564,-8.093105273542411,-0.0199418353273143,0.1349908852925895,-0.0720974046449058,1.1535584743184928,-0.6844092385657332,-8.561290244490733,0.0,-196.37,-317.42,-5.38,-637.53,-0.023980823922402,0.0479616478448041,0.0,0.0959232956896083,0.0,32,38,37,37,40,0,-57,-107,12,-243,12.8,12.9,12.7,12.6,12.5,-999,-999,-1.96,0.0,0.0,0.0
14.608249664306639,-0.0214758226601847,0.1487967712884225,-0.0444856326532397,1.1535584743184928,-0.6227988571453564,-8.093105273542411,-0.0199418353273143,0.1365248726254599,-0.0736313919777761,1.1581604363171036,-0.6844092385657332,-8.561290244490733,-2.69,-212.51,-333.56,-26.9,-634.84,-0.023980823922402,0.0479616478448041,0.0,0.0959232956896083,0.0,32,38,38,36,41,6,-57,-113,12,-243,12.8,12.7,12.7,12.6,12.4,-999,-999,-1.96,0.0,0.0,0.0
14.625206470489504,-0.0214758226601847,0.1503307586212929,-0.0429516453203694,1.155092461651363,-0.6227988571453564,-8.093105273542411,-0.0199418353273143,0.1380588599583302,-0.0720974046449058,1.159694423649974,-0.6844092385657332,-8.561290244490733,-2.69,-236.72,-338.94,-13.45,-640.22,-0.023980823922402,0.0719424717672062,0.0,0.0959232956896083,0.0,32,38,38,36,41,6,-63,-113,18,-243,12.8,12.8,12.7,12.6,12.5,-999,-999,-1.96,0.0,0.0,0.0
14.642199754714966,-0.0214758226601847,0.1533987332870336,-0.0429516453203694,1.1566264489842333,-0.6227988571453564,-8.093105273542411,-0.0199418353273143,0.1395928472912005,-0.0736313919777761,1.1612284109828444,-0.6844092385657332,-8.561290244490733,-2.69,-252.86,-309.35,-16.14,-637.53,-0.023980823922402,0.0719424717672062,0.0,0.1199041196120104,0.0,32,38,37,36,41,6,-69,-107,12,-243,12.8,12.8,12.7,12.5,12.4,-999,-999,-1.96,0.0,0.0,0.0
14.65923810005188,-0.0214758226601847,0.1549327206199039,-0.0444856326532397,1.1581604363171036,-0.6227988571453564,-8.093105273542411,-0.0199418353273143,0.1395928472912005,-0.0736313919777761,1.1627623983157147,-0.6844092385657332,-8.561290244490733,-2.69,-247.48,-344.32,0.0,-634.84,-0.023980823922402,0.0959232956896083,0.0,0.1199041196120104,0.0,32,38,37,36,41,6,-75,-119,12,-243,12.8,12.8,12.7,12.6,12.5,-999,-999,-1.96,0.0,0.0,0.0
14.6761794090271,-0.0214758226601847,0.1564667079527743,-0.0429516453203694,1.159694423649974,-0.6227988571453564,-8.093105273542411,-0.0199418353273143,0.1395928472912005,-0.0736313919777761,1.1627623983157147,-0.6844092385657332,-8.561290244490733,0.0,-263.62,-338.94,0.0,-637.53,0.0,0.0959232956896083,0.0,0.1199041196120104,0.0,32,38,37,36,41,12,-75,-119,12,-243,12.8,12.8,12.7,12.6,12.6,-999,-999,-1.96,0.0,0.0,0.0
14.693167924880981,-0.0214758226601847,0.1580006952856446,-0.0429516453203694,1.1612284109828444,-0.6227988571453564,-8.093105273542411,-0.0214758226601847,0.1411268346240709,-0.0736313919777761,1.1658303729814554,-0.6844092385657332,-8.561290244490733,0.0,-274.38,-336.25,0.0,-634.84,0.0,0.0959232956896083,0.0,0.0959232956896083,0.0,32,38,37,36,41,6,-82,-119,12,-243,12.8,12.8,12.6,12.6,12.4,-999,-999,-1.96,0.0,0.0,0.0
14.7102210521698,-0.0214758226601847,0.1580006952856446,-0.0429516453203694,1.1627623983157147,-0.6227988571453564,-8.093105273542411,-0.023009809993055,0.1411268346240709,-0.0736313919777761,1.1658303729814554,-0.6844092385657332,-8.561290244490733,-2.69,-244.79,-336.25,0.0,-634.84,0.0,0.0959232956896083,0.0,0.0959232956896083,0.0,32,38,37,36,40,0,-75,-119,12,-243,12.8,12.8,12.7,12.5,12.5,-999,-999,-1.96,0.0,0.0,0.0
14.727211475372316,-0.0214758226601847,0.1595346826185149,-0.0444856326532397,1.1658303729814554,-0.6227988571453564,-8.093105273542411,-0.023009809993055,0.1441948092898116,-0.0720974046449058,1.1658303729814554,-0.6844092385657332,-8.561290244490733,0.0,-239.41,-338.94,-32.28,-634.84,0.0,0.0719424717672062,0.0,0.0719424717672062,0.0,32,39,38,36,40,-7,-82,-119,6,-243,12.8,12.8,12.8,12.6,12.5,-999,-999,-1.96,0.0,0.0,0.0
14.744222879409792,-0.0214758226601847,0.1595346826185149,-0.0429516453203694,1.1658303729814554,-0.6212648698124861,-8.080811670411755,-0.023009809993055,0.1441948092898116,-0.0720974046449058,1.1658303729814554,-0.6844092385657332,-8.561290244490733,0.0,-209.82,-309.35,-26.9,-637.53,0.0,0.0479616478448041,0.0,0.0719424717672062,0.0,32,38,38,36,40,-7,-75,-76,0,-243,12.8,12.6,12.7,12.6,12.5,-999,-999,-1.96,0.0,0.0,0.0
14.761192083358763,-0.0214758226601847,0.1610686699513852,-0.0429516453203694,1.1658303729814554,-0.6227988571453564,-8.093105273542411,-0.0245437973259253,0.1472627839555522,-0.0736313919777761,1.1658303729814554,-0.6844092385657332,-8.561290244490733,34.97,-220.58,-338.94,-21.52,-621.39,0.0,0.023980823922402,0.0,0.0719424717672062,0.0,32,38,38,36,40,-13,-69,-119,0,-237,12.8,12.8,12.7,12.6,12.6,-999,-999,-1.96,0.0,0.0,0.0
14.779179811477661,-0.023009809993055,0.1610686699513852,-0.0429516453203694,1.1673643603143258,-0.6227988571453564,-8.093105273542411,-0.0245437973259253,0.1472627839555522,-0.0736313919777761,1.1658303729814554,-0.6844092385657332,-8.561290244490733,21.52,-182.92,-333.56,-13.45,-637.53,0.0,0.023980823922402,0.0,0.0479616478448041,0.0,32,38,38,36,40,-7,-63,-113,0,-243,12.8,12.8,12.7,12.6,12.5,-999,-999,-1.96,0.0,0.0,0.0
14.796257495880127,-0.023009809993055,0.1641366446171259,-0.0429516453203694,1.1673643603143258,-0.6227988571453564,-8.093105273542411,-0.0245437973259253,0.1487967712884225,-0.0736313919777761,1.1658303729814554,-0.6844092385657332,-8.561290244490733,-5.38,-204.44,-328.18,-5.38,-634.84,0.0,0.023980823922402,0.0,0.023980823922402,0.0,32,38,38,36,40,-7,-57,-119,0,-243,12.9,12.8,12.7,12.6,12.5,-999,-999,-1.96,0.0,0.0,0.0
14.81325650215149,-0.023009809993055,0.1641366446171259,-0.0444856326532397,1.1673643603143258,-0.6227988571453564,-8.093105273542411,-0.0245437973259253,0.1503307586212929,-0.0736313919777761,1.1658303729814554,-0.6844092385657332,-8.561290244490733,0.0,-258.24,-333.56,-5.38,-634.84,0.0,0.0479616478448041,0.0,0.023980823922402,0.0,32,38,38,36,41,-7,-119,-113,-7,-243,12.9,12.8,12.8,12.6,12.5,-999,-999,-1.96,0.0,0.0,0.0
14.830250501632692,-0.0245437973259253,0.1672046192828666,-0.0429516453203694,1.1658303729814554,-0.6227988571453564,-8.093105273542411,-0.0245437973259253,0.1503307586212929,-0.0736313919777761,1.1658303729814554,-0.6844092385657332,-8.561290244490733,0.0,-263.62,-330.87,-8.07,-637.53,0.0,0.0719424717672062,0.0,0.023980823922402,0.0,32,38,38,36,41,0,-69,-119,0,-243,12.8,12.8,12.6,12.6,12.6,-999,-999,-1.96,0.0,0.0,0.0
14.847209453582764,-0.0245437973259253,0.1672046192828666,-0.0429516453203694,1.1673643603143258,-0.6212648698124861,-8.080811670411755,-0.0260777846587957,0.1518647459541632,-0.0736313919777761,1.1658303729814554,-0.6844092385657332,-8.561290244490733,-5.38,-255.55,-336.25,-5.38,-640.22,-0.023980823922402,0.0719424717672062,0.0,0.0,0.0,32,38,38,36,41,0,-75,-113,-7,-250,12.8,12.8,12.7,12.6,12.6,-999,-999,-1.96,0.0,0.0,0.0
14.864223718643187,-0.0260777846587957,0.1687386066157369,-0.0429516453203694,1.1673643603143258,-0.6212648698124861,-8.080811670411755,-0.0260777846587957,0.1518647459541632,-0.0736313919777761,1.1658303729814554,-0.6844092385657332,-8.561290244490733,-2.69,-204.44,-333.56,-8.07,-637.53,-0.023980823922402,0.0719424717672062,0.0,0.0,0.0,32,39,38,36,41,0,-19,-113,-7,-243,12.8,12.8,12.7,12.5,12.5,-999,-999,-1.96,0.0,0.0,0.0
14.881208896636963,-0.0260777846587957,0.1718065812814776,-0.0444856326532397,1.1673643603143258,-0.6227988571453564,-8.093105273542411,-0.027611771991666,0.1533987332870336,-0.0751653793106464,1.1673643603143258,-0.6844092385657332,-8.561290244490733,0.0,-271.69,-338.94,-8.07,-634.84,-0.023980823922402,0.0719424717672062,0.0,0.0,0.0,32,39,38,36,41,-7,-69,-119,-7,-243,12.8,12.7,12.8,12.6,12.5,-999,-999,-1.96,0.0,0.0,0.0
