timestamp,pos1,pos2,pos3,pos4,pos5,pos6,goal_pos1,goal_pos2,goal_pos3,goal_pos4,goal_pos5,goal_pos6,current1,current2,current3,current4,current5,current6,vel1,vel2,vel3,vel4,vel5,vel6,load1,load2,load3,load4,load5,load6,temp1,temp2,temp3,temp4,temp5,temp6,volts1,volts2,volts3,volts4,volts5,volts6,force_x,force_y,force_z
0.015007257461547852,0.2585388826031161,-0.08975979010256553,0.6145093322406409,0.6137421545474566,-0.05600397160245541,0.47241994790823955,0.2646763041485906,-0.09436285626167144,0.5761504475814249,0.6014673114565073,-0.06060703776156134,0.46645504957606476,1,0,6,1,1,1,0,0,0,0,0,0,-28,24,112,44,24,32,34,32,37,36,31,38,124,122,123,122,122,123,-999,-999,-999
0.030849218368530273,0.2585388826031161,-0.08975979010256553,0.6145093322406409,0.6137421545474566,-0.05600397160245541,0.47241994790823955,0.2646763041485906,-0.09436285626167144,0.5776848029677936,0.6014673114565073,-0.06060703776156134,0.46645504957606476,0,0,6,1,0,0,0,0,0,0,0,0,-28,24,112,44,24,32,34,32,37,36,31,37,124,122,123,122,122,122,-999,-999,-999
0.04688596725463867,0.2585388826031161,-0.08975979010256553,0.6145093322406409,0.6137421545474566,-0.05600397160245541,0.47241994790823955,0.2662106595349593,-0.09436285626167144,0.5776848029677936,0.6014673114565073,-0.06060703776156134,0.46645504957606476,1,0,5,1,1,1,0,0,0,0,0,0,-28,24,108,44,24,32,34,32,37,36,31,38,124,122,123,122,122,123,-999,-999,-999
0.06301999092102051,0.2585388826031161,-0.08975979010256553,0.6145093322406409,0.6137421545474566,-0.05600397160245541,0.47241994790823955,0.2662106595349593,-0.09436285626167144,0.5792191583541622,0.6014673114565073,-0.06060703776156134,0.46645504957606476,1,0,5,1,1,1,0,0,0,0,0,0,-36,24,104,44,24,32,34,32,37,36,31,38,124,122,123,122,122,123,-999,-999,-999
0.07889318466186523,0.2585388826031161,-0.08975979010256553,0.6145093322406409,0.6137421545474566,-0.05600397160245541,0.47241994790823955,0.2662106595349593,-0.09436285626167144,0.5792191583541622,0.6014673114565073,-0.06060703776156134,0.46645504957606476,0,0,5,1,0,1,0,0,0,0,0,0,-32,24,100,44,24,32,34,32,37,36,31,38,124,122,123,122,122,122,-999,-999,-999
0.09345078468322754,0.2585388826031161,-0.08975979010256553,0.6145093322406409,0.6137421545474566,-0.05600397160245541,0.47241994790823955,0.2677450149213279,-0.09436285626167144,0.5807535137405307,0.6014673114565073,-0.06060703776156134,0.46645504957606476,0,0,4,1,0,0,0,0,0,0,0,0,-32,24,104,44,24,32,34,32,37,36,32,37,124,122,123,122,122,123,-999,-999,-999
0.11088323593139648,0.2585388826031161,-0.08975979010256553,0.6145093322406409,0.6137421545474566,-0.05600397160245541,0.47241994790823955,0.2677450149213279,-0.09436285626167144,0.5807535137405307,0.6014673114565073,-0.06060703776156134,0.46645504957606476,1,0,4,1,0,0,0,0,0,0,0,0,-36,24,100,44,24,32,34,32,37,36,31,38,124,122,123,122,122,123,-999,-999,-999
0.12644314765930176,0.2585388826031161,-0.08975979010256553,0.6145093322406409,0.6137421545474566,-0.05600397160245541,0.47241994790823955,0.2677450149213279,-0.09436285626167144,0.5807535137405307,0.6014673114565073,-0.06060703776156134,0.46645504957606476,0,0,4,1,1,1,0,0,0,0,0,0,-40,24,96,44,24,32,34,32,37,36,32,38,124,122,123,122,122,122,-999,-999,-999
0.14201092720031738,0.2585388826031161,-0.08975979010256553,0.6145093322406409,0.6137421545474566,-0.05600397160245541,0.47241994790823955,0.2677450149213279,-0.09436285626167144,0.5807535137405307,0.6014673114565073,-0.06060703776156134,0.46645504957606476,1,0,5,1,0,1,0,0,0,0,0,0,-36,24,100,44,24,32,34,32,37,36,31,38,124,122,123,122,122,110,-999,-999,-999
0.15889215469360352,0.2585388826031161,-0.08975979010256553,0.6145093322406409,0.6137421545474566,-0.05600397160245541,0.47241994790823955,0.2677450149213279,-0.09436285626167144,0.5807535137405307,0.6014673114565073,-0.06060703776156134,0.46645504957606476,1,1,5,1,1,1,0,0,0,0,0,0,-36,24,100,44,24,32,34,32,37,36,31,38,124,122,123,122,122,122,-999,-999,-999
0.17403054237365723,0.2585388826031161,-0.08975979010256553,0.6145093322406409,0.6137421545474566,-0.05600397160245541,0.47241994790823955,0.2677450149213279,-0.09436285626167144,0.5807535137405307,0.6014673114565073,-0.06060703776156134,0.46645504957606476,1,0,4,0,0,0,0,0,0,0,0,0,-36,24,100,44,24,32,34,32,37,36,31,38,124,122,123,122,122,123,-999,-999,-999
0.19100570678710938,0.2585388826031161,-0.08975979010256553,0.6145093322406409,0.6137421545474566,-0.05600397160245541,0.47241994790823955,0.2677450149213279,-0.09436285626167144,0.5807535137405307,0.6014673114565073,-0.06060703776156134,0.46645504957606476,1,0,5,1,0,1,0,0,0,0,0,0,-36,24,100,44,24,32,34,32,37,36,31,38,124,122,123,122,122,123,-999,-999,-999
0.20701885223388672,0.2585388826031161,-0.08975979010256553,0.6145093322406409,0.6137421545474566,-0.05600397160245541,0.47241994790823955,0.2677450149213279,-0.09436285626167144,0.5807535137405307,0.6014673114565073,-0.06060703776156134,0.46645504957606476,1,0,4,1,1,0,0,0,0,0,0,0,-36,24,100,44,24,32,34,32,37,36,32,38,124,122,123,122,122,123,-999,-999,-999
0.2238762378692627,0.2585388826031161,-0.08975979010256553,0.6145093322406409,0.6137421545474566,-0.05600397160245541,0.47241994790823955,0.2677450149213279,-0.09436285626167144,0.5807535137405307,0.6014673114565073,-0.06060703776156134,0.46645504957606476,1,1,4,1,0,0,0,0,0,0,0,0,-36,24,100,44,24,32,34,32,37,36,31,37,124,122,123,122,122,122,-999,-999,-999
0.23990440368652344,0.2585388826031161,-0.08975979010256553,0.6145093322406409,0.6137421545474566,-0.05600397160245541,0.47241994790823955,0.2677450149213279,-0.09436285626167144,0.5807535137405307,0.6014673114565073,-0.06060703776156134,0.46645504957606476,1,0,5,1,1,1,0,0,0,0,0,0,-36,24,100,44,24,32,34,32,37,36,31,38,124,122,123,122,122,122,-999,-999,-999
0.255462646484375,0.2585388826031161,-0.08975979010256553,0.6145093322406409,0.6137421545474566,-0.05600397160245541,0.47241994790823955,0.2677450149213279,-0.09436285626167144,0.5822878691268994,0.6014673114565073,-0.06060703776156134,0.46645504957606476,0,0,5,1,0,0,0,0,0,0,0,0,-36,24,100,44,24,32,35,32,37,36,32,37,124,122,123,122,122,123,-999,-999,-999
0.27150774002075195,0.2585388826031161,-0.08975979010256553,0.6145093322406409,0.6137421545474566,-0.05600397160245541,0.47241994790823955,0.2677450149213279,-0.09436285626167144,0.5822878691268994,0.6014673114565073,-0.06060703776156134,0.46645504957606476,1,0,4,1,1,1,0,0,0,0,0,0,-36,24,92,44,24,32,34,32,37,36,31,37,124,122,123,122,122,122,-999,-999,-999
0.28792810440063477,0.2585388826031161,-0.08975979010256553,0.6145093322406409,0.6137421545474566,-0.05600397160245541,0.47241994790823955,0.2677450149213279,-0.09436285626167144,0.5822878691268994,0.6014673114565073,-0.06060703776156134,0.46645504957606476,1,1,4,1,0,1,0,0,0,0,0,0,-36,24,92,44,24,32,34,32,37,36,31,38,124,122,123,122,122,123,-999,-999,-999
0.30388355255126953,0.2585388826031161,-0.08975979010256553,0.6145093322406409,0.6137421545474566,-0.05600397160245541,0.47241994790823955,0.2677450149213279,-0.09436285626167144,0.5822878691268994,0.6014673114565073,-0.06060703776156134,0.46645504957606476,1,0,4,1,1,1,0,0,0,0,0,0,-36,24,96,44,24,32,34,32,37,36,31,38,124,122,123,122,122,123,-999,-999,-999
0.3199038505554199,0.2585388826031161,-0.08975979010256553,0.6145093322406409,0.6137421545474566,-0.05600397160245541,0.47241994790823955,0.2677450149213279,-0.09436285626167144,0.5822878691268994,0.6014673114565073,-0.06060703776156134,0.46645504957606476,1,1,4,1,1,0,0,0,0,0,0,0,-36,24,96,44,24,32,34,32,37,36,32,38,124,122,123,122,122,123,-999,-999,-999
0.3360559940338135,0.2585388826031161,-0.08975979010256553,0.6145093322406409,0.6137421545474566,-0.05600397160245541,0.47241994790823955,0.2677450149213279,-0.09436285626167144,0.5822878691268994,0.6014673114565073,-0.06060703776156134,0.46645504957606476,0,0,4,1,1,0,0,0,0,0,0,0,-36,24,96,44,24,32,34,32,37,36,32,37,124,122,123,122,122,123,-999,-999,-999
0.3509225845336914,0.2585388826031161,-0.08975979010256553,0.6145093322406409,0.6137421545474566,-0.05600397160245541,0.47241994790823955,0.2677450149213279,-0.09436285626167144,0.5822878691268994,0.6014673114565073,-0.06060703776156134,0.46645504957606476,1,0,4,1,0,1,0,0,0,0,0,0,-36,24,96,44,24,32,35,32,37,36,31,37,124,122,123,122,122,122,-999,-999,-999
0.36789441108703613,0.2585388826031161,-0.08975979010256553,0.6145093322406409,0.6137421545474566,-0.05600397160245541,0.47241994790823955,0.2677450149213279,-0.09436285626167144,0.5822878691268994,0.6014673114565073,-0.06060703776156134,0.46645504957606476,1,0,4,1,1,1,0,0,0,0,0,0,-36,24,96,44,24,32,34,32,37,36,31,38,124,122,123,122,122,123,-999,-999,-999
0.38293910026550293,0.2585388826031161,-0.08975979010256553,0.6145093322406409,0.6137421545474566,-0.05600397160245541,0.47241994790823955,0.2677450149213279,-0.09436285626167144,0.5822878691268994,0.6014673114565073,-0.06060703776156134,0.46645504957606476,0,0,4,1,0,1,0,0,0,0,0,0,-36,24,96,44,24,32,34,32,37,36,31,37,124,122,123,122,122,123,-999,-999,-999
0.3980371952056885,0.2585388826031161,-0.08975979010256553,0.6145093322406409,0.6137421545474566,-0.05600397160245541,0.47241994790823955,0.2677450149213279,-0.09436285626167144,0.5822878691268994,0.6014673114565073,-0.06060703776156134,0.46645504957606476,0,0,5,0,1,0,0,0,0,0,0,0,-36,24,96,44,24,32,34,32,37,36,32,37,124,122,123,122,122,123,-999,-999,-999
0.41608715057373047,0.2585388826031161,-0.08975979010256553,0.6145093322406409,0.6137421545474566,-0.05600397160245541,0.47241994790823955,0.2677450149213279,-0.09436285626167144,0.5822878691268994,0.6014673114565073,-0.06060703776156134,0.46645504957606476,0,0,5,1,0,0,0,0,0,0,0,0,-36,24,96,44,24,32,34,32,37,36,31,38,124,122,123,122,122,123,-999,-999,-999
0.43105292320251465,0.2585388826031161,-0.08975979010256553,0.6145093322406409,0.6137421545474566,-0.05600397160245541,0.47241994790823955,0.2677450149213279,-0.09436285626167144,0.5822878691268994,0.6014673114565073,-0.06060703776156134,0.46645504957606476,1,1,4,1,0,1,0,0,0,0,0,0,-36,24,96,44,24,32,34,32,37,36,31,38,124,122,123,122,122,123,-999,-999,-999
0.4460928440093994,0.2585388826031161,-0.08975979010256553,0.6145093322406409,0.6137421545474566,-0.05600397160245541,0.47241994790823955,0.2677450149213279,-0.09436285626167144,0.5822878691268994,0.6014673114565073,-0.06060703776156134,0.46645504957606476,0,1,4,1,1,1,0,0,0,0,0,0,-36,24,96,44,24,32,34,32,37,36,31,37,124,122,123,122,122,123,-999,-999,-999
0.4619436264038086,0.2585388826031161,-0.08975979010256553,0.6145093322406409,0.6137421545474566,-0.05600397160245541,0.47241994790823955,0.2677450149213279,-0.09436285626167144,0.5822878691268994,0.6014673114565073,-0.06060703776156134,0.46645504957606476,1,0,4,1,0,1,0,0,0,0,0,0,-36,24,96,44,24,32,35,32,38,36,31,38,124,122,123,122,122,123,-999,-999,-999
0.47893738746643066,0.2585388826031161,-0.08975979010256553,0.6145093322406409,0.6137421545474566,-0.05600397160245541,0.47241994790823955,0.2677450149213279,-0.09436285626167144,0.5822878691268994,0.6014673114565073,-0.06060703776156134,0.46645504957606476,1,0,4,1,1,1,0,0,0,0,0,0,-36,24,96,44,24,32,34,32,37,36,31,38,124,122,123,122,122,122,-999,-999,-999
0.4954962730407715,0.2585388826031161,-0.08975979010256553,0.6145093322406409,0.6137421545474566,-0.05600397160245541,0.47241994790823955,0.2677450149213279,-0.09436285626167144,0.5822878691268994,0.6014673114565073,-0.06060703776156134,0.46645504957606476,1,0,4,1,0,0,0,0,0,0,0,0,-36,24,96,44,24,32,34,32,37,36,31,37,124,122,123,122,122,123,-999,-999,-999
0.5110840797424316,0.2585388826031161,-0.08975979010256553,0.6145093322406409,0.6137421545474566,-0.05600397160245541,0.47241994790823955,0.2677450149213279,-0.09436285626167144,0.5807535137405307,0.6014673114565073,-0.06060703776156134,0.46645504957606476,1,0,5,1,1,0,0,0,0,0,0,0,-36,24,100,44,24,32,34,32,38,36,32,37,124,122,123,122,122,123,-999,-999,-999
0.5280556678771973,0.2585388826031161,-0.08975979010256553,0.6145093322406409,0.6137421545474566,-0.05600397160245541,0.47241994790823955,0.2677450149213279,-0.09436285626167144,0.5807535137405307,0.6014673114565073,-0.06060703776156134,0.46645504957606476,1,1,4,1,0,1,0,0,0,0,0,0,-36,24,100,44,24,32,34,32,37,36,32,38,124,122,123,122,122,122,-999,-999,-999
0.544520378112793,0.2585388826031161,-0.08975979010256553,0.6145093322406409,0.6137421545474566,-0.05600397160245541,0.47241994790823955,0.2677450149213279,-0.09436285626167144,0.5807535137405307,0.6014673114565073,-0.06060703776156134,0.46645504957606476,0,0,5,1,0,0,0,0,0,0,0,0,-36,24,104,44,24,32,34,32,37,36,32,37,124,122,123,122,122,122,-999,-999,-999
0.5605056285858154,0.2585388826031161,-0.08975979010256553,0.6145093322406409,0.6137421545474566,-0.05600397160245541,0.47241994790823955,0.2677450149213279,-0.09436285626167144,0.5807535137405307,0.6014673114565073,-0.06060703776156134,0.46645504957606476,1,0,4,0,0,1,0,0,0,0,0,0,-36,24,100,44,24,32,34,32,37,36,31,37,124,122,123,122,122,123,-999,-999,-999
0.5765261650085449,0.2585388826031161,-0.08975979010256553,0.6145093322406409,0.6137421545474566,-0.05600397160245541,0.47241994790823955,0.2677450149213279,-0.09436285626167144,0.5807535137405307,0.6014673114565073,-0.06060703776156134,0.46645504957606476,1,0,5,1,0,1,0,0,0,0,0,0,-36,24,100,44,24,32,34,32,37,36,31,37,124,122,123,122,122,122,-999,-999,-999
0.5925281047821045,0.2585388826031161,-0.08975979010256553,0.6145093322406409,0.6137421545474566,-0.05600397160245541,0.47241994790823955,0.2677450149213279,-0.09436285626167144,0.5807535137405307,0.6014673114565073,-0.06060703776156134,0.46645504957606476,1,0,4,1,1,0,0,0,0,0,0,0,-36,24,100,44,24,32,34,32,37,36,32,38,124,122,123,122,122,123,-999,-999,-999
0.6080915927886963,0.2585388826031161,-0.08975979010256553,0.6145093322406409,0.6137421545474566,-0.05600397160245541,0.47241994790823955,0.2677450149213279,-0.09436285626167144,0.5807535137405307,0.6014673114565073,-0.06060703776156134,0.46645504957606476,0,0,4,1,0,0,0,0,0,0,0,0,-36,24,100,44,24,32,34,32,37,36,31,37,124,122,123,122,122,123,-999,-999,-999
0.624932050704956,0.2585388826031161,-0.08975979010256553,0.6145093322406409,0.6137421545474566,-0.05600397160245541,0.47241994790823955,0.2677450149213279,-0.09436285626167144,0.5807535137405307,0.6014673114565073,-0.06060703776156134,0.46645504957606476,1,0,5,1,1,1,0,0,0,0,0,0,-36,24,100,44,24,32,34,32,37,36,31,37,124,122,123,122,122,123,-999,-999,-999
0.6409420967102051,0.2585388826031161,-0.08975979010256553,0.6145093322406409,0.6137421545474566,-0.05600397160245541,0.47241994790823955,0.2677450149213279,-0.09436285626167144,0.5807535137405307,0.6014673114565073,-0.06060703776156134,0.46645504957606476,1,0,4,1,1,0,0,0,0,0,0,0,-36,24,100,44,24,32,34,32,37,36,31,37,124,122,123,122,122,122,-999,-999,-999
0.6570789813995361,0.2585388826031161,-0.08975979010256553,0.6145093322406409,0.6137421545474566,-0.05600397160245541,0.47241994790823955,0.2677450149213279,-0.09436285626167144,0.5792191583541622,0.6014673114565073,-0.06060703776156134,0.46645504957606476,1,0,5,1,1,1,0,0,0,0,0,0,-36,24,104,44,24,32,34,32,37,36,32,38,124,122,123,122,122,122,-999,-999,-999
0.670525074005127,0.2585388826031161,-0.08975979010256553,0.6145093322406409,0.6137421545474566,-0.05600397160245541,0.47241994790823955,0.2677450149213279,-0.09436285626167144,0.5792191583541622,0.6014673114565073,-0.06060703776156134,0.46645504957606476,1,0,5,1,0,0,0,0,0,0,0,0,-36,24,108,44,24,32,34,32,37,36,31,37,124,122,123,122,122,122,-999,-999,-999
0.6891019344329834,0.2585388826031161,-0.08975979010256553,0.6145093322406409,0.6137421545474566,-0.05600397160245541,0.47241994790823955,0.2677450149213279,-0.09436285626167144,0.5792191583541622,0.6014673114565073,-0.06060703776156134,0.46645504957606476,1,0,5,1,0,1,0,0,0,0,0,0,-36,24,104,44,24,32,34,32,37,36,32,38,124,122,123,122,122,122,-999,-999,-999
0.7041044235229492,0.2585388826031161,-0.08975979010256553,0.6145093322406409,0.6137421545474566,-0.05600397160245541,0.47241994790823955,0.2677450149213279,-0.09436285626167144,0.5792191583541622,0.6014673114565073,-0.06060703776156134,0.46645504957606476,1,0,5,1,0,0,0,0,0,0,0,0,-36,24,104,44,24,32,34,32,37,36,31,38,124,122,123,122,122,122,-999,-999,-999
0.7209899425506592,0.2585388826031161,-0.08975979010256553,0.6145093322406409,0.6137421545474566,-0.05600397160245541,0.47241994790823955,0.2677450149213279,-0.09436285626167144,0.5792191583541622,0.6014673114565073,-0.06060703776156134,0.46645504957606476,1,0,5,1,0,1,0,0,0,0,0,0,-36,24,104,44,24,32,34,32,37,36,32,38,124,122,123,122,122,123,-999,-999,-999
0.7360861301422119,0.2585388826031161,-0.08975979010256553,0.6145093322406409,0.6137421545474566,-0.05600397160245541,0.47241994790823955,0.2677450149213279,-0.09436285626167144,0.5792191583541622,0.6014673114565073,-0.06060703776156134,0.46645504957606476,0,0,5,1,0,0,0,0,0,0,0,0,-36,24,104,44,24,32,34,32,37,36,32,38,124,122,123,122,122,122,-999,-999,-999
0.7530176639556885,0.2585388826031161,-0.08975979010256553,0.6145093322406409,0.6137421545474566,-0.05600397160245541,0.47241994790823955,0.2677450149213279,-0.09436285626167144,0.5807535137405307,0.6014673114565073,-0.06060703776156134,0.46645504957606476,1,0,6,1,1,1,0,0,0,0,0,0,-36,24,104,44,24,32,35,32,37,36,31,38,124,122,123,122,122,123,-999,-999,-999
0.768951416015625,0.2585388826031161,-0.08975979010256553,0.6145093322406409,0.6137421545474566,-0.05600397160245541,0.47241994790823955,0.2677450149213279,-0.09436285626167144,0.5822878691268994,0.6014673114565073,-0.05907268237519269,0.46645504957606476,1,1,5,1,1,1,0,0,0,0,0,0,-36,24,96,44,24,32,34,32,37,36,31,38,124,122,123,122,122,122,-999,-999,-999
0.7850019931793213,0.2585388826031161,-0.08975979010256553,0.6145093322406409,0.6137421545474566,-0.05600397160245541,0.47241994790823955,0.2677450149213279,-0.09436285626167144,0.5822878691268994,0.6014673114565073,-0.05907268237519269,0.46645504957606476,0,0,4,1,0,1,0,0,0,0,0,0,-36,24,92,44,20,32,34,32,37,36,31,38,124,122,123,122,122,122,-999,-999,-999
0.7999863624572754,0.2585388826031161,-0.08975979010256553,0.6145093322406409,0.6137421545474566,-0.05600397160245541,0.47241994790823955,0.2677450149213279,-0.09436285626167144,0.5822878691268994,0.6014673114565073,-0.05907268237519269,0.46645504957606476,1,0,4,1,0,1,0,0,0,0,0,0,-36,24,92,44,0,32,34,32,37,36,32,37,124,122,123,122,122,123,-999,-999,-999
0.8169858455657959,0.2585388826031161,-0.08975979010256553,0.6145093322406409,0.6137421545474566,-0.05600397160245541,0.47241994790823955,0.2677450149213279,-0.0928285008753028,0.5822878691268994,0.6014673114565073,-0.05907268237519269,0.46645504957606476,1,0,5,2,0,0,0,0,0,0,0,0,-36,24,96,44,20,32,34,32,37,36,31,38,124,122,123,122,122,123,-999,-999,-999
0.8325517177581787,0.2585388826031161,-0.08975979010256553,0.6145093322406409,0.6137421545474566,-0.05600397160245541,0.47241994790823955,0.2677450149213279,-0.0928285008753028,0.5822878691268994,0.6014673114565073,-0.05907268237519269,0.46645504957606476,1,0,4,1,1,1,0,0,0,0,0,0,-36,20,96,44,20,32,34,32,37,36,31,37,124,122,123,122,122,123,-999,-999,-999
0.8485589027404785,0.2585388826031161,-0.08975979010256553,0.6145093322406409,0.6137421545474566,-0.05600397160245541,0.47241994790823955,0.2677450149213279,-0.09129414548893416,0.5822878691268994,0.6014673114565073,-0.06060703776156134,0.46645504957606476,1,0,5,1,0,0,0,0,0,0,0,0,-36,0,96,44,24,32,34,32,37,36,32,38,124,122,123,122,122,123,-999,-999,-999
0.8659677505493164,0.2585388826031161,-0.08975979010256553,0.6145093322406409,0.6137421545474566,-0.05600397160245541,0.47241994790823955,0.2677450149213279,-0.09129414548893416,0.5822878691268994,0.6014673114565073,-0.06214139314792997,0.46645504957606476,1,0,4,1,0,1,0,0,0,0,0,0,-36,0,96,44,32,32,34,32,37,36,32,38,124,122,123,122,122,123,-999,-999,-999
0.8800411224365234,0.2585388826031161,-0.08975979010256553,0.6145093322406409,0.6137421545474566,-0.05600397160245541,0.47241994790823955,0.2677450149213279,-0.09129414548893416,0.5822878691268994,0.6014673114565073,-0.06214139314792997,0.46645504957606476,1,0,5,1,1,0,0,0,0,0,0,0,-36,-20,96,44,32,32,34,32,37,36,31,37,124,122,123,122,122,123,-999,-999,-999
0.89811110496521,0.2585388826031161,-0.08822543471619687,0.6145093322406409,0.6137421545474566,-0.05600397160245541,0.47241994790823955,0.2677450149213279,-0.08975979010256553,0.5822878691268994,0.5999329560701387,-0.06214139314792997,0.46645504957606476,0,0,4,1,1,1,0,0,0,0,0,0,-36,20,96,52,28,32,34,32,37,36,31,38,124,122,123,122,122,123,-999,-999,-999
0.913170337677002,0.2585388826031161,-0.08822543471619687,0.6145093322406409,0.6137421545474566,-0.05600397160245541,0.47241994790823955,0.2677450149213279,-0.08975979010256553,0.5822878691268994,0.5999329560701387,-0.06214139314792997,0.46645504957606476,1,0,4,1,0,0,0,0,0,0,0,0,-36,0,96,52,28,32,34,32,37,36,31,37,124,122,123,122,122,122,-999,-999,-999
0.9295611381530762,0.2585388826031161,-0.08669107932982824,0.6145093322406409,0.6137421545474566,-0.05600397160245541,0.47241994790823955,0.2677450149213279,-0.08975979010256553,0.5822878691268994,0.5999329560701387,-0.06214139314792997,0.46645504957606476,2,0,4,1,1,1,0,50,0,0,0,0,-36,20,96,48,28,32,34,32,37,36,31,38,124,122,123,122,122,122,-999,-999,-999
0.945014476776123,0.2585388826031161,-0.08669107932982824,0.6145093322406409,0.6137421545474566,-0.05600397160245541,0.47241994790823955,0.2677450149213279,-0.08975979010256553,0.5822878691268994,0.5999329560701387,-0.06060703776156134,0.46645504957606476,1,0,4,1,1,0,0,50,0,0,0,0,-36,24,96,48,28,32,34,32,37,36,31,37,124,122,123,122,122,123,-999,-999,-999
0.9620165824890137,0.2585388826031161,-0.08669107932982824,0.6145093322406409,0.6137421545474566,-0.05600397160245541,0.47241994790823955,0.26927937030769655,-0.08975979010256553,0.5822878691268994,0.5999329560701387,-0.06060703776156134,0.46645504957606476,1,1,4,2,0,1,0,0,0,0,0,0,-36,20,96,48,20,32,34,32,37,36,31,38,124,122,123,122,122,123,-999,-999,-999
0.979039192199707,0.2585388826031161,-0.08669107932982824,0.6145093322406409,0.6137421545474566,-0.05600397160245541,0.47241994790823955,0.26927937030769655,-0.08975979010256553,0.5822878691268994,0.5999329560701387,-0.05907268237519269,0.46645504957606476,1,0,4,1,0,0,0,0,0,0,0,0,-40,20,96,48,24,32,34,32,37,36,31,37,124,122,123,122,122,123,-999,-999,-999
0.9939873218536377,0.2585388826031161,-0.08669107932982824,0.6145093322406409,0.6137421545474566,-0.05600397160245541,0.47241994790823955,0.26927937030769655,-0.08975979010256553,0.5822878691268994,0.5999329560701387,-0.05907268237519269,0.46645504957606476,1,0,4,1,0,1,0,0,0,0,0,0,-44,20,96,48,0,32,34,32,37,36,31,38,124,122,123,122,122,122,-999,-999,-999
1.0090265274047852,0.2585388826031161,-0.08669107932982824,0.6145093322406409,0.6137421545474566,-0.05600397160245541,0.47241994790823955,0.26927937030769655,-0.08975979010256553,0.5822878691268994,0.5999329560701387,-0.05907268237519269,0.46645504957606476,1,0,4,1,0,1,0,0,0,0,0,0,-40,20,96,48,0,32,34,32,37,36,32,37,124,122,123,122,122,123,-999,-999,-999
1.0260210037231445,0.2585388826031161,-0.08669107932982824,0.6145093322406409,0.6137421545474566,-0.05600397160245541,0.47241994790823955,0.26927937030769655,-0.08975979010256553,0.5822878691268994,0.5999329560701387,-0.06060703776156134,0.46645504957606476,1,0,4,1,0,1,0,0,0,0,0,0,-40,20,96,48,24,32,34,32,37,36,32,38,124,122,123,122,122,123,-999,-999,-999
1.0419929027557373,0.2585388826031161,-0.08669107932982824,0.6145093322406409,0.6137421545474566,-0.05600397160245541,0.47241994790823955,0.26927937030769655,-0.08975979010256553,0.5822878691268994,0.5999329560701387,-0.06060703776156134,0.46645504957606476,2,1,4,1,0,0,0,0,0,0,0,0,-40,20,96,48,28,32,34,32,37,36,31,38,124,122,123,122,122,123,-999,-999,-999
1.0581538677215576,0.2585388826031161,-0.08669107932982824,0.6145093322406409,0.6137421545474566,-0.05600397160245541,0.47241994790823955,0.26927937030769655,-0.08975979010256553,0.5822878691268994,0.5999329560701387,-0.06060703776156134,0.46645504957606476,1,0,4,1,0,1,0,0,0,0,0,0,-40,20,96,48,24,32,34,32,37,36,32,37,124,122,123,122,122,123,-999,-999,-999
1.0731611251831055,0.2585388826031161,-0.08669107932982824,0.6145093322406409,0.6137421545474566,-0.05600397160245541,0.47241994790823955,0.26927937030769655,-0.08975979010256553,0.5822878691268994,0.5999329560701387,-0.06060703776156134,0.46645504957606476,1,0,4,1,0,0,0,0,0,0,0,0,-40,20,96,48,24,32,34,32,37,36,31,37,124,122,123,122,122,122,-999,-999,-999
1.090163230895996,0.2585388826031161,-0.08669107932982824,0.6145093322406409,0.6137421545474566,-0.05600397160245541,0.47241994790823955,0.26927937030769655,-0.08975979010256553,0.5822878691268994,0.5999329560701387,-0.06214139314792997,0.46645504957606476,1,0,4,1,1,1,0,0,0,0,0,0,-40,20,96,48,28,32,34,32,37,36,31,38,124,122,123,122,122,123,-999,-999,-999
1.106001615524292,0.2585388826031161,-0.08669107932982824,0.6145093322406409,0.6137421545474566,-0.05600397160245541,0.47241994790823955,0.26927937030769655,-0.08975979010256553,0.5822878691268994,0.5999329560701387,-0.06214139314792997,0.46645504957606476,1,0,4,2,0,0,0,0,0,0,0,0,-40,20,96,48,32,32,34,32,37,36,31,37,123,122,123,122,122,122,-999,-999,-999
1.121199131011963,0.2585388826031161,-0.08669107932982824,0.6145093322406409,0.6137421545474566,-0.05600397160245541,0.47241994790823955,0.26927937030769655,-0.08975979010256553,0.5822878691268994,0.5999329560701387,-0.06214139314792997,0.46645504957606476,0,0,4,1,1,1,0,0,0,0,0,0,-40,20,96,48,28,32,34,32,37,36,31,38,124,122,123,122,122,123,-999,-999,-999
1.1380925178527832,0.2585388826031161,-0.08669107932982824,0.6145093322406409,0.6137421545474566,-0.05600397160245541,0.47241994790823955,0.26927937030769655,-0.08975979010256553,0.5822878691268994,0.5999329560701387,-0.06367574853429861,0.46645504957606476,1,0,4,1,1,1,0,0,0,0,0,0,-40,20,96,48,32,32,34,32,37,36,31,37,124,122,123,122,122,122,-999,-999,-999
1.1550538539886475,0.2585388826031161,-0.08669107932982824,0.6145093322406409,0.6137421545474566,-0.05600397160245541,0.47241994790823955,0.26927937030769655,-0.08975979010256553,0.5822878691268994,0.5999329560701387,-0.06367574853429861,0.46645504957606476,0,0,5,1,1,1,0,0,0,0,0,0,-40,20,96,48,36,32,34,32,37,36,31,37,124,122,123,122,122,122,-999,-999,-999
1.1705946922302246,0.2585388826031161,-0.08669107932982824,0.6145093322406409,0.6137421545474566,-0.05600397160245541,0.47241994790823955,0.2677450149213279,-0.08975979010256553,0.5822878691268994,0.5999329560701387,-0.06367574853429861,0.46645504957606476,1,0,4,2,1,0,0,0,0,0,0,0,-36,20,96,48,36,32,35,32,37,36,31,37,124,122,123,122,122,123,-999,-999,-999
1.1871795654296875,0.2585388826031161,-0.08669107932982824,0.6145093322406409,0.6137421545474566,-0.05600397160245541,0.47241994790823955,0.2662106595349593,-0.08975979010256553,0.5807535137405307,0.5999329560701387,-0.06367574853429861,0.46645504957606476,0,0,5,1,1,1,0,0,0,0,0,0,-28,20,104,48,32,32,34,32,37,36,31,37,124,122,123,122,122,122,-999,-999,-999
1.2016007900238037,0.2585388826031161,-0.08669107932982824,0.6145093322406409,0.6137421545474566,-0.05600397160245541,0.47241994790823955,0.2646763041485906,-0.08975979010256553,0.5807535137405307,0.5999329560701387,-0.06367574853429861,0.46645504957606476,0,0,5,1,0,1,0,0,0,0,0,0,-24,20,104,48,32,32,34,32,37,36,31,38,124,122,123,122,122,122,-999,-999,-999
1.2190494537353516,0.2585388826031161,-0.08669107932982824,0.6145093322406409,0.6137421545474566,-0.05600397160245541,0.47241994790823955,0.2646763041485906,-0.08975979010256553,0.5807535137405307,0.5999329560701387,-0.06367574853429861,0.46645504957606476,1,0,5,1,1,1,0,0,0,0,0,0,-24,20,100,48,32,32,34,32,37,36,31,37,124,122,123,122,122,123,-999,-999,-999
1.2340235710144043,0.2585388826031161,-0.08669107932982824,0.6145093322406409,0.6137421545474566,-0.05600397160245541,0.47241994790823955,0.2646763041485906,-0.08975979010256553,0.5807535137405307,0.5999329560701387,-0.06367574853429861,0.46645504957606476,0,0,4,1,1,1,0,0,0,0,0,0,-24,20,100,48,32,32,34,32,37,36,38,37,124,122,123,122,122,122,-999,-999,-999
1.250049114227295,0.2585388826031161,-0.08669107932982824,0.6145093322406409,0.6137421545474566,-0.05600397160245541,0.47241994790823955,0.2646763041485906,-0.08975979010256553,0.5807535137405307,0.5999329560701387,-0.06367574853429861,0.46645504957606476,0,0,4,1,0,1,0,0,0,0,0,0,-28,20,100,48,32,32,34,32,37,36,31,38,123,122,123,122,122,123,-999,-999,-999
1.2656242847442627,0.2585388826031161,-0.08669107932982824,0.6145093322406409,0.6137421545474566,-0.05600397160245541,0.47241994790823955,0.2646763041485906,-0.08975979010256553,0.5807535137405307,0.5999329560701387,-0.06367574853429861,0.46645504957606476,1,0,5,1,1,0,0,0,0,0,0,0,-28,20,100,48,32,32,34,32,37,36,31,38,124,122,123,122,122,123,-999,-999,-999
1.282057523727417,0.2585388826031161,-0.08669107932982824,0.6145093322406409,0.6137421545474566,-0.05600397160245541,0.47241994790823955,0.2646763041485906,-0.08975979010256553,0.5792191583541622,0.5999329560701387,-0.06367574853429861,0.46645504957606476,1,0,5,1,1,0,0,0,0,0,0,0,-28,20,104,48,32,32,34,32,37,36,31,38,124,122,123,122,122,122,-999,-999,-999
1.2990295886993408,0.2585388826031161,-0.08669107932982824,0.6145093322406409,0.6137421545474566,-0.05600397160245541,0.47241994790823955,0.2662106595349593,-0.08975979010256553,0.5792191583541622,0.5999329560701387,-0.06214139314792997,0.46645504957606476,1,0,5,1,1,1,0,0,0,0,0,0,-28,20,108,48,32,32,34,32,37,36,31,38,124,122,123,122,122,123,-999,-999,-999
1.313058614730835,0.2585388826031161,-0.08669107932982824,0.6145093322406409,0.6137421545474566,-0.05600397160245541,0.47241994790823955,0.2662106595349593,-0.08975979010256553,0.5792191583541622,0.5999329560701387,-0.06060703776156134,0.46645504957606476,1,0,5,1,0,0,0,0,0,0,0,0,-32,20,104,48,24,32,34,32,37,36,32,38,124,122,123,122,122,122,-999,-999,-999
1.3296175003051758,0.2585388826031161,-0.08669107932982824,0.6145093322406409,0.6137421545474566,-0.05600397160245541,0.47241994790823955,0.2662106595349593,-0.08975979010256553,0.5792191583541622,0.5999329560701387,-0.06060703776156134,0.46645504957606476,1,0,4,1,0,1,0,0,0,0,0,0,-36,20,104,48,20,32,35,32,37,36,31,37,124,122,123,122,122,123,-999,-999,-999
1.3472282886505127,0.2585388826031161,-0.08669107932982824,0.6145093322406409,0.6137421545474566,-0.05600397160245541,0.47241994790823955,0.2662106595349593,-0.08975979010256553,0.5792191583541622,0.5999329560701387,-0.05907268237519269,0.46645504957606476,0,0,5,1,0,0,0,0,0,0,0,0,-32,20,104,48,20,32,35,32,37,36,32,38,124,122,123,122,122,122,-999,-999,-999
1.3630776405334473,0.2585388826031161,-0.08669107932982824,0.6145093322406409,0.6137421545474566,-0.05600397160245541,0.47241994790823955,0.2662106595349593,-0.08975979010256553,0.5807535137405307,0.5999329560701387,-0.05907268237519269,0.46645504957606476,1,0,5,2,1,1,0,0,0,0,0,0,-32,20,104,48,20,32,34,32,37,36,31,38,124,122,123,122,122,123,-999,-999,-999
1.379239559173584,0.2585388826031161,-0.08669107932982824,0.6145093322406409,0.6137421545474566,-0.05600397160245541,0.47241994790823955,0.2662106595349593,-0.08975979010256553,0.5822878691268994,0.5999329560701387,-0.05907268237519269,0.46645504957606476,1,0,5,1,0,1,0,0,0,0,0,0,-32,20,100,48,0,32,34,32,37,36,31,37,124,122,123,122,122,123,-999,-999,-999
1.3952033519744873,0.2585388826031161,-0.08669107932982824,0.6145093322406409,0.6137421545474566,-0.05600397160245541,0.47241994790823955,0.2662106595349593,-0.08975979010256553,0.5822878691268994,0.6014673114565073,-0.05907268237519269,0.46645504957606476,0,0,4,1,0,0,0,0,0,0,0,0,-32,20,92,48,20,32,34,32,37,36,32,38,124,122,123,122,122,122,-999,-999,-999
1.411048173904419,0.2585388826031161,-0.08669107932982824,0.6145093322406409,0.6137421545474566,-0.05600397160245541,0.47241994790823955,0.2662106595349593,-0.08975979010256553,0.5822878691268994,0.6014673114565073,-0.05753832698882405,0.46645504957606476,0,0,4,1,1,0,0,0,0,0,0,0,-32,20,92,44,20,32,34,32,37,36,31,38,124,122,123,122,122,123,-999,-999,-999
1.4270474910736084,0.2585388826031161,-0.08669107932982824,0.6145093322406409,0.6137421545474566,-0.05600397160245541,0.47241994790823955,0.2646763041485906,-0.08975979010256553,0.5822878691268994,0.6014673114565073,-0.05753832698882405,0.46645504957606476,0,0,4,1,0,1,0,0,0,0,0,0,-28,20,96,40,0,32,34,32,37,36,31,38,124,122,123,122,122,123,-999,-999,-999
1.4440512657165527,0.2585388826031161,-0.08669107932982824,0.6145093322406409,0.6137421545474566,-0.05600397160245541,0.47241994790823955,0.2646763041485906,-0.08975979010256553,0.5807535137405307,0.6014673114565073,-0.05753832698882405,0.46645504957606476,0,0,5,1,0,0,0,0,0,0,0,0,-24,20,104,44,-20,32,34,32,37,36,31,38,124,122,123,122,122,123,-999,-999,-999
1.4600846767425537,0.2585388826031161,-0.08669107932982824,0.6145093322406409,0.6137421545474566,-0.05600397160245541,0.47241994790823955,0.2646763041485906,-0.08975979010256553,0.5807535137405307,0.6014673114565073,-0.05753832698882405,0.46645504957606476,1,0,4,2,0,1,0,0,0,0,0,0,-28,20,104,44,0,32,34,32,37,36,31,38,124,122,123,122,122,123,-999,-999,-999
1.4761948585510254,0.2585388826031161,-0.08669107932982824,0.6145093322406409,0.6137421545474566,-0.05600397160245541,0.47241994790823955,0.2646763041485906,-0.08975979010256553,0.5792191583541622,0.6014673114565073,-0.05753832698882405,0.46645504957606476,0,0,5,1,0,0,0,0,0,0,0,0,-28,20,104,44,0,32,34,32,37,36,32,38,124,122,123,122,122,123,-999,-999,-999
1.4920599460601807,0.2585388826031161,-0.08669107932982824,0.6145093322406409,0.6137421545474566,-0.05600397160245541,0.47241994790823955,0.2646763041485906,-0.08975979010256553,0.5776848029677936,0.6014673114565073,-0.05907268237519269,0.46645504957606476,0,0,6,1,0,1,0,0,0,0,0,0,-28,20,112,44,24,32,34,32,37,36,31,38,124,122,123,122,122,123,-999,-999,-999
1.5060858726501465,0.2585388826031161,-0.08669107932982824,0.6145093322406409,0.6137421545474566,-0.05600397160245541,0.47241994790823955,0.2646763041485906,-0.08975979010256553,0.5761504475814249,0.6014673114565073,-0.06060703776156134,0.46645504957606476,1,0,7,1,0,1,0,0,0,0,0,0,-28,20,116,44,28,32,34,32,37,36,32,38,124,122,123,122,122,122,-999,-999,-999
1.5250635147094727,0.2585388826031161,-0.08669107932982824,0.6145093322406409,0.6137421545474566,-0.05600397160245541,0.47241994790823955,0.2646763041485906,-0.08975979010256553,0.5746160921950562,0.6014673114565073,-0.06214139314792997,0.46645504957606476,0,0,7,1,0,1,0,0,0,0,0,0,-28,20,124,44,32,32,34,32,37,36,31,37,124,122,123,122,122,123,-999,-999,-999
1.5400896072387695,0.2585388826031161,-0.08669107932982824,0.6145093322406409,0.6137421545474566,-0.05600397160245541,0.47241994790823955,0.2646763041485906,-0.08975979010256553,0.5746160921950562,0.6014673114565073,-0.06214139314792997,0.46645504957606476,0,0,6,1,0,1,0,0,0,0,0,0,-28,20,124,44,32,32,34,32,37,36,32,38,124,122,123,122,122,123,-999,-999,-999
1.5562329292297363,0.2585388826031161,-0.08669107932982824,0.6145093322406409,0.6137421545474566,-0.05600397160245541,0.47241994790823955,0.2646763041485906,-0.08975979010256553,0.5761504475814249,0.6014673114565073,-0.06214139314792997,0.46645504957606476,1,0,6,1,1,1,0,0,0,0,0,0,-28,20,116,44,28,32,34,32,37,36,32,38,124,122,123,122,122,123,-999,-999,-999
1.5716657638549805,0.2585388826031161,-0.08669107932982824,0.6145093322406409,0.6137421545474566,-0.05600397160245541,0.47241994790823955,0.2646763041485906,-0.08975979010256553,0.5776848029677936,0.6014673114565073,-0.06214139314792997,0.46645504957606476,0,0,5,1,1,0,0,0,0,0,0,0,-28,20,108,44,28,32,34,32,37,36,31,38,124,122,123,122,122,123,-999,-999,-999
1.5876696109771729,0.2585388826031161,-0.08669107932982824,0.6145093322406409,0.6137421545474566,-0.05600397160245541,0.47241994790823955,0.2646763041485906,-0.09129414548893416,0.5807535137405307,0.6014673114565073,-0.06214139314792997,0.46645504957606476,0,1,5,1,1,1,0,0,0,0,0,0,-28,24,104,44,28,32,34,32,37,36,32,37,124,122,123,122,122,122,-999,-999,-999
1.6021013259887695,0.2585388826031161,-0.08669107932982824,0.6145093322406409,0.6137421545474566,-0.05600397160245541,0.47241994790823955,0.2646763041485906,-0.09129414548893416,0.5807535137405307,0.6014673114565073,-0.06214139314792997,0.46645504957606476,1,1,4,1,0,0,0,0,0,0,0,0,-28,28,92,44,28,32,35,32,37,36,32,37,123,122,123,122,122,123,-999,-999,-999
1.6201040744781494,0.2585388826031161,-0.08669107932982824,0.6145093322406409,0.6137421545474566,-0.05600397160245541,0.47241994790823955,0.2646763041485906,-0.09129414548893416,0.5822878691268994,0.6014673114565073,-0.06214139314792997,0.46645504957606476,0,0,5,1,0,0,0,0,0,0,0,0,-28,24,92,44,28,32,34,32,37,36,31,37,124,122,123,122,122,123,-999,-999,-999
1.6360788345336914,0.2585388826031161,-0.08669107932982824,0.6145093322406409,0.6137421545474566,-0.05600397160245541,0.47241994790823955,0.2646763041485906,-0.09129414548893416,0.5822878691268994,0.6014673114565073,-0.06214139314792997,0.46645504957606476,0,0,4,1,0,1,0,0,0,0,0,0,-28,24,96,44,28,32,34,32,37,36,32,38,124,122,122,122,122,122,-999,-999,-999
1.6511023044586182,0.2585388826031161,-0.08669107932982824,0.6145093322406409,0.6137421545474566,-0.05600397160245541,0.47241994790823955,0.2646763041485906,-0.09129414548893416,0.5822878691268994,0.6014673114565073,-0.06214139314792997,0.46645504957606476,0,0,4,1,1,0,0,0,0,0,0,0,-28,24,92,44,28,32,34,32,37,36,31,38,124,122,123,122,122,119,-999,-999,-999
1.6676673889160156,0.2585388826031161,-0.08669107932982824,0.6145093322406409,0.6137421545474566,-0.05600397160245541,0.47241994790823955,0.2662106595349593,-0.09129414548893416,0.5822878691268994,0.6014673114565073,-0.06060703776156134,0.46645504957606476,0,0,4,1,1,0,0,0,0,0,0,0,-28,24,96,44,28,32,35,32,37,36,31,37,124,122,123,122,122,123,-999,-999,-999
1.6831145286560059,0.2585388826031161,-0.08669107932982824,0.6145093322406409,0.6137421545474566,-0.05600397160245541,0.47241994790823955,0.2662106595349593,-0.09129414548893416,0.5822878691268994,0.6014673114565073,-0.06060703776156134,0.46645504957606476,0,0,4,1,1,1,0,0,0,0,0,0,-32,24,96,44,24,32,34,32,37,36,32,38,124,122,123,122,122,123,-999,-999,-999
1.7001218795776367,0.2585388826031161,-0.08669107932982824,0.6145093322406409,0.6137421545474566,-0.05600397160245541,0.47241994790823955,0.2662106595349593,-0.09129414548893416,0.5822878691268994,0.6014673114565073,-0.06060703776156134,0.46526206990962987,1,0,5,1,0,1,0,0,0,0,0,0,-36,24,96,44,20,36,34,32,37,36,31,38,124,122,123,122,122,122,-999,-999,-999
1.7171244621276855,0.2585388826031161,-0.08669107932982824,0.6145093322406409,0.6137421545474566,-0.05600397160245541,0.47241994790823955,0.2677450149213279,-0.08975979010256553,0.5822878691268994,0.603001666842876,-0.06060703776156134,0.46526206990962987,1,0,4,1,0,1,0,0,0,0,0,0,-32,24,96,44,24,40,34,32,37,36,31,38,124,122,123,122,122,122,-999,-999,-999
1.7322347164154053,0.2585388826031161,-0.08669107932982824,0.6145093322406409,0.6137421545474566,-0.05600397160245541,0.47241994790823955,0.2677450149213279,-0.08975979010256553,0.5822878691268994,0.603001666842876,-0.05907268237519269,0.46526206990962987,1,0,4,1,0,1,0,0,0,0,0,0,-40,0,96,40,24,40,34,32,37,36,31,38,124,122,123,122,122,123,-999,-999,-999
1.7481262683868408,0.2585388826031161,-0.08669107932982824,0.6145093322406409,0.6137421545474566,-0.05600397160245541,0.47241994790823955,0.2677450149213279,-0.08975979010256553,0.5822878691268994,0.603001666842876,-0.05907268237519269,0.46526206990962987,1,0,5,1,0,1,0,0,0,0,0,0,-40,20,96,36,0,36,34,32,37,36,31,38,124,122,123,122,122,123,-999,-999,-999
1.7651004791259766,0.2585388826031161,-0.08669107932982824,0.6145093322406409,0.6137421545474566,-0.05600397160245541,0.47241994790823955,0.2677450149213279,-0.08975979010256553,0.5822878691268994,0.603001666842876,-0.05907268237519269,0.46526206990962987,1,0,4,1,0,1,0,0,0,0,0,0,-36,20,96,40,0,36,34,32,37,36,32,38,124,122,123,122,122,123,-999,-999,-999
1.7801311016082764,0.2585388826031161,-0.08669107932982824,0.6145093322406409,0.6137421545474566,-0.05600397160245541,0.47241994790823955,0.2677450149213279,-0.08975979010256553,0.5822878691268994,0.603001666842876,-0.05753832698882405,0.46526206990962987,0,0,4,0,1,1,0,0,0,0,0,0,-36,20,96,40,20,36,34,32,37,36,31,38,124,122,123,122,122,123,-999,-999,-999
1.7981281280517578,0.2585388826031161,-0.08669107932982824,0.6145093322406409,0.6137421545474566,-0.05600397160245541,0.47241994790823955,0.2677450149213279,-0.08975979010256553,0.5822878691268994,0.603001666842876,-0.05753832698882405,0.46526206990962987,0,0,4,1,0,1,0,0,0,0,0,0,-36,20,96,40,-20,36,34,32,37,36,32,38,124,122,123,122,122,123,-999,-999,-999
1.814141035079956,0.2585388826031161,-0.08669107932982824,0.6145093322406409,0.6137421545474566,-0.05600397160245541,0.47241994790823955,0.2677450149213279,-0.08975979010256553,0.5822878691268994,0.603001666842876,-0.05753832698882405,0.46526206990962987,1,0,5,1,0,1,0,0,0,0,0,0,-36,20,96,40,0,36,34,32,37,36,31,37,124,122,123,122,122,123,-999,-999,-999
1.8291053771972656,0.2585388826031161,-0.08669107932982824,0.6145093322406409,0.6137421545474566,-0.05600397160245541,0.47241994790823955,0.2677450149213279,-0.08975979010256553,0.5822878691268994,0.603001666842876,-0.05753832698882405,0.46526206990962987,1,0,4,1,0,1,0,0,0,0,0,0,-36,20,96,40,0,36,34,32,37,36,32,38,124,122,123,122,122,123,-999,-999,-999
1.8451128005981445,0.2585388826031161,-0.08669107932982824,0.6145093322406409,0.6137421545474566,-0.05600397160245541,0.47241994790823955,0.2677450149213279,-0.08975979010256553,0.5822878691268994,0.603001666842876,-0.05753832698882405,0.46526206990962987,0,0,5,1,0,1,0,0,0,0,0,0,-36,20,96,40,0,36,34,32,37,36,31,37,124,122,123,122,122,123,-999,-999,-999
1.861250638961792,0.2585388826031161,-0.08669107932982824,0.6145093322406409,0.6137421545474566,-0.05600397160245541,0.47241994790823955,0.2677450149213279,-0.08975979010256553,0.5822878691268994,0.603001666842876,-0.05753832698882405,0.46526206990962987,1,0,4,1,0,1,0,0,0,0,0,0,-36,20,96,40,0,36,34,32,37,36,31,38,124,122,123,122,122,122,-999,-999,-999
1.8771204948425293,0.2585388826031161,-0.08669107932982824,0.6145093322406409,0.6137421545474566,-0.05600397160245541,0.47241994790823955,0.2677450149213279,-0.08975979010256553,0.5822878691268994,0.603001666842876,-0.05753832698882405,0.46287611057676,1,0,4,1,0,1,0,0,0,0,0,0,-36,20,96,40,0,40,34,32,37,36,31,37,124,122,123,122,122,123,-999,-999,-999
1.893120527267456,0.2585388826031161,-0.08669107932982824,0.6145093322406409,0.6137421545474566,-0.05600397160245541,0.47241994790823955,0.2677450149213279,-0.08975979010256553,0.5822878691268994,0.603001666842876,-0.05753832698882405,0.46287611057676,0,0,4,1,0,2,0,0,0,0,0,0,-36,20,96,40,0,52,34,32,37,36,31,38,124,122,123,122,122,123,-999,-999,-999
1.9081480503082275,0.2585388826031161,-0.08669107932982824,0.6145093322406409,0.6137421545474566,-0.05600397160245541,0.47241994790823955,0.2677450149213279,-0.08975979010256553,0.5822878691268994,0.603001666842876,-0.05753832698882405,0.46287611057676,1,0,4,1,0,1,0,0,0,0,0,0,-36,20,96,40,0,52,35,32,37,36,31,38,124,122,123,122,122,122,-999,-999,-999
1.9251432418823242,0.2585388826031161,-0.08669107932982824,0.6145093322406409,0.6137421545474566,-0.05600397160245541,0.47241994790823955,0.2677450149213279,-0.08975979010256553,0.5822878691268994,0.603001666842876,-0.05753832698882405,0.46287611057676,1,0,4,0,0,1,0,0,0,0,0,0,-36,20,96,40,0,44,34,32,37,36,31,38,124,122,123,122,122,123,-999,-999,-999
1.9407649040222168,0.2585388826031161,-0.08669107932982824,0.6145093322406409,0.6137421545474566,-0.05600397160245541,0.4712269682418046,0.2677450149213279,-0.08975979010256553,0.5822878691268994,0.603001666842876,-0.05753832698882405,0.46287611057676,0,0,4,1,0,1,0,0,0,0,0,-50,-36,20,96,40,0,40,34,32,37,36,31,37,124,122,123,122,122,123,-999,-999,-999
1.9561817646026611,0.2585388826031161,-0.08669107932982824,0.6145093322406409,0.6137421545474566,-0.05600397160245541,0.4700339885753697,0.2677450149213279,-0.08975979010256553,0.5822878691268994,0.603001666842876,-0.05753832698882405,0.46287611057676,0,1,4,1,0,0,0,0,0,0,0,-50,-36,20,96,40,0,32,34,32,37,36,31,38,124,122,123,122,122,123,-999,-999,-999
1.9727132320404053,0.2585388826031161,-0.08669107932982824,0.6145093322406409,0.6137421545474566,-0.05600397160245541,0.4688410089089347,0.2677450149213279,-0.08975979010256553,0.5822878691268994,0.603001666842876,-0.05753832698882405,0.4592971715774551,0,0,4,1,0,1,0,0,0,0,0,-50,-36,20,96,40,0,36,34,32,37,36,31,38,124,122,123,122,122,123,-999,-999,-999
1.9901602268218994,0.2585388826031161,-0.08669107932982824,0.6145093322406409,0.6137421545474566,-0.05600397160245541,0.4688410089089347,0.2677450149213279,-0.08975979010256553,0.5822878691268994,0.603001666842876,-0.05753832698882405,0.45213929357884547,0,0,4,1,0,1,0,0,0,0,0,-50,-36,20,96,40,0,44,34,32,37,36,31,37,124,122,123,122,122,123,-999,-999,-999
2.006134510040283,0.2585388826031161,-0.08669107932982824,0.6145093322406409,0.6137421545474566,-0.05600397160245541,0.46645504957606476,0.2677450149213279,-0.08975979010256553,0.5822878691268994,0.603001666842876,-0.05753832698882405,0.44140247658093096,0,0,4,1,0,2,0,0,0,0,0,0,-36,20,96,40,0,80,34,32,37,36,31,38,124,122,123,122,122,122,-999,-999,-999
2.0213005542755127,0.2585388826031161,-0.08669107932982824,0.6145093322406409,0.6137421545474566,-0.05600397160245541,0.46287611057676,0.2677450149213279,-0.08975979010256553,0.5822878691268994,0.603001666842876,-0.05753832698882405,0.4282797002501465,1,0,5,1,0,3,0,0,0,0,0,-100,-36,20,96,40,0,116,34,32,37,36,31,38,124,122,123,122,122,123,-999,-999,-999
2.0381388664245605,0.2585388826031161,-0.08669107932982824,0.6145093322406409,0.6137421545474566,-0.05600397160245541,0.45691121224458525,0.2677450149213279,-0.08975979010256553,0.5822878691268994,0.603001666842876,-0.05753832698882405,0.40919202558718726,0,0,4,1,0,3,0,0,0,0,0,-250,-36,20,96,40,0,132,34,32,37,36,31,38,124,122,123,122,122,123,-999,-999,-999
2.0537378787994385,0.2585388826031161,-0.08669107932982824,0.6145093322406409,0.6137421545474566,-0.05600397160245541,0.4461743952466707,0.2677450149213279,-0.08975979010256553,0.5822878691268994,0.6014673114565073,-0.05753832698882405,0.38891137125779324,1,0,4,1,0,4,0,0,0,0,0,-250,-36,20,96,48,0,156,34,32,37,36,31,37,124,122,123,122,122,123,-999,-999,-999
2.069727897644043,0.2585388826031161,-0.08669107932982824,0.6145093322406409,0.6137421545474566,-0.05600397160245541,0.43663055791519106,0.2677450149213279,-0.08975979010256553,0.5807535137405307,0.6014673114565073,-0.05753832698882405,0.36863071692839905,1,0,4,1,0,3,0,0,0,0,0,-450,-36,20,100,48,0,172,34,32,37,36,32,38,124,122,123,122,122,122,-999,-999,-999
2.0863161087036133,0.2585388826031161,-0.08669107932982824,0.6145093322406409,0.6137421545474566,-0.05600397160245541,0.4258937409172766,0.26927937030769655,-0.08975979010256553,0.5792191583541622,0.6014673114565073,-0.05753832698882405,0.34715708293257,0,0,5,1,0,6,0,0,0,0,0,-500,-36,20,108,44,0,204,34,32,37,36,31,37,124,122,123,122,122,122,-999,-999,-999
2.1011929512023926,0.2585388826031161,-0.08669107932982824,0.6145093322406409,0.6137421545474566,-0.05600397160245541,0.4139639442529271,0.26927937030769655,-0.08975979010256553,0.5776848029677936,0.6014673114565073,-0.05753832698882405,0.3268764286031759,1,1,5,1,0,7,0,0,0,0,0,-550,-40,20,112,44,0,248,34,32,37,36,32,38,124,122,122,122,122,122,-999,-999,-999
2.120347261428833,0.2585388826031161,-0.08669107932982824,0.6145093322406409,0.6137421545474566,-0.05600397160245541,0.39726222892283786,0.26927937030769655,-0.08975979010256553,0.5761504475814249,0.6014673114565073,-0.05753832698882405,0.30898173360665165,1,0,6,1,0,5,0,0,0,0,0,-650,-44,20,116,44,0,264,34,33,37,36,32,38,124,122,123,121,122,122,-999,-999,-999
2.135188579559326,0.2585388826031161,-0.08669107932982824,0.6145093322406409,0.6137421545474566,-0.05600397160245541,0.3817534932591835,0.26927937030769655,-0.09129414548893416,0.5761504475814249,0.6014673114565073,-0.05753832698882405,0.2910870386101274,1,1,6,1,0,4,0,0,0,0,0,-650,-40,24,120,44,0,264,34,32,37,36,31,38,124,122,123,122,122,122,-999,-999,-999
2.15075945854187,0.2585388826031161,-0.08669107932982824,0.6145093322406409,0.6137421545474566,-0.05600397160245541,0.36624475759552916,0.26927937030769655,-0.09129414548893416,0.5761504475814249,0.6014673114565073,-0.05753832698882405,0.2731923436136032,0,1,6,1,0,3,0,0,0,0,0,-800,-40,28,112,44,0,256,34,32,37,36,31,38,124,122,123,122,122,122,-999,-999,-999
2.1657464504241943,0.2585388826031161,-0.08669107932982824,0.6145093322406409,0.6137421545474566,-0.05600397160245541,0.35312198126474476,0.26927937030769655,-0.0928285008753028,0.5761504475814249,0.6014673114565073,-0.05753832698882405,0.26245552661568866,1,0,6,1,0,5,0,0,0,0,0,-850,-40,32,112,44,0,264,35,32,37,36,31,37,124,122,123,122,122,122,-999,-999,-999
2.1831908226013184,0.2585388826031161,-0.08669107932982824,0.6145093322406409,0.6137421545474566,-0.05600397160245541,0.33761324560109035,0.26927937030769655,-0.0928285008753028,0.5746160921950562,0.6014673114565073,-0.05753832698882405,0.2493327502849042,0,0,6,1,0,4,0,0,0,0,0,-750,-40,32,116,44,0,276,34,32,37,36,31,38,124,122,123,122,122,122,-999,-999,-999
2.1991865634918213,0.2585388826031161,-0.08669107932982824,0.6129749768542723,0.6106734437747192,-0.05600397160245541,0.32210450993743606,0.26927937030769655,-0.0928285008753028,0.5746160921950562,0.5999329560701387,-0.05753832698882405,0.23740295362055475,1,0,6,1,0,5,0,0,0,0,0,-750,-40,28,120,48,0,276,34,32,37,36,31,38,124,122,123,122,122,122,-999,-999,-999
2.2141969203948975,0.2585388826031161,-0.08669107932982824,0.6114406214679037,0.6106734437747192,-0.05600397160245541,0.31136769293952155,0.26927937030769655,-0.0928285008753028,0.5746160921950562,0.5999329560701387,-0.05753832698882405,0.22666613662264018,0,1,6,0,0,4,0,0,-50,0,0,-700,-40,28,116,36,0,256,34,32,37,36,32,38,124,122,123,122,122,123,-999,-999,-999
2.2303240299224854,0.2585388826031161,-0.08669107932982824,0.6114406214679037,0.6106734437747192,-0.05600397160245541,0.3018238556080419,0.26927937030769655,-0.0928285008753028,0.5746160921950562,0.5999329560701387,-0.05753832698882405,0.21831527895759553,1,1,4,1,0,12,0,0,-50,-100,0,-700,-40,28,104,40,0,272,34,32,37,36,31,38,124,122,123,122,122,122,-999,-999,-999
2.2461659908294678,0.2585388826031161,-0.08669107932982824,0.6099062660815349,0.6122077991610879,-0.05600397160245541,0.29466597760943225,0.26927937030769655,-0.0928285008753028,0.5746160921950562,0.5999329560701387,-0.05753832698882405,0.2099644212925509,1,1,4,1,0,21,0,0,-50,0,0,-550,-40,28,100,40,0,276,34,32,38,36,31,38,124,122,122,122,122,122,-999,-999,-999
2.2633414268493652,0.2585388826031161,-0.08669107932982824,0.6099062660815349,0.6122077991610879,-0.05600397160245541,0.2910870386101274,0.26927937030769655,-0.0928285008753028,0.5746160921950562,0.5999329560701387,-0.05753832698882405,0.20280654329394124,1,0,4,1,0,33,0,0,-50,50,0,-400,-40,28,100,48,0,292,34,32,38,36,31,38,123,122,122,122,122,121,-999,-999,-999
2.278337240219116,0.2585388826031161,-0.08669107932982824,0.6083719106951663,0.6122077991610879,-0.05600397160245541,0.2887010792772575,0.26927937030769655,-0.0928285008753028,0.5746160921950562,0.5999329560701387,-0.05753832698882405,0.19684164496176648,1,0,4,0,0,45,0,0,0,0,0,-200,-40,28,96,44,0,324,34,32,37,36,31,37,123,122,122,121,121,121,-999,-999,-999
2.294315814971924,0.2585388826031161,-0.08669107932982824,0.6083719106951663,0.6106734437747192,-0.05600397160245541,0.28631511994438763,0.26927937030769655,-0.09436285626167144,0.5746160921950562,0.5999329560701387,-0.05753832698882405,0.19087674662959175,1,0,5,1,0,45,0,0,-50,0,0,-100,-40,32,96,36,0,340,34,32,37,36,31,38,123,121,122,121,121,121,-999,-999,-999
2.3107635974884033,0.2585388826031161,-0.08669107932982824,0.6083719106951663,0.6091390883883505,-0.05600397160245541,0.28392916061151774,0.26927937030769655,-0.09436285626167144,0.5746160921950562,0.5999329560701387,-0.05753832698882405,0.18610482796385194,1,1,4,0,0,55,0,0,0,-50,0,-100,-40,36,100,32,0,352,34,32,37,36,31,38,123,121,122,121,120,120,-999,-999,-999
2.328184127807617,0.2585388826031161,-0.08669107932982824,0.6083719106951663,0.6076047330019819,-0.05600397160245541,0.28392916061151774,0.26927937030769655,-0.09436285626167144,0.5746160921950562,0.5999329560701387,-0.05753832698882405,0.18013992963167721,1,1,4,0,0,49,0,0,0,-50,0,-100,-40,32,100,28,0,352,34,32,37,36,31,38,123,121,121,121,121,120,-999,-999,-999
2.3427670001983643,0.2585388826031161,-0.08669107932982824,0.6083719106951663,0.6076047330019819,-0.05600397160245541,0.2827361809450828,0.26927937030769655,-0.09436285626167144,0.5746160921950562,0.5983986006837702,-0.05753832698882405,0.17775397029880732,1,1,5,0,0,59,0,0,0,-50,0,-50,-40,32,100,32,0,368,34,32,37,36,32,38,123,121,121,121,120,120,-999,-999,-999
2.360323190689087,0.2585388826031161,-0.08669107932982824,0.6083719106951663,0.6076047330019819,-0.05600397160245541,0.28035022161221285,0.26927937030769655,-0.09436285626167144,0.5746160921950562,0.5968642452974015,-0.05753832698882405,0.1729820516330675,1,0,4,1,0,64,0,0,0,0,0,-50,-40,32,100,44,0,384,34,32,38,36,31,37,123,121,122,121,121,120,-999,-999,-999
2.375220537185669,0.2585388826031161,-0.08669107932982824,0.6083719106951663,0.6076047330019819,-0.05600397160245541,0.28035022161221285,0.26927937030769655,-0.09436285626167144,0.5746160921950562,0.5922611791382956,-0.05753832698882405,0.16701715330089278,1,1,5,1,0,72,0,0,0,0,0,-100,-40,32,100,48,0,380,34,32,37,36,31,38,123,121,122,121,121,120,-999,-999,-999
2.3903841972351074,0.2585388826031161,-0.08669107932982824,0.6083719106951663,0.6076047330019819,-0.05600397160245541,0.28035022161221285,0.26927937030769655,-0.09436285626167144,0.5746160921950562,0.586123757592821,-0.05753832698882405,0.15985927530228308,1,1,5,2,0,77,0,0,0,0,0,-100,-40,32,100,68,0,420,34,32,37,36,31,38,122,121,121,120,120,120,-999,-999,-999
2.4063303470611572,0.2585388826031161,-0.08669107932982824,0.6083719106951663,0.6076047330019819,-0.05600397160245541,0.27915724194577796,0.26927937030769655,-0.09436285626167144,0.5761504475814249,0.5799863360473465,-0.05753832698882405,0.14912245830436854,1,1,5,3,0,78,0,0,0,0,0,0,-40,32,100,84,0,432,34,32,37,36,31,38,122,120,121,120,120,120,-999,-999,-999
2.4233572483062744,0.2585388826031161,-0.08669107932982824,0.6083719106951663,0.603001666842876,-0.05600397160245541,0.276771282612908,0.26927937030769655,-0.09436285626167144,0.5776848029677936,0.5723145591155032,-0.05753832698882405,0.13957862097288898,0,0,4,3,0,98,0,0,0,0,0,-50,-40,32,92,108,0,472,34,32,37,36,31,38,122,120,120,119,118,118,-999,-999,-999
2.4377808570861816,0.2585388826031161,-0.08669107932982824,0.6083719106951663,0.5999329560701387,-0.05600397160245541,0.2743853232800382,0.26927937030769655,-0.09436285626167144,0.5776848029677936,0.56464278218366,-0.05753832698882405,0.12645584464210452,1,1,3,2,0,109,0,0,0,-200,0,-100,-40,32,88,96,0,496,34,32,37,36,31,38,122,120,121,120,119,119,-999,-999,-999
2.4562265872955322,0.2585388826031161,-0.08669107932982824,0.6083719106951663,0.5937955345246642,-0.05600397160245541,0.2731923436136032,0.26927937030769655,-0.09436285626167144,0.5776848029677936,0.5569710052518169,-0.05753832698882405,0.10975412931201525,0,0,4,3,0,108,0,0,0,-200,0,-100,-40,32,88,112,0,500,34,32,37,36,31,38,122,120,121,120,119,119,-999,-999,-999
2.471198797225952,0.2585388826031161,-0.08669107932982824,0.6083719106951663,0.590726823751927,-0.05600397160245541,0.2719993639471682,0.26927937030769655,-0.09436285626167144,0.5792191583541622,0.5508335837063423,-0.05753832698882405,0.09305241398192597,1,1,4,4,0,108,0,0,0,-150,0,-100,-40,32,92,116,0,500,34,32,37,36,31,38,122,120,121,119,120,119,-999,-999,-999
2.4882631301879883,0.2585388826031161,-0.08669107932982824,0.6083719106951663,0.5845894022064524,-0.05600397160245541,0.2708063842807333,0.26927937030769655,-0.09436285626167144,0.5792191583541622,0.543161806774499,-0.05753832698882405,0.0763506986518367,1,1,4,3,0,113,0,0,0,-200,0,-100,-40,32,88,120,0,500,34,32,37,36,31,38,122,120,120,119,120,119,-999,-999,-999
2.503234386444092,0.2585388826031161,-0.08669107932982824,0.6083719106951663,0.5815206914337151,-0.05600397160245541,0.2708063842807333,0.26927937030769655,-0.09436285626167144,0.5792191583541622,0.5354900298426558,-0.05753832698882405,0.06084196298818237,1,1,4,4,0,119,0,0,0,-200,0,-50,-40,32,84,128,0,500,34,32,37,36,31,38,122,120,120,120,119,119,-999,-999,-999
2.5193982124328613,0.2585388826031161,-0.08669107932982824,0.6083719106951663,0.5753832698882404,-0.05600397160245541,0.2708063842807333,0.26927937030769655,-0.09436285626167144,0.5792191583541622,0.5293526082971812,-0.05753832698882405,0.046526206990962986,1,1,4,5,0,110,0,0,0,-150,0,0,-40,32,88,140,0,500,34,32,37,36,32,37,122,120,121,120,120,119,-999,-999,-999
2.535796880722046,0.2585388826031161,-0.08669107932982824,0.6099062660815349,0.5707802037291345,-0.05600397160245541,0.2708063842807333,0.2677450149213279,-0.09436285626167144,0.5792191583541622,0.5247495421380753,-0.05753832698882405,0.031017471327308664,0,1,4,4,0,119,0,0,0,-200,0,0,-36,32,92,136,0,500,34,32,37,36,32,38,122,120,121,119,119,119,-999,-999,-999
2.5522615909576416,0.2585388826031161,-0.0851567239434596,0.6099062660815349,0.56464278218366,-0.05600397160245541,0.2708063842807333,0.2677450149213279,-0.09436285626167144,0.5792191583541622,0.5232151867517068,-0.05753832698882405,0.017894694996524227,0,1,4,3,0,113,0,0,50,-200,0,0,-32,32,96,124,0,500,34,32,37,36,32,38,122,120,121,120,120,119,-999,-999,-999
2.568357229232788,0.2585388826031161,-0.0851567239434596,0.6099062660815349,0.560039716024554,-0.05600397160245541,0.2708063842807333,0.2677450149213279,-0.09436285626167144,0.5776848029677936,0.5201464759789695,-0.05753832698882405,0.008350857665044639,0,0,4,2,0,117,0,50,0,-250,0,0,-36,40,96,112,0,500,34,32,37,36,31,38,122,120,120,120,119,119,-999,-999,-999
2.583799362182617,0.2585388826031161,-0.0851567239434596,0.6099062660815349,0.5554366498654482,-0.05600397160245541,0.2708063842807333,0.2662106595349593,-0.09436285626167144,0.5761504475814249,0.5186121205926008,-0.05753832698882405,0.0035789389993048453,0,1,5,3,0,118,0,0,0,-200,0,0,-32,36,104,100,0,500,35,32,37,36,32,38,122,120,120,119,119,118,-999,-999,-999
2.6008048057556152,0.2585388826031161,-0.0851567239434596,0.6099062660815349,0.5523679390927109,-0.05600397160245541,0.2708063842807333,0.2662106595349593,-0.09436285626167144,0.5761504475814249,0.5186121205926008,-0.05753832698882405,0.007157877998609691,0,1,4,3,0,117,0,0,0,-150,0,0,-28,36,104,100,0,500,34,32,37,36,31,37,122,120,121,119,120,119,-999,-999,-999
2.616391897201538,0.2585388826031161,-0.0851567239434596,0.6099062660815349,0.5492992283199736,-0.05600397160245541,0.2708063842807333,0.2662106595349593,-0.09436285626167144,0.5746160921950562,0.5186121205926008,-0.05753832698882405,0.008350857665044639,0,1,5,2,0,112,0,0,0,-150,0,0,-28,36,108,80,0,500,34,32,37,36,32,38,122,120,121,120,119,119,-999,-999,-999
2.6328094005584717,0.2585388826031161,-0.0851567239434596,0.6099062660815349,0.547764872933605,-0.05600397160245541,0.2708063842807333,0.2662106595349593,-0.09436285626167144,0.5746160921950562,0.5186121205926008,-0.05753832698882405,0.008350857665044639,0,1,5,3,0,119,0,0,0,-150,0,0,-32,36,108,88,0,500,34,32,37,36,31,38,122,120,120,119,120,119,-999,-999,-999
2.6482293605804443,0.2585388826031161,-0.0851567239434596,0.6099062660815349,0.5462305175472363,-0.05600397160245541,0.2708063842807333,0.2662106595349593,-0.09436285626167144,0.5746160921950562,0.5186121205926008,-0.05753832698882405,0.008350857665044639,0,1,4,3,0,120,0,0,0,-50,0,0,-32,36,104,84,0,500,34,32,37,36,32,38,122,120,120,119,119,119,-999,-999,-999
2.6652300357818604,0.2585388826031161,-0.0851567239434596,0.6099062660815349,0.5462305175472363,-0.05600397160245541,0.2708063842807333,0.2662106595349593,-0.09436285626167144,0.5746160921950562,0.5186121205926008,-0.05753832698882405,0.008350857665044639,0,1,5,3,1,111,0,0,0,-100,0,0,-32,36,104,80,0,500,34,32,37,36,37,38,122,120,120,120,120,119,-999,-999,-999
2.680262804031372,0.2585388826031161,-0.0851567239434596,0.6099062660815349,0.5462305175472363,-0.05600397160245541,0.2708063842807333,0.2662106595349593,-0.09589721164804009,0.5730817368086875,0.5186121205926008,-0.05753832698882405,0.008350857665044639,0,1,5,3,0,119,0,0,0,0,0,0,-32,40,108,80,0,500,34,32,37,36,31,38,122,120,121,120,119,119,-999,-999,-999
2.6972649097442627,0.2585388826031161,-0.0851567239434596,0.6099062660815349,0.5462305175472363,-0.05600397160245541,0.2708063842807333,0.2662106595349593,-0.09589721164804009,0.5730817368086875,0.5186121205926008,-0.05600397160245541,0.008350857665044639,0,1,5,3,0,118,0,0,0,0,0,0,-32,44,112,84,0,500,34,32,37,36,31,38,122,120,120,120,119,119,-999,-999,-999
2.7128217220306396,0.2585388826031161,-0.0851567239434596,0.6099062660815349,0.5462305175472363,-0.05600397160245541,0.2708063842807333,0.2662106595349593,-0.09589721164804009,0.5715473814223189,0.5186121205926008,-0.05600397160245541,0.008350857665044639,0,0,5,3,0,112,0,0,0,0,0,0,-32,40,116,84,0,500,34,32,37,36,31,38,122,120,120,119,119,118,-999,-999,-999
2.7288286685943604,0.2585388826031161,-0.0851567239434596,0.6099062660815349,0.5462305175472363,-0.05600397160245541,0.2708063842807333,0.2662106595349593,-0.09589721164804009,0.5684786706495816,0.5186121205926008,-0.05600397160245541,0.008350857665044639,1,1,8,3,0,119,0,0,0,0,0,0,-32,40,120,84,0,500,34,32,37,36,31,38,122,120,121,119,119,119,-999,-999,-999
2.7452452182769775,0.2585388826031161,-0.0851567239434596,0.6099062660815349,0.5462305175472363,-0.05600397160245541,0.2708063842807333,0.2662106595349593,-0.09589721164804009,0.5623412491041071,0.5201464759789695,-0.05600397160245541,0.008350857665044639,1,1,7,3,0,114,0,0,0,0,0,0,-32,40,132,84,0,500,34,32,37,36,32,38,122,120,121,119,119,119,-999,-999,-999
2.7608449459075928,0.2585388826031161,-0.0851567239434596,0.6099062660815349,0.5462305175472363,-0.05600397160245541,0.2708063842807333,0.2662106595349593,-0.09589721164804009,0.5562038275586325,0.521680831365338,-0.05600397160245541,0.008350857665044639,1,1,10,3,0,118,0,0,0,0,0,0,-32,40,152,80,0,500,34,32,37,36,31,38,122,120,121,120,119,118,-999,-999,-999
2.776395797729492,0.2585388826031161,-0.0851567239434596,0.6099062660815349,0.5462305175472363,-0.05600397160245541,0.2708063842807333,0.2646763041485906,-0.09589721164804009,0.5516007613995266,0.5232151867517068,-0.05446961621608677,0.008350857665044639,0,1,18,2,0,109,0,0,0,0,0,0,-24,40,180,68,0,500,34,32,37,36,32,38,121,120,120,119,118,118,-999,-999,-999
2.7912960052490234,0.2585388826031161,-0.0851567239434596,0.6099062660815349,0.5462305175472363,-0.05600397160245541,0.2708063842807333,0.2646763041485906,-0.09589721164804009,0.5469976952404206,0.5232151867517068,-0.05446961621608677,0.008350857665044639,0,1,13,2,0,115,0,0,0,0,0,0,-24,40,192,68,0,500,34,32,37,36,31,38,121,120,120,120,119,118,-999,-999,-999
2.8082520961761475,0.2585388826031161,-0.0851567239434596,0.6099062660815349,0.5462305175472363,-0.05600397160245541,0.2708063842807333,0.2646763041485906,-0.09589721164804009,0.5423946290813147,0.5232151867517068,-0.05446961621608677,0.008350857665044639,1,1,15,3,0,116,0,0,0,0,0,0,-28,40,192,72,0,500,34,32,37,36,32,38,122,120,121,119,118,118,-999,-999,-999
2.824286699295044,0.2585388826031161,-0.0851567239434596,0.6099062660815349,0.5462305175472363,-0.05600397160245541,0.2708063842807333,0.2646763041485906,-0.09589721164804009,0.5377915629222088,0.5232151867517068,-0.05446961621608677,0.008350857665044639,0,1,26,3,0,114,0,0,0,0,0,0,-28,40,204,72,0,500,34,32,37,36,32,38,122,120,120,119,118,118,-999,-999,-999
2.8402841091156006,0.2585388826031161,-0.0851567239434596,0.6083719106951663,0.5462305175472363,-0.05600397160245541,0.2708063842807333,0.2646763041485906,-0.09589721164804009,0.5347228521494716,0.5232151867517068,-0.05446961621608677,0.008350857665044639,0,0,14,3,0,117,0,0,0,0,0,0,-28,40,220,72,0,500,34,32,37,36,32,38,121,120,120,118,118,118,-999,-999,-999
2.8582892417907715,0.2585388826031161,-0.0851567239434596,0.605303199922429,0.5462305175472363,-0.05600397160245541,0.2708063842807333,0.2646763041485906,-0.09589721164804009,0.5301197859903656,0.5232151867517068,-0.05446961621608677,0.008350857665044639,1,1,18,3,0,116,0,0,0,0,0,0,-28,40,204,72,0,500,34,32,37,36,32,38,122,120,121,119,119,118,-999,-999,-999
2.873286008834839,0.2585388826031161,-0.0851567239434596,0.6037688445360604,0.5462305175472363,-0.05600397160245541,0.2708063842807333,0.2646763041485906,-0.09589721164804009,0.5255167198312597,0.5232151867517068,-0.05446961621608677,0.008350857665044639,0,1,25,2,0,110,0,0,-100,0,0,0,-28,40,212,72,0,500,34,32,37,36,32,38,121,120,120,119,118,118,-999,-999,-999
2.8892910480499268,0.2585388826031161,-0.08362236855709095,0.6022344891496917,0.5462305175472363,-0.05600397160245541,0.2708063842807333,0.26314194876222197,-0.09589721164804009,0.5209136536721537,0.5232151867517068,-0.05446961621608677,0.008350857665044639,0,1,23,3,0,112,0,0,-100,0,0,0,-24,40,232,72,0,500,34,32,37,36,32,38,121,119,120,119,118,118,-999,-999,-999
2.9054067134857178,0.2585388826031161,-0.08362236855709095,0.5991657783769544,0.5462305175472363,-0.05600397160245541,0.2708063842807333,0.26314194876222197,-0.09589721164804009,0.5163105875130478,0.5247495421380753,-0.05446961621608677,0.008350857665044639,0,1,25,3,0,118,0,50,-100,0,0,0,-20,48,232,72,0,500,34,32,37,36,32,37,121,120,120,118,119,118,-999,-999,-999
2.9218668937683105,0.2585388826031161,-0.08362236855709095,0.5960970676042172,0.5462305175472363,-0.05600397160245541,0.2708063842807333,0.26314194876222197,-0.09589721164804009,0.5132418767403105,0.5293526082971812,-0.05446961621608677,0.008350857665044639,0,1,21,3,0,116,0,0,-100,0,0,0,-24,44,232,68,0,500,34,32,37,36,32,38,121,120,120,119,118,118,-999,-999,-999
2.936861515045166,0.2585388826031161,-0.08362236855709095,0.5930283568314799,0.5462305175472363,-0.05600397160245541,0.2708063842807333,0.26314194876222197,-0.09589721164804009,0.5071044551948359,0.5370243852290245,-0.05446961621608677,0.008350857665044639,1,1,22,1,0,115,0,0,-100,0,0,0,-24,44,232,48,0,500,34,32,37,36,31,38,121,120,120,119,119,118,-999,-999,-999
2.9534292221069336,0.2585388826031161,-0.08362236855709095,0.5899596460587426,0.5462305175472363,-0.05600397160245541,0.2708063842807333,0.2616075933758534,-0.09589721164804009,0.5009670336493615,0.5446961621608677,-0.05446961621608677,0.008350857665044639,0,1,29,0,0,112,0,0,-100,0,0,0,0,44,244,20,0,500,34,32,37,36,31,38,121,120,120,120,119,118,-999,-999,-999
2.967864513397217,0.2585388826031161,-0.08362236855709095,0.5884252906723739,0.547764872933605,-0.05600397160245541,0.2708063842807333,0.26007323798948473,-0.09589721164804009,0.4917609013311495,0.5569710052518169,-0.05446961621608677,0.008350857665044639,0,1,28,0,0,110,0,0,-150,0,0,0,20,44,256,-40,0,500,34,32,37,36,31,38,122,120,119,118,118,118,-999,-999,-999
2.9854423999786377,0.2585388826031161,-0.08208801317072231,0.5853565798996367,0.5508335837063423,-0.05600397160245541,0.2708063842807333,0.25700452721674744,-0.09589721164804009,0.48408912439930635,0.5692458483427659,-0.05446961621608677,0.008350857665044639,0,1,34,0,0,112,0,50,-50,50,0,0,20,52,264,-52,0,500,34,32,37,36,31,38,121,120,120,118,119,118,-999,-999,-999
3.0024218559265137,0.2585388826031161,-0.08208801317072231,0.5807535137405307,0.5554366498654482,-0.05600397160245541,0.2708063842807333,0.2554701718303788,-0.09589721164804009,0.4733486366947259,0.5830550468200838,-0.05446961621608677,0.008350857665044639,0,1,35,0,0,112,0,0,-200,100,0,0,20,48,292,-68,0,500,34,32,37,36,31,38,121,119,119,118,118,118,-999,-999,-2.94
3.0174484252929688,0.2585388826031161,-0.08208801317072231,0.5761504475814249,0.560039716024554,-0.05600397160245541,0.2708063842807333,0.25393581644401014,-0.09589721164804009,0.46414250437651405,0.5999329560701387,-0.05446961621608677,0.008350857665044639,1,1,30,1,0,109,0,0,-200,150,0,0,28,48,300,-96,0,500,34,32,37,36,31,38,122,119,120,119,118,118,-999,-999,-2.94
3.033869981765747,0.2585388826031161,-0.08208801317072231,0.5684786706495816,0.5692458483427659,-0.05600397160245541,0.2708063842807333,0.25393581644401014,-0.09589721164804009,0.4534020166719335,0.6168108653201939,-0.05446961621608677,0.008350857665044639,0,2,29,0,0,108,0,0,-150,300,0,0,28,48,308,-120,0,500,34,32,37,36,32,38,121,120,119,119,119,118,-999,-999,-2.94
3.047868251800537,0.2585388826031161,-0.08208801317072231,0.5623412491041071,0.5784519806609778,-0.05600397160245541,0.2708063842807333,0.2524014610576415,-0.09589721164804009,0.442661528967353,0.6336887745702489,-0.05446961621608677,0.008350857665044639,1,1,34,1,0,115,0,0,-300,300,0,0,32,48,316,-128,0,500,34,32,37,36,31,38,122,119,119,119,118,118,-999,-999,-2.94
3.0664799213409424,0.2585388826031161,-0.08055365778435367,0.5516007613995266,0.590726823751927,-0.05600397160245541,0.2708063842807333,0.2524014610576415,-0.09589721164804009,0.43038668587640394,0.6521010392066726,-0.05446961621608677,0.008350857665044639,0,1,34,0,0,109,0,50,-300,350,0,0,32,56,316,-140,0,500,34,32,37,36,32,37,121,120,120,119,118,118,-999,-999,-2.94
3.0824525356292725,0.2585388826031161,-0.08055365778435367,0.5439289844676833,0.603001666842876,-0.05600397160245541,0.2708063842807333,0.2524014610576415,-0.09589721164804009,0.4196461981718234,0.6705133038430963,-0.05446961621608677,0.008350857665044639,0,2,34,0,0,115,0,0,-350,450,0,0,28,52,328,-152,0,500,34,32,37,36,32,38,122,120,119,119,119,118,-999,-999,-2.94
3.098297357559204,0.2585388826031161,-0.08055365778435367,0.5362572075358402,0.6152765099338252,-0.05600397160245541,0.2708063842807333,0.25086710567127285,-0.09589721164804009,0.40737135508087424,0.6904599238658886,-0.05446961621608677,0.008350857665044639,0,1,37,1,0,109,0,0,-350,500,0,0,32,52,332,-168,0,500,34,32,37,36,32,38,121,119,119,118,119,118,-999,-999,-2.94
3.1134557723999023,0.2585388826031161,-0.08055365778435367,0.5255167198312597,0.6306200637975116,-0.05600397160245541,0.2708063842807333,0.24933275028490423,-0.09589721164804009,0.3950965119899252,0.7088721885023123,-0.05446961621608677,0.008350857665044639,0,1,35,2,0,110,0,0,-300,600,0,0,40,52,332,-180,0,500,34,32,37,36,31,38,122,120,119,119,118,118,-999,-999,-2.94
3.1304407119750977,0.2585388826031161,-0.07901930239798503,0.5163105875130478,0.645963617661198,-0.05600397160245541,0.2708063842807333,0.2447296841257983,-0.09589721164804009,0.382821668898976,0.7257500977523674,-0.05600397160245541,0.008350857665044639,1,1,40,0,0,113,0,0,-400,600,0,0,48,56,340,-180,0,500,34,32,37,36,31,38,122,120,120,119,119,118,-999,-999,-2.94
3.145460844039917,0.2585388826031161,-0.07901930239798503,0.5086388105812046,0.6613071715248844,-0.05600397160245541,0.2708063842807333,0.24012661796669238,-0.09589721164804009,0.36901247042165825,0.7426280070024224,-0.05600397160245541,0.008350857665044639,2,2,40,0,0,108,0,50,-400,600,0,0,60,60,356,-180,0,500,34,32,37,36,32,38,121,119,119,118,118,118,-999,-999,-2.94
3.1624693870544434,0.25700452721674744,-0.07901930239798503,0.49789832287662417,0.6781850807749394,-0.05600397160245541,0.2708063842807333,0.23859226258032373,-0.09589721164804009,0.3567376273307091,0.7595059162524775,-0.05600397160245541,0.008350857665044639,2,2,43,0,0,114,0,0,-350,650,0,0,80,56,368,-180,0,500,34,32,37,36,32,38,121,119,119,119,119,118,-999,-999,-2.94
3.17649507522583,0.2554701718303788,-0.07901930239798503,0.49022654594478093,0.6935286346386259,-0.05600397160245541,0.2708063842807333,0.23552355180758644,-0.09589721164804009,0.34446278423976,0.7763838255025325,-0.05600397160245541,0.008350857665044639,1,1,41,0,0,118,0,0,-350,650,0,0,64,56,372,-180,0,500,34,32,37,36,31,38,122,119,119,119,119,118,-999,-999,-2.94
3.1943514347076416,0.2524014610576415,-0.07901930239798503,0.47795170285383176,0.7134752546614181,-0.05753832698882405,0.2708063842807333,0.23398919642121782,-0.09589721164804009,0.3337222965351795,0.7901930239798504,-0.05600397160245541,0.008350857665044639,1,1,51,0,0,117,-100,0,-400,700,-50,0,64,56,384,-176,0,500,34,32,37,38,31,46,122,119,119,119,118,118,-999,-999,-2.94
3.2098989486694336,0.25086710567127285,-0.07901930239798503,0.4672112151492513,0.7303531639114733,-0.05753832698882405,0.2708063842807333,0.23398919642121782,-0.09589721164804009,0.3214474534442303,0.8055365778435367,-0.05600397160245541,0.008350857665044639,1,2,49,0,0,108,-100,0,-400,700,-50,0,56,56,384,-176,0,500,34,32,37,36,31,38,121,119,119,118,119,118,-999,-999,-2.94
3.227341651916504,0.24933275028490423,-0.07901930239798503,0.4564707274446708,0.7456967177751597,-0.05753832698882405,0.2708063842807333,0.22938613026211188,-0.09589721164804009,0.3107069657396499,0.8193457763208545,-0.05600397160245541,0.008350857665044639,1,3,42,0,0,113,-50,0,-400,650,0,0,56,56,372,-164,0,500,34,32,37,36,32,38,121,119,119,119,118,118,-999,-999,-2.94
3.2408981323242188,0.24779839489853556,-0.07901930239798503,0.447264595126459,0.7595059162524775,-0.05753832698882405,0.2708063842807333,0.22478306410300597,-0.09589721164804009,0.2999664780350694,0.8316206194118037,-0.05600397160245541,0.008350857665044639,1,2,44,0,0,112,-100,0,-400,700,0,0,60,56,384,-164,0,500,34,32,37,36,32,38,121,119,119,119,119,118,-999,-999,-2.94
3.2585108280181885,0.24319532873942967,-0.07901930239798503,0.4349897520355098,0.7763838255025325,-0.05753832698882405,0.2708063842807333,0.22171435333026868,-0.09589721164804009,0.2892259903304889,0.8438954625027527,-0.05600397160245541,0.008350857665044639,2,1,44,0,0,108,-100,0,-500,600,0,0,80,56,380,-160,0,500,34,32,37,36,31,38,121,120,119,118,118,118,-999,-999,-2.94
3.2743477821350098,0.24012661796669238,-0.07901930239798503,0.4242492643309293,0.791727379366219,-0.05753832698882405,0.2708063842807333,0.21864564255753138,-0.09589721164804009,0.27848550262590843,0.8561703055937019,-0.05600397160245541,0.008350857665044639,1,2,42,0,0,115,-100,0,-500,600,0,0,68,56,376,-156,0,500,34,32,37,36,32,38,121,119,120,118,118,118,-999,-999,-2.94
3.2913525104522705,0.2370579071939551,-0.07901930239798503,0.41197442123998024,0.8070709332299053,-0.05753832698882405,0.2708063842807333,0.21557693178479412,-0.09589721164804009,0.2677450149213279,0.8669107932982824,-0.05600397160245541,0.008350857665044639,1,1,47,0,0,110,-150,0,-400,600,0,0,64,56,376,-144,0,500,34,32,37,36,32,38,121,120,120,118,118,118,-999,-999,-2.94
3.3073530197143555,0.23245484103484917,-0.07901930239798503,0.4012339335353997,0.8193457763208545,-0.05753832698882405,0.2708063842807333,0.21250822101205682,-0.09589721164804009,0.25700452721674744,0.8776512810028628,-0.05600397160245541,0.008350857665044639,1,2,41,0,0,109,-100,0,-450,600,0,0,64,56,364,-140,0,500,34,32,37,36,31,38,121,120,119,119,119,118,-999,-999,-2.94
3.3229188919067383,0.22938613026211188,-0.07901930239798503,0.3904934458308192,0.8316206194118037,-0.05753832698882405,0.2708063842807333,0.20943951023931956,-0.09589721164804009,0.24626403951216694,0.8883917687074433,-0.05600397160245541,0.008350857665044639,1,2,46,0,0,117,-150,0,-450,550,0,0,64,56,376,-132,0,500,34,32,37,36,32,38,121,119,119,119,118,118,-999,-999,-2.94
3.3389129638671875,0.22631741948937462,-0.07901930239798503,0.3782186027398701,0.8438954625027527,-0.05753832698882405,0.2708063842807333,0.20637079946658227,-0.09589721164804009,0.23552355180758644,0.8975979010256552,-0.05600397160245541,0.008350857665044639,1,2,43,0,0,109,-150,0,-450,500,0,0,64,56,364,-128,0,500,35,32,37,36,31,38,121,119,119,118,118,118,-999,-999,-2.94
3.354929208755493,0.22171435333026868,-0.07901930239798503,0.3674781150352896,0.8561703055937019,-0.05753832698882405,0.2708063842807333,0.20330208869384497,-0.09589721164804009,0.22478306410300597,0.906804033343867,-0.05600397160245541,0.008350857665044639,0,2,43,0,0,112,-150,0,-450,550,0,0,60,56,368,-124,0,500,34,32,37,36,31,38,122,120,120,118,119,118,-999,-999,-2.94
3.36991548538208,0.21864564255753138,-0.07901930239798503,0.3582719827170778,0.8669107932982824,-0.05753832698882405,0.2708063842807333,0.2002333779211077,-0.09436285626167144,0.21557693178479412,0.9175445210484475,-0.05600397160245541,0.008350857665044639,1,1,37,0,0,118,-150,0,-500,550,0,0,52,56,364,-112,0,500,34,32,37,36,32,38,121,119,119,119,118,118,-999,-999,-2.94
3.3859198093414307,0.21557693178479412,-0.07901930239798503,0.34599713962612866,0.8776512810028628,-0.05753832698882405,0.2708063842807333,0.19563031176200177,-0.09436285626167144,0.20637079946658227,0.9267506533666594,-0.05600397160245541,0.008350857665044639,1,2,43,0,0,116,-150,0,-400,450,0,0,64,52,360,-116,0,500,35,32,37,36,32,38,121,120,119,118,118,118,-999,-999,-2.94
3.4029273986816406,0.21250822101205682,-0.07901930239798503,0.33525665192154813,0.8899261240938119,-0.05753832698882405,0.2708063842807333,0.19102724560289586,-0.09436285626167144,0.19563031176200177,0.9344224302985026,-0.05600397160245541,0.008350857665044639,1,1,39,0,0,115,-150,0,-450,450,0,0,68,48,356,-112,0,500,34,32,37,36,32,38,121,119,119,119,119,118,-999,-999,-2.94
3.4193849563598633,0.2079051548529509,-0.07901930239798503,0.32451616421696766,0.9006666117983925,-0.05753832698882405,0.2708063842807333,0.18642417944378992,-0.0928285008753028,0.18642417944378992,0.9436285626167145,-0.05600397160245541,0.008350857665044639,1,1,41,0,0,108,-150,0,-450,450,0,0,68,52,360,-116,0,500,34,32,37,36,31,38,121,119,120,119,118,118,-999,-999,-2.94
3.4353444576263428,0.20483644408021362,-0.07901930239798503,0.3153100318987558,0.9098727441166043,-0.05753832698882405,0.2708063842807333,0.181821113284684,-0.09129414548893416,0.17721804712557807,0.9543690503212949,-0.05600397160245541,0.008350857665044639,1,1,36,0,0,112,-150,0,-450,400,0,0,68,48,356,-100,0,500,34,32,37,36,32,38,121,120,120,119,119,118,-999,-999,-2.94
3.451385736465454,0.20176773330747633,-0.07901930239798503,0.30456954419417526,0.9206132318211848,-0.05753832698882405,0.2708063842807333,0.1787524025119467,-0.09129414548893416,0.1680119148073662,0.9635751826395068,-0.05600397160245541,0.008350857665044639,1,0,38,0,0,108,-150,0,-400,400,0,0,76,40,352,-104,0,500,34,32,37,36,31,38,122,119,120,118,119,118,-999,-999,-2.94
3.4683752059936523,0.19716466714837041,-0.07901930239798503,0.29382905648959484,0.9298193641393967,-0.05753832698882405,0.2708063842807333,0.17261498096647215,-0.09129414548893416,0.15880578248915436,0.9727813149577187,-0.05600397160245541,0.008350857665044639,1,0,39,0,0,114,-100,0,-400,400,0,0,68,40,352,-116,0,500,35,32,37,36,31,38,121,119,119,119,119,118,-999,-999,-2.94
3.4843766689300537,0.19409595637563312,-0.07901930239798503,0.28462292417138296,0.9390254964576086,-0.05753832698882405,0.2708063842807333,0.16954627019373486,-0.09129414548893416,0.15113400555731116,0.983521802662299,-0.05600397160245541,0.008350857665044639,1,1,48,0,0,118,-150,0,-400,400,0,0,76,44,356,-116,0,500,34,32,37,36,31,38,121,119,120,119,119,118,-999,-999,-2.94
3.5003767013549805,0.1894928902165272,-0.07901930239798503,0.2738824364668025,0.9497659841621889,-0.05753832698882405,0.2708063842807333,0.1634088486482603,-0.09129414548893416,0.14346222862546795,0.9927279349805109,-0.05600397160245541,0.008350857665044639,1,1,36,0,0,112,-150,0,-400,350,0,0,80,44,348,-108,0,500,34,32,37,36,31,38,121,119,120,118,118,113,-999,-999,-2.94
3.516540765762329,0.18642417944378992,-0.07901930239798503,0.2646763041485906,0.9589721164804008,-0.05753832698882405,0.2708063842807333,0.15880578248915436,-0.09129414548893416,0.13579045169362475,1.001934067298723,-0.05600397160245541,0.008350857665044639,1,1,37,1,0,110,-150,0,-400,400,0,0,76,44,340,-116,0,500,34,32,37,38,32,38,121,119,119,119,119,118,-999,-999,-2.94
3.532396078109741,0.181821113284684,-0.07901930239798503,0.2554701718303788,0.9681782487986127,-0.05753832698882405,0.2708063842807333,0.15420271633004848,-0.08975979010256553,0.1296530301481502,1.0126745550033034,-0.05600397160245541,0.008350857665044639,2,1,35,0,0,108,-150,0,-400,400,0,0,88,44,332,-112,0,500,34,32,37,36,31,38,121,120,120,118,118,118,-999,-999,-2.94
3.5483953952789307,0.17721804712557807,-0.07901930239798503,0.24779839489853556,0.9773843811168246,-0.05753832698882405,0.2708063842807333,0.14959965017094254,-0.08975979010256553,0.12198125321630698,1.0218806873215152,-0.05600397160245541,0.008350857665044639,2,1,34,0,0,115,-200,0,-400,400,0,0,80,40,324,-108,0,500,34,32,37,36,32,38,121,120,120,119,119,118,-999,-999,-2.94
3.564523220062256,0.17261498096647215,-0.07901930239798503,0.23859226258032373,0.988124868821405,-0.05753832698882405,0.2708063842807333,0.14499658401183663,-0.08975979010256553,0.11737818705720107,1.0310868196397271,-0.05600397160245541,0.008350857665044639,2,1,35,0,0,113,-150,0,-300,400,0,0,80,36,320,-112,0,500,34,32,37,36,32,38,122,120,120,119,119,118,-999,-999,-2.94
3.580397844314575,0.1680119148073662,-0.07748494701161639,0.2309204856484805,0.9973310011396169,-0.05753832698882405,0.2708063842807333,0.13885916246636204,-0.08975979010256553,0.11124076551172649,1.0387585965715702,-0.05600397160245541,0.008350857665044639,1,2,35,0,0,114,-200,50,-350,400,0,0,80,48,320,-112,0,500,34,32,37,36,32,38,122,119,119,114,118,118,-999,-999,-2.94
3.5965287685394287,0.1634088486482603,-0.07595059162524774,0.22324870871663732,1.0080714888441973,-0.05753832698882405,0.2708063842807333,0.13425609630725613,-0.08975979010256553,0.10663769935262057,1.047964728889782,-0.05600397160245541,0.008350857665044639,2,1,35,0,0,115,-200,50,-350,400,0,0,84,52,300,-104,0,500,34,32,37,36,31,38,122,120,119,118,118,118,-999,-999,-2.94
3.6109962463378906,0.15880578248915436,-0.07595059162524774,0.21711128717116276,1.0157432657760406,-0.05753832698882405,0.2708063842807333,0.1296530301481502,-0.08975979010256553,0.10203463319351465,1.057170861207994,-0.05600397160245541,0.008350857665044639,1,2,37,0,0,112,-200,50,-350,400,0,0,92,52,304,-96,0,500,34,32,37,36,31,38,121,120,119,119,119,118,-999,-999,-2.94
3.6273961067199707,0.1526683609436798,-0.07595059162524774,0.21097386562568818,1.0249493980942523,-0.05753832698882405,0.2708063842807333,0.12351560860267563,-0.08975979010256553,0.09896592242077737,1.0648426381398373,-0.05600397160245541,0.008350857665044639,0,1,29,0,0,106,-200,0,-250,400,0,0,80,48,300,-100,0,500,34,32,37,36,31,38,122,119,119,119,119,118,-999,-999,-2.94
3.6429593563079834,0.1480652947845739,-0.07595059162524774,0.20483644408021362,1.0341555304124643,-0.05753832698882405,0.2708063842807333,0.1189125424435697,-0.08975979010256553,0.09589721164804009,1.0709800596853116,-0.05600397160245541,0.008350857665044639,2,1,33,0,0,113,-200,0,-250,350,0,0,88,48,296,-96,0,500,35,32,37,36,32,38,122,119,120,119,118,118,-999,-999,-2.94
3.660421848297119,0.1419278732390993,-0.07595059162524774,0.19869902253473906,1.043361662730676,-0.05753832698882405,0.2708063842807333,0.11277512089809515,-0.08975979010256553,0.0928285008753028,1.078651836617155,-0.05600397160245541,0.008350857665044639,1,1,32,0,0,107,-200,0,-250,400,0,0,88,48,280,-92,0,500,34,32,37,36,31,38,122,120,120,119,118,118,-999,-999,-2.94
3.6759696006774902,0.1373248070799934,-0.07595059162524774,0.19409595637563312,1.0510334396625194,-0.05753832698882405,0.2708063842807333,0.10663769935262057,-0.08975979010256553,0.09129414548893416,1.0847892581626295,-0.05600397160245541,0.008350857665044639,1,1,28,0,0,111,-200,0,-250,350,0,0,76,48,276,-84,0,500,34,32,37,36,32,38,122,119,119,119,118,118,-999,-999,-2.94
3.6924493312835693,0.13118738553451884,-0.07595059162524774,0.1894928902165272,1.0587052165943625,-0.05753832698882405,0.2708063842807333,0.10203463319351465,-0.08975979010256553,0.08822543471619687,1.090926679708104,-0.05600397160245541,0.008350857665044639,2,1,27,0,0,110,-200,0,-250,300,0,0,96,48,268,-88,0,500,34,32,37,36,31,38,122,120,120,119,119,118,-999,-999,-2.94
3.7083868980407715,0.12658431937541292,-0.07595059162524774,0.1879585348301586,1.0663769935262057,-0.05753832698882405,0.2708063842807333,0.09589721164804009,-0.08975979010256553,0.08669107932982824,1.0970641012535784,-0.05600397160245541,0.008350857665044639,1,1,36,0,0,115,-250,0,-150,300,0,0,88,48,268,-80,0,500,36,32,37,36,32,38,122,120,120,119,118,118,-999,-999,-2.94
3.72357177734375,0.12044689782993835,-0.07595059162524774,0.18642417944378992,1.0725144150716803,-0.05753832698882405,0.2708063842807333,0.08975979010256553,-0.08975979010256553,0.08669107932982824,1.1001328120263159,-0.05600397160245541,0.008350857665044639,1,1,29,0,0,106,-200,0,-100,300,0,0,84,48,276,-80,0,500,34,32,37,36,32,38,121,120,120,119,119,118,-999,-999,-2.94
3.7404167652130127,0.11584383167083243,-0.07595059162524774,0.18335546867105265,1.0801861920035236,-0.05753832698882405,0.2708063842807333,0.0851567239434596,-0.08975979010256553,0.08669107932982824,1.1047358781854217,-0.05600397160245541,0.008350857665044639,2,2,27,0,0,115,-200,0,-100,300,0,0,84,48,260,-68,0,500,34,32,37,36,31,38,121,119,119,119,118,118,-999,-999,-2.94
3.7564451694488525,0.10970641012535785,-0.07595059162524774,0.181821113284684,1.086323613548998,-0.05753832698882405,0.2708063842807333,0.07901930239798503,-0.08975979010256553,0.08669107932982824,1.1093389443445276,-0.05600397160245541,0.008350857665044639,1,1,33,0,0,114,-200,0,-100,250,0,0,92,48,252,-52,0,500,34,32,37,36,31,38,122,120,120,119,118,118,-999,-999,-2.94
3.7714483737945557,0.10510334396625193,-0.07595059162524774,0.181821113284684,1.090926679708104,-0.05753832698882405,0.2708063842807333,0.07288188085251047,-0.09129414548893416,0.08669107932982824,1.1093389443445276,-0.05600397160245541,0.008350857665044639,2,1,27,0,0,106,-200,0,-100,250,0,0,84,52,256,-64,0,500,35,32,37,35,32,38,122,120,120,119,118,118,-999,-999,-2.94
3.788435697555542,0.09896592242077737,-0.07595059162524774,0.181821113284684,1.0970641012535784,-0.05753832698882405,0.2708063842807333,0.0667444593070359,-0.09129414548893416,0.08822543471619687,1.1093389443445276,-0.05600397160245541,0.008350857665044639,1,1,29,0,0,118,-250,0,0,250,0,0,100,56,260,-44,0,500,35,32,37,36,32,38,121,120,120,119,118,118,-999,-999,-2.94
3.8059802055358887,0.0928285008753028,-0.07595059162524774,0.181821113284684,1.1001328120263159,-0.05753832698882405,0.2708063842807333,0.06214139314792997,-0.0928285008753028,0.08975979010256553,1.1108732997308963,-0.05600397160245541,0.008350857665044639,1,2,29,0,0,108,-250,0,0,200,0,0,92,56,256,-24,0,500,35,32,37,36,32,38,121,120,120,118,119,118,-999,-999,-2.94
3.8214402198791504,0.08822543471619687,-0.07595059162524774,0.181821113284684,1.1032015227990533,-0.05753832698882405,0.2708063842807333,0.05600397160245541,-0.0928285008753028,0.09129414548893416,1.1108732997308963,-0.05600397160245541,0.008350857665044639,1,1,33,0,0,107,-200,0,0,150,0,0,84,60,248,-20,0,500,34,33,37,36,31,38,121,120,120,119,118,118,-999,-999,-2.94
3.837432622909546,0.08208801317072231,-0.07595059162524774,0.181821113284684,1.1062702335717904,-0.05753832698882405,0.2708063842807333,0.049866550056980846,-0.0928285008753028,0.09129414548893416,1.1108732997308963,-0.05600397160245541,0.008350857665044639,1,1,24,0,0,109,-200,0,0,150,0,0,84,56,240,-24,0,500,34,32,37,36,32,38,122,120,120,119,119,118,-999,-999,-2.94
3.8535726070404053,0.07595059162524774,-0.07595059162524774,0.181821113284684,1.1062702335717904,-0.05753832698882405,0.2708063842807333,0.04372912851150628,-0.0928285008753028,0.0928285008753028,1.1108732997308963,-0.05600397160245541,0.008350857665044639,2,1,34,0,0,114,-250,0,0,100,0,0,96,56,248,20,0,500,35,32,37,36,31,38,122,120,120,119,118,118,-999,-999,-2.94
3.86954402923584,0.06981317007977318,-0.07595059162524774,0.181821113284684,1.1078045889581591,-0.05753832698882405,0.2708063842807333,0.036057351579663076,-0.0928285008753028,0.0928285008753028,1.1108732997308963,-0.05600397160245541,0.008350857665044639,1,2,25,1,0,115,-250,0,0,50,0,0,88,56,240,-20,0,500,35,32,37,36,32,38,122,120,120,119,119,118,-999,-999,-2.94
3.885005474090576,0.06521010392066726,-0.07595059162524774,0.181821113284684,1.1078045889581591,-0.05753832698882405,0.2708063842807333,0.029919930034188504,-0.0928285008753028,0.0928285008753028,1.1108732997308963,-0.05600397160245541,0.008350857665044639,2,2,25,0,0,120,-200,0,0,50,0,0,104,56,240,0,0,500,34,32,37,36,31,38,122,120,119,119,119,118,-999,-999,-2.94
3.9015512466430664,0.05907268237519269,-0.07441623623887911,0.181821113284684,1.1078045889581591,-0.05753832698882405,0.2708063842807333,0.0222481531023453,-0.0928285008753028,0.09436285626167144,1.1108732997308963,-0.05600397160245541,0.008350857665044639,1,1,29,0,0,114,-250,0,0,0,0,0,104,56,244,0,0,500,34,32,37,36,32,38,122,120,120,119,118,118,-999,-999,-2.94
3.9175517559051514,0.052935260829718125,-0.07441623623887911,0.181821113284684,1.1093389443445276,-0.05753832698882405,0.2708063842807333,0.016110731556870737,-0.0928285008753028,0.09436285626167144,1.1108732997308963,-0.05600397160245541,0.008350857665044639,2,1,24,0,0,117,-250,50,0,0,0,0,104,64,236,0,0,500,34,32,37,36,31,38,122,120,119,119,119,118,-999,-999,-2.94
3.934429883956909,0.04679783928424356,-0.07441623623887911,0.181821113284684,1.1093389443445276,-0.05753832698882405,0.2708063842807333,0.009973310011396168,-0.0928285008753028,0.09436285626167144,1.1108732997308963,-0.05600397160245541,0.008350857665044639,2,1,29,0,0,109,-250,50,0,50,0,0,100,60,240,20,0,500,35,32,37,36,32,38,122,120,121,118,118,118,-999,-999,-2.94
3.949003219604492,0.040660417738769,-0.07441623623887911,0.181821113284684,1.1093389443445276,-0.05753832698882405,0.2708063842807333,0.002301533079552962,-0.09129414548893416,0.09436285626167144,1.1108732997308963,-0.05600397160245541,0.008350857665044639,2,2,25,0,0,112,-250,0,0,0,0,0,104,60,240,0,0,500,34,32,37,36,32,38,122,120,120,119,118,118,-999,-999,-2.94
3.965452194213867,0.03298864080692579,-0.07441623623887911,0.181821113284684,1.1093389443445276,-0.05753832698882405,0.2708063842807333,-0.005370243852290245,-0.09129414548893416,0.09436285626167144,1.1108732997308963,-0.05600397160245541,0.008350857665044639,2,1,27,0,0,106,-250,0,0,0,0,0,104,56,240,0,0,500,34,32,37,36,31,38,121,120,120,119,119,118,-999,-999,-2.94
3.9814538955688477,0.026851219261451224,-0.07441623623887911,0.181821113284684,1.1093389443445276,-0.05753832698882405,0.2708063842807333,-0.01150766539776481,-0.09129414548893416,0.09436285626167144,1.1108732997308963,-0.05600397160245541,0.008350857665044639,2,1,25,0,0,112,-250,0,0,0,0,0,112,52,240,0,0,500,35,32,37,36,32,38,121,120,120,119,118,118,-999,-999,-2.94
3.9976072311401367,0.01917944232960802,-0.07441623623887911,0.181821113284684,1.1093389443445276,-0.05753832698882405,0.2708063842807333,-0.01917944232960802,-0.09129414548893416,0.09436285626167144,1.1108732997308963,-0.05600397160245541,0.008350857665044639,1,1,25,0,0,110,-250,0,0,0,0,0,100,56,240,0,0,500,34,32,37,36,31,38,122,120,119,119,119,118,-999,-999,-2.94
4.01242733001709,0.014576376170502094,-0.07441623623887911,0.181821113284684,1.1093389443445276,-0.05753832698882405,0.2708063842807333,-0.026851219261451224,-0.09129414548893416,0.09436285626167144,1.1108732997308963,-0.05600397160245541,0.008350857665044639,1,2,25,0,0,116,-300,0,0,0,0,0,100,56,240,0,0,500,34,32,37,36,32,38,122,120,120,119,119,118,-999,-999,-2.94
4.029466152191162,0.006904599238658886,-0.07441623623887911,0.181821113284684,1.1093389443445276,-0.05753832698882405,0.2708063842807333,-0.03452299619329443,-0.08975979010256553,0.09436285626167144,1.1108732997308963,-0.05600397160245541,0.008350857665044639,2,2,24,0,0,115,-300,0,0,0,0,0,116,56,240,0,0,500,34,32,37,36,32,38,122,119,120,119,118,118,-999,-999,-2.94
4.044017791748047,-0.0007671776931843208,-0.07441623623887911,0.181821113284684,1.1093389443445276,-0.05753832698882405,0.2708063842807333,-0.042194773125137634,-0.08975979010256553,0.09436285626167144,1.1108732997308963,-0.05600397160245541,0.008350857665044639,2,1,32,0,0,116,-250,0,0,0,0,0,116,52,240,0,0,500,34,32,37,36,32,38,121,120,120,119,119,118,-999,-999,-2.94
4.062460422515869,-0.009973310011396168,-0.07441623623887911,0.181821113284684,1.1093389443445276,-0.05753832698882405,0.2708063842807333,-0.0483321946706122,-0.08975979010256553,0.09436285626167144,1.1108732997308963,-0.05600397160245541,0.008350857665044639,1,1,33,0,0,114,-300,0,0,0,0,0,112,48,240,0,0,500,34,32,37,36,31,38,122,120,120,120,119,118,-999,-999,-2.94
4.078023433685303,-0.016110731556870737,-0.07441623623887911,0.181821113284684,1.1093389443445276,-0.05753832698882405,0.2708063842807333,-0.05600397160245541,-0.08975979010256553,0.09436285626167144,1.1108732997308963,-0.05600397160245541,0.008350857665044639,1,1,32,0,0,106,-300,0,0,0,0,0,108,52,240,0,0,500,34,32,37,36,31,38,122,120,120,119,119,118,-999,-999,-2.94
4.095471382141113,-0.02378250848871394,-0.07441623623887911,0.181821113284684,1.1093389443445276,-0.05753832698882405,0.2708063842807333,-0.06367574853429861,-0.08975979010256553,0.09436285626167144,1.1108732997308963,-0.05600397160245541,0.008350857665044639,1,2,25,0,0,106,-300,0,0,0,0,0,108,52,240,0,0,500,34,32,37,37,31,38,122,120,119,119,118,118,-999,-999,-2.94
4.109444618225098,-0.029919930034188504,-0.07441623623887911,0.181821113284684,1.1093389443445276,-0.05753832698882405,0.2708063842807333,-0.07134752546614181,-0.08975979010256553,0.09436285626167144,1.1108732997308963,-0.05600397160245541,0.008350857665044639,1,1,34,0,0,108,-300,0,0,0,0,0,104,52,240,0,0,500,34,32,37,36,32,38,122,120,120,119,119,119,-999,-999,-2.94
4.124898672103882,-0.03759170696603171,-0.07441623623887911,0.181821113284684,1.1093389443445276,-0.05753832698882405,0.2708063842807333,-0.07748494701161639,-0.08975979010256553,0.09436285626167144,1.1108732997308963,-0.05600397160245541,0.008350857665044639,3,2,31,0,0,113,-300,0,0,0,0,0,120,52,240,0,0,500,34,32,37,36,32,38,122,120,120,119,118,118,-999,-999,-2.94
4.142444133758545,-0.04526348389787492,-0.07441623623887911,0.181821113284684,1.1093389443445276,-0.05753832698882405,0.2708063842807333,-0.08669107932982824,-0.08975979010256553,0.09436285626167144,1.1108732997308963,-0.05753832698882405,0.008350857665044639,1,1,25,0,0,109,-300,0,0,0,0,0,104,52,240,0,0,500,35,32,37,36,32,38,122,120,120,119,119,118,-999,-999,-2.94
4.1575047969818115,-0.052935260829718125,-0.07441623623887911,0.181821113284684,1.1093389443445276,-0.05753832698882405,0.2708063842807333,-0.0928285008753028,-0.08975979010256553,0.09436285626167144,1.1108732997308963,-0.05753832698882405,0.008350857665044639,2,1,28,0,0,105,-300,0,0,0,0,0,112,52,240,0,0,500,35,32,37,36,32,38,122,120,120,119,118,118,-999,-999,-2.94
4.174492120742798,-0.06060703776156134,-0.07441623623887911,0.181821113284684,1.1093389443445276,-0.05753832698882405,0.2708063842807333,-0.100500277807146,-0.08975979010256553,0.09436285626167144,1.1108732997308963,-0.05753832698882405,0.008350857665044639,1,1,27,0,0,109,-300,0,0,0,0,0,104,52,240,0,0,500,34,32,37,36,32,38,122,120,120,119,119,118,-999,-999,-2.94
4.189509391784668,-0.0667444593070359,-0.07441623623887911,0.181821113284684,1.1093389443445276,-0.05753832698882405,0.2708063842807333,-0.10817205473898922,-0.08975979010256553,0.09436285626167144,1.1108732997308963,-0.05753832698882405,0.008350857665044639,2,1,29,0,0,106,-300,0,0,0,0,0,100,52,240,0,0,500,34,33,37,36,32,38,122,120,120,119,119,118,-999,-999,-2.94
4.206646919250488,-0.07441623623887911,-0.07441623623887911,0.181821113284684,1.1093389443445276,-0.05753832698882405,0.2708063842807333,-0.11430947628446378,-0.08975979010256553,0.09589721164804009,1.1108732997308963,-0.05753832698882405,0.008350857665044639,2,1,29,0,0,113,-300,0,0,0,0,0,112,52,240,0,0,500,34,32,37,36,31,38,122,120,120,119,119,118,-999,-999,-2.94
4.2225165367126465,-0.08208801317072231,-0.07441623623887911,0.181821113284684,1.1093389443445276,-0.05753832698882405,0.2708063842807333,-0.12198125321630698,-0.08975979010256553,0.09589721164804009,1.1139420105036337,-0.05753832698882405,0.008350857665044639,1,1,23,0,0,108,-250,0,0,0,0,0,108,52,236,0,0,500,35,32,37,36,32,38,122,120,119,118,118,118,-999,-999,-2.94
4.239058256149292,-0.08975979010256553,-0.07441623623887911,0.181821113284684,1.1093389443445276,-0.05753832698882405,0.2708063842807333,-0.1296530301481502,-0.08975979010256553,0.09589721164804009,1.1185450766627396,-0.05907268237519269,0.008350857665044639,1,1,23,1,0,21,-300,0,0,0,0,0,108,52,232,-24,0,500,34,32,37,36,31,38,123,120,121,120,120,120,-999,-999,-2.94
4.2546446323394775,-0.09589721164804009,-0.07441623623887911,0.181821113284684,1.1093389443445276,-0.05753832698882405,0.2708063842807333,-0.13579045169362475,-0.08975979010256553,0.09589721164804009,1.1216137874354768,-0.05907268237519269,0.008350857665044639,1,2,24,1,0,17,-300,0,0,0,0,0,108,52,236,-44,0,200,35,32,37,36,31,38,123,121,122,121,121,122,-999,-999,-2.94
4.270505428314209,-0.1035689885798833,-0.07441623623887911,0.181821113284684,1.1108732997308963,-0.05753832698882405,0.2708063842807333,-0.14346222862546795,-0.08975979010256553,0.09589721164804009,1.1231481428218455,-0.05907268237519269,0.008350857665044639,0,1,24,0,0,20,-250,0,0,0,0,0,104,52,236,-56,0,200,34,32,37,36,32,38,122,121,121,121,121,121,-999,-999,-2.94
4.286489725112915,-0.10970641012535785,-0.07441623623887911,0.181821113284684,1.1154763658900022,-0.05753832698882405,0.2708063842807333,-0.15113400555731116,-0.08975979010256553,0.09589721164804009,1.1231481428218455,-0.05907268237519269,0.008350857665044639,2,1,27,0,0,17,-250,0,0,0,0,0,100,52,236,-36,0,200,34,32,37,36,32,38,123,121,121,121,121,121,-999,-999,-2.94
4.302513360977173,-0.11737818705720107,-0.07441623623887911,0.181821113284684,1.1185450766627396,-0.05600397160245541,0.2708063842807333,-0.15880578248915436,-0.08975979010256553,0.09589721164804009,1.1231481428218455,-0.05753832698882405,0.008350857665044639,2,1,31,0,0,21,-300,0,0,150,0,0,120,52,236,0,20,200,34,32,37,36,32,38,123,121,122,121,121,121,-999,-999,-2.94
4.3190624713897705,-0.12504996398904428,-0.07441623623887911,0.181821113284684,1.1185450766627396,-0.05600397160245541,0.2708063842807333,-0.16494320403462895,-0.08975979010256553,0.09589721164804009,1.1246824982082142,-0.05753832698882405,0.008350857665044639,2,2,30,0,0,21,-300,0,0,100,50,0,116,52,236,20,0,200,34,32,37,36,32,37,123,122,122,121,121,122,-999,-999,-2.94
4.334686517715454,-0.13272174092088748,-0.07441623623887911,0.181821113284684,1.120079432049108,-0.05600397160245541,0.2708063842807333,-0.17261498096647215,-0.08975979010256553,0.09589721164804009,1.1246824982082142,-0.05753832698882405,0.008350857665044639,2,1,30,0,0,18,-300,0,0,50,0,0,100,52,236,-20,0,200,34,32,37,36,32,38,123,121,121,121,121,121,-999,-999,-2.94
4.35005521774292,-0.13885916246636204,-0.07441623623887911,0.181821113284684,1.1231481428218455,-0.05600397160245541,0.2708063842807333,-0.18028675789831536,-0.08975979010256553,0.09589721164804009,1.1246824982082142,-0.05753832698882405,0.008350857665044639,2,2,29,0,0,16,-300,0,0,100,0,0,96,52,236,-20,0,200,34,32,37,36,31,38,123,122,123,121,121,121,-999,-999,-2.94
4.36766242980957,-0.1480652947845739,-0.07441623623887911,0.181821113284684,1.1231481428218455,-0.05600397160245541,0.2708063842807333,-0.1879585348301586,-0.08975979010256553,0.09589721164804009,1.1246824982082142,-0.05753832698882405,0.008350857665044639,2,1,24,0,0,20,-300,0,0,50,0,0,108,52,236,24,0,200,35,32,37,36,32,38,123,121,122,121,121,121,-999,-999,-2.94
4.3830742835998535,-0.1557370717164171,-0.07441623623887911,0.181821113284684,1.1231481428218455,-0.05600397160245541,0.2708063842807333,-0.19409595637563312,-0.08975979010256553,0.09589721164804009,1.1246824982082142,-0.05753832698882405,0.008350857665044639,2,2,29,0,0,17,-300,0,0,50,0,0,112,52,236,0,0,200,34,32,37,36,32,38,123,121,122,121,121,121,-999,-999,-2.94
4.400519371032715,-0.1634088486482603,-0.07441623623887911,0.181821113284684,1.1231481428218455,-0.05600397160245541,0.2708063842807333,-0.20176773330747633,-0.08975979010256553,0.09589721164804009,1.1246824982082142,-0.05753832698882405,0.008350857665044639,1,2,25,0,0,18,-300,0,0,0,0,0,104,52,236,0,0,200,35,32,37,36,32,38,123,121,121,121,121,122,-999,-999,-2.94
4.416080951690674,-0.17108062558010353,-0.07441623623887911,0.181821113284684,1.1231481428218455,-0.05600397160245541,0.2708063842807333,-0.2079051548529509,-0.08975979010256553,0.09589721164804009,1.1246824982082142,-0.05753832698882405,0.008350857665044639,1,1,30,0,0,17,-300,0,0,0,0,0,92,52,236,0,0,200,34,32,37,36,31,37,123,121,121,121,121,121,-999,-999,-2.94
4.430509328842163,-0.17568369173920942,-0.07441623623887911,0.181821113284684,1.1231481428218455,-0.05600397160245541,0.2708063842807333,-0.21557693178479412,-0.08822543471619687,0.09589721164804009,1.1246824982082142,-0.05907268237519269,0.008350857665044639,2,2,24,0,0,16,-300,0,0,0,0,0,108,52,236,0,20,200,35,32,37,36,32,38,123,121,122,121,121,122,-999,-999,-2.94
4.447532415390015,-0.18488982405742127,-0.07441623623887911,0.181821113284684,1.1231481428218455,-0.05600397160245541,0.2708063842807333,-0.22171435333026868,-0.08822543471619687,0.09589721164804009,1.1246824982082142,-0.05907268237519269,0.008350857665044639,1,2,26,0,1,19,-250,0,0,0,0,0,108,48,236,0,24,200,34,32,37,36,32,38,123,121,122,121,121,121,-999,-999,-2.94
4.464104890823364,-0.19256160098926448,-0.07441623623887911,0.181821113284684,1.1231481428218455,-0.05600397160245541,0.2708063842807333,-0.22785177487574323,-0.08822543471619687,0.09589721164804009,1.1246824982082142,-0.05907268237519269,0.008350857665044639,1,1,24,0,0,21,-250,0,0,0,0,0,108,44,236,0,20,200,34,32,37,36,32,38,123,121,121,121,121,122,-999,-999,-2.94
4.4795403480529785,-0.19716466714837041,-0.07441623623887911,0.181821113284684,1.1231481428218455,-0.05600397160245541,0.2708063842807333,-0.23552355180758644,-0.08822543471619687,0.09589721164804009,1.1246824982082142,-0.05907268237519269,0.008350857665044639,1,2,30,0,1,19,-300,0,0,0,0,0,92,48,236,0,20,200,34,32,37,36,31,38,123,121,122,121,121,121,-999,-999,-2.94
4.495570421218872,-0.20483644408021362,-0.07441623623887911,0.181821113284684,1.1231481428218455,-0.05600397160245541,0.2708063842807333,-0.24166097335306103,-0.08822543471619687,0.09589721164804009,1.1246824982082142,-0.05907268237519269,0.008350857665044639,2,2,29,0,1,19,-250,0,0,0,0,0,108,48,236,0,20,200,34,32,37,36,32,38,123,121,122,121,121,122,-999,-999,-2.94
4.511682748794556,-0.21250822101205682,-0.07441623623887911,0.181821113284684,1.1231481428218455,-0.05600397160245541,0.2708063842807333,-0.24933275028490423,-0.08822543471619687,0.09589721164804009,1.1246824982082142,-0.05907268237519269,0.008350857665044639,2,1,24,0,0,18,-300,0,0,0,0,0,104,48,236,0,20,200,34,32,37,36,31,38,123,121,122,121,121,121,-999,-999,-2.94
4.527589797973633,-0.21864564255753138,-0.07441623623887911,0.181821113284684,1.1231481428218455,-0.05600397160245541,0.2708063842807333,-0.25700452721674744,-0.08822543471619687,0.09589721164804009,1.1246824982082142,-0.06060703776156134,0.008350857665044639,1,1,26,0,0,16,-250,0,0,0,0,0,104,48,236,0,24,200,34,32,37,36,31,38,123,121,122,121,121,121,-999,-999,-2.94
4.5437023639678955,-0.22478306410300597,-0.07441623623887911,0.181821113284684,1.1231481428218455,-0.05600397160245541,0.2708063842807333,-0.26314194876222197,-0.08822543471619687,0.09743156703440872,1.1246824982082142,-0.06060703776156134,0.008350857665044639,2,1,26,0,0,20,-300,0,0,0,0,0,104,48,236,0,28,200,34,32,37,36,32,38,123,121,122,121,121,121,-999,-999,-2.94
4.5591418743133545,-0.23245484103484917,-0.07441623623887911,0.181821113284684,1.1231481428218455,-0.05600397160245541,0.2708063842807333,-0.26927937030769655,-0.08822543471619687,0.09743156703440872,1.1246824982082142,-0.06060703776156134,0.008350857665044639,2,1,23,0,0,18,-300,0,0,0,0,0,112,48,232,0,24,200,34,32,37,36,32,37,123,121,122,121,121,122,-999,-999,-2.94
4.575099945068359,-0.23859226258032373,-0.07441623623887911,0.181821113284684,1.1231481428218455,-0.05600397160245541,0.2708063842807333,-0.27541679185317114,-0.08822543471619687,0.09743156703440872,1.1246824982082142,-0.06060703776156134,0.008350857665044639,1,2,28,0,0,16,-250,0,0,0,0,0,104,48,228,0,24,200,34,32,37,36,32,38,123,121,122,121,121,122,-999,-999,-2.94
4.590729475021362,-0.2447296841257983,-0.07441623623887911,0.181821113284684,1.1231481428218455,-0.05600397160245541,0.2708063842807333,-0.28155421339864567,-0.08822543471619687,0.09743156703440872,1.1246824982082142,-0.06060703776156134,0.008350857665044639,1,1,29,0,1,18,-300,0,0,0,0,0,96,48,232,0,24,200,34,32,37,36,31,38,123,121,122,121,121,121,-999,-999,-2.94
4.607670307159424,-0.25086710567127285,-0.07441623623887911,0.181821113284684,1.1231481428218455,-0.05600397160245541,0.2708063842807333,-0.2876916349441202,-0.08822543471619687,0.09743156703440872,1.1246824982082142,-0.06060703776156134,0.008350857665044639,2,1,28,0,0,18,-250,0,0,0,0,0,88,48,232,0,24,200,35,32,37,36,31,38,123,121,122,121,121,121,-999,-999,-2.94
4.6235668659210205,-0.2585388826031161,-0.07441623623887911,0.181821113284684,1.1231481428218455,-0.05600397160245541,0.2708063842807333,-0.29382905648959484,-0.08822543471619687,0.09896592242077737,1.1246824982082142,-0.06060703776156134,0.008350857665044639,1,1,24,0,0,19,-250,0,0,0,0,0,100,48,232,0,24,200,34,32,37,36,32,38,123,121,122,121,121,121,-999,-999,-2.94
4.6395604610443115,-0.2646763041485906,-0.07441623623887911,0.181821113284684,1.1231481428218455,-0.05600397160245541,0.2708063842807333,-0.2999664780350694,-0.08822543471619687,0.1035689885798833,1.1246824982082142,-0.06060703776156134,0.008350857665044639,1,1,22,0,0,16,-250,0,0,0,0,0,96,48,228,0,24,200,34,32,37,36,32,38,123,122,122,121,121,121,-999,-999,-2.94
4.655980348587036,-0.2708137256940652,-0.07441623623887911,0.181821113284684,1.1231481428218455,-0.05600397160245541,0.2708063842807333,-0.30610389958054396,-0.08822543471619687,0.10970641012535785,1.1231481428218455,-0.06060703776156134,0.008350857665044639,2,2,24,0,0,17,-250,0,0,0,0,0,104,48,212,0,24,200,35,32,37,36,31,38,123,121,122,121,121,121,-999,-999,-2.94
4.672521114349365,-0.27848550262590843,-0.07441623623887911,0.181821113284684,1.1231481428218455,-0.05600397160245541,0.2708063842807333,-0.30917261035328125,-0.08822543471619687,0.11584383167083243,1.120079432049108,-0.06060703776156134,0.008350857665044639,1,1,13,0,0,16,-300,0,0,0,0,0,92,48,180,0,24,200,35,32,37,36,31,38,123,121,122,121,121,122,-999,-999,-2.94
4.688693046569824,-0.2830885687850143,-0.07441623623887911,0.181821113284684,1.1231481428218455,-0.05600397160245541,0.2708063842807333,-0.31377567651238714,-0.08822543471619687,0.12198125321630698,1.1185450766627396,-0.06060703776156134,0.008350857665044639,1,1,11,1,0,16,-250,0,0,0,0,0,80,48,164,28,24,200,34,32,37,36,32,38,123,122,122,121,121,122,-999,-999,-2.94
4.704699277877808,-0.2892259903304889,-0.07441623623887911,0.181821113284684,1.1231481428218455,-0.05600397160245541,0.2708063842807333,-0.31684438728512443,-0.08822543471619687,0.12658431937541292,1.1185450766627396,-0.06060703776156134,0.008350857665044639,2,1,11,0,0,17,-200,0,0,0,0,0,80,48,148,28,24,200,34,32,37,36,32,38,123,121,122,122,122,122,-999,-999,-2.94
4.720715522766113,-0.2953634118759635,-0.07441623623887911,0.181821113284684,1.1231481428218455,-0.05600397160245541,0.2708063842807333,-0.3214474534442303,-0.08822543471619687,0.13118738553451884,1.1185450766627396,-0.06060703776156134,0.008350857665044639,1,1,9,0,0,18,-250,0,0,0,0,0,80,48,136,24,24,200,34,32,37,36,32,38,123,121,122,122,122,122,-999,-999,-2.94
4.7365968227386475,-0.2999664780350694,-0.07441623623887911,0.181821113284684,1.1231481428218455,-0.05600397160245541,0.2708063842807333,-0.3260505196033363,-0.08822543471619687,0.13579045169362475,1.1185450766627396,-0.06214139314792997,0.008350857665044639,1,1,7,0,0,20,-250,0,0,0,0,0,64,48,132,24,28,200,34,32,37,36,39,38,123,122,122,122,122,122,-999,-999,-2.94
4.752722263336182,-0.30456954419417526,-0.07441623623887911,0.181821113284684,1.1231481428218455,-0.05600397160245541,0.2708063842807333,-0.32758487498970495,-0.08822543471619687,0.13885916246636204,1.1185450766627396,-0.06214139314792997,0.008350857665044639,1,1,6,1,1,19,-200,0,0,0,0,0,76,48,116,24,32,200,35,32,37,36,31,38,124,122,122,121,122,121,-999,-999,-2.94
4.768601655960083,-0.30917261035328125,-0.07441623623887911,0.181821113284684,1.1231481428218455,-0.05600397160245541,0.2708063842807333,-0.33218794114881084,-0.08822543471619687,0.1419278732390993,1.1185450766627396,-0.06214139314792997,0.008350857665044639,1,1,5,0,1,20,-200,0,0,0,0,0,64,48,108,24,32,200,34,32,37,36,32,38,124,122,122,122,121,122,-999,-999,-2.94
4.785187005996704,-0.31377567651238714,-0.07441623623887911,0.181821113284684,1.1231481428218455,-0.05600397160245541,0.2708063842807333,-0.3337222965351795,-0.08822543471619687,0.14499658401183663,1.1185450766627396,-0.06214139314792997,0.008350857665044639,1,1,5,1,1,16,-200,0,0,0,0,0,64,48,108,24,28,200,34,32,37,36,32,38,123,122,122,122,122,122,-999,-999,-2.94
4.800737142562866,-0.31684438728512443,-0.07441623623887911,0.181821113284684,1.1231481428218455,-0.05600397160245541,0.2708063842807333,-0.3337222965351795,-0.08822543471619687,0.14653093939820525,1.1185450766627396,-0.06214139314792997,0.008350857665044639,0,1,4,0,1,19,-150,0,0,0,0,0,56,48,100,24,28,200,35,32,37,36,32,38,123,122,123,122,122,122,-999,-999,-2.94
4.8161303997039795,-0.3214474534442303,-0.07441623623887911,0.181821113284684,1.1231481428218455,-0.05600397160245541,0.2708063842807333,-0.3367910073079168,-0.08822543471619687,0.14653093939820525,1.1185450766627396,-0.06214139314792997,0.008350857665044639,0,2,4,0,0,17,-150,0,0,0,0,0,40,48,96,24,28,200,34,32,37,36,32,38,123,122,122,122,122,122,-999,-999,-2.94
4.832605838775635,-0.32451616421696766,-0.07441623623887911,0.181821113284684,1.1231481428218455,-0.05600397160245541,0.2708063842807333,-0.339859718080654,-0.08822543471619687,0.14653093939820525,1.1185450766627396,-0.06214139314792997,0.008350857665044639,0,2,5,0,1,17,-150,0,0,0,0,0,48,48,100,24,28,200,34,32,37,36,32,38,124,122,122,122,121,122,-999,-999,-2.94
4.847710847854614,-0.32758487498970495,-0.07441623623887911,0.181821113284684,1.1231481428218455,-0.05600397160245541,0.2708063842807333,-0.3413940734670227,-0.08822543471619687,0.14653093939820525,1.1185450766627396,-0.06214139314792997,0.008350857665044639,0,1,4,0,1,16,-150,0,0,0,0,0,48,48,104,24,28,200,35,32,37,36,32,38,123,122,122,122,122,122,-999,-999,-2.94
4.864635229110718,-0.3291192303760736,-0.07441623623887911,0.181821113284684,1.1231481428218455,-0.05600397160245541,0.2708063842807333,-0.34446278423976,-0.08822543471619687,0.14653093939820525,1.1185450766627396,-0.06214139314792997,0.008350857665044639,1,1,5,0,1,22,-100,0,0,0,0,0,44,48,104,24,28,200,35,32,37,36,32,38,123,122,122,122,122,122,-999,-999,-2.94
4.879714250564575,-0.33218794114881084,-0.07441623623887911,0.181821113284684,1.1231481428218455,-0.05600397160245541,0.2708063842807333,-0.34446278423976,-0.08822543471619687,0.14653093939820525,1.1185450766627396,-0.06214139314792997,0.008350857665044639,0,1,5,0,0,16,-100,0,0,0,0,0,48,48,104,24,28,200,35,32,37,36,31,38,124,122,122,122,121,122,-999,-999,-2.94
4.895590543746948,-0.3337222965351795,-0.07441623623887911,0.181821113284684,1.1231481428218455,-0.05600397160245541,0.2708063842807333,-0.34599713962612866,-0.08822543471619687,0.14653093939820525,1.1185450766627396,-0.06214139314792997,0.008350857665044639,0,2,5,0,1,16,-100,0,0,0,0,0,40,48,104,24,28,200,34,32,37,36,32,37,124,122,122,122,122,121,-999,-999,-2.94
4.911701440811157,-0.33525665192154813,-0.07441623623887911,0.181821113284684,1.1231481428218455,-0.05600397160245541,0.2708063842807333,-0.34753149501249725,-0.08822543471619687,0.14653093939820525,1.1185450766627396,-0.06214139314792997,0.008350857665044639,1,1,5,1,0,16,-100,0,0,0,0,0,44,48,104,24,28,200,35,32,37,36,32,38,124,122,122,122,121,122,-999,-999,-2.94
4.929594993591309,-0.3367910073079168,-0.07441623623887911,0.181821113284684,1.1231481428218455,-0.05600397160245541,0.2708063842807333,-0.3521345611716032,-0.08822543471619687,0.14653093939820525,1.1185450766627396,-0.06214139314792997,0.008350857665044639,1,1,5,1,0,17,-50,0,0,0,0,0,44,48,104,24,28,200,35,32,37,36,32,38,123,122,122,122,122,122,-999,-999,-2.94
4.943564414978027,-0.33832536269428537,-0.07441623623887911,0.181821113284684,1.1231481428218455,-0.05600397160245541,0.2708063842807333,-0.35366891655797184,-0.08669107932982824,0.14653093939820525,1.1185450766627396,-0.06214139314792997,0.008350857665044639,1,0,5,0,1,21,-50,0,0,0,0,0,68,48,104,24,28,200,34,32,37,36,31,38,124,122,122,122,122,122,-999,-999,-2.94
4.9617555141448975,-0.339859718080654,-0.07441623623887911,0.181821113284684,1.1231481428218455,-0.05600397160245541,0.2708063842807333,-0.3567376273307091,-0.08669107932982824,0.14653093939820525,1.1185450766627396,-0.06214139314792997,0.008350857665044639,1,1,5,0,1,18,-50,0,0,0,0,0,64,44,104,24,28,200,35,32,37,36,31,38,124,122,122,122,122,122,-999,-999,-2.94
4.977574110031128,-0.34292842885339136,-0.07441623623887911,0.181821113284684,1.1231481428218455,-0.05600397160245541,0.2708063842807333,-0.3582719827170778,-0.08669107932982824,0.1480652947845739,1.1185450766627396,-0.06214139314792997,0.008350857665044639,1,1,5,0,1,16,-100,0,0,0,0,0,52,40,104,24,28,200,34,32,37,36,32,38,124,122,122,119,121,121,-999,-999,-2.94
4.993736743927002,-0.34292842885339136,-0.07441623623887911,0.181821113284684,1.1231481428218455,-0.05600397160245541,0.2708063842807333,-0.3582719827170778,-0.08669107932982824,0.14959965017094254,1.1185450766627396,-0.06214139314792997,0.008350857665044639,1,1,5,0,0,16,-100,0,0,0,0,0,52,44,100,24,28,200,34,32,37,36,32,38,124,122,122,122,122,122,-999,-999,-2.94
5.0097386837005615,-0.34599713962612866,-0.07441623623887911,0.181821113284684,1.1231481428218455,-0.05600397160245541,0.2708063842807333,-0.3582719827170778,-0.08669107932982824,0.15420271633004848,1.1185450766627396,-0.06214139314792997,0.008350857665044639,0,1,4,0,1,17,-50,0,0,0,0,0,44,44,88,24,28,200,34,32,37,36,32,38,123,122,122,122,122,122,-999,-999,-2.94
5.025628089904785,-0.34599713962612866,-0.07441623623887911,0.181821113284684,1.1231481428218455,-0.05600397160245541,0.2708063842807333,-0.3598063381034464,-0.08669107932982824,0.15880578248915436,1.117010721276371,-0.06214139314792997,0.008350857665044639,0,1,3,0,0,17,-100,0,0,0,0,0,44,44,76,28,28,200,35,32,37,36,31,38,124,122,122,122,122,122,-999,-999,-2.94
5.041579723358154,-0.34753149501249725,-0.07441623623887911,0.181821113284684,1.1231481428218455,-0.05600397160245541,0.2708063842807333,-0.3598063381034464,-0.08669107932982824,0.1634088486482603,1.1154763658900022,-0.06367574853429861,0.008350857665044639,1,1,2,0,1,16,0,0,0,0,0,0,40,44,56,36,32,200,34,32,37,36,32,38,123,122,122,122,122,122,-999,-999,-2.94
5.057607412338257,-0.3490658503988659,-0.07441623623887911,0.181821113284684,1.1231481428218455,-0.05600397160245541,0.2708063842807333,-0.3598063381034464,-0.08669107932982824,0.1680119148073662,1.1139420105036337,-0.06367574853429861,0.008350857665044639,0,1,2,1,1,21,-50,0,0,0,0,0,40,44,44,44,36,200,35,32,37,36,31,38,124,122,122,122,122,122,-999,-999,-2.94
5.073745965957642,-0.35060020578523454,-0.07441623623887911,0.18335546867105265,1.1231481428218455,-0.05600397160245541,0.2708063842807333,-0.36134069348981507,-0.08669107932982824,0.1741493363528408,1.1078045889581591,-0.06367574853429861,0.008350857665044639,1,1,1,1,1,17,-50,0,0,0,0,0,36,44,36,48,32,200,34,32,37,36,32,38,123,122,122,122,122,121,-999,-999,-2.94
5.088768005371094,-0.3521345611716032,-0.07441623623887911,0.18335546867105265,1.1231481428218455,-0.05600397160245541,0.2708063842807333,-0.3628750488761837,-0.08669107932982824,0.18028675789831536,1.1016671674126846,-0.06367574853429861,0.008350857665044639,0,1,0,1,1,19,-100,0,50,0,0,0,44,44,20,60,32,200,35,32,37,36,31,38,124,122,122,122,122,122,-999,-999,-2.94
5.105614185333252,-0.35366891655797184,-0.07441623623887911,0.18642417944378992,1.1231481428218455,-0.05600397160245541,0.2708063842807333,-0.36594375964892095,-0.08669107932982824,0.18642417944378992,1.0970641012535784,-0.06367574853429861,0.008350857665044639,1,0,0,4,1,17,-50,0,50,0,0,0,44,44,-24,96,32,200,34,32,37,36,32,38,124,122,122,122,121,122,-999,-999,-2.94
5.121814489364624,-0.3552032719443404,-0.07441623623887911,0.19409595637563312,1.1216137874354768,-0.05600397160245541,0.2708063842807333,-0.3674781150352896,-0.08669107932982824,0.19256160098926448,1.0924610350944726,-0.06367574853429861,0.008350857665044639,1,1,0,3,1,16,-50,0,100,0,0,0,56,44,-20,100,32,200,34,32,37,36,32,38,123,122,122,121,122,121,-999,-999,-2.94
5.137631177902222,-0.3567376273307091,-0.07441623623887911,0.2002333779211077,1.1185450766627396,-0.05600397160245541,0.2708063842807333,-0.36901247042165825,-0.08669107932982824,0.19869902253473906,1.0847892581626295,-0.06367574853429861,0.008350857665044639,1,1,1,3,0,20,-50,0,200,0,0,0,52,44,0,96,32,200,35,32,37,36,32,38,123,122,122,122,122,122,-999,-999,-2.94
5.1527557373046875,-0.3582719827170778,-0.07441623623887911,0.20330208869384497,1.1154763658900022,-0.05600397160245541,0.2708063842807333,-0.36901247042165825,-0.08669107932982824,0.20330208869384497,1.078651836617155,-0.06367574853429861,0.008350857665044639,0,1,1,4,1,19,-50,0,250,-150,0,0,40,44,28,104,32,200,34,32,37,36,31,38,123,122,122,122,122,121,-999,-999,-2.94
5.169766664505005,-0.3582719827170778,-0.07441623623887911,0.20943951023931956,1.112407655117265,-0.05600397160245541,0.2708063842807333,-0.36901247042165825,-0.08669107932982824,0.20943951023931956,1.0725144150716803,-0.06367574853429861,0.008350857665044639,0,1,0,4,0,17,-50,0,200,-100,0,0,36,44,-20,120,32,200,34,32,37,36,31,38,124,122,122,122,122,121,-999,-999,-2.94
5.1866254806518555,-0.3582719827170778,-0.07441623623887911,0.21557693178479412,1.1093389443445276,-0.05600397160245541,0.2708063842807333,-0.3705468258080269,-0.08669107932982824,0.21557693178479412,1.0663769935262057,-0.06367574853429861,0.008350857665044639,1,1,1,5,0,16,-50,0,200,-100,0,0,44,44,32,120,32,200,34,32,37,36,32,38,123,122,122,122,122,121,-999,-999,-2.94
5.203628778457642,-0.3598063381034464,-0.07441623623887911,0.22017999794390003,1.1047358781854217,-0.05600397160245541,0.2708063842807333,-0.3705468258080269,-0.08669107932982824,0.22017999794390003,1.0602395719807312,-0.06367574853429861,0.008350857665044639,1,1,0,5,1,19,0,0,200,-150,0,0,48,44,-20,140,32,200,35,32,37,36,31,38,124,122,122,121,122,121,-999,-999,-2.94
5.218623638153076,-0.3598063381034464,-0.07441623623887911,0.22631741948937462,1.1001328120263159,-0.05600397160245541,0.2708063842807333,-0.3705468258080269,-0.08669107932982824,0.22478306410300597,1.0556365058216253,-0.06367574853429861,0.008350857665044639,0,1,1,4,0,17,-50,0,200,-150,0,0,44,44,-20,124,32,200,34,32,37,36,32,38,124,122,122,122,122,122,-999,-999,-2.94
5.23467755317688,-0.3598063381034464,-0.07441623623887911,0.2309204856484805,1.09552974586721,-0.05600397160245541,0.2708063842807333,-0.3705468258080269,-0.08669107932982824,0.22938613026211188,1.0494990842761507,-0.06367574853429861,0.008350857665044639,1,1,2,4,1,16,0,0,250,-200,0,0,36,44,28,124,32,200,34,32,37,36,31,38,124,122,122,122,121,122,-999,-999,-2.94
5.249746799468994,-0.3598063381034464,-0.07441623623887911,0.23552355180758644,1.0893923243217354,-0.05600397160245541,0.2708063842807333,-0.3705468258080269,-0.08669107932982824,0.23398919642121782,1.0448960181170448,-0.06367574853429861,0.008350857665044639,0,1,1,4,1,17,0,0,200,-200,0,0,40,44,28,124,32,200,34,32,37,36,32,38,124,122,122,122,122,122,-999,-999,-2.94
5.26720929145813,-0.3598063381034464,-0.07441623623887911,0.24012661796669238,1.0847892581626295,-0.05600397160245541,0.2708063842807333,-0.3705468258080269,-0.08669107932982824,0.23859226258032373,1.0387585965715702,-0.06367574853429861,0.008350857665044639,1,0,0,3,0,22,0,0,150,-200,0,0,40,44,20,132,32,200,34,32,37,36,32,38,123,122,122,122,122,122,-999,-999,-2.94
5.282642126083374,-0.3598063381034464,-0.07441623623887911,0.2447296841257983,1.0801861920035236,-0.05600397160245541,0.2708063842807333,-0.3705468258080269,-0.08669107932982824,0.24319532873942967,1.0341555304124643,-0.06367574853429861,0.008350857665044639,0,1,1,4,0,16,0,0,150,-200,0,0,40,44,24,132,32,200,34,32,37,36,31,38,123,122,122,121,122,122,-999,-999,-2.94
5.29885196685791,-0.3598063381034464,-0.07441623623887911,0.24933275028490423,1.0755831258444175,-0.05600397160245541,0.2708063842807333,-0.3705468258080269,-0.08669107932982824,0.24626403951216694,1.0295524642533582,-0.06367574853429861,0.008350857665044639,1,1,1,4,1,17,0,0,200,-200,0,0,40,44,28,132,32,200,35,32,37,36,31,38,124,122,122,122,121,122,-999,-999,-2.94
5.313794374465942,-0.3598063381034464,-0.07441623623887911,0.2524014610576415,1.0709800596853116,-0.05600397160245541,0.2708063842807333,-0.3705468258080269,-0.08669107932982824,0.25086710567127285,1.0249493980942523,-0.06367574853429861,0.008350857665044639,1,0,1,4,1,18,0,0,200,-200,0,0,40,44,24,132,32,200,34,32,37,36,31,38,123,122,122,122,121,122,-999,-999,-2.94
5.330679416656494,-0.3598063381034464,-0.07441623623887911,0.25700452721674744,1.0663769935262057,-0.05600397160245541,0.2708063842807333,-0.3705468258080269,-0.08669107932982824,0.25393581644401014,1.0203463319351465,-0.06367574853429861,0.008350857665044639,1,1,1,3,0,16,0,0,150,-150,0,0,40,44,28,128,32,200,34,32,37,36,31,38,124,122,122,122,122,122,-999,-999,-2.94
5.346651792526245,-0.3598063381034464,-0.07441623623887911,0.26007323798948473,1.0617739273670999,-0.05600397160245541,0.2708063842807333,-0.3705468258080269,-0.08669107932982824,0.2585388826031161,1.0157432657760406,-0.06367574853429861,0.008350857665044639,1,1,0,5,1,18,0,0,150,-200,0,0,40,44,0,132,32,200,34,32,37,36,31,38,124,122,122,121,121,123,-999,-999,-2.94
5.362750053405762,-0.3598063381034464,-0.07441623623887911,0.2646763041485906,1.0556365058216253,-0.05600397160245541,0.2708063842807333,-0.3705468258080269,-0.08669107932982824,0.26314194876222197,1.0111401996169347,-0.06367574853429861,0.008350857665044639,0,1,1,3,0,16,0,0,150,-250,0,0,40,44,28,124,32,200,34,32,37,36,31,38,124,122,122,122,122,122,-999,-999,-2.94
5.37821102142334,-0.3598063381034464,-0.07441623623887911,0.2677450149213279,1.0510334396625194,-0.05600397160245541,0.2708063842807333,-0.3705468258080269,-0.08669107932982824,0.2662106595349593,1.0065371334578288,-0.06367574853429861,0.008350857665044639,1,1,0,3,1,16,0,0,150,-250,0,0,40,44,0,120,32,200,35,32,37,36,32,38,124,122,122,122,122,123,-999,-999,-2.94
5.392672777175903,-0.3598063381034464,-0.07441623623887911,0.2708137256940652,1.0464303735034135,-0.05600397160245541,0.2708063842807333,-0.3705468258080269,-0.08669107932982824,0.2708137256940652,1.0003997119123542,-0.06367574853429861,0.008350857665044639,1,1,1,4,0,18,0,0,150,-200,0,0,40,44,0,120,32,200,34,32,37,36,31,38,124,122,122,122,122,122,-999,-999,-2.94
5.409637928009033,-0.3598063381034464,-0.07441623623887911,0.27541679185317114,1.0418273073443074,-0.05600397160245541,0.2708063842807333,-0.3705468258080269,-0.08669107932982824,0.2769511472395398,0.9942622903668795,-0.06367574853429861,0.008350857665044639,1,1,1,3,1,16,0,0,150,-200,0,0,40,44,20,128,32,200,34,32,37,36,31,38,124,122,122,122,122,122,-999,-999,-2.94
5.42522406578064,-0.3598063381034464,-0.07441623623887911,0.27848550262590843,1.035689885798833,-0.05600397160245541,0.2708063842807333,-0.3705468258080269,-0.08669107932982824,0.28155421339864567,0.9896592242077736,-0.06367574853429861,0.008350857665044639,1,1,0,4,0,23,0,0,150,-200,0,0,40,44,-24,132,32,200,34,32,37,36,31,38,124,122,122,121,122,122,-999,-999,-2.94
5.442821025848389,-0.3598063381034464,-0.07441623623887911,0.28462292417138296,1.0295524642533582,-0.05600397160245541,0.2708063842807333,-0.3705468258080269,-0.08669107932982824,0.2876916349441202,0.9850561580486678,-0.06367574853429861,0.008350857665044639,1,1,0,3,0,17,0,0,150,-250,0,0,40,44,0,128,32,200,35,32,37,36,32,38,124,122,122,122,122,122,-999,-999,-2.94
5.4586403369903564,-0.3598063381034464,-0.07441623623887911,0.2892259903304889,1.0234150427078836,-0.05600397160245541,0.2708063842807333,-0.3705468258080269,-0.08669107932982824,0.2922947011032262,0.9804530918895619,-0.06214139314792997,0.008350857665044639,0,1,0,3,1,17,0,0,200,-250,0,0,40,44,0,116,32,200,34,32,37,36,31,38,124,122,122,122,122,121,-999,-999,-2.94
5.474782705307007,-0.3598063381034464,-0.07441623623887911,0.2953634118759635,1.0188119765487778,-0.05600397160245541,0.2708063842807333,-0.3705468258080269,-0.08669107932982824,0.2968977672623321,0.9743156703440873,-0.06214139314792997,0.008350857665044639,1,1,0,4,0,19,0,0,200,-250,0,0,40,44,0,116,24,200,35,32,37,36,32,38,123,122,122,122,122,122,-999,-999,-2.94
5.490809679031372,-0.3598063381034464,-0.07441623623887911,0.2999664780350694,1.0142089103896719,-0.05600397160245541,0.2708063842807333,-0.3705468258080269,-0.08669107932982824,0.301500833421438,0.9697126041849814,-0.06214139314792997,0.008350857665044639,1,1,0,4,1,17,0,0,200,-200,0,0,40,44,0,120,28,200,34,32,37,36,31,38,124,122,122,122,122,122,-999,-999,-2.94
5.507643938064575,-0.3598063381034464,-0.07441623623887911,0.30456954419417526,1.0080714888441973,-0.05600397160245541,0.2708063842807333,-0.3705468258080269,-0.08669107932982824,0.30610389958054396,0.9666438934122441,-0.06214139314792997,0.008350857665044639,1,1,0,4,1,20,0,0,200,-200,0,0,40,44,0,132,28,200,34,32,37,36,31,39,123,122,122,122,122,123,-999,-999,-2.94
5.523659706115723,-0.3598063381034464,-0.07441623623887911,0.3107069657396499,1.0034684226850914,-0.05600397160245541,0.2708063842807333,-0.3705468258080269,-0.08669107932982824,0.30917261035328125,0.9620408272531382,-0.06214139314792997,0.008350857665044639,1,0,1,3,0,18,0,0,200,-150,0,0,40,44,0,112,28,200,35,33,37,36,31,38,123,122,122,122,122,123,-999,-999,-2.94
5.540234565734863,-0.3598063381034464,-0.07441623623887911,0.3153100318987558,1.0003997119123542,-0.05600397160245541,0.2708063842807333,-0.3705468258080269,-0.08669107932982824,0.31377567651238714,0.9589721164804008,-0.06214139314792997,0.008350857665044639,0,1,1,4,1,17,0,0,200,-150,0,0,40,44,24,120,28,200,34,32,38,36,31,38,124,122,122,122,122,121,-999,-999,-2.94
5.554701089859009,-0.3598063381034464,-0.07441623623887911,0.3183787426714931,0.9957966457532483,-0.05600397160245541,0.2708063842807333,-0.3705468258080269,-0.08669107932982824,0.31684438728512443,0.9559034057076635,-0.06214139314792997,0.008350857665044639,0,1,0,4,0,16,0,0,200,-200,0,0,40,44,24,116,28,200,34,32,37,36,31,38,124,122,122,122,122,122,-999,-999,-2.94
5.572681665420532,-0.3598063381034464,-0.07441623623887911,0.3214474534442303,0.9927279349805109,-0.05600397160245541,0.2708063842807333,-0.3705468258080269,-0.08669107932982824,0.3199130980578617,0.9543690503212949,-0.06214139314792997,0.008350857665044639,1,1,1,3,1,17,0,0,150,-150,0,0,40,44,20,116,28,200,34,32,37,36,31,38,123,121,122,122,122,122,-999,-999,-2.94
5.587796688079834,-0.3598063381034464,-0.07441623623887911,0.3260505196033363,0.9896592242077736,-0.05600397160245541,0.2708063842807333,-0.3705468258080269,-0.08669107932982824,0.3214474534442303,0.9543690503212949,-0.06214139314792997,0.008350857665044639,1,1,1,3,1,16,0,0,150,-150,0,0,40,44,24,100,28,200,35,32,37,36,31,38,123,122,122,122,122,122,-999,-999,-2.94
5.603708982467651,-0.3598063381034464,-0.07441623623887911,0.32758487498970495,0.9865905134350363,-0.05600397160245541,0.2708063842807333,-0.3705468258080269,-0.08669107932982824,0.322981808830599,0.9543690503212949,-0.06214139314792997,0.008350857665044639,1,1,1,3,0,16,0,0,150,-150,0,0,40,44,28,92,28,200,34,32,37,36,31,37,124,122,122,122,121,122,-999,-999,-2.94
5.619682788848877,-0.3598063381034464,-0.07441623623887911,0.3291192303760736,0.9850561580486678,-0.05600397160245541,0.2708063842807333,-0.3705468258080269,-0.08669107932982824,0.32451616421696766,0.9543690503212949,-0.06214139314792997,0.008350857665044639,1,1,1,3,0,17,0,0,100,-150,0,0,40,44,24,80,28,200,34,32,37,36,32,38,123,122,122,122,122,122,-999,-999,-2.94
5.635797500610352,-0.3598063381034464,-0.07441623623887911,0.33218794114881084,0.983521802662299,-0.05600397160245541,0.2708063842807333,-0.3705468258080269,-0.08669107932982824,0.32451616421696766,0.9543690503212949,-0.06214139314792997,0.008350857665044639,1,1,1,3,1,17,0,0,100,-100,0,0,40,44,28,84,28,200,35,32,37,36,32,38,124,122,122,121,122,121,-999,-999,-2.94
5.651259183883667,-0.3598063381034464,-0.07441623623887911,0.3337222965351795,0.9819874472759305,-0.05600397160245541,0.2708063842807333,-0.3705468258080269,-0.08669107932982824,0.32451616421696766,0.9543690503212949,-0.06214139314792997,0.008350857665044639,1,1,2,2,0,18,0,0,100,-50,0,0,40,44,40,84,28,200,35,32,37,36,32,38,124,122,122,121,122,122,-999,-999,-2.94
5.667749881744385,-0.3598063381034464,-0.07441623623887911,0.33525665192154813,0.9819874472759305,-0.05600397160245541,0.2708063842807333,-0.3705468258080269,-0.08669107932982824,0.32451616421696766,0.9543690503212949,-0.06214139314792997,0.008350857665044639,1,1,1,4,1,20,0,0,50,-50,0,0,40,44,48,80,28,200,35,32,37,37,31,38,123,122,122,122,121,122,-999,-999,-2.94
5.683250665664673,-0.3598063381034464,-0.07441623623887911,0.33525665192154813,0.9819874472759305,-0.05600397160245541,0.2708063842807333,-0.3705468258080269,-0.08669107932982824,0.32451616421696766,0.9543690503212949,-0.06214139314792997,0.008350857665044639,1,1,1,3,1,16,0,0,50,0,0,0,40,44,44,84,28,200,35,32,37,36,32,38,124,122,122,122,122,122,-999,-999,-2.94
5.699295282363892,-0.3598063381034464,-0.07441623623887911,0.33525665192154813,0.9819874472759305,-0.05600397160245541,0.2708063842807333,-0.3705468258080269,-0.08669107932982824,0.32451616421696766,0.9543690503212949,-0.06214139314792997,0.008350857665044639,0,1,1,3,0,21,0,0,50,0,0,0,40,44,40,84,28,200,34,32,37,36,32,38,124,122,123,121,122,122,-999,-999,-2.94
5.715260744094849,-0.3598063381034464,-0.07441623623887911,0.33525665192154813,0.9819874472759305,-0.05600397160245541,0.2708063842807333,-0.3705468258080269,-0.08669107932982824,0.32451616421696766,0.9543690503212949,-0.06214139314792997,0.009543837331479588,0,1,1,4,0,16,0,0,0,0,0,0,40,44,40,84,28,200,34,32,37,36,32,38,124,122,122,122,122,122,-999,-999,-2.94
5.73181414604187,-0.3598063381034464,-0.07441623623887911,0.33525665192154813,0.9819874472759305,-0.05600397160245541,0.2708063842807333,-0.3705468258080269,-0.08669107932982824,0.32451616421696766,0.9543690503212949,-0.06214139314792997,0.009543837331479588,1,1,0,4,1,17,0,0,0,0,0,0,40,44,40,84,28,200,34,32,37,36,32,38,124,122,122,122,122,122,-999,-999,-2.94
5.747678995132446,-0.3598063381034464,-0.07441623623887911,0.33525665192154813,0.9819874472759305,-0.05600397160245541,0.2708063842807333,-0.3705468258080269,-0.08669107932982824,0.32451616421696766,0.9543690503212949,-0.06214139314792997,0.009543837331479588,1,1,0,3,1,21,0,0,0,0,0,0,40,44,40,84,28,200,35,32,37,36,31,38,124,122,122,122,121,122,-999,-999,-2.94
5.764284610748291,-0.3598063381034464,-0.07441623623887911,0.33525665192154813,0.9819874472759305,-0.05600397160245541,0.2708063842807333,-0.3705468258080269,-0.08669107932982824,0.32451616421696766,0.9543690503212949,-0.06214139314792997,0.009543837331479588,1,1,1,4,1,18,0,0,0,0,0,0,40,44,40,84,28,200,35,32,37,36,32,38,123,122,122,122,122,122,-999,-999,-2.94
5.779829978942871,-0.3598063381034464,-0.07441623623887911,0.33525665192154813,0.9804530918895619,-0.05600397160245541,0.2708063842807333,-0.3705468258080269,-0.08669107932982824,0.32451616421696766,0.9543690503212949,-0.06214139314792997,0.009543837331479588,1,1,0,3,1,16,0,0,0,0,0,0,40,44,40,84,28,200,34,32,37,36,31,38,124,122,122,122,122,122,-999,-999,-2.94
5.795747518539429,-0.3598063381034464,-0.07441623623887911,0.33525665192154813,0.9804530918895619,-0.05600397160245541,0.2708063842807333,-0.3705468258080269,-0.08669107932982824,0.3260505196033363,0.9543690503212949,-0.06214139314792997,0.009543837331479588,1,2,1,2,1,18,0,0,0,0,0,0,40,44,40,76,28,200,34,32,37,36,32,38,124,122,122,122,122,122,-999,-999,-2.94
5.811766147613525,-0.3598063381034464,-0.07441623623887911,0.33525665192154813,0.9789187365031932,-0.05600397160245541,0.2708063842807333,-0.3705468258080269,-0.08669107932982824,0.3260505196033363,0.9543690503212949,-0.06214139314792997,0.009543837331479588,1,1,0,2,0,17,0,0,0,-50,0,0,40,44,36,72,28,200,34,32,37,36,32,38,124,122,122,122,122,122,-999,-999,-2.94
5.82729172706604,-0.3598063381034464,-0.07441623623887911,0.33525665192154813,0.9789187365031932,-0.05753832698882405,0.2708063842807333,-0.3705468258080269,-0.08669107932982824,0.3260505196033363,0.9559034057076635,-0.06214139314792997,0.009543837331479588,1,1,1,3,0,16,0,0,0,-50,0,0,40,44,32,72,28,200,34,32,37,36,31,38,124,122,122,122,122,123,-999,-999,-2.94
5.842860698699951,-0.3598063381034464,-0.07441623623887911,0.33525665192154813,0.9789187365031932,-0.05753832698882405,0.2708063842807333,-0.3705468258080269,-0.08669107932982824,0.3260505196033363,0.9559034057076635,-0.06214139314792997,0.010736816997914535,1,1,1,2,0,16,0,0,0,0,-50,0,40,44,36,72,20,200,34,32,37,36,32,38,124,122,122,122,122,122,-999,-999,-2.94
5.860284090042114,-0.3598063381034464,-0.07441623623887911,0.33525665192154813,0.9789187365031932,-0.05753832698882405,0.2708063842807333,-0.3705468258080269,-0.08669107932982824,0.3260505196033363,0.9559034057076635,-0.06214139314792997,0.010736816997914535,0,1,1,2,1,16,0,0,0,0,0,0,40,44,36,68,20,200,34,32,37,36,32,38,123,122,122,122,122,122,-999,-999,-2.94
5.8767383098602295,-0.3598063381034464,-0.07441623623887911,0.33525665192154813,0.9789187365031932,-0.05753832698882405,0.2708063842807333,-0.3705468258080269,-0.08669107932982824,0.3260505196033363,0.9559034057076635,-0.06214139314792997,0.010736816997914535,1,1,1,3,0,18,0,0,0,0,0,0,40,44,36,72,24,200,35,32,37,36,31,38,124,122,122,122,122,122,-999,-999,-2.94
5.892784833908081,-0.3598063381034464,-0.07441623623887911,0.33525665192154813,0.9789187365031932,-0.05753832698882405,0.2708063842807333,-0.3705468258080269,-0.08669107932982824,0.3260505196033363,0.9574377610940321,-0.06214139314792997,0.010736816997914535,1,1,1,3,1,16,0,0,0,0,0,0,40,44,36,72,24,200,35,32,37,36,32,38,124,122,122,122,121,122,-999,-999,-2.94
5.9092936515808105,-0.3598063381034464,-0.07441623623887911,0.33525665192154813,0.9789187365031932,-0.05753832698882405,0.2708063842807333,-0.3705468258080269,-0.08669107932982824,0.3260505196033363,0.9574377610940321,-0.06214139314792997,0.010736816997914535,1,1,0,3,0,20,0,0,0,0,0,0,40,44,36,68,24,200,35,32,37,36,31,37,124,122,122,122,122,122,-999,-999,-2.94
5.923290491104126,-0.3598063381034464,-0.07441623623887911,0.33525665192154813,0.9789187365031932,-0.05753832698882405,0.2708063842807333,-0.3720811811943955,-0.08669107932982824,0.3260505196033363,0.9574377610940321,-0.06214139314792997,0.010736816997914535,1,1,1,2,1,20,0,0,0,0,0,0,44,44,36,64,24,200,35,32,37,36,31,38,123,122,122,122,122,122,-999,-999,-2.94
5.9407384395599365,-0.3598063381034464,-0.07441623623887911,0.33525665192154813,0.9789187365031932,-0.05753832698882405,0.2708063842807333,-0.3720811811943955,-0.08669107932982824,0.3260505196033363,0.9574377610940321,-0.06214139314792997,0.010736816997914535,1,1,1,3,0,16,0,0,0,0,0,0,48,44,36,68,24,200,35,32,37,37,32,38,124,122,122,122,121,122,-999,-999,-2.94
5.956741094589233,-0.3598063381034464,-0.07441623623887911,0.33525665192154813,0.9789187365031932,-0.05753832698882405,0.2708063842807333,-0.3720811811943955,-0.08669107932982824,0.3260505196033363,0.9574377610940321,-0.06214139314792997,0.010736816997914535,1,1,1,2,0,16,0,0,0,0,0,0,44,44,36,68,24,200,35,32,37,36,32,38,123,122,122,121,121,122,-999,-999,-2.94
5.9727418422698975,-0.3598063381034464,-0.07441623623887911,0.33525665192154813,0.9789187365031932,-0.05753832698882405,0.2708063842807333,-0.3720811811943955,-0.08669107932982824,0.3260505196033363,0.9574377610940321,-0.06214139314792997,0.010736816997914535,1,0,0,2,0,17,0,0,0,0,0,0,44,44,36,68,24,200,34,32,37,36,31,38,124,122,122,122,122,122,-999,-999,-2.94
5.986876487731934,-0.3598063381034464,-0.07441623623887911,0.33525665192154813,0.9789187365031932,-0.05753832698882405,0.2708063842807333,-0.3720811811943955,-0.08669107932982824,0.3260505196033363,0.9574377610940321,-0.06214139314792997,0.010736816997914535,1,1,1,3,0,17,0,0,0,0,0,0,44,44,36,68,24,200,34,32,37,36,31,38,123,122,122,122,121,122,-999,-999,-2.94
6.004757642745972,-0.3598063381034464,-0.07441623623887911,0.33525665192154813,0.9789187365031932,-0.05753832698882405,0.2708063842807333,-0.3751498919671328,-0.08669107932982824,0.3260505196033363,0.9574377610940321,-0.06214139314792997,0.010736816997914535,2,1,1,2,0,21,0,0,0,0,0,0,48,44,36,68,24,200,34,32,37,36,32,38,124,122,122,122,122,122,-999,-999,-2.94
6.019303560256958,-0.3598063381034464,-0.07441623623887911,0.33525665192154813,0.9789187365031932,-0.05753832698882405,0.2708063842807333,-0.3782186027398701,-0.08669107932982824,0.3260505196033363,0.9574377610940321,-0.06214139314792997,0.010736816997914535,2,1,0,2,0,17,0,0,0,0,0,0,60,44,36,68,24,200,34,32,37,36,32,38,124,122,122,122,121,122,-999,-999,-2.94
6.037818670272827,-0.36134069348981507,-0.07441623623887911,0.33525665192154813,0.9789187365031932,-0.05753832698882405,0.2708063842807333,-0.37975295812623877,-0.08669107932982824,0.3260505196033363,0.9574377610940321,-0.06214139314792997,0.010736816997914535,2,0,1,3,0,17,0,0,0,0,0,0,76,44,36,68,24,200,35,32,37,36,32,38,124,122,122,121,122,122,-999,-999,-2.94
6.0537989139556885,-0.3628750488761837,-0.07441623623887911,0.33525665192154813,0.9789187365031932,-0.05753832698882405,0.2708063842807333,-0.37975295812623877,-0.0851567239434596,0.3260505196033363,0.9574377610940321,-0.06214139314792997,0.010736816997914535,1,1,1,2,0,16,0,0,0,0,0,0,60,44,36,68,24,200,35,32,37,36,32,38,124,122,122,121,122,122,-999,-999,-2.94
6.069792032241821,-0.3644094042625523,-0.07441623623887911,0.33525665192154813,0.9789187365031932,-0.05753832698882405,0.2708063842807333,-0.38128731351260736,-0.08362236855709095,0.3260505196033363,0.9589721164804008,-0.06214139314792997,0.010736816997914535,1,1,0,2,0,16,-100,0,0,0,0,0,60,40,36,68,24,200,34,32,37,36,32,38,124,122,122,122,122,122,-999,-999,-2.94
6.084916353225708,-0.36594375964892095,-0.07441623623887911,0.33525665192154813,0.9789187365031932,-0.05753832698882405,0.2708063842807333,-0.38128731351260736,-0.08055365778435367,0.3260505196033363,0.9589721164804008,-0.06214139314792997,0.010736816997914535,1,0,0,3,0,16,-50,0,0,0,0,0,52,28,36,64,24,200,34,32,37,36,32,38,124,122,122,122,122,122,-999,-999,-2.94
6.101926565170288,-0.3674781150352896,-0.07441623623887911,0.33525665192154813,0.9789187365031932,-0.05753832698882405,0.2708063842807333,-0.38128731351260736,-0.07595059162524774,0.3260505196033363,0.9589721164804008,-0.06214139314792997,0.010736816997914535,1,0,1,2,0,16,-50,0,0,0,0,0,44,24,36,60,24,200,34,32,37,36,31,38,124,122,122,122,122,122,-999,-999,-2.94
6.116765260696411,-0.3674781150352896,-0.07441623623887911,0.33525665192154813,0.9789187365031932,-0.05753832698882405,0.2708063842807333,-0.38128731351260736,-0.06981317007977318,0.3260505196033363,0.9589721164804008,-0.06214139314792997,0.010736816997914535,1,0,1,2,0,20,-50,0,0,0,0,0,44,-32,36,64,24,200,35,32,37,36,31,38,124,122,122,122,122,122,-999,-999,-2.94
6.132765293121338,-0.36901247042165825,-0.06827881469340454,0.33525665192154813,0.9789187365031932,-0.05753832698882405,0.2708063842807333,-0.38128731351260736,-0.06367574853429861,0.32451616421696766,0.9589721164804008,-0.06214139314792997,0.010736816997914535,1,0,1,2,1,18,-50,0,0,0,0,0,44,-32,40,64,24,200,34,32,37,36,32,38,124,122,122,122,121,122,-999,-999,-2.94
6.148900508880615,-0.3705468258080269,-0.06214139314792997,0.33525665192154813,0.9789187365031932,-0.05600397160245541,0.2708063842807333,-0.38128731351260736,-0.05600397160245541,0.322981808830599,0.9589721164804008,-0.06214139314792997,0.010736816997914535,1,0,1,2,1,19,-50,150,0,0,0,0,32,0,48,64,28,200,34,32,37,36,31,38,124,122,122,122,122,122,-999,-999,-2.94
6.165918350219727,-0.3720811811943955,-0.05600397160245541,0.33525665192154813,0.9789187365031932,-0.05600397160245541,0.2708063842807333,-0.38128731351260736,-0.049866550056980846,0.3214474534442303,0.9589721164804008,-0.06214139314792997,0.010736816997914535,0,0,2,2,1,16,-50,250,0,0,50,0,32,0,52,64,32,200,35,32,37,36,31,38,123,122,122,122,121,122,-999,-999,-2.94
6.181748628616333,-0.37361553658076413,-0.049866550056980846,0.33525665192154813,0.9789187365031932,-0.05600397160245541,0.2708063842807333,-0.38128731351260736,-0.04372912851150628,0.3199130980578617,0.9589721164804008,-0.06214139314792997,0.010736816997914535,0,0,2,2,0,18,-50,250,0,0,0,0,32,-24,56,64,32,200,34,32,37,36,31,38,124,122,122,122,122,122,-999,-999,-2.94
6.195338487625122,-0.37361553658076413,-0.04372912851150628,0.33525665192154813,0.9789187365031932,-0.05600397160245541,0.2708063842807333,-0.38128731351260736,-0.03759170696603171,0.31684438728512443,0.9589721164804008,-0.06214139314792997,0.010736816997914535,1,1,2,3,1,17,-50,250,0,0,0,0,32,20,60,64,28,200,34,32,37,36,31,38,124,122,123,122,122,121,-999,-999,-2.94
6.21378231048584,-0.37361553658076413,-0.036057351579663076,0.33525665192154813,0.9789187365031932,-0.05600397160245541,0.2708063842807333,-0.38128731351260736,-0.029919930034188504,0.31684438728512443,0.9589721164804008,-0.06214139314792997,0.010736816997914535,1,0,2,3,1,18,-50,250,0,0,0,0,28,0,68,64,28,200,34,32,37,36,31,38,124,122,122,122,122,122,-999,-999,-2.94
6.229363441467285,-0.37361553658076413,-0.03145428542055715,0.33525665192154813,0.9789187365031932,-0.05600397160245541,0.2708063842807333,-0.38128731351260736,-0.02531686387508258,0.3153100318987558,0.9574377610940321,-0.06214139314792997,0.010736816997914535,1,0,2,3,0,17,0,250,0,0,0,0,32,-20,72,68,28,200,34,32,37,36,31,38,124,122,123,122,122,122,-999,-999,-2.94
6.244918346405029,-0.37361553658076413,-0.02378250848871394,0.33525665192154813,0.9773843811168246,-0.05600397160245541,0.2708063842807333,-0.38128731351260736,-0.02071379771597666,0.3153100318987558,0.9559034057076635,-0.06214139314792997,0.010736816997914535,0,0,3,3,1,16,0,250,0,0,0,0,32,-24,68,76,28,200,34,32,37,36,32,38,123,122,122,122,122,123,-999,-999,-2.94
6.261927366256714,-0.3751498919671328,-0.016110731556870737,0.3337222965351795,0.9773843811168246,-0.05600397160245541,0.2708063842807333,-0.38128731351260736,-0.017645086943239376,0.3153100318987558,0.9543690503212949,-0.06214139314792997,0.010736816997914535,0,1,2,2,0,17,0,300,0,-50,0,0,28,24,60,76,28,200,34,32,37,36,32,38,124,122,122,122,122,122,-999,-999,-2.94
6.277798652648926,-0.3751498919671328,-0.013042020784133452,0.3337222965351795,0.9743156703440873,-0.05600397160245541,0.2708063842807333,-0.38128731351260736,-0.014576376170502094,0.3153100318987558,0.9543690503212949,-0.06214139314792997,0.010736816997914535,1,1,2,1,1,19,-50,250,0,-50,0,0,24,24,56,64,28,200,34,32,37,36,31,38,124,122,122,122,122,122,-999,-999,-2.94
6.2939512729644775,-0.3751498919671328,-0.01150766539776481,0.3337222965351795,0.9727813149577187,-0.05600397160245541,0.2708063842807333,-0.37975295812623877,-0.01150766539776481,0.3153100318987558,0.9543690503212949,-0.06214139314792997,0.010736816997914535,0,0,2,1,0,16,-50,250,-50,-50,0,0,28,24,60,56,28,200,34,32,37,36,32,38,124,122,122,122,121,122,-999,-999,-2.94
6.310362100601196,-0.3751498919671328,-0.009973310011396168,0.3337222965351795,0.97124695957135,-0.05600397160245541,0.2708063842807333,-0.37975295812623877,-0.009973310011396168,0.3153100318987558,0.9543690503212949,-0.06214139314792997,0.010736816997914535,0,0,2,1,1,19,0,100,0,-100,0,0,20,0,60,56,28,200,34,32,37,36,32,38,123,122,122,122,122,122,-999,-999,-2.94
6.32576584815979,-0.3751498919671328,-0.006904599238658886,0.3337222965351795,0.97124695957135,-0.05600397160245541,0.2708063842807333,-0.37975295812623877,-0.006904599238658886,0.3153100318987558,0.9543690503212949,-0.06214139314792997,0.010736816997914535,0,0,2,1,1,17,0,50,0,-50,0,0,24,-20,60,52,28,200,34,32,37,36,32,38,124,122,122,122,121,122,-999,-999,-2.94
6.342958450317383,-0.3751498919671328,-0.0038358884659216034,0.3337222965351795,0.97124695957135,-0.05600397160245541,0.2708063842807333,-0.37975295812623877,-0.005370243852290245,0.3153100318987558,0.9543690503212949,-0.06214139314792997,0.010736816997914535,0,1,2,2,1,17,0,150,0,0,0,0,24,24,60,52,28,200,34,32,37,36,32,38,124,122,122,122,122,122,-999,-999,-2.94
6.356767416000366,-0.3751498919671328,-0.002301533079552962,0.3337222965351795,0.97124695957135,-0.05600397160245541,0.2708063842807333,-0.37975295812623877,-0.0038358884659216034,0.3153100318987558,0.9543690503212949,-0.06214139314792997,0.010736816997914535,0,1,2,2,1,16,0,100,0,0,0,0,24,20,60,56,28,200,34,32,37,36,31,38,124,122,122,122,122,121,-999,-999,-2.94
6.374801874160767,-0.3751498919671328,0.0007671776931843208,0.3337222965351795,0.97124695957135,-0.05600397160245541,0.2708063842807333,-0.37975295812623877,-0.0038358884659216034,0.3153100318987558,0.9543690503212949,-0.06214139314792997,0.010736816997914535,0,1,2,1,1,21,0,100,0,0,0,0,24,20,60,56,28,200,34,32,37,36,32,38,124,122,123,122,122,122,-999,-999,-2.94
6.388912677764893,-0.3751498919671328,0.0007671776931843208,0.3337222965351795,0.97124695957135,-0.05600397160245541,0.2708063842807333,-0.37975295812623877,-0.002301533079552962,0.3153100318987558,0.9543690503212949,-0.06214139314792997,0.010736816997914535,0,0,2,2,0,17,0,50,0,0,0,0,24,24,60,56,28,200,34,32,37,36,31,38,123,122,122,122,119,122,-999,-999,-2.94
6.406916856765747,-0.3751498919671328,0.002301533079552962,0.3337222965351795,0.97124695957135,-0.05600397160245541,0.2708063842807333,-0.37975295812623877,-0.002301533079552962,0.3153100318987558,0.9543690503212949,-0.06214139314792997,0.013122776330784432,0,0,2,2,1,17,0,50,0,0,0,0,24,28,60,56,28,200,35,32,37,36,32,38,124,122,122,122,122,122,-999,-999,-2.94
6.421809673309326,-0.3751498919671328,0.0038358884659216034,0.33218794114881084,0.97124695957135,-0.05600397160245541,0.2708063842807333,-0.37975295812623877,-0.002301533079552962,0.3153100318987558,0.9543690503212949,-0.06214139314792997,0.013122776330784432,0,0,2,2,0,17,0,50,0,0,0,0,24,28,56,56,28,200,34,32,37,36,31,38,124,122,122,122,122,122,-999,-999,-2.94
6.43895149230957,-0.3751498919671328,0.0038358884659216034,0.33218794114881084,0.97124695957135,-0.05600397160245541,0.2708063842807333,-0.37975295812623877,-0.002301533079552962,0.3153100318987558,0.9543690503212949,-0.06214139314792997,0.015508735663654332,1,0,1,1,1,16,0,50,0,0,0,0,24,32,52,56,28,200,35,32,37,36,31,38,124,122,122,122,121,122,-999,-999,-2.94
6.45381236076355,-0.3751498919671328,0.0038358884659216034,0.33218794114881084,0.97124695957135,-0.05600397160245541,0.2708063842807333,-0.37975295812623877,-0.002301533079552962,0.3153100318987558,0.9559034057076635,-0.06214139314792997,0.02385959332869897,0,0,1,1,0,16,0,50,-50,0,0,0,24,32,56,56,28,200,35,32,37,36,31,38,124,122,123,122,122,121,-999,-999,-2.94
6.470383882522583,-0.3751498919671328,0.0038358884659216034,0.33218794114881084,0.97124695957135,-0.05600397160245541,0.2708063842807333,-0.37975295812623877,-0.002301533079552962,0.3153100318987558,0.9574377610940321,-0.06214139314792997,0.03936832899235329,0,0,2,1,0,16,0,0,0,0,0,0,24,28,56,48,28,200,35,32,37,36,31,38,124,122,122,122,122,122,-999,-999,-2.94
6.486799716949463,-0.3751498919671328,0.0038358884659216034,0.33218794114881084,0.97124695957135,-0.05600397160245541,0.2708063842807333,-0.38128731351260736,-0.002301533079552962,0.31684438728512443,0.9589721164804008,-0.06214139314792997,0.05607004432244258,0,0,2,1,1,18,0,0,0,0,0,0,28,28,56,44,28,200,34,32,37,36,32,38,123,122,122,122,122,122,-999,-999,-2.94
6.5018370151519775,-0.3751498919671328,0.0038358884659216034,0.33218794114881084,0.97124695957135,-0.05600397160245541,0.2708063842807333,-0.38128731351260736,-0.002301533079552962,0.3183787426714931,0.9589721164804008,-0.06214139314792997,0.0811226173175765,0,0,1,1,0,16,0,0,0,0,0,0,32,28,52,40,28,200,34,32,37,36,31,38,124,122,122,122,122,123,-999,-999,-999
6.5183820724487305,-0.3751498919671328,0.0038358884659216034,0.33218794114881084,0.97124695957135,-0.05600397160245541,0.2708063842807333,-0.38128731351260736,-0.002301533079552962,0.3214474534442303,0.9605064718667695,-0.06214139314792997,0.10736816997914535,0,0,1,0,1,17,0,0,0,0,0,0,32,28,40,40,28,200,34,32,37,36,32,38,124,122,122,122,122,122,-999,-999,-999
6.534964084625244,-0.3751498919671328,0.0038358884659216034,0.33218794114881084,0.97124695957135,-0.05600397160245541,0.2708063842807333,-0.38128731351260736,-0.002301533079552962,0.322981808830599,0.9605064718667695,-0.06214139314792997,0.14077160063932392,0,1,1,0,1,16,0,0,0,0,0,0,28,28,36,36,28,200,34,32,36,36,31,38,123,122,123,122,122,122,-999,-999,-999
6.549938678741455,-0.3751498919671328,0.0038358884659216034,0.33218794114881084,0.97124695957135,-0.05600397160245541,0.2708063842807333,-0.38128731351260736,-0.0007671776931843208,0.32451616421696766,0.9620408272531382,-0.06214139314792997,0.1741750312995025,0,1,1,1,1,16,0,0,0,0,0,0,28,28,28,40,28,200,34,32,37,36,32,38,124,122,122,122,122,122,-999,-999,-999
6.566800117492676,-0.3751498919671328,0.0038358884659216034,0.33218794114881084,0.97124695957135,-0.05600397160245541,0.2708063842807333,-0.38128731351260736,-0.0007671776931843208,0.32451616421696766,0.9666438934122441,-0.06214139314792997,0.20757846195968102,0,0,0,0,0,21,0,0,0,0,0,0,28,24,24,36,28,200,35,32,37,36,31,38,124,122,122,122,122,122,-999,-999,-999
6.582810640335083,-0.3751498919671328,0.0038358884659216034,0.33218794114881084,0.97124695957135,-0.05600397160245541,0.2708063842807333,-0.38128731351260736,-0.0007671776931843208,0.32451616421696766,0.9727813149577187,-0.06214139314792997,0.24217487228629453,0,0,0,0,0,17,0,0,0,0,0,0,28,20,28,20,28,200,34,32,37,36,31,38,124,122,123,122,122,122,-999,-999,-999
6.597998380661011,-0.3751498919671328,0.0038358884659216034,0.33218794114881084,0.97124695957135,-0.05600397160245541,0.2708063842807333,-0.38128731351260736,-0.0007671776931843208,0.32451616421696766,0.9819874472759305,-0.06214139314792997,0.276771282612908,0,1,1,0,1,7,0,0,0,0,0,0,28,24,32,-36,28,140,34,32,37,36,32,38,124,122,123,122,122,123,-999,-999,-999
6.61580753326416,-0.3751498919671328,0.0038358884659216034,0.33218794114881084,0.9727813149577187,-0.05600397160245541,0.2719993639471682,-0.38128731351260736,-0.0007671776931843208,0.32451616421696766,0.9896592242077736,-0.06214139314792997,0.3125606726059565,0,1,1,1,1,0,0,0,0,0,0,0,28,24,32,-56,28,24,35,32,37,36,31,38,124,122,123,122,122,122,-999,-999,-999
6.63097882270813,-0.3751498919671328,0.0038358884659216034,0.33218794114881084,0.9758500257304559,-0.05600397160245541,0.277964262279343,-0.38128731351260736,-0.0007671776931843208,0.32451616421696766,0.9973310011396169,-0.06214139314792997,0.34715708293257,0,1,1,1,0,0,0,0,0,0,0,0,28,24,32,-72,28,-100,35,32,37,36,32,38,124,122,123,122,122,123,-999,-999,-999
6.64781641960144,-0.3751498919671328,0.0038358884659216034,0.33218794114881084,0.9804530918895619,-0.05600397160245541,0.28989405894369247,-0.38128731351260736,-0.0007671776931843208,0.32451616421696766,1.0034684226850914,-0.06214139314792997,0.37698157459344367,0,1,1,1,1,0,0,0,0,100,0,300,28,24,32,-84,28,-168,34,32,37,36,31,38,124,122,123,122,122,123,-999,-999,-999
6.661815404891968,-0.3751498919671328,0.0038358884659216034,0.33218794114881084,0.983521802662299,-0.05600397160245541,0.29943789627517203,-0.38128731351260736,-0.0007671776931843208,0.32451616421696766,1.009605844230566,-0.06214139314792997,0.4079990459207523,0,0,0,1,0,0,0,0,0,200,0,550,28,24,32,-76,28,-212,34,32,37,36,32,38,124,122,123,122,122,123,-999,-999,-999
6.679824352264404,-0.3751498919671328,0.0038358884659216034,0.33218794114881084,0.9896592242077736,-0.05600397160245541,0.3125606726059565,-0.38128731351260736,-0.0007671776931843208,0.32451616421696766,1.0157432657760406,-0.06214139314792997,0.43663055791519106,0,1,0,1,0,4,0,0,0,150,0,600,28,24,32,-80,28,-276,34,32,37,36,31,38,124,122,123,122,122,122,-999,-999,-999
6.694957971572876,-0.3751498919671328,0.0038358884659216034,0.33218794114881084,0.9942622903668795,-0.05600397160245541,0.323297489603871,-0.38128731351260736,-0.0007671776931843208,0.32451616421696766,1.0218806873215152,-0.06214139314792997,0.46526206990962987,0,1,1,1,0,12,0,0,0,200,0,600,28,24,32,-84,28,-356,34,32,37,36,31,38,124,122,123,122,122,122,-999,-999,-999
6.711984634399414,-0.37361553658076413,0.0038358884659216034,0.33218794114881084,1.0003997119123542,-0.05600397160245541,0.34357814393326513,-0.38128731351260736,-0.0007671776931843208,0.32451616421696766,1.0310868196397271,-0.06214139314792997,0.4927006022376336,1,0,1,0,0,10,0,0,0,200,0,450,28,24,32,-68,28,-376,34,32,37,36,31,38,124,122,122,122,122,122,-999,-999,-999
6.727975368499756,-0.3720811811943955,0.0038358884659216034,0.33218794114881084,1.0065371334578288,-0.05600397160245541,0.36624475759552916,-0.38128731351260736,-0.0007671776931843208,0.32451616421696766,1.0387585965715702,-0.06214139314792997,0.5189461548992025,0,0,1,2,0,8,0,0,0,250,0,1000,36,24,32,-80,28,-408,34,32,37,36,32,38,124,122,123,122,122,122,-999,-999,-999
6.7440345287323,-0.3705468258080269,0.002301533079552962,0.33218794114881084,1.0142089103896719,-0.05600397160245541,0.38891137125779324,-0.38128731351260736,-0.0007671776931843208,0.32451616421696766,1.0464303735034135,-0.06214139314792997,0.5439987278943365,1,0,1,1,1,8,100,0,0,250,0,1100,44,24,32,-100,28,-400,34,32,37,36,32,38,124,122,123,122,122,122,-999,-999,-999
6.760018825531006,-0.36901247042165825,0.002301533079552962,0.33218794114881084,1.0203463319351465,-0.05600397160245541,0.41277096458649215,-0.38128731351260736,-0.0007671776931843208,0.32451616421696766,1.0541021504352566,-0.06214139314792997,0.5666653415566004,2,0,1,0,1,4,50,-50,0,250,0,1200,48,0,32,-92,28,-400,34,32,37,36,31,38,124,122,123,122,122,122,-999,-999,-999
6.773474454879761,-0.36901247042165825,0.002301533079552962,0.33218794114881084,1.0249493980942523,-0.05600397160245541,0.4330516189158863,-0.38128731351260736,-0.0007671776931843208,0.32451616421696766,1.0617739273670999,-0.06214139314792997,0.5905249348852994,1,0,1,1,1,8,50,0,0,300,0,1200,48,20,32,-84,28,-396,35,32,37,36,31,38,124,122,123,122,122,122,-999,-999,-999
6.791882276535034,-0.36901247042165825,0.002301533079552962,0.3306535857624422,1.0326211750260956,-0.05600397160245541,0.46168313091032503,-0.38128731351260736,-0.0007671776931843208,0.32451616421696766,1.0679113489125744,-0.06214139314792997,0.6155775078804334,2,0,0,2,1,5,0,0,0,300,0,1250,48,20,24,-108,28,-396,34,32,37,36,31,38,124,122,123,122,122,122,-999,-999,-999
6.8080315589904785,-0.36901247042165825,0.002301533079552962,0.3306535857624422,1.040292951957939,-0.05600397160245541,0.48554272423902395,-0.38128731351260736,-0.0007671776931843208,0.32451616421696766,1.0755831258444175,-0.06214139314792997,0.6370511418762625,1,0,0,1,1,7,0,0,-50,250,0,1250,44,20,24,-108,28,-396,34,32,37,36,32,38,124,122,123,122,122,122,-999,-999,-999
6.824049234390259,-0.36901247042165825,0.002301533079552962,0.3306535857624422,1.0464303735034135,-0.05600397160245541,0.510595297234158,-0.38128731351260736,-0.0007671776931843208,0.32451616421696766,1.0832549027762608,-0.06214139314792997,0.6585247758720915,1,1,0,1,0,6,0,0,0,250,0,1250,44,20,28,-92,28,-392,34,32,37,36,31,38,124,122,123,122,122,122,-999,-999,-999
6.840034246444702,-0.3705468258080269,0.002301533079552962,0.3306535857624422,1.0541021504352566,-0.05600397160245541,0.535647870229292,-0.37975295812623877,-0.0007671776931843208,0.32451616421696766,1.090926679708104,-0.06214139314792997,0.6799984098679207,1,1,0,1,0,6,0,0,0,300,0,1250,44,20,28,-92,28,-384,34,32,37,36,31,38,123,122,123,122,122,122,-999,-999,-999
6.855888843536377,-0.3705468258080269,0.002301533079552962,0.3306535857624422,1.0602395719807312,-0.05600397160245541,0.5595074635579909,-0.37975295812623877,-0.0007671776931843208,0.322981808830599,1.0985984566399472,-0.06214139314792997,0.7002790641973148,0,0,1,1,1,5,-50,0,0,250,0,1300,28,20,32,-108,28,-372,35,32,37,36,31,38,124,122,123,122,122,122,-999,-999,-999
6.872903108596802,-0.3705468258080269,0.002301533079552962,0.3306535857624422,1.0679113489125744,-0.05600397160245541,0.5833670568866897,-0.3782186027398701,-0.0007671776931843208,0.322981808830599,1.1062702335717904,-0.06214139314792997,0.7193667388602739,1,0,0,0,0,4,0,0,0,250,0,1300,28,20,36,-104,28,-364,34,32,37,36,32,38,124,122,123,122,122,123,-999,-999,-999
6.888489484786987,-0.3720811811943955,0.002301533079552962,0.3306535857624422,1.0755831258444175,-0.05600397160245541,0.6060336705489539,-0.3766842473535015,-0.0007671776931843208,0.3214474534442303,1.1154763658900022,-0.06060703776156134,0.7360684541903632,1,0,0,1,0,5,0,0,0,300,0,1200,28,20,40,-96,28,-368,34,32,37,36,31,38,124,122,123,122,122,122,-999,-999,-999
6.904474258422852,-0.3720811811943955,0.002301533079552962,0.3306535857624422,1.0832549027762608,-0.05600397160245541,0.6287002842112178,-0.3751498919671328,-0.0007671776931843208,0.3214474534442303,1.1246824982082142,-0.06060703776156134,0.7539631491868873,0,0,1,2,1,2,-50,0,0,300,0,1150,-20,20,40,-100,20,-352,34,32,37,36,32,38,124,122,123,122,122,123,-999,-999,-999
6.921032905578613,-0.3720811811943955,0.002301533079552962,0.3306535857624422,1.090926679708104,-0.05600397160245541,0.650173918207047,-0.37361553658076413,-0.0007671776931843208,0.3199130980578617,1.1323542751400573,-0.06060703776156134,0.7694718848505417,0,0,1,1,0,4,0,0,0,300,0,1200,0,20,40,-116,24,-332,34,32,37,36,32,38,124,122,123,122,122,123,-999,-999,-999
6.937903881072998,-0.3720811811943955,0.002301533079552962,0.3306535857624422,1.0985984566399472,-0.05600397160245541,0.6728405318693108,-0.3720811811943955,-0.0007671776931843208,0.3183787426714931,1.1400260520719006,-0.05907268237519269,0.784980620514196,1,0,1,0,0,4,0,0,0,300,0,1100,-20,20,48,-112,24,-328,34,32,37,36,32,38,124,122,123,122,122,122,-999,-999,-999
6.952897548675537,-0.3720811811943955,0.002301533079552962,0.3306535857624422,1.1078045889581591,-0.05600397160245541,0.69192820653227,-0.3705468258080269,-0.0007671776931843208,0.3183787426714931,1.1492321843901123,-0.05907268237519269,0.8004893561778503,0,0,2,0,1,2,0,0,0,300,0,1100,-20,20,48,-108,20,-308,34,32,37,36,32,38,124,122,123,122,122,122,-999,-999,-999
6.969072580337524,-0.3720811811943955,0.002301533079552962,0.3306535857624422,1.1154763658900022,-0.05600397160245541,0.7110158811952293,-0.3644094042625523,-0.0007671776931843208,0.31684438728512443,1.1569039613219556,-0.05907268237519269,0.8124191528421999,0,0,1,1,0,3,0,0,0,350,0,1050,0,20,52,-108,0,-296,34,32,37,36,31,38,124,122,123,122,122,123,-999,-999,-999
6.984901189804077,-0.3720811811943955,0.002301533079552962,0.3306535857624422,1.1231481428218455,-0.05600397160245541,0.7289105761917536,-0.3582719827170778,-0.0007671776931843208,0.31684438728512443,1.164575738253799,-0.05753832698882405,0.8255419291729843,0,0,2,1,1,3,0,0,0,300,0,1000,-36,20,52,-108,20,-284,34,32,37,36,31,38,124,122,123,122,122,122,-999,-999,-999
7.000929832458496,-0.3720811811943955,0.002301533079552962,0.3306535857624422,1.1308199197536886,-0.05600397160245541,0.7456122915218428,-0.35060020578523454,-0.002301533079552962,0.31684438728512443,1.172247515185642,-0.05753832698882405,0.8374717258373339,2,1,1,0,0,1,0,0,0,350,0,950,-72,24,48,-116,-20,-268,34,32,37,36,31,38,124,122,123,122,122,123,-999,-999,-999
7.01746940612793,-0.3705468258080269,0.002301533079552962,0.3306535857624422,1.1384916966855319,-0.05600397160245541,0.763506986518367,-0.34599713962612866,-0.002301533079552962,0.31684438728512443,1.1783849367311166,-0.05753832698882405,0.8470155631688134,2,0,1,0,0,3,0,0,0,300,0,900,-76,28,48,-104,0,-252,35,32,37,36,32,38,124,122,123,122,122,123,-999,-999,-999
7.033492565155029,-0.36901247042165825,0.002301533079552962,0.3306535857624422,1.146163473617375,-0.05600397160245541,0.7790157221820213,-0.3413940734670227,-0.0038358884659216034,0.31684438728512443,1.1845223582765911,-0.05753832698882405,0.856559400500293,2,0,1,1,0,1,50,0,0,300,0,850,-84,32,48,-104,0,-248,35,32,37,36,31,38,124,122,123,122,122,122,-999,-999,-999
7.048913240432739,-0.3644094042625523,0.002301533079552962,0.3306535857624422,1.1538352505492184,-0.05600397160245541,0.7933314781792407,-0.3367910073079168,-0.005370243852290245,0.31684438728512443,1.189125424435697,-0.05753832698882405,0.8637172784989027,2,1,1,0,0,1,100,0,0,350,0,850,-96,36,48,-100,0,-220,35,32,37,36,31,38,124,122,123,122,122,122,-999,-999,-999
7.064962863922119,-0.3598063381034464,0.002301533079552962,0.3306535857624422,1.159972672094693,-0.05600397160245541,0.8076472341764601,-0.3306535857624422,-0.005370243852290245,0.31684438728512443,1.1921941352084344,-0.05753832698882405,0.8696821768310775,2,1,1,0,0,1,100,0,0,300,0,800,-88,36,48,-92,0,-200,34,32,37,36,31,38,124,122,123,122,122,123,-999,-999,-999
7.080904245376587,-0.3567376273307091,0.002301533079552962,0.3306535857624422,1.1661100936401676,-0.05600397160245541,0.8183840511743745,-0.322981808830599,-0.005370243852290245,0.31684438728512443,1.1952628459811716,-0.05753832698882405,0.8720681361639473,2,1,2,1,0,1,150,0,0,250,0,700,-84,32,48,-72,0,-176,35,32,37,68,32,38,124,122,123,122,122,123,-999,-999,-999
7.097093820571899,-0.35060020578523454,0.002301533079552962,0.3306535857624422,1.172247515185642,-0.05600397160245541,0.8291208681722891,-0.3153100318987558,-0.005370243852290245,0.31684438728512443,1.1967972013675403,-0.05753832698882405,0.8744540954968172,2,1,1,0,0,0,200,0,0,250,0,600,-92,32,48,-72,0,-144,34,32,37,36,31,38,124,122,123,122,122,123,-999,-999,-999
7.112475872039795,-0.34446278423976,0.002301533079552962,0.3306535857624422,1.1768505813447478,-0.05600397160245541,0.8374717258373339,-0.3076382549669126,-0.005370243852290245,0.31684438728512443,1.1998659121402775,-0.05753832698882405,0.878033034496122,3,1,1,0,0,0,200,0,0,250,0,500,-108,32,48,-56,0,-116,34,32,37,36,31,38,124,122,123,122,122,123,-999,-999,-999
7.128885269165039,-0.33832536269428537,0.002301533079552962,0.3306535857624422,1.1799192921174853,-0.05600397160245541,0.8446296038359434,-0.2999664780350694,-0.005370243852290245,0.31684438728512443,1.1998659121402775,-0.05753832698882405,0.876840054829687,1,0,1,1,0,1,250,0,0,250,0,500,-112,32,48,-64,0,-108,34,32,37,36,31,38,124,122,123,122,122,123,-999,-999,-999
7.144941091537476,-0.3306535857624422,0.002301533079552962,0.3306535857624422,1.1845223582765911,-0.05600397160245541,0.8505945021681183,-0.2922947011032262,-0.005370243852290245,0.31684438728512443,1.1998659121402775,-0.05753832698882405,0.876840054829687,1,1,1,0,0,0,250,0,0,150,0,400,-104,32,48,-52,0,-80,43,32,37,36,32,38,124,122,123,122,122,123,-999,-999,-999
7.1610496044158936,-0.32451616421696766,0.002301533079552962,0.3306535857624422,1.1860567136629598,-0.05600397160245541,0.855366420833858,-0.28462292417138296,-0.006904599238658886,0.31684438728512443,1.1998659121402775,-0.05753832698882405,0.876840054829687,1,0,1,0,0,1,250,0,0,150,0,350,-104,36,48,-36,0,-64,35,32,37,36,31,38,124,122,123,122,122,123,-999,-999,-999
7.1779234409332275,-0.31684438728512443,0.002301533079552962,0.3306535857624422,1.189125424435697,-0.05600397160245541,0.857752380166728,-0.27541679185317114,-0.006904599238658886,0.3153100318987558,1.1998659121402775,-0.05753832698882405,0.876840054829687,2,1,1,0,0,0,300,0,0,100,0,250,-112,40,52,-36,0,-60,35,32,37,36,31,38,124,122,123,122,122,123,-999,-999,-999
7.192890882492065,-0.30917261035328125,0.002301533079552962,0.3306535857624422,1.1906597798220657,-0.05600397160245541,0.8613313191660327,-0.2677450149213279,-0.006904599238658886,0.3153100318987558,1.1998659121402775,-0.05753832698882405,0.876840054829687,1,1,2,0,0,1,300,0,0,50,0,150,-108,36,56,-32,0,-52,35,32,37,36,31,38,124,122,123,122,122,123,-999,-999,-999
7.209932088851929,-0.2999664780350694,0.002301533079552962,0.3306535857624422,1.1906597798220657,-0.05600397160245541,0.8637172784989027,-0.2585388826031161,-0.006904599238658886,0.3153100318987558,1.1998659121402775,-0.05753832698882405,0.876840054829687,2,1,2,0,0,0,300,0,0,50,0,150,-108,36,52,-32,0,-48,34,32,37,36,32,38,124,122,123,122,122,123,-999,-999,-999
7.225477933883667,-0.29382905648959484,0.002301533079552962,0.3306535857624422,1.1921941352084344,-0.05600397160245541,0.8649102581653376,-0.25086710567127285,-0.006904599238658886,0.3153100318987558,1.1998659121402775,-0.05753832698882405,0.8744540954968172,2,0,2,0,0,0,300,0,0,50,0,150,-112,36,52,-32,0,-44,49,32,37,36,31,38,124,122,123,122,122,123,-999,-999,-999
7.2429258823394775,-0.28462292417138296,0.002301533079552962,0.3306535857624422,1.193728490594803,-0.05600397160245541,0.8661032378317726,-0.24012661796669238,-0.008438954625027528,0.3153100318987558,1.1998659121402775,-0.05753832698882405,0.8744540954968172,2,1,2,0,0,0,300,0,0,50,0,50,-112,40,52,-28,0,-24,35,32,37,36,31,38,124,122,123,122,122,123,-999,-999,-999
7.258057594299316,-0.2769511472395398,0.002301533079552962,0.3306535857624422,1.193728490594803,-0.05600397160245541,0.8672962174982075,-0.23245484103484917,-0.008438954625027528,0.31377567651238714,1.1998659121402775,-0.05753832698882405,0.8744540954968172,2,1,2,0,0,1,350,0,0,50,0,100,-108,44,56,-20,0,-20,35,32,37,36,31,38,124,122,123,122,122,123,-999,-999,-999
7.2730042934417725,-0.26927937030769655,0.002301533079552962,0.3306535857624422,1.193728490594803,-0.05600397160245541,0.8672962174982075,-0.22324870871663732,-0.008438954625027528,0.31377567651238714,1.1998659121402775,-0.05907268237519269,0.8744540954968172,2,1,2,0,0,1,300,0,0,0,0,50,-124,40,60,-28,20,-32,68,32,37,36,32,38,124,122,123,122,122,122,-999,-999,-999
7.289903402328491,-0.2616075933758534,0.002301533079552962,0.3306535857624422,1.193728490594803,-0.05600397160245541,0.8672962174982075,-0.21404257639842547,-0.008438954625027528,0.31377567651238714,1.1998659121402775,-0.06060703776156134,0.8744540954968172,2,1,1,0,1,0,300,0,0,0,0,0,-124,40,56,-28,28,-36,35,32,37,36,31,38,124,122,123,122,122,122,-999,-999,-999
7.305953741073608,-0.2524014610576415,0.002301533079552962,0.3306535857624422,1.193728490594803,-0.05600397160245541,0.8672962174982075,-0.20483644408021362,-0.008438954625027528,0.31377567651238714,1.1998659121402775,-0.06060703776156134,0.8744540954968172,2,1,2,0,0,1,350,0,0,0,0,0,-128,40,56,-28,28,-36,34,32,37,36,31,38,124,122,123,122,122,123,-999,-999,-999
7.321071147918701,-0.2447296841257983,0.002301533079552962,0.3306535857624422,1.193728490594803,-0.05600397160245541,0.8672962174982075,-0.19563031176200177,-0.008438954625027528,0.31377567651238714,1.1998659121402775,-0.06060703776156134,0.8744540954968172,2,1,2,0,1,0,350,0,0,0,0,0,-124,40,56,-28,24,-36,34,32,37,36,32,38,124,122,123,122,122,122,-999,-999,-999
7.337077379226685,-0.23552355180758644,0.002301533079552962,0.3306535857624422,1.193728490594803,-0.05600397160245541,0.8672962174982075,-0.18642417944378992,-0.008438954625027528,0.31377567651238714,1.1998659121402775,-0.06060703776156134,0.8744540954968172,2,0,2,1,1,1,350,0,0,0,0,0,-132,40,56,-28,24,-36,66,32,37,36,32,38,124,122,123,122,122,123,-999,-999,-999
7.3529133796691895,-0.22785177487574323,0.002301533079552962,0.3306535857624422,1.193728490594803,-0.05600397160245541,0.8672962174982075,-0.17721804712557807,-0.008438954625027528,0.31377567651238714,1.1998659121402775,-0.06214139314792997,0.8732611158303821,2,1,2,0,0,0,300,0,0,0,0,0,-124,40,56,-28,28,-32,35,32,37,36,32,38,124,122,123,122,122,122,-999,-999,-999
7.368519306182861,-0.21864564255753138,0.002301533079552962,0.3306535857624422,1.193728490594803,-0.05600397160245541,0.8672962174982075,-0.1680119148073662,-0.008438954625027528,0.31377567651238714,1.1998659121402775,-0.06214139314792997,0.8732611158303821,2,1,2,0,1,0,400,0,0,0,0,0,-120,40,56,-28,32,-28,35,32,37,36,32,38,124,122,123,122,122,122,-999,-999,-999
7.386057615280151,-0.20637079946658227,0.002301533079552962,0.3306535857624422,1.193728490594803,-0.05600397160245541,0.8672962174982075,-0.15880578248915436,-0.008438954625027528,0.31377567651238714,1.1998659121402775,-0.06214139314792997,0.8732611158303821,2,1,2,1,0,0,400,0,0,0,0,0,-116,40,56,-28,28,-32,34,32,37,36,32,38,124,122,122,122,122,123,-999,-999,-999
7.4010984897613525,-0.19716466714837041,0.002301533079552962,0.3306535857624422,1.193728490594803,-0.05600397160245541,0.8672962174982075,-0.15113400555731116,-0.008438954625027528,0.31377567651238714,1.1998659121402775,-0.06367574853429861,0.8732611158303821,1,1,1,0,1,1,350,0,0,0,0,0,-116,40,56,-28,32,-32,35,32,37,36,32,38,124,122,123,122,122,123,-999,-999,-999
7.4175097942352295,-0.1879585348301586,0.002301533079552962,0.3306535857624422,1.193728490594803,-0.05600397160245541,0.8672962174982075,-0.1419278732390993,-0.008438954625027528,0.31377567651238714,1.1998659121402775,-0.06367574853429861,0.8708751564975123,2,1,2,1,1,0,350,0,0,0,0,0,-120,40,56,-28,36,-24,36,32,37,36,32,38,124,122,123,122,122,123,-999,-999,-999
7.433121681213379,-0.18028675789831536,0.002301533079552962,0.3306535857624422,1.193728490594803,-0.05600397160245541,0.8672962174982075,-0.13425609630725613,-0.008438954625027528,0.31377567651238714,1.1983315567539088,-0.06367574853429861,0.8613313191660327,1,1,2,1,1,0,400,0,0,0,0,0,-112,40,56,-24,36,0,35,32,37,36,32,38,124,122,123,122,122,123,-999,-999,-999
7.449957609176636,-0.17108062558010353,0.002301533079552962,0.3306535857624422,1.193728490594803,-0.05600397160245541,0.8672962174982075,-0.12658431937541292,-0.008438954625027528,0.31377567651238714,1.1983315567539088,-0.06521010392066726,0.8505945021681183,2,1,2,0,0,1,350,0,0,0,0,0,-116,40,56,-20,36,32,34,32,37,36,32,38,124,122,123,122,122,123,-999,-999,-999
7.465988874435425,-0.16187449326189168,0.002301533079552962,0.3306535857624422,1.193728490594803,-0.05600397160245541,0.8661032378317726,-0.1189125424435697,-0.008438954625027528,0.31377567651238714,1.1967972013675403,-0.0667444593070359,0.831506827505159,1,0,2,0,1,3,350,0,0,0,0,0,-112,40,56,0,44,84,54,32,37,36,31,38,124,122,123,122,122,123,-999,-999,-999
7.481528282165527,-0.15420271633004848,0.002301533079552962,0.3306535857624422,1.193728490594803,-0.05600397160245541,0.8637172784989027,-0.11124076551172649,-0.008438954625027528,0.31377567651238714,1.1967972013675403,-0.07134752546614181,0.8088402138428951,2,0,2,0,1,5,350,0,0,0,0,0,-108,40,56,0,48,148,34,32,37,36,31,38,124,122,123,122,122,122,-999,-999,-999
7.498540878295898,-0.14499658401183663,0.002301533079552962,0.3306535857624422,1.193728490594803,-0.05600397160245541,0.855366420833858,-0.10510334396625193,-0.008438954625027528,0.31224132112601855,1.1967972013675403,-0.07595059162524774,0.7825946611813261,2,0,2,0,2,6,350,0,0,0,0,-100,-112,40,60,-20,68,188,34,32,37,36,31,38,124,122,123,122,122,122,-999,-999,-999
7.513967990875244,-0.13885916246636204,0.002301533079552962,0.3306535857624422,1.193728490594803,-0.05907268237519269,0.8470155631688134,-0.09896592242077737,-0.008438954625027528,0.30610389958054396,1.1967972013675403,-0.08208801317072231,0.7539631491868873,1,0,2,0,2,7,300,0,0,0,0,-300,-108,40,68,-20,76,224,35,32,37,36,31,38,124,122,123,122,122,122,-999,-999,-999
7.52953314781189,-0.13118738553451884,0.002301533079552962,0.3306535857624422,1.193728490594803,-0.06214139314792997,0.835085766504464,-0.0928285008753028,-0.008438954625027528,0.2999664780350694,1.1967972013675403,-0.08669107932982824,0.7217526981931437,1,1,4,0,2,9,300,0,0,0,-150,-500,-96,40,92,-20,84,272,34,32,37,36,31,38,124,122,123,122,122,122,-999,-999,-999
7.5465288162231445,-0.12351560860267563,0.002301533079552962,0.3306535857624422,1.193728490594803,-0.06827881469340454,0.8159980918415046,-0.08822543471619687,-0.008438954625027528,0.2922947011032262,1.1967972013675403,-0.09129414548893416,0.6871562878665303,0,0,6,1,1,9,300,0,0,0,-150,-600,-96,40,120,-20,80,312,34,32,37,36,31,38,123,122,123,122,122,122,-999,-999,-999
7.562530755996704,-0.11737818705720107,0.002301533079552962,0.3291192303760736,1.193728490594803,-0.07288188085251047,0.7992963765114154,-0.08362236855709095,-0.008438954625027528,0.2861572795577516,1.1967972013675403,-0.09743156703440872,0.648980938540612,1,1,10,0,0,8,300,0,0,0,-150,-950,-92,40,132,-20,68,332,34,32,37,36,31,38,124,122,122,122,122,122,-999,-999,-999
7.579085826873779,-0.11124076551172649,0.002301533079552962,0.32758487498970495,1.193728490594803,-0.07595059162524774,0.7790157221820213,-0.08055365778435367,-0.008438954625027528,0.27848550262590843,1.1967972013675403,-0.10203463319351465,0.6108055892146936,1,1,7,0,1,11,250,0,-50,0,-200,-950,-80,40,140,-20,84,380,34,32,37,36,32,38,124,122,123,122,122,122,-999,-999,-999
7.593951940536499,-0.10510334396625193,0.002301533079552962,0.32451616421696766,1.193728490594803,-0.08055365778435367,0.7599280475190622,-0.07748494701161639,-0.008438954625027528,0.27234808108043385,1.1967972013675403,-0.10817205473898922,0.5726302398887753,0,1,10,0,1,10,250,0,-100,0,-150,-950,-80,40,152,-20,76,420,34,32,37,36,31,38,124,122,122,122,122,122,-999,-999,-999
7.610982418060303,-0.100500277807146,0.002301533079552962,0.3199130980578617,1.193728490594803,-0.0851567239434596,0.7312965355246234,-0.07441623623887911,-0.008438954625027528,0.2646763041485906,1.1967972013675403,-0.11584383167083243,0.5344548905628569,1,1,8,1,1,11,250,0,-100,0,-200,-1100,-64,40,168,-20,80,452,34,32,37,36,32,38,124,122,123,122,122,122,-999,-999,-999
7.625985383987427,-0.09589721164804009,0.002301533079552962,0.31684438728512443,1.193728490594803,-0.09129414548893416,0.7026650235301847,-0.06981317007977318,-0.008438954625027528,0.2585388826031161,1.1967972013675403,-0.12351560860267563,0.4950865615705036,2,0,9,0,1,8,200,0,-100,0,-200,-1300,-72,40,152,-20,92,468,34,32,37,36,32,38,124,122,122,122,122,122,-999,-999,-999
7.643104076385498,-0.09129414548893416,0.002301533079552962,0.31224132112601855,1.193728490594803,-0.09589721164804009,0.6728405318693108,-0.06827881469340454,-0.008438954625027528,0.2524014610576415,1.1967972013675403,-0.13272174092088748,0.4581041919110202,0,1,8,0,2,9,200,0,-150,0,-200,-1550,-72,40,160,-20,108,476,34,32,37,36,31,38,124,122,122,122,122,122,-999,-999,-999
7.65898585319519,-0.08822543471619687,0.002301533079552962,0.3076382549669126,1.193728490594803,-0.1035689885798833,0.6442090198748721,-0.06521010392066726,-0.008438954625027528,0.24626403951216694,1.1967972013675403,-0.1403935178527307,0.4223148019179717,0,0,10,0,1,11,150,0,-200,0,-200,-1550,-64,40,176,-20,92,496,34,32,37,36,32,38,124,122,122,122,122,122,-999,-999,-999
7.67456316947937,-0.08362236855709095,0.002301533079552962,0.301500833421438,1.193728490594803,-0.10970641012535785,0.6131915485475634,-0.06214139314792997,-0.006904599238658886,0.24166097335306103,1.1967972013675403,-0.14959965017094254,0.3877183915913583,1,1,9,1,2,8,150,0,-200,0,-250,-1450,-60,40,172,-20,116,500,35,32,37,36,32,38,124,122,122,122,122,122,-999,-999,-999
7.690108299255371,-0.08055365778435367,0.002301533079552962,0.2953634118759635,1.193728490594803,-0.11737818705720107,0.5821740772202548,-0.05907268237519269,-0.006904599238658886,0.2370579071939551,1.1952628459811716,-0.15880578248915436,0.3567009202640496,1,1,7,0,1,10,150,0,-200,0,-300,-1600,-60,32,156,0,116,500,34,32,37,36,31,38,123,122,123,122,122,122,-999,-999,-999
7.7071332931518555,-0.07748494701161639,0.002301533079552962,0.2892259903304889,1.193728490594803,-0.12504996398904428,0.5499636262265113,-0.05753832698882405,-0.005370243852290245,0.23398919642121782,1.1952628459811716,-0.1664775594209976,0.3268764286031759,0,0,7,0,2,9,150,0,-250,0,-300,-1650,-60,36,152,20,112,500,35,32,37,36,32,38,124,122,123,122,122,122,-999,-999,-999
7.722973823547363,-0.07441623623887911,0.002301533079552962,0.28462292417138296,1.193728490594803,-0.13272174092088748,0.5177531752327675,-0.05446961621608677,-0.0038358884659216034,0.2309204856484805,1.1952628459811716,-0.17568369173920942,0.2982449166087371,1,1,6,0,1,7,100,0,-250,0,-300,-1600,-60,32,148,20,120,500,34,32,37,36,31,38,124,122,122,122,122,122,-999,-999,-999
7.7390296459198,-0.07134752546614181,0.002301533079552962,0.28155421339864567,1.193728490594803,-0.1403935178527307,0.48673570390545895,-0.051400905443349486,-0.0038358884659216034,0.22785177487574323,1.1952628459811716,-0.18335546867105265,0.2731923436136032,1,0,7,0,1,5,150,0,-200,0,-300,-1600,-60,24,148,0,112,500,34,32,37,36,32,38,123,122,123,122,122,122,-999,-999,-999
7.754111289978027,-0.06827881469340454,0.002301533079552962,0.2769511472395398,1.193728490594803,-0.14959965017094254,0.4557182325781503,-0.0483321946706122,-0.0038358884659216034,0.22631741948937462,1.1952628459811716,-0.19256160098926448,0.25052572995133915,1,1,7,0,2,8,150,0,-150,0,-300,-1650,-56,24,144,0,116,500,34,32,37,36,32,38,124,122,123,122,122,122,-999,-999,-999
7.771146535873413,-0.06521010392066726,0.002301533079552962,0.27234808108043385,1.193728490594803,-0.15727142710278574,0.42112182225153677,-0.04679783928424356,-0.0038358884659216034,0.22631741948937462,1.193728490594803,-0.2002333779211077,0.23143805528838,1,1,5,0,2,5,100,0,-150,0,-350,-1650,-64,28,132,0,116,496,35,32,37,36,31,38,124,122,123,122,122,122,-999,-999,-999
7.785562515258789,-0.06214139314792997,0.002301533079552962,0.2708137256940652,1.193728490594803,-0.16494320403462895,0.392490310257098,-0.04372912851150628,-0.002301533079552962,0.22478306410300597,1.193728490594803,-0.2079051548529509,0.21592931962472567,1,1,4,0,1,3,100,0,-150,0,-350,-1700,-56,28,124,0,116,476,34,32,37,36,31,38,124,122,123,122,122,122,-999,-999,-999
7.802582025527954,-0.05907268237519269,0.002301533079552962,0.2677450149213279,1.193728490594803,-0.17261498096647215,0.36027985926335443,-0.040660417738769,-0.002301533079552962,0.22478306410300597,1.189125424435697,-0.21557693178479412,0.19803462462820146,1,0,6,0,2,3,150,0,-150,0,-350,-1550,-52,24,124,0,116,448,35,32,37,36,31,38,124,122,123,122,122,122,-999,-999,-999
7.819567680358887,-0.05600397160245541,0.002301533079552962,0.2662106595349593,1.193728490594803,-0.181821113284684,0.32926238793604573,-0.03759170696603171,-0.002301533079552962,0.22785177487574323,1.1845223582765911,-0.22171435333026868,0.184911848297417,1,0,6,1,1,1,100,0,-100,0,-300,-1600,-52,20,120,28,112,408,35,32,37,36,32,38,124,122,123,122,122,123,-999,-999,-999
7.835173606872559,-0.05446961621608677,0.002301533079552962,0.2646763041485906,1.193728490594803,-0.1894928902165272,0.3030168352744769,-0.03452299619329443,-0.002301533079552962,0.2309204856484805,1.1783849367311166,-0.22631741948937462,0.1741750312995025,1,0,5,2,1,0,100,0,-50,0,-350,-1600,-60,24,104,56,100,368,34,32,37,36,32,38,124,122,123,122,122,123,-999,-999,-999
7.852020263671875,-0.051400905443349486,0.002301533079552962,0.2646763041485906,1.1921941352084344,-0.19716466714837041,0.276771282612908,-0.03145428542055715,-0.002301533079552962,0.2309204856484805,1.172247515185642,-0.22938613026211188,0.16463119396802287,1,1,3,1,1,0,100,0,-50,0,-300,-1450,-64,24,84,68,92,324,34,32,37,36,32,38,124,122,123,122,122,123,-999,-999,-999
7.86803674697876,-0.0483321946706122,0.002301533079552962,0.2646763041485906,1.189125424435697,-0.20330208869384497,0.25649062828351393,-0.029919930034188504,-0.002301533079552962,0.2309204856484805,1.167644449026536,-0.2309204856484805,0.15747331596941316,0,0,4,1,1,0,100,0,-50,0,-300,-1300,-56,24,96,80,84,296,34,32,37,36,32,38,124,122,123,122,122,122,-999,-999,-999
7.884180307388306,-0.04526348389787492,0.002301533079552962,0.2646763041485906,1.1845223582765911,-0.2079051548529509,0.2385959332869897,-0.026851219261451224,-0.002301533079552962,0.2309204856484805,1.164575738253799,-0.2309204856484805,0.14912245830436854,1,0,4,0,1,1,150,0,0,-100,-300,-1050,-56,24,100,72,64,276,35,32,37,36,32,38,124,122,123,122,122,122,-999,-999,-999
7.9010703563690186,-0.042194773125137634,0.002301533079552962,0.2646763041485906,1.181453647503854,-0.21250822101205682,0.22070123829046548,-0.02531686387508258,-0.002301533079552962,0.2309204856484805,1.1615070274810615,-0.2309204856484805,0.1455435193050637,1,1,5,1,0,0,100,0,0,-150,-250,-950,-56,24,100,68,44,240,34,32,37,36,32,38,124,122,123,122,122,122,-999,-999,-999
7.915026903152466,-0.039126062352400355,0.002301533079552962,0.2646763041485906,1.1768505813447478,-0.21404257639842547,0.20519250262681116,-0.02531686387508258,-0.002301533079552962,0.2309204856484805,1.159972672094693,-0.23245484103484917,0.14077160063932392,1,0,5,0,1,0,100,0,0,-150,-200,-950,-52,24,100,52,52,192,34,32,37,36,31,38,124,122,123,122,122,123,-999,-999,-999
7.931140184402466,-0.03759170696603171,0.002301533079552962,0.2646763041485906,1.1753162259583794,-0.21711128717116276,0.1920697262960267,-0.02531686387508258,-0.002301533079552962,0.2309204856484805,1.159972672094693,-0.23245484103484917,0.13957862097288898,0,0,4,0,1,0,100,0,0,-150,-50,-900,-40,24,100,52,44,160,35,32,37,36,32,38,124,122,123,122,122,123,-999,-999,-999
7.948042392730713,-0.03298864080692579,0.002301533079552962,0.2646763041485906,1.172247515185642,-0.22017999794390003,0.1825258889645471,-0.02531686387508258,-0.0007671776931843208,0.2309204856484805,1.159972672094693,-0.23245484103484917,0.138385641306454,0,0,4,0,0,0,150,0,0,-150,-150,-700,-24,24,100,40,40,128,34,32,37,36,31,38,124,122,123,122,122,123,-999,-999,-999
7.962631940841675,-0.03145428542055715,0.002301533079552962,0.2646763041485906,1.172247515185642,-0.22171435333026868,0.1741750312995025,-0.02531686387508258,-0.0007671776931843208,0.2309204856484805,1.159972672094693,-0.23245484103484917,0.138385641306454,0,0,5,0,0,0,100,0,0,-100,-50,-550,-20,0,100,40,36,100,34,32,37,36,32,38,124,122,123,122,122,123,-999,-999,-999
7.980168342590332,-0.029919930034188504,0.002301533079552962,0.2646763041485906,1.1691788044129048,-0.22324870871663732,0.16701715330089278,-0.02531686387508258,-0.0007671776931843208,0.2309204856484805,1.159972672094693,-0.23245484103484917,0.138385641306454,0,0,4,1,1,0,100,0,0,-50,-50,-400,-24,0,100,36,32,84,34,32,37,36,31,38,124,122,123,122,122,122,-999,-999,-999
7.99701189994812,-0.029919930034188504,0.002301533079552962,0.2646763041485906,1.1691788044129048,-0.22324870871663732,0.162245234635153,-0.02378250848871394,-0.0007671776931843208,0.2309204856484805,1.159972672094693,-0.23245484103484917,0.138385641306454,0,0,5,0,1,0,50,0,0,-100,-100,-300,-20,20,100,32,32,72,34,32,37,36,31,38,124,122,123,122,122,122,-999,-999,-999
8.012151956558228,-0.029919930034188504,0.002301533079552962,0.2646763041485906,1.1691788044129048,-0.22478306410300597,0.15866629563584816,-0.02378250848871394,-0.0007671776931843208,0.2309204856484805,1.159972672094693,-0.23245484103484917,0.138385641306454,0,0,5,0,0,0,0,0,0,0,0,-300,-24,20,100,32,28,64,35,32,37,36,32,38,124,122,123,122,122,123,-999,-999,-999
8.027611494064331,-0.029919930034188504,0.002301533079552962,0.2646763041485906,1.1691788044129048,-0.22631741948937462,0.1550873566365433,-0.02378250848871394,-0.0007671776931843208,0.2309204856484805,1.159972672094693,-0.23245484103484917,0.138385641306454,1,0,5,1,1,1,0,0,0,0,-50,-250,-32,20,100,36,28,60,35,32,37,36,31,38,124,122,123,122,122,123,-999,-999,-999
8.044052124023438,-0.03145428542055715,0.002301533079552962,0.2646763041485906,1.1691788044129048,-0.22631741948937462,0.1527013973036734,-0.02378250848871394,-0.0007671776931843208,0.2309204856484805,1.159972672094693,-0.23245484103484917,0.138385641306454,0,0,5,0,1,0,0,0,0,0,-50,-150,-28,20,100,36,28,52,34,32,37,36,31,38,124,122,123,122,122,123,-999,-999,-999
8.059608459472656,-0.03145428542055715,0.002301533079552962,0.2646763041485906,1.1691788044129048,-0.22631741948937462,0.1503154379708035,-0.02378250848871394,-0.0007671776931843208,0.2309204856484805,1.159972672094693,-0.2309204856484805,0.138385641306454,1,0,5,0,0,1,0,0,0,0,-50,-200,-36,20,100,36,24,40,35,32,37,36,31,38,124,122,123,122,122,123,-999,-999,-999
8.07706093788147,-0.03298864080692579,0.002301533079552962,0.2646763041485906,1.1691788044129048,-0.22631741948937462,0.14912245830436854,-0.02378250848871394,-0.0007671776931843208,0.2309204856484805,1.159972672094693,-0.22938613026211188,0.138385641306454,1,0,4,0,0,0,-50,0,0,0,0,-50,-40,20,100,36,20,36,35,32,37,36,31,38,124,122,123,122,122,123,-999,-999,-999
8.09205412864685,-0.03298864080692579,0.002301533079552962,0.2646763041485906,1.1691788044129048,-0.22631741948937462,0.14792947863793363,-0.02378250848871394,-0.0007671776931843208,0.2309204856484805,1.159972672094693,-0.22938613026211188,0.138385641306454,1,0,4,1,0,1,-50,0,0,0,0,-50,-40,20,100,36,0,40,35,32,37,36,31,38,124,122,123,122,122,123,-999,-999,-999
8.109229326248169,-0.03298864080692579,0.002301533079552962,0.2646763041485906,1.1691788044129048,-0.22631741948937462,0.1455435193050637,-0.02378250848871394,-0.0007671776931843208,0.2309204856484805,1.159972672094693,-0.22938613026211188,0.138385641306454,0,0,5,0,1,0,-50,0,0,0,0,-100,-36,20,100,36,0,32,34,32,37,36,32,38,124,122,123,122,122,123,-999,-999,-999
8.124057054519653,-0.03452299619329443,0.002301533079552962,0.2646763041485906,1.1691788044129048,-0.22631741948937462,0.1455435193050637,-0.02531686387508258,-0.0007671776931843208,0.2309204856484805,1.159972672094693,-0.22938613026211188,0.138385641306454,0,0,5,1,0,1,0,0,0,0,0,-50,-36,20,100,36,20,32,34,32,37,36,31,38,124,122,123,122,122,122,-999,-999,-999
8.141217470169067,-0.03452299619329443,0.002301533079552962,0.2646763041485906,1.1691788044129048,-0.22631741948937462,0.14435053963862876,-0.02531686387508258,-0.0007671776931843208,0.23245484103484917,1.159972672094693,-0.22938613026211188,0.138385641306454,1,0,4,1,0,0,-50,0,0,0,0,-50,-36,20,100,36,20,28,34,32,37,36,31,38,124,122,123,122,122,122,-999,-999,-999
8.156618118286133,-0.03452299619329443,0.002301533079552962,0.2646763041485906,1.1691788044129048,-0.22631741948937462,0.14315755997219382,-0.02531686387508258,-0.0007671776931843208,0.23245484103484917,1.159972672094693,-0.22938613026211188,0.138385641306454,1,0,4,0,0,1,0,0,0,0,0,-50,-36,20,96,36,20,24,34,32,37,36,32,38,124,122,123,122,122,122,-999,-999,-999
8.173222780227661,-0.03298864080692579,0.002301533079552962,0.2646763041485906,1.1691788044129048,-0.22631741948937462,0.14315755997219382,-0.02531686387508258,-0.0007671776931843208,0.23245484103484917,1.159972672094693,-0.22938613026211188,0.138385641306454,0,0,4,0,0,0,50,0,0,0,0,-50,-32,20,92,36,20,24,35,32,37,36,32,38,124,122,123,122,122,123,-999,-999,-999
8.188175439834595,-0.03298864080692579,0.002301533079552962,0.2646763041485906,1.1691788044129048,-0.22631741948937462,0.14315755997219382,-0.02531686387508258,-0.0007671776931843208,0.23245484103484917,1.159972672094693,-0.22938613026211188,0.138385641306454,1,0,4,1,1,1,50,0,0,0,0,-50,-28,20,96,36,20,28,35,32,37,36,32,38,124,122,123,122,122,123,-999,-999,-999
8.205068588256836,-0.03298864080692579,0.002301533079552962,0.2646763041485906,1.1691788044129048,-0.22631741948937462,0.14315755997219382,-0.02531686387508258,-0.0007671776931843208,0.23245484103484917,1.159972672094693,-0.22938613026211188,0.138385641306454,0,0,4,1,0,0,0,0,0,0,0,0,-32,20,96,36,20,28,34,32,37,36,31,38,124,122,123,120,122,122,-999,-999,-999
8.221186637878418,-0.03145428542055715,0.002301533079552962,0.2646763041485906,1.1691788044129048,-0.22631741948937462,0.14315755997219382,-0.026851219261451224,-0.0007671776931843208,0.23245484103484917,1.159972672094693,-0.22938613026211188,0.138385641306454,1,0,4,0,0,1,0,0,0,0,0,0,-20,20,96,36,20,28,35,32,37,36,32,38,124,122,123,122,122,123,-999,-999,-999
8.237285375595093,-0.03145428542055715,0.002301533079552962,0.2646763041485906,1.1691788044129048,-0.22631741948937462,0.14315755997219382,-0.026851219261451224,-0.0007671776931843208,0.23245484103484917,1.159972672094693,-0.22938613026211188,0.138385641306454,0,0,4,1,0,0,50,0,0,0,0,0,-20,20,96,36,20,28,34,32,37,36,31,38,124,122,123,122,122,122,-999,-999,-999
8.252050876617432,-0.03145428542055715,0.002301533079552962,0.2646763041485906,1.1691788044129048,-0.22631741948937462,0.14315755997219382,-0.026851219261451224,-0.0007671776931843208,0.23245484103484917,1.159972672094693,-0.22938613026211188,0.138385641306454,0,1,4,1,1,1,0,0,0,0,0,0,-20,20,96,36,20,28,34,32,37,36,32,38,124,122,123,122,122,122,-999,-999,-999
8.268185138702393,-0.03145428542055715,0.002301533079552962,0.2646763041485906,1.1691788044129048,-0.22631741948937462,0.14315755997219382,-0.026851219261451224,-0.0007671776931843208,0.23245484103484917,1.159972672094693,-0.22938613026211188,0.138385641306454,0,0,4,0,0,0,0,0,0,0,0,0,-24,20,96,36,20,28,34,32,37,36,32,38,124,122,123,122,122,123,-999,-999,-999
8.285643577575684,-0.03145428542055715,0.002301533079552962,0.2646763041485906,1.1691788044129048,-0.22631741948937462,0.14315755997219382,-0.026851219261451224,-0.0007671776931843208,0.23245484103484917,1.159972672094693,-0.22938613026211188,0.138385641306454,1,1,4,1,0,0,0,0,0,0,0,0,-24,20,96,36,20,28,35,32,37,36,32,38,124,122,123,122,122,122,-999,-999,-999
8.30165410041809,-0.03145428542055715,0.002301533079552962,0.2646763041485906,1.1691788044129048,-0.22631741948937462,0.14315755997219382,-0.026851219261451224,-0.0007671776931843208,0.23245484103484917,1.159972672094693,-0.22938613026211188,0.138385641306454,0,0,4,1,0,1,0,0,0,0,0,0,-24,20,96,36,20,28,34,32,37,36,32,38,124,122,123,122,122,123,-999,-999,-999
8.318060398101807,-0.03145428542055715,0.002301533079552962,0.2646763041485906,1.1691788044129048,-0.22631741948937462,0.14315755997219382,-0.026851219261451224,-0.0007671776931843208,0.23245484103484917,1.159972672094693,-0.22938613026211188,0.138385641306454,0,0,4,0,0,0,0,0,0,0,0,0,-24,20,96,36,20,28,34,32,37,36,32,38,124,122,123,122,122,123,-999,-999,-999
8.333660125732422,-0.03145428542055715,0.002301533079552962,0.2646763041485906,1.1691788044129048,-0.22631741948937462,0.14315755997219382,-0.028385574647819864,-0.0007671776931843208,0.23245484103484917,1.159972672094693,-0.22938613026211188,0.138385641306454,0,0,4,0,0,1,0,0,0,0,0,0,0,20,96,36,20,28,34,32,37,36,32,38,124,122,123,122,122,123,-999,-999,-999
8.350198984146118,-0.03145428542055715,0.002301533079552962,0.2646763041485906,1.1691788044129048,-0.22631741948937462,0.14315755997219382,-0.028385574647819864,-0.0007671776931843208,0.23245484103484917,1.159972672094693,-0.22938613026211188,0.138385641306454,0,0,4,0,1,0,0,0,0,0,0,0,0,20,96,36,20,28,34,32,37,36,32,38,124,122,123,122,122,123,-999,-999,-999
8.366111040115356,-0.03145428542055715,0.002301533079552962,0.2646763041485906,1.1691788044129048,-0.22631741948937462,0.14315755997219382,-0.028385574647819864,-0.0007671776931843208,0.23245484103484917,1.159972672094693,-0.22938613026211188,0.138385641306454,0,0,4,0,0,0,0,0,0,0,0,0,-20,20,96,36,20,28,35,32,37,36,32,38,124,122,123,122,122,123,-999,-999,-999
8.382095575332642,-0.03145428542055715,0.002301533079552962,0.2646763041485906,1.1691788044129048,-0.22631741948937462,0.14315755997219382,-0.029919930034188504,-0.0007671776931843208,0.23245484103484917,1.159972672094693,-0.22938613026211188,0.138385641306454,0,0,4,0,1,0,0,0,0,0,0,0,0,20,96,36,20,28,34,32,37,36,31,38,124,122,123,122,122,122,-999,-999,-999
8.39806842803955,-0.03145428542055715,0.002301533079552962,0.2646763041485906,1.1691788044129048,-0.22631741948937462,0.14315755997219382,-0.03298864080692579,-0.0007671776931843208,0.23245484103484917,1.159972672094693,-0.22938613026211188,0.138385641306454,0,0,4,1,1,1,0,0,0,0,0,0,20,20,96,36,20,28,34,32,37,36,31,38,124,122,123,122,122,123,-999,-999,-999
8.414209365844727,-0.03145428542055715,0.002301533079552962,0.2646763041485906,1.1691788044129048,-0.22631741948937462,0.14315755997219382,-0.036057351579663076,-0.0007671776931843208,0.23245484103484917,1.159972672094693,-0.22938613026211188,0.138385641306454,0,1,4,1,0,1,0,0,0,0,0,0,24,20,96,36,20,28,34,32,37,36,33,38,124,122,123,122,122,123,-999,-999,-999
8.428656578063965,-0.03145428542055715,0.002301533079552962,0.2646763041485906,1.1691788044129048,-0.22631741948937462,0.14315755997219382,-0.039126062352400355,0.0007671776931843208,0.23245484103484917,1.159972672094693,-0.22938613026211188,0.138385641306454,1,0,5,0,1,0,0,0,0,0,0,0,32,20,96,36,20,28,34,32,37,36,32,38,124,122,123,122,122,123,-999,-999,-999
8.445108890533447,-0.03145428542055715,0.002301533079552962,0.2646763041485906,1.1691788044129048,-0.22631741948937462,0.14315755997219382,-0.040660417738769,0.0007671776931843208,0.23245484103484917,1.159972672094693,-0.22938613026211188,0.138385641306454,1,0,4,0,0,0,0,0,0,0,0,0,44,-20,96,36,20,28,34,32,37,36,31,38,124,122,123,122,122,123,-999,-999,-999
8.462108612060547,-0.03145428542055715,0.002301533079552962,0.2646763041485906,1.1691788044129048,-0.22631741948937462,0.14315755997219382,-0.042194773125137634,0.0007671776931843208,0.23245484103484917,1.159972672094693,-0.22938613026211188,0.138385641306454,1,0,4,1,0,1,0,0,0,0,0,0,48,0,96,36,20,28,35,32,37,36,31,38,124,122,123,122,122,123,-999,-999,-999
8.47811508178711,-0.03145428542055715,0.0038358884659216034,0.2646763041485906,1.1691788044129048,-0.22631741948937462,0.14315755997219382,-0.04372912851150628,0.0007671776931843208,0.23245484103484917,1.159972672094693,-0.22938613026211188,0.138385641306454,1,0,4,0,0,0,0,0,0,0,0,0,48,20,96,36,20,28,35,32,37,36,32,38,124,122,123,122,122,123,-999,-999,-999
8.493245124816895,-0.03145428542055715,0.005370243852290245,0.2646763041485906,1.1691788044129048,-0.22631741948937462,0.14315755997219382,-0.04372912851150628,0.0007671776931843208,0.23245484103484917,1.159972672094693,-0.22938613026211188,0.138385641306454,1,0,4,1,1,1,0,50,0,0,0,0,48,28,96,36,20,28,34,32,37,36,31,38,124,122,123,122,122,122,-999,-999,-999
8.510275840759277,-0.03145428542055715,0.005370243852290245,0.2646763041485906,1.1691788044129048,-0.22631741948937462,0.14315755997219382,-0.04372912851150628,0.0007671776931843208,0.23245484103484917,1.159972672094693,-0.22938613026211188,0.138385641306454,1,1,4,0,0,1,0,50,0,0,0,0,48,28,96,36,20,28,34,32,37,36,31,38,124,122,123,122,122,122,-999,-999,-999
8.52567720413208,-0.03145428542055715,0.006904599238658886,0.2646763041485906,1.1691788044129048,-0.22631741948937462,0.14315755997219382,-0.04526348389787492,0.0007671776931843208,0.23245484103484917,1.159972672094693,-0.22938613026211188,0.138385641306454,1,0,5,0,0,1,0,0,0,0,0,0,48,28,96,36,20,28,34,32,37,36,32,38,124,122,123,122,122,123,-999,-999,-999
8.541696786880493,-0.03145428542055715,0.006904599238658886,0.2646763041485906,1.1691788044129048,-0.22631741948937462,0.14315755997219382,-0.04526348389787492,0.0007671776931843208,0.23245484103484917,1.159972672094693,-0.22938613026211188,0.138385641306454,1,1,4,0,0,1,0,50,0,0,0,0,52,32,96,36,20,28,34,32,37,36,31,38,124,122,123,122,122,123,-999,-999,-999
8.558250188827515,-0.03298864080692579,0.006904599238658886,0.2646763041485906,1.1691788044129048,-0.22631741948937462,0.14315755997219382,-0.0483321946706122,0.0007671776931843208,0.23245484103484917,1.159972672094693,-0.22938613026211188,0.138385641306454,1,1,5,1,0,0,0,50,0,0,0,0,52,32,96,36,20,28,34,32,37,36,32,38,124,122,123,122,122,122,-999,-999,-999
8.573695182800293,-0.03452299619329443,0.006904599238658886,0.2646763041485906,1.1691788044129048,-0.22631741948937462,0.14315755997219382,-0.049866550056980846,0.0007671776931843208,0.23245484103484917,1.159972672094693,-0.22938613026211188,0.138385641306454,1,0,5,1,0,1,-50,0,0,0,0,0,60,28,96,36,20,28,35,32,37,36,31,38,124,122,123,122,122,122,-999,-999,-999
8.59009599685669,-0.036057351579663076,0.006904599238658886,0.2646763041485906,1.1691788044129048,-0.22631741948937462,0.14315755997219382,-0.051400905443349486,0.0007671776931843208,0.23245484103484917,1.159972672094693,-0.22938613026211188,0.138385641306454,1,0,4,0,0,1,-50,0,0,0,0,0,52,28,96,36,20,28,34,32,37,36,31,38,124,122,123,122,122,123,-999,-999,-999
8.606698989868164,-0.039126062352400355,0.006904599238658886,0.2646763041485906,1.1691788044129048,-0.22631741948937462,0.14315755997219382,-0.051400905443349486,0.0007671776931843208,0.23245484103484917,1.159972672094693,-0.22938613026211188,0.138385641306454,1,0,4,1,0,1,-50,0,0,0,0,0,48,28,96,36,20,28,34,32,37,36,32,38,124,122,123,122,122,123,-999,-999,-999
8.622261762619019,-0.042194773125137634,0.006904599238658886,0.2646763041485906,1.1691788044129048,-0.22631741948937462,0.14315755997219382,-0.052935260829718125,0.0007671776931843208,0.23245484103484917,1.159972672094693,-0.22938613026211188,0.138385641306454,0,1,4,1,0,0,-50,0,0,0,0,0,40,28,96,36,20,28,34,32,37,36,31,38,124,122,123,122,122,122,-999,-999,-999
8.639269828796387,-0.04526348389787492,0.006904599238658886,0.2646763041485906,1.1691788044129048,-0.22631741948937462,0.14315755997219382,-0.052935260829718125,0.0007671776931843208,0.23245484103484917,1.159972672094693,-0.22938613026211188,0.138385641306454,0,1,4,1,0,1,-150,0,0,0,0,0,28,28,96,36,20,28,35,32,37,36,31,38,124,122,123,122,122,122,-999,-999,-999
8.65524435043335,-0.04679783928424356,0.006904599238658886,0.2646763041485906,1.1691788044129048,-0.22631741948937462,0.14315755997219382,-0.052935260829718125,0.0007671776931843208,0.23245484103484917,1.159972672094693,-0.22938613026211188,0.138385641306454,0,0,4,0,1,1,-100,0,0,0,0,0,24,28,96,36,20,28,34,32,37,36,31,38,124,122,123,122,122,123,-999,-999,-999
8.671140432357788,-0.0483321946706122,0.006904599238658886,0.2646763041485906,1.1691788044129048,-0.22631741948937462,0.14315755997219382,-0.052935260829718125,0.0007671776931843208,0.23245484103484917,1.159972672094693,-0.22938613026211188,0.138385641306454,0,0,4,1,0,1,-100,0,0,0,0,0,0,28,96,36,20,28,34,32,37,36,32,38,124,122,123,122,122,123,-999,-999,-999
8.687140703201294,-0.0483321946706122,0.006904599238658886,0.2646763041485906,1.1691788044129048,-0.22631741948937462,0.14315755997219382,-0.052935260829718125,0.0007671776931843208,0.23245484103484917,1.159972672094693,-0.22938613026211188,0.138385641306454,0,1,4,1,1,0,-50,0,0,0,0,0,0,28,96,36,20,28,34,32,37,36,32,38,124,122,123,122,122,123,-999,-999,-999
8.70315957069397,-0.0483321946706122,0.006904599238658886,0.2646763041485906,1.1691788044129048,-0.22631741948937462,0.14315755997219382,-0.052935260829718125,0.0007671776931843208,0.23245484103484917,1.159972672094693,-0.22938613026211188,0.138385641306454,1,0,4,1,0,1,0,0,0,0,0,0,24,28,96,36,20,28,34,32,37,36,31,38,124,122,123,122,122,123,-999,-999,-999
8.719122171401978,-0.0483321946706122,0.006904599238658886,0.2646763041485906,1.1691788044129048,-0.22631741948937462,0.14315755997219382,-0.052935260829718125,0.0007671776931843208,0.23245484103484917,1.159972672094693,-0.22938613026211188,0.138385641306454,0,0,4,0,0,1,0,0,0,0,0,0,24,28,96,36,20,28,34,32,37,36,31,38,124,122,123,122,122,123,-999,-999,-999
8.734718799591064,-0.04679783928424356,0.006904599238658886,0.2646763041485906,1.1691788044129048,-0.22631741948937462,0.14315755997219382,-0.052935260829718125,0.0007671776931843208,0.23245484103484917,1.159972672094693,-0.22938613026211188,0.138385641306454,1,1,4,0,0,0,0,0,0,0,0,0,28,28,96,36,20,28,34,32,37,36,32,38,124,122,123,122,122,122,-999,-999,-999
8.751148700714111,-0.04526348389787492,0.006904599238658886,0.2646763041485906,1.1691788044129048,-0.22631741948937462,0.14315755997219382,-0.052935260829718125,0.0007671776931843208,0.23245484103484917,1.159972672094693,-0.22938613026211188,0.138385641306454,1,0,4,0,0,1,50,0,0,0,0,0,36,28,96,36,20,28,35,32,37,36,31,38,124,122,123,122,122,123,-999,-999,-999
8.766722202301025,-0.04372912851150628,0.006904599238658886,0.2646763041485906,1.1691788044129048,-0.22631741948937462,0.14315755997219382,-0.052935260829718125,-0.0007671776931843208,0.23245484103484917,1.159972672094693,-0.22938613026211188,0.138385641306454,1,1,4,0,0,0,50,0,0,0,0,0,36,32,96,36,20,28,35,32,37,36,31,38,124,122,123,122,122,123,-999,-999,-999
8.783121824264526,-0.04372912851150628,0.006904599238658886,0.2646763041485906,1.1691788044129048,-0.22631741948937462,0.14315755997219382,-0.052935260829718125,-0.0007671776931843208,0.23245484103484917,1.159972672094693,-0.22938613026211188,0.138385641306454,1,0,5,1,0,1,50,0,0,0,0,0,40,36,96,36,20,28,35,32,37,36,31,38,124,122,123,122,122,123,-999,-999,-999
8.79812479019165,-0.04372912851150628,0.006904599238658886,0.2646763041485906,1.1691788044129048,-0.22631741948937462,0.14315755997219382,-0.052935260829718125,-0.0007671776931843208,0.23245484103484917,1.159972672094693,-0.22938613026211188,0.138385641306454,0,1,4,0,0,0,50,0,0,0,0,0,40,32,96,36,20,28,35,32,37,36,32,38,124,122,123,122,122,123,-999,-999,-999
8.81526803970337,-0.04372912851150628,0.006904599238658886,0.2646763041485906,1.1691788044129048,-0.22631741948937462,0.14315755997219382,-0.051400905443349486,-0.0007671776931843208,0.23245484103484917,1.159972672094693,-0.22938613026211188,0.138385641306454,1,1,5,0,0,0,0,0,0,0,0,0,36,32,96,36,20,28,34,32,37,36,32,38,124,122,123,122,122,123,-999,-999,-999
8.830167055130005,-0.04372912851150628,0.006904599238658886,0.2646763041485906,1.1691788044129048,-0.22631741948937462,0.14315755997219382,-0.051400905443349486,-0.0007671776931843208,0.23245484103484917,1.159972672094693,-0.22938613026211188,0.138385641306454,1,1,4,1,1,1,0,0,0,0,0,0,28,32,96,36,20,28,34,32,37,36,32,38,124,122,123,122,122,122,-999,-999,-999
8.84713339805603,-0.04526348389787492,0.006904599238658886,0.2646763041485906,1.1691788044129048,-0.22631741948937462,0.14315755997219382,-0.049866550056980846,-0.0007671776931843208,0.23245484103484917,1.159972672094693,-0.22938613026211188,0.138385641306454,1,0,4,1,0,0,0,0,0,0,0,0,32,32,96,36,20,28,34,32,37,36,31,38,124,122,123,122,122,123,-999,-999,-999
8.86230182647705,-0.04526348389787492,0.006904599238658886,0.2646763041485906,1.1691788044129048,-0.22631741948937462,0.14315755997219382,-0.049866550056980846,-0.0007671776931843208,0.23245484103484917,1.159972672094693,-0.22938613026211188,0.138385641306454,0,1,4,1,1,1,-50,0,0,0,0,0,24,32,96,36,20,28,35,32,37,36,32,38,124,122,123,122,122,122,-999,-999,-999
8.879215717315674,-0.04526348389787492,0.006904599238658886,0.2646763041485906,1.1691788044129048,-0.22631741948937462,0.14315755997219382,-0.049866550056980846,-0.0007671776931843208,0.23245484103484917,1.159972672094693,-0.22938613026211188,0.138385641306454,0,0,4,1,0,1,-50,0,0,0,0,0,0,32,96,36,20,28,34,33,37,36,31,38,124,122,123,122,122,123,-999,-999,-999
8.895302295684814,-0.04679783928424356,0.006904599238658886,0.2646763041485906,1.1691788044129048,-0.22631741948937462,0.14315755997219382,-0.049866550056980846,-0.0007671776931843208,0.23245484103484917,1.159972672094693,-0.22938613026211188,0.138385641306454,0,0,4,1,1,1,0,0,0,0,0,0,24,32,96,36,20,28,34,32,37,36,31,38,124,122,123,122,122,122,-999,-999,-999
8.912172555923462,-0.04679783928424356,0.006904599238658886,0.2646763041485906,1.1691788044129048,-0.22631741948937462,0.14315755997219382,-0.0483321946706122,-0.0007671776931843208,0.23245484103484917,1.159972672094693,-0.22938613026211188,0.138385641306454,0,0,5,1,1,1,0,0,0,0,0,0,0,32,96,36,20,28,34,32,37,36,31,38,124,122,123,122,122,122,-999,-999,-999
8.92814826965332,-0.04679783928424356,0.006904599238658886,0.2646763041485906,1.1691788044129048,-0.22631741948937462,0.14315755997219382,-0.0483321946706122,-0.0007671776931843208,0.2309204856484805,1.159972672094693,-0.22938613026211188,0.138385641306454,0,1,4,1,0,0,-50,0,0,0,0,0,-20,32,100,36,20,28,35,32,37,36,31,38,124,122,123,122,122,122,-999,-999,-999
8.944751977920532,-0.04679783928424356,0.006904599238658886,0.2646763041485906,1.1691788044129048,-0.22631741948937462,0.14315755997219382,-0.0483321946706122,-0.0007671776931843208,0.22938613026211188,1.1584383167083243,-0.22938613026211188,0.138385641306454,0,1,6,1,0,0,0,0,0,0,0,0,-20,32,108,40,20,28,35,32,37,36,31,38,124,122,123,122,122,122,-999,-999,-999
8.959165811538696,-0.04679783928424356,0.006904599238658886,0.2646763041485906,1.1691788044129048,-0.22631741948937462,0.14315755997219382,-0.0483321946706122,-0.0007671776931843208,0.22785177487574323,1.1584383167083243,-0.22938613026211188,0.138385641306454,0,1,6,1,0,1,0,0,0,0,0,0,0,32,112,44,20,28,34,32,37,36,31,38,124,122,123,122,122,123,-999,-999,-999
8.975340604782104,-0.04679783928424356,0.006904599238658886,0.2646763041485906,1.1691788044129048,-0.22631741948937462,0.14315755997219382,-0.0483321946706122,-0.0007671776931843208,0.22785177487574323,1.1584383167083243,-0.22938613026211188,0.138385641306454,0,0,5,1,1,1,0,0,0,0,0,0,0,32,112,44,20,28,34,32,37,36,31,38,124,122,123,122,122,123,-999,-999,-999
8.990293741226196,-0.04679783928424356,0.006904599238658886,0.2646763041485906,1.1691788044129048,-0.22631741948937462,0.14315755997219382,-0.0483321946706122,-0.0007671776931843208,0.22631741948937462,1.1584383167083243,-0.22938613026211188,0.138385641306454,0,1,6,1,0,0,0,0,0,0,0,0,0,32,116,40,20,28,34,32,37,36,31,38,124,122,123,122,122,122,-999,-999,-999
9.008204221725464,-0.04679783928424356,0.006904599238658886,0.2646763041485906,1.1691788044129048,-0.22631741948937462,0.14315755997219382,-0.0483321946706122,-0.0007671776931843208,0.22631741948937462,1.1584383167083243,-0.22938613026211188,0.138385641306454,0,0,6,1,0,0,0,0,0,0,0,0,0,32,116,40,20,28,34,32,37,36,32,38,124,122,123,122,122,122,-999,-999,-999
9.024189710617065,-0.04526348389787492,0.006904599238658886,0.2646763041485906,1.1691788044129048,-0.22631741948937462,0.14315755997219382,-0.0483321946706122,-0.0007671776931843208,0.22631741948937462,1.1584383167083243,-0.22938613026211188,0.138385641306454,0,1,6,1,0,1,0,0,0,0,0,0,0,32,112,40,20,28,34,32,37,36,31,38,124,122,123,122,122,123,-999,-999,-999
9.038217306137085,-0.04526348389787492,0.006904599238658886,0.2646763041485906,1.1691788044129048,-0.22631741948937462,0.14315755997219382,-0.0483321946706122,-0.0007671776931843208,0.22478306410300597,1.1584383167083243,-0.22938613026211188,0.138385641306454,0,1,6,1,1,0,50,0,0,0,0,0,20,32,116,40,20,28,34,32,37,36,31,38,124,122,123,122,122,123,-999,-999,-999
9.05475664138794,-0.04526348389787492,0.006904599238658886,0.2646763041485906,1.1691788044129048,-0.22631741948937462,0.14315755997219382,-0.0483321946706122,-0.0007671776931843208,0.22478306410300597,1.1584383167083243,-0.22938613026211188,0.138385641306454,1,1,6,1,0,0,50,0,0,0,0,0,24,32,120,40,20,28,34,32,37,36,32,38,124,122,123,122,122,123,-999,-999,-999
9.072222709655762,-0.04526348389787492,0.006904599238658886,0.2646763041485906,1.1691788044129048,-0.22631741948937462,0.14315755997219382,-0.0483321946706122,-0.0007671776931843208,0.22478306410300597,1.1584383167083243,-0.22938613026211188,0.138385641306454,0,1,6,1,0,1,0,0,0,0,0,0,20,32,120,40,20,28,35,32,37,36,31,38,124,122,123,122,122,122,-999,-999,-999
9.087758779525757,-0.04526348389787492,0.006904599238658886,0.2646763041485906,1.1691788044129048,-0.22631741948937462,0.14315755997219382,-0.0483321946706122,-0.0007671776931843208,0.22478306410300597,1.1584383167083243,-0.22938613026211188,0.138385641306454,0,1,5,0,0,0,0,0,0,0,0,0,20,32,116,40,20,28,34,32,37,36,31,38,124,122,123,122,122,122,-999,-999,-999
9.102199792861938,-0.04526348389787492,0.006904599238658886,0.2646763041485906,1.1691788044129048,-0.22631741948937462,0.14315755997219382,-0.0483321946706122,-0.0007671776931843208,0.22478306410300597,1.1584383167083243,-0.22938613026211188,0.138385641306454,0,1,8,1,0,0,0,0,0,0,0,0,20,32,116,40,20,28,34,32,37,36,31,38,124,122,123,122,122,123,-999,-999,-999
9.119756937026978,-0.04526348389787492,0.006904599238658886,0.2646763041485906,1.1691788044129048,-0.22631741948937462,0.14315755997219382,-0.0483321946706122,-0.0007671776931843208,0.22478306410300597,1.1584383167083243,-0.22938613026211188,0.138385641306454,0,0,6,1,0,1,0,0,0,0,0,0,20,32,116,40,20,28,35,32,37,36,31,38,124,122,123,122,122,122,-999,-999,-999
9.134797811508179,-0.04526348389787492,0.006904599238658886,0.2646763041485906,1.1691788044129048,-0.22631741948937462,0.14315755997219382,-0.0483321946706122,-0.0007671776931843208,0.22478306410300597,1.1584383167083243,-0.22938613026211188,0.138385641306454,0,0,6,1,0,0,0,0,0,0,0,0,20,32,116,40,20,28,34,32,37,36,32,38,124,122,123,122,122,123,-999,-999,-999
9.151212453842163,-0.04526348389787492,0.006904599238658886,0.2646763041485906,1.1691788044129048,-0.22631741948937462,0.14315755997219382,-0.0483321946706122,-0.0007671776931843208,0.22478306410300597,1.1584383167083243,-0.22938613026211188,0.138385641306454,0,0,6,1,0,0,0,0,0,0,0,0,20,32,116,40,20,28,35,32,37,36,32,38,124,122,123,122,122,123,-999,-999,-999
9.16837453842163,-0.04526348389787492,0.006904599238658886,0.2646763041485906,1.1691788044129048,-0.22631741948937462,0.14315755997219382,-0.0483321946706122,-0.0007671776931843208,0.22478306410300597,1.1584383167083243,-0.22938613026211188,0.138385641306454,0,1,6,1,0,0,0,0,0,0,0,0,20,32,116,40,20,28,35,32,37,36,31,38,124,122,123,122,122,123,-999,-999,-999
9.18376898765564,-0.04526348389787492,0.006904599238658886,0.2646763041485906,1.1691788044129048,-0.22631741948937462,0.14315755997219382,-0.0483321946706122,-0.0007671776931843208,0.22478306410300597,1.1584383167083243,-0.22938613026211188,0.138385641306454,0,0,6,1,0,0,0,0,0,0,0,0,20,32,116,40,20,28,34,32,37,36,31,38,124,122,123,122,122,123,-999,-999,-999
