# https://github.com/mikedh/trimesh
mtllib visual_geometry.mtl
usemtl material_0
v -0.13075222 0.04648244 0.02108908
v 0.12486378 0.03082144 0.11157508
v -0.02777622 0.06220444 0.09822708
v -0.04806422 0.05752644 0.10072008
v -0.12800022 -0.01880656 0.10965108
v -0.12800022 -0.01880656 0.10965108
v -0.12800022 -0.01880656 0.10965108
v 0.12563178 -0.05684056 0.10706108
v 0.12563178 -0.05684056 0.10706108
v -0.06835222 0.05783744 0.10306908
v -0.12864022 -0.00171256 0.10946608
v -0.12864022 -0.00171256 0.10946608
v -0.12864022 -0.00079056 0.10938808
v -0.00083222 0.05891444 -0.08227792
v -0.10041622 0.05633344 0.10191308
v -0.08140822 0.05648044 0.10371708
v -0.08140822 0.05648044 0.10371708
v -0.12857622 0.00017644 0.10916408
v -0.12857622 0.00017644 0.10916408
v -0.11737622 0.05611444 -0.10792892
v 0.06815978 0.06075744 0.11037608
v 0.05708778 0.05947344 0.10903208
v -0.11654422 -0.06048156 -0.11488792
v -0.08896022 0.06007444 0.10748508
v -0.03980822 0.05793544 0.10051908
v -0.02991122 -0.00393856 -0.11510392
v -0.12885522 -0.00744056 0.11027108
v -0.12098322 -0.06048756 -0.04707192
v -0.12943122 -0.01603556 0.11065008
v -0.08616722 -0.06150656 -0.09414292
v 0.04164078 0.06115344 -0.05567392
v 0.12816878 0.05737844 -0.08893292
v 0.12426478 -0.05884456 -0.00424792
v -0.02773522 0.06216344 0.08648608
v 0.03191278 -0.06012756 0.05184208
v -0.00149522 0.05892344 0.11032208
v -0.03618322 0.06017944 0.03101808
v 0.09751278 0.02331544 -0.11236392
v 0.07261678 0.05787244 0.10836908
v 0.07261678 0.05787244 0.10836908
v -0.06171922 -0.06135656 -0.09749792
v 0.11524078 0.04098444 -0.11177192
v 0.06871278 0.05976044 0.11004908
v -0.08264722 -0.02394456 0.11395308
v -0.02363922 0.05446444 -0.11459292
v 0.05373678 0.06093344 0.11008508
v 0.12714478 0.05109044 -0.11199192
v 0.12586478 0.05735044 0.10478408
v -0.08187922 0.05639444 0.10284008
v -0.04514322 0.05746944 0.10090608
v -0.04514322 0.05746944 0.10090608
v -0.03727122 0.05490444 0.11056908
v -0.13032722 0.02497044 0.10875808
v -0.13032722 0.02497044 0.10875808
v -0.12834322 -0.05924056 -0.04193792
v -0.12834322 -0.05924056 -0.04193792
v 0.07876078 0.05776444 0.10633508
v -0.12898322 -0.01216256 0.10974408
v -0.12898322 -0.01216256 0.10974408
v 0.12599278 0.05695544 0.09316708
v -0.08175122 0.05646244 0.10316108
v -0.08175122 0.05646244 0.10316108
v -0.08175122 0.05646244 0.10316108
v 0.08733678 -0.01740756 -0.11267092
v -0.04894222 -0.02035456 0.11435408
v -0.05214222 0.06017144 0.10420708
v 0.07566578 0.05825144 0.10669508
v 0.07566578 0.05825144 0.10669508
v 0.12744178 0.05736044 0.09360408
v 0.02196978 0.06315344 0.10507308
v -0.13201422 -0.00844356 0.10717008
v -0.02846222 0.05582644 0.10958108
v -0.02846222 0.05582644 0.10958108
v 0.06132978 -0.05624056 0.11255108
v 0.06395378 0.05873144 0.10852608
v -0.13067022 -0.00720256 0.11350108
v 0.12820978 0.05580444 0.02536908
v -0.06315022 0.05923744 0.10403008
v -0.12081422 0.05599444 0.10327208
v 0.12955378 0.05409344 -0.04466992
v -0.08081422 0.01148544 -0.11594092
v 0.03521778 0.05585844 -0.11359592
v 0.13160178 0.05328844 -0.11174592
v 0.05428978 0.05806344 0.10582108
v 0.11393778 0.05804844 0.10932508
v -0.09182222 0.05948744 0.10772908
v -0.02628622 0.05908944 0.10989708
v -0.02628622 0.05908944 0.10989708
v 0.12513778 0.00796044 0.11548608
v -0.10487822 0.05756744 0.10447508
v -0.12567822 -0.01411356 0.10942608
v -0.12567822 -0.01411356 0.10942608
v -0.03326222 -0.06124256 -0.10560792
v -0.12894222 -0.05616656 -0.08134992
v -0.13022222 -0.05368256 0.05571508
v 0.07688178 0.06111544 0.10927208
v -0.11578122 -0.05879356 0.10876208
v -0.00173322 0.06531444 0.11072608
v -0.12755722 -0.00215756 0.10962708
v -0.12755722 -0.00215756 0.10962708
v -0.12755722 -0.00215756 0.10962708
v -0.12819722 0.00177544 0.10898908
v -0.12352522 0.05596644 0.10666708
v 0.01477878 0.05915144 0.11050908
v 0.02201078 0.06459944 0.10765708
v -0.02778122 -0.05012256 0.11213808
v 0.12953078 0.05603644 -0.11079592
v -0.12211722 0.05715944 0.10691008
v 0.13087478 -0.03290956 -0.08844092
v 0.12761078 0.05674444 0.06405108
v -0.12006922 0.05583044 0.10467208
v -0.12006922 0.05583044 0.10467208
v 0.07653878 0.05853244 0.10653308
v -0.09843722 0.05778844 0.10410108
v 0.11455478 0.05701944 0.11259008
v -0.04467722 0.06039944 0.10393708
v -0.09312522 0.05626644 -0.10551792
v -0.08851722 0.06028544 0.09843108
v 0.12447478 0.05865344 0.00259708
v 0.07730678 0.05771544 0.10842208
v -0.12781322 -0.01922256 0.10924908
v 0.06226678 0.05929544 0.10796708
v 0.06226678 0.05929544 0.10796708
v -0.13037322 0.01943544 0.11058108
v 0.01381878 -0.05749956 0.11139008
v -0.02611722 0.06322044 0.10939708
v 0.12069878 -0.05818556 0.08254808
v 0.09849078 0.05804544 0.10670408
v -0.12886022 -0.01860756 0.10946508
v -0.08226822 0.05797044 0.10465708
v -0.12681222 -0.01419256 0.10917608
v -0.12809222 0.00159144 0.10899808
v 0.12029178 0.06007044 0.10438908
v -0.12873222 -0.01296956 0.10933308
v -0.12873222 -0.01296956 0.10933308
v -0.05532422 -0.00309656 -0.11464392
v 0.13014778 -0.02712456 -0.11078992
v -0.12073222 0.05613544 0.10369808
v 0.04246778 0.06129344 0.10991008
v -0.12988422 -0.00987256 0.11293708
v 0.11593978 0.06035144 0.11121008
v -0.12783622 0.02609344 -0.11449092
v -0.12847622 -0.00581256 0.10894608
v 0.07798778 0.06171444 0.11109208
v 0.11536378 -0.00181156 0.11659108
v -0.12905222 -0.01129256 0.10986108
v -0.12642822 -0.05790456 0.11005808
v 0.12457978 0.01062944 0.11185008
v 0.12854778 -0.06049156 -0.10293592
v 0.12854778 -0.06049156 -0.10293592
v 0.12528378 0.02129844 0.11122008
v -0.03593222 0.06232344 0.10840308
v -0.12888322 -0.00297656 0.10909608
v 0.07034878 -0.00110056 -0.11320992
v -0.03179522 0.06076144 0.10379608
v 0.05998078 0.04760944 0.11305608
v 0.11962878 0.05977744 0.04390108
v 0.07572478 0.06013744 0.11023308
v 0.12948478 0.05417244 -0.05195892
v 0.07642878 -0.00460656 -0.11345192
v 0.08430078 0.06098544 0.11040508
v 0.03649278 0.05832544 0.10424008
v 0.03649278 0.05832544 0.10424008
v 0.12564478 0.05803344 0.04031608
v 0.12500478 0.02361044 0.11515408
v -0.12926722 -0.00467756 0.11036908
v 0.11982078 -0.04855356 -0.11280592
v 0.07790078 0.06160744 0.11059808
v 0.00385278 -0.06024956 0.04264308
v 0.12577278 -0.05124756 0.11316108
v -0.12849922 -0.00036656 0.10946608
v -0.12849922 -0.00036656 0.10946608
v 0.07598078 0.06153544 0.11065008
v 0.07598078 0.06153544 0.11065008
v 0.11598078 -0.05610856 0.11345508
v -0.04523522 0.05812544 0.10093008
v 0.11534078 0.05744244 0.11110508
v 0.02164478 0.05881644 0.11031608
v -0.12318722 0.05502344 0.10790408
v -0.12645122 -0.00212656 0.10934508
v -0.12645122 -0.00212656 0.10934508
v -0.02814722 -0.06136656 -0.11230992
v -0.12971522 -0.02891756 0.10971308
v 0.12724478 0.01291644 0.11094508
v 0.12724478 0.01291644 0.11094508
v -0.04837122 0.05742344 0.10097708
v -0.04837122 0.05742344 0.10097708
v 0.07943678 0.06243944 0.11071408
v 0.07943678 0.06243944 0.11071408
v 0.01652478 0.06470244 0.10950008
v 0.10631678 0.05796444 0.10648808
v -0.12632322 -0.01151056 0.10981708
v -0.12632322 -0.01151056 0.10981708
v -0.09677822 0.05880144 0.10463208
v -0.05876222 0.05672244 -0.11360892
v -0.11898622 -0.03069556 0.11328308
v 0.01739778 0.05677244 -0.11321092
v 0.12427778 0.02007544 0.11559708
v -0.11361022 -0.04578256 -0.11482992
v -0.08148222 0.05679144 0.10311908
v -0.08148222 0.05679144 0.10311908
v -0.08148222 0.05657544 0.10258708
v -0.12929022 0.05742144 0.08693408
v -0.00801022 0.06405344 0.10681608
v -0.12858622 -0.00254356 0.10902908
v -0.12858622 -0.00254356 0.10902908
v -0.05517822 0.05898944 0.10365208
v -0.12001022 0.05797244 0.10582308
v 0.09234178 0.06076344 0.11075108
v -0.08455422 0.05699744 0.10199808
v 0.02424578 -0.06094856 -0.11227992
v 0.02949378 0.06106744 0.10972608
v -0.12839422 -0.01843056 0.10933708
v 0.03614978 0.06071444 0.10601308
v 0.08472578 0.05848944 0.10640008
v -0.12890622 -0.01269956 0.10932808
v -0.12890622 -0.01269956 0.10932808
v -0.12890622 -0.01269956 0.10932808
v 0.12867078 0.03995744 0.10122308
v 0.04348678 0.06093144 0.10953008
v -0.10134522 0.05670044 0.10200208
v -0.06921722 -0.05231256 0.11195508
v -0.12028922 0.05585244 0.10328908
v 0.08156678 0.05987044 0.10836508
v -0.12880122 0.00159344 0.10924608
v -0.05276922 0.05626544 0.10645408
v -0.11894522 0.05692244 0.10480608
v -0.11894522 0.05692244 0.10480608
v 0.12943878 0.05426144 -0.03438492
v -0.12745722 0.05564044 -0.08880392
v -0.00489722 0.06430144 0.11107408
v -0.12809722 -0.05262356 -0.11374492
v 0.05737478 0.05788744 0.10914208
v 0.12495878 -0.02935956 0.11565908
v 0.07779078 0.06122144 0.11038808
v 0.07779078 0.06122144 0.11038808
v 0.07779078 0.06122144 0.11038808
v 0.12502278 0.05265644 -0.11177192
v -0.13187322 0.02528844 0.10715408
v -0.12592122 -0.01931756 0.10986908
v -0.12720122 -0.02168256 0.10964608
v -0.12649722 -0.00371856 0.10929808
v -0.12649722 -0.00371856 0.10929808
v -0.03209722 -0.00452856 -0.11536992
v -0.07990522 0.05651144 0.10309008
v 0.09705478 0.05914144 -0.08635192
v 0.12655878 0.05765344 -0.00029392
v -0.07920122 -0.01196856 -0.11429392
v -0.07132922 -0.04820556 -0.11471192
v 0.07286278 -0.00399756 -0.11287892
v -0.12963322 0.05736044 0.09690208
v -0.07324922 0.03569044 0.11249408
v -0.11512822 0.05547744 -0.11585892
v 0.13063178 0.05393544 -0.10899592
v -0.12690422 -0.02099056 0.10936808
v -0.12690422 -0.02099056 0.10936808
v -0.13010422 -0.03466856 0.00146008
v 0.05933578 0.05840544 0.10647508
v 0.06131978 0.05856144 0.10661008
v 0.00499978 0.06496844 0.10997208
v 0.00499978 0.06496844 0.10997208
v -0.12408822 0.05777344 0.05992408
v 0.12429578 0.03050544 0.11507708
v -0.13061622 -0.00270656 0.11324808
v 0.07911178 0.05820844 0.10600808
v -0.08472822 0.05634344 0.10187508
v 0.09223178 0.05767644 0.10667908
v 0.12499978 0.05826444 0.11105708
v 0.12499978 -0.06013456 -0.11099392
v 0.02279178 0.06113244 0.10966208
v 0.02279178 0.06113244 0.10966208
v 0.12832778 0.05682044 -0.11055992
v 0.02221578 0.05758444 0.10956308
v 0.01370378 -0.04346056 0.11306608
v -0.07800822 0.05740944 0.10326608
v 0.12583178 0.05763244 0.10986608
v -0.11730422 0.05707644 -0.05327792
v -0.12709622 -0.00392556 0.10935908
v -0.12709622 -0.00392556 0.10935908
v -0.12709622 -0.00392556 0.10935908
v 0.05575178 0.05918644 0.10843508
v 0.11802378 0.05893544 0.11125908
v 0.11802378 0.05893544 0.11125908
v -0.07461622 0.05631244 0.10249908
v -0.07461622 0.05631244 0.10249908
v -0.13023222 -0.02202356 0.11362108
v -0.08959222 0.05886644 0.10459208
v 0.13127178 0.02300044 -0.11145692
v -0.12824822 -0.01928456 0.10927908
v -0.06008822 -0.06096056 -0.07446092
v -0.13076722 -0.05392156 0.08203108
v 0.09860878 -0.05633156 0.11300308
v 0.06788878 0.05880144 0.10842008
v -0.13063922 0.05426744 0.04576508
v 0.13086478 -0.05263756 -0.07532192
v 0.07390478 0.06095244 0.11018808
v -0.12859122 -0.00388156 0.10950208
v -0.13185522 -0.04570356 0.10616008
v -0.12660722 -0.01918556 0.10969308
v -0.12660722 -0.01918556 0.10969308
v -0.05844722 -0.06146556 -0.11220492
v -0.01255922 -0.00376356 -0.11475592
v 0.02808078 0.05807944 0.10415908
v -0.12852722 0.00042344 0.10900208
v -0.09575922 0.05709844 0.10257008
v 0.12644878 -0.05400756 0.11146008
v 0.12644878 -0.05400756 0.11146008
v -0.08129522 0.05653144 0.10300408
v -0.08129522 0.05653144 0.10300408
v -0.08129522 0.05653144 0.10300408
v 0.03473678 0.06186544 0.05961408
v -0.09761522 0.02487644 -0.11475592
v -0.11591922 0.05893244 0.10735408
v 0.12792078 -0.05584056 0.04207208
v -0.12628722 -0.00892656 0.10923308
v 0.11228178 0.05839644 0.10915908
v 0.11228178 0.05839644 0.10915908
v -0.12823022 -0.01513456 0.10913208
v 0.06773778 0.05934344 0.10898208
v -0.09149422 -0.02555456 -0.11436192
v 0.11036178 0.06035544 0.11123308
v -0.05347822 0.05457644 0.11036308
v -0.13015022 0.01049544 0.11050208
v 0.12744978 -0.05488956 0.07061408
v 0.02332178 0.05997144 0.10828608
v 0.02332178 0.05997144 0.10828608
v 0.12687378 -0.04477456 0.11152708
v 0.12687378 -0.04477456 0.11152708
v -0.13066222 -0.01369756 0.11377908
v -0.12605422 -0.01898456 0.10944908
v -0.02839022 0.05797444 0.10126808
v -0.02839022 0.05797444 0.10126808
v -0.02839022 0.05797444 0.10126808
v 0.12501778 -0.01989956 0.11222408
v -0.12663022 0.05541844 -0.11541592
v 0.12898578 0.02752044 -0.11277692
v 0.12572178 -0.05735156 0.08605808
v 0.12572178 -0.05735156 0.08605808
v -0.05840622 0.05887444 0.10388208
v 0.01698578 0.06385744 0.11003608
v 0.01698578 0.06385744 0.11003608
v 0.12450578 -0.00060556 0.11212408
v -0.12714222 -0.01974356 0.10939408
v -0.02883822 0.06062144 0.10761208
v -0.02883822 0.06062144 0.10761208
v -0.08317422 0.05652044 0.10248708
v 0.10492178 0.05889044 0.10850608
v -0.12573422 -0.01619856 0.10952908
v -0.12573422 -0.01619856 0.10952908
v -0.07395822 -0.05867356 0.10586908
v 0.02959378 0.05608844 0.11120308
v -0.12626922 -0.00911956 0.10970408
v -0.12626922 -0.00911956 0.10970408
v -0.12626922 -0.00911956 0.10970408
v -0.13017322 -0.04898456 0.11079108
v 0.08281878 -0.05875256 0.08770708
v 0.12083478 0.05806744 0.11105508
v 0.12083478 0.05806744 0.11105508
v 0.12608278 -0.05615856 0.11318808
v 0.01401878 0.06478644 0.10867608
v 0.13145878 0.02808444 -0.11118592
v 0.07117078 0.05969744 0.10992408
v 0.12493078 -0.01720256 0.11606808
v -0.12934122 -0.05828456 0.03126708
v -0.06444522 0.05858744 0.10449808
v -0.12735722 0.00024344 0.10907408
v 0.03520278 -0.03330756 0.11463608
v 0.12761878 0.05721144 0.10564708
v 0.06470678 0.05734944 -0.11183392
v -0.11289322 0.05377944 0.10971208
v -0.11615722 0.05627444 -0.11476292
v -0.12991722 -0.00500656 0.10868808
v 0.02541078 0.06044644 0.10613408
v -0.05650922 0.05717344 0.10131508
v -0.05650922 0.05717344 0.10131508
v -0.12793322 0.03588544 -0.11409192
v 0.12569878 -0.03235256 0.11212708
v -0.00402922 0.06156644 -0.02277892
v 0.02483478 0.05890744 0.10395908
v 0.02483478 0.05890744 0.10395908
v -0.12850922 -0.01630156 0.10920608
v -0.12850922 -0.01630156 0.10920608
v -0.12588522 -0.01173556 0.10934108
v -0.12588522 -0.01173556 0.10934108
v -0.06028522 0.05978744 0.05108708
v -0.09298922 0.05857944 0.10452108
v 0.06701078 0.05888344 0.10708308
v -0.02005222 0.06378744 0.10900308
v -0.10786022 0.05695844 0.10418008
v 0.02391578 0.06162444 0.10905208
v 0.12484378 0.01676544 0.11557808
v 0.05220378 0.06044144 0.10945408
v -0.11944422 0.05560344 0.10462608
v 0.09617178 0.02411244 -0.11265292
v -0.12661222 -0.00478656 0.10918508
v -0.00731622 0.06488044 0.11104808
v -0.12789222 -0.05880256 -0.11421892
v -0.02434022 -0.05863256 0.10526308
v -0.12590822 0.05593844 -0.11470492
v -0.06165222 -0.03304656 -0.11499392
v 0.03338778 0.05806344 0.10483108
v 0.12516378 0.01920144 0.11485108
v 0.12785178 0.05055444 0.10987708
v -0.12962022 0.03265344 -0.06113292
v 0.13124378 -0.00753256 -0.07078392
v -0.12040422 0.05588744 0.10329508
v -0.12040422 0.05588744 0.10329508
v -0.12891622 -0.05583856 -0.04693992
v 0.12733978 0.05494044 -0.11217692
v -0.12823522 -0.01477956 0.10960908
v -0.00106722 0.06089844 0.10992308
v -0.04497122 -0.06084456 -0.11333892
v -0.09738722 0.05682744 -0.09665392
v -0.12753122 -0.00340956 0.10964208
v -0.12753122 -0.00340956 0.10964208
v -0.12753122 -0.00340956 0.10964208
v -0.12753122 -0.00340956 0.10964208
v -0.10980322 0.05814844 0.10488108
v -0.12093922 0.01062744 -0.11585692
v 0.11042078 -0.04995356 0.11424508
v 0.11304478 0.05675744 0.11254908
v 0.07899678 0.06123944 0.11038108
v 0.07899678 0.06123944 0.11038108
v -0.12612322 -0.01289856 0.10928208
v -0.12612322 -0.01289856 0.10928208
v 0.12488478 0.04217144 0.11419108
v 0.13211678 0.04054144 -0.11076792
v 0.00827678 -0.00477656 -0.11484992
v 0.04834078 0.05752444 0.10854808
v 0.05493278 0.06016544 0.10832608
v 0.07656478 0.05856744 0.10843208
v 0.07656478 0.05856744 0.10843208
v -0.09578722 0.05606544 0.10212508
v -0.09578722 0.05606544 0.10212508
v -0.10692322 0.05595544 0.10231208
v 0.11003678 0.06100244 0.11086908
v 0.06485278 0.05590644 0.11217608
v 0.00130078 0.05585544 -0.11406592
v -0.12842722 -0.05889056 -0.06632792
v -0.12842722 -0.05889056 -0.06632792
v -0.12055522 0.05503444 0.10833008
v 0.09512478 -0.05775756 0.10641508
v -0.12900322 0.05557844 0.10754508
v 0.12462878 0.05856344 0.10425708
v -0.12701922 -0.00392556 0.10911508
v 0.12661278 -0.05944656 -0.05266792
v -0.12829922 -0.05863956 -0.10166792
v 0.00539678 0.06101544 0.02758508
v -0.09617122 0.05774244 0.10454708
v -0.02538722 -0.00380756 -0.11373192
v -0.12755422 -0.01973056 0.10928408
v 0.01932578 -0.00374456 -0.11447592
v -0.12813022 0.05288744 -0.11394892
v -0.13203422 0.04459944 0.10665808
v 0.07769378 0.06116744 0.11044008
v 0.07769378 0.06116744 0.11044008
v 0.07769378 0.06116744 0.11044008
v 0.07769378 0.06116744 0.11044008
v -0.00422622 -0.05978056 -0.04685592
v -0.13005022 -0.05838256 0.10584708
v -0.12806622 -0.04535756 -0.11415892
v 0.08166178 -0.05655956 0.11273408
v -0.00544222 0.06582344 0.11104108
v -0.00544222 0.06582344 0.11104108
v -0.04736222 0.05935544 0.10325608
v 0.06994978 -0.05998856 -0.06716892
v 0.06476578 0.05807044 0.10620208
v -0.12787422 -0.01911556 0.10947508
v -0.12787422 -0.01911556 0.10947508
v -0.12787422 -0.01911556 0.10947508
v 0.13106978 0.03875744 -0.11219492
v 0.13106978 0.03875744 -0.11219492
v -0.13037022 -0.05798456 0.08945008
v 0.11084578 0.06041844 0.02028108
v -0.02937822 0.05313544 0.11170308
v -0.12896222 -0.00324356 0.10918908
v 0.02572578 0.05728444 -0.11230492
v 0.13190178 0.02865444 -0.10369592
v 0.04671778 0.05860944 0.10473608
v 0.10374178 0.01854344 0.11592808
v -0.08892122 0.05916044 0.10761308
v -0.12885722 0.00175544 0.10922608
v -0.13077722 -0.05733356 0.09809708
v -0.09800922 -0.06086856 -0.05219392
v 0.05731878 0.06119244 0.04034808
v -0.06389722 0.05963944 0.10461608
v 0.12554278 -0.05268556 0.11395708
v 0.02135078 0.06513244 0.10958008
v -0.12930522 -0.05878756 0.05153008
v -0.12930522 -0.04996756 -0.04366792
v -0.06306522 -0.06058956 0.05532608
v 0.11587878 0.01848544 0.11601908
v 0.12835878 0.05573144 0.03454408
v -0.12853722 -0.05929356 0.00575608
v -0.12853722 -0.05929356 0.00575608
v 0.07856678 0.06118744 0.11005208
v 0.07856678 0.06118744 0.11005208
v 0.07792678 0.06131744 0.11051608
v 0.07792678 0.06131744 0.11051608
v 0.07792678 0.06131744 0.11051608
v 0.07792678 0.06131744 0.11051608
v -0.04655322 0.06082844 0.10797908
v -0.11989722 0.05415944 0.10930508
v 0.02890278 -0.00179956 -0.11296792
v -0.12834522 -0.01796156 0.10957208
v -0.12834522 -0.01796156 0.10957208
v -0.07912922 0.05687844 0.10306708
v -0.07912922 0.05687844 0.10306708
v 0.07619878 0.06162544 0.11109608
v 0.13059878 -0.03634856 -0.09860992
v -0.12299222 0.05604044 -0.11556892
v -0.12888022 -0.00156556 0.10917108
v -0.10264022 0.05954944 0.10750108
v -0.00235222 0.06599644 0.11173308
v 0.08219178 0.01152944 -0.11398492
v 0.09076778 0.01943944 -0.11366092
v 0.07963178 0.06041644 0.11042608
v -0.12676822 -0.01632456 0.10987908
v 0.07771178 0.06277844 0.11106008
v 0.06657578 0.06187244 -0.01019292
v -0.08216022 -0.01050556 -0.11572692
v -0.07166422 0.06014544 0.10810008
v -0.12862422 -0.00328556 0.10913208
v -0.12862422 -0.00328556 0.10913208
v -0.12926422 -0.05866856 0.04154608
v -0.12856022 -0.01221756 0.11454108
v 0.13031978 0.03467444 0.02387908
v -0.04728022 0.05769044 0.10053208
v 0.05761578 0.05878644 0.10771608
v 0.12839978 -0.05934156 -0.06167992
v 0.12839978 -0.05934156 -0.06167992
v 0.07931178 0.06180844 0.11109208
v 0.03540778 0.06200444 -0.01937592
v -0.04977622 0.05755444 0.10070908
v -0.06481622 0.05750344 0.10221108
v -0.02942422 -0.05811756 0.11048808
v -0.12836822 -0.01591956 0.10925908
v -0.10936022 -0.04160356 -0.11498592
v 0.12071978 -0.06085256 -0.11077692
v 0.11483178 0.05933644 0.11087608
v -0.04702422 0.05805344 0.10061208
v -0.09745622 0.02512144 0.11303408
v -0.11972822 0.05571044 0.10582608
v -0.12819922 -0.01855356 0.10939608
v -0.12819922 -0.01855356 0.10939608
v -0.12819922 -0.01855356 0.10939608
v 0.05138478 -0.06091356 -0.11186192
v -0.12621522 -0.01289156 0.10974508
v 0.07109678 0.05855444 0.10784608
v 0.13208878 0.05292444 -0.11125592
v -0.12807122 -0.00727956 0.10988008
v 0.00562478 -0.00370856 -0.11446892
v -0.10771922 0.01798444 -0.11532992
v 0.07973678 0.05991044 0.10958308
v -0.00077522 0.05489144 0.11252708
v 0.08639278 0.06007144 0.11024108
v 0.08639278 0.06007144 0.11024108
v 0.12639278 0.05803644 -0.00847192
v -0.07872722 -0.05758356 0.11084608
v -0.12851922 0.00067544 0.10937608
v -0.12851922 0.00067544 0.10937608
v -0.12915922 -0.01184756 0.10932808
v -0.12915922 -0.00957156 0.10898808
v 0.10482478 -0.05622356 0.11315108
v -0.06093522 0.05930844 0.10412808
v -0.09363922 0.05770744 0.10480908
v -0.07002322 0.05820644 0.10462008
v -0.12634322 -0.01802756 0.10930908
v 0.11877678 0.05883344 -0.08731492
v -0.08698322 0.05790444 -0.06476292
v 0.05983278 0.06054844 0.11029008
v -0.05942222 0.05770644 0.10204108
v 0.07625778 0.06145844 0.11057608
v 0.07625778 0.06145844 0.11057608
v 0.07625778 0.06145844 0.11057608
v 0.07625778 0.06145844 0.11057608
v 0.06320178 0.05875744 0.10747408
v 0.06320178 0.05875744 0.10747408
v -0.13078222 0.02562544 0.11142408
v -0.10915022 -0.05792056 0.11007208
v -0.12867022 0.00241744 0.10899608
v -0.13059022 -0.05796156 0.10472308
v -0.13059022 -0.05796156 0.10472308
v -0.12860622 -0.01021456 0.11010408
v 0.07856178 0.06154744 0.11092908
v 0.07856178 0.06154744 0.11092908
v 0.07856178 0.06154744 0.11092908
v 0.11657778 0.06064244 0.11059308
v 0.03990578 0.05997144 0.10580808
v 0.12515378 0.01067244 0.11130708
v 0.02294578 0.06190944 0.10707408
v 0.13110578 0.03243044 -0.11222492
v 0.13110578 0.03243044 -0.11222492
v 0.13046578 -0.05223556 -0.10417592
v 0.04400178 0.03762844 -0.11352992
v -0.12572622 -0.01752356 0.10940908
v -0.12572622 -0.01752356 0.10940908
v -0.12899022 0.01697444 -0.09130492
v -0.01359822 0.06409044 0.10724608
v -0.06339022 0.05980444 -0.01837392
v 0.08931378 0.05732144 0.10928008
v -0.12169422 0.05527644 0.10969208
v -0.12888522 0.05697244 0.04682808
v -0.12626122 -0.01145856 0.10918808
v -0.12626122 -0.01145856 0.10918808
v -0.12626122 -0.01145856 0.10918808
v 0.02516278 0.05459944 0.11213508
v 0.13133878 0.04058144 -0.05348992
v 0.07239478 0.05466844 -0.11323392
v 0.01409078 -0.05947456 -0.01870992
v -0.12875722 -0.00437256 0.10941208
v -0.12875722 -0.00437256 0.10941208
v -0.12875722 -0.00437256 0.10941208
v -0.12875722 -0.05921556 0.03632808
v -0.12875722 -0.05921556 0.03632808
v -0.10251722 0.05598644 0.10206708
v -0.10251722 0.05598644 0.10206708
v -0.07301322 0.05832644 0.10425708
v -0.12869322 -0.01668756 0.10936308
v -0.12869322 -0.01668756 0.10936308
v 0.11975478 -0.06141856 -0.10966192
v 0.02413878 0.06012544 0.10699508
v 0.02413878 0.06012544 0.10699508
v 0.03137078 0.05845344 0.10381408
v 0.06285878 0.06069544 0.11025808
v -0.08261322 0.05686944 -0.10407392
v -0.11141322 0.05629744 0.10251008
v -0.11333322 0.05816644 0.10510708
v 0.12852278 -0.02612456 0.07439008
v 0.00532278 0.06378744 0.10983008
v -0.13093322 -0.02947856 0.05322708
v -0.12894922 -0.00541556 0.10928708
v -0.12894922 -0.00541556 0.10928708
v -0.12894922 -0.00541556 0.10928708
v -0.12958922 -0.01981956 0.11054808
v 0.08602678 0.06182544 0.08878308
v 0.00673078 0.03561344 0.11384708
v -0.12760522 0.05433344 -0.11520992
v 0.13127478 0.05215244 -0.11230792
v 0.13127478 0.05215244 -0.11230792
v 0.09989178 -0.06140656 -0.10983092
v 0.07499578 0.06227344 0.11105408
v 0.03633978 0.05974344 0.10521008
v 0.12811578 -0.05425256 0.04847608
v 0.11371578 0.00250844 -0.11330192
v -0.12679622 -0.00168856 0.10960908
v -0.12679622 -0.00168856 0.10960908
v -0.12679622 -0.01287256 0.10987008
v -0.00948422 -0.06137356 -0.11185992
v -0.11892422 0.05644344 0.10282808
v -0.12935622 -0.01833956 0.10932108
v 0.05349178 0.05967544 0.10686108
v 0.05157178 0.06048644 0.10716508
v 0.05880378 -0.00279856 -0.11328992
v -0.11284422 0.05584144 0.10251008
v -0.04730822 0.06004544 0.10359008
v 0.12574778 -0.05661256 0.11283208
v 0.11723578 0.05802644 -0.10375292
v -0.06618822 0.05604044 0.10647208
v 0.12913978 0.05463244 -0.07745892
v -0.02740422 0.05719744 0.10928608
v -0.02804422 0.06218844 0.10735108
v -0.02868422 0.05529844 0.11123008
v -0.02868422 0.05529844 0.11123008
v 0.11025978 0.05643244 -0.11243792
v -0.12628422 0.05711844 0.00823908
v -0.12688322 -0.04974256 -0.11543292
v -0.12688322 -0.04974256 -0.11543292
v -0.13014722 -0.04949656 0.10960608
v -0.13014722 -0.04949656 0.10960608
v 0.06057278 0.05774844 0.10741508
v 0.13071678 0.01101244 -0.11164392
v -0.08029122 0.05676844 0.10300908
v -0.08029122 0.05676844 0.10300908
v -0.12681922 -0.01788056 0.10946008
v -0.07894722 -0.06151056 -0.11274292
v -0.06774722 -0.00174156 -0.11484792
v 0.07644478 0.06224044 0.11134508
v 0.07644478 0.06142944 0.11035608
v 0.07644478 0.06142944 0.11035608
v 0.08694078 0.05911044 0.10806808
v -0.12144322 0.05902844 0.10689508
v 0.08828478 0.05796644 0.10636808
v -0.04867522 0.06187544 0.10812608
v -0.05456322 0.05990844 0.10371908
v 0.12962878 -0.05800456 -0.05083992
v -0.12592322 -0.00855156 0.10942208
v -0.06755522 -0.00328856 -0.11445492
v -0.13110722 0.02247044 0.03437208
v 0.13039678 0.04602544 -0.11258692
v 0.13039678 0.04602544 -0.11258692
v -0.12912322 -0.01812256 0.10943608
v 0.08649278 0.05991544 0.10862208
v -0.00982722 0.06478544 0.10978708
v -0.00982722 0.06478544 0.10978708
v -0.12643522 -0.01937856 0.10968008
v -0.12643522 -0.01937856 0.10968008
v -0.07728322 0.05939744 0.10796108
v 0.01250878 -0.05910456 0.08939108
v -0.12707522 0.03485444 -0.11544692
v 0.13116478 -0.00663656 -0.09395992
v 0.12988478 0.05363244 -0.05846892
v -0.03261122 0.04515444 0.11288008
v 0.08406078 -0.01976156 -0.11258592
v 0.02639678 0.05522744 -0.11374092
v 0.12732478 0.05634544 0.01295508
v 0.12538178 -0.03159756 0.11250908
v 0.08410178 0.05766944 0.10628208
v 0.09600578 -0.06075256 -0.11131892
v -0.07173822 -0.02009556 -0.11488892
v -0.02649022 0.06360444 0.10855308
v 0.12358978 -0.05875956 0.03320708
v 0.12883778 -0.05739756 -0.01257192
v -0.11429822 0.05574944 0.10300608
v 0.09677378 0.05679544 0.11215908
v 0.12890178 -0.02463156 -0.11193892
v 0.12890178 -0.02463156 -0.11193892
v -0.12863422 -0.00545056 0.10967208
v -0.12863422 -0.00545056 0.10967208
v -0.12863422 -0.00545056 0.10967208
v -0.12863422 -0.00545056 0.10967208
v -0.08799422 0.05783744 0.10441208
v -0.12665022 -0.00299056 0.10919108
v -0.12665022 -0.00299056 0.10919108
v -0.12665022 -0.00299056 0.10919108
v -0.07417022 0.05693944 0.10212708
v 0.13030978 0.04339744 -0.00514692
v 0.12710978 -0.05559556 0.08192608
v 0.12710978 -0.05850956 0.00131008
v 0.12710978 -0.05850956 0.00131008
v -0.08319422 -0.01489456 -0.11567292
v 0.12851778 -0.05894556 -0.04573392
v 0.12851778 -0.05894556 -0.04573392
v -0.12837822 -0.00692956 0.10990108
v -0.01695422 0.06087544 0.05099808
v -0.07724222 0.05681244 0.10263808
v -0.07724222 0.05681244 0.10263808
v 0.04410178 -0.05685156 0.11219908
v -0.11449022 -0.04540056 -0.11623792
v -0.12756922 -0.05977056 -0.05627892
v 0.07627078 0.05799744 0.10778908
v 0.07627078 0.05799744 0.10778908
v 0.12542278 -0.05706656 0.09863308
v 0.12542278 -0.05706656 0.09863308
v -0.12884922 -0.00355656 0.10932208
v -0.12884922 -0.00355656 0.10932208
v -0.12884922 -0.00355656 0.10932208
v 0.12939078 -0.05964656 -0.11088492
v 0.12939078 -0.05964656 -0.11088492
v 0.10187078 0.05573544 0.11313908
v -0.08161722 -0.05826756 0.10961208
v 0.04619078 0.06002744 0.10623408
v 0.07902278 0.06144644 0.11054708
v 0.07902278 0.06144644 0.11054708
v -0.12801722 -0.01758256 0.10915708
v -0.09979322 -0.03051356 -0.11631592
v -0.12731322 0.05619744 -0.05377092
v -0.12788922 0.00125344 0.10901008
v -0.08987322 0.05845544 0.04392108
v 0.10545478 0.05470644 -0.11286992
v -0.08129722 0.05691944 0.10406808
v -0.12257722 -0.06032956 0.02898708
v 0.05764678 0.06111844 0.11004408
v 0.04062278 0.06295644 0.07930108
v 0.00068678 -0.00383556 -0.11476992
v -0.13166522 -0.03399056 0.10806208
v -0.12833722 -0.01963356 0.10953508
v 0.10103878 0.05743044 0.10943408
v -0.13160122 0.04724044 0.08845708
v -0.05819322 0.05988544 0.10405708
v -0.07319222 -0.00615256 -0.11437092
v -0.12624822 -0.01633256 0.10929508
v -0.12624822 -0.01633256 0.10929508
v 0.13000778 -0.04162356 -0.10994392
v -0.02660022 0.06264644 0.10048208
v -0.12093622 -0.05642256 -0.11490492
v -0.02589622 0.06376344 0.10539608
v 0.02786378 0.06176844 0.10970408
v -0.09597622 -0.04803056 0.11178308
v 0.12885578 -0.05562256 0.00683908
v 0.08757578 0.06104944 0.11068208
v -0.09981622 0.05484344 0.10906508
v -0.12996022 -0.01275256 0.10871308
v -0.12599222 -0.01924556 0.10949208
v -0.07677622 -0.00826556 -0.11526892
v 0.07592778 0.06127344 0.11057708
v 0.07592778 0.06127344 0.11057708
v 0.07592778 0.06127344 0.11057708
v 0.11855178 0.06006744 0.04980808
v 0.00911178 0.06448144 0.10991608
v 0.00911178 0.06448144 0.10991608
v 0.08251978 0.05874044 0.10658508
v -0.13111222 -0.04898856 0.08100008
v -0.12848822 -0.05864756 -0.08740192
v 0.03733578 0.05923544 -0.08505492
v -0.12580022 -0.03127956 -0.11587492
v -0.12580022 -0.03127956 -0.11587492
v -0.02813622 0.05789744 0.11068108
v -0.02813622 0.05789744 0.11068108
v 0.06952778 0.05699244 0.11139508
v 0.12527178 -0.05585356 0.11377708
v -0.10864822 0.05866144 0.10711608
v -0.12829622 0.01522144 -0.10874192
v -0.09156022 0.05770844 0.10438508
v 0.08277578 0.06042744 0.11042308
v 0.08277578 0.06042744 0.11042308
v -0.03711922 -0.06013156 -0.03926392
v -0.02988722 0.05454244 0.11130008
v -0.12620722 -0.02057356 0.10945608
v -0.12620722 -0.02057356 0.10945608
v -0.12947122 -0.00350556 0.10917308
v -0.12947122 -0.00350556 0.10917308
v -0.06393522 0.06027744 0.10820708
v -0.12486322 0.05617144 0.10668108
v -0.12812722 0.04985644 -0.11406092
v -0.12217522 0.01306444 0.11342408
v 0.04428878 -0.06048556 -0.08648792
v -0.12799922 -0.05953156 -0.04461592
v -0.12927922 -0.00544256 0.10940908
v -0.12927922 -0.00544256 0.10940908
v -0.12927922 -0.00544256 0.10940908
v 0.12896078 0.05186944 0.03023908
v -0.13055922 0.03689444 0.10846808
v -0.11283122 0.05716344 0.10504208
v -0.12262322 -0.06017656 -0.07525192
v 0.09299278 0.05735444 -0.11140292
v -0.06815922 0.05713744 0.10177508
v -0.12844722 -0.00328756 0.10945808
v -0.12844722 -0.00328756 0.10945808
v -0.04716722 0.05552744 0.10970008
v 0.12716878 -0.03283656 0.11135908
v 0.12716878 -0.03283656 0.11135908
v -0.08057522 0.05761844 0.10405608
v 0.11865678 0.04798944 0.11428408
v 0.02169678 0.06406544 0.11009908
v 0.02169678 0.06406544 0.11009908
v -0.12831922 -0.05901956 -0.05619792
v -0.12831922 -0.05901956 -0.05619792
v -0.12959922 -0.05296356 0.11099308
v -0.06534322 0.06070344 0.10795708
v 0.08868178 0.06130944 -0.02583192
v -0.04891822 0.05776544 0.10071508
v 0.12804178 0.04031344 0.10948208
v 0.06775378 0.05782944 0.10629908
v -0.12418222 0.05315944 -0.11530092
v 0.12093778 0.05979544 -0.01413392
v 0.12752978 0.05746744 0.10173808
v -0.01730222 -0.00374756 -0.11362692
v -0.12674222 -0.00316756 0.10965308
v 0.03319378 -0.05939356 0.08315308
v -0.12015022 0.05606244 0.10317008
v 0.12759378 0.05758844 -0.09914992
v 0.03991378 0.00867144 0.11532808
v -0.00002222 -0.06042856 -0.07933392
v 0.03933778 0.05877944 0.10403308
v -0.12642222 -0.01900156 0.10944108
v 0.02308178 0.06221644 0.10172608
v -0.10139822 0.05876744 0.10458508
v -0.12629422 0.05121044 -0.11528692
v -0.12629422 0.05121044 -0.11528692
v 0.12733778 -0.05628056 0.05344008
v -0.00567722 -0.06119956 -0.11252792
v -0.10135722 -0.05860856 0.10923808
v -0.04170922 0.02676744 0.11461008
v -0.06001322 0.05640544 0.10607508
v 0.11432278 0.05554344 0.11346008
v 0.02325078 0.06259644 0.09555508
v 0.08494678 -0.01347956 -0.11381492
v 0.10920278 0.05899644 0.10856908
v 0.12558678 0.05736744 0.09989208
v -0.12868522 -0.00116556 0.10901308
v 0.10529878 0.06078844 0.11101108
v 0.00046678 0.06380644 0.10863908
v -0.02756522 0.06161044 0.10883208
v -0.06686122 -0.00464856 -0.11487292
v 0.06683478 0.05857144 0.10626108
v 0.06683478 0.05857144 0.10626108
v 0.02824278 0.05957444 0.10507708
v 0.04725078 0.05952644 0.10541708
v -0.12836522 0.00206244 0.10897708
v 0.02171478 0.06387744 0.09781008
v -0.10212522 -0.03385856 -0.11590092
v -0.01098922 0.06471544 0.10924208
v -0.12755622 0.05112544 -0.11494192
v -0.03251622 -0.00252856 -0.11364792
v -0.12096422 0.05757044 0.10588308
v -0.10522022 0.03414744 -0.11497992
v -0.12614822 -0.00908956 0.10965408
v -0.12864422 0.00110744 0.10931908
v -0.10765222 0.05843544 0.10472908
v 0.08306778 0.01073644 -0.11311792
v 0.11257178 -0.04259956 -0.11298792
v -0.00666022 -0.00935556 -0.11504792
v -0.12851622 -0.00047656 0.10905408
v -0.01446822 0.06425744 0.10916708
v -0.11994022 0.05602544 0.10528508
v -0.11994022 0.05602544 0.10528508
v -0.06816422 0.05835644 0.10473208
v 0.07602778 0.06147644 0.11022808
v 0.07602778 0.06147644 0.11022808
v 0.12517978 -0.00972856 0.11148308
v 0.12780378 -0.06007856 -0.11116792
v -0.02944422 0.06179244 0.10867308
v -0.08774822 0.05555844 0.10613008
v 0.12921178 0.00810344 -0.11262692
v 0.12921178 0.00810344 -0.11262692
v 0.12530778 -0.00498756 0.11586308
v 0.12530778 0.03308244 0.11108008
v 0.12530778 0.03308244 0.11108008
v 0.06501978 0.05992144 0.10871308
v -0.12698022 -0.02200756 0.10964808
v 0.04345178 0.05849544 0.10437508
v 0.12739678 -0.06132656 -0.10978992
v 0.12874078 0.05501144 -0.00279892
v 0.12746078 0.04744844 0.11052008
v -0.06652322 0.05843544 0.10465808
v -0.08092322 0.05675844 0.10383808
v -0.08092322 0.05675844 0.10383808
v -0.00751522 0.06304844 0.09242808
v -0.06255522 0.05994144 0.10786108
v -0.12021922 0.05836344 0.10717608
v -0.05468322 -0.05720056 0.11119008
v -0.12873122 0.05559744 -0.03332892
v 0.02397278 0.05826744 0.10419708
v 0.12496478 0.00153444 0.11363508
v -0.00213922 0.06615144 0.11137408
v -0.00213922 0.06615144 0.11137408
v 0.01686878 -0.06054756 -0.11272992
v -0.12725922 -0.02155956 0.10963508
v -0.03484322 -0.00362256 -0.11401792
v 0.12182878 0.05979744 0.06710908
v 0.12451678 0.00196044 0.11619008
v -0.01301922 -0.00432356 -0.11515492
v -0.06018722 0.05684144 0.10238308
v 0.07613278 0.06128844 0.11058008
v 0.07613278 0.06128844 0.11058008
v 0.07613278 0.06128844 0.11058008
v 0.11222878 0.05852844 0.10742308
v -0.13090722 0.04381344 0.11041808
v -0.13090722 0.04381344 0.11041808
v 0.12534878 -0.01416656 0.11551208
v 0.05590878 0.05881044 0.10835508
v 0.05590878 0.05881044 0.10835508
v -0.12824222 -0.05941656 -0.02674092
v -0.13016222 -0.05784756 0.07026408
v 0.12346978 0.05928444 0.09943408
v -0.12357022 0.05698544 0.10726608
v 0.07374178 0.06051644 0.11052508
v -0.12875422 -0.00255656 0.10939608
v -0.12875422 -0.00255656 0.10939608
v -0.00094622 0.06465544 0.11153008
v -0.00549022 0.06584744 0.11141908
v 0.12494178 0.02710044 0.11131308
v 0.12756578 -0.00881456 0.11052508
v -0.12734622 0.05519644 -0.11009192
v 0.04833378 0.06183344 -0.03644192
v 0.12250978 -0.03077556 -0.11274492
v 0.08122978 0.05820644 0.10645108
v -0.12651422 0.01480544 -0.11575792
v -0.12651422 0.01480544 -0.11575792
v -0.06488222 -0.04150756 0.11295608
v -0.10616222 0.05679444 0.10259808
v -0.05105822 -0.06118056 -0.11315792
v -0.07921822 0.06017444 0.10780208
v 0.02369378 -0.00363256 -0.11318592
v 0.12596578 0.05815244 0.01720408
v 0.10042978 0.05768844 0.10680208
v 0.00871778 0.06487244 0.10945408
v 0.03039078 0.06118044 0.03933508
v -0.01351322 0.05884744 0.11021508
v -0.01152922 -0.01974756 0.11432308
v 0.01010278 0.05895244 0.11062108
v -0.01741722 0.06083244 -0.04340692
v -0.13076122 0.05530044 0.10949808
v -0.13076122 0.05530044 0.10949808
v 0.12747878 -0.05860056 -0.01404192
v 0.12747878 -0.05860056 -0.01404192
v 0.07768678 0.06139444 0.11057808
v 0.07768678 0.06139444 0.11057808
v 0.13023078 0.05374844 -0.11110992
v 0.12696678 -0.05617356 0.07037508
v 0.01887078 -0.06136456 -0.11143792
v 0.02149478 0.05798944 0.11177808
v -0.12660122 -0.00168056 0.10928308
v 0.02219878 0.05524844 0.11219508
v 0.07666278 0.05967344 0.10905108
v 0.07666278 0.05967344 0.10905108
v 0.11602278 0.05854244 0.11135008
v 0.11602278 0.05854244 0.11135008
v -0.09498522 0.05765844 0.10443208
v -0.06221722 0.05702944 0.10195508
v -0.06221722 0.05702944 0.10195508
v -0.03335322 0.05788544 0.10033508
v -0.03335322 0.05788544 0.10033508
v -0.12967322 -0.05412856 0.01758808
v 0.11615078 0.06100644 0.07247008
v 0.07749478 0.06169344 0.10279608
v 0.04408678 -0.05956056 -0.02099692
v -0.12826522 -0.00002556 0.10947908
v -0.10989722 0.05724744 0.10479208
v 0.08671078 0.05618544 -0.11281992
v -0.11184022 0.05809344 0.10487508
v -0.12624022 -0.01828856 0.10950708
v -0.12624022 -0.01828856 0.10950708
v -0.12624022 -0.01828856 0.10950708
v -0.12624022 -0.01828856 0.10950708
v 0.11369578 0.05773444 0.10932408
v 0.11369578 0.05773444 0.10932408
v 0.02588778 0.02915444 0.11415608
v 0.03113578 -0.05999956 0.01282808
v -0.12937622 0.05577344 0.10949408
v -0.02710422 0.05800144 0.11123608
v -0.12278422 0.05616344 0.10901008
v 0.07644778 0.05810444 0.10782008
v 0.07644778 0.05810444 0.10782008
v 0.07644778 0.05810444 0.10782008
v 0.07516778 0.00459244 -0.11390692
v -0.13123222 0.05610244 0.10753808
v -0.12336022 0.05737344 0.03991308
v 0.12636778 -0.05660856 0.11205108
v 0.12636778 -0.05660856 0.11205108
v 0.07855978 0.06189544 0.11056508
v 0.07855978 0.06189544 0.11056508
v 0.11593578 0.05830044 0.11269408
v -0.07798422 0.05617844 0.10294408
v 0.11011178 0.05782044 0.10685808
v -0.03798422 -0.06096856 -0.08863392
v -0.12707222 -0.00380156 0.10910308
v -0.12707222 -0.00380156 0.10910308
v 0.10627178 -0.06007256 -0.07740592
v 0.06435178 -0.04906256 0.11386908
v 0.11420778 0.05776244 0.11007508
v 0.11420778 0.05776244 0.11007508
v 0.08668778 0.05797644 0.10597908
v -0.08304022 0.05993544 0.10791008
v 0.12995178 -0.04870656 -0.11014592
v -0.12299922 0.05628144 -0.11156292
v -0.12952722 0.05523444 0.11010608
v -0.06987922 0.05756844 0.10229808
v -0.13080722 0.05467144 0.07245308
v 0.06324078 0.06005544 0.10987408
v -0.12811922 -0.00720956 0.10988008
v -0.12613522 -0.01975356 0.10966808
v -0.12613522 -0.01975356 0.10966808
v -0.12613522 -0.01561656 0.10981808
v -0.08415122 0.05913644 0.10739108
v -0.12543122 -0.05997956 -0.03557592
v -0.11487122 0.05663544 0.10365808
v -0.11487122 0.05663544 0.10365808
v 0.05684078 0.05730144 0.10995708
v -0.12792722 -0.02025056 0.10962308
v 0.11194478 0.05763744 0.10731508
v -0.12594322 -0.00836156 0.10940108
v 0.11200878 0.05737344 -0.11113792
v -0.05637522 0.06007944 0.10449608
v 0.12845678 0.05509744 -0.05511192
v 0.08128878 0.05769044 0.10652508
v 0.00724078 -0.03523256 -0.11387892
v -0.03730322 -0.01042956 -0.11546292
v -0.12837522 -0.05896756 -0.07774392
v -0.12837522 -0.05896756 -0.07774392
v -0.10936722 -0.02870256 -0.11652492
v -0.12965522 0.00011244 0.10914208
v -0.12965522 0.00011244 0.10914208
v -0.12703122 -0.02132656 0.10969008
v -0.12831122 -0.01453356 0.10913608
v -0.12831122 -0.01453356 0.10913608
v 0.12992878 -0.01196156 0.00505008
v 0.03687278 0.05872244 0.10394808
v -0.12696722 -0.00376356 0.10915808
v -0.12696722 -0.00376356 0.10915808
v -0.12696722 -0.00376356 0.10915808
v -0.05940622 0.05956044 0.10407908
v 0.09790578 0.05870844 0.10709808
v -0.04686222 -0.00404856 -0.11534392
v 0.07569778 0.05798644 0.10847908
v 0.07569778 0.05798644 0.10847908
v -0.00814222 0.06531444 0.11036708
v -0.00814222 0.06531444 0.11036708
v -0.12871822 -0.01704056 0.10946308
v -0.12871822 -0.01704056 0.10946308
v -0.06247822 0.04709344 0.11145408
v -0.12865422 -0.01422056 -0.09579592
v -0.12596622 0.05538644 0.10706708
v -0.12596622 0.05538644 0.10706708
v -0.12596622 -0.00682356 0.10945208
v -0.12724622 -0.02102856 0.10937708
v 0.07659378 0.06251444 0.11065908
v 0.11134578 0.03891344 -0.11192092
v 0.06289778 0.05990044 0.10801108
v 0.12465778 0.05862044 0.07303808
v 0.09922678 0.06060144 0.11089608
v 0.02255478 0.06296044 0.08863608
v -0.12029322 0.05506944 0.10713308
v 0.12943478 0.01778744 0.06532708
v -0.10320522 0.04517644 0.11088408
v -0.02781322 0.05668844 0.10541308
v -0.02781322 0.05668844 0.10541308
v -0.00157322 0.05833244 0.11198308
v -0.12739722 0.01934544 -0.11522792
v -0.10378122 -0.06072956 -0.00261392
v -0.13059722 0.05547144 0.06103008
v -0.12925322 -0.05879956 0.06665608
v -0.12925322 -0.05879956 0.06665608
v 0.12245878 -0.05264156 -0.11218492
v -0.05046922 -0.05701156 -0.11429992
v -0.11728522 0.05867344 0.07773508
v -0.11792522 -0.04916656 -0.11590092
v -0.10480522 0.05983244 0.10730408
v 0.04463478 0.05660244 -0.11298592
v 0.12789878 0.05556644 -0.02495992
v 0.13052278 -0.01827156 -0.10989992
v -0.00906122 0.06420144 0.11000308
v 0.11484278 0.05791644 0.10841308
v 0.11484278 0.05791644 0.10841308
v -0.12042122 -0.06088056 -0.11119192
v 0.08930678 0.05826944 0.10643508
v 0.10242678 -0.05707856 0.11202608
v -0.12626822 0.04180144 -0.11577092
v -0.12626822 0.04180144 -0.11577092
v 0.12736378 -0.04875556 0.10552508
v 0.10246778 0.05875844 0.10692208
v 0.12147578 -0.05767556 0.10022708
v -0.12754822 -0.00185756 0.10922608
v -0.12754822 -0.00185756 0.10922608
v -0.12754822 -0.00185756 0.10922608
v -0.12754822 0.00064644 0.10904108
v 0.07366778 0.05928344 0.11028608
v 0.12685178 0.05588744 -0.11265692
v -0.12671622 -0.00255156 0.10925608
v -0.12671622 -0.00255156 0.10925608
v -0.07820422 0.05505044 0.10930708
v -0.10047622 -0.06029156 0.06719808
v 0.04896378 0.06170344 0.00768608
v 0.08569978 -0.00398556 -0.11373492
v -0.12594822 -0.01541356 0.10957908
v -0.12594822 -0.00910456 -0.11589392
v -0.12594822 -0.00910456 -0.11589392
v 0.08377978 0.05813944 0.10597408
v 0.12313978 0.05922344 0.11074308
v -0.00658822 -0.06007056 0.06771108
v 0.12973178 -0.05707656 -0.03674092
v -0.12780422 -0.02063956 0.10959808
v -0.12646022 -0.01033956 0.10915608
v -0.13036422 -0.05861556 0.10799208
v 0.06758778 0.06007444 0.10988908
v -0.10342022 -0.03526156 -0.11486192
v 0.09453178 0.02856044 -0.11374392
v 0.12729978 0.05767244 0.10935808
v -0.10598022 -0.04019156 -0.11451292
v 0.07622778 -0.03541056 -0.11274992
v 0.10314878 0.05870144 0.10856108
v -0.12686722 -0.00570256 0.10903708
v -0.10587522 0.05754744 0.10426908
v 0.12548478 0.05176844 0.11159808
v -0.04750722 0.05977944 -0.04759692
v 0.12618878 0.05694444 0.07819508
v 0.13015678 -0.05174756 -0.03160892
v 0.06986878 0.05886044 0.10835708
v 0.05809278 0.06164544 0.05711308
v -0.12603522 -0.01833256 0.10971908
v -0.12603522 -0.01833256 0.10971908
v -0.08078722 0.05872644 0.10481808
v 0.07454078 0.05830044 0.10820508
v 0.12631678 -0.05615156 0.11118308
v 0.12631678 -0.05615156 0.11118308
v 0.07127678 0.05739544 0.10976808
v -0.12859522 -0.00703256 0.11000308
v -0.12859522 -0.00703256 0.11000308
v 0.03460478 0.05957544 0.10534708
v -0.12661122 -0.02094956 0.10971508
v 0.05956478 0.05862244 0.10884308
v 0.05956478 0.05862244 0.10884308
v 0.07006078 0.05827144 0.10734308
v 0.07006078 0.05827144 0.10734308
v -0.05243522 0.05725444 0.10097708
v 0.10161278 0.06112944 0.11065008
v 0.11345278 0.06122944 0.08986608
v -0.04251522 0.06075444 0.10731608
v -0.12238722 0.05731644 0.00379208
v -0.03784322 -0.06054256 -0.11357992
v -0.01883522 0.06309944 0.10958008
v -0.01883522 0.06309944 0.10958008
v -0.12955522 0.00327544 0.10932308
v -0.12955522 0.00327544 0.10932308
v -0.02660222 0.05857744 0.10991608
v -0.02660222 0.05857744 0.10991608
v -0.02660222 0.05857744 0.10991608
v -0.02135422 0.05815544 0.11129008
v -0.12292222 0.05036344 0.11040708
v 0.12482178 0.02375144 0.11163908
v -0.12676222 -0.00444856 0.10915408
v 0.08034178 0.05687144 0.11140008
v -0.12868222 -0.00853656 0.10987308
v -0.12868222 -0.00853656 0.10987308
v -0.12996222 -0.00710856 0.11185308
v -0.13060222 -0.01092556 0.11411008
v 0.04373378 0.06178844 0.10971008
v -0.06570622 0.05675144 0.10214808
v -0.06570622 0.05675144 0.10214808
v -0.12727422 -0.01859656 0.10978708
v -0.12727422 -0.01859656 0.10978708
v -0.12727422 -0.01859656 0.10978708
v -0.12727422 -0.01859656 0.10978708
v 0.00053378 0.06616844 0.11119708
v 0.00053378 0.06616844 0.11119708
v 0.07131778 0.01750444 -0.11401892
v -0.12855422 -0.05515556 -0.10503792
v -0.12394622 -0.05620156 -0.11507792
v 0.04059778 -0.05089356 0.11313608
v 0.07598978 0.05819544 0.10812808
v 0.07598978 0.05819544 0.10812808
v 0.11080578 0.05748844 0.10955408
v 0.13179778 0.04391044 -0.11185892
v 0.09051778 0.05778044 0.10641508
v -0.07921022 0.05403244 0.11019208
v 0.07547778 0.05876744 0.10892508
v -0.09687422 0.05636244 0.10178108
v -0.07524222 -0.01178556 -0.11435792
v 0.10632578 0.05980044 0.10935708
v 0.10632578 0.05980044 0.10935708
v 0.12671878 -0.05474456 0.10809108
v -0.07315322 -0.06073556 -0.11407792
v -0.12819322 -0.01469056 0.10930808
v -0.12819322 -0.01469056 0.10930808
v -0.12819322 -0.01469056 0.10930808
v 0.12543878 -0.02905856 0.11523408
v 0.08678278 0.05855444 0.10631308
v -0.11110522 0.01764744 0.11351508
v -0.11168122 -0.04330156 -0.11593592
v 0.11379078 0.05818044 0.10969108
v 0.11379078 0.05818044 0.10969108
v 0.11379078 0.05818044 0.10969108
v -0.12672122 -0.01811756 0.10979608
v -0.12998522 -0.05841256 0.09712708
v -0.12998522 -0.05841256 0.09712708
v 0.05158278 0.05854344 0.10508208
v 0.05158278 0.05854344 0.10508208
v 0.12499078 0.05766944 0.11185808
v 0.03654278 0.01837844 -0.11345192
v -0.12857722 0.00194244 0.10942108
v -0.12857722 0.00194244 0.10942108
v -0.07417722 -0.06097256 0.02161408
v 0.05625478 0.05884944 0.10717108
v 0.05625478 0.05884944 0.10717108
v -0.07808122 0.05646144 0.10257708
v -0.12851322 -0.00310056 0.10899608
v -0.02758522 0.05888244 0.10858908
v 0.07667078 0.05852444 0.10799608
v -0.07404922 -0.06067256 -0.02165792
v 0.13043078 -0.00550356 -0.11138792
v 0.06425478 0.05760944 0.10893308
v -0.12838522 -0.01825656 0.10920308
v -0.12838522 -0.01825656 0.10920308
v -0.12838522 -0.00322156 0.10917108
v -0.12838522 -0.00322156 0.10917108
v -0.12838522 -0.00322156 0.10917108
v -0.08051322 0.05588944 0.10457208
v 0.00473478 0.06511544 0.10956308
v 0.09913478 0.02787044 -0.11364192
v -0.12623222 -0.01652456 0.10977708
v -0.11375222 0.05552644 0.10585408
v -0.02658422 0.01616244 -0.11405992
v 0.12810378 0.05630744 0.05351108
v 0.12810378 0.05611744 0.06181908
v 0.06455178 0.00398844 -0.11367992
v -0.12994422 0.01144944 0.10890708
v -0.12994422 0.01144944 0.10890708
v -0.12661622 -0.00896656 0.10988408
v -0.12661622 -0.00896656 0.10988408
v -0.00405622 0.06590244 0.11148708
v -0.00405622 0.06590244 0.11148708
v 0.07658378 0.06157544 0.11071008
v 0.07658378 0.06157544 0.11071008
v 0.12906378 -0.05003156 0.01790308
v -0.12783222 0.05561644 -0.07304592
v 0.10416778 0.03176444 -0.11223192
v -0.12847222 0.05521644 -0.05466192
v -0.04584822 0.05876144 0.10196608
v -0.02946422 0.05620044 0.10662808
v -0.08712822 0.05667844 0.10191308
v -0.08514422 0.05796744 0.10414808
v 0.06826378 0.00122444 0.11590008
v -0.12700022 -0.00062356 0.10916508
v -0.08175222 0.05686444 0.10331708
v -0.08175222 0.05686444 0.10331708
v -0.08175222 0.05686444 0.10331708
v 0.11163278 0.05791244 0.10686508
v -0.05611122 -0.06011056 -0.11419292
v -0.12753522 0.00148544 -0.11507092
v -0.05803122 0.06120044 0.08299508
v 0.08686478 -0.05148456 0.11359708
v -0.13201522 -0.03152156 0.10687108
v 0.04891278 -0.00380056 -0.11428392
v 0.01550478 -0.05667556 0.11201708
v 0.05876878 0.05990644 0.11009108
v 0.11976078 0.06058444 0.08483008
v -0.13054322 0.01935144 0.11234108
v 0.12571278 -0.05753856 0.07403808
v 0.12571278 -0.05753856 0.07403808
v 0.12769678 0.05691444 0.07192208
v -0.12459122 0.05532144 -0.11617892
v -0.05444722 0.06069944 0.10791508
v 0.12840078 0.05655544 -0.11190692
v -0.12849522 -0.01768756 0.10954608
v -0.12849522 -0.01768756 0.10954608
v -0.12715122 -0.02573356 -0.11535192
v 0.07604878 0.06255544 0.11108408
v -0.02091122 0.05864044 0.11027008
v 0.09057678 0.06112244 0.10926608
v 0.12859278 0.05287644 -0.11172892
v -0.12830322 -0.01413156 0.10915108
v 0.12795278 -0.04957856 0.07291008
v 0.10568078 0.06022044 0.11068408
v 0.06964878 0.05805444 0.10622008
v 0.06964878 0.05805444 0.10622008
v 0.11880078 0.05813944 0.11277308
v -0.07187822 0.00245044 -0.11557192
v 0.12997778 0.05276244 -0.11262792
v -0.11315822 -0.06090556 -0.09430592
v 0.12082578 0.05928444 -0.06175492
v 0.12607378 -0.05822656 0.04016908
v 0.12607378 -0.05822656 0.04016908
v 0.12479378 0.05208044 0.11365408
v 0.12479378 0.05208044 0.11365408
v -0.05344622 0.05719444 0.10135808
v -0.05344622 0.05719444 0.10135808
v 0.06911378 0.05790044 0.10753908
v -0.12813422 0.05552844 -0.06437492
v 0.12748178 0.03597144 0.11056808
v 0.02328978 0.05847444 0.10643308
v -0.12743022 -0.00160456 0.10903908
v 0.02264978 0.06242844 0.10166908
v -0.12807022 0.05615444 0.10709008
v 0.03384978 0.05884244 0.10405008
v -0.09722222 0.02764444 -0.11607992
v -0.07296622 0.05930244 0.10453408
v -0.12992622 -0.02499556 0.10900908
v -0.12992622 -0.02499556 0.10900908
v -0.07815022 0.05883344 0.10479308
v -0.12858222 0.00232444 0.10898708
v -0.10957422 0.05602444 0.10228708
v -0.12851822 -0.05911456 -0.01371692
v -0.12851822 -0.05911456 -0.01371692
v -0.04263022 0.05739344 0.10081308
v -0.04263022 0.05739344 0.10081308
v -0.10554222 0.05632844 0.10203508
v -0.10554222 0.05632844 0.10203508
v 0.12581778 -0.05779156 0.06575608
v 0.12581778 -0.05779156 0.06575608
v 0.02162578 0.06358544 0.09513908
v 0.00984978 0.06285944 0.08659308
v 0.06424978 -0.06140956 -0.11016192
v 0.02168978 0.06445144 0.10453508
v 0.12524178 0.04579944 0.11154208
v 0.12524178 0.04579944 0.11154208
v -0.00320622 0.06322744 0.10813308
v 0.08069778 0.05574744 0.11266108
v 0.08005778 0.02432144 0.11514408
v -0.02151022 0.05699444 0.11176508
v 0.12530578 0.05567444 0.11210908
v -0.13088622 0.01525144 0.11219608
v -0.12826222 -0.01844256 0.10921308
v -0.12826222 -0.01844256 0.10921308
v -0.12826222 -0.01844256 0.10921308
v 0.06121878 -0.05066756 -0.11275092
v 0.01277078 -0.01637856 0.11468008
v 0.05673878 0.05860644 0.10920408
v 0.05673878 0.05860644 0.10920408
v -0.08610922 0.01518444 -0.11491192
v -0.12015722 0.05586344 0.10605808
v -0.12015722 0.05586344 0.10605808
v 0.12566678 -0.04414956 0.11280008
v 0.12963478 0.04015844 -0.11260792
v 0.12054678 0.05721244 -0.11137792
v 0.08976278 0.01696544 -0.11270192
v 0.04393878 0.05892444 0.10457608
v -0.11990122 0.05595144 0.10461408
v -0.11990122 0.05595144 0.10461408
v -0.11990122 0.05595144 0.10461408
v -0.12841322 0.00047344 0.10903108
v -0.12841322 0.00047344 0.10903108
v -0.12578922 -0.01812956 0.10958208
v -0.12578922 -0.01812956 0.10958208
v -0.09039722 0.05786344 0.10454508
v -0.13167722 0.05487544 0.10720608
v -0.00060522 -0.00177456 -0.11307792
v -0.12905322 0.05394844 -0.05078992
v 0.04726678 0.06062944 0.10675508
v -0.13026922 -0.01445256 0.11195008
v 0.08470678 0.05897244 0.10832408
v -0.05487722 0.05781844 0.10106108
v 0.00214678 0.06345044 0.10883408
v -0.12892522 0.05641144 0.01345508
v 0.12995478 -0.05944356 -0.10153392
v 0.12995478 -0.05855256 -0.07723192
v -0.04239722 -0.00417356 -0.11550592
v 0.07623578 0.05804544 0.10621808
v -0.06334822 -0.00341256 -0.11485992
v 0.02189978 0.06476044 0.10951008
v 0.08941978 0.05911344 0.10846208
v -0.13010022 0.00594844 0.11061508
v 0.09927578 0.05983144 0.10909308
v 0.09927578 0.05983144 0.10909308
v -0.00754022 0.06486844 0.10972708
v -0.12613222 0.05588544 0.10926908
v 0.10394778 0.05830344 0.10657608
v 0.10919578 -0.01924056 -0.11376192
v -0.02776422 -0.05966056 -0.11387992
v 0.09217178 0.06184944 0.07449608
v 0.08103578 0.06102344 0.11037008
v 0.08103578 0.06102344 0.11037008
v 0.12762778 0.02070544 0.11026408
v -0.12990822 -0.05836256 0.08082608
v -0.12658022 -0.02191456 0.10948508
v -0.12658022 -0.02191456 0.10948508
v 0.11463578 0.05985744 -0.04964192
v -0.12651622 -0.00501456 0.10920808
v -0.05963622 0.05844144 0.10448308
v -0.07077222 0.05731744 0.10226608
v 0.12845978 -0.05705656 0.00438808
v 0.10292378 0.05977844 0.10894008
v 0.10292378 0.05977844 0.10894008
v 0.11930778 0.05991044 0.00800408
v 0.10823578 0.05861844 0.10693708
v 0.07809178 0.06156044 0.11062208
v 0.07809178 0.06156044 0.11062208
v -0.08114022 0.05656444 0.10283208
v -0.08114022 0.05656444 0.10283208
v -0.11518822 0.05614044 0.10282908
v -0.01227622 0.06366944 0.10965008
v -0.01227622 0.06366944 0.10965008
v 0.08013978 0.06111544 0.10933208
v 0.07819678 0.06058244 0.11057608
v 0.07819678 0.06058244 0.11057608
v 0.07819678 0.06058244 0.11057608
v -0.10657122 -0.06153656 -0.11324292
v 0.04350878 0.05746344 -0.11160092
v -0.12621922 -0.05647956 -0.11578792
v 0.12478878 -0.00948356 0.11207008
v -0.12749922 -0.02116556 0.10962208
v -0.12877922 -0.05932356 0.05368908
v -0.12877922 -0.05932356 0.05368908
v -0.00948322 0.06360444 0.10945908
v 0.12683678 -0.05513356 0.10207408
v -0.13005922 -0.03897456 0.11218208
v 0.13080478 -0.05252056 -0.09543592
v 0.00235678 0.06499844 0.11112908
v 0.11378078 0.06019844 0.11116408
v -0.12602722 -0.01523056 0.10931008
v -0.12602722 -0.01523056 0.10931008
v 0.12498078 0.05387844 -0.11276692
v 0.02341278 0.05721444 0.10760108
v -0.12993122 -0.05845956 0.10928208
v -0.05191522 0.05915844 0.10352008
v -0.00276322 0.06273644 0.10919908
v 0.11653278 -0.03744456 0.11550308
v -0.12135522 -0.05181956 -0.11603392
v 0.03794078 -0.05984056 -0.11276192
v -0.11540322 0.05681944 0.10499508
v -0.12909922 0.05735144 0.07344508
v -0.07207522 0.01054244 -0.11588092
v 0.03282078 0.06194744 0.10965308
v -0.12570722 -0.01063956 0.10944108
v -0.12570722 -0.01063956 0.10944108
v -0.12570722 -0.01063956 0.10944108
v -0.06017122 -0.00471356 -0.11573392
v 0.04600478 0.05570144 0.11186208
v -0.00378722 -0.00372656 -0.11464492
v -0.12500322 -0.05994856 -0.11541992
v 0.12536478 -0.03982756 0.11504708
v -0.05223522 0.06145344 0.10830508
v -0.11184222 0.05686444 0.10459408
v -0.05808222 0.03440344 -0.11526292
v 0.03369378 0.06248944 0.10313108
v -0.11965022 0.05300944 0.10984908
v 0.06722978 -0.00414056 -0.11376492
v 0.01615778 -0.05986156 0.06478908
v -0.07555422 0.05815744 0.10471008
v 0.10466978 0.03330544 -0.11331392
v -0.12598622 -0.01767756 0.10989608
v -0.04272222 -0.00349556 -0.11420392
v -0.11414622 0.04461544 -0.11614792
v -0.04336222 0.00623344 0.11499808
v -0.12918622 0.05716044 0.06308808
v 0.06940578 0.05859044 0.10635808
v 0.12905378 -0.06082756 -0.11005392
v 0.12905378 -0.06082756 -0.11005392
v -0.05763422 -0.00615956 -0.11584292
v 0.13046178 -0.05651856 -0.06583392
v 0.13116578 0.05270844 -0.09627992
v -0.07395422 0.05933944 0.10757308
v -0.12637022 -0.01668056 0.10946708
v 0.06569378 0.06040344 0.11022708
v 0.10831778 -0.03879156 -0.11190992
v -0.02008922 0.04310544 -0.11439392
v -0.11704922 0.05846844 0.10693808
v 0.12544678 -0.03703256 0.11253408
v 0.03501478 -0.01130956 0.11548408
v 0.02784678 0.06068044 0.10548408
v -0.13202522 0.01666344 0.09707808
v 0.07578278 0.00297444 -0.11300192
v 0.02208678 0.06348944 0.10724508
v -0.12338522 0.03968344 0.11131808
v -0.12927322 -0.00141456 0.10943108
v -0.12927322 -0.00141456 0.10943108
v -0.13055322 -0.02938856 0.11243208
v 0.04250278 0.06073044 0.10632208
v 0.08448678 0.01033244 -0.11292292
v -0.12588122 -0.01528456 0.10934508
v -0.12588122 -0.01528456 0.10934508
v 0.10547878 -0.05942756 -0.11169792
v 0.12711078 0.05681044 0.03750808
v -0.12716122 -0.05963856 -0.11197292
v -0.12716122 -0.05963856 -0.11197292
v 0.12058278 0.03265844 -0.11244892
v -0.11205722 0.05592644 0.10256908
v -0.12972122 0.05651944 0.10771908
v 0.12589478 -0.06074656 -0.10080592
v -0.12837722 0.00032244 0.10915208
v -0.12837722 0.00032244 0.10915208
v -0.12837722 0.00032244 0.10915208
v 0.03744678 -0.00387356 -0.11436492
v -0.13093722 -0.05788256 0.10784408
v -0.13093722 -0.05788256 0.10784408
v 0.09843878 0.06011144 0.11041308
v 0.03162278 0.06081444 0.10828608
v -0.13023322 -0.00201456 0.11365808
v -0.12756822 -0.05932256 -0.09664492
v -0.12756822 -0.05932256 -0.09664492
v 0.05988778 0.05886544 0.10736808
v 0.05604778 0.05774544 0.10757108
v 0.12945578 -0.05338356 -0.11089292
v 0.12945578 -0.05338356 -0.11089292
v 0.09604778 0.02479844 -0.11362992
v 0.06590378 0.05879544 0.10859808
v -0.13134422 -0.05516156 0.10772908
v -0.12872022 -0.01529256 0.10948408
v -0.12872022 -0.01529256 0.10948408
v -0.13064022 0.00540144 0.11275108
v 0.11447978 0.05822444 0.10865108
v 0.09092778 -0.03529956 0.11521608
v 0.06539178 0.06100844 0.11005408
v 0.00446378 0.06444944 0.10990408
v 0.08055978 0.05759844 0.10878308
v -0.12584022 -0.01277556 0.10958708
v -0.12584022 -0.01277556 0.10958708
v -0.13096022 0.05495944 0.10855508
v -0.12046422 0.05621744 0.10356508
v -0.12897622 -0.05868856 0.00367808
v 0.12337578 0.05802444 0.11330608
v 0.12337578 0.05802444 0.11330608
v 0.12535978 -0.05030756 0.11438808
v -0.08238422 0.05696044 0.10291608
v 0.12996778 -0.05894356 -0.10887592
v -0.12624722 -0.01893856 0.10980708
v 0.12738478 -0.05605956 0.06113808
v 0.06056878 0.05958844 0.10890708
v -0.11242322 0.05658644 0.10289108
v -0.11242322 0.05658644 0.10289108
v -0.12355922 -0.05985556 0.07089808
v -0.10448722 0.05860744 0.10469808
v 0.11637678 0.04532244 -0.11288192
v -0.09789522 0.05685144 0.10202108
v -0.09066322 0.05553344 -0.11554092
v -0.06704722 0.06098244 0.10030508
v 0.02735278 -0.06139556 -0.11063992
v 0.12636078 0.05826244 -0.05211992
v -0.12592722 -0.01397756 0.10983808
v 0.07330478 0.05700644 0.11160808
v -0.00138322 0.06280744 0.08313608
v 0.04975278 0.06224344 0.10247008
v 0.09116078 0.05848144 0.10668508
v -0.13034322 -0.01114056 0.11458308
v -0.13098322 0.03576844 0.11078108
v -0.13098322 0.03576844 0.11078108
v -0.09360722 0.05729344 0.10325108
v 0.08207278 0.05906144 0.10808408
v -0.09616722 0.05908644 0.10721008
v -0.12759122 0.00073644 0.10903408
v 0.07296178 0.05830244 0.10844308
v 0.02252978 -0.05819356 0.10819508
v 0.13004978 0.04985144 -0.02855192
v 0.13209778 0.04921244 -0.11164992
v -0.09331022 0.00005344 0.11532408
v -0.11948622 0.04808244 -0.11509992
v -0.12799822 -0.01885756 0.10919908
v -0.12799822 -0.01885756 0.10919908
v 0.01555378 0.02835544 -0.11362492
v -0.12927822 0.00951644 -0.07487192
v 0.11257778 -0.01872956 0.11635408
v -0.12793422 -0.02050756 -0.11400192
v -0.10758222 -0.05910056 0.10302108
v -0.01055822 0.05715244 -0.11281292
v 0.09561778 0.05769244 0.10661008
v -0.11865422 0.05474044 0.10835508
v -0.12844622 0.00127144 0.10907308
v -0.12646222 0.05414444 -0.11589792
v -0.12646222 0.05414444 -0.11589792
v 0.12659378 0.05688744 0.06386908
v -0.12633422 0.05632044 -0.08563992
v 0.06700978 -0.00293356 -0.11325092
v 0.06314678 0.05646844 -0.11292092
v 0.06513078 -0.02360256 0.11562508
v -0.05083722 0.03319344 0.11379308
v -0.02722122 0.05802744 0.10963708
v -0.12878922 -0.00736756 0.11015408
v 0.04554678 0.05666044 0.11118008
v 0.11044278 0.01923544 -0.11274092
v 0.12618678 0.05401344 -0.11149092
v -0.12674122 -0.01902456 0.10970008
v -0.12674122 -0.01902456 0.10970008
v -0.12866122 -0.00409556 0.10909308
v -0.12930122 -0.00311256 0.10927608
v -0.12930122 -0.00311256 0.10927608
v -0.12994122 -0.03714356 0.10941208
v -0.12994122 -0.03714356 0.10941208
v 0.12765878 -0.05734656 -0.11166992
v 0.05623478 0.05846244 0.10675008
v 0.05623478 0.05846244 0.10675008
v -0.09973322 -0.06084556 -0.11430892
v -0.12981322 -0.00848256 -0.03851792
v 0.09303478 -0.05939556 0.00542208
v 0.04983478 -0.00281456 -0.11316992
v 0.12785078 0.05684744 0.09011908
v -0.08251722 0.05683044 0.10256708
v -0.05230922 0.05475944 -0.11520092
v -0.13160522 0.00376144 0.10772508
v 0.07684278 0.06194344 0.11061408
v 0.07684278 0.06194344 0.11061408
v -0.00241222 -0.00462156 -0.11492692
v 0.02254778 0.05606744 0.11135208
v 0.12808378 -0.05869056 -0.03007192
v 0.12808378 -0.05869056 -0.03007192
v 0.09537978 0.05895944 0.10831408
v 0.05870778 -0.00405656 -0.11428392
v 0.05019578 0.05522844 -0.11342492
v -0.13066822 0.05238844 0.11020508
v -0.13066822 0.05238844 0.11020508
v -0.12996422 0.01330244 0.10938008
v -0.12996422 -0.00301856 0.11126008
v -0.05918022 0.05719444 0.10162208
v -0.05918022 0.05719444 0.10162208
v -0.12209222 0.05571544 0.10667308
v -0.12209222 0.05571544 0.10667308
v -0.12599622 -0.01033556 0.10980108
v -0.12599622 -0.01033556 0.10980108
v -0.02769222 0.06222544 0.10848508
v 0.12501178 -0.00441756 0.11355308
v -0.10039622 0.05360444 0.10987708
v -0.06238022 0.05844244 0.10361708
v 0.12507578 0.03119944 0.11444108
v 0.13102778 0.00466944 -0.10933992
v -0.00394822 0.06607744 0.11159508
v -0.00394822 0.06607744 0.11159508
v 0.12584378 -0.05793256 0.05628808
v 0.12584378 -0.05793256 0.05628808
v -0.12970822 -0.01391756 0.11104008
v -0.12772422 -0.01926556 0.10966708
v 0.01646778 -0.05995156 0.02030808
v 0.12526778 -0.02692356 0.11211508
v 0.04206778 0.05873344 0.10449708
v -0.13028422 0.05655244 0.07790308
v -0.12766022 -0.01768456 0.10970008
v 0.05653178 0.05847744 0.10878108
v 0.05653178 0.05847744 0.10878108
v 0.04539578 -0.00327756 -0.11328192
v -0.12691522 -0.01893056 0.10952408
v -0.12691522 -0.01893056 0.10952408
v -0.12691522 -0.01893056 0.10952408
v -0.08889922 -0.02130556 -0.11460592
v -0.01811522 0.03490544 0.11396508
v -0.09478722 -0.05790956 0.11032508
v -0.08953922 0.05643644 -0.11434092
v -0.12947522 -0.05299456 -0.01405192
v -0.05997122 0.05761244 0.10171308
v -0.11501122 -0.05955056 -0.11506092
v -0.12877122 -0.00044456 0.10930408
v -0.12089922 -0.06050956 -0.09912192
v -0.10189122 0.05774244 0.10424908
v 0.11244478 0.05779444 0.10737108
v -0.12806722 0.00857744 -0.11366092
v -0.05593922 0.05781444 -0.08753592
v 0.13215678 0.03806344 -0.09049192
v -0.12928322 -0.05889756 0.08331208
v -0.12928322 -0.05889756 0.08331208
v -0.12857922 -0.01913256 0.10949808
v -0.12921922 0.05556944 -0.00335692
v 0.02348478 0.05874944 0.10438808
v 0.02348478 0.05874944 0.10438808
v -0.12397122 0.05471444 -0.11627192
v -0.06099522 0.05544944 0.10930408
v 0.05830078 0.05792044 0.10680908
v 0.12652478 -0.05839256 0.02009908
v 0.12652478 -0.05839256 0.02009908
v 0.07609278 0.05791844 0.10723308
v 0.07609278 0.05791844 0.10723308
v -0.11001922 0.05579844 0.10252008
v -0.10739522 0.05973944 0.09941608
v -0.04185922 -0.06156656 -0.11177992
v 0.12985278 0.02139644 -0.11272192
v 0.12985278 0.02139644 -0.11272192
v -0.12243522 -0.06092956 -0.11412792
v -0.12960322 -0.02392056 0.10960708
v -0.12761922 -0.01991856 0.10930008
v -0.07123522 0.00005744 -0.11448092
v 0.05132478 -0.05754256 0.11153208
v -0.10914622 0.05648244 0.10247708
v -0.10914622 0.05648244 0.10247708
v -0.12879422 0.04687444 -0.08983292
v -0.12617022 -0.01849656 0.10939908
v -0.12617022 -0.01849656 0.10939908
v -0.08815422 0.05722144 0.10271208
v -0.11042622 -0.00579456 0.11512508
v -0.09141822 -0.02337956 -0.11577292
v -0.12156222 0.05802844 0.10715108
v 0.07504578 -0.05990356 -0.11213892
v -0.07106622 0.00964844 0.11538308
v -0.12610622 0.05789244 0.10739908
v 0.07248578 -0.00226456 -0.11282292
v -0.11887422 0.05667044 -0.09914492
v -0.09788222 -0.02990656 -0.11474592
v -0.02972222 0.06119744 0.10795308
v -0.13129022 -0.01412356 0.06339008
v -0.03689022 0.06157844 0.10856608
v -0.12988222 0.05722044 0.10718908
v -0.09186622 0.05664944 0.10189208
v 0.06083778 0.05815744 0.10667808
v -0.12527422 -0.05854556 0.10913708
v -0.02761022 0.05788044 0.10276708
v -0.02761022 0.05788044 0.10276708
v 0.07926978 0.05867944 0.10661508
v -0.11983422 0.05627844 0.10454808
v -0.11983422 0.05627844 0.10454808
v -0.07657022 0.05564944 0.10658608
v 0.13053378 -0.05774256 -0.09627892
v -0.12898622 -0.05886456 0.02135408
v 0.02378178 0.05568044 0.11159408
v -0.12956222 -0.01016656 0.11158808
v -0.06859322 0.05922844 0.10448408
v -0.12753722 -0.02110556 0.10962008
v -0.12881722 0.00000744 0.10920608
v -0.12881722 0.00000744 0.10920608
v 0.12481478 -0.05600456 -0.11109192
v -0.13009722 -0.05787356 0.10996008
v -0.13009722 -0.05787356 0.10996008
v -0.12548922 0.05510144 0.10797108
v 0.12551878 -0.04518656 0.11454808
v -0.08414522 0.05884944 0.10450708
v -0.12932922 -0.01571856 0.10911408
v -0.12932922 -0.01571856 0.10911408
v -0.04740922 -0.06028156 -0.11382792
v 0.07713478 -0.00729756 -0.11279092
v -0.12600122 -0.00800056 0.10933108
v -0.12465722 0.05851344 0.10711108
v -0.12721722 -0.05777456 -0.11529092
v -0.12721722 -0.05777456 -0.11529092
v -0.09246522 -0.05921456 -0.11489592
v 0.09371078 0.06010344 0.11008608
v -0.08254522 0.05872344 0.10493508
v 0.13044678 0.05319144 -0.07848192
v 0.12455878 0.05873044 0.01623308
v 0.12852678 -0.06108356 -0.11056592
v 0.12852678 -0.06108356 -0.11056592
v -0.02545722 0.06328844 0.10035908
v -0.11851322 0.05562244 0.10273508
v -0.06936122 -0.00254256 -0.11410192
v 0.09319878 0.06121344 0.11055008
v 0.02510278 -0.00482356 -0.11475292
v 0.11096778 0.06034044 0.04554508
v 0.13195978 0.04545944 -0.09960492
v -0.13146422 -0.01238256 0.10801308
v 0.11691978 0.06007044 0.11135808
v 0.03109578 0.06073244 0.10578808
v -0.07565622 0.00426944 -0.11473192
v -0.10580022 0.05687944 -0.08678092
v -0.05197622 -0.00428756 -0.11562792
v -0.12864822 -0.05886456 -0.02947792
v -0.12864822 -0.05886456 -0.02947792
v 0.09483978 0.05814644 0.10626808
v 0.02277578 0.06176844 0.10930608
v -0.12007222 0.05598044 0.10436208
v -0.12007222 0.05598044 0.10436208
v 0.05624778 0.05991144 0.10974208
v -0.12788022 -0.00120456 0.10948008
v -0.12788022 -0.00120456 0.10948008
v -0.12788022 -0.00120456 0.10948008
v 0.12773578 0.05714844 0.08365908
v -0.11668022 -0.04942856 -0.11491692
v -0.12781622 0.00113544 0.10901408
v 0.05503178 0.05878144 0.10587408
v 0.05503178 0.05878144 0.10587408
v -0.12909622 -0.01188356 0.11055608
v 0.02821578 -0.05965956 -0.04817492
v -0.12839222 -0.01281356 0.10967008
v -0.12839222 -0.01281356 0.10967008
v 0.02693578 0.05844044 0.10370508
v 0.02693578 0.05844044 0.10370508
v 0.11019978 0.06126044 0.10483108
v -0.10868022 0.05583444 0.10272208
v -0.00775222 0.06337944 0.10886908
v 0.10955978 0.03824344 -0.11302292
v 0.12991178 0.05425944 -0.09718092
v -0.13020722 0.01610944 0.10884108
v -0.13020722 0.01610944 0.10884108
v -0.12950322 -0.01379256 0.10920408
v -0.12950322 -0.01379256 0.10920408
v -0.12751922 -0.05342456 -0.11504792
v -0.12751922 -0.05342456 -0.11504792
v -0.12879922 -0.00481456 0.10911808
v -0.12879922 -0.00481456 0.10911808
v 0.00368078 0.06564644 0.11037608
v 0.00368078 0.06564644 0.11037608
v 0.10198478 0.05823044 0.10620408
v 0.07516878 0.06198844 0.11073008
v 0.07516878 0.06198844 0.11073008
v 0.12694478 -0.05503956 0.09325308
v -0.02639922 0.06279744 0.10442908
v -0.05193522 0.05779644 0.10101308
v 0.01884878 0.05837244 0.11183508
v -0.13052722 0.03293944 0.11006008
v -0.13052722 0.03293944 0.11006008
v 0.02217678 0.06319044 0.10954408
v 0.09366478 0.05988444 0.10867108
v 0.09366478 0.05988444 0.10867108
v -0.04591922 -0.06151256 -0.11239792
v 0.11536078 0.06024944 -0.02871392
v -0.00521522 0.06373344 0.10842508
v -0.10153522 0.05718244 0.10281508
v 0.01577678 0.05549344 -0.11392392
v 0.07875278 0.05884044 0.10861208
v -0.08835122 0.05609844 0.10202008
v -0.08835122 0.05609844 0.10202008
v 0.00867278 0.06462344 0.10798408
v 0.02377678 0.06061744 0.10917108
v -0.03775022 0.06054144 0.00254508
v -0.01080622 0.01005044 0.11479708
v 0.01869778 0.00332744 0.11498008
v -0.01995822 -0.05732556 0.11132308
v 0.12685778 0.05579244 0.11102208
v 0.03316178 0.05860844 0.10385508
v 0.03316178 0.05860844 0.10385508
v -0.13067822 0.04228744 0.11080708
v -0.06514222 -0.05801056 0.11036308
v 0.08493778 -0.05936756 -0.03177992
v 0.05876178 0.05869344 0.10681708
v -0.12735022 -0.01989956 0.10968208
v -0.13061422 0.04869244 0.10840508
v -0.10111022 0.05555644 0.10605208
v -0.12991022 0.05609944 0.03588708
v 0.12967378 -0.04016656 -0.11094492
v 0.12711378 -0.01721056 0.11122208
v 0.12711378 -0.01721056 0.11122208
v -0.12907822 -0.03703756 -0.07937792
v -0.12971822 -0.05837756 0.06182808
v -0.12639022 -0.02048756 0.10984008
v 0.02042578 0.05903044 0.11064008
v -0.12703022 -0.05986856 -0.11465392
v -0.12703022 -0.05986856 -0.11465392
v -0.11583022 0.05812144 0.10519208
v 0.02449878 0.05966644 0.10564708
v 0.02449878 0.05966644 0.10564708
v -0.07438122 -0.00518156 -0.11506492
v -0.02849322 0.05751244 0.10150908
v -0.13006122 -0.01934556 0.11138208
v -0.12410922 -0.05936356 0.09359908
v -0.11092522 0.05836944 0.10531308
v 0.12043478 0.04792644 -0.11185292
v 0.13093078 0.00664744 -0.03760992
v -0.12596522 -0.01942356 0.10952608
v 0.12113878 0.05933444 0.11115308
v 0.05169878 0.05902944 0.10553808
v -0.05249322 -0.05990256 0.07957908
v -0.12391722 -0.05485156 -0.11574792
v -0.12980522 0.05405344 -0.00402592
v 0.10091478 0.05903744 0.10833008
v 0.02622678 0.05977844 0.10548308
v 0.12913878 -0.05781856 -0.02956492
v -0.00775722 0.05644644 -0.11384892
v -0.12833322 -0.01637256 0.10934008
v -0.12833322 -0.01637256 0.10934008
v -0.12833322 -0.01637256 0.10934008
v -0.00769322 0.06266344 0.10970308
v 0.12862678 -0.06009556 -0.08885992
v 0.12862678 -0.06009556 -0.08885992
v -0.12564522 0.05541544 0.10994508
v 0.12798678 0.05626244 0.07019308
v 0.07819478 0.05692144 0.11174108
v 0.07951578 0.06224144 0.11119408
v 0.07951578 0.06224144 0.11119408
v -0.11510822 -0.06135956 -0.11354192
v -0.03837222 0.06063544 0.10375908
v -0.02653222 0.06269844 0.10666208
v -0.02973222 0.05534744 0.10984308
v -0.06640422 0.05957944 0.10469908
v 0.10793178 0.05898844 0.10893708
v -0.03165222 -0.06046256 0.02111608
v -0.12797222 -0.05961156 -0.01499692
v 0.11452378 0.05773444 0.10889608
v 0.11452378 0.05773444 0.10889608
v -0.12861222 -0.01735956 0.10950508
v -0.12861222 -0.01735956 0.10950508
v -0.12989222 -0.05450856 0.11072508
v -0.11152422 0.05582744 0.10277208
v -0.00534822 -0.00368956 -0.11335392
v 0.07593178 0.05712244 0.11059808
v 0.00713178 0.06164344 -0.00532592
v 0.04514778 0.05816144 0.10513108
v 0.04514778 0.05816144 0.10513108
v -0.02493222 0.06404744 0.10838308
v -0.03933222 0.05747144 0.10058808
v -0.03933222 0.05747144 0.10058808
v -0.12906022 -0.00556256 0.10990208
v -0.12906022 -0.00556256 0.10990208
v 0.06101978 0.05676344 0.11136708
v -0.12835622 0.05351444 -0.08764592
v -0.01955622 0.06407744 0.10802208
v -0.04374822 0.05780644 0.10041308
v -0.03190822 0.05751844 0.10069108
v -0.12101922 -0.05315156 -0.11498292
v -0.08300322 0.05609744 0.10330108
v -0.08300322 0.05609744 0.10330108
v -0.00434722 0.06605044 0.11130308
v -0.00434722 0.06605044 0.11130308
v -0.07903522 0.05788444 0.10476408
v 0.12806878 0.05622744 0.04121308
v -0.12684322 -0.00429356 0.10914408
v -0.13010722 0.05551244 0.10847608
v -0.13010722 0.05551244 0.10847608
v -0.12812322 -0.01650256 0.10969208
v -0.12812322 -0.01650256 0.10969208
v -0.12287522 -0.01056656 0.11487008
v 0.12486878 0.05702544 0.11340308
v 0.12486878 0.05702544 0.11340308
v 0.11373278 0.05799444 0.10752908
v -0.13004322 0.00013744 0.11158508
v 0.07904478 0.06122744 0.11043608
v 0.07904478 0.06122744 0.11043608
v 0.07904478 0.06122744 0.11043608
v 0.13082078 -0.03083756 -0.06357092
v -0.05721122 0.01806044 0.11511908
v -0.12863522 -0.01213756 0.10906308
v 0.05094878 0.05970544 0.10662108
v -0.12857122 -0.01398256 0.10952708
v -0.12857122 -0.01398256 0.10952708
v -0.12857122 -0.01398256 0.10952708
v -0.12857122 0.04154144 -0.10744292
v 0.12506078 -0.04424956 0.11484508
v -0.00338722 0.06506644 0.11173908
v -0.12921122 -0.00640356 0.10905708
v 0.00320478 0.06283044 0.10983908
v 0.03014878 0.05869244 0.10378008
v 0.03014878 0.05869244 0.10378008
v 0.05440478 0.02661544 0.11472108
v -0.06879522 0.05678044 0.10205608
v -0.12773922 0.05657744 -0.02019092
v -0.12249122 0.05836244 0.10749508
v -0.02546722 0.06278244 0.09438908
v 0.08006878 -0.05971656 0.05052008
v -0.13029922 0.00625544 0.10855108
v -0.12037922 0.05588344 0.10370308
v -0.12037922 0.05588344 0.10370308
v -0.12757022 -0.02038056 0.10982108
v 0.07364578 0.05856144 -0.09732792
v -0.12622622 -0.00643456 0.10972908
v 0.09796578 -0.02730156 -0.11356292
v 0.01214178 0.06122044 -0.04671292
v -0.07041822 0.05653244 0.10233408
v -0.07041822 0.05653244 0.10233408
v -0.12808222 -0.02014256 0.10957208
v 0.10199778 0.06008144 -0.06484492
v 0.00113378 0.06594244 0.11146208
v 0.10993378 0.05947744 0.10908408
v 0.10993378 0.05947744 0.10908408
v -0.12859422 -0.05857956 -0.07508692
v -0.12859422 0.05680844 0.02750908
v 0.12503778 0.03973844 0.11133808
v 0.12503778 0.03973844 0.11133808
v -0.12789022 0.04446444 -0.11469292
v 0.13098978 0.02735244 -0.02876992
v -0.10952222 0.05751244 0.04314208
v 0.08119778 0.05860644 0.10711508
v 0.12708578 0.05759844 -0.04018192
v 0.06289378 -0.01280556 -0.11409692
v -0.12846622 -0.00705556 0.10999708
v -0.12846622 -0.00705556 0.10999708
v -0.12846622 -0.00705556 0.10999708
v 0.09374178 -0.01750856 -0.11396792
v -0.02747422 0.05761944 0.10325408
v -0.02747422 0.05761944 0.10325408
v 0.07281378 -0.05989956 0.02830208
v -0.13096222 0.05584644 0.09121908
v 0.10826978 0.05817744 0.10662008
v 0.12862178 0.04944144 0.09412908
v -0.12891422 0.00216344 0.10914708
v -0.12891422 0.00216344 0.10914708
v 0.07695078 0.06130544 0.11021108
v 0.07695078 0.06130544 0.11021108
v -0.07236122 0.05682844 0.10205108
v 0.07970278 0.06187744 0.11085608
v 0.07970278 0.06187744 0.11085608
v -0.10116122 0.05390944 -0.11615992
v 0.06402278 0.05842144 0.10629408
v -0.04016922 0.05597044 -0.11454292
v 0.12501478 0.03485644 0.11154108
v 0.10472678 -0.03327356 -0.11359892
v 0.11784678 0.05766044 0.11317608
v -0.13047322 -0.05534856 0.10955108
v -0.13047322 -0.05534856 0.10955108
v 0.07925478 0.06137444 0.11048208
v 0.07925478 0.06137444 0.11048208
v 0.07925478 0.06137444 0.11048208
v 0.10351078 0.05771744 0.10668908
v -0.12778522 -0.01942656 0.10942008
v -0.12778522 -0.01942656 0.10942008
v 0.12789478 -0.05688856 0.02204708
v -0.09488922 0.05835144 0.10438108
v 0.00866278 -0.06013556 -0.11308692
v -0.12567322 -0.05808156 -0.11545092
v 0.11355878 0.05918544 0.10985908
v -0.12695322 -0.00405856 0.10956308
vt 0.15722900 0.14345300
vt 0.53262400 0.93476500
vt 0.31475700 0.03750900
vt 0.28595100 0.00982200
vt 0.16296100 0.86815600
vt 0.06457000 0.01789100
vt 0.76291500 0.01364700
vt 0.69342700 0.03240400
vt 0.52775600 0.80418300
vt 0.25787800 0.01357900
vt 0.84554100 0.00938500
vt 0.08918200 0.01745800
vt 0.09040300 0.01699600
vt 0.34846200 0.29012900
vt 0.21303400 0.01290000
vt 0.23959300 0.97967900
vt 0.23977900 0.01409300
vt 0.09183100 0.01638600
vt 0.09205900 0.01216200
vt 0.18544200 0.32360500
vt 0.45019100 0.02280500
vt 0.43486000 0.01988100
vt 0.18604900 0.49820500
vt 0.22939000 0.02353100
vt 0.29743900 0.00952000
vt 0.30701700 0.41990000
vt 0.16487000 0.88407800
vt 0.18080500 0.59337600
vt 0.16578600 0.87157200
vt 0.22862400 0.52713900
vt 0.40824700 0.25391000
vt 0.52768400 0.30287900
vt 0.52382400 0.64881600
vt 0.31473600 0.05393800
vt 0.39594800 0.72874600
vt 0.35116800 0.97692500
vt 0.30175700 0.13122600
vt 0.48551200 0.38171400
vt 0.45532600 0.97695500
vt 0.45635700 0.01736200
vt 0.26268200 0.52206700
vt 0.51024300 0.35685400
vt 0.45096300 0.02135900
vt 0.23754500 0.86045300
vt 0.31593400 0.33709100
vt 0.43007300 0.02252500
vt 0.52704900 0.34192600
vt 0.53133500 0.03291600
vt 0.23883500 0.01246600
vt 0.28996200 0.00944700
vt 0.29000500 0.98458100
vt 0.30134600 0.97071200
vt 0.16629000 0.92947200
vt 0.12618400 0.02050100
vt 0.01038100 0.23270800
vt 0.17041800 0.60068100
vt 0.46402500 0.97970000
vt 0.16414200 0.87719400
vt 0.86391900 0.01120100
vt 0.53145700 0.04897600
vt 0.23901900 0.98037500
vt 0.23916300 0.01209600
vt 0.71225300 0.04118900
vt 0.47059200 0.43894500
vt 0.28461300 0.86520400
vt 0.28059800 0.01662300
vt 0.45968600 0.97971900
vt 0.45974800 0.98110000
vt 0.53347800 0.04839400
vt 0.38537700 0.02863400
vt 0.07955700 0.02400000
vt 0.31376200 0.97300600
vt 0.71206300 0.01094200
vt 0.43809600 0.81385500
vt 0.44458300 0.01835200
vt 0.17012000 0.88422400
vt 0.53329500 0.14349200
vt 0.26530700 0.01594900
vt 0.18493600 0.98047000
vt 0.53425100 0.24135000
vt 0.23590900 0.39693500
vt 0.39799600 0.33560200
vt 0.53357700 0.33638000
vt 0.42972600 0.98019300
vt 0.51359900 0.98173900
vt 0.22538300 0.02271200
vt 0.31673400 0.97717600
vt 0.31675100 0.01702000
vt 0.52810200 0.90271900
vt 0.20696800 0.01721300
vt 0.15913000 0.87486200
vt 0.07159100 0.01392100
vt 0.30221600 0.51029500
vt 0.01524400 0.28764800
vt 0.01703600 0.09637100
vt 0.46235100 0.02489500
vt 0.19094600 0.81083600
vt 0.35145400 0.02037000
vt 0.08856600 0.01890400
vt 0.93718200 0.00932500
vt 0.78572300 0.00886500
vt 0.09362500 0.01441200
vt 0.18020400 0.01932000
vt 0.37357400 0.97711900
vt 0.38382700 0.02513400
vt 0.31384300 0.82333400
vt 0.52891000 0.33355600
vt 0.18264700 0.02065600
vt 0.65469800 0.30455900
vt 0.53303200 0.08947400
vt 0.18587100 0.97773600
vt 0.18609700 0.01651300
vt 0.46100800 0.98109600
vt 0.21599600 0.01674600
vt 0.51407800 0.97185900
vt 0.29096400 0.01584300
vt 0.21928700 0.32073100
vt 0.22990900 0.03618200
vt 0.52589000 0.17515900
vt 0.46188400 0.97694900
vt 0.76438700 0.01213300
vt 0.44057400 0.98234600
vt 0.44207500 0.01846900
vt 0.16823500 0.92159900
vt 0.37178600 0.81236400
vt 0.31779700 0.02234600
vt 0.52038500 0.76999200
vt 0.49140000 0.98011900
vt 0.76420500 0.01388600
vt 0.23853000 0.01665700
vt 0.07147100 0.01552800
vt 0.09334200 0.01440400
vt 0.52263700 0.03303300
vt 0.86369800 0.01005000
vt 0.07314200 0.01840200
vt 0.27152100 0.41757000
vt 0.64617800 0.33567400
vt 0.18516300 0.98101200
vt 0.41437500 0.02230600
vt 0.16865600 0.88048100
vt 0.51695400 0.02324700
vt 0.13041700 0.33302100
vt 0.08319100 0.01798800
vt 0.74094100 0.01014300
vt 0.51400200 0.88926000
vt 0.16434600 0.87843100
vt 0.17610500 0.81315500
vt 0.53336300 0.90652200
vt 0.69398800 0.32543300
vt 0.52802400 0.51095000
vt 0.53410300 0.92143200
vt 0.30340900 0.02321300
vt 0.08736000 0.01771400
vt 0.44700200 0.41565500
vt 0.30865600 0.01513600
vt 0.43760600 0.95904700
vt 0.52016300 0.11733500
vt 0.46076200 0.02142800
vt 0.53385300 0.25151700
vt 0.45567400 0.42066900
vt 0.47268400 0.02343100
vt 0.40553100 0.98240700
vt 0.40642900 0.01175600
vt 0.52887400 0.12251500
vt 0.52814200 0.92449300
vt 0.16564900 0.88798600
vt 0.51628900 0.48185500
vt 0.74040000 0.01319200
vt 0.35663200 0.71640700
vt 0.52921300 0.81992700
vt 0.09102100 0.01708100
vt 0.09127200 0.01216200
vt 0.73719700 0.01243300
vt 0.73780300 0.00915300
vt 0.51434200 0.81353800
vt 0.28992500 0.01051100
vt 0.51461300 0.97421300
vt 0.38305800 0.97693800
vt 0.18140600 0.97425600
vt 0.08777200 0.01373700
vt 0.78580500 0.01064100
vt 0.30923700 0.50087300
vt 0.16628400 0.85345200
vt 0.59584800 0.02502400
vt 0.53744900 0.90975300
vt 0.28549600 0.00947000
vt 0.28552700 0.98436100
vt 0.74266200 0.01214400
vt 0.46586700 0.02170200
vt 0.37633700 0.02247600
vt 0.50223100 0.98003200
vt 0.16068600 0.87849900
vt 0.91967400 0.00894300
vt 0.21835200 0.01839200
vt 0.26701900 0.33274400
vt 0.18682100 0.85130100
vt 0.37317300 0.33397000
vt 0.52702900 0.91955300
vt 0.19022100 0.47775600
vt 0.23932500 0.01375400
vt 0.71200200 0.04066000
vt 0.23932000 0.01297300
vt 0.17264000 0.05151500
vt 0.34272000 0.02593000
vt 0.08792300 0.01682700
vt 0.84428200 0.00875400
vt 0.27627800 0.01483500
vt 0.18610300 0.02056400
vt 0.48386800 0.02283200
vt 0.23502700 0.01332800
vt 0.38233200 0.49987200
vt 0.39658000 0.02146500
vt 0.76356400 0.01420500
vt 0.40578600 0.01647800
vt 0.47231000 0.98117000
vt 0.16350700 0.87645100
vt 0.86395300 0.01035000
vt 0.07353500 0.01861300
vt 0.55793100 0.03809900
vt 0.41580700 0.02161500
vt 0.21175300 0.01346300
vt 0.25602000 0.82071900
vt 0.18573800 0.98023800
vt 0.46801800 0.98465300
vt 0.09383900 0.01534900
vt 0.27961000 0.97640200
vt 0.18739400 0.98375000
vt 0.18737700 0.01837600
vt 0.53431300 0.22700600
vt 0.17156500 0.29672600
vt 0.34638900 0.98784500
vt 0.02055600 0.33282200
vt 0.43414000 0.97572500
vt 0.52733400 0.85078500
vt 0.46369700 0.02339800
vt 0.80612400 0.00960300
vt 0.74023300 0.01381200
vt 0.52368100 0.34023200
vt 0.12664500 0.02360500
vt 0.06401300 0.01403800
vt 0.76174700 0.00969500
vt 0.95612800 0.00879700
vt 0.78342300 0.01040900
vt 0.30395400 0.42073900
vt 0.24177900 0.98049400
vt 0.48446000 0.29810000
vt 0.52905600 0.17927600
vt 0.23807200 0.43060200
vt 0.24908100 0.48125700
vt 0.45052000 0.41986800
vt 0.17230500 0.03763500
vt 0.25103300 0.94380300
vt 0.18837000 0.33506200
vt 0.53221800 0.33174000
vt 0.76104200 0.01070700
vt 0.76291400 0.00972100
vt 0.04423400 0.17183500
vt 0.43683700 0.97962400
vt 0.43958900 0.98000200
vt 0.36028500 0.98560100
vt 0.36073700 0.02159800
vt 0.17951800 0.08929400
vt 0.52721100 0.93412500
vt 0.17036600 0.89049800
vt 0.46449100 0.98042900
vt 0.23482000 0.01261300
vt 0.48268600 0.97951900
vt 0.53043300 0.02397400
vt 0.52284700 0.49881900
vt 0.38772300 0.02180900
vt 0.38363800 0.98057900
vt 0.52702700 0.33286000
vt 0.38503200 0.97603800
vt 0.37179700 0.83232300
vt 0.24442000 0.01417900
vt 0.53160800 0.02583300
vt 0.18667500 0.24733400
vt 0.08567200 0.01487500
vt 0.78270500 0.00987500
vt 0.78299000 0.00922900
vt 0.43314000 0.01862500
vt 0.51901600 0.97539100
vt 0.52036500 0.02176600
vt 0.24883500 0.01138600
vt 0.24906300 0.98126100
vt 0.17119100 0.86352000
vt 0.22828500 0.01807800
vt 0.57625200 0.33554600
vt 0.76398600 0.01259900
vt 0.26533200 0.55418000
vt 0.01636900 0.05964700
vt 0.49011000 0.81328400
vt 0.44976400 0.01876100
vt 0.16779600 0.10895100
vt 0.68248900 0.28673000
vt 0.45824200 0.02336400
vt 0.08659700 0.01274000
vt 0.02759800 0.02587600
vt 0.06424200 0.01541100
vt 0.06476500 0.01338700
vt 0.26700400 0.50148000
vt 0.33119100 0.41980400
vt 0.39425100 0.98248400
vt 0.09194900 0.01599500
vt 0.21958000 0.01399500
vt 0.53127100 0.81557900
vt 0.68920100 0.02620700
vt 0.23971100 0.01246800
vt 0.23976800 0.01359100
vt 0.71244600 0.04049800
vt 0.40164600 0.09284200
vt 0.21207400 0.37849900
vt 0.19176200 0.02299500
vt 0.68993900 0.12308800
vt 0.07876300 0.01494300
vt 0.51199700 0.01874900
vt 0.51123600 0.98259200
vt 0.07014800 0.01753700
vt 0.44952400 0.01988400
vt 0.22110600 0.44969100
vt 0.50906900 0.02263500
vt 0.27872100 0.97021800
vt 0.16740600 0.90909500
vt 0.68936200 0.08325200
vt 0.38482900 0.98023800
vt 0.38802900 0.01935800
vt 0.67629500 0.02587900
vt 0.53290300 0.82879000
vt 0.17025700 0.87509600
vt 0.06464000 0.01458000
vt 0.31370100 0.01025400
vt 0.31369700 0.98505300
vt 0.71199800 0.02298900
vt 0.53262600 0.86387400
vt 0.17213700 0.33414800
vt 0.52957400 0.37549100
vt 0.69374100 0.06173400
vt 0.52753500 0.77482300
vt 0.27178500 0.01495900
vt 0.37617600 0.98360200
vt 0.37695600 0.02105000
vt 0.53286000 0.89082200
vt 0.06357200 0.01631300
vt 0.71910000 0.01607200
vt 0.31305300 0.02001300
vt 0.23697500 0.01270700
vt 0.50050700 0.98340800
vt 0.15921800 0.87198100
vt 0.06861800 0.01398100
vt 0.24924300 0.80603100
vt 0.39543100 0.97221700
vt 0.07856600 0.01418300
vt 0.07865900 0.01391100
vt 0.16074500 0.88187200
vt 0.17062400 0.82570600
vt 0.46760700 0.77785100
vt 0.52302600 0.97549600
vt 0.52475600 0.02161600
vt 0.52831000 0.81304700
vt 0.37296800 0.02359800
vt 0.56917800 0.33511400
vt 0.45440200 0.02113500
vt 0.52709300 0.86772500
vt 0.01086300 0.13055200
vt 0.26330100 0.01566300
vt 0.09126000 0.01425000
vt 0.40192200 0.84639600
vt 0.53402300 0.03188700
vt 0.43906600 0.33294700
vt 0.19571300 0.96967200
vt 0.18697300 0.33315300
vt 0.08435400 0.02025400
vt 0.39106100 0.01647600
vt 0.27423900 0.98358800
vt 0.27431300 0.01034600
vt 0.14409000 0.33235600
vt 0.53260600 0.84637800
vt 0.34543400 0.20696200
vt 0.38984200 0.01274200
vt 0.39016300 0.98368600
vt 0.16335800 0.87183200
vt 0.06846000 0.01813500
vt 0.15974300 0.87835200
vt 0.07495200 0.01432400
vt 0.26848500 0.10277200
vt 0.22358000 0.01786000
vt 0.44863900 0.01673600
vt 0.32616400 0.02259900
vt 0.20269000 0.01665000
vt 0.38901800 0.02300800
vt 0.52772300 0.91494500
vt 0.42795300 0.02136800
vt 0.18678900 0.97777000
vt 0.48360600 0.38060300
vt 0.08433300 0.01510000
vt 0.34282700 0.98756300
vt 0.01192900 0.33351500
vt 0.31844500 0.80427600
vt 0.17338000 0.33296600
vt 0.26258200 0.46009600
vt 0.40128900 0.98154400
vt 0.52877300 0.91834600
vt 0.54300600 0.02596400
vt 0.13890600 0.25836300
vt 0.61969000 0.27937500
vt 0.18445700 0.98087600
vt 0.18558700 0.98029900
vt 0.01526400 0.23963800
vt 0.52635100 0.33674300
vt 0.16302600 0.87366300
vt 0.35173800 0.97967100
vt 0.28575700 0.49937800
vt 0.21355000 0.30825100
vt 0.08655000 0.01440300
vt 0.08677700 0.01883500
vt 0.78393300 0.00879600
vt 0.84313600 0.01076200
vt 0.20017600 0.01886900
vt 0.17932600 0.39813400
vt 0.50669400 0.82221100
vt 0.51188600 0.97152500
vt 0.46435800 0.98880500
vt 0.46529700 0.02341100
vt 0.15953300 0.87657900
vt 0.07329700 0.01462200
vt 0.52825600 0.95043000
vt 0.55178000 0.33436000
vt 0.36016500 0.42137200
vt 0.42158900 0.97620600
vt 0.43156900 0.01936900
vt 0.46089200 0.98375900
vt 0.46176600 0.01793400
vt 0.21944800 0.01188800
vt 0.21953600 0.98118400
vt 0.20413000 0.98073800
vt 0.50856300 0.02362000
vt 0.44456100 0.97060900
vt 0.35072000 0.33534300
vt 0.01118900 0.26672600
vt 0.16966600 0.56658900
vt 0.18497100 0.97254300
vt 0.48511600 0.80373800
vt 0.17230700 0.02086500
vt 0.52888700 0.03352000
vt 0.08560200 0.01524700
vt 0.52623200 0.58118300
vt 0.01203400 0.31602600
vt 0.35979800 0.13688000
vt 0.21917900 0.01690400
vt 0.31335900 0.41817200
vt 0.76396700 0.01144200
vt 0.37554000 0.41992500
vt 0.16786300 0.33187500
vt 0.15360400 0.02413500
vt 0.46230100 0.98844700
vt 0.80602600 0.00949700
vt 0.74006200 0.01383400
vt 0.74076600 0.00887800
vt 0.34377700 0.59172900
vt 0.17094000 0.80710800
vt 0.03070500 0.33330500
vt 0.46645900 0.81319400
vt 0.34483100 0.99010100
vt 0.34635100 0.01951200
vt 0.28712700 0.01438300
vt 0.44691200 0.56200900
vt 0.44440300 0.97987100
vt 0.06440000 0.01740500
vt 0.76249000 0.01333900
vt 0.76474600 0.01209200
vt 0.55430800 0.33680000
vt 0.53265500 0.35951100
vt 0.01059200 0.04934800
vt 0.50710500 0.15002000
vt 0.31243100 0.96782400
vt 0.08702000 0.01795200
vt 0.38479700 0.33272500
vt 0.56848600 0.32459600
vt 0.42043600 0.01352000
vt 0.49825100 0.91780000
vt 0.22941000 0.02221300
vt 0.09406400 0.01527200
vt 0.01141400 0.03725600
vt 0.21278900 0.58586100
vt 0.43274000 0.12040600
vt 0.26426000 0.01707300
vt 0.52780400 0.81813900
vt 0.38277800 0.02263800
vt 0.00985800 0.10229100
vt 0.02343100 0.23499800
vt 0.26349000 0.73527300
vt 0.51521000 0.91750800
vt 0.53371300 0.13066300
vt 0.00955600 0.16617000
vt 0.17109500 0.66728300
vt 0.46364100 0.98904000
vt 0.46471600 0.02386800
vt 0.46256500 0.98875000
vt 0.46389700 0.02318700
vt 0.74045000 0.01361800
vt 0.74105400 0.00915000
vt 0.28852600 0.02159600
vt 0.18585100 0.97042800
vt 0.38892100 0.41573200
vt 0.16321500 0.86939700
vt 0.06617200 0.01803900
vt 0.24270300 0.98121700
vt 0.24277300 0.01370700
vt 0.73839800 0.00958000
vt 0.65928400 0.31880200
vt 0.17742300 0.33408100
vt 0.08925800 0.01696600
vt 0.21031900 0.02310100
vt 0.35015100 0.99076500
vt 0.46357500 0.39777300
vt 0.47551900 0.38667400
vt 0.46524200 0.98759800
vt 0.16070900 0.87154200
vt 0.74028700 0.01145800
vt 0.44424300 0.19114300
vt 0.23330500 0.42792400
vt 0.25354500 0.02269400
vt 0.08735800 0.01712100
vt 0.08758000 0.01291100
vt 0.01015600 0.11621900
vt 0.17367500 0.87719500
vt 0.56298800 0.14618100
vt 0.28705000 0.01002200
vt 0.43423900 0.98111300
vt 0.69322800 0.26781900
vt 0.52859900 0.56857400
vt 0.74272200 0.01065300
vt 0.40051600 0.20312200
vt 0.28364900 0.01012100
vt 0.26276300 0.01203000
vt 0.31145000 0.81168700
vt 0.06904800 0.01778000
vt 0.19607900 0.47187000
vt 0.51688500 0.49990200
vt 0.51557900 0.02152000
vt 0.28743600 0.01042500
vt 0.21717500 0.92920200
vt 0.18640300 0.97611600
vt 0.16338700 0.86853700
vt 0.06537700 0.01776600
vt 0.76325900 0.01408100
vt 0.42019500 0.49987800
vt 0.16021100 0.87656500
vt 0.45414900 0.01773000
vt 0.53441000 0.33527600
vt 0.08169900 0.01149700
vt 0.35648200 0.41975100
vt 0.19787900 0.38798800
vt 0.46541600 0.98622900
vt 0.35228900 0.96972900
vt 0.47478800 0.98732100
vt 0.47553600 0.02178000
vt 0.52827400 0.19069200
vt 0.24269300 0.81332200
vt 0.09260400 0.01285100
vt 0.09256200 0.01586500
vt 0.07470100 0.01896600
vt 0.07795300 0.01906700
vt 0.49878700 0.81338500
vt 0.26830800 0.01610400
vt 0.22264000 0.01677700
vt 0.25563800 0.01561800
vt 0.06605200 0.01493500
vt 0.51451700 0.30010100
vt 0.22874800 0.26393600
vt 0.43857400 0.02234700
vt 0.27032100 0.01180900
vt 0.46149300 0.02312000
vt 0.80392000 0.00932500
vt 0.73797300 0.01317100
vt 0.73823400 0.00879100
vt 0.44205800 0.98180400
vt 0.44338600 0.01706800
vt 0.17012300 0.93014400
vt 0.20022800 0.81292800
vt 0.09471300 0.01447900
vt 0.01037900 0.02800600
vt 0.16996300 0.80555300
vt 0.16411800 0.88010200
vt 0.46448800 0.02314000
vt 0.74128200 0.01358300
vt 0.74180500 0.01001300
vt 0.51773400 0.02421000
vt 0.41102000 0.01568200
vt 0.53446800 0.90659600
vt 0.38752300 0.02574200
vt 0.53265100 0.36852000
vt 0.56312900 0.33668200
vt 0.68136400 0.32699000
vt 0.41021100 0.36112500
vt 0.15918900 0.86968900
vt 0.06676400 0.01406000
vt 0.11742000 0.30067400
vt 0.33503100 0.02517700
vt 0.26270600 0.19962900
vt 0.47868000 0.97570900
vt 0.18308800 0.97113600
vt 0.17252200 0.10746800
vt 0.15995700 0.87900300
vt 0.91880900 0.00875400
vt 0.07529400 0.01491700
vt 0.38892700 0.96986900
vt 0.55303000 0.25405200
vt 0.44972800 0.33749000
vt 0.36983800 0.63064800
vt 0.08543700 0.01833900
vt 0.08611700 0.01217000
vt 0.88303100 0.00891900
vt 0.00923000 0.12351300
vt 0.17135300 0.70998000
vt 0.21005700 0.01260700
vt 0.21021800 0.98112000
vt 0.25147700 0.01577200
vt 0.16355500 0.87122700
vt 0.06790000 0.01839500
vt 0.51556600 0.50166900
vt 0.38565100 0.98174200
vt 0.38922400 0.01759100
vt 0.39862900 0.98305400
vt 0.44276400 0.02268000
vt 0.23398700 0.31891400
vt 0.19789900 0.98090600
vt 0.19528300 0.01945200
vt 0.64927500 0.07727500
vt 0.36049400 0.98381000
vt 0.05085200 0.09953400
vt 0.97467600 0.00921200
vt 0.08386700 0.01858800
vt 0.88146100 0.00916800
vt 0.16619700 0.86626200
vt 0.47426800 0.05372700
vt 0.36279900 0.94294900
vt 0.17006400 0.33366500
vt 0.53313100 0.33918300
vt 0.53544500 0.33714400
vt 0.48786400 0.50184500
vt 0.73665600 0.01058200
vt 0.40608000 0.01472200
vt 0.68784200 0.11412600
vt 0.50811500 0.41057300
vt 0.08853800 0.01326100
vt 0.78632500 0.00995200
vt 0.16105500 0.87648700
vt 0.33527000 0.50123100
vt 0.18769100 0.98107900
vt 0.16429400 0.86820700
vt 0.42960500 0.01720100
vt 0.42692100 0.01820200
vt 0.43068500 0.41781000
vt 0.19595600 0.98033900
vt 0.28727800 0.01541500
vt 0.52795800 0.81220100
vt 0.51197800 0.32274800
vt 0.26091000 0.97595500
vt 0.53210800 0.28703900
vt 0.71448100 0.01191100
vt 0.31433600 0.02443400
vt 0.31334800 0.97081800
vt 0.71164900 0.00875400
vt 0.50230400 0.33510500
vt 0.17540200 0.16134100
vt 0.17107600 0.48301400
vt 0.02460600 0.33579200
vt 0.16904800 0.82482800
vt 0.02220800 0.02040800
vt 0.43859400 0.97812800
vt 0.59298100 0.33611800
vt 0.24122600 0.98077300
vt 0.24124700 0.01372200
vt 0.16107900 0.86911500
vt 0.23843800 0.50110400
vt 0.25402600 0.41577400
vt 0.73868700 0.01051000
vt 0.46186200 0.02331600
vt 0.80428800 0.00952100
vt 0.47545300 0.98358900
vt 0.18405000 0.02369700
vt 0.47720000 0.98011300
vt 0.28564500 0.02342100
vt 0.27718700 0.01601100
vt 0.69070900 0.25269700
vt 0.07931400 0.01442400
vt 0.25423200 0.41806300
vt 0.12356500 0.12520500
vt 0.54416900 0.33826400
vt 0.53171900 0.34901100
vt 0.76459000 0.01455300
vt 0.47486500 0.98503500
vt 0.33932900 0.98550700
vt 0.34017200 0.02140200
vt 0.06401600 0.01515500
vt 0.06442000 0.01340100
vt 0.24567000 0.02203900
vt 0.36955800 0.78151300
vt 0.14266700 0.33461300
vt 0.61793600 0.31171300
vt 0.53456000 0.26063100
vt 0.30788300 0.95657700
vt 0.46594700 0.44220700
vt 0.38570300 0.33638300
vt 0.53155500 0.16081800
vt 0.53196000 0.84747500
vt 0.47141300 0.97968600
vt 0.48241300 0.49965200
vt 0.24854400 0.44191000
vt 0.31744300 0.02345200
vt 0.52353100 0.70109600
vt 0.69078800 0.19931600
vt 0.19393900 0.97985700
vt 0.48913900 0.97178000
vt 0.64272400 0.33808400
vt 0.52942900 0.44854900
vt 0.97520000 0.00875400
vt 0.08459200 0.01170400
vt 0.16413800 0.88697600
vt 0.88171200 0.00982000
vt 0.23039300 0.01652000
vt 0.08669200 0.01438800
vt 0.95716800 0.00875400
vt 0.78448200 0.01056900
vt 0.24966300 0.01225100
vt 0.55015400 0.18647000
vt 0.69061800 0.06748900
vt 0.69350100 0.17994000
vt 0.52791300 0.65652500
vt 0.23178100 0.43400300
vt 0.69273000 0.24557100
vt 0.52906500 0.59083800
vt 0.08212600 0.01102400
vt 0.32909400 0.10370700
vt 0.24537700 0.98158000
vt 0.24538500 0.01287400
vt 0.41404900 0.81324000
vt 0.18830000 0.47651800
vt 0.17140900 0.58062700
vt 0.46139100 0.01675000
vt 0.46032900 0.97787100
vt 0.69381300 0.04418100
vt 0.52734800 0.79238500
vt 0.08653900 0.01811100
vt 0.08719200 0.01251800
vt 0.08790900 0.01702000
vt 0.69171100 0.33657200
vt 0.52922300 0.49812200
vt 0.49627600 0.96980200
vt 0.23863200 0.81142400
vt 0.41960700 0.01653500
vt 0.74259300 0.00967300
vt 0.46524500 0.02304700
vt 0.06672800 0.01728000
vt 0.20842500 0.45553600
vt 0.17263700 0.24784600
vt 0.09281200 0.01438400
vt 0.22699100 0.11223700
vt 0.49570400 0.33757000
vt 0.23979400 0.01490200
vt 0.17996900 0.69960900
vt 0.43549500 0.02306700
vt 0.41043100 0.06544600
vt 0.34960200 0.42009500
vt 0.04390000 0.02301200
vt 0.76338900 0.01248600
vt 0.49501100 0.97576500
vt 0.15746500 0.04947600
vt 0.27219500 0.01645700
vt 0.24627600 0.42225700
vt 0.15936000 0.87130000
vt 0.06845200 0.01477400
vt 0.66641800 0.33462100
vt 0.31648100 0.03436000
vt 0.17991100 0.49248600
vt 0.31809300 0.02764700
vt 0.39440300 0.02243200
vt 0.21872300 0.82682000
vt 0.68868100 0.17222000
vt 0.47723500 0.02321000
vt 0.21404600 0.97124300
vt 0.07350300 0.02036800
vt 0.06428200 0.01451900
vt 0.24094200 0.42497100
vt 0.46123000 0.02303100
vt 0.73690900 0.01269400
vt 0.73767200 0.00879800
vt 0.51872800 0.10905800
vt 0.36568200 0.98470400
vt 0.36634200 0.02170900
vt 0.46925300 0.98138000
vt 0.02329200 0.06102000
vt 0.01183200 0.29612800
vt 0.40155100 0.29488500
vt 0.17222400 0.45688200
vt 0.05039000 0.33718100
vt 0.31413800 0.97464500
vt 0.71522300 0.00982200
vt 0.45108100 0.97250000
vt 0.52719500 0.81382700
vt 0.20189000 0.02209200
vt 0.11517600 0.32504500
vt 0.22547500 0.01647500
vt 0.46967200 0.98773400
vt 0.47054600 0.02270300
vt 0.29800200 0.60288400
vt 0.31169100 0.96988400
vt 0.06115000 0.01664400
vt 0.06229000 0.01510200
vt 0.08644800 0.01933700
vt 0.16429500 0.88985200
vt 0.26430300 0.02245300
vt 0.17841000 0.01989600
vt 0.16363700 0.33210200
vt 0.18260000 0.91245500
vt 0.41076000 0.53554800
vt 0.17098300 0.59693200
vt 0.97486300 0.00966800
vt 0.08386500 0.01897400
vt 0.16410400 0.88714900
vt 0.53903500 0.13679600
vt 0.14283300 0.02090800
vt 0.19581700 0.01799700
vt 0.17800400 0.55403300
vt 0.47836000 0.33294400
vt 0.25807200 0.01171100
vt 0.08726100 0.01330200
vt 0.84331000 0.00944600
vt 0.28750500 0.97191600
vt 0.65963900 0.02581500
vt 0.53492600 0.84551700
vt 0.24093000 0.01568600
vt 0.51964000 0.95867400
vt 0.38182300 0.98443400
vt 0.38370300 0.02131700
vt 0.01086200 0.25259500
vt 0.16992900 0.58075400
vt 0.17173000 0.82019000
vt 0.26238000 0.02323000
vt 0.47461900 0.21358200
vt 0.28483100 0.01028700
vt 0.55744200 0.02653800
vt 0.44852400 0.97965200
vt 0.17533500 0.33857500
vt 0.52008500 0.19836000
vt 0.53357000 0.03722500
vt 0.32460700 0.41814100
vt 0.78425000 0.00991100
vt 0.39829300 0.77242600
vt 0.18608400 0.98041600
vt 0.52634100 0.31701800
vt 0.40895900 0.90500100
vt 0.34906600 0.54637700
vt 0.41025200 0.01291300
vt 0.06464800 0.01508700
vt 0.38718100 0.03335600
vt 0.21192300 0.01841000
vt 0.16563500 0.33538000
vt 0.17228300 0.34115100
vt 0.69095500 0.10723400
vt 0.34056800 0.50020800
vt 0.21108100 0.81124700
vt 0.29505100 0.93087700
vt 0.26950400 0.97676400
vt 0.51373700 0.96939200
vt 0.38668300 0.04209700
vt 0.46773500 0.43298400
vt 0.50667100 0.98302500
vt 0.53085800 0.03964400
vt 0.08977300 0.01659800
vt 0.50195700 0.02309500
vt 0.35363800 0.98438100
vt 0.31516800 0.02140400
vt 0.25530700 0.42003800
vt 0.44724100 0.98068300
vt 0.44843000 0.01548700
vt 0.39480500 0.01403700
vt 0.42109200 0.01519300
vt 0.09406900 0.01440900
vt 0.38389200 0.03878600
vt 0.20533300 0.46031700
vt 0.33866500 0.02230200
vt 0.16548600 0.33355200
vt 0.30345000 0.41643200
vt 0.18478100 0.02033900
vt 0.20154800 0.36545000
vt 0.07869200 0.01413200
vt 0.09316500 0.01562500
vt 0.20321700 0.01874000
vt 0.46508800 0.39915600
vt 0.50635300 0.47339900
vt 0.33937300 0.42775300
vt 0.09068500 0.01623000
vt 0.33382700 0.02244800
vt 0.18570600 0.01734100
vt 0.18581000 0.97683700
vt 0.25820600 0.01578100
vt 0.46133700 0.02349500
vt 0.73740600 0.01300000
vt 0.53397400 0.87805900
vt 0.52686500 0.49858800
vt 0.31244100 0.02210200
vt 0.23080800 0.97574400
vt 0.59705900 0.33859000
vt 0.52981900 0.40274700
vt 0.52781100 0.88469900
vt 0.56766000 0.02189600
vt 0.53338000 0.93798900
vt 0.44573100 0.02020200
vt 0.76148200 0.00921400
vt 0.41605800 0.01310600
vt 0.52624800 0.50135000
vt 0.53383600 0.18287900
vt 0.54734700 0.02480800
vt 0.26048000 0.01578900
vt 0.24024900 0.97983500
vt 0.24024800 0.01455000
vt 0.34316800 0.04604800
vt 0.26618800 0.02169400
vt 0.18569900 0.02256600
vt 0.27623500 0.81366900
vt 0.17075100 0.21930200
vt 0.38921400 0.98263300
vt 0.53072900 0.89381100
vt 0.35060700 0.99124600
vt 0.35093600 0.01888500
vt 0.37202900 0.49913300
vt 0.76185000 0.00984500
vt 0.30019200 0.41807300
vt 0.52367100 0.08501500
vt 0.52674800 0.89437400
vt 0.33054100 0.42074200
vt 0.26915000 0.98194100
vt 0.46152600 0.02300700
vt 0.80392200 0.00909400
vt 0.73795600 0.00878400
vt 0.51044000 0.98031800
vt 0.17028400 0.95552800
vt 0.15251800 0.01811300
vt 0.52811100 0.87193400
vt 0.43176800 0.98176800
vt 0.43361800 0.01824700
vt 0.17093200 0.62189900
vt 0.01104700 0.07612800
vt 0.52689100 0.04015300
vt 0.18048500 0.02095500
vt 0.45802000 0.02257300
vt 0.08802100 0.01726100
vt 0.84438000 0.00918900
vt 0.35188000 0.98863200
vt 0.34513800 0.98968500
vt 0.53323600 0.92955400
vt 0.62613200 0.02636800
vt 0.17119400 0.32648500
vt 0.41807900 0.22724300
vt 0.52036000 0.45706700
vt 0.46745300 0.98051200
vt 0.11468100 0.33573200
vt 0.17158800 0.39223300
vt 0.26217200 0.83579900
vt 0.20507200 0.01447000
vt 0.27727800 0.49996900
vt 0.24301000 0.02322100
vt 0.38163400 0.41819900
vt 0.52851000 0.15481200
vt 0.49408100 0.97957700
vt 0.36575700 0.02251300
vt 0.39504400 0.12107100
vt 0.33449800 0.97679700
vt 0.33683600 0.86571800
vt 0.36714000 0.97680700
vt 0.32626800 0.23547600
vt 0.16877200 0.01964100
vt 0.17061100 0.97193500
vt 0.69333500 0.20135000
vt 0.52816500 0.63509500
vt 0.74007300 0.01346500
vt 0.74064800 0.00923400
vt 0.53132200 0.33562000
vt 0.69127600 0.08360800
vt 0.37484300 0.50123700
vt 0.38279500 0.97466700
vt 0.08842800 0.01379900
vt 0.38457300 0.97078700
vt 0.46103200 0.98550600
vt 0.46204400 0.01958400
vt 0.51622300 0.97492100
vt 0.51759000 0.02067400
vt 0.22079700 0.01661600
vt 0.26631500 0.98255900
vt 0.26635500 0.01109700
vt 0.30640400 0.98596600
vt 0.30652000 0.00892500
vt 0.01686300 0.14957900
vt 0.51572000 0.07738700
vt 0.46290400 0.03391700
vt 0.41165400 0.62691000
vt 0.09156700 0.01267300
vt 0.19988400 0.01763900
vt 0.46963200 0.33541000
vt 0.19734100 0.01900000
vt 0.90087500 0.01026900
vt 0.16019100 0.86822100
vt 0.16035400 0.86806600
vt 0.06566900 0.01465400
vt 0.51247900 0.97658100
vt 0.51403500 0.98204700
vt 0.38959900 0.93395300
vt 0.39417400 0.67433200
vt 0.17262500 0.97248100
vt 0.31573300 0.97445700
vt 0.18152900 0.97244700
vt 0.46165000 0.01687800
vt 0.46032100 0.98299300
vt 0.46058900 0.97793100
vt 0.45372500 0.40752800
vt 0.16965300 0.02284800
vt 0.18013900 0.11721100
vt 0.69283700 0.02542800
vt 0.52916100 0.81158500
vt 0.46458200 0.02242100
vt 0.74137600 0.01286300
vt 0.51636400 0.97313800
vt 0.24442700 0.98045000
vt 0.50741400 0.97968700
vt 0.29592500 0.53404400
vt 0.08578000 0.01527700
vt 0.78257600 0.01025300
vt 0.49739500 0.54702100
vt 0.44240400 0.82399400
vt 0.51314700 0.97560400
vt 0.51506100 0.01894500
vt 0.47494000 0.98038600
vt 0.23766800 0.02291400
vt 0.67630400 0.33530200
vt 0.17752000 0.32856700
vt 0.17239600 0.97137000
vt 0.25573300 0.01234600
vt 0.16806200 0.07172600
vt 0.44327900 0.02169400
vt 0.08177000 0.01140800
vt 0.06352700 0.01469400
vt 0.06375200 0.01336000
vt 0.15991600 0.87267500
vt 0.23606900 0.02163700
vt 0.17476600 0.60950900
vt 0.19287400 0.01591700
vt 0.19315700 0.98194500
vt 0.43340500 0.97432500
vt 0.76276500 0.01165100
vt 0.50988200 0.97890500
vt 0.07957000 0.01445600
vt 0.50470300 0.33289900
vt 0.27472700 0.01702600
vt 0.53182700 0.25585900
vt 0.46754500 0.97969300
vt 0.35867700 0.46381100
vt 0.29660300 0.42883500
vt 0.01117700 0.28265700
vt 0.16976100 0.55063800
vt 0.19508700 0.45304900
vt 0.16468700 0.89483900
vt 0.09149400 0.01954000
vt 0.76149400 0.01018000
vt 0.82543700 0.01139800
vt 0.07094800 0.01779500
vt 0.62766100 0.17363800
vt 0.40688500 0.01248800
vt 0.08578600 0.01510300
vt 0.95626200 0.00946900
vt 0.78274900 0.01027600
vt 0.27047900 0.01621500
vt 0.49067500 0.98135800
vt 0.28334900 0.41958500
vt 0.45958800 0.97691100
vt 0.46033400 0.01731900
vt 0.34118800 0.98757100
vt 0.34262300 0.02065600
vt 0.16358900 0.87071600
vt 0.06740600 0.01843600
vt 0.26614500 0.95969700
vt 0.07393700 0.30732500
vt 0.17658300 0.01905400
vt 0.17765100 0.97624900
vt 0.08165100 0.01452800
vt 0.76264300 0.01011500
vt 0.73867500 0.01181000
vt 0.50479400 0.35981900
vt 0.44290200 0.01925900
vt 0.52808600 0.07683800
vt 0.49347900 0.02276600
vt 0.38530700 0.05185500
vt 0.18559000 0.97411200
vt 0.58777200 0.08879500
vt 0.20922800 0.95739700
vt 0.31398300 0.97872600
vt 0.71228500 0.01666200
vt 0.35112200 0.97452100
vt 0.12098800 0.33419500
vt 0.20561800 0.65515400
vt 0.16931900 0.08765100
vt 0.00931400 0.08119600
vt 0.17119900 0.75233700
vt 0.51977800 0.48778600
vt 0.27810000 0.49368500
vt 0.18934800 0.06453900
vt 0.18368700 0.48197600
vt 0.20731100 0.02363500
vt 0.41112700 0.33446200
vt 0.53180400 0.21378900
vt 0.63384700 0.33421500
vt 0.34061300 0.98523100
vt 0.51393800 0.97826500
vt 0.51426200 0.97994600
vt 0.18065600 0.50369000
vt 0.47861600 0.98057200
vt 0.49540500 0.81147300
vt 0.17220400 0.35447300
vt 0.15237800 0.33575400
vt 0.68166300 0.03439400
vt 0.49702300 0.98143500
vt 0.52179400 0.79465100
vt 0.08881500 0.01210400
vt 0.93784900 0.00961700
vt 0.78641100 0.00875400
vt 0.09187200 0.01431900
vt 0.45783800 0.02088100
vt 0.52519900 0.33570900
vt 0.08729800 0.01427600
vt 0.78511300 0.01046400
vt 0.24421300 0.97149800
vt 0.21151200 0.75252600
vt 0.42015900 0.16570700
vt 0.46874400 0.41973500
vt 0.15948900 0.87298500
vt 0.08132700 0.33675400
vt 0.17211200 0.42566100
vt 0.47103100 0.98042200
vt 0.52744400 0.02430800
vt 0.34252100 0.75155900
vt 0.68964800 0.23302200
vt 0.76260000 0.01110800
vt 0.07683000 0.01523400
vt 0.17065600 0.81013300
vt 0.44935700 0.02160100
vt 0.20449800 0.46320800
vt 0.48065900 0.37391600
vt 0.53336800 0.02685100
vt 0.20091400 0.47005800
vt 0.45492400 0.46400700
vt 0.49801000 0.98351800
vt 0.08319700 0.01577500
vt 0.20556300 0.01710000
vt 0.54063600 0.02203800
vt 0.28420700 0.24073600
vt 0.53132400 0.06972000
vt 0.68229900 0.22575000
vt 0.45252600 0.01870900
vt 0.43425400 0.09703500
vt 0.15988600 0.86852100
vt 0.06554100 0.01425300
vt 0.24066600 0.01764800
vt 0.45884500 0.01786900
vt 0.69218800 0.02663500
vt 0.52907300 0.81003400
vt 0.45348600 0.97488300
vt 0.08203900 0.01067700
vt 0.16424200 0.88452200
vt 0.40370500 0.01454100
vt 0.06171400 0.01573500
vt 0.43676100 0.98293100
vt 0.43822600 0.01866100
vt 0.45183200 0.97849900
vt 0.45289200 0.01697600
vt 0.28000700 0.01010500
vt 0.49678700 0.02365700
vt 0.51244400 0.05305400
vt 0.29411600 0.02046200
vt 0.18076400 0.16761500
vt 0.29569100 0.49887900
vt 0.32708000 0.98279300
vt 0.32774300 0.02121400
vt 0.16519300 0.89915100
vt 0.09590400 0.01926200
vt 0.71683400 0.01129800
vt 0.31622800 0.01636300
vt 0.31627400 0.97647800
vt 0.32365600 0.97481500
vt 0.18163000 0.96463900
vt 0.53306100 0.92483500
vt 0.08482100 0.01516200
vt 0.46617100 0.97252400
vt 0.08010800 0.01043200
vt 0.16423700 0.88249900
vt 0.16761500 0.88445600
vt 0.17049900 0.87900400
vt 0.41609500 0.02312600
vt 0.26145800 0.98208200
vt 0.26148400 0.01097400
vt 0.90117000 0.00875400
vt 0.16190300 0.86822400
vt 0.06370500 0.01850100
vt 0.06596300 0.01313900
vt 0.35467500 0.99024200
vt 0.35465500 0.01921600
vt 0.44834100 0.38942100
vt 0.01694900 0.32067600
vt 0.17570300 0.49227100
vt 0.40923900 0.82169800
vt 0.46098500 0.01729000
vt 0.45989500 0.97746000
vt 0.50855800 0.97575800
vt 0.54706400 0.33597300
vt 0.48029500 0.97985100
vt 0.24282000 0.96960600
vt 0.46024600 0.01874200
vt 0.21796300 0.01260900
vt 0.24358200 0.43026300
vt 0.50264500 0.98506000
vt 0.50333600 0.02019000
vt 0.69013200 0.03094600
vt 0.24649300 0.49888700
vt 0.82511600 0.01122800
vt 0.16346700 0.87369400
vt 0.07080300 0.01748600
vt 0.52824900 0.85118000
vt 0.47514600 0.98114800
vt 0.19808900 0.91880100
vt 0.19224700 0.47363100
vt 0.51327300 0.97654100
vt 0.51354000 0.98232100
vt 0.51416300 0.01914500
vt 0.16095600 0.86861900
vt 0.00956700 0.03864800
vt 0.17081800 0.79491500
vt 0.42605100 0.98143700
vt 0.42708400 0.01417100
vt 0.53126900 0.02262000
vt 0.39976700 0.38785800
vt 0.09413700 0.01371100
vt 0.09437800 0.01569800
vt 0.24736500 0.68843900
vt 0.43240700 0.98019400
vt 0.43373600 0.01674000
vt 0.24433400 0.98097200
vt 0.08706600 0.01726100
vt 0.71676300 0.01353900
vt 0.46101900 0.98315600
vt 0.24676900 0.62806900
vt 0.61602300 0.33607900
vt 0.44369200 0.97594200
vt 0.76353900 0.01451300
vt 0.76506700 0.01355900
vt 0.08696000 0.01694100
vt 0.08767100 0.01324400
vt 0.84331900 0.00886800
vt 0.24086000 0.97817500
vt 0.36031300 0.02216700
vt 0.48706600 0.37474900
vt 0.15991900 0.87149700
vt 0.19459600 0.97573200
vt 0.31164000 0.39042500
vt 0.53352500 0.10419800
vt 0.53408100 0.09262500
vt 0.43884800 0.40836900
vt 0.10730900 0.02003600
vt 0.16522100 0.91052700
vt 0.07890800 0.01323600
vt 0.16130600 0.88204000
vt 0.34726600 0.99044400
vt 0.34825100 0.01868900
vt 0.73849400 0.01308900
vt 0.73870300 0.00884800
vt 0.68113300 0.15666300
vt 0.17132200 0.27473000
vt 0.49478600 0.36987400
vt 0.17048400 0.24907700
vt 0.28917100 0.01230700
vt 0.31190000 0.97686100
vt 0.23154700 0.01268200
vt 0.23437900 0.01643800
vt 0.44844900 0.89417800
vt 0.08997000 0.01404500
vt 0.23897200 0.01407100
vt 0.23958300 0.98058300
vt 0.71164900 0.04097800
vt 0.50945600 0.97952300
vt 0.27022500 0.49796800
vt 0.09608500 0.33415100
vt 0.27225200 0.05826500
vt 0.47378700 0.82027800
vt 0.04736400 0.02470700
vt 0.41683400 0.41976200
vt 0.37415800 0.81377900
vt 0.43714600 0.02141500
vt 0.52104300 0.06031300
vt 0.17091800 0.92133500
vt 0.69388900 0.07851000
vt 0.52731600 0.75804500
vt 0.53328400 0.07850000
vt 0.17514600 0.33520600
vt 0.27751400 0.02196100
vt 0.52703800 0.33448500
vt 0.16336800 0.86979200
vt 0.06654300 0.01817000
vt 0.05811300 0.33509300
vt 0.73809900 0.01099400
vt 0.32422400 0.97642300
vt 0.48135700 0.02525800
vt 0.52901600 0.33849800
vt 0.07159200 0.01761300
vt 0.68196100 0.07992600
vt 0.50249300 0.02217200
vt 0.45110800 0.97994900
vt 0.45235700 0.01531300
vt 0.52021900 0.97303800
vt 0.24825800 0.40976000
vt 0.53125400 0.33862000
vt 0.19093800 0.52727800
vt 0.51828600 0.26469400
vt 0.69414100 0.12575200
vt 0.52717500 0.71077400
vt 0.53983100 0.01904300
vt 0.52836800 0.96419200
vt 0.27849800 0.98361300
vt 0.27858100 0.00972700
vt 0.45046400 0.97801300
vt 0.17103400 0.26263000
vt 0.56357000 0.02495100
vt 0.38731000 0.98017300
vt 0.08881600 0.01496200
vt 0.38651600 0.03341000
vt 0.17404100 0.02107700
vt 0.40269300 0.01241200
vt 0.21316000 0.37412400
vt 0.25163800 0.01724400
vt 0.05643100 0.02017500
vt 0.16467100 0.85879400
vt 0.24440700 0.01762000
vt 0.09453200 0.01445400
vt 0.20044900 0.98070100
vt 0.01020200 0.19333100
vt 0.17056000 0.64009400
vt 0.29348500 0.00875400
vt 0.29349500 0.98476600
vt 0.20590300 0.01342500
vt 0.20601700 0.98143300
vt 0.69402700 0.09006200
vt 0.52728500 0.74648200
vt 0.38392400 0.04256400
vt 0.36743200 0.05448900
vt 0.43816400 0.50209600
vt 0.38358600 0.02941600
vt 0.54956400 0.02137700
vt 0.53175900 0.95562900
vt 0.34878700 0.98363300
vt 0.46667700 0.97014000
vt 0.46526800 0.92621700
vt 0.32345300 0.97304800
vt 0.53472700 0.02187900
vt 0.17018400 0.91563400
vt 0.06521000 0.01803300
vt 0.76333700 0.01433800
vt 0.76494800 0.01327000
vt 0.43393400 0.48527200
vt 0.37079900 0.87025700
vt 0.43285000 0.98317200
vt 0.43475600 0.01861800
vt 0.22812800 0.39212400
vt 0.18464500 0.01772600
vt 0.18579200 0.97594000
vt 0.53054400 0.82990400
vt 0.53058700 0.35748600
vt 0.51641600 0.33328700
vt 0.47454100 0.39051100
vt 0.41668700 0.01369400
vt 0.18540600 0.98281700
vt 0.18599200 0.97799800
vt 0.18635800 0.01666000
vt 0.09205200 0.01556000
vt 0.09249000 0.01232700
vt 0.15946700 0.86881000
vt 0.06593500 0.01404500
vt 0.22711200 0.01671200
vt 0.16789400 0.02324400
vt 0.34784100 0.41538200
vt 0.16851500 0.24367800
vt 0.42101800 0.01772400
vt 0.16774500 0.87389400
vt 0.47234800 0.98368400
vt 0.27671700 0.01089300
vt 0.35590200 0.98381600
vt 0.17167300 0.15402200
vt 0.69155700 0.32345200
vt 0.69084800 0.28952100
vt 0.28958100 0.41997200
vt 0.46060000 0.98028600
vt 0.26022300 0.41813500
vt 0.38345700 0.02257300
vt 0.47892900 0.98368500
vt 0.16730000 0.90277300
vt 0.49249300 0.98481900
vt 0.49351900 0.01993500
vt 0.34344300 0.02174100
vt 0.17716800 0.97270100
vt 0.49900300 0.98053300
vt 0.50179900 0.44085200
vt 0.30973400 0.49754100
vt 0.48236700 0.07385100
vt 0.46719800 0.98849700
vt 0.46812500 0.02347300
vt 0.58494800 0.02589000
vt 0.01004000 0.06140500
vt 0.76086600 0.00930400
vt 0.76190200 0.00875400
vt 0.51006300 0.24758900
vt 0.08401100 0.01505700
vt 0.26996700 0.01496100
vt 0.25441300 0.01214100
vt 0.69071700 0.17565900
vt 0.49765700 0.98501600
vt 0.49859500 0.01973600
vt 0.51858300 0.16743300
vt 0.50493600 0.98098000
vt 0.74066100 0.01327000
vt 0.74128100 0.00950600
vt 0.23982100 0.01325200
vt 0.23986200 0.01275300
vt 0.19276600 0.98055300
vt 0.33621400 0.98370300
vt 0.33669600 0.02111600
vt 0.46685300 0.02488600
vt 0.46323800 0.98788600
vt 0.46432800 0.02160700
vt 0.80675800 0.00875400
vt 0.19996100 0.50080600
vt 0.40958800 0.33215700
vt 0.17237000 0.49267200
vt 0.53300700 0.87842000
vt 0.76216900 0.01039000
vt 0.00875400 0.09930000
vt 0.17170700 0.73421400
vt 0.34011900 0.98375100
vt 0.69050400 0.03935900
vt 0.17131100 0.83979600
vt 0.68190200 0.31477900
vt 0.35651900 0.98747200
vt 0.51393600 0.02280400
vt 0.15907300 0.87323100
vt 0.07000000 0.01443900
vt 0.52286600 0.33839500
vt 0.38754600 0.97764300
vt 0.17127800 0.81191900
vt 0.28080800 0.01485800
vt 0.34941500 0.98219500
vt 0.51542700 0.83962500
vt 0.17889400 0.48571700
vt 0.40143400 0.49807800
vt 0.19226800 0.01783900
vt 0.17271200 0.07034300
vt 0.24809100 0.39838100
vt 0.40109900 0.02284700
vt 0.15969100 0.87972900
vt 0.91867900 0.01017300
vt 0.07638400 0.01411700
vt 0.26473200 0.42026200
vt 0.41827500 0.97074400
vt 0.34338400 0.41986100
vt 0.17434700 0.49743400
vt 0.52774500 0.83616100
vt 0.28066500 0.02298200
vt 0.19714500 0.01718900
vt 0.26775200 0.36499800
vt 0.40183200 0.03203800
vt 0.18620800 0.96855400
vt 0.44251400 0.42005800
vt 0.37420000 0.74709400
vt 0.24787300 0.01620400
vt 0.49485100 0.36718600
vt 0.15991000 0.86948600
vt 0.28917600 0.41794500
vt 0.18960100 0.35030000
vt 0.29260900 0.90224500
vt 0.17239600 0.08478700
vt 0.45180000 0.01595200
vt 0.69351900 0.33544300
vt 0.52866100 0.50097300
vt 0.26827000 0.42235400
vt 0.68813500 0.27358500
vt 0.53501000 0.31370500
vt 0.25031000 0.02148400
vt 0.15979700 0.87100300
vt 0.44672400 0.02240200
vt 0.49961500 0.46895900
vt 0.32081800 0.35294200
vt 0.19015400 0.02220100
vt 0.53147300 0.83989300
vt 0.40190000 0.87714300
vt 0.39437900 0.01560800
vt 0.11470800 0.03777200
vt 0.45479200 0.41004500
vt 0.38518800 0.02559600
vt 0.18100100 0.94970200
vt 0.16482900 0.89266700
vt 0.08936300 0.01888200
vt 0.17027100 0.85315400
vt 0.41451600 0.01705100
vt 0.46709300 0.39973800
vt 0.15912800 0.87307500
vt 0.06992200 0.01422900
vt 0.49561200 0.49768400
vt 0.53147800 0.12648500
vt 0.01028400 0.33044200
vt 0.17110600 0.50237900
vt 0.51783000 0.36834800
vt 0.19702100 0.98037900
vt 0.17175000 0.02216700
vt 0.52432300 0.51395000
vt 0.09180300 0.01569400
vt 0.09214600 0.01625300
vt 0.09222100 0.01241100
vt 0.40082200 0.41994300
vt 0.01056000 0.02358300
vt 0.16934800 0.81002100
vt 0.49236500 0.02182200
vt 0.39953000 0.01950600
vt 0.17121400 0.89142500
vt 0.01048400 0.30905300
vt 0.17061500 0.52412500
vt 0.43751600 0.98092900
vt 0.43225300 0.97786200
vt 0.68283300 0.33656700
vt 0.52970000 0.48916100
vt 0.48284600 0.37911600
vt 0.44708900 0.01874600
vt 0.01437300 0.02377400
vt 0.82562700 0.01014100
vt 0.06987500 0.01836300
vt 0.17035700 0.90184800
vt 0.51379400 0.98050400
vt 0.47963500 0.84289200
vt 0.44629400 0.02329700
vt 0.35937100 0.98509000
vt 0.46646200 0.97634900
vt 0.15970400 0.87687300
vt 0.07348800 0.01404700
vt 0.16833300 0.02101400
vt 0.18554800 0.98091300
vt 0.01064300 0.16905300
vt 0.52661700 0.97248500
vt 0.52969300 0.01989500
vt 0.52756200 0.82147800
vt 0.23802400 0.01366900
vt 0.69066300 0.33369100
vt 0.06475000 0.01402800
vt 0.69075400 0.09649200
vt 0.43970800 0.01984300
vt 0.19629900 0.01477800
vt 0.19646800 0.98149600
vt 0.17937300 0.75812900
vt 0.20761900 0.01862300
vt 0.51125300 0.35037500
vt 0.21657200 0.01344100
vt 0.22250200 0.33517900
vt 0.25990000 0.03391800
vt 0.38669500 0.50218200
vt 0.52649700 0.25154100
vt 0.15980300 0.87500600
vt 0.45634900 0.97234900
vt 0.35161100 0.05910000
vt 0.42417200 0.03345300
vt 0.48122700 0.98084500
vt 0.17120600 0.87868900
vt 0.14127400 0.01761900
vt 0.17003700 0.94431500
vt 0.22262600 0.01474200
vt 0.46863500 0.98341900
vt 0.21929900 0.02200100
vt 0.09200600 0.01433500
vt 0.45675400 0.01803900
vt 0.38387200 0.80763000
vt 0.54063300 0.21897800
vt 0.53962300 0.33562200
vt 0.22286300 0.89406200
vt 0.18178000 0.34577900
vt 0.06494200 0.01740500
vt 0.76468000 0.01264100
vt 0.37050500 0.37369200
vt 0.10680300 0.27782800
vt 0.50996000 0.86572100
vt 0.06538400 0.33284300
vt 0.20227400 0.80266500
vt 0.33423100 0.33255000
vt 0.48742500 0.97952100
vt 0.18767800 0.97206400
vt 0.09316300 0.01510200
vt 0.17008900 0.33546100
vt 0.17229300 0.33645900
vt 0.53155600 0.08969700
vt 0.17342800 0.29231800
vt 0.44225900 0.41819400
vt 0.43687800 0.33486700
vt 0.44378400 0.85958400
vt 0.28235000 0.93998300
vt 0.71583900 0.01171300
vt 0.16465100 0.88414700
vt 0.41766600 0.97237300
vt 0.50360500 0.38726400
vt 0.52530500 0.33851900
vt 0.06441400 0.01562400
vt 0.06504300 0.01337100
vt 0.08572500 0.01778700
vt 0.08737700 0.01832400
vt 0.08798500 0.01791300
vt 0.16705200 0.84196000
vt 0.03945300 0.02002600
vt 0.52681700 0.49467700
vt 0.43255600 0.97942700
vt 0.43352300 0.01599500
vt 0.20947100 0.49896700
vt 0.08125100 0.22730400
vt 0.48041400 0.66286900
vt 0.41812400 0.41766800
vt 0.53427700 0.05320800
vt 0.23789300 0.01312000
vt 0.27595700 0.33656500
vt 0.09659000 0.02292800
vt 0.73894800 0.01262400
vt 0.73932100 0.00875400
vt 0.34528600 0.42118200
vt 0.38530000 0.97255800
vt 0.69290800 0.22371700
vt 0.52875600 0.61271000
vt 0.48716600 0.98309200
vt 0.43051200 0.42005500
vt 0.41885200 0.33656200
vt 0.16471100 0.01860000
vt 0.17079800 0.96743400
vt 0.16599700 0.91310500
vt 0.16738500 0.89024500
vt 0.27052600 0.98313900
vt 0.27063900 0.01075200
vt 0.18209400 0.01861400
vt 0.18325900 0.97572500
vt 0.07699500 0.01369300
vt 0.16032500 0.88017100
vt 0.31495700 0.02268400
vt 0.53093800 0.88547800
vt 0.21323000 0.96918400
vt 0.26619000 0.01446300
vt 0.52860200 0.93512300
vt 0.60186300 0.33296100
vt 0.34749700 0.99076100
vt 0.34844100 0.01842800
vt 0.69408100 0.10327500
vt 0.52715400 0.73327100
vt 0.16624300 0.87463400
vt 0.06400900 0.01738600
vt 0.37384100 0.68502800
vt 0.53269100 0.85405100
vt 0.41406600 0.01302300
vt 0.17074900 0.06411100
vt 0.16218000 0.86963000
vt 0.43260400 0.98254000
vt 0.43447400 0.01818200
vt 0.41191900 0.41823400
vt 0.06294200 0.01837500
vt 0.06472200 0.01578700
vt 0.06520100 0.01304000
vt 0.22463000 0.44370900
vt 0.32804300 0.94201400
vt 0.22028200 0.81288100
vt 0.22410200 0.33310800
vt 0.01885200 0.19371200
vt 0.26961800 0.01134300
vt 0.18817600 0.49688600
vt 0.09086600 0.01670000
vt 0.18004900 0.52059200
vt 0.21113200 0.01694900
vt 0.51057400 0.97910500
vt 0.10595600 0.33194900
vt 0.27152500 0.29636300
vt 0.55561400 0.30594900
vt 0.00881800 0.05796000
vt 0.17155600 0.77558900
vt 0.76376300 0.01317100
vt 0.17041100 0.17747500
vt 0.38794800 0.01337900
vt 0.38846500 0.98288400
vt 0.17599100 0.33612000
vt 0.26822100 0.97204500
vt 0.43540800 0.97893700
vt 0.69387500 0.15374100
vt 0.52744300 0.68275500
vt 0.45970700 0.98218500
vt 0.46033300 0.97887100
vt 0.19982600 0.98036500
vt 0.20354700 0.03451400
vt 0.29011600 0.50179600
vt 0.57852500 0.33816500
vt 0.53075500 0.38410200
vt 0.17794700 0.49957700
vt 0.16544400 0.86040900
vt 0.76369400 0.01138100
vt 0.24891600 0.41346500
vt 0.42410800 0.81176300
vt 0.20088200 0.01414700
vt 0.20103600 0.98126300
vt 0.15909300 0.29825400
vt 0.90053900 0.01030600
vt 0.06533300 0.01469100
vt 0.23014100 0.01400100
vt 0.19895900 0.88603500
vt 0.22024700 0.44574600
vt 0.18369400 0.02197200
vt 0.45317900 0.49824100
vt 0.25396400 0.90725100
vt 0.17729000 0.02292300
vt 0.45003300 0.41739600
vt 0.18355600 0.31130300
vt 0.21219400 0.45575800
vt 0.31187800 0.02082100
vt 0.07215500 0.08516300
vt 0.30202200 0.02220900
vt 0.17200400 0.02337300
vt 0.22498000 0.01260600
vt 0.43894100 0.97938000
vt 0.17770300 0.81157000
vt 0.31440100 0.98265800
vt 0.71270200 0.02059500
vt 0.46471800 0.98143200
vt 0.18588800 0.98271100
vt 0.18673100 0.01695500
vt 0.24643000 0.97542600
vt 0.68916800 0.31607600
vt 0.01010900 0.14439600
vt 0.38706300 0.97170600
vt 0.16672600 0.88007900
vt 0.25769100 0.01693800
vt 0.76222000 0.01047100
vt 0.09146700 0.01655300
vt 0.09188500 0.01179600
vt 0.52260000 0.49301900
vt 0.01046500 0.02039500
vt 0.17093300 0.81316400
vt 0.17819500 0.97483700
vt 0.52797900 0.82862300
vt 0.23583900 0.01768600
vt 0.16361500 0.87185500
vt 0.06936900 0.01931900
vt 0.28235200 0.49834400
vt 0.45646400 0.42459700
vt 0.08006700 0.01453600
vt 0.17946400 0.02347300
vt 0.01330500 0.33531100
vt 0.17097600 0.49480400
vt 0.21959600 0.49654300
vt 0.48576500 0.02150400
vt 0.23816700 0.01788700
vt 0.53476300 0.28861000
vt 0.52635700 0.15611800
vt 0.69413900 0.33633300
vt 0.52784500 0.50021900
vt 0.31835000 0.03456600
vt 0.18828000 0.98009600
vt 0.25160500 0.41708700
vt 0.48505100 0.02353900
vt 0.38359200 0.42143700
vt 0.50802300 0.11479700
vt 0.54508300 0.31863300
vt 0.07404700 0.02264000
vt 0.51838500 0.02292200
vt 0.39881000 0.01601400
vt 0.24269600 0.40747500
vt 0.20203300 0.29430400
vt 0.27618800 0.41983800
vt 0.01079100 0.21531500
vt 0.16993300 0.61808800
vt 0.48634400 0.98016600
vt 0.38726700 0.02247100
vt 0.18534200 0.98238400
vt 0.18581900 0.97844000
vt 0.43364700 0.02110200
vt 0.08987400 0.01230200
vt 0.09000300 0.01833400
vt 0.93861900 0.00875400
vt 0.53358900 0.06215400
vt 0.18587600 0.48277700
vt 0.09262500 0.01437700
vt 0.43094700 0.98090200
vt 0.43165300 0.01527800
vt 0.16525000 0.87759800
vt 0.38902500 0.58929700
vt 0.16327300 0.87636900
vt 0.86305000 0.01037500
vt 0.39283500 0.98331400
vt 0.39279200 0.01172100
vt 0.50854300 0.03204900
vt 0.20168600 0.98015500
vt 0.34268900 0.98372300
vt 0.50172800 0.36028800
vt 0.53217400 0.31483500
vt 0.11381600 0.02036200
vt 0.16546300 0.91711800
vt 0.16364400 0.87465700
vt 0.07206100 0.01941900
vt 0.17015200 0.48833800
vt 0.01943700 0.33482000
vt 0.08470800 0.01817400
vt 0.88230200 0.00875400
vt 0.35883100 0.98736600
vt 0.35891400 0.02076700
vt 0.49631200 0.98039100
vt 0.73660900 0.01124100
vt 0.73675400 0.00993500
vt 0.69016700 0.05166100
vt 0.31668300 0.02885500
vt 0.28073900 0.01082300
vt 0.37935000 0.97504600
vt 0.13730800 0.01868800
vt 0.16869000 0.94042300
vt 0.38519600 0.02214900
vt 0.48484600 0.98452200
vt 0.48567600 0.01950500
vt 0.28444700 0.50100400
vt 0.51177000 0.21847200
vt 0.34613100 0.98430800
vt 0.21157800 0.01478100
vt 0.37089300 0.33596800
vt 0.46396900 0.98418800
vt 0.22986500 0.98151300
vt 0.22989300 0.01173800
vt 0.36567400 0.02458200
vt 0.38892900 0.02075300
vt 0.29895800 0.17093600
vt 0.33810400 0.90731100
vt 0.37928900 0.89779500
vt 0.32467600 0.81312500
vt 0.53516000 0.02441400
vt 0.40102200 0.98313600
vt 0.40172600 0.01199100
vt 0.17080600 0.95337800
vt 0.26162900 0.81221000
vt 0.46846300 0.61110900
vt 0.43596600 0.98005500
vt 0.06323400 0.01673600
vt 0.15935600 0.02103400
vt 0.21221200 0.97554300
vt 0.17058900 0.12271900
vt 0.66436000 0.33603400
vt 0.63786100 0.02545500
vt 0.53635500 0.86749800
vt 0.04191000 0.28466800
vt 0.01034900 0.08790800
vt 0.06171800 0.01644800
vt 0.38138200 0.97696900
vt 0.01013900 0.33439000
vt 0.17151500 0.49832400
vt 0.19182600 0.01969200
vt 0.38659800 0.98278400
vt 0.38959500 0.01542800
vt 0.24438600 0.42075300
vt 0.31320900 0.98438400
vt 0.16747500 0.86701700
vt 0.17903000 0.78983300
vt 0.19865200 0.01964700
vt 0.51732700 0.34700600
vt 0.60069000 0.23271400
vt 0.06404900 0.01450700
vt 0.52463400 0.02345300
vt 0.42719300 0.01510300
vt 0.27869000 0.76892500
vt 0.17550500 0.49020500
vt 0.16813300 0.17841500
vt 0.49483200 0.98339500
vt 0.39199200 0.01497000
vt 0.69099500 0.22302000
vt 0.33810100 0.33435900
vt 0.82485600 0.00875400
vt 0.16305800 0.87171700
vt 0.06841400 0.01781500
vt 0.34256800 0.98220100
vt 0.69361700 0.30576000
vt 0.52838800 0.53059900
vt 0.17772600 0.97149200
vt 0.53419000 0.08094500
vt 0.46316100 0.97216300
vt 0.74288500 0.01132000
vt 0.46659900 0.02171600
vt 0.18807400 0.50042200
vt 0.29966400 0.01533100
vt 0.31639900 0.02575900
vt 0.31180000 0.97221500
vt 0.26075900 0.01737800
vt 0.50483900 0.98363200
vt 0.30670400 0.68700300
vt 0.17156700 0.63829200
vt 0.51357300 0.97743400
vt 0.51439700 0.98088200
vt 0.16348600 0.87025900
vt 0.06697400 0.01829600
vt 0.17130500 0.81800000
vt 0.19775600 0.98005900
vt 0.34123700 0.41803900
vt 0.45999700 0.97378600
vt 0.36142700 0.18285800
vt 0.41730200 0.98105900
vt 0.41844700 0.01233500
vt 0.31956700 0.02379900
vt 0.29807300 0.00883200
vt 0.29806500 0.98520500
vt 0.97556200 0.00934600
vt 0.16480300 0.88682700
vt 0.43922800 0.97226000
vt 0.16834000 0.29511900
vt 0.32685600 0.02403700
vt 0.29201100 0.00967000
vt 0.30838800 0.98519800
vt 0.17978600 0.48795300
vt 0.23730500 0.97987300
vt 0.23749500 0.01128300
vt 0.34670200 0.99053600
vt 0.34786600 0.01904000
vt 0.24310700 0.01642300
vt 0.53315300 0.12134700
vt 0.08505600 0.01518400
vt 0.17004200 0.02083100
vt 0.17150800 0.97386200
vt 0.82426600 0.00885300
vt 0.16261700 0.87131900
vt 0.18157500 0.87946500
vt 0.52865800 0.97104500
vt 0.53233100 0.02031900
vt 0.51232200 0.97927600
vt 0.16814400 0.89461000
vt 0.74278700 0.00938900
vt 0.46444000 0.98874300
vt 0.46519700 0.02338400
vt 0.65236000 0.26983000
vt 0.27335900 0.91885800
vt 0.07434300 0.01815400
vt 0.42614000 0.01684800
vt 0.16352100 0.87474800
vt 0.86329800 0.00875400
vt 0.07168800 0.01827900
vt 0.15190200 0.32294000
vt 0.52726700 0.82996500
vt 0.34846100 0.98944900
vt 0.08240300 0.01909300
vt 0.35758000 0.98241200
vt 0.39701200 0.98343800
vt 0.39749300 0.01194100
vt 0.42945300 0.92981400
vt 0.25712600 0.01123400
vt 0.17277500 0.20097700
vt 0.18239500 0.02256700
vt 0.31809300 0.04290700
vt 0.46310400 0.72601900
vt 0.10006200 0.02075500
vt 0.18474100 0.98141000
vt 0.18566600 0.97960200
vt 0.76220600 0.01150300
vt 0.45174400 0.31286600
vt 0.08220900 0.01414000
vt 0.48605000 0.45207200
vt 0.36738500 0.24072000
vt 0.25479900 0.01087100
vt 0.25490500 0.98165000
vt 0.76298800 0.01179800
vt 0.49196200 0.26829500
vt 0.35524500 0.98941400
vt 0.50778300 0.98395700
vt 0.50842700 0.01943800
vt 0.01176600 0.27894400
vt 0.17255900 0.13442200
vt 0.53240000 0.94721700
vt 0.55824100 0.02131100
vt 0.15609400 0.33303500
vt 0.57201300 0.21986100
vt 0.19951700 0.11296800
vt 0.46741000 0.98179900
vt 0.52831500 0.23494600
vt 0.43639200 0.43227500
vt 0.08218700 0.01078300
vt 0.08226000 0.01109300
vt 0.16422700 0.88466400
vt 0.48010500 0.43849100
vt 0.31443500 0.98188400
vt 0.71273600 0.01982000
vt 0.45259400 0.69515700
vt 0.16945400 0.04552800
vt 0.50489400 0.98015000
vt 0.54460700 0.04781900
vt 0.09459200 0.01500200
vt 0.09480900 0.01393600
vt 0.46254500 0.02346700
vt 0.80497200 0.00967200
vt 0.25213000 0.01184300
vt 0.74335800 0.01070600
vt 0.46638200 0.02242200
vt 0.20784400 0.33746100
vt 0.44333800 0.98025200
vt 0.29290500 0.33483100
vt 0.53247300 0.94041600
vt 0.49551000 0.46032700
vt 0.51889400 0.97213400
vt 0.01404600 0.02096300
vt 0.16964100 0.81660200
vt 0.74302800 0.00966100
vt 0.46472600 0.98896300
vt 0.46566500 0.02321100
vt 0.49841200 0.97959900
vt 0.76222800 0.01296700
vt 0.76444100 0.01176200
vt 0.69103400 0.15102800
vt 0.22093800 0.01760100
vt 0.36057000 0.49844700
vt 0.17324600 0.49495500
vt 0.51358400 0.02046000
vt 0.78301200 0.00962400
f 1598/1598 638/638 335/335
f 884/884 638/638 1598/1598
f 859/859 884/884 1598/1598
f 884/884 815/815 638/638
f 815/815 453/453 638/638
f 1302/1302 335/335 399/399
f 1691/1691 1599/1599 1302/1302
f 1302/1302 1599/1599 335/335
f 511/511 1302/1302 399/399
f 845/845 1599/1599 1691/1691
f 1599/1599 845/845 860/860
f 1483/1483 845/845 1691/1691
f 1586/1586 860/860 845/845
f 638/638 453/453 955/955
f 955/955 335/335 638/638
f 399/399 335/335 955/955
f 453/453 1916/1916 955/955
f 1037/1037 511/511 399/399
f 511/511 1037/1037 371/371
f 1601/1601 1037/1037 399/399
f 1601/1601 399/399 955/955
f 1721/1721 1037/1037 1601/1601
f 859/859 1120/1120 884/884
f 1979/1979 815/815 884/884
f 1979/1979 884/884 1120/1120
f 1916/1916 453/453 815/815
f 815/815 1979/1979 1947/1947
f 1947/1947 1979/1979 376/376
f 815/815 1710/1710 1916/1916
f 1710/1710 815/815 1947/1947
f 955/955 230/230 1601/1601
f 230/230 955/955 1916/1916
f 1710/1710 1947/1947 404/404
f 404/404 598/598 1590/1590
f 511/511 1691/1691 1302/1302
f 845/845 1483/1483 1586/1586
f 253/253 1691/1691 511/511
f 371/371 253/253 511/511
f 253/253 2002/2002 1691/1691
f 1691/1691 2002/2002 1483/1483
f 1721/1721 20/20 1037/1037
f 20/20 117/117 1037/1037
f 1565/1565 2002/2002 253/253
f 253/253 371/371 1565/1565
f 117/117 371/371 1037/1037
f 413/413 20/20 1721/1721
f 20/20 413/413 117/117
f 371/371 1674/1674 1565/1565
f 117/117 1674/1674 371/371
f 1776/1776 413/413 1721/1721
f 1627/1627 1474/1474 2002/2002
f 626/626 195/195 1674/1674
f 1674/1674 117/117 626/626
f 626/626 117/117 413/413
f 195/195 1565/1565 1674/1674
f 1565/1565 195/195 2004/2004
f 2004/2004 1627/1627 1565/1565
f 1627/1627 2002/2002 1565/1565
f 1683/1683 195/195 626/626
f 700/700 1979/1979 1120/1120
f 1979/1979 700/700 376/376
f 1586/1586 1119/1119 860/860
f 887/887 1586/1586 1483/1483
f 1119/1119 1586/1586 553/553
f 803/803 376/376 142/142
f 1947/1947 376/376 803/803
f 700/700 959/959 142/142
f 1120/1120 959/959 700/700
f 1100/1100 142/142 959/959
f 700/700 142/142 376/376
f 960/960 1119/1119 419/419
f 1119/1119 553/553 419/419
f 1947/1947 803/803 598/598
f 2002/2002 1336/1336 1483/1483
f 553/553 1586/1586 312/312
f 312/312 1586/1586 887/887
f 1336/1336 887/887 1483/1483
f 1290/1290 1682/1682 1100/1100
f 1100/1100 959/959 1290/1290
f 1682/1682 1290/1290 1592/1592
f 1137/1137 1290/1290 959/959
f 1138/1138 960/960 419/419
f 142/142 1100/1100 1682/1682
f 803/803 142/142 1682/1682
f 1682/1682 598/598 803/803
f 1370/1370 887/887 1336/1336
f 887/887 1370/1370 312/312
f 2002/2002 81/81 1336/1336
f 1336/1336 81/81 1370/1370
f 1775/1775 553/553 312/312
f 553/553 521/521 419/419
f 419/419 521/521 1062/1062
f 1947/1947 598/598 404/404
f 81/81 2002/2002 1462/1462
f 312/312 1370/1370 1775/1775
f 1496/1496 1474/1474 1627/1627
f 1627/1627 2004/2004 45/45
f 45/45 1496/1496 1627/1627
f 1263/1263 1474/1474 1496/1496
f 553/553 1775/1775 521/521
f 1775/1775 1863/1863 521/521
f 521/521 785/785 731/731
f 731/731 785/785 248/248
f 1863/1863 785/785 521/521
f 731/731 248/248 1671/1671
f 1671/1671 248/248 320/320
f 1219/1219 320/320 248/248
f 771/771 785/785 1863/1863
f 771/771 248/248 785/785
f 248/248 771/771 1219/1219
f 710/710 1219/1219 875/875
f 1474/1474 1462/1462 2002/2002
f 1263/1263 1462/1462 1474/1474
f 1370/1370 81/81 1775/1775
f 1318/1318 1775/1775 81/81
f 1462/1462 1318/1318 81/81
f 1775/1775 1318/1318 1706/1706
f 1775/1775 1706/1706 1863/1863
f 136/136 1318/1318 1462/1462
f 1706/1706 1767/1767 1863/1863
f 677/677 1706/1706 1318/1318
f 1767/1767 1706/1706 677/677
f 771/771 1863/1863 1767/1767
f 771/771 1767/1767 1219/1219
f 1767/1767 677/677 688/688
f 688/688 677/677 1399/1399
f 875/875 1767/1767 688/688
f 1318/1318 136/136 677/677
f 688/688 1399/1399 875/875
f 1399/1399 1467/1467 875/875
f 1467/1467 1489/1489 710/710
f 677/677 136/136 1399/1399
f 136/136 1467/1467 1399/1399
f 1219/1219 1767/1767 875/875
f 710/710 875/875 1467/1467
f 1263/1263 136/136 1462/1462
f 136/136 1777/1777 1467/1467
f 1777/1777 1489/1489 1467/1467
f 885/885 136/136 1263/1263
f 136/136 1482/1482 1777/1777
f 1482/1482 136/136 885/885
f 1075/1075 1777/1777 1482/1482
f 1075/1075 1489/1489 1777/1777
f 1489/1489 1075/1075 1397/1397
f 1397/1397 1075/1075 1482/1482
f 1397/1397 1059/1059 1489/1489
f 1482/1482 26/26 1397/1397
f 1397/1397 26/26 244/244
f 244/244 1059/1059 1397/1397
f 26/26 1482/1482 930/930
f 400/400 1489/1489 1059/1059
f 1482/1482 885/885 930/930
f 885/885 450/450 930/930
f 450/450 26/26 930/930
f 230/230 1916/1916 1276/1276
f 230/230 1276/1276 1601/1601
f 1329/1329 1601/1601 1276/1276
f 1329/1329 1276/1276 1916/1916
f 1388/1388 1916/1916 1710/1710
f 277/277 1721/1721 1601/1601
f 1329/1329 757/757 1601/1601
f 1329/1329 1916/1916 1388/1388
f 1329/1329 1278/1278 757/757
f 1278/1278 1329/1329 1388/1388
f 1/1 1388/1388 1710/1710
f 1710/1710 404/404 1/1
f 923/923 1388/1388 1875/1875
f 923/923 1278/1278 1388/1388
f 757/757 1278/1278 923/923
f 277/277 1601/1601 757/757
f 1956/1956 757/757 923/923
f 1956/1956 277/277 757/757
f 1875/1875 1388/1388 1/1
f 689/689 404/404 1622/1622
f 923/923 1875/1875 1688/1688
f 1956/1956 923/923 1688/1688
f 666/666 1180/1180 1956/1956
f 1956/1956 1180/1180 277/277
f 600/600 277/277 1180/1180
f 1/1 404/404 689/689
f 1394/1394 1956/1956 1688/1688
f 1394/1394 1688/1688 1850/1850
f 1875/1875 1850/1850 1688/1688
f 666/666 1956/1956 1394/1394
f 1976/1976 666/666 1394/1394
f 1180/1180 666/666 1976/1976
f 1976/1976 1394/1394 1850/1850
f 1180/1180 1981/1981 600/600
f 570/570 413/413 1776/1776
f 1683/1683 626/626 413/413
f 570/570 1683/1683 413/413
f 1156/1156 1683/1683 570/570
f 277/277 1776/1776 1721/1721
f 570/570 1776/1776 277/277
f 600/600 570/570 277/277
f 600/600 1156/1156 570/570
f 1594/1594 2004/2004 195/195
f 1683/1683 1594/1594 195/195
f 2004/2004 1879/1879 45/45
f 1594/1594 1879/1879 2004/2004
f 45/45 1879/1879 438/438
f 973/973 1683/1683 1156/1156
f 1594/1594 1683/1683 14/14
f 14/14 1683/1683 973/973
f 973/973 1156/1156 600/600
f 973/973 1967/1967 14/14
f 600/600 378/378 973/973
f 1836/1836 378/378 600/600
f 378/378 1967/1967 973/973
f 1967/1967 378/378 533/533
f 1592/1592 1307/1307 461/461
f 668/668 1307/1307 797/797
f 1458/1458 667/667 796/796
f 461/461 1307/1307 668/668
f 232/232 461/461 1809/1809
f 668/668 1809/1809 461/461
f 232/232 397/397 1208/1208
f 1439/1439 1808/1808 667/667
f 667/667 1458/1458 1439/1439
f 1439/1439 1458/1458 1874/1874
f 1920/1920 1209/1209 1874/1874
f 1874/1874 1458/1458 1920/1920
f 1757/1757 1808/1808 1439/1439
f 1809/1809 1756/1756 397/397
f 232/232 1809/1809 397/397
f 1439/1439 2019/2019 1757/1757
f 397/397 1858/1858 1514/1514
f 397/397 1756/1756 1858/1858
f 1470/1470 1859/1859 1757/1757
f 1209/1209 1439/1439 1874/1874
f 1209/1209 2019/2019 1439/1439
f 1470/1470 2019/2019 1209/1209
f 1470/1470 1757/1757 2019/2019
f 1703/1703 1859/1859 1470/1470
f 1920/1920 776/776 1209/1209
f 776/776 1470/1470 1209/1209
f 1703/1703 1515/1515 1859/1859
f 1703/1703 1116/1116 1515/1515
f 1920/1920 1458/1458 1108/1108
f 1789/1789 1920/1920 1108/1108
f 1470/1470 1677/1677 23/23
f 1470/1470 776/776 1677/1677
f 1470/1470 23/23 1703/1703
f 1891/1891 1703/1703 23/23
f 1307/1307 1290/1290 1137/1137
f 1307/1307 1592/1592 1290/1290
f 1307/1307 1137/1137 797/797
f 1083/1083 1682/1682 1592/1592
f 598/598 1682/1682 1083/1083
f 1208/1208 1854/1854 1083/1083
f 1854/1854 1208/1208 94/94
f 1062/1062 1138/1138 419/419
f 796/796 1138/1138 1062/1062
f 739/739 1062/1062 756/756
f 882/882 1722/1722 1147/1147
f 1150/1150 1147/1147 1722/1722
f 1722/1722 320/320 1150/1150
f 1147/1147 538/538 882/882
f 521/521 756/756 1062/1062
f 1083/1083 1592/1592 461/461
f 1062/1062 1458/1458 796/796
f 1083/1083 461/461 1208/1208
f 1208/1208 461/461 232/232
f 397/397 447/447 1208/1208
f 447/447 397/397 1514/1514
f 447/447 1514/1514 1529/1529
f 882/882 1230/1230 739/739
f 756/756 882/882 739/739
f 538/538 1230/1230 882/882
f 538/538 199/199 1230/1230
f 1150/1150 199/199 538/538
f 739/739 1458/1458 1062/1062
f 1458/1458 739/739 1108/1108
f 199/199 1108/1108 739/739
f 1108/1108 199/199 1789/1789
f 199/199 739/739 1230/1230
f 199/199 1150/1150 1789/1789
f 1150/1150 538/538 1147/1147
f 1789/1789 776/776 1920/1920
f 1789/1789 1150/1150 776/776
f 1677/1677 776/776 1150/1150
f 1891/1891 1116/1116 1703/1703
f 1679/1679 1116/1116 1320/1320
f 1320/1320 1116/1116 1891/1891
f 1758/1758 1677/1677 1150/1150
f 1677/1677 1758/1758 23/23
f 1891/1891 23/23 1437/1437
f 1621/1621 23/23 1758/1758
f 1621/1621 1437/1437 23/23
f 1320/1320 1891/1891 1437/1437
f 598/598 1083/1083 1590/1590
f 1590/1590 1083/1083 1854/1854
f 94/94 794/794 1060/1060
f 1530/1530 1515/1515 1116/1116
f 1208/1208 447/447 94/94
f 1679/1679 1530/1530 1116/1116
f 794/794 447/447 1529/1529
f 447/447 794/794 94/94
f 825/825 1530/1530 1679/1679
f 1060/1060 794/794 1529/1529
f 825/825 1061/1061 1530/1530
f 825/825 1679/1679 1320/1320
f 1975/1975 94/94 1060/1060
f 1975/1975 439/439 94/94
f 439/439 1975/1975 1060/1060
f 490/490 1854/1854 94/94
f 490/490 94/94 408/408
f 740/740 440/440 1061/1061
f 740/740 1061/1061 825/825
f 837/837 94/94 439/439
f 408/408 94/94 837/837
f 740/740 838/838 440/440
f 28/28 740/740 825/825
f 28/28 825/825 1320/1320
f 28/28 1320/1320 30/30
f 484/484 28/28 30/30
f 756/756 1715/1715 882/882
f 1722/1722 882/882 1715/1715
f 756/756 521/521 731/731
f 731/731 1715/1715 756/756
f 1671/1671 1715/1715 731/731
f 1671/1671 1722/1722 1715/1715
f 320/320 1722/1722 1671/1671
f 710/710 320/320 1219/1219
f 400/400 1150/1150 320/320
f 710/710 400/400 320/320
f 249/249 1150/1150 400/400
f 1621/1621 676/676 1437/1437
f 30/30 1437/1437 676/676
f 249/249 1758/1758 1150/1150
f 1223/1223 1621/1621 1758/1758
f 676/676 1621/1621 1223/1223
f 1437/1437 30/30 1320/1320
f 710/710 1489/1489 400/400
f 1409/1409 249/249 400/400
f 1106/1106 249/249 1409/1409
f 41/41 676/676 301/301
f 41/41 30/30 676/676
f 249/249 1106/1106 1758/1758
f 1106/1106 1289/1289 1758/1758
f 1758/1758 1289/1289 1223/1223
f 676/676 1223/1223 301/301
f 963/963 1223/1223 1289/1289
f 963/963 301/301 1223/1223
f 290/290 30/30 41/41
f 290/290 41/41 1027/1027
f 689/689 1622/1622 257/257
f 1675/1675 995/995 257/257
f 364/364 995/995 1737/1737
f 364/364 1737/1737 614/614
f 689/689 257/257 1724/1724
f 1724/1724 257/257 631/631
f 995/995 631/631 257/257
f 525/525 364/364 614/614
f 364/364 95/95 995/995
f 95/95 631/631 995/995
f 489/489 364/364 525/525
f 364/364 489/489 95/95
f 489/489 525/525 614/614
f 1442/1442 489/489 614/614
f 1443/1443 615/615 762/762
f 1855/1855 489/489 1442/1442
f 95/95 489/489 1855/1855
f 1855/1855 1442/1442 1103/1103
f 762/762 1561/1561 1443/1443
f 1622/1622 404/404 1590/1590
f 1622/1622 1590/1590 1854/1854
f 1854/1854 490/490 1622/1622
f 740/740 56/56 838/838
f 837/837 55/55 408/408
f 740/740 818/818 56/56
f 818/818 740/740 1047/1047
f 1047/1047 740/740 28/28
f 56/56 818/818 1047/1047
f 257/257 1622/1622 490/490
f 490/490 408/408 1675/1675
f 408/408 55/55 1778/1778
f 1675/1675 408/408 1778/1778
f 944/944 1779/1779 56/56
f 944/944 56/56 1047/1047
f 1675/1675 257/257 490/490
f 944/944 1898/1898 1779/1779
f 1898/1898 944/944 1047/1047
f 1898/1898 1344/1344 1779/1779
f 1675/1675 1778/1778 1343/1343
f 1550/1550 1675/1675 1343/1343
f 1898/1898 1047/1047 28/28
f 995/995 1675/1675 1550/1550
f 494/494 1550/1550 1343/1343
f 495/495 1344/1344 1898/1898
f 762/762 495/495 1898/1898
f 762/762 1898/1898 28/28
f 1101/1101 28/28 484/484
f 1101/1101 484/484 1250/1250
f 1250/1250 1243/1243 1101/1101
f 484/484 30/30 290/290
f 484/484 290/290 1250/1250
f 290/290 807/807 1250/1250
f 995/995 1550/1550 1737/1737
f 1737/1737 1550/1550 494/494
f 1101/1101 762/762 28/28
f 614/614 1737/1737 494/494
f 762/762 615/615 495/495
f 1243/1243 762/762 1101/1101
f 1243/1243 1133/1133 762/762
f 1243/1243 1250/1250 807/807
f 1243/1243 807/807 1897/1897
f 807/807 610/610 1897/1897
f 491/491 1243/1243 1897/1897
f 302/302 26/26 450/450
f 302/302 933/933 26/26
f 302/302 450/450 848/848
f 848/848 450/450 885/885
f 885/885 1905/1905 848/848
f 302/302 848/848 1905/1905
f 1263/1263 1387/1387 885/885
f 885/885 1387/1387 1905/1905
f 1905/1905 1469/1469 302/302
f 933/933 302/302 1469/1469
f 1631/1631 933/933 1469/1469
f 1059/1059 244/244 933/933
f 1058/1058 400/400 1059/1059
f 244/244 26/26 933/933
f 1059/1059 933/933 893/893
f 1059/1059 893/893 1058/1058
f 1631/1631 1469/1469 765/765
f 1905/1905 765/765 1469/1469
f 893/893 765/765 428/428
f 765/765 1905/1905 552/552
f 893/893 933/933 1631/1631
f 765/765 893/893 1631/1631
f 552/552 428/428 765/765
f 1769/1769 1058/1058 893/893
f 1438/1438 1964/1964 369/369
f 1603/1603 369/369 1001/1001
f 1001/1001 609/609 1603/1603
f 369/369 826/826 1001/1001
f 1964/1964 826/826 369/369
f 1001/1001 760/760 609/609
f 665/665 1001/1001 826/826
f 665/665 760/760 1001/1001
f 826/826 1964/1964 658/658
f 658/658 1054/1054 826/826
f 246/246 658/658 1964/1964
f 1971/1971 569/569 246/246
f 1971/1971 1417/1417 1321/1321
f 45/45 438/438 1496/1496
f 1594/1594 438/438 1879/1879
f 197/197 438/438 1594/1594
f 1830/1830 438/438 197/197
f 477/477 197/197 1594/1594
f 1496/1496 438/438 1830/1830
f 1589/1589 1263/1263 1496/1496
f 197/197 705/705 1830/1830
f 1594/1594 1438/1438 477/477
f 82/82 705/705 197/197
f 477/477 82/82 197/197
f 1830/1830 1589/1589 1496/1496
f 705/705 1589/1589 1830/1830
f 82/82 595/595 705/705
f 82/82 1637/1637 595/595
f 1589/1589 705/705 595/595
f 795/795 1594/1594 14/14
f 14/14 31/31 795/795
f 795/795 1438/1438 1594/1594
f 477/477 1438/1438 1110/1110
f 1110/1110 82/82 477/477
f 82/82 1110/1110 1637/1637
f 369/369 1110/1110 1438/1438
f 1263/1263 1589/1589 1387/1387
f 504/504 1387/1387 1589/1589
f 965/965 1905/1905 1387/1387
f 552/552 965/965 452/452
f 965/965 552/552 1905/1905
f 452/452 428/428 552/552
f 504/504 1589/1589 1240/1240
f 1769/1769 428/428 452/452
f 504/504 965/965 1387/1387
f 1769/1769 893/893 428/428
f 595/595 1240/1240 1589/1589
f 1207/1207 1240/1240 595/595
f 1240/1240 1624/1624 504/504
f 1624/1624 1240/1240 1266/1266
f 1207/1207 1266/1266 1240/1240
f 154/154 1602/1602 1266/1266
f 515/515 1017/1017 1207/1207
f 1017/1017 1266/1266 1207/1207
f 1266/1266 1017/1017 154/154
f 1602/1602 154/154 1720/1720
f 154/154 1017/1017 1502/1502
f 1720/1720 154/154 1502/1502
f 1720/1720 250/250 1602/1602
f 1502/1502 160/160 1720/1720
f 1720/1720 160/160 1753/1753
f 1720/1720 1753/1753 250/250
f 160/160 1135/1135 868/868
f 1603/1603 1637/1637 1110/1110
f 369/369 1603/1603 1110/1110
f 1637/1637 1603/1603 609/609
f 609/609 595/595 1637/1637
f 595/595 609/609 1148/1148
f 595/595 1148/1148 1207/1207
f 760/760 1148/1148 609/609
f 515/515 1207/1207 1148/1148
f 516/516 1376/1376 515/515
f 1376/1376 891/891 515/515
f 891/891 1376/1376 1509/1509
f 516/516 515/515 1148/1148
f 1502/1502 1017/1017 515/515
f 515/515 891/891 1502/1502
f 891/891 1509/1509 1502/1502
f 1135/1135 1502/1502 1509/1509
f 1502/1502 1135/1135 160/160
f 1523/1523 1769/1769 452/452
f 452/452 965/965 1523/1523
f 1769/1769 1984/1984 1058/1058
f 965/965 504/504 1624/1624
f 1624/1624 1667/1667 965/965
f 1294/1294 1523/1523 1667/1667
f 1294/1294 1769/1769 1523/1523
f 1667/1667 1523/1523 965/965
f 1624/1624 1294/1294 1667/1667
f 1624/1624 1636/1636 1294/1294
f 1769/1769 1294/1294 1636/1636
f 1266/1266 654/654 1624/1624
f 1624/1624 654/654 1636/1636
f 1769/1769 1636/1636 1984/1984
f 654/654 1266/1266 1602/1602
f 1602/1602 1636/1636 654/654
f 1602/1602 1477/1477 1636/1636
f 1636/1636 1477/1477 1984/1984
f 1477/1477 1602/1602 250/250
f 1477/1477 250/250 704/704
f 1984/1984 1477/1477 704/704
f 704/704 250/250 1753/1753
f 868/868 1753/1753 160/160
f 1984/1984 704/704 1151/1151
f 1058/1058 1984/1984 1366/1366
f 1151/1151 1366/1366 1984/1984
f 14/14 1967/1967 31/31
f 1967/1967 956/956 31/31
f 533/533 956/956 1967/1967
f 1438/1438 795/795 1964/1964
f 1964/1964 795/795 31/31
f 246/246 1964/1964 31/31
f 1971/1971 246/246 31/31
f 956/956 1971/1971 31/31
f 841/841 1971/1971 956/956
f 1054/1054 665/665 826/826
f 1452/1452 1563/1563 760/760
f 1563/1563 1148/1148 760/760
f 1148/1148 1563/1563 1802/1802
f 1452/1452 1868/1868 1563/1563
f 1868/1868 1089/1089 1563/1563
f 42/42 1374/1374 1516/1516
f 658/658 1375/1375 1054/1054
f 1375/1375 665/665 1054/1054
f 1129/1129 760/760 665/665
f 1375/1375 1129/1129 665/665
f 760/760 1129/1129 1452/1452
f 1304/1304 1129/1129 1375/1375
f 1452/1452 238/238 1868/1868
f 238/238 1452/1452 1610/1610
f 272/272 1304/1304 1375/1375
f 409/409 1452/1452 1129/1129
f 1610/1610 1452/1452 409/409
f 238/238 1610/1610 47/47
f 1610/1610 1311/1311 47/47
f 47/47 1311/1311 1319/1319
f 1304/1304 409/409 1129/1129
f 980/980 409/409 1304/1304
f 107/107 1304/1304 272/272
f 107/107 980/980 1304/1304
f 980/980 107/107 254/254
f 1311/1311 1610/1610 409/409
f 409/409 980/980 1311/1311
f 980/980 1319/1319 1311/1311
f 1319/1319 980/980 83/83
f 83/83 639/639 1319/1319
f 640/640 83/83 550/550
f 1319/1319 639/639 691/691
f 1584/1584 690/690 640/640
f 550/550 1584/1584 640/640
f 254/254 83/83 980/980
f 550/550 83/83 254/254
f 658/658 272/272 1375/1375
f 852/852 272/272 658/658
f 272/272 852/852 32/32
f 32/32 107/107 272/272
f 32/32 254/254 107/107
f 1868/1868 238/238 42/42
f 42/42 238/238 47/47
f 1374/1374 42/42 47/47
f 691/691 47/47 1319/1319
f 691/691 1374/1374 47/47
f 1491/1491 1771/1771 550/550
f 658/658 569/569 852/852
f 658/658 246/246 569/569
f 1803/1803 254/254 32/32
f 1803/1803 550/550 254/254
f 1491/1491 550/550 1803/1803
f 1761/1761 1491/1491 1803/1803
f 660/660 1803/1803 32/32
f 1803/1803 660/660 1761/1761
f 1214/1214 690/690 1584/1584
f 1771/1771 1584/1584 550/550
f 471/471 690/690 1214/1214
f 1584/1584 427/427 1214/1214
f 691/691 472/472 1374/1374
f 427/427 471/471 1214/1214
f 427/427 593/593 471/471
f 1684/1684 1584/1584 1771/1771
f 1684/1684 427/427 1584/1584
f 1321/1321 569/569 1971/1971
f 1321/1321 852/852 569/569
f 1321/1321 1568/1568 852/852
f 32/32 852/852 1568/1568
f 1761/1761 608/608 1491/1491
f 608/608 1771/1771 1491/1491
f 1983/1983 32/32 1568/1568
f 660/660 32/32 1983/1983
f 1983/1983 1056/1056 660/660
f 1761/1761 660/660 1056/1056
f 702/702 1761/1761 1056/1056
f 1535/1535 1148/1148 1260/1260
f 394/394 1535/1535 1260/1260
f 1260/1260 1277/1277 394/394
f 1535/1535 516/516 1148/1148
f 394/394 1376/1376 516/516
f 394/394 516/516 1535/1535
f 394/394 38/38 1376/1376
f 1480/1480 1260/1260 1148/1148
f 1802/1802 1480/1480 1148/1148
f 1277/1277 1480/1480 1802/1802
f 1089/1089 1277/1277 1802/1802
f 42/42 1277/1277 1089/1089
f 1089/1089 1802/1802 1563/1563
f 1277/1277 1260/1260 1480/1480
f 38/38 394/394 1277/1277
f 1277/1277 42/42 38/38
f 38/38 42/42 1609/1609
f 1609/1609 42/42 1516/1516
f 1868/1868 42/42 1089/1089
f 1516/1516 336/336 1609/1609
f 1609/1609 336/336 645/645
f 1376/1376 1135/1135 1509/1509
f 1376/1376 38/38 1609/1609
f 1376/1376 645/645 1135/1135
f 1988/1988 1135/1135 645/645
f 1376/1376 1609/1609 645/645
f 645/645 1408/1408 1988/1988
f 472/472 592/592 1374/1374
f 592/592 336/336 1374/1374
f 427/427 361/361 593/593
f 1516/1516 1374/1374 336/336
f 593/593 288/288 1701/1701
f 361/361 288/288 593/593
f 1702/1702 336/336 592/592
f 478/478 288/288 361/361
f 1702/1702 645/645 336/336
f 906/906 645/645 1702/1702
f 672/672 1701/1701 288/288
f 672/672 905/905 1701/1701
f 1653/1653 672/672 288/288
f 478/478 1653/1653 288/288
f 906/906 1408/1408 645/645
f 1408/1408 906/906 957/957
f 672/672 1251/1251 905/905
f 1653/1653 1251/1251 672/672
f 1251/1251 716/716 905/905
f 1112/1112 1251/1251 1653/1653
f 717/717 957/957 906/906
f 137/137 1251/1251 1112/1112
f 716/716 1251/1251 137/137
f 1112/1112 1653/1653 701/701
f 1753/1753 868/868 64/64
f 64/64 704/704 1753/1753
f 1135/1135 1988/1988 868/868
f 64/64 868/868 1966/1966
f 1966/1966 868/868 1988/1988
f 1966/1966 1495/1495 64/64
f 704/704 64/64 1495/1495
f 1966/1966 1988/1988 2006/2006
f 1512/1512 1717/1717 1366/1366
f 1366/1366 1151/1151 1512/1512
f 1717/1717 1512/1512 709/709
f 641/641 1353/1353 709/709
f 704/704 1512/1512 1151/1151
f 621/621 641/641 709/709
f 539/539 709/709 1512/1512
f 621/621 709/709 539/539
f 1988/1988 1408/1408 2006/2006
f 2006/2006 892/892 1966/1966
f 1966/1966 892/892 1495/1495
f 167/167 2006/2006 1408/1408
f 892/892 2006/2006 167/167
f 167/167 1408/1408 957/957
f 109/109 510/510 1112/1112
f 701/701 109/109 1112/1112
f 269/269 704/704 1495/1495
f 269/269 1512/1512 704/704
f 1030/1030 1353/1353 641/641
f 1105/1105 1495/1495 892/892
f 892/892 167/167 1105/1105
f 641/641 621/621 1030/1030
f 717/717 1618/1618 957/957
f 137/137 1851/1851 716/716
f 137/137 1112/1112 510/510
f 1851/1851 137/137 774/774
f 510/510 774/774 137/137
f 594/594 774/774 510/510
f 1036/1036 716/716 1851/1851
f 1036/1036 1533/1533 716/716
f 774/774 1036/1036 1851/1851
f 594/594 1036/1036 774/774
f 1618/1618 1105/1105 167/167
f 1618/1618 167/167 957/957
f 1534/1534 1618/1618 717/717
f 269/269 1495/1495 1744/1744
f 1105/1105 1744/1744 1495/1495
f 1744/1744 1105/1105 1618/1618
f 1744/1744 902/902 269/269
f 749/749 1618/1618 1534/1534
f 1555/1555 748/748 1533/1533
f 1618/1618 902/902 1744/1744
f 1764/1764 269/269 902/902
f 749/749 902/902 1618/1618
f 902/902 749/749 1764/1764
f 1487/1487 1763/1763 748/748
f 1555/1555 1487/1487 748/748
f 1533/1533 1036/1036 1555/1555
f 1555/1555 1036/1036 594/594
f 1395/1395 1487/1487 1555/1555
f 1512/1512 269/269 539/539
f 913/913 621/621 539/539
f 913/913 539/539 1764/1764
f 1764/1764 539/539 269/269
f 150/150 1519/1519 913/913
f 1030/1030 621/621 1519/1519
f 913/913 1519/1519 621/621
f 1764/1764 1488/1488 913/913
f 150/150 913/913 1488/1488
f 1487/1487 1395/1395 149/149
f 1736/1736 1555/1555 594/594
f 1447/1447 1736/1736 594/594
f 594/594 510/510 1447/1447
f 1519/1519 150/150 1885/1885
f 446/446 1030/1030 1519/1519
f 1396/1396 1884/1884 1395/1395
f 1884/1884 149/149 1395/1395
f 1555/1555 1736/1736 1395/1395
f 1885/1885 446/446 1519/1519
f 1396/1396 1395/1395 1736/1736
f 1736/1736 1447/1447 1490/1490
f 1490/1490 1396/1396 1736/1736
f 478/478 361/361 427/427
f 1684/1684 478/478 427/427
f 1653/1653 478/478 701/701
f 1684/1684 701/701 478/478
f 405/405 701/701 1684/1684
f 608/608 1684/1684 1771/1771
f 702/702 608/608 1761/1761
f 1869/1869 1684/1684 608/608
f 1869/1869 405/405 1684/1684
f 701/701 1940/1940 109/109
f 405/405 1940/1940 701/701
f 295/295 109/109 1940/1940
f 531/531 446/446 1885/1885
f 1884/1884 1396/1396 530/530
f 1940/1940 1158/1158 295/295
f 1940/1940 405/405 1869/1869
f 295/295 1158/1158 1490/1490
f 109/109 1447/1447 510/510
f 1447/1447 109/109 295/295
f 295/295 1490/1490 1447/1447
f 1289/1289 1752/1752 963/963
f 1752/1752 1826/1826 963/963
f 412/412 1826/1826 1752/1752
f 1289/1289 1106/1106 1752/1752
f 301/301 963/963 1826/1826
f 1826/1826 41/41 301/301
f 1752/1752 1106/1106 1409/1409
f 1752/1752 1409/1409 412/412
f 1409/1409 1181/1181 412/412
f 1700/1700 1826/1826 412/412
f 1181/1181 1700/1700 412/412
f 182/182 1700/1700 1181/1181
f 1058/1058 1409/1409 400/400
f 1700/1700 41/41 1826/1826
f 41/41 1700/1700 1027/1027
f 1027/1027 1700/1700 93/93
f 1700/1700 182/182 93/93
f 862/862 1181/1181 1409/1409
f 182/182 1181/1181 862/862
f 649/649 93/93 182/182
f 1027/1027 93/93 649/649
f 649/649 854/854 1027/1027
f 862/862 649/649 182/182
f 1058/1058 2018/2018 1409/1409
f 1409/1409 2018/2018 862/862
f 1459/1459 2018/2018 1058/1058
f 2018/2018 928/928 862/862
f 1459/1459 928/928 2018/2018
f 862/862 928/928 982/982
f 211/211 928/928 1459/1459
f 211/211 982/982 928/928
f 1567/1567 854/854 649/649
f 1567/1567 649/649 862/862
f 1567/1567 862/862 982/982
f 1366/1366 1459/1459 1058/1058
f 547/547 211/211 1459/1459
f 547/547 1567/1567 211/211
f 982/982 211/211 1567/1567
f 854/854 290/290 1027/1027
f 290/290 854/854 807/807
f 807/807 854/854 459/459
f 1794/1794 459/459 854/854
f 854/854 1567/1567 817/817
f 1353/1353 1567/1567 547/547
f 817/817 1567/1567 1353/1353
f 1717/1717 1459/1459 1366/1366
f 547/547 1459/1459 1717/1717
f 466/466 817/817 1353/1353
f 1794/1794 854/854 817/817
f 1794/1794 817/817 466/466
f 459/459 610/610 807/807
f 610/610 459/459 1794/1794
f 1794/1794 998/998 610/610
f 1010/1010 610/610 998/998
f 1660/1660 610/610 1010/1010
f 1897/1897 610/610 1660/1660
f 1845/1845 1794/1794 466/466
f 998/998 1794/1794 1845/1845
f 1353/1353 547/547 709/709
f 1717/1717 709/709 547/547
f 1353/1353 1030/1030 466/466
f 466/466 1030/1030 1845/1845
f 1845/1845 1030/1030 446/446
f 1396/1396 686/686 530/530
f 1490/1490 686/686 1396/1396
f 446/446 531/531 733/733
f 686/686 732/732 530/530
f 1142/1142 686/686 1490/1490
f 1142/1142 732/732 686/686
f 1634/1634 446/446 733/733
f 1490/1490 1158/1158 1142/1142
f 1878/1878 1633/1633 732/732
f 1878/1878 732/732 1142/1142
f 1976/1976 1019/1019 1180/1180
f 1850/1850 1875/1875 294/294
f 603/603 1976/1976 1850/1850
f 294/294 1875/1875 1/1
f 1976/1976 603/603 1019/1019
f 1981/1981 1180/1180 1019/1019
f 1019/1019 603/603 262/262
f 1981/1981 1019/1019 262/262
f 759/759 600/600 1981/1981
f 1485/1485 603/603 1850/1850
f 262/262 603/603 1485/1485
f 262/262 1107/1107 1981/1981
f 759/759 1981/1981 1107/1107
f 1107/1107 1291/1291 759/759
f 1291/1291 385/385 759/759
f 118/118 1107/1107 1699/1699
f 1291/1291 1107/1107 118/118
f 118/118 1566/1566 1291/1291
f 1925/1925 1340/1340 1163/1163
f 1492/1492 1163/1163 1340/1340
f 1492/1492 698/698 1163/1163
f 964/964 1035/1035 698/698
f 737/737 1479/1479 275/275
f 1479/1479 737/737 726/726
f 726/726 737/737 284/284
f 1566/1566 118/118 964/964
f 1479/1479 1340/1340 1925/1925
f 1925/1925 275/275 1479/1479
f 1337/1337 1340/1340 1479/1479
f 1337/1337 1492/1492 1340/1340
f 618/618 726/726 1999/1999
f 1999/1999 726/726 284/284
f 1479/1479 726/726 618/618
f 659/659 1969/1969 285/285
f 1479/1479 618/618 1337/1337
f 522/522 964/964 698/698
f 1492/1492 522/522 698/698
f 840/840 1566/1566 964/964
f 567/567 1337/1337 618/618
f 840/840 964/964 522/522
f 1999/1999 1420/1420 618/618
f 1968/1968 1420/1420 1999/1999
f 1968/1968 1999/1999 284/284
f 10/10 1039/1039 827/827
f 1420/1420 1039/1039 10/10
f 827/827 535/535 10/10
f 535/535 827/827 1200/1200
f 1420/1420 1955/1955 1039/1039
f 1955/1955 1420/1420 1968/1968
f 1039/1039 1955/1955 827/827
f 1200/1200 827/827 1955/1955
f 1200/1200 1955/1955 1968/1968
f 1969/1969 659/659 1199/1199
f 898/898 916/916 1740/1740
f 1895/1895 1337/1337 1740/1740
f 920/920 1337/1337 1895/1895
f 1740/1740 1337/1337 567/567
f 10/10 567/567 1420/1420
f 898/898 1740/1740 567/567
f 1492/1492 1337/1337 920/920
f 898/898 10/10 916/916
f 365/365 916/916 535/535
f 1895/1895 1740/1740 916/916
f 365/365 1895/1895 916/916
f 1895/1895 365/365 486/486
f 659/659 934/934 1199/1199
f 522/522 1492/1492 920/920
f 840/840 522/522 813/813
f 920/920 813/813 522/522
f 920/920 1895/1895 486/486
f 600/600 37/37 1836/1836
f 37/37 600/600 759/759
f 759/759 385/385 37/37
f 735/735 37/37 385/385
f 1836/1836 1907/1907 378/378
f 448/448 1907/1907 1836/1836
f 533/533 378/378 1907/1907
f 1907/1907 448/448 1134/1134
f 969/969 1134/1134 448/448
f 448/448 1836/1836 37/37
f 448/448 37/37 735/735
f 1291/1291 735/735 385/385
f 992/992 535/535 1200/1200
f 1199/1199 934/934 991/991
f 365/365 535/535 1651/1651
f 992/992 572/572 535/535
f 1651/1651 535/535 572/572
f 365/365 1651/1651 78/78
f 78/78 486/486 365/365
f 1651/1651 1419/1419 78/78
f 992/992 1676/1676 572/572
f 1643/1643 1676/1676 992/992
f 991/991 934/934 1642/1642
f 1643/1643 572/572 1676/1676
f 572/572 375/375 1392/1392
f 1327/1327 1392/1392 375/375
f 207/207 572/572 1392/1392
f 1392/1392 1327/1327 1176/1176
f 1176/1176 1819/1819 1392/1392
f 1643/1643 375/375 572/572
f 374/374 1642/1642 934/934
f 934/934 1326/1326 374/374
f 34/34 1291/1291 152/152
f 1073/1073 339/339 770/770
f 920/920 770/770 1055/1055
f 684/684 1566/1566 840/840
f 920/920 1055/1055 66/66
f 840/840 1472/1472 684/684
f 1303/1303 1472/1472 920/920
f 920/920 486/486 770/770
f 486/486 78/78 565/565
f 565/565 78/78 1419/1419
f 770/770 486/486 565/565
f 770/770 565/565 1073/1073
f 865/865 934/934 659/659
f 659/659 1692/1692 865/865
f 1419/1419 1073/1073 565/565
f 1419/1419 1651/1651 572/572
f 1073/1073 1419/1419 339/339
f 226/226 934/934 865/865
f 226/226 865/865 1692/1692
f 813/813 1472/1472 840/840
f 1472/1472 813/813 920/920
f 770/770 339/339 207/207
f 207/207 1392/1392 1819/1819
f 685/685 66/66 1055/1055
f 1055/1055 770/770 207/207
f 685/685 1055/1055 207/207
f 207/207 66/66 685/685
f 1455/1455 207/207 1819/1819
f 66/66 207/207 1455/1455
f 684/684 1291/1291 1566/1566
f 1303/1303 920/920 66/66
f 1303/1303 66/66 502/502
f 226/226 1326/1326 934/934
f 322/322 830/830 1692/1692
f 226/226 1692/1692 830/830
f 1472/1472 1303/1303 502/502
f 1176/1176 534/534 1819/1819
f 1455/1455 1819/1819 541/541
f 842/842 541/541 1819/1819
f 534/534 186/186 842/842
f 534/534 842/842 1819/1819
f 1327/1327 186/186 534/534
f 1327/1327 534/534 1176/1176
f 4/4 842/842 186/186
f 4/4 186/186 528/528
f 4/4 528/528 541/541
f 4/4 541/541 842/842
f 226/226 187/187 1326/1326
f 1279/1279 541/541 176/176
f 176/176 541/541 50/50
f 1918/1918 176/176 50/50
f 528/528 50/50 541/541
f 50/50 528/528 186/186
f 51/51 187/187 226/226
f 51/51 226/226 1346/1346
f 66/66 465/465 656/656
f 116/116 66/66 656/656
f 465/465 116/116 656/656
f 152/152 1291/1291 684/684
f 66/66 116/116 1179/1179
f 1455/1455 465/465 66/66
f 465/465 1279/1279 116/116
f 1892/1892 176/176 1918/1918
f 1892/1892 1279/1279 176/176
f 1345/1345 1918/1918 50/50
f 1345/1345 25/25 1918/1918
f 1911/1911 25/25 1345/1345
f 1892/1892 1918/1918 25/25
f 116/116 1279/1279 1892/1892
f 1280/1280 1346/1346 226/226
f 994/994 25/25 1911/1911
f 1892/1892 25/25 994/994
f 1179/1179 502/502 66/66
f 1472/1472 1725/1725 684/684
f 502/502 1725/1725 1472/1472
f 1179/1179 1725/1725 502/502
f 1179/1179 116/116 1892/1892
f 1179/1179 1892/1892 1723/1723
f 684/684 1725/1725 152/152
f 1725/1725 1179/1179 1723/1723
f 226/226 830/830 1280/1280
f 1894/1894 1280/1280 830/830
f 52/52 1894/1894 830/830
f 830/830 322/322 52/52
f 475/475 52/52 322/322
f 1571/1571 735/735 1291/1291
f 1291/1291 34/34 1571/1571
f 919/919 34/34 1958/1958
f 1958/1958 34/34 3/3
f 34/34 1352/1352 1571/1571
f 34/34 919/919 1352/1352
f 3/3 34/34 152/152
f 1765/1765 1958/1958 3/3
f 1892/1892 994/994 155/155
f 1919/1919 1864/1864 993/993
f 155/155 994/994 331/331
f 152/152 662/662 3/3
f 1892/1892 155/155 1723/1723
f 155/155 345/345 1723/1723
f 3/3 775/775 1765/1765
f 777/777 1765/1765 775/775
f 919/919 1958/1958 1765/1765
f 1917/1917 919/919 1765/1765
f 1864/1864 332/332 993/993
f 345/345 155/155 331/331
f 344/344 333/333 1731/1731
f 1730/1730 332/332 1864/1864
f 1989/1989 1730/1730 1864/1864
f 1818/1818 775/775 3/3
f 1818/1818 3/3 662/662
f 775/775 1818/1818 777/777
f 344/344 1731/1731 1990/1990
f 1280/1280 1912/1912 1346/1346
f 1919/1919 993/993 1912/1912
f 1280/1280 1919/1919 1912/1912
f 1280/1280 1864/1864 1919/1919
f 1097/1097 1864/1864 1280/1280
f 1989/1989 1864/1864 1097/1097
f 599/599 204/204 919/919
f 735/735 969/969 448/448
f 311/311 969/969 735/735
f 735/735 1571/1571 311/311
f 764/764 311/311 1571/1571
f 1352/1352 1093/1093 1571/1571
f 1093/1093 764/764 1571/1571
f 1725/1725 903/903 152/152
f 903/903 1725/1725 1723/1723
f 1893/1893 662/662 1648/1648
f 711/711 777/777 1893/1893
f 711/711 1893/1893 1648/1648
f 662/662 152/152 1648/1648
f 1248/1248 344/344 1990/1990
f 903/903 1648/1648 152/152
f 1648/1648 903/903 874/874
f 903/903 1723/1723 345/345
f 345/345 874/874 903/903
f 874/874 345/345 88/88
f 88/88 345/345 1187/1187
f 1910/1910 777/777 711/711
f 1910/1910 711/711 126/126
f 126/126 711/711 1648/1648
f 126/126 1648/1648 874/874
f 126/126 874/874 88/88
f 1910/1910 1765/1765 777/777
f 1910/1910 1917/1917 1765/1765
f 777/777 1818/1818 1893/1893
f 1893/1893 1818/1818 662/662
f 1186/1186 344/344 1248/1248
f 126/126 388/388 1910/1910
f 388/388 1917/1917 1910/1910
f 126/126 1183/1183 388/388
f 1183/1183 126/126 88/88
f 970/970 1182/1182 87/87
f 970/970 87/87 1309/1309
f 808/808 1894/1894 52/52
f 72/72 1280/1280 1894/1894
f 661/661 73/73 799/799
f 799/799 1606/1606 661/661
f 664/664 799/799 73/73
f 808/808 52/52 475/475
f 1894/1894 663/663 72/72
f 663/663 1894/1894 808/808
f 798/798 663/663 1012/1012
f 663/663 475/475 1012/1012
f 475/475 663/663 808/808
f 322/322 703/703 475/475
f 1248/1248 1990/1990 1606/1606
f 1606/1606 1990/1990 1098/1098
f 1606/1606 1098/1098 661/661
f 661/661 1098/1098 73/73
f 72/72 1097/1097 1280/1280
f 1186/1186 1248/1248 1606/1606
f 1606/1606 799/799 1186/1186
f 1012/1012 1188/1188 798/798
f 1188/1188 1309/1309 87/87
f 1012/1012 1309/1309 1188/1188
f 1189/1189 1309/1309 1012/1012
f 1189/1189 1012/1012 1360/1360
f 1360/1360 1012/1012 475/475
f 1360/1360 475/475 703/703
f 919/919 1917/1917 599/599
f 599/599 1917/1917 895/895
f 388/388 895/895 1917/1917
f 1183/1183 895/895 388/388
f 883/883 599/599 895/895
f 1432/1432 895/895 1183/1183
f 883/883 895/895 1432/1432
f 1099/1099 1309/1309 1189/1189
f 1099/1099 1189/1189 1360/1360
f 970/970 1431/1431 1182/1182
f 1099/1099 970/970 1309/1309
f 1405/1405 204/204 599/599
f 695/695 883/883 1432/1432
f 883/883 1079/1079 599/599
f 599/599 1079/1079 1405/1405
f 694/694 1431/1431 1444/1444
f 1883/1883 1444/1444 1431/1431
f 396/396 1078/1078 694/694
f 883/883 695/695 1079/1079
f 1444/1444 1113/1113 694/694
f 1113/1113 1444/1444 1801/1801
f 1444/1444 1883/1883 1801/1801
f 1113/1113 396/396 694/694
f 970/970 1883/1883 1431/1431
f 204/204 1405/1405 98/98
f 396/396 1113/1113 231/231
f 231/231 1113/1113 1828/1828
f 1079/1079 464/464 1405/1405
f 1078/1078 952/952 463/463
f 396/396 952/952 1078/1078
f 1405/1405 464/464 98/98
f 1828/1828 1113/1113 1801/1801
f 1357/1357 1801/1801 1883/1883
f 1828/1828 1801/1801 1357/1357
f 1456/1456 1357/1357 1883/1883
f 1883/1883 411/411 1456/1456
f 411/411 1883/1883 970/970
f 970/970 1099/1099 36/36
f 1360/1360 703/703 555/555
f 1672/1672 555/555 703/703
f 555/555 1099/1099 1360/1360
f 1923/1923 463/463 952/952
f 927/927 98/98 1924/1924
f 1924/1924 98/98 464/464
f 952/952 1949/1949 1923/1923
f 1655/1655 927/927 1272/1272
f 927/927 1924/1924 1272/1272
f 1923/1923 1949/1949 1271/1271
f 1949/1949 1654/1654 1271/1271
f 1654/1654 514/514 926/926
f 1949/1949 514/514 1654/1654
f 396/396 1949/1949 952/952
f 1949/1949 396/396 231/231
f 1351/1351 1093/1093 1352/1352
f 881/881 1351/1351 1352/1352
f 919/919 1834/1834 1352/1352
f 881/881 1352/1352 1354/1354
f 1813/1813 98/98 1206/1206
f 1972/1972 1812/1812 1205/1205
f 1259/1259 1834/1834 98/98
f 1813/1813 1259/1259 98/98
f 261/261 1259/1259 1813/1813
f 1448/1448 1544/1544 260/260
f 1812/1812 1972/1972 260/260
f 1448/1448 260/260 1972/1972
f 630/630 260/260 1544/1544
f 968/968 1834/1834 1259/1259
f 1259/1259 261/261 968/968
f 791/791 968/968 261/261
f 630/630 790/790 260/260
f 360/360 1834/1834 968/968
f 1354/1354 1352/1352 1834/1834
f 360/360 1354/1354 1834/1834
f 360/360 968/968 791/791
f 190/190 360/360 791/791
f 190/190 791/791 341/341
f 190/190 488/488 360/360
f 488/488 1354/1354 360/360
f 105/105 70/70 1354/1354
f 1503/1503 70/70 105/105
f 591/591 70/70 1503/1503
f 488/488 105/105 1354/1354
f 1823/1823 591/591 1503/1503
f 1503/1503 105/105 1823/1823
f 488/488 190/190 341/341
f 836/836 488/488 341/341
f 1400/1400 105/105 488/488
f 105/105 1400/1400 1823/1823
f 1400/1400 488/488 836/836
f 1400/1400 836/836 1823/1823
f 1823/1823 1781/1781 591/591
f 835/835 340/340 178/178
f 836/836 1781/1781 1823/1823
f 1781/1781 836/836 270/270
f 271/271 835/835 178/178
f 1857/1857 178/178 340/340
f 178/178 273/273 271/271
f 1834/1834 919/919 204/204
f 873/873 1828/1828 1357/1357
f 231/231 1828/1828 951/951
f 951/951 1828/1828 873/873
f 36/36 411/411 970/970
f 98/98 1834/1834 204/204
f 1456/1456 1393/1393 1357/1357
f 1357/1357 1393/1393 873/873
f 1951/1951 1393/1393 1456/1456
f 1456/1456 411/411 1951/1951
f 555/555 1672/1672 637/637
f 1949/1949 231/231 951/951
f 926/926 514/514 1972/1972
f 951/951 514/514 1949/1949
f 951/951 1972/1972 514/514
f 1206/1206 98/98 927/927
f 1972/1972 1205/1205 926/926
f 1448/1448 1972/1972 951/951
f 951/951 873/873 1544/1544
f 1544/1544 1448/1448 951/951
f 1951/1951 630/630 1393/1393
f 1544/1544 873/873 1393/1393
f 1544/1544 1393/1393 630/630
f 1951/1951 790/790 630/630
f 790/790 1951/1951 411/411
f 972/972 411/411 36/36
f 1099/1099 972/972 36/36
f 104/104 790/790 411/411
f 340/340 790/790 104/104
f 411/411 972/972 104/104
f 1099/1099 104/104 972/972
f 555/555 1820/1820 1099/1099
f 1099/1099 1857/1857 104/104
f 104/104 1857/1857 340/340
f 1857/1857 1099/1099 1820/1820
f 1820/1820 983/983 1857/1857
f 555/555 985/985 1820/1820
f 983/983 1820/1820 985/985
f 178/178 1857/1857 983/983
f 983/983 1632/1632 178/178
f 983/983 985/985 1632/1632
f 985/985 555/555 1009/1009
f 1009/1009 555/555 637/637
f 867/867 1093/1093 1351/1351
f 1475/1475 1093/1093 867/867
f 1093/1093 1475/1475 764/764
f 857/857 867/867 1351/1351
f 881/881 857/857 1351/1351
f 881/881 1333/1333 857/857
f 1333/1333 881/881 1354/1354
f 1475/1475 867/867 857/857
f 70/70 1333/1333 1354/1354
f 591/591 1333/1333 70/70
f 379/379 1862/1862 1689/1689
f 1331/1331 1690/1690 1861/1861
f 1331/1331 1453/1453 1690/1690
f 1690/1690 1453/1453 924/924
f 380/380 1690/1690 924/924
f 1877/1877 379/379 878/878
f 303/303 924/924 1453/1453
f 1797/1797 380/380 924/924
f 878/878 379/379 1798/1798
f 924/924 303/303 1797/1797
f 857/857 1333/1333 591/591
f 390/390 857/857 591/591
f 273/273 1331/1331 622/622
f 1331/1331 1861/1861 622/622
f 623/623 1862/1862 373/373
f 1781/1781 390/390 591/591
f 325/325 273/273 622/622
f 270/270 326/326 1835/1835
f 325/325 271/271 273/273
f 1835/1835 326/326 623/623
f 1835/1835 623/623 373/373
f 1500/1500 373/373 1877/1877
f 1500/1500 1877/1877 878/878
f 390/390 1475/1475 857/857
f 1500/1500 1774/1774 373/373
f 1877/1877 373/373 1862/1862
f 379/379 1877/1877 1862/1862
f 878/878 1798/1798 1953/1953
f 303/303 1952/1952 1797/1797
f 1774/1774 1500/1500 878/878
f 1953/1953 1774/1774 878/878
f 1953/1953 1335/1335 1774/1774
f 1952/1952 303/303 624/624
f 401/401 624/624 303/303
f 401/401 303/303 1453/1453
f 1952/1952 624/624 1841/1841
f 1335/1335 1953/1953 1842/1842
f 401/401 1841/1841 624/624
f 1774/1774 1335/1335 1170/1170
f 1170/1170 214/214 1774/1774
f 1335/1335 1069/1069 1170/1170
f 270/270 390/390 1781/1781
f 390/390 270/270 778/778
f 778/778 270/270 212/212
f 1835/1835 212/212 270/270
f 1463/1463 1475/1475 390/390
f 1463/1463 390/390 778/778
f 212/212 373/373 1527/1527
f 212/212 1835/1835 373/373
f 1198/1198 1475/1475 1463/1463
f 1527/1527 373/373 1774/1774
f 1527/1527 1774/1774 214/214
f 1463/1463 778/778 212/212
f 1527/1527 139/139 212/212
f 220/220 1527/1527 214/214
f 139/139 1527/1527 220/220
f 1463/1463 212/212 139/139
f 1198/1198 1463/1463 139/139
f 1572/1572 764/764 1475/1475
f 643/643 1170/1170 1069/1069
f 163/163 1335/1335 1842/1842
f 1069/1069 1335/1335 163/163
f 1841/1841 401/401 162/162
f 1909/1909 1069/1069 163/163
f 589/589 1508/1508 214/214
f 1508/1508 589/589 1662/1662
f 752/752 1508/1508 1662/1662
f 220/220 214/214 1508/1508
f 1572/1572 1475/1475 1198/1198
f 214/214 1170/1170 643/643
f 643/643 1069/1069 855/855
f 643/643 589/589 214/214
f 855/855 589/589 643/643
f 162/162 401/401 1908/1908
f 1453/1453 1908/1908 401/401
f 1909/1909 855/855 1069/1069
f 1909/1909 1662/1662 855/855
f 855/855 1662/1662 589/589
f 429/429 1453/1453 1608/1608
f 1453/1453 429/429 1908/1908
f 752/752 1662/1662 1377/1377
f 1377/1377 1662/1662 912/912
f 912/912 479/479 1377/1377
f 912/912 1909/1909 479/479
f 752/752 1377/1377 479/479
f 1389/1389 1508/1508 752/752
f 1389/1389 220/220 1508/1508
f 479/479 879/879 752/752
f 752/752 879/879 1872/1872
f 1872/1872 879/879 479/479
f 1872/1872 479/479 1238/1238
f 1872/1872 1943/1943 752/752
f 1389/1389 752/752 1943/1943
f 912/912 1662/1662 1909/1909
f 273/273 1453/1453 1331/1331
f 1632/1632 1453/1453 273/273
f 1453/1453 1632/1632 1738/1738
f 178/178 1632/1632 273/273
f 985/985 1738/1738 1632/1632
f 607/607 1738/1738 985/985
f 1738/1738 351/351 1453/1453
f 1738/1738 607/607 351/351
f 1009/1009 607/607 985/985
f 156/156 607/607 1009/1009
f 351/351 1608/1608 1453/1453
f 1608/1608 351/351 607/607
f 607/607 1468/1468 1608/1608
f 1468/1468 607/607 156/156
f 1009/1009 1954/1954 156/156
f 220/220 1389/1389 392/392
f 653/653 1389/1389 1943/1943
f 392/392 1389/1389 653/653
f 139/139 220/220 392/392
f 46/46 1198/1198 139/139
f 567/567 618/618 1420/1420
f 898/898 567/567 10/10
f 10/10 535/535 916/916
f 1419/1419 572/572 339/339
f 339/339 572/572 207/207
f 1279/1279 465/465 541/541
f 465/465 1455/1455 541/541
f 1992/1992 1663/1663 1040/1040
f 1992/1992 1040/1040 769/769
f 203/203 1461/1461 1663/1663
f 682/682 1461/1461 203/203
f 1102/1102 1850/1850 294/294
f 294/294 1/1 1102/1102
f 1485/1485 1850/1850 1102/1102
f 1485/1485 1102/1102 1663/1663
f 1040/1040 1663/1663 1102/1102
f 1/1 1040/1040 1102/1102
f 1461/1461 1485/1485 1663/1663
f 1461/1461 262/262 1485/1485
f 769/769 1/1 1501/1501
f 1501/1501 1/1 689/689
f 682/682 262/262 1461/1461
f 262/262 682/682 1107/1107
f 1040/1040 1/1 769/769
f 1501/1501 689/689 1724/1724
f 793/793 631/631 95/95
f 793/793 95/95 945/945
f 631/631 793/793 1724/1724
f 1501/1501 1724/1724 1293/1293
f 71/71 1293/1293 766/766
f 1293/1293 1724/1724 793/793
f 298/298 1293/1293 793/793
f 1663/1663 1992/1992 203/203
f 251/251 203/203 1992/1992
f 203/203 251/251 682/682
f 1018/1018 1992/1992 1386/1386
f 1992/1992 1018/1018 251/251
f 769/769 1386/1386 1992/1992
f 251/251 1726/1726 1755/1755
f 1755/1755 682/682 251/251
f 1719/1719 1957/1957 1755/1755
f 1957/1957 682/682 1755/1755
f 108/108 1957/1957 947/947
f 921/921 886/886 208/208
f 1957/1957 921/921 682/682
f 1716/1716 1957/1957 108/108
f 886/886 1716/1716 108/108
f 1716/1716 886/886 921/921
f 1716/1716 921/921 1957/1957
f 1726/1726 251/251 1018/1018
f 1518/1518 1726/1726 1018/1018
f 1518/1518 443/443 1334/1334
f 1386/1386 1548/1548 1018/1018
f 1518/1518 1018/1018 1548/1548
f 1548/1548 1386/1386 1848/1848
f 1386/1386 769/769 454/454
f 1848/1848 1386/1386 454/454
f 1928/1928 1518/1518 1548/1548
f 1929/1929 975/975 1011/1011
f 974/974 1928/1928 1548/1548
f 975/975 1038/1038 1011/1011
f 1038/1038 975/975 1639/1639
f 1548/1548 1848/1848 940/940
f 974/974 1548/1548 1638/1638
f 1928/1928 443/443 1518/1518
f 1747/1747 1929/1929 1011/1011
f 1886/1886 1011/1011 1038/1038
f 1638/1638 1548/1548 940/940
f 1639/1639 939/939 1843/1843
f 1755/1755 1726/1726 1719/1719
f 1719/1719 1726/1726 1518/1518
f 1719/1719 1518/1518 1334/1334
f 1084/1084 443/443 1928/1928
f 443/443 1084/1084 1334/1334
f 1747/1747 1085/1085 1929/1929
f 814/814 1334/1334 1084/1084
f 1406/1406 1747/1747 1011/1011
f 1334/1334 1957/1957 1719/1719
f 947/947 1334/1334 814/814
f 1957/1957 1334/1334 947/947
f 1406/1406 1011/1011 1886/1886
f 1013/1013 179/179 1747/1747
f 1013/1013 1747/1747 1406/1406
f 1406/1406 1886/1886 1013/1013
f 1038/1038 1190/1190 1886/1886
f 103/103 814/814 1084/1084
f 947/947 814/814 103/103
f 103/103 108/108 947/947
f 1084/1084 1644/1644 103/103
f 179/179 1085/1085 1747/1747
f 1644/1644 108/108 103/103
f 1094/1094 1645/1645 1085/1085
f 108/108 1644/1644 1371/1371
f 179/179 1094/1094 1085/1085
f 441/441 1094/1094 179/179
f 179/179 1013/1013 441/441
f 1886/1886 602/602 1013/1013
f 1013/1013 602/602 441/441
f 602/602 1886/1886 1190/1190
f 1190/1190 1038/1038 1504/1504
f 1038/1038 1639/1639 1843/1843
f 1504/1504 1038/1038 1843/1843
f 1501/1501 454/454 769/769
f 454/454 239/239 823/823
f 1848/1848 454/454 823/823
f 940/940 1848/1848 823/823
f 1821/1821 823/823 54/54
f 940/940 823/823 1575/1575
f 1576/1576 1843/1843 939/939
f 1575/1575 823/823 1821/1821
f 1843/1843 1576/1576 1298/1298
f 1576/1576 1822/1822 579/579
f 579/579 1298/1298 1576/1576
f 1843/1843 1298/1298 816/816
f 54/54 823/823 239/239
f 579/579 1822/1822 53/53
f 1699/1699 1107/1107 682/682
f 138/138 79/79 1549/1549
f 1549/1549 79/79 407/407
f 1961/1961 79/79 138/138
f 1961/1961 406/406 79/79
f 138/138 1549/1549 1733/1733
f 1782/1782 1961/1961 138/138
f 1733/1733 1782/1782 138/138
f 650/650 851/851 1766/1766
f 1549/1549 851/851 650/650
f 1549/1549 407/407 851/851
f 407/407 223/223 851/851
f 223/223 1962/1962 851/851
f 851/851 1962/1962 1766/1766
f 223/223 407/407 1962/1962
f 1733/1733 1549/1549 650/650
f 393/393 1962/1962 1783/1783
f 393/393 1766/1766 1962/1962
f 1766/1766 1430/1430 650/650
f 208/208 886/886 228/228
f 543/543 111/111 897/897
f 108/108 1371/1371 886/886
f 228/228 886/886 1371/1371
f 1371/1371 896/896 228/228
f 1372/1372 543/543 897/897
f 208/208 228/228 1860/1860
f 227/227 1733/1733 650/650
f 896/896 1734/1734 228/228
f 896/896 112/112 1380/1380
f 111/111 393/393 1379/1379
f 393/393 1783/1783 1379/1379
f 1782/1782 1733/1733 1378/1378
f 1734/1734 896/896 1380/1380
f 543/543 393/393 111/111
f 1262/1262 393/393 543/543
f 682/682 921/921 313/313
f 921/921 208/208 1860/1860
f 313/313 921/921 1497/1497
f 1497/1497 921/921 1860/1860
f 650/650 1049/1049 227/227
f 1460/1460 228/228 1048/1048
f 1860/1860 228/228 1460/1460
f 1262/1262 1766/1766 393/393
f 1049/1049 650/650 1430/1430
f 714/714 1430/1430 1766/1766
f 1262/1262 714/714 1766/1766
f 824/824 1860/1860 1460/1460
f 1699/1699 682/682 1109/1109
f 1860/1860 802/802 1497/1497
f 682/682 313/313 1109/1109
f 802/802 1860/1860 628/628
f 1497/1497 802/802 313/313
f 1560/1560 1430/1430 655/655
f 655/655 627/627 1560/1560
f 1517/1517 1904/1904 627/627
f 1517/1517 627/627 655/655
f 824/824 628/628 1860/1860
f 1430/1430 714/714 655/655
f 1430/1430 1560/1560 1049/1049
f 1460/1460 1048/1048 1559/1559
f 1262/1262 1904/1904 655/655
f 1262/1262 655/655 714/714
f 1904/1904 1517/1517 655/655
f 1460/1460 1559/1559 1473/1473
f 824/824 1460/1460 1473/1473
f 1560/1560 627/627 1709/1709
f 1709/1709 627/627 1342/1342
f 1698/1698 627/627 1904/1904
f 1342/1342 627/627 1698/1698
f 962/962 1559/1559 1708/1708
f 1473/1473 1559/1559 962/962
f 962/962 389/389 1473/1473
f 435/435 1709/1709 1800/1800
f 1800/1800 1709/1709 1342/1342
f 435/435 1348/1348 1709/1709
f 962/962 1708/1708 1347/1347
f 1698/1698 1800/1800 1342/1342
f 1904/1904 1800/1800 1698/1698
f 1262/1262 1800/1800 1904/1904
f 802/802 628/628 1867/1867
f 1867/1867 628/628 1002/1002
f 824/824 1002/1002 628/628
f 1002/1002 418/418 1867/1867
f 1473/1473 1000/1000 1002/1002
f 1002/1002 824/824 1473/1473
f 418/418 1002/1002 1000/1000
f 313/313 513/513 1109/1109
f 513/513 313/313 802/802
f 1867/1867 418/418 890/890
f 1000/1000 1473/1473 389/389
f 389/389 890/890 418/418
f 389/389 418/418 1000/1000
f 802/802 1867/1867 890/890
f 1262/1262 1849/1849 1800/1800
f 1645/1645 1094/1094 1372/1372
f 1094/1094 543/543 1372/1372
f 441/441 1596/1596 1094/1094
f 1262/1262 543/543 1094/1094
f 441/441 602/602 503/503
f 503/503 1596/1596 441/441
f 602/602 1476/1476 503/503
f 370/370 1596/1596 503/503
f 1476/1476 602/602 1190/1190
f 1596/1596 1262/1262 1094/1094
f 782/782 1262/1262 1596/1596
f 503/503 1476/1476 370/370
f 370/370 782/782 1596/1596
f 1096/1096 1476/1476 1190/1190
f 370/370 1476/1476 1096/1096
f 1190/1190 1504/1504 1096/1096
f 1829/1829 1347/1347 221/221
f 858/858 1562/1562 1680/1680
f 435/435 617/617 1348/1348
f 890/890 389/389 1154/1154
f 1154/1154 389/389 962/962
f 1849/1849 435/435 1800/1800
f 1154/1154 962/962 90/90
f 1154/1154 1562/1562 890/890
f 1562/1562 1154/1154 90/90
f 90/90 1680/1680 1562/1562
f 1829/1829 962/962 1347/1347
f 616/616 221/221 1347/1347
f 435/435 1849/1849 617/617
f 15/15 221/221 616/616
f 1829/1829 221/221 15/15
f 15/15 1564/1564 1829/1829
f 1564/1564 15/15 1218/1218
f 15/15 433/433 1218/1218
f 616/616 433/433 15/15
f 1680/1680 1829/1829 114/114
f 305/305 1564/1564 1218/1218
f 1727/1727 305/305 1218/1218
f 1849/1849 434/434 617/617
f 239/239 454/454 1501/1501
f 1804/1804 54/54 239/239
f 124/124 53/53 1805/1805
f 1504/1504 1843/1843 816/816
f 1096/1096 1504/1504 1229/1229
f 579/579 53/53 124/124
f 1362/1362 1298/1298 579/579
f 816/816 1229/1229 1504/1504
f 1096/1096 1229/1229 542/542
f 1727/1727 1218/1218 433/433
f 1585/1585 542/542 1229/1229
f 1262/1262 782/782 1849/1849
f 802/802 1562/1562 858/858
f 802/802 858/858 1579/1579
f 513/513 802/802 1579/1579
f 1579/1579 858/858 194/194
f 802/802 890/890 1562/1562
f 370/370 1650/1650 782/782
f 1109/1109 118/118 1699/1699
f 194/194 858/858 114/114
f 858/858 1680/1680 114/114
f 194/194 114/114 449/449
f 24/24 118/118 1109/1109
f 386/386 287/287 194/194
f 449/449 1564/1564 305/305
f 305/305 990/990 449/449
f 904/904 434/434 1849/1849
f 305/305 1727/1727 1577/1577
f 2017/2017 194/194 449/449
f 990/990 2017/2017 449/449
f 2017/2017 386/386 194/194
f 990/990 566/566 2017/2017
f 386/386 2017/2017 566/566
f 1579/1579 194/194 287/287
f 1109/1109 513/513 86/86
f 513/513 1579/1579 86/86
f 24/24 1109/1109 86/86
f 782/782 904/904 1849/1849
f 1650/1650 1216/1216 782/782
f 1216/1216 1650/1650 1096/1096
f 1650/1650 370/370 1096/1096
f 1577/1577 1713/1713 804/804
f 1727/1727 1713/1713 1577/1577
f 1713/1713 1385/1385 804/804
f 433/433 1833/1833 1727/1727
f 904/904 1832/1832 434/434
f 566/566 1577/1577 804/804
f 804/804 386/386 566/566
f 1727/1727 1281/1281 1713/1713
f 1281/1281 1727/1727 1833/1833
f 964/964 118/118 24/24
f 386/386 804/804 287/287
f 1385/1385 287/287 804/804
f 722/722 287/287 1385/1385
f 287/287 481/481 1579/1579
f 481/481 86/86 1579/1579
f 481/481 287/287 1046/1046
f 287/287 722/722 1282/1282
f 1282/1282 722/722 1713/1713
f 1282/1282 1749/1749 287/287
f 266/266 210/210 1281/1281
f 1833/1833 266/266 1281/1281
f 1713/1713 1281/1281 210/210
f 346/346 210/210 266/266
f 1554/1554 210/210 346/346
f 1554/1554 346/346 1626/1626
f 130/130 1282/1282 210/210
f 130/130 210/210 1554/1554
f 1922/1922 266/266 1833/1833
f 1921/1921 1832/1832 904/904
f 266/266 1922/1922 346/346
f 1749/1749 1282/1282 130/130
f 130/130 1760/1760 1749/1749
f 1554/1554 1626/1626 202/202
f 49/49 202/202 1626/1626
f 49/49 1626/1626 346/346
f 1554/1554 200/200 1285/1285
f 308/308 49/49 62/62
f 49/49 346/346 1922/1922
f 49/49 1922/1922 62/62
f 1554/1554 202/202 1428/1428
f 1429/1429 202/202 49/49
f 308/308 1429/1429 49/49
f 130/130 1554/1554 1285/1285
f 761/761 130/130 1285/1285
f 201/201 63/63 1287/1287
f 61/61 16/16 1286/1286
f 17/17 761/761 1285/1285
f 310/310 63/63 201/201
f 130/130 761/761 833/833
f 761/761 918/918 833/833
f 918/918 761/761 17/17
f 1921/1921 16/16 61/61
f 16/16 1921/1921 1258/1258
f 904/904 1258/1258 1921/1921
f 1428/1428 200/200 1554/1554
f 309/309 200/200 1428/1428
f 673/673 917/917 1258/1258
f 673/673 1258/1258 245/245
f 674/674 508/508 833/833
f 674/674 833/833 918/918
f 16/16 1258/1258 917/917
f 1925/1925 833/833 508/508
f 24/24 86/86 481/481
f 1035/1035 24/24 481/481
f 287/287 1749/1749 1046/1046
f 1035/1035 481/481 1046/1046
f 964/964 24/24 1035/1035
f 1046/1046 1749/1749 1760/1760
f 130/130 1163/1163 1760/1760
f 1046/1046 1760/1760 1163/1163
f 1035/1035 1046/1046 698/698
f 1132/1132 904/904 782/782
f 1216/1216 1132/1132 782/782
f 1163/1163 130/130 833/833
f 1735/1735 1258/1258 904/904
f 1925/1925 1163/1163 833/833
f 1163/1163 698/698 1046/1046
f 1132/1132 1735/1735 904/904
f 1096/1096 1082/1082 1216/1216
f 507/507 673/673 245/245
f 507/507 245/245 1025/1025
f 507/507 1025/1025 1246/1246
f 1246/1246 736/736 507/507
f 1925/1925 508/508 275/275
f 1258/1258 1025/1025 245/245
f 275/275 508/508 737/737
f 1025/1025 736/736 1246/1246
f 736/736 1025/1025 285/285
f 1025/1025 1258/1258 1735/1735
f 1025/1025 1735/1735 285/285
f 1735/1735 659/659 285/285
f 252/252 1082/1082 1096/1096
f 1692/1692 1735/1735 1132/1132
f 1216/1216 1692/1692 1132/1132
f 1735/1735 1692/1692 659/659
f 322/322 1692/1692 1216/1216
f 322/322 1216/1216 1082/1082
f 542/542 252/252 1096/1096
f 1718/1718 252/252 542/542
f 1804/1804 239/239 1628/1628
f 1804/1804 1628/1628 1267/1267
f 1640/1640 1805/1805 1268/1268
f 124/124 1805/1805 1362/1362
f 1362/1362 1805/1805 1640/1640
f 1362/1362 1640/1640 1268/1268
f 1362/1362 1268/1268 323/323
f 71/71 239/239 1501/1501
f 1362/1362 323/323 1540/1540
f 239/239 71/71 1628/1628
f 1267/1267 1628/1628 1960/1960
f 1267/1267 1960/1960 1185/1185
f 1960/1960 1628/1628 372/372
f 372/372 1185/1185 1960/1960
f 323/323 1268/1268 1402/1402
f 1402/1402 1268/1268 1184/1184
f 1540/1540 323/323 1402/1402
f 1528/1528 816/816 1298/1298
f 1628/1628 1772/1772 372/372
f 1628/1628 71/71 1772/1772
f 1402/1402 1184/1184 1936/1936
f 1185/1185 372/372 1064/1064
f 1064/1064 372/372 1506/1506
f 1742/1742 894/894 304/304
f 304/304 894/894 1332/1332
f 1678/1678 894/894 1742/1742
f 13/13 894/894 1678/1678
f 1995/1995 1597/1597 581/581
f 581/581 1597/1597 1341/1341
f 1341/1341 1597/1597 880/880
f 1241/1241 1996/1996 581/581
f 1241/1241 581/581 1341/1341
f 1241/1241 1341/1341 880/880
f 482/482 1597/1597 1995/1995
f 225/225 1597/1597 482/482
f 1597/1597 225/225 889/889
f 1995/1995 1242/1242 482/482
f 482/482 1242/1242 225/225
f 225/225 1242/1242 889/889
f 1936/1936 1184/1184 1063/1063
f 1936/1936 1063/1063 1505/1505
f 880/880 1597/1597 102/102
f 1241/1241 880/880 102/102
f 102/102 1597/1597 132/132
f 132/132 1597/1597 758/758
f 758/758 1597/1597 1790/1790
f 1790/1790 1597/1597 1381/1381
f 1241/1241 102/102 132/132
f 1241/1241 132/132 758/758
f 1241/1241 758/758 1790/1790
f 1790/1790 1381/1381 1580/1580
f 1241/1241 1790/1790 1580/1580
f 561/561 1381/1381 1597/1597
f 561/561 1597/1597 889/889
f 999/999 1382/1382 560/560
f 18/18 1742/1742 304/304
f 999/999 19/19 1522/1522
f 18/18 304/304 1521/1521
f 304/304 1332/1332 1520/1520
f 1332/1332 1381/1381 1520/1520
f 1382/1382 999/999 1522/1522
f 561/561 889/889 1242/1242
f 560/560 1241/1241 999/999
f 646/646 999/999 1241/1241
f 1743/1743 19/19 172/172
f 1742/1742 171/171 1678/1678
f 999/999 172/172 19/19
f 1678/1678 171/171 13/13
f 1580/1580 1381/1381 1127/1127
f 1127/1127 1381/1381 366/366
f 366/366 1381/1381 1332/1332
f 366/366 1332/1332 1284/1284
f 646/646 1241/1241 1127/1127
f 1127/1127 1241/1241 1580/1580
f 646/646 1127/1127 366/366
f 1284/1284 646/646 366/366
f 1785/1785 172/172 999/999
f 1785/1785 999/999 646/646
f 512/512 205/205 871/871
f 13/13 871/871 894/894
f 12/12 512/512 871/871
f 12/12 871/871 13/13
f 949/949 205/205 512/512
f 512/512 12/12 949/949
f 1332/1332 871/871 205/205
f 1332/1332 894/894 871/871
f 811/811 1506/1506 372/372
f 1614/1614 476/476 153/153
f 153/153 476/476 1613/1613
f 1613/1613 1247/1247 153/153
f 153/153 523/523 1615/1615
f 829/829 206/206 950/950
f 523/523 153/153 1247/1247
f 950/950 11/11 829/829
f 1505/1505 1641/1641 1936/1936
f 1505/1505 812/812 1641/1641
f 13/13 171/171 12/12
f 1936/1936 1540/1540 1402/1402
f 1540/1540 1528/1528 1298/1298
f 1936/1936 264/264 1540/1540
f 1540/1540 264/264 1528/1528
f 1641/1641 264/264 1936/1936
f 820/820 811/811 372/372
f 166/166 812/812 1914/1914
f 1914/1914 812/812 821/821
f 1641/1641 812/812 166/166
f 1196/1196 1641/1641 166/166
f 27/27 1196/1196 166/166
f 264/264 1641/1641 1196/1196
f 1196/1196 76/76 264/264
f 1196/1196 1739/1739 140/140
f 140/140 76/76 1196/1196
f 264/264 76/76 1528/1528
f 76/76 1574/1574 1528/1528
f 1574/1574 76/76 1197/1197
f 1574/1574 526/526 1528/1528
f 143/143 1950/1950 563/563
f 372/372 1772/1772 563/563
f 1772/1772 783/783 563/563
f 372/372 563/563 1950/1950
f 143/143 563/563 1144/1144
f 146/146 584/584 192/192
f 1144/1144 563/563 606/606
f 384/384 606/606 1547/1547
f 1130/1130 1332/1332 723/723
f 1247/1247 1613/1613 1153/1153
f 828/828 524/524 1256/1256
f 523/523 1247/1247 1255/1255
f 1247/1247 1153/1153 1255/1255
f 1153/1153 205/205 1255/1255
f 206/206 829/829 1257/1257
f 1332/1332 205/205 1153/1153
f 829/829 11/11 417/417
f 828/828 297/297 524/524
f 828/828 414/414 297/297
f 1332/1332 1153/1153 1028/1028
f 723/723 1332/1332 1070/1070
f 1028/1028 1070/1070 1332/1332
f 1028/1028 1153/1153 445/445
f 2021/2021 1072/1072 279/279
f 1072/1072 1029/1029 279/279
f 1028/1028 445/445 278/278
f 445/445 1965/1965 278/278
f 1965/1965 414/414 278/278
f 416/416 2021/2021 280/280
f 1071/1071 242/242 724/724
f 445/445 1153/1153 1927/1927
f 1927/1927 1153/1153 1192/1192
f 1192/1192 1153/1153 395/395
f 243/243 1072/1072 2021/2021
f 1927/1927 1965/1965 445/445
f 1192/1192 1965/1965 1927/1927
f 395/395 1965/1965 1192/1192
f 646/646 1124/1124 1785/1785
f 1787/1787 1125/1125 100/100
f 12/12 99/99 415/415
f 647/647 101/101 1126/1126
f 101/101 647/647 416/416
f 1332/1332 984/984 1284/1284
f 984/984 1332/1332 180/180
f 984/984 646/646 1284/1284
f 180/180 646/646 984/984
f 647/647 849/849 416/416
f 180/180 1332/1332 1130/1130
f 647/647 1131/1131 849/849
f 849/849 1131/1131 725/725
f 647/647 181/181 1131/1131
f 243/243 849/849 725/725
f 611/611 1810/1810 1613/1613
f 1811/1811 613/613 721/721
f 143/143 1153/1153 1613/1613
f 143/143 1613/1613 1810/1810
f 633/633 1950/1950 143/143
f 143/143 1810/1810 633/633
f 820/820 372/372 1950/1950
f 820/820 1950/1950 633/633
f 721/721 634/634 1811/1811
f 1913/1913 819/819 632/632
f 1913/1913 632/632 718/718
f 297/297 414/414 719/719
f 734/734 1194/1194 1168/1168
f 1195/1195 1607/1607 1169/1169
f 1042/1042 1194/1194 734/734
f 551/551 1194/1194 1042/1042
f 1914/1914 720/720 27/27
f 27/27 166/166 1914/1914
f 395/395 1153/1153 1418/1418
f 1965/1965 719/719 414/414
f 1418/1418 1965/1965 395/395
f 1418/1418 1153/1153 1086/1086
f 1086/1086 1965/1965 1418/1418
f 1194/1194 551/551 1965/1965
f 27/27 1195/1195 1739/1739
f 584/584 1739/1739 1195/1195
f 1269/1269 1194/1194 1965/1965
f 1144/1144 1153/1153 143/143
f 1739/1739 584/584 146/146
f 1754/1754 1153/1153 1053/1053
f 1053/1053 1153/1153 687/687
f 1754/1754 1965/1965 1086/1086
f 1086/1086 1153/1153 1754/1754
f 1053/1053 687/687 1269/1269
f 1053/1053 1269/1269 1754/1754
f 1754/1754 1269/1269 1965/1965
f 315/315 1153/1153 1144/1144
f 315/315 687/687 1153/1153
f 888/888 687/687 315/315
f 1646/1646 352/352 315/315
f 352/352 888/888 315/315
f 354/354 1647/1647 1270/1270
f 1144/1144 1466/1466 315/315
f 1466/1466 1646/1646 315/315
f 888/888 1269/1269 687/687
f 1466/1466 1144/1144 606/606
f 1465/1465 605/605 193/193
f 192/192 604/604 383/383
f 1546/1546 192/192 383/383
f 192/192 1647/1647 1464/1464
f 1932/1932 1528/1528 526/526
f 1528/1528 1932/1932 816/816
f 124/124 1362/1362 579/579
f 1298/1298 1362/1362 1540/1540
f 1229/1229 816/816 1714/1714
f 1714/1714 816/816 1932/1932
f 76/76 140/140 1197/1197
f 1197/1197 140/140 329/329
f 1293/1293 71/71 1501/1501
f 766/766 1772/1772 71/71
f 1751/1751 1772/1772 766/766
f 562/562 783/783 1807/1807
f 783/783 562/562 563/563
f 562/562 1942/1942 563/563
f 218/218 1942/1942 562/562
f 218/218 562/562 1807/1807
f 135/135 1942/1942 218/218
f 59/59 1796/1796 217/217
f 58/58 216/216 1806/1806
f 1796/1796 134/134 217/217
f 1793/1793 146/146 58/58
f 1739/1739 146/146 1793/1793
f 1795/1795 58/58 146/146
f 1942/1942 135/135 1946/1946
f 58/58 1806/1806 1658/1658
f 134/134 1796/1796 1945/1945
f 58/58 1658/1658 1793/1793
f 783/783 1772/1772 1751/1751
f 1751/1751 1807/1807 783/783
f 1750/1750 1658/1658 1806/1806
f 1658/1658 1750/1750 29/29
f 29/29 1390/1390 1658/1658
f 1865/1865 1390/1390 29/29
f 1539/1539 318/318 1067/1067
f 563/563 1942/1942 131/131
f 1795/1795 146/146 192/192
f 192/192 648/648 1795/1795
f 606/606 563/563 131/131
f 1312/1312 1942/1942 1946/1946
f 1930/1930 1538/1538 1066/1066
f 131/131 1942/1942 1312/1312
f 410/410 1931/1931 1225/1225
f 1930/1930 1066/1066 1224/1224
f 1067/1067 318/318 1226/1226
f 318/318 131/131 1226/1226
f 131/131 1312/1312 1226/1226
f 1312/1312 1946/1946 1226/1226
f 1944/1944 410/410 1225/1225
f 1944/1944 1795/1795 410/410
f 606/606 131/131 425/425
f 1547/1547 606/606 425/425
f 1569/1569 648/648 548/548
f 1546/1546 424/424 548/548
f 548/548 424/424 1569/1569
f 131/131 92/92 425/425
f 91/91 1569/1569 424/424
f 92/92 131/131 1451/1451
f 1450/1450 1136/1136 91/91
f 1136/1136 1450/1450 1510/1510
f 1136/1136 1045/1045 91/91
f 91/91 1045/1045 1569/1569
f 1539/1539 537/537 318/318
f 620/620 755/755 382/382
f 1931/1931 619/619 381/381
f 318/318 537/537 755/755
f 1931/1931 381/381 1881/1881
f 382/382 755/755 1882/1882
f 755/755 537/537 1882/1882
f 537/537 1539/1539 1882/1882
f 1538/1538 1930/1930 1880/1880
f 692/692 289/289 1254/1254
f 29/29 1750/1750 651/651
f 1081/1081 755/755 620/620
f 1902/1902 755/755 1081/1081
f 619/619 1931/1931 1080/1080
f 1080/1080 1931/1931 1901/1901
f 1306/1306 755/755 1902/1902
f 1253/1253 213/213 692/692
f 1901/1901 1931/1931 1305/1305
f 1254/1254 289/289 1365/1365
f 506/506 755/755 1306/1306
f 213/213 1253/1253 1364/1364
f 1305/1305 1931/1931 1664/1664
f 1305/1305 1664/1664 505/505
f 410/410 1795/1795 1931/1931
f 1931/1931 1795/1795 518/518
f 651/651 1865/1865 29/29
f 755/755 131/131 318/318
f 131/131 755/755 1451/1451
f 1451/1451 755/755 773/773
f 1481/1481 1931/1931 518/518
f 1261/1261 1493/1493 518/518
f 1481/1481 1664/1664 1931/1931
f 1481/1481 675/675 1664/1664
f 1751/1751 766/766 1338/1338
f 651/651 1750/1750 1339/1339
f 651/651 1339/1339 1704/1704
f 129/129 289/289 692/692
f 1865/1865 651/651 635/635
f 692/692 213/213 129/129
f 635/635 651/651 1704/1704
f 635/635 1704/1704 1865/1865
f 1687/1687 289/289 129/129
f 1365/1365 289/289 1588/1588
f 767/767 289/289 1687/1687
f 1588/1588 289/289 121/121
f 289/289 767/767 1970/1970
f 121/121 289/289 451/451
f 451/451 289/289 1705/1705
f 1705/1705 289/289 1087/1087
f 129/129 213/213 1687/1687
f 7/7 213/213 546/546
f 213/213 1364/1364 546/546
f 1363/1363 1587/1587 545/545
f 1587/1587 755/755 545/545
f 755/755 506/506 545/545
f 505/505 5/5 544/544
f 7/7 1963/1963 1687/1687
f 7/7 1687/1687 213/213
f 505/505 1664/1664 5/5
f 1587/1587 343/343 755/755
f 1659/1659 343/343 468/468
f 343/343 1587/1587 468/468
f 1588/1588 121/121 470/470
f 121/121 2015/2015 470/470
f 2014/2014 1963/1963 469/469
f 1963/1963 7/7 469/469
f 6/6 1659/1659 468/468
f 1847/1847 343/343 1659/1659
f 1202/1202 5/5 1664/1664
f 1203/1203 1659/1659 6/6
f 1659/1659 1203/1203 1847/1847
f 767/767 1963/1963 1970/1970
f 451/451 2015/2015 121/121
f 1143/1143 1087/1087 1970/1970
f 1970/1970 1087/1087 289/289
f 1511/1511 1451/1451 349/349
f 348/348 1136/1136 1510/1510
f 856/856 568/568 755/755
f 568/568 856/856 1712/1712
f 856/856 330/330 1712/1712
f 349/349 1451/1451 773/773
f 755/755 597/597 773/773
f 597/597 755/755 568/568
f 348/348 772/772 1261/1261
f 1261/1261 772/772 1493/1493
f 1493/1493 772/772 596/596
f 596/596 1481/1481 1493/1493
f 1493/1493 1481/1481 518/518
f 348/348 1045/1045 1136/1136
f 1481/1481 1234/1234 675/675
f 1162/1162 568/568 1006/1006
f 568/568 1712/1712 1006/1006
f 1711/1711 1201/1201 1003/1003
f 1202/1202 1234/1234 1005/1005
f 1234/1234 1161/1161 1004/1004
f 1712/1712 1556/1556 1204/1204
f 1481/1481 1161/1161 1234/1234
f 597/597 568/568 1384/1384
f 1383/1383 1481/1481 596/596
f 1384/1384 568/568 1162/1162
f 330/330 1556/1556 1712/1712
f 1161/1161 1481/1481 1383/1383
f 451/451 1705/1705 256/256
f 256/256 1705/1705 1087/1087
f 755/755 343/343 810/810
f 1611/1611 856/856 1669/1669
f 856/856 755/755 1669/1669
f 755/755 810/810 1669/1669
f 809/809 1203/1203 1668/1668
f 1204/1204 1612/1612 1670/1670
f 299/299 856/856 1611/1611
f 1203/1203 809/809 1856/1856
f 856/856 299/299 696/696
f 2015/2015 451/451 256/256
f 1963/1963 2014/2014 255/255
f 1847/1847 1203/1203 1856/1856
f 330/330 856/856 784/784
f 1043/1043 856/856 696/696
f 784/784 856/856 1870/1870
f 1870/1870 856/856 1043/1043
f 1741/1741 1087/1087 1143/1143
f 1441/1441 1087/1087 1741/1741
f 929/929 1087/1087 1441/1441
f 241/241 1087/1087 929/929
f 911/911 1087/1087 241/241
f 1087/1087 1416/1416 256/256
f 1416/1416 1087/1087 911/911
f 1143/1143 1963/1963 1741/1741
f 1963/1963 255/255 1065/1065
f 343/343 1847/1847 1171/1171
f 1741/1741 1963/1963 1065/1065
f 1741/1741 1065/1065 1441/1441
f 1847/1847 1856/1856 1171/1171
f 810/810 343/343 1171/1171
f 1856/1856 809/809 1171/1171
f 929/929 1065/1065 241/241
f 241/241 1065/1065 911/911
f 1415/1415 1065/1065 255/255
f 1065/1065 1415/1415 911/911
f 784/784 240/240 1556/1556
f 784/784 1556/1556 330/330
f 697/697 1556/1556 240/240
f 240/240 1044/1044 697/697
f 1870/1870 240/240 784/784
f 1043/1043 240/240 1870/1870
f 1739/1739 1793/1793 1658/1658
f 1739/1739 1658/1658 1390/1390
f 1739/1739 329/329 140/140
f 329/329 1739/1739 1390/1390
f 1197/1197 329/329 1574/1574
f 329/329 1390/1390 1507/1507
f 1507/1507 1390/1390 1865/1865
f 1574/1574 329/329 286/286
f 286/286 329/329 1507/1507
f 286/286 526/526 1574/1574
f 286/286 1932/1932 526/526
f 1932/1932 286/286 196/196
f 1507/1507 1704/1704 183/183
f 1507/1507 1865/1865 1704/1704
f 1704/1704 1339/1339 183/183
f 183/183 1339/1339 1616/1616
f 1338/1338 766/766 1617/1617
f 286/286 1507/1507 1446/1446
f 196/196 286/286 1446/1446
f 1616/1616 1507/1507 183/183
f 1585/1585 1229/1229 1714/1714
f 1714/1714 1932/1932 196/196
f 1714/1714 44/44 1585/1585
f 196/196 44/44 1714/1714
f 1718/1718 542/542 1585/1585
f 291/291 793/793 945/945
f 1104/1104 1443/1443 1561/1561
f 945/945 95/95 1855/1855
f 1133/1133 1561/1561 762/762
f 1103/1103 945/945 1855/1855
f 1561/1561 1686/1686 1104/1104
f 1414/1414 291/291 945/945
f 291/291 1414/1414 473/473
f 1685/1685 473/473 1414/1414
f 1103/1103 1414/1414 945/945
f 1685/1685 1414/1414 1103/1103
f 1866/1866 1686/1686 1561/1561
f 1133/1133 1866/1866 1561/1561
f 766/766 1293/1293 298/298
f 1617/1617 766/766 670/670
f 669/669 355/355 1616/1616
f 1446/1446 1507/1507 355/355
f 355/355 1507/1507 1616/1616
f 483/483 793/793 291/291
f 483/483 291/291 473/473
f 1235/1235 473/473 1685/1685
f 483/483 473/473 1235/1235
f 1236/1236 1686/1686 1866/1866
f 1537/1537 793/793 483/483
f 1235/1235 582/582 483/483
f 1593/1593 1866/1866 1133/1133
f 793/793 1537/1537 298/298
f 766/766 298/298 1537/1537
f 355/355 669/669 1903/1903
f 1446/1446 355/355 839/839
f 1537/1537 483/483 582/582
f 1236/1236 460/460 583/583
f 1524/1524 1537/1537 582/582
f 1145/1145 583/583 460/460
f 1525/1525 583/583 1145/1145
f 1145/1145 460/460 1729/1729
f 1236/1236 1866/1866 460/460
f 460/460 1866/1866 1729/1729
f 1537/1537 2008/2008 766/766
f 2008/2008 1537/1537 1524/1524
f 766/766 2008/2008 670/670
f 1903/1903 669/669 2009/2009
f 1745/1745 2008/2008 1524/1524
f 1903/1903 2009/2009 1746/1746
f 1454/1454 1525/1525 1145/1145
f 1454/1454 1746/1746 1525/1525
f 1729/1729 1454/1454 1145/1145
f 1454/1454 147/147 1746/1746
f 147/147 1903/1903 1746/1746
f 355/355 1903/1903 839/839
f 147/147 1454/1454 1729/1729
f 147/147 839/839 1903/1903
f 1593/1593 97/97 1866/1866
f 863/863 97/97 1593/1593
f 1729/1729 1866/1866 97/97
f 147/147 1729/1729 97/97
f 147/147 97/97 580/580
f 580/580 97/97 863/863
f 839/839 196/196 1446/1446
f 779/779 196/196 839/839
f 580/580 839/839 147/147
f 839/839 580/580 779/779
f 491/491 1133/1133 1243/1243
f 1873/1873 1133/1133 491/491
f 169/169 1141/1141 1897/1897
f 1141/1141 491/491 1897/1897
f 1873/1873 491/491 1141/1141
f 398/398 1873/1873 1141/1141
f 1082/1082 252/252 1605/1605
f 1605/1605 252/252 1941/1941
f 703/703 322/322 1082/1082
f 1082/1082 1605/1605 703/703
f 864/864 1605/1605 1941/1941
f 1941/1941 252/252 1718/1718
f 65/65 1484/1484 1718/1718
f 1484/1484 1941/1941 1718/1718
f 864/864 703/703 1605/1605
f 703/703 864/864 1672/1672
f 1837/1837 1672/1672 864/864
f 864/864 1941/1941 1484/1484
f 864/864 1484/1484 1837/1837
f 779/779 44/44 196/196
f 44/44 779/779 961/961
f 779/779 222/222 961/961
f 222/222 106/106 961/961
f 536/536 1844/1844 350/350
f 922/922 1844/1844 536/536
f 398/398 350/350 1873/1873
f 536/536 350/350 398/398
f 222/222 922/922 106/106
f 1718/1718 1585/1585 65/65
f 65/65 1585/1585 44/44
f 971/971 1484/1484 65/65
f 961/961 65/65 44/44
f 961/961 106/106 65/65
f 1837/1837 1484/1484 1367/1367
f 971/971 1367/1367 1484/1484
f 398/398 1141/1141 699/699
f 274/274 971/971 65/65
f 106/106 274/274 65/65
f 106/106 922/922 1839/1839
f 1839/1839 922/922 536/536
f 971/971 274/274 1367/1367
f 536/536 398/398 1582/1582
f 1582/1582 398/398 699/699
f 536/536 1582/1582 125/125
f 536/536 125/125 1839/1839
f 106/106 1839/1839 1295/1295
f 1295/1295 1839/1839 125/125
f 106/106 1295/1295 274/274
f 1593/1593 1133/1133 350/350
f 1133/1133 1873/1873 350/350
f 1673/1673 779/779 580/580
f 863/863 1673/1673 580/580
f 863/863 1593/1593 350/350
f 751/751 863/863 350/350
f 559/559 1673/1673 751/751
f 1673/1673 863/863 751/751
f 1673/1673 559/559 779/779
f 559/559 222/222 779/779
f 1844/1844 751/751 350/350
f 222/222 559/559 922/922
f 751/751 1844/1844 559/559
f 922/922 559/559 1844/1844
f 637/637 1672/1672 1009/1009
f 1837/1837 1838/1838 1672/1672
f 1009/1009 1672/1672 1838/1838
f 853/853 1009/1009 1838/1838
f 1838/1838 1837/1837 1367/1367
f 1499/1499 1838/1838 1367/1367
f 1838/1838 1499/1499 853/853
f 962/962 1829/1829 90/90
f 1829/1829 1680/1680 90/90
f 1829/1829 1564/1564 114/114
f 114/114 1564/1564 449/449
f 990/990 305/305 1577/1577
f 990/990 1577/1577 566/566
f 1385/1385 1713/1713 722/722
f 1282/1282 1713/1713 210/210
f 1613/1613 476/476 745/745
f 476/476 1614/1614 745/745
f 1615/1615 523/523 747/747
f 524/524 297/297 746/746
f 297/297 612/612 746/746
f 611/611 1613/1613 745/745
f 12/12 171/171 1786/1786
f 1786/1786 99/99 12/12
f 849/849 2021/2021 416/416
f 2021/2021 849/849 243/243
f 719/719 612/612 297/297
f 1042/1042 734/734 1986/1986
f 734/734 1168/1168 1985/1985
f 1169/1169 1607/1607 1987/1987
f 1607/1607 27/27 1987/1987
f 27/27 720/720 1987/1987
f 719/719 551/551 1986/1986
f 551/551 1042/1042 1986/1986
f 551/551 719/719 1965/1965
f 27/27 1607/1607 1195/1195
f 27/27 1739/1739 1196/1196
f 584/584 1195/1195 192/192
f 888/888 353/353 1269/1269
f 1195/1195 1270/1270 192/192
f 1270/1270 1647/1647 192/192
f 648/648 1569/1569 1795/1795
f 1045/1045 1795/1795 1569/1569
f 518/518 1795/1795 1045/1045
f 1261/1261 518/518 1045/1045
f 675/675 1234/1234 1664/1664
f 1234/1234 1202/1202 1664/1664
f 1687/1687 1963/1963 767/767
f 1970/1970 1963/1963 1051/1051
f 1963/1963 1143/1143 1051/1051
f 1143/1143 1970/1970 1051/1051
f 1261/1261 1045/1045 348/348
f 1441/1441 1065/1065 929/929
f 300/300 1612/1612 1556/1556
f 1612/1612 1204/1204 1556/1556
f 697/697 300/300 1556/1556
f 1546/1546 648/648 192/192
f 1546/1546 548/548 648/648
f 1134/1134 533/533 1907/1907
f 956/956 533/533 520/520
f 1134/1134 520/520 533/533
f 841/841 956/956 520/520
f 1417/1417 1971/1971 841/841
f 1417/1417 1827/1827 1321/1321
f 841/841 1827/1827 1417/1417
f 846/846 1321/1321 1827/1827
f 1568/1568 1321/1321 846/846
f 841/841 520/520 474/474
f 474/474 1827/1827 841/841
f 846/846 1827/1827 474/474
f 1424/1424 846/846 474/474
f 1568/1568 846/846 558/558
f 1568/1568 558/558 1983/1983
f 1111/1111 1983/1983 558/558
f 558/558 247/247 1111/1111
f 485/485 1134/1134 969/969
f 311/311 485/485 969/969
f 311/311 1160/1160 485/485
f 474/474 1134/1134 485/485
f 520/520 1134/1134 474/474
f 485/485 1160/1160 1770/1770
f 1770/1770 474/474 485/485
f 764/764 1410/1410 1160/1160
f 1770/1770 1160/1160 1410/1410
f 764/764 1160/1160 311/311
f 1424/1424 1762/1762 119/119
f 846/846 1424/1424 119/119
f 119/119 558/558 846/846
f 247/247 558/558 119/119
f 1111/1111 247/247 706/706
f 706/706 914/914 1111/1111
f 1762/1762 966/966 119/119
f 119/119 966/966 247/247
f 966/966 706/706 247/247
f 822/822 914/914 77/77
f 77/77 914/914 706/706
f 1770/1770 1424/1424 474/474
f 727/727 914/914 822/822
f 822/822 527/527 727/727
f 1770/1770 789/789 157/157
f 966/966 1513/1513 706/706
f 164/164 966/966 1762/1762
f 1424/1424 1770/1770 157/157
f 157/157 1762/1762 1424/1424
f 1513/1513 966/966 164/164
f 1926/1926 493/493 1513/1513
f 77/77 706/706 1513/1513
f 493/493 822/822 77/77
f 1513/1513 493/493 77/77
f 157/157 164/164 1762/1762
f 931/931 164/164 157/157
f 1264/1264 1926/1926 1513/1513
f 1091/1091 164/164 931/931
f 157/157 789/789 931/931
f 1600/1600 164/164 1091/1091
f 164/164 1600/1600 1513/1513
f 1600/1600 1264/1264 1513/1513
f 1264/1264 493/493 1926/1926
f 822/822 493/493 1994/1994
f 1264/1264 1994/1994 493/493
f 527/527 822/822 1994/1994
f 159/159 702/702 1056/1056
f 80/80 702/702 159/159
f 1056/1056 80/80 159/159
f 1111/1111 80/80 1056/1056
f 80/80 608/608 702/702
f 1111/1111 1056/1056 1983/1983
f 229/229 80/80 1111/1111
f 229/229 608/608 80/80
f 1583/1583 608/608 229/229
f 608/608 1980/1980 1869/1869
f 229/229 1111/1111 914/914
f 229/229 914/914 1583/1583
f 727/727 608/608 1583/1583
f 727/727 1583/1583 914/914
f 608/608 727/727 1980/1980
f 1869/1869 1980/1980 527/527
f 727/727 527/527 1980/1980
f 1068/1068 1940/1940 1869/1869
f 1158/1158 1940/1940 1068/1068
f 1068/1068 1869/1869 527/527
f 1275/1275 1068/1068 629/629
f 527/527 1095/1095 1068/1068
f 1095/1095 629/629 1068/1068
f 636/636 1178/1178 1410/1410
f 764/764 636/636 1410/1410
f 1572/1572 997/997 764/764
f 479/479 1909/1909 1238/1238
f 1238/1238 1792/1792 1872/1872
f 1237/1237 84/84 1791/1791
f 1908/1908 84/84 1237/1237
f 997/997 636/636 764/764
f 763/763 1572/1572 1198/1198
f 430/430 392/392 653/653
f 652/652 1943/1943 1872/1872
f 653/653 1943/1943 652/652
f 430/430 653/653 652/652
f 997/997 1572/1572 763/763
f 652/652 1872/1872 1792/1792
f 1792/1792 281/281 652/652
f 429/429 84/84 1908/1908
f 1532/1532 1791/1791 84/84
f 281/281 1792/1792 1620/1620
f 1619/1619 1791/1791 1532/1532
f 1693/1693 1619/1619 1532/1532
f 430/430 652/652 281/281
f 1245/1245 281/281 1620/1620
f 943/943 281/281 1245/1245
f 942/942 1244/1244 529/529
f 1665/1665 942/942 529/529
f 1532/1532 84/84 429/429
f 233/233 1532/1532 429/429
f 763/763 1198/1198 46/46
f 46/46 139/139 392/392
f 763/763 46/46 1296/1296
f 571/571 763/763 1296/1296
f 46/46 392/392 1784/1784
f 430/430 1784/1784 392/392
f 430/430 281/281 22/22
f 281/281 1369/1369 22/22
f 281/281 943/943 1666/1666
f 1666/1666 1369/1369 281/281
f 1784/1784 430/430 22/22
f 1296/1296 1784/1784 22/22
f 1915/1915 1050/1050 1608/1608
f 1784/1784 1296/1296 46/46
f 233/233 429/429 1050/1050
f 1608/1608 1050/1050 429/429
f 1468/1468 437/437 1608/1608
f 1608/1608 437/437 1915/1915
f 437/437 1468/1468 156/156
f 258/258 1531/1531 1846/1846
f 529/529 1846/1846 1531/1531
f 1531/1531 258/258 1728/1728
f 529/529 1244/1244 1619/1619
f 1619/1619 1846/1846 529/529
f 1846/1846 1619/1619 1693/1693
f 1693/1693 258/258 1846/1846
f 1693/1693 671/671 258/258
f 1728/1728 258/258 671/671
f 259/259 1531/1531 1728/1728
f 22/22 1558/1558 1296/1296
f 1172/1172 529/529 1531/1531
f 1172/1172 1531/1531 122/122
f 997/997 763/763 1543/1543
f 571/571 1296/1296 1041/1041
f 1368/1368 1665/1665 1172/1172
f 1172/1172 1665/1665 529/529
f 671/671 1693/1693 1532/1532
f 233/233 671/671 1532/1532
f 1173/1173 22/22 1369/1369
f 1558/1558 22/22 1173/1173
f 1252/1252 671/671 233/233
f 122/122 1531/1531 259/259
f 2003/2003 122/122 259/259
f 2003/2003 259/259 467/467
f 467/467 259/259 1728/1728
f 671/671 467/467 1728/1728
f 2003/2003 577/577 122/122
f 1558/1558 1173/1173 123/123
f 1558/1558 123/123 1090/1090
f 1041/1041 1296/1296 1558/1558
f 1041/1041 1558/1558 1090/1090
f 1041/1041 1090/1090 910/910
f 578/578 75/75 123/123
f 75/75 1090/1090 123/123
f 1090/1090 75/75 910/910
f 1252/1252 233/233 1050/1050
f 1050/1050 1915/1915 1252/1252
f 625/625 763/763 571/571
f 1041/1041 625/625 571/571
f 1543/1543 763/763 625/625
f 1543/1543 625/625 1494/1494
f 1494/1494 625/625 1041/1041
f 1543/1543 1494/1494 21/21
f 296/296 1543/1543 21/21
f 296/296 997/997 1543/1543
f 948/948 296/296 21/21
f 96/96 997/997 296/296
f 1433/1433 997/997 96/96
f 68/68 1398/1398 113/113
f 1697/1697 1398/1398 67/67
f 1697/1697 57/57 1398/1398
f 1398/1398 265/265 113/113
f 265/265 1398/1398 57/57
f 1249/1249 68/68 113/113
f 1249/1249 1696/1696 68/68
f 1217/1217 1128/1128 1164/1164
f 1217/1217 1164/1164 1077/1077
f 1211/1211 1217/1217 1077/1077
f 432/432 1217/1217 1211/1211
f 1211/1211 741/741 432/432
f 120/120 742/742 1212/1212
f 1212/1212 1076/1076 120/120
f 120/120 57/57 1697/1697
f 432/432 741/741 1014/1014
f 742/742 120/120 1016/1016
f 120/120 1697/1697 1016/1016
f 1696/1696 1249/1249 1015/1015
f 1249/1249 431/431 1015/1015
f 113/113 1732/1732 1249/1249
f 1831/1831 1249/1249 1732/1732
f 948/948 21/21 362/362
f 948/948 362/362 1128/1128
f 158/158 1128/1128 1217/1217
f 642/642 1816/1816 509/509
f 509/509 678/678 642/642
f 899/899 96/96 296/296
f 786/786 899/899 296/296
f 679/679 96/96 899/899
f 786/786 296/296 948/948
f 786/786 948/948 935/935
f 642/642 1088/1088 1815/1815
f 642/642 678/678 1308/1308
f 642/642 1308/1308 1088/1088
f 509/509 1816/1816 174/174
f 1815/1815 1088/1088 173/173
f 1088/1088 900/900 173/173
f 900/900 787/787 173/173
f 788/788 937/937 174/174
f 937/937 509/509 174/174
f 1273/1273 1088/1088 1629/1629
f 509/509 937/937 576/576
f 936/936 680/680 574/574
f 679/679 899/899 573/573
f 900/900 1088/1088 575/575
f 1088/1088 1273/1273 575/575
f 1274/1274 509/509 576/576
f 509/509 1274/1274 1630/1630
f 948/948 1128/1128 158/158
f 1088/1088 1023/1023 1629/1629
f 1023/1023 168/168 1629/1629
f 1426/1426 168/168 1023/1023
f 96/96 497/497 1433/1433
f 497/497 423/423 1433/1433
f 987/987 1217/1217 432/432
f 158/158 1217/1217 987/987
f 1249/1249 1831/1831 431/431
f 431/431 1831/1831 986/986
f 679/679 1997/1997 96/96
f 935/935 948/948 1435/1435
f 158/158 1435/1435 948/948
f 235/235 96/96 1997/1997
f 987/987 1435/1435 158/158
f 680/680 936/936 1436/1436
f 680/680 1436/1436 1998/1998
f 456/456 236/236 1998/1998
f 456/456 1998/1998 1436/1436
f 497/497 96/96 235/235
f 509/509 1630/1630 979/979
f 1629/1629 168/168 978/978
f 168/168 237/237 978/978
f 237/237 457/457 978/978
f 458/458 144/144 979/979
f 144/144 509/509 979/979
f 144/144 458/458 501/501
f 455/455 1434/1434 498/498
f 1434/1434 496/496 498/498
f 497/497 235/235 499/499
f 237/237 168/168 500/500
f 168/168 1426/1426 500/500
f 1427/1427 144/144 501/501
f 1434/1434 986/986 1831/1831
f 422/422 496/496 1434/1434
f 1831/1831 517/517 1434/1434
f 577/577 2003/2003 876/876
f 876/876 2003/2003 467/467
f 877/877 387/387 578/578
f 844/844 467/467 671/671
f 844/844 671/671 1252/1252
f 844/844 876/876 467/467
f 1536/1536 910/910 75/75
f 75/75 578/578 387/387
f 1536/1536 75/75 387/387
f 1536/1536 387/387 293/293
f 877/877 1486/1486 387/387
f 1486/1486 877/877 1316/1316
f 844/844 1315/1315 876/876
f 387/387 1486/1486 293/293
f 293/293 1486/1486 1159/1159
f 1159/1159 1486/1486 1316/1316
f 1328/1328 1315/1315 844/844
f 1494/1494 1041/1041 910/910
f 910/910 1536/1536 319/319
f 319/319 1536/1536 293/293
f 910/910 1146/1146 1494/1494
f 1146/1146 910/910 319/319
f 21/21 1494/1494 1146/1146
f 1146/1146 43/43 21/21
f 43/43 1146/1146 319/319
f 1915/1915 437/437 800/800
f 293/293 43/43 319/319
f 1159/1159 43/43 293/293
f 1252/1252 1328/1328 844/844
f 1252/1252 1167/1167 1328/1328
f 1167/1167 1252/1252 1915/1915
f 1159/1159 1175/1175 549/549
f 1175/1175 1159/1159 1316/1316
f 39/39 1174/1174 1328/1328
f 1328/1328 1174/1174 1315/1315
f 549/549 1175/1175 40/40
f 39/39 1328/1328 1167/1167
f 43/43 1159/1159 362/362
f 21/21 43/43 362/362
f 800/800 1167/1167 1915/1915
f 156/156 1358/1358 437/437
f 1581/1581 549/549 40/40
f 1159/1159 549/549 1581/1581
f 1581/1581 1128/1128 1159/1159
f 362/362 1159/1159 1128/1128
f 1581/1581 40/40 1164/1164
f 1128/1128 1581/1581 1164/1164
f 1077/1077 1164/1164 40/40
f 1570/1570 1167/1167 800/800
f 1906/1906 39/39 1167/1167
f 1906/1906 1076/1076 39/39
f 1570/1570 1906/1906 1167/1167
f 1570/1570 800/800 437/437
f 1570/1570 437/437 1358/1358
f 120/120 1076/1076 1906/1906
f 1193/1193 120/120 1906/1906
f 1570/1570 1888/1888 1906/1906
f 1570/1570 1358/1358 1888/1888
f 1193/1193 1906/1906 1888/1888
f 519/519 1088/1088 678/678
f 678/678 1088/1088 1308/1308
f 519/519 188/188 1088/1088
f 1023/1023 1088/1088 188/188
f 1426/1426 1023/1023 586/586
f 532/532 678/678 144/144
f 1889/1889 188/188 519/519
f 678/678 1889/1889 519/519
f 532/532 1889/1889 678/678
f 585/585 1022/1022 754/754
f 1022/1022 189/189 754/754
f 189/189 423/423 754/754
f 423/423 1939/1939 754/754
f 1937/1937 532/532 753/753
f 532/532 587/587 753/753
f 532/532 144/144 587/587
f 532/532 1937/1937 2010/2010
f 1938/1938 1411/1411 2011/2011
f 1412/1412 1433/1433 2012/2012
f 1433/1433 423/423 2012/2012
f 423/423 189/189 2012/2012
f 189/189 2001/2001 2012/2012
f 2000/2000 532/532 2010/2010
f 189/189 1890/1890 2001/2001
f 2000/2000 1889/1889 532/532
f 144/144 678/678 509/509
f 144/144 1427/1427 587/587
f 422/422 1434/1434 1938/1938
f 1411/1411 1938/1938 517/517
f 517/517 1938/1938 1434/1434
f 1954/1954 1359/1359 156/156
f 1732/1732 113/113 265/265
f 265/265 958/958 1732/1732
f 1057/1057 265/265 57/57
f 958/958 265/265 1057/1057
f 958/958 1982/1982 1732/1732
f 958/958 708/708 1139/1139
f 792/792 1982/1982 958/958
f 792/792 958/958 1139/1139
f 958/958 1057/1057 708/708
f 1831/1831 1732/1732 1982/1982
f 1831/1831 1578/1578 224/224
f 120/120 1545/1545 57/57
f 1545/1545 120/120 1193/1193
f 1578/1578 1831/1831 1982/1982
f 1545/1545 1057/1057 57/57
f 554/554 1831/1831 224/224
f 517/517 1831/1831 554/554
f 224/224 556/556 554/554
f 554/554 556/556 517/517
f 1545/1545 1193/1193 601/601
f 224/224 1578/1578 1391/1391
f 224/224 1391/1391 693/693
f 1578/1578 1982/1982 792/792
f 1578/1578 792/792 215/215
f 1139/1139 215/215 792/792
f 1391/1391 1578/1578 215/215
f 1545/1545 708/708 1057/1057
f 601/601 708/708 1545/1545
f 1228/1228 215/215 1034/1034
f 1139/1139 1034/1034 215/215
f 1139/1139 708/708 1034/1034
f 1034/1034 683/683 1228/1228
f 683/683 1034/1034 708/708
f 1391/1391 215/215 1228/1228
f 693/693 1391/1391 681/681
f 681/681 1391/1391 1228/1228
f 683/683 1117/1117 1228/1228
f 681/681 1228/1228 1117/1117
f 1117/1117 1573/1573 681/681
f 1215/1215 683/683 708/708
f 1215/1215 1117/1117 683/683
f 1573/1573 1117/1117 1215/1215
f 267/267 1215/1215 708/708
f 267/267 1573/1573 1215/1215
f 267/267 1780/1780 1573/1573
f 636/636 1799/1799 1178/1178
f 1412/1412 161/161 1433/1433
f 161/161 1412/1412 806/806
f 517/517 805/805 1411/1411
f 805/805 517/517 556/556
f 556/556 224/224 693/693
f 1433/1433 161/161 997/997
f 161/161 1310/1310 997/997
f 161/161 806/806 781/781
f 781/781 806/806 557/557
f 715/715 601/601 1193/1193
f 1177/1177 997/997 1310/1310
f 693/693 681/681 1401/1401
f 1824/1824 693/693 1401/1401
f 1401/1401 681/681 1573/1573
f 781/781 1310/1310 161/161
f 693/693 1824/1824 556/556
f 1635/1635 1401/1401 1573/1573
f 601/601 267/267 708/708
f 1824/1824 1401/1401 1635/1635
f 1759/1759 557/557 1825/1825
f 557/557 209/209 781/781
f 781/781 1768/1768 1310/1310
f 209/209 1768/1768 781/781
f 209/209 557/557 1759/1759
f 715/715 1358/1358 750/750
f 1358/1358 1193/1193 1888/1888
f 715/715 1193/1193 1358/1358
f 750/750 1358/1358 156/156
f 1768/1768 1177/1177 1310/1310
f 1526/1526 1759/1759 1825/1825
f 209/209 1759/1759 1526/1526
f 209/209 1092/1092 1768/1768
f 1092/1092 209/209 1526/1526
f 1824/1824 1635/1635 1403/1403
f 1526/1526 1825/1825 1404/1404
f 1177/1177 1768/1768 1092/1092
f 267/267 1595/1595 1780/1780
f 601/601 1595/1595 267/267
f 1780/1780 1074/1074 1573/1573
f 1635/1635 1573/1573 1074/1074
f 1780/1780 128/128 1074/1074
f 1595/1595 128/128 1780/1780
f 1595/1595 967/967 128/128
f 768/768 967/967 1595/1595
f 601/601 768/768 1595/1595
f 768/768 601/601 715/715
f 997/997 1799/1799 636/636
f 1177/1177 1799/1799 997/997
f 1074/1074 128/128 967/967
f 1074/1074 967/967 1814/1814
f 967/967 2013/2013 1814/1814
f 1635/1635 1074/1074 1876/1876
f 1876/1876 1814/1814 1122/1122
f 1876/1876 1074/1074 1814/1814
f 768/768 2013/2013 967/967
f 1152/1152 1876/1876 1122/1122
f 1152/1152 1122/1122 347/347
f 1526/1526 1404/1404 1423/1423
f 1403/1403 1635/1635 1876/1876
f 1403/1403 1876/1876 1422/1422
f 1422/1422 1876/1876 1152/1152
f 1122/1122 1814/1814 1407/1407
f 347/347 1122/1122 1407/1407
f 2013/2013 1407/1407 1814/1814
f 1213/1213 2013/2013 768/768
f 1407/1407 1425/1425 347/347
f 191/191 1407/1407 2013/2013
f 1425/1425 1407/1407 191/191
f 1422/1422 1152/1152 347/347
f 872/872 1177/1177 1092/1092
f 1314/1314 1092/1092 1423/1423
f 1423/1423 1092/1092 1526/1526
f 872/872 1092/1092 1314/1314
f 436/436 1799/1799 1177/1177
f 436/436 1177/1177 872/872
f 347/347 1220/1220 1422/1422
f 1314/1314 1423/1423 1221/1221
f 1220/1220 347/347 1896/1896
f 1314/1314 321/321 872/872
f 1213/1213 768/768 715/715
f 156/156 834/834 750/750
f 480/480 834/834 156/156
f 480/480 156/156 1359/1359
f 996/996 1770/1770 1410/1410
f 996/996 789/789 1770/1770
f 996/996 931/931 789/789
f 931/931 996/996 1297/1297
f 1178/1178 996/996 1410/1410
f 1297/1297 996/996 1178/1178
f 110/110 1264/1264 1600/1600
f 1264/1264 1265/1265 1994/1994
f 1265/1265 1264/1264 110/110
f 1887/1887 1265/1265 110/110
f 1994/1994 1265/1265 1887/1887
f 1301/1301 110/110 1600/1600
f 1887/1887 110/110 1301/1301
f 1091/1091 1157/1157 1600/1600
f 1600/1600 1157/1157 1301/1301
f 1788/1788 1301/1301 1157/1157
f 1788/1788 1887/1887 1301/1301
f 1994/1994 1887/1887 1788/1788
f 1625/1625 1994/1994 1788/1788
f 1178/1178 588/588 1297/1297
f 1799/1799 588/588 1178/1178
f 1297/1297 1091/1091 931/931
f 1157/1157 60/60 1788/1788
f 60/60 1157/1157 1091/1091
f 133/133 1297/1297 588/588
f 1091/1091 1297/1297 946/946
f 1625/1625 1788/1788 69/69
f 69/69 1788/1788 60/60
f 1140/1140 133/133 588/588
f 946/946 1297/1297 133/133
f 444/444 870/870 1091/1091
f 946/946 444/444 1091/1091
f 870/870 60/60 1091/1091
f 847/847 69/69 60/60
f 1625/1625 69/69 847/847
f 946/946 133/133 444/444
f 48/48 870/870 444/444
f 60/60 870/870 48/48
f 133/133 1140/1140 444/444
f 276/276 48/48 444/444
f 276/276 847/847 48/48
f 276/276 1149/1149 847/847
f 1625/1625 847/847 368/368
f 847/847 60/60 48/48
f 1149/1149 368/368 847/847
f 219/219 527/527 1994/1994
f 527/527 219/219 1095/1095
f 629/629 1095/1095 219/219
f 1052/1052 191/191 2013/2013
f 1993/1993 1425/1425 191/191
f 1052/1052 1993/1993 191/191
f 347/347 1425/1425 1896/1896
f 1213/1213 1052/1052 2013/2013
f 1425/1425 1993/1993 1026/1026
f 1052/1052 1026/1026 1993/1993
f 1026/1026 1052/1052 1288/1288
f 1026/1026 1288/1288 1425/1425
f 1221/1221 1974/1974 1314/1314
f 321/321 1314/1314 1974/1974
f 1973/1973 869/869 317/317
f 1425/1425 869/869 1896/1896
f 1220/1220 1896/1896 1973/1973
f 1973/1973 1896/1896 869/869
f 317/317 869/869 1425/1425
f 317/317 1425/1425 938/938
f 938/938 1425/1425 1288/1288
f 938/938 1288/1288 1681/1681
f 1681/1681 1052/1052 1935/1935
f 1681/1681 1935/1935 938/938
f 316/316 2020/2020 1974/1974
f 321/321 1974/1974 2020/2020
f 1232/1232 317/317 85/85
f 1681/1681 1288/1288 1052/1052
f 1007/1007 1052/1052 1213/1213
f 1232/1232 85/85 1008/1008
f 321/321 436/436 872/872
f 1449/1449 321/321 2020/2020
f 588/588 1799/1799 436/436
f 2020/2020 316/316 1233/1233
f 1449/1449 2020/2020 540/540
f 436/436 321/321 1449/1449
f 715/715 421/421 1213/1213
f 1032/1032 1231/1231 1007/1007
f 1213/1213 1032/1032 1007/1007
f 421/421 866/866 115/115
f 750/750 421/421 715/715
f 421/421 750/750 866/866
f 866/866 750/750 834/834
f 1541/1541 938/938 1935/1935
f 1935/1935 1115/1115 1541/1541
f 1114/1114 1935/1935 1052/1052
f 317/317 938/938 1541/1541
f 1541/1541 85/85 317/317
f 1541/1541 1900/1900 85/85
f 1899/1899 1114/1114 1052/1052
f 1541/1541 1115/1115 1900/1900
f 1052/1052 1007/1007 1899/1899
f 1008/1008 85/85 1900/1900
f 540/540 2020/2020 1033/1033
f 1033/1033 2020/2020 1233/1233
f 540/540 1033/1033 989/989
f 1773/1773 436/436 1449/1449
f 1773/1773 588/588 141/141
f 141/141 588/588 436/436
f 141/141 436/436 1773/1773
f 540/540 1773/1773 1449/1449
f 283/283 540/540 989/989
f 283/283 1773/1773 540/540
f 177/177 1032/1032 1213/1213
f 177/177 1213/1213 421/421
f 115/115 177/177 421/421
f 988/988 1032/1032 177/177
f 988/988 177/177 115/115
f 1024/1024 988/988 115/115
f 1625/1625 368/368 1994/1994
f 1994/1994 368/368 403/403
f 403/403 368/368 1149/1149
f 219/219 1994/1994 403/403
f 843/843 219/219 403/403
f 915/915 1355/1355 1978/1978
f 915/915 843/843 403/403
f 1330/1330 915/915 1978/1978
f 843/843 915/915 1330/1330
f 2005/2005 2/2 909/909
f 2/2 2005/2005 1652/1652
f 1977/1977 2005/2005 909/909
f 1330/1330 1978/1978 908/908
f 426/426 1652/1652 1977/1977
f 1652/1652 2005/2005 1977/1977
f 1652/1652 426/426 263/263
f 492/492 834/834 480/480
f 263/263 834/834 492/492
f 2/2 953/953 909/909
f 953/953 2/2 1652/1652
f 492/492 198/198 263/263
f 165/165 263/263 198/198
f 1652/1652 263/263 165/165
f 145/145 492/492 480/480
f 145/145 932/932 492/492
f 843/843 1413/1413 219/219
f 1330/1330 1413/1413 843/843
f 1330/1330 184/184 1413/1413
f 184/184 1330/1330 908/908
f 590/590 151/151 148/148
f 151/151 590/590 185/185
f 953/953 185/185 909/909
f 1191/1191 151/151 953/953
f 151/151 185/185 953/953
f 1652/1652 165/165 953/953
f 402/402 1191/1191 953/953
f 1191/1191 148/148 151/151
f 148/148 1191/1191 402/402
f 165/165 402/402 953/953
f 198/198 391/391 402/402
f 402/402 165/165 198/198
f 901/901 590/590 148/148
f 185/185 590/590 901/901
f 954/954 219/219 1413/1413
f 184/184 954/954 1413/1413
f 925/925 148/148 89/89
f 198/198 492/492 932/932
f 932/932 391/391 198/198
f 148/148 402/402 89/89
f 391/391 89/89 402/402
f 391/391 932/932 89/89
f 1871/1871 588/588 1773/1773
f 282/282 988/988 1024/1024
f 1024/1024 1317/1317 282/282
f 866/866 1024/1024 115/115
f 866/866 2007/2007 1024/1024
f 1773/1773 283/283 358/358
f 1773/1773 358/358 1871/1871
f 1140/1140 588/588 1871/1871
f 1317/1317 357/357 282/282
f 1317/1317 1551/1551 357/357
f 1317/1317 2007/2007 1551/1551
f 1317/1317 1024/1024 2007/2007
f 2007/2007 866/866 834/834
f 1239/1239 1140/1140 1871/1871
f 1239/1239 1871/1871 358/358
f 268/268 444/444 1140/1140
f 1140/1140 1239/1239 268/268
f 1552/1552 1239/1239 358/358
f 1551/1551 834/834 1933/1933
f 834/834 1551/1551 2007/2007
f 276/276 444/444 268/268
f 276/276 1840/1840 1149/1149
f 1239/1239 1840/1840 268/268
f 1840/1840 1239/1239 1361/1361
f 1840/1840 276/276 268/268
f 1239/1239 1934/1934 1361/1361
f 1155/1155 1361/1361 1324/1324
f 1361/1361 1934/1934 1324/1324
f 1325/1325 1933/1933 834/834
f 1840/1840 1361/1361 915/915
f 915/915 1361/1361 1155/1155
f 1934/1934 1239/1239 1552/1552
f 1355/1355 1155/1155 1324/1324
f 426/426 1356/1356 1325/1325
f 1325/1325 834/834 426/426
f 403/403 1149/1149 1840/1840
f 403/403 1840/1840 915/915
f 915/915 1155/1155 1355/1355
f 426/426 1977/1977 1356/1356
f 426/426 834/834 263/263
f 1010/1010 1991/1991 1959/1959
f 1897/1897 1660/1660 169/169
f 1010/1010 35/35 1660/1660
f 35/35 1010/1010 1959/1959
f 1478/1478 169/169 1660/1660
f 1141/1141 169/169 1478/1478
f 1478/1478 1660/1660 35/35
f 1010/1010 998/998 1991/1991
f 1991/1991 998/998 1623/1623
f 1623/1623 998/998 1845/1845
f 1959/1959 1991/1991 1623/1623
f 699/699 1141/1141 1478/1478
f 1478/1478 850/850 699/699
f 850/850 1478/1478 35/35
f 850/850 35/35 1959/1959
f 699/699 850/850 1582/1582
f 1295/1295 1210/1210 274/274
f 125/125 1582/1582 1707/1707
f 1210/1210 1295/1295 738/738
f 125/125 1707/1707 1295/1295
f 1707/1707 738/738 1295/1295
f 850/850 356/356 1582/1582
f 356/356 1959/1959 127/127
f 1959/1959 356/356 850/850
f 356/356 442/442 1582/1582
f 33/33 1623/1623 1845/1845
f 976/976 1633/1633 1878/1878
f 713/713 1878/1878 780/780
f 1845/1845 446/446 33/33
f 33/33 446/446 977/977
f 977/977 446/446 1634/1634
f 780/780 1878/1878 1142/1142
f 780/780 1142/1142 1158/1158
f 713/713 976/976 1878/1878
f 729/729 976/976 713/713
f 1421/1421 713/713 780/780
f 730/730 33/33 977/977
f 1421/1421 729/729 713/713
f 1623/1623 33/33 712/712
f 712/712 1959/1959 1623/1623
f 1068/1068 1275/1275 1158/1158
f 33/33 730/730 712/712
f 780/780 1158/1158 1275/1275
f 1695/1695 712/712 730/730
f 1421/1421 1694/1694 729/729
f 1421/1421 2016/2016 1694/1694
f 780/780 2016/2016 1421/1421
f 644/644 1275/1275 629/629
f 780/780 1275/1275 644/644
f 1323/1323 712/712 1695/1695
f 1322/1322 1694/1694 2016/2016
f 314/314 1322/1322 2016/2016
f 780/780 314/314 2016/2016
f 314/314 780/780 644/644
f 1323/1323 1657/1657 712/712
f 861/861 1656/1656 1322/1322
f 861/861 1322/1322 314/314
f 644/644 861/861 314/314
f 1313/1313 644/644 629/629
f 1959/1959 712/712 127/127
f 861/861 1557/1557 1656/1656
f 1557/1557 861/861 644/644
f 644/644 1313/1313 1557/1557
f 1557/1557 1349/1349 1656/1656
f 1557/1557 981/981 1349/1349
f 1313/1313 324/324 1557/1557
f 981/981 1557/1557 324/324
f 712/712 1657/1657 1350/1350
f 1350/1350 127/127 712/712
f 338/338 127/127 1300/1300
f 337/337 1299/1299 728/728
f 1300/1300 127/127 1350/1350
f 981/981 1299/1299 1349/1349
f 324/324 1313/1313 728/728
f 728/728 981/981 324/324
f 728/728 1299/1299 981/981
f 853/853 1954/1954 1009/1009
f 853/853 1283/1283 1954/1954
f 367/367 1499/1499 1367/1367
f 367/367 1604/1604 1499/1499
f 1283/1283 853/853 1499/1499
f 1283/1283 1499/1499 1604/1604
f 1954/1954 1283/1283 1359/1359
f 1359/1359 1283/1283 480/480
f 1367/1367 274/274 367/367
f 274/274 1210/1210 367/367
f 1031/1031 1604/1604 367/367
f 1582/1582 442/442 1707/1707
f 74/74 738/738 1707/1707
f 1210/1210 738/738 74/74
f 1031/1031 367/367 1210/1210
f 1031/1031 1210/1210 74/74
f 1542/1542 420/420 1457/1457
f 1283/1283 1604/1604 1591/1591
f 145/145 480/480 1283/1283
f 1283/1283 1591/1591 145/145
f 1591/1591 1604/1604 1542/1542
f 1591/1591 234/234 363/363
f 629/629 219/219 1121/1121
f 901/901 1440/1440 334/334
f 1440/1440 941/941 334/334
f 941/941 1227/1227 334/334
f 1661/1661 901/901 334/334
f 901/901 1661/1661 1853/1853
f 1227/1227 1661/1661 334/334
f 954/954 1121/1121 219/219
f 831/831 1121/1121 954/954
f 831/831 954/954 1852/1852
f 148/148 342/342 901/901
f 342/342 148/148 925/925
f 342/342 1440/1440 901/901
f 342/342 1649/1649 1440/1440
f 925/925 907/907 1649/1649
f 932/932 907/907 89/89
f 925/925 89/89 907/907
f 925/925 1649/1649 342/342
f 907/907 941/941 1649/1649
f 941/941 1440/1440 1649/1649
f 145/145 1591/1591 363/363
f 932/932 145/145 363/363
f 907/907 932/932 363/363
f 363/363 941/941 907/907
f 184/184 1852/1852 954/954
f 185/185 901/901 1853/1853
f 363/363 1227/1227 941/941
f 363/363 234/234 1227/1227
f 1542/1542 1457/1457 1591/1591
f 1591/1591 1457/1457 234/234
f 1121/1121 831/831 327/327
f 1661/1661 832/832 1853/1853
f 707/707 377/377 1661/1661
f 1661/1661 377/377 832/832
f 1661/1661 1227/1227 707/707
f 832/832 377/377 1498/1498
f 707/707 1498/1498 377/377
f 707/707 1227/1227 1498/1498
f 1471/1471 1227/1227 234/234
f 1498/1498 1227/1227 1471/1471
f 328/328 832/832 1373/1373
f 1553/1553 1457/1457 420/420
f 1457/1457 1471/1471 234/234
f 1471/1471 1457/1457 1948/1948
f 832/832 1498/1498 1373/1373
f 1471/1471 1748/1748 1498/1498
f 1748/1748 1373/1373 1498/1498
f 1748/1748 1471/1471 1948/1948
f 1457/1457 1553/1553 1948/1948
f 1948/1948 1553/1553 1748/1748
f 74/74 1707/1707 462/462
f 462/462 1031/1031 74/74
f 462/462 1707/1707 1118/1118
f 1118/1118 1707/1707 442/442
f 1031/1031 1542/1542 1604/1604
f 1542/1542 1031/1031 1292/1292
f 462/462 1292/1292 1031/1031
f 1292/1292 420/420 1542/1542
f 127/127 442/442 356/356
f 442/442 127/127 1123/1123
f 292/292 1292/1292 462/462
f 420/420 1292/1292 292/292
f 292/292 462/462 1118/1118
f 564/564 420/420 292/292
f 564/564 175/175 420/420
f 564/564 292/292 1118/1118
f 1118/1118 175/175 564/564
f 657/657 1118/1118 442/442
f 1553/1553 420/420 801/801
f 801/801 420/420 175/175
f 1123/1123 127/127 744/744
f 1817/1817 728/728 1313/1313
f 744/744 127/127 338/338
f 1817/1817 337/337 728/728
f 1313/1313 629/629 1121/1121
f 1445/1445 1313/1313 1121/1121
f 1445/1445 337/337 1817/1817
f 1445/1445 1817/1817 1313/1313
f 1445/1445 743/743 337/337
f 1445/1445 1121/1121 1222/1222
f 1222/1222 8/8 1445/1445
f 327/327 307/307 1121/1121
f 1222/1222 1121/1121 307/307
f 328/328 1373/1373 170/170
f 1553/1553 170/170 1373/1373
f 1373/1373 1748/1748 1553/1553
f 306/306 328/328 170/170
f 1553/1553 487/487 170/170
f 9/9 657/657 1123/1123
f 9/9 1123/1123 744/744
f 657/657 442/442 1123/1123
f 8/8 743/743 1445/1445
f 1166/1166 657/657 9/9
f 1118/1118 657/657 175/175
f 801/801 175/175 657/657
f 1165/1165 8/8 1222/1222
f 307/307 1165/1165 1222/1222
f 1020/1020 1165/1165 307/307
f 359/359 1021/1021 306/306
f 1021/1021 657/657 1166/1166
f 359/359 657/657 1021/1021
f 487/487 306/306 170/170
f 801/801 359/359 487/487
f 801/801 487/487 1553/1553
f 306/306 487/487 359/359
f 801/801 657/657 359/359