timestamp,pos1,pos2,pos3,pos4,pos5,pos6,goal_pos1,goal_pos2,goal_pos3,goal_pos4,goal_pos5,goal_pos6,current1,current2,current3,current4,current5,current6,vel1,vel2,vel3,vel4,vel5,vel6,load1,load2,load3,load4,load5,load6,temp1,temp2,temp3,temp4,temp5,temp6,volts1,volts2,volts3,volts4,volts5,volts6,force_x,force_y,force_z
0.015609264373779297,-0.06367574853429861,0.5807535137405307,-0.3950965119899252,1.4315535754819426,-0.16187449326189168,0.21831527895759553,-0.05907268237519269,0.5331884967631029,-0.4349897520355098,1.437690997027417,-0.14959965017094254,0.2195082586240305,1,8,6,1,1,0,0,0,0,0,0,0,-24,136,116,-28,-44,0,35,33,37,36,32,36,124,122,122,122,122,123,-999,-999,-999
0.03146219253540039,-0.06367574853429861,0.5807535137405307,-0.3950965119899252,1.4315535754819426,-0.16187449326189168,0.21831527895759553,-0.05907268237519269,0.5331884967631029,-0.4349897520355098,1.437690997027417,-0.14959965017094254,0.2195082586240305,0,8,6,1,1,0,0,0,0,0,0,0,-24,136,116,-28,-44,0,35,33,37,36,32,36,124,122,123,122,122,122,-999,-999,-999
0.047014713287353516,-0.06367574853429861,0.5807535137405307,-0.3950965119899252,1.4315535754819426,-0.16187449326189168,0.21831527895759553,-0.05907268237519269,0.5331884967631029,-0.4349897520355098,1.437690997027417,-0.14959965017094254,0.2195082586240305,0,9,6,1,1,0,0,0,0,0,0,0,-24,136,116,-28,-44,0,35,33,37,36,32,36,124,122,123,122,122,122,-999,-999,-999
0.06245565414428711,-0.06367574853429861,0.5807535137405307,-0.3950965119899252,1.4315535754819426,-0.16187449326189168,0.21831527895759553,-0.05907268237519269,0.5331884967631029,-0.4349897520355098,1.437690997027417,-0.14959965017094254,0.2195082586240305,0,10,6,1,1,0,0,0,0,0,0,0,-24,136,116,-28,-44,0,35,33,37,36,32,36,124,122,123,122,122,122,-999,-999,-999
0.0785822868347168,-0.06367574853429861,0.5807535137405307,-0.3950965119899252,1.4315535754819426,-0.16187449326189168,0.21831527895759553,-0.05907268237519269,0.5331884967631029,-0.4349897520355098,1.437690997027417,-0.14959965017094254,0.2195082586240305,0,8,6,1,1,0,0,0,0,0,0,0,-24,136,116,-28,-44,0,35,33,37,36,32,36,124,122,123,122,122,122,-999,-999,-999
0.09459757804870605,-0.06367574853429861,0.5807535137405307,-0.3950965119899252,1.4315535754819426,-0.16187449326189168,0.21831527895759553,-0.05907268237519269,0.5331884967631029,-0.4349897520355098,1.437690997027417,-0.14959965017094254,0.2195082586240305,0,10,6,1,1,0,0,0,0,0,0,0,-24,136,116,-28,-44,0,35,33,37,36,32,36,123,122,122,122,122,122,-999,-999,-999
0.11102294921875,-0.06367574853429861,0.5807535137405307,-0.3950965119899252,1.4315535754819426,-0.16187449326189168,0.21831527895759553,-0.05907268237519269,0.5331884967631029,-0.4349897520355098,1.437690997027417,-0.14959965017094254,0.2195082586240305,0,8,6,0,1,0,0,0,0,0,0,0,-24,136,116,-28,-44,0,35,33,37,36,32,36,124,122,123,122,122,122,-999,-999,-999
0.1274549961090088,-0.06367574853429861,0.5807535137405307,-0.3950965119899252,1.4315535754819426,-0.16187449326189168,0.21831527895759553,-0.05907268237519269,0.5331884967631029,-0.4349897520355098,1.437690997027417,-0.14959965017094254,0.2195082586240305,0,10,6,0,1,0,0,0,0,0,0,0,-24,136,116,-28,-44,0,35,33,37,36,32,36,124,122,123,122,122,122,-999,-999,-999
0.1435868740081787,-0.06367574853429861,0.5807535137405307,-0.3950965119899252,1.4315535754819426,-0.16187449326189168,0.21831527895759553,-0.05907268237519269,0.5331884967631029,-0.4349897520355098,1.437690997027417,-0.14959965017094254,0.2195082586240305,0,8,6,1,1,0,0,0,0,0,0,0,-24,136,116,-28,-44,0,35,33,37,36,32,36,124,122,123,122,122,122,-999,-999,-999
0.15946674346923828,-0.06367574853429861,0.5807535137405307,-0.3950965119899252,1.4315535754819426,-0.16187449326189168,0.21831527895759553,-0.05907268237519269,0.5331884967631029,-0.4349897520355098,1.437690997027417,-0.14959965017094254,0.2195082586240305,0,9,6,0,0,0,0,0,0,0,0,0,-24,136,116,-28,-44,0,35,33,37,36,32,36,124,122,122,122,122,122,-999,-999,-999
0.17549347877502441,-0.06367574853429861,0.5807535137405307,-0.3950965119899252,1.4315535754819426,-0.16187449326189168,0.21831527895759553,-0.05907268237519269,0.5331884967631029,-0.4349897520355098,1.437690997027417,-0.14959965017094254,0.2195082586240305,1,8,6,0,0,0,0,0,0,0,0,0,-24,136,116,-28,-44,0,35,33,37,36,32,36,124,122,123,122,122,123,-999,-999,-999
0.19154787063598633,-0.06367574853429861,0.5807535137405307,-0.3950965119899252,1.4315535754819426,-0.16187449326189168,0.21831527895759553,-0.05907268237519269,0.5331884967631029,-0.4349897520355098,1.437690997027417,-0.14959965017094254,0.2195082586240305,0,8,6,0,1,0,0,0,0,0,0,0,-24,136,116,-28,-44,0,35,33,37,36,32,36,123,122,123,122,122,123,-999,-999,-999
0.20746660232543945,-0.06367574853429861,0.5807535137405307,-0.3950965119899252,1.4315535754819426,-0.16187449326189168,0.21831527895759553,-0.05907268237519269,0.5331884967631029,-0.4349897520355098,1.437690997027417,-0.14959965017094254,0.2195082586240305,0,10,6,1,1,0,0,0,0,0,0,0,-24,136,116,-28,-44,0,35,33,37,36,32,36,124,122,122,122,122,122,-999,-999,-999
0.22357773780822754,-0.06367574853429861,0.5807535137405307,-0.3950965119899252,1.4315535754819426,-0.16187449326189168,0.21831527895759553,-0.05907268237519269,0.5331884967631029,-0.4349897520355098,1.437690997027417,-0.14959965017094254,0.2195082586240305,0,8,6,0,1,0,0,0,0,0,0,0,-24,136,116,-28,-44,0,35,33,37,36,32,36,124,122,122,122,122,122,-999,-999,-999
0.24004411697387695,-0.06367574853429861,0.5807535137405307,-0.3950965119899252,1.4315535754819426,-0.16187449326189168,0.21831527895759553,-0.05907268237519269,0.5331884967631029,-0.4349897520355098,1.437690997027417,-0.14959965017094254,0.2195082586240305,0,10,6,1,0,0,0,0,0,0,0,0,-24,136,116,-28,-44,0,35,33,37,36,32,36,124,122,123,122,122,122,-999,-999,-999
0.25556111335754395,-0.06367574853429861,0.5807535137405307,-0.3950965119899252,1.4315535754819426,-0.16187449326189168,0.21831527895759553,-0.05907268237519269,0.5331884967631029,-0.4349897520355098,1.437690997027417,-0.14959965017094254,0.2195082586240305,0,10,7,0,1,0,0,0,0,0,0,0,-24,136,116,-28,-44,0,35,33,37,36,32,36,124,122,123,122,122,122,-999,-999,-999
0.27101731300354004,-0.06367574853429861,0.5807535137405307,-0.3950965119899252,1.4315535754819426,-0.16187449326189168,0.21831527895759553,-0.05907268237519269,0.5331884967631029,-0.4349897520355098,1.437690997027417,-0.14959965017094254,0.2195082586240305,1,7,6,1,1,0,0,0,0,0,0,0,-24,136,116,-28,-44,0,35,33,37,36,32,36,124,122,123,122,122,122,-999,-999,-999
0.2874877452850342,-0.06367574853429861,0.5807535137405307,-0.3950965119899252,1.4315535754819426,-0.16187449326189168,0.21831527895759553,-0.05907268237519269,0.5331884967631029,-0.4349897520355098,1.437690997027417,-0.14959965017094254,0.2195082586240305,0,8,7,0,1,0,0,0,0,0,0,0,-24,136,116,-28,-44,0,35,33,37,36,32,36,124,122,123,122,122,122,-999,-999,-999
0.3034374713897705,-0.06367574853429861,0.5807535137405307,-0.3950965119899252,1.4315535754819426,-0.16187449326189168,0.21831527895759553,-0.05907268237519269,0.5331884967631029,-0.4349897520355098,1.437690997027417,-0.14959965017094254,0.2195082586240305,0,11,6,1,1,0,0,0,0,0,0,0,-24,136,116,-28,-44,0,35,33,37,36,32,36,124,122,123,122,122,122,-999,-999,-999
0.3195462226867676,-0.06367574853429861,0.5807535137405307,-0.3950965119899252,1.4315535754819426,-0.16187449326189168,0.21831527895759553,-0.05907268237519269,0.5331884967631029,-0.4349897520355098,1.437690997027417,-0.14959965017094254,0.2195082586240305,0,8,7,0,1,0,0,0,0,0,0,0,-24,136,116,-28,-44,0,35,33,37,36,32,36,124,122,122,122,122,122,-999,-999,-999
0.33550429344177246,-0.06367574853429861,0.5807535137405307,-0.3950965119899252,1.4315535754819426,-0.16187449326189168,0.21831527895759553,-0.05907268237519269,0.5331884967631029,-0.4349897520355098,1.437690997027417,-0.14959965017094254,0.2195082586240305,1,9,6,1,1,0,0,0,0,0,0,0,-24,136,116,-28,-44,0,35,33,37,36,32,36,124,122,123,122,122,122,-999,-999,-999
0.35150599479675293,-0.06367574853429861,0.5807535137405307,-0.3950965119899252,1.4315535754819426,-0.16187449326189168,0.21831527895759553,-0.05907268237519269,0.5331884967631029,-0.4349897520355098,1.437690997027417,-0.14959965017094254,0.2195082586240305,0,8,7,0,1,0,0,0,0,0,0,0,-24,136,116,-28,-44,0,35,33,37,36,32,36,124,122,123,122,122,122,-999,-999,-999
0.36851954460144043,-0.06367574853429861,0.5807535137405307,-0.3950965119899252,1.4315535754819426,-0.16187449326189168,0.21831527895759553,-0.05907268237519269,0.5331884967631029,-0.4349897520355098,1.437690997027417,-0.14959965017094254,0.2195082586240305,0,8,5,0,1,0,0,0,0,0,0,0,-24,136,116,-28,-44,0,35,33,37,36,32,36,124,122,123,122,122,123,-999,-999,-999
0.3844940662384033,-0.06367574853429861,0.5807535137405307,-0.3950965119899252,1.4315535754819426,-0.16187449326189168,0.21831527895759553,-0.05907268237519269,0.5331884967631029,-0.4349897520355098,1.437690997027417,-0.14959965017094254,0.2195082586240305,0,8,6,0,1,0,0,0,0,0,0,0,-24,136,116,-28,-44,0,35,33,37,36,32,36,124,122,122,122,122,122,-999,-999,-999
0.39947986602783203,-0.06367574853429861,0.5807535137405307,-0.3950965119899252,1.4315535754819426,-0.16187449326189168,0.21831527895759553,-0.05907268237519269,0.5331884967631029,-0.4349897520355098,1.437690997027417,-0.14959965017094254,0.2195082586240305,0,8,6,1,1,0,0,0,0,0,0,0,-24,136,116,-28,-44,0,35,33,37,36,32,36,124,122,122,122,122,122,-999,-999,-999
0.4164879322052002,-0.06367574853429861,0.5807535137405307,-0.3950965119899252,1.4315535754819426,-0.16187449326189168,0.21831527895759553,-0.05907268237519269,0.5331884967631029,-0.4349897520355098,1.437690997027417,-0.14959965017094254,0.2195082586240305,0,7,7,0,1,0,0,0,0,0,0,0,-24,136,116,-28,-44,0,35,33,37,36,32,36,124,122,123,122,122,122,-999,-999,-999
0.43248677253723145,-0.06367574853429861,0.5807535137405307,-0.3950965119899252,1.4315535754819426,-0.16187449326189168,0.21831527895759553,-0.05907268237519269,0.5331884967631029,-0.4349897520355098,1.437690997027417,-0.14959965017094254,0.2195082586240305,1,8,5,0,1,0,0,0,0,0,0,0,-24,136,116,-28,-44,0,35,33,37,36,32,36,124,122,123,122,122,122,-999,-999,-999
0.4485042095184326,-0.06367574853429861,0.5807535137405307,-0.3950965119899252,1.4315535754819426,-0.16187449326189168,0.21831527895759553,-0.05907268237519269,0.5331884967631029,-0.4349897520355098,1.437690997027417,-0.14959965017094254,0.2195082586240305,0,8,6,1,1,0,0,0,0,0,0,0,-24,136,116,-28,-44,0,35,33,37,36,32,36,124,122,123,122,122,122,-999,-999,-999
0.4655187129974365,-0.06367574853429861,0.5807535137405307,-0.3950965119899252,1.4315535754819426,-0.16187449326189168,0.21831527895759553,-0.05907268237519269,0.5331884967631029,-0.4349897520355098,1.437690997027417,-0.14959965017094254,0.2195082586240305,1,8,6,0,1,0,0,0,0,0,0,0,-24,136,116,-28,-44,0,35,33,37,36,32,36,124,122,123,122,122,122,-999,-999,-999
0.4806346893310547,-0.06367574853429861,0.5807535137405307,-0.3950965119899252,1.4315535754819426,-0.16187449326189168,0.21831527895759553,-0.05907268237519269,0.5331884967631029,-0.4349897520355098,1.437690997027417,-0.14959965017094254,0.2195082586240305,0,8,6,1,0,0,0,0,0,0,0,0,-24,136,116,-28,-44,0,35,33,37,36,32,36,124,122,122,122,122,122,-999,-999,-999
0.49659276008605957,-0.06367574853429861,0.5807535137405307,-0.3950965119899252,1.4315535754819426,-0.16187449326189168,0.21831527895759553,-0.05907268237519269,0.5331884967631029,-0.4349897520355098,1.437690997027417,-0.14959965017094254,0.2195082586240305,0,10,6,0,1,0,0,0,0,0,0,0,-24,136,116,-28,-44,0,35,33,38,36,32,36,124,122,123,122,122,122,-999,-999,-999
0.5125153064727783,-0.06367574853429861,0.5807535137405307,-0.3950965119899252,1.4315535754819426,-0.16187449326189168,0.21831527895759553,-0.05907268237519269,0.5331884967631029,-0.4349897520355098,1.437690997027417,-0.14959965017094254,0.2195082586240305,1,8,6,1,1,0,0,0,0,0,0,0,-24,136,116,-28,-44,0,35,33,37,36,32,36,124,122,122,122,122,122,-999,-999,-999
0.5286333560943604,-0.06367574853429861,0.5807535137405307,-0.3950965119899252,1.4315535754819426,-0.16187449326189168,0.21831527895759553,-0.05907268237519269,0.5331884967631029,-0.4349897520355098,1.437690997027417,-0.14959965017094254,0.2195082586240305,0,8,6,0,2,0,0,0,0,0,0,0,-24,136,116,-28,-44,0,35,33,37,36,32,36,124,122,123,122,122,122,-999,-999,-999
0.5445144176483154,-0.06367574853429861,0.5807535137405307,-0.3950965119899252,1.4315535754819426,-0.16187449326189168,0.21831527895759553,-0.05907268237519269,0.5331884967631029,-0.4349897520355098,1.437690997027417,-0.14959965017094254,0.2195082586240305,0,8,6,0,1,0,0,0,0,0,0,0,-24,136,116,-28,-44,0,35,33,37,36,32,36,124,122,123,122,122,123,-999,-999,-999
0.5606575012207031,-0.06367574853429861,0.5807535137405307,-0.3950965119899252,1.4315535754819426,-0.16187449326189168,0.21831527895759553,-0.05907268237519269,0.5316541413767342,-0.43652410742187847,1.4361566416410485,-0.14959965017094254,0.2195082586240305,0,8,7,1,1,0,0,0,0,0,0,0,-24,140,120,-24,-44,0,35,33,37,36,32,36,124,122,123,122,122,122,-999,-999,-999
0.576505184173584,-0.06367574853429861,0.5807535137405307,-0.3950965119899252,1.4315535754819426,-0.16187449326189168,0.21831527895759553,-0.05907268237519269,0.5316541413767342,-0.43652410742187847,1.4361566416410485,-0.14959965017094254,0.2195082586240305,1,10,6,1,1,0,0,0,0,0,0,0,-24,144,124,-20,-44,0,35,33,37,36,32,36,124,122,123,122,122,122,-999,-999,-999
0.5926592350006104,-0.06367574853429861,0.5807535137405307,-0.3950965119899252,1.4315535754819426,-0.16187449326189168,0.21831527895759553,-0.05907268237519269,0.5301197859903656,-0.43652410742187847,1.4346222862546798,-0.14959965017094254,0.2195082586240305,0,10,6,0,1,0,0,0,0,0,0,0,-24,144,120,0,-44,0,35,33,37,36,32,36,124,122,123,122,122,122,-999,-999,-999
0.6086876392364502,-0.06367574853429861,0.5807535137405307,-0.3950965119899252,1.4315535754819426,-0.16187449326189168,0.21831527895759553,-0.05907268237519269,0.5301197859903656,-0.43652410742187847,1.4300192200955737,-0.14959965017094254,0.2195082586240305,0,9,6,0,1,0,0,0,0,0,0,0,-24,144,120,20,-44,0,35,33,37,36,32,36,124,122,123,122,122,122,-999,-999,-999
0.6271555423736572,-0.06367574853429861,0.5807535137405307,-0.3950965119899252,1.4315535754819426,-0.16187449326189168,0.21831527895759553,-0.05907268237519269,0.528585430603997,-0.43652410742187847,1.423881798550099,-0.14959965017094254,0.2195082586240305,0,10,6,0,1,0,0,0,0,0,0,0,-24,152,120,24,-44,0,35,33,37,36,32,36,123,122,123,122,122,122,-999,-999,-999
0.6416716575622559,-0.06367574853429861,0.5807535137405307,-0.3950965119899252,1.4315535754819426,-0.16187449326189168,0.21831527895759553,-0.05907268237519269,0.528585430603997,-0.43652410742187847,1.4208130877773617,-0.14959965017094254,0.2195082586240305,0,14,7,2,1,0,0,0,0,0,0,0,-24,152,120,52,-44,0,35,33,37,36,32,36,124,122,123,122,122,122,-999,-999,-999
0.6575286388397217,-0.06367574853429861,0.5807535137405307,-0.3950965119899252,1.4315535754819426,-0.16187449326189168,0.21831527895759553,-0.05907268237519269,0.528585430603997,-0.43652410742187847,1.4146756662318873,-0.14959965017094254,0.2195082586240305,0,10,6,1,1,0,0,0,0,0,0,0,-24,148,120,52,-44,0,35,33,37,36,32,36,124,121,122,122,122,122,-999,-999,-999
0.6735601425170898,-0.06367574853429861,0.5807535137405307,-0.3950965119899252,1.428484864709205,-0.16187449326189168,0.21831527895759553,-0.05907268237519269,0.528585430603997,-0.43652410742187847,1.4100726000727815,-0.14959965017094254,0.2195082586240305,0,11,6,1,1,0,0,0,0,-50,0,0,-24,148,120,60,-44,0,35,33,37,36,32,36,124,122,122,122,122,122,-999,-999,-999
0.6905128955841064,-0.06367574853429861,0.5807535137405307,-0.3950965119899252,1.4254161539364678,-0.16187449326189168,0.21831527895759553,-0.05907268237519269,0.528585430603997,-0.43652410742187847,1.4054695339136754,-0.14959965017094254,0.2195082586240305,0,10,6,2,1,0,0,0,0,-50,0,0,-24,148,120,76,-44,0,35,33,37,36,32,36,124,122,123,122,122,122,-999,-999,-999
0.7055826187133789,-0.06367574853429861,0.5807535137405307,-0.3950965119899252,1.4208130877773617,-0.16187449326189168,0.21831527895759553,-0.05907268237519269,0.528585430603997,-0.43652410742187847,1.399332112368201,-0.14959965017094254,0.2195082586240305,0,10,8,1,2,0,0,0,0,-100,0,0,-24,148,120,64,-44,0,35,33,37,36,32,36,124,122,122,122,122,122,-999,-999,-999
0.7235171794891357,-0.06367574853429861,0.5807535137405307,-0.3950965119899252,1.4162100216182558,-0.16187449326189168,0.21831527895759553,-0.05907268237519269,0.528585430603997,-0.43652410742187847,1.394729046209095,-0.14959965017094254,0.2195082586240305,0,9,6,1,1,0,0,0,0,-200,0,0,-24,148,120,68,-44,0,35,33,37,36,32,36,124,122,123,122,122,122,-999,-999,-999
0.7385520935058594,-0.06367574853429861,0.5807535137405307,-0.3950965119899252,1.41160695545915,-0.16187449326189168,0.21831527895759553,-0.05753832698882405,0.5301197859903656,-0.43652410742187847,1.3885916246636205,-0.14959965017094254,0.2195082586240305,0,12,7,1,1,0,0,0,0,-150,0,0,-24,148,120,68,-44,0,35,34,37,36,32,36,124,122,123,122,122,122,-999,-999,-999
0.7546730041503906,-0.06367574853429861,0.5807535137405307,-0.3950965119899252,1.407003889300044,-0.16187449326189168,0.21831527895759553,-0.05753832698882405,0.5301197859903656,-0.43652410742187847,1.382454203118146,-0.14959965017094254,0.2195082586240305,0,9,6,1,1,0,0,0,0,-200,0,0,-28,140,120,80,-44,0,35,33,37,36,32,36,124,122,122,122,122,122,-999,-999,-999
0.77059006690979,-0.06367574853429861,0.5807535137405307,-0.3950965119899252,1.4024008231409382,-0.16187449326189168,0.21831527895759553,-0.05753832698882405,0.5316541413767342,-0.43652410742187847,1.37785113695904,-0.14959965017094254,0.2195082586240305,0,9,6,1,1,0,0,0,0,-200,0,0,-32,144,120,80,-44,0,35,33,37,36,32,36,123,122,122,122,122,122,-999,-999,-999
0.7866692543029785,-0.06367574853429861,0.5807535137405307,-0.3950965119899252,1.3977977569818323,-0.16187449326189168,0.21831527895759553,-0.05753832698882405,0.5316541413767342,-0.43652410742187847,1.3701793600271968,-0.14959965017094254,0.2195082586240305,0,7,7,1,1,0,0,0,0,-200,0,0,-28,140,120,80,-44,0,35,33,37,36,32,36,124,122,123,122,122,122,-999,-999,-999
0.802722692489624,-0.06367574853429861,0.5807535137405307,-0.3950965119899252,1.3931946908227264,-0.16187449326189168,0.21831527895759553,-0.05753832698882405,0.5316541413767342,-0.43652410742187847,1.3655762938680909,-0.14959965017094254,0.2195082586240305,0,9,6,2,2,0,0,0,0,-150,0,0,-28,136,120,72,-44,0,35,33,37,36,32,36,124,122,123,122,122,122,-999,-999,-999
0.818671464920044,-0.06367574853429861,0.5807535137405307,-0.3950965119899252,1.3885916246636205,-0.16187449326189168,0.21831527895759553,-0.05753832698882405,0.5316541413767342,-0.43652410742187847,1.359438872322616,-0.14959965017094254,0.2195082586240305,0,11,7,1,1,0,0,0,0,-200,0,0,-28,140,120,88,-44,0,35,33,37,36,32,36,124,122,123,122,122,122,-999,-999,-999
0.8345844745635986,-0.06367574853429861,0.5807535137405307,-0.3950965119899252,1.382454203118146,-0.16187449326189168,0.21831527895759553,-0.05600397160245541,0.5316541413767342,-0.43652410742187847,1.3548358061635102,-0.14959965017094254,0.2195082586240305,0,9,6,1,1,0,0,0,0,-250,0,0,-28,140,120,80,-44,0,35,33,37,36,32,36,124,122,122,122,122,122,-999,-999,-999
0.851536750793457,-0.06367574853429861,0.5807535137405307,-0.3950965119899252,1.3763167815726713,-0.16187449326189168,0.21831527895759553,-0.052935260829718125,0.5316541413767342,-0.43652410742187847,1.3502327400044043,-0.14959965017094254,0.2195082586240305,0,8,7,0,1,0,0,0,0,-250,0,0,-32,140,120,80,-44,0,35,33,37,36,32,36,124,122,123,122,122,122,-999,-999,-999
0.866614580154419,-0.06367574853429861,0.5807535137405307,-0.3950965119899252,1.3717137154135655,-0.16187449326189168,0.21831527895759553,-0.051400905443349486,0.5316541413767342,-0.43652410742187847,1.3456296738452984,-0.14959965017094254,0.2195082586240305,1,8,6,0,1,0,0,0,0,-200,0,0,-48,140,120,72,-44,0,35,33,37,36,32,36,124,122,123,122,122,122,-999,-999,-999
0.8827362060546875,-0.06367574853429861,0.5807535137405307,-0.3950965119899252,1.3671106492544596,-0.16187449326189168,0.21831527895759553,-0.049866550056980846,0.5316541413767342,-0.43652410742187847,1.3410266076861925,-0.14959965017094254,0.2195082586240305,1,10,6,1,1,0,0,0,0,-200,0,0,-52,140,120,80,-44,0,35,33,37,36,32,36,124,122,122,122,122,122,-999,-999,-999
0.8987438678741455,-0.06367574853429861,0.5807535137405307,-0.3950965119899252,1.3625075830953537,-0.16187449326189168,0.21831527895759553,-0.0483321946706122,0.5316541413767342,-0.43652410742187847,1.3364235415270866,-0.14959965017094254,0.2195082586240305,1,9,8,1,1,0,0,0,0,-200,0,0,-52,140,120,72,-44,0,35,33,37,36,32,36,124,122,123,122,122,122,-999,-999,-999
0.9147322177886963,-0.06367574853429861,0.5807535137405307,-0.3950965119899252,1.3579045169362476,-0.16187449326189168,0.21831527895759553,-0.0483321946706122,0.5301197859903656,-0.43652410742187847,1.3318204753679808,-0.14959965017094254,0.2195082586240305,1,9,6,1,1,0,0,0,0,-200,0,0,-56,144,120,84,-44,0,35,33,37,36,32,36,123,122,123,122,122,122,-999,-999,-999
0.9307117462158203,-0.06367574853429861,0.5807535137405307,-0.3950965119899252,1.351767095390773,-0.16187449326189168,0.21831527895759553,-0.0483321946706122,0.5301197859903656,-0.43652410742187847,1.3256830538225062,-0.14959965017094254,0.2195082586240305,1,9,6,0,0,0,0,0,0,-200,0,0,-56,148,120,80,-44,0,35,33,37,36,32,36,123,122,123,122,122,122,-999,-999,-999
0.9467368125915527,-0.06214139314792997,0.5807535137405307,-0.3950965119899252,1.3486983846180356,-0.16187449326189168,0.21831527895759553,-0.0483321946706122,0.5301197859903656,-0.43652410742187847,1.3180112768906629,-0.14959965017094254,0.2195082586240305,1,9,6,0,1,0,0,0,0,-200,0,0,-52,148,120,68,-44,0,35,33,37,36,32,36,124,122,123,122,122,122,-999,-999,-999
0.9637107849121094,-0.06060703776156134,0.5807535137405307,-0.3950965119899252,1.3425609630725612,-0.16187449326189168,0.21831527895759553,-0.0483321946706122,0.5301197859903656,-0.43652410742187847,1.3103394999588198,-0.14959965017094254,0.2195082586240305,0,9,6,2,1,0,50,0,0,-200,0,0,-44,144,120,100,-44,0,35,33,37,36,32,36,124,122,123,122,122,122,-999,-999,-999
0.9795806407928467,-0.06060703776156134,0.5807535137405307,-0.3950965119899252,1.3364235415270866,-0.16187449326189168,0.21831527895759553,-0.0483321946706122,0.5301197859903656,-0.43652410742187847,1.3026677230269765,-0.14959965017094254,0.2195082586240305,0,8,7,2,1,0,50,0,0,-200,0,0,-40,144,120,100,-44,0,35,33,37,36,32,36,123,122,123,122,122,122,-999,-999,-999
0.994579553604126,-0.05753832698882405,0.5807535137405307,-0.3950965119899252,1.330286119981612,-0.16187449326189168,0.21831527895759553,-0.04679783928424356,0.5301197859903656,-0.43652410742187847,1.2934615907087648,-0.14959965017094254,0.2195082586240305,1,9,7,1,1,0,50,0,0,-250,0,0,-36,144,120,100,-44,0,35,33,37,36,32,36,124,122,123,122,122,122,-999,-999,-999
1.0117371082305908,-0.05600397160245541,0.5807535137405307,-0.3950965119899252,1.3226143430497688,-0.16187449326189168,0.21831527895759553,-0.04679783928424356,0.5301197859903656,-0.43652410742187847,1.28732416916329,-0.14959965017094254,0.2195082586240305,0,11,8,2,1,0,50,0,0,-250,0,0,-32,144,120,100,-44,0,35,33,37,36,32,36,124,122,123,122,121,122,-999,-999,-999
1.0275945663452148,-0.05600397160245541,0.5807535137405307,-0.3950965119899252,1.3164769215042944,-0.16187449326189168,0.21831527895759553,-0.04679783928424356,0.5301197859903656,-0.43652410742187847,1.2781180368450782,-0.14959965017094254,0.2195082586240305,1,8,6,1,2,0,100,0,0,-250,0,0,-32,144,120,104,-44,0,35,33,37,36,32,36,124,122,122,122,122,122,-999,-999,-999
1.0436055660247803,-0.05446961621608677,0.5807535137405307,-0.3950965119899252,1.3088051445724511,-0.16187449326189168,0.21831527895759553,-0.04679783928424356,0.5301197859903656,-0.43652410742187847,1.2719806152996036,-0.14959965017094254,0.2195082586240305,0,8,6,2,1,0,0,0,0,-300,0,0,-28,144,120,96,-44,0,35,33,37,36,32,36,124,122,123,122,122,122,-999,-999,-999
1.0591635704040527,-0.05446961621608677,0.5807535137405307,-0.3950965119899252,1.3026677230269765,-0.16187449326189168,0.21831527895759553,-0.04679783928424356,0.5301197859903656,-0.43652410742187847,1.2612401275950231,-0.14959965017094254,0.2195082586240305,0,12,7,2,1,0,50,0,0,-300,0,0,-32,144,120,112,-44,0,35,33,37,36,32,36,124,122,122,122,122,122,-999,-999,-999
1.076636552810669,-0.05446961621608677,0.5807535137405307,-0.3950965119899252,1.2949959460951335,-0.16187449326189168,0.21831527895759553,-0.04679783928424356,0.5301197859903656,-0.43652410742187847,1.2520339952768114,-0.14959965017094254,0.2195082586240305,0,11,6,1,1,0,0,0,0,-250,0,0,-32,144,120,112,-44,0,35,33,37,36,32,36,124,122,122,122,122,122,-999,-999,-999
1.091749668121338,-0.05446961621608677,0.5807535137405307,-0.3950965119899252,1.28732416916329,-0.16187449326189168,0.21831527895759553,-0.04679783928424356,0.5301197859903656,-0.43652410742187847,1.2443622183449683,-0.14959965017094254,0.2195082586240305,1,11,6,2,1,0,0,0,0,-300,0,0,-32,144,120,116,-44,0,35,32,37,36,32,36,124,122,123,122,122,122,-999,-999,-999
1.108640193939209,-0.05446961621608677,0.5807535137405307,-0.3950965119899252,1.2781180368450782,-0.16187449326189168,0.21831527895759553,-0.04679783928424356,0.528585430603997,-0.43652410742187847,1.236690441413125,-0.14959965017094254,0.2195082586240305,0,9,6,2,1,0,0,0,0,-300,0,0,-32,152,120,124,-44,0,35,33,37,36,32,36,124,122,123,122,122,122,-999,-999,-999
1.1236486434936523,-0.05600397160245541,0.5807535137405307,-0.3950965119899252,1.270446259913235,-0.16187449326189168,0.21831527895759553,-0.04679783928424356,0.528585430603997,-0.43652410742187847,1.2290186644812817,-0.14959965017094254,0.2195082586240305,1,9,6,1,1,0,0,0,0,-350,0,0,-32,152,120,112,-44,0,35,33,37,36,32,36,124,122,122,122,122,122,-999,-999,-999
1.1407005786895752,-0.05753832698882405,0.5807535137405307,-0.3950965119899252,1.2612401275950231,-0.16187449326189168,0.21831527895759553,-0.04679783928424356,0.528585430603997,-0.43652410742187847,1.2198125321630697,-0.14959965017094254,0.2195082586240305,1,9,6,2,1,0,-50,0,0,-300,0,0,-40,148,120,112,-44,0,35,33,37,36,32,36,124,122,123,122,122,122,-999,-999,-999
1.1557741165161133,-0.05753832698882405,0.5807535137405307,-0.3950965119899252,1.2551027060495485,-0.16187449326189168,0.21831527895759553,-0.04679783928424356,0.528585430603997,-0.43652410742187847,1.210606399844858,-0.14959965017094254,0.2195082586240305,0,11,7,2,1,0,-50,0,0,-350,0,0,-44,148,120,112,-44,0,35,33,37,36,32,36,124,122,123,122,122,122,-999,-999,-999
1.1726341247558594,-0.05753832698882405,0.5807535137405307,-0.3950965119899252,1.2474309291177055,-0.16187449326189168,0.21831527895759553,-0.04679783928424356,0.528585430603997,-0.43652410742187847,1.2029346229130147,-0.14959965017094254,0.2195082586240305,1,12,6,2,1,0,0,0,0,-300,0,0,-44,148,120,116,-44,0,35,34,37,36,32,36,123,122,123,122,122,122,-999,-999,-999
1.1886134147644043,-0.05753832698882405,0.5807535137405307,-0.3950965119899252,1.2382247967994937,-0.16187449326189168,0.21831527895759553,-0.04679783928424356,0.528585430603997,-0.43652410742187847,1.193728490594803,-0.14959965017094254,0.2195082586240305,0,9,7,2,1,0,0,0,0,-300,0,0,-40,148,120,124,-44,0,35,33,37,36,32,36,123,122,122,122,122,122,-999,-999,-999
1.2041938304901123,-0.05753832698882405,0.5807535137405307,-0.3950965119899252,1.2305530198676504,-0.16187449326189168,0.21831527895759553,-0.04679783928424356,0.528585430603997,-0.43652410742187847,1.1845223582765911,-0.14959965017094254,0.2195082586240305,1,11,7,1,1,0,0,0,0,-350,0,0,-40,148,120,120,-44,0,35,33,37,36,32,36,124,122,123,122,122,122,-999,-999,-999
1.2196118831634521,-0.05753832698882405,0.5807535137405307,-0.3950965119899252,1.2213468875494384,-0.16187449326189168,0.21831527895759553,-0.04679783928424356,0.528585430603997,-0.43652410742187847,1.1753162259583794,-0.14959965017094254,0.2195082586240305,0,9,6,3,1,0,0,0,0,-300,0,0,-40,148,120,132,-44,0,35,33,37,36,32,36,124,122,122,122,122,122,-999,-999,-999
1.2357571125030518,-0.05753832698882405,0.5807535137405307,-0.3950965119899252,1.2136751106175951,-0.16187449326189168,0.21831527895759553,-0.04679783928424356,0.528585430603997,-0.43652410742187847,1.1661100936401676,-0.14959965017094254,0.2195082586240305,0,9,6,1,1,0,0,0,0,-350,0,0,-40,148,120,112,-44,0,35,33,37,36,32,36,123,122,123,122,122,122,-999,-999,-999
1.252197027206421,-0.05753832698882405,0.5807535137405307,-0.3950965119899252,1.2044689782993834,-0.16187449326189168,0.21831527895759553,-0.04679783928424356,0.528585430603997,-0.43652410742187847,1.1553696059355871,-0.14959965017094254,0.2195082586240305,1,10,7,2,1,0,0,0,0,-350,0,0,-40,148,120,120,-44,0,35,33,37,36,32,36,123,122,122,122,122,122,-999,-999,-999
1.2686522006988525,-0.05753832698882405,0.5807535137405307,-0.3950965119899252,1.1967972013675403,-0.16187449326189168,0.21831527895759553,-0.04679783928424356,0.528585430603997,-0.43652410742187847,1.1446291182310064,-0.14959965017094254,0.2195082586240305,1,12,6,3,0,0,0,0,0,-350,0,0,-40,148,120,136,-44,0,35,33,38,36,32,36,124,122,122,122,122,122,-999,-999,-999
1.2836568355560303,-0.05753832698882405,0.5807535137405307,-0.3950965119899252,1.1875910690493283,-0.16187449326189168,0.21831527895759553,-0.04679783928424356,0.528585430603997,-0.43652410742187847,1.133888630526426,-0.14959965017094254,0.2195082586240305,1,13,7,2,1,0,0,0,0,-350,0,0,-40,148,120,140,-44,0,35,33,37,36,32,36,124,122,122,122,122,122,-999,-999,-999
1.2996339797973633,-0.05600397160245541,0.5807535137405307,-0.3950965119899252,1.1783849367311166,-0.16187449326189168,0.21831527895759553,-0.04679783928424356,0.528585430603997,-0.43652410742187847,1.1246824982082142,-0.14959965017094254,0.2195082586240305,1,9,7,3,1,0,0,0,0,-350,0,0,-40,148,120,152,-44,0,35,33,37,36,32,36,124,122,122,122,122,122,-999,-999,-999
1.3166346549987793,-0.05600397160245541,0.5807535137405307,-0.3950965119899252,1.167644449026536,-0.16187449326189168,0.21831527895759553,-0.04679783928424356,0.528585430603997,-0.43652410742187847,1.1139420105036337,-0.14959965017094254,0.2195082586240305,1,10,6,1,1,0,50,0,0,-400,0,0,-32,148,120,132,-44,0,35,33,37,36,32,36,123,121,123,122,122,122,-999,-999,-999
1.3316850662231445,-0.05600397160245541,0.5807535137405307,-0.3950965119899252,1.1569039613219556,-0.16187449326189168,0.21831527895759553,-0.04679783928424356,0.528585430603997,-0.43652410742187847,1.1032015227990533,-0.14959965017094254,0.2195082586240305,0,9,6,2,2,0,0,0,0,-450,0,0,-36,148,120,132,-44,0,35,33,37,36,32,36,124,122,123,122,122,122,-999,-999,-999
1.3487749099731445,-0.05600397160245541,0.5807535137405307,-0.3950965119899252,1.146163473617375,-0.16187449326189168,0.21831527895759553,-0.04679783928424356,0.528585430603997,-0.43652410742187847,1.0939953904808413,-0.14959965017094254,0.2195082586240305,0,9,7,3,1,0,0,0,0,-450,0,0,-36,148,120,136,-44,0,35,33,37,36,32,36,124,122,122,122,122,122,-999,-999,-999
1.3641901016235352,-0.05600397160245541,0.5807535137405307,-0.3950965119899252,1.1369573412991631,-0.16187449326189168,0.21831527895759553,-0.04679783928424356,0.528585430603997,-0.43652410742187847,1.0847892581626295,-0.14959965017094254,0.2195082586240305,0,9,7,2,1,0,0,0,0,-400,0,0,-36,148,120,140,-44,0,35,33,37,36,32,36,124,122,123,122,122,122,-999,-999,-999
1.3816492557525635,-0.05600397160245541,0.5807535137405307,-0.3950965119899252,1.1277512089809514,-0.16187449326189168,0.21831527895759553,-0.04679783928424356,0.528585430603997,-0.43652410742187847,1.0755831258444175,-0.14959965017094254,0.2195082586240305,1,9,7,2,1,0,0,0,0,-350,0,0,-36,148,120,136,-44,0,35,33,37,36,32,36,124,122,123,122,122,122,-999,-999,-999
1.396224021911621,-0.05600397160245541,0.5807535137405307,-0.3950965119899252,1.117010721276371,-0.16187449326189168,0.21831527895759553,-0.04679783928424356,0.528585430603997,-0.43652410742187847,1.0648426381398373,-0.14959965017094254,0.2195082586240305,1,9,8,1,1,0,0,0,0,-400,0,0,-36,148,120,136,-44,0,35,33,37,36,32,36,124,122,123,122,122,122,-999,-999,-999
1.4136483669281006,-0.05600397160245541,0.5807535137405307,-0.3950965119899252,1.1078045889581591,-0.16187449326189168,0.21831527895759553,-0.04679783928424356,0.528585430603997,-0.43652410742187847,1.0556365058216253,-0.14959965017094254,0.2195082586240305,1,12,7,2,1,0,0,0,0,-400,0,0,-36,148,120,136,-44,0,35,33,37,36,32,36,124,122,123,122,122,122,-999,-999,-999
1.4296464920043945,-0.05600397160245541,0.5807535137405307,-0.3950965119899252,1.0985984566399472,-0.16187449326189168,0.21831527895759553,-0.04679783928424356,0.528585430603997,-0.43652410742187847,1.0464303735034135,-0.14959965017094254,0.2195082586240305,0,12,6,2,1,0,0,0,0,-400,0,0,-36,148,120,140,-44,0,35,32,37,36,32,36,124,122,122,122,122,122,-999,-999,-999
1.4447863101959229,-0.05600397160245541,0.5807535137405307,-0.3950965119899252,1.0893923243217354,-0.16187449326189168,0.21831527895759553,-0.04679783928424356,0.528585430603997,-0.43652410742187847,1.035689885798833,-0.14959965017094254,0.2195082586240305,1,12,6,2,1,0,0,0,0,-400,0,0,-36,148,120,144,-44,0,35,33,37,36,32,36,124,122,122,122,122,122,-999,-999,-999
1.4612245559692383,-0.05600397160245541,0.5807535137405307,-0.3950965119899252,1.078651836617155,-0.16187449326189168,0.21831527895759553,-0.04679783928424356,0.528585430603997,-0.43652410742187847,1.026483753480621,-0.14959965017094254,0.2195082586240305,1,9,6,2,2,0,0,0,0,-350,0,0,-36,148,120,136,-44,0,35,33,37,36,32,36,124,122,123,122,122,122,-999,-999,-999
1.4786596298217773,-0.05600397160245541,0.5807535137405307,-0.3950965119899252,1.0694457042989431,-0.16187449326189168,0.21831527895759553,-0.04679783928424356,0.528585430603997,-0.43652410742187847,1.0157432657760406,-0.14959965017094254,0.2195082586240305,1,9,9,2,2,0,0,0,0,-400,0,0,-36,148,120,140,-44,0,35,33,37,36,32,36,124,122,122,122,122,122,-999,-999,-999
1.4932277202606201,-0.05600397160245541,0.5807535137405307,-0.3950965119899252,1.0602395719807312,-0.16187449326189168,0.21831527895759553,-0.04679783928424356,0.528585430603997,-0.43652410742187847,1.0034684226850914,-0.14959965017094254,0.2195082586240305,0,9,8,2,1,0,0,0,0,-400,0,0,-36,148,120,140,-44,0,35,33,37,36,32,36,124,122,122,122,122,122,-999,-999,-999
1.5096685886383057,-0.05600397160245541,0.5807535137405307,-0.3950965119899252,1.0494990842761507,-0.16187449326189168,0.21831527895759553,-0.04679783928424356,0.528585430603997,-0.43652410742187847,0.9942622903668795,-0.14959965017094254,0.2195082586240305,0,10,7,3,1,0,0,0,0,-400,0,0,-36,148,120,144,-44,0,35,33,37,36,32,36,124,122,122,122,122,122,-999,-999,-999
1.5258066654205322,-0.05600397160245541,0.5807535137405307,-0.3950965119899252,1.0387585965715702,-0.16187449326189168,0.21831527895759553,-0.04679783928424356,0.5270510752176283,-0.43652410742187847,0.9850561580486678,-0.14959965017094254,0.2195082586240305,1,12,6,3,1,0,0,0,0,-400,0,0,-36,152,120,156,-44,0,35,33,37,36,32,36,124,121,122,122,122,122,-999,-999,-999
1.5422494411468506,-0.05600397160245541,0.5807535137405307,-0.3950965119899252,1.0280181088669897,-0.16187449326189168,0.21831527895759553,-0.04679783928424356,0.5270510752176283,-0.43652410742187847,0.9743156703440873,-0.14959965017094254,0.2195082586240305,1,11,6,2,1,0,0,0,0,-400,0,0,-36,152,120,144,-44,0,35,33,37,36,32,36,124,122,123,122,122,122,-999,-999,-999
1.5578041076660156,-0.05600397160245541,0.5807535137405307,-0.3950965119899252,1.0188119765487778,-0.16187449326189168,0.21831527895759553,-0.04679783928424356,0.5270510752176283,-0.43652410742187847,0.9651095380258755,-0.14959965017094254,0.2195082586240305,0,12,7,2,1,0,0,0,0,-450,0,0,-36,156,120,136,-44,0,35,33,37,36,32,36,124,122,122,122,122,122,-999,-999,-999
1.5727179050445557,-0.05600397160245541,0.5807535137405307,-0.3950965119899252,1.009605844230566,-0.16187449326189168,0.21831527895759553,-0.04679783928424356,0.5270510752176283,-0.43652410742187847,0.9559034057076635,-0.14959965017094254,0.2195082586240305,1,14,7,2,1,0,0,0,0,-400,0,0,-36,152,120,136,-44,0,35,33,37,36,32,36,124,122,123,122,122,122,-999,-999,-999
1.5896518230438232,-0.05600397160245541,0.5807535137405307,-0.3950965119899252,0.9988653565259856,-0.16187449326189168,0.21831527895759553,-0.04679783928424356,0.5270510752176283,-0.43652410742187847,0.9466972733894518,-0.14959965017094254,0.2195082586240305,1,13,6,2,1,0,0,0,0,-400,0,0,-36,152,120,136,-44,0,35,33,37,36,32,36,124,122,122,122,122,122,-999,-999,-999
1.6058111190795898,-0.05600397160245541,0.5807535137405307,-0.3950965119899252,0.9896592242077736,-0.16187449326189168,0.21831527895759553,-0.04679783928424356,0.5255167198312597,-0.43652410742187847,0.9390254964576086,-0.14959965017094254,0.2195082586240305,1,11,6,2,1,0,0,0,0,-400,0,0,-36,156,120,136,-44,0,35,33,37,36,32,36,124,122,123,122,122,122,-999,-999,-999
1.6216678619384766,-0.05600397160245541,0.5807535137405307,-0.3950965119899252,0.9804530918895619,-0.16187449326189168,0.21831527895759553,-0.04679783928424356,0.5255167198312597,-0.43652410742187847,0.9282850087530281,-0.14959965017094254,0.2195082586240305,0,13,6,2,1,0,0,0,0,-400,0,0,-36,156,120,136,-44,0,35,33,37,36,32,36,123,122,122,122,122,122,-999,-999,-999
1.6378121376037598,-0.05600397160245541,0.5807535137405307,-0.3950965119899252,0.97124695957135,-0.16187449326189168,0.21831527895759553,-0.04679783928424356,0.5255167198312597,-0.43652410742187847,0.9190788764348161,-0.14959965017094254,0.2195082586240305,1,13,8,2,1,0,0,0,0,-350,0,0,-36,160,120,136,-44,0,35,33,37,36,32,36,123,122,123,122,122,122,-999,-999,-999
1.6522746086120605,-0.05600397160245541,0.5807535137405307,-0.3950965119899252,0.9620408272531382,-0.16187449326189168,0.21831527895759553,-0.04679783928424356,0.5255167198312597,-0.43652410742187847,0.9114070995029729,-0.14959965017094254,0.2195082586240305,1,10,6,2,1,0,0,0,0,-400,0,0,-36,156,120,132,-44,0,35,33,37,36,32,36,124,122,123,122,122,122,-999,-999,-999
1.671661615371704,-0.05600397160245541,0.5807535137405307,-0.3950965119899252,0.9528346949349262,-0.16187449326189168,0.21831527895759553,-0.04679783928424356,0.5255167198312597,-0.43652410742187847,0.9022009671847612,-0.14959965017094254,0.2195082586240305,1,12,6,2,1,0,0,0,0,-350,0,0,-36,156,120,132,-44,0,35,33,37,36,32,36,124,122,122,122,122,122,-999,-999,-999
1.6868832111358643,-0.05600397160245541,0.5807535137405307,-0.3950965119899252,0.9436285626167145,-0.16187449326189168,0.21831527895759553,-0.04679783928424356,0.5255167198312597,-0.43652410742187847,0.8914604794801807,-0.14959965017094254,0.2195082586240305,1,12,7,2,1,0,0,0,0,-350,0,0,-36,156,120,136,-44,0,35,33,37,36,32,36,124,122,123,122,122,122,-999,-999,-999
1.7028284072875977,-0.05600397160245541,0.5807535137405307,-0.3950965119899252,0.9344224302985026,-0.16187449326189168,0.21831527895759553,-0.04679783928424356,0.5255167198312597,-0.43652410742187847,0.8822543471619687,-0.14959965017094254,0.2195082586240305,0,11,6,2,1,0,0,0,0,-350,0,0,-36,156,120,132,-44,0,35,33,37,36,32,36,124,122,122,122,122,122,-999,-999,-999
1.7188000679016113,-0.05600397160245541,0.5807535137405307,-0.3950965119899252,0.9252162979802908,-0.16187449326189168,0.21831527895759553,-0.04679783928424356,0.5255167198312597,-0.43652410742187847,0.8699795040710196,-0.14959965017094254,0.2195082586240305,0,10,7,3,1,0,0,0,0,-350,0,0,-36,156,120,144,-44,0,35,33,37,36,32,36,123,122,123,122,122,122,-999,-999,-999
1.7346656322479248,-0.05600397160245541,0.5807535137405307,-0.3950965119899252,0.9160101656620788,-0.16187449326189168,0.21831527895759553,-0.04679783928424356,0.5255167198312597,-0.43652410742187847,0.8592390163664392,-0.14959965017094254,0.2195082586240305,1,12,6,3,1,0,0,0,0,-400,0,0,-36,156,120,148,-44,0,35,33,37,36,32,36,124,122,122,122,122,122,-999,-999,-999
1.7508296966552734,-0.05600397160245541,0.5807535137405307,-0.3950965119899252,0.906804033343867,-0.16187449326189168,0.21831527895759553,-0.04679783928424356,0.5255167198312597,-0.43652410742187847,0.8484985286618586,-0.14959965017094254,0.2195082586240305,0,13,7,3,1,0,0,0,0,-400,0,0,-36,156,120,152,-44,0,35,33,37,36,32,36,124,122,122,122,122,122,-999,-999,-999
1.7668561935424805,-0.05600397160245541,0.5807535137405307,-0.3950965119899252,0.8960635456392866,-0.16187449326189168,0.21831527895759553,-0.04679783928424356,0.5255167198312597,-0.43652410742187847,0.8377580409572782,-0.14959965017094254,0.2195082586240305,1,14,7,2,1,0,0,0,0,-400,0,0,-36,156,120,152,-44,0,35,33,37,36,32,36,124,122,123,122,122,122,-999,-999,-999
1.782841444015503,-0.05600397160245541,0.5807535137405307,-0.3950965119899252,0.885323057934706,-0.16187449326189168,0.21831527895759553,-0.04679783928424356,0.5255167198312597,-0.43652410742187847,0.8270175532526978,-0.14959965017094254,0.2195082586240305,1,10,7,3,1,0,0,0,0,-400,0,0,-36,156,120,148,-44,0,35,33,37,36,32,36,124,122,122,122,122,122,-999,-999,-999
1.7988922595977783,-0.05600397160245541,0.5807535137405307,-0.3950965119899252,0.8745825702301255,-0.16187449326189168,0.21831527895759553,-0.04679783928424356,0.523982364444891,-0.43652410742187847,0.8162770655481172,-0.14959965017094254,0.2195082586240305,1,12,8,3,1,0,0,0,0,-450,0,0,-36,160,120,152,-44,0,35,33,37,36,32,36,124,121,123,122,122,122,-999,-999,-999
1.8147239685058594,-0.05600397160245541,0.5807535137405307,-0.3950965119899252,0.8638420825255451,-0.16187449326189168,0.21831527895759553,-0.04679783928424356,0.523982364444891,-0.43652410742187847,0.8055365778435367,-0.14959965017094254,0.2195082586240305,1,14,7,2,1,0,0,0,0,-400,0,0,-36,164,120,144,-44,0,35,33,37,36,32,36,124,122,123,122,122,122,-999,-999,-999
1.8307569026947021,-0.05600397160245541,0.5807535137405307,-0.3950965119899252,0.8531015948209646,-0.16187449326189168,0.21831527895759553,-0.04679783928424356,0.523982364444891,-0.43652410742187847,0.7947960901389562,-0.14959965017094254,0.2195082586240305,1,13,7,3,1,0,0,0,0,-450,0,0,-36,160,120,152,-44,0,35,33,37,36,32,36,123,122,123,122,122,122,-999,-999,-999
1.8468503952026367,-0.05600397160245541,0.5807535137405307,-0.3950965119899252,0.8438954625027527,-0.16187449326189168,0.21831527895759553,-0.04679783928424356,0.5224480090585224,-0.43652410742187847,0.7840556024343757,-0.14959965017094254,0.2195082586240305,1,17,6,2,1,0,0,0,0,-450,0,0,-36,164,120,156,-44,0,35,33,37,36,32,36,124,122,123,122,122,122,-999,-999,-999
1.8628761768341064,-0.05600397160245541,0.5807535137405307,-0.3950965119899252,0.8331549747981722,-0.16187449326189168,0.21831527895759553,-0.04679783928424356,0.5178449428994165,-0.43652410742187847,0.7748494701161639,-0.14959965017094254,0.2195082586240305,0,12,7,3,1,0,0,0,0,-400,0,0,-36,172,120,148,-44,0,35,33,37,36,32,36,124,122,122,121,122,122,-999,-999,-999
1.8797156810760498,-0.05600397160245541,0.5807535137405307,-0.3950965119899252,0.8224144870935918,-0.16187449326189168,0.21831527895759553,-0.04679783928424356,0.5117075213539418,-0.4334553966491412,0.765643337797952,-0.14959965017094254,0.2195082586240305,0,17,8,3,0,0,0,0,0,-400,0,0,-36,184,120,156,-44,0,35,33,37,36,32,36,124,121,122,122,122,122,-999,-999,-999
1.8947186470031738,-0.05600397160245541,0.5792191583541622,-0.3950965119899252,0.8116739993890113,-0.16187449326189168,0.21831527895759553,-0.04679783928424356,0.5055700998084673,-0.43038668587640394,0.7564372054797402,-0.14959965017094254,0.2195082586240305,1,18,3,3,1,0,0,0,0,-450,0,0,-36,212,112,144,-44,0,35,33,37,36,32,36,124,121,122,122,122,122,-999,-999,-999
1.9118807315826416,-0.05600397160245541,0.5761504475814249,-0.3950965119899252,0.8024678670707994,-0.16187449326189168,0.21831527895759553,-0.04679783928424356,0.49789832287662417,-0.4288523304900353,0.7472310731615283,-0.14959965017094254,0.2195082586240305,1,24,4,2,1,0,0,0,0,-400,0,0,-36,224,96,140,-44,0,35,33,37,36,32,36,124,122,122,121,122,122,-999,-999,-999
1.9268882274627686,-0.05600397160245541,0.5746160921950562,-0.3950965119899252,0.7932617347525877,-0.16187449326189168,0.21831527895759553,-0.04679783928424356,0.4886921905584123,-0.42578361971729795,0.7410936516160538,-0.14959965017094254,0.2195082586240305,1,21,4,3,1,0,0,-100,0,-400,0,0,-36,224,88,140,-44,0,35,33,37,36,32,36,124,121,122,121,122,122,-999,-999,-999
1.94486403465271,-0.05600397160245541,0.5715473814223189,-0.3950965119899252,0.7825212470480071,-0.16187449326189168,0.21831527895759553,-0.04679783928424356,0.4810204136265691,-0.42578361971729795,0.7349562300705792,-0.14959965017094254,0.2195082586240305,0,30,4,2,1,0,0,-100,0,-400,0,0,-36,248,88,136,-44,0,35,33,37,36,32,37,124,121,122,121,122,122,-999,-999,-999
1.959895372390747,-0.05600397160245541,0.566944315263213,-0.3950965119899252,0.7748494701161639,-0.16187449326189168,0.21831527895759553,-0.04679783928424356,0.47181428130835723,-0.42578361971729795,0.7318875192978419,-0.14959965017094254,0.2195082586240305,1,26,4,2,1,0,0,-100,0,-350,0,0,-36,260,88,124,-44,0,35,33,37,36,32,36,124,121,122,122,121,122,-999,-999,-999
1.9767663478851318,-0.05600397160245541,0.5623412491041071,-0.3950965119899252,0.7671776931843207,-0.16187449326189168,0.21831527895759553,-0.04679783928424356,0.46414250437651405,-0.42578361971729795,0.7288188085251046,-0.14959965017094254,0.2195082586240305,1,29,4,2,1,0,0,-200,0,-400,0,0,-36,268,88,100,-44,0,35,33,37,36,32,36,123,122,122,122,122,122,-999,-999,-999
1.9918954372406006,-0.05600397160245541,0.5546694721722638,-0.3950965119899252,0.7610402716388461,-0.16187449326189168,0.21831527895759553,-0.04679783928424356,0.4549363720583022,-0.42578361971729795,0.7288188085251046,-0.14959965017094254,0.2195082586240305,1,22,4,2,0,0,0,-200,0,-300,0,0,-36,272,92,92,-44,0,35,33,37,36,32,36,123,121,122,121,122,122,-999,-999,-999
2.008892059326172,-0.05600397160245541,0.5469976952404206,-0.3950965119899252,0.7564372054797402,-0.16187449326189168,0.21831527895759553,-0.04679783928424356,0.4487989505128276,-0.42578361971729795,0.7288188085251046,-0.14959965017094254,0.2195082586240305,0,25,4,0,1,0,0,-200,0,-200,0,0,-36,272,92,76,-44,0,35,33,37,36,32,36,124,121,123,121,122,122,-999,-999,-999
2.0239202976226807,-0.05600397160245541,0.5393259183085775,-0.3950965119899252,0.753368494707003,-0.16187449326189168,0.21831527895759553,-0.04679783928424356,0.44112717358098436,-0.42578361971729795,0.7288188085251046,-0.14959965017094254,0.2195082586240305,1,21,4,1,1,0,0,-300,0,-200,0,0,-36,260,92,60,-44,0,35,33,37,36,32,36,123,121,122,122,122,122,-999,-999,-999
2.0407958030700684,-0.05600397160245541,0.5316541413767342,-0.3950965119899252,0.7502997839342656,-0.16187449326189168,0.21831527895759553,-0.04679783928424356,0.4334553966491412,-0.42578361971729795,0.7288188085251046,-0.14959965017094254,0.2195082586240305,0,23,4,1,1,0,0,-300,0,-150,0,0,-36,252,92,60,-44,0,35,33,37,36,32,36,124,121,122,122,122,122,-999,-999,-999
2.05631160736084,-0.05600397160245541,0.5255167198312597,-0.3950965119899252,0.748765428547897,-0.16187449326189168,0.21831527895759553,-0.04679783928424356,0.42578361971729795,-0.42578361971729795,0.7288188085251046,-0.14959965017094254,0.2195082586240305,1,26,3,1,0,0,0,-300,0,-100,0,0,-36,260,92,60,-44,0,35,33,37,36,32,36,124,121,122,122,122,122,-999,-999,-999
2.0727643966674805,-0.05600397160245541,0.5163105875130478,-0.3950965119899252,0.7456967177751597,-0.16187449326189168,0.21831527895759553,-0.04679783928424356,0.4196461981718234,-0.42578361971729795,0.7288188085251046,-0.14959965017094254,0.2195082586240305,1,24,4,0,2,0,0,-300,0,-100,0,0,-36,264,92,52,-44,0,35,33,38,36,32,36,124,121,122,122,122,122,-999,-999,-999
2.088719367980957,-0.05600397160245541,0.5071044551948359,-0.3950965119899252,0.7456967177751597,-0.16187449326189168,0.21831527895759553,-0.04679783928424356,0.4135087766263489,-0.42578361971729795,0.7288188085251046,-0.14959965017094254,0.2195082586240305,0,17,4,1,1,0,0,-300,0,-100,0,0,-36,256,92,48,-44,0,35,33,37,36,32,36,124,122,122,122,122,122,-999,-999,-999
2.1049301624298096,-0.05600397160245541,0.4994326782629928,-0.3950965119899252,0.744162362388791,-0.16187449326189168,0.21831527895759553,-0.04679783928424356,0.40737135508087424,-0.42578361971729795,0.7288188085251046,-0.14959965017094254,0.2195082586240305,0,16,4,1,1,0,0,-400,0,-100,0,0,-36,232,92,52,-44,0,35,33,37,36,32,36,124,122,123,122,122,122,-999,-999,-999
2.1207332611083984,-0.05600397160245541,0.4917609013311495,-0.3950965119899252,0.7426280070024224,-0.16187449326189168,0.21831527895759553,-0.04679783928424356,0.40276828892176836,-0.42578361971729795,0.7288188085251046,-0.14959965017094254,0.2195082586240305,0,18,4,1,1,0,0,-300,0,0,0,0,-36,248,92,44,-44,0,35,33,37,36,32,36,124,122,122,121,122,122,-999,-999,-999
2.135910749435425,-0.05600397160245541,0.485623479785675,-0.3950965119899252,0.7426280070024224,-0.16187449326189168,0.21831527895759553,-0.04679783928424356,0.3966308673762938,-0.42578361971729795,0.727284453138736,-0.14959965017094254,0.2195082586240305,1,15,4,1,1,0,0,-300,0,-100,0,0,-36,240,92,48,-44,0,35,33,37,36,32,36,123,121,122,122,122,122,-999,-999,-999
2.152756452560425,-0.05600397160245541,0.47795170285383176,-0.3950965119899252,0.7426280070024224,-0.16187449326189168,0.21831527895759553,-0.04679783928424356,0.39202780121718783,-0.42578361971729795,0.727284453138736,-0.14959965017094254,0.2195082586240305,1,16,4,2,1,0,0,-300,0,0,0,0,-36,224,92,56,-44,0,35,33,37,36,32,36,124,121,122,122,122,122,-999,-999,-999
2.1678152084350586,-0.05600397160245541,0.47181428130835723,-0.3950965119899252,0.7426280070024224,-0.16187449326189168,0.21831527895759553,-0.04679783928424356,0.38742473505808195,-0.42578361971729795,0.727284453138736,-0.14959965017094254,0.2195082586240305,0,16,4,1,1,0,0,-300,0,0,0,0,-36,232,92,56,-44,0,35,33,37,36,32,36,124,122,122,122,122,122,-999,-999,-999
2.1867728233337402,-0.05600397160245541,0.4656768597628827,-0.3950965119899252,0.7426280070024224,-0.16187449326189168,0.21831527895759553,-0.04679783928424356,0.38128731351260736,-0.42578361971729795,0.7257500977523674,-0.14959965017094254,0.2195082586240305,1,16,4,2,1,0,0,-250,0,0,0,0,-36,216,92,56,-44,0,35,33,37,36,32,36,124,122,122,122,122,122,-999,-999,-999
2.201918601989746,-0.05600397160245541,0.4610737936037767,-0.3950965119899252,0.7426280070024224,-0.16187449326189168,0.21831527895759553,-0.04679783928424356,0.3766842473535015,-0.42578361971729795,0.7226813869796301,-0.14959965017094254,0.2195082586240305,1,17,4,2,1,0,0,-250,0,0,0,0,-36,228,92,64,-44,0,35,33,37,36,32,36,124,122,122,122,122,122,-999,-999,-999
2.217759132385254,-0.05600397160245541,0.4549363720583022,-0.3950965119899252,0.7410936516160538,-0.16187449326189168,0.21831527895759553,-0.04679783928424356,0.3720811811943955,-0.4242492643309293,0.7150096100477868,-0.14959965017094254,0.2195082586240305,1,18,3,1,1,0,0,-200,0,0,0,0,-36,228,92,76,-44,0,35,33,37,36,32,36,124,121,122,122,122,122,-999,-999,-999
2.233755111694336,-0.05600397160245541,0.45033330589919623,-0.3950965119899252,0.7380249408433165,-0.16187449326189168,0.21831527895759553,-0.04679783928424356,0.3674781150352896,-0.4242492643309293,0.7073378331159437,-0.14959965017094254,0.2195082586240305,1,14,4,3,1,0,0,-200,0,-50,0,0,-36,224,88,84,-44,0,35,33,37,36,32,36,124,121,122,122,122,122,-999,-999,-999
2.249866008758545,-0.05600397160245541,0.44419588435372165,-0.3950965119899252,0.7349562300705792,-0.16187449326189168,0.21831527895759553,-0.04679783928424356,0.3644094042625523,-0.4196461981718234,0.6981317007977318,-0.14959965017094254,0.2195082586240305,0,16,3,3,1,0,0,-250,0,-100,0,0,-36,216,84,108,-44,0,35,33,37,36,32,36,123,121,123,122,122,122,-999,-999,-999
2.264725923538208,-0.05600397160245541,0.43959281819461576,-0.3950965119899252,0.7288188085251046,-0.16187449326189168,0.21831527895759553,-0.04679783928424356,0.3582719827170778,-0.41197442123998024,0.6873912130931513,-0.14959965017094254,0.2195082586240305,1,15,2,3,1,0,0,-250,0,-200,0,0,-36,212,72,120,-44,0,35,33,37,36,32,36,123,122,123,122,122,122,-999,-999,-999
2.281766414642334,-0.05600397160245541,0.4349897520355098,-0.3950965119899252,0.7211470315932614,-0.16187449326189168,0.21831527895759553,-0.04679783928424356,0.35366891655797184,-0.40276828892176836,0.6720476592294649,-0.14959965017094254,0.2195082586240305,1,22,1,4,1,0,0,-200,0,-200,0,0,-36,220,36,124,-44,0,35,33,37,36,32,36,124,121,122,122,122,122,-999,-999,-999
2.297917604446411,-0.05600397160245541,0.43038668587640394,-0.39356215660355653,0.7134752546614181,-0.16187449326189168,0.21831527895759553,-0.04679783928424356,0.34753149501249725,-0.39356215660355653,0.6536353945930412,-0.14959965017094254,0.2195082586240305,0,16,0,3,1,0,0,-200,0,-300,0,0,-36,220,-24,132,-44,0,35,33,37,36,32,36,124,122,122,122,122,122,-999,-999,-999
2.313342332839966,-0.05600397160245541,0.42578361971729795,-0.39202780121718783,0.7042691223432064,-0.16187449326189168,0.21831527895759553,-0.04679783928424356,0.339859718080654,-0.38128731351260736,0.6352231299566174,-0.14959965017094254,0.2195082586240305,0,22,0,5,1,0,0,-150,0,-300,0,0,-36,220,-44,176,-44,0,35,33,37,36,32,36,124,122,122,122,122,122,-999,-999,-999
2.329899311065674,-0.05600397160245541,0.4196461981718234,-0.38742473505808195,0.6919942792522573,-0.16187449326189168,0.21831527895759553,-0.04679783928424356,0.33218794114881084,-0.3674781150352896,0.6152765099338252,-0.14959965017094254,0.2195082586240305,1,18,0,5,1,0,0,-200,100,-350,0,0,-36,240,-44,180,-44,0,35,33,37,36,32,36,124,122,123,122,122,122,-999,-999,-999
2.345778465270996,-0.05600397160245541,0.4135087766263489,-0.38128731351260736,0.679719436161308,-0.16187449326189168,0.21831527895759553,-0.04679783928424356,0.32451616421696766,-0.3521345611716032,0.5937955345246642,-0.14959965017094254,0.2195082586240305,0,17,0,5,0,0,0,-200,200,-450,0,0,-36,244,-64,200,-44,0,35,33,38,36,32,36,124,121,122,122,122,122,-999,-999,-999
2.3619322776794434,-0.05600397160245541,0.40583699969450565,-0.37361553658076413,0.667444593070359,-0.16187449326189168,0.21831527895759553,-0.04679783928424356,0.3153100318987558,-0.3337222965351795,0.5707802037291345,-0.14959965017094254,0.2195082586240305,1,16,1,5,1,0,0,-250,200,-450,0,0,-36,240,-96,212,-44,0,35,33,37,36,32,36,124,122,123,122,122,122,-999,-999,-999
2.3763349056243896,-0.05600397160245541,0.39969957814903107,-0.3644094042625523,0.6536353945930412,-0.16187449326189168,0.21831527895759553,-0.04679783928424356,0.30610389958054396,-0.31684438728512443,0.547764872933605,-0.14959965017094254,0.2195082586240305,0,17,0,6,1,0,0,-300,300,-550,0,0,-36,236,-112,232,-44,0,35,33,37,36,32,36,124,121,122,121,122,122,-999,-999,-999
2.3937911987304688,-0.05600397160245541,0.3904934458308192,-0.3521345611716032,0.6352231299566174,-0.16187449326189168,0.21831527895759553,-0.04679783928424356,0.2968977672623321,-0.2984321226487007,0.5262838975244439,-0.14959965017094254,0.2195082586240305,0,19,0,7,1,0,0,-300,350,-600,0,0,-36,244,-124,244,-44,0,35,33,35,36,32,36,124,122,122,122,122,122,-999,-999,-999
2.4099156856536865,-0.05600397160245541,0.38435602428534466,-0.339859718080654,0.6183452207065625,-0.16187449326189168,0.21831527895759553,-0.04679783928424356,0.2876916349441202,-0.280019858012277,0.5032685667289144,-0.14959965017094254,0.2195082586240305,0,18,0,7,1,0,0,-300,500,-650,0,0,-36,252,-128,260,-44,0,35,33,37,36,32,36,124,121,123,121,122,122,-999,-999,-999
2.424893856048584,-0.05600397160245541,0.3766842473535015,-0.3260505196033363,0.5999329560701387,-0.16187449326189168,0.21831527895759553,-0.04679783928424356,0.2769511472395398,-0.2616075933758534,0.48025323593338476,-0.14959965017094254,0.2195082586240305,1,21,0,5,1,0,0,-300,500,-750,0,0,-36,260,-140,268,-44,0,35,33,37,36,32,36,123,121,122,122,122,122,-999,-999,-999
2.4407920837402344,-0.05600397160245541,0.3674781150352896,-0.31224132112601855,0.5815206914337151,-0.16187449326189168,0.21831527895759553,-0.04679783928424356,0.2662106595349593,-0.24319532873942967,0.4603066159105924,-0.14959965017094254,0.2195082586240305,1,23,0,5,1,0,0,-300,500,-750,0,0,-36,260,-152,264,-44,0,35,33,37,36,32,36,124,122,122,122,122,122,-999,-999,-999
2.457341194152832,-0.05600397160245541,0.3582719827170778,-0.2968977672623321,0.560039716024554,-0.16187449326189168,0.21831527895759553,-0.04679783928424356,0.25393581644401014,-0.22478306410300597,0.4418943512741687,-0.14959965017094254,0.2195082586240305,1,22,0,5,1,0,0,-350,550,-750,0,0,-36,264,-160,276,-44,0,35,33,37,36,32,36,124,121,122,122,122,122,-999,-999,-999
2.474762439727783,-0.05600397160245541,0.3490658503988659,-0.280019858012277,0.5385587406153931,-0.16187449326189168,0.21831527895759553,-0.04679783928424356,0.24319532873942967,-0.2079051548529509,0.42501644202411365,-0.14959965017094254,0.2195082586240305,1,22,0,5,1,0,0,-350,600,-850,0,0,-36,276,-160,276,-44,0,35,33,37,36,32,36,124,122,122,122,122,122,-999,-999,-999
2.4909260272979736,-0.05600397160245541,0.33832536269428537,-0.2616075933758534,0.5186121205926008,-0.16187449326189168,0.21831527895759553,-0.04679783928424356,0.23245484103484917,-0.19102724560289586,0.4081385327740586,-0.14959965017094254,0.2195082586240305,0,23,0,4,1,0,0,-350,650,-800,0,0,-36,292,-164,260,-44,0,35,33,45,36,32,36,124,121,122,122,122,122,-999,-999,-999
2.50492262840271,-0.05600397160245541,0.3291192303760736,-0.24779839489853556,0.5017342113425457,-0.16187449326189168,0.21831527895759553,-0.04679783928424356,0.22017999794390003,-0.17568369173920942,0.39432933429674083,-0.14959965017094254,0.2195082586240305,1,20,0,4,1,0,0,-350,700,-800,0,0,-36,280,-160,252,-44,0,35,33,37,36,32,36,123,122,122,122,122,122,-999,-999,-999
2.522353172302246,-0.05600397160245541,0.31684438728512443,-0.22785177487574323,0.4817875913197534,-0.16187449326189168,0.21831527895759553,-0.04679783928424356,0.20943951023931956,-0.160340137875523,0.3820544912057917,-0.14959965017094254,0.2195082586240305,0,22,0,4,1,0,0,-450,700,-800,0,0,-36,276,-148,240,-44,0,35,33,37,36,32,36,123,121,122,121,122,122,-999,-999,-999
2.537872791290283,-0.05600397160245541,0.3076382549669126,-0.21250822101205682,0.46490968206969835,-0.16187449326189168,0.21831527895759553,-0.04679783928424356,0.19716466714837041,-0.1480652947845739,0.3713140035012112,-0.1480652947845739,0.2195082586240305,0,25,0,4,1,0,0,-450,700,-750,0,0,-36,284,-156,236,-44,0,35,33,37,37,32,36,124,122,122,122,122,122,-999,-999,-999
2.5552291870117188,-0.05600397160245541,0.2953634118759635,-0.19563031176200177,0.4480317728196433,-0.16187449326189168,0.21831527895759553,-0.04679783928424356,0.18642417944378992,-0.13425609630725613,0.36210787118299936,-0.1480652947845739,0.2195082586240305,1,19,0,4,1,0,0,-400,650,-700,0,0,-36,288,-132,224,-48,0,35,33,37,36,32,36,124,121,123,122,122,122,-999,-999,-999
2.5703654289245605,-0.05600397160245541,0.28462292417138296,-0.18028675789831536,0.4326882189559569,-0.16187449326189168,0.21831527895759553,-0.04679783928424356,0.1741493363528408,-0.12351560860267563,0.35443609425115613,-0.1480652947845739,0.2195082586240305,1,23,0,2,2,0,0,-450,700,-650,0,0,-36,288,-128,192,-52,0,35,33,37,36,32,36,124,121,122,122,122,122,-999,-999,-999
2.5867726802825928,-0.05600397160245541,0.27541679185317114,-0.1664775594209976,0.4188790204786391,-0.16187449326189168,0.21831527895759553,-0.04679783928424356,0.16494320403462895,-0.11430947628446378,0.3482986727056816,-0.1480652947845739,0.2195082586240305,0,20,0,2,0,0,0,-450,600,-650,0,0,-36,284,-128,172,-48,0,35,33,37,36,32,36,124,122,122,122,122,122,-999,-999,-999
2.603854179382324,-0.05600397160245541,0.2616075933758534,-0.1526683609436798,0.4050698220013213,-0.16187449326189168,0.21831527895759553,-0.04679783928424356,0.15420271633004848,-0.10510334396625193,0.34216125116020707,-0.1480652947845739,0.2195082586240305,1,20,0,2,1,0,0,-450,550,-650,0,0,-36,288,-116,156,-48,0,35,33,37,36,32,36,123,122,122,122,122,122,-999,-999,-999
2.6188156604766846,-0.05600397160245541,0.2524014610576415,-0.13885916246636204,0.3958636896831095,-0.16187449326189168,0.21831527895759553,-0.04679783928424356,0.14346222862546795,-0.09896592242077737,0.3390925403874697,-0.1480652947845739,0.2195082586240305,0,21,0,3,1,0,0,-400,550,-550,0,0,-36,276,-108,148,-48,0,35,33,37,36,32,36,123,122,122,122,122,122,-999,-999,-999
2.6339657306671143,-0.05600397160245541,0.24319532873942967,-0.12811867476178154,0.3866575573648976,-0.16187449326189168,0.21831527895759553,-0.04679783928424356,0.13425609630725613,-0.09436285626167144,0.3360238296147324,-0.1480652947845739,0.2195082586240305,0,18,0,2,1,0,0,-500,550,-450,0,0,-36,276,-88,132,-48,0,35,33,37,36,32,36,124,122,122,122,122,122,-999,-999,-999
2.651379346847534,-0.05600397160245541,0.23245484103484917,-0.11737818705720107,0.3774514250466858,-0.16187449326189168,0.21831527895759553,-0.0483321946706122,0.12504996398904428,-0.08975979010256553,0.3344894742283638,-0.1480652947845739,0.2195082586240305,1,19,0,2,1,0,0,-400,500,-400,0,0,-32,280,-68,108,-48,0,35,33,37,36,32,36,124,122,122,122,122,122,-999,-999,-999
2.666950225830078,-0.05600397160245541,0.22017999794390003,-0.10817205473898922,0.3713140035012112,-0.16187449326189168,0.21831527895759553,-0.0483321946706122,0.11737818705720107,-0.08669107932982824,0.3329551188419952,-0.1480652947845739,0.2195082586240305,1,24,0,2,1,0,0,-450,400,-300,0,0,-28,276,-48,104,-48,0,35,33,37,36,32,36,124,122,123,122,122,122,-999,-999,-999
2.6829607486724854,-0.05600397160245541,0.21097386562568818,-0.100500277807146,0.3667109373421053,-0.16187449326189168,0.21831527895759553,-0.0483321946706122,0.10817205473898922,-0.08669107932982824,0.3329551188419952,-0.1480652947845739,0.2195082586240305,0,21,0,1,1,0,0,-450,300,-250,0,0,-32,264,-48,88,-48,0,35,33,37,36,32,36,124,122,123,122,122,122,-999,-999,-999
2.699824810028076,-0.05600397160245541,0.20176773330747633,-0.09436285626167144,0.36210787118299936,-0.16187449326189168,0.21831527895759553,-0.0483321946706122,0.100500277807146,-0.08669107932982824,0.3329551188419952,-0.1480652947845739,0.2195082586240305,0,23,0,2,1,0,0,-400,300,-250,0,0,-32,268,-20,72,-48,0,35,33,37,36,32,36,123,122,122,122,122,122,-999,-999,-999
2.7159762382507324,-0.05600397160245541,0.19102724560289586,-0.09129414548893416,0.3590391604102621,-0.16187449326189168,0.21831527895759553,-0.049866550056980846,0.0928285008753028,-0.08669107932982824,0.3329551188419952,-0.1480652947845739,0.2195082586240305,1,17,1,2,1,0,0,-350,300,-150,0,0,-28,268,28,72,-48,0,35,33,37,36,32,36,123,121,123,122,122,122,-999,-999,-999
2.7318363189697266,-0.05600397160245541,0.181821113284684,-0.08975979010256553,0.3575048050238934,-0.16187449326189168,0.21831527895759553,-0.051400905443349486,0.08669107932982824,-0.08669107932982824,0.3329551188419952,-0.1480652947845739,0.2195082586240305,0,17,0,1,1,0,0,-400,200,-150,0,0,0,256,32,68,-48,0,35,33,37,36,32,36,124,122,122,122,122,122,-999,-999,-999
2.7480087280273438,-0.05600397160245541,0.1741493363528408,-0.08975979010256553,0.35443609425115613,-0.16187449326189168,0.21831527895759553,-0.051400905443349486,0.08055365778435367,-0.08975979010256553,0.3329551188419952,-0.1480652947845739,0.2195082586240305,0,16,0,1,2,0,0,-350,50,-100,0,0,0,244,24,64,-48,0,35,33,37,36,32,36,124,121,122,122,122,122,-999,-999,-999
2.764836549758911,-0.05600397160245541,0.1680119148073662,-0.08975979010256553,0.3529017388647875,-0.16187449326189168,0.21831527895759553,-0.051400905443349486,0.07288188085251047,-0.08975979010256553,0.3329551188419952,-0.1480652947845739,0.2195082586240305,0,18,0,1,1,0,0,-350,0,-50,0,0,-24,244,20,56,-48,0,35,33,37,36,32,36,124,122,123,122,122,122,-999,-999,-999
2.779999256134033,-0.05600397160245541,0.160340137875523,-0.08975979010256553,0.35136738347841884,-0.16187449326189168,0.21831527895759553,-0.052935260829718125,0.0667444593070359,-0.08975979010256553,0.3329551188419952,-0.1480652947845739,0.2195082586240305,0,19,0,1,2,0,0,-300,0,-50,0,0,-20,256,0,52,-48,0,35,33,37,36,32,36,124,121,122,122,122,122,-999,-999,-999
2.796827793121338,-0.05600397160245541,0.14959965017094254,-0.08975979010256553,0.35136738347841884,-0.16187449326189168,0.21831527895759553,-0.052935260829718125,0.06060703776156134,-0.08975979010256553,0.33142076345562654,-0.1480652947845739,0.2195082586240305,0,18,0,1,0,0,0,-350,0,-100,0,0,0,240,0,60,-48,0,35,33,37,36,32,36,124,122,123,122,122,122,-999,-999,-999
2.8119685649871826,-0.05600397160245541,0.1403935178527307,-0.08975979010256553,0.35136738347841884,-0.16187449326189168,0.21831527895759553,-0.052935260829718125,0.052935260829718125,-0.08975979010256553,0.3298864080692579,-0.1480652947845739,0.2195082586240305,0,12,0,3,1,0,0,-350,0,0,0,0,-20,232,0,72,-48,0,35,33,37,36,32,36,124,121,122,122,122,122,-999,-999,-999
2.827988862991333,-0.05600397160245541,0.13272174092088748,-0.08975979010256553,0.35136738347841884,-0.16187449326189168,0.21831527895759553,-0.052935260829718125,0.04679783928424356,-0.08975979010256553,0.32374898652378337,-0.1480652947845739,0.2195082586240305,0,13,0,2,1,0,0,-350,0,0,0,0,-20,224,0,76,-48,0,35,33,37,36,32,36,124,122,123,122,122,122,-999,-999,-999
2.8439748287200928,-0.05600397160245541,0.12658431937541292,-0.08975979010256553,0.34983302809205025,-0.16187449326189168,0.21831527895759553,-0.052935260829718125,0.040660417738769,-0.08669107932982824,0.31607720959194013,-0.1480652947845739,0.2195082586240305,0,14,0,3,1,0,0,-350,0,0,0,0,-20,232,0,88,-48,0,35,33,37,36,32,36,124,122,122,122,122,122,-999,-999,-999
2.8600027561187744,-0.05600397160245541,0.11737818705720107,-0.08975979010256553,0.3452299619329443,-0.16187449326189168,0.21831527895759553,-0.052935260829718125,0.03452299619329443,-0.0851567239434596,0.3053367218873596,-0.1480652947845739,0.2195082586240305,1,12,0,4,1,0,0,-300,0,0,0,0,-20,216,-20,112,-48,0,35,33,37,36,32,36,124,121,123,122,122,122,-999,-999,-999
2.8759429454803467,-0.05600397160245541,0.10970641012535785,-0.08822543471619687,0.3390925403874697,-0.16187449326189168,0.21831527895759553,-0.052935260829718125,0.029919930034188504,-0.08208801317072231,0.29459623418277914,-0.1480652947845739,0.2195082586240305,0,12,0,3,1,0,0,-350,0,-150,0,0,-20,212,-32,124,-48,0,35,33,37,36,32,36,124,122,123,122,122,122,-999,-999,-999
2.8924102783203125,-0.05600397160245541,0.1035689885798833,-0.08362236855709095,0.33142076345562654,-0.16187449326189168,0.21831527895759553,-0.052935260829718125,0.026851219261451224,-0.08055365778435367,0.28232139109183,-0.1480652947845739,0.2195082586240305,0,14,0,4,1,0,0,-300,0,-200,0,0,-20,208,-24,132,-48,0,35,33,37,36,32,36,124,121,123,122,122,122,-999,-999,-999
2.9078869819641113,-0.05600397160245541,0.09743156703440872,-0.08055365778435367,0.32374898652378337,-0.16187449326189168,0.21831527895759553,-0.05446961621608677,0.02378250848871394,-0.07901930239798503,0.26851219261451226,-0.1480652947845739,0.2195082586240305,0,11,1,3,1,0,0,-250,150,-300,0,0,0,200,0,144,-48,0,35,33,37,36,32,36,124,122,123,122,122,122,-999,-999,-999
2.9238524436950684,-0.05600397160245541,0.0928285008753028,-0.07901930239798503,0.31607720959194013,-0.16187449326189168,0.21831527895759553,-0.05446961621608677,0.02071379771597666,-0.07901930239798503,0.2577717049099318,-0.1480652947845739,0.2195082586240305,0,11,0,4,1,0,0,-250,150,-350,0,0,20,192,24,152,-48,0,35,33,37,36,32,36,123,122,123,122,122,122,-999,-999,-999
2.940420150756836,-0.05600397160245541,0.08669107932982824,-0.07901930239798503,0.3053367218873596,-0.16187449326189168,0.21831527895759553,-0.05446961621608677,0.01917944232960802,-0.07901930239798503,0.24856557259171988,-0.1480652947845739,0.2195082586240305,0,13,0,4,1,0,0,-250,50,-350,0,0,0,188,0,160,-48,0,35,33,37,36,32,36,124,122,123,122,122,122,-999,-999,-999
2.9560189247131348,-0.05600397160245541,0.08362236855709095,-0.07748494701161639,0.2961305895691478,-0.16187449326189168,0.21831527895759553,-0.05446961621608677,0.017645086943239376,-0.07901930239798503,0.2408937956598767,-0.1480652947845739,0.2195082586240305,0,12,0,4,1,0,0,-200,50,-350,0,0,0,176,0,160,-48,0,35,33,37,36,32,36,124,122,122,122,122,123,-999,-999,-999
2.9728708267211914,-0.05600397160245541,0.08055365778435367,-0.07748494701161639,0.28539010186456726,-0.16187449326189168,0.21831527895759553,-0.05446961621608677,0.016110731556870737,-0.07901930239798503,0.23475637411440214,-0.1480652947845739,0.2195082586240305,0,16,0,3,1,0,0,-150,50,-400,0,0,0,184,0,140,-48,0,35,33,37,36,32,36,124,122,122,122,122,122,-999,-999,-999
2.9890151023864746,-0.05600397160245541,0.07748494701161639,-0.07748494701161639,0.27618396954635543,-0.16187449326189168,0.21831527895759553,-0.05446961621608677,0.016110731556870737,-0.07901930239798503,0.2301533079552962,-0.1480652947845739,0.2195082586240305,0,12,0,2,1,0,0,-100,0,-400,0,0,0,176,0,124,-48,0,35,33,37,36,32,36,124,122,123,122,122,122,-999,-999,-999
3.004875421524048,-0.05600397160245541,0.07595059162524774,-0.07748494701161639,0.26851219261451226,-0.16187449326189168,0.21831527895759553,-0.05446961621608677,0.014576376170502094,-0.07901930239798503,0.2255502417961903,-0.1480652947845739,0.2195082586240305,0,11,0,2,1,0,0,-100,0,-350,0,0,0,168,0,120,-48,0,35,33,37,36,32,36,123,122,123,122,122,122,-999,-999,-999
3.020008087158203,-0.05600397160245541,0.07441623623887911,-0.07748494701161639,0.26237477106903767,-0.16187449326189168,0.21831527895759553,-0.05446961621608677,0.013042020784133452,-0.07901930239798503,0.22094717563708435,-0.1480652947845739,0.2195082586240305,0,14,0,2,1,0,0,-100,0,-350,0,0,0,172,0,112,-48,0,35,33,37,36,32,36,124,122,123,122,122,122,-999,-999,-999
3.0370256900787354,-0.05600397160245541,0.07288188085251047,-0.07748494701161639,0.2562373495235631,-0.16187449326189168,0.21831527895759553,-0.05446961621608677,0.01150766539776481,-0.08055365778435367,0.2194128202507157,-0.1480652947845739,0.2195082586240305,0,18,0,3,2,0,0,-50,0,-300,0,0,0,172,20,108,-48,0,35,33,37,36,32,36,124,122,123,122,122,122,-999,-999,-999
3.0530316829681396,-0.05600397160245541,0.07134752546614181,-0.07748494701161639,0.25009992797808855,-0.16187449326189168,0.21831527895759553,-0.05446961621608677,0.01150766539776481,-0.08208801317072231,0.2148097540916098,-0.1480652947845739,0.2195082586240305,0,11,1,1,2,0,0,-100,0,-250,0,0,0,164,32,92,-48,0,35,33,37,36,32,36,124,122,122,122,122,122,-999,-999,-999
3.0690321922302246,-0.05600397160245541,0.06827881469340454,-0.07748494701161639,0.24549686181898261,-0.16187449326189168,0.21831527895759553,-0.052935260829718125,0.01150766539776481,-0.08362236855709095,0.2117410433188725,-0.1480652947845739,0.2195082586240305,0,9,1,2,1,0,0,-100,0,-250,0,0,0,160,36,92,-48,0,35,33,37,36,32,36,124,122,123,122,122,122,-999,-999,-999
3.0850095748901367,-0.05600397160245541,0.06827881469340454,-0.07748494701161639,0.2408937956598767,-0.16187449326189168,0.21831527895759553,-0.052935260829718125,0.01150766539776481,-0.08669107932982824,0.20867233254613524,-0.1480652947845739,0.2195082586240305,0,10,1,2,1,0,0,-50,0,-150,0,0,-20,156,36,96,-48,0,35,33,37,36,32,36,124,122,123,122,122,122,-999,-999,-999
3.1009204387664795,-0.05600397160245541,0.0667444593070359,-0.07748494701161639,0.23629072950077076,-0.16187449326189168,0.21831527895759553,-0.051400905443349486,0.01150766539776481,-0.08669107932982824,0.2040692663870293,-0.1480652947845739,0.2195082586240305,1,13,1,1,1,0,0,-50,0,-150,0,0,-24,152,44,96,-48,0,35,33,37,36,32,36,124,122,122,122,122,122,-999,-999,-999
3.117032527923584,-0.05600397160245541,0.0667444593070359,-0.07748494701161639,0.2332220187280335,-0.16187449326189168,0.21831527895759553,-0.051400905443349486,0.01150766539776481,-0.08669107932982824,0.19793184484155474,-0.1480652947845739,0.2195082586240305,0,10,0,2,1,0,0,-50,0,-200,0,0,-24,152,36,88,-48,0,35,33,37,36,32,36,124,122,123,122,122,122,-999,-999,-999
3.133043050765991,-0.05600397160245541,0.06521010392066726,-0.07748494701161639,0.22861895256892756,-0.16187449326189168,0.21831527895759553,-0.051400905443349486,0.01150766539776481,-0.08669107932982824,0.19026006790971153,-0.1480652947845739,0.2195082586240305,0,9,1,3,1,0,0,0,0,-200,0,0,-28,148,36,108,-48,0,35,33,37,36,32,36,124,122,123,122,122,123,-999,-999,-999
3.148892641067505,-0.05600397160245541,0.06521010392066726,-0.07748494701161639,0.22248153102345297,-0.16187449326189168,0.21831527895759553,-0.049866550056980846,0.01150766539776481,-0.08669107932982824,0.18258829097786833,-0.1480652947845739,0.2195082586240305,0,10,1,3,1,0,0,-50,0,-150,0,0,-24,148,36,112,-48,0,35,33,37,36,32,36,124,122,123,122,122,122,-999,-999,-999
3.1644554138183594,-0.05600397160245541,0.06521010392066726,-0.07748494701161639,0.21634410947797844,-0.16187449326189168,0.21831527895759553,-0.049866550056980846,0.01150766539776481,-0.08669107932982824,0.17645086943239374,-0.1480652947845739,0.2195082586240305,0,10,1,2,1,0,0,0,0,-250,0,0,-32,152,36,108,-48,0,35,33,37,36,32,37,124,122,123,122,122,123,-999,-999,-999
3.181884765625,-0.05600397160245541,0.06521010392066726,-0.07748494701161639,0.21020668793250386,-0.16187449326189168,0.21831527895759553,-0.049866550056980846,0.01150766539776481,-0.08669107932982824,0.16877909250055054,-0.1480652947845739,0.2195082586240305,0,9,1,2,1,0,0,0,0,-250,0,0,-32,152,36,112,-48,0,35,33,37,36,32,36,124,122,123,122,122,122,-999,-999,-999
3.197861671447754,-0.05600397160245541,0.06521010392066726,-0.07748494701161639,0.2040692663870293,-0.16187449326189168,0.21831527895759553,-0.049866550056980846,0.01150766539776481,-0.08669107932982824,0.16110731556870733,-0.1480652947845739,0.2195082586240305,0,10,1,3,1,0,0,0,0,-250,0,0,-28,152,36,112,-48,0,35,33,37,36,32,36,123,122,123,122,122,122,-999,-999,-999
3.214026689529419,-0.05600397160245541,0.06521010392066726,-0.07748494701161639,0.19793184484155474,-0.16187449326189168,0.21831527895759553,-0.0483321946706122,0.009973310011396168,-0.0851567239434596,0.15343553863686415,-0.1480652947845739,0.2195082586240305,0,14,1,3,1,0,0,0,0,-250,0,0,-28,156,36,128,-48,0,35,33,37,36,32,36,124,122,123,122,122,122,-999,-999,-999
3.2298972606658936,-0.05600397160245541,0.06521010392066726,-0.07748494701161639,0.19179442329608018,-0.16187449326189168,0.21831527895759553,-0.0483321946706122,0.009973310011396168,-0.08362236855709095,0.14729811709138957,-0.1480652947845739,0.2195082586240305,0,11,1,3,2,0,0,0,0,-250,0,0,-36,156,28,124,-48,0,35,33,37,36,32,36,124,122,123,122,122,122,-999,-999,-999
3.246919870376587,-0.05600397160245541,0.06521010392066726,-0.07748494701161639,0.18258829097786833,-0.16187449326189168,0.21831527895759553,-0.0483321946706122,0.009973310011396168,-0.08208801317072231,0.13962634015954636,-0.1480652947845739,0.2195082586240305,1,14,0,3,1,0,0,0,0,-250,0,0,-32,160,24,120,-48,0,35,33,37,36,32,36,124,122,123,122,122,122,-999,-999,-999
3.261920928955078,-0.05600397160245541,0.06521010392066726,-0.07748494701161639,0.1779852248187624,-0.16187449326189168,0.21831527895759553,-0.0483321946706122,0.009973310011396168,-0.08055365778435367,0.1334889186140718,-0.1480652947845739,0.2195082586240305,0,13,1,3,1,0,0,0,0,-300,0,0,-32,156,20,116,-48,0,35,33,37,36,32,36,124,122,123,122,122,122,-999,-999,-999
3.277949333190918,-0.05600397160245541,0.06521010392066726,-0.07748494701161639,0.1703134478869192,-0.16187449326189168,0.21831527895759553,-0.0483321946706122,0.009973310011396168,-0.08055365778435367,0.1288858524549659,-0.1480652947845739,0.2195082586240305,1,11,0,2,1,0,0,0,0,-300,0,0,-32,156,-20,120,-48,0,35,33,37,36,32,36,124,122,122,122,122,122,-999,-999,-999
3.293935775756836,-0.05600397160245541,0.06521010392066726,-0.07748494701161639,0.16417602634144463,-0.16187449326189168,0.21831527895759553,-0.0483321946706122,0.009973310011396168,-0.08055365778435367,0.12274843090949131,-0.1480652947845739,0.2195082586240305,1,13,1,2,1,0,0,0,0,-250,0,0,-32,156,20,116,-48,0,35,33,37,36,32,36,124,122,123,122,122,122,-999,-999,-999
3.3109264373779297,-0.05600397160245541,0.06521010392066726,-0.07748494701161639,0.15803860479597007,-0.16187449326189168,0.21831527895759553,-0.0483321946706122,0.009973310011396168,-0.08055365778435367,0.11967972013675401,-0.1480652947845739,0.2195082586240305,0,14,1,2,1,0,0,0,0,-300,0,0,-32,156,20,104,-48,0,35,33,37,36,32,36,124,122,123,122,122,122,-999,-999,-999
3.325923204421997,-0.05600397160245541,0.06521010392066726,-0.07748494701161639,0.15190118325049548,-0.16187449326189168,0.21831527895759553,-0.0483321946706122,0.009973310011396168,-0.08055365778435367,0.1150766539776481,-0.1480652947845739,0.2195082586240305,0,13,0,2,1,0,0,0,0,-200,0,0,-32,156,20,104,-48,0,35,33,37,36,32,36,124,122,123,122,122,122,-999,-999,-999
3.342069149017334,-0.05600397160245541,0.06521010392066726,-0.07748494701161639,0.14729811709138957,-0.16187449326189168,0.21831527895759553,-0.04679783928424356,0.009973310011396168,-0.08055365778435367,0.11047358781854218,-0.1480652947845739,0.2195082586240305,0,11,0,2,1,0,0,0,0,-250,0,0,-32,156,20,100,-48,0,35,33,37,36,32,36,124,121,123,122,122,122,-999,-999,-999
3.3580470085144043,-0.05600397160245541,0.06521010392066726,-0.07748494701161639,0.141160695545915,-0.16187449326189168,0.21831527895759553,-0.04679783928424356,0.009973310011396168,-0.08055365778435367,0.10587052165943625,-0.1480652947845739,0.2195082586240305,1,10,0,2,1,0,0,0,0,-250,0,0,-36,156,20,100,-48,0,35,33,37,36,32,36,124,122,123,122,122,122,-999,-999,-999
3.374061346054077,-0.05600397160245541,0.06521010392066726,-0.07748494701161639,0.13655762938680907,-0.16187449326189168,0.21831527895759553,-0.04679783928424356,0.009973310011396168,-0.08055365778435367,0.10433616627306762,-0.1480652947845739,0.2195082586240305,1,10,1,2,2,0,0,0,0,-200,0,0,-40,156,20,96,-48,0,35,33,37,36,32,36,123,122,122,122,122,122,-999,-999,-999
3.3899238109588623,-0.05600397160245541,0.06521010392066726,-0.07748494701161639,0.13195456322770316,-0.16187449326189168,0.21831527895759553,-0.04679783928424356,0.009973310011396168,-0.08055365778435367,0.10126745550033033,-0.1480652947845739,0.2195082586240305,0,13,0,2,1,0,0,0,0,-200,0,0,-36,156,20,92,-48,0,35,33,37,36,32,36,123,122,123,122,122,122,-999,-999,-999
3.4064955711364746,-0.05600397160245541,0.06521010392066726,-0.07748494701161639,0.12735149706859722,-0.16187449326189168,0.21831527895759553,-0.04679783928424356,0.009973310011396168,-0.08055365778435367,0.10126745550033033,-0.1480652947845739,0.2195082586240305,0,12,1,2,1,0,0,0,0,-200,0,0,-36,156,20,76,-48,0,35,33,37,36,32,36,123,122,123,122,122,122,-999,-999,-999
3.422077178955078,-0.05600397160245541,0.06521010392066726,-0.07748494701161639,0.12428278629585994,-0.16187449326189168,0.21831527895759553,-0.04679783928424356,0.009973310011396168,-0.08055365778435367,0.10126745550033033,-0.1480652947845739,0.2195082586240305,1,10,0,1,1,0,0,0,0,-150,0,0,-36,156,20,68,-48,0,35,33,37,36,32,36,124,122,122,122,122,122,-999,-999,-999
3.4379446506500244,-0.05600397160245541,0.06521010392066726,-0.07748494701161639,0.12274843090949131,-0.16187449326189168,0.21831527895759553,-0.04679783928424356,0.009973310011396168,-0.08055365778435367,0.10126745550033033,-0.1480652947845739,0.2195082586240305,1,11,0,1,1,0,0,0,0,-150,0,0,-36,156,20,56,-48,0,35,33,37,36,32,36,124,122,123,122,122,123,-999,-999,-999
3.4549453258514404,-0.05600397160245541,0.06521010392066726,-0.07748494701161639,0.11967972013675401,-0.16187449326189168,0.21831527895759553,-0.04679783928424356,0.009973310011396168,-0.08055365778435367,0.10126745550033033,-0.1480652947845739,0.2195082586240305,1,11,0,2,1,0,0,0,0,-150,0,0,-36,156,20,56,-48,0,35,33,37,36,32,36,124,122,123,122,122,122,-999,-999,-999
3.4711132049560547,-0.05600397160245541,0.06521010392066726,-0.07748494701161639,0.11814536475038538,-0.16187449326189168,0.21831527895759553,-0.04679783928424356,0.008438954625027528,-0.08055365778435367,0.10126745550033033,-0.1480652947845739,0.2195082586240305,1,11,0,1,1,0,0,0,0,-50,0,0,-36,164,20,52,-48,0,35,33,37,36,32,36,124,122,123,122,122,122,-999,-999,-999
3.485952377319336,-0.05600397160245541,0.06521010392066726,-0.07748494701161639,0.11814536475038538,-0.16187449326189168,0.21831527895759553,-0.04679783928424356,0.008438954625027528,-0.08208801317072231,0.10126745550033033,-0.1480652947845739,0.2195082586240305,0,11,1,1,1,0,0,0,0,-100,0,0,-36,164,24,52,-48,0,35,33,37,36,32,36,124,122,123,122,122,122,-999,-999,-999
3.5030219554901123,-0.05600397160245541,0.06521010392066726,-0.07748494701161639,0.11814536475038538,-0.16187449326189168,0.21831527895759553,-0.04679783928424356,0.008438954625027528,-0.08362236855709095,0.10126745550033033,-0.1480652947845739,0.2195082586240305,1,13,1,2,1,0,0,0,0,0,0,0,-36,160,32,56,-48,0,35,33,37,36,32,36,124,122,123,122,122,122,-999,-999,-999
3.5199365615844727,-0.05600397160245541,0.06367574853429861,-0.07748494701161639,0.11814536475038538,-0.16187449326189168,0.21831527895759553,-0.04679783928424356,0.008438954625027528,-0.0851567239434596,0.10126745550033033,-0.1480652947845739,0.2195082586240305,1,11,1,1,2,0,0,0,0,0,0,0,-36,160,36,56,-48,0,35,33,37,36,32,36,124,122,123,122,122,122,-999,-999,-999
3.5350728034973145,-0.05600397160245541,0.06367574853429861,-0.07748494701161639,0.11814536475038538,-0.16187449326189168,0.21831527895759553,-0.04679783928424356,0.008438954625027528,-0.08669107932982824,0.10126745550033033,-0.1480652947845739,0.2195082586240305,0,10,1,2,1,0,0,0,0,0,0,0,-36,152,40,56,-48,0,35,33,37,36,32,36,124,122,123,122,122,122,-999,-999,-999
3.551086664199829,-0.05600397160245541,0.06214139314792997,-0.07748494701161639,0.11814536475038538,-0.16187449326189168,0.21831527895759553,-0.04679783928424356,0.008438954625027528,-0.08669107932982824,0.10126745550033033,-0.1480652947845739,0.2195082586240305,0,9,1,2,1,0,0,-50,0,0,0,0,-36,148,40,56,-48,0,35,33,37,36,32,36,124,122,123,122,122,123,-999,-999,-999
3.566516399383545,-0.05600397160245541,0.06214139314792997,-0.07748494701161639,0.11814536475038538,-0.16187449326189168,0.21831527895759553,-0.04526348389787492,0.008438954625027528,-0.08822543471619687,0.10126745550033033,-0.1480652947845739,0.2195082586240305,0,10,2,2,0,0,0,-50,0,0,0,0,-36,148,44,56,-48,0,35,33,37,36,32,36,124,122,123,122,122,122,-999,-999,-999
3.5831518173217773,-0.05600397160245541,0.06214139314792997,-0.07748494701161639,0.11814536475038538,-0.16187449326189168,0.21831527895759553,-0.04526348389787492,0.008438954625027528,-0.08822543471619687,0.10126745550033033,-0.1480652947845739,0.2195082586240305,0,9,1,1,1,0,0,0,0,0,0,0,-44,152,44,56,-48,0,35,33,37,36,32,36,124,122,123,122,122,123,-999,-999,-999
3.598963975906372,-0.05600397160245541,0.06214139314792997,-0.07748494701161639,0.11814536475038538,-0.16187449326189168,0.21831527895759553,-0.04526348389787492,0.008438954625027528,-0.08822543471619687,0.10126745550033033,-0.1480652947845739,0.2195082586240305,1,9,1,1,1,0,0,0,0,0,0,0,-40,152,40,56,-48,0,35,33,37,36,32,36,124,122,123,122,122,122,-999,-999,-999
3.6150872707366943,-0.05600397160245541,0.06214139314792997,-0.07748494701161639,0.11814536475038538,-0.16187449326189168,0.21831527895759553,-0.04526348389787492,0.008438954625027528,-0.08822543471619687,0.09973310011396169,-0.1480652947845739,0.2195082586240305,0,11,1,2,1,0,0,0,0,0,0,0,-40,152,40,60,-48,0,35,33,37,36,32,36,124,122,123,122,122,122,-999,-999,-999
3.6329727172851562,-0.05600397160245541,0.06214139314792997,-0.07748494701161639,0.11814536475038538,-0.16187449326189168,0.21831527895759553,-0.040660417738769,0.005370243852290245,-0.08822543471619687,0.09973310011396169,-0.1480652947845739,0.2195082586240305,1,9,1,3,1,0,0,0,0,0,0,0,-40,156,40,64,-48,0,35,33,37,36,32,36,124,122,123,122,122,122,-999,-999,-999
3.6481010913848877,-0.05600397160245541,0.06214139314792997,-0.07748494701161639,0.11814536475038538,-0.16187449326189168,0.21831527895759553,-0.039126062352400355,-0.0007671776931843208,-0.08669107932982824,0.09973310011396169,-0.1480652947845739,0.2195082586240305,1,16,1,2,1,0,0,0,0,0,0,0,-56,176,40,60,-48,0,35,33,37,36,32,36,124,122,122,122,122,122,-999,-999,-999
3.6649670600891113,-0.05600397160245541,0.06060703776156134,-0.07748494701161639,0.11814536475038538,-0.16187449326189168,0.21831527895759553,-0.03759170696603171,-0.005370243852290245,-0.08362236855709095,0.09973310011396169,-0.1480652947845739,0.2195082586240305,2,13,1,1,2,0,0,0,0,0,0,0,-68,188,36,60,-48,0,35,33,37,36,32,36,124,122,123,122,122,122,-999,-999,-999
3.6799964904785156,-0.05600397160245541,0.05600397160245541,-0.07748494701161639,0.11814536475038538,-0.16187449326189168,0.21831527895759553,-0.036057351579663076,-0.009973310011396168,-0.08055365778435367,0.09973310011396169,-0.1480652947845739,0.2195082586240305,1,16,1,2,1,0,0,-100,0,0,0,0,-64,200,24,60,-48,0,35,33,37,36,32,36,124,122,122,122,122,122,-999,-999,-999
3.69612717628479,-0.052935260829718125,0.052935260829718125,-0.07595059162524774,0.11814536475038538,-0.16187449326189168,0.21831527895759553,-0.03452299619329443,-0.016110731556870737,-0.07901930239798503,0.09973310011396169,-0.1480652947845739,0.2195082586240305,1,13,1,2,2,0,50,-100,0,0,0,0,-64,184,-20,60,-48,0,35,33,37,36,32,36,124,122,123,122,122,122,-999,-999,-999
3.711554527282715,-0.051400905443349486,0.049866550056980846,-0.07288188085251047,0.11661100936401675,-0.16187449326189168,0.21831527895759553,-0.03452299619329443,-0.02071379771597666,-0.07748494701161639,0.09973310011396169,-0.1480652947845739,0.2195082586240305,0,14,1,1,1,0,50,-150,0,0,0,0,-56,200,20,56,-48,0,35,33,37,36,32,36,124,122,123,122,122,122,-999,-999,-999
3.7285656929016113,-0.049866550056980846,0.04526348389787492,-0.07134752546614181,0.11661100936401675,-0.16187449326189168,0.21831527895759553,-0.03452299619329443,-0.026851219261451224,-0.07748494701161639,0.09973310011396169,-0.1480652947845739,0.2195082586240305,1,17,0,2,1,0,100,-150,100,-50,0,0,-48,204,28,52,-48,0,35,33,37,36,32,36,124,122,122,122,122,122,-999,-999,-999
3.7449984550476074,-0.04679783928424356,0.042194773125137634,-0.07134752546614181,0.11661100936401675,-0.16187449326189168,0.21831527895759553,-0.03452299619329443,-0.029919930034188504,-0.07748494701161639,0.09973310011396169,-0.1480652947845739,0.2195082586240305,0,16,0,1,2,0,50,-150,100,0,0,0,-40,208,32,56,-48,0,35,33,37,36,32,36,124,122,123,122,122,122,-999,-999,-999
3.7611560821533203,-0.04372912851150628,0.03759170696603171,-0.07134752546614181,0.11661100936401675,-0.16187449326189168,0.21831527895759553,-0.03452299619329443,-0.03452299619329443,-0.07748494701161639,0.09973310011396169,-0.1480652947845739,0.2195082586240305,0,15,0,1,2,0,100,-150,0,0,0,0,-36,200,32,56,-48,0,35,33,37,36,32,36,124,122,122,121,122,122,-999,-999,-999
3.7765743732452393,-0.040660417738769,0.03298864080692579,-0.07134752546614181,0.11661100936401675,-0.16187449326189168,0.21831527895759553,-0.03452299619329443,-0.03759170696603171,-0.07748494701161639,0.09973310011396169,-0.1480652947845739,0.2195082586240305,0,13,1,1,1,0,150,-150,0,0,0,0,-20,192,28,56,-48,0,35,33,37,36,32,36,124,122,122,122,122,122,-999,-999,-999
3.7930009365081787,-0.039126062352400355,0.028385574647819864,-0.07134752546614181,0.11661100936401675,-0.16187449326189168,0.21831527895759553,-0.03452299619329443,-0.039126062352400355,-0.07748494701161639,0.09973310011396169,-0.1480652947845739,0.2195082586240305,0,12,1,2,1,0,150,-200,0,0,0,0,0,192,28,56,-48,0,35,33,37,36,32,36,124,122,123,122,122,123,-999,-999,-999
3.8085758686065674,-0.039126062352400355,0.02378250848871394,-0.07134752546614181,0.11661100936401675,-0.16187449326189168,0.21831527895759553,-0.03452299619329443,-0.040660417738769,-0.07748494701161639,0.09973310011396169,-0.1480652947845739,0.2195082586240305,0,11,1,2,1,0,50,-150,0,0,0,0,0,180,28,56,-48,0,35,33,37,36,32,36,124,122,123,122,122,123,-999,-999,-999
3.824166774749756,-0.039126062352400355,0.01917944232960802,-0.07134752546614181,0.11661100936401675,-0.16187449326189168,0.21831527895759553,-0.03452299619329443,-0.042194773125137634,-0.07748494701161639,0.09973310011396169,-0.1480652947845739,0.2195082586240305,0,8,0,2,1,0,50,-200,0,0,0,0,-24,172,28,56,-48,0,35,33,37,36,32,36,124,122,123,122,122,122,-999,-999,-999
3.8395779132843018,-0.039126062352400355,0.016110731556870737,-0.07134752546614181,0.11661100936401675,-0.16187449326189168,0.21831527895759553,-0.03452299619329443,-0.042194773125137634,-0.07748494701161639,0.09973310011396169,-0.1480652947845739,0.2195082586240305,1,8,0,2,1,0,0,-150,0,0,0,0,-24,156,28,56,-48,0,35,33,37,36,32,36,124,122,123,122,122,123,-999,-999,-999
3.855579137802124,-0.039126062352400355,0.013042020784133452,-0.07134752546614181,0.11661100936401675,-0.16187449326189168,0.21831527895759553,-0.03452299619329443,-0.042194773125137634,-0.07748494701161639,0.09973310011396169,-0.14959965017094254,0.2195082586240305,0,9,1,1,1,0,0,-150,0,0,0,0,-24,144,28,56,-44,0,35,33,37,36,32,36,124,122,123,122,122,122,-999,-999,-999
3.871626853942871,-0.039126062352400355,0.01150766539776481,-0.07134752546614181,0.11661100936401675,-0.16187449326189168,0.21831527895759553,-0.03452299619329443,-0.042194773125137634,-0.07748494701161639,0.09973310011396169,-0.14959965017094254,0.2195082586240305,0,7,1,1,1,0,0,-200,0,0,0,0,-24,140,28,56,-40,0,35,33,37,36,32,36,124,122,123,122,122,123,-999,-999,-999
3.8880436420440674,-0.042194773125137634,0.008438954625027528,-0.07134752546614181,0.11661100936401675,-0.16187449326189168,0.21831527895759553,-0.03452299619329443,-0.042194773125137634,-0.07748494701161639,0.09973310011396169,-0.14959965017094254,0.2195082586240305,0,8,0,2,1,0,0,-50,0,0,0,0,-28,144,28,56,-40,0,35,33,37,36,32,36,124,122,123,122,122,122,-999,-999,-999
3.904207468032837,-0.042194773125137634,0.008438954625027528,-0.07134752546614181,0.11661100936401675,-0.16187449326189168,0.21831527895759553,-0.03452299619329443,-0.042194773125137634,-0.07748494701161639,0.09973310011396169,-0.14959965017094254,0.2195082586240305,0,7,0,2,1,0,-50,-100,0,0,0,0,-40,140,28,56,-44,0,35,33,38,36,32,36,124,122,123,122,122,123,-999,-999,-999
3.9205896854400635,-0.04372912851150628,0.006904599238658886,-0.07134752546614181,0.11661100936401675,-0.16187449326189168,0.21831527895759553,-0.03452299619329443,-0.042194773125137634,-0.07748494701161639,0.09973310011396169,-0.14959965017094254,0.2195082586240305,1,11,1,2,1,0,-50,-50,0,0,0,0,-40,136,28,56,-44,0,35,33,37,36,32,36,124,122,123,122,122,122,-999,-999,-999
3.9369990825653076,-0.04372912851150628,0.006904599238658886,-0.07134752546614181,0.11661100936401675,-0.16187449326189168,0.21831527895759553,-0.03452299619329443,-0.042194773125137634,-0.07748494701161639,0.09973310011396169,-0.14959965017094254,0.2195082586240305,1,8,0,2,1,0,-50,-50,0,0,0,0,-36,136,28,56,-44,0,35,33,37,36,32,36,124,122,123,122,122,123,-999,-999,-999
3.9530181884765625,-0.04372912851150628,0.006904599238658886,-0.07134752546614181,0.11661100936401675,-0.16187449326189168,0.21831527895759553,-0.03452299619329443,-0.042194773125137634,-0.07748494701161639,0.09973310011396169,-0.14959965017094254,0.2195082586240305,1,9,1,2,1,0,0,0,0,0,0,0,-36,140,28,56,-44,0,35,33,37,36,32,36,124,122,123,122,122,123,-999,-999,-999
3.969158411026001,-0.04372912851150628,0.006904599238658886,-0.07134752546614181,0.11661100936401675,-0.16187449326189168,0.21831527895759553,-0.03298864080692579,-0.042194773125137634,-0.07748494701161639,0.09973310011396169,-0.14959965017094254,0.2195082586240305,1,10,1,2,1,0,0,0,0,0,0,0,-36,140,28,56,-44,0,35,33,37,36,32,36,124,122,123,122,122,122,-999,-999,-999
3.9851837158203125,-0.04372912851150628,0.006904599238658886,-0.07134752546614181,0.11661100936401675,-0.16187449326189168,0.21831527895759553,-0.03298864080692579,-0.042194773125137634,-0.07748494701161639,0.09973310011396169,-0.14959965017094254,0.2195082586240305,1,9,0,2,1,0,0,0,0,0,0,0,-40,140,28,56,-44,0,35,33,37,36,32,36,124,122,123,122,122,123,-999,-999,-999
4.001042604446411,-0.042194773125137634,0.006904599238658886,-0.07134752546614181,0.11661100936401675,-0.16187449326189168,0.21831527895759553,-0.03298864080692579,-0.042194773125137634,-0.07748494701161639,0.09973310011396169,-0.14959965017094254,0.2195082586240305,0,9,0,2,1,0,0,0,0,0,0,0,-40,140,28,56,-44,0,35,33,37,36,32,36,124,122,123,122,122,123,-999,-999,-999
4.01715087890625,-0.040660417738769,0.006904599238658886,-0.07134752546614181,0.11661100936401675,-0.16187449326189168,0.21831527895759553,-0.03298864080692579,-0.042194773125137634,-0.07748494701161639,0.09973310011396169,-0.14959965017094254,0.2195082586240305,0,8,1,2,1,0,50,0,0,0,0,0,-28,140,28,56,-44,0,35,33,37,36,32,36,124,122,123,122,122,122,-999,-999,-999
4.033027172088623,-0.039126062352400355,0.006904599238658886,-0.07134752546614181,0.11661100936401675,-0.16187449326189168,0.21831527895759553,-0.03298864080692579,-0.042194773125137634,-0.07748494701161639,0.09973310011396169,-0.14959965017094254,0.2195082586240305,0,11,0,2,1,0,50,0,0,0,0,0,-20,140,28,56,-44,0,35,33,37,36,32,36,124,122,123,122,122,123,-999,-999,-999
4.049081325531006,-0.03759170696603171,0.006904599238658886,-0.07134752546614181,0.11661100936401675,-0.16187449326189168,0.21831527895759553,-0.03298864080692579,-0.042194773125137634,-0.07748494701161639,0.09973310011396169,-0.14959965017094254,0.2195082586240305,1,9,1,2,1,0,50,0,0,0,0,0,-20,140,28,56,-44,0,35,33,37,36,32,36,124,122,123,122,122,123,-999,-999,-999
4.065073251724243,-0.03759170696603171,0.006904599238658886,-0.07134752546614181,0.11661100936401675,-0.16187449326189168,0.21831527895759553,-0.03298864080692579,-0.042194773125137634,-0.07748494701161639,0.09973310011396169,-0.14959965017094254,0.2195082586240305,0,9,0,1,1,0,50,0,0,0,0,0,-20,140,28,56,-44,0,35,33,37,36,32,36,124,122,123,122,122,123,-999,-999,-999
4.081052780151367,-0.03759170696603171,0.006904599238658886,-0.07134752546614181,0.11661100936401675,-0.16187449326189168,0.21831527895759553,-0.03298864080692579,-0.042194773125137634,-0.07748494701161639,0.09973310011396169,-0.14959965017094254,0.2195082586240305,0,8,1,2,1,0,50,0,0,0,0,0,-24,140,28,56,-44,0,35,33,37,36,32,36,124,122,123,122,122,122,-999,-999,-999
4.097179889678955,-0.036057351579663076,0.006904599238658886,-0.07134752546614181,0.11661100936401675,-0.16187449326189168,0.21831527895759553,-0.03298864080692579,-0.042194773125137634,-0.07748494701161639,0.09973310011396169,-0.14959965017094254,0.2195082586240305,0,9,0,2,1,0,0,0,0,0,0,0,-20,140,28,56,-44,0,35,33,37,36,32,36,124,122,123,122,122,123,-999,-999,-999
4.113049268722534,-0.036057351579663076,0.006904599238658886,-0.07134752546614181,0.11661100936401675,-0.16187449326189168,0.21831527895759553,-0.03298864080692579,-0.042194773125137634,-0.07748494701161639,0.09973310011396169,-0.14959965017094254,0.2195082586240305,0,8,1,2,1,0,50,0,0,0,0,0,0,140,28,56,-44,0,35,33,37,36,32,36,124,122,123,122,122,122,-999,-999,-999
4.129045248031616,-0.036057351579663076,0.006904599238658886,-0.07134752546614181,0.11661100936401675,-0.16187449326189168,0.21831527895759553,-0.03298864080692579,-0.042194773125137634,-0.07748494701161639,0.09973310011396169,-0.14959965017094254,0.2195082586240305,0,9,1,1,1,0,0,0,0,0,0,0,0,140,28,56,-44,0,35,33,37,36,32,36,123,122,123,122,122,123,-999,-999,-999
4.1450395584106445,-0.036057351579663076,0.006904599238658886,-0.07134752546614181,0.11661100936401675,-0.16187449326189168,0.21831527895759553,-0.03298864080692579,-0.042194773125137634,-0.07748494701161639,0.09973310011396169,-0.14959965017094254,0.2195082586240305,1,8,1,1,1,0,0,0,0,0,0,0,-20,140,28,56,-44,0,35,33,37,36,32,36,124,122,123,122,122,123,-999,-999,-999
4.1620495319366455,-0.03759170696603171,0.006904599238658886,-0.07134752546614181,0.11661100936401675,-0.16187449326189168,0.21831527895759553,-0.03298864080692579,-0.042194773125137634,-0.07748494701161639,0.09973310011396169,-0.14959965017094254,0.2195082586240305,1,11,1,1,1,0,0,0,0,0,0,0,-24,140,28,56,-44,0,35,33,37,36,32,36,124,122,123,122,122,122,-999,-999,-999
4.178035497665405,-0.03759170696603171,0.006904599238658886,-0.07134752546614181,0.11661100936401675,-0.16187449326189168,0.21831527895759553,-0.03298864080692579,-0.042194773125137634,-0.07748494701161639,0.09973310011396169,-0.14959965017094254,0.2195082586240305,1,11,0,2,1,0,-50,0,0,0,0,0,-28,140,28,56,-44,0,35,33,37,36,32,36,124,122,123,122,122,122,-999,-999,-999
4.195067644119263,-0.039126062352400355,0.006904599238658886,-0.07134752546614181,0.11661100936401675,-0.16187449326189168,0.21831527895759553,-0.03298864080692579,-0.042194773125137634,-0.07748494701161639,0.09973310011396169,-0.14959965017094254,0.2195082586240305,0,9,1,2,1,0,0,0,0,0,0,0,-32,140,28,56,-44,0,35,33,37,36,32,36,124,122,123,122,122,122,-999,-999,-999
4.210197925567627,-0.039126062352400355,0.006904599238658886,-0.07134752546614181,0.11661100936401675,-0.16187449326189168,0.21831527895759553,-0.03298864080692579,-0.042194773125137634,-0.07748494701161639,0.09973310011396169,-0.14959965017094254,0.2195082586240305,0,8,0,2,1,0,-50,0,0,0,0,0,-28,140,28,56,-44,0,35,33,37,36,32,36,124,122,123,122,122,123,-999,-999,-999
4.226082801818848,-0.039126062352400355,0.006904599238658886,-0.07134752546614181,0.11661100936401675,-0.16187449326189168,0.21831527895759553,-0.03298864080692579,-0.042194773125137634,-0.07748494701161639,0.09973310011396169,-0.14959965017094254,0.2195082586240305,0,9,0,2,1,0,-50,0,0,0,0,0,-28,140,28,56,-44,0,35,33,37,36,32,36,124,122,123,122,122,123,-999,-999,-999
4.243038654327393,-0.040660417738769,0.006904599238658886,-0.07134752546614181,0.11661100936401675,-0.16187449326189168,0.21831527895759553,-0.03298864080692579,-0.042194773125137634,-0.07748494701161639,0.09973310011396169,-0.14959965017094254,0.2195082586240305,0,8,0,2,1,0,0,0,0,0,0,0,-32,140,28,56,-44,0,35,33,37,36,32,36,124,122,123,122,122,122,-999,-999,-999
4.258213520050049,-0.040660417738769,0.006904599238658886,-0.07134752546614181,0.11661100936401675,-0.16187449326189168,0.21831527895759553,-0.03298864080692579,-0.042194773125137634,-0.07748494701161639,0.09973310011396169,-0.14959965017094254,0.2195082586240305,1,11,1,1,0,0,-50,0,0,0,0,0,-36,140,28,56,-44,0,35,33,37,36,32,36,124,122,123,122,122,122,-999,-999,-999
4.27409815788269,-0.040660417738769,0.006904599238658886,-0.07134752546614181,0.11661100936401675,-0.16187449326189168,0.21831527895759553,-0.03298864080692579,-0.042194773125137634,-0.07748494701161639,0.09973310011396169,-0.14959965017094254,0.2195082586240305,1,11,0,1,1,0,0,0,0,0,0,0,-32,140,28,56,-44,0,35,33,37,36,32,36,124,122,123,122,122,123,-999,-999,-999
4.290076494216919,-0.040660417738769,0.006904599238658886,-0.07134752546614181,0.11661100936401675,-0.16187449326189168,0.21831527895759553,-0.03298864080692579,-0.042194773125137634,-0.07748494701161639,0.09973310011396169,-0.14959965017094254,0.2195082586240305,0,8,1,2,1,0,0,0,0,0,0,0,-32,140,28,56,-44,0,35,33,37,36,32,36,124,122,123,122,122,123,-999,-999,-999
4.306217193603516,-0.040660417738769,0.006904599238658886,-0.07134752546614181,0.11661100936401675,-0.16187449326189168,0.21831527895759553,-0.03298864080692579,-0.042194773125137634,-0.07748494701161639,0.09973310011396169,-0.14959965017094254,0.2195082586240305,1,10,1,1,0,0,0,0,0,0,0,0,-32,140,28,56,-44,0,35,33,37,36,32,36,124,122,123,122,122,122,-999,-999,-999
4.322091579437256,-0.040660417738769,0.006904599238658886,-0.07134752546614181,0.11661100936401675,-0.16187449326189168,0.21831527895759553,-0.03298864080692579,-0.042194773125137634,-0.07748494701161639,0.09973310011396169,-0.14959965017094254,0.2195082586240305,0,8,1,2,1,0,0,0,0,0,0,0,-32,140,28,56,-44,0,35,33,37,36,32,36,124,122,122,122,122,122,-999,-999,-999
4.338255405426025,-0.040660417738769,0.006904599238658886,-0.07134752546614181,0.11661100936401675,-0.16187449326189168,0.21831527895759553,-0.03298864080692579,-0.042194773125137634,-0.07748494701161639,0.09973310011396169,-0.14959965017094254,0.2195082586240305,0,9,0,2,1,0,0,0,0,0,0,0,-32,140,28,56,-44,0,35,33,37,36,32,36,124,122,123,122,122,122,-999,-999,-999
4.355085849761963,-0.039126062352400355,0.006904599238658886,-0.07134752546614181,0.11661100936401675,-0.16187449326189168,0.21831527895759553,-0.03298864080692579,-0.042194773125137634,-0.07748494701161639,0.09973310011396169,-0.14959965017094254,0.2195082586240305,1,8,0,1,1,0,0,0,0,0,0,0,-28,140,28,56,-44,0,35,33,37,36,32,36,124,122,123,122,122,123,-999,-999,-999
4.3702311515808105,-0.039126062352400355,0.006904599238658886,-0.07134752546614181,0.11661100936401675,-0.16187449326189168,0.21831527895759553,-0.03298864080692579,-0.042194773125137634,-0.07748494701161639,0.09973310011396169,-0.14959965017094254,0.2195082586240305,1,9,1,2,1,0,50,0,0,0,0,0,-24,140,28,56,-44,0,35,33,37,36,32,36,124,122,122,122,122,122,-999,-999,-999
4.386247873306274,-0.039126062352400355,0.006904599238658886,-0.07134752546614181,0.11661100936401675,-0.16187449326189168,0.21831527895759553,-0.03298864080692579,-0.042194773125137634,-0.07748494701161639,0.09973310011396169,-0.14959965017094254,0.2195082586240305,1,9,0,2,1,0,0,0,0,0,0,0,-24,140,28,56,-44,0,35,33,37,36,32,36,124,122,123,122,122,123,-999,-999,-999
4.403069019317627,-0.039126062352400355,0.006904599238658886,-0.07134752546614181,0.11661100936401675,-0.16187449326189168,0.21831527895759553,-0.03298864080692579,-0.042194773125137634,-0.07748494701161639,0.09973310011396169,-0.14959965017094254,0.2195082586240305,1,9,1,2,1,0,0,0,0,0,0,0,-28,140,28,56,-44,0,35,33,37,35,32,36,124,122,123,122,122,122,-999,-999,-999
4.418206691741943,-0.039126062352400355,0.006904599238658886,-0.07134752546614181,0.11661100936401675,-0.16187449326189168,0.21831527895759553,-0.03298864080692579,-0.042194773125137634,-0.07748494701161639,0.09973310011396169,-0.14959965017094254,0.2195082586240305,1,10,1,2,2,0,0,0,0,0,0,0,-28,140,28,56,-44,0,35,33,37,36,32,36,124,122,122,122,122,122,-999,-999,-999
4.434080362319946,-0.039126062352400355,0.006904599238658886,-0.07134752546614181,0.11661100936401675,-0.16187449326189168,0.21831527895759553,-0.03298864080692579,-0.042194773125137634,-0.07748494701161639,0.09973310011396169,-0.14959965017094254,0.2195082586240305,1,8,1,1,1,0,0,0,0,0,0,0,-28,140,28,56,-44,0,35,33,37,36,32,36,124,122,123,122,122,122,-999,-999,-999
4.450049161911011,-0.039126062352400355,0.006904599238658886,-0.07134752546614181,0.11661100936401675,-0.16187449326189168,0.21831527895759553,-0.03298864080692579,-0.042194773125137634,-0.07748494701161639,0.09973310011396169,-0.14959965017094254,0.2195082586240305,0,8,1,2,1,0,0,0,0,0,0,0,-28,140,28,56,-44,0,35,33,37,36,32,36,124,122,123,122,122,123,-999,-999,-999
4.467085599899292,-0.039126062352400355,0.006904599238658886,-0.07134752546614181,0.11661100936401675,-0.16187449326189168,0.21831527895759553,-0.03298864080692579,-0.042194773125137634,-0.07748494701161639,0.09973310011396169,-0.14959965017094254,0.2195082586240305,0,11,0,2,1,0,0,0,0,0,0,0,-28,140,28,56,-44,0,35,33,37,36,32,36,124,122,123,122,122,122,-999,-999,-999
4.483657360076904,-0.03759170696603171,0.006904599238658886,-0.07134752546614181,0.11661100936401675,-0.16187449326189168,0.21831527895759553,-0.03145428542055715,-0.042194773125137634,-0.07748494701161639,0.09973310011396169,-0.14959965017094254,0.2195082586240305,0,8,0,1,1,0,50,0,0,0,0,0,-24,140,28,56,-44,0,35,33,37,36,32,36,124,122,123,122,122,123,-999,-999,-999
4.499220132827759,-0.03759170696603171,0.006904599238658886,-0.07134752546614181,0.11661100936401675,-0.16187449326189168,0.21831527895759553,-0.03145428542055715,-0.042194773125137634,-0.07748494701161639,0.09973310011396169,-0.14959965017094254,0.2195082586240305,0,11,0,2,1,0,50,0,0,0,0,0,-24,140,28,56,-44,0,35,33,37,36,32,36,124,122,123,122,122,122,-999,-999,-999
4.515221357345581,-0.03759170696603171,0.006904599238658886,-0.07134752546614181,0.11661100936401675,-0.16187449326189168,0.21831527895759553,-0.03145428542055715,-0.042194773125137634,-0.07748494701161639,0.09973310011396169,-0.14959965017094254,0.2195082586240305,0,9,0,1,1,0,0,0,0,0,0,0,-32,140,28,56,-44,0,35,33,37,36,32,36,124,122,123,122,122,123,-999,-999,-999
4.531226873397827,-0.03759170696603171,0.006904599238658886,-0.07134752546614181,0.11661100936401675,-0.16187449326189168,0.21831527895759553,-0.03145428542055715,-0.042194773125137634,-0.07748494701161639,0.09973310011396169,-0.14959965017094254,0.2195082586240305,0,8,1,1,1,0,0,0,0,0,0,0,-28,140,28,56,-44,0,35,33,37,36,32,36,124,122,123,122,122,122,-999,-999,-999
4.545648813247681,-0.03759170696603171,0.006904599238658886,-0.07134752546614181,0.11661100936401675,-0.16187449326189168,0.21831527895759553,-0.03145428542055715,-0.042194773125137634,-0.07748494701161639,0.09973310011396169,-0.14959965017094254,0.2195082586240305,0,8,1,2,0,0,0,0,0,0,0,0,-28,140,28,56,-44,0,35,33,37,36,32,36,124,122,123,122,122,123,-999,-999,-999
4.563233852386475,-0.03759170696603171,0.006904599238658886,-0.07134752546614181,0.11661100936401675,-0.16187449326189168,0.21831527895759553,-0.03145428542055715,-0.042194773125137634,-0.07748494701161639,0.09973310011396169,-0.14959965017094254,0.2195082586240305,0,10,0,1,0,0,0,0,0,0,0,0,-28,140,28,56,-44,0,35,33,37,36,32,36,124,122,123,122,122,122,-999,-999,-999
4.5792236328125,-0.03759170696603171,0.006904599238658886,-0.07134752546614181,0.11661100936401675,-0.16187449326189168,0.21831527895759553,-0.03145428542055715,-0.042194773125137634,-0.07748494701161639,0.09973310011396169,-0.14959965017094254,0.2195082586240305,0,9,1,2,1,0,0,0,0,0,0,0,-28,140,28,56,-44,0,34,33,37,36,32,36,124,122,123,122,122,122,-999,-999,-999
4.595235586166382,-0.03759170696603171,0.006904599238658886,-0.07134752546614181,0.11661100936401675,-0.16187449326189168,0.21831527895759553,-0.03145428542055715,-0.042194773125137634,-0.07748494701161639,0.09973310011396169,-0.14959965017094254,0.2195082586240305,0,10,1,2,1,0,0,0,0,0,0,0,-28,140,28,56,-44,0,35,33,37,36,32,36,124,122,123,122,122,122,-999,-999,-999
4.61065673828125,-0.03759170696603171,0.006904599238658886,-0.07134752546614181,0.11661100936401675,-0.16187449326189168,0.21831527895759553,-0.03145428542055715,-0.042194773125137634,-0.07748494701161639,0.09973310011396169,-0.14959965017094254,0.2195082586240305,0,10,1,2,1,0,0,0,0,0,0,0,-28,140,28,56,-44,0,35,33,37,36,32,36,124,122,123,122,122,123,-999,-999,-999
4.627102851867676,-0.03759170696603171,0.006904599238658886,-0.07134752546614181,0.11661100936401675,-0.16187449326189168,0.21831527895759553,-0.03145428542055715,-0.042194773125137634,-0.07748494701161639,0.09973310011396169,-0.14959965017094254,0.2195082586240305,0,10,0,2,1,0,0,0,0,0,0,0,-28,140,28,56,-44,0,35,33,37,36,32,36,124,122,123,122,122,123,-999,-999,-999
4.643659830093384,-0.03759170696603171,0.006904599238658886,-0.07134752546614181,0.11661100936401675,-0.16187449326189168,0.21831527895759553,-0.03145428542055715,-0.042194773125137634,-0.07748494701161639,0.09973310011396169,-0.14959965017094254,0.2195082586240305,1,10,1,2,1,0,0,0,0,0,0,0,-28,140,28,56,-44,0,35,33,37,36,32,36,124,122,123,122,122,122,-999,-999,-999
4.658102750778198,-0.03759170696603171,0.006904599238658886,-0.07134752546614181,0.11661100936401675,-0.16187449326189168,0.21831527895759553,-0.03145428542055715,-0.042194773125137634,-0.07748494701161639,0.09973310011396169,-0.14959965017094254,0.2195082586240305,0,9,0,2,1,0,0,0,0,0,0,0,-28,140,28,56,-44,0,35,33,37,36,32,36,124,122,123,122,122,122,-999,-999,-999
4.676082611083984,-0.03759170696603171,0.006904599238658886,-0.07134752546614181,0.11661100936401675,-0.16187449326189168,0.21831527895759553,-0.03145428542055715,-0.042194773125137634,-0.07748494701161639,0.09973310011396169,-0.14959965017094254,0.2195082586240305,1,10,0,2,1,0,0,0,0,0,0,0,-28,140,28,56,-44,0,35,33,37,36,32,36,124,122,123,122,122,122,-999,-999,-999
4.69167685508728,-0.03759170696603171,0.006904599238658886,-0.07134752546614181,0.11661100936401675,-0.16187449326189168,0.21831527895759553,-0.03145428542055715,-0.042194773125137634,-0.07748494701161639,0.09973310011396169,-0.14959965017094254,0.2195082586240305,0,8,0,1,1,0,0,0,0,0,0,0,-28,140,28,56,-44,0,35,33,37,36,32,36,124,122,123,122,122,122,-999,-999,-999
4.707277059555054,-0.03759170696603171,0.006904599238658886,-0.07134752546614181,0.11661100936401675,-0.16187449326189168,0.21831527895759553,-0.03145428542055715,-0.042194773125137634,-0.07748494701161639,0.09973310011396169,-0.14959965017094254,0.2195082586240305,0,9,1,2,1,0,0,0,0,0,0,0,-28,140,28,56,-44,0,35,33,37,36,32,36,124,122,123,122,122,122,-999,-999,-999
4.724684000015259,-0.03759170696603171,0.006904599238658886,-0.07134752546614181,0.11661100936401675,-0.16187449326189168,0.21831527895759553,-0.03145428542055715,-0.042194773125137634,-0.07748494701161639,0.09973310011396169,-0.14959965017094254,0.2195082586240305,0,8,1,1,1,0,0,0,0,0,0,0,-28,140,28,56,-44,0,35,33,37,36,32,36,124,122,123,122,122,122,-999,-999,-999
4.740094900131226,-0.03759170696603171,0.006904599238658886,-0.07134752546614181,0.11661100936401675,-0.16187449326189168,0.21831527895759553,-0.03145428542055715,-0.042194773125137634,-0.07748494701161639,0.09973310011396169,-0.14959965017094254,0.2195082586240305,0,8,0,2,1,0,0,0,0,0,0,0,-28,140,28,56,-44,0,35,33,37,36,32,36,124,122,123,122,122,123,-999,-999,-999
4.7556962966918945,-0.03759170696603171,0.006904599238658886,-0.07134752546614181,0.11661100936401675,-0.16187449326189168,0.21831527895759553,-0.03145428542055715,-0.042194773125137634,-0.07748494701161639,0.09973310011396169,-0.14959965017094254,0.2195082586240305,0,9,0,2,1,0,0,0,0,0,0,0,-28,140,28,56,-44,0,35,33,37,36,32,36,124,122,123,122,122,123,-999,-999,-999
4.772233724594116,-0.03759170696603171,0.006904599238658886,-0.07134752546614181,0.11661100936401675,-0.16187449326189168,0.21831527895759553,-0.03145428542055715,-0.040660417738769,-0.07748494701161639,0.09973310011396169,-0.14959965017094254,0.2195082586240305,0,8,0,2,1,0,0,0,0,0,0,0,-28,140,28,56,-44,0,35,33,37,36,32,36,124,122,123,122,122,122,-999,-999,-999
4.78719687461853,-0.03759170696603171,0.006904599238658886,-0.07134752546614181,0.11661100936401675,-0.16187449326189168,0.21831527895759553,-0.03145428542055715,-0.040660417738769,-0.07748494701161639,0.09973310011396169,-0.14959965017094254,0.2195082586240305,0,8,0,2,1,0,0,0,0,0,0,0,-28,132,28,56,-44,0,35,33,37,36,32,36,124,122,122,122,122,122,-999,-999,-999
4.804128408432007,-0.03759170696603171,0.006904599238658886,-0.07134752546614181,0.11661100936401675,-0.16187449326189168,0.21831527895759553,-0.03145428542055715,-0.040660417738769,-0.07748494701161639,0.09973310011396169,-0.14959965017094254,0.2195082586240305,0,10,1,2,1,0,0,0,0,0,0,0,-28,136,28,56,-44,0,35,33,37,36,32,36,124,122,123,122,122,122,-999,-999,-999
4.820142984390259,-0.03759170696603171,0.006904599238658886,-0.07134752546614181,0.11661100936401675,-0.16187449326189168,0.21831527895759553,-0.03145428542055715,-0.040660417738769,-0.07748494701161639,0.09973310011396169,-0.14959965017094254,0.2195082586240305,0,8,1,1,1,0,0,0,0,0,0,0,-28,136,28,56,-44,0,35,33,37,36,32,36,124,122,123,122,122,122,-999,-999,-999
4.836265325546265,-0.03759170696603171,0.006904599238658886,-0.07134752546614181,0.11661100936401675,-0.16187449326189168,0.21831527895759553,-0.03145428542055715,-0.040660417738769,-0.07748494701161639,0.09973310011396169,-0.14959965017094254,0.2195082586240305,1,8,0,1,1,0,0,0,0,0,0,0,-28,136,28,56,-44,0,35,33,37,36,32,36,124,122,123,122,122,122,-999,-999,-999
4.852133512496948,-0.03759170696603171,0.006904599238658886,-0.07134752546614181,0.11661100936401675,-0.16187449326189168,0.21831527895759553,-0.03145428542055715,-0.040660417738769,-0.07748494701161639,0.09973310011396169,-0.14959965017094254,0.2195082586240305,1,10,0,1,1,0,0,0,0,0,0,0,-28,136,28,56,-44,0,35,33,37,36,32,36,124,122,123,122,122,122,-999,-999,-999
4.868255853652954,-0.03759170696603171,0.006904599238658886,-0.07134752546614181,0.11661100936401675,-0.16187449326189168,0.21831527895759553,-0.03145428542055715,-0.040660417738769,-0.07748494701161639,0.09973310011396169,-0.14959965017094254,0.2195082586240305,0,8,0,1,1,0,0,0,0,0,0,0,-28,136,28,56,-44,0,35,33,37,36,32,36,124,122,123,122,122,123,-999,-999,-999
4.883732795715332,-0.03759170696603171,0.006904599238658886,-0.07134752546614181,0.11661100936401675,-0.16187449326189168,0.21831527895759553,-0.03145428542055715,-0.040660417738769,-0.07748494701161639,0.09973310011396169,-0.14959965017094254,0.2195082586240305,0,8,0,2,1,0,0,0,0,0,0,0,-28,136,28,56,-44,0,35,33,37,36,32,36,124,122,123,122,122,122,-999,-999,-999
4.900179624557495,-0.03759170696603171,0.006904599238658886,-0.07134752546614181,0.11661100936401675,-0.16187449326189168,0.21831527895759553,-0.03145428542055715,-0.040660417738769,-0.07748494701161639,0.09973310011396169,-0.14959965017094254,0.2195082586240305,0,8,1,2,1,0,0,0,0,0,0,0,-28,136,28,56,-44,0,35,33,37,36,32,36,124,122,123,122,122,122,-999,-999,-999
4.915144681930542,-0.03759170696603171,0.006904599238658886,-0.07134752546614181,0.11661100936401675,-0.16187449326189168,0.21831527895759553,-0.03145428542055715,-0.040660417738769,-0.07748494701161639,0.09973310011396169,-0.14959965017094254,0.2195082586240305,0,11,1,2,0,0,0,0,0,0,0,0,-28,136,28,56,-44,0,35,33,37,36,32,36,124,122,123,122,122,122,-999,-999,-999
4.932306528091431,-0.03759170696603171,0.006904599238658886,-0.07134752546614181,0.11661100936401675,-0.16187449326189168,0.21831527895759553,-0.03145428542055715,-0.040660417738769,-0.07748494701161639,0.09973310011396169,-0.14959965017094254,0.2195082586240305,0,10,0,1,1,0,0,0,0,0,0,0,-28,136,28,56,-44,0,35,33,37,36,32,36,123,122,123,122,122,123,-999,-999,-999
4.948260545730591,-0.03759170696603171,0.006904599238658886,-0.07134752546614181,0.11661100936401675,-0.16187449326189168,0.21831527895759553,-0.03145428542055715,-0.040660417738769,-0.07748494701161639,0.09973310011396169,-0.14959965017094254,0.2195082586240305,0,8,0,1,1,0,0,0,0,0,0,0,-28,136,28,56,-44,0,35,33,37,36,32,36,124,122,123,122,122,122,-999,-999,-999
4.96430516242981,-0.03759170696603171,0.006904599238658886,-0.07134752546614181,0.11661100936401675,-0.16187449326189168,0.21831527895759553,-0.03145428542055715,-0.040660417738769,-0.07748494701161639,0.09973310011396169,-0.14959965017094254,0.2195082586240305,0,7,1,2,1,0,0,0,0,0,0,0,-28,136,28,56,-44,0,35,33,37,36,32,36,124,122,123,122,122,123,-999,-999,-999
4.978710412979126,-0.03759170696603171,0.006904599238658886,-0.07134752546614181,0.11661100936401675,-0.16187449326189168,0.21831527895759553,-0.03145428542055715,-0.040660417738769,-0.07748494701161639,0.09973310011396169,-0.14959965017094254,0.2195082586240305,0,8,1,1,1,0,0,0,0,0,0,0,-28,136,28,56,-44,0,35,33,37,36,32,36,124,122,123,122,122,122,-999,-999,-999
4.997159719467163,-0.03759170696603171,0.006904599238658886,-0.07134752546614181,0.11661100936401675,-0.16187449326189168,0.21831527895759553,-0.03145428542055715,-0.040660417738769,-0.07748494701161639,0.09973310011396169,-0.14959965017094254,0.2195082586240305,0,7,1,1,1,0,0,0,0,0,0,0,-28,136,28,56,-44,0,35,33,37,36,32,36,124,122,123,122,122,123,-999,-999,-999
5.012349605560303,-0.03759170696603171,0.006904599238658886,-0.07134752546614181,0.11661100936401675,-0.16187449326189168,0.21831527895759553,-0.03145428542055715,-0.040660417738769,-0.07748494701161639,0.09973310011396169,-0.14959965017094254,0.2195082586240305,0,10,1,2,1,0,0,0,0,0,0,0,-28,136,28,56,-44,0,35,33,37,36,32,36,124,122,123,122,122,122,-999,-999,-999
5.029191732406616,-0.03759170696603171,0.006904599238658886,-0.07134752546614181,0.11661100936401675,-0.16187449326189168,0.21831527895759553,-0.03145428542055715,-0.040660417738769,-0.07748494701161639,0.09973310011396169,-0.14959965017094254,0.2195082586240305,0,9,1,2,1,0,0,0,0,0,0,0,-28,136,28,56,-44,0,35,33,37,36,32,36,124,122,123,122,122,123,-999,-999,-999
5.0441343784332275,-0.03759170696603171,0.006904599238658886,-0.07134752546614181,0.11661100936401675,-0.16187449326189168,0.21831527895759553,-0.03145428542055715,-0.040660417738769,-0.07748494701161639,0.09973310011396169,-0.14959965017094254,0.2195082586240305,1,8,1,1,1,0,0,0,0,0,0,0,-28,136,28,56,-44,0,35,33,37,36,32,47,124,122,123,122,122,122,-999,-999,-999
5.061312913894653,-0.03759170696603171,0.006904599238658886,-0.07134752546614181,0.11661100936401675,-0.16187449326189168,0.21831527895759553,-0.03145428542055715,-0.040660417738769,-0.07748494701161639,0.09973310011396169,-0.14959965017094254,0.2195082586240305,1,8,0,1,1,0,0,0,0,0,0,0,-28,136,28,56,-44,0,35,33,37,36,32,36,124,122,122,122,122,123,-999,-999,-999
5.076733112335205,-0.03759170696603171,0.006904599238658886,-0.07134752546614181,0.11661100936401675,-0.16187449326189168,0.21831527895759553,-0.03145428542055715,-0.040660417738769,-0.07748494701161639,0.09973310011396169,-0.14959965017094254,0.2195082586240305,0,8,0,2,1,0,0,0,0,0,0,0,-28,136,28,56,-44,0,35,33,37,36,32,36,124,122,123,122,122,122,-999,-999,-999
5.092174053192139,-0.03759170696603171,0.006904599238658886,-0.07134752546614181,0.11661100936401675,-0.16187449326189168,0.21831527895759553,-0.03145428542055715,-0.040660417738769,-0.07748494701161639,0.09973310011396169,-0.15113400555731116,0.2195082586240305,1,9,1,2,1,0,0,0,0,0,0,0,-28,136,28,56,-40,0,35,33,37,36,32,36,124,122,123,122,122,122,-999,-999,-999
5.108738422393799,-0.03759170696603171,0.006904599238658886,-0.07134752546614181,0.11661100936401675,-0.16187449326189168,0.21831527895759553,-0.03145428542055715,-0.040660417738769,-0.07748494701161639,0.09973310011396169,-0.15113400555731116,0.2195082586240305,0,8,1,1,1,0,0,0,0,0,0,0,-28,136,28,56,-36,0,35,33,37,36,32,36,124,122,123,122,122,123,-999,-999,-999
5.125341892242432,-0.03759170696603171,0.006904599238658886,-0.07134752546614181,0.11661100936401675,-0.16187449326189168,0.21831527895759553,-0.03145428542055715,-0.040660417738769,-0.07748494701161639,0.09973310011396169,-0.15113400555731116,0.2195082586240305,1,8,1,2,0,0,0,0,0,0,0,0,-28,136,28,56,-40,0,35,33,37,36,32,36,124,122,123,122,122,123,-999,-999,-999
5.140153646469116,-0.03759170696603171,0.006904599238658886,-0.07134752546614181,0.11661100936401675,-0.16187449326189168,0.21831527895759553,-0.03145428542055715,-0.040660417738769,-0.07748494701161639,0.09973310011396169,-0.15113400555731116,0.2195082586240305,0,9,1,2,1,0,0,0,0,0,0,0,-28,136,28,56,-40,0,35,33,37,36,32,36,124,122,122,122,122,123,-999,-999,-999
5.157236337661743,-0.03759170696603171,0.006904599238658886,-0.07134752546614181,0.11661100936401675,-0.16187449326189168,0.21831527895759553,-0.03145428542055715,-0.040660417738769,-0.07748494701161639,0.09973310011396169,-0.15113400555731116,0.2195082586240305,0,11,1,1,0,0,0,0,0,0,0,0,-28,136,28,56,-40,0,35,33,37,36,32,36,124,122,123,122,122,122,-999,-999,-999
5.17315936088562,-0.03759170696603171,0.006904599238658886,-0.07134752546614181,0.11661100936401675,-0.16187449326189168,0.21831527895759553,-0.03145428542055715,-0.040660417738769,-0.07748494701161639,0.09973310011396169,-0.15113400555731116,0.2195082586240305,0,7,1,2,1,0,0,0,0,0,0,0,-28,136,28,56,-40,0,35,33,37,36,32,36,124,122,123,122,122,122,-999,-999,-999
5.1891889572143555,-0.03759170696603171,0.006904599238658886,-0.07134752546614181,0.11661100936401675,-0.16187449326189168,0.21831527895759553,-0.03145428542055715,-0.040660417738769,-0.07748494701161639,0.09973310011396169,-0.1526683609436798,0.2195082586240305,1,8,1,1,1,0,0,0,0,0,0,0,-28,136,28,56,-36,0,35,33,37,36,32,36,124,122,123,122,122,122,-999,-999,-999
5.205320358276367,-0.03759170696603171,0.006904599238658886,-0.07134752546614181,0.11661100936401675,-0.16187449326189168,0.21831527895759553,-0.03145428542055715,-0.040660417738769,-0.07748494701161639,0.09973310011396169,-0.1526683609436798,0.2195082586240305,0,8,0,1,0,0,0,0,0,0,0,0,-28,136,28,56,-32,0,35,33,37,36,32,36,124,122,123,122,122,122,-999,-999,-999
5.221173286437988,-0.03759170696603171,0.006904599238658886,-0.07134752546614181,0.11661100936401675,-0.16187449326189168,0.21831527895759553,-0.03145428542055715,-0.040660417738769,-0.07748494701161639,0.09973310011396169,-0.1526683609436798,0.2195082586240305,1,9,1,1,1,0,0,0,0,0,0,0,-28,136,28,56,-36,0,35,33,37,36,32,36,124,122,123,122,122,123,-999,-999,-999
5.237196445465088,-0.03759170696603171,0.006904599238658886,-0.07134752546614181,0.11661100936401675,-0.16187449326189168,0.21831527895759553,-0.03145428542055715,-0.040660417738769,-0.07748494701161639,0.09973310011396169,-0.1526683609436798,0.2195082586240305,0,7,1,2,1,0,0,0,0,0,0,0,-28,136,28,56,-36,0,35,33,37,36,32,36,124,122,123,122,122,122,-999,-999,-999
5.252166509628296,-0.03759170696603171,0.006904599238658886,-0.07134752546614181,0.11661100936401675,-0.16187449326189168,0.21831527895759553,-0.03145428542055715,-0.040660417738769,-0.07748494701161639,0.09973310011396169,-0.1526683609436798,0.2195082586240305,0,8,1,1,1,0,0,0,0,0,0,0,-28,136,28,56,-36,0,35,33,37,36,32,36,124,122,123,122,122,122,-999,-999,-999
5.26975417137146,-0.03759170696603171,0.006904599238658886,-0.07134752546614181,0.11661100936401675,-0.16187449326189168,0.21831527895759553,-0.03145428542055715,-0.040660417738769,-0.07748494701161639,0.09973310011396169,-0.1526683609436798,0.2195082586240305,1,8,1,2,0,0,0,0,0,0,0,0,-28,136,28,56,-36,0,35,33,37,36,32,36,124,122,123,122,122,122,-999,-999,-999
5.284799098968506,-0.03759170696603171,0.006904599238658886,-0.07134752546614181,0.11661100936401675,-0.16187449326189168,0.21831527895759553,-0.03145428542055715,-0.040660417738769,-0.07748494701161639,0.09973310011396169,-0.1526683609436798,0.2195082586240305,0,8,0,1,1,0,0,0,0,0,0,0,-28,136,28,56,-36,0,35,33,37,36,32,36,124,122,123,122,122,122,-999,-999,-999
5.3031816482543945,-0.03759170696603171,0.006904599238658886,-0.07134752546614181,0.11661100936401675,-0.16187449326189168,0.21831527895759553,-0.03145428542055715,-0.040660417738769,-0.07748494701161639,0.09973310011396169,-0.1526683609436798,0.2195082586240305,0,9,1,2,1,0,0,0,0,0,0,0,-28,136,28,56,-36,0,35,33,37,36,32,36,124,122,123,122,122,123,-999,-999,-999
5.317179203033447,-0.03759170696603171,0.006904599238658886,-0.07134752546614181,0.11661100936401675,-0.16187449326189168,0.21831527895759553,-0.03145428542055715,-0.040660417738769,-0.07748494701161639,0.09973310011396169,-0.1526683609436798,0.2195082586240305,0,8,0,2,1,0,0,0,0,0,0,0,-28,136,28,56,-36,0,35,33,37,36,32,36,124,122,123,122,122,122,-999,-999,-999
5.3352110385894775,-0.03759170696603171,0.006904599238658886,-0.07134752546614181,0.11661100936401675,-0.16187449326189168,0.21831527895759553,-0.03145428542055715,-0.040660417738769,-0.07748494701161639,0.09973310011396169,-0.1526683609436798,0.2195082586240305,0,10,0,1,1,0,0,0,0,0,0,0,-28,136,28,56,-36,0,35,33,37,36,32,36,124,122,123,122,122,122,-999,-999,-999
5.349762916564941,-0.03759170696603171,0.006904599238658886,-0.07134752546614181,0.11661100936401675,-0.16187449326189168,0.21831527895759553,-0.03145428542055715,-0.040660417738769,-0.07748494701161639,0.09973310011396169,-0.1526683609436798,0.2195082586240305,1,10,0,1,1,0,0,0,0,0,0,0,-28,136,28,56,-36,0,35,33,37,36,32,36,124,122,123,122,122,123,-999,-999,-999
5.3662378787994385,-0.03759170696603171,0.006904599238658886,-0.07134752546614181,0.11661100936401675,-0.16187449326189168,0.21831527895759553,-0.03145428542055715,-0.040660417738769,-0.07748494701161639,0.09973310011396169,-0.1526683609436798,0.2195082586240305,1,9,1,2,1,0,0,0,0,0,0,0,-28,136,28,56,-36,0,35,33,37,36,32,36,124,122,123,122,122,123,-999,-999,-999
5.383216381072998,-0.03759170696603171,0.006904599238658886,-0.07134752546614181,0.11661100936401675,-0.16187449326189168,0.21831527895759553,-0.03145428542055715,-0.040660417738769,-0.07748494701161639,0.09973310011396169,-0.1526683609436798,0.2195082586240305,0,8,1,1,1,0,0,0,0,0,0,0,-28,136,28,56,-36,0,35,33,37,36,32,36,124,122,123,122,122,122,-999,-999,-999
5.3983800411224365,-0.03759170696603171,0.006904599238658886,-0.07134752546614181,0.11661100936401675,-0.16187449326189168,0.21831527895759553,-0.03145428542055715,-0.040660417738769,-0.07748494701161639,0.09973310011396169,-0.1526683609436798,0.2195082586240305,1,11,1,2,0,0,0,0,0,0,0,0,-28,136,28,56,-36,0,35,33,37,36,32,36,124,122,123,122,122,122,-999,-999,-999
5.412775754928589,-0.03759170696603171,0.006904599238658886,-0.07134752546614181,0.11661100936401675,-0.16187449326189168,0.21831527895759553,-0.03145428542055715,-0.040660417738769,-0.07748494701161639,0.09973310011396169,-0.1526683609436798,0.2195082586240305,0,8,1,1,1,0,0,0,0,0,0,0,-28,136,28,56,-36,0,35,33,37,36,32,36,124,122,123,122,122,123,-999,-999,-999
5.430211782455444,-0.03759170696603171,0.006904599238658886,-0.07134752546614181,0.11661100936401675,-0.16187449326189168,0.21831527895759553,-0.03145428542055715,-0.040660417738769,-0.07748494701161639,0.09973310011396169,-0.1526683609436798,0.2195082586240305,0,8,0,2,1,0,0,0,0,0,0,0,-28,136,28,56,-36,0,35,33,37,36,32,36,124,122,123,122,122,123,-999,-999,-999
5.446193695068359,-0.03759170696603171,0.006904599238658886,-0.07134752546614181,0.11661100936401675,-0.16187449326189168,0.21831527895759553,-0.03145428542055715,-0.040660417738769,-0.07748494701161639,0.09973310011396169,-0.1526683609436798,0.2195082586240305,0,8,1,2,1,0,0,0,0,0,0,0,-28,136,28,56,-36,0,35,33,37,36,32,36,124,122,123,122,122,123,-999,-999,-999
5.461385488510132,-0.03759170696603171,0.006904599238658886,-0.07134752546614181,0.11661100936401675,-0.16187449326189168,0.21831527895759553,-0.03145428542055715,-0.040660417738769,-0.07748494701161639,0.09973310011396169,-0.1526683609436798,0.2195082586240305,0,8,0,2,1,0,0,0,0,0,0,0,-28,136,28,56,-36,0,35,33,37,36,32,36,124,122,123,122,122,123,-999,-999,-999
5.478230714797974,-0.03759170696603171,0.006904599238658886,-0.07134752546614181,0.11661100936401675,-0.16187449326189168,0.21831527895759553,-0.03145428542055715,-0.040660417738769,-0.07748494701161639,0.09973310011396169,-0.1526683609436798,0.2195082586240305,0,8,0,2,1,0,0,0,0,0,0,0,-28,136,28,56,-36,0,35,33,37,36,32,36,124,122,123,122,122,123,-999,-999,-999
5.494381904602051,-0.03759170696603171,0.006904599238658886,-0.07134752546614181,0.11661100936401675,-0.16187449326189168,0.21831527895759553,-0.03145428542055715,-0.040660417738769,-0.07748494701161639,0.09973310011396169,-0.1526683609436798,0.2195082586240305,0,8,1,1,0,0,0,0,0,0,0,0,-28,136,28,56,-36,0,35,33,37,36,32,36,124,122,123,122,122,123,-999,-999,-999
5.51024317741394,-0.03759170696603171,0.006904599238658886,-0.07134752546614181,0.11661100936401675,-0.16187449326189168,0.21831527895759553,-0.03145428542055715,-0.040660417738769,-0.07748494701161639,0.09973310011396169,-0.1526683609436798,0.2195082586240305,1,8,0,2,1,0,0,0,0,0,0,0,-28,136,28,56,-36,0,35,33,37,36,32,36,124,122,123,122,122,122,-999,-999,-999
5.526231288909912,-0.03759170696603171,0.006904599238658886,-0.07134752546614181,0.11661100936401675,-0.16187449326189168,0.21831527895759553,-0.03145428542055715,-0.040660417738769,-0.07748494701161639,0.09973310011396169,-0.1526683609436798,0.2195082586240305,0,8,0,0,0,0,0,0,0,0,0,0,-28,136,28,56,-36,0,35,33,37,36,32,36,124,122,123,122,122,122,-999,-999,-999
5.543212652206421,-0.03759170696603171,0.006904599238658886,-0.07134752546614181,0.11661100936401675,-0.16187449326189168,0.21831527895759553,-0.03145428542055715,-0.040660417738769,-0.07748494701161639,0.09973310011396169,-0.1526683609436798,0.2195082586240305,0,8,1,1,1,0,0,0,0,0,0,0,-28,136,28,56,-36,0,35,33,37,36,32,36,124,122,123,122,122,122,-999,-999,-999
5.5592405796051025,-0.03759170696603171,0.006904599238658886,-0.07134752546614181,0.11661100936401675,-0.16187449326189168,0.21831527895759553,-0.03145428542055715,-0.040660417738769,-0.07748494701161639,0.09973310011396169,-0.1526683609436798,0.2195082586240305,0,8,0,2,1,0,0,0,0,0,0,0,-28,136,28,56,-36,0,35,33,37,36,32,36,124,121,123,122,122,122,-999,-999,-999
5.5743772983551025,-0.03759170696603171,0.006904599238658886,-0.07134752546614181,0.11661100936401675,-0.16187449326189168,0.21831527895759553,-0.03145428542055715,-0.040660417738769,-0.07748494701161639,0.09973310011396169,-0.1526683609436798,0.2195082586240305,0,9,0,2,1,0,0,0,0,0,0,0,-28,136,28,56,-36,0,35,33,37,36,32,36,124,122,123,122,122,122,-999,-999,-999
5.590243339538574,-0.03759170696603171,0.006904599238658886,-0.07134752546614181,0.11661100936401675,-0.16187449326189168,0.21831527895759553,-0.03145428542055715,-0.040660417738769,-0.07748494701161639,0.09973310011396169,-0.1526683609436798,0.2195082586240305,0,8,1,2,1,0,0,0,0,0,0,0,-28,136,28,56,-36,0,35,33,37,36,32,36,124,122,123,122,122,122,-999,-999,-999
5.607392072677612,-0.03759170696603171,0.006904599238658886,-0.07134752546614181,0.11661100936401675,-0.16187449326189168,0.21831527895759553,-0.03145428542055715,-0.040660417738769,-0.07748494701161639,0.09973310011396169,-0.1526683609436798,0.2195082586240305,1,7,1,2,1,0,0,0,0,0,0,0,-28,136,28,56,-36,0,35,33,37,36,32,36,124,122,123,122,122,123,-999,-999,-999
5.623257875442505,-0.03759170696603171,0.006904599238658886,-0.07134752546614181,0.11661100936401675,-0.16187449326189168,0.21831527895759553,-0.03145428542055715,-0.040660417738769,-0.07748494701161639,0.09973310011396169,-0.1526683609436798,0.2195082586240305,1,8,1,2,0,0,0,0,0,0,0,0,-28,136,28,56,-36,0,35,33,37,36,32,36,124,122,123,122,122,123,-999,-999,-999
5.639254808425903,-0.03759170696603171,0.006904599238658886,-0.07134752546614181,0.11661100936401675,-0.16187449326189168,0.21831527895759553,-0.03145428542055715,-0.040660417738769,-0.07748494701161639,0.09973310011396169,-0.1526683609436798,0.2195082586240305,0,9,0,1,1,0,0,0,0,0,0,0,-28,136,28,56,-36,0,35,33,37,36,32,36,124,122,123,122,122,122,-999,-999,-999
5.654297351837158,-0.03759170696603171,0.006904599238658886,-0.07134752546614181,0.11661100936401675,-0.16187449326189168,0.21831527895759553,-0.03145428542055715,-0.040660417738769,-0.07748494701161639,0.09973310011396169,-0.1526683609436798,0.2195082586240305,1,8,1,2,0,0,0,0,0,0,0,0,-28,136,28,56,-36,0,35,33,37,36,32,36,124,122,123,122,122,122,-999,-999,-999
5.670816898345947,-0.03759170696603171,0.006904599238658886,-0.07134752546614181,0.11661100936401675,-0.16187449326189168,0.21831527895759553,-0.03145428542055715,-0.040660417738769,-0.07748494701161639,0.09973310011396169,-0.1526683609436798,0.2195082586240305,0,9,1,2,1,0,0,0,0,0,0,0,-28,136,28,56,-36,0,35,33,37,36,32,36,124,122,122,122,122,122,-999,-999,-999
5.685814380645752,-0.03759170696603171,0.006904599238658886,-0.07134752546614181,0.11661100936401675,-0.16187449326189168,0.21831527895759553,-0.03145428542055715,-0.040660417738769,-0.07748494701161639,0.10126745550033033,-0.1526683609436798,0.2195082586240305,0,8,1,2,1,0,0,0,0,0,0,0,-28,136,28,56,-36,0,35,33,37,36,32,36,124,122,123,122,122,122,-999,-999,-999
5.703270673751831,-0.03759170696603171,0.006904599238658886,-0.07134752546614181,0.11661100936401675,-0.16187449326189168,0.21831527895759553,-0.03145428542055715,-0.040660417738769,-0.07748494701161639,0.10126745550033033,-0.1526683609436798,0.2195082586240305,1,8,1,1,0,0,0,0,0,0,0,0,-28,136,28,52,-36,0,35,33,37,36,32,36,124,122,123,122,122,122,-999,-999,-999
5.71939754486084,-0.03759170696603171,0.006904599238658886,-0.07134752546614181,0.11661100936401675,-0.16187449326189168,0.21831527895759553,-0.03145428542055715,-0.040660417738769,-0.07748494701161639,0.10126745550033033,-0.1526683609436798,0.2195082586240305,0,8,0,1,1,0,0,0,0,0,0,0,-28,136,28,48,-36,0,35,33,37,36,32,36,124,122,123,122,122,122,-999,-999,-999
5.735262393951416,-0.03759170696603171,0.006904599238658886,-0.07134752546614181,0.11661100936401675,-0.16187449326189168,0.21831527895759553,-0.03145428542055715,-0.040660417738769,-0.07748494701161639,0.10126745550033033,-0.1526683609436798,0.2195082586240305,1,7,0,1,1,0,0,0,0,0,0,0,-28,136,28,52,-36,0,35,33,37,36,32,36,124,122,123,122,122,123,-999,-999,-999
5.750826835632324,-0.03759170696603171,0.006904599238658886,-0.07134752546614181,0.11661100936401675,-0.16187449326189168,0.21831527895759553,-0.03145428542055715,-0.040660417738769,-0.07748494701161639,0.10126745550033033,-0.1526683609436798,0.2195082586240305,1,9,0,2,1,0,0,0,0,0,0,0,-28,136,28,52,-36,0,35,33,37,36,32,36,124,122,123,122,122,123,-999,-999,-999
5.767848253250122,-0.03759170696603171,0.006904599238658886,-0.07134752546614181,0.11661100936401675,-0.16187449326189168,0.21831527895759553,-0.03145428542055715,-0.040660417738769,-0.07748494701161639,0.10126745550033033,-0.1526683609436798,0.2195082586240305,0,8,1,2,0,0,0,0,0,0,0,0,-28,136,28,52,-36,0,35,33,37,36,32,35,124,122,123,122,122,122,-999,-999,-999
5.782245397567749,-0.03759170696603171,0.006904599238658886,-0.07134752546614181,0.11661100936401675,-0.16187449326189168,0.21831527895759553,-0.03145428542055715,-0.040660417738769,-0.07748494701161639,0.10126745550033033,-0.15420271633004848,0.2195082586240305,0,8,1,2,0,0,0,0,0,0,0,0,-28,136,28,52,-32,0,35,33,37,36,32,36,124,122,122,122,122,123,-999,-999,-999
5.800267696380615,-0.03759170696603171,0.006904599238658886,-0.07134752546614181,0.11661100936401675,-0.16187449326189168,0.21831527895759553,-0.03145428542055715,-0.040660417738769,-0.07748494701161639,0.10126745550033033,-0.15420271633004848,0.2195082586240305,1,10,0,2,1,0,0,0,0,0,0,0,-28,136,28,52,-28,0,35,33,37,36,32,36,124,122,123,122,122,123,-999,-999,-999
5.814839601516724,-0.03759170696603171,0.006904599238658886,-0.07134752546614181,0.11661100936401675,-0.16187449326189168,0.21831527895759553,-0.03298864080692579,-0.040660417738769,-0.07748494701161639,0.10126745550033033,-0.15420271633004848,0.2195082586240305,0,8,1,2,1,0,0,0,0,0,0,0,-24,136,28,52,-28,0,35,33,37,36,32,36,124,122,123,122,122,122,-999,-999,-999
5.832284212112427,-0.03759170696603171,0.006904599238658886,-0.07134752546614181,0.11661100936401675,-0.16187449326189168,0.21831527895759553,-0.03298864080692579,-0.040660417738769,-0.07748494701161639,0.10126745550033033,-0.15420271633004848,0.2195082586240305,0,8,0,1,1,0,0,0,0,0,0,0,-20,136,28,52,-32,0,35,33,37,36,32,36,124,122,123,122,122,123,-999,-999,-999
5.847839593887329,-0.03759170696603171,0.006904599238658886,-0.07134752546614181,0.11661100936401675,-0.16187449326189168,0.21831527895759553,-0.03298864080692579,-0.040660417738769,-0.07748494701161639,0.10126745550033033,-0.15420271633004848,0.2195082586240305,0,8,1,2,1,0,0,0,0,0,0,0,-24,136,28,52,-32,0,35,33,37,36,32,36,124,122,123,122,122,123,-999,-999,-999
5.864441633224487,-0.03759170696603171,0.006904599238658886,-0.07134752546614181,0.11661100936401675,-0.16187449326189168,0.21831527895759553,-0.03298864080692579,-0.040660417738769,-0.07748494701161639,0.10126745550033033,-0.15420271633004848,0.2195082586240305,1,7,1,1,0,0,0,0,0,0,0,0,-24,136,28,52,-32,0,35,33,37,36,32,36,124,121,123,122,122,123,-999,-999,-999
5.878843307495117,-0.03759170696603171,0.006904599238658886,-0.07134752546614181,0.11661100936401675,-0.16187449326189168,0.21831527895759553,-0.03298864080692579,-0.040660417738769,-0.07748494701161639,0.10126745550033033,-0.15420271633004848,0.2195082586240305,0,9,1,1,1,0,0,0,0,0,0,0,-24,136,28,52,-32,0,35,33,37,36,32,36,124,122,123,122,122,122,-999,-999,-999
5.897318124771118,-0.03759170696603171,0.006904599238658886,-0.07134752546614181,0.11661100936401675,-0.16187449326189168,0.21831527895759553,-0.03298864080692579,-0.040660417738769,-0.07748494701161639,0.10126745550033033,-0.15420271633004848,0.2195082586240305,1,10,1,2,1,0,0,0,0,0,0,0,-24,136,28,52,-32,0,35,33,37,36,32,36,124,122,123,122,122,123,-999,-999,-999
5.912265777587891,-0.03759170696603171,0.006904599238658886,-0.07134752546614181,0.11661100936401675,-0.16187449326189168,0.21831527895759553,-0.03298864080692579,-0.040660417738769,-0.07748494701161639,0.10126745550033033,-0.15420271633004848,0.2195082586240305,1,7,1,1,1,0,0,0,0,0,0,0,-24,136,28,52,-32,0,35,33,37,36,32,36,124,122,123,122,122,122,-999,-999,-999
5.928455114364624,-0.03759170696603171,0.006904599238658886,-0.07134752546614181,0.11661100936401675,-0.16187449326189168,0.21831527895759553,-0.03298864080692579,-0.040660417738769,-0.07748494701161639,0.10126745550033033,-0.15420271633004848,0.2195082586240305,0,8,1,1,1,0,0,0,0,0,0,0,-24,136,28,52,-32,0,35,33,37,36,32,36,124,122,123,122,122,122,-999,-999,-999
5.943855047225952,-0.03759170696603171,0.006904599238658886,-0.07134752546614181,0.11661100936401675,-0.16187449326189168,0.21831527895759553,-0.03298864080692579,-0.040660417738769,-0.07748494701161639,0.10126745550033033,-0.15420271633004848,0.2195082586240305,0,10,1,2,1,0,0,0,0,0,0,0,-24,136,28,52,-32,0,35,32,37,36,32,36,124,122,123,122,122,123,-999,-999,-999
5.96045994758606,-0.03759170696603171,0.006904599238658886,-0.07134752546614181,0.11661100936401675,-0.16187449326189168,0.21831527895759553,-0.03298864080692579,-0.040660417738769,-0.07748494701161639,0.10126745550033033,-0.15420271633004848,0.2195082586240305,1,8,1,1,0,0,0,0,0,0,0,0,-24,136,28,52,-32,0,35,33,37,36,32,36,123,122,123,122,122,123,-999,-999,-999
5.975863933563232,-0.03759170696603171,0.006904599238658886,-0.07134752546614181,0.11661100936401675,-0.16187449326189168,0.21831527895759553,-0.03298864080692579,-0.040660417738769,-0.07748494701161639,0.10126745550033033,-0.15420271633004848,0.2195082586240305,0,10,0,2,1,0,0,0,0,0,0,0,-24,136,28,52,-32,0,35,33,37,36,32,36,124,122,123,122,122,123,-999,-999,-999
5.991933584213257,-0.03759170696603171,0.006904599238658886,-0.07134752546614181,0.11661100936401675,-0.16187449326189168,0.21831527895759553,-0.03298864080692579,-0.040660417738769,-0.07748494701161639,0.10126745550033033,-0.15420271633004848,0.2195082586240305,0,9,0,1,1,0,0,0,0,0,0,0,-24,136,28,52,-32,0,35,33,37,36,32,36,124,122,123,122,122,122,-999,-999,-999
6.008289337158203,-0.03759170696603171,0.006904599238658886,-0.07134752546614181,0.11661100936401675,-0.16187449326189168,0.21831527895759553,-0.03298864080692579,-0.040660417738769,-0.07748494701161639,0.10126745550033033,-0.15420271633004848,0.2195082586240305,1,8,1,1,1,0,0,0,0,0,0,0,-24,136,28,52,-32,0,35,33,37,36,32,36,124,122,123,122,122,122,-999,-999,-999
6.024475574493408,-0.03759170696603171,0.006904599238658886,-0.07134752546614181,0.11661100936401675,-0.16187449326189168,0.21831527895759553,-0.03298864080692579,-0.040660417738769,-0.07748494701161639,0.10126745550033033,-0.15420271633004848,0.2195082586240305,0,8,0,1,0,0,0,0,0,0,0,0,-24,136,28,52,-32,0,35,33,37,36,32,36,124,122,123,122,122,122,-999,-999,-999
6.040452480316162,-0.03759170696603171,0.006904599238658886,-0.07134752546614181,0.11661100936401675,-0.16187449326189168,0.21831527895759553,-0.03298864080692579,-0.040660417738769,-0.07748494701161639,0.10126745550033033,-0.15420271633004848,0.2195082586240305,0,10,1,1,0,0,0,0,0,0,0,0,-24,136,28,52,-32,0,35,33,37,36,32,36,124,122,123,122,122,123,-999,-999,-999
6.055896520614624,-0.03759170696603171,0.006904599238658886,-0.07134752546614181,0.11661100936401675,-0.16187449326189168,0.21831527895759553,-0.03298864080692579,-0.040660417738769,-0.07748494701161639,0.10126745550033033,-0.15420271633004848,0.2195082586240305,0,7,0,1,1,0,0,0,0,0,0,0,-24,136,28,52,-32,0,35,33,37,36,32,36,124,122,123,122,122,123,-999,-999,-999
6.072293043136597,-0.03759170696603171,0.006904599238658886,-0.07134752546614181,0.11661100936401675,-0.16187449326189168,0.21831527895759553,-0.03298864080692579,-0.040660417738769,-0.07748494701161639,0.10126745550033033,-0.15420271633004848,0.2195082586240305,0,8,0,1,0,0,0,0,0,0,0,0,-24,136,28,52,-32,0,35,33,37,36,32,36,124,122,123,122,122,122,-999,-999,-999
6.089291572570801,-0.03759170696603171,0.006904599238658886,-0.07134752546614181,0.11661100936401675,-0.16187449326189168,0.21831527895759553,-0.03298864080692579,-0.040660417738769,-0.07748494701161639,0.10126745550033033,-0.15420271633004848,0.2195082586240305,0,8,1,1,1,0,0,0,0,0,0,0,-24,136,28,52,-32,0,35,33,37,36,32,36,124,122,123,122,122,122,-999,-999,-999
6.104455947875977,-0.03759170696603171,0.006904599238658886,-0.07134752546614181,0.11661100936401675,-0.16187449326189168,0.21831527895759553,-0.03298864080692579,-0.040660417738769,-0.07748494701161639,0.10126745550033033,-0.15420271633004848,0.2195082586240305,0,8,0,2,0,0,0,0,0,0,0,0,-24,136,28,52,-32,0,35,33,37,36,32,36,124,122,123,122,122,123,-999,-999,-999
6.120296478271484,-0.03759170696603171,0.006904599238658886,-0.07134752546614181,0.11661100936401675,-0.16187449326189168,0.21831527895759553,-0.03298864080692579,-0.040660417738769,-0.07748494701161639,0.10126745550033033,-0.15420271633004848,0.2195082586240305,1,9,1,1,1,0,0,0,0,0,0,0,-24,136,28,52,-32,0,35,33,37,36,32,36,124,122,123,122,122,123,-999,-999,-999
6.13746190071106,-0.03759170696603171,0.006904599238658886,-0.07134752546614181,0.11661100936401675,-0.16187449326189168,0.21831527895759553,-0.03298864080692579,-0.040660417738769,-0.07748494701161639,0.10126745550033033,-0.15420271633004848,0.2195082586240305,0,10,0,2,1,0,0,0,0,0,0,0,-24,136,28,52,-32,0,35,33,37,36,32,36,124,122,123,122,122,122,-999,-999,-999
6.1524388790130615,-0.03759170696603171,0.006904599238658886,-0.07134752546614181,0.11661100936401675,-0.16187449326189168,0.21831527895759553,-0.03298864080692579,-0.040660417738769,-0.07748494701161639,0.10126745550033033,-0.15420271633004848,0.2195082586240305,0,9,1,1,1,0,0,0,0,0,0,0,-24,136,28,52,-32,0,35,33,37,37,32,36,124,122,123,122,122,123,-999,-999,-999
6.170330047607422,-0.03759170696603171,0.006904599238658886,-0.07134752546614181,0.11661100936401675,-0.16187449326189168,0.21831527895759553,-0.03298864080692579,-0.040660417738769,-0.07748494701161639,0.10126745550033033,-0.15420271633004848,0.2195082586240305,0,8,0,1,1,0,0,0,0,0,0,0,-24,136,28,52,-32,0,35,33,39,36,32,36,124,122,123,122,122,123,-999,-999,-999
6.185313940048218,-0.03759170696603171,0.006904599238658886,-0.07134752546614181,0.11661100936401675,-0.16187449326189168,0.21831527895759553,-0.03298864080692579,-0.040660417738769,-0.07748494701161639,0.10280181088669897,-0.15420271633004848,0.2195082586240305,0,7,1,2,1,0,0,0,0,0,0,0,-24,136,28,52,-32,0,35,33,37,36,32,36,124,122,123,122,122,123,-999,-999,-999
6.201350927352905,-0.03759170696603171,0.006904599238658886,-0.07134752546614181,0.11661100936401675,-0.16187449326189168,0.21831527895759553,-0.03298864080692579,-0.040660417738769,-0.07748494701161639,0.10280181088669897,-0.15420271633004848,0.2195082586240305,0,8,0,1,0,0,0,0,0,0,0,0,-24,136,28,48,-32,0,35,33,37,36,32,36,124,122,123,122,122,123,-999,-999,-999
6.215306043624878,-0.03759170696603171,0.006904599238658886,-0.07134752546614181,0.11661100936401675,-0.16187449326189168,0.21831527895759553,-0.03298864080692579,-0.040660417738769,-0.07748494701161639,0.10280181088669897,-0.15420271633004848,0.2195082586240305,1,7,0,1,1,0,0,0,0,0,0,0,-24,136,28,44,-32,0,35,33,37,36,32,36,124,122,123,122,122,122,-999,-999,-999
6.233504295349121,-0.03759170696603171,0.006904599238658886,-0.07134752546614181,0.11661100936401675,-0.16187449326189168,0.21831527895759553,-0.03298864080692579,-0.040660417738769,-0.07748494701161639,0.10280181088669897,-0.15420271633004848,0.2195082586240305,1,8,1,1,1,0,0,0,0,0,0,0,-24,136,28,48,-32,0,35,33,37,36,32,36,124,122,123,122,122,123,-999,-999,-999
6.249319314956665,-0.03759170696603171,0.006904599238658886,-0.07134752546614181,0.11661100936401675,-0.16187449326189168,0.21831527895759553,-0.03298864080692579,-0.040660417738769,-0.07748494701161639,0.10280181088669897,-0.15420271633004848,0.2195082586240305,0,8,1,1,1,0,0,0,0,0,0,0,-24,136,28,48,-32,0,35,33,37,36,32,36,124,122,123,122,122,123,-999,-999,-999
6.265918254852295,-0.03759170696603171,0.006904599238658886,-0.07134752546614181,0.11661100936401675,-0.16187449326189168,0.21831527895759553,-0.03298864080692579,-0.040660417738769,-0.07748494701161639,0.10280181088669897,-0.15420271633004848,0.2195082586240305,0,8,1,1,1,0,0,0,0,0,0,0,-24,136,28,48,-32,0,35,33,37,36,32,36,123,122,123,122,122,123,-999,-999,-999
6.282320499420166,-0.03759170696603171,0.006904599238658886,-0.07134752546614181,0.11661100936401675,-0.16187449326189168,0.21831527895759553,-0.03298864080692579,-0.039126062352400355,-0.07748494701161639,0.10433616627306762,-0.15420271633004848,0.2195082586240305,0,8,1,1,1,0,0,0,0,0,0,0,-24,136,28,48,-32,0,35,33,37,36,32,36,124,122,123,122,122,123,-999,-999,-999
6.297489643096924,-0.03759170696603171,0.006904599238658886,-0.07134752546614181,0.11661100936401675,-0.16187449326189168,0.21831527895759553,-0.03298864080692579,-0.039126062352400355,-0.07748494701161639,0.10433616627306762,-0.15420271633004848,0.2195082586240305,0,7,0,1,1,0,0,0,0,0,0,0,-24,128,28,40,-32,0,35,33,37,36,32,36,124,122,123,122,122,122,-999,-999,-999
6.312486886978149,-0.03759170696603171,0.006904599238658886,-0.07134752546614181,0.11661100936401675,-0.16187449326189168,0.21831527895759553,-0.03298864080692579,-0.039126062352400355,-0.07748494701161639,0.10433616627306762,-0.15420271633004848,0.2195082586240305,0,7,1,1,1,0,0,0,0,0,0,0,-24,132,28,44,-32,0,35,33,37,36,32,36,124,122,123,122,122,123,-999,-999,-999
6.328372001647949,-0.03759170696603171,0.006904599238658886,-0.07134752546614181,0.11661100936401675,-0.16187449326189168,0.21831527895759553,-0.03298864080692579,-0.039126062352400355,-0.07748494701161639,0.10433616627306762,-0.15420271633004848,0.2195082586240305,1,8,1,1,0,0,0,0,0,0,0,0,-24,132,28,44,-32,0,35,33,37,36,32,36,124,122,123,122,122,123,-999,-999,-999
6.345396995544434,-0.03759170696603171,0.006904599238658886,-0.07134752546614181,0.11661100936401675,-0.16187449326189168,0.21831527895759553,-0.03452299619329443,-0.039126062352400355,-0.07748494701161639,0.10587052165943625,-0.15420271633004848,0.2195082586240305,0,7,0,1,1,0,0,0,0,0,0,0,-20,132,28,44,-32,0,35,33,37,36,32,36,124,122,123,122,122,122,-999,-999,-999
6.36137580871582,-0.03759170696603171,0.006904599238658886,-0.07134752546614181,0.11661100936401675,-0.16187449326189168,0.21831527895759553,-0.03452299619329443,-0.039126062352400355,-0.07748494701161639,0.10587052165943625,-0.15420271633004848,0.2195082586240305,0,8,1,1,0,0,0,0,0,0,0,0,0,132,28,40,-32,0,35,33,37,36,32,36,124,122,123,122,122,123,-999,-999,-999
6.375920057296753,-0.03759170696603171,0.006904599238658886,-0.07134752546614181,0.11661100936401675,-0.16187449326189168,0.21831527895759553,-0.03452299619329443,-0.039126062352400355,-0.07748494701161639,0.10587052165943625,-0.15420271633004848,0.2195082586240305,0,11,1,1,1,0,0,0,0,0,0,0,0,132,28,36,-32,0,35,33,37,36,32,36,124,122,123,122,122,123,-999,-999,-999
6.393934011459351,-0.03759170696603171,0.006904599238658886,-0.07134752546614181,0.11661100936401675,-0.16187449326189168,0.21831527895759553,-0.03452299619329443,-0.039126062352400355,-0.07748494701161639,0.10587052165943625,-0.15420271633004848,0.2195082586240305,0,8,0,1,0,0,0,0,0,0,0,0,-20,132,28,40,-32,0,35,33,37,36,32,36,124,122,123,122,122,123,-999,-999,-999
6.4103429317474365,-0.03759170696603171,0.006904599238658886,-0.07134752546614181,0.11661100936401675,-0.16187449326189168,0.21831527895759553,-0.03452299619329443,-0.039126062352400355,-0.07748494701161639,0.1074048770458049,-0.15420271633004848,0.2195082586240305,0,8,0,0,0,0,0,0,0,0,0,0,-20,132,28,40,-32,0,35,33,37,36,32,36,124,122,123,122,122,123,-999,-999,-999
6.4263670444488525,-0.03759170696603171,0.006904599238658886,-0.07134752546614181,0.11661100936401675,-0.16187449326189168,0.21831527895759553,-0.03452299619329443,-0.039126062352400355,-0.07748494701161639,0.1074048770458049,-0.15420271633004848,0.2195082586240305,0,8,0,1,1,0,0,0,0,0,0,0,-20,132,28,36,-32,0,35,33,37,36,32,36,124,122,123,122,122,122,-999,-999,-999
6.443339586257935,-0.03759170696603171,0.006904599238658886,-0.07134752546614181,0.11661100936401675,-0.16187449326189168,0.21831527895759553,-0.036057351579663076,-0.039126062352400355,-0.07748494701161639,0.11200794320491082,-0.15420271633004848,0.2195082586240305,0,8,1,1,1,0,0,0,0,0,0,0,0,132,28,32,-32,0,35,33,37,36,32,36,124,122,123,122,122,123,-999,-999,-999
6.4583740234375,-0.03759170696603171,0.006904599238658886,-0.07134752546614181,0.11661100936401675,-0.16187449326189168,0.21831527895759553,-0.036057351579663076,-0.039126062352400355,-0.07748494701161639,0.11661100936401675,-0.15420271633004848,0.2195082586240305,0,7,1,0,1,0,0,0,0,0,0,0,20,132,28,20,-32,0,35,33,37,36,32,36,124,122,122,122,122,122,-999,-999,-999
6.475351810455322,-0.03759170696603171,0.006904599238658886,-0.07134752546614181,0.11814536475038538,-0.16187449326189168,0.21831527895759553,-0.036057351579663076,-0.039126062352400355,-0.07748494701161639,0.12428278629585994,-0.15420271633004848,0.2195082586240305,0,7,1,0,0,0,0,0,0,0,0,0,20,132,28,-32,-32,0,35,33,37,36,32,36,124,122,123,122,122,123,-999,-999,-999
6.489949703216553,-0.03759170696603171,0.006904599238658886,-0.07134752546614181,0.11814536475038538,-0.16187449326189168,0.21831527895759553,-0.036057351579663076,-0.039126062352400355,-0.07748494701161639,0.13195456322770316,-0.1526683609436798,0.2195082586240305,0,7,0,1,1,0,0,0,0,50,0,0,0,132,28,-36,-32,0,35,33,37,36,32,36,124,122,123,122,122,122,-999,-999,-999
6.50638222694397,-0.03759170696603171,0.006904599238658886,-0.07134752546614181,0.12121407552312267,-0.16187449326189168,0.21831527895759553,-0.036057351579663076,-0.039126062352400355,-0.07748494701161639,0.141160695545915,-0.15113400555731116,0.2195082586240305,0,8,0,2,1,0,0,0,0,50,0,0,0,132,28,-52,-36,0,35,33,37,36,32,36,124,122,123,122,122,122,-999,-999,-999
6.522363901138306,-0.03759170696603171,0.006904599238658886,-0.07134752546614181,0.1258171416822286,-0.16187449326189168,0.21831527895759553,-0.036057351579663076,-0.039126062352400355,-0.07748494701161639,0.15036682786412683,-0.15113400555731116,0.2195082586240305,0,7,0,1,1,0,0,0,0,50,0,0,0,132,28,-80,-48,0,35,33,37,36,32,36,124,122,123,122,122,122,-999,-999,-999
6.538570404052734,-0.03759170696603171,0.006904599238658886,-0.07134752546614181,0.13195456322770316,-0.16187449326189168,0.21831527895759553,-0.036057351579663076,-0.039126062352400355,-0.07748494701161639,0.15957296018233869,-0.15113400555731116,0.2195082586240305,0,9,1,1,1,0,0,0,0,150,0,0,0,132,28,-76,-40,0,35,33,37,36,32,36,124,122,123,122,122,123,-999,-999,-999
6.554463863372803,-0.03759170696603171,0.006904599238658886,-0.07134752546614181,0.13655762938680907,-0.16187449326189168,0.21831527895759553,-0.036057351579663076,-0.039126062352400355,-0.07748494701161639,0.16877909250055054,-0.15113400555731116,0.2195082586240305,0,7,0,1,1,0,0,0,0,200,0,0,0,132,28,-88,-40,0,35,33,37,36,32,36,124,123,123,122,122,123,-999,-999,-999
6.570572137832642,-0.03759170696603171,0.006904599238658886,-0.07134752546614181,0.1442294063186523,-0.16187449326189168,0.21831527895759553,-0.036057351579663076,-0.039126062352400355,-0.07748494701161639,0.17951958020513106,-0.15113400555731116,0.2195082586240305,0,9,1,1,1,0,0,0,0,250,0,0,0,132,28,-92,-40,0,35,33,37,36,32,36,124,122,123,122,122,123,-999,-999,-999
6.586562156677246,-0.03759170696603171,0.006904599238658886,-0.07134752546614181,0.15036682786412683,-0.16187449326189168,0.21831527895759553,-0.036057351579663076,-0.039126062352400355,-0.07748494701161639,0.18719135713697424,-0.14959965017094254,0.2195082586240305,0,7,0,1,1,0,0,0,0,300,0,0,0,132,28,-104,-40,0,35,33,37,36,32,36,124,122,123,122,122,122,-999,-999,-999
6.603394985198975,-0.03759170696603171,0.006904599238658886,-0.07134752546614181,0.15803860479597007,-0.16187449326189168,0.21831527895759553,-0.036057351579663076,-0.039126062352400355,-0.07748494701161639,0.19486313406881745,-0.14959965017094254,0.2195082586240305,0,7,1,0,1,0,0,0,0,300,0,0,0,132,28,-104,-48,0,35,33,37,37,32,36,124,122,123,122,122,122,-999,-999,-999
6.618389368057251,-0.03759170696603171,0.006904599238658886,-0.07134752546614181,0.1672447371141819,-0.16187449326189168,0.21831527895759553,-0.036057351579663076,-0.039126062352400355,-0.07748494701161639,0.20253491100066065,-0.14959965017094254,0.2195082586240305,0,7,1,1,1,0,0,0,0,300,0,0,0,132,28,-100,-44,0,35,33,37,57,32,36,124,122,123,122,122,123,-999,-999,-999
6.634583473205566,-0.03759170696603171,0.006904599238658886,-0.07134752546614181,0.17491651404602512,-0.16187449326189168,0.21831527895759553,-0.036057351579663076,-0.039126062352400355,-0.07748494701161639,0.21020668793250386,-0.14959965017094254,0.2195082586240305,0,9,1,1,1,0,0,0,0,300,0,0,0,132,28,-88,-44,0,35,33,37,36,32,36,124,122,123,122,122,123,-999,-999,-999
6.650555849075317,-0.03759170696603171,0.006904599238658886,-0.07134752546614181,0.18105393559149968,-0.16187449326189168,0.21831527895759553,-0.036057351579663076,-0.039126062352400355,-0.07748494701161639,0.21634410947797844,-0.14959965017094254,0.2195082586240305,0,7,1,1,1,0,0,0,0,300,0,0,0,132,28,-100,-44,0,35,33,37,36,32,36,124,122,123,122,122,123,-999,-999,-999
6.666448354721069,-0.03759170696603171,0.006904599238658886,-0.07134752546614181,0.1887257125233429,-0.16187449326189168,0.21831527895759553,-0.036057351579663076,-0.039126062352400355,-0.07748494701161639,0.22401588640982165,-0.14959965017094254,0.2195082586240305,0,8,0,0,0,0,0,0,0,300,0,0,0,132,28,-96,-44,0,35,33,37,36,32,36,124,122,123,122,122,123,-999,-999,-999
6.682400941848755,-0.03759170696603171,0.006904599238658886,-0.07134752546614181,0.19486313406881745,-0.16187449326189168,0.21831527895759553,-0.036057351579663076,-0.039126062352400355,-0.07748494701161639,0.23168766334166485,-0.14959965017094254,0.2195082586240305,0,7,0,1,1,0,0,0,0,300,0,0,0,132,28,-88,-44,0,35,33,37,36,32,36,124,122,123,122,122,122,-999,-999,-999
6.699430227279663,-0.03759170696603171,0.006904599238658886,-0.07134752546614181,0.20253491100066065,-0.16187449326189168,0.21831527895759553,-0.036057351579663076,-0.039126062352400355,-0.07748494701161639,0.23935944027350803,-0.14959965017094254,0.2195082586240305,0,8,0,0,1,0,0,0,0,300,0,0,0,132,28,-92,-44,0,35,33,37,36,32,36,124,122,123,122,122,123,-999,-999,-999
6.714565992355347,-0.03759170696603171,0.006904599238658886,-0.07134752546614181,0.21020668793250386,-0.16187449326189168,0.21831527895759553,-0.036057351579663076,-0.039126062352400355,-0.07748494701161639,0.24703121720535126,-0.14959965017094254,0.2195082586240305,0,8,0,1,1,0,0,0,0,250,0,0,0,132,28,-100,-44,0,35,33,37,36,32,36,124,122,123,122,122,122,-999,-999,-999
6.731549501419067,-0.03759170696603171,0.006904599238658886,-0.07134752546614181,0.2194128202507157,-0.16187449326189168,0.21831527895759553,-0.036057351579663076,-0.039126062352400355,-0.07748494701161639,0.2562373495235631,-0.14959965017094254,0.2195082586240305,0,8,0,0,1,0,0,0,0,300,0,0,0,132,28,-96,-44,0,35,33,37,36,32,36,124,122,123,122,122,123,-999,-999,-999
6.746422052383423,-0.03759170696603171,0.006904599238658886,-0.07134752546614181,0.2255502417961903,-0.16187449326189168,0.21831527895759553,-0.036057351579663076,-0.039126062352400355,-0.07748494701161639,0.2669778372281436,-0.14959965017094254,0.2195082586240305,0,9,1,1,0,0,0,0,0,350,0,0,0,132,28,-100,-44,0,35,34,37,36,32,36,124,122,123,122,122,123,-999,-999,-999
6.763423681259155,-0.03759170696603171,0.006904599238658886,-0.07134752546614181,0.23475637411440214,-0.16187449326189168,0.21831527895759553,-0.036057351579663076,-0.039126062352400355,-0.07748494701161639,0.2777183249327241,-0.14959965017094254,0.2195082586240305,0,8,1,2,1,0,0,0,0,350,0,0,0,132,28,-104,-44,0,35,33,37,36,32,36,124,122,123,122,122,122,-999,-999,-999
6.778423070907593,-0.03759170696603171,0.006904599238658886,-0.07134752546614181,0.24242815104624535,-0.16187449326189168,0.21831527895759553,-0.036057351579663076,-0.039126062352400355,-0.07748494701161639,0.2884588126373046,-0.14959965017094254,0.2195082586240305,0,10,0,1,1,0,0,0,0,300,0,0,0,132,28,-120,-44,0,35,33,37,36,32,36,124,122,123,122,122,122,-999,-999,-999
6.793582916259766,-0.03759170696603171,0.006904599238658886,-0.07134752546614181,0.2516342833644572,-0.16187449326189168,0.21831527895759553,-0.036057351579663076,-0.039126062352400355,-0.07748494701161639,0.2991993003418851,-0.14959965017094254,0.2195082586240305,0,9,0,1,1,0,0,0,0,350,0,0,0,132,28,-124,-44,0,35,33,37,36,32,36,124,122,123,122,122,122,-999,-999,-999
6.811993598937988,-0.03759170696603171,0.006904599238658886,-0.07134752546614181,0.26237477106903767,-0.16187449326189168,0.21831527895759553,-0.036057351579663076,-0.039126062352400355,-0.07748494701161639,0.3114741434328342,-0.14959965017094254,0.2195082586240305,0,7,0,1,1,0,0,0,0,400,0,0,0,132,28,-116,-44,0,35,33,37,36,32,36,124,122,123,122,122,122,-999,-999,-999
6.826399087905884,-0.03759170696603171,0.006904599238658886,-0.07134752546614181,0.2715809033872495,-0.16187449326189168,0.21831527895759553,-0.03452299619329443,-0.039126062352400355,-0.07748494701161639,0.32374898652378337,-0.14959965017094254,0.2195082586240305,0,8,0,1,1,0,0,0,0,350,0,0,0,132,28,-124,-44,0,35,33,37,36,32,36,124,122,123,122,122,122,-999,-999,-999
6.8435609340667725,-0.03759170696603171,0.006904599238658886,-0.07134752546614181,0.28232139109183,-0.16187449326189168,0.21831527895759553,-0.03452299619329443,-0.039126062352400355,-0.07748494701161639,0.3360238296147324,-0.14959965017094254,0.2195082586240305,0,8,1,2,1,0,0,0,0,400,0,0,-20,132,28,-136,-44,0,35,33,37,36,32,36,124,122,123,122,122,123,-999,-999,-999
6.859001398086548,-0.03759170696603171,0.006904599238658886,-0.07134752546614181,0.2930618787964105,-0.16187449326189168,0.21831527895759553,-0.03452299619329443,-0.039126062352400355,-0.07748494701161639,0.34983302809205025,-0.14959965017094254,0.2195082586240305,0,9,0,1,1,0,0,0,0,400,0,0,-24,132,28,-140,-44,0,35,33,37,36,32,36,124,122,123,122,122,123,-999,-999,-999
6.875437259674072,-0.03759170696603171,0.006904599238658886,-0.07134752546614181,0.30380236650099096,-0.16187449326189168,0.21831527895759553,-0.03452299619329443,-0.03759170696603171,-0.07748494701161639,0.363642226569368,-0.14959965017094254,0.2195082586240305,0,8,0,1,1,0,0,0,0,450,0,0,-20,132,28,-140,-44,0,35,33,37,36,32,36,124,122,123,122,122,123,-999,-999,-999
6.89144229888916,-0.03759170696603171,0.006904599238658886,-0.07134752546614181,0.3145428542055715,-0.16187449326189168,0.21831527895759553,-0.03452299619329443,-0.03759170696603171,-0.07748494701161639,0.3774514250466858,-0.14959965017094254,0.2195082586240305,0,8,0,1,1,0,0,0,0,450,0,0,-20,124,28,-152,-44,0,35,33,37,36,32,36,124,122,123,122,122,123,-999,-999,-999
6.907450914382935,-0.03759170696603171,0.006904599238658886,-0.07134752546614181,0.32835205268288925,-0.16187449326189168,0.21831527895759553,-0.03452299619329443,-0.03759170696603171,-0.07748494701161639,0.39126062352400354,-0.14959965017094254,0.2195082586240305,0,7,1,1,1,0,0,0,0,450,0,0,-20,128,28,-156,-44,0,35,33,37,36,32,36,124,122,123,122,122,122,-999,-999,-999
6.923575162887573,-0.03759170696603171,0.006904599238658886,-0.07134752546614181,0.3406268957738384,-0.16187449326189168,0.21831527895759553,-0.03452299619329443,-0.03759170696603171,-0.07748494701161639,0.4050698220013213,-0.14959965017094254,0.2195082586240305,0,8,1,1,1,0,0,0,0,500,0,0,-20,128,28,-156,-44,0,35,33,37,36,32,36,124,122,123,122,122,123,-999,-999,-999
6.93959379196167,-0.03759170696603171,0.006904599238658886,-0.07134752546614181,0.3529017388647875,-0.16187449326189168,0.21831527895759553,-0.03298864080692579,-0.03759170696603171,-0.07748494701161639,0.4204133758650077,-0.14959965017094254,0.2195082586240305,0,7,1,2,1,0,0,0,0,500,0,0,-20,128,28,-156,-44,0,35,33,37,36,32,36,124,122,123,122,122,122,-999,-999,-999
6.955425262451172,-0.03759170696603171,0.006904599238658886,-0.07134752546614181,0.36517658195573666,-0.16187449326189168,0.21831527895759553,-0.03298864080692579,-0.03759170696603171,-0.07748494701161639,0.4357569297286942,-0.14959965017094254,0.2195082586240305,0,7,1,1,1,0,0,0,0,550,0,0,-28,128,28,-168,-44,0,35,33,37,36,32,36,124,122,123,122,122,123,-999,-999,-999
6.972447872161865,-0.03759170696603171,0.006904599238658886,-0.07134752546614181,0.38052013581942307,-0.16187449326189168,0.21831527895759553,-0.03298864080692579,-0.03759170696603171,-0.07748494701161639,0.44956612820601194,-0.14959965017094254,0.2195082586240305,0,7,1,2,1,0,0,0,0,500,0,0,-24,128,28,-164,-44,0,35,33,37,36,32,36,124,122,123,122,122,123,-999,-999,-999
6.987010478973389,-0.03759170696603171,0.006904599238658886,-0.07134752546614181,0.39432933429674083,-0.16187449326189168,0.21831527895759553,-0.03298864080692579,-0.03759170696603171,-0.07748494701161639,0.46490968206969835,-0.14959965017094254,0.2195082586240305,0,7,1,1,1,0,0,0,0,550,0,0,-24,128,28,-160,-44,0,35,33,37,36,32,36,124,122,123,122,119,123,-999,-999,-999
7.0045530796051025,-0.03759170696603171,0.006904599238658886,-0.07134752546614181,0.4081385327740586,-0.16187449326189168,0.21831527895759553,-0.03298864080692579,-0.03759170696603171,-0.07748494701161639,0.47871888054701606,-0.14959965017094254,0.2195082586240305,0,7,1,1,1,0,0,0,0,550,0,0,-24,128,28,-164,-44,0,35,33,37,36,32,36,124,122,123,122,122,122,-999,-999,-999
7.019598960876465,-0.03759170696603171,0.006904599238658886,-0.07134752546614181,0.4204133758650077,-0.16187449326189168,0.21831527895759553,-0.03298864080692579,-0.036057351579663076,-0.07748494701161639,0.4925280790243339,-0.14959965017094254,0.2195082586240305,0,7,0,1,1,0,0,0,0,550,0,0,-24,128,28,-168,-44,0,35,33,37,36,32,36,124,122,123,122,122,122,-999,-999,-999
7.03646183013916,-0.03759170696603171,0.006904599238658886,-0.07134752546614181,0.4357569297286942,-0.16187449326189168,0.21831527895759553,-0.03298864080692579,-0.03145428542055715,-0.07748494701161639,0.5063372775016517,-0.14959965017094254,0.2195082586240305,0,7,0,1,1,0,0,0,0,600,0,0,-24,124,28,-172,-44,0,35,32,37,36,32,36,124,122,123,122,122,123,-999,-999,-999
7.0515711307525635,-0.03759170696603171,0.006904599238658886,-0.07134752546614181,0.44956612820601194,-0.16187449326189168,0.21831527895759553,-0.03145428542055715,-0.026851219261451224,-0.07748494701161639,0.5201464759789695,-0.14959965017094254,0.2195082586240305,0,4,0,0,1,0,0,0,0,550,0,0,-24,104,28,-164,-44,0,35,33,37,36,32,36,124,122,123,122,122,123,-999,-999,-999
7.068471431732178,-0.03759170696603171,0.006904599238658886,-0.07134752546614181,0.4633753266833297,-0.16187449326189168,0.21831527895759553,-0.03145428542055715,-0.01917944232960802,-0.07748494701161639,0.5324213190699186,-0.14959965017094254,0.2195082586240305,0,3,1,2,1,0,0,0,0,550,0,0,-32,84,28,-168,-44,0,35,33,37,36,32,36,124,122,123,122,122,122,-999,-999,-999
7.083435297012329,-0.03759170696603171,0.006904599238658886,-0.07134752546614181,0.47718452516064747,-0.16187449326189168,0.21831527895759553,-0.03145428542055715,-0.013042020784133452,-0.07901930239798503,0.543161806774499,-0.14959965017094254,0.2195082586240305,0,2,1,1,0,0,0,0,0,550,0,0,-32,60,32,-168,-44,0,35,33,37,36,32,36,124,122,123,122,122,122,-999,-999,-999
7.1004838943481445,-0.03759170696603171,0.006904599238658886,-0.07134752546614181,0.49099372363796523,-0.16187449326189168,0.21831527895759553,-0.03145428542055715,-0.0038358884659216034,-0.07901930239798503,0.5539022944790796,-0.14959965017094254,0.2195082586240305,0,1,1,2,1,0,0,0,0,550,0,0,-28,44,36,-164,-44,0,35,33,37,36,32,36,124,122,123,122,122,123,-999,-999,-999
7.116028308868408,-0.03759170696603171,0.006904599238658886,-0.07134752546614181,0.5032685667289144,-0.16187449326189168,0.21831527895759553,-0.03145428542055715,0.0038358884659216034,-0.08055365778435367,0.56464278218366,-0.14959965017094254,0.2195082586240305,1,1,1,0,1,1,0,0,0,550,0,0,-28,28,36,-144,-44,0,35,33,37,36,32,36,124,122,123,122,122,123,-999,-999,-999
7.13149094581604,-0.03759170696603171,0.008438954625027528,-0.07134752546614181,0.5155434098198636,-0.16187449326189168,0.21831527895759553,-0.03145428542055715,0.01150766539776481,-0.08055365778435367,0.5738489145018718,-0.1480652947845739,0.2195082586240305,0,0,1,1,0,0,0,0,0,550,0,0,-28,-44,40,-144,-44,0,34,33,37,37,32,36,124,122,123,120,122,123,-999,-999,-999
7.1484527587890625,-0.03759170696603171,0.013042020784133452,-0.07134752546614181,0.5278182529108126,-0.16187449326189168,0.21831527895759553,-0.03145428542055715,0.01917944232960802,-0.08208801317072231,0.5845894022064524,-0.1480652947845739,0.2195082586240305,1,0,1,1,1,0,0,0,0,500,0,0,-28,-32,40,-136,-48,0,35,33,37,36,32,36,124,122,123,122,122,123,-999,-999,-999
7.162563323974609,-0.03759170696603171,0.017645086943239376,-0.07134752546614181,0.5370243852290245,-0.16187449326189168,0.21831527895759553,-0.03145428542055715,0.028385574647819864,-0.08362236855709095,0.5937955345246642,-0.1480652947845739,0.2195082586240305,1,0,2,1,1,0,0,200,0,450,0,0,-28,-20,44,-132,-52,0,35,33,37,36,32,36,124,122,123,122,122,122,-999,-999,-999
7.179484844207764,-0.03759170696603171,0.0222481531023453,-0.07134752546614181,0.5492992283199736,-0.16187449326189168,0.21831527895759553,-0.029919930034188504,0.03452299619329443,-0.08669107932982824,0.603001666842876,-0.1480652947845739,0.2195082586240305,1,0,1,1,1,0,0,200,0,450,0,0,-28,-32,56,-136,-48,0,35,33,37,36,32,35,124,122,123,122,122,123,-999,-999,-999
7.194610834121704,-0.03759170696603171,0.026851219261451224,-0.07134752546614181,0.560039716024554,-0.16187449326189168,0.21831527895759553,-0.02531686387508258,0.04372912851150628,-0.08669107932982824,0.6106734437747192,-0.1480652947845739,0.2195082586240305,1,0,2,1,1,0,0,150,0,450,0,0,-36,-52,56,-132,-48,0,35,33,37,36,32,36,124,122,123,122,122,123,-999,-999,-999
7.211488962173462,-0.03759170696603171,0.03452299619329443,-0.07134752546614181,0.5707802037291345,-0.16187449326189168,0.21831527895759553,-0.0222481531023453,0.049866550056980846,-0.08669107932982824,0.6198795760929311,-0.1480652947845739,0.2195082586240305,2,0,2,0,1,0,0,150,0,450,0,0,-52,-40,56,-116,-48,0,35,33,37,36,32,36,124,122,123,122,122,123,-999,-999,-999
7.228491306304932,-0.03759170696603171,0.042194773125137634,-0.07134752546614181,0.5815206914337151,-0.16187449326189168,0.21831527895759553,-0.02071379771597666,0.05753832698882405,-0.08669107932982824,0.6275513530247743,-0.1480652947845739,0.2195082586240305,2,0,2,0,1,0,0,250,0,400,0,0,-64,-44,52,-112,-48,0,35,33,37,41,32,36,124,122,123,122,122,123,-999,-999,-999
7.244622230529785,-0.03759170696603171,0.049866550056980846,-0.07134752546614181,0.590726823751927,-0.16187449326189168,0.21831527895759553,-0.01917944232960802,0.06521010392066726,-0.08669107932982824,0.6367574853429862,-0.1480652947845739,0.2195082586240305,1,0,2,1,2,0,0,300,0,450,0,0,-68,-40,52,-112,-48,0,35,33,37,38,32,36,124,122,123,122,122,123,-999,-999,-999
7.260659456253052,-0.036057351579663076,0.05753832698882405,-0.07134752546614181,0.5999329560701387,-0.16187449326189168,0.21831527895759553,-0.017645086943239376,0.07288188085251047,-0.08669107932982824,0.645963617661198,-0.1480652947845739,0.2195082586240305,1,0,1,0,1,0,0,300,0,450,0,0,-64,-40,52,-112,-48,0,35,33,37,36,32,36,124,122,123,122,122,123,-999,-999,-999
7.278466701507568,-0.03298864080692579,0.06367574853429861,-0.07134752546614181,0.6106734437747192,-0.16187449326189168,0.21831527895759553,-0.017645086943239376,0.07901930239798503,-0.08822543471619687,0.6551697499794099,-0.1480652947845739,0.2195082586240305,1,0,2,0,1,0,0,300,0,350,0,0,-60,-44,56,-112,-48,0,35,33,37,43,32,36,124,122,123,122,122,123,-999,-999,-999
7.292103290557861,-0.03298864080692579,0.06981317007977318,-0.07134752546614181,0.6183452207065625,-0.16187449326189168,0.21831527895759553,-0.016110731556870737,0.0851567239434596,-0.08822543471619687,0.6659102376839904,-0.1480652947845739,0.2195082586240305,1,0,2,1,1,0,100,250,0,400,0,0,-44,-48,60,-116,-48,0,35,33,38,36,32,36,124,122,123,122,122,123,-999,-999,-999
7.309505224227905,-0.029919930034188504,0.07748494701161639,-0.07134752546614181,0.629085708411143,-0.16187449326189168,0.21831527895759553,-0.016110731556870737,0.09129414548893416,-0.08822543471619687,0.6751163700022021,-0.1480652947845739,0.2195082586240305,0,0,2,1,1,0,50,250,0,350,0,0,-56,-40,56,-116,-48,0,35,33,37,36,32,36,124,122,123,122,122,123,-999,-999,-999
7.325505971908569,-0.02531686387508258,0.08362236855709095,-0.07134752546614181,0.6382918407293547,-0.16187449326189168,0.21831527895759553,-0.014576376170502094,0.09589721164804009,-0.08822543471619687,0.6843225023204141,-0.1480652947845739,0.2195082586240305,0,0,1,1,1,0,150,250,0,400,0,0,-24,-36,56,-120,-48,0,35,33,37,36,32,36,124,122,123,122,122,123,-999,-999,-999
7.3424763679504395,-0.0222481531023453,0.09129414548893416,-0.07134752546614181,0.6474979730475667,-0.16187449326189168,0.21831527895759553,-0.014576376170502094,0.100500277807146,-0.08822543471619687,0.6935286346386259,-0.1480652947845739,0.2195082586240305,1,0,2,0,1,0,150,300,0,350,0,0,-20,-24,56,-124,-48,0,35,33,37,36,32,36,124,122,123,122,122,123,-999,-999,-999
7.357510805130005,-0.0222481531023453,0.09436285626167144,-0.07134752546614181,0.6551697499794099,-0.16187449326189168,0.21831527895759553,-0.014576376170502094,0.10663769935262057,-0.08822543471619687,0.7027347669568377,-0.1480652947845739,0.2195082586240305,0,0,2,0,2,0,150,250,0,350,0,0,-28,-24,56,-112,-48,0,35,33,37,36,32,36,124,122,123,122,122,123,-999,-999,-999
7.373691558837891,-0.02071379771597666,0.100500277807146,-0.07134752546614181,0.6659102376839904,-0.16187449326189168,0.21831527895759553,-0.014576376170502094,0.11124076551172649,-0.08822543471619687,0.7134752546614181,-0.1480652947845739,0.2195082586240305,1,0,1,1,1,0,50,200,0,400,0,0,-24,-36,56,-124,-48,0,35,33,37,36,32,36,124,122,123,122,122,123,-999,-999,-999
7.390514373779297,-0.01917944232960802,0.10510334396625193,-0.07134752546614181,0.6751163700022021,-0.16187449326189168,0.21831527895759553,-0.014576376170502094,0.11584383167083243,-0.08822543471619687,0.7242157423659987,-0.1480652947845739,0.2195082586240305,0,0,1,0,1,0,50,200,0,400,0,0,-24,-36,56,-120,-48,0,35,33,37,36,32,36,124,122,123,122,122,123,-999,-999,-999
7.405657529830933,-0.01917944232960802,0.11277512089809515,-0.07134752546614181,0.6843225023204141,-0.16187449326189168,0.21831527895759553,-0.014576376170502094,0.1189125424435697,-0.08822543471619687,0.7349562300705792,-0.1480652947845739,0.2195082586240305,0,0,2,1,1,0,50,200,0,350,0,0,-20,-20,56,-128,-48,0,35,33,37,36,32,36,124,122,123,122,122,123,-999,-999,-999
7.420656681060791,-0.01917944232960802,0.11737818705720107,-0.07134752546614181,0.6950629900249945,-0.16187449326189168,0.21831527895759553,-0.014576376170502094,0.12351560860267563,-0.08822543471619687,0.7472310731615283,-0.1480652947845739,0.2195082586240305,1,1,2,0,1,0,0,250,0,400,0,0,-20,20,56,-128,-48,0,35,33,37,36,32,36,124,122,123,122,122,122,-999,-999,-999
7.438518285751343,-0.02071379771597666,0.12044689782993835,-0.07134752546614181,0.705803477729575,-0.16187449326189168,0.21831527895759553,-0.014576376170502094,0.12504996398904428,-0.08822543471619687,0.7610402716388461,-0.1480652947845739,0.2195082586240305,0,0,2,1,1,0,0,200,0,400,0,0,-24,0,56,-128,-48,0,35,33,37,36,32,36,124,122,123,122,122,123,-999,-999,-999
7.453653812408447,-0.02071379771597666,0.12504996398904428,-0.07134752546614181,0.7165439654341555,-0.16187449326189168,0.21831527895759553,-0.014576376170502094,0.1296530301481502,-0.08822543471619687,0.7748494701161639,-0.1480652947845739,0.2195082586240305,0,0,2,2,1,0,0,150,0,450,0,0,-28,-20,56,-136,-48,0,35,33,37,38,32,36,124,122,123,122,122,123,-999,-999,-999
7.469570159912109,-0.0222481531023453,0.1296530301481502,-0.07134752546614181,0.7288188085251046,-0.16187449326189168,0.21831527895759553,-0.014576376170502094,0.13272174092088748,-0.08822543471619687,0.7886586685934817,-0.1480652947845739,0.2195082586240305,1,0,2,2,1,0,-50,150,0,400,0,0,-36,20,56,-148,-48,0,35,33,37,36,32,36,124,122,123,122,122,123,-999,-999,-999
7.484504699707031,-0.0222481531023453,0.13118738553451884,-0.07134752546614181,0.7380249408433165,-0.16187449326189168,0.21831527895759553,-0.014576376170502094,0.13579045169362475,-0.08822543471619687,0.8024678670707994,-0.14653093939820525,0.2195082586240305,1,0,2,1,1,0,-50,200,0,450,0,0,-36,-20,56,-148,-48,0,35,33,37,36,32,36,124,122,123,122,122,122,-999,-999,-999
7.502175569534302,-0.0222481531023453,0.13425609630725613,-0.07134752546614181,0.7518341393206344,-0.16187449326189168,0.21831527895759553,-0.014576376170502094,0.13885916246636204,-0.08822543471619687,0.8178114209344858,-0.14653093939820525,0.2195082586240305,0,0,2,1,2,0,0,100,0,500,0,0,-32,-20,56,-156,-52,0,35,33,37,36,32,36,124,122,123,122,122,123,-999,-999,-999
7.517533779144287,-0.0222481531023453,0.1373248070799934,-0.07134752546614181,0.7641089824115834,-0.16187449326189168,0.21831527895759553,-0.013042020784133452,0.1419278732390993,-0.08822543471619687,0.8316206194118037,-0.14499658401183663,0.2195082586240305,1,0,2,2,2,0,0,150,0,500,0,0,-32,0,56,-168,-56,0,35,33,37,36,32,36,124,122,123,122,122,123,-999,-999,-999
7.534559726715088,-0.0222481531023453,0.13885916246636204,-0.07134752546614181,0.7779181808889012,-0.16187449326189168,0.21831527895759553,-0.009973310011396168,0.14499658401183663,-0.08822543471619687,0.8438954625027527,-0.1403935178527307,0.2195082586240305,1,0,2,2,1,0,0,100,0,500,0,0,-36,0,56,-164,-60,0,35,33,37,36,32,36,124,122,123,122,122,123,-999,-999,-999
7.5496697425842285,-0.0222481531023453,0.1419278732390993,-0.07134752546614181,0.7901930239798504,-0.16187449326189168,0.21831527895759553,-0.008438954625027528,0.1480652947845739,-0.08822543471619687,0.8592390163664392,-0.13579045169362475,0.2195082586240305,1,0,2,2,2,0,0,100,0,550,0,0,-52,-32,56,-164,-76,0,35,33,37,36,33,36,124,122,123,122,122,123,-999,-999,-999
7.567113637924194,-0.0222481531023453,0.14653093939820525,-0.07134752546614181,0.804002222457168,-0.16187449326189168,0.21831527895759553,-0.008438954625027528,0.1526683609436798,-0.08822543471619687,0.8761169256164942,-0.1296530301481502,0.2195082586240305,1,0,1,1,4,0,0,50,0,500,0,0,-56,0,56,-152,-88,0,34,33,37,39,32,36,124,122,123,122,122,123,-999,-999,-999
7.5810956954956055,-0.0222481531023453,0.14959965017094254,-0.07134752546614181,0.8162770655481172,-0.15880578248915436,0.21831527895759553,-0.008438954625027528,0.1557370717164171,-0.08822543471619687,0.8929948348665493,-0.12198125321630698,0.2195082586240305,1,0,2,3,2,0,0,150,0,500,0,0,-48,-24,56,-172,-108,0,35,33,37,53,32,36,124,122,123,122,122,123,-999,-999,-999
7.597710847854614,-0.02071379771597666,0.15420271633004848,-0.07134752546614181,0.8285519086390664,-0.1526683609436798,0.21831527895759553,-0.008438954625027528,0.160340137875523,-0.08822543471619687,0.9083383887302356,-0.11584383167083243,0.2195082586240305,1,0,2,2,2,0,50,150,0,500,100,0,-44,-20,56,-184,-108,0,35,33,37,36,32,36,124,122,123,122,122,123,-999,-999,-999
7.614696264266968,-0.01917944232960802,0.15880578248915436,-0.07134752546614181,0.8454298178891214,-0.14653093939820525,0.21831527895759553,-0.006904599238658886,0.16494320403462895,-0.08822543471619687,0.923681942593922,-0.10817205473898922,0.2195082586240305,0,0,2,2,2,0,50,200,0,550,200,0,-36,-20,56,-192,-112,0,35,33,37,36,45,36,124,122,123,122,122,123,-999,-999,-999
7.630120754241943,-0.017645086943239376,0.1634088486482603,-0.07134752546614181,0.8607733717528079,-0.1403935178527307,0.21831527895759553,-0.006904599238658886,0.16954627019373486,-0.08822543471619687,0.9374911410712399,-0.100500277807146,0.2195082586240305,1,0,1,1,1,0,50,200,0,600,250,0,-40,-20,56,-184,-96,0,35,33,37,36,32,36,124,122,123,122,122,123,-999,-999,-999
7.646549940109253,-0.016110731556870737,0.16954627019373486,-0.07134752546614181,0.8776512810028628,-0.13425609630725613,0.21831527895759553,-0.006904599238658886,0.1741493363528408,-0.08822543471619687,0.9528346949349262,-0.09436285626167144,0.2195082586240305,0,0,1,1,2,0,50,200,0,650,250,0,-36,-20,56,-172,-116,0,35,33,37,36,32,36,124,122,123,122,122,123,-999,-999,-999
7.662127733230591,-0.014576376170502094,0.17261498096647215,-0.07134752546614181,0.8914604794801807,-0.12811867476178154,0.21831527895759553,-0.005370243852290245,0.1787524025119467,-0.08822543471619687,0.9681782487986127,-0.08822543471619687,0.2195082586240305,0,0,2,1,2,0,50,200,0,600,250,0,-24,-20,56,-180,-116,0,35,33,37,36,39,36,124,122,123,122,122,123,-999,-999,-999
7.6786980628967285,-0.013042020784133452,0.17721804712557807,-0.07134752546614181,0.9052696779574985,-0.12044689782993835,0.21831527895759553,-0.005370243852290245,0.18335546867105265,-0.08822543471619687,0.9819874472759305,-0.08208801317072231,0.2195082586240305,1,0,2,2,1,0,100,150,0,600,250,0,-24,-20,56,-180,-108,0,35,33,37,36,32,36,124,122,123,122,122,123,-999,-999,-999
7.6947362422943115,-0.01150766539776481,0.18335546867105265,-0.07134752546614181,0.9190788764348161,-0.11430947628446378,0.21831527895759553,-0.005370243852290245,0.1879585348301586,-0.08822543471619687,0.9942622903668795,-0.07748494701161639,0.2195082586240305,0,0,2,1,0,0,100,200,0,600,250,0,-28,-20,56,-180,-104,0,35,33,37,36,32,36,124,122,123,122,122,123,-999,-999,-999
7.709537029266357,-0.009973310011396168,0.18642417944378992,-0.07134752546614181,0.932888074912134,-0.10970641012535785,0.21831527895759553,-0.005370243852290245,0.19256160098926448,-0.08822543471619687,1.0065371334578288,-0.07441623623887911,0.2195082586240305,0,0,2,1,1,0,50,200,0,600,300,0,-20,0,56,-180,-88,0,35,33,37,36,32,36,124,122,123,122,122,123,-999,-999,-999
7.7255699634552,-0.009973310011396168,0.19102724560289586,-0.07134752546614181,0.9482316287758203,-0.1035689885798833,0.21831527895759553,-0.0038358884659216034,0.19869902253473906,-0.08822543471619687,1.0188119765487778,-0.06981317007977318,0.2195082586240305,0,0,2,1,1,0,50,200,0,550,300,0,-20,-24,56,-164,-84,0,35,33,37,36,32,36,124,122,123,122,122,123,-999,-999,-999
7.742561101913452,-0.009973310011396168,0.19563031176200177,-0.07134752546614181,0.9620408272531382,-0.09743156703440872,0.21831527895759553,-0.0038358884659216034,0.20330208869384497,-0.08822543471619687,1.0295524642533582,-0.0667444593070359,0.2195082586240305,0,0,2,1,2,0,0,150,0,550,250,0,-32,-32,56,-168,-84,0,35,33,37,36,32,36,124,122,123,122,122,123,-999,-999,-999
7.757537841796875,-0.009973310011396168,0.2002333779211077,-0.07134752546614181,0.9727813149577187,-0.09436285626167144,0.21831527895759553,-0.0038358884659216034,0.2079051548529509,-0.08822543471619687,1.0387585965715702,-0.06367574853429861,0.2195082586240305,0,0,2,1,1,0,0,200,0,550,200,0,-28,-24,56,-164,-88,0,35,33,37,36,32,36,124,122,123,122,122,121,-999,-999,-999
7.774203538894653,-0.009973310011396168,0.20483644408021362,-0.07134752546614181,0.988124868821405,-0.08822543471619687,0.21831527895759553,-0.0038358884659216034,0.21404257639842547,-0.08822543471619687,1.0494990842761507,-0.06367574853429861,0.2195082586240305,0,0,2,1,2,0,0,200,0,550,150,0,-28,-24,56,-148,-72,0,35,33,37,36,32,36,124,122,123,122,122,123,-999,-999,-999
7.790141582489014,-0.009973310011396168,0.2079051548529509,-0.07134752546614181,0.9988653565259856,-0.0851567239434596,0.21831527895759553,-0.0038358884659216034,0.21864564255753138,-0.08822543471619687,1.0587052165943625,-0.06367574853429861,0.2195082586240305,0,0,2,1,0,0,0,150,0,500,200,0,-28,-32,56,-140,-60,0,35,33,37,36,32,37,124,122,123,122,122,123,-999,-999,-999
7.806701183319092,-0.01150766539776481,0.21404257639842547,-0.07134752546614181,1.009605844230566,-0.08208801317072231,0.21831527895759553,-0.0038358884659216034,0.22324870871663732,-0.08822543471619687,1.0663769935262057,-0.06521010392066726,0.2195082586240305,0,0,2,1,0,0,0,150,0,500,150,0,-32,-44,56,-144,-40,0,35,33,37,36,32,36,124,122,123,122,122,123,-999,-999,-999
7.822709083557129,-0.013042020784133452,0.21864564255753138,-0.07134752546614181,1.0218806873215152,-0.07901930239798503,0.21831527895759553,-0.0038358884659216034,0.22785177487574323,-0.08822543471619687,1.0725144150716803,-0.06521010392066726,0.2195082586240305,1,0,1,0,0,0,-50,150,0,450,150,0,-36,-28,56,-132,-36,0,35,33,37,36,32,36,124,122,123,122,123,123,-999,-999,-999
7.838129758834839,-0.013042020784133452,0.22478306410300597,-0.07134752546614181,1.0310868196397271,-0.07901930239798503,0.21831527895759553,-0.0038358884659216034,0.23398919642121782,-0.08822543471619687,1.0801861920035236,-0.0667444593070359,0.2195082586240305,1,0,1,0,0,0,-50,250,0,450,100,0,-40,-24,56,-120,-32,0,35,33,37,36,32,36,124,122,123,122,122,123,-999,-999,-999
7.854548931121826,-0.013042020784133452,0.22938613026211188,-0.07134752546614181,1.040292951957939,-0.07901930239798503,0.21831527895759553,-0.0038358884659216034,0.23859226258032373,-0.08822543471619687,1.086323613548998,-0.0667444593070359,0.2195082586240305,0,0,2,0,0,0,0,200,0,450,50,0,-40,-28,56,-112,-40,0,35,33,37,36,32,36,124,122,123,122,122,123,-999,-999,-999
7.87171745300293,-0.013042020784133452,0.23552355180758644,-0.07134752546614181,1.0510334396625194,-0.07901930239798503,0.21831527895759553,-0.0038358884659216034,0.2447296841257983,-0.08822543471619687,1.0939953904808413,-0.0667444593070359,0.2195082586240305,0,0,1,1,0,0,0,200,0,400,0,0,-36,-28,56,-112,-44,0,35,33,36,36,32,36,124,122,123,122,122,123,-999,-999,-999
7.886693239212036,-0.013042020784133452,0.24012661796669238,-0.07134752546614181,1.0587052165943625,-0.07901930239798503,0.21831527895759553,-0.0038358884659216034,0.25086710567127285,-0.08822543471619687,1.1001328120263159,-0.0667444593070359,0.2195082586240305,0,0,2,1,1,0,0,200,0,350,0,0,-36,-24,56,-104,-44,0,35,33,37,41,32,36,124,122,123,122,122,123,-999,-999,-999
7.903597354888916,-0.013042020784133452,0.24626403951216694,-0.07134752546614181,1.0663769935262057,-0.07901930239798503,0.21831527895759553,-0.0038358884659216034,0.25700452721674744,-0.08822543471619687,1.1047358781854217,-0.0667444593070359,0.2195082586240305,0,0,2,0,1,0,0,250,0,350,0,0,-36,-36,56,-104,-44,0,35,33,37,36,32,36,124,122,123,122,122,123,-999,-999,-999
7.918597221374512,-0.013042020784133452,0.25086710567127285,-0.07134752546614181,1.074048770458049,-0.07901930239798503,0.21831527895759553,-0.0038358884659216034,0.26314194876222197,-0.08822543471619687,1.1093389443445276,-0.0667444593070359,0.2195082586240305,0,0,2,0,1,0,0,200,0,300,0,0,-36,-32,56,-96,-44,0,35,33,37,36,32,36,124,122,123,122,122,123,-999,-999,-999
7.935725688934326,-0.013042020784133452,0.25700452721674744,-0.07134752546614181,1.0801861920035236,-0.07901930239798503,0.21831527895759553,-0.0038358884659216034,0.26927937030769655,-0.08822543471619687,1.1108732997308963,-0.0667444593070359,0.2195082586240305,1,0,2,0,1,0,0,200,0,300,0,0,-36,-36,56,-84,-44,0,35,33,37,36,32,36,124,122,123,122,122,123,-999,-999,-999
7.951760530471802,-0.013042020784133452,0.26314194876222197,-0.07134752546614181,1.086323613548998,-0.07901930239798503,0.21831527895759553,-0.0038358884659216034,0.27541679185317114,-0.08822543471619687,1.1154763658900022,-0.0667444593070359,0.2195082586240305,0,0,1,1,1,0,0,250,0,300,0,0,-36,-32,56,-72,-44,0,35,33,37,36,32,36,124,122,123,122,122,123,-999,-999,-999
7.967563152313232,-0.01150766539776481,0.26927937030769655,-0.07134752546614181,1.090926679708104,-0.07901930239798503,0.21831527895759553,-0.0038358884659216034,0.28155421339864567,-0.08822543471619687,1.117010721276371,-0.0667444593070359,0.2195082586240305,1,0,1,0,1,0,0,250,0,250,0,0,-36,-44,56,-72,-44,0,35,33,37,36,32,36,124,122,123,122,122,123,-999,-999,-999
7.983758449554443,-0.01150766539776481,0.27541679185317114,-0.07134752546614181,1.0970641012535784,-0.07901930239798503,0.21831527895759553,-0.0038358884659216034,0.2876916349441202,-0.08822543471619687,1.117010721276371,-0.0667444593070359,0.2195082586240305,0,0,1,0,1,0,50,250,0,200,0,0,-28,-32,56,-64,-44,0,35,33,37,36,32,36,124,122,123,122,122,123,-999,-999,-999
8.000640153884888,-0.01150766539776481,0.28155421339864567,-0.07134752546614181,1.1001328120263159,-0.07901930239798503,0.21831527895759553,-0.0038358884659216034,0.29382905648959484,-0.08822543471619687,1.1185450766627396,-0.0667444593070359,0.2195082586240305,1,0,2,0,1,0,0,250,0,150,0,0,-32,-40,56,-52,-44,0,35,33,37,36,32,36,124,122,123,122,122,123,-999,-999,-999
8.016175270080566,-0.01150766539776481,0.2876916349441202,-0.07134752546614181,1.1032015227990533,-0.07901930239798503,0.21831527895759553,-0.0038358884659216034,0.2999664780350694,-0.08822543471619687,1.120079432049108,-0.0667444593070359,0.2195082586240305,1,0,2,0,1,0,0,200,0,150,0,0,-32,-32,56,-44,-44,0,35,33,37,36,32,36,124,122,123,122,122,123,-999,-999,-999
8.032625436782837,-0.01150766539776481,0.29382905648959484,-0.07134752546614181,1.1062702335717904,-0.07901930239798503,0.21831527895759553,-0.0038358884659216034,0.30610389958054396,-0.08822543471619687,1.120079432049108,-0.0667444593070359,0.2195082586240305,1,0,2,0,1,0,0,300,0,200,0,0,-32,-32,56,-44,-44,0,35,33,37,36,32,36,124,122,123,122,122,123,-999,-999,-999
8.048603296279907,-0.01150766539776481,0.2999664780350694,-0.07134752546614181,1.1078045889581591,-0.07901930239798503,0.21831527895759553,-0.0038358884659216034,0.3107069657396499,-0.08822543471619687,1.120079432049108,-0.0667444593070359,0.2195082586240305,1,0,1,0,1,0,0,250,0,100,0,0,-32,-32,56,-40,-44,0,35,33,37,36,32,36,124,122,123,122,122,123,-999,-999,-999
8.064675092697144,-0.01150766539776481,0.3076382549669126,-0.07134752546614181,1.1108732997308963,-0.07901930239798503,0.21831527895759553,-0.0038358884659216034,0.31684438728512443,-0.08822543471619687,1.120079432049108,-0.0667444593070359,0.2195082586240305,1,0,2,0,1,0,0,250,0,100,0,0,-32,-32,56,-28,-44,0,35,33,37,36,32,36,124,122,123,122,122,123,-999,-999,-999
8.080767631530762,-0.01150766539776481,0.31224132112601855,-0.07134752546614181,1.112407655117265,-0.07901930239798503,0.21831527895759553,-0.0038358884659216034,0.3214474534442303,-0.08822543471619687,1.1216137874354768,-0.0667444593070359,0.2195082586240305,1,0,1,1,0,0,0,250,0,50,0,0,-32,0,56,-24,-44,0,35,33,37,36,32,36,124,122,123,122,122,123,-999,-999,-999
8.09679889678955,-0.01150766539776481,0.31684438728512443,-0.07134752546614181,1.112407655117265,-0.07901930239798503,0.21831527895759553,-0.0038358884659216034,0.32758487498970495,-0.08822543471619687,1.1216137874354768,-0.0667444593070359,0.2195082586240305,0,0,1,0,1,0,0,250,0,50,0,0,-32,-40,56,-28,-44,0,35,33,37,36,32,36,124,122,123,122,122,123,-999,-999,-999
8.112752437591553,-0.01150766539776481,0.322981808830599,-0.07134752546614181,1.112407655117265,-0.07901930239798503,0.21831527895759553,-0.002301533079552962,0.3306535857624422,-0.08822543471619687,1.1216137874354768,-0.0667444593070359,0.2195082586240305,1,0,2,1,1,0,0,150,0,50,0,0,-32,-40,56,-40,-44,0,35,33,37,36,32,36,124,122,123,122,122,123,-999,-999,-999
8.128816366195679,-0.01150766539776481,0.3291192303760736,-0.07134752546614181,1.112407655117265,-0.07901930239798503,0.21831527895759553,-0.0007671776931843208,0.33525665192154813,-0.08822543471619687,1.1216137874354768,-0.0667444593070359,0.2195082586240305,1,0,2,0,1,0,0,250,0,0,0,0,-36,-28,56,-36,-44,0,35,33,37,36,32,36,124,122,123,122,122,123,-999,-999,-999
8.144646406173706,-0.01150766539776481,0.3337222965351795,-0.07134752546614181,1.112407655117265,-0.07901930239798503,0.21831527895759553,0.002301533079552962,0.339859718080654,-0.08822543471619687,1.1216137874354768,-0.0667444593070359,0.2195082586240305,1,1,2,0,1,0,0,250,0,0,0,0,-44,28,56,-36,-44,0,35,33,37,36,32,36,124,122,123,122,122,122,-999,-999,-999
8.160177946090698,-0.01150766539776481,0.33525665192154813,-0.07134752546614181,1.112407655117265,-0.07901930239798503,0.21831527895759553,0.005370243852290245,0.34292842885339136,-0.08822543471619687,1.1216137874354768,-0.0667444593070359,0.2195082586240305,2,0,2,1,1,0,0,250,0,0,0,0,-56,-28,56,-36,-44,0,35,33,37,36,32,36,124,122,123,122,122,123,-999,-999,-999
8.176787853240967,-0.01150766539776481,0.3413940734670227,-0.07134752546614181,1.112407655117265,-0.07901930239798503,0.21831527895759553,0.005370243852290245,0.34753149501249725,-0.08822543471619687,1.1216137874354768,-0.0667444593070359,0.2195082586240305,1,0,2,0,1,0,0,100,0,0,0,0,-64,-24,56,-36,-44,0,35,33,37,36,32,36,124,122,123,122,122,123,-999,-999,-999
8.19181752204895,-0.01150766539776481,0.34599713962612866,-0.07134752546614181,1.112407655117265,-0.07901930239798503,0.21831527895759553,0.006904599238658886,0.35060020578523454,-0.08822543471619687,1.1216137874354768,-0.0667444593070359,0.2195082586240305,1,0,1,0,1,0,0,200,0,0,0,0,-60,-20,56,-36,-44,0,35,33,37,36,32,36,124,122,123,122,122,123,-999,-999,-999
8.209636449813843,-0.008438954625027528,0.35060020578523454,-0.07134752546614181,1.112407655117265,-0.07901930239798503,0.21831527895759553,0.008438954625027528,0.35366891655797184,-0.08822543471619687,1.1216137874354768,-0.0667444593070359,0.2195082586240305,2,1,1,1,1,0,0,200,0,0,0,0,-60,20,56,-36,-44,0,35,33,37,36,32,36,124,122,123,122,122,123,-999,-999,-999
8.224688529968262,-0.006904599238658886,0.3521345611716032,-0.07134752546614181,1.112407655117265,-0.07901930239798503,0.21831527895759553,0.009973310011396168,0.3567376273307091,-0.08822543471619687,1.1216137874354768,-0.06521010392066726,0.2195082586240305,1,0,2,1,1,0,50,200,0,0,0,0,-56,20,56,-36,-44,0,35,33,37,36,32,36,124,122,123,122,122,123,-999,-999,-999
8.240699291229248,-0.005370243852290245,0.35366891655797184,-0.07134752546614181,1.112407655117265,-0.07901930239798503,0.21831527895759553,0.01150766539776481,0.3582719827170778,-0.08822543471619687,1.1216137874354768,-0.06521010392066726,0.2195082586240305,1,0,2,1,2,0,100,150,0,0,0,0,-52,-28,56,-36,-48,0,35,33,37,36,32,36,124,122,123,122,122,123,-999,-999,-999
8.256654977798462,-0.002301533079552962,0.3567376273307091,-0.07134752546614181,1.112407655117265,-0.07901930239798503,0.21831527895759553,0.01150766539776481,0.36134069348981507,-0.08822543471619687,1.1216137874354768,-0.06521010392066726,0.2195082586240305,0,0,2,1,2,0,50,50,0,0,0,0,-44,-20,56,-36,-52,0,35,33,37,36,32,36,124,122,123,122,122,123,-999,-999,-999
8.273209571838379,0.002301533079552962,0.36134069348981507,-0.07134752546614181,1.112407655117265,-0.07901930239798503,0.21831527895759553,0.01150766539776481,0.3644094042625523,-0.08822543471619687,1.1216137874354768,-0.06367574853429861,0.2195082586240305,1,1,2,1,1,0,150,100,0,0,0,0,-36,0,56,-36,-48,0,35,33,37,36,32,36,124,122,123,122,122,123,-999,-999,-999
8.289647817611694,0.0038358884659216034,0.3628750488761837,-0.07134752546614181,1.112407655117265,-0.07901930239798503,0.21831527895759553,0.01150766539776481,0.36594375964892095,-0.08822543471619687,1.1216137874354768,-0.06367574853429861,0.2195082586240305,0,0,2,1,2,0,100,150,0,0,0,0,-24,20,56,-36,-56,0,35,33,37,36,32,36,124,122,123,122,122,123,-999,-999,-999
8.305695295333862,0.005370243852290245,0.3644094042625523,-0.07134752546614181,1.112407655117265,-0.07901930239798503,0.21831527895759553,0.01150766539776481,0.36901247042165825,-0.08822543471619687,1.1216137874354768,-0.06367574853429861,0.2195082586240305,0,0,2,0,1,0,100,150,0,0,0,0,0,-20,56,-36,-52,0,35,33,37,36,32,36,124,122,123,122,122,123,-999,-999,-999
8.32062840461731,0.006904599238658886,0.36594375964892095,-0.07134752546614181,1.112407655117265,-0.07901930239798503,0.21831527895759553,0.01150766539776481,0.3720811811943955,-0.08822543471619687,1.1216137874354768,-0.06367574853429861,0.2195082586240305,0,0,1,0,1,0,100,50,0,0,0,0,-20,-24,56,-36,-52,0,35,33,37,36,32,36,124,122,123,122,122,123,-999,-999,-999
8.33764362335205,0.006904599238658886,0.3705468258080269,-0.07134752546614181,1.112407655117265,-0.07901930239798503,0.21831527895759553,0.01150766539776481,0.3751498919671328,-0.08822543471619687,1.1216137874354768,-0.06367574853429861,0.2195082586240305,0,0,2,1,1,0,50,100,0,0,0,0,-20,-20,56,-36,-52,0,35,33,37,36,32,36,124,122,123,122,122,123,-999,-999,-999
8.353654146194458,0.008438954625027528,0.3751498919671328,-0.07134752546614181,1.112407655117265,-0.07901930239798503,0.21831527895759553,0.013042020784133452,0.3782186027398701,-0.08822543471619687,1.1216137874354768,-0.06367574853429861,0.2195082586240305,0,1,2,0,1,0,0,150,0,0,0,0,-24,-20,56,-36,-52,0,35,33,37,36,32,36,124,122,123,122,122,123,-999,-999,-999
8.369813442230225,0.008438954625027528,0.3766842473535015,-0.07134752546614181,1.112407655117265,-0.07901930239798503,0.21831527895759553,0.013042020784133452,0.38128731351260736,-0.08822543471619687,1.1216137874354768,-0.06367574853429861,0.2195082586240305,1,0,2,1,2,0,50,150,0,0,0,0,-24,0,56,-36,-52,0,35,33,37,36,32,36,124,122,123,122,122,123,-999,-999,-999
8.385729789733887,0.006904599238658886,0.37975295812623877,-0.07134752546614181,1.112407655117265,-0.07901930239798503,0.21831527895759553,0.013042020784133452,0.382821668898976,-0.08822543471619687,1.1216137874354768,-0.06367574853429861,0.2195082586240305,0,0,1,1,1,0,50,100,0,0,0,0,-24,-20,56,-36,-52,0,35,33,37,36,32,36,124,122,123,122,122,123,-999,-999,-999
8.402643203735352,0.006904599238658886,0.38435602428534466,-0.07134752546614181,1.112407655117265,-0.07901930239798503,0.21831527895759553,0.013042020784133452,0.3858903796717133,-0.08822543471619687,1.1216137874354768,-0.06367574853429861,0.2195082586240305,1,0,2,0,1,0,0,100,0,0,0,0,-32,-20,56,-36,-52,0,35,33,37,36,32,36,124,122,123,122,122,123,-999,-999,-999
8.41863751411438,0.005370243852290245,0.38742473505808195,-0.07134752546614181,1.112407655117265,-0.07901930239798503,0.21831527895759553,0.013042020784133452,0.38742473505808195,-0.08822543471619687,1.1216137874354768,-0.06367574853429861,0.2195082586240305,0,0,2,1,1,0,-50,150,0,0,0,0,-28,20,56,-36,-52,0,35,33,37,36,32,36,124,122,123,122,122,123,-999,-999,-999
8.433688640594482,0.005370243852290245,0.3889590904444506,-0.07134752546614181,1.112407655117265,-0.07901930239798503,0.21831527895759553,0.013042020784133452,0.3904934458308192,-0.08822543471619687,1.1216137874354768,-0.06367574853429861,0.2195082586240305,0,0,1,0,1,0,-50,150,0,0,0,0,-36,0,56,-36,-52,0,35,33,37,36,32,36,124,122,123,122,122,123,-999,-999,-999
8.44981861114502,0.005370243852290245,0.3904934458308192,-0.07134752546614181,1.112407655117265,-0.07901930239798503,0.21831527895759553,0.013042020784133452,0.39356215660355653,-0.08822543471619687,1.1216137874354768,-0.06367574853429861,0.2195082586240305,0,0,2,1,2,0,0,50,0,0,0,0,-32,0,56,-36,-52,0,35,33,37,36,32,36,124,122,123,122,122,123,-999,-999,-999
8.465723514556885,0.005370243852290245,0.39356215660355653,-0.07134752546614181,1.112407655117265,-0.07901930239798503,0.21831527895759553,0.01150766539776481,0.3950965119899252,-0.08822543471619687,1.1216137874354768,-0.06367574853429861,0.2195082586240305,0,0,2,1,1,0,0,100,0,0,0,0,-28,0,56,-36,-52,0,35,33,37,36,32,36,124,122,123,122,122,123,-999,-999,-999
8.481807947158813,0.005370243852290245,0.3966308673762938,-0.07134752546614181,1.112407655117265,-0.07901930239798503,0.21831527895759553,0.01150766539776481,0.3981652227626624,-0.08822543471619687,1.1216137874354768,-0.06367574853429861,0.2195082586240305,0,0,2,1,2,0,0,100,0,0,0,0,-24,0,56,-36,-52,0,35,33,37,36,32,36,124,122,123,122,122,123,-999,-999,-999
8.497696876525879,0.005370243852290245,0.3981652227626624,-0.07134752546614181,1.112407655117265,-0.07901930239798503,0.21831527895759553,0.01150766539776481,0.4012339335353997,-0.08822543471619687,1.1216137874354768,-0.06367574853429861,0.2195082586240305,0,0,1,0,1,0,0,100,0,0,0,0,-28,0,56,-36,-52,0,35,33,38,36,32,36,124,122,123,122,122,123,-999,-999,-999
8.513237476348877,0.005370243852290245,0.4012339335353997,-0.07134752546614181,1.112407655117265,-0.07901930239798503,0.21831527895759553,0.01150766539776481,0.40276828892176836,-0.08822543471619687,1.1216137874354768,-0.06367574853429861,0.2195082586240305,0,0,2,0,2,0,0,100,0,0,0,0,-28,0,56,-36,-52,0,35,33,37,36,32,36,124,122,123,122,122,123,-999,-999,-999
8.529680728912354,0.005370243852290245,0.40276828892176836,-0.07134752546614181,1.112407655117265,-0.07901930239798503,0.21831527895759553,0.009973310011396168,0.40583699969450565,-0.08822543471619687,1.1216137874354768,-0.06367574853429861,0.2195082586240305,0,0,2,1,2,0,0,100,0,0,0,0,-24,0,56,-36,-52,0,35,33,37,36,32,36,124,122,123,122,122,123,-999,-999,-999
8.546682119369507,0.005370243852290245,0.40583699969450565,-0.07134752546614181,1.112407655117265,-0.07901930239798503,0.21831527895759553,0.009973310011396168,0.40737135508087424,-0.08822543471619687,1.1216137874354768,-0.06367574853429861,0.2195082586240305,0,0,2,1,1,0,0,100,0,0,0,0,-24,0,56,-36,-52,0,35,33,37,36,32,36,124,122,123,122,122,123,-999,-999,-999
8.562284469604492,0.005370243852290245,0.4089057104672429,-0.07134752546614181,1.112407655117265,-0.07901930239798503,0.21831527895759553,0.009973310011396168,0.4089057104672429,-0.08822543471619687,1.1216137874354768,-0.06367574853429861,0.2195082586240305,1,0,2,1,2,0,0,100,0,0,0,0,-20,0,56,-36,-52,0,35,33,38,36,32,36,124,122,123,122,122,123,-999,-999,-999
8.578683137893677,0.005370243852290245,0.41197442123998024,-0.07134752546614181,1.112407655117265,-0.07901930239798503,0.21831527895759553,0.009973310011396168,0.4104400658536116,-0.08822543471619687,1.1216137874354768,-0.06367574853429861,0.2195082586240305,0,0,2,0,2,0,0,100,0,0,0,0,-24,0,56,-36,-52,0,35,33,37,36,32,36,124,122,123,122,122,123,-999,-999,-999
8.594711542129517,0.005370243852290245,0.4150431320127175,-0.07134752546614181,1.112407655117265,-0.07901930239798503,0.21831527895759553,0.008438954625027528,0.41197442123998024,-0.08822543471619687,1.1216137874354768,-0.06367574853429861,0.2195082586240305,0,1,1,1,1,0,0,100,0,0,0,0,-20,24,56,-36,-52,0,35,33,37,36,32,36,124,122,123,122,122,123,-999,-999,-999
8.609744548797607,0.005370243852290245,0.4165774873990861,-0.07134752546614181,1.112407655117265,-0.07901930239798503,0.21831527895759553,0.008438954625027528,0.41197442123998024,-0.08822543471619687,1.1216137874354768,-0.06367574853429861,0.2195082586240305,0,0,2,1,2,0,0,150,0,0,0,0,0,24,56,-36,-52,0,35,33,37,36,32,36,124,122,123,122,122,123,-999,-999,-999
8.62585735321045,0.005370243852290245,0.4165774873990861,-0.07134752546614181,1.112407655117265,-0.07901930239798503,0.21831527895759553,0.008438954625027528,0.41197442123998024,-0.08822543471619687,1.1216137874354768,-0.06367574853429861,0.2195082586240305,0,0,2,0,1,0,0,50,0,0,0,0,-20,24,56,-36,-52,0,35,33,37,36,32,36,124,122,123,121,122,123,-999,-999,-999
8.642863512039185,0.005370243852290245,0.4165774873990861,-0.07134752546614181,1.112407655117265,-0.07901930239798503,0.21831527895759553,0.006904599238658886,0.41197442123998024,-0.08822543471619687,1.1216137874354768,-0.06367574853429861,0.2195082586240305,0,0,2,0,1,0,0,50,0,0,0,0,0,28,56,-36,-52,0,35,33,37,36,32,36,124,122,123,122,122,122,-999,-999,-999
8.658711671829224,0.005370243852290245,0.4165774873990861,-0.07134752546614181,1.112407655117265,-0.07901930239798503,0.21831527895759553,0.006904599238658886,0.41197442123998024,-0.08822543471619687,1.1216137874354768,-0.06367574853429861,0.2195082586240305,0,0,2,0,1,0,0,0,0,0,0,0,20,24,56,-36,-52,0,35,33,37,36,32,36,124,122,123,122,122,123,-999,-999,-999
8.67485523223877,0.005370243852290245,0.4165774873990861,-0.07134752546614181,1.112407655117265,-0.07901930239798503,0.21831527895759553,0.006904599238658886,0.41197442123998024,-0.08822543471619687,1.1216137874354768,-0.06367574853429861,0.2195082586240305,0,1,1,1,2,0,0,0,0,0,0,0,0,24,56,-36,-52,0,35,33,37,36,32,36,124,122,123,122,122,123,-999,-999,-999
8.69086503982544,0.005370243852290245,0.4165774873990861,-0.07134752546614181,1.112407655117265,-0.07901930239798503,0.21831527895759553,0.006904599238658886,0.41197442123998024,-0.08822543471619687,1.1216137874354768,-0.06367574853429861,0.2195082586240305,0,0,2,1,2,0,0,0,0,0,0,0,0,24,56,-36,-52,0,35,33,37,36,32,36,124,122,123,122,122,123,-999,-999,-999
8.706268310546875,0.005370243852290245,0.4165774873990861,-0.07134752546614181,1.112407655117265,-0.07901930239798503,0.21831527895759553,0.006904599238658886,0.41197442123998024,-0.08822543471619687,1.1216137874354768,-0.06367574853429861,0.2195082586240305,0,0,2,0,2,0,0,0,0,0,0,0,0,24,56,-36,-52,0,35,32,37,36,32,36,124,122,123,122,122,123,-999,-999,-999
8.722865581512451,0.005370243852290245,0.4165774873990861,-0.07134752546614181,1.112407655117265,-0.07901930239798503,0.21831527895759553,0.006904599238658886,0.41197442123998024,-0.08822543471619687,1.1216137874354768,-0.06367574853429861,0.2195082586240305,0,0,2,1,1,0,0,0,0,0,0,0,0,24,56,-36,-52,0,35,33,37,36,32,36,124,122,123,122,122,123,-999,-999,-999
8.738726139068604,0.005370243852290245,0.4165774873990861,-0.07134752546614181,1.112407655117265,-0.07901930239798503,0.21831527895759553,0.006904599238658886,0.41197442123998024,-0.08822543471619687,1.1216137874354768,-0.06367574853429861,0.2195082586240305,0,0,2,0,1,0,0,0,0,0,0,0,0,24,56,-36,-52,0,35,33,37,36,32,36,124,122,123,122,122,123,-999,-999,-999
8.754703283309937,0.005370243852290245,0.4165774873990861,-0.07134752546614181,1.112407655117265,-0.07901930239798503,0.21831527895759553,0.006904599238658886,0.41197442123998024,-0.08822543471619687,1.1216137874354768,-0.06367574853429861,0.2195082586240305,0,0,2,1,2,0,0,0,0,0,0,0,0,24,56,-36,-52,0,35,33,37,36,32,36,124,122,122,122,122,123,-999,-999,-999
8.770724296569824,0.005370243852290245,0.4165774873990861,-0.07134752546614181,1.112407655117265,-0.07901930239798503,0.21831527895759553,0.005370243852290245,0.41197442123998024,-0.08822543471619687,1.1216137874354768,-0.06367574853429861,0.2195082586240305,0,0,2,1,2,0,0,0,0,0,0,0,0,24,56,-36,-52,0,35,32,37,36,32,36,124,122,123,122,122,123,-999,-999,-999
8.786296606063843,0.005370243852290245,0.4165774873990861,-0.07134752546614181,1.112407655117265,-0.07901930239798503,0.21831527895759553,0.005370243852290245,0.41197442123998024,-0.08822543471619687,1.1216137874354768,-0.06367574853429861,0.2195082586240305,0,0,2,1,1,0,0,0,0,0,0,0,0,24,56,-36,-52,0,35,33,37,36,32,36,124,122,123,122,122,123,-999,-999,-999
8.80271291732788,0.005370243852290245,0.4165774873990861,-0.07134752546614181,1.112407655117265,-0.07901930239798503,0.21831527895759553,0.005370243852290245,0.4135087766263489,-0.08822543471619687,1.1216137874354768,-0.06367574853429861,0.2195082586240305,0,0,2,0,2,0,0,0,0,0,0,0,0,24,56,-36,-52,0,35,33,37,36,32,36,124,122,123,122,122,123,-999,-999,-999
8.818750858306885,0.005370243852290245,0.4165774873990861,-0.07134752546614181,1.112407655117265,-0.07901930239798503,0.21831527895759553,0.005370243852290245,0.4135087766263489,-0.08822543471619687,1.1216137874354768,-0.06367574853429861,0.2195082586240305,0,0,2,0,1,0,0,0,0,0,0,0,0,0,56,-36,-52,0,35,33,37,36,32,36,124,122,123,122,122,123,-999,-999,-999
8.8348548412323,0.005370243852290245,0.4165774873990861,-0.07134752546614181,1.112407655117265,-0.07901930239798503,0.21831527895759553,0.005370243852290245,0.4135087766263489,-0.08822543471619687,1.1216137874354768,-0.06367574853429861,0.2195082586240305,0,0,2,1,1,0,0,0,0,0,0,0,0,20,56,-36,-52,0,35,33,37,36,32,36,124,122,123,122,122,123,-999,-999,-999
8.850739002227783,0.005370243852290245,0.4165774873990861,-0.07134752546614181,1.112407655117265,-0.07901930239798503,0.21831527895759553,0.0038358884659216034,0.4135087766263489,-0.08822543471619687,1.1216137874354768,-0.06367574853429861,0.2195082586240305,0,0,2,0,2,0,0,0,0,0,0,0,0,20,56,-36,-52,0,35,33,37,36,32,36,124,122,123,122,122,123,-999,-999,-999
8.866889715194702,0.005370243852290245,0.4165774873990861,-0.07134752546614181,1.112407655117265,-0.07901930239798503,0.21831527895759553,0.0007671776931843208,0.4135087766263489,-0.08822543471619687,1.1216137874354768,-0.06367574853429861,0.2195082586240305,0,1,2,1,2,0,0,0,0,0,0,0,20,20,56,-36,-52,0,35,33,37,36,32,36,124,122,123,122,122,123,-999,-999,-999
8.883706092834473,0.005370243852290245,0.4165774873990861,-0.07134752546614181,1.112407655117265,-0.07901930239798503,0.21831527895759553,-0.002301533079552962,0.4135087766263489,-0.08822543471619687,1.1216137874354768,-0.06367574853429861,0.2195082586240305,0,0,2,0,1,0,0,0,0,0,0,0,40,20,56,-36,-52,0,35,33,37,36,32,36,124,122,123,122,122,123,-999,-999,-999
8.899893522262573,0.005370243852290245,0.4165774873990861,-0.07134752546614181,1.112407655117265,-0.07901930239798503,0.21831527895759553,-0.002301533079552962,0.4135087766263489,-0.08822543471619687,1.1216137874354768,-0.06367574853429861,0.2195082586240305,1,0,1,1,2,0,0,0,0,0,0,0,44,20,56,-36,-52,0,35,33,37,36,32,36,124,122,123,122,122,123,-999,-999,-999
8.915758609771729,0.005370243852290245,0.4165774873990861,-0.07134752546614181,1.112407655117265,-0.07901930239798503,0.21831527895759553,-0.0038358884659216034,0.4135087766263489,-0.08822543471619687,1.1216137874354768,-0.06367574853429861,0.2195082586240305,1,0,2,0,1,0,0,0,0,0,0,0,40,20,56,-36,-52,0,35,33,37,36,32,36,124,122,123,122,122,123,-999,-999,-999
8.929311037063599,0.005370243852290245,0.4165774873990861,-0.07134752546614181,1.112407655117265,-0.07901930239798503,0.21831527895759553,-0.005370243852290245,0.4135087766263489,-0.08822543471619687,1.1216137874354768,-0.06367574853429861,0.2195082586240305,1,0,2,0,1,0,0,0,0,0,0,0,44,20,56,-36,-52,0,35,33,37,36,32,36,124,122,123,122,122,123,-999,-999,-999
8.947769165039062,0.005370243852290245,0.4165774873990861,-0.07134752546614181,1.112407655117265,-0.07901930239798503,0.21831527895759553,-0.005370243852290245,0.4135087766263489,-0.08822543471619687,1.1216137874354768,-0.06367574853429861,0.2195082586240305,0,1,2,0,2,0,0,0,0,0,0,0,44,20,56,-36,-52,0,35,33,37,36,32,36,124,122,123,122,122,123,-999,-999,-999
8.963761806488037,0.005370243852290245,0.4165774873990861,-0.07134752546614181,1.112407655117265,-0.07901930239798503,0.21831527895759553,-0.005370243852290245,0.4135087766263489,-0.08822543471619687,1.1216137874354768,-0.06367574853429861,0.2195082586240305,1,0,2,1,2,0,0,0,0,0,0,0,40,20,56,-36,-52,0,35,33,37,36,32,36,124,122,123,122,122,123,-999,-999,-999
8.979758262634277,0.0038358884659216034,0.4165774873990861,-0.07134752546614181,1.112407655117265,-0.07901930239798503,0.21831527895759553,-0.005370243852290245,0.4135087766263489,-0.08822543471619687,1.1216137874354768,-0.06367574853429861,0.2195082586240305,1,0,2,1,1,0,0,0,0,0,0,0,40,20,56,-36,-52,0,35,33,37,36,32,36,124,122,123,122,122,123,-999,-999,-999
8.995315313339233,0.0038358884659216034,0.4165774873990861,-0.07134752546614181,1.112407655117265,-0.07901930239798503,0.21831527895759553,-0.005370243852290245,0.4135087766263489,-0.08822543471619687,1.1216137874354768,-0.06367574853429861,0.2195082586240305,0,0,2,1,1,0,0,0,0,0,0,0,36,20,56,-36,-52,0,35,33,37,36,32,36,124,122,123,122,122,123,-999,-999,-999
9.011883020401001,0.002301533079552962,0.4165774873990861,-0.07134752546614181,1.112407655117265,-0.07901930239798503,0.21831527895759553,-0.006904599238658886,0.4135087766263489,-0.08822543471619687,1.1216137874354768,-0.06367574853429861,0.2195082586240305,0,0,2,0,2,0,-50,0,0,0,0,0,36,20,56,-36,-52,0,35,33,37,36,32,36,124,122,123,122,122,123,-999,-999,-999
9.027765035629272,0.002301533079552962,0.4165774873990861,-0.07134752546614181,1.112407655117265,-0.07901930239798503,0.21831527895759553,-0.006904599238658886,0.4135087766263489,-0.08822543471619687,1.1216137874354768,-0.06367574853429861,0.2195082586240305,1,0,2,1,1,0,0,0,0,0,0,0,36,20,56,-36,-52,0,35,33,37,36,32,36,124,122,123,122,122,123,-999,-999,-999
9.04379415512085,0.002301533079552962,0.4165774873990861,-0.07134752546614181,1.112407655117265,-0.07901930239798503,0.21831527895759553,-0.006904599238658886,0.4135087766263489,-0.08822543471619687,1.1216137874354768,-0.06367574853429861,0.2195082586240305,0,0,2,1,2,0,-50,0,0,0,0,0,36,20,56,-36,-52,0,35,33,37,36,32,36,124,122,123,122,122,123,-999,-999,-999
9.05877947807312,0.0007671776931843208,0.4165774873990861,-0.07134752546614181,1.112407655117265,-0.07901930239798503,0.21831527895759553,-0.006904599238658886,0.4135087766263489,-0.08822543471619687,1.1216137874354768,-0.06367574853429861,0.2195082586240305,1,0,1,0,1,0,-50,0,0,0,0,0,28,20,56,-36,-52,0,35,33,37,36,32,36,124,122,123,122,122,123,-999,-999,-999
9.07679271697998,-0.0007671776931843208,0.4165774873990861,-0.07134752546614181,1.112407655117265,-0.07901930239798503,0.21831527895759553,-0.006904599238658886,0.4135087766263489,-0.08822543471619687,1.1216137874354768,-0.06367574853429861,0.2195082586240305,0,0,2,1,1,0,-50,0,0,0,0,0,24,20,56,-36,-52,0,35,33,37,36,32,36,124,122,123,122,122,123,-999,-999,-999
9.091740846633911,-0.0007671776931843208,0.4165774873990861,-0.07134752546614181,1.112407655117265,-0.07901930239798503,0.21831527895759553,-0.006904599238658886,0.4135087766263489,-0.08822543471619687,1.1216137874354768,-0.06367574853429861,0.2195082586240305,1,0,2,1,1,0,-50,0,0,0,0,0,24,20,56,-36,-52,0,35,33,37,36,32,36,124,122,123,122,122,123,-999,-999,-999
9.10832929611206,-0.002301533079552962,0.4165774873990861,-0.07134752546614181,1.112407655117265,-0.07901930239798503,0.21831527895759553,-0.006904599238658886,0.4135087766263489,-0.08822543471619687,1.1216137874354768,-0.06367574853429861,0.2195082586240305,1,0,1,1,2,0,0,0,0,0,0,0,28,20,56,-36,-52,0,35,33,37,36,32,36,124,122,123,122,122,123,-999,-999,-999
9.124738931655884,-0.002301533079552962,0.4165774873990861,-0.07134752546614181,1.112407655117265,-0.07901930239798503,0.21831527895759553,-0.006904599238658886,0.4135087766263489,-0.08822543471619687,1.1216137874354768,-0.06367574853429861,0.2195082586240305,0,0,2,1,1,0,-50,0,0,0,0,0,20,20,56,-36,-52,0,35,33,37,36,32,36,124,122,123,122,122,123,-999,-999,-999
9.139925241470337,-0.002301533079552962,0.4165774873990861,-0.07134752546614181,1.112407655117265,-0.07901930239798503,0.21831527895759553,-0.006904599238658886,0.4135087766263489,-0.08822543471619687,1.1216137874354768,-0.06367574853429861,0.2195082586240305,0,0,2,1,1,0,0,0,0,0,0,0,24,20,56,-36,-52,0,35,33,37,36,32,36,124,122,123,122,122,123,-999,-999,-999
9.15681767463684,-0.002301533079552962,0.4165774873990861,-0.07134752546614181,1.112407655117265,-0.07901930239798503,0.21831527895759553,-0.005370243852290245,0.4135087766263489,-0.08822543471619687,1.1216137874354768,-0.06367574853429861,0.2195082586240305,0,1,2,1,1,0,0,0,0,0,0,0,24,20,56,-36,-52,0,35,33,37,36,32,36,124,122,123,122,122,123,-999,-999,-999
9.172741413116455,-0.002301533079552962,0.4165774873990861,-0.07134752546614181,1.112407655117265,-0.07901930239798503,0.21831527895759553,-0.005370243852290245,0.4135087766263489,-0.08822543471619687,1.1216137874354768,-0.06367574853429861,0.2195082586240305,0,0,2,0,1,0,0,0,0,0,0,0,20,20,56,-36,-52,0,35,33,37,36,32,36,124,122,123,122,122,123,-999,-999,-999
9.188965797424316,-0.002301533079552962,0.4165774873990861,-0.07134752546614181,1.112407655117265,-0.07901930239798503,0.21831527895759553,-0.005370243852290245,0.4135087766263489,-0.08822543471619687,1.1216137874354768,-0.06367574853429861,0.2195082586240305,0,0,2,1,1,0,0,0,0,0,0,0,0,20,56,-36,-52,0,35,33,37,36,32,36,124,122,123,122,122,123,-999,-999,-999
9.204761266708374,-0.002301533079552962,0.4165774873990861,-0.07134752546614181,1.112407655117265,-0.07901930239798503,0.21831527895759553,-0.005370243852290245,0.4135087766263489,-0.08822543471619687,1.1216137874354768,-0.06367574853429861,0.2195082586240305,0,0,2,1,2,0,0,0,0,0,0,0,20,20,56,-36,-52,0,35,33,37,36,32,36,124,122,123,122,122,123,-999,-999,-999
9.220758438110352,-0.0007671776931843208,0.4165774873990861,-0.07134752546614181,1.112407655117265,-0.07901930239798503,0.21831527895759553,-0.005370243852290245,0.4135087766263489,-0.08822543471619687,1.1216137874354768,-0.06367574853429861,0.2195082586240305,0,0,2,0,1,0,0,0,0,0,0,0,20,20,56,-36,-52,0,35,33,37,36,32,36,124,122,123,122,122,123,-999,-999,-999
9.235948085784912,-0.0007671776931843208,0.4165774873990861,-0.07134752546614181,1.112407655117265,-0.07901930239798503,0.21831527895759553,-0.005370243852290245,0.4135087766263489,-0.08822543471619687,1.1216137874354768,-0.06367574853429861,0.2195082586240305,0,0,2,0,1,0,50,0,0,0,0,0,28,20,56,-36,-52,0,35,33,37,36,32,36,124,122,123,122,122,123,-999,-999,-999
9.252769708633423,-0.0007671776931843208,0.4165774873990861,-0.07134752546614181,1.112407655117265,-0.07901930239798503,0.21831527895759553,-0.005370243852290245,0.4135087766263489,-0.08822543471619687,1.1216137874354768,-0.06367574853429861,0.2195082586240305,0,0,1,1,2,0,50,0,0,0,0,0,28,20,56,-36,-52,0,35,33,37,36,32,37,124,122,123,122,122,123,-999,-999,-999
9.267758131027222,-0.0007671776931843208,0.4165774873990861,-0.07134752546614181,1.112407655117265,-0.07901930239798503,0.21831527895759553,-0.005370243852290245,0.4135087766263489,-0.08822543471619687,1.1216137874354768,-0.06367574853429861,0.2195082586240305,0,0,2,0,2,0,0,0,0,0,0,0,24,20,56,-36,-52,0,35,33,37,36,32,36,124,122,123,122,122,123,-999,-999,-999
9.284838676452637,-0.0007671776931843208,0.4165774873990861,-0.07134752546614181,1.112407655117265,-0.07901930239798503,0.21831527895759553,-0.005370243852290245,0.4135087766263489,-0.08822543471619687,1.1216137874354768,-0.06367574853429861,0.2195082586240305,1,0,2,1,1,0,0,0,0,0,0,0,24,20,56,-36,-52,0,35,33,37,36,32,36,124,122,123,122,122,123,-999,-999,-999
9.300956726074219,-0.0007671776931843208,0.4165774873990861,-0.07134752546614181,1.112407655117265,-0.07901930239798503,0.21831527895759553,-0.005370243852290245,0.4135087766263489,-0.08822543471619687,1.1216137874354768,-0.06367574853429861,0.2195082586240305,1,0,2,1,1,0,0,0,0,0,0,0,24,20,56,-36,-52,0,35,33,37,36,32,36,124,122,123,122,122,123,-999,-999,-999
9.316932439804077,-0.0007671776931843208,0.4165774873990861,-0.07134752546614181,1.112407655117265,-0.07901930239798503,0.21831527895759553,-0.005370243852290245,0.41197442123998024,-0.08822543471619687,1.1216137874354768,-0.06367574853429861,0.2195082586240305,0,0,1,1,1,0,0,0,0,0,0,0,24,24,56,-36,-52,0,35,33,37,36,32,36,124,122,123,122,122,123,-999,-999,-999
9.331955194473267,-0.0007671776931843208,0.4165774873990861,-0.07134752546614181,1.112407655117265,-0.07901930239798503,0.21831527895759553,-0.005370243852290245,0.41197442123998024,-0.08822543471619687,1.1216137874354768,-0.06367574853429861,0.2195082586240305,0,0,1,1,2,0,0,0,0,0,0,0,24,28,56,-36,-52,0,35,33,37,36,32,36,124,122,123,122,122,123,-999,-999,-999
9.348934173583984,-0.0007671776931843208,0.4165774873990861,-0.07134752546614181,1.112407655117265,-0.07901930239798503,0.21831527895759553,-0.005370243852290245,0.4104400658536116,-0.08822543471619687,1.1216137874354768,-0.06367574853429861,0.2195082586240305,0,0,2,1,2,0,0,0,0,0,0,0,24,32,56,-36,-52,0,35,33,37,36,32,36,124,122,123,122,122,122,-999,-999,-999
9.364943742752075,-0.0007671776931843208,0.4165774873990861,-0.07134752546614181,1.112407655117265,-0.07901930239798503,0.21831527895759553,-0.005370243852290245,0.4104400658536116,-0.08822543471619687,1.1216137874354768,-0.06367574853429861,0.2195082586240305,1,0,1,0,1,0,0,0,0,0,0,0,24,32,56,-36,-52,0,35,33,37,36,32,36,124,122,123,122,122,123,-999,-999,-999
9.380933046340942,-0.0007671776931843208,0.4165774873990861,-0.07134752546614181,1.112407655117265,-0.07901930239798503,0.21831527895759553,-0.005370243852290245,0.4104400658536116,-0.08822543471619687,1.1216137874354768,-0.06367574853429861,0.2195082586240305,0,0,2,0,1,0,0,0,0,0,0,0,24,28,56,-36,-52,0,35,33,37,36,32,36,124,122,123,122,122,123,-999,-999,-999
9.3979332447052,-0.0007671776931843208,0.4165774873990861,-0.07134752546614181,1.112407655117265,-0.07901930239798503,0.21831527895759553,-0.005370243852290245,0.4104400658536116,-0.08822543471619687,1.1216137874354768,-0.06367574853429861,0.2195082586240305,1,0,1,0,2,0,0,0,0,0,0,0,24,28,56,-36,-52,0,35,33,37,36,32,36,124,122,123,122,122,123,-999,-999,-999
9.413948059082031,-0.0007671776931843208,0.4165774873990861,-0.07134752546614181,1.112407655117265,-0.07901930239798503,0.21831527895759553,-0.005370243852290245,0.4104400658536116,-0.08822543471619687,1.1216137874354768,-0.06367574853429861,0.2195082586240305,0,1,2,1,2,0,0,0,0,0,0,0,24,28,56,-36,-52,0,35,33,37,36,32,36,124,122,123,122,122,123,-999,-999,-999
9.429969072341919,-0.0007671776931843208,0.4165774873990861,-0.07134752546614181,1.112407655117265,-0.07901930239798503,0.21831527895759553,-0.005370243852290245,0.4104400658536116,-0.08822543471619687,1.1216137874354768,-0.06367574853429861,0.2195082586240305,0,1,2,0,2,0,0,0,0,0,0,0,24,28,56,-36,-52,0,35,33,37,36,39,36,124,122,123,119,122,123,-999,-999,-999
9.445973873138428,-0.0007671776931843208,0.4165774873990861,-0.07134752546614181,1.112407655117265,-0.07901930239798503,0.21831527895759553,-0.005370243852290245,0.4104400658536116,-0.08822543471619687,1.1216137874354768,-0.06367574853429861,0.2195082586240305,1,0,2,1,1,0,0,0,0,0,0,0,24,28,56,-36,-52,0,35,33,37,36,32,36,124,122,123,122,122,123,-999,-999,-999
9.462818622589111,-0.0007671776931843208,0.4165774873990861,-0.07134752546614181,1.112407655117265,-0.07901930239798503,0.21831527895759553,-0.005370243852290245,0.4104400658536116,-0.08822543471619687,1.1216137874354768,-0.06367574853429861,0.2195082586240305,0,0,2,1,2,0,0,0,0,0,0,0,24,28,56,-36,-52,0,35,33,37,36,32,36,124,122,123,122,122,123,-999,-999,-999
9.477869033813477,-0.0007671776931843208,0.4165774873990861,-0.07134752546614181,1.112407655117265,-0.07901930239798503,0.21831527895759553,-0.005370243852290245,0.4104400658536116,-0.08822543471619687,1.1216137874354768,-0.06367574853429861,0.2195082586240305,0,1,1,1,1,0,0,0,0,0,0,0,24,28,56,-36,-52,0,35,33,37,36,32,36,124,122,123,122,122,123,-999,-999,-999
9.493836641311646,-0.0007671776931843208,0.4165774873990861,-0.07134752546614181,1.112407655117265,-0.07901930239798503,0.21831527895759553,-0.005370243852290245,0.4089057104672429,-0.08822543471619687,1.1216137874354768,-0.06367574853429861,0.2195082586240305,0,0,2,1,2,0,0,0,0,0,0,0,24,32,56,-36,-52,0,35,33,37,36,32,36,124,122,123,122,122,123,-999,-999,-999
9.509867191314697,-0.0007671776931843208,0.4165774873990861,-0.07134752546614181,1.112407655117265,-0.07901930239798503,0.21831527895759553,-0.005370243852290245,0.4089057104672429,-0.08822543471619687,1.1216137874354768,-0.06367574853429861,0.2195082586240305,0,1,2,1,2,0,0,0,0,0,0,0,24,36,56,-36,-52,0,35,33,37,36,32,36,124,122,123,122,122,123,-999,-999,-999
9.525958776473999,-0.0007671776931843208,0.4165774873990861,-0.07134752546614181,1.112407655117265,-0.07901930239798503,0.21831527895759553,-0.005370243852290245,0.40737135508087424,-0.08822543471619687,1.1216137874354768,-0.06367574853429861,0.2195082586240305,1,1,2,1,1,0,0,0,0,0,0,0,24,40,56,-36,-52,0,35,33,37,36,32,36,124,122,123,122,122,123,-999,-999,-999
9.541999340057373,-0.0007671776931843208,0.4165774873990861,-0.07134752546614181,1.112407655117265,-0.07901930239798503,0.21831527895759553,-0.005370243852290245,0.40737135508087424,-0.08822543471619687,1.1216137874354768,-0.06367574853429861,0.2195082586240305,0,0,1,1,1,0,0,0,0,0,0,0,24,40,56,-36,-52,0,35,33,37,36,32,36,124,122,123,122,122,123,-999,-999,-999
9.5578453540802,-0.0007671776931843208,0.4165774873990861,-0.07134752546614181,1.112407655117265,-0.07901930239798503,0.21831527895759553,-0.005370243852290245,0.40737135508087424,-0.08822543471619687,1.1216137874354768,-0.06367574853429861,0.2195082586240305,0,0,2,1,1,0,0,0,0,0,0,0,24,36,56,-36,-52,0,35,33,37,36,32,36,124,122,123,122,122,123,-999,-999,-999
9.573833465576172,-0.0007671776931843208,0.4165774873990861,-0.07134752546614181,1.112407655117265,-0.07901930239798503,0.21831527895759553,-0.005370243852290245,0.40737135508087424,-0.08822543471619687,1.1216137874354768,-0.06367574853429861,0.2195082586240305,0,1,2,1,1,0,0,0,0,0,0,0,24,36,56,-36,-52,0,35,33,37,36,32,36,124,122,123,122,122,123,-999,-999,-999
9.589994430541992,-0.0007671776931843208,0.4165774873990861,-0.07134752546614181,1.112407655117265,-0.07901930239798503,0.21831527895759553,-0.005370243852290245,0.40737135508087424,-0.08822543471619687,1.1216137874354768,-0.06367574853429861,0.2195082586240305,1,1,2,0,2,0,0,0,0,0,0,0,24,36,56,-36,-52,0,35,33,37,36,32,36,124,122,123,122,122,123,-999,-999,-999
9.606000185012817,-0.0007671776931843208,0.4165774873990861,-0.07134752546614181,1.112407655117265,-0.07901930239798503,0.21831527895759553,-0.005370243852290245,0.40737135508087424,-0.08822543471619687,1.1216137874354768,-0.06367574853429861,0.2195082586240305,0,0,2,1,2,0,0,0,0,0,0,0,24,36,56,-36,-52,0,35,33,37,36,32,36,124,122,123,122,122,123,-999,-999,-999
9.621408939361572,-0.0007671776931843208,0.4165774873990861,-0.07134752546614181,1.112407655117265,-0.07901930239798503,0.21831527895759553,-0.005370243852290245,0.40737135508087424,-0.08822543471619687,1.1216137874354768,-0.06367574853429861,0.2195082586240305,1,1,2,1,2,0,0,0,0,0,0,0,24,36,56,-36,-52,0,35,33,37,36,32,36,124,122,123,122,122,123,-999,-999,-999
9.636968851089478,-0.0007671776931843208,0.4165774873990861,-0.07134752546614181,1.112407655117265,-0.07901930239798503,0.21831527895759553,-0.005370243852290245,0.40737135508087424,-0.08822543471619687,1.1216137874354768,-0.06367574853429861,0.2195082586240305,0,1,1,1,1,0,0,0,0,0,0,0,24,36,56,-36,-52,0,35,33,37,36,32,36,124,122,123,122,122,123,-999,-999,-999
9.654003620147705,-0.0007671776931843208,0.4165774873990861,-0.07134752546614181,1.112407655117265,-0.07901930239798503,0.21831527895759553,-0.005370243852290245,0.40737135508087424,-0.08822543471619687,1.1216137874354768,-0.06367574853429861,0.2195082586240305,0,1,2,1,1,0,0,0,0,0,0,0,24,36,56,-36,-52,0,35,33,37,36,32,36,124,122,123,122,122,123,-999,-999,-999
9.670850038528442,-0.0007671776931843208,0.4165774873990861,-0.07134752546614181,1.112407655117265,-0.07901930239798503,0.21831527895759553,-0.005370243852290245,0.40737135508087424,-0.08822543471619687,1.1216137874354768,-0.06367574853429861,0.2195082586240305,0,0,1,1,1,0,0,0,0,0,0,0,24,36,56,-36,-52,0,35,33,37,36,32,36,124,122,123,122,122,123,-999,-999,-999
9.686844825744629,-0.0007671776931843208,0.4165774873990861,-0.07134752546614181,1.112407655117265,-0.07901930239798503,0.21831527895759553,-0.005370243852290245,0.40737135508087424,-0.08822543471619687,1.1216137874354768,-0.06367574853429861,0.2195082586240305,0,1,2,0,1,0,0,0,0,0,0,0,24,36,56,-36,-52,0,35,33,37,36,32,36,124,122,123,122,122,123,-999,-999,-999
9.702998876571655,-0.0007671776931843208,0.4165774873990861,-0.07134752546614181,1.112407655117265,-0.07901930239798503,0.21831527895759553,-0.005370243852290245,0.40737135508087424,-0.08822543471619687,1.1216137874354768,-0.06367574853429861,0.2195082586240305,0,1,2,1,1,0,0,0,0,0,0,0,24,36,56,-36,-52,0,35,33,37,36,32,36,124,122,123,122,122,123,-999,-999,-999
9.718964576721191,-0.0007671776931843208,0.4165774873990861,-0.07134752546614181,1.112407655117265,-0.07901930239798503,0.21831527895759553,-0.005370243852290245,0.40737135508087424,-0.08822543471619687,1.1216137874354768,-0.06367574853429861,0.2195082586240305,0,0,2,0,1,0,0,0,0,0,0,0,24,36,56,-36,-52,0,35,33,37,36,32,36,124,122,123,122,122,123,-999,-999,-999
9.733421087265015,-0.0007671776931843208,0.4165774873990861,-0.07134752546614181,1.112407655117265,-0.07901930239798503,0.21831527895759553,-0.005370243852290245,0.40737135508087424,-0.08822543471619687,1.1216137874354768,-0.06367574853429861,0.2195082586240305,1,1,2,0,1,0,0,0,0,0,0,0,24,36,56,-36,-52,0,35,33,37,36,32,36,124,122,123,122,122,123,-999,-999,-999
9.750829935073853,-0.0007671776931843208,0.4165774873990861,-0.07134752546614181,1.112407655117265,-0.07901930239798503,0.21831527895759553,-0.005370243852290245,0.40737135508087424,-0.08822543471619687,1.1216137874354768,-0.06367574853429861,0.2195082586240305,0,1,2,1,1,0,0,0,0,0,0,0,24,36,56,-36,-52,0,35,33,37,36,32,36,124,122,123,122,122,123,-999,-999,-999
9.766827583312988,-0.0007671776931843208,0.4165774873990861,-0.07134752546614181,1.112407655117265,-0.07901930239798503,0.21831527895759553,-0.005370243852290245,0.40737135508087424,-0.08822543471619687,1.1216137874354768,-0.06367574853429861,0.2195082586240305,0,0,1,0,1,0,0,0,0,0,0,0,24,36,56,-36,-52,0,35,33,37,36,32,36,124,122,123,122,122,123,-999,-999,-999
9.78383469581604,-0.0007671776931843208,0.4165774873990861,-0.07134752546614181,1.112407655117265,-0.07901930239798503,0.21831527895759553,-0.005370243852290245,0.40737135508087424,-0.08822543471619687,1.1216137874354768,-0.06367574853429861,0.2195082586240305,0,1,2,0,2,0,0,0,0,0,0,0,24,36,56,-36,-52,0,35,33,37,36,32,36,124,122,123,122,122,123,-999,-999,-999
9.798867464065552,-0.0007671776931843208,0.4165774873990861,-0.07134752546614181,1.112407655117265,-0.07901930239798503,0.21831527895759553,-0.005370243852290245,0.40737135508087424,-0.08822543471619687,1.1216137874354768,-0.06367574853429861,0.2195082586240305,0,1,1,1,1,0,0,0,0,0,0,0,24,36,56,-36,-52,0,35,33,37,36,32,36,124,122,123,122,122,123,-999,-999,-999
9.81500792503357,-0.0007671776931843208,0.4165774873990861,-0.07134752546614181,1.112407655117265,-0.07901930239798503,0.21831527895759553,-0.005370243852290245,0.40737135508087424,-0.08822543471619687,1.1216137874354768,-0.06367574853429861,0.2195082586240305,0,0,2,1,1,0,0,0,0,0,0,0,24,36,56,-36,-52,0,35,33,37,36,32,36,124,122,123,122,122,123,-999,-999,-999
9.830876588821411,-0.0007671776931843208,0.4165774873990861,-0.07134752546614181,1.112407655117265,-0.07901930239798503,0.21831527895759553,-0.005370243852290245,0.40737135508087424,-0.08822543471619687,1.1216137874354768,-0.06367574853429861,0.2195082586240305,0,0,1,1,1,0,0,0,0,0,0,0,24,36,56,-36,-52,0,35,33,37,36,32,36,124,122,123,122,122,123,-999,-999,-999
9.846864223480225,-0.0007671776931843208,0.4165774873990861,-0.07134752546614181,1.112407655117265,-0.07901930239798503,0.21831527895759553,-0.005370243852290245,0.40737135508087424,-0.08822543471619687,1.1216137874354768,-0.06367574853429861,0.2195082586240305,1,1,2,1,1,0,0,0,0,0,0,0,24,36,56,-36,-52,0,35,33,37,36,32,36,124,122,123,122,122,123,-999,-999,-999
9.86202883720398,-0.0007671776931843208,0.4165774873990861,-0.07134752546614181,1.112407655117265,-0.07901930239798503,0.21831527895759553,-0.005370243852290245,0.40737135508087424,-0.08822543471619687,1.1216137874354768,-0.06367574853429861,0.2195082586240305,0,1,2,1,2,0,0,0,0,0,0,0,24,36,56,-36,-52,0,35,33,37,36,32,36,124,122,122,122,122,123,-999,-999,-999
9.878928661346436,-0.0007671776931843208,0.4165774873990861,-0.07134752546614181,1.112407655117265,-0.07901930239798503,0.21831527895759553,-0.005370243852290245,0.40737135508087424,-0.08822543471619687,1.1216137874354768,-0.06367574853429861,0.2195082586240305,0,0,1,1,1,0,0,0,0,0,0,0,24,36,56,-36,-52,0,35,32,37,36,32,36,124,122,123,122,122,123,-999,-999,-999
9.893871545791626,-0.0007671776931843208,0.4165774873990861,-0.07134752546614181,1.112407655117265,-0.07901930239798503,0.21831527895759553,-0.005370243852290245,0.40737135508087424,-0.08822543471619687,1.1216137874354768,-0.06367574853429861,0.2195082586240305,0,1,2,1,2,0,0,0,0,0,0,0,24,36,56,-36,-52,0,35,33,37,36,32,36,124,122,123,122,122,123,-999,-999,-999
9.910907506942749,-0.0007671776931843208,0.4165774873990861,-0.07134752546614181,1.112407655117265,-0.07901930239798503,0.21831527895759553,-0.005370243852290245,0.40737135508087424,-0.08822543471619687,1.1216137874354768,-0.06367574853429861,0.2195082586240305,0,1,2,0,2,0,0,0,0,0,0,0,24,36,56,-36,-52,0,35,33,37,36,32,36,124,122,123,122,122,122,-999,-999,-999
9.926934242248535,-0.0007671776931843208,0.4165774873990861,-0.07134752546614181,1.112407655117265,-0.07901930239798503,0.21831527895759553,-0.005370243852290245,0.40737135508087424,-0.08822543471619687,1.1216137874354768,-0.06367574853429861,0.2195082586240305,1,1,2,1,1,0,0,0,0,0,0,0,24,36,56,-36,-52,0,35,33,37,36,32,36,124,122,123,122,122,123,-999,-999,-999
9.943049669265747,-0.0007671776931843208,0.4165774873990861,-0.07134752546614181,1.112407655117265,-0.07901930239798503,0.21831527895759553,-0.005370243852290245,0.40583699969450565,-0.08822543471619687,1.1216137874354768,-0.06367574853429861,0.2195082586240305,0,1,2,0,1,0,0,0,0,0,0,0,24,44,56,-36,-52,0,35,33,37,36,32,36,124,122,123,122,122,123,-999,-999,-999
9.958457946777344,-0.0007671776931843208,0.4165774873990861,-0.07134752546614181,1.112407655117265,-0.07901930239798503,0.21831527895759553,-0.005370243852290245,0.40583699969450565,-0.08822543471619687,1.1216137874354768,-0.06367574853429861,0.2195082586240305,0,1,1,0,1,0,0,0,0,0,0,0,24,44,56,-36,-52,0,35,33,37,36,32,36,124,122,123,122,122,123,-999,-999,-999
9.97588849067688,-0.0007671776931843208,0.4165774873990861,-0.07134752546614181,1.112407655117265,-0.07901930239798503,0.21831527895759553,-0.005370243852290245,0.40583699969450565,-0.08822543471619687,1.1216137874354768,-0.06367574853429861,0.2195082586240305,0,1,1,1,2,0,0,0,0,0,0,0,24,40,56,-36,-52,0,35,33,37,36,32,36,124,122,123,122,122,123,-999,-999,-999
9.990893602371216,-0.0007671776931843208,0.4165774873990861,-0.07134752546614181,1.112407655117265,-0.07901930239798503,0.21831527895759553,-0.005370243852290245,0.40583699969450565,-0.08822543471619687,1.1216137874354768,-0.06367574853429861,0.2195082586240305,0,1,1,1,1,0,0,0,0,0,0,0,24,40,56,-36,-52,0,35,33,37,36,32,36,124,122,123,122,122,123,-999,-999,-999
10.008524656295776,-0.0007671776931843208,0.4165774873990861,-0.07134752546614181,1.112407655117265,-0.07901930239798503,0.21831527895759553,-0.005370243852290245,0.40583699969450565,-0.08975979010256553,1.1216137874354768,-0.06367574853429861,0.2195082586240305,0,1,2,1,1,0,0,0,0,0,0,0,24,40,64,-36,-52,0,35,33,38,36,32,36,124,122,123,122,122,122,-999,-999,-999
10.024013042449951,-0.0007671776931843208,0.4165774873990861,-0.07134752546614181,1.112407655117265,-0.07901930239798503,0.21831527895759553,-0.005370243852290245,0.40583699969450565,-0.08975979010256553,1.1216137874354768,-0.06367574853429861,0.2195082586240305,0,0,2,1,1,0,0,0,0,0,0,0,24,40,64,-36,-52,0,35,33,37,36,32,36,124,122,123,122,122,123,-999,-999,-999
10.039957284927368,-0.0007671776931843208,0.4165774873990861,-0.07134752546614181,1.112407655117265,-0.07901930239798503,0.21831527895759553,-0.005370243852290245,0.40583699969450565,-0.08975979010256553,1.1216137874354768,-0.06367574853429861,0.2195082586240305,0,0,2,0,1,0,0,0,0,0,0,0,24,40,60,-36,-52,0,35,33,37,36,32,36,124,122,123,122,122,123,-999,-999,-999
10.055919170379639,-0.0007671776931843208,0.4165774873990861,-0.07134752546614181,1.112407655117265,-0.07901930239798503,0.21831527895759553,-0.005370243852290245,0.40583699969450565,-0.08975979010256553,1.1216137874354768,-0.06367574853429861,0.2195082586240305,1,0,2,1,1,0,0,0,0,0,0,0,24,40,60,-36,-52,0,35,33,37,36,32,36,124,122,123,122,122,123,-999,-999,-999
10.072501420974731,-0.0007671776931843208,0.4165774873990861,-0.07134752546614181,1.112407655117265,-0.07901930239798503,0.21831527895759553,-0.0038358884659216034,0.40583699969450565,-0.08975979010256553,1.1216137874354768,-0.06367574853429861,0.2195082586240305,0,1,2,1,2,0,0,0,0,0,0,0,24,40,60,-36,-52,0,35,33,37,36,32,36,124,122,123,122,122,122,-999,-999,-999
10.088048696517944,-0.0007671776931843208,0.4165774873990861,-0.07134752546614181,1.112407655117265,-0.07901930239798503,0.21831527895759553,-0.0038358884659216034,0.40583699969450565,-0.08975979010256553,1.1216137874354768,-0.06367574853429861,0.2195082586240305,0,0,2,1,1,0,0,0,0,0,0,0,0,40,60,-36,-52,0,35,33,37,36,32,36,124,122,123,122,122,123,-999,-999,-999
10.103501081466675,-0.0007671776931843208,0.4165774873990861,-0.07134752546614181,1.112407655117265,-0.07901930239798503,0.21831527895759553,-0.0038358884659216034,0.40583699969450565,-0.08975979010256553,1.120079432049108,-0.06367574853429861,0.2195082586240305,0,1,2,0,1,0,0,0,0,0,0,0,0,40,60,-32,-52,0,35,33,37,36,32,36,124,122,123,122,122,123,-999,-999,-999
