timestamp,pos1,pos2,pos3,pos4,pos5,aperture,goal_pos1,goal_pos2,goal_pos3,goal_pos4,goal_pos5,goal_aperture,current1,current2,current3,current4,current5,vel1,vel2,vel3,vel4,vel5,temp1,temp2,temp3,temp4,temp5,pwm1,pwm2,pwm3,pwm4,pwm5,volts1,volts2,volts3,volts4,volts5,force_x,force_y,force_z,force_gripper_x,force_gripper_y,force_gripper_z
0.0,-0.5629733511634133,-0.1503307586212929,-0.0644274679805541,1.379054612250432,-1.282413410279601,-11.081047030677242,-0.566041325829154,-0.1718065812814776,-0.0705634173120354,1.3775206249175618,-1.2872662603837752,-11.08972545459742,29.59,-252.86,-72.63,-8.07,-48.42,0.023980823922402,0.0,0.0479616478448041,0.0,0.0,32,37,37,35,38,-13,-88,-25,0,-18,12.9,12.9,12.9,12.8,12.8,-999,-999,-999.0,0.0,0.0,0.0
0.017288923263549805,-0.5629733511634133,-0.1518647459541632,-0.0644274679805541,1.379054612250432,-1.282413410279601,-11.081047030677242,-0.566041325829154,-0.1718065812814776,-0.0705634173120354,1.3775206249175618,-1.2872662603837752,-11.08972545459742,34.97,-255.55,-75.32,-10.76,-48.42,0.0479616478448041,0.0,0.0479616478448041,0.0,0.0,32,37,37,35,38,-13,-88,-25,-7,-18,12.9,12.9,12.9,12.8,12.8,-999,-999,-999.0,0.0,0.0,0.0
0.034311532974243164,-0.5629733511634133,-0.1503307586212929,-0.0644274679805541,1.3775206249175618,-1.282413410279601,-11.081047030677242,-0.5629733511634133,-0.1718065812814776,-0.0674954426462947,1.3775206249175618,-1.2872662603837752,-11.08972545459742,2.69,-260.93,-43.04,-8.07,-48.42,0.0479616478448041,0.0,0.0479616478448041,0.0,0.0,32,37,37,35,38,-7,-88,-19,0,-18,12.9,12.9,12.8,12.6,12.8,-999,-999,-999.0,0.0,0.0,0.0
0.0520191192626962,-0.5629733511634133,-0.1503307586212929,-0.0644274679805541,1.3775206249175618,-1.282413410279601,-11.081047030677242,-0.566041325829154,-0.1718065812814776,-0.0674954426462947,1.3775206249175618,-1.2872662603837752,-11.08972545459742,-5.38,-258.24,-34.97,-8.07,-51.11,0.023980823922402,0.0,0.023980823922402,0.0,0.0,32,37,37,35,38,0,-88,-19,-7,-18,12.9,12.9,12.6,12.8,12.8,-999,-999,-999.0,0.0,0.0,0.0
0.06911063194274902,-0.5629733511634133,-0.1503307586212929,-0.0613594933148134,1.3775206249175618,-1.282413410279601,-11.081047030677242,-0.566041325829154,-0.1718065812814776,-0.0674954426462947,1.3775206249175618,-1.2872662603837752,-11.08972545459742,21.52,-260.93,-67.25,-13.45,-48.42,0.0,0.0,0.023980823922402,0.0,0.0,32,37,37,35,38,-13,-88,-25,-7,-18,12.9,12.9,12.9,12.8,12.8,-999,-999,-999.0,0.0,0.0,0.0
0.08623504638671875,-0.5645073384962837,-0.1503307586212929,-0.0613594933148134,1.3775206249175618,-1.282413410279601,-11.081047030677242,-0.566041325829154,-0.1718065812814776,-0.0659614553134244,1.3775206249175618,-1.2872662603837752,-11.08972545459742,16.14,-252.86,-75.32,-8.07,-48.42,0.0,0.0,0.023980823922402,0.0,0.0,32,37,37,35,38,-7,-88,-25,0,-18,12.9,12.9,12.9,12.8,12.8,-999,-999,-999.0,0.0,0.0,0.0
0.10394072532653809,-0.566041325829154,-0.1503307586212929,-0.0613594933148134,1.3775206249175618,-1.2839473976124711,-11.083807233481693,-0.566041325829154,-0.1718065812814776,-0.0674954426462947,1.3775206249175618,-1.2872662603837752,-11.08972545459742,-2.69,-258.24,-45.73,-10.76,-51.11,-0.023980823922402,0.0,0.023980823922402,0.0,0.0,32,37,37,35,38,0,-88,-19,-7,-18,12.9,12.9,12.9,12.8,12.8,-999,-999,-999.0,0.0,0.0,0.0
0.12119102478027344,-0.566041325829154,-0.1503307586212929,-0.0613594933148134,1.379054612250432,-1.282413410279601,-11.081047030677242,-0.566041325829154,-0.1718065812814776,-0.0674954426462947,1.3775206249175618,-1.2872662603837752,-11.08972545459742,-2.69,-258.24,-69.94,-10.76,-48.42,-0.023980823922402,0.0,0.023980823922402,0.0,0.0,32,37,37,35,37,0,-88,-25,-7,-18,12.9,12.9,12.9,12.8,12.8,-999,-999,-999.0,0.0,0.0,0.0
0.13801240921020508,-0.5675753131620244,-0.1503307586212929,-0.0613594933148134,1.379054612250432,-1.282413410279601,-11.081047030677242,-0.566041325829154,-0.1702725939486073,-0.0674954426462947,1.3775206249175618,-1.2872662603837752,-11.08972545459742,-2.69,-215.2,-64.56,-10.76,-45.73,-0.023980823922402,0.0,0.023980823922402,0.0,0.0,32,37,37,35,37,6,-82,-25,-7,-18,12.9,12.9,12.9,12.8,12.8,-999,-999,-999.0,0.0,0.0,0.0
0.15520620346069336,-0.5675753131620244,-0.1503307586212929,-0.0613594933148134,1.379054612250432,-1.282413410279601,-11.081047030677242,-0.5629733511634133,-0.1718065812814776,-0.0674954426462947,1.3775206249175618,-1.2857322730509049,-11.08699914622456,8.07,-255.55,-61.87,-10.76,-32.28,-0.0479616478448041,0.0,0.0,0.0,0.0,32,37,37,35,37,12,-88,-32,-7,-6,12.9,12.9,12.9,12.9,12.8,-999,-999,-999.0,0.0,0.0,0.0
0.17198419570922852,-0.5675753131620244,-0.1503307586212929,-0.0613594933148134,1.3775206249175618,-1.282413410279601,-11.081047030677242,-0.5614393638305429,-0.1702725939486073,-0.0674954426462947,1.3775206249175618,-1.2872662603837752,-11.08972545459742,5.38,-217.89,-59.18,-8.07,-48.42,-0.023980823922402,0.0,0.0,0.0,0.0,32,37,37,35,37,18,-75,-25,0,-18,12.9,12.9,12.8,12.9,12.8,-999,-999,-999.0,0.0,0.0,0.0
0.18922019004821777,-0.566041325829154,-0.1503307586212929,-0.0613594933148134,1.3775206249175618,-1.2839473976124711,-11.083807233481693,-0.5599053764976727,-0.1687386066157369,-0.0674954426462947,1.3775206249175618,-1.2872662603837752,-11.08972545459742,2.69,-220.58,-61.87,-8.07,-51.11,0.0,0.0,0.0,0.0,0.0,32,37,37,35,37,25,-75,-25,-7,-18,12.9,12.9,13.0,12.8,12.8,-999,-999,-999.0,0.0,0.0,0.0
0.20698213577270508,-0.5645073384962837,-0.1503307586212929,-0.0613594933148134,1.379054612250432,-1.282413410279601,-11.081047030677242,-0.5599053764976727,-0.1702725939486073,-0.0659614553134244,1.3775206249175618,-1.2841982857180343,-11.084257180785212,-2.69,-239.41,-64.56,-10.76,-45.73,0.0,0.0,0.0,0.0,0.0,32,37,36,35,37,18,-82,-25,-7,-12,12.9,12.9,12.9,12.8,12.8,-999,-999,-999.0,0.0,0.0,0.0
0.22426915168762207,-0.5629733511634133,-0.1503307586212929,-0.0613594933148134,1.3775206249175618,-1.282413410279601,-11.081047030677242,-0.5583713891648023,-0.1702725939486073,-0.0674954426462947,1.3775206249175618,-1.2841982857180343,-11.084257180785212,0.0,-242.1,-48.42,-8.07,-10.76,0.023980823922402,0.0,0.0,0.0,0.0,32,37,37,35,37,12,-82,-25,0,-6,12.9,12.9,12.9,12.9,12.8,-999,-999,-999.0,0.0,0.0,0.0
0.24201369285583496,-0.5629733511634133,-0.1503307586212929,-0.0613594933148134,1.379054612250432,-1.2808794229467306,-11.078271137117955,-0.5583713891648023,-0.1702725939486073,-0.0659614553134244,1.3775206249175618,-1.2826642983851642,-11.081499542760596,5.38,-239.41,-69.94,-8.07,-67.25,0.0479616478448041,0.0,0.0,0.0,0.0,32,37,37,35,37,12,-82,-25,0,-12,12.9,13.0,12.9,12.9,12.8,-999,-999,-999.0,0.0,0.0,0.0
0.2589895725250244,-0.5599053764976727,-0.1503307586212929,-0.0613594933148134,1.3775206249175618,-1.2808794229467306,-11.078271137117955,-0.556837401831932,-0.1702725939486073,-0.0674954426462947,1.3775206249175618,-1.2795963237194234,-11.0759371864329,-24.21,-239.41,-53.8,-8.07,-10.76,0.0719424717672062,0.0,0.0,0.0,0.0,32,37,37,35,37,6,-82,-19,0,-6,12.9,12.9,12.9,12.9,12.9,-999,-999,-999.0,0.0,0.0,0.0
0.2759718894958496,-0.556837401831932,-0.1518647459541632,-0.0598255059819431,1.3775206249175618,-1.2793454356138605,-11.075479537091322,-0.556837401831932,-0.1702725939486073,-0.0659614553134244,1.3775206249175618,-1.2780623363865533,-11.07313243664444,-5.38,-234.03,-78.01,-8.07,-34.97,0.0719424717672062,0.0,0.0,0.0,0.023980823922402,32,37,37,35,37,0,-82,-32,-7,0,12.9,12.9,12.9,12.9,12.9,-999,-999,-999.0,0.0,0.0,0.0
0.2930631637573242,-0.5553034144990616,-0.1503307586212929,-0.0598255059819431,1.3775206249175618,-1.27781144828099,-11.07267221479512,-0.556837401831932,-0.1702725939486073,-0.0659614553134244,1.3775206249175618,-1.2780623363865533,-11.07313243664444,0.0,-234.03,-61.87,-8.07,-34.97,0.0959232956896083,0.0,0.0,0.0,0.023980823922402,32,37,37,35,37,-7,-82,-25,-7,0,12.9,12.9,12.9,12.9,12.9,-999,-999,-999.0,0.0,0.0,0.0
0.31026411056518555,-0.5553034144990616,-0.1503307586212929,-0.0598255059819431,1.3775206249175618,-1.2762774609481196,-11.069849154337357,-0.5553034144990616,-0.1702725939486073,-0.0659614553134244,1.3775206249175618,-1.2749943617208126,-11.067475714431614,0.0,-239.41,-83.39,-8.07,-51.11,0.0959232956896083,0.0,0.0,0.0,0.0479616478448041,32,37,37,36,37,0,-82,-25,0,7,12.9,13.0,12.9,12.9,12.8,-999,-999,-999.0,0.0,0.0,0.0
0.3280034065246582,-0.5553034144990616,-0.1503307586212929,-0.0598255059819431,1.379054612250432,-1.2747434736152492,-11.067010339736138,-0.5507014525004507,-0.1687386066157369,-0.0644274679805541,1.3775206249175618,-1.2703923997222015,-11.058872333664748,45.73,-220.58,-43.04,-8.07,-61.87,0.0719424717672062,0.0,0.0,0.0,0.0719424717672062,32,37,37,36,37,74,-75,-19,0,13,12.9,12.9,12.9,12.9,12.8,-999,-999,-999.0,0.0,0.0,0.0
0.34500765800476074,-0.5553034144990616,-0.1503307586212929,-0.0582915186490727,1.379054612250432,-1.2716754989495085,-11.061285383725718,-0.54763347783471,-0.1702725939486073,-0.0628934806476837,1.3775206249175618,-1.267324425056461,-11.053057692084955,-8.07,-217.89,-51.11,-10.76,-59.18,0.0479616478448041,0.0,0.0,0.0,0.0719424717672062,32,37,37,36,37,18,-75,-19,0,13,13.0,12.9,12.9,12.9,12.8,-999,-999,-999.0,0.0,0.0,0.0
0.36197948455810547,-0.5553034144990616,-0.1503307586212929,-0.0598255059819431,1.379054612250432,-1.270141511616638,-11.058399209902426,-0.5460994905018396,-0.1702725939486073,-0.0613594933148134,1.3775206249175618,-1.2642564503907203,-11.047179653537558,0.0,-234.03,-34.97,-8.07,-56.49,0.0,0.0,0.0,0.0,0.0959232956896083,32,37,37,36,37,25,-82,-19,0,13,13.0,12.9,12.9,12.9,12.8,-999,-999,-999.0,0.0,0.0,0.0
0.37901997566223145,-0.5537694271661913,-0.1503307586212929,-0.0567575313162024,1.3775206249175618,-1.2686075242837678,-11.055497217107288,-0.543031515836099,-0.1702725939486073,-0.0598255059819431,1.3759866375846914,-1.2611884757249796,-11.041238084867746,0.0,-239.41,-53.8,-8.07,-56.49,0.0,0.0,0.0,0.0,0.0959232956896083,32,37,37,36,37,31,-82,-19,0,13,13.0,12.9,12.9,12.9,12.8,-999,-999,-999.0,0.0,0.0,0.0
0.3959817886352539,-0.5507014525004507,-0.1503307586212929,-0.055223543983332,1.3775206249175618,-1.2655395496180273,-11.049645708779876,-0.543031515836099,-0.1702725939486073,-0.0598255059819431,1.3759866375846914,-1.2611884757249796,-11.041238084867746,13.45,-231.34,-37.66,-8.07,-45.73,0.023980823922402,0.0,0.023980823922402,0.0,0.1199041196120104,32,37,37,36,37,31,-82,-19,-7,19,13.0,12.9,12.9,12.9,12.8,-999,-999,-999.0,0.0,0.0,0.0
0.41301679611206055,-0.5491674651675803,-0.1503307586212929,-0.055223543983332,1.3775206249175618,-1.2624715749522866,-11.043730726194982,-0.5384295538374879,-0.1687386066157369,-0.0567575313162024,1.3775206249175618,-1.2565865137263683,-11.032206318033356,8.07,-207.13,-37.66,-8.07,-53.8,0.0479616478448041,0.0,0.0479616478448041,0.0,0.1199041196120104,32,37,37,36,37,25,-75,-13,0,13,13.0,12.9,12.8,12.8,12.8,-999,-999,-999.0,0.0,0.0,0.0
0.4299886226654053,-0.5460994905018396,-0.1503307586212929,-0.0536895566504617,1.379054612250432,-1.2609375876194162,-11.040749390238,-0.5384295538374879,-0.1687386066157369,-0.0567575313162024,1.3775206249175618,-1.2565865137263683,-11.032206318033356,56.49,-215.2,-34.97,-8.07,-37.66,0.0959232956896083,0.0,0.0479616478448041,0.0,0.1199041196120104,32,37,37,36,37,31,-75,-13,0,19,13.0,12.9,12.9,12.9,12.8,-999,-999,-999.0,0.0,0.0,0.0
0.44722461700439453,-0.5414975285032286,-0.1503307586212929,-0.0521555693175914,1.3775206249175618,-1.2578696129536755,-11.034738944564298,-0.533827591838877,-0.1702725939486073,-0.055223543983332,1.3775206249175618,-1.250450564394887,-11.01994033828484,-2.69,-239.41,-24.21,-8.07,-37.66,0.1199041196120104,0.0,0.0479616478448041,0.0,0.1438849435344125,32,37,37,36,37,25,-82,-13,-7,19,12.9,12.9,12.9,12.9,12.8,-999,-999,-999.0,0.0,0.0,0.0
0.46422719955444336,-0.5384295538374879,-0.1518647459541632,-0.050621581984721,1.379054612250432,-1.2563356256208051,-11.031709800802352,-0.5322936045060066,-0.1702725939486073,-0.0536895566504617,1.3775206249175618,-1.2473825897291464,-11.013711197267622,-8.07,-242.1,-72.63,-5.38,-18.83,0.1678657674568146,0.0,0.0719424717672062,0.0,0.1438849435344125,32,37,37,36,37,12,-82,-19,0,25,12.9,12.9,12.9,12.8,12.8,-999,-999,-999.0,0.0,0.0,0.0
0.4810054302215576,-0.533827591838877,-0.1503307586212929,-0.0475536073189804,1.379054612250432,-1.2532676509550644,-11.02560358563166,-0.5322936045060066,-0.1702725939486073,-0.0536895566504617,1.3775206249175618,-1.2473825897291464,-11.013711197267622,-8.07,-228.65,-64.56,-8.07,-18.83,0.1918465913792167,0.0,0.0719424717672062,0.0,0.1438849435344125,33,37,37,36,37,6,-82,-19,0,25,12.9,12.9,12.9,12.8,12.8,-999,-999,-999.0,0.0,0.0,0.0
0.49806737899780273,-0.5322936045060066,-0.1503307586212929,-0.04601961998611,1.379054612250432,-1.250199676289324,-11.019433351471216,-0.5307596171731362,-0.1702725939486073,-0.0536895566504617,1.3775206249175618,-1.2427806277305355,-11.004246900258492,0.0,-239.41,-80.7,-8.07,-13.45,0.2158274153016187,0.0,0.0719424717672062,0.0,0.1438849435344125,33,37,37,36,37,6,-82,-25,-7,32,12.9,12.9,12.9,12.8,12.8,-999,-999,-999.0,0.0,0.0,0.0
0.5153424739837646,-0.5307596171731362,-0.1503307586212929,-0.04601961998611,1.379054612250432,-1.2455977142907129,-11.010057658337798,-0.5276916425073956,-0.1702725939486073,-0.0521555693175914,1.3775206249175618,-1.235110691066184,-10.988150314197622,2.69,-255.55,-67.25,-8.07,-21.52,0.1918465913792167,0.0,0.0719424717672062,0.0,0.1438849435344125,33,37,37,36,37,12,-82,-25,-7,25,13.0,12.9,12.9,12.8,12.8,-999,-999,-999.0,0.0,0.0,0.0
0.5329878330230722,-0.5307596171731362,-0.1503307586212929,-0.04601961998611,1.3775206249175618,-1.2425297396249722,-11.00372676172172,-0.5261576551745253,-0.1687386066157369,-0.050621581984721,1.3775206249175618,-1.230508729067573,-10.978297905100431,10.76,-242.1,-16.14,-8.07,-2.69,0.1438849435344125,0.0,0.0479616478448041,0.0,0.1678657674568146,33,37,37,36,37,12,-82,-19,0,38,13.0,12.9,12.8,12.9,12.7,-999,-999,-999.0,0.0,0.0,0.0
0.5500698089599609,-0.5292256298402659,-0.1518647459541632,-0.0444856326532397,1.379054612250432,-1.2394617649592314,-10.99733135027448,-0.5261576551745253,-0.1687386066157369,-0.050621581984721,1.3775206249175618,-1.230508729067573,-10.978297905100431,0.0,-196.37,-45.73,-8.07,0.0,0.0959232956896083,0.0,0.023980823922402,0.0,0.1678657674568146,33,37,36,36,37,12,-75,-19,-7,38,13.0,12.9,12.9,12.9,12.8,-999,-999,-999.0,0.0,0.0,0.0
0.5670785903930664,-0.5307596171731362,-0.1518647459541632,-0.0429516453203694,1.379054612250432,-1.2394617649592314,-10.99733135027448,-0.5261576551745253,-0.1687386066157369,-0.0475536073189804,1.3759866375846914,-1.2259067670689618,-10.968299040087992,-8.07,-217.89,-32.28,-13.45,0.0,0.0479616478448041,0.0,0.023980823922402,0.0,0.1678657674568146,33,37,37,35,37,12,-75,-13,-7,50,13.0,12.9,12.9,12.9,12.8,-999,-999,-999.0,0.0,0.0,0.0
0.5841751098632804,-0.5307596171731362,-0.1503307586212929,-0.0429516453203694,1.379054612250432,-1.2348598029606206,-10.987616950244652,-0.5261576551745253,-0.1702725939486073,-0.0475536073189804,1.3775206249175618,-1.2197708177374804,-10.954738516875,0.0,-231.34,-67.25,-5.38,10.76,0.023980823922402,0.0,0.023980823922402,0.0,0.1438849435344125,33,38,37,35,38,18,-75,-19,-7,63,12.9,12.9,12.9,12.9,12.8,-999,-999,-999.0,0.0,0.0,0.0
0.6019837856292725,-0.5307596171731362,-0.1503307586212929,-0.041417657987499,1.3775206249175618,-1.2302578409620095,-10.977756569739435,-0.5261576551745253,-0.1702725939486073,-0.04601961998611,1.3759866375846914,-1.209032906407388,-10.93037519701422,0.0,-231.34,-48.42,-13.45,0.0,0.0,0.0,0.0479616478448041,0.0,0.1438849435344125,32,37,37,35,38,18,-75,-19,-13,63,12.9,12.9,12.9,12.9,12.8,-999,-999,-999.0,0.0,0.0,0.0
0.6190083026885986,-0.5292256298402659,-0.1503307586212929,-0.041417657987499,1.3775206249175618,-1.2225879042976575,-10.960996831430547,-0.5261576551745253,-0.1702725939486073,-0.04601961998611,1.3775206249175618,-1.202896957075907,-10.916089754865254,0.0,-225.96,-69.94,-10.76,0.0,0.0,0.0,0.0479616478448041,0.0,0.1678657674568146,32,37,37,35,38,12,-75,-19,-13,57,12.9,13.0,12.9,12.9,12.7,-999,-999,-999.0,0.0,0.0,0.0
0.6359431743621826,-0.5292256298402659,-0.1503307586212929,-0.041417657987499,1.379054612250432,-1.2164519549661763,-10.94729447708298,-0.5261576551745253,-0.1702725939486073,-0.04601961998611,1.3775206249175618,-1.202896957075907,-10.916089754865254,8.07,-228.65,-67.25,-10.76,5.38,0.0,0.0,0.0479616478448041,0.0,0.2398082392240208,33,37,37,35,37,12,-75,-25,0,63,12.9,13.2,12.9,12.9,12.8,-999,-999,-999.0,0.0,0.0,0.0
0.6530311107635498,-0.5276916425073956,-0.1503307586212929,-0.0398836706546287,1.3775206249175618,-1.2118499929675657,-10.936845068616478,-0.5261576551745253,-0.1702725939486073,-0.0444856326532397,1.3759866375846914,-1.1967610077444255,-10.901538301356016,-5.38,-239.41,-45.73,-8.07,2.69,0.023980823922402,0.0,0.0479616478448041,0.0,0.287769887068825,33,37,37,35,37,6,-82,-19,-7,63,12.9,12.9,12.9,12.9,12.8,-999,-999,-999.0,0.0,0.0,0.0
0.6709372997283936,-0.5261576551745253,-0.1503307586212929,-0.0383496833217584,1.3775206249175618,-1.205714043636084,-10.922681319696611,-0.5261576551745253,-0.1702725939486073,-0.0444856326532397,1.3775206249175618,-1.1844891090814629,-10.871632052720976,-2.69,-236.72,-72.63,-5.38,2.69,0.0479616478448041,0.0,0.023980823922402,0.0,0.3117507109912271,33,37,37,35,37,0,-82,-19,0,63,12.9,12.9,12.9,12.8,12.8,-999,-999,-999.0,0.0,0.0,0.0
0.688288688659668,-0.5246236678416549,-0.1503307586212929,-0.0383496833217584,1.379054612250432,-1.1995780943046028,-10.908252157657612,-0.5246236678416549,-0.1702725939486073,-0.0444856326532397,1.3775206249175618,-1.1783531597499814,-10.856274542692184,2.69,-228.65,-48.42,-8.07,5.38,0.0479616478448041,0.0,0.023980823922402,0.0,0.3117507109912271,33,37,37,35,37,-13,-75,-25,0,63,12.9,12.9,12.9,12.8,12.8,-999,-999,-999.0,0.0,0.0,0.0
0.7059338092803955,-0.5230896805087846,-0.1503307586212929,-0.0383496833217584,1.379054612250432,-1.1934421449731214,-10.893556272887132,-0.5246236678416549,-0.1702725939486073,-0.0444856326532397,1.3775206249175618,-1.1783531597499814,-10.856274542692184,18.83,-236.72,-51.11,-8.07,0.0,0.0719424717672062,0.0,0.023980823922402,0.0,0.3117507109912271,33,37,37,35,37,-7,-75,-25,0,63,12.9,12.9,12.9,12.8,12.8,-999,-999,-999.0,0.0,0.0,0.0
0.7229344844818115,-0.5246236678416549,-0.1503307586212929,-0.0383496833217584,1.3775206249175618,-1.18730619564164,-10.87859233141472,-0.5246236678416549,-0.1718065812814776,-0.0444856326532397,1.3759866375846914,-1.1645472737541485,-10.820725523280606,34.97,-236.72,-48.42,-8.07,2.69,0.0719424717672062,0.0,0.023980823922402,0.0,0.3117507109912271,33,37,37,35,37,-13,-82,-25,0,63,12.9,12.9,12.9,12.8,12.7,-999,-999,-999.0,0.0,0.0,0.0
0.7419431209564209,-0.5246236678416549,-0.1518647459541632,-0.0383496833217584,1.3775206249175618,-1.1796362589772884,-10.859508377999411,-0.5246236678416549,-0.1718065812814776,-0.0444856326532397,1.3775206249175618,-1.158411324422667,-10.804480602296332,0.0,-252.86,-56.49,-10.76,5.38,0.023980823922402,0.0,0.0,0.0,0.3357315349136292,33,37,37,35,37,-7,-88,-25,-13,69,12.9,12.9,12.9,12.8,12.8,-999,-999,-999.0,0.0,0.0,0.0
0.7591671943664551,-0.5230896805087846,-0.1503307586212929,-0.0383496833217584,1.379054612250432,-1.1750342969786771,-10.84785482002142,-0.5246236678416549,-0.1718065812814776,-0.0444856326532397,1.3775206249175618,-1.158411324422667,-10.804480602296332,-5.38,-258.24,-53.8,-8.07,8.07,0.0,0.0,0.0,0.0,0.3357315349136292,33,37,37,35,37,0,-88,-25,0,69,12.9,12.9,12.9,12.8,12.7,-999,-999,-999.0,0.0,0.0,0.0
0.7769196033477783,-0.5246236678416549,-0.1503307586212929,-0.0398836706546287,1.3775206249175618,-1.168898347647196,-10.83207845936197,-0.5246236678416549,-0.1718065812814776,-0.0444856326532397,1.3775206249175618,-1.1430714510939637,-10.762656878839174,-5.38,-258.24,-56.49,-8.07,8.07,0.0,0.0,0.0,0.0,0.3357315349136292,33,37,37,35,37,6,-88,-25,0,75,12.9,12.9,12.9,12.8,12.8,-999,-999,-999.0,0.0,0.0,0.0
0.7939586639404297,-0.5261576551745253,-0.1503307586212929,-0.0383496833217584,1.379054612250432,-1.159694423649974,-10.807900391889635,-0.5246236678416549,-0.1718065812814776,-0.0444856326532397,1.3775206249175618,-1.1430714510939637,-10.762656878839174,-5.38,-250.17,-59.18,-8.07,0.0,0.0,0.0,0.0,0.0,0.3597123588360313,33,37,37,35,37,6,-88,-25,0,75,12.9,12.9,12.9,12.8,12.8,-999,-999,-999.0,0.0,0.0,0.0
0.8109679222106934,-0.5261576551745253,-0.1503307586212929,-0.0398836706546287,1.3775206249175618,-1.1535584743184928,-10.79143719469252,-0.5246236678416549,-0.1718065812814776,-0.0429516453203694,1.3775206249175618,-1.1277315777652603,-10.719083444782468,-5.38,-260.93,-32.28,-13.45,5.38,-0.023980823922402,0.0,0.0,0.0,0.3597123588360313,33,37,37,35,37,6,-88,-19,-7,75,12.9,12.9,12.9,12.8,12.7,-999,-999,-999.0,0.0,0.0,0.0
0.8279829025268555,-0.5261576551745253,-0.1503307586212929,-0.0383496833217584,1.3775206249175618,-1.1474225249870114,-10.774696668506865,-0.5230896805087846,-0.1718065812814776,-0.041417657987499,1.3775206249175618,-1.1200616411009086,-10.69663289694335,-8.07,-252.86,-37.66,-10.76,2.69,-0.023980823922402,0.0,0.0,0.0,0.3836931827584334,33,38,37,35,37,6,-82,-19,0,75,12.9,12.9,12.9,12.8,12.8,-999,-999,-999.0,0.0,0.0,0.0
0.844977617263794,-0.5276916425073956,-0.1503307586212929,-0.0383496833217584,1.3775206249175618,-1.1397525883226596,-10.753378698483845,-0.5230896805087846,-0.1718065812814776,-0.041417657987499,1.3775206249175618,-1.1108577171036866,-10.669102205445428,51.11,-258.24,-8.07,-8.07,5.38,-0.023980823922402,0.0,0.0,0.0,0.3836931827584334,33,38,37,35,37,12,-88,-13,0,69,12.9,13.0,12.9,12.8,12.8,-999,-999,-999.0,0.0,0.0,0.0
0.8619632720947266,-0.5261576551745253,-0.1503307586212929,-0.036815695988888,1.3775206249175618,-1.132082651658308,-10.731621999806483,-0.5230896805087846,-0.1718065812814776,-0.041417657987499,1.3775206249175618,-1.1108577171036866,-10.669102205445428,-2.69,-260.93,-45.73,-10.76,10.76,0.0,0.0,0.0,0.0,0.3836931827584334,33,37,37,36,38,12,-88,-19,0,82,12.9,13.0,12.8,12.8,12.8,-999,-999,-999.0,0.0,0.0,0.0
0.8789272308349609,-0.5261576551745253,-0.1503307586212929,-0.036815695988888,1.379054612250432,-1.122878727661086,-10.704930488632527,-0.5230896805087846,-0.1718065812814776,-0.0398836706546287,1.3775206249175618,-1.093983856442113,-10.616939551431969,-5.38,-250.17,-51.11,-8.07,8.07,0.0,0.0,0.0,0.0,0.3836931827584334,33,36,37,36,38,12,-82,-19,0,88,12.9,12.9,12.9,12.8,12.8,-999,-999,-999.0,0.0,0.0,0.0
0.8959238529205322,-0.5261576551745253,-0.1503307586212929,-0.036815695988888,1.379054612250432,-1.1152087909967343,-10.682197632542954,-0.5230896805087846,-0.1702725939486073,-0.041417657987499,1.3775206249175618,-1.0832459451120204,-10.58259303697497,-5.38,-258.24,-26.9,-8.07,0.0,0.0,0.0,0.0,0.0,0.4076740066808355,33,37,37,36,38,12,-88,-13,-7,82,12.9,12.8,12.9,12.8,12.8,-999,-999,-999.0,0.0,0.0,0.0
0.9129230976104736,-0.5246236678416549,-0.1503307586212929,-0.0352817086560177,1.3775206249175618,-1.1075388543323823,-10.65901594882816,-0.5230896805087846,-0.1718065812814776,-0.041417657987499,1.3775206249175618,-1.0725080337819284,-10.547339126975052,2.69,-220.58,-59.18,-8.07,0.0,0.0,0.0,0.023980823922402,0.0,0.4316548306032375,33,37,37,36,38,12,-82,-25,0,88,12.9,12.9,12.8,12.8,12.8,-999,-999,-999.0,0.0,0.0,0.0
0.9299440383911133,-0.5246236678416549,-0.1518647459541632,-0.0352817086560177,1.379054612250432,-1.0983349303351606,-10.630600841621682,-0.5230896805087846,-0.1718065812814776,-0.0398836706546287,1.3775206249175618,-1.061770122451836,-10.511168029942382,-2.69,-250.17,-59.18,-8.07,8.07,0.0,0.0,0.023980823922402,0.0,0.4556356545256396,33,37,37,36,38,6,-88,-25,0,100,12.9,12.9,12.9,12.8,12.8,-999,-999,-999.0,0.0,0.0,0.0
0.947016716003418,-0.5246236678416549,-0.1503307586212929,-0.0352817086560177,1.3775206249175618,-1.0891310063379385,-10.601528881289449,-0.5215556931759142,-0.1718065812814776,-0.0398836706546287,1.3759866375846914,-1.0510322111217434,-10.474069704504162,0.0,-255.55,-37.66,-8.07,2.69,0.0,0.0,0.023980823922402,0.0,0.4796164784480417,33,37,37,36,38,6,-88,-19,0,100,12.9,13.0,12.9,12.8,12.8,-999,-999,-999.0,0.0,0.0,0.0
0.964216947555542,-0.5246236678416549,-0.1503307586212929,-0.0352817086560177,1.379054612250432,-1.0783930950078462,-10.56677347872632,-0.5215556931759142,-0.1718065812814776,-0.0398836706546287,1.3759866375846914,-1.0510322111217434,-10.474069704504162,21.52,-252.86,-40.35,-13.45,2.69,0.0,0.0,0.0,0.0,0.5035973023704439,33,37,37,36,38,12,-88,-19,-7,107,12.6,12.9,12.9,12.8,12.8,-999,-999,-999.0,0.0,0.0,0.0
0.9819955825805664,-0.5246236678416549,-0.1503307586212929,-0.0352817086560177,1.3775206249175618,-1.0691891710106245,-10.536257796071036,-0.5200217058430439,-0.1718065812814776,-0.0383496833217584,1.3759866375846914,-1.0295563884615588,-10.397049943810964,37.66,-250.17,-48.42,-10.76,10.76,0.0,0.0,0.0,0.0,0.527578126292846,33,38,37,36,38,18,-82,-19,-7,107,12.9,12.9,12.9,12.8,12.7,-999,-999,-999.0,0.0,0.0,0.0
0.9989266395568848,-0.5215556931759142,-0.1503307586212929,-0.0337477213231473,1.3775206249175618,-1.0584512596805318,-10.499801196071028,-0.5184877185101736,-0.1718065812814776,-0.0398836706546287,1.3775206249175618,-1.0157505024657258,-10.345517279320804,5.38,-244.79,-40.35,-5.38,8.07,0.0,0.0,0.0,0.0,0.551558950215248,33,38,37,36,38,12,-82,-19,-7,100,12.9,12.9,12.9,12.8,12.7,-999,-999,-999.0,0.0,0.0,0.0
1.0158956050872812,-0.5215556931759142,-0.1518647459541632,-0.0337477213231473,1.3775206249175618,-1.0477133483504395,-10.46241421328086,-0.5184877185101736,-0.1718065812814776,-0.0383496833217584,1.3775206249175618,-1.0034786038027632,-10.298360729108374,0.0,-250.17,-56.49,-10.76,13.45,0.023980823922402,0.0,0.0,0.0,0.551558950215248,33,37,37,36,38,12,-88,-25,0,107,12.9,12.9,12.9,12.8,12.7,-999,-999,-999.0,0.0,0.0,0.0
1.033158779144287,-0.5200217058430439,-0.1503307586212929,-0.0337477213231473,1.3775206249175618,-1.0369754370203472,-10.424086476762977,-0.5184877185101736,-0.1718065812814776,-0.0383496833217584,1.3775206249175618,-1.0034786038027632,-10.298360729108374,-8.07,-252.86,-37.66,-8.07,8.07,0.0479616478448041,0.0,0.0,0.0,0.551558950215248,33,37,37,36,38,6,-88,-19,0,113,12.9,12.9,12.9,12.8,12.7,-999,-999,-999.0,0.0,0.0,0.0
1.0501673221588135,-0.5184877185101736,-0.1503307586212929,-0.0337477213231473,1.379054612250432,-1.0247035383573844,-10.379117765233012,-0.5169537311773033,-0.1718065812814776,-0.0383496833217584,1.3759866375846914,-0.9912067051398004,-10.249916116900426,0.0,-258.24,-45.73,-8.07,0.0,0.0479616478448041,0.0,0.0,0.0,0.5755397741376501,33,37,37,36,38,6,-88,-19,-7,119,12.9,12.9,12.9,12.8,12.8,-999,-999,-999.0,0.0,0.0,0.0
1.0679686069488525,-0.5154197438444329,-0.1503307586212929,-0.0337477213231473,1.3775206249175618,-1.013965627027292,-10.338738024376095,-0.5138857565115625,-0.1718065812814776,-0.0383496833217584,1.3775206249175618,-0.9635949331481344,-10.136115066944754,-5.38,-255.55,-67.25,-10.76,10.76,0.0719424717672062,0.0,0.0,0.0,0.5995205980600522,33,37,36,36,37,6,-88,-25,-7,125,12.9,12.9,12.9,12.8,12.7,-999,-999,-999.0,0.0,0.0,0.0
1.0849225521087646,-0.5138857565115625,-0.1503307586212929,-0.032213733990277,1.3775206249175618,-1.000159741031459,-10.285386960549506,-0.5108177818458219,-0.1718065812814776,-0.0383496833217584,1.3775206249175618,-0.948255059819431,-10.069960286385562,-5.38,-255.55,-59.18,-10.76,2.69,0.0959232956896083,0.0,0.0,0.0,0.6235014219824543,33,37,37,36,37,0,-82,-25,0,119,12.9,12.9,12.9,12.8,12.7,-999,-999,-999.0,0.0,0.0,0.0
1.101959466934204,-0.5138857565115625,-0.1518647459541632,-0.032213733990277,1.379054612250432,-0.9878878423684964,-10.236591017250705,-0.5108177818458219,-0.1718065812814776,-0.0383496833217584,1.3775206249175618,-0.9329151864907276,-10.001664578499518,-5.38,-252.86,-53.8,-8.07,5.38,0.0959232956896083,0.0,0.0,0.0,0.6474822459048564,33,37,37,36,37,6,-82,-25,0,132,12.9,12.9,12.9,12.8,12.7,-999,-999,-999.0,0.0,0.0,0.0
1.1190388202667236,-0.5138857565115625,-0.1503307586212929,-0.032213733990277,1.379054612250432,-0.9756159437055336,-10.186484744044392,-0.5108177818458219,-0.1718065812814776,-0.0383496833217584,1.3775206249175618,-0.9329151864907276,-10.001664578499518,-10.76,-258.24,-61.87,-10.76,18.83,0.0719424717672062,0.0,0.0,0.0,0.6714630698272585,33,37,37,36,37,12,-88,-25,-7,138,12.9,12.9,12.8,12.8,12.7,-999,-999,-999.0,0.0,0.0,0.0
1.1360046863555908,-0.5123517691786922,-0.1503307586212929,-0.032213733990277,1.3775206249175618,-0.9618100577097006,-10.128526463807637,-0.5092837945129516,-0.1718065812814776,-0.0383496833217584,1.3775206249175618,-0.9175753131620245,-9.93118979386026,21.52,-250.17,-59.18,-8.07,2.69,0.0479616478448041,0.0,0.0,0.0,0.6954438937496605,33,37,37,36,37,12,-82,-25,0,144,12.9,12.9,12.8,12.8,12.7,-999,-999,-999.0,0.0,0.0,0.0
1.1530029773712158,-0.5123517691786922,-0.1503307586212929,-0.032213733990277,1.3775206249175618,-0.9464701843809972,-10.062124500873232,-0.5077498071800812,-0.1718065812814776,-0.0383496833217584,1.3775206249175618,-0.8991674651675803,-9.84368833666904,0.0,-250.17,-56.49,-8.07,2.69,0.023980823922402,0.0,0.0,0.0,0.7434055415944647,32,38,37,36,37,18,-82,-25,0,157,12.9,12.9,12.8,12.8,12.7,-999,-999,-999.0,0.0,0.0,0.0
1.1700348854064941,-0.5123517691786922,-0.1503307586212929,-0.032213733990277,1.379054612250432,-0.931130311052294,-9.9935772280331,-0.5062158198472109,-0.1718065812814776,-0.0383496833217584,1.3775206249175618,-0.8807596171731362,-9.752922541352447,5.38,-252.86,-59.18,-10.76,10.76,0.023980823922402,0.0,0.0,0.0,0.7673863655168668,32,37,37,36,37,25,-82,-25,-7,163,12.9,12.9,12.8,12.8,12.7,-999,-999,-999.0,0.0,0.0,0.0
1.187013864517212,-0.5108177818458219,-0.1503307586212929,-0.032213733990277,1.379054612250432,-0.9157904377235906,-9.922846368391548,-0.5062158198472109,-0.1718065812814776,-0.0383496833217584,1.3775206249175618,-0.8623517691786922,-9.65882024781217,-18.83,-255.55,-56.49,-8.07,0.0,0.0,0.0,0.0,0.0,0.815348013361671,32,37,37,36,37,18,-82,-25,-7,157,12.9,12.9,12.8,12.8,12.7,-999,-999,-999.0,0.0,0.0,0.0
1.2040667533874512,-0.5092837945129516,-0.1518647459541632,-0.032213733990277,1.379054612250432,-0.9004505643948872,-9.849892549294198,-0.5046818325143405,-0.1718065812814776,-0.0383496833217584,1.3759866375846914,-0.8454779085171185,-9.569565279716922,16.14,-258.24,-48.42,-8.07,0.0,0.0,0.0,0.0,0.0,0.8633096612064751,32,37,37,36,37,18,-82,-25,-13,163,12.9,12.9,12.8,12.8,12.7,-999,-999,-999.0,0.0,0.0,0.0
1.2209727764129639,-0.5077498071800812,-0.1503307586212929,-0.032213733990277,1.3775206249175618,-0.8835767037333135,-9.767027499496516,-0.5046818325143405,-0.1718065812814776,-0.0383496833217584,1.3775206249175618,-0.8255360731898042,-9.4603062990258,5.38,-250.17,-56.49,-8.07,0.0,0.023980823922402,0.0,0.0,0.0,0.8872904851288772,32,37,37,36,38,18,-88,-25,0,163,12.9,12.9,12.7,12.8,12.7,-999,-999,-999.0,0.0,0.0,0.0
1.2379398345947266,-0.5062158198472109,-0.1503307586212929,-0.032213733990277,1.379054612250432,-0.8667028430717398,-9.68136829178794,-0.5031478451814702,-0.1718065812814776,-0.036815695988888,1.3775206249175618,-0.8055942378624898,-9.34686173542398,0.0,-255.55,-34.97,-10.76,0.0,0.0479616478448041,0.0,0.0,0.0,0.9112713090512792,32,37,37,36,38,12,-88,-19,-7,169,12.9,13.0,12.8,12.8,12.7,-999,-999,-999.0,0.0,0.0,0.0
1.2549479007720947,-0.5031478451814702,-0.1518647459541632,-0.032213733990277,1.3775206249175618,-0.8498289824101661,-9.5928579477435,-0.5016138578485999,-0.1718065812814776,-0.036815695988888,1.3759866375846914,-0.765710567207861,-9.10700059234896,-48.42,-255.55,-86.08,-8.07,5.38,0.0719424717672062,0.0,0.0,0.0,0.9352521329736814,32,37,37,36,38,6,-88,-19,-7,169,12.9,12.9,12.8,12.8,12.7,-999,-999,-999.0,0.0,0.0,0.0
1.2719473838806152,-0.5016138578485999,-0.1518647459541632,-0.0306797466574067,1.3775206249175618,-0.8314211344157221,-9.492980651245077,-0.5000798705157296,-0.1718065812814776,-0.0352817086560177,1.3775206249175618,-0.7442347445476764,-8.970438631989804,-2.69,-252.86,-61.87,-8.07,5.38,0.0959232956896083,0.0,0.0,0.0,0.9352521329736814,32,37,37,36,37,0,-88,-25,-7,169,12.9,12.9,12.8,12.8,12.7,-999,-999,-999.0,0.0,0.0,0.0
1.288896083831787,-0.5000798705157296,-0.1518647459541632,-0.0306797466574067,1.3775206249175618,-0.8160812610870187,-9.407048066794433,-0.5000798705157296,-0.1718065812814776,-0.0352817086560177,1.3775206249175618,-0.7442347445476764,-8.970438631989804,0.0,-255.55,-45.73,-5.38,2.69,0.0959232956896083,0.0,0.0,0.0,0.9592329568960836,32,38,37,35,37,0,-88,-19,0,169,12.9,12.9,12.9,12.8,12.7,-999,-999,-999.0,0.0,0.0,0.0
1.3059000968933105,-0.4985458831828592,-0.1503307586212929,-0.0306797466574067,1.3775206249175618,-0.799207400425445,-9.30962676098385,-0.5000798705157296,-0.1718065812814776,-0.0352817086560177,1.3759866375846914,-0.7242929092203619,-8.838832608421368,0.0,-258.24,-53.8,0.0,8.07,0.0959232956896083,0.0,0.0,0.0,0.9592329568960836,32,37,37,35,37,-7,-88,-19,-13,175,12.9,12.9,12.9,12.8,12.7,-999,-999,-999.0,0.0,0.0,0.0
1.3229312896728516,-0.4985458831828592,-0.1503307586212929,-0.0291457593245363,1.3775206249175618,-0.7823335397638713,-9.209110832690206,-0.5000798705157296,-0.1702725939486073,-0.0337477213231473,1.3775206249175618,-0.6828752512328629,-8.550224356364243,0.0,-204.44,-18.83,-13.45,2.69,0.0959232956896083,0.0,0.0,0.0,0.9592329568960836,32,37,37,35,37,-7,-82,-13,-7,169,12.9,12.9,12.9,12.8,12.7,-999,-999,-999.0,0.0,0.0,0.0
1.3399338722229004,-0.4985458831828592,-0.1518647459541632,-0.0291457593245363,1.3775206249175618,-0.7654596791022976,-9.105435647484695,-0.5000798705157296,-0.1702725939486073,-0.032213733990277,1.3775206249175618,-0.6613994285726782,-8.392181362820754,0.0,-236.72,-72.63,-10.76,0.0,0.0479616478448041,0.0,0.023980823922402,0.0,0.9592329568960836,32,37,37,35,37,-7,-82,-19,0,169,12.9,12.9,12.8,12.7,12.7,-999,-999,-999.0,0.0,0.0,0.0
1.3571555614471436,-0.4985458831828592,-0.1518647459541632,-0.027611771991666,1.379054612250432,-0.7501198057735943,-9.008388409513438,-0.5000798705157296,-0.1702725939486073,-0.032213733990277,1.3775206249175618,-0.6613994285726782,-8.392181362820754,0.0,-234.03,-21.52,-8.07,0.0,0.023980823922402,0.0,0.023980823922402,0.0,0.9592329568960836,32,37,37,35,38,-7,-75,-19,0,169,12.9,12.9,12.8,12.8,12.7,-999,-999,-999.0,0.0,0.0,0.0
1.3742239475250244,-0.4985458831828592,-0.1503307586212929,-0.027611771991666,1.3775206249175618,-0.7317119577791503,-8.888341862794919,-0.5016138578485999,-0.1702725939486073,-0.0306797466574067,1.3775206249175618,-0.6199817705851791,-8.07050435844812,0.0,-239.41,-59.18,-8.07,-2.69,0.0,0.0,0.023980823922402,0.0,0.9592329568960836,32,37,37,35,38,0,-82,-19,0,169,12.9,12.9,12.9,12.8,12.7,-999,-999,-999.0,0.0,0.0,0.0
1.3919093608856201,-0.5000798705157296,-0.1503307586212929,-0.0260777846587957,1.3775206249175618,-0.7148380971175766,-8.774787045572236,-0.5016138578485999,-0.1702725939486073,-0.0291457593245363,1.3775206249175618,-0.5985059479249943,-7.894660465804738,0.0,-236.72,-34.97,-8.07,-2.69,0.0,0.0,0.023980823922402,0.0,0.9592329568960836,32,37,37,35,38,-7,-82,-19,0,169,12.9,12.9,12.9,12.8,12.7,-999,-999,-999.0,0.0,0.0,0.0
1.4092392921447754,-0.5016138578485999,-0.1518647459541632,-0.0260777846587957,1.379054612250432,-0.6979642364560029,-8.657800660190833,-0.5031478451814702,-0.1702725939486073,-0.027611771991666,1.3775206249175618,-0.5754961379319394,-7.699167746330044,0.0,-234.03,-51.11,-5.38,0.0,-0.023980823922402,0.0,0.023980823922402,0.0,0.9592329568960836,32,37,37,35,38,0,-82,-19,0,175,12.9,12.9,12.9,12.8,12.7,-999,-999,-999.0,0.0,0.0,0.0
1.426894187927246,-0.5016138578485999,-0.1518647459541632,-0.0245437973259253,1.3775206249175618,-0.6795563884615589,-8.52618175483305,-0.5031478451814702,-0.1702725939486073,-0.027611771991666,1.3775206249175618,-0.5754961379319394,-7.699167746330044,-2.69,-236.72,-29.59,-8.07,0.0,-0.023980823922402,0.0,0.0479616478448041,0.0,0.9592329568960836,32,37,37,35,38,0,-82,-13,-7,175,12.9,12.9,12.9,12.8,12.7,-999,-999,-999.0,0.0,0.0,0.0
1.443957805633545,-0.5016138578485999,-0.1503307586212929,-0.023009809993055,1.3775206249175618,-0.6611485404671148,-8.390300303928607,-0.5031478451814702,-0.1702725939486073,-0.0245437973259253,1.3775206249175618,-0.5340784799444402,-7.328193637241656,-2.69,-225.96,-37.66,-10.76,0.0,-0.023980823922402,0.0,0.0479616478448041,0.0,0.9832137808184856,32,37,37,35,37,0,-75,-13,-7,175,12.9,12.9,12.9,12.8,12.7,-999,-999,-999.0,0.0,0.0,0.0
1.461082935333252,-0.5016138578485999,-0.1503307586212929,-0.0214758226601847,1.3775206249175618,-0.6442746798055411,-8.261916382521862,-0.5031478451814702,-0.1702725939486073,-0.0245437973259253,1.3775206249175618,-0.5340784799444402,-7.328193637241656,-2.69,-234.03,-29.59,-8.07,0.0,-0.023980823922402,0.0,0.0479616478448041,0.0,0.9832137808184856,32,37,37,35,37,0,-82,-13,0,175,12.9,12.9,12.9,12.8,12.7,-999,-999,-999.0,0.0,0.0,0.0
1.4788756370544425,-0.5016138578485999,-0.1518647459541632,-0.0199418353273143,1.3775206249175618,-0.6258668318110971,-8.117597533412342,-0.5046818325143405,-0.1702725939486073,-0.0245437973259253,1.3775206249175618,-0.5141366446171259,-7.140549913406144,18.83,-228.65,-56.49,-8.07,5.38,0.0,0.0,0.0479616478448041,0.0,0.9832137808184856,32,38,37,35,37,-13,-75,-13,0,175,12.9,12.9,12.9,12.8,12.7,-999,-999,-999.0,0.0,0.0,0.0
1.4959213733673096,-0.5016138578485999,-0.1503307586212929,-0.0199418353273143,1.3775206249175618,-0.6089929711495234,-7.981315981488757,-0.5046818325143405,-0.1718065812814776,-0.023009809993055,1.3759866375846914,-0.4711849992967565,-6.715724395429171,40.35,-236.72,-34.97,-5.38,0.0,0.0,0.0,0.0479616478448041,0.0,0.9832137808184856,32,37,37,35,38,-13,-82,-13,-7,169,12.9,12.9,12.9,12.7,12.7,-999,-999,-999.0,0.0,0.0,0.0
1.5130188465118408,-0.5031478451814702,-0.1503307586212929,-0.018407847994444,1.3775206249175618,-0.5921191104879497,-7.8411405659710045,-0.5046818325143405,-0.1718065812814776,-0.023009809993055,1.3759866375846914,-0.4711849992967565,-6.715724395429171,13.45,-247.48,-67.25,-5.38,8.07,0.0,0.0,0.0479616478448041,0.0,0.9832137808184856,32,37,37,35,37,-13,-88,-19,-13,175,13.0,12.9,12.3,12.8,12.7,-999,-999,-999.0,0.0,0.0,0.0
1.5301086902618408,-0.5031478451814702,-0.1518647459541632,-0.0168738606615736,1.3775206249175618,-0.575245249826376,-7.696995080770615,-0.5046818325143405,-0.1718065812814776,-0.023009809993055,1.3759866375846914,-0.4512431639694421,-6.508618580119795,0.0,-255.55,-72.63,-13.45,5.38,0.0,0.0,0.0479616478448041,0.0,0.9832137808184856,32,37,37,35,37,-7,-88,-25,-7,169,12.9,12.9,12.8,12.8,12.7,-999,-999,-999.0,0.0,0.0,0.0
1.5471324920654297,-0.5031478451814702,-0.1503307586212929,-0.0168738606615736,1.3775206249175618,-0.5583713891648023,-7.54880303114407,-0.5046818325143405,-0.1718065812814776,-0.023009809993055,1.3775206249175618,-0.4313013286421278,-6.295090326132862,-2.69,-255.55,-61.87,-8.07,8.07,0.0,0.0,0.0479616478448041,0.0,0.9832137808184856,32,37,37,35,37,-7,-88,-25,0,175,12.9,12.9,12.9,12.8,12.7,-999,-999,-999.0,0.0,0.0,0.0
1.5641226768493652,-0.5046818325143405,-0.1503307586212929,-0.0168738606615736,1.3775206249175618,-0.5414975285032286,-7.39648781079585,-0.5046818325143405,-0.1718065812814776,-0.023009809993055,1.3775206249175618,-0.4128934806476837,-6.092186401374914,-2.69,-250.17,-61.87,-5.38,2.69,-0.023980823922402,0.0,0.0479616478448041,0.0,0.9832137808184856,32,37,37,35,38,0,-82,-25,0,169,12.9,12.9,12.9,12.8,12.7,-999,-999,-999.0,0.0,0.0,0.0
1.5812602043151855,-0.5062158198472109,-0.1503307586212929,-0.0168738606615736,1.3775206249175618,-0.5230896805087846,-7.225533377192337,-0.5046818325143405,-0.1702725939486073,-0.023009809993055,1.3759866375846914,-0.3760777846587957,-5.669313961223089,-2.69,-250.17,-59.18,-10.76,0.0,-0.023980823922402,0.0,0.023980823922402,0.0,0.9832137808184856,32,37,38,35,37,6,-82,-25,-13,169,12.9,12.8,12.9,12.8,12.7,-999,-999,-999.0,0.0,0.0,0.0
1.5981812477111816,-0.5062158198472109,-0.1503307586212929,-0.0168738606615736,1.3775206249175618,-0.5062158198472109,-7.064350037865681,-0.5046818325143405,-0.1702725939486073,-0.023009809993055,1.3759866375846914,-0.3760777846587957,-5.669313961223089,-2.69,-199.06,-59.18,-13.45,0.0,-0.023980823922402,0.0,0.0,0.0,0.9832137808184856,32,37,38,35,37,6,-25,-25,-13,169,12.9,12.9,12.8,12.8,12.7,-999,-999,-999.0,0.0,0.0,0.0
1.6158809661865234,-0.5062158198472109,-0.1503307586212929,-0.0168738606615736,1.3775206249175618,-0.4893419591856371,-6.898808180884343,-0.5046818325143405,-0.1718065812814776,-0.023009809993055,1.3775206249175618,-0.3407960760027779,-5.242204985662568,-2.69,-255.55,-59.18,-13.45,0.0,-0.023980823922402,0.0,0.0,0.0,0.9832137808184856,32,37,38,35,38,6,-88,-25,-7,169,12.9,12.8,12.8,12.8,12.7,-999,-999,-999.0,0.0,0.0,0.0
1.6328856945037842,-0.5062158198472109,-0.1503307586212929,-0.0168738606615736,1.3775206249175618,-0.4724680985240634,-6.728832902039302,-0.5046818325143405,-0.1718065812814776,-0.023009809993055,1.3775206249175618,-0.3223882280083339,-5.010692694387011,-10.76,-255.55,-59.18,-8.07,0.0,-0.023980823922402,0.0,0.0,0.0,0.9832137808184856,32,37,39,35,37,6,-88,-25,0,175,12.9,12.9,12.8,12.8,12.6,-999,-999,-999.0,0.0,0.0,0.0
1.6499285697937012,-0.5062158198472109,-0.1518647459541632,-0.0168738606615736,1.3775206249175618,-0.4555942378624898,-6.55435031942699,-0.5046818325143405,-0.1718065812814776,-0.023009809993055,1.3775206249175618,-0.3070483546796305,-4.81315755745244,-5.38,-255.55,-56.49,-8.07,0.0,0.0,0.0,0.0,0.0,0.9832137808184856,33,37,38,35,37,6,-88,-25,0,169,12.9,12.9,12.9,12.8,12.8,-999,-999,-999.0,0.0,0.0,0.0
1.6671733856201172,-0.5062158198472109,-0.1503307586212929,-0.0168738606615736,1.379054612250432,-0.4387203772009161,-6.375287842540487,-0.5046818325143405,-0.1702725939486073,-0.023009809993055,1.3759866375846914,-0.2917084813509272,-4.611395035324529,-5.38,-252.86,-56.49,-8.07,5.38,0.0,0.0,0.0,0.0,0.9832137808184856,33,37,38,36,37,6,-88,-25,0,175,12.9,12.9,12.9,12.8,12.7,-999,-999,-999.0,0.0,0.0,0.0
1.6848771572113037,-0.5062158198472109,-0.1503307586212929,-0.0168738606615736,1.3775206249175618,-0.4218465165393424,-6.191574456216118,-0.5046818325143405,-0.1718065812814776,-0.023009809993055,1.3759866375846914,-0.2779025953550942,-4.426167480217531,-5.38,-212.51,-59.18,-5.38,0.0,0.0,0.0,0.0,0.0,0.9832137808184856,33,37,37,36,37,6,-82,-25,-7,175,12.9,12.9,12.9,12.8,12.7,-999,-999,-999.0,0.0,0.0,0.0
1.7019438743591309,-0.5062158198472109,-0.1503307586212929,-0.0168738606615736,1.3775206249175618,-0.4034386685448983,-5.985774321625748,-0.5046818325143405,-0.1718065812814776,-0.023009809993055,1.3775206249175618,-0.2640967093592611,-4.237468113546923,-5.38,-255.55,-56.49,-16.14,2.69,0.0,0.0,0.0,0.0,0.9832137808184856,33,37,37,36,37,6,-88,-25,-7,175,12.9,13.0,12.8,12.8,12.7,-999,-999,-999.0,0.0,0.0,0.0
1.7189304828643799,-0.5062158198472109,-0.1503307586212929,-0.0168738606615736,1.379054612250432,-0.3865648078833247,-5.792115459315305,-0.5046818325143405,-0.1718065812814776,-0.023009809993055,1.3759866375846914,-0.2518248106962985,-4.066805341252796,-5.38,-255.55,-61.87,-2.69,8.07,0.0,0.0,0.0,0.0,0.9832137808184856,33,37,37,36,37,6,-88,-25,0,175,12.9,12.9,12.8,12.8,12.7,-999,-999,-999.0,0.0,0.0,0.0
1.7362220287322998,-0.5062158198472109,-0.1503307586212929,-0.0168738606615736,1.3775206249175618,-0.369690947221751,-5.593599422695411,-0.5046818325143405,-0.1718065812814776,-0.023009809993055,1.3775206249175618,-0.2395529120333357,-3.893372695850178,-5.38,-258.24,-59.18,-16.14,2.69,0.0,0.0,0.0,0.0,0.9832137808184856,33,37,37,36,37,6,-88,-25,-13,169,12.9,12.9,12.8,12.8,12.7,-999,-999,-999.0,0.0,0.0,0.0
1.7531654834747314,-0.5062158198472109,-0.1503307586212929,-0.0168738606615736,1.3775206249175618,-0.3528170865601773,-5.390164890178503,-0.5046818325143405,-0.1718065812814776,-0.023009809993055,1.3775206249175618,-0.2395529120333357,-3.893372695850178,0.0,-255.55,-59.18,-5.38,10.76,0.0,0.0,0.0,0.0,0.9832137808184856,33,37,37,36,37,6,-88,-25,0,175,12.9,12.9,12.8,12.8,12.7,-999,-999,-999.0,0.0,0.0,0.0
1.7709267139434814,-0.5062158198472109,-0.1518647459541632,-0.0168738606615736,1.379054612250432,-0.3344092385657332,-5.162558614538959,-0.5031478451814702,-0.1702725939486073,-0.023009809993055,1.3775206249175618,-0.218077089373151,-3.5831712467389205,13.45,-215.2,-59.18,-8.07,2.69,0.0,0.0,0.0,0.0,0.9832137808184856,33,37,38,36,38,12,-75,-25,0,175,12.9,12.9,12.7,12.8,12.7,-999,-999,-999.0,0.0,0.0,0.0
1.7881064414978027,-0.5062158198472109,-0.1503307586212929,-0.0168738606615736,1.379054612250432,-0.3175353779041595,-4.948656448520624,-0.5031478451814702,-0.1702725939486073,-0.023009809993055,1.3775206249175618,-0.218077089373151,-3.5831712467389205,0.0,-228.65,-59.18,-10.76,8.07,0.0,0.0,0.0,0.0,0.9832137808184856,33,37,37,36,38,18,-82,-25,0,169,12.9,12.9,12.8,12.8,12.7,-999,-999,-999.0,0.0,0.0,0.0
1.8058674335479736,-0.5062158198472109,-0.1503307586212929,-0.0168738606615736,1.3775206249175618,-0.3006615172425858,-4.729668232379583,-0.5031478451814702,-0.1687386066157369,-0.023009809993055,1.3759866375846914,-0.199669241378707,-3.3104772035162933,0.0,-242.1,-59.18,-18.83,8.07,0.0,0.0,0.0,0.0,0.9832137808184856,33,37,37,36,38,18,-82,-25,-13,175,12.9,12.9,12.8,12.8,12.7,-999,-999,-999.0,0.0,0.0,0.0
1.8239424228668204,-0.5046818325143405,-0.1503307586212929,-0.0168738606615736,1.379054612250432,-0.2807196819152714,-4.46424437571815,-0.5016138578485999,-0.1687386066157369,-0.023009809993055,1.3759866375846914,-0.190465317381485,-3.171768016877477,-2.69,-207.13,-59.18,-13.45,5.38,0.0,0.0,0.0,0.0,0.9832137808184856,33,37,38,36,38,12,-75,-25,-7,175,12.9,12.9,12.8,12.8,12.7,-999,-999,-999.0,0.0,0.0,0.0
1.840933084487915,-0.5046818325143405,-0.1503307586212929,-0.0168738606615736,1.379054612250432,-0.2623118339208274,-4.21281792006126,-0.5016138578485999,-0.1672046192828666,-0.023009809993055,1.3759866375846914,-0.1827953807171333,-3.0549728269074587,5.38,-215.2,-61.87,-13.45,13.45,0.0,0.0,0.0,0.0,0.9832137808184856,33,37,37,36,38,12,-69,-25,-7,175,12.9,12.9,12.8,12.8,12.7,-999,-999,-999.0,0.0,0.0,0.0
1.8582241535186768,-0.5031478451814702,-0.1518647459541632,-0.0168738606615736,1.379054612250432,-0.2454379732592537,-3.976889672221071,-0.5016138578485999,-0.1672046192828666,-0.023009809993055,1.3759866375846914,-0.176659431385652,-2.960748229127025,0.0,-207.13,-61.87,-13.45,8.07,0.023980823922402,0.0,0.0,0.0,1.0071946047408875,33,37,37,36,38,6,-69,-25,-7,175,12.9,12.9,12.8,12.8,12.7,-999,-999,-999.0,0.0,0.0,0.0
1.8751044273376465,-0.5031478451814702,-0.1518647459541632,-0.0168738606615736,1.3775206249175618,-0.2300980999305504,-3.757857043629003,-0.5016138578485999,-0.1672046192828666,-0.023009809993055,1.3759866375846914,-0.176659431385652,-2.960748229127025,0.0,-201.75,-59.18,-13.45,5.38,0.023980823922402,0.0,0.0,0.0,1.0071946047408875,33,37,36,36,38,6,-69,-25,-7,175,12.9,12.9,12.8,12.8,12.7,-999,-999,-999.0,0.0,0.0,0.0
1.8928570747375488,-0.5031478451814702,-0.1503307586212929,-0.0168738606615736,1.3775206249175618,-0.2132242392689767,-3.5118919270438407,-0.5031478451814702,-0.1672046192828666,-0.023009809993055,1.374452650251821,-0.1689894947213003,-2.841981900909566,0.0,-190.99,-59.18,-13.45,2.69,0.023980823922402,0.0,0.0,0.0,1.0071946047408875,33,37,38,36,37,6,-63,-25,-13,175,12.9,12.4,12.8,12.8,12.7,-999,-999,-999.0,0.0,0.0,0.0
1.9098894596099854,-0.5031478451814702,-0.1503307586212929,-0.0168738606615736,1.3775206249175618,-0.196350378607403,-3.260641440149915,-0.5031478451814702,-0.1672046192828666,-0.023009809993055,1.374452650251821,-0.162853545389819,-2.746180531618573,-2.69,-193.68,-59.18,0.0,-10.76,0.023980823922402,0.0,0.0,0.0,0.9832137808184856,33,37,38,35,37,0,-69,-25,-13,144,12.9,12.9,12.9,12.8,12.7,-999,-999,-999.0,0.0,0.0,0.0
1.9268615245819092,-0.5016138578485999,-0.1503307586212929,-0.0168738606615736,1.3775206249175618,-0.1840784799444403,-3.0745876951943085,-0.5031478451814702,-0.1672046192828666,-0.023009809993055,1.3729186629189507,-0.1567175960583376,-2.6496787357014018,-2.69,-196.37,-61.87,-21.52,0.0,0.0,0.0,0.0,0.0,0.9592329568960836,33,37,37,35,38,6,-69,-25,-13,113,12.9,12.9,12.9,12.8,12.8,-999,-999,-999.0,0.0,0.0,0.0
1.9438931941986084,-0.5031478451814702,-0.1503307586212929,-0.0168738606615736,1.3759866375846914,-0.1733405686143479,-2.909491181617072,-0.5046818325143405,-0.1672046192828666,-0.023009809993055,1.3729186629189507,-0.1459796847282453,-2.4791164958919456,0.0,-196.37,-61.87,0.0,-8.07,0.0,0.0,0.0,0.0,0.8872904851288772,33,37,37,35,38,-7,-63,-25,-13,88,12.9,12.9,12.9,12.8,12.8,-999,-999,-999.0,0.0,0.0,0.0
1.960888147354126,-0.5031478451814702,-0.1518647459541632,-0.0168738606615736,1.3759866375846914,-0.1656706319499963,-2.79025105543998,-0.5046818325143405,-0.1672046192828666,-0.023009809993055,1.3729186629189507,-0.1413777227296342,-2.405362891446779,26.9,-182.92,-67.25,0.0,-5.38,0.0,0.0,0.0,0.0,0.7913671894392689,33,37,37,35,38,-13,-63,-25,-13,69,12.9,13.1,12.8,12.8,12.8,-999,-999,-999.0,0.0,0.0,0.0
1.9779243469238281,-0.5031478451814702,-0.1503307586212929,-0.0168738606615736,1.374452650251821,-0.1580006952856446,-2.669916298595848,-0.5046818325143405,-0.1672046192828666,-0.023009809993055,1.3729186629189507,-0.1367757607310232,-2.331216430893613,10.76,-201.75,-59.18,-5.38,0.0,0.0,0.0,0.0,-0.023980823922402,0.6714630698272585,33,37,37,35,38,-7,-69,-25,-7,63,12.9,12.8,12.9,12.7,12.8,-999,-999,-999.0,0.0,0.0,0.0
1.9949252605438232,-0.5031478451814702,-0.1518647459541632,-0.0168738606615736,1.374452650251821,-0.1518647459541632,-2.5728608262838883,-0.5046818325143405,-0.1672046192828666,-0.023009809993055,1.3729186629189507,-0.1337077860652826,-2.281567382855676,16.14,-193.68,-64.56,-13.45,2.69,0.0,0.0,0.0,-0.023980823922402,0.551558950215248,33,37,37,35,38,-7,-69,-32,-7,57,12.9,12.9,12.9,12.8,12.8,-999,-999,-999.0,0.0,0.0,0.0
2.011840581893921,-0.5031478451814702,-0.1518647459541632,-0.0168738606615736,1.374452650251821,-0.1457287966226819,-2.4751057540248302,-0.5062158198472109,-0.1672046192828666,-0.023009809993055,1.3729186629189507,-0.1306398113995419,-2.231744013396406,8.07,-190.99,-56.49,-16.14,-8.07,0.0,0.0,0.0,0.0,0.4556356545256396,33,37,37,35,37,-7,-63,-25,-13,50,12.9,12.8,12.9,12.8,12.8,-999,-999,-999.0,0.0,0.0,0.0
2.028923988342285,-0.5031478451814702,-0.1518647459541632,-0.0168738606615736,1.374452650251821,-0.1395928472912005,-2.3766517319013385,-0.5046818325143405,-0.1672046192828666,-0.023009809993055,1.3729186629189507,-0.1275718367338012,-2.1817464507118585,34.97,-190.99,-56.49,-13.45,0.0,0.0,0.0,0.0,0.0,0.3836931827584334,33,37,37,35,37,-13,-69,-25,-7,38,12.9,12.9,12.9,12.8,12.8,-999,-999,-999.0,0.0,0.0,0.0
2.0460972785949707,-0.5031478451814702,-0.1503307586212929,-0.0168738606615736,1.374452650251821,-0.1365248726254599,-2.327162855274883,-0.5046818325143405,-0.1672046192828666,-0.023009809993055,1.3729186629189507,-0.1275718367338012,-2.1817464507118585,16.14,-193.68,-59.18,-13.45,0.0,0.0,0.0,0.0,0.0,0.3357315349136292,33,37,37,35,38,-7,-69,-25,-7,38,12.9,12.9,12.9,12.8,12.8,-999,-999,-999.0,0.0,0.0,0.0
2.063886880874634,-0.5046818325143405,-0.1503307586212929,-0.0168738606615736,1.374452650251821,-0.1319229106268489,-2.2526025186556144,-0.5062158198472109,-0.1672046192828666,-0.023009809993055,1.3729186629189507,-0.1229698747351902,-2.1064237965501205,8.07,-196.37,-61.87,-16.14,0.0,0.0,0.0,0.0,0.0,0.287769887068825,32,37,37,35,38,-7,-63,-25,-7,38,13.0,12.9,12.9,12.8,12.8,-999,-999,-999.0,0.0,0.0,0.0
2.080841541290283,-0.5046818325143405,-0.1518647459541632,-0.0168738606615736,1.374452650251821,-0.1288549359611082,-2.2026777915175497,-0.5062158198472109,-0.1672046192828666,-0.023009809993055,1.3729186629189507,-0.1229698747351902,-2.1064237965501205,0.0,-190.99,-59.18,-13.45,0.0,0.0,0.0,0.0,0.0,0.263789063146423,32,37,38,35,38,-7,-63,-25,-13,25,13.0,12.9,12.9,12.8,12.8,-999,-999,-999.0,0.0,0.0,0.0
2.0978636741638184,-0.5062158198472109,-0.1503307586212929,-0.0168738606615736,1.3759866375846914,-0.1257869612953675,-2.152578949793916,-0.5062158198472109,-0.1656706319499963,-0.023009809993055,1.3729186629189507,-0.1214358874023199,-2.0812293026320585,0.0,-164.09,-61.87,-13.45,-5.38,-0.023980823922402,0.0,0.0,0.0,0.2158274153016187,32,37,37,35,38,0,-63,-25,-7,25,13.0,12.9,12.9,12.8,12.8,-999,-999,-999.0,0.0,0.0,0.0
2.114936351776123,-0.5062158198472109,-0.1503307586212929,-0.0168738606615736,1.374452650251821,-0.1242529739624972,-2.12746428004653,-0.5062158198472109,-0.1656706319499963,-0.023009809993055,1.3729186629189507,-0.1199019000694495,-2.0559913697019185,-5.38,-180.23,-59.18,-16.14,-2.69,-0.023980823922402,0.0,0.0,0.0,0.1918465913792167,32,38,37,35,37,0,-57,-25,-7,25,13.0,12.9,12.9,12.8,12.8,-999,-999,-999.0,0.0,0.0,0.0
2.1318626403808594,-0.5062158198472109,-0.1518647459541632,-0.0168738606615736,1.374452650251821,-0.1227189866296268,-2.10230613566452,-0.5062158198472109,-0.1656706319499963,-0.023009809993055,1.3729186629189507,-0.1183679127365792,-2.0307100179514683,-5.38,-177.54,-59.18,-16.14,-8.07,-0.023980823922402,0.0,0.0,0.0,0.1438849435344125,32,38,37,35,37,0,-63,-25,-7,19,13.0,12.9,12.9,12.8,12.9,-999,-999,-999.0,0.0,0.0,0.0
2.148838996887207,-0.5062158198472109,-0.1503307586212929,-0.0168738606615736,1.374452650251821,-0.1211849992967565,-2.077104535811579,-0.5062158198472109,-0.1641366446171259,-0.023009809993055,1.3729186629189507,-0.1183679127365792,-2.0307100179514683,-5.38,-156.02,-59.18,-16.14,-29.59,-0.023980823922402,0.0,0.0,0.0,0.1199041196120104,32,38,37,35,37,0,-57,-25,-7,13,12.9,12.9,12.9,12.8,12.9,-999,-999,-999.0,0.0,0.0,0.0
2.1658878326416016,-0.5062158198472109,-0.1518647459541632,-0.0168738606615736,1.374452650251821,-0.1196510119638862,-2.051859500210612,-0.5062158198472109,-0.1656706319499963,-0.0214758226601847,1.3729186629189507,-0.1183679127365792,-2.0307100179514683,-5.38,-156.02,-59.18,-16.14,0.0,0.0,0.0,0.0,0.0,0.0959232956896083,32,37,37,35,37,0,-50,-25,-7,7,12.9,12.9,12.9,12.8,12.8,-999,-999,-999.0,0.0,0.0,0.0
2.1828863620758057,-0.5062158198472109,-0.1518647459541632,-0.0168738606615736,1.374452650251821,-0.1196510119638862,-2.051859500210612,-0.5062158198472109,-0.1641366446171259,-0.0199418353273143,1.3729186629189507,-0.1183679127365792,-2.0307100179514683,-5.38,-180.23,-40.35,-16.14,2.69,0.0,0.0,0.0,0.0,0.0719424717672062,32,37,38,35,38,0,-63,-19,-7,7,12.9,13.0,12.9,12.8,12.8,-999,-999,-999.0,0.0,0.0,0.0
2.1998496055603027,-0.5062158198472109,-0.1503307586212929,-0.0168738606615736,1.3759866375846914,-0.1196510119638862,-2.051859500210612,-0.5062158198472109,-0.1641366446171259,-0.0199418353273143,1.3729186629189507,-0.1183679127365792,-2.0307100179514683,-5.38,-150.64,-45.73,-16.14,2.69,0.0,0.0,0.0,0.0,0.0479616478448041,32,37,37,35,37,0,-50,-19,-7,7,12.9,13.0,12.9,12.9,12.8,-999,-999,-999.0,0.0,0.0,0.0
2.2168667316436768,-0.5062158198472109,-0.1518647459541632,-0.0153398733287033,1.3759866375846914,-0.1196510119638862,-2.051859500210612,-0.5062158198472109,-0.1641366446171259,-0.018407847994444,1.3729186629189507,-0.1183679127365792,-2.0307100179514683,-5.38,-150.64,-86.08,-16.14,2.69,0.0,0.0,0.0,0.0,0.023980823922402,32,37,37,35,37,0,-50,-19,-7,7,12.9,12.9,12.9,12.9,12.8,-999,-999,-999.0,0.0,0.0,0.0
2.23408579826355,-0.5062158198472109,-0.1518647459541632,-0.013805885995833,1.374452650251821,-0.1196510119638862,-2.051859500210612,-0.5062158198472109,-0.1641366446171259,-0.018407847994444,1.3729186629189507,-0.1183679127365792,-2.0307100179514683,-2.69,-153.32999999999998,-56.49,-16.14,5.38,0.0,0.0,0.023980823922402,0.0,0.0,32,37,37,35,37,0,-57,-19,-7,7,12.9,12.9,12.9,12.9,12.8,-999,-999,-999.0,0.0,0.0,0.0
2.2510883808135986,-0.5062158198472109,-0.1518647459541632,-0.0122718986629626,1.374452650251821,-0.1196510119638862,-2.051859500210612,-0.5062158198472109,-0.1641366446171259,-0.0168738606615736,1.3729186629189507,-0.1183679127365792,-2.0307100179514683,-2.69,-161.4,-37.66,-16.14,5.38,0.0,0.0,0.023980823922402,0.0,0.0,32,38,37,35,38,0,-57,-13,-13,7,12.9,12.9,12.9,12.9,12.8,-999,-999,-999.0,0.0,0.0,0.0
2.268925428390503,-0.5062158198472109,-0.1503307586212929,-0.0122718986629626,1.374452650251821,-0.1196510119638862,-2.051859500210612,-0.5046818325143405,-0.1610686699513852,-0.013805885995833,1.3729186629189507,-0.1183679127365792,-2.0307100179514683,-2.69,-134.5,-53.8,-16.14,-2.69,0.0,0.0,0.0479616478448041,0.0,0.0,32,38,37,35,38,0,-44,-19,-7,13,12.9,12.9,12.9,12.9,12.8,-999,-999,-999.0,0.0,0.0,0.0
2.2861452102661133,-0.5062158198472109,-0.1503307586212929,-0.0107379113300923,1.374452650251821,-0.1196510119638862,-2.051859500210612,-0.5046818325143405,-0.1595346826185149,-0.013805885995833,1.3729186629189507,-0.1183679127365792,-2.0307100179514683,51.11,-118.36,-45.73,-16.14,0.0,0.0,0.0,0.0479616478448041,0.0,0.0,32,37,37,35,38,6,-38,18,-13,0,12.9,12.9,13.0,12.9,12.8,-999,-999,-999.0,0.0,0.0,0.0
2.302868604660034,-0.5062158198472109,-0.1503307586212929,-0.009203923997222,1.374452650251821,-0.1181170246310158,-2.026571049145175,-0.5046818325143405,-0.1595346826185149,-0.013805885995833,1.3729186629189507,-0.1183679127365792,-2.0307100179514683,-5.38,-96.84,-78.01,-10.76,2.69,0.0,0.0,0.0479616478448041,0.0,0.0,32,37,37,35,38,6,-32,-19,-7,0,12.9,12.9,13.2,12.9,12.8,-999,-999,-999.0,0.0,0.0,0.0
2.319878101348877,-0.5062158198472109,-0.1503307586212929,-0.009203923997222,1.374452650251821,-0.1181170246310158,-2.026571049145175,-0.5046818325143405,-0.1549327206199039,-0.0107379113300923,1.3729186629189507,-0.1183679127365792,-2.0307100179514683,0.0,-37.66,-37.66,-16.14,2.69,0.0,0.0,0.0479616478448041,0.0,0.0,32,37,37,35,37,6,25,-13,-7,0,12.9,12.9,13.0,12.9,12.8,-999,-999,-999.0,0.0,0.0,0.0
2.3368701934814453,-0.5062158198472109,-0.1503307586212929,-0.0076699366643516,1.374452650251821,-0.1181170246310158,-2.026571049145175,-0.5046818325143405,-0.1533987332870336,-0.009203923997222,1.3729186629189507,-0.1183679127365792,-2.0307100179514683,0.0,-43.04,-45.73,-16.14,2.69,0.0,0.0,0.0479616478448041,0.0,0.0,32,37,37,35,37,6,-19,-13,-7,7,12.9,12.9,13.0,12.9,12.8,-999,-999,-999.0,0.0,0.0,0.0
2.353968381881714,-0.5062158198472109,-0.1503307586212929,-0.0061359493314813,1.374452650251821,-0.1181170246310158,-2.026571049145175,-0.5046818325143405,-0.1533987332870336,-0.009203923997222,1.3729186629189507,-0.1183679127365792,-2.0307100179514683,0.0,-10.76,-37.66,-13.45,2.69,0.0,0.0,0.0479616478448041,0.0,0.0,32,37,37,35,37,6,-13,-13,-13,7,13.0,12.9,13.0,12.9,12.8,-999,-999,-999.0,0.0,0.0,0.0
2.3708505630493164,-0.5062158198472109,-0.1487967712884225,-0.0030679746657406,1.374452650251821,-0.1181170246310158,-2.026571049145175,-0.5046818325143405,-0.1518647459541632,-0.009203923997222,1.3729186629189507,-0.1168339254037089,-2.00538526813426,0.0,-10.76,-96.84,-16.14,2.69,0.0,0.0,0.0479616478448041,0.0,0.0,32,37,37,35,37,6,-13,-19,-7,7,13.0,12.9,12.9,12.9,12.8,-999,-999,-999.0,0.0,0.0,0.0
2.3878746032714844,-0.5062158198472109,-0.1472627839555522,-0.0030679746657406,1.374452650251821,-0.1181170246310158,-2.026571049145175,-0.5046818325143405,-0.1487967712884225,-0.0061359493314813,1.3729186629189507,-0.1168339254037089,-2.00538526813426,2.69,-61.87,-51.11,-16.14,0.0,0.0,0.0,0.0719424717672062,0.0,0.0,32,37,37,35,37,6,-7,-19,-7,7,13.0,13.1,12.9,12.9,12.8,-999,-999,-999.0,0.0,0.0,0.0
2.4048619270324707,-0.5062158198472109,-0.1441948092898116,-0.0015339873328703,1.374452650251821,-0.1181170246310158,-2.026571049145175,-0.5046818325143405,-0.1472627839555522,-0.004601961998611,1.3729186629189507,-0.1183679127365792,-2.0307100179514683,0.0,-72.63,-34.97,-16.14,2.69,0.0,0.023980823922402,0.0719424717672062,0.0,0.0,32,37,37,35,37,6,-7,-13,-7,0,13.0,13.0,12.9,12.9,12.8,-999,-999,-999.0,0.0,0.0,0.0
2.4218337535858154,-0.5077498071800812,-0.1441948092898116,0.0,1.374452650251821,-0.1181170246310158,-2.026571049145175,-0.5046818325143405,-0.1441948092898116,-0.0030679746657406,1.3729186629189507,-0.1168339254037089,-2.00538526813426,0.0,-43.04,-34.97,-16.14,2.69,0.0,0.0719424717672062,0.0719424717672062,0.0,0.0,32,37,37,36,37,6,-7,-13,-7,7,13.0,13.0,12.4,12.9,12.8,-999,-999,-999.0,0.0,0.0,0.0
2.438868761062622,-0.5062158198472109,-0.1411268346240709,0.0015339873328703,1.374452650251821,-0.1181170246310158,-2.026571049145175,-0.5046818325143405,-0.1411268346240709,0.0,1.3729186629189507,-0.1183679127365792,-2.0307100179514683,0.0,-78.01,-32.28,-16.14,2.69,0.0,0.0719424717672062,0.0719424717672062,0.0,0.0,32,37,37,36,37,6,-7,24,-7,0,13.0,13.0,12.9,12.9,12.8,-999,-999,-999.0,0.0,0.0,0.0
2.455919027328491,-0.5062158198472109,-0.1380588599583302,0.0030679746657406,1.374452650251821,-0.1181170246310158,-2.026571049145175,-0.5031478451814702,-0.1395928472912005,0.0015339873328703,1.3729186629189507,-0.1183679127365792,-2.0307100179514683,13.45,-88.77,-72.63,-16.14,2.69,0.0,0.1199041196120104,0.0719424717672062,0.0,0.0,32,37,37,36,37,12,-7,-7,-7,0,13.0,13.0,12.9,12.9,12.8,-999,-999,-999.0,0.0,0.0,0.0
2.4729743003845215,-0.5077498071800812,-0.1349908852925895,0.0061359493314813,1.374452650251821,-0.1181170246310158,-2.026571049145175,-0.5031478451814702,-0.1349908852925895,0.0015339873328703,1.3729186629189507,-0.1183679127365792,-2.0307100179514683,-2.69,-69.94,-51.11,-16.14,2.69,0.0,0.1199041196120104,0.0959232956896083,0.0,0.0,32,37,37,36,37,18,-7,-13,-7,0,12.8,13.0,12.9,12.9,12.8,-999,-999,-999.0,0.0,0.0,0.0
2.4898664951324463,-0.5062158198472109,-0.1334568979597192,0.0076699366643516,1.374452650251821,-0.1181170246310158,-2.026571049145175,-0.5016138578485999,-0.1319229106268489,0.004601961998611,1.3729186629189507,-0.1168339254037089,-2.00538526813426,0.0,-112.98,-61.87,-16.14,2.69,0.0,0.1438849435344125,0.0959232956896083,0.0,0.0,32,37,37,36,37,18,0,-19,-7,7,12.9,13.0,12.9,12.9,12.8,-999,-999,-999.0,0.0,0.0,0.0
2.506866931915283,-0.5046818325143405,-0.1288549359611082,0.009203923997222,1.374452650251821,-0.1181170246310158,-2.026571049145175,-0.5016138578485999,-0.1257869612953675,0.0076699366643516,1.3729186629189507,-0.1168339254037089,-2.00538526813426,0.0,-99.53,-48.42,-16.14,2.69,0.0,0.1438849435344125,0.0959232956896083,0.0,0.0,32,37,37,36,37,18,-7,-13,-7,0,12.9,13.0,12.9,12.9,12.8,-999,-999,-999.0,0.0,0.0,0.0
2.5238165855407715,-0.5046818325143405,-0.1257869612953675,0.0107379113300923,1.374452650251821,-0.1181170246310158,-2.026571049145175,-0.5016138578485999,-0.1257869612953675,0.0076699366643516,1.3729186629189507,-0.1168339254037089,-2.00538526813426,0.0,-75.32,-29.59,-16.14,0.0,0.0,0.1678657674568146,0.0959232956896083,0.0,0.0,32,37,37,36,37,12,-7,-13,-7,7,12.9,13.0,12.9,12.9,12.8,-999,-999,-999.0,0.0,0.0,0.0
2.5408642292022705,-0.5031478451814702,-0.1227189866296268,0.0122718986629626,1.374452650251821,-0.1181170246310158,-2.026571049145175,-0.5000798705157296,-0.1196510119638862,0.0107379113300923,1.3729186629189507,-0.1183679127365792,-2.0307100179514683,-13.45,-115.67,-40.35,-16.14,8.07,0.023980823922402,0.1678657674568146,0.0959232956896083,0.0,0.0,32,37,37,36,37,6,0,-13,-7,7,13.0,13.0,12.9,12.9,12.8,-999,-999,-999.0,0.0,0.0,0.0
2.5581090450286865,-0.5031478451814702,-0.1196510119638862,0.013805885995833,1.374452650251821,-0.1181170246310158,-2.026571049145175,-0.5000798705157296,-0.1196510119638862,0.0107379113300923,1.3729186629189507,-0.1183679127365792,-2.0307100179514683,18.83,-88.77,-48.42,-16.14,8.07,0.023980823922402,0.1678657674568146,0.0719424717672062,0.0,0.0,32,37,37,36,37,12,-7,-13,-7,0,13.0,13.0,13.1,12.9,12.7,-999,-999,-999.0,0.0,0.0,0.0
2.574967861175537,-0.5016138578485999,-0.1150490499652752,0.0153398733287033,1.374452650251821,-0.1181170246310158,-2.026571049145175,-0.4985458831828592,-0.1150490499652752,0.0107379113300923,1.3729186629189507,-0.1168339254037089,-2.00538526813426,0.0,-53.8,-59.18,-16.14,5.38,0.023980823922402,0.1678657674568146,0.0719424717672062,0.0,0.0,32,37,37,36,37,12,50,-19,-7,7,12.9,13.0,13.0,12.9,12.8,-999,-999,-999.0,0.0,0.0,0.0
2.592179536819458,-0.5000798705157296,-0.1119810752995345,0.0168738606615736,1.374452650251821,-0.1181170246310158,-2.026571049145175,-0.4970118958499888,-0.1073791133009235,0.0122718986629626,1.3729186629189507,-0.1168339254037089,-2.00538526813426,2.69,-121.05,-56.49,-16.14,8.07,0.023980823922402,0.1678657674568146,0.0719424717672062,0.0,0.0,33,37,37,36,37,12,0,-13,-7,7,12.9,13.0,13.0,12.8,12.8,-999,-999,-999.0,0.0,0.0,0.0
2.608919143676758,-0.5000798705157296,-0.1089131006337938,0.0168738606615736,1.374452650251821,-0.1181170246310158,-2.026571049145175,-0.4970118958499888,-0.1073791133009235,0.0122718986629626,1.3729186629189507,-0.1168339254037089,-2.00538526813426,0.0,-112.98,-88.77,-16.14,8.07,0.0479616478448041,0.1678657674568146,0.0719424717672062,0.0,0.0,33,37,37,36,37,12,0,-25,-7,7,13.0,12.9,13.0,12.9,12.8,-999,-999,-999.0,0.0,0.0,0.0
2.6260933876037598,-0.4985458831828592,-0.1043111386351828,0.018407847994444,1.374452650251821,-0.1181170246310158,-2.026571049145175,-0.4954779085171185,-0.1027771513023125,0.0122718986629626,1.3729186629189507,-0.1168339254037089,-2.00538526813426,13.45,-123.74,-75.32,-16.14,8.07,0.0479616478448041,0.1918465913792167,0.0719424717672062,0.0,0.0,33,37,37,36,37,12,6,-25,-7,7,13.0,12.9,12.9,12.9,12.8,-999,-999,-999.0,0.0,0.0,0.0
2.6431827545166016,-0.4970118958499888,-0.1012431639694421,0.018407847994444,1.374452650251821,-0.1181170246310158,-2.026571049145175,-0.4893419591856371,-0.0951072146379608,0.0122718986629626,1.3729186629189507,-0.1168339254037089,-2.00538526813426,2.69,-123.74,-64.56,-16.14,8.07,0.0479616478448041,0.1918465913792167,0.0479616478448041,0.0,0.0,33,37,37,36,37,12,0,-25,-7,7,13.0,12.9,12.9,12.9,12.8,-999,-999,-999.0,0.0,0.0,0.0
2.660820484161377,-0.4954779085171185,-0.0981751893037015,0.018407847994444,1.374452650251821,-0.1181170246310158,-2.026571049145175,-0.4878079718527668,-0.0905052526393498,0.0122718986629626,1.3729186629189507,-0.1168339254037089,-2.00538526813426,32.28,-123.74,-69.94,-16.14,8.07,0.0479616478448041,0.1918465913792167,0.0479616478448041,0.0,0.0,33,37,37,36,37,18,6,-25,-7,7,13.0,12.9,12.9,12.9,12.8,-999,-999,-999.0,0.0,0.0,0.0
2.6778368949890137,-0.4924099338513779,-0.0920392399722201,0.018407847994444,1.374452650251821,-0.1181170246310158,-2.026571049145175,-0.4878079718527668,-0.0905052526393498,0.0122718986629626,1.3729186629189507,-0.1168339254037089,-2.00538526813426,0.0,-126.43,-67.25,-16.14,8.07,0.0719424717672062,0.2158274153016187,0.023980823922402,0.0,0.0,33,37,38,36,37,18,0,-32,-7,7,12.8,12.9,12.9,12.9,12.8,-999,-999,-999.0,0.0,0.0,0.0
2.6948482990264893,-0.4908759465185075,-0.0889712653064794,0.018407847994444,1.374452650251821,-0.1181170246310158,-2.026571049145175,-0.4862739845198965,-0.0874372779736091,0.0122718986629626,1.3729186629189507,-0.1168339254037089,-2.00538526813426,0.0,-131.81,-67.25,-16.14,8.07,0.0959232956896083,0.2158274153016187,0.0,0.0,0.0,33,37,37,36,37,18,6,-25,-7,7,12.9,12.9,12.9,12.9,12.8,-999,-999,-999.0,0.0,0.0,0.0
2.7118895053863525,-0.4893419591856371,-0.0843693033078684,0.018407847994444,1.374452650251821,-0.1181170246310158,-2.026571049145175,-0.4816720225212855,-0.0797673413092574,0.0122718986629626,1.3729186629189507,-0.1168339254037089,-2.00538526813426,0.0,-134.5,-61.87,-16.14,8.07,0.0959232956896083,0.2398082392240208,0.0,0.0,0.0,33,37,37,36,37,18,0,-25,-7,7,13.0,12.9,12.9,12.9,12.8,-999,-999,-999.0,0.0,0.0,0.0
2.728890895843506,-0.4878079718527668,-0.0797673413092574,0.018407847994444,1.374452650251821,-0.1181170246310158,-2.026571049145175,-0.4801380351884152,-0.0766993666435168,0.0122718986629626,1.3729186629189507,-0.1168339254037089,-2.00538526813426,-2.69,-126.43,-69.94,-16.14,8.07,0.0959232956896083,0.2398082392240208,0.0,0.0,0.0,33,37,37,36,37,18,-7,-25,-7,7,12.9,12.9,12.9,12.9,12.8,-999,-999,-999.0,0.0,0.0,0.0
2.7458395957946777,-0.4847399971870262,-0.0751653793106464,0.018407847994444,1.374452650251821,-0.1181170246310158,-2.026571049145175,-0.4801380351884152,-0.0766993666435168,0.0122718986629626,1.3729186629189507,-0.1168339254037089,-2.00538526813426,0.0,-104.91,-59.18,-16.14,8.07,0.0959232956896083,0.2398082392240208,0.0,0.0,0.0,33,37,37,36,37,18,-7,-25,-7,7,13.0,13.0,12.9,12.9,12.8,-999,-999,-999.0,0.0,0.0,0.0
2.7628164291381836,-0.4832060098541558,-0.0720974046449058,0.0199418353273143,1.3759866375846914,-0.1181170246310158,-2.026571049145175,-0.4755360731898042,-0.0690294299791651,0.0122718986629626,1.3729186629189507,-0.1168339254037089,-2.00538526813426,0.0,-110.29,-61.87,-16.14,8.07,0.0959232956896083,0.2398082392240208,0.0,0.0,0.0,33,37,37,36,37,12,-7,-25,-7,7,13.0,13.0,12.9,12.9,12.8,-999,-999,-999.0,0.0,0.0,0.0
2.779934883117676,-0.4816720225212855,-0.0690294299791651,0.018407847994444,1.374452650251821,-0.1181170246310158,-2.026571049145175,-0.4755360731898042,-0.0690294299791651,0.0122718986629626,1.3729186629189507,-0.1168339254037089,-2.00538526813426,5.38,-67.25,-67.25,-16.14,8.07,0.1199041196120104,0.2158274153016187,0.0,0.0,0.0,33,37,38,36,37,18,0,-32,-7,7,13.0,12.9,12.9,12.9,12.8,-999,-999,-999.0,0.0,0.0,0.0
2.797818183898926,-0.4786040478555448,-0.0644274679805541,0.018407847994444,1.374452650251821,-0.1181170246310158,-2.026571049145175,-0.4724680985240634,-0.0628934806476837,0.0122718986629626,1.3729186629189507,-0.1168339254037089,-2.00538526813426,0.0,-129.12,-64.56,-16.14,8.07,0.1199041196120104,0.2158274153016187,0.0,0.0,0.0,32,37,37,36,37,18,-7,-25,-7,7,13.0,12.9,12.9,12.9,12.8,-999,-999,-999.0,0.0,0.0,0.0
2.8148953914642334,-0.4770700605226745,-0.0613594933148134,0.018407847994444,1.374452650251821,-0.1181170246310158,-2.026571049145175,-0.4724680985240634,-0.0598255059819431,0.0122718986629626,1.3729186629189507,-0.1183679127365792,-2.0307100179514683,0.0,-37.66,-59.18,-16.14,8.07,0.1199041196120104,0.1918465913792167,0.0,0.0,0.0,32,37,37,36,37,18,-7,-25,-7,7,12.9,12.9,12.7,12.9,12.8,-999,-999,-999.0,0.0,0.0,0.0
2.8328330516815186,-0.4755360731898042,-0.0582915186490727,0.018407847994444,1.374452650251821,-0.1181170246310158,-2.026571049145175,-0.4724680985240634,-0.0598255059819431,0.0122718986629626,1.3729186629189507,-0.1183679127365792,-2.0307100179514683,-37.66,-99.53,-67.25,-16.14,8.07,0.1199041196120104,0.1918465913792167,0.0,0.0,0.0,32,37,37,35,37,6,-7,-25,-7,0,13.0,12.9,12.9,12.9,12.8,-999,-999,-999.0,0.0,0.0,0.0
2.849780559539795,-0.4724680985240634,-0.055223543983332,0.018407847994444,1.374452650251821,-0.1181170246310158,-2.026571049145175,-0.4724680985240634,-0.0521555693175914,0.0122718986629626,1.3729186629189507,-0.1168339254037089,-2.00538526813426,0.0,-83.39,-61.87,-16.14,8.07,0.0959232956896083,0.1918465913792167,0.0,0.0,0.0,32,37,37,35,37,0,-7,-25,-7,7,13.0,12.9,13.0,12.9,12.8,-999,-999,-999.0,0.0,0.0,0.0
2.8668265342712402,-0.4724680985240634,-0.0521555693175914,0.018407847994444,1.374452650251821,-0.1181170246310158,-2.026571049145175,-0.4724680985240634,-0.0521555693175914,0.0122718986629626,1.3729186629189507,-0.1168339254037089,-2.00538526813426,0.0,-102.22,-64.56,-16.14,8.07,0.0959232956896083,0.1918465913792167,0.0,0.0,0.0,32,37,37,35,38,0,-7,-25,-7,7,13.0,12.9,13.0,12.9,12.8,-999,-999,-999.0,0.0,0.0,0.0
2.8848187923431414,-0.4709341111911931,-0.0475536073189804,0.018407847994444,1.374452650251821,-0.1181170246310158,-2.026571049145175,-0.4724680985240634,-0.0475536073189804,0.0122718986629626,1.3729186629189507,-0.1168339254037089,-2.00538526813426,0.0,-91.46,-61.87,-16.14,8.07,0.0719424717672062,0.1918465913792167,0.0,0.0,0.0,32,37,37,35,38,-7,-13,-25,-7,7,13.0,12.9,13.0,12.8,12.8,-999,-999,-999.0,0.0,0.0,0.0
2.902066469192505,-0.4709341111911931,-0.04601961998611,0.0199418353273143,1.374452650251821,-0.1181170246310158,-2.026571049145175,-0.4724680985240634,-0.0475536073189804,0.0122718986629626,1.3729186629189507,-0.1168339254037089,-2.00538526813426,0.0,-67.25,-64.56,-16.14,8.07,0.0719424717672062,0.1678657674568146,0.0,0.0,0.0,32,37,37,35,38,-7,-13,-25,-7,7,13.0,13.0,13.0,12.8,12.8,-999,-999,-999.0,0.0,0.0,0.0
2.919818162918091,-0.4709341111911931,-0.0429516453203694,0.018407847994444,1.374452650251821,-0.1181170246310158,-2.026571049145175,-0.4740020858569338,-0.041417657987499,0.0122718986629626,1.3729186629189507,-0.1168339254037089,-2.00538526813426,37.66,-59.18,-61.87,-16.14,8.07,0.0479616478448041,0.1678657674568146,0.0,0.0,0.0,32,37,37,35,38,-13,-13,-25,-7,7,13.0,13.0,12.9,12.8,12.8,-999,-999,-999.0,0.0,0.0,0.0
2.9378175735473633,-0.4709341111911931,-0.0383496833217584,0.018407847994444,1.374452650251821,-0.1181170246310158,-2.026571049145175,-0.4740020858569338,-0.0383496833217584,0.0122718986629626,1.3729186629189507,-0.1168339254037089,-2.00538526813426,26.9,-53.8,-61.87,-16.14,8.07,0.023980823922402,0.1678657674568146,0.0,0.0,0.0,32,37,38,35,38,-13,-13,-25,-7,7,13.0,13.0,12.9,12.9,12.8,-999,-999,-999.0,0.0,0.0,0.0
2.9549171924591064,-0.4724680985240634,-0.0352817086560177,0.0199418353273143,1.374452650251821,-0.1181170246310158,-2.026571049145175,-0.4740020858569338,-0.0383496833217584,0.0122718986629626,1.3729186629189507,-0.1168339254037089,-2.00538526813426,2.69,-75.32,-61.87,-16.14,8.07,0.0,0.1678657674568146,0.0,0.0,0.0,32,37,38,35,37,-7,-13,-25,-7,7,12.8,13.0,12.9,12.9,12.8,-999,-999,-999.0,0.0,0.0,0.0
2.9718141555786133,-0.4724680985240634,-0.0337477213231473,0.018407847994444,1.374452650251821,-0.1181170246310158,-2.026571049145175,-0.4740020858569338,-0.0352817086560177,0.0122718986629626,1.3729186629189507,-0.1168339254037089,-2.00538526813426,0.0,-67.25,-64.56,-16.14,8.07,0.0,0.1678657674568146,0.0,0.0,0.0,32,37,37,35,37,-7,-13,-25,-7,7,12.9,13.0,13.1,12.9,12.8,-999,-999,-999.0,0.0,0.0,0.0
2.988879680633545,-0.4724680985240634,-0.0306797466574067,0.018407847994444,1.374452650251821,-0.1181170246310158,-2.026571049145175,-0.4755360731898042,-0.0291457593245363,0.0122718986629626,1.3729186629189507,-0.1168339254037089,-2.00538526813426,10.76,-69.94,-64.56,-16.14,8.07,-0.023980823922402,0.1438849435344125,0.0,0.0,0.0,32,37,37,35,38,-7,-13,-25,-7,7,13.0,13.0,13.0,12.9,12.8,-999,-999,-999.0,0.0,0.0,0.0
3.0060794353485107,-0.4755360731898042,-0.027611771991666,0.018407847994444,1.374452650251821,-0.1181170246310158,-2.026571049145175,-0.4755360731898042,-0.0291457593245363,0.0122718986629626,1.3729186629189507,-0.1168339254037089,-2.00538526813426,0.0,-67.25,-59.18,-16.14,8.07,-0.023980823922402,0.1438849435344125,0.0,0.0,0.0,33,37,37,35,38,-7,-13,-25,-7,7,12.9,13.0,12.8,12.9,12.8,-999,-999,-999.0,0.0,0.0,0.0
3.0231201648712176,-0.4755360731898042,-0.0245437973259253,0.0199418353273143,1.374452650251821,-0.1181170246310158,-2.026571049145175,-0.4755360731898042,-0.027611771991666,0.0122718986629626,1.3729186629189507,-0.1168339254037089,-2.00538526813426,-5.38,-80.7,-61.87,-13.45,8.07,-0.023980823922402,0.1438849435344125,0.0,0.0,0.0,33,37,37,35,38,0,-13,-25,-7,7,13.0,13.0,12.9,12.9,12.8,-999,-999,-999.0,0.0,0.0,0.0
3.0408740043640137,-0.4755360731898042,-0.023009809993055,0.018407847994444,1.374452650251821,-0.1181170246310158,-2.026571049145175,-0.4755360731898042,-0.0214758226601847,0.0122718986629626,1.3729186629189507,-0.1168339254037089,-2.00538526813426,-5.38,-40.35,-64.56,-16.14,5.38,-0.023980823922402,0.1438849435344125,0.0,0.0,0.0,33,38,37,35,38,0,-13,-25,-7,7,13.0,13.0,12.9,12.9,12.8,-999,-999,-999.0,0.0,0.0,0.0
3.0579307079315186,-0.4755360731898042,-0.0199418353273143,0.0199418353273143,1.374452650251821,-0.1181170246310158,-2.026571049145175,-0.4755360731898042,-0.0214758226601847,0.0122718986629626,1.3729186629189507,-0.1168339254037089,-2.00538526813426,-5.38,-69.94,-64.56,-16.14,8.07,-0.023980823922402,0.1438849435344125,0.0,0.0,0.0,33,38,37,36,38,0,-13,-25,-7,7,13.0,12.8,12.9,12.8,12.8,-999,-999,-999.0,0.0,0.0,0.0
3.075117349624632,-0.4755360731898042,-0.0168738606615736,0.018407847994444,1.374452650251821,-0.1181170246310158,-2.026571049145175,-0.4755360731898042,-0.0199418353273143,0.0122718986629626,1.3729186629189507,-0.1168339254037089,-2.00538526813426,-5.38,-61.87,-64.56,-16.14,5.38,0.0,0.1438849435344125,0.0,0.0,0.0,33,38,37,36,38,0,-13,-32,-7,7,13.0,12.9,12.9,12.9,12.8,-999,-999,-999.0,0.0,0.0,0.0
3.0927937030792254,-0.4755360731898042,-0.013805885995833,0.018407847994444,1.374452650251821,-0.1181170246310158,-2.026571049145175,-0.4755360731898042,-0.013805885995833,0.0122718986629626,1.3729186629189507,-0.1168339254037089,-2.00538526813426,-5.38,-53.8,-64.56,-16.14,5.38,0.0,0.1438849435344125,0.0,0.0,0.0,33,37,37,36,38,0,-13,-32,-7,7,12.9,12.9,12.9,12.9,12.8,-999,-999,-999.0,0.0,0.0,0.0
3.109875202178955,-0.4755360731898042,-0.0122718986629626,0.018407847994444,1.374452650251821,-0.1181170246310158,-2.026571049145175,-0.4755360731898042,-0.013805885995833,0.0122718986629626,1.3729186629189507,-0.1168339254037089,-2.00538526813426,-5.38,-56.49,-59.18,-16.14,5.38,0.0,0.1438849435344125,0.0,0.0,0.0,33,37,37,36,38,0,-13,-25,-7,7,12.9,12.9,12.9,12.9,12.8,-999,-999,-999.0,0.0,0.0,0.0
3.1271281242370605,-0.4755360731898042,-0.009203923997222,0.0199418353273143,1.374452650251821,-0.1181170246310158,-2.026571049145175,-0.4770700605226745,-0.0107379113300923,0.0122718986629626,1.3729186629189507,-0.1168339254037089,-2.00538526813426,0.0,-78.01,-64.56,-16.14,5.38,0.0,0.1438849435344125,0.0,0.0,0.0,33,37,37,36,37,-7,-13,-32,-7,7,12.9,13.0,12.9,12.9,12.8,-999,-999,-999.0,0.0,0.0,0.0
3.144831657409668,-0.4755360731898042,-0.0061359493314813,0.018407847994444,1.374452650251821,-0.1181170246310158,-2.026571049145175,-0.4770700605226745,-0.0061359493314813,0.0122718986629626,1.3729186629189507,-0.1168339254037089,-2.00538526813426,0.0,-53.8,-59.18,-16.14,8.07,0.0,0.1438849435344125,0.0,0.0,0.0,33,37,37,36,37,0,-13,-25,-7,7,12.9,13.0,12.9,12.9,12.8,-999,-999,-999.0,0.0,0.0,0.0
3.161792755126953,-0.4755360731898042,-0.004601961998611,0.018407847994444,1.374452650251821,-0.1181170246310158,-2.026571049145175,-0.4770700605226745,-0.0061359493314813,0.0122718986629626,1.3729186629189507,-0.1168339254037089,-2.00538526813426,0.0,-61.87,-64.56,-16.14,8.07,0.0,0.1438849435344125,0.0,0.0,0.0,33,37,37,36,37,-7,-13,-32,-7,7,12.9,13.0,12.9,12.9,12.8,-999,-999,-999.0,0.0,0.0,0.0
3.1787712574005127,-0.4755360731898042,-0.0015339873328703,0.018407847994444,1.374452650251821,-0.1181170246310158,-2.026571049145175,-0.4770700605226745,-0.0030679746657406,0.0122718986629626,1.3729186629189507,-0.1168339254037089,-2.00538526813426,0.0,-94.15,-59.18,-16.14,8.07,0.0,0.1438849435344125,0.0,0.0,0.0,33,37,37,36,38,-7,-19,-25,-7,7,12.9,13.0,12.8,12.9,12.8,-999,-999,-999.0,0.0,0.0,0.0
3.1959521770477295,-0.4755360731898042,0.0,0.018407847994444,1.374452650251821,-0.1181170246310158,-2.026571049145175,-0.4770700605226745,-0.0030679746657406,0.0122718986629626,1.3729186629189507,-0.1168339254037089,-2.00538526813426,0.0,-86.08,-61.87,-16.14,8.07,0.0,0.1438849435344125,0.0,0.0,0.0,33,37,37,36,38,-7,-19,-25,-7,7,12.9,13.0,12.9,12.9,12.8,-999,-999,-999.0,0.0,0.0,0.0
3.2128758430480975,-0.4770700605226745,0.0030679746657406,0.0199418353273143,1.374452650251821,-0.1181170246310158,-2.026571049145175,-0.4770700605226745,-0.0015339873328703,0.0122718986629626,1.3729186629189507,-0.1168339254037089,-2.00538526813426,-5.38,-88.77,-61.87,-16.14,8.07,0.0,0.1438849435344125,0.0,0.0,0.0,33,37,37,35,39,-7,-19,-25,-7,7,12.9,12.7,12.9,12.9,12.8,-999,-999,-999.0,0.0,0.0,0.0
3.229808807373047,-0.4770700605226745,0.004601961998611,0.018407847994444,1.374452650251821,-0.1181170246310158,-2.026571049145175,-0.4770700605226745,0.0,0.0122718986629626,1.3713846755860803,-0.1168339254037089,-2.00538526813426,-5.38,-69.94,-72.63,0.0,8.07,0.0,0.1199041196120104,0.0,0.0,0.0,33,37,37,35,38,-7,-19,-32,-13,7,12.9,12.9,12.9,12.9,12.8,-999,-999,-999.0,0.0,0.0,0.0
3.2468068599700928,-0.4770700605226745,0.0061359493314813,0.018407847994444,1.374452650251821,-0.1181170246310158,-2.026571049145175,-0.4770700605226745,0.0,0.0122718986629626,1.3713846755860803,-0.1168339254037089,-2.00538526813426,-5.38,-96.84,-61.87,-2.69,8.07,0.0,0.1199041196120104,0.0,0.0,0.0,33,37,37,35,37,-7,-25,-25,-7,7,12.9,12.9,12.9,12.9,12.8,-999,-999,-999.0,0.0,0.0,0.0
3.263798475265503,-0.4770700605226745,0.0076699366643516,0.018407847994444,1.3729186629189507,-0.1181170246310158,-2.026571049145175,-0.4770700605226745,0.0030679746657406,0.0122718986629626,1.3713846755860803,-0.1168339254037089,-2.00538526813426,-2.69,-72.63,-64.56,-8.07,8.07,0.0,0.0959232956896083,0.0,0.0,0.0,33,38,37,35,37,0,-25,-25,-7,7,12.9,12.9,12.9,12.9,12.8,-999,-999,-999.0,0.0,0.0,0.0
3.280789613723755,-0.4770700605226745,0.0076699366643516,0.0199418353273143,1.3729186629189507,-0.1181170246310158,-2.026571049145175,-0.4770700605226745,0.004601961998611,0.0122718986629626,1.3713846755860803,-0.1168339254037089,-2.00538526813426,0.0,-86.08,-64.56,-13.45,8.07,0.0,0.0719424717672062,0.0,0.0,0.0,33,38,37,36,37,-7,-25,-25,-7,7,12.9,12.9,12.9,12.9,12.8,-999,-999,-999.0,0.0,0.0,0.0
3.2978568077087402,-0.4770700605226745,0.009203923997222,0.018407847994444,1.3729186629189507,-0.1181170246310158,-2.026571049145175,-0.4770700605226745,0.004601961998611,0.0122718986629626,1.3713846755860803,-0.1168339254037089,-2.00538526813426,-5.38,-64.56,-64.56,-16.14,8.07,0.0,0.0719424717672062,0.0,0.0,0.0,33,38,37,35,37,-7,-19,-32,-7,7,12.9,12.9,12.9,12.9,12.8,-999,-999,-999.0,0.0,0.0,0.0
3.314798355102539,-0.4770700605226745,0.0107379113300923,0.0199418353273143,1.3729186629189507,-0.1181170246310158,-2.026571049145175,-0.4770700605226745,0.0061359493314813,0.0122718986629626,1.3713846755860803,-0.1168339254037089,-2.00538526813426,-5.38,-67.25,-59.18,-16.14,8.07,0.0,0.0719424717672062,0.0,0.0,0.0,33,37,37,35,37,0,-19,-25,-7,7,12.9,13.0,12.9,12.9,12.8,-999,-999,-999.0,0.0,0.0,0.0
3.3319292068481445,-0.4770700605226745,0.0122718986629626,0.018407847994444,1.3729186629189507,-0.1181170246310158,-2.026571049145175,-0.4770700605226745,0.0076699366643516,0.0122718986629626,1.3713846755860803,-0.1168339254037089,-2.00538526813426,-5.38,-67.25,-67.25,-21.52,8.07,0.0,0.0719424717672062,0.0,0.0,0.0,33,37,38,35,38,0,-19,-25,-7,7,12.9,13.0,12.9,12.9,12.8,-999,-999,-999.0,0.0,0.0,0.0
3.3489086627960205,-0.4770700605226745,0.013805885995833,0.018407847994444,1.3729186629189507,-0.1181170246310158,-2.026571049145175,-0.4770700605226745,0.0076699366643516,0.0122718986629626,1.3729186629189507,-0.1168339254037089,-2.00538526813426,-5.38,-86.08,-61.87,-13.45,8.07,0.0,0.0719424717672062,0.0,0.0,0.0,33,37,38,35,38,0,-25,-25,0,7,12.9,13.0,12.9,12.9,12.8,-999,-999,-999.0,0.0,0.0,0.0
3.365818738937376,-0.4770700605226745,0.013805885995833,0.018407847994444,1.3729186629189507,-0.1181170246310158,-2.026571049145175,-0.4770700605226745,0.009203923997222,0.0122718986629626,1.3713846755860803,-0.1168339254037089,-2.00538526813426,-5.38,-59.18,-61.87,-16.14,8.07,0.0,0.0719424717672062,0.0,0.0,0.0,33,37,38,35,38,0,-19,-25,-7,7,13.0,12.9,13.0,12.9,12.8,-999,-999,-999.0,0.0,0.0,0.0
3.3830273151397705,-0.4770700605226745,0.0153398733287033,0.018407847994444,1.3729186629189507,-0.1181170246310158,-2.026571049145175,-0.4770700605226745,0.0107379113300923,0.0122718986629626,1.3729186629189507,-0.1168339254037089,-2.00538526813426,-8.07,-69.94,-61.87,-13.45,8.07,0.0,0.0719424717672062,0.0,0.0,0.0,33,37,38,35,38,0,-19,-25,0,7,13.0,12.9,13.0,12.9,12.8,-999,-999,-999.0,0.0,0.0,0.0
3.400849342346193,-0.4770700605226745,0.0168738606615736,0.018407847994444,1.3729186629189507,-0.1181170246310158,-2.026571049145175,-0.4770700605226745,0.0107379113300923,0.0122718986629626,1.3713846755860803,-0.1168339254037089,-2.00538526813426,-5.38,-64.56,-61.87,-16.14,8.07,0.0,0.0719424717672062,0.0,0.0,0.0,33,37,38,35,38,0,-25,-25,-7,7,13.0,12.9,13.0,12.9,12.8,-999,-999,-999.0,0.0,0.0,0.0
3.4180192947387695,-0.4770700605226745,0.0168738606615736,0.018407847994444,1.3729186629189507,-0.1181170246310158,-2.026571049145175,-0.4770700605226745,0.0107379113300923,0.0122718986629626,1.3713846755860803,-0.1168339254037089,-2.00538526813426,-5.38,-80.7,-61.87,-18.83,8.07,0.0,0.0479616478448041,0.0,0.0,0.0,33,38,38,36,38,0,-25,-25,-7,7,13.0,13.0,13.0,12.9,12.8,-999,-999,-999.0,0.0,0.0,0.0
3.4350168704986572,-0.4770700605226745,0.018407847994444,0.018407847994444,1.3729186629189507,-0.1181170246310158,-2.026571049145175,-0.4770700605226745,0.0122718986629626,0.0122718986629626,1.3713846755860803,-0.1168339254037089,-2.00538526813426,-5.38,-64.56,-67.25,-18.83,5.38,0.0,0.0479616478448041,0.0,0.0,0.0,33,38,38,36,38,0,-25,-32,-7,7,13.0,13.0,13.0,12.9,12.8,-999,-999,-999.0,0.0,0.0,0.0
3.451756715774536,-0.4770700605226745,0.018407847994444,0.018407847994444,1.3729186629189507,-0.1181170246310158,-2.026571049145175,-0.4786040478555448,0.0122718986629626,0.0122718986629626,1.3713846755860803,-0.1168339254037089,-2.00538526813426,0.0,-64.56,-61.87,-18.83,5.38,0.0,0.0479616478448041,0.0,0.0,0.0,33,38,37,36,38,-7,-25,-25,-7,7,13.0,13.0,12.9,12.9,12.8,-999,-999,-999.0,0.0,0.0,0.0
3.468792200088501,-0.4770700605226745,0.018407847994444,0.018407847994444,1.3729186629189507,-0.1181170246310158,-2.026571049145175,-0.4770700605226745,0.013805885995833,0.0122718986629626,1.3713846755860803,-0.1168339254037089,-2.00538526813426,2.69,-43.04,-64.56,-16.14,8.07,0.0,0.023980823922402,0.0,0.0,0.0,33,38,38,36,38,0,-19,-25,-7,7,13.0,13.0,12.9,12.9,12.8,-999,-999,-999.0,0.0,0.0,0.0
3.4858424663543683,-0.4770700605226745,0.0199418353273143,0.018407847994444,1.3729186629189507,-0.1181170246310158,-2.026571049145175,-0.4786040478555448,0.013805885995833,0.0122718986629626,1.3729186629189507,-0.1168339254037089,-2.00538526813426,-2.69,-75.32,-61.87,-13.45,8.07,0.0,0.023980823922402,0.0,0.0,0.0,33,38,37,36,38,0,-25,-25,-7,7,13.0,13.0,12.9,12.8,12.8,-999,-999,-999.0,0.0,0.0,0.0
3.5028011798858643,-0.4770700605226745,0.0199418353273143,0.0199418353273143,1.3729186629189507,-0.1181170246310158,-2.026571049145175,-0.4786040478555448,0.0153398733287033,0.0122718986629626,1.3713846755860803,-0.1168339254037089,-2.00538526813426,0.0,-69.94,-61.87,-10.76,8.07,0.0,0.023980823922402,0.0,0.0,0.0,33,38,37,36,38,-7,-25,-32,0,7,13.0,13.0,12.9,12.9,12.8,-999,-999,-999.0,0.0,0.0,0.0
3.5207417011260986,-0.4770700605226745,0.0199418353273143,0.018407847994444,1.3729186629189507,-0.1181170246310158,-2.026571049145175,-0.4801380351884152,0.0168738606615736,0.0122718986629626,1.3713846755860803,-0.1168339254037089,-2.00538526813426,0.0,-61.87,-67.25,-16.14,8.07,0.0,0.023980823922402,0.0,0.0,0.0,33,38,37,36,38,-7,-19,-25,-7,7,13.0,13.0,12.9,12.9,12.8,-999,-999,-999.0,0.0,0.0,0.0
3.5380752086639404,-0.4786040478555448,0.0214758226601847,0.018407847994444,1.3729186629189507,-0.1181170246310158,-2.026571049145175,-0.4801380351884152,0.0168738606615736,0.0122718986629626,1.3713846755860803,-0.1168339254037089,-2.00538526813426,5.38,-53.8,-67.25,-16.14,8.07,0.0,0.023980823922402,0.0,0.0,0.0,33,37,37,36,37,-7,-19,-32,-7,7,13.2,13.0,12.9,12.9,12.8,-999,-999,-999.0,0.0,0.0,0.0
3.555844783782959,-0.4786040478555448,0.023009809993055,0.018407847994444,1.3729186629189507,-0.1181170246310158,-2.026571049145175,-0.4816720225212855,0.018407847994444,0.0122718986629626,1.3713846755860803,-0.1168339254037089,-2.00538526813426,0.0,-80.7,-61.87,-16.14,8.07,0.0,0.023980823922402,0.0,0.0,0.0,33,37,37,36,37,-7,-25,-25,-7,0,13.0,13.0,12.9,12.9,12.8,-999,-999,-999.0,0.0,0.0,0.0
3.5727975368499756,-0.4801380351884152,0.023009809993055,0.018407847994444,1.3729186629189507,-0.1181170246310158,-2.026571049145175,-0.4816720225212855,0.018407847994444,0.0122718986629626,1.3713846755860803,-0.1168339254037089,-2.00538526813426,8.07,-45.73,-61.87,-13.45,8.07,0.0,0.023980823922402,0.0,0.0,0.0,33,38,37,36,37,-7,-19,-25,-7,7,12.9,12.9,12.9,12.9,12.8,-999,-999,-999.0,0.0,0.0,0.0
3.589993715286255,-0.4801380351884152,0.0245437973259253,0.018407847994444,1.3729186629189507,-0.1181170246310158,-2.026571049145175,-0.4816720225212855,0.0199418353273143,0.0122718986629626,1.3713846755860803,-0.1168339254037089,-2.00538526813426,13.45,-59.18,-61.87,-16.14,8.07,-0.023980823922402,0.0479616478448041,0.0,0.0,0.0,33,38,37,36,37,-7,-19,-25,-7,7,12.9,12.9,12.7,12.9,12.8,-999,-999,-999.0,0.0,0.0,0.0
3.606795310974121,-0.4816720225212855,0.0260777846587957,0.018407847994444,1.3713846755860803,-0.1181170246310158,-2.026571049145175,-0.4816720225212855,0.0214758226601847,0.0122718986629626,1.3713846755860803,-0.1168339254037089,-2.00538526813426,0.0,-75.32,-61.87,-18.83,8.07,-0.023980823922402,0.0479616478448041,0.0,0.0,0.0,33,38,37,36,37,0,-19,-25,-7,7,12.9,12.9,12.9,12.9,12.8,-999,-999,-999.0,0.0,0.0,0.0
3.6238107681274414,-0.4816720225212855,0.027611771991666,0.0199418353273143,1.3729186629189507,-0.1181170246310158,-2.026571049145175,-0.4816720225212855,0.0214758226601847,0.0122718986629626,1.3713846755860803,-0.1168339254037089,-2.00538526813426,-8.07,-83.39,-64.56,-18.83,8.07,-0.023980823922402,0.0479616478448041,0.0,0.0,0.0,33,38,37,36,37,0,-25,-32,-7,7,12.9,12.9,12.9,12.9,12.8,-999,-999,-999.0,0.0,0.0,0.0
3.640873670578003,-0.4816720225212855,0.0291457593245363,0.0199418353273143,1.3729186629189507,-0.1181170246310158,-2.026571049145175,-0.4816720225212855,0.023009809993055,0.0122718986629626,1.3713846755860803,-0.1168339254037089,-2.00538526813426,-5.38,-72.63,-59.18,-16.14,8.07,-0.023980823922402,0.0479616478448041,0.0,0.0,0.0,33,37,37,35,37,0,-19,-25,-7,7,12.9,12.9,12.9,12.9,12.8,-999,-999,-999.0,0.0,0.0,0.0
3.6578736305236816,-0.4816720225212855,0.0291457593245363,0.0199418353273143,1.3729186629189507,-0.1181170246310158,-2.026571049145175,-0.4816720225212855,0.0245437973259253,0.0122718986629626,1.36985068825321,-0.1168339254037089,-2.00538526813426,-5.38,-69.94,-69.94,0.0,8.07,-0.023980823922402,0.0479616478448041,0.0,0.0,0.0,33,38,37,35,38,0,-19,-32,-7,7,12.9,12.9,12.9,12.9,12.8,-999,-999,-999.0,0.0,0.0,0.0
3.675039529800415,-0.4816720225212855,0.0306797466574067,0.018407847994444,1.3713846755860803,-0.1181170246310158,-2.026571049145175,-0.4816720225212855,0.027611771991666,0.0122718986629626,1.36985068825321,-0.1168339254037089,-2.00538526813426,-5.38,-75.32,-61.87,-10.76,8.07,0.0,0.0719424717672062,0.0,0.0,0.0,33,38,37,35,38,0,-19,-32,-7,7,12.9,12.9,12.9,12.9,12.8,-999,-999,-999.0,0.0,0.0,0.0
3.6918141841888428,-0.4832060098541558,0.032213733990277,0.0199418353273143,1.3713846755860803,-0.1181170246310158,-2.026571049145175,-0.4816720225212855,0.027611771991666,0.0122718986629626,1.36985068825321,-0.1168339254037089,-2.00538526813426,-5.38,-72.63,-64.56,-13.45,8.07,0.0,0.0719424717672062,0.0,0.0,0.0,33,38,37,35,38,0,-19,-25,-7,7,12.9,13.1,12.9,12.9,12.8,-999,-999,-999.0,0.0,0.0,0.0
3.7087814807891846,-0.4816720225212855,0.0337477213231473,0.018407847994444,1.3713846755860803,-0.1181170246310158,-2.026571049145175,-0.4816720225212855,0.0306797466574067,0.0107379113300923,1.36985068825321,-0.1168339254037089,-2.00538526813426,-5.38,-78.01,-61.87,-13.45,8.07,0.0,0.0719424717672062,0.0,0.0,0.0,33,38,37,35,38,0,-19,-25,-7,7,12.9,13.0,12.9,12.9,12.8,-999,-999,-999.0,0.0,0.0,0.0
3.725802421569824,-0.4816720225212855,0.0352817086560177,0.0199418353273143,1.3713846755860803,-0.1181170246310158,-2.026571049145175,-0.4816720225212855,0.032213733990277,0.0107379113300923,1.36985068825321,-0.1168339254037089,-2.00538526813426,-5.38,-83.39,-83.39,-13.45,8.07,0.0,0.0719424717672062,0.0,0.0,0.0,33,38,37,35,37,0,-19,-32,-7,7,12.9,13.0,12.9,12.9,12.8,-999,-999,-999.0,0.0,0.0,0.0
3.7430574893951416,-0.4816720225212855,0.036815695988888,0.018407847994444,1.3713846755860803,-0.1181170246310158,-2.026571049145175,-0.4816720225212855,0.0337477213231473,0.0107379113300923,1.36985068825321,-0.1168339254037089,-2.00538526813426,-5.38,-80.7,-78.01,-13.45,8.07,0.0,0.0719424717672062,0.0,0.0,0.0,33,38,37,35,37,0,-19,-32,-7,7,12.9,13.0,12.9,12.9,12.8,-999,-999,-999.0,0.0,0.0,0.0
3.7607617378234863,-0.4816720225212855,0.0383496833217584,0.0199418353273143,1.3713846755860803,-0.1181170246310158,-2.026571049145175,-0.4816720225212855,0.0352817086560177,0.009203923997222,1.3683167009203396,-0.1183679127365792,-2.0307100179514683,-5.38,-72.63,-83.39,-13.45,8.07,0.0,0.0719424717672062,0.0,0.0,0.0,33,38,37,35,37,0,-19,-38,-7,7,12.9,13.0,12.9,12.9,12.8,-999,-999,-999.0,0.0,0.0,0.0
3.777783155441284,-0.4816720225212855,0.0398836706546287,0.018407847994444,1.3713846755860803,-0.1181170246310158,-2.026571049145175,-0.4816720225212855,0.036815695988888,0.009203923997222,1.3683167009203396,-0.1183679127365792,-2.0307100179514683,-5.38,-80.7,-115.67,0.0,5.38,0.0,0.0719424717672062,0.0,0.0,0.0,33,37,37,35,38,0,-19,-38,-13,0,12.9,13.0,12.9,12.8,12.8,-999,-999,-999.0,0.0,0.0,0.0
3.7947964668273926,-0.4816720225212855,0.041417657987499,0.0199418353273143,1.3713846755860803,-0.1181170246310158,-2.026571049145175,-0.4816720225212855,0.036815695988888,0.009203923997222,1.3683167009203396,-0.1183679127365792,-2.0307100179514683,-5.38,-91.46,-110.29,-8.07,2.69,0.0,0.0719424717672062,0.0,0.0,0.0,33,37,37,35,38,0,-19,-38,-7,0,12.9,12.9,12.9,12.9,12.8,-999,-999,-999.0,0.0,0.0,0.0
3.8118147850036603,-0.4816720225212855,0.0429516453203694,0.018407847994444,1.36985068825321,-0.1181170246310158,-2.026571049145175,-0.4816720225212855,0.041417657987499,0.0076699366643516,1.3683167009203396,-0.1214358874023199,-2.0812293026320585,-5.38,-88.77,-131.81,-8.07,2.69,0.0,0.0719424717672062,0.0,0.0,0.0,33,37,37,35,38,0,-19,-44,0,-6,12.9,12.9,12.9,12.9,12.8,-999,-999,-999.0,0.0,0.0,0.0
3.8288254737854004,-0.4816720225212855,0.04601961998611,0.018407847994444,1.36985068825321,-0.1181170246310158,-2.026571049145175,-0.4816720225212855,0.041417657987499,0.0076699366643516,1.3683167009203396,-0.1214358874023199,-2.0812293026320585,-5.38,-75.32,-137.19,-10.76,-16.14,0.0,0.0959232956896083,0.0,0.0,0.0,33,37,37,35,38,0,-19,-44,-7,-12,12.9,12.9,13.0,12.9,12.8,-999,-999,-999.0,0.0,0.0,0.0
3.846127986907959,-0.4816720225212855,0.0475536073189804,0.0199418353273143,1.36985068825321,-0.1196510119638862,-2.051859500210612,-0.4816720225212855,0.0444856326532397,0.0076699366643516,1.3683167009203396,-0.1229698747351902,-2.1064237965501205,-5.38,-72.63,-131.81,-13.45,5.38,0.0,0.0959232956896083,0.0,0.0,0.0,33,37,37,35,38,0,-19,-44,-7,-6,12.9,12.9,13.0,12.9,12.8,-999,-999,-999.0,0.0,0.0,0.0
3.8638241291046143,-0.4816720225212855,0.050621581984721,0.018407847994444,1.36985068825321,-0.1196510119638862,-2.051859500210612,-0.4832060098541558,0.04601961998611,0.0061359493314813,1.3667827135874693,-0.1229698747351902,-2.1064237965501205,-5.38,-96.84,-134.5,-10.76,-13.45,0.0,0.0959232956896083,0.0,0.0,0.0,33,38,37,35,38,0,-25,-50,-7,-12,12.9,12.9,13.0,12.9,12.8,-999,-999,-2.94,0.0,0.0,0.0
3.880820274353029,-0.4816720225212855,0.050621581984721,0.0199418353273143,1.3683167009203396,-0.1196510119638862,-2.051859500210612,-0.4832060098541558,0.04601961998611,0.0061359493314813,1.3667827135874693,-0.1229698747351902,-2.1064237965501205,0.0,-96.84,-153.32999999999998,-10.76,0.0,0.0,0.0959232956896083,0.0,0.0,0.0,33,38,38,35,38,-7,-19,-50,-13,-12,12.9,12.9,13.0,12.8,12.8,-999,-999,-2.94,0.0,0.0,0.0
3.8977584838867188,-0.4816720225212855,0.0521555693175914,0.018407847994444,1.3683167009203396,-0.1211849992967565,-2.077104535811579,-0.4816720225212855,0.0490875946518507,0.0061359493314813,1.3652487262545991,-0.1245038620680605,-2.1315748318247625,0.0,-83.39,-126.43,0.0,0.0,0.0,0.0959232956896083,0.0,0.0,0.0,33,38,37,35,38,0,-19,-44,-13,-12,12.9,12.9,12.9,13.0,12.8,-999,-999,-2.94,0.0,0.0,0.0
3.9147799015045166,-0.4816720225212855,0.055223543983332,0.0199418353273143,1.3667827135874693,-0.1211849992967565,-2.077104535811579,-0.4816720225212855,0.0490875946518507,0.0061359493314813,1.3652487262545991,-0.1245038620680605,-2.1315748318247625,-2.69,-80.7,-142.57,-2.69,0.0,0.0,0.0959232956896083,0.0,-0.023980823922402,-0.023980823922402,33,37,37,35,38,0,-19,-50,-7,-12,12.9,12.9,12.9,12.9,12.8,-999,-999,-2.94,0.0,0.0,0.0
3.9320881366729736,-0.4816720225212855,0.055223543983332,0.018407847994444,1.3667827135874693,-0.1227189866296268,-2.10230613566452,-0.4816720225212855,0.0490875946518507,0.0061359493314813,1.3637147389217288,-0.1260378494009309,-2.156682389383612,-2.69,-80.7,-129.12,0.0,-16.14,0.0,0.0719424717672062,0.0,-0.023980823922402,-0.023980823922402,33,37,37,35,38,0,-25,-44,-13,-12,12.9,12.9,12.9,12.8,12.8,-999,-999,-2.94,0.0,0.0,0.0
3.949740409851074,-0.4816720225212855,0.0567575313162024,0.018407847994444,1.3652487262545991,-0.1242529739624972,-2.12746428004653,-0.4816720225212855,0.0490875946518507,0.0061359493314813,1.3637147389217288,-0.1275718367338012,-2.1817464507118585,-2.69,-72.63,-145.26,2.69,2.69,0.0,0.0719424717672062,0.0,-0.023980823922402,-0.023980823922402,33,37,37,35,38,0,-25,-50,-7,-12,12.9,12.9,12.9,12.8,12.8,-999,-999,-2.94,0.0,0.0,0.0
3.9667742252349854,-0.4816720225212855,0.0567575313162024,0.018407847994444,1.3652487262545991,-0.1242529739624972,-2.12746428004653,-0.4816720225212855,0.0490875946518507,0.0061359493314813,1.3637147389217288,-0.1275718367338012,-2.1817464507118585,-2.69,-86.08,-142.57,-13.45,-18.83,0.0,0.0479616478448041,0.0,-0.023980823922402,-0.0479616478448041,33,36,37,35,38,0,-32,-50,-7,-12,12.9,12.9,12.9,12.8,12.8,-999,-999,-2.94,0.0,0.0,0.0
3.983776569366455,-0.4832060098541558,0.0567575313162024,0.018407847994444,1.3652487262545991,-0.1242529739624972,-2.12746428004653,-0.4816720225212855,0.050621581984721,0.0061359493314813,1.3621807515888584,-0.1306398113995419,-2.231744013396406,-2.69,-72.63,-145.26,0.0,-29.59,0.0,0.0479616478448041,0.0,-0.023980823922402,-0.0479616478448041,33,37,37,35,38,0,-25,-50,-13,-25,12.9,12.9,12.9,12.8,12.8,-999,-999,-2.94,0.0,0.0,0.0
4.000762701034544,-0.4816720225212855,0.0567575313162024,0.018407847994444,1.3637147389217288,-0.1257869612953675,-2.152578949793916,-0.4816720225212855,0.050621581984721,0.0076699366643516,1.3621807515888584,-0.1337077860652826,-2.281567382855676,-2.69,-61.87,-123.74,0.0,-21.52,0.0,0.023980823922402,0.0,-0.023980823922402,-0.023980823922402,33,37,37,35,38,0,-25,-44,-13,-31,12.9,12.9,12.9,12.8,12.8,-999,-999,-2.94,0.0,0.0,0.0
4.0177628993988055,-0.4816720225212855,0.0567575313162024,0.018407847994444,1.3637147389217288,-0.1288549359611082,-2.2026777915175497,-0.4816720225212855,0.050621581984721,0.0061359493314813,1.3621807515888584,-0.1383097480638936,-2.3559755467199155,-2.69,-56.49,-164.09,-16.14,-18.83,0.0,0.0,0.0,-0.023980823922402,-0.0479616478448041,33,37,37,35,38,0,-25,-50,-7,-37,12.9,12.9,12.9,12.7,12.8,-999,-999,-2.94,0.0,0.0,0.0
4.035070180892944,-0.4816720225212855,0.0567575313162024,0.018407847994444,1.3637147389217288,-0.1319229106268489,-2.2526025186556144,-0.4816720225212855,0.0521555693175914,0.0061359493314813,1.3621807515888584,-0.1413777227296342,-2.405362891446779,-2.69,-34.97,-142.57,-16.14,-13.45,0.0,0.0,0.0,-0.023980823922402,-0.0719424717672062,33,37,37,35,38,0,-25,-50,-7,-37,12.9,12.9,12.9,12.8,12.8,-999,-999,-2.94,0.0,0.0,0.0
4.052769422531128,-0.4832060098541558,0.0582915186490727,0.018407847994444,1.3637147389217288,-0.1349908852925895,-2.302352997882742,-0.4816720225212855,0.050621581984721,0.0061359493314813,1.3621807515888584,-0.1521156340597266,-2.576842974566753,-2.69,-64.56,-145.26,-13.45,-24.21,0.0,0.0,0.0,-0.023980823922402,-0.1199041196120104,33,37,37,35,38,0,-25,-50,-7,-43,12.9,12.9,12.9,12.8,12.8,-999,-999,-2.94,0.0,0.0,0.0
4.069796085357664,-0.4816720225212855,0.0582915186490727,0.018407847994444,1.3637147389217288,-0.1380588599583302,-2.351929104680045,-0.4816720225212855,0.050621581984721,0.0061359493314813,1.3621807515888584,-0.1582515833912079,-2.673869829609779,-2.69,-72.63,-150.64,-13.45,-21.52,0.0,0.0,0.0,0.0,-0.1438849435344125,33,37,37,35,38,6,-25,-50,-7,-50,12.9,12.9,12.9,12.8,12.8,-999,-999,-2.94,0.0,0.0,0.0
4.086819410324097,-0.4816720225212855,0.0582915186490727,0.018407847994444,1.3637147389217288,-0.1426608219569412,-2.4259660657243547,-0.4816720225212855,0.050621581984721,0.0061359493314813,1.3621807515888584,-0.1659215200555596,-2.7941687899398286,-2.69,-61.87,-153.32999999999998,-13.45,-16.14,0.0,0.0,0.0,0.0,-0.1678657674568146,33,37,37,35,38,0,-25,-50,-7,-50,13.0,12.9,12.9,12.8,12.8,-999,-999,-2.94,0.0,0.0,0.0
4.104783058166506,-0.4816720225212855,0.0582915186490727,0.018407847994444,1.3637147389217288,-0.1487967712884225,-2.5240707027145497,-0.4816720225212855,0.050621581984721,0.0061359493314813,1.3621807515888584,-0.1751254440527817,-2.937082567290059,-2.69,-69.94,-153.32999999999998,-13.45,-16.14,0.0,0.0,0.0,0.0,-0.1918465913792167,33,37,37,35,37,0,-32,-50,-7,-56,13.0,12.9,12.9,12.8,12.8,-999,-999,-2.94,0.0,0.0,0.0
4.122041940689087,-0.4832060098541558,0.0582915186490727,0.018407847994444,1.3637147389217288,-0.1549327206199039,-2.621476047748615,-0.4816720225212855,0.050621581984721,0.0061359493314813,1.3621807515888584,-0.1751254440527817,-2.937082567290059,-2.69,-72.63,-145.26,-16.14,-13.45,0.0,0.0,0.0,0.0,-0.2158274153016187,33,37,38,35,37,0,-32,-50,-7,-68,13.0,12.8,12.9,12.8,12.8,-999,-999,-2.94,0.0,0.0,0.0
4.139795780181885,-0.4816720225212855,0.0582915186490727,0.018407847994444,1.3637147389217288,-0.1610686699513852,-2.7181815187290703,-0.4816720225212855,0.050621581984721,0.0076699366643516,1.3621807515888584,-0.1919993047143553,-3.19499566799664,-2.69,-72.63,-153.32999999999998,-16.14,-18.83,0.0,0.0,0.0,0.0,-0.263789063146423,33,38,38,35,37,0,-32,-57,-7,-75,13.0,12.9,12.9,12.8,12.8,-999,-999,-2.94,0.0,0.0,0.0
4.156812429428101,-0.4816720225212855,0.0582915186490727,0.018407847994444,1.3637147389217288,-0.1687386066157369,-2.8380784905926992,-0.4816720225212855,0.050621581984721,0.0061359493314813,1.3621807515888584,-0.204271203377318,-3.379240949292105,-2.69,-67.25,-126.43,-16.14,-13.45,0.0,0.0,0.0,0.0,-0.287769887068825,33,38,38,35,35,0,-25,-44,-7,-81,13.0,12.9,12.9,12.8,12.8,-999,-999,-2.94,0.0,0.0,0.0
4.173797607421875,-0.4816720225212855,0.0582915186490727,0.0199418353273143,1.3637147389217288,-0.1764085432800886,-2.956880637353814,-0.4816720225212855,0.050621581984721,0.0061359493314813,1.3621807515888584,-0.2150091147074104,-3.538159230987277,-2.69,-67.25,-145.26,-16.14,-13.45,0.0,0.0,0.0,0.0,-0.3357315349136292,33,37,38,35,37,0,-25,-50,-7,-81,13.0,12.9,12.9,12.8,12.8,-999,-999,-2.94,0.0,0.0,0.0
4.190805673599243,-0.4816720225212855,0.0582915186490727,0.018407847994444,1.3637147389217288,-0.1856124672773106,-3.0979976949660863,-0.4816720225212855,0.050621581984721,0.0061359493314813,1.3621807515888584,-0.2257470260375027,-3.6949376417281488,-2.69,-69.94,-153.32999999999998,-16.14,-16.14,0.0,0.0,0.0,0.0,-0.3836931827584334,33,37,38,35,37,0,-32,-50,-7,-100,13.0,12.9,12.9,12.8,12.8,-999,-999,-2.94,0.0,0.0,0.0
4.207781553268433,-0.4816720225212855,0.0582915186490727,0.018407847994444,1.3637147389217288,-0.196350378607403,-3.260641440149915,-0.4816720225212855,0.050621581984721,0.0061359493314813,1.3621807515888584,-0.2364849373675951,-3.849580525834072,-2.69,-64.56,-150.64,-16.14,-13.45,0.0,0.0,0.0,0.0,-0.4316548306032375,33,37,38,35,37,0,-25,-50,-7,-106,13.0,12.9,12.9,12.8,12.7,-999,-999,-2.94,0.0,0.0,0.0
4.224794864654541,-0.4816720225212855,0.0567575313162024,0.018407847994444,1.3637147389217288,-0.205554302604625,-3.398343172571917,-0.4816720225212855,0.050621581984721,0.0061359493314813,1.3621807515888584,-0.2487568360305578,-4.023707276909712,-2.69,-69.94,-153.32999999999998,-16.14,-13.45,0.0,0.0,0.0,0.0,-0.4796164784480417,33,37,38,35,37,6,-32,-57,-7,-112,13.0,12.9,12.9,12.8,12.8,-999,-999,-2.94,0.0,0.0,0.0
4.241741418838501,-0.4816720225212855,0.0582915186490727,0.018407847994444,1.3637147389217288,-0.2162922139347173,-3.55700556257808,-0.4816720225212855,0.050621581984721,0.0061359493314813,1.3621807515888584,-0.2625627220263908,-4.2162863601997485,-2.69,-72.63,-153.32999999999998,-16.14,-5.38,0.0,0.0,0.0,0.0,-0.527578126292846,33,37,38,35,37,0,-32,-50,-7,-106,12.9,12.9,12.9,12.8,12.8,-999,-999,-2.94,0.0,0.0,0.0
4.258758306503298,-0.4816720225212855,0.0582915186490727,0.018407847994444,1.3637147389217288,-0.2270301252648097,-3.713528544678917,-0.4816720225212855,0.050621581984721,0.0061359493314813,1.3621807515888584,-0.2625627220263908,-4.2162863601997485,-2.69,-69.94,-150.64,-18.83,-10.76,0.0,0.0,0.0,0.0,-0.551558950215248,33,37,38,35,37,0,-32,-50,-7,-118,12.9,12.9,12.9,12.8,12.8,-999,-999,-2.94,0.0,0.0,0.0
4.276101112365723,-0.4832060098541558,0.0582915186490727,0.018407847994444,1.3637147389217288,-0.2377680365949021,-3.8679165897277343,-0.4816720225212855,0.050621581984721,0.0061359493314813,1.3621807515888584,-0.2886405066851865,-4.570532333212623,-2.69,-69.94,-174.85,-13.45,-21.52,0.0,0.0,0.0,0.0,-0.5995205980600522,33,37,37,35,37,0,-32,-57,-7,-125,12.9,12.9,12.9,12.8,12.8,-999,-999,-2.94,0.0,0.0,0.0
4.293777942657471,-0.4816720225212855,0.0582915186490727,0.018407847994444,1.3637147389217288,-0.2500399352578648,-4.041752974580051,-0.4816720225212855,0.050621581984721,0.004601961998611,1.3621807515888584,-0.3024463926810196,-4.753074214387783,-2.69,-67.25,-139.88,-16.14,-13.45,0.0,0.0,0.0,0.0,-0.6235014219824543,33,37,37,35,38,0,-32,-50,-7,-131,12.9,12.9,12.9,12.8,12.8,-999,-999,-2.94,0.0,0.0,0.0
4.310714721679689,-0.4816720225212855,0.0582915186490727,0.018407847994444,1.3637147389217288,-0.2623118339208274,-4.21281792006126,-0.4816720225212855,0.050621581984721,0.004601961998611,1.3621807515888584,-0.3147182913439822,-4.912451397231182,-2.69,-64.56,-174.85,-16.14,-13.45,0.0,0.0,0.0,0.0,-0.6714630698272585,33,37,37,35,38,0,-25,-57,-7,-131,12.9,12.9,12.9,12.8,12.7,-999,-999,-2.94,0.0,0.0,0.0
4.327773571014404,-0.4816720225212855,0.0582915186490727,0.018407847994444,1.3637147389217288,-0.2761177199166604,-4.401967571592429,-0.4832060098541558,0.050621581984721,0.004601961998611,1.3621807515888584,-0.3285241773398152,-5.088530946862402,-2.69,-64.56,-177.54,-16.14,-2.69,0.0,0.0,0.0,0.0,-0.6954438937496605,33,37,37,35,38,0,-25,-57,-7,-131,12.9,12.9,12.9,12.8,12.7,-999,-999,-2.94,0.0,0.0,0.0
4.344802618026733,-0.4816720225212855,0.0582915186490727,0.018407847994444,1.3637147389217288,-0.2883896185796232,-4.567183181327959,-0.4832060098541558,0.050621581984721,0.004601961998611,1.3621807515888584,-0.3285241773398152,-5.088530946862402,0.0,-67.25,-182.92,-16.14,-5.38,0.0,0.0,0.0,0.0,-0.7194247176720626,33,37,38,35,38,-7,-25,-57,-7,-131,12.9,12.9,12.8,12.8,12.7,-999,-999,-2.94,0.0,0.0,0.0
4.361976861953735,-0.4832060098541558,0.0582915186490727,0.018407847994444,1.3637147389217288,-0.3006615172425858,-4.729668232379583,-0.4847399971870262,0.050621581984721,0.004601961998611,1.3621807515888584,-0.3423300633356483,-5.261227271811192,2.69,-69.94,-180.23,-13.45,-2.69,0.0,0.0,0.0,0.0,-0.7434055415944647,33,37,37,35,37,-7,-32,-57,-7,-131,12.9,12.9,12.8,12.8,12.7,-999,-999,-2.94,0.0,0.0,0.0
4.379738569259645,-0.4832060098541558,0.0582915186490727,0.018407847994444,1.3637147389217288,-0.3144674032384189,-4.909220113527343,-0.4847399971870262,0.050621581984721,0.004601961998611,1.3621807515888584,-0.3653398733287033,-5.541615043432282,0.0,-64.56,-174.85,-16.14,-8.07,0.0,0.0,0.0,0.0,-0.7434055415944647,33,37,37,35,37,-7,-32,-57,-7,-137,13.0,12.9,12.9,12.8,12.7,-999,-999,-2.94,0.0,0.0,0.0
4.396990537643433,-0.4832060098541558,0.0582915186490727,0.018407847994444,1.3637147389217288,-0.3282732892342519,-5.085361399608858,-0.4847399971870262,0.050621581984721,0.004601961998611,1.3621807515888584,-0.3653398733287033,-5.541615043432282,0.0,-69.94,-174.85,-18.83,0.0,0.0,0.0,0.0,0.0,-0.7434055415944647,33,37,37,36,37,-7,-32,-57,-7,-118,13.0,12.9,12.9,12.8,12.7,-999,-999,-2.94,0.0,0.0,0.0
4.414792776107788,-0.4847399971870262,0.0582915186490727,0.018407847994444,1.3637147389217288,-0.3420791752300849,-5.258118955331764,-0.4862739845198965,0.050621581984721,0.004601961998611,1.3621807515888584,-0.391417657987499,-5.84830572737969,10.76,-67.25,-174.85,-16.14,0.0,-0.023980823922402,0.0,0.0,0.0,-0.7434055415944647,33,37,37,36,37,-7,-32,-57,-7,-118,13.0,12.9,12.8,12.8,12.7,-999,-999,-2.94,0.0,0.0,0.0
4.431989431381226,-0.4847399971870262,0.0582915186490727,0.0199418353273143,1.3637147389217288,-0.3543510738930476,-5.408863734499773,-0.4862739845198965,0.050621581984721,0.004601961998611,1.3621807515888584,-0.391417657987499,-5.84830572737969,0.0,-67.25,-180.23,-18.83,-5.38,-0.023980823922402,0.0,0.0,0.0,-0.7434055415944647,33,38,37,36,37,-7,-32,-63,-7,-118,13.0,12.9,12.8,12.8,12.8,-999,-999,-2.94,0.0,0.0,0.0
4.448965072631836,-0.4862739845198965,0.0567575313162024,0.018407847994444,1.3637147389217288,-0.3681569598888806,-5.57530951506585,-0.4878079718527668,0.050621581984721,0.004601961998611,1.3621807515888584,-0.4036895566504617,-5.988617403959175,10.76,-67.25,-177.54,-18.83,0.0,-0.023980823922402,0.0,0.0,0.0,-0.7194247176720626,33,38,36,36,37,-7,-32,-57,-7,-125,13.0,12.9,12.9,12.8,12.8,-999,-999,-2.94,0.0,0.0,0.0
4.46596360206604,-0.4862739845198965,0.0582915186490727,0.0199418353273143,1.3637147389217288,-0.378894871218973,-5.702486782780706,-0.4878079718527668,0.050621581984721,0.004601961998611,1.3621807515888584,-0.4159614553134244,-6.126394416611412,0.0,-67.25,-180.23,-18.83,-8.07,-0.023980823922402,0.0,0.0,0.0,-0.7194247176720626,33,38,37,36,37,-7,-32,-63,-7,-125,13.0,13.0,12.8,12.8,12.7,-999,-999,-2.94,0.0,0.0,0.0
4.483739852905273,-0.4862739845198965,0.0582915186490727,0.018407847994444,1.3637147389217288,-0.3911667698819356,-5.845410564240456,-0.4893419591856371,0.050621581984721,0.004601961998611,1.3621807515888584,-0.4389712653064794,-6.377984111536878,0.0,-72.63,-177.54,-18.83,-2.69,-0.023980823922402,0.0,0.0,0.0,-0.6954438937496605,32,38,37,36,37,-7,-32,-57,-7,-125,13.0,13.0,12.9,12.8,12.7,-999,-999,-2.94,0.0,0.0,0.0
4.5007171630859375,-0.4878079718527668,0.0582915186490727,0.018407847994444,1.3637147389217288,-0.4049726558777687,-6.003141018965083,-0.4893419591856371,0.050621581984721,0.004601961998611,1.3621807515888584,-0.4497091766365718,-6.492422847460693,5.38,-67.25,-174.85,-16.14,-2.69,-0.023980823922402,0.0,0.0,0.0,-0.6954438937496605,32,38,37,36,37,-7,-25,-57,-7,-125,12.9,13.0,12.9,12.8,12.7,-999,-999,-2.94,0.0,0.0,0.0
4.517792463302612,-0.4878079718527668,0.0582915186490727,0.018407847994444,1.3637147389217288,-0.415710567207861,-6.123602899516099,-0.4893419591856371,0.050621581984721,0.0030679746657406,1.3621807515888584,-0.4619810752995344,-6.620927609271911,0.0,-64.56,-174.85,-16.14,-10.76,-0.023980823922402,0.0,0.0,0.0,-0.6954438937496605,32,38,37,36,38,-7,-32,-57,-7,-125,12.9,13.0,12.9,12.8,12.7,-999,-999,-2.94,0.0,0.0,0.0
4.534742593765259,-0.4878079718527668,0.0582915186490727,0.018407847994444,1.3637147389217288,-0.4279824658708237,-6.258921853066094,-0.4893419591856371,0.050621581984721,0.0030679746657406,1.3621807515888584,-0.4727189866296268,-6.7313929989845365,-2.69,-69.94,-185.61,-16.14,0.0,-0.023980823922402,0.0,0.0,0.0,-0.6954438937496605,32,38,37,36,38,0,-32,-63,-7,-112,12.9,13.0,12.9,12.8,12.8,-999,-999,-2.94,0.0,0.0,0.0
4.551784992218018,-0.4893419591856371,0.0582915186490727,0.018407847994444,1.3637147389217288,-0.4387203772009161,-6.375287842540487,-0.4893419591856371,0.050621581984721,0.0030679746657406,1.3621807515888584,-0.4849908852925895,-6.85540574586432,-5.38,-67.25,-188.3,-16.14,-2.69,-0.023980823922402,0.0,0.0,0.0,-0.6714630698272585,32,38,37,36,38,0,-32,-63,-7,-125,12.9,13.0,12.8,12.8,12.8,-999,-999,-2.94,0.0,0.0,0.0
4.568844795227051,-0.4878079718527668,0.0582915186490727,0.018407847994444,1.3637147389217288,-0.4509922758638788,-6.505972321746188,-0.4893419591856371,0.050621581984721,0.0030679746657406,1.3621807515888584,-0.4849908852925895,-6.85540574586432,-5.38,-69.94,-188.3,-16.14,-8.07,-0.023980823922402,0.0,0.0,0.0,-0.6714630698272585,32,38,37,36,38,0,-32,-63,-7,-118,12.9,12.9,12.8,12.8,12.8,-999,-999,-2.94,0.0,0.0,0.0
4.585758209228516,-0.4878079718527668,0.0582915186490727,0.018407847994444,1.3637147389217288,-0.4617301871939711,-6.618324649666081,-0.4893419591856371,0.0521555693175914,0.0030679746657406,1.3621807515888584,-0.4957287966226819,-6.961983998206642,-10.76,-29.59,-188.3,-16.14,0.0,0.0,0.0,0.0,0.0,-0.6714630698272585,32,37,37,36,38,-7,-25,-63,-7,-118,12.9,13.0,12.3,12.8,12.7,-999,-999,-2.94,0.0,0.0,0.0
4.602842092514036,-0.4893419591856371,0.0582915186490727,0.018407847994444,1.3637147389217288,-0.4740020858569338,-6.7444703505991255,-0.4893419591856371,0.050621581984721,0.0015339873328703,1.3621807515888584,-0.509534682618515,-7.09639459531234,-8.07,-64.56,-209.82,-16.14,0.0,0.0,0.0,0.0,0.0,-0.6714630698272585,32,37,37,36,38,-7,-25,-75,-7,-112,12.9,13.0,12.8,12.8,12.7,-999,-999,-2.94,0.0,0.0,0.0
4.620028734207153,-0.4878079718527668,0.0582915186490727,0.018407847994444,1.3621807515888584,-0.4847399971870262,-6.852894094074151,-0.4893419591856371,0.050621581984721,0.0015339873328703,1.3621807515888584,-0.5202725939486073,-7.1989237399055614,-10.76,-69.94,-209.82,-16.14,-13.45,0.0,0.0,0.0,0.0,-0.6714630698272585,32,37,37,36,38,-7,-32,-69,-7,-118,12.9,13.0,12.8,12.8,12.7,-999,-999,-2.94,0.0,0.0,0.0
4.637792587280273,-0.4878079718527668,0.0582915186490727,0.018407847994444,1.3637147389217288,-0.4970118958499888,-6.9745995959044125,-0.4893419591856371,0.050621581984721,0.0015339873328703,1.3621807515888584,-0.541748416608792,-7.398783069521943,-10.76,-26.9,-212.51,-16.14,-16.14,0.0,0.0,0.0,0.0,-0.6714630698272585,33,37,37,36,38,0,-25,-69,-7,-118,12.9,12.9,12.8,12.8,12.7,-999,-999,-2.94,0.0,0.0,0.0
4.654788970947266,-0.4878079718527668,0.0582915186490727,0.018407847994444,1.3637147389217288,-0.5092837945129516,-7.093978078326763,-0.4893419591856371,0.050621581984721,0.0,1.3621807515888584,-0.5540203152717547,-7.509924801179608,-10.76,-69.94,-209.82,-16.14,0.0,0.0,0.0,0.0,0.0,-0.6714630698272585,33,37,37,36,38,-7,-32,-69,-7,-112,12.9,12.9,12.8,12.8,12.8,-999,-999,-2.94,0.0,0.0,0.0
4.671923637390137,-0.4878079718527668,0.0582915186490727,0.018407847994444,1.3637147389217288,-0.5200217058430439,-7.196548099924855,-0.4893419591856371,0.050621581984721,0.0,1.3621807515888584,-0.5540203152717547,-7.509924801179608,-10.76,-67.25,-220.58,-13.45,-18.83,0.0,0.0,0.0,0.0,-0.6714630698272585,33,37,37,36,38,0,-25,-75,-7,-100,12.9,12.9,12.8,12.7,12.8,-999,-999,-2.94,0.0,0.0,0.0
4.689725160598755,-0.4878079718527668,0.0582915186490727,0.018407847994444,1.3637147389217288,-0.5292256298402659,-7.283079639591451,-0.4893419591856371,0.050621581984721,-0.0030679746657406,1.3621807515888584,-0.564758226601847,-7.605375259362504,-10.76,-72.63,-236.72,-13.45,-53.8,0.0,0.0,0.0,0.0,-0.6474822459048564,33,37,37,35,37,-7,-32,-88,0,-118,12.9,12.9,12.8,12.8,12.7,-999,-999,-2.94,0.0,0.0,0.0
4.707706689834595,-0.4878079718527668,0.0582915186490727,0.0168738606615736,1.3637147389217288,-0.5384295538374879,-7.36834516624728,-0.4893419591856371,0.0490875946518507,-0.0061359493314813,1.3621807515888584,-0.5862340492620317,-7.79132200534745,-10.76,-107.6,-225.96,-16.14,-94.15,0.0,0.0,0.0,0.0,-0.6235014219824543,33,37,37,35,37,-7,-38,-88,-7,-131,12.9,12.9,12.8,12.8,12.7,-999,-999,-2.94,0.0,0.0,0.0
4.724722385406494,-0.4893419591856371,0.0582915186490727,0.0153398733287033,1.3637147389217288,-0.5491674651675803,-7.46623803005397,-0.4908759465185075,0.0490875946518507,-0.0076699366643516,1.3621807515888584,-0.5985059479249943,-7.894660465804738,-10.76,-104.91,-239.41,-16.14,-142.57,0.0,0.0,0.0,0.0,-0.5755397741376501,33,37,37,36,38,0,-38,-94,-7,-137,12.9,12.9,12.8,12.8,12.7,-999,-999,-2.94,0.0,0.0,0.0
4.741846084594727,-0.4893419591856371,0.0582915186490727,0.0153398733287033,1.3637147389217288,-0.556837401831932,-7.535127722963011,-0.4893419591856371,0.0490875946518507,-0.009203923997222,1.3621807515888584,-0.6092438592550868,-7.983370605668437,0.0,-104.91,-266.31,-16.14,-188.3,0.0,0.0,-0.023980823922402,0.0,-0.527578126292846,33,37,37,36,38,-13,-38,-94,-7,-150,12.9,12.9,12.8,12.8,12.7,-999,-999,-2.94,0.0,0.0,0.0
4.7597503662109375,-0.4878079718527668,0.0582915186490727,0.0153398733287033,1.3637147389217288,-0.5645073384962837,-7.603164081093181,-0.4893419591856371,0.0475536073189804,-0.0107379113300923,1.3621807515888584,-0.6184477832523088,-8.058152451213587,-8.07,-94.15,-269.0,-16.14,-220.58,0.0,0.0,-0.023980823922402,0.0,-0.5035973023704439,33,37,37,36,37,0,-38,-94,-7,-162,12.9,12.9,12.9,12.8,12.7,-999,-999,-2.94,0.0,0.0,0.0
4.776841640472412,-0.4878079718527668,0.0582915186490727,0.013805885995833,1.3637147389217288,-0.5737112624935057,-7.683691440527545,-0.4908759465185075,0.0490875946518507,-0.0122718986629626,1.3621807515888584,-0.6276517072495308,-8.131788449614781,-10.76,-126.43,-274.38,-16.14,-269.0,0.0,0.0,-0.023980823922402,0.0,-0.4796164784480417,33,37,37,36,37,-7,-44,-100,0,-168,12.9,12.9,12.8,12.7,12.7,-999,-999,-2.94,0.0,0.0,0.0
4.79400897026062,-0.4893419591856371,0.0582915186490727,0.013805885995833,1.3637147389217288,-0.579847211824987,-7.736705576044731,-0.4908759465185075,0.0490875946518507,-0.0122718986629626,1.3621807515888584,-0.6276517072495308,-8.131788449614781,0.0,-107.6,-309.35,-16.14,-303.97,0.0,0.0,-0.023980823922402,0.0,-0.4556356545256396,32,37,37,36,38,-7,-38,-107,-7,-175,12.9,12.9,12.8,12.7,12.6,-999,-999,-2.94,0.0,0.0,0.0
4.81102180480957,-0.4893419591856371,0.0582915186490727,0.0122718986629626,1.3637147389217288,-0.5859831611564683,-7.789187391344162,-0.4893419591856371,0.0475536073189804,-0.0153398733287033,1.3621807515888584,-0.6383896185796232,-8.216265252008709,-8.07,-123.74,-298.59,-16.14,-368.53,0.0,0.0,-0.023980823922402,0.0,-0.4316548306032375,32,37,37,36,38,0,-44,-113,-7,-187,12.9,12.9,12.8,12.7,12.6,-999,-999,-2.94,0.0,0.0,0.0
4.827888488769531,-0.4878079718527668,0.0582915186490727,0.0122718986629626,1.3637147389217288,-0.59365309782082,-7.854046690355526,-0.4908759465185075,0.04601961998611,-0.0153398733287033,1.3621807515888584,-0.6460595552439748,-8.275671914085354,0.0,-139.88,-282.45,-16.14,-403.5,0.0,0.0,-0.023980823922402,0.0,-0.4076740066808355,32,37,37,36,38,-7,-50,-107,-7,-206,12.9,12.8,12.8,12.7,12.7,-999,-999,-2.94,0.0,0.0,0.0
4.845096826553345,-0.4893419591856371,0.0582915186490727,0.009203923997222,1.3637147389217288,-0.5982550598194311,-7.892568775483676,-0.4893419591856371,0.04601961998611,-0.018407847994444,1.3621807515888584,-0.6629334159055486,-8.403664996053067,-5.38,-139.88,-295.9,-16.14,-422.33,0.0,0.0,-0.0479616478448041,0.0,-0.3836931827584334,32,37,38,36,38,0,-50,-107,-7,-200,12.9,12.8,12.7,12.7,12.7,-999,-999,-2.94,0.0,0.0,0.0
4.862664699554445,-0.4893419591856371,0.0582915186490727,0.009203923997222,1.3637147389217288,-0.6059249964837827,-7.956121396351854,-0.4893419591856371,0.0444856326532397,-0.0199418353273143,1.3621807515888584,-0.6706033525699002,-8.46063130439542,-5.38,-139.88,-306.66,-16.14,-462.68,0.0,0.0,-0.0479616478448041,0.0,-0.3597123588360313,32,37,38,36,38,0,-50,-113,-7,-218,12.9,12.8,12.8,12.7,12.7,-999,-999,-2.94,0.0,0.0,0.0
4.879693269729614,-0.4878079718527668,0.0582915186490727,0.0076699366643516,1.3637147389217288,-0.6105269584823937,-7.993864974920547,-0.4893419591856371,0.0444856326532397,-0.0199418353273143,1.3637147389217288,-0.6782732892342519,-8.516849582239763,-5.38,-166.78,-306.66,-16.14,-484.2,0.0,0.0,-0.0479616478448041,0.0,-0.3597123588360313,32,37,38,36,38,-7,-57,-113,-7,-225,12.9,12.8,12.8,12.7,12.6,-999,-999,-2.94,0.0,0.0,0.0
4.89671206474304,-0.4893419591856371,0.0582915186490727,0.0076699366643516,1.3637147389217288,-0.6166629078138751,-8.043740286324066,-0.4893419591856371,0.0429516453203694,-0.0214758226601847,1.3637147389217288,-0.6859432258986036,-8.572326705389614,-8.07,-164.09,-325.49,-13.45,-516.48,0.0,0.0,-0.0479616478448041,0.0,-0.3357315349136292,32,37,38,36,38,0,-57,-113,0,-231,12.9,12.8,12.7,12.7,12.6,-999,-999,-2.94,0.0,0.0,0.0
4.91366386413574,-0.4893419591856371,0.0582915186490727,0.0061359493314813,1.3637147389217288,-0.6212648698124861,-8.080811670411755,-0.4893419591856371,0.041417657987499,-0.0214758226601847,1.3652487262545991,-0.6951471498958256,-8.63793054793601,-8.07,-182.92,-336.25,-18.83,-562.21,0.0,0.0,-0.023980823922402,0.0,-0.3357315349136292,32,37,38,36,38,0,-63,-119,0,-243,12.9,12.8,12.8,12.7,12.6,-999,-999,-2.94,0.0,0.0,0.0
4.930667400360109,-0.4893419591856371,0.0582915186490727,0.0076699366643516,1.3637147389217288,-0.6258668318110971,-8.117597533412342,-0.4893419591856371,0.041417657987499,-0.0214758226601847,1.3652487262545991,-0.6951471498958256,-8.63793054793601,-8.07,-204.44,-336.25,-16.14,-618.6999999999999,0.0,0.0,-0.023980823922402,0.0,-0.3117507109912271,32,37,38,36,38,0,-69,-113,6,-262,12.8,12.8,12.6,12.6,12.5,-999,-999,-2.94,0.0,0.0,0.0
4.9477269649505615,-0.4893419591856371,0.0582915186490727,0.0061359493314813,1.3637147389217288,-0.6304687938097081,-8.154099408288623,-0.4893419591856371,0.036815695988888,-0.023009809993055,1.3652487262545991,-0.7089530358916586,-8.734379263430265,-8.07,-217.89,-338.94,-16.14,-642.91,0.0,0.0,-0.023980823922402,0.0,-0.3117507109912271,32,37,38,36,38,0,-75,-113,0,-275,12.8,12.8,12.7,12.6,12.5,-999,-999,-2.94,0.0,0.0,0.0
4.964666128158569,-0.4893419591856371,0.0582915186490727,0.0061359493314813,1.3637147389217288,-0.6366047431411894,-8.202329458781808,-0.4893419591856371,0.0352817086560177,-0.023009809993055,1.3667827135874693,-0.7150889852231399,-8.77650038611792,-8.07,-258.24,-373.91,-13.45,-694.02,0.0,0.0,0.0,0.0,-0.287769887068825,32,38,38,36,38,0,-88,-119,0,-281,12.8,12.8,12.8,12.6,12.6,-999,-999,-2.94,0.0,0.0,0.0
4.982021808624269,-0.4893419591856371,0.0582915186490727,0.0061359493314813,1.3652487262545991,-0.6412067051398005,-8.238174637098625,-0.4893419591856371,0.0352817086560177,-0.023009809993055,1.3667827135874693,-0.7150889852231399,-8.77650038611792,-8.07,-279.76,-349.7,-13.45,-688.64,0.0,0.0,0.0,0.0,-0.263789063146423,32,38,38,36,38,0,-94,-119,0,-293,12.8,12.8,12.7,12.6,12.6,-999,-999,-2.94,0.0,0.0,0.0
4.999666213989256,-0.4893419591856371,0.0582915186490727,0.0061359493314813,1.3652487262545991,-0.6458086671384115,-8.273740911907,-0.4893419591856371,0.032213733990277,-0.023009809993055,1.3652487262545991,-0.7258268965532323,-8.849122886827324,-10.76,-303.97,-355.08,-13.45,-726.3,0.0,0.0,0.0,0.0,-0.263789063146423,32,38,37,36,39,0,-100,-119,0,-300,12.8,12.8,12.7,12.6,12.6,-999,-999,-2.94,0.0,0.0,0.0
5.016730785369873,-0.4893419591856371,0.0582915186490727,0.0061359493314813,1.3652487262545991,-0.6519446164698928,-8.320731383146363,-0.4908759465185075,0.0306797466574067,-0.0245437973259253,1.3652487262545991,-0.7304288585518433,-8.87982604464021,-5.38,-312.04,-349.7,-13.45,-731.68,0.0,0.0,0.0,0.0,-0.263789063146423,32,37,37,36,37,0,-107,-119,0,-300,12.8,12.8,12.7,12.6,12.5,-999,-999,-2.94,0.0,0.0,0.0
5.033684492111204,-0.4893419591856371,0.0582915186490727,0.0061359493314813,1.3652487262545991,-0.6550125911356335,-8.344042814841973,-0.4908759465185075,0.0306797466574067,-0.0245437973259253,1.3652487262545991,-0.7304288585518433,-8.87982604464021,0.0,-330.87,-381.98,-13.45,-755.89,0.0,0.0,0.0,0.0,-0.263789063146423,32,37,37,36,39,-7,-113,-125,0,-300,12.8,12.8,12.7,12.6,12.5,-999,-999,-2.94,0.0,0.0,0.0
5.050662279129028,-0.4893419591856371,0.0582915186490727,0.0061359493314813,1.3652487262545991,-0.6596145531342444,-8.378781464166266,-0.4893419591856371,0.0260777846587957,-0.0260777846587957,1.3652487262545991,-0.7396327825490654,-8.940482514136589,0.0,-341.63,-357.77,-10.76,-796.24,0.0,0.0,0.0,0.0,-0.263789063146423,32,37,37,36,38,0,-119,-125,0,-312,12.8,12.7,12.7,12.6,12.4,-999,-999,-2.94,0.0,0.0,0.0
5.067951679229736,-0.4893419591856371,0.0582915186490727,0.0061359493314813,1.3652487262545991,-0.6611485404671148,-8.390300303928607,-0.4893419591856371,0.0260777846587957,-0.0260777846587957,1.3652487262545991,-0.7396327825490654,-8.940482514136589,-8.07,-360.46,-352.39,-13.45,-839.28,0.0,0.0,0.0,0.0,-0.2398082392240208,32,37,37,36,37,0,-132,-132,0,-306,12.8,12.8,12.7,12.6,12.4,-999,-999,-2.94,0.0,0.0,0.0
5.084977388381956,-0.4893419591856371,0.0582915186490727,0.004601961998611,1.3667827135874693,-0.6642165151328555,-8.413247252004531,-0.4893419591856371,0.0260777846587957,-0.027611771991666,1.3667827135874693,-0.7442347445476764,-8.970438631989804,-5.38,-408.88,-365.84,-10.76,-879.63,0.0,0.0,0.0,0.0,-0.1918465913792167,32,38,37,36,37,0,-125,-132,-7,-325,12.8,12.8,12.6,12.5,12.4,-999,-999,-2.94,0.0,0.0,0.0
5.1019716262817365,-0.4893419591856371,0.0567575313162024,0.0030679746657406,1.3652487262545991,-0.6657505024657259,-8.42467547129959,-0.4893419591856371,0.023009809993055,-0.0291457593245363,1.3667827135874693,-0.7488367065462873,-9.000148530857297,-5.38,-390.05,-368.53,-13.45,-850.04,0.0,0.0,0.0,0.0,-0.1678657674568146,32,38,37,36,37,0,-138,-138,0,-325,12.8,12.7,12.6,12.5,12.4,-999,-999,-2.94,0.0,0.0,0.0
5.118672847747803,-0.4893419591856371,0.0567575313162024,0.0015339873328703,1.3667827135874693,-0.6688184771314665,-8.447441677401207,-0.4893419591856371,0.023009809993055,-0.0306797466574067,1.3667827135874693,-0.751904681212028,-9.01981902611805,-5.38,-406.19,-333.56,-13.45,-917.29,0.0,0.0,-0.023980823922402,0.0,-0.1438849435344125,32,38,37,35,37,0,-138,-138,-7,-337,12.8,12.7,12.6,12.5,12.5,-999,-999,-2.94,0.0,0.0,0.0
5.135943174362183,-0.4893419591856371,0.0567575313162024,0.0015339873328703,1.3652487262545991,-0.6688184771314665,-8.447441677401207,-0.4893419591856371,0.0199418353273143,-0.032213733990277,1.3683167009203396,-0.7549726558777687,-9.039381115122303,-5.38,-438.47,-352.39,-13.45,-968.4,0.0,0.0,-0.0479616478448041,0.0,-0.1199041196120104,32,38,38,35,38,0,-150,-138,0,-343,12.8,12.7,12.7,12.5,12.4,-999,-999,-2.94,0.0,0.0,0.0
5.153731107711792,-0.4893419591856371,0.0567575313162024,-0.0015339873328703,1.3667827135874693,-0.6703524644643368,-8.458779774821178,-0.4893419591856371,0.0153398733287033,-0.0383496833217584,1.3683167009203396,-0.7595746178763797,-9.068521877147557,0.0,-459.99,-371.22,-8.07,-938.81,0.0,0.0,-0.0479616478448041,0.0,-0.0959232956896083,32,38,37,35,38,-7,-157,-144,6,-350,12.8,12.7,12.6,12.5,12.4,-999,-999,-2.94,0.0,0.0,0.0
5.170674800872803,-0.4893419591856371,0.0567575313162024,-0.0030679746657406,1.3667827135874693,-0.6734204391300775,-8.481366234460927,-0.4893419591856371,0.013805885995833,-0.0383496833217584,1.3683167009203396,-0.76110860520925,-9.078181701509546,0.0,-486.89,-376.6,-13.45,-906.53,0.0,0.0,-0.0719424717672062,0.0,-0.0959232956896083,32,37,37,35,38,0,-169,-144,6,-343,12.7,12.7,12.6,12.5,12.3,-999,-999,-2.94,0.0,0.0,0.0
5.187644720077515,-0.4893419591856371,0.0567575313162024,-0.004601961998611,1.3667827135874693,-0.6749544264629479,-8.492614706913605,-0.4893419591856371,0.0107379113300923,-0.041417657987499,1.36985068825321,-0.7626425925421203,-9.087814728589592,-2.69,-505.72,-406.19,-13.45,-917.29,0.0,0.0,-0.0719424717672062,0.0,-0.0959232956896083,32,37,37,35,38,0,-175,-144,6,-343,12.8,12.7,12.6,12.5,12.3,-999,-999,-2.94,0.0,0.0,0.0
5.204696178436279,-0.4893419591856371,0.055223543983332,-0.004601961998611,1.3667827135874693,-0.6764884137958181,-8.503833414502017,-0.4893419591856371,0.009203923997222,-0.0429516453203694,1.36985068825321,-0.7641765798749907,-9.09742100877243,-2.69,-524.55,-395.43,13.45,-968.4,0.0,0.0,-0.0719424717672062,0.0,-0.0959232956896083,32,37,37,36,37,0,-182,-150,12,-343,12.8,12.6,12.6,12.5,12.3,-999,-999,-2.94,0.0,0.0,0.0
5.221715211868284,-0.4893419591856371,0.055223543983332,-0.0061359493314813,1.3683167009203396,-0.6764884137958181,-8.503833414502017,-0.4893419591856371,0.0061359493314813,-0.04601961998611,1.36985068825321,-0.765710567207861,-9.10700059234896,-2.69,-532.62,-384.67,-24.21,-997.99,0.0,0.0,-0.0719424717672062,0.0,-0.0959232956896083,32,37,37,36,37,0,-188,-150,6,-356,12.8,12.8,12.6,12.5,12.4,-999,-999,-2.94,0.0,0.0,0.0
5.238700628280641,-0.4893419591856371,0.055223543983332,-0.0076699366643516,1.3683167009203396,-0.6764884137958181,-8.503833414502017,-0.4893419591856371,0.0030679746657406,-0.0475536073189804,1.36985068825321,-0.765710567207861,-9.10700059234896,-2.69,-583.73,-416.95,-16.14,-1008.75,0.0,0.0,-0.0719424717672062,0.0,-0.0719424717672062,32,38,37,36,38,0,-200,-157,6,-356,12.7,12.6,12.6,12.4,12.4,-999,-999,-2.94,0.0,0.0,0.0
5.255669593811035,-0.4893419591856371,0.055223543983332,-0.009203923997222,1.3683167009203396,-0.6780224011286885,-8.515022412179524,-0.4893419591856371,0.0,-0.050621581984721,1.36985068825321,-0.765710567207861,-9.10700059234896,-2.69,-624.08,-422.33,-16.14,-992.61,0.0,0.0,-0.0719424717672062,0.0,-0.0479616478448041,32,37,37,36,38,0,-213,-157,6,-356,12.7,12.7,12.6,12.5,12.2,-999,-999,-2.94,0.0,0.0,0.0
5.272707462310791,-0.4893419591856371,0.055223543983332,-0.0107379113300923,1.36985068825321,-0.6780224011286885,-8.515022412179524,-0.4893419591856371,-0.0015339873328703,-0.0536895566504617,1.3713846755860803,-0.765710567207861,-9.10700059234896,-2.69,-650.98,-443.85,-16.14,-997.99,0.0,0.0,-0.0719424717672062,0.023980823922402,-0.023980823922402,32,37,37,36,38,0,-225,-163,6,-350,12.7,12.6,12.6,12.4,12.4,-999,-999,-2.94,0.0,0.0,0.0
5.289672136306763,-0.4893419591856371,0.0536895566504617,-0.0107379113300923,1.36985068825321,-0.6780224011286885,-8.515022412179524,-0.4893419591856371,-0.0015339873328703,-0.0536895566504617,1.3713846755860803,-0.765710567207861,-9.10700059234896,-2.69,-597.18,-484.2,-16.14,-995.3,0.0,0.0,-0.0479616478448041,0.023980823922402,-0.023980823922402,32,37,37,36,38,0,-225,-169,6,-350,12.7,12.7,12.5,12.4,12.3,-999,-999,-2.94,0.0,0.0,0.0
5.306684494018555,-0.4893419591856371,0.050621581984721,-0.0107379113300923,1.36985068825321,-0.6764884137958181,-8.503833414502017,-0.4878079718527668,-0.004601961998611,-0.0536895566504617,1.3729186629189507,-0.7641765798749907,-9.09742100877243,24.21,-597.18,-481.51,8.07,-976.47,0.0,-0.023980823922402,-0.0479616478448041,0.023980823922402,0.0,32,37,37,36,38,6,-225,-169,12,-343,12.7,12.7,12.6,12.5,12.3,-999,-999,-2.94,0.0,0.0,0.0
5.323703050613405,-0.4893419591856371,0.0490875946518507,-0.0107379113300923,1.3713846755860803,-0.6780224011286885,-8.515022412179524,-0.4878079718527668,-0.0107379113300923,-0.0567575313162024,1.374452650251821,-0.765710567207861,-9.10700059234896,-5.38,-618.6999999999999,-494.96,-40.35,-997.99,0.0,-0.0479616478448041,-0.023980823922402,0.023980823922402,0.0,32,37,37,36,38,6,-232,-175,6,-356,12.7,12.7,12.6,12.4,12.4,-999,-999,-2.94,0.0,0.0,0.0
5.340852499008179,-0.4893419591856371,0.0475536073189804,-0.0122718986629626,1.3713846755860803,-0.6780224011286885,-8.515022412179524,-0.4878079718527668,-0.0107379113300923,-0.0567575313162024,1.374452650251821,-0.765710567207861,-9.10700059234896,-5.38,-661.74,-524.55,-13.45,-995.3,0.0,-0.0719424717672062,0.0,0.023980823922402,0.0,32,37,37,36,38,6,-238,-182,12,-350,12.7,12.6,12.6,12.4,12.3,-999,-999,-2.94,0.0,0.0,0.0
5.35869026184082,-0.4893419591856371,0.0444856326532397,-0.0122718986629626,1.3729186629189507,-0.6780224011286885,-8.515022412179524,-0.4878079718527668,-0.0168738606615736,-0.0598255059819431,1.374452650251821,-0.765710567207861,-9.10700059234896,-5.38,-632.15,-535.31,-34.97,-992.61,0.0,-0.0959232956896083,0.0,0.023980823922402,0.0,32,37,37,36,38,6,-244,-188,6,-350,12.7,12.6,12.6,12.4,12.3,-999,-999,-2.94,0.0,0.0,0.0
5.3759684562683105,-0.4893419591856371,0.041417657987499,-0.0122718986629626,1.374452650251821,-0.6780224011286885,-8.515022412179524,-0.4878079718527668,-0.0168738606615736,-0.0598255059819431,1.374452650251821,-0.765710567207861,-9.10700059234896,-5.38,-618.6999999999999,-540.6899999999999,-29.59,-992.61,0.0,-0.0959232956896083,0.0,0.0479616478448041,0.0,32,37,37,36,38,6,-238,-188,0,-350,12.7,12.7,12.5,12.4,12.2,-999,-999,-2.94,0.0,0.0,0.0
5.3937196731567365,-0.4893419591856371,0.0398836706546287,-0.0122718986629626,1.374452650251821,-0.6764884137958181,-8.503833414502017,-0.4878079718527668,-0.0245437973259253,-0.0644274679805541,1.374452650251821,-0.7641765798749907,-9.09742100877243,-5.38,-680.5699999999999,-572.97,-24.21,-987.23,0.0,-0.1199041196120104,0.0,0.0479616478448041,0.0,32,37,37,36,38,6,-250,-194,0,-350,12.7,12.6,12.5,12.4,12.3,-999,-999,-2.94,0.0,0.0,0.0
5.4107301235198975,-0.4893419591856371,0.036815695988888,-0.013805885995833,1.374452650251821,-0.6764884137958181,-8.503833414502017,-0.4862739845198965,-0.027611771991666,-0.0659614553134244,1.374452650251821,-0.765710567207861,-9.10700059234896,-5.38,-661.74,-527.24,-21.52,-971.09,0.0,-0.1199041196120104,-0.023980823922402,0.0479616478448041,0.0,32,37,37,36,38,6,-250,-200,-7,-343,12.7,12.6,12.5,12.4,12.2,-999,-999,-2.94,0.0,0.0,0.0
5.427725315093994,-0.4893419591856371,0.0337477213231473,-0.0153398733287033,1.3759866375846914,-0.6780224011286885,-8.515022412179524,-0.4878079718527668,-0.0306797466574067,-0.0674954426462947,1.374452650251821,-0.765710567207861,-9.10700059234896,16.14,-624.08,-500.34,-16.14,-984.54,0.0,-0.1438849435344125,-0.0479616478448041,0.023980823922402,0.0,32,37,37,36,38,12,-250,-194,-7,-350,12.7,12.7,12.5,12.4,12.2,-999,-999,-2.94,0.0,0.0,0.0
5.444803953170776,-0.4893419591856371,0.0306797466574067,-0.018407847994444,1.3759866375846914,-0.6764884137958181,-8.503833414502017,-0.4878079718527668,-0.0306797466574067,-0.0674954426462947,1.374452650251821,-0.765710567207861,-9.10700059234896,-13.45,-664.43,-511.1,-16.14,-984.54,0.0,-0.1438849435344125,-0.0719424717672062,0.023980823922402,0.0,32,37,37,36,37,6,-250,-194,0,-350,12.7,12.7,12.5,12.4,12.1,-999,-999,-2.94,0.0,0.0,0.0
5.4627127647399885,-0.4893419591856371,0.0291457593245363,-0.0199418353273143,1.3759866375846914,-0.6780224011286885,-8.515022412179524,-0.4862739845198965,-0.036815695988888,-0.0705634173120354,1.374452650251821,-0.765710567207861,-9.10700059234896,16.14,-648.29,-513.79,-13.45,-987.23,0.0,-0.1438849435344125,-0.0959232956896083,0.023980823922402,0.0,32,37,37,36,38,12,-257,-188,-7,-350,12.7,12.6,12.5,12.4,12.1,-999,-999,-2.94,0.0,0.0,0.0
5.479655504226685,-0.4893419591856371,0.0245437973259253,-0.0214758226601847,1.3759866375846914,-0.6780224011286885,-8.515022412179524,-0.4862739845198965,-0.041417657987499,-0.0720974046449058,1.374452650251821,-0.765710567207861,-9.10700059234896,0.0,-616.01,-473.44,-10.76,-987.23,0.0,-0.1678657674568146,-0.0959232956896083,0.0,0.0,32,37,38,35,38,12,-250,-194,0,-350,12.7,12.7,12.5,12.4,12.1,-999,-999,-2.94,0.0,0.0,0.0
5.496684551239014,-0.4893419591856371,0.0214758226601847,-0.0245437973259253,1.3759866375846914,-0.6780224011286885,-8.515022412179524,-0.4862739845198965,-0.0444856326532397,-0.0736313919777761,1.374452650251821,-0.765710567207861,-9.10700059234896,0.0,-637.53,-486.89,-13.45,-987.23,0.0,-0.1678657674568146,-0.0959232956896083,0.0,0.0,32,37,38,35,38,12,-250,-188,-7,-350,12.8,12.6,12.5,12.4,12.2,-999,-999,-2.94,0.0,0.0,0.0
5.513700485229492,-0.4893419591856371,0.0168738606615736,-0.0260777846587957,1.3759866375846914,-0.6780224011286885,-8.515022412179524,-0.4862739845198965,-0.0475536073189804,-0.0751653793106464,1.374452650251821,-0.765710567207861,-9.10700059234896,0.0,-626.77,-497.65,-13.45,-987.23,0.0,-0.1678657674568146,-0.0959232956896083,0.0,0.0,33,37,38,35,38,12,-250,-188,-7,-350,12.5,12.6,12.5,12.4,12.2,-999,-999,-2.94,0.0,0.0,0.0
5.530717611312864,-0.4893419591856371,0.013805885995833,-0.027611771991666,1.3759866375846914,-0.6780224011286885,-8.515022412179524,-0.4862739845198965,-0.050621581984721,-0.0751653793106464,1.374452650251821,-0.765710567207861,-9.10700059234896,-5.38,-589.11,-511.1,-10.76,-984.54,0.0,-0.1918465913792167,-0.0959232956896083,0.0,0.0,33,37,38,36,38,6,-244,-182,-7,-350,12.7,12.6,12.5,12.4,12.3,-999,-999,-2.94,0.0,0.0,0.0
5.547926664352417,-0.4893419591856371,0.0076699366643516,-0.027611771991666,1.374452650251821,-0.6780224011286885,-8.515022412179524,-0.4862739845198965,-0.0536895566504617,-0.0766993666435168,1.374452650251821,-0.765710567207861,-9.10700059234896,2.69,-551.45,-511.1,-13.45,-992.61,0.0,-0.2158274153016187,-0.0959232956896083,0.0,0.0,33,37,38,36,38,12,-238,-175,-7,-356,12.7,12.7,12.1,12.4,12.2,-999,-999,-2.94,0.0,0.0,0.0
5.5656144618988055,-0.4878079718527668,0.004601961998611,-0.027611771991666,1.3759866375846914,-0.6780224011286885,-8.515022412179524,-0.4847399971870262,-0.0567575313162024,-0.0782333539763871,1.374452650251821,-0.765710567207861,-9.10700059234896,2.69,-586.42,-548.76,-10.76,-984.54,0.0,-0.2158274153016187,-0.0719424717672062,0.0,0.0,33,37,38,36,38,12,-238,-194,0,-356,12.7,12.6,12.5,12.4,12.3,-999,-999,-2.94,0.0,0.0,0.0
5.583007574081421,-0.4878079718527668,-0.0015339873328703,-0.0291457593245363,1.3759866375846914,-0.6780224011286885,-8.515022412179524,-0.4847399971870262,-0.0582915186490727,-0.0797673413092574,1.374452650251821,-0.765710567207861,-9.10700059234896,40.35,-564.9,-543.38,-18.83,-981.85,0.0,-0.2398082392240208,-0.0479616478448041,0.0,0.0,33,37,38,36,38,18,-232,-194,-7,-350,12.9,12.7,12.5,12.4,12.2,-999,-999,-2.94,0.0,0.0,0.0
5.6000306606292725,-0.4878079718527668,-0.0030679746657406,-0.0291457593245363,1.3759866375846914,-0.6780224011286885,-8.515022412179524,-0.4847399971870262,-0.0613594933148134,-0.0813013286421278,1.374452650251821,-0.765710567207861,-9.10700059234896,0.0,-567.59,-535.31,-21.52,-987.23,0.0,-0.2398082392240208,-0.023980823922402,0.0,0.0,32,37,37,36,38,12,-225,-200,-7,-350,12.8,12.7,12.5,12.4,12.3,-999,-999,-2.94,0.0,0.0,0.0
5.617709875106813,-0.4862739845198965,-0.0061359493314813,-0.0306797466574067,1.3759866375846914,-0.6780224011286885,-8.515022412179524,-0.4832060098541558,-0.0628934806476837,-0.0813013286421278,1.374452650251821,-0.765710567207861,-9.10700059234896,0.0,-554.14,-564.9,-18.83,-981.85,0.0,-0.2158274153016187,-0.023980823922402,0.0,0.0,32,37,37,36,38,12,-225,-194,-7,-350,12.7,12.6,12.6,12.4,12.2,-999,-999,-2.94,0.0,0.0,0.0
5.634711027145384,-0.4862739845198965,-0.009203923997222,-0.0306797466574067,1.3759866375846914,-0.6780224011286885,-8.515022412179524,-0.4832060098541558,-0.0644274679805541,-0.0828353159749981,1.374452650251821,-0.765710567207861,-9.10700059234896,18.83,-564.9,-599.87,-16.14,-981.85,0.023980823922402,-0.1918465913792167,-0.023980823922402,0.0,0.0,32,37,37,36,37,12,-213,-194,-7,-350,12.7,12.7,12.6,12.4,12.3,-999,-999,-2.94,0.0,0.0,0.0
5.651915550231934,-0.4862739845198965,-0.0107379113300923,-0.032213733990277,1.3759866375846914,-0.6780224011286885,-8.515022412179524,-0.4832060098541558,-0.0644274679805541,-0.0828353159749981,1.374452650251821,-0.765710567207861,-9.10700059234896,-5.38,-605.25,-508.41,-16.14,-981.85,0.023980823922402,-0.1678657674568146,-0.023980823922402,0.0,0.0,32,37,37,36,38,12,-219,-200,-7,-350,12.9,12.6,12.5,12.4,12.3,-999,-999,-2.94,0.0,0.0,0.0
5.6696696281433105,-0.4847399971870262,-0.0122718986629626,-0.0337477213231473,1.3759866375846914,-0.6780224011286885,-8.515022412179524,-0.4816720225212855,-0.0690294299791651,-0.0828353159749981,1.374452650251821,-0.765710567207861,-9.10700059234896,61.87,-616.01,-535.31,-16.14,-981.85,0.023980823922402,-0.1438849435344125,-0.023980823922402,0.0,0.0,32,37,37,36,38,80,-225,-194,-7,-350,12.7,12.7,12.6,12.4,12.3,-999,-999,-2.94,0.0,0.0,0.0
5.686656236648561,-0.4832060098541558,-0.013805885995833,-0.0337477213231473,1.3759866375846914,-0.6780224011286885,-8.515022412179524,-0.4801380351884152,-0.0705634173120354,-0.0843693033078684,1.374452650251821,-0.765710567207861,-9.10700059234896,-2.69,-626.77,-562.21,-16.14,-981.85,0.023980823922402,-0.1199041196120104,-0.023980823922402,0.0,0.0,32,37,37,36,38,6,-219,-194,-7,-350,12.8,12.6,12.6,12.4,12.3,-999,-999,-2.94,0.0,0.0,0.0
5.703908681869507,-0.4832060098541558,-0.0153398733287033,-0.0337477213231473,1.3759866375846914,-0.6780224011286885,-8.515022412179524,-0.4801380351884152,-0.0705634173120354,-0.0843693033078684,1.374452650251821,-0.765710567207861,-9.10700059234896,21.52,-605.25,-575.66,-16.14,-979.16,0.023980823922402,-0.0959232956896083,-0.023980823922402,0.0,0.0,32,37,37,36,38,12,-225,-200,-7,-350,12.7,12.7,12.6,12.4,12.3,-999,-999,-2.94,0.0,0.0,0.0
5.720716238021851,-0.4816720225212855,-0.0168738606615736,-0.0337477213231473,1.3759866375846914,-0.6780224011286885,-8.515022412179524,-0.4786040478555448,-0.0736313919777761,-0.0843693033078684,1.374452650251821,-0.765710567207861,-9.10700059234896,10.76,-648.29,-581.04,-16.14,-979.16,0.023980823922402,-0.0959232956896083,-0.023980823922402,0.0,0.0,32,37,37,36,38,12,-232,-200,-7,-350,12.4,12.7,12.5,12.4,12.2,-999,-999,-2.94,0.0,0.0,0.0
5.737683296203613,-0.4816720225212855,-0.018407847994444,-0.0337477213231473,1.3759866375846914,-0.6780224011286885,-8.515022412179524,-0.4770700605226745,-0.0751653793106464,-0.0859032906407388,1.374452650251821,-0.765710567207861,-9.10700059234896,24.21,-632.15,-583.73,-16.14,-976.47,0.0479616478448041,-0.0719424717672062,0.0,0.0,0.0,32,37,37,36,38,12,-225,-207,-7,-350,12.7,12.6,12.5,12.4,12.3,-999,-999,-2.94,0.0,0.0,0.0
5.75482392311096,-0.4786040478555448,-0.0199418353273143,-0.0337477213231473,1.3759866375846914,-0.6780224011286885,-8.515022412179524,-0.4755360731898042,-0.0766993666435168,-0.0859032906407388,1.374452650251821,-0.765710567207861,-9.10700059234896,2.69,-634.84,-597.18,-16.14,-979.16,0.0479616478448041,-0.0719424717672062,0.0,0.0,0.0,32,37,38,36,38,12,-232,-207,-7,-350,12.6,12.7,12.5,12.4,12.4,-999,-999,-2.94,0.0,0.0,0.0
5.771688938140869,-0.4786040478555448,-0.0214758226601847,-0.0337477213231473,1.3759866375846914,-0.6780224011286885,-8.515022412179524,-0.4740020858569338,-0.0766993666435168,-0.0874372779736091,1.374452650251821,-0.765710567207861,-9.10700059234896,5.38,-637.53,-594.49,-16.14,-976.47,0.0479616478448041,-0.0719424717672062,0.0,0.0,0.0,33,37,38,36,38,18,-225,-200,-7,-350,12.7,12.6,12.6,12.4,12.2,-999,-999,-2.94,0.0,0.0,0.0
5.788952112197876,-0.4770700605226745,-0.0214758226601847,-0.0337477213231473,1.3759866375846914,-0.6780224011286885,-8.515022412179524,-0.4694001238583228,-0.0813013286421278,-0.0889712653064794,1.374452650251821,-0.765710567207861,-9.10700059234896,5.38,-637.53,-597.18,-16.14,-976.47,0.0719424717672062,-0.0719424717672062,0.0,0.0,0.0,33,37,38,36,38,18,-238,-207,-7,-350,12.7,12.7,12.5,12.4,12.3,-999,-999,-2.94,0.0,0.0,0.0
5.805819749832153,-0.4755360731898042,-0.0245437973259253,-0.0337477213231473,1.3759866375846914,-0.6780224011286885,-8.515022412179524,-0.4694001238583228,-0.0813013286421278,-0.0889712653064794,1.374452650251821,-0.765710567207861,-9.10700059234896,21.52,-618.6999999999999,-613.3199999999999,-16.14,-976.47,0.0719424717672062,-0.0719424717672062,0.0,0.0,0.0,33,37,38,36,38,25,-225,-213,-7,-350,12.7,12.6,12.4,12.4,12.2,-999,-999,-2.94,0.0,0.0,0.0
5.8229503631591815,-0.4724680985240634,-0.0245437973259253,-0.0352817086560177,1.3759866375846914,-0.6780224011286885,-8.515022412179524,-0.4663321491925821,-0.0813013286421278,-0.0905052526393498,1.374452650251821,-0.765710567207861,-9.10700059234896,24.21,-653.67,-602.56,-16.14,-973.78,0.0719424717672062,-0.0719424717672062,0.0,0.0,0.0,32,37,38,36,38,25,-225,-219,-7,-350,12.7,12.2,12.5,12.4,12.2,-999,-999,-2.94,0.0,0.0,0.0
5.8406600952148455,-0.4709341111911931,-0.0245437973259253,-0.0352817086560177,1.3759866375846914,-0.6780224011286885,-8.515022412179524,-0.4617301871939711,-0.0843693033078684,-0.0935732273050904,1.374452650251821,-0.765710567207861,-9.10700059234896,13.45,-672.5,-637.53,-16.14,-973.78,0.0719424717672062,-0.0479616478448041,0.0,0.0,0.0,31,37,38,36,38,25,-238,-225,-7,-350,12.7,12.6,12.5,12.3,12.3,-999,-999,-2.94,0.0,0.0,0.0
5.857937335968018,-0.4678661365254525,-0.0260777846587957,-0.036815695988888,1.3759866375846914,-0.6780224011286885,-8.515022412179524,-0.4617301871939711,-0.0843693033078684,-0.0935732273050904,1.374452650251821,-0.765710567207861,-9.10700059234896,10.76,-610.63,-591.8,-18.83,-973.78,0.0959232956896083,-0.0479616478448041,-0.023980823922402,0.0,0.0,33,37,38,36,38,18,-238,-219,-7,-350,12.7,12.6,12.5,12.4,11.8,-999,-999,-2.94,0.0,0.0,0.0
5.8756279945373535,-0.4663321491925821,-0.0291457593245363,-0.0383496833217584,1.3759866375846914,-0.6780224011286885,-8.515022412179524,-0.4571282251953601,-0.0874372779736091,-0.0951072146379608,1.374452650251821,-0.7641765798749907,-9.09742100877243,26.9,-602.56,-556.83,-16.14,-976.47,0.1199041196120104,-0.0479616478448041,-0.023980823922402,0.0,0.0,33,37,38,36,38,25,-232,-225,-7,-350,12.7,12.6,12.5,12.4,12.2,-999,-999,-2.94,0.0,0.0,0.0
5.892627477645874,-0.4647981618597118,-0.032213733990277,-0.041417657987499,1.3759866375846914,-0.6780224011286885,-8.515022412179524,-0.4555942378624898,-0.0889712653064794,-0.0966412019708311,1.374452650251821,-0.765710567207861,-9.10700059234896,16.14,-570.28,-543.38,-18.83,-960.33,0.1199041196120104,-0.0719424717672062,-0.0479616478448041,0.0,0.0,33,37,37,36,38,25,-219,-213,-7,-350,12.7,12.7,12.5,12.4,12.3,-999,-999,-2.94,0.0,0.0,0.0
5.909634113311769,-0.4617301871939711,-0.0337477213231473,-0.0429516453203694,1.3759866375846914,-0.6780224011286885,-8.515022412179524,-0.4540602505296194,-0.0905052526393498,-0.0981751893037015,1.374452650251821,-0.765710567207861,-9.10700059234896,18.83,-607.9399999999999,-564.9,-21.52,-973.78,0.1199041196120104,-0.0959232956896083,-0.0959232956896083,0.0,0.0,33,37,38,35,38,25,-225,-213,-7,-350,12.7,12.6,12.5,12.4,12.3,-999,-999,-2.94,0.0,0.0,0.0
5.9266092777252215,-0.4601961998611008,-0.0352817086560177,-0.04601961998611,1.3759866375846914,-0.6780224011286885,-8.515022412179524,-0.4540602505296194,-0.0905052526393498,-0.0981751893037015,1.374452650251821,-0.765710567207861,-9.10700059234896,0.0,-589.11,-519.17,-16.14,-973.78,0.1199041196120104,-0.1199041196120104,-0.0959232956896083,0.0,0.0,33,37,38,35,38,18,-225,-207,-13,-350,12.7,12.7,12.4,12.4,12.3,-999,-999,-2.94,0.0,0.0,0.0
5.943715333938599,-0.4571282251953601,-0.0383496833217584,-0.050621581984721,1.3759866375846914,-0.6780224011286885,-8.515022412179524,-0.4479243011981381,-0.0920392399722201,-0.0981751893037015,1.374452650251821,-0.765710567207861,-9.10700059234896,-2.69,-572.97,-476.13,-16.14,-973.78,0.1199041196120104,-0.1199041196120104,-0.1199041196120104,0.0,0.0,31,37,38,35,38,18,-219,-194,-7,-350,12.7,12.7,12.4,12.4,12.2,-999,-999,-2.94,0.0,0.0,0.0
5.960747241973877,-0.4540602505296194,-0.0398836706546287,-0.0521555693175914,1.3759866375846914,-0.6780224011286885,-8.515022412179524,-0.4479243011981381,-0.0920392399722201,-0.0981751893037015,1.374452650251821,-0.765710567207861,-9.10700059234896,-5.38,-551.45,-465.37,-18.83,-973.78,0.1199041196120104,-0.1199041196120104,-0.1199041196120104,0.0,0.0,33,37,38,35,38,18,-213,-188,-13,-350,12.7,12.7,12.6,12.4,12.1,-999,-999,-2.94,0.0,0.0,0.0
5.977883100509645,-0.4525262631967491,-0.0429516453203694,-0.0536895566504617,1.3759866375846914,-0.6764884137958181,-8.503833414502017,-0.4448563265323974,-0.0935732273050904,-0.0981751893037015,1.374452650251821,-0.765710567207861,-9.10700059234896,32.28,-559.52,-470.75,-16.14,-973.78,0.1199041196120104,-0.1199041196120104,-0.1199041196120104,0.0,0.0,32,37,38,35,38,25,-207,-182,-7,-350,12.7,12.6,12.6,12.3,12.4,-999,-999,-2.94,0.0,0.0,0.0
5.994632720947266,-0.4494582885310084,-0.0429516453203694,-0.0567575313162024,1.3775206249175618,-0.6780224011286885,-8.515022412179524,-0.4433223391995271,-0.0951072146379608,-0.0981751893037015,1.374452650251821,-0.765710567207861,-9.10700059234896,10.76,-562.21,-419.64,-16.14,-973.78,0.1199041196120104,-0.1199041196120104,-0.1199041196120104,0.0,0.0,32,37,38,35,38,25,-213,-169,-7,-350,12.7,12.7,12.6,12.5,12.2,-999,-999,-2.94,0.0,0.0,0.0
6.011688470840454,-0.4479243011981381,-0.04601961998611,-0.0582915186490727,1.3759866375846914,-0.6780224011286885,-8.515022412179524,-0.4402543645337864,-0.0981751893037015,-0.0981751893037015,1.374452650251821,-0.765710567207861,-9.10700059234896,13.45,-546.0699999999999,-430.4,-16.14,-973.78,0.1199041196120104,-0.1199041196120104,-0.1199041196120104,0.0,0.0,32,37,38,35,38,25,-207,-157,-7,-350,12.7,12.8,12.5,12.4,12.3,-999,-999,-2.94,0.0,0.0,0.0
6.028935194015503,-0.4448563265323974,-0.0475536073189804,-0.0582915186490727,1.3759866375846914,-0.6780224011286885,-8.515022412179524,-0.4402543645337864,-0.0981751893037015,-0.0981751893037015,1.374452650251821,-0.765710567207861,-9.10700059234896,29.59,-519.17,-468.06,-16.14,-973.78,0.1199041196120104,-0.1199041196120104,-0.0959232956896083,0.0,0.0,33,37,37,35,38,25,-207,-163,-7,-350,12.8,12.7,12.6,12.5,12.4,-999,-999,-2.94,0.0,0.0,0.0
6.046601057052612,-0.4433223391995271,-0.050621581984721,-0.0582915186490727,1.3775206249175618,-0.6764884137958181,-8.503833414502017,-0.4356524025351754,-0.1012431639694421,-0.0966412019708311,1.374452650251821,-0.765710567207861,-9.10700059234896,18.83,-532.62,-470.75,-16.14,-976.47,0.1199041196120104,-0.0959232956896083,-0.0719424717672062,0.0,0.0,33,37,37,35,38,25,-200,-163,-13,-350,12.7,12.7,12.6,12.4,12.3,-999,-999,-2.94,0.0,0.0,0.0
6.063916921615601,-0.4417883518666567,-0.0521555693175914,-0.0582915186490727,1.3775206249175618,-0.6780224011286885,-8.515022412179524,-0.4325844278694347,-0.1043111386351828,-0.0981751893037015,1.374452650251821,-0.765710567207861,-9.10700059234896,32.28,-589.11,-451.92,-16.14,-973.78,0.1199041196120104,-0.0959232956896083,-0.0479616478448041,0.0,0.0,33,37,37,35,38,25,-200,-157,-7,-350,12.7,12.7,12.6,12.4,12.4,-999,-999,-2.94,0.0,0.0,0.0
6.081640005111694,-0.4402543645337864,-0.0521555693175914,-0.0582915186490727,1.3775206249175618,-0.6780224011286885,-8.515022412179524,-0.4295164532036941,-0.1058451259680531,-0.0981751893037015,1.374452650251821,-0.765710567207861,-9.10700059234896,18.83,-624.08,-489.58,-18.83,-971.09,0.1199041196120104,-0.0959232956896083,0.0,0.0,0.0,33,37,37,35,38,25,-213,-163,-7,-350,12.7,12.7,12.5,12.4,12.2,-999,-999,-2.94,0.0,0.0,0.0
6.100665330886841,-0.4356524025351754,-0.0521555693175914,-0.0582915186490727,1.3775206249175618,-0.6780224011286885,-8.515022412179524,-0.4264484785379534,-0.1073791133009235,-0.0981751893037015,1.374452650251821,-0.765710567207861,-9.10700059234896,24.21,-605.25,-468.06,-18.83,-968.4,0.1199041196120104,-0.0719424717672062,0.0,0.0,0.0,33,37,37,35,38,25,-219,-163,-13,-350,12.8,12.7,12.6,12.4,12.2,-999,-999,-2.94,0.0,0.0,0.0
6.117646217346193,-0.4341184152023051,-0.0521555693175914,-0.0582915186490727,1.3759866375846914,-0.6780224011286885,-8.515022412179524,-0.424914491205083,-0.1089131006337938,-0.0981751893037015,1.374452650251821,-0.765710567207861,-9.10700059234896,13.45,-653.67,-468.06,-16.14,-971.09,0.1438849435344125,-0.0479616478448041,0.0,0.0,0.0,33,37,37,36,38,25,-225,-163,-13,-350,12.7,12.6,12.6,12.4,12.3,-999,-999,-2.94,0.0,0.0,0.0
6.1348936557769775,-0.4310504405365644,-0.0521555693175914,-0.0582915186490727,1.3775206249175618,-0.6780224011286885,-8.515022412179524,-0.424914491205083,-0.1089131006337938,-0.0981751893037015,1.374452650251821,-0.765710567207861,-9.10700059234896,10.76,-675.1899999999999,-489.58,-16.14,-965.71,0.1438849435344125,-0.023980823922402,0.0,0.0,0.0,33,38,37,36,38,25,-232,-201,-13,-350,12.7,12.7,12.5,12.4,12.4,-999,-999,-2.94,0.0,0.0,0.0
6.152652263641357,-0.4279824658708237,-0.0521555693175914,-0.0582915186490727,1.3775206249175618,-0.6780224011286885,-8.515022412179524,-0.4187785418736017,-0.1119810752995345,-0.0981751893037015,1.374452650251821,-0.765710567207861,-9.10700059234896,0.0,-672.5,-473.44,-16.14,-954.95,0.1438849435344125,0.0,0.0,0.0,0.0,33,38,37,35,38,18,-232,-163,-13,-343,12.7,12.7,12.6,12.5,12.2,-999,-999,-2.94,0.0,0.0,0.0
6.1696746349334735,-0.4264484785379534,-0.0521555693175914,-0.0582915186490727,1.3775206249175618,-0.6780224011286885,-8.515022412179524,-0.4141765798749907,-0.1135150626324048,-0.0981751893037015,1.374452650251821,-0.765710567207861,-9.10700059234896,8.07,-704.78,-470.75,-16.14,-965.71,0.1438849435344125,0.0,0.0,0.0,0.0,33,38,37,35,38,25,-244,-163,-13,-350,12.7,12.6,12.6,12.4,12.4,-999,-999,-2.94,0.0,0.0,0.0
6.18661308288574,-0.4233805038722127,-0.0521555693175914,-0.0582915186490727,1.3775206249175618,-0.6780224011286885,-8.515022412179524,-0.4126425925421204,-0.1150490499652752,-0.0981751893037015,1.374452650251821,-0.765710567207861,-9.10700059234896,10.76,-704.78,-468.06,-18.83,-968.4,0.1438849435344125,0.0,0.0,0.0,0.0,33,38,37,35,38,31,-250,-163,-13,-350,12.7,12.7,12.5,12.4,12.3,-999,-999,-2.94,0.0,0.0,0.0
6.203887462615967,-0.420312529206472,-0.0536895566504617,-0.0582915186490727,1.3775206249175618,-0.6780224011286885,-8.515022412179524,-0.4126425925421204,-0.1150490499652752,-0.0981751893037015,1.374452650251821,-0.765710567207861,-9.10700059234896,18.83,-667.12,-470.75,-16.14,-965.71,0.1438849435344125,0.0,0.0,0.0,0.0,33,38,37,36,38,37,-244,-163,-13,-350,12.7,12.7,12.5,12.3,12.4,-999,-999,-2.94,0.0,0.0,0.0
6.2208685874938965,-0.4172445545407314,-0.0567575313162024,-0.0582915186490727,1.3775206249175618,-0.6780224011286885,-8.515022412179524,-0.4095746178763797,-0.1150490499652752,-0.0981751893037015,1.374452650251821,-0.765710567207861,-9.10700059234896,13.45,-591.8,-473.44,-13.45,-965.71,0.1438849435344125,-0.023980823922402,0.0,0.0,0.0,33,37,37,36,38,25,-238,-163,-13,-350,12.7,12.7,12.6,12.6,12.3,-999,-999,-2.94,0.0,0.0,0.0
6.23861885070801,-0.415710567207861,-0.0582915186490727,-0.0582915186490727,1.3759866375846914,-0.6780224011286885,-8.515022412179524,-0.401904681212028,-0.1181170246310158,-0.0981751893037015,1.3759866375846914,-0.765710567207861,-9.10700059234896,45.73,-634.84,-470.75,-16.14,-968.4,0.1438849435344125,-0.0719424717672062,0.0,0.0,0.0,32,37,37,36,38,37,-238,-163,-7,-350,12.7,12.6,12.5,12.4,12.3,-999,-999,-2.94,0.0,0.0,0.0
6.2556099891662615,-0.4126425925421204,-0.0613594933148134,-0.0582915186490727,1.3775206249175618,-0.6780224011286885,-8.515022412179524,-0.3988367065462873,-0.1196510119638862,-0.0966412019708311,1.3759866375846914,-0.765710567207861,-9.10700059234896,10.76,-616.01,-470.75,-24.21,-965.71,0.1438849435344125,-0.0959232956896083,0.0,0.0,0.0,32,37,37,36,38,37,-232,-163,-7,-350,12.7,12.7,12.5,12.4,12.3,-999,-999,-2.94,0.0,0.0,0.0
6.272605895996092,-0.4080406305435093,-0.0628934806476837,-0.0582915186490727,1.3775206249175618,-0.6780224011286885,-8.515022412179524,-0.3957687318805467,-0.1211849992967565,-0.0981751893037015,1.3759866375846914,-0.765710567207861,-9.10700059234896,5.38,-607.9399999999999,-451.92,-29.59,-965.71,0.1438849435344125,-0.0959232956896083,0.0,0.0,0.0,33,37,37,36,38,37,-232,-157,-7,-350,12.7,12.7,12.5,12.3,12.3,-999,-999,-2.94,0.0,0.0,0.0
6.289625883102417,-0.4049726558777687,-0.0659614553134244,-0.0582915186490727,1.3775206249175618,-0.6780224011286885,-8.515022412179524,-0.3957687318805467,-0.1211849992967565,-0.0981751893037015,1.3759866375846914,-0.765710567207861,-9.10700059234896,8.07,-581.04,-470.75,-24.21,-973.78,0.1678657674568146,-0.0959232956896083,0.0,0.0,0.0,33,37,37,36,38,31,-225,-163,-7,-350,12.7,12.7,12.6,12.4,12.3,-999,-999,-2.94,0.0,0.0,0.0
6.306643247604368,-0.401904681212028,-0.0690294299791651,-0.0582915186490727,1.3775206249175618,-0.6780224011286885,-8.515022412179524,-0.3911667698819356,-0.1227189866296268,-0.0981751893037015,1.3775206249175618,-0.765710567207861,-9.10700059234896,0.0,-586.42,-470.75,-16.14,-968.4,0.1678657674568146,-0.1199041196120104,0.0,0.0,0.0,33,38,37,36,38,31,-219,-163,0,-350,12.7,12.6,12.5,12.4,12.3,-999,-999,-2.94,0.0,0.0,0.0
6.323695182800293,-0.3988367065462873,-0.0690294299791651,-0.0582915186490727,1.379054612250432,-0.6780224011286885,-8.515022412179524,-0.388098795216195,-0.1242529739624972,-0.0981751893037015,1.379054612250432,-0.765710567207861,-9.10700059234896,2.69,-583.73,-470.75,-32.28,-965.71,0.1678657674568146,-0.1199041196120104,0.0,0.0,0.0,33,38,37,36,38,25,-219,-163,-7,-350,12.7,12.6,12.5,12.4,12.4,-999,-999,-2.94,0.0,0.0,0.0
6.340886116027832,-0.3957687318805467,-0.0720974046449058,-0.0582915186490727,1.379054612250432,-0.6780224011286885,-8.515022412179524,-0.388098795216195,-0.1242529739624972,-0.0981751893037015,1.379054612250432,-0.765710567207861,-9.10700059234896,5.38,-513.79,-468.06,-21.52,-965.71,0.1918465913792167,-0.1199041196120104,0.0,0.0,0.0,32,38,37,36,38,25,-213,-163,0,-350,12.7,12.7,12.6,12.4,12.2,-999,-999,-2.94,0.0,0.0,0.0
6.357899188995361,-0.392700757214806,-0.0751653793106464,-0.0582915186490727,1.379054612250432,-0.6780224011286885,-8.515022412179524,-0.3850308205504543,-0.1257869612953675,-0.0981751893037015,1.379054612250432,-0.765710567207861,-9.10700059234896,5.38,-492.27,-468.06,-32.28,-971.09,0.1918465913792167,-0.1199041196120104,0.0,0.0,0.0,32,38,37,36,38,25,-200,-163,0,-350,12.7,12.7,12.6,12.4,12.4,-999,-999,-2.94,0.0,0.0,0.0
6.375634431838989,-0.3896327825490653,-0.0766993666435168,-0.0582915186490727,1.3805885995833025,-0.6780224011286885,-8.515022412179524,-0.378894871218973,-0.1273209486282379,-0.0981751893037015,1.3821225869161728,-0.765710567207861,-9.10700059234896,0.0,-546.0699999999999,-470.75,-32.28,-963.02,0.1678657674568146,-0.1199041196120104,0.0,0.023980823922402,0.0,32,37,37,36,38,25,-194,-163,0,-350,12.7,12.7,12.6,12.5,12.3,-999,-999,-2.94,0.0,0.0,0.0
6.392732143402101,-0.3865648078833247,-0.0766993666435168,-0.0582915186490727,1.3821225869161728,-0.6780224011286885,-8.515022412179524,-0.378894871218973,-0.1273209486282379,-0.0981751893037015,1.3821225869161728,-0.765710567207861,-9.10700059234896,8.07,-572.97,-470.75,-40.35,-965.71,0.1678657674568146,-0.1199041196120104,0.0,0.023980823922402,0.0,32,37,37,36,38,25,-207,-163,0,-350,12.3,12.7,12.6,12.4,12.3,-999,-999,-2.94,0.0,0.0,0.0
6.409867525100708,-0.383496833217584,-0.0782333539763871,-0.0582915186490727,1.3821225869161728,-0.6780224011286885,-8.515022412179524,-0.3742929092203619,-0.1288549359611082,-0.0981751893037015,1.3821225869161728,-0.765710567207861,-9.10700059234896,13.45,-564.9,-470.75,-40.35,-965.71,0.1678657674568146,-0.0959232956896083,0.0,0.023980823922402,0.0,32,37,37,36,38,31,-207,-163,-7,-350,12.6,12.7,12.6,12.5,12.4,-999,-999,-2.94,0.0,0.0,0.0
6.42699408531189,-0.3804288585518433,-0.0782333539763871,-0.0582915186490727,1.383656574249043,-0.6780224011286885,-8.515022412179524,-0.3666229725560103,-0.1319229106268489,-0.0981751893037015,1.3867245489147837,-0.765710567207861,-9.10700059234896,8.07,-581.04,-470.75,-24.21,-963.02,0.1678657674568146,-0.0719424717672062,0.0,0.0479616478448041,0.0,32,37,38,36,38,37,-207,-163,0,-350,12.7,12.7,12.6,12.4,12.4,-999,-999,-2.94,0.0,0.0,0.0
6.444596052169802,-0.3773608838861026,-0.0797673413092574,-0.0582915186490727,1.383656574249043,-0.6780224011286885,-8.515022412179524,-0.3620210105573993,-0.1319229106268489,-0.0981751893037015,1.388258536247654,-0.765710567207861,-9.10700059234896,21.52,-616.01,-470.75,-13.45,-963.02,0.1678657674568146,-0.0479616478448041,0.0,0.0479616478448041,0.0,32,37,37,36,38,37,-213,-163,6,-350,12.7,12.7,12.5,12.4,12.4,-999,-999,-2.94,0.0,0.0,0.0
6.461652994155886,-0.3742929092203619,-0.0797673413092574,-0.0582915186490727,1.3851905615819131,-0.6780224011286885,-8.515022412179524,-0.3589530358916586,-0.1334568979597192,-0.0981751893037015,1.3913265109133948,-0.765710567207861,-9.10700059234896,69.94,-669.81,-470.75,-10.76,-960.33,0.1678657674568146,-0.0479616478448041,0.0,0.0479616478448041,0.0,32,37,37,36,38,43,-213,-163,12,-350,12.7,12.6,12.6,12.5,12.3,-999,-999,-2.94,0.0,0.0,0.0
6.478604316711424,-0.369690947221751,-0.0797673413092574,-0.0582915186490727,1.388258536247654,-0.6780224011286885,-8.515022412179524,-0.3543510738930476,-0.1349908852925895,-0.0981751893037015,1.3928604982462651,-0.765710567207861,-9.10700059234896,8.07,-583.73,-470.75,-29.59,-963.02,0.1678657674568146,-0.023980823922402,0.0,0.0479616478448041,0.0,32,37,37,36,38,37,-219,-163,12,-350,12.7,12.5,12.6,12.4,12.4,-999,-999,-2.94,0.0,0.0,0.0
6.495905637741089,-0.3666229725560103,-0.0813013286421278,-0.0582915186490727,1.3897925235805244,-0.6780224011286885,-8.515022412179524,-0.3543510738930476,-0.1349908852925895,-0.0981751893037015,1.3928604982462651,-0.765710567207861,-9.10700059234896,18.83,-583.73,-468.06,-32.28,-960.33,0.1918465913792167,-0.023980823922402,0.0,0.0479616478448041,0.0,33,37,38,36,38,43,-219,-163,12,-350,12.7,12.7,12.6,12.4,12.2,-999,-999,-2.94,0.0,0.0,0.0
6.512996912002565,-0.3620210105573993,-0.0828353159749981,-0.0582915186490727,1.3928604982462651,-0.6780224011286885,-8.515022412179524,-0.3451471498958256,-0.1365248726254599,-0.0981751893037015,1.3959284729120058,-0.765710567207861,-9.10700059234896,8.07,-616.01,-468.06,-26.9,-960.33,0.1918465913792167,-0.023980823922402,0.0,0.0959232956896083,0.0,32,37,38,36,38,43,-213,-163,6,-350,12.7,12.7,12.5,12.4,12.3,-999,-999,-2.94,0.0,0.0,0.0
6.5306694507598895,-0.3574190485587883,-0.0828353159749981,-0.0582915186490727,1.3943944855791357,-0.6780224011286885,-8.515022412179524,-0.3405451878972146,-0.1380588599583302,-0.0981751893037015,1.3974624602448762,-0.765710567207861,-9.10700059234896,0.0,-632.15,-468.06,-45.73,-963.02,0.2158274153016187,-0.023980823922402,0.0,0.0959232956896083,0.0,32,37,38,36,37,43,-219,-163,6,-350,12.7,12.7,12.5,12.4,12.4,-999,-999,-2.94,0.0,0.0,0.0
6.547981262207031,-0.3528170865601773,-0.0843693033078684,-0.0582915186490727,1.3959284729120058,-0.6780224011286885,-8.515022412179524,-0.3359432258986036,-0.1380588599583302,-0.0981751893037015,1.400530434910617,-0.765710567207861,-9.10700059234896,16.14,-599.87,-470.75,-56.49,-960.33,0.2158274153016187,-0.023980823922402,0.0,0.0959232956896083,0.0,32,37,38,36,38,43,-219,-163,6,-350,12.8,12.7,12.4,12.4,12.4,-999,-999,-2.94,0.0,0.0,0.0
6.564965724945068,-0.3482151245615663,-0.0843693033078684,-0.0582915186490727,1.3974624602448762,-0.6780224011286885,-8.515022412179524,-0.3313412638999926,-0.1395928472912005,-0.0981751893037015,1.400530434910617,-0.765710567207861,-9.10700059234896,51.11,-594.49,-470.75,-48.42,-963.02,0.2398082392240208,-0.023980823922402,0.0,0.0959232956896083,0.0,32,37,37,36,38,50,-213,-163,6,-356,12.8,12.7,12.5,12.4,12.4,-999,-999,-2.94,0.0,0.0,0.0
6.582018613815309,-0.3436131625629552,-0.0843693033078684,-0.0582915186490727,1.3989964475777463,-0.6780224011286885,-8.515022412179524,-0.3267393019013815,-0.1411268346240709,-0.0981751893037015,1.402064422243487,-0.765710567207861,-9.10700059234896,0.0,-637.53,-468.06,-40.35,-960.33,0.2398082392240208,-0.023980823922402,0.0,0.0959232956896083,0.0,32,37,37,36,38,43,-225,-163,0,-350,12.6,12.7,12.5,12.5,12.4,-999,-999,-2.94,0.0,0.0,0.0
6.599668741226196,-0.3390112005643442,-0.0859032906407388,-0.0582915186490727,1.3989964475777463,-0.6780224011286885,-8.515022412179524,-0.3236713272356409,-0.1411268346240709,-0.0981751893037015,1.4051323969092278,-0.765710567207861,-9.10700059234896,51.11,-610.63,-468.06,-34.97,-960.33,0.2398082392240208,-0.023980823922402,0.0,0.0719424717672062,0.0,32,37,37,36,38,112,-225,-163,6,-350,12.7,12.7,12.5,12.4,12.2,-999,-999,-2.94,0.0,0.0,0.0
6.6170289516448975,-0.3344092385657332,-0.0874372779736091,-0.0582915186490727,1.400530434910617,-0.6780224011286885,-8.515022412179524,-0.3175353779041595,-0.1441948092898116,-0.0981751893037015,1.4051323969092278,-0.765710567207861,-9.10700059234896,5.38,-648.29,-473.44,-16.14,-954.95,0.2398082392240208,-0.023980823922402,0.0,0.0719424717672062,0.0,32,37,37,36,38,43,-225,-163,12,-350,12.7,12.7,12.6,12.4,12.4,-999,-999,-2.94,0.0,0.0,0.0
6.634673118591309,-0.3298072765671222,-0.0874372779736091,-0.0582915186490727,1.4035984095763574,-0.6780224011286885,-8.515022412179524,-0.3144674032384189,-0.1441948092898116,-0.0981751893037015,1.406666384242098,-0.765710567207861,-9.10700059234896,45.73,-669.81,-468.06,-61.87,-957.64,0.2398082392240208,-0.023980823922402,0.0,0.0719424717672062,0.0,32,37,37,35,38,105,-232,-163,6,-350,12.7,12.6,12.4,12.4,12.3,-999,-999,-2.94,0.0,0.0,0.0
6.65175938606262,-0.3267393019013815,-0.0889712653064794,-0.0582915186490727,1.4051323969092278,-0.6780224011286885,-8.515022412179524,-0.3144674032384189,-0.1441948092898116,-0.0981751893037015,1.406666384242098,-0.765710567207861,-9.10700059234896,0.0,-575.66,-468.06,-43.04,-960.33,0.2398082392240208,-0.0479616478448041,0.0,0.0719424717672062,0.0,32,37,37,35,38,43,-225,-163,6,-350,12.7,12.7,12.5,12.4,12.3,-999,-999,-2.94,0.0,0.0,0.0
6.668917179107664,-0.3221373399027705,-0.0905052526393498,-0.0582915186490727,1.406666384242098,-0.6780224011286885,-8.515022412179524,-0.3052634792411968,-0.1457287966226819,-0.0981751893037015,1.4097343589078388,-0.765710567207861,-9.10700059234896,59.18,-581.04,-470.75,-43.04,-957.64,0.2398082392240208,-0.0479616478448041,0.0,0.0959232956896083,0.0,32,37,38,35,38,43,-219,-163,6,-350,12.7,12.7,12.5,12.4,12.4,-999,-999,-2.94,0.0,0.0,0.0
6.685925960540773,-0.3175353779041595,-0.0920392399722201,-0.0567575313162024,1.406666384242098,-0.6780224011286885,-8.515022412179524,-0.3006615172425858,-0.1487967712884225,-0.0981751893037015,1.4112683462407092,-0.765710567207861,-9.10700059234896,2.69,-597.18,-470.75,-16.14,-957.64,0.2398082392240208,-0.0719424717672062,0.0,0.0959232956896083,0.0,33,36,38,35,38,43,-219,-163,12,-350,12.7,12.7,12.5,12.4,12.3,-999,-999,-2.94,0.0,0.0,0.0
6.704604625701904,-0.3129334159055486,-0.0935732273050904,-0.0582915186490727,1.4097343589078388,-0.6764884137958181,-8.503833414502017,-0.2960595552439748,-0.1487967712884225,-0.0981751893037015,1.4112683462407092,-0.765710567207861,-9.10700059234896,16.14,-610.63,-468.06,-29.59,-954.95,0.2398082392240208,-0.0719424717672062,0.0,0.0719424717672062,0.0,33,37,38,35,38,43,-225,-163,6,-350,12.7,12.6,12.5,12.4,12.4,-999,-999,-2.94,0.0,0.0,0.0
6.721599340438843,-0.3083314539069375,-0.0951072146379608,-0.0582915186490727,1.4097343589078388,-0.6780224011286885,-8.515022412179524,-0.2914575932453638,-0.1503307586212929,-0.0981751893037015,1.4128023335735795,-0.765710567207861,-9.10700059234896,0.0,-610.63,-468.06,-43.04,-957.64,0.2398082392240208,-0.0719424717672062,0.0,0.0719424717672062,0.0,33,37,38,35,38,43,-219,-163,6,-356,12.7,12.7,12.6,12.4,12.3,-999,-999,-2.94,0.0,0.0,0.0
6.738593578338623,-0.3037294919083265,-0.0951072146379608,-0.0582915186490727,1.4112683462407092,-0.6780224011286885,-8.515022412179524,-0.2868556312467528,-0.1518647459541632,-0.0981751893037015,1.4128023335735795,-0.765710567207861,-9.10700059234896,53.8,-607.9399999999999,-470.75,-40.35,-957.64,0.2398082392240208,-0.0719424717672062,0.0,0.0719424717672062,0.0,32,36,37,35,38,43,-219,-163,6,-350,12.8,12.7,12.5,12.4,12.4,-999,-999,-2.94,0.0,0.0,0.0
6.755598545074463,-0.2991275299097155,-0.0981751893037015,-0.0582915186490727,1.4128023335735795,-0.6780224011286885,-8.515022412179524,-0.2822536692481418,-0.1533987332870336,-0.0981751893037015,1.4128023335735795,-0.765710567207861,-9.10700059234896,34.97,-564.9,-468.06,-43.04,-957.64,0.2398082392240208,-0.0719424717672062,0.0,0.0479616478448041,0.0,32,38,37,35,38,112,-225,-163,0,-350,12.7,12.7,12.6,12.5,12.3,-999,-999,-2.94,0.0,0.0,0.0
6.772957801818849,-0.2945255679111045,-0.0997091766365718,-0.0582915186490727,1.41433632090645,-0.6780224011286885,-8.515022412179524,-0.2776517072495308,-0.1549327206199039,-0.0981751893037015,1.4128023335735795,-0.765710567207861,-9.10700059234896,8.07,-567.59,-468.06,-43.04,-957.64,0.2398082392240208,-0.0719424717672062,0.0,0.0479616478448041,0.0,32,38,37,35,38,43,-219,-163,0,-350,12.8,12.6,12.6,12.4,12.4,-999,-999,-2.94,0.0,0.0,0.0
6.7899534702301025,-0.2914575932453638,-0.1012431639694421,-0.0582915186490727,1.41433632090645,-0.6780224011286885,-8.515022412179524,-0.2715157579180495,-0.1564667079527743,-0.0981751893037015,1.4128023335735795,-0.765710567207861,-9.10700059234896,48.42,-599.87,-473.44,-24.21,-957.64,0.2398082392240208,-0.0719424717672062,0.0,0.0479616478448041,0.0,32,38,37,35,38,43,-219,-163,-7,-350,12.8,12.6,12.6,12.4,12.4,-999,-999,-2.94,0.0,0.0,0.0
6.80689263343811,-0.2868556312467528,-0.1027771513023125,-0.0567575313162024,1.41433632090645,-0.6780224011286885,-8.515022412179524,-0.2653798085865681,-0.1580006952856446,-0.0981751893037015,1.4128023335735795,-0.765710567207861,-9.10700059234896,53.8,-613.3199999999999,-468.06,-21.52,-954.95,0.2398082392240208,-0.0959232956896083,0.0,0.0479616478448041,0.0,32,38,37,35,38,50,-219,-163,-7,-350,12.7,12.6,12.6,12.3,12.4,-999,-999,-2.94,0.0,0.0,0.0
6.824192523956299,-0.2822536692481418,-0.1043111386351828,-0.0567575313162024,1.41433632090645,-0.6780224011286885,-8.515022412179524,-0.2592438592550868,-0.1595346826185149,-0.0981751893037015,1.4128023335735795,-0.765710567207861,-9.10700059234896,45.73,-589.11,-468.06,-26.9,-957.64,0.2398082392240208,-0.0959232956896083,0.0,0.023980823922402,0.0,32,38,37,35,38,56,-219,-163,-7,-356,12.7,12.7,12.4,12.3,12.4,-999,-999,-2.94,0.0,0.0,0.0
6.841636896133423,-0.2761177199166604,-0.1058451259680531,-0.0582915186490727,1.41433632090645,-0.6780224011286885,-8.515022412179524,-0.2531079099236054,-0.1610686699513852,-0.0981751893037015,1.4128023335735795,-0.765710567207861,-9.10700059234896,10.76,-583.73,-470.75,-24.21,-954.95,0.263789063146423,-0.0719424717672062,0.0,0.023980823922402,0.0,32,38,37,35,38,56,-219,-163,-13,-356,12.7,12.7,12.5,12.3,12.2,-999,-999,-2.94,0.0,0.0,0.0
6.858644247055052,-0.2715157579180495,-0.1073791133009235,-0.0582915186490727,1.41587030823932,-0.6780224011286885,-8.515022412179524,-0.2531079099236054,-0.1610686699513852,-0.0981751893037015,1.4128023335735795,-0.765710567207861,-9.10700059234896,67.25,-599.87,-473.44,-16.14,-952.26,0.263789063146423,-0.0719424717672062,0.0,0.0,0.0,32,38,37,35,38,62,-219,-169,-7,-350,12.7,12.7,12.6,12.3,12.4,-999,-999,-2.94,0.0,0.0,0.0
6.875578165054321,-0.2653798085865681,-0.1073791133009235,-0.0582915186490727,1.41433632090645,-0.6780224011286885,-8.515022412179524,-0.2408360112606427,-0.1641366446171259,-0.0981751893037015,1.4128023335735795,-0.765710567207861,-9.10700059234896,21.52,-626.77,-468.06,-16.14,-936.12,0.287769887068825,-0.0719424717672062,0.0,0.0,0.0,32,37,37,35,38,62,-213,-163,-7,-343,12.7,12.7,12.6,12.3,12.2,-999,-999,-2.94,0.0,0.0,0.0
6.8926661014556885,-0.2592438592550868,-0.1089131006337938,-0.0582915186490727,1.41587030823932,-0.6780224011286885,-8.515022412179524,-0.2408360112606427,-0.1641366446171259,-0.0981751893037015,1.4128023335735795,-0.765710567207861,-9.10700059234896,43.04,-597.18,-468.06,-16.14,-949.57,0.287769887068825,-0.0719424717672062,0.0,0.0,0.0,32,37,37,35,38,62,-225,-163,-13,-350,12.7,12.4,12.5,12.4,12.3,-999,-999,-2.94,0.0,0.0,0.0
6.909590959548948,-0.2531079099236054,-0.1119810752995345,-0.0567575313162024,1.41433632090645,-0.6780224011286885,-8.515022412179524,-0.2347000619291614,-0.1656706319499963,-0.0981751893037015,1.4128023335735795,-0.765710567207861,-9.10700059234896,8.07,-575.66,-468.06,-18.83,-952.26,0.3117507109912271,-0.0719424717672062,0.0,0.0,0.0,32,37,37,35,38,62,-219,-163,-13,-350,12.7,12.7,12.5,12.4,12.3,-999,-999,-2.94,0.0,0.0,0.0
6.926585674285889,-0.2469719605921241,-0.1135150626324048,-0.0582915186490727,1.41587030823932,-0.6780224011286885,-8.515022412179524,-0.22856411259768,-0.1672046192828666,-0.0966412019708311,1.4128023335735795,-0.765710567207861,-9.10700059234896,59.18,-497.65,-446.54,-16.14,-954.95,0.3117507109912271,-0.0719424717672062,0.0,0.0,0.0,32,37,37,35,38,68,-213,-157,-7,-350,12.7,12.7,12.4,12.3,12.4,-999,-999,-2.94,0.0,0.0,0.0
6.943594932556152,-0.2408360112606427,-0.1165830372981455,-0.0582915186490727,1.41587030823932,-0.6780224011286885,-8.515022412179524,-0.2224281632661987,-0.1687386066157369,-0.0966412019708311,1.41433632090645,-0.765710567207861,-9.10700059234896,2.69,-570.28,-451.92,-18.83,-952.26,0.3357315349136292,-0.0959232956896083,0.0,0.0,0.0,32,37,37,36,38,62,-213,-157,-7,-350,12.7,12.7,12.5,12.3,12.4,-999,-999,-2.94,0.0,0.0,0.0
6.9605512619018555,-0.2347000619291614,-0.1196510119638862,-0.0582915186490727,1.41587030823932,-0.6780224011286885,-8.515022412179524,-0.2162922139347173,-0.1702725939486073,-0.0966412019708311,1.41433632090645,-0.7641765798749907,-9.09742100877243,0.0,-554.14,-451.92,-29.59,-936.12,0.3357315349136292,-0.1199041196120104,0.0,0.0,0.0,32,37,37,36,38,62,-157,-157,-7,-343,12.7,12.7,12.5,12.4,12.2,-999,-999,-2.94,0.0,0.0,0.0
6.977557420730591,-0.22856411259768,-0.1211849992967565,-0.0582915186490727,1.41587030823932,-0.6764884137958181,-8.503833414502017,-0.210156264603236,-0.1718065812814776,-0.0966412019708311,1.41587030823932,-0.765710567207861,-9.10700059234896,0.0,-540.6899999999999,-451.92,-29.59,-949.57,0.3357315349136292,-0.1199041196120104,0.0,0.0,0.0,33,37,37,36,38,62,-207,-157,-7,-350,12.7,12.7,12.6,12.4,12.4,-999,-999,-2.94,0.0,0.0,0.0
6.99463677406311,-0.2224281632661987,-0.1227189866296268,-0.0582915186490727,1.41587030823932,-0.6780224011286885,-8.515022412179524,-0.2040203152717546,-0.1718065812814776,-0.0966412019708311,1.41587030823932,-0.765710567207861,-9.10700059234896,0.0,-524.55,-451.92,-24.21,-952.26,0.3597123588360313,-0.1199041196120104,0.0,0.0,0.0,33,37,37,36,38,62,-200,-157,-7,-350,12.7,12.7,12.6,12.5,12.4,-999,-999,-2.94,0.0,0.0,0.0
7.011623382568361,-0.2162922139347173,-0.1242529739624972,-0.0582915186490727,1.41587030823932,-0.6780224011286885,-8.515022412179524,-0.1994183532731436,-0.1718065812814776,-0.0966412019708311,1.41587030823932,-0.765710567207861,-9.10700059234896,0.0,-559.52,-451.92,-21.52,-952.26,0.3597123588360313,-0.0959232956896083,0.0,0.0,0.0,33,37,37,36,38,62,-200,-157,-7,-356,12.8,12.6,12.6,12.4,12.2,-999,-999,-2.94,0.0,0.0,0.0
7.028587818145752,-0.2086222772703657,-0.1242529739624972,-0.0582915186490727,1.4174042955721904,-0.6780224011286885,-8.515022412179524,-0.1932824039416623,-0.1718065812814776,-0.0966412019708311,1.4174042955721904,-0.765710567207861,-9.10700059234896,0.0,-562.21,-457.3,-16.14,-949.57,0.3597123588360313,-0.0719424717672062,0.0,0.0,0.0,32,37,38,36,38,56,-194,-157,0,-350,12.7,12.8,12.5,12.5,12.4,-999,-999,-2.94,0.0,0.0,0.0
7.045574903488159,-0.2040203152717546,-0.1227189866296268,-0.0582915186490727,1.4174042955721904,-0.6780224011286885,-8.515022412179524,-0.1871464546101809,-0.1718065812814776,-0.0966412019708311,1.4174042955721904,-0.765710567207861,-9.10700059234896,0.0,-564.9,-451.92,-34.97,-952.26,0.3597123588360313,-0.0719424717672062,0.0,0.0,0.0,33,37,38,36,38,56,-194,-157,0,-350,12.7,12.7,12.5,12.5,12.3,-999,-999,-2.94,0.0,0.0,0.0
7.062597751617433,-0.1978843659402733,-0.1242529739624972,-0.0582915186490727,1.4189382829050607,-0.6780224011286885,-8.515022412179524,-0.18254449261157,-0.1718065812814776,-0.0966412019708311,1.4189382829050607,-0.765710567207861,-9.10700059234896,2.69,-567.59,-451.92,-32.28,-949.57,0.3357315349136292,-0.023980823922402,0.0,0.0,0.0,33,37,38,36,38,56,-200,-157,0,-350,12.7,12.2,12.6,12.4,12.3,-999,-999,-2.94,0.0,0.0,0.0
7.079585313796997,-0.1932824039416623,-0.1242529739624972,-0.0582915186490727,1.4189382829050607,-0.6780224011286885,-8.515022412179524,-0.1733405686143479,-0.1718065812814776,-0.0966412019708311,1.420472270237931,-0.765710567207861,-9.10700059234896,59.18,-559.52,-451.92,-32.28,-949.57,0.3357315349136292,0.0,0.0,0.023980823922402,0.0,33,38,37,36,38,56,-194,-157,0,-350,12.7,12.7,12.5,12.5,12.4,-999,-999,-2.94,0.0,0.0,0.0
7.0965576171875,-0.1871464546101809,-0.1227189866296268,-0.0582915186490727,1.420472270237931,-0.6780224011286885,-8.515022412179524,-0.1733405686143479,-0.1718065812814776,-0.0966412019708311,1.420472270237931,-0.765710567207861,-9.10700059234896,8.07,-567.59,-451.92,-34.97,-949.57,0.3357315349136292,0.0,0.0,0.023980823922402,0.0,33,38,37,36,38,50,-194,-157,0,-350,12.7,12.7,12.6,12.5,12.3,-999,-999,-2.94,0.0,0.0,0.0
7.113534927368164,-0.18254449261157,-0.1242529739624972,-0.0582915186490727,1.4220062575708017,-0.6780224011286885,-8.515022412179524,-0.1641366446171259,-0.1718065812814776,-0.0966412019708311,1.420472270237931,-0.765710567207861,-9.10700059234896,5.38,-583.73,-451.92,-45.73,-949.57,0.3117507109912271,0.0,0.0,0.0479616478448041,0.0,33,38,37,36,38,50,-200,-157,-7,-350,12.8,12.7,12.5,12.4,12.4,-999,-999,-2.94,0.0,0.0,0.0
7.130554914474487,-0.1779425306129589,-0.1227189866296268,-0.0582915186490727,1.4220062575708017,-0.6780224011286885,-8.515022412179524,-0.1595346826185149,-0.1718065812814776,-0.0966412019708311,1.4220062575708017,-0.765710567207861,-9.10700059234896,5.38,-546.0699999999999,-451.92,-43.04,-952.26,0.3117507109912271,0.0,0.0,0.0479616478448041,0.0,33,38,37,36,38,50,-200,-157,-7,-350,12.7,12.6,12.7,12.4,12.2,-999,-999,-2.94,0.0,0.0,0.0
7.147534132003784,-0.1733405686143479,-0.1227189866296268,-0.0582915186490727,1.4220062575708017,-0.6780224011286885,-8.515022412179524,-0.1549327206199039,-0.1718065812814776,-0.0951072146379608,1.4220062575708017,-0.765710567207861,-9.10700059234896,0.0,-575.66,-454.61,-26.9,-949.57,0.287769887068825,0.0,0.0,0.0479616478448041,0.0,33,37,37,36,38,50,-194,-157,0,-350,12.7,12.7,12.6,12.5,12.2,-999,-999,-2.94,0.0,0.0,0.0
7.164533376693726,-0.1672046192828666,-0.1242529739624972,-0.0582915186490727,1.4250742322365422,-0.6780224011286885,-8.515022412179524,-0.1503307586212929,-0.1718065812814776,-0.0951072146379608,1.4220062575708017,-0.7641765798749907,-9.09742100877243,26.9,-575.66,-433.09,-37.66,-946.88,0.287769887068825,0.0,0.0,0.0479616478448041,0.0,33,37,37,36,38,43,-200,-150,-7,-350,12.7,12.7,12.6,12.4,12.2,-999,-999,-2.94,0.0,0.0,0.0
7.181630849838257,-0.1626026572842556,-0.1227189866296268,-0.0582915186490727,1.4250742322365422,-0.6780224011286885,-8.515022412179524,-0.1472627839555522,-0.1718065812814776,-0.0951072146379608,1.4220062575708017,-0.765710567207861,-9.10700059234896,37.66,-570.28,-430.4,-32.28,-930.74,0.287769887068825,0.0,0.0,0.023980823922402,0.0,33,37,38,36,38,112,-200,-150,-7,-343,12.5,12.6,12.6,12.5,12.2,-999,-999,-2.94,0.0,0.0,0.0
7.198533296585083,-0.1580006952856446,-0.1242529739624972,-0.0582915186490727,1.4250742322365422,-0.6780224011286885,-8.515022412179524,-0.1441948092898116,-0.1733405686143479,-0.0935732273050904,1.4235402449036718,-0.765710567207861,-9.10700059234896,-10.76,-570.28,-433.09,-18.83,-949.57,0.287769887068825,0.0,0.0,0.023980823922402,0.0,33,37,38,36,38,43,-200,-150,-7,-350,12.7,12.7,12.6,12.5,12.4,-999,-999,-2.94,0.0,0.0,0.0
7.215536355972288,-0.1533987332870336,-0.1242529739624972,-0.0582915186490727,1.4250742322365422,-0.6780224011286885,-8.515022412179524,-0.1411268346240709,-0.1718065812814776,-0.0935732273050904,1.4235402449036718,-0.765710567207861,-9.10700059234896,-2.69,-583.73,-398.12,-16.14,-946.88,0.287769887068825,0.0,0.0,0.023980823922402,0.0,32,37,38,36,37,37,-200,-107,-7,-350,12.7,12.7,12.6,12.4,12.3,-999,-999,-2.94,0.0,0.0,0.0
7.232800722122192,-0.1503307586212929,-0.1227189866296268,-0.0582915186490727,1.4266082195694123,-0.6780224011286885,-8.515022412179524,-0.1411268346240709,-0.1718065812814776,-0.0935732273050904,1.4235402449036718,-0.765710567207861,-9.10700059234896,-2.69,-548.76,-398.12,-32.28,-949.57,0.263789063146423,0.0,0.0,0.023980823922402,0.0,33,37,38,36,38,31,-194,-138,-7,-350,12.8,12.7,12.6,12.5,12.4,-999,-999,-2.94,0.0,0.0,0.0
7.249588489532471,-0.1472627839555522,-0.1242529739624972,-0.0582915186490727,1.4266082195694123,-0.6780224011286885,-8.515022412179524,-0.1365248726254599,-0.1718065812814776,-0.0935732273050904,1.4250742322365422,-0.765710567207861,-9.10700059234896,43.04,-567.59,-398.12,-24.21,-946.88,0.2398082392240208,0.0,0.0,0.023980823922402,0.0,33,37,38,36,38,37,-200,-138,-7,-350,12.7,12.7,12.6,12.4,12.4,-999,-999,-2.94,0.0,0.0,0.0
7.266803503036499,-0.1426608219569412,-0.1242529739624972,-0.0582915186490727,1.4266082195694123,-0.6780224011286885,-8.515022412179524,-0.1334568979597192,-0.1718065812814776,-0.0935732273050904,1.4266082195694123,-0.765710567207861,-9.10700059234896,0.0,-562.21,-398.12,-18.83,-946.88,0.2158274153016187,0.0,0.0,0.023980823922402,0.0,33,37,37,36,38,31,-194,-138,0,-350,12.7,12.7,12.6,12.5,12.3,-999,-999,-2.94,0.0,0.0,0.0
7.284803628921509,-0.1395928472912005,-0.1227189866296268,-0.0582915186490727,1.4281422069022829,-0.6764884137958181,-8.503833414502017,-0.1273209486282379,-0.1718065812814776,-0.0920392399722201,1.4281422069022829,-0.765710567207861,-9.10700059234896,10.76,-564.9,-398.12,-29.59,-946.88,0.2158274153016187,0.0,0.0,0.023980823922402,0.0,33,37,37,36,38,37,-194,-138,6,-350,12.7,12.7,12.6,12.5,12.3,-999,-999,-2.94,0.0,0.0,0.0
7.301566123962402,-0.1349908852925895,-0.1227189866296268,-0.0582915186490727,1.4296761942351532,-0.6780224011286885,-8.515022412179524,-0.1227189866296268,-0.1718065812814776,-0.0920392399722201,1.4312101815680236,-0.765710567207861,-9.10700059234896,10.76,-570.28,-398.12,-16.14,-946.88,0.2158274153016187,0.0,0.0,0.023980823922402,0.0,33,37,37,36,38,43,-200,-138,30,-350,12.7,12.6,12.6,12.5,12.3,-999,-999,-2.94,0.0,0.0,0.0
7.3185653686523455,-0.1319229106268489,-0.1227189866296268,-0.0567575313162024,1.4296761942351532,-0.6780224011286885,-8.515022412179524,-0.1150490499652752,-0.1718065812814776,-0.0920392399722201,1.434278156233764,-0.765710567207861,-9.10700059234896,21.52,-570.28,-398.12,-48.42,-946.88,0.1918465913792167,0.0,0.0,0.023980823922402,0.0,33,37,37,36,38,43,-194,-138,6,-350,12.7,12.7,12.6,12.4,12.4,-999,-999,-2.94,0.0,0.0,0.0
7.3357326984405535,-0.1288549359611082,-0.1227189866296268,-0.0567575313162024,1.4312101815680236,-0.6780224011286885,-8.515022412179524,-0.1150490499652752,-0.1718065812814776,-0.0920392399722201,1.434278156233764,-0.765710567207861,-9.10700059234896,67.25,-567.59,-400.81,-40.35,-946.88,0.1918465913792167,0.0,0.0,0.0479616478448041,0.0,33,37,37,36,38,43,-194,-138,6,-350,12.5,12.7,12.1,12.4,12.4,-999,-999,-2.94,0.0,0.0,0.0
7.352615594863893,-0.1242529739624972,-0.1227189866296268,-0.0582915186490727,1.4327441689008935,-0.6780224011286885,-8.515022412179524,-0.1104470879666641,-0.1718065812814776,-0.0920392399722201,1.4373461308995048,-0.765710567207861,-9.10700059234896,53.8,-567.59,-400.81,-10.76,-949.57,0.2158274153016187,0.0,0.0,0.0479616478448041,0.0,33,37,37,36,38,112,-194,-138,12,-350,12.7,12.7,12.5,12.5,12.2,-999,-999,-2.94,0.0,0.0,0.0
7.3698830604553205,-0.1196510119638862,-0.1242529739624972,-0.0582915186490727,1.4358121435666344,-0.6780224011286885,-8.515022412179524,-0.1012431639694421,-0.1718065812814776,-0.0920392399722201,1.4404141055652455,-0.765710567207861,-9.10700059234896,5.38,-562.21,-395.43,-72.63,-946.88,0.2158274153016187,0.0,0.0,0.0719424717672062,0.0,32,38,37,36,38,50,-194,-138,6,-350,12.7,12.7,12.5,12.5,12.4,-999,-999,-2.94,0.0,0.0,0.0
7.386906862258911,-0.1150490499652752,-0.1242529739624972,-0.0582915186490727,1.4373461308995048,-0.6780224011286885,-8.515022412179524,-0.0966412019708311,-0.1718065812814776,-0.0920392399722201,1.4434820802309862,-0.765710567207861,-9.10700059234896,43.04,-562.21,-403.5,-18.83,-944.19,0.2158274153016187,0.0,0.0,0.0719424717672062,0.0,32,38,37,36,38,43,-194,-138,6,-350,12.7,12.7,12.5,12.5,12.3,-999,-999,-2.94,0.0,0.0,0.0
7.404557704925537,-0.1104470879666641,-0.1242529739624972,-0.0582915186490727,1.4388801182323752,-0.6780224011286885,-8.515022412179524,-0.0920392399722201,-0.1718065812814776,-0.0920392399722201,1.4434820802309862,-0.765710567207861,-9.10700059234896,48.42,-562.21,-395.43,-34.97,-944.19,0.2398082392240208,0.0,0.0,0.0959232956896083,0.0,32,38,37,36,38,50,-194,-138,12,-350,12.8,12.7,12.4,12.5,12.4,-999,-999,-2.94,0.0,0.0,0.0
7.421566724777222,-0.1043111386351828,-0.1242529739624972,-0.0582915186490727,1.441948092898116,-0.6780224011286885,-8.515022412179524,-0.0920392399722201,-0.1718065812814776,-0.0920392399722201,1.4434820802309862,-0.765710567207861,-9.10700059234896,0.0,-562.21,-400.81,-61.87,-944.19,0.263789063146423,0.0,0.0,0.0959232956896083,0.0,32,38,37,36,38,37,-194,-138,6,-350,12.8,12.6,12.5,12.5,12.2,-999,-999,-2.94,0.0,0.0,0.0
7.438526153564453,-0.0997091766365718,-0.1242529739624972,-0.0582915186490727,1.4434820802309862,-0.6780224011286885,-8.515022412179524,-0.0874372779736091,-0.1718065812814776,-0.0920392399722201,1.446550054896727,-0.765710567207861,-9.10700059234896,2.69,-567.59,-395.43,-43.04,-946.88,0.263789063146423,0.0,0.0,0.0959232956896083,0.0,32,37,37,36,38,37,-194,-138,6,-350,12.8,12.6,12.5,12.4,12.2,-999,-999,-2.94,0.0,0.0,0.0
7.455542325973511,-0.0951072146379608,-0.1227189866296268,-0.0582915186490727,1.4450160675638566,-0.6780224011286885,-8.515022412179524,-0.0828353159749981,-0.1718065812814776,-0.0905052526393498,1.4480840422295973,-0.765710567207861,-9.10700059234896,10.76,-564.9,-371.22,-13.45,-944.19,0.263789063146423,0.0,0.0,0.0959232956896083,0.0,32,37,36,36,38,50,-200,-132,12,-350,12.7,12.7,12.5,12.1,12.3,-999,-999,-2.94,0.0,0.0,0.0
7.472803831100466,-0.0905052526393498,-0.1227189866296268,-0.0582915186490727,1.446550054896727,-0.6780224011286885,-8.515022412179524,-0.0766993666435168,-0.1718065812814776,-0.0920392399722201,1.4511520168953378,-0.765710567207861,-9.10700059234896,45.73,-562.21,-395.43,-24.21,-946.88,0.263789063146423,0.0,0.0,0.0959232956896083,0.0,32,38,37,36,38,37,-194,-138,12,-356,12.7,12.7,12.6,12.5,12.3,-999,-999,-2.94,0.0,0.0,0.0
7.490579128265381,-0.0874372779736091,-0.1242529739624972,-0.0582915186490727,1.4496180295624674,-0.6780224011286885,-8.515022412179524,-0.0674954426462947,-0.1718065812814776,-0.0920392399722201,1.4542199915610785,-0.765710567207861,-9.10700059234896,53.8,-581.04,-376.6,-13.45,-941.5,0.263789063146423,0.0,0.0,0.0959232956896083,0.0,32,38,37,36,38,50,-200,-138,12,-350,12.7,12.7,12.5,12.3,12.4,-999,-999,-2.94,0.0,0.0,0.0
7.5079381465911865,-0.0813013286421278,-0.1227189866296268,-0.0567575313162024,1.452686004228208,-0.6780224011286885,-8.515022412179524,-0.0628934806476837,-0.1718065812814776,-0.0905052526393498,1.4557539788939489,-0.765710567207861,-9.10700059234896,10.76,-548.76,-395.43,-13.45,-944.19,0.263789063146423,0.0,0.0,0.0959232956896083,0.0,32,37,37,36,38,50,-194,-138,12,-350,12.7,12.7,12.6,12.5,12.3,-999,-999,-2.94,0.0,0.0,0.0
7.5255970954895,-0.0766993666435168,-0.1227189866296268,-0.0582915186490727,1.4542199915610785,-0.6780224011286885,-8.515022412179524,-0.0567575313162024,-0.1718065812814776,-0.0905052526393498,1.4572879662268192,-0.765710567207861,-9.10700059234896,2.69,-564.9,-379.29,-45.73,-944.19,0.263789063146423,0.0,0.0,0.0959232956896083,0.0,32,37,37,36,38,50,-200,-132,6,-356,12.7,12.6,12.6,12.5,12.2,-999,-999,-2.94,0.0,0.0,0.0
7.542662143707275,-0.0720974046449058,-0.1242529739624972,-0.0582915186490727,1.4557539788939489,-0.6780224011286885,-8.515022412179524,-0.0567575313162024,-0.1718065812814776,-0.0905052526393498,1.4572879662268192,-0.765710567207861,-9.10700059234896,8.07,-562.21,-381.98,-51.11,-944.19,0.263789063146423,0.0,0.0,0.0959232956896083,0.0,33,37,37,36,38,50,-194,-132,6,-350,12.8,12.5,12.5,12.5,12.4,-999,-999,-2.94,0.0,0.0,0.0
7.55953788757324,-0.0659614553134244,-0.1242529739624972,-0.0582915186490727,1.4557539788939489,-0.6780224011286885,-8.515022412179524,-0.0521555693175914,-0.1718065812814776,-0.0920392399722201,1.4588219535596896,-0.765710567207861,-9.10700059234896,56.49,-562.21,-398.12,-8.07,-941.5,0.263789063146423,0.0,0.0,0.0959232956896083,0.0,32,37,37,36,38,56,-194,-138,12,-350,12.7,12.7,12.7,12.5,12.4,-999,-999,-2.94,0.0,0.0,0.0
7.576602935791016,-0.0598255059819431,-0.1242529739624972,-0.0582915186490727,1.4572879662268192,-0.6780224011286885,-8.515022412179524,-0.0429516453203694,-0.1718065812814776,-0.0920392399722201,1.4634239155583006,-0.765710567207861,-9.10700059234896,0.0,-559.52,-403.5,-2.69,-941.5,0.263789063146423,0.0,0.0,0.0719424717672062,0.0,33,38,37,36,38,50,-194,-144,12,-350,12.7,12.7,12.6,12.4,12.4,-999,-999,-2.94,0.0,0.0,0.0
7.593573093414307,-0.0567575313162024,-0.1242529739624972,-0.0582915186490727,1.46035594089256,-0.6780224011286885,-8.515022412179524,-0.036815695988888,-0.1718065812814776,-0.0905052526393498,1.4649579028911708,-0.765710567207861,-9.10700059234896,8.07,-556.83,-398.12,-13.45,-946.88,0.287769887068825,0.0,0.0,0.0719424717672062,0.0,33,38,38,36,38,43,-194,-138,12,-350,12.7,12.7,12.6,12.5,12.2,-999,-999,-2.94,0.0,0.0,0.0
7.610595703125,-0.0521555693175914,-0.1242529739624972,-0.0582915186490727,1.4618899282254303,-0.6780224011286885,-8.515022412179524,-0.0306797466574067,-0.1718065812814776,-0.0905052526393498,1.4664918902240411,-0.765710567207861,-9.10700059234896,0.0,-562.21,-376.6,-51.11,-941.5,0.287769887068825,0.0,0.0,0.0719424717672062,0.0,32,37,38,36,38,43,-194,-132,6,-350,12.7,12.7,12.6,12.5,12.4,-999,-999,-2.94,0.0,0.0,0.0
7.6276743412017805,-0.04601961998611,-0.1227189866296268,-0.0582915186490727,1.4634239155583006,-0.6780224011286885,-8.515022412179524,-0.0260777846587957,-0.1718065812814776,-0.0905052526393498,1.4680258775569115,-0.7641765798749907,-9.09742100877243,40.35,-559.52,-379.29,-45.73,-944.19,0.263789063146423,0.0,0.0,0.0959232956896083,0.0,32,37,38,36,38,50,-194,-132,6,-350,12.7,12.7,12.6,12.5,12.4,-999,-999,-2.94,0.0,0.0,0.0
7.64552164077759,-0.041417657987499,-0.1242529739624972,-0.0582915186490727,1.4649579028911708,-0.6780224011286885,-8.515022412179524,-0.0199418353273143,-0.1733405686143479,-0.0905052526393498,1.4710938522226522,-0.765710567207861,-9.10700059234896,51.11,-564.9,-376.6,-24.21,-922.67,0.263789063146423,0.0,0.0,0.0959232956896083,0.0,33,37,38,36,38,50,-194,-132,6,-343,12.7,12.7,12.6,12.5,12.3,-999,-999,-2.94,0.0,0.0,0.0
7.662584066390991,-0.0352817086560177,-0.1242529739624972,-0.0582915186490727,1.4680258775569115,-0.6780224011286885,-8.515022412179524,-0.0153398733287033,-0.1733405686143479,-0.0920392399722201,1.4726278395555226,-0.765710567207861,-9.10700059234896,56.49,-575.66,-381.98,-16.14,-936.12,0.263789063146423,0.0,0.0,0.0959232956896083,0.0,33,37,38,36,38,118,-200,-138,12,-350,12.7,12.7,12.6,12.5,12.4,-999,-999,-2.94,0.0,0.0,0.0
7.679590463638306,-0.0306797466574067,-0.1242529739624972,-0.0582915186490727,1.469559864889782,-0.6780224011286885,-8.515022412179524,-0.009203923997222,-0.1748745559472183,-0.0920392399722201,1.474161826888393,-0.765710567207861,-9.10700059234896,45.73,-583.73,-398.12,-24.21,-938.81,0.263789063146423,0.0,0.0,0.0959232956896083,0.0,33,38,38,36,38,56,-200,-138,12,-350,12.7,12.6,12.6,12.5,12.3,-999,-999,-2.94,0.0,0.0,0.0
7.696569204330444,-0.0260777846587957,-0.1227189866296268,-0.0582915186490727,1.4726278395555226,-0.6780224011286885,-8.515022412179524,-0.004601961998611,-0.1748745559472183,-0.0905052526393498,1.4772298015541336,-0.765710567207861,-9.10700059234896,72.63,-581.04,-398.12,-26.9,-941.5,0.263789063146423,0.0,0.0,0.0959232956896083,0.0,33,38,38,36,38,118,-207,-138,6,-350,12.7,12.7,12.6,12.4,12.4,-999,-999,-2.94,0.0,0.0,0.0
7.713564872741699,-0.0199418353273143,-0.1242529739624972,-0.0582915186490727,1.4726278395555226,-0.6780224011286885,-8.515022412179524,0.0,-0.1748745559472183,-0.0905052526393498,1.4772298015541336,-0.765710567207861,-9.10700059234896,53.8,-578.35,-376.6,-13.45,-938.81,0.263789063146423,0.0,0.0,0.0959232956896083,0.0,33,38,38,36,38,62,-200,-132,12,-350,12.7,12.7,12.5,12.4,12.2,-999,-999,-2.94,0.0,0.0,0.0
7.730783939361572,-0.0153398733287033,-0.1227189866296268,-0.0582915186490727,1.4772298015541336,-0.6780224011286885,-8.515022412179524,0.0,-0.1748745559472183,-0.0905052526393498,1.4772298015541336,-0.765710567207861,-9.10700059234896,10.76,-578.35,-379.29,-56.49,-941.5,0.287769887068825,0.0,0.0,0.1199041196120104,0.0,33,38,38,36,38,56,-200,-132,6,-350,12.7,12.7,12.6,12.5,12.2,-999,-999,-2.94,0.0,0.0,0.0
7.747605085372925,-0.009203923997222,-0.1242529739624972,-0.0582915186490727,1.4772298015541336,-0.6780224011286885,-8.515022412179524,0.0061359493314813,-0.1748745559472183,-0.0905052526393498,1.478763788887004,-0.765710567207861,-9.10700059234896,48.42,-575.66,-379.29,-48.42,-936.12,0.287769887068825,0.0,0.0,0.1199041196120104,0.0,33,38,38,36,38,50,-200,-132,6,-350,12.7,12.7,12.5,12.4,12.4,-999,-999,-2.94,0.0,0.0,0.0
7.764563083648682,-0.004601961998611,-0.1242529739624972,-0.0582915186490727,1.4772298015541336,-0.6780224011286885,-8.515022412179524,0.0153398733287033,-0.1764085432800886,-0.0905052526393498,1.4802977762198744,-0.765710567207861,-9.10700059234896,0.0,-613.3199999999999,-379.29,-43.04,-938.81,0.287769887068825,0.0,0.0,0.0959232956896083,0.0,33,38,38,36,38,56,-213,-132,0,-350,12.7,12.7,12.6,12.5,12.3,-999,-999,-2.94,0.0,0.0,0.0
7.781501054763794,0.0015339873328703,-0.1242529739624972,-0.0582915186490727,1.478763788887004,-0.6780224011286885,-8.515022412179524,0.0153398733287033,-0.1764085432800886,-0.0905052526393498,1.4802977762198744,-0.765710567207861,-9.10700059234896,48.42,-597.18,-384.67,-37.66,-938.81,0.3117507109912271,0.0,0.0,0.0959232956896083,0.0,33,37,38,36,38,118,-213,-132,6,-350,12.7,12.6,12.6,12.4,12.4,-999,-999,-2.94,0.0,0.0,0.0
7.798522472381594,0.0061359493314813,-0.1242529739624972,-0.0582915186490727,1.4802977762198744,-0.6780224011286885,-8.515022412179524,0.0245437973259253,-0.1764085432800886,-0.0905052526393498,1.4818317635527445,-0.765710567207861,-9.10700059234896,0.0,-610.63,-379.29,-29.59,-938.81,0.3117507109912271,0.0,0.0,0.0719424717672062,0.0,32,37,38,36,38,43,-213,-132,0,-350,12.7,12.7,12.6,12.5,12.4,-999,-999,-2.94,0.0,0.0,0.0
7.8155224323272705,0.0107379113300923,-0.1242529739624972,-0.0582915186490727,1.4802977762198744,-0.6780224011286885,-8.515022412179524,0.0291457593245363,-0.1764085432800886,-0.0905052526393498,1.4818317635527445,-0.765710567207861,-9.10700059234896,0.0,-586.42,-379.29,-37.66,-938.81,0.287769887068825,0.0,0.0,0.0479616478448041,0.0,32,38,37,36,38,43,-213,-138,0,-350,12.7,12.7,12.6,12.5,12.3,-999,-999,-2.94,0.0,0.0,0.0
7.832576036453247,0.0153398733287033,-0.1242529739624972,-0.0582915186490727,1.4818317635527445,-0.6780224011286885,-8.515022412179524,0.0306797466574067,-0.1764085432800886,-0.0905052526393498,1.4818317635527445,-0.765710567207861,-9.10700059234896,2.69,-605.25,-379.29,-26.9,-938.81,0.287769887068825,0.0,0.0,0.0479616478448041,0.0,32,38,37,36,38,50,-213,-132,-7,-350,12.7,12.7,12.6,12.4,12.4,-999,-999,-2.94,0.0,0.0,0.0
7.849772214889526,0.0214758226601847,-0.1242529739624972,-0.0582915186490727,1.4818317635527445,-0.6780224011286885,-8.515022412179524,0.0306797466574067,-0.1764085432800886,-0.0905052526393498,1.4818317635527445,-0.765710567207861,-9.10700059234896,5.38,-597.18,-379.29,-21.52,-936.12,0.287769887068825,0.0,0.0,0.0479616478448041,0.0,33,38,37,36,38,50,-213,-132,-7,-350,12.7,12.7,12.5,12.4,12.2,-999,-999,-2.94,0.0,0.0,0.0
7.867573022842407,0.0245437973259253,-0.1257869612953675,-0.0582915186490727,1.4818317635527445,-0.6780224011286885,-8.515022412179524,0.0398836706546287,-0.1764085432800886,-0.0905052526393498,1.4833657508856148,-0.765710567207861,-9.10700059234896,51.11,-602.56,-381.98,-16.14,-936.12,0.287769887068825,0.0,0.0,0.023980823922402,0.0,32,38,37,36,38,43,-207,-132,-7,-350,12.7,12.9,12.6,12.5,12.3,-999,-999,-2.94,0.0,0.0,0.0
7.8846218585968,0.027611771991666,-0.1257869612953675,-0.0582915186490727,1.4818317635527445,-0.6780224011286885,-8.515022412179524,0.0444856326532397,-0.1764085432800886,-0.0905052526393498,1.4833657508856148,-0.765710567207861,-9.10700059234896,34.97,-607.9399999999999,-379.29,-16.14,-938.81,0.263789063146423,0.0,0.0,0.023980823922402,0.0,33,38,37,36,38,37,-213,-132,0,-350,12.5,12.5,12.5,12.4,12.3,-999,-999,-2.94,0.0,0.0,0.0
7.9016082286834735,0.032213733990277,-0.1242529739624972,-0.0582915186490727,1.4833657508856148,-0.6780224011286885,-8.515022412179524,0.0444856326532397,-0.1764085432800886,-0.0905052526393498,1.4833657508856148,-0.765710567207861,-9.10700059234896,0.0,-599.87,-379.29,-24.21,-936.12,0.263789063146423,0.0,0.0,0.0,0.0,33,38,37,36,38,43,-207,-132,0,-350,12.8,12.7,12.5,12.4,12.2,-999,-999,-2.94,0.0,0.0,0.0
7.918676137924194,0.036815695988888,-0.1242529739624972,-0.0582915186490727,1.4833657508856148,-0.6780224011286885,-8.515022412179524,0.0475536073189804,-0.1764085432800886,-0.0905052526393498,1.4848997382184852,-0.765710567207861,-9.10700059234896,0.0,-605.25,-379.29,-26.9,-936.12,0.2398082392240208,0.0,0.0,0.0,0.0,33,38,37,36,38,37,-213,-132,6,-350,12.7,12.7,12.5,12.5,12.2,-999,-999,-2.94,0.0,0.0,0.0
7.9355528354644775,0.0398836706546287,-0.1242529739624972,-0.0567575313162024,1.4848997382184852,-0.6780224011286885,-8.515022412179524,0.0521555693175914,-0.1764085432800886,-0.0905052526393498,1.4848997382184852,-0.765710567207861,-9.10700059234896,2.69,-597.18,-379.29,-32.28,-941.5,0.2398082392240208,0.0,0.0,0.0,0.0,33,37,37,36,38,37,-213,-132,0,-350,12.7,12.6,12.6,12.5,12.3,-999,-999,-2.94,0.0,0.0,0.0
7.9524993896484375,0.0444856326532397,-0.1257869612953675,-0.0582915186490727,1.4864337255513556,-0.6780224011286885,-8.515022412179524,0.0567575313162024,-0.1764085432800886,-0.0905052526393498,1.4864337255513556,-0.765710567207861,-9.10700059234896,2.69,-597.18,-379.29,-37.66,-936.12,0.2398082392240208,0.0,0.0,0.023980823922402,0.0,33,37,37,36,38,37,-213,-132,0,-350,12.7,12.7,12.4,12.4,12.3,-999,-999,-2.94,0.0,0.0,0.0
7.9697794914245605,0.0490875946518507,-0.1242529739624972,-0.0582915186490727,1.4864337255513556,-0.6764884137958181,-8.503833414502017,0.0598255059819431,-0.1764085432800886,-0.0905052526393498,1.487967712884226,-0.765710567207861,-9.10700059234896,16.14,-599.87,-379.29,-37.66,-936.12,0.2398082392240208,0.0,0.0,0.0479616478448041,0.0,33,37,37,36,38,37,-213,-132,6,-350,12.7,12.7,12.5,12.5,12.3,-999,-999,-2.94,0.0,0.0,0.0
7.9865782260894775,0.0521555693175914,-0.1257869612953675,-0.0582915186490727,1.487967712884226,-0.6780224011286885,-8.515022412179524,0.0644274679805541,-0.1764085432800886,-0.0905052526393498,1.4895017002170965,-0.765710567207861,-9.10700059234896,53.8,-597.18,-379.29,-37.66,-936.12,0.2158274153016187,0.0,0.0,0.0479616478448041,0.0,32,37,37,36,38,43,-207,-132,6,-350,12.7,12.6,12.5,12.5,12.3,-999,-999,-2.94,0.0,0.0,0.0
8.003842592239382,0.0567575313162024,-0.1257869612953675,-0.0582915186490727,1.487967712884226,-0.6780224011286885,-8.515022412179524,0.0736313919777761,-0.1764085432800886,-0.0889712653064794,1.492569674882837,-0.765710567207861,-9.10700059234896,8.07,-597.18,-352.39,0.0,-936.12,0.2158274153016187,0.0,0.0,0.0479616478448041,0.0,32,37,37,36,38,37,-207,-125,12,-350,12.8,12.6,12.6,12.5,12.4,-999,-999,-2.94,0.0,0.0,0.0
8.021530389785767,0.0613594933148134,-0.1257869612953675,-0.0582915186490727,1.4910356875499666,-0.6780224011286885,-8.515022412179524,0.0797673413092574,-0.1764085432800886,-0.0889712653064794,1.4941036622157071,-0.765710567207861,-9.10700059234896,53.8,-607.9399999999999,-360.46,0.0,-933.43,0.2158274153016187,0.0,0.0,0.0479616478448041,0.0,32,37,37,36,37,37,-213,-125,12,-350,12.8,12.6,12.6,12.5,12.2,-999,-999,-2.94,0.0,0.0,0.0
8.038841009140015,0.0659614553134244,-0.1257869612953675,-0.0582915186490727,1.4910356875499666,-0.6780224011286885,-8.515022412179524,0.0797673413092574,-0.1764085432800886,-0.0889712653064794,1.4941036622157071,-0.765710567207861,-9.10700059234896,8.07,-594.49,-357.77,0.0,-936.12,0.2158274153016187,0.0,0.0,0.0479616478448041,0.0,33,37,37,36,38,50,-207,-125,12,-350,12.7,12.7,12.6,12.5,12.4,-999,-999,-2.94,0.0,0.0,0.0
8.055918931961061,0.0705634173120354,-0.1242529739624972,-0.0582915186490727,1.492569674882837,-0.6780224011286885,-8.515022412179524,0.0889712653064794,-0.1779425306129589,-0.0889712653064794,1.4956376495485777,-0.765710567207861,-9.10700059234896,13.45,-613.3199999999999,-357.77,-40.35,-933.43,0.2398082392240208,0.0,0.0,0.0479616478448041,0.0,33,37,37,36,38,56,-213,-125,6,-350,12.7,12.6,12.5,12.5,12.4,-999,-999,-2.94,0.0,0.0,0.0
8.07350468635559,0.0736313919777761,-0.1257869612953675,-0.0582915186490727,1.4941036622157071,-0.6780224011286885,-8.515022412179524,0.0935732273050904,-0.1764085432800886,-0.0905052526393498,1.4987056242143182,-0.765710567207861,-9.10700059234896,13.45,-613.3199999999999,-357.77,-37.66,-936.12,0.2398082392240208,0.0,0.0,0.0719424717672062,0.0,33,37,37,36,38,56,-219,-125,6,-350,12.7,12.7,12.6,12.5,12.3,-999,-999,-2.94,0.0,0.0,0.0
8.090574026107788,0.0797673413092574,-0.1257869612953675,-0.0582915186490727,1.4956376495485777,-0.6780224011286885,-8.515022412179524,0.0935732273050904,-0.1764085432800886,-0.0905052526393498,1.4987056242143182,-0.765710567207861,-9.10700059234896,-34.97,-586.42,-379.29,-34.97,-933.43,0.263789063146423,0.0,0.0,0.0719424717672062,0.0,33,37,37,36,38,-20,-207,-132,6,-350,12.8,12.6,12.5,12.4,12.4,-999,-999,-2.94,0.0,0.0,0.0
8.107626676559448,0.0828353159749981,-0.1257869612953675,-0.0567575313162024,1.4956376495485777,-0.6780224011286885,-8.515022412179524,0.0981751893037015,-0.1764085432800886,-0.0889712653064794,1.4987056242143182,-0.765710567207861,-9.10700059234896,45.73,-594.49,-355.08,-32.28,-933.43,0.263789063146423,0.0,0.0,0.0719424717672062,0.0,33,37,37,36,38,112,-207,-125,6,-350,12.8,12.7,12.6,12.5,12.4,-999,-999,-2.94,0.0,0.0,0.0
8.12496042251587,0.0889712653064794,-0.1257869612953675,-0.0582915186490727,1.4971716368814478,-0.6780224011286885,-8.515022412179524,0.1073791133009235,-0.1779425306129589,-0.0905052526393498,1.5002396115471883,-0.765710567207861,-9.10700059234896,0.0,-594.49,-360.46,-29.59,-936.12,0.263789063146423,0.0,0.0,0.0479616478448041,0.0,33,37,37,36,38,43,-207,-125,6,-350,12.7,12.8,12.5,12.5,12.3,-999,-999,-2.94,0.0,0.0,0.0
8.142526388168335,0.0951072146379608,-0.1257869612953675,-0.0582915186490727,1.4987056242143182,-0.6780224011286885,-8.515022412179524,0.1119810752995345,-0.1764085432800886,-0.0889712653064794,1.501773598880059,-0.765710567207861,-9.10700059234896,0.0,-607.9399999999999,-384.67,-40.35,-933.43,0.263789063146423,0.0,0.0,0.0479616478448041,0.0,33,37,38,36,38,50,-213,-132,6,-350,12.8,12.7,12.5,12.5,12.4,-999,-999,-2.94,0.0,0.0,0.0
8.159514188766481,0.0997091766365718,-0.1257869612953675,-0.0582915186490727,1.4987056242143182,-0.6764884137958181,-8.503833414502017,0.1165830372981455,-0.1764085432800886,-0.0889712653064794,1.501773598880059,-0.765710567207861,-9.10700059234896,43.04,-586.42,-355.08,0.0,-936.12,0.263789063146423,0.0,0.0,0.0479616478448041,0.0,33,37,38,36,38,112,-207,-125,12,-350,12.7,12.7,12.5,12.5,12.4,-999,-999,-2.94,0.0,0.0,0.0
8.177496910095215,0.1043111386351828,-0.1257869612953675,-0.0582915186490727,1.5002396115471883,-0.6764884137958181,-8.503833414502017,0.1211849992967565,-0.1764085432800886,-0.0889712653064794,1.501773598880059,-0.765710567207861,-9.10700059234896,37.66,-594.49,-360.46,-37.66,-936.12,0.287769887068825,0.0,0.0,0.0479616478448041,0.0,33,37,38,36,38,43,-207,-125,6,-350,12.7,12.6,12.6,12.5,12.3,-999,-999,-2.94,0.0,0.0,0.0
8.19454288482666,0.1089131006337938,-0.1257869612953675,-0.0582915186490727,1.501773598880059,-0.6780224011286885,-8.515022412179524,0.1257869612953675,-0.1764085432800886,-0.0905052526393498,1.501773598880059,-0.765710567207861,-9.10700059234896,51.11,-591.8,-360.46,-34.97,-933.43,0.263789063146423,0.0,0.0,0.0479616478448041,0.0,33,37,38,36,38,112,-207,-125,0,-350,12.3,12.7,12.6,12.4,12.3,-999,-999,-2.94,0.0,0.0,0.0
8.212546586990356,0.1135150626324048,-0.1257869612953675,-0.0582915186490727,1.5033075862129293,-0.6780224011286885,-8.515022412179524,0.1319229106268489,-0.1779425306129589,-0.0889712653064794,1.501773598880059,-0.765710567207861,-9.10700059234896,5.38,-594.49,-379.29,-32.28,-933.43,0.263789063146423,0.0,0.0,0.0479616478448041,0.0,33,38,38,36,38,43,-207,-132,-7,-350,12.7,12.7,12.5,12.5,12.2,-999,-999,-2.94,0.0,0.0,0.0
8.229593992233276,0.1165830372981455,-0.1257869612953675,-0.0582915186490727,1.5033075862129293,-0.6780224011286885,-8.515022412179524,0.1365248726254599,-0.1779425306129589,-0.0889712653064794,1.501773598880059,-0.765710567207861,-9.10700059234896,43.04,-616.01,-363.15,-16.14,-933.43,0.263789063146423,0.0,0.0,0.0479616478448041,0.0,33,38,38,36,38,43,-213,-125,-7,-350,12.8,12.7,12.6,12.5,12.4,-999,-999,-2.94,0.0,0.0,0.0
8.246546030044556,0.1211849992967565,-0.1257869612953675,-0.0582915186490727,1.501773598880059,-0.6764884137958181,-8.503833414502017,0.1411268346240709,-0.1764085432800886,-0.0874372779736091,1.5033075862129293,-0.765710567207861,-9.10700059234896,8.07,-607.9399999999999,-357.77,-16.14,-930.74,0.2398082392240208,0.0,0.0,0.023980823922402,0.0,33,38,38,36,38,50,-213,-125,-7,-350,12.7,12.5,12.6,12.5,12.4,-999,-999,-2.94,0.0,0.0,0.0
8.263550281524656,0.1273209486282379,-0.1257869612953675,-0.0582915186490727,1.5033075862129293,-0.6780224011286885,-8.515022412179524,0.1472627839555522,-0.1764085432800886,-0.0874372779736091,1.5033075862129293,-0.765710567207861,-9.10700059234896,64.56,-583.73,-338.94,-13.45,-936.12,0.2398082392240208,0.0,0.0,0.023980823922402,0.0,33,38,38,36,38,118,-207,-119,0,-350,12.8,12.8,12.6,12.4,12.3,-999,-999,-2.94,0.0,0.0,0.0
8.280529975891113,0.1319229106268489,-0.1257869612953675,-0.0582915186490727,1.5033075862129293,-0.6780224011286885,-8.515022412179524,0.1472627839555522,-0.1764085432800886,-0.0874372779736091,1.5033075862129293,-0.765710567207861,-9.10700059234896,61.87,-594.49,-328.18,-24.21,-930.74,0.2398082392240208,0.0,0.0,0.0,0.0,33,39,38,36,38,118,-207,-113,0,-350,12.7,12.7,12.6,12.5,12.2,-999,-999,-2.94,0.0,0.0,0.0
8.297554731369019,0.1365248726254599,-0.1257869612953675,-0.0582915186490727,1.5048415735457996,-0.6780224011286885,-8.515022412179524,0.1533987332870336,-0.1779425306129589,-0.0859032906407388,1.5033075862129293,-0.765710567207861,-9.10700059234896,5.38,-591.8,-322.8,-21.52,-933.43,0.263789063146423,0.0,0.0,0.0,0.0,32,38,38,36,38,50,-207,-113,-7,-350,12.8,12.7,12.6,12.5,12.4,-999,-999,-2.94,0.0,0.0,0.0
8.316495418548584,0.1411268346240709,-0.1257869612953675,-0.0582915186490727,1.5048415735457996,-0.6780224011286885,-8.515022412179524,0.1595346826185149,-0.1764085432800886,-0.0843693033078684,1.5033075862129293,-0.765710567207861,-9.10700059234896,13.45,-632.15,-325.49,-16.14,-933.43,0.263789063146423,0.0,0.0,0.0,0.0,32,38,38,34,38,43,-213,-113,0,-350,12.7,12.7,12.6,12.5,12.3,-999,-999,-2.94,0.0,0.0,0.0
8.333566188812258,0.1457287966226819,-0.1257869612953675,-0.0582915186490727,1.5048415735457996,-0.6780224011286885,-8.515022412179524,0.1641366446171259,-0.1764085432800886,-0.0843693033078684,1.5033075862129293,-0.765710567207861,-9.10700059234896,0.0,-583.73,-306.66,-13.45,-933.43,0.263789063146423,0.0,0.0,0.0,0.0,32,38,38,34,38,43,-207,-107,-7,-350,12.7,12.7,12.6,12.5,12.3,-999,-999,-2.94,0.0,0.0,0.0
8.350492477416992,0.1503307586212929,-0.1257869612953675,-0.0582915186490727,1.5048415735457996,-0.6780224011286885,-8.515022412179524,0.1641366446171259,-0.1764085432800886,-0.0843693033078684,1.5033075862129293,-0.765710567207861,-9.10700059234896,0.0,-591.8,-309.35,-13.45,-933.43,0.263789063146423,0.0,0.0,0.0,0.0,32,38,38,35,38,50,-207,-107,-7,-350,12.7,12.7,12.1,12.4,12.4,-999,-999,-2.94,0.0,0.0,0.0
8.367791891098022,0.1549327206199039,-0.1257869612953675,-0.0582915186490727,1.5048415735457996,-0.6780224011286885,-8.515022412179524,0.1687386066157369,-0.1764085432800886,-0.0828353159749981,1.5033075862129293,-0.765710567207861,-9.10700059234896,5.38,-591.8,-290.52,-13.45,-930.74,0.263789063146423,0.0,0.0,0.0,0.0,32,38,38,35,38,50,-207,-100,-7,-350,12.8,12.7,12.6,12.4,12.4,-999,-999,-2.94,0.0,0.0,0.0
8.384644746780396,0.1595346826185149,-0.1257869612953675,-0.0582915186490727,1.5048415735457996,-0.6780224011286885,-8.515022412179524,0.1733405686143479,-0.1779425306129589,-0.0813013286421278,1.5033075862129293,-0.765710567207861,-9.10700059234896,51.11,-607.9399999999999,-269.0,-13.45,-933.43,0.263789063146423,0.0,0.0,0.0,0.0,32,38,38,35,38,50,-213,-94,-7,-356,12.8,12.7,12.6,12.5,12.2,-999,-999,-2.94,0.0,0.0,0.0
8.4018337726593,0.1641366446171259,-0.1257869612953675,-0.0582915186490727,1.5048415735457996,-0.6780224011286885,-8.515022412179524,0.1810105052786996,-0.1779425306129589,-0.0782333539763871,1.5033075862129293,-0.765710567207861,-9.10700059234896,51.11,-613.3199999999999,-252.86,-13.45,-933.43,0.263789063146423,0.0,0.0,0.0,0.0,33,38,38,35,38,50,-213,-88,-7,-350,12.8,12.6,12.6,12.5,12.4,-999,-999,-2.94,0.0,0.0,0.0
8.41954255104065,0.1702725939486073,-0.1257869612953675,-0.0582915186490727,1.5048415735457996,-0.6780224011286885,-8.515022412179524,0.1856124672773106,-0.1764085432800886,-0.0766993666435168,1.5033075862129293,-0.765710567207861,-9.10700059234896,2.69,-607.9399999999999,-234.03,-13.45,-930.74,0.263789063146423,0.0,0.0,0.0,0.0,33,38,38,35,38,43,-213,-82,-7,-350,12.8,12.7,12.6,12.5,12.3,-999,-999,-2.94,0.0,0.0,0.0
8.436837911605835,0.1733405686143479,-0.1257869612953675,-0.0582915186490727,1.5048415735457996,-0.6780224011286885,-8.515022412179524,0.1856124672773106,-0.1764085432800886,-0.0766993666435168,1.5033075862129293,-0.765710567207861,-9.10700059234896,5.38,-583.73,-217.89,-13.45,-930.74,0.263789063146423,0.0,0.0,0.0,0.0,33,38,38,35,38,43,-207,-75,-7,-350,12.7,12.7,12.6,12.4,12.4,-999,-999,-2.94,0.0,0.0,0.0
8.454532146453857,0.1779425306129589,-0.1257869612953675,-0.0582915186490727,1.5048415735457996,-0.6780224011286885,-8.515022412179524,0.1948163912745326,-0.1764085432800886,-0.0720974046449058,1.5033075862129293,-0.765710567207861,-9.10700059234896,0.0,-613.3199999999999,-204.44,-10.76,-933.43,0.263789063146423,0.0,0.0,0.0,0.0,33,38,38,35,38,43,-213,-69,-7,-350,12.8,12.6,12.6,12.5,12.4,-999,-999,-2.94,0.0,0.0,0.0
8.471472263336182,0.18254449261157,-0.1257869612953675,-0.0567575313162024,1.5048415735457996,-0.6780224011286885,-8.515022412179524,0.1948163912745326,-0.1764085432800886,-0.0720974046449058,1.5033075862129293,-0.765710567207861,-9.10700059234896,40.35,-581.04,-185.61,-13.45,-941.5,0.2398082392240208,0.0,0.0,0.0,0.0,33,37,38,35,38,112,-207,-57,-7,-350,12.8,12.7,12.6,12.5,12.4,-999,-999,-2.94,0.0,0.0,0.0
8.488543272018433,0.1871464546101809,-0.1257869612953675,-0.0567575313162024,1.5048415735457996,-0.6780224011286885,-8.515022412179524,0.2024863279388843,-0.1764085432800886,-0.0674954426462947,1.5033075862129293,-0.765710567207861,-9.10700059234896,0.0,-607.9399999999999,-199.06,-10.76,-930.74,0.2398082392240208,0.0,0.0,0.0,0.0,33,37,38,35,38,37,-213,-57,-7,-350,12.8,12.7,12.5,12.5,12.2,-999,-999,-2.94,0.0,0.0,0.0
8.505462408065798,0.191748416608792,-0.1257869612953675,-0.0567575313162024,1.5048415735457996,-0.6780224011286885,-8.515022412179524,0.2024863279388843,-0.1764085432800886,-0.0674954426462947,1.5033075862129293,-0.765710567207861,-9.10700059234896,43.04,-594.49,-196.37,-13.45,-930.74,0.2398082392240208,0.0,0.0,0.0,0.0,33,37,38,35,38,37,-207,-50,-7,-350,12.8,12.4,12.6,12.5,12.4,-999,-999,-2.94,0.0,0.0,0.0
8.522510528564453,0.1948163912745326,-0.1257869612953675,-0.055223543983332,1.5048415735457996,-0.6780224011286885,-8.515022412179524,0.2070882899374953,-0.1764085432800886,-0.0659614553134244,1.5033075862129293,-0.765710567207861,-9.10700059234896,8.07,-594.49,-164.09,-13.45,-930.74,0.2398082392240208,0.0,0.023980823922402,0.0,0.0,33,37,38,35,38,43,-207,-44,-7,-350,12.8,12.7,12.6,12.5,12.3,-999,-999,-2.94,0.0,0.0,0.0
8.539577007293701,0.1994183532731436,-0.1257869612953675,-0.0536895566504617,1.5048415735457996,-0.6780224011286885,-8.515022412179524,0.2116902519361063,-0.1779425306129589,-0.0644274679805541,1.5033075862129293,-0.765710567207861,-9.10700059234896,5.38,-607.9399999999999,-188.3,-10.76,-930.74,0.2398082392240208,0.0,0.0479616478448041,0.0,0.0,33,38,37,35,38,43,-213,-44,-7,-350,12.7,12.7,12.6,12.5,12.4,-999,-999,-2.94,0.0,0.0,0.0
8.557515621185303,0.2024863279388843,-0.1257869612953675,-0.050621581984721,1.5048415735457996,-0.6780224011286885,-8.515022412179524,0.219360188600458,-0.1764085432800886,-0.0598255059819431,1.5033075862129293,-0.765710567207861,-9.10700059234896,10.76,-607.9399999999999,-201.75,-13.45,-930.74,0.2398082392240208,0.0,0.0479616478448041,0.0,0.0,33,38,37,35,38,43,-213,-44,-7,-350,12.8,12.7,12.6,12.4,12.4,-999,-999,-2.94,0.0,0.0,0.0
8.574530839920044,0.2070882899374953,-0.1257869612953675,-0.04601961998611,1.5048415735457996,-0.6780224011286885,-8.515022412179524,0.2224281632661987,-0.1779425306129589,-0.0582915186490727,1.5033075862129293,-0.765710567207861,-9.10700059234896,53.8,-597.18,-201.75,-10.76,-930.74,0.2398082392240208,0.0,0.0719424717672062,0.0,0.0,33,38,37,35,38,105,-207,-50,-7,-356,12.8,12.7,12.6,12.4,12.4,-999,-999,-2.94,0.0,0.0,0.0
8.591919660568237,0.2116902519361063,-0.1257869612953675,-0.0444856326532397,1.5048415735457996,-0.6780224011286885,-8.515022412179524,0.2270301252648097,-0.1764085432800886,-0.0567575313162024,1.5033075862129293,-0.765710567207861,-9.10700059234896,8.07,-607.9399999999999,-196.37,-13.45,-928.05,0.2398082392240208,0.0,0.0959232956896083,0.0,0.0,33,37,37,35,38,37,-213,-50,-7,-350,12.8,12.7,12.6,12.5,12.4,-999,-999,-2.94,0.0,0.0,0.0
8.609471559524536,0.214758226601847,-0.1257869612953675,-0.0429516453203694,1.5048415735457996,-0.6780224011286885,-8.515022412179524,0.2270301252648097,-0.1764085432800886,-0.0567575313162024,1.5033075862129293,-0.765710567207861,-9.10700059234896,48.42,-591.8,-220.58,-13.45,-928.05,0.2158274153016187,0.0,0.1199041196120104,0.0,0.0,32,37,37,35,38,37,-207,-57,-7,-350,12.7,12.7,12.6,12.5,12.3,-999,-999,-2.94,0.0,0.0,0.0
8.626471042633057,0.219360188600458,-0.1257869612953675,-0.0398836706546287,1.5048415735457996,-0.6780224011286885,-8.515022412179524,0.2316320872634207,-0.1764085432800886,-0.055223543983332,1.5033075862129293,-0.765710567207861,-9.10700059234896,0.0,-591.8,-225.96,-13.45,-930.74,0.2158274153016187,0.0,0.1199041196120104,0.0,0.0,32,37,37,35,38,37,-207,-57,-7,-350,12.8,12.7,12.6,12.5,12.3,-999,-999,-2.94,0.0,0.0,0.0
8.643514156341553,0.223962150599069,-0.1257869612953675,-0.0383496833217584,1.5048415735457996,-0.6780224011286885,-8.515022412179524,0.2393020239277724,-0.1764085432800886,-0.0521555693175914,1.5033075862129293,-0.765710567207861,-9.10700059234896,0.0,-597.18,-207.13,-13.45,-930.74,0.2158274153016187,0.0,0.1199041196120104,0.0,0.0,32,37,37,35,38,31,-207,-57,-7,-356,12.8,12.7,12.1,12.4,12.3,-999,-999,-2.94,0.0,0.0,0.0
8.660476684570312,0.22856411259768,-0.1257869612953675,-0.036815695988888,1.5048415735457996,-0.6780224011286885,-8.515022412179524,0.2393020239277724,-0.1764085432800886,-0.0521555693175914,1.5033075862129293,-0.765710567207861,-9.10700059234896,18.83,-591.8,-182.92,-13.45,-928.05,0.2158274153016187,0.0,0.0959232956896083,0.0,0.0,32,37,37,35,38,37,-207,-57,-7,-350,12.8,12.7,12.5,12.5,12.4,-999,-999,-2.94,0.0,0.0,0.0
8.677468299865723,0.2316320872634207,-0.1257869612953675,-0.036815695988888,1.5048415735457996,-0.6780224011286885,-8.515022412179524,0.2439039859263834,-0.1764085432800886,-0.050621581984721,1.501773598880059,-0.765710567207861,-9.10700059234896,59.18,-591.8,-164.09,-16.14,-928.05,0.2158274153016187,0.0,0.0959232956896083,0.0,0.0,32,37,37,35,38,105,-207,-50,-7,-350,12.7,12.7,12.6,12.5,12.2,-999,-999,-2.94,0.0,0.0,0.0
8.694458723068237,0.2362340492620317,-0.1257869612953675,-0.0352817086560177,1.5048415735457996,-0.6780224011286885,-8.515022412179524,0.2531079099236054,-0.1748745559472183,-0.04601961998611,1.501773598880059,-0.765710567207861,-9.10700059234896,16.14,-567.59,-190.99,-16.14,-930.74,0.2158274153016187,0.0,0.0719424717672062,0.0,0.0,31,37,37,35,38,43,-200,-57,-13,-350,12.8,12.7,12.6,12.5,12.5,-999,-999,-2.94,0.0,0.0,0.0
8.71147608757019,0.2393020239277724,-0.1257869612953675,-0.0352817086560177,1.5048415735457996,-0.6780224011286885,-8.515022412179524,0.2531079099236054,-0.1748745559472183,-0.04601961998611,1.501773598880059,-0.765710567207861,-9.10700059234896,48.42,-554.14,-156.02,-16.14,-933.43,0.2158274153016187,0.0,0.0479616478448041,0.0,0.0,32,37,37,35,38,43,-194,-50,-13,-350,12.7,12.7,12.6,12.4,12.3,-999,-999,-2.94,0.0,0.0,0.0
8.728556871414185,0.2439039859263834,-0.1257869612953675,-0.0337477213231473,1.5048415735457996,-0.6780224011286885,-8.515022412179524,0.2561758845893461,-0.1748745559472183,-0.0444856326532397,1.5002396115471883,-0.765710567207861,-9.10700059234896,16.14,-554.14,-164.09,-53.8,-930.74,0.2158274153016187,0.0,0.0479616478448041,0.0,0.0,33,37,37,35,38,43,-194,-44,-19,-350,12.8,12.6,12.6,12.4,12.4,-999,-999,-2.94,0.0,0.0,0.0
8.745462894439697,0.2485059479249944,-0.1257869612953675,-0.032213733990277,1.5033075862129293,-0.6780224011286885,-8.515022412179524,0.2592438592550868,-0.1733405686143479,-0.0429516453203694,1.5002396115471883,-0.765710567207861,-9.10700059234896,18.83,-551.45,-180.23,-34.97,-928.05,0.2158274153016187,0.0,0.0479616478448041,0.0,0.0,33,37,37,36,38,37,-194,-44,-19,-350,12.7,12.7,12.7,12.4,12.4,-999,-999,-2.94,0.0,0.0,0.0
8.762879610061646,0.2515739225907351,-0.1257869612953675,-0.0306797466574067,1.5033075862129293,-0.6780224011286885,-8.515022412179524,0.2669137959194385,-0.1733405686143479,-0.041417657987499,1.4987056242143182,-0.765710567207861,-9.10700059234896,0.0,-551.45,-185.61,-59.18,-928.05,0.2158274153016187,0.0,0.0479616478448041,0.0,0.0,33,37,37,36,37,31,-194,-44,-25,-356,12.8,12.7,12.6,12.5,12.2,-999,-999,-2.94,0.0,0.0,0.0
8.780518054962156,0.2561758845893461,-0.1257869612953675,-0.027611771991666,1.5033075862129293,-0.6780224011286885,-8.515022412179524,0.2684477832523088,-0.1733405686143479,-0.0398836706546287,1.4987056242143182,-0.765710567207861,-9.10700059234896,0.0,-551.45,-199.06,-40.35,-928.05,0.2158274153016187,0.0,0.0719424717672062,0.0,0.0,32,37,37,36,38,37,-194,-57,-25,-350,12.8,12.7,12.5,12.4,12.4,-999,-999,-2.94,0.0,0.0,0.0
8.797446489334106,0.2592438592550868,-0.1257869612953675,-0.027611771991666,1.501773598880059,-0.6780224011286885,-8.515022412179524,0.2684477832523088,-0.1733405686143479,-0.0398836706546287,1.4987056242143182,-0.765710567207861,-9.10700059234896,2.69,-554.14,-164.09,-64.56,-925.36,0.2158274153016187,0.0,0.0719424717672062,-0.023980823922402,0.0,32,37,38,36,38,37,-194,-50,-25,-350,12.8,12.7,12.6,12.4,12.3,-999,-999,-2.94,0.0,0.0,0.0
8.814512968063354,0.2638458212536978,-0.1257869612953675,-0.0260777846587957,1.501773598880059,-0.6780224011286885,-8.515022412179524,0.2745837325837901,-0.1733405686143479,-0.036815695988888,1.4956376495485777,-0.765710567207861,-9.10700059234896,0.0,-554.14,-188.3,-59.18,-925.36,0.2158274153016187,0.0,0.0719424717672062,-0.023980823922402,0.0,32,38,38,36,38,25,-194,-50,-25,-350,12.7,12.7,12.6,12.5,12.4,-999,-999,-2.94,0.0,0.0,0.0
8.831874370574951,0.2669137959194385,-0.1257869612953675,-0.0245437973259253,1.5002396115471883,-0.6780224011286885,-8.515022412179524,0.2761177199166604,-0.1733405686143479,-0.036815695988888,1.4956376495485777,-0.765710567207861,-9.10700059234896,2.69,-548.76,-209.82,-51.11,-928.05,0.1918465913792167,0.0,0.0719424717672062,-0.023980823922402,0.0,32,38,38,36,38,25,-194,-50,-19,-350,12.8,12.7,12.6,12.5,12.2,-999,-999,-2.94,0.0,0.0,0.0
8.84951663017273,0.2715157579180495,-0.1257869612953675,-0.0214758226601847,1.5002396115471883,-0.6780224011286885,-8.515022412179524,0.2791856945824011,-0.1718065812814776,-0.0352817086560177,1.4956376495485777,-0.765710567207861,-9.10700059234896,-5.38,-554.14,-234.03,-51.11,-928.05,0.1918465913792167,0.0,0.0719424717672062,-0.023980823922402,0.0,32,38,38,36,38,18,-194,-63,-19,-350,12.8,12.7,12.6,12.4,12.4,-999,-999,-2.94,0.0,0.0,0.0
8.866525888442993,0.2730497452509198,-0.1257869612953675,-0.0199418353273143,1.5002396115471883,-0.6780224011286885,-8.515022412179524,0.2807196819152714,-0.1718065812814776,-0.0337477213231473,1.4941036622157071,-0.765710567207861,-9.10700059234896,45.73,-529.93,-180.23,-61.87,-928.05,0.1678657674568146,0.0,0.0959232956896083,-0.023980823922402,0.0,33,38,38,36,38,87,-188,-63,-19,-350,12.8,12.6,12.6,12.5,12.3,-999,-999,-2.94,0.0,0.0,0.0
8.883458614349365,0.2745837325837901,-0.1257869612953675,-0.0199418353273143,1.5002396115471883,-0.6780224011286885,-8.515022412179524,0.2807196819152714,-0.1718065812814776,-0.0337477213231473,1.4941036622157071,-0.765710567207861,-9.10700059234896,0.0,-535.31,-169.47,-75.32,-925.36,0.1438849435344125,0.0,0.0719424717672062,-0.023980823922402,0.0,33,38,38,36,38,25,-188,-57,-25,-350,12.8,12.7,12.6,12.5,12.3,-999,-999,-2.94,0.0,0.0,0.0
8.900486469268799,0.2776517072495308,-0.1257869612953675,-0.0214758226601847,1.5002396115471883,-0.6780224011286885,-8.515022412179524,0.2853216439138825,-0.1718065812814776,-0.032213733990277,1.4941036622157071,-0.765710567207861,-9.10700059234896,10.76,-535.31,-169.47,-78.01,-909.22,0.1438849435344125,0.0,0.0719424717672062,0.0,0.0,32,38,38,36,38,18,-188,-57,-25,-343,12.8,12.7,12.6,12.5,12.3,-999,-999,-2.94,0.0,0.0,0.0
8.918478012084961,0.2791856945824011,-0.1257869612953675,-0.0199418353273143,1.5002396115471883,-0.6780224011286885,-8.515022412179524,0.2868556312467528,-0.1718065812814776,-0.0306797466574067,1.492569674882837,-0.7641765798749907,-9.09742100877243,8.07,-538.0,-142.57,-61.87,-925.36,0.1199041196120104,0.0,0.023980823922402,0.0,0.0,32,38,38,36,38,25,-188,-50,-25,-350,12.8,12.7,12.6,12.5,12.4,-999,-999,-2.94,0.0,0.0,0.0
8.935465574264526,0.2822536692481418,-0.1257869612953675,-0.0199418353273143,1.4987056242143182,-0.6780224011286885,-8.515022412179524,0.2883896185796232,-0.1702725939486073,-0.0291457593245363,1.492569674882837,-0.765710567207861,-9.10700059234896,21.52,-535.31,-126.43,-51.11,-909.22,0.1199041196120104,0.0,0.0,0.0,0.0,33,38,38,36,38,25,-188,-44,-25,-343,12.8,12.8,12.6,12.5,12.4,-999,-999,-2.94,0.0,0.0,0.0
8.952556371688843,0.2822536692481418,-0.1257869612953675,-0.018407847994444,1.4971716368814478,-0.6780224011286885,-8.515022412179524,0.2914575932453638,-0.1718065812814776,-0.027611771991666,1.4910356875499666,-0.7641765798749907,-9.09742100877243,24.21,-513.79,-158.71,-43.04,-928.05,0.1199041196120104,0.0,0.0,0.0,0.0,33,38,38,36,38,25,-182,-38,-19,-350,12.8,12.7,12.6,12.4,12.4,-999,-999,-2.94,0.0,0.0,0.0
8.969714164733887,0.2853216439138825,-0.1257869612953675,-0.0168738606615736,1.4971716368814478,-0.6780224011286885,-8.515022412179524,0.2914575932453638,-0.1718065812814776,-0.027611771991666,1.4910356875499666,-0.7641765798749907,-9.09742100877243,10.76,-538.0,-156.02,-40.35,-914.6,0.0959232956896083,0.0,0.0,-0.023980823922402,0.0,33,38,38,35,38,18,-188,-44,-25,-343,12.7,12.7,12.6,12.5,12.3,-999,-999,-2.94,0.0,0.0,0.0
8.986754894256594,0.2868556312467528,-0.1257869612953675,-0.0153398733287033,1.4956376495485777,-0.6780224011286885,-8.515022412179524,0.2929915805782341,-0.1702725939486073,-0.0260777846587957,1.4895017002170965,-0.7641765798749907,-9.09742100877243,18.83,-519.17,-182.92,-43.04,-909.22,0.0959232956896083,0.0,0.023980823922402,-0.0479616478448041,0.0,33,38,38,35,38,25,-182,-44,-25,-343,12.8,12.7,12.6,12.5,12.4,-999,-999,-2.94,0.0,0.0,0.0
9.003487586975098,0.2883896185796232,-0.1257869612953675,-0.0122718986629626,1.4941036622157071,-0.6780224011286885,-8.515022412179524,0.2945255679111045,-0.1702725939486073,-0.023009809993055,1.487967712884226,-0.7641765798749907,-9.09742100877243,10.76,-521.86,-204.44,-40.35,-909.22,0.0959232956896083,0.0,0.0479616478448041,-0.0479616478448041,0.0,33,38,38,35,38,18,-182,-44,-25,-343,12.8,12.7,12.1,12.5,12.5,-999,-999,-2.94,0.0,0.0,0.0
9.0204861164093,0.2914575932453638,-0.1257869612953675,-0.0107379113300923,1.492569674882837,-0.6780224011286885,-8.515022412179524,0.2991275299097155,-0.1702725939486073,-0.0199418353273143,1.4833657508856148,-0.765710567207861,-9.10700059234896,21.52,-519.17,-196.37,-53.8,-909.22,0.0959232956896083,0.0,0.0959232956896083,-0.0479616478448041,0.0,33,38,38,35,38,18,-182,-44,-25,-343,12.8,12.3,12.6,12.5,12.3,-999,-999,-2.94,0.0,0.0,0.0
9.037431716918945,0.2929915805782341,-0.1257869612953675,-0.0076699366643516,1.492569674882837,-0.6780224011286885,-8.515022412179524,0.3006615172425858,-0.1687386066157369,-0.0168738606615736,1.4818317635527445,-0.7641765798749907,-9.09742100877243,5.38,-519.17,-215.2,-67.25,-922.67,0.1199041196120104,0.0,0.0959232956896083,-0.0479616478448041,0.0,33,38,38,35,38,18,-182,-50,-38,-350,12.8,12.7,12.6,12.4,12.4,-999,-999,-2.94,0.0,0.0,0.0
9.054440259933473,0.2945255679111045,-0.1257869612953675,-0.004601961998611,1.4895017002170965,-0.6780224011286885,-8.515022412179524,0.3021955045754562,-0.1672046192828666,-0.013805885995833,1.478763788887004,-0.7641765798749907,-9.09742100877243,-5.38,-500.34,-234.03,-78.01,-911.91,0.0959232956896083,0.0,0.1199041196120104,-0.0479616478448041,0.0,33,38,38,36,38,18,-175,-57,-44,-343,12.7,12.7,12.5,12.4,12.4,-999,-999,-2.94,0.0,0.0,0.0
9.071788549423216,0.2975935425768451,-0.1257869612953675,-0.0030679746657406,1.487967712884226,-0.6780224011286885,-8.515022412179524,0.3021955045754562,-0.1672046192828666,-0.013805885995833,1.478763788887004,-0.7641765798749907,-9.09742100877243,5.38,-468.06,-223.27,-69.94,-909.22,0.0959232956896083,0.0,0.1438849435344125,-0.0719424717672062,0.0,33,38,38,36,38,18,-169,-50,-38,-350,12.6,12.7,12.6,12.5,12.4,-999,-999,-2.94,0.0,0.0,0.0
9.089428901672363,0.2975935425768451,-0.1257869612953675,0.0015339873328703,1.4864337255513556,-0.6780224011286885,-8.515022412179524,0.3037294919083265,-0.1656706319499963,-0.009203923997222,1.4726278395555226,-0.7641765798749907,-9.09742100877243,0.0,-481.51,-242.1,-72.63,-906.53,0.0959232956896083,0.0,0.1438849435344125,-0.0719424717672062,0.0,33,38,38,36,38,18,-169,-57,-44,-343,12.8,12.6,12.6,12.5,12.4,-999,-999,-2.94,0.0,0.0,0.0
9.106481075286865,0.2991275299097155,-0.1257869612953675,0.0030679746657406,1.4833657508856148,-0.6780224011286885,-8.515022412179524,0.3052634792411968,-0.1641366446171259,-0.0061359493314813,1.469559864889782,-0.7641765798749907,-9.09742100877243,5.38,-459.99,-236.72,-83.39,-906.53,0.0959232956896083,0.0,0.1438849435344125,-0.0959232956896083,0.0,33,37,38,35,38,18,-163,-57,-44,-343,12.7,12.7,12.5,12.5,12.4,-999,-999,-2.94,0.0,0.0,0.0
9.123406171798704,0.3021955045754562,-0.1242529739624972,0.004601961998611,1.4802977762198744,-0.6780224011286885,-8.515022412179524,0.3052634792411968,-0.1641366446171259,-0.0030679746657406,1.4649579028911708,-0.765710567207861,-9.10700059234896,8.07,-441.16,-180.23,-80.7,-906.53,0.0959232956896083,0.0,0.1438849435344125,-0.0959232956896083,0.0,33,37,37,36,38,12,-157,-50,-50,-343,12.8,12.5,12.7,12.5,12.5,-999,-999,-2.94,0.0,0.0,0.0
9.140444993972778,0.3037294919083265,-0.1257869612953675,0.0076699366643516,1.478763788887004,-0.6780224011286885,-8.515022412179524,0.3067974665740672,-0.1626026572842556,0.0,1.4618899282254303,-0.7641765798749907,-9.09742100877243,-8.07,-449.23,-182.92,-88.77,-922.67,0.0959232956896083,0.0,0.1438849435344125,-0.1199041196120104,0.0,33,37,37,36,38,6,-157,-44,-57,-350,12.8,12.7,12.6,12.5,12.0,-999,-999,-2.94,0.0,0.0,0.0
9.157439231872559,0.3037294919083265,-0.1257869612953675,0.009203923997222,1.4756958142212633,-0.6780224011286885,-8.515022412179524,0.3067974665740672,-0.1626026572842556,0.0,1.4618899282254303,-0.7641765798749907,-9.09742100877243,21.52,-425.02,-190.99,-61.87,-909.22,0.0719424717672062,0.0,0.1199041196120104,-0.1199041196120104,0.0,33,37,37,35,38,12,-150,-44,-57,-343,12.8,12.7,12.6,12.5,12.2,-999,-999,-2.94,0.0,0.0,0.0
9.174452543258667,0.3037294919083265,-0.1257869612953675,0.0122718986629626,1.4710938522226522,-0.6780224011286885,-8.515022412179524,0.3098654412398078,-0.1610686699513852,0.0061359493314813,1.4542199915610785,-0.7641765798749907,-9.09742100877243,-2.69,-411.57,-196.37,-59.18,-909.22,0.0719424717672062,0.0,0.0959232956896083,-0.1438849435344125,0.0,33,37,38,35,38,12,-144,-38,-57,-343,12.9,12.7,12.7,12.5,12.4,-999,-999,-2.94,0.0,0.0,0.0
9.191410303115845,0.3052634792411968,-0.1257869612953675,0.013805885995833,1.4664918902240411,-0.6780224011286885,-8.515022412179524,0.3113994285726782,-0.1610686699513852,0.009203923997222,1.4480840422295973,-0.7641765798749907,-9.09742100877243,-32.28,-411.57,-169.47,-48.42,-906.53,0.0479616478448041,0.0,0.0959232956896083,-0.1678657674568146,0.0,33,37,38,36,38,18,-144,-38,-50,-343,12.8,12.8,12.7,12.5,12.3,-999,-999,-2.94,0.0,0.0,0.0
9.210407733917236,0.3067974665740672,-0.1257869612953675,0.0168738606615736,1.4634239155583006,-0.6780224011286885,-8.515022412179524,0.3113994285726782,-0.1595346826185149,0.0122718986629626,1.4450160675638566,-0.765710567207861,-9.10700059234896,18.83,-411.57,-177.54,-56.49,-906.53,0.0479616478448041,0.0,0.1199041196120104,-0.1918465913792167,0.0,33,37,38,36,38,18,-144,-32,-57,-343,12.8,12.7,12.6,12.5,12.4,-999,-999,-2.94,0.0,0.0,0.0
9.227695941925049,0.3083314539069375,-0.1257869612953675,0.0214758226601847,1.4588219535596896,-0.6780224011286885,-8.515022412179524,0.3113994285726782,-0.1595346826185149,0.0122718986629626,1.4450160675638566,-0.765710567207861,-9.10700059234896,10.76,-387.36,-215.2,-61.87,-922.67,0.0479616478448041,0.0,0.1438849435344125,-0.2158274153016187,0.0,33,37,38,36,38,12,-138,-44,-57,-350,12.8,12.7,12.6,12.5,12.3,-999,-999,-2.94,0.0,0.0,0.0
9.245474576950073,0.3083314539069375,-0.1257869612953675,0.0245437973259253,1.4557539788939489,-0.6780224011286885,-8.515022412179524,0.3129334159055486,-0.1564667079527743,0.0199418353273143,1.434278156233764,-0.7641765798749907,-9.09742100877243,16.14,-368.53,-188.3,-96.84,-922.67,0.0479616478448041,0.0,0.1678657674568146,-0.2158274153016187,0.0,33,37,38,36,38,12,-132,-1,-82,-350,12.8,12.7,12.6,12.5,12.3,-999,-999,-2.94,0.0,0.0,0.0
9.262432098388674,0.3098654412398078,-0.1257869612953675,0.027611771991666,1.4511520168953378,-0.6780224011286885,-8.515022412179524,0.3144674032384189,-0.1549327206199039,0.023009809993055,1.4281422069022829,-0.7641765798749907,-9.09742100877243,-10.76,-352.39,-228.65,-88.77,-906.53,0.0479616478448041,0.0,0.1678657674568146,-0.2158274153016187,0.0,33,37,38,36,38,6,-125,-38,-69,-343,12.8,12.7,12.7,12.5,12.4,-999,-999,-2.94,0.0,0.0,0.0
9.27975845336914,0.3113994285726782,-0.1257869612953675,0.0306797466574067,1.4450160675638566,-0.6780224011286885,-8.515022412179524,0.3144674032384189,-0.1549327206199039,0.023009809993055,1.4281422069022829,-0.7641765798749907,-9.09742100877243,29.59,-336.25,-242.1,-86.08,-909.22,0.0479616478448041,0.0,0.1918465913792167,-0.2158274153016187,0.0,33,37,38,36,38,12,-119,-44,-69,-343,12.8,12.6,12.7,12.5,12.5,-999,-999,-2.94,0.0,0.0,0.0
9.297450542449951,0.3129334159055486,-0.1257869612953675,0.0352817086560177,1.4404141055652455,-0.6780224011286885,-8.515022412179524,0.3144674032384189,-0.1533987332870336,0.0291457593245363,1.4189382829050607,-0.7641765798749907,-9.09742100877243,-16.14,-320.11,-234.03,-64.56,-906.53,0.0479616478448041,0.0,0.1918465913792167,-0.2158274153016187,0.0,33,37,38,36,38,6,-113,-44,-69,-343,12.8,12.7,12.6,12.5,12.4,-999,-999,-2.94,0.0,0.0,0.0
9.314458608627321,0.3129334159055486,-0.1257869612953675,0.0398836706546287,1.4358121435666344,-0.6780224011286885,-8.515022412179524,0.3144674032384189,-0.1503307586212929,0.032213733990277,1.4128023335735795,-0.7641765798749907,-9.09742100877243,-5.38,-330.87,-250.17,-88.77,-906.53,0.0479616478448041,0.0,0.2158274153016187,-0.2398082392240208,0.0,33,38,38,36,38,6,-113,-44,-69,-343,12.8,12.7,12.7,12.5,12.5,-999,-999,-2.94,0.0,0.0,0.0
9.331487655639648,0.3129334159055486,-0.1257869612953675,0.0429516453203694,1.4327441689008935,-0.6780224011286885,-8.515022412179524,0.3144674032384189,-0.1503307586212929,0.0352817086560177,1.4082003715749685,-0.765710567207861,-9.10700059234896,0.0,-274.38,-242.1,-88.77,-911.91,0.0479616478448041,0.0,0.2158274153016187,-0.2398082392240208,0.0,33,38,38,36,38,6,-100,-50,-69,-343,12.8,12.7,12.7,12.5,12.3,-999,-999,-2.94,0.0,0.0,0.0
9.348489999771116,0.3129334159055486,-0.1257869612953675,0.0444856326532397,1.4266082195694123,-0.6780224011286885,-8.515022412179524,0.3144674032384189,-0.1487967712884225,0.0383496833217584,1.4035984095763574,-0.7641765798749907,-9.09742100877243,0.0,-279.76,-207.13,-99.53,-928.05,0.023980823922402,0.0,0.2158274153016187,-0.2398082392240208,0.0,33,37,38,36,38,6,-94,-44,-75,-350,12.8,12.7,12.7,12.6,12.5,-999,-999,-2.94,0.0,0.0,0.0
9.365483522415161,0.3129334159055486,-0.1242529739624972,0.0490875946518507,1.4220062575708017,-0.6780224011286885,-8.515022412179524,0.3160013905712892,-0.1472627839555522,0.0398836706546287,1.3989964475777463,-0.7641765798749907,-9.09742100877243,0.0,-271.69,-217.89,-104.91,-906.53,0.0,0.0,0.1918465913792167,-0.2398082392240208,0.0,33,37,38,36,38,0,-94,-50,-75,-343,12.8,12.7,12.7,12.5,12.3,-999,-999,-2.94,0.0,0.0,0.0
9.382482528686525,0.3129334159055486,-0.1242529739624972,0.0521555693175914,1.41587030823932,-0.6780224011286885,-8.515022412179524,0.3160013905712892,-0.1457287966226819,0.0444856326532397,1.3943944855791357,-0.765710567207861,-9.10700059234896,21.52,-252.86,-220.58,-94.15,-906.53,0.0,0.0,0.1918465913792167,-0.2398082392240208,0.0,33,37,38,36,38,12,-88,-50,-75,-343,12.8,12.7,12.7,12.6,12.4,-999,-999,-2.94,0.0,0.0,0.0
9.399475336074829,0.3129334159055486,-0.1257869612953675,0.0536895566504617,1.4097343589078388,-0.6780224011286885,-8.515022412179524,0.3160013905712892,-0.1457287966226819,0.04601961998611,1.3897925235805244,-0.7641765798749907,-9.09742100877243,-10.76,-244.79,-212.51,-61.87,-925.36,0.0,0.0,0.1678657674568146,-0.263789063146423,0.0,33,37,38,36,38,6,-88,-50,-69,-350,12.8,12.7,12.6,12.5,12.5,-999,-999,-2.94,0.0,0.0,0.0
9.41647458076477,0.3129334159055486,-0.1257869612953675,0.0567575313162024,1.406666384242098,-0.6780224011286885,-8.515022412179524,0.3160013905712892,-0.1441948092898116,0.0490875946518507,1.3867245489147837,-0.7641765798749907,-9.09742100877243,8.07,-239.41,-212.51,-80.7,-906.53,0.0,0.0,0.1678657674568146,-0.263789063146423,0.0,33,37,38,36,38,12,-82,-44,-69,-343,12.8,12.7,12.7,12.5,12.4,-999,-999,-2.94,0.0,0.0,0.0
9.433630228042603,0.3144674032384189,-0.1242529739624972,0.0598255059819431,1.400530434910617,-0.6780224011286885,-8.515022412179524,0.3160013905712892,-0.1441948092898116,0.0490875946518507,1.3867245489147837,-0.7641765798749907,-9.09742100877243,5.38,-207.13,-220.58,-43.04,-906.53,0.0,0.0,0.1678657674568146,-0.287769887068825,0.0,33,37,37,36,38,6,-75,-50,-63,-343,12.8,12.8,12.7,12.6,12.4,-999,-999,-2.94,0.0,0.0,0.0
9.451439857482908,0.3144674032384189,-0.1257869612953675,0.0628934806476837,1.3974624602448762,-0.6780224011286885,-8.515022412179524,0.3160013905712892,-0.1426608219569412,0.055223543983332,1.3775206249175618,-0.765710567207861,-9.10700059234896,0.0,-201.75,-196.37,-78.01,-922.67,0.0,0.0,0.1438849435344125,-0.287769887068825,0.0,33,37,37,36,38,6,-69,-44,-82,-350,12.8,12.5,12.7,12.5,12.5,-999,-999,-2.94,0.0,0.0,0.0
9.468682050704956,0.3144674032384189,-0.1242529739624972,0.0659614553134244,1.3928604982462651,-0.6780224011286885,-8.515022412179524,0.3160013905712892,-0.1426608219569412,0.055223543983332,1.3775206249175618,-0.765710567207861,-9.10700059234896,0.0,-225.96,-220.58,-64.56,-922.67,0.0,0.0,0.1438849435344125,-0.263789063146423,0.0,33,37,37,36,38,6,-75,-50,-63,-350,12.8,12.7,12.7,12.6,12.4,-999,-999,-2.94,0.0,0.0,0.0
9.486429691314697,0.3144674032384189,-0.1227189866296268,0.0690294299791651,1.388258536247654,-0.6780224011286885,-8.515022412179524,0.3160013905712892,-0.1411268346240709,0.0582915186490727,1.3713846755860803,-0.765710567207861,-9.10700059234896,0.0,-220.58,-223.27,-67.25,-906.53,0.0,0.0,0.1438849435344125,-0.263789063146423,0.0,33,37,37,36,38,0,-75,-50,-57,-343,12.8,12.7,12.7,12.5,12.4,-999,-999,-2.94,0.0,0.0,0.0
9.50442051887512,0.3129334159055486,-0.1227189866296268,0.0720974046449058,1.383656574249043,-0.6780224011286885,-8.515022412179524,0.3144674032384189,-0.1380588599583302,0.0613594933148134,1.36985068825321,-0.7641765798749907,-9.09742100877243,2.69,-209.82,-215.2,-56.49,-919.98,0.0,0.023980823922402,0.1438849435344125,-0.2398082392240208,0.0,33,37,37,36,38,6,-69,-50,-57,-350,12.8,12.7,12.7,12.5,12.5,-999,-999,-2.94,0.0,0.0,0.0
9.521428108215332,0.3144674032384189,-0.1227189866296268,0.0736313919777761,1.3805885995833025,-0.6780224011286885,-8.515022412179524,0.3144674032384189,-0.1380588599583302,0.0644274679805541,1.3667827135874693,-0.7641765798749907,-9.09742100877243,0.0,-158.71,-231.34,-53.8,-906.53,0.0,0.023980823922402,0.1438849435344125,-0.2398082392240208,0.0,33,38,37,36,38,0,-63,-57,-44,-343,12.8,12.7,12.8,12.5,12.5,-999,-999,-2.94,0.0,0.0,0.0
9.538509130477905,0.3144674032384189,-0.1211849992967565,0.0751653793106464,1.3775206249175618,-0.6780224011286885,-8.515022412179524,0.3144674032384189,-0.1365248726254599,0.0659614553134244,1.3637147389217288,-0.765710567207861,-9.10700059234896,0.0,-242.1,-239.41,-69.94,-906.53,0.0,0.023980823922402,0.1438849435344125,-0.2158274153016187,0.0,33,37,37,36,38,0,-63,-57,-50,-343,12.8,12.8,12.7,12.5,12.4,-999,-999,-2.94,0.0,0.0,0.0
9.556508541107176,0.3144674032384189,-0.1196510119638862,0.0766993666435168,1.374452650251821,-0.6780224011286885,-8.515022412179524,0.3144674032384189,-0.1349908852925895,0.0674954426462947,1.3621807515888584,-0.7641765798749907,-9.09742100877243,0.0,-236.72,-207.13,-67.25,-919.98,0.0,0.023980823922402,0.1438849435344125,-0.1918465913792167,0.0,33,38,37,36,38,0,-69,-50,-44,-350,12.8,12.8,12.7,12.5,12.5,-999,-999,-2.94,0.0,0.0,0.0
9.573726654052734,0.3144674032384189,-0.1181170246310158,0.0797673413092574,1.3713846755860803,-0.6780224011286885,-8.515022412179524,0.3144674032384189,-0.1349908852925895,0.0674954426462947,1.3621807515888584,-0.7641765798749907,-9.09742100877243,0.0,-209.82,-220.58,-72.63,-906.53,0.0,0.0479616478448041,0.1199041196120104,-0.1678657674568146,0.0,33,37,37,36,38,0,-69,-57,-44,-343,12.8,12.8,12.7,12.6,12.4,-999,-999,-2.94,0.0,0.0,0.0
9.590515851974487,0.3144674032384189,-0.1181170246310158,0.0813013286421278,1.36985068825321,-0.6780224011286885,-8.515022412179524,0.3144674032384189,-0.1334568979597192,0.0674954426462947,1.3621807515888584,-0.7641765798749907,-9.09742100877243,0.0,-199.06,-225.96,-37.66,-906.53,0.0,0.0479616478448041,0.1199041196120104,-0.1678657674568146,0.0,33,37,37,36,38,6,-63,-63,-32,-343,12.8,12.8,12.7,12.4,12.5,-999,-999,-2.94,0.0,0.0,0.0
9.607746839523315,0.3144674032384189,-0.1165830372981455,0.0828353159749981,1.3683167009203396,-0.6780224011286885,-8.515022412179524,0.3144674032384189,-0.1334568979597192,0.0690294299791651,1.3591127769231175,-0.7641765798749907,-9.09742100877243,0.0,-225.96,-209.82,-67.25,-906.53,0.0,0.0719424717672062,0.1199041196120104,-0.1438849435344125,0.0,33,37,37,36,38,0,-69,-69,-38,-343,12.8,12.8,12.7,12.5,12.4,-999,-999,-2.94,0.0,0.0,0.0
9.624749422073364,0.3144674032384189,-0.1150490499652752,0.0828353159749981,1.3667827135874693,-0.6780224011286885,-8.515022412179524,0.3144674032384189,-0.1319229106268489,0.0690294299791651,1.3591127769231175,-0.7641765798749907,-9.09742100877243,0.0,-236.72,-204.44,-61.87,-903.84,0.0,0.0479616478448041,0.0959232956896083,-0.1199041196120104,0.0,33,37,37,35,38,6,-69,-69,-32,-343,12.8,12.8,12.7,12.6,12.4,-999,-999,-2.94,0.0,0.0,0.0
9.641679286956787,0.3144674032384189,-0.1135150626324048,0.0828353159749981,1.3652487262545991,-0.6780224011286885,-8.515022412179524,0.3144674032384189,-0.1319229106268489,0.0705634173120354,1.3591127769231175,-0.7641765798749907,-9.09742100877243,0.0,-247.48,-182.92,-67.25,-909.22,0.0,0.0479616478448041,0.0719424717672062,-0.0959232956896083,0.0,33,37,37,35,38,0,-75,-63,-32,-343,12.8,12.8,12.7,12.5,12.5,-999,-999,-2.94,0.0,0.0,0.0
9.659472465515137,0.3144674032384189,-0.1135150626324048,0.0828353159749981,1.3652487262545991,-0.6780224011286885,-8.515022412179524,0.3144674032384189,-0.1303889232939785,0.0705634173120354,1.3575787895902474,-0.765710567207861,-9.10700059234896,0.0,-223.27,-201.75,-64.56,-903.84,0.0,0.0479616478448041,0.0479616478448041,-0.0719424717672062,0.0,33,37,37,35,38,6,-69,-63,-32,-343,12.8,12.8,12.7,12.6,12.4,-999,-999,-2.94,0.0,0.0,0.0
9.676396608352661,0.3144674032384189,-0.1119810752995345,0.0843693033078684,1.3637147389217288,-0.6780224011286885,-8.515022412179524,0.3144674032384189,-0.1288549359611082,0.0705634173120354,1.356044802257377,-0.7641765798749907,-9.09742100877243,0.0,-212.51,-174.85,-45.73,-922.67,0.0,0.0479616478448041,0.023980823922402,-0.0719424717672062,0.0,33,37,37,35,38,6,-75,-63,-25,-350,12.8,12.9,12.7,12.5,12.5,-999,-999,-2.94,0.0,0.0,0.0
9.693412065505981,0.3144674032384189,-0.1119810752995345,0.0828353159749981,1.3621807515888584,-0.6780224011286885,-8.515022412179524,0.3144674032384189,-0.1288549359611082,0.0705634173120354,1.356044802257377,-0.7641765798749907,-9.09742100877243,0.0,-164.09,-177.54,-45.73,-906.53,0.0,0.0479616478448041,0.023980823922402,-0.0479616478448041,0.0,33,37,37,35,38,0,-69,-63,-25,-343,12.8,12.8,12.7,12.6,12.4,-999,-999,-2.94,0.0,0.0,0.0
9.710464239120485,0.3129334159055486,-0.1119810752995345,0.0843693033078684,1.3621807515888584,-0.6780224011286885,-8.515022412179524,0.3144674032384189,-0.1273209486282379,0.0705634173120354,1.356044802257377,-0.765710567207861,-9.10700059234896,0.0,-180.23,-180.23,-51.11,-906.53,0.0,0.023980823922402,0.0,-0.0479616478448041,0.0,33,37,38,35,38,0,-63,-63,-25,-343,12.8,12.7,12.7,12.5,12.5,-999,-999,-2.94,0.0,0.0,0.0
9.727689743041992,0.3144674032384189,-0.1119810752995345,0.0843693033078684,1.3621807515888584,-0.6780224011286885,-8.515022412179524,0.3144674032384189,-0.1273209486282379,0.0705634173120354,1.356044802257377,-0.765710567207861,-9.10700059234896,0.0,-172.16,-177.54,-51.11,-922.67,0.0,0.023980823922402,0.0,-0.0479616478448041,0.0,33,37,38,35,38,0,-63,-63,-25,-350,12.8,12.8,12.7,12.6,12.4,-999,-999,-2.94,0.0,0.0,0.0
9.744772672653196,0.3144674032384189,-0.1119810752995345,0.0843693033078684,1.360646764255988,-0.6780224011286885,-8.515022412179524,0.3129334159055486,-0.1242529739624972,0.0705634173120354,1.356044802257377,-0.765710567207861,-9.10700059234896,0.0,-188.3,-177.54,-59.18,-906.53,0.0,0.0,0.0,-0.0479616478448041,0.0,33,38,38,36,38,0,-57,-57,-19,-343,12.8,12.7,12.6,12.6,12.2,-999,-999,-2.94,0.0,0.0,0.0
9.761717319488525,0.3144674032384189,-0.1104470879666641,0.0828353159749981,1.360646764255988,-0.6780224011286885,-8.515022412179524,0.3129334159055486,-0.1242529739624972,0.0705634173120354,1.356044802257377,-0.765710567207861,-9.10700059234896,0.0,-190.99,-172.16,-56.49,-919.98,0.0,0.0,0.0,-0.023980823922402,0.0,33,38,38,36,38,0,-57,-57,-19,-350,12.8,12.8,12.7,12.5,12.5,-999,-999,-2.94,0.0,0.0,0.0
9.779433250427244,0.3144674032384189,-0.1104470879666641,0.0828353159749981,1.360646764255988,-0.6780224011286885,-8.515022412179524,0.3129334159055486,-0.1227189866296268,0.0705634173120354,1.356044802257377,-0.765710567207861,-9.10700059234896,0.0,-161.4,-174.85,-45.73,-922.67,0.0,0.0,0.0,-0.023980823922402,0.0,33,38,38,36,38,-7,-50,-57,-19,-350,12.8,12.8,12.6,12.6,12.4,-999,-999,-2.94,0.0,0.0,0.0
9.796748399734497,0.3144674032384189,-0.1089131006337938,0.0843693033078684,1.360646764255988,-0.6780224011286885,-8.515022412179524,0.3129334159055486,-0.1227189866296268,0.0705634173120354,1.356044802257377,-0.765710567207861,-9.10700059234896,0.0,-177.54,-177.54,-45.73,-922.67,0.0,0.023980823922402,0.0,0.0,0.0,33,38,38,35,38,-7,-57,-63,-13,-350,12.8,12.8,12.6,12.5,12.3,-999,-999,-2.94,0.0,0.0,0.0
9.814412832260134,0.3129334159055486,-0.1073791133009235,0.0843693033078684,1.360646764255988,-0.6780224011286885,-8.515022412179524,0.3113994285726782,-0.1211849992967565,0.0705634173120354,1.356044802257377,-0.7641765798749907,-9.09742100877243,0.0,-188.3,-174.85,-32.28,-903.84,0.0,0.023980823922402,0.0,0.0,0.0,33,38,38,36,38,0,-50,-63,-13,-343,12.8,12.8,12.7,12.6,12.5,-999,-999,-2.94,0.0,0.0,0.0
9.831382274627686,0.3129334159055486,-0.1058451259680531,0.0828353159749981,1.360646764255988,-0.6764884137958181,-8.503833414502017,0.3113994285726782,-0.1196510119638862,0.0705634173120354,1.356044802257377,-0.7641765798749907,-9.09742100877243,16.14,-223.27,-172.16,-48.42,-903.84,0.0,0.0479616478448041,0.0,0.0,0.0,33,37,38,36,38,-13,-63,-57,-13,-343,12.8,12.8,12.6,12.6,12.4,-999,-999,-2.94,0.0,0.0,0.0
9.848420858383179,0.3129334159055486,-0.1043111386351828,0.0843693033078684,1.360646764255988,-0.6780224011286885,-8.515022412179524,0.3129334159055486,-0.1181170246310158,0.0705634173120354,1.356044802257377,-0.765710567207861,-9.10700059234896,10.76,-215.2,-172.16,-48.42,-903.84,0.0,0.0479616478448041,0.0,0.0,0.0,33,37,38,36,38,-7,-63,-63,-19,-343,12.8,12.8,12.9,12.4,12.5,-999,-999,-2.94,0.0,0.0,0.0
9.86542797088623,0.3129334159055486,-0.1043111386351828,0.0828353159749981,1.3591127769231175,-0.6780224011286885,-8.515022412179524,0.3113994285726782,-0.1165830372981455,0.0705634173120354,1.356044802257377,-0.7641765798749907,-9.09742100877243,5.38,-201.75,-174.85,-29.59,-919.98,0.0,0.0719424717672062,0.0,0.0,0.0,33,37,38,36,38,-7,-63,-63,-19,-350,12.8,12.8,12.6,12.5,12.5,-999,-999,-999.0,0.0,0.0,0.0
9.882418394088745,0.3129334159055486,-0.1012431639694421,0.0843693033078684,1.3591127769231175,-0.6780224011286885,-8.515022412179524,0.3129334159055486,-0.1135150626324048,0.0705634173120354,1.356044802257377,-0.765710567207861,-9.10700059234896,8.07,-193.68,-177.54,-40.35,-903.84,0.0,0.0719424717672062,0.0,0.0,0.0,33,37,37,36,38,-7,-63,-57,-19,-343,12.8,12.7,12.7,12.5,12.4,-999,-999,-999.0,0.0,0.0,0.0
9.899466037750244,0.3129334159055486,-0.1012431639694421,0.0843693033078684,1.3591127769231175,-0.6780224011286885,-8.515022412179524,0.3129334159055486,-0.1119810752995345,0.0705634173120354,1.356044802257377,-0.7641765798749907,-9.09742100877243,2.69,-217.89,-177.54,-32.28,-919.98,0.0,0.0719424717672062,0.0,0.0,0.0,33,37,37,36,38,0,-57,-63,-13,-350,12.8,12.8,12.7,12.5,12.5,-999,-999,-999.0,0.0,0.0,0.0
9.916466474533081,0.3144674032384189,-0.0981751893037015,0.0843693033078684,1.3591127769231175,-0.6780224011286885,-8.515022412179524,0.3129334159055486,-0.1119810752995345,0.0705634173120354,1.356044802257377,-0.7641765798749907,-9.09742100877243,-5.38,-220.58,-180.23,-45.73,-906.53,0.0,0.0719424717672062,0.0,0.0,0.0,33,37,38,36,38,-7,-57,-63,-13,-343,12.8,12.8,12.7,12.6,12.4,-999,-999,-999.0,0.0,0.0,0.0
9.933753967285156,0.3129334159055486,-0.0966412019708311,0.0843693033078684,1.360646764255988,-0.6780224011286885,-8.515022412179524,0.3113994285726782,-0.1104470879666641,0.0705634173120354,1.356044802257377,-0.7641765798749907,-9.09742100877243,0.0,-239.41,-177.54,-48.42,-903.84,0.0,0.0719424717672062,0.0,0.0,0.0,33,37,38,36,38,0,-69,-57,-19,-343,12.8,12.7,12.6,12.6,12.5,-999,-999,-999.0,0.0,0.0,0.0
9.950613975524902,0.3129334159055486,-0.0935732273050904,0.0843693033078684,1.3591127769231175,-0.6780224011286885,-8.515022412179524,0.3113994285726782,-0.1104470879666641,0.0705634173120354,1.356044802257377,-0.7641765798749907,-9.09742100877243,8.07,-215.2,-177.54,-18.83,-903.84,0.0,0.0959232956896083,0.0,0.0,0.0,33,37,38,36,38,-7,-63,-57,-13,-343,12.8,12.7,12.7,12.5,12.5,-999,-999,-999.0,0.0,0.0,0.0
9.967576742172241,0.3129334159055486,-0.0935732273050904,0.0843693033078684,1.3591127769231175,-0.6780224011286885,-8.515022412179524,0.3113994285726782,-0.1089131006337938,0.0705634173120354,1.356044802257377,-0.7641765798749907,-9.09742100877243,2.69,-217.89,-180.23,-29.59,-903.84,0.0,0.0959232956896083,0.0,0.0,0.0,33,37,38,36,38,-7,-63,-63,-19,-343,12.8,12.8,12.7,12.6,12.3,-999,-999,-999.0,0.0,0.0,0.0
9.984804630279541,0.3129334159055486,-0.0920392399722201,0.0843693033078684,1.3591127769231175,-0.6780224011286885,-8.515022412179524,0.3113994285726782,-0.1073791133009235,0.0705634173120354,1.3545108149245066,-0.765710567207861,-9.10700059234896,0.0,-217.89,-174.85,-53.8,-919.98,0.0,0.0959232956896083,0.0,0.0,0.0,33,37,38,36,38,-7,-63,-63,-19,-350,12.8,12.7,12.7,12.6,12.5,-999,-999,-999.0,0.0,0.0,0.0
10.00240421295166,0.3129334159055486,-0.0905052526393498,0.0828353159749981,1.3591127769231175,-0.6780224011286885,-8.515022412179524,0.3113994285726782,-0.1073791133009235,0.0705634173120354,1.3545108149245066,-0.765710567207861,-9.10700059234896,0.0,-231.34,-172.16,-61.87,-919.98,0.0,0.0719424717672062,0.0,0.0,0.0,33,37,38,36,38,-7,-69,-63,-19,-350,12.8,12.8,12.7,12.6,12.4,-999,-999,-999.0,0.0,0.0,0.0
10.019396543502808,0.3129334159055486,-0.0889712653064794,0.0843693033078684,1.3591127769231175,-0.6780224011286885,-8.515022412179524,0.3113994285726782,-0.1058451259680531,0.0705634173120354,1.3529768275916365,-0.765710567207861,-9.10700059234896,0.0,-209.82,-177.54,-64.56,-917.29,0.0,0.0719424717672062,0.0,0.0,0.0,33,37,38,36,38,-7,-63,-63,-25,-350,12.8,12.8,12.7,12.6,12.5,-999,-999,-999.0,0.0,0.0,0.0
10.036445617675781,0.3129334159055486,-0.0874372779736091,0.0843693033078684,1.3575787895902474,-0.6780224011286885,-8.515022412179524,0.3113994285726782,-0.1058451259680531,0.0705634173120354,1.3499088529258958,-0.7641765798749907,-9.09742100877243,0.0,-234.03,-177.54,-86.08,-901.15,0.0,0.0719424717672062,0.0,0.0,0.0,33,37,38,36,38,-7,-69,-63,-32,-343,12.8,12.7,12.7,12.6,12.4,-999,-999,-999.0,0.0,0.0,0.0
10.053444862365723,0.3129334159055486,-0.0859032906407388,0.0843693033078684,1.356044802257377,-0.6780224011286885,-8.515022412179524,0.3113994285726782,-0.1043111386351828,0.0705634173120354,1.3483748655930254,-0.7641765798749907,-9.09742100877243,-5.38,-242.1,-174.85,-61.87,-901.15,0.0,0.0719424717672062,0.0,0.0,0.0,33,37,38,36,38,-7,-82,-63,-32,-343,12.8,12.7,12.7,12.6,12.5,-999,-999,-999.0,0.0,0.0,0.0
10.070688724517822,0.3129334159055486,-0.0859032906407388,0.0828353159749981,1.356044802257377,-0.6780224011286885,-8.515022412179524,0.3113994285726782,-0.1043111386351828,0.0705634173120354,1.3483748655930254,-0.7641765798749907,-9.09742100877243,-2.69,-217.89,-174.85,-48.42,-903.84,0.0,0.0719424717672062,0.0,-0.023980823922402,0.0,33,37,38,36,38,0,-75,-57,-32,-343,12.8,12.8,12.7,12.6,12.4,-999,-999,-999.0,0.0,0.0,0.0
10.088420152664185,0.3129334159055486,-0.0859032906407388,0.0843693033078684,1.3545108149245066,-0.6780224011286885,-8.515022412179524,0.3129334159055486,-0.1027771513023125,0.0705634173120354,1.346840878260155,-0.7641765798749907,-9.09742100877243,-5.38,-223.27,-177.54,-37.66,-917.29,0.0,0.0479616478448041,0.0,-0.0479616478448041,0.0,33,37,38,36,38,0,-75,-63,-25,-350,12.8,12.8,12.7,12.6,12.3,-999,-999,-999.0,0.0,0.0,0.0
10.105434894561768,0.3113994285726782,-0.0859032906407388,0.0843693033078684,1.3529768275916365,-0.6780224011286885,-8.515022412179524,0.3129334159055486,-0.1027771513023125,0.0705634173120354,1.346840878260155,-0.7641765798749907,-9.09742100877243,-5.38,-220.58,-177.54,-45.73,-903.84,0.0,0.023980823922402,0.0,-0.0479616478448041,0.0,33,38,38,36,38,6,-69,-57,-25,-343,12.8,12.8,12.7,12.6,12.4,-999,-999,-999.0,0.0,0.0,0.0
10.122416496276855,0.3129334159055486,-0.0843693033078684,0.0843693033078684,1.351442840258766,-0.6780224011286885,-8.515022412179524,0.3129334159055486,-0.1012431639694421,0.0705634173120354,1.3453068909272847,-0.7641765798749907,-9.09742100877243,-5.38,-204.44,-177.54,-53.8,-903.84,0.0,0.023980823922402,0.0,-0.0479616478448041,0.0,33,37,38,36,38,6,-69,-57,-25,-343,12.8,12.8,12.7,12.6,12.5,-999,-999,-999.0,0.0,0.0,0.0
10.139434099197388,0.3113994285726782,-0.0843693033078684,0.0843693033078684,1.351442840258766,-0.6780224011286885,-8.515022412179524,0.3129334159055486,-0.0997091766365718,0.0705634173120354,1.3437729035944144,-0.765710567207861,-9.10700059234896,-5.38,-199.06,-174.85,-53.8,-901.15,0.0,0.023980823922402,0.0,-0.0479616478448041,0.0,33,37,38,36,38,6,-69,-57,-25,-343,12.8,12.8,12.7,12.5,12.5,-999,-999,-999.0,0.0,0.0,0.0
10.156479597091675,0.3129334159055486,-0.0843693033078684,0.0843693033078684,1.3499088529258958,-0.6780224011286885,-8.515022412179524,0.3129334159055486,-0.0981751893037015,0.0705634173120354,1.3437729035944144,-0.7641765798749907,-9.09742100877243,-5.38,-182.92,-177.54,-48.42,-917.29,0.0,0.023980823922402,0.0,-0.0479616478448041,0.0,33,37,38,36,38,6,-63,-63,-25,-350,12.8,12.7,12.7,12.6,12.4,-999,-999,-999.0,0.0,0.0,0.0
10.173384189605713,0.3113994285726782,-0.0843693033078684,0.0828353159749981,1.3483748655930254,-0.6780224011286885,-8.515022412179524,0.3129334159055486,-0.0981751893037015,0.0705634173120354,1.3437729035944144,-0.7641765798749907,-9.09742100877243,-5.38,-209.82,-177.54,-48.42,-906.53,0.0,0.023980823922402,0.0,-0.0479616478448041,0.0,33,37,38,36,38,6,-57,-63,-19,-343,12.8,12.8,12.7,12.5,12.4,-999,-999,-999.0,0.0,0.0,0.0
10.190419912338257,0.3113994285726782,-0.0813013286421278,0.0843693033078684,1.3483748655930254,-0.6780224011286885,-8.515022412179524,0.3129334159055486,-0.0966412019708311,0.0705634173120354,1.3407049289286737,-0.7641765798749907,-9.09742100877243,-5.38,-236.72,-177.54,-53.8,-914.6,0.0,0.023980823922402,0.0,-0.0479616478448041,0.0,33,37,38,36,38,0,-69,-63,-25,-350,12.8,12.8,12.7,12.5,12.4,-999,-999,-999.0,0.0,0.0,0.0
10.207390069961548,0.3113994285726782,-0.0797673413092574,0.0843693033078684,1.346840878260155,-0.6780224011286885,-8.515022412179524,0.3129334159055486,-0.0966412019708311,0.0705634173120354,1.3407049289286737,-0.765710567207861,-9.10700059234896,-5.38,-231.34,-177.54,-48.42,-901.15,0.0,0.023980823922402,0.0,-0.0479616478448041,0.0,33,37,38,36,38,6,-69,-57,-25,-343,12.8,12.7,12.4,12.6,12.3,-999,-999,-999.0,0.0,0.0,0.0
10.224644422531128,0.3129334159055486,-0.0797673413092574,0.0843693033078684,1.3453068909272847,-0.6780224011286885,-8.515022412179524,0.3129334159055486,-0.0966412019708311,0.0705634173120354,1.3407049289286737,-0.765710567207861,-9.10700059234896,-5.38,-215.2,-180.23,-34.97,-914.6,0.0,0.0479616478448041,0.0,-0.0479616478448041,0.0,33,37,38,36,38,6,-69,-63,-25,-350,12.8,12.8,12.7,12.5,12.4,-999,-999,-999.0,0.0,0.0,0.0
10.242453336715698,0.3113994285726782,-0.0782333539763871,0.0828353159749981,1.3453068909272847,-0.6780224011286885,-8.515022412179524,0.3113994285726782,-0.0935732273050904,0.0705634173120354,1.337636954262933,-0.7641765798749907,-9.09742100877243,0.0,-242.1,-177.54,-43.04,-901.15,0.0,0.0479616478448041,0.0,-0.0479616478448041,0.0,33,37,38,36,38,6,-69,-63,-25,-343,12.8,12.8,12.7,12.5,12.4,-999,-999,-999.0,0.0,0.0,0.0
10.259392023086548,0.3129334159055486,-0.0766993666435168,0.0843693033078684,1.3437729035944144,-0.6780224011286885,-8.515022412179524,0.3113994285726782,-0.0920392399722201,0.0705634173120354,1.337636954262933,-0.7641765798749907,-9.09742100877243,0.0,-220.58,-177.54,-53.8,-898.46,0.0,0.0479616478448041,0.0,-0.0479616478448041,0.0,33,37,37,35,37,0,-13,-63,-25,-343,12.8,12.8,12.6,12.5,12.4,-999,-999,-999.0,0.0,0.0,0.0
10.276437759399414,0.3113994285726782,-0.0736313919777761,0.0843693033078684,1.3437729035944144,-0.6780224011286885,-8.515022412179524,0.3113994285726782,-0.0905052526393498,0.0705634173120354,1.337636954262933,-0.7641765798749907,-9.09742100877243,-2.69,-255.55,-172.16,-59.18,-898.46,0.0,0.0719424717672062,0.0,-0.0479616478448041,0.0,33,37,37,35,38,0,-75,-63,-25,-343,12.8,12.7,12.7,12.6,12.4,-999,-999,-999.0,0.0,0.0,0.0
10.293441534042358,0.3113994285726782,-0.0720974046449058,0.0843693033078684,1.342238916261544,-0.6780224011286885,-8.515022412179524,0.3113994285726782,-0.0905052526393498,0.0705634173120354,1.337636954262933,-0.7641765798749907,-9.09742100877243,-5.38,-236.72,-177.54,-64.56,-901.15,0.0,0.0719424717672062,0.0,-0.0479616478448041,0.0,33,38,37,35,38,0,-75,-57,-25,-350,12.8,12.8,12.7,12.5,12.5,-999,-999,-999.0,0.0,0.0,0.0
10.310388088226318,0.3113994285726782,-0.0705634173120354,0.0843693033078684,1.342238916261544,-0.6780224011286885,-8.515022412179524,0.3113994285726782,-0.0889712653064794,0.0705634173120354,1.3361029669300626,-0.7641765798749907,-9.09742100877243,-5.38,-244.79,-174.85,-43.04,-898.46,0.0,0.0959232956896083,0.0,-0.0479616478448041,0.0,33,38,38,35,38,0,-75,-57,-19,-343,12.8,12.8,12.7,12.6,12.3,-999,-999,-999.0,0.0,0.0,0.0
10.327409982681274,0.3113994285726782,-0.0690294299791651,0.0828353159749981,1.342238916261544,-0.6780224011286885,-8.515022412179524,0.3113994285726782,-0.0874372779736091,0.0705634173120354,1.3361029669300626,-0.7626425925421203,-9.087814728589592,-5.38,-250.17,-177.54,-51.11,-898.46,0.0,0.0959232956896083,0.0,-0.023980823922402,0.0,33,38,38,35,38,0,-82,-63,-25,-343,12.8,12.8,12.7,12.6,12.3,-999,-999,-999.0,0.0,0.0,0.0
10.344707250595093,0.3113994285726782,-0.0690294299791651,0.0828353159749981,1.3407049289286737,-0.6780224011286885,-8.515022412179524,0.3113994285726782,-0.0874372779736091,0.0705634173120354,1.3361029669300626,-0.7626425925421203,-9.087814728589592,-2.69,-207.13,-177.54,-48.42,-885.01,0.0,0.0719424717672062,0.0,-0.023980823922402,0.0,33,38,38,35,38,0,-75,-57,-19,-337,12.8,12.7,12.7,12.6,12.5,-999,-999,-999.0,0.0,0.0,0.0
10.361754417419434,0.3113994285726782,-0.0690294299791651,0.0843693033078684,1.3407049289286737,-0.6780224011286885,-8.515022412179524,0.3113994285726782,-0.0874372779736091,0.0705634173120354,1.3345689795971922,-0.76110860520925,-9.078181701509546,-5.38,-215.2,-177.54,-78.01,-868.87,0.0,0.0479616478448041,0.0,-0.023980823922402,0.0,33,38,38,35,38,0,-69,-63,-38,-331,12.8,12.8,12.7,12.6,12.4,-999,-999,-999.0,0.0,0.0,0.0
10.379335641860962,0.3113994285726782,-0.0690294299791651,0.0843693033078684,1.3391709415958033,-0.6780224011286885,-8.515022412179524,0.3113994285726782,-0.0859032906407388,0.0705634173120354,1.3345689795971922,-0.7595746178763797,-9.068521877147557,-5.38,-207.13,-180.23,-64.56,-855.42,0.0,0.023980823922402,0.0,-0.023980823922402,0.0,33,38,38,35,38,0,-69,-63,-25,-325,12.8,12.8,12.7,12.5,12.3,-999,-999,-999.0,0.0,0.0,0.0
10.396397113800049,0.3113994285726782,-0.0690294299791651,0.0843693033078684,1.3391709415958033,-0.6780224011286885,-8.515022412179524,0.3113994285726782,-0.0843693033078684,0.0705634173120354,1.333034992264322,-0.7595746178763797,-9.068521877147557,-2.69,-196.37,-172.16,-59.18,-855.42,0.0,0.023980823922402,0.0,-0.023980823922402,0.0,33,38,37,35,38,0,-69,-57,-25,-325,12.8,12.8,12.7,12.5,12.4,-999,-999,-999.0,0.0,0.0,0.0
10.413490533828735,0.3113994285726782,-0.0690294299791651,0.0828353159749981,1.337636954262933,-0.6780224011286885,-8.515022412179524,0.3113994285726782,-0.0843693033078684,0.0705634173120354,1.333034992264322,-0.7595746178763797,-9.068521877147557,-2.69,-180.23,-177.54,-48.42,-852.73,0.0,0.0,0.0,-0.023980823922402,0.0,33,38,37,35,37,-7,-63,-57,-25,-325,12.8,12.8,12.7,12.6,12.5,-999,-999,-999.0,0.0,0.0,0.0
10.430707454681396,0.3113994285726782,-0.0690294299791651,0.0843693033078684,1.337636954262933,-0.6780224011286885,-8.515022412179524,0.3113994285726782,-0.0828353159749981,0.0705634173120354,1.333034992264322,-0.7595746178763797,-9.068521877147557,-5.38,-164.09,-174.85,-45.73,-852.73,0.0,0.0,0.0,-0.023980823922402,0.0,33,38,38,35,37,0,-57,-57,-19,-325,12.8,12.8,12.7,12.5,12.4,-999,-999,-999.0,0.0,0.0,0.0
10.44736909866333,0.3113994285726782,-0.0690294299791651,0.0828353159749981,1.3361029669300626,-0.6764884137958181,-8.503833414502017,0.3113994285726782,-0.0828353159749981,0.0705634173120354,1.3315010049314515,-0.7595746178763797,-9.068521877147557,-5.38,-172.16,-174.85,-51.11,-855.42,0.0,0.0,0.0,-0.023980823922402,0.0,33,37,38,35,37,0,-57,-57,-19,-325,12.8,12.8,12.7,12.6,12.5,-999,-999,-999.0,0.0,0.0,0.0
10.464362382888794,0.3113994285726782,-0.0690294299791651,0.0828353159749981,1.3361029669300626,-0.6780224011286885,-8.515022412179524,0.3113994285726782,-0.0813013286421278,0.0690294299791651,1.3299670175985814,-0.7595746178763797,-9.068521877147557,-5.38,-142.57,-177.54,-56.49,-855.42,0.0,0.0,0.0,-0.023980823922402,0.0,33,37,38,35,38,0,-50,-57,-25,-325,12.8,12.8,12.7,12.5,12.4,-999,-999,-999.0,0.0,0.0,0.0
10.481394290924072,0.3113994285726782,-0.0674954426462947,0.0828353159749981,1.3361029669300626,-0.6780224011286885,-8.515022412179524,0.3113994285726782,-0.0813013286421278,0.0705634173120354,1.3299670175985814,-0.7595746178763797,-9.068521877147557,-5.38,-188.3,-212.51,-61.87,-852.73,0.0,0.0,0.0,-0.023980823922402,0.0,33,37,38,36,38,-7,-50,-69,-19,-325,12.8,12.8,12.6,12.6,12.4,-999,-999,-999.0,0.0,0.0,0.0
10.498427629470825,0.3113994285726782,-0.0659614553134244,0.0828353159749981,1.3345689795971922,-0.6780224011286885,-8.515022412179524,0.3113994285726782,-0.0813013286421278,0.0705634173120354,1.3299670175985814,-0.7580406305435093,-9.058835205025392,-5.38,-207.13,-190.99,-64.56,-852.73,0.0,0.023980823922402,0.0,-0.023980823922402,0.0,33,37,38,36,37,0,-57,-63,-19,-325,12.8,12.7,12.7,12.5,12.5,-999,-999,-999.0,0.0,0.0,0.0
10.515415668487549,0.3113994285726782,-0.0644274679805541,0.0828353159749981,1.3345689795971922,-0.6780224011286885,-8.515022412179524,0.3113994285726782,-0.0813013286421278,0.0705634173120354,1.3299670175985814,-0.7580406305435093,-9.058835205025392,-5.38,-223.27,-177.54,-51.11,-836.59,0.0,0.0479616478448041,0.0,-0.023980823922402,0.0,33,37,38,36,37,0,-63,-57,-19,-318,12.8,12.8,12.7,12.5,12.4,-999,-999,-999.0,0.0,0.0,0.0
10.532400846481323,0.3113994285726782,-0.0628934806476837,0.0828353159749981,1.3345689795971922,-0.6780224011286885,-8.515022412179524,0.3113994285726782,-0.0797673413092574,0.0705634173120354,1.3299670175985814,-0.7580406305435093,-9.058835205025392,-2.69,-228.65,-174.85,-45.73,-836.59,0.0,0.0719424717672062,0.0,-0.023980823922402,0.0,33,37,37,35,37,0,-69,-63,-19,-318,12.8,12.8,12.7,12.6,12.3,-999,-999,-999.0,0.0,0.0,0.0
10.549389600753784,0.3113994285726782,-0.0613594933148134,0.0828353159749981,1.3345689795971922,-0.6780224011286885,-8.515022412179524,0.3113994285726782,-0.0797673413092574,0.0705634173120354,1.3299670175985814,-0.7580406305435093,-9.058835205025392,-2.69,-239.41,-180.23,-51.11,-833.9,0.0,0.0719424717672062,0.0,-0.023980823922402,0.0,33,37,37,35,37,0,-75,-63,-19,-318,12.8,12.8,12.7,12.6,12.4,-999,-999,-999.0,0.0,0.0,0.0
10.56641411781311,0.3113994285726782,-0.0613594933148134,0.0843693033078684,1.3345689795971922,-0.6780224011286885,-8.515022412179524,0.3113994285726782,-0.0797673413092574,0.0705634173120354,1.328433030265711,-0.7565066432106391,-9.049121634571694,0.0,-244.79,-174.85,-64.56,-820.4499999999999,0.0,0.0719424717672062,0.0,0.0,0.0,33,37,37,35,38,-7,-75,-63,-19,-312,12.8,12.8,12.7,12.1,12.4,-999,-999,-999.0,0.0,0.0,0.0
10.583391666412354,0.3113994285726782,-0.0598255059819431,0.0843693033078684,1.3345689795971922,-0.6780224011286885,-8.515022412179524,0.3098654412398078,-0.0782333539763871,0.0705634173120354,1.3299670175985814,-0.7565066432106391,-9.049121634571694,0.0,-234.03,-180.23,-67.25,-820.4499999999999,0.0,0.0719424717672062,0.0,0.0,0.0,33,38,37,35,39,0,-82,-63,-25,-312,12.8,12.8,12.6,12.5,12.5,-999,-999,-999.0,0.0,0.0,0.0
10.600699186325073,0.3113994285726782,-0.0598255059819431,0.0843693033078684,1.333034992264322,-0.6780224011286885,-8.515022412179524,0.3098654412398078,-0.0782333539763871,0.0705634173120354,1.3299670175985814,-0.7565066432106391,-9.049121634571694,0.0,-215.2,-174.85,-56.49,-820.4499999999999,0.0,0.0479616478448041,0.0,0.0,0.0,34,38,37,35,38,-7,-75,-63,-19,-312,12.8,12.8,12.7,12.6,12.5,-999,-999,-999.0,0.0,0.0,0.0
10.618377685546875,0.3113994285726782,-0.0598255059819431,0.0843693033078684,1.333034992264322,-0.6780224011286885,-8.515022412179524,0.3113994285726782,-0.0766993666435168,0.0705634173120354,1.3299670175985814,-0.7534386685448984,-9.029613595920646,0.0,-228.65,-177.54,-45.73,-804.31,0.0,0.023980823922402,0.0,0.0,0.0,33,37,37,36,38,0,-69,-63,-19,-306,12.8,12.8,12.7,12.6,12.4,-999,-999,-999.0,0.0,0.0,0.0
10.635363817214966,0.3098654412398078,-0.0598255059819431,0.0843693033078684,1.3345689795971922,-0.6780224011286885,-8.515022412179524,0.3113994285726782,-0.0766993666435168,0.0705634173120354,1.3299670175985814,-0.7534386685448984,-9.029613595920646,-5.38,-225.96,-180.23,-34.97,-788.17,0.0,0.0,0.0,0.0,0.0,33,37,37,36,37,0,-69,-63,-13,-300,12.8,12.8,12.6,12.6,12.5,-999,-999,-999.0,0.0,0.0,0.0
10.65267038345337,0.3113994285726782,-0.0598255059819431,0.0828353159749981,1.3345689795971922,-0.6780224011286885,-8.515022412179524,0.3113994285726782,-0.0751653793106464,0.0705634173120354,1.3299670175985814,-0.7503706938791577,-9.009997354774168,0.0,-188.3,-177.54,-43.04,-755.89,0.0,0.0,0.0,0.0,0.0,33,37,37,36,39,0,-63,-63,-19,-287,12.8,12.8,12.7,12.6,12.6,-999,-999,-999.0,0.0,0.0,0.0
10.670347213745117,0.3113994285726782,-0.0582915186490727,0.0843693033078684,1.3345689795971922,-0.6780224011286885,-8.515022412179524,0.3113994285726782,-0.0736313919777761,0.0705634173120354,1.3299670175985814,-0.7442347445476764,-8.970438631989804,0.0,-217.89,-177.54,-40.35,-726.3,0.0,0.0,0.0,0.0,0.0,33,37,37,36,38,0,-63,-63,-13,-275,12.8,12.8,12.7,12.6,12.6,-999,-999,-999.0,0.0,0.0,0.0
10.687401533126831,0.3113994285726782,-0.0582915186490727,0.0828353159749981,1.333034992264322,-0.6780224011286885,-8.515022412179524,0.3113994285726782,-0.0736313919777761,0.0705634173120354,1.3299670175985814,-0.7396327825490654,-8.940482514136589,0.0,-204.44,-174.85,-43.04,-694.02,0.0,0.0,0.0,0.0,0.0,33,37,37,36,37,0,-63,-57,-19,-262,12.8,12.8,12.7,12.6,12.6,-999,-999,-999.0,0.0,0.0,0.0
10.70441746711731,0.3098654412398078,-0.0582915186490727,0.0843693033078684,1.333034992264322,-0.6780224011286885,-8.515022412179524,0.3113994285726782,-0.0736313919777761,0.0705634173120354,1.3299670175985814,-0.7396327825490654,-8.940482514136589,0.0,-188.3,-174.85,-32.28,-648.29,0.0,0.0,0.0,0.0,0.0,33,37,37,36,38,6,-63,-57,-13,-243,12.8,12.8,12.7,12.7,12.6,-999,-999,-999.0,0.0,0.0,0.0
10.721482515335083,0.3098654412398078,-0.0567575313162024,0.0843693033078684,1.333034992264322,-0.6780224011286885,-8.515022412179524,0.3113994285726782,-0.0720974046449058,0.0705634173120354,1.3299670175985814,-0.7350308205504543,-8.91027878487503,0.0,-153.32999999999998,-180.23,-29.59,-610.63,0.0,0.023980823922402,0.0,0.0,0.0,33,37,38,36,38,6,-7,-57,-19,-231,12.8,12.8,12.8,12.8,12.6,-999,-999,-999.0,0.0,0.0,0.0
10.738467454910278,0.3098654412398078,-0.0567575313162024,0.0828353159749981,1.333034992264322,-0.6780224011286885,-8.515022412179524,0.3113994285726782,-0.0720974046449058,0.0705634173120354,1.3299670175985814,-0.7304288585518433,-8.87982604464021,0.0,-260.93,-180.23,-18.83,-567.59,0.0,0.023980823922402,0.0,0.0,0.0,33,37,38,36,38,12,-119,-57,-13,-212,12.9,12.8,12.8,12.7,12.6,-999,-999,-999.0,0.0,0.0,0.0
10.75562310218811,0.3083314539069375,-0.055223543983332,0.0843693033078684,1.333034992264322,-0.6780224011286885,-8.515022412179524,0.3113994285726782,-0.0705634173120354,0.0705634173120354,1.3299670175985814,-0.7242929092203619,-8.838832608421368,-2.69,-247.48,-174.85,-29.59,-505.72,-0.023980823922402,0.023980823922402,0.0,0.0,0.0,33,37,38,36,38,12,-63,-63,-13,-187,12.9,12.8,12.8,12.7,12.5,-999,-999,-999.0,0.0,0.0,0.0
10.773370742797852,0.3098654412398078,-0.0521555693175914,0.0843693033078684,1.333034992264322,-0.6780224011286885,-8.515022412179524,0.3113994285726782,-0.0690294299791651,0.0705634173120354,1.328433030265711,-0.7135549978902695,-8.766012764165096,0.0,-266.31,-180.23,-72.63,-443.85,-0.023980823922402,0.0479616478448041,0.0,0.0,0.0,33,37,38,36,38,12,-75,-57,-25,-162,12.9,12.8,12.8,12.7,12.6,-999,-999,-999.0,0.0,0.0,0.0
10.790351152420044,0.3098654412398078,-0.050621581984721,0.0828353159749981,1.333034992264322,-0.6780224011286885,-8.515022412179524,0.3113994285726782,-0.0690294299791651,0.0705634173120354,1.328433030265711,-0.7135549978902695,-8.766012764165096,0.0,-260.93,-177.54,-67.25,-392.74,0.0,0.0719424717672062,0.0,0.0,0.0,33,37,38,36,38,12,-75,-57,-19,-143,12.9,12.8,12.8,12.7,12.6,-999,-999,-999.0,0.0,0.0,0.0
10.807401895523071,0.3098654412398078,-0.0490875946518507,0.0828353159749981,1.333034992264322,-0.6780224011286885,-8.515022412179524,0.3113994285726782,-0.0674954426462947,0.0705634173120354,1.3299670175985814,-0.6997491118944366,-8.67033960281835,-5.38,-274.38,-182.92,-18.83,-336.25,0.0,0.0719424717672062,0.0,0.0,0.0,33,37,38,36,38,6,-75,-63,-13,-118,12.9,12.8,12.8,12.7,12.6,-999,-999,-999.0,0.0,0.0,0.0
10.824786186218262,0.3098654412398078,-0.0490875946518507,0.0828353159749981,1.333034992264322,-0.6764884137958181,-8.503833414502017,0.3113994285726782,-0.0674954426462947,0.0705634173120354,1.3299670175985814,-0.6905451878972146,-8.60526006970582,-2.69,-258.24,-177.54,-16.14,-271.69,0.0,0.0719424717672062,0.0,0.0,0.0,33,37,38,36,38,6,-82,-57,-13,-87,12.9,12.9,12.8,12.8,12.7,-999,-999,-999.0,0.0,0.0,0.0
10.842363119125366,0.3098654412398078,-0.0475536073189804,0.0843693033078684,1.333034992264322,-0.6764884137958181,-8.503833414502017,0.3113994285726782,-0.0659614553134244,0.0705634173120354,1.328433030265711,-0.6828752512328629,-8.550224356364243,-2.69,-255.55,-180.23,-16.14,-242.1,0.0,0.0719424717672062,0.0,0.0,0.0,33,38,38,36,38,6,-88,-57,-13,-62,12.9,12.9,12.9,12.8,12.7,-999,-999,-999.0,0.0,0.0,0.0
10.859344244003296,0.3098654412398078,-0.04601961998611,0.0828353159749981,1.333034992264322,-0.6734204391300775,-8.481366234460927,0.3113994285726782,-0.0659614553134244,0.0705634173120354,1.3299670175985814,-0.6736713272356409,-8.483207993231359,-2.69,-231.34,-177.54,-64.56,-247.48,0.0,0.0719424717672062,0.0,0.0,0.023980823922402,33,38,37,36,38,6,-75,-63,-19,-43,13.0,12.9,12.9,12.8,12.7,-999,-999,-999.0,0.0,0.0,0.0
10.876382827758789,0.3098654412398078,-0.04601961998611,0.0843693033078684,1.333034992264322,-0.6688184771314665,-8.447441677401207,0.3113994285726782,-0.0644274679805541,0.0705634173120354,1.3299670175985814,-0.6644674032384188,-8.415118431557929,0.0,-231.34,-180.23,-21.52,-172.16,0.0,0.0479616478448041,0.0,0.0,0.0719424717672062,33,38,37,36,38,6,-75,-63,-13,-18,12.9,12.9,12.8,12.7,12.7,-999,-999,-999.0,0.0,0.0,0.0
10.893415689468384,0.3098654412398078,-0.04601961998611,0.0843693033078684,1.333034992264322,-0.6657505024657259,-8.42467547129959,0.3113994285726782,-0.0644274679805541,0.0705634173120354,1.3299670175985814,-0.6644674032384188,-8.415118431557929,0.0,-217.89,-182.92,-16.14,-123.74,0.0,0.023980823922402,0.0,0.0,0.1199041196120104,33,38,37,36,38,6,-75,-63,-13,0,12.9,12.9,12.8,12.8,12.7,-999,-999,-999.0,0.0,0.0,0.0
10.910381317138672,0.3083314539069375,-0.04601961998611,0.0828353159749981,1.333034992264322,-0.6611485404671148,-8.390300303928607,0.3113994285726782,-0.0644274679805541,0.0705634173120354,1.3299670175985814,-0.6552634792411969,-8.345943741504687,0.0,-236.72,-174.85,-16.14,-126.43,0.0,0.023980823922402,0.0,0.0,0.1678657674568146,33,37,37,36,38,6,-75,-57,-13,19,12.9,12.9,12.9,12.8,12.8,-999,-999,-999.0,0.0,0.0,0.0
10.927690029144287,0.3098654412398078,-0.04601961998611,0.0843693033078684,1.3345689795971922,-0.6565465784685038,-8.355652775291306,0.3113994285726782,-0.0644274679805541,0.0705634173120354,1.3299670175985814,-0.6460595552439748,-8.275671914085354,2.69,-247.48,-180.23,-16.14,-94.15,0.0,0.0,0.0,0.0,0.1918465913792167,33,38,37,36,38,12,-75,-57,-13,32,12.9,12.9,12.9,12.8,12.8,-999,-999,-999.0,0.0,0.0,0.0
10.945441961288452,0.3098654412398078,-0.04601961998611,0.0828353159749981,1.333034992264322,-0.6504106291370224,-8.309029800221323,0.3129334159055486,-0.0644274679805541,0.0705634173120354,1.328433030265711,-0.6261177199166604,-8.119594834748325,21.52,-252.86,-177.54,-16.14,-59.18,0.0,0.0,0.0,0.0,0.2398082392240208,33,38,37,36,39,12,-75,-57,-13,44,12.9,12.9,12.9,12.8,12.8,-999,-999,-999.0,0.0,0.0,0.0
10.962323427200317,0.3098654412398078,-0.04601961998611,0.0843693033078684,1.333034992264322,-0.6412067051398005,-8.238174637098625,0.3129334159055486,-0.0644274679805541,0.0705634173120354,1.3299670175985814,-0.6138458212536978,-8.020905527900243,8.07,-250.17,-180.23,-64.56,-72.63,0.0,0.0,0.0,0.0,0.287769887068825,33,38,37,36,38,12,-75,-63,-19,57,12.9,12.9,12.9,12.6,12.8,-999,-999,-999.0,0.0,0.0,0.0
10.979321956634521,0.3098654412398078,-0.04601961998611,0.0843693033078684,1.333034992264322,-0.6320027811425785,-8.166203855922397,0.3144674032384189,-0.0644274679805541,0.0705634173120354,1.3299670175985814,-0.6031079099236054,-7.932873381186168,24.21,-247.48,-177.54,-21.52,-56.49,0.0,0.0,0.0,0.0,0.3357315349136292,33,38,37,36,38,12,-75,-57,-13,63,12.9,12.9,12.8,12.8,12.8,-999,-999,-999.0,0.0,0.0,0.0
10.996326446533203,0.3113994285726782,-0.04601961998611,0.0828353159749981,1.333034992264322,-0.6243328444782268,-8.105367208950177,0.3144674032384189,-0.0644274679805541,0.0705634173120354,1.3299670175985814,-0.5908360112606428,-7.830320078506292,29.59,-250.17,-174.85,-16.14,-45.73,0.0,0.0,0.0,0.0,0.3836931827584334,33,38,37,36,38,12,-75,-63,-13,75,12.9,12.9,12.8,12.8,12.8,-999,-999,-999.0,0.0,0.0,0.0
11.01336407661438,0.3113994285726782,-0.04601961998611,0.0828353159749981,1.333034992264322,-0.6151289204810048,-8.03131944375468,0.3144674032384189,-0.0644274679805541,0.0705634173120354,1.328433030265711,-0.5800980999305504,-7.738861877355082,0.0,-255.55,-182.92,-16.14,-48.42,0.0,0.0,0.0,0.0,0.4316548306032375,33,38,37,36,38,12,-75,-63,-13,82,12.9,12.9,12.8,12.8,12.8,-999,-999,-999.0,0.0,0.0,0.0
11.030325174331665,0.3129334159055486,-0.04601961998611,0.0828353159749981,1.333034992264322,-0.6043910091509124,-7.943475690357365,0.3144674032384189,-0.0644274679805541,0.0705634173120354,1.3299670175985814,-0.5678262012675876,-7.632341429950872,2.69,-247.48,-180.23,-64.56,-29.59,0.023980823922402,0.0,0.0,0.0,0.4796164784480417,33,38,37,36,38,12,-75,-63,-19,94,12.9,12.9,12.9,12.8,12.7,-999,-999,-999.0,0.0,0.0,0.0
11.047356843948364,0.3129334159055486,-0.04601961998611,0.0843693033078684,1.333034992264322,-0.59365309782082,-7.854046690355526,0.3144674032384189,-0.0644274679805541,0.0705634173120354,1.3299670175985814,-0.5678262012675876,-7.632341429950872,0.0,-247.48,-174.85,-18.83,-24.21,0.023980823922402,0.0,0.0,0.0,0.5035973023704439,33,38,37,36,37,6,-75,-57,-13,94,12.9,12.9,12.8,12.8,12.7,-999,-999,-999.0,0.0,0.0,0.0
11.064589500427246,0.3129334159055486,-0.0444856326532397,0.0843693033078684,1.333034992264322,-0.5844491738235981,-7.776116641255031,0.3144674032384189,-0.0644274679805541,0.0705634173120354,1.3299670175985814,-0.555554302604625,-7.523662837755103,0.0,-252.86,-177.54,-16.14,-13.45,0.023980823922402,0.0,0.0,0.0,0.551558950215248,33,38,38,36,37,6,-75,-57,-13,100,12.9,13.0,12.8,12.8,12.7,-999,-999,-999.0,0.0,0.0,0.0
11.082368612289429,0.3129334159055486,-0.04601961998611,0.0828353159749981,1.333034992264322,-0.5737112624935057,-7.683691440527545,0.3144674032384189,-0.0644274679805541,0.0705634173120354,1.3299670175985814,-0.5310105052786996,-7.299713364334903,0.0,-250.17,-182.92,-16.14,-5.38,0.023980823922402,0.0,0.0,0.0,0.5755397741376501,33,38,38,36,38,6,-75,-63,-13,113,12.9,13.0,12.9,12.8,12.7,-999,-999,-999.0,0.0,0.0,0.0
11.099326372146606,0.3129334159055486,-0.04601961998611,0.0843693033078684,1.333034992264322,-0.5629733511634133,-7.589624730884611,0.3144674032384189,-0.0644274679805541,0.0705634173120354,1.3299670175985814,-0.5310105052786996,-7.299713364334903,0.0,-252.86,-180.23,-16.14,0.0,0.0,0.0,0.0,0.0,0.5995205980600522,33,38,38,36,38,6,-82,-63,-13,113,12.9,12.9,12.8,12.8,12.7,-999,-999,-999.0,0.0,0.0,0.0
11.11663007736206,0.3129334159055486,-0.04601961998611,0.0828353159749981,1.333034992264322,-0.556837401831932,-7.535127722963011,0.3144674032384189,-0.0644274679805541,0.0705634173120354,1.3299670175985814,-0.5187386066157369,-7.184383676599663,0.0,-250.17,-180.23,-16.14,24.21,0.0,0.0,0.0,0.0,0.5755397741376501,33,38,37,36,38,6,-75,-57,-13,132,12.9,12.9,12.8,12.8,12.7,-999,-999,-999.0,0.0,0.0,0.0
11.134374141693115,0.3129334159055486,-0.04601961998611,0.0828353159749981,1.3315010049314515,-0.5445655031689692,-7.424491621632737,0.3144674032384189,-0.0644274679805541,0.0705634173120354,1.3299670175985814,-0.4895928472912005,-6.901301815786657,0.0,-250.17,-172.16,-16.14,0.0,0.0,0.0,0.0,0.0,0.551558950215248,33,38,37,36,38,6,-75,-57,-13,132,12.9,13.0,12.8,12.8,12.7,-999,-999,-999.0,0.0,0.0,0.0
11.15137267112732,0.3113994285726782,-0.04601961998611,0.0828353159749981,1.333034992264322,-0.5292256298402659,-7.283079639591451,0.3160013905712892,-0.0644274679805541,0.0705634173120354,1.3299670175985814,-0.4742529739624972,-6.747024360223756,5.38,-247.48,-180.23,-16.14,2.69,0.0,0.0,0.0,0.0,0.5755397741376501,33,38,37,36,38,12,-75,-57,-13,132,12.9,12.9,12.8,12.8,12.7,-999,-999,-999.0,0.0,0.0,0.0
11.16834306716919,0.3129334159055486,-0.04601961998611,0.0828353159749981,1.3315010049314515,-0.5169537311773033,-7.16742078312543,0.3144674032384189,-0.0644274679805541,0.0705634173120354,1.3299670175985814,-0.4604470879666641,-6.604996773362506,18.83,-247.48,-172.16,-8.07,0.0,0.0,0.0,0.0,0.0,0.5995205980600522,33,38,37,36,38,12,-75,-57,-7,138,12.9,12.9,12.8,12.8,12.7,-999,-999,-999.0,0.0,0.0,0.0
11.185366868972778,0.3144674032384189,-0.0475536073189804,0.0828353159749981,1.3299670175985814,-0.5031478451814702,-7.034577912135,0.3144674032384189,-0.0644274679805541,0.0705634173120354,1.3299670175985814,-0.4604470879666641,-6.604996773362506,-5.38,-199.06,-164.09,0.0,18.83,0.0,0.0,0.0,0.0,0.6714630698272585,33,38,38,36,38,0,-69,-57,-7,150,12.9,12.9,12.8,12.8,12.7,-999,-999,-999.0,0.0,0.0,0.0
11.202646255493164,0.3175353779041595,-0.0490875946518507,0.0813013286421278,1.3315010049314515,-0.4893419591856371,-6.898808180884343,0.3160013905712892,-0.0644274679805541,0.0705634173120354,1.3299670175985814,-0.4328353159749981,-6.311746258138528,13.45,-129.12,-131.81,-8.07,-2.69,0.023980823922402,0.0,0.0,0.0,0.7194247176720626,33,38,37,36,38,-7,-63,-50,-7,144,12.9,12.9,12.8,12.8,12.7,-999,-999,-999.0,0.0,0.0,0.0
11.21964144706726,0.3175353779041595,-0.0521555693175914,0.0813013286421278,1.3315010049314515,-0.4740020858569338,-6.7444703505991255,0.3175353779041595,-0.0644274679805541,0.0705634173120354,1.3299670175985814,-0.4205634173120354,-6.177412525809962,0.0,-69.94,-139.88,-13.45,0.0,0.0479616478448041,-0.023980823922402,-0.023980823922402,0.0,0.7673863655168668,33,38,37,36,38,-7,-50,-50,-7,144,12.9,12.9,12.8,12.8,12.7,-999,-999,-999.0,0.0,0.0,0.0
11.23733901977539,0.3175353779041595,-0.0521555693175914,0.0813013286421278,1.3315010049314515,-0.4601961998611008,-6.602387654787253,0.3175353779041595,-0.0644274679805541,0.0705634173120354,1.328433030265711,-0.4067575313162024,-6.02329829467807,2.69,-104.91,-139.88,-13.45,8.07,0.0479616478448041,-0.0719424717672062,-0.023980823922402,0.0,0.7913671894392689,32,38,37,36,38,0,-44,-50,-7,150,12.9,12.9,12.8,12.8,12.7,-999,-999,-999.0,0.0,0.0,0.0
11.254287242889404,0.3175353779041595,-0.0521555693175914,0.0813013286421278,1.3315010049314515,-0.4463903138652678,-6.457252208172783,0.3175353779041595,-0.0644274679805541,0.0705634173120354,1.328433030265711,-0.3929516453203694,-5.865984158277762,-5.38,-137.19,-145.26,0.0,0.0,0.0479616478448041,-0.0719424717672062,0.0,0.0,0.7913671894392689,32,38,37,36,38,0,-50,-57,-13,138,12.9,12.9,12.8,12.8,12.7,-999,-999,-999.0,0.0,0.0,0.0
11.271344184875488,0.3175353779041595,-0.0521555693175914,0.0813013286421278,1.3299670175985814,-0.4325844278694347,-6.3090247762571225,0.3175353779041595,-0.0644274679805541,0.0705634173120354,1.3299670175985814,-0.3791457593245363,-5.705434527086691,-5.38,-142.57,-139.88,-5.38,0.0,0.023980823922402,-0.0479616478448041,0.0,0.0,0.7913671894392689,32,38,37,36,38,0,-50,-50,-7,132,12.9,12.9,12.8,12.8,12.7,-999,-999,-999.0,0.0,0.0,0.0
11.28836441040039,0.3160013905712892,-0.050621581984721,0.0813013286421278,1.3299670175985814,-0.420312529206472,-6.174640209894135,0.3175353779041595,-0.0644274679805541,0.0705634173120354,1.3299670175985814,-0.3791457593245363,-5.705434527086691,-5.38,-169.47,-145.26,-5.38,2.69,0.0,-0.023980823922402,0.0,0.0,0.7913671894392689,32,38,37,36,38,6,-57,-57,0,138,12.9,12.9,12.8,12.8,12.7,-999,-999,-999.0,0.0,0.0,0.0
11.305376529693604,0.3160013905712892,-0.050621581984721,0.0813013286421278,1.3315010049314515,-0.4049726558777687,-6.003141018965083,0.3175353779041595,-0.0644274679805541,0.0705634173120354,1.3299670175985814,-0.3515339873328703,-5.374492707492919,5.38,-174.85,-147.95,-8.07,10.76,0.0,0.0,0.0,0.0,0.7913671894392689,32,38,37,36,38,12,-57,-50,0,138,12.9,12.8,12.8,12.8,12.7,-999,-999,-999.0,0.0,0.0,0.0
11.322693347930908,0.3160013905712892,-0.050621581984721,0.0813013286421278,1.3315010049314515,-0.3911667698819356,-5.845410564240456,0.3175353779041595,-0.0644274679805541,0.0705634173120354,1.3299670175985814,-0.3392620886699076,-5.223141243895557,-26.9,-164.09,-139.88,-8.07,0.0,0.0,0.0,0.0,0.0,0.7913671894392689,32,38,37,36,38,6,-57,-50,0,138,12.9,12.9,12.9,12.8,12.7,-999,-999,-999.0,0.0,0.0,0.0
11.340365409851074,0.3160013905712892,-0.0521555693175914,0.0813013286421278,1.3315010049314515,-0.3773608838861026,-5.684440100866956,0.3190693652370299,-0.0644274679805541,0.0705634173120354,1.3299670175985814,-0.3239222153412042,-5.030215045080701,-2.69,-153.32999999999998,-139.88,-5.38,2.69,0.0,0.0,0.0,0.0,0.7913671894392689,32,37,37,36,38,6,-57,-50,-7,138,12.9,12.9,12.9,12.8,12.7,-999,-999,-999.0,0.0,0.0,0.0
11.357370376586914,0.3160013905712892,-0.0521555693175914,0.0813013286421278,1.3299670175985814,-0.36508898522314,-5.538607567979356,0.3175353779041595,-0.0644274679805541,0.0705634173120354,1.3299670175985814,-0.3116503166782415,-4.872860414479222,18.83,-137.19,-139.88,-8.07,0.0,0.0,0.0,0.0,0.0,0.7673863655168668,32,37,37,36,38,12,-50,-50,0,132,13.0,12.9,12.9,12.8,12.7,-999,-999,-999.0,0.0,0.0,0.0
11.374363422393799,0.3160013905712892,-0.0521555693175914,0.0813013286421278,1.3299670175985814,-0.3512830992273069,-5.371424914562707,0.3160013905712892,-0.0644274679805541,0.0705634173120354,1.328433030265711,-0.3009124053481492,-4.7329617234763735,-29.59,-131.81,-145.26,-8.07,5.38,0.0,0.0,0.0,0.0,0.7673863655168668,32,37,37,36,38,6,-50,-50,0,138,13.0,12.9,12.9,12.8,12.7,-999,-999,-999.0,0.0,0.0,0.0
11.391286849975586,0.3144674032384189,-0.0521555693175914,0.0813013286421278,1.3315010049314515,-0.3374772132314739,-5.20090733775137,0.3160013905712892,-0.0644274679805541,0.0705634173120354,1.328433030265711,-0.2886405066851865,-4.570532333212623,0.0,-134.5,-142.57,-2.69,0.0,0.0,0.0,0.0,0.0,0.7673863655168668,32,37,37,36,38,6,-50,-50,-7,132,12.9,12.9,12.9,12.8,12.8,-999,-999,-999.0,0.0,0.0,0.0
11.408377408981323,0.3160013905712892,-0.050621581984721,0.0813013286421278,1.3299670175985814,-0.3236713272356409,-5.027024973532355,0.3144674032384189,-0.0659614553134244,0.0690294299791651,1.3299670175985814,-0.2779025953550942,-4.426167480217531,0.0,-139.88,-139.88,-13.45,0.0,0.0,0.0,0.0,0.0,0.7673863655168668,32,37,37,36,38,6,-50,-50,-7,132,12.9,12.9,12.9,12.9,12.8,-999,-999,-999.0,0.0,0.0,0.0
11.42532992362976,0.3144674032384189,-0.050621581984721,0.0813013286421278,1.3315010049314515,-0.3113994285726782,-4.869615346337631,0.3144674032384189,-0.0644274679805541,0.0690294299791651,1.3299670175985814,-0.2656306966921314,-4.258606768242922,0.0,-177.54,-182.92,-5.38,0.0,0.0,0.0,0.0,0.0,0.7673863655168668,32,37,37,36,38,0,-63,-63,0,125,12.9,12.7,12.8,12.8,12.7,-999,-999,-999.0,0.0,0.0,0.0
11.442288398742676,0.3160013905712892,-0.050621581984721,0.0813013286421278,1.3299670175985814,-0.2991275299097155,-4.709506391942977,0.3144674032384189,-0.0644274679805541,0.0690294299791651,1.3299670175985814,-0.2656306966921314,-4.258606768242922,-5.38,-166.78,-196.37,-8.07,5.38,0.0,0.0,0.0,0.0,0.7434055415944647,32,37,37,36,38,0,-57,-63,0,125,12.9,12.9,12.9,12.8,12.7,-999,-999,-999.0,0.0,0.0,0.0
11.459278345108032,0.3160013905712892,-0.050621581984721,0.0828353159749981,1.3315010049314515,-0.2883896185796232,-4.567183181327959,0.3129334159055486,-0.0674954426462947,0.0674954426462947,1.3299670175985814,-0.2472228486976874,-4.002093270420993,0.0,-166.78,-188.3,-8.07,2.69,0.0,0.0,0.0,0.0,0.7434055415944647,32,37,37,36,38,-7,-57,-63,0,125,12.9,12.9,12.8,12.8,12.7,-999,-999,-999.0,0.0,0.0,0.0
11.47627592086792,0.3175353779041595,-0.050621581984721,0.0813013286421278,1.3315010049314515,-0.2761177199166604,-4.401967571592429,0.3129334159055486,-0.0674954426462947,0.0659614553134244,1.328433030265711,-0.2380189247004654,-3.871498339093421,13.45,-188.3,-182.92,-5.38,5.38,0.0,0.0,0.0,0.0,0.7194247176720626,32,37,37,36,38,-19,-63,-63,-7,119,12.9,12.9,12.8,12.7,12.7,-999,-999,-999.0,0.0,0.0,0.0
11.49338412284851,0.3175353779041595,-0.0521555693175914,0.0828353159749981,1.3299670175985814,-0.2653798085865681,-4.2551524265659575,0.3113994285726782,-0.0674954426462947,0.0659614553134244,1.328433030265711,-0.2288150007032434,-3.7393390174234153,10.76,-177.54,-199.06,-8.07,5.38,0.023980823922402,0.0,0.0,0.0,0.6954438937496605,32,37,37,36,38,-19,-63,-69,-7,107,12.9,12.9,12.8,12.8,12.7,-999,-999,-999.0,0.0,0.0,0.0
11.51027536392212,0.3160013905712892,-0.0521555693175914,0.0813013286421278,1.3299670175985814,-0.2546418972564758,-4.106226526817729,0.3113994285726782,-0.0690294299791651,0.0644274679805541,1.3299670175985814,-0.2211450640388917,-3.6280086649338736,21.52,-169.47,-196.37,-13.45,16.14,0.023980823922402,0.0,0.0,0.0,0.6714630698272585,32,37,38,36,38,-19,-63,-69,-7,107,12.9,12.9,12.8,12.8,12.7,-999,-999,-999.0,0.0,0.0,0.0
11.527645111083984,0.3144674032384189,-0.0521555693175914,0.0797673413092574,1.3299670175985814,-0.2454379732592537,-3.976889672221071,0.3098654412398078,-0.0705634173120354,0.0644274679805541,1.328433030265711,-0.21347512737454,-3.5155877198322325,37.66,-177.54,-199.06,-5.38,5.38,0.0,0.0,0.0,0.0,0.6474822459048564,32,37,38,36,38,-13,-63,-75,0,100,12.9,12.9,12.8,12.8,12.6,-999,-999,-999.0,0.0,0.0,0.0
11.54538893699646,0.3129334159055486,-0.0521555693175914,0.0797673413092574,1.3299670175985814,-0.2362340492620317,-3.845991667363061,0.3098654412398078,-0.0720974046449058,0.0628934806476837,1.3299670175985814,-0.2073391780430587,-3.4248647377921158,45.73,-215.2,-199.06,-10.76,0.0,-0.023980823922402,0.0,0.0,0.0,0.6235014219824543,32,37,38,36,38,-13,-75,-69,-7,88,12.7,12.9,12.9,12.8,12.7,-999,-999,-999.0,0.0,0.0,0.0
11.56271243095398,0.3098654412398078,-0.0521555693175914,0.0797673413092574,1.3299670175985814,-0.2270301252648097,-3.713528544678917,0.3067974665740672,-0.0751653793106464,0.0628934806476837,1.328433030265711,-0.199669241378707,-3.3104772035162933,24.21,-236.72,-236.72,-8.07,5.38,-0.0479616478448041,0.0,0.0,0.0,0.5755397741376501,32,37,38,35,39,-7,-82,-82,0,88,12.9,12.9,12.9,12.8,12.7,-999,-999,-999.0,0.0,0.0,0.0
11.580432415008545,0.3083314539069375,-0.050621581984721,0.0797673413092574,1.3299670175985814,-0.219360188600458,-3.6019445458533825,0.3067974665740672,-0.0782333539763871,0.0598255059819431,1.328433030265711,-0.1966012667129663,-3.2644159134160544,0.0,-263.62,-244.79,-5.38,8.07,-0.0959232956896083,0.0,0.0,0.0,0.551558950215248,32,37,38,35,38,0,-88,-82,-7,82,12.9,13.0,12.9,12.8,12.7,-999,-999,-999.0,0.0,0.0,0.0
11.597657680511475,0.3052634792411968,-0.0521555693175914,0.0797673413092574,1.3299670175985814,-0.2116902519361063,-3.48926958678757,0.3067974665740672,-0.0782333539763871,0.0598255059819431,1.328433030265711,-0.1966012667129663,-3.2644159134160544,0.0,-333.56,-255.55,-13.45,0.0,-0.0959232956896083,0.0,0.0,0.0,0.5035973023704439,32,37,38,35,38,0,-163,-88,-7,63,12.9,13.0,12.9,12.8,12.8,-999,-999,-999.0,0.0,0.0,0.0
11.614316463470459,0.3052634792411968,-0.0521555693175914,0.0797673413092574,1.3299670175985814,-0.205554302604625,-3.398343172571917,0.3052634792411968,-0.0813013286421278,0.0582915186490727,1.328433030265711,-0.190465317381485,-3.171768016877477,0.0,-306.66,-244.79,-13.45,5.38,-0.1199041196120104,0.0,0.0,0.0,0.4796164784480417,32,37,38,35,38,0,-113,-94,-7,63,12.9,12.9,12.8,12.8,12.8,-999,-999,-999.0,0.0,0.0,0.0
11.631280183792114,0.3037294919083265,-0.0536895566504617,0.0782333539763871,1.3299670175985814,-0.1994183532731436,-3.3067170469287914,0.3021955045754562,-0.0905052526393498,0.0536895566504617,1.328433030265711,-0.181261393384263,-3.0314823849336703,0.0,-317.42,-236.72,-5.38,0.0,-0.0959232956896083,0.0,0.0,0.0,0.4316548306032375,32,37,38,35,38,0,-175,-94,0,57,12.9,12.9,12.8,12.8,12.8,-999,-999,-999.0,0.0,0.0,0.0
11.648312330245972,0.3037294919083265,-0.0582915186490727,0.0751653793106464,1.3299670175985814,-0.1932824039416623,-3.2143907378950307,0.2991275299097155,-0.0951072146379608,0.0521555693175914,1.328433030265711,-0.1781934187185223,-2.984370086274134,0.0,-290.52,-215.2,-10.76,5.38,-0.0719424717672062,-0.023980823922402,-0.023980823922402,0.0,0.3836931827584334,33,37,38,35,38,-7,-132,-94,-7,57,12.9,12.9,12.8,12.7,12.8,-999,-999,-999.0,0.0,0.0,0.0
11.66563868522644,0.3037294919083265,-0.0628934806476837,0.0736313919777761,1.3299670175985814,-0.1886804419430513,-3.1446862947690226,0.2991275299097155,-0.0951072146379608,0.0521555693175914,1.328433030265711,-0.1781934187185223,-2.984370086274134,8.07,-277.07,-201.75,-16.14,0.0,-0.0479616478448041,-0.0719424717672062,-0.0479616478448041,0.0,0.3597123588360313,33,37,38,36,38,-19,-138,-94,-7,44,12.9,12.8,12.7,12.8,12.8,-999,-999,-999.0,0.0,0.0,0.0
11.683292865753174,0.3037294919083265,-0.0659614553134244,0.0736313919777761,1.3299670175985814,-0.1840784799444403,-3.0745876951943085,0.2960595552439748,-0.1027771513023125,0.0475536073189804,1.328433030265711,-0.176659431385652,-2.960748229127025,13.45,-287.83,-228.65,-5.38,0.0,-0.023980823922402,-0.1438849435344125,-0.0719424717672062,0.0,0.3117507109912271,33,38,37,36,38,-25,-138,-100,0,38,12.9,12.9,12.8,12.8,12.7,-999,-999,-999.0,0.0,0.0,0.0
11.700827598571777,0.3037294919083265,-0.0690294299791651,0.0705634173120354,1.3315010049314515,-0.1810105052786996,-3.0276362865300257,0.2929915805782341,-0.1073791133009235,0.0444856326532397,1.3299670175985814,-0.176659431385652,-2.960748229127025,24.21,-282.45,-217.89,-8.07,-26.9,0.0,-0.1918465913792167,-0.0959232956896083,0.0,0.287769887068825,33,37,37,36,38,-32,-138,-94,-13,25,12.9,12.8,12.8,12.8,12.7,-999,-999,-999.0,0.0,0.0,0.0
11.718342065811157,0.3006615172425858,-0.0736313919777761,0.0690294299791651,1.3299670175985814,-0.1794765179458293,-3.004094875359374,0.2914575932453638,-0.1104470879666641,0.0429516453203694,1.3299670175985814,-0.176659431385652,-2.960748229127025,10.76,-239.41,-223.27,-13.45,-34.97,0.0,-0.2158274153016187,-0.0959232956896083,0.0,0.2398082392240208,33,37,37,35,38,-32,-132,-100,-7,13,12.9,12.9,12.8,12.8,12.7,-999,-999,-999.0,0.0,0.0,0.0
11.73536992073059,0.2975935425768451,-0.0797673413092574,0.0659614553134244,1.3315010049314515,-0.1779425306129589,-2.980509658934337,0.2899236059124935,-0.1135150626324048,0.0398836706546287,1.3299670175985814,-0.1751254440527817,-2.937082567290059,2.69,-236.72,-209.82,-5.38,-5.38,-0.0479616478448041,-0.2398082392240208,-0.1199041196120104,0.0,0.1918465913792167,33,37,37,36,38,-25,-125,-94,0,7,12.7,12.9,12.8,12.8,12.7,-999,-999,-999.0,0.0,0.0,0.0
11.752312898635864,0.2945255679111045,-0.0843693033078684,0.0628934806476837,1.3299670175985814,-0.1779425306129589,-2.980509658934337,0.2899236059124935,-0.1135150626324048,0.0398836706546287,1.3299670175985814,-0.1751254440527817,-2.937082567290059,51.11,-239.41,-234.03,-5.38,-2.69,-0.0719424717672062,-0.2398082392240208,-0.1199041196120104,0.0,0.1438849435344125,33,37,37,36,38,-25,-125,-100,0,13,12.9,12.9,12.8,12.8,12.8,-999,-999,-999.0,0.0,0.0,0.0
11.769335985183716,0.2929915805782341,-0.0874372779736091,0.0613594933148134,1.3299670175985814,-0.1779425306129589,-2.980509658934337,0.2899236059124935,-0.1196510119638862,0.0352817086560177,1.3299670175985814,-0.1751254440527817,-2.937082567290059,37.66,-236.72,-212.51,-5.38,0.0,-0.1199041196120104,-0.2398082392240208,-0.1199041196120104,0.0,0.0719424717672062,33,38,37,36,37,-13,-125,-94,0,7,12.9,12.9,12.8,12.8,12.8,-999,-999,-999.0,0.0,0.0,0.0
11.78632926940918,0.2883896185796232,-0.0905052526393498,0.0598255059819431,1.3315010049314515,-0.1764085432800886,-2.956880637353814,0.2899236059124935,-0.1227189866296268,0.0337477213231473,1.3299670175985814,-0.1751254440527817,-2.937082567290059,0.0,-228.65,-223.27,-5.38,0.0,-0.1438849435344125,-0.2398082392240208,-0.1199041196120104,0.0,0.0479616478448041,33,38,37,36,38,6,-119,-100,0,13,12.9,12.9,12.9,12.8,12.8,-999,-999,-999.0,0.0,0.0,0.0
11.803596258163452,0.2868556312467528,-0.0951072146379608,0.0567575313162024,1.3315010049314515,-0.1764085432800886,-2.956880637353814,0.2899236059124935,-0.1227189866296268,0.0337477213231473,1.3299670175985814,-0.1751254440527817,-2.937082567290059,0.0,-228.65,-223.27,-10.76,0.0,-0.1678657674568146,-0.2398082392240208,-0.1199041196120104,0.0,0.023980823922402,32,37,37,36,38,12,-113,-94,-7,7,12.9,12.9,12.9,12.8,12.8,-999,-999,-999.0,0.0,0.0,0.0
11.82060194015503,0.2868556312467528,-0.0981751893037015,0.055223543983332,1.3299670175985814,-0.1764085432800886,-2.956880637353814,0.2883896185796232,-0.1257869612953675,0.0306797466574067,1.3299670175985814,-0.1751254440527817,-2.937082567290059,0.0,-242.1,-242.1,-8.07,2.69,-0.1438849435344125,-0.2158274153016187,-0.1199041196120104,0.0,0.023980823922402,32,37,37,36,38,6,-107,-100,0,7,13.0,12.9,12.9,12.8,12.8,-999,-999,-999.0,0.0,0.0,0.0
11.837651252746582,0.2868556312467528,-0.1012431639694421,0.0536895566504617,1.3299670175985814,-0.1764085432800886,-2.956880637353814,0.2853216439138825,-0.1319229106268489,0.0245437973259253,1.3299670175985814,-0.1751254440527817,-2.937082567290059,0.0,-293.21,-242.1,-8.07,-2.69,-0.0959232956896083,-0.1918465913792167,-0.1199041196120104,0.0,0.0,32,37,37,36,38,0,-169,-107,0,13,13.0,12.9,12.8,12.8,12.8,-999,-999,-999.0,0.0,0.0,0.0
11.855345487594604,0.2868556312467528,-0.1027771513023125,0.050621581984721,1.3299670175985814,-0.1764085432800886,-2.956880637353814,0.2837876565810122,-0.1349908852925895,0.023009809993055,1.3299670175985814,-0.1735914567199113,-2.9133731017793494,-16.14,-274.38,-247.48,-8.07,0.0,-0.0479616478448041,-0.1678657674568146,-0.1199041196120104,0.0,0.0,33,37,37,36,38,-7,-125,-107,-7,0,12.9,12.9,12.8,12.8,12.8,-999,-999,-999.0,0.0,0.0,0.0
11.872302770614624,0.2899236059124935,-0.1058451259680531,0.0475536073189804,1.3299670175985814,-0.1748745559472183,-2.933207811215352,0.2822536692481418,-0.1380588599583302,0.0199418353273143,1.3299670175985814,-0.172057469387041,-2.889619834113174,13.45,-271.69,-260.93,-8.07,0.0,0.0,-0.1438849435344125,-0.1199041196120104,0.0,0.0,33,37,37,36,38,-25,-119,-107,0,7,12.9,13.0,12.8,12.8,12.8,-999,-999,-999.0,0.0,0.0,0.0
11.889370203018188,0.2899236059124935,-0.1089131006337938,0.0444856326532397,1.3299670175985814,-0.1748745559472183,-2.933207811215352,0.2822536692481418,-0.1380588599583302,0.0199418353273143,1.3299670175985814,-0.172057469387041,-2.889619834113174,10.76,-247.48,-255.55,-8.07,-2.69,0.023980823922402,-0.1438849435344125,-0.1199041196120104,0.0,0.0,33,38,37,36,38,-25,-113,-107,0,13,12.9,13.0,12.9,12.8,12.8,-999,-999,-999.0,0.0,0.0,0.0
11.906383991241455,0.2868556312467528,-0.1119810752995345,0.0429516453203694,1.3299670175985814,-0.1733405686143479,-2.909491181617072,0.2791856945824011,-0.1395928472912005,0.0168738606615736,1.328433030265711,-0.1705234820541706,-2.8658227663138427,0.0,-266.31,-239.41,-5.38,-24.21,0.0,-0.1438849435344125,-0.1438849435344125,0.0,0.023980823922402,33,38,38,36,38,-32,-119,-113,-13,13,12.9,12.9,12.8,12.8,12.8,-999,-999,-999.0,0.0,0.0,0.0
11.923334836959835,0.2837876565810122,-0.1135150626324048,0.0398836706546287,1.3299670175985814,-0.1733405686143479,-2.909491181617072,0.2745837325837901,-0.1441948092898116,0.0107379113300923,1.3299670175985814,-0.1689894947213003,-2.841981900909566,0.0,-263.62,-223.27,-8.07,-8.07,0.0,-0.1438849435344125,-0.1438849435344125,0.0,0.023980823922402,33,38,38,36,38,-25,-119,-113,-7,19,12.9,12.9,12.8,12.8,12.8,-999,-999,-999.0,0.0,0.0,0.0
11.940308332443234,0.2822536692481418,-0.1165830372981455,0.0352817086560177,1.3299670175985814,-0.1718065812814776,-2.885730750159552,0.2745837325837901,-0.1441948092898116,0.0107379113300923,1.3299670175985814,-0.1689894947213003,-2.841981900909566,10.76,-234.03,-212.51,-5.38,-26.9,-0.0719424717672062,-0.1438849435344125,-0.1438849435344125,0.0,0.023980823922402,33,38,38,36,38,-32,-113,-107,-7,13,12.9,12.9,12.8,12.8,12.8,-999,-999,-999.0,0.0,0.0,0.0
11.957332849502563,0.2761177199166604,-0.1196510119638862,0.032213733990277,1.3315010049314515,-0.1702725939486073,-2.8619265189477154,0.2684477832523088,-0.1472627839555522,0.004601961998611,1.3299670175985814,-0.1689894947213003,-2.841981900909566,21.52,-236.72,-201.75,-8.07,0.0,-0.1199041196120104,-0.1438849435344125,-0.1678657674568146,0.0,0.0479616478448041,33,37,38,36,38,-25,-107,-107,-7,7,13.0,12.9,12.9,12.8,12.8,-999,-999,-999.0,0.0,0.0,0.0
11.974294900894165,0.2715157579180495,-0.1227189866296268,0.0291457593245363,1.3315010049314515,-0.1702725939486073,-2.8619265189477154,0.2653798085865681,-0.1487967712884225,0.0015339873328703,1.328433030265711,-0.1689894947213003,-2.841981900909566,26.9,-228.65,-217.89,-10.76,2.69,-0.1678657674568146,-0.1438849435344125,-0.1918465913792167,0.0,0.0479616478448041,33,37,38,36,38,-7,-100,-100,-7,7,12.9,12.9,12.9,12.8,12.8,-999,-999,-999.0,0.0,0.0,0.0
11.99136471748352,0.2669137959194385,-0.1242529739624972,0.0245437973259253,1.3299670175985814,-0.1702725939486073,-2.8619265189477154,0.2623118339208274,-0.1487967712884225,-0.0015339873328703,1.3299670175985814,-0.1689894947213003,-2.841981900909566,0.0,-215.2,-217.89,-10.76,2.69,-0.1918465913792167,-0.1438849435344125,-0.1918465913792167,0.0,0.0479616478448041,33,36,38,36,38,-7,-100,-107,-7,7,12.9,12.9,12.8,12.8,12.8,-999,-999,-999.0,0.0,0.0,0.0
12.008363723754876,0.2653798085865681,-0.1273209486282379,0.023009809993055,1.3315010049314515,-0.1702725939486073,-2.8619265189477154,0.2592438592550868,-0.1503307586212929,-0.004601961998611,1.328433030265711,-0.1689894947213003,-2.841981900909566,32.28,-234.03,-204.44,-8.07,2.69,-0.2158274153016187,-0.1438849435344125,-0.1918465913792167,0.0,0.023980823922402,33,37,38,36,38,-7,-94,-100,0,7,12.9,12.9,12.8,12.8,12.8,-999,-999,-999.0,0.0,0.0,0.0
12.025305986404426,0.2623118339208274,-0.1273209486282379,0.0199418353273143,1.3315010049314515,-0.1702725939486073,-2.8619265189477154,0.2592438592550868,-0.1503307586212929,-0.004601961998611,1.328433030265711,-0.1689894947213003,-2.841981900909566,45.73,-234.03,-231.34,-13.45,5.38,-0.2158274153016187,-0.1199041196120104,-0.1678657674568146,0.0,0.0,33,38,37,36,38,-13,-88,-107,-7,7,12.9,12.9,12.9,12.8,12.8,-999,-999,-999.0,0.0,0.0,0.0
12.042335510253906,0.2607778465879571,-0.1273209486282379,0.0168738606615736,1.3299670175985814,-0.1702725939486073,-2.8619265189477154,0.2531079099236054,-0.1503307586212929,-0.0107379113300923,1.3299670175985814,-0.1689894947213003,-2.841981900909566,53.8,-242.1,-215.2,-8.07,5.38,-0.1678657674568146,-0.0959232956896083,-0.1678657674568146,0.0,0.0,31,38,37,35,38,-13,-88,-100,0,7,12.9,12.9,12.8,12.8,12.8,-999,-999,-999.0,0.0,0.0,0.0
12.059322834014893,0.2607778465879571,-0.1288549359611082,0.013805885995833,1.3315010049314515,-0.1702725939486073,-2.8619265189477154,0.2531079099236054,-0.1503307586212929,-0.0107379113300923,1.3299670175985814,-0.1689894947213003,-2.841981900909566,-34.97,-239.41,-220.58,-8.07,2.69,-0.1199041196120104,-0.0719424717672062,-0.1678657674568146,0.0,0.0,32,38,37,35,38,-25,-88,-100,0,7,12.9,12.9,12.9,12.8,12.8,-999,-999,-999.0,0.0,0.0,0.0
12.076308727264404,0.2607778465879571,-0.1273209486282379,0.0122718986629626,1.3299670175985814,-0.1702725939486073,-2.8619265189477154,0.2500399352578648,-0.1503307586212929,-0.013805885995833,1.3299670175985814,-0.1689894947213003,-2.841981900909566,-5.38,-239.41,-236.72,-8.07,2.69,-0.0959232956896083,-0.0479616478448041,-0.1678657674568146,0.0,0.0,32,38,38,35,38,-38,-82,-107,-7,7,12.9,12.9,12.9,12.8,12.8,-999,-999,-999.0,0.0,0.0,0.0
12.093533992767334,0.2577098719222164,-0.1288549359611082,0.009203923997222,1.3299670175985814,-0.1702725939486073,-2.8619265189477154,0.2469719605921241,-0.1503307586212929,-0.0168738606615736,1.3299670175985814,-0.1689894947213003,-2.841981900909566,0.0,-244.79,-236.72,-10.76,2.69,-0.0479616478448041,-0.023980823922402,-0.1678657674568146,0.0,0.0,32,38,38,35,39,-44,-82,-107,0,7,12.9,12.9,12.8,12.8,12.8,-999,-999,-999.0,0.0,0.0,0.0
12.111318111419678,0.2546418972564758,-0.1273209486282379,0.0061359493314813,1.3315010049314515,-0.1702725939486073,-2.8619265189477154,0.2362340492620317,-0.1503307586212929,-0.0214758226601847,1.3299670175985814,-0.1689894947213003,-2.841981900909566,-13.45,-252.86,-250.17,-8.07,2.69,-0.0479616478448041,0.0,-0.1438849435344125,0.0,0.0,32,38,38,35,39,-50,-82,-113,-7,7,12.9,12.9,12.8,12.8,12.8,-999,-999,-999.0,0.0,0.0,0.0
12.128284454345703,0.2500399352578648,-0.1273209486282379,0.004601961998611,1.3315010049314515,-0.1702725939486073,-2.8619265189477154,0.233166074596291,-0.1503307586212929,-0.0245437973259253,1.3299670175985814,-0.1689894947213003,-2.841981900909566,-64.56,-244.79,-252.86,-8.07,2.69,-0.0959232956896083,0.0,-0.1438849435344125,0.0,0.0,32,38,38,35,39,-57,-82,-107,-7,7,13.0,12.9,12.9,12.8,12.8,-999,-999,-999.0,0.0,0.0,0.0
12.145663499832153,0.2454379732592537,-0.1273209486282379,0.0015339873328703,1.3315010049314515,-0.1702725939486073,-2.8619265189477154,0.22856411259768,-0.1503307586212929,-0.027611771991666,1.3299670175985814,-0.1689894947213003,-2.841981900909566,0.0,-247.48,-223.27,-8.07,2.69,-0.1438849435344125,0.0,-0.1438849435344125,0.0,0.0,32,38,38,35,38,-50,-88,-107,0,7,13.0,12.9,12.7,12.8,12.8,-999,-999,-999.0,0.0,0.0,0.0
12.16330170631409,0.2393020239277724,-0.1273209486282379,-0.0015339873328703,1.3299670175985814,-0.1702725939486073,-2.8619265189477154,0.223962150599069,-0.1503307586212929,-0.032213733990277,1.3299670175985814,-0.1689894947213003,-2.841981900909566,0.0,-250.17,-228.65,-10.76,2.69,-0.2158274153016187,0.0,-0.1438849435344125,0.0,0.0,32,38,38,35,38,-44,-88,-107,0,7,12.9,13.0,12.8,12.8,12.8,-999,-999,-999.0,0.0,0.0,0.0
12.180258512496948,0.2316320872634207,-0.1288549359611082,-0.004601961998611,1.3315010049314515,-0.1702725939486073,-2.8619265189477154,0.2208941759333283,-0.1487967712884225,-0.036815695988888,1.328433030265711,-0.1689894947213003,-2.841981900909566,13.45,-247.48,-228.65,-10.76,2.69,-0.263789063146423,0.0,-0.1438849435344125,0.0,0.0,32,37,38,35,38,-32,-88,-113,0,7,13.0,12.9,12.8,12.8,12.8,-999,-999,-999.0,0.0,0.0,0.0
12.197256565093994,0.2254961379319394,-0.1288549359611082,-0.009203923997222,1.3299670175985814,-0.1702725939486073,-2.8619265189477154,0.2162922139347173,-0.1503307586212929,-0.041417657987499,1.3299670175985814,-0.1689894947213003,-2.841981900909566,53.8,-242.1,-212.51,-5.38,5.38,-0.3117507109912271,0.0,-0.1678657674568146,0.0,0.0,33,37,38,35,38,-13,-82,-113,-7,7,12.9,12.9,12.8,12.8,12.8,-999,-999,-999.0,0.0,0.0,0.0
12.21425485610962,0.2224281632661987,-0.1273209486282379,-0.0122718986629626,1.3299670175985814,-0.1702725939486073,-2.8619265189477154,0.2116902519361063,-0.1503307586212929,-0.0444856326532397,1.3299670175985814,-0.1689894947213003,-2.841981900909566,51.11,-244.79,-234.03,-5.38,2.69,-0.3357315349136292,0.0,-0.1678657674568146,0.0,0.0,33,37,38,35,38,-19,-82,-119,0,7,12.9,12.9,12.8,12.8,12.8,-999,-999,-999.0,0.0,0.0,0.0
12.231287002563477,0.2178262012675877,-0.1273209486282379,-0.0168738606615736,1.3315010049314515,-0.1702725939486073,-2.8619265189477154,0.2116902519361063,-0.1503307586212929,-0.0444856326532397,1.3299670175985814,-0.1689894947213003,-2.841981900909566,24.21,-239.41,-228.65,-8.07,2.69,-0.287769887068825,0.0,-0.1918465913792167,0.0,0.0,32,37,37,35,38,-25,-82,-113,-7,7,12.9,12.9,12.8,12.8,12.8,-999,-999,-999.0,0.0,0.0,0.0
12.248253345489506,0.2132242392689767,-0.1273209486282379,-0.0199418353273143,1.3315010049314515,-0.1702725939486073,-2.8619265189477154,0.2024863279388843,-0.1472627839555522,-0.050621581984721,1.328433030265711,-0.1689894947213003,-2.841981900909566,-16.14,-242.1,-220.58,-8.07,5.38,-0.263789063146423,0.0,-0.2158274153016187,0.0,0.0,32,37,37,35,38,-95,-88,-107,0,7,12.9,12.9,12.9,12.8,12.8,-999,-999,-999.0,0.0,0.0,0.0
12.265292406082153,0.2132242392689767,-0.1288549359611082,-0.023009809993055,1.3299670175985814,-0.1702725939486073,-2.8619265189477154,0.1994183532731436,-0.1457287966226819,-0.0536895566504617,1.3299670175985814,-0.1689894947213003,-2.841981900909566,-43.04,-209.82,-228.65,-5.38,5.38,-0.1918465913792167,0.0,-0.2158274153016187,0.0,0.0,33,37,39,35,38,-44,-75,-113,-7,7,12.9,12.9,12.7,12.8,12.8,-999,-999,-999.0,0.0,0.0,0.0
12.282284259796146,0.2132242392689767,-0.1273209486282379,-0.0260777846587957,1.3299670175985814,-0.1702725939486073,-2.8619265189477154,0.1932824039416623,-0.1457287966226819,-0.0567575313162024,1.3299670175985814,-0.1689894947213003,-2.841981900909566,0.0,-180.23,-242.1,-8.07,2.69,-0.1438849435344125,0.0,-0.1918465913792167,0.0,0.0,33,37,37,35,38,-57,-69,-107,0,7,12.9,12.9,12.9,12.8,12.8,-999,-999,-999.0,0.0,0.0,0.0
12.299296379089355,0.2086222772703657,-0.1273209486282379,-0.0291457593245363,1.3315010049314515,-0.1702725939486073,-2.8619265189477154,0.1886804419430513,-0.1457287966226819,-0.0598255059819431,1.328433030265711,-0.1689894947213003,-2.841981900909566,-13.45,-207.13,-236.72,-10.76,2.69,-0.1199041196120104,0.0,-0.1918465913792167,0.0,0.0,33,37,37,35,38,-57,-75,-107,-7,7,12.9,13.0,12.8,12.8,12.8,-999,-999,-999.0,0.0,0.0,0.0
12.316574573516846,0.2040203152717546,-0.1273209486282379,-0.0306797466574067,1.3299670175985814,-0.1702725939486073,-2.8619265189477154,0.1886804419430513,-0.1457287966226819,-0.0598255059819431,1.328433030265711,-0.1689894947213003,-2.841981900909566,-24.21,-207.13,-239.41,-13.45,5.38,-0.1199041196120104,0.0,-0.1678657674568146,0.0,0.0,33,37,37,36,38,-63,-75,-107,-13,7,12.8,12.9,12.8,12.8,12.7,-999,-999,-999.0,0.0,0.0,0.0
12.334216833114624,0.1978843659402733,-0.1273209486282379,-0.0352817086560177,1.3315010049314515,-0.1702725939486073,-2.8619265189477154,0.1779425306129589,-0.1441948092898116,-0.0674954426462947,1.328433030265711,-0.1689894947213003,-2.841981900909566,-61.87,-209.82,-282.45,-13.45,5.38,-0.1678657674568146,0.0,-0.1678657674568146,0.0,0.0,33,37,37,36,38,-63,-69,-119,-7,7,12.9,12.9,12.8,12.8,12.8,-999,-999,-999.0,0.0,0.0,0.0
12.351580619812012,0.1932824039416623,-0.1273209486282379,-0.036815695988888,1.3315010049314515,-0.1702725939486073,-2.8619265189477154,0.1748745559472183,-0.1441948092898116,-0.0720974046449058,1.328433030265711,-0.1689894947213003,-2.841981900909566,-2.69,-180.23,-274.38,-13.45,2.69,-0.2158274153016187,0.0,-0.1678657674568146,0.0,0.0,33,37,37,36,38,-57,-69,-113,-7,7,12.9,12.9,12.8,12.8,12.8,-999,-999,-999.0,0.0,0.0,0.0
12.369257926940918,0.1840784799444403,-0.1273209486282379,-0.041417657987499,1.3299670175985814,-0.1702725939486073,-2.8619265189477154,0.1718065812814776,-0.1441948092898116,-0.0766993666435168,1.3268990429328409,-0.1689894947213003,-2.841981900909566,0.0,-185.61,-277.07,-16.14,2.69,-0.287769887068825,0.0,-0.1678657674568146,0.0,0.0,33,37,37,36,38,-50,-63,-125,-7,7,12.9,12.9,12.8,12.8,12.8,-999,-999,-999.0,0.0,0.0,0.0
12.386232852935795,0.1764085432800886,-0.1288549359611082,-0.0444856326532397,1.3299670175985814,-0.1702725939486073,-2.8619265189477154,0.1687386066157369,-0.1441948092898116,-0.0782333539763871,1.3268990429328409,-0.1689894947213003,-2.841981900909566,53.8,-196.37,-279.76,-10.76,5.38,-0.3357315349136292,0.0,-0.1678657674568146,0.0,0.0,32,37,38,36,38,-19,-69,-125,-13,7,13.0,12.9,12.8,12.8,12.8,-999,-999,-999.0,0.0,0.0,0.0
12.403270959854126,0.1718065812814776,-0.1273209486282379,-0.050621581984721,1.3299670175985814,-0.1702725939486073,-2.8619265189477154,0.1641366446171259,-0.1426608219569412,-0.0828353159749981,1.3268990429328409,-0.1689894947213003,-2.841981900909566,59.18,-199.06,-193.68,-5.38,5.38,-0.3597123588360313,0.0,-0.1678657674568146,0.0,0.0,32,38,38,36,38,-13,-69,-119,-13,7,12.9,12.8,12.8,12.8,12.7,-999,-999,-999.0,0.0,0.0,0.0
12.4203200340271,0.1702725939486073,-0.1288549359611082,-0.0536895566504617,1.328433030265711,-0.1702725939486073,-2.8619265189477154,0.1641366446171259,-0.1426608219569412,-0.0828353159749981,1.3268990429328409,-0.1689894947213003,-2.841981900909566,-2.69,-150.64,-217.89,2.69,2.69,-0.3597123588360313,0.0,-0.1918465913792167,0.0,0.0,32,38,38,36,38,-19,-57,-119,-13,7,12.9,12.9,12.8,12.8,12.7,-999,-999,-999.0,0.0,0.0,0.0
12.437493085861206,0.1656706319499963,-0.1288549359611082,-0.0582915186490727,1.3299670175985814,-0.1702725939486073,-2.8619265189477154,0.1610686699513852,-0.1426608219569412,-0.0843693033078684,1.3253650555999703,-0.1689894947213003,-2.841981900909566,29.59,-161.4,-207.13,-8.07,2.69,-0.3117507109912271,0.0,-0.2158274153016187,0.0,0.0,32,37,38,36,38,-19,-57,-107,-13,7,12.9,12.9,12.9,12.8,12.8,-999,-999,-999.0,0.0,0.0,0.0
12.454397678375244,0.1641366446171259,-0.1288549359611082,-0.0613594933148134,1.3299670175985814,-0.1702725939486073,-2.8619265189477154,0.1564667079527743,-0.1426608219569412,-0.0874372779736091,1.3253650555999703,-0.1689894947213003,-2.841981900909566,-37.66,-172.16,-204.44,-13.45,2.69,-0.2398082392240208,0.0,-0.2158274153016187,0.0,0.0,32,37,38,36,38,-32,-63,-100,-7,7,12.9,12.9,12.9,12.8,12.8,-999,-999,-999.0,0.0,0.0,0.0
12.471292018890384,0.1641366446171259,-0.1273209486282379,-0.0644274679805541,1.328433030265711,-0.1702725939486073,-2.8619265189477154,0.1533987332870336,-0.1426608219569412,-0.0905052526393498,1.3222970809342296,-0.1689894947213003,-2.841981900909566,2.69,-164.09,-234.03,-34.97,2.69,-0.1678657674568146,0.0,-0.2158274153016187,0.0,0.0,32,37,38,36,38,-44,-57,-107,-19,7,12.9,12.9,12.9,12.8,12.8,-999,-999,-999.0,0.0,0.0,0.0
12.488250017166145,0.1626026572842556,-0.1273209486282379,-0.0674954426462947,1.3268990429328409,-0.1702725939486073,-2.8619265189477154,0.1503307586212929,-0.1426608219569412,-0.0951072146379608,1.3207630936013592,-0.1689894947213003,-2.841981900909566,0.0,-169.47,-244.79,-32.28,2.69,-0.1199041196120104,0.0,-0.1918465913792167,0.0,0.0,32,37,38,36,38,-57,-63,-113,-19,7,12.9,12.9,12.9,12.8,12.8,-999,-999,-999.0,0.0,0.0,0.0
12.505233526229866,0.1580006952856446,-0.1273209486282379,-0.0705634173120354,1.3268990429328409,-0.1702725939486073,-2.8619265189477154,0.1472627839555522,-0.1426608219569412,-0.0981751893037015,1.3192291062684889,-0.1689894947213003,-2.841981900909566,8.07,-180.23,-242.1,-40.35,2.69,-0.0959232956896083,0.0,-0.1918465913792167,-0.023980823922402,0.0,33,37,38,36,38,-44,-63,-113,-25,7,12.9,12.9,12.8,12.8,12.8,-999,-999,-999.0,0.0,0.0,0.0
12.522270679473873,0.1549327206199039,-0.1273209486282379,-0.0736313919777761,1.3222970809342296,-0.1702725939486073,-2.8619265189477154,0.1395928472912005,-0.1411268346240709,-0.1043111386351828,1.314627144269878,-0.1689894947213003,-2.841981900909566,-16.14,-166.78,-236.72,-26.9,2.69,-0.1199041196120104,0.0,-0.1918465913792167,-0.0479616478448041,0.0,33,37,38,36,38,-44,-57,-107,-25,7,12.9,13.0,12.8,12.8,12.8,-999,-999,-999.0,0.0,0.0,0.0
12.539228200912476,0.1503307586212929,-0.1273209486282379,-0.0766993666435168,1.3222970809342296,-0.1702725939486073,-2.8619265189477154,0.1395928472912005,-0.1411268346240709,-0.1043111386351828,1.314627144269878,-0.1689894947213003,-2.841981900909566,-2.69,-150.64,-244.79,-26.9,2.69,-0.1438849435344125,0.0,-0.1918465913792167,-0.0479616478448041,0.0,33,37,38,36,38,-44,-50,-113,-32,7,13.0,13.0,12.8,12.8,12.7,-999,-999,-999.0,0.0,0.0,0.0
12.55624532699585,0.1441948092898116,-0.1273209486282379,-0.0797673413092574,1.3192291062684889,-0.1702725939486073,-2.8619265189477154,0.1334568979597192,-0.1395928472912005,-0.1058451259680531,1.310025182271267,-0.1689894947213003,-2.841981900909566,2.69,-134.5,-250.17,-40.35,2.69,-0.1918465913792167,0.0,-0.1678657674568146,-0.0719424717672062,0.0,33,37,38,36,38,-44,-50,-107,-38,7,13.0,12.9,12.8,12.8,12.7,-999,-999,-999.0,0.0,0.0,0.0
12.574263572692871,0.1380588599583302,-0.1273209486282379,-0.0828353159749981,1.3161611316027484,-0.1702725939486073,-2.8619265189477154,0.1257869612953675,-0.1349908852925895,-0.1104470879666641,1.3023552456069152,-0.1689894947213003,-2.841981900909566,32.28,-121.05,-209.82,-43.04,2.69,-0.2398082392240208,0.0,-0.1678657674568146,-0.0959232956896083,0.0,33,37,38,36,39,-32,-38,-100,-44,7,12.9,12.9,12.8,12.8,12.7,-999,-999,-999.0,0.0,0.0,0.0
12.591280460357666,0.1319229106268489,-0.1273209486282379,-0.0859032906407388,1.311559169604137,-0.1702725939486073,-2.8619265189477154,0.1211849992967565,-0.1334568979597192,-0.1119810752995345,1.296219296275434,-0.1705234820541706,-2.8658227663138427,16.14,-83.39,-212.51,-61.87,2.69,-0.287769887068825,0.0,-0.1438849435344125,-0.1199041196120104,0.0,33,37,38,36,39,-25,-32,-107,-69,7,12.9,12.9,12.9,12.8,12.7,-999,-999,-999.0,0.0,0.0,0.0
12.608211994171146,0.1273209486282379,-0.1273209486282379,-0.0874372779736091,1.310025182271267,-0.1702725939486073,-2.8619265189477154,0.1165830372981455,-0.1319229106268489,-0.1135150626324048,1.291617334276823,-0.1689894947213003,-2.841981900909566,26.9,-67.25,-204.44,-67.25,5.38,-0.3117507109912271,0.0,-0.1438849435344125,-0.1438849435344125,0.0,33,37,38,36,38,-25,-25,-100,-76,0,12.9,12.9,12.8,12.8,12.8,-999,-999,-999.0,0.0,0.0,0.0
12.625231266021729,0.1242529739624972,-0.1273209486282379,-0.0920392399722201,1.305423220272656,-0.1702725939486073,-2.8619265189477154,0.1165830372981455,-0.1319229106268489,-0.1135150626324048,1.291617334276823,-0.1689894947213003,-2.841981900909566,-10.76,-43.04,-188.3,-48.42,2.69,-0.3117507109912271,0.0,-0.1438849435344125,-0.1678657674568146,0.0,32,37,38,36,38,-32,-19,-94,-50,7,12.9,12.9,12.9,12.8,12.8,-999,-999,-999.0,0.0,0.0,0.0
12.642237424850464,0.1196510119638862,-0.1257869612953675,-0.0935732273050904,1.3008212582740448,-0.1702725939486073,-2.8619265189477154,0.1135150626324048,-0.1303889232939785,-0.1150490499652752,1.2870153722782118,-0.1689894947213003,-2.841981900909566,32.28,-53.8,-199.06,-61.87,2.69,-0.287769887068825,0.0,-0.1438849435344125,-0.1918465913792167,0.0,33,38,38,36,38,-25,-19,-88,-76,7,12.9,12.9,12.9,12.8,12.8,-999,-999,-999.0,0.0,0.0,0.0
12.659260988235474,0.1165830372981455,-0.1242529739624972,-0.0966412019708311,1.296219296275434,-0.1702725939486073,-2.8619265189477154,0.1058451259680531,-0.1273209486282379,-0.1181170246310158,1.27781144828099,-0.1689894947213003,-2.841981900909566,21.52,-61.87,-223.27,-45.73,2.69,-0.2398082392240208,0.0,-0.1438849435344125,-0.2158274153016187,0.0,33,37,38,36,38,-32,-19,-94,-57,7,12.9,12.9,12.9,12.8,12.8,-999,-999,-999.0,0.0,0.0,0.0
12.676260948181152,0.1150490499652752,-0.1227189866296268,-0.0966412019708311,1.291617334276823,-0.1702725939486073,-2.8619265189477154,0.1012431639694421,-0.1257869612953675,-0.1181170246310158,1.2747434736152492,-0.1689894947213003,-2.841981900909566,0.0,-40.35,-217.89,-40.35,5.38,-0.2158274153016187,0.023980823922402,-0.1438849435344125,-0.2398082392240208,0.0,33,37,38,36,38,-38,-13,-88,-57,7,12.9,13.0,12.9,12.8,12.8,-999,-999,-999.0,0.0,0.0,0.0
12.693721294403076,0.1135150626324048,-0.1227189866296268,-0.0981751893037015,1.2885493596110822,-0.1702725939486073,-2.8619265189477154,0.0981751893037015,-0.1242529739624972,-0.1181170246310158,1.270141511616638,-0.1689894947213003,-2.841981900909566,-34.97,-40.35,-217.89,-29.59,2.69,-0.1678657674568146,0.0479616478448041,-0.1199041196120104,-0.2398082392240208,0.0,32,37,38,36,38,-113,-13,-82,-50,7,12.9,13.0,12.9,12.8,12.8,-999,-999,-999.0,0.0,0.0,0.0
12.711286783218384,0.1104470879666641,-0.1196510119638862,-0.0981751893037015,1.282413410279601,-0.1702725939486073,-2.8619265189477154,0.0951072146379608,-0.1227189866296268,-0.1181170246310158,1.2655395496180273,-0.1689894947213003,-2.841981900909566,5.38,-78.01,-209.82,-59.18,2.69,-0.1438849435344125,0.0479616478448041,-0.0959232956896083,-0.2398082392240208,0.0,33,37,38,36,38,-50,-19,-82,-50,7,12.9,13.0,12.9,12.8,12.8,-999,-999,-999.0,0.0,0.0,0.0
12.72856879234314,0.1058451259680531,-0.1181170246310158,-0.0981751893037015,1.2793454356138605,-0.1702725939486073,-2.8619265189477154,0.0951072146379608,-0.1227189866296268,-0.1181170246310158,1.2655395496180273,-0.1689894947213003,-2.841981900909566,0.0,-37.66,-228.65,-64.56,2.69,-0.1438849435344125,0.0719424717672062,-0.0479616478448041,-0.2398082392240208,0.0,33,37,38,35,38,-44,-19,-82,-76,7,12.9,13.0,12.8,12.8,12.8,-999,-999,-999.0,0.0,0.0,0.0
12.746259689331055,0.1027771513023125,-0.1165830372981455,-0.0981751893037015,1.2747434736152492,-0.1702725939486073,-2.8619265189477154,0.0905052526393498,-0.1196510119638862,-0.1181170246310158,1.2578696129536755,-0.1689894947213003,-2.841981900909566,32.28,-69.94,-231.34,-32.28,2.69,-0.1438849435344125,0.0719424717672062,-0.023980823922402,-0.2398082392240208,0.0,33,37,38,36,38,-44,-19,-75,-50,7,13.0,12.9,12.9,12.8,12.8,-999,-999,-999.0,0.0,0.0,0.0
12.763332605361946,0.0981751893037015,-0.1150490499652752,-0.0981751893037015,1.270141511616638,-0.1702725939486073,-2.8619265189477154,0.0889712653064794,-0.1181170246310158,-0.1181170246310158,1.2532676509550644,-0.1689894947213003,-2.841981900909566,16.14,-72.63,-236.72,-43.04,2.69,-0.1678657674568146,0.0959232956896083,0.0,-0.2398082392240208,0.0,33,37,38,36,38,-32,-19,-82,-50,7,12.9,13.0,12.9,12.8,12.8,-999,-999,-999.0,0.0,0.0,0.0
12.781219244003296,0.0951072146379608,-0.1135150626324048,-0.0981751893037015,1.2655395496180273,-0.1702725939486073,-2.8619265189477154,0.0874372779736091,-0.1150490499652752,-0.1181170246310158,1.2486656889564536,-0.1689894947213003,-2.841981900909566,48.42,-75.32,-242.1,-64.56,2.69,-0.1918465913792167,0.0959232956896083,0.0,-0.2398082392240208,0.0,33,37,38,36,38,-25,-19,-82,-57,7,12.9,13.0,12.9,12.8,12.8,-999,-999,-999.0,0.0,0.0,0.0
