# https://github.com/mikedh/trimesh
v -0.75093136 -0.74907992 0.90704385
v -0.75107857 -0.74625926 0.98352588
v -0.67670842 -0.60882167 -0.94156632
v -0.67699843 -0.60101167 -0.94074130
v -0.75162593 -0.16668292 0.90949056
v -0.75184100 -0.31467785 0.98393715
v -0.67699843 -0.53245213 0.56921079
v -0.67670842 -0.61468167 -0.94156632
v -0.64411666 -0.66076527 -0.87920225
v -0.64214406 -0.66333841 -0.51119142
v -0.64906841 -0.60099170 -0.46809131
v -0.64907842 -0.60101167 -0.46809131
v -0.64907842 -0.60101167 -0.46418130
v -0.75226585 -0.53102936 0.98363227
v -0.75270303 -0.38374404 0.97877627
v -0.75133342 -0.43108917 0.90902369
v -0.75218137 0.58345320 0.98315145
v -0.74997677 -0.40535625 0.98427687
v -0.65816213 -0.64397086 -0.68609806
v -0.75272103 -0.42712427 0.97717532
v -0.74927529 0.05401020 0.90733807
v -0.67510843 -0.32757167 0.68033868
v -0.64906841 -0.60099170 -0.79621130
v -0.64906841 -0.60099170 -0.80012131
v -0.74878654 -0.11224105 0.90706432
v -0.74935842 0.17049638 0.90741026
v -0.74575091 0.38396519 0.98435619
v -0.66351716 -0.07979167 0.28349181
v -0.75165143 0.12665636 0.98401000
v -0.75105541 -0.16572694 0.98383044
v -0.74948893 -0.57757167 0.98428145
v -0.75272568 -0.12088486 0.97715865
v -0.64906841 -0.60099170 -0.31184131
v -0.64907842 -0.60101167 -0.31184131
v -0.64907842 -0.60101167 -0.30793130
v -0.74976404 -0.00445761 0.90761182
v -0.64401341 -0.58881386 -0.75919451
v -0.56627077 -0.74866522 0.98400164
v -0.67641842 -0.61273167 -0.94239134
v -0.75129807 0.17430365 0.98388541
v -0.64906841 -0.60099170 -0.49152130
v -0.64906841 -0.60099170 -0.30012131
v -0.64907842 -0.60101167 -0.29621130
v -0.64906841 -0.60099170 -0.29621130
v -0.67321303 -0.64975233 -0.94612734
v -0.64216012 -0.65960838 -0.49152333
v -0.74956013 0.31157707 0.90730947
v -0.64907842 -0.60101167 -0.85090131
v -0.74913263 0.31603496 0.98273947
v -0.66686841 -0.64831415 -0.77997756
v -0.75191820 0.43629489 0.98347464
v -0.64907842 -0.60101167 -0.69855130
v -0.64907842 -0.60101167 -0.69465131
v -0.64906841 -0.60099170 -0.69855130
v -0.67478019 -0.61002259 -0.94465256
v -0.75182475 -0.74687147 0.90662159
v -0.64907842 -0.60101167 -0.56965131
v -0.74782498 0.45867379 0.90696245
v -0.75117489 0.74986161 0.90663274
v -0.74974665 0.52435262 0.98411632
v -0.74871186 0.64495363 0.90703713
v -0.75240844 0.62359332 0.91080868
v -0.75118491 0.74864774 0.98404936
v -0.75189076 -0.63524749 0.98275164
v -0.64906841 -0.60099170 -0.63996130
v -0.64395841 -0.58885730 -0.66388787
v -0.64906841 -0.60099170 -0.62434131
v -0.64906841 -0.60099170 -0.62043130
v -0.67699843 -0.53776194 -0.06436936
v -0.75112900 -0.74853871 0.90817340
v -0.64907842 -0.60101167 -0.81965131
v -0.74712216 -0.14935042 0.90556995
v -0.64574990 -0.64215654 -0.08917847
v -0.67201703 -0.65047159 0.90488546
v -0.46743342 -0.74701167 0.98242870
v -0.75272840 -0.67620417 0.93620118
v -0.64395841 -0.58885730 -0.60334037
v -0.64831840 -0.59710166 -0.87043130
v -0.64906841 -0.60101167 -0.87048131
v -0.75196594 -0.27152851 0.90630298
v -0.64175091 -0.66097415 -0.42975693
v -0.69570263 -0.71575401 0.98455870
v -0.64906841 -0.60099170 -0.30402130
v -0.67811185 -0.58398135 0.90359776
v -0.64906841 -0.60099170 -0.72980130
v -0.64907842 -0.60101167 -0.72590131
v -0.64906841 -0.60099170 -0.72590131
v -0.65982871 0.14417341 0.98455870
v -0.65042966 -0.58869886 -0.54592232
v -0.65807983 -0.64103518 -0.76992548
v -0.75272840 0.39507332 0.92740993
v -0.74902810 0.53455594 0.90701697
v -0.75024654 -0.49468854 0.98219869
v -0.75008030 -0.40643026 0.90809932
v -0.74872729 -0.74847977 0.98269844
v -0.64906841 -0.60099170 -0.65949130
v -0.64907842 -0.60101167 -0.65559131
v -0.64906841 -0.60099170 -0.65559131
v -0.64906841 -0.60099170 -0.61262131
v -0.64907842 -0.60101167 -0.60871130
v -0.64906841 -0.60099170 -0.60871130
v -0.64906841 -0.60099170 -0.33918130
v -0.67596279 -0.40198128 -0.94522142
v -0.64536179 -0.65813024 -0.21912365
v -0.75030216 -0.04235417 0.98180618
v -0.64906841 -0.60099170 -0.62824130
v -0.64906841 -0.60099170 -0.63215131
v -0.67100684 -0.08087895 0.90495068
v -0.64906841 -0.60099170 -0.76496130
v -0.64906841 -0.60099170 -0.76887131
v -0.64906841 -0.60099170 -0.34699130
v -0.64906841 -0.60099170 -0.35090131
v -0.64906841 -0.60099170 -0.59699130
v -0.65941996 -0.58780702 -0.94650743
v -0.66880380 -0.64811103 -0.46372271
v -0.64680534 -0.58788732 -0.87430289
v -0.64906841 -0.60099170 -0.31574130
v -0.74907905 -0.59612573 0.90753119
v -0.74672841 0.58184457 0.98428869
v -0.71920749 -0.75066752 0.90782014
v -0.64907842 -0.60101167 -0.47590131
v -0.71962841 0.74737332 0.98308371
v -0.64907842 -0.60882167 -0.87043130
v -0.64907842 -0.60101167 -0.86652130
v -0.64907842 -0.60491166 -0.87043130
v -0.59345337 -0.34024819 -0.87398813
v -0.64907842 -0.60101167 -0.63996130
v -0.64384841 -0.58894417 -0.81232505
v -0.64248080 -0.66231527 -0.08950688
v -0.64907842 -0.60101167 -0.52277130
v -0.64907842 -0.60101167 -0.51887131
v -0.64906841 -0.60099170 -0.52277130
v -0.64907842 -0.60101167 -0.81184131
v -0.64907842 -0.60101167 -0.80793130
v -0.64906841 -0.60099170 -0.81184131
v -0.67699693 -0.64409273 0.89893459
v -0.66025192 -0.64791063 -0.94564412
v -0.64906841 -0.60099170 -0.33527130
v -0.64906841 -0.60099170 -0.74934131
v -0.64906841 -0.60099170 -0.74543130
v -0.67078842 -0.64799541 -0.27826756
v -0.64322405 -0.66289704 -0.18358183
v -0.67699744 -0.64395906 -0.81668714
v -0.67425024 -0.55053068 -0.94557136
v -0.65816206 -0.64397074 -0.41826818
v -0.64907842 -0.60101167 -0.61652130
v -0.67699243 -0.64414961 -0.55237161
v -0.64906841 -0.60099170 -0.48371130
v -0.64907842 -0.60101167 -0.48371130
v -0.64907842 -0.60101167 -0.47980130
v -0.64906841 -0.60099170 -0.77668130
v -0.64907842 -0.60101167 -0.77277130
v -0.64906841 -0.60099170 -0.77277130
v -0.64906841 -0.63226167 -0.87048131
v -0.64907842 -0.62835166 -0.87043130
v -0.65760279 -0.58871417 -0.74723013
v -0.64906841 -0.60099170 -0.51105130
v -0.67699786 -0.64395800 -0.16501761
v -0.64907842 -0.60101167 -0.62434131
v -0.64906841 -0.61663166 -0.87048131
v -0.64907842 -0.61663166 -0.87043130
v -0.64907842 -0.61273167 -0.87043130
v -0.64269090 -0.65954166 -0.35138755
v -0.64907842 -0.60101167 -0.51496130
v -0.64906841 -0.60099170 -0.51887131
v -0.64907842 -0.60101167 -0.67121130
v -0.64907842 -0.60101167 -0.66730130
v -0.64906841 -0.60099170 -0.67121130
v -0.64907842 -0.60101167 -0.71418130
v -0.64907842 -0.60101167 -0.84309131
v -0.64907842 -0.60101167 -0.83918130
v -0.64906841 -0.60099170 -0.84309131
v -0.64907842 -0.60101167 -0.71809131
v -0.64906841 -0.60099170 -0.71809131
v -0.64165474 -0.66357983 -0.58749186
v -0.67626217 -0.51116667 -0.94223131
v -0.64831840 -0.59710166 -0.72418943
v -0.64906841 -0.60099170 -0.45246130
v -0.64906841 -0.60099170 -0.45637131
v -0.64906841 -0.60099170 -0.39777130
v -0.67023841 -0.64825165 -0.56339310
v -0.64906841 -0.60099170 -0.65168130
v -0.64907842 -0.60101167 -0.64777130
v -0.64906841 -0.60099170 -0.64777130
v -0.64907842 -0.60101167 -0.65949130
v -0.64906841 -0.60099170 -0.38605130
v -0.64906841 -0.60099170 -0.37824130
v -0.64907842 -0.60101167 -0.37434131
v -0.64906841 -0.60099170 -0.37434131
v -0.64906841 -0.60099170 -0.78840131
v -0.64906841 -0.60099170 -0.79230130
v -0.64906841 -0.60099170 -0.69465131
v -0.64907842 -0.60101167 -0.69074130
v -0.64906841 -0.60099170 -0.69074130
v -0.64906841 -0.60099170 -0.67902130
v -0.64907842 -0.60101167 -0.67512131
v -0.64906841 -0.60099170 -0.67512131
v -0.64907842 -0.60101167 -0.73371130
v -0.64906841 -0.60099170 -0.83918130
v -0.64907842 -0.60101167 -0.31965131
v -0.64907842 -0.60101167 -0.31574130
v -0.64906841 -0.60099170 -0.31965131
v -0.64906841 -0.60099170 -0.66340131
v -0.64906841 -0.60099170 -0.46027130
v -0.64906841 -0.60099170 -0.43293130
v -0.64906841 -0.60099170 -0.35871130
v -0.64907842 -0.60101167 -0.35480130
v -0.64906841 -0.60099170 -0.35480130
v -0.64906841 -0.60099170 -0.30793130
v -0.64907842 -0.60101167 -0.38996130
v -0.64907842 -0.61321792 -0.38068443
v -0.64906841 -0.60099170 -0.60480130
v -0.64906841 -0.60099170 -0.74152130
v -0.64907842 -0.60101167 -0.73762131
v -0.64906841 -0.60099170 -0.73762131
v -0.64907842 -0.60101167 -0.34699130
v -0.64907842 -0.60101167 -0.34309131
v -0.64907800 -0.60101084 -0.22592120
v -0.65039678 -0.59118104 -0.22380922
v -0.64906841 -0.60099170 -0.53840131
v -0.64907842 -0.60101167 -0.53449130
v -0.64906841 -0.60099170 -0.53449130
v -0.64906841 -0.60099170 -0.63605130
v -0.64907842 -0.60101167 -0.63215131
v -0.64907842 -0.60101167 -0.37043130
v -0.64906841 -0.60099170 -0.37043130
v -0.64907842 -0.60101167 -0.41730130
v -0.64907842 -0.60101167 -0.41340131
v -0.64906841 -0.60099170 -0.41730130
v -0.64907842 -0.60101167 -0.42512131
v -0.64907842 -0.60101167 -0.42121130
v -0.64906841 -0.60099170 -0.42512131
v -0.64507388 -0.65839149 0.55847628
v -0.64907842 -0.60101167 -0.53059131
v -0.64906841 -0.62835166 -0.87048131
v -0.64613346 -0.66039169 -0.29923206
v -0.60714779 -0.07908417 -0.57489943
v -0.64907842 -0.60101167 -0.78840131
v -0.64907842 -0.60101167 -0.78449130
v -0.67692593 -0.58733917 -0.94094630
v -0.64906841 -0.60099170 -0.72199130
v -0.66980226 -0.08476952 0.90424823
v -0.64907842 -0.60101167 -0.39777130
v -0.64907842 -0.60101167 -0.39387131
v -0.64907842 -0.60101167 -0.45246130
v -0.64906841 -0.60099170 -0.58527130
v -0.64907842 -0.60101167 -0.58137131
v -0.64906841 -0.60099170 -0.58137131
v -0.64907842 -0.60101167 -0.62824130
v -0.64907842 -0.60101167 -0.72980130
v -0.64907842 -0.60101167 -0.66340131
v -0.64907842 -0.60101167 -0.52668130
v -0.64906841 -0.60099170 -0.52668130
v -0.65546795 -0.64598318 -0.15494582
v -0.64907842 -0.60101167 -0.38605130
v -0.64906841 -0.60099170 -0.38996130
v -0.64907842 -0.60101167 -0.35090131
v -0.67248332 -0.65095837 -0.07357358
v -0.67144006 -0.65059967 0.16070734
v -0.64906841 -0.60099170 -0.57746130
v -0.64907842 -0.60101167 -0.57746130
v -0.64907842 -0.60101167 -0.57355130
v -0.64907842 -0.60101167 -0.70246130
v -0.64907842 -0.60101167 -0.74543130
v -0.64907842 -0.60101167 -0.74152130
v -0.64907842 -0.60101167 -0.74934131
v -0.64819437 -0.63524698 -0.74414896
v -0.64907842 -0.60101167 -0.25715131
v -0.64906841 -0.60099170 -0.56574130
v -0.64906841 -0.60099170 -0.56965131
v -0.64906841 -0.60099170 -0.47980130
v -0.64907842 -0.60101167 -0.50324130
v -0.64907842 -0.60101167 -0.49934131
v -0.64906841 -0.60099170 -0.50324130
v -0.64907842 -0.62445167 -0.87043130
v -0.64906841 -0.60099170 -0.84699130
v -0.64906841 -0.60099170 -0.60090131
v -0.64907842 -0.60101167 -0.59699130
v -0.64906841 -0.60099170 -0.85871130
v -0.64906841 -0.60099170 -0.85480130
v -0.64906841 -0.60099170 -0.48762131
v -0.64907842 -0.60101167 -0.79621130
v -0.64906841 -0.60099170 -0.51496130
v -0.65890245 -0.64675143 0.00471731
v -0.64907842 -0.60101167 -0.60480130
v -0.64907842 -0.60101167 -0.27277130
v -0.64906841 -0.60099170 -0.40949130
v -0.64907842 -0.60101167 -0.40559131
v -0.64906841 -0.60099170 -0.40559131
v -0.64906841 -0.60099170 -0.49543130
v -0.64907842 -0.60101167 -0.49152130
v -0.64906841 -0.60099170 -0.55402130
v -0.65153466 -0.59074917 -0.37177443
v -0.64907842 -0.60101167 -0.55402130
v -0.64906841 -0.60099170 -0.68293130
v -0.64907842 -0.60101167 -0.67902130
v -0.64906841 -0.60099170 -0.26887131
v -0.64906841 -0.60099170 -0.27277130
v -0.64906841 -0.60099170 -0.71027130
v -0.64906841 -0.60099170 -0.64387131
v -0.64906841 -0.60099170 -0.78449130
v -0.67698663 -0.64432230 0.06338734
v -0.64904844 -0.63616166 -0.50763630
v -0.64906841 -0.60099170 -0.80793130
v -0.64906841 -0.60099170 -0.80402130
v -0.64906841 -0.60099170 -0.54621130
v -0.64906841 -0.60099170 -0.54230130
v -0.64907842 -0.60101167 -0.65168130
v -0.64906841 -0.60099170 -0.28840131
v -0.64705755 -0.65733364 -0.01280186
v -0.66535212 0.01176120 -0.94741288
v -0.56821402 -0.55949107 -0.37197244
v -0.64906841 -0.60099170 -0.75715131
v -0.64907842 -0.60101167 -0.80402130
v -0.64907842 -0.60101167 -0.80012131
v -0.64906841 -0.60099170 -0.87043130
v -0.64906841 -0.60099170 -0.86652130
v -0.64384841 -0.58894417 -0.48883880
v -0.64907842 -0.60101167 -0.76887131
v -0.64907842 -0.60101167 -0.76496130
v -0.64906841 -0.60099170 -0.33137131
v -0.64907842 -0.60101167 -0.32746130
v -0.64906841 -0.60099170 -0.32746130
v -0.64906841 -0.60099170 -0.70246130
v -0.66640841 -0.02386292 -0.65461005
v -0.64906841 -0.60099170 -0.34309131
v -0.64907842 -0.60101167 -0.61262131
v -0.64906841 -0.60099170 -0.61652130
v -0.64907842 -0.60101167 -0.50715131
v -0.64906841 -0.60099170 -0.50715131
v -0.66182677 -0.64873474 0.48893362
v -0.66640841 -0.01897917 -0.70636755
v -0.64907842 -0.60101167 -0.51105130
v -0.64906841 -0.60099170 -0.27668130
v -0.63930341 -0.66210166 0.08488306
v -0.64907842 -0.60101167 -0.33918130
v -0.64907842 -0.60101167 -0.33527130
v -0.58656841 -0.66296170 -0.41730130
v -0.66513807 -0.65088618 0.28666283
v -0.66023342 -0.64730665 0.19608931
v -0.64395841 -0.58885730 -0.31317912
v -0.64907842 -0.60101167 -0.48762131
v -0.67209834 -0.65118837 0.44203096
v -0.64907842 -0.60101167 -0.26887131
v -0.64906841 -0.60099170 -0.66730130
v -0.66037321 -0.32635702 -0.04742703
v -0.64652361 -0.65976214 0.28972016
v -0.64906841 -0.60099170 -0.85090131
v -0.64907842 -0.60101167 -0.40949130
v -0.64906841 -0.60099170 -0.41340131
v -0.64906841 -0.60099170 -0.38215131
v -0.64907842 -0.60101167 -0.37824130
v -0.65057591 -0.58887479 -0.46833130
v -0.57200783 -0.66137752 -0.26835792
v -0.64906841 -0.60099170 -0.55012131
v -0.64906841 -0.62054167 -0.87048131
v -0.64819499 -0.63522386 -0.69352052
v -0.65074717 -0.58844917 -0.82941443
v -0.64081301 -0.09729340 -0.93766277
v -0.64569550 -0.65731903 0.49272050
v -0.67200131 -0.65044552 0.62169919
v -0.64429056 -0.66031182 0.42642531
v -0.64907842 -0.60101167 -0.76105130
v -0.67613995 -0.64762575 0.90186496
v -0.64703749 -0.65786661 0.72436339
v -0.64740019 -0.65620806 0.13237887
v -0.66328365 -0.65046047 0.70887091
v -0.64907842 -0.60101167 -0.87043130
v -0.64906841 -0.60491166 -0.87048131
v -0.66738583 -0.08208509 0.61426973
v -0.64907842 -0.60101167 -0.83137131
v -0.64907842 -0.60101167 -0.56574130
v -0.65870845 -0.64758224 0.90474455
v -0.64405605 -0.66028389 -0.72107249
v -0.66402623 -0.07924730 -0.77957927
v -0.64291350 -0.59245451 -0.93823395
v -0.64906841 -0.60099170 -0.32355130
v -0.64907842 -0.60101167 -0.82746130
v -0.63708678 -0.08577647 -0.93778802
v -0.64906841 -0.60099170 -0.42121130
v -0.64907842 -0.60101167 -0.86262131
v -0.64907842 -0.60101167 -0.85871130
v -0.64906841 -0.60099170 -0.86262131
v -0.64907842 -0.60101167 -0.62043130
v -0.64428841 -0.58859668 -0.42804880
v -0.64907842 -0.60101167 -0.46027130
v -0.64906841 -0.60099170 -0.46418130
v -0.64906841 -0.62445167 -0.87048131
v -0.64906841 -0.60099170 -0.82355130
v -0.64906841 -0.60099170 -0.36262131
v -0.64906841 -0.60099170 -0.29230130
v -0.64907842 -0.62054167 -0.87043130
v -0.64907842 -0.60101167 -0.79230130
v -0.64906841 -0.60099170 -0.49934131
v -0.64907842 -0.60101167 -0.49543130
v -0.66317091 -0.07989417 0.03019682
v -0.64906841 -0.60099170 -0.56184131
v -0.64906841 -0.60099170 -0.73371130
v -0.64907842 -0.60101167 -0.72199130
v -0.67699843 -0.44195450 -0.71456740
v -0.64907842 -0.60101167 -0.64387131
v -0.64906841 -0.60099170 -0.43684131
v -0.64907842 -0.60101167 -0.43293130
v -0.64906841 -0.60099170 -0.71418130
v -0.64906841 -0.60099170 -0.76105130
v -0.64907842 -0.60101167 -0.35871130
v -0.64906841 -0.60099170 -0.53059131
v -0.64906841 -0.60882167 -0.87048131
v -0.64906841 -0.60099170 -0.57355130
v -0.64906841 -0.60099170 -0.28059131
v -0.64906841 -0.60099170 -0.28449130
v -0.64906841 -0.60099170 -0.39387131
v -0.64907842 -0.60101167 -0.63605130
v -0.64907842 -0.60101167 -0.30402130
v -0.66426412 -0.07886277 -0.49772017
v -0.64907842 -0.60101167 -0.28840131
v -0.58292088 -0.47794210 -0.32179725
v -0.64384841 -0.58894417 -0.68342006
v -0.64907842 -0.60101167 -0.71027130
v -0.64907842 -0.60101167 -0.28059131
v -0.64907842 -0.60101167 -0.27668130
v -0.64907842 -0.60101167 -0.54230130
v -0.64907842 -0.60101167 -0.53840131
v -0.64906841 -0.60099170 -0.58918130
v -0.67699843 -0.41774746 -0.80737719
v -0.67699843 -0.43210636 -0.63588378
v -0.64907842 -0.60101167 -0.78059131
v -0.64907842 -0.60101167 -0.60090131
v -0.67590026 -0.32553486 -0.75799606
v -0.64907842 -0.60101167 -0.44855130
v -0.64907842 -0.60101167 -0.68293130
v -0.64907842 -0.60588916 -0.66926006
v -0.64906841 -0.60099170 -0.40168130
v -0.64907842 -0.60101167 -0.28449130
v -0.64907842 -0.60101167 -0.29230130
v -0.64906841 -0.60099170 -0.75324130
v -0.64907842 -0.60101167 -0.47199130
v -0.64906841 -0.60099170 -0.47199130
v -0.60712819 -0.07902995 0.14573517
v -0.62795162 -0.08698345 -0.88991598
v -0.60878918 -0.33545406 -0.64721716
v -0.67578898 -0.65235287 0.52618195
v -0.64906841 -0.60099170 -0.83527130
v -0.66302841 -0.08010667 -0.27668130
v -0.64419406 -0.59652891 -0.98214615
v -0.67055845 -0.04351503 0.79496501
v -0.65183823 -0.58861226 0.77246365
v -0.63799347 -0.32754203 -0.94084218
v -0.64906841 -0.60099170 -0.44465131
v -0.64907842 -0.60101167 -0.44074130
v -0.64906841 -0.60099170 -0.44074130
v -0.65429092 -0.58944291 -0.27072912
v -0.64907842 -0.60101167 -0.26105130
v -0.64906841 -0.60099170 -0.42902130
v -0.64906841 -0.60099170 -0.83137131
v -0.67534061 -0.32873682 -0.41962537
v -0.58630456 -0.45916849 -0.22889392
v -0.67801591 -0.48882674 0.90353119
v -0.64907842 -0.60101167 -0.40168130
v -0.60984343 -0.08157167 0.16764494
v -0.66932341 -0.08258167 0.74382119
v -0.60789717 -0.07978167 -0.17511818
v -0.66302841 -0.08010667 -0.29303693
v -0.65515809 -0.32685615 -0.80899677
v -0.67699843 -0.47823368 -0.68913759
v -0.61370367 -0.33233127 0.09364878
v -0.67510843 -0.32757167 -0.28547131
v -0.67574333 -0.32655726 -0.94442351
v -0.66364482 0.01088583 0.45261993
v -0.65736840 -0.32659334 -0.04109252
v -0.67055845 -0.04919105 0.66966072
v -0.49328668 -0.66022972 0.36074914
v -0.74903092 0.39068020 0.90720119
v -0.66877622 0.01393176 0.69914150
v -0.64906841 -0.60099170 -0.59309131
v -0.67535591 -0.32526139 0.44774893
v -0.64363661 -0.32858879 -0.87879127
v -0.64907842 -0.60101167 -0.42902130
v -0.60911993 -0.33539517 -0.80622630
v -0.64907842 -0.60101167 -0.68684131
v -0.67699843 -0.48083133 -0.55403534
v -0.64907842 -0.60101167 -0.70637131
v -0.64906841 -0.60099170 -0.70637131
v -0.64906841 -0.60099170 -0.78059131
v -0.66526841 -0.07842167 -0.03644631
v -0.67606538 -0.32622764 -0.65202947
v -0.64907842 -0.60101167 -0.75715131
v -0.67430568 -0.32430515 -0.30977485
v -0.66815573 0.01382303 0.61552739
v -0.64321122 -0.08627167 0.66959931
v -0.64428841 -0.58859668 -0.28058881
v -0.66495030 -0.08027452 -0.94663783
v -0.60710878 -0.07890597 -0.28531693
v -0.66507717 0.00965583 -0.21174006
v -0.62584435 -0.08709526 0.61490183
v -0.66424740 0.01006473 -0.70558158
v -0.66401967 0.01045083 -0.27167411
v -0.45850549 -0.01028194 -0.95382080
v -0.67171359 -0.32449101 -0.39440612
v -0.66469842 -0.07927167 -0.85675630
v -0.63207579 -0.32910614 -0.89057973
v -0.66274341 0.01183833 -0.74445380
v -0.61646675 0.36967670 0.98455870
v -0.60796844 -0.33929167 -0.04621131
v -0.60950854 -0.33547818 -0.03705963
v -0.64907842 -0.60101167 -0.26496130
v -0.60472502 -0.07983392 0.61353068
v -0.60984343 -0.08157167 -0.06184131
v -0.66469842 -0.07927167 0.16666869
v -0.66253966 -0.08042167 -0.06781662
v -0.66311747 -0.07997386 0.35715993
v -0.67699843 -0.40902354 0.51450814
v -0.63204138 -0.08213167 0.55820993
v -0.66308185 -0.07983574 0.46238540
v -0.67699843 -0.38832548 0.12447836
v -0.46031686 -0.59110510 -0.95539741
v -0.53014361 -0.58736700 -0.03303943
v -0.66321529 0.01156083 0.00383119
v -0.66366341 -0.07952667 0.40080056
v -0.67637275 -0.32644496 0.43518016
v -0.66477975 0.01008192 0.23612775
v -0.58590463 -0.46019854 -0.87645431
v -0.60847707 -0.33651271 0.60390982
v -0.60441027 -0.01255954 -0.88267857
v -0.67699602 -0.64439551 0.69948438
v -0.67804078 -0.33133942 0.90469523
v -0.66365343 0.01138833 -0.42804880
v -0.74477341 -0.23308917 0.98442370
v -0.61221876 -0.33361428 0.90509213
v -0.66324216 -0.07978792 -0.45734505
v -0.60155335 -0.08463023 0.90444178
v -0.66481999 0.00953817 -0.06885592
v -0.66533842 0.00943833 0.08756869
v -0.66498217 0.00936520 0.32047775
v -0.64907496 -0.63236500 -0.87043216
v -0.60229637 -0.08533775 0.61726028
v -0.66556203 0.01225527 0.59689251
v -0.46156841 -0.11370417 -0.95646131
v -0.45766842 -0.12688917 -0.95282131
v -0.60650145 0.01858548 0.90490132
v -0.66956516 0.01586432 0.90474816
v -0.64907842 -0.60101167 -0.59309131
v -0.64586341 -0.59319667 -0.25836880
v -0.64819405 -0.63525855 -0.82355443
v -0.64882586 -0.63612880 -0.87434327
v -0.64906841 -0.60099170 -0.55793130
v -0.64906841 -0.60099170 -0.47590131
v -0.64906841 -0.60099170 -0.36652130
v -0.64807414 -0.63702627 -0.60599623
v -0.64906841 -0.60099170 -0.81965131
v -0.64906841 -0.60099170 -0.82746130
v -0.64907842 -0.60101167 -0.36652130
v -0.64906841 -0.61273167 -0.87048131
v -0.64907842 -0.60101167 -0.75324130
v -0.64907842 -0.60101167 -0.55012131
v -0.64907842 -0.60101167 -0.54621130
v -0.64907842 -0.60101167 -0.33137131
v -0.63930341 -0.66210166 -0.48615255
v -0.64300145 -0.59304595 -0.87993937
v -0.58161055 -0.48511012 -0.62388943
v -0.65066154 -0.58866198 -0.39551740
v -0.64907842 -0.60101167 -0.81574130
v -0.64906841 -0.60099170 -0.81574130
v -0.57224690 -0.59310120 -0.94016297
v -0.64907342 -0.63244668 -0.86164130
v -0.64907842 -0.60101167 -0.82355130
v -0.64907842 -0.60101167 -0.83527130
v -0.64907842 -0.60101167 -0.58527130
v -0.64906841 -0.60099170 -0.68684131
v -0.64907842 -0.60101167 -0.56184131
v -0.64907842 -0.60101167 -0.58918130
v -0.64478427 -0.65063721 -0.45624623
v -0.64906841 -0.60099170 -0.44855130
v -0.64907842 -0.60101167 -0.45637131
v -0.64907842 -0.60101167 -0.43684131
v -0.64907842 -0.60101167 -0.38215131
v -0.64907842 -0.60101167 -0.36262131
v -0.67699843 -0.45729072 -0.36994911
v -0.64907842 -0.60101167 -0.32355130
v -0.64907842 -0.60101167 -0.30012131
v -0.53431717 -0.26630819 -0.95451004
v -0.64133898 -0.66226673 0.77557618
v -0.64907842 -0.60101167 -0.85480130
v -0.67699843 -0.53246620 -0.80078912
v -0.64907842 -0.60101167 -0.77668130
v -0.64907842 -0.60101167 -0.84699130
v -0.64828938 -0.63701697 -0.53861341
v -0.64907842 -0.60101167 -0.55793130
v -0.64362841 -0.58911792 -0.53400443
v -0.64907842 -0.60101167 -0.44465131
v -0.53857844 -0.51311666 -0.88996130
v -0.64406841 -0.58877043 -0.33454255
v -0.67699843 -0.47703596 -0.46957352
v -0.46156841 -0.46429167 -0.95646131
v -0.46156841 -0.46038166 -0.95646131
v -0.46142843 -0.46429167 -0.95637131
v -0.59769730 -0.39453593 -0.87676709
v -0.60876915 -0.34117830 -0.94481858
v -0.57740197 -0.50832423 -0.51232136
v -0.56931738 -0.65934515 -0.78643262
v -0.60878942 -0.33561209 -0.75285613
v -0.46142843 -0.14007167 -0.95637131
v -0.46156841 -0.13616168 -0.95646131
v -0.58258388 -0.47978101 -0.80415232
v -0.60742463 -0.08102199 -0.87548872
v -0.60782342 -0.07961667 0.26225119
v -0.60684592 -0.07878167 0.41373993
v -0.48537497 -0.65417823 -0.40129939
v -0.65785197 -0.58800341 0.90428657
v -0.67610689 -0.32600354 0.90338120
v -0.67111286 -0.25211743 0.90512872
v -0.64377827 -0.08303951 -0.87866663
v -0.60881781 -0.33572074 -0.42856383
v -0.61140182 -0.33422274 -0.50241322
v -0.54359779 -0.57743256 0.51427283
v -0.52921105 -0.58764903 -0.41657233
v -0.67480842 -0.32789182 -0.00477490
v -0.61230497 -0.33394774 0.39047674
v -0.60945031 -0.33536720 -0.05239498
v -0.45766842 -0.09331917 -0.95282131
v -0.48622726 -0.65579081 0.90447635
v -0.56885433 -0.65794203 0.14057000
v -0.60673093 -0.07859417 -0.08252897
v -0.60913469 -0.33524113 0.31146059
v -0.46083779 -0.52032104 -0.95557506
v -0.48476404 -0.65351480 -0.64502740
v -0.60130840 0.01225833 0.78776368
v -0.67699843 -0.44535018 0.47929065
v -0.56839681 -0.65802613 0.56739650
v -0.60380467 -0.08379355 0.79484431
v -0.59269792 -0.42381913 0.77018459
v -0.60365213 -0.03647015 -0.89089176
v -0.67820779 -0.38390776 0.90366432
v -0.60625031 -0.07821230 -0.65827381
v -0.57734733 -0.19157399 0.98455870
v -0.59977512 -0.38461307 0.70298558
v -0.53352318 -0.02513972 -0.95803906
v -0.60699281 0.00998926 -0.63715505
v -0.56912625 -0.65936804 -0.08912145
v -0.60637201 -0.08030770 -0.94731282
v -0.49840938 -0.13522121 0.98455870
v -0.56834110 -0.55905570 -0.08154259
v -0.60743343 0.01050083 0.39420868
v -0.57023460 -0.01249253 -0.88016798
v -0.45872027 -0.58768169 -0.53748757
v -0.52960310 -0.40552944 -0.87948973
v -0.56684500 -0.65943310 0.77912719
v -0.67699843 -0.47042199 -0.25619457
v -0.57480546 -0.66264157 -0.91176059
v -0.56808581 -0.56016198 0.10602059
v -0.46156841 -0.40179167 -0.95646131
v -0.46156841 -0.39788166 -0.95646131
v -0.46142843 -0.40179167 -0.95637131
v -0.58350315 -0.47473310 -0.10851597
v -0.56799679 -0.55991148 0.30500618
v -0.46156841 -0.32757167 -0.95646131
v -0.46156841 -0.32366166 -0.95646131
v -0.67699843 -0.49616298 0.31598403
v -0.46156841 -0.39398167 -0.95646131
v -0.56821072 -0.55919669 -0.87638937
v -0.57613643 -0.51524438 -0.64107164
v -0.57878500 -0.66293728 -0.48472090
v -0.46156841 -0.41741166 -0.95646131
v -0.56818292 -0.55935911 0.17410424
v -0.46156841 -0.41351167 -0.95646131
v -0.46142843 -0.41741166 -0.95637131
v -0.52920813 -0.58766144 0.51109551
v -0.59585283 -0.40633247 0.24481668
v -0.67699843 -0.43523854 -0.86750068
v -0.59740832 -0.39771305 0.41872179
v -0.57162073 -0.58933077 0.90383544
v -0.63945522 -0.66391205 -0.98257768
v -0.52950154 -0.22275952 -0.87955004
v -0.52777148 -0.58779072 -0.88038575
v -0.56814238 -0.55928771 -0.47635758
v -0.60843542 -0.33604269 0.90473483
v -0.61348769 0.01598354 -0.94652964
v -0.52961693 -0.58751125 -0.53942998
v -0.60894847 -0.33558579 0.76496518
v -0.67699843 -0.38601385 -0.89222029
v -0.60832803 -0.33739754 -0.55986076
v -0.60767365 -0.33741731 -0.88972080
v -0.60929129 -0.33437190 -0.21627487
v -0.60889645 -0.33573618 -0.09327773
v -0.46156841 -0.38616166 -0.95646131
v -0.54203860 -0.58440614 -0.94721307
v -0.60996530 -0.33474995 -0.62565452
v -0.55876782 -0.66019296 -0.29444764
v -0.60830780 -0.08009417 -0.14679959
v -0.63923933 -0.32948315 0.25258318
v -0.56382360 -0.66012262 0.23170315
v -0.61036737 -0.33455865 0.56592283
v -0.55661343 -0.01686920 -0.88996314
v -0.55922841 -0.01507167 -0.88829130
v -0.60925225 -0.33529116 -0.33996934
v -0.60867861 -0.33568582 0.05002312
v -0.60615229 -0.34930591 -0.04229481
v -0.67612972 -0.32583363 0.03710786
v -0.60715530 0.01008551 0.50810087
v -0.61664675 -0.33344509 0.77043991
v -0.56313842 -0.01507167 -0.87808132
v -0.61005304 -0.33477647 -0.69969053
v -0.54206041 -0.59254281 -0.89116419
v -0.52921036 -0.58766336 -0.15345531
v -0.60796844 -0.33929167 -0.03840131
v -0.60984343 -0.08157167 0.21354619
v -0.60936711 -0.33529075 0.17190990
v -0.52943570 -0.58748341 0.62850510
v -0.60881811 -0.33599023 0.44700975
v -0.52918540 -0.58766945 0.78738107
v -0.60888628 -0.33548753 0.48981701
v -0.60952240 -0.33489997 0.62722417
v -0.60684592 -0.07878167 -0.78449287
v -0.56825841 -0.65816199 0.31815872
v -0.53276639 -0.34441964 -0.95586628
v -0.55880007 0.03709657 0.90512872
v -0.53899843 -0.16863636 -0.88972504
v -0.60794482 -0.33935979 -0.65818045
v -0.56951966 -0.65864387 -0.66657287
v -0.51837079 0.54447685 0.98455870
v -0.66469842 -0.07927167 -0.58918130
v -0.60609841 -0.07832167 -0.43488631
v -0.56895412 -0.65874301 -0.52789894
v -0.56821524 -0.55963511 -0.26991094
v -0.48500841 -0.65394667 -0.04929428
v -0.45766842 -0.44768917 -0.95282131
v -0.46142843 -0.44866166 -0.95637131
v -0.46142843 -0.44476167 -0.95637131
v -0.46156841 -0.15960168 -0.95646131
v -0.56951599 -0.65942476 0.00031615
v -0.48598591 -0.65400917 0.46616915
v -0.52954612 -0.58751217 0.33601676
v -0.49038334 -0.66008371 -0.56817633
v -0.56817997 -0.55948434 0.42588606
v -0.48549716 -0.65314542 0.55467040
v -0.49281064 -0.66012003 0.33430186
v -0.53650872 -0.33680152 0.98455870
v -0.60281075 -0.02757639 -0.93828371
v -0.56340798 -0.66018077 -0.79926938
v -0.49919361 0.28504924 0.98455870
v -0.55883576 -0.15369536 0.90512872
v -0.56345722 -0.66016871 0.45447231
v -0.56650259 -0.65671158 -0.95405865
v -0.60772397 0.01096669 -0.69577904
v -0.60626312 0.00923426 -0.55365912
v -0.66432139 0.00998614 0.12821838
v -0.60694835 0.00999934 0.20103283
v -0.57483146 -0.66268672 0.12128388
v -0.57486204 -0.66262147 -0.40686953
v -0.60125601 0.01534307 0.90466208
v -0.60670781 0.00974145 -0.84540599
v -0.57680466 -0.03259667 -0.93098632
v -0.56344817 -0.66015699 0.56365751
v -0.49424890 -0.66018532 -0.49657332
v -0.56817112 -0.55943250 -0.59511573
v -0.60774342 0.01086958 -0.33429755
v -0.60720489 0.01015940 -0.23724766
v -0.60750718 0.01063708 -0.14270896
v -0.46156841 -0.10491168 -0.95646131
v -0.46352341 -0.09051230 -0.95665130
v -0.60701906 0.01026895 0.54460181
v -0.49172252 0.14667605 0.98455870
v -0.53876472 -0.03047600 -0.93485142
v -0.46156841 -0.35491166 -0.95646131
v -0.47870042 0.13316278 0.90512872
v -0.53857844 -0.14299917 -0.88996130
v -0.46352341 -0.29143791 -0.95665130
v -0.53019273 -0.61188428 -0.95363487
v -0.56817972 -0.55948467 -0.18666587
v -0.66442842 0.01025583 -0.56379005
v -0.60775843 0.01069333 -0.52252818
v -0.60550844 0.00835833 -0.48859380
v -0.60888342 0.01186083 -0.41938162
v -0.57885888 -0.66295277 -0.49731394
v -0.67064701 0.74850919 0.90817407
v -0.60855943 0.01161067 -0.10764522
v -0.60692193 0.00905012 -0.03421795
v -0.60867264 0.01180880 0.07835260
v -0.45766842 -0.15618542 -0.95282131
v -0.60353028 0.01471145 0.66837931
v -0.55502160 0.61103776 0.90512872
v -0.61000841 0.01302833 0.28727681
v -0.56293499 0.47669400 0.98455870
v -0.60752546 0.01050426 0.36424212
v -0.60731858 0.01017708 0.43492009
v -0.57680842 -0.02251167 -0.93306631
v -0.60486935 0.01519442 0.61452716
v -0.66805591 0.01451083 0.73625056
v -0.75278184 0.26188106 0.90555351
v -0.60671446 0.01652516 0.78303337
v -0.53793926 -0.03628064 -0.89100766
v -0.58461841 -0.63909542 0.98455870
v -0.58436412 -0.45799816 -0.89235140
v -0.67571614 0.74989887 0.98336940
v -0.56882722 -0.65810394 0.65090527
v -0.56467312 -0.66007343 -0.65692028
v -0.67556484 -0.65022554 0.33157149
v -0.57218541 -0.66190344 0.50192899
v -0.56880203 -0.65934480 -0.18955733
v -0.56903532 -0.65843144 -0.48612843
v -0.56816021 -0.55950502 -0.72067233
v -0.46142843 -0.42913166 -0.95637131
v -0.56813813 -0.65810454 -0.86102011
v -0.46156841 -0.17620417 -0.95646131
v -0.46156841 -0.30511167 -0.95646131
v -0.55909932 -0.66019085 -0.06662353
v -0.57110132 -0.59787337 -0.98252379
v -0.56989421 -0.65905614 0.41708993
v -0.52920760 -0.58766062 0.42589914
v -0.67699843 -0.46507762 0.24688531
v -0.48696341 -0.65573666 0.55164947
v -0.49406201 -0.66019299 0.46633753
v -0.57502379 -0.66273360 0.61530498
v -0.53767092 -0.23577417 -0.89289381
v -0.52722841 -0.32354198 -0.88141629
v -0.56806530 -0.55975365 0.81076243
v -0.58084325 -0.48927258 0.54898357
v -0.51279781 -0.60096263 0.98455870
v -0.56138753 -0.66032132 0.57483682
v -0.56660631 -0.65960972 0.90493795
v -0.52406841 -0.34929979 -0.88459128
v -0.53592576 -0.39251276 -0.95325739
v -0.54232437 -0.57456008 0.90512872
v -0.59230646 -0.42597778 0.16483390
v -0.48354216 -0.65302043 0.25089876
v -0.56822403 -0.55919058 0.01021629
v -0.46156841 -0.48968167 -0.95646131
v -0.56899091 -0.65805418 0.23209932
v -0.67669478 -0.47931408 -0.94480724
v -0.67699594 -0.64403967 -0.29814482
v -0.53913843 -0.24017167 -0.88964629
v -0.56273741 -0.56665188 -0.88829302
v -0.67699843 -0.44866667 0.89908868
v -0.49281403 -0.66012079 0.22527795
v -0.44014841 -0.65368169 -0.95020067
v -0.56335738 -0.66016974 0.10211936
v -0.32473091 -0.74566667 0.98296120
v -0.58262392 -0.47954219 0.33929006
v -0.46142843 -0.43304167 -0.95637131
v -0.48402762 -0.58768169 0.55530664
v -0.52452742 -0.01152739 -0.88525844
v -0.60886054 -0.33548485 -0.17895361
v -0.52904457 -0.58767393 0.12955861
v -0.56805450 -0.55969418 0.62699524
v -0.57603033 -0.51592384 0.70964463
v -0.67521967 -0.32826729 -0.11426772
v -0.56343875 -0.66017725 0.31885158
v -0.53449241 -0.58693101 -0.72160362
v -0.67699843 -0.63518974 0.03217262
v -0.67699843 -0.47733687 0.38553968
v -0.67699843 -0.42490129 0.57322375
v -0.58259417 -0.47971750 -0.44253875
v -0.46156841 -0.42523167 -0.95646131
v -0.46142843 -0.42523167 -0.95637131
v -0.58256086 -0.47989575 0.07755485
v -0.46156841 -0.42132167 -0.95646131
v -0.46142843 -0.42132167 -0.95637131
v -0.46142843 -0.34124667 -0.95637131
v -0.46156841 -0.33538166 -0.95646131
v -0.46352341 -0.45867729 -0.95665130
v -0.59134264 -0.43130973 0.41079992
v -0.67699843 -0.46322213 0.65769610
v -0.46142843 -0.39788166 -0.95637131
v -0.46142843 -0.39398167 -0.95637131
v -0.44390436 -0.33159278 0.90512872
v -0.56851454 -0.55816631 0.90445559
v -0.67608352 -0.32619003 0.21484262
v -0.60377190 0.40435220 0.90512872
v -0.52919989 -0.58767687 -0.62495862
v -0.46156841 -0.31976167 -0.95646131
v -0.45766842 -0.32708292 -0.95282131
v -0.46142843 -0.35882167 -0.95637131
v -0.46142843 -0.35491166 -0.95637131
v -0.48439747 -0.65328324 -0.15488459
v -0.46142843 -0.47991166 -0.95637131
v -0.52928428 -0.58759170 -0.87482172
v -0.53671842 -0.17913168 -0.95246130
v -0.46156841 -0.34320167 -0.95646131
v -0.46156841 -0.33929167 -0.95646131
v -0.53325476 -0.04738346 0.98455870
v -0.47072376 -0.08420143 0.90512872
v -0.53857844 -0.35296417 -0.88996130
v -0.46131779 -0.21798362 -0.95561693
v -0.54226123 0.74651707 0.98351371
v -0.54067188 -0.64581663 -0.89210820
v -0.60856766 0.61303441 0.90512872
v -0.54000472 0.75068572 0.97824202
v -0.46142843 -0.16351167 -0.95637131
v -0.51625841 -0.66351167 0.90512872
v -0.55010067 -0.65732749 -0.94571313
v -0.49293827 -0.66018479 -0.26744769
v -0.56543051 -0.57526208 -0.94629340
v -0.46156841 -0.15179167 -0.95646131
v -0.56791977 -0.66140617 0.77628309
v -0.46156841 -0.44866166 -0.95646131
v -0.46156841 -0.44476167 -0.95646131
v -0.48967527 -0.66000803 0.80609789
v -0.48366784 -0.65226540 -0.52668130
v -0.48494069 -0.65382349 -0.88711984
v -0.46142843 -0.35101167 -0.95637131
v -0.46142843 -0.34710166 -0.95637131
v -0.46065615 -0.58696293 -0.88289506
v -0.46135690 -0.10034517 -0.88459128
v -0.46156841 -0.43304167 -0.95646131
v -0.52956939 -0.58758678 -0.28276967
v -0.37004156 -0.65203170 -0.01304718
v -0.45563514 -0.64349727 -0.95270867
v -0.35762970 -0.33493741 -0.88459128
v -0.53379810 -0.56512073 -0.95507722
v -0.46156841 -0.37054167 -0.95646131
v -0.48445857 -0.65463996 0.32267540
v -0.48635248 -0.65465698 0.18632306
v -0.45766842 -0.27874417 -0.95282131
v -0.52946353 -0.58747110 0.90401148
v -0.52966700 -0.58754133 0.71482785
v -0.46142843 -0.37445167 -0.95637131
v -0.46142843 -0.37054167 -0.95637131
v -0.46142843 -0.15570167 -0.95637131
v -0.46142843 -0.15179167 -0.95637131
v -0.57007244 -0.59428910 0.77546245
v -0.46156841 -0.35101167 -0.95646131
v -0.45766842 -0.17815792 -0.95282131
v -0.43176500 -0.15081545 0.90512872
v -0.46547841 -0.43792354 -0.95684129
v -0.46156841 -0.34710166 -0.95646131
v -0.52788268 -0.01298626 -0.88067437
v -0.43996304 0.22948127 0.90512872
v -0.46142843 -0.38616166 -0.95637131
v -0.46156841 -0.38226167 -0.95646131
v -0.46142843 -0.38226167 -0.95637131
v -0.34175522 -0.19644294 -0.88459128
v -0.48305341 -0.65215669 -0.50543818
v -0.46156841 -0.40570167 -0.95646131
v -0.46156841 -0.16546167 -0.95646131
v -0.46156841 -0.14398167 -0.95646131
v -0.46156841 -0.14007167 -0.95646131
v -0.46142843 -0.14398167 -0.95637131
v -0.46156841 -0.15570167 -0.95646131
v -0.46142843 -0.15960168 -0.95637131
v -0.46142843 -0.12249667 -0.95637131
v -0.46156841 -0.14788168 -0.95646131
v -0.46142843 -0.14788168 -0.95637131
v -0.58010559 0.21273620 0.90512872
v -0.46156841 -0.40960166 -0.95646131
v -0.46142843 -0.40960166 -0.95637131
v -0.42215568 -0.58768169 -0.29916171
v -0.51625841 0.74833247 0.98438758
v -0.49280310 -0.66011860 0.61367178
v -0.50837021 0.44983099 0.90512872
v -0.48500841 -0.65394667 0.64796306
v -0.51674591 -0.58939667 -0.95673008
v -0.49282399 -0.66012260 0.53823604
v -0.39163041 -0.00986910 -0.94681321
v -0.45766842 -0.42864667 -0.95282131
v -0.46142843 -0.36663166 -0.95637131
v -0.46547841 -0.14593167 -0.95684129
v -0.46142843 -0.47210166 -0.95637131
v -0.46142843 -0.46820167 -0.95637131
v -0.53269156 -0.58745222 -0.37063465
v -0.46142843 -0.44085166 -0.95637131
v -0.46156841 -0.43695167 -0.95646131
v -0.46142843 -0.43695167 -0.95637131
v -0.45678070 -0.65203170 -0.43289835
v -0.33576114 -0.65203170 0.80762452
v -0.15078317 -0.65203170 0.09068530
v -0.46107216 -0.24718933 -0.95600069
v -0.53611487 -0.01330019 -0.94761253
v -0.46142843 -0.11077667 -0.95637131
v -0.31035097 -0.05911784 0.90512872
v -0.52942724 0.37468172 0.90512872
v -0.46142843 -0.13421167 -0.95637131
v -0.46156841 -0.13226167 -0.95646131
v -0.49263684 -0.66011811 0.43375439
v -0.29369683 -0.58768169 -0.21037887
v -0.45154784 0.38514364 0.98455870
v -0.34698480 0.44120108 0.98455870
v -0.53077855 -0.58724789 0.19801627
v -0.45214595 0.51869927 0.90512872
v -0.43457845 0.61571682 0.90512872
v -0.42824622 -0.74858666 0.91158493
v -0.48912712 -0.65951350 -0.94936707
v -0.48958320 -0.65987703 0.29949918
v -0.48396982 -0.65294371 0.12214486
v -0.48987301 -0.66006052 0.05401117
v -0.48903530 -0.65936543 -0.84687564
v -0.46142843 -0.41351167 -0.95637131
v -0.46156841 -0.44085166 -0.95646131
v -0.46156841 -0.35882167 -0.95646131
v -0.49281153 -0.66012026 -0.44853227
v -0.56757555 -0.66039124 -0.34764966
v -0.46142843 -0.36273167 -0.95637131
v -0.46142843 -0.47601167 -0.95637131
v -0.48598591 -0.65400917 -0.28382240
v -0.34028048 0.29500732 0.90512872
v -0.45766842 -0.49944541 -0.95282131
v -0.49058620 -0.66002281 -0.13913490
v -0.49243069 -0.66010861 0.16639490
v -0.49281841 -0.66012166 0.21549869
v -0.48696341 -0.65573666 0.21794056
v -0.46156841 -0.46820167 -0.95646131
v -0.51040091 -0.74743668 0.90834367
v -0.46254591 -0.12219136 -0.95655631
v -0.46547841 -0.48528729 -0.95684129
v -0.46547841 -0.36663542 -0.95684129
v -0.52475466 -0.14922745 -0.88389597
v -0.46156841 -0.47991166 -0.95646131
v -0.46156841 -0.37445167 -0.95646131
v -0.42720912 -0.65203170 -0.36441673
v -0.35449268 -0.65203170 0.34688906
v -0.46156841 -0.48382167 -0.95646131
v -0.46142843 -0.48382167 -0.95637131
v -0.46156841 -0.39007167 -0.95646131
v -0.46142843 -0.46038166 -0.95637131
v -0.46142843 -0.37835166 -0.95637131
v -0.46156841 -0.37835166 -0.95646131
v -0.46156841 -0.42913166 -0.95646131
v -0.46156841 -0.33148167 -0.95646131
v -0.46142843 -0.39007167 -0.95637131
v -0.46156841 -0.12835168 -0.95646131
v -0.46156841 -0.31585166 -0.95646131
v -0.74281841 0.55547394 0.90512872
v -0.30548180 -0.08820344 0.98455870
v -0.35179732 0.30478540 0.98455870
v -0.48788301 0.02567172 0.98455870
v -0.39143820 0.16450879 0.98455870
v -0.39202267 -0.74964847 0.97724180
v -0.46156841 -0.47601167 -0.95646131
v -0.48610466 -0.65386073 0.74583243
v -0.46156841 -0.45257167 -0.95646131
v -0.45400216 -0.58705415 0.90353119
v -0.35115151 -0.65203170 0.70982146
v -0.46156841 -0.47210166 -0.95646131
v -0.46142843 -0.40570167 -0.95637131
v -0.18933406 -0.58768169 0.16643894
v -0.38002841 -0.58649666 0.90406370
v -0.46156841 -0.36273167 -0.95646131
v -0.46142843 -0.48773167 -0.95637131
v -0.45766842 -0.47356917 -0.95282131
v -0.46142843 -0.45257167 -0.95637131
v -0.45375841 -0.49376979 -0.95271128
v -0.46156841 -0.36663166 -0.95646131
v -0.45766842 -0.34979104 -0.95282131
v -0.39345529 -0.65232419 -0.88288318
v -0.43762766 -0.01208861 -0.88501642
v -0.22029587 -0.65203170 0.66710601
v -0.37611765 -0.15690347 -0.95271128
v -0.26125466 -0.01247855 -0.95013193
v -0.45766842 -0.40398854 -0.95282131
v -0.32069173 0.60707438 0.98455870
v -0.37182887 0.75009113 0.98350247
v -0.31504592 -0.65203170 -0.23080148
v -0.29033795 -0.58610042 -0.88378757
v -0.43671893 -0.48128342 0.98455870
v -0.52797841 -0.58768169 0.36588868
v -0.17433632 0.05040129 0.98455870
v -0.50780474 -0.58715868 0.90343135
v -0.41429032 -0.58768169 -0.05958294
v -0.38711176 -0.58768169 0.49079003
v -0.37383349 -0.65306917 0.90353119
v -0.33773044 -0.65242167 -0.95161442
v -0.39100849 -0.31244252 0.98455870
v -0.38549835 -0.74771985 0.98408423
v -0.41371248 0.25619305 0.90512872
v -0.32762670 0.09068165 0.90512872
v -0.31333701 -0.29094838 0.98455870
v -0.40022384 0.74800310 0.90758484
v -0.30828177 0.55534759 0.90512589
v -0.30693392 -0.50119172 0.98455870
v -0.47426638 -0.39351079 0.90512872
v -0.45375841 -0.32854917 -0.95271128
v -0.23835620 -0.01136346 -0.88536276
v -0.36073810 -0.58768169 0.26023341
v -0.31337873 0.74687270 0.90711681
v -0.21723000 0.43115651 0.98455870
v -0.17314875 -0.58768169 -0.15531092
v -0.18970317 -0.65874459 -0.94212198
v -0.24416699 -0.65221303 -0.88337210
v -0.30205605 -0.65203170 -0.00836875
v -0.45766842 -0.37957229 -0.95282131
v -0.24951400 -0.04515220 0.98455870
v -0.31732795 -0.23348082 0.90512872
v -0.28905153 0.08423033 0.98455870
v -0.15914988 0.48741414 0.98455870
v -0.09369841 -0.65531391 -0.89013745
v -0.30012981 -0.65203170 0.52917333
v -0.28421228 -0.75086041 0.90646237
v -0.37225837 -0.52066025 -0.88459128
v -0.25820870 -0.58768169 -0.09513438
v -0.22323176 -0.63384423 0.98455870
v -0.26380375 -0.22421611 -0.88459128
v -0.29164185 -0.65203170 -0.58979821
v -0.43879220 -0.01230757 -0.95229013
v -0.22069087 -0.21341081 0.90512872
v -0.25603271 0.43852602 0.90512872
v -0.24361831 -0.65203170 0.15838379
v -0.26911251 -0.32304198 0.90512872
v -0.34012478 -0.46127178 0.90512872
v -0.33022341 -0.74607042 0.90626492
v -0.26017868 -0.20631113 -0.95271128
v -0.29675435 -0.65203170 0.45125192
v -0.32224303 -0.58768169 -0.61763330
v -0.38651422 -0.58768169 0.10776853
v -0.22485016 -0.65203170 -0.29128686
v -0.34487436 -0.52601229 -0.95271128
v -0.16360541 -0.14089744 -0.88459128
v -0.14274825 -0.01281516 -0.88491794
v -0.32929208 -0.58768169 -0.29048124
v -0.14483010 -0.65203170 -0.19957641
v -0.22802507 -0.58768169 -0.40031356
v -0.28814170 0.57666422 0.90287050
v -0.25323976 0.23685617 0.98455870
v -0.24896994 0.22937486 0.90512872
v -0.31687885 0.56787624 0.90467345
v -0.32303167 0.74978587 0.98415490
v -0.27455064 -0.58768169 0.12378800
v -0.21745920 -0.58768169 0.33247130
v -0.31974521 -0.34724463 -0.95271128
v -0.20022954 -0.16188138 -0.95271128
v -0.16203309 -0.58768169 -0.23563893
v -0.24428592 -0.58400667 -0.88396630
v -0.21522080 -0.39295414 0.98455870
v -0.09343136 -0.03878597 0.90512872
v -0.22329060 -0.01263058 -0.95029803
v -0.10454425 0.09231962 0.98455870
v -0.29716001 0.01289939 0.90512872
v -0.18940696 -0.01075970 -0.88895812
v -0.24772143 -0.51901082 -0.95271128
v -0.26765432 -0.58768169 -0.45575676
v -0.19156606 -0.65203170 -0.39872952
v -0.25644784 -0.65203170 -0.67792898
v -0.26504916 -0.58768169 0.42147284
v -0.20559061 -0.65306917 0.90353119
v -0.17510687 -0.65203170 -0.45668797
v -0.24261574 -0.22929824 0.98455870
v -0.30634306 -0.58768169 -0.78181309
v -0.26714947 -0.74873047 0.98331348
v -0.12020961 -0.58665746 -0.88321116
v -0.13353842 -0.65182792 -0.95178098
v -0.26524338 -0.58768169 -0.51831790
v -0.15626557 0.22980725 0.98455870
v -0.26683923 0.75086041 0.90611252
v -0.09237153 0.40563610 0.90512872
v -0.24747498 -0.27923177 -0.95271128
v -0.09576219 -0.65203170 0.71272501
v -0.04182913 -0.65203170 0.40844287
v -0.11589724 0.05187580 0.90512872
v -0.19397885 -0.58768169 0.56908224
v -0.07331146 -0.27100361 -0.88459128
v -0.22364086 -0.58693220 0.90364768
v -0.17825056 -0.54879649 0.98455870
v -0.11835468 0.16123214 0.90512872
v -0.04389779 0.26253374 0.98455870
v -0.17470483 0.74728145 0.98316559
v -0.14055847 -0.58768169 0.76504664
v -0.17512890 -0.65203170 0.23868692
v -0.21860364 -0.65203170 -0.54392984
v -0.19593376 -0.46374850 0.90512872
v -0.13082170 -0.65263042 0.90326494
v -0.17293604 -0.03867558 0.98455870
v -0.25184606 -0.58768169 -0.62737587
v -0.16566535 -0.44988659 -0.88459128
v -0.16653663 -0.30698474 -0.88459128
v -0.18739987 -0.40791158 -0.95271128
v -0.08424843 -0.65203170 -0.10958701
v -0.08442555 -0.19781049 0.90512872
v -0.09589879 0.25072106 0.90512872
v -0.10683654 -0.74589417 0.90613617
v -0.15569016 0.13258178 0.90512872
v -0.12732971 0.63776373 0.90512872
v -0.13348940 0.75049004 0.98195345
v -0.18569467 0.74758583 0.90711117
v -0.05025598 -0.61538612 0.98455870
v -0.10087583 -0.54783700 -0.95271128
v -0.24368924 -0.65203170 -0.75906990
v -0.11000312 -0.58768169 0.24485303
v -0.12318270 -0.19878989 0.98455870
v -0.13979404 -0.65389169 -0.94996505
v -0.11555549 -0.38184499 0.98455870
v -0.07583488 -0.47710106 0.90512872
v -0.24700075 -0.41097188 0.90512872
v -0.22276712 -0.58768169 0.45885131
v -0.08626498 -0.26824604 -0.88459128
v 0.08984835 -0.58768169 -0.17840423
v -0.07573150 -0.65203170 -0.75127603
v -0.12549678 0.40474809 0.90512872
v 0.03523643 -0.65203170 -0.27473692
v -0.03029623 0.74799707 0.98234870
v -0.10814727 -0.65203170 -0.68561565
v -0.11058830 -0.58768169 -0.33918013
v -0.13601748 -0.65203170 0.45886374
v -0.11444730 -0.58768169 -0.52166732
v -0.12121007 -0.65203170 -0.22442576
v -0.10617136 -0.65203170 0.61083664
v -0.03515131 -0.74682792 0.90742617
v -0.14473779 -0.74566667 0.98296120
v -0.01889551 0.45668733 0.98455870
v -0.11958525 -0.74946239 0.98162442
v -0.01260931 0.16324756 0.90512872
v -0.10093818 -0.48748137 -0.88459128
v 0.03223585 -0.65203170 -0.70826139
v -0.02379380 0.10708769 0.98455870
v -0.16001083 -0.58768169 -0.06928013
v 0.00706902 -0.43449312 0.98455870
v 0.00716846 -0.65263168 -0.95137879
v -0.05461592 -0.19586157 -0.95271128
v -0.04153563 -0.08266009 0.98455870
v 0.00230806 0.28149966 0.90512872
v -0.03926947 0.53107104 0.90512872
v -0.06624748 0.74783091 0.90722266
v -0.08559654 0.74541832 0.98349370
v -0.06703247 -0.01150813 -0.95215539
v 0.00961627 -0.58595667 -0.88393632
v -0.08766285 -0.31700939 -0.95271128
v -0.08390648 -0.58768169 0.05255109
v 0.02718971 -0.58705415 0.90353119
v -0.06122366 -0.41860517 -0.95271128
v 0.03475846 -0.65515170 -0.94855130
v 0.03129689 -0.00100807 0.90512872
v -0.04719009 -0.58768169 0.41802652
v -0.02987124 -0.65203170 0.52092493
v 0.60544908 0.00879208 0.29294946
v 0.05952945 0.50166667 0.98455870
v 0.12005291 -0.65128167 -0.95227348
v -0.03970839 -0.65203170 0.19166560
v -0.04261567 -0.65203170 0.01527186
v 0.05073994 -0.65203170 -0.62845465
v 0.01170502 -0.01345999 -0.95107518
v 0.05893033 -0.58653167 -0.88334131
v -0.01707673 -0.46961452 0.90512872
v -0.01470637 -0.32782068 0.90512872
v -0.00378463 -0.65203170 -0.36026798
v 0.05223530 -0.58768169 0.00996118
v 0.09084179 -0.65203170 0.11623938
v 0.60547034 -0.07866542 0.51725556
v -0.01351264 -0.74682792 0.98259245
v 0.07202807 -0.58768169 0.73731385
v 0.01736439 -0.65263042 0.90326494
v -0.02106867 -0.58768169 -0.70160675
v -0.03217054 -0.58768169 -0.16381797
v 0.03728790 -0.08556465 -0.95271128
v 0.00042617 -0.12767803 -0.95271128
v 0.05160346 -0.65235919 -0.88312630
v 0.52789152 -0.58766546 -0.40562181
v 0.09345234 -0.65203170 -0.00838119
v 0.05428658 -0.74701793 0.90749743
v 0.60245908 -0.08386417 0.66862369
v 0.10408697 0.06535827 0.98455870
v 0.53555560 -0.58475377 0.13283124
v 0.10996618 -0.32618387 0.98455870
v 0.60683096 -0.07990183 -0.02643506
v 0.09016949 -0.33214590 0.90512872
v -0.01068169 -0.09566456 -0.88459128
v 0.07430705 -0.39135401 -0.95271128
v 0.46029157 -0.02288167 -0.95643133
v 0.56734403 -0.65838977 0.02799841
v 0.01895018 0.74824271 0.98003057
v 0.60689189 0.01122364 -0.53211396
v 0.66427658 -0.07799667 -0.15168131
v 0.12542223 0.34681399 0.90512872
v 0.09034051 -0.65203170 0.45529612
v 0.08939848 -0.12292477 0.98455870
v 0.16140564 -0.65306917 0.90353119
v -0.13419230 -0.65203170 0.34862636
v 0.06747220 -0.58440604 0.98455870
v 0.45639158 -0.06341167 -0.95281130
v 0.05111510 -0.65203170 -0.07329151
v 0.46029157 -0.03070167 -0.95643133
v 0.11817635 0.46109617 0.90512872
v 0.66732157 -0.08368167 0.68815869
v 0.22369098 0.31764835 0.98455870
v 0.08464967 0.18202007 0.98455870
v 0.03063126 0.42682038 0.90512872
v 0.60180298 0.01392367 0.61537324
v 0.60728159 0.01166833 -0.02314131
v 0.12515178 0.74937962 0.98416942
v 0.58884406 -0.43485286 -0.88966281
v 0.11106321 -0.58768169 -0.37246014
v 0.00306827 -0.58768169 -0.38875231
v 0.07125015 -0.24908222 -0.88459128
v 0.09403796 -0.58768169 0.60655758
v 0.12751359 -0.65203170 0.50504842
v 0.08570252 -0.15093012 0.90512872
v 0.07914153 -0.58768169 0.50019410
v 0.06929254 -0.65203170 -0.49267606
v 0.05452369 -0.58768169 0.36844597
v 0.13040779 -0.65203170 -0.54957123
v 0.03684194 -0.30343552 -0.95271128
v 0.21298033 -0.74542229 0.98301245
v 0.13914645 -0.39341372 -0.95271128
v 0.00641459 -0.01164013 -0.88497305
v 0.60554701 -0.08129367 -0.87605373
v 0.18240563 -0.47074692 -0.95271128
v 0.03482117 0.57314389 0.90512872
v 0.60459159 -0.07794667 0.17643869
v 0.58266943 0.15263375 0.90512872
v 0.60516037 -0.03965078 -0.89586584
v 0.60574565 -0.07889105 0.29740665
v 0.08516674 -0.40203277 -0.88459128
v 0.14465654 -0.65203170 -0.24953515
v 0.08724168 -0.47243995 0.90512872
v 0.12585125 -0.65203170 0.73568250
v 0.56855783 -0.65899887 -0.36432630
v 0.03752999 -0.58768169 -0.55791823
v 0.60695285 -0.07963042 0.47147931
v 0.60551159 -0.07868792 -0.36835474
v 0.66399158 -0.07842167 -0.91925880
v 0.22375134 -0.16158082 0.90512872
v 0.54027266 -0.58039222 0.08240308
v 0.12314084 -0.19233638 -0.95271128
v 0.59965158 -0.04266089 0.85172837
v 0.60041164 -0.08212966 0.76377019
v 0.67318159 -0.32723667 -0.80939630
v 0.17193784 -0.03262616 0.98455870
v 0.12404093 0.25829629 0.98455870
v 0.46020157 -0.06195167 -0.95637131
v 0.60201956 -0.08335933 0.84281697
v 0.66048907 -0.08116167 -0.41315443
v 0.63756387 -0.32659931 -0.87709391
v -0.01137467 0.74858833 0.90811368
v 0.16929651 -0.43829498 0.98455870
v 0.11249295 -0.58768169 0.12114457
v 0.60392967 -0.08241186 0.61349436
v 0.66005421 -0.32629510 -0.62000057
v 0.08289683 -0.65203170 -0.40392866
v 0.15780502 -0.65203170 0.13045672
v 0.27127472 -0.58768169 -0.40249649
v 0.12835525 -0.58653167 -0.88334131
v 0.56769220 -0.65781230 -0.14234209
v 0.67543159 -0.33056667 -0.23078256
v 0.22860714 -0.01169138 -0.88489935
v 0.64047407 -0.66097415 -0.52765881
v 0.65958436 -0.32630179 0.05697952
v 0.14394908 -0.74805090 0.90913008
v 0.11539589 -0.65540829 -0.89013491
v 0.17817651 -0.27484735 -0.95271128
v 0.46020157 -0.30413166 -0.95637131
v 0.46020157 -0.10882167 -0.95637131
v 0.46020157 -0.10491168 -0.95637131
v 0.46029157 -0.03851167 -0.95643133
v 0.39507893 -0.58768169 0.41299825
v 0.23185529 -0.65257918 -0.95143770
v 0.66470159 0.00835833 -0.71027505
v 0.60686753 -0.07996730 -0.14667607
v 0.65947284 -0.32632119 0.41692362
v 0.60689409 -0.07996292 0.08393846
v 0.15842653 -0.58768169 -0.58188147
v 0.46029157 -0.45648167 -0.95643133
v 0.46029157 -0.46038166 -0.95643133
v 0.46020157 -0.45648167 -0.95637131
v 0.57297639 -0.66253070 -0.72071037
v 0.18574659 -0.35409132 -0.88459128
v 0.21723882 -0.34327563 0.90512872
v 0.17727455 -0.31438932 0.90512872
v 0.46029157 -0.18695167 -0.95643133
v 0.46020157 -0.19866168 -0.95637131
v 0.46020157 -0.19476167 -0.95637131
v 0.53734160 -0.31267979 -0.88996130
v 0.60394157 -0.08538167 0.76236868
v 0.57357157 -0.02214167 -0.93293130
v 0.46020157 -0.10101167 -0.95637131
v 0.46020157 -0.35882167 -0.95637131
v 0.46020157 -0.32757167 -0.95637131
v 0.46029157 -0.44476167 -0.95643133
v 0.46029157 -0.26898167 -0.95643133
v 0.46029157 -0.27288166 -0.95643133
v 0.46020157 -0.26898167 -0.95637131
v 0.46020157 -0.21429167 -0.95637131
v 0.46020157 -0.21038168 -0.95637131
v 0.46020157 -0.20257167 -0.95637131
v 0.46029157 -0.24163168 -0.95643133
v 0.13483212 0.09307851 0.90512872
v 0.12203947 -0.01294167 -0.95052131
v 0.60773450 -0.33524454 0.20277143
v 0.59783090 -0.38571740 0.90436374
v 0.18363358 0.19563261 0.90512872
v 0.45639158 -0.14495417 -0.95281130
v 0.59539158 -0.40179167 0.17643369
v 0.17098846 0.71367738 0.90512872
v 0.46020157 -0.49945167 -0.95637131
v 0.46020157 -0.49554167 -0.95637131
v 0.14817797 -0.75054855 0.97362325
v 0.46029157 -0.42523167 -0.95643133
v 0.46020157 -0.42523167 -0.95637131
v 0.46020157 -0.42132167 -0.95637131
v 0.46029157 -0.07366168 -0.95643133
v 0.46029157 -0.07757167 -0.95643133
v 0.46020157 -0.07366168 -0.95637131
v 0.26340828 -0.65203170 0.80556060
v 0.24475568 -0.74871668 0.90647210
v 0.46420158 -0.38714229 -0.95684129
v 0.46029157 -0.55804167 -0.95643133
v 0.45639158 -0.56536542 -0.95281130
v 0.46020157 -0.55413166 -0.95637131
v 0.18068266 -0.65210683 -0.88311447
v 0.46029157 -0.47991166 -0.95643133
v 0.46029157 -0.48382167 -0.95643133
v 0.46020157 -0.47991166 -0.95637131
v 0.46020157 -0.49163166 -0.95637131
v 0.22681276 -0.65469717 -0.88890567
v 0.22359328 -0.65203170 -0.52734043
v 0.22441608 -0.65203170 -0.03394139
v 0.45639158 -0.35100917 -0.95281130
v 0.46029157 -0.12445167 -0.95643133
v 0.46020157 -0.22601167 -0.95637131
v 0.46020157 -0.22210168 -0.95637131
v 0.46029157 -0.31976167 -0.95643133
v 0.46029157 -0.35101167 -0.95643133
v 0.23066689 0.06941047 0.90512872
v 0.46029157 -0.32757167 -0.95643133
v 0.46029157 -0.40960166 -0.95643133
v 0.52963158 -0.43206417 -0.95605630
v 0.26107157 -0.65203170 -0.88215131
v 0.46029157 -0.53070167 -0.95643133
v 0.46029157 -0.48773167 -0.95643133
v 0.46020157 -0.48773167 -0.95637131
v 0.46020157 -0.48382167 -0.95637131
v 0.56816439 -0.65821865 -0.47199130
v 0.46029157 -0.30023167 -0.95643133
v 0.46020157 -0.30023167 -0.95637131
v 0.46020157 -0.29632167 -0.95637131
v 0.46029157 -0.41741166 -0.95643133
v 0.46020157 -0.41741166 -0.95637131
v 0.46020157 -0.41351167 -0.95637131
v 0.46029157 -0.10882167 -0.95643133
v 0.46029157 -0.11273167 -0.95643133
v 0.46029157 -0.23773167 -0.95643133
v 0.46029157 -0.47601167 -0.95643133
v 0.46020157 -0.47601167 -0.95637131
v 0.46020157 -0.47210166 -0.95637131
v 0.46029157 -0.18304167 -0.95643133
v 0.46020157 -0.18304167 -0.95637131
v 0.46029157 -0.21038168 -0.95643133
v 0.46029157 -0.21429167 -0.95643133
v 0.46020157 -0.05804167 -0.95637131
v 0.43973885 -0.22209206 0.90512872
v 0.46029157 -0.30413166 -0.95643133
v 0.46020157 -0.14398167 -0.95637131
v 0.46020157 -0.26116166 -0.95637131
v 0.46029157 -0.15179167 -0.95643133
v 0.46029157 -0.15570167 -0.95643133
v 0.46020157 -0.15179167 -0.95637131
v 0.19369408 -0.58653167 -0.88334131
v 0.15744532 -0.58768169 -0.10167287
v 0.62776198 -0.00588196 0.98455870
v 0.16476127 0.74838458 0.90809992
v 0.60595472 -0.07914292 -0.56867255
v 0.60119869 -0.02067459 -0.94343350
v 0.30771929 0.59986137 0.98455870
v 0.29923270 0.57584414 0.90389245
v 0.32762393 -0.65203170 0.53306513
v 0.23165580 -0.65203170 -0.39935943
v 0.27433970 -0.75029418 0.98352279
v 0.23298982 -0.25091764 0.98455870
v 0.46020157 -0.21820167 -0.95637131
v 0.46029157 -0.50726167 -0.95643133
v 0.46029157 -0.51116166 -0.95643133
v 0.46020157 -0.50726167 -0.95637131
v 0.35831527 -0.65203170 -0.70607551
v 0.48501455 -0.65454901 -0.83969927
v 0.48309091 -0.65342955 -0.44350893
v 0.46020157 -0.39398167 -0.95637131
v 0.28716172 -0.20373704 -0.88459128
v 0.48250970 -0.65345231 -0.18573678
v 0.57188910 -0.02263106 -0.93315345
v 0.56686663 -0.55952923 -0.17967651
v 0.64779157 -0.60101167 -0.38605130
v 0.25948020 -0.65203170 0.35814755
v 0.46029157 -0.25335166 -0.95643133
v 0.46020157 -0.25335166 -0.95637131
v 0.46020157 -0.24945167 -0.95637131
v 0.28451408 -0.58595667 -0.88393632
v 0.56496058 -0.65947089 0.90437038
v 0.32956753 -0.65203170 -0.53544663
v 0.44989889 -0.01523957 -0.95263313
v 0.28755332 -0.45119752 0.98455870
v 0.46029157 -0.44866166 -0.95643133
v 0.45639158 -0.09832355 -0.95281130
v 0.46029157 -0.09320167 -0.95643133
v 0.46020157 -0.09320167 -0.95637131
v 0.46020157 -0.08929168 -0.95637131
v 0.46020157 -0.44866166 -0.95637131
v 0.46029157 -0.41351167 -0.95643133
v 0.27315637 -0.58768169 -0.68659423
v 0.46020157 -0.39007167 -0.95637131
v 0.46020157 -0.01898167 -0.95637131
v 0.23444079 0.47612313 0.98455870
v 0.60732479 -0.33433755 -0.88992506
v 0.13983791 -0.01034669 -0.95118598
v 0.58773658 -0.02874667 -0.93301383
v 0.45639158 -0.25823667 -0.95281130
v 0.46020157 -0.03851167 -0.95637131
v 0.46020157 -0.03460167 -0.95637131
v 0.46029157 -0.08148167 -0.95643133
v 0.46029157 -0.08538167 -0.95643133
v 0.46020157 -0.08148167 -0.95637131
v 0.46020157 -0.27288166 -0.95637131
v 0.64779157 -0.60099170 -0.35871130
v 0.46029157 -0.02679167 -0.95643133
v 0.56214428 -0.56370010 0.75683079
v 0.31400151 0.25934216 0.98455870
v 0.15303678 0.57936552 0.90512872
v 0.23989589 0.56046106 0.98455870
v 0.36986479 0.42691378 0.98455870
v 0.27566924 0.54947054 0.98455870
v 0.23497672 0.74988855 0.98337476
v 0.23519537 -0.58768169 0.65789951
v 0.49496283 -0.74699043 0.90761242
v 0.19580160 -0.65203170 0.23432995
v 0.46029157 -0.44085166 -0.95643133
v 0.46020157 -0.44085166 -0.95637131
v 0.46020157 -0.43695167 -0.95637131
v 0.56670620 -0.56008938 -0.12874597
v 0.24570553 -0.65203170 0.69025666
v 0.46029157 -0.28851167 -0.95643133
v 0.46029157 -0.29241166 -0.95643133
v 0.46020157 -0.28851167 -0.95637131
v 0.32913417 -0.12519793 0.90512872
v 0.48388817 -0.65429683 -0.88816079
v 0.30815677 -0.32071350 0.98455870
v 0.48675657 -0.65808058 -0.14464592
v 0.28020168 -0.01122187 -0.88496370
v 0.52810465 -0.58761873 0.50023245
v 0.27141076 0.57169598 0.90497553
v 0.46077194 -0.58955711 -0.95665778
v 0.46029157 -0.28460166 -0.95643133
v 0.46020157 -0.28460166 -0.95637131
v 0.46029157 -0.26507167 -0.95643133
v 0.46029157 -0.05804167 -0.95643133
v 0.41736630 0.55552153 0.90512872
v 0.46020157 -0.40570167 -0.95637131
v 0.46020157 -0.50335166 -0.95637131
v 0.46020157 -0.38616166 -0.95637131
v 0.46020157 -0.38226167 -0.95637131
v 0.46029157 -0.16741168 -0.95643133
v 0.46029157 -0.17132167 -0.95643133
v 0.46020157 -0.16741168 -0.95637131
v 0.46020157 -0.43304167 -0.95637131
v 0.46020157 -0.42913166 -0.95637131
v 0.46020157 -0.08538167 -0.95637131
v 0.46029157 -0.33538166 -0.95643133
v 0.46029157 -0.05023167 -0.95643133
v 0.46029157 -0.05413167 -0.95643133
v 0.46020157 -0.05023167 -0.95637131
v 0.46020157 -0.04632167 -0.95637131
v 0.46020157 -0.02679167 -0.95637131
v 0.46020157 -0.02288167 -0.95637131
v 0.56646830 -0.56003926 0.67302196
v 0.56670434 -0.55982642 -0.07283986
v 0.46029157 -0.49163166 -0.95643133
v 0.46029157 -0.49554167 -0.95643133
v 0.57357157 -0.02679167 -0.93322128
v 0.46020157 -0.37835166 -0.95637131
v 0.46020157 -0.37445167 -0.95637131
v 0.35372767 -0.65274011 0.90333150
v 0.52432220 -0.48589886 -0.88308816
v 0.33404212 -0.25562408 0.98455870
v 0.56757387 -0.65835745 -0.88887692
v 0.27275924 -0.65203170 -0.27074827
v 0.53734160 -0.43963354 -0.88996130
v 0.48519783 -0.65487291 0.17429885
v 0.20564636 -0.65203170 0.46970142
v 0.46020157 -0.26507167 -0.95637131
v 0.34213033 -0.65235919 -0.88312630
v 0.60772793 -0.33540858 -0.53425630
v 0.60683003 -0.07995917 -0.24091365
v 0.28857567 -0.65203170 0.14716947
v 0.23191486 -0.58768169 0.25713986
v 0.46029157 -0.04241167 -0.95643133
v 0.26701699 -0.11455369 -0.95271128
v 0.46029157 -0.36663166 -0.95643133
v 0.46020157 -0.36663166 -0.95637131
v 0.46020157 -0.36273167 -0.95637131
v 0.46020157 -0.29241166 -0.95637131
v 0.46020157 -0.44476167 -0.95637131
v 0.46029157 -0.33929167 -0.95643133
v 0.46029157 -0.35882167 -0.95643133
v 0.46029157 -0.36273167 -0.95643133
v 0.37333478 -0.65389169 -0.94996505
v 0.46020157 -0.27679167 -0.95637131
v 0.46020157 -0.19085168 -0.95637131
v 0.53298158 -0.11797699 -0.95446442
v 0.29427908 -0.01294167 -0.95052131
v 0.46029157 -0.34320167 -0.95643133
v 0.46420158 -0.34124417 -0.95684129
v 0.46029157 -0.38226167 -0.95643133
v 0.46029157 -0.38616166 -0.95643133
v 0.46020157 -0.40960166 -0.95637131
v 0.52845752 -0.18505558 -0.87944357
v 0.46020157 -0.03070167 -0.95637131
v 0.45639158 -0.03411542 -0.95281130
v 0.46020157 -0.06976167 -0.95637131
v 0.46020157 -0.31976167 -0.95637131
v 0.46020157 -0.31585166 -0.95637131
v 0.46020157 -0.04241167 -0.95637131
v 0.46029157 -0.30804167 -0.95643133
v 0.46020157 -0.30804167 -0.95637131
v 0.67572159 -0.41097103 0.48129370
v 0.46029157 -0.37054167 -0.95643133
v 0.56700626 -0.55872874 0.34664400
v 0.24485692 0.34830231 0.90512872
v 0.56682609 -0.55910777 0.18864125
v 0.31629989 -0.65203170 -0.08643818
v 0.56717231 -0.55804053 0.11724071
v 0.44558623 0.75056281 0.90596736
v 0.57155796 -0.66235961 -0.97653525
v 0.32686870 -0.19518673 -0.95271128
v 0.66028940 -0.32626865 -0.94073232
v 0.33382930 -0.41749539 -0.88459128
v 0.64779157 -0.60099170 -0.28840131
v 0.64779157 -0.60099170 -0.28449130
v 0.36348456 -0.74964769 0.97721525
v 0.46029157 -0.25726167 -0.95643133
v 0.46020157 -0.13226167 -0.95637131
v 0.46020157 -0.12835168 -0.95637131
v 0.30348766 -0.32683705 -0.95271128
v 0.35348930 -0.65443923 -0.88849894
v 0.46029157 -0.43304167 -0.95643133
v 0.31100251 0.74888583 0.90860118
v 0.30695295 0.12458686 0.98455870
v 0.30221020 0.25044257 0.90512872
v 0.64651720 -0.58918042 -0.45594068
v 0.28486699 -0.58768169 0.31384599
v 0.46029157 -0.20257167 -0.95643133
v 0.48220256 -0.65263658 0.80924869
v 0.46029157 -0.23382167 -0.95643133
v 0.46020157 -0.23382167 -0.95637131
v 0.46020157 -0.45257167 -0.95637131
v 0.36965967 0.07223376 0.90512872
v 0.46029157 -0.39398167 -0.95643133
v 0.46029157 -0.39788166 -0.95643133
v 0.57354332 -0.52275292 0.59280639
v 0.46029157 -0.12835168 -0.95643133
v 0.46029157 -0.09710167 -0.95643133
v 0.46020157 -0.09710167 -0.95637131
v 0.57758055 -0.66295265 0.07388396
v 0.56693699 -0.55908227 0.82037442
v 0.65688433 -0.64396920 -0.83950626
v 0.59163765 -0.42121108 0.90479204
v 0.30047903 0.55255366 0.90508555
v 0.56628654 -0.55984686 0.11002893
v 0.60802654 -0.33497917 0.61025776
v 0.60000101 -0.08599438 0.90500506
v 0.35160716 0.74847582 0.98210119
v 0.66926500 0.01421650 0.90483887
v 0.28085048 -0.74662605 0.90708742
v 0.40412706 -0.19385208 -0.95271128
v 0.57425798 -0.59124809 -0.94404006
v 0.48227428 -0.65241021 0.34049869
v 0.48487250 -0.65567694 -0.59911189
v 0.48275407 -0.65221918 -0.57282443
v 0.39661191 -0.42535805 0.98455870
v 0.46029157 -0.22991168 -0.95643133
v 0.35316950 -0.65203170 -0.40839375
v 0.48275407 -0.65221918 -0.35529318
v 0.26587320 -0.58768169 -0.04326306
v 0.48616168 -0.65749141 0.37382787
v 0.47982157 -0.65203170 -0.10675631
v 0.48602507 -0.65723036 0.05425689
v 0.36048326 -0.29126510 0.90512872
v 0.46020157 -0.25726167 -0.95637131
v 0.49141268 -0.66011816 0.16487720
v 0.37997376 -0.74646042 0.98291996
v 0.29382002 -0.44276650 0.90512872
v 0.45604543 -0.59337926 -0.95294352
v 0.38867037 -0.01301511 -0.95065928
v 0.29527253 -0.58768169 0.45778999
v 0.56675651 -0.55977636 0.52740330
v 0.57440995 -0.66291593 -0.79282836
v 0.46029157 -0.42913166 -0.95643133
v 0.30888009 -0.08927285 0.98455870
v 0.46029157 -0.21820167 -0.95643133
v 0.46029157 -0.22210168 -0.95643133
v 0.46029157 -0.15960168 -0.95643133
v 0.40931806 -0.07945034 0.90512872
v 0.46029157 -0.12054168 -0.95643133
v 0.46020157 -0.12054168 -0.95637131
v 0.46020157 -0.11663167 -0.95637131
v 0.64779157 -0.60099170 -0.25324130
v 0.64779157 -0.60099170 -0.25715131
v 0.57919032 -0.74554167 0.90587866
v 0.55872813 -0.56625948 0.58366629
v 0.46029157 -0.35491166 -0.95643133
v 0.46020157 -0.32366166 -0.95637131
v 0.60096610 -0.37094462 -0.30399416
v 0.42876495 0.04024192 0.98455870
v 0.63027156 -0.19744511 -0.88996130
v 0.60618370 -0.07930816 -0.65465752
v 0.18813861 -0.58708900 0.90349791
v 0.49154157 -0.66012166 0.51627868
v 0.47053115 -0.47932105 -0.88459128
v 0.53019306 -0.01013010 -0.89940053
v 0.48388431 -0.65296785 -0.06422484
v 0.46029157 -0.55023167 -0.95643133
v 0.46029157 -0.55413166 -0.95643133
v 0.46020157 -0.55023167 -0.95637131
v 0.46420158 -0.55364667 -0.95684129
v 0.30526626 -0.64983667 -0.95251629
v 0.48153220 -0.65297356 -0.69346013
v 0.37807993 -0.58768169 -0.74622318
v 0.45639158 -0.50213292 -0.95281130
v 0.45639158 -0.53606729 -0.95281130
v 0.46029157 -0.04632167 -0.95643133
v 0.46420158 -0.16399792 -0.95684129
v 0.53499763 -0.58477250 -0.53712322
v 0.50174666 -0.01313098 -0.88489542
v 0.46020157 -0.14007167 -0.95637131
v 0.46020157 -0.13616168 -0.95637131
v 0.39681908 -0.38580026 0.90512872
v 0.43542832 -0.58590331 0.98455870
v 0.53686657 -0.03568269 -0.88953935
v 0.60765533 -0.08071042 -0.45807724
v 0.45639158 -0.41839292 -0.95281130
v 0.45883095 -0.58677541 0.90379745
v 0.46029157 -0.51507167 -0.95643133
v 0.64053125 -0.59062264 -0.87821459
v 0.60077075 -0.37203162 0.42079403
v 0.46020157 -0.20648167 -0.95637131
v 0.49256260 -0.01570179 -0.95732595
v 0.45639158 -0.12151917 -0.95281130
v 0.54308751 -0.02628147 -0.93855651
v 0.29730169 -0.58768169 -0.25475092
v 0.56689155 -0.55966404 0.22928017
v 0.49113341 -0.65969756 0.31732452
v 0.48869499 0.33511898 0.98455870
v 0.46499256 0.75074634 0.97719894
v 0.50882279 0.56120278 0.98455870
v 0.42770298 -0.58602854 -0.88386194
v 0.45290305 -0.74979456 0.97602117
v 0.44726427 -0.28030818 0.98455870
v 0.45639158 -0.38079479 -0.95281130
v 0.45639158 -0.32366542 -0.95281130
v 0.64780158 -0.60101167 -0.23371130
v 0.64779157 -0.60099170 -0.23371130
v 0.64779157 -0.60099170 -0.22980131
v 0.56458783 -0.65847792 -0.25922474
v 0.38684519 -0.65203170 0.33789113
v 0.45639158 -0.22137105 -0.95281130
v 0.45248157 -0.41546167 -0.95271128
v 0.41501344 -0.58768169 -0.49860549
v 0.46029157 -0.45257167 -0.95643133
v 0.48275407 -0.65221918 0.05119182
v 0.48330392 -0.65319090 0.46630669
v 0.48470908 -0.65400917 0.59931751
v 0.46029157 -0.46820167 -0.95643133
v 0.46020157 -0.46820167 -0.95637131
v 0.46020157 -0.46429167 -0.95637131
v 0.43978658 -0.65394667 0.90406370
v 0.45639158 -0.44427167 -0.95281130
v 0.46029157 -0.56195167 -0.95643133
v 0.45639158 -0.46624292 -0.95281130
v 0.57357157 -0.02288167 -0.93320131
v 0.46029157 -0.54632167 -0.95643133
v 0.46020157 -0.54632167 -0.95637131
v 0.46020157 -0.54241166 -0.95637131
v 0.46020157 -0.53460166 -0.95637131
v 0.46029157 -0.31195167 -0.95643133
v 0.46020157 -0.31195167 -0.95637131
v 0.46020157 -0.15570167 -0.95637131
v 0.52321350 -0.55529431 0.98455870
v 0.46029157 -0.47210166 -0.95643133
v 0.32360423 -0.38389536 -0.95271128
v 0.48470908 -0.65400917 0.52653275
v 0.52784259 -0.58767112 -0.01387655
v 0.46020157 -0.33538166 -0.95637131
v 0.46020157 -0.33148167 -0.95637131
v 0.46029157 -0.46429167 -0.95643133
v 0.64780158 -0.60101167 -0.35090131
v 0.64780158 -0.60101167 -0.34699130
v 0.64779157 -0.60099170 -0.34699130
v 0.60482157 -0.08585168 0.88053618
v 0.56786607 -0.65824488 0.33231997
v 0.53438798 -0.24630401 -0.95308474
v 0.53200268 -0.12577914 -0.87665769
v 0.46020157 -0.37054167 -0.95637131
v 0.56478970 -0.01852042 -0.93028380
v 0.46029157 -0.33148167 -0.95643133
v 0.64165970 -0.66382195 -0.12982313
v 0.45639158 -0.30853167 -0.95281130
v 0.46029157 -0.27679167 -0.95643133
v 0.46029157 -0.28070167 -0.95643133
v 0.38750177 -0.58768169 0.33744323
v 0.48458689 -0.65379323 -0.25568537
v 0.46020157 -0.53070167 -0.95637131
v 0.46020157 -0.51116166 -0.95637131
v 0.46029157 -0.52679167 -0.95643133
v 0.46029157 -0.19866168 -0.95643133
v 0.46029157 -0.29632167 -0.95643133
v 0.46420158 -0.51067792 -0.95684129
v 0.48324282 -0.65308293 -0.22428116
v 0.46020157 -0.52679167 -0.95637131
v 0.46020157 -0.22991168 -0.95637131
v 0.46029157 -0.37835166 -0.95643133
v 0.46020157 -0.11273167 -0.95637131
v 0.46029157 -0.17523167 -0.95643133
v 0.46020157 -0.17523167 -0.95637131
v 0.46020157 -0.17132167 -0.95637131
v 0.43150087 0.00814423 0.90512872
v 0.46020157 -0.14788168 -0.95637131
v 0.48373157 -0.65228168 0.23209994
v 0.46020157 -0.07757167 -0.95637131
v 0.41051941 -0.65203170 0.19795049
v 0.46020157 -0.46038166 -0.95637131
v 0.46020157 -0.35101167 -0.95637131
v 0.49154157 -0.66012166 0.52408868
v 0.44687407 -0.19091987 -0.88459128
v 0.56678236 -0.65811465 -0.90500630
v 0.56386048 -0.56246258 -0.69442207
v 0.46029157 -0.14788168 -0.95643133
v 0.46020157 -0.28070167 -0.95637131
v 0.46020157 -0.23773167 -0.95637131
v 0.46029157 -0.52288166 -0.95643133
v 0.46420158 -0.53460292 -0.95684129
v 0.46029157 -0.37445167 -0.95643133
v 0.46029157 -0.24945167 -0.95643133
v 0.46029157 -0.40179167 -0.95643133
v 0.46020157 -0.39788166 -0.95637131
v 0.57552453 -0.50735154 -0.88971570
v 0.46020157 -0.40179167 -0.95637131
v 0.46029157 -0.53851167 -0.95643133
v 0.46029157 -0.54241166 -0.95643133
v 0.46020157 -0.53851167 -0.95637131
v 0.46029157 -0.22601167 -0.95643133
v 0.54671907 -0.74719418 0.90762618
v 0.52793373 -0.58765582 0.09443066
v 0.46029157 -0.08929168 -0.95643133
v 0.46029157 -0.51898167 -0.95643133
v 0.46020157 -0.12445167 -0.95637131
v 0.46029157 -0.13616168 -0.95643133
v 0.46029157 -0.17913168 -0.95643133
v 0.46020157 -0.17913168 -0.95637131
v 0.46029157 -0.32366166 -0.95643133
v 0.46020157 -0.24554167 -0.95637131
v 0.46020157 -0.34320167 -0.95637131
v 0.46020157 -0.33929167 -0.95637131
v 0.46029157 -0.11663167 -0.95643133
v 0.46029157 -0.19476167 -0.95643133
v 0.46020157 -0.52288166 -0.95637131
v 0.74740658 -0.34124417 0.98325869
v 0.46029157 -0.49945167 -0.95643133
v 0.49628847 -0.34948252 -0.88459128
v 0.52774813 -0.58766642 0.78976509
v 0.46029157 -0.53460166 -0.95643133
v 0.46029157 -0.39007167 -0.95643133
v 0.46020157 -0.51507167 -0.95637131
v 0.46020157 -0.51898167 -0.95637131
v 0.45639158 -0.18194323 -0.95281130
v 0.46029157 -0.24554167 -0.95643133
v 0.46029157 -0.50335166 -0.95643133
v 0.46029157 -0.26116166 -0.95643133
v 0.46029157 -0.34710166 -0.95643133
v 0.46029157 -0.40570167 -0.95643133
v 0.46029157 -0.42132167 -0.95643133
v 0.45639158 -0.28728792 -0.95281130
v 0.46020157 -0.18695167 -0.95637131
v 0.46029157 -0.10101167 -0.95643133
v 0.46029157 -0.31585166 -0.95643133
v 0.46029157 -0.06195167 -0.95643133
v 0.46420158 -0.36321667 -0.95684129
v 0.46020157 -0.35491166 -0.95637131
v 0.46029157 -0.43695167 -0.95643133
v 0.46020157 -0.15960168 -0.95637131
v 0.46029157 -0.19085168 -0.95643133
v 0.46020157 -0.34710166 -0.95637131
v 0.46020157 -0.24163168 -0.95637131
v 0.46029157 -0.14007167 -0.95643133
v 0.46029157 -0.14398167 -0.95643133
v 0.46029157 -0.20648167 -0.95643133
v 0.57413233 -0.66275540 -0.06516418
v 0.53507615 -0.58726927 -0.77943219
v 0.46020157 -0.16351167 -0.95637131
v 0.46029157 -0.13226167 -0.95643133
v 0.45574638 -0.01119906 -0.95040708
v 0.46420158 -0.09368542 -0.95684129
v 0.46029157 -0.16351167 -0.95643133
v 0.46029157 -0.03460167 -0.95643133
v 0.46020157 -0.05413167 -0.95637131
v 0.56736283 -0.65847730 0.69050415
v 0.46029157 -0.06585167 -0.95643133
v 0.46029157 -0.06976167 -0.95643133
v 0.46020157 -0.06585167 -0.95637131
v 0.46029157 -0.10491168 -0.95643133
v 0.54026536 -0.59233744 -0.89117576
v 0.52985283 -0.38933917 -0.87802194
v 0.56616833 -0.65822074 0.17341389
v 0.56784809 -0.59574455 0.77456746
v 0.52963158 -0.29388104 -0.95605630
v 0.56814048 -0.65945887 0.24595447
v 0.56693489 -0.55962430 -0.26470269
v 0.59903081 0.01181712 0.90508756
v 0.46420158 -0.04436917 -0.95684129
v 0.56545736 -0.65837011 -0.64539427
v 0.56696280 -0.55887749 -0.87667653
v 0.55241754 -0.57844383 -0.94625095
v 0.48440361 -0.65346933 -0.54477959
v 0.56339019 -0.65991464 -0.33545779
v 0.56803594 -0.65835721 -0.31574130
v 0.52793072 -0.58762512 -0.32391618
v 0.48807300 -0.65965870 -0.26422989
v 0.56698280 -0.66051968 -0.01447214
v 0.46420158 -0.31927167 -0.95684129
v 0.35885408 -0.58635728 0.90419683
v 0.48238751 -0.65323637 0.73614142
v 0.48322349 -0.65356616 0.90426571
v 0.53414075 -0.74965681 0.91469768
v 0.53269658 -0.19332550 -0.95487255
v 0.48451870 0.18138054 0.98455870
v 0.48519783 -0.65487291 0.27787618
v 0.39023994 -0.58768169 0.67450590
v 0.34701157 -0.58761165 0.90299869
v 0.50409064 -0.38082411 0.90512872
v 0.53179689 -0.47167667 -0.95567114
v 0.43884313 -0.58768169 -0.17901353
v 0.58888746 -0.06986226 0.98455870
v 0.30979700 -0.58768169 0.07702812
v 0.56467274 -0.65940199 -0.94340224
v 0.56550001 -0.65793683 0.07459838
v 0.46420158 -0.22259167 -0.95684129
v 0.47047385 0.28936442 0.90512872
v 0.51156439 0.74774082 0.98275620
v 0.59762407 -0.04046292 0.90459621
v 0.55646854 -0.66105916 0.42951882
v 0.59336033 -0.21542594 0.90512872
v 0.49638635 -0.66012355 0.51749607
v 0.52788501 -0.58764557 0.62134924
v 0.51109780 -0.23111314 0.90512872
v 0.53465532 -0.36040979 -0.95335130
v 0.53404158 -0.30218104 -0.95386630
v 0.52670158 -0.58768169 0.40611118
v 0.52800689 -0.58760512 -0.20012084
v 0.50203952 -0.05539185 0.98455870
v 0.54038607 -0.64677697 -0.89194348
v 0.44679734 0.40270774 0.90512872
v 0.51266251 0.74772895 0.90694555
v 0.48833949 -0.65985264 0.69782128
v 0.47469939 -0.58610042 -0.88378757
v 0.49864796 -0.65951306 -0.95303440
v 0.54518375 -0.58418176 -0.88745630
v 0.49121569 -0.66011465 -0.56869441
v 0.52784799 -0.58763576 -0.65042005
v 0.53061158 -0.49895917 -0.87755132
v 0.52784939 -0.58766482 -0.52023548
v 0.52796122 -0.58763284 0.72723614
v 0.52693799 -0.58775384 -0.88069184
v 0.53659417 -0.64730856 -0.94550274
v 0.53212258 -0.59029078 -0.95596707
v 0.53176275 -0.66012694 -0.94145478
v 0.55355532 -0.25506167 -0.87727130
v 0.53606911 -0.58576686 -0.95119301
v 0.52762998 -0.58767927 -0.75715131
v 0.58375110 -0.47025237 -0.94524106
v 0.53501657 -0.40765167 -0.95321131
v 0.52788366 -0.58764004 -0.59312617
v 0.54969248 -0.35929575 0.98455870
v 0.52039822 -0.47024198 0.98455870
v 0.46420158 -0.06438792 -0.95684129
v 0.56381997 -0.66003291 0.00607468
v 0.52787234 -0.58767165 -0.07359396
v 0.58524554 -0.45730450 0.90472725
v 0.56666230 -0.65380320 -0.98455870
v 0.56842644 -0.66029061 0.77537814
v 0.56277754 -0.66009049 0.13484715
v 0.60509778 -0.08015405 -0.94741196
v 0.52670158 -0.32928104 -0.88107130
v 0.56660349 -0.65967249 0.54661511
v 0.74601142 -0.36620823 0.98394447
v 0.56701111 -0.65251871 0.77713208
v 0.52959722 -0.58685226 0.90504929
v 0.54396278 -0.66229207 0.90372095
v 0.52576792 -0.01230903 -0.88146779
v 0.67557659 -0.33102417 -0.70587755
v 0.50908253 0.54594710 0.90512872
v 0.54249380 0.67217398 0.90512872
v 0.49107036 -0.66011940 0.40350621
v 0.56754155 -0.65940995 -0.54006793
v 0.52494923 -0.55071674 -0.88254176
v 0.65170158 -0.74701167 0.98242870
v 0.52722908 -0.28924386 -0.88040692
v 0.56684831 -0.55949116 0.69800450
v 0.49130142 -0.66013518 -0.73598411
v 0.60080132 -0.37187738 -0.92570520
v 0.67572159 -0.48188445 0.52989765
v 0.64322545 -0.66018519 0.50029107
v 0.64397552 -0.58902639 -0.75715131
v 0.52843547 -0.58758537 0.28776074
v 0.67571978 -0.64396117 -0.73524392
v 0.63393394 -0.08385915 -0.93679009
v 0.64779157 -0.60099170 -0.31965131
v 0.64779157 -0.60099170 -0.31574130
v 0.64780158 -0.60101167 -0.31965131
v 0.53536177 -0.03949835 -0.95423917
v 0.51759666 -0.74791168 0.98406651
v 0.60485284 0.00925458 0.56876993
v 0.62458245 -0.16176112 -0.87727126
v 0.56682961 -0.55948403 0.90309762
v 0.57667382 -0.58962651 0.77476945
v 0.60919324 -0.33383109 -0.35173029
v 0.61389879 0.32407753 0.98455870
v 0.56811780 0.50450542 0.90512872
v 0.64691909 -0.63518917 -0.31867349
v 0.64780158 -0.60101167 -0.30012131
v 0.58244680 0.75074556 0.97725026
v 0.57622508 -0.66291674 0.40098727
v 0.57549313 -0.51174400 0.45001712
v 0.52778114 -0.58767845 0.06840373
v 0.55470918 -0.56942036 0.41542120
v 0.64780158 -0.60101167 -0.27668130
v 0.64780158 -0.60101167 -0.27277130
v 0.64779157 -0.60099170 -0.27277130
v 0.64140657 -0.65912229 -0.48291912
v 0.56685972 -0.55959044 -0.33170169
v 0.64780158 -0.60101167 -0.28059131
v 0.64779157 -0.60099170 -0.27668130
v 0.58276590 -0.47169315 0.19711800
v 0.67570860 -0.49566508 0.98455870
v 0.64650878 -0.63945948 -0.35095927
v 0.64780158 -0.60101167 -0.33137131
v 0.64780158 -0.60101167 -0.32746130
v 0.64779157 -0.60099170 -0.24934131
v 0.64704157 -0.59710166 -0.32599630
v 0.64779157 -0.60099170 -0.33918130
v 0.60660408 -0.07971042 -0.75861380
v 0.56684668 -0.55948257 0.40686622
v 0.58348726 -0.46771364 0.68275694
v 0.57354811 -0.52272454 -0.74383634
v 0.64779157 -0.60099170 -0.22590131
v 0.64780158 -0.60101167 -0.22980131
v 0.67024230 -0.65136935 0.90389188
v 0.58323422 -0.46662734 -0.88963890
v 0.65679322 -0.64058057 -0.65393628
v 0.64779157 -0.60099170 -0.37434131
v 0.65688509 -0.64397050 -0.32777298
v 0.64779157 -0.60099170 -0.23762131
v 0.64780158 -0.60101167 -0.23762131
v 0.64779157 -0.60099170 -0.24543130
v 0.64779157 -0.60099170 -0.24152131
v 0.64780158 -0.60101167 -0.24543130
v 0.66375220 -0.07836480 -0.20160725
v 0.65999773 -0.32628538 -0.81759217
v 0.64780158 -0.60101167 -0.33918130
v 0.57505230 -0.51198531 0.90483720
v 0.67485776 -0.32482795 -0.10229378
v 0.57354532 -0.52273977 -0.68112852
v 0.67419239 -0.34388550 -0.94468029
v 0.64780092 -0.63226293 -0.32692755
v 0.64316575 -0.08450288 -0.87979230
v 0.60193463 -0.00017655 -0.87559383
v 0.64272544 -0.66110972 -0.14151903
v 0.64140793 0.44720822 0.98455870
v 0.64779157 -0.60099170 -0.37824130
v 0.56701913 -0.55868591 0.10408466
v 0.60668383 -0.33931200 0.63020763
v 0.60380156 -0.05315917 0.28776368
v 0.60764703 -0.33505842 0.09546491
v 0.57148504 -0.58971535 0.90565792
v 0.60768181 -0.33526845 -0.20393071
v 0.64780158 -0.60101167 -0.36262131
v 0.64780158 -0.60101167 -0.35871130
v 0.66653919 -0.64789251 -0.74179185
v 0.56676770 -0.55988184 -0.63495375
v 0.64257158 -0.58894417 -0.82355380
v 0.60500330 -0.07833902 -0.74274599
v 0.64780158 -0.60101167 -0.35480130
v 0.64779157 -0.60099170 -0.35090131
v 0.74923252 -0.71148323 0.90817713
v 0.64704157 -0.59710166 -0.25592818
v 0.64779157 -0.60099170 -0.33527130
v 0.66309213 -0.65112144 -0.01989131
v 0.67117644 -0.50858654 -0.94578830
v 0.57410170 -0.51956308 0.11691739
v 0.56739284 -0.55741248 0.73503117
v 0.67203198 -0.64991171 0.62170381
v 0.58220232 -0.47480721 -0.23425998
v 0.65872676 -0.32642493 0.47706455
v 0.60129159 -0.08277167 0.73942556
v 0.64212902 -0.66074398 -0.75993107
v 0.65030225 -0.63884277 -0.80663624
v 0.64186861 -0.66111357 -0.66590808
v 0.64929002 -0.58866417 -0.62482529
v 0.67333158 -0.32839916 -0.63581130
v 0.56684659 -0.55952728 0.00434032
v 0.56708673 -0.55900399 -0.75036956
v 0.64692527 -0.59165251 -0.52289312
v 0.60820524 -0.33716651 -0.94477901
v 0.56710945 -0.55865958 -0.56225716
v 0.64780158 -0.60101167 -0.37043130
v 0.64779157 -0.60099170 -0.36652130
v 0.64780158 -0.60101167 -0.36652130
v 0.64779157 -0.60099170 -0.30402130
v 0.64780116 -0.63226266 -0.27594513
v 0.64779157 -0.60099170 -0.35480130
v 0.63217158 -0.66296170 -0.22785131
v 0.64321503 -0.59652880 -0.98215369
v 0.67514158 -0.56976167 -0.94238132
v 0.65517357 -0.65481265 -0.13529300
v 0.64294784 -0.59722875 0.77633573
v 0.65510092 -0.64439619 0.68024027
v 0.64824666 -0.58905039 0.72320261
v 0.59146825 -0.42358351 -0.36879831
v 0.59619918 -0.39732143 -0.73171950
v 0.65440225 -0.58871311 -0.22181651
v 0.64405188 -0.65726154 -0.21935734
v 0.64780158 -0.60101167 -0.31184131
v 0.64779157 -0.60099170 -0.30793130
v 0.64780158 -0.60101167 -0.30793130
v 0.64779157 -0.60099170 -0.37043130
v 0.64779157 -0.60099170 -0.34309131
v 0.64780158 -0.60101167 -0.37824130
v 0.64780158 -0.60101167 -0.37434131
v 0.64779157 -0.60099170 -0.29621130
v 0.64779157 -0.60099170 -0.29230130
v 0.64779157 -0.60099170 -0.28059131
v 0.64779157 -0.60099170 -0.38215131
v 0.64780158 -0.60101167 -0.29621130
v 0.64780158 -0.60101167 -0.33527130
v 0.64779157 -0.60099170 -0.33137131
v 0.64780158 -0.60101167 -0.38215131
v 0.64779157 -0.60099170 -0.32746130
v 0.64780158 -0.60101167 -0.28840131
v 0.64779157 -0.60099170 -0.31184131
v 0.58763563 -0.44401495 -0.87673831
v 0.64779157 -0.60099170 -0.26887131
v 0.64779157 -0.60099170 -0.26105130
v 0.64780158 -0.60101167 -0.31574130
v 0.64779157 -0.60099170 -0.30012131
v 0.64780158 -0.60101167 -0.30402130
v 0.64780158 -0.60101167 -0.26496130
v 0.64779157 -0.60099170 -0.26496130
v 0.64780158 -0.60101167 -0.24152131
v 0.64780158 -0.60101167 -0.25324130
v 0.64689244 -0.59663787 -0.22199159
v 0.64769128 -0.59779640 -0.22195226
v 0.64779783 -0.60101138 -0.22579719
v 0.67571887 -0.64396342 0.16091909
v 0.58215782 -0.47506837 0.55339987
v 0.58931444 -0.43549847 0.80950920
v 0.63711725 -0.32847667 -0.94037766
v 0.57447011 -0.51746898 -0.83070249
v 0.65071408 -0.59180229 -0.83698255
v 0.67318159 -0.32723667 -0.23175818
v 0.60746596 0.01171489 -0.10355467
v 0.65951157 -0.32636166 -0.65168130
v 0.66331883 -0.65018620 -0.94818112
v 0.60530284 0.00903708 0.47624181
v 0.60433506 0.01841047 0.90352227
v 0.64780158 -0.60101167 -0.26105130
v 0.64780158 -0.60101167 -0.25715131
v 0.60482157 0.01721833 0.65495369
v 0.60285173 0.01545130 0.72624040
v 0.60116719 0.01368020 0.83732431
v 0.58502735 -0.45922860 0.75086487
v 0.67610543 -0.33050510 0.90464584
v 0.60858573 -0.33318182 0.90498825
v 0.60772649 -0.33546953 0.81613166
v 0.67572159 -0.43720952 0.86150013
v 0.64294160 -0.16570792 -0.88215131
v 0.63007106 -0.32938704 -0.88966892
v 0.67175910 -0.55349095 -0.94571667
v 0.67352340 -0.36934405 -0.94465254
v 0.60609128 0.01042942 -0.33923989
v 0.60380156 -0.02715597 -0.36212974
v 0.60644127 0.01013239 0.23106228
v 0.60467408 0.00917583 0.17838868
v 0.60755195 0.01383576 -0.94612527
v 0.60615659 0.01050083 -0.76398630
v 0.60630409 0.01077333 -0.69074443
v 0.60661408 0.01114208 -0.61823568
v 0.60565722 -0.07860105 -0.53431052
v 0.65410185 -0.32721878 -0.66937237
v 0.65951157 -0.32636166 -0.65754131
v 0.67383159 -0.32757167 -0.72785130
v 0.67450409 -0.32892354 -0.59186693
v 0.60430535 0.00849458 -0.22443381
v 0.66286126 -0.07820417 -0.11359365
v 0.60189658 0.74663832 0.98373872
v 0.67369106 -0.65056230 -0.94544783
v 0.66324408 0.00982833 0.55631994
v 0.66231158 -0.07968542 0.43620244
v 0.66537157 -0.08483667 0.78483619
v 0.62459960 0.07732569 0.90512872
v 0.60848181 -0.33438078 0.73161068
v 0.66596407 0.01514833 0.73441962
v 0.61732952 0.44955953 0.90512872
v 0.67806657 0.74810832 0.98242870
v 0.74777442 -0.75056834 0.90812933
v 0.64856189 -0.65309135 0.06504635
v 0.64847534 -0.63186327 -0.64668326
v 0.64233897 -0.66051568 -0.06224881
v 0.64111420 -0.66205192 0.77634591
v 0.64331673 -0.66053454 -0.87903318
v 0.64273352 -0.66121688 -0.98191644
v 0.64603702 -0.63884239 -0.45816436
v 0.66832095 -0.64802978 -0.39972755
v 0.67355560 -0.64954207 -0.09923203
v 0.64790568 -0.58937476 -0.87248720
v 0.57485732 -0.66309423 -0.26203729
v 0.58277428 -0.47165736 -0.84276955
v 0.74654752 0.13915583 0.90618870
v 0.67514158 -0.51898167 -0.94238132
v 0.57628090 -0.66291144 -0.50167488
v 0.64777263 -0.63615621 -0.40222251
v 0.64780158 -0.60101167 -0.28449130
v 0.66581158 -0.64821165 -0.57282224
v 0.56686494 -0.55960498 -0.79635891
v 0.56978441 -0.65991355 0.51991804
v 0.64096657 -0.66051666 -0.38288130
v 0.64777160 -0.63616166 -0.33527130
v 0.74786267 0.35131324 0.98299869
v 0.63984651 -0.66330771 0.15783847
v 0.64411960 -0.65926956 0.39883402
v 0.63998157 -0.66143165 0.26432368
v 0.64130685 -0.66251629 0.60295515
v 0.65688446 -0.64396942 -0.51094553
v 0.74898392 0.10045786 0.98218134
v 0.64591095 -0.58878355 -0.40546474
v 0.64779157 -0.60099170 -0.36262131
v 0.67012275 -0.64721948 -0.23429189
v 0.64780158 -0.60101167 -0.24934131
v 0.64780158 -0.60101167 -0.29230130
v 0.67572006 -0.64396044 -0.25047264
v 0.67572159 -0.53501349 0.06604327
v 0.66976233 -0.65120001 0.44201983
v 0.64363618 -0.65803702 0.77270184
v 0.67572114 -0.64395771 -0.58697255
v 0.64160627 -0.59383160 -0.93436861
v 0.67572159 -0.33148167 -0.26691631
v 0.65636564 -0.58875542 -0.70133216
v 0.60772698 -0.33511838 -0.43568041
v 0.58887420 -0.43790929 -0.04016133
v 0.60492783 -0.34566068 -0.87707869
v 0.64779157 -0.60099170 -0.32355130
v 0.64946408 -0.58874448 -0.36234380
v 0.58276732 -0.47169835 -0.53064535
v 0.65602462 -0.64709755 -0.19306181
v 0.64780158 -0.60101167 -0.32355130
v 0.75033408 -0.45135229 0.98042118
v 0.64780158 -0.60101167 -0.26887131
v 0.64780158 -0.60101167 -0.34309131
v 0.67572159 -0.63484369 -0.14649669
v 0.64268158 -0.58885730 -0.28376005
v 0.74632543 0.75039228 0.98164956
v 0.67383159 -0.32757167 -0.33918130
v 0.66291686 -0.65047397 0.13520746
v 0.57525945 -0.51305272 -0.05901887
v 0.60052568 -0.37340242 0.36724370
v 0.67572159 -0.46812821 0.28112519
v 0.67006699 -0.65188210 0.34043176
v 0.67440845 -0.65077841 0.30923272
v 0.64710367 -0.08366498 -0.94477596
v 0.67477659 -0.32952667 0.65299869
v 0.65653324 -0.58807354 0.90421905
v 0.64807883 -0.64223514 0.55251920
v 0.67383159 -0.32757167 0.38151368
v 0.67572053 -0.64395925 0.69022791
v 0.67349250 -0.52219806 -0.94465214
v 0.67435097 -0.54387916 -0.94323881
v 0.60021880 -0.37508331 0.48550452
v 0.66665595 -0.39337574 -0.94580094
v 0.74880986 -0.64007167 0.98444550
v 0.72005907 -0.54632167 0.90512872
v 0.66528658 -0.64835415 0.75382931
v 0.57641031 -0.50666723 0.82376545
v 0.67564909 -0.51702542 -0.94094630
v 0.67572159 -0.49851423 0.72306882
v 0.67572159 -0.33148167 -0.46515881
v 0.65688392 -0.64396846 0.86516174
v 0.57945261 -0.48989908 -0.70489690
v 0.56689203 -0.55953391 -0.43832357
v 0.64971595 -0.58927604 -0.56354552
v 0.67414753 -0.65118002 -0.06784539
v 0.75072207 -0.74508438 0.98298364
v 0.74973607 0.39808264 0.98397377
v 0.67477659 -0.32952667 -0.32550630
v 0.60014091 -0.37550405 0.31415784
v 0.64858645 -0.64511997 0.26073823
v 0.67492799 -0.32699162 -0.94468949
v 0.67312493 -0.41539761 -0.94562237
v 0.58124628 -0.48010526 0.62958975
v 0.71029533 -0.74609292 0.98324746
v 0.67350156 -0.50335166 -0.94465131
v 0.74669298 -0.66811925 0.90621307
v 0.58478292 -0.46055700 -0.63382431
v 0.64146159 -0.23101542 -0.88030130
v 0.65961852 -0.32630105 -0.33962739
v 0.67572159 -0.41294804 0.23351686
v 0.67398877 -0.32849839 0.42625118
v 0.60784989 -0.33507985 0.29522486
v 0.66258658 -0.07968917 0.32511931
v 0.75198259 -0.49846257 0.97300956
v 0.66315658 -0.07883917 0.49345150
v 0.64842957 -0.21034229 0.98455870
v 0.67572159 -0.43020547 -0.85926124
v 0.62158813 -0.33204885 0.75061824
v 0.67552739 -0.42526016 -0.94336041
v 0.67333846 -0.32794791 -0.65143599
v 0.63607157 -0.17523167 -0.87729132
v 0.74584532 -0.48894792 0.90556995
v 0.67122063 -0.38389245 -0.94577581
v 0.63607157 -0.16351167 -0.87729132
v 0.66399158 -0.07842167 -0.83234380
v 0.62892463 -0.08686016 -0.89019982
v 0.67543159 -0.38274792 -0.94157130
v 0.74154157 -0.11663167 0.98455870
v 0.66847863 -0.08459300 0.90452084
v 0.66287158 -0.07926417 -0.74616130
v 0.66238894 0.01412823 0.61421734
v 0.60787509 -0.33483980 -0.61613302
v 0.65951157 -0.32636166 -0.66340131
v 0.66224159 0.01107333 -0.55304880
v 0.66399158 -0.07842167 -0.44074255
v 0.67383159 -0.32757167 -0.51544755
v 0.60380156 -0.03490933 -0.10840803
v 0.67383159 -0.32757167 -0.30793130
v 0.60380156 -0.02590699 -0.40225919
v 0.66456158 -0.07757167 0.23722619
v 0.66023077 -0.32627805 -0.01583487
v 0.67477659 -0.32952667 0.07584619
v 0.67383159 -0.32757167 0.18033870
v 0.66063157 -0.08094917 0.15263307
v 0.67242471 -0.32716573 0.25602556
v 0.60846936 -0.33435163 0.43225441
v 0.60380156 -0.03948527 0.53910548
v 0.60380156 -0.03710597 0.09159557
v 0.60650752 0.01093333 0.35386462
v 0.74919861 0.10088598 0.90812885
v 0.66406158 0.00943833 0.11198369
v 0.66315658 -0.07883917 0.55961478
v 0.66676096 -0.08288597 0.61576166
v 0.65942240 -0.32632794 0.59708342
v 0.66364533 -0.07852417 -0.54987318
v 0.65572954 -0.74745668 0.90848993
v 0.66269845 -0.07931542 -0.02320115
v 0.66343658 -0.07862855 -0.33051459
v 0.66370658 -0.07884667 -0.25617130
v 0.66117158 0.01216083 -0.03547131
v 0.66210658 0.01075833 0.10905369
v 0.60729377 -0.07977573 0.00688119
v 0.64779658 0.01349833 0.50163118
v 0.57650407 0.74769583 0.90665118
v 0.66470159 0.00835833 0.39713868
v 0.66073127 0.01239708 0.43754587
v 0.67543159 -0.56829291 -0.94156131
v 0.74863487 -0.53149061 0.90808924
v 0.70745536 0.54692963 0.98455870
v 0.67572024 -0.64395999 -0.42134402
v 0.66888650 -0.64816212 -0.30634380
v 0.67572118 -0.64395764 0.39603789
v 0.74623907 -0.62835542 0.90576120
v 0.75024659 -0.39642136 0.90918869
v 0.75127725 -0.36197993 0.98075933
v 0.69009114 -0.16259320 0.90512872
v 0.66784634 -0.65119237 0.26236784
v 0.74757720 -0.49090260 0.98305057
v 0.74545158 0.62749832 0.90537870
v 0.67282089 -0.65118743 0.50714092
v 0.69201846 -0.74948747 0.97968599
v 0.67572159 -0.60101167 0.58268869
v 0.67572159 -0.58685042 -0.94074130
v 0.66690245 -0.58674346 -0.94698770
v 0.74545158 -0.24945167 0.90537870
v 0.67583804 -0.64490283 0.90441804
v 0.75005659 0.03032958 0.90902369
v 0.67391156 -0.50921167 -0.94408381
v 0.58263664 -0.47240568 0.08626530
v 0.67572159 -0.50335166 -0.94074130
v 0.58281880 -0.47141210 -0.29488482
v 0.67528658 -0.48968167 -0.94197883
v 0.74545158 -0.58831291 0.98384120
v 0.67514041 -0.50066476 -0.94239025
v 0.67436919 0.46875755 0.90512872
v 0.58181421 -0.47696983 0.25691334
v 0.74983533 -0.49163417 0.90861869
v 0.67425971 -0.32870979 0.29637009
v 0.68878270 0.29238713 0.90512872
v 0.74877955 -0.60451932 0.90817322
v 0.74154157 0.37944832 0.90512872
v 0.60044546 -0.37383512 -0.00032400
v 0.74567907 0.43462707 0.98311619
v 0.74439057 0.74806986 0.98436196
v 0.74154157 0.56206832 0.90512872
v 0.75144839 -0.18114899 0.97716055
v 0.67383159 -0.32757167 -0.04621131
v 0.67712282 -0.53777698 0.90379745
v 0.60809544 -0.33455884 -0.72345368
v 0.67383159 -0.32757167 -0.82550630
v 0.62912546 -0.33122899 0.00768441
v 0.67318159 -0.32723667 0.10563244
v 0.66250283 0.01085583 -0.22834068
v 0.75278184 -0.74399756 0.91311892
v 0.66001897 -0.32628655 -0.58599306
v 0.65921261 -0.32634193 -0.25155261
v 0.65891359 -0.32636927 -0.53832392
v 0.67477659 -0.32952667 -0.38434568
v 0.75051897 -0.12329102 0.98282806
v 0.65956832 -0.32632536 0.22744978
v 0.67383658 -0.32827666 0.27507119
v 0.67333721 -0.32777167 0.53697072
v 0.66315658 -0.07807417 0.36872501
v 0.67430659 -0.32890167 -0.77545880
v 0.66119157 -0.08052792 -0.50611193
v 0.66439797 -0.08059505 -0.87772943
v 0.66150657 -0.08034511 -0.63114412
v 0.67383159 -0.32757167 -0.46759880
v 0.66095783 0.01169333 -0.52448380
v 0.67564909 -0.33125292 -0.48908255
v 0.65951157 -0.08179167 -0.17170006
v 0.60824900 -0.33403986 -0.06626554
v 0.66164470 -0.08026605 0.06306260
v 0.65951157 -0.32636166 0.00065869
v 0.67383159 -0.32757167 0.03580869
v 0.67435034 -0.32909377 -0.00773295
v 0.67438490 -0.32671995 0.13500824
v 0.60659284 0.01097708 -0.20319381
v 0.67383159 -0.32757167 0.23502868
v 0.67350659 -0.32740417 0.50187493
v 0.67369971 -0.32822979 0.63737243
v 0.67334533 -0.32749666 0.67008743
v 0.67479534 -0.32932916 0.72184744
v 0.66407311 0.01184758 -0.94685517
v 0.67358158 -0.32798542 0.79673446
v 0.67351174 -0.32633680 0.90465505
v 0.74917409 -0.32659667 0.90855869
v 0.74784626 -0.05160198 0.98245056
v 0.66399158 -0.07842167 -0.69782193
v 0.60820595 0.01251270 0.08952182
v 0.69791917 0.24540141 0.98455870
v 0.65951157 0.01315833 0.37028369
v 0.66072079 0.01232676 -0.39197677
v 0.66367283 0.00711458 -0.12287225
v 0.66357908 0.00873833 -0.16584037
v 0.66720578 0.00674437 0.61586051
v 0.66942150 0.01447599 0.61785574
v 0.66399158 -0.07842167 -0.88410130
v 0.66339272 0.00991669 -0.89411365
v 0.66470159 0.00835833 -0.64338005
v 0.66203095 0.01113333 -0.72138318
v 0.66227533 0.01096833 -0.63727505
v 0.66315455 0.00990661 -0.32129685
v 0.66237659 0.01138833 -0.44855130
v 0.74763408 0.17559301 0.98298119
v 0.66362533 0.00950020 -0.04346584
v 0.66470159 0.00835833 0.34831369
v 0.66259752 0.01064020 -0.78315130
v 0.74936158 -0.30999667 0.90756869
v 0.66406158 0.00943833 -0.43097630
v 0.74154157 0.18706833 0.90512872
v 0.67400035 0.67798108 0.98455870
v 0.55897303 0.33256977 0.90512872
v 0.68995353 0.74733829 0.90682730
v 0.66049955 0.01247676 -0.18305225
v 0.66166018 0.01147434 -0.09427674
v 0.66260861 0.01061442 0.03350892
v 0.66280815 0.01039645 0.20353432
v 0.66218720 0.01002520 0.25504681
v 0.66353909 0.00987333 0.31559619
v 0.66217408 0.01091583 0.48454150
v 0.74872691 -0.51116667 0.98384000
v 0.66766470 0.01399020 0.70158150
v 0.74804908 0.45470660 0.90720025
v 0.74963972 -0.03295527 0.90910056
v 0.74545158 0.49859332 0.98428869
v 0.74819408 0.22710583 0.90685619
v 0.75134961 0.12655266 0.97987031
v 0.74703158 -0.70476917 0.98337744
v 0.74786157 0.14440442 0.98270369
v 0.74654283 -0.45013167 0.98363494
v 0.74784908 -0.37200416 0.90728369
v 0.74848784 -0.10607542 0.90790057
v 0.75028005 -0.26922667 0.98339210
v 0.74740658 -0.29925167 0.98325869
v 0.74883907 0.48199020 0.98218869
v 0.74982097 -0.25347573 0.90907619
v 0.75121159 0.28667582 0.91178618
v 0.74787658 -0.15685683 0.90741400
v 0.74763408 -0.10101042 0.98298119
v 0.74773798 0.01327200 0.98219306
v 0.74654283 -0.02581417 0.98363494
v 0.74545158 -0.02679167 0.90537870
v 0.75113160 0.13823958 0.91080868
v 0.74545158 0.03350145 0.90537870
v 0.75102562 0.17378379 0.98260382
v 0.74752033 0.31841457 0.98311994
v 0.74802189 0.26134629 0.90754775
v 0.74989526 0.38604231 0.90932861
v 0.74785001 0.24492958 0.98288713
v 0.74700376 0.30883144 0.90712323
v 0.75135286 0.31686095 0.97959147
v 0.74868534 0.32671707 0.90828494
v 0.75141340 0.53126414 0.97807210
v 0.74545158 0.53862832 0.90537870
v 0.75050785 0.53493605 0.91002306
v 0.74921407 0.69341520 0.98206994
v 0.74757720 0.54131457 0.98305057
v 0.75097864 0.60280659 0.98316083
v 0.74984784 0.63811809 0.90891775
v 0.74672978 0.68282582 0.90692073
v 0.75018019 0.74907647 0.90732358
v 0.75064481 0.74765117 0.98248873
v 0.75001633 -0.74866588 0.98106898
f 11 12 13
f 12 572 13
f 23 128 24
f 30 32 25
f 32 30 105
f 33 34 35
f 34 236 35
f 42 43 44
f 52 53 54
f 357 53 52
f 3 55 39
f 49 27 51
f 77 67 68
f 6 80 15
f 789 49 51
f 56 70 2
f 95 2 70
f 76 56 64
f 116 79 78
f 18 16 20
f 56 2 64
f 70 56 1
f 31 14 64
f 18 15 16
f 93 18 20
f 118 56 76
f 118 74 56
f 15 18 6
f 16 84 118
f 93 20 16
f 80 94 15
f 85 86 87
f 72 5 30
f 6 528 30
f 72 30 25
f 25 32 105
f 25 105 36
f 105 21 36
f 21 105 29
f 49 789 40
f 21 541 36
f 26 21 29
f 473 47 91
f 17 58 60
f 60 58 51
f 92 58 17
f 61 92 62
f 1021 92 61
f 17 62 92
f 60 119 17
f 59 61 62
f 63 59 62
f 59 63 122
f 59 122 794
f 95 70 1
f 14 16 64
f 2 95 82
f 38 93 31
f 1 56 74
f 14 31 93
f 2 82 64
f 96 97 98
f 82 31 64
f 64 16 118
f 95 1 120
f 99 100 101
f 64 118 76
f 84 16 94
f 15 94 16
f 633 94 80
f 14 93 16
f 633 458 94
f 6 5 80
f 80 526 633
f 526 80 611
f 120 74 373
f 30 5 6
f 611 80 5
f 106 77 107
f 611 5 72
f 25 611 72
f 30 635 105
f 36 541 25
f 109 37 110
f 540 541 21
f 111 592 112
f 21 26 540
f 29 40 26
f 29 88 40
f 49 40 88
f 26 40 789
f 789 51 47
f 117 34 33
f 473 91 51
f 47 51 91
f 51 503 60
f 473 58 868
f 473 51 58
f 1021 58 92
f 63 17 119
f 63 62 17
f 61 59 781
f 775 59 794
f 123 124 125
f 95 120 38
f 95 38 82
f 31 82 38
f 130 131 132
f 131 130 303
f 133 544 134
f 135 133 134
f 102 138 592
f 37 139 140
f 55 3 114
f 55 8 39
f 148 149 150
f 149 572 150
f 151 152 153
f 154 535 155
f 3 4 114
f 106 159 67
f 4 8 143
f 160 161 162
f 131 164 165
f 164 131 303
f 45 90 50
f 45 137 90
f 166 432 167
f 168 166 167
f 170 565 171
f 172 170 171
f 173 357 169
f 174 173 169
f 143 45 50
f 55 114 137
f 178 353 179
f 143 181 147
f 143 50 181
f 182 183 184
f 185 97 96
f 432 97 185
f 187 188 189
f 55 137 8
f 190 128 191
f 192 193 194
f 195 196 197
f 172 171 199
f 181 50 19
f 200 201 202
f 236 201 200
f 50 90 19
f 4 143 240
f 179 353 204
f 4 3 8
f 206 207 208
f 33 35 209
f 137 114 90
f 77 101 212
f 213 214 215
f 216 217 111
f 163 217 216
f 220 221 222
f 223 224 107
f 189 225 226
f 145 181 19
f 227 228 229
f 228 227 81
f 230 231 232
f 231 230 81
f 221 234 222
f 303 234 221
f 545 154 235
f 96 418 203
f 238 239 190
f 239 238 544
f 241 177 87
f 243 244 180
f 211 244 243
f 115 181 145
f 246 247 248
f 107 249 106
f 250 86 85
f 86 250 357
f 252 130 253
f 303 130 252
f 210 211 255
f 256 210 255
f 257 216 112
f 163 216 257
f 260 261 262
f 261 587 262
f 147 181 115
f 264 265 140
f 267 265 264
f 19 90 156
f 266 267 264
f 139 266 264
f 269 89 270
f 148 150 271
f 272 273 274
f 303 273 272
f 145 19 156
f 235 155 275
f 276 170 172
f 277 278 113
f 116 279 280
f 165 164 283
f 830 115 141
f 251 185 203
f 432 185 251
f 124 123 565
f 101 285 212
f 830 147 115
f 115 145 141
f 287 288 289
f 290 291 41
f 53 193 192
f 193 53 357
f 145 353 561
f 156 77 145
f 295 296 195
f 297 452 298
f 300 127 65
f 301 128 190
f 254 141 145
f 254 145 219
f 304 305 128
f 89 306 307
f 98 308 182
f 830 141 158
f 158 141 258
f 141 254 258
f 208 257 112
f 314 315 305
f 315 314 544
f 316 124 317
f 319 320 110
f 320 319 267
f 140 265 213
f 321 322 323
f 326 592 111
f 146 327 328
f 327 146 549
f 157 329 330
f 283 164 333
f 164 303 333
f 148 318 281
f 258 259 302
f 259 258 284
f 336 337 102
f 163 337 336
f 302 849 258
f 248 261 260
f 342 149 281
f 572 149 342
f 298 344 297
f 168 167 345
f 258 69 158
f 276 116 348
f 228 349 350
f 81 349 228
f 259 340 339
f 351 352 187
f 90 358 156
f 849 302 259
f 355 89 292
f 797 259 339
f 160 356 161
f 849 259 797
f 202 201 117
f 110 37 153
f 797 347 343
f 267 239 544
f 442 343 331
f 320 267 363
f 109 320 363
f 361 442 365
f 361 367 525
f 79 368 316
f 369 368 79
f 136 525 367
f 57 372 270
f 587 372 57
f 136 367 364
f 525 442 361
f 364 367 74
f 143 8 45
f 79 316 78
f 74 367 373
f 240 144 114
f 341 323 377
f 378 565 544
f 232 231 380
f 136 364 84
f 324 52 54
f 84 364 74
f 118 84 74
f 240 114 4
f 381 382 383
f 565 382 381
f 384 146 68
f 549 146 384
f 373 447 609
f 8 3 39
f 13 386 387
f 572 386 13
f 388 235 275
f 137 45 8
f 144 240 176
f 90 116 358
f 145 77 89
f 90 114 116
f 176 240 143
f 309 452 391
f 116 276 172
f 296 196 195
f 196 296 432
f 235 154 155
f 388 275 392
f 282 544 393
f 23 282 393
f 394 273 395
f 273 572 395
f 135 134 304
f 295 195 418
f 268 218 543
f 203 418 345
f 398 198 250
f 198 357 250
f 353 145 318
f 145 89 318
f 589 283 157
f 86 399 87
f 357 399 86
f 184 401 300
f 68 146 328
f 402 403 205
f 37 109 405
f 390 406 206
f 167 251 345
f 432 251 167
f 383 116 317
f 222 234 407
f 559 408 369
f 409 57 270
f 410 452 411
f 256 561 412
f 561 287 289
f 65 413 223
f 209 414 83
f 391 416 309
f 145 561 293
f 169 419 404
f 357 419 169
f 592 326 102
f 87 399 241
f 244 210 412
f 211 210 244
f 219 145 452
f 145 293 452
f 281 318 41
f 274 273 394
f 65 66 300
f 410 420 421
f 420 236 421
f 422 423 307
f 423 422 587
f 830 158 648
f 321 592 138
f 428 278 277
f 549 278 428
f 178 245 430
f 245 572 430
f 77 106 67
f 431 296 295
f 432 296 431
f 561 289 433
f 211 243 81
f 309 434 411
f 44 435 391
f 452 410 334
f 37 436 139
f 410 421 334
f 212 428 277
f 437 12 438
f 572 12 437
f 263 357 52
f 324 263 52
f 850 343 442
f 628 442 7
f 183 401 184
f 401 183 549
f 373 367 447
f 128 135 304
f 350 349 287
f 24 128 305
f 192 418 54
f 394 395 290
f 829 144 176
f 112 216 111
f 449 450 451
f 452 453 543
f 398 250 85
f 232 385 454
f 239 427 301
f 267 427 239
f 99 77 328
f 393 238 191
f 544 238 393
f 286 344 298
f 344 286 236
f 89 269 397
f 293 187 189
f 249 159 106
f 549 159 249
f 277 77 212
f 218 268 236
f 559 356 160
f 406 163 207
f 206 406 207
f 84 94 458
f 459 243 433
f 81 243 459
f 103 680 468
f 196 166 197
f 166 196 432
f 77 113 475
f 403 478 205
f 81 478 403
f 193 480 194
f 357 480 193
f 224 249 107
f 549 249 224
f 117 341 202
f 279 116 383
f 261 549 587
f 565 162 161
f 110 320 109
f 482 263 483
f 263 482 357
f 77 409 89
f 405 487 313
f 306 422 307
f 385 451 402
f 179 245 178
f 274 318 330
f 411 420 410
f 318 274 394
f 387 204 353
f 368 369 125
f 504 619 505
f 452 506 453
f 506 236 453
f 565 123 162
f 242 25 108
f 413 224 223
f 224 413 549
f 112 592 208
f 105 635 29
f 468 429 464
f 273 303 572
f 741 529 25
f 25 541 108
f 370 489 537
f 376 114 892
f 633 526 610
f 448 468 477
f 741 25 242
f 526 611 610
f 757 494 758
f 746 533 509
f 47 943 789
f 370 537 469
f 306 89 355
f 1021 868 58
f 47 473 943
f 51 27 503
f 113 542 475
f 219 543 218
f 1 74 120
f 356 392 161
f 545 388 356
f 142 129 254
f 89 397 546
f 356 388 392
f 547 318 271
f 330 318 589
f 551 358 455
f 225 552 226
f 211 552 225
f 559 160 553
f 550 358 389
f 478 230 454
f 230 478 81
f 305 315 24
f 487 554 313
f 267 554 487
f 555 556 355
f 587 556 555
f 376 559 114
f 337 557 138
f 163 557 337
f 348 116 280
f 109 363 405
f 334 298 452
f 248 77 246
f 436 266 139
f 153 319 110
f 313 554 436
f 438 12 11
f 562 133 563
f 544 133 562
f 820 120 373
f 275 155 565
f 892 114 144
f 134 314 304
f 544 314 134
f 154 545 535
f 535 565 155
f 535 545 9
f 545 235 388
f 9 545 559
f 565 535 9
f 317 381 383
f 566 71 389
f 71 566 544
f 152 319 153
f 319 152 267
f 171 567 199
f 565 567 171
f 567 371 443
f 565 371 567
f 37 484 151
f 191 238 190
f 54 53 192
f 77 475 424
f 554 266 436
f 267 266 554
f 483 263 324
f 214 198 215
f 198 214 357
f 404 299 177
f 177 174 404
f 480 357 432
f 419 482 299
f 482 419 357
f 265 214 213
f 267 214 265
f 483 177 299
f 107 77 223
f 569 480 431
f 480 432 431
f 418 182 66
f 318 394 290
f 401 127 300
f 549 127 401
f 549 183 432
f 175 10 549
f 101 100 285
f 100 549 285
f 67 384 68
f 247 261 248
f 549 261 247
f 10 46 587
f 260 262 409
f 568 247 246
f 247 568 549
f 269 570 397
f 475 542 571
f 542 549 571
f 10 723 46
f 81 46 558
f 226 548 293
f 46 81 572
f 303 46 572
f 287 385 350
f 395 291 290
f 572 291 395
f 150 121 271
f 121 150 572
f 283 333 157
f 178 430 573
f 204 574 179
f 42 341 83
f 293 256 186
f 592 206 208
f 402 575 403
f 575 81 403
f 380 227 229
f 255 576 186
f 576 255 211
f 552 577 548
f 163 577 552
f 180 244 412
f 576 352 351
f 211 352 576
f 293 189 226
f 326 336 102
f 323 579 377
f 453 268 543
f 268 453 236
f 138 557 321
f 377 200 202
f 326 217 336
f 217 163 336
f 580 43 42
f 43 580 236
f 414 580 83
f 580 414 236
f 83 580 42
f 233 360 798
f 582 365 894
f 365 582 447
f 125 408 123
f 455 378 551
f 279 583 280
f 443 371 455
f 553 160 162
f 116 369 79
f 550 562 563
f 358 551 389
f 383 382 279
f 316 317 78
f 559 553 408
f 484 585 151
f 399 173 241
f 357 173 399
f 214 267 357
f 128 301 37
f 9 544 565
f 241 173 174
f 563 358 550
f 484 427 585
f 427 267 585
f 363 487 405
f 267 487 363
f 563 133 135
f 124 381 317
f 381 124 565
f 304 314 305
f 24 282 23
f 190 239 301
f 455 358 443
f 128 23 191
f 392 275 565
f 123 553 162
f 408 125 369
f 371 378 455
f 378 371 565
f 559 376 9
f 280 48 348
f 348 586 276
f 23 393 191
f 389 71 550
f 78 317 116
f 583 48 280
f 48 583 565
f 551 566 389
f 382 565 583
f 279 382 583
f 551 378 566
f 378 544 566
f 299 482 483
f 262 57 409
f 57 262 587
f 116 559 369
f 544 374 267
f 315 282 24
f 282 315 544
f 199 443 358
f 128 563 135
f 358 116 172
f 161 392 565
f 553 123 408
f 559 545 356
f 37 301 484
f 48 586 348
f 565 586 48
f 586 170 276
f 565 170 586
f 368 124 316
f 124 368 125
f 436 37 313
f 71 562 550
f 544 562 71
f 301 427 484
f 199 567 443
f 174 169 404
f 358 563 128
f 358 172 199
f 585 152 151
f 267 152 585
f 177 241 174
f 151 153 37
f 313 37 405
f 398 177 37
f 215 37 213
f 140 213 37
f 404 419 299
f 418 194 569
f 139 264 140
f 215 198 398
f 328 327 99
f 177 398 85
f 68 328 77
f 222 589 220
f 87 177 85
f 398 37 215
f 418 324 54
f 65 127 413
f 127 549 413
f 324 418 483
f 177 483 418
f 156 418 66
f 418 569 295
f 424 568 246
f 194 480 569
f 549 357 374
f 113 77 277
f 327 100 99
f 549 100 327
f 418 98 182
f 345 251 203
f 300 66 184
f 194 418 192
f 67 159 384
f 159 549 384
f 203 185 96
f 197 166 168
f 197 418 195
f 569 431 295
f 418 96 98
f 66 65 223
f 292 555 355
f 372 570 269
f 587 570 372
f 308 183 182
f 432 183 308
f 330 272 274
f 432 357 549
f 278 542 113
f 549 542 278
f 168 418 197
f 547 437 438
f 418 168 345
f 98 97 308
f 97 432 308
f 285 428 212
f 428 285 549
f 182 184 66
f 546 292 89
f 270 372 269
f 66 223 77
f 165 589 132
f 546 294 292
f 260 77 248
f 307 423 220
f 571 568 424
f 549 568 571
f 101 77 99
f 397 588 546
f 589 407 253
f 589 222 407
f 283 589 165
f 475 571 424
f 423 221 220
f 303 221 423
f 77 260 409
f 424 246 77
f 355 556 306
f 587 303 423
f 450 575 451
f 81 575 450
f 397 570 588
f 570 587 588
f 220 89 307
f 556 587 422
f 306 556 422
f 352 188 187
f 211 188 352
f 281 149 148
f 291 342 41
f 572 342 291
f 132 131 165
f 588 294 546
f 587 294 588
f 294 555 292
f 555 294 587
f 253 130 132
f 270 89 409
f 353 573 385
f 387 386 204
f 220 589 89
f 333 329 157
f 329 333 303
f 329 272 330
f 303 272 329
f 253 132 589
f 407 234 252
f 234 303 252
f 330 589 157
f 121 437 547
f 572 437 121
f 142 799 129
f 407 252 253
f 454 230 232
f 412 561 180
f 380 231 227
f 231 81 227
f 577 406 390
f 163 406 577
f 573 590 449
f 77 156 66
f 271 121 547
f 11 13 387
f 467 846 683
f 205 478 454
f 451 575 402
f 290 41 318
f 353 178 573
f 41 342 281
f 318 148 271
f 353 318 11
f 386 574 204
f 574 386 572
f 318 438 11
f 590 450 449
f 81 450 590
f 430 590 573
f 590 430 572
f 380 385 232
f 449 385 573
f 438 318 547
f 416 434 309
f 236 434 416
f 207 257 208
f 257 207 163
f 353 11 387
f 421 286 334
f 236 286 421
f 81 590 572
f 574 245 179
f 245 574 572
f 433 243 180
f 385 380 229
f 548 577 390
f 205 454 385
f 385 287 561
f 186 576 351
f 451 385 449
f 411 452 309
f 385 402 205
f 349 288 287
f 81 288 349
f 749 558 46
f 201 34 117
f 236 34 201
f 229 228 350
f 390 293 548
f 256 255 186
f 44 43 435
f 43 236 435
f 163 552 211
f 350 385 229
f 579 200 377
f 200 579 236
f 289 288 459
f 288 81 459
f 334 286 298
f 289 459 433
f 557 322 321
f 163 322 557
f 256 293 561
f 433 180 561
f 412 210 256
f 322 236 579
f 323 322 579
f 102 337 138
f 351 293 186
f 187 293 351
f 341 44 391
f 226 552 548
f 189 188 225
f 188 211 225
f 341 391 452
f 111 217 326
f 206 592 293
f 206 293 390
f 202 341 377
f 435 416 391
f 416 435 236
f 341 33 209
f 434 420 411
f 236 420 434
f 323 341 592
f 323 592 321
f 33 341 117
f 322 163 236
f 44 341 42
f 209 83 341
f 344 506 297
f 506 344 236
f 258 849 69
f 211 81 163
f 293 592 341
f 35 414 209
f 236 414 35
f 297 506 452
f 218 104 219
f 236 104 218
f 594 595 596
f 595 594 860
f 28 606 511
f 850 442 628
f 797 343 850
f 846 617 346
f 458 136 84
f 136 833 525
f 116 114 559
f 156 358 37
f 358 128 37
f 37 177 418
f 143 400 584
f 156 37 418
f 687 456 614
f 236 163 990
f 723 774 46
f 774 800 46
f 589 318 89
f 602 603 971
f 593 481 147
f 353 385 561
f 452 293 341
f 491 452 543
f 543 452 491
f 543 219 452
f 219 142 254
f 528 6 18
f 103 468 448
f 144 829 892
f 468 425 429
f 468 464 477
f 499 456 488
f 486 456 687
f 702 486 687
f 426 481 456
f 429 486 702
f 683 488 467
f 614 456 499
f 530 415 237
f 142 219 104
f 683 846 346
f 354 104 236
f 617 698 470
f 721 375 634
f 617 470 346
f 698 867 466
f 476 618 520
f 690 618 624
f 690 867 618
f 867 520 618
f 692 22 712
f 628 476 520
f 514 513 370
f 476 22 692
f 712 22 700
f 536 461 490
f 700 22 529
f 448 477 359
f 22 610 529
f 610 22 525
f 610 611 529
f 689 510 444
f 509 460 706
f 30 528 737
f 461 370 490
f 30 737 635
f 501 448 359
f 501 359 440
f 611 25 529
f 242 461 630
f 713 375 500
f 477 612 359
f 359 379 440
f 495 370 513
f 379 500 492
f 492 500 311
f 439 460 509
f 489 474 787
f 531 741 242
f 492 640 379
f 492 311 640
f 446 461 242
f 379 612 500
f 471 370 461
f 379 359 612
f 29 635 88
f 744 496 770
f 770 496 325
f 770 415 527
f 770 527 773
f 494 532 758
f 521 534 782
f 463 494 497
f 706 606 509
f 469 784 782
f 537 489 787
f 540 26 789
f 474 471 461
f 474 788 787
f 788 541 790
f 541 788 242
f 49 88 27
f 63 119 720
f 781 59 775
f 886 61 781
f 649 9 672
f 445 672 9
f 81 338 163
f 374 544 9
f 587 549 10
f 46 303 587
f 374 357 267
f 163 749 990
f 549 374 175
f 163 338 749
f 81 558 338
f 338 558 749
f 366 335 748
f 354 799 104
f 104 799 142
f 310 129 730
f 310 730 335
f 365 233 798
f 362 347 798
f 360 362 798
f 373 609 671
f 582 894 447
f 681 718 441
f 807 672 445
f 376 564 445
f 445 9 376
f 600 9 649
f 651 652 653
f 822 652 651
f 656 715 657
f 813 365 798
f 447 894 920
f 820 373 671
f 486 429 400
f 663 665 666
f 665 663 822
f 660 801 848
f 479 464 429
f 658 867 810
f 670 624 709
f 425 103 669
f 680 103 425
f 486 400 456
f 598 103 448
f 456 400 426
f 578 467 488
f 578 488 456
f 846 467 648
f 515 867 698
f 670 668 707
f 520 867 658
f 670 709 711
f 851 476 512
f 512 476 628
f 22 476 851
f 448 501 598
f 680 425 468
f 597 479 601
f 593 456 481
f 613 599 681
f 126 477 464
f 485 510 508
f 654 619 697
f 684 619 654
f 654 697 696
f 867 690 707
f 523 712 636
f 598 501 682
f 597 126 479
f 501 440 831
f 464 479 126
f 601 479 429
f 429 702 601
f 718 601 702
f 702 687 441
f 441 718 702
f 681 441 687
f 681 687 614
f 681 614 613
f 614 499 613
f 499 695 613
f 499 488 695
f 417 613 695
f 488 683 695
f 683 417 695
f 654 842 684
f 683 346 842
f 842 346 684
f 346 470 684
f 470 619 684
f 697 505 705
f 470 505 619
f 505 697 504
f 505 470 696
f 697 619 504
f 705 505 696
f 696 697 705
f 470 698 696
f 696 698 466
f 668 696 466
f 668 466 707
f 466 867 707
f 624 670 707
f 624 707 690
f 624 618 709
f 476 711 618
f 618 711 709
f 711 476 692
f 523 711 692
f 523 692 712
f 370 495 536
f 712 700 679
f 636 712 679
f 679 700 676
f 700 529 676
f 501 831 682
f 126 673 477
f 477 673 612
f 640 440 379
f 605 500 612
f 502 500 375
f 605 713 500
f 237 415 721
f 530 237 722
f 722 237 745
f 493 530 722
f 444 462 689
f 510 689 623
f 726 727 728
f 508 623 777
f 439 508 777
f 511 606 607
f 28 534 521
f 514 519 607
f 536 495 507
f 784 643 607
f 536 490 370
f 605 612 673
f 440 640 632
f 88 635 641
f 242 630 531
f 541 242 108
f 630 461 536
f 640 677 738
f 780 627 536
f 311 677 640
f 634 375 713
f 634 237 721
f 605 524 713
f 634 713 744
f 721 496 332
f 634 744 237
f 722 745 772
f 415 530 527
f 493 444 463
f 530 493 463
f 722 756 493
f 462 444 493
f 493 757 462
f 494 463 444
f 510 494 444
f 510 623 508
f 485 508 396
f 509 508 439
f 509 396 508
f 509 533 396
f 439 777 778
f 485 396 533
f 460 439 706
f 606 706 439
f 539 1002 940
f 606 439 747
f 28 509 606
f 509 28 521
f 511 534 28
f 606 782 607
f 607 519 511
f 511 519 534
f 469 519 514
f 370 469 514
f 507 513 514
f 507 514 607
f 536 627 630
f 495 513 507
f 780 536 507
f 119 60 503
f 507 787 780
f 489 370 471
f 471 474 489
f 630 627 531
f 632 640 738
f 880 88 641
f 375 496 502
f 375 332 496
f 713 524 751
f 752 786 791
f 500 502 311
f 721 325 496
f 502 496 744
f 375 721 332
f 325 721 770
f 745 237 638
f 770 745 638
f 770 721 415
f 773 772 770
f 530 497 527
f 497 530 463
f 494 757 497
f 532 485 518
f 689 462 757
f 510 485 532
f 758 532 776
f 510 532 494
f 689 758 776
f 518 485 533
f 746 747 533
f 521 746 509
f 782 606 747
f 469 534 519
f 607 643 785
f 469 785 643
f 761 507 699
f 620 759 760
f 507 607 699
f 787 507 761
f 537 787 761
f 780 787 788
f 788 474 461
f 461 446 788
f 780 788 627
f 531 627 750
f 788 446 242
f 790 541 540
f 738 752 632
f 524 738 677
f 677 311 751
f 524 677 751
f 751 311 502
f 751 502 744
f 713 751 744
f 1001 38 120
f 237 744 638
f 770 638 744
f 771 770 772
f 772 745 771
f 771 745 770
f 773 722 772
f 722 773 756
f 773 527 497
f 756 773 497
f 756 497 757
f 756 757 493
f 758 689 757
f 623 689 776
f 532 518 777
f 777 623 776
f 777 776 532
f 518 533 778
f 777 518 778
f 533 747 778
f 439 778 747
f 746 521 782
f 782 747 746
f 784 607 782
f 1001 120 820
f 534 469 782
f 469 643 784
f 607 785 699
f 699 785 469
f 469 537 761
f 699 469 761
f 788 790 627
f 627 790 750
f 790 540 750
f 540 789 716
f 750 540 716
f 717 831 440
f 27 762 503
f 1021 61 886
f 672 743 649
f 649 803 600
f 719 374 600
f 723 175 719
f 10 175 723
f 800 774 723
f 990 354 236
f 662 800 749
f 749 800 990
f 600 374 9
f 799 639 129
f 129 639 730
f 748 335 730
f 347 366 748
f 347 828 714
f 714 808 347
f 798 347 808
f 629 813 798
f 365 813 795
f 365 795 894
f 792 38 818
f 807 743 672
f 93 38 792
f 743 807 564
f 920 894 647
f 584 829 143
f 890 743 564
f 807 445 564
f 719 739 796
f 662 46 800
f 719 175 374
f 749 46 662
f 800 754 990
f 622 748 730
f 828 347 748
f 828 748 622
f 795 813 629
f 792 818 93
f 143 465 400
f 752 738 786
f 664 655 977
f 954 839 802
f 354 688 799
f 312 675 599
f 829 176 143
f 755 661 560
f 678 675 312
f 143 147 465
f 848 801 755
f 799 806 639
f 658 797 850
f 609 447 671
f 524 605 701
f 723 733 754
f 848 755 869
f 599 755 560
f 755 801 661
f 147 426 465
f 400 425 584
f 147 481 426
f 604 597 801
f 560 801 718
f 425 829 584
f 675 755 599
f 593 147 578
f 769 724 417
f 849 698 617
f 650 826 855
f 797 810 849
f 844 734 817
f 795 629 819
f 845 844 817
f 816 844 845
f 818 18 93
f 842 769 683
f 633 833 458
f 832 892 793
f 103 892 829
f 429 425 400
f 660 522 604
f 718 801 601
f 660 604 801
f 425 669 829
f 661 801 560
f 793 892 598
f 312 599 852
f 417 312 852
f 688 891 799
f 802 853 854
f 852 613 417
f 578 147 830
f 724 312 417
f 648 158 846
f 69 617 158
f 642 769 855
f 769 654 855
f 849 617 69
f 642 855 826
f 691 982 828
f 836 622 730
f 650 855 664
f 664 668 655
f 854 856 857
f 808 714 472
f 655 838 734
f 858 859 871
f 7 851 628
f 850 628 520
f 734 844 615
f 648 467 830
f 522 597 604
f 136 458 833
f 18 818 528
f 1048 863 864
f 103 598 892
f 578 456 593
f 599 560 681
f 769 417 457
f 457 683 769
f 654 769 842
f 560 718 681
f 426 400 465
f 849 515 698
f 601 801 597
f 669 103 829
f 1069 676 529
f 696 855 654
f 515 849 867
f 696 668 824
f 855 696 824
f 855 824 668
f 855 668 664
f 810 867 849
f 655 668 838
f 850 520 658
f 658 810 797
f 838 668 670
f 817 734 861
f 861 838 670
f 629 812 753
f 734 838 861
f 817 861 670
f 7 442 862
f 467 578 830
f 523 636 845
f 525 862 442
f 723 754 800
f 833 610 525
f 766 440 632
f 457 417 683
f 633 610 833
f 852 599 613
f 846 158 617
f 786 763 791
f 872 764 873
f 793 598 682
f 512 628 851
f 670 711 523
f 817 670 523
f 22 851 7
f 862 22 7
f 817 523 845
f 525 22 862
f 845 631 816
f 845 636 679
f 631 845 679
f 679 676 816
f 631 679 816
f 676 866 816
f 524 701 644
f 597 674 646
f 915 844 816
f 591 793 682
f 738 524 786
f 858 878 879
f 878 715 879
f 730 984 836
f 967 524 693
f 863 659 864
f 528 1053 737
f 750 741 531
f 632 752 791
f 786 524 967
f 927 473 868
f 959 312 905
f 126 815 673
f 943 473 927
f 809 734 667
f 63 720 122
f 743 803 649
f 794 122 884
f 794 884 887
f 691 622 836
f 934 729 888
f 729 934 956
f 730 639 806
f 890 803 743
f 803 890 981
f 38 75 818
f 719 600 739
f 808 472 742
f 769 517 704
f 723 719 796
f 885 890 686
f 739 803 981
f 600 803 739
f 723 796 733
f 714 828 847
f 354 990 688
f 730 806 984
f 828 982 847
f 828 622 691
f 837 528 818
f 714 847 472
f 742 798 808
f 629 798 742
f 629 742 812
f 753 952 629
f 895 896 727
f 896 895 924
f 629 952 819
f 866 676 1069
f 795 819 894
f 621 820 897
f 564 686 890
f 885 686 703
f 564 892 686
f 768 703 686
f 892 832 686
f 876 674 660
f 678 869 755
f 823 866 1069
f 660 848 876
f 616 312 959
f 1042 900 901
f 905 312 724
f 755 675 678
f 769 642 517
f 727 896 728
f 678 312 616
f 704 905 769
f 724 769 905
f 517 826 650
f 517 642 826
f 843 650 664
f 517 650 843
f 843 664 977
f 732 655 734
f 977 655 732
f 732 734 809
f 1042 901 858
f 736 472 847
f 472 973 742
f 734 615 667
f 1072 732 1054
f 973 812 742
f 667 615 844
f 708 840 667
f 660 674 522
f 708 667 844
f 1048 653 863
f 915 708 844
f 822 882 715
f 528 837 1053
f 1079 916 917
f 816 710 915
f 597 522 674
f 779 918 919
f 816 866 914
f 710 816 914
f 832 793 591
f 920 820 671
f 914 866 823
f 882 591 682
f 682 831 882
f 840 708 915
f 126 646 821
f 597 646 126
f 1069 529 865
f 717 877 581
f 900 925 901
f 717 440 766
f 720 119 783
f 928 929 930
f 605 673 1005
f 908 1005 673
f 766 632 791
f 693 524 644
f 605 1005 926
f 879 859 858
f 715 859 879
f 926 967 693
f 766 763 637
f 694 693 644
f 694 644 701
f 831 814 581
f 581 882 831
f 605 926 701
f 766 877 717
f 750 716 881
f 935 936 937
f 936 935 956
f 701 926 693
f 767 715 581
f 967 763 786
f 701 693 694
f 729 938 939
f 938 729 956
f 941 935 942
f 935 941 956
f 814 831 717
f 880 27 88
f 27 1024 762
f 927 868 970
f 503 762 740
f 877 766 637
f 873 921 900
f 944 933 945
f 933 944 822
f 1054 732 809
f 503 740 119
f 1021 949 868
f 884 122 720
f 539 937 602
f 914 823 1056
f 775 794 887
f 996 806 799
f 832 591 686
f 876 848 902
f 926 1005 903
f 997 691 983
f 768 890 885
f 883 581 877
f 948 894 819
f 754 989 990
f 1038 957 958
f 984 691 836
f 820 647 897
f 710 914 1056
f 647 894 897
f 889 1001 820
f 889 820 621
f 951 686 909
f 768 951 516
f 686 951 768
f 885 703 768
f 686 591 909
f 516 951 909
f 985 796 739
f 685 929 928
f 929 685 822
f 822 909 591
f 126 821 815
f 581 814 717
f 882 581 715
f 877 637 883
f 822 591 882
f 960 961 962
f 959 905 946
f 704 517 1057
f 891 996 799
f 984 806 996
f 753 812 952
f 977 732 1072
f 920 647 820
f 825 691 834
f 602 936 603
f 936 956 603
f 888 729 939
f 791 763 766
f 937 936 602
f 926 841 967
f 881 741 750
f 765 716 789
f 637 763 967
f 27 880 1024
f 765 789 943
f 887 884 947
f 119 740 975
f 783 119 975
f 949 970 868
f 783 975 720
f 781 1021 886
f 922 934 888
f 781 775 978
f 775 887 1066
f 984 725 983
f 834 691 999
f 1001 889 621
f 847 911 736
f 985 981 899
f 665 944 986
f 944 665 822
f 985 739 981
f 796 626 733
f 872 988 764
f 988 715 764
f 733 626 898
f 932 989 754
f 733 898 754
f 754 898 932
f 989 932 608
f 626 796 985
f 768 907 981
f 991 988 872
f 990 891 688
f 990 608 891
f 891 608 993
f 891 993 874
f 996 891 874
f 990 989 608
f 996 874 725
f 996 725 984
f 691 984 983
f 997 983 912
f 645 678 616
f 998 691 912
f 691 998 999
f 997 912 691
f 998 912 999
f 691 825 982
f 834 999 825
f 847 982 911
f 911 472 736
f 911 731 472
f 731 811 812
f 812 811 952
f 731 735 811
f 811 819 952
f 735 819 811
f 472 731 973
f 731 812 973
f 735 950 948
f 894 948 950
f 1028 897 894
f 957 1000 958
f 1028 621 897
f 890 768 981
f 912 983 825
f 911 982 825
f 840 915 710
f 1058 840 710
f 948 819 735
f 1028 894 950
f 1102 977 1072
f 902 674 876
f 645 869 678
f 728 987 960
f 899 626 985
f 1048 986 945
f 1069 1035 823
f 893 941 919
f 941 893 956
f 625 909 822
f 1056 823 1030
f 981 907 835
f 821 674 902
f 954 960 962
f 1003 625 822
f 1003 822 860
f 646 674 821
f 1011 1010 1006
f 1010 1003 1006
f 1079 928 930
f 1004 822 715
f 595 860 1013
f 925 878 901
f 878 925 715
f 929 1015 930
f 1015 929 1004
f 666 665 986
f 1016 853 802
f 853 1016 924
f 656 1017 715
f 864 1012 1018
f 988 1004 715
f 857 856 663
f 856 822 663
f 779 919 942
f 529 923 865
f 923 741 881
f 923 529 741
f 779 942 937
f 972 1019 971
f 1019 972 1002
f 956 883 637
f 1002 956 637
f 968 538 759
f 538 1002 759
f 603 972 971
f 972 603 956
f 942 935 937
f 1020 715 805
f 637 967 498
f 939 938 918
f 539 538 968
f 759 1002 760
f 779 888 939
f 918 938 893
f 938 956 893
f 881 716 765
f 919 941 942
f 804 883 956
f 765 943 927
f 762 1025 740
f 970 949 927
f 781 978 1021
f 884 720 947
f 720 976 947
f 1066 887 947
f 901 878 858
f 38 1001 75
f 1040 625 995
f 1006 1027 875
f 1027 1006 1003
f 1001 621 1059
f 954 666 986
f 980 75 1001
f 871 1017 656
f 608 932 963
f 1038 875 992
f 999 912 825
f 825 1009 911
f 1058 667 840
f 954 857 666
f 656 657 871
f 1013 860 1029
f 907 768 516
f 904 1016 839
f 924 1016 904
f 1048 1018 928
f 1038 1013 1029
f 995 625 827
f 909 625 516
f 1038 992 957
f 954 962 839
f 1135 848 869
f 922 804 934
f 921 925 900
f 925 921 715
f 1033 651 653
f 626 899 1043
f 1057 517 843
f 1018 685 928
f 659 1012 864
f 1012 659 822
f 1011 1006 875
f 958 594 596
f 1033 933 651
f 933 822 651
f 823 1035 1030
f 827 625 1003
f 875 1027 992
f 870 1020 871
f 1020 870 715
f 1038 1011 875
f 962 904 839
f 907 516 625
f 995 827 1037
f 1038 596 1013
f 1038 1037 1011
f 839 1016 802
f 1038 1029 1039
f 1048 945 1033
f 1037 1010 1011
f 954 802 854
f 1039 895 727
f 853 856 854
f 856 853 924
f 987 961 960
f 961 987 924
f 1000 1003 860
f 1038 1040 995
f 1048 1033 653
f 1040 907 625
f 1015 1007 1014
f 1007 1015 1004
f 1042 872 873
f 1160 616 959
f 1027 1032 992
f 1032 1027 1003
f 1032 1000 957
f 1000 1032 1003
f 1079 1014 916
f 827 1010 1037
f 1010 827 1003
f 992 1032 957
f 995 1037 1038
f 596 595 1013
f 1038 958 596
f 726 1039 727
f 1041 1036 955
f 1036 1041 1004
f 986 944 945
f 1079 930 1014
f 726 1040 1038
f 954 854 857
f 962 961 904
f 961 924 904
f 1038 1039 726
f 1029 860 924
f 924 860 822
f 896 987 728
f 987 896 924
f 726 728 960
f 1039 1029 895
f 1029 924 895
f 726 960 954
f 652 659 863
f 659 652 822
f 958 1000 594
f 1000 860 594
f 822 1004 929
f 715 767 805
f 856 924 822
f 857 663 666
f 917 1041 955
f 954 986 1048
f 955 1036 991
f 1036 988 991
f 988 1036 1004
f 764 921 873
f 921 764 715
f 1042 873 900
f 945 933 1033
f 916 1007 910
f 1007 1004 910
f 930 1015 1014
f 653 652 863
f 1048 864 1018
f 916 910 917
f 1014 1007 916
f 859 1017 871
f 1017 859 715
f 1042 991 872
f 1048 928 1079
f 1018 1012 685
f 1012 822 685
f 1079 955 991
f 871 805 913
f 1070 871 913
f 1079 917 955
f 1042 858 871
f 1079 991 1042
f 913 805 767
f 910 1041 917
f 1004 1041 910
f 871 1020 805
f 815 821 673
f 1070 1042 871
f 1019 1002 539
f 657 870 871
f 870 657 715
f 913 767 581
f 913 966 883
f 968 759 620
f 913 581 966
f 581 883 966
f 956 1002 972
f 804 956 934
f 971 1019 539
f 779 937 539
f 539 602 971
f 883 804 922
f 779 939 918
f 1002 538 940
f 620 637 498
f 922 888 779
f 918 893 919
f 1058 710 1181
f 539 968 620
f 641 635 1061
f 1002 637 760
f 940 538 539
f 498 967 841
f 1092 620 498
f 760 637 620
f 926 903 841
f 645 616 1160
f 881 765 1064
f 979 978 775
f 949 1021 978
f 978 927 949
f 1066 979 775
f 1066 947 1050
f 947 1049 1050
f 75 1026 1062
f 1001 1098 980
f 1026 75 1098
f 1001 1059 1098
f 1098 75 980
f 818 75 1062
f 737 1061 635
f 902 848 1052
f 608 1008 1051
f 608 963 1008
f 993 608 1051
f 731 911 1009
f 731 1009 735
f 950 964 1028
f 899 981 835
f 1059 621 1028
f 898 626 1043
f 1046 883 922
f 1079 1042 1070
f 898 963 932
f 874 993 1051
f 1102 843 977
f 704 1107 905
f 899 1060 1076
f 1181 710 1056
f 907 1040 1104
f 1104 1040 954
f 954 1040 726
f 954 1048 1104
f 1069 865 1035
f 737 1053 1068
f 737 1068 1061
f 673 1120 908
f 1081 865 923
f 913 883 1046
f 641 1024 880
f 923 881 1125
f 922 779 1046
f 1092 539 620
f 821 902 1087
f 903 931 841
f 498 841 1044
f 841 931 1044
f 1125 881 1064
f 740 1025 975
f 927 978 1063
f 976 720 1023
f 979 1066 1113
f 498 1044 953
f 978 994 1063
f 1062 837 818
f 1060 899 835
f 1043 899 1076
f 983 906 1078
f 902 1052 1087
f 645 1160 1101
f 874 1051 725
f 673 821 1120
f 1008 963 898
f 1046 539 1092
f 983 725 906
f 983 1078 825
f 1088 843 1102
f 1115 1102 1072
f 735 1009 950
f 1070 913 1046
f 1057 843 1088
f 1030 1181 1056
f 1031 964 950
f 1059 1028 964
f 821 1087 1120
f 1097 1035 865
f 1005 931 903
f 1046 779 539
f 1092 498 953
f 975 1023 720
f 1094 978 1067
f 1063 994 927
f 979 1067 978
f 976 1049 947
f 1050 1049 1114
f 1060 835 907
f 1043 1174 898
f 1008 898 1051
f 974 1107 704
f 905 1107 946
f 1054 809 1072
f 809 667 1058
f 1043 1076 1077
f 1101 869 645
f 1129 1051 898
f 959 1139 1160
f 974 704 1057
f 1058 1181 1131
f 1059 1132 1098
f 1104 1048 1079
f 1061 1065 641
f 908 931 1005
f 641 1065 1134
f 1024 641 1022
f 762 1024 1022
f 975 1025 1023
f 927 1064 765
f 1023 1025 1082
f 994 978 1094
f 1113 1067 979
f 1113 1066 1073
f 1098 1062 1026
f 1086 1062 1098
f 1062 1086 837
f 1043 1077 1174
f 1135 869 1101
f 1156 898 1091
f 725 1051 906
f 1107 959 946
f 1131 809 1058
f 950 1009 1085
f 1104 1060 907
f 959 1107 1128
f 974 1057 1119
f 1119 1057 1088
f 1095 1009 825
f 1097 865 1180
f 1087 1052 1120
f 1085 1031 950
f 1068 1065 1061
f 1117 1079 1070
f 1099 1070 1046
f 1044 931 1090
f 1022 641 1134
f 969 1081 923
f 923 1125 969
f 1025 1080 1082
f 1092 953 1047
f 1022 1080 762
f 1047 953 1044
f 1025 762 1080
f 927 994 1112
f 1023 1111 976
f 1066 1050 1073
f 1073 1050 1114
f 1053 837 1089
f 898 1156 1129
f 1103 1051 1129
f 1130 1091 898
f 1139 959 1128
f 1034 1115 1072
f 1009 1263 1100
f 1097 1149 1035
f 1085 1009 1100
f 1085 1045 1031
f 1132 1059 964
f 1053 1089 1068
f 1127 1104 1079
f 1163 1079 1117
f 1044 1071 1047
f 1099 1046 1118
f 1092 1047 1046
f 1112 1064 927
f 1071 1044 1090
f 1023 1082 1055
f 976 1074 1049
f 1110 1067 1113
f 1073 1110 1113
f 1086 1098 1132
f 1138 1076 1060
f 837 1136 1089
f 837 1086 1136
f 898 1174 1130
f 809 1131 1072
f 906 1051 1078
f 1102 1115 1202
f 1035 1149 1154
f 1118 1046 1047
f 1147 1035 1154
f 1031 1045 964
f 1045 1132 964
f 1030 1035 1147
f 1104 1127 1060
f 865 1081 1096
f 1107 1109 1128
f 1155 1263 1009
f 1068 1089 1150
f 1163 1127 1079
f 931 908 1120
f 1065 1068 1121
f 1096 1180 865
f 931 1120 1090
f 1143 1117 1070
f 1081 1093 1096
f 1099 1143 1070
f 1105 1071 1090
f 1093 1081 969
f 1022 1134 1080
f 1093 969 1122
f 1123 1047 1071
f 1125 1064 1112
f 1094 1112 994
f 1049 1074 1083
f 1114 1049 1153
f 1073 1114 1141
f 1009 1095 1155
f 1077 1076 1084
f 825 1078 1164
f 1088 1102 1202
f 965 1095 825
f 1060 1127 1138
f 1045 1085 1193
f 1052 848 1135
f 1130 1156 1091
f 1133 1129 1156
f 1107 974 1109
f 1105 1106 1071
f 1121 1178 1065
f 1131 1116 1072
f 1085 1100 1263
f 1147 1181 1030
f 1084 1076 1177
f 1149 1097 1157
f 1180 1096 1093
f 1157 1097 1180
f 1163 1117 1143
f 1134 1065 1178
f 1105 1090 1162
f 1123 1118 1047
f 1123 1071 1211
f 969 1125 1122
f 1082 1080 1055
f 1023 1055 1111
f 976 1140 1074
f 1131 1181 1175
f 1169 1067 1110
f 1110 1073 1169
f 1049 1083 1153
f 1114 1153 1141
f 1141 1153 1170
f 1120 1052 1135
f 1195 1136 1197
f 1136 1195 1089
f 1177 1076 1138
f 1156 1130 1184
f 1139 1128 1109
f 1078 1192 1164
f 965 825 1164
f 1135 1101 1160
f 1139 1109 1191
f 1131 1175 1116
f 1075 1088 1202
f 1202 1115 1214
f 1072 1116 1175
f 1068 1150 1121
f 1127 1163 1138
f 1120 1161 1090
f 1163 1143 1099
f 976 1124 1140
f 1071 1106 1126
f 1071 1126 1211
f 1080 1159 1055
f 976 1111 1124
f 1094 1067 1169
f 1141 1169 1073
f 1141 1170 1171
f 1167 1086 1132
f 1167 1136 1086
f 1132 1158 1167
f 1136 1167 1197
f 1150 1089 1195
f 1174 1077 1184
f 1137 1120 1135
f 1137 1135 1160
f 1174 1184 1130
f 1103 1192 1051
f 1051 1108 1078
f 1109 974 1119
f 1132 1045 1144
f 1160 1139 1191
f 1108 1051 1192
f 1115 1034 1214
f 1155 1095 965
f 1072 1175 1034
f 1085 1263 1190
f 1144 1158 1132
f 1120 1137 1199
f 1120 1199 1161
f 1090 1161 1162
f 1080 1176 1159
f 1146 1125 1168
f 1211 1118 1123
f 1055 1124 1111
f 1125 1112 1168
f 1112 1207 1166
f 1207 1112 1142
f 1112 1094 1185
f 1171 1169 1141
f 1121 1150 1178
f 1188 1156 1184
f 1103 1129 1192
f 1160 1191 1238
f 1078 1108 1192
f 1163 1099 1118
f 1085 1190 1193
f 1156 1226 1133
f 1191 1109 1303
f 1189 1109 1119
f 1075 1119 1088
f 1147 1154 1219
f 1239 1075 1202
f 1045 1193 1144
f 1150 1172 1178
f 1163 1173 1138
f 1216 1173 1163
f 1157 1179 1149
f 1230 1180 1165
f 1134 1178 1080
f 1180 1093 1165
f 1165 1093 1122
f 1211 1126 1106
f 1122 1125 1146
f 1151 1168 1112
f 1112 1166 1151
f 1074 1140 1201
f 1074 1152 1083
f 1208 1094 1169
f 1172 1150 1195
f 1194 1167 1158
f 1137 1160 1238
f 1189 1278 1109
f 1147 1219 1181
f 1118 1211 1205
f 1119 1075 1239
f 1303 1109 1278
f 1263 1155 1224
f 1145 1190 1263
f 1179 1157 1180
f 1161 1199 1162
f 1229 1149 1179
f 1105 1162 1182
f 1176 1080 1178
f 1162 1148 1182
f 1176 1055 1159
f 1227 1106 1290
f 1211 1106 1227
f 1142 1112 1185
f 1166 1198 1151
f 1185 1094 1142
f 1208 1142 1094
f 1170 1209 1171
f 1153 1210 1170
f 1179 1180 1229
f 1084 1177 1138
f 1229 1180 1230
f 1164 1266 965
f 1214 1239 1202
f 1155 965 1225
f 1193 1190 1145
f 1200 1188 1184
f 1173 1204 1138
f 1226 1156 1200
f 1163 1118 1213
f 1129 1133 1226
f 1214 1034 1175
f 1214 1175 1219
f 1215 1149 1229
f 1154 1149 1215
f 1162 1212 1148
f 1162 1199 1212
f 1216 1163 1213
f 1178 1203 1176
f 1182 1148 1105
f 1124 1055 1206
f 1055 1176 1206
f 1211 1227 1240
f 1198 1146 1168
f 1151 1198 1168
f 1201 1140 1124
f 1210 1153 1196
f 1171 1209 1169
f 1197 1167 1194
f 1195 1197 1172
f 1242 1077 1084
f 1156 1188 1200
f 1266 1225 965
f 1192 1186 1164
f 1183 1214 1232
f 1183 1239 1214
f 1204 1173 1223
f 1154 1236 1219
f 1192 1129 1231
f 1278 1189 1119
f 1225 1224 1155
f 1220 1193 1145
f 1154 1215 1236
f 1223 1173 1216
f 1178 1172 1203
f 1118 1205 1213
f 1124 1206 1201
f 1205 1211 1241
f 1105 1148 1252
f 1240 1241 1211
f 1105 1252 1106
f 1122 1218 1165
f 1201 1152 1074
f 1083 1152 1153
f 1152 1196 1153
f 1210 1196 1187
f 1293 1208 1169
f 1209 1170 1187
f 1170 1210 1187
f 1172 1197 1235
f 1197 1194 1235
f 1212 1228 1148
f 1077 1242 1184
f 1084 1138 1204
f 1199 1137 1212
f 1212 1238 1228
f 1214 1219 1232
f 1193 1220 1144
f 1236 1283 1219
f 1158 1144 1237
f 1137 1238 1212
f 1213 1287 1216
f 1231 1129 1324
f 1175 1181 1219
f 1206 1176 1203
f 1165 1218 1282
f 1290 1106 1252
f 1146 1218 1122
f 1142 1208 1272
f 1196 1222 1187
f 1169 1209 1319
f 1319 1209 1187
f 1144 1220 1260
f 1194 1158 1245
f 1237 1245 1158
f 1204 1217 1084
f 1226 1284 1129
f 1084 1217 1223
f 1192 1231 1186
f 1148 1298 1279
f 1237 1144 1281
f 1277 1278 1119
f 1277 1119 1239
f 1224 1225 1266
f 1206 1261 1201
f 1285 1219 1283
f 1263 1224 1233
f 1198 1166 1207
f 1206 1203 1261
f 1228 1327 1148
f 1205 1241 1287
f 1213 1205 1287
f 1218 1146 1198
f 1152 1271 1196
f 1207 1272 1259
f 1272 1207 1142
f 1169 1319 1293
f 1222 1256 1187
f 1319 1187 1256
f 1266 1164 1299
f 1245 1235 1194
f 1084 1334 1242
f 1084 1223 1334
f 1217 1204 1223
f 1237 1262 1245
f 1200 1184 1394
f 1299 1164 1186
f 1224 1244 1233
f 1277 1239 1326
f 1144 1260 1281
f 1238 1191 1303
f 1324 1129 1284
f 1324 1186 1231
f 1239 1183 1326
f 1223 1216 1341
f 1321 1232 1219
f 1145 1260 1220
f 1261 1203 1249
f 1280 1283 1236
f 1288 1172 1235
f 1292 1341 1216
f 1327 1298 1148
f 1251 1229 1230
f 1240 1287 1241
f 1165 1251 1230
f 1165 1282 1251
f 1252 1148 1279
f 1152 1201 1247
f 1196 1271 1314
f 1268 1272 1208
f 1333 1235 1245
f 1394 1184 1242
f 1242 1334 1394
f 1266 1244 1224
f 1145 1263 1508
f 1237 1281 1301
f 1303 1278 1346
f 1277 1346 1278
f 1227 1290 1372
f 1321 1219 1655
f 1280 1236 1506
f 1264 1288 1203
f 1262 1237 1301
f 1264 1172 1288
f 1203 1172 1264
f 1229 1251 1300
f 1216 1287 1253
f 1289 1216 1253
f 1245 1262 1333
f 1292 1216 1289
f 1287 1289 1253
f 1287 1240 1309
f 1252 1279 1290
f 1240 1227 1372
f 1152 1247 1271
f 1201 1261 1247
f 1375 1198 1207
f 1222 1196 1314
f 1268 1208 1293
f 1293 1319 1501
f 1319 1256 1275
f 1223 1341 1334
f 1200 1394 1226
f 1266 1299 1244
f 1327 1228 1238
f 1286 1284 1226
f 1300 1215 1229
f 1232 1443 1183
f 1219 1285 1655
f 1279 1298 1351
f 1203 1288 1320
f 1282 1218 1371
f 1371 1218 1198
f 1371 1198 1375
f 1259 1272 1268
f 1256 1486 1275
f 1319 1275 1445
f 1389 1333 1262
f 1300 1663 1215
f 1381 1235 1333
f 1263 1233 1325
f 1263 1325 1508
f 1442 1327 1238
f 1412 1286 1226
f 1324 1299 1186
f 1372 1309 1240
f 1400 1324 1284
f 1567 1285 1283
f 1508 1260 1145
f 1688 1215 1663
f 1203 1320 1249
f 1335 1289 1287
f 1287 1309 1335
f 1249 1320 1261
f 1337 1477 1338
f 1282 1371 1307
f 1372 1290 1488
f 1268 1293 1501
f 1488 1290 1330
f 1261 1313 1247
f 1207 1259 1375
f 1222 1314 1270
f 1445 1501 1319
f 1235 1381 1288
f 1299 1558 1244
f 1244 1401 1233
f 1347 1348 1349
f 1347 1911 1348
f 1561 1301 1281
f 1442 1238 1303
f 1483 1303 1346
f 1251 1282 1353
f 1400 1284 1286
f 1949 1346 1277
f 1277 1326 1949
f 1401 1244 1602
f 1355 1846 1356
f 1443 1232 1655
f 1232 1321 1655
f 1508 1325 1566
f 1283 1622 1567
f 1311 2074 1358
f 1655 1285 1914
f 1914 1285 1567
f 1508 1281 1260
f 1353 1282 1352
f 1262 1301 1513
f 1236 1215 1506
f 1298 1327 1351
f 1261 1320 1453
f 1352 1300 1251
f 1251 1353 1352
f 1659 1352 1282
f 1290 1279 1351
f 1364 1365 1366
f 1364 1886 1365
f 1367 1737 1368
f 1282 1307 1659
f 1271 1247 1314
f 1247 1313 1314
f 1259 1600 1375
f 1256 1222 1270
f 1259 1268 1501
f 1275 1486 1502
f 1505 1445 1275
f 1445 1378 1501
f 1379 1700 1380
f 1382 1383 1384
f 1334 1399 1394
f 1385 1386 1387
f 1386 1385 1955
f 1381 1389 1452
f 1381 1452 1288
f 1333 1389 1381
f 1391 1392 1393
f 1399 1334 1341
f 1395 1396 1397
f 1395 1911 1396
f 1563 1286 1412
f 1324 1400 1451
f 1300 1352 1663
f 1401 1325 1233
f 1404 1737 1405
f 1483 1346 1949
f 1451 1299 1324
f 1414 1415 1416
f 1280 1506 1666
f 1513 1301 1561
f 1506 1215 1688
f 1418 1419 1420
f 1421 1422 1423
f 1424 1425 1337
f 1424 1581 1425
f 1292 1289 1335
f 1427 1428 1429
f 1430 1354 1431
f 1905 1354 1430
f 1432 1433 1368
f 1433 1432 1917
f 1290 1351 1462
f 1418 1436 1419
f 1418 1886 1436
f 1290 1462 1330
f 1439 1440 1441
f 1439 1703 1440
f 1488 1309 1372
f 1371 1375 1408
f 1313 1670 1314
f 1314 1500 1270
f 1256 1270 1486
f 1378 1449 1501
f 1449 1378 1445
f 1275 1448 1505
f 1226 1394 1412
f 1283 1280 1622
f 1405 1737 1454
f 1455 1456 1457
f 1456 1455 1788
f 1442 1303 1483
f 1286 1458 1400
f 1326 1183 1721
f 1399 1412 1394
f 1443 1655 1721
f 1388 1624 1262
f 1288 1452 1320
f 1468 1469 1470
f 1697 1341 1292
f 1183 1443 1721
f 1244 1558 1602
f 1483 1949 1869
f 1602 1566 1325
f 1280 1666 1622
f 1561 1450 1513
f 1561 1281 1467
f 1428 1750 1429
f 1442 1351 1327
f 1761 1292 1615
f 1424 1337 1338
f 1478 1479 1480
f 1453 1320 1475
f 1292 1335 1615
f 1261 1453 1670
f 1482 1421 1423
f 1411 1421 1482
f 1606 1335 1309
f 1358 1269 1316
f 1351 1608 1462
f 1461 1730 1484
f 1718 1254 1485
f 1313 1261 1670
f 1309 1488 1569
f 1339 1491 1492
f 1493 1494 1495
f 1493 1873 1494
f 1496 1490 1366
f 1408 1307 1371
f 1582 1488 1330
f 1314 1619 1500
f 1501 1600 1259
f 1449 1523 1501
f 1275 1502 1504
f 1275 1504 1448
f 1449 1445 1618
f 1618 1445 1505
f 1645 1389 1262
f 1645 1262 1554
f 1401 1602 1325
f 1389 1645 1452
f 1509 1510 1511
f 1341 1578 1399
f 1341 1697 1578
f 1458 1286 1563
f 1514 1515 1516
f 1514 1886 1515
f 1400 1473 1451
f 1525 1514 1526
f 1525 1886 1514
f 1412 1399 1616
f 1442 1483 1471
f 1292 1700 1697
f 1262 1513 1388
f 1957 1655 1914
f 1566 1281 1508
f 2004 1567 1622
f 1442 1471 1351
f 1457 1700 1531
f 1532 1730 1533
f 1624 1554 1262
f 1392 1701 1393
f 1534 1535 1536
f 1534 1703 1535
f 1471 1608 1351
f 1606 1309 1569
f 1537 1712 1538
f 1480 1477 1539
f 1582 1569 1488
f 1330 1462 1521
f 1541 1542 1543
f 1541 1955 1542
f 1541 1543 1544
f 1254 1498 1546
f 1718 1498 1254
f 1521 1582 1330
f 1408 1628 1307
f 1375 1620 1408
f 1549 1550 1398
f 1549 1911 1550
f 1620 1375 1600
f 1270 1500 1486
f 1486 1504 1502
f 1552 1730 1553
f 1399 1578 1616
f 1299 1451 1473
f 1615 1335 1606
f 1299 1653 1558
f 1562 1490 1438
f 1653 1299 1473
f 1566 1467 1281
f 1339 1568 1491
f 1890 1568 1339
f 1388 1513 1624
f 1320 1452 1475
f 1570 1571 1572
f 1573 1853 1516
f 1481 1748 1574
f 1663 1352 1659
f 1383 1712 1384
f 1576 1577 1361
f 1576 1858 1577
f 1579 1853 1496
f 1674 1307 1628
f 1453 1519 1556
f 1453 1556 1670
f 1420 1853 1573
f 1585 1586 1533
f 1586 1585 1390
f 1587 1712 1530
f 1387 1265 1591
f 1592 1731 1593
f 1314 1670 1619
f 1594 1590 1491
f 1595 1596 1336
f 1307 1674 1517
f 1539 1477 1495
f 1568 1594 1491
f 1600 1501 1523
f 1523 1449 1639
f 1452 1611 1662
f 1697 1700 1701
f 1609 2239 1610
f 1467 1736 1561
f 1468 1612 1469
f 1468 1772 1612
f 1613 1719 1614
f 1518 1616 1578
f 1527 1364 1562
f 1886 1364 1527
f 1662 1475 1452
f 1473 1400 1458
f 1617 1537 1538
f 1326 1721 1739
f 1941 1739 1721
f 1957 1912 1655
f 1914 1567 1763
f 1763 1567 2004
f 1666 1340 1781
f 1340 1666 1506
f 1908 1688 1909
f 1663 1909 1688
f 1292 1761 1738
f 1738 1700 1292
f 1453 1475 1519
f 1625 1426 1626
f 1772 1426 1625
f 1629 1630 1461
f 1629 1390 1630
f 1517 1659 1307
f 1665 1569 1582
f 1629 1461 1484
f 1633 1634 1479
f 1478 1633 1479
f 1873 1633 1478
f 1705 1521 1588
f 1521 1705 1691
f 1620 1600 1639
f 1600 1523 1639
f 1486 1503 1504
f 1505 1448 1643
f 1505 1643 1604
f 1618 1505 1604
f 1645 1611 1452
f 1563 1412 1616
f 1363 1476 1574
f 1476 1363 1411
f 1566 1602 1692
f 1612 1660 1469
f 1471 1483 1727
f 1894 1653 1473
f 1650 1894 1473
f 1243 1721 1655
f 1398 1700 1415
f 1736 1467 1566
f 1736 1450 1561
f 1781 1622 1666
f 1513 1450 1743
f 1909 1663 1901
f 1519 1475 1556
f 1475 1651 1556
f 1761 1615 1606
f 1555 1521 1462
f 1669 1617 1538
f 1617 1669 1411
f 1634 1477 1479
f 1671 1672 1454
f 1917 1672 1671
f 1414 1549 1415
f 1414 1911 1549
f 1675 1676 1677
f 1678 1679 2065
f 1671 1454 1367
f 1546 1590 1872
f 1362 1731 1683
f 1665 1582 1521
f 1628 1408 1620
f 1500 1503 1486
f 1504 1503 1448
f 1639 1449 1529
f 1604 1449 1618
f 1476 1481 1574
f 1693 1694 1695
f 1693 1696 1694
f 1699 1483 1869
f 1727 1483 1935
f 1698 1473 1458
f 1654 1782 1602
f 1563 1616 1518
f 1706 1376 1707
f 1698 1650 1473
f 1326 1739 1949
f 1460 1602 1558
f 1789 1463 1602
f 2004 1622 1781
f 1928 1340 1506
f 1506 1688 1908
f 1708 1663 1659
f 1624 1513 1902
f 1662 1709 1475
f 1651 1475 1709
f 1509 1363 1510
f 1509 1411 1363
f 1729 1556 1651
f 1556 1729 1670
f 1521 1805 1588
f 1432 1368 1717
f 1435 1659 1674
f 1646 1606 1665
f 1930 1670 1729
f 1511 1748 1537
f 1366 1490 1562
f 1517 1674 1659
f 1606 1569 1665
f 1665 1521 1691
f 1619 1670 1685
f 1619 1685 1906
f 1500 1619 1906
f 1639 1932 1620
f 1643 1448 1724
f 1449 1604 1529
f 1725 1643 1919
f 1604 1643 1725
f 1471 1727 1608
f 1611 1645 1728
f 1507 1728 1645
f 1507 1645 1554
f 1692 1741 1566
f 1662 1611 1728
f 1747 1507 1554
f 1382 1669 1383
f 1382 1411 1669
f 1732 1733 1734
f 1483 1699 1943
f 1943 1699 1869
f 1690 1608 1935
f 1662 1728 1991
f 1740 1627 1481
f 1483 1943 1935
f 1738 1761 1730
f 1736 1566 1801
f 1689 1742 1923
f 1744 1745 1746
f 1727 1935 1608
f 1662 1991 1709
f 1761 1606 1853
f 1751 1464 1359
f 1464 1751 1551
f 1752 1753 1754
f 1749 1524 1392
f 1696 1524 1749
f 1750 1700 1738
f 1460 1558 1653
f 1608 1690 1462
f 1782 1789 1602
f 1243 1655 1912
f 1566 1560 1801
f 1799 1736 1801
f 1462 1690 1555
f 1742 1450 1648
f 1928 1506 1908
f 1756 1757 1596
f 1595 1756 1596
f 1595 1900 1756
f 1758 1376 1441
f 1713 1663 1910
f 1743 1902 1513
f 1392 1697 1701
f 1708 1910 1663
f 1347 1349 1627
f 1402 1730 1761
f 1747 1554 1624
f 1663 1713 1901
f 1521 1555 1805
f 1659 1910 1708
f 1745 1750 1746
f 1393 1701 1695
f 1646 1853 1606
f 1764 1731 1765
f 1628 1797 1674
f 1670 1930 1685
f 1433 1671 1367
f 1917 1671 1433
f 1999 1767 1768
f 1767 1769 1768
f 1872 1590 1474
f 1479 1477 1480
f 1620 1918 1628
f 1918 1620 1932
f 1503 1500 1724
f 1643 1724 1726
f 1933 1604 1725
f 1774 1730 1571
f 1766 1744 1746
f 1766 1911 1744
f 1409 1776 1362
f 1900 1776 1409
f 1779 1780 1579
f 1780 1779 1886
f 1459 1458 1563
f 1936 1578 1664
f 1755 1701 1783
f 1778 1761 1853
f 1456 1784 1457
f 1368 1737 1717
f 1406 1592 1593
f 1786 1355 1356
f 1397 1750 1428
f 1413 1783 1790
f 1677 1719 1793
f 1654 1602 1460
f 1527 1562 1438
f 1941 1721 1243
f 1794 1795 1796
f 1602 1463 1520
f 1315 1265 1434
f 1753 1701 1754
f 1441 1376 1798
f 1454 1737 1367
f 1493 1495 1800
f 1724 1500 1906
f 1766 1746 1802
f 1973 1742 1656
f 1570 1598 1571
f 1858 1598 1570
f 1336 1778 1419
f 1395 1397 1428
f 1709 1729 1651
f 1740 1347 1627
f 1740 1911 1347
f 1407 1682 1803
f 1858 1682 1407
f 1784 1700 1457
f 1795 1846 1796
f 1743 1804 1923
f 1402 1761 1731
f 1415 1750 1416
f 1349 1748 1627
f 1747 1624 1903
f 1518 1578 1936
f 1804 1743 1762
f 1664 1578 1697
f 1526 1853 1809
f 1737 1846 1355
f 1429 1750 1745
f 1460 1653 1894
f 1426 1810 1626
f 1586 1532 1533
f 1664 1697 1392
f 1694 1393 1695
f 1779 1579 1496
f 1694 1391 1393
f 1696 1391 1694
f 1802 1748 1349
f 1533 1730 1552
f 1669 1538 1383
f 1515 1573 1516
f 1540 1764 1765
f 1598 1813 1774
f 1858 1813 1598
f 1630 1815 1816
f 1630 1390 1815
f 1524 1664 1392
f 1760 1427 1429
f 1760 1911 1427
f 1363 1574 1510
f 1530 1712 1818
f 1787 1420 1573
f 1819 1820 1821
f 1812 1820 1819
f 1672 1822 1405
f 1672 1917 1822
f 1820 1752 1754
f 1820 1696 1752
f 1560 1566 1741
f 1348 1766 1802
f 1766 1348 1911
f 1585 1533 1552
f 1825 1480 1539
f 1598 1774 1571
f 1792 1552 1553
f 1736 1799 1907
f 1416 1750 1397
f 1477 1665 1265
f 1812 1826 1788
f 1267 1589 1545
f 1648 1450 1736
f 1810 1737 1626
f 1632 1614 1827
f 1410 1587 1530
f 1828 1707 1613
f 1829 1830 1795
f 1433 1367 1368
f 1831 1409 1683
f 1409 1831 1900
f 1456 1714 1784
f 1456 1788 1714
f 1814 1470 1832
f 1746 1750 1802
f 1583 1833 1834
f 1762 1743 1450
f 1693 1695 1753
f 1646 1665 1376
f 1425 1835 1793
f 1425 1581 1835
f 1525 1526 1809
f 1836 1786 1356
f 1786 1836 1905
f 1811 1785 1837
f 1785 1811 1812
f 1410 1482 1587
f 1410 1411 1482
f 1738 1712 1748
f 1731 1761 1778
f 1785 1413 1790
f 1785 1812 1413
f 1516 1853 1526
f 1790 1701 1837
f 1911 1788 1839
f 1436 1595 1336
f 1595 1436 1900
f 1482 1423 1587
f 1842 1755 1783
f 1843 1629 1484
f 1843 1390 1629
f 1396 1416 1397
f 1841 1901 1713
f 1844 1701 1700
f 1837 1701 1845
f 1752 1693 1753
f 1696 1693 1752
f 1695 1701 1753
f 1785 1790 1837
f 1348 1802 1349
f 1714 1826 1844
f 1714 1788 1826
f 1839 1379 1380
f 1391 1749 1392
f 1696 1749 1391
f 1848 1455 1531
f 1848 1788 1455
f 1849 1527 1438
f 1849 1886 1527
f 1538 1712 1383
f 1583 1850 1833
f 1584 1850 1583
f 1438 1490 1660
f 1748 1750 1738
f 1858 1390 1813
f 1712 1730 1818
f 1842 1819 1755
f 1842 1812 1819
f 1811 1837 1845
f 1427 1395 1428
f 1395 1427 1911
f 1851 1410 1530
f 1411 1410 1851
f 1796 1846 1536
f 1550 1380 1398
f 1819 1821 1755
f 1413 1842 1783
f 1812 1842 1413
f 1815 1818 1816
f 1858 1850 1584
f 1845 1701 1844
f 1821 1701 1755
f 1549 1398 1415
f 1854 1846 1431
f 1855 1360 1634
f 1826 1845 1844
f 1830 1846 1795
f 1776 1765 1362
f 1813 1792 1553
f 1390 1792 1813
f 1744 1760 1745
f 1911 1760 1744
f 1852 1382 1384
f 1852 1411 1382
f 1760 1429 1745
f 1440 1758 1441
f 1455 1457 1531
f 1756 1856 1757
f 1900 1856 1756
f 1528 1857 1434
f 1528 1955 1857
f 1380 1700 1398
f 1754 1701 1821
f 1696 1820 1812
f 1820 1754 1821
f 1748 1712 1537
f 1826 1811 1845
f 1826 1812 1811
f 1714 1844 1784
f 1409 1362 1683
f 1700 1750 1415
f 1816 1730 1461
f 1783 1701 1790
f 1794 1829 1795
f 1794 1703 1829
f 1490 1646 1737
f 1577 1570 1572
f 1577 1858 1570
f 1577 1572 1361
f 1510 1748 1511
f 1402 1731 1834
f 1396 1414 1416
f 1396 1911 1414
f 1627 1748 1481
f 1856 1406 1593
f 1856 1900 1406
f 1738 1730 1712
f 1802 1750 1748
f 1576 1361 1859
f 1406 1831 1592
f 1900 1831 1406
f 1844 1700 1784
f 1860 1509 1511
f 1411 1509 1860
f 1848 1531 1379
f 1839 1848 1379
f 1788 1848 1839
f 1531 1700 1379
f 1846 1376 1861
f 1731 1778 1593
f 1436 1336 1419
f 1550 1839 1380
f 1550 1911 1839
f 1833 1402 1834
f 1575 1583 1834
f 1575 1584 1583
f 1630 1816 1461
f 1574 1748 1510
f 1787 1418 1420
f 1886 1418 1787
f 1740 1411 1911
f 1419 1853 1420
f 1813 1553 1774
f 1792 1585 1552
f 1792 1390 1585
f 1423 1712 1587
f 1553 1730 1774
f 1476 1740 1481
f 1740 1476 1411
f 1859 1402 1803
f 1860 1511 1537
f 1862 1580 1854
f 1818 1730 1816
f 1390 1411 1851
f 1863 1402 1833
f 1356 1846 1580
f 1778 1853 1419
f 1494 1825 1539
f 1873 1825 1494
f 1568 1702 1594
f 1890 1702 1568
f 1617 1860 1537
f 1617 1411 1860
f 1834 1731 1764
f 1584 1776 1900
f 1815 1851 1818
f 1851 1815 1390
f 1361 1402 1859
f 1856 1593 1757
f 1864 1490 1737
f 1865 1866 1706
f 1865 1581 1866
f 1422 1712 1423
f 1730 1402 1572
f 1852 1384 1422
f 1384 1712 1422
f 1421 1852 1422
f 1421 1411 1852
f 1535 1794 1796
f 1703 1794 1535
f 1867 1432 1717
f 1867 1917 1432
f 1702 1544 1594
f 1862 1836 1580
f 1862 1905 1836
f 1851 1530 1818
f 1780 1809 1579
f 1572 1402 1361
f 1682 1859 1803
f 1660 1490 1469
f 1536 1846 1870
f 1822 1404 1405
f 1364 1366 1562
f 1847 1832 1864
f 1864 1737 1810
f 1571 1730 1572
f 1843 1484 1532
f 1484 1730 1532
f 1586 1843 1532
f 1843 1586 1390
f 1682 1576 1859
f 1682 1858 1576
f 1717 1737 1369
f 1646 1376 1846
f 1850 1863 1833
f 1354 1854 1431
f 1683 1731 1592
f 1672 1405 1454
f 1886 1612 1772
f 1786 1623 1355
f 1786 1905 1623
f 1425 1793 1337
f 1626 1737 1791
f 1440 1673 1758
f 1703 1673 1440
f 1534 1536 1870
f 1632 1871 1614
f 1632 1581 1871
f 1803 1402 1863
f 1407 1803 1863
f 1850 1407 1863
f 1850 1858 1407
f 1496 1853 1490
f 1776 1540 1765
f 1776 1584 1540
f 1757 1778 1596
f 1765 1731 1362
f 1596 1778 1336
f 1540 1575 1764
f 1540 1584 1575
f 1575 1834 1764
f 1514 1516 1526
f 1831 1683 1592
f 1861 1376 1758
f 1791 1737 1404
f 1900 1436 1886
f 1431 1846 1830
f 1814 1468 1470
f 1772 1468 1814
f 1798 1376 1437
f 1825 1478 1480
f 1825 1873 1478
f 1515 1787 1573
f 1515 1886 1787
f 1439 1441 1798
f 1470 1490 1832
f 1593 1778 1757
f 1809 1853 1579
f 1589 1590 1545
f 1360 1477 1634
f 1365 1496 1366
f 1625 1626 1791
f 1849 1438 1660
f 1430 1431 1830
f 1828 1865 1707
f 1581 1865 1828
f 1365 1779 1496
f 1365 1886 1779
f 1836 1356 1580
f 1780 1525 1809
f 1886 1525 1780
f 1426 1370 1810
f 1426 1772 1370
f 1469 1490 1470
f 1865 1706 1707
f 1580 1846 1854
f 1369 1737 1355
f 1805 1555 1840
f 1370 1864 1810
f 1847 1814 1832
f 1847 1772 1814
f 1535 1796 1536
f 1612 1849 1660
f 1886 1849 1612
f 1853 1646 1490
f 1867 1717 1369
f 1832 1490 1864
f 1370 1847 1864
f 1772 1847 1370
f 1354 1862 1854
f 1905 1862 1354
f 1917 1867 1905
f 1874 1534 1870
f 1534 1874 1703
f 1623 1369 1355
f 1822 1652 1404
f 1822 1917 1652
f 1917 1772 1625
f 1652 1791 1404
f 1614 1719 1827
f 1646 1846 1737
f 1673 1861 1758
f 1623 1867 1369
f 1905 1867 1623
f 1829 1430 1830
f 1829 1703 1430
f 1652 1625 1791
f 1625 1652 1917
f 1871 1613 1614
f 1403 1632 1827
f 1581 1632 1403
f 1875 1492 1589
f 1675 1403 1676
f 1675 1581 1403
f 1676 1719 1677
f 1437 1376 1706
f 1528 1434 1876
f 1386 1800 1387
f 1338 1477 1360
f 1702 1541 1544
f 1702 1890 1541
f 1665 1719 1376
f 1878 1879 1880
f 1879 1878 1955
f 1719 1477 1793
f 1905 1430 1703
f 1491 1590 1492
f 1808 1798 1437
f 1494 1539 1495
f 1581 1881 1873
f 1874 1870 1861
f 1673 1874 1861
f 1673 1703 1874
f 1870 1846 1861
f 1403 1827 1676
f 1707 1719 1613
f 1633 1855 1634
f 1855 1633 1873
f 1866 1808 1437
f 1866 1703 1808
f 1866 1437 1706
f 1703 1866 1581
f 1881 1424 1338
f 1424 1881 1581
f 1857 1315 1434
f 1881 1338 1360
f 1808 1439 1798
f 1439 1808 1703
f 1665 1477 1719
f 1827 1719 1676
f 1871 1828 1613
f 1871 1581 1828
f 1376 1719 1707
f 1835 1677 1793
f 1835 1675 1677
f 1675 1835 1581
f 1498 1267 1545
f 1498 1718 1267
f 1855 1881 1360
f 1881 1855 1873
f 1386 1955 1873
f 1793 1477 1337
f 1485 1872 1718
f 1495 1477 1800
f 1800 1265 1387
f 1385 1387 1591
f 1542 1528 1876
f 1528 1542 1955
f 1879 1591 1880
f 1254 1546 1485
f 1665 1872 1474
f 1665 1474 1265
f 1492 1590 1589
f 1800 1477 1265
f 1879 1385 1591
f 1955 1385 1879
f 1542 1876 1543
f 1890 1875 1718
f 1386 1493 1800
f 1386 1873 1493
f 1880 1265 1315
f 1857 1878 1315
f 1955 1878 1857
f 1878 1880 1315
f 1498 1545 1546
f 1591 1265 1880
f 1434 1265 1876
f 1267 1875 1589
f 1718 1875 1267
f 1265 1474 1590
f 1546 1872 1485
f 1543 1590 1544
f 1545 1590 1546
f 1875 1339 1492
f 1339 1875 1890
f 1876 1265 1543
f 1265 1590 1543
f 1955 1541 1890
f 1665 1691 1872
f 1544 1590 1594
f 1889 1628 1918
f 1503 1724 1448
f 1932 1639 1529
f 1933 1529 1604
f 1459 1936 1979
f 1518 1936 1459
f 1979 1649 1698
f 1698 1459 1979
f 1649 1938 1894
f 1894 1938 1460
f 1782 1898 1789
f 1789 1898 1463
f 1692 1899 1658
f 1560 1661 1907
f 1973 1921 1742
f 1934 1743 1923
f 1742 1689 1762
f 1945 1524 1696
f 1968 1747 1903
f 1664 1524 1945
f 1650 1698 1649
f 1654 1898 1782
f 1898 1520 1463
f 1692 1602 1657
f 1520 1899 1692
f 1741 1692 1658
f 1658 1560 1741
f 1560 1907 1799
f 1656 1742 1648
f 1923 1742 1921
f 1908 1909 1924
f 1459 1563 1518
f 1926 1411 1390
f 1458 1459 1698
f 1949 1739 1939
f 1900 1926 1584
f 1649 1894 1650
f 1739 1941 1704
f 1460 1898 1654
f 1657 1602 1520
f 1657 1520 1692
f 1929 1912 1957
f 1914 1763 1957
f 1489 1296 1551
f 1824 2004 1781
f 1801 1560 1799
f 1723 1736 1907
f 1648 1736 1723
f 1984 1781 1340
f 1910 1967 1713
f 1945 1696 1812
f 1742 1762 1450
f 1838 1729 1953
f 1522 1908 1924
f 1926 1390 1858
f 1900 1886 1926
f 1926 1858 1584
f 1902 1743 1934
f 1942 1901 1841
f 1729 1709 1759
f 1812 1788 1945
f 1945 1788 1911
f 1935 1975 1690
f 1905 1703 1581
f 1581 1873 1955
f 1925 1435 1674
f 1920 1674 1889
f 1685 1930 1906
f 1910 1659 1435
f 1507 1904 1728
f 1971 1918 1932
f 1932 1529 1971
f 1643 1726 1919
f 1933 1972 1529
f 1823 1507 1747
f 1904 1507 1823
f 1460 1938 1974
f 1991 1728 1904
f 1898 1460 1974
f 1560 1658 1956
f 1560 1956 1661
f 1907 1661 1723
f 1648 1723 1656
f 1804 1762 1923
f 1824 1781 1248
f 1762 1689 1923
f 1624 1902 1934
f 1624 1934 1968
f 1903 1624 1968
f 1909 1901 1942
f 1841 1713 1967
f 1823 1747 1968
f 1936 1664 1944
f 1979 1936 1946
f 1739 1952 1939
f 1649 1979 1938
f 1952 1739 1704
f 1941 1243 1704
f 1674 1797 1889
f 1912 1897 1243
f 1897 1912 1929
f 1956 1658 1899
f 1705 1588 1969
f 1872 1691 1718
f 1308 1763 2004
f 1435 1925 1910
f 1984 1248 1781
f 1340 1928 1984
f 1928 1908 1522
f 1921 1934 1923
f 1930 1729 1838
f 1674 1922 1925
f 1977 1805 1963
f 1924 1909 1942
f 1729 1954 1953
f 2040 1967 1910
f 1705 1969 1691
f 1729 1759 1954
f 1920 1642 1674
f 1709 1976 1759
f 1889 1797 1628
f 1915 1946 1936
f 1918 2447 1295
f 2447 1918 1971
f 1971 1529 1972
f 1725 1919 2001
f 1915 1936 1944
f 1709 1991 1976
f 1991 1904 1823
f 1772 1927 1886
f 1664 1945 1944
f 1357 1927 1772
f 1935 1943 1975
f 1974 1938 1891
f 1975 1943 1892
f 1557 1891 1979
f 2203 1892 1943
f 1891 1557 1350
f 1411 1951 1911
f 1974 2199 1417
f 1898 1735 1520
f 1255 1635 1916
f 1940 1975 1892
f 1603 1640 1248
f 1520 1328 1899
f 1328 1868 1899
f 1661 1956 1916
f 1328 1777 1868
f 1930 1838 2290
f 1961 1884 1661
f 1840 1963 1805
f 1661 1887 1723
f 1940 1883 1555
f 1656 1723 1887
f 1911 1951 1559
f 1656 1887 1973
f 1979 1946 1557
f 1555 1690 1975
f 1840 1555 1883
f 1963 1883 2229
f 1963 1840 1883
f 1559 1951 1926
f 1910 1958 2040
f 1559 1926 1357
f 1948 1945 1911
f 1987 1988 1989
f 1937 1948 1911
f 1948 1937 1893
f 1555 1975 1940
f 1944 1948 1882
f 1944 1945 1948
f 1680 1968 1472
f 1926 1951 1411
f 1823 1968 1680
f 1944 1931 1893
f 1977 2229 1947
f 1977 1963 2229
f 1487 1559 1357
f 1638 1958 1910
f 1886 1927 1926
f 1948 1893 1882
f 1806 1946 1915
f 1883 1940 2120
f 1915 1944 1893
f 1926 1927 1357
f 1911 1559 1937
f 1931 1944 1882
f 1910 1925 1922
f 1357 1772 1905
f 1772 1917 1905
f 1977 1947 1588
f 1905 1581 1357
f 1805 1977 1588
f 1906 1930 2464
f 1890 1718 1955
f 1969 1588 1773
f 1718 1581 1955
f 1720 1718 1691
f 1357 1581 1710
f 1990 1581 1718
f 1990 1710 1581
f 1922 1674 1642
f 1969 1773 1291
f 1720 1990 1718
f 1710 1990 1720
f 1691 1969 2046
f 1930 2302 1913
f 1551 1720 1464
f 1720 1775 1464
f 1725 2001 2338
f 1918 1295 1889
f 2447 1971 1998
f 1933 1725 2338
f 1933 2338 1972
f 1934 1921 1964
f 1557 1605 1668
f 2199 1974 2077
f 1557 1946 1806
f 2010 1929 1888
f 1603 2069 1640
f 1680 1991 1823
f 1991 2184 1976
f 1956 1899 1255
f 1417 2199 1302
f 1520 1735 1328
f 1869 1949 1807
f 2203 1943 1869
f 1255 1916 1956
f 1895 1898 1302
f 1350 1557 1668
f 1929 2010 1897
f 1302 2199 2195
f 2195 1777 1328
f 1302 2195 1896
f 1302 1896 1895
f 2267 1243 1897
f 1898 1896 1735
f 1417 1302 1898
f 1806 1605 1557
f 1887 1884 2208
f 1884 1916 2208
f 1771 1887 2002
f 1887 2208 2002
f 2204 1921 1771
f 1771 2002 2204
f 2204 1964 1921
f 1964 2211 1877
f 1964 1877 1934
f 1877 2211 1960
f 1968 1877 1960
f 2054 1472 1966
f 1960 1966 1968
f 1968 1966 1472
f 1350 1974 1891
f 1949 1939 1807
f 1915 1605 1806
f 1939 1952 2059
f 1898 1974 1417
f 1938 1979 1891
f 1915 1893 1647
f 2028 1559 1276
f 2059 1952 1704
f 2267 1704 1243
f 1735 1896 2195
f 1465 1888 1929
f 2059 1807 1939
f 1959 1647 2092
f 1898 1895 1896
f 1489 1775 1447
f 1328 1735 2195
f 1882 1893 1931
f 1647 1959 1915
f 1465 1929 1512
f 1548 1512 1929
f 1255 1899 1868
f 1548 1929 1957
f 2080 1548 1957
f 1763 2080 1957
f 1308 2080 1763
f 2208 1916 1635
f 1308 2004 1824
f 1661 1916 1961
f 1308 1824 1248
f 1884 1961 1916
f 1661 1884 1887
f 1722 1248 1984
f 1973 1887 1771
f 1973 1771 1921
f 1928 2005 1984
f 1984 2005 2022
f 2005 1928 1522
f 1522 1924 1667
f 1667 1924 1681
f 1681 1924 1547
f 1924 1942 1499
f 1924 1499 1547
f 1934 1877 1968
f 1942 1841 1499
f 1967 1499 1841
f 1966 1885 2054
f 2081 1869 1807
f 2089 2006 2007
f 2006 2008 2007
f 1869 2081 2203
f 2059 1704 2084
f 2010 2267 1897
f 2011 2012 2006
f 1999 2011 2006
f 1999 2016 2017
f 2018 1678 2065
f 1447 1296 1489
f 1308 2069 2080
f 1640 1308 1248
f 2185 1255 1868
f 1248 1722 1601
f 2005 1522 1667
f 1722 1984 1599
f 1599 1984 2022
f 1547 1499 1978
f 1499 1967 1636
f 2054 1885 1995
f 1978 1499 2070
f 1636 1967 1994
f 1893 1950 1647
f 1950 1893 1937
f 1937 1559 1817
f 1734 2025 2026
f 1954 1759 1976
f 1940 1892 2120
f 1359 1775 1489
f 1930 2290 2302
f 1489 1751 1359
f 1489 1551 1751
f 1777 2094 1868
f 2032 1733 2033
f 2034 2035 2036
f 1318 1773 1588
f 2148 1311 1316
f 1773 1993 1291
f 1601 2069 1248
f 1953 1954 1976
f 1559 2028 1817
f 1588 1947 2229
f 1374 1638 1910
f 2464 1930 1444
f 2035 2100 2032
f 1775 1720 1691
f 2049 2231 2030
f 1296 1710 1720
f 1447 1691 2046
f 1775 1691 1447
f 1464 1775 1359
f 1910 2152 1374
f 1922 2152 1910
f 2156 1487 1357
f 2229 1883 2120
f 1296 1720 1551
f 1965 1953 2014
f 1953 1965 1838
f 1559 1487 1276
f 1726 1724 1997
f 1726 1997 2048
f 1971 1972 2338
f 2002 2209 2204
f 1605 1915 1959
f 2044 2056 2057
f 2056 1497 2057
f 2002 2208 2210
f 2184 1991 2330
f 1966 1960 2188
f 2330 1991 1680
f 1668 2075 1350
f 2137 1892 2203
f 2077 1350 2075
f 2077 1974 1350
f 1667 2022 2005
f 2044 2062 1767
f 2062 2063 1767
f 2020 2066 2039
f 2050 2069 1308
f 1959 2190 1605
f 1680 1472 2054
f 2132 2101 2026
f 2040 1994 1967
f 2267 2084 1704
f 2085 2086 2087
f 1987 2019 1988
f 2090 2063 2062
f 2100 1733 2032
f 2050 1308 1640
f 1635 1255 2185
f 1647 1950 2358
f 2022 1667 2003
f 1499 1636 2070
f 1631 1547 1978
f 1966 2188 1885
f 1885 2188 2095
f 1807 2059 2081
f 2102 2103 2104
f 1999 2102 2104
f 2105 2231 2086
f 1769 2106 1768
f 2200 2107 2108
f 2107 2030 2108
f 2109 2239 2110
f 2011 2111 2012
f 2200 2214 1466
f 2030 2231 2105
f 2214 2112 1466
f 2231 2112 2214
f 1999 2000 2113
f 2000 2109 2113
f 1999 2114 2016
f 2114 2115 2016
f 2112 2049 2116
f 2115 2117 2016
f 1609 1610 2118
f 2044 1767 1999
f 2119 2239 2103
f 2008 2121 2007
f 1988 2239 2119
f 2020 2019 2066
f 1999 2123 2102
f 2123 2119 2102
f 2110 2239 1609
f 2088 2124 2125
f 2122 2126 2127
f 2035 2032 2128
f 1999 2125 2000
f 2125 2124 2000
f 2089 2036 2128
f 2036 2035 2128
f 2089 1999 2006
f 2008 2065 2121
f 1678 2018 2129
f 2130 2132 2025
f 2080 2243 1548
f 2069 2050 1640
f 1248 2069 1603
f 1601 1722 2069
f 1547 1667 1681
f 1547 1631 1667
f 1995 2097 2054
f 2261 1636 1994
f 1976 2258 1953
f 2124 2239 2109
f 1969 1291 2046
f 2156 1357 1686
f 1950 1980 2083
f 1318 2229 2383
f 1588 2229 1318
f 2089 2145 2146
f 2145 1679 2146
f 1311 1358 1316
f 1305 1711 1317
f 1250 1343 2173
f 2074 1269 1358
f 1310 1316 1642
f 1641 2051 2180
f 1246 1269 2074
f 1316 1770 1642
f 1311 2148 2074
f 2292 2180 2153
f 2300 1686 1357
f 1357 1710 2300
f 2300 1962 1986
f 1710 1296 2300
f 1962 2300 1296
f 2046 2163 1447
f 1913 1444 1930
f 2160 2159 1257
f 2335 2424 2162
f 2143 2426 2323
f 2148 2149 2181
f 2149 2144 2181
f 2179 2144 1889
f 2179 1889 1295
f 1724 1906 2464
f 1724 2464 1997
f 2182 2447 1998
f 1971 2338 1998
f 1919 2492 2174
f 1919 2174 2001
f 2355 1976 2184
f 2027 1680 2054
f 2016 2117 2017
f 2190 1668 1605
f 2206 2015 2044
f 2077 1331 2199
f 1999 2201 2011
f 2201 2111 2011
f 2009 2082 2191
f 2186 2082 2009
f 2195 2199 2205
f 2077 2186 1331
f 1999 1989 2123
f 1989 1988 2123
f 2189 2194 2076
f 2189 1668 2190
f 2211 2204 1982
f 2204 2211 1964
f 2188 1960 2211
f 2027 2330 1680
f 2191 2200 2205
f 2189 2075 1668
f 2076 2075 2189
f 2075 2186 2077
f 1999 2015 2206
f 2205 2009 2191
f 1331 2186 2009
f 1976 2278 2258
f 2211 1982 2251
f 2199 1331 2009
f 2199 2009 2205
f 2205 2200 2015
f 2113 2109 2110
f 2087 2215 2056
f 2044 2087 2056
f 2205 2015 1999
f 2101 2033 1732
f 2033 1733 1732
f 2205 1999 2101
f 2090 2231 2063
f 2206 2044 1999
f 2101 2091 2205
f 2101 1999 2089
f 2091 2195 2205
f 2047 2195 2101
f 2103 2239 2088
f 2101 2195 2091
f 2018 2217 2129
f 2217 2089 2129
f 1679 1678 2146
f 2110 1609 2218
f 2187 1868 2094
f 2047 1777 2195
f 2208 2242 2274
f 2187 2185 1868
f 2208 2185 2242
f 2208 1635 2185
f 2274 2210 2208
f 2210 2274 2209
f 2209 2002 2210
f 2204 2209 1982
f 2188 2211 2096
f 2222 2188 2096
f 2095 2188 2222
f 2092 2190 1959
f 2060 1983 2076
f 2092 1647 2224
f 2189 2190 2224
f 2092 2224 2190
f 1715 2194 2224
f 2076 2194 2138
f 2194 2189 2224
f 2075 2076 1983
f 2186 2075 1983
f 2042 2081 2059
f 2186 2268 2082
f 2186 1983 2078
f 2186 2078 2268
f 2191 2082 1621
f 2117 2230 2017
f 1769 1767 2063
f 2066 2019 2115
f 2200 2191 2214
f 2191 1621 2214
f 2017 2230 2234
f 1999 2017 2234
f 2044 2015 2200
f 2049 2030 2107
f 2115 2019 2117
f 2106 2231 2019
f 2108 2030 2105
f 2200 1466 2116
f 1466 2112 2116
f 2215 2231 1497
f 2089 2007 2236
f 2007 2121 2236
f 2105 2086 2085
f 2103 2088 2104
f 2057 1497 2090
f 1769 2231 2106
f 2200 2116 2107
f 2116 2049 2107
f 2200 2085 2087
f 2044 2200 2087
f 2112 2231 2049
f 1497 2231 2090
f 1610 2111 2201
f 2113 2110 2218
f 1999 2113 2218
f 2066 2115 2114
f 2057 2090 2062
f 2044 2057 2062
f 2121 2065 2127
f 2122 1679 2145
f 2108 2105 2085
f 2200 2108 2085
f 2215 1497 2056
f 2086 2231 2215
f 2087 2086 2215
f 2230 1987 2234
f 1999 2104 2125
f 2104 2088 2125
f 2063 2231 1769
f 1999 1768 2237
f 1768 2106 2237
f 1988 2119 2123
f 1999 2234 1989
f 2234 1987 1989
f 2117 2019 2230
f 2102 2119 2103
f 2237 2106 2020
f 2106 2019 2020
f 2237 2020 2039
f 1999 2237 2039
f 2019 2239 1988
f 2012 2008 2006
f 2230 2019 1987
f 1999 2039 2114
f 2039 2066 2114
f 1999 2118 2201
f 2118 1610 2201
f 2065 1679 2122
f 2217 2018 2034
f 1610 2239 2111
f 2012 2239 2008
f 1999 2218 2118
f 2218 1609 2118
f 2111 2239 2012
f 2088 2239 2124
f 2124 2109 2000
f 2089 2236 2126
f 2236 2127 2126
f 2121 2127 2236
f 2026 2025 2132
f 2065 2122 2127
f 2101 2089 2033
f 2008 2239 2065
f 2089 2146 2129
f 2146 1678 2129
f 2089 2126 2145
f 2126 2122 2145
f 2018 2065 2034
f 2089 2217 2036
f 2217 2034 2036
f 1733 2100 1734
f 1734 2130 2025
f 2101 2131 2233
f 2034 2065 2035
f 2089 2128 2033
f 2128 2032 2033
f 2100 2130 1734
f 2035 2065 2100
f 2132 2130 2131
f 1732 1734 2026
f 2101 1732 2026
f 2131 2101 2132
f 2101 2233 2047
f 1641 2180 2328
f 2222 2097 2095
f 2097 1995 2095
f 2076 2138 2060
f 2224 1647 2358
f 1715 2224 2194
f 2054 2250 2027
f 2224 2358 2194
f 2266 2024 2081
f 2239 2100 2065
f 2019 2231 2239
f 1996 2055 2283
f 2406 2053 2385
f 2407 1345 2336
f 2083 1487 2136
f 1980 1950 1487
f 2059 2266 2042
f 2054 2097 2250
f 2262 2255 2198
f 2254 2262 2198
f 2262 2254 2068
f 2136 1487 2156
f 1950 2083 2257
f 1950 1937 1817
f 1564 2227 2391
f 2055 2406 2041
f 1332 2385 2053
f 2320 2286 2244
f 1344 2320 2073
f 2136 2156 1686
f 1318 2136 2282
f 2136 2248 2282
f 2136 1686 2300
f 1773 1318 2282
f 2136 2300 1986
f 2136 1986 2248
f 1993 2282 2295
f 2282 2155 2295
f 1993 1773 2282
f 2282 2248 2155
f 1993 2045 1291
f 1993 2295 2155
f 1993 2155 2298
f 1993 2298 2045
f 2298 2155 2045
f 2257 2083 2136
f 2155 2248 2045
f 2467 1642 2303
f 1296 1447 1962
f 1962 2248 1986
f 1291 2045 2400
f 2308 1257 2403
f 2061 1687 2164
f 2307 2168 2169
f 1257 1711 2313
f 1565 1305 2332
f 1294 1345 2318
f 2164 2046 2061
f 1297 1294 2318
f 1304 1221 1297
f 1234 1322 2321
f 1642 1920 1310
f 1447 2163 2418
f 1950 2028 1276
f 2046 2442 2163
f 1257 2159 2427
f 2160 1257 2313
f 1257 2438 2403
f 2437 2172 2412
f 1305 2159 2160
f 2449 2412 2140
f 2335 2162 2161
f 2161 2162 1297
f 1221 2323 2453
f 2052 2161 1297
f 2143 2323 1304
f 1322 1273 1992
f 2144 2149 1889
f 2148 1316 2149
f 2147 1273 2148
f 1889 2149 1920
f 2447 2182 2369
f 2353 1998 2338
f 2001 2174 2183
f 1985 2223 2058
f 2278 1976 2355
f 1637 2175 2058
f 2142 2175 1637
f 2029 1637 2058
f 2175 1985 2058
f 2202 2212 2029
f 2058 2202 2029
f 2058 2223 2202
f 2344 2202 2223
f 2202 2344 2192
f 2202 2192 2212
f 2212 2192 2031
f 2192 2345 2031
f 2031 2231 2212
f 2231 2031 2100
f 2192 2344 2345
f 2345 2219 2216
f 2345 2344 2219
f 2345 2233 2031
f 2233 2216 2094
f 2233 2345 2216
f 2094 2216 2193
f 2100 2031 2233
f 2219 2193 2216
f 2067 2269 2242
f 2133 2242 2269
f 2242 2133 2351
f 2274 2242 2351
f 2247 2351 2133
f 2247 2133 2220
f 2351 2247 2274
f 2246 2346 2221
f 2246 2247 2346
f 2251 2354 2071
f 2354 2249 2356
f 2260 2096 2071
f 2260 2071 2253
f 2260 2253 2027
f 2193 2219 2238
f 2260 2027 2265
f 2096 2260 2265
f 2138 1637 2029
f 2358 2175 2142
f 2138 2029 2226
f 2214 2212 2231
f 2212 1621 2268
f 2212 2078 2029
f 2138 2226 1983
f 2226 2029 2078
f 2268 2078 2212
f 1892 2137 2196
f 2344 2238 2219
f 2269 2193 2238
f 2231 2100 2239
f 2269 2220 2133
f 2269 1329 2220
f 1722 2370 2069
f 2221 2346 2354
f 2356 2249 2071
f 2354 2356 2071
f 2249 2253 2071
f 2265 2097 2096
f 2097 2265 2250
f 2027 2250 2265
f 1985 2175 2291
f 2357 2358 2157
f 2341 2357 2093
f 2341 2255 2291
f 2358 2142 2194
f 2175 2358 2357
f 1983 2226 2078
f 2194 1637 2138
f 2357 2157 2093
f 2024 2203 2081
f 2093 2157 2341
f 2157 2358 1950
f 2357 2291 2175
f 2142 1637 2194
f 1621 2212 2214
f 2138 1983 2060
f 2268 1621 2082
f 2238 1329 2269
f 2014 1953 2258
f 2253 2263 2027
f 2362 2068 2279
f 2255 2157 2254
f 2291 2357 2341
f 2341 2157 2255
f 2027 2360 2280
f 2255 2262 2291
f 2362 2279 2368
f 2042 2266 2081
f 2223 1985 1970
f 2084 2281 2059
f 2264 2344 2404
f 2238 2344 2264
f 2080 2069 2363
f 2243 1465 1512
f 1817 2028 1950
f 2360 2154 2382
f 2247 2284 2245
f 1722 1599 2370
f 2354 2346 1981
f 2249 2354 1981
f 2263 2253 2249
f 2196 2120 1892
f 2027 2263 2360
f 2254 2157 2068
f 2261 2070 1636
f 2255 2254 2198
f 2277 1978 2023
f 2364 2262 2368
f 2366 2279 2068
f 2203 2024 2266
f 2364 2368 2366
f 2157 1950 2068
f 2362 2262 2068
f 1970 2079 2223
f 2262 2364 2291
f 2262 2362 2368
f 2281 2266 2059
f 2344 2223 2404
f 2232 2084 2267
f 2098 2267 2010
f 1888 2072 2010
f 1888 1465 2072
f 1548 2243 1512
f 2069 2013 2363
f 2247 2245 2346
f 2022 2003 1599
f 2368 2279 2366
f 2249 1981 2415
f 1631 2134 2003
f 1631 2003 1667
f 2277 2134 1631
f 1631 1978 2277
f 2154 2360 2263
f 2023 1978 2070
f 2261 1994 2040
f 2291 2366 2293
f 2276 2293 2366
f 2203 2196 2137
f 2068 1950 2276
f 2266 2196 2203
f 1487 1950 1276
f 2366 2068 2276
f 2291 2364 2366
f 2084 2232 2281
f 1465 2243 2228
f 2365 2010 2072
f 1329 2238 2225
f 1329 2381 2220
f 2370 2013 2069
f 2228 2243 2080
f 2080 2363 2228
f 2247 2220 2284
f 1597 2346 2252
f 1329 2041 2381
f 2273 2370 1599
f 2220 2316 2284
f 1373 1377 2370
f 1597 1981 2346
f 2023 2134 2277
f 2306 2168 2383
f 2150 2070 2261
f 2023 2070 2150
f 2263 2417 2154
f 2135 2150 2261
f 2135 2261 1958
f 1958 2261 2040
f 2382 2154 2151
f 2120 2266 2099
f 1465 2228 2072
f 2099 2266 2281
f 2301 2158 2043
f 2120 2196 2266
f 1985 2291 1970
f 2281 2383 2099
f 2272 2238 2392
f 2267 2098 2232
f 2264 2392 2238
f 2273 2244 2286
f 2228 2055 2072
f 2223 2310 2404
f 2238 2272 2225
f 2098 2010 2365
f 2228 2053 2376
f 2244 2273 1599
f 2363 2053 2228
f 2053 2363 1373
f 1377 2363 2013
f 1377 2013 2370
f 2256 2003 2134
f 2346 2245 2372
f 2003 1716 1599
f 1716 2244 1599
f 2346 2372 2252
f 2023 2256 2134
f 2320 2256 1641
f 2136 2297 2257
f 2079 2171 2223
f 1970 2291 2398
f 2406 2055 2228
f 2055 2365 2072
f 2098 1996 2227
f 2098 2227 2232
f 1373 2363 1377
f 2376 2053 2406
f 1373 2370 2286
f 2256 2023 1641
f 2263 2249 2417
f 2150 2135 2153
f 1958 2153 2135
f 2301 2297 2158
f 2291 1312 2398
f 2043 2297 2136
f 2383 2229 2120
f 2276 2257 2297
f 2293 2276 2291
f 2276 1950 2257
f 2297 2301 2276
f 2276 2301 2291
f 1970 2398 2170
f 2383 2120 2099
f 2083 1980 1487
f 1318 2383 2038
f 2281 2306 2383
f 1564 2391 2306
f 2281 1564 2306
f 1564 2281 2232
f 2232 2227 1564
f 2055 1684 2365
f 2365 1996 2098
f 1996 1684 2055
f 1684 1996 2365
f 2220 2409 2316
f 2406 2228 2376
f 2394 1373 2286
f 2409 2220 2410
f 2273 2286 2370
f 2411 2284 2316
f 2284 2372 2245
f 2256 2320 2003
f 1716 2320 2244
f 2023 2051 1641
f 2073 2320 1641
f 2150 2153 2180
f 2180 2023 2150
f 2023 2180 2051
f 2417 2419 2154
f 1638 2153 1958
f 2153 1638 1374
f 2152 2153 1374
f 2275 2301 2043
f 2136 1318 1607
f 2158 2297 2043
f 2291 2301 2275
f 2275 1318 2384
f 1970 2294 2079
f 2275 2043 2136
f 2391 2389 2306
f 1996 2391 2227
f 2220 2381 2410
f 1716 2003 2320
f 2415 1981 1597
f 2152 2292 2153
f 1607 2275 2136
f 1607 1318 2275
f 2384 1318 2038
f 2291 2275 2384
f 2291 2384 1312
f 1312 2384 2038
f 2383 2398 2038
f 2306 1323 2079
f 2170 2398 2383
f 2038 2398 1312
f 2383 2168 2294
f 2294 2168 2307
f 2294 2306 2079
f 2294 1970 2170
f 2294 2170 2383
f 2168 2306 2141
f 2169 2294 2307
f 2169 2168 2141
f 2141 2306 2294
f 2294 2169 2141
f 1323 2306 2171
f 2171 2306 2389
f 2079 1323 2171
f 2171 2389 2391
f 2171 2391 2310
f 2402 2391 1996
f 2171 2310 2223
f 2310 2391 2402
f 2404 2310 2402
f 2264 2404 2402
f 2392 2264 2402
f 2392 1996 2283
f 2392 2402 1996
f 2392 2241 2272
f 2390 2055 2139
f 2283 2241 2392
f 2272 2241 2283
f 2272 2283 2312
f 2283 2055 2390
f 2390 2312 2283
f 2272 2312 2225
f 1329 2225 2312
f 2139 2055 2041
f 2312 2139 1329
f 2326 1322 1234
f 2336 1345 1274
f 2139 2312 2390
f 2381 2385 2315
f 2041 1329 2139
f 2381 2041 2406
f 2406 2385 2381
f 2410 2315 2385
f 2315 2410 2381
f 2385 2408 2410
f 2409 2385 1332
f 2410 2408 2409
f 2408 2385 2409
f 2316 2409 1332
f 2316 1332 2386
f 2386 2053 2411
f 1332 2053 2386
f 2053 1373 2411
f 2316 2386 2411
f 2411 1373 2394
f 2317 2411 2394
f 2284 2411 2317
f 2319 2413 2394
f 2317 2394 2413
f 2394 2286 2320
f 2284 2317 2413
f 2320 2372 2394
f 2284 2413 2319
f 2395 2319 2394
f 2284 2319 2395
f 2394 2372 2395
f 2284 2395 2372
f 2252 2372 2320
f 2252 2320 1344
f 1597 2252 2285
f 2252 1344 2285
f 1597 2285 2414
f 2285 2073 2414
f 1344 2073 2285
f 2414 2073 1641
f 2328 2414 1641
f 2396 2414 2328
f 1597 2414 2396
f 2326 1234 2289
f 1597 2396 2415
f 2415 2396 2328
f 2415 2328 2416
f 2417 2249 2416
f 2249 2415 2416
f 2417 2328 2180
f 2417 2180 2419
f 2328 2417 2416
f 2292 2419 2180
f 2021 1291 2400
f 2045 2248 1306
f 2292 2152 2419
f 2154 2419 2420
f 2420 2419 2152
f 2154 2420 2151
f 2064 2330 2027
f 2467 2350 1642
f 1913 2302 1444
f 1642 2152 1922
f 1711 2401 2329
f 2432 2400 2045
f 2299 2021 2400
f 1306 2432 2045
f 2401 2167 1446
f 2299 2304 2021
f 1711 2399 2309
f 2061 2423 2401
f 2401 1687 2061
f 2304 2423 2061
f 2401 2423 2434
f 1711 2309 1317
f 1343 2333 2037
f 2329 2399 1711
f 2332 1317 2309
f 1446 1687 2401
f 1343 1258 2173
f 1343 1250 2311
f 2159 1565 2172
f 2172 1565 1343
f 2405 2037 1258
f 2336 2331 2407
f 1274 2140 1250
f 2407 2335 2318
f 1297 2287 1304
f 2318 2325 2314
f 2314 1297 2318
f 2453 2287 2314
f 2287 1297 2314
f 1304 2287 2397
f 2397 2177 1304
f 2327 1322 2326
f 1304 1234 2143
f 2289 1234 1304
f 2327 1269 1246
f 2430 2327 2326
f 1304 2177 2289
f 2431 2327 2430
f 2178 1316 1269
f 2178 1269 2431
f 2178 2431 2303
f 2178 1770 1316
f 1770 2303 1642
f 1273 1322 1246
f 2432 1306 2418
f 2248 1962 1447
f 2061 2046 2021
f 2248 2418 1306
f 2304 2299 2442
f 2021 2046 1291
f 2418 2248 1447
f 2423 2304 1342
f 2401 2434 2329
f 2167 2166 2165
f 2061 2021 2304
f 1711 2167 2401
f 2423 1342 2434
f 2313 1711 1305
f 2309 2399 2329
f 2167 2165 1446
f 1446 2165 1687
f 1687 2165 2164
f 1317 2332 1305
f 2160 2313 1305
f 1711 1257 2167
f 2333 1565 2332
f 2173 2331 1250
f 2333 2387 2037
f 2437 2333 2332
f 1565 2159 1305
f 1343 1565 2333
f 2331 2173 2428
f 1343 2311 2172
f 1343 2037 2405
f 2172 2140 2412
f 1343 2405 1258
f 2428 2173 1258
f 2440 2331 2428
f 2336 1250 2331
f 2397 2287 2453
f 2336 1274 1250
f 1274 1345 2424
f 2451 2424 2335
f 2440 2407 2331
f 2322 1345 1294
f 1294 1297 2162
f 1297 1221 2052
f 2407 2318 1345
f 1221 2161 2052
f 2318 2335 2325
f 2162 2424 1294
f 2289 2177 2339
f 2177 2397 2339
f 2430 2326 2176
f 2289 2339 2455
f 2321 2143 1234
f 2143 1992 2337
f 2148 1273 1246
f 2305 2176 1273
f 2149 1316 1310
f 1269 2327 2431
f 1246 1322 2327
f 2074 2148 1246
f 2431 2457 2303
f 2303 2457 2181
f 1770 2178 2303
f 1310 1920 2149
f 2304 2442 1342
f 2164 2442 2046
f 2299 2400 2442
f 2167 1257 2166
f 2435 2442 2164
f 2164 2165 2435
f 2165 2166 2435
f 2438 2329 2403
f 2140 2440 2450
f 2309 2329 2444
f 2437 2427 2159
f 2332 2309 2444
f 2444 1257 2427
f 2172 2437 2159
f 2387 2437 2412
f 2037 2429 1258
f 2449 2387 2412
f 2429 2449 2140
f 2311 1250 2140
f 2333 2437 2387
f 2140 2428 2429
f 2037 2387 2429
f 2140 2172 2311
f 2428 1258 2429
f 2140 1274 2334
f 2451 2334 1274
f 2451 2407 2440
f 1221 2453 2161
f 2424 1345 2322
f 2424 2322 1294
f 2335 2161 2325
f 2452 2453 2314
f 1304 2323 1221
f 2453 2454 2397
f 2454 2453 2323
f 2454 2323 2426
f 2143 2337 2455
f 2143 2340 2426
f 2143 2455 2340
f 2326 2289 2455
f 1992 2143 2321
f 2455 2337 1273
f 1992 1273 2337
f 1322 1992 2321
f 2455 1273 2176
f 2432 2433 2400
f 2433 2163 2442
f 2163 2433 2418
f 2432 2418 2433
f 2400 2433 2442
f 1342 2442 2435
f 2435 2166 2434
f 1342 2435 2434
f 2434 2166 2436
f 2329 2434 2436
f 2329 2308 2403
f 2166 1257 2436
f 2329 2436 2308
f 1257 2308 2436
f 2444 2329 2438
f 1257 2444 2438
f 2437 2332 2444
f 2444 2427 2437
f 2387 2449 2429
f 2428 2140 2450
f 2428 2450 2440
f 2440 2140 2334
f 2334 2451 2440
f 2424 2451 1274
f 2335 2407 2451
f 2314 2325 2452
f 2161 2452 2325
f 2453 2452 2161
f 1295 2445 2197
f 2397 2454 2441
f 2397 2441 2426
f 2454 2426 2441
f 2426 2339 2397
f 2379 2369 1998
f 2426 2340 2339
f 2339 2340 2455
f 2326 2455 2176
f 2430 2176 2305
f 2305 1273 2431
f 2430 2305 2431
f 1273 2147 2431
f 1295 2447 2445
f 1726 2048 2460
f 2147 2148 2431
f 2431 2148 2457
f 2457 2148 2181
f 1644 2303 2181
f 2181 2144 1644
f 2197 2479 2179
f 2445 2447 2373
f 2479 1644 2144
f 2179 2479 2144
f 2369 2182 1998
f 1997 2464 2439
f 2439 2425 1997
f 2197 2179 1295
f 1726 2343 1919
f 2353 2379 1998
f 2487 2373 2447
f 2487 2447 2369
f 2014 2456 2352
f 2303 1644 2467
f 2048 2271 2377
f 2343 1726 2460
f 1997 2425 2484
f 2492 1919 2343
f 2174 2492 2446
f 2460 2048 2377
f 2353 2338 2448
f 2378 2183 2446
f 2240 2183 2378
f 2338 2240 2448
f 2174 2446 2183
f 2240 2001 2183
f 2338 2001 2240
f 2258 2367 2014
f 2064 2027 2280
f 2184 2330 2064
f 1838 2469 2290
f 1444 2476 2475
f 2014 2465 1965
f 2445 2373 2461
f 2443 2151 2420
f 2359 2152 1642
f 2360 2374 2347
f 2495 2353 2448
f 2382 2374 2360
f 2350 2359 1642
f 2465 2014 2352
f 2184 2064 2388
f 2456 2014 2367
f 2278 2355 2498
f 2278 2498 2270
f 2374 2342 2288
f 2388 2463 2270
f 2456 2288 2352
f 2342 2374 2259
f 2374 2388 2280
f 2456 2367 2388
f 2355 2184 2498
f 2342 2259 2382
f 2349 2235 2288
f 2465 2349 1965
f 2456 2388 2288
f 2371 2288 2342
f 2360 2347 2280
f 2342 2151 2296
f 2374 2382 2259
f 2348 2288 2371
f 2288 2235 2465
f 1965 2349 1838
f 2349 2348 2466
f 2465 2352 2288
f 2466 2348 2151
f 2349 2466 2421
f 2348 2371 2151
f 2371 2296 2151
f 2421 2466 2151
f 2465 2235 2349
f 2152 2359 2420
f 2151 2443 2421
f 2421 2443 2349
f 2469 2349 2468
f 2349 2471 2468
f 2359 2471 2443
f 2359 2443 2420
f 2290 2393 2302
f 2290 2469 2468
f 2468 2393 2290
f 2468 2471 2473
f 2350 2467 2473
f 2469 1838 2349
f 2471 2359 2473
f 2471 2349 2443
f 2380 2473 2467
f 2380 2468 2473
f 1644 2459 2467
f 2474 2422 2302
f 2467 2393 2380
f 2468 2380 2393
f 2479 2477 1644
f 2302 2393 2474
f 2422 2393 2361
f 2459 2393 2467
f 2474 2393 2422
f 2359 2350 2473
f 2361 2393 2459
f 2476 2422 2361
f 1444 2302 2476
f 2477 2459 1644
f 2213 1444 2475
f 2197 2324 2479
f 2422 2476 2302
f 2477 2361 2459
f 2477 2479 2361
f 2324 2462 2213
f 2324 2475 2361
f 2361 2479 2324
f 1444 2213 2464
f 2475 2476 2361
f 2462 2324 2478
f 2213 2475 2324
f 2197 2445 2478
f 2197 2478 2324
f 2213 2462 2464
f 2482 2478 2461
f 2482 2373 2485
f 2480 2439 2464
f 2462 2478 2480
f 2464 2462 2480
f 2482 2439 2478
f 2478 2439 2480
f 2482 2472 2439
f 2461 2373 2482
f 2478 2445 2461
f 2487 2486 2485
f 2439 2484 2425
f 2472 2484 2439
f 2481 2207 2048
f 2481 2484 2486
f 2048 2484 2481
f 1997 2484 2048
f 2486 2487 2483
f 2271 2483 2470
f 2486 2484 2472
f 2472 2485 2486
f 2207 2481 2486
f 2482 2485 2472
f 2207 2486 2271
f 2373 2487 2485
f 2483 2487 2375
f 2486 2483 2271
f 2483 2375 2458
f 2375 2369 2458
f 2483 2458 2470
f 2488 2470 2458
f 2377 2470 2460
f 2489 2458 2369
f 2489 2369 2379
f 2207 2271 2048
f 2487 2369 2375
f 2460 2488 2492
f 2489 2379 2490
f 2271 2470 2377
f 2470 2488 2460
f 2490 2458 2489
f 2488 2493 2492
f 2379 2353 2490
f 2446 2492 2493
f 2491 2495 2497
f 2492 2343 2460
f 2490 2488 2458
f 2490 2494 2493
f 2280 2388 2064
f 2348 2349 2288
f 2378 2497 2240
f 2448 2240 2496
f 2496 2495 2448
f 2463 2258 2278
f 2278 2270 2463
f 2388 2498 2184
f 2151 2342 2382
f 2388 2374 2288
f 2258 2388 2367
f 2463 2388 2258
f 2296 2371 2342
f 2498 2388 2270
f 2280 2347 2374
f 2490 2353 2494
f 2488 2490 2493
f 2491 2378 2493
f 2494 2353 2495
f 2493 2378 2446
f 2494 2495 2493
f 2493 2495 2491
f 2495 2496 2497
f 2240 2497 2496
f 2497 2378 2491
f 339 340 366
f 335 366 259
f 129 310 258
f 129 258 73
f 442 360 233
f 367 365 447
f 339 366 347
f 258 129 73
f 335 259 310
f 797 339 347
f 331 343 360
f 365 442 233
f 258 254 129
f 284 258 310
f 310 259 284
f 340 259 366
f 343 347 362
f 343 362 360
f 442 331 360
f 367 361 365
f 920 671 447
f 564 376 892
f 1982 2354 2251
f 2095 1995 1885
f 2187 2067 2185
f 2221 2209 2246
f 2131 2130 2100
f 2233 2131 2100
f 2047 2233 2094
f 2274 2247 2209
f 2185 2067 2242
f 1777 2047 2094
f 2269 2187 2193
f 2193 2187 2094
f 2067 2187 2269
f 2209 2221 1982
f 2246 2209 2247
f 2354 1982 2221
f 2096 2211 2071
f 2071 2211 2251
f 2097 2222 2096

