# https://github.com/mikedh/trimesh
v -0.93482592 -0.17506834 -0.25495694
v -0.94080716 -0.27295854 -0.16683108
v -0.97186037 -0.24000310 -0.26991555
v -0.98369245 -0.23017571 -0.20345774
v -0.94886170 -0.19511767 -0.20776246
v -0.89391334 -0.22859633 -0.28890872
v -0.92386396 -0.20907837 -0.27281204
v -0.95791917 -0.24367459 -0.17375372
v -0.90563939 -0.17613980 -0.16028960
v -0.89573276 -0.30533523 -0.20443500
v -0.87284626 -0.32249737 -0.24161927
v -0.89308289 -0.21920721 -0.28238418
v -0.86053852 -0.10027791 -0.18794640
v -0.78469906 -0.24626296 -0.18314434
v -0.88083355 -0.10748141 -0.27953887
v -0.92859447 -0.14925315 -0.21168887
v -0.90123416 -0.13288614 -0.18774730
v -0.88754309 -0.31008016 -0.26390563
v -0.85945741 -0.26383232 -0.18598057
v -0.86683731 -0.23594132 -0.15363278
v -0.87689115 -0.21513944 -0.15781691
v -0.81819007 -0.19524686 -0.30963537
v -0.88788279 -0.11652703 -0.28754774
v -0.84399064 -0.19582524 -0.29786872
v -0.86113677 -0.07717128 -0.26223205
v -0.81176504 -0.06634923 -0.16492966
v -0.87676560 -0.10261971 -0.18594092
v -0.83022277 -0.28228574 -0.23918008
v -0.80770861 -0.25035820 -0.22770825
v -0.85589447 -0.22034843 -0.29095975
v -0.80923997 -0.08282557 -0.16798923
v -0.78901434 0.00705958 -0.20310863
v -0.31692719 -0.66341766 -0.00256507
v -0.75810052 -0.17812819 -0.11600050
v -0.79159397 -0.11169712 -0.15499788
v -0.79186633 -0.24135152 -0.24328217
v -0.70396598 -0.14362632 -0.11526176
v -0.81920929 -0.18663019 -0.13603507
v -0.88094721 -0.09168474 -0.27447229
v -0.84070628 -0.27373442 -0.18914862
v -0.84842585 -0.04895005 -0.23119302
v -0.77071990 -0.01347040 -0.28880450
v -0.70050689 0.12609755 -0.20973932
v -0.32243086 -0.60271138 -0.01522914
v -0.81396243 -0.18325085 -0.30759758
v -0.73813036 -0.19966293 -0.26217432
v -0.75860636 -0.25035270 -0.18277852
v -0.78389745 -0.13888908 -0.31654132
v -0.33379422 -0.51675143 -0.03233669
v -0.81950358 -0.08264709 -0.30703130
v -0.72679291 -0.20569330 -0.26345935
v -0.65602107 0.09118155 -0.28862920
v -0.79602037 -0.12799571 -0.16014027
v -0.77683618 -0.03585969 -0.16560510
v -0.77868553 0.02108646 -0.25850176
v -0.76085928 0.03558036 -0.24444287
v -0.78583320 -0.01962325 -0.16406401
v -0.75261288 0.03262414 -0.17037824
v -0.74270369 0.06359789 -0.21375173
v -0.77872308 0.03278066 -0.22200385
v -0.74371814 -0.20398297 -0.14285122
v -0.32722596 -0.53412395 -0.13118265
v -0.33817844 -0.56028916 -0.07453721
v -0.70527660 -0.19044870 -0.25651498
v -0.72550584 -0.08140919 -0.14898272
v -0.70770494 -0.15944623 -0.28972976
v -0.73313107 -0.13002051 -0.30144213
v -0.75019048 -0.02831479 -0.30923906
v -0.66420475 0.04791457 -0.30497836
v -0.72282478 -0.01373390 -0.30931887
v -0.67868203 0.11138480 -0.16809812
v -0.72802153 0.08358652 -0.23677460
v -0.72920510 0.08347555 -0.23285717
v -0.73192509 0.07770556 -0.24067716
v -0.73192509 0.07957555 -0.23678717
v -0.73192509 0.07957555 -0.23676716
v -0.72812512 0.08347555 -0.23676716
v -0.73193511 0.07957555 -0.23676716
v -0.71915736 0.09827663 -0.20181046
v -0.72558077 0.08360043 -0.24257905
v -0.73304513 0.07957555 -0.23285717
v -0.73268499 0.08208092 -0.22529055
v -0.71865251 0.07321587 -0.18384663
v -0.70044764 -0.17144039 -0.12248820
v -0.33901143 -0.59086048 -0.03657468
v -0.73315528 -0.18122166 -0.29204027
v -0.72932166 -0.16656279 -0.12498592
v -0.66657232 -0.10301434 -0.10544000
v -0.63022642 -0.17840336 -0.20223415
v -0.65793986 -0.18227974 -0.19735466
v -0.73067847 -0.10562359 -0.30983156
v -0.49752838 -0.05328035 -0.24529437
v -0.71177249 -0.06617798 -0.15639948
v -0.65580199 0.08510792 -0.30523804
v -0.64019914 0.04721560 -0.31510985
v -0.69025029 0.11605247 -0.25375997
v -0.61611725 0.05725069 -0.31809515
v -0.66452419 -0.15685519 -0.25464673
v -0.71842927 -0.19700541 -0.14486287
v -0.68936022 -0.12753469 -0.29661288
v -0.53104483 -0.03228266 -0.26918243
v -0.54716264 -0.00689842 -0.28923900
v -0.65433347 -0.07617074 -0.11267909
v -0.77417346 -0.11761050 -0.31827508
v -0.66237493 -0.10709877 -0.28537813
v -0.30251784 -0.66227178 0.05609505
v -0.63727698 -0.00620259 -0.31247530
v -0.15615858 -0.48524820 0.18646182
v -0.64674735 0.14686179 -0.25241200
v -0.65593297 0.12753872 -0.17272100
v -0.62841131 0.11479203 -0.15568819
v -0.64125632 -0.17161373 -0.16582656
v -0.60206789 -0.10263689 -0.26601758
v -0.51312632 0.02347009 -0.10827107
v -0.31300988 -0.54910345 -0.13295523
v -0.34304321 -0.52116278 -0.03296154
v -0.60779377 0.03223997 -0.09873750
v -0.62383322 -0.06136236 -0.29310672
v -0.64179533 -0.07341372 -0.10037020
v -0.65379844 0.01508242 -0.14928227
v -0.64914958 0.03814203 -0.14528789
v -0.61904511 0.10521365 -0.13963197
v -0.57194546 0.06782222 -0.08229464
v -0.64587015 -0.15561660 -0.25152904
v -0.67940860 0.11944631 -0.26754794
v -0.66383508 0.09027154 -0.13760156
v -0.63710067 0.19153085 -0.19147916
v -0.70303709 -0.16124222 -0.12273162
v -0.58180353 -0.13293768 -0.20319125
v -0.59883483 -0.15261581 -0.20542946
v -0.59359302 -0.05772950 -0.11275923
v -0.51460591 -0.04295986 -0.26194981
v -0.61467454 -0.07643597 -0.27765205
v -0.28608869 -0.66126998 -0.13218542
v -0.58736848 0.03330378 -0.30701632
v -0.59402997 0.00153840 -0.30199767
v -0.61657572 -0.03746668 -0.10328086
v -0.64770847 0.16059375 -0.17897830
v -0.57740439 0.06484783 -0.30493105
v -0.58710169 0.11025848 -0.30971313
v -0.62298963 0.19423005 -0.23986922
v -0.56731127 0.26174907 -0.19967564
v -0.55026611 -0.10407949 -0.22902578
v -0.55851481 -0.09920202 -0.22842887
v -0.63282577 -0.13963224 -0.13131700
v -0.56768698 -0.00543374 -0.08750679
v -0.51813653 0.07403328 -0.08830537
v -0.52137599 0.02157526 -0.09225459
v -0.53070618 -0.05538332 -0.24923635
v -0.57548143 0.22160970 -0.24789895
v -0.53549393 0.30729700 -0.17730802
v -0.60536157 0.21435311 -0.16309108
v -0.55028477 0.26792188 -0.14757974
v -0.52216872 -0.06763890 -0.21435315
v -0.57227382 0.01390120 -0.30179927
v -0.50382981 -0.02277636 -0.11900560
v -0.56767416 0.06113305 -0.08868535
v -0.52824058 -0.03783452 -0.10786471
v -0.55253976 0.09038563 -0.08555279
v -0.35772946 0.09110783 -0.12633851
v -0.59155873 0.04142284 -0.31844249
v -0.62750439 0.08683909 -0.31872046
v -0.58247883 0.19066731 -0.14921288
v -0.56521577 0.17492099 -0.28955919
v -0.54768586 0.30182918 -0.18599398
v -0.57204362 0.17936126 -0.29444438
v -0.54662394 0.22372274 -0.27306822
v -0.44269367 0.29142112 -0.28541538
v -0.55646514 0.26518620 -0.16106428
v -0.49125848 0.20780710 -0.07599746
v -0.53995670 0.31038093 -0.16646439
v -0.51616577 -0.00833755 -0.11728321
v -0.52571959 -0.07300588 -0.17714506
v -0.47577029 -0.07425729 -0.20056963
v -0.28264913 -0.27372285 -0.10209055
v -0.29921011 -0.58818849 -0.12260941
v -0.52478215 -0.02953465 -0.26794756
v -0.49130789 -0.04923659 -0.16494158
v -0.27592797 -0.23563256 -0.19758302
v -0.48969176 -0.01547415 -0.12463297
v -0.49247642 0.16657752 -0.08410521
v -0.27573629 -0.16889955 0.11438547
v -0.40674869 0.19930075 -0.27042604
v -0.42453183 0.27494650 -0.05630398
v -0.51436454 0.17383585 -0.07250044
v -0.50114191 0.16356865 -0.06751428
v -0.52722108 0.21694265 -0.10888526
v -0.50912140 0.11035397 -0.29651224
v -0.48658116 0.24583357 -0.07929335
v -0.45680043 0.17825087 -0.09293370
v -0.51459161 0.33746191 -0.15191531
v -0.46461896 0.40556880 -0.14813334
v -0.47671559 0.26867010 -0.06516034
v -0.46560703 -0.04146352 -0.19170935
v -0.49469071 -0.00304536 -0.28049524
v -0.32323796 -0.50853226 0.04567551
v -0.49098854 0.00569885 -0.26734976
v -0.51845409 0.02872893 -0.29316286
v -0.49179272 -0.03177328 -0.15592404
v -0.45537912 0.00621511 -0.26088912
v -0.33358488 -0.50592327 -0.04270394
v -0.42832095 0.11387912 -0.09483588
v -0.50093690 0.02198679 -0.27765072
v -0.46514102 0.16565512 -0.10277729
v -0.44524579 0.20442698 -0.29199079
v -0.50418269 0.26293512 -0.12210018
v -0.37244702 0.34157660 -0.01100195
v -0.51959109 0.29187028 -0.25188944
v -0.52245822 0.26233815 -0.26297587
v -0.46019076 0.33864321 -0.24747136
v -0.46538842 0.37188061 -0.19512673
v -0.51312630 0.31491816 -0.21129906
v -0.44018777 -0.01923189 -0.20964135
v -0.39639893 0.47911941 -0.15503762
v -0.46393764 0.00527228 -0.13246778
v -0.42259790 -0.01344052 -0.22024823
v -0.45623094 -0.01055649 -0.25392569
v -0.45264013 -0.03094881 -0.17153924
v -0.38018345 0.02174517 -0.21107405
v -0.44102032 0.05117686 -0.13160775
v -0.44603149 0.02802130 -0.12343338
v -0.34287368 0.08898535 -0.12626031
v -0.51552367 0.09862435 -0.30365406
v -0.43259826 -0.01244671 -0.19784173
v -0.41066631 0.11921609 -0.14778756
v -0.40761558 0.17329132 -0.11295712
v -0.42142390 0.16251359 -0.07999237
v -0.45822223 0.02223396 -0.27370008
v -0.35183335 0.16678091 -0.17802985
v -0.42508212 0.20769814 -0.07715104
v -0.33246684 0.40804591 -0.27569799
v -0.48726008 0.32177128 -0.25232098
v -0.45756698 0.38120909 -0.13343991
v -0.48827805 0.26362833 -0.08048484
v -0.42705866 0.40829603 -0.08757882
v -0.46477457 0.37075764 -0.22678354
v -0.32333073 -0.60555121 -0.06965118
v -0.36037138 0.22715519 -0.04773908
v -0.42467671 0.44261383 -0.13961556
v -0.43174609 0.31697507 -0.07548075
v -0.45687937 0.40947559 -0.14099480
v -0.30599114 -0.36212772 -0.15304187
v -0.42293339 0.01288198 -0.24104715
v -0.40116280 0.01001263 -0.20764825
v -0.31481243 -0.38318791 -0.11995127
v -0.38791006 0.01825022 -0.19805448
v -0.42839584 0.09214299 -0.15775125
v -0.43687299 0.09581080 -0.11043439
v -0.44569465 0.01432068 -0.26728079
v -0.43669438 0.11192669 -0.26909272
v -0.42413990 0.06471498 -0.16406770
v -0.43513890 0.12243656 -0.09786427
v -0.27240911 -0.05686528 -0.00173857
v -0.36554658 0.30602698 -0.28530607
v -0.36760994 0.15069858 -0.08038120
v -0.44202297 0.24110299 -0.09461665
v -0.42009127 0.35553747 -0.07680501
v -0.39012663 0.25617930 -0.28097855
v -0.36767487 0.26517996 -0.28481503
v -0.44233380 0.24664531 -0.28375112
v -0.36967670 0.33407202 -0.27610519
v -0.33523477 0.41024242 -0.28351397
v -0.38018859 0.35554177 -0.02972369
v -0.43030899 0.41652064 -0.08240502
v -0.44504756 0.38613562 -0.21775852
v -0.42043233 0.46252310 -0.14922216
v -0.37925799 0.42218426 -0.24076908
v -0.39059000 0.41232527 -0.03868352
v -0.37909654 0.04317348 -0.24505575
v -0.39054957 0.08317389 -0.27441036
v -0.29680589 -0.58283843 0.06290553
v -0.28783381 -0.17190560 0.07964637
v -0.25868872 -0.59066060 -0.16119104
v -0.39874787 0.04398942 -0.17121776
v -0.32128403 0.09683696 -0.24157185
v -0.35030014 0.10968339 -0.18767103
v -0.23897857 -0.05900455 -0.24524429
v -0.36340613 0.11824047 -0.21730916
v -0.22520808 -0.54333905 0.11542021
v -0.36214483 0.16087440 -0.08136863
v -0.39895664 0.23435842 -0.09289340
v -0.38403085 0.10421788 -0.27024127
v -0.12502765 0.03064278 0.16397850
v -0.35415338 0.33219068 -0.02729402
v -0.39151427 0.24962940 -0.09418651
v -0.40038054 0.26997902 -0.06619117
v -0.36484025 0.32637411 -0.04705758
v -0.40356806 0.34153503 -0.05402352
v -0.38001579 0.39222313 -0.26518917
v -0.32986052 0.34465794 -0.30043000
v -0.40187060 0.44602107 -0.21473691
v -0.37361550 0.45107164 -0.03597127
v -0.39984896 0.48863190 -0.12189354
v -0.27704463 -0.01825504 0.09235948
v -0.36117092 0.02510488 -0.20968594
v -0.38491331 0.15307393 -0.19647528
v -0.37624740 0.05069037 -0.23779816
v -0.34624299 0.12016979 -0.11228221
v -0.28926008 -0.22755942 -0.02667959
v -0.31360933 -0.41853639 -0.06354073
v -0.28517167 0.09888328 -0.03688151
v -0.31816545 0.13477084 -0.16617732
v -0.32928330 -0.54974873 -0.11152986
v -0.38052093 0.16771479 -0.23756334
v -0.33707476 0.16398876 -0.14792328
v -0.36216239 0.18531476 -0.14502521
v -0.35881359 0.18328867 -0.16760745
v -0.36208336 0.20614861 -0.21848310
v -0.32048763 0.20531250 -0.19656899
v -0.31348403 0.15997373 -0.11747725
v -0.37631308 0.26581455 -0.08350831
v -0.35711468 0.30550887 -0.03511739
v -0.35383853 0.28762072 -0.28108544
v -0.35868755 0.24950995 -0.13671402
v -0.34717495 0.26945202 -0.09701979
v -0.35448509 0.24231849 -0.05159793
v -0.28599076 0.26886765 -0.27516398
v -0.35893182 0.33121189 -0.05231403
v -0.33953834 0.37227303 -0.27709227
v -0.31971687 0.26392600 -0.29024612
v -0.36392037 0.35606270 -0.01203289
v -0.32330223 0.33770732 -0.29150016
v -0.32085121 -0.65885962 -0.02008190
v -0.32228053 0.41669084 -0.00941636
v -0.31740103 -0.43780425 -0.13043126
v -0.33667589 0.38192572 -0.28243379
v -0.32440380 0.26577090 -0.24318234
v -0.36919211 0.46511830 -0.05484923
v -0.37056963 0.41048589 -0.02642495
v -0.31752178 0.53619928 -0.08993767
v -0.36663613 0.42742995 -0.01177728
v -0.31693076 0.42948838 -0.28612925
v -0.30653068 0.47892226 -0.24484162
v -0.32362489 0.53694349 -0.15328427
v -0.39399880 0.50190714 -0.12469063
v -0.37338369 0.50859598 -0.12524944
v -0.28467565 -0.33130929 0.10620718
v -0.30879444 -0.62528471 -0.07943426
v -0.30436734 -0.40702780 -0.07276469
v -0.33813163 -0.51157184 -0.09456822
v -0.30475512 -0.43995444 -0.15864716
v -0.30614510 -0.43995444 -0.15781717
v -0.31905665 0.11191531 -0.23878471
v -0.30958246 -0.65595245 -0.08915994
v -0.34446663 0.12304387 -0.21782742
v -0.32120821 -0.49250937 0.02764413
v -0.29435874 -0.58689173 0.08779380
v -0.30989033 -0.60605552 -0.10065879
v -0.31086995 -0.51264454 0.08254827
v -0.31313832 -0.45272881 -0.14973828
v -0.32972146 0.06569640 -0.18212062
v -0.31788421 -0.51294306 0.03990843
v -0.31692670 0.07821503 -0.20435258
v -0.30881773 -0.39135917 -0.07625359
v -0.30666901 -0.43772606 0.08502152
v -0.28074536 -0.20548867 -0.07845950
v -0.31423509 -0.46259255 0.08669164
v -0.36525665 0.14869048 -0.21383090
v -0.29775869 -0.43624400 -0.16372390
v -0.29809303 -0.54917405 0.09616265
v -0.27159617 -0.15190956 -0.20138516
v -0.31005510 -0.43604444 -0.15547717
v -0.28847742 -0.32092795 -0.19141802
v -0.17634164 -0.39687519 -0.25830692
v -0.30614510 -0.43596445 -0.15864716
v -0.30611512 -0.43604444 -0.15864716
v -0.23085811 -0.48550180 -0.22421918
v -0.31537996 -0.37174071 -0.14773586
v -0.30614510 -0.43604444 -0.15862717
v -0.26712016 -0.47564114 -0.16975153
v -0.30794352 0.14785819 -0.23770523
v -0.32476090 0.18982078 -0.15291813
v -0.31157277 0.13794637 -0.25261564
v -0.34870696 0.16705772 -0.28645706
v -0.27810348 0.10133984 -0.13009354
v -0.33516585 0.13582599 -0.16861941
v -0.24818983 -0.49055114 0.12696128
v -0.32100755 0.16176893 -0.22504597
v -0.33020319 0.16186355 -0.12645752
v -0.32429425 0.16154389 -0.10557159
v -0.33267809 0.18479889 -0.12503826
v -0.19740617 -0.50747807 0.14801977
v -0.30484698 0.20518123 -0.26333549
v -0.32082805 0.18918340 -0.25473193
v -0.34299107 0.23334500 -0.07080212
v -0.26262674 -0.59864390 -0.16427990
v -0.29553866 0.18022429 -0.20243884
v -0.33520618 0.22204249 -0.07966793
v -0.31636544 0.19999714 -0.17489503
v -0.30017884 0.19096499 -0.17629681
v -0.33901115 0.21366242 -0.06446970
v -0.31100741 0.20961245 -0.19947821
v -0.36112520 0.24352850 -0.12710020
v -0.32963899 0.21523964 -0.10203961
v -0.30598241 0.21689776 -0.08277820
v -0.30031195 0.26828630 -0.03393146
v -0.27552720 0.14219136 -0.23593977
v -0.30334960 0.15475427 -0.03521116
v -0.29111277 -0.22462895 -0.07547863
v -0.30827601 0.24684727 -0.08067151
v -0.31003008 0.25717379 -0.29438911
v -0.31097007 0.37071162 -0.28761292
v -0.25720294 0.26233754 -0.23258867
v -0.29449832 0.21196437 0.00508641
v -0.32623550 0.27614161 -0.05089264
v -0.32704684 0.39259667 0.00662630
v -0.31649567 0.29124404 -0.28130088
v -0.31287831 0.29430060 -0.27423665
v -0.27968444 0.32510175 -0.27188137
v -0.26292873 0.41482763 -0.28516362
v -0.28790603 0.34697439 -0.28658256
v -0.16857702 0.57678357 -0.07188708
v -0.33691855 0.49584564 -0.03284835
v -0.29931919 0.49820058 -0.23626426
v -0.25012773 -0.63737230 0.11030047
v -0.33136495 -0.54744758 -0.12729690
v -0.27552419 -0.59521709 0.09110857
v -0.24612683 -0.59053026 0.10823860
v -0.29777137 -0.35047524 -0.17142179
v -0.29928153 -0.54750333 -0.14566362
v -0.30705815 -0.44282685 -0.01355529
v -0.28039795 -0.50191893 -0.15189039
v -0.25959746 -0.44559748 -0.16316476
v -0.24961817 -0.49088915 0.11602491
v -0.28902277 -0.31327623 -0.13356435
v -0.30067186 -0.43612730 0.10147478
v -0.28179292 -0.23370552 -0.01840382
v -0.23612539 -0.37880511 -0.18638991
v -0.18197888 -0.44638820 -0.25510829
v -0.29508529 -0.26441669 0.00815949
v -0.21172263 -0.46223887 -0.23461787
v -0.28039806 -0.27354133 -0.19621861
v -0.31300624 -0.39057474 -0.03091838
v -0.30268136 -0.35302991 0.04949344
v -0.31316822 -0.38092848 0.08157889
v -0.20090654 -0.44960045 0.14239139
v -0.27055167 -0.33463010 0.11408812
v -0.21920888 -0.30067096 -0.19850105
v -0.29019291 -0.33427502 0.10904235
v -0.27663463 -0.37554274 0.11803472
v -0.30161126 -0.25482556 0.08488979
v -0.29437859 -0.28515781 -0.18169496
v -0.30648774 -0.30339075 0.06796327
v -0.26494405 -0.18987484 -0.20688259
v -0.29367894 -0.25729487 0.05657837
v -0.28280234 -0.10586180 -0.11738269
v -0.29554416 -0.29576013 -0.08871307
v -0.28406534 -0.24376249 -0.13226720
v -0.28282895 -0.02371776 0.09507025
v -0.27175780 -0.10786901 -0.16327114
v -0.26094641 -0.05712764 -0.20429433
v -0.27376072 0.00804111 0.08078756
v -0.27737749 -0.05208740 0.10759302
v -0.27925842 0.03867097 0.09653675
v -0.27205721 0.10235030 -0.15162593
v -0.22452227 -0.05037820 -0.24764196
v -0.27453565 0.04087895 -0.10812257
v -0.28495723 0.09626446 -0.14872991
v -0.28164046 0.12269632 -0.11146563
v -0.25608613 -0.03444501 -0.18043693
v -0.26823323 -0.05755638 -0.04321310
v -0.26255441 -0.07483956 -0.03974910
v -0.26098595 -0.00864631 0.00524215
v -0.28564410 0.10161814 -0.05414943
v -0.27445932 0.04026141 -0.04411441
v -0.29584285 0.11663343 -0.16537186
v -0.16187662 0.03544675 0.15497421
v -0.28610782 0.18964596 -0.07099299
v -0.27740768 0.14276265 -0.10671501
v -0.26322494 0.12323387 -0.16049531
v -0.29782484 0.16959304 -0.02590851
v -0.30247124 0.23026084 -0.04707761
v -0.28004312 0.16192931 -0.22783789
v -0.27971797 0.26207391 -0.28204599
v -0.26198459 0.19673544 0.08046960
v -0.27414860 0.12225677 -0.15053316
v -0.30981195 0.24246816 0.00425385
v -0.30682425 0.29593307 0.00705097
v -0.27766854 0.18125997 0.03191307
v -0.32396841 0.36161786 -0.01654543
v -0.21939054 0.16813584 -0.25236021
v -0.31142862 0.33976071 0.02222103
v -0.27471870 0.38809166 0.03090101
v -0.30625166 0.49171152 -0.24875388
v -0.31312596 0.42899287 -0.26180357
v -0.27170429 0.31633367 0.07426645
v -0.29278349 0.37580432 0.02541890
v -0.26999144 0.44973995 -0.00045700
v -0.21729716 0.54701842 -0.20371614
v -0.33485280 0.48635024 -0.03673205
v -0.20374517 0.59213076 -0.15654201
v -0.27341825 0.55079175 -0.07366912
v -0.22417996 -0.52655250 -0.21456634
v -0.25811301 -0.66228427 0.10375762
v -0.18637998 -0.65231340 0.13040406
v -0.23021240 -0.59303748 -0.18477830
v -0.28355023 -0.58022499 -0.16228999
v -0.25350151 -0.43993069 -0.17634288
v -0.20531047 -0.35991044 -0.21663756
v -0.18833283 -0.24143587 -0.20228487
v -0.19320457 -0.32527489 -0.22476528
v -0.12420302 0.12896224 -0.25210630
v -0.20266677 -0.32033471 -0.19799983
v -0.27296676 -0.23684404 0.11240559
v -0.16024389 -0.18088707 0.16982388
v -0.26817191 -0.29412751 0.12141332
v -0.27230937 -0.18313468 -0.13280399
v -0.25146546 -0.22745694 -0.21798835
v -0.12602652 -0.32294130 0.19154525
v -0.28172505 -0.23911491 -0.20198294
v -0.21165860 -0.25754639 0.13287577
v -0.27153520 -0.08803594 0.10646405
v -0.24477227 -0.17959307 -0.22253218
v -0.26977727 0.07874496 -0.15236754
v -0.22592541 -0.34664293 -0.18161992
v -0.19572807 -0.42185041 -0.25616382
v -0.20014658 -0.19480496 0.12939994
v -0.22954926 -0.13341909 -0.24159288
v -0.17011625 -0.18931233 -0.21289395
v -0.24385617 -0.08241430 0.12599808
v -0.26676464 0.04552304 -0.14107742
v -0.19013285 -0.11650608 0.14171962
v -0.28009992 -0.13995799 -0.00041307
v -0.22391091 0.03322875 0.12990112
v -0.24879495 -0.00031751 0.12383533
v -0.25733433 -0.11103357 -0.22833608
v -0.13783871 -0.04892818 0.16638274
v -0.20460861 -0.46562121 -0.25003805
v -0.25402220 -0.13051219 0.12166650
v -0.26915631 0.00651982 0.00538853
v -0.26134211 -0.04282497 -0.05629860
v -0.19584114 -0.13878766 0.12838107
v -0.16253576 -0.18476747 -0.22552311
v -0.26073257 -0.00982782 -0.00620101
v -0.19052693 -0.10299049 0.13256749
v -0.27624933 0.00338478 -0.13118546
v -0.20037817 -0.03532431 -0.25748430
v -0.26901569 -0.02777244 -0.03395007
v -0.15990046 -0.60888294 -0.23826175
v -0.23005228 0.07412175 -0.26099736
v -0.27835928 0.03871089 0.08342478
v -0.26702026 0.08777144 -0.13801687
v -0.26486042 0.10489004 0.01756926
v -0.25596867 0.08504175 -0.19163563
v -0.27742993 0.11503180 0.01311702
v -0.21519365 0.10083949 -0.26912419
v -0.16791783 0.01722463 0.14346795
v -0.28169838 0.09913697 -0.00106664
v -0.18469377 0.07160963 0.13425605
v -0.27544651 0.04937627 0.10269255
v -0.31190533 0.16236114 -0.13255210
v -0.22529517 0.19246512 -0.25635743
v -0.26641281 0.07675154 0.09408158
v -0.25177833 0.01764132 -0.21894604
v 0.05323515 0.26865448 0.19727520
v -0.22951753 0.30372677 -0.27834211
v -0.22172779 0.08511526 0.12216723
v -0.26547806 0.12788104 0.11043524
v -0.26679870 0.24194064 0.08046428
v -0.22854639 0.19549288 -0.23446135
v -0.25518806 0.26958556 0.09287350
v -0.26982063 0.31312210 -0.25088439
v -0.28093563 0.25566640 0.05036768
v -0.27738775 0.20889094 -0.20353600
v -0.26384760 0.29399547 0.07037937
v -0.27166155 0.30472910 0.05835249
v -0.17200353 0.05497024 0.14058852
v -0.26834265 0.36341411 -0.28410338
v -0.30345708 0.38390357 -0.29012668
v -0.24075521 0.34700589 0.08804311
v -0.25924039 0.41849550 -0.29172690
v -0.23578319 0.42961902 0.04441531
v -0.20360668 0.51936196 -0.24336712
v -0.18121927 0.53456100 -0.23912282
v -0.15913158 0.61530605 -0.03302001
v -0.31849923 0.55290089 -0.13685417
v -0.25826772 0.54463722 -0.18623763
v -0.16880840 0.59097233 -0.16928553
v -0.21051443 -0.65663775 -0.20213962
v -0.19613457 -0.65719468 0.12433383
v -0.20050580 -0.50577941 0.13771955
v -0.18720427 -0.54478298 -0.23140839
v -0.22362188 0.16441756 0.11993965
v -0.22788239 -0.41656164 0.12199355
v -0.24506303 -0.50280715 -0.20042858
v -0.29139485 -0.41538976 0.09854219
v -0.19630328 -0.34952254 0.13221386
v -0.12886235 -0.41051104 -0.26808360
v -0.15661784 -0.38084750 0.18413888
v -0.21023578 -0.07971147 -0.24156737
v -0.19267910 -0.17320356 0.14214791
v -0.24413747 0.01191678 0.11567608
v -0.17425680 -0.27181892 -0.23254710
v -0.14389540 -0.20349769 0.18297341
v -0.14707412 0.00284993 -0.23515640
v -0.20370352 0.02542793 -0.26863410
v -0.18150320 -0.02285341 0.13737643
v -0.16567490 0.04630701 0.14421509
v -0.21206077 0.11679752 -0.26458932
v -0.24049696 0.00331760 -0.23099950
v -0.20321164 0.15671974 -0.27508412
v -0.26826125 0.11285769 -0.16141869
v -0.21515672 0.24614157 0.12028951
v -0.21814415 0.27680229 -0.26661357
v -0.23337878 0.17305163 0.12378381
v -0.17001101 -0.22303537 0.15409442
v -0.23475407 0.19817776 -0.24064286
v -0.26125825 0.26450263 0.07310783
v -0.19143526 0.23343761 -0.28563948
v -0.26943008 0.24895896 -0.23104534
v -0.14135631 -0.50860418 -0.26991972
v -0.22511367 0.21135951 -0.25846467
v -0.05171138 0.13885932 -0.29180063
v -0.21433349 0.45927362 -0.27960941
v -0.23112527 0.47419423 -0.00050849
v -0.16902880 0.50544501 -0.27366093
v -0.26128789 0.47229175 -0.00107420
v -0.11576855 0.57454148 0.00095268
v -0.18949543 0.52593639 -0.23165373
v -0.29478771 0.52774002 -0.21398188
v -0.27975378 0.54570633 -0.08490684
v -0.18505510 -0.62745444 -0.21756716
v -0.23512567 -0.56052395 -0.19516997
v -0.16481689 -0.57627589 0.15216190
v -0.00434937 -0.36916291 -0.25691691
v -0.14339082 -0.49152720 -0.25760521
v -0.04359178 -0.59311078 0.19291276
v -0.13596917 -0.28556767 0.18027105
v -0.16586066 -0.37193217 -0.26903973
v -0.20285170 -0.30539319 0.12704831
v -0.16293983 -0.41854334 0.16717368
v -0.19402481 -0.03694185 0.13977128
v -0.19362355 -0.41155222 0.14630646
v -0.15074266 -0.56214057 0.15441907
v -0.19932276 -0.35607855 -0.20872384
v -0.19690798 -0.33924168 0.14140595
v -0.13939753 -0.26995014 -0.26857469
v -0.15719272 -0.13841489 -0.21585227
v -0.14208723 -0.18523348 0.17334366
v -0.15619428 -0.15622355 -0.21534037
v -0.13498562 -0.06305972 0.17605240
v -0.14771305 0.00929889 0.15632997
v -0.16947903 0.04045963 0.14213263
v -0.18936924 0.10394994 -0.27324349
v -0.06707949 0.15156841 0.16835027
v -0.18376014 0.16484458 -0.28853512
v -0.13414611 0.17891232 0.15181941
v -0.20814048 0.27991289 -0.28120995
v -0.25957567 0.37345622 -0.27581502
v -0.21395288 0.27999848 -0.26989930
v -0.11254095 0.05903759 0.16999488
v -0.19102327 0.26198976 -0.29335877
v -0.21948850 0.29073771 0.11045174
v -0.23040900 0.36487562 0.07778358
v -0.06343864 0.57385856 0.05956140
v -0.15952754 -0.65013277 -0.24369936
v -0.20490241 0.45431847 -0.27022316
v -0.20687193 0.48561853 -0.25695035
v -0.15217831 0.31649315 0.12826422
v -0.15443574 -0.53766395 -0.24795053
v -0.22090009 0.53321482 -0.05157607
v -0.15187360 0.38846596 -0.29229126
v -0.10041125 0.27901307 -0.27285303
v -0.19686621 0.59463938 -0.11978314
v -0.17777213 0.50089057 0.01623492
v -0.12322082 -0.57488503 0.18249711
v -0.00870846 -0.42883987 0.21936377
v -0.14564515 -0.58588984 0.15778338
v -0.15180356 -0.49939820 -0.26216776
v -0.12811704 -0.19067086 -0.27468659
v -0.15719510 -0.49271830 0.17242646
v -0.11654616 -0.31296790 -0.28796078
v -0.14052943 -0.52256626 0.19153848
v -0.16278862 -0.33871935 -0.27099679
v -0.15335275 -0.29533496 0.18298821
v -0.15097006 -0.33760905 -0.26821560
v -0.14306433 -0.22614807 0.17558185
v -0.16660262 -0.23751287 -0.23358903
v -0.13640998 -0.24447128 -0.27831304
v -0.13690550 -0.28540794 -0.27325102
v -0.19891593 -0.21029119 0.13758382
v -0.03017894 -0.31920205 0.21862045
v -0.18486963 -0.58401029 -0.23489655
v -0.16505014 -0.14559807 -0.22268766
v -0.12727290 0.06370436 -0.24325884
v 0.04062165 0.17314514 -0.22055439
v -0.14809427 0.12324709 0.15078331
v -0.13668488 -0.17126253 0.18165094
v -0.16942754 0.04841773 0.14213275
v -0.16612181 0.21476944 0.15160540
v -0.20935691 0.09038814 -0.27944242
v -0.12246922 -0.05270400 -0.24047791
v -0.11285852 0.01008940 -0.24523279
v -0.14241236 0.11324569 0.16142307
v -0.05614585 0.38035133 -0.29536173
v -0.06005511 0.38300555 -0.29535715
v -0.15846855 0.29608474 0.14269035
v -0.16327296 0.21273876 -0.28186945
v -0.14860545 0.32557695 -0.29151009
v -0.14654201 -0.58097871 -0.25184996
v -0.17235966 0.40441617 0.08335565
v -0.11936810 0.40566293 -0.28042060
v -0.07592731 0.39706720 0.12402901
v -0.18623328 0.41310366 0.08123574
v 0.00125294 -0.60847594 0.20269156
v -0.19546604 0.56685402 -0.22556489
v -0.11194536 0.52010747 0.02384623
v -0.21072769 0.58213039 -0.11627299
v -0.07220022 -0.62488171 0.16833481
v -0.16710451 0.59857490 -0.09170292
v -0.13325512 0.54901141 -0.02402279
v -0.20510032 0.57738949 -0.19778387
v -0.11231015 0.56877737 -0.20775303
v -0.11375889 0.61389145 0.02103076
v -0.12657539 0.61562980 -0.14075667
v -0.09230330 -0.65841888 0.15902935
v -0.08210947 -0.40152371 -0.31054334
v -0.12021198 -0.64767164 -0.27398913
v -0.05354536 -0.45569213 0.20722139
v -0.09138805 -0.37734660 0.18965737
v -0.09163207 -0.46711700 0.19983771
v -0.11405135 -0.47437756 0.18891730
v -0.17499013 -0.41266807 -0.26744270
v -0.05943080 -0.29703994 -0.30522171
v -0.15475030 -0.37164395 0.17520925
v -0.10962377 -0.36362379 -0.28938879
v -0.02423151 -0.50626505 -0.26670767
v -0.12603219 -0.10874391 0.17258905
v -0.09709316 -0.24069995 -0.29831414
v -0.06254391 -0.35849152 -0.30369971
v -0.15907084 -0.08292288 -0.23297307
v -0.11378303 -0.53130730 -0.29245415
v -0.10557680 -0.18053407 -0.28415513
v -0.10850952 -0.22889128 -0.28384669
v -0.14475041 -0.20766182 -0.24084177
v -0.16996806 -0.63227617 0.14666545
v -0.03104633 -0.19173441 -0.28799578
v -0.06225114 -0.13665460 0.19137996
v -0.08648288 -0.12414377 -0.29108983
v -0.08599428 0.10713601 -0.26372917
v -0.00696236 0.02588688 0.19191879
v -0.13197078 -0.08086222 -0.24337961
v -0.04481383 -0.08645895 -0.29838597
v -0.07513455 -0.23246408 0.19739247
v -0.09255331 -0.59163970 -0.27113698
v -0.15420290 -0.03182857 -0.23934118
v -0.12663199 0.15161741 -0.26559759
v -0.12343501 0.10546331 -0.25781638
v -0.06626557 0.03356342 -0.29252192
v -0.00531970 -0.06742779 0.19972029
v -0.05606361 -0.21900397 -0.30073078
v 0.07725159 -0.47790368 0.20723735
v -0.13779826 0.38074358 -0.28626312
v -0.08666024 -0.57312335 0.19217761
v -0.06714824 0.39115321 -0.26980967
v -0.12646511 0.27879556 -0.27966715
v -0.14787404 0.36194603 -0.29543720
v -0.12766815 0.49964448 -0.28054546
v -0.15149544 0.46204873 -0.27865590
v -0.05254654 0.39347620 0.12807418
v -0.08182463 0.46727665 -0.25688390
v -0.17135605 0.48184895 0.02486260
v -0.11017241 0.41633459 -0.28438524
v -0.10351014 0.51904889 -0.24365299
v -0.12970542 0.58859581 -0.24307183
v -0.08050401 0.51289588 0.05361147
v -0.06532291 0.49022732 -0.29434995
v -0.12111613 0.55771941 -0.21895094
v -0.02687627 -0.60325641 -0.26746515
v -0.09632419 0.48335988 0.06723777
v -0.13391389 0.56237787 -0.02522785
v -0.11640800 0.58887655 0.02957986
v -0.13190987 0.60729620 -0.08815366
v -0.13700516 0.58018657 -0.06451523
v -0.13287809 0.60519879 -0.02649300
v -0.19886488 0.61551945 -0.14909163
v -0.11025228 0.62907082 -0.12100806
v -0.10707545 -0.52145211 -0.28872580
v -0.08689005 -0.46299693 -0.29889616
v -0.10321778 -0.54316254 -0.29400538
v -0.10822599 -0.38083682 -0.28203697
v -0.10780987 0.06938082 -0.25861077
v -0.09807678 -0.56309739 0.18396048
v -0.09396546 -0.41938397 0.19736630
v -0.08635556 -0.27496086 0.19021742
v -0.06277482 0.02380853 -0.29639177
v -0.03800212 -0.27493964 -0.29280425
v -0.02880511 -0.25635444 -0.28367718
v 0.03295857 -0.52118616 -0.24801417
v -0.02879511 -0.26416443 -0.28364716
v -0.02878133 -0.26428768 -0.28363891
v -0.08810225 -0.03966916 -0.28820040
v -0.08980096 0.12977567 0.15897310
v -0.04060845 -0.29445120 -0.30487573
v -0.07853423 -0.02912525 -0.28386581
v 0.15775409 -0.31516611 0.24630535
v -0.02613223 -0.26858226 -0.28026944
v -0.07247027 -0.10176788 -0.30536841
v -0.12994873 0.00106946 -0.24256447
v -0.06301715 -0.07697044 -0.29840476
v -0.09696862 0.18670969 -0.26108866
v -0.06530981 0.04059087 0.16828527
v -0.12118383 0.24192432 0.15563732
v -0.13799623 -0.49865896 0.18500996
v 0.06820863 -0.35496038 0.20741850
v -0.09020699 0.27390200 0.14904659
v 0.03872059 0.16417238 -0.21057400
v -0.06771473 0.27583419 0.16119186
v -0.05615081 0.33437033 0.13628506
v -0.07481516 0.42505697 0.09807457
v -0.09467819 0.43436556 -0.31229076
v -0.05224510 0.37644555 -0.29393716
v -0.05614511 0.37639557 -0.29145716
v -0.05614511 0.37644555 -0.29148717
v -0.05614511 0.37254556 -0.28885718
v -0.10931820 0.47609149 0.05721454
v 0.01236665 0.40896255 -0.28711088
v -0.10978518 0.56843883 -0.26288452
v -0.12809318 0.63443933 -0.20877638
v -0.06970737 0.35330552 0.13790235
v -0.05568961 0.63436457 -0.13523041
v -0.11630460 0.61009205 -0.02635836
v -0.05174085 0.44523767 0.10659050
v -0.06244282 0.58922199 0.04549774
v -0.07367228 0.61028271 0.04056213
v -0.12728660 0.61560155 -0.04914047
v -0.01955497 -0.66047447 0.17888130
v -0.12282412 0.66071501 -0.09391000
v -0.09274918 0.65051126 -0.11301874
v -0.12131552 0.63933600 -0.03268178
v -0.06507385 -0.50821727 -0.29287431
v -0.01575072 -0.55690440 0.20340240
v -0.05699736 -0.43882160 -0.30873733
v -0.04514218 -0.37812803 -0.29591584
v -0.04089051 -0.40814731 -0.30051449
v -0.07081128 -0.48087810 -0.30809228
v -0.01654999 -0.36593526 -0.27846165
v 0.00880696 -0.16580262 0.21537065
v -0.03253511 -0.26416443 -0.28754716
v -0.02880511 -0.26026444 -0.28370716
v -0.02212273 -0.42177084 0.22565737
v -0.06302131 -0.07731126 0.17762903
v -0.05719618 -0.17836442 -0.30571906
v -0.04240965 -0.24041888 0.19959785
v 0.07933912 -0.09157604 0.21679116
v -0.06340505 0.37569763 -0.28450600
v -0.03795523 -0.64594548 -0.26462364
v -0.06123761 0.38940422 -0.30482942
v -0.07333804 0.01385476 0.17691125
v 0.00079046 0.08974833 0.19823722
v -0.06465561 -0.64877962 -0.27560345
v -0.06088661 0.02872045 -0.29542402
v -0.12233224 0.04768494 0.16157347
v -0.03252924 0.05923112 -0.28370218
v -0.03938473 0.24429467 -0.28644550
v -0.08392113 0.22160199 0.16151257
v -0.04440840 0.15562637 -0.28261155
v -0.02366032 0.19147066 -0.27343741
v -0.07069128 0.35085353 0.12991737
v -0.02950102 0.23382815 0.17411167
v 0.04355467 0.25018086 0.20283995
v -0.09214781 0.27771415 -0.27763327
v -0.04613972 0.36724549 -0.27339510
v -0.06005511 0.38035555 -0.29280718
v -0.05623511 0.37644555 -0.29145716
v -0.05615511 0.38035555 -0.29535715
v -0.04405493 0.40421527 0.12294872
v -0.02329428 0.31604185 -0.26373144
v -0.05256902 0.59863211 -0.22023959
v -0.03710023 0.56855324 -0.18813087
v -0.07204644 0.60655449 -0.16149735
v -0.00582526 -0.48545553 -0.26522998
v -0.02145497 0.53202237 0.06719757
v 0.06445232 -0.64783554 -0.24522699
v -0.07149390 0.62517258 -0.15519728
v -0.07954561 0.60073233 -0.19230952
v -0.10217652 0.55421296 0.00422904
v -0.03981136 0.58377255 0.07501519
v -0.06856917 0.64687654 -0.20893688
v -0.08094496 0.65171589 -0.17837248
v -0.01394395 -0.59750671 -0.26427231
v 0.05084869 -0.49743291 -0.23653615
v -0.02473455 -0.49931911 0.21786357
v -0.04312585 -0.55374332 -0.27334005
v -0.00050704 -0.47622179 0.21668573
v -0.06135951 -0.34021836 -0.31167838
v 0.01708848 -0.60610473 0.20304576
v -0.03041281 -0.24506629 -0.28553024
v -0.02874511 -0.26026444 -0.28364716
v -0.02880511 -0.26416443 -0.28364716
v 0.05793415 -0.25873205 -0.22201149
v -0.05303404 -0.29100345 0.20955692
v 0.01617678 -0.09354783 -0.24280811
v -0.02221733 0.49050980 -0.33531046
v 0.01431480 -0.16595395 0.20815121
v -0.02287174 0.12960190 -0.28352243
v -0.00292890 -0.01256179 0.20431419
v -0.01011991 -0.02741982 0.20398264
v -0.01192806 0.14615993 -0.26358139
v -0.02445287 0.01949582 -0.28981938
v 0.03697983 0.31913401 -0.22206863
v -0.03340310 0.24469308 -0.27642616
v -0.03372093 0.29178511 -0.27810164
v -0.05102713 0.27323335 0.15316980
v 0.01778419 0.36702659 0.16467057
v -0.04546952 0.24222353 0.15820319
v 0.01730628 0.27120493 0.19714383
v -0.04528945 0.42571944 0.10142402
v 0.01326809 0.34184227 -0.32357956
v -0.04529592 0.53791089 0.05546216
v -0.06596292 0.47155540 0.07309109
v -0.06203787 0.50063507 -0.24101341
v 0.00602495 0.48291327 0.08669440
v 0.05574621 0.23110034 -0.20761358
v -0.05605355 0.58488946 0.06012810
v 0.01561846 0.51546820 0.07224120
v 0.05450217 0.60409079 -0.24316691
v -0.05350263 0.64004158 -0.23176649
v -0.04806229 0.61438247 -0.25837157
v 0.05617453 0.57272463 -0.15541312
v -0.05701738 0.58326035 -0.31568186
v 0.06308106 -0.58946966 -0.24594455
v 0.00400601 -0.47948415 0.21652443
v 0.00975807 -0.55035607 -0.25174817
v -0.00121797 -0.42020341 -0.26480964
v 0.01955343 -0.18434789 -0.23830156
v 0.02063847 -0.26774209 0.21598197
v -0.01610568 -0.31340167 -0.26460167
v 0.00875137 -0.32536968 0.22790045
v 0.15953122 -0.30698624 -0.24623702
v 0.10539424 -0.35590331 -0.21797767
v -0.00756229 -0.13812264 0.20394566
v 0.06453006 -0.44822573 -0.23110340
v 0.06483755 -0.25480745 -0.21295938
v 0.01931585 -0.27647403 -0.23141581
v 0.07720343 -0.23114589 0.20458150
v 0.11658956 -0.26056901 0.22287309
v -0.00039034 -0.34639638 0.22030516
v -0.07038586 -0.06785519 -0.30700117
v 0.10446462 -0.46693780 -0.22089914
v -0.02220282 -0.18488741 -0.29018273
v -0.04809183 0.02631408 -0.29129329
v 0.16968810 0.06169420 0.21430801
v 0.09036503 -0.16474080 -0.21960852
v 0.02720427 -0.14051753 -0.22183297
v 0.01586315 -0.23823958 -0.24358407
v -0.02416543 -0.05880655 -0.29033312
v 0.00458474 -0.12584135 -0.24439661
v 0.01984648 -0.06980331 -0.22765897
v -0.02479299 0.09247706 -0.28803231
v 0.03462564 -0.13708816 -0.22486813
v 0.03400920 -0.01966270 -0.21399238
v -0.01263340 -0.03633736 -0.26731054
v 0.03731731 -0.00019064 -0.22468080
v 0.05002736 0.03555683 -0.20982253
v -0.00137129 0.08103175 0.19005763
v 0.06205706 -0.13186121 0.21045150
v 0.00630612 0.16625816 -0.24179139
v 0.02078744 0.20605825 0.18925497
v 0.03690199 0.05766641 0.19689538
v 0.02516034 0.24155223 -0.23213277
v 0.00514328 0.26681601 0.18532397
v 0.00344166 0.27879597 0.17338104
v 0.06679459 0.34743263 -0.34464382
v 0.06357403 -0.08429322 0.20174773
v 0.03403410 0.30569599 0.18041753
v 0.02118194 0.43812373 -0.21280634
v 0.09438411 -0.51428441 -0.22819044
v 0.05383855 0.41546621 0.13829354
v -0.01354849 0.42121495 -0.23863105
v 0.04766136 0.33043324 -0.21169433
v -0.06288935 0.55057717 -0.30442772
v -0.03072579 0.51321003 -0.21901157
v 0.01132148 0.54542673 -0.29575796
v -0.03752783 0.56538927 -0.23330254
v -0.00092109 0.58372121 -0.16208073
v 0.04724009 0.55314405 -0.34607011
v -0.02071370 0.58460939 -0.30606911
v -0.02146081 0.58263478 -0.26449442
v -0.00857825 0.58284337 0.07003795
v 0.12078655 0.64146301 -0.15056404
v 0.05089664 -0.59555435 0.20473630
v 0.04629845 -0.60518711 0.19259879
v 0.02600642 -0.44949370 -0.24276915
v 0.03903659 -0.66560557 0.19281190
v 0.07657787 -0.39249220 0.21459915
v 0.01207344 -0.36104353 0.23081016
v 0.04439115 -0.22833785 -0.21414041
v 0.01464603 -0.33930476 -0.25029366
v 0.12542056 0.04344965 0.22364238
v 0.04405641 0.18588947 -0.21164632
v 0.08292984 -0.56799289 -0.23904438
v 0.04620160 -0.08667605 -0.22275417
v -0.01192214 0.09091836 0.18515661
v 0.02215753 0.12517421 -0.22571348
v -0.00469459 0.33694976 -0.25899490
v 0.03627809 0.07118820 -0.21534097
v 0.05861317 0.09743134 0.20876304
v -0.00067321 0.14724461 -0.26128318
v 0.02983560 0.24051819 -0.21840066
v 0.08060423 0.15028553 -0.20588404
v -0.01215749 0.34198843 -0.27808561
v 0.08936725 0.29722641 -0.30179182
v 0.08823487 0.34643534 -0.35320334
v 0.01379950 0.49691825 -0.33052644
v 0.04581416 0.30558594 -0.25595385
v 0.03258381 0.39309297 -0.21297682
v 0.04305708 0.43568900 -0.28060773
v 0.05751029 0.40676601 -0.20412178
v 0.03051223 0.47340885 0.10955905
v -0.01135558 0.56821000 -0.20131893
v 0.01434387 0.56767362 -0.26579378
v 0.03716373 0.53552686 0.08069830
v 0.01668401 0.59927530 -0.29134998
v 0.01717522 0.57372867 0.07138003
v 0.02023477 0.62817753 -0.13529348
v 0.07596423 -0.57977974 -0.23296180
v 0.07305641 -0.42520077 0.20455312
v 0.06631180 -0.30220829 0.21591980
v 0.24767757 -0.30374146 -0.18120283
v 0.08455111 -0.31666169 0.21556538
v 0.08403546 -0.60684030 0.20651091
v 0.08808218 -0.64475719 0.20217749
v 0.06743267 -0.16735057 0.20389071
v 0.03876619 0.10360748 0.19665386
v 0.22021757 -0.12603344 0.13898509
v 0.09111690 -0.06144233 -0.21000260
v 0.14772758 0.18278532 0.22185916
v 0.07926579 -0.11584223 0.21580635
v 0.02734899 0.06728662 -0.23264780
v 0.22386194 -0.52277523 -0.16700726
v 0.00502074 0.13602099 0.19659493
v 0.10089143 -0.66784721 0.20689264
v 0.20500495 0.09498514 -0.21742619
v 0.05457335 0.22253752 0.20635359
v 0.13300486 -0.12368841 0.23399823
v 0.07342813 0.31331872 -0.21226079
v 0.15510232 -0.01471028 0.24128570
v 0.02987902 0.49678293 -0.19740428
v 0.00191760 0.46154392 -0.31262288
v 0.03614640 0.44076229 0.13307046
v 0.06618030 -0.55448591 0.20264630
v 0.06893377 0.49506066 -0.19121812
v -0.00009841 0.59405214 -0.32679302
v 0.03895351 0.57417256 -0.25739997
v 0.10059961 0.55597920 0.05643789
v 0.05692526 0.52755919 -0.18200447
v 0.05576202 0.54259182 0.07262432
v 0.13123860 -0.61265849 0.22131363
v 0.05811442 0.59638512 -0.16496165
v 0.03127528 0.59674295 -0.15945205
v 0.07631968 0.60655353 0.05953991
v 0.14231239 -0.64968878 -0.23664611
v 0.18630423 -0.61566710 0.21776210
v 0.09679442 -0.54947977 -0.22575749
v 0.18336972 -0.57974693 -0.20874046
v 0.09713906 -0.44316766 0.20845097
v 0.08214574 -0.49791434 -0.22266543
v 0.12958000 -0.44275747 0.24054855
v 0.24003454 -0.48264500 0.18789257
v 0.07672227 -0.15487865 -0.20654461
v 0.08584614 -0.43080466 -0.21870982
v 0.12742407 -0.47535400 0.24051305
v 0.15901455 -0.24659221 0.24603565
v 0.06921667 -0.28769550 -0.22139823
v 0.68066894 -0.17052587 0.25551774
v 0.15114415 -0.45036456 -0.23964016
v 0.06021632 -0.36973266 -0.22795809
v 0.06620601 -0.02904993 -0.21600755
v 0.12700877 -0.40605034 -0.22723750
v 0.10355230 -0.36789092 0.22232667
v 0.27740899 -0.40844831 -0.06889886
v 0.21237967 0.08060730 -0.22135856
v 0.23651434 -0.16683184 0.12923027
v 0.15483866 -0.22153343 -0.24498898
v 0.11808470 -0.57568540 0.22256517
v 0.15756449 -0.28579884 -0.23871153
v 0.22791712 -0.20008310 0.13626413
v 0.19453436 -0.16722716 0.21564713
v 0.08798188 -0.22207937 0.21775971
v 0.14522887 -0.05622937 0.23094707
v 0.15182508 -0.03806226 -0.22792786
v 0.14115994 -0.03596054 -0.23476150
v 0.16399037 0.12299877 0.22101111
v 0.07211593 0.06033491 0.20420076
v 0.12040690 0.09181805 0.22734753
v 0.18306991 0.17010150 -0.22067538
v 0.17580879 0.07520521 -0.23063859
v 0.17503533 0.14704148 0.20845423
v 0.15331474 0.18069028 0.22006634
v 0.12241865 0.31082335 -0.28995865
v 0.14209184 0.13828075 0.21888979
v 0.14092989 0.11452604 0.22856628
v 0.17172910 0.30642146 0.19421670
v 0.15160999 0.00445889 0.23656706
v 0.10705525 -0.22188094 -0.22661039
v 0.02979597 0.39952425 0.15431206
v 0.05973951 0.37030835 0.16361676
v 0.11455384 0.38666240 -0.34865313
v 0.10381641 0.32150221 -0.35332082
v 0.08231184 0.41779149 -0.33595582
v 0.08921073 0.44385463 0.12836429
v 0.13372021 -0.54967561 0.24086237
v 0.05833092 0.51127877 -0.29005384
v 0.08581847 0.54080251 -0.28616581
v 0.04100179 0.57027813 -0.32421446
v 0.10319714 0.41657785 -0.20522358
v 0.08627161 0.52581069 0.07073108
v 0.08634191 0.55038745 -0.32296096
v 0.13004229 0.41631345 -0.28509542
v 0.12867827 -0.58149916 -0.23447954
v 0.03239932 0.58341985 0.08750268
v 0.09639183 0.62183586 -0.21820595
v 0.08636926 0.61507355 -0.17304417
v 0.07791329 0.59561210 0.04800084
v 0.14226563 0.58691489 0.08737900
v 0.16131352 -0.50365677 0.24541849
v 0.13974768 -0.57132962 -0.24615706
v 0.13915489 -0.60411446 0.22416283
v 0.13524490 -0.60401444 0.22418283
v 0.12578587 -0.60148757 0.21711152
v 0.14067303 -0.60445623 0.22400241
v 0.20571307 -0.25803106 -0.21547438
v 0.15274906 -0.10471123 0.23608029
v 0.18938924 -0.42006918 0.23617447
v 0.15203346 -0.55761287 -0.24711048
v 0.14949594 -0.35008372 0.24233727
v 0.16891023 -0.42493828 0.24489535
v 0.14620934 -0.21564650 -0.23414705
v 0.16577855 -0.31568876 0.25461965
v 0.16607252 -0.39836560 0.25734088
v 0.12665370 -0.15740702 -0.22582567
v 0.15771624 -0.24496025 0.25085659
v 0.16908632 0.05548647 0.22576542
v 0.15729263 -0.17381769 -0.23510208
v 0.18173064 -0.03902484 0.21436732
v 0.07804310 0.06229824 -0.21459484
v 0.16723637 -0.11013954 0.24314215
v 0.14475628 0.05136080 0.22549535
v 0.08314035 0.05346259 -0.20764510
v 0.17997119 -0.10060796 0.22130666
v 0.14573816 0.20570506 0.21118476
v 0.15526547 0.15088178 0.21541205
v 0.17649722 0.21085085 -0.22633797
v 0.10336461 0.29973225 -0.26653440
v 0.09914098 0.28700476 -0.21233709
v 0.09792303 0.16398070 0.21020120
v 0.16204547 0.19125599 0.20303181
v 0.14352618 0.27192705 -0.24461809
v 0.18113324 0.29312483 0.19831558
v 0.16171243 -0.02421159 -0.23707734
v 0.10790489 0.50924553 0.08353283
v 0.11181489 0.50925554 0.08351284
v 0.15173587 0.37466338 0.17587867
v 0.11411219 0.49044319 0.09728855
v 0.15410778 0.56901424 0.08317130
v 0.05130394 0.49602063 0.09857426
v 0.13524490 -0.60010444 0.22566284
v 0.11382089 0.43604832 -0.34355289
v 0.09950741 0.46257884 -0.32344413
v 0.11328253 0.51414698 0.07959021
v 0.12495178 0.47783710 -0.30756746
v 0.13175005 -0.59572776 0.22736282
v 0.10399490 0.50914557 0.08353283
v 0.14460375 0.47409488 -0.29983165
v 0.15110840 0.51637399 -0.17541546
v 0.12742156 0.52482524 -0.20000718
v 0.08862801 0.61991270 -0.11426667
v 0.14641068 0.62223496 -0.07863085
v 0.16337513 0.60526910 -0.15000077
v 0.06390670 0.53381112 0.06690882
v 0.07421171 0.61015896 0.06842020
v 0.11752156 0.62179171 0.04972543
v 0.17407161 -0.64454189 -0.22552932
v 0.13524492 -0.60407535 0.22416491
v 0.19721147 -0.50929301 0.23426416
v 0.13915489 -0.60401444 0.22419283
v 0.13923744 -0.45673628 0.23786313
v 0.17649377 -0.47166620 -0.23753643
v 0.14262497 -0.23175358 -0.24028992
v 0.22057302 -0.57099541 -0.16238212
v 0.11365823 -0.36544333 -0.22969215
v 0.19114724 -0.30205700 -0.21249491
v 0.16896597 -0.26202919 -0.24062349
v 0.20176785 -0.14378002 0.21468617
v 0.20451162 -0.27636746 0.22229126
v 0.20040734 0.05276318 -0.21857962
v 0.18762181 -0.05049758 0.22037809
v 0.19286590 0.00272706 -0.22664881
v 0.16732549 -0.00554267 0.22725118
v 0.18287121 0.29928570 -0.21807380
v 0.21695334 0.05737042 0.15694411
v 0.55906765 0.02323443 -0.00457633
v 0.26781232 0.10609193 0.13419562
v 0.17606415 0.06182074 0.21844843
v 0.20934867 0.18095024 0.16431583
v 0.17848109 -0.67445727 0.21398695
v 0.03766036 0.29922416 0.19848677
v 0.21160471 0.29304098 -0.23991782
v 0.24329171 0.27246319 0.16362806
v 0.16244039 0.28707934 0.20779114
v 0.20858574 0.40268396 0.16588689
v 0.18032636 0.38478288 0.17829821
v 0.14463233 0.45612408 -0.30860212
v 0.19808650 -0.62311041 0.20431950
v 0.14589774 0.33503409 -0.20825264
v 0.16527779 0.57037977 0.02729989
v 0.16632417 0.52372901 0.08220781
v 0.11595391 0.60266435 -0.22808599
v 0.13056273 0.54112936 -0.25204057
v 0.16060963 0.56210256 -0.17129155
v 0.13743198 0.55784992 0.03128331
v 0.21421123 -0.64578582 0.20425361
v 0.14861284 0.63873851 -0.10885499
v 0.16719036 0.59603708 -0.00460790
v 0.15663965 0.58050944 0.02259756
v 0.13254364 0.62046361 -0.02229075
v 0.17152170 0.66577790 -0.06985781
v 0.16251672 -0.35785308 -0.23951729
v 0.15966099 -0.42440930 0.25472920
v 0.20537581 -0.40442499 -0.20587045
v 0.16850261 -0.50035956 -0.23989134
v 0.20812295 -0.51054062 0.23796154
v 0.18965457 -0.61465581 -0.20163175
v 0.25890920 -0.36848719 0.15740690
v 0.20270627 -0.54722550 0.23770444
v 0.20609176 -0.48063201 0.23444998
v 0.19959170 -0.39137616 -0.20132323
v 0.20958988 -0.44679548 0.22683642
v 0.18845489 -0.49442467 -0.23609896
v 0.16632281 -0.39065136 -0.24838739
v 0.19690089 -0.35792033 0.22186723
v 0.22756968 -0.67861945 0.19050853
v 0.16536767 -0.18324074 0.24512801
v 0.23462510 -0.46953717 0.17905492
v 0.50091355 -0.07417654 0.12818961
v 0.22438067 -0.42823101 0.20282316
v 0.17910259 -0.22634941 0.24162651
v 0.22566311 -0.28980689 0.19709914
v 0.16412671 -0.27469702 0.24333630
v 0.20099937 -0.35423144 0.22878245
v 0.21560559 -0.14459421 0.15443865
v 0.25625407 -0.57262438 -0.13141986
v 0.25634489 -0.57271443 -0.13129717
v 0.25892491 -0.56885444 -0.13129717
v 0.22097702 -0.07716137 -0.20689421
v 0.19719876 -0.05751198 0.20730986
v 0.15161904 -0.05970336 -0.23884929
v 0.37829434 0.20007412 0.09299495
v 0.21716618 -0.02862147 0.15492837
v 0.35722497 0.19884748 -0.02958074
v 0.20225340 0.12180820 0.16531064
v 0.18804434 -0.02193938 0.21471283
v 0.18766562 -0.10224691 -0.22387562
v 0.23976797 0.17137793 -0.16728815
v 0.23532447 -0.03859165 0.13982109
v 0.20777872 0.11396839 0.17058966
v 0.20658477 -0.03800155 0.15878702
v 0.21313684 0.05167327 0.14932560
v 0.22167019 0.17403369 0.16678469
v 0.22268779 0.10195422 -0.20606422
v 0.16018312 0.29437458 -0.21979436
v 0.20636309 0.20452581 0.17727750
v 0.23265325 0.10239739 -0.15777552
v 0.18954681 0.31785640 -0.20707314
v 0.13509158 0.31682702 0.19518767
v 0.20439791 0.16374031 -0.21910522
v 0.19420403 0.27655838 -0.21000923
v 0.14388897 0.33272498 -0.32700758
v 0.33145826 0.41757900 0.16671719
v 0.19858158 0.02427665 -0.22917695
v 0.14211666 0.39460766 -0.28925568
v 0.22603164 -0.56017174 0.21666926
v 0.18135808 0.58641251 0.07102938
v 0.23135819 0.43939714 0.14836578
v 0.19924487 0.50179730 -0.16994587
v 0.19330796 0.57501446 -0.16673240
v 0.23435583 0.36529641 0.17434185
v 0.16994651 0.53977276 -0.15757322
v 0.23903914 0.53004110 -0.12883570
v 0.19851659 0.55270557 -0.14097169
v 0.15192453 0.60430017 -0.11523662
v 0.15245538 0.55815599 0.02825747
v 0.17943573 0.62076525 0.01119441
v 0.20603381 0.60322632 -0.08249029
v 0.10318791 0.61662520 0.08045868
v 0.22773350 0.43555848 0.14080716
v 0.19943461 0.66089184 -0.04364360
v 0.14558096 0.66804751 -0.15715980
v 0.18117260 0.68033181 -0.09647163
v 0.19863699 -0.65062420 -0.20199766
v 0.17798825 0.66758690 -0.09180627
v 0.17928893 0.66372259 -0.10346128
v 0.22564870 -0.60634389 -0.16567258
v 0.22833584 -0.57156226 -0.16365929
v 0.22558751 -0.50568788 0.20180850
v 0.24801413 -0.63395526 -0.12782902
v 0.27381594 -0.68033181 0.15186869
v 0.23878180 -0.65489131 -0.14523361
v 0.22847033 -0.41869022 0.18340014
v 0.24890185 -0.34277038 -0.17742654
v 0.27666220 -0.60599590 -0.09948587
v 0.24580471 -0.60833643 0.17666614
v 0.21510575 -0.61235799 0.19794680
v 0.21642580 -0.46163201 -0.17907955
v 0.22472948 -0.27478930 0.17993437
v 0.20670503 -0.35564811 -0.20636497
v 0.21021929 -0.27171200 0.20348334
v 0.26824215 -0.39457400 -0.16937084
v 0.23487295 -0.56019543 -0.15447008
v 0.26650554 -0.29514077 -0.14229286
v 0.22436342 -0.47490573 -0.18042770
v 0.29290016 -0.52977241 -0.06386889
v 0.27029680 -0.39468197 -0.05434068
v 0.49303733 0.13818609 -0.02550981
v 0.25688719 -0.49823830 0.16377781
v 0.49384131 0.05113326 -0.02422622
v 0.20556640 -0.31925886 -0.21017465
v 0.24313269 -0.25780437 0.14196111
v 0.21611915 -0.52357062 0.22102212
v 0.52953322 -0.10165121 0.06707759
v 0.38586422 0.22902247 0.05985035
v 0.23728504 -0.27555924 0.14270934
v 0.39145545 0.05538166 0.00555585
v 0.22419316 -0.19789999 0.17344611
v 0.21751835 -0.30935409 0.19672744
v 0.25581500 -0.21511465 0.09950232
v 0.22430177 -0.25291266 0.19325218
v 0.24663008 -0.22767367 -0.18814205
v 0.17050377 -0.20564212 -0.23006637
v 0.24305337 -0.23362100 -0.19919590
v 0.24831089 -0.28201298 0.14011665
v 0.22953873 -0.24996266 0.18038453
v 0.22816797 -0.52681334 -0.17326594
v 0.47313257 0.01312270 0.06643168
v 0.20538121 -0.20598842 0.20286727
v 0.47900841 0.04389252 -0.01968324
v 0.27248919 -0.06972797 0.11262962
v 0.22514362 0.03423141 -0.19377355
v 0.23282731 -0.06142211 0.13922082
v 0.19961071 -0.14377070 0.20153871
v 0.24514068 0.01552725 -0.14515786
v 0.23448723 -0.05813699 -0.18607828
v 0.22705337 -0.09989975 0.14085023
v 0.21730752 -0.03638639 -0.21987116
v 0.22590056 -0.14671860 0.13287808
v 0.23088292 0.03827075 -0.20181332
v 0.22799615 -0.03559037 0.13499612
v 0.29390991 0.19935417 -0.16058477
v 0.24352300 -0.03590416 -0.15606287
v 0.24735704 -0.11752618 0.12278971
v 0.28220380 -0.12602527 0.09530157
v 0.21597242 0.00314841 0.14620969
v 0.26956397 -0.02080383 0.12364489
v 0.23913752 0.11308826 -0.16099717
v 0.19930538 0.30981647 -0.21374355
v 0.22611702 0.13660781 -0.17126889
v 0.25005343 0.05154180 -0.14578291
v 0.26305488 0.22860405 0.15981296
v 0.23656418 0.12933782 0.15705453
v 0.21022831 0.19453020 -0.19944955
v 0.21891017 0.29922414 -0.20183168
v 0.23269050 0.32926606 0.17914323
v 0.28384318 0.31534073 0.14332549
v 0.23469498 0.35931543 0.16760820
v 0.23098005 0.31315851 -0.19529062
v 0.25155764 -0.41651274 -0.17613837
v 0.25333380 0.33360607 -0.22494159
v 0.21465598 0.38470016 0.16448588
v 0.18654050 0.47532370 -0.24369715
v 0.26598224 0.28928810 -0.17535330
v 0.17135416 0.50976014 0.08316585
v 0.21701485 0.43578892 -0.18572338
v 0.26152078 0.34800358 0.16204058
v 0.20600966 0.52031231 -0.21079656
v 0.26029422 0.50910639 0.11039490
v 0.20757291 0.52616388 0.07152909
v 0.28862199 0.48050270 0.13578080
v 0.25917305 -0.38132498 -0.16711444
v 0.23555491 -0.67264370 0.17686830
v 0.60810762 0.06614201 0.00522676
v 0.26685736 -0.65831746 -0.09827821
v 0.25415595 -0.51466100 0.18909039
v 0.16799974 0.60763359 -0.08490611
v 0.27125348 0.47006023 -0.14117396
v 0.20282316 0.59654156 0.06695665
v 0.23377620 0.56000688 -0.10725642
v 0.21436878 0.59272678 -0.03573184
v 0.18341894 0.57791054 0.04397879
v 0.21587222 0.60634892 0.05146619
v 0.19399424 0.65505356 -0.11253213
v 0.17689176 0.61148033 -0.04033268
v 0.17972702 0.59797737 0.00554821
v 0.21614680 0.58835404 0.02694099
v 0.19321865 0.64561240 -0.03982947
v 0.24306317 -0.59988790 -0.13340387
v 0.21239408 0.62874781 -0.06707387
v 0.24564019 0.60736023 0.00338784
v 0.19489238 0.63284957 0.00080342
v 0.23711045 -0.61207450 0.19280411
v 0.23795792 -0.57608897 0.21219713
v 0.25634489 -0.57276444 -0.13126716
v 0.25445471 -0.57653243 -0.13065709
v 0.26453597 -0.58324801 -0.12854014
v 0.27228280 -0.62801068 0.15312251
v 0.25755489 -0.57666443 -0.12739716
v 0.27870614 -0.36881960 0.11058016
v 0.22954117 0.13747137 0.15156630
v 0.39002009 0.12168813 -0.05627703
v 0.27913960 -0.48808480 0.14783820
v 0.24260397 -0.55326560 0.21334360
v 0.25060055 -0.54694186 0.20507225
v 0.24269176 -0.32747531 0.17685431
v 0.26021490 -0.57276444 -0.12739716
v 0.28115776 -0.44386284 -0.14650245
v 0.24682753 -0.15423769 -0.19661918
v 0.28335540 -0.53787288 -0.14027696
v 0.26240063 -0.46170445 -0.15495417
v 0.27082145 -0.35528954 -0.07341520
v 0.26777789 -0.54526057 0.17420193
v 0.23861621 -0.33158557 0.16793400
v 0.29828797 -0.47277955 0.11886735
v 0.28531510 -0.27563493 0.04806082
v 0.35080195 0.12538273 0.01616050
v 0.29269366 0.12430588 0.12748342
v 0.27598344 -0.39891662 -0.03442580
v 0.49026418 -0.05066882 0.04436997
v 0.24572348 -0.33089793 0.17060904
v 0.26929108 -0.41974163 -0.05508891
v 0.24357602 -0.30577076 0.14269081
v 0.26637566 -0.27509335 0.10917466
v 0.21610416 -0.19403665 0.17236769
v 0.22475978 -0.20794165 -0.21037080
v 0.29481248 -0.67392667 -0.00586681
v 0.26026728 -0.57270033 -0.12737453
v 0.23846861 -0.11700644 -0.20681030
v 0.24696985 -0.14405037 -0.17287081
v 0.26609288 -0.28640844 -0.16651893
v 0.27376792 -0.23868534 0.08982481
v 0.27218103 -0.09187587 0.09879724
v 0.21198525 -0.13875424 -0.21171239
v 0.24064531 -0.14240400 -0.19126877
v 0.27714526 -0.20082723 0.08633222
v 0.25680706 -0.23590942 -0.09643842
v 0.34024908 -0.01947438 -0.08970585
v 0.24571428 -0.17335580 0.10773333
v 0.49616633 -0.00870155 0.16280355
v 0.24302397 -0.13571149 -0.12138383
v 0.27874737 -0.61864376 -0.07020871
v 0.33877594 -0.17154838 -0.07047177
v 0.24910822 -0.09555941 -0.17422703
v 0.23213860 -0.08978694 0.12637680
v 0.25463307 -0.15559120 -0.18003941
v 0.25753586 -0.20233905 -0.12716505
v 0.24162356 -0.09863538 -0.17453028
v 0.25050794 -0.20290796 -0.10951864
v 0.29888616 -0.20873322 0.01035787
v 0.45226819 -0.01066951 0.04354972
v 0.27802402 0.09331690 0.13782394
v 0.24665474 -0.00005173 -0.12814723
v 0.31829820 -0.08260383 -0.10520319
v 0.24818752 -0.15721944 -0.17062494
v 0.83671213 -0.26600343 0.18355631
v 0.24623299 -0.09538225 -0.12179562
v 0.31234645 -0.17552073 -0.08432342
v 0.24732355 -0.02938584 -0.12549595
v 0.24821951 -0.05474659 -0.12542769
v 0.26904211 0.18945671 0.15422733
v 0.46540168 0.00034686 0.11401424
v 0.26890149 -0.01968903 -0.12579446
v 0.27901097 0.08407773 0.12682727
v 0.23738210 -0.04258670 -0.14348221
v 0.41219911 0.21970338 -0.08354044
v 0.29532022 -0.07182926 -0.01780527
v 0.35259087 0.08881199 0.01639374
v 0.25695084 -0.13061507 -0.10303757
v 0.29815612 0.00184072 -0.11758981
v 0.22833354 0.06490474 -0.16987401
v 0.27529498 0.04795097 0.13044447
v 0.31066146 0.01625797 -0.06169078
v 0.30312117 0.13423702 0.07337040
v 0.31341489 0.14585012 0.05788586
v 0.29559201 -0.59529280 -0.07100597
v 0.33943414 0.14027038 -0.00575127
v 0.25847845 0.14557304 -0.15596311
v 0.23389867 0.17098236 -0.16323307
v 0.25038163 0.20337240 -0.15795137
v 0.22625895 0.34752545 -0.19087011
v 0.26394838 0.11826551 -0.14230291
v 0.26958327 -0.58324836 -0.10889256
v 0.27594648 0.27346421 0.15507556
v 0.32493923 0.31512080 0.15866588
v 0.24814515 0.21871656 0.15634483
v 0.24989550 0.28643503 0.17144418
v 0.31953763 0.23340543 0.07922697
v 0.22411158 0.27943801 -0.18395200
v 0.31027546 0.26160272 -0.14174382
v 0.27442360 0.38165008 0.15153167
v 0.25009798 0.34339779 0.16452956
v 0.29787797 -0.00421568 -0.04982768
v 0.21730102 0.42745243 -0.25210984
v 0.26921755 0.44116961 -0.22723643
v 0.24134071 0.51525438 0.09272242
v 0.24166518 0.46064724 -0.21975590
v 0.27885934 0.53069788 -0.09415818
v 0.28356908 -0.66864640 -0.03828677
v 0.26826444 0.49964373 -0.19020203
v 0.23179257 0.59955048 -0.13960472
v 0.22825044 0.60948074 -0.04107025
v 0.24411762 0.57017115 -0.07657934
v 0.24264294 0.58619922 0.02215688
v 0.29290017 -0.63556728 -0.01120887
v 0.23255144 0.59352363 -0.01822972
v 0.22935323 0.58180566 0.00987252
v 0.22261116 0.64776222 -0.04594914
v 0.26154013 0.61080062 -0.07698843
v 0.22091472 0.62219148 0.00632865
v 0.26690399 0.59410439 0.00586251
v 0.23051615 0.61705306 0.02520351
v 0.20288781 0.66689716 -0.07961452
v 0.31357684 -0.59110408 0.08024509
v 0.30386515 -0.67975120 0.05284080
v 0.28069116 -0.63876641 0.13766407
v 0.29178298 -0.63419739 0.11747712
v 0.26909401 -0.63012715 0.14241803
v 0.29282634 -0.59178175 -0.05748178
v 0.30694504 -0.50313423 0.12236477
v 0.24859817 -0.35216975 0.15590279
v 0.29252684 -0.55995631 -0.02531964
v 0.27912417 -0.55171705 0.17124090
v 0.27844551 -0.43848063 -0.08462478
v 0.31125907 0.09586442 -0.13401980
v 0.33171969 -0.55046795 0.11043044
v 0.26775279 -0.53659282 -0.14396569
v 0.38568382 0.27903435 0.15590456
v 0.24205486 -0.32614801 -0.19126663
v 0.29231930 -0.43355242 -0.13853947
v 0.26151247 -0.38393197 0.13704265
v 0.30314735 -0.50399763 -0.10453254
v 0.26110446 -0.33888396 0.14065847
v 0.28747639 -0.46504130 0.11207245
v 0.31858233 0.03609395 0.04556863
v 0.27351922 -0.45779175 0.12524088
v 0.29460387 -0.47536500 -0.12344337
v 0.49442453 0.00263920 -0.00038126
v 0.28988735 -0.45713767 -0.10721403
v 0.29408728 -0.51723124 0.15664648
v 0.49217977 0.03552646 0.17117439
v 0.26375891 -0.48234156 0.16042075
v 0.29231048 -0.41116212 -0.13708391
v 0.25265884 -0.39804518 0.15186744
v 0.28107928 -0.39983326 -0.12349293
v 0.29934070 -0.41224067 -0.01774899
v 0.33750577 -0.45678755 0.07343597
v 0.25988759 -0.32628833 -0.09195284
v 0.27384201 -0.37346441 -0.15281362
v 0.27908418 -0.40022218 0.10121484
v 0.26901074 0.35107774 0.14796393
v 0.26103894 -0.35680379 -0.07232292
v 0.28160005 -0.39265735 -0.02574189
v 0.54548626 -0.10539431 0.14791042
v 0.26745227 -0.28550802 0.10923460
v 0.41924972 0.09788800 0.01768114
v 0.32938874 -0.28274457 0.00970510
v 0.26790964 -0.29760099 -0.07781214
v 0.25626542 -0.07075738 -0.12069347
v 0.27481303 -0.41909831 0.13237134
v 0.27490125 -0.27981123 0.05528788
v 0.67795670 -0.12222615 0.08706490
v 0.27524550 -0.28672566 -0.16761233
v 0.26692323 -0.25413053 -0.17426746
v 0.29282362 -0.39803131 0.07677620
v 0.26056334 -0.18166119 -0.10446742
v 0.26890673 -0.22438551 0.08165583
v 0.25936412 -0.27012366 0.10275405
v 0.26223219 -0.28191283 -0.07145482
v 0.28382583 -0.52653250 0.15921453
v 0.29393646 -0.32814928 0.05593981
v 0.27136080 -0.32576478 -0.05184295
v 0.26200088 -0.25450363 -0.15768007
v 0.38050658 0.04529614 0.07117782
v 0.31598955 -0.36296756 -0.01585541
v 0.26586981 -0.31508663 0.10420155
v 0.32918077 -0.35332724 0.02478393
v 0.28724924 -0.33856978 0.05544302
v 0.26133301 -0.27134040 -0.18266017
v 0.26405122 -0.21663240 -0.17210967
v 0.27714659 -0.27022064 -0.06283701
v 0.34071462 -0.26285916 -0.00638420
v 0.25422067 -0.21964893 -0.17376749
v 0.25268445 -0.22057401 -0.13293535
v 0.43447683 0.10731584 0.15408908
v 0.34138285 -0.29764350 -0.00994801
v 0.26703725 -0.26421811 0.07707695
v 0.30939410 -0.33979286 0.04656191
v 0.28105392 -0.30719227 -0.05790032
v 0.32942934 -0.28891447 -0.03252702
v 0.28760779 -0.25155695 0.02197432
v 0.28094316 -0.22979979 0.03067122
v 0.28709851 -0.15743632 0.06364623
v 0.32721633 -0.08827972 -0.10097686
v 0.28812116 -0.22448647 0.02900908
v 0.27783395 -0.17430934 0.07694694
v 0.29015636 -0.24252384 0.02747931
v 0.29989422 -0.10876287 -0.02784202
v 0.32966294 -0.21879968 -0.05471289
v 0.24977904 -0.12764516 -0.13169519
v 0.32792899 -0.18698542 -0.01899065
v 0.29879790 -0.15567763 -0.08454343
v 0.30460937 -0.60821002 0.00212110
v 0.32067169 -0.08354052 -0.09556411
v 0.29194415 -0.16555245 -0.00314478
v 0.29441458 -0.18028252 0.00899737
v 0.29409055 0.05161101 0.11711471
v 0.28181869 -0.18944743 0.06082166
v 0.48245302 -0.04383727 0.09645017
v 0.41140652 0.17075105 -0.05681408
v 0.31524003 -0.02726492 0.03594156
v 0.37743489 0.09644555 0.04838283
v 0.29467285 0.02170384 0.09340802
v 0.27502352 0.01239323 0.11662923
v 0.32051984 -0.03394624 -0.11283273
v 0.28059272 0.05926217 0.12015316
v 0.29305326 -0.57902273 0.15136511
v 0.30794732 -0.02861687 0.07638955
v 0.30274506 0.03293095 0.09404159
v 0.31167801 0.05911110 -0.07269698
v 0.50455501 0.00597957 -0.00996317
v 0.30421446 0.26044271 -0.16695325
v 0.27081464 0.15228057 -0.15460734
v 0.30657449 0.11546559 -0.08771453
v 0.28361004 0.11326130 0.12646045
v 0.27383634 0.16120935 0.13929515
v 0.31846497 0.15010170 -0.14031123
v 0.29131345 0.11153049 0.12990996
v 0.31736192 0.21667233 -0.10140937
v 0.33682740 0.19122681 0.12646317
v 0.28736841 0.18235035 0.12293513
v 0.31516530 0.26295393 -0.15429442
v 0.32799110 0.20756314 -0.09728186
v 0.32060723 0.20954948 0.06029628
v 0.27753890 0.38860620 -0.16822959
v 0.33970076 0.38883040 0.15342675
v 0.23595395 0.35838561 -0.19352878
v 0.30397476 0.36636350 -0.14941728
v 0.56678125 -0.08215404 0.04726947
v 0.28422436 0.31099297 0.12984813
v 0.27171372 0.24715020 0.14655339
v 0.30275989 0.26559686 -0.15944138
v 0.30631754 0.30257541 -0.16562090
v 0.29218442 0.33075433 -0.16684254
v 0.27478190 0.37901901 0.15750852
v 0.26504648 0.38137482 -0.24335553
v 0.29901230 -0.45862195 -0.13076995
v 0.36743348 0.09395867 -0.00605739
v 0.30459066 0.41686478 -0.14993605
v 0.31753321 -0.50691735 0.11095070
v 0.30463301 -0.62443291 0.08582405
v 0.29398575 0.40564991 -0.19584835
v 0.27392047 0.38932201 -0.18143479
v 0.30065951 0.33519644 -0.17051832
v 0.31005460 0.36565596 0.15300544
v 0.29296590 0.42440749 -0.14689852
v 0.28954533 0.45431399 -0.20681558
v 0.32063784 -0.51689309 0.10823144
v 0.28395158 0.44929983 -0.15368667
v 0.29336031 0.51817716 0.09980104
v 0.33480966 0.44711327 -0.11896229
v 0.27035989 0.53270494 0.07890454
v 0.26653923 0.55870634 -0.14185089
v 0.30453338 0.51233047 -0.15973856
v 0.31637590 0.49595651 -0.15882685
v 0.26209552 0.53950167 0.08228709
v 0.29927812 0.49740015 0.12614627
v 0.27813540 -0.67135580 0.12898920
v 0.26262567 0.56195671 0.03392773
v 0.29377641 0.55282371 -0.12892807
v 0.23379267 0.63793522 -0.06306629
v 0.29106747 0.55108006 -0.06971756
v 0.30564864 0.54432511 -0.12900093
v 0.29047833 0.59580367 -0.05521752
v 0.28461912 0.59959966 -0.03326010
v 0.26772169 0.60717641 -0.00339293
v 0.30845864 -0.58102038 0.13264717
v 0.30045474 -0.57737149 0.13292831
v 0.30221222 -0.58690257 -0.01331604
v 0.30917698 -0.61969045 0.06431994
v 0.28041617 -0.46806944 -0.03145503
v 0.29743406 -0.64143407 0.04371090
v 0.28543771 -0.46445155 -0.15067516
v 0.30552790 -0.55254444 -0.08329098
v 0.29762670 -0.40068285 0.08432294
v 0.32677424 -0.57391023 0.05804818
v 0.30959796 -0.52911979 0.03322654
v 0.49795761 -0.04938579 0.05035688
v 0.32763077 -0.54899120 0.09007036
v 0.29535667 -0.54485700 -0.09890027
v 0.29555286 -0.60181422 -0.01927372
v 0.29083227 -0.53577271 0.14906518
v 0.33378306 -0.46997675 0.04201754
v 0.32413936 -0.58239798 0.09582575
v 0.29857602 -0.47701500 0.01283516
v 0.30811674 -0.48034770 0.01404552
v 0.29030101 -0.51699185 -0.04113232
v 0.32209525 -0.56457937 0.09866268
v 0.28790778 0.08406271 0.12914008
v 0.30115107 -0.07479347 0.04596654
v 0.48544272 -0.03883712 0.13801584
v 0.29950382 -0.54098388 -0.08180602
v 0.28701387 -0.45535425 -0.02417727
v 0.29504793 -0.51101859 -0.05495545
v 0.31950345 -0.52981874 0.03970961
v 0.32613628 -0.50352871 0.06212525
v 0.27618982 -0.44450487 -0.03581376
v 0.27374495 -0.40479944 -0.05763427
v 0.28276189 -0.35820923 -0.13769737
v 0.33793459 -0.45764647 0.05705051
v 0.29254803 -0.44384032 0.10899914
v 0.29458595 -0.43845750 -0.10987095
v 0.31705215 -0.39231236 0.05118020
v 0.30096214 -0.36828764 0.06655166
v 0.32099632 -0.23762126 -0.06311404
v 0.33513321 -0.38131517 0.02829294
v 0.29742935 -0.33015976 0.04156984
v 0.33114321 -0.36702996 -0.00109355
v 0.34601384 -0.35040956 0.00018050
v 0.34222067 -0.39963235 0.01666189
v 0.29219275 -0.29476075 0.03436403
v 0.32720315 -0.45237209 0.08273724
v 0.33601242 -0.13689419 -0.06367581
v 0.59751520 -0.15162277 0.12060663
v 0.33482988 -0.44998433 0.06004296
v 0.30233676 -0.47110248 0.01847803
v 0.29503463 -0.16342887 0.05340565
v 0.32937043 -0.35234666 -0.02068403
v 0.31467833 -0.55413278 0.11985648
v 0.28464750 -0.20288223 0.01075988
v 0.29223438 -0.02159075 0.09171336
v 0.30222886 -0.08601583 -0.00480916
v 0.30595899 -0.09328534 0.04159286
v 0.34243775 -0.37991298 0.02832209
v 0.29615779 -0.11418901 0.07494263
v 0.33815331 -0.08390834 -0.08422553
v 0.34216995 -0.13982247 -0.05416926
v 0.30112123 -0.09905617 -0.01683286
v 0.51513240 -0.03203468 0.16478445
v 0.33222784 -0.03930957 -0.08776683
v 0.37721040 0.10146792 0.02549707
v 0.30755941 0.05143042 0.05028817
v 0.44123318 0.01446533 -0.00768867
v 0.42203931 0.08296401 -0.04057708
v 0.72337521 -0.24974156 0.22036984
v 0.30372461 -0.01509085 -0.12146861
v 0.29142854 -0.07388937 0.07580277
v 0.29856039 -0.07809835 -0.03311201
v 0.37011751 0.13729763 -0.01562708
v 0.31307917 0.00943726 0.03045213
v 0.31728564 -0.51035949 0.12739927
v 0.36445833 0.11291726 -0.02488800
v 0.29946293 -0.03893631 0.08895770
v 0.33163673 0.01952994 -0.10572754
v 0.31322873 0.10600485 -0.14429242
v 0.30720400 0.08682529 0.07734113
v 0.31604223 0.10391494 -0.08851320
v 0.31994236 0.25237171 -0.13424605
v 0.31804201 0.13040509 -0.08474440
v 0.31794692 0.04787986 -0.04215698
v 0.41882946 0.22179874 -0.02888400
v 0.32459796 0.16365037 -0.14338406
v 0.37215313 0.14446093 -0.03980349
v 0.31464029 0.16124618 -0.08328900
v 0.31558480 0.16576221 0.06847389
v 0.31203701 0.16950049 -0.10425579
v 0.34075409 0.18147463 -0.06055999
v 0.32234510 0.20504599 -0.14008579
v 0.32564300 0.06500009 -0.11105783
v 0.30560472 0.20488818 0.07541472
v 0.31276762 0.13732866 -0.07698122
v 0.29178165 0.25830918 0.10993025
v 0.29898345 0.26913070 0.11749210
v 0.35033531 0.32451990 0.16580873
v 0.32602759 0.10207737 0.00880488
v 0.32562227 0.21887780 0.07078895
v 0.29424497 0.28348323 0.11147236
v 0.31550989 0.32120319 0.13068481
v 0.31091978 0.28369717 -0.13008753
v 0.30814178 0.25594955 0.09184187
v 0.30210823 0.47182277 0.13611701
v 0.32310196 0.25843140 0.08418073
v 0.30621575 0.42480496 -0.13877865
v 0.33999063 0.33229486 -0.12029691
v 0.36184812 0.07100906 0.07668043
v 0.34864758 0.09213995 0.00763884
v 0.32649096 0.37293974 0.16419825
v 0.36885485 0.21721934 -0.04989654
v 0.31091175 0.47182538 0.14724054
v 0.30533895 0.43430973 -0.18578007
v 0.29831207 0.46962157 -0.12201666
v 0.37554284 0.14163852 0.02112259
v 0.31365489 0.51549548 -0.12481299
v 0.29485784 0.50613767 -0.11350157
v 0.29469720 0.50135200 0.12261616
v 0.26305622 0.57705064 0.02373494
v 0.33502732 0.15834046 0.10643290
v 0.29955637 0.50144722 0.12260032
v 0.37468829 0.51921321 0.00302866
v 0.30061957 0.57948920 -0.08161188
v 0.30633185 0.55749312 -0.07268893
v 0.23936321 0.58110094 -0.04788214
v 0.29906558 0.52737613 -0.07671361
v 0.29326836 0.54785560 0.05338940
v 0.31478192 0.54358302 0.04547045
v 0.32195177 0.51736667 0.10824574
v 0.28039247 0.57365226 -0.02789909
v 0.35087217 0.52210157 0.06493685
v 0.37296311 0.52252182 0.01188203
v 0.33750318 -0.51632567 0.08414996
v 0.69946156 -0.21345260 0.15758364
v 0.34192939 0.17704838 -0.04688993
v 0.37024529 0.09321320 0.02216559
v 0.70676081 -0.22458338 0.24752316
v 0.34535124 -0.45263529 0.05236449
v 0.33092800 -0.28316207 -0.00415437
v 0.34043465 -0.43381307 0.03727480
v 0.33146820 -0.45252818 0.02731142
v 0.32635396 -0.24342711 -0.00982508
v 0.32975635 -0.14716536 -0.04919858
v 0.51558269 -0.06770164 0.07408118
v 0.44557170 0.00910883 0.06034555
v 0.56105126 -0.12061030 0.13039341
v 0.33168061 -0.15553665 -0.05445666
v 0.49446484 -0.02271821 0.00725235
v 0.33575268 0.11359098 -0.00327370
v 0.54621963 -0.04403191 0.01755243
v 0.53305948 -0.03267413 0.01737625
v 0.38695725 0.05278650 -0.00233637
v 0.33699699 -0.22492770 -0.05116486
v 0.47221835 -0.00443982 0.06632861
v 0.32505424 0.05908643 0.03808783
v 0.32766509 -0.14898925 -0.03289851
v 0.30700267 0.00074649 0.05096898
v 0.38113747 0.11323603 -0.06001263
v 0.51114468 -0.09246647 0.11403384
v 0.32081671 -0.05526255 -0.05328707
v 0.41113604 0.01707909 0.05270243
v 0.32087302 0.08217041 -0.03757990
v 0.34176483 -0.04596621 -0.08744146
v 0.33615395 0.08544769 0.00427832
v 0.31553646 -0.05515823 -0.05857085
v 0.37619621 0.05660765 0.06461629
v 0.31451479 0.02784534 -0.12759660
v 0.38189926 0.13458297 -0.03578972
v 0.31888138 0.01006259 0.00767321
v 0.31807186 0.06149969 0.03308341
v 0.33519884 0.06971049 -0.11920316
v 0.39822429 0.07289893 0.02571188
v 0.30401757 0.05556326 -0.07450490
v 0.33502300 0.07809985 -0.11595504
v 0.34905642 0.15070124 -0.01884604
v 0.32482307 0.10225899 0.05294791
v 0.45438184 -0.02406220 0.03658456
v 0.35388810 0.11377731 0.01809290
v 0.31146341 0.22069225 -0.14600438
v 0.47118987 0.00661897 0.11460415
v 0.39747332 0.11591961 -0.02392178
v 0.37681854 0.04474715 0.02355877
v 0.32280741 0.14539267 0.04547518
v 0.33970310 0.11373700 0.07951150
v 0.47888282 0.08984354 -0.03993516
v 0.46655262 0.19831480 -0.03969331
v 0.36420791 0.14862772 -0.02022655
v 0.39164415 0.17008184 -0.01304960
v 0.31885192 0.30548510 -0.13584114
v 0.34497288 0.14841301 0.07325656
v 0.34252674 0.19430978 0.09833577
v 0.35330055 0.08736117 0.09599202
v 0.35407902 0.22862679 0.08036186
v 0.40763830 0.24135132 -0.08593368
v 0.34347627 0.33947143 0.13511919
v 0.34144350 0.20517110 0.11522550
v 0.43559392 0.22363845 -0.07333026
v 0.31832538 0.34770219 -0.14454083
v 0.40876324 0.25898273 -0.07449855
v 0.34818814 0.22552932 -0.07825311
v 0.38076233 0.23940004 0.12190075
v 0.35428170 0.35244068 -0.12551059
v 0.34610940 0.44728594 0.14607705
v 0.32392593 0.44773516 0.14834692
v 0.50751741 -0.06932650 0.04585012
v 0.32191481 0.51011822 -0.07640721
v 0.37982058 0.50857396 -0.00670966
v 0.31320162 0.52191663 -0.12186526
v 0.32688444 0.51641262 0.09157253
v 0.34931189 0.35499221 0.14530079
v 0.33202807 0.47345089 -0.10052265
v 0.30874129 0.54900690 0.06597142
v 0.35291368 0.51857231 0.08937926
v 0.29974205 0.54928305 -0.03317850
v 0.34335152 0.49901019 -0.06465395
v 0.54000121 -0.08718573 0.12667899
v 0.36142051 0.52034459 0.04104654
v 0.35031720 0.53083516 -0.00763026
v 0.29553514 0.55826406 0.01511213
v 0.37602913 0.52376039 -0.00620563
v 0.36267908 0.08840232 0.09220553
v 0.37988311 0.05158098 0.03265342
v 0.41696464 0.07230655 0.03169784
v 0.35397856 0.11622239 0.06091397
v 0.48564990 0.00775631 0.16459099
v 0.39624618 0.17134335 -0.02616647
v 0.33798765 0.18014894 0.05109095
v 0.38997836 0.21825130 0.06008742
v 0.43208222 0.09838334 0.09413887
v 0.39903452 0.20545535 -0.07217045
v 0.40611338 0.13413561 -0.02083253
v 0.35822129 0.18612986 0.05440523
v 0.39708529 0.23253558 0.10672710
v 0.38629608 0.23983936 0.10052379
v 0.36737172 0.15630914 0.13211203
v 0.35628458 0.22983358 0.15135619
v 0.38359931 0.27613752 -0.05197837
v 0.35600137 0.23481371 0.07334590
v 0.38839763 0.25905914 0.13826965
v 0.33588601 0.30038690 0.15411608
v 0.32602312 0.27721875 0.14447724
v 0.40335853 0.07764017 -0.03392428
v 0.40945352 0.11632389 -0.04954406
v 0.36955983 0.29400726 -0.10216391
v 0.39628927 0.15862988 -0.06549708
v 0.37616632 0.24287995 0.11673514
v 0.37377245 0.28085075 0.13089409
v 0.32243595 0.32269033 0.12309707
v 0.36085384 0.29272800 0.13451209
v 0.34572779 0.36174007 -0.12402392
v 0.39284116 0.30126724 -0.07241274
v 0.39351557 0.31654735 -0.06660664
v 0.32935459 0.30596226 0.12364237
v 0.36036531 0.32817951 0.14485321
v 0.35193425 0.34246954 0.15176331
v 0.38597356 0.33934069 0.16085282
v 0.35880545 0.36738170 0.15499187
v 0.38007949 0.27859491 0.13403643
v 0.38335983 0.36841197 0.16387845
v 0.40449617 0.39151528 0.14025937
v 0.37120411 0.37752722 -0.10030485
v 0.36236483 0.39419681 -0.11640237
v 0.40342163 0.39334231 -0.09637704
v 0.39595966 0.37358694 -0.08488349
v 0.38020411 0.37416637 0.15416254
v 0.38419935 0.42103113 -0.09502330
v 0.37622787 0.45188824 -0.07936524
v 0.35260437 0.48822984 0.11112861
v 0.38765945 0.45513613 0.11272142
v 0.40650994 0.50115267 -0.00632013
v 0.44938046 0.02026811 -0.01297782
v 0.33461270 0.54070894 0.06017077
v 0.35818356 0.52378880 0.07375506
v 0.36723268 0.53467536 0.00360556
v 0.37064661 0.50662243 0.08799289
v 0.43108240 0.02510481 0.00316301
v 0.44388854 0.11641859 0.00289349
v 0.39923158 0.09201535 0.09872131
v 0.48951160 -0.03790386 0.02980297
v 0.43954818 0.06359375 0.14966479
v 0.42476027 0.01630212 0.06830608
v 0.39068721 0.26514994 -0.06840221
v 0.42509244 0.10647731 -0.00122957
v 0.47493211 0.01895255 0.09228455
v 0.38774972 0.14358671 0.03227082
v 0.42100980 0.12672673 0.03326691
v 0.38108349 0.26389573 0.11462060
v 0.40187580 0.15196875 0.05307939
v 0.39836928 0.17687727 0.01042931
v 0.38238867 0.15818043 0.02060690
v 0.34551711 0.23300707 0.14420360
v 0.40872594 0.20289840 0.13371382
v 0.42229147 0.17131048 0.01345014
v 0.38837835 0.14396047 0.05356568
v 0.38477345 0.21703441 0.09830407
v 0.35220550 0.28186257 0.15150697
v 0.42100936 0.15630793 0.15917540
v 0.44962333 0.08392841 0.16834736
v 0.40430342 0.23787644 0.12716473
v 0.39257027 0.20509396 0.02613880
v 0.43104196 0.24822755 -0.07007940
v 0.40514269 0.19744488 0.11976638
v 0.43484168 0.11070554 0.08909498
v 0.40910017 0.21063833 0.16203588
v 0.41944222 0.13070055 0.15128902
v 0.40591412 0.23797156 0.16433793
v 0.42944497 0.37693025 -0.08726126
v 0.40619556 0.27127383 0.16925294
v 0.41840811 0.28942149 -0.08697932
v 0.40343668 0.26252561 0.16142675
v 0.40275306 0.22674926 0.17295841
v 0.43773484 0.40567107 -0.05075744
v 0.40357801 0.34881183 -0.08585598
v 0.45666943 0.17133904 0.16421677
v 0.41390708 0.34996631 0.13767776
v 0.45195118 0.20271558 0.15329450
v 0.41305154 0.30055847 -0.07893684
v 0.37081581 0.42027002 0.14964127
v 0.35527085 0.47944342 -0.09264087
v 0.43077740 0.38033083 -0.06066218
v 0.38214024 0.33134051 0.16909522
v 0.41083974 0.39355154 0.12988885
v 0.35707047 0.41181533 0.14967742
v 0.35897419 0.47653984 0.12927468
v 0.40879081 0.41884691 -0.06691087
v 0.46815961 0.35710819 -0.03367367
v 0.44052840 0.43541704 -0.04791422
v 0.45231902 0.40378595 -0.06225785
v 0.43300754 0.42657526 -0.03060930
v 0.37490575 0.51262755 0.03434715
v 0.39428973 0.50010697 0.06083189
v 0.40904237 0.46906535 0.09411130
v 0.36683983 0.48996744 0.11232763
v 0.41778784 0.47287922 -0.01963342
v 0.41957868 0.48643217 -0.02121057
v 0.41535894 0.08710895 -0.04123449
v 0.47797265 -0.03618311 0.04734603
v 0.47087800 0.01360665 0.14517385
v 0.58447024 -0.12684880 0.09508026
v 0.41489466 0.05121000 0.08986204
v 0.41557909 0.12848712 -0.01643441
v 0.53135251 -0.04695784 0.19004396
v 0.43812648 0.03935876 0.07232292
v 0.45242566 -0.00497492 0.00747602
v 0.42471716 0.12992134 0.03543465
v 0.44320838 0.09751576 0.10528271
v 0.41984363 0.17645938 0.10569921
v 0.42494203 0.15425728 -0.07330788
v 0.46964403 0.07347362 -0.03130449
v 0.42176271 0.16041178 0.11447596
v 0.40934649 0.18619857 0.10857947
v 0.47749174 -0.01049538 0.13307661
v 0.45269399 0.18143606 -0.02108695
v 0.43115635 0.12694691 0.02598744
v 0.47509854 0.05106167 0.17267661
v 0.42593070 0.09063904 -0.00171264
v 0.40573803 0.22764446 -0.04478007
v 0.44513050 0.25212895 -0.07382400
v 0.45464763 0.30601692 -0.08628679
v 0.46459113 0.17469487 -0.06455716
v 0.42284083 0.26733643 -0.05989428
v 0.46375862 0.28503144 -0.06806943
v 0.48135570 0.35537788 -0.01450136
v 0.40604654 0.31603881 0.16101557
v 0.44243561 0.33984128 -0.06766451
v 0.43230239 0.34807571 -0.06149065
v 0.42233221 0.31617182 0.14844469
v 0.44838055 0.33428054 0.14007674
v 0.46915764 -0.00040006 0.09873862
v 0.47952500 0.14411363 -0.03722585
v 0.50245524 0.33310241 0.00066146
v 0.40971586 0.41158741 -0.09036472
v 0.41696828 0.38571331 -0.08378589
v 0.39707392 0.41929551 -0.08649866
v 0.40631723 0.47644340 0.00959129
v 0.46174294 0.41454678 0.05233374
v 0.40796531 0.44330534 -0.04188138
v 0.40961414 0.41544807 0.12215338
v 0.43627166 0.38662691 0.13323665
v 0.38459458 0.49442315 -0.03352237
v 0.44237166 0.42947078 -0.00775706
v 0.44151561 0.40492104 0.11124550
v 0.44117446 0.42667458 0.10099258
v 0.37287566 0.49160002 0.09291273
v 0.39141284 0.51313400 0.01853417
v 0.43145294 0.45454470 -0.00430908
v 0.40495894 0.47219913 0.07549276
v 0.45723911 0.42997302 0.05772514
v 0.44257251 0.43354941 0.06229149
v 0.52399148 0.29907842 0.13294869
v 0.43066679 0.43364369 0.08800246
v 0.43162584 0.46034519 0.01413333
v 0.40648157 0.48843260 0.06608951
v 0.44118518 0.05131397 -0.03130740
v 0.46257239 0.02573371 0.16313042
v 0.60298265 -0.11874558 0.21272552
v 0.48570770 -0.03326096 0.11240717
v 0.43651189 0.11428154 0.11042006
v 0.67927390 -0.17377024 0.26412385
v 0.46110125 0.04335631 0.08402544
v 0.52732447 0.02475873 0.19311359
v 0.46275496 0.06448606 0.08740271
v 0.43004620 0.09638801 0.14582303
v 0.44874969 0.10870131 0.10349386
v 0.43397300 0.09945947 0.16019140
v 0.48750705 0.10640954 0.16854345
v 0.58752486 -0.12601761 0.19879381
v 0.45600937 0.23805607 -0.05331404
v 0.52076729 0.17908297 0.17527350
v 0.51319498 0.16237319 0.18109711
v 0.50022990 0.09607160 -0.01783477
v 0.49790949 -0.04790733 0.02979460
v 0.47548982 0.15423972 0.17134500
v 0.43764226 0.15318112 0.02029147
v 0.49786441 -0.04376442 0.04702901
v 0.48562072 0.26240619 -0.05136958
v 0.46780931 0.26174360 -0.05742687
v 0.49000166 0.19091700 -0.04298828
v 0.43139598 0.26107863 0.14825139
v 0.46321873 0.28948659 0.15207222
v 0.46845301 0.14886483 0.15953480
v 0.41734378 0.27331543 -0.05577694
v 0.47994352 0.25296832 0.16132047
v 0.50268757 0.21227020 0.17717380
v 0.51266190 0.26782197 0.15328302
v 0.48731218 0.31156616 -0.04849841
v 0.47741738 0.34405361 0.12711866
v 0.46635788 0.32949230 -0.05199704
v 0.45372948 0.38711067 -0.04294679
v 0.47523605 0.31681328 -0.06445317
v 0.51133738 0.32680682 -0.01045345
v 0.45446106 0.40206977 0.11444569
v 0.51044189 0.29962501 -0.01889499
v 0.45273556 0.40682915 0.11228037
v 0.46053996 0.40449589 -0.02755657
v 0.48547937 0.39697682 0.05295467
v 0.47169758 0.41081563 0.04057561
v 0.45204588 0.42885045 -0.00605109
v 0.59452401 -0.10733142 0.21740609
v 0.52179577 -0.06332296 0.17473337
v 0.59027050 -0.08498410 0.05427523
v 0.47344536 0.00617556 0.07684985
v 0.58140495 -0.06284865 0.03673100
v 0.53329691 0.13181764 -0.02367379
v 0.49435751 0.18785011 0.18040055
v 0.49640971 0.20276860 0.17183992
v 0.45745299 0.23373389 -0.06916818
v 0.48818215 0.29258874 -0.04209948
v 0.48529591 0.36998286 -0.01025157
v 0.48426666 0.37117760 0.07821436
v 0.48028971 0.35984208 0.12657780
v 0.48887655 0.38022635 0.05526140
v 0.45284562 0.35688593 0.13912208
v 0.46190028 0.39754103 -0.00450161
v 0.49651683 0.35518541 0.07871592
v 0.46470479 0.39146827 -0.00755284
v 0.47801432 0.39073350 0.04453411
v 0.57454341 -0.08282152 0.06295457
v 0.51729906 -0.07556704 0.14454538
v 0.54807356 -0.08183574 0.07453141
v 0.54801578 -0.02104214 0.01415827
v 0.55425305 -0.10532916 0.17024435
v 0.61952569 -0.15592997 0.12472417
v 0.60583820 -0.12861081 0.08563878
v 0.53645528 -0.06064900 0.17106712
v 0.58787449 -0.10384730 0.07731090
v 0.55346347 -0.02801324 0.21006713
v 0.57141956 -0.01168166 0.21689261
v 0.51826212 0.05467307 -0.01394066
v 0.53512280 0.07765928 -0.02017826
v 0.54638390 0.03004819 0.21323850
v 0.51148425 0.15159631 0.19132935
v 0.54688643 0.08327618 0.20749980
v 0.70056789 0.01989499 0.05182106
v 0.51731653 0.21611687 -0.04163302
v 0.53998127 0.15391919 -0.02939898
v 0.55520983 0.28092851 0.14110540
v 0.56374591 0.25905338 0.13911181
v 0.57948698 0.26827082 0.03588510
v 0.57338462 0.26986471 0.04914741
v 0.54007328 0.20862947 0.15915511
v 0.52196225 0.20883530 -0.02745127
v 0.67706283 0.13427002 0.17868129
v 0.52403312 0.34956712 0.04894796
v 0.50651829 0.35529161 0.04645832
v 0.49263349 0.36940345 0.08804268
v 0.51157606 0.32395278 0.12516682
v 0.53206236 0.33709554 0.05690957
v 0.53768465 0.29294840 0.14042363
v 0.48901425 0.35158512 0.11203803
v 0.53692834 -0.08346107 0.14967649
v 0.65119097 -0.18760490 0.20738534
v 0.56081143 0.00410641 0.20304101
v 0.53828356 -0.02412987 0.18469909
v 0.61071771 0.02972055 0.00607621
v 0.54359221 -0.02340803 0.00717564
v 0.56103966 -0.00245448 0.22026824
v 0.61479109 -0.09138349 0.23684877
v 0.58422557 0.00085643 0.22229296
v 0.53421945 0.14078487 -0.03224412
v 0.58729346 0.04346463 0.21861379
v 0.61849041 0.02971783 0.01664231
v 0.54708169 0.07648898 0.20478547
v 0.57699071 0.06968615 -0.00274278
v 0.56908587 0.15942019 0.17837394
v 0.57046077 0.23085497 0.00356254
v 0.52265521 0.31309420 0.08575821
v 0.67379026 -0.14026053 0.25481938
v 0.56056421 0.26147413 0.02058127
v 0.54266110 0.30653687 0.03886402
v 0.57007550 0.29079577 0.05090721
v 0.52691524 0.32091763 0.08620820
v 0.53670024 0.29817611 0.12380552
v 0.55495435 0.27718008 0.12235485
v 0.53978271 0.32161185 0.03669296
v 0.54205020 0.31144222 0.05762510
v 0.60605382 -0.15461648 0.14043390
v 0.62453756 -0.04715002 0.02775138
v 0.61765967 -0.17666260 0.15977115
v 0.63704629 -0.16900842 0.22780713
v 0.64084445 0.03234919 0.19141000
v 0.63196537 -0.17038062 0.12338300
v 0.65355831 -0.15154083 0.25076558
v 0.57122742 0.08827907 -0.01439401
v 0.61598893 -0.00391646 0.03029683
v 0.62184095 0.06550821 0.18802330
v 0.67458857 0.09497392 0.20598397
v 0.70082405 -0.22260217 0.15834473
v 0.55812017 0.09681929 0.19733702
v 0.55113036 0.29251204 0.11464147
v 0.52549196 0.32174411 0.12409152
v 0.57478771 0.15092015 0.17213523
v 0.55553171 0.20205833 -0.00355546
v 0.65249710 0.11974957 0.17873790
v 0.57130318 0.25539714 0.13871180
v 0.59091135 0.14306566 0.18225487
v 0.60225753 0.22140472 0.03629230
v 0.60946744 0.21801000 0.08181595
v 0.60114591 0.15936991 0.01502547
v 0.61159288 0.20224546 0.08280539
v 0.60297984 0.17819887 0.17335709
v 0.58776596 0.26325757 0.04698438
v 0.58468534 0.24150461 0.08188204
v 0.61602156 0.21212097 0.05959980
v 0.66556470 -0.18238608 0.13608142
v 0.63471718 -0.17816167 0.18538753
v 0.59997874 -0.13216678 0.10285006
v 0.72923295 -0.21949795 0.28318722
v 0.66489493 -0.17900889 0.24052155
v 0.68367108 -0.21395063 0.24648590
v 0.70863223 -0.12619757 0.25251585
v 0.64847478 -0.16579955 0.11033659
v 0.71910520 -0.23395602 0.19690096
v 0.61267972 -0.08951800 0.22606536
v 0.60399648 -0.02217256 0.21842250
v 0.54056007 -0.07487688 0.05165232
v 0.62654225 -0.02605532 0.04264440
v 0.60209649 0.02427762 0.21469696
v 0.58458528 0.04706785 0.20204662
v 0.71178802 -0.23240944 0.26116998
v 0.61197562 0.21525212 0.02906286
v 0.60548082 0.19469904 0.15826762
v 0.59317044 0.07179985 0.20723832
v 0.66177506 0.09812246 0.03124143
v 0.60475009 0.06515330 0.20080536
v 0.65649869 0.03745250 0.01806660
v 0.63164751 0.16829645 0.02335275
v 0.64302910 0.15394952 0.04931077
v 0.61574888 0.21535296 0.13112097
v 0.62262433 0.18323931 0.04691449
v 0.57762295 0.24901793 0.11464608
v 0.61794457 0.20833566 0.09741389
v 0.66515619 -0.12348876 0.24163419
v 0.68792044 0.08588805 0.20648736
v 0.59288181 0.24331862 0.14535444
v 0.63349294 0.18642771 0.14821805
v 0.65079944 0.13545118 0.18505306
v 0.58324863 0.26001928 0.13474219
v 0.70499647 -0.17345006 0.11676022
v 0.69558141 -0.07631912 0.23604499
v 0.61626665 -0.01699154 0.02876467
v 0.64275027 -0.19233450 0.19402590
v 0.68001072 -0.22091080 0.19667392
v 0.66474461 0.04352754 0.03408799
v 0.62472693 -0.11243319 0.07421388
v 0.64202533 -0.02830833 0.02820164
v 0.60943454 0.09927103 0.00515926
v 0.67752485 -0.05892533 0.05309770
v 0.66127408 -0.06323570 0.06036521
v 0.67100673 -0.00661412 0.20768233
v 0.63845333 0.03724340 0.19772501
v 0.62379189 0.03463361 0.22382716
v 0.66327560 -0.02431623 0.21781002
v 0.67401083 0.00251472 0.03307395
v 0.77328255 -0.24355706 0.18856172
v 0.64305787 0.05048592 0.21344961
v 0.64373044 0.07549434 0.18451258
v 0.66241269 0.09883916 0.02083198
v 0.69947744 0.05872864 0.20317456
v 0.62703021 0.18960609 0.10340321
v 0.65887367 0.13328946 0.05667697
v 0.77873543 -0.21245392 0.31174899
v 0.67756498 0.07973273 0.20380092
v 0.63738981 0.20322139 0.12335972
v 0.65254929 0.16004957 0.07373511
v 0.70572583 -0.22919865 0.21374488
v 0.73567518 -0.24780011 0.23375438
v 0.73758743 -0.23628557 0.16754274
v 0.65718514 -0.15663108 0.24534324
v 0.72292173 -0.24459778 0.20253559
v 0.71810487 -0.22120444 0.14994283
v 0.71510731 -0.11664516 0.07986164
v 0.73850675 -0.19322191 0.12004041
v 0.72128424 0.06343803 0.05525070
v 0.68050155 0.11701476 0.05369940
v 0.68430290 0.11249514 0.07047190
v 0.68993517 0.12076552 0.15864251
v 0.72118489 0.08347555 0.18605283
v 0.71041517 0.10183601 0.07084918
v 0.68910352 0.13803226 0.12711426
v 0.65887399 0.13221787 0.17840611
v 0.73483036 0.10023604 0.13609084
v 0.65156766 0.18632074 0.14475695
v 0.72246690 0.10205049 0.17828369
v 0.75981309 -0.26657581 0.23602459
v 0.73032830 -0.24617015 0.26801777
v 0.71983529 -0.21460547 0.28605600
v 0.72287465 -0.19247084 0.11739708
v 0.69722926 -0.07581765 0.22862405
v 0.73829804 -0.09781254 0.08569170
v 0.70006408 0.02562699 0.03961167
v 0.72660312 0.01422503 0.22475894
v 0.71134504 0.03716241 0.04938578
v 0.71049678 0.05810492 0.06616365
v 0.77342059 -0.08562442 0.09680450
v 0.73727405 -0.02606577 0.24637048
v 0.67186500 0.10387254 0.03700270
v 0.70066988 0.09280456 0.17985152
v 0.73601251 0.07807468 0.08972735
v 0.73433640 0.08859938 0.12089905
v 0.70084575 0.05348113 0.21610100
v 0.70119750 0.11278516 0.15217017
v 0.66490907 0.08623890 0.02705476
v 0.71833528 0.09054994 0.11215098
v 0.75275548 0.06815803 0.15278460
v 0.68917142 0.14771518 0.11961441
v 0.73950621 0.07243429 0.16134687
v 0.67732935 0.14657721 0.16418788
v 0.69816824 0.13975771 0.12286510
v 0.68718346 0.13912920 0.13942989
v 0.71063264 0.12318312 0.15725332
v 0.79959308 -0.25359725 0.17206889
v 0.77659281 -0.23820361 0.15447443
v 0.69298715 -0.14442945 0.24818385
v 0.80004727 -0.23352625 0.15520579
v 0.75460972 -0.24970504 0.27592875
v 0.75410560 -0.21133723 0.29465737
v 0.75277307 -0.16597252 0.26488500
v 0.74620835 -0.16773897 0.27272987
v 0.76557227 -0.17475057 0.10934649
v 0.76255240 -0.07724108 0.26378695
v 0.77399846 -0.18488118 0.12411352
v 0.73715589 -0.02808498 0.23600634
v 0.82462502 -0.23507761 0.14635449
v 0.76388566 0.02330429 0.10790004
v 0.77818352 -0.09290586 0.26537903
v 0.73441874 0.05769983 0.09083353
v 0.70908627 0.02868885 0.21508316
v 0.78669517 -0.00851246 0.21663800
v 0.69307348 0.11606642 0.09444563
v 0.75105721 0.04007410 0.19636623
v 0.72912891 0.05642282 0.21117596
v 0.72473883 0.09997694 0.17079047
v 0.83326689 -0.28705609 0.24680682
v 0.73302055 0.08645195 0.17104322
v 0.76610182 -0.26113672 0.23654069
v 0.81020709 -0.25678305 0.17105303
v 0.87487497 -0.33656725 0.27685447
v 0.80237410 -0.28024587 0.23543314
v 0.77962795 -0.24730082 0.27735541
v 0.77739779 -0.19126378 0.29857800
v 0.79455641 -0.09990561 0.09758083
v 0.75437542 -0.09429654 0.08173679
v 0.76968524 -0.06375166 0.25039727
v 0.83156484 -0.08272752 0.25810218
v 0.80463898 0.00559773 0.16296567
v 0.72811003 0.01169234 0.06756671
v 0.80391575 -0.11125825 0.27317887
v 0.76102233 0.01174602 0.21436579
v 0.77713261 0.02802701 0.11956741
v 0.75887503 0.04968251 0.15242502
v 0.78697160 0.01395710 0.16725517
v 0.80348218 -0.00571820 0.20663644
v 0.80751119 -0.01271217 0.17954085
v 0.76744914 0.03035762 0.12533076
v 0.77088234 0.04634425 0.15996184
v 0.76416827 0.04194074 0.19222540
v 0.76745189 0.01267683 0.22190106
v 0.75028489 0.06785555 0.16947283
v 0.81828413 -0.23077354 0.15214016
v 0.87353890 -0.26708439 0.20675770
v 0.77649370 -0.14388531 0.10938606
v 0.84011885 -0.28760803 0.22664817
v 0.83408975 -0.30008052 0.24036017
v 0.81968901 -0.25330855 0.17754329
v 0.85725428 -0.22391064 0.14822451
v 0.87494546 -0.23745519 0.32636810
v 0.81610137 -0.17323891 0.12108607
v 0.82720945 -0.18993905 0.30444357
v 0.80437249 -0.16527289 0.28285758
v 0.81391300 -0.02540763 0.15833668
v 0.84673163 -0.30347218 0.23961377
v 0.76862580 -0.04523847 0.24389037
v 0.78967676 -0.02676918 0.10135237
v 0.79397613 -0.00524379 0.11503850
v 0.79995041 -0.02659599 0.12162973
v 0.83554364 -0.05939223 0.13550680
v 0.84522355 -0.06481734 0.22173881
v 0.80824001 -0.03756648 0.22615700
v 0.79963957 -0.00566366 0.15176838
v 0.85626784 -0.12254084 0.28032820
v 0.85674181 -0.10707749 0.14930750
v 0.89617841 -0.34054001 0.24556368
v 0.92031248 -0.26218571 0.21123412
v 0.86690144 -0.18460067 0.30603132
v 0.84133865 -0.27649952 0.28982404
v 0.80746270 -0.23914212 0.29443617
v 0.82324323 -0.22733921 0.31660716
v 0.86572414 -0.20577923 0.15306082
v 0.85750794 -0.25873856 0.31751752
v 0.87840640 -0.26540682 0.19804958
v 0.85507192 -0.23620972 0.16820933
v 0.87541673 -0.22530099 0.15849842
v 0.83476611 -0.11001773 0.12073531
v 0.78456244 -0.10506119 0.27688664
v 0.82363905 -0.10274833 0.12370290
v 0.89295925 -0.10755306 0.21324412
v 0.81748656 -0.06056685 0.12462463
v 0.83293298 -0.05920468 0.23877823
v 0.89296632 -0.14436528 0.16743299
v 0.82530056 -0.09064749 0.25413191
v 0.88444821 -0.15502696 0.29873970
v 0.84575488 -0.07124439 0.17246240
v 0.88982701 -0.12185070 0.25550015
v 0.84827479 -0.05557041 0.20044824
v 0.81675019 -0.03483813 0.23123699
v 0.82310358 -0.02188422 0.17180889
v 0.83009938 -0.22045154 0.31322936
v 0.87210273 -0.31459857 0.32265886
v 0.86902751 -0.29496527 0.30856813
v 0.89207385 -0.28577495 0.35332082
v 0.87988019 -0.32724631 0.29071505
v 0.97486867 -0.27919283 0.24905829
v 0.89868533 -0.12397242 0.21939460
v 0.87102992 -0.14238831 0.28930358
v 0.86105865 -0.08382595 0.21003736
v 0.88042942 -0.12417178 0.15606890
v 0.87668327 -0.13642297 0.14720372
v 0.89388294 -0.13806829 0.17729877
v 0.86581794 -0.07293865 0.21176449
v 0.86850137 -0.09707040 0.23941471
v 0.84715501 -0.05800210 0.21769957
v 0.87574810 -0.10012134 0.22841316
v 0.88370682 -0.23196052 0.31928677
v 0.93870636 -0.30153314 0.23464471
v 0.88304535 -0.18566437 0.30493901
v 0.86339729 -0.19637409 0.14265251
v 0.91586740 -0.21833991 0.31005272
v 0.87187340 -0.18228282 0.31687780
v 0.88750200 -0.21543950 0.16786776
v 0.94385770 -0.23152263 0.24103242
v 0.90653388 -0.12033765 0.24010787
v 0.92680082 -0.19034707 0.28415570
v 0.87801630 -0.09621620 0.24654272
v 0.86704046 -0.12024620 0.28823126
v 0.94042615 -0.30791854 0.22441942
v 0.90877237 -0.33497199 0.23009531
v 0.95071626 -0.24579305 0.30571071
v 0.95946488 -0.25883444 0.31010284
v 0.96728489 -0.25654446 0.31010284
v 0.96337606 -0.26028108 0.31009909
v 0.96340487 -0.26026444 0.31010284
v 0.96337688 -0.26027157 0.31014811
v 0.96728489 -0.25635444 0.31025283
v 0.92253324 -0.19996104 0.28687246
v 0.92187954 -0.14533367 0.21793814
v 0.92073978 -0.15949630 0.23236167
v 0.91556842 -0.14932157 0.22787184
v 0.92430410 -0.17744931 0.27330258
v 0.93295767 -0.20149256 0.25257639
v 0.93583552 -0.18213586 0.23329704
v 0.91129372 -0.16904709 0.26889139
v 0.91077997 -0.14861078 0.20479890
v 0.90611654 -0.13601999 0.18172250
v 0.96085597 -0.23171943 0.24640942
v 0.91108244 -0.14579544 0.26245750
v 0.96956240 -0.25653629 0.30759595
v 0.98369245 -0.26433851 0.26580669
v 0.93685365 -0.21209117 0.22078996
v 0.96716248 -0.25121928 0.26256497
v 0.95393425 -0.22109943 0.29314569
v 0.97561251 -0.26124678 0.28948767
v 0.93616993 -0.26467423 0.34454226
v 0.96676727 -0.25368864 0.31183781
f 3 7 4
f 4 5 8
f 1 3 4
f 7 5 4
f 7 3 18
f 6 18 3
f 2 9 8
f 6 3 1
f 5 7 15
f 4 8 16
f 4 16 1
f 5 15 17
f 7 18 11
f 2 8 19
f 7 11 12
f 21 19 8
f 21 8 5
f 9 2 20
f 22 6 23
f 23 6 1
f 15 7 12
f 21 5 17
f 1 16 23
f 16 8 9
f 15 25 17
f 39 23 16
f 16 9 27
f 39 16 27
f 28 18 6
f 11 18 28
f 11 10 29
f 19 29 10
f 40 10 11
f 11 28 40
f 10 2 19
f 10 20 2
f 22 30 6
f 21 17 38
f 15 12 24
f 13 38 17
f 24 45 15
f 17 25 13
f 39 27 41
f 6 30 28
f 11 24 12
f 11 29 24
f 14 19 21
f 20 10 40
f 36 28 30
f 14 21 38
f 22 23 104
f 38 13 31
f 38 31 53
f 50 104 23
f 39 50 23
f 31 13 32
f 26 27 9
f 41 27 26
f 13 25 32
f 29 19 14
f 28 36 40
f 24 29 45
f 34 20 40
f 30 22 36
f 20 34 9
f 26 9 35
f 15 45 91
f 35 9 34
f 91 42 15
f 25 15 42
f 68 50 39
f 55 39 41
f 57 41 26
f 31 32 54
f 25 42 32
f 60 55 41
f 41 57 60
f 29 14 46
f 61 38 87
f 45 29 46
f 61 14 38
f 22 104 48
f 38 53 87
f 35 34 37
f 53 31 54
f 68 104 50
f 26 35 57
f 55 68 39
f 94 68 55
f 32 56 59
f 32 42 56
f 60 57 58
f 22 51 36
f 34 40 47
f 64 46 14
f 36 51 40
f 45 46 64
f 86 51 22
f 87 99 61
f 22 48 86
f 67 91 45
f 104 86 48
f 35 37 65
f 93 87 53
f 93 53 54
f 57 35 65
f 42 91 70
f 57 65 58
f 83 54 32
f 54 83 93
f 94 55 96
f 32 59 83
f 73 79 72
f 74 75 80
f 75 76 77
f 72 75 77
f 74 55 78
f 75 74 78
f 80 55 74
f 80 75 72
f 75 78 76
f 81 55 82
f 80 72 79
f 76 78 81
f 78 55 81
f 76 81 82
f 82 77 76
f 73 77 82
f 73 82 79
f 73 72 77
f 55 60 79
f 82 55 79
f 60 58 79
f 64 14 90
f 47 40 51
f 90 14 99
f 14 61 99
f 47 89 84
f 34 47 84
f 37 34 84
f 45 64 67
f 86 104 66
f 66 104 100
f 128 87 93
f 65 37 88
f 68 94 104
f 58 65 121
f 94 95 107
f 42 70 69
f 55 80 96
f 56 42 59
f 109 59 42
f 96 80 79
f 79 43 96
f 138 83 59
f 51 89 47
f 79 58 71
f 51 86 89
f 98 64 90
f 86 66 89
f 87 128 99
f 67 64 91
f 91 64 98
f 88 37 84
f 103 128 93
f 94 107 104
f 107 100 104
f 65 88 121
f 93 120 103
f 111 120 93
f 111 93 83
f 58 121 71
f 125 94 96
f 95 94 97
f 42 69 52
f 79 71 43
f 125 162 94
f 42 52 109
f 125 96 43
f 110 83 138
f 110 111 83
f 141 125 43
f 59 109 138
f 43 71 127
f 127 71 126
f 141 43 127
f 84 89 112
f 89 66 124
f 98 90 129
f 130 112 89
f 99 129 90
f 124 66 100
f 88 84 112
f 124 100 113
f 100 107 118
f 128 103 131
f 91 105 70
f 70 105 69
f 105 133 69
f 88 119 121
f 94 162 97
f 137 103 120
f 71 121 122
f 126 71 122
f 162 125 141
f 111 110 138
f 109 142 138
f 152 127 126
f 89 124 113
f 113 130 89
f 128 129 99
f 91 98 129
f 91 129 105
f 113 143 130
f 112 145 88
f 100 118 113
f 118 107 113
f 107 136 113
f 107 97 136
f 97 107 95
f 139 69 133
f 121 119 117
f 121 117 122
f 69 139 52
f 97 162 161
f 52 139 140
f 157 120 111
f 117 126 122
f 157 111 138
f 109 52 140
f 152 126 123
f 144 105 129
f 143 145 130
f 129 128 173
f 143 113 101
f 130 145 112
f 105 144 133
f 173 128 131
f 136 155 113
f 119 88 145
f 113 155 101
f 137 131 103
f 119 145 146
f 139 133 149
f 137 120 157
f 117 119 146
f 155 136 97
f 97 155 135
f 155 97 161
f 135 155 97
f 123 117 146
f 126 117 123
f 157 138 163
f 140 164 109
f 150 162 141
f 162 150 166
f 109 164 142
f 169 138 142
f 142 151 169
f 163 138 169
f 141 127 150
f 150 127 165
f 152 165 127
f 129 173 144
f 145 143 178
f 133 144 149
f 131 114 173
f 131 137 157
f 102 101 155
f 131 157 114
f 158 146 172
f 197 139 149
f 155 198 102
f 114 157 159
f 198 155 161
f 158 148 146
f 223 161 162
f 123 186 185
f 152 123 185
f 164 167 142
f 159 157 163
f 187 152 185
f 152 187 153
f 142 167 209
f 163 169 159
f 159 169 206
f 168 166 150
f 212 150 165
f 209 151 142
f 165 152 171
f 152 153 171
f 102 195 101
f 149 144 154
f 178 143 92
f 145 178 146
f 154 144 173
f 92 143 132
f 143 101 132
f 149 154 213
f 194 178 92
f 199 173 114
f 146 178 172
f 177 101 132
f 177 132 101
f 132 101 195
f 158 156 148
f 198 195 102
f 139 197 203
f 123 146 148
f 114 159 147
f 123 148 186
f 198 161 223
f 140 139 203
f 188 164 140
f 147 159 181
f 223 162 166
f 166 205 223
f 181 159 170
f 168 205 166
f 170 159 189
f 164 188 167
f 159 206 189
f 187 234 153
f 185 234 187
f 168 150 208
f 191 153 234
f 212 208 150
f 151 209 211
f 151 206 169
f 171 153 191
f 206 151 233
f 165 171 191
f 213 154 173
f 149 213 197
f 132 195 92
f 213 173 199
f 158 218 180
f 172 178 158
f 174 218 158
f 178 174 158
f 178 194 174
f 92 195 249
f 156 158 180
f 148 156 180
f 215 199 114
f 197 200 203
f 148 180 186
f 188 140 203
f 186 180 190
f 181 215 114
f 114 147 181
f 260 188 250
f 185 186 193
f 181 170 204
f 186 190 193
f 167 188 260
f 209 167 260
f 185 193 234
f 194 92 174
f 168 208 232
f 206 233 189
f 208 212 232
f 232 212 236
f 209 210 211
f 191 234 192
f 211 214 151
f 212 165 191
f 233 151 214
f 212 191 236
f 197 213 200
f 249 217 92
f 174 92 217
f 213 199 215
f 180 218 221
f 195 198 223
f 223 205 228
f 223 228 195
f 195 228 249
f 202 180 221
f 190 180 202
f 204 215 181
f 203 200 250
f 248 215 252
f 188 203 250
f 215 204 252
f 252 204 230
f 204 256 230
f 170 256 204
f 189 256 170
f 240 234 193
f 240 193 190
f 189 235 257
f 189 233 235
f 189 257 256
f 192 234 264
f 236 168 232
f 234 240 264
f 211 210 265
f 211 265 214
f 236 191 192
f 233 214 239
f 192 264 241
f 239 235 233
f 213 243 200
f 266 236 192
f 266 192 241
f 218 174 216
f 215 220 213
f 174 217 216
f 224 218 216
f 221 251 202
f 221 218 251
f 220 247 213
f 218 224 251
f 248 220 215
f 220 248 247
f 251 226 227
f 252 247 248
f 270 228 205
f 202 251 227
f 230 247 252
f 202 227 190
f 205 168 258
f 260 250 183
f 247 230 225
f 227 184 190
f 210 209 261
f 227 226 286
f 227 286 184
f 168 254 258
f 230 256 257
f 288 281 230
f 240 190 184
f 209 260 261
f 230 257 288
f 168 289 254
f 289 168 236
f 264 240 184
f 265 210 267
f 291 236 266
f 241 264 266
f 235 239 336
f 216 217 249
f 213 244 219
f 213 247 244
f 224 216 246
f 249 228 270
f 297 213 219
f 219 244 247
f 243 297 200
f 243 213 297
f 269 249 270
f 251 246 274
f 160 219 247
f 224 246 251
f 247 225 160
f 200 282 250
f 270 205 374
f 226 274 255
f 258 374 205
f 274 226 251
f 250 282 183
f 286 226 255
f 230 281 225
f 260 183 261
f 280 281 288
f 263 288 329
f 267 210 261
f 267 261 319
f 184 286 207
f 329 288 257
f 264 184 207
f 262 289 236
f 291 262 236
f 214 265 267
f 266 264 293
f 257 235 328
f 264 207 268
f 257 328 329
f 239 214 336
f 264 268 292
f 292 293 264
f 216 249 295
f 336 328 235
f 246 216 295
f 249 269 295
f 200 297 282
f 219 160 351
f 274 246 295
f 295 222 274
f 269 270 295
f 280 160 225
f 255 274 222
f 278 376 296
f 278 296 304
f 358 229 345
f 296 378 308
f 392 296 307
f 304 296 308
f 225 281 280
f 282 261 183
f 261 282 320
f 255 238 286
f 306 309 393
f 307 285 314
f 304 313 384
f 254 259 258
f 316 280 312
f 259 374 258
f 374 259 254
f 304 308 313
f 311 306 393
f 314 285 315
f 286 238 207
f 311 287 284
f 285 263 315
f 285 312 263
f 312 280 263
f 280 288 263
f 321 207 284
f 318 315 263
f 284 287 321
f 329 318 263
f 290 289 262
f 267 319 231
f 287 331 321
f 321 331 207
f 207 292 268
f 292 207 331
f 267 231 333
f 214 267 333
f 329 328 490
f 214 333 336
f 266 293 335
f 266 335 291
f 484 291 335
f 335 293 292
f 334 336 333
f 413 335 292
f 292 331 413
f 330 336 334
f 328 336 490
f 576 335 413
f 237 344 323
f 341 350 342
f 106 85 323
f 85 237 323
f 63 85 340
f 63 340 416
f 85 346 116
f 416 85 63
f 49 44 303
f 85 196 346
f 85 116 340
f 49 303 201
f 303 420 325
f 62 416 340
f 303 325 201
f 346 340 116
f 300 245 346
f 201 339 49
f 245 340 346
f 342 350 362
f 270 275 295
f 347 196 85
f 350 62 340
f 339 201 325
f 368 365 362
f 366 341 342
f 219 351 297
f 325 420 422
f 340 245 368
f 295 275 353
f 343 282 351
f 280 298 160
f 342 369 366
f 282 297 351
f 295 353 222
f 282 343 373
f 278 351 160
f 270 374 275
f 345 276 353
f 276 222 353
f 376 285 307
f 371 358 345
f 278 343 351
f 371 345 353
f 278 160 298
f 278 298 376
f 222 310 255
f 285 379 380
f 343 278 373
f 345 302 276
f 302 345 229
f 285 376 379
f 222 276 310
f 302 305 310
f 276 302 310
f 298 280 380
f 376 298 380
f 306 310 305
f 278 304 384
f 384 373 278
f 358 371 229
f 296 376 307
f 392 378 296
f 302 229 305
f 238 255 391
f 305 309 306
f 376 380 379
f 380 280 385
f 306 311 388
f 255 310 391
f 320 282 373
f 307 314 392
f 305 229 309
f 393 372 381
f 285 380 385
f 280 316 385
f 388 310 306
f 310 388 391
f 308 378 327
f 393 309 372
f 393 381 394
f 394 395 393
f 316 285 385
f 261 320 322
f 312 285 316
f 374 254 401
f 319 261 322
f 238 391 388
f 313 407 384
f 313 308 327
f 395 311 393
f 551 314 400
f 314 315 400
f 311 395 287
f 311 284 388
f 287 395 405
f 207 238 388
f 207 388 284
f 322 313 319
f 407 313 322
f 313 327 319
f 290 254 289
f 401 254 290
f 400 315 318
f 405 406 287
f 406 331 287
f 231 326 319
f 318 329 480
f 319 326 231
f 329 324 480
f 331 406 413
f 332 262 484
f 262 291 484
f 231 485 333
f 327 411 319
f 324 329 490
f 484 335 620
f 330 490 336
f 576 620 335
f 134 344 237
f 106 33 44
f 344 338 323
f 33 106 323
f 271 44 49
f 44 323 338
f 303 44 176
f 348 134 237
f 85 348 237
f 44 33 323
f 347 85 106
f 338 176 44
f 348 497 134
f 417 106 44
f 338 344 176
f 271 49 352
f 417 44 271
f 347 106 494
f 416 497 85
f 348 85 497
f 420 176 273
f 176 420 115
f 303 115 420
f 271 352 349
f 176 115 303
f 62 367 416
f 347 360 196
f 352 49 421
f 349 355 424
f 357 196 360
f 422 419 325
f 349 421 355
f 359 370 62
f 62 350 359
f 300 346 357
f 349 352 421
f 369 342 362
f 341 359 350
f 346 196 357
f 369 365 366
f 365 341 366
f 359 341 365
f 325 242 425
f 49 339 421
f 325 425 339
f 300 357 433
f 421 434 355
f 419 242 325
f 369 362 365
f 340 368 350
f 368 362 350
f 368 359 365
f 368 363 359
f 421 339 434
f 300 433 354
f 245 300 354
f 435 357 426
f 355 337 586
f 245 354 447
f 434 339 427
f 355 434 337
f 433 357 435
f 448 245 447
f 435 426 440
f 447 433 435
f 242 419 425
f 368 442 363
f 447 354 433
f 425 175 339
f 447 435 430
f 337 434 272
f 440 439 435
f 435 441 443
f 442 368 245
f 339 175 356
f 427 339 356
f 442 245 448
f 419 432 425
f 447 399 448
f 434 427 445
f 435 439 441
f 443 430 435
f 441 430 443
f 272 434 445
f 447 430 299
f 425 432 507
f 275 374 371
f 449 441 182
f 275 371 353
f 430 441 449
f 374 401 371
f 309 371 387
f 397 458 372
f 401 383 371
f 373 384 320
f 473 378 392
f 229 371 309
f 551 390 314
f 390 466 473
f 387 397 372
f 381 372 458
f 381 458 375
f 466 390 551
f 375 395 381
f 371 474 397
f 384 407 320
f 474 371 383
f 392 390 473
f 551 400 469
f 387 389 309
f 390 392 314
f 387 372 389
f 389 372 309
f 394 381 395
f 471 478 404
f 322 320 407
f 378 317 327
f 469 400 468
f 468 400 471
f 472 406 395
f 398 477 472
f 406 405 395
f 400 396 471
f 400 318 396
f 478 471 396
f 477 406 472
f 406 477 482
f 408 383 401
f 327 317 411
f 396 318 480
f 569 474 402
f 396 480 478
f 478 480 487
f 566 478 487
f 401 290 402
f 231 319 411
f 482 486 406
f 290 262 402
f 480 324 487
f 411 485 231
f 411 410 485
f 402 332 569
f 262 332 402
f 479 482 477
f 413 406 617
f 487 324 488
f 569 332 484
f 333 414 334
f 324 490 488
f 413 617 492
f 492 576 413
f 106 417 494
f 134 386 579
f 494 415 347
f 494 417 418
f 357 360 377
f 386 134 497
f 273 344 496
f 623 386 497
f 347 415 360
f 344 273 176
f 271 349 417
f 273 585 420
f 367 497 416
f 367 623 497
f 418 417 349
f 355 586 424
f 426 357 377
f 367 62 370
f 363 498 359
f 498 370 359
f 423 419 422
f 426 436 440
f 586 437 584
f 419 423 432
f 441 506 182
f 441 439 440
f 506 441 440
f 432 423 515
f 586 337 437
f 425 507 175
f 442 510 363
f 272 504 337
f 510 442 448
f 175 507 356
f 508 363 510
f 399 447 299
f 432 179 507
f 399 450 448
f 450 510 448
f 430 523 299
f 449 523 430
f 507 179 444
f 427 356 462
f 361 510 450
f 299 523 399
f 504 272 512
f 510 361 526
f 399 446 450
f 462 356 521
f 356 507 521
f 399 536 446
f 427 462 445
f 449 253 523
f 507 444 460
f 526 450 451
f 361 450 526
f 507 460 521
f 536 399 461
f 399 523 461
f 253 461 523
f 445 462 272
f 272 463 294
f 272 294 512
f 449 182 453
f 182 529 520
f 451 450 514
f 463 272 462
f 453 182 520
f 450 446 536
f 536 461 457
f 463 462 531
f 592 512 294
f 453 520 449
f 536 514 450
f 462 521 531
f 461 253 538
f 463 531 534
f 449 454 253
f 530 538 253
f 452 294 463
f 253 454 530
f 538 457 461
f 531 521 534
f 463 534 553
f 452 463 553
f 294 452 553
f 449 525 454
f 460 542 521
f 536 375 514
f 534 521 465
f 530 541 550
f 553 534 475
f 541 530 454
f 457 375 536
f 375 457 459
f 514 375 458
f 465 521 464
f 521 542 464
f 398 457 538
f 534 465 464
f 471 301 464
f 464 301 534
f 538 530 548
f 534 301 543
f 398 538 548
f 475 534 543
f 545 477 398
f 550 541 454
f 360 415 495
f 460 470 542
f 466 551 542
f 455 514 458
f 476 466 542
f 470 476 542
f 471 469 468
f 464 542 469
f 542 551 469
f 471 464 469
f 543 301 471
f 398 548 545
f 530 545 548
f 398 459 457
f 558 530 550
f 602 455 458
f 476 564 466
f 397 387 371
f 564 473 466
f 395 375 459
f 477 545 479
f 479 545 530
f 530 559 479
f 472 395 398
f 559 530 558
f 458 397 474
f 398 395 459
f 543 608 475
f 317 378 473
f 458 610 602
f 458 474 610
f 471 404 543
f 543 404 608
f 564 317 473
f 474 568 610
f 404 478 608
f 608 478 565
f 563 479 559
f 559 561 482
f 562 564 403
f 565 478 566
f 559 482 563
f 479 563 482
f 564 562 317
f 409 411 317
f 562 409 317
f 569 568 474
f 411 409 562
f 566 487 565
f 411 562 649
f 487 483 654
f 411 649 410
f 568 569 571
f 483 488 654
f 487 488 483
f 406 570 572
f 486 570 406
f 333 485 410
f 414 333 410
f 330 621 490
f 569 484 571
f 490 615 488
f 484 620 571
f 410 658 414
f 615 490 661
f 334 414 577
f 414 489 577
f 330 334 621
f 490 621 661
f 577 578 334
f 576 492 664
f 334 578 621
f 344 134 496
f 418 580 494
f 415 494 495
f 623 579 386
f 360 624 377
f 273 496 585
f 493 623 367
f 418 349 279
f 736 624 360
f 422 420 585
f 370 498 367
f 367 498 516
f 423 422 431
f 179 500 513
f 377 382 436
f 499 516 498
f 431 364 423
f 363 428 498
f 585 431 422
f 499 498 428
f 426 377 436
f 428 363 438
f 584 437 504
f 581 424 586
f 438 363 508
f 630 584 504
f 500 432 515
f 437 337 504
f 500 179 432
f 529 506 511
f 529 182 506
f 517 630 504
f 529 511 681
f 444 179 513
f 510 526 518
f 518 508 510
f 532 504 512
f 454 524 550
f 444 513 456
f 532 512 535
f 518 526 277
f 451 277 526
f 525 449 520
f 444 456 460
f 512 592 535
f 460 456 600
f 514 277 451
f 294 557 592
f 277 514 554
f 456 546 600
f 590 456 513
f 514 544 554
f 454 525 524
f 557 294 553
f 600 546 460
f 455 544 514
f 540 277 554
f 544 455 540
f 540 554 544
f 602 552 540
f 550 524 558
f 540 552 691
f 540 455 602
f 460 546 470
f 553 583 557
f 470 546 481
f 481 476 470
f 553 475 603
f 583 553 603
f 602 610 607
f 612 552 602
f 564 476 560
f 481 560 476
f 559 558 605
f 561 559 605
f 612 602 607
f 564 560 403
f 475 608 603
f 650 560 609
f 605 690 561
f 608 653 603
f 653 608 565
f 604 562 560
f 650 604 560
f 561 690 486
f 556 610 568
f 650 562 604
f 482 561 486
f 403 560 562
f 649 562 650
f 565 487 653
f 556 568 571
f 487 654 653
f 657 410 649
f 704 572 570
f 406 572 617
f 654 488 615
f 573 614 571
f 571 620 573
f 665 617 572
f 658 489 414
f 360 495 736
f 573 620 712
f 576 664 620
f 496 134 579
f 494 580 495
f 579 623 656
f 496 579 622
f 279 634 418
f 623 683 656
f 683 623 493
f 585 496 582
f 349 634 279
f 634 349 424
f 377 624 382
f 683 493 367
f 634 424 581
f 585 582 431
f 581 584 671
f 429 431 582
f 586 584 581
f 528 367 516
f 440 436 633
f 671 584 587
f 440 633 636
f 440 636 506
f 515 423 364
f 635 503 515
f 515 364 635
f 499 428 438
f 587 584 630
f 636 511 506
f 515 503 500
f 511 636 681
f 533 438 508
f 606 630 517
f 504 532 517
f 529 591 505
f 529 681 591
f 508 518 684
f 590 513 638
f 518 277 731
f 520 522 632
f 684 518 731
f 540 537 277
f 520 529 522
f 731 277 537
f 525 632 524
f 632 525 520
f 596 540 691
f 592 557 597
f 537 540 596
f 558 524 467
f 546 599 481
f 601 560 481
f 546 644 599
f 583 549 557
f 599 644 481
f 481 644 601
f 605 558 694
f 552 612 691
f 583 603 647
f 652 612 607
f 612 652 691
f 652 646 691
f 560 601 609
f 648 652 607
f 607 610 648
f 610 556 648
f 486 690 697
f 570 486 697
f 571 614 648
f 615 701 654
f 571 648 556
f 653 654 659
f 648 614 652
f 570 697 703
f 649 699 657
f 570 703 704
f 657 658 410
f 614 573 759
f 614 759 662
f 492 617 665
f 658 619 489
f 621 708 661
f 412 492 665
f 573 712 574
f 712 620 491
f 577 489 578
f 491 620 664
f 578 708 621
f 710 492 412
f 776 491 664
f 664 492 710
f 579 656 539
f 418 634 495
f 496 539 582
f 582 539 700
f 580 418 495
f 622 579 539
f 496 622 539
f 367 669 683
f 626 429 582
f 634 581 671
f 669 367 528
f 516 499 723
f 516 723 669
f 108 436 382
f 669 528 516
f 593 438 533
f 671 587 631
f 364 431 429
f 633 436 108
f 589 636 108
f 723 499 629
f 593 501 499
f 499 674 629
f 108 636 633
f 587 725 631
f 635 364 503
f 587 630 725
f 725 630 606
f 364 676 503
f 636 589 675
f 501 674 499
f 501 593 674
f 438 593 499
f 503 637 500
f 678 593 533
f 681 636 675
f 517 532 606
f 519 513 500
f 519 640 513
f 591 681 505
f 677 606 639
f 505 522 529
f 533 508 684
f 606 532 639
f 638 513 640
f 535 592 597
f 535 639 532
f 527 535 597
f 731 537 746
f 546 456 595
f 595 590 638
f 595 456 590
f 641 522 688
f 642 643 689
f 641 467 522
f 547 597 557
f 746 537 596
f 467 524 632
f 632 522 467
f 644 546 595
f 547 557 642
f 549 687 567
f 557 549 643
f 687 598 689
f 642 557 643
f 598 687 642
f 549 689 643
f 689 567 687
f 567 689 549
f 598 642 689
f 694 558 467
f 549 583 687
f 748 691 747
f 793 687 647
f 583 647 687
f 691 646 747
f 698 601 644
f 601 698 609
f 848 695 696
f 609 699 650
f 862 646 652
f 653 806 603
f 650 699 649
f 653 659 806
f 614 757 652
f 659 654 701
f 657 699 753
f 614 662 757
f 701 615 762
f 816 701 762
f 615 661 762
f 661 708 707
f 572 704 665
f 658 764 619
f 616 573 574
f 661 707 762
f 574 706 616
f 489 619 578
f 706 574 712
f 412 665 771
f 712 491 776
f 712 776 819
f 774 708 715
f 664 575 776
f 429 626 364
f 700 539 656
f 656 683 718
f 495 634 668
f 700 656 745
f 624 673 108
f 700 778 626
f 624 108 382
f 582 700 660
f 780 683 611
f 582 660 626
f 700 626 660
f 588 364 626
f 611 683 669
f 804 634 671
f 629 669 723
f 671 722 804
f 673 721 108
f 722 631 725
f 671 631 722
f 364 588 781
f 725 606 628
f 364 781 676
f 589 784 675
f 637 676 680
f 679 672 674
f 676 637 503
f 593 679 674
f 505 681 675
f 679 593 678
f 519 500 735
f 628 606 677
f 505 675 594
f 500 637 735
f 679 533 670
f 679 678 533
f 735 637 733
f 522 594 688
f 519 735 640
f 594 522 505
f 527 728 535
f 639 535 728
f 527 547 642
f 533 684 742
f 731 742 684
f 595 638 692
f 742 731 746
f 799 746 596
f 527 597 547
f 283 527 642
f 799 596 748
f 642 687 853
f 644 595 685
f 853 283 642
f 693 685 595
f 596 691 748
f 644 685 502
f 853 687 793
f 690 605 694
f 698 644 502
f 862 747 646
f 609 698 699
f 647 603 806
f 699 663 755
f 862 652 757
f 658 657 753
f 704 770 665
f 810 701 816
f 573 616 759
f 707 816 762
f 766 665 770
f 658 702 764
f 578 619 764
f 758 616 706
f 758 706 765
f 708 711 707
f 711 708 774
f 578 764 768
f 765 706 712
f 768 713 578
f 412 771 710
f 765 712 819
f 715 708 578
f 773 774 715
f 664 710 772
f 575 664 772
f 575 714 830
f 710 775 772
f 709 634 783
f 495 716 736
f 668 634 709
f 656 718 745
f 495 668 709
f 673 624 736
f 709 716 495
f 666 736 754
f 718 683 780
f 673 736 666
f 666 754 673
f 634 804 783
f 722 725 785
f 680 676 724
f 669 629 717
f 778 700 745
f 108 721 589
f 780 611 732
f 732 611 717
f 779 626 778
f 637 680 734
f 669 717 611
f 784 589 721
f 626 779 781
f 626 781 588
f 676 781 724
f 679 729 886
f 629 674 672
f 675 509 688
f 717 629 726
f 784 509 675
f 637 734 733
f 720 722 785
f 672 726 629
f 888 788 797
f 725 628 785
f 672 679 886
f 677 785 628
f 680 724 734
f 735 733 640
f 729 679 798
f 594 675 688
f 670 798 679
f 677 639 728
f 688 738 641
f 533 798 670
f 939 533 742
f 939 798 533
f 640 733 739
f 694 467 651
f 640 800 638
f 792 939 742
f 640 739 800
f 527 802 842
f 742 799 792
f 641 651 467
f 746 799 742
f 756 699 698
f 595 692 693
f 283 802 527
f 748 782 799
f 694 651 690
f 856 803 690
f 736 716 827
f 502 685 801
f 698 502 801
f 690 645 856
f 806 793 647
f 663 698 801
f 690 803 697
f 659 701 859
f 806 659 859
f 699 756 663
f 756 698 663
f 757 662 863
f 863 662 763
f 699 755 753
f 704 703 760
f 763 662 759
f 859 701 810
f 658 753 702
f 813 812 1002
f 814 812 813
f 758 759 616
f 1002 815 813
f 911 810 816
f 770 704 760
f 771 665 766
f 758 765 818
f 774 707 711
f 877 707 774
f 578 713 715
f 773 822 774
f 771 772 775
f 819 921 765
f 821 777 715
f 715 777 773
f 771 826 710
f 775 826 771
f 714 575 772
f 618 822 830
f 877 774 822
f 714 618 830
f 829 773 777
f 822 773 829
f 828 776 830
f 829 828 830
f 829 830 822
f 575 830 776
f 819 776 880
f 880 776 828
f 827 754 736
f 718 851 745
f 851 718 780
f 745 831 778
f 732 717 780
f 779 778 831
f 783 804 722
f 717 836 780
f 883 721 754
f 721 673 754
f 779 831 727
f 781 779 730
f 726 672 717
f 836 717 833
f 720 719 722
f 784 841 892
f 784 721 841
f 672 886 717
f 892 744 688
f 781 730 724
f 839 840 888
f 719 720 785
f 509 784 892
f 724 751 733
f 688 509 892
f 785 677 844
f 734 724 733
f 733 751 739
f 738 688 744
f 843 886 798
f 798 886 729
f 692 638 795
f 782 748 613
f 677 728 842
f 651 641 738
f 842 728 527
f 739 743 800
f 638 800 795
f 651 738 849
f 939 792 786
f 792 799 786
f 690 651 849
f 693 692 795
f 852 799 782
f 693 795 942
f 799 852 786
f 802 283 853
f 693 942 740
f 749 852 782
f 685 693 740
f 801 685 740
f 645 690 849
f 613 749 782
f 942 857 740
f 801 740 857
f 855 748 747
f 855 613 748
f 803 856 697
f 663 801 902
f 697 856 808
f 855 747 862
f 801 857 902
f 859 809 806
f 703 697 808
f 820 703 808
f 760 703 820
f 702 753 755
f 763 811 863
f 846 848 696
f 864 846 696
f 811 846 863
f 811 763 759
f 866 696 695
f 702 755 764
f 903 757 863
f 811 759 758
f 764 755 761
f 811 758 817
f 770 760 766
f 758 767 817
f 911 816 707
f 758 818 767
f 771 766 910
f 768 764 713
f 713 764 870
f 870 764 912
f 972 818 921
f 818 765 921
f 713 870 715
f 821 715 871
f 910 772 771
f 824 877 822
f 618 714 655
f 910 878 772
f 921 819 918
f 715 870 871
f 714 825 655
f 822 618 824
f 772 878 714
f 825 824 655
f 714 878 825
f 918 819 879
f 879 819 880
f 880 829 875
f 875 777 821
f 777 875 829
f 828 829 880
f 745 884 831
f 745 851 847
f 827 716 709
f 884 745 847
f 769 851 780
f 769 780 836
f 783 832 709
f 754 827 627
f 627 883 754
f 783 722 832
f 722 719 832
f 831 884 727
f 779 727 730
f 833 717 835
f 721 883 841
f 730 727 834
f 717 886 835
f 730 834 724
f 835 886 794
f 892 841 682
f 890 791 790
f 791 890 839
f 787 888 751
f 724 787 751
f 888 840 788
f 844 938 785
f 794 886 843
f 751 737 739
f 941 794 843
f 738 744 892
f 677 842 844
f 839 787 791
f 739 737 743
f 795 800 942
f 932 842 750
f 947 939 786
f 786 852 900
f 849 738 897
f 865 813 815
f 842 802 741
f 950 852 749
f 645 849 897
f 645 897 850
f 994 802 793
f 857 942 854
f 950 749 613
f 864 866 695
f 866 865 695
f 853 793 802
f 806 906 793
f 663 902 755
f 802 994 956
f 645 860 808
f 856 645 808
f 903 855 862
f 806 904 906
f 903 862 757
f 808 860 962
f 809 810 908
f 695 814 866
f 760 808 962
f 809 904 806
f 1002 846 815
f 813 865 814
f 814 865 866
f 695 848 812
f 814 695 812
f 696 866 864
f 820 808 760
f 760 905 867
f 846 811 848
f 1002 812 848
f 846 864 695
f 865 846 695
f 865 815 846
f 1002 863 846
f 859 810 809
f 761 755 912
f 766 760 823
f 910 766 823
f 911 908 810
f 912 764 761
f 707 913 911
f 707 877 913
f 760 873 823
f 909 811 964
f 767 972 894
f 767 818 972
f 878 910 823
f 913 877 824
f 824 618 655
f 876 975 869
f 975 876 1011
f 655 824 915
f 824 655 915
f 919 921 918
f 919 978 921
f 871 870 821
f 869 919 880
f 1051 1011 876
f 980 824 825
f 825 878 980
f 879 919 918
f 869 880 875
f 876 869 875
f 821 1051 875
f 881 836 833
f 847 851 769
f 884 847 924
f 883 705 887
f 827 709 832
f 881 769 836
f 883 627 705
f 827 887 705
f 627 827 705
f 872 881 833
f 924 727 884
f 827 832 983
f 925 833 835
f 872 833 925
f 625 727 984
f 885 832 719
f 885 719 667
f 924 847 874
f 834 727 625
f 889 791 797
f 928 834 625
f 835 837 989
f 835 794 837
f 835 989 925
f 928 625 935
f 724 928 787
f 719 785 938
f 841 929 682
f 840 890 790
f 840 839 890
f 938 667 719
f 888 787 839
f 834 928 724
f 989 837 794
f 889 790 791
f 791 787 797
f 892 682 929
f 788 889 797
f 889 788 840
f 928 797 787
f 737 751 888
f 889 840 790
f 737 888 797
f 737 797 928
f 892 838 738
f 844 932 938
f 941 926 946
f 892 929 838
f 843 798 941
f 941 798 939
f 737 948 743
f 947 941 939
f 932 844 842
f 738 898 897
f 738 838 898
f 786 900 947
f 953 800 743
f 942 800 953
f 947 900 893
f 852 950 900
f 750 842 741
f 854 942 953
f 741 802 956
f 899 854 953
f 857 854 899
f 613 896 950
f 613 999 896
f 857 899 858
f 896 999 950
f 1032 860 850
f 902 857 858
f 645 850 860
f 999 613 855
f 855 996 999
f 906 959 793
f 909 848 811
f 902 868 755
f 902 807 1000
f 904 809 906
f 1000 868 902
f 855 903 996
f 996 903 863
f 962 907 760
f 760 907 905
f 848 909 1002
f 755 868 1007
f 908 966 809
f 817 964 811
f 1007 970 755
f 755 970 912
f 867 873 760
f 969 908 913
f 873 867 1010
f 908 911 913
f 912 970 1039
f 1040 817 767
f 767 894 1040
f 977 894 972
f 1039 973 912
f 912 973 870
f 823 873 878
f 1039 870 973
f 824 916 913
f 1044 977 921
f 977 972 921
f 921 978 1044
f 975 1011 1012
f 975 1012 979
f 873 980 878
f 978 919 979
f 979 919 869
f 975 979 869
f 876 875 1051
f 870 976 821
f 1051 821 1016
f 847 769 881
f 827 985 887
f 874 847 881
f 983 832 923
f 923 832 885
f 924 789 727
f 727 789 984
f 883 887 841
f 987 841 752
f 885 1018 923
f 752 841 887
f 988 928 935
f 841 987 929
f 794 941 989
f 1068 989 946
f 989 941 946
f 945 737 988
f 737 928 988
f 938 932 927
f 948 737 945
f 929 987 838
f 927 932 895
f 893 951 941
f 926 941 951
f 932 750 965
f 932 965 895
f 948 949 743
f 893 941 947
f 948 945 949
f 945 1061 949
f 949 953 743
f 953 949 952
f 898 957 897
f 898 838 957
f 960 965 750
f 953 952 899
f 900 950 1030
f 750 741 960
f 1030 893 900
f 954 893 1030
f 997 899 952
f 741 956 1025
f 741 1025 960
f 950 999 1030
f 807 958 899
f 958 858 899
f 902 858 958
f 995 899 997
f 899 995 807
f 860 1032 861
f 994 793 959
f 902 958 807
f 961 686 999
f 996 961 999
f 555 959 906
f 860 861 962
f 963 906 809
f 555 906 963
f 996 901 961
f 809 555 963
f 966 555 809
f 907 962 861
f 1007 868 1000
f 907 1198 905
f 1097 867 905
f 908 969 966
f 817 1040 1008
f 970 1007 967
f 867 1097 1010
f 970 967 1039
f 1040 894 1005
f 881 872 992
f 873 1010 1013
f 1005 894 977
f 824 980 916
f 873 1013 1112
f 1044 1014 1106
f 974 1106 1014
f 1012 1011 1051
f 1045 1012 1051
f 873 1112 980
f 920 821 976
f 1044 978 1014
f 976 870 920
f 1016 821 920
f 924 874 1017
f 922 874 881
f 887 982 1042
f 983 985 827
f 946 891 1068
f 992 922 881
f 887 1042 752
f 992 925 933
f 992 872 925
f 933 925 989
f 789 882 984
f 1058 984 882
f 983 923 1018
f 987 752 986
f 984 1062 625
f 625 1062 935
f 885 667 938
f 885 938 1018
f 1018 938 805
f 1068 891 1065
f 805 938 927
f 946 926 891
f 1024 936 895
f 934 945 988
f 936 927 895
f 951 891 926
f 951 893 993
f 895 965 1024
f 850 1035 1032
f 952 949 1061
f 951 993 1069
f 993 893 954
f 997 952 955
f 897 957 845
f 954 1030 1069
f 1069 1030 686
f 1085 960 1025
f 1069 686 1137
f 897 845 850
f 686 1030 999
f 955 807 997
f 995 997 807
f 994 1025 956
f 807 991 1000
f 686 961 1037
f 1000 991 1001
f 1000 1001 914
f 1001 991 807
f 861 1032 1035
f 1025 994 959
f 555 1025 959
f 555 1147 1025
f 1037 961 901
f 907 861 1198
f 909 1003 1002
f 1002 1003 1145
f 1145 1006 1002
f 1007 1000 971
f 905 1198 1097
f 1100 909 964
f 1098 966 969
f 817 1008 964
f 967 1007 1039
f 1039 1007 1009
f 1040 1160 1008
f 1041 1010 1097
f 916 1102 913
f 969 913 1102
f 1040 1005 1104
f 1041 1157 1010
f 1039 1043 870
f 870 1043 1047
f 1010 1157 1013
f 1005 977 1104
f 1012 1105 974
f 977 1106 1104
f 974 1105 1106
f 870 1047 920
f 916 980 1171
f 1015 1171 980
f 1044 1106 977
f 1012 1045 1105
f 1045 1051 917
f 1112 1013 1048
f 917 1051 1050
f 1015 980 1172
f 789 924 1017
f 985 1023 1033
f 887 1033 982
f 985 1022 1023
f 887 985 1033
f 874 1053 1017
f 1053 874 922
f 985 983 1022
f 789 1017 882
f 1058 882 1017
f 1022 983 1076
f 1057 983 1018
f 1017 1055 1058
f 992 933 968
f 984 1058 1062
f 1061 945 931
f 1057 1018 805
f 933 989 1068
f 987 986 1021
f 935 1062 988
f 987 1021 1019
f 936 937 927
f 838 1019 1021
f 927 937 805
f 1057 805 937
f 987 1019 838
f 1021 1080 838
f 945 934 931
f 838 1080 957
f 952 1140 955
f 944 891 951
f 1069 944 951
f 1024 1036 936
f 1036 1024 965
f 1061 1027 952
f 993 954 1069
f 957 1029 845
f 952 1027 1082
f 850 845 1038
f 1085 965 960
f 1140 952 1082
f 807 955 1140
f 850 1038 1086
f 850 998 1035
f 998 850 1086
f 1085 1025 1147
f 686 1146 1137
f 998 1086 1035
f 1146 686 1037
f 1180 1065 891
f 914 1206 1000
f 971 1000 1107
f 1147 555 1092
f 861 1035 1093
f 861 1093 1198
f 1000 1206 1107
f 1100 1003 909
f 555 966 1266
f 1266 966 1098
f 1100 964 1004
f 1007 971 1107
f 1004 964 1101
f 964 1008 1101
f 1009 1007 1107
f 1039 1009 1107
f 1101 1008 1160
f 1104 1160 1040
f 916 1171 1155
f 1048 1013 1157
f 1172 1116 1015
f 917 1105 1045
f 1109 1104 1106
f 1109 1106 1105
f 1115 1015 1046
f 1115 1171 1015
f 1046 1015 1116
f 1172 980 1112
f 1113 1209 917
f 917 1114 1113
f 917 1050 1114
f 1050 1016 1282
f 1050 1051 1016
f 1016 920 1168
f 1282 1016 1168
f 1116 1172 1052
f 992 1053 922
f 982 1103 1042
f 1053 1111 1017
f 1118 992 968
f 1023 1022 1033
f 1175 1119 1120
f 1103 982 1033
f 1076 1121 1022
f 1055 1017 1111
f 1231 1068 1182
f 983 1057 1076
f 1058 1055 1111
f 752 1103 1063
f 752 1042 1103
f 1231 968 933
f 986 752 1071
f 1062 1111 940
f 1058 1111 1062
f 940 1111 1067
f 1062 940 1067
f 752 1063 1071
f 1068 1231 933
f 1021 986 1071
f 1070 931 1062
f 1062 931 988
f 1062 1067 1070
f 1065 1180 1068
f 934 988 931
f 1021 1071 1131
f 1068 1180 1182
f 1021 1131 1080
f 937 1127 1057
f 944 1069 1248
f 937 936 1064
f 1180 891 1096
f 931 1077 1061
f 1080 1029 957
f 891 944 1096
f 845 1029 1080
f 1096 944 1248
f 1027 1061 1132
f 1082 1027 1132
f 1069 1083 1248
f 990 965 1085
f 1151 1083 1069
f 1137 1151 1069
f 1147 990 1085
f 1001 807 1140
f 914 1001 1206
f 1035 1086 1093
f 1049 1122 1119
f 1206 1001 1087
f 1092 555 1142
f 1198 1093 1028
f 1003 1091 1145
f 1145 1149 1006
f 1146 1006 1149
f 1006 1146 1037
f 1100 1004 1099
f 1101 1099 1004
f 1101 1160 1159
f 1159 1099 1101
f 1099 1204 1110
f 1152 1153 1155
f 1108 1153 1152
f 969 1102 1154
f 1154 1098 969
f 1097 1203 1041
f 1161 1155 1153
f 1039 1107 1043
f 1104 1109 1162
f 1104 1162 1160
f 1108 1161 1153
f 1047 1043 1166
f 1161 1108 1372
f 1155 1108 1164
f 1164 1108 1152
f 1155 1164 1152
f 1155 1161 1372
f 1108 1155 1171
f 1109 1105 1210
f 1165 1109 1210
f 1105 917 1210
f 920 1047 1166
f 1166 1168 920
f 1210 917 1209
f 1115 1215 1171
f 1207 1156 1048
f 1215 1115 1046
f 1286 1112 1048
f 1286 1048 1156
f 1114 1050 1282
f 1112 1286 1172
f 1209 1113 1289
f 1282 1168 1169
f 1111 1222 1067
f 1033 1049 1163
f 1122 1049 1054
f 1120 1119 1177
f 1049 1033 1197
f 1053 992 1118
f 1049 1175 1158
f 1049 1158 1163
f 1054 1103 1163
f 1163 1177 1122
f 1033 1163 1103
f 1197 1033 1022
f 1163 1122 1054
f 1177 1119 1122
f 1158 1177 1163
f 1158 1120 1177
f 1053 1174 1111
f 1197 1022 1121
f 1121 1076 1117
f 1175 1120 1158
f 1175 1049 1119
f 968 1126 1118
f 1057 1127 1178
f 1057 1117 1076
f 1117 1057 1178
f 1220 1071 1059
f 1231 1126 968
f 1070 1067 931
f 1059 1071 1063
f 1063 1103 1220
f 1063 1220 1059
f 1067 1219 931
f 1180 930 1231
f 1075 1180 1096
f 1182 1180 1231
f 1077 931 1219
f 1071 1220 1131
f 1127 937 796
f 1131 1130 1080
f 1080 1130 1133
f 1133 845 1080
f 1038 845 1138
f 1061 1077 1129
f 937 1064 1240
f 1064 936 1036
f 1129 1330 1061
f 1061 1135 1132
f 1061 1330 1135
f 1096 1248 1075
f 1124 1036 965
f 1133 1138 845
f 1132 1135 1082
f 1099 1269 1100
f 1124 965 1081
f 1081 965 990
f 1151 1248 1083
f 1139 1190 990
f 1081 990 1190
f 1086 1038 1095
f 1140 1082 1189
f 1086 1095 1093
f 1003 1269 1091
f 1140 1189 1001
f 990 1143 1139
f 1092 1143 990
f 1146 1151 1137
f 990 1147 1092
f 1146 1144 1151
f 1028 1090 1198
f 1093 1090 1028
f 1144 1146 1262
f 1201 1198 1090
f 1146 1149 1262
f 1145 1091 1149
f 555 1266 1142
f 1269 1003 1100
f 1099 1110 1269
f 1204 1099 1159
f 1098 1154 1266
f 1203 1097 1198
f 1204 1159 1160
f 1110 1204 1165
f 1157 1041 1203
f 1160 1162 1204
f 1162 1109 1204
f 1048 1157 1208
f 1109 1165 1204
f 1110 1165 1210
f 1167 1210 1209
f 1110 1210 1167
f 1207 1048 1208
f 1283 1108 1171
f 1283 1372 1108
f 1170 1167 1209
f 1283 1171 1212
f 1116 1274 1046
f 1171 1215 1212
f 1170 1209 1289
f 1282 1214 1114
f 1169 1168 1384
f 1215 1046 1216
f 1053 1118 1174
f 981 1114 1214
f 1217 1169 1218
f 1169 1217 1290
f 1172 1290 1217
f 1052 1172 1217
f 1217 1218 1052
f 1052 1218 1173
f 1116 1052 1173
f 1289 1214 1290
f 1111 1174 1222
f 1197 1121 1205
f 1174 1118 1291
f 1121 1117 1205
f 1222 1174 1056
f 1049 1197 1054
f 1291 1118 1126
f 1174 1224 1056
f 1103 1054 1226
f 1067 1179 1219
f 1222 1179 1067
f 1126 1231 1230
f 1226 1220 1103
f 1176 1178 1128
f 1178 1176 1117
f 1125 1128 1127
f 1127 1128 1178
f 1127 796 1125
f 930 1184 1318
f 930 1180 1184
f 1240 796 937
f 1180 1075 1184
f 1129 1077 1330
f 1234 1133 1238
f 1243 1244 1245
f 1234 1138 1133
f 1075 1248 1436
f 1079 1064 1124
f 1124 1064 1036
f 1082 1135 1254
f 1151 1345 1248
f 1141 1079 1124
f 1081 1190 1124
f 1082 1254 1246
f 1136 1141 1124
f 1138 1188 1038
f 1124 1190 1136
f 1151 1088 1271
f 1038 1195 1095
f 1190 1139 943
f 1143 943 1139
f 1095 1134 1093
f 1095 1195 1134
f 1087 1189 1187
f 1093 1084 1090
f 1001 1189 1087
f 1143 1092 1142
f 1093 1195 1084
f 1134 1195 1093
f 1084 1195 1089
f 1151 1144 1088
f 1090 1084 1089
f 1142 1148 1143
f 1143 1148 1196
f 1268 1206 1087
f 1149 1091 1199
f 1199 1262 1149
f 1142 1266 1094
f 1203 1201 1150
f 1269 1110 1272
f 1154 1094 1266
f 1198 1201 1203
f 1107 1206 1265
f 1154 1102 1369
f 1203 1202 1157
f 1157 1202 1275
f 916 1287 1102
f 1272 1110 1370
f 1370 1110 1167
f 1370 1167 1277
f 1155 1287 916
f 1208 1157 1275
f 1287 1155 1372
f 1043 1276 1166
f 1166 1279 1168
f 1211 1167 1170
f 1281 1168 1279
f 1384 1168 1281
f 1283 1212 1215
f 1277 1167 1211
f 1046 1274 1216
f 1207 1389 1156
f 1156 1386 1286
f 1389 1386 1156
f 1169 1392 1285
f 1282 1169 1285
f 1392 1169 1384
f 1215 1216 1393
f 1284 1393 1216
f 1274 1284 1216
f 1218 1274 1173
f 1274 1116 1173
f 1170 1289 1391
f 1169 1214 1218
f 1293 1214 1282
f 1290 1214 1169
f 1290 1172 1286
f 1293 1292 1218
f 1290 1286 1288
f 1395 1399 1218
f 1197 1205 1233
f 1291 1224 1174
f 1054 1197 1213
f 1291 1126 1230
f 1222 1056 1181
f 1056 1224 1181
f 1273 1304 1205
f 1220 1226 1223
f 1273 1205 1117
f 1299 1224 1291
f 1222 1181 1305
f 1221 1334 1230
f 1179 1305 1228
f 1179 1222 1305
f 1273 1117 1176
f 1223 1227 1220
f 1077 1183 1330
f 1220 1227 1229
f 1230 1231 1221
f 1179 1228 1219
f 1220 1229 1131
f 1077 1219 1228
f 1229 1237 1131
f 1221 1231 1307
f 1232 1125 796
f 1176 1128 1125
f 1307 930 1318
f 1307 1231 930
f 1183 1077 1228
f 1130 1131 1241
f 1183 1228 1305
f 1131 1237 1241
f 1064 1326 1232
f 1064 1232 1240
f 1123 1318 1184
f 1133 1130 1186
f 1326 1064 1308
f 1123 1184 1075
f 796 1240 1232
f 1185 1238 1186
f 1133 1186 1238
f 1336 1308 1064
f 1441 1135 1330
f 1079 1336 1064
f 1123 1075 1436
f 1238 1138 1234
f 1238 1185 1138
f 1291 1230 1294
f 1079 1141 1341
f 1135 1441 1254
f 1345 1436 1248
f 1138 1185 1247
f 1247 1185 1344
f 1258 1026 1341
f 1082 1246 1189
f 1341 1141 1136
f 1188 1247 1038
f 1345 1151 1271
f 1038 1247 1253
f 1190 1258 1136
f 1341 1136 1258
f 1344 1250 1247
f 1188 1138 1247
f 1250 1195 1247
f 1038 1253 1195
f 1247 1195 1253
f 1195 1257 1089
f 943 1353 1258
f 943 1258 1190
f 943 1143 1252
f 1353 943 1259
f 1195 1250 1192
f 1073 1271 1088
f 1087 1187 1034
f 943 1252 1259
f 1267 1073 1088
f 1088 1144 1267
f 1195 1192 1257
f 1252 1143 1196
f 1087 1034 1361
f 1090 1263 1201
f 1268 1087 1496
f 1144 1262 1362
f 1257 1260 1263
f 1089 1257 1090
f 1196 1148 1142
f 1257 1263 1090
f 1496 1087 1361
f 1267 1144 1362
f 1094 1196 1142
f 1150 1201 1263
f 1191 1362 1262
f 1191 1356 1362
f 1499 1094 1154
f 1206 1268 1265
f 1263 1363 1150
f 1091 1368 1199
f 1200 1094 1499
f 1265 1268 1488
f 1150 1363 1203
f 1203 1363 1278
f 1091 1269 1368
f 1154 1365 1499
f 1107 1265 1373
f 1203 1278 1202
f 1269 1272 1501
f 1373 1265 1488
f 1365 1154 1369
f 1287 1369 1102
f 1043 1107 1373
f 1501 1272 1370
f 1276 1043 1373
f 1370 1277 1375
f 1276 1281 1166
f 1281 1279 1166
f 1213 1197 1233
f 1676 1503 1283
f 1283 1377 1372
f 1503 1377 1283
f 1277 1211 1170
f 1277 1170 1391
f 1384 1281 1387
f 1676 1283 1215
f 1392 1513 1285
f 1392 1215 1513
f 1513 1215 1393
f 1215 1392 1388
f 1388 1392 1384
f 1284 1394 1517
f 1274 1394 1284
f 1218 1399 1274
f 1293 1282 1285
f 1509 1393 1397
f 1395 1393 1284
f 1397 1393 1395
f 1284 1399 1395
f 1399 1284 1517
f 1288 1286 1390
f 1517 1274 1399
f 1288 1390 1515
f 1515 1390 1519
f 1386 1390 1286
f 1289 1290 1391
f 1395 1292 1293
f 1397 1293 1285
f 1397 1395 1293
f 1292 1395 1218
f 1520 1290 1288
f 1299 1291 1294
f 1226 1401 1411
f 1213 1380 1298
f 1226 1054 1400
f 1205 1380 1233
f 1233 1380 1213
f 1298 1400 1213
f 1294 1230 1295
f 1299 1294 1295
f 1224 1299 1181
f 1226 1400 1401
f 1380 1304 1303
f 1380 1205 1304
f 1396 1181 1299
f 1054 1213 1400
f 1304 1273 1303
f 1305 1181 1031
f 1310 1031 1181
f 1181 1396 1310
f 1245 1244 1435
f 1305 1031 1310
f 1176 1320 1273
f 1226 1411 1412
f 1296 1273 1320
f 1295 1230 1334
f 1244 1414 1435
f 1412 1060 1223
f 1320 1176 1125
f 1223 1060 1229
f 1223 1226 1412
f 1296 1320 1125
f 1312 1334 1221
f 1221 1367 1312
f 1235 1296 1125
f 1229 1227 1223
f 1232 1300 1125
f 1235 1125 1300
f 1241 1225 1130
f 1221 1307 1367
f 1229 1060 1237
f 1130 1225 1413
f 1307 1536 1367
f 1020 1305 1301
f 1241 1237 1225
f 1318 1536 1307
f 1183 1305 1020
f 1528 1300 1326
f 1239 1328 1185
f 1326 1300 1232
f 1185 1186 1239
f 1421 1528 1326
f 1308 1421 1326
f 1330 1183 1020
f 1318 1123 1331
f 1536 1318 1331
f 1336 1306 1308
f 1308 1306 1421
f 1186 1130 1239
f 1413 1239 1130
f 1306 1323 1421
f 1329 1330 1020
f 1328 1239 1413
f 1331 1123 1433
f 1413 1332 1319
f 1331 1586 1536
f 1123 1436 1433
f 1413 1325 1333
f 1328 1413 1333
f 1319 1074 1413
f 1185 1333 1325
f 1325 1413 1074
f 1327 1323 1078
f 1333 1185 1328
f 1306 1336 1323
f 1331 1433 1436
f 1331 1436 1416
f 1078 1432 1341
f 1432 1078 1323
f 1336 1432 1323
f 1416 1571 1331
f 1336 1079 1432
f 1330 1329 1441
f 1329 1442 1441
f 1341 1432 1079
f 1327 1078 1446
f 1026 1346 1078
f 1437 1442 1462
f 1446 1078 1346
f 1026 1446 1346
f 1078 1242 1026
f 1325 1074 1185
f 1242 1078 1341
f 1254 1441 1442
f 1341 1026 1242
f 1254 1442 1246
f 1185 1074 1344
f 1343 1246 1442
f 1189 1246 1343
f 1416 1436 1451
f 1250 1344 1340
f 1455 1343 1442
f 1451 1436 1350
f 1258 1452 1026
f 1345 1271 1347
f 1353 1348 1258
f 1187 1343 1339
f 1436 1345 1347
f 1187 1189 1343
f 1250 1340 1256
f 1339 1478 1187
f 1348 1452 1258
f 1350 1436 1347
f 1347 1271 1073
f 1339 1343 1472
f 1350 1347 1342
f 1460 1472 1466
f 1187 1478 1034
f 1354 1250 1256
f 1460 1478 1472
f 1478 1339 1472
f 1347 1073 1261
f 1355 1342 1347
f 1342 1355 1358
f 1621 1353 1259
f 1192 1250 1354
f 1361 1034 1264
f 1347 1261 1355
f 1192 1354 1479
f 1478 1460 1477
f 1264 1478 1477
f 1264 1357 1361
f 1357 1264 1486
f 1034 1478 1264
f 1355 1267 1255
f 1259 1252 1194
f 1261 1267 1355
f 1073 1267 1261
f 1257 1192 1360
f 1408 1252 1196
f 1486 1361 1357
f 1408 1194 1252
f 1257 1360 1260
f 1255 1267 1362
f 1260 1468 1263
f 1260 1360 1468
f 1496 1361 1486
f 1200 1196 1094
f 1486 1487 1496
f 1200 1493 1196
f 1496 1488 1268
f 1362 1356 1366
f 1402 1244 1243
f 1263 1494 1363
f 1356 1644 1366
f 1363 1374 1278
f 1368 1269 1653
f 1653 1269 1501
f 1199 1368 1644
f 1653 1501 1502
f 1488 1642 1373
f 1501 1370 1502
f 1370 1504 1502
f 1372 1377 1503
f 1370 1375 1504
f 1373 1385 1276
f 1208 1275 1378
f 1503 1287 1372
f 1385 1280 1276
f 1276 1280 1281
f 1389 1514 1386
f 1507 1375 1277
f 1208 1376 1673
f 1508 1507 1277
f 1277 1391 1508
f 1387 1281 1280
f 1384 1387 1510
f 1384 1510 1809
f 1207 1673 1514
f 1809 1676 1215
f 1207 1208 1673
f 1390 1386 1514
f 1508 1391 1516
f 1809 1388 1384
f 1397 1285 1509
f 1509 1285 1513
f 1809 1215 1388
f 1509 1513 1393
f 1511 1390 1514
f 1398 1517 1394
f 1398 1394 1274
f 1517 1398 1274
f 1518 1519 1390
f 1290 1516 1391
f 1516 1290 1678
f 1290 1520 1678
f 1678 1520 1288
f 1678 1288 1515
f 1683 1515 1519
f 1402 1243 1403
f 1675 1298 1380
f 1297 1396 1299
f 1302 1299 1295
f 1382 1299 1302
f 1297 1299 1382
f 1244 1402 1414
f 1402 1406 1414
f 1406 1402 1403
f 1302 1295 1404
f 1295 1417 1404
f 1396 1297 1382
f 1525 1675 1380
f 1380 1303 1525
f 1400 1298 1405
f 1490 1396 1382
f 1243 1310 1403
f 1403 1396 1490
f 1534 1243 1245
f 1526 1490 1382
f 1435 1534 1245
f 1310 1396 1403
f 1310 1243 1534
f 1400 1405 1530
f 1414 1406 1435
f 1406 1490 1435
f 1435 1490 1534
f 1490 1406 1403
f 1417 1295 1334
f 1310 1534 1305
f 1420 1273 1577
f 1400 1530 1401
f 1401 1530 1411
f 1577 1303 1420
f 1420 1303 1273
f 1577 1273 1296
f 1690 1417 1334
f 1367 1690 1312
f 1412 1530 1547
f 1334 1312 1690
f 1530 1412 1411
f 1316 1577 1296
f 1422 1383 1547
f 1543 1316 1235
f 1412 1547 1383
f 1410 1383 1422
f 1410 1549 1383
f 1060 1412 1383
f 1543 1235 1300
f 1305 1534 1418
f 1418 1534 1544
f 1549 1060 1383
f 1305 1418 1415
f 1316 1296 1235
f 1301 1305 1379
f 1237 1060 1567
f 1060 1549 1567
f 1309 1690 1367
f 1225 1237 1567
f 1551 1538 1543
f 1543 1300 1551
f 1305 1415 1379
f 1415 1556 1379
f 1559 1429 1314
f 1309 1367 1536
f 1301 1379 1556
f 1550 1309 1570
f 1506 1382 1302
f 1225 1567 1540
f 1567 1407 1540
f 1528 1551 1300
f 1551 1528 1538
f 1413 1225 1428
f 1309 1536 1570
f 1301 1556 1020
f 1556 1438 1020
f 1560 1579 1559
f 1329 1020 1438
f 1438 1556 1311
f 1565 1419 1444
f 1444 1419 1570
f 1579 1555 1559
f 1585 1557 1528
f 1528 1583 1585
f 1583 1528 1421
f 1583 1421 1430
f 1413 1428 1540
f 1540 1407 1562
f 1428 1225 1540
f 1570 1536 1586
f 1323 1327 1575
f 1579 1576 1555
f 1444 1596 1565
f 1583 1575 1594
f 1413 1540 1562
f 1421 1323 1430
f 1583 1430 1323
f 1583 1323 1575
f 1413 1562 1332
f 1586 1571 1570
f 1438 1580 1329
f 1431 1439 1074
f 1444 1570 1571
f 1438 1311 1580
f 1594 1568 1583
f 1580 1311 1555
f 1571 1586 1331
f 1456 1555 1576
f 1580 1555 1591
f 1456 1591 1555
f 1319 1332 1562
f 1417 1302 1404
f 1590 1329 1591
f 1587 1444 1571
f 1329 1580 1591
f 1587 1454 1444
f 1444 1454 1573
f 1456 1576 1588
f 1574 1594 1575
f 1575 1327 1574
f 1442 1590 1591
f 1329 1590 1442
f 1587 1571 1416
f 1562 1431 1074
f 1074 1319 1562
f 1442 1591 1462
f 1074 1439 1443
f 1587 1416 1453
f 1603 1327 1446
f 1327 1603 1574
f 1591 1437 1462
f 1587 1453 1607
f 1476 1456 1588
f 1454 1587 1607
f 1476 1591 1456
f 1026 1452 1446
f 1476 1448 1591
f 1573 1454 1607
f 1448 1437 1591
f 1607 1467 1566
f 1437 1455 1442
f 1607 1453 1467
f 1440 1446 1452
f 1573 1607 1566
f 1472 1448 1464
f 1455 1437 1472
f 1451 1350 1467
f 1074 1443 1352
f 1074 1352 1351
f 1453 1451 1467
f 1472 1343 1455
f 1440 1603 1446
f 1472 1464 1476
f 1448 1476 1464
f 1453 1416 1451
f 1448 1472 1437
f 1344 1351 1352
f 1074 1351 1344
f 1472 1476 1466
f 1340 1352 1338
f 1352 1340 1344
f 1340 1338 1256
f 1470 1467 1342
f 1440 1452 1621
f 1467 1350 1342
f 1466 1476 1611
f 1256 1338 1354
f 1476 1609 1611
f 1440 1621 1738
f 1342 1358 1851
f 1621 1452 1348
f 1408 1196 1633
f 1486 1489 1487
f 1621 1348 1353
f 1466 1611 1460
f 1342 1851 1470
f 1614 1479 1354
f 1486 1264 1489
f 1621 1259 1623
f 1192 1479 1459
f 1355 1255 1485
f 1192 1459 1360
f 1632 1471 1194
f 1264 1477 1489
f 1623 1259 1471
f 1355 1630 1358
f 1355 1485 1630
f 1471 1259 1194
f 1349 1255 1362
f 1633 1632 1194
f 1485 1255 1630
f 1408 1633 1194
f 1349 1630 1255
f 1425 1468 1459
f 1196 1493 1633
f 1371 1349 1362
f 1360 1459 1468
f 1362 1366 1371
f 1263 1359 1494
f 1359 1468 1491
f 1493 1648 1633
f 1263 1468 1359
f 1498 1369 1287
f 1648 1200 1499
f 1648 1493 1200
f 1496 1487 1651
f 1374 1363 1491
f 1359 1491 1494
f 1366 1644 1371
f 1491 1364 1374
f 1363 1494 1491
f 1647 1648 1499
f 1488 1496 1651
f 1499 1365 1558
f 1368 1660 1644
f 1374 1785 1652
f 1369 1558 1365
f 1653 1502 1659
f 1642 1488 1651
f 1660 1368 1653
f 1374 1364 1785
f 1652 1278 1374
f 1202 1278 1652
f 1369 1498 1558
f 1202 1652 1275
f 1664 1797 1502
f 1659 1502 1797
f 1502 1504 1507
f 1642 1663 1373
f 1498 1287 1643
f 1664 1502 1507
f 1373 1663 1385
f 1507 1504 1375
f 1788 1643 1287
f 1507 1672 1664
f 1378 1376 1208
f 1287 1503 1788
f 1672 1507 1671
f 1667 1788 1503
f 1376 1813 1673
f 1507 1508 1670
f 1680 1507 1670
f 1503 1676 1669
f 1676 1667 1669
f 1667 1503 1669
f 1508 1516 1670
f 1505 1510 1387
f 1514 1814 1518
f 1903 1676 1809
f 1903 1811 1676
f 1511 1514 1518
f 1814 1514 1803
f 1514 1673 1803
f 1515 1516 1678
f 1515 1683 1516
f 1682 1516 1683
f 1390 1511 1518
f 1518 1683 1519
f 1506 1698 1382
f 1698 1449 1382
f 1298 1675 1522
f 1302 1483 1506
f 1698 1506 1512
f 1449 1526 1382
f 1434 1506 1483
f 1522 1687 1658
f 1684 1624 1405
f 1522 1434 1610
f 1512 1506 1434
f 1689 1512 1434
f 1434 1522 1689
f 1405 1524 1684
f 1687 1522 1610
f 1524 1405 1523
f 1675 1689 1522
f 1298 1523 1405
f 1298 1658 1524
f 1522 1658 1298
f 1298 1524 1523
f 1521 1675 1525
f 1525 1303 1521
f 1512 1689 1698
f 1526 1449 1698
f 1686 1434 1483
f 1610 1434 1686
f 1697 1490 1526
f 1689 1675 1521
f 1303 1577 1685
f 1521 1303 1685
f 1524 1658 1684
f 1302 1417 1483
f 1544 1534 1697
f 1483 1691 1686
f 1526 1698 1529
f 1530 1405 1624
f 1697 1534 1490
f 1624 1684 1530
f 1417 1691 1483
f 1697 1526 1709
f 1691 1417 1539
f 1526 1529 1709
f 1422 1549 1410
f 1685 1577 1699
f 1577 1736 1699
f 1547 1530 1533
f 1736 1685 1699
f 1530 1684 1533
f 1539 1417 1690
f 1709 1313 1697
f 1711 1691 1539
f 1691 1711 1686
f 1313 1529 1704
f 1313 1709 1529
f 1527 1577 1316
f 1654 1539 1690
f 1544 1697 1313
f 1654 1711 1539
f 1688 1313 1704
f 1711 1710 1703
f 1415 1418 1544
f 1314 1429 1426
f 1527 1316 1541
f 1541 1316 1543
f 1654 1690 1537
f 1546 1415 1544
f 1710 1711 1715
f 1531 1313 1429
f 1544 1313 1531
f 1313 1688 1429
f 1711 1719 1715
f 1544 1531 1546
f 1719 1711 1654
f 1714 1429 1688
f 1702 1733 1688
f 1549 1422 1567
f 1537 1309 1550
f 1415 1546 1559
f 1567 1422 1718
f 1528 1557 1538
f 1567 1692 1407
f 1690 1309 1537
f 1654 1537 1719
f 1560 1429 1733
f 1537 1550 1719
f 1415 1559 1552
f 1552 1556 1415
f 1688 1733 1714
f 1531 1559 1546
f 1559 1531 1429
f 1072 1715 1719
f 1560 1426 1429
f 1072 1419 1715
f 1733 1429 1714
f 1710 1715 1703
f 1556 1559 1555
f 1556 1552 1559
f 1560 1559 1426
f 1572 1720 1541
f 1550 1570 1716
f 1543 1557 1541
f 1567 1718 1692
f 1556 1555 1311
f 1557 1543 1538
f 1572 1541 1557
f 1550 1716 1419
f 1072 1719 1419
f 1719 1550 1419
f 1559 1314 1426
f 1715 1419 1553
f 1715 1553 1703
f 1720 1732 1541
f 1560 1733 1725
f 1735 1553 1419
f 1562 1407 1578
f 1716 1570 1419
f 1407 1692 1578
f 1585 1583 1568
f 1578 1692 1721
f 1572 1557 1585
f 1419 1565 1735
f 1579 1560 1582
f 1725 1582 1560
f 1431 1562 1578
f 1576 1579 1582
f 1565 1596 1735
f 1431 1578 1423
f 1576 1582 1588
f 1728 1724 1585
f 1564 1423 1578
f 1598 1728 1568
f 1728 1585 1568
f 1599 1568 1594
f 1598 1826 1728
f 1564 1604 1423
f 1465 1444 1573
f 1465 1596 1444
f 1606 1588 1597
f 1826 1599 1737
f 1443 1439 1734
f 1599 1826 1598
f 1431 1604 1439
f 1465 1573 1566
f 1574 1599 1594
f 1423 1604 1431
f 1604 1457 1602
f 1737 1599 1615
f 1598 1568 1599
f 1439 1604 1602
f 1603 1615 1599
f 1599 1574 1603
f 1476 1588 1609
f 1588 1606 1609
f 1602 1457 1613
f 1734 1742 1443
f 1474 1737 1600
f 1439 1602 1734
f 1602 1613 1734
f 1737 1615 1600
f 1600 1615 1603
f 1474 1612 1737
f 1745 1613 1840
f 1440 1600 1603
f 1742 1734 1613
f 1443 1742 1352
f 1612 1474 1605
f 1613 1745 1740
f 1474 1600 1707
f 1613 1740 1742
f 1352 1742 1338
f 1601 1566 1467
f 1474 1755 1605
f 1740 1745 1739
f 1600 1440 1754
f 1754 1707 1600
f 1740 1625 1742
f 1754 1440 1738
f 1742 1760 1338
f 1753 1470 1851
f 1474 1500 1755
f 1738 1707 1754
f 1742 1625 1760
f 1354 1338 1760
f 1614 1354 1760
f 1474 1707 1757
f 1757 1500 1474
f 1707 1738 1620
f 1614 1760 1625
f 1460 1611 1477
f 1739 1480 1853
f 1757 1620 1749
f 1621 1623 1738
f 1625 1763 1626
f 1625 1626 1614
f 1623 1620 1738
f 1459 1479 1614
f 1851 1762 1855
f 1630 1762 1358
f 1614 1626 1763
f 1620 1623 1471
f 1632 1620 1471
f 1614 1635 1706
f 1635 1614 1425
f 1706 1459 1614
f 1477 1532 1489
f 1358 1762 1851
f 1749 1632 1481
f 1614 1763 1425
f 1620 1632 1749
f 1459 1706 1635
f 1487 1489 1532
f 1632 1777 1481
f 1425 1763 1780
f 1635 1425 1459
f 1630 1349 1762
f 1487 1532 1634
f 1763 1772 1780
f 1777 1632 1633
f 1425 1780 1468
f 1633 1638 1777
f 1468 1780 1491
f 1487 1634 1649
f 1349 1371 1629
f 1349 1629 1769
f 1651 1487 1649
f 1633 1648 1638
f 1779 1777 1638
f 1772 1495 1780
f 1648 1779 1638
f 1491 1780 1364
f 1787 1777 1779
f 1784 1789 1779
f 1647 1499 1558
f 1648 1784 1779
f 1629 1371 1650
f 1647 1784 1648
f 1661 1644 1660
f 1780 1785 1364
f 1647 1932 1784
f 1371 1644 1650
f 1661 1650 1644
f 1275 1652 1796
f 1642 1651 1645
f 1660 1882 1661
f 1932 1647 1558
f 1660 1653 1659
f 1558 1498 1932
f 1642 1645 1663
f 1652 1794 1270
f 1666 1660 1659
f 1656 1660 1666
f 1797 1666 1659
f 1652 1270 1796
f 1790 1385 1663
f 1664 1672 1797
f 1656 1666 1668
f 1378 1275 1796
f 1882 1660 1656
f 1798 1385 1790
f 1797 1672 1801
f 1666 1797 1801
f 1280 1385 1798
f 1505 1280 1798
f 1674 1378 1796
f 1802 1378 1674
f 1280 1505 1387
f 1705 1521 1685
f 1801 1672 1800
f 1679 1801 1800
f 1810 1505 1890
f 1378 1802 1376
f 1802 1674 1805
f 1376 1802 1805
f 1674 1796 1805
f 1376 1805 1813
f 1805 1796 1813
f 1671 1507 1680
f 1680 1670 1677
f 1809 1510 1505
f 1810 1809 1505
f 1809 1810 1898
f 1803 1673 1813
f 1676 1811 1667
f 1893 1667 1811
f 1896 1813 1956
f 1896 1803 1813
f 1670 1516 1677
f 1680 1677 1516
f 1807 1680 1516
f 1808 1680 1807
f 1898 1903 1809
f 1679 1808 1814
f 1808 1681 1814
f 1808 1807 1681
f 1902 1903 1898
f 1807 1516 1681
f 1681 1516 1682
f 1814 1681 1682
f 1814 1682 1683
f 1518 1814 1683
f 1689 1696 1698
f 1529 1698 1694
f 1658 1687 1701
f 1687 1610 1693
f 1684 1658 1701
f 1689 1521 1696
f 1693 1686 1712
f 1610 1686 1693
f 1687 1693 1701
f 1686 1711 1712
f 1688 1704 1529
f 1696 1521 1705
f 1533 1693 1817
f 1698 1696 1694
f 1693 1712 1817
f 1701 1693 1533
f 1694 1702 1688
f 1712 1711 1703
f 1696 1732 1713
f 1696 1713 1694
f 1527 1657 1577
f 1665 1577 1657
f 1736 1577 1665
f 1736 1696 1705
f 1685 1736 1705
f 1688 1529 1694
f 1712 1703 1817
f 1702 1694 1713
f 1684 1701 1533
f 1696 1736 1665
f 1758 1422 1547
f 1657 1696 1665
f 1703 1553 1727
f 1703 1700 1817
f 1547 1533 1758
f 1541 1732 1527
f 1817 1758 1533
f 1718 1758 1817
f 1718 1817 1554
f 1696 1657 1732
f 1692 1729 1554
f 1700 1703 1822
f 1822 1703 1825
f 1717 1733 1702
f 1717 1713 1732
f 1422 1758 1718
f 1729 1718 1554
f 1713 1717 1702
f 1554 1817 1822
f 1657 1527 1732
f 1727 1825 1703
f 1817 1700 1822
f 1692 1718 1729
f 1733 1717 1732
f 1825 1824 1822
f 1733 1732 1725
f 1824 1727 1822
f 1692 1554 1721
f 1741 1822 1727
f 1585 1723 1572
f 1824 1825 1727
f 1553 1726 1727
f 1822 1741 1554
f 1723 1725 1732
f 1572 1723 1720
f 1732 1720 1723
f 1582 1725 1597
f 1727 1726 1741
f 1554 1595 1721
f 1725 1723 1584
f 1595 1554 1741
f 1723 1585 1584
f 1724 1584 1585
f 1595 1578 1721
f 1726 1553 1735
f 1597 1725 1584
f 1595 1726 1564
f 1726 1735 1593
f 1728 1584 1724
f 1741 1726 1595
f 1735 1596 1722
f 1582 1597 1588
f 1596 1465 1722
f 1595 1564 1578
f 1728 1823 1584
f 1726 1593 1564
f 1593 1735 1589
f 1584 1823 1597
f 1722 1837 1735
f 1589 1735 1837
f 1826 1823 1728
f 1564 1593 1589
f 1604 1564 1589
f 1606 1597 1823
f 1450 1837 1465
f 1606 1823 1826
f 1604 1589 1457
f 1722 1465 1837
f 1612 1826 1737
f 1612 1605 1826
f 1837 1450 1589
f 1457 1589 1613
f 1831 1606 1827
f 1826 1827 1606
f 1589 1608 1613
f 1606 1730 1609
f 1730 1606 1831
f 1589 1450 1608
f 1826 1605 1827
f 1840 1608 1450
f 1613 1608 1840
f 1601 1744 1450
f 1450 1465 1601
f 1542 1625 1618
f 1840 1450 1744
f 1730 1831 1827
f 1851 1622 1753
f 1605 1730 1827
f 1744 1745 1840
f 1465 1566 1601
f 1611 1609 1730
f 1743 1744 1601
f 1461 1467 1470
f 1841 1757 1707
f 1601 1467 1461
f 1470 1753 1622
f 1622 1461 1470
f 1611 1730 1747
f 1847 1743 1601
f 1740 1618 1625
f 1730 1605 1747
f 1744 1743 1847
f 1611 1747 1477
f 1461 1622 1601
f 1605 1755 1747
f 1744 1847 1745
f 1847 1844 1745
f 1601 1622 1847
f 1739 1745 1844
f 1755 1500 1849
f 1755 1849 1747
f 1844 1480 1739
f 1851 1847 1622
f 1844 1847 1480
f 1841 1707 1620
f 1740 1739 1618
f 1847 1445 1480
f 1747 1761 1477
f 1761 1747 1500
f 1849 1500 1747
f 1618 1739 1542
f 1847 1851 1445
f 1761 1500 1857
f 1532 1477 1761
f 1500 1846 1857
f 1854 1500 1757
f 1542 1739 1853
f 1620 1757 1841
f 1480 1445 1627
f 1761 1776 1532
f 1855 1445 1851
f 1776 1761 1857
f 1445 1855 1627
f 1853 1480 1627
f 1627 1767 1853
f 1853 1767 1839
f 1749 1854 1757
f 1542 1763 1625
f 1853 1839 1542
f 1631 1776 1857
f 1855 1858 1627
f 1846 1500 1782
f 1839 1767 1848
f 1542 1839 1763
f 1782 1500 1854
f 1649 1634 1863
f 1855 1762 1858
f 1532 1776 1634
f 1857 1846 1631
f 1631 1634 1776
f 1627 1764 1767
f 1627 1858 1764
f 1764 1858 1766
f 1764 1766 1767
f 1782 1774 1846
f 1767 1833 1848
f 1793 1854 1481
f 1774 1771 1846
f 1793 1782 1854
f 1484 1774 1782
f 1839 1848 1655
f 1481 1854 1749
f 1763 1839 1860
f 1766 1859 1767
f 1778 1631 1846
f 1773 1634 1631
f 1846 1771 1778
f 1762 1769 1858
f 1631 1778 1771
f 1766 1858 1769
f 1773 1631 1771
f 1767 1859 1833
f 1867 1481 1482
f 1860 1862 1772
f 1481 1867 1793
f 1793 1867 1424
f 1777 1867 1482
f 1481 1777 1482
f 1763 1860 1772
f 1762 1349 1769
f 1766 1769 1775
f 1634 1773 1863
f 1629 1775 1769
f 1911 1777 1641
f 1911 1867 1777
f 1863 1773 1771
f 1766 1765 1640
f 1766 1775 1765
f 1766 1640 1795
f 1636 1771 1774
f 1639 1629 1650
f 1772 1783 1495
f 1863 1771 1636
f 1780 1495 1937
f 1775 1629 1765
f 1641 1777 1922
f 1649 1786 1645
f 1789 1787 1779
f 1497 1863 1786
f 1640 1765 1873
f 1765 1639 1873
f 1765 1629 1639
f 1649 1863 1497
f 1649 1497 1786
f 1636 1786 1863
f 1777 1787 1789
f 1922 1777 1789
f 1789 1784 1932
f 1645 1636 1791
f 1645 1786 1636
f 1639 1650 1873
f 1873 1650 1661
f 1780 1937 1785
f 1873 1661 1882
f 1651 1649 1645
f 1842 1655 1848
f 1785 1662 1652
f 1790 1645 1791
f 1928 1882 1886
f 1663 1645 1790
f 1882 1656 1886
f 1643 1932 1498
f 1794 1662 1785
f 1879 1932 1894
f 1643 1894 1932
f 1934 1790 1791
f 1652 1662 1794
f 1886 1656 1946
f 1946 1656 1668
f 1643 1788 1888
f 1790 1934 1895
f 1801 1668 1666
f 1798 1790 1895
f 1890 1505 1798
f 1796 1270 1887
f 1890 1798 1895
f 1672 1671 1800
f 1788 1667 1952
f 1759 1484 1782
f 1800 1680 1892
f 1671 1680 1800
f 1813 1796 1887
f 1888 1788 1952
f 1887 2008 1813
f 1679 1800 1892
f 2003 1679 1814
f 1801 1679 2003
f 1892 1680 1808
f 1903 1812 1811
f 1892 1808 1679
f 1890 1898 1810
f 1902 1898 1890
f 2003 1814 1904
f 1814 1958 1904
f 1814 1803 1958
f 1903 1902 1816
f 1958 1803 1896
f 1903 1816 1815
f 1815 1812 1903
f 1815 1811 1812
f 1813 1957 1956
f 1957 1813 1897
f 1815 1893 1811
f 1475 1862 1860
f 1475 1655 1862
f 1759 1782 1793
f 1839 1475 1860
f 1484 1819 1774
f 1655 1475 1839
f 1833 1859 1848
f 1424 1759 1793
f 1868 1820 1876
f 1905 1907 1908
f 1859 1766 1795
f 1804 1868 1876
f 1820 1868 1874
f 1484 1759 1871
f 1655 1756 1862
f 1978 1820 1874
f 1868 1804 1874
f 1871 1759 1922
f 1905 1908 1975
f 1251 1819 1484
f 1251 1484 1871
f 1911 1424 1867
f 1772 1862 1916
f 1424 1922 1759
f 1783 1772 1916
f 1922 1424 1911
f 1862 1872 1916
f 1876 1637 1804
f 1978 1874 1249
f 1975 1908 1880
f 1804 1637 1925
f 1880 1908 1885
f 1925 1874 1804
f 1637 1876 1919
f 1919 1925 1637
f 1774 1884 1636
f 1774 1819 1251
f 1874 1875 1979
f 1495 1783 1877
f 1249 1874 1979
f 1783 1916 1877
f 1874 1925 1875
f 1979 1875 1925
f 1975 1880 1924
f 1911 1641 1922
f 1925 1919 1920
f 1884 1774 1251
f 1791 1636 1884
f 1884 1251 1921
f 1924 1880 1885
f 1928 1795 1640
f 1924 1980 1975
f 1925 1920 1492
f 1925 1930 1979
f 1924 1885 1942
f 1492 1920 1923
f 1640 1873 1882
f 1935 1795 1928
f 1971 1922 1789
f 1933 1495 1877
f 1937 1495 1933
f 1918 1922 1971
f 1925 1492 1930
f 1930 1492 1933
f 1918 1917 1922
f 1640 1882 1928
f 1789 1932 1971
f 1933 1785 1937
f 1924 1942 1938
f 1794 1933 1492
f 1931 1938 1942
f 1971 1938 1931
f 1971 1932 1938
f 1492 1781 1794
f 1785 1933 1794
f 1492 1923 1781
f 1936 1934 1791
f 1938 1932 1879
f 1794 1781 1270
f 1938 1879 1894
f 1938 1939 1924
f 1938 1894 1939
f 1938 1980 1924
f 1980 1938 1942
f 1894 1938 1939
f 1939 1938 1924
f 1886 1946 1935
f 1894 1643 2007
f 2007 1938 1894
f 1270 1941 1887
f 1941 1270 1781
f 1947 1946 1668
f 1934 1945 1895
f 2003 1947 1668
f 1887 2002 2008
f 2007 1643 1888
f 1943 2002 1887
f 1668 1801 2003
f 1891 1895 1951
f 1895 1891 1899
f 1952 1953 1888
f 1813 2008 2017
f 1895 1899 1890
f 1899 1891 1890
f 1890 1891 1902
f 2068 1667 1893
f 2068 1952 1667
f 1897 1813 1959
f 1815 2068 1893
f 1959 1813 2017
f 2003 1904 2064
f 1816 1901 1815
f 1896 1956 1958
f 1655 1842 1756
f 1792 1866 1581
f 1750 1866 1836
f 1581 1866 1845
f 1792 1856 1866
f 1856 1836 1866
f 1759 1409 1929
f 1906 1324 2020
f 1748 1908 1619
f 1756 1842 1852
f 1792 1820 1856
f 1619 1908 1907
f 1850 1906 1905
f 1581 1876 1792
f 1907 1905 1906
f 1829 1850 1905
f 1876 1581 2024
f 1919 1876 2024
f 1581 1965 2024
f 1842 1927 1865
f 1908 1748 1972
f 1969 1748 1563
f 1967 1820 1799
f 1792 1876 1820
f 1748 1619 1907
f 1759 1929 1770
f 1842 1473 1927
f 1409 1770 1915
f 1842 1865 1852
f 1756 1852 1872
f 1770 1409 1759
f 1848 1859 1473
f 1915 1770 1910
f 1872 1852 1865
f 1799 1974 1872
f 1910 1871 1922
f 1862 1756 1872
f 1978 1799 1820
f 1799 1865 1970
f 1748 1969 1972
f 1974 1799 1978
f 1908 1972 1917
f 1962 1905 1975
f 1878 1859 1795
f 1878 1473 1859
f 1914 1871 1929
f 1770 1929 1871
f 1842 1848 1473
f 1871 1914 1251
f 1969 1915 1910
f 1871 1910 1770
f 1972 1969 1910
f 1872 1974 1973
f 1974 1978 1973
f 1885 1908 1917
f 1913 1986 1919
f 1966 1878 1795
f 1914 1883 1251
f 1984 1910 1922
f 1877 1916 1872
f 1877 1872 1912
f 1251 1883 1921
f 1912 1978 1979
f 1966 1795 1935
f 1975 1980 2035
f 1933 1877 1930
f 1978 1249 1979
f 1930 1912 1979
f 1322 1922 1917
f 1920 1986 1923
f 1986 1920 1919
f 2031 1962 1975
f 2035 2031 1975
f 1984 1322 1917
f 1930 1877 1912
f 1984 1922 1322
f 1971 1942 1885
f 1885 1918 1971
f 1917 1918 1885
f 1980 1983 2035
f 1936 1791 1884
f 1942 1983 1980
f 1942 1971 1931
f 1942 1994 1983
f 1856 1926 1836
f 1781 1923 2005
f 1884 1921 1936
f 1936 1945 1934
f 1942 1938 1940
f 1941 1781 2005
f 1928 1886 1935
f 1948 1945 1936
f 1938 2007 1940
f 1935 1946 1947
f 1994 1942 1940
f 1887 1941 2005
f 2007 1949 1940
f 1935 1947 1997
f 2005 1943 1887
f 1948 1950 1895
f 1895 1945 1948
f 1999 1949 2006
f 2002 1943 1944
f 2006 1949 2007
f 1951 1895 1950
f 1951 1950 2058
f 1806 1816 1902
f 1888 1953 2007
f 2007 1953 2006
f 1891 1951 2058
f 2016 2017 2008
f 2068 1953 1952
f 2017 2016 2077
f 1902 1891 1806
f 1958 2019 1904
f 1891 1816 1806
f 1891 2014 1816
f 1958 1956 2069
f 2014 1891 2018
f 2069 1957 2015
f 1815 1901 2014
f 2069 1956 1957
f 2014 1901 1816
f 1815 2014 2071
f 2015 1957 1897
f 1815 2071 2068
f 2077 1959 2017
f 2015 1897 1959
f 2015 1959 2077
f 1458 1850 1829
f 1906 1850 1458
f 1581 1845 1965
f 1324 1960 1751
f 1960 1906 1458
f 1866 1861 1845
f 1866 1750 1861
f 1965 1845 1861
f 1960 1458 1963
f 1960 1324 1906
f 1927 1856 1967
f 2024 1965 2084
f 1829 1905 2027
f 1927 1926 1856
f 1915 1929 1409
f 1750 1926 1927
f 1750 1927 2032
f 2020 1907 1906
f 2020 1324 1751
f 1926 1750 1836
f 2020 2040 1907
f 1563 1907 2040
f 1820 1967 1856
f 1748 1907 1563
f 1905 1962 2027
f 1919 2024 1913
f 1962 1987 2027
f 1617 2032 1927
f 1617 1927 1473
f 1865 1927 1970
f 1563 2040 1961
f 1967 2025 1927
f 1970 1967 1799
f 1969 2029 1915
f 1970 1927 2025
f 1799 1872 1865
f 1969 1563 2029
f 1970 2025 2038
f 1967 1970 2038
f 1563 1961 2029
f 1962 2031 1987
f 1914 1929 1915
f 1995 1989 1982
f 1913 2024 2084
f 2040 2020 1881
f 2025 1617 2038
f 1912 1973 1978
f 1915 1977 2041
f 1617 1967 1985
f 1617 2025 1967
f 1915 2029 1977
f 1986 1913 2034
f 1912 1872 1973
f 2031 2035 1988
f 1981 2031 1988
f 2034 1989 1986
f 1988 2035 1983
f 1617 1768 2038
f 1985 2032 1617
f 1473 1768 1617
f 1914 1915 1883
f 1993 1878 1966
f 1972 1984 1917
f 1910 1984 1972
f 1995 1535 1989
f 1986 1989 1976
f 1535 1976 1989
f 1976 1923 1986
f 1923 1976 1535
f 1923 1535 2005
f 1995 2005 1535
f 1473 1878 1768
f 1883 1915 2041
f 2106 2041 1977
f 2041 2106 1883
f 1768 1993 2045
f 1990 1983 1994
f 1988 1983 1990
f 2001 1921 1883
f 2001 1883 2106
f 1936 1921 2001
f 1966 1935 1993
f 2092 1768 2045
f 1768 1878 1993
f 2005 1995 1992
f 2005 1992 2048
f 2103 1990 1994
f 1997 1993 1935
f 1936 2001 1948
f 1997 1947 1993
f 2001 2106 2050
f 2057 1948 2050
f 2051 2005 2048
f 1940 1949 1994
f 1943 2005 1944
f 1992 2051 2048
f 1950 2057 2058
f 1947 2003 1991
f 1948 2001 2050
f 1993 1947 1991
f 1950 1948 2057
f 1999 1994 1949
f 2051 1944 2005
f 1458 1829 2099
f 1991 2003 2056
f 2013 2057 2004
f 1944 2137 2063
f 2009 2057 2013
f 2058 2057 2009
f 2056 2064 1991
f 2064 2056 2003
f 2009 2013 2058
f 2006 2062 2066
f 2118 2067 2008
f 2002 2063 2008
f 1953 2062 2006
f 1944 2063 2002
f 1953 2066 2062
f 1991 2064 1996
f 2008 2063 2118
f 2019 1996 2064
f 2058 2061 1891
f 2058 2013 2061
f 2013 1891 2061
f 1891 2013 2018
f 2066 1953 2068
f 2067 2016 2008
f 2068 2071 2075
f 2068 2075 2066
f 2019 1958 1954
f 2064 1904 2019
f 2076 2070 2019
f 2069 2076 2019
f 2059 2014 2018
f 2014 2059 2060
f 2069 2015 2077
f 2071 2014 2060
f 2076 2069 2077
f 1954 1958 2069
f 2019 1954 2069
f 2078 1955 1750
f 1838 1861 2021
f 1335 2099 1829
f 2099 1963 1458
f 2028 1750 1955
f 2028 1861 1750
f 1337 1751 1963
f 1963 1751 1960
f 1965 1838 2084
f 1838 1965 1861
f 1335 1829 2086
f 1861 1427 2021
f 1427 1861 2096
f 2078 1750 2032
f 2096 1861 2028
f 1337 2033 1751
f 2086 1829 2027
f 2078 2032 1628
f 2086 2027 1987
f 1964 2030 2084
f 1987 2088 2086
f 1592 2086 2088
f 2084 2030 1913
f 1964 2087 2030
f 1964 1982 2089
f 1964 2079 1982
f 1982 1989 2089
f 1909 1592 1548
f 2020 1751 2033
f 1317 2032 1869
f 2082 1913 2030
f 2030 1989 2082
f 2087 1989 2030
f 2087 1964 2089
f 1989 2087 2089
f 2088 1981 1592
f 2020 2054 1881
f 2033 2054 2020
f 2037 1967 2038
f 2082 1989 2034
f 2031 2088 1987
f 1961 2098 2029
f 2082 2034 1913
f 2031 1981 2088
f 1995 1982 2039
f 2040 1881 1870
f 2042 1881 2131
f 2032 2044 1869
f 2040 1870 1961
f 2043 2032 1985
f 1881 2054 2131
f 1977 2029 2098
f 2098 1961 1870
f 2105 1988 1990
f 1988 2105 1981
f 2000 2105 1990
f 1998 1995 2039
f 2037 2038 1768
f 2092 1967 2037
f 1881 2042 1870
f 2032 2043 2044
f 2092 1985 1967
f 1977 2098 1870
f 1768 2092 2037
f 2101 1977 1870
f 2046 1870 2042
f 1870 2046 2101
f 2092 2045 1985
f 2106 1977 2101
f 2000 1990 2103
f 2051 1992 1998
f 1992 1995 1998
f 2000 2104 2107
f 1985 2049 2043
f 2045 1993 2049
f 2042 2101 2046
f 2103 1999 2104
f 2000 2103 2104
f 2103 1994 1999
f 1985 2045 2049
f 2106 2101 2050
f 1999 2006 2052
f 2101 2046 2112
f 2050 2101 2112
f 1944 2051 2137
f 2052 2104 1999
f 2137 2051 2108
f 2012 2114 2043
f 2052 2111 2104
f 1993 1991 2049
f 2004 2057 2050
f 1991 1996 2049
f 2013 2004 2050
f 2111 2052 2006
f 2013 2050 2113
f 2012 2043 1996
f 1996 2043 2049
f 2113 2050 2112
f 2140 2065 2113
f 2111 2006 2066
f 2116 2118 2063
f 2116 2063 2135
f 2012 1996 2011
f 2119 2012 2011
f 2065 2013 2113
f 2060 2136 2075
f 2016 2072 2077
f 2060 2075 2073
f 2075 2071 2073
f 2066 2075 2174
f 2019 2011 1996
f 2065 2018 2013
f 2119 2070 2122
f 2059 2018 2065
f 2119 2011 2070
f 2011 2019 2070
f 2122 2070 2076
f 2059 2065 2060
f 2122 2076 2072
f 2073 2071 2060
f 2016 2067 2072
f 2076 2077 2072
f 1832 2096 2028
f 1963 2099 2240
f 1427 1838 2021
f 1337 1963 1545
f 2084 1838 2126
f 1838 1427 1616
f 1592 1864 1968
f 1616 2126 1838
f 1695 2099 2081
f 2126 1616 2053
f 2079 1964 1616
f 2099 2036 2081
f 2079 1616 1708
f 2053 1616 1469
f 2099 1335 2086
f 1628 1955 2078
f 1628 1832 2028
f 1545 1963 1835
f 1955 1628 2028
f 2053 1964 2126
f 2099 1864 2036
f 1616 1964 1469
f 2053 1469 1964
f 2099 1968 1864
f 1964 2084 2126
f 1968 2099 2086
f 2036 1864 1592
f 2036 1592 2022
f 2022 1592 1909
f 1909 2036 2022
f 1909 1447 2036
f 2086 1592 1968
f 1982 2079 2039
f 2090 1548 1592
f 2032 1317 1628
f 1592 1981 2090
f 2033 2095 2054
f 1835 1963 2240
f 1981 2105 2090
f 2097 1998 2039
f 1869 2044 2102
f 2105 2000 2094
f 1998 2097 2129
f 2044 2043 2102
f 2131 2054 2132
f 2102 2043 2100
f 2130 2094 2000
f 2131 2132 2101
f 2000 2107 2130
f 1998 2129 2051
f 2108 2051 2129
f 2042 2131 2101
f 2046 2101 2112
f 2043 2114 2100
f 2112 2101 2132
f 2132 2117 2112
f 2100 2114 2110
f 2010 2113 2112
f 2047 2112 2117
f 2108 2109 2137
f 2012 2119 2114
f 2010 2112 2047
f 2010 2047 2113
f 2063 2137 2135
f 2111 2066 2174
f 2113 2047 2140
f 2114 2119 2133
f 2122 2133 2119
f 2140 2138 2065
f 2047 2141 2140
f 2060 2065 2138
f 2060 2138 2140
f 2047 2055 2141
f 2133 2120 2115
f 2060 2140 2141
f 2122 2072 2121
f 2121 2072 2120
f 2174 2075 2134
f 2075 2136 2134
f 2067 2118 2170
f 2118 2116 2170
f 2120 2122 2121
f 2116 2135 2170
f 2133 2122 2120
f 2141 2136 2060
f 2120 2072 2067
f 2170 2120 2067
f 1828 2143 1843
f 1889 1321 1843
f 1843 1427 1889
f 1889 1427 2096
f 1236 1708 1843
f 1321 1828 1843
f 2099 1695 2240
f 1834 1832 2180
f 1695 2081 2240
f 1616 1427 1843
f 2143 1236 1843
f 2240 2175 2144
f 1843 1708 1616
f 2175 2240 2081
f 2175 2081 1746
f 1236 2143 2124
f 1236 2124 1708
f 2026 2079 1708
f 1828 1321 1646
f 1832 1628 2180
f 1746 1447 1909
f 2081 1447 1746
f 1447 2081 2036
f 2026 1708 2124
f 1545 2145 1337
f 1545 1835 2145
f 2026 2039 2079
f 1746 1909 2085
f 2155 2039 2151
f 1337 2145 2095
f 2095 2033 1337
f 1909 1548 2187
f 2187 2085 1909
f 1628 1317 2153
f 2154 2153 1317
f 2187 2090 2094
f 2097 2039 2156
f 2090 2187 1548
f 2039 2155 2156
f 1317 1869 2154
f 1315 2054 2095
f 2145 2128 2095
f 1869 2184 2154
f 2054 1315 2128
f 2090 2105 2094
f 2156 2129 2097
f 2184 1869 2102
f 2184 2102 2159
f 2108 2129 2156
f 2054 2128 2132
f 2102 2100 2159
f 2130 2093 2094
f 2132 2128 2166
f 2110 2159 2100
f 2107 2165 2130
f 2117 2132 2193
f 2074 2107 2104
f 2108 2189 2109
f 2107 2074 2165
f 1321 1889 1646
f 2110 2114 2115
f 2111 2074 2104
f 2137 2109 2173
f 2114 2133 2115
f 2055 2117 2194
f 2171 2111 2174
f 2191 2171 2174
f 2171 2074 2111
f 2215 2137 2173
f 2197 2074 2171
f 2055 2047 2117
f 2141 2055 2136
f 2115 2120 2168
f 2169 2055 2194
f 2136 2169 2194
f 2169 2136 2055
f 2139 2174 2134
f 2139 2136 2191
f 2168 2120 2170
f 2139 2134 2136
f 2168 2170 2172
f 2191 2174 2139
f 2170 2135 2215
f 2196 2170 2215
f 2215 2135 2137
f 2142 2240 2144
f 1834 2096 1832
f 2143 1561 2146
f 2144 1900 2150
f 2143 1828 1830
f 1900 2144 2175
f 1561 2143 1830
f 2175 1746 2149
f 2143 2146 2124
f 2124 2146 2026
f 1834 1646 2096
f 1889 2096 1646
f 2177 1746 2085
f 1628 2153 1193
f 2149 1746 2178
f 1193 2179 2180
f 2178 1746 2177
f 2177 2149 2178
f 2026 2151 2039
f 1628 1193 2180
f 1315 2095 2128
f 1193 2153 2154
f 2157 2156 2155
f 2187 2094 2213
f 2156 2157 2247
f 2160 2208 2184
f 2128 2188 2217
f 2108 2156 2247
f 2108 2247 2189
f 2093 2216 2094
f 2184 2159 2160
f 2217 2166 2128
f 2160 2159 2208
f 2093 2130 2165
f 2189 2161 2109
f 2132 2166 2193
f 2159 2110 2190
f 2166 2221 2193
f 2109 2161 2173
f 2074 2162 2165
f 2190 2110 2163
f 2110 2115 2163
f 2163 2115 2195
f 2198 2197 2191
f 2215 2161 2214
f 2173 2161 2215
f 2074 2197 2198
f 2115 2168 2199
f 2136 2164 2200
f 2199 2168 2195
f 2168 2172 2195
f 2136 2194 2164
f 2195 2115 2199
f 2191 2200 2164
f 2136 2200 2191
f 2196 2195 2170
f 2172 2170 2195
f 2191 2197 2171
f 2023 1830 1828
f 2150 1900 2231
f 2023 1828 1646
f 2201 2231 1900
f 1900 2175 2201
f 2201 2175 2080
f 1561 2091 2146
f 2146 2091 2026
f 2142 2144 2150
f 2080 2149 2177
f 2175 2149 2080
f 2026 2182 2151
f 2123 2026 2091
f 2026 2123 2182
f 1646 1834 2127
f 2127 1834 2180
f 2202 2180 2179
f 2181 2155 2151
f 2181 2151 2152
f 2243 2177 2085
f 2239 2177 2243
f 2155 2181 2152
f 2152 2183 2155
f 2128 2145 2188
f 2179 1193 2154
f 2155 2183 2276
f 2155 2276 2185
f 2209 2186 2145
f 2188 2145 2186
f 2208 2179 2154
f 2247 2155 2185
f 2085 2187 2243
f 2208 2154 2184
f 2157 2155 2247
f 2213 2094 2218
f 2213 2218 2187
f 2208 2271 1381
f 2217 2188 2223
f 2218 2094 2216
f 2216 2093 2165
f 2219 2216 2165
f 2225 2189 2220
f 2159 2271 2208
f 2271 2159 2190
f 2166 2217 2221
f 2271 2190 2245
f 2161 2189 2225
f 2161 2225 2259
f 2219 2165 2162
f 2194 2117 2193
f 2164 2194 2193
f 2193 2221 2164
f 2196 2215 2226
f 2226 2215 2214
f 2227 2191 2164
f 2198 2191 2227
f 2195 2196 2226
f 2214 2161 2259
f 2219 2162 2198
f 2074 2198 2162
f 2163 2195 2226
f 2147 2231 2201
f 1561 1830 1731
f 2236 1731 2148
f 1731 1830 2023
f 1731 2023 2148
f 1561 1731 2203
f 2201 2080 2230
f 1561 2203 2091
f 2293 2230 2080
f 2123 2091 2204
f 2148 2023 1646
f 2150 2231 1569
f 1646 2269 2148
f 2236 2206 1731
f 1569 2231 2263
f 2269 1646 2125
f 2125 1646 2127
f 2241 2240 2142
f 2125 2127 2269
f 2127 2202 2265
f 2150 2241 2142
f 2238 2293 2080
f 2151 2182 2152
f 2238 2080 2177
f 2238 2177 2293
f 2152 2182 2192
f 2180 2202 2127
f 1835 2240 2145
f 2231 2147 2263
f 2127 2265 2269
f 2257 2293 2177
f 2257 2177 2239
f 2202 2179 2270
f 2240 2209 2145
f 2152 2192 2183
f 2183 2242 2276
f 2210 2243 2187
f 2179 2208 1381
f 2276 2242 2249
f 2211 2247 2276
f 2242 2275 2249
f 2247 2185 2276
f 2223 2188 2186
f 2179 1381 2250
f 2218 2210 2187
f 2203 1731 2206
f 2216 2305 2218
f 2220 2189 2247
f 2219 2246 2216
f 2305 2216 2246
f 2225 2220 2247
f 2251 2271 2245
f 2217 2223 2221
f 2259 2225 2261
f 2190 2163 2226
f 2227 2164 2221
f 2245 2190 2226
f 2228 2245 2226
f 2221 2224 2227
f 2224 2255 2227
f 2226 2222 2228
f 2226 2214 2222
f 2198 2227 2255
f 2255 2219 2198
f 2256 2214 2262
f 2222 2214 2256
f 2253 2219 2255
f 2214 2259 2262
f 2091 2203 2204
f 2204 2203 2266
f 2230 2293 2176
f 2176 2293 2233
f 2269 2236 2148
f 2123 2204 2207
f 2150 1569 2241
f 2207 2182 2123
f 2192 2182 2207
f 2240 2241 2209
f 2202 2270 2265
f 2278 2179 2250
f 2239 2243 2205
f 2257 2239 2205
f 2242 2183 2277
f 2186 2209 2268
f 2242 2277 2275
f 2186 2327 2223
f 2271 2250 1381
f 2186 2268 2327
f 2280 2276 2249
f 2205 2243 2281
f 2281 2243 2210
f 2280 2287 2276
f 2248 2223 2327
f 2280 2249 2287
f 2249 2275 2287
f 2276 2287 2211
f 2236 2212 2203
f 2282 2271 2251
f 2247 2211 2261
f 2281 2210 2218
f 2223 2248 2221
f 2225 2247 2261
f 2248 2254 2221
f 2251 2245 2289
f 2248 2252 2254
f 2228 2222 2256
f 2256 2262 2288
f 2259 2261 2332
f 2259 2332 2307
f 2246 2260 2305
f 2254 2284 2221
f 2284 2254 2252
f 2289 2245 2228
f 2224 2221 2284
f 2289 2228 2256
f 2255 2224 2284
f 2255 2284 2253
f 2256 2288 2289
f 2253 2260 2219
f 2288 2262 2259
f 2288 2259 2330
f 2246 2219 2260
f 2267 2266 2203
f 2229 2201 1818
f 2147 2201 2263
f 2212 2267 2203
f 2236 2203 2206
f 1818 2201 2230
f 2204 2266 2234
f 1818 2230 2176
f 2267 2234 2266
f 1821 2176 2233
f 1818 2263 2229
f 2263 2201 2229
f 2204 2234 2083
f 2083 2207 2204
f 2233 2293 1066
f 2232 2233 1066
f 2269 2312 2236
f 2192 2207 2083
f 2338 1066 2293
f 2312 2269 2265
f 2241 1569 2273
f 2293 2257 2338
f 2265 2272 2312
f 2192 2264 2277
f 2270 2179 2278
f 2192 2277 2183
f 2274 2257 2205
f 2272 2265 2270
f 2241 2273 2209
f 2278 2272 2270
f 2325 2275 2277
f 2250 2315 2278
f 2315 2250 2271
f 2209 2158 2268
f 2315 2271 2282
f 2327 2268 2158
f 2283 2274 2205
f 2282 2298 2315
f 2283 2205 2281
f 2299 2282 2251
f 2275 2325 2287
f 2211 2287 2258
f 2322 2283 2218
f 2298 2282 2321
f 2248 2285 2252
f 2281 2218 2283
f 2321 2282 2299
f 2285 2300 2284
f 2285 2284 2252
f 2299 2251 2330
f 2300 2354 2284
f 2332 2261 2167
f 2289 2288 2330
f 2167 2261 2211
f 2301 2218 2305
f 2251 2289 2330
f 2334 2284 2304
f 2253 2334 2260
f 2307 2330 2259
f 2253 2284 2334
f 2307 2332 2330
f 2305 2260 2334
f 1752 2267 2212
f 1818 2290 2237
f 2310 2244 2234
f 2234 1752 2310
f 2212 2236 2312
f 2290 1818 2176
f 2290 2176 1821
f 1752 2234 2267
f 2311 2083 2234
f 2311 2234 2244
f 2233 2232 1821
f 2257 2347 2338
f 1066 2338 2232
f 2263 1818 2346
f 2296 2344 2312
f 2272 2296 2312
f 2295 2212 2312
f 2257 2313 2347
f 2264 2192 2235
f 2273 1569 2314
f 2274 2313 2257
f 2273 2314 2209
f 2272 2278 2315
f 2313 2274 2347
f 2325 2277 2264
f 2347 2274 2316
f 2325 2264 2320
f 2316 2274 2352
f 2318 2327 2158
f 2317 2315 2298
f 2352 2274 2283
f 2258 2287 2325
f 2308 2258 2325
f 2308 2211 2258
f 2299 2298 2321
f 2285 2248 2300
f 2300 2248 2354
f 2354 2248 2327
f 2299 2330 2303
f 2299 2303 2298
f 2218 2301 2326
f 2322 2218 2326
f 2167 2211 2308
f 2284 2354 2304
f 2334 2304 2354
f 2330 2332 2333
f 2301 2305 2334
f 2332 2335 2333
f 2335 2332 2308
f 2326 2301 2334
f 2167 2308 2332
f 2292 2312 2337
f 2294 1752 2212
f 2294 2292 1752
f 2292 2294 2212
f 2290 1821 2237
f 2237 1821 2291
f 2310 1752 2309
f 1821 2232 2291
f 2244 2310 2311
f 2286 2311 2310
f 2291 2232 2360
f 2310 2340 2286
f 2295 2312 2292
f 2295 2292 2212
f 2342 2232 2338
f 2312 2344 2297
f 2235 2192 2343
f 1818 2339 2346
f 2192 2083 2311
f 2192 2311 2343
f 2311 2286 2343
f 1569 2263 2386
f 2314 1569 2386
f 2347 2342 2338
f 2367 2296 2272
f 2264 2235 2343
f 2209 2314 2371
f 2320 2264 2345
f 2367 2272 2315
f 2367 2315 2317
f 2158 2209 2371
f 2371 2351 2158
f 2318 2158 2351
f 2323 2317 2298
f 2283 2316 2352
f 2283 2322 2355
f 2283 2355 2316
f 2356 2325 2320
f 2351 2327 2318
f 2323 2298 2303
f 2351 2354 2327
f 2328 2354 2351
f 2323 2303 2330
f 2330 2333 2323
f 2359 2325 2356
f 2308 2325 2302
f 2322 2331 2355
f 2359 2308 2302
f 2325 2359 2302
f 2331 2328 2351
f 2354 2328 2334
f 2324 2323 2306
f 2323 2333 2306
f 2328 2331 2334
f 2331 2326 2334
f 2359 2324 2357
f 2306 2335 2308
f 2308 2357 2306
f 2306 2333 2335
f 2324 2306 2357
f 2331 2322 2326
f 2308 2359 2357
f 2337 1752 2292
f 2363 2309 2336
f 2364 2360 2232
f 2348 2312 2297
f 2339 1818 2279
f 1818 2237 2279
f 2291 2360 2237
f 2360 2279 2237
f 1752 2337 2336
f 2309 1752 2336
f 2340 2310 2309
f 2411 2232 2341
f 2358 2360 2364
f 2232 2411 2364
f 2411 2341 2432
f 2337 2312 2348
f 2348 2297 2344
f 2296 2367 2344
f 2343 2286 2365
f 2419 2343 2394
f 2342 2341 2232
f 2263 2346 2386
f 2343 2419 2264
f 2314 2386 2319
f 2342 2347 2350
f 2314 2319 2371
f 2345 2264 2419
f 2366 2367 2317
f 2350 2347 2368
f 2347 2397 2368
f 2345 2369 2320
f 2366 2317 2398
f 2347 2353 2397
f 2398 2323 2374
f 2349 2371 2400
f 2373 2347 2316
f 2356 2320 2382
f 2355 2373 2316
f 2347 2373 2353
f 2398 2317 2323
f 2371 2349 2351
f 2323 2324 2374
f 2349 2379 2351
f 2379 2331 2351
f 2375 2331 2379
f 2355 2375 2376
f 2331 2375 2355
f 2356 2382 2381
f 2380 2374 2324
f 2380 2324 2329
f 2329 2324 2359
f 2380 2329 2359
f 2380 2359 2383
f 2383 2359 2356
f 2380 2383 2356
f 2356 2381 2380
f 2361 2336 2337
f 2387 2360 2358
f 2389 2360 2387
f 2279 2360 2389
f 2388 2340 2309
f 2340 2388 2410
f 2279 2389 2339
f 2286 2340 2410
f 2410 2412 2286
f 2346 2339 2384
f 2348 2344 2392
f 2342 2432 2341
f 2365 2286 2394
f 2392 2344 2366
f 2344 2367 2366
f 2394 2343 2365
f 2432 2342 2409
f 2350 2372 2342
f 2372 2405 2342
f 2319 2413 2420
f 2386 2413 2319
f 2319 2422 2371
f 2369 2345 2419
f 2425 2372 2350
f 2400 2371 2422
f 2382 2320 2430
f 2397 2350 2368
f 2320 2369 2430
f 2353 2403 2397
f 2349 2400 2379
f 2399 2398 2374
f 2376 2400 2404
f 2370 2399 2374
f 2400 2375 2379
f 2375 2400 2376
f 2380 2370 2374
f 2381 2370 2380
f 2376 2404 2378
f 2353 2376 2378
f 2376 2353 2355
f 2373 2355 2353
f 2370 2381 2377
f 2377 2381 2382
f 2377 2382 2430
f 2336 1463 2388
f 2361 1463 2336
f 2336 2388 2363
f 2363 2388 2309
f 2358 2364 2411
f 2432 2358 2411
f 2361 2337 2348
f 2348 1463 2361
f 2339 2389 2384
f 2384 2389 2416
f 2412 2410 2414
f 2391 2412 2414
f 2451 2390 2348
f 2386 2346 2384
f 2386 2384 2413
f 2391 2286 2412
f 2286 2391 2453
f 2286 2453 2393
f 2348 2392 2451
f 2366 2451 2392
f 2286 2393 2394
f 2418 2451 2366
f 2394 2393 2453
f 2342 2405 2409
f 2418 2366 2398
f 2419 2394 2459
f 2422 2319 2420
f 2418 2398 2401
f 2372 2425 2405
f 2397 2403 2350
f 2350 2402 2425
f 2400 2378 2404
f 2369 2423 2430
f 2403 2402 2350
f 2398 2399 2401
f 2401 2399 2370
f 2400 2422 2395
f 2395 2422 2402
f 2395 2378 2400
f 2395 2402 2378
f 2401 2370 2431
f 2429 2401 2431
f 2431 2370 2429
f 2378 2402 2353
f 2429 2370 2377
f 2377 2430 2429
f 2402 2403 2353
f 2415 2388 1463
f 2387 2358 2396
f 2362 2388 2461
f 2388 2415 2461
f 2388 2362 2410
f 2410 2362 2433
f 2396 2432 2434
f 2410 2433 2414
f 2389 2387 2416
f 2358 2432 2396
f 2414 2435 2391
f 2348 2390 1463
f 2384 2416 2413
f 2387 2385 2416
f 2415 1463 2390
f 2434 2432 2448
f 2432 2409 2448
f 2451 2418 2442
f 2413 2424 2406
f 2405 2439 2409
f 2394 2453 2459
f 2401 2441 2418
f 2405 2425 2445
f 2419 2459 2369
f 2413 2406 2420
f 2418 2441 2442
f 2406 2422 2420
f 2422 2406 2427
f 2444 2441 2429
f 2406 2424 2427
f 2440 2427 2424
f 2445 2402 2440
f 2423 2369 2444
f 2430 2423 2444
f 2425 2402 2445
f 2444 2369 2458
f 2401 2429 2441
f 2422 2427 2402
f 2429 2446 2444
f 2402 2427 2440
f 2444 2446 2430
f 2446 2429 2430
f 2435 2414 2433
f 2461 2407 2362
f 2362 2407 2396
f 2434 2362 2436
f 2396 2434 2436
f 2362 2396 2436
f 2433 2362 2434
f 2461 2415 2408
f 2396 2407 2387
f 2415 2417 2454
f 2435 2433 2434
f 2413 2385 2455
f 2387 2449 2385
f 2434 2448 2435
f 2390 2417 2415
f 2417 2390 2451
f 2413 2416 2385
f 2435 2448 2452
f 2453 2391 2487
f 2413 2455 2443
f 2409 2450 2448
f 2417 2451 2442
f 2443 2424 2413
f 2417 2442 2454
f 2476 2450 2409
f 2439 2476 2409
f 2454 2442 2478
f 2440 2447 2445
f 2428 2476 2439
f 2459 2453 2426
f 2478 2442 2441
f 2443 2440 2424
f 2444 2478 2441
f 2438 2440 2443
f 2478 2444 2421
f 2478 2421 2456
f 2438 2447 2440
f 2447 2438 2445
f 2445 2438 2428
f 2458 2369 2459
f 2439 2405 2428
f 2445 2428 2405
f 2459 2456 2458
f 2426 2456 2459
f 2456 2421 2458
f 2421 2444 2458
f 2387 2461 2449
f 2387 2407 2461
f 2408 2460 2461
f 2415 2454 2408
f 2391 2435 2487
f 2385 2449 2455
f 2486 2464 2465
f 2465 2464 2466
f 2467 2466 2468
f 2408 2449 2460
f 2487 2435 2452
f 2485 2453 2487
f 2454 2483 2408
f 2483 2454 2475
f 2454 2478 2475
f 2477 2455 2471
f 2476 2469 2450
f 2457 2426 2453
f 2452 2448 2469
f 2457 2453 2485
f 2448 2450 2469
f 2443 2455 2477
f 2476 2471 2469
f 2438 2477 2428
f 2475 2473 2457
f 2426 2457 2473
f 2475 2478 2470
f 2477 2438 2443
f 2478 2456 2470
f 2428 2477 2472
f 2428 2472 2471
f 2472 2477 2471
f 2473 2475 2456
f 2470 2456 2475
f 2471 2476 2428
f 2456 2480 2473
f 2480 2426 2473
f 2456 2426 2480
f 2461 2460 2449
f 2408 2483 2479
f 2449 2408 2437
f 2467 2465 2466
f 2449 2437 2455
f 2479 2437 2408
f 2455 2437 2484
f 2464 2486 2481
f 2467 2468 2488
f 2465 2463 2486
f 2467 2463 2465
f 2463 2462 2486
f 2466 2464 2468
f 2462 2463 2487
f 2487 2467 2488
f 2467 2487 2463
f 2484 2486 2462
f 2487 2452 2462
f 2485 2487 2488
f 2474 2469 2471
f 2455 2474 2471
f 2484 2469 2455
f 2469 2474 2455
f 2479 2483 2457
f 2457 2483 2475
f 2469 2484 2462
f 2469 2462 2452
f 2457 2485 2479
f 2479 2485 2482
f 2437 2479 2482
f 2486 2437 2482
f 2437 2486 2484
f 2488 2468 2481
f 2468 2464 2481
f 2481 2486 2488
f 2485 2488 2486
f 2482 2485 2486
f 408 474 383
f 402 408 401
f 474 408 402
f 710 826 775
f 919 879 880
f 1012 978 979
f 1002 996 863
f 1006 901 1002
f 901 996 1002
f 978 1012 974
f 978 974 1014
f 1006 1037 901
f 1289 1114 981
f 1113 1114 1289
f 981 1214 1289
f 1191 1199 1356
f 1262 1199 1191
f 1214 1293 1218
f 1356 1199 1644
f 1389 1207 1514

