timestamp,pos1,pos2,pos3,pos4,pos5,aperture,goal_pos1,goal_pos2,goal_pos3,goal_pos4,goal_pos5,goal_aperture,current1,current2,current3,current4,current5,vel1,vel2,vel3,vel4,vel5,temp1,temp2,temp3,temp4,temp5,pwm1,pwm2,pwm3,pwm4,pwm5,volts1,volts2,volts3,volts4,volts5,force_x,force_y,force_z,force_gripper_x,force_gripper_y,force_gripper_z
0.01671290397644043,0.009203923997222016,-0.006135949331481344,0.021475822660184704,1.4864337255513556,-0.37275892188749166,-5.630057330201011,0.0122718986629626,-0.027611771991666,0.0153398733287033,1.4864337255513556,-0.373009809993055,-5.633031547587325,0.0,-239.41,-61.87,0.0,5.38,0.0,0.0,0.0,0.0,0.0,31,37,36,33,35,6,-82,-25,6,7,12.9,12.9,13.0,12.8,12.8,-999.0,-999.0,-999.0,0.0,0.0,0.0
0.032700300216674805,0.009203923997222016,-0.006135949331481344,0.019941835327314368,1.4848997382184852,-0.37275892188749166,-5.630057330201011,0.0122718986629626,-0.027611771991666,0.0153398733287033,1.4864337255513556,-0.373009809993055,-5.633031547587325,0.0,-234.03,-61.87,0.0,2.69,0.0,0.0,0.0,0.0,0.0,31,37,36,33,35,6,-82,-25,6,0,12.9,12.9,13.0,12.8,12.8,-999.0,-999.0,-999.0,0.0,0.0,0.0
0.048694610595703125,0.009203923997222016,-0.006135949331481344,0.019941835327314368,1.4848997382184852,-0.37275892188749166,-5.630057330201011,0.0122718986629626,-0.027611771991666,0.0153398733287033,1.4864337255513556,-0.373009809993055,-5.633031547587325,0.0,-239.41,-61.87,0.0,2.69,0.0,0.0,0.0,0.0,0.0,31,37,36,33,35,6,-82,-25,6,7,12.9,12.9,13.0,12.8,12.8,-999.0,-999.0,-999.0,0.0,0.0,0.0
0.06869292259216309,0.009203923997222016,-0.006135949331481344,0.019941835327314368,1.4848997382184852,-0.37275892188749166,-5.630057330201011,0.0107379113300923,-0.027611771991666,0.0153398733287033,1.4864337255513556,-0.373009809993055,-5.633031547587325,0.0,-239.41,-61.87,0.0,2.69,0.0,0.0,0.0,0.0,0.0,31,37,36,33,35,0,-82,-25,6,0,12.9,12.9,12.9,12.8,12.8,-999.0,-999.0,-999.0,0.0,0.0,0.0
0.08469676971435547,0.009203923997222016,-0.006135949331481344,0.019941835327314368,1.4848997382184852,-0.37275892188749166,-5.630057330201011,0.0107379113300923,-0.0260777846587957,0.0153398733287033,1.4864337255513556,-0.373009809993055,-5.633031547587325,0.0,-215.2,-61.87,0.0,2.69,0.0,0.0,0.0,0.0,0.0,31,37,36,33,35,0,-75,-25,6,7,12.9,12.9,12.9,12.8,12.8,-999.0,-999.0,-999.0,0.0,0.0,0.0
0.10068941116333008,0.009203923997222016,-0.006135949331481344,0.019941835327314368,1.4848997382184852,-0.37275892188749166,-5.630057330201011,0.0107379113300923,-0.027611771991666,0.013805885995833,1.4864337255513556,-0.373009809993055,-5.633031547587325,0.0,-239.41,-80.7,0.0,2.69,0.0,0.0,0.0,0.0,0.0,31,37,36,33,35,0,-75,-32,6,0,12.9,12.9,12.9,12.8,12.8,-999.0,-999.0,-999.0,0.0,0.0,0.0
0.11668753623962402,0.009203923997222016,-0.006135949331481344,0.019941835327314368,1.4848997382184852,-0.37275892188749166,-5.630057330201011,0.0107379113300923,-0.0260777846587957,0.013805885995833,1.4864337255513556,-0.373009809993055,-5.633031547587325,0.0,-185.60999999999999,-75.32,0.0,2.69,0.0,0.0,0.0,0.0,0.0,31,38,36,33,35,0,-69,-32,6,0,12.9,12.9,12.9,12.8,12.8,-999.0,-999.0,-999.0,0.0,0.0,0.0
0.13265752792358398,0.009203923997222016,-0.006135949331481344,0.019941835327314368,1.4848997382184852,-0.37429290922036196,-5.6482254203662,0.0107379113300923,-0.0260777846587957,0.0153398733287033,1.4864337255513556,-0.373009809993055,-5.633031547587325,0.0,-215.2,-64.56,0.0,2.69,0.0,0.0,0.0,0.0,0.0,31,38,36,33,35,0,-75,-25,6,0,12.9,12.4,12.9,12.8,12.8,-999.0,-999.0,-999.0,0.0,0.0,0.0
0.14868855476379395,0.009203923997222016,-0.006135949331481344,0.019941835327314368,1.4848997382184852,-0.37275892188749166,-5.630057330201011,0.0107379113300923,-0.0260777846587957,0.0153398733287033,1.4864337255513556,-0.373009809993055,-5.633031547587325,0.0,-212.51,-61.87,0.0,2.69,0.0,0.0,0.0,0.0,0.0,31,38,36,33,35,0,-75,-25,6,7,12.9,12.9,12.9,12.8,12.8,-999.0,-999.0,-999.0,0.0,0.0,0.0
0.1686863899230957,0.009203923997222016,-0.006135949331481344,0.019941835327314368,1.4848997382184852,-0.37275892188749166,-5.630057330201011,0.0107379113300923,-0.0260777846587957,0.013805885995833,1.4848997382184852,-0.373009809993055,-5.633031547587325,0.0,-220.57999999999998,-78.01,-2.69,2.69,0.0,0.0,0.0,0.0,0.0,31,38,37,33,35,0,-75,-32,-7,0,12.9,12.9,12.9,12.8,12.8,-999.0,-999.0,-999.0,0.0,0.0,0.0
0.1846928596496582,0.009203923997222016,-0.006135949331481344,0.019941835327314368,1.4848997382184852,-0.37275892188749166,-5.630057330201011,0.0107379113300923,-0.0245437973259253,0.013805885995833,1.4864337255513556,-0.373009809993055,-5.633031547587325,0.0,-193.68,-78.01,0.0,2.69,0.0,0.0,0.0,0.0,0.0,31,38,37,33,35,0,-69,-32,6,0,12.9,13.0,12.9,12.8,12.8,-999.0,-999.0,-999.0,0.0,0.0,0.0
0.20067310333251953,0.009203923997222016,-0.006135949331481344,0.019941835327314368,1.4848997382184852,-0.37275892188749166,-5.630057330201011,0.0107379113300923,-0.0260777846587957,0.0153398733287033,1.4864337255513556,-0.373009809993055,-5.633031547587325,0.0,-223.26999999999998,-61.87,0.0,2.69,0.0,0.0,0.0,0.0,0.0,31,38,37,33,35,0,-75,-25,6,0,12.9,13.0,12.9,12.8,12.8,-999.0,-999.0,-999.0,0.0,0.0,0.0
0.2206718921661377,0.009203923997222016,-0.00766993666435168,0.019941835327314368,1.4848997382184852,-0.37275892188749166,-5.630057330201011,0.0122718986629626,-0.0260777846587957,0.013805885995833,1.4864337255513556,-0.373009809993055,-5.633031547587325,0.0,-217.89,-80.7,0.0,2.69,0.0,0.0,0.0,0.0,0.0,31,38,37,33,35,6,-69,-32,6,0,12.9,12.9,12.8,12.8,12.8,-999.0,-999.0,-999.0,0.0,0.0,0.0
0.23667240142822266,0.009203923997222016,-0.00766993666435168,0.019941835327314368,1.4848997382184852,-0.37429290922036196,-5.6482254203662,0.0122718986629626,-0.0260777846587957,0.013805885995833,1.4864337255513556,-0.373009809993055,-5.633031547587325,0.0,-215.2,-78.01,0.0,2.69,0.0,0.0,0.0,0.0,0.0,31,38,37,33,35,6,-75,-32,6,7,12.9,12.9,12.9,12.8,12.8,-999.0,-999.0,-999.0,0.0,0.0,0.0
0.25266575813293457,0.009203923997222016,-0.006135949331481344,0.019941835327314368,1.4864337255513556,-0.37275892188749166,-5.630057330201011,0.0122718986629626,-0.0260777846587957,0.013805885995833,1.4864337255513556,-0.373009809993055,-5.633031547587325,0.0,-223.26999999999998,-83.39,0.0,2.69,0.0,0.0,0.0,0.0,0.0,31,38,37,33,35,6,-75,-32,6,0,12.9,12.9,12.9,12.8,12.8,-999.0,-999.0,-999.0,0.0,0.0,0.0
0.27269649505615234,0.009203923997222016,-0.006135949331481344,0.019941835327314368,1.4848997382184852,-0.37275892188749166,-5.630057330201011,0.0122718986629626,-0.0260777846587957,0.013805885995833,1.4864337255513556,-0.373009809993055,-5.633031547587325,0.0,-220.57999999999998,-83.39,0.0,2.69,0.0,0.0,0.0,0.0,0.0,31,38,37,33,35,6,-75,-32,6,0,12.9,12.9,12.9,12.8,12.8,-999.0,-999.0,-999.0,0.0,0.0,0.0
0.28467249870300293,0.009203923997222016,-0.006135949331481344,0.019941835327314368,1.4848997382184852,-0.37275892188749166,-5.630057330201011,0.0122718986629626,-0.0260777846587957,0.013805885995833,1.4864337255513556,-0.373009809993055,-5.633031547587325,0.0,-220.57999999999998,-78.01,0.0,5.38,0.0,0.0,0.0,0.0,0.0,31,38,37,33,35,6,-75,-32,6,7,12.9,12.9,13.0,12.8,12.8,-999.0,-999.0,-999.0,0.0,0.0,0.0
0.3046748638153076,0.009203923997222016,-0.006135949331481344,0.019941835327314368,1.4848997382184852,-0.37429290922036196,-5.6482254203662,0.0122718986629626,-0.0260777846587957,0.0153398733287033,1.4864337255513556,-0.373009809993055,-5.633031547587325,0.0,-220.57999999999998,-64.56,0.0,5.38,0.0,0.0,0.0,0.0,0.0,31,38,37,33,35,6,-75,-25,6,0,12.9,12.9,12.9,12.8,12.8,-999.0,-999.0,-999.0,0.0,0.0,0.0
0.32067155838012695,0.009203923997222016,-0.00766993666435168,0.019941835327314368,1.4848997382184852,-0.37275892188749166,-5.630057330201011,0.0122718986629626,-0.0260777846587957,0.0153398733287033,1.4864337255513556,-0.373009809993055,-5.633031547587325,0.0,-217.89,-61.87,0.0,2.69,0.0,0.0,0.0,0.0,0.0,31,38,36,33,35,6,-75,-25,6,0,12.9,13.0,12.9,12.8,12.8,-999.0,-999.0,-999.0,0.0,0.0,0.0
0.33666539192199707,0.009203923997222016,-0.00766993666435168,0.019941835327314368,1.4848997382184852,-0.37275892188749166,-5.630057330201011,0.013805885995833,-0.0260777846587957,0.0153398733287033,1.4848997382184852,-0.373009809993055,-5.633031547587325,29.59,-217.89,-61.87,0.0,2.69,0.0,0.0,0.0,0.0,0.0,31,38,37,33,35,12,-75,-25,0,0,12.9,12.9,12.9,12.8,12.8,-999.0,-999.0,-999.0,0.0,0.0,0.0
0.3526804447174072,0.009203923997222016,-0.006135949331481344,0.019941835327314368,1.4848997382184852,-0.37429290922036196,-5.6482254203662,0.013805885995833,-0.0260777846587957,0.0153398733287033,1.4848997382184852,-0.373009809993055,-5.633031547587325,-8.07,-217.89,-61.87,-2.69,2.69,0.0,0.0,0.0,0.0,0.0,31,38,37,33,35,6,-75,-25,0,0,12.9,12.9,12.9,12.8,12.8,-999.0,-999.0,-999.0,0.0,0.0,0.0
0.3686673641204834,0.010737911330092352,-0.006135949331481344,0.019941835327314368,1.4848997382184852,-0.37275892188749166,-5.630057330201011,0.0153398733287033,-0.0260777846587957,0.0153398733287033,1.4864337255513556,-0.373009809993055,-5.633031547587325,8.07,-217.89,-64.56,0.0,2.69,0.0,0.0,0.0,0.0,0.0,31,38,37,34,35,6,-75,-25,0,0,12.9,12.9,12.9,12.8,12.8,-999.0,-999.0,-999.0,0.0,0.0,0.0
0.38866662979125977,0.012271898662962688,-0.006135949331481344,0.019941835327314368,1.4848997382184852,-0.37429290922036196,-5.6482254203662,0.0153398733287033,-0.0260777846587957,0.0153398733287033,1.4864337255513556,-0.373009809993055,-5.633031547587325,5.38,-217.89,-61.87,0.0,2.69,0.0,0.0,0.0,0.0,0.0,31,38,37,34,35,12,-75,-25,6,0,13.0,12.9,12.9,12.8,12.8,-999.0,-999.0,-999.0,0.0,0.0,0.0
0.40466880798339844,0.012271898662962688,-0.006135949331481344,0.019941835327314368,1.4848997382184852,-0.37275892188749166,-5.630057330201011,0.013805885995833,-0.0260777846587957,0.0153398733287033,1.4864337255513556,-0.373009809993055,-5.633031547587325,-13.45,-217.89,-61.87,0.0,2.69,0.023980823922402087,0.0,0.0,0.0,0.0,31,38,36,34,35,0,-75,-25,6,0,13.0,12.9,12.9,12.8,12.8,-999.0,-999.0,-999.0,0.0,0.0,0.0
0.420665979385376,0.013805885995833024,-0.006135949331481344,0.019941835327314368,1.4848997382184852,-0.37429290922036196,-5.6482254203662,0.0153398733287033,-0.0245437973259253,0.0153398733287033,1.4864337255513556,-0.373009809993055,-5.633031547587325,-2.69,-207.13,-61.87,0.0,2.69,0.023980823922402087,0.0,0.0,0.0,0.0,31,38,36,34,35,0,-69,-25,0,0,13.0,12.9,12.9,12.8,12.8,-999.0,-999.0,-999.0,0.0,0.0,0.0
0.43666696548461914,0.013805885995833024,-0.006135949331481344,0.019941835327314368,1.4848997382184852,-0.37275892188749166,-5.630057330201011,0.013805885995833,-0.0260777846587957,0.0153398733287033,1.4864337255513556,-0.373009809993055,-5.633031547587325,-2.69,-231.34,-61.87,0.0,2.69,0.023980823922402087,0.0,0.0,0.0,0.0,31,38,36,34,35,0,-125,-25,6,0,13.0,13.0,12.9,12.8,12.8,-999.0,-999.0,-999.0,0.0,0.0,0.0
0.45667386054992676,0.01533987332870336,-0.006135949331481344,0.019941835327314368,1.4848997382184852,-0.37275892188749166,-5.630057330201011,0.013805885995833,-0.0245437973259253,0.0153398733287033,1.4864337255513556,-0.373009809993055,-5.633031547587325,13.45,-209.82,-61.87,0.0,2.69,0.023980823922402087,0.0,0.0,0.0,0.0,31,38,36,34,35,-7,-69,-25,6,0,12.9,12.9,12.9,12.8,12.8,-999.0,-999.0,-999.0,0.0,0.0,0.0
0.4726684093475342,0.013805885995833024,-0.006135949331481344,0.019941835327314368,1.4848997382184852,-0.37275892188749166,-5.630057330201011,0.0153398733287033,-0.0245437973259253,0.0153398733287033,1.4864337255513556,-0.373009809993055,-5.633031547587325,13.45,-204.44,-61.87,0.0,2.69,0.023980823922402087,0.0,0.0,0.0,0.0,31,37,36,34,35,0,-69,-25,6,0,12.9,12.9,12.9,12.8,12.8,-999.0,-999.0,-999.0,0.0,0.0,0.0
0.4886434078216553,0.01533987332870336,-0.006135949331481344,0.019941835327314368,1.4848997382184852,-0.37275892188749166,-5.630057330201011,0.013805885995833,-0.0245437973259253,0.0153398733287033,1.4864337255513556,-0.373009809993055,-5.633031547587325,-51.11,-204.44,-61.87,0.0,2.69,0.023980823922402087,0.0,0.0,0.0,0.0,31,37,36,34,35,-76,-69,-25,6,0,12.9,12.9,12.9,12.8,12.8,-999.0,-999.0,-999.0,0.0,0.0,0.0
0.5046248435974121,0.013805885995833024,-0.006135949331481344,0.019941835327314368,1.4848997382184852,-0.37275892188749166,-5.630057330201011,0.0153398733287033,-0.0245437973259253,0.0153398733287033,1.4864337255513556,-0.373009809993055,-5.633031547587325,0.0,-196.37,-61.87,0.0,2.69,0.0,0.0,0.0,0.0,0.0,31,37,36,33,35,-7,-63,-25,6,0,12.9,12.9,12.8,12.8,12.8,-999.0,-999.0,-999.0,0.0,0.0,0.0
0.5250680446624756,0.013805885995833024,-0.006135949331481344,0.019941835327314368,1.4848997382184852,-0.37275892188749166,-5.630057330201011,0.0153398733287033,-0.0245437973259253,0.0153398733287033,1.4864337255513556,-0.373009809993055,-5.633031547587325,0.0,-199.06,-61.87,0.0,2.69,0.0,0.0,0.0,0.0,0.0,31,37,36,33,35,0,-63,-25,6,7,12.9,12.9,12.9,12.8,12.8,-999.0,-999.0,-999.0,0.0,0.0,0.0
0.540623664855957,0.012271898662962688,-0.006135949331481344,0.019941835327314368,1.4848997382184852,-0.37275892188749166,-5.630057330201011,0.0153398733287033,-0.0245437973259253,0.0153398733287033,1.4864337255513556,-0.373009809993055,-5.633031547587325,0.0,-196.37,-64.56,0.0,2.69,0.0,0.0,0.0,0.0,0.0,31,37,36,33,35,0,-69,-25,6,0,12.9,12.9,12.9,12.8,12.8,-999.0,-999.0,-999.0,0.0,0.0,0.0
0.5566408634185791,0.012271898662962688,-0.006135949331481344,0.019941835327314368,1.4848997382184852,-0.37275892188749166,-5.630057330201011,0.0153398733287033,-0.0245437973259253,0.0153398733287033,1.4864337255513556,-0.373009809993055,-5.633031547587325,0.0,-201.75,-61.87,0.0,2.69,0.0,0.0,0.0,0.0,0.0,31,37,36,33,35,6,-69,-25,6,0,12.9,12.9,12.9,12.8,12.8,-999.0,-999.0,-999.0,0.0,0.0,0.0
0.5766270160675049,0.012271898662962688,-0.00766993666435168,0.019941835327314368,1.4848997382184852,-0.37429290922036196,-5.6482254203662,0.0153398733287033,-0.0245437973259253,0.0153398733287033,1.4864337255513556,-0.373009809993055,-5.633031547587325,0.0,-199.06,-61.87,0.0,2.69,0.0,0.0,0.0,0.0,0.0,31,37,36,33,35,6,-69,-25,6,0,12.9,12.9,13.0,12.8,12.8,-999.0,-999.0,-999.0,0.0,0.0,0.0
0.5926339626312256,0.012271898662962688,-0.006135949331481344,0.019941835327314368,1.4848997382184852,-0.37275892188749166,-5.630057330201011,0.0153398733287033,-0.0245437973259253,0.0153398733287033,1.4864337255513556,-0.373009809993055,-5.633031547587325,0.0,-201.75,-61.87,0.0,2.69,0.0,0.0,0.0,0.0,0.0,31,37,36,33,35,6,-69,-25,6,0,12.9,12.9,13.0,12.8,12.8,-999.0,-999.0,-999.0,0.0,0.0,0.0
0.6086201667785645,0.012271898662962688,-0.006135949331481344,0.019941835327314368,1.4848997382184852,-0.37429290922036196,-5.6482254203662,0.0153398733287033,-0.0245437973259253,0.0153398733287033,1.4848997382184852,-0.373009809993055,-5.633031547587325,0.0,-201.75,-61.87,0.0,2.69,0.0,0.0,0.0,0.0,0.0,31,37,36,33,35,6,-69,-25,0,0,12.9,12.9,13.0,12.8,12.8,-999.0,-999.0,-999.0,0.0,0.0,0.0
0.6246211528778076,0.012271898662962688,-0.006135949331481344,0.021475822660184704,1.4848997382184852,-0.37275892188749166,-5.630057330201011,0.0153398733287033,-0.0245437973259253,0.013805885995833,1.4864337255513556,-0.3745437973259253,-5.651193008262154,0.0,-204.44,-64.56,0.0,2.69,0.0,0.0,0.0,0.0,0.0,31,37,36,33,35,6,-69,-32,6,-6,12.9,12.9,13.0,12.8,12.8,-999.0,-999.0,-999.0,0.0,0.0,0.0
0.6446828842163086,0.012271898662962688,-0.006135949331481344,0.019941835327314368,1.4848997382184852,-0.37275892188749166,-5.630057330201011,0.0153398733287033,-0.0245437973259253,0.013805885995833,1.4864337255513556,-0.373009809993055,-5.633031547587325,0.0,-201.75,-80.7,0.0,2.69,0.0,0.0,0.0,0.0,0.0,31,37,36,33,35,6,-69,-32,6,0,12.9,12.9,13.0,12.8,12.8,-999.0,-999.0,-999.0,0.0,0.0,0.0
0.660651683807373,0.012271898662962688,-0.006135949331481344,0.019941835327314368,1.4848997382184852,-0.37275892188749166,-5.630057330201011,0.0153398733287033,-0.0245437973259253,0.0153398733287033,1.4864337255513556,-0.373009809993055,-5.633031547587325,0.0,-201.75,-61.87,0.0,2.69,0.0,0.0,0.0,0.0,0.0,31,37,36,33,35,6,-69,-25,6,0,12.9,12.9,13.100000000000001,12.8,12.8,-999.0,-999.0,-999.0,0.0,0.0,0.0
0.6766524314880371,0.012271898662962688,-0.006135949331481344,0.019941835327314368,1.4848997382184852,-0.37275892188749166,-5.630057330201011,0.0153398733287033,-0.0245437973259253,0.013805885995833,1.4864337255513556,-0.373009809993055,-5.633031547587325,0.0,-201.75,-75.32,0.0,2.69,0.0,0.0,0.0,0.0,0.0,31,37,36,33,35,6,-69,-32,6,0,12.9,12.9,13.0,12.8,12.8,-999.0,-999.0,-999.0,0.0,0.0,0.0
0.692650318145752,0.012271898662962688,-0.006135949331481344,0.019941835327314368,1.4848997382184852,-0.37275892188749166,-5.630057330201011,0.013805885995833,-0.0245437973259253,0.013805885995833,1.4864337255513556,-0.373009809993055,-5.633031547587325,0.0,-204.44,-80.7,0.0,2.69,0.0,0.0,0.0,0.0,0.0,31,37,36,33,35,0,-69,-32,6,0,12.9,12.9,12.9,12.8,12.8,-999.0,-999.0,-999.0,0.0,0.0,0.0
0.7126505374908447,0.012271898662962688,-0.00766993666435168,0.019941835327314368,1.4848997382184852,-0.37275892188749166,-5.630057330201011,0.013805885995833,-0.0245437973259253,0.013805885995833,1.4864337255513556,-0.373009809993055,-5.633031547587325,-2.69,-204.44,-83.39,0.0,2.69,0.0,0.0,0.0,0.0,0.0,31,37,36,33,35,0,-69,-32,6,0,12.9,12.9,13.0,12.8,12.8,-999.0,-999.0,-999.0,0.0,0.0,0.0
0.7286677360534668,0.012271898662962688,-0.006135949331481344,0.019941835327314368,1.4848997382184852,-0.37275892188749166,-5.630057330201011,0.013805885995833,-0.0245437973259253,0.013805885995833,1.4864337255513556,-0.373009809993055,-5.633031547587325,-2.69,-204.44,-80.7,0.0,2.69,0.0,0.0,0.0,0.0,0.0,31,37,36,33,35,0,-69,-32,6,0,12.9,12.9,13.0,12.8,12.8,-999.0,-999.0,-999.0,0.0,0.0,0.0
0.7446269989013672,0.012271898662962688,-0.006135949331481344,0.019941835327314368,1.4848997382184852,-0.37429290922036196,-5.6482254203662,0.013805885995833,-0.0245437973259253,0.013805885995833,1.4864337255513556,-0.373009809993055,-5.633031547587325,-2.69,-201.75,-80.7,0.0,2.69,0.0,0.0,0.0,0.0,0.0,31,37,36,33,35,0,-69,-32,6,7,12.9,12.9,13.0,12.8,12.8,-999.0,-999.0,-999.0,0.0,0.0,0.0
0.7606220245361328,0.012271898662962688,-0.00766993666435168,0.019941835327314368,1.4848997382184852,-0.37275892188749166,-5.630057330201011,0.013805885995833,-0.0245437973259253,0.013805885995833,1.4864337255513556,-0.373009809993055,-5.633031547587325,0.0,-204.44,-78.01,0.0,2.69,0.0,0.0,0.0,0.0,0.0,31,37,36,33,35,0,-69,-32,6,0,12.9,12.9,13.0,12.8,12.8,-999.0,-999.0,-999.0,0.0,0.0,0.0
0.7806282043457031,0.012271898662962688,-0.006135949331481344,0.019941835327314368,1.4848997382184852,-0.37275892188749166,-5.630057330201011,0.013805885995833,-0.0245437973259253,0.013805885995833,1.4864337255513556,-0.373009809993055,-5.633031547587325,0.0,-201.75,-80.7,0.0,2.69,0.0,0.0,0.0,0.0,0.0,31,37,36,33,35,0,-69,-32,6,0,12.9,12.9,13.0,12.8,12.8,-999.0,-999.0,-999.0,0.0,0.0,0.0
0.7966248989105225,0.012271898662962688,-0.006135949331481344,0.019941835327314368,1.4848997382184852,-0.37429290922036196,-5.6482254203662,0.013805885995833,-0.0245437973259253,0.013805885995833,1.4864337255513556,-0.373009809993055,-5.633031547587325,0.0,-201.75,-80.7,0.0,5.38,0.0,0.0,0.0,0.0,0.0,31,37,36,33,35,0,-69,-32,6,7,12.9,12.9,13.0,12.8,12.8,-999.0,-999.0,-999.0,0.0,0.0,0.0
0.8126046657562256,0.012271898662962688,-0.006135949331481344,0.019941835327314368,1.4848997382184852,-0.37275892188749166,-5.630057330201011,0.013805885995833,-0.0245437973259253,0.013805885995833,1.4864337255513556,-0.373009809993055,-5.633031547587325,0.0,-199.06,-80.7,0.0,5.38,0.0,0.0,0.0,0.0,0.0,31,37,37,33,35,0,-69,-32,6,0,12.9,13.0,13.0,12.8,12.8,-999.0,-999.0,-999.0,0.0,0.0,0.0
0.829601526260376,0.012271898662962688,-0.006135949331481344,0.019941835327314368,1.4848997382184852,-0.37275892188749166,-5.630057330201011,0.013805885995833,-0.0245437973259253,0.013805885995833,1.4864337255513556,-0.373009809993055,-5.633031547587325,0.0,-196.37,-83.39,0.0,2.69,0.0,0.0,0.0,0.0,0.0,31,37,37,33,35,0,-69,-32,6,0,12.9,13.0,13.0,12.8,12.8,-999.0,-999.0,-999.0,0.0,0.0,0.0
0.848607063293457,0.012271898662962688,-0.006135949331481344,0.019941835327314368,1.4848997382184852,-0.37275892188749166,-5.630057330201011,0.013805885995833,-0.0245437973259253,0.013805885995833,1.4864337255513556,-0.373009809993055,-5.633031547587325,0.0,-204.44,-75.32,0.0,2.69,0.0,0.0,0.0,0.0,0.0,31,38,37,33,35,0,-69,-32,6,0,12.9,13.0,13.0,12.8,12.8,-999.0,-999.0,-999.0,0.0,0.0,0.0
0.864607572555542,0.012271898662962688,-0.006135949331481344,0.019941835327314368,1.4848997382184852,-0.37275892188749166,-5.630057330201011,0.013805885995833,-0.0245437973259253,0.013805885995833,1.4864337255513556,-0.373009809993055,-5.633031547587325,0.0,-201.75,-78.01,0.0,2.69,0.0,0.0,0.0,0.0,0.0,31,38,37,33,35,0,-69,-32,6,0,12.9,13.0,13.0,12.8,12.8,-999.0,-999.0,-999.0,0.0,0.0,0.0
0.8806376457214355,0.012271898662962688,-0.006135949331481344,0.019941835327314368,1.4848997382184852,-0.37275892188749166,-5.630057330201011,0.013805885995833,-0.0245437973259253,0.013805885995833,1.4864337255513556,-0.373009809993055,-5.633031547587325,0.0,-201.75,-80.7,0.0,2.69,0.0,0.0,0.0,0.0,0.0,31,38,37,33,35,0,-69,-32,6,7,12.9,13.0,13.0,12.8,12.8,-999.0,-999.0,-999.0,0.0,0.0,0.0
0.8976011276245117,0.012271898662962688,-0.006135949331481344,0.019941835327314368,1.4848997382184852,-0.37429290922036196,-5.6482254203662,0.0122718986629626,-0.0245437973259253,0.013805885995833,1.4864337255513556,-0.373009809993055,-5.633031547587325,-2.69,-201.75,-78.01,0.0,5.38,0.0,0.0,0.0,0.0,0.0,31,38,37,33,35,0,-69,-32,6,0,12.9,13.0,13.0,12.8,12.8,-999.0,-999.0,-999.0,0.0,0.0,0.0
0.9166064262390137,0.012271898662962688,-0.006135949331481344,0.019941835327314368,1.4848997382184852,-0.37275892188749166,-5.630057330201011,0.0122718986629626,-0.0245437973259253,0.013805885995833,1.4864337255513556,-0.373009809993055,-5.633031547587325,0.0,-204.44,-80.7,0.0,5.38,0.0,0.0,0.0,0.0,0.0,31,38,37,33,35,-7,-69,-32,6,7,12.9,12.9,13.0,12.8,12.8,-999.0,-999.0,-999.0,0.0,0.0,0.0
0.9326016902923584,0.012271898662962688,-0.006135949331481344,0.019941835327314368,1.4848997382184852,-0.37275892188749166,-5.630057330201011,0.0122718986629626,-0.0245437973259253,0.013805885995833,1.4864337255513556,-0.373009809993055,-5.633031547587325,0.0,-201.75,-80.7,0.0,2.69,0.0,0.0,0.0,0.0,0.0,31,38,37,33,35,-7,-69,-32,6,0,12.9,12.9,13.0,12.8,12.8,-999.0,-999.0,-999.0,0.0,0.0,0.0
0.9536037445068359,0.012271898662962688,-0.006135949331481344,0.019941835327314368,1.4848997382184852,-0.37275892188749166,-5.630057330201011,0.0122718986629626,-0.0245437973259253,0.013805885995833,1.4864337255513556,-0.373009809993055,-5.633031547587325,0.0,-201.75,-80.7,0.0,5.38,0.0,0.0,0.0,0.0,0.0,31,38,37,33,35,-7,-69,-32,6,0,12.9,12.9,13.0,12.8,12.8,-999.0,-999.0,-999.0,0.0,0.0,0.0
0.9646062850952148,0.012271898662962688,-0.00766993666435168,0.019941835327314368,1.4848997382184852,-0.37275892188749166,-5.630057330201011,0.0107379113300923,-0.0245437973259253,0.013805885995833,1.4864337255513556,-0.373009809993055,-5.633031547587325,0.0,-201.75,-78.01,0.0,2.69,0.0,0.0,0.0,0.0,0.0,31,38,37,33,35,-7,-69,-32,6,0,12.9,12.9,13.0,12.8,12.8,-999.0,-999.0,-999.0,0.0,0.0,0.0
0.9856231212615967,0.012271898662962688,-0.006135949331481344,0.019941835327314368,1.4864337255513556,-0.37275892188749166,-5.630057330201011,0.0107379113300923,-0.0245437973259253,0.0153398733287033,1.4864337255513556,-0.373009809993055,-5.633031547587325,43.04,-201.75,-59.18,0.0,5.38,0.0,0.0,0.0,0.0,0.0,31,38,37,33,35,-13,-69,-25,6,0,13.0,12.9,12.9,12.8,12.8,-999.0,-999.0,-999.0,0.0,0.0,0.0
1.0006372928619385,0.010737911330092352,-0.00766993666435168,0.019941835327314368,1.4848997382184852,-0.37275892188749166,-5.630057330201011,0.0107379113300923,-0.0245437973259253,0.013805885995833,1.4864337255513556,-0.373009809993055,-5.633031547587325,0.0,-204.44,-78.01,0.0,2.69,0.0,0.0,0.0,0.0,0.0,31,38,37,33,35,-7,-69,-32,6,0,13.0,12.9,12.9,12.8,12.8,-999.0,-999.0,-999.0,0.0,0.0,0.0
1.0166337490081787,0.010737911330092352,-0.00766993666435168,0.019941835327314368,1.4848997382184852,-0.37275892188749166,-5.630057330201011,0.0107379113300923,-0.0245437973259253,0.013805885995833,1.4864337255513556,-0.373009809993055,-5.633031547587325,0.0,-201.75,-78.01,0.0,2.69,0.0,0.0,0.0,0.0,0.0,31,38,37,33,35,-7,-69,-32,6,0,12.9,12.9,12.9,12.8,12.8,-999.0,-999.0,-999.0,0.0,0.0,0.0
1.0326342582702637,0.009203923997222016,-0.006135949331481344,0.019941835327314368,1.4848997382184852,-0.37275892188749166,-5.630057330201011,0.0122718986629626,-0.0245437973259253,0.013805885995833,1.4864337255513556,-0.373009809993055,-5.633031547587325,0.0,-199.06,-80.7,0.0,2.69,-0.023980823922402087,0.0,0.0,0.0,0.0,31,37,37,33,35,0,-63,-32,6,0,12.9,12.9,13.0,12.8,12.8,-999.0,-999.0,-999.0,0.0,0.0,0.0
1.053633689880371,0.009203923997222016,-0.006135949331481344,0.019941835327314368,1.4848997382184852,-0.37275892188749166,-5.630057330201011,0.013805885995833,-0.0245437973259253,0.0153398733287033,1.4864337255513556,-0.373009809993055,-5.633031547587325,13.45,-204.44,-61.87,0.0,5.38,-0.023980823922402087,0.0,0.0,0.0,0.0,31,37,37,33,35,18,-69,-25,6,7,12.9,12.9,13.0,12.9,12.8,-999.0,-999.0,-999.0,0.0,0.0,0.0
1.0686330795288086,0.00766993666435168,-0.006135949331481344,0.019941835327314368,1.4848997382184852,-0.37275892188749166,-5.630057330201011,0.0153398733287033,-0.0245437973259253,0.013805885995833,1.4848997382184852,-0.373009809993055,-5.633031547587325,26.9,-196.37,-78.01,0.0,5.38,-0.023980823922402087,0.0,0.0,0.0,0.0,31,37,38,33,35,25,-63,-32,0,7,12.9,12.9,13.0,12.9,12.8,-999.0,-999.0,-999.0,0.0,0.0,0.0
1.084639549255371,0.00766993666435168,-0.006135949331481344,0.019941835327314368,1.4848997382184852,-0.37275892188749166,-5.630057330201011,0.0153398733287033,-0.0245437973259253,0.013805885995833,1.4864337255513556,-0.373009809993055,-5.633031547587325,0.0,-204.44,-80.7,0.0,2.69,-0.023980823922402087,0.0,0.0,0.0,0.0,31,37,37,33,35,25,-69,-32,6,0,12.9,12.9,13.0,12.9,12.8,-999.0,-999.0,-999.0,0.0,0.0,0.0
1.105630874633789,0.010737911330092352,-0.006135949331481344,0.019941835327314368,1.4848997382184852,-0.37275892188749166,-5.630057330201011,0.013805885995833,-0.0245437973259253,0.013805885995833,1.4864337255513556,-0.373009809993055,-5.633031547587325,-5.38,-190.99,-80.7,0.0,2.69,0.0,0.0,0.0,0.0,0.0,31,37,37,33,35,12,-63,-32,6,0,12.9,12.9,13.0,12.8,12.8,-999.0,-999.0,-999.0,0.0,0.0,0.0
1.1206135749816895,0.010737911330092352,-0.006135949331481344,0.019941835327314368,1.4848997382184852,-0.37275892188749166,-5.630057330201011,0.0153398733287033,-0.0245437973259253,0.0122718986629626,1.4864337255513556,-0.373009809993055,-5.633031547587325,34.97,-201.75,-115.67,0.0,2.69,0.0,0.0,0.0,0.0,0.0,31,37,37,33,35,12,-69,-38,6,0,12.9,12.9,12.9,12.8,12.8,-999.0,-999.0,-999.0,0.0,0.0,0.0
1.1366307735443115,0.012271898662962688,-0.006135949331481344,0.021475822660184704,1.4848997382184852,-0.37275892188749166,-5.630057330201011,0.013805885995833,-0.0245437973259253,0.0122718986629626,1.4864337255513556,-0.373009809993055,-5.633031547587325,-37.66,-204.44,-112.98,0.0,2.69,0.023980823922402087,0.0,0.0,0.0,0.0,31,37,37,33,35,6,-69,-38,6,0,13.0,12.9,12.9,12.8,12.8,-999.0,-999.0,-999.0,0.0,0.0,0.0
1.1526145935058594,0.013805885995833024,-0.006135949331481344,0.019941835327314368,1.4848997382184852,-0.37275892188749166,-5.630057330201011,0.013805885995833,-0.0245437973259253,0.0122718986629626,1.4864337255513556,-0.373009809993055,-5.633031547587325,0.0,-201.75,-112.98,0.0,2.69,0.047961647844804174,0.0,0.0,0.0,0.0,31,37,37,33,35,-7,-69,-38,6,7,12.9,12.9,13.0,12.8,12.8,-999.0,-999.0,-999.0,0.0,0.0,0.0
1.172630786895752,0.01533987332870336,-0.006135949331481344,0.019941835327314368,1.4848997382184852,-0.37429290922036196,-5.6482254203662,0.013805885995833,-0.0245437973259253,0.0107379113300923,1.4864337255513556,-0.373009809993055,-5.633031547587325,40.35,-201.75,-145.26,0.0,2.69,0.07194247176720626,0.0,0.0,0.0,0.0,31,37,37,33,35,-13,-69,-44,6,0,13.0,12.9,12.9,12.8,12.8,-999.0,-999.0,-999.0,0.0,0.0,0.0
1.1886098384857178,0.01533987332870336,-0.006135949331481344,0.019941835327314368,1.4848997382184852,-0.37275892188749166,-5.630057330201011,0.013805885995833,-0.0245437973259253,0.009203923997222,1.4864337255513556,-0.373009809993055,-5.633031547587325,37.66,-199.06,-142.57,0.0,5.38,0.07194247176720626,0.0,0.0,0.0,0.0,31,37,37,33,35,-13,-63,-50,6,0,13.0,12.9,12.9,12.8,12.8,-999.0,-999.0,-999.0,0.0,0.0,0.0
1.204632043838501,0.01533987332870336,-0.006135949331481344,0.019941835327314368,1.4848997382184852,-0.37275892188749166,-5.630057330201011,0.0153398733287033,-0.0245437973259253,0.009203923997222,1.4848997382184852,-0.373009809993055,-5.633031547587325,13.45,-204.44,-145.26,0.0,2.69,0.047961647844804174,0.0,0.0,0.0,0.0,31,37,37,33,35,-7,-69,-50,0,0,13.0,12.9,12.9,12.8,12.8,-999.0,-999.0,-999.0,0.0,0.0,0.0
1.2206153869628906,0.01533987332870336,-0.006135949331481344,0.019941835327314368,1.4848997382184852,-0.37429290922036196,-5.6482254203662,0.013805885995833,-0.0245437973259253,0.009203923997222,1.4864337255513556,-0.373009809993055,-5.633031547587325,-48.42,-201.75,-147.95,0.0,2.69,0.023980823922402087,0.0,0.0,0.0,0.0,31,37,37,33,35,-76,-69,-50,6,7,13.0,12.9,12.9,12.8,12.8,-999.0,-999.0,-999.0,0.0,0.0,0.0
1.240617036819458,0.013805885995833024,-0.00766993666435168,0.019941835327314368,1.4848997382184852,-0.37275892188749166,-5.630057330201011,0.0153398733287033,-0.0245437973259253,0.009203923997222,1.4848997382184852,-0.373009809993055,-5.633031547587325,0.0,-199.06,-145.26,0.0,2.69,0.0,0.0,0.0,0.0,0.0,31,37,37,33,35,6,-69,-50,0,0,13.0,12.9,12.9,12.8,12.8,-999.0,-999.0,-999.0,0.0,0.0,0.0
1.2566313743591309,0.010737911330092352,-0.006135949331481344,0.019941835327314368,1.4848997382184852,-0.37275892188749166,-5.630057330201011,0.0153398733287033,-0.0245437973259253,0.0107379113300923,1.4848997382184852,-0.373009809993055,-5.633031547587325,29.59,-199.06,-123.74,0.0,2.69,-0.023980823922402087,0.0,0.0,0.0,0.0,31,38,37,33,35,12,-69,-44,0,0,13.0,12.9,12.9,12.8,12.8,-999.0,-999.0,-999.0,0.0,0.0,0.0
1.2726149559020996,0.010737911330092352,-0.006135949331481344,0.019941835327314368,1.4848997382184852,-0.37275892188749166,-5.630057330201011,0.0153398733287033,-0.023009809993055,0.0107379113300923,1.4848997382184852,-0.3714758226601847,-5.614829533693929,-5.38,-193.68,-137.19,-2.69,5.38,-0.047961647844804174,0.0,0.0,0.0,0.0,31,38,37,33,35,12,-63,-44,0,7,12.9,12.9,12.9,12.8,12.8,-999.0,-999.0,-999.0,0.0,0.0,0.0
1.2886321544647217,0.009203923997222016,-0.006135949331481344,0.019941835327314368,1.4848997382184852,-0.37275892188749166,-5.630057330201011,0.0153398733287033,-0.0214758226601847,0.0107379113300923,1.4848997382184852,-0.3699418353273143,-5.596586921292869,0.0,-182.92,-134.5,0.0,0.0,-0.07194247176720626,0.0,0.0,0.0,0.0,31,38,37,33,35,18,-63,-44,0,13,12.9,13.0,12.9,12.8,12.8,-999.0,-999.0,-999.0,0.0,0.0,0.0
1.3086156845092773,0.010737911330092352,-0.006135949331481344,0.019941835327314368,1.4848997382184852,-0.3712249345546213,-5.611848679395294,0.0153398733287033,-0.0199418353273143,0.0107379113300923,1.4864337255513556,-0.3668738606615737,-5.559979720902368,5.38,-139.88,-134.5,0.0,0.0,-0.047961647844804174,0.0,0.0,0.0,0.0,31,38,37,33,35,12,-50,-44,6,19,13.0,13.0,12.9,12.8,12.8,-999.0,-999.0,-999.0,0.0,0.0,0.0
1.3246352672576904,0.010737911330092352,-0.006135949331481344,0.019941835327314368,1.4848997382184852,-0.369690947221751,-5.593599422695411,0.013805885995833,-0.018407847994444,0.0107379113300923,1.4848997382184852,-0.3622718986629626,-5.504763311920118,-10.76,-72.63,-134.5,0.0,5.38,-0.023980823922402087,0.0,0.0,0.0,0.023980823922402087,31,37,37,33,35,0,12,-44,0,32,13.0,13.0,12.9,12.8,12.8,-999.0,-999.0,-999.0,0.0,0.0,0.0
1.3406040668487549,0.012271898662962688,-0.006135949331481344,0.019941835327314368,1.4848997382184852,-0.3666229725560103,-5.5569789116914,0.013805885995833,-0.0168738606615736,0.0107379113300923,1.4848997382184852,-0.3561359493314813,-5.430569113666978,0.0,-115.67,-134.5,0.0,5.38,0.0,0.0,0.0,0.0,0.047961647844804174,31,38,37,33,36,0,-38,-44,0,38,13.0,13.0,12.9,12.8,12.8,-999.0,-999.0,-999.0,0.0,0.0,0.0
1.356590986251831,0.013805885995833024,-0.006135949331481344,0.019941835327314368,1.4848997382184852,-0.3635549978902696,-5.520195439561715,0.013805885995833,-0.0153398733287033,0.009203923997222,1.4848997382184852,-0.35,-5.355718295268852,0.0,-75.32,-137.19,0.0,0.0,0.023980823922402087,0.0,0.0,0.0,0.07194247176720626,31,38,37,33,36,-7,-38,-44,0,50,13.0,12.8,12.9,12.8,12.8,-999.0,-999.0,-999.0,0.0,0.0,0.0
1.3766040802001953,0.01533987332870336,-0.006135949331481344,0.019941835327314368,1.4848997382184852,-0.3574190485587883,-5.446138199463407,0.0153398733287033,-0.013805885995833,0.0107379113300923,1.4833657508856148,-0.3407960760027779,-5.242204985662568,34.97,-72.63,-134.5,-5.38,0.0,0.047961647844804174,0.0,0.0,0.0,0.14388494353441253,31,38,37,33,35,-13,-25,-44,-7,50,13.0,12.9,12.9,12.8,12.8,-999.0,-999.0,-999.0,0.0,0.0,0.0
1.392683744430542,0.016873860661573696,-0.006135949331481344,0.019941835327314368,1.4848997382184852,-0.3528170865601773,-5.390164890178503,0.0153398733287033,-0.0122718986629626,0.009203923997222,1.4833657508856148,-0.3315921520055559,-5.127199301351424,18.83,-51.11,-142.57,0.0,16.14,0.047961647844804174,0.0,0.0,0.0,0.1918465913792167,31,38,37,33,35,-7,-25,-50,-7,69,13.0,12.9,12.9,12.8,12.8,-999.0,-999.0,-999.0,0.0,0.0,0.0
1.4085917472839355,0.016873860661573696,-0.004601961998611008,0.019941835327314368,1.4848997382184852,-0.3451471498958256,-5.296052857956127,0.0153398733287033,-0.0107379113300923,0.0107379113300923,1.4802977762198744,-0.3193202533425933,-4.971522194149139,0.0,-26.9,-142.57,-21.52,10.76,0.047961647844804174,0.0,0.0,0.0,0.23980823922402086,31,38,37,34,35,-7,-19,-44,-7,75,13.0,12.9,12.9,12.8,12.8,-999.0,-999.0,-999.0,0.0,0.0,0.0
1.42458176612854,0.01533987332870336,-0.004601961998611008,0.019941835327314368,1.4833657508856148,-0.33747721323147395,-5.20090733775137,0.0153398733287033,-0.009203923997222,0.0107379113300923,1.478763788887004,-0.3070483546796305,-4.81315755745244,0.0,-69.94,-134.5,10.76,0.0,0.023980823922402087,0.0,0.0,0.0,0.28776988706882506,31,38,37,34,35,-7,-25,-44,-13,88,12.9,12.9,12.9,12.700000000000001,12.700000000000001,-999.0,-999.0,-999.0,0.0,0.0,0.0
1.444580316543579,0.01533987332870336,-0.003067974665740672,0.019941835327314368,1.4802977762198744,-0.3252053145685112,-5.046512288395293,0.013805885995833,-0.0076699366643516,0.0107379113300923,1.4772298015541336,-0.2932424686837975,-4.631762469689718,16.14,-59.18,-131.81,-5.38,32.28,0.0,0.023980823922402087,0.0,-0.023980823922402087,0.3836931827584334,31,37,37,34,35,-13,-13,-44,-19,113,12.9,12.9,12.700000000000001,12.8,12.700000000000001,-999.0,-999.0,-999.0,0.0,0.0,0.0
1.4605820178985596,0.012271898662962688,-0.001533987332870336,0.019941835327314368,1.4802977762198744,-0.31600139057128923,-4.928959317241223,0.0153398733287033,-0.004601961998611,0.0107379113300923,1.474161826888393,-0.2794365826879645,-4.446919396980966,0.0,-43.04,-134.5,-5.38,8.07,0.0,0.047961647844804174,0.0,-0.047961647844804174,0.45563565452563964,31,37,37,34,35,6,43,-44,-19,119,12.9,13.0,12.8,12.8,12.700000000000001,-999.0,-999.0,-999.0,0.0,0.0,0.0
1.476569652557373,0.010737911330092352,0.001533987332870336,0.019941835327314368,1.4772298015541336,-0.30372949190832654,-4.769864699726568,0.0153398733287033,-0.0030679746657406,0.0122718986629626,1.4710938522226522,-0.2625627220263908,-4.2162863601997485,34.97,-69.94,-104.91,-13.45,0.0,-0.023980823922402087,0.07194247176720626,0.0,-0.07194247176720626,0.5035973023704439,31,37,37,34,35,6,-13,-7,-19,119,12.9,12.9,12.8,12.8,12.700000000000001,-999.0,-999.0,-999.0,0.0,0.0,0.0
1.492581844329834,0.010737911330092352,0.003067974665740672,0.019941835327314368,1.4756958142212633,-0.29145759324536386,-4.608059829274428,0.013805885995833,-0.0015339873328703,0.0122718986629626,1.4664918902240411,-0.2456888613648171,-3.980435920550175,-8.07,-118.36,-112.98,0.0,0.0,-0.047961647844804174,0.07194247176720626,0.0,-0.07194247176720626,0.5755397741376501,31,37,37,33,35,12,-19,-38,-25,132,12.9,12.9,12.8,12.8,12.700000000000001,-999.0,-999.0,-999.0,0.0,0.0,0.0
1.5125818252563477,0.009203923997222016,0.006135949331481344,0.019941835327314368,1.4710938522226522,-0.27458373258379015,-4.381122881154033,0.013805885995833,0.0,0.0122718986629626,1.4649579028911708,-0.2288150007032434,-3.7393390174234145,0.0,-99.53,-112.98,-10.76,13.45,-0.07194247176720626,0.09592329568960835,0.0,-0.09592329568960835,0.6714630698272585,32,37,37,33,36,12,-19,-38,-32,157,12.9,12.9,12.8,12.8,12.700000000000001,-999.0,-999.0,-999.0,0.0,0.0,0.0
1.5285813808441162,0.009203923997222016,0.00766993666435168,0.019941835327314368,1.4680258775569115,-0.2592438592550868,-4.170310906917173,0.013805885995833,0.0030679746657406,0.013805885995833,1.4618899282254303,-0.2104071527087994,-3.470313636498506,0.0,-61.87,-80.7,2.69,0.0,-0.047961647844804174,0.09592329568960835,0.0,-0.11990411961201043,0.7434055415944647,32,37,37,33,36,12,-25,-32,-25,157,12.9,12.9,12.8,12.700000000000001,12.700000000000001,-999.0,-999.0,-999.0,0.0,0.0,0.0
1.5455825328826904,0.010737911330092352,0.009203923997222016,0.019941835327314368,1.4664918902240411,-0.24390398592638343,-3.9551818650431123,0.013805885995833,0.004601961998611,0.013805885995833,1.4572879662268192,-0.190465317381485,-3.171768016877477,0.0,-59.18,-80.7,-16.14,0.0,-0.023980823922402087,0.09592329568960835,0.0,-0.14388494353441253,0.815348013361671,32,37,37,33,36,6,31,-32,-32,163,12.9,12.9,12.8,12.8,12.700000000000001,-999.0,-999.0,-999.0,0.0,0.0,0.0
1.5655827522277832,0.010737911330092352,0.009203923997222016,0.019941835327314368,1.4634239155583006,-0.2254961379319394,-3.6912989447882434,0.013805885995833,0.0061359493314813,0.013805885995833,1.4542199915610785,-0.172057469387041,-2.889619834113174,0.0,-83.39,-80.7,-18.83,8.07,0.0,0.07194247176720626,0.0,-0.1678657674568146,0.8872904851288772,32,37,37,33,36,6,-19,-32,-38,188,12.9,12.9,12.8,12.700000000000001,12.700000000000001,-999.0,-999.0,-999.0,0.0,0.0,0.0
1.5815789699554443,0.010737911330092352,0.010737911330092352,0.019941835327314368,1.4588219535596896,-0.20708828993749537,-3.421140353017927,0.0153398733287033,0.009203923997222,0.0153398733287033,1.4511520168953378,-0.1521156340597266,-2.576842974566753,18.83,-48.42,-61.87,-5.38,0.0,0.0,0.07194247176720626,0.0,-0.1678657674568146,0.9352521329736814,32,38,37,33,36,12,-19,-25,-32,188,12.9,12.9,12.8,12.700000000000001,12.700000000000001,-999.0,-999.0,-999.0,0.0,0.0,0.0
1.5965874195098877,0.012271898662962688,0.012271898662962688,0.019941835327314368,1.4557539788939489,-0.19021442927592166,-3.1679649000178784,0.0153398733287033,0.0107379113300923,0.0168738606615736,1.4480840422295973,-0.1321737987324122,-2.256677480497762,-18.83,-53.8,-32.28,-21.52,-2.69,0.0,0.07194247176720626,0.0,-0.1678657674568146,0.9832137808184855,31,38,37,33,36,6,-13,-19,-51,188,12.9,12.9,12.8,12.700000000000001,12.700000000000001,-999.0,-999.0,-999.0,0.0,0.0,0.0
1.6135849952697754,0.012271898662962688,0.013805885995833024,0.019941835327314368,1.4542199915610785,-0.17180658128147763,-2.885730750159552,0.013805885995833,0.0153398733287033,0.0168738606615736,1.4450160675638566,-0.1122319634050978,-1.9291508462736493,-40.35,-53.8,-26.9,13.45,-18.83,0.0,0.07194247176720626,0.0,-0.1678657674568146,1.0311754286632897,31,37,37,33,36,-63,-13,-19,-25,182,12.9,12.9,12.8,12.8,12.700000000000001,-999.0,-999.0,-999.0,0.0,0.0,0.0
1.6335828304290771,0.012271898662962688,0.016873860661573696,0.019941835327314368,1.4496180295624674,-0.15033075862129291,-2.548487622649965,0.0153398733287033,0.0168738606615736,0.018407847994444,1.4434820802309862,-0.0938241154106538,-1.620322100020534,2.69,-83.39,-5.38,0.0,16.14,0.0,0.09592329568960835,0.0,-0.1678657674568146,1.055156252585692,31,37,37,33,36,6,-7,-13,-25,200,12.9,12.9,12.8,12.8,12.700000000000001,-999.0,-999.0,-999.0,0.0,0.0,0.0
1.649580717086792,0.012271898662962688,0.019941835327314368,0.019941835327314368,1.4480840422295973,-0.1319229106268489,-2.2526025186556144,0.0153398733287033,0.0199418353273143,0.0199418353273143,1.4404141055652455,-0.0738822800833395,-1.2787748577285096,-5.38,-78.01,-24.21,-13.45,2.69,0.0,0.09592329568960835,0.0,-0.1678657674568146,1.0791370765080939,31,37,37,33,36,6,-7,-7,-32,194,12.9,12.9,12.8,12.5,12.700000000000001,-999.0,-999.0,-999.0,0.0,0.0,0.0
1.6655783653259277,0.012271898662962688,0.02300980999305504,0.021475822660184704,1.4450160675638566,-0.11351506263240486,-1.9504454144361818,0.013805885995833,0.0214758226601847,0.0214758226601847,1.4373461308995048,-0.0554744320888954,-0.9571178238914207,-18.83,-83.39,-32.28,-21.52,2.69,0.0,0.11990411961201043,0.0,-0.1678657674568146,1.0791370765080939,31,37,37,34,36,0,-13,-7,-51,188,12.9,12.9,12.8,12.8,12.700000000000001,-999.0,-999.0,-999.0,0.0,0.0,0.0
1.6816256046295166,0.012271898662962688,0.024543797325925376,0.02300980999305504,1.4419480928981159,-0.09357322730509049,-1.6160700743174938,0.0153398733287033,0.023009809993055,0.023009809993055,1.434278156233764,-0.0370665840944514,-0.6294068364516743,34.97,-75.32,-43.04,13.45,-5.38,0.0,0.11990411961201043,0.023980823922402087,-0.1678657674568146,1.103117900430496,31,37,37,34,36,6,-13,-7,-19,182,12.9,12.9,12.8,12.8,12.700000000000001,-999.0,-999.0,-999.0,0.0,0.0,0.0
1.705592155456543,0.012271898662962688,0.029145759324536384,0.024543797325925376,1.4373461308995048,-0.06749544264629478,-1.1678624375317213,0.013805885995833,0.0260777846587957,0.0245437973259253,1.4327441689008935,-0.0186587361000074,-0.295726088775837,0.0,-78.01,-78.01,0.0,29.59,0.0,0.11990411961201043,0.047961647844804174,-0.14388494353441253,1.103117900430496,32,37,37,34,36,0,-13,-7,-32,200,12.9,12.9,12.8,12.8,12.700000000000001,-999.0,-999.0,-999.0,0.0,0.0,0.0
1.7216260433197021,0.010737911330092352,0.03067974665740672,0.026077784658795712,1.4358121435666344,-0.05062158198472109,-0.8713079747045758,0.013805885995833,0.027611771991666,0.0260777846587957,1.4312101815680236,-0.003318862771304,-0.013168046529177246,0.0,-78.01,-64.56,5.38,16.14,0.0,0.14388494353441253,0.07194247176720626,-0.14388494353441253,1.103117900430496,32,38,37,34,36,0,-19,-7,-19,188,12.9,12.9,12.9,12.8,12.700000000000001,-999.0,-999.0,-999.0,0.0,0.0,0.0
1.7376289367675781,0.012271898662962688,0.032213733990277056,0.027611771991666048,1.434278156233764,-0.03528170865601773,-0.5973121411594513,0.0122718986629626,0.0291457593245363,0.027611771991666,1.4281422069022829,0.0089530358916586,0.21577303103248457,-2.69,-94.14999999999999,-80.7,-16.14,8.07,0.0,0.11990411961201043,0.09592329568960835,-0.14388494353441253,1.103117900430496,32,38,37,34,36,-7,-19,-7,-25,175,12.9,12.9,12.9,12.8,12.600000000000001,-999.0,-999.0,-999.0,0.0,0.0,0.0
1.748624563217163,0.012271898662962688,0.03374772132314739,0.029145759324536384,1.4327441689008937,-0.024543797325925376,-0.40304868124370685,0.0122718986629626,0.032213733990277,0.0306797466574067,1.4266082195694123,0.0227589218874916,0.4763603890796698,0.0,-96.84,-51.11,0.0,-8.07,0.0,0.11990411961201043,0.09592329568960835,-0.14388494353441253,1.0791370765080939,32,38,37,34,35,-7,-19,-13,-19,144,12.9,12.9,12.9,12.8,12.700000000000001,-999.0,-999.0,-999.0,0.0,0.0,0.0
1.7696125507354736,0.012271898662962688,0.03528170865601773,0.032213733990277056,1.4296761942351532,-0.006135949331481344,-0.06536130276722438,0.0107379113300923,0.032213733990277,0.032213733990277,1.4250742322365422,0.0365648078833247,0.7401028548608899,8.07,-112.98,-80.7,2.69,24.21,0.0,0.11990411961201043,0.11990411961201043,-0.14388494353441253,1.0311754286632897,32,38,37,34,35,-13,-25,-7,-19,157,12.9,12.9,12.3,12.8,12.700000000000001,-999.0,-999.0,-999.0,0.0,0.0,0.0
1.7856249809265137,0.010737911330092352,0.036815695988888064,0.03374772132314739,1.4281422069022829,0.00766993666435168,0.19171658814480866,0.0107379113300923,0.0337477213231473,0.0352817086560177,1.4235402449036718,0.0488367065462873,0.9771428932985535,32.28,-78.01,-40.35,43.04,16.14,0.0,0.11990411961201043,0.11990411961201043,-0.11990411961201043,0.9832137808184855,31,38,37,34,35,-13,-19,31,11,157,12.9,12.9,12.8,12.8,12.700000000000001,-999.0,-999.0,-999.0,0.0,0.0,0.0
1.801624059677124,0.010737911330092352,0.0383496833217584,0.036815695988888064,1.4266082195694125,0.021475822660184704,0.4520079328199991,0.009203923997222,0.0352817086560177,0.036815695988888,1.4235402449036718,0.0580406305435093,1.1565032910165232,21.52,-59.18,-64.56,0.0,2.69,0.0,0.11990411961201043,0.11990411961201043,-0.11990411961201043,0.9352521329736814,31,37,37,34,35,-13,-19,-7,-7,138,12.9,12.9,12.8,12.8,12.700000000000001,-999.0,-999.0,-999.0,0.0,0.0,0.0
1.8176286220550537,0.010737911330092352,0.039883670654628736,0.0383496833217584,1.4266082195694125,0.032213733990277056,0.6566444906358111,0.009203923997222,0.036815695988888,0.0383496833217584,1.4220062575708017,0.065710567207861,1.306989760110528,43.04,-102.22,-88.77,0.0,-10.76,0.0,0.09592329568960835,0.11990411961201043,-0.09592329568960835,0.8872904851288772,32,37,37,34,35,-13,-25,-19,-7,113,12.9,13.100000000000001,12.9,12.8,12.700000000000001,-999.0,-999.0,-999.0,0.0,0.0,0.0
1.8416392803192139,0.010737911330092352,0.04295164532036941,0.04295164532036941,1.4250742322365422,0.047553607318980416,0.9522456430375754,0.0076699366643516,0.036815695988888,0.0398836706546287,1.4220062575708017,0.0733805038722127,1.4583908386467184,10.76,-112.98,-78.01,0.0,0.0,0.0,0.07194247176720626,0.11990411961201043,-0.07194247176720626,0.7913671894392689,31,37,37,34,35,-19,-25,-19,-7,100,12.9,13.0,12.9,12.8,12.700000000000001,-999.0,-999.0,-999.0,0.0,0.0,0.0
1.8526027202606201,0.009203923997222016,0.04295164532036941,0.04295164532036941,1.4250742322365422,0.055223543983332096,1.1014631360563611,0.0076699366643516,0.036815695988888,0.0429516453203694,1.4220062575708017,0.0795164532036941,1.580162298970674,13.45,-104.91,-51.11,2.69,0.0,0.0,0.07194247176720626,0.11990411961201043,-0.047961647844804174,0.7434055415944647,31,37,37,34,35,-19,-32,-19,-7,88,12.9,13.100000000000001,12.9,12.8,12.700000000000001,-999.0,-999.0,-999.0,0.0,0.0,0.0
1.8696205615997314,0.009203923997222016,0.044485632653239744,0.044485632653239744,1.4250742322365422,0.06289348064768377,1.2516107868872015,0.0061359493314813,0.0383496833217584,0.0444856326532397,1.4220062575708017,0.0841184152023051,1.6718663449402407,-37.66,-91.46,-43.04,0.0,0.0,0.0,0.07194247176720626,0.11990411961201043,-0.023980823922402087,0.6714630698272585,31,37,37,34,36,-19,-38,-7,-7,75,12.9,13.0,12.9,12.8,12.8,-999.0,-999.0,-999.0,0.0,0.0,0.0
1.8856499195098877,0.006135949331481344,0.044485632653239744,0.04601961998611008,1.4220062575708015,0.06902942997916511,1.3723910372397814,0.0061359493314813,0.0398836706546287,0.0475536073189804,1.4220062575708017,0.0856524025351754,1.702505348554109,37.66,-104.91,-40.35,-2.69,-8.07,-0.023980823922402087,0.07194247176720626,0.09592329568960835,-0.023980823922402087,0.5995205980600522,31,37,37,34,36,-13,-32,-13,0,63,12.9,13.0,12.9,12.8,12.8,-999.0,-999.0,-999.0,0.0,0.0,0.0
1.9056367874145508,0.004601961998611008,0.047553607318980416,0.04908759465185075,1.4250742322365422,0.07516537931064646,1.4937534038510607,0.0061359493314813,0.0398836706546287,0.050621581984721,1.4220062575708017,0.0856524025351754,1.702505348554109,0.0,-99.53,-78.01,-5.38,-24.21,-0.047961647844804174,0.07194247176720626,0.09592329568960835,0.0,0.5035973023704439,31,37,37,34,36,0,-38,0,0,32,12.9,13.0,12.9,12.8,12.8,-999.0,-999.0,-999.0,0.0,0.0,0.0
1.9215962886810303,0.003067974665740672,0.047553607318980416,0.052155569317591424,1.4220062575708015,0.07976734130925747,1.5851535246259734,0.0030679746657406,0.041417657987499,0.0536895566504617,1.4220062575708017,0.0856524025351754,1.702505348554109,-5.38,-67.25,-53.8,-5.38,-40.35,-0.07194247176720626,0.047961647844804174,0.09592329568960835,0.0,0.43165483060323756,31,37,37,34,36,-7,-32,0,0,19,13.0,13.0,12.9,12.700000000000001,12.8,-999.0,-999.0,-999.0,0.0,0.0,0.0
1.9375824928283691,0.001533987332870336,0.047553607318980416,0.055223543983332096,1.4220062575708015,0.0813013286421278,1.6156917800132022,0.0015339873328703,0.0398836706546287,0.0567575313162024,1.4220062575708017,0.0856524025351754,1.702505348554109,0.0,-129.12,-53.8,-8.07,-32.28,-0.07194247176720626,0.047961647844804174,0.11990411961201043,0.0,0.3357315349136292,31,37,37,34,36,-7,-38,-13,-7,13,13.0,13.0,12.9,12.8,12.8,-999.0,-999.0,-999.0,0.0,0.0,0.0
1.9536058902740479,0.0,0.047553607318980416,0.05829151864907277,1.4250742322365422,0.08283531597499814,1.6462656457760274,0.0015339873328703,0.041417657987499,0.0613594933148134,1.4220062575708017,0.0856524025351754,1.702505348554109,0.0,-96.84,-110.28999999999999,-5.38,-16.14,-0.09592329568960835,0.023980823922402087,0.14388494353441253,0.0,0.263789063146423,31,37,37,34,35,0,-32,-7,-7,13,13.0,13.0,12.9,12.9,12.8,-999.0,-999.0,-999.0,0.0,0.0,0.0
1.9736053943634033,0.0,0.047553607318980416,0.06135949331481344,1.4220062575708015,0.08283531597499814,1.6462656457760274,0.0,0.041417657987499,0.0644274679805541,1.420472270237931,0.0856524025351754,1.702505348554109,0.0,-75.32,-102.22,-2.69,2.69,-0.07194247176720626,0.023980823922402087,0.1678657674568146,0.0,0.1678657674568146,31,37,37,34,35,0,-32,6,-13,7,13.0,13.0,12.9,12.9,12.8,-999.0,-999.0,-999.0,0.0,0.0,0.0
1.9896087646484375,-0.001533987332870336,0.047553607318980416,0.06442746798055411,1.4220062575708015,0.08283531597499814,1.6462656457760274,-0.0015339873328703,0.041417657987499,0.0659614553134244,1.420472270237931,0.0856524025351754,1.702505348554109,0.0,-72.63,-110.28999999999999,0.0,5.38,-0.07194247176720626,0.0,0.1678657674568146,0.0,0.09592329568960835,31,37,37,34,35,6,-32,0,-7,7,13.0,13.0,12.9,12.9,12.8,-999.0,-999.0,-999.0,0.0,0.0,0.0
2.005662202835083,-0.001533987332870336,0.047553607318980416,0.06902942997916511,1.4220062575708015,0.08283531597499814,1.6462656457760274,-0.0015339873328703,0.0429516453203694,0.0690294299791651,1.4189382829050607,0.0856524025351754,1.702505348554109,0.0,-43.04,-43.04,0.0,5.38,-0.047961647844804174,0.0,0.1678657674568146,0.0,0.047961647844804174,31,37,37,34,35,6,-25,-13,-13,7,13.0,12.9,12.9,12.8,12.8,-999.0,-999.0,-999.0,0.0,0.0,0.0
2.0256705284118652,-0.001533987332870336,0.047553607318980416,0.07056341731203546,1.420472270237931,0.08283531597499814,1.6462656457760274,-0.0015339873328703,0.041417657987499,0.0705634173120354,1.4174042955721904,0.0856524025351754,1.702505348554109,0.0,-94.14999999999999,-75.32,16.14,5.38,-0.023980823922402087,0.0,0.1678657674568146,0.0,0.023980823922402087,31,37,37,34,35,6,-32,-7,-13,7,13.0,12.9,12.9,12.9,12.8,-999.0,-999.0,-999.0,0.0,0.0,0.0
2.041625499725342,-0.001533987332870336,0.047553607318980416,0.07363139197777613,1.4189382829050607,0.08283531597499814,1.6462656457760274,-0.0015339873328703,0.041417657987499,0.0736313919777761,1.41433632090645,0.0856524025351754,1.702505348554109,0.0,-104.91,-26.9,-34.97,5.38,0.0,0.0,0.1678657674568146,-0.023980823922402087,0.0,31,37,37,34,36,6,-38,31,-44,7,13.0,12.9,12.700000000000001,12.9,12.8,-999.0,-999.0,-999.0,0.0,0.0,0.0
2.0575788021087646,-0.001533987332870336,0.04908759465185075,0.07363139197777613,1.4174042955721904,0.08283531597499814,1.6462656457760274,-0.0030679746657406,0.041417657987499,0.0736313919777761,1.4128023335735795,0.0856524025351754,1.702505348554109,-8.07,-86.08,-53.8,-2.69,5.38,0.0,0.0,0.14388494353441253,-0.023980823922402087,0.0,31,38,37,34,36,0,-32,-13,-19,7,13.0,12.9,12.9,12.9,12.8,-999.0,-999.0,-999.0,0.0,0.0,0.0
2.0736069679260254,-0.001533987332870336,0.04908759465185075,0.07516537931064646,1.41587030823932,0.08283531597499814,1.6462656457760274,-0.0030679746657406,0.041417657987499,0.0751653793106464,1.4112683462407092,0.0856524025351754,1.702505348554109,0.0,-94.14999999999999,-59.18,0.0,5.38,0.0,0.0,0.14388494353441253,-0.047961647844804174,0.0,31,38,37,34,36,0,-38,-19,-19,7,13.0,12.9,12.9,12.9,12.8,-999.0,-999.0,-999.0,0.0,0.0,0.0
2.0895676612854004,-0.001533987332870336,0.04908759465185075,0.0766993666435168,1.41433632090645,0.08283531597499814,1.6462656457760274,-0.0030679746657406,0.0429516453203694,0.0766993666435168,1.406666384242098,0.0856524025351754,1.702505348554109,0.0,-102.22,-53.8,-24.21,5.38,0.0,0.0,0.11990411961201043,-0.07194247176720626,0.0,31,38,37,34,36,0,-38,-13,-25,7,12.9,12.9,12.9,12.9,12.8,-999.0,-999.0,-999.0,0.0,0.0,0.0
2.1095893383026123,-0.001533987332870336,0.04908759465185075,0.07976734130925747,1.4097343589078388,0.08283531597499814,1.6462656457760274,-0.0030679746657406,0.041417657987499,0.0782333539763871,1.4035984095763574,0.0856524025351754,1.702505348554109,0.0,-112.98,-56.49,0.0,8.07,0.0,0.0,0.11990411961201043,-0.09592329568960835,0.0,31,37,37,33,36,0,-38,-13,-25,7,12.9,12.9,12.9,12.9,12.8,-999.0,-999.0,-999.0,0.0,0.0,0.0
2.1256167888641357,-0.001533987332870336,0.04908759465185075,0.0813013286421278,1.4082003715749685,0.08283531597499814,1.6462656457760274,-0.0030679746657406,0.0429516453203694,0.0813013286421278,1.402064422243487,0.0856524025351754,1.702505348554109,0.0,-83.39,-32.28,0.0,8.07,0.0,0.0,0.09592329568960835,-0.11990411961201043,0.0,31,37,37,33,36,0,-32,24,-25,7,12.9,12.9,12.9,12.8,12.8,-999.0,-999.0,-999.0,0.0,0.0,0.0
2.145569324493408,-0.001533987332870336,0.04908759465185075,0.08436930330786849,1.4051323969092278,0.08283531597499814,1.6462656457760274,-0.0030679746657406,0.0429516453203694,0.0828353159749981,1.3974624602448762,0.0856524025351754,1.702505348554109,0.0,-72.63,-67.25,-2.69,8.07,0.0,0.0,0.09592329568960835,-0.11990411961201043,0.0,31,38,37,33,36,0,-32,-7,-32,7,12.9,13.0,12.9,12.8,12.8,-999.0,-999.0,-999.0,0.0,0.0,0.0
2.1615965366363525,-0.001533987332870336,0.04908759465185075,0.08436930330786849,1.402064422243487,0.08283531597499814,1.6462656457760274,-0.0030679746657406,0.0444856326532397,0.0859032906407388,1.3928604982462651,0.0856524025351754,1.702505348554109,0.0,-61.87,-48.42,-10.76,8.07,0.0,0.0,0.09592329568960835,-0.14388494353441253,0.0,31,38,37,33,36,0,-25,0,-38,7,12.9,13.0,12.9,12.8,12.8,-999.0,-999.0,-999.0,0.0,0.0,0.0
2.1815481185913086,-0.001533987332870336,0.04908759465185075,0.08743727797360915,1.3974624602448762,0.08283531597499814,1.6462656457760274,-0.0030679746657406,0.0444856326532397,0.0889712653064794,1.3897925235805244,0.0856524025351754,1.702505348554109,0.0,-67.25,-78.01,-10.76,8.07,0.0,0.0,0.09592329568960835,-0.14388494353441253,0.0,31,38,37,33,36,0,-25,0,-38,7,12.9,12.9,12.9,12.9,12.8,-999.0,-999.0,-999.0,0.0,0.0,0.0
2.1975393295288086,-0.001533987332870336,0.05062158198472109,0.08897126530647949,1.3943944855791355,0.08283531597499814,1.6462656457760274,-0.004601961998611,0.04601961998611,0.0920392399722201,1.3867245489147837,0.0856524025351754,1.702505348554109,-2.69,-67.25,-88.77,0.0,8.07,0.0,0.0,0.09592329568960835,-0.1678657674568146,0.0,31,38,37,33,36,-7,-19,6,-32,7,12.9,12.9,12.9,12.9,12.8,-999.0,-999.0,-999.0,0.0,0.0,0.0
2.2095508575439453,-0.001533987332870336,0.05062158198472109,0.09203923997222016,1.3928604982462651,0.08283531597499814,1.6462656457760274,-0.0030679746657406,0.0475536073189804,0.0966412019708311,1.3821225869161728,0.0856524025351754,1.702505348554109,0.0,-78.01,-94.14999999999999,-8.07,8.07,0.0,0.0,0.09592329568960835,-0.1678657674568146,0.0,31,38,37,33,36,-7,-25,0,-25,7,12.9,12.9,12.9,12.9,12.8,-999.0,-999.0,-999.0,0.0,0.0,0.0
2.2295427322387695,-0.001533987332870336,0.052155569317591424,0.09664120197083118,1.388258536247654,0.08283531597499814,1.6462656457760274,-0.0030679746657406,0.0490875946518507,0.0997091766365718,1.3775206249175618,0.0856524025351754,1.702505348554109,0.0,-88.77,-69.94,-24.21,8.07,0.0,0.023980823922402087,0.11990411961201043,-0.1918465913792167,0.0,31,38,37,33,36,0,-19,12,-44,7,13.0,12.9,12.9,12.9,12.8,-999.0,-999.0,-999.0,0.0,0.0,0.0
2.249574661254883,-0.003067974665740672,0.05368955665046176,0.09970917663657183,1.3821225869161728,0.08283531597499814,1.6462656457760274,-0.0030679746657406,0.0490875946518507,0.1058451259680531,1.374452650251821,0.0856524025351754,1.702505348554109,0.0,-80.7,-72.63,0.0,8.07,0.0,0.047961647844804174,0.1678657674568146,-0.1918465913792167,0.0,31,38,37,33,36,0,-25,18,-38,7,13.0,12.9,13.0,12.9,12.8,-999.0,-999.0,-999.0,0.0,0.0,0.0
2.261570692062378,-0.003067974665740672,0.055223543983332096,0.10431113863518285,1.3805885995833025,0.08283531597499814,1.6462656457760274,-0.0030679746657406,0.0490875946518507,0.1089131006337938,1.36985068825321,0.0856524025351754,1.702505348554109,0.0,-69.94,-131.81,-10.76,8.07,0.0,0.047961647844804174,0.1678657674568146,-0.1918465913792167,0.0,31,38,37,33,36,6,-32,6,-32,7,13.0,12.9,13.0,12.9,12.8,-999.0,-999.0,-999.0,0.0,0.0,0.0
2.2775557041168213,-0.003067974665740672,0.055223543983332096,0.10737911330092352,1.3759866375846914,0.08283531597499814,1.6462656457760274,-0.0015339873328703,0.0490875946518507,0.1135150626324048,1.3652487262545991,0.0856524025351754,1.702505348554109,34.97,-91.46,-123.74,-21.52,8.07,0.0,0.047961647844804174,0.1918465913792167,-0.21582741530161878,0.0,31,37,37,33,36,74,-32,0,-63,7,13.0,12.9,12.9,12.9,12.8,-999.0,-999.0,-999.0,0.0,0.0,0.0
2.2975471019744873,-0.001533987332870336,0.055223543983332096,0.11351506263240486,1.3713846755860803,0.08283531597499814,1.6462656457760274,-0.0015339873328703,0.050621581984721,0.1181170246310158,1.360646764255988,0.0856524025351754,1.702505348554109,-16.14,-80.7,-88.77,-21.52,8.07,0.0,0.047961647844804174,0.21582741530161878,-0.21582741530161878,0.0,31,37,37,34,36,6,-25,12,-50,7,13.0,12.9,12.9,12.9,12.8,-999.0,-999.0,-999.0,0.0,0.0,0.0
2.3135929107666016,-0.001533987332870336,0.05675753131620243,0.11811702463101587,1.3667827135874693,0.08283531597499814,1.6462656457760274,-0.0015339873328703,0.0490875946518507,0.1227189866296268,1.356044802257377,0.0856524025351754,1.702505348554109,0.0,-121.05,-99.53,-2.69,8.07,0.0,0.047961647844804174,0.23980823922402086,-0.21582741530161878,0.0,31,37,37,34,35,6,-38,0,-44,7,12.9,12.9,12.9,12.8,12.8,-999.0,-999.0,-999.0,0.0,0.0,0.0
2.3295962810516357,-0.001533987332870336,0.05675753131620243,0.12271898662962688,1.3621807515888584,0.08283531597499814,1.6462656457760274,-0.0015339873328703,0.0490875946518507,0.1257869612953675,1.3529768275916365,0.0856524025351754,1.702505348554109,0.0,-102.22,-96.84,-10.76,8.07,0.0,0.023980823922402087,0.23980823922402086,-0.21582741530161878,0.0,31,37,37,34,35,6,-38,0,-63,7,12.9,12.9,12.9,12.8,12.8,-999.0,-999.0,-999.0,0.0,0.0,0.0
2.3456432819366455,-0.001533987332870336,0.05675753131620243,0.12578696129536754,1.3591127769231177,0.08283531597499814,1.6462656457760274,-0.0015339873328703,0.0490875946518507,0.1288549359611082,1.3483748655930254,0.0856524025351754,1.702505348554109,0.0,-96.84,-115.67,0.0,8.07,0.0,0.023980823922402087,0.263789063146423,-0.23980823922402086,0.0,31,37,37,34,35,6,-38,-7,-38,7,12.9,12.9,12.9,12.8,12.8,-999.0,-999.0,-999.0,0.0,0.0,0.0
2.3656160831451416,-0.001533987332870336,0.05675753131620243,0.12885493596110822,1.356044802257377,0.08283531597499814,1.6462656457760274,0.0,0.0490875946518507,0.1334568979597192,1.3453068909272847,0.0856524025351754,1.702505348554109,0.0,-102.22,-56.49,-21.52,8.07,0.0,0.023980823922402087,0.23980823922402086,-0.23980823922402086,0.0,31,37,37,34,35,6,-38,12,-44,7,12.9,12.9,12.9,12.8,12.8,-999.0,-999.0,-999.0,0.0,0.0,0.0
2.3816213607788086,0.0,0.05675753131620243,0.13345689795971924,1.351442840258766,0.08283531597499814,1.6462656457760274,0.0,0.0490875946518507,0.1365248726254599,1.342238916261544,0.0856524025351754,1.702505348554109,0.0,-104.91,-72.63,-13.45,8.07,0.0,0.0,0.21582741530161878,-0.23980823922402086,0.0,31,37,37,34,35,0,-38,6,-38,7,12.9,12.9,12.9,12.8,12.8,-999.0,-999.0,-999.0,0.0,0.0,0.0
2.397526741027832,-0.001533987332870336,0.05675753131620243,0.1365248726254599,1.346840878260155,0.08283531597499814,1.6462656457760274,0.0,0.0490875946518507,0.1380588599583302,1.3391709415958033,0.0856524025351754,1.702505348554109,0.0,-104.91,-107.6,16.14,8.07,0.0,0.0,0.21582741530161878,-0.23980823922402086,0.0,31,37,36,33,35,6,-38,0,-25,7,12.9,12.9,12.9,12.8,12.8,-999.0,-999.0,-999.0,0.0,0.0,0.0
2.413576364517212,-0.001533987332870336,0.05675753131620243,0.13959284729120058,1.3453068909272847,0.08283531597499814,1.6462656457760274,0.0,0.0490875946518507,0.1426608219569412,1.3361029669300626,0.0856524025351754,1.702505348554109,0.0,-104.91,-75.32,5.38,8.07,0.0,0.0,0.1918465913792167,-0.21582741530161878,0.0,31,37,36,33,35,6,-38,-7,-25,7,12.9,12.9,12.9,12.8,12.8,-999.0,-999.0,-999.0,0.0,0.0,0.0
2.4375507831573486,-0.001533987332870336,0.05675753131620243,0.1441948092898116,1.3407049289286737,0.08283531597499814,1.6462656457760274,0.0,0.0475536073189804,0.1441948092898116,1.3345689795971922,0.0856524025351754,1.702505348554109,0.0,-123.74,-110.28999999999999,2.69,8.07,0.0,0.0,0.1918465913792167,-0.1918465913792167,0.0,31,37,37,33,35,6,-44,0,-32,7,12.9,12.9,12.9,12.8,12.8,-999.0,-999.0,-999.0,0.0,0.0,0.0
2.453533411026001,-0.001533987332870336,0.05675753131620243,0.14879677128842259,1.337636954262933,0.08283531597499814,1.6462656457760274,0.0,0.0475536073189804,0.1457287966226819,1.3315010049314515,0.0856524025351754,1.702505348554109,0.0,-123.74,-67.25,0.0,8.07,0.0,0.0,0.1918465913792167,-0.1918465913792167,0.0,31,37,37,33,35,6,-44,-13,-25,7,12.9,12.9,12.9,12.8,12.8,-999.0,-999.0,-999.0,0.0,0.0,0.0
2.4695732593536377,-0.001533987332870336,0.05675753131620243,0.15033075862129291,1.3345689795971922,0.08283531597499814,1.6462656457760274,0.0015339873328703,0.0475536073189804,0.1487967712884225,1.3299670175985814,0.0856524025351754,1.702505348554109,0.0,-123.74,-72.63,2.69,8.07,0.0,0.0,0.1678657674568146,-0.1918465913792167,0.0,31,37,37,33,35,6,-38,-7,-19,7,12.9,12.9,12.9,12.8,12.8,-999.0,-999.0,-999.0,0.0,0.0,0.0
2.4855527877807617,-0.001533987332870336,0.05675753131620243,0.15186474595416327,1.333034992264322,0.08283531597499814,1.6462656457760274,0.0015339873328703,0.0475536073189804,0.1503307586212929,1.328433030265711,0.0841184152023051,1.6718663449402407,0.0,-126.42999999999999,-48.42,-2.69,8.07,0.0,0.0,0.1678657674568146,-0.1678657674568146,0.0,31,37,37,33,36,6,-44,-13,-19,0,12.9,12.9,12.9,12.8,12.8,-999.0,-999.0,-999.0,0.0,0.0,0.0
2.501528739929199,-0.001533987332870336,0.05675753131620243,0.1533987332870336,1.3315010049314517,0.08283531597499814,1.6462656457760274,0.004601961998611,0.0475536073189804,0.1503307586212929,1.328433030265711,0.0841184152023051,1.6718663449402407,72.63,-123.74,-61.87,26.9,2.69,0.0,0.0,0.14388494353441253,-0.14388494353441253,0.0,31,37,37,33,36,18,-44,-19,-13,0,12.9,12.9,12.9,12.8,12.8,-999.0,-999.0,-999.0,0.0,0.0,0.0
2.5165352821350098,0.0,0.05675753131620243,0.1533987332870336,1.3299670175985814,0.08283531597499814,1.6462656457760274,0.0061359493314813,0.0475536073189804,0.1503307586212929,1.328433030265711,0.0841184152023051,1.6718663449402407,0.0,-123.74,-53.8,0.0,2.69,0.0,0.0,0.09592329568960835,-0.14388494353441253,0.0,31,37,37,34,36,18,-44,-19,-7,0,13.0,12.9,12.9,12.8,12.8,-999.0,-999.0,-999.0,0.0,0.0,0.0
2.533653736114502,0.0,0.055223543983332096,0.15493272061990393,1.3299670175985814,0.08283531597499814,1.6462656457760274,0.0076699366643516,0.0475536073189804,0.1503307586212929,1.3268990429328409,0.0825844278694347,1.6412627691302708,40.35,-126.42999999999999,-75.32,0.0,2.69,0.0,0.0,0.07194247176720626,-0.09592329568960835,0.0,32,37,37,34,36,87,-44,-25,-13,-6,13.0,13.0,12.9,12.8,12.8,-999.0,-999.0,-999.0,0.0,0.0,0.0
2.5485804080963135,0.001533987332870336,0.05675753131620243,0.15493272061990393,1.328433030265711,0.08283531597499814,1.6462656457760274,0.0076699366643516,0.04601961998611,0.1487967712884225,1.328433030265711,0.0810504405365644,1.6106947207797373,0.0,-123.74,-64.56,0.0,2.69,0.023980823922402087,0.0,0.047961647844804174,-0.07194247176720626,0.0,31,38,37,34,36,18,-44,-25,-7,-6,13.0,12.9,12.9,12.700000000000001,12.8,-999.0,-999.0,-999.0,0.0,0.0,0.0
2.5696072578430176,0.004601961998611008,0.05675753131620243,0.15493272061990393,1.328433030265711,0.08283531597499814,1.6462656457760274,0.009203923997222,0.04601961998611,0.1487967712884225,1.328433030265711,0.0795164532036941,1.580162298970674,2.69,-137.19,-61.87,-2.69,0.0,0.047961647844804174,0.0,0.023980823922402087,-0.047961647844804174,0.0,31,38,37,34,36,12,-44,-25,0,-18,13.0,12.9,12.9,12.8,12.8,-999.0,-999.0,-999.0,0.0,0.0,0.0
2.584562301635742,0.006135949331481344,0.05675753131620243,0.15493272061990393,1.328433030265711,0.08283531597499814,1.6462656457760274,0.0107379113300923,0.04601961998611,0.1487967712884225,1.3268990429328409,0.0795164532036941,1.580162298970674,8.07,-137.19,-61.87,-5.38,0.0,0.07194247176720626,0.0,0.023980823922402087,-0.023980823922402087,0.0,31,37,37,34,36,12,-50,-25,-7,-18,13.0,12.9,12.9,12.8,12.8,-999.0,-999.0,-999.0,0.0,0.0,0.0
2.6055517196655273,0.009203923997222016,0.05675753131620243,0.15493272061990393,1.328433030265711,0.0813013286421278,1.6156917800132022,0.0122718986629626,0.04601961998611,0.1487967712884225,1.328433030265711,0.0779824658708237,1.5496656022103392,0.0,-134.5,-61.87,0.0,0.0,0.09592329568960835,0.0,0.0,-0.023980823922402087,0.0,31,37,37,34,36,6,-50,-25,0,-18,13.0,12.9,12.9,12.8,12.8,-999.0,-999.0,-999.0,0.0,0.0,0.0
2.6175286769866943,0.010737911330092352,0.05675753131620243,0.15493272061990393,1.328433030265711,0.07976734130925747,1.5851535246259734,0.013805885995833,0.04601961998611,0.1487967712884225,1.328433030265711,0.0764484785379534,1.5192047284299757,0.0,-139.88,-61.87,0.0,0.0,0.09592329568960835,0.0,0.0,0.0,-0.023980823922402087,31,37,37,34,36,0,-50,-25,0,-12,13.0,12.9,12.9,12.8,12.8,-999.0,-999.0,-999.0,0.0,0.0,0.0
2.6375317573547363,0.010737911330092352,0.05675753131620243,0.15493272061990393,1.328433030265711,0.07976734130925747,1.5851535246259734,0.013805885995833,0.04601961998611,0.1487967712884225,1.328433030265711,0.0764484785379534,1.5192047284299757,0.0,-137.19,-64.56,0.0,0.0,0.09592329568960835,0.0,0.0,0.0,-0.023980823922402087,31,37,37,34,36,6,-50,-25,0,-18,13.0,12.9,12.9,12.8,12.8,-999.0,-999.0,-999.0,0.0,0.0,0.0
2.6565663814544678,0.012271898662962688,0.05675753131620243,0.15493272061990393,1.328433030265711,0.07823335397638714,1.55465097821569,0.0153398733287033,0.04601961998611,0.1487967712884225,1.3268990429328409,0.074914491205083,1.4887797749835834,0.0,-137.19,-61.87,-5.38,-2.69,0.07194247176720626,0.0,0.0,0.0,-0.047961647844804174,31,37,37,34,36,6,-50,-25,-7,-18,13.0,12.9,12.9,12.8,12.8,-999.0,-999.0,-999.0,0.0,0.0,0.0
2.669572591781616,0.012271898662962688,0.05675753131620243,0.15493272061990393,1.328433030265711,0.0766993666435168,1.5241842388078914,0.0153398733287033,0.04601961998611,0.1487967712884225,1.328433030265711,0.074914491205083,1.4887797749835834,-5.38,-139.88,-61.87,0.0,0.0,0.047961647844804174,0.0,0.0,0.0,-0.047961647844804174,31,37,37,34,36,6,-50,-25,0,-12,13.0,12.5,12.9,12.8,12.8,-999.0,-999.0,-999.0,0.0,0.0,0.0
2.689572334289551,0.012271898662962688,0.05675753131620243,0.15493272061990393,1.328433030265711,0.07516537931064646,1.4937534038510607,0.0168738606615736,0.04601961998611,0.1487967712884225,1.3268990429328409,0.0733805038722127,1.4583908386467184,48.42,-139.88,-56.49,-5.38,0.0,0.023980823922402087,0.0,0.0,0.0,-0.047961647844804174,31,37,37,34,36,12,-50,-25,-7,-12,13.0,12.9,12.9,12.8,12.8,-999.0,-999.0,-999.0,0.0,0.0,0.0
2.70558500289917,0.010737911330092352,0.05675753131620243,0.15493272061990393,1.3268990429328407,0.07516537931064646,1.4937534038510607,0.018407847994444,0.04601961998611,0.1487967712884225,1.3268990429328409,0.0733805038722127,1.4583908386467184,8.07,-134.5,-61.87,-2.69,0.0,0.023980823922402087,0.0,0.0,0.0,-0.047961647844804174,31,37,37,34,36,25,-50,-25,0,-12,13.0,12.9,12.9,12.8,12.8,-999.0,-999.0,-999.0,0.0,0.0,0.0
2.721559762954712,0.010737911330092352,0.05675753131620243,0.15493272061990393,1.3268990429328407,0.07516537931064646,1.4937534038510607,0.018407847994444,0.04601961998611,0.1487967712884225,1.3268990429328409,0.070312529206472,1.397721401504466,0.0,-139.88,-59.18,0.0,-16.14,0.0,0.0,0.0,0.0,-0.047961647844804174,31,37,37,34,36,25,-50,-25,0,-25,13.0,12.9,12.9,12.8,12.8,-999.0,-999.0,-999.0,0.0,0.0,0.0
2.7365689277648926,0.012271898662962688,0.05675753131620243,0.15493272061990393,1.3268990429328407,0.0720974046449058,1.4329998341918795,0.018407847994444,0.04601961998611,0.1487967712884225,1.3268990429328409,0.070312529206472,1.397721401504466,0.0,-139.88,-61.87,-8.07,0.0,0.0,0.0,0.0,0.0,-0.047961647844804174,31,37,37,34,36,18,-50,-25,-7,-18,13.0,12.9,12.9,12.8,12.4,-999.0,-999.0,-999.0,0.0,0.0,0.0
2.7575340270996094,0.013805885995833024,0.055223543983332096,0.15493272061990393,1.328433030265711,0.07056341731203546,1.4026772914905068,0.018407847994444,0.04601961998611,0.1487967712884225,1.3268990429328409,0.0672445545407314,1.3371971795940776,2.69,-142.57,-61.87,-5.38,-26.9,0.0,0.0,0.0,0.0,-0.047961647844804174,30,37,37,34,36,12,-50,-25,0,-25,13.0,12.9,12.9,12.8,12.600000000000001,-999.0,-999.0,-999.0,0.0,0.0,0.0
2.77357816696167,0.01533987332870336,0.05675753131620243,0.15493272061990393,1.328433030265711,0.07056341731203546,1.4026772914905068,0.018407847994444,0.04601961998611,0.1487967712884225,1.3268990429328409,0.0641765798749907,1.2768189261773248,-10.76,-137.19,-53.8,-5.38,-26.9,0.023980823922402087,0.0,0.0,0.0,-0.047961647844804174,31,37,37,34,36,6,-50,-25,0,-31,13.100000000000001,13.0,12.9,12.9,12.8,-999.0,-999.0,-999.0,0.0,0.0,0.0
2.7935874462127686,0.016873860661573696,0.05675753131620243,0.15493272061990393,1.328433030265711,0.06749544264629478,1.3421411659852203,0.018407847994444,0.04601961998611,0.1487967712884225,1.3268990429328409,0.0626425925421204,1.2466847704887576,-18.83,-139.88,-61.87,-5.38,-2.69,0.047961647844804174,0.0,0.0,0.0,-0.07194247176720626,31,37,37,34,36,0,-50,-25,-7,-25,13.0,13.0,12.9,12.9,12.8,-999.0,-999.0,-999.0,0.0,0.0,0.0
2.809553384780884,0.018407847994444032,0.05675753131620243,0.15493272061990393,1.3268990429328407,0.06442746798055411,1.2817509477255942,0.018407847994444,0.04601961998611,0.1487967712884225,1.3268990429328409,0.0580406305435093,1.1565032910165232,-5.38,-139.88,-61.87,-5.38,-29.59,0.047961647844804174,0.0,0.0,0.0,-0.07194247176720626,31,37,37,33,36,0,-50,-25,0,-31,13.0,12.9,12.9,12.700000000000001,12.8,-999.0,-999.0,-999.0,0.0,0.0,0.0
2.8295814990997314,0.019941835327314368,0.05675753131620243,0.15493272061990393,1.3268990429328407,0.06135949331481344,1.2215073813761947,0.018407847994444,0.04601961998611,0.1487967712884225,1.3268990429328409,0.0534386685448983,1.0666551962343271,32.28,-139.88,-61.87,-8.07,-18.83,0.07194247176720626,0.0,0.0,0.0,-0.09592329568960835,31,37,37,33,35,-7,-50,-25,0,-37,12.9,12.9,12.9,12.8,12.8,-999.0,-999.0,-999.0,0.0,0.0,0.0
2.841561794281006,0.019941835327314368,0.05675753131620243,0.15493272061990393,1.3268990429328407,0.059825505981943104,1.191440822807338,0.018407847994444,0.04601961998611,0.1487967712884225,1.3268990429328409,0.0457687318805467,0.9176557426406606,34.97,-139.88,-61.87,-5.38,-5.38,0.07194247176720626,0.0,0.0,0.0,-0.11990411961201043,31,37,37,33,35,-13,-50,-25,0,-37,12.9,12.9,12.9,12.8,12.8,-999.0,-999.0,-999.0,0.0,0.0,0.0
2.857558488845825,0.018407847994444032,0.05675753131620243,0.15493272061990393,1.328433030265711,0.055223543983332096,1.1014631360563611,0.018407847994444,0.04601961998611,0.1487967712884225,1.3268990429328409,0.0396327825490653,0.7991350507505802,18.83,-139.88,-61.87,-5.38,-8.07,0.07194247176720626,0.0,0.0,0.0,-0.14388494353441253,31,37,36,33,35,-13,-50,-25,0,-56,13.0,12.9,12.9,12.8,12.8,-999.0,-999.0,-999.0,0.0,0.0,0.0
2.873560905456543,0.018407847994444032,0.05675753131620243,0.15493272061990393,1.3268990429328407,0.04908759465185075,0.9820141988533746,0.018407847994444,0.04601961998611,0.1487967712884225,1.3268990429328409,0.0319628458847137,0.6518416032987793,0.0,-139.88,-61.87,-5.38,0.0,0.023980823922402087,0.0,0.0,0.0,-0.1918465913792167,31,37,36,33,35,-7,-50,-25,0,-50,12.9,13.0,12.8,12.8,12.8,-999.0,-999.0,-999.0,0.0,0.0,0.0
2.8935861587524414,0.016873860661573696,0.05675753131620243,0.15493272061990393,1.328433030265711,0.04295164532036941,0.8631661867695983,0.018407847994444,0.04601961998611,0.1487967712884225,1.3268990429328409,0.0227589218874916,0.4763603890796698,0.0,-137.19,-61.87,-5.38,-13.45,0.0,0.0,0.0,0.0,-0.23980823922402086,31,37,36,33,35,0,-50,-25,0,-62,12.9,13.0,12.9,12.8,12.8,-999.0,-999.0,-999.0,0.0,0.0,0.0
2.9095852375030518,0.01533987332870336,0.05675753131620243,0.15493272061990393,1.328433030265711,0.03528170865601773,0.7154595324874481,0.018407847994444,0.04601961998611,0.1487967712884225,1.3253650555999703,0.0120210105573993,0.2734058631259605,0.0,-137.19,-61.87,-8.07,-13.45,-0.023980823922402087,0.0,0.0,0.0,-0.28776988706882506,31,37,36,33,35,6,-44,-25,0,-81,12.9,13.0,12.9,12.8,12.8,-999.0,-999.0,-999.0,0.0,0.0,0.0
2.9255781173706055,0.013805885995833024,0.05675753131620243,0.15493272061990393,1.3268990429328407,0.027611771991666048,0.5687106852232289,0.0199418353273143,0.04601961998611,0.1487967712884225,1.3253650555999703,0.0012830992273069,0.07238547701055378,43.04,-139.88,-59.18,-5.38,-8.07,-0.047961647844804174,0.0,0.0,0.0,-0.3357315349136292,31,37,36,33,35,18,-50,-25,-7,-87,12.9,12.9,12.9,12.8,12.8,-999.0,-999.0,-999.0,0.0,0.0,0.0
2.945580005645752,0.013805885995833024,0.05675753131620243,0.15493272061990393,1.328433030265711,0.016873860661573696,0.36489030237483316,0.0199418353273143,0.04601961998611,0.1487967712884225,1.3253650555999703,0.0012830992273069,0.07238547701055378,5.38,-131.81,-64.56,-5.38,10.76,-0.047961647844804174,0.0,0.0,0.0,-0.3836931827584334,32,37,37,33,35,25,-50,-25,-7,-75,12.9,12.9,12.9,12.700000000000001,12.700000000000001,-999.0,-999.0,-999.0,0.0,0.0,0.0
2.965580940246582,0.01533987332870336,0.05675753131620243,0.15493272061990393,1.3268990429328407,0.009203923997222016,0.22048009800542182,0.0199418353273143,0.0475536073189804,0.1487967712884225,1.3253650555999703,-0.0232606980986184,-0.37970086181041834,2.69,-121.05,-61.87,-5.38,-69.94,-0.047961647844804174,0.0,0.0,0.0,-0.43165483060323756,32,37,37,33,35,12,-44,-25,0,-106,13.0,12.9,12.9,12.8,12.8,-999.0,-999.0,-999.0,0.0,0.0,0.0
2.9775784015655518,0.01533987332870336,0.05675753131620243,0.15493272061990393,1.3268990429328407,0.003067974665740672,0.10566439571977823,0.0214758226601847,0.0490875946518507,0.1487967712884225,1.3253650555999703,-0.0370665840944514,-0.6294068364516743,5.38,-91.46,-61.87,-8.07,-10.76,-0.023980823922402087,0.0,0.0,0.0,-0.45563565452563964,32,37,37,33,35,12,-44,-25,-7,-118,13.100000000000001,13.0,12.9,12.8,12.700000000000001,-999.0,-999.0,-999.0,0.0,0.0,0.0
2.9935574531555176,0.016873860661573696,0.05675753131620243,0.15493272061990393,1.3268990429328407,-0.009203923997222016,-0.12204830137071618,0.0214758226601847,0.0475536073189804,0.1487967712884225,1.3253650555999703,-0.0508724700902844,-0.875754561531876,0.0,-147.95,-61.87,-2.69,-8.07,0.0,0.0,0.0,0.0,-0.4796164784480417,32,37,37,33,35,12,-44,-25,0,-131,12.9,12.8,12.9,12.8,12.700000000000001,-999.0,-999.0,-999.0,0.0,0.0,0.0
3.009535551071167,0.018407847994444032,0.05675753131620243,0.15493272061990393,1.3268990429328407,-0.02300980999305504,-0.3751322438307926,0.0214758226601847,0.0490875946518507,0.1503307586212929,1.3238310682671,-0.0662123434189878,-1.1454916967158084,-8.07,-121.05,-61.87,0.0,5.38,0.023980823922402087,0.0,0.0,0.0,-0.527578126292846,32,37,36,33,35,12,-44,-25,0,-137,12.9,13.0,12.8,12.8,12.700000000000001,-999.0,-999.0,-999.0,0.0,0.0,0.0
3.029512882232666,0.021475822660184704,0.05675753131620243,0.15493272061990393,1.3268990429328407,-0.0383496833217584,-0.6524441771132983,0.0214758226601847,0.0490875946518507,0.1503307586212929,1.3238310682671,-0.0815522167476912,-1.4109943946500336,-5.38,-104.91,-61.87,-2.69,-8.07,0.07194247176720626,0.0,0.0,0.0,-0.6235014219824543,32,37,36,33,36,-7,-38,-25,-7,-156,12.9,12.9,12.8,12.8,12.700000000000001,-999.0,-999.0,-999.0,0.0,0.0,0.0
3.045513153076172,0.02300980999305504,0.05675753131620243,0.15493272061990393,1.3268990429328407,-0.052155569317591424,-0.8984778924690101,0.0214758226601847,0.0490875946518507,0.1503307586212929,1.3222970809342296,-0.0953581027435241,-1.6462949443001134,21.52,-104.91,-61.87,-10.76,-5.38,0.07194247176720626,0.0,0.0,0.0,-0.7194247176720626,32,37,36,33,36,-13,-38,-25,-13,-156,12.9,12.9,12.8,12.8,12.700000000000001,-999.0,-999.0,-999.0,0.0,0.0,0.0
3.065521001815796,0.02300980999305504,0.05675753131620243,0.15493272061990393,1.3238310682671,-0.06902942997916511,-1.1945684746860752,0.0214758226601847,0.0490875946518507,0.1518647459541632,1.3222970809342296,-0.1106979760722275,-1.9036527230090923,34.97,-104.91,-37.66,2.69,-29.59,0.09592329568960835,0.0,0.0,0.0,-0.7913671894392689,32,37,36,33,36,-13,-38,-19,-7,-156,12.9,12.9,12.8,12.8,12.700000000000001,-999.0,-999.0,-999.0,0.0,0.0,0.0
3.0774903297424316,0.02300980999305504,0.05675753131620243,0.15493272061990393,1.3238310682671,-0.07976734130925747,-1.380320712708126,0.0214758226601847,0.0490875946518507,0.1518647459541632,1.3222970809342296,-0.1260378494009309,-2.156682389383612,34.97,-104.91,-32.28,0.0,8.07,0.07194247176720626,0.0,0.0,0.0,-0.815348013361671,32,37,36,33,36,-13,-38,-19,-7,-137,12.9,12.9,12.8,12.8,12.700000000000001,-999.0,-999.0,-999.0,0.0,0.0,0.0
3.1014883518218994,0.021475822660184704,0.05675753131620243,0.15493272061990393,1.3238310682671,-0.10124316396944218,-1.7455390331676708,0.0214758226601847,0.0490875946518507,0.1503307586212929,1.3222970809342296,-0.1413777227296342,-2.405362891446779,0.0,-102.22,-61.87,-8.07,-10.76,0.023980823922402087,0.0,0.0,0.0,-0.8633096612064751,32,38,36,33,36,-7,-38,-25,0,-168,12.9,12.9,12.9,12.8,12.700000000000001,-999.0,-999.0,-999.0,0.0,0.0,0.0
3.113490104675293,0.021475822660184704,0.05675753131620243,0.15493272061990393,1.3222970809342296,-0.11044708796666419,-1.8994783111938376,0.023009809993055,0.0490875946518507,0.1503307586212929,1.3207630936013592,-0.1567175960583376,-2.6496787357014018,37.66,-102.22,-61.87,-16.14,18.83,0.0,0.0,0.0,0.0,-0.8633096612064751,32,38,37,33,36,62,-38,-25,-32,-137,12.9,12.9,12.9,12.8,12.700000000000001,-999.0,-999.0,-999.0,0.0,0.0,0.0
3.129516363143921,0.018407847994444032,0.05675753131620243,0.15493272061990393,1.3222970809342296,-0.12425297396249721,-2.12746428004653,0.023009809993055,0.0490875946518507,0.1503307586212929,1.3207630936013592,-0.1735914567199113,-2.9133731017793494,34.97,-102.22,-53.8,0.0,10.76,0.0,0.0,0.0,-0.023980823922402087,-0.8633096612064751,32,38,37,34,36,74,-38,-25,-7,-137,12.9,12.9,12.8,12.8,12.600000000000001,-999.0,-999.0,-999.0,0.0,0.0,0.0
3.1455178260803223,0.016873860661573696,0.05675753131620243,0.15493272061990393,1.3222970809342296,-0.13805885995833023,-2.3519291046800483,0.0245437973259253,0.0490875946518507,0.1503307586212929,1.3222970809342296,-0.1889313300486147,-3.148496574203189,0.0,-104.91,-61.87,0.0,8.07,-0.047961647844804174,0.0,0.0,-0.023980823922402087,-0.8633096612064751,32,37,37,34,36,18,-38,-25,-7,-143,12.9,12.9,12.8,12.700000000000001,12.700000000000001,-999.0,-999.0,-999.0,0.0,0.0,0.0
3.1655354499816895,0.016873860661573696,0.05675753131620243,0.15493272061990393,1.3222970809342296,-0.15800069528564462,-2.6699162985958473,0.0245437973259253,0.0490875946518507,0.1503307586212929,1.3222970809342296,-0.2027372160444477,-3.3563634501240642,0.0,-104.91,-61.87,0.0,-10.76,-0.07194247176720626,0.0,0.0,-0.023980823922402087,-0.8633096612064751,32,37,37,34,36,25,-38,-25,0,-156,12.9,12.9,12.8,12.8,12.700000000000001,-999.0,-999.0,-999.0,0.0,0.0,0.0
3.1815195083618164,0.019941835327314368,0.05675753131620243,0.15493272061990393,1.3222970809342296,-0.17180658128147763,-2.885730750159552,0.0245437973259253,0.0490875946518507,0.1503307586212929,1.3207630936013592,-0.2196110767060214,-3.605611774468852,21.52,-102.22,-64.56,-10.76,8.07,-0.047961647844804174,0.0,0.0,0.0,-0.8633096612064751,30,37,37,34,36,12,-38,-25,-7,-143,13.0,12.9,12.8,12.8,12.700000000000001,-999.0,-999.0,-999.0,0.0,0.0,0.0
3.1975035667419434,0.019941835327314368,0.05675753131620243,0.15493272061990393,1.3222970809342296,-0.18714645461018098,-3.1213638940358717,0.0260777846587957,0.0490875946518507,0.1503307586212929,1.3207630936013592,-0.2334169627018544,-3.805614460594093,2.69,-104.91,-61.87,-5.38,8.07,0.0,0.0,0.0,0.0,-0.8633096612064751,31,37,37,34,36,12,-38,-25,-7,-143,12.9,12.9,12.8,12.8,12.700000000000001,-999.0,-999.0,-999.0,0.0,0.0,0.0
3.217491388320923,0.021475822660184704,0.05675753131620243,0.15493272061990393,1.3222970809342296,-0.20402031527175468,-3.375502259583517,0.0260777846587957,0.0490875946518507,0.1503307586212929,1.3207630936013592,-0.2487568360305578,-4.023707276909712,-13.45,-102.22,-59.18,-5.38,-16.14,0.023980823922402087,0.0,0.0,0.0,-0.8872904851288772,31,38,37,33,36,12,-38,-25,-7,-156,13.0,12.9,12.8,12.8,12.700000000000001,-999.0,-999.0,-999.0,0.0,0.0,0.0
3.2335004806518555,0.024543797325925376,0.05675753131620243,0.15493272061990393,1.3207630936013592,-0.21936018860045806,-3.601944545853386,0.0260777846587957,0.0490875946518507,0.1503307586212929,1.3207630936013592,-0.2640967093592611,-4.237468113546923,-2.69,-104.91,-64.56,-8.07,-5.38,0.07194247176720626,0.0,0.0,0.0,-0.8872904851288772,31,38,37,33,35,0,-38,-25,-7,-162,12.9,13.0,12.8,12.8,12.8,-999.0,-999.0,-999.0,0.0,0.0,0.0
3.24949312210083,0.026077784658795712,0.05675753131620243,0.15493272061990393,1.3222970809342296,-0.23316607459629107,-3.802011375559116,0.0245437973259253,0.0490875946518507,0.1518647459541632,1.3222970809342296,-0.2794365826879645,-4.446919396980966,-72.63,-102.22,-40.35,-5.38,5.38,0.09592329568960835,0.0,0.0,0.0,-0.8872904851288772,31,38,37,33,35,-19,-38,-19,0,-150,12.9,12.9,12.8,12.8,12.700000000000001,-999.0,-999.0,-999.0,0.0,0.0,0.0
3.2654969692230225,0.027611771991666048,0.05675753131620243,0.15493272061990393,1.3222970809342296,-0.2469719605921241,-3.9985541129303503,0.0260777846587957,0.0490875946518507,0.1503307586212929,1.3222970809342296,-0.2947764560166679,-4.652087334112525,5.38,-104.91,-64.56,0.0,5.38,0.11990411961201043,0.0,0.0,0.0,-0.8872904851288772,31,38,37,33,35,-25,-38,-25,6,-150,12.9,12.9,12.9,12.8,12.700000000000001,-999.0,-999.0,-999.0,0.0,0.0,0.0
3.2855279445648193,0.026077784658795712,0.05675753131620243,0.15493272061990393,1.3207630936013592,-0.2653798085865681,-4.2551524265659575,0.0260777846587957,0.0490875946518507,0.1503307586212929,1.3222970809342296,-0.3085823420125009,-4.833100740514946,0.0,-104.91,-64.56,0.0,-5.38,0.09592329568960835,0.0,0.0,0.0,-0.8872904851288772,31,37,37,33,35,-7,-38,-25,6,-150,12.9,12.9,12.9,12.8,12.700000000000001,-999.0,-999.0,-999.0,0.0,0.0,0.0
3.3015246391296387,0.026077784658795712,0.05675753131620243,0.15493272061990393,1.3222970809342296,-0.27918569458240117,-4.44352829125004,0.0260777846587957,0.0490875946518507,0.1518647459541632,1.3207630936013592,-0.3223882280083339,-5.010692694387011,0.0,-102.22,-34.97,-5.38,0.0,0.047961647844804174,0.0,0.0,0.0,-0.8872904851288772,31,37,37,33,35,-13,-38,-19,-7,-150,12.9,12.9,12.9,12.8,12.700000000000001,-999.0,-999.0,-999.0,0.0,0.0,0.0
3.3174915313720703,0.024543797325925376,0.05675753131620243,0.15493272061990393,1.3222970809342296,-0.29299158057823416,-4.628434229033935,0.0260777846587957,0.0490875946518507,0.1518647459541632,1.3222970809342296,-0.3392620886699076,-5.223141243895557,0.0,-104.91,-29.59,-8.07,0.0,0.0,0.0,0.0,0.0,-0.8872904851288772,31,37,37,33,35,0,-38,-19,0,-137,12.9,12.9,12.9,12.8,12.700000000000001,-999.0,-999.0,-999.0,0.0,0.0,0.0
3.333554983139038,0.024543797325925376,0.05675753131620243,0.15493272061990393,1.3222970809342296,-0.30833145390693756,-4.829841865067238,0.0260777846587957,0.0490875946518507,0.1503307586212929,1.3222970809342296,-0.3530679746657406,-5.393225953069236,13.45,-104.91,-69.94,0.0,8.07,-0.023980823922402087,0.0,0.0,0.0,-0.8872904851288772,31,37,37,33,35,12,-38,-57,6,-143,12.9,12.9,12.9,12.8,12.700000000000001,-999.0,-999.0,-999.0,0.0,0.0,0.0
3.353515863418579,0.021475822660184704,0.05675753131620243,0.15493272061990393,1.3207630936013592,-0.3236713272356409,-5.027024973532355,0.0260777846587957,0.0490875946518507,0.1503307586212929,1.3207630936013592,-0.3668738606615737,-5.559979720902368,0.0,-104.91,-61.87,0.0,-10.76,-0.047961647844804174,0.0,0.0,0.0,-0.8633096612064751,31,37,37,33,35,18,-38,-25,-7,-143,12.9,12.9,12.9,12.8,12.700000000000001,-999.0,-999.0,-999.0,0.0,0.0,0.0
3.3695363998413086,0.021475822660184704,0.05675753131620243,0.15493272061990393,1.3207630936013592,-0.33747721323147395,-5.20090733775137,0.0260777846587957,0.0490875946518507,0.1503307586212929,1.3222970809342296,-0.3806797466574066,-5.723434232056963,0.0,-102.22,-61.87,-5.38,-2.69,-0.07194247176720626,0.0,0.0,0.0,-0.8633096612064751,31,37,37,33,35,18,-38,-25,0,-143,12.9,12.9,12.9,12.8,12.700000000000001,-999.0,-999.0,-999.0,0.0,0.0,0.0
3.385561227798462,0.02300980999305504,0.05675753131620243,0.15493272061990393,1.3222970809342296,-0.3528170865601773,-5.390164890178503,0.0260777846587957,0.0490875946518507,0.1503307586212929,1.3207630936013592,-0.3944856326532397,-5.883622643544455,10.76,-104.91,-59.18,-2.69,8.07,-0.047961647844804174,0.0,0.0,0.0,-0.8633096612064751,31,37,37,33,35,12,-38,-25,-7,-137,12.9,12.9,12.9,12.8,12.700000000000001,-999.0,-999.0,-999.0,0.0,0.0,0.0
3.401535987854004,0.02300980999305504,0.05675753131620243,0.15493272061990393,1.3222970809342296,-0.36508898522314,-5.538607567979356,0.0260777846587957,0.0490875946518507,0.1518647459541632,1.3207630936013592,-0.4067575313162024,-6.02329829467807,0.0,-104.91,-51.11,-8.07,18.83,-0.023980823922402087,0.0,0.0,0.0,-0.839328837284073,31,37,37,33,35,12,-38,-19,0,-131,12.8,12.9,12.9,12.8,12.700000000000001,-999.0,-999.0,-999.0,0.0,0.0,0.0
3.421541690826416,0.024543797325925376,0.05675753131620243,0.15493272061990393,1.3207630936013592,-0.38042885855184333,-5.720493087205944,0.0260777846587957,0.0490875946518507,0.1518647459541632,1.3207630936013592,-0.4205634173120354,-6.177412525809962,0.0,-104.91,-32.28,-2.69,-16.14,0.0,0.0,0.0,0.0,-0.815348013361671,31,37,37,33,35,0,-38,-19,0,-137,12.9,12.9,12.9,12.8,12.700000000000001,-999.0,-999.0,-999.0,0.0,0.0,0.0
3.4375221729278564,0.026077784658795712,0.05675753131620243,0.15493272061990393,1.3222970809342296,-0.3942347445476764,-5.880740548133475,0.0260777846587957,0.0490875946518507,0.1518647459541632,1.3207630936013592,-0.4328353159749981,-6.311746258138528,0.0,-102.22,-32.28,-5.38,0.0,0.047961647844804174,0.0,0.0,0.0,-0.7913671894392689,31,37,37,33,36,-7,-38,-19,-7,-137,12.9,12.9,12.9,12.8,12.700000000000001,-999.0,-999.0,-999.0,0.0,0.0,0.0
3.457557201385498,0.027611771991666048,0.05675753131620243,0.15493272061990393,1.3207630936013592,-0.4095746178763797,-6.055003926674197,0.0245437973259253,0.0490875946518507,0.1518647459541632,1.3222970809342296,-0.4451072146379608,-6.443607088696565,0.0,-104.91,-34.97,-5.38,-18.83,0.07194247176720626,0.0,0.0,0.0,-0.7913671894392689,31,37,37,33,36,-25,-38,-19,6,-137,12.9,12.9,12.9,12.8,12.700000000000001,-999.0,-999.0,-999.0,0.0,0.0,0.0
3.473478317260742,0.026077784658795712,0.05675753131620243,0.15493272061990393,1.3207630936013592,-0.4218465165393424,-6.191574456216118,0.0260777846587957,0.0490875946518507,0.1503307586212929,1.3207630936013592,-0.4573791133009235,-6.573022007031405,26.9,-102.22,-94.14999999999999,-5.38,-8.07,0.07194247176720626,0.0,0.0,0.0,-0.7673863655168668,31,35,37,33,36,-7,-38,-64,0,-137,12.9,12.9,12.9,12.8,12.700000000000001,-999.0,-999.0,-999.0,0.0,0.0,0.0
3.4894938468933105,0.026077784658795712,0.05675753131620243,0.15493272061990393,1.3222970809342296,-0.4341184152023051,-6.3256483845431735,0.0245437973259253,0.0490875946518507,0.1533987332870336,1.3222970809342296,-0.4681170246310158,-6.684275241277581,-64.56,-104.91,2.69,-5.38,-10.76,0.047961647844804174,0.0,0.0,0.0,-0.7673863655168668,31,37,37,33,36,-19,-38,24,6,-131,12.9,12.9,12.9,12.8,12.700000000000001,-999.0,-999.0,-999.0,0.0,0.0,0.0
3.5054922103881836,0.024543797325925376,0.05675753131620243,0.1564667079527743,1.3222970809342296,-0.44485632653239743,-6.440935894635083,0.0245437973259253,0.0490875946518507,0.1533987332870336,1.3222970809342296,-0.4803889232939785,-6.809178485964023,29.59,-102.22,-34.97,0.0,-5.38,0.0,0.0,0.0,0.0,-0.7434055415944647,31,37,37,33,36,-13,-38,-13,0,-131,12.9,12.9,12.9,12.8,12.8,-999.0,-999.0,-999.0,0.0,0.0,0.0
3.5214929580688477,0.02300980999305504,0.05675753131620243,0.1564667079527743,1.3222970809342296,-0.4555942378624898,-6.55435031942699,0.0245437973259253,0.0490875946518507,0.1518647459541632,1.3207630936013592,-0.4911268346240709,-6.916527168433821,10.76,-104.91,-64.56,-5.38,10.76,-0.023980823922402087,0.0,0.0,0.0,-0.7434055415944647,31,37,37,33,36,0,-38,-19,-7,-118,12.9,12.9,12.8,12.8,12.8,-999.0,-999.0,-999.0,0.0,0.0,0.0
3.5374858379364014,0.021475822660184704,0.05675753131620243,0.15800069528564462,1.3222970809342296,-0.4678661365254525,-6.681696828375492,0.0245437973259253,0.0490875946518507,0.1533987332870336,1.3222970809342296,-0.5033987332870336,-7.037017991646794,0.0,-107.6,-67.25,-8.07,10.76,-0.07194247176720626,0.0,0.0,0.0,-0.7194247176720626,31,37,37,33,36,6,-38,-25,0,-106,12.9,12.9,12.9,12.8,12.8,-999.0,-999.0,-999.0,0.0,0.0,0.0
3.557561159133911,0.018407847994444032,0.05675753131620243,0.15800069528564462,1.3207630936013592,-0.4801380351884152,-6.806648735252354,0.023009809993055,0.0490875946518507,0.1518647459541632,1.3207630936013592,-0.5126026572842556,-7.125867278163219,-5.38,-104.91,-115.67,-2.69,0.0,-0.09592329568960835,0.0,0.023980823922402087,0.0,-0.6954438937496605,31,37,37,34,35,12,-38,-32,0,-112,12.9,12.9,12.9,12.8,12.700000000000001,-999.0,-999.0,-999.0,0.0,0.0,0.0
3.5735151767730713,0.018407847994444032,0.05675753131620243,0.15953468261851494,1.3207630936013592,-0.4908759465185075,-6.914039520875537,0.023009809993055,0.0490875946518507,0.1518647459541632,1.3207630936013592,-0.5126026572842556,-7.125867278163219,8.07,-104.91,-86.08,-5.38,37.66,-0.11990411961201043,0.0,0.023980823922402087,0.0,-0.6954438937496605,31,37,37,34,35,12,-38,-32,0,-87,12.9,12.9,12.9,12.8,12.700000000000001,-999.0,-999.0,-999.0,0.0,0.0,0.0
3.5895135402679443,0.019941835327314368,0.05675753131620243,0.15800069528564462,1.3207630936013592,-0.5000798705157296,-7.004661248673053,0.023009809993055,0.0490875946518507,0.1533987332870336,1.3207630936013592,-0.5340784799444402,-7.328193637241656,18.83,-107.6,-61.87,-5.38,2.69,-0.09592329568960835,0.0,0.023980823922402087,0.0,-0.6714630698272585,31,37,37,34,36,12,-38,-32,0,-75,12.9,13.0,13.0,12.8,12.700000000000001,-999.0,-999.0,-999.0,0.0,0.0,0.0
3.6055197715759277,0.019941835327314368,0.05675753131620243,0.15800069528564462,1.3207630936013592,-0.5077498071800812,-7.079182040442803,0.023009809993055,0.0490875946518507,0.1533987332870336,1.3207630936013592,-0.5432824039416624,-7.412796629237476,0.0,-91.46,-34.97,-5.38,-5.38,-0.047961647844804174,0.0,0.023980823922402087,0.0,-0.6235014219824543,31,37,37,34,36,6,-38,-19,0,-112,12.9,13.0,12.9,12.8,12.700000000000001,-999.0,-999.0,-999.0,0.0,0.0,0.0
3.625519275665283,0.021475822660184704,0.05675753131620243,0.15953468261851494,1.3207630936013592,-0.5215556931759142,-7.211058464984697,0.023009809993055,0.0490875946518507,0.1533987332870336,1.3222970809342296,-0.5524863279388843,-7.496152525512355,0.0,-104.91,-40.35,-5.38,0.0,0.0,0.0,0.0,0.0,-0.5995205980600522,31,37,37,33,35,0,-38,-19,0,-100,12.9,13.0,12.9,12.8,12.8,-999.0,-999.0,-999.0,0.0,0.0,0.0
3.641512155532837,0.02300980999305504,0.05675753131620243,0.15800069528564462,1.3222970809342296,-0.5307596171731362,-7.297378144406138,0.0214758226601847,0.0490875946518507,0.1533987332870336,1.3222970809342296,-0.5616902519361063,-7.578273744181431,-8.07,-104.91,-53.8,0.0,-5.38,0.023980823922402087,0.0,0.0,0.0,-0.5995205980600522,31,38,37,33,35,-13,-38,-25,0,-100,12.9,13.0,12.9,12.8,12.8,-999.0,-999.0,-999.0,0.0,0.0,0.0
3.6575253009796143,0.024543797325925376,0.05675753131620243,0.15800069528564462,1.3222970809342296,-0.5414975285032286,-7.3964878107958505,0.0214758226601847,0.0490875946518507,0.1533987332870336,1.3222970809342296,-0.5616902519361063,-7.578273744181431,29.59,-104.91,-53.8,0.0,18.83,0.047961647844804174,0.0,0.0,0.0,-0.5995205980600522,31,38,37,33,34,-13,-38,-25,6,-81,12.9,12.9,12.9,12.8,12.8,-999.0,-999.0,-999.0,0.0,0.0,0.0
3.677504301071167,0.02300980999305504,0.05675753131620243,0.15800069528564462,1.3207630936013592,-0.5507014525004507,-7.48008458070422,0.0214758226601847,0.0490875946518507,0.1518647459541632,1.3222970809342296,-0.5816320872634207,-7.752026656477768,26.9,-96.84,-104.91,0.0,-32.28,0.047961647844804174,0.0,0.0,0.0,-0.5755397741376501,31,38,36,33,35,-13,-38,-32,6,-81,12.8,12.9,13.0,12.8,12.8,-999.0,-999.0,-999.0,0.0,0.0,0.0
3.6934971809387207,0.02300980999305504,0.05675753131620243,0.15800069528564462,1.3207630936013592,-0.5599053764976727,-7.562444263480635,0.0214758226601847,0.0490875946518507,0.1518647459541632,1.3222970809342296,-0.5816320872634207,-7.752026656477768,29.59,-104.91,-104.91,0.0,2.69,0.023980823922402087,0.0,0.0,0.0,-0.551558950215248,31,38,36,33,35,-13,-38,-38,6,-87,12.9,12.700000000000001,12.9,12.8,12.700000000000001,-999.0,-999.0,-999.0,0.0,0.0,0.0
3.7095284461975098,0.021475822660184704,0.05675753131620243,0.15800069528564462,1.3222970809342296,-0.5675753131620244,-7.630141302390451,0.0199418353273143,0.0490875946518507,0.1533987332870336,1.3222970809342296,-0.5985059479249943,-7.894660465804738,8.07,-102.22,-72.63,0.0,-2.69,0.0,0.0,0.0,0.0,-0.527578126292846,31,38,37,33,35,-13,-38,-25,0,-81,12.9,12.9,12.9,12.8,12.700000000000001,-999.0,-999.0,-999.0,0.0,0.0,0.0
3.72552490234375,0.019941835327314368,0.05675753131620243,0.15953468261851494,1.3207630936013592,-0.5767792371592464,-7.710265278410002,0.0199418353273143,0.0490875946518507,0.1533987332870336,1.3222970809342296,-0.6077098719222165,-7.970794698957666,26.9,-104.91,-40.35,0.0,-5.38,0.0,0.0,0.0,0.0,-0.5035973023704439,31,38,37,33,35,-7,-38,-19,0,-106,13.0,12.8,12.9,12.8,12.700000000000001,-999.0,-999.0,-999.0,0.0,0.0,0.0
3.741563558578491,0.016873860661573696,0.05675753131620243,0.15800069528564462,1.3207630936013592,-0.5859831611564683,-7.789187391344162,0.0199418353273143,0.0490875946518507,0.1533987332870336,1.3207630936013592,-0.6169137959194384,-8.045768714999058,0.0,-104.91,-45.73,0.0,10.76,-0.047961647844804174,0.0,0.0,0.0,-0.5035973023704439,32,38,37,33,35,6,-38,-25,0,-93,13.0,12.9,12.9,12.8,12.700000000000001,-999.0,-999.0,-999.0,0.0,0.0,0.0
3.7655627727508545,0.01533987332870336,0.05675753131620243,0.15800069528564462,1.3207630936013592,-0.6013230344851717,-7.918087165573561,0.018407847994444,0.0490875946518507,0.1533987332870336,1.3207630936013592,-0.6245837325837902,-8.1073696749489,-5.38,-107.6,-48.42,-8.07,-5.38,-0.07194247176720626,0.0,0.0,0.0,-0.551558950215248,32,38,37,33,35,6,-38,-19,0,-100,13.0,12.9,12.9,12.8,12.700000000000001,-999.0,-999.0,-999.0,0.0,0.0,0.0
3.777521848678589,0.013805885995833024,0.05675753131620243,0.15953468261851494,1.3207630936013592,-0.6074589838166531,-7.9687348076757525,0.018407847994444,0.0490875946518507,0.1533987332870336,1.3222970809342296,-0.6322536692481417,-8.168180591294634,16.14,-104.91,-51.11,-8.07,10.76,-0.07194247176720626,0.0,0.0,0.0,-0.551558950215248,32,38,37,33,35,12,-38,-19,0,-81,12.9,12.9,12.9,12.8,12.700000000000001,-999.0,-999.0,-999.0,0.0,0.0,0.0
3.793576955795288,0.013805885995833024,0.05675753131620243,0.15800069528564462,1.3207630936013592,-0.6151289204810048,-8.03131944375468,0.018407847994444,0.0490875946518507,0.1533987332870336,1.3207630936013592,-0.6399236059124935,-8.228208544562946,-5.38,-110.28999999999999,-48.42,-5.38,10.76,-0.09592329568960835,0.0,0.0,0.0,-0.5755397741376501,32,38,37,33,36,12,-38,-25,0,-75,12.9,12.9,12.9,12.8,12.8,-999.0,-999.0,-999.0,0.0,0.0,0.0
3.8135454654693604,0.013805885995833024,0.05675753131620243,0.15953468261851494,1.3207630936013592,-0.6243328444782268,-8.105367208950177,0.018407847994444,0.0490875946518507,0.1533987332870336,1.3207630936013592,-0.6475935425768451,-8.287460587308109,-29.59,-104.91,-51.11,-5.38,-8.07,-0.07194247176720626,0.0,0.0,0.0,-0.551558950215248,31,38,37,34,36,6,-38,-19,-7,-87,12.4,12.9,12.9,12.8,12.8,-999.0,-999.0,-999.0,0.0,0.0,0.0
3.8326051235198975,0.01533987332870336,0.05675753131620243,0.15800069528564462,1.3207630936013592,-0.6335367684754488,-8.178276975875148,0.018407847994444,0.0490875946518507,0.1533987332870336,1.3222970809342296,-0.6567974665740672,-8.357548721350733,0.0,-104.91,-45.73,-5.38,-18.83,-0.023980823922402087,0.0,0.0,0.0,-0.5035973023704439,31,38,37,34,36,6,-38,-19,0,-87,12.9,12.9,12.9,12.8,12.700000000000001,-999.0,-999.0,-999.0,0.0,0.0,0.0
3.8455543518066406,0.01533987332870336,0.05675753131620243,0.15953468261851494,1.3207630936013592,-0.6412067051398005,-8.238174637098625,0.018407847994444,0.0490875946518507,0.1533987332870336,1.3207630936013592,-0.6629334159055486,-8.403664996053067,-5.38,-102.22,-53.8,0.0,0.0,0.0,0.0,0.0,0.0,-0.4796164784480417,31,38,37,34,36,6,-38,-19,0,-75,12.4,12.9,12.9,12.8,12.8,-999.0,-999.0,-999.0,0.0,0.0,0.0
3.861541986465454,0.016873860661573696,0.05675753131620243,0.15800069528564462,1.3222970809342296,-0.6488766418041522,-8.2972975646999,0.018407847994444,0.0490875946518507,0.1533987332870336,1.3207630936013592,-0.6706033525699002,-8.46063130439542,0.0,-96.84,-40.35,-8.07,8.07,0.0,0.0,0.0,0.0,-0.45563565452563964,31,38,37,34,36,0,-38,-19,-7,-62,12.9,12.9,12.9,12.8,12.8,-999.0,-999.0,-999.0,0.0,0.0,0.0
3.8815016746520996,0.018407847994444032,0.05675753131620243,0.15800069528564462,1.3207630936013592,-0.6580805658013742,-8.367232306500265,0.018407847994444,0.0490875946518507,0.1533987332870336,1.3222970809342296,-0.6782732892342519,-8.516849582239763,0.0,-102.22,-48.42,-8.07,-13.45,0.023980823922402087,0.0,0.0,0.0,-0.45563565452563964,31,38,37,34,36,-7,-38,-25,6,-87,12.9,12.9,12.9,12.8,12.8,-999.0,-999.0,-999.0,0.0,0.0,0.0
3.897545337677002,0.018407847994444032,0.05675753131620243,0.15953468261851494,1.3222970809342296,-0.6642165151328555,-8.413247252004531,0.018407847994444,0.0490875946518507,0.1533987332870336,1.3222970809342296,-0.6859432258986036,-8.572326705389614,5.38,-104.91,-51.11,-2.69,0.0,0.047961647844804174,0.0,0.0,0.0,-0.45563565452563964,32,38,37,34,36,-7,-38,-25,6,-68,13.0,12.9,12.9,12.8,12.8,-999.0,-999.0,-999.0,0.0,0.0,0.0
3.917522430419922,0.018407847994444032,0.05675753131620243,0.15800069528564462,1.3207630936013592,-0.6734204391300775,-8.481366234460927,0.018407847994444,0.0490875946518507,0.1533987332870336,1.3207630936013592,-0.6951471498958256,-8.63793054793601,26.9,-104.91,-43.04,-5.38,-26.9,0.047961647844804174,0.0,0.0,0.0,-0.45563565452563964,32,37,37,34,36,-13,-38,-25,0,-87,12.9,12.9,12.9,12.8,12.8,-999.0,-999.0,-999.0,0.0,0.0,0.0
3.9294331073760986,0.019941835327314368,0.05675753131620243,0.15800069528564462,1.3207630936013592,-0.6795563884615589,-8.52618175483305,0.018407847994444,0.0490875946518507,0.1533987332870336,1.3222970809342296,-0.7028170865601773,-8.691801123848185,8.07,-107.6,-51.11,-2.69,5.38,0.023980823922402087,0.0,0.0,0.0,-0.43165483060323756,32,37,37,34,36,-7,-38,-25,0,-68,12.9,12.9,12.8,12.8,12.8,-999.0,-999.0,-999.0,0.0,0.0,0.0
3.9495279788970947,0.018407847994444032,0.05675753131620243,0.15953468261851494,1.3207630936013592,-0.6887603124587809,-8.592518120386726,0.018407847994444,0.0490875946518507,0.1533987332870336,1.3222970809342296,-0.710487023224529,-8.744952256040701,32.28,-96.84,-43.04,-2.69,0.0,0.0,0.0,0.0,0.0,-0.43165483060323756,32,37,37,34,36,-7,-38,-19,6,-87,12.9,12.700000000000001,12.9,12.8,12.8,-999.0,-999.0,-999.0,0.0,0.0,0.0
3.969440460205078,0.016873860661573696,0.05675753131620243,0.15953468261851494,1.3222970809342296,-0.6979642364560029,-8.657800660190833,0.018407847994444,0.0490875946518507,0.1533987332870336,1.3222970809342296,-0.7181569598888806,-8.797390631299937,0.0,-96.84,-48.42,-2.69,-16.14,0.0,0.0,0.0,0.0,-0.43165483060323756,32,37,37,34,36,0,-32,-25,6,-87,12.9,12.9,12.9,12.8,12.8,-999.0,-999.0,-999.0,0.0,0.0,0.0
3.980436086654663,0.016873860661573696,0.05675753131620243,0.15800069528564462,1.3207630936013592,-0.7025661984546139,-8.690050404229781,0.018407847994444,0.0490875946518507,0.1549327206199039,1.3207630936013592,-0.7258268965532323,-8.849122886827324,-2.69,-104.91,-43.04,0.0,5.38,0.0,0.0,0.0,0.0,-0.43165483060323756,32,37,37,34,36,-7,-38,-19,0,-68,12.9,12.9,12.9,12.8,12.8,-999.0,-999.0,-999.0,0.0,0.0,0.0
3.9974865913391113,0.016873860661573696,0.05675753131620243,0.15953468261851494,1.3207630936013592,-0.7102361351189656,-8.743224963793834,0.0168738606615736,0.0490875946518507,0.1549327206199039,1.3207630936013592,-0.733496833217584,-8.900155608667456,-2.69,-107.6,-48.42,-5.38,0.0,0.0,0.0,0.0,0.0,-0.45563565452563964,32,37,37,34,35,-7,-38,-19,0,-68,12.9,12.9,12.9,12.8,12.8,-999.0,-999.0,-999.0,0.0,0.0,0.0
4.0174431800842285,0.01533987332870336,0.05675753131620243,0.15953468261851494,1.3207630936013592,-0.7194400591161876,-8.806093893529235,0.0168738606615736,0.0490875946518507,0.1564667079527743,1.3222970809342296,-0.7411667698819356,-8.950495330223493,0.0,-104.91,2.69,-2.69,-5.38,-0.023980823922402087,0.0,0.0,0.0,-0.45563565452563964,32,37,37,33,35,-7,-38,-13,6,-81,12.9,12.9,12.9,12.8,12.700000000000001,-999.0,-999.0,-999.0,0.0,0.0,0.0
4.037445306777954,0.01533987332870336,0.05675753131620243,0.15953468261851494,1.3222970809342296,-0.7271099957805393,-8.857708667153023,0.0168738606615736,0.0490875946518507,0.1564667079527743,1.3222970809342296,-0.7488367065462873,-9.000148530857297,0.0,-104.91,-10.76,0.0,-26.9,0.0,0.0,0.0,0.0,-0.43165483060323756,32,37,36,33,35,-7,-38,-13,6,-81,12.9,12.9,12.9,12.8,12.700000000000001,-999.0,-999.0,-999.0,0.0,0.0,0.0
4.0494489669799805,0.01533987332870336,0.05675753131620243,0.15953468261851494,1.3207630936013592,-0.7332459451120206,-8.898497297456162,0.0168738606615736,0.0490875946518507,0.1564667079527743,1.3222970809342296,-0.7565066432106391,-9.049121634571694,-5.38,-104.91,-13.45,0.0,13.45,0.0,0.0,0.0,0.0,-0.43165483060323756,32,37,36,33,36,-7,-38,-13,6,-62,12.9,12.9,12.9,12.8,12.8,-999.0,-999.0,-999.0,0.0,0.0,0.0
4.0654425621032715,0.01533987332870336,0.05675753131620243,0.15953468261851494,1.3207630936013592,-0.7409158817763722,-8.94885958465265,0.0153398733287033,0.0490875946518507,0.1580006952856446,1.3222970809342296,-0.7626425925421203,-9.087814728589592,-5.38,-102.22,-29.59,0.0,2.69,0.0,0.0,0.0,0.0,-0.43165483060323756,32,38,36,33,36,-7,-38,-19,0,-68,12.9,12.9,13.0,12.8,12.8,-999.0,-999.0,-999.0,0.0,0.0,0.0
4.085448980331421,0.01533987332870336,0.05675753131620243,0.16106866995138527,1.3207630936013592,-0.7501198057735943,-9.008388409513438,0.0153398733287033,0.0490875946518507,0.1610686699513852,1.3222970809342296,-0.7703125292064721,-9.135579664935209,0.0,-104.91,-24.21,0.0,0.0,0.0,0.0,0.0,0.0,-0.43165483060323756,32,38,36,33,36,-7,-38,-7,0,-81,12.9,12.9,12.9,12.8,12.8,-999.0,-999.0,-999.0,0.0,0.0,0.0
4.10144305229187,0.01533987332870336,0.05675753131620243,0.1626026572842556,1.3207630936013592,-0.757789742437946,-9.057248363460602,0.0153398733287033,0.0490875946518507,0.1610686699513852,1.3207630936013592,-0.7779824658708236,-9.182682186814677,0.0,-102.22,-43.04,-2.69,0.0,0.0,0.0,0.023980823922402087,0.0,-0.4076740066808355,32,38,36,33,36,-7,-38,-13,0,-68,12.9,12.9,12.9,12.8,12.8,-999.0,-999.0,-999.0,0.0,0.0,0.0
4.117447853088379,0.01533987332870336,0.05675753131620243,0.1626026572842556,1.3207630936013592,-0.7639256917694274,-9.095851701036327,0.0153398733287033,0.050621581984721,0.1626026572842556,1.3207630936013592,-0.7841184152023051,-9.219891436344072,0.0,-91.46,-40.35,-5.38,0.0,0.0,0.0,0.023980823922402087,0.0,-0.4076740066808355,32,37,36,33,35,-7,-32,-7,0,-68,12.9,12.9,12.9,12.8,12.8,-999.0,-999.0,-999.0,0.0,0.0,0.0
4.1334452629089355,0.01533987332870336,0.05675753131620243,0.16413664461712596,1.3207630936013592,-0.7700616411009087,-9.134027759528221,0.0153398733287033,0.0490875946518507,0.1641366446171259,1.3207630936013592,-0.7902543645337864,-9.256683859736444,0.0,-80.7,-48.42,-8.07,5.38,0.0,0.0,0.047961647844804174,0.0,-0.4076740066808355,32,37,37,33,35,-7,-32,-13,-7,-62,12.9,12.9,12.9,12.8,12.8,-999.0,-999.0,-999.0,0.0,0.0,0.0
4.153446674346924,0.013805885995833024,0.05675753131620243,0.16720461928286662,1.3207630936013592,-0.7777315777652604,-9.181151850910776,0.0153398733287033,0.050621581984721,0.1656706319499963,1.3222970809342296,-0.7994582885310084,-9.311097770257259,0.0,-75.32,-32.28,-2.69,0.0,0.0,0.0,0.047961647844804174,0.0,-0.4076740066808355,32,37,37,33,36,0,-32,-7,6,-68,12.9,12.9,12.9,12.8,12.8,-999.0,-999.0,-999.0,0.0,0.0,0.0
4.169475793838501,0.013805885995833024,0.05675753131620243,0.16873860661573697,1.3207630936013592,-0.785401514429612,-9.227619528871653,0.0153398733287033,0.0490875946518507,0.1656706319499963,1.3222970809342296,-0.8055942378624898,-9.34686173542398,0.0,-94.14999999999999,-56.49,0.0,0.0,0.0,0.0,0.07194247176720626,0.0,-0.4076740066808355,32,37,37,33,36,0,-38,-13,0,-75,12.9,12.9,12.9,12.8,12.8,-999.0,-999.0,-999.0,0.0,0.0,0.0
4.1894261837005615,0.012271898662962688,0.05675753131620243,0.1702725939486073,1.3222970809342296,-0.7930714510939637,-9.273436937782442,0.0153398733287033,0.0490875946518507,0.1656706319499963,1.3222970809342296,-0.8101961998611008,-9.373418100482168,0.0,-102.22,-56.49,0.0,0.0,-0.023980823922402087,0.0,0.09592329568960835,0.0,-0.4076740066808355,32,37,37,33,36,6,-38,-19,6,-68,12.9,12.9,13.0,12.8,12.8,-999.0,-999.0,-999.0,0.0,0.0,0.0
4.205472946166992,0.012271898662962688,0.05675753131620243,0.1702725939486073,1.3222970809342296,-0.799207400425445,-9.30962676098385,0.0153398733287033,0.0490875946518507,0.1656706319499963,1.3207630936013592,-0.8163321491925821,-9.408473544070457,24.21,-107.6,-69.94,-5.38,-10.76,-0.023980823922402087,0.0,0.09592329568960835,0.0,-0.4076740066808355,32,37,37,33,36,6,-38,-25,-7,-68,12.9,12.9,12.9,12.8,12.8,-999.0,-999.0,-999.0,0.0,0.0,0.0
4.225479602813721,0.012271898662962688,0.05675753131620243,0.17180658128147763,1.3207630936013592,-0.8068773370897967,-9.354288972639521,0.0153398733287033,0.0490875946518507,0.1656706319499963,1.3222970809342296,-0.8209341111911932,-9.43450199226674,-5.38,-107.6,-51.11,-5.38,-2.69,-0.023980823922402087,0.0,0.07194247176720626,0.0,-0.3836931827584334,32,37,37,33,36,6,-38,-25,6,-56,12.9,12.9,13.0,12.8,12.8,-999.0,-999.0,-999.0,0.0,0.0,0.0
4.237459659576416,0.012271898662962688,0.05675753131620243,0.17180658128147763,1.3207630936013592,-0.8114792990884078,-9.380781890822929,0.0153398733287033,0.0490875946518507,0.1656706319499963,1.3222970809342296,-0.8255360731898042,-9.4603062990258,-5.38,-107.6,-56.49,0.0,10.76,-0.023980823922402087,0.0,0.047961647844804174,0.0,-0.3836931827584334,32,37,37,33,36,6,-38,-19,0,-50,12.9,12.9,12.9,12.8,12.8,-999.0,-999.0,-999.0,0.0,0.0,0.0
4.253525733947754,0.012271898662962688,0.05675753131620243,0.1702725939486073,1.3207630936013592,-0.8160812610870187,-9.407048066794433,0.0153398733287033,0.0490875946518507,0.1656706319499963,1.3207630936013592,-0.8301380351884151,-9.485887717426047,0.0,-107.6,-61.87,0.0,2.69,0.0,0.0,0.023980823922402087,0.0,-0.3597123588360313,32,37,37,33,36,12,-38,-25,0,-43,12.9,12.9,12.9,12.8,12.8,-999.0,-999.0,-999.0,0.0,0.0,0.0
4.273530006408691,0.012271898662962688,0.05675753131620243,0.17180658128147763,1.3207630936013592,-0.8206832230856298,-9.433088770837976,0.0153398733287033,0.0490875946518507,0.1656706319499963,1.3207630936013592,-0.8347399971870262,-9.511247492102937,0.0,-104.91,-53.8,-5.38,-13.45,0.0,0.0,0.0,0.0,-0.3357315349136292,32,37,37,33,36,6,-38,-19,0,-56,12.9,12.9,12.9,12.8,12.8,-999.0,-999.0,-999.0,0.0,0.0,0.0
4.2894580364227295,0.012271898662962688,0.05675753131620243,0.17180658128147763,1.3207630936013592,-0.8268191724171111,-9.467461155364548,0.0153398733287033,0.0490875946518507,0.1656706319499963,1.3207630936013592,-0.8393419591856371,-9.536386859207557,0.0,-107.6,-56.49,-5.38,0.0,0.0,0.0,0.0,0.0,-0.31175071099122714,32,37,37,33,36,6,-38,-25,0,-43,12.9,12.9,12.9,12.8,12.8,-999.0,-999.0,-999.0,0.0,0.0,0.0
4.305464029312134,0.010737911330092352,0.05675753131620243,0.17180658128147763,1.3222970809342296,-0.8298871470828518,-9.484498802480704,0.0168738606615736,0.0475536073189804,0.1656706319499963,1.3222970809342296,-0.8424099338513779,-9.553024595213817,18.83,-134.5,-53.8,-5.38,0.0,0.0,0.0,0.0,0.0,-0.28776988706882506,32,37,37,33,36,12,-44,-19,6,-43,12.9,12.9,12.9,12.8,12.8,-999.0,-999.0,-999.0,0.0,0.0,0.0
4.321510314941406,0.012271898662962688,0.055223543983332096,0.1702725939486073,1.3207630936013592,-0.8360230964143331,-9.51827884891529,0.0168738606615736,0.0475536073189804,0.1656706319499963,1.3207630936013592,-0.8470118958499888,-9.577799340200492,-2.69,-126.42999999999999,-56.49,-5.38,2.69,0.0,0.0,0.0,0.0,-0.263789063146423,32,37,36,33,36,12,-44,-19,0,-37,12.9,13.0,12.9,12.8,12.8,-999.0,-999.0,-999.0,0.0,0.0,0.0
4.345474481582642,0.012271898662962688,0.05675753131620243,0.17180658128147763,1.3207630936013592,-0.8406250584129441,-9.543356982153648,0.0153398733287033,0.0475536073189804,0.1656706319499963,1.3207630936013592,-0.8516138578485999,-9.602356932249553,-13.45,-126.42999999999999,-56.49,-8.07,-2.69,0.0,0.0,0.0,0.0,-0.23980823922402086,31,37,37,34,36,6,-44,-25,0,-43,12.9,12.9,12.9,12.8,12.8,-999.0,-999.0,-999.0,0.0,0.0,0.0
4.357452869415283,0.012271898662962688,0.05675753131620243,0.17180658128147763,1.3207630936013592,-0.8436930330786848,-9.559954085039546,0.0153398733287033,0.0475536073189804,0.1641366446171259,1.3222970809342296,-0.8546818325143405,-9.618608615043264,0.0,-123.74,-56.49,-5.38,10.76,0.0,0.0,0.0,0.0,-0.23980823922402086,31,37,37,34,36,6,-44,-25,6,-31,12.9,12.9,12.9,12.8,12.8,-999.0,-999.0,-999.0,0.0,0.0,0.0
4.373425483703613,0.012271898662962688,0.05675753131620243,0.17180658128147763,1.3207630936013592,-0.8482949950772958,-9.584668162760057,0.0153398733287033,0.0475536073189804,0.1641366446171259,1.3222970809342296,-0.8577498071800812,-9.634764675854049,-2.69,-126.42999999999999,-96.84,0.0,0.0,0.0,0.0,0.0,0.0,-0.23980823922402086,31,37,37,34,34,6,-44,-38,6,-37,12.9,12.9,12.9,12.8,12.8,-999.0,-999.0,-999.0,0.0,0.0,0.0
4.3894829750061035,0.012271898662962688,0.05675753131620243,0.17180658128147763,1.3207630936013592,-0.8513629697430365,-9.60102368674902,0.0168738606615736,0.0475536073189804,0.1641366446171259,1.3207630936013592,-0.8608177818458219,-9.650825467792252,8.07,-123.74,-88.77,0.0,2.69,0.0,0.0,0.0,0.0,-0.21582741530161878,31,37,37,34,36,12,-44,-32,0,-25,12.9,12.9,12.9,12.8,12.8,-999.0,-999.0,-999.0,0.0,0.0,0.0
4.413496971130371,0.012271898662962688,0.05675753131620243,0.17180658128147763,1.3207630936013592,-0.8559649317416475,-9.6253770726685,0.0153398733287033,0.04601961998611,0.1641366446171259,1.3222970809342296,-0.8638857565115625,-9.666791342252854,-8.07,-137.19,-107.6,-5.38,2.69,0.0,0.0,0.0,0.0,-0.21582741530161878,31,38,37,34,36,6,-50,-38,6,-31,12.9,12.9,12.9,12.8,12.700000000000001,-999.0,-999.0,-999.0,0.0,0.0,0.0
4.425452947616577,0.012271898662962688,0.05675753131620243,0.17180658128147763,1.3207630936013592,-0.8590329064073882,-9.641493246934557,0.0153398733287033,0.04601961998611,0.1656706319499963,1.3222970809342296,-0.8669537311773032,-9.682662648912048,-2.69,-139.88,-104.91,-2.69,18.83,0.0,0.0,0.0,0.0,-0.21582741530161878,31,38,37,34,36,6,-50,-32,6,-18,12.9,13.0,12.9,12.8,12.8,-999.0,-999.0,-999.0,0.0,0.0,0.0
4.44548225402832,0.012271898662962688,0.05675753131620243,0.1702725939486073,1.3207630936013592,-0.8621008810731289,-9.65751429949857,0.0153398733287033,0.04601961998611,0.1641366446171259,1.3207630936013592,-0.8700217058430438,-9.698439735724023,-2.69,-137.19,-112.98,-5.38,0.0,0.0,0.0,0.0,0.0,-0.1918465913792167,31,38,37,34,36,6,-50,-38,0,-31,12.9,12.9,12.9,12.8,12.700000000000001,-999.0,-999.0,-999.0,0.0,0.0,0.0
4.457456111907959,0.012271898662962688,0.05675753131620243,0.1702725939486073,1.3222970809342296,-0.8636348684059991,-9.665489264795884,0.0153398733287033,0.04601961998611,0.1641366446171259,1.3222970809342296,-0.8730896805087845,-9.714122948917888,-2.69,-142.57,-102.22,-5.38,0.0,0.0,0.0,0.0,0.0,-0.1918465913792167,31,38,37,34,39,6,-50,-38,6,-25,12.9,13.0,12.9,12.8,12.8,-999.0,-999.0,-999.0,0.0,0.0,0.0
4.477466344833374,0.012271898662962688,0.05675753131620243,0.17180658128147763,1.3222970809342296,-0.8682368304046102,-9.689272440506503,0.0153398733287033,0.04601961998611,0.1641366446171259,1.3207630936013592,-0.8761576551745253,-9.729712632994797,-2.69,-139.88,-104.91,-2.69,0.0,0.0,0.0,0.0,0.0,-0.1918465913792167,31,38,37,34,36,6,-50,-38,-7,-31,12.9,13.0,12.8,12.8,12.8,-999.0,-999.0,-999.0,0.0,0.0,0.0
4.493473768234253,0.012271898662962688,0.05675753131620243,0.17180658128147763,1.3207630936013592,-0.8713048050703509,-9.705010225139896,0.0153398733287033,0.0444856326532397,0.1641366446171259,1.3207630936013592,-0.8776916425073956,-9.737472508797847,-2.69,-174.85,-104.91,-2.69,0.0,0.0,0.0,0.0,0.0,-0.1678657674568146,31,38,37,34,36,6,-57,-38,0,-25,12.9,13.0,12.9,12.8,12.8,-999.0,-999.0,-999.0,0.0,0.0,0.0
4.509489059448242,0.012271898662962688,0.05675753131620243,0.17180658128147763,1.3207630936013592,-0.8743727797360915,-9.720654280444055,0.0153398733287033,0.0444856326532397,0.1641366446171259,1.3207630936013592,-0.8776916425073956,-9.737472508797847,-2.69,-166.78,-107.6,-5.38,5.38,0.0,0.0,0.0,0.0,-0.1678657674568146,31,38,37,34,35,6,-57,-38,0,-18,12.9,13.0,12.9,12.8,12.8,-999.0,-999.0,-999.0,0.0,0.0,0.0
4.525475978851318,0.012271898662962688,0.05675753131620243,0.1702725939486073,1.3207630936013592,-0.8743727797360915,-9.720654280444055,0.0153398733287033,0.04601961998611,0.1641366446171259,1.3207630936013592,-0.8807596171731362,-9.752922541352449,-2.69,-161.4,-110.28999999999999,-5.38,16.14,0.0,0.0,0.0,0.0,-0.1678657674568146,31,38,37,33,35,6,-50,-38,0,-6,12.9,13.0,12.9,12.8,12.8,-999.0,-999.0,-999.0,0.0,0.0,0.0
4.549421787261963,0.012271898662962688,0.05675753131620243,0.1702725939486073,1.3207630936013592,-0.8774407544018322,-9.736204950196637,0.0153398733287033,0.0444856326532397,0.1626026572842556,1.3222970809342296,-0.8853615791717473,-9.7759239295602,-2.69,-166.78,-123.74,-5.38,-16.14,0.0,0.0,0.0,0.0,-0.14388494353441253,31,37,37,33,35,6,-57,-38,6,-31,12.9,13.0,12.9,12.8,12.9,-999.0,-999.0,-999.0,0.0,0.0,0.0
4.56146240234375,0.012271898662962688,0.05675753131620243,0.1702725939486073,1.3222970809342296,-0.8805087290675728,-9.751662576443563,0.013805885995833,0.0444856326532397,0.1610686699513852,1.3207630936013592,-0.8868955665046175,-9.78354491857089,-32.28,-169.47,-134.5,-2.69,8.07,0.0,0.0,0.0,0.0,-0.11990411961201043,31,37,37,33,35,-63,-57,-44,-7,-25,12.9,13.0,12.9,12.8,12.9,-999.0,-999.0,-999.0,0.0,0.0,0.0
4.577417612075806,0.012271898662962688,0.05675753131620243,0.17180658128147763,1.3207630936013592,-0.8820427164004432,-9.759356604667612,0.013805885995833,0.0444856326532397,0.1610686699513852,1.3222970809342296,-0.8914975285032286,-9.806270052880665,-2.69,-166.78,-139.88,-5.38,-2.69,0.0,0.0,0.0,0.0,-0.11990411961201043,32,37,37,33,35,0,-57,-44,6,-25,12.9,12.9,12.9,12.8,12.8,-999.0,-999.0,-999.0,0.0,0.0,0.0
4.593483924865723,0.012271898662962688,0.05675753131620243,0.17180658128147763,1.3207630936013592,-0.8851106910661839,-9.77467530319788,0.013805885995833,0.0444856326532397,0.1610686699513852,1.3222970809342296,-0.893031515836099,-9.813799292792266,-2.69,-166.78,-145.26,0.0,0.0,0.0,0.0,0.0,0.0,-0.11990411961201043,32,37,37,33,35,0,-57,-50,6,-31,12.9,12.9,12.9,12.8,12.8,-999.0,-999.0,-999.0,0.0,0.0,0.0
4.617487192153931,0.012271898662962688,0.05675753131620243,0.1702725939486073,1.3222970809342296,-0.8897126530647949,-9.797480588582385,0.013805885995833,0.0444856326532397,0.1610686699513852,1.3222970809342296,-0.8945655031689692,-9.821305699693609,-2.69,-164.09,-142.57,0.0,10.76,0.0,0.0,0.0,0.0,-0.14388494353441253,32,38,37,33,36,0,-57,-50,6,-18,12.9,12.9,12.9,12.8,12.8,-999.0,-999.0,-999.0,0.0,0.0,0.0
4.63343358039856,0.012271898662962688,0.05675753131620243,0.1702725939486073,1.3207630936013592,-0.8912466403976652,-9.80503644827534,0.013805885995833,0.0444856326532397,0.1595346826185149,1.3207630936013592,-0.8976334778347099,-9.836250180307788,-2.69,-166.78,-166.78,0.0,-21.52,0.0,0.0,0.0,0.0,-0.14388494353441253,32,38,37,34,36,0,-57,-57,0,-25,12.9,12.9,12.9,12.8,12.8,-999.0,-999.0,-999.0,0.0,0.0,0.0
4.6454527378082275,0.012271898662962688,0.05675753131620243,0.1702725939486073,1.3207630936013592,-0.8927806277305356,-9.812569426547515,0.013805885995833,0.0444856326532397,0.1595346826185149,1.3222970809342296,-0.8991674651675803,-9.84368833666904,-2.69,-166.78,-166.78,-5.38,5.38,0.0,0.0,0.0,0.0,-0.14388494353441253,32,38,37,34,36,0,-57,-57,0,-25,12.9,12.9,12.9,12.8,12.8,-999.0,-999.0,-999.0,0.0,0.0,0.0
4.661442518234253,0.012271898662962688,0.05675753131620243,0.17180658128147763,1.3207630936013592,-0.8943146150634059,-9.820079565013598,0.013805885995833,0.0444856326532397,0.1595346826185149,1.3222970809342296,-0.8991674651675803,-9.84368833666904,-2.69,-166.78,-172.16,0.0,2.69,0.0,0.0,0.0,0.0,-0.14388494353441253,32,38,37,34,36,0,-57,-57,6,-12,12.9,12.700000000000001,12.9,12.8,12.8,-999.0,-999.0,-999.0,0.0,0.0,0.0
4.681448459625244,0.012271898662962688,0.05675753131620243,0.1702725939486073,1.3207630936013592,-0.8973825897291465,-9.835031488441114,0.0107379113300923,0.0429516453203694,0.1580006952856446,1.3207630936013592,-0.9037694271661912,-9.865866963567491,-5.38,-188.29999999999998,-188.29999999999998,-5.38,-24.21,0.0,0.0,0.0,0.0,-0.11990411961201043,32,38,37,34,36,-13,-63,-63,0,-25,12.9,12.9,12.9,12.8,12.8,-999.0,-999.0,-999.0,0.0,0.0,0.0
4.6974523067474365,0.012271898662962688,0.05675753131620243,0.1702725939486073,1.3222970809342296,-0.8989165770620169,-9.842473356086643,0.0107379113300923,0.0429516453203694,0.1595346826185149,1.3207630936013592,-0.9053034144990616,-9.873214694945291,43.04,-182.92,-161.4,-5.38,-13.45,0.0,0.0,0.0,0.0,-0.11990411961201043,31,38,37,34,36,-13,-63,-57,0,-25,12.9,12.9,12.9,12.8,12.8,-999.0,-999.0,-999.0,0.0,0.0,0.0
4.713477611541748,0.012271898662962688,0.05675753131620243,0.17180658128147763,1.3207630936013592,-0.9019845517277576,-9.857289109132923,0.0107379113300923,0.0429516453203694,0.1580006952856446,1.3207630936013592,-0.906837401831932,-9.88053992215907,43.04,-180.23,-196.37,-5.38,0.0,0.0,0.0,0.0,0.0,-0.11990411961201043,31,38,37,34,36,-13,-63,-95,0,-18,12.9,12.9,12.9,12.8,12.8,-999.0,-999.0,-999.0,0.0,0.0,0.0
4.72947883605957,0.012271898662962688,0.05675753131620243,0.17180658128147763,1.3207630936013592,-0.903518539060628,-9.864663076562714,0.009203923997222,0.0429516453203694,0.1595346826185149,1.3207630936013592,-0.9099053764976728,-9.895123026441496,2.69,-182.92,-180.23,-2.69,0.0,0.0,0.0,0.0,0.0,-0.09592329568960835,31,38,37,34,36,-82,-63,-57,0,-18,12.9,12.9,12.9,12.8,12.8,-999.0,-999.0,-999.0,0.0,0.0,0.0
4.749475955963135,0.012271898662962688,0.05675753131620243,0.17180658128147763,1.3207630936013592,-0.9065865137263686,-9.879343397488718,0.009203923997222,0.0429516453203694,0.1580006952856446,1.3207630936013592,-0.9114393638305428,-9.90238098441014,24.21,-182.92,-188.29999999999998,-5.38,-10.76,0.0,0.0,0.0,0.0,-0.09592329568960835,31,38,37,34,36,-19,-63,-57,0,-25,13.0,12.9,13.0,12.8,12.8,-999.0,-999.0,-999.0,0.0,0.0,0.0
4.765473127365112,0.010737911330092352,0.05675753131620243,0.1702725939486073,1.3207630936013592,-0.9081205010592389,-9.886649832358215,0.009203923997222,0.0429516453203694,0.1580006952856446,1.3207630936013592,-0.9145073384962836,-9.916829913431542,34.97,-182.92,-188.29999999999998,-2.69,-8.07,0.0,0.0,0.0,0.0,-0.11990411961201043,31,38,36,34,35,-13,-63,-63,-7,-25,13.0,12.9,12.9,12.8,12.8,-999.0,-999.0,-999.0,0.0,0.0,0.0
4.78145432472229,0.009203923997222016,0.05675753131620243,0.17180658128147763,1.3207630936013592,-0.9096544883921093,-9.8939338375653,0.0076699366643516,0.0429516453203694,0.1580006952856446,1.3207630936013592,-0.916041325829154,-9.9240209647276,21.52,-182.92,-185.60999999999999,0.0,-8.07,0.0,0.0,0.0,0.0,-0.11990411961201043,31,38,36,34,35,-13,-63,-63,0,-25,13.0,12.9,12.8,12.8,12.8,-999.0,-999.0,-999.0,0.0,0.0,0.0
4.797391891479492,0.00766993666435168,0.05675753131620243,0.1702725939486073,1.3207630936013592,-0.9111884757249796,-9.901195453523147,0.0076699366643516,0.0429516453203694,0.1564667079527743,1.3207630936013592,-0.9191093004948946,-9.938336440677393,13.45,-182.92,-182.92,-5.38,0.0,-0.023980823922402087,0.0,0.0,0.0,-0.11990411961201043,31,38,36,34,35,-7,-63,-57,0,-12,13.0,12.9,12.9,12.8,12.8,-999.0,-999.0,-999.0,0.0,0.0,0.0
4.81742000579834,0.006135949331481344,0.05675753131620243,0.1702725939486073,1.3222970809342296,-0.9142564503907202,-9.915651678796717,0.0061359493314813,0.0429516453203694,0.1564667079527743,1.3222970809342296,-0.9221772751606352,-9.952563346208873,-5.38,-185.60999999999999,-180.23,-5.38,-10.76,-0.047961647844804174,0.0,0.0,0.0,-0.11990411961201043,31,38,36,34,35,-7,-63,-57,6,-31,13.0,13.0,12.9,12.8,12.8,-999.0,-999.0,-999.0,0.0,0.0,0.0
4.833470344543457,0.004601961998611008,0.05675753131620243,0.17180658128147763,1.3222970809342296,-0.917324425056461,-9.930018829295323,0.0061359493314813,0.0429516453203694,0.1549327206199039,1.3222970809342296,-0.925245249826376,-9.966701997913958,0.0,-185.60999999999999,-239.41,0.0,-5.38,-0.07194247176720626,0.0,0.0,0.0,-0.11990411961201043,32,37,36,34,35,0,-63,-107,0,-31,12.9,12.9,12.9,12.8,12.8,-999.0,-999.0,-999.0,0.0,0.0,0.0
4.849483489990234,0.004601961998611008,0.05675753131620243,0.1702725939486073,1.3207630936013592,-0.9203923997222017,-9.944297224383318,0.004601961998611,0.0429516453203694,0.1533987332870336,1.3222970809342296,-0.9267792371592464,-9.973738327037175,0.0,-185.60999999999999,-204.44,0.0,0.0,-0.07194247176720626,0.0,0.0,0.0,-0.11990411961201043,32,37,37,34,37,0,-63,-69,6,-25,12.9,12.9,12.9,12.8,12.700000000000001,-999.0,-999.0,-999.0,0.0,0.0,0.0
4.873484373092651,0.001533987332870336,0.05675753131620243,0.1702725939486073,1.3207630936013592,-0.9249943617208126,-9.965549094916815,0.004601961998611,0.0429516453203694,0.1533987332870336,1.3222970809342296,-0.929847211824987,-9.987745187777174,-2.69,-182.92,-207.13,0.0,-2.69,-0.07194247176720626,0.0,0.0,0.0,-0.14388494353441253,32,37,36,34,36,6,-63,-69,6,-25,12.9,12.9,12.9,12.8,12.8,-999.0,-999.0,-999.0,0.0,0.0,0.0
4.8894147872924805,0.0,0.05675753131620243,0.1702725939486073,1.3207630936013592,-0.926528349053683,-9.972589017021479,0.004601961998611,0.0429516453203694,0.1518647459541632,1.3222970809342296,-0.934449173823598,-10.00859156968965,0.0,-182.92,-228.65,0.0,-29.59,-0.07194247176720626,0.0,0.0,0.0,-0.14388494353441253,32,37,36,34,36,6,-63,-82,6,-37,12.9,12.9,12.8,12.8,12.8,-999.0,-999.0,-999.0,0.0,0.0,0.0
4.901476860046387,0.0,0.05675753131620243,0.16873860661573697,1.3207630936013592,-0.9280623363865533,-9.979606987194837,0.0030679746657406,0.0429516453203694,0.1518647459541632,1.3207630936013592,-0.9375171484893386,-10.022380336939952,0.0,-180.23,-201.75,0.0,0.0,-0.07194247176720626,0.0,0.0,0.0,-0.14388494353441253,32,37,37,34,36,6,-63,-82,-7,-25,13.0,12.9,12.9,12.8,12.8,-999.0,-999.0,-999.0,0.0,0.0,0.0
4.917425870895386,0.0,0.05675753131620243,0.16873860661573697,1.3207630936013592,-0.9311303110522939,-9.993577228033098,0.0030679746657406,0.0429516453203694,0.1503307586212929,1.3207630936013592,-0.9405851231550794,-10.036082407021173,-2.69,-182.92,-215.2,-2.69,0.0,-0.047961647844804174,0.0,0.0,0.0,-0.14388494353441253,32,37,37,34,35,6,-63,-82,0,-25,13.0,12.9,12.9,12.8,12.8,-999.0,-999.0,-999.0,0.0,0.0,0.0
4.937411785125732,0.0,0.05675753131620243,0.16720461928286662,1.3207630936013592,-0.935732273050905,-10.014368923712745,0.0015339873328703,0.0429516453203694,0.1503307586212929,1.3222970809342296,-0.94365309782082,-10.049698086004186,-2.69,-185.60999999999999,-193.68,0.0,0.0,-0.023980823922402087,0.0,-0.023980823922402087,0.0,-0.14388494353441253,32,37,37,34,35,0,-63,-75,6,-31,13.0,12.9,12.8,12.8,12.8,-999.0,-999.0,-999.0,0.0,0.0,0.0
4.953444480895996,0.0,0.05675753131620243,0.1656706319499963,1.3207630936013592,-0.9388002477166456,-10.028121394818116,0.0015339873328703,0.0429516453203694,0.1487967712884225,1.3222970809342296,-0.948255059819431,-10.069960286385562,-5.38,-182.92,-172.16,0.0,-13.45,-0.023980823922402087,0.0,-0.023980823922402087,0.0,-0.1678657674568146,32,37,37,34,35,-7,-63,-69,6,-43,13.0,12.9,12.9,12.8,12.8,-999.0,-999.0,-999.0,0.0,0.0,0.0
4.969430685043335,0.0,0.05675753131620243,0.16413664461712596,1.3222970809342296,-0.9418682223823863,-10.041787296973745,0.0015339873328703,0.0429516453203694,0.1457287966226819,1.3207630936013592,-0.9513230344851716,-10.08336131517982,-5.38,-182.92,-201.75,0.0,-2.69,0.0,0.0,-0.047961647844804174,0.0,-0.1678657674568146,32,37,37,34,35,-7,-63,-107,0,-37,13.0,12.9,12.9,12.8,12.8,-999.0,-999.0,-999.0,0.0,0.0,0.0
4.985415935516357,0.0,0.05675753131620243,0.1626026572842556,1.3207630936013592,-0.9449361970481269,-10.05536693551729,0.0,0.0429516453203694,0.1457287966226819,1.3207630936013592,-0.9559249964837828,-10.103302951024633,-5.38,-182.92,-153.32999999999998,-5.38,0.0,0.0,0.0,-0.047961647844804174,0.0,-0.1918465913792167,32,37,37,34,36,0,-63,-69,0,-31,13.0,12.9,12.9,12.8,12.8,-999.0,-999.0,-999.0,0.0,0.0,0.0
5.005487680435181,0.0,0.05675753131620243,0.1626026572842556,1.3222970809342296,-0.949538159046738,-10.075575312672468,0.0,0.0429516453203694,0.1457287966226819,1.3207630936013592,-0.9605269584823936,-10.123053590643023,-5.38,-185.60999999999999,-177.54,-5.38,-16.14,0.0,0.0,-0.07194247176720626,0.0,-0.1918465913792167,32,37,37,34,36,0,-63,-69,0,-43,13.0,12.9,12.9,12.8,12.8,-999.0,-999.0,-999.0,0.0,0.0,0.0
5.025439500808716,0.0,0.05675753131620243,0.1626026572842556,1.3207630936013592,-0.954140121045349,-10.095591296561734,0.0,0.041417657987499,0.1441948092898116,1.3222970809342296,-0.9635949331481344,-10.136115066944754,-5.38,-204.44,-182.92,-5.38,0.0,0.0,0.0,-0.047961647844804174,0.0,-0.1918465913792167,32,37,37,34,36,0,-69,-63,6,-37,12.9,12.9,12.9,12.8,12.8,-999.0,-999.0,-999.0,0.0,0.0,0.0
5.041463613510132,0.0,0.05675753131620243,0.16106866995138527,1.3207630936013592,-0.9572080957110897,-10.108828898983608,0.0,0.0398836706546287,0.1441948092898116,1.3207630936013592,-0.9681968951467452,-10.155549588576818,-2.69,-212.51,-196.37,0.0,-21.52,0.0,0.0,-0.047961647844804174,0.0,-0.21582741530161878,32,37,37,34,36,0,-75,-63,0,-43,12.9,12.9,12.9,12.8,12.8,-999.0,-999.0,-999.0,0.0,0.0,0.0
5.053427219390869,0.0,0.05675753131620243,0.16106866995138527,1.3222970809342296,-0.9602760703768304,-10.121981738199446,0.0,0.0383496833217584,0.1441948092898116,1.3222970809342296,-0.971264869812486,-10.16840123180078,-5.38,-220.57999999999998,-190.99,-2.69,2.69,0.0,0.0,-0.023980823922402087,0.0,-0.21582741530161878,32,37,37,34,36,0,-75,-63,6,-31,12.9,12.9,12.8,12.8,12.8,-999.0,-999.0,-999.0,0.0,0.0,0.0
5.073476791381836,0.0,0.05675753131620243,0.16106866995138527,1.3207630936013592,-0.9648780323754413,-10.141552710473258,-0.0015339873328703,0.036815695988888,0.1441948092898116,1.3207630936013592,-0.9758668318110972,-10.187522361270268,-5.38,-266.31,-190.99,0.0,-13.45,0.0,0.0,-0.023980823922402087,0.0,-0.21582741530161878,32,37,37,34,35,0,-88,-63,0,-43,12.9,12.9,12.9,12.8,12.8,-999.0,-999.0,-999.0,0.0,0.0,0.0
5.08943510055542,0.0,0.055223543983332096,0.16106866995138527,1.3207630936013592,-0.967946007041182,-10.15449492772839,-0.0015339873328703,0.0352817086560177,0.1441948092898116,1.3207630936013592,-0.980468793809708,-10.206456746821425,-5.38,-263.62,-196.37,-5.38,-16.14,0.0,0.0,0.0,0.0,-0.21582741530161878,32,37,37,34,35,0,-88,-63,0,-50,12.9,12.9,12.5,12.8,12.8,-999.0,-999.0,-999.0,0.0,0.0,0.0
5.1054065227508545,0.0,0.055223543983332096,0.16106866995138527,1.3207630936013592,-0.972547969039793,-10.173751333370657,-0.0030679746657406,0.0352817086560177,0.1441948092898116,1.3207630936013592,-0.9835367684754488,-10.218976397227644,-5.38,-263.62,-196.37,-5.38,0.0,0.0,0.0,0.0,0.0,-0.21582741530161878,32,37,37,34,35,-7,-88,-63,0,-43,12.9,12.9,12.8,12.8,12.8,-999.0,-999.0,-999.0,0.0,0.0,0.0
5.1214280128479,0.0,0.055223543983332096,0.16106866995138527,1.3207630936013592,-0.9756159437055337,-10.186484744044396,-0.0030679746657406,0.0352817086560177,0.1441948092898116,1.3207630936013592,-0.9835367684754488,-10.218976397227644,2.69,-274.38,-196.37,-5.38,2.69,0.0,0.0,0.0,0.0,-0.21582741530161878,32,37,37,34,36,-7,-94,-63,0,-31,12.9,12.9,12.8,12.8,12.700000000000001,-999.0,-999.0,-999.0,0.0,0.0,0.0
5.141411304473877,0.0,0.055223543983332096,0.16106866995138527,1.3207630936013592,-0.9786839183712743,-10.199135134283557,-0.0030679746657406,0.032213733990277,0.1426608219569412,1.3222970809342296,-0.9912067051398004,-10.249916116900426,0.0,-293.21,-225.96,-5.38,-21.52,0.0,0.0,0.0,0.0,-0.21582741530161878,32,37,37,34,36,-7,-100,-75,6,-31,12.9,12.9,12.9,12.8,12.8,-999.0,-999.0,-999.0,0.0,0.0,0.0
5.157415151596069,0.0,0.055223543983332096,0.16106866995138527,1.3222970809342296,-0.9832858803698854,-10.217955677880118,-0.0030679746657406,0.0306797466574067,0.1411268346240709,1.3207630936013592,-0.9958086671384114,-10.268234890368324,0.0,-282.45,-209.82,-2.69,-8.07,0.0,0.0,0.0,0.0,-0.21582741530161878,32,38,37,34,36,-7,-107,-75,0,-50,12.9,13.0,12.8,12.8,12.8,-999.0,-999.0,-999.0,0.0,0.0,0.0
5.173435688018799,0.0,0.05368955665046176,0.16106866995138527,1.3207630936013592,-0.9878878423684964,-10.236591017250705,-0.004601961998611,0.0291457593245363,0.1426608219569412,1.3222970809342296,-1.0004106291370225,-10.286371006633487,5.38,-298.59,-223.26999999999998,-5.38,0.0,0.0,0.0,0.0,0.0,-0.21582741530161878,32,38,37,34,36,-13,-107,-75,6,-37,12.9,13.0,12.8,12.8,12.8,-999.0,-999.0,-999.0,0.0,0.0,0.0
5.18946647644043,0.0,0.05368955665046176,0.15953468261851494,1.3207630936013592,-0.9924898043671074,-10.255042095953312,-0.0030679746657406,0.0291457593245363,0.1411268346240709,1.3222970809342296,-1.0034786038027632,-10.298360729108374,37.66,-317.42,-223.26999999999998,0.0,0.0,0.0,-0.023980823922402087,0.0,0.0,-0.21582741530161878,31,38,37,34,36,-7,-107,-69,6,-37,13.0,12.9,12.9,12.8,12.8,-999.0,-999.0,-999.0,0.0,0.0,0.0
5.209418535232544,0.0,0.052155569317591424,0.16106866995138527,1.3207630936013592,-0.995557779032848,-10.267240910026725,-0.0030679746657406,0.027611771991666,0.1411268346240709,1.3222970809342296,-1.0080805658013745,-10.31619445610894,0.0,-282.45,-225.96,0.0,-5.38,0.0,-0.023980823922402087,0.0,0.0,-0.21582741530161878,32,37,37,33,37,-7,-107,-75,6,-37,12.9,12.9,12.9,12.8,12.8,-999.0,-999.0,-999.0,0.0,0.0,0.0
5.22538948059082,0.0,0.05062158198472109,0.15953468261851494,1.3207630936013592,-1.000159741031459,-10.285386960549506,-0.004601961998611,0.027611771991666,0.1426608219569412,1.3207630936013592,-1.0111485404671148,-10.32798342739613,2.69,-250.17,-228.65,0.0,-8.07,0.0,-0.047961647844804174,0.0,0.0,-0.23980823922402086,32,37,37,33,36,-13,-100,-75,0,-37,12.9,12.9,12.8,12.8,12.8,-999.0,-999.0,-999.0,0.0,0.0,0.0
5.241443395614624,-0.001533987332870336,0.04908759465185075,0.16106866995138527,1.3207630936013592,-1.0032277156971998,-10.297383278103911,-0.004601961998611,0.0260777846587957,0.1411268346240709,1.3207630936013592,-1.0142165151328555,-10.33969256526012,32.28,-317.42,-228.65,-5.38,0.0,0.0,-0.047961647844804174,0.0,0.0,-0.23980823922402086,31,37,37,33,35,-13,-100,-75,0,-25,12.9,12.9,12.8,12.8,12.8,-999.0,-999.0,-999.0,0.0,0.0,0.0
5.257471799850464,-0.001533987332870336,0.047553607318980416,0.15953468261851494,1.3207630936013592,-1.0078296776958107,-10.315226856438514,-0.004601961998611,0.0260777846587957,0.1426608219569412,1.3222970809342296,-1.0188184771314663,-10.357107162084388,0.0,-225.96,-225.96,-2.69,0.0,0.0,-0.047961647844804174,0.0,0.0,-0.21582741530161878,31,37,37,33,35,-7,-44,-69,6,-25,12.9,12.9,12.8,12.8,12.8,-999.0,-999.0,-999.0,0.0,0.0,0.0
5.277393341064453,-0.001533987332870336,0.047553607318980416,0.15953468261851494,1.3207630936013592,-1.0124316396944217,-10.332890161491003,-0.004601961998611,0.0260777846587957,0.1411268346240709,1.3207630936013592,-1.021886451797207,-10.368617868965742,-2.69,-274.38,-225.96,-5.38,-16.14,0.0,-0.047961647844804174,0.0,0.0,-0.21582741530161878,31,38,37,33,35,-7,-94,-75,0,-37,12.9,12.9,12.9,12.8,12.700000000000001,-999.0,-999.0,-999.0,0.0,0.0,0.0
5.293442726135254,-0.003067974665740672,0.047553607318980416,0.16106866995138527,1.3207630936013592,-1.0154996143601625,-10.344565989621087,-0.0030679746657406,0.0260777846587957,0.1411268346240709,1.3207630936013592,-1.0249544264629478,-10.380049659978525,0.0,-274.38,-228.65,0.0,-5.38,-0.023980823922402087,-0.047961647844804174,0.0,0.0,-0.1918465913792167,31,37,37,33,36,0,-94,-75,0,-37,12.9,12.9,12.8,12.8,12.700000000000001,-999.0,-999.0,-999.0,0.0,0.0,0.0
5.3094305992126465,-0.003067974665740672,0.047553607318980416,0.16106866995138527,1.3207630936013592,-1.0185675890259032,-10.356162358661509,-0.0030679746657406,0.0260777846587957,0.1411268346240709,1.3222970809342296,-1.026488413795818,-10.38573604282022,-2.69,-269.0,-225.96,-5.38,0.0,-0.023980823922402087,-0.023980823922402087,0.0,0.0,-0.1918465913792167,31,37,37,33,36,6,-94,-75,6,-31,12.9,12.9,12.8,12.8,12.700000000000001,-999.0,-999.0,-999.0,0.0,0.0,0.0
5.325444221496582,-0.003067974665740672,0.047553607318980416,0.15953468261851494,1.3207630936013592,-1.0216355636916439,-10.36767953048089,-0.004601961998611,0.0260777846587957,0.1426608219569412,1.3207630936013592,-1.0295563884615588,-10.397049943810963,-34.97,-274.38,-220.57999999999998,-5.38,10.76,-0.023980823922402087,-0.023980823922402087,0.0,0.0,-0.1918465913792167,31,37,36,33,36,-63,-94,-69,6,-18,12.9,12.9,12.9,12.8,12.700000000000001,-999.0,-999.0,-999.0,0.0,0.0,0.0
5.345437049865723,-0.004601961998611008,0.047553607318980416,0.16106866995138527,1.3207630936013592,-1.0247035383573844,-10.379117765233012,-0.004601961998611,0.0260777846587957,0.1411268346240709,1.3222970809342296,-1.0326243631272995,-10.408285571481834,-2.69,-279.76,-225.96,-5.38,-2.69,-0.023980823922402087,0.0,0.0,0.0,-0.1918465913792167,31,37,36,33,36,6,-94,-75,6,-31,12.9,12.9,12.9,12.8,12.700000000000001,-999.0,-999.0,-999.0,0.0,0.0,0.0
5.361432790756226,-0.004601961998611008,0.047553607318980416,0.16106866995138527,1.3207630936013592,-1.027771513023125,-10.390477321359262,-0.004601961998611,0.027611771991666,0.1411268346240709,1.3222970809342296,-1.03415835046017,-10.413874112273865,-2.69,-266.31,-225.96,-2.69,0.0,-0.023980823922402087,0.0,0.0,0.0,-0.1678657674568146,31,37,36,33,36,6,-88,-75,6,-25,12.9,12.9,12.9,12.8,12.700000000000001,-999.0,-999.0,-999.0,0.0,0.0,0.0
5.38141393661499,-0.004601961998611008,0.047553607318980416,0.16106866995138527,1.3222970809342296,-1.0308394876888658,-10.401758455591075,-0.004601961998611,0.027611771991666,0.1426608219569412,1.3207630936013592,-1.03415835046017,-10.413874112273865,-8.07,-260.93,-228.65,-5.38,2.69,-0.023980823922402087,0.0,0.0,0.0,-0.1678657674568146,31,37,37,33,34,6,-88,-75,-7,-12,12.9,12.9,13.0,12.8,12.700000000000001,-999.0,-999.0,-999.0,0.0,0.0,0.0
5.397413492202759,-0.004601961998611008,0.047553607318980416,0.16106866995138527,1.3207630936013592,-1.0323734750217362,-10.40736969425822,-0.004601961998611,0.0260777846587957,0.1411268346240709,1.3222970809342296,-1.0356923377930405,-10.41944317986479,-5.38,-271.69,-225.96,-2.69,0.0,0.0,0.0,0.0,0.0,-0.14388494353441253,31,37,37,33,35,6,-94,-69,0,-12,12.9,12.9,12.9,12.8,12.700000000000001,-999.0,-999.0,-999.0,0.0,0.0,0.0
5.413416624069214,-0.004601961998611008,0.04601961998611008,0.15953468261851494,1.3207630936013592,-1.0339074623546065,-10.412961422952543,-0.0061359493314813,0.0260777846587957,0.1395928472912005,1.3207630936013592,-1.0356923377930405,-10.41944317986479,-2.69,-274.38,-279.76,0.0,16.14,0.0,0.0,0.0,0.0,-0.11990411961201043,31,37,37,33,35,0,-94,-88,0,-6,12.9,12.9,12.9,12.8,12.700000000000001,-999.0,-999.0,-999.0,0.0,0.0,0.0
5.429424285888672,-0.004601961998611008,0.047553607318980416,0.15953468261851494,1.3207630936013592,-1.0339074623546065,-10.412961422952543,-0.0061359493314813,0.0260777846587957,0.1380588599583302,1.3207630936013592,-1.0356923377930405,-10.41944317986479,-2.69,-277.07,-228.65,-5.38,2.69,0.0,0.0,0.0,0.0,-0.11990411961201043,31,37,37,33,35,0,-94,-88,0,-6,12.9,12.9,12.9,12.8,12.700000000000001,-999.0,-999.0,-999.0,0.0,0.0,0.0
5.445417165756226,-0.004601961998611008,0.047553607318980416,0.15800069528564462,1.3222970809342296,-1.0339074623546065,-10.412961422952543,-0.0061359493314813,0.0260777846587957,0.1380588599583302,1.3207630936013592,-1.0356923377930405,-10.41944317986479,-2.69,-277.07,-199.06,-5.38,2.69,0.0,0.0,0.0,0.0,-0.07194247176720626,31,38,37,33,35,0,-94,-82,-7,-6,12.9,12.8,12.9,12.8,12.8,-999.0,-999.0,-999.0,0.0,0.0,0.0
5.465390920639038,-0.004601961998611008,0.047553607318980416,0.1564667079527743,1.3207630936013592,-1.0339074623546065,-10.412961422952543,-0.0061359493314813,0.0260777846587957,0.1380588599583302,1.3207630936013592,-1.0356923377930405,-10.41944317986479,-2.69,-277.07,-199.06,-5.38,2.69,0.0,0.0,-0.047961647844804174,0.0,-0.047961647844804174,31,38,37,33,35,0,-94,-75,0,-6,12.9,12.8,12.8,12.8,12.8,-999.0,-999.0,-999.0,0.0,0.0,0.0
5.4813902378082275,-0.004601961998611008,0.047553607318980416,0.15493272061990393,1.3207630936013592,-1.0339074623546065,-10.412961422952543,-0.0061359493314813,0.0260777846587957,0.1365248726254599,1.3222970809342296,-1.0356923377930405,-10.41944317986479,-2.69,-279.76,-190.99,-5.38,0.0,0.0,0.0,-0.047961647844804174,0.0,-0.023980823922402087,31,38,37,33,35,0,-94,-69,6,-6,12.9,12.9,12.8,12.8,12.8,-999.0,-999.0,-999.0,0.0,0.0,0.0
5.497477054595947,-0.004601961998611008,0.047553607318980416,0.15493272061990393,1.3207630936013592,-1.0339074623546065,-10.412961422952543,-0.0061359493314813,0.0260777846587957,0.1349908852925895,1.3222970809342296,-1.0356923377930405,-10.41944317986479,-2.69,-274.38,-244.79,-2.69,0.0,0.0,0.0,-0.047961647844804174,0.0,0.0,31,38,37,33,35,0,-94,-82,6,-6,12.9,12.9,12.9,12.8,12.8,-999.0,-999.0,-999.0,0.0,0.0,0.0
5.517466306686401,-0.004601961998611008,0.047553607318980416,0.1533987332870336,1.3207630936013592,-1.0339074623546065,-10.412961422952543,-0.0061359493314813,0.0260777846587957,0.1334568979597192,1.3222970809342296,-1.0356923377930405,-10.41944317986479,-2.69,-269.0,-209.82,-2.69,0.0,0.0,0.0,-0.047961647844804174,0.0,0.0,31,38,37,33,35,0,-88,-82,6,-6,12.9,12.9,12.9,12.8,12.8,-999.0,-999.0,-999.0,0.0,0.0,0.0
5.533476114273071,-0.004601961998611008,0.047553607318980416,0.15186474595416327,1.3207630936013592,-1.0339074623546065,-10.412961422952543,-0.0061359493314813,0.0260777846587957,0.1334568979597192,1.3222970809342296,-1.0356923377930405,-10.41944317986479,-2.69,-269.0,-199.06,0.0,0.0,0.0,0.0,-0.047961647844804174,0.0,0.0,31,39,37,33,35,0,-88,-75,6,-6,12.9,12.9,12.9,12.8,12.8,-999.0,-999.0,-999.0,0.0,0.0,0.0
5.549441576004028,-0.004601961998611008,0.047553607318980416,0.15186474595416327,1.3207630936013592,-1.0339074623546065,-10.412961422952543,-0.0076699366643516,0.0260777846587957,0.1334568979597192,1.3222970809342296,-1.0356923377930405,-10.41944317986479,-5.38,-277.07,-193.68,0.0,0.0,0.0,0.0,-0.047961647844804174,0.0,0.0,31,38,37,33,35,-7,-94,-75,6,-6,12.9,12.9,12.9,12.8,12.8,-999.0,-999.0,-999.0,0.0,0.0,0.0
5.569389581680298,-0.004601961998611008,0.047553607318980416,0.15033075862129291,1.3207630936013592,-1.0339074623546065,-10.412961422952543,-0.0076699366643516,0.0260777846587957,0.1319229106268489,1.3222970809342296,-1.0356923377930405,-10.41944317986479,0.0,-279.76,-217.89,0.0,0.0,0.0,0.0,-0.047961647844804174,0.0,0.0,31,38,36,33,35,-7,-94,-69,6,-6,12.9,12.9,12.9,12.8,12.8,-999.0,-999.0,-999.0,0.0,0.0,0.0
5.585428714752197,-0.004601961998611008,0.04601961998611008,0.15033075862129291,1.3207630936013592,-1.0339074623546065,-10.412961422952543,-0.0076699366643516,0.0260777846587957,0.1319229106268489,1.3222970809342296,-1.0356923377930405,-10.41944317986479,0.0,-277.07,-220.57999999999998,0.0,-2.69,0.0,0.0,-0.023980823922402087,0.0,0.0,32,37,37,33,35,-7,-94,-69,6,-6,12.9,13.0,12.9,12.8,12.8,-999.0,-999.0,-999.0,0.0,0.0,0.0
5.60136079788208,-0.004601961998611008,0.047553607318980416,0.15186474595416327,1.3222970809342296,-1.0339074623546065,-10.412961422952543,-0.0076699366643516,0.0260777846587957,0.1319229106268489,1.3222970809342296,-1.0372263251259106,-10.424992805742491,0.0,-274.38,-215.2,0.0,-21.52,0.0,0.0,-0.023980823922402087,0.0,0.0,32,38,37,33,35,-7,-88,-75,6,-12,12.9,12.700000000000001,12.9,12.8,12.8,-999.0,-999.0,-999.0,0.0,0.0,0.0
5.617393732070923,-0.006135949331481344,0.047553607318980416,0.15033075862129291,1.3207630936013592,-1.0339074623546065,-10.412961422952543,-0.0076699366643516,0.0260777846587957,0.1319229106268489,1.3222970809342296,-1.0372263251259106,-10.424992805742491,0.0,-277.07,-215.2,0.0,0.0,0.0,0.0,-0.023980823922402087,0.0,0.0,32,38,37,33,36,-7,-94,-75,6,-12,12.9,12.9,12.9,12.8,12.8,-999.0,-999.0,-999.0,0.0,0.0,0.0
5.637417554855347,-0.006135949331481344,0.047553607318980416,0.15033075862129291,1.3207630936013592,-1.0354414496874769,-10.418533673285706,-0.0076699366643516,0.0260777846587957,0.1303889232939785,1.3222970809342296,-1.0356923377930405,-10.41944317986479,0.0,-271.69,-250.17,0.0,2.69,0.0,0.0,0.0,0.0,0.0,32,38,37,33,36,0,-88,-82,0,0,12.9,13.0,12.9,12.8,12.8,-999.0,-999.0,-999.0,0.0,0.0,0.0
5.649421453475952,-0.004601961998611008,0.047553607318980416,0.15033075862129291,1.3207630936013592,-1.0354414496874769,-10.418533673285706,-0.0076699366643516,0.0260777846587957,0.1303889232939785,1.3222970809342296,-1.0356923377930405,-10.41944317986479,0.0,-279.76,-217.89,0.0,2.69,0.0,0.0,0.0,0.0,0.0,32,38,37,33,36,0,-94,-82,0,0,12.9,13.0,12.9,12.8,12.8,-999.0,-999.0,-999.0,0.0,0.0,0.0
5.6693971157073975,-0.006135949331481344,0.047553607318980416,0.14879677128842259,1.3207630936013592,-1.0354414496874769,-10.418533673285706,-0.0076699366643516,0.0260777846587957,0.1288549359611082,1.3222970809342296,-1.0356923377930405,-10.41944317986479,0.0,-271.69,-247.48,0.0,2.69,0.0,0.0,0.0,0.0,0.0,32,38,37,33,36,0,-88,-82,6,0,12.9,13.0,12.9,12.8,12.8,-999.0,-999.0,-999.0,0.0,0.0,0.0
5.685342311859131,-0.004601961998611008,0.047553607318980416,0.14879677128842259,1.3207630936013592,-1.0354414496874769,-10.418533673285706,-0.0076699366643516,0.0260777846587957,0.1288549359611082,1.3222970809342296,-1.0356923377930405,-10.41944317986479,-5.38,-274.38,-193.68,0.0,2.69,0.0,0.0,0.0,0.0,0.0,32,38,37,33,36,0,-94,-75,6,0,12.9,13.0,12.9,12.8,12.8,-999.0,-999.0,-999.0,0.0,0.0,0.0
5.701344013214111,-0.004601961998611008,0.047553607318980416,0.14572879662268193,1.3207630936013592,-1.0354414496874769,-10.418533673285706,-0.0076699366643516,0.0260777846587957,0.1288549359611082,1.3222970809342296,-1.0356923377930405,-10.41944317986479,-5.38,-274.38,-199.06,0.0,2.69,0.0,0.0,-0.023980823922402087,0.0,0.0,31,38,37,33,36,0,-88,-75,6,0,12.9,13.0,12.9,12.8,12.8,-999.0,-999.0,-999.0,0.0,0.0,0.0
5.717342138290405,-0.006135949331481344,0.047553607318980416,0.14572879662268193,1.3222970809342296,-1.0354414496874769,-10.418533673285706,-0.0076699366643516,0.0260777846587957,0.1288549359611082,1.3238310682671,-1.0356923377930405,-10.41944317986479,-5.38,-271.69,-204.44,10.76,2.69,0.0,0.0,-0.023980823922402087,0.0,0.0,31,38,37,33,36,0,-94,-69,30,0,12.9,12.9,12.9,12.8,12.8,-999.0,-999.0,-999.0,0.0,0.0,0.0
5.737371921539307,-0.006135949331481344,0.047553607318980416,0.1441948092898116,1.3222970809342296,-1.0354414496874769,-10.418533673285706,-0.0076699366643516,0.0260777846587957,0.1273209486282379,1.3238310682671,-1.0356923377930405,-10.41944317986479,-5.38,-274.38,-207.13,-16.14,2.69,0.0,0.0,-0.047961647844804174,0.0,0.0,31,37,37,33,36,0,-94,-69,6,0,12.9,13.0,12.9,12.8,12.8,-999.0,-999.0,-999.0,0.0,0.0,0.0
5.753369092941284,-0.006135949331481344,0.047553607318980416,0.1441948092898116,1.3222970809342296,-1.0354414496874769,-10.418533673285706,-0.0076699366643516,0.0260777846587957,0.1273209486282379,1.3253650555999703,-1.0356923377930405,-10.41944317986479,-5.38,-269.0,-212.51,24.21,2.69,0.0,0.0,-0.023980823922402087,0.0,0.0,31,37,37,33,36,0,-88,-69,12,0,12.9,12.9,12.8,12.8,12.8,-999.0,-999.0,-999.0,0.0,0.0,0.0
5.769370079040527,-0.006135949331481344,0.04601961998611008,0.1441948092898116,1.3222970809342296,-1.0354414496874769,-10.418533673285706,-0.0076699366643516,0.0260777846587957,0.1257869612953675,1.3253650555999703,-1.0356923377930405,-10.41944317986479,-2.69,-277.07,-236.72,-10.76,2.69,0.0,0.0,-0.023980823922402087,0.0,0.0,31,37,38,33,36,-7,-94,-114,12,0,12.9,12.9,12.9,12.8,12.8,-999.0,-999.0,-999.0,0.0,0.0,0.0
5.785434246063232,-0.004601961998611008,0.04601961998611008,0.1441948092898116,1.3238310682671,-1.0339074623546065,-10.412961422952543,-0.0076699366643516,0.0260777846587957,0.1257869612953675,1.3253650555999703,-1.0356923377930405,-10.41944317986479,-5.38,-279.76,-228.65,-8.07,2.69,0.0,0.0,0.0,0.023980823922402087,0.0,31,37,37,33,36,0,-94,-82,6,0,12.9,12.9,12.9,12.8,12.8,-999.0,-999.0,-999.0,0.0,0.0,0.0
5.805420875549316,-0.006135949331481344,0.047553607318980416,0.14266082195694124,1.3238310682671,-1.0354414496874769,-10.418533673285706,-0.0076699366643516,0.0260777846587957,0.1242529739624972,1.3268990429328409,-1.0356923377930405,-10.41944317986479,-5.38,-279.76,-258.24,-2.69,2.69,0.0,0.0,0.0,0.023980823922402087,0.0,31,37,37,33,36,0,-94,-88,6,0,12.9,12.9,12.9,12.8,12.8,-999.0,-999.0,-999.0,0.0,0.0,0.0
5.825348138809204,-0.006135949331481344,0.047553607318980416,0.14266082195694124,1.3238310682671,-1.0354414496874769,-10.418533673285706,-0.0076699366643516,0.0260777846587957,0.1227189866296268,1.3268990429328409,-1.0356923377930405,-10.41944317986479,-5.38,-277.07,-242.1,0.0,2.69,0.0,0.0,0.0,0.023980823922402087,0.0,31,37,37,33,36,0,-94,-88,6,0,12.9,12.9,12.9,12.8,12.8,-999.0,-999.0,-999.0,0.0,0.0,0.0
5.837347030639648,-0.006135949331481344,0.047553607318980416,0.14266082195694124,1.3238310682671,-1.0354414496874769,-10.418533673285706,-0.0076699366643516,0.0260777846587957,0.1227189866296268,1.3268990429328409,-1.0356923377930405,-10.41944317986479,-5.38,-277.07,-220.57999999999998,0.0,2.69,0.0,0.0,0.0,0.0,0.0,31,37,37,33,36,0,-94,-82,6,0,12.9,12.9,12.9,12.8,12.8,-999.0,-999.0,-999.0,0.0,0.0,0.0
5.853368043899536,-0.006135949331481344,0.047553607318980416,0.1411268346240709,1.3238310682671,-1.0354414496874769,-10.418533673285706,-0.0076699366643516,0.0260777846587957,0.1227189866296268,1.3268990429328409,-1.0372263251259106,-10.424992805742491,-5.38,-274.38,-225.96,0.0,2.69,0.0,0.0,-0.023980823922402087,0.0,0.0,31,37,37,33,36,0,-94,-82,6,-6,12.9,12.9,12.9,12.8,12.8,-999.0,-999.0,-999.0,0.0,0.0,0.0
5.873370170593262,-0.006135949331481344,0.04601961998611008,0.1411268346240709,1.3238310682671,-1.0354414496874769,-10.418533673285706,-0.0076699366643516,0.0260777846587957,0.1227189866296268,1.3268990429328409,-1.0356923377930405,-10.41944317986479,-5.38,-274.38,-196.37,0.0,0.0,0.0,0.0,-0.023980823922402087,0.0,0.0,31,38,37,33,36,0,-94,-82,6,0,12.9,12.9,12.9,12.8,12.8,-999.0,-999.0,-999.0,0.0,0.0,0.0
5.88933801651001,-0.006135949331481344,0.04601961998611008,0.13805885995833023,1.3238310682671,-1.0354414496874769,-10.418533673285706,-0.0076699366643516,0.0260777846587957,0.1227189866296268,1.328433030265711,-1.0356923377930405,-10.41944317986479,-5.38,-274.38,-190.99,29.59,0.0,0.0,0.0,-0.023980823922402087,0.0,0.0,31,38,37,33,36,0,-94,-69,12,0,12.9,12.9,12.8,12.8,12.8,-999.0,-999.0,-999.0,0.0,0.0,0.0
5.905338525772095,-0.006135949331481344,0.04601961998611008,0.13805885995833023,1.3268990429328407,-1.0339074623546065,-10.412961422952543,-0.0076699366643516,0.0245437973259253,0.1227189866296268,1.328433030265711,-1.0356923377930405,-10.41944317986479,-2.69,-312.04,-199.06,-29.59,0.0,0.0,0.0,-0.047961647844804174,0.0,0.0,31,38,37,35,36,0,-94,-69,6,0,12.9,13.0,12.9,12.8,12.8,-999.0,-999.0,-999.0,0.0,0.0,0.0
5.9253692626953125,-0.006135949331481344,0.04601961998611008,0.13805885995833023,1.3268990429328407,-1.0354414496874769,-10.418533673285706,-0.0076699366643516,0.023009809993055,0.1227189866296268,1.3299670175985814,-1.0356923377930405,-10.41944317986479,-2.69,-295.9,-212.51,18.83,0.0,0.0,0.0,-0.047961647844804174,0.0,0.0,31,38,37,34,36,0,-107,-69,12,0,12.9,12.9,12.9,12.8,12.8,-999.0,-999.0,-999.0,0.0,0.0,0.0
5.9414286613464355,-0.006135949331481344,0.04601961998611008,0.13805885995833023,1.328433030265711,-1.0354414496874769,-10.418533673285706,-0.0076699366643516,0.0214758226601847,0.1227189866296268,1.328433030265711,-1.0356923377930405,-10.41944317986479,-2.69,-347.01,-212.51,-29.59,0.0,0.0,0.0,-0.023980823922402087,0.023980823922402087,0.0,31,38,37,34,36,0,-107,-69,0,0,12.9,12.9,12.8,12.8,12.8,-999.0,-999.0,-999.0,0.0,0.0,0.0
5.957381963729858,-0.006135949331481344,0.04601961998611008,0.13805885995833023,1.328433030265711,-1.0354414496874769,-10.418533673285706,-0.0076699366643516,0.0214758226601847,0.1211849992967565,1.328433030265711,-1.0356923377930405,-10.41944317986479,-2.69,-314.73,-223.26999999999998,-2.69,0.0,0.0,0.0,-0.023980823922402087,0.023980823922402087,0.0,31,38,37,34,36,0,-107,-75,0,0,12.9,12.8,12.9,12.8,12.8,-999.0,-999.0,-999.0,0.0,0.0,0.0
5.973341941833496,-0.006135949331481344,0.04601961998611008,0.13805885995833023,1.328433030265711,-1.0354414496874769,-10.418533673285706,-0.0076699366643516,0.0199418353273143,0.1227189866296268,1.3299670175985814,-1.0356923377930405,-10.41944317986479,-2.69,-352.39,-220.57999999999998,-2.69,0.0,0.0,0.0,0.0,0.023980823922402087,0.0,31,38,37,34,36,0,-113,-69,6,0,12.9,12.9,12.9,12.8,12.8,-999.0,-999.0,-999.0,0.0,0.0,0.0
5.993333101272583,-0.006135949331481344,0.044485632653239744,0.13805885995833023,1.328433030265711,-1.0339074623546065,-10.412961422952543,-0.0076699366643516,0.018407847994444,0.1227189866296268,1.3299670175985814,-1.0356923377930405,-10.41944317986479,-2.69,-303.96999999999997,-212.51,-2.69,0.0,0.0,0.0,0.0,0.023980823922402087,0.0,31,38,37,34,36,0,-113,-69,6,-6,12.9,12.9,12.9,12.8,12.8,-999.0,-999.0,-999.0,0.0,0.0,0.0
6.0093817710876465,-0.006135949331481344,0.04295164532036941,0.13805885995833023,1.328433030265711,-1.0354414496874769,-10.418533673285706,-0.0076699366643516,0.0168738606615736,0.1211849992967565,1.3299670175985814,-1.0356923377930405,-10.41944317986479,-2.69,-320.11,-223.26999999999998,0.0,0.0,0.0,-0.023980823922402087,0.0,0.0,0.0,31,38,36,34,36,0,-113,-75,6,0,12.9,12.9,12.9,12.8,12.8,-999.0,-999.0,-999.0,0.0,0.0,0.0
6.029404401779175,-0.006135949331481344,0.04295164532036941,0.13805885995833023,1.328433030265711,-1.0354414496874769,-10.418533673285706,-0.0076699366643516,0.0168738606615736,0.1227189866296268,1.3299670175985814,-1.0356923377930405,-10.41944317986479,-2.69,-303.96999999999997,-212.51,0.0,0.0,0.0,-0.023980823922402087,0.0,0.0,0.0,31,38,36,34,36,0,-107,-69,6,0,12.9,12.9,12.9,12.8,12.8,-999.0,-999.0,-999.0,0.0,0.0,0.0
6.041404485702515,-0.004601961998611008,0.04141765798749907,0.13805885995833023,1.328433030265711,-1.0354414496874769,-10.418533673285706,-0.0076699366643516,0.0153398733287033,0.1211849992967565,1.3299670175985814,-1.0356923377930405,-10.41944317986479,-2.69,-287.83,-215.2,0.0,0.0,0.0,-0.047961647844804174,0.0,0.0,0.0,31,38,37,34,36,0,-113,-75,6,0,12.9,12.9,12.9,12.8,12.8,-999.0,-999.0,-999.0,0.0,0.0,0.0
6.0654072761535645,-0.006135949331481344,0.039883670654628736,0.13805885995833023,1.328433030265711,-1.0354414496874769,-10.418533673285706,-0.0076699366643516,0.013805885995833,0.1211849992967565,1.3299670175985814,-1.0356923377930405,-10.41944317986479,-2.69,-282.45,-225.96,0.0,0.0,0.0,-0.047961647844804174,0.0,0.0,0.0,31,38,37,34,36,0,-113,-75,6,0,12.9,12.9,12.8,12.8,12.8,-999.0,-999.0,-999.0,0.0,0.0,0.0
6.077378034591675,-0.006135949331481344,0.0383496833217584,0.13805885995833023,1.328433030265711,-1.0354414496874769,-10.418533673285706,-0.0076699366643516,0.0122718986629626,0.1211849992967565,1.3299670175985814,-1.0356923377930405,-10.41944317986479,-2.69,-282.45,-228.65,0.0,0.0,0.0,-0.047961647844804174,0.0,0.0,0.0,31,38,37,34,36,0,-113,-75,6,0,12.9,12.9,12.9,12.8,12.8,-999.0,-999.0,-999.0,0.0,0.0,0.0
6.093376398086548,-0.006135949331481344,0.036815695988888064,0.13805885995833023,1.328433030265711,-1.0354414496874769,-10.418533673285706,-0.0076699366643516,0.0122718986629626,0.1211849992967565,1.3299670175985814,-1.0356923377930405,-10.41944317986479,-2.69,-290.52,-228.65,0.0,0.0,0.0,-0.07194247176720626,0.0,0.0,0.0,31,38,37,34,36,0,-107,-75,6,0,12.9,12.9,12.9,12.8,12.8,-999.0,-999.0,-999.0,0.0,0.0,0.0
6.11332631111145,-0.006135949331481344,0.03528170865601773,0.13805885995833023,1.328433030265711,-1.0354414496874769,-10.418533673285706,-0.0076699366643516,0.0122718986629626,0.1227189866296268,1.3299670175985814,-1.0356923377930405,-10.41944317986479,-2.69,-266.31,-215.2,0.0,0.0,0.0,-0.07194247176720626,0.0,0.0,0.0,31,38,37,34,36,0,-100,-69,6,0,12.9,12.9,12.9,12.8,12.8,-999.0,-999.0,-999.0,0.0,0.0,0.0
6.129321098327637,-0.00766993666435168,0.03528170865601773,0.13805885995833023,1.328433030265711,-1.0354414496874769,-10.418533673285706,-0.009203923997222,0.009203923997222,0.1227189866296268,1.3299670175985814,-1.0356923377930405,-10.41944317986479,-8.07,-298.59,-212.51,0.0,0.0,0.0,-0.07194247176720626,0.0,0.0,0.0,31,38,37,34,36,-7,-107,-69,6,0,12.9,13.0,12.9,12.8,12.8,-999.0,-999.0,-999.0,0.0,0.0,0.0
6.149325132369995,-0.006135949331481344,0.03374772132314739,0.13805885995833023,1.328433030265711,-1.0354414496874769,-10.418533673285706,-0.009203923997222,0.009203923997222,0.1211849992967565,1.3299670175985814,-1.0356923377930405,-10.41944317986479,0.0,-277.07,-225.96,0.0,0.0,0.0,-0.047961647844804174,0.0,0.0,0.0,31,37,37,34,36,-7,-100,-75,6,0,12.9,12.9,12.8,12.8,12.8,-999.0,-999.0,-999.0,0.0,0.0,0.0
6.161332368850708,-0.006135949331481344,0.032213733990277056,0.13805885995833023,1.328433030265711,-1.0354414496874769,-10.418533673285706,-0.009203923997222,0.0076699366643516,0.1227189866296268,1.3315010049314515,-1.0356923377930405,-10.41944317986479,0.0,-274.38,-228.65,0.0,0.0,0.0,-0.047961647844804174,0.0,0.0,0.0,31,37,37,34,36,0,-107,-69,6,0,12.9,12.9,12.9,12.8,12.8,-999.0,-999.0,-999.0,0.0,0.0,0.0
6.177373170852661,-0.00766993666435168,0.03067974665740672,0.13805885995833023,1.328433030265711,-1.0354414496874769,-10.418533673285706,-0.009203923997222,0.0061359493314813,0.1227189866296268,1.333034992264322,-1.0356923377930405,-10.41944317986479,0.0,-309.34999999999997,-212.51,0.0,0.0,0.0,-0.047961647844804174,0.0,0.0,0.0,31,38,37,34,36,0,-107,-69,6,0,12.9,12.9,12.9,12.8,12.8,-999.0,-999.0,-999.0,0.0,0.0,0.0
6.201355695724487,-0.00766993666435168,0.029145759324536384,0.13805885995833023,1.3315010049314517,-1.0354414496874769,-10.418533673285706,-0.0107379113300923,0.004601961998611,0.1227189866296268,1.333034992264322,-1.0356923377930405,-10.41944317986479,16.14,-290.52,-212.51,-13.45,0.0,0.0,-0.047961647844804174,0.0,0.0,0.0,31,37,37,34,36,-7,-107,-69,12,0,12.9,12.9,12.9,12.8,12.8,-999.0,-999.0,-999.0,0.0,0.0,0.0
6.213380336761475,-0.00766993666435168,0.029145759324536384,0.13805885995833023,1.3315010049314517,-1.0354414496874769,-10.418533673285706,-0.0107379113300923,0.004601961998611,0.1211849992967565,1.333034992264322,-1.0356923377930405,-10.41944317986479,0.0,-279.76,-212.51,-10.76,0.0,0.0,-0.047961647844804174,0.0,0.023980823922402087,0.0,31,37,37,34,36,-7,-107,-75,6,0,13.0,12.9,12.8,12.8,12.8,-999.0,-999.0,-999.0,0.0,0.0,0.0
6.229344606399536,-0.00766993666435168,0.029145759324536384,0.13805885995833023,1.3315010049314517,-1.0354414496874769,-10.418533673285706,-0.0107379113300923,0.0030679746657406,0.1227189866296268,1.333034992264322,-1.0356923377930405,-10.41944317986479,0.0,-314.73,-223.26999999999998,-2.69,0.0,0.0,-0.047961647844804174,0.0,0.023980823922402087,0.0,31,37,37,34,36,-7,-113,-69,6,0,13.0,12.9,12.9,12.8,12.8,-999.0,-999.0,-999.0,0.0,0.0,0.0
6.245325326919556,-0.00766993666435168,0.026077784658795712,0.13805885995833023,1.3315010049314517,-1.0354414496874769,-10.418533673285706,-0.0107379113300923,0.0015339873328703,0.1211849992967565,1.333034992264322,-1.0356923377930405,-10.41944317986479,0.0,-250.17,-215.2,0.0,0.0,0.0,-0.047961647844804174,0.0,0.023980823922402087,0.0,31,37,36,34,36,0,-107,-75,6,0,13.0,12.9,12.9,12.8,12.8,-999.0,-999.0,-999.0,0.0,0.0,0.0
6.265326023101807,-0.009203923997222016,0.026077784658795712,0.13805885995833023,1.3315010049314517,-1.0354414496874769,-10.418533673285706,-0.0107379113300923,0.0,0.1227189866296268,1.333034992264322,-1.0356923377930405,-10.41944317986479,-2.69,-287.83,-215.2,0.0,0.0,-0.023980823922402087,-0.047961647844804174,0.0,0.023980823922402087,0.0,31,37,37,34,36,0,-107,-69,6,0,12.9,12.9,12.9,12.8,12.8,-999.0,-999.0,-999.0,0.0,0.0,0.0
6.281327962875366,-0.010737911330092352,0.024543797325925376,0.13805885995833023,1.3315010049314517,-1.0354414496874769,-10.418533673285706,-0.0107379113300923,0.0,0.1211849992967565,1.3345689795971922,-1.0372263251259106,-10.424992805742491,-2.69,-277.07,-225.96,0.0,-2.69,-0.023980823922402087,-0.047961647844804174,0.0,0.0,0.0,31,37,37,34,36,6,-100,-75,6,-6,12.9,12.9,12.9,12.8,12.8,-999.0,-999.0,-999.0,0.0,0.0,0.0
6.297343730926514,-0.010737911330092352,0.024543797325925376,0.13805885995833023,1.3315010049314517,-1.0354414496874769,-10.418533673285706,-0.0107379113300923,-0.0015339873328703,0.1227189866296268,1.3345689795971922,-1.0372263251259106,-10.424992805742491,-2.69,-285.14,-220.57999999999998,0.0,0.0,-0.023980823922402087,-0.047961647844804174,0.0,0.0,0.0,31,38,37,34,36,6,-100,-69,6,-6,12.9,12.9,12.9,12.8,12.8,-999.0,-999.0,-999.0,0.0,0.0,0.0
6.317305564880371,-0.010737911330092352,0.02300980999305504,0.13805885995833023,1.3315010049314517,-1.0354414496874769,-10.418533673285706,-0.0122718986629626,-0.0015339873328703,0.1227189866296268,1.3345689795971922,-1.0356923377930405,-10.41944317986479,-2.69,-274.38,-212.51,0.0,0.0,-0.023980823922402087,-0.047961647844804174,0.0,0.0,0.0,31,38,37,34,36,0,-94,-69,6,0,12.9,12.9,12.9,12.8,12.8,-999.0,-999.0,-999.0,0.0,0.0,0.0
6.3373517990112305,-0.010737911330092352,0.02300980999305504,0.13805885995833023,1.3315010049314517,-1.0354414496874769,-10.418533673285706,-0.0107379113300923,-0.0030679746657406,0.1227189866296268,1.3345689795971922,-1.0372263251259106,-10.424992805742491,-2.69,-287.83,-212.51,0.0,0.0,-0.023980823922402087,-0.023980823922402087,0.0,0.0,0.0,31,38,37,34,36,6,-100,-69,6,-6,12.9,12.8,12.9,12.8,12.8,-999.0,-999.0,-999.0,0.0,0.0,0.0
6.349334478378296,-0.010737911330092352,0.02300980999305504,0.13805885995833023,1.3315010049314517,-1.0354414496874769,-10.418533673285706,-0.0122718986629626,-0.004601961998611,0.1227189866296268,1.3345689795971922,-1.0372263251259106,-10.424992805742491,-2.69,-290.52,-212.51,0.0,0.0,0.0,-0.023980823922402087,0.0,0.0,0.0,31,38,37,34,36,6,-107,-69,6,-6,12.9,12.9,12.8,12.8,12.8,-999.0,-999.0,-999.0,0.0,0.0,0.0
6.369341850280762,-0.010737911330092352,0.021475822660184704,0.13805885995833023,1.3315010049314517,-1.0354414496874769,-10.418533673285706,-0.0122718986629626,-0.004601961998611,0.1227189866296268,1.3345689795971922,-1.0356923377930405,-10.41944317986479,-2.69,-312.04,-212.51,0.0,0.0,0.0,-0.023980823922402087,0.0,0.0,0.0,31,38,37,34,36,0,-107,-69,6,0,12.9,12.9,12.9,12.8,12.8,-999.0,-999.0,-999.0,0.0,0.0,0.0
6.381304979324341,-0.010737911330092352,0.02300980999305504,0.13805885995833023,1.3315010049314517,-1.0354414496874769,-10.418533673285706,-0.0122718986629626,-0.004601961998611,0.1227189866296268,1.3345689795971922,-1.0356923377930405,-10.41944317986479,-2.69,-317.42,-212.51,0.0,0.0,0.0,0.0,0.0,0.0,0.0,31,38,37,34,36,0,-107,-69,6,0,12.9,12.9,12.9,12.8,12.8,-999.0,-999.0,-999.0,0.0,0.0,0.0
6.401331186294556,-0.010737911330092352,0.02300980999305504,0.13805885995833023,1.3315010049314517,-1.0354414496874769,-10.418533673285706,-0.0122718986629626,-0.0061359493314813,0.1227189866296268,1.3345689795971922,-1.0356923377930405,-10.41944317986479,-2.69,-338.94,-212.51,0.0,0.0,0.0,0.0,0.0,0.0,0.0,31,38,37,34,36,0,-113,-69,6,0,12.9,12.9,12.9,12.8,12.8,-999.0,-999.0,-999.0,0.0,0.0,0.0
6.417303085327148,-0.010737911330092352,0.02300980999305504,0.13805885995833023,1.3315010049314517,-1.0354414496874769,-10.418533673285706,-0.0122718986629626,-0.0061359493314813,0.1227189866296268,1.3345689795971922,-1.0356923377930405,-10.41944317986479,-2.69,-330.87,-212.51,0.0,0.0,0.0,0.0,0.0,0.0,0.0,31,38,36,34,36,0,-113,-69,6,0,12.9,12.9,12.9,12.8,12.8,-999.0,-999.0,-999.0,0.0,0.0,0.0
6.433305263519287,-0.010737911330092352,0.02300980999305504,0.13805885995833023,1.3315010049314517,-1.0354414496874769,-10.418533673285706,-0.0122718986629626,-0.0076699366643516,0.1227189866296268,1.3345689795971922,-1.0356923377930405,-10.41944317986479,-2.69,-371.21999999999997,-212.51,0.0,0.0,0.0,0.0,0.0,0.0,0.0,31,38,36,34,36,0,-119,-69,6,0,12.9,12.9,12.8,12.8,12.8,-999.0,-999.0,-999.0,0.0,0.0,0.0
6.453336477279663,-0.010737911330092352,0.021475822660184704,0.13805885995833023,1.3315010049314517,-1.0354414496874769,-10.418533673285706,-0.0122718986629626,-0.0076699366643516,0.1227189866296268,1.3345689795971922,-1.0356923377930405,-10.41944317986479,-2.69,-295.9,-212.51,0.0,0.0,0.0,0.0,0.0,0.0,0.0,31,38,37,34,36,0,-113,-69,6,0,12.9,12.9,12.8,12.8,12.8,-999.0,-999.0,-999.0,0.0,0.0,0.0
6.469366073608398,-0.010737911330092352,0.019941835327314368,0.13805885995833023,1.3315010049314517,-1.0354414496874769,-10.418533673285706,-0.0122718986629626,-0.0076699366643516,0.1211849992967565,1.3345689795971922,-1.0356923377930405,-10.41944317986479,-2.69,-333.56,-225.96,0.0,0.0,0.0,0.0,0.0,0.0,0.0,31,38,37,34,36,0,-107,-75,6,0,12.9,12.9,12.9,12.8,12.8,-999.0,-999.0,-999.0,0.0,0.0,0.0
6.4893951416015625,-0.010737911330092352,0.019941835327314368,0.13805885995833023,1.3315010049314517,-1.0354414496874769,-10.418533673285706,-0.0122718986629626,-0.009203923997222,0.1227189866296268,1.3345689795971922,-1.0356923377930405,-10.41944317986479,-2.69,-330.87,-215.2,0.0,0.0,0.0,-0.023980823922402087,0.0,0.0,0.0,31,38,37,34,36,0,-113,-69,6,0,12.9,12.9,12.9,12.8,12.8,-999.0,-999.0,-999.0,0.0,0.0,0.0
6.501313924789429,-0.010737911330092352,0.019941835327314368,0.13805885995833023,1.3315010049314517,-1.0354414496874769,-10.418533673285706,-0.013805885995833,-0.009203923997222,0.1211849992967565,1.3345689795971922,-1.0356923377930405,-10.41944317986479,-2.69,-336.25,-215.2,0.0,0.0,0.0,-0.023980823922402087,0.0,0.0,0.0,31,38,37,34,36,0,-113,-75,6,0,12.9,12.9,12.9,12.8,12.8,-999.0,-999.0,-999.0,0.0,0.0,0.0
6.521366834640503,-0.010737911330092352,0.019941835327314368,0.13805885995833023,1.3315010049314517,-1.0354414496874769,-10.418533673285706,-0.013805885995833,-0.009203923997222,0.1227189866296268,1.3345689795971922,-1.0356923377930405,-10.41944317986479,0.0,-336.25,-212.51,0.0,0.0,0.0,-0.023980823922402087,0.0,0.0,0.0,31,38,37,34,36,-7,-113,-69,6,0,12.9,12.9,12.9,12.8,12.8,-999.0,-999.0,-999.0,0.0,0.0,0.0
6.5413978099823,-0.010737911330092352,0.019941835327314368,0.13805885995833023,1.3315010049314517,-1.0354414496874769,-10.418533673285706,-0.0122718986629626,-0.0107379113300923,0.1211849992967565,1.3345689795971922,-1.0356923377930405,-10.41944317986479,0.0,-347.01,-225.96,0.0,0.0,0.0,0.0,0.0,0.0,0.0,31,38,37,34,36,0,-119,-75,6,0,12.9,12.9,12.8,12.8,12.8,-999.0,-999.0,-999.0,0.0,0.0,0.0
6.553393125534058,-0.010737911330092352,0.019941835327314368,0.13805885995833023,1.3315010049314517,-1.0354414496874769,-10.418533673285706,-0.013805885995833,-0.0107379113300923,0.1211849992967565,1.3345689795971922,-1.0356923377930405,-10.41944317986479,-2.69,-325.49,-225.96,0.0,0.0,0.0,0.0,0.0,0.0,0.0,31,38,37,34,36,0,-119,-75,6,0,12.9,12.9,12.8,12.8,12.8,-999.0,-999.0,-999.0,0.0,0.0,0.0
6.569388389587402,-0.010737911330092352,0.019941835327314368,0.13805885995833023,1.3315010049314517,-1.0354414496874769,-10.418533673285706,-0.0122718986629626,-0.0107379113300923,0.1227189866296268,1.3345689795971922,-1.0356923377930405,-10.41944317986479,0.0,-347.01,-220.57999999999998,0.0,0.0,0.0,0.0,0.0,0.0,0.0,31,37,37,34,36,-7,-119,-69,6,0,12.9,12.9,12.9,12.8,12.8,-999.0,-999.0,-999.0,0.0,0.0,0.0
6.589395523071289,-0.012271898662962688,0.018407847994444032,0.13805885995833023,1.3315010049314517,-1.0354414496874769,-10.418533673285706,-0.0122718986629626,-0.0122718986629626,0.1211849992967565,1.3345689795971922,-1.0356923377930405,-10.41944317986479,-2.69,-357.77,-228.65,0.0,0.0,0.0,0.0,0.0,0.0,0.0,31,37,37,34,36,0,-125,-75,6,0,12.9,12.9,12.9,12.8,12.8,-999.0,-999.0,-999.0,0.0,0.0,0.0
6.609315633773804,-0.010737911330092352,0.019941835327314368,0.13805885995833023,1.3315010049314517,-1.0339074623546065,-10.412961422952543,-0.0122718986629626,-0.0122718986629626,0.1227189866296268,1.3345689795971922,-1.0356923377930405,-10.41944317986479,-2.69,-355.08,-215.2,0.0,0.0,0.0,0.0,0.0,0.0,0.0,31,37,37,34,36,0,-119,-69,6,0,12.9,12.9,12.9,12.8,12.8,-999.0,-999.0,-999.0,0.0,0.0,0.0
6.625325918197632,-0.010737911330092352,0.018407847994444032,0.13805885995833023,1.3315010049314517,-1.0354414496874769,-10.418533673285706,-0.013805885995833,-0.0122718986629626,0.1227189866296268,1.3345689795971922,-1.0356923377930405,-10.41944317986479,0.0,-352.39,-212.51,0.0,0.0,0.0,0.0,0.0,0.0,0.0,31,37,37,34,36,0,-119,-69,6,0,12.9,12.9,12.9,12.8,12.8,-999.0,-999.0,-999.0,0.0,0.0,0.0
6.641293048858643,-0.010737911330092352,0.018407847994444032,0.13805885995833023,1.3315010049314517,-1.0354414496874769,-10.418533673285706,-0.0122718986629626,-0.013805885995833,0.1211849992967565,1.3345689795971922,-1.0356923377930405,-10.41944317986479,0.0,-355.08,-225.96,0.0,0.0,0.0,0.0,0.0,0.0,0.0,31,37,37,34,36,0,-125,-75,6,0,12.9,12.700000000000001,12.9,12.8,12.8,-999.0,-999.0,-999.0,0.0,0.0,0.0
6.661375999450684,-0.012271898662962688,0.018407847994444032,0.13805885995833023,1.3315010049314517,-1.0354414496874769,-10.418533673285706,-0.0122718986629626,-0.013805885995833,0.1211849992967565,1.3345689795971922,-1.0356923377930405,-10.41944317986479,-2.69,-322.8,-228.65,0.0,0.0,0.0,0.0,0.0,0.0,0.0,31,37,37,34,36,6,-125,-75,6,0,12.9,12.8,12.9,12.8,12.8,-999.0,-999.0,-999.0,0.0,0.0,0.0
6.673367261886597,-0.012271898662962688,0.016873860661573696,0.13805885995833023,1.3315010049314517,-1.0354414496874769,-10.418533673285706,-0.0122718986629626,-0.013805885995833,0.1227189866296268,1.3345689795971922,-1.0372263251259106,-10.424992805742491,-2.69,-357.77,-225.96,0.0,0.0,0.0,0.0,0.0,0.0,0.0,31,37,37,34,36,6,-119,-69,6,0,12.9,12.9,12.8,12.8,12.8,-999.0,-999.0,-999.0,0.0,0.0,0.0
6.69336724281311,-0.012271898662962688,0.016873860661573696,0.13805885995833023,1.3315010049314517,-1.0354414496874769,-10.418533673285706,-0.0122718986629626,-0.0153398733287033,0.1211849992967565,1.3345689795971922,-1.0372263251259106,-10.424992805742491,-2.69,-357.77,-228.65,0.0,0.0,0.0,0.0,0.0,0.0,0.0,31,37,37,34,36,0,-125,-75,6,-6,12.9,12.9,12.9,12.8,12.8,-999.0,-999.0,-999.0,0.0,0.0,0.0
6.705355882644653,-0.012271898662962688,0.016873860661573696,0.13805885995833023,1.3315010049314517,-1.0354414496874769,-10.418533673285706,-0.0122718986629626,-0.0153398733287033,0.1211849992967565,1.3345689795971922,-1.0372263251259106,-10.424992805742491,-2.69,-325.49,-228.65,0.0,0.0,0.0,-0.023980823922402087,0.0,0.0,0.0,31,38,37,34,36,6,-119,-75,6,-6,12.9,12.9,12.9,12.700000000000001,12.8,-999.0,-999.0,-999.0,0.0,0.0,0.0
6.725335121154785,-0.012271898662962688,0.013805885995833024,0.13805885995833023,1.3315010049314517,-1.0354414496874769,-10.418533673285706,-0.0122718986629626,-0.0168738606615736,0.1211849992967565,1.3345689795971922,-1.0356923377930405,-10.41944317986479,-2.69,-322.8,-225.96,0.0,0.0,0.0,-0.023980823922402087,0.0,0.0,0.0,31,38,37,34,36,6,-119,-75,6,0,12.9,12.9,12.9,12.8,12.8,-999.0,-999.0,-999.0,0.0,0.0,0.0
6.74134635925293,-0.010737911330092352,0.012271898662962688,0.13805885995833023,1.3315010049314517,-1.0354414496874769,-10.418533673285706,-0.013805885995833,-0.0168738606615736,0.1227189866296268,1.3345689795971922,-1.0356923377930405,-10.41944317986479,-5.38,-266.31,-217.89,0.0,0.0,0.0,-0.047961647844804174,0.0,0.0,0.0,31,38,37,34,36,-7,-113,-69,6,0,12.9,12.9,12.8,12.8,12.8,-999.0,-999.0,-999.0,0.0,0.0,0.0
6.757354497909546,-0.012271898662962688,0.009203923997222016,0.13805885995833023,1.3315010049314517,-1.0354414496874769,-10.418533673285706,-0.0122718986629626,-0.0168738606615736,0.1227189866296268,1.3345689795971922,-1.0356923377930405,-10.41944317986479,-5.38,-263.62,-212.51,0.0,0.0,0.0,-0.07194247176720626,0.0,0.0,0.0,31,38,37,34,36,6,-107,-69,6,0,12.9,12.9,12.9,12.8,12.8,-999.0,-999.0,-999.0,0.0,0.0,0.0
6.773320913314819,-0.012271898662962688,0.00766993666435168,0.13805885995833023,1.3315010049314517,-1.0354414496874769,-10.418533673285706,-0.0122718986629626,-0.0168738606615736,0.1211849992967565,1.3345689795971922,-1.0356923377930405,-10.41944317986479,-5.38,-223.26999999999998,-215.2,0.0,0.0,0.0,-0.09592329568960835,0.0,0.0,0.0,31,38,37,34,36,6,-100,-75,6,0,12.9,12.9,12.9,12.8,12.8,-999.0,-999.0,-999.0,0.0,0.0,0.0
6.793365716934204,-0.012271898662962688,0.006135949331481344,0.13805885995833023,1.3315010049314517,-1.0354414496874769,-10.418533673285706,-0.013805885995833,-0.018407847994444,0.1211849992967565,1.3345689795971922,-1.0356923377930405,-10.41944317986479,-5.38,-250.17,-225.96,0.0,0.0,0.0,-0.09592329568960835,0.0,0.0,0.0,31,38,37,34,36,0,-100,-75,6,0,12.9,12.9,12.9,12.8,12.8,-999.0,-999.0,-999.0,0.0,0.0,0.0
6.809365510940552,-0.012271898662962688,0.006135949331481344,0.13805885995833023,1.3315010049314517,-1.0354414496874769,-10.418533673285706,-0.013805885995833,-0.018407847994444,0.1211849992967565,1.3345689795971922,-1.0356923377930405,-10.41944317986479,0.0,-247.48,-225.96,0.0,0.0,0.0,-0.09592329568960835,0.0,0.0,0.0,31,38,37,34,36,0,-94,-75,6,0,12.9,12.9,12.9,12.8,12.8,-999.0,-999.0,-999.0,0.0,0.0,0.0
6.825364828109741,-0.012271898662962688,0.004601961998611008,0.13805885995833023,1.3315010049314517,-1.0339074623546065,-10.412961422952543,-0.013805885995833,-0.018407847994444,0.1227189866296268,1.3345689795971922,-1.0356923377930405,-10.41944317986479,-2.69,-252.85999999999999,-220.57999999999998,0.0,0.0,0.0,-0.07194247176720626,0.0,0.0,0.0,31,38,37,34,36,0,-88,-69,6,0,12.9,12.9,12.9,12.8,12.8,-999.0,-999.0,-999.0,0.0,0.0,0.0
6.8412981033325195,-0.012271898662962688,0.004601961998611008,0.13805885995833023,1.3315010049314517,-1.0354414496874769,-10.418533673285706,-0.0122718986629626,-0.018407847994444,0.1227189866296268,1.3345689795971922,-1.0356923377930405,-10.41944317986479,-5.38,-263.62,-212.51,0.0,0.0,0.0,-0.047961647844804174,0.0,0.0,0.0,31,38,37,34,36,0,-88,-69,6,0,12.9,12.9,12.9,12.8,12.8,-999.0,-999.0,-999.0,0.0,0.0,0.0
6.8613121509552,-0.012271898662962688,0.004601961998611008,0.13805885995833023,1.3315010049314517,-1.0354414496874769,-10.418533673285706,-0.013805885995833,-0.018407847994444,0.1227189866296268,1.3345689795971922,-1.0356923377930405,-10.41944317986479,-5.38,-263.62,-212.51,0.0,0.0,0.0,-0.023980823922402087,0.0,0.0,0.0,31,38,37,34,36,0,-88,-69,6,0,12.9,12.9,12.9,12.8,12.8,-999.0,-999.0,-999.0,0.0,0.0,0.0
6.8773040771484375,-0.012271898662962688,0.004601961998611008,0.13805885995833023,1.3315010049314517,-1.0354414496874769,-10.418533673285706,-0.0122718986629626,-0.0199418353273143,0.1227189866296268,1.3345689795971922,-1.0356923377930405,-10.41944317986479,-5.38,-303.96999999999997,-212.51,0.0,0.0,0.0,-0.023980823922402087,0.0,0.0,0.0,31,38,38,34,36,6,-150,-69,6,0,12.9,12.9,12.9,12.8,12.8,-999.0,-999.0,-999.0,0.0,0.0,0.0
6.897305250167847,-0.012271898662962688,0.004601961998611008,0.13805885995833023,1.3315010049314517,-1.0339074623546065,-10.412961422952543,-0.013805885995833,-0.0199418353273143,0.1211849992967565,1.3345689795971922,-1.0372263251259106,-10.424992805742491,-5.38,-279.76,-225.96,0.0,0.0,0.0,0.0,0.0,0.0,0.0,31,38,37,34,36,0,-94,-75,6,-6,12.9,12.9,12.9,12.8,12.8,-999.0,-999.0,-999.0,0.0,0.0,0.0
6.913315773010254,-0.012271898662962688,0.004601961998611008,0.13805885995833023,1.3315010049314517,-1.0354414496874769,-10.418533673285706,-0.0122718986629626,-0.0199418353273143,0.1211849992967565,1.3345689795971922,-1.0356923377930405,-10.41944317986479,-5.38,-279.76,-225.96,0.0,0.0,0.0,0.0,0.0,0.0,0.0,31,37,37,34,36,6,-94,-75,6,0,12.9,12.9,12.9,12.8,12.8,-999.0,-999.0,-999.0,0.0,0.0,0.0
6.9292848110198975,-0.012271898662962688,0.004601961998611008,0.13805885995833023,1.3315010049314517,-1.0354414496874769,-10.418533673285706,-0.0122718986629626,-0.0199418353273143,0.1211849992967565,1.3345689795971922,-1.0356923377930405,-10.41944317986479,-5.38,-279.76,-225.96,0.0,0.0,0.0,0.0,0.0,0.0,0.0,31,37,37,34,36,6,-94,-75,6,0,12.9,12.9,12.9,12.8,12.8,-999.0,-999.0,-999.0,0.0,0.0,0.0
6.945312976837158,-0.012271898662962688,0.006135949331481344,0.13805885995833023,1.3315010049314517,-1.0354414496874769,-10.418533673285706,-0.013805885995833,-0.0199418353273143,0.1211849992967565,1.3345689795971922,-1.0356923377930405,-10.41944317986479,-5.38,-279.76,-228.65,0.0,0.0,0.0,0.0,0.0,0.0,0.0,31,37,37,34,36,0,-94,-75,6,0,12.9,12.9,12.9,12.8,12.8,-999.0,-999.0,-999.0,0.0,0.0,0.0
6.961348533630371,-0.012271898662962688,0.006135949331481344,0.13805885995833023,1.3315010049314517,-1.0354414496874769,-10.418533673285706,-0.0122718986629626,-0.0199418353273143,0.1211849992967565,1.3345689795971922,-1.0356923377930405,-10.41944317986479,-5.38,-285.14,-228.65,0.0,0.0,0.0,0.0,0.0,0.0,0.0,31,37,37,34,36,6,-94,-75,6,0,12.9,12.9,12.9,12.8,12.8,-999.0,-999.0,-999.0,0.0,0.0,0.0
6.977304220199585,-0.012271898662962688,0.004601961998611008,0.13805885995833023,1.3315010049314517,-1.0354414496874769,-10.418533673285706,-0.0122718986629626,-0.0199418353273143,0.1211849992967565,1.3345689795971922,-1.0356923377930405,-10.41944317986479,-5.38,-279.76,-228.65,0.0,0.0,0.0,0.0,0.0,0.0,0.0,31,38,37,34,36,6,-94,-75,6,0,12.9,12.700000000000001,12.9,12.8,12.8,-999.0,-999.0,-999.0,0.0,0.0,0.0
6.997300863265991,-0.010737911330092352,0.004601961998611008,0.13805885995833023,1.3315010049314517,-1.0354414496874769,-10.418533673285706,-0.0122718986629626,-0.0199418353273143,0.1211849992967565,1.3345689795971922,-1.0356923377930405,-10.41944317986479,-5.38,-279.76,-225.96,0.0,0.0,0.0,0.0,0.0,0.0,0.0,31,38,37,34,36,6,-94,-75,6,0,12.9,12.9,12.9,12.8,12.8,-999.0,-999.0,-999.0,0.0,0.0,0.0
7.013400316238403,-0.012271898662962688,0.004601961998611008,0.13805885995833023,1.3315010049314517,-1.0354414496874769,-10.418533673285706,-0.0122718986629626,-0.0214758226601847,0.1227189866296268,1.3345689795971922,-1.0356923377930405,-10.41944317986479,-5.38,-290.52,-217.89,0.0,0.0,0.0,0.0,0.0,0.0,0.0,31,38,36,34,36,6,-100,-69,6,0,12.9,12.9,12.9,12.8,12.8,-999.0,-999.0,-999.0,0.0,0.0,0.0
7.029385566711426,-0.012271898662962688,0.004601961998611008,0.13805885995833023,1.3315010049314517,-1.0354414496874769,-10.418533673285706,-0.0122718986629626,-0.0214758226601847,0.1227189866296268,1.3345689795971922,-1.0356923377930405,-10.41944317986479,-5.38,-293.21,-212.51,0.0,0.0,0.0,0.0,0.0,0.0,0.0,31,38,36,34,36,6,-100,-69,6,0,12.9,12.9,12.9,12.8,12.8,-999.0,-999.0,-999.0,0.0,0.0,0.0
7.049339294433594,-0.012271898662962688,0.004601961998611008,0.13805885995833023,1.3315010049314517,-1.0354414496874769,-10.418533673285706,-0.0122718986629626,-0.0214758226601847,0.1211849992967565,1.3345689795971922,-1.0356923377930405,-10.41944317986479,-5.38,-295.9,-225.96,0.0,0.0,0.0,0.0,0.0,0.0,0.0,31,38,36,34,36,6,-100,-75,6,-6,12.9,12.9,12.9,12.8,12.8,-999.0,-999.0,-999.0,0.0,0.0,0.0
7.065310955047607,-0.012271898662962688,0.004601961998611008,0.13805885995833023,1.3315010049314517,-1.0354414496874769,-10.418533673285706,-0.0122718986629626,-0.0214758226601847,0.1227189866296268,1.3345689795971922,-1.0356923377930405,-10.41944317986479,-5.38,-303.96999999999997,-215.2,0.0,0.0,0.0,0.0,0.0,0.0,0.0,31,37,37,34,36,6,-100,-69,6,0,12.9,12.9,12.9,12.8,12.8,-999.0,-999.0,-999.0,0.0,0.0,0.0
7.081381797790527,-0.012271898662962688,0.004601961998611008,0.13805885995833023,1.3315010049314517,-1.0354414496874769,-10.418533673285706,-0.0122718986629626,-0.0214758226601847,0.1211849992967565,1.3345689795971922,-1.0356923377930405,-10.41944317986479,-5.38,-295.9,-223.26999999999998,0.0,0.0,0.0,0.0,0.0,0.0,0.0,31,37,37,34,36,6,-100,-75,6,0,12.9,12.9,12.9,12.8,12.8,-999.0,-999.0,-999.0,0.0,0.0,0.0
7.097377300262451,-0.012271898662962688,0.004601961998611008,0.13805885995833023,1.3315010049314517,-1.0354414496874769,-10.418533673285706,-0.013805885995833,-0.023009809993055,0.1211849992967565,1.3345689795971922,-1.0356923377930405,-10.41944317986479,-5.38,-303.96999999999997,-225.96,0.0,0.0,0.0,0.0,0.0,0.0,0.0,31,37,37,34,36,6,-107,-75,6,0,12.9,12.9,12.9,12.8,12.8,-999.0,-999.0,-999.0,0.0,0.0,0.0
7.121314764022827,-0.012271898662962688,0.003067974665740672,0.13805885995833023,1.3315010049314517,-1.0354414496874769,-10.418533673285706,-0.0122718986629626,-0.023009809993055,0.1211849992967565,1.3345689795971922,-1.0356923377930405,-10.41944317986479,-10.76,-277.07,-228.65,0.0,0.0,0.0,0.0,0.0,0.0,0.0,31,37,36,34,36,6,-107,-75,6,0,12.9,12.9,12.9,12.8,12.8,-999.0,-999.0,-999.0,0.0,0.0,0.0
7.133315086364746,-0.012271898662962688,0.003067974665740672,0.13805885995833023,1.3315010049314517,-1.0354414496874769,-10.418533673285706,-0.0122718986629626,-0.0245437973259253,0.1211849992967565,1.3345689795971922,-1.0356923377930405,-10.41944317986479,0.0,-298.59,-225.96,0.0,0.0,0.0,0.0,0.0,0.0,0.0,31,37,36,34,36,6,-107,-75,6,0,12.9,12.9,12.9,12.8,12.8,-999.0,-999.0,-999.0,0.0,0.0,0.0
7.149284839630127,-0.012271898662962688,0.003067974665740672,0.13805885995833023,1.3315010049314517,-1.0354414496874769,-10.418533673285706,-0.0122718986629626,-0.0245437973259253,0.1211849992967565,1.3345689795971922,-1.0356923377930405,-10.41944317986479,-2.69,-303.96999999999997,-225.96,0.0,0.0,0.0,0.0,0.0,0.0,0.0,31,37,37,34,36,6,-107,-75,6,0,12.9,12.9,12.8,12.8,12.8,-999.0,-999.0,-999.0,0.0,0.0,0.0
7.169316530227661,-0.012271898662962688,0.001533987332870336,0.13805885995833023,1.3315010049314517,-1.0354414496874769,-10.418533673285706,-0.0122718986629626,-0.0245437973259253,0.1211849992967565,1.3345689795971922,-1.0356923377930405,-10.41944317986479,0.0,-260.93,-225.96,0.0,0.0,0.0,-0.023980823922402087,0.0,0.0,0.0,31,37,37,34,36,6,-100,-75,6,0,12.9,12.9,12.9,12.8,12.8,-999.0,-999.0,-999.0,0.0,0.0,0.0
7.185289621353149,-0.012271898662962688,0.001533987332870336,0.13805885995833023,1.3315010049314517,-1.0354414496874769,-10.418533673285706,-0.0122718986629626,-0.0260777846587957,0.1211849992967565,1.3345689795971922,-1.0356923377930405,-10.41944317986479,0.0,-282.45,-228.65,0.0,0.0,0.0,-0.023980823922402087,0.0,0.0,0.0,31,39,37,34,36,6,-107,-75,6,0,12.9,13.100000000000001,12.9,12.8,12.8,-999.0,-999.0,-999.0,0.0,0.0,0.0
7.201289653778076,-0.012271898662962688,-0.001533987332870336,0.13805885995833023,1.3315010049314517,-1.0354414496874769,-10.418533673285706,-0.0122718986629626,-0.0260777846587957,0.1227189866296268,1.3345689795971922,-1.0356923377930405,-10.41944317986479,2.69,-266.31,-212.51,0.0,0.0,0.0,-0.023980823922402087,0.0,0.0,0.0,31,38,36,34,36,6,-94,-69,6,0,12.9,13.0,12.9,12.8,12.8,-999.0,-999.0,-999.0,0.0,0.0,0.0
7.217285871505737,-0.012271898662962688,-0.001533987332870336,0.13805885995833023,1.3315010049314517,-1.0354414496874769,-10.418533673285706,-0.0122718986629626,-0.027611771991666,0.1211849992967565,1.3345689795971922,-1.0356923377930405,-10.41944317986479,0.0,-293.21,-220.57999999999998,0.0,0.0,0.0,-0.047961647844804174,0.0,0.0,0.0,31,38,37,34,36,6,-100,-75,6,0,12.9,12.9,12.9,12.8,12.8,-999.0,-999.0,-999.0,0.0,0.0,0.0
7.233365774154663,-0.012271898662962688,-0.001533987332870336,0.13805885995833023,1.3315010049314517,-1.0339074623546065,-10.412961422952543,-0.0122718986629626,-0.027611771991666,0.1227189866296268,1.3345689795971922,-1.0356923377930405,-10.41944317986479,-2.69,-263.62,-220.57999999999998,0.0,0.0,0.0,-0.047961647844804174,0.0,0.0,0.0,31,38,37,34,36,6,-100,-69,6,0,12.9,12.9,12.8,12.8,12.8,-999.0,-999.0,-999.0,0.0,0.0,0.0
7.2572855949401855,-0.012271898662962688,-0.003067974665740672,0.13805885995833023,1.3315010049314517,-1.0354414496874769,-10.418533673285706,-0.0122718986629626,-0.027611771991666,0.1211849992967565,1.3345689795971922,-1.0356923377930405,-10.41944317986479,0.0,-277.07,-225.96,0.0,0.0,0.0,-0.047961647844804174,0.0,0.0,0.0,31,38,37,34,36,6,-94,-75,6,0,12.9,12.9,12.9,12.8,12.8,-999.0,-999.0,-999.0,0.0,0.0,0.0
7.269340753555298,-0.012271898662962688,-0.003067974665740672,0.13805885995833023,1.3315010049314517,-1.0354414496874769,-10.418533673285706,-0.0122718986629626,-0.027611771991666,0.1211849992967565,1.3345689795971922,-1.0356923377930405,-10.41944317986479,0.0,-279.76,-228.65,0.0,0.0,0.0,-0.023980823922402087,0.0,0.0,0.0,31,38,37,34,36,6,-94,-75,6,0,12.9,12.9,12.9,12.8,12.8,-999.0,-999.0,-999.0,0.0,0.0,0.0
7.289367914199829,-0.012271898662962688,-0.003067974665740672,0.13805885995833023,1.3315010049314517,-1.0354414496874769,-10.418533673285706,-0.0122718986629626,-0.027611771991666,0.1211849992967565,1.3345689795971922,-1.0372263251259106,-10.424992805742491,0.0,-279.76,-228.65,0.0,0.0,0.0,-0.023980823922402087,0.0,0.0,0.0,31,38,37,34,36,6,-94,-75,6,-6,12.9,12.8,12.8,12.8,12.8,-999.0,-999.0,-999.0,0.0,0.0,0.0
7.305342674255371,-0.012271898662962688,-0.003067974665740672,0.13805885995833023,1.3315010049314517,-1.0354414496874769,-10.418533673285706,-0.0122718986629626,-0.027611771991666,0.1211849992967565,1.3345689795971922,-1.0372263251259106,-10.424992805742491,0.0,-279.76,-228.65,0.0,0.0,0.0,0.0,0.0,0.0,0.0,31,38,37,34,36,6,-94,-75,6,-6,12.9,12.9,12.9,12.8,12.8,-999.0,-999.0,-999.0,0.0,0.0,0.0
7.325294017791748,-0.012271898662962688,-0.003067974665740672,0.13805885995833023,1.3315010049314517,-1.0354414496874769,-10.418533673285706,-0.0122718986629626,-0.027611771991666,0.1211849992967565,1.3345689795971922,-1.0356923377930405,-10.41944317986479,5.38,-277.07,-225.96,0.0,0.0,0.0,0.0,0.0,0.0,0.0,31,38,36,34,36,6,-94,-75,6,0,12.9,12.700000000000001,12.9,12.8,12.8,-999.0,-999.0,-999.0,0.0,0.0,0.0
7.337360620498657,-0.012271898662962688,-0.003067974665740672,0.13805885995833023,1.3315010049314517,-1.0354414496874769,-10.418533673285706,-0.0122718986629626,-0.027611771991666,0.1227189866296268,1.3345689795971922,-1.0356923377930405,-10.41944317986479,0.0,-285.14,-220.57999999999998,0.0,0.0,0.0,0.0,0.0,0.0,0.0,31,38,36,34,36,6,-94,-69,6,0,12.9,12.9,12.9,12.8,12.8,-999.0,-999.0,-999.0,0.0,0.0,0.0
7.353253602981567,-0.012271898662962688,-0.003067974665740672,0.13805885995833023,1.3315010049314517,-1.0354414496874769,-10.418533673285706,-0.0122718986629626,-0.027611771991666,0.1211849992967565,1.3345689795971922,-1.0356923377930405,-10.41944317986479,-2.69,-279.76,-217.89,0.0,0.0,0.0,0.0,0.0,0.0,0.0,31,38,36,34,36,6,-94,-75,6,-6,12.9,12.700000000000001,12.9,12.8,12.8,-999.0,-999.0,-999.0,0.0,0.0,0.0
7.36929178237915,-0.012271898662962688,-0.003067974665740672,0.13805885995833023,1.3315010049314517,-1.0354414496874769,-10.418533673285706,-0.0122718986629626,-0.027611771991666,0.1227189866296268,1.3345689795971922,-1.0356923377930405,-10.41944317986479,0.0,-285.14,-223.26999999999998,0.0,0.0,0.0,0.0,0.0,0.0,0.0,31,38,37,34,36,12,-100,-69,6,0,12.9,12.9,12.9,12.8,12.8,-999.0,-999.0,-999.0,0.0,0.0,0.0
7.389285087585449,-0.012271898662962688,-0.003067974665740672,0.13805885995833023,1.3315010049314517,-1.0354414496874769,-10.418533673285706,-0.0122718986629626,-0.027611771991666,0.1211849992967565,1.3345689795971922,-1.0356923377930405,-10.41944317986479,0.0,-279.76,-225.96,0.0,0.0,0.0,0.0,0.0,0.0,0.0,31,38,37,34,36,6,-94,-75,6,0,13.0,13.0,12.9,12.8,12.8,-999.0,-999.0,-999.0,0.0,0.0,0.0
7.405282258987427,-0.012271898662962688,-0.003067974665740672,0.13805885995833023,1.3315010049314517,-1.0354414496874769,-10.418533673285706,-0.0122718986629626,-0.027611771991666,0.1211849992967565,1.3345689795971922,-1.0356923377930405,-10.41944317986479,0.0,-279.76,-228.65,-10.76,0.0,0.0,0.0,0.0,0.0,0.0,31,38,37,34,36,12,-94,-75,-19,0,13.0,12.9,12.9,12.8,12.8,-999.0,-999.0,-999.0,0.0,0.0,0.0
7.421310663223267,-0.012271898662962688,-0.003067974665740672,0.13805885995833023,1.3315010049314517,-1.0354414496874769,-10.418533673285706,-0.0122718986629626,-0.027611771991666,0.1211849992967565,1.3345689795971922,-1.0356923377930405,-10.41944317986479,-2.69,-285.14,-225.96,0.0,0.0,0.0,0.0,0.0,0.0,0.0,31,38,37,34,36,6,-94,-75,6,0,13.0,12.9,12.9,12.8,12.8,-999.0,-999.0,-999.0,0.0,0.0,0.0
7.437280893325806,-0.012271898662962688,-0.003067974665740672,0.13805885995833023,1.3315010049314517,-1.0354414496874769,-10.418533673285706,-0.0122718986629626,-0.027611771991666,0.1196510119638862,1.3345689795971922,-1.0356923377930405,-10.41944317986479,-5.38,-279.76,-250.17,0.0,0.0,0.0,0.0,0.0,0.0,0.0,31,39,37,34,36,6,-94,-114,6,0,12.9,12.9,12.9,12.8,12.8,-999.0,-999.0,-999.0,0.0,0.0,0.0
7.457313299179077,-0.013805885995833024,-0.003067974665740672,0.13805885995833023,1.3315010049314517,-1.0354414496874769,-10.418533673285706,-0.0122718986629626,-0.027611771991666,0.1196510119638862,1.3345689795971922,-1.0356923377930405,-10.41944317986479,0.0,-277.07,-247.48,0.0,0.0,0.0,0.0,0.0,0.0,0.0,31,37,37,34,36,6,-94,-82,6,0,12.9,12.9,12.9,12.8,12.8,-999.0,-999.0,-999.0,0.0,0.0,0.0
7.473312854766846,-0.012271898662962688,-0.003067974665740672,0.13805885995833023,1.3315010049314517,-1.0354414496874769,-10.418533673285706,-0.0122718986629626,-0.027611771991666,0.1181170246310158,1.3345689795971922,-1.0356923377930405,-10.41944317986479,0.0,-279.76,-266.31,0.0,0.0,0.0,0.0,0.0,0.0,0.0,31,37,37,34,36,6,-94,-88,6,0,12.9,12.9,12.9,12.8,12.8,-999.0,-999.0,-999.0,0.0,0.0,0.0
7.489348411560059,-0.013805885995833024,-0.003067974665740672,0.13805885995833023,1.3315010049314517,-1.0354414496874769,-10.418533673285706,-0.0122718986629626,-0.027611771991666,0.1181170246310158,1.3345689795971922,-1.0356923377930405,-10.41944317986479,0.0,-279.76,-252.85999999999999,0.0,0.0,0.0,0.0,0.0,0.0,0.0,31,37,37,34,36,6,-94,-88,6,0,12.9,12.9,12.9,12.8,12.8,-999.0,-999.0,-999.0,0.0,0.0,0.0
7.509319543838501,-0.012271898662962688,-0.003067974665740672,0.1365248726254599,1.3315010049314517,-1.0354414496874769,-10.418533673285706,-0.0122718986629626,-0.0291457593245363,0.1181170246310158,1.3345689795971922,-1.0356923377930405,-10.41944317986479,0.0,-295.9,-239.41,0.0,0.0,0.0,0.0,0.0,0.0,0.0,31,37,37,34,35,6,-100,-82,6,0,13.0,12.9,12.9,12.8,12.8,-999.0,-999.0,-999.0,0.0,0.0,0.0
7.5252673625946045,-0.012271898662962688,-0.003067974665740672,0.1365248726254599,1.3315010049314517,-1.0354414496874769,-10.418533673285706,-0.0122718986629626,-0.027611771991666,0.1165830372981455,1.3345689795971922,-1.0356923377930405,-10.41944317986479,0.0,-269.0,-239.41,0.0,0.0,0.0,0.0,0.0,0.0,0.0,31,37,37,34,35,6,-94,-88,6,0,13.0,12.9,12.9,12.8,12.8,-999.0,-999.0,-999.0,0.0,0.0,0.0
7.541314363479614,-0.012271898662962688,-0.003067974665740672,0.13499088529258957,1.3315010049314517,-1.0354414496874769,-10.418533673285706,-0.0107379113300923,-0.027611771991666,0.1165830372981455,1.3345689795971922,-1.0356923377930405,-10.41944317986479,16.14,-282.45,-228.65,0.0,0.0,0.0,0.0,0.0,0.0,0.0,31,37,37,34,36,12,-94,-82,6,0,13.0,13.0,12.9,12.8,12.8,-999.0,-999.0,-999.0,0.0,0.0,0.0
7.561282396316528,-0.012271898662962688,-0.003067974665740672,0.13499088529258957,1.3315010049314517,-1.0354414496874769,-10.418533673285706,-0.0107379113300923,-0.027611771991666,0.1135150626324048,1.3345689795971922,-1.0356923377930405,-10.41944317986479,-2.69,-279.76,-244.79,0.0,0.0,0.0,0.0,-0.023980823922402087,0.0,0.0,32,37,37,34,36,12,-94,-88,6,0,13.0,12.9,12.9,12.8,12.8,-999.0,-999.0,-999.0,0.0,0.0,0.0
7.577286005020142,-0.012271898662962688,-0.003067974665740672,0.13345689795971924,1.3315010049314517,-1.0354414496874769,-10.418533673285706,-0.0107379113300923,-0.027611771991666,0.1135150626324048,1.3345689795971922,-1.0356923377930405,-10.41944317986479,0.0,-277.07,-223.26999999999998,0.0,0.0,0.0,0.0,-0.023980823922402087,0.0,0.0,32,37,37,34,36,12,-94,-88,6,0,13.0,12.8,12.9,12.8,12.8,-999.0,-999.0,-999.0,0.0,0.0,0.0
7.597315073013306,-0.010737911330092352,-0.003067974665740672,0.13038892329397855,1.3315010049314517,-1.0354414496874769,-10.418533673285706,-0.009203923997222,-0.027611771991666,0.1135150626324048,1.3345689795971922,-1.0356923377930405,-10.41944317986479,0.0,-277.07,-201.75,0.0,0.0,0.0,0.0,-0.047961647844804174,0.0,0.0,32,37,37,34,36,12,-94,-75,6,0,12.9,12.9,12.9,12.8,12.8,-999.0,-999.0,-999.0,0.0,0.0,0.0
7.613308668136597,-0.010737911330092352,-0.001533987332870336,0.13038892329397855,1.3315010049314517,-1.0354414496874769,-10.418533673285706,-0.009203923997222,-0.027611771991666,0.1135150626324048,1.3345689795971922,-1.0356923377930405,-10.41944317986479,-34.97,-279.76,-207.13,0.0,0.0,0.0,0.0,-0.047961647844804174,0.0,0.0,32,37,37,34,36,12,-94,-75,6,0,12.9,13.0,12.9,12.8,12.8,-999.0,-999.0,-999.0,0.0,0.0,0.0
7.625310897827148,-0.009203923997222016,-0.003067974665740672,0.13038892329397855,1.3315010049314517,-1.0354414496874769,-10.418533673285706,-0.009203923997222,-0.027611771991666,0.1119810752995345,1.3345689795971922,-1.0356923377930405,-10.41944317986479,-5.38,-279.76,-239.41,0.0,0.0,0.023980823922402087,0.0,-0.047961647844804174,0.0,0.0,32,38,37,34,36,6,-94,-82,6,0,12.9,13.0,12.8,12.8,12.8,-999.0,-999.0,-999.0,0.0,0.0,0.0
7.645280599594116,-0.00766993666435168,-0.003067974665740672,0.12885493596110822,1.3315010049314517,-1.0354414496874769,-10.418533673285706,-0.009203923997222,-0.027611771991666,0.1119810752995345,1.3345689795971922,-1.0356923377930405,-10.41944317986479,0.0,-277.07,-231.34,0.0,0.0,0.023980823922402087,0.0,-0.047961647844804174,0.0,0.0,32,38,37,34,36,6,-94,-82,6,0,12.9,12.9,12.9,12.8,12.8,-999.0,-999.0,-999.0,0.0,0.0,0.0
7.661312103271484,-0.00766993666435168,-0.003067974665740672,0.12885493596110822,1.3315010049314517,-1.0354414496874769,-10.418533673285706,-0.009203923997222,-0.027611771991666,0.1104470879666641,1.3345689795971922,-1.0356923377930405,-10.41944317986479,-2.69,-277.07,-244.79,0.0,0.0,0.047961647844804174,0.0,-0.047961647844804174,0.0,0.0,32,38,37,34,36,0,-94,-82,6,0,12.9,12.9,12.9,12.8,12.8,-999.0,-999.0,-999.0,0.0,0.0,0.0
7.67731237411499,-0.006135949331481344,-0.003067974665740672,0.12885493596110822,1.3315010049314517,-1.0354414496874769,-10.418533673285706,-0.009203923997222,-0.027611771991666,0.1119810752995345,1.3345689795971922,-1.0356923377930405,-10.41944317986479,0.0,-282.45,-236.72,0.0,0.0,0.047961647844804174,0.0,-0.023980823922402087,0.0,0.0,32,38,37,34,36,-7,-94,-75,6,0,12.9,12.9,12.9,12.8,12.8,-999.0,-999.0,-999.0,0.0,0.0,0.0
7.693290710449219,-0.006135949331481344,-0.003067974665740672,0.12885493596110822,1.3315010049314517,-1.0354414496874769,-10.418533673285706,-0.009203923997222,-0.027611771991666,0.1104470879666641,1.3345689795971922,-1.0356923377930405,-10.41944317986479,0.0,-279.76,-231.34,0.0,0.0,0.047961647844804174,0.0,-0.023980823922402087,0.0,0.0,32,38,37,34,36,-7,-94,-75,6,0,12.9,12.9,12.9,12.8,12.8,-999.0,-999.0,-999.0,0.0,0.0,0.0
7.717261791229248,-0.006135949331481344,-0.003067974665740672,0.12885493596110822,1.3315010049314517,-1.0354414496874769,-10.418533673285706,-0.009203923997222,-0.027611771991666,0.1104470879666641,1.3345689795971922,-1.0356923377930405,-10.41944317986479,0.0,-277.07,-255.54999999999998,0.0,0.0,0.023980823922402087,0.0,0.0,0.0,0.0,32,38,37,34,36,-7,-94,-82,6,0,12.9,12.8,12.9,12.8,12.8,-999.0,-999.0,-999.0,0.0,0.0,0.0
7.729267835617065,-0.006135949331481344,-0.003067974665740672,0.12885493596110822,1.3315010049314517,-1.0354414496874769,-10.418533673285706,-0.009203923997222,-0.027611771991666,0.1104470879666641,1.3345689795971922,-1.0356923377930405,-10.41944317986479,0.0,-277.07,-250.17,0.0,0.0,0.023980823922402087,0.0,0.0,0.0,0.0,32,38,37,34,36,-7,-94,-82,6,0,12.9,12.9,12.9,12.8,12.8,-999.0,-999.0,-999.0,0.0,0.0,0.0
7.74524450302124,-0.00766993666435168,-0.003067974665740672,0.12885493596110822,1.3315010049314517,-1.0354414496874769,-10.418533673285706,-0.009203923997222,-0.027611771991666,0.1104470879666641,1.3345689795971922,-1.0356923377930405,-10.41944317986479,0.0,-279.76,-250.17,0.0,0.0,0.0,0.0,0.0,0.0,0.0,32,37,37,34,36,-7,-94,-82,6,0,12.9,12.9,12.9,12.8,12.8,-999.0,-999.0,-999.0,0.0,0.0,0.0
7.761265277862549,-0.006135949331481344,-0.003067974665740672,0.12885493596110822,1.3315010049314517,-1.0354414496874769,-10.418533673285706,-0.009203923997222,-0.027611771991666,0.1104470879666641,1.3345689795971922,-1.0356923377930405,-10.41944317986479,-2.69,-279.76,-250.17,0.0,0.0,0.0,0.0,0.0,0.0,0.0,32,37,37,34,36,0,-94,-82,6,0,12.9,12.9,12.9,12.8,12.8,-999.0,-999.0,-999.0,0.0,0.0,0.0
7.785238027572632,-0.00766993666435168,-0.003067974665740672,0.12885493596110822,1.3315010049314517,-1.0354414496874769,-10.418533673285706,-0.009203923997222,-0.027611771991666,0.1104470879666641,1.3345689795971922,-1.0356923377930405,-10.41944317986479,-5.38,-279.76,-250.17,0.0,0.0,0.0,0.0,0.0,0.0,0.0,32,37,37,34,36,0,-94,-82,6,0,12.9,12.9,12.9,12.8,12.8,-999.0,-999.0,-999.0,0.0,0.0,0.0
7.797322988510132,-0.00766993666435168,-0.003067974665740672,0.12885493596110822,1.3315010049314517,-1.0354414496874769,-10.418533673285706,-0.009203923997222,-0.027611771991666,0.1104470879666641,1.3345689795971922,-1.0356923377930405,-10.41944317986479,-5.38,-277.07,-250.17,0.0,0.0,0.0,0.0,0.0,0.0,0.0,32,38,37,34,36,0,-94,-82,6,0,12.9,12.9,12.8,12.8,12.8,-999.0,-999.0,-999.0,0.0,0.0,0.0
7.81728982925415,-0.00766993666435168,-0.003067974665740672,0.12885493596110822,1.3315010049314517,-1.0339074623546065,-10.412961422952543,-0.009203923997222,-0.027611771991666,0.1104470879666641,1.3345689795971922,-1.0356923377930405,-10.41944317986479,-5.38,-277.07,-250.17,0.0,0.0,0.0,0.0,0.0,0.0,0.0,32,38,37,34,36,0,-94,-82,6,0,12.9,13.0,12.8,12.8,12.8,-999.0,-999.0,-999.0,0.0,0.0,0.0
7.829250812530518,-0.00766993666435168,-0.001533987332870336,0.12885493596110822,1.3315010049314517,-1.0354414496874769,-10.418533673285706,-0.009203923997222,-0.027611771991666,0.1104470879666641,1.3345689795971922,-1.0356923377930405,-10.41944317986479,-5.38,-277.07,-250.17,0.0,0.0,0.0,0.0,0.0,0.0,0.0,32,38,37,34,36,0,-94,-82,6,0,12.9,12.9,12.9,12.8,12.8,-999.0,-999.0,-999.0,0.0,0.0,0.0
7.853310585021973,-0.00766993666435168,-0.003067974665740672,0.12885493596110822,1.3315010049314517,-1.0354414496874769,-10.418533673285706,-0.009203923997222,-0.027611771991666,0.1104470879666641,1.3345689795971922,-1.0356923377930405,-10.41944317986479,-5.38,-279.76,-250.17,0.0,0.0,0.0,0.0,0.0,0.0,0.0,32,38,37,34,36,0,-94,-82,6,0,12.9,12.9,12.9,12.8,12.8,-999.0,-999.0,-999.0,0.0,0.0,0.0
7.865299940109253,-0.00766993666435168,-0.001533987332870336,0.12885493596110822,1.3315010049314517,-1.0354414496874769,-10.418533673285706,-0.009203923997222,-0.027611771991666,0.1104470879666641,1.3345689795971922,-1.0356923377930405,-10.41944317986479,-5.38,-279.76,-250.17,0.0,0.0,0.0,0.0,0.0,0.0,0.0,32,38,37,34,36,0,-94,-82,6,0,12.9,12.9,12.9,12.8,12.8,-999.0,-999.0,-999.0,0.0,0.0,0.0
7.885294198989868,-0.009203923997222016,-0.003067974665740672,0.12885493596110822,1.3315010049314517,-1.0354414496874769,-10.418533673285706,-0.009203923997222,-0.027611771991666,0.1104470879666641,1.3345689795971922,-1.0356923377930405,-10.41944317986479,-5.38,-279.76,-250.17,0.0,0.0,0.0,0.0,0.0,0.0,0.0,32,38,37,34,36,0,-94,-88,6,0,12.9,12.9,12.9,12.8,12.8,-999.0,-999.0,-999.0,0.0,0.0,0.0
7.897220134735107,-0.00766993666435168,-0.003067974665740672,0.12885493596110822,1.3315010049314517,-1.0354414496874769,-10.418533673285706,-0.009203923997222,-0.027611771991666,0.1104470879666641,1.3345689795971922,-1.0356923377930405,-10.41944317986479,-5.38,-277.07,-252.85999999999999,0.0,0.0,0.0,0.0,0.0,0.0,0.0,32,38,37,34,36,0,-94,-82,6,0,12.9,12.9,12.9,12.8,12.8,-999.0,-999.0,-999.0,0.0,0.0,0.0
7.9172203540802,-0.00766993666435168,-0.003067974665740672,0.12885493596110822,1.3315010049314517,-1.0354414496874769,-10.418533673285706,-0.009203923997222,-0.027611771991666,0.1104470879666641,1.3345689795971922,-1.0356923377930405,-10.41944317986479,-5.38,-277.07,-250.17,0.0,0.0,0.0,0.0,0.0,0.0,0.0,32,37,37,34,36,6,-94,-82,6,0,12.9,12.8,12.600000000000001,12.8,12.8,-999.0,-999.0,-999.0,0.0,0.0,0.0
7.933214902877808,-0.00766993666435168,-0.003067974665740672,0.12885493596110822,1.3315010049314517,-1.0354414496874769,-10.418533673285706,-0.009203923997222,-0.027611771991666,0.1104470879666641,1.3345689795971922,-1.0356923377930405,-10.41944317986479,-2.69,-277.07,-247.48,0.0,0.0,0.0,0.0,0.0,0.0,0.0,32,37,37,34,36,0,-94,-82,6,0,12.9,12.9,12.9,12.8,12.8,-999.0,-999.0,-999.0,0.0,0.0,0.0
7.949219465255737,-0.00766993666435168,-0.003067974665740672,0.12885493596110822,1.3315010049314517,-1.0354414496874769,-10.418533673285706,-0.009203923997222,-0.027611771991666,0.1104470879666641,1.3345689795971922,-1.0356923377930405,-10.41944317986479,-2.69,-279.76,-250.17,0.0,0.0,0.0,0.0,0.0,0.0,0.0,32,37,37,34,36,0,-94,-82,6,0,12.9,12.9,12.9,12.8,12.8,-999.0,-999.0,-999.0,0.0,0.0,0.0
7.965218782424927,-0.00766993666435168,-0.003067974665740672,0.12885493596110822,1.3315010049314517,-1.0354414496874769,-10.418533673285706,-0.009203923997222,-0.0291457593245363,0.1104470879666641,1.3345689795971922,-1.0356923377930405,-10.41944317986479,-2.69,-279.76,-252.85999999999999,0.0,0.0,0.0,0.0,0.0,0.0,0.0,32,37,37,34,36,0,-94,-82,6,0,12.9,13.0,12.9,12.8,12.8,-999.0,-999.0,-999.0,0.0,0.0,0.0
7.985220193862915,-0.00766993666435168,-0.003067974665740672,0.12885493596110822,1.3315010049314517,-1.0339074623546065,-10.412961422952543,-0.009203923997222,-0.0291457593245363,0.1104470879666641,1.3345689795971922,-1.0356923377930405,-10.41944317986479,-2.69,-295.9,-250.17,0.0,0.0,0.0,0.0,0.0,0.0,0.0,32,37,37,34,36,0,-100,-82,6,0,12.9,13.0,12.9,12.8,12.8,-999.0,-999.0,-999.0,0.0,0.0,0.0
8.00125789642334,-0.00766993666435168,-0.001533987332870336,0.12885493596110822,1.3315010049314517,-1.0354414496874769,-10.418533673285706,-0.009203923997222,-0.0291457593245363,0.1089131006337938,1.3345689795971922,-1.0356923377930405,-10.41944317986479,-2.69,-301.28,-263.62,0.0,0.0,0.0,0.0,0.0,0.0,0.0,32,38,37,34,36,0,-100,-88,6,0,12.9,12.9,12.9,12.8,12.8,-999.0,-999.0,-999.0,0.0,0.0,0.0
8.021243572235107,-0.00766993666435168,-0.003067974665740672,0.12885493596110822,1.3315010049314517,-1.0354414496874769,-10.418533673285706,-0.009203923997222,-0.0291457593245363,0.1089131006337938,1.3345689795971922,-1.0356923377930405,-10.41944317986479,-2.69,-295.9,-263.62,0.0,0.0,0.0,0.0,0.0,0.0,0.0,32,38,37,34,36,0,-100,-88,6,0,12.9,12.9,12.9,12.8,12.8,-999.0,-999.0,-999.0,0.0,0.0,0.0
8.037311315536499,-0.00766993666435168,-0.003067974665740672,0.12885493596110822,1.3315010049314517,-1.0354414496874769,-10.418533673285706,-0.009203923997222,-0.0291457593245363,0.1089131006337938,1.3361029669300626,-1.0356923377930405,-10.41944317986479,-2.69,-295.9,-263.62,40.35,0.0,0.0,0.0,0.0,0.0,0.0,32,38,37,34,36,0,-100,-88,18,0,12.9,12.8,12.8,12.8,12.8,-999.0,-999.0,-999.0,0.0,0.0,0.0
8.053289890289307,-0.00766993666435168,-0.003067974665740672,0.12885493596110822,1.333034992264322,-1.0339074623546065,-10.412961422952543,-0.009203923997222,-0.0291457593245363,0.1089131006337938,1.3345689795971922,-1.0356923377930405,-10.41944317986479,-2.69,-295.9,-263.62,-53.8,0.0,0.0,0.0,0.0,0.0,0.0,32,38,37,33,36,0,-100,-88,0,0,12.9,12.9,12.8,12.8,12.8,-999.0,-999.0,-999.0,0.0,0.0,0.0
8.069297552108765,-0.00766993666435168,-0.003067974665740672,0.12885493596110822,1.333034992264322,-1.0354414496874769,-10.418533673285706,-0.009203923997222,-0.0291457593245363,0.1089131006337938,1.3345689795971922,-1.0356923377930405,-10.41944317986479,-2.69,-298.59,-263.62,-2.69,0.0,0.0,0.0,0.0,0.0,0.0,32,38,37,33,36,6,-100,-88,-7,0,12.9,12.9,12.9,12.8,12.8,-999.0,-999.0,-999.0,0.0,0.0,0.0
8.085267782211304,-0.00766993666435168,-0.003067974665740672,0.12885493596110822,1.333034992264322,-1.0354414496874769,-10.418533673285706,-0.009203923997222,-0.0291457593245363,0.1089131006337938,1.3345689795971922,-1.0356923377930405,-10.41944317986479,-2.69,-295.9,-266.31,-5.38,0.0,0.0,0.0,0.0,0.0,0.0,32,38,37,33,36,0,-100,-88,-7,0,12.9,13.0,12.9,12.8,12.8,-999.0,-999.0,-999.0,0.0,0.0,0.0
8.105249404907227,-0.00766993666435168,-0.003067974665740672,0.12885493596110822,1.333034992264322,-1.0354414496874769,-10.418533673285706,-0.0076699366643516,-0.0306797466574067,0.1089131006337938,1.3345689795971922,-1.0356923377930405,-10.41944317986479,0.0,-314.73,-258.24,-5.38,0.0,0.0,0.0,0.0,0.0,0.0,32,38,37,33,36,6,-107,-88,0,0,12.9,12.9,12.9,12.8,12.8,-999.0,-999.0,-999.0,0.0,0.0,0.0
8.121208190917969,-0.00766993666435168,-0.003067974665740672,0.12885493596110822,1.333034992264322,-1.0354414496874769,-10.418533673285706,-0.009203923997222,-0.0291457593245363,0.1089131006337938,1.3345689795971922,-1.0356923377930405,-10.41944317986479,-13.45,-298.59,-263.62,-2.69,0.0,0.0,0.0,0.0,0.0,0.0,32,38,37,33,36,0,-100,-88,0,0,12.9,12.9,12.8,12.8,12.8,-999.0,-999.0,-999.0,0.0,0.0,0.0
8.137223243713379,-0.00766993666435168,-0.003067974665740672,0.12885493596110822,1.333034992264322,-1.0354414496874769,-10.418533673285706,-0.009203923997222,-0.0306797466574067,0.1089131006337938,1.3345689795971922,-1.0356923377930405,-10.41944317986479,-2.69,-306.65999999999997,-252.85999999999999,-2.69,0.0,0.0,0.0,0.0,0.0,0.0,32,38,37,33,36,0,-107,-88,0,0,12.9,12.9,12.8,12.8,12.8,-999.0,-999.0,-999.0,0.0,0.0,0.0
8.153245687484741,-0.00766993666435168,-0.003067974665740672,0.12885493596110822,1.333034992264322,-1.0339074623546065,-10.412961422952543,-0.009203923997222,-0.0291457593245363,0.1089131006337938,1.3345689795971922,-1.0356923377930405,-10.41944317986479,-2.69,-309.34999999999997,-247.48,-5.38,0.0,0.0,0.0,0.0,0.0,0.0,32,37,37,33,36,0,-100,-82,0,0,12.9,12.9,12.8,12.8,12.8,-999.0,-999.0,-999.0,0.0,0.0,0.0
8.173240900039673,-0.00766993666435168,-0.003067974665740672,0.1273209486282379,1.333034992264322,-1.0339074623546065,-10.412961422952543,-0.0076699366643516,-0.0306797466574067,0.1073791133009235,1.3345689795971922,-1.0356923377930405,-10.41944317986479,-2.69,-314.73,-252.85999999999999,-5.38,0.0,0.0,0.0,0.0,0.0,0.0,32,38,37,33,36,6,-107,-88,0,0,12.9,12.9,12.8,12.8,12.8,-999.0,-999.0,-999.0,0.0,0.0,0.0
8.189203977584839,-0.009203923997222016,-0.003067974665740672,0.1273209486282379,1.333034992264322,-1.0354414496874769,-10.418533673285706,-0.0076699366643516,-0.0306797466574067,0.1073791133009235,1.3345689795971922,-1.0372263251259106,-10.424992805742491,0.0,-298.59,-255.54999999999998,-5.38,0.0,0.0,0.0,0.0,0.0,0.0,32,38,37,33,36,6,-107,-88,0,-6,12.9,12.9,12.5,12.8,12.8,-999.0,-999.0,-999.0,0.0,0.0,0.0
8.205213069915771,-0.00766993666435168,-0.003067974665740672,0.1273209486282379,1.333034992264322,-1.0354414496874769,-10.418533673285706,-0.0076699366643516,-0.032213733990277,0.1058451259680531,1.3345689795971922,-1.0356923377930405,-10.41944317986479,0.0,-303.96999999999997,-290.52,-2.69,0.0,0.0,0.0,0.0,0.0,0.0,32,38,37,33,36,12,-113,-94,0,0,12.9,13.0,12.8,12.8,12.8,-999.0,-999.0,-999.0,0.0,0.0,0.0
8.221251249313354,-0.009203923997222016,-0.004601961998611008,0.12578696129536754,1.333034992264322,-1.0354414496874769,-10.418533673285706,-0.0076699366643516,-0.032213733990277,0.1073791133009235,1.3345689795971922,-1.0356923377930405,-10.41944317986479,2.69,-303.96999999999997,-236.72,0.0,0.0,0.0,0.0,0.0,0.0,0.0,32,38,37,33,36,12,-113,-94,0,0,12.9,12.9,12.8,12.8,12.8,-999.0,-999.0,-999.0,0.0,0.0,0.0
8.241244554519653,-0.009203923997222016,-0.004601961998611008,0.12578696129536754,1.3345689795971922,-1.0354414496874769,-10.418533673285706,-0.0076699366643516,-0.032213733990277,0.1058451259680531,1.3345689795971922,-1.0356923377930405,-10.41944317986479,-2.69,-306.65999999999997,-285.14,-2.69,0.0,0.0,0.0,0.0,0.0,0.0,32,38,37,33,36,6,-107,-126,0,0,12.9,12.9,12.8,12.8,12.8,-999.0,-999.0,-999.0,0.0,0.0,0.0
8.257206201553345,-0.00766993666435168,-0.004601961998611008,0.12578696129536754,1.333034992264322,-1.0354414496874769,-10.418533673285706,-0.0076699366643516,-0.032213733990277,0.1058451259680531,1.3345689795971922,-1.0356923377930405,-10.41944317986479,0.0,-303.96999999999997,-215.2,-2.69,0.0,0.0,0.0,0.0,0.0,0.0,32,38,37,33,36,12,-107,-88,0,0,12.9,12.9,12.8,12.8,12.8,-999.0,-999.0,-999.0,0.0,0.0,0.0
8.273205757141113,-0.00766993666435168,-0.006135949331481344,0.12425297396249721,1.333034992264322,-1.0354414496874769,-10.418533673285706,-0.0076699366643516,-0.0337477213231473,0.1073791133009235,1.3345689795971922,-1.0356923377930405,-10.41944317986479,0.0,-317.42,-180.23,-5.38,0.0,0.0,-0.023980823922402087,-0.023980823922402087,0.0,0.0,32,38,37,33,36,6,-163,-75,0,0,12.9,12.9,12.8,12.8,12.8,-999.0,-999.0,-999.0,0.0,0.0,0.0
8.29320764541626,-0.009203923997222016,-0.00766993666435168,0.12271898662962688,1.333034992264322,-1.0354414496874769,-10.418533673285706,-0.0076699366643516,-0.0337477213231473,0.1073791133009235,1.3345689795971922,-1.0356923377930405,-10.41944317986479,-10.76,-271.69,-204.44,-2.69,0.0,0.0,-0.023980823922402087,-0.023980823922402087,0.0,0.0,32,38,37,33,36,6,-100,-69,-7,0,13.0,12.9,12.700000000000001,12.8,12.8,-999.0,-999.0,-999.0,0.0,0.0,0.0
8.309204816818237,-0.009203923997222016,-0.00766993666435168,0.12271898662962688,1.333034992264322,-1.0354414496874769,-10.418533673285706,-0.0076699366643516,-0.0337477213231473,0.1058451259680531,1.3345689795971922,-1.0356923377930405,-10.41944317986479,8.07,-271.69,-225.96,-5.38,0.0,0.0,-0.023980823922402087,-0.023980823922402087,0.0,0.0,32,38,37,33,36,12,-100,-75,0,-6,12.9,13.0,12.8,12.8,12.8,-999.0,-999.0,-999.0,0.0,0.0,0.0
8.32525086402893,-0.00766993666435168,-0.009203923997222016,0.12271898662962688,1.3345689795971922,-1.0354414496874769,-10.418533673285706,-0.0076699366643516,-0.0337477213231473,0.1058451259680531,1.3345689795971922,-1.0356923377930405,-10.41944317986479,2.69,-263.62,-231.34,-5.38,0.0,0.0,-0.047961647844804174,-0.023980823922402087,0.0,0.0,32,38,37,33,36,12,-94,-75,0,0,12.9,12.9,12.9,12.8,12.8,-999.0,-999.0,-999.0,0.0,0.0,0.0
8.34125018119812,-0.00766993666435168,-0.009203923997222016,0.12271898662962688,1.3345689795971922,-1.0354414496874769,-10.418533673285706,-0.0076699366643516,-0.0337477213231473,0.1058451259680531,1.3345689795971922,-1.0356923377930405,-10.41944317986479,-2.69,-258.24,-236.72,-2.69,0.0,0.0,-0.047961647844804174,-0.023980823922402087,0.0,0.0,32,38,37,33,36,6,-94,-82,0,0,12.9,12.9,12.9,12.8,12.8,-999.0,-999.0,-999.0,0.0,0.0,0.0
8.357236623764038,-0.00766993666435168,-0.009203923997222016,0.12271898662962688,1.333034992264322,-1.0354414496874769,-10.418533673285706,-0.0076699366643516,-0.0337477213231473,0.1073791133009235,1.3345689795971922,-1.0356923377930405,-10.41944317986479,2.69,-274.38,-207.13,-2.69,0.0,0.0,-0.023980823922402087,0.0,0.0,0.0,32,37,37,33,36,6,-94,-75,0,0,12.9,13.0,12.9,12.8,12.8,-999.0,-999.0,-999.0,0.0,0.0,0.0
8.377201795578003,-0.00766993666435168,-0.010737911330092352,0.12271898662962688,1.333034992264322,-1.0354414496874769,-10.418533673285706,-0.0076699366643516,-0.0337477213231473,0.1073791133009235,1.3345689795971922,-1.0356923377930405,-10.41944317986479,2.69,-271.69,-215.2,-5.38,0.0,0.0,-0.023980823922402087,0.0,0.0,0.0,32,37,36,33,36,6,-94,-69,0,0,12.9,12.9,12.8,12.8,12.8,-999.0,-999.0,-999.0,0.0,0.0,0.0
8.393256664276123,-0.00766993666435168,-0.009203923997222016,0.12271898662962688,1.333034992264322,-1.0354414496874769,-10.418533673285706,-0.0076699366643516,-0.0337477213231473,0.1073791133009235,1.3345689795971922,-1.0356923377930405,-10.41944317986479,-13.45,-277.07,-215.2,-8.07,0.0,0.0,0.0,0.0,0.0,0.0,32,37,36,33,36,6,-94,-69,-7,-6,12.9,13.0,12.9,12.8,12.8,-999.0,-999.0,-999.0,0.0,0.0,0.0
8.413259267807007,-0.00766993666435168,-0.009203923997222016,0.12271898662962688,1.333034992264322,-1.0354414496874769,-10.418533673285706,-0.0076699366643516,-0.0337477213231473,0.1058451259680531,1.3345689795971922,-1.0356923377930405,-10.41944317986479,0.0,-274.38,-225.96,-5.38,0.0,0.0,0.0,0.0,0.0,0.0,31,37,37,33,36,12,-94,-75,0,0,12.9,12.9,12.9,12.8,12.8,-999.0,-999.0,-999.0,0.0,0.0,0.0
8.429202795028687,-0.00766993666435168,-0.009203923997222016,0.12271898662962688,1.333034992264322,-1.0354414496874769,-10.418533673285706,-0.0076699366643516,-0.0337477213231473,0.1073791133009235,1.3345689795971922,-1.0356923377930405,-10.41944317986479,0.0,-279.76,-209.82,-2.69,0.0,0.0,0.0,0.0,0.0,0.0,31,37,37,33,36,6,-94,-69,0,0,12.9,12.9,12.8,12.8,12.8,-999.0,-999.0,-999.0,0.0,0.0,0.0
8.44924259185791,-0.009203923997222016,-0.009203923997222016,0.12271898662962688,1.333034992264322,-1.0354414496874769,-10.418533673285706,-0.0076699366643516,-0.0337477213231473,0.1073791133009235,1.3345689795971922,-1.0356923377930405,-10.41944317986479,0.0,-277.07,-217.89,-2.69,0.0,0.0,0.0,0.0,0.0,0.0,31,37,36,33,36,6,-94,-75,0,0,12.9,12.9,12.9,12.8,12.8,-999.0,-999.0,-999.0,0.0,0.0,0.0
8.465182065963745,-0.00766993666435168,-0.009203923997222016,0.12271898662962688,1.333034992264322,-1.0354414496874769,-10.418533673285706,-0.0076699366643516,-0.0337477213231473,0.1073791133009235,1.3345689795971922,-1.0356923377930405,-10.41944317986479,0.0,-277.07,-215.2,-2.69,0.0,0.0,0.0,0.0,0.0,0.0,31,37,37,33,36,6,-94,-69,0,0,12.9,13.0,12.9,12.8,12.8,-999.0,-999.0,-999.0,0.0,0.0,0.0
8.477182388305664,-0.00766993666435168,-0.010737911330092352,0.12425297396249721,1.333034992264322,-1.0354414496874769,-10.418533673285706,-0.0076699366643516,-0.0337477213231473,0.1073791133009235,1.3345689795971922,-1.0356923377930405,-10.41944317986479,0.0,-279.76,-212.51,-2.69,0.0,0.0,0.0,0.0,0.0,0.0,31,37,37,33,35,6,-94,-69,0,0,12.9,12.9,12.9,12.8,12.8,-999.0,-999.0,-999.0,0.0,0.0,0.0
8.493263244628906,-0.00766993666435168,-0.009203923997222016,0.12425297396249721,1.333034992264322,-1.0354414496874769,-10.418533673285706,-0.0076699366643516,-0.0337477213231473,0.1073791133009235,1.3345689795971922,-1.0356923377930405,-10.41944317986479,-2.69,-277.07,-212.51,-2.69,0.0,0.0,0.0,0.0,0.0,0.0,31,37,37,33,35,6,-94,-69,0,-6,12.9,12.700000000000001,12.9,12.8,12.8,-999.0,-999.0,-999.0,0.0,0.0,0.0
8.51328992843628,-0.00766993666435168,-0.009203923997222016,0.12271898662962688,1.333034992264322,-1.0354414496874769,-10.418533673285706,-0.0076699366643516,-0.0337477213231473,0.1073791133009235,1.3345689795971922,-1.0356923377930405,-10.41944317986479,0.0,-277.07,-217.89,-5.38,0.0,0.0,0.0,0.0,0.0,0.0,31,37,37,33,35,6,-94,-75,-7,0,12.9,12.9,12.9,12.8,12.8,-999.0,-999.0,-999.0,0.0,0.0,0.0
8.52921175956726,-0.00766993666435168,-0.009203923997222016,0.12271898662962688,1.333034992264322,-1.0339074623546065,-10.412961422952543,-0.0076699366643516,-0.0337477213231473,0.1058451259680531,1.3345689795971922,-1.0356923377930405,-10.41944317986479,0.0,-279.76,-220.57999999999998,-5.38,0.0,0.0,0.0,0.0,0.0,0.0,31,37,37,33,35,6,-94,-75,-7,0,12.9,12.9,12.9,12.8,12.8,-999.0,-999.0,-999.0,0.0,0.0,0.0
8.545203924179077,-0.00766993666435168,-0.009203923997222016,0.12271898662962688,1.333034992264322,-1.0354414496874769,-10.418533673285706,-0.0076699366643516,-0.0337477213231473,0.1073791133009235,1.3345689795971922,-1.0356923377930405,-10.41944317986479,0.0,-277.07,-201.75,-5.38,0.0,0.0,0.0,0.0,0.0,0.0,31,37,37,33,35,6,-94,-38,0,0,12.9,12.9,12.9,12.8,12.8,-999.0,-999.0,-999.0,0.0,0.0,0.0
8.56121277809143,-0.00766993666435168,-0.009203923997222016,0.12271898662962688,1.3345689795971922,-1.0354414496874769,-10.418533673285706,-0.0076699366643516,-0.0337477213231473,0.1073791133009235,1.3345689795971922,-1.0356923377930405,-10.41944317986479,-2.69,-277.07,-220.57999999999998,-8.07,0.0,0.0,0.0,0.0,0.0,0.0,31,37,37,33,35,6,-94,-69,0,0,12.9,13.0,12.9,12.8,12.8,-999.0,-999.0,-999.0,0.0,0.0,0.0
8.5811767578125,-0.00766993666435168,-0.009203923997222016,0.12271898662962688,1.3345689795971922,-1.0339074623546065,-10.412961422952543,-0.0076699366643516,-0.0337477213231473,0.1073791133009235,1.3345689795971922,-1.0356923377930405,-10.41944317986479,0.0,-277.07,-217.89,-5.38,0.0,0.0,0.0,0.0,0.0,0.0,31,38,37,33,35,6,-94,-69,0,0,12.9,13.0,12.9,12.8,12.8,-999.0,-999.0,-999.0,0.0,0.0,0.0
8.601253271102905,-0.00766993666435168,-0.009203923997222016,0.12271898662962688,1.333034992264322,-1.0354414496874769,-10.418533673285706,-0.0076699366643516,-0.0337477213231473,0.1073791133009235,1.3345689795971922,-1.03415835046017,-10.413874112273865,5.38,-274.38,-212.51,-2.69,5.38,0.0,0.0,0.0,0.0,0.0,31,38,37,33,35,6,-94,-69,0,7,12.9,12.9,12.9,12.8,12.8,-999.0,-999.0,-999.0,0.0,0.0,0.0
8.617211103439331,-0.00766993666435168,-0.009203923997222016,0.12271898662962688,1.3345689795971922,-1.0354414496874769,-10.418533673285706,-0.0076699366643516,-0.0337477213231473,0.1073791133009235,1.3345689795971922,-1.03415835046017,-10.413874112273865,0.0,-271.69,-212.51,-5.38,0.0,0.0,0.0,0.0,0.0,0.0,31,38,37,33,35,6,-94,-69,0,7,12.9,12.9,12.9,12.8,12.8,-999.0,-999.0,-999.0,0.0,0.0,0.0
8.633184909820557,-0.00766993666435168,-0.009203923997222016,0.12271898662962688,1.333034992264322,-1.0339074623546065,-10.412961422952543,-0.0076699366643516,-0.0337477213231473,0.1058451259680531,1.3345689795971922,-1.03415835046017,-10.413874112273865,5.38,-277.07,-225.96,-5.38,0.0,0.0,0.0,0.0,0.0,0.0,31,38,37,33,35,6,-94,-75,0,7,12.9,12.9,12.9,12.8,12.8,-999.0,-999.0,-999.0,0.0,0.0,0.0
8.649181365966797,-0.00766993666435168,-0.009203923997222016,0.12271898662962688,1.333034992264322,-1.0339074623546065,-10.412961422952543,-0.0076699366643516,-0.0337477213231473,0.1058451259680531,1.3345689795971922,-1.0326243631272995,-10.408285571481834,-2.69,-271.69,-225.96,-5.38,0.0,0.0,0.0,0.0,0.0,0.0,31,38,37,33,35,6,-94,-75,0,7,12.9,12.9,13.0,12.8,12.8,-999.0,-999.0,-999.0,0.0,0.0,0.0
8.665227174758911,-0.00766993666435168,-0.009203923997222016,0.12271898662962688,1.333034992264322,-1.0354414496874769,-10.418533673285706,-0.0061359493314813,-0.0337477213231473,0.1073791133009235,1.3345689795971922,-1.0326243631272995,-10.408285571481834,21.52,-274.38,-199.06,-5.38,-16.14,0.0,0.0,0.0,0.0,0.0,31,38,37,33,35,12,-88,-69,-7,13,12.9,12.9,12.9,12.8,12.8,-999.0,-999.0,-999.0,0.0,0.0,0.0
8.681236982345581,-0.00766993666435168,-0.009203923997222016,0.12271898662962688,1.333034992264322,-1.0354414496874769,-10.418533673285706,-0.0061359493314813,-0.0337477213231473,0.1073791133009235,1.3345689795971922,-1.0326243631272995,-10.408285571481834,-5.38,-277.07,-239.41,-2.69,-13.45,0.0,0.0,0.0,0.0,0.0,31,38,36,33,35,12,-94,-69,-7,7,12.9,12.9,12.9,12.8,12.8,-999.0,-999.0,-999.0,0.0,0.0,0.0
8.701262712478638,-0.006135949331481344,-0.009203923997222016,0.12271898662962688,1.333034992264322,-1.0339074623546065,-10.412961422952543,-0.0061359493314813,-0.0337477213231473,0.1058451259680531,1.3345689795971922,-1.0310903757944292,-10.402677525894434,0.0,-274.38,-234.03,-5.38,-18.83,0.0,0.0,0.0,0.0,0.0,31,38,37,33,35,6,-94,-75,0,13,12.9,12.9,12.9,12.8,12.8,-999.0,-999.0,-999.0,0.0,0.0,0.0
8.71718144416809,-0.006135949331481344,-0.009203923997222016,0.12271898662962688,1.333034992264322,-1.0339074623546065,-10.412961422952543,-0.004601961998611,-0.0337477213231473,0.1073791133009235,1.3345689795971922,-1.0310903757944292,-10.402677525894434,24.21,-277.07,-215.2,-5.38,-37.66,0.0,0.0,0.0,0.0,0.0,31,38,37,33,35,12,-94,-69,0,13,12.9,12.9,12.9,12.8,12.8,-999.0,-999.0,-999.0,0.0,0.0,0.0
8.733224391937256,-0.006135949331481344,-0.009203923997222016,0.12271898662962688,1.333034992264322,-1.0323734750217362,-10.40736969425822,-0.004601961998611,-0.0337477213231473,0.1073791133009235,1.3345689795971922,-1.0310903757944292,-10.402677525894434,-13.45,-279.76,-209.82,-5.38,-29.59,0.0,0.0,0.0,0.0,0.0,31,38,37,33,35,12,-94,-69,-7,7,12.9,12.9,12.9,12.8,12.8,-999.0,-999.0,-999.0,0.0,0.0,0.0
8.7492094039917,-0.004601961998611008,-0.009203923997222016,0.12425297396249721,1.333034992264322,-1.0323734750217362,-10.40736969425822,-0.0030679746657406,-0.0337477213231473,0.1073791133009235,1.3345689795971922,-1.0310903757944292,-10.402677525894434,13.45,-277.07,-212.51,-2.69,0.0,0.023980823922402087,0.0,0.0,0.0,0.023980823922402087,31,38,38,33,35,12,-94,-75,0,7,12.9,12.9,12.9,12.8,12.8,-999.0,-999.0,-999.0,0.0,0.0,0.0
8.769182682037354,-0.003067974665740672,-0.009203923997222016,0.12271898662962688,1.333034992264322,-1.0308394876888658,-10.401758455591075,-0.0030679746657406,-0.0337477213231473,0.1073791133009235,1.3345689795971922,-1.0310903757944292,-10.402677525894434,-5.38,-277.07,-215.2,-2.69,0.0,0.023980823922402087,0.0,0.0,0.0,0.023980823922402087,31,37,37,33,35,6,-94,-69,0,7,12.9,12.9,12.9,12.8,12.8,-999.0,-999.0,-999.0,0.0,0.0,0.0
8.785185098648071,-0.003067974665740672,-0.009203923997222016,0.12271898662962688,1.333034992264322,-1.0323734750217362,-10.40736969425822,-0.004601961998611,-0.0337477213231473,0.1073791133009235,1.3345689795971922,-1.0295563884615588,-10.397049943810963,-5.38,-277.07,-209.82,-5.38,0.0,0.023980823922402087,0.0,0.0,0.0,0.023980823922402087,31,38,37,33,35,0,-94,-69,0,7,12.9,12.9,12.9,12.8,12.8,-999.0,-999.0,-999.0,0.0,0.0,0.0
8.801177740097046,-0.003067974665740672,-0.009203923997222016,0.12271898662962688,1.333034992264322,-1.0308394876888658,-10.401758455591075,-0.0030679746657406,-0.0337477213231473,0.1073791133009235,1.3345689795971922,-1.0295563884615588,-10.397049943810963,-5.38,-277.07,-209.82,-5.38,0.0,0.023980823922402087,0.0,0.0,0.0,0.023980823922402087,31,37,37,33,35,0,-94,-69,0,7,12.9,12.9,12.9,12.8,12.8,-999.0,-999.0,-999.0,0.0,0.0,0.0
8.817188262939453,-0.003067974665740672,-0.009203923997222016,0.12271898662962688,1.3345689795971922,-1.0308394876888658,-10.401758455591075,-0.004601961998611,-0.0337477213231473,0.1058451259680531,1.3345689795971922,-1.0280224011286885,-10.391402793424177,-5.38,-277.07,-215.2,-5.38,0.0,0.023980823922402087,0.0,0.0,0.0,0.023980823922402087,31,37,37,33,35,6,-94,-69,0,13,12.9,13.0,12.9,12.8,12.8,-999.0,-999.0,-999.0,0.0,0.0,0.0
8.837243795394897,-0.003067974665740672,-0.009203923997222016,0.12271898662962688,1.3345689795971922,-1.0293055003559954,-10.396127675232979,-0.0030679746657406,-0.0337477213231473,0.1073791133009235,1.3345689795971922,-1.0280224011286885,-10.391402793424177,-5.38,-279.76,-207.13,-5.38,-10.76,0.0,0.0,0.0,0.0,0.023980823922402087,31,37,37,33,35,0,-94,-69,0,7,12.9,12.9,12.9,12.700000000000001,12.8,-999.0,-999.0,-999.0,0.0,0.0,0.0
8.85321044921875,-0.001533987332870336,-0.009203923997222016,0.12271898662962688,1.3345689795971922,-1.0293055003559954,-10.396127675232979,-0.0030679746657406,-0.0337477213231473,0.1073791133009235,1.3345689795971922,-1.026488413795818,-10.38573604282022,-2.69,-277.07,-215.2,-2.69,-2.69,0.0,0.0,0.0,0.0,0.023980823922402087,31,37,37,33,35,0,-94,-69,0,13,12.9,12.9,12.9,12.8,12.8,-999.0,-999.0,-999.0,0.0,0.0,0.0
8.869248151779175,-0.003067974665740672,-0.009203923997222016,0.12271898662962688,1.333034992264322,-1.0293055003559954,-10.396127675232979,-0.0030679746657406,-0.0337477213231473,0.1073791133009235,1.3345689795971922,-1.0249544264629478,-10.380049659978525,-2.69,-277.07,-212.51,-2.69,-16.14,0.0,0.0,0.0,0.0,0.023980823922402087,31,37,36,33,35,6,-94,-69,-7,19,12.9,12.9,12.9,12.8,12.8,-999.0,-999.0,-999.0,0.0,0.0,0.0
8.885251998901367,-0.003067974665740672,-0.009203923997222016,0.12271898662962688,1.333034992264322,-1.027771513023125,-10.390477321359262,-0.0030679746657406,-0.0337477213231473,0.1073791133009235,1.3345689795971922,-1.0249544264629478,-10.380049659978525,-2.69,-277.07,-209.82,-2.69,-37.66,0.0,0.0,0.0,0.0,0.023980823922402087,31,37,37,33,35,0,-94,-69,0,13,12.9,12.9,12.9,12.8,12.8,-999.0,-999.0,-999.0,0.0,0.0,0.0
8.905232191085815,-0.003067974665740672,-0.009203923997222016,0.12271898662962688,1.333034992264322,-1.0262375256902547,-10.384807362038611,-0.0030679746657406,-0.0337477213231473,0.1073791133009235,1.3345689795971922,-1.0234204391300774,-10.374343612771765,-2.69,-274.38,-212.51,-2.69,-5.38,0.0,0.0,0.0,0.0,0.047961647844804174,31,37,37,33,36,6,-94,-69,0,13,12.9,12.9,12.9,12.8,12.8,-999.0,-999.0,-999.0,0.0,0.0,0.0
8.921205043792725,-0.003067974665740672,-0.009203923997222016,0.12271898662962688,1.333034992264322,-1.0262375256902547,-10.384807362038611,-0.0030679746657406,-0.0337477213231473,0.1073791133009235,1.3345689795971922,-1.021886451797207,-10.368617868965742,-2.69,-271.69,-212.51,-8.07,-16.14,0.0,0.0,0.0,0.0,0.047961647844804174,31,37,37,33,36,6,-88,-69,-7,19,12.9,12.9,12.9,12.8,12.8,-999.0,-999.0,-999.0,0.0,0.0,0.0
8.93716025352478,-0.003067974665740672,-0.009203923997222016,0.12271898662962688,1.333034992264322,-1.023169551024514,-10.373408498797664,-0.0030679746657406,-0.0337477213231473,0.1073791133009235,1.3345689795971922,-1.0203524644643367,-10.362872396219334,-2.69,-277.07,-209.82,-5.38,-26.9,0.0,0.0,0.0,0.0,0.047961647844804174,31,38,37,33,36,6,-94,-69,0,19,12.9,12.9,12.9,12.8,12.8,-999.0,-999.0,-999.0,0.0,0.0,0.0
8.953212976455688,-0.003067974665740672,-0.009203923997222016,0.12271898662962688,1.333034992264322,-1.023169551024514,-10.373408498797664,-0.0030679746657406,-0.0337477213231473,0.1073791133009235,1.3345689795971922,-1.0188184771314663,-10.357107162084388,-2.69,-277.07,-209.82,-2.69,-32.28,0.0,0.0,0.0,0.0,0.047961647844804174,31,38,37,33,36,6,-94,-69,0,13,12.9,12.9,12.9,12.8,12.8,-999.0,-999.0,-999.0,0.0,0.0,0.0
8.973206520080566,-0.003067974665740672,-0.009203923997222016,0.12271898662962688,1.333034992264322,-1.0201015763587735,-10.361930827924054,-0.0030679746657406,-0.0337477213231473,0.1073791133009235,1.3345689795971922,-1.0157505024657258,-10.345517279320804,-2.69,-271.69,-215.2,-5.38,0.0,0.0,0.0,0.0,0.0,0.047961647844804174,31,38,36,33,36,6,-88,-69,0,25,12.9,12.9,12.9,12.8,12.8,-999.0,-999.0,-999.0,0.0,0.0,0.0
8.98920488357544,-0.003067974665740672,-0.009203923997222016,0.12271898662962688,1.333034992264322,-1.0185675890259032,-10.356162358661509,-0.0030679746657406,-0.0337477213231473,0.1073791133009235,1.3345689795971922,-1.0126825277999851,-10.333847958946679,-2.69,-279.76,-209.82,-2.69,-2.69,0.0,0.0,0.0,0.0,0.07194247176720626,31,38,37,33,36,6,-94,-69,-7,25,12.9,12.9,12.9,12.700000000000001,12.8,-999.0,-999.0,-999.0,0.0,0.0,0.0
9.00525164604187,-0.003067974665740672,-0.009203923997222016,0.12271898662962688,1.333034992264322,-1.0170336016930328,-10.350374090120496,-0.0030679746657406,-0.0337477213231473,0.1073791133009235,1.3345689795971922,-1.0080805658013745,-10.31619445610894,-2.69,-274.38,-212.51,-5.38,0.0,0.0,0.0,0.0,0.0,0.07194247176720626,31,38,37,33,36,6,-88,-69,-7,32,12.9,12.9,12.9,12.8,12.8,-999.0,-999.0,-999.0,0.0,0.0,0.0
9.021195888519287,-0.003067974665740672,-0.009203923997222016,0.12271898662962688,1.333034992264322,-1.013965627027292,-10.338738024376095,-0.0030679746657406,-0.0337477213231473,0.1089131006337938,1.3345689795971922,-1.0034786038027632,-10.298360729108374,-2.69,-277.07,-209.82,-2.69,-8.07,0.0,0.0,0.0,0.0,0.09592329568960835,31,38,37,33,36,6,-94,-69,0,25,12.9,12.9,12.8,12.8,12.700000000000001,-999.0,-999.0,-999.0,0.0,0.0,0.0
9.041181564331055,-0.003067974665740672,-0.010737911330092352,0.12271898662962688,1.333034992264322,-1.0108976523615514,-10.32702236796389,-0.0030679746657406,-0.0337477213231473,0.1089131006337938,1.3345689795971922,-0.998876641804152,-10.280345872839481,-2.69,-271.69,-190.99,0.0,5.38,0.0,0.0,0.0,0.0,0.11990411961201043,31,38,37,33,36,6,-94,-63,0,44,12.9,12.8,12.9,12.8,12.8,-999.0,-999.0,-999.0,0.0,0.0,0.0
9.057177543640137,-0.003067974665740672,-0.009203923997222016,0.12271898662962688,1.3345689795971922,-1.0032277156971998,-10.297383278103911,-0.0030679746657406,-0.0337477213231473,0.1089131006337938,1.3345689795971922,-0.9912067051398004,-10.249916116900426,-2.69,-277.07,-188.29999999999998,-5.38,2.69,0.0,0.0,0.0,0.0,0.14388494353441253,31,37,37,33,36,6,-94,-63,0,44,12.9,12.9,12.9,12.8,12.8,-999.0,-999.0,-999.0,0.0,0.0,0.0
9.073210000991821,-0.003067974665740672,-0.009203923997222016,0.12271898662962688,1.333034992264322,-1.000159741031459,-10.285386960549506,-0.0030679746657406,-0.0337477213231473,0.1104470879666641,1.3345689795971922,-0.9866047431411894,-10.231413757788836,-2.69,-277.07,-156.02,-5.38,0.0,0.0,0.0,0.0,0.0,0.1918465913792167,31,37,37,33,36,6,-94,-26,0,50,12.9,12.9,12.8,12.8,12.8,-999.0,-999.0,-999.0,0.0,0.0,0.0
9.093181371688843,-0.003067974665740672,-0.009203923997222016,0.12271898662962688,1.333034992264322,-0.9940237916999777,-10.261151670523834,-0.0030679746657406,-0.0337477213231473,0.1104470879666641,1.3315010049314515,-0.9789348064768376,-10.200165974993421,-2.69,-274.38,-174.85,-5.38,13.45,0.0,0.0,0.0,0.0,0.21582741530161878,31,37,37,33,36,6,-94,-57,-13,63,12.9,12.9,12.8,12.8,12.8,-999.0,-999.0,-999.0,0.0,0.0,0.0
9.109187126159668,-0.003067974665740672,-0.009203923997222016,0.12271898662962688,1.333034992264322,-0.9894218297013667,-10.242761803883612,-0.0030679746657406,-0.0337477213231473,0.1104470879666641,1.3315010049314515,-0.9697308824796156,-10.16198585652151,-2.69,-277.07,-174.85,16.14,10.76,0.0,0.0,0.0,0.0,0.23980823922402086,31,37,37,33,35,6,-94,-57,-13,69,12.9,12.9,12.8,12.8,12.8,-999.0,-999.0,-999.0,0.0,0.0,0.0
9.125252962112427,-0.003067974665740672,-0.010737911330092352,0.12425297396249721,1.3315010049314517,-0.9832858803698854,-10.217955677880118,-0.0030679746657406,-0.0337477213231473,0.1104470879666641,1.3299670175985814,-0.9605269584823936,-10.123053590643023,-2.69,-274.38,-174.85,0.0,13.45,0.0,0.0,0.0,0.0,0.263789063146423,31,37,37,33,35,6,-94,-57,-7,82,12.9,12.9,12.8,12.8,12.700000000000001,-999.0,-999.0,-999.0,0.0,0.0,0.0
9.141180276870728,-0.003067974665740672,-0.009203923997222016,0.12271898662962688,1.3315010049314517,-0.9756159437055337,-10.186484744044396,-0.0030679746657406,-0.0337477213231473,0.1119810752995345,1.3299670175985814,-0.9497890471523014,-10.076671486194268,-2.69,-277.07,-139.88,-5.38,2.69,0.0,0.0,0.0,0.0,0.31175071099122714,31,38,37,33,36,6,-94,-19,-7,82,12.9,12.8,12.8,12.8,12.700000000000001,-999.0,-999.0,-999.0,0.0,0.0,0.0
9.161235094070435,-0.003067974665740672,-0.009203923997222016,0.12271898662962688,1.3315010049314517,-0.9648780323754413,-10.141552710473258,-0.0030679746657406,-0.0337477213231473,0.1119810752995345,1.3299670175985814,-0.9497890471523014,-10.076671486194268,-2.69,-274.38,-142.57,-8.07,-21.52,0.0,0.0,0.0,0.0,0.3597123588360313,31,38,36,34,35,6,-94,-50,-7,69,12.9,12.9,12.8,12.8,12.700000000000001,-999.0,-999.0,-999.0,0.0,0.0,0.0
9.177231073379517,-0.003067974665740672,-0.009203923997222016,0.12271898662962688,1.3315010049314517,-0.95874208304396,-10.115415895524444,-0.0030679746657406,-0.0337477213231473,0.1119810752995345,1.328433030265711,-0.9405851231550794,-10.036082407021173,-2.69,-277.07,-142.57,-5.38,0.0,0.0,0.0,0.0,0.0,0.4076740066808355,31,38,36,34,36,6,-94,-50,-13,63,12.9,12.9,13.0,12.8,12.700000000000001,-999.0,-999.0,-999.0,0.0,0.0,0.0
9.193259716033936,-0.003067974665740672,-0.009203923997222016,0.12271898662962688,1.3299670175985814,-0.9526061337124787,-10.088940616535966,-0.004601961998611,-0.0306797466574067,0.1119810752995345,1.3268990429328409,-0.9175753131620245,-9.93118979386026,-16.14,-225.96,-142.57,-8.07,10.76,0.0,0.0,0.0,0.0,0.4076740066808355,31,38,37,33,36,0,-25,-50,-13,82,12.9,12.9,12.8,12.8,12.700000000000001,-999.0,-999.0,-999.0,0.0,0.0,0.0
9.209234237670898,-0.003067974665740672,-0.009203923997222016,0.12271898662962688,1.3299670175985814,-0.9434022097152567,-10.048587880181902,-0.004601961998611,-0.0306797466574067,0.1119810752995345,1.3253650555999703,-0.9053034144990616,-9.873214694945291,0.0,-242.1,-142.57,32.28,16.14,0.0,0.0,0.0,0.0,0.43165483060323756,31,38,38,33,36,0,-82,-50,-13,125,12.9,12.9,12.8,12.700000000000001,12.700000000000001,-999.0,-999.0,-999.0,0.0,0.0,0.0
9.22919750213623,-0.003067974665740672,-0.009203923997222016,0.12271898662962688,1.328433030265711,-0.9280623363865533,-9.979606987194837,-0.0061359493314813,-0.032213733990277,0.1119810752995345,1.3253650555999703,-0.893031515836099,-9.813799292792266,-5.38,-263.62,-150.64,-2.69,18.83,0.0,0.0,0.0,-0.023980823922402087,0.4796164784480417,31,38,37,33,36,-7,-88,-57,-7,138,12.9,12.9,12.8,12.8,12.700000000000001,-999.0,-999.0,-999.0,0.0,0.0,0.0
9.245189428329468,-0.003067974665740672,-0.009203923997222016,0.12271898662962688,1.328433030265711,-0.917324425056461,-9.930018829295323,-0.004601961998611,-0.0306797466574067,0.1119810752995345,1.3238310682671,-0.8792256298402659,-9.74520913072524,5.38,-242.1,-142.57,0.0,0.0,0.0,0.0,0.0,-0.023980823922402087,0.527578126292846,31,38,37,33,36,0,-82,-50,-13,138,12.9,12.9,12.8,12.8,12.700000000000001,-999.0,-999.0,-999.0,0.0,0.0,0.0
9.261216163635254,-0.003067974665740672,-0.009203923997222016,0.12425297396249721,1.3268990429328407,-0.903518539060628,-9.864663076562714,-0.004601961998611,-0.0306797466574067,0.1119810752995345,1.3238310682671,-0.8792256298402659,-9.74520913072524,0.0,-239.41,-147.95,5.38,-26.9,0.0,0.0,0.0,-0.023980823922402087,0.6235014219824543,31,38,37,33,36,0,-82,-50,-13,107,12.9,12.9,12.8,12.8,12.700000000000001,-999.0,-999.0,-999.0,0.0,0.0,0.0
9.27721643447876,-0.003067974665740672,-0.009203923997222016,0.12271898662962688,1.3268990429328407,-0.8958486023962762,-9.82756690517926,-0.0061359493314813,-0.0306797466574067,0.1119810752995345,1.3207630936013592,-0.8500798705157295,-9.59419512179395,-5.38,-242.1,-150.64,-5.38,-8.07,0.0,0.0,0.0,-0.023980823922402087,0.6714630698272585,31,38,37,33,35,-7,-82,-50,-7,88,12.9,12.8,12.8,12.8,12.700000000000001,-999.0,-999.0,-999.0,0.0,0.0,0.0
9.301210880279541,-0.003067974665740672,-0.009203923997222016,0.12271898662962688,1.3238310682671,-0.8774407544018322,-9.736204950196637,-0.0061359493314813,-0.0306797466574067,0.1119810752995345,1.3192291062684889,-0.8347399971870262,-9.511247492102937,0.0,-239.41,-147.95,-5.38,37.66,0.0,0.0,0.0,-0.023980823922402087,0.6714630698272585,31,38,37,33,36,-7,-82,-50,-19,163,12.9,12.9,12.8,12.8,12.700000000000001,-999.0,-999.0,-999.0,0.0,0.0,0.0
9.31321120262146,-0.003067974665740672,-0.009203923997222016,0.12271898662962688,1.3222970809342296,-0.8682368304046102,-9.689272440506503,-0.0061359493314813,-0.0291457593245363,0.1119810752995345,1.3161611316027484,-0.8194001238583228,-9.425850809594914,0.0,-231.34,-142.57,13.45,-2.69,0.0,0.0,0.0,-0.047961647844804174,0.6714630698272585,31,38,37,33,36,-7,-75,-50,-13,150,12.9,12.9,12.8,12.8,12.700000000000001,-999.0,-999.0,-999.0,0.0,0.0,0.0
9.329201936721802,-0.004601961998611008,-0.009203923997222016,0.12271898662962688,1.3207630936013592,-0.8528969570759068,-9.609165424307038,-0.0076699366643516,-0.0291457593245363,0.1119810752995345,1.314627144269878,-0.8040602505296195,-9.337958926394146,-5.38,-217.89,-142.57,-5.38,2.69,0.0,0.0,0.0,-0.047961647844804174,0.6954438937496605,32,38,37,34,36,-13,-75,-50,-25,157,12.9,12.8,12.8,12.8,12.700000000000001,-999.0,-999.0,-999.0,0.0,0.0,0.0
9.345217227935791,-0.003067974665740672,-0.009203923997222016,0.12271898662962688,1.3192291062684889,-0.8375570837472035,-9.526662617583096,-0.0061359493314813,-0.0291457593245363,0.1119810752995345,1.3130931569370077,-0.7871863898680458,-9.23833955553296,34.97,-217.89,-145.26,-8.07,-13.45,0.0,0.0,0.0,-0.07194247176720626,0.7673863655168668,32,38,37,33,36,-7,-75,-50,-44,157,12.9,12.8,12.8,12.8,12.700000000000001,-999.0,-999.0,-999.0,0.0,0.0,0.0
9.365209817886353,-0.004601961998611008,-0.010737911330092352,0.12271898662962688,1.3161611316027484,-0.8176152484198891,-9.415753291422053,-0.0076699366643516,-0.0291457593245363,0.1119810752995345,1.310025182271267,-0.7703125292064721,-9.135579664935209,16.14,-215.2,-142.57,-21.52,5.38,0.0,0.0,0.0,-0.09592329568960835,0.8633096612064751,32,38,37,33,36,-13,-69,-50,-25,169,12.9,12.8,12.9,12.8,12.700000000000001,-999.0,-999.0,-999.0,0.0,0.0,0.0
9.381259202957153,-0.004601961998611008,-0.009203923997222016,0.12271898662962688,1.314627144269878,-0.8022753750911857,-9.32756803365957,-0.0076699366643516,-0.027611771991666,0.1119810752995345,1.3069572076055262,-0.7534386685448984,-9.029613595920646,13.45,-207.13,-142.57,-29.59,0.0,0.0,0.0,0.0,-0.09592329568960835,0.8872904851288772,32,38,37,33,36,-7,-69,-50,-32,175,12.9,12.8,12.8,12.700000000000001,12.700000000000001,-999.0,-999.0,-999.0,0.0,0.0,0.0
9.397165536880493,-0.004601961998611008,-0.009203923997222016,0.12425297396249721,1.3115591696041373,-0.7869355017624824,-9.236834836634586,-0.009203923997222,-0.027611771991666,0.1119810752995345,1.305423220272656,-0.738098795216195,-8.930442185729763,5.38,-199.06,-145.26,-2.69,-2.69,0.0,0.0,0.0,-0.11990411961201043,0.9112713090512793,32,37,37,33,36,-13,-69,-50,-25,169,12.9,12.8,12.8,12.700000000000001,12.700000000000001,-999.0,-999.0,-999.0,0.0,0.0,0.0
9.413187503814697,-0.004601961998611008,-0.009203923997222016,0.12271898662962688,1.3084911949383966,-0.771595628433779,-9.143505387851652,-0.009203923997222,-0.0260777846587957,0.1119810752995345,1.3023552456069152,-0.7212249345546213,-8.81816789789794,34.97,-193.68,-145.26,-21.52,-8.07,0.0,0.0,0.0,-0.11990411961201043,0.9352521329736814,32,37,37,33,35,-13,-69,-50,-25,163,12.9,12.8,12.8,12.700000000000001,12.700000000000001,-999.0,-999.0,-999.0,0.0,0.0,0.0
9.433153629302979,-0.006135949331481344,-0.009203923997222016,0.12271898662962688,1.305423220272656,-0.753187780439335,-9.028013517098755,-0.009203923997222,-0.0260777846587957,0.1119810752995345,1.3023552456069152,-0.7212249345546213,-8.81816789789794,0.0,-180.23,-147.95,10.76,-37.66,-0.023980823922402087,0.0,0.0,-0.11990411961201043,0.9352521329736814,32,38,37,34,35,-7,-63,-50,-19,125,12.9,12.9,12.8,12.700000000000001,12.700000000000001,-999.0,-999.0,-999.0,0.0,0.0,0.0
9.449183225631714,-0.006135949331481344,-0.009203923997222016,0.12271898662962688,1.3038892329397855,-0.7424498691092426,-8.958849427820956,-0.0122718986629626,-0.0260777846587957,0.1119810752995345,1.296219296275434,-0.6859432258986036,-8.572326705389614,-56.49,-177.54,-142.57,-24.21,0.0,-0.023980823922402087,0.0,0.0,-0.14388494353441253,0.9352521329736814,32,38,37,33,36,-13,-63,-50,-25,119,12.9,12.9,12.8,12.8,12.700000000000001,-999.0,-999.0,-999.0,0.0,0.0,0.0
9.465129613876343,-0.00766993666435168,-0.009203923997222016,0.12271898662962688,1.3008212582740448,-0.7286439831134096,-8.867947599883111,-0.0122718986629626,-0.0245437973259253,0.1119810752995345,1.2931513216096933,-0.6706033525699002,-8.46063130439542,37.66,-174.85,-142.57,-5.38,59.18,-0.023980823922402087,0.0,0.0,-0.14388494353441253,0.8633096612064751,32,38,37,33,36,-13,-57,-50,-1,188,12.9,12.9,12.8,12.700000000000001,12.700000000000001,-999.0,-999.0,-999.0,0.0,0.0,0.0
9.481131792068481,-0.009203923997222016,-0.010737911330092352,0.12271898662962688,1.2992872709411747,-0.7117701224518359,-8.753774105553626,-0.013805885995833,-0.0245437973259253,0.1119810752995345,1.291617334276823,-0.6552634792411969,-8.345943741504687,2.69,-139.88,-145.26,0.0,-16.14,-0.047961647844804174,0.0,0.0,-0.14388494353441253,0.839328837284073,32,38,37,33,35,-7,-57,-50,-25,182,12.9,12.9,12.8,12.700000000000001,12.700000000000001,-999.0,-999.0,-999.0,0.0,0.0,0.0
9.501128196716309,-0.010737911330092352,-0.010737911330092352,0.12271898662962688,1.296219296275434,-0.6902942997916512,-8.603471408991902,-0.013805885995833,-0.023009809993055,0.1119810752995345,1.2900833469439523,-0.6399236059124935,-8.228208544562946,5.38,-134.5,-142.57,-18.83,5.38,-0.047961647844804174,0.0,0.0,-0.14388494353441253,0.8633096612064751,32,38,37,33,35,-7,-50,-50,-32,182,12.9,12.9,12.8,12.700000000000001,12.700000000000001,-999.0,-999.0,-999.0,0.0,0.0,0.0
9.51712942123413,-0.010737911330092352,-0.009203923997222016,0.12271898662962688,1.2931513216096933,-0.6734204391300775,-8.481366234460927,-0.013805885995833,-0.0214758226601847,0.1104470879666641,1.2885493596110822,-0.6245837325837902,-8.1073696749489,18.83,-126.42999999999999,-169.47,0.0,-2.69,-0.047961647844804174,0.0,0.0,-0.14388494353441253,0.9112713090512793,32,38,37,33,35,-7,-44,-57,-19,163,12.9,12.9,12.8,12.700000000000001,12.700000000000001,-999.0,-999.0,-999.0,0.0,0.0,0.0
9.537128925323486,-0.013805885995833024,-0.009203923997222016,0.12271898662962688,1.291617334276823,-0.6534786038027631,-8.332402369397471,-0.013805885995833,-0.0214758226601847,0.1119810752995345,1.2854813849453417,-0.6092438592550868,-7.983370605668437,0.0,-123.74,-142.57,-16.14,24.21,-0.047961647844804174,0.0,0.0,-0.14388494353441253,1.0071946047408877,32,38,37,33,35,0,-44,-50,-25,169,12.9,12.9,12.8,12.700000000000001,12.700000000000001,-999.0,-999.0,-999.0,0.0,0.0,0.0
9.549137592315674,-0.013805885995833024,-0.009203923997222016,0.12271898662962688,1.2900833469439525,-0.6427406924726707,-8.250060976314572,-0.013805885995833,-0.0214758226601847,0.1104470879666641,1.2839473976124711,-0.5908360112606428,-7.830320078506292,0.0,-123.74,-147.95,-2.69,-21.52,-0.047961647844804174,0.0,0.0,-0.14388494353441253,1.0071946047408877,32,38,37,33,35,6,-44,-50,-19,144,12.9,12.9,12.8,12.700000000000001,12.700000000000001,-999.0,-999.0,-999.0,0.0,0.0,0.0
9.569159269332886,-0.013805885995833024,-0.009203923997222016,0.12271898662962688,1.2870153722782118,-0.6227988571453564,-8.093105273542411,-0.013805885995833,-0.0199418353273143,0.1104470879666641,1.282413410279601,-0.5770301252648097,-7.712432479809591,0.0,-104.91,-174.85,0.0,8.07,-0.047961647844804174,0.0,0.0,-0.11990411961201043,0.9832137808184855,32,37,37,33,35,6,-38,-57,-19,175,12.9,12.9,12.8,12.700000000000001,12.700000000000001,-999.0,-999.0,-999.0,0.0,0.0,0.0
9.585163354873657,-0.01533987332870336,-0.009203923997222016,0.12271898662962688,1.2854813849453415,-0.6089929711495234,-7.981315981488757,-0.013805885995833,-0.018407847994444,0.1104470879666641,1.2793454356138605,-0.5616902519361063,-7.578273744181431,10.76,-78.01,-174.85,-21.52,-8.07,-0.047961647844804174,0.0,0.0,-0.11990411961201043,0.9352521329736814,32,38,37,33,35,12,-32,-57,-25,150,12.9,12.9,12.8,12.8,12.700000000000001,-999.0,-999.0,-999.0,0.0,0.0,0.0
9.601157188415527,-0.01533987332870336,-0.009203923997222016,0.12271898662962688,1.2839473976124713,-0.59365309782082,-7.854046690355526,-0.013805885995833,-0.0168738606615736,0.1089131006337938,1.2793454356138605,-0.5478843659402733,-7.454629688632612,0.0,-53.8,-180.23,0.0,-2.69,-0.023980823922402087,0.0,0.0,-0.11990411961201043,0.9352521329736814,32,37,37,33,35,12,-25,-63,-19,157,12.9,12.9,12.8,12.8,12.600000000000001,-999.0,-999.0,-999.0,0.0,0.0,0.0
9.617158651351929,-0.01533987332870336,-0.00766993666435168,0.12271898662962688,1.282413410279601,-0.579847211824987,-7.736705576044731,-0.013805885995833,-0.0168738606615736,0.1089131006337938,1.27781144828099,-0.53254449261157,-7.313971022403427,-26.9,-80.7,-185.60999999999999,-5.38,-18.83,-0.023980823922402087,0.0,0.0,-0.09592329568960835,0.9112713090512793,32,37,37,34,35,6,-32,-63,-13,144,13.0,12.9,12.8,12.8,12.700000000000001,-999.0,-999.0,-999.0,0.0,0.0,0.0
9.63715648651123,-0.01533987332870336,-0.00766993666435168,0.12271898662962688,1.2808794229467306,-0.5614393638305429,-7.576051477537761,-0.013805885995833,-0.0168738606615736,0.1073791133009235,1.2747434736152492,-0.5187386066157369,-7.184383676599663,0.0,-78.01,-207.13,-21.52,8.07,0.0,0.0,0.0,-0.09592329568960835,0.9112713090512793,32,37,37,34,35,12,-32,-69,-19,157,13.0,12.8,12.8,12.700000000000001,12.700000000000001,-999.0,-999.0,-999.0,0.0,0.0,0.0
9.653159856796265,-0.013805885995833024,-0.00766993666435168,0.12271898662962688,1.2793454356138603,-0.54763347783471,-7.4523570583239875,-0.013805885995833,-0.0153398733287033,0.1073791133009235,1.2732094862823788,-0.5049327206199039,-7.051916188953227,0.0,-69.94,-212.51,-10.76,0.0,0.0,0.0,0.0,-0.09592329568960835,0.8872904851288772,32,37,37,34,35,6,-25,-69,-25,138,13.0,12.8,12.8,12.700000000000001,12.700000000000001,-999.0,-999.0,-999.0,0.0,0.0,0.0
9.669182538986206,-0.013805885995833024,-0.00766993666435168,0.12271898662962688,1.27781144828099,-0.5322936045060066,-7.311641539348015,-0.013805885995833,-0.0153398733287033,0.1058451259680531,1.2716754989495085,-0.4880588599583302,-6.886039831742852,0.0,-78.01,-236.72,-26.9,-10.76,0.0,0.0,0.0,-0.09592329568960835,0.8633096612064751,32,37,37,34,36,6,-25,-75,-25,132,13.0,12.8,12.8,12.700000000000001,12.700000000000001,-999.0,-999.0,-999.0,0.0,0.0,0.0
9.689162731170654,-0.013805885995833024,-0.006135949331481344,0.12271898662962688,1.2747434736152492,-0.5169537311773033,-7.16742078312543,-0.013805885995833,-0.013805885995833,0.1058451259680531,1.2686075242837678,-0.4742529739624972,-6.747024360223756,-8.07,-75.32,-228.65,-29.59,13.45,0.0,0.0,0.0,-0.09592329568960835,0.8633096612064751,32,37,37,34,36,6,-25,-75,-32,157,13.0,12.8,12.8,12.700000000000001,12.700000000000001,-999.0,-999.0,-999.0,0.0,0.0,0.0
9.705114841461182,-0.013805885995833024,-0.006135949331481344,0.12271898662962688,1.2716754989495085,-0.5016138578485999,-7.019637675865244,-0.013805885995833,-0.0122718986629626,0.1043111386351828,1.2655395496180273,-0.4619810752995344,-6.620927609271911,-5.38,-59.18,-244.79,0.0,10.76,0.0,0.0,0.0,-0.09592329568960835,0.839328837284073,32,37,37,34,36,6,-19,-82,-25,150,13.0,12.9,12.8,12.8,12.700000000000001,-999.0,-999.0,-999.0,0.0,0.0,0.0
9.725128412246704,-0.013805885995833024,-0.004601961998611008,0.12425297396249721,1.2686075242837678,-0.4847399971870262,-6.852894094074151,-0.013805885995833,-0.0107379113300923,0.1043111386351828,1.2609375876194162,-0.4481751893037015,-6.476189056996416,-2.69,-67.25,-247.48,-2.69,10.76,0.0,0.023980823922402087,0.0,-0.11990411961201043,0.839328837284073,32,37,37,34,36,6,-19,-82,-32,138,13.0,12.9,12.9,12.700000000000001,12.700000000000001,-999.0,-999.0,-999.0,0.0,0.0,0.0
9.737123489379883,-0.013805885995833024,-0.003067974665740672,0.12271898662962688,1.2670735369508976,-0.4755360731898042,-6.7600706029528945,-0.013805885995833,-0.009203923997222,0.1043111386351828,1.2563356256208051,-0.4343693033078685,-6.328363550344397,-2.69,-61.87,-247.48,-29.59,-8.07,0.0,0.023980823922402087,0.0,-0.11990411961201043,0.839328837284073,32,38,37,34,36,6,-19,-82,-57,132,12.9,12.9,12.9,12.700000000000001,12.700000000000001,-999.0,-999.0,-999.0,0.0,0.0,0.0
9.757116317749023,-0.013805885995833024,-0.001533987332870336,0.12271898662962688,1.2624715749522866,-0.46019619986110083,-6.602387654787253,-0.013805885995833,-0.0076699366643516,0.1027771513023125,1.2532676509550644,-0.4220974046449057,-6.19434038840358,0.0,-78.01,-247.48,-16.14,21.52,0.0,0.047961647844804174,0.0,-0.14388494353441253,0.815348013361671,32,37,37,34,36,6,-19,-82,-44,144,12.9,12.9,12.8,12.8,12.700000000000001,-999.0,-999.0,-999.0,0.0,0.0,0.0
9.773112535476685,-0.013805885995833024,-0.001533987332870336,0.12271898662962688,1.2594036002865459,-0.4463903138652678,-6.457252208172783,-0.013805885995833,-0.0061359493314813,0.1012431639694421,1.2486656889564536,-0.409825505981943,-6.057821161046573,0.0,-75.32,-279.76,-29.59,0.0,0.0,0.047961647844804174,0.0,-0.1678657674568146,0.815348013361671,32,37,37,34,36,6,-19,-94,-44,138,12.9,12.9,12.8,12.8,12.700000000000001,-999.0,-999.0,-999.0,0.0,0.0,0.0
9.789113521575928,-0.013805885995833024,0.001533987332870336,0.12118499929675655,1.2548016382879348,-0.43565240253517545,-6.342233396742136,-0.013805885995833,-0.0030679746657406,0.1012431639694421,1.2440637269578425,-0.3990875946518507,-5.936298907589368,0.0,-56.49,-236.72,-34.97,2.69,0.0,0.07194247176720626,0.0,-0.1918465913792167,0.7913671894392689,31,37,37,34,36,6,37,-94,-44,132,12.9,12.9,12.8,12.8,12.700000000000001,-999.0,-999.0,-999.0,0.0,0.0,0.0
9.805206060409546,-0.013805885995833024,0.004601961998611008,0.12118499929675655,1.2517336636221943,-0.4233805038722127,-6.208469692361045,-0.013805885995833,-0.0015339873328703,0.0997091766365718,1.2394617649592314,-0.3883496833217584,-5.812828837186947,0.0,-96.84,-242.1,-13.45,-5.38,0.0,0.09592329568960835,0.0,-0.1918465913792167,0.7673863655168668,31,37,37,34,36,6,-19,-94,-44,119,12.9,12.9,12.8,12.8,12.700000000000001,-999.0,-999.0,-999.0,0.0,0.0,0.0
9.825191020965576,-0.013805885995833024,0.006135949331481344,0.11965101196388621,1.2455977142907129,-0.4095746178763797,-6.055003926674197,-0.013805885995833,0.0,0.0981751893037015,1.2348598029606206,-0.3791457593245363,-5.705434527086691,0.0,-107.6,-247.48,-32.28,0.0,0.0,0.09592329568960835,-0.023980823922402087,-0.21582741530161878,0.7673863655168668,31,37,37,34,36,6,-25,-88,-50,113,12.9,12.9,12.9,12.700000000000001,12.700000000000001,-999.0,-999.0,-999.0,0.0,0.0,0.0
9.841164112091064,-0.013805885995833024,0.00766993666435168,0.11811702463101587,1.2425297396249722,-0.39883670654628733,-5.9334363545856,-0.013805885995833,0.0015339873328703,0.0966412019708311,1.2302578409620095,-0.368407847994444,-5.578303665312813,0.0,-102.22,-263.62,-24.21,5.38,0.0,0.09592329568960835,-0.047961647844804174,-0.21582741530161878,0.7194247176720626,31,38,37,34,36,6,-32,-94,-50,113,12.9,12.9,12.8,12.8,12.700000000000001,-999.0,-999.0,-999.0,0.0,0.0,0.0
9.857115745544434,-0.013805885995833024,0.00766993666435168,0.11811702463101587,1.237927777626361,-0.388098795216195,-5.809920575039991,-0.013805885995833,0.004601961998611,0.0935732273050904,1.224121891630528,-0.3607379113300923,-5.486276169750087,0.0,-64.56,-271.69,-29.59,0.0,0.0,0.09592329568960835,-0.047961647844804174,-0.21582741530161878,0.6954438937496605,31,38,36,34,36,6,-32,-94,-44,107,12.9,12.9,12.8,12.8,12.700000000000001,-999.0,-999.0,-999.0,0.0,0.0,0.0
9.873116731643677,-0.013805885995833024,0.009203923997222016,0.11504904996527521,1.2348598029606206,-0.378894871218973,-5.702486782780706,-0.013805885995833,0.0061359493314813,0.0905052526393498,1.2210539169647874,-0.3515339873328703,-5.3744927074929185,0.0,-96.84,-231.34,-8.07,-5.38,0.0,0.07194247176720626,-0.047961647844804174,-0.23980823922402086,0.6714630698272585,31,38,37,34,36,6,-25,-100,-38,94,12.9,12.8,12.8,12.700000000000001,12.700000000000001,-999.0,-999.0,-999.0,0.0,0.0,0.0
9.893187046051025,-0.013805885995833024,0.012271898662962688,0.11198107529953452,1.2302578409620095,-0.36815695988888064,-5.575309515065852,-0.013805885995833,0.0076699366643516,0.0889712653064794,1.2179859422990469,-0.3438640506685186,-5.280208142853782,0.0,-83.39,-209.82,-26.9,0.0,0.0,0.07194247176720626,-0.07194247176720626,-0.23980823922402086,0.6235014219824543,31,37,37,34,36,6,-19,-100,-44,94,12.9,12.8,12.9,12.8,12.700000000000001,-999.0,-999.0,-999.0,0.0,0.0,0.0
9.909170627593994,-0.013805885995833024,0.012271898662962688,0.10891310063379386,1.224121891630528,-0.3589530358916586,-5.464713905812081,-0.0122718986629626,0.009203923997222,0.0843693033078684,1.2149179676333062,-0.3361941140041669,-5.184889232771535,21.52,-78.01,-228.65,-18.83,0.0,0.0,0.07194247176720626,-0.09592329568960835,-0.23980823922402086,0.5995205980600522,31,37,37,34,36,12,-19,-100,-38,82,12.9,13.0,12.8,12.8,12.700000000000001,-999.0,-999.0,-999.0,0.0,0.0,0.0
9.925167798995972,-0.012271898662962688,0.013805885995833024,0.10584512596805318,1.2225879042976577,-0.3528170865601773,-5.390164890178503,-0.0122718986629626,0.0107379113300923,0.0797673413092574,1.2149179676333062,-0.3300581646726856,-5.1078859899712645,-5.38,-72.63,-207.13,5.38,0.0,0.0,0.07194247176720626,-0.14388494353441253,-0.21582741530161878,0.551558950215248,31,37,37,34,36,12,-19,-107,-32,82,12.9,12.9,12.8,12.8,12.700000000000001,-999.0,-999.0,-999.0,0.0,0.0,0.0
9.941167831420898,-0.012271898662962688,0.01533987332870336,0.10277715130231252,1.219519929631917,-0.3451471498958256,-5.296052857956127,-0.0107379113300923,0.0122718986629626,0.0751653793106464,1.2133839803004358,-0.3223882280083339,-5.010692694387011,2.69,-78.01,-231.34,-8.07,0.0,0.0,0.07194247176720626,-0.1678657674568146,-0.21582741530161878,0.527578126292846,31,37,37,34,36,12,-25,-107,-19,69,12.9,12.9,12.8,12.8,12.700000000000001,-999.0,-999.0,-999.0,0.0,0.0,0.0
9.96514892578125,-0.010737911330092352,0.016873860661573696,0.09664120197083118,1.2164519549661765,-0.33287525123286293,-5.14332184046495,-0.0107379113300923,0.013805885995833,0.0705634173120354,1.2133839803004358,-0.3162522786768525,-4.932183717426358,-18.83,-69.94,-220.57999999999998,16.14,0.0,0.023980823922402087,0.07194247176720626,-0.1918465913792167,-0.1678657674568146,0.4796164784480417,31,38,37,34,36,6,-19,-119,-13,69,12.9,12.9,12.8,12.8,12.700000000000001,-999.0,-999.0,-999.0,0.0,0.0,0.0
9.97718334197998,-0.010737911330092352,0.018407847994444032,0.09357322730509049,1.2164519549661765,-0.3282732892342519,-5.085361399608858,-0.009203923997222,0.0168738606615736,0.0644274679805541,1.2133839803004358,-0.3101163293453712,-4.853001681350776,0.0,-96.84,-252.85999999999999,2.69,-2.69,0.023980823922402087,0.07194247176720626,-0.1918465913792167,-0.14388494353441253,0.45563565452563964,31,38,37,34,36,12,-25,-157,-7,63,12.9,12.9,12.8,12.8,12.700000000000001,-999.0,-999.0,-999.0,0.0,0.0,0.0
9.993099212646484,-0.010737911330092352,0.019941835327314368,0.08897126530647949,1.2149179676333062,-0.32213733990277055,-5.007495769132892,-0.009203923997222,0.0199418353273143,0.0582915186490727,1.2133839803004358,-0.3055143673467602,-4.793172097954761,-18.83,-56.49,-244.79,-10.76,-5.38,0.023980823922402087,0.07194247176720626,-0.21582741530161878,-0.11990411961201043,0.43165483060323756,31,38,37,34,36,6,-19,-125,-13,63,12.9,12.9,12.8,12.8,12.700000000000001,-999.0,-999.0,-999.0,0.0,0.0,0.0
10.009175777435303,-0.00766993666435168,0.02300980999305504,0.08436930330786849,1.2149179676333062,-0.31600139057128923,-4.928959317241223,-0.0076699366643516,0.023009809993055,0.0536895566504617,1.2133839803004358,-0.3009124053481492,-4.7329617234763735,0.0,-56.49,-236.72,-13.45,-10.76,0.023980823922402087,0.07194247176720626,-0.23980823922402086,-0.09592329568960835,0.4076740066808355,31,38,37,34,36,6,-13,-125,-7,57,12.9,12.9,12.8,12.8,12.700000000000001,-999.0,-999.0,-999.0,0.0,0.0,0.0
10.033125162124634,-0.00766993666435168,0.026077784658795712,0.07516537931064646,1.2149179676333062,-0.30833145390693756,-4.829841865067238,-0.0061359493314813,0.0291457593245363,0.0475536073189804,1.2133839803004358,-0.2963104433495382,-4.6723696598996725,2.69,-115.67,-204.44,-10.76,0.0,0.047961647844804174,0.09592329568960835,-0.263789063146423,-0.047961647844804174,0.3836931827584334,31,38,37,34,36,12,6,-132,-13,50,13.0,12.9,12.8,12.700000000000001,12.700000000000001,-999.0,-999.0,-999.0,0.0,0.0,0.0
10.045097589492798,-0.00766993666435168,0.029145759324536384,0.07363139197777613,1.2149179676333062,-0.30526347924119684,-4.789899392736434,-0.004601961998611,0.032213733990277,0.0429516453203694,1.2133839803004358,-0.2917084813509272,-4.611395035324529,0.0,-131.81,-185.60999999999999,-10.76,-5.38,0.047961647844804174,0.11990411961201043,-0.28776988706882506,-0.023980823922402087,0.3597123588360313,31,38,37,34,36,12,-7,-125,-7,50,13.0,12.9,12.8,12.8,12.700000000000001,-999.0,-999.0,-999.0,0.0,0.0,0.0
10.065100908279419,-0.006135949331481344,0.03528170865601773,0.06596145531342446,1.2149179676333062,-0.29912752990971553,-4.709506391942977,-0.004601961998611,0.036815695988888,0.0383496833217584,1.2133839803004358,-0.2871065193523162,-4.5500370045320135,0.0,-123.74,-185.60999999999999,-10.76,0.0,0.023980823922402087,0.1678657674568146,-0.31175071099122714,0.0,0.3357315349136292,31,38,37,34,36,12,6,-113,-7,50,12.9,12.9,12.9,12.8,12.700000000000001,-999.0,-999.0,-999.0,0.0,0.0,0.0
10.077147483825684,-0.004601961998611008,0.0383496833217584,0.06289348064768377,1.2149179676333062,-0.2945255679111045,-4.648766053762468,-0.0030679746657406,0.0398836706546287,0.0337477213231473,1.2118499929675657,-0.2840385446865755,-4.508918242140985,-34.97,-169.47,-188.29999999999998,-8.07,-16.14,0.023980823922402087,0.1918465913792167,-0.31175071099122714,0.0,0.31175071099122714,31,38,37,34,36,-57,-7,-113,-7,38,12.9,12.9,12.9,12.8,12.3,-999.0,-999.0,-999.0,0.0,0.0,0.0
10.097177743911743,-0.003067974665740672,0.04295164532036941,0.05675753131620243,1.2149179676333062,-0.2899236059124935,-4.587642823566124,-0.0030679746657406,0.0429516453203694,0.0291457593245363,1.2133839803004358,-0.2809705700208348,-4.467628477352891,-34.97,-123.74,-217.89,0.0,-2.69,0.023980823922402087,0.21582741530161878,-0.31175071099122714,0.0,0.28776988706882506,31,38,37,34,36,-57,-7,-119,-7,38,12.9,12.9,12.9,12.8,12.600000000000001,-999.0,-999.0,-999.0,0.0,0.0,0.0
10.113175630569458,-0.003067974665740672,0.047553607318980416,0.052155569317591424,1.2133839803004358,-0.28685563124675284,-4.546680872317944,-0.0015339873328703,0.0475536073189804,0.023009809993055,1.2133839803004358,-0.2779025953550942,-4.426167480217531,18.83,-99.53,-250.17,-13.45,-8.07,0.047961647844804174,0.23980823922402086,-0.31175071099122714,0.0,0.263789063146423,31,38,37,34,36,12,-19,-125,-7,38,12.9,12.8,12.9,12.8,12.700000000000001,-999.0,-999.0,-999.0,0.0,0.0,0.0
10.133124589920044,-0.001533987332870336,0.052155569317591424,0.04601961998611008,1.2149179676333062,-0.2822536692481418,-4.484917647372206,0.0,0.050621581984721,0.018407847994444,1.2133839803004358,-0.2733006333564832,-4.363654434751247,-10.76,-131.81,-225.96,-10.76,0.0,0.047961647844804174,0.23980823922402086,-0.28776988706882506,0.0,0.23980823922402086,31,38,37,34,36,6,-13,-125,-7,38,12.9,12.9,12.8,12.8,12.700000000000001,-999.0,-999.0,-999.0,0.0,0.0,0.0
10.149182081222534,0.0,0.055223543983332096,0.04141765798749907,1.2149179676333062,-0.27918569458240117,-4.44352829125004,0.0015339873328703,0.0536895566504617,0.013805885995833,1.2118499929675657,-0.2702326586907425,-4.321764387926732,-2.69,-94.14999999999999,-215.2,-10.76,0.0,0.07194247176720626,0.23980823922402086,-0.28776988706882506,0.0,0.23980823922402086,31,38,37,33,36,0,-13,-125,-7,38,12.9,12.9,12.8,12.8,12.700000000000001,-999.0,-999.0,-999.0,0.0,0.0,0.0
10.165157794952393,0.0,0.05829151864907277,0.036815695988888064,1.2149179676333062,-0.27458373258379015,-4.381122881154033,0.004601961998611,0.0598255059819431,0.009203923997222,1.2133839803004358,-0.2671646840250018,-4.2797023488503685,29.59,-56.49,-225.96,-2.69,0.0,0.07194247176720626,0.21582741530161878,-0.28776988706882506,0.0,0.21582741530161878,31,38,37,33,36,6,-13,-125,-7,38,12.9,12.9,12.8,12.8,12.700000000000001,-999.0,-999.0,-999.0,0.0,0.0,0.0
10.18114447593689,0.001533987332870336,0.06135949331481344,0.032213733990277056,1.2133839803004358,-0.2715157579180495,-4.3393047036322345,0.0061359493314813,0.0628934806476837,0.004601961998611,1.2133839803004358,-0.2640967093592611,-4.237468113546923,21.52,-69.94,-204.44,-5.38,-18.83,0.07194247176720626,0.21582741530161878,-0.28776988706882506,0.0,0.21582741530161878,31,38,37,33,36,12,50,-119,0,38,12.9,12.9,12.9,12.8,12.700000000000001,-999.0,-999.0,-999.0,0.0,0.0,0.0
10.197122573852539,0.001533987332870336,0.06596145531342446,0.026077784658795712,1.2149179676333062,-0.2684477832523088,-4.297314620920381,0.0076699366643516,0.0690294299791651,0.0015339873328703,1.2133839803004358,-0.2625627220263908,-4.2162863601997485,45.73,-96.84,-156.02,-10.76,-10.76,0.047961647844804174,0.21582741530161878,-0.28776988706882506,0.0,0.21582741530161878,31,38,37,33,36,18,-13,-100,0,25,12.9,12.9,12.9,12.8,12.700000000000001,-999.0,-999.0,-999.0,0.0,0.0,0.0
10.21311902999878,0.003067974665740672,0.06902942997916511,0.02300980999305504,1.2149179676333062,-0.2669137959194385,-4.276255050370419,0.0076699366643516,0.0736313919777761,-0.0030679746657406,1.2133839803004358,-0.2610287346935205,-4.195061484016847,-2.69,-142.57,-153.32999999999998,-8.07,-29.59,0.047961647844804174,0.21582741530161878,-0.28776988706882506,0.0,0.1918465913792167,31,38,37,33,36,12,-7,-100,0,19,12.9,12.9,13.100000000000001,12.8,12.8,-999.0,-999.0,-999.0,0.0,0.0,0.0
10.233091831207275,0.003067974665740672,0.07516537931064646,0.018407847994444032,1.2149179676333062,-0.2638458212536978,-4.234006724629889,0.0076699366643516,0.0766993666435168,-0.009203923997222,1.2133839803004358,-0.2594947473606501,-4.173793461194075,-5.38,-83.39,-215.2,-8.07,-18.83,0.023980823922402087,0.21582741530161878,-0.28776988706882506,0.0,0.1678657674568146,31,38,37,33,36,12,62,-107,0,19,13.0,12.9,12.9,12.8,12.8,-999.0,-999.0,-999.0,0.0,0.0,0.0
10.249098300933838,0.004601961998611008,0.07976734130925747,0.01533987332870336,1.2133839803004358,-0.26231183392082746,-4.212817920061264,0.0076699366643516,0.0797673413092574,-0.0122718986629626,1.2118499929675657,-0.2579607600277798,-4.152482268309953,-8.07,-145.26,-220.57999999999998,-16.14,-21.52,0.023980823922402087,0.21582741530161878,-0.263789063146423,0.0,0.14388494353441253,31,38,37,33,36,12,-7,-139,-13,19,13.0,12.9,12.9,12.8,12.8,-999.0,-999.0,-999.0,0.0,0.0,0.0
10.265093803405762,0.004601961998611008,0.08283531597499814,0.012271898662962688,1.2149179676333062,-0.2607778465879571,-4.1915859887376,0.0076699366643516,0.0843693033078684,-0.0168738606615736,1.2133839803004358,-0.2579607600277798,-4.152482268309953,0.0,-115.67,-239.41,10.76,-34.97,0.023980823922402087,0.23980823922402086,-0.23980823922402086,0.0,0.14388494353441253,31,38,37,33,36,6,-13,-139,18,13,13.0,13.0,12.9,12.8,12.700000000000001,-999.0,-999.0,-999.0,0.0,0.0,0.0
10.285094261169434,0.003067974665740672,0.08897126530647949,0.00766993666435168,1.2149179676333062,-0.2592438592550868,-4.170310906917173,0.0076699366643516,0.0874372779736091,-0.0199418353273143,1.2118499929675657,-0.2564267726949095,-4.131127882327994,0.0,-137.19,-234.03,-10.76,-8.07,0.023980823922402087,0.23980823922402086,-0.21582741530161878,0.0,0.11990411961201043,31,38,37,33,36,6,-13,-107,-7,13,13.0,12.9,12.9,12.8,12.8,-999.0,-999.0,-999.0,0.0,0.0,0.0
10.301098108291626,0.004601961998611008,0.09357322730509049,0.006135949331481344,1.2133839803004358,-0.25770987192221645,-4.148992651241322,0.0076699366643516,0.0920392399722201,-0.0245437973259253,1.2133839803004358,-0.2564267726949095,-4.131127882327994,0.0,-96.84,-282.45,-5.38,-13.45,0.023980823922402087,0.263789063146423,-0.21582741530161878,0.0,0.09592329568960835,31,38,37,31,36,6,43,-151,0,7,13.0,12.9,12.9,12.8,12.8,-999.0,-999.0,-999.0,0.0,0.0,0.0
10.317121267318726,0.006135949331481344,0.09664120197083118,0.001533987332870336,1.2133839803004358,-0.25770987192221645,-4.148992651241322,0.0076699366643516,0.0951072146379608,-0.0291457593245363,1.2133839803004358,-0.2564267726949095,-4.131127882327994,0.0,-121.05,-234.03,-5.38,0.0,0.023980823922402087,0.23980823922402086,-0.1918465913792167,0.0,0.07194247176720626,31,38,37,33,36,0,37,-113,0,7,13.0,12.9,12.9,12.8,12.8,-999.0,-999.0,-999.0,0.0,0.0,0.0
10.333126306533813,0.006135949331481344,0.09970917663657183,-0.001533987332870336,1.2149179676333062,-0.25770987192221645,-4.148992651241322,0.009203923997222,0.0997091766365718,-0.0337477213231473,1.2133839803004358,-0.2564267726949095,-4.131127882327994,-2.69,-129.12,-247.48,-8.07,2.69,0.023980823922402087,0.23980823922402086,-0.1918465913792167,0.0,0.047961647844804174,31,38,37,33,36,6,-19,-151,-7,7,13.0,12.9,12.9,12.8,12.8,-999.0,-999.0,-999.0,0.0,0.0,0.0
10.35307765007019,0.00766993666435168,0.10431113863518285,-0.00766993666435168,1.2149179676333062,-0.25770987192221645,-4.148992651241322,0.009203923997222,0.1027771513023125,-0.0383496833217584,1.2133839803004358,-0.2564267726949095,-4.131127882327994,-2.69,-78.01,-212.51,-5.38,2.69,0.023980823922402087,0.23980823922402086,-0.1918465913792167,0.0,0.023980823922402087,31,38,37,33,36,0,-7,-125,0,7,13.0,12.9,12.8,12.8,12.8,-999.0,-999.0,-999.0,0.0,0.0,0.0
10.369075298309326,0.00766993666435168,0.10737911330092352,-0.012271898662962688,1.2133839803004358,-0.2561758845893461,-4.127631198736732,0.009203923997222,0.1058451259680531,-0.041417657987499,1.2133839803004358,-0.2564267726949095,-4.131127882327994,-2.69,-91.46,-196.37,-5.38,2.69,0.023980823922402087,0.21582741530161878,-0.21582741530161878,0.0,0.0,31,38,37,33,36,0,-13,-113,0,7,12.9,12.9,12.9,12.8,12.8,-999.0,-999.0,-999.0,0.0,0.0,0.0
10.38507342338562,0.00766993666435168,0.11044708796666419,-0.016873860661573696,1.2149179676333062,-0.25770987192221645,-4.148992651241322,0.009203923997222,0.1104470879666641,-0.04601961998611,1.2149179676333062,-0.2548927853620391,-4.10973028059896,-2.69,-115.67,-199.06,-5.38,0.0,0.023980823922402087,0.21582741530161878,-0.23980823922402086,0.0,0.0,31,38,37,33,36,0,-19,-107,0,13,12.9,12.9,12.9,12.8,12.8,-999.0,-999.0,-999.0,0.0,0.0,0.0
10.401075839996338,0.00766993666435168,0.11351506263240486,-0.019941835327314368,1.2149179676333062,-0.2561758845893461,-4.127631198736732,0.009203923997222,0.1119810752995345,-0.0521555693175914,1.2164519549661763,-0.2564267726949095,-4.131127882327994,-2.69,-121.05,-234.03,0.0,0.0,0.023980823922402087,0.1918465913792167,-0.263789063146423,0.0,0.0,31,38,37,33,36,0,-19,-107,6,0,12.9,13.0,12.9,12.8,12.8,-999.0,-999.0,-999.0,0.0,0.0,0.0
10.421101808547974,0.006135949331481344,0.11658303729814554,-0.026077784658795712,1.2133839803004358,-0.2561758845893461,-4.127631198736732,0.009203923997222,0.1150490499652752,-0.0536895566504617,1.2164519549661763,-0.2564267726949095,-4.131127882327994,-2.69,-56.49,-212.51,0.0,0.0,0.0,0.1918465913792167,-0.263789063146423,0.0,0.0,31,38,37,33,36,6,-7,-100,6,0,12.9,12.9,12.9,12.8,12.8,-999.0,-999.0,-999.0,0.0,0.0,0.0
10.437140703201294,0.006135949331481344,0.12118499929675655,-0.029145759324536384,1.2133839803004358,-0.2561758845893461,-4.127631198736732,0.009203923997222,0.1181170246310158,-0.0567575313162024,1.2164519549661763,-0.2564267726949095,-4.131127882327994,-2.69,-104.91,-236.72,0.0,0.0,0.0,0.1678657674568146,-0.23980823922402086,0.0,0.0,31,38,37,33,36,6,-13,-100,0,0,12.9,12.9,12.9,12.8,12.8,-999.0,-999.0,-999.0,0.0,0.0,0.0
10.453119277954102,0.006135949331481344,0.12271898662962688,-0.03067974665740672,1.2133839803004358,-0.2561758845893461,-4.127631198736732,0.009203923997222,0.1211849992967565,-0.0598255059819431,1.2164519549661763,-0.2564267726949095,-4.131127882327994,-2.69,-121.05,-223.26999999999998,0.0,0.0,0.0,0.1678657674568146,-0.21582741530161878,0.0,0.0,31,38,37,33,36,6,-25,-94,0,0,12.9,12.9,12.8,12.8,12.8,-999.0,-999.0,-999.0,0.0,0.0,0.0
10.469110012054443,0.006135949331481344,0.12578696129536754,-0.03374772132314739,1.2149179676333062,-0.2561758845893461,-4.127631198736732,0.009203923997222,0.1242529739624972,-0.0613594933148134,1.2164519549661763,-0.2564267726949095,-4.131127882327994,-2.69,-177.54,-220.57999999999998,0.0,0.0,0.0,0.1678657674568146,-0.1918465913792167,0.0,0.0,31,38,37,33,36,6,-82,-94,6,0,12.9,13.0,12.9,12.8,12.8,-999.0,-999.0,-999.0,0.0,0.0,0.0
10.489104270935059,0.006135949331481344,0.13038892329397855,-0.036815695988888064,1.2133839803004358,-0.2561758845893461,-4.127631198736732,0.009203923997222,0.1273209486282379,-0.0628934806476837,1.2164519549661763,-0.2564267726949095,-4.131127882327994,-2.69,-51.11,-225.96,0.0,0.0,0.0,0.1678657674568146,-0.1678657674568146,0.0,0.0,31,38,38,33,36,6,43,-94,6,0,12.9,12.9,12.9,12.8,12.8,-999.0,-999.0,-999.0,0.0,0.0,0.0
10.505107402801514,0.006135949331481344,0.13345689795971924,-0.0383496833217584,1.2149179676333062,-0.2561758845893461,-4.127631198736732,0.009203923997222,0.1288549359611082,-0.0644274679805541,1.2164519549661763,-0.2564267726949095,-4.131127882327994,-2.69,-129.12,-225.96,0.0,0.0,0.0,0.1678657674568146,-0.14388494353441253,0.0,0.0,31,38,37,33,36,6,-25,-94,0,0,12.9,12.9,12.9,12.8,12.8,-999.0,-999.0,-999.0,0.0,0.0,0.0
10.521076440811157,0.006135949331481344,0.13499088529258957,-0.039883670654628736,1.2133839803004358,-0.2561758845893461,-4.127631198736732,0.009203923997222,0.1319229106268489,-0.0659614553134244,1.2164519549661763,-0.2564267726949095,-4.131127882327994,-2.69,-112.98,-220.57999999999998,0.0,0.0,0.0,0.1678657674568146,-0.14388494353441253,0.0,0.0,31,38,37,33,36,6,-25,-88,6,0,12.9,12.9,13.0,12.8,12.8,-999.0,-999.0,-999.0,0.0,0.0,0.0
10.537093877792358,0.006135949331481344,0.13805885995833023,-0.04141765798749907,1.2149179676333062,-0.2561758845893461,-4.127631198736732,0.009203923997222,0.1334568979597192,-0.0690294299791651,1.2164519549661763,-0.2564267726949095,-4.131127882327994,-2.69,-129.12,-215.2,0.0,0.0,0.0,0.1678657674568146,-0.11990411961201043,0.0,0.0,31,38,37,33,36,6,-25,-88,6,0,12.9,12.9,12.9,12.8,12.8,-999.0,-999.0,-999.0,0.0,0.0,0.0
10.557101249694824,0.006135949331481344,0.13959284729120058,-0.044485632653239744,1.2149179676333062,-0.2561758845893461,-4.127631198736732,0.009203923997222,0.1365248726254599,-0.0705634173120354,1.2164519549661763,-0.2548927853620391,-4.10973028059896,-2.69,-51.11,-228.65,0.0,2.69,0.0,0.14388494353441253,-0.11990411961201043,0.0,0.0,31,38,37,33,36,6,-13,-94,0,7,12.9,12.9,12.9,12.8,12.8,-999.0,-999.0,-999.0,0.0,0.0,0.0
10.577101469039917,0.006135949331481344,0.14266082195694124,-0.04601961998611008,1.2149179676333062,-0.2561758845893461,-4.127631198736732,0.009203923997222,0.1395928472912005,-0.0720974046449058,1.2164519549661763,-0.2564267726949095,-4.131127882327994,0.0,-115.67,-225.96,0.0,2.69,0.0,0.14388494353441253,-0.09592329568960835,0.0,0.0,31,38,37,33,36,6,-19,-94,6,0,12.9,12.9,12.9,12.8,12.8,-999.0,-999.0,-999.0,0.0,0.0,0.0
10.589102745056152,0.006135949331481344,0.14572879662268193,-0.05062158198472109,1.2133839803004358,-0.2561758845893461,-4.127631198736732,0.009203923997222,0.1395928472912005,-0.0736313919777761,1.2164519549661763,-0.2564267726949095,-4.131127882327994,0.0,-115.67,-177.54,0.0,2.69,0.0,0.14388494353441253,-0.09592329568960835,0.0,0.0,31,38,37,33,36,6,-25,-57,0,0,12.9,12.9,12.9,12.8,12.8,-999.0,-999.0,-999.0,0.0,0.0,0.0
10.605076551437378,0.006135949331481344,0.14572879662268193,-0.052155569317591424,1.2133839803004358,-0.2561758845893461,-4.127631198736732,0.009203923997222,0.1411268346240709,-0.0736313919777761,1.2164519549661763,-0.2564267726949095,-4.131127882327994,0.0,-102.22,-196.37,0.0,2.69,0.0,0.11990411961201043,-0.09592329568960835,0.0,0.0,31,37,37,33,36,6,-32,-82,6,0,12.9,12.9,12.9,12.8,12.8,-999.0,-999.0,-999.0,0.0,0.0,0.0
10.625118017196655,0.006135949331481344,0.14726278395555226,-0.05368955665046176,1.2133839803004358,-0.2561758845893461,-4.127631198736732,0.009203923997222,0.1426608219569412,-0.0751653793106464,1.2164519549661763,-0.2564267726949095,-4.131127882327994,-2.69,-99.53,-209.82,0.0,2.69,0.0,0.11990411961201043,-0.11990411961201043,0.0,0.0,31,37,37,33,36,6,-25,-82,6,0,12.9,12.9,13.0,12.8,12.8,-999.0,-999.0,-999.0,0.0,0.0,0.0
10.641149520874023,0.006135949331481344,0.14726278395555226,-0.05368955665046176,1.2133839803004358,-0.2561758845893461,-4.127631198736732,0.009203923997222,0.1441948092898116,-0.0766993666435168,1.2164519549661763,-0.2564267726949095,-4.131127882327994,0.0,-59.18,-287.83,0.0,2.69,0.0,0.09592329568960835,-0.09592329568960835,0.0,0.0,31,37,37,33,36,6,-19,-126,0,0,12.9,12.9,12.9,12.8,12.8,-999.0,-999.0,-999.0,0.0,0.0,0.0
10.65716290473938,0.006135949331481344,0.14879677128842259,-0.055223543983332096,1.2133839803004358,-0.2561758845893461,-4.127631198736732,0.0076699366643516,0.1457287966226819,-0.0766993666435168,1.2164519549661763,-0.2548927853620391,-4.10973028059896,-40.35,-112.98,-239.41,0.0,5.38,0.0,0.09592329568960835,-0.07194247176720626,0.0,0.0,31,38,37,33,36,0,-25,-88,0,7,12.9,12.9,12.9,12.8,12.8,-999.0,-999.0,-999.0,0.0,0.0,0.0
10.673076629638672,0.006135949331481344,0.15033075862129291,-0.05675753131620243,1.2133839803004358,-0.2561758845893461,-4.127631198736732,0.0076699366643516,0.1487967712884225,-0.0782333539763871,1.2164519549661763,-0.2564267726949095,-4.131127882327994,0.0,-110.28999999999999,-201.75,0.0,5.38,0.0,0.07194247176720626,-0.07194247176720626,0.0,0.0,31,38,37,33,36,0,-32,-82,0,7,12.9,12.9,12.9,12.8,12.8,-999.0,-999.0,-999.0,0.0,0.0,0.0
10.69707465171814,0.006135949331481344,0.1533987332870336,-0.05829151864907277,1.2133839803004358,-0.2561758845893461,-4.127631198736732,0.0061359493314813,0.1503307586212929,-0.0782333539763871,1.2164519549661763,-0.2564267726949095,-4.131127882327994,0.0,-99.53,-196.37,0.0,2.69,0.0,0.07194247176720626,-0.047961647844804174,0.0,0.0,31,38,37,33,36,-7,-19,-75,6,0,12.9,12.9,12.9,12.8,12.8,-999.0,-999.0,-999.0,0.0,0.0,0.0
10.71312689781189,0.006135949331481344,0.15493272061990393,-0.059825505981943104,1.2149179676333062,-0.2561758845893461,-4.127631198736732,0.0076699366643516,0.1503307586212929,-0.0797673413092574,1.2164519549661763,-0.2564267726949095,-4.131127882327994,0.0,-99.53,-217.89,0.0,2.69,0.0,0.09592329568960835,-0.047961647844804174,0.0,0.0,31,38,37,33,36,0,-25,-82,0,0,12.9,12.9,12.9,12.8,12.8,-999.0,-999.0,-999.0,0.0,0.0,0.0
10.725085496902466,0.006135949331481344,0.1564667079527743,-0.059825505981943104,1.2133839803004358,-0.2561758845893461,-4.127631198736732,0.0061359493314813,0.1533987332870336,-0.0797673413092574,1.2164519549661763,-0.2564267726949095,-4.131127882327994,-5.38,-102.22,-209.82,0.0,2.69,0.0,0.09592329568960835,-0.047961647844804174,0.0,0.0,31,38,37,33,36,-7,-25,-75,0,0,12.9,12.9,12.9,12.8,12.8,-999.0,-999.0,-999.0,0.0,0.0,0.0
10.745142698287964,0.006135949331481344,0.15953468261851494,-0.059825505981943104,1.2149179676333062,-0.2561758845893461,-4.127631198736732,0.0061359493314813,0.1549327206199039,-0.0797673413092574,1.2164519549661763,-0.2548927853620391,-4.10973028059896,0.0,-137.19,-225.96,0.0,2.69,0.0,0.09592329568960835,-0.047961647844804174,0.0,0.0,31,38,37,33,36,-7,-25,-75,0,7,12.9,12.9,12.9,12.8,12.8,-999.0,-999.0,-999.0,0.0,0.0,0.0
10.76107120513916,0.006135949331481344,0.16106866995138527,-0.059825505981943104,1.2133839803004358,-0.2561758845893461,-4.127631198736732,0.0061359493314813,0.1564667079527743,-0.0813013286421278,1.2164519549661763,-0.2564267726949095,-4.131127882327994,0.0,-80.7,-244.79,0.0,2.69,0.0,0.09592329568960835,-0.023980823922402087,0.0,0.0,31,38,37,33,36,-7,-19,-82,0,0,12.9,12.9,12.9,12.8,12.8,-999.0,-999.0,-999.0,0.0,0.0,0.0
10.777097940444946,0.004601961998611008,0.1626026572842556,-0.059825505981943104,1.2133839803004358,-0.2561758845893461,-4.127631198736732,0.0061359493314813,0.1580006952856446,-0.0813013286421278,1.2164519549661763,-0.2564267726949095,-4.131127882327994,0.0,-112.98,-236.72,0.0,2.69,0.0,0.09592329568960835,-0.023980823922402087,0.0,0.0,31,38,37,33,36,-7,-25,-82,6,0,12.9,12.9,12.9,12.8,12.8,-999.0,-999.0,-999.0,0.0,0.0,0.0
10.793071508407593,0.006135949331481344,0.16413664461712596,-0.059825505981943104,1.2133839803004358,-0.2561758845893461,-4.127631198736732,0.0061359493314813,0.1595346826185149,-0.0813013286421278,1.2164519549661763,-0.2548927853620391,-4.10973028059896,0.0,-126.42999999999999,-242.1,0.0,2.69,0.0,0.09592329568960835,0.0,0.0,0.0,31,37,37,33,36,0,-32,-82,6,7,12.9,12.9,12.9,12.8,12.8,-999.0,-999.0,-999.0,0.0,0.0,0.0
10.817161321640015,0.004601961998611008,0.16873860661573697,-0.06135949331481344,1.2149179676333062,-0.2561758845893461,-4.127631198736732,0.004601961998611,0.1610686699513852,-0.0828353159749981,1.2164519549661763,-0.2548927853620391,-4.10973028059896,21.52,-172.16,-247.48,0.0,5.38,0.0,0.11990411961201043,0.0,0.0,0.0,31,37,37,33,36,-13,-88,-82,0,7,12.9,12.9,12.9,12.8,12.8,-999.0,-999.0,-999.0,0.0,0.0,0.0
10.833108901977539,0.004601961998611008,0.16873860661573697,-0.06135949331481344,1.2133839803004358,-0.2561758845893461,-4.127631198736732,0.004601961998611,0.1626026572842556,-0.0828353159749981,1.2164519549661763,-0.2548927853620391,-4.10973028059896,21.52,-118.36,-244.79,0.0,5.38,0.0,0.09592329568960835,0.0,0.0,0.0,31,37,37,33,36,-7,-32,-82,0,7,12.9,12.9,12.9,12.8,12.8,-999.0,-999.0,-999.0,0.0,0.0,0.0
10.845110654830933,0.004601961998611008,0.1702725939486073,-0.06135949331481344,1.2133839803004358,-0.2561758845893461,-4.127631198736732,0.004601961998611,0.1641366446171259,-0.0843693033078684,1.2164519549661763,-0.2548927853620391,-4.10973028059896,0.0,-126.42999999999999,-247.48,0.0,5.38,0.0,0.09592329568960835,0.0,0.0,0.0,31,37,37,33,36,-7,-32,-88,6,7,12.9,12.9,12.9,12.8,12.8,-999.0,-999.0,-999.0,0.0,0.0,0.0
10.861158847808838,0.004601961998611008,0.17180658128147763,-0.06135949331481344,1.2149179676333062,-0.2561758845893461,-4.127631198736732,0.0030679746657406,0.1656706319499963,-0.0843693033078684,1.2164519549661763,-0.2548927853620391,-4.10973028059896,0.0,-137.19,-242.1,0.0,5.38,0.0,0.09592329568960835,0.0,0.0,0.0,31,38,37,33,36,-13,-38,-88,0,7,12.9,12.9,12.9,12.8,12.8,-999.0,-999.0,-999.0,0.0,0.0,0.0
10.881087064743042,0.003067974665740672,0.17334056861434796,-0.06289348064768377,1.2133839803004358,-0.2561758845893461,-4.127631198736732,0.0030679746657406,0.1672046192828666,-0.0859032906407388,1.2164519549661763,-0.2564267726949095,-4.131127882327994,10.76,-121.05,-234.03,0.0,2.69,0.0,0.09592329568960835,-0.023980823922402087,0.0,0.0,31,38,37,33,36,-7,-32,-88,0,0,12.9,13.0,12.9,12.8,12.8,-999.0,-999.0,-999.0,0.0,0.0,0.0
10.897109031677246,0.003067974665740672,0.1748745559472183,-0.06442746798055411,1.2133839803004358,-0.2561758845893461,-4.127631198736732,0.0030679746657406,0.1687386066157369,-0.0859032906407388,1.2164519549661763,-0.2548927853620391,-4.10973028059896,0.0,-115.67,-223.26999999999998,0.0,2.69,-0.023980823922402087,0.07194247176720626,-0.023980823922402087,0.0,0.0,31,38,37,33,36,-7,-32,-82,0,7,12.9,12.9,12.9,12.8,12.8,-999.0,-999.0,-999.0,0.0,0.0,0.0
10.917102575302124,0.001533987332870336,0.17794253061295898,-0.06442746798055411,1.2149179676333062,-0.2561758845893461,-4.127631198736732,0.0015339873328703,0.1702725939486073,-0.0859032906407388,1.2179859422990469,-0.2548927853620391,-4.10973028059896,5.38,-115.67,-223.26999999999998,21.52,5.38,-0.023980823922402087,0.07194247176720626,-0.023980823922402087,0.0,0.0,31,38,37,33,36,-7,-25,-82,12,7,12.9,12.9,12.9,12.8,12.8,-999.0,-999.0,-999.0,0.0,0.0,0.0
10.933103084564209,0.0,0.17794253061295898,-0.06596145531342446,1.2149179676333062,-0.2561758845893461,-4.127631198736732,0.0030679746657406,0.1718065812814776,-0.0874372779736091,1.2164519549661763,-0.2548927853620391,-4.10973028059896,0.0,-115.67,-209.82,-34.97,5.38,-0.023980823922402087,0.07194247176720626,-0.047961647844804174,0.0,0.0,31,38,37,33,36,0,-32,-82,-7,7,12.9,12.9,12.9,12.8,12.700000000000001,-999.0,-999.0,-999.0,0.0,0.0,0.0
10.94911003112793,0.0,0.1794765179458293,-0.06596145531342446,1.2164519549661765,-0.2561758845893461,-4.127631198736732,0.0030679746657406,0.1718065812814776,-0.0889712653064794,1.2164519549661763,-0.2564267726949095,-4.131127882327994,0.0,-134.5,-228.65,-10.76,2.69,-0.023980823922402087,0.07194247176720626,-0.047961647844804174,0.0,0.0,31,38,37,33,35,6,-38,-88,-7,0,12.9,12.9,12.9,12.8,12.8,-999.0,-999.0,-999.0,0.0,0.0,0.0
10.965105056762695,0.0,0.1794765179458293,-0.06749544264629478,1.2164519549661765,-0.2561758845893461,-4.127631198736732,0.0030679746657406,0.1718065812814776,-0.0905052526393498,1.2164519549661763,-0.2548927853620391,-4.10973028059896,0.0,-110.28999999999999,-242.1,-10.76,2.69,-0.023980823922402087,0.07194247176720626,-0.047961647844804174,0.023980823922402087,0.0,31,38,37,33,35,6,-38,-88,0,7,12.9,12.9,12.9,12.8,12.8,-999.0,-999.0,-999.0,0.0,0.0,0.0
10.981103658676147,0.0,0.18101050527869966,-0.06902942997916511,1.2164519549661765,-0.2561758845893461,-4.127631198736732,0.0030679746657406,0.1718065812814776,-0.0920392399722201,1.2179859422990469,-0.2564267726949095,-4.131127882327994,0.0,-121.05,-252.85999999999999,-10.76,5.38,-0.023980823922402087,0.047961647844804174,-0.047961647844804174,0.023980823922402087,0.0,31,38,37,33,36,6,-38,-88,6,0,12.9,12.9,12.9,12.8,12.8,-999.0,-999.0,-999.0,0.0,0.0,0.0
10.997160196304321,-0.001533987332870336,0.18101050527869966,-0.06902942997916511,1.2164519549661765,-0.2561758845893461,-4.127631198736732,0.0030679746657406,0.1718065812814776,-0.0935732273050904,1.2179859422990469,-0.2564267726949095,-4.131127882327994,0.0,-123.74,-252.85999999999999,-8.07,2.69,-0.023980823922402087,0.023980823922402087,-0.047961647844804174,0.0,0.0,31,38,37,33,36,12,-38,-88,6,0,12.9,12.9,12.700000000000001,12.8,12.8,-999.0,-999.0,-999.0,0.0,0.0,0.0
11.017068862915039,0.0,0.1794765179458293,-0.07056341731203546,1.2164519549661765,-0.2561758845893461,-4.127631198736732,0.0030679746657406,0.1733405686143479,-0.0951072146379608,1.2179859422990469,-0.2548927853620391,-4.10973028059896,0.0,-83.39,-258.24,-5.38,2.69,-0.023980823922402087,0.023980823922402087,-0.047961647844804174,0.0,0.0,31,37,37,33,36,12,-38,-100,6,7,12.9,12.9,12.9,12.8,12.8,-999.0,-999.0,-999.0,0.0,0.0,0.0
11.03313136100769,0.0,0.18101050527869966,-0.0720974046449058,1.2164519549661765,-0.2561758845893461,-4.127631198736732,0.0030679746657406,0.1748745559472183,-0.0951072146379608,1.2164519549661763,-0.2564267726949095,-4.131127882327994,-5.38,-86.08,-228.65,-18.83,2.69,-0.023980823922402087,0.023980823922402087,-0.047961647844804174,0.0,0.0,31,37,37,33,36,6,-32,-88,-7,0,12.9,12.9,12.9,12.8,12.8,-999.0,-999.0,-999.0,0.0,0.0,0.0
11.049079895019531,0.0,0.18101050527869966,-0.07363139197777613,1.2164519549661765,-0.2561758845893461,-4.127631198736732,0.0015339873328703,0.1748745559472183,-0.0966412019708311,1.2164519549661763,-0.2548927853620391,-4.10973028059896,-26.9,-91.46,-209.82,-10.76,2.69,0.0,0.0,-0.047961647844804174,0.0,0.0,31,37,37,33,36,0,-32,-88,-7,7,12.9,12.9,12.9,12.8,12.8,-999.0,-999.0,-999.0,0.0,0.0,0.0
11.065152406692505,0.0,0.18101050527869966,-0.07516537931064646,1.2164519549661765,-0.2561758845893461,-4.127631198736732,0.0015339873328703,0.1748745559472183,-0.0981751893037015,1.2179859422990469,-0.2564267726949095,-4.131127882327994,-2.69,-78.01,-190.99,-10.76,5.38,0.0,0.0,-0.07194247176720626,0.0,0.0,31,37,37,33,36,6,-32,-82,-7,0,12.9,12.9,12.9,12.8,12.8,-999.0,-999.0,-999.0,0.0,0.0,0.0
11.08510422706604,0.0,0.18101050527869966,-0.0766993666435168,1.2164519549661765,-0.2561758845893461,-4.127631198736732,0.0015339873328703,0.1748745559472183,-0.0981751893037015,1.2179859422990469,-0.2564267726949095,-4.131127882327994,-2.69,-91.46,-212.51,0.0,2.69,0.0,0.0,-0.07194247176720626,0.0,0.0,31,37,37,33,36,0,-32,-88,6,0,12.9,13.0,12.9,12.8,12.8,-999.0,-999.0,-999.0,0.0,0.0,0.0
11.10106611251831,0.0,0.18101050527869966,-0.07823335397638714,1.2164519549661765,-0.2561758845893461,-4.127631198736732,0.0,0.1748745559472183,-0.1012431639694421,1.2179859422990469,-0.2548927853620391,-4.10973028059896,-2.69,-83.39,-217.89,0.0,2.69,0.0,0.0,-0.07194247176720626,0.0,0.0,31,37,37,33,36,0,-32,-88,6,7,12.9,12.9,12.9,12.8,12.8,-999.0,-999.0,-999.0,0.0,0.0,0.0
11.117111206054688,0.0,0.18101050527869966,-0.07976734130925747,1.2164519549661765,-0.2561758845893461,-4.127631198736732,0.0,0.1748745559472183,-0.1012431639694421,1.2179859422990469,-0.2548927853620391,-4.10973028059896,-2.69,-91.46,-231.34,0.0,2.69,0.0,0.0,-0.07194247176720626,0.0,0.0,31,37,37,33,35,0,-38,-82,6,7,12.9,12.8,12.8,12.8,12.8,-999.0,-999.0,-999.0,0.0,0.0,0.0
11.133104801177979,0.0,0.18254449261157,-0.07976734130925747,1.2164519549661765,-0.2561758845893461,-4.127631198736732,-0.0015339873328703,0.1764085432800886,-0.1043111386351828,1.2179859422990469,-0.2548927853620391,-4.10973028059896,-2.69,-80.7,-242.1,0.0,5.38,0.0,0.0,-0.07194247176720626,0.0,0.0,31,37,37,33,35,0,-32,-82,6,7,12.9,12.9,12.9,12.8,12.8,-999.0,-999.0,-999.0,0.0,0.0,0.0
11.153105974197388,0.0,0.18254449261157,-0.0813013286421278,1.2164519549661765,-0.2561758845893461,-4.127631198736732,0.0,0.1764085432800886,-0.1058451259680531,1.2179859422990469,-0.2564267726949095,-4.131127882327994,-2.69,-107.6,-242.1,-5.38,2.69,0.0,0.0,-0.047961647844804174,0.0,0.0,31,38,37,33,36,0,-32,-94,6,0,12.9,12.9,12.9,12.8,12.8,-999.0,-999.0,-999.0,0.0,0.0,0.0
11.169159889221191,0.0,0.18407847994444032,-0.08283531597499814,1.2164519549661765,-0.2561758845893461,-4.127631198736732,0.0,0.1764085432800886,-0.1073791133009235,1.2179859422990469,-0.2564267726949095,-4.131127882327994,-2.69,-99.53,-201.75,0.0,2.69,0.0,0.0,-0.047961647844804174,0.0,0.0,31,38,38,33,36,6,-32,-94,6,0,12.9,13.0,12.9,12.8,12.8,-999.0,-999.0,-999.0,0.0,0.0,0.0
11.185076713562012,0.0,0.18407847994444032,-0.08590329064073882,1.2164519549661765,-0.2561758845893461,-4.127631198736732,-0.0015339873328703,0.1779425306129589,-0.1073791133009235,1.2179859422990469,-0.2548927853620391,-4.10973028059896,-2.69,-53.8,-185.60999999999999,0.0,2.69,0.0,0.0,-0.07194247176720626,0.0,0.0,31,38,38,33,36,0,-32,-82,6,7,12.9,13.0,12.9,12.8,12.8,-999.0,-999.0,-999.0,0.0,0.0,0.0
