# https://github.com/mikedh/trimesh
v -0.64880681 -0.37279972 -0.45768592
v -0.64874685 -0.37283972 -0.46159595
v -0.64874685 -0.37283972 -0.45768592
v -0.64874685 -0.37283972 -0.36002594
v -0.64880681 -0.39238971 -0.09049594
v -0.64882684 -0.39236972 -0.08659594
v -0.64882684 -0.39236972 -0.09049594
v -0.68954182 0.22388288 -0.40755957
v -0.64880681 -0.37279972 -0.30924594
v -0.64874685 -0.37283972 -0.31315592
v -0.64874685 -0.37283972 -0.30924594
v -0.62537682 -0.40092972 0.02424094
v -0.52257645 0.06848048 -0.99391431
v -0.64880681 -0.37279972 -0.41471592
v -0.64880681 -0.37279972 -0.41862595
v -0.64874685 -0.37283972 -0.41862595
v -0.66717058 -0.23066150 -0.84915531
v -0.46538961 -0.42529047 -0.88305771
v -0.65583819 -0.20729628 -0.87295067
v -0.66443682 -0.16190974 -0.85615593
v -0.66443682 -0.16580974 -0.85616595
v -0.66444683 -0.16190974 -0.85612595
v -0.66444683 -0.16580974 -0.85612595
v -0.68005675 -0.17752834 -0.70768601
v -0.64882684 -0.39236972 -0.00455594
v -0.64880681 -0.37279972 -0.36784595
v -0.64880681 -0.37279972 -0.37174594
v -0.64874685 -0.37283972 -0.37174594
v -0.66927379 -0.35581967 -0.26139465
v -0.64880681 -0.39238971 -0.01237594
v -0.67027533 -0.35490495 -0.29572734
v -0.66443682 -0.15799972 -0.85614598
v -0.65662682 -0.38590974 0.04230406
v -0.66794091 -0.35717893 -0.19011550
v -0.64882684 -0.39236972 -0.08268594
v -0.64880681 -0.39238971 -0.08659594
v -0.64880681 -0.39238971 -0.08268594
v -0.64880681 -0.37279972 -0.25065592
v -0.64874685 -0.37283972 -0.25455594
v -0.64874685 -0.37283972 -0.25065592
v -0.66445684 -0.17361975 -0.85612595
v -0.36365679 -0.09158973 0.22975406
v -0.36365679 -0.09549974 0.22975406
v -0.64882684 -0.39236972 0.01105406
v -0.64882684 -0.39236972 0.00715406
v -0.68007684 0.27949026 -0.25846592
v -0.68007684 0.27949026 -0.26237595
v -0.64874685 -0.37283972 -0.32096592
v -0.63025928 -0.39933974 -0.03661949
v -0.64874685 -0.37283972 -0.29362595
v -0.64880681 -0.37279972 -0.36393592
v -0.68007684 0.27949026 -0.42643592
v -0.68007684 0.27949026 -0.42252594
v -0.68005681 0.27959028 -0.42643592
v -0.63816756 -0.37772781 -0.50727010
v -0.64880681 -0.39238971 -0.06705594
v -0.64880681 -0.39238971 -0.03971594
v -0.64880681 -0.39238971 -0.04362594
v -0.64882684 -0.39236972 -0.03971594
v -0.62629616 -0.38121435 -0.34099767
v -0.64880681 -0.37279972 -0.46549594
v -0.64880681 -0.37279972 -0.46940592
v -0.64874685 -0.37283972 -0.46940592
v -0.36365679 -0.25174972 0.22975406
v -0.64874685 -0.37283972 -0.25846592
v -0.64882684 -0.39236972 -0.01237594
v -0.66230106 -0.38112685 -0.02939443
v -0.64882684 -0.39236972 -0.01627594
v -0.64882684 -0.39236972 0.00325406
v -0.64880681 -0.37279972 -0.43424594
v -0.64874685 -0.37283972 -0.43815592
v -0.64874685 -0.37283972 -0.43424594
v -0.68005681 0.27959028 -0.44205594
v -0.68005681 0.27959028 -0.44596592
v -0.36365679 -0.11502974 0.22975406
v -0.64882684 -0.39236972 -0.03580594
v -0.64880681 -0.39238971 -0.03580594
v -0.64880681 -0.37279972 -0.37955594
v -0.64874685 -0.37283972 -0.38346592
v -0.64874685 -0.37283972 -0.37955594
v -0.68005681 0.27959028 -0.23502594
v -0.68007684 0.27949026 -0.23112594
v -0.68005681 0.27959028 -0.23112594
v -0.12927681 -0.08768974 0.70632404
v -0.68005681 0.27959028 -0.25065592
v -0.68005681 0.27959028 -0.24674593
v -0.64880681 -0.37279972 -0.34440592
v -0.64880681 -0.37279972 -0.34830594
v -0.64874685 -0.37283972 -0.34830594
v -0.64882684 -0.39236972 -0.00846594
v -0.68005681 0.27959028 -0.40690592
v -0.68005681 0.27959028 -0.41080594
v -0.68007684 0.27949026 -0.34049594
v -0.68728518 0.23715197 -0.32953432
v -0.63937932 -0.37727880 -0.41974869
v -0.68007684 0.27949026 -0.40690592
v -0.68007684 0.27949026 -0.40299594
v -0.68005681 0.27959028 -0.32096592
v -0.68005681 0.27959028 -0.31705594
v -0.68007684 0.27949026 -0.33268592
v -0.68007684 0.27949026 -0.33659595
v -0.68007684 0.27949026 -0.28971592
v -0.68007684 0.27949026 -0.29362595
v -0.68005681 0.27959028 -0.40299594
v -0.68007684 0.27949026 -0.39909595
v -0.68005681 0.27959028 -0.39909595
v -0.41443679 -0.20486975 0.22975406
v -0.66443682 -0.16971973 -0.85617596
v -0.68007684 0.27949026 -0.45377594
v -0.68005681 0.27959028 -0.45377594
v -0.68005681 0.27959028 -0.45768592
v -0.66443682 -0.21268974 -0.85628593
v -0.36365679 -0.03690974 0.22975406
v -0.36365679 -0.04080974 0.22975406
v -0.36373678 0.04512026 0.22980407
v -0.36373678 0.04902026 0.22980407
v -0.21521679 -0.38451973 -0.57096595
v -0.21521679 -0.38451973 -0.56705594
v -0.64882684 -0.39236972 0.02668406
v -0.64882684 -0.39236972 0.02277406
v -0.64874685 -0.37283972 -0.36784595
v -0.68007684 0.27949026 -0.36002594
v -0.68005681 0.27959028 -0.36002594
v -0.68005681 0.27959028 -0.36393592
v -0.68007684 0.27949026 -0.44987595
v -0.68005681 0.27959028 -0.44987595
v -0.68007684 0.27949026 -0.35612595
v -0.68005681 0.27959028 -0.29752594
v -0.68005681 0.27959028 -0.29362595
v -0.68005681 0.27959028 -0.24284594
v -0.68007684 0.27949026 -0.24284594
v -0.68007684 0.27949026 -0.23893593
v -0.68005681 0.27959028 -0.26627594
v -0.68005681 0.27959028 -0.26237595
v -0.66867226 0.34584120 -0.27660489
v -0.68006635 0.27954206 -0.21497691
v -0.68007684 0.27949026 -0.43815592
v -0.68007684 0.27949026 -0.44205594
v -0.68007684 0.27949026 -0.35221592
v -0.68005681 0.27959028 -0.35612595
v -0.68007684 0.27949026 -0.26627594
v -0.68007684 0.27949026 -0.28190592
v -0.68005681 0.27959028 -0.28190592
v -0.68005681 0.27959028 -0.28580594
v -0.68007684 0.27949026 -0.36393592
v -0.68007684 0.27949026 -0.46159595
v -0.68005681 0.27959028 -0.46159595
v -0.68005681 0.27959028 -0.46549594
v -0.68007684 0.27949026 -0.37174594
v -0.68005681 0.27959028 -0.43034595
v -0.68005681 0.27959028 -0.36784595
v -0.68316412 0.26135105 -0.23019730
v -0.68005681 0.27959028 -0.33659595
v -0.68005681 0.27959028 -0.33268592
v -0.68005681 0.27959028 -0.27018592
v -0.68007684 0.27949026 -0.30143592
v -0.68007684 0.27949026 -0.29752594
v -0.68005681 0.27959028 -0.30143592
v -0.68007684 0.27949026 -0.34440592
v -0.68007684 0.27949026 -0.28580594
v -0.68007684 0.27949026 -0.27799594
v -0.64880681 -0.37279972 -0.27799594
v -0.64874685 -0.37283972 -0.28190592
v -0.64874685 -0.37283972 -0.27799594
v -0.64490682 -0.39456972 -0.09074219
v -0.68007684 0.27949026 -0.22721593
v -0.64874685 -0.37283972 -0.33659595
v -0.68007684 0.27949026 -0.45768592
v -0.64880681 -0.37279972 -0.30534595
v -0.64880681 -0.37279972 -0.30143592
v -0.68007684 0.27949026 -0.34830594
v -0.68005681 0.27959028 -0.34830594
v -0.68005681 0.27959028 -0.23893593
v -0.68005681 0.27959028 -0.34440592
v -0.67613780 0.30265486 -0.33619463
v -0.68612993 0.24393480 -0.27571082
v -0.64874685 -0.37283972 -0.34049594
v -0.68005681 0.27959028 -0.30534595
v -0.68007684 0.27949026 -0.30534595
v -0.68007684 0.27949026 -0.23502594
v -0.64880681 -0.37279972 -0.34049594
v -0.64874685 -0.37283972 -0.34440592
v -0.68005681 0.27959028 -0.27799594
v -0.68007684 0.27949026 -0.27409595
v -0.68005681 0.27959028 -0.27409595
v -0.64882684 -0.39236972 -0.04362594
v -0.64882684 -0.39236972 -0.04752594
v -0.64880681 -0.39238971 -0.04752594
v -0.64874685 -0.37283972 -0.30534595
v -0.66857255 -0.35631257 -0.47634491
v -0.66859078 0.34624177 -0.38561055
v -0.68007684 0.27949026 -0.43034595
v -0.68007684 0.27949026 -0.43424594
v -0.64874685 -0.37283972 -0.43034595
v -0.68007684 0.27949026 -0.41080594
v -0.68007684 0.27949026 -0.41471592
v -0.68005681 0.27959028 -0.32877594
v -0.68007684 0.27949026 -0.32487595
v -0.68005681 0.27959028 -0.32487595
v -0.66821611 -0.35683158 -0.36463779
v -0.68005681 0.27959028 -0.25846592
v -0.68007684 0.27949026 -0.25455594
v -0.64882684 -0.39236972 -0.03190594
v -0.66446680 -0.18533973 -0.85612595
v -0.66443682 -0.18924972 -0.85622597
v -0.66447681 -0.18924972 -0.85612595
v -0.66443682 -0.17361975 -0.85618597
v -0.66445684 -0.16971973 -0.85612595
v -0.68005681 0.27959028 -0.22721593
v -0.68005681 0.27959028 -0.22330594
v -0.68006676 0.27954042 -0.46596861
v -0.68719840 0.23783450 -0.47012338
v -0.68005681 0.27959028 -0.37174594
v -0.64882684 -0.39236972 -0.05924594
v -0.64882684 -0.39236972 -0.06315593
v -0.66861892 -0.35643464 -0.35415098
v -0.65860134 -0.38420174 0.02111065
v -0.67224681 -0.11111974 -0.82499593
v -0.67224681 -0.10721973 -0.82499593
v -0.68005681 0.27959028 -0.30924594
v -0.68007684 0.27949026 -0.30924594
v -0.67225683 -0.07596973 -0.82487595
v -0.67225683 -0.07205974 -0.82487595
v -0.64880681 -0.37279972 -0.44987595
v -0.64880681 -0.37279972 -0.45377594
v -0.64874685 -0.37283972 -0.45377594
v -0.64874685 -0.37283972 -0.39909595
v -0.64487141 -0.37497726 -0.38970539
v -0.64874685 -0.37283972 -0.39518592
v -0.68007684 0.27949026 -0.24674593
v -0.64880681 -0.37279972 -0.35612595
v -0.64880681 -0.37279972 -0.36002594
v -0.64874685 -0.37283972 -0.42252594
v -0.64874685 -0.37283972 -0.40690592
v -0.64880681 -0.37279972 -0.46159595
v -0.64880681 -0.39238971 0.01886406
v -0.64882684 -0.39236972 -0.00065594
v -0.64880681 -0.39238971 -0.09440593
v -0.64880681 -0.37279972 -0.23112594
v -0.64880681 -0.37279972 -0.23502594
v -0.64874685 -0.37283972 -0.23502594
v -0.67224681 -0.07596973 -0.82499593
v -0.67224681 -0.07986974 -0.82499593
v -0.64880681 -0.39238971 -0.07487594
v -0.64880681 -0.37279972 -0.21940593
v -0.64875829 -0.37284732 -0.21814713
v -0.67225683 -0.09158973 -0.82487595
v -0.66242874 -0.16785079 -0.86078441
v -0.64880681 -0.37279972 -0.29362595
v -0.66443682 -0.15408973 -0.85613596
v -0.66443682 -0.15408973 -0.85612595
v -0.24054322 -0.39808452 -0.02216641
v -0.65662682 -0.38590974 0.03840406
v -0.64880681 -0.37279972 -0.42643592
v -0.64880681 -0.37279972 -0.35221592
v -0.64874685 -0.37283972 -0.35612595
v -0.64874685 -0.37283972 -0.35221592
v -0.64882684 -0.39236972 -0.05534594
v -0.64882684 -0.39236972 -0.05143594
v -0.64880681 -0.39238971 -0.00455594
v -0.64874685 -0.37283972 -0.23112594
v -0.64874685 -0.37283972 -0.22330594
v -0.67224681 -0.10330974 -0.82499593
v -0.67225683 -0.10330974 -0.82487595
v -0.67225683 -0.09940974 -0.82487595
v -0.64880681 -0.37279972 -0.47721592
v -0.64880681 -0.37279972 -0.47330594
v -0.64874685 -0.37283972 -0.47721592
v -0.64880681 -0.39238971 -0.00846594
v -0.64882684 -0.39236972 -0.07877594
v -0.64874685 -0.37283972 -0.28580594
v -0.66443682 -0.20877974 -0.85627598
v -0.64880681 -0.39238971 -0.05534594
v -0.64880681 -0.39238971 -0.01627594
v -0.64880681 -0.39238971 0.01496406
v -0.64880681 -0.39238971 0.01105406
v -0.64882684 -0.39236972 0.01496406
v -0.64880681 -0.37279972 -0.41080594
v -0.64874685 -0.37283972 -0.41471592
v -0.64874685 -0.37283972 -0.41080594
v -0.64880681 -0.39238971 -0.02018594
v -0.64882684 -0.39236972 -0.02018594
v -0.64880681 -0.39238971 0.03449406
v -0.64880681 -0.39238971 0.03058406
v -0.64882684 -0.39236972 0.03449406
v -0.64880681 -0.39238971 -0.06315593
v -0.64880681 -0.39238971 -0.02409594
v -0.64880681 -0.39238971 -0.02799594
v -0.64882684 -0.39236972 -0.02409594
v -0.65800250 -0.38457108 0.04455583
v -0.64882684 -0.39236972 0.03058406
v -0.64880681 -0.39238971 0.02668406
v -0.64880657 -0.39238906 0.03840393
v -0.64882684 -0.39236972 0.03840406
v -0.64874685 -0.37283972 -0.48112595
v -0.64882684 -0.39236972 0.01886406
v -0.64880681 -0.37279972 -0.43815592
v -0.64880681 -0.37279972 -0.44205594
v -0.64874685 -0.37283972 -0.44205594
v -0.66443682 -0.20096973 -0.85625595
v -0.66443682 -0.19705974 -0.85624593
v -0.64874685 -0.37283972 -0.46549594
v -0.64880681 -0.37279972 -0.48112595
v -0.64874685 -0.37283972 -0.48502594
v -0.67230177 -0.36054268 -0.56397283
v -0.64880681 -0.37279972 -0.39909595
v -0.64880681 -0.37279972 -0.40299594
v -0.64874685 -0.37283972 -0.40299594
v -0.66464323 -0.35984522 -0.42848611
v -0.64874685 -0.37283972 -0.27409595
v -0.64880681 -0.37279972 -0.28971592
v -0.64880681 -0.37279972 -0.28580594
v -0.64874685 -0.37283972 -0.28971592
v -0.64880681 -0.39238971 -0.03190594
v -0.64874685 -0.37283972 -0.47330594
v -0.64880681 -0.39238971 0.00325406
v -0.64880681 -0.39238971 -0.00065594
v -0.68005681 -0.17423972 -0.71159595
v -0.66757685 -0.20096973 -0.84830594
v -0.66859323 -0.17855337 -0.84531385
v -0.64880681 -0.37279972 -0.25846592
v -0.64880681 -0.37279972 -0.25455594
v -0.64880681 -0.37279972 -0.24284594
v -0.64880681 -0.37279972 -0.23893593
v -0.66443682 -0.15018974 -0.85612595
v -0.66447681 -0.19315974 -0.85612595
v -0.66447681 -0.19705974 -0.85612595
v -0.67224681 -0.07205974 -0.82499593
v -0.64874685 -0.37283972 -0.23893593
v -0.64880681 -0.37279972 -0.29752594
v -0.64874685 -0.37283972 -0.30143592
v -0.64874685 -0.37283972 -0.29752594
v -0.64880681 -0.37279972 -0.32487595
v -0.64880681 -0.37279972 -0.32877594
v -0.64874685 -0.37283972 -0.32877594
v -0.64874685 -0.37283972 -0.31705594
v -0.64880681 -0.39238971 -0.07877594
v -0.66882485 -0.37224677 -0.12099707
v -0.64880681 -0.37279972 -0.38346592
v -0.64874685 -0.37283972 -0.38737595
v -0.64882684 -0.39236972 -0.02799594
v -0.66443682 -0.18533973 -0.85621595
v -0.66446680 -0.18143974 -0.85612595
v -0.66443682 -0.18143974 -0.85620594
v -0.65879691 -0.36498076 -0.45663336
v -0.67224681 -0.08768974 -0.82499593
v -0.67224681 -0.08377974 -0.82499593
v -0.66443682 -0.20486975 -0.85626596
v -0.66448683 -0.20486975 -0.85612595
v -0.64880681 -0.37279972 -0.22330594
v -0.66443682 -0.19315974 -0.85623598
v -0.68005681 -0.17751972 -0.70768595
v -0.67265517 -0.12610961 -0.82087880
v -0.67950684 -0.17752974 -0.71159595
v -0.64874685 -0.37283972 -0.44596592
v -0.64880681 -0.37279972 -0.43034595
v -0.64874685 -0.37283972 -0.37565592
v -0.64882684 -0.39236972 -0.07096594
v -0.64882684 -0.39236972 -0.07487594
v -0.64874685 -0.37283972 -0.32487595
v -0.64880681 -0.39238971 -0.05143594
v -0.68007684 0.27949026 -0.41862595
v -0.66449684 -0.20877974 -0.85612595
v -0.64880681 -0.39238971 -0.05924594
v -0.64880681 -0.37279972 -0.33659595
v -0.64880681 -0.37279972 -0.33268592
v -0.66448683 -0.20096973 -0.85612595
v -0.66443682 -0.17752974 -0.85619593
v -0.66446680 -0.17752974 -0.85612595
v -0.64489561 -0.37496418 -0.46688256
v -0.64880681 -0.37279972 -0.40690592
v -0.62739295 -0.38106626 -0.24762933
v -0.68005681 0.27959028 -0.42252594
v -0.64880681 -0.37279972 -0.39518592
v -0.64880681 -0.39238971 0.02277406
v -0.66444683 -0.15799972 -0.85612595
v -0.64880681 -0.37279972 -0.44596592
v -0.64882684 -0.39236972 -0.06705594
v -0.65353680 -0.38846973 -0.06608344
v -0.67224681 -0.04861974 -0.82499593
v -0.67225683 -0.04861974 -0.82487595
v -0.67225683 -0.04471974 -0.82487595
v -0.66843224 -0.12564231 -0.84387958
v -0.67224681 -0.09158973 -0.82499593
v -0.67225683 -0.08768974 -0.82487595
v -0.68071759 -0.18488836 -0.69387466
v -0.67514777 -0.19014692 -0.72725785
v -0.64874685 -0.37283972 -0.24284594
v -0.64874685 -0.37283972 -0.24674593
v -0.64880681 -0.39238971 0.00715406
v -0.67225683 -0.07986974 -0.82487595
v -0.64880681 -0.39238971 -0.07096594
v -0.67224681 -0.05252974 -0.82499593
v -0.18396679 0.03730026 0.66339403
v -0.18396679 0.04121026 0.66339403
v -0.18395680 0.03730026 0.66340405
v -0.67225683 -0.10721973 -0.82487595
v -0.67029494 -0.20114534 -0.74817032
v -0.70938468 0.09521752 -0.56078458
v -0.64880681 -0.37279972 -0.26237595
v -0.67224681 -0.09549974 -0.82499593
v -0.67224681 -0.00955974 -0.82499593
v -0.67225683 -0.08377974 -0.82487595
v -0.67224681 -0.09940974 -0.82499593
v -0.67224681 -0.06815974 -0.82499593
v -0.67225683 -0.06815974 -0.82487595
v -0.67225683 -0.06424974 -0.82487595
v -0.67026210 -0.06028391 -0.84120661
v -0.67225683 -0.05252974 -0.82487595
v -0.64874685 -0.37283972 -0.33268592
v -0.64880681 -0.37279972 -0.42252594
v -0.64874685 -0.37283972 -0.42643592
v -0.67224681 -0.06424974 -0.82499593
v -0.67225683 -0.09549974 -0.82487595
v -0.68005681 0.27959028 -0.41862595
v -0.67224681 -0.04080974 -0.82499593
v -0.67225683 -0.02127974 -0.82487595
v -0.67224681 -0.05643974 -0.82499593
v -0.64779800 -0.08332681 0.21659636
v -0.67225683 -0.00955974 -0.82487595
v -0.67225683 -0.00565974 -0.82487595
v -0.67224681 -0.04471974 -0.82499593
v -0.67224681 -0.06033974 -0.82499593
v -0.67225683 -0.05643974 -0.82487595
v -0.67225683 -0.06033974 -0.82487595
v -0.67225683 -0.04080974 -0.82487595
v -0.67225683 -0.03690974 -0.82487595
v -0.64880681 -0.37279972 -0.31315592
v -0.67224681 -0.02908974 -0.82499593
v -0.67225683 -0.02908974 -0.82487595
v -0.67225683 -0.02518974 -0.82487595
v -0.67224681 -0.01736974 -0.82499593
v -0.67224681 -0.02127974 -0.82499593
v -0.67225683 -0.01736974 -0.82487595
v -0.67224681 -0.01346974 -0.82499593
v -0.67224681 -0.03299974 -0.82499593
v -0.67225683 -0.03299974 -0.82487595
v -0.67224681 -0.03690974 -0.82499593
v -0.64874685 -0.37283972 -0.36393592
v -0.67224681 0.01387026 -0.82499593
v -0.67224681 0.01777026 -0.82499593
v -0.67224681 -0.02518974 -0.82499593
v -0.67225683 -0.01346974 -0.82487595
v -0.67224681 -0.00565974 -0.82499593
v -0.67225683 0.01387026 -0.82487595
v -0.67225683 0.01777026 -0.82487595
v -0.67037940 -0.00565534 -0.84067446
v -0.67224681 0.00605026 -0.82499593
v -0.67224681 0.00215026 -0.82499593
v -0.67225683 0.00605026 -0.82487595
v -0.68007684 0.27949026 -0.21549594
v -0.68007684 0.27949026 -0.21940593
v -0.67224681 0.00996026 -0.82499593
v -0.67225683 0.00996026 -0.82487595
v -0.67224681 -0.00175974 -0.82499593
v -0.67225683 -0.00175974 -0.82487595
v -0.67225683 0.00215026 -0.82487595
v -0.67225683 0.02168026 -0.82487595
v 0.03477320 -0.13846973 -0.68423593
v 0.03868320 -0.13846973 -0.68423593
v 0.03477320 -0.13845973 -0.68424594
v -0.67086971 0.05142364 -0.83936679
v 0.10512915 -0.13846649 -0.68423843
v -0.06533901 -0.33610293 0.72896159
v -0.68007684 0.27949026 -0.31315592
v -0.68007684 0.27949026 -0.31705594
v -0.21521679 -0.38451973 -0.67643595
v -0.64889431 0.39443603 0.20167150
v -0.64880681 -0.37279972 -0.39127594
v -0.68005681 0.27959028 -0.35221592
v -0.68377101 0.25778985 -0.37262279
v 0.10118320 -0.11502974 0.91728407
v -0.68007684 0.27949026 -0.22330594
v -0.12927681 -0.19315974 0.47970408
v -0.12931681 -0.19315974 0.47980404
v -0.12931681 -0.18924972 0.47980404
v 0.06218320 -0.13846973 0.87433404
v 0.06218320 -0.14236975 0.87433404
v -0.68007684 0.27949026 -0.44596592
v -0.68005681 0.27959028 -0.25455594
v 0.03873320 -0.10721973 0.73761404
v 0.03868320 0.05684026 0.73767406
v 0.03868320 0.06074026 0.73767406
v -0.66773665 0.34861556 -0.23079459
v -0.68005681 0.27959028 -0.43424594
v -0.68007684 0.27949026 -0.39518592
v -0.68007684 0.27949026 -0.39127594
v -0.68005681 0.27959028 -0.39518592
v -0.68007684 0.27949026 -0.32877594
v -0.68005681 0.27959028 -0.41471592
v -0.68005681 0.27959028 -0.38346592
v -0.68005681 0.27959028 -0.38737595
v -0.68007684 0.27949026 -0.38737595
v -0.68005681 0.27959028 -0.39127594
v -0.68005681 0.27959028 -0.34049594
v -0.68005681 0.27959028 -0.28971592
v -0.68007684 0.27949026 -0.37955594
v -0.68007684 0.27949026 -0.37565592
v -0.68005681 0.27959028 -0.37955594
v -0.68005681 0.27959028 -0.21940593
v -0.67615944 0.30253634 -0.43480593
v -0.36365679 -0.13065974 0.22975406
v -0.68005681 0.27959028 -0.43815592
v -0.68005681 0.27959028 -0.31315592
v -0.68005681 0.27959028 -0.37565592
v -0.64874685 -0.37283972 -0.44987595
v -0.64880681 -0.37279972 -0.38737595
v -0.64874685 -0.37283972 -0.39127594
v -0.64880681 -0.37279972 -0.37565592
v -0.21521679 -0.38451973 -0.43815592
v -0.21512681 -0.38455972 -0.43815592
v -0.21521679 -0.38451973 -0.43424594
v -0.64880681 -0.37279972 -0.26627594
v -0.64874685 -0.37283972 -0.26627594
v -0.36373678 -0.08768974 0.22980407
v -0.64874685 -0.37283972 -0.27018592
v -0.64880681 -0.37279972 -0.28190592
v -0.64880681 -0.37279972 -0.31705594
v -0.64874685 -0.37283972 -0.26237595
v -0.64880681 -0.37279972 -0.27018592
v -0.64880681 -0.37279972 -0.24674593
v -0.64874685 -0.37283972 -0.22721593
v -0.63780421 -0.37767428 -0.31364307
v -0.64880681 -0.37279972 -0.32096592
v -0.64880681 -0.37279972 -0.22721593
v -0.64880681 -0.37279972 -0.27409595
v -0.17615680 -0.22440974 0.68682402
v -0.17613681 -0.22830974 0.68683404
v -0.17613681 -0.22440974 0.68683404
v -0.68007684 0.27949026 -0.32096592
v -0.17613681 -0.14627974 0.68683404
v -0.41438678 -0.14236975 0.22980407
v -0.68007684 0.27949026 -0.36784595
v -0.17613681 -0.23221973 0.68683404
v -0.17615680 -0.23221973 0.68682402
v -0.17613681 -0.23611975 0.68683404
v -0.26208678 0.18965027 0.65168405
v -0.44205335 -0.33185896 0.22975406
v -0.68007684 0.27949026 -0.27018592
v -0.73534632 0.05159530 -0.09911306
v -0.68007684 0.27949026 -0.38346592
v -0.21521679 -0.38451973 -0.77018595
v -0.21521679 -0.38451973 -0.76627594
v -0.68007684 0.27949026 -0.25065592
v -0.26208678 0.12324027 0.65170407
v -0.26186934 0.11617378 0.65082806
v -0.25818679 -0.21122099 0.64862406
v -0.66953564 0.34148121 -0.85750645
v -0.17615680 -0.13455974 0.68682402
v -0.17613681 -0.13846973 0.68683404
v -0.17613681 -0.13455974 0.68683404
v -0.67718250 -0.07327338 -0.78349441
v -0.08725711 -0.01886577 0.73931223
v -0.09574879 -0.03995255 0.73264110
v -0.45401540 -0.28859878 0.22975406
v -0.36373678 -0.16190974 0.22980407
v -0.41438678 -0.30643973 0.22980407
v -0.41438678 -0.31033972 0.22980407
v -0.41443679 -0.34549972 0.22975406
v -0.08117847 0.21570031 -0.60006863
v -0.67856663 0.01076128 -0.77185559
v -0.39746383 0.01947158 0.23936954
v -0.21521679 -0.38451973 -0.48112595
v -0.21521679 -0.38451973 -0.68815595
v -0.21512681 -0.38455972 -0.68815595
v -0.21521679 -0.38451973 -0.68424594
v -0.36365679 0.13105027 0.22975406
v -0.36365679 0.13496026 0.22975406
v -0.36373678 0.13496026 0.22980407
v -0.21521679 -0.38451973 -0.72330594
v -0.21521679 -0.38451973 -0.71940595
v -0.21512681 -0.38455972 -0.41080594
v -0.36365679 0.11934026 0.22975406
v -0.40604982 -0.37600353 0.63317871
v -0.36373678 -0.13846973 0.22980407
v -0.36373678 -0.13455974 0.22980407
v -0.36373678 -0.03690974 0.22980407
v -0.43822214 -0.23992278 0.22975406
v -0.41443679 -0.22049972 0.22975406
v -0.41443679 -0.21658973 0.22975406
v -0.18787681 0.08027026 -0.82099593
v -0.18787681 0.08418027 -0.82099593
v -0.18792678 0.08418027 -0.82096595
v -0.36373678 -0.00175974 0.22980407
v -0.36365679 -0.00175974 0.22975406
v -0.36373678 0.00215026 0.22980407
v -0.17613681 -0.13065974 0.68683404
v -0.21521679 -0.38451973 -0.26237595
v -0.21512681 -0.38455972 -0.26627594
v -0.21512681 -0.38455972 -0.26237595
v -0.21521679 -0.38451973 -0.27409595
v -0.21521679 -0.38451973 -0.27799594
v -0.21512681 -0.38455972 -0.27799594
v -0.36365679 -0.31424972 0.22975406
v -0.36365679 -0.31815973 0.22975406
v -0.36365679 0.15059026 0.22975406
v -0.36365679 0.15449028 0.22975406
v -0.36373678 0.15449028 0.22980407
v -0.36373678 -0.16580974 0.22980407
v -0.36365679 -0.16580974 0.22975406
v -0.36365679 -0.02127974 0.22975406
v -0.21521679 -0.38451973 -0.75065595
v -0.36365679 -0.22830974 0.22975406
v -0.36365679 -0.23221973 0.22975406
v -0.21512681 -0.38455972 -0.40299594
v -0.36365679 -0.18533973 0.22975406
v -0.36365679 -0.18143974 0.22975406
v -0.36373678 -0.18143974 0.22980407
v -0.41443679 -0.34158972 0.22975406
v 0.19883320 -0.44703972 -0.05143594
v 0.19882320 -0.44705972 -0.04752594
v 0.19883320 -0.44703972 -0.04752594
v -0.41438678 -0.13065974 0.22980407
v -0.41443679 -0.13065974 0.22975406
v -0.41438678 -0.13455974 0.22980407
v -0.21512681 -0.38455972 -0.23112594
v -0.21521679 -0.38451973 -0.28580594
v -0.21521679 -0.38451973 -0.28190592
v -0.41438678 -0.16580974 0.22980407
v -0.41438678 -0.16971973 0.22980407
v 0.15977322 -0.27527973 0.87824404
v -0.21512681 -0.38455972 -0.09830594
v -0.36365679 -0.24783973 0.22975406
v -0.21512681 -0.38455972 -0.04752594
v -0.26208678 -0.20486975 0.65170407
v -0.26208678 -0.20096973 0.65170407
v -0.26208678 -0.20096973 0.65168405
v -0.26208678 -0.24002974 0.65168405
v -0.26208678 -0.23611975 0.65168405
v -0.26208678 -0.24002974 0.65170407
v -0.36373678 -0.27518973 0.22980407
v -0.47304726 -0.14522813 0.22975101
v -0.36373678 -0.24002974 0.22980407
v -0.36373678 -0.23611975 0.22980407
v -0.07448680 0.01387026 0.74933404
v -0.07458680 0.01777026 0.74925405
v -0.07448680 0.01777026 0.74933404
v -0.41443679 -0.25955972 0.22975406
v -0.41443679 -0.25565973 0.22975406
v -0.21512681 -0.38455972 -0.15690593
v -0.21521679 -0.38451973 -0.71159595
v -0.21512681 -0.38455972 -0.71159595
v -0.21521679 -0.38451973 -0.70768595
v -0.36373678 -0.20486975 0.22980407
v -0.21521679 -0.38451973 -0.53190595
v -0.21512681 -0.38455972 -0.53580594
v -0.21512681 -0.38455972 -0.53190595
v -0.41443679 -0.25174972 0.22975406
v -0.41443679 -0.24783973 0.22975406
v -0.36373678 -0.06815974 0.22980407
v -0.36373678 -0.09940974 0.22980407
v -0.36365679 -0.09940974 0.22975406
v -0.36373678 -0.09549974 0.22980407
v -0.36373678 0.09980027 0.22980407
v -0.36365679 0.10371026 0.22975406
v -0.21512681 -0.38455972 -0.19987594
v -0.21512681 -0.38455972 -0.19596593
v -0.12921681 0.09980027 0.70636404
v -0.12927681 0.10371026 0.70632404
v -0.12921681 0.10371026 0.70636404
v -0.21521679 -0.38451973 -0.21549594
v -0.36373678 -0.21658973 0.22980407
v -0.38718149 -0.37172619 0.24579854
v -0.21512681 -0.38455972 -0.48502594
v -0.36365679 0.00215026 0.22975406
v -0.36373678 0.17012025 0.22980407
v -0.36373678 0.17402028 0.22980407
v -0.41438678 -0.20096973 0.22980407
v -0.41438678 -0.20486975 0.22980407
v -0.36365679 0.07246026 0.22975406
v -0.21521679 -0.38451973 -0.26627594
v -0.21512681 -0.38455972 -0.27018592
v -0.21521679 -0.38451973 -0.12174594
v -0.21512681 -0.38455972 -0.12565593
v -0.21512681 -0.38455972 -0.12174594
v -0.21512681 -0.38455972 -0.23893593
v -0.21521679 -0.38451973 -0.75846595
v -0.21512681 -0.38455972 -0.76237595
v -0.21512681 -0.38455972 -0.75846595
v -0.41438678 -0.35721973 0.22980407
v -0.41438678 -0.36111972 0.22980407
v -0.41443679 -0.26736972 0.22975406
v -0.41443679 -0.26346973 0.22975406
v -0.41414678 -0.31107473 0.23761407
v -0.36365679 0.04512026 0.22975406
v -0.36365679 0.04902026 0.22975406
v -0.36373678 -0.11502974 0.22980407
v -0.36373678 -0.11111974 0.22980407
v -0.54793894 -0.43245751 0.20149432
v -0.21521679 -0.38451973 -0.73893595
v -0.21512681 -0.38455972 -0.74284595
v -0.21512681 -0.38455972 -0.73893595
v -0.36373678 -0.19315974 0.22980407
v -0.36365679 -0.19315974 0.22975406
v -0.36373678 -0.18924972 0.22980407
v -0.36373678 -0.12674974 0.22980407
v -0.36373678 -0.12283973 0.22980407
v -0.68008918 -0.17323419 -0.71256167
v -0.41443679 -0.32986972 0.22975406
v -0.36365679 -0.03299974 0.22975406
v -0.36373678 -0.03299974 0.22980407
v -0.36365679 -0.19705974 0.22975406
v -0.36365679 -0.20096973 0.22975406
v -0.41443679 -0.23221973 0.22975406
v -0.41443679 -0.22830974 0.22975406
v -0.41443679 -0.33768973 0.22975406
v -0.41443679 -0.33377972 0.22975406
v -0.26208678 -0.18143974 0.65170407
v -0.26208678 -0.18533973 0.65170407
v -0.36729178 -0.13004410 0.23999406
v -0.36365679 -0.18924972 0.22975406
v -0.21521679 -0.38451973 -0.25065592
v -0.21512681 -0.38455972 -0.25455594
v -0.21512681 -0.38455972 -0.25065592
v -0.36365679 -0.16971973 0.22975406
v -0.41443679 -0.31033972 0.22975406
v -0.41438678 -0.26346973 0.22980407
v -0.41438678 -0.26736972 0.22980407
v -0.21521679 -0.38451973 -0.09440593
v -0.41443679 -0.27908972 0.22975406
v -0.41443679 -0.27518973 0.22975406
v -0.41443679 -0.22440974 0.22975406
v -0.41443679 -0.29471973 0.22975406
v -0.41443679 -0.29080972 0.22975406
v -0.41443679 -0.27127972 0.22975406
v -0.41438678 -0.27127972 0.22980407
v -0.21521679 -0.38451973 -0.79362595
v -0.36373678 -0.22049972 0.22980407
v -0.36365679 -0.17752974 0.22975406
v -0.36365679 -0.17361975 0.22975406
v -0.36373678 -0.17361975 0.22980407
v -0.41443679 -0.21268974 0.22975406
v -0.41438678 -0.18143974 0.22980407
v -0.41443679 -0.18143974 0.22975406
v -0.41438678 -0.18533973 0.22980407
v -0.36365679 -0.24393974 0.22975406
v -0.36365679 -0.24002974 0.22975406
v -0.41438678 -0.17361975 0.22980407
v -0.36373678 0.05684026 0.22980407
v -0.36365679 0.05684026 0.22975406
v -0.36373678 0.06074026 0.22980407
v -0.41438678 -0.24002974 0.22980407
v -0.41438678 -0.24393974 0.22980407
v -0.41438678 -0.20877974 0.22980407
v -0.41438678 -0.23611975 0.22980407
v -0.41443679 -0.23611975 0.22975406
v -0.21512681 -0.38455972 -0.10221594
v -0.26208678 -0.22440974 0.65168405
v -0.26208678 -0.16580974 0.65183407
v -0.17613681 -0.31424972 0.68683404
v -0.17613681 -0.31815973 0.68683404
v -0.26208678 -0.19315974 0.65170407
v -0.26208678 -0.18924972 0.65170407
v -0.26208678 -0.18924972 0.65168405
v -0.36541805 -0.02415036 0.23639531
v -0.36373678 -0.24393974 0.22980407
v -0.36373678 -0.19705974 0.22980407
v -0.41443679 -0.30252972 0.22975406
v -0.21512681 -0.38455972 -0.48893592
v -0.36373678 -0.02127974 0.22980407
v -0.36373678 -0.01736974 0.22980407
v -0.21521679 -0.38451973 -0.07877594
v -0.21521679 -0.38451973 -0.07487594
v -0.36373678 -0.02518974 0.22980407
v -0.36365679 -0.02518974 0.22975406
v -0.36365679 -0.22049972 0.22975406
v -0.21521679 -0.38451973 -0.55534595
v -0.41443679 -0.16971973 0.22975406
v -0.36373678 -0.07596973 0.22980407
v -0.36365679 -0.07596973 0.22975406
v -0.36373678 -0.07205974 0.22980407
v -0.41438678 -0.19315974 0.22980407
v -0.36373678 -0.06033974 0.22980407
v -0.36365679 -0.06033974 0.22975406
v -0.36373678 -0.05643974 0.22980407
v -0.21521679 -0.38451973 -0.04362594
v -0.21521679 -0.38451973 -0.03971594
v -0.21512681 -0.38455972 -0.42252594
v -0.36373678 -0.04080974 0.22980407
v -0.36365679 -0.06424974 0.22975406
v -0.36365679 -0.11893974 0.22975406
v -0.36365679 -0.12283973 0.22975406
v -0.34241241 0.18935792 0.22975406
v -0.36365679 0.16621026 0.22975406
v -0.36365679 0.16230027 0.22975406
v -0.36365679 0.28340027 0.22975406
v -0.36365679 0.28730026 0.22975406
v -0.36373678 0.28730026 0.22980407
v -0.26208678 0.20527028 0.65168405
v -0.26208678 0.20918027 0.65168405
v -0.26208678 0.20527028 0.65170407
v -0.41438678 -0.27908972 0.22980407
v -0.36365679 0.02168026 0.22975406
v -0.36365679 0.01777026 0.22975406
v -0.21521679 -0.38451973 -0.58659595
v -0.36365679 -0.30643973 0.22975406
v -0.36365679 -0.31033972 0.22975406
v -0.41438678 -0.19705974 0.22980407
v -0.41443679 -0.24393974 0.22975406
v -0.36365679 0.23262025 0.22975406
v -0.36365679 0.22871026 0.22975406
v -0.22693680 0.37715027 -0.82873595
v -0.41645080 -0.37032056 0.22933272
v -0.36373678 0.09199026 0.22980407
v -0.41438678 -0.29471973 0.22980407
v -0.36373678 0.03730026 0.22980407
v -0.36373678 0.04121026 0.22980407
v -0.41443679 -0.20096973 0.22975406
v -0.07458680 0.04902026 0.74925405
v -0.07458680 0.05293026 0.74925405
v -0.36373678 -0.09158973 0.22980407
v -0.36373678 0.05293026 0.22980407
v -0.26208678 0.16230027 0.65170407
v -0.26208678 0.16621026 0.65170407
v -0.26208678 0.16621026 0.65168405
v -0.40169284 -0.25792062 0.24043205
v -0.26208678 0.13496026 0.65170407
v -0.26208678 0.13887025 0.65170407
v -0.26208678 0.13887025 0.65168405
v -0.35193366 -0.00907474 0.22975406
v -0.36365679 -0.00955974 0.22975406
v -0.36365679 -0.01346974 0.22975406
v -0.41438678 -0.13846973 0.22980407
v -0.36373678 0.10371026 0.22980407
v -0.41443679 -0.24002974 0.22975406
v -0.41443679 -0.11893974 0.22975406
v -0.41443679 -0.11502974 0.22975406
v -0.36373678 -0.00565974 0.22980407
v -0.36365679 -0.00565974 0.22975406
v -0.41443679 -0.32596973 0.22975406
v -0.18396679 -0.06815974 0.66339403
v -0.18396679 -0.06424974 0.66339403
v -0.26208678 -0.22440974 0.65170407
v -0.26208678 -0.22830974 0.65170407
v -0.18396679 -0.02518974 0.66339403
v -0.18396679 -0.02127974 0.66339403
v -0.18395680 -0.02518974 0.66340405
v -0.36365679 0.00605026 0.22975406
v -0.18396679 0.15840027 0.66339403
v -0.18396679 0.16230027 0.66339403
v -0.25818604 0.14078294 0.64862347
v -0.36373678 -0.07986974 0.22980407
v -0.36365679 0.08418027 0.22975406
v -0.36365679 0.08027026 0.22975406
v -0.36373678 -0.01346974 0.22980407
v -0.36373678 -0.00955974 0.22980407
v -0.41438678 -0.21658973 0.22980407
v -0.26208678 -0.24393974 0.65168405
v -0.41443679 -0.32205972 0.22975406
v -0.41443679 -0.29861972 0.22975406
v -0.36373678 -0.06424974 0.22980407
v -0.26208678 0.16230027 0.65168405
v -0.41324279 -0.13871467 0.24043861
v -0.41443679 -0.28690973 0.22975406
v -0.41443679 -0.28299972 0.22975406
v -0.39039928 0.06782182 0.23938656
v -0.36365679 -0.06815974 0.22975406
v -0.36373678 -0.10721973 0.22980407
v -0.41443679 -0.11111974 0.22975406
v -0.41438678 -0.33768973 0.22980407
v -0.41438678 -0.34158972 0.22980407
v -0.41443679 -0.19705974 0.22975406
v -0.41443679 -0.19315974 0.22975406
v -0.41438678 -0.29080972 0.22980407
v -0.36365679 -0.25565973 0.22975406
v -0.41438678 -0.15018974 0.22980407
v -0.36540681 -0.27713972 0.23566405
v -0.41438678 -0.18924972 0.22980407
v -0.41443679 -0.35330972 0.22975406
v -0.41443679 -0.34940973 0.22975406
v -0.41443679 -0.30643973 0.22975406
v -0.41443679 -0.35721973 0.22975406
v -0.36373678 -0.24783973 0.22980407
v -0.36365679 -0.25955972 0.22975406
v -0.36365679 -0.26346973 0.22975406
v -0.41443679 -0.31424972 0.22975406
v -0.25819290 -0.18939520 0.64862895
v -0.26208678 -0.18533973 0.65168405
v -0.36365679 -0.30252972 0.22975406
v -0.36365679 -0.29861972 0.22975406
v -0.36373678 -0.29861972 0.22980407
v -0.41443679 -0.31815973 0.22975406
v -0.41438678 -0.25565973 0.22980407
v -0.36373678 0.00605026 0.22980407
v -0.36373678 0.00996026 0.22980407
v -0.26208678 -0.25565973 0.65170407
v -0.26208678 -0.25174972 0.65170407
v -0.23418376 -0.26223472 0.63522625
v -0.26208678 -0.22049972 0.65170407
v -0.23865680 -0.38065973 0.62047404
v -0.23474678 -0.38065973 0.62047404
v -0.17613681 -0.26346973 0.68683404
v -0.17613681 -0.26736972 0.68683404
v -0.41438678 -0.22440974 0.22980407
v -0.36365679 -0.20486975 0.22975406
v -0.36373678 -0.20096973 0.22980407
v -0.36373678 0.01777026 0.22980407
v -0.36373678 0.02168026 0.22980407
v -0.26208678 -0.23221973 0.65168405
v -0.26208678 -0.23611975 0.65170407
v -0.26208678 -0.23221973 0.65170407
v -0.26208678 -0.20877974 0.65170407
v -0.26208678 -0.20486975 0.65168405
v -0.36365679 0.11543027 0.22975406
v -0.36373678 0.11934026 0.22980407
v -0.36373678 -0.25174972 0.22980407
v -0.41438678 -0.21268974 0.22980407
v -0.41438678 -0.29861972 0.22980407
v -0.36649680 -0.30057722 0.23897406
v -0.36373678 -0.30643973 0.22980407
v -0.36373678 0.11543027 0.22980407
v -0.41438678 -0.14627974 0.22980407
v -0.41438678 -0.15408973 0.22980407
v -0.21512681 -0.38455972 -0.07096594
v -0.21512681 -0.38455972 -0.06705594
v -0.22693680 -0.38065973 0.62047404
v -0.36373678 -0.18533973 0.22980407
v -0.41438678 -0.16190974 0.22980407
v -0.21521679 -0.38451973 -0.62565595
v -0.21512681 -0.38455972 -0.62955594
v -0.21512681 -0.38455972 -0.62565595
v -0.21521679 -0.38451973 -0.78190595
v -0.21521679 -0.38451973 -0.77799594
v -0.41438678 -0.12283973 0.22980407
v -0.41438678 -0.11502974 0.22980407
v -0.36365679 0.02559026 0.22975406
v -0.36373678 0.02559026 0.22980407
v -0.36373678 -0.04861974 0.22980407
v -0.36365679 -0.04861974 0.22975406
v -0.36373678 -0.04471974 0.22980407
v -0.41438678 -0.11893974 0.22980407
v -0.42725149 -0.19718222 0.22975406
v -0.41438678 -0.15799972 0.22980407
v -0.36365679 -0.13455974 0.22975406
v -0.36365679 -0.05252974 0.22975406
v -0.36365679 -0.22440974 0.22975406
v -0.36373678 -0.22440974 0.22980407
v -0.36365679 -0.08768974 0.22975406
v -0.36373678 -0.08377974 0.22980407
v -0.36729178 0.30231994 0.23999406
v -0.36373678 0.17793027 0.22980407
v -0.36373678 0.18184026 0.22980407
v -0.36373678 0.12324027 0.22980407
v -0.36373678 0.12715027 0.22980407
v -0.25506666 -0.23138893 0.67402953
v -0.36373678 -0.02908974 0.22980407
v -0.36365679 -0.04471974 0.22975406
v -0.36373678 0.20137025 0.22980407
v -0.36365679 -0.15408973 0.22975406
v -0.36365679 -0.15799972 0.22975406
v -0.21512681 -0.38455972 -0.30534595
v -0.36373678 0.15840027 0.22980407
v -0.36373678 0.16230027 0.22980407
v -0.36365679 0.10762026 0.22975406
v -0.36365679 0.11152026 0.22975406
v -0.36373678 0.11152026 0.22980407
v -0.21512681 -0.38455972 -0.21159594
v -0.36365679 0.14277028 0.22975406
v -0.36365679 0.13887025 0.22975406
v -0.41438678 -0.32986972 0.22980407
v -0.41438678 -0.33377972 0.22980407
v -0.36373678 -0.28299972 0.22980407
v -0.36373678 -0.27908972 0.22980407
v -0.26208678 0.13105027 0.65170407
v -0.26208678 0.13496026 0.65168405
v -0.36365679 0.17402028 0.22975406
v -0.36365679 0.17793027 0.22975406
v -0.41438678 -0.11111974 0.22980407
v -0.18396679 0.13887025 0.66339403
v -0.18396679 0.14277028 0.66339403
v -0.18395680 0.13887025 0.66340405
v -0.36365679 0.01387026 0.22975406
v -0.36365679 0.00996026 0.22975406
v -0.21521679 -0.38451973 -0.02018594
v -0.19795883 -0.08681630 -0.02181101
v -0.26208678 0.17012025 0.65168405
v -0.26208678 0.17012025 0.65170407
v -0.26208678 0.17402028 0.65168405
v -0.41438678 -0.24783973 0.22980407
v -0.41438678 -0.25174972 0.22980407
v -0.41438678 -0.25955972 0.22980407
v -0.26208678 0.18574028 0.65170407
v -0.26208678 0.18184026 0.65170407
v -0.26245680 0.18574028 0.65558404
v -0.41438678 -0.23221973 0.22980407
v -0.21521679 -0.38451973 -0.65299594
v -0.21512681 -0.38455972 -0.65690595
v -0.21512681 -0.38455972 -0.65299594
v -0.26245680 0.12324027 0.65558404
v -0.26120991 0.14682671 0.67918229
v -0.36373678 0.27559027 0.22980407
v -0.36365679 0.27559027 0.22975406
v -0.36373678 0.27949026 0.22980407
v -0.36373678 -0.20877974 0.22980407
v -0.26245680 0.21699028 0.65558404
v -0.26208678 0.22480027 0.65168405
v -0.26208678 0.22480027 0.65170407
v -0.41438678 -0.22830974 0.22980407
v -0.12151680 -0.04471974 0.72980404
v -0.12146680 -0.04861974 0.72984403
v -0.12146680 -0.04471974 0.72984403
v -0.21521679 -0.38451973 -0.52799594
v -0.21512681 -0.38455972 -0.52799594
v -0.21521679 -0.38451973 -0.45377594
v -0.21512681 -0.38455972 -0.45377594
v -0.21521679 -0.38451973 -0.44987595
v -0.26208678 0.12715027 0.65170407
v -0.41438678 -0.32205972 0.22980407
v -0.41438678 -0.32596973 0.22980407
v -0.24516237 -0.15292445 0.64921290
v -0.10966680 0.11934026 -0.75846595
v -0.19906180 0.24824277 0.65154403
v -0.19888681 -0.04154536 0.65168405
v -0.36365679 -0.12674974 0.22975406
v -0.20740680 -0.10721973 -0.04367594
v -0.20502681 -0.10721973 -0.04362594
v -0.36373678 -0.13065974 0.22980407
v -0.36373678 0.14277028 0.22980407
v -0.36373678 0.14668027 0.22980407
v -0.36365679 0.26777026 0.22975406
v -0.36365679 0.27168027 0.22975406
v -0.36373678 0.27168027 0.22980407
v -0.36365679 -0.14627974 0.22975406
v -0.36365679 0.26387027 0.22975406
v -0.36373678 0.26777026 0.22980407
v -0.41438678 -0.34940973 0.22980407
v -0.41438678 -0.34549972 0.22980407
v -0.36373678 -0.14236975 0.22980407
v -0.36373678 0.06855027 0.22980407
v -0.36373678 0.07246026 0.22980407
v -0.36373678 -0.05252974 0.22980407
v -0.36365679 -0.27127972 0.22975406
v -0.21521679 -0.38451973 -0.09830594
v -0.21521679 -0.38451973 -0.51627594
v -0.21521679 -0.38451973 -0.52018595
v -0.21512681 -0.38455972 -0.52018595
v -0.21521679 -0.38451973 -0.76237595
v -0.41438678 -0.27518973 0.22980407
v -0.36365679 -0.21658973 0.22975406
v -0.41438678 -0.22049972 0.22980407
v -0.41438678 -0.12674974 0.22980407
v -0.21521679 -0.38451973 -0.62955594
v -0.36373678 -0.11893974 0.22980407
v -0.36373678 -0.26736972 0.22980407
v -0.41443679 -0.20877974 0.22975406
v -0.36373678 -0.25955972 0.22980407
v -0.36373678 -0.25565973 0.22980407
v -0.30976257 -0.24213953 0.22975406
v -0.41438678 -0.17752974 0.22980407
v -0.36373678 -0.16971973 0.22980407
v -0.36373678 -0.23221973 0.22980407
v -0.36373678 -0.22830974 0.22980407
v -0.39827883 -0.07445654 0.23978639
v -0.41438678 -0.28299972 0.22980407
v -0.41438678 -0.28690973 0.22980407
v -0.36365679 -0.11111974 0.22975406
v -0.36365679 -0.02908974 0.22975406
v -0.36373678 -0.31424972 0.22980407
v -0.36373678 -0.31033972 0.22980407
v -0.41443679 -0.15799972 0.22975406
v -0.36365679 -0.20877974 0.22975406
v -0.36373678 0.29902026 0.22980407
v -0.31587467 0.33958995 0.23187730
v -0.34140629 -0.31406572 0.22975406
v -0.36365679 -0.07986974 0.22975406
v -0.17615680 -0.15408973 0.68682402
v -0.17613681 -0.15408973 0.68683404
v -0.17615680 -0.15018974 0.68682402
v -0.41438678 -0.35330972 0.22980407
v -0.36365679 -0.28690973 0.22975406
v -0.41443679 -0.17361975 0.22975406
v -0.41443679 -0.17752974 0.22975406
v -0.41438678 -0.31424972 0.22980407
v -0.36373678 0.08418027 0.22980407
v -0.36365679 -0.21268974 0.22975406
v -0.36373678 -0.21268974 0.22980407
v -0.36373678 -0.30252972 0.22980407
v -0.26208678 -0.22830974 0.65168405
v -0.36365679 -0.29080972 0.22975406
v -0.36365679 -0.28299972 0.22975406
v -0.36373678 -0.17752974 0.22980407
v -0.38425022 -0.18811958 0.23919438
v -0.36365679 -0.15018974 0.22975406
v -0.36373678 0.13887025 0.22980407
v -0.21512681 -0.38455972 -0.70768595
v -0.21521679 -0.38451973 -0.56315595
v -0.36373678 0.18574028 0.22980407
v -0.36365679 0.06855027 0.22975406
v -0.36373678 -0.10330974 0.22980407
v -0.36365679 -0.10330974 0.22975406
v -0.41443679 -0.10721973 0.22975406
v -0.36373678 0.23262025 0.22980407
v -0.36365679 -0.32205972 0.22975406
v -0.41443679 -0.16580974 0.22975406
v -0.36365679 -0.26736972 0.22975406
v -0.41438678 -0.30252972 0.22980407
v -0.36365679 0.06074026 0.22975406
v -0.19888681 0.13624245 0.65168405
v -0.36365679 -0.05643974 0.22975406
v -0.41438678 -0.31815973 0.22980407
v -0.12931681 -0.20096973 0.47980404
v -0.36365679 0.15840027 0.22975406
v -0.36373678 0.10762026 0.22980407
v -0.36373678 0.18965027 0.22980407
v -0.36373678 0.20918027 0.22980407
v -0.36373678 0.21309026 0.22980407
v -0.36365679 -0.08377974 0.22975406
v -0.17613681 -0.28299972 0.68683404
v -0.17613681 -0.27908972 0.68683404
v -0.17615680 -0.27908972 0.68682402
v -0.36373678 0.20527028 0.22980407
v -0.36365679 0.20527028 0.22975406
v -0.36365679 0.19355027 0.22975406
v -0.36365679 0.19746026 0.22975406
v -0.36373678 0.19746026 0.22980407
v -0.36373678 0.09590026 0.22980407
v -0.36365679 0.09590026 0.22975406
v -0.26208678 0.13105027 0.65168405
v -0.36365679 0.17012025 0.22975406
v -0.36365679 0.02949026 0.22975406
v -0.36365679 0.03340026 0.22975406
v -0.36373678 0.03340026 0.22980407
v -0.36365679 0.27949026 0.22975406
v -0.36365679 0.29512027 0.22975406
v -0.36373678 -0.15408973 0.22980407
v -0.36373678 0.25996026 0.22980407
v -0.36365679 0.25996026 0.22975406
v -0.36373678 0.26387027 0.22980407
v -0.36373678 0.29121026 0.22980407
v -0.36373678 0.22090027 0.22980407
v -0.36365679 0.29121026 0.22975406
v -0.36373678 0.25215027 0.22980407
v -0.36365679 0.25215027 0.22975406
v -0.36373678 0.25605026 0.22980407
v -0.26208678 0.22871026 0.65168405
v -0.26208678 0.23262025 0.65168405
v -0.26208678 0.22871026 0.65170407
v -0.26208678 0.24043027 0.65170407
v -0.26245680 0.23262025 0.65558404
v -0.26208678 0.24043027 0.65168405
v -0.21521679 -0.38451973 -0.27018592
v -0.26208678 0.14277028 0.65168405
v -0.26208678 0.14668027 0.65168405
v -0.26208678 0.14277028 0.65170407
v -0.26208678 0.20918027 0.65170407
v -0.26208678 0.21309026 0.65170407
v -0.26208678 0.21309026 0.65168405
v -0.17615680 0.26777026 0.68682402
v -0.17615680 0.26387027 0.68682402
v -0.17613681 0.26387027 0.68683404
v -0.36365679 -0.16190974 0.22975406
v -0.23092490 -0.37529013 -0.74289608
v -0.21521679 -0.38451973 -0.62174594
v -0.21512681 -0.38455972 -0.62174594
v -0.36365679 0.20918027 0.22975406
v -0.36373678 0.08809026 0.22980407
v -0.18792678 0.04512026 -0.82096595
v -0.17613681 0.02559026 0.68683404
v -0.41443679 -0.14236975 0.22975406
v -0.36365679 -0.01736974 0.22975406
v -0.33817053 -0.04224575 0.22975406
v -0.36365679 0.04121026 0.22975406
v -0.36365679 0.03730026 0.22975406
v -0.36373678 -0.29471973 0.22980407
v -0.36373678 0.08027026 0.22980407
v -0.32709321 -0.14161032 0.22975406
v -0.21512681 -0.38455972 -0.01627594
v -0.36365679 0.07637026 0.22975406
v -0.36373678 0.07637026 0.22980407
v -0.36365679 0.14668027 0.22975406
v -0.36373678 0.13105027 0.22980407
v -0.36365679 0.12324027 0.22975406
v -0.36373678 0.06465026 0.22980407
v -0.36365679 0.12715027 0.22975406
v -0.39028615 0.19730729 0.23948969
v -0.36373678 0.15059026 0.22980407
v -0.36365679 0.21309026 0.22975406
v -0.36373678 0.29512027 0.22980407
v -0.36373678 0.16621026 0.22980407
v -0.34753993 0.07075120 0.22975406
v -0.36373678 0.23652028 0.22980407
v -0.36373678 0.24824025 0.22980407
v -0.36365679 0.24824025 0.22975406
v -0.36373678 0.28340027 0.22980407
v -0.33771303 -0.19242130 0.22975406
v -0.36365679 -0.29471973 0.22975406
v -0.26208678 -0.24783973 0.65168405
v -0.36373678 -0.27127972 0.22980407
v -0.23753941 -0.38814282 -0.53914350
v -0.41443679 -0.18924972 0.22975406
v -0.36373678 -0.28690973 0.22980407
v -0.17615680 -0.06815974 0.68682402
v -0.17615680 -0.07205974 0.68682402
v -0.17613681 -0.07205974 0.68683404
v -0.21521679 -0.38451973 -0.52409595
v -0.36373678 -0.29080972 0.22980407
v -0.36365679 -0.13846973 0.22975406
v -0.32068503 -0.10642419 0.22975406
v -0.36373678 0.21699028 0.22980407
v -0.21521679 -0.38451973 -0.28971592
v -0.21512681 -0.38455972 -0.29362595
v -0.21512681 -0.38455972 -0.28971592
v -0.36373678 -0.15799972 0.22980407
v -0.36365679 -0.27908972 0.22975406
v -0.21521679 -0.38451973 -0.25846592
v -0.36365679 -0.10721973 0.22975406
v -0.18396679 -0.00175974 0.66339403
v -0.18396679 0.00215026 0.66339403
v -0.18395680 -0.00175974 0.66340405
v -0.26990679 -0.37493974 0.61261404
v -0.26599678 -0.38065973 0.62045407
v -0.26990679 -0.38065973 0.62045407
v -0.36373678 -0.26346973 0.22980407
v -0.23865680 -0.38062972 0.62043405
v -0.36373678 -0.14627974 0.22980407
v -0.36373678 -0.15018974 0.22980407
v -0.41443679 -0.12674974 0.22975406
v -0.36365679 -0.27518973 0.22975406
v -0.41443679 -0.15018974 0.22975406
v -0.41443679 -0.18533973 0.22975406
v -0.26208678 0.15840027 0.65168405
v -0.26208678 0.15840027 0.65170407
v -0.36365679 -0.14236975 0.22975406
v -0.41443679 -0.13846973 0.22975406
v -0.30505678 -0.38065973 0.62043405
v -0.30896679 -0.38065973 0.62043405
v -0.36373678 -0.31815973 0.22980407
v -0.21521679 -0.38451973 -0.75455594
v -0.17387353 -0.37038466 0.60757989
v -0.31287679 -0.38065973 0.62043405
v -0.31677678 -0.38064972 0.62043405
v -0.31287679 -0.38064972 0.62043405
v -0.41443679 -0.12283973 0.22975406
v -0.21512681 -0.38455972 -0.51237595
v -0.31735253 -0.37174091 0.60897213
v -0.36365679 -0.23611975 0.22975406
v -0.36373678 0.02949026 0.22980407
v -0.41443679 -0.14627974 0.22975406
v -0.21616036 -0.26764873 -0.81349981
v -0.21512681 -0.38455972 -0.56705594
v -0.21512681 -0.38455972 -0.56315595
v -0.21521679 -0.38451973 -0.22721593
v -0.21521679 -0.38451973 -0.23112594
v -0.22635192 -0.37842247 -0.17564377
v -0.10974680 0.12324027 -0.75853598
v -0.10974680 0.12715027 -0.75853598
v -0.10966680 0.12324027 -0.75846595
v -0.36373678 0.01387026 0.22980407
v -0.21521679 -0.38451973 -0.69596595
v -0.21512681 -0.38455972 -0.69987595
v -0.21512681 -0.38455972 -0.69596595
v -0.41443679 -0.16190974 0.22975406
v -0.41443679 -0.13455974 0.22975406
v -0.41443679 -0.15408973 0.22975406
v -0.36365679 0.25605026 0.22975406
v -0.36365679 0.05293026 0.22975406
v -0.23385426 -0.36940435 -0.28188479
v -0.21512681 -0.38455972 -0.04362594
v -0.21512681 -0.38455972 -0.07877594
v -0.21512681 -0.38455972 -0.07487594
v -0.17615680 -0.28299972 0.68682402
v -0.36365679 0.09199026 0.22975406
v -0.21512681 -0.38455972 -0.60612595
v -0.21512681 -0.38455972 -0.60221595
v -0.36365679 -0.07205974 0.22975406
v -0.21512681 -0.38455972 -0.25846592
v -0.21512681 -0.38455972 -0.08268594
v -0.36365679 0.18574028 0.22975406
v -0.36365679 0.18965027 0.22975406
v -0.39628303 0.13083310 0.23709406
v -0.36365679 0.22480027 0.22975406
v -0.36373678 0.22871026 0.22980407
v -0.23874868 0.07005069 0.65067291
v -0.17615680 0.09199026 0.68682402
v -0.17613681 0.08809026 0.68683404
v -0.17613681 0.09199026 0.68683404
v -0.26208678 -0.17752974 0.65170407
v -0.26208678 -0.17361975 0.65170407
v -0.26208678 -0.17361975 0.65168405
v -0.36365679 0.08809026 0.22975406
v -0.36365679 0.06465026 0.22975406
v -0.36365679 0.09980027 0.22975406
v -0.36373678 0.19355027 0.22980407
v -0.36365679 0.18184026 0.22975406
v -0.36373678 0.24043027 0.22980407
v -0.36373678 0.22480027 0.22980407
v -0.36365679 0.20137025 0.22975406
v -0.36365679 0.24043027 0.22975406
v -0.36365679 0.24434026 0.22975406
v -0.36373678 0.24434026 0.22980407
v -0.36365679 0.21699028 0.22975406
v -0.36365679 0.22090027 0.22975406
v -0.22596169 -0.37792426 -0.41282222
v -0.36365679 0.23652028 0.22975406
v -0.23083679 0.35750028 -0.23502594
v -0.36702678 0.25117150 0.23965406
v -0.21521679 -0.38451973 -0.72721595
v -0.21512681 -0.38455972 -0.72721595
v -0.26245680 0.24824025 0.65558404
v -0.26278681 0.24824025 0.65949404
v -0.26208678 -0.24393974 0.65170407
v -0.25733829 -0.16454540 0.67596585
v -0.21521679 -0.38451973 -0.06315593
v -0.21521679 -0.38451973 -0.05924594
v -0.26208678 0.20137025 0.65170407
v -0.26208678 -0.19705974 0.65168405
v -0.26208678 0.17402028 0.65170407
v -0.26208678 0.17793027 0.65170407
v -0.26208678 0.17793027 0.65168405
v -0.17615680 0.07637026 0.68682402
v -0.17613681 0.07246026 0.68683404
v -0.17613681 0.07637026 0.68683404
v -0.18395680 -0.06033974 0.66340405
v -0.18396679 -0.05643974 0.66339403
v -0.18395680 -0.05643974 0.66340405
v -0.21521679 -0.38451973 -0.42252594
v -0.21521679 -0.38451973 -0.41862595
v -0.17615680 -0.20096973 0.68682402
v -0.17615680 -0.19705974 0.68682402
v -0.21512681 -0.38455972 -0.59049594
v -0.21512681 -0.38455972 -0.58659595
v -0.17613681 0.27168027 0.68683404
v -0.17615680 0.27559027 0.68682402
v -0.17615680 0.27168027 0.68682402
v -0.21521679 -0.38451973 -0.68034595
v -0.21512681 -0.38455972 -0.68424594
v -0.21521679 -0.38451973 -0.54752594
v -0.21512681 -0.38455972 -0.55143595
v -0.21512681 -0.38455972 -0.54752594
v -0.21521679 -0.38451973 -0.39127594
v -0.21521679 -0.38451973 -0.53580594
v -0.23356912 -0.36895353 -0.35967880
v -0.21521679 -0.38451973 -0.50065595
v -0.21521679 -0.38451973 -0.49674594
v -0.22551595 -0.37828207 -0.67509156
v -0.21521679 -0.38451973 -0.73112595
v -0.21512681 -0.38455972 -0.73502594
v -0.21512681 -0.38455972 -0.73112595
v -0.21521679 -0.38451973 -0.46940592
v -0.21521679 -0.38451973 -0.35612595
v -0.21512681 -0.38455972 -0.36002594
v -0.21512681 -0.38455972 -0.35612595
v -0.21521679 -0.38451973 -0.21940593
v -0.21512681 -0.38455972 -0.30143592
v -0.21512681 -0.38455972 -0.29752594
v -0.21521679 -0.38451973 -0.47330594
v -0.21512681 -0.38455972 -0.47721592
v -0.21512681 -0.38455972 -0.47330594
v -0.21521679 -0.38451973 -0.57877594
v -0.21521679 -0.38451973 -0.58268595
v -0.21512681 -0.38455972 -0.58268595
v -0.21521679 -0.38451973 -0.40690592
v -0.21521679 -0.38451973 -0.41080594
v -0.21521679 -0.38451973 -0.50846595
v -0.21512681 -0.38455972 -0.50846595
v -0.21521679 -0.38451973 -0.50455594
v -0.21521679 -0.38451973 -0.49284595
v -0.21521679 -0.38451973 -0.48893592
v -0.21521679 -0.38451973 -0.64909595
v -0.21512681 -0.38455972 -0.64909595
v -0.21521679 -0.38451973 -0.64518595
v -0.18395680 0.04121026 0.66340405
v -0.23628435 -0.37621978 -0.22373877
v -0.31287679 -0.37674972 0.61503404
v -0.21512681 -0.38455972 -0.75455594
v -0.26208678 -0.22049972 0.65168405
v -0.21512681 -0.38455972 -0.63346595
v -0.28552678 -0.38063973 0.62043405
v -0.28162679 -0.38063973 0.62043405
v -0.31251168 -0.38337785 0.62497020
v -0.31751680 -0.38065973 0.62043405
v -0.21521679 -0.38451973 -0.01627594
v -0.31677678 -0.38065973 0.62043405
v -0.17613681 -0.29080972 0.68683404
v -0.17613681 -0.29471973 0.68683404
v -0.07458680 0.04121026 0.74925405
v -0.23015498 -0.37446931 -0.56792307
v -0.30505678 -0.38064972 0.62043405
v -0.30896679 -0.37495974 0.61261404
v -0.21521679 -0.38451973 -0.37565592
v -0.21521679 -0.38451973 -0.37174594
v -0.07458680 -0.02518974 0.74925405
v -0.07448680 -0.02908974 0.74933404
v -0.07458680 -0.02908974 0.74925405
v -0.21512681 -0.38455972 -0.22721593
v -0.26208678 -0.21268974 0.65170407
v -0.26208678 -0.21658973 0.65170407
v -0.21521679 -0.38451973 -0.07096594
v -0.21521679 -0.38451973 -0.14518593
v -0.21512681 -0.38455972 -0.55534595
v -0.21521679 -0.38451973 -0.55143595
v -0.21521679 -0.38451973 -0.65690595
v -0.21521679 -0.38451973 -0.66080594
v -0.21512681 -0.38455972 -0.66080594
v -0.23960204 -0.37990433 -0.13957484
v -0.26206678 -0.16580974 0.65168405
v -0.26208678 -0.16971973 0.65170407
v -0.21521679 -0.38451973 -0.25455594
v -0.21521679 -0.38451973 -0.43034595
v -0.12927681 -0.02127974 0.70632404
v -0.12927681 -0.01736974 0.70632404
v 0.06602320 -0.13846973 -0.68423593
v -0.12921681 0.09199026 0.70636404
v -0.12927681 0.09199026 0.70632404
v -0.12927681 0.09590026 0.70632404
v -0.17613681 0.04121026 0.68683404
v -0.17613681 0.03730026 0.68683404
v -0.21521679 -0.38451973 -0.18034594
v -0.21521679 -0.38451973 -0.18424594
v -0.21512681 -0.38455972 -0.18424594
v -0.17613681 0.17012025 0.68683404
v -0.17613681 0.16621026 0.68683404
v -0.26208678 0.25996026 0.65170407
v -0.26208678 0.25605026 0.65170407
v -0.26245680 0.26387027 0.65558404
v -0.17613681 -0.32986972 0.68683404
v -0.26208678 0.12715027 0.65168405
v -0.21512681 -0.38455972 -0.39518592
v -0.21512681 -0.38455972 -0.39127594
v -0.21130680 -0.10721973 -0.04375594
v -0.20349912 -0.11072007 -0.04918111
v -0.21512681 -0.38455972 -0.18034594
v -0.23352902 -0.36898217 -0.47125036
v -0.21512681 -0.38455972 -0.28580594
v -0.21512681 -0.38455972 -0.28190592
v -0.18396679 -0.00955974 0.66339403
v -0.18396679 -0.00565974 0.66339403
v -0.30896679 -0.38064972 0.62043405
v -0.21512681 -0.38455972 -0.78190595
v -0.21512681 -0.38455972 -0.77799594
v -0.21521679 -0.38451973 -0.17252594
v -0.21512681 -0.38455972 -0.17643593
v -0.21512681 -0.38455972 -0.17252594
v -0.22875912 -0.38012627 -0.63671994
v -0.27771679 -0.38065973 0.62045407
v -0.27380678 -0.38065973 0.62045407
v -0.21521679 -0.38451973 -0.16471593
v -0.21521679 -0.38451973 -0.16862594
v -0.21512681 -0.38455972 -0.16862594
v -0.20194764 -0.11998774 -0.06921362
v -0.21521679 -0.38451973 -0.24674593
v -0.21512681 -0.38455972 -0.22330594
v -0.21512681 -0.38455972 -0.21940593
v -0.21521679 -0.38451973 -0.38346592
v -0.21512681 -0.38455972 -0.38737595
v -0.21512681 -0.38455972 -0.38346592
v -0.21512681 -0.38455972 -0.40690592
v -0.21521679 -0.38451973 -0.34049594
v -0.21512681 -0.38455972 -0.34440592
v -0.21512681 -0.38455972 -0.34049594
v -0.21512681 -0.38455972 -0.61784595
v -0.21521679 -0.38451973 -0.23502594
v -0.21512681 -0.38455972 -0.23502594
v -0.21512681 -0.38455972 -0.41471592
v -0.07458680 -0.02127974 0.74925405
v -0.21521679 -0.38451973 -0.36784595
v -0.22309680 -0.38065973 -0.70646530
v -0.21521679 -0.38451973 -0.33268592
v -0.21521679 -0.38451973 -0.32877594
v -0.21521679 -0.38451973 -0.14127594
v -0.21512681 -0.38455972 -0.14518593
v -0.21512681 -0.38455972 -0.21549594
v -0.29333678 -0.38065973 0.62044406
v -0.29724678 -0.38065973 0.62044406
v -0.29724678 -0.38064972 0.62043405
v -0.21512681 -0.38455972 -0.37174594
v -0.21521679 -0.38065973 0.62048405
v -0.28943679 -0.38063973 0.62043405
v -0.28552678 -0.38065973 0.62044406
v -0.19958679 -0.39086974 -0.68766719
v -0.29333678 -0.38064972 0.62043405
v -0.21521679 -0.38451973 -0.03580594
v -0.21512681 -0.38455972 -0.03971594
v -0.21512681 -0.38455972 -0.03580594
v -0.30115679 -0.38064972 0.62043405
v -0.28943679 -0.38065973 0.62044406
v -0.30115679 -0.38065973 0.62043405
v -0.28162679 -0.38065973 0.62044406
v -0.21512681 -0.38455972 -0.31705594
v -0.21512681 -0.38455972 -0.31315592
v -0.18769586 -0.38442007 -0.75297379
v -0.21521679 -0.38451973 -0.60612595
v -0.21512681 -0.38455972 -0.61002594
v -0.26208678 -0.38065973 0.62045407
v -0.26599678 -0.38063973 0.62043405
v -0.26208678 -0.38062972 0.62043405
v -0.25427678 -0.38062972 0.62043405
v -0.21512681 -0.38455972 -0.43034595
v -0.26059929 -0.34399110 0.63784236
v -0.21521679 -0.38451973 -0.63737595
v -0.21512681 -0.38455972 -0.64127594
v -0.21512681 -0.38455972 -0.63737595
v -0.21521679 -0.38451973 -0.59830594
v -0.21512681 -0.38455972 -0.59830594
v -0.21521679 -0.38451973 -0.77409595
v -0.25427678 -0.38065973 0.62046403
v -0.25818679 -0.38065973 0.62046403
v -0.25818679 -0.38062972 0.62043405
v -0.21521679 -0.38451973 -0.53971595
v -0.21512681 -0.38455972 -0.49674594
v -0.21521679 -0.38451973 -0.10612594
v -0.21512681 -0.38455972 -0.11002594
v -0.21512681 -0.38455972 -0.10612594
v -0.26245680 -0.16971973 0.65558404
v -0.07458680 0.03340026 0.74925405
v -0.21521679 -0.38451973 -0.44596592
v -0.21512681 -0.38455972 -0.44987595
v -0.21521679 -0.38451973 -0.61784595
v -0.21521679 -0.38451973 -0.61393595
v -0.19970898 -0.39085069 -0.34550256
v -0.21512681 -0.38455972 -0.68034595
v -0.17613681 -0.08768974 0.68683404
v -0.17615680 -0.08768974 0.68682402
v -0.17613681 -0.09158973 0.68683404
v -0.21083604 0.18469061 0.64513546
v -0.21512681 -0.38455972 -0.06315593
v -0.21512681 -0.38455972 -0.05924594
v -0.13708679 -0.38065973 0.62052405
v -0.14099678 -0.38065973 0.62052405
v -0.14099678 -0.38058972 0.62043405
v -0.21512681 -0.38455972 -0.76627594
v -0.21512681 -0.38455972 -0.77018595
v -0.18395680 -0.06815974 0.66340405
v -0.18395680 -0.06424974 0.66340405
v -0.26208678 0.26387027 0.65168405
v -0.26208678 0.26777026 0.65168405
v -0.26208678 0.26387027 0.65170407
v -0.26208678 -0.19705974 0.65170407
v -0.26208678 -0.19315974 0.65168405
v -0.21521679 -0.38451973 -0.17643593
v -0.26208678 -0.16971973 0.65168405
v -0.21512681 -0.38455972 -0.15299594
v -0.26208678 0.21699028 0.65170407
v -0.26208678 0.14668027 0.65170407
v -0.26208678 0.15059026 0.65168405
v -0.07448680 -0.00955974 0.74933404
v -0.26208678 0.15449028 0.65170407
v -0.26208678 0.15059026 0.65170407
v -0.26245680 0.15449028 0.65558404
v -0.26245680 0.17012025 0.65558404
v -0.07458680 -0.01736974 0.74925405
v -0.26208678 0.23262025 0.65170407
v -0.26208678 0.23652028 0.65170407
v -0.26208678 0.15449028 0.65168405
v -0.26208678 0.18184026 0.65168405
v -0.26208678 0.18574028 0.65168405
v -0.07448680 -0.02127974 0.74933404
v -0.07448680 -0.02518974 0.74933404
v -0.17613681 0.22871026 0.68683404
v -0.26373121 0.30752331 0.67645139
v -0.26208678 0.21699028 0.65168405
v -0.26245680 0.20137025 0.65558404
v -0.26208678 0.24824025 0.65170407
v -0.26208678 0.25215027 0.65168405
v -0.26208678 0.24824025 0.65168405
v -0.12921681 0.24043027 0.70636404
v -0.12927681 0.24043027 0.70632404
v -0.12927681 0.24434026 0.70632404
v -0.26208678 0.20137025 0.65168405
v -0.21512681 -0.38455972 -0.30924594
v -0.18396679 0.08418027 0.66339403
v -0.18396679 0.08809026 0.66339403
v -0.18395680 0.08418027 0.66340405
v -0.26245680 0.13887025 0.65558404
v -0.26208678 -0.24783973 0.65170407
v -0.21512681 -0.38455972 -0.66471595
v -0.17613681 0.13105027 0.68683404
v -0.17613681 0.12715027 0.68683404
v -0.21521679 -0.38451973 -0.47721592
v -0.21512681 -0.38455972 -0.48112595
v -0.21512681 -0.38455972 -0.72330594
v -0.21512681 -0.38455972 -0.71940595
v -0.21521679 -0.38451973 -0.59440595
v -0.21512681 -0.38455972 -0.27409595
v -0.22306231 0.38487667 -0.82587856
v -0.17615680 0.22090027 0.68682402
v -0.17615680 0.21699028 0.68682402
v -0.17613681 0.21699028 0.68683404
v -0.21521679 -0.38451973 -0.57487595
v -0.21512681 -0.38455972 -0.57487595
v -0.18396679 0.13496026 0.66339403
v -0.21521679 -0.38451973 -0.40299594
v -0.21512681 -0.38455972 -0.50065595
v -0.21521679 -0.38451973 -0.74674594
v -0.21512681 -0.38455972 -0.75065595
v -0.21512681 -0.38455972 -0.74674594
v -0.21521679 -0.38451973 -0.34830594
v -0.21521679 -0.38451973 -0.51237595
v -0.21512681 -0.38455972 -0.50455594
v -0.34248948 0.02910987 0.22975406
v -0.26208678 0.19746026 0.65170407
v -0.25818679 0.25996026 0.64862406
v -0.31940725 0.13544115 0.22975406
v -0.18395680 0.12715027 0.66340405
v -0.18396679 0.13105027 0.66339403
v -0.18395680 0.13105027 0.66340405
v -0.21521679 -0.38451973 -0.60221595
v -0.17613681 0.08418027 0.68683404
v -0.21512681 -0.38455972 -0.24284594
v -0.21512681 -0.38455972 -0.34830594
v -0.21521679 -0.38451973 -0.22330594
v -0.22568703 -0.37801746 -0.61189127
v -0.21521679 -0.38451973 -0.42643592
v -0.21512681 -0.38455972 -0.57096595
v -0.21512681 -0.38455972 -0.46159595
v -0.21512681 -0.38455972 -0.45768592
v -0.21512681 -0.38455972 -0.16080594
v -0.21512681 -0.38455972 -0.35221592
v -0.21512681 -0.38455972 -0.36393592
v -0.21512681 -0.38455972 -0.42643592
v -0.21521679 -0.38451973 -0.39518592
v -0.21512681 -0.38455972 -0.39909595
v -0.21521679 -0.38451973 -0.46159595
v -0.21521679 -0.38451973 -0.45768592
v -0.20982006 -0.38131717 0.63425159
v -0.21512681 -0.38455972 -0.18815593
v -0.21521679 -0.38451973 -0.37955594
v -0.21512681 -0.38455972 -0.33268592
v -0.21512681 -0.38455972 -0.32877594
v -0.21521679 -0.38451973 -0.35221592
v -0.21512681 -0.38455972 -0.53971595
v -0.21521679 -0.38451973 -0.34440592
v -0.21512681 -0.38455972 -0.67643595
v -0.21521679 -0.38451973 -0.31705594
v -0.21521679 -0.38451973 -0.31315592
v -0.21512681 -0.38455972 -0.77409595
v -0.21521679 -0.38451973 -0.41471592
v -0.21512681 -0.38455972 -0.41862595
v -0.21521679 -0.38451973 -0.20377594
v -0.21512681 -0.38455972 -0.20377594
v -0.21521679 -0.38451973 -0.19987594
v -0.21521679 -0.38451973 -0.30924594
v -0.21521679 -0.38451973 -0.30534595
v -0.26142105 -0.37519723 0.61294866
v -0.21512681 -0.38455972 -0.44596592
v -0.21512681 -0.38455972 -0.37565592
v -0.17615680 -0.25174972 0.68682402
v -0.21512681 -0.38455972 -0.46940592
v -0.21512681 -0.38455972 -0.49284595
v -0.27771679 -0.38063973 0.62043405
v -0.21512681 -0.38455972 -0.43424594
v -0.22693680 -0.38061973 0.62043405
v -0.24255680 -0.38065973 0.62046403
v -0.24646679 -0.38062972 0.62043405
v -0.24255680 -0.38062972 0.62043405
v -0.21512681 -0.38455972 -0.19205594
v -0.21521679 -0.38451973 -0.11002594
v -0.21521679 -0.38451973 -0.19596593
v -0.27380678 -0.38063973 0.62043405
v -0.21512681 -0.38455972 -0.05143594
v -0.21521679 -0.38451973 -0.06705594
v -0.21521679 -0.38451973 -0.38737595
v -0.21512681 -0.38455972 -0.69205594
v -0.26208678 -0.17752974 0.65168405
v -0.22702478 -0.37837663 0.25603527
v -0.25037679 -0.38065973 0.62046403
v -0.24824946 -0.38312191 0.62433392
v -0.21521679 -0.38451973 -0.02409594
v -0.21521679 -0.38451973 -0.02799594
v -0.21512681 -0.38455972 -0.02799594
v -0.21521679 -0.38451973 -0.11784594
v -0.26990679 -0.38063973 0.62043405
v -0.21521679 -0.38451973 -0.05534594
v -0.25037679 -0.38062972 0.62043405
v -0.28370604 -0.37318140 0.61035234
v -0.27380678 -0.37674972 0.61505407
v -0.28140175 -0.38313916 0.62433398
v -0.24646679 -0.38065973 0.62046403
v -0.21512681 -0.38455972 -0.51627594
v -0.22879817 -0.37776583 -0.82712173
v -0.21521679 -0.38451973 -0.05143594
v -0.21521679 -0.38451973 -0.04752594
v -0.21512681 -0.38455972 -0.33659595
v -0.21521679 -0.38451973 -0.23893593
v -0.21512681 -0.38455972 -0.02409594
v -0.21512681 -0.38455972 -0.02018594
v -0.21512681 -0.38455972 -0.11784594
v -0.21512681 -0.38455972 -0.11393594
v 0.08555320 -0.13846973 -0.68423593
v 0.08946320 -0.13846973 -0.68423593
v 0.08555320 -0.13845973 -0.68424594
v -0.12931681 -0.20877974 0.47980404
v -0.26208678 -0.21268974 0.65168405
v -0.17615680 -0.22830974 0.68682402
v -0.21512681 -0.38455972 -0.20768593
v -0.21521679 -0.38451973 -0.44205594
v -0.26208678 -0.21658973 0.65168405
v -0.26208678 0.23652028 0.65168405
v -0.26208678 -0.20877974 0.65168405
v -0.17615680 -0.29080972 0.68682402
v -0.26208678 0.22090027 0.65170407
v -0.21521679 -0.38451973 -0.21159594
v -0.17615680 -0.26736972 0.68682402
v -0.17615680 -0.27127972 0.68682402
v -0.17615680 -0.24393974 0.68682402
v -0.17615680 -0.24002974 0.68682402
v -0.17615680 -0.04471974 0.68682402
v -0.17615680 -0.04861974 0.68682402
v -0.17613681 -0.04861974 0.68683404
v -0.25891680 -0.16190974 0.65168405
v -0.07458680 -0.03299974 0.74925405
v -0.07448680 -0.03299974 0.74933404
v -0.17613681 -0.32205972 0.68683404
v 0.04649320 -0.00565974 0.62827402
v 0.04656320 -0.00565974 0.62824404
v 0.04649320 -0.00175974 0.62827402
v 0.06212320 -0.03299974 0.87428403
v -0.26208678 0.24434026 0.65170407
v -0.26208678 0.24434026 0.65168405
v -0.26208678 -0.18143974 0.65168405
v -0.07458680 -0.03690974 0.74925405
v -0.15749410 -0.00878479 0.70150423
v -0.18395680 -0.02127974 0.66340405
v -0.21512681 -0.38455972 -0.32096592
v -0.21521679 -0.38451973 -0.64127594
v -0.21521679 -0.38451973 -0.32096592
v -0.09447400 -0.10575268 0.73364568
v -0.17613681 -0.19315974 0.68683404
v -0.17613681 -0.19705974 0.68683404
v -0.21521679 -0.38451973 -0.69205594
v -0.07448680 -0.03690974 0.74933404
v -0.07458680 -0.01346974 0.74925405
v -0.21521679 -0.38451973 -0.78971595
v -0.07458680 0.09980027 0.74925405
v -0.07458680 0.10371026 0.74925405
v -0.17613681 -0.10330974 0.68683404
v -0.17613681 -0.10721973 0.68683404
v 0.06212320 0.16230027 0.87428403
v 0.06218320 0.15840027 0.87433404
v 0.06218320 0.16230027 0.87433404
v -0.26210812 0.09381575 0.67004776
v -0.26208678 0.18965027 0.65170407
v -0.12146680 0.16230027 0.72984403
v -0.12146680 0.15840027 0.72984403
v -0.17615680 0.02559026 0.68682402
v -0.17615680 0.02168026 0.68682402
v -0.17613681 0.02168026 0.68683404
v -0.17615680 0.01387026 0.68682402
v -0.17615680 0.01777026 0.68682402
v -0.17615680 0.07246026 0.68682402
v -0.17615680 0.06855027 0.68682402
v -0.17613681 0.06855027 0.68683404
v -0.18395680 -0.05252974 0.66340405
v -0.26208678 0.27168027 0.65168405
v -0.26208678 0.26777026 0.65170407
v -0.26208678 0.19355027 0.65168405
v -0.17615680 0.18574028 0.68682402
v -0.17615680 0.18965027 0.68682402
v -0.22699127 0.38500229 -0.82878810
v -0.26208678 0.22090027 0.65168405
v -0.26208678 0.19746026 0.65168405
v -0.26208678 0.19355027 0.65170407
v -0.17445827 0.05719516 -0.82796609
v -0.26208678 0.25605026 0.65168405
v -0.26208678 0.25215027 0.65170407
v -0.18787681 0.09590026 -0.82099593
v -0.18787681 0.09980027 -0.82099593
v -0.18792678 0.09980027 -0.82096595
v -0.12151680 0.15840027 0.72980404
v -0.12146680 0.15449028 0.72984403
v -0.07458680 -0.04861974 0.74925405
v -0.07448680 -0.04861974 0.74933404
v -0.07448680 -0.05252974 0.74933404
v -0.26208678 0.25996026 0.65168405
v -0.26278681 0.26387027 0.65949404
v -0.21521679 -0.38451973 -0.70377594
v -0.21521679 -0.38451973 -0.24284594
v -0.18395680 0.22090027 0.66340405
v -0.18396679 0.22090027 0.66339403
v -0.18396679 0.22480027 0.66339403
v -0.12921681 0.23262025 0.70636404
v -0.12921681 0.23652028 0.70636404
v -0.22557908 -0.09001878 -0.02275559
v -0.17615680 0.20527028 0.68682402
v -0.25842404 0.20949113 0.67321807
v 0.06212320 0.19355027 0.87428403
v 0.06218320 0.18965027 0.87433404
v 0.06218320 0.19355027 0.87433404
v 0.06212320 0.14668027 0.87428403
v 0.06218320 0.14277028 0.87433404
v 0.06218320 0.14668027 0.87433404
v -0.12151680 0.26387027 0.72980404
v -0.12151680 0.26777026 0.72980404
v -0.12151680 0.20137025 0.72980404
v -0.12151680 0.20527028 0.72980404
v -0.22696678 0.38496026 -0.82877594
v -0.22693680 0.38496026 -0.82873595
v -0.21521679 -0.38451973 -0.69987595
v -0.21521679 -0.38451973 -0.61002594
v -0.21512681 -0.38455972 -0.61393595
v -0.12151680 0.09199026 0.72980404
v -0.12146680 0.08809026 0.72984403
v -0.12146680 0.09199026 0.72984403
v -0.18395680 0.19746026 0.66340405
v -0.18395680 0.20137025 0.66340405
v -0.12151680 0.12324027 0.72980404
v -0.12146680 0.11934026 0.72984403
v -0.12146680 0.12324027 0.72984403
v -0.12151680 0.24043027 0.72980404
v -0.12146680 0.23652028 0.72984403
v -0.12146680 0.24043027 0.72984403
v -0.17615680 -0.21268974 0.68682402
v -0.17615680 -0.20877974 0.68682402
v -0.21521679 -0.38451973 -0.66862595
v -0.21512681 -0.38455972 -0.67252594
v -0.21512681 -0.38455972 -0.66862595
v -0.17613681 -0.32596973 0.68683404
v -0.12151680 0.24434026 0.72980404
v -0.12146680 0.24434026 0.72984403
v -0.12927681 0.25605026 0.70632404
v -0.12923266 0.25733247 0.70635462
v -0.12921681 0.25215027 0.70636404
v -0.10974680 0.17012025 -0.75853598
v -0.10974680 0.17402028 -0.75853598
v -0.10966680 0.17012025 -0.75846595
v -0.17615680 0.29121026 0.68682402
v -0.17613681 0.29121026 0.68683404
v -0.17615680 0.29512027 0.68682402
v -0.17613681 0.26777026 0.68683404
v -0.21521679 -0.38451973 -0.13737594
v -0.21512681 -0.38455972 -0.14127594
v -0.21512681 -0.38455972 -0.13737594
v -0.18395680 0.09590026 0.66340405
v -0.18395680 0.09980027 0.66340405
v -0.20932916 0.32507074 0.63247246
v -0.25818506 0.23524164 0.64862269
v -0.18396679 0.27949026 0.66339403
v -0.18396679 0.28340027 0.66339403
v -0.12927681 0.18184026 0.70632404
v -0.12927681 0.17793027 0.70632404
v -0.12921681 0.08418027 0.70636404
v -0.12927681 0.08809026 0.70632404
v -0.12921681 0.08809026 0.70636404
v -0.12921681 0.14668027 0.70636404
v -0.12927681 0.14668027 0.70632404
v -0.12927681 0.15059026 0.70632404
v -0.12927681 -0.03690974 0.70632404
v -0.12927681 -0.04080974 0.70632404
v -0.18396679 0.05684026 0.66339403
v -0.18395680 0.11934026 0.66340405
v -0.18395680 0.12324027 0.66340405
v -0.17613681 0.04902026 0.68683404
v -0.22696678 0.38105026 -0.82877594
v -0.22693680 0.38105026 -0.82873595
v -0.21521679 -0.38451973 -0.63346595
v -0.22107933 0.36870462 -0.42391151
v -0.23554592 0.35876623 -0.37025246
v -0.23083679 0.35750028 -0.24089094
v -0.17615680 0.10762026 0.68682402
v -0.23074681 0.35762027 -0.21940593
v -0.23074681 0.35762027 -0.21549594
v -0.23074681 0.35762027 -0.19792093
v -0.23083679 0.35750028 -0.22330594
v -0.21521679 -0.38451973 -0.32487595
v -0.23083679 0.35750028 -0.21159594
v -0.23074681 0.35762027 -0.21159594
v -0.18395680 0.17402028 0.66340405
v -0.18395680 0.17793027 0.66340405
v -0.17615680 -0.17361975 0.68682402
v -0.21512681 -0.38455972 -0.78971595
v -0.21521679 -0.38451973 -0.78580594
v -0.21512681 -0.38455972 -0.78580594
v -0.22611898 -0.37820536 -0.79032624
v -0.21521679 -0.38451973 -0.39909595
v -0.21512681 -0.38455972 -0.36784595
v -0.21512681 -0.38455972 -0.05534594
v -0.21512681 -0.38455972 -0.08659594
v -0.21521679 -0.38451973 -0.54362595
v -0.21512681 -0.38455972 -0.64518595
v -0.21521679 -0.38451973 -0.66471595
v -0.21521679 -0.38451973 -0.67252594
v -0.21512681 -0.38455972 -0.44205594
v -0.12931681 -0.22830974 0.47980404
v -0.12931681 -0.23221973 0.47980404
v -0.22302681 -0.38061973 0.62043405
v -0.21512681 -0.38455972 -0.71549594
v -0.21512681 -0.38455972 -0.54362595
v -0.21512681 -0.38455972 -0.79362595
v -0.21521679 -0.38451973 -0.15690593
v -0.21521679 -0.38451973 -0.15299594
v -0.21521679 -0.38451973 -0.13346593
v -0.21521679 -0.38451973 -0.12955594
v -0.14496389 -0.38066331 0.62052584
v -0.21512681 -0.38455972 -0.52409595
v -0.21521679 -0.38451973 -0.71549594
v -0.21521679 -0.38451973 -0.03190594
v -0.21512681 -0.38455972 -0.03190594
v -0.21521679 -0.38451973 -0.29362595
v -0.21521679 -0.38451973 -0.29752594
v -0.21521679 -0.38451973 -0.18815593
v -0.21912681 -0.38065973 0.62048405
v -0.17613681 -0.25565973 0.68683404
v -0.17615680 -0.25565973 0.68682402
v -0.17613681 -0.25955972 0.68683404
v -0.12151680 0.02559026 0.72980404
v -0.21521679 -0.38451973 -0.33659595
v -0.21521679 -0.38451973 -0.74284595
v -0.18746492 -0.38464412 -0.10948055
v -0.21521679 -0.38451973 -0.55924594
v -0.21512681 -0.38455972 -0.32487595
v -0.23083679 -0.38065973 0.62047404
v -0.21512681 -0.38455972 -0.37955594
v -0.21521679 -0.38451973 -0.46549594
v -0.21512681 -0.38455972 -0.46549594
v -0.21521679 -0.38451973 -0.11393594
v -0.21521679 -0.38451973 -0.30143592
v -0.21521679 -0.38451973 -0.36393592
v -0.18745150 -0.38445818 -0.29392859
v -0.21521679 -0.38451973 -0.12565593
v -0.21521679 -0.38451973 -0.01237594
v -0.21512681 -0.38455972 -0.12955594
v -0.21521679 -0.38451973 -0.36002594
v -0.21521679 -0.38451973 -0.10221594
v -0.21521679 -0.38451973 -0.19205594
v -0.21521679 -0.38451973 -0.20768593
v -0.21521679 -0.38451973 -0.16080594
v -0.22302681 -0.38065973 0.62047404
v -0.21512681 -0.38455972 -0.16471593
v -0.21521679 -0.38451973 -0.14909594
v -0.17005290 -0.01344720 -0.86570495
v -0.21521679 -0.38451973 -0.08659594
v -0.21521679 -0.38451973 -0.08268594
v -0.21445508 -0.38494679 -0.00603641
v -0.23009510 -0.37375206 -0.09657236
v -0.17615680 -0.01346974 0.68682402
v -0.17613681 -0.01736974 0.68683404
v -0.17613681 -0.01346974 0.68683404
v -0.23474678 -0.38061973 0.62043405
v -0.21521679 -0.38451973 -0.09049594
v -0.21512681 -0.38455972 -0.14909594
v -0.21512681 -0.38455972 -0.55924594
v -0.21521679 -0.38451973 -0.48502594
v -0.17615680 -0.20486975 0.68682402
v -0.17613681 -0.04471974 0.68683404
v -0.21512681 -0.38455972 -0.09440593
v -0.21512681 -0.38455972 -0.09049594
v -0.21512681 -0.38455972 -0.13346593
v -0.23083679 -0.38061973 0.62043405
v -0.21912681 -0.38061973 0.62043405
v -0.21521679 -0.38451973 -0.73502594
v -0.11755680 0.34197026 -0.44205594
v -0.19122529 -0.15192138 0.67496085
v -0.20740680 -0.10717974 -0.04362594
v -0.17613681 -0.17361975 0.68683404
v -0.17615680 -0.16971973 0.68682402
v -0.21512681 -0.38455972 -0.59440595
v -0.21512681 -0.38455972 -0.70377594
v -0.17615680 -0.29861972 0.68682402
v -0.17615680 -0.30252972 0.68682402
v -0.17613681 -0.30252972 0.68683404
v -0.17508560 -0.38295266 -0.64726394
v -0.17613681 0.02949026 0.68683404
v -0.17615680 -0.24783973 0.68682402
v -0.21230876 -0.10716090 -0.04367287
v -0.21512681 -0.38455972 -0.79752594
v -0.18396679 0.10762026 0.66339403
v -0.18396679 0.11152026 0.66339403
v -0.18395680 0.10762026 0.66340405
v -0.17613681 -0.11111974 0.68683404
v -0.17615680 -0.11111974 0.68682402
v -0.17613681 -0.11502974 0.68683404
v -0.05115680 -0.36113971 0.65168405
v -0.05505680 -0.36111972 0.65168405
v -0.17615680 -0.18533973 0.68682402
v -0.17613681 -0.18924972 0.68683404
v -0.17613681 -0.18533973 0.68683404
v -0.17613681 -0.21268974 0.68683404
v -0.17613681 -0.21658973 0.68683404
v -0.19888681 0.04658276 0.65168405
v -0.18396679 0.01777026 0.66339403
v -0.12929623 -0.18021636 0.47975242
v -0.13897996 -0.22523750 0.71606874
v -0.17615680 -0.09940974 0.68682402
v -0.17613681 -0.09940974 0.68683404
v -0.17615680 -0.09549974 0.68682402
v -0.17615680 -0.11893974 0.68682402
v -0.17615680 -0.11502974 0.68682402
v -0.17613681 -0.03690974 0.68683404
v -0.18396679 -0.06033974 0.66339403
v -0.17615680 -0.16190974 0.68682402
v -0.17613681 -0.16190974 0.68683404
v -0.17615680 -0.15799972 0.68682402
v -0.17418329 0.03121873 -0.82827562
v -0.18787681 0.04121026 -0.82099593
v -0.18787681 0.04512026 -0.82099593
v -0.18787681 0.04902026 -0.82099593
v -0.18792678 0.04902026 -0.82096595
v -0.21521679 -0.38451973 -0.59049594
v -0.14633998 -0.01912091 0.69293022
v -0.17613681 -0.20877974 0.68683404
v -0.12151680 -0.00955974 0.72980404
v -0.23074681 0.35762027 -0.23112594
v -0.23074681 0.35762027 -0.22721593
v -0.18792678 0.07246026 -0.82096595
v -0.18787681 0.07246026 -0.82099593
v -0.18792678 0.07637026 -0.82096595
v -0.17613681 -0.06033974 0.68683404
v -0.21512681 -0.38455972 -0.57877594
v -0.17613681 -0.08377974 0.68683404
v -0.17615680 -0.08377974 0.68682402
v -0.13306960 0.16144052 0.72071999
v -0.18787681 0.07637026 -0.82099593
v -0.18792678 0.08027026 -0.82096595
v -0.12927681 0.00996026 0.70632404
v -0.12921681 0.00605026 0.70636404
v -0.12927681 0.00605026 0.70632404
v -0.23083679 0.35750028 -0.21940593
v -0.18792678 0.13105027 -0.82096595
v -0.17626196 0.12465181 -0.82687199
v -0.19484302 0.34310773 -0.78873193
v -0.18792678 0.12715027 -0.82096595
v -0.18396679 0.05293026 0.66339403
v -0.18395680 0.05293026 0.66340405
v -0.12921681 -0.08377974 0.70636404
v -0.12927681 -0.08377974 0.70632404
v -0.12927681 -0.07986974 0.70632404
v -0.17615680 0.06465026 0.68682402
v -0.17613681 0.06465026 0.68683404
v -0.18792678 0.06465026 -0.82096595
v -0.17615680 0.20918027 0.68682402
v -0.18792678 0.06074026 -0.82096595
v -0.18792678 0.08809026 -0.82096595
v -0.18792678 0.09199026 -0.82096595
v -0.12921681 0.10762026 0.70636404
v -0.18792678 0.11934026 -0.82096595
v -0.18787681 0.11934026 -0.82099593
v -0.18792678 0.12324027 -0.82096595
v -0.18395680 0.00215026 0.66340405
v -0.18395680 0.07246026 0.66340405
v -0.18396679 0.07637026 0.66339403
v -0.18395680 0.07637026 0.66340405
v -0.18787681 0.09199026 -0.82099593
v -0.18396679 0.02168026 0.66339403
v -0.18396679 0.02559026 0.66339403
v -0.18395680 0.02168026 0.66340405
v -0.18395680 0.04512026 0.66340405
v -0.18396679 0.04902026 0.66339403
v -0.18395680 0.04902026 0.66340405
v -0.34831768 0.26151639 0.22975406
v -0.17615680 0.11543027 0.68682402
v -0.17613681 0.11152026 0.68683404
v -0.17613681 0.11543027 0.68683404
v -0.19958679 0.06062026 -0.81540596
v -0.12921681 0.06465026 0.70636404
v -0.12921681 0.06855027 0.70636404
v -0.17615680 0.05293026 0.68682402
v -0.23074681 0.35762027 -0.20768593
v -0.18395680 0.00605026 0.66340405
v -0.18396679 0.00996026 0.66339403
v -0.18395680 0.00996026 0.66340405
v -0.12921681 0.15840027 0.70636404
v -0.12927681 0.15840027 0.70632404
v -0.12927681 0.16230027 0.70632404
v -0.17615680 0.27949026 0.68682402
v -0.17615680 0.28340027 0.68682402
v -0.18395680 0.21699028 0.66340405
v -0.17615680 0.12715027 0.68682402
v -0.17613681 0.12324027 0.68683404
v -0.23074681 0.35762027 -0.23502594
v -0.23083679 0.35750028 -0.23112594
v -0.17615680 0.24824025 0.68682402
v -0.17613681 0.24434026 0.68683404
v -0.17613681 0.24824025 0.68683404
v -0.23390256 0.36897731 -0.05251883
v -0.23392293 0.35051510 -0.20906524
v -0.18792678 0.09590026 -0.82096595
v -0.10966680 0.17793027 -0.75846595
v -0.10780680 0.17304651 -0.75455594
v -0.19958679 -0.39086974 -0.57877845
v -0.07448680 -0.15799972 0.74933404
v -0.07448680 -0.15408973 0.74933404
v -0.07458680 0.16230027 0.74925405
v -0.07448680 0.16230027 0.74933404
v -0.07448680 0.15840027 0.74933404
v -0.23074681 0.35762027 -0.23893593
v -0.23074681 0.35762027 -0.20377594
v -0.23083679 0.35750028 -0.22721593
v -0.18396679 0.16621026 0.66339403
v -0.18396679 0.17012025 0.66339403
v -0.17615680 -0.00955974 0.68682402
v -0.18396679 0.12715027 0.66339403
v -0.07458680 0.02949026 0.74925405
v -0.07448680 0.02949026 0.74933404
v -0.07448680 0.02559026 0.74933404
v -0.18396679 0.23262025 0.66339403
v -0.18396679 0.23652028 0.66339403
v -0.18395680 0.23262025 0.66340405
v -0.18395680 0.15059026 0.66340405
v -0.18396679 0.15059026 0.66339403
v -0.18396679 0.15449028 0.66339403
v -0.18396679 0.07246026 0.66339403
v -0.17615680 0.14277028 0.68682402
v -0.17613681 0.13887025 0.68683404
v -0.17613681 0.14277028 0.68683404
v -0.23074681 0.35762027 -0.22330594
v -0.19297233 0.18988395 0.67358834
v -0.17615680 0.19355027 0.68682402
v -0.18395680 0.18184026 0.66340405
v -0.23083679 0.35750028 -0.20377594
v -0.23083679 0.35750028 -0.20768593
v -0.23083679 0.35750028 -0.21549594
v -0.23083679 0.35750028 -0.19987594
v -0.18395680 0.15840027 0.66340405
v -0.12931681 -0.18533973 0.47980404
v -0.21512681 -0.38455972 -0.24674593
v -0.16939539 -0.34702557 -0.22997078
v -0.19958679 -0.39086974 -0.18571344
v -0.18719368 -0.38431036 -0.15641531
v -0.18396679 0.02949026 0.66339403
v -0.07458680 -0.17361975 0.74925405
v -0.12272396 -0.16464005 0.71135998
v -0.07458680 -0.16971973 0.74925405
v -0.17615680 -0.13846973 0.68682402
v -0.17615680 -0.32596973 0.68682402
v -0.17615680 -0.32205972 0.68682402
v -0.17613681 -0.07596973 0.68683404
v -0.17613681 -0.07986974 0.68683404
v -0.20895180 -0.25208700 0.66113251
v -0.07448680 0.05684026 0.74933404
v -0.07448680 0.05293026 0.74933404
v -0.07458680 0.05684026 0.74925405
v -0.07458680 -0.05252974 0.74925405
v -0.12931681 -0.19705974 0.47980404
v -0.18396679 -0.05252974 0.66339403
v -0.18396679 -0.04861974 0.66339403
v -0.17613681 -0.00955974 0.68683404
v -0.17615680 -0.30643973 0.68682402
v -0.17613681 -0.02127974 0.68683404
v -0.17613681 -0.02518974 0.68683404
v -0.17613681 0.01777026 0.68683404
v -0.17613681 -0.24783973 0.68683404
v -0.12931681 -0.22049972 0.47980404
v -0.12931681 -0.22440974 0.47980404
v -0.15156829 -0.17258793 0.68973416
v -0.12931681 -0.21658973 0.47980404
v -0.15283696 -0.34391153 0.70494759
v -0.17613681 -0.31033972 0.68683404
v -0.17615680 -0.31033972 0.68682402
v -0.14452209 -0.38306132 0.62433356
v -0.17613681 -0.16580974 0.68683404
v -0.11755680 -0.37283972 0.64777404
v -0.18396679 0.04512026 0.66339403
v -0.17613681 -0.11893974 0.68683404
v -0.12921681 -0.13455974 0.70636404
v -0.12927681 -0.13065974 0.70632404
v -0.12921681 -0.13065974 0.70636404
v -0.17615680 -0.28690973 0.68682402
v -0.17613681 -0.28690973 0.68683404
v -0.17615680 -0.07986974 0.68682402
v -0.18395680 -0.02908974 0.66340405
v -0.17581066 -0.38304994 -0.50995600
v -0.17613681 -0.29861972 0.68683404
v -0.17613681 -0.20486975 0.68683404
v -0.17613681 -0.20096973 0.68683404
v -0.17613681 -0.25174972 0.68683404
v -0.17613681 -0.09549974 0.68683404
v -0.17613681 -0.24393974 0.68683404
v -0.12151680 -0.06033974 0.72980404
v -0.12151680 -0.05643974 0.72980404
v -0.17615680 -0.00175974 0.68682402
v -0.17615680 0.00215026 0.68682402
v -0.17613681 -0.15018974 0.68683404
v -0.17615680 0.08809026 0.68682402
v -0.17615680 0.08418027 0.68682402
v -0.17615680 -0.25955972 0.68682402
v -0.17613681 -0.12283973 0.68683404
v 0.03477320 -0.36893973 0.68679404
v 0.03477320 -0.36891973 0.68683404
v 0.03087320 -0.36890972 0.68683404
v -0.07723166 -0.14460170 -0.73105854
v -0.17615680 -0.23611975 0.68682402
v -0.17615680 -0.21658973 0.68682402
v -0.10057870 -0.37918502 0.65068841
v -0.10583680 -0.37283972 0.64778405
v -0.10193680 -0.37283972 0.64779407
v -0.12931681 -0.18143974 0.47980404
v -0.19116986 -0.00468585 0.67500395
v -0.17615680 0.00605026 0.68682402
v -0.19222800 -0.19775055 0.67417210
v -0.17615680 -0.27518973 0.68682402
v -0.17613681 -0.22049972 0.68683404
v -0.18395680 -0.07205974 0.66340405
v -0.17615680 -0.12283973 0.68682402
v -0.18396679 0.01387026 0.66339403
v -0.17613681 -0.16971973 0.68683404
v -0.17613681 -0.15799972 0.68683404
v -0.12921681 -0.11502974 0.70636404
v -0.12921681 -0.11893974 0.70636404
v -0.12927681 -0.11502974 0.70632404
v -0.17613681 -0.27518973 0.68683404
v -0.21020201 -0.01849177 0.21951790
v -0.17615680 -0.22049972 0.68682402
v -0.19243897 -0.11424761 0.67400694
v -0.17613681 0.14668027 0.68683404
v -0.17613681 -0.17752974 0.68683404
v -0.17615680 -0.17752974 0.68682402
v -0.17613681 -0.18143974 0.68683404
v -0.17615680 -0.19315974 0.68682402
v -0.17613681 -0.14236975 0.68683404
v -0.21038236 -0.05783105 0.66106194
v -0.17615680 -0.14236975 0.68682402
v -0.10966680 0.15449028 -0.75846595
v -0.10974680 0.15840027 -0.75853598
v -0.10966680 0.15840027 -0.75846595
v -0.18291494 -0.11044057 0.66428685
v -0.17613681 -0.12674974 0.68683404
v -0.12927681 -0.03299974 0.70632404
v -0.12927681 -0.02908974 0.70632404
v -0.18395680 -0.04471974 0.66340405
v -0.18396679 -0.04471974 0.66339403
v -0.18396679 -0.04080974 0.66339403
v -0.07458680 0.00605026 0.74925405
v -0.07448680 0.00215026 0.74933404
v -0.07458680 0.00215026 0.74925405
v -0.19888681 -0.00199786 0.65168405
v -0.12921681 -0.07205974 0.70636404
v -0.12921681 -0.07596973 0.70636404
v -0.12927681 -0.07205974 0.70632404
v -0.18396679 -0.03690974 0.66339403
v -0.18395680 -0.04080974 0.66340405
v -0.17613681 0.03340026 0.68683404
v -0.18792678 0.05293026 -0.82096595
v -0.17615680 0.04121026 0.68682402
v -0.17615680 0.04512026 0.68682402
v -0.17615680 -0.14627974 0.68682402
v -0.17615680 -0.09158973 0.68682402
v -0.11072430 -0.06278224 -0.75867349
v -0.07448680 -0.04080974 0.74933404
v -0.07458680 -0.04080974 0.74925405
v -0.18395680 0.08027026 0.66340405
v -0.17615680 -0.13065974 0.68682402
v -0.17615680 -0.12674974 0.68682402
v -0.17613681 -0.05252974 0.68683404
v -0.18787681 0.06465026 -0.82099593
v -0.18792678 0.06855027 -0.82096595
v -0.18396679 0.06465026 0.66339403
v -0.18396679 0.06855027 0.66339403
v -0.22071800 0.15066591 -0.81592309
v -0.18395680 0.22480027 0.66340405
v -0.18395680 0.22871026 0.66340405
v -0.18395680 0.05684026 0.66340405
v -0.18396679 0.06074026 0.66339403
v -0.18395680 -0.03690974 0.66340405
v -0.18395680 -0.03299974 0.66340405
v -0.18396679 0.00605026 0.66339403
v -0.16337401 0.02621620 0.69687992
v -0.18396679 -0.01736974 0.66339403
v -0.19347647 -0.09925630 0.65473616
v -0.17615680 -0.10721973 0.68682402
v -0.17615680 -0.10330974 0.68682402
v -0.17615680 -0.01736974 0.68682402
v -0.17613681 -0.05643974 0.68683404
v -0.17615680 -0.06033974 0.68682402
v -0.17615680 -0.05643974 0.68682402
v -0.17615680 -0.02908974 0.68682402
v -0.17615680 -0.02518974 0.68682402
v -0.17613681 -0.00565974 0.68683404
v -0.17613681 -0.06815974 0.68683404
v -0.17615680 -0.03690974 0.68682402
v -0.17615680 -0.04080974 0.68682402
v -0.17613681 -0.04080974 0.68683404
v -0.18787681 0.06855027 -0.82099593
v -0.15609130 0.13973452 0.70260882
v -0.14552589 0.07355207 0.69356984
v -0.18396679 -0.01346974 0.66339403
v -0.17615680 0.18184026 0.68682402
v -0.17613681 0.17793027 0.68683404
v -0.17613681 0.18184026 0.68683404
v -0.17615680 0.00996026 0.68682402
v -0.17613681 0.00996026 0.68683404
v -0.17613681 0.00605026 0.68683404
v -0.16377269 -0.05720527 0.67923808
v -0.18395680 -0.04861974 0.66340405
v -0.18395680 -0.01736974 0.66340405
v -0.07458680 0.02168026 0.74925405
v -0.07458680 0.02559026 0.74925405
v -0.07458680 -0.18533973 0.74925405
v -0.07458680 -0.18143974 0.74925405
v -0.07448680 -0.18533973 0.74933404
v -0.18787681 0.05293026 -0.82099593
v -0.18787681 0.05684026 -0.82099593
v -0.18792678 0.05684026 -0.82096595
v -0.18792678 0.10371026 -0.82096595
v -0.18395680 0.25996026 0.66340405
v -0.18396679 0.25996026 0.66339403
v -0.18396679 0.26387027 0.66339403
v -0.18787681 0.06074026 -0.82099593
v -0.17613681 0.15059026 0.68683404
v -0.07458680 -0.09158973 0.74925405
v -0.07448680 -0.09158973 0.74933404
v -0.07448680 -0.09549974 0.74933404
v -0.18395680 0.10371026 0.66340405
v -0.17615680 -0.18143974 0.68682402
v -0.12151680 -0.04080974 0.72980404
v -0.12146680 -0.04080974 0.72984403
v -0.17613681 -0.00175974 0.68683404
v -0.18395680 0.08809026 0.66340405
v -0.18395680 0.09199026 0.66340405
v -0.16377763 0.15873915 0.67923421
v -0.18395680 0.06855027 0.66340405
v -0.17615680 -0.03299974 0.68682402
v -0.17615680 -0.00565974 0.68682402
v -0.18396679 0.08027026 0.66339403
v -0.18396679 0.03340026 0.66339403
v -0.19958679 0.10151401 -0.81540596
v -0.12921681 0.04121026 0.70636404
v -0.12921681 0.04512026 0.70636404
v -0.09458512 0.03230428 0.73355705
v -0.18395680 0.27949026 0.66340405
v -0.18787681 0.10371026 -0.82099593
v -0.18792678 0.10762026 -0.82096595
v 0.06212320 -0.07596973 0.87428403
v 0.06218320 -0.07986974 0.87433404
v 0.06218320 -0.07596973 0.87433404
v -0.16372028 0.01001120 0.67927760
v -0.12921681 0.17793027 0.70636404
v -0.17615680 -0.02127974 0.68682402
v -0.18395680 -0.01346974 0.66340405
v -0.18395680 -0.00955974 0.66340405
v -0.17615680 -0.16580974 0.68682402
v -0.16363223 0.10873425 0.67934704
v -0.20901757 0.05125159 0.66106606
v -0.12927681 -0.09549974 0.70632404
v -0.18787681 0.12324027 -0.82099593
v -0.18787681 0.12715027 -0.82099593
v -0.18395680 0.06074026 0.66340405
v -0.18395680 0.06465026 0.66340405
v -0.18787681 0.08809026 -0.82099593
v -0.17615680 0.08027026 0.68682402
v -0.17613681 0.08027026 0.68683404
v -0.18396679 0.09980027 0.66339403
v -0.18396679 0.10371026 0.66339403
v -0.18395680 0.27559027 0.66340405
v -0.18792678 0.11152026 -0.82096595
v -0.18792678 0.11543027 -0.82096595
v -0.07448680 -0.08377974 0.74933404
v -0.07458680 -0.07986974 0.74925405
v -0.07448680 -0.07986974 0.74933404
v -0.18787681 0.11152026 -0.82099593
v -0.18787681 0.11543027 -0.82099593
v -0.07458680 0.09590026 0.74925405
v -0.07448680 0.09199026 0.74933404
v -0.07458680 0.09199026 0.74925405
v -0.12927681 -0.01346974 0.70632404
v -0.12927681 -0.00955974 0.70632404
v -0.12921681 -0.01346974 0.70636404
v -0.12921681 0.11543027 0.70636404
v -0.12921681 0.11152026 0.70636404
v -0.12927681 0.11543027 0.70632404
v -0.12921681 -0.00565974 0.70636404
v -0.12927681 -0.00175974 0.70632404
v -0.12921681 -0.00175974 0.70636404
v -0.12927681 0.17402028 0.70632404
v -0.12151680 0.04902026 0.72980404
v -0.12151680 0.05293026 0.72980404
v -0.18787681 0.10762026 -0.82099593
v -0.18395680 0.01777026 0.66340405
v -0.17615680 0.03340026 0.68682402
v -0.17615680 0.02949026 0.68682402
v -0.19888681 0.07783151 0.65168405
v -0.17613681 0.17402028 0.68683404
v -0.19122857 0.13007390 0.67495829
v 0.09725320 0.07637026 0.59699404
v -0.17615680 0.04902026 0.68682402
v -0.17613681 0.04512026 0.68683404
v -0.10966680 0.17402028 -0.75846595
v -0.18396679 0.19746026 0.66339403
v -0.18396679 0.20137025 0.66339403
v -0.16386884 0.05818823 0.67916286
v -0.18396679 0.25215027 0.66339403
v -0.17613681 0.10371026 0.68683404
v -0.17613681 0.09980027 0.68683404
v -0.17615680 0.25996026 0.68682402
v -0.17613681 0.25605026 0.68683404
v -0.17613681 0.25996026 0.68683404
v -0.12151680 0.06855027 0.72980404
v -0.12151680 0.07246026 0.72980404
v -0.18396679 0.22871026 0.66339403
v -0.17613681 0.09590026 0.68683404
v -0.18396679 0.11543027 0.66339403
v -0.18396679 0.11934026 0.66339403
v -0.18395680 0.11543027 0.66340405
v -0.18396679 0.09590026 0.66339403
v -0.18395680 0.13496026 0.66340405
v -0.18395680 0.15449028 0.66340405
v -0.12927681 0.04121026 0.70632404
v -0.12927681 0.04512026 0.70632404
v -0.17615680 0.10371026 0.68682402
v -0.18396679 0.17402028 0.66339403
v -0.18396679 0.17793027 0.66339403
v -0.10860872 0.08521280 -0.75833738
v -0.02713639 -0.37832421 0.64341891
v -0.18396679 0.25605026 0.66339403
v -0.12927681 0.09980027 0.70632404
v -0.18395680 0.28340027 0.66340405
v -0.12151680 0.20918027 0.72980404
v -0.17615680 0.09980027 0.68682402
v -0.18396679 0.18184026 0.66339403
v -0.18395680 0.14277028 0.66340405
v -0.18396679 0.14668027 0.66339403
v -0.12151680 0.01387026 0.72980404
v -0.17615680 0.11934026 0.68682402
v -0.17615680 0.12324027 0.68682402
v -0.17615680 0.17012025 0.68682402
v -0.17615680 0.17402028 0.68682402
v -0.18395680 0.16230027 0.66340405
v -0.18395680 0.16621026 0.66340405
v -0.17613681 0.11934026 0.68683404
v -0.18395680 0.17012025 0.66340405
v -0.08324609 0.13906205 0.74246126
v -0.12931681 -0.24002974 0.47980404
v -0.12931681 -0.23611975 0.47980404
v -0.18396679 0.21309026 0.66339403
v -0.18396679 0.21699028 0.66339403
v -0.12921681 0.12324027 0.70636404
v -0.12927681 0.12324027 0.70632404
v -0.12927681 0.12715027 0.70632404
v -0.12921681 0.11934026 0.70636404
v -0.20536406 0.25252390 0.55648041
v -0.12146680 0.07246026 0.72984403
v -0.12151680 0.07637026 0.72980404
v -0.17613681 0.05293026 0.68683404
v -0.18396679 0.18965027 0.66339403
v -0.18395680 0.14668027 0.66340405
v -0.18396679 0.27559027 0.66339403
v -0.18395680 0.23652028 0.66340405
v -0.17615680 0.15840027 0.68682402
v -0.17613681 0.15449028 0.68683404
v -0.17613681 0.15840027 0.68683404
v -0.17615680 0.16230027 0.68682402
v -0.17615680 0.13105027 0.68682402
v -0.18396679 0.09199026 0.66339403
v -0.17613681 0.22480027 0.68683404
v -0.12151680 0.10762026 0.72980404
v -0.17615680 0.15449028 0.68682402
v -0.18396679 0.20918027 0.66339403
v -0.18395680 0.20918027 0.66340405
v -0.18395680 0.21309026 0.66340405
v -0.18395680 0.18574028 0.66340405
v -0.18395680 0.18965027 0.66340405
v -0.17613681 0.06074026 0.68683404
v -0.17613681 0.05684026 0.68683404
v -0.17615680 0.14668027 0.68682402
v -0.17613681 0.18965027 0.68683404
v -0.18396679 0.19355027 0.66339403
v -0.19923680 0.20429777 0.65140408
v -0.18396679 0.24824025 0.66339403
v -0.18395680 0.24824025 0.66340405
v -0.18395680 0.19355027 0.66340405
v -0.17613681 0.20527028 0.68683404
v -0.17613681 0.20137025 0.68683404
v 0.05016362 0.33364400 -0.86079329
v -0.18395680 0.25215027 0.66340405
v -0.18395680 0.25605026 0.66340405
v -0.17613681 0.24043027 0.68683404
v -0.17615680 0.24434026 0.68682402
v -0.12151680 0.19355027 0.72980404
v -0.12146680 0.19355027 0.72984403
v -0.12151680 0.19746026 0.72980404
v -0.18396679 0.24043027 0.66339403
v -0.18395680 0.24043027 0.66340405
v -0.18396679 0.18574028 0.66339403
v -0.17615680 0.22871026 0.68682402
v -0.17615680 0.23262025 0.68682402
v -0.17613681 0.21309026 0.68683404
v -0.17615680 0.09590026 0.68682402
v -0.17615680 0.17793027 0.68682402
v -0.18396679 0.24434026 0.66339403
v -0.19241926 0.27649766 0.67402172
v -0.12927681 -0.00565974 0.70632404
v -0.18395680 0.24434026 0.66340405
v -0.17615680 0.25605026 0.68682402
v -0.17613681 0.25215027 0.68683404
v -0.17615680 0.22480027 0.68682402
v -0.18395680 0.02559026 0.66340405
v -0.18395680 0.02949026 0.66340405
v -0.18396679 0.26777026 0.66339403
v -0.18396679 0.27168027 0.66339403
v -0.17615680 0.24043027 0.68682402
v -0.17613681 0.27949026 0.68683404
v -0.17613681 0.28340027 0.68683404
v -0.07448680 0.06074026 0.74933404
v -0.07448680 0.06465026 0.74933404
v -0.07448680 -0.04471974 0.74933404
v -0.12927681 0.34199026 -0.44207591
v -0.11197044 0.33396932 -0.43533310
v -0.17613681 -0.03299974 0.68683404
v -0.12927681 -0.07596973 0.70632404
v -0.18395680 0.27168027 0.66340405
v -0.12921681 0.05684026 0.70636404
v -0.12927681 0.05684026 0.70632404
v -0.12927681 0.06074026 0.70632404
v -0.12151680 0.17012025 0.72980404
v -0.12151680 0.17402028 0.72980404
v -0.13583156 0.00779513 0.71854526
v -0.12146680 0.25215027 0.72984403
v -0.12146680 0.24824025 0.72984403
v -0.20418870 -0.36905095 0.66276449
v -0.17613681 0.27559027 0.68683404
v -0.18395680 0.26387027 0.66340405
v -0.18395680 0.26777026 0.66340405
v -0.18395680 0.20527028 0.66340405
v -0.12227869 -0.13039449 0.72924775
v -0.12927681 -0.10330974 0.70632404
v -0.12921681 -0.10330974 0.70636404
v -0.12921681 -0.10721973 0.70636404
v -0.05896680 0.34199026 -0.44207591
v -0.05505680 0.34199026 -0.44207591
v -0.05505680 0.34197026 -0.44205594
v -0.17613681 -0.27127972 0.68683404
v -0.17613681 -0.30643973 0.68683404
v -0.11755680 -0.37281972 0.64777404
v -0.11365680 -0.37283972 0.64776403
v -0.11365680 -0.37279972 0.64777404
v -0.12927681 -0.18533973 0.47970408
v -0.12927681 -0.18924972 0.47970408
v -0.11365680 -0.37283972 0.64778405
v -0.17615680 -0.06424974 0.68682402
v -0.14099678 -0.37775972 0.61652404
v -0.14241077 -0.19974630 0.51153123
v -0.07448680 0.00996026 0.74933404
v -0.07448680 0.00605026 0.74933404
v -0.07458680 0.00996026 0.74925405
v -0.17613681 -0.02908974 0.68683404
v -0.16470174 -0.35038018 -0.41135067
v -0.07458680 -0.35718971 0.67902404
v -0.18279864 -0.36994874 -0.83400732
v -0.07458680 0.12715027 0.74925405
v -0.07458680 0.13105027 0.74925405
v -0.17613681 -0.24002974 0.68683404
v -0.17615680 -0.18924972 0.68682402
v -0.13625479 -0.38064629 0.62050766
v -0.13347007 -0.36876899 0.60749364
v -0.18395680 -0.00565974 0.66340405
v -0.17615680 -0.31424972 0.68682402
v -0.10303680 -0.23221724 0.60675907
v -0.12259528 -0.23312499 0.46356127
v -0.17615680 -0.31815973 0.68682402
v -0.12927681 0.11934026 0.70632404
v -0.10966680 0.14277028 -0.75846595
v -0.10966680 0.14668027 -0.75846595
v -0.07458680 -0.13846973 0.74925405
v -0.07458680 -0.13455974 0.74925405
v -0.07448680 -0.13846973 0.74933404
v -0.17615680 -0.26346973 0.68682402
v -0.12921681 0.01387026 0.70636404
v -0.12927681 0.01777026 0.70632404
v -0.12921681 0.01777026 0.70636404
v -0.17615680 -0.05252974 0.68682402
v -0.19118311 -0.29537192 0.67499352
v -0.17615680 0.03730026 0.68682402
v -0.07448680 0.06855027 0.74933404
v -0.17615680 0.06074026 0.68682402
v 0.06994320 -0.12283973 0.09308406
v 0.06994320 -0.12283973 0.08918406
v 0.06993320 -0.12280974 0.09308406
v -0.17615680 -0.07596973 0.68682402
v -0.10974680 -0.37277973 0.64777404
v -0.10974680 -0.37283972 0.64775407
v -0.10583680 -0.37275973 0.64777404
v -0.18396679 -0.03299974 0.66339403
v -0.18395680 0.01387026 0.66340405
v -0.07458680 0.13887025 0.74925405
v -0.07448680 0.13496026 0.74933404
v -0.07458680 0.13496026 0.74925405
v -0.12927681 -0.24002974 0.47970408
v -0.12927681 -0.11893974 0.70632404
v -0.12927681 -0.12283973 0.70632404
v -0.17615680 -0.29471973 0.68682402
v -0.18396679 -0.02908974 0.66339403
v -0.17613681 -0.06424974 0.68683404
v -0.12921681 -0.02127974 0.70636404
v -0.12921681 -0.02518974 0.70636404
v -0.17615680 0.05684026 0.68682402
v -0.12927681 -0.22440974 0.47970408
v -0.12927681 -0.22049972 0.47970408
v -0.12927681 -0.24393974 0.47970408
v -0.17615680 0.28730026 0.68682402
v -0.17613681 0.28730026 0.68683404
v -0.17613681 0.00215026 0.68683404
v -0.18395680 0.11152026 0.66340405
v -0.12927681 0.04902026 0.70632404
v -0.12927681 0.05293026 0.70632404
v -0.12921681 0.04902026 0.70636404
v -0.12151680 -0.06424974 0.72980404
v -0.12146680 -0.06815974 0.72984403
v -0.12146680 -0.06424974 0.72984403
v -0.10201680 -0.23221973 0.60871404
v -0.10201680 -0.23611975 0.60871404
v -0.10193680 -0.23611975 0.60878402
v -0.07448680 -0.11893974 0.74933404
v -0.18395680 0.03340026 0.66340405
v -0.12921681 -0.12283973 0.70636404
v -0.17615680 0.23652028 0.68682402
v -0.17613681 0.23262025 0.68683404
v -0.10109434 -0.00050504 -0.75069666
v -0.12927681 -0.05252974 0.70632404
v -0.12921681 -0.05643974 0.70636404
v -0.12927681 -0.05643974 0.70632404
v -0.12921681 -0.04861974 0.70636404
v -0.12927681 -0.04861974 0.70632404
v -0.12927681 -0.04471974 0.70632404
v -0.12921681 -0.03690974 0.70636404
v -0.12146680 -0.02518974 0.72984403
v -0.12146680 -0.02908974 0.72984403
v -0.12921681 -0.06424974 0.70636404
v -0.12927681 -0.06424974 0.70632404
v -0.12927681 -0.06033974 0.70632404
v -0.12226921 -0.02287082 -0.76023030
v -0.14242882 -0.26564687 0.51165706
v -0.17315035 0.32871610 -0.43656373
v -0.12151680 0.13105027 0.72980404
v -0.10974680 0.16230027 -0.75853598
v -0.12921681 -0.09940974 0.70636404
v -0.12921681 -0.09549974 0.70636404
v -0.12921681 -0.07986974 0.70636404
v -0.12921681 -0.08768974 0.70636404
v -0.12921681 -0.09158973 0.70636404
v -0.12146680 0.06855027 0.72984403
v -0.07458680 -0.06033974 0.74925405
v -0.17613681 0.16230027 0.68683404
v -0.17613681 0.01387026 0.68683404
v -0.17615680 0.15059026 0.68682402
v -0.18396679 0.12324027 0.66339403
v -0.17615680 0.13496026 0.68682402
v -0.17615680 0.13887025 0.68682402
v -0.00510420 0.00868788 0.64967364
v -0.12921681 0.03730026 0.70636404
v -0.17613681 0.20918027 0.68683404
v -0.17615680 0.21309026 0.68682402
v -0.12921681 0.02559026 0.70636404
v -0.12921681 0.02949026 0.70636404
v -0.17613681 0.10762026 0.68683404
v -0.17615680 0.11152026 0.68682402
v -0.12146680 0.00605026 0.72984403
v -0.12151680 0.08418027 0.72980404
v -0.12146680 0.08418027 0.72984403
v -0.12151680 0.08809026 0.72980404
v -0.12927681 0.11152026 0.70632404
v -0.12927681 0.15449028 0.70632404
v -0.12931681 -0.20486975 0.47980404
v -0.15635975 0.21067967 0.70239711
v -0.18396679 0.20527028 0.66339403
v -0.12921681 0.12715027 0.70636404
v -0.12927681 0.13105027 0.70632404
v -0.12151680 -0.00565974 0.72980404
v -0.12151680 -0.00175974 0.72980404
v -0.17613681 0.18574028 0.68683404
v -0.17613681 0.19746026 0.68683404
v -0.17613681 0.19355027 0.68683404
v -0.12151680 -0.01736974 0.72980404
v -0.12151680 -0.01346974 0.72980404
v -0.07458680 0.08027026 0.74925405
v -0.07458680 0.08418027 0.74925405
v -0.16579887 0.27560383 0.69497126
v -0.15579686 0.08202479 0.70283949
v -0.12921681 0.07637026 0.70636404
v -0.12927681 0.08027026 0.70632404
v -0.12921681 0.08027026 0.70636404
v -0.17615680 0.20137025 0.68682402
v -0.12921681 -0.04080974 0.70636404
v -0.12921681 0.05293026 0.70636404
v -0.20917304 0.23912475 0.66099465
v -0.12927681 0.02949026 0.70632404
v -0.17615680 0.19746026 0.68682402
v -0.10966680 0.12715027 -0.75846595
v -0.12151680 0.11934026 0.72980404
v -0.12146680 0.11543027 0.72984403
v -0.17613681 0.13496026 0.68683404
v -0.12921681 0.22480027 0.70636404
v -0.12927681 0.22871026 0.70632404
v -0.12921681 0.22871026 0.70636404
v -0.12921681 0.13105027 0.70636404
v -0.12927681 0.13496026 0.70632404
v -0.12151680 0.16621026 0.72980404
v -0.17615680 0.16621026 0.68682402
v -0.07448680 0.10762026 0.74933404
v -0.07448680 0.11152026 0.74933404
v -0.10966680 0.11543027 -0.75846595
v -0.17615680 0.25215027 0.68682402
v -0.17613681 0.22090027 0.68683404
v -0.12146680 0.07637026 0.72984403
v -0.18396679 0.28730026 0.66339403
v -0.17613681 0.23652028 0.68683404
v -0.12921681 0.21699028 0.70636404
v -0.12921681 0.22090027 0.70636404
v -0.17516735 0.28739265 0.67049652
v -0.12146680 0.20527028 0.72984403
v -0.12146680 0.20137025 0.72984403
v -0.12146680 0.09980027 0.72984403
v -0.11265897 0.11543043 0.73677325
v -0.10974680 0.11543027 -0.75853598
v -0.10974680 0.11934026 -0.75853598
v -0.10966680 0.13496026 -0.75846595
v -0.10974680 0.13887025 -0.75853598
v -0.10966680 0.13887025 -0.75846595
v -0.17615680 0.29902026 0.68682402
v -0.12146680 0.15059026 0.72984403
v -0.12921681 0.07246026 0.70636404
v -0.12927681 0.21699028 0.70632404
v -0.12927681 0.22090027 0.70632404
v -0.10974680 0.18184026 -0.75853598
v -0.07448680 -0.21268974 0.74933404
v -0.07448680 -0.20877974 0.74933404
v -0.12921681 0.17012025 0.70636404
v -0.12927681 0.17012025 0.70632404
v -0.07458680 -0.04471974 0.74925405
v -0.17613681 0.29512027 0.68683404
v -0.12921681 0.15059026 0.70636404
v -0.13231339 0.33959880 0.71547985
v -0.12927681 0.21309026 0.70632404
v -0.10966680 0.13105027 -0.75846595
v -0.10966680 0.16230027 -0.75846595
v -0.10966680 0.16621026 -0.75846595
v -0.10966680 -0.04471974 -0.75846595
v -0.10974680 -0.04080974 -0.75853598
v -0.10966680 -0.04080974 -0.75846595
v -0.10966680 -0.05252974 -0.75846595
v -0.07448680 0.07246026 0.74933404
v -0.07448680 0.07637026 0.74933404
v -0.05577024 -0.01087997 0.76403421
v -0.10974680 0.13496026 -0.75853598
v -0.10193680 0.34197026 -0.44205594
v -0.10583680 0.34197026 -0.44205594
v -0.10966680 0.15059026 -0.75846595
v -0.10974680 0.15449028 -0.75853598
v -0.11142431 0.36841825 -0.43807676
v -0.10974680 -0.05252974 -0.75853598
v -0.10966680 -0.05643974 -0.75846595
v -0.12151680 0.15449028 0.72980404
v -0.12921681 0.18184026 0.70636404
v -0.12927681 0.18574028 0.70632404
v -0.12921681 0.18574028 0.70636404
v -0.12921681 0.24434026 0.70636404
v -0.12927681 0.19746026 0.70632404
v -0.12927681 0.19355027 0.70632404
v -0.12927681 0.18965027 0.70632404
v -0.04273679 -0.36791331 0.65005201
v -0.20821841 0.38125238 -0.23490085
v -0.07068680 0.34199026 -0.44207591
v -0.06677680 0.34199026 -0.44207591
v -0.06677680 0.34197026 -0.44205594
v -0.06470042 0.35955572 -0.44291401
v -0.22611116 0.38671091 -0.85448486
v -0.07849680 0.34199026 -0.44207591
v -0.07458680 0.34199026 -0.44207591
v -0.07458680 0.34197026 -0.44205594
v -0.07458680 0.04512026 0.74925405
v -0.10975479 0.35761946 0.60872388
v -0.10974680 0.35751027 0.60871404
v -0.12146680 0.21699028 0.72984403
v -0.12146680 0.21309026 0.72984403
v 0.30040321 0.33418027 0.41340405
v -0.01208680 0.34197026 -0.44205594
v -0.06028814 0.33026090 -0.43279758
v -0.11716861 0.34596235 -0.44385195
v -0.10974680 -0.04861974 -0.75853598
v -0.10974680 -0.04471974 -0.75853598
v -0.10966680 -0.04861974 -0.75846595
v -0.12537681 0.34197026 -0.44205594
v -0.12537681 0.34199026 -0.44207591
v -0.11755680 0.35762027 0.60872406
v -0.13380174 0.35554734 0.60807312
v -0.05586283 -0.17594437 0.76396239
v -0.12927681 -0.10721973 0.70632404
v -0.12921681 -0.11111974 0.70636404
v -0.14490680 -0.38058972 0.62043405
v -0.13680576 -0.36003530 0.65227878
v -0.07458680 -0.16190974 0.74925405
v -0.07458680 -0.15799972 0.74925405
v -0.11104539 -0.38123980 0.65783489
v -0.10193680 -0.37273973 0.64777404
v -0.12927681 -0.20877974 0.47970408
v -0.10193680 -0.22440974 0.60878402
v -0.09802680 -0.37272972 0.64777404
v -0.07448680 -0.17361975 0.74933404
v -0.07448680 -0.16971973 0.74933404
v -0.12927681 0.02559026 0.70632404
v -0.05705870 -0.37273893 0.64777201
v -0.12927681 0.10762026 0.70632404
v -0.10201680 -0.22440974 0.60871404
v -0.10201680 -0.22830974 0.60871404
v -0.10193680 -0.22830974 0.60878402
v -0.12921681 0.14277028 0.70636404
v -0.07458680 -0.20096973 0.74925405
v -0.07448680 -0.20486975 0.74933404
v -0.07458680 -0.20486975 0.74925405
v -0.11504374 -0.27716324 0.73492193
v -0.10636895 -0.01786689 -0.73867327
v -0.12927681 -0.11111974 0.70632404
v -0.12921681 0.13887025 0.70636404
v -0.12927681 0.14277028 0.70632404
v -0.07458680 -0.00955974 0.74925405
v -0.07458680 -0.00565974 0.74925405
v -0.12927681 0.06465026 0.70632404
v -0.10974680 -0.37283972 0.64778405
v -0.12921681 -0.00955974 0.70636404
v -0.12930736 -0.24509671 0.47978038
v -0.07448680 0.04121026 0.74933404
v -0.12927681 -0.12674974 0.70632404
v -0.12921681 -0.12674974 0.70636404
v -0.12146680 -0.06033974 0.72984403
v -0.12921681 -0.01736974 0.70636404
v -0.07458680 -0.18924972 0.74925405
v -0.07448680 -0.19315974 0.74933404
v -0.07458680 -0.19315974 0.74925405
v -0.12921681 -0.04471974 0.70636404
v -0.12927681 0.02168026 0.70632404
v -0.12921681 0.16230027 0.70636404
v -0.12927681 0.16621026 0.70632404
v -0.12146680 -0.02127974 0.72984403
v -0.12146680 -0.01736974 0.72984403
v -0.12927681 -0.09158973 0.70632404
v -0.12927681 0.20137025 0.70632404
v -0.12927681 0.20527028 0.70632404
v -0.12927681 -0.09940974 0.70632404
v -0.10193680 -0.18533973 0.60878402
v -0.12146680 -0.01346974 0.72984403
v -0.12146680 -0.00955974 0.72984403
v -0.10193680 -0.21658973 0.60878402
v -0.12151680 0.03730026 0.72980404
v -0.12151680 0.04121026 0.72980404
v -0.10201680 -0.17752974 0.60871404
v -0.10201680 -0.18143974 0.60871404
v -0.10193680 -0.18143974 0.60878402
v -0.10193680 -0.19315974 0.60878402
v -0.12927681 -0.02518974 0.70632404
v -0.12921681 -0.02908974 0.70636404
v -0.10201680 -0.21658973 0.60871404
v -0.10201680 -0.22049972 0.60871404
v -0.10193680 -0.22049972 0.60878402
v -0.10193680 -0.24002974 0.60878402
v -0.07448680 -0.11111974 0.74933404
v -0.07448680 -0.10721973 0.74933404
v -0.10201680 -0.16971973 0.60871404
v -0.10201680 -0.19315974 0.60871404
v -0.12927681 0.07246026 0.70632404
v -0.12927681 0.06855027 0.70632404
v -0.12921681 -0.06033974 0.70636404
v -0.12921681 -0.05252974 0.70636404
v -0.12921681 -0.06815974 0.70636404
v -0.12927681 -0.06815974 0.70632404
v -0.12927681 0.03730026 0.70632404
v -0.12151680 -0.05252974 0.72980404
v -0.12927681 0.00215026 0.70632404
v -0.12921681 0.00215026 0.70636404
v -0.12146680 0.00996026 0.72984403
v -0.12146680 0.01387026 0.72984403
v -0.12921681 0.00996026 0.70636404
v -0.12927681 0.01387026 0.70632404
v -0.12927681 0.08418027 0.70632404
v -0.12921681 -0.03299974 0.70636404
v -0.08039813 0.25203276 0.74470294
v -0.12151680 0.09590026 0.72980404
v -0.07448680 -0.07596973 0.74933404
v -0.10967688 -0.03545808 -0.75850236
v -0.12927681 0.03340026 0.70632404
v -0.12151680 -0.06815974 0.72980404
v -0.12146680 -0.07205974 0.72984403
v -0.12921681 0.03340026 0.70636404
v -0.12921681 0.02168026 0.70636404
v -0.12146680 -0.05252974 0.72984403
v -0.12151680 -0.04861974 0.72980404
v -0.12146680 -0.03690974 0.72984403
v -0.12921681 0.13496026 0.70636404
v -0.10663656 0.12156191 -0.69087160
v -0.07448680 0.04902026 0.74933404
v -0.07448680 0.04512026 0.74933404
v -0.12921681 0.06074026 0.70636404
v -0.12921681 0.09590026 0.70636404
v -0.10974374 0.10932183 -0.75854212
v -0.10966680 0.11152026 -0.75846595
v -0.12146680 0.02559026 0.72984403
v -0.12151680 0.02949026 0.72980404
v -0.12151680 0.05684026 0.72980404
v -0.12927681 0.07637026 0.70632404
v -0.07448680 0.03730026 0.74933404
v -0.07448680 0.02168026 0.74933404
v -0.12146680 -0.00565974 0.72984403
v -0.12146680 -0.00175974 0.72984403
v -0.12151680 0.02168026 0.72980404
v -0.12151680 0.00996026 0.72980404
v -0.12151680 0.14668027 0.72980404
v -0.12146680 0.14668027 0.72984403
v -0.12151680 0.15059026 0.72980404
v -0.07458680 0.06855027 0.74925405
v -0.07458680 0.07246026 0.74925405
v -0.10193680 -0.23221973 0.60878402
v -0.12927681 0.13887025 0.70632404
v -0.12146680 0.05293026 0.72984403
v -0.12146680 0.05684026 0.72984403
v -0.07458680 0.06074026 0.74925405
v -0.12151680 0.06074026 0.72980404
v -0.12151680 0.06465026 0.72980404
v -0.10974680 0.13105027 -0.75853598
v -0.12921681 0.15449028 0.70636404
v -0.17270261 0.14536774 -0.76342124
v -0.12151680 -0.02518974 0.72980404
v -0.12151680 -0.02127974 0.72980404
v -0.12151680 0.09980027 0.72980404
v -0.12151680 0.10371026 0.72980404
v -0.12146680 0.04902026 0.72984403
v -0.07458680 0.01387026 0.74925405
v -0.12146680 0.00215026 0.72984403
v -0.12151680 0.11543027 0.72980404
v -0.12146680 0.11152026 0.72984403
v -0.12921681 0.17402028 0.70636404
v -0.07448680 0.03340026 0.74933404
v -0.07458680 0.03730026 0.74925405
v -0.12146680 0.14277028 0.72984403
v -0.12146680 0.09590026 0.72984403
v -0.12921681 0.18965027 0.70636404
v -0.10974680 0.14277028 -0.75853598
v -0.10974680 0.14668027 -0.75853598
v -0.12921681 0.16621026 0.70636404
v -0.07448680 0.08809026 0.74933404
v -0.12146680 0.17012025 0.72984403
v -0.12146680 0.17402028 0.72984403
v -0.16354544 0.22452421 0.67941505
v -0.12146680 0.20918027 0.72984403
v -0.12151680 0.17793027 0.72980404
v -0.12146680 0.17793027 0.72984403
v -0.12927681 0.23262025 0.70632404
v -0.12927681 0.24824025 0.70632404
v -0.12927681 0.25215027 0.70632404
v -0.12921681 0.19355027 0.70636404
v -0.12927681 0.23652028 0.70632404
v -0.12921681 0.19746026 0.70636404
v -0.12151680 0.12715027 0.72980404
v -0.12151680 0.08027026 0.72980404
v -0.12927681 0.22480027 0.70632404
v -0.12151680 0.23262025 0.72980404
v -0.12146680 0.23262025 0.72984403
v -0.12151680 0.23652028 0.72980404
v -0.07458680 0.08809026 0.74925405
v -0.07448680 0.11934026 0.74933404
v -0.07448680 0.12324027 0.74933404
v -0.12921681 0.20918027 0.70636404
v -0.12921681 0.21309026 0.70636404
v -0.12151680 0.21309026 0.72980404
v -0.12927681 0.20918027 0.70632404
v -0.12921681 0.20527028 0.70636404
v -0.12921681 0.20137025 0.70636404
v -0.12151680 0.18574028 0.72980404
v -0.12146680 0.18184026 0.72984403
v -0.12146680 0.18574028 0.72984403
v -0.09480743 0.11403416 0.73338187
v -0.11755680 0.35753027 0.60871404
v -0.11365680 0.35752028 0.60871404
v -0.12921681 0.24824025 0.70636404
v -0.10666211 0.22090200 0.74149394
v -0.12151680 0.21699028 0.72980404
v -0.12146680 0.25996026 0.72984403
v -0.12146680 0.26387027 0.72984403
v -0.12987348 0.24293853 0.72323292
v -0.12146680 0.19746026 0.72984403
v -0.15611354 0.28987780 0.70259041
v -0.12151680 0.22871026 0.72980404
v -0.12146680 0.22871026 0.72984403
v -0.12151680 0.25996026 0.72980404
v -0.12151680 0.27949026 0.72980404
v -0.12146680 0.27559027 0.72984403
v -0.12146680 0.27949026 0.72984403
v -0.09802680 0.34197026 -0.44205594
v -0.09802680 0.34199026 -0.44207591
v -0.09412680 0.34197026 -0.44205594
v -0.12927681 -0.20096973 0.47970408
v -0.12927681 -0.20486975 0.47970408
v -0.09802680 -0.37283972 0.64779407
v -0.09412680 -0.37283972 0.64779407
v -0.14852753 0.35990506 0.61010784
v -0.12151680 0.22480027 0.72980404
v -0.12151680 0.24824025 0.72980404
v -0.12151680 0.18184026 0.72980404
v -0.10974680 0.15059026 -0.75853598
v -0.07458680 0.14668027 0.74925405
v -0.09035947 0.21712044 0.73686701
v -0.12151680 0.14277028 0.72980404
v -0.08921133 0.34595692 -0.44384971
v -0.10193680 0.34199026 -0.44207591
v -0.10583680 0.34199026 -0.44207591
v -0.12146680 0.35762027 0.60872406
v -0.11365680 0.34197026 -0.44205594
v -0.10974680 0.34197026 -0.44205594
v -0.07068680 -0.35721973 0.67895406
v -0.07458680 -0.35721973 0.67896402
v -0.07068680 -0.35718971 0.67902404
v 0.19882320 -0.44705972 -0.03190594
v 0.19882320 -0.44705972 -0.03580594
v -0.05548147 -0.13122296 0.76426035
v -0.12813479 -0.27891988 0.56168461
v -0.07448680 -0.16580974 0.74933404
v -0.07458680 -0.15408973 0.74925405
v -0.07458680 -0.15018974 0.74925405
v -0.07448680 -0.17752974 0.74933404
v -0.07458680 -0.17752974 0.74925405
v -0.04724680 -0.36111972 0.65169406
v -0.05115680 -0.36111972 0.65168405
v -0.07458680 -0.16580974 0.74925405
v -0.09674499 -0.37511218 0.64664650
v -0.09302966 -0.37270278 0.64777464
v -0.06326969 -0.36652163 0.65650213
v -0.10426843 -0.21735425 0.60434508
v -0.12927681 -0.23221973 0.47970408
v -0.12927681 -0.22830974 0.47970408
v -0.07448680 -0.18143974 0.74933404
v -0.03552680 -0.36111972 0.65169406
v -0.03552680 -0.36116973 0.65168405
v -0.03162680 -0.36117974 0.65168405
v -0.07448680 -0.09940974 0.74933404
v -0.07458680 -0.09549974 0.74925405
v -0.12146680 0.08027026 0.72984403
v -0.07898513 -0.35720414 0.67901528
v -0.10634496 0.02162927 0.74174309
v -0.10193680 -0.20096973 0.60878402
v -0.10193680 -0.20486975 0.60878402
v -0.06677680 -0.35717973 0.67902404
v -0.06677680 -0.35721973 0.67894405
v -0.10242638 -0.17103770 0.60835022
v -0.10419870 -0.19048487 0.60451430
v -0.10201680 -0.21268974 0.60871404
v -0.10193680 -0.21268974 0.60878402
v -0.10201680 -0.18533973 0.60871404
v -0.10193680 -0.18924972 0.60878402
v -0.11722721 -0.22148077 0.71568012
v -0.12927681 -0.23611975 0.47970408
v -0.07458680 -0.20877974 0.74925405
v -0.07458680 -0.21268974 0.74925405
v -0.12927681 -0.21268974 0.47970408
v -0.13637520 -0.18016820 0.71811825
v 0.06993320 -0.12280974 0.13215406
v 0.06994320 -0.12283973 0.12824406
v 0.06994320 -0.12283973 0.13215406
v -0.10193680 -0.19705974 0.60878402
v -0.10201680 -0.19705974 0.60871404
v -0.10193680 -0.16776474 0.60878402
v -0.10201680 -0.20096973 0.60871404
v -0.12151680 0.11152026 0.72980404
v -0.12931681 -0.21268974 0.47980404
v -0.12148999 -0.07241759 0.72982550
v -0.14351241 -0.06410737 0.71250397
v -0.12927681 -0.21658973 0.47970408
v -0.12146680 0.04512026 0.72984403
v -0.10095930 -0.15714443 0.60924155
v -0.10201680 -0.20486975 0.60871404
v -0.10201680 -0.20877974 0.60871404
v -0.10193680 -0.20877974 0.60878402
v -0.10201680 -0.17361975 0.60871404
v -0.10193680 -0.17361975 0.60878402
v -0.10201680 -0.18924972 0.60871404
v -0.07448680 -0.20096973 0.74933404
v -0.07448680 -0.18924972 0.74933404
v -0.07458680 -0.14627974 0.74925405
v -0.07458680 -0.19705974 0.74925405
v -0.07448680 -0.19705974 0.74933404
v -0.07458680 0.11152026 0.74925405
v -0.07458680 0.11543027 0.74925405
v -0.03943680 -0.36111972 0.65169406
v -0.12151680 -0.03690974 0.72980404
v -0.06677680 -0.16190974 0.77287406
v -0.06683680 -0.16385974 0.77282405
v -0.04719652 -0.17763370 0.78827399
v -0.12151680 0.01777026 0.72980404
v -0.07448680 -0.14627974 0.74933404
v -0.07448680 -0.15018974 0.74933404
v -0.10193680 -0.17752974 0.60878402
v -0.10974680 -0.03690974 -0.75853598
v -0.07448680 -0.13455974 0.74933404
v -0.07458680 -0.10721973 0.74925405
v -0.07458680 -0.10330974 0.74925405
v -0.07448680 -0.06424974 0.74933404
v -0.07448680 -0.06033974 0.74933404
v -0.07849680 -0.35721973 0.67897403
v -0.12146680 -0.05643974 0.72984403
v -0.12927681 -0.19705974 0.47970408
v -0.07546506 -0.14414783 0.76603431
v -0.02771680 -0.36118972 0.65168405
v -0.07448680 -0.07205974 0.74933404
v -0.04139107 -0.14118212 -0.67829776
v 0.04782739 -0.08250342 0.16930462
v -0.12151680 0.00605026 0.72980404
v -0.07448680 -0.08768974 0.74933404
v -0.07458680 -0.08768974 0.74925405
v -0.07448680 -0.12674974 0.74933404
v -0.07448680 -0.12283973 0.74933404
v 0.10116320 -0.01346974 0.91730404
v 0.10116320 -0.00955974 0.91730404
v 0.10118320 -0.01346974 0.91728407
v -0.07458680 -0.06815974 0.74925405
v -0.07448680 -0.14236975 0.74933404
v -0.12146680 -0.03299974 0.72984403
v -0.09447484 0.07552810 0.73364729
v -0.07458680 -0.05643974 0.74925405
v -0.07458680 -0.07596973 0.74925405
v -0.07458680 -0.07205974 0.74925405
v -0.12151680 0.00215026 0.72980404
v -0.09903376 -0.04980839 0.74746943
v -0.12151680 -0.03299974 0.72980404
v -0.12151680 -0.02908974 0.72980404
v -0.06434886 -0.20096955 0.75729942
v -0.07458680 0.07637026 0.74925405
v 0.06212320 -0.02908974 0.87428403
v 0.06218320 -0.03299974 0.87433404
v -0.07448680 -0.00175974 0.74933404
v -0.07458680 -0.00175974 0.74925405
v -0.12146680 0.01777026 0.72984403
v -0.07458680 -0.08377974 0.74925405
v -0.07448680 0.09590026 0.74933404
v -0.07458680 -0.14236975 0.74925405
v -0.08694323 -0.06281738 0.73955989
v -0.12146680 0.34197026 -0.44205594
v -0.12146680 0.34199026 -0.44207591
v 0.07420987 -0.16147690 0.69448423
v -0.12146680 0.02168026 0.72984403
v -0.12151680 0.04512026 0.72980404
v -0.07458680 -0.09940974 0.74925405
v -0.12146680 0.03730026 0.72984403
v -0.07448680 -0.01346974 0.74933404
v -0.07454123 -0.21847080 0.74929053
v -0.07448680 -0.21658973 0.74933404
v -0.07448680 0.08027026 0.74933404
v -0.12151680 0.27559027 0.72980404
v -0.12146680 0.27168027 0.72984403
v -0.12151680 0.03340026 0.72980404
v -0.12146680 0.02949026 0.72984403
v -0.12146680 0.03340026 0.72984403
v -0.07448680 -0.01736974 0.74933404
v -0.07448680 -0.06815974 0.74933404
v -0.12146680 0.04121026 0.72984403
v -0.12146680 0.06074026 0.72984403
v -0.07448680 -0.05643974 0.74933404
v -0.07448680 -0.00565974 0.74933404
v 0.09725320 0.14668027 0.59699404
v 0.09727320 0.14668027 0.59693402
v 0.09725320 0.15059026 0.59699404
v 0.04649320 0.00996026 0.62827402
v -0.12146680 0.06465026 0.72984403
v -0.01599680 -0.13845973 -0.68424594
v -0.10974680 0.16621026 -0.75853598
v -0.12151680 0.16230027 0.72980404
v -0.10974680 0.17793027 -0.75853598
v -0.12146680 0.13105027 0.72984403
v -0.12146680 0.12715027 0.72984403
v -0.07448680 0.08418027 0.74933404
v -0.07458680 0.10762026 0.74925405
v -0.07458680 0.06465026 0.74925405
v -0.12151680 0.28340027 0.72980404
v -0.12146680 0.28340027 0.72984403
v -0.12151680 0.13496026 0.72980404
v -0.12146680 0.13496026 0.72984403
v -0.07448680 0.12715027 0.74933404
v -0.07448680 0.13887025 0.74933404
v -0.07458680 -0.06424974 0.74925405
v -0.12151680 0.13887025 0.72980404
v -0.12146680 0.13887025 0.72984403
v -0.12146680 0.10371026 0.72984403
v -0.12146680 0.10762026 0.72984403
v -0.15582737 0.23059452 0.70281583
v -0.07448680 0.09980027 0.74933404
v -0.10630144 0.16230763 0.74177545
v -0.09427764 0.16791826 0.73379886
v -0.03125358 0.12575573 0.78338814
v -0.07458680 0.14277028 0.74925405
v -0.07448680 0.14277028 0.74933404
v -0.07448680 0.10371026 0.74933404
v -0.06871153 0.07537649 0.77132666
v -0.07448680 0.13105027 0.74933404
v -0.07458680 0.11934026 0.74925405
v -0.07448680 0.15059026 0.74933404
v -0.07448680 0.14668027 0.74933404
v -0.07458680 0.15059026 0.74925405
v 0.06212320 0.06074026 0.87428403
v 0.06212320 0.05684026 0.87428403
v -0.07458680 0.17012025 0.74925405
v -0.07448680 0.16621026 0.74933404
v -0.07458680 0.16621026 0.74925405
v -0.12151680 0.18965027 0.72980404
v -0.07448680 0.15449028 0.74933404
v -0.12146680 0.16621026 0.72984403
v -0.07458680 0.12324027 0.74925405
v -0.12146680 0.22480027 0.72984403
v -0.12146680 0.22090027 0.72984403
v -0.12146680 0.18965027 0.72984403
v -0.12146680 0.25605026 0.72984403
v -0.07448680 0.11543027 0.74933404
v -0.07458680 0.15840027 0.74925405
v -0.07458680 0.15449028 0.74925405
v -0.12151680 0.27168027 0.72980404
v -0.12146680 0.26777026 0.72984403
v 0.10956196 -0.24117145 -0.70847976
v -0.12151680 0.22090027 0.72980404
v -0.03552680 0.34197026 -0.44205594
v -0.03162680 0.34197026 -0.44205594
v -0.01742677 0.18503670 0.79422420
v -0.12151680 0.25215027 0.72980404
v -0.12151680 0.25605026 0.72980404
v -0.10831228 0.27639514 0.74020708
v -0.07068680 0.34197026 -0.44205594
v -0.08630680 0.34197026 -0.44205594
v -0.08240680 0.34197026 -0.44205594
v -0.12151680 0.28730026 0.72980404
v -0.12148938 0.28730041 0.72982603
v -0.11365680 0.34199026 -0.44207591
v -0.10974680 0.34199026 -0.44207591
v -0.08240680 0.34199026 -0.44207591
v -0.07849680 0.34197026 -0.44205594
v -0.03943680 0.34197026 -0.44205594
v 0.01915320 -0.04867974 -0.39127594
v 0.02305320 -0.04867974 -0.39127594
v 0.01915320 -0.04861974 -0.39125592
v -0.11755680 0.34199026 -0.44207591
v 0.02270538 0.35445920 -0.44440314
v -0.07448680 -0.16190974 0.74933404
v 0.06212320 -0.11111974 0.87428403
v 0.06212320 -0.11502974 0.87428403
v -0.09412680 0.34199026 -0.44207591
v -0.05585872 0.04915800 0.76396471
v -0.11365680 0.35762027 0.60872406
v -0.14814799 0.35502866 0.64992172
v -0.09021680 0.34199026 -0.44207591
v -0.09021680 0.34197026 -0.44205594
v -0.05115680 0.34199026 -0.44207591
v -0.05115680 0.34197026 -0.44205594
v -0.04724680 0.34197026 -0.44205594
v -0.02380680 0.34199026 -0.44207591
v -0.01990680 0.34199026 -0.44207591
v -0.01990680 0.34197026 -0.44205594
v -0.17739666 0.32692623 0.21899043
v -0.06287680 -0.35721973 0.67892402
v -0.02380680 -0.36118972 0.65168405
v -0.01471201 -0.36503041 0.65018702
v -0.01990680 -0.36119974 0.65168405
v -0.08630680 0.34199026 -0.44207591
v -0.02380680 0.34197026 -0.44205594
v -0.10206337 -0.20965955 0.41450673
v -0.08868962 -0.24443260 0.61446053
v 0.06212320 -0.18143974 0.87428403
v 0.06212320 -0.18533973 0.87428403
v -0.06287680 -0.35717973 0.67902404
v -0.04724680 -0.36114973 0.65168405
v -0.06689680 -0.15799972 0.77277404
v -0.09171218 -0.19305077 0.61321330
v 0.00098252 -0.38208243 0.65225309
v -0.05896680 -0.35716972 0.67902404
v -0.03162680 -0.36111972 0.65170407
v -0.02771680 -0.36111972 0.65170407
v -0.03216570 -0.35299566 0.64773160
v -0.07458680 -0.11893974 0.74925405
v -0.07458680 -0.11502974 0.74925405
v 0.01301489 -0.00612589 -0.37383571
v -0.07458680 -0.13065974 0.74925405
v -0.07458680 -0.11111974 0.74925405
v -0.07448680 -0.11502974 0.74933404
v -0.07448680 -0.13065974 0.74933404
v -0.07458680 -0.12674974 0.74925405
v -0.06689680 -0.15408973 0.77277404
v 0.04649320 -0.02518974 0.62827402
v 0.14805321 -0.23610973 -0.70377594
v -0.06677680 -0.15799972 0.77287406
v -0.06683680 -0.15213974 0.77282405
v -0.07448680 -0.10330974 0.74933404
v 0.19301890 -0.12824042 -0.69571543
v -0.07458680 -0.12283973 0.74925405
v 0.04649320 0.02559026 0.62827402
v 0.06994320 -0.12283973 0.18683407
v 0.06994320 -0.12283973 0.19074406
v 0.06993320 -0.12280974 0.19074406
v 0.14804265 -0.23609248 -0.70755261
v 0.00352320 0.34199026 -0.44207591
v -0.16686136 -0.35561141 -0.44504657
v -0.01857904 0.02855347 0.79321486
v 0.09725320 0.04512026 0.59699404
v 0.09725320 0.04902026 0.59699404
v -0.06287680 0.34197026 -0.44205594
v -0.06287680 0.34199026 -0.44207591
v -0.05896680 0.34197026 -0.44205594
v 0.04649320 0.20918027 0.62827402
v 0.04649320 0.21309026 0.62827402
v -0.02620168 0.33027956 -0.43281341
v -0.15807748 -0.36785036 -0.04964967
v -0.03097476 -0.06424533 0.80130565
v -0.01925735 -0.36112589 0.65170670
v 0.05931419 -0.00385008 0.62298959
v -0.01599680 0.34197026 -0.44205594
v -0.04724680 0.34199026 -0.44207591
v -0.04333680 0.34197026 -0.44205594
v -0.02919766 0.35778728 -0.44323936
v -0.01990680 -0.13846973 -0.68423593
v -0.02380680 -0.13845973 -0.68424594
v -0.01208680 -0.13845973 -0.68424594
v -0.04333680 -0.36111972 0.65169406
v -0.03943680 -0.36115974 0.65168405
v 0.03868320 -0.36892974 0.68683404
v -0.04333680 -0.36115974 0.65168405
v 0.06218320 -0.18533973 0.87433404
v -0.00818680 -0.13846973 -0.68423593
v -0.00427680 -0.13846973 -0.68423593
v -0.00818680 -0.13845973 -0.68424594
v 0.09337320 -0.13845973 -0.68424594
v 0.09337320 -0.13846973 -0.68423593
v 0.08946320 -0.13845973 -0.68424594
v 0.11761262 -0.37282914 0.64367032
v -0.01208680 -0.13846973 -0.68423593
v 0.48621795 -0.25200567 0.08270697
v 0.01524320 -0.13846973 -0.68423593
v -0.00427680 -0.13845973 -0.68424594
v 0.06994320 -0.12283973 0.12043406
v 0.06602320 -0.11570974 0.12824406
v 0.06993320 -0.12280974 0.12043406
v -0.01990680 -0.13845973 -0.68424594
v 0.07774320 -0.13845973 -0.68424594
v 0.08165320 -0.13845973 -0.68424594
v 0.06993320 -0.12280974 0.01105406
v 0.06993320 -0.12280974 0.00715406
v 0.06994320 -0.12283973 0.00715406
v -0.10726406 -0.12433627 0.41033322
v 0.06993320 -0.12280974 0.13996406
v 0.06993320 -0.12280974 0.13605407
v 0.06994320 -0.12283973 0.13605407
v 0.03087320 -0.13845973 -0.68424594
v 0.03087320 -0.13846973 -0.68423593
v 0.02696320 -0.13845973 -0.68424594
v 0.06212320 -0.18924972 0.87428403
v 0.06212320 -0.19315974 0.87428403
v 0.06218320 -0.19315974 0.87433404
v 0.01524320 -0.04861974 -0.39125592
v 0.06212320 0.02168026 0.87428403
v 0.06218320 0.01777026 0.87433404
v 0.06218320 0.02168026 0.87433404
v 0.06602320 -0.13845973 -0.68424594
v 0.06993320 -0.13845973 -0.68424594
v 0.06993320 -0.13846973 -0.68423593
v -0.02430144 -0.06280036 0.78877527
v 0.01942286 -0.06229287 -0.39692944
v 0.02288139 -0.11147271 0.75720513
v 0.10104961 -0.16732062 0.91740865
v 0.06212320 -0.02127974 0.87428403
v 0.10116320 -0.04080974 0.91730404
v -0.04207022 -0.07885211 -0.40319738
v 0.03873320 0.07246026 0.73761404
v 0.03873320 0.06855027 0.73761404
v 0.03873320 0.11543027 0.73761404
v 0.09727320 0.04902026 0.59693402
v 0.09727320 0.05293026 0.59693402
v 0.09725320 0.05293026 0.59699404
v 0.04649320 0.15449028 0.62827402
v 0.04649320 0.15840027 0.62827402
v 0.10118320 -0.15799972 0.91728407
v -0.03552680 0.34199026 -0.44207591
v 0.06212320 -0.22049972 0.87428403
v 0.06218320 -0.22440974 0.87433404
v 0.06218320 -0.22049972 0.87433404
v 0.04260384 0.02865892 0.85893112
v 0.02294035 0.13094519 0.75714451
v 0.06212320 0.05293026 0.87428403
v 0.06218320 0.04902026 0.87433404
v 0.06218320 0.05293026 0.87433404
v 0.06212320 0.11543027 0.87428403
v 0.06212320 0.11152026 0.87428403
v 0.06218320 0.11152026 0.87433404
v 0.04150320 -0.36893973 0.68683404
v 0.04652703 0.14569712 0.62825954
v 0.03873320 -0.01736974 0.73761404
v 0.03873320 -0.02127974 0.73761404
v -0.00036563 0.13209215 0.82523263
v -0.04333680 0.34199026 -0.44207591
v -0.03943680 0.34199026 -0.44207591
v 0.06212320 0.13496026 0.87428403
v 0.06212320 0.13105027 0.87428403
v 0.06218320 0.13105027 0.87433404
v 0.10238817 0.04842333 0.58459365
v -0.00037680 0.34199026 -0.44207591
v 0.00352320 0.34197026 -0.44205594
v -0.02771680 0.34197026 -0.44205594
v -0.02771680 0.34199026 -0.44207591
v 0.04656320 0.21309026 0.62824404
v 0.04649320 0.21699028 0.62827402
v 0.04656320 0.14668027 0.62824404
v 0.04656320 0.15840027 0.62824404
v 0.04656320 0.15449028 0.62824404
v 0.00352320 -0.13845973 -0.68424594
v -0.00427680 0.34199026 -0.44207591
v -0.03162680 0.34199026 -0.44207591
v -0.01599680 0.34199026 -0.44207591
v 0.09725320 0.17402028 0.59699404
v 0.09725320 0.14277028 0.59699404
v 0.03873320 0.09199026 0.73761404
v -0.00348223 -0.36046523 0.65186614
v 0.00743320 0.34199026 -0.44207591
v 0.09727320 0.09590026 0.59693402
v 0.09727320 0.09980027 0.59693402
v 0.09725320 0.09980027 0.59699404
v 0.07383320 -0.36505973 0.65949404
v 0.04649320 0.34980026 0.66735405
v 0.04258320 0.34980026 0.66736406
v -0.00818680 0.34197026 -0.44205594
v 0.03776780 0.34249982 0.77462697
v 0.01716968 -0.36490467 0.65047461
v 0.00656283 -0.30798668 0.82582724
v -0.02380680 -0.36111972 0.65170407
v 0.11290320 -0.20094974 0.10480406
v 0.11290320 -0.20094974 0.10871406
v 0.04649156 -0.36894652 0.68684405
v 0.00352320 -0.04867974 -0.39127594
v 0.06212320 -0.23221973 0.87428403
v 0.01915320 -0.13845973 -0.68424594
v 0.01133320 -0.13845973 -0.68424594
v 0.06993320 -0.12280974 0.18683407
v 0.06602320 -0.11570974 0.19074406
v 0.03873320 -0.14236975 0.73761404
v 0.08186617 -0.20517558 0.88981885
v 0.02232848 -0.13553081 -0.68887728
v -0.00037680 -0.13845973 -0.68424594
v 0.06218320 -0.24783973 0.87433404
v 0.06218320 -0.25174972 0.87433404
v 0.01915320 -0.13846973 -0.68423593
v 0.02305320 -0.13846973 -0.68423593
v 0.08661733 -0.13560389 -0.68878096
v -0.01599680 -0.13846973 -0.68423593
v -0.01845849 -0.13549566 -0.68888527
v 0.06602320 -0.11570974 0.03449406
v 0.06994320 -0.12283973 0.04230406
v 0.06993320 -0.12280974 0.04230406
v 0.03087320 -0.04861974 -0.39125592
v 0.02696320 -0.04861974 -0.39125592
v 0.00743320 -0.13845973 -0.68424594
v -0.00037680 -0.13846973 -0.68423593
v 0.01954723 -0.06369023 -0.39737019
v -0.00037680 -0.04861974 -0.39125592
v 0.06212320 -0.07986974 0.87428403
v 0.03873320 -0.01346974 0.73761404
v 0.06212320 -0.16971973 0.87428403
v 0.06212320 -0.17361975 0.87428403
v 0.06218320 -0.17361975 0.87433404
v 0.04258320 -0.13846973 -0.68423593
v 0.03868320 -0.13845973 -0.68424594
v 0.04784641 -0.08255355 0.12817948
v 0.02696320 -0.04867974 -0.39127594
v 0.03087320 -0.04867974 -0.39127594
v 0.06993320 -0.12280974 0.10090406
v 0.06993320 -0.12280974 0.09699406
v 0.06994320 -0.12283973 0.09699406
v 0.06212320 -0.05252974 0.87428403
v 0.06218320 -0.05643974 0.87433404
v 0.06218320 -0.05252974 0.87433404
v 0.00352320 -0.04861974 -0.39125592
v 0.00743320 -0.04867974 -0.39127594
v 0.00743320 -0.04861974 -0.39125592
v 0.00514949 -0.02889577 0.82952815
v 0.18056956 -0.48539355 -0.01905251
v 0.01133320 -0.04867974 -0.39127594
v 0.03873320 -0.14627974 0.73761404
v 0.07810014 -0.36735815 0.65131712
v 0.09939485 -0.33889711 0.72298336
v 0.06218320 -0.16580974 0.87433404
v 0.06212320 -0.05643974 0.87428403
v 0.06212320 0.10762026 0.87428403
v 0.06212320 0.10371026 0.87428403
v 0.10116320 -0.10721973 0.91730404
v 0.10118320 -0.10721973 0.91728407
v 0.10118320 -0.11111974 0.91728407
v 0.10116320 -0.11111974 0.91730404
v 0.10116320 -0.11502974 0.91730404
v 0.06602320 -0.11570974 0.22199406
v 0.03868320 0.07246026 0.73767406
v 0.03868320 0.06855027 0.73767406
v 0.06993320 -0.12280974 0.06574406
v 0.06994320 -0.12283973 0.06183406
v 0.06994320 -0.12283973 0.06574406
v 0.03873320 0.13887025 0.73761404
v 0.03868320 0.14277028 0.73767406
v 0.03873320 0.14277028 0.73761404
v 0.03873320 -0.05643974 0.73761404
v 0.03868320 -0.05643974 0.73767406
v 0.03868320 -0.05252974 0.73767406
v 0.02305320 -0.13845973 -0.68424594
v 0.06212320 0.06855027 0.87428403
v 0.06212320 0.06465026 0.87428403
v 0.03873320 0.05293026 0.73761404
v 0.03873320 0.04902026 0.73761404
v 0.09727320 0.13496026 0.59693402
v 0.06041916 0.16269290 -0.16115707
v 0.04656320 -0.00955974 0.62824404
v 0.06218320 -0.11502974 0.87433404
v 0.06218320 -0.11111974 0.87433404
v -0.00427680 0.34197026 -0.44205594
v 0.04163778 0.12491340 -0.16134170
v 0.05243320 0.14277028 -0.15690593
v 0.05430320 0.14277028 -0.15306593
v 0.05430320 0.14660028 -0.15690593
v -0.01208680 0.34199026 -0.44207591
v -0.00818680 0.34199026 -0.44207591
v 0.04649320 -0.02127974 0.62827402
v 0.04656320 -0.01346974 0.62824404
v 0.04656320 -0.01736974 0.62824404
v 0.03868320 0.13496026 0.73767406
v 0.03873320 0.13496026 0.73761404
v 0.03873320 0.13105027 0.73761404
v 0.01524320 0.32245028 0.73371404
v 0.01524320 0.32246026 0.73367405
v 0.01915320 0.32246026 0.73367405
v 0.00400423 0.32574004 0.72574240
v -0.00599418 0.22247910 0.79356170
v 0.08348354 -0.16220717 0.94552034
v 0.06212320 0.12715027 0.87428403
v 0.06218320 0.12324027 0.87433404
v 0.06218320 0.12715027 0.87433404
v 0.04649320 0.20527028 0.62827402
v 0.04656320 0.20137025 0.62824404
v 0.04656320 0.20527028 0.62824404
v -0.20622328 0.38391024 0.62255090
v -0.00037680 0.34197026 -0.44205594
v 0.00743320 0.34197026 -0.44205594
v 0.22521985 0.36012083 0.64904743
v 0.00590261 0.33029190 -0.43282470
v 0.01524320 -0.13845973 -0.68424594
v 0.15587319 -0.27650973 0.87433404
v 0.15587319 -0.27522972 0.87824404
v 0.09996364 -0.17634490 0.03908419
v 0.26746336 -0.38306400 0.40147680
v 0.06212320 -0.14236975 0.87428403
v 0.06218320 -0.14627974 0.87433404
v 0.07031754 -0.10718917 0.69856018
v 0.06994320 -0.12283973 0.01496406
v 0.03868320 -0.36893973 0.68682402
v 0.04258320 -0.37055972 0.68293405
v 0.04258320 -0.36893973 0.68683404
v 0.04258320 -0.36893973 0.68684405
v 0.04260834 -0.22519849 0.85893387
v 0.03868320 -0.13455974 0.73767406
v 0.03873320 -0.13846973 0.73761404
v 0.03868320 -0.13846973 0.73767406
v 0.04649320 -0.36894974 0.68683404
v 0.08766574 -0.07622461 0.64055902
v 0.04254767 -0.05767386 0.85888731
v 0.00352320 -0.13846973 -0.68423593
v 0.00743320 -0.13846973 -0.68423593
v 0.02696320 -0.13846973 -0.68423593
v 0.16061139 -0.14465842 -0.12330114
v 0.06218320 -0.23221973 0.87433404
v 0.06218320 -0.23611975 0.87433404
v 0.05040320 -0.13845973 -0.68424594
v 0.05430320 -0.13845973 -0.68424594
v 0.01522503 -0.14582933 -0.66642022
v 0.06212320 -0.09940974 0.87428403
v 0.06212320 -0.10330974 0.87428403
v 0.01133320 -0.13846973 -0.68423593
v 0.11290320 -0.20094974 0.13605407
v 0.11290320 -0.20094974 0.13215406
v 0.11291320 -0.20096973 0.13215406
v 0.07774320 -0.36504972 0.65949404
v 0.06993320 -0.12280974 0.06965406
v 0.03868320 0.02559026 0.73767406
v 0.03868320 0.02949026 0.73767406
v 0.03873320 0.02559026 0.73761404
v 0.01133320 -0.04861974 -0.39125592
v 0.01524320 -0.04867974 -0.39127594
v 0.06212320 -0.13065974 0.87428403
v 0.06218320 -0.13455974 0.87433404
v 0.06218320 -0.13065974 0.87433404
v 0.03873320 -0.04080974 0.73761404
v 0.03873320 -0.04471974 0.73761404
v 0.03868320 -0.04080974 0.73767406
v 0.09727320 -0.00175974 0.59693402
v 0.09887320 0.00215026 0.59308404
v 0.09727320 0.00215026 0.59693402
v 0.02305320 -0.04861974 -0.39125592
v 0.09725320 -0.01346974 0.59699404
v 0.06212320 -0.03690974 0.87428403
v 0.06218320 -0.04080974 0.87433404
v 0.06218320 -0.03690974 0.87433404
v 0.06993320 -0.12280974 0.20636407
v 0.06994320 -0.12283973 0.20246406
v 0.06994320 -0.12283973 0.20636407
v 0.03868320 -0.09940974 0.73767406
v 0.03868320 -0.10330974 0.73767406
v 0.06212320 -0.15408973 0.87428403
v 0.06212320 -0.15799972 0.87428403
v 0.06218320 -0.00955974 0.87433404
v 0.02297635 -0.03669591 0.75709707
v 0.04649320 -0.01346974 0.62827402
v 0.06212320 -0.04861974 0.87428403
v 0.06218320 -0.04861974 0.87433404
v 0.06212320 -0.02518974 0.87428403
v 0.06218320 -0.02518974 0.87433404
v 0.04258320 -0.13845973 -0.68424594
v 0.04649320 -0.13845973 -0.68424594
v 0.03873320 -0.07205974 0.73761404
v 0.03868320 -0.07205974 0.73767406
v 0.03868320 -0.06815974 0.73767406
v 0.06212320 -0.22830974 0.87428403
v 0.04247544 -0.10933352 0.85883176
v 0.06212320 0.00996026 0.87428403
v 0.04649320 0.02168026 0.62827402
v 0.03873320 -0.02518974 0.73761404
v 0.03873320 -0.02908974 0.73761404
v 0.04649320 -0.00955974 0.62827402
v 0.04649320 -0.13846973 -0.68423593
v 0.06212320 -0.00565974 0.87428403
v 0.06212320 -0.00955974 0.87428403
v 0.02299320 0.14668027 0.75707406
v 0.09200320 0.14399400 0.60871404
v 0.09725320 0.12715027 0.59699404
v 0.03868320 0.10371026 0.73767406
v 0.03868320 0.10762026 0.73767406
v 0.03873320 0.10371026 0.73761404
v 0.03868320 -0.14236975 0.73767406
v 0.03868320 -0.14627974 0.73767406
v 0.06218320 0.11543027 0.87433404
v 0.06994320 -0.12283973 0.12433406
v 0.06993320 -0.12280974 0.12824406
v 0.03873320 0.02949026 0.73761404
v 0.03868320 0.03340026 0.73767406
v 0.02293320 0.14277028 0.75715405
v 0.09887320 0.12715027 0.59308404
v 0.09727320 0.13105027 0.59693402
v 0.06212320 0.08418027 0.87428403
v 0.06212320 0.08027026 0.87428403
v 0.06218320 0.08027026 0.87433404
v 0.04649320 0.16621026 0.62827402
v 0.04656320 0.16230027 0.62824404
v 0.04656320 0.16621026 0.62824404
v 0.06218320 0.00215026 0.87433404
v 0.06218320 -0.00175974 0.87433404
v 0.05430320 0.14270025 -0.15299594
v 0.05424801 0.13892522 -0.14929424
v 0.05434320 0.13887025 -0.14909594
v 0.05430112 0.13101931 -0.14130487
v 0.05430320 0.13490026 -0.14518593
v 0.06212320 0.04121026 0.87428403
v 0.03868320 0.11934026 0.73767406
v 0.03868320 0.12324027 0.73767406
v 0.03873320 0.11934026 0.73761404
v 0.06218320 0.06074026 0.87433404
v 0.04649320 0.15059026 0.62827402
v 0.02305320 0.12910026 0.75699407
v 0.05710835 0.13973396 0.62389702
v 0.04656320 0.15059026 0.62824404
v 0.04649320 0.20137025 0.62827402
v 0.02293320 0.13887025 0.75715405
v 0.09725320 0.08027026 0.59699404
v 0.04649320 0.17012025 0.62827402
v 0.04649320 0.17402028 0.62827402
v -0.00591981 0.11876472 0.79373956
v 0.02806820 0.16669963 0.75080341
v 0.10118320 -0.08377974 0.91728407
v 0.06993320 -0.12280974 0.02277406
v 0.06994320 -0.12283973 0.01886406
v 0.06994320 -0.12283973 0.02277406
v 0.03352371 0.26426342 0.63343704
v 0.03868320 0.09980027 0.73767406
v 0.03868320 0.09590026 0.73767406
v 0.06212320 0.18184026 0.87428403
v 0.06212320 0.18574028 0.87428403
v 0.04649320 0.18574028 0.62827402
v 0.05430320 0.13100027 -0.14127594
v 0.05432320 0.12715027 -0.13737594
v 0.05433320 0.13105027 -0.14127594
v 0.05430320 0.12715027 -0.13741593
v 0.04649320 0.22090027 0.62827402
v 0.04656320 0.21699028 0.62824404
v 0.04656320 0.22090027 0.62824404
v 0.04656320 0.00605026 0.62824404
v 0.04656320 0.00215026 0.62824404
v 0.06218320 0.03730026 0.87433404
v 0.06218320 0.04121026 0.87433404
v 0.04268205 0.19449268 0.85899138
v 0.04649320 0.18184026 0.62827402
v 0.09725320 0.08418027 0.59699404
v 0.09725320 0.08809026 0.59699404
v 0.09725320 0.06465026 0.59699404
v 0.09725320 0.06855027 0.59699404
v 0.04649320 0.17793027 0.62827402
v 0.09725320 0.10371026 0.59699404
v 0.09727320 0.10371026 0.59693402
v 0.09725320 0.10762026 0.59699404
v 0.09727320 0.15449028 0.59693402
v 0.06212320 0.08809026 0.87428403
v 0.09727320 0.22871026 0.59693402
v 0.09727320 0.23262025 0.59693402
v 0.09725320 0.23262025 0.59699404
v 0.04649320 0.19746026 0.62827402
v 0.04656320 0.19746026 0.62824404
v 0.09725320 0.17012025 0.59699404
v 0.09727320 0.17012025 0.59693402
v 0.04656320 0.18184026 0.62824404
v 0.04656320 0.22480027 0.62824404
v 0.04656320 0.22871026 0.62824404
v 0.04649320 0.22871026 0.62827402
v 0.04649320 0.01387026 0.62827402
v 0.03868320 0.21699028 0.73767406
v 0.04649320 0.23262025 0.62827402
v 0.02305320 0.13496026 0.75699407
v 0.03868320 0.12715027 0.73767406
v 0.01133320 0.32246026 0.73368406
v 0.01949814 0.32244349 0.73370647
v 0.01133320 0.32245028 0.73371404
v 0.02411870 0.28087240 0.77741420
v 0.05786548 0.35825244 -0.43436527
v 0.03801108 0.33028162 -0.43281537
v 0.04656320 0.20918027 0.62824404
v 0.00743320 0.32246026 0.73368406
v 0.04922901 0.32621786 0.71835834
v 0.03087320 0.34980026 0.66737407
v 0.17437775 0.24745998 -0.39440969
v 0.01498648 0.35764748 0.64851075
v 0.02696320 0.34983027 0.66730404
v 0.03087320 0.34983027 0.66730404
v 0.05430320 0.34982026 0.66730404
v 0.05821320 0.34982026 0.66730404
v 0.05821320 0.34980026 0.66734403
v 0.06972360 -0.36504129 0.65954465
v 0.06993320 -0.36502972 0.65957403
v 0.07383320 -0.36502972 0.65956402
v 0.07097697 -0.36205739 0.66678095
v 0.04131915 -0.36118531 0.70551950
v -0.10836349 -0.38550174 0.63078934
v 0.06212320 -0.19705974 0.87428403
v 0.06218320 -0.20096973 0.87433404
v 0.06218320 -0.19705974 0.87433404
v 0.06993320 -0.12280974 0.08918406
v 0.06212320 -0.24783973 0.87428403
v 0.04278156 -0.17968316 0.85906953
v 0.06212320 -0.20877974 0.87428403
v 0.06218320 -0.20486975 0.87433404
v 0.05821320 -0.13845973 -0.68424594
v 0.06212320 -0.13845973 -0.68424594
v 0.10483201 -0.19742326 -0.43690369
v 0.06994320 -0.12283973 0.07746406
v 0.06994320 -0.12283973 0.07355406
v 0.06993320 -0.12280974 0.07746406
v 0.06602320 -0.11570974 0.11261407
v 0.06212320 0.00605026 0.87428403
v 0.06212320 0.00215026 0.87428403
v 0.06994320 -0.12283973 0.10871406
v 0.06994320 -0.12283973 0.11261407
v 0.06993320 -0.12280974 0.11261407
v 0.04651261 -0.03423271 0.62826574
v 0.06212320 -0.16580974 0.87428403
v 0.06218320 -0.16971973 0.87433404
v 0.12994714 -0.29733235 0.83920830
v 0.02300148 0.05824865 0.75706685
v 0.08165320 -0.13846973 -0.68423593
v 0.06212320 -0.24393974 0.87428403
v 0.06218320 -0.24393974 0.87433404
v 0.06212320 -0.13846973 -0.68423593
v 0.06212320 -0.20096973 0.87428403
v 0.06218320 -0.10330974 0.87433404
v 0.06218320 -0.09940974 0.87433404
v 0.06212320 -0.21658973 0.87428403
v 0.05430320 -0.13846973 -0.68423593
v 0.09727320 0.00605026 0.59693402
v 0.09725320 0.00605026 0.59699404
v 0.06212320 -0.20486975 0.87428403
v 0.10116320 -0.15408973 0.91730404
v 0.10116320 -0.15018974 0.91730404
v 0.10118320 -0.15408973 0.91728407
v 0.06212320 -0.21268974 0.87428403
v 0.03868320 -0.02127974 0.73767406
v 0.05040320 -0.13846973 -0.68423593
v 0.06218320 -0.24002974 0.87433404
v 0.09727320 -0.13845973 -0.68424594
v 0.05821320 -0.13846973 -0.68423593
v 0.11818282 -0.17155936 -0.23620567
v 0.06212320 -0.15018974 0.87428403
v 0.06218320 -0.15408973 0.87433404
v 0.03596054 -0.04853824 -0.39123690
v 0.11290320 -0.20094974 0.09308406
v 0.11291320 -0.20096973 0.09308406
v 0.11290320 -0.20094974 0.09699406
v 0.06994320 -0.12283973 0.00325406
v 0.06769342 -0.11752648 -0.01283292
v 0.10118320 -0.04471974 0.91728407
v 0.10118320 -0.04861974 0.91728407
v 0.06218320 -0.00565974 0.87433404
v 0.06212320 -0.16190974 0.87428403
v 0.03873320 -0.12283973 0.73761404
v 0.03868320 -0.12283973 0.73767406
v 0.03868320 -0.11893974 0.73767406
v 0.03477320 -0.04867974 -0.39127594
v 0.06218320 -0.21658973 0.87433404
v 0.03873320 -0.13455974 0.73761404
v 0.06212320 -0.12674974 0.87428403
v 0.06993320 -0.12280974 0.03058406
v 0.06993320 -0.12280974 0.02668406
v 0.06994320 -0.12283973 0.02668406
v 0.06602320 -0.11570974 0.00325406
v 0.09343188 -0.16554601 0.12760700
v 0.03868320 -0.08377974 0.73767406
v 0.09887320 -0.01346974 0.59308404
v 0.09727320 -0.00955974 0.59693402
v 0.06994320 -0.12283973 0.21027406
v 0.06993817 -0.12282465 0.21418406
v 0.06993320 -0.12280974 0.21418406
v 0.06602320 -0.11570974 0.20636407
v 0.06994320 -0.12283973 0.11652406
v 0.15874256 -0.15001135 0.43255371
v 0.04649320 -0.01736974 0.62827402
v 0.11291320 -0.20096973 0.14777406
v 0.11291320 -0.20096973 0.15168406
v 0.11290320 -0.20094974 0.15168406
v 0.06993320 -0.12280974 0.17902406
v 0.06994320 -0.12283973 0.17511407
v 0.06994320 -0.12283973 0.17902406
v 0.02302507 -0.18729740 0.75671989
v 0.03868320 -0.13065974 0.73767406
v 0.06212320 -0.13846973 0.87428403
v 0.03873320 -0.15018974 0.73761404
v 0.06212320 -0.11893974 0.87428403
v 0.06218320 -0.11893974 0.87433404
v 0.03868320 -0.04861974 0.73767406
v 0.03873320 -0.03299974 0.73761404
v 0.06212320 -0.12283973 0.87428403
v 0.03868320 0.00996026 0.73767406
v 0.03873320 0.00996026 0.73761404
v 0.03873320 0.00605026 0.73761404
v 0.06602320 -0.11570974 0.09699406
v 0.06994320 -0.12283973 0.13996406
v 0.06993320 -0.12280974 0.14386407
v 0.06218320 0.01387026 0.87433404
v 0.06218320 0.00996026 0.87433404
v 0.03873320 -0.06033974 0.73761404
v 0.03873320 -0.06424974 0.73761404
v 0.10335784 -0.01579974 0.58225149
v 0.06212320 -0.07205974 0.87428403
v 0.03873320 -0.10330974 0.73761404
v 0.09725320 0.00996026 0.59699404
v 0.09727320 0.00996026 0.59693402
v 0.09725320 0.01387026 0.59699404
v 0.10118320 -0.09549974 0.91728407
v 0.10118320 -0.09940974 0.91728407
v 0.10116320 -0.09549974 0.91730404
v 0.07465749 -0.03714173 0.69413400
v 0.03868320 -0.12674974 0.73767406
v 0.03873320 -0.13065974 0.73761404
v 0.03868320 0.00605026 0.73767406
v 0.03868320 0.00215026 0.73767406
v 0.03873320 -0.07986974 0.73761404
v 0.03873320 -0.08377974 0.73761404
v 0.03868320 -0.07986974 0.73767406
v 0.03873320 -0.12674974 0.73761404
v 0.06212320 -0.06815974 0.87428403
v 0.06212320 -0.06033974 0.87428403
v 0.06218320 -0.06424974 0.87433404
v 0.06218320 -0.06033974 0.87433404
v 0.06212320 -0.06424974 0.87428403
v 0.06212320 -0.08377974 0.87428403
v 0.06212320 -0.08768974 0.87428403
v 0.06218320 -0.08768974 0.87433404
v 0.03873320 -0.04861974 0.73761404
v 0.06602320 -0.11570974 0.14386407
v 0.06994320 -0.12283973 0.15168406
v 0.06993320 -0.12280974 0.15168406
v 0.06212320 -0.01346974 0.87428403
v 0.06212320 -0.01736974 0.87428403
v 0.06218320 -0.01736974 0.87433404
v 0.03868320 -0.04471974 0.73767406
v 0.03873320 -0.06815974 0.73761404
v 0.04656320 -0.02127974 0.62824404
v 0.03868320 -0.03690974 0.73767406
v 0.03868320 -0.00955974 0.73767406
v 0.03873320 -0.00955974 0.73761404
v 0.06212320 0.09980027 0.87428403
v 0.06212320 0.09590026 0.87428403
v 0.03873320 -0.11893974 0.73761404
v 0.03868320 -0.11502974 0.73767406
v 0.06218320 -0.06815974 0.87433404
v 0.06218320 -0.07205974 0.87433404
v 0.06212320 0.04512026 0.87428403
v 0.06212320 -0.00175974 0.87428403
v 0.07383320 -0.13845973 -0.68424594
v 0.02560352 0.09234177 -0.16135418
v 0.05242320 0.12324027 -0.13737594
v 0.05430320 0.12710027 -0.13737594
v 0.06994320 -0.12283973 0.10090406
v 0.06602320 -0.11570974 0.15949406
v 0.03868320 0.13887025 0.73767406
v 0.09725320 0.00215026 0.59699404
v 0.04649320 0.00605026 0.62827402
v 0.03873320 -0.03690974 0.73761404
v 0.03868320 -0.03299974 0.73767406
v 0.03873320 0.02168026 0.73761404
v 0.03868320 -0.01346974 0.73767406
v 0.06218320 -0.02127974 0.87433404
v 0.06218320 -0.12674974 0.87433404
v 0.06218320 -0.12283973 0.87433404
v 0.06212320 0.04902026 0.87428403
v 0.06218320 0.04512026 0.87433404
v 0.06602320 -0.11570974 0.05011406
v 0.03873320 -0.00565974 0.73761404
v 0.03868320 -0.00565974 0.73767406
v 0.09887320 0.08027026 0.59308404
v 0.09165496 0.10439327 0.60929322
v 0.09725320 0.12324027 0.59699404
v 0.09727320 0.12324027 0.59693402
v 0.09727320 0.15059026 0.59693402
v 0.09727320 0.07637026 0.59693402
v 0.09727320 0.08027026 0.59693402
v 0.03873320 0.06074026 0.73761404
v 0.09727320 0.04121026 0.59693402
v -0.00553823 0.19325554 0.64968318
v 0.03868320 0.04121026 0.73767406
v 0.03868320 0.03730026 0.73767406
v 0.06218320 -0.17752974 0.87433404
v 0.04249976 0.08590977 0.85885036
v 0.09189420 -0.01684609 0.89774364
v 0.06212320 0.02559026 0.87428403
v 0.06218320 0.02559026 0.87433404
v 0.07326623 -0.26735225 0.88305837
v 0.11675004 0.09217702 0.54994476
v 0.09725320 0.11934026 0.59699404
v 0.09727320 0.11934026 0.59693402
v 0.04649320 0.16230027 0.62827402
v 0.03868320 -0.01736974 0.73767406
v 0.02305320 0.12324027 0.75699407
v 0.03873320 0.03730026 0.73761404
v 0.04746079 0.01228923 0.72681785
v 0.03873320 0.03340026 0.73761404
v 0.03873320 0.05684026 0.73761404
v 0.03873320 0.07637026 0.73761404
v -0.00589406 0.02390707 0.79349077
v 0.03873320 0.08809026 0.73761404
v 0.03868320 0.09199026 0.73767406
v 0.03868320 0.04902026 0.73767406
v 0.06218320 -0.01346974 0.87433404
v 0.03868320 -0.06033974 0.73767406
v 0.02846320 0.10371026 0.75031531
v 0.03868320 0.06465026 0.73767406
v 0.10775571 0.32628313 -0.40103722
v 0.05430332 0.12320300 -0.13346840
v 0.06218320 0.10371026 0.87433404
v 0.09887320 0.11152026 0.59308404
v 0.09727320 0.10762026 0.59693402
v 0.04656320 0.17012025 0.62824404
v 0.09725320 0.13887025 0.59699404
v 0.09727320 0.13887025 0.59693402
v 0.03873320 0.08418027 0.73761404
v 0.03873320 0.08027026 0.73761404
v 0.03873320 0.04512026 0.73761404
v 0.03873320 0.04121026 0.73761404
v 0.10116320 0.02559026 0.91730404
v 0.10116320 0.02949026 0.91730404
v 0.03868320 0.08809026 0.73767406
v 0.03868320 0.08418027 0.73767406
v 0.09200320 0.06953089 0.60871404
v 0.03275618 0.01437089 0.24701878
v 0.04656320 0.17402028 0.62824404
v 0.04656320 0.17793027 0.62824404
v 0.09725320 0.11152026 0.59699404
v 0.09725320 0.11543027 0.59699404
v 0.09727320 0.08809026 0.59693402
v 0.09725320 0.09199026 0.59699404
v 0.06212320 0.15449028 0.87428403
v 0.06212320 0.15059026 0.87428403
v 0.06218320 0.15059026 0.87433404
v 0.06212320 0.07637026 0.87428403
v 0.06218320 0.07246026 0.87433404
v 0.06218320 0.07637026 0.87433404
v 0.10866695 0.13326287 0.56945109
v 0.06218320 0.05684026 0.87433404
v 0.10116320 -0.05252974 0.91730404
v 0.10118320 -0.05252974 0.91728407
v 0.10118320 -0.05643974 0.91728407
v 0.09727320 0.06465026 0.59693402
v 0.04649320 0.18965027 0.62827402
v 0.04656320 0.18574028 0.62824404
v 0.04656320 0.18965027 0.62824404
v 0.04656320 -0.02908974 0.62824404
v 0.09725320 0.06074026 0.59699404
v 0.09887320 0.09590026 0.59308404
v 0.09725320 0.17793027 0.59699404
v 0.03868320 0.14668027 0.73767406
v 0.03868320 0.07637026 0.73767406
v 0.09725320 0.15449028 0.59699404
v 0.02293320 0.12715027 0.75715405
v 0.06212320 0.03340026 0.87428403
v 0.06212320 0.02949026 0.87428403
v 0.03873320 0.06465026 0.73761404
v 0.03873320 0.12715027 0.73761404
v 0.06218320 0.09199026 0.87433404
v 0.06218320 0.09590026 0.87433404
v 0.06212320 -0.24002974 0.87428403
v 0.05434320 0.14277028 -0.15299594
v 0.05243320 0.13496026 -0.14909594
v 0.08875778 0.14602073 -0.08818776
v 0.09200320 0.01752839 0.60871404
v 0.10116320 -0.14627974 0.91730404
v 0.10116320 -0.14236975 0.91730404
v 0.07383320 -0.13846973 -0.68423593
v 0.05430320 0.13880026 -0.14909594
v 0.05433320 0.13496026 -0.14518593
v 0.05430320 0.13496026 -0.14524594
v 0.05432320 0.12324027 -0.13346593
v 0.05432320 0.11934026 -0.12955594
v 0.04649320 0.19355027 0.62827402
v 0.09727320 0.11152026 0.59693402
v 0.09725320 0.22871026 0.59699404
v 0.09200320 0.19404276 0.60871404
v 0.09725320 0.18184026 0.59699404
v 0.06218320 0.15449028 0.87433404
v 0.03873320 0.09980027 0.73761404
v 0.03873320 0.09590026 0.73761404
v 0.03868320 0.13105027 0.73767406
v 0.02305320 0.14082026 0.75699407
v 0.06212320 0.14277028 0.87428403
v 0.03868320 0.15059026 0.73767406
v 0.03873320 0.14668027 0.73761404
v 0.03873320 0.15059026 0.73761404
v 0.03868320 0.15449028 0.73767406
v 0.06212320 0.13887025 0.87428403
v 0.03873320 0.20918027 0.73761404
v 0.03868320 0.20918027 0.73767406
v 0.03868320 0.21309026 0.73767406
v 0.06218320 0.09980027 0.87433404
v 0.06218320 -0.08377974 0.87433404
v 0.06218320 -0.18143974 0.87433404
v 0.03742519 0.22055514 0.63201296
v 0.04656320 0.19355027 0.62824404
v 0.07003042 0.34980902 0.66730624
v 0.06993320 0.34980026 0.66732407
v 0.06602320 0.34982026 0.66730404
v 0.11203859 0.09841084 0.71852690
v 0.06212320 0.16621026 0.87428403
v 0.06218320 0.16621026 0.87433404
v 0.06218320 0.17402028 0.87433404
v 0.06218320 0.17793027 0.87433404
v 0.04649320 0.22480027 0.62827402
v 0.09727320 0.17793027 0.59693402
v 0.06218320 0.22090027 0.87433404
v 0.06218320 0.21699028 0.87433404
v 0.07218712 0.21926162 0.88220990
v 0.03873320 0.11152026 0.73761404
v 0.03873320 0.10762026 0.73761404
v 0.06212320 0.20137025 0.87428403
v 0.06212320 0.20527028 0.87428403
v 0.06212320 0.19746026 0.87428403
v 0.06218320 -0.15018974 0.87433404
v 0.04665443 0.23469804 0.62820560
v 0.09725320 0.09590026 0.59699404
v 0.09727320 0.08418027 0.59693402
v 0.03873320 0.20527028 0.73761404
v 0.06218320 0.20137025 0.87433404
v 0.06218320 0.19746026 0.87433404
v 0.03873320 0.21309026 0.73761404
v 0.03873320 0.16230027 0.73761404
v 0.07396835 0.13340323 0.69453287
v 0.04265142 0.24074765 0.85896760
v 0.06212320 0.23262025 0.87428403
v 0.06212320 0.22871026 0.87428403
v 0.06218320 0.00605026 0.87433404
v 0.09727320 0.15840027 0.59693402
v 0.09725320 0.15840027 0.59699404
v 0.09727320 0.16621026 0.59693402
v 0.06212320 0.22090027 0.87428403
v 0.06212320 0.22480027 0.87428403
v 0.09727320 0.20137025 0.59693402
v 0.09727320 0.20527028 0.59693402
v 0.09725320 0.20527028 0.59699404
v 0.04649320 0.34982026 0.66730404
v 0.04258320 0.34983027 0.66730404
v 0.07546307 0.25618997 0.69509077
v 0.06212320 0.18965027 0.87428403
v 0.03868320 0.20527028 0.73767406
v 0.06212320 0.23652028 0.87428403
v 0.06218320 0.23652028 0.87433404
v 0.06218320 0.22480027 0.87433404
v -0.10352943 0.33876428 0.60780847
v 0.03868320 0.34983027 0.66730404
v 0.06218320 0.23262025 0.87433404
v 0.06218320 0.22871026 0.87433404
v 0.03868320 0.34980026 0.66736406
v 0.03477320 0.34980026 0.66736406
v 0.03477320 0.34983027 0.66730404
v 0.06212320 0.34980026 0.66733402
v 0.06212320 0.34982026 0.66730404
v 0.05430320 0.34980026 0.66734403
v 0.05040320 0.34982026 0.66730404
v 0.05040320 0.34980026 0.66735405
v 0.06602320 0.34980026 0.66733402
v 0.06218320 -0.20877974 0.87433404
v 0.19883320 -0.45096973 -0.05507594
v 0.11291320 -0.20096973 0.16730407
v 0.11291320 -0.20096973 0.17121406
v 0.11290320 -0.20094974 0.17121406
v 0.06218320 -0.15799972 0.87433404
v 0.06212320 -0.13455974 0.87428403
v 0.06212320 -0.22440974 0.87428403
v 0.06993320 -0.12280974 0.03840406
v 0.06993320 -0.12280974 0.03449406
v 0.06994320 -0.12283973 0.03449406
v 0.06218320 -0.25565973 0.87433404
v 0.03868320 -0.10721973 0.73767406
v 0.06212320 -0.25174972 0.87428403
v 0.06214212 -0.25583977 0.87429982
v 0.06993320 -0.12280974 0.17511407
v 0.11291320 -0.20096973 0.15558407
v 0.11290320 -0.20094974 0.15558407
v 0.11291320 -0.20096973 0.07746406
v 0.11290320 -0.20094974 0.08136407
v 0.06218320 -0.21268974 0.87433404
v 0.01263521 -0.28644893 0.78532594
v 0.03873320 -0.09549974 0.73761404
v 0.03873320 -0.09940974 0.73761404
v 0.06212320 -0.23611975 0.87428403
v 0.06218320 -0.22830974 0.87433404
v 0.10508320 -0.13846973 -0.68423593
v 0.10118320 -0.13845973 -0.68424594
v 0.09727320 -0.13846973 -0.68423593
v 0.07531973 -0.15782668 -0.63738608
v 0.03873320 -0.11111974 0.73761404
v 0.03873320 -0.11502974 0.73761404
v 0.06218320 -0.18924972 0.87433404
v 0.06212320 -0.17752974 0.87428403
v 0.03873320 -0.05252974 0.73761404
v 0.10116320 -0.04471974 0.91730404
v 0.06218320 -0.16190974 0.87433404
v 0.10116320 -0.12283973 0.91730404
v 0.10116320 -0.11893974 0.91730404
v 0.10118320 -0.12283973 0.91728407
v 0.06218320 -0.10721973 0.87433404
v 0.03868320 -0.11111974 0.73767406
v 0.07774320 -0.13846973 -0.68423593
v 0.06212320 -0.10721973 0.87428403
v 0.10118320 -0.13065974 0.91728407
v 0.03868320 -0.00175974 0.73767406
v 0.09727320 -0.19309974 -0.16471593
v 0.02773985 -0.16466905 -0.18261383
v 0.10118320 -0.19315974 -0.16860594
v 0.06994320 -0.12283973 0.03840406
v 0.06994320 -0.12283973 0.05793406
v 0.06602320 -0.11570974 0.06574406
v 0.06993320 -0.12280974 0.05793406
v 0.06994320 -0.12283973 0.03058406
v 0.06602320 -0.11570974 0.08136407
v 0.11290320 -0.20094974 0.16730407
v 0.06994320 -0.12283973 0.05402406
v 0.07209320 -0.12674974 0.05793406
v 0.11291320 -0.20096973 0.09699406
v 0.11290320 -0.20094974 0.10090406
v 0.06993320 -0.12280974 0.14777406
v 0.06994320 -0.12283973 0.14386407
v 0.06212320 -0.04080974 0.87428403
v 0.06994320 -0.12283973 0.14777406
v 0.06993320 -0.12280974 0.16340406
v 0.06994320 -0.12283973 0.15949406
v 0.06994320 -0.12283973 0.16340406
v 0.11291320 -0.20096973 0.08136407
v 0.11291320 -0.20096973 0.08527406
v 0.11290320 -0.20094974 0.08527406
v 0.06993320 -0.12280974 0.15558407
v 0.06994320 -0.12283973 0.15558407
v 0.06994320 -0.12283973 0.19855407
v 0.06993320 -0.12280974 0.19855407
v 0.06993320 -0.12280974 0.17121406
v 0.06994320 -0.12283973 0.16730407
v 0.06994320 -0.12283973 0.17121406
v 0.06993320 -0.12280974 0.18293406
v 0.06994320 -0.12283973 0.18293406
v 0.11660664 0.01316381 0.55029368
v 0.11290320 -0.20094974 0.14777406
v 0.06218320 -0.04471974 0.87433404
v 0.03868320 -0.08768974 0.73767406
v 0.03868320 -0.09158973 0.73767406
v 0.06212320 -0.14627974 0.87428403
v 0.06993320 -0.12280974 0.16730407
v 0.03868320 -0.09549974 0.73767406
v 0.10415320 -0.12015693 0.91340405
v 0.06218320 -0.09158973 0.87433404
v 0.03873320 -0.09158973 0.73761404
v 0.10118320 0.00215026 0.91728407
v 0.06993320 -0.12280974 0.01496406
v 0.06994320 -0.12283973 0.01105406
v 0.09349468 -0.16566139 0.07229248
v 0.06994320 -0.12283973 0.05011406
v 0.06993320 -0.12280974 0.01886406
v 0.06993320 -0.12280974 0.07355406
v 0.03873320 0.00215026 0.73761404
v 0.03873320 -0.00175974 0.73761404
v 0.06993320 -0.12280974 0.05011406
v 0.06994320 -0.12283973 0.04621406
v 0.06993320 -0.12280974 0.15949406
v 0.06993320 -0.12280974 0.08527406
v 0.06993320 -0.12280974 0.08136407
v 0.06994320 -0.12283973 0.08136407
v 0.10116320 -0.03690974 0.91730404
v 0.06218320 -0.02908974 0.87433404
v 0.06993320 -0.12280974 0.05402406
v 0.06212320 -0.09549974 0.87428403
v 0.03868320 0.02168026 0.73767406
v 0.03873320 0.01777026 0.73761404
v 0.10116320 -0.15799972 0.91730404
v 0.06212320 0.01387026 0.87428403
v 0.10116320 -0.13065974 0.91730404
v 0.10116320 -0.12674974 0.91730404
v 0.09725320 0.04121026 0.59699404
v 0.10116320 -0.10330974 0.91730404
v 0.09727320 0.12715027 0.59693402
v 0.09725320 0.13105027 0.59699404
v 0.05958475 -0.10399792 0.01052053
v 0.06993320 -0.12280974 0.06183406
v 0.06993320 -0.12280974 0.04621406
v 0.06602320 -0.11570974 0.01886406
v 0.06994320 -0.12283973 0.06965406
v 0.07383320 -0.12991974 0.05793406
v 0.06994320 -0.12283973 0.08527406
v 0.06993320 -0.12280974 0.11652406
v 0.06993320 -0.12280974 0.10480406
v 0.06993320 -0.12280974 0.10871406
v 0.06994320 -0.12283973 0.10480406
v 0.06993320 -0.12280974 0.12433406
v 0.06602320 -0.11570974 0.17511407
v 0.06993320 -0.12280974 0.20246406
v 0.06993320 -0.12280974 0.19465406
v 0.06994320 -0.12283973 0.19465406
v 0.06993320 -0.12280974 0.21027406
v 0.06218320 -0.09549974 0.87433404
v 0.03873320 -0.08768974 0.73761404
v 0.10118320 -0.16190974 0.91728407
v 0.06212320 -0.09158973 0.87428403
v 0.03873320 -0.07596973 0.73761404
v 0.03868320 -0.07596973 0.73767406
v 0.09725320 -0.00955974 0.59699404
v 0.08451075 -0.02415440 0.94537449
v 0.09727320 0.06855027 0.59693402
v 0.09727320 0.07246026 0.59693402
v 0.09725320 0.07246026 0.59699404
v 0.06212320 -0.04471974 0.87428403
v 0.03868320 -0.06424974 0.73767406
v 0.03868320 -0.02908974 0.73767406
v 0.04788771 -0.08260370 0.07617381
v 0.10116320 0.03340026 0.91730404
v 0.10118320 0.03340026 0.91728407
v 0.10118320 0.02949026 0.91728407
v 0.03868320 0.01777026 0.73767406
v 0.09725320 0.02559026 0.59699404
v 0.03868320 -0.02518974 0.73767406
v 0.10116320 0.02168026 0.91730404
v 0.10118320 0.02168026 0.91728407
v 0.10118320 0.01777026 0.91728407
v 0.06212320 0.01777026 0.87428403
v 0.10630116 -0.08698812 0.90931624
v 0.03868320 0.04512026 0.73767406
v 0.10116320 -0.06815974 0.91730404
v 0.10116320 -0.06424974 0.91730404
v 0.03868320 0.11543027 0.73767406
v 0.03868320 0.11152026 0.73767406
v 0.04649320 0.00215026 0.62827402
v 0.10118320 -0.06815974 0.91728407
v 0.10116320 0.00215026 0.91730404
v 0.10116320 0.00605026 0.91730404
v 0.10116320 -0.00565974 0.91730404
v 0.10118320 -0.00955974 0.91728407
v 0.03873320 0.15449028 0.73761404
v 0.06218320 0.06465026 0.87433404
v 0.09727320 0.04512026 0.59693402
v 0.10118320 -0.06033974 0.91728407
v 0.09727320 0.22480027 0.59693402
v 0.09725320 0.02168026 0.59699404
v 0.10116320 -0.04861974 0.91730404
v 0.07216432 0.02536977 0.88219237
v 0.09725320 0.01777026 0.59699404
v 0.09727320 0.01777026 0.59693402
v 0.09727320 -0.01736974 0.59693402
v 0.09727320 -0.01346974 0.59693402
v 0.03873320 0.01387026 0.73761404
v 0.09304901 -0.03820523 0.60776836
v 0.04656320 -0.02518974 0.62824404
v 0.03868320 0.05293026 0.73767406
v 0.06212320 0.09199026 0.87428403
v 0.06218320 0.08809026 0.87433404
v 0.03868320 0.01387026 0.73767406
v 0.03868320 0.08027026 0.73767406
v 0.06218320 0.02949026 0.87433404
v 0.06212320 0.03730026 0.87428403
v 0.06218320 0.03340026 0.87433404
v 0.07414369 0.06055828 0.69437158
v 0.06218320 0.08418027 0.87433404
v 0.09727320 0.06074026 0.59693402
v 0.10116320 -0.02518974 0.91730404
v 0.10116320 -0.02908974 0.91730404
v 0.10118320 -0.01736974 0.91728407
v 0.10118320 -0.09158973 0.91728407
v 0.09727320 0.02949026 0.59693402
v 0.09727320 0.03340026 0.59693402
v 0.09725320 0.03340026 0.59699404
v 0.06212320 0.12324027 0.87428403
v 0.06212320 0.11934026 0.87428403
v 0.06218320 0.11934026 0.87433404
v 0.06212320 0.07246026 0.87428403
v 0.09887320 0.01777026 0.59308404
v 0.09727320 0.02168026 0.59693402
v 0.06212320 0.17793027 0.87428403
v 0.06218320 0.06855027 0.87433404
v 0.10118320 0.03730026 0.91728407
v 0.10118320 -0.13846973 -0.68423593
v 0.10687671 0.12403051 0.90985280
v 0.04656320 0.00996026 0.62824404
v 0.04656320 0.01387026 0.62824404
v 0.09725320 0.02949026 0.59699404
v 0.09887320 0.04902026 0.59308404
v 0.03873320 0.12324027 0.73761404
v 0.06218320 0.13496026 0.87433404
v 0.05622095 0.05179925 0.62419331
v 0.09725320 0.19746026 0.59699404
v 0.09727320 0.19746026 0.59693402
v 0.09725320 0.20137025 0.59699404
v 0.06218320 0.13887025 0.87433404
v 0.06218320 0.10762026 0.87433404
v 0.09727320 0.14277028 0.59693402
v 0.06218320 0.18184026 0.87433404
v 0.10118320 -0.15018974 0.91728407
v 0.16368321 0.14668027 -0.40299594
v 0.16368321 0.14277028 -0.40299594
v 0.17149319 0.14668027 -0.39690593
v 0.06212320 0.15840027 0.87428403
v 0.04649320 -0.02908974 0.62827402
v 0.06218320 0.18574028 0.87433404
v 0.09725320 0.13496026 0.59699404
v 0.09727320 0.11543027 0.59693402
v 0.03873320 0.17793027 0.73761404
v 0.03868320 0.15840027 0.73767406
v 0.03868320 0.20137025 0.73767406
v 0.03868320 0.16621026 0.73767406
v 0.03868320 0.16230027 0.73767406
v 0.06212320 0.17012025 0.87428403
v 0.06212320 0.17402028 0.87428403
v 0.08946014 0.18375735 0.61056530
v 0.09727320 0.18184026 0.59693402
v 0.09725320 0.21309026 0.59699404
v 0.09727320 0.21309026 0.59693402
v 0.09725320 0.21699028 0.59699404
v 0.09725320 0.22090027 0.59699404
v 0.09727320 0.18574028 0.59693402
v 0.09727320 0.18965027 0.59693402
v 0.09725320 0.18965027 0.59699404
v 0.10296138 0.20640437 0.58320647
v 0.09727320 0.19355027 0.59693402
v 0.06218320 0.17012025 0.87433404
v 0.03868320 0.18184026 0.73767406
v 0.03873320 0.18184026 0.73761404
v 0.20249386 0.34206110 -0.68436998
v 0.06212320 0.20918027 0.87428403
v 0.06218320 0.20527028 0.87433404
v 0.10116320 -0.09940974 0.91730404
v 0.09727320 0.17402028 0.59693402
v 0.06212320 0.21699028 0.87428403
v 0.06212320 0.21309026 0.87428403
v 0.09725320 0.18574028 0.59699404
v 0.09200320 0.24067277 0.60871404
v 0.09727320 0.23652028 0.59693402
v 0.03873320 0.19355027 0.73761404
v 0.03873320 0.18965027 0.73761404
v 0.03868320 0.19355027 0.73767406
v 0.03868320 0.18965027 0.73767406
v 0.10730135 0.18107007 0.91022694
v 0.06218320 0.20918027 0.87433404
v 0.06218320 0.21309026 0.87433404
v 0.06215197 0.23761204 0.87430805
v 0.11291320 -0.20096973 0.12824406
v 0.09725320 0.03730026 0.59699404
v 0.09726122 0.23730841 0.59696996
v 0.09727320 0.22090027 0.59693402
v 0.10118320 -0.02518974 0.91728407
v 0.03868320 0.17793027 0.73767406
v 0.03868320 0.17402028 0.73767406
v 0.09725320 0.23652028 0.59699404
v 0.16367321 0.17012025 -0.40299594
v 0.16368321 0.16621026 -0.40299594
v 0.16368321 0.17012025 -0.40299594
v 0.12001515 0.14974014 0.54218125
v 0.09727320 0.20918027 0.59693402
v 0.09725320 0.16621026 0.59699404
v 0.09727320 0.21699028 0.59693402
v 0.09725320 0.22480027 0.59699404
v 0.11383340 0.26367575 0.55502224
v 0.09725320 0.24629027 0.59699404
v 0.03873320 0.17402028 0.73761404
v 0.09727320 0.09199026 0.59693402
v 0.13014573 0.25224769 0.88632655
v 0.06582940 0.29307371 0.38879362
v 0.19883320 -0.44703972 -0.02799594
v 0.09727320 0.16230027 0.59693402
v 0.09725320 0.16230027 0.59699404
v 0.22618321 0.34590027 0.65171403
v 0.23008320 0.34582028 0.65168405
v 0.23008320 0.34590027 0.65171403
v 0.22618321 0.34583026 0.65168405
v 0.10407641 0.35051909 0.66054136
v 0.06156658 0.36432329 0.65059054
v 0.38243321 -0.36895972 0.41730404
v 0.14804912 -0.23613305 -0.70799148
v 0.10899320 -0.19499972 -0.17252594
v 0.14806320 -0.23611975 -0.70768595
v 0.14761320 -0.23611975 -0.71159595
v 0.10116320 -0.16190974 0.91730404
v 0.10118320 -0.16580974 0.91728407
v 0.11290320 -0.20094974 0.16340406
v 0.11291320 -0.20096973 0.16340406
v 0.10508320 -0.19661973 -0.16471593
v 0.10119320 -0.19315974 -0.16862594
v 0.10118320 -0.19314975 -0.16862594
v 0.10508320 -0.19319972 -0.17252594
v 0.10508320 -0.19315974 -0.17262594
v 0.11291320 -0.20096973 0.10090406
v 0.09513414 -0.16857746 0.20009461
v 0.11290320 -0.20094974 0.19074406
v 0.09727320 -0.00565974 0.59693402
v 0.10118320 -0.19143973 -0.17252594
v 0.10642426 -0.15580164 0.90898806
v 0.05989341 -0.10455857 0.05265914
v 0.10499320 -0.19315974 -0.17252594
v 0.14805321 -0.23610973 -0.69987595
v 0.10116320 -0.05643974 0.91730404
v 0.13196450 -0.23593244 0.11155053
v 0.15196320 -0.27518973 0.87824404
v 0.10118320 -0.13846973 0.91728407
v 0.10118320 -0.02908974 0.91728407
v 0.10118320 -0.03299974 0.91728407
v 0.15638281 -0.27212214 0.87935448
v 0.10118320 -0.13455974 0.91728407
v 0.11266132 -0.25120223 0.90508562
v 0.10116320 -0.13455974 0.91730404
v 0.10116320 -0.13846973 0.91730404
v 0.11290320 -0.20094974 0.12433406
v 0.14806320 -0.23611975 -0.70377594
v 0.10118320 -0.12674974 0.91728407
v 0.11451273 -0.15747383 -0.63823253
v 0.21837319 -0.23611975 -0.94607598
v 0.15587319 -0.27518973 0.87836403
v 0.10116320 -0.08768974 0.91730404
v 0.10118320 -0.08768974 0.91728407
v 0.10118320 -0.14236975 0.91728407
v 0.08400320 -0.09061599 0.94367653
v 0.10116320 -0.08377974 0.91730404
v 0.10116320 -0.07986974 0.91730404
v 0.10118320 -0.10330974 0.91728407
v 0.04656320 0.01777026 0.62824404
v 0.04649320 0.01777026 0.62827402
v 0.09725320 -0.00175974 0.59699404
v 0.15629846 -0.24108109 0.25976905
v 0.04656320 -0.03299974 0.62824404
v 0.09725320 -0.00565974 0.59699404
v 0.10118320 -0.14627974 0.91728407
v 0.09727320 0.02559026 0.59693402
v 0.10116320 -0.06033974 0.91730404
v 0.10118320 -0.06424974 0.91728407
v 0.10118320 -0.11893974 0.91728407
v 0.10116320 -0.07205974 0.91730404
v 0.09727320 0.01387026 0.59693402
v 0.13233520 -0.23629199 0.13932063
v 0.09726107 -0.01737581 0.59696937
v 0.10116320 -0.07596973 0.91730404
v 0.10118320 -0.07205974 0.91728407
v 0.10118320 -0.07596973 0.91728407
v 0.10118320 -0.07986974 0.91728407
v 0.10415320 -0.05179849 0.91340405
v 0.10118320 -0.03690974 0.91728407
v 0.10116320 -0.09158973 0.91730404
v 0.10118320 -0.04080974 0.91728407
v 0.04656320 0.02168026 0.62824404
v 0.09727320 0.03730026 0.59693402
v 0.10116320 -0.00175974 0.91730404
v 0.10116320 0.01777026 0.91730404
v 0.10118320 0.01387026 0.91728407
v 0.10618320 -0.02372161 0.90949404
v 0.10116320 -0.02127974 0.91730404
v 0.09727320 0.05684026 0.59693402
v 0.10118320 0.00605026 0.91728407
v 0.10116320 -0.03299974 0.91730404
v 0.08384320 0.00751901 0.94269907
v 0.10618320 0.01289089 0.90949404
v 0.10116320 0.00996026 0.91730404
v 0.10118320 0.00996026 0.91728407
v 0.04656320 -0.00175974 0.62824404
v 0.10118320 -0.02127974 0.91728407
v 0.10116320 -0.01736974 0.91730404
v 0.10116320 0.01387026 0.91730404
v 0.10118320 -0.00565974 0.91728407
v 0.09725320 0.05684026 0.59699404
v 0.10118320 -0.00175974 0.91728407
v 0.10118320 0.02559026 0.91728407
v 0.10660516 0.06714474 0.90964925
v 0.10117255 0.04146085 0.91729420
v 0.10116320 0.04121026 0.91730404
v 0.10116320 0.03730026 0.91730404
v 0.08376320 0.06153667 0.94221032
v 0.15640073 0.10446925 -0.42958513
v 0.03873320 0.18574028 0.73761404
v 0.03873320 0.15840027 0.73761404
v 0.17695221 0.07384147 -0.39320719
v 0.16367321 0.15840027 -0.40299594
v 0.16367321 0.10762026 -0.40299594
v 0.03868320 0.17012025 0.73767406
v 0.03873320 0.19746026 0.73761404
v 0.03868320 0.19746026 0.73767406
v 0.09725320 0.19355027 0.59699404
v 0.03873320 0.20137025 0.73761404
v 0.04956377 0.19126219 0.72422051
v 0.03873320 0.16621026 0.73761404
v 0.26946741 -0.19121771 -0.43137565
v 0.09725320 0.20918027 0.59699404
v 0.03873320 0.17012025 0.73761404
v 0.03868320 0.18574028 0.73767406
v 0.08924862 0.26371118 0.61022741
v 0.12114975 0.34958792 0.70460278
v 0.12167320 0.35371026 0.69465405
v 0.12462320 0.35371026 0.69467407
v 0.12462320 0.35372028 0.69465405
v 0.14126213 0.35374984 0.69470882
v 0.19493321 0.34590027 0.65169406
v 0.19883320 0.34586027 0.65168405
v 0.19883320 0.34590027 0.65169406
v 0.19493321 0.34587026 0.65168405
v 0.11290320 -0.20094974 0.17902406
v 0.11290320 -0.20094974 0.17511407
v 0.11291320 -0.20096973 0.17511407
v 0.11291320 -0.20096973 0.14386407
v 0.11291320 -0.20096973 0.13996406
v 0.11290320 -0.20094974 0.08918406
v 0.15195715 -0.27518645 0.87824500
v 0.14514831 -0.33513588 0.39675704
v 0.19882320 -0.44705972 -0.04362594
v 0.19883320 -0.44703972 -0.04362594
v 0.11291320 -0.20096973 0.11261407
v 0.11291320 -0.20096973 0.10871406
v 0.16367321 0.13496026 -0.40299594
v 0.16367321 0.13105027 -0.40299594
v 0.16368321 0.13105027 -0.40299594
v 0.11264614 -0.13529336 -0.68900138
v 0.15911002 -0.24757719 -0.68817818
v 0.11290320 -0.20094974 0.12043406
v 0.11290320 -0.20094974 0.11652406
v 0.11291320 -0.20096973 0.11652406
v 0.11291320 -0.20096973 0.17902406
v 0.11290320 -0.20094974 0.12824406
v 0.11291320 -0.20096973 0.12043406
v 0.11291320 -0.20096973 0.12433406
v 0.11569276 -0.20627278 0.20312883
v 0.23810355 -0.21592075 -0.91107470
v 0.21452320 -0.24002974 -0.94596595
v 0.21837319 -0.24002974 -0.94424593
v 0.11291320 -0.20096973 0.13605407
v 0.11291320 -0.20096973 0.08918406
v 0.11290320 -0.20094974 0.15949406
v 0.11291320 -0.20096973 0.15949406
v 0.07421856 -0.13061488 0.15153408
v 0.11291320 -0.20096973 0.18293406
v 0.11290320 -0.20094974 0.18683407
v 0.11290320 -0.20094974 0.18293406
v 0.19296706 -0.30499008 -0.91646785
v 0.19163415 -0.03445516 -0.39384004
v 0.17369319 0.08418027 -0.39518592
v 0.20797724 -0.07093609 -0.41762221
v 0.16367321 0.13887025 -0.40299594
v 0.16368321 0.13496026 -0.40299594
v 0.16367321 0.15449028 -0.40299594
v 0.16368321 0.15059026 -0.40299594
v 0.16368321 0.15449028 -0.40299594
v 0.16367321 0.14277028 -0.40299594
v 0.16758320 0.13887025 -0.39994594
v 0.16367321 0.09590026 -0.40299594
v 0.17149319 0.09980027 -0.39690593
v 0.16367321 0.11152026 -0.40299594
v 0.16368321 0.10762026 -0.40299594
v 0.16368321 0.11934026 -0.40299594
v 0.16368321 0.11543027 -0.40299594
v 0.16367321 0.10371026 -0.40299594
v 0.16368321 0.09980027 -0.40299594
v 0.16368321 0.10371026 -0.40299594
v 0.16367321 0.18574028 -0.40299594
v 0.16367321 0.18965027 -0.40299594
v 0.16368321 0.18574028 -0.40299594
v 0.16367321 0.19746026 -0.40299594
v 0.16368321 0.19355027 -0.40299594
v 0.16368321 0.19746026 -0.40299594
v 0.16368321 0.13887025 -0.40299594
v 0.16367321 0.11934026 -0.40299594
v 0.16367321 0.12715027 -0.40299594
v 0.16367321 0.12324027 -0.40299594
v 0.16368321 0.12324027 -0.40299594
v 0.16367321 0.17402028 -0.40299594
v 0.16367321 0.20137025 -0.40299594
v 0.16368321 0.20137025 -0.40299594
v 0.16367321 0.14668027 -0.40299594
v 0.16367321 0.15059026 -0.40299594
v 0.16368321 0.09590026 -0.40299594
v 0.16368321 0.16230027 -0.40299594
v 0.20296070 0.13839233 -0.40667394
v 0.17369319 0.17793027 -0.39518592
v 0.21055321 0.34590027 0.65170407
v 0.21446320 0.34590027 0.65170407
v 0.18153319 0.33809027 0.64777404
v 0.21055321 0.24043027 0.40560406
v 0.19881473 -0.44703758 -0.05137177
v 0.22227322 0.33804026 0.64777404
v 0.22618321 0.33804026 0.64777404
v 0.22227322 0.33809027 0.64779407
v 0.21837319 0.34590027 0.65170407
v 0.22227322 0.34590027 0.65170407
v 0.15927321 0.20966776 -0.40690592
v 0.16368321 0.21699028 -0.40299594
v 0.16368321 0.21309026 -0.40299594
v 0.16368321 0.18184026 -0.40299594
v 0.16758320 0.18574028 -0.39994594
v 0.16367321 0.16621026 -0.40299594
v 0.16367321 0.16230027 -0.40299594
v 0.16367321 0.20527028 -0.40299594
v 0.16367321 0.20918027 -0.40299594
v 0.16368321 0.20527028 -0.40299594
v 0.16367321 0.17793027 -0.40299594
v 0.16368321 0.17402028 -0.40299594
v 0.16368321 0.17793027 -0.40299594
v 0.16367321 0.22090027 -0.40299594
v 0.23480389 0.23339258 0.43265039
v 0.12009611 0.36110052 0.67669088
v 0.21446320 0.33805028 0.64777404
v 0.21446320 0.34584028 0.65168405
v 0.21055321 0.33809027 0.64778405
v 0.24962319 -0.38065973 0.38997406
v 0.24653322 -0.38065973 0.38996407
v 0.24962319 -0.38064972 0.38996407
v 0.13243321 0.35374027 0.69465405
v 0.13633320 0.35371026 0.69476402
v 0.12852322 0.35371026 0.69470406
v 0.13243321 0.35371026 0.69473404
v 0.13715091 0.35372326 0.69474316
v 0.12852322 0.35373026 0.69465405
v 0.19883320 -0.44705972 -0.05147594
v 0.20189320 -0.44315973 -0.05143594
v 0.17930321 0.34588027 0.65168405
v 0.20274319 0.34590027 0.65169406
v 0.20192614 -0.44139457 0.04963024
v 0.11290320 -0.20094974 0.13996406
v 0.16587953 -0.27933028 0.88138235
v 0.19882320 -0.44705972 -0.03971594
v 0.19883320 -0.44703972 -0.03971594
v 0.11290320 -0.20094974 0.14386407
v 0.11290320 -0.20094974 0.11261407
v 0.21837319 -0.22830974 -0.94972593
v 0.32992142 -0.37833983 0.38218263
v 0.21053004 -0.24388194 -0.94594985
v 0.21055321 -0.24381974 -0.94596595
v 0.21446320 -0.24008974 -0.94596595
v 0.19882320 -0.44705972 -0.02799594
v 0.11291320 -0.20096973 0.10480406
v 0.23325631 -0.23530960 -0.89744949
v 0.11291320 -0.20096973 0.18683407
v 0.20269319 -0.10721973 -0.40299594
v 0.20269319 -0.11111974 -0.40299594
v 0.21845052 -0.23617287 -0.94601548
v 0.19493321 0.33807027 0.64777404
v 0.07849906 -0.13839445 0.08727151
v 0.20269319 -0.10330974 -0.40299594
v 0.20274319 -0.10721973 -0.40310594
v 0.20665319 0.34585026 0.65168405
v 0.21055321 0.34585026 0.65168405
v 0.20665319 0.34590027 0.65170407
v 0.03510325 -0.11859409 -0.69529605
v 0.16367321 0.09980027 -0.40299594
v 0.20725319 0.23652028 0.40168405
v 0.21054322 0.24043027 0.40558404
v 0.18552420 -0.10388543 -0.39431867
v 0.21055321 0.33806026 0.64777404
v 0.16367590 0.08418025 -0.40299597
v 0.27305320 0.34590027 0.65173405
v 0.27272317 0.34969315 0.65116292
v 0.16368321 0.09199026 -0.40299594
v 0.16368321 0.08809026 -0.40299594
v 0.16758320 0.09199026 -0.39994594
v 0.16367321 0.08809026 -0.40299594
v 0.16368321 0.08418027 -0.40299594
v 0.16368321 0.11152026 -0.40299594
v 0.16367321 0.11543027 -0.40299594
v 0.16367321 0.09199026 -0.40299594
v 0.17149319 0.19355027 -0.39690593
v 0.16368321 0.15840027 -0.40299594
v 0.16368321 0.12715027 -0.40299594
v 0.16367321 0.21309026 -0.40299594
v 0.16368321 0.20918027 -0.40299594
v 0.20657319 0.15449028 -0.67643595
v 0.16367321 0.18184026 -0.40299594
v 0.20657319 0.15449028 -0.67252594
v 0.18001872 0.18382858 -0.39240709
v 0.16566807 0.15810560 -0.41459298
v 0.16368321 0.18965027 -0.40299594
v 0.20665319 0.15441027 -0.67643595
v 0.16367321 0.19355027 -0.40299594
v 0.17372829 0.21102358 -0.39515951
v 0.20110372 0.19032340 -0.65455353
v 0.21446320 0.23551027 0.40949407
v 0.20975356 0.15367416 -0.66685820
v 0.20665319 0.15441027 -0.67252594
v 0.16367321 0.21699028 -0.40299594
v 0.21055321 0.33898026 -0.68034595
v 0.20015915 0.23374887 0.39234513
v 0.17299996 0.29832774 -0.39867404
v 0.21055321 0.23652028 0.40560406
v 0.21837319 0.33809027 0.64779407
v 0.19608988 0.33051601 0.64387953
v 0.18675426 0.34306693 -0.59437740
v 0.24180321 0.34590027 0.65172404
v 0.24571320 0.34590027 0.65172404
v 0.24571320 0.34581026 0.65168405
v 0.20665319 0.34087026 -0.68034595
v 0.18321320 0.33808026 0.64777404
v 0.18712319 0.33808026 0.64777404
v 0.18321320 0.33809027 0.64777404
v 0.23399319 0.33803028 0.64777404
v 0.19102322 0.33808026 0.64777404
v 0.19102322 0.33809027 0.64777404
v 0.20274319 0.34586027 0.65168405
v 0.20665319 0.33809027 0.64778405
v 0.21837319 0.34584028 0.65168405
v 0.20355210 0.37197453 0.63752902
v 0.18321320 0.34590027 0.65168405
v 0.21068287 0.33807552 -0.68458444
v 0.21055321 0.33820027 -0.68424594
v 0.18712319 0.33809027 0.64777404
v 0.20274496 0.34198964 -0.68425161
v 0.14728953 0.32042643 0.63444859
v 0.20274319 0.34199026 -0.68423593
v 0.20274319 0.33809027 0.64778405
v 0.20665319 0.33806026 0.64777404
v 0.18321320 0.34588027 0.65168405
v 0.18712319 0.34590027 0.65169406
v 0.18712319 0.34588027 0.65168405
v 0.15747096 0.35502440 0.37890497
v 0.19102322 0.34590027 0.65169406
v 0.19102322 0.34587026 0.65168405
v 0.23393217 0.33067596 0.64393222
v 0.27768162 0.33064732 0.64449996
v 0.22141856 -0.37865084 0.38325360
v 0.11492236 -0.38212714 0.41433728
v 0.19883320 -0.44703972 -0.03580594
v 0.25743321 -0.38063973 0.38996407
v 0.21055321 -0.24002974 -0.94773597
v 0.23383141 -0.22045968 -0.91083801
v 0.21449652 -0.23999718 -0.94599575
v 0.18590122 -0.22159015 -0.96648216
v 0.20839311 -0.11504016 -0.41474894
v 0.20274319 -0.11111974 -0.40310594
v 0.26192778 -0.09076497 -0.91598588
v 0.20657319 0.15449028 -0.66471595
v 0.20657319 0.15449028 -0.66862595
v 0.20660830 0.15449332 -0.69247073
v 0.20665319 0.15441027 -0.69205594
v 0.20665319 0.15441027 -0.68034595
v 0.20657319 0.15449028 -0.68034595
v 0.21054812 0.23651102 0.40558830
v 0.20665319 0.15441027 -0.68815595
v 0.20657319 0.15449028 -0.68424594
v 0.20665319 0.15441027 -0.68424594
v 0.20978472 0.15441816 -0.69602758
v 0.20665319 0.15441027 -0.66862595
v 0.20665319 0.15441027 -0.66471595
v 0.20657319 0.15449028 -0.66080594
v 0.23050809 0.11058977 -0.61550575
v 0.20657319 0.15449028 -0.68815595
v 0.31342301 0.32543543 0.40187553
v 0.23008320 0.33804026 0.64777404
v 0.22618321 0.33809027 0.64779407
v 0.22125837 0.33103147 -0.69417965
v 0.22227322 0.34583026 0.65168405
v 0.37071320 0.33416027 0.41340405
v 0.23008320 0.33809027 0.64779407
v 0.23399319 0.34590027 0.65171403
v 0.23399319 0.34582028 0.65168405
v 0.26611951 -0.38064903 0.39000177
v 0.19883320 -0.44703972 -0.03190594
v 0.29649320 -0.36891973 0.41730404
v 0.29258320 -0.36890972 0.41730404
v 0.25330365 -0.37963894 0.38604942
v 0.25352320 -0.38065973 0.38999408
v 0.29715505 -0.38051751 0.40993258
v 0.23140682 -0.44830284 -0.03716065
v 0.23008320 -0.22440974 -0.91042596
v 0.23399319 -0.22049972 -0.91071594
v 0.23399319 -0.22034974 -0.91080594
v 0.29065081 -0.36504200 0.41752076
v 0.28868321 -0.36893973 0.41730404
v 0.26207486 -0.36667815 0.41743955
v 0.23785321 -0.21658973 -0.91080594
v 0.23790319 -0.21658973 -0.91078597
v 0.26133320 -0.38063973 0.38996407
v 0.26133320 -0.38065973 0.39002404
v 0.33165321 -0.36893973 0.41731408
v 0.33165321 -0.36894974 0.41730404
v 0.33555320 -0.36894974 0.41730404
v 0.25352320 -0.38064972 0.38996407
v 0.27427021 -0.19260363 -0.94062930
v 0.25743321 -0.38065973 0.39000404
v 0.27696320 -0.10330974 -0.91078597
v 0.27696320 -0.11632974 -0.91080594
v 0.27695322 -0.11502974 -0.91080594
v 0.27696320 -0.11502974 -0.91080594
v 0.28477320 -0.36893973 0.41730404
v 0.11501545 0.19101690 0.09012379
v 0.26524320 -0.38065973 0.39004406
v 0.21581924 0.26266825 0.41305336
v 0.24962319 0.34590027 0.65172404
v 0.31319043 0.33384487 -0.46272224
v 0.26524320 0.34590027 0.65173405
v 0.23790319 0.34582028 0.65168405
v 0.24180321 0.34581026 0.65168405
v 0.23790319 0.34590027 0.65171403
v 0.25743321 0.34590027 0.65172404
v 0.26133320 0.34590027 0.65173405
v 0.26133320 0.34579027 0.65168405
v 0.24962319 0.34580028 0.65168405
v 0.25352320 0.34590027 0.65172404
v 0.25743321 0.34579027 0.65168405
v 0.25352320 0.34580028 0.65168405
v 0.27696320 -0.36893973 0.41730404
v 0.28087321 -0.36887974 0.41730404
v 0.27696320 -0.36886972 0.41730404
v 0.27305320 -0.36893973 0.41730404
v 0.44574693 -0.40118110 -0.18319650
v 0.28087321 -0.36893973 0.41730404
v 0.33555320 -0.36893973 0.41731408
v 0.27696320 -0.10721973 -0.91079593
v 0.27693322 -0.11111974 -0.91080594
v 0.27696320 -0.11111974 -0.91079593
v 0.45947850 -0.36720651 0.37436849
v 0.35508320 -0.36893973 0.41731408
v 0.35899320 -0.36894974 0.41730404
v 0.35899320 -0.36893973 0.41731408
v 0.20618559 -0.20996597 -0.93252164
v 0.27691320 -0.10721973 -0.91080594
v 0.32018641 -0.37061670 0.41693509
v 0.26616269 -0.10390970 -0.91458809
v 0.36678320 0.04121026 -0.86393595
v 0.36680320 0.04512026 -0.86389595
v 0.36680320 0.04121026 -0.86391598
v 0.34065884 0.04748961 -0.88826567
v 0.29449320 0.33418027 0.41340405
v 0.33946320 -0.36893973 0.41731408
v 0.34337321 -0.36893973 0.41731408
v 0.34337321 -0.36894974 0.41730404
v 0.35508320 0.33416027 0.41340405
v 0.35118321 0.33416027 0.41340405
v 0.36681321 -0.01736974 -0.86393595
v 0.36680320 -0.01569974 -0.86393595
v 0.36680320 -0.01736974 -0.86394596
v 0.28457475 0.35128951 0.41770539
v 0.24661522 0.33347392 0.41274855
v 0.28477320 0.33418027 0.41339406
v 0.29661968 -0.36893991 0.41730377
v 0.28376621 0.30157453 -0.67350149
v 0.27305320 0.34577027 0.65168405
v 0.26915321 0.34578028 0.65168405
v 0.27696320 0.34577027 0.65168405
v 0.26915321 0.34590027 0.65173405
v 0.26524320 0.34578028 0.65168405
v 0.27773452 0.34589183 0.65173513
v 0.28923887 0.33656529 0.41610944
v 0.30430320 0.33417028 0.41340405
v 0.31741816 0.34589657 0.65176105
v 0.34842670 -0.37299117 0.41472656
v 0.28868321 -0.36889973 0.41730404
v 0.28477320 -0.36888972 0.41730404
v 0.29258320 -0.36893973 0.41730404
v 0.36680320 -0.36893973 0.41731408
v 0.37071320 -0.36893973 0.41731408
v 0.37071320 -0.36895972 0.41730404
v 0.30292815 -0.35072097 0.41690937
v 0.32774320 -0.36893973 0.41730404
v 0.33946320 -0.36894974 0.41730404
v 0.29056841 -0.11526795 -0.90599763
v 0.46055320 -0.02127974 -0.78972596
v 0.46055320 -0.02518974 -0.78972596
v 0.36680320 -0.02127974 -0.86395597
v 0.36683321 -0.02127974 -0.86393595
v 0.32774320 0.33418027 0.41342407
v 0.33165321 0.33415028 0.41340405
v 0.33165321 0.33418027 0.41342407
v 0.32774320 0.33416027 0.41340405
v 0.33224526 -0.12830804 -0.89030403
v 0.34337321 0.33415028 0.41340405
v 0.33946320 0.33415028 0.41340405
v 0.37468427 0.04899569 -0.85649931
v 0.36686322 -0.02908974 -0.86393595
v 0.38615003 0.31849223 -0.42648816
v 0.53087318 -0.15018974 -0.01627594
v 0.53087318 -0.14627974 -0.01627594
v 0.53084320 -0.14627974 -0.01627594
v 0.36684322 0.01387026 -0.86393595
v 0.36680603 0.01316330 -0.86396873
v 0.36683321 0.00996026 -0.86393595
v 0.35118321 0.33418027 0.41342407
v 0.34727320 0.33418027 0.41342407
v 0.30821320 0.33417028 0.41340405
v 0.29649320 0.33418027 0.41340405
v 0.31602320 0.33416027 0.41340405
v 0.31993321 0.33416027 0.41340405
v 0.31602320 0.33418027 0.41341409
v 0.32383320 0.33416027 0.41340405
v 0.36680320 0.01777026 -0.86398596
v 0.36680320 0.02168026 -0.86398596
v 0.39880121 -0.00290837 -0.83367538
v 0.29258320 0.33418027 0.41339406
v 0.28868321 0.33418027 0.41340405
v 0.28868321 0.33418027 0.41339406
v 0.30430320 0.33418027 0.41340405
v 0.30040321 0.33417028 0.41340405
v 0.29258320 0.33418027 0.41340405
v 0.31212321 0.33417028 0.41340405
v 0.30821320 0.33418027 0.41341409
v 0.32048061 0.33819267 0.41729197
v 0.31212321 0.33418027 0.41341409
v 0.35118321 -0.36894974 0.41730404
v 0.35508320 -0.36894974 0.41730404
v 0.35118321 -0.36893973 0.41731408
v 0.32996410 -0.35456073 0.41771242
v 0.38762924 -0.38281885 0.40616059
v 0.36290321 -0.36895972 0.41730404
v 0.36683321 0.02949026 -0.86393595
v 0.57356572 -0.10889631 -0.44721797
v 0.37462321 -0.36893973 0.41731408
v 0.37462321 -0.36895972 0.41730404
v 0.36290321 -0.36893973 0.41731408
v 0.48785076 -0.29864022 -0.35602456
v 0.51568651 -0.51608568 0.01622359
v 0.34727320 -0.36893973 0.41731408
v 0.36680320 -0.36895972 0.41730404
v 0.38633320 -0.36893973 0.41731408
v 0.38633320 -0.36895972 0.41730404
v 0.39024320 -0.36895972 0.41730404
v 0.38243321 -0.36893973 0.41731408
v 0.46056321 -0.02127974 -0.78971595
v 0.46056321 -0.02518974 -0.78971595
v 0.36680320 -0.02908974 -0.86398596
v 0.46056321 -0.03690974 -0.78971595
v 0.46055320 -0.03299974 -0.78972596
v 0.46056321 -0.03299974 -0.78971595
v 0.36680320 0.02559026 -0.86397594
v 0.53084320 -0.15018974 -0.01627594
v 0.36671734 0.00872387 -0.86402547
v 0.47227320 -0.04080974 -0.77023596
v 0.47230321 -0.04861974 -0.77018595
v 0.47230321 -0.04471974 -0.77018595
v 0.36680320 0.03730026 -0.86392593
v 0.36680320 0.03730026 -0.86393595
v 0.36276993 0.03934939 -0.86769712
v 0.36684322 -0.02518974 -0.86393595
v 0.36680320 -0.02518974 -0.86397594
v 0.36686322 0.01777026 -0.86393595
v 0.40196320 0.00996026 -0.82869595
v 0.41371322 -0.02908974 -0.80924594
v 0.41372320 -0.03299974 -0.80924594
v 0.42301506 -0.01663864 -0.85165542
v 0.46999350 -0.03384649 -0.77414662
v 0.36684322 0.02559026 -0.86393595
v 0.41370320 -0.02518974 -0.80924594
v 0.46055320 -0.00955974 -0.78972596
v 0.46055320 -0.00565974 -0.78972596
v 0.46056321 -0.00955974 -0.78971595
v 0.34180024 0.17828812 -0.86653298
v 0.36680320 0.02949026 -0.86395597
v 0.42541322 -0.00955974 -0.78971595
v 0.42540321 -0.00565974 -0.78971595
v 0.40196320 -0.03299974 -0.82874596
v 0.40196320 -0.02908974 -0.82873595
v 0.40194321 -0.03299974 -0.82877594
v 0.41363320 -0.00565974 -0.80924594
v 0.41368321 -0.00565974 -0.80917597
v 0.41368321 -0.00175974 -0.80919594
v 0.41365319 -0.00175974 -0.80924594
v 0.45329377 -0.07051807 -0.80154467
v 0.40192321 -0.02518974 -0.82877594
v 0.39956218 -0.02327751 -0.83268738
v 0.36680320 0.03340026 -0.86394596
v 0.42243570 0.01972776 -0.85246718
v 0.49652633 0.32853198 0.63598496
v 0.46055320 0.00605026 -0.78972596
v 0.46055320 0.00215026 -0.78972596
v 0.46056321 -0.01346974 -0.78971595
v 0.42540321 -0.00955974 -0.78974593
v 0.42064819 -0.00564076 -0.79760081
v 0.46055320 -0.05252974 -0.78972596
v 0.46056321 -0.05252974 -0.78971595
v 0.46056321 -0.05643974 -0.78971595
v 0.46056321 0.03730026 -0.78971595
v 0.46055320 0.04121026 -0.78972596
v 0.46924916 0.06264912 -0.77585071
v 0.41368321 0.01387026 -0.80928594
v 0.41371322 0.01777026 -0.80924594
v 0.41368321 0.01777026 -0.80930597
v 0.46056321 -0.00565974 -0.78971595
v 0.43028611 -0.00518814 -0.78160280
v 0.47623321 -0.05033161 -0.76266843
v 0.47230321 -0.03690974 -0.77018595
v 0.35508320 0.33418027 0.41342407
v 0.38633320 0.33416027 0.41340405
v 0.31993321 0.33418027 0.41342407
v 0.33555320 0.33415028 0.41340405
v 0.33946320 0.33418027 0.41343406
v 0.34337321 0.33418027 0.41342407
v 0.33555320 0.33418027 0.41343406
v 0.37476614 0.31152794 -0.46155560
v 0.38238320 0.31465027 -0.44205594
v 0.37835196 0.31857875 -0.43850368
v 0.37852320 0.31855026 -0.43829596
v 0.36680320 0.33418027 0.41342407
v 0.36290321 0.33418027 0.41342407
v 0.36680320 0.33416027 0.41340405
v 0.38719457 0.32507539 0.40124747
v 0.35899320 0.33416027 0.41340405
v 0.32383320 0.33418027 0.41342407
v 0.38243321 0.33418027 0.41342407
v 0.38243321 0.33416027 0.41340405
v 0.39024320 0.33418027 0.41341409
v 0.39415321 0.33416027 0.41340405
v 0.38947317 0.33814627 0.41683084
v 0.36290321 0.33416027 0.41340405
v 0.46055320 -0.06424974 -0.78972596
v 0.46055320 -0.06033974 -0.78972596
v 0.46056321 -0.06424974 -0.78971595
v 0.35010919 0.32801661 0.40557885
v 0.37071320 0.33418027 0.41342407
v 0.34727320 -0.36894974 0.41730404
v 0.39415321 -0.36893973 0.41731408
v 0.39805320 -0.36893973 0.41731408
v 0.39805320 -0.36896974 0.41730404
v 0.40597069 -0.12307754 -0.86908239
v 0.40196320 -0.01346974 -0.82866597
v 0.40190321 -0.01736974 -0.82877594
v 0.40196320 -0.01736974 -0.82868594
v 0.40189320 -0.01346974 -0.82877594
v 0.37430391 -0.00465576 -0.85683656
v 0.39024320 -0.36893973 0.41731408
v 0.40587321 -0.36893973 0.41732404
v 0.39143312 -0.34390235 0.41279918
v 0.40196320 -0.36893973 0.41731408
v 0.41368321 -0.01346974 -0.80921596
v 0.41368321 -0.00955974 -0.80919594
v 0.41365910 -0.30737817 -0.43913218
v 0.40196320 -0.36896974 0.41730404
v 0.40587321 -0.36896974 0.41730404
v 0.39415321 -0.36896974 0.41730404
v 0.46298885 -0.07205920 -0.78570157
v 0.35691479 -0.02564670 -0.87347412
v 0.39794004 -0.06212166 -0.83467990
v 0.46055320 -0.05643974 -0.78972596
v 0.41373321 -0.03690974 -0.80924594
v 0.41368321 -0.03299974 -0.80932593
v 0.36686322 -0.03299974 -0.86393595
v 0.41368321 -0.01826974 -0.80924594
v 0.41368321 -0.01736974 -0.80924594
v 0.42543322 -0.01346974 -0.78971595
v 0.42544320 -0.01736974 -0.78971595
v 0.36680320 0.03592026 -0.86393595
v 0.36686322 0.02168026 -0.86393595
v 0.40196320 -0.00565974 -0.82862598
v 0.42545322 -0.02127974 -0.78971595
v 0.42045143 0.01413962 -0.79804856
v 0.36985019 0.01988125 -0.86113650
v 0.46056321 -0.06033974 -0.78971595
v 0.40196320 0.00215026 -0.82866597
v 0.40188321 -0.00175974 -0.82877594
v 0.40196320 -0.00175974 -0.82865596
v 0.40189320 0.00215026 -0.82877594
v 0.46055320 -0.04861974 -0.78972596
v 0.34940013 0.33806384 0.41719559
v 0.47230321 -0.02127974 -0.77018595
v 0.47227320 -0.01736974 -0.77023596
v 0.47230321 -0.01736974 -0.77018595
v 0.46055320 -0.03690974 -0.78972596
v 0.41368321 -0.02908974 -0.80930597
v 0.46055320 -0.01346974 -0.78972596
v 0.46055320 -0.00175974 -0.78972596
v 0.40193415 0.01078484 -0.82874638
v 0.47227320 -0.04471974 -0.77023596
v 0.34727320 0.33415028 0.41340405
v 0.37861320 0.31855026 -0.43815592
v 0.39024320 0.33416027 0.41340405
v 0.37462321 0.33416027 0.41340405
v 0.35899320 0.33418027 0.41342407
v 0.37852320 0.33416027 0.41340405
v 0.38330975 0.31408414 -0.44203600
v 0.38243321 0.31465027 -0.44198596
v 0.37462321 0.33418027 0.41342407
v 0.37852320 -0.36895972 0.41730404
v 0.37852320 -0.36893973 0.41731408
v 0.40187320 -0.00565974 -0.82877594
v 0.40880334 -0.06134530 -0.81797588
v 0.40195322 -0.03690974 -0.82877594
v 0.40196320 -0.03690974 -0.82876593
v 0.41370320 0.01387026 -0.80924594
v 0.42540321 -0.01346974 -0.78976595
v 0.42540321 -0.01736974 -0.78978598
v 0.46055320 0.00996026 -0.78972596
v 0.46056321 -0.04861974 -0.78971595
v 0.41368321 0.00215026 -0.80921596
v 0.40193322 -0.02908974 -0.82877594
v 0.40196320 -0.04066974 -0.82877594
v 0.41368321 -0.02518974 -0.80928594
v 0.41368321 -0.02127974 -0.80926597
v 0.40196320 -0.02127974 -0.82869595
v 0.40196320 -0.02518974 -0.82871598
v 0.40191320 -0.02127974 -0.82877594
v 0.40822116 -0.01143366 -0.81824863
v 0.41369322 -0.02127974 -0.80924594
v 0.40188321 -0.00955974 -0.82877594
v 0.47227320 -0.02518974 -0.77023596
v 0.47227320 -0.02127974 -0.77023596
v 0.41365319 -0.00955974 -0.80924594
v 0.41366321 -0.01346974 -0.80924594
v 0.41368321 0.02559026 -0.80933595
v 0.41372320 0.02168026 -0.80924594
v 0.41368321 0.02168026 -0.80932593
v 0.40196320 -0.00955974 -0.82865596
v 0.40190321 0.00605026 -0.82877594
v 0.40196320 0.00605026 -0.82868594
v 0.53084320 -0.20877974 -0.01627594
v 0.52311778 -0.23351166 -0.01677134
v 0.41368321 0.00605026 -0.80924594
v 0.46055320 0.01777026 -0.78972596
v 0.40977320 0.00605026 -0.81572598
v 0.45189595 0.05519552 -0.74532270
v 0.43712574 -0.00595783 -0.77026260
v 0.43716320 -0.00565974 -0.77018595
v 0.40741873 0.02786833 -0.81972843
v 0.42576128 -0.02240984 -0.78920746
v 0.47623390 -0.01156783 -0.76266962
v 0.47230321 0.00215026 -0.77018595
v 0.47230321 0.00605026 -0.77018595
v 0.46056321 -0.00175974 -0.78971595
v 0.46056321 0.00215026 -0.78971595
v 0.36852881 -0.16567399 -0.85592479
v 0.37852320 0.33418027 0.41342407
v 0.52696317 0.10175776 -0.01646594
v 0.38633320 0.33418027 0.41342407
v 0.46161023 0.35733378 0.38721308
v 0.49571320 0.39668027 0.25716409
v 0.49571189 0.39674798 0.25715354
v 0.40977320 -0.36893973 0.41732404
v 0.42553604 0.05678530 -0.84743714
v 0.51392388 -0.44799110 -0.10966773
v 0.53084320 -0.13065974 -0.01627594
v 0.53084320 -0.13455974 -0.01627594
v 0.41368321 0.00996026 -0.80926597
v 0.41369322 0.00996026 -0.80924594
v 0.41368321 0.00695026 -0.80924594
v 0.06674768 -0.38408870 -0.87565047
v 0.41367322 0.00605026 -0.80924594
v 0.41366321 0.00215026 -0.80924594
v 0.46055320 -0.01736974 -0.78972596
v 0.53084320 -0.01346974 -0.01627594
v 0.47227320 -0.03299974 -0.77023596
v 0.46055439 -0.06832829 -0.78972363
v 0.46056321 -0.04080974 -0.78971595
v 0.46056321 -0.02908974 -0.78971595
v 0.47227320 -0.02908974 -0.77023596
v 0.47230321 -0.03299974 -0.77018595
v 0.46055320 -0.02908974 -0.78972596
v 0.41367322 -0.01736974 -0.80924594
v 0.41762736 -0.01706666 -0.80268961
v 0.46056321 -0.04471974 -0.78971595
v 0.47230321 -0.02908974 -0.77018595
v 0.46055320 -0.04471974 -0.78972596
v 0.47227320 -0.00955974 -0.77023596
v 0.47227320 -0.00565974 -0.77023596
v 0.47230321 -0.00955974 -0.77018595
v 0.46055320 0.02168026 -0.78972596
v 0.46055320 0.02559026 -0.78972596
v 0.46056321 0.02168026 -0.78971595
v 0.47230321 -0.02518974 -0.77018595
v 0.47227320 0.00215026 -0.77023596
v 0.46056321 -0.01736974 -0.78971595
v 0.46056321 0.02559026 -0.78971595
v 0.43712321 0.00215026 -0.77030593
v 0.53087318 0.02168026 -0.01627594
v 0.46055320 0.03730026 -0.78972596
v 0.47227320 -0.00175974 -0.77023596
v 0.47230321 -0.00175974 -0.77018595
v 0.52696317 0.12885776 -0.01646594
v 0.46056321 0.03340026 -0.78971595
v 0.46055320 0.03340026 -0.78972596
v 0.48395321 0.10371026 -0.72330594
v 0.45118421 -0.02082310 -0.74616170
v 0.53087318 -0.11111974 -0.01627594
v 0.43712321 -0.00175974 -0.77028596
v 0.43718320 -0.00175974 -0.77018595
v 0.49969319 0.12715027 -0.66471595
v 0.49962321 0.12732027 -0.66471595
v 0.50148320 0.12715027 -0.66080594
v 0.46736321 -0.30643973 -0.36784595
v 0.49180320 0.39664027 0.26105404
v 0.40853614 0.36626354 -0.30493188
v 0.48757589 0.62733120 0.19549385
v 0.52186418 -0.44295746 -0.10766590
v 0.61157280 -0.31136912 -0.16537502
v 0.53084320 -0.16580974 -0.01627594
v 0.53087318 -0.16971973 -0.01627594
v 0.53084320 -0.16971973 -0.01627594
v 0.48781729 -0.29862368 -0.35610023
v 0.48785344 -0.29859456 -0.35611573
v 0.53084320 -0.11111974 -0.01627594
v 0.53084320 -0.10721973 -0.01627594
v 0.51161873 -0.07986233 -0.69576740
v 0.53358316 0.07612276 -0.01237594
v 0.44102320 -0.00175974 -0.76379597
v 0.46710774 -0.13439552 -0.74204528
v 0.46917403 -0.07268089 -0.77549285
v 0.46055320 0.01387026 -0.78972596
v 0.46056321 0.00605026 -0.78971595
v 0.46567953 0.00035322 -0.78127128
v 0.49788320 -0.12283973 -0.68424594
v 0.49962321 0.11152026 -0.68034595
v 0.49961320 0.10762026 -0.68424594
v 0.46056321 -0.06815974 -0.78971595
v 0.46055320 -0.04080974 -0.78972596
v 0.52696317 -0.03885849 -0.01646594
v 0.46056321 0.00996026 -0.78971595
v 0.43717602 0.00314072 -0.77022219
v 0.51085955 -0.14982294 -0.62586212
v 0.49961320 -0.11893974 -0.68424594
v 0.46056321 0.01777026 -0.78971595
v 0.47001380 -0.00176163 -0.77411211
v 0.47230321 -0.00565974 -0.77018595
v 0.47230321 0.00996026 -0.77018595
v 0.46056321 0.01387026 -0.78971595
v 0.53358316 -0.07255099 -0.01237594
v 0.53084320 0.02168026 -0.01627594
v 0.53084320 0.02559026 -0.01627594
v 0.47230321 -0.05252974 -0.77018595
v 0.47230321 -0.04080974 -0.77018595
v 0.47227320 0.00605026 -0.77023596
v 0.47227320 0.00996026 -0.77023596
v 0.54734772 0.12043968 -0.53500378
v 0.47227320 -0.03690974 -0.77023596
v 0.46056321 0.02949026 -0.78971595
v 0.47230321 -0.01346974 -0.77018595
v 0.47227320 -0.01346974 -0.77023596
v 0.52304316 -0.04861974 -0.67252594
v 0.46055320 0.02949026 -0.78972596
v 0.47001037 0.02316068 -0.77411795
v 0.53087318 0.04902026 -0.01627594
v 0.52487504 -0.07882778 -0.67038471
v 0.53087318 0.12715027 -0.01627594
v 0.26299909 0.21862642 -0.92044747
v 0.53087318 -0.06424974 -0.01627594
v 0.53087318 -0.06033974 -0.01627594
v 0.53084320 -0.06033974 -0.01627594
v 0.53084320 0.08027026 -0.01627594
v 0.53358316 0.04682589 -0.01237594
v 0.48150727 0.10429651 -0.72820699
v 0.49054545 0.13551566 -0.67628074
v 0.48399320 0.10753027 -0.71940595
v 0.48039296 0.12381932 -0.71161634
v 0.50139320 0.11934026 -0.66862595
v 0.46296051 0.22724192 -0.01564505
v 0.53087318 0.13105027 -0.01627594
v 0.53087318 0.13496026 -0.01627594
v 0.53084320 0.13496026 -0.01627594
v 0.49572459 0.39666459 0.25716117
v 0.52305317 -0.44324973 -0.10612594
v 0.47627389 -0.30252180 -0.36375675
v 0.52665704 -0.42279044 -0.12715644
v 0.53850186 -0.29070279 -0.30537623
v 0.53868318 -0.29080972 -0.30493596
v 0.52316320 -0.44315973 -0.10612594
v 0.52692425 -0.44317779 -0.10227134
v 0.47621310 -0.30247480 -0.36392134
v 0.52696317 -0.07621161 -0.01646594
v 0.49935418 -0.29083416 -0.35624546
v 0.57146662 -0.22400288 -0.37107590
v 0.53871578 -0.29060733 -0.30527672
v 0.53869420 -0.29471061 -0.29748964
v 0.53515983 -0.28681308 -0.31704789
v 0.49962261 -0.11892709 -0.68424612
v 0.52700830 -0.30243114 -0.29756603
v 0.53084320 -0.19705974 -0.01627594
v 0.52696317 -0.19754975 -0.01646594
v 0.49806297 -0.31054205 -0.31873560
v 0.53084320 -0.15799972 -0.01627594
v 0.53084320 -0.16190974 -0.01627594
v 0.49961320 0.08809026 -0.70377594
v 0.49961320 0.09199026 -0.69987595
v 0.47227320 -0.04861974 -0.77023596
v 0.53358316 -0.15116224 -0.01237594
v 0.50135320 -0.11502974 -0.68424594
v 0.53087318 0.03730026 -0.01627594
v 0.53087318 0.04121026 -0.01627594
v 0.53358316 0.03144526 -0.01237594
v 0.53084320 0.04121026 -0.01627594
v 0.53084320 0.12324027 -0.01627594
v 0.53084320 0.11934026 -0.01627594
v 0.53084320 -0.18143974 -0.01627594
v 0.53084320 -0.18533973 -0.01627594
v 0.49960080 -0.11503026 -0.68815476
v 0.49962321 -0.11502974 -0.68815595
v 0.49962321 -0.11502974 -0.68814594
v 0.53084320 0.08809026 -0.01627594
v 0.53084320 -0.03690974 -0.01627594
v 0.52304316 -0.03690974 -0.67252594
v 0.49962321 0.12332026 -0.66862595
v 0.49791321 0.12715027 -0.66862595
v 0.49962321 0.12715027 -0.66487592
v 0.49962321 0.09199026 -0.69985592
v 0.49962321 0.09589026 -0.69596595
v 0.49961320 0.09590026 -0.69596595
v 0.53087318 -0.21268974 -0.01627594
v 0.52305317 -0.05252974 -0.67249596
v 0.52305317 -0.04861974 -0.67249596
v 0.52304316 -0.03299974 -0.67252594
v 0.52304316 -0.02908974 -0.67252594
v 0.52304298 -0.05291619 -0.67252600
v 0.53084320 0.13887025 -0.01627594
v 0.53084320 0.14277028 -0.01627594
v 0.53084320 0.19355027 -0.01627594
v 0.52696317 0.19624089 -0.01646594
v 0.53084320 0.19746026 -0.01627594
v 0.49383256 0.09308817 -0.71171349
v 0.53087318 -0.15408973 -0.01627594
v 0.53084320 -0.03299974 -0.01627594
v 0.48395321 0.11152026 -0.71549594
v 0.48395321 0.10762026 -0.71940595
v 0.53401744 -0.04497382 -0.64338183
v 0.52305317 -0.03690974 -0.67249596
v 0.52305317 -0.03299974 -0.67249596
v 0.49962321 0.10371026 -0.68814594
v 0.49961320 0.10371026 -0.68815595
v 0.46567431 0.17297514 -0.69239670
v 0.48401222 0.11152543 -0.71537256
v 0.48399320 0.11144026 -0.71549594
v 0.50135320 0.09980027 -0.68815595
v 0.48399320 0.11535026 -0.71159595
v 0.50271571 0.06702309 -0.71111715
v 0.49961728 0.09589664 -0.69596535
v 0.49961320 0.09980027 -0.69205594
v 0.49972597 0.09167363 -0.70009094
v 0.49962321 0.09980027 -0.69205594
v 0.50142765 0.13410486 -0.65398926
v 0.49959630 0.12311202 -0.66886818
v 0.53358316 0.11127964 -0.01237594
v 0.49965319 0.12324027 -0.66862595
v 0.55930531 0.42330885 0.01769312
v 0.52719671 0.22488926 -0.01643506
v 0.53084320 -0.01736974 -0.01627594
v 0.53087318 0.09590026 -0.01627594
v 0.53087318 0.09980027 -0.01627594
v 0.53084320 0.09980027 -0.01627594
v 0.54248226 -0.00528303 -0.53600544
v 0.53084320 0.18184026 -0.01627594
v 0.48658997 0.40012676 0.26579019
v 0.48790321 0.39668027 0.26494405
v 0.49180320 0.39668065 0.26104411
v 0.53084320 0.15840027 -0.01627594
v 0.48805171 0.37821034 0.26991141
v 0.50288874 0.39870486 0.24951597
v 0.53084320 0.20527028 -0.01627594
v 0.46785396 0.40888718 -0.15888077
v 0.51516521 0.47482017 -0.06322827
v 0.52305317 0.47469026 -0.05534594
v 0.49175662 0.51101458 -0.04491666
v 0.52157247 0.45564634 -0.07946380
v 0.51523435 0.47479886 -0.06317631
v 0.51525319 0.47480026 -0.06315593
v 0.53087318 0.14668027 -0.01627594
v 0.53084320 0.14668027 -0.01627594
v 0.53084320 0.15059026 -0.01627594
v 0.53084320 -0.18924972 -0.01627594
v 0.53084320 -0.19315974 -0.01627594
v 0.52699721 -0.44315338 -0.10223040
v 0.52696317 -0.44315973 -0.10225594
v 0.53882378 -0.29480490 -0.29713365
v 0.53581572 -0.44209868 -0.09438740
v 0.53087318 -0.13455974 -0.01627594
v 0.53087318 -0.13065974 -0.01627594
v 0.51841545 -0.37565619 0.41261214
v 0.53084320 -0.11893974 -0.01627594
v 0.53084320 -0.12283973 -0.01627594
v 0.53084320 -0.09940974 -0.01627594
v 0.53084320 -0.10330974 -0.01627594
v 0.53865319 -0.29471973 -0.29752594
v 0.52305317 -0.04471974 -0.67249596
v 0.52304316 -0.04080974 -0.67252594
v 0.52305317 -0.04080974 -0.67249596
v 0.53169018 -0.23456585 -0.01584886
v 0.53358316 -0.20939098 -0.01237594
v 0.55038893 -0.28690535 -0.29752946
v 0.52385741 0.06772545 -0.66967851
v 0.52599597 -0.00622800 -0.66417545
v 0.53087318 0.18574028 -0.01627594
v 0.53084320 0.18574028 -0.01627594
v 0.53084320 0.18965027 -0.01627594
v 0.49961716 0.10761910 -0.68424594
v 0.53084320 -0.20096973 -0.01627594
v 0.53084320 -0.20486975 -0.01627594
v 0.53084320 -0.00565974 -0.01627594
v 0.53084320 -0.00955974 -0.01627594
v 0.52970207 -0.09692903 -0.57225096
v 0.53087318 0.01387026 -0.01627594
v 0.53087318 0.01777026 -0.01627594
v 0.53084320 0.01777026 -0.01627594
v 0.52304316 -0.04471974 -0.67252594
v 0.52074760 -0.04002887 -0.67758268
v 0.53087318 -0.10721973 -0.01627594
v 0.53087318 -0.02127974 -0.01627594
v 0.53084320 -0.02127974 -0.01627594
v 0.53084320 -0.06815974 -0.01627594
v 0.53358316 -0.09696474 -0.01237594
v 0.53087318 0.18965027 -0.01627594
v 0.53087318 0.05684026 -0.01627594
v 0.53087318 -0.02908974 -0.01627594
v 0.53087318 -0.02518974 -0.01627594
v 0.53084320 -0.02518974 -0.01627594
v 0.53087318 -0.00565974 -0.01627594
v 0.53087318 -0.00175974 -0.01627594
v 0.53358316 -0.01444474 -0.01237594
v 0.53084320 -0.00175974 -0.01627594
v 0.53087318 -0.13846973 -0.01627594
v 0.53084320 -0.13846973 -0.01627594
v 0.49962321 0.10371026 -0.68815595
v 0.53087318 0.02559026 -0.01627594
v 0.53087318 0.02949026 -0.01627594
v 0.53084320 0.02949026 -0.01627594
v 0.53084320 0.20918027 -0.01627594
v 0.50562423 0.08256550 -0.69571513
v 0.53084320 -0.04080974 -0.01627594
v 0.53087318 -0.04471974 -0.01627594
v 0.53084320 -0.04471974 -0.01627594
v 0.53084320 0.09590026 -0.01627594
v 0.53084320 0.09199026 -0.01627594
v 0.53087318 0.20527028 -0.01627594
v 0.52696317 0.16108401 -0.01646594
v 0.53084320 0.06855027 -0.01627594
v 0.53084320 0.06465026 -0.01627594
v 0.53084320 0.03730026 -0.01627594
v 0.53084320 0.11152026 -0.01627594
v 0.53084320 0.10762026 -0.01627594
v 0.53087318 0.06074026 -0.01627594
v 0.53297490 0.22784236 -0.01445432
v 0.53087318 -0.07596973 -0.01627594
v 0.53087318 0.19355027 -0.01627594
v 0.53087318 0.19746026 -0.01627594
v 0.53084320 0.01387026 -0.01627594
v 0.53084320 0.17793027 -0.01627594
v 0.53358316 0.15717839 -0.01237594
v 0.53087318 0.07246026 -0.01627594
v 0.53087318 0.07637026 -0.01627594
v 0.53084320 0.07637026 -0.01627594
v 0.53084320 0.13105027 -0.01627594
v 0.53084320 0.20137025 -0.01627594
v 0.53087318 0.20137025 -0.01627594
v 0.53087318 0.20918027 -0.01627594
v 0.53084320 0.21309026 -0.01627594
v 0.53087318 0.08418027 -0.01627594
v 0.53087318 0.08809026 -0.01627594
v 0.52696317 0.04511651 -0.01646594
v 0.53084320 0.15449028 -0.01627594
v 0.53087318 0.13887025 -0.01627594
v 0.53087318 0.14277028 -0.01627594
v 0.53358316 0.13593777 -0.01237594
v 0.53087318 0.10762026 -0.01627594
v 0.53087318 0.17012025 -0.01627594
v 0.53087318 0.17402028 -0.01627594
v 0.53084320 0.17402028 -0.01627594
v 0.53776830 0.46708381 -0.04977614
v 0.53087318 0.18184026 -0.01627594
v 0.53358316 0.19160183 -0.01237594
v 0.53087318 0.21309026 -0.01627594
v 0.53084320 0.17012025 -0.01627594
v 0.53087318 0.11152026 -0.01627594
v 0.53087318 0.11543027 -0.01627594
v 0.53084320 0.11543027 -0.01627594
v 0.53087318 0.16230027 -0.01627594
v 0.53087318 0.16621026 -0.01627594
v 0.53084320 0.16621026 -0.01627594
v 0.53084320 0.07246026 -0.01627594
v 0.53087318 0.17793027 -0.01627594
v 0.53087318 0.15449028 -0.01627594
v 0.53087318 0.15840027 -0.01627594
v 0.51911962 0.47479382 -0.05922713
v 0.52240282 0.41914991 0.22489315
v 0.51915318 0.47475028 -0.05924594
v 0.63761938 0.04323461 -0.40148318
v 0.53087318 -0.19705974 -0.01627594
v 0.53087318 -0.19315974 -0.01627594
v 0.53084320 -0.07986974 -0.01627594
v 0.53087318 -0.08377974 -0.01627594
v 0.53084320 -0.08377974 -0.01627594
v 0.53087318 -0.16580974 -0.01627594
v 0.53358316 -0.13211975 -0.01237594
v 0.53087318 -0.20096973 -0.01627594
v 0.53087318 -0.20486975 -0.01627594
v 0.53087318 -0.20877974 -0.01627594
v 0.52696317 -0.12674974 -0.01646594
v 0.53087318 -0.17752974 -0.01627594
v 0.53087318 -0.17361975 -0.01627594
v 0.53084320 -0.17361975 -0.01627594
v 0.53084320 -0.08768974 -0.01627594
v 0.53087318 -0.09158973 -0.01627594
v 0.53084320 -0.09158973 -0.01627594
v 0.53084320 -0.15408973 -0.01627594
v 0.53087318 -0.18924972 -0.01627594
v 0.53084320 -0.17752974 -0.01627594
v 0.53087318 -0.10330974 -0.01627594
v 0.53084320 -0.09549974 -0.01627594
v 0.53084320 -0.11502974 -0.01627594
v 0.53087318 -0.01736974 -0.01627594
v 0.53084320 -0.07205974 -0.01627594
v 0.52696317 -0.17093849 -0.01646594
v 0.53084320 0.04512026 -0.01627594
v 0.53084320 0.04902026 -0.01627594
v 0.53084320 -0.14236975 -0.01627594
v 0.53087318 -0.12283973 -0.01627594
v 0.53087318 -0.11893974 -0.01627594
v 0.52696317 -0.14823224 -0.01646594
v 0.53087318 -0.16190974 -0.01627594
v 0.53087318 -0.06815974 -0.01627594
v 0.53087318 -0.09940974 -0.01627594
v 0.53087318 -0.09549974 -0.01627594
v 0.53358316 0.01044901 -0.01237594
v 0.53087318 -0.05643974 -0.01627594
v 0.53087318 -0.03690974 -0.01627594
v 0.53087318 -0.04861974 -0.01627594
v 0.53084320 -0.04861974 -0.01627594
v 0.53087318 -0.11502974 -0.01627594
v 0.53084320 -0.12674974 -0.01627594
v 0.53084320 -0.02908974 -0.01627594
v 0.53084320 -0.06424974 -0.01627594
v 0.53087318 -0.14236975 -0.01627594
v 0.52696317 -0.10135849 -0.01646594
v 0.53087318 -0.07986974 -0.01627594
v 0.53084320 -0.05252974 -0.01627594
v 0.53087318 -0.03299974 -0.01627594
v 0.53087318 -0.05252974 -0.01627594
v 0.53358316 -0.04447286 -0.01237594
v 0.53087318 -0.12674974 -0.01627594
v 0.53087318 -0.18143974 -0.01627594
v 0.53087318 -0.01346974 -0.01627594
v 0.53087318 -0.04080974 -0.01627594
v 0.53084320 -0.07596973 -0.01627594
v 0.53084320 -0.05643974 -0.01627594
v 0.53084320 0.00215026 -0.01627594
v 0.53087318 -0.08768974 -0.01627594
v 0.53087318 -0.18533973 -0.01627594
v 0.53087318 -0.00955974 -0.01627594
v 0.53087318 0.00215026 -0.01627594
v 0.53087318 0.00605026 -0.01627594
v 0.53084320 0.00605026 -0.01627594
v 0.53087318 -0.15799972 -0.01627594
v 0.53358316 -0.17435661 -0.01237594
v 0.53087318 0.09199026 -0.01627594
v 0.52696317 0.01557589 -0.01646594
v 0.52696317 0.07050776 -0.01646594
v 0.53087318 0.00996026 -0.01627594
v 0.53087318 -0.07205974 -0.01627594
v 0.55040318 0.02559026 -0.50859594
v 0.55039316 0.02168026 -0.50846595
v 0.55040318 0.02183026 -0.50846595
v 0.54940319 0.02559026 -0.51237595
v 0.53087318 0.03340026 -0.01627594
v 0.53084320 0.03340026 -0.01627594
v 0.53084320 0.08418027 -0.01627594
v 0.53084320 0.00996026 -0.01627594
v 0.53087318 0.08027026 -0.01627594
v 0.53087318 0.04512026 -0.01627594
v 0.53087318 0.05293026 -0.01627594
v 0.53084320 0.05684026 -0.01627594
v 0.53087318 0.11934026 -0.01627594
v 0.53084320 0.06074026 -0.01627594
v 0.53084320 0.10371026 -0.01627594
v 0.52696317 -0.00761224 -0.01646594
v 0.53084320 0.05293026 -0.01627594
v 0.55040133 0.02165362 -0.50845706
v 0.53084320 0.12715027 -0.01627594
v 0.53084320 0.16230027 -0.01627594
v 0.53087318 0.06855027 -0.01627594
v 0.55040318 0.02949026 -0.50873595
v 0.53087318 0.06465026 -0.01627594
v 0.53087318 0.10371026 -0.01627594
v 0.53087318 0.15059026 -0.01627594
v 0.53087318 0.12324027 -0.01627594
v 0.55074865 0.03581830 -0.50764638
v 0.52579248 0.20745493 -0.47922856
v 0.55043316 0.02559026 -0.50846595
v 0.58938378 0.18992741 0.18650359
v 0.59761697 0.21476591 0.26941195
f 1 2 3
f 5 6 7
f 9 10 11
f 14 15 16
f 15 14 309
f 20 21 22
f 21 23 22
f 26 27 28
f 27 26 200
f 21 20 248
f 20 32 248
f 33 293 290
f 35 36 37
f 36 165 37
f 38 39 40
f 1198 42 43
f 44 217 45
f 46 47 176
f 200 26 51
f 52 53 54
f 57 58 49
f 58 57 59
f 61 62 63
f 62 61 345
f 66 67 68
f 217 69 45
f 70 71 72
f 73 501 74
f 76 57 77
f 57 49 77
f 78 79 80
f 81 82 83
f 85 86 484
f 87 88 89
f 88 87 216
f 90 67 66
f 91 501 92
f 91 96 97
f 175 98 99
f 94 100 101
f 102 103 176
f 104 105 106
f 108 21 248
f 23 21 108
f 109 110 111
f 1161 113 114
f 115 116 562
f 1377 117 118
f 119 217 120
f 122 123 124
f 110 125 126
f 123 122 127
f 128 129 135
f 130 131 132
f 133 134 135
f 8 137 138
f 127 139 140
f 133 141 47
f 142 143 144
f 471 122 145
f 146 147 148
f 150 52 54
f 103 94 176
f 151 145 124
f 175 153 154
f 133 135 155
f 156 157 158
f 94 93 159
f 176 142 160
f 143 142 161
f 162 163 164
f 152 166 82
f 102 129 103
f 91 104 501
f 123 127 140
f 31 169 170
f 171 159 172
f 130 132 173
f 174 175 172
f 178 179 156
f 152 82 180
f 181 87 182
f 181 216 87
f 183 184 185
f 186 187 188
f 192 193 8
f 176 47 141
f 194 72 95
f 8 195 196
f 197 198 199
f 168 147 146
f 201 46 202
f 94 171 139
f 204 205 206
f 207 41 208
f 108 207 208
f 484 209 210
f 214 379 215
f 58 59 186
f 184 161 176
f 218 219 383
f 179 220 221
f 222 552 223
f 224 225 226
f 224 309 225
f 227 228 229
f 85 230 86
f 231 232 4
f 231 200 232
f 2 370 3
f 235 2 1
f 237 67 25
f 238 338 165
f 239 240 241
f 239 29 240
f 242 243 222
f 246 34 245
f 189 11 523
f 32 250 248
f 32 251 250
f 290 217 253
f 33 290 253
f 255 256 257
f 258 259 67
f 237 25 260
f 239 241 261
f 246 262 372
f 263 264 265
f 345 266 267
f 266 268 267
f 90 269 25
f 270 35 37
f 163 271 523
f 243 242 408
f 112 272 19
f 190 200 216
f 258 273 259
f 81 180 82
f 60 257 256
f 275 276 12
f 275 277 276
f 278 279 280
f 60 121 28
f 34 338 540
f 274 281 49
f 274 68 281
f 338 34 252
f 67 237 69
f 30 274 49
f 274 30 66
f 25 67 90
f 68 67 282
f 283 284 12
f 283 285 284
f 270 338 35
f 540 338 67
f 287 288 49
f 288 287 289
f 540 217 290
f 540 67 217
f 291 119 292
f 689 540 290
f 33 253 293
f 253 294 293
f 294 33 293
f 266 295 268
f 296 217 277
f 689 293 12
f 297 298 299
f 297 309 298
f 300 301 19
f 309 200 190
f 61 63 302
f 303 304 295
f 306 307 308
f 307 306 309
f 345 309 190
f 31 311 312
f 311 313 312
f 29 34 540
f 6 36 35
f 284 292 12
f 284 291 292
f 314 77 49
f 314 203 77
f 370 315 268
f 316 317 12
f 316 69 317
f 120 217 296
f 58 188 49
f 58 186 188
f 24 698 318
f 253 217 294
f 29 321 322
f 321 65 322
f 29 323 324
f 307 234 308
f 251 325 250
f 326 327 320
f 267 268 315
f 214 215 286
f 225 3 226
f 241 329 372
f 330 331 332
f 333 334 335
f 333 216 334
f 339 340 79
f 289 67 341
f 342 204 343
f 344 342 343
f 59 67 186
f 346 347 408
f 272 348 19
f 349 348 319
f 245 350 262
f 350 245 29
f 301 327 326
f 351 301 326
f 18 17 19
f 24 318 352
f 354 24 352
f 52 192 8
f 301 351 19
f 60 167 177
f 285 291 284
f 356 70 72
f 70 356 309
f 27 357 28
f 244 358 359
f 228 227 308
f 48 360 523
f 188 361 49
f 188 187 361
f 362 53 8
f 25 269 260
f 269 49 260
f 272 363 349
f 273 364 49
f 364 273 258
f 90 66 30
f 205 342 19
f 274 66 68
f 216 365 366
f 41 320 208
f 367 349 319
f 348 349 363
f 19 17 112
f 327 367 320
f 259 273 361
f 273 49 361
f 368 344 369
f 344 343 369
f 348 300 19
f 272 112 363
f 112 17 363
f 307 371 234
f 307 309 371
f 249 332 50
f 373 501 54
f 200 306 374
f 26 121 51
f 540 31 29
f 689 290 293
f 59 57 76
f 203 67 76
f 258 379 214
f 235 61 302
f 61 235 345
f 325 13 248
f 327 301 300
f 300 348 367
f 348 349 367
f 351 205 19
f 348 272 349
f 351 326 206
f 205 351 206
f 204 206 320
f 367 319 320
f 376 320 383
f 327 300 367
f 242 328 408
f 348 363 319
f 363 17 319
f 319 17 320
f 318 354 352
f 88 257 89
f 35 338 6
f 20 22 376
f 32 20 376
f 309 377 298
f 377 355 298
f 358 378 379
f 368 369 41
f 23 108 208
f 204 342 205
f 368 207 19
f 250 325 248
f 19 108 248
f 320 369 343
f 380 381 382
f 342 344 19
f 204 320 343
f 14 16 279
f 320 23 208
f 206 326 320
f 22 320 376
f 207 368 41
f 207 108 19
f 344 368 19
f 251 376 383
f 251 32 376
f 320 17 398
f 313 50 523
f 369 320 41
f 320 22 23
f 346 384 385
f 388 389 372
f 45 390 44
f 288 289 341
f 338 252 165
f 523 336 48
f 243 347 391
f 378 392 56
f 392 49 56
f 383 320 398
f 393 380 408
f 394 395 396
f 383 325 251
f 383 13 325
f 218 353 397
f 383 398 353
f 282 287 281
f 287 49 281
f 186 67 187
f 384 401 247
f 219 218 397
f 346 385 403
f 347 403 391
f 404 263 265
f 219 397 264
f 218 383 353
f 263 219 264
f 219 263 383
f 89 257 60
f 405 406 407
f 399 353 398
f 359 379 270
f 334 366 410
f 366 334 216
f 411 412 233
f 328 242 223
f 5 238 165
f 238 5 7
f 413 405 407
f 243 391 222
f 401 414 247
f 347 243 408
f 405 328 406
f 401 404 414
f 242 222 223
f 347 346 403
f 384 247 385
f 404 265 414
f 328 223 406
f 384 346 383
f 401 384 383
f 404 401 383
f 346 408 383
f 263 404 383
f 418 393 408
f 338 7 6
f 317 260 49
f 317 237 260
f 294 217 285
f 402 420 421
f 380 422 408
f 418 423 424
f 393 409 381
f 423 425 424
f 416 426 427
f 380 393 381
f 422 382 426
f 9 428 10
f 9 31 428
f 429 430 431
f 432 433 434
f 416 422 426
f 393 418 409
f 423 413 425
f 413 407 425
f 422 380 382
f 435 402 447
f 418 424 409
f 422 416 408
f 433 432 447
f 436 437 430
f 438 416 427
f 432 435 447
f 423 418 408
f 413 423 408
f 405 413 408
f 328 405 408
f 80 79 228
f 288 314 49
f 288 341 314
f 254 194 412
f 440 441 447
f 438 427 437
f 442 431 417
f 429 442 408
f 436 438 437
f 441 462 447
f 442 433 447
f 435 443 420
f 433 417 434
f 402 435 420
f 429 436 430
f 444 402 421
f 440 445 446
f 432 434 443
f 448 449 450
f 433 442 417
f 442 429 431
f 435 432 443
f 442 447 408
f 436 429 408
f 13 408 447
f 438 436 408
f 416 438 408
f 13 383 408
f 385 552 403
f 152 451 452
f 462 13 447
f 453 454 445
f 455 456 457
f 440 453 445
f 441 446 458
f 449 455 457
f 453 448 454
f 449 457 450
f 448 453 447
f 448 450 454
f 455 444 456
f 444 421 456
f 453 440 447
f 441 440 446
f 449 448 447
f 462 441 458
f 455 449 447
f 444 455 447
f 402 444 447
f 308 234 95
f 341 67 203
f 459 460 4109
f 461 460 459
f 445 561 446
f 337 37 165
f 337 270 37
f 95 16 233
f 373 53 362
f 462 548 13
f 94 465 466
f 147 501 148
f 469 374 229
f 469 200 374
f 159 174 172
f 98 175 199
f 470 139 171
f 139 470 140
f 209 166 473
f 474 475 476
f 228 357 80
f 477 478 4409
f 8 138 479
f 371 278 280
f 371 309 278
f 484 201 480
f 482 3742 483
f 91 97 104
f 123 140 175
f 211 148 501
f 548 211 501
f 94 103 157
f 501 485 150
f 486 487 488
f 8 487 486
f 105 104 97
f 105 8 486
f 106 105 486
f 197 489 198
f 490 501 415
f 212 168 146
f 123 175 124
f 74 501 126
f 97 8 105
f 491 191 492
f 487 471 493
f 487 8 471
f 488 487 494
f 106 486 488
f 153 175 495
f 501 106 191
f 501 104 106
f 191 151 175
f 191 213 151
f 470 175 140
f 135 220 178
f 135 129 496
f 135 201 484
f 135 134 201
f 209 484 83
f 135 183 185
f 484 86 130
f 497 498 499
f 176 161 142
f 452 500 210
f 500 484 210
f 137 503 73
f 504 221 220
f 143 161 183
f 238 7 338
f 296 277 275
f 169 9 11
f 9 169 31
f 36 5 165
f 5 36 6
f 152 473 166
f 1847 175 135
f 135 484 1847
f 494 493 492
f 82 166 83
f 166 209 83
f 485 192 150
f 95 72 71
f 191 106 488
f 498 505 499
f 224 226 506
f 87 89 182
f 249 330 332
f 249 31 330
f 256 4 60
f 225 1 3
f 225 309 1
f 95 234 280
f 364 258 214
f 95 299 355
f 232 439 4
f 279 16 95
f 507 508 340
f 370 268 295
f 309 306 200
f 356 194 254
f 177 182 60
f 231 4 256
f 266 303 295
f 266 345 303
f 365 177 167
f 200 339 78
f 339 79 78
f 121 60 439
f 181 182 177
f 365 181 177
f 181 365 216
f 62 315 63
f 305 18 55
f 377 224 506
f 224 377 309
f 345 235 1
f 374 227 229
f 232 51 439
f 232 200 51
f 27 509 357
f 27 200 509
f 370 506 226
f 309 356 254
f 469 229 508
f 358 379 359
f 286 56 49
f 286 215 56
f 235 302 2
f 59 76 67
f 364 286 49
f 364 214 286
f 333 335 360
f 63 315 370
f 411 254 412
f 411 309 254
f 510 511 512
f 359 270 337
f 289 287 282
f 215 378 56
f 400 513 514
f 400 29 513
f 228 79 340
f 309 14 278
f 14 279 278
f 26 28 121
f 10 336 523
f 355 506 95
f 335 410 523
f 514 516 372
f 341 203 314
f 215 379 378
f 309 345 1
f 88 216 200
f 69 237 317
f 345 305 304
f 379 258 67
f 504 220 175
f 523 50 332
f 209 473 210
f 190 305 345
f 277 217 44
f 518 48 336
f 233 412 95
f 269 30 49
f 269 90 30
f 339 507 340
f 507 339 200
f 507 469 508
f 507 200 469
f 321 400 519
f 400 321 29
f 520 310 516
f 71 299 95
f 332 331 523
f 293 33 294
f 212 479 125
f 85 484 480
f 60 182 89
f 298 355 299
f 323 388 324
f 521 38 40
f 521 29 38
f 67 338 379
f 522 261 372
f 306 227 374
f 524 360 48
f 228 508 229
f 356 72 194
f 228 60 357
f 244 337 165
f 244 359 337
f 366 167 410
f 330 170 331
f 330 31 170
f 525 261 522
f 358 392 378
f 45 69 316
f 375 236 12
f 375 120 236
f 289 282 67
f 245 262 246
f 277 44 276
f 350 522 262
f 291 217 119
f 524 333 360
f 333 524 216
f 400 514 519
f 165 252 49
f 379 338 270
f 283 294 285
f 68 282 281
f 187 67 259
f 321 519 65
f 526 162 164
f 162 526 31
f 392 165 49
f 513 516 514
f 203 76 77
f 187 259 361
f 310 372 516
f 317 49 12
f 392 244 165
f 244 392 358
f 119 375 292
f 375 12 292
f 390 12 276
f 44 390 276
f 390 316 12
f 390 45 316
f 120 296 236
f 236 275 12
f 236 296 275
f 120 375 119
f 217 67 69
f 285 217 291
f 169 189 170
f 216 524 518
f 524 48 518
f 293 283 12
f 283 293 294
f 517 312 271
f 517 31 312
f 51 121 439
f 311 249 50
f 249 311 31
f 371 280 234
f 189 523 331
f 323 389 388
f 306 308 227
f 252 246 372
f 322 65 39
f 70 297 71
f 70 309 297
f 525 239 261
f 239 525 29
f 310 164 372
f 297 299 71
f 295 304 370
f 29 525 350
f 525 522 350
f 15 411 233
f 15 309 411
f 372 519 514
f 340 508 228
f 226 3 370
f 370 95 506
f 311 50 313
f 372 261 241
f 428 336 10
f 365 167 366
f 170 189 331
f 240 329 241
f 169 11 189
f 523 11 10
f 428 518 336
f 518 428 216
f 167 60 410
f 410 60 523
f 31 526 520
f 246 252 34
f 55 304 305
f 377 506 355
f 523 271 313
f 31 216 428
f 2 302 370
f 280 279 95
f 523 60 372
f 34 29 245
f 228 308 95
f 334 410 335
f 523 360 335
f 324 388 329
f 509 78 80
f 78 509 200
f 40 39 372
f 162 517 163
f 162 31 517
f 29 31 520
f 388 372 329
f 240 324 329
f 240 29 324
f 38 322 39
f 322 38 29
f 372 163 523
f 372 262 522
f 55 370 304
f 303 345 304
f 255 231 256
f 255 200 231
f 194 95 412
f 312 313 271
f 62 267 315
f 267 62 345
f 517 271 163
f 323 521 389
f 521 323 29
f 526 310 520
f 28 357 60
f 65 519 372
f 60 4 439
f 372 39 65
f 370 302 63
f 513 520 516
f 513 29 520
f 521 40 389
f 509 80 357
f 228 95 60
f 372 164 163
f 526 164 310
f 200 255 88
f 255 257 88
f 15 233 16
f 372 389 40
f 13 18 19
f 143 183 135
f 420 561 421
f 248 13 19
f 527 528 529
f 409 552 381
f 434 561 443
f 505 213 191
f 216 540 190
f 454 561 445
f 490 195 92
f 407 552 425
f 24 354 387
f 98 530 466
f 427 552 437
f 1847 484 468
f 468 540 419
f 533 149 471
f 494 191 488
f 94 101 93
f 534 535 536
f 8 193 137
f 131 230 152
f 465 504 99
f 689 419 540
f 264 552 265
f 8 53 52
f 81 484 173
f 503 485 501
f 191 1847 548
f 81 83 484
f 179 221 94
f 503 501 73
f 362 196 415
f 530 98 199
f 141 133 155
f 211 146 148
f 174 93 495
f 466 465 99
f 191 491 499
f 143 135 144
f 196 490 415
f 96 91 92
f 505 191 499
f 504 175 99
f 198 530 199
f 176 160 102
f 539 141 155
f 505 498 149
f 211 548 212
f 471 541 493
f 135 178 158
f 150 192 52
f 178 156 158
f 484 130 173
f 372 60 252
f 479 138 74
f 490 196 195
f 128 135 158
f 533 213 149
f 501 150 54
f 176 539 184
f 151 533 145
f 192 485 193
f 157 128 158
f 176 202 46
f 230 176 152
f 1847 191 175
f 470 171 172
f 500 136 484
f 1152 542 543
f 46 134 47
f 197 175 154
f 139 471 94
f 85 544 230
f 94 159 171
f 496 160 144
f 201 202 480
f 145 122 124
f 152 180 132
f 153 100 154
f 132 180 173
f 135 185 155
f 86 131 130
f 471 145 533
f 175 470 172
f 397 552 264
f 160 142 144
f 101 153 495
f 491 497 499
f 216 31 540
f 60 95 18
f 698 387 354
f 94 157 156
f 95 55 18
f 190 540 305
f 95 370 55
f 265 552 414
f 406 552 407
f 381 552 382
f 443 561 420
f 391 552 222
f 129 102 496
f 414 552 247
f 403 552 391
f 431 561 417
f 220 135 175
f 8 196 362
f 491 541 497
f 136 451 152
f 212 146 211
f 1731 545 546
f 180 81 173
f 152 132 131
f 561 430 552
f 220 179 178
f 94 466 530
f 94 530 198
f 493 541 492
f 501 490 92
f 131 86 230
f 168 109 111
f 500 452 451
f 168 111 147
f 128 157 103
f 471 139 127
f 94 489 100
f 473 452 210
f 125 479 126
f 501 191 548
f 471 127 122
f 138 137 73
f 185 539 155
f 135 496 144
f 12 49 689
f 382 552 426
f 426 552 427
f 549 550 551
f 424 552 409
f 94 221 465
f 223 552 406
f 552 397 353
f 247 552 385
f 399 552 353
f 698 399 398
f 425 552 424
f 417 561 434
f 456 561 457
f 430 561 431
f 421 561 456
f 437 552 430
f 457 561 450
f 110 109 125
f 462 561 548
f 450 561 454
f 446 561 458
f 458 561 462
f 318 698 354
f 152 452 473
f 197 199 175
f 174 495 175
f 504 465 221
f 134 46 201
f 195 96 92
f 557 558 684
f 100 489 154
f 541 491 492
f 479 212 8
f 503 193 485
f 471 498 497
f 176 544 202
f 176 141 539
f 212 109 168
f 128 103 129
f 501 110 126
f 373 362 415
f 138 73 74
f 98 466 99
f 184 183 161
f 202 544 480
f 8 96 195
f 175 151 124
f 503 137 193
f 111 501 147
f 93 101 495
f 94 156 179
f 505 149 213
f 185 184 539
f 479 74 126
f 94 198 489
f 8 97 96
f 212 125 109
f 110 501 111
f 176 230 544
f 213 533 151
f 53 373 54
f 174 159 93
f 153 101 100
f 500 451 136
f 496 102 160
f 152 540 136
f 471 149 498
f 133 47 134
f 494 492 191
f 484 540 468
f 494 487 493
f 497 541 471
f 136 540 484
f 544 85 480
f 489 197 154
f 373 415 501
f 60 18 252
f 552 399 561
f 399 386 305
f 561 399 548
f 212 548 399
f 540 152 176
f 564 565 566
f 17 18 305
f 567 568 569
f 1457 570 571
f 419 689 555
f 17 305 398
f 398 386 387
f 398 387 698
f 212 399 8
f 575 576 710
f 114 113 577
f 578 579 580
f 581 582 583
f 584 585 586
f 588 589 590
f 591 592 593
f 8 94 471
f 399 540 94
f 94 540 176
f 594 595 1064
f 596 597 598
f 599 600 556
f 419 555 578
f 1048 603 604
f 606 607 608
f 610 611 612
f 613 614 615
f 1257 617 618
f 1082 619 620
f 1048 623 64
f 625 626 627
f 888 628 629
f 628 630 629
f 633 634 816
f 635 636 637
f 632 562 419
f 638 639 578
f 641 642 643
f 645 646 647
f 578 648 649
f 651 652 653
f 656 2107 657
f 658 659 660
f 538 559 609
f 8 399 94
f 585 665 586
f 666 667 1175
f 668 669 1082
f 671 672 589
f 673 674 675
f 677 678 679
f 680 681 663
f 578 682 683
f 685 686 116
f 687 688 1053
f 690 691 692
f 693 694 695
f 696 697 710
f 113 700 701
f 1185 702 703
f 578 704 705
f 538 706 707
f 708 709 1302
f 1185 711 694
f 712 713 714
f 1166 600 715
f 717 718 816
f 555 720 721
f 578 722 579
f 555 723 724
f 682 725 726
f 729 730 731
f 578 580 732
f 733 734 735
f 736 737 633
f 620 738 1082
f 739 740 741
f 742 743 816
f 689 538 555
f 1082 669 744
f 745 746 742
f 747 1898 622
f 746 745 704
f 750 751 2136
f 752 753 754
f 386 398 305
f 698 24 386
f 24 387 386
f 386 399 698
f 760 601 761
f 1924 762 763
f 764 765 760
f 728 766 662
f 620 768 738
f 769 770 771
f 773 774 775
f 252 776 777
f 779 114 577
f 780 774 773
f 1161 700 113
f 1166 781 782
f 783 784 785
f 786 787 788
f 1515 789 790
f 789 791 790
f 721 720 792
f 562 856 419
f 1593 568 567
f 1590 793 794
f 796 797 1064
f 1082 798 668
f 2039 800 801
f 723 805 724
f 806 807 562
f 808 107 669
f 809 2308 810
f 718 726 816
f 43 42 811
f 812 739 856
f 813 814 815
f 817 818 819
f 820 821 822
f 615 823 853
f 654 824 1270
f 578 799 825
f 578 649 799
f 826 827 632
f 828 829 584
f 538 699 830
f 831 1013 832
f 945 833 834
f 693 695 1082
f 835 836 837
f 820 838 665
f 839 1515 840
f 842 769 1053
f 1180 843 844
f 845 846 755
f 742 825 743
f 538 609 706
f 538 830 849
f 555 850 723
f 851 773 1053
f 578 705 722
f 578 639 648
f 555 854 855
f 1198 780 857
f 860 706 861
f 932 862 863
f 854 724 864
f 703 702 757
f 868 772 1082
f 419 578 632
f 538 869 870
f 555 871 758
f 772 798 1082
f 538 872 869
f 538 870 559
f 803 872 538
f 663 803 689
f 584 586 562
f 724 854 555
f 555 716 871
f 873 756 816
f 1048 874 875
f 555 876 716
f 689 803 538
f 781 75 687
f 538 707 699
f 879 880 881
f 555 882 876
f 555 725 682
f 884 838 885
f 886 887 888
f 889 833 945
f 890 891 1657
f 538 849 882
f 892 893 2788
f 895 703 896
f 897 898 562
f 900 901 899
f 555 758 850
f 902 625 903
f 735 868 1082
f 904 573 905
f 865 64 906
f 578 825 746
f 555 855 720
f 578 683 638
f 538 882 555
f 1082 907 847
f 555 721 725
f 578 555 682
f 684 805 908
f 797 796 910
f 911 904 905
f 578 746 704
f 853 613 615
f 632 578 932
f 932 578 732
f 853 866 913
f 914 3280 915
f 853 823 532
f 711 606 917
f 919 920 921
f 1863 922 923
f 932 107 808
f 1048 64 865
f 2610 2991 2520
f 793 926 927
f 928 929 930
f 925 931 853
f 586 884 562
f 811 42 515
f 913 933 853
f 1166 502 934
f 1048 736 623
f 765 601 760
f 603 936 937
f 515 938 939
f 941 942 1175
f 845 822 846
f 943 944 1270
f 946 764 755
f 857 780 851
f 929 947 930
f 779 577 755
f 928 930 1053
f 1166 949 950
f 952 953 1175
f 954 955 956
f 1161 601 765
f 822 821 846
f 1593 958 959
f 960 699 961
f 760 761 755
f 962 963 867
f 964 817 965
f 419 1175 468
f 966 967 941
f 969 970 971
f 1590 972 973
f 1515 815 976
f 815 814 976
f 977 978 976
f 978 1515 976
f 979 649 980
f 829 585 584
f 918 619 853
f 982 983 984
f 705 704 985
f 986 987 988
f 989 546 990
f 546 989 1731
f 991 992 993
f 995 1775 996
f 997 995 996
f 1082 998 816
f 999 1000 1001
f 1002 647 1003
f 1004 1005 1006
f 989 964 1007
f 798 862 668
f 1847 13 548
f 684 1008 1009
f 859 827 925
f 540 399 305
f 1166 782 1014
f 1015 1421 1016
f 1018 958 1019
f 1020 1021 1022
f 1024 1020 1025
f 1026 1027 559
f 1028 575 710
f 1029 1030 856
f 1031 935 928
f 1033 747 622
f 1034 1035 1036
f 1152 543 1037
f 1038 792 816
f 883 981 816
f 933 918 853
f 1185 1039 766
f 644 896 1082
f 648 639 883
f 919 1042 920
f 1017 502 696
f 782 781 1043
f 808 668 862
f 107 1045 744
f 1046 874 1047
f 931 827 826
f 853 532 912
f 1049 733 1082
f 730 715 1050
f 979 980 816
f 961 707 860
f 912 866 853
f 1051 604 1052
f 576 934 1017
f 1082 733 735
f 728 662 816
f 1054 1055 816
f 894 998 1082
f 847 1040 1082
f 853 931 924
f 644 895 896
f 1040 894 1082
f 75 1056 688
f 700 1057 946
f 924 1041 853
f 1041 613 853
f 1058 1059 909
f 816 743 979
f 697 1043 710
f 936 766 728
f 1082 738 1049
f 1053 968 853
f 933 1060 918
f 1061 895 644
f 1062 1063 940
f 775 1031 1053
f 756 633 816
f 853 1082 1053
f 598 597 952
f 842 1065 769
f 1066 1067 1068
f 663 1026 1069
f 1046 1047 816
f 980 883 816
f 1082 853 619
f 1071 1072 1049
f 1027 1026 663
f 876 1073 716
f 1039 1075 1076
f 1077 879 881
f 888 899 1078
f 899 901 1078
f 1055 864 816
f 1070 1079 1064
f 816 981 717
f 968 859 925
f 1048 1080 1064
f 699 707 961
f 1009 960 684
f 1081 731 1082
f 1069 680 663
f 998 985 816
f 744 907 1082
f 726 1038 816
f 1166 1083 949
f 568 959 1084
f 684 960 961
f 682 718 683
f 662 1076 816
f 643 642 1085
f 1050 599 1082
f 934 502 1017
f 816 985 745
f 1029 1088 1030
f 961 860 684
f 1089 1090 651
f 663 861 1027
f 663 860 861
f 663 684 860
f 1091 859 968
f 816 745 742
f 684 816 864
f 595 1093 1064
f 619 1094 620
f 816 792 1054
f 1032 1095 1044
f 684 558 1073
f 740 1097 741
f 799 743 825
f 775 1099 1031
f 684 864 805
f 608 607 1081
f 634 1051 816
f 830 1009 849
f 853 968 925
f 1096 557 684
f 1100 1008 684
f 816 684 663
f 1073 1100 684
f 908 1096 684
f 579 722 894
f 847 580 1040
f 1022 991 940
f 651 653 1053
f 597 1102 952
f 1103 954 956
f 1084 959 1018
f 1087 1104 1175
f 905 573 943
f 1103 956 1270
f 1105 1106 1175
f 667 966 941
f 939 1107 842
f 959 958 1018
f 1108 1109 1110
f 1111 1112 1105
f 1113 1114 1115
f 1116 1117 654
f 784 1119 666
f 1119 966 667
f 1120 1121 1122
f 992 1123 993
f 1124 1063 1062
f 950 949 1125
f 1126 1127 1128
f 788 1129 940
f 801 800 1092
f 576 1017 710
f 1053 1091 968
f 1025 1020 1022
f 1132 1133 1134
f 1826 1135 1136
f 1135 1137 1136
f 1043 687 1053
f 838 973 885
f 989 990 1118
f 964 989 1118
f 515 939 1053
f 1138 1139 1140
f 1139 1775 1140
f 841 1142 1143
f 1142 1144 1143
f 1145 1146 1147
f 604 603 1052
f 1148 1149 1150
f 600 1151 556
f 818 1142 819
f 1142 841 819
f 791 1145 790
f 1153 921 1154
f 1088 670 1030
f 1105 1155 1106
f 1074 843 1156
f 846 828 755
f 821 829 828
f 601 1160 761
f 1161 935 1099
f 577 701 755
f 1590 1162 1163
f 881 1164 909
f 1165 844 1074
f 1167 3280 1923
f 670 1168 1169
f 869 1069 870
f 958 1170 1019
f 1171 567 569
f 1169 1165 856
f 943 1172 944
f 741 1173 856
f 1174 567 1171
f 739 741 856
f 1170 596 1176
f 667 941 1175
f 942 1087 1175
f 783 1177 1155
f 953 1179 1175
f 1092 800 1181
f 820 585 829
f 1175 1181 1296
f 1182 1183 1132
f 993 1123 1184
f 880 1186 1164
f 1052 937 816
f 702 694 693
f 906 64 873
f 1257 591 1141
f 725 721 1038
f 868 1190 772
f 695 917 1082
f 1077 881 909
f 732 907 1045
f 1079 1070 1191
f 864 724 805
f 1192 1193 1194
f 1195 1189 1002
f 1164 1196 909
f 1100 882 1008
f 575 1197 576
f 907 732 847
f 1106 1199 1175
f 1031 928 1053
f 1200 1201 1202
f 766 1039 662
f 580 847 732
f 1131 1124 1178
f 863 862 798
f 1080 1070 1064
f 963 1204 631
f 1205 588 590
f 858 1206 1089
f 1207 1208 1209
f 623 736 756
f 773 775 1053
f 1210 1211 1212
f 706 860 707
f 696 1014 697
f 963 631 867
f 768 620 1094
f 1213 875 1046
f 855 1054 720
f 1057 765 764
f 1083 1023 1215
f 1216 1215 710
f 1217 614 613
f 1032 1218 1048
f 866 1219 913
f 1190 868 1220
f 875 874 1046
f 738 1071 1049
f 1515 1221 852
f 1221 1222 852
f 769 771 1053
f 1107 1065 842
f 855 854 1055
f 871 557 758
f 1223 1197 575
f 1095 1032 1048
f 757 693 1082
f 744 1045 907
f 639 638 981
f 879 796 1064
f 1164 1186 1196
f 1186 880 1064
f 1052 603 937
f 1159 532 1224
f 772 863 798
f 896 757 1082
f 609 861 706
f 726 725 1038
f 1188 1032 1044
f 1096 758 557
f 1226 1225 1370
f 796 879 1077
f 1227 595 1058
f 1070 1080 962
f 1152 677 1228
f 1076 994 1082
f 746 825 742
f 1026 870 1069
f 663 681 803
f 1059 797 910
f 896 703 757
f 909 1196 867
f 861 609 1027
f 668 808 669
f 1040 579 894
f 1230 1231 1232
f 1081 729 731
f 1051 1052 816
f 937 728 816
f 881 880 1164
f 559 870 1026
f 559 1027 609
f 1038 721 792
f 803 681 872
f 1069 869 680
f 595 594 1058
f 557 871 558
f 872 680 869
f 871 716 558
f 846 821 828
f 650 851 1053
f 680 872 681
f 1188 1044 867
f 695 711 917
f 979 799 649
f 1203 1125 1082
f 994 644 1082
f 687 75 688
f 850 908 723
f 1047 906 816
f 906 873 816
f 924 1233 1041
f 894 722 998
f 874 865 1047
f 792 720 1054
f 917 606 608
f 1096 908 850
f 1191 962 867
f 1095 875 1213
f 816 1076 1082
f 1218 1204 1048
f 1059 910 909
f 1125 1216 1082
f 985 704 745
f 981 638 717
f 1054 855 1055
f 1093 663 1064
f 715 600 599
f 909 1093 1227
f 1204 1218 631
f 689 1655 1064
f 1093 595 1227
f 849 1008 882
f 962 1080 963
f 797 594 1064
f 830 699 960
f 663 1093 909
f 663 689 1064
f 1100 1073 876
f 1009 830 960
f 998 705 985
f 1075 1061 994
f 1008 849 1009
f 876 882 1100
f 1213 1046 816
f 1204 1080 1048
f 683 717 638
f 867 1213 816
f 579 1040 580
f 634 1236 1051
f 631 1188 867
f 734 733 1072
f 1237 1120 1122
f 1203 950 1125
f 1236 604 1051
f 655 954 1103
f 994 1061 644
f 979 743 799
f 662 1039 1076
f 731 730 1050
f 718 682 726
f 648 980 649
f 1219 866 1238
f 64 623 873
f 1240 2069 1241
f 1242 1243 616
f 1245 1246 1247
f 1246 1245 2897
f 926 1120 1237
f 701 946 755
f 757 702 693
f 1044 1095 1213
f 1080 1204 963
f 1220 735 734
f 1196 1191 867
f 850 758 1096
f 737 1236 634
f 756 736 633
f 910 796 1077
f 1191 1070 962
f 880 879 1064
f 937 936 728
f 909 867 816
f 1055 854 864
f 910 1077 909
f 805 723 908
f 816 663 909
f 669 107 744
f 883 639 981
f 1196 1079 1191
f 1227 1058 909
f 594 797 1059
f 1058 594 1059
f 1044 1213 867
f 980 648 883
f 1186 1079 1196
f 558 716 1073
f 873 623 756
f 1082 1216 710
f 717 683 718
f 631 1218 1188
f 1047 865 906
f 1079 1186 1064
f 1218 1032 1188
f 1216 1083 1215
f 1190 863 772
f 633 737 634
f 722 705 998
f 1151 950 1203
f 1125 949 1216
f 694 711 695
f 1121 1163 806
f 885 1248 562
f 1249 1250 1251
f 1076 1075 994
f 697 782 1043
f 608 1081 1082
f 731 1050 1082
f 556 1151 1203
f 918 1252 619
f 1215 1028 710
f 1253 1224 823
f 768 1071 738
f 1252 1094 619
f 917 608 1082
f 1060 1252 918
f 735 1220 868
f 1160 822 845
f 1043 781 687
f 931 925 827
f 1253 615 614
f 1060 933 1254
f 913 1254 933
f 502 1014 696
f 1217 1041 1233
f 599 556 1082
f 607 729 1081
f 1050 715 599
f 1197 934 576
f 1049 1072 733
f 577 113 701
f 912 1238 866
f 1134 1255 1126
f 898 927 562
f 688 858 1053
f 710 1043 1053
f 615 1253 823
f 532 1159 912
f 1017 696 710
f 1159 1238 912
f 851 780 773
f 812 1256 739
f 1206 1090 1089
f 1215 1023 1028
f 1254 913 1219
f 613 1041 1217
f 1023 1223 1028
f 1028 1223 575
f 774 1099 775
f 949 1083 1216
f 777 776 1258
f 556 1203 1082
f 1056 1206 858
f 823 1224 532
f 763 1259 1260
f 652 43 653
f 858 1089 1053
f 688 1056 858
f 824 1103 1270
f 755 584 562
f 930 779 1053
f 947 114 779
f 1089 651 1053
f 1090 652 651
f 1053 1082 710
f 931 826 924
f 1014 782 697
f 1233 924 826
f 939 842 1053
f 771 650 1053
f 807 1162 115
f 653 43 811
f 1065 770 769
f 764 760 755
f 42 938 515
f 1262 1117 1116
f 1263 2069 1264
f 935 929 928
f 770 1265 771
f 1122 806 562
f 771 1265 650
f 828 584 755
f 1265 857 650
f 1205 590 1266
f 811 515 1053
f 938 1107 939
f 653 811 1053
f 562 1053 755
f 1053 779 755
f 1099 935 1031
f 701 700 946
f 930 947 779
f 665 838 884
f 762 1267 1259
f 650 857 851
f 897 794 898
f 1253 614 632
f 794 793 898
f 761 1160 845
f 761 845 755
f 1237 1122 562
f 927 1237 562
f 1268 1269 1104
f 885 973 1248
f 1122 1121 806
f 973 972 1248
f 586 665 884
f 946 1057 764
f 573 1172 943
f 952 1102 953
f 1162 685 115
f 807 115 562
f 1271 801 1272
f 884 885 562
f 806 1163 807
f 632 1217 1233
f 666 1119 667
f 1048 1185 936
f 953 785 1179
f 1270 598 1175
f 898 793 927
f 972 794 897
f 1248 972 897
f 1248 897 562
f 686 1256 812
f 116 686 812
f 927 926 1237
f 1163 1162 807
f 1134 1126 1296
f 911 905 1270
f 116 812 856
f 1173 1029 856
f 115 685 116
f 1030 670 1169
f 1256 740 739
f 562 116 856
f 1165 1074 856
f 1274 1275 1276
f 1074 1156 856
f 1180 1117 1262
f 1277 1278 1279
f 843 1280 1156
f 2039 1021 1020
f 1168 844 1165
f 1030 1169 856
f 1281 1088 1029
f 956 955 911
f 1019 1170 1176
f 1169 1168 1165
f 1173 1281 1029
f 844 843 1074
f 824 655 1103
f 1097 1281 1173
f 741 1097 1173
f 804 1116 856
f 1117 1282 654
f 1283 1115 1175
f 1156 1280 804
f 654 1282 824
f 1284 1268 1087
f 598 952 1175
f 1171 569 1270
f 1116 654 1270
f 956 911 1270
f 1181 1285 1296
f 1019 1176 1270
f 1286 1272 1175
f 1282 655 824
f 804 1262 1116
f 955 904 911
f 1179 784 666
f 856 1116 1270
f 1156 804 856
f 785 784 1179
f 944 1171 1270
f 1182 1132 1296
f 1280 1262 804
f 967 1284 942
f 944 1174 1171
f 948 1287 1111
f 1092 1181 1175
f 1199 1130 1175
f 1288 1289 1290
f 1290 1289 1182
f 569 568 1084
f 569 1084 1270
f 1172 1174 944
f 1084 1018 1270
f 1102 785 953
f 905 943 1270
f 1018 1019 1270
f 1115 1114 948
f 1291 1292 1130
f 1087 1268 1104
f 1104 1269 1283
f 1176 596 598
f 1115 948 1175
f 991 993 940
f 1292 1271 1286
f 1269 1113 1283
f 1176 598 1270
f 1179 666 1175
f 1128 1025 1296
f 942 1284 1087
f 941 967 942
f 1283 1113 1115
f 1127 1024 1128
f 1112 1155 1105
f 1177 1291 1199
f 1183 1133 1132
f 1272 1092 1175
f 800 1294 1181
f 1287 1112 1111
f 948 1111 1175
f 1155 1177 1106
f 1111 1105 1175
f 1128 1024 1025
f 1104 1283 1175
f 1114 1287 948
f 1285 1288 1290
f 1593 954 655
f 1130 1292 1286
f 1289 1183 1182
f 1106 1177 1199
f 1272 801 1092
f 1130 1286 1175
f 1181 1294 1285
f 1129 1178 940
f 1199 1291 1130
f 1286 1271 1272
f 1255 1127 1126
f 1294 1288 1285
f 1296 1022 940
f 468 1175 1296
f 1285 1290 1296
f 1133 1255 1134
f 1126 1128 1296
f 993 1184 940
f 2039 992 1021
f 788 787 1129
f 787 1131 1129
f 1021 992 991
f 1290 1182 1296
f 1132 1134 1296
f 2039 1063 1124
f 1022 1021 991
f 940 468 1296
f 1184 788 940
f 1025 1022 1296
f 1178 1124 1062
f 1129 1131 1178
f 1123 786 1184
f 1178 1062 940
f 2039 1024 1127
f 1184 786 788
f 940 1063 468
f 1297 1298 570
f 1299 1140 1300
f 1140 1299 1138
f 1301 630 628
f 545 1731 989
f 1924 1303 1304
f 1305 791 789
f 1307 1308 1309
f 1310 1311 1312
f 1313 1314 1315
f 1316 778 1317
f 2179 1318 1319
f 795 1320 1321
f 1322 1323 1324
f 1325 566 1326
f 1327 1328 1329
f 632 1254 1219
f 2039 1131 787
f 2039 1020 1024
f 2039 787 786
f 2039 786 1123
f 2039 1123 992
f 2039 1124 1131
f 1189 1331 645
f 1423 1333 1334
f 1336 1337 1338
f 1340 1341 1342
f 1344 1908 1345
f 1346 1347 1348
f 1260 1259 3280
f 1349 1350 1351
f 1352 1353 572
f 1354 1355 1356
f 1423 1357 1358
f 1359 1360 1361
f 396 395 1362
f 1231 1364 1232
f 679 1481 1365
f 888 748 1366
f 748 833 1366
f 1042 1367 920
f 1368 1665 1369
f 574 1371 1370
f 1235 1364 1231
f 1373 1371 1231
f 1373 1370 1371
f 1371 574 1235
f 1230 1226 1370
f 1226 1230 1232
f 1230 1373 1231
f 1370 1373 1230
f 1371 1235 1231
f 1235 574 1489
f 1374 1375 2788
f 768 1094 632
f 1655 689 252
f 1665 1378 1379
f 1332 1380 1381
f 1382 1383 1384
f 616 2106 1385
f 1386 1387 945
f 1388 1260 914
f 767 1390 1391
f 1392 1393 1394
f 1457 1297 570
f 932 808 862
f 1222 813 852
f 1335 566 1325
f 1396 1397 749
f 1257 1205 1398
f 1293 512 1399
f 1400 1989 1401
f 997 1137 1135
f 1403 1404 1405
f 1406 1407 2246
f 2039 1133 1183
f 984 1309 1775
f 1309 984 1308
f 1408 1409 1410
f 1063 3228 468
f 1411 1412 2263
f 1185 703 895
f 1413 1414 1415
f 545 1417 546
f 1330 1418 1419
f 1386 945 902
f 1420 1421 1015
f 1423 1334 1357
f 1408 1410 1422
f 1424 1908 1425
f 1593 573 904
f 1426 2215 1427
f 820 973 838
f 783 1113 1269
f 1364 1226 1428
f 1226 1379 1428
f 1379 1226 1364
f 1429 1481 1430
f 1431 1432 1433
f 1667 1435 1436
f 1437 1438 1439
f 1442 2106 1443
f 1444 1445 1446
f 1352 572 1447
f 1448 1449 1450
f 1363 1398 712
f 1452 676 1453
f 1353 1454 572
f 671 1141 672
f 1332 1458 1459
f 1460 1389 1461
f 661 1443 1462
f 1463 1464 1465
f 1456 1381 1466
f 1615 1467 1229
f 1225 1428 1378
f 1468 1665 1368
f 1226 1232 1428
f 1463 1465 1471
f 1472 1473 1474
f 1475 1665 1465
f 1476 1667 1463
f 1477 1378 1475
f 1478 1368 1369
f 1667 1464 1463
f 1370 1464 1667
f 1479 1908 1480
f 1464 1475 1465
f 1364 1235 1379
f 1232 1364 1428
f 1464 1477 1475
f 1370 1477 1464
f 1465 1665 1471
f 1482 1483 1263
f 1667 1478 1435
f 1478 1369 1435
f 1484 1485 1486
f 1484 1211 1485
f 1471 1665 1468
f 1225 1226 1428
f 1665 1235 1489
f 1469 1468 1368
f 1476 1471 1468
f 1471 1476 1463
f 1469 1476 1468
f 1469 1667 1476
f 1477 1225 1378
f 1477 1370 1225
f 1665 1379 1235
f 1475 1378 1665
f 1378 1428 1379
f 1489 886 888
f 1478 1469 1368
f 1667 1469 1478
f 900 945 901
f 1490 1491 1492
f 1493 1264 1494
f 1152 1228 602
f 1495 923 1430
f 1496 1497 1498
f 1501 1502 1503
f 1278 1504 1397
f 1506 1006 1507
f 1508 1451 1509
f 1363 1452 1243
f 1325 1511 467
f 1512 1513 1514
f 1304 1516 1517
f 1518 1519 1520
f 1521 1522 1481
f 1523 832 1524
f 1592 1525 1526
f 1525 1527 1526
f 1007 964 1118
f 945 886 1489
f 1347 2151 1348
f 1528 752 1529
f 1244 1530 1431
f 625 945 626
f 543 1522 1521
f 1010 1531 1396
f 1531 1397 1396
f 834 833 748
f 820 822 1160
f 995 1533 1146
f 1534 1535 1143
f 1535 841 1143
f 1537 1538 1539
f 814 813 1540
f 1455 553 1541
f 1542 1139 1543
f 1537 1221 1544
f 1221 1515 1544
f 546 1731 990
f 1515 1545 1546
f 1545 983 1546
f 1455 1547 1548
f 783 1284 967
f 1552 791 1305
f 1553 1554 1555
f 1554 1826 1555
f 1556 1557 1558
f 1560 1908 951
f 1561 1562 1563
f 818 817 1564
f 887 1565 1187
f 841 1417 1118
f 1417 1007 1118
f 1393 1566 1394
f 1567 1568 2263
f 1569 1570 1347
f 1571 1481 1572
f 591 593 1574
f 1576 1577 1578
f 117 1579 1580
f 1161 947 929
f 1293 1352 1582
f 1334 1583 1500
f 1584 1585 1586
f 1590 1163 1121
f 1189 1034 1588
f 1180 655 1282
f 1144 1534 1143
f 1356 1355 1589
f 1198 1090 1206
f 783 1119 784
f 1338 1337 1481
f 1591 1305 1559
f 783 967 966
f 1594 1595 1596
f 1275 1598 2656
f 563 664 1570
f 1166 950 1151
f 1600 1510 1449
f 1601 1385 1442
f 1048 875 1095
f 118 1604 1240
f 1605 3270 1606
f 1399 1488 1603
f 1608 1510 1600
f 1316 1610 778
f 1611 1612 1418
f 1423 1613 1614
f 1408 1422 1530
f 1573 1493 1494
f 617 1202 1424
f 1343 1443 661
f 1616 2107 1410
f 1459 1618 1619
f 1620 1340 1342
f 1331 1621 646
f 1332 1622 1448
f 1511 1470 1623
f 1257 1624 1625
f 1430 1481 1626
f 1627 1628 1454
f 1629 1630 1631
f 1326 1470 1511
f 677 1037 678
f 1244 1408 1530
f 1257 1632 1633
f 1210 1634 1485
f 1506 1507 1635
f 1380 1636 1381
f 1335 1392 986
f 1367 1951 920
f 1004 1614 1606
f 1339 1348 1638
f 1301 1565 945
f 1358 1639 759
f 1435 1369 1640
f 1293 1611 1330
f 512 511 1641
f 656 1630 2107
f 1452 1453 1243
f 1242 1385 1601
f 1633 1560 951
f 1643 1644 1645
f 1257 671 588
f 1625 1624 1479
f 1647 1502 1501
f 1648 656 657
f 1436 1640 1649
f 630 900 629
f 1210 1665 1634
f 624 1650 3280
f 3280 1258 624
f 1924 1388 1651
f 1332 1652 1444
f 1251 1470 1653
f 1643 890 1657
f 877 1654 1279
f 1654 1277 1279
f 1656 1657 1496
f 1658 1659 1660
f 1212 1649 1662
f 1663 1304 1517
f 1212 1436 1649
f 1370 1667 1615
f 1656 1487 1664
f 1656 1496 1487
f 1497 1486 1498
f 1649 1666 1662
f 1211 1210 1485
f 1664 1668 1656
f 1924 252 1395
f 1667 1212 1211
f 1436 1435 1640
f 1212 1667 1436
f 1496 1657 1497
f 1370 1615 574
f 1588 1669 1234
f 1602 1493 1573
f 1357 1500 1639
f 252 1671 1672
f 1673 1510 1618
f 1452 1674 676
f 945 625 902
f 645 1331 646
f 1675 3280 1676
f 1354 1588 1234
f 1677 1898 1678
f 1666 1212 1662
f 1666 1210 1212
f 1498 1634 1487
f 1640 1665 1649
f 1666 1665 1210
f 1665 1666 1649
f 1657 1211 1484
f 1486 1634 1498
f 1496 1498 1487
f 1369 1665 1640
f 1657 1667 1211
f 1667 1657 1615
f 1487 1634 1664
f 1485 1634 1486
f 1497 1484 1486
f 1657 1484 1497
f 574 1615 1489
f 877 1529 754
f 1529 752 754
f 890 1645 1214
f 748 888 1078
f 834 748 1078
f 753 752 1302
f 1679 1680 4427
f 1681 1680 1679
f 1259 1267 3280
f 535 534 1684
f 1278 1277 1302
f 1278 1531 1279
f 1531 1010 1279
f 957 2107 1685
f 1622 1587 1600
f 1387 889 945
f 1506 1635 1686
f 625 627 903
f 627 547 903
f 945 900 630
f 888 1187 848
f 1187 1565 848
f 546 1273 1731
f 900 899 629
f 899 888 629
f 1301 945 630
f 1826 1688 1140
f 1688 1543 1140
f 889 1387 1687
f 791 1552 1145
f 1386 1689 1683
f 1689 547 1683
f 1565 1301 848
f 945 1565 887
f 1690 1375 1374
f 1377 1349 1579
f 1691 997 996
f 1692 1462 957
f 1301 628 848
f 628 888 848
f 1693 2118 1694
f 887 1187 888
f 945 887 886
f 545 989 1007
f 982 537 1546
f 537 1515 1546
f 833 889 1366
f 901 834 1078
f 1687 547 1366
f 889 1687 1366
f 547 1689 903
f 1689 902 903
f 1387 1386 1683
f 547 888 1366
f 1695 1696 2118
f 945 1528 626
f 877 547 627
f 1386 902 1689
f 547 1687 1683
f 1687 1387 1683
f 878 877 754
f 753 878 754
f 1697 1698 1699
f 1504 1302 1531
f 1302 749 1531
f 1701 1384 1702
f 626 1528 1306
f 1427 2215 1207
f 1528 1529 1306
f 1529 877 1306
f 964 965 1118
f 965 841 1118
f 877 627 1306
f 627 626 1306
f 751 1703 2136
f 1704 1705 1706
f 1531 1397 1504
f 1531 749 1397
f 1138 1708 1709
f 888 877 1010
f 1564 964 1118
f 990 1564 1118
f 708 1654 1710
f 1654 877 1710
f 841 965 819
f 965 817 819
f 1700 1396 749
f 1010 1396 1700
f 708 1277 1654
f 1010 877 1279
f 1711 553 1701
f 709 708 1710
f 877 878 1710
f 878 709 1710
f 841 546 1417
f 1302 709 753
f 818 1144 1142
f 1302 1700 749
f 1147 1515 790
f 1145 1147 790
f 753 709 878
f 1278 1302 1504
f 1278 1397 1531
f 1010 1700 1302
f 1534 1538 1535
f 1332 1620 1587
f 1359 986 988
f 837 1713 2315
f 1624 1714 1479
f 1434 1715 1490
f 1716 1714 1624
f 632 1071 768
f 783 1112 1287
f 1718 1719 3030
f 1335 1249 1720
f 1166 1014 502
f 642 1470 1085
f 1721 1701 1702
f 1863 727 1723
f 1724 2947 1725
f 1515 841 1535
f 1542 1137 1139
f 1534 1564 1143
f 1564 990 1143
f 813 1222 1539
f 1308 1540 1309
f 1540 990 1309
f 1726 1727 2503
f 1145 1552 790
f 1552 1775 790
f 1728 1729 1730
f 545 1007 1417
f 795 1321 1350
f 818 1564 1144
f 982 1732 537
f 1564 1534 1144
f 817 964 1564
f 1733 1734 3160
f 1538 1537 1544
f 813 815 852
f 815 1515 852
f 1735 1736 1737
f 1515 1535 1544
f 1535 1538 1544
f 2322 1738 1739
f 1740 1741 1742
f 1537 1222 1221
f 1315 1743 2272
f 1152 602 1584
f 977 1540 1307
f 546 841 1515
f 1309 990 1775
f 1146 1533 1551
f 1273 546 1515
f 1222 1537 1539
f 814 977 976
f 1534 1539 1538
f 1539 1143 990
f 1143 1539 1534
f 1527 1413 1415
f 984 983 1308
f 1540 1308 1307
f 813 1539 852
f 1539 990 852
f 1308 1545 1309
f 1545 1515 1309
f 977 814 1540
f 977 1307 978
f 1308 983 1545
f 1540 813 852
f 990 1540 852
f 1515 978 1309
f 978 1307 1309
f 1592 1526 1744
f 1526 1745 1744
f 1515 537 1746
f 537 1732 1746
f 2096 1747 1748
f 1553 1708 1299
f 1749 1575 2744
f 1533 1750 1551
f 1750 1515 1551
f 983 982 1546
f 1515 1751 1559
f 1751 1591 1559
f 1752 1751 1746
f 1751 1515 1746
f 1752 1591 1751
f 982 984 1732
f 1708 1553 1555
f 1592 1554 1754
f 1554 1755 1754
f 1299 1300 1754
f 1300 1414 1754
f 1414 1299 1754
f 1552 1305 1591
f 984 1775 1746
f 1752 984 1746
f 1756 1757 1758
f 1732 1752 1746
f 1775 1552 1746
f 1552 1752 1746
f 984 1752 1732
f 1759 1760 1734
f 1761 1762 1763
f 1515 1147 1551
f 1147 1146 1551
f 1591 1752 1552
f 1299 1414 1755
f 1542 1688 1136
f 1688 1826 1136
f 1137 1542 1136
f 1305 789 1559
f 789 1515 1559
f 995 997 1691
f 1826 1750 996
f 1750 1691 996
f 1543 1138 1140
f 1140 1775 1300
f 1765 1414 1300
f 1135 1826 996
f 997 1135 996
f 1826 1554 1592
f 1414 1764 1754
f 1764 1592 1754
f 1414 1413 1764
f 995 790 1775
f 790 995 1145
f 1766 643 1085
f 1691 1533 995
f 1553 1755 1554
f 995 1146 1145
f 1768 1769 1770
f 1139 1138 1543
f 1533 1691 1750
f 1139 997 996
f 1775 1139 996
f 1755 1414 1754
f 1826 1515 1750
f 1138 1709 1140
f 1709 1826 1140
f 1542 1543 1688
f 1527 1745 1526
f 1137 997 1139
f 1771 1772 2977
f 1776 1777 1778
f 1779 1780 1781
f 2957 1782 1783
f 1414 1754 1415
f 1754 1765 1415
f 1754 1414 1765
f 1592 1744 1825
f 1744 1550 1825
f 3158 1784 1785
f 1786 1787 1749
f 1335 1788 1249
f 1299 1708 1138
f 1789 1509 1790
f 1553 1299 1755
f 1826 1709 1555
f 1709 1708 1555
f 1765 1550 1415
f 1550 1745 1415
f 1791 1792 1793
f 1415 1745 1527
f 1413 1527 1525
f 1592 1764 1525
f 1764 1413 1525
f 1745 1550 1744
f 1794 1795 2919
f 1796 1797 1798
f 1325 1326 1511
f 1799 1800 1801
f 571 1571 1572
f 2179 1802 1803
f 1804 1805 1806
f 1807 1416 2136
f 1808 1801 1809
f 1810 1811 1812
f 1813 1814 1815
f 1813 2897 1814
f 1816 1817 1818
f 1148 1150 1819
f 1820 1821 1822
f 1823 1824 2321
f 1827 1012 1828
f 1825 1550 3511
f 1829 1830 2299
f 1457 643 1766
f 1831 1832 1833
f 1834 1835 1836
f 1837 1838 1989
f 1840 1841 2321
f 1606 3270 1005
f 1843 802 1844
f 1786 1844 1787
f 1602 919 1153
f 1845 1492 1367
f 1593 567 1174
f 778 2525 1628
f 1593 596 1170
f 1787 1844 2010
f 2739 1850 1851
f 783 1287 1114
f 1332 1459 1854
f 1851 1855 1856
f 1857 1858 2299
f 1787 1575 1749
f 1180 1097 740
f 2744 802 1843
f 1434 1335 986
f 1575 2010 2744
f 1723 1860 1861
f 1862 1860 1481
f 1377 1350 1349
f 1392 1394 987
f 919 921 1153
f 1456 1466 1865
f 1339 1346 1348
f 1517 3280 1866
f 1189 1327 1868
f 1602 1597 1493
f 1361 1360 1869
f 1360 1951 1869
f 1870 1804 1806
f 1604 2069 1240
f 691 1481 692
f 1871 1805 1804
f 1670 1152 18
f 1333 1583 1334
f 510 1686 1872
f 2610 1873 1874
f 1642 1489 1875
f 641 1876 642
f 564 1720 1653
f 1495 1430 1626
f 1152 1457 1335
f 1357 1334 1500
f 2525 1419 1418
f 1195 1002 1003
f 1499 1877 1621
f 1481 1860 1878
f 1395 1879 1880
f 1395 1881 1882
f 1335 1804 1870
f 1864 1612 1611
f 1586 1481 691
f 1035 1884 1036
f 1189 1035 1034
f 602 1228 1365
f 1363 1441 1767
f 1822 1821 2108
f 1609 1510 1341
f 1458 1673 1618
f 1633 1632 1560
f 1457 1885 641
f 1332 1293 1652
f 1886 1474 1887
f 1293 1330 1652
f 1166 1151 600
f 1429 1862 1481
f 1434 1361 1715
f 1335 1393 1392
f 1602 1509 1789
f 1048 604 1236
f 1431 1530 1432
f 1672 624 776
f 1451 1951 1790
f 1327 1391 1328
f 1200 1888 1201
f 1257 1889 1888
f 1244 1890 1409
f 1651 914 915
f 951 1908 1344
f 1423 1614 1004
f 1257 588 1205
f 1480 1908 1560
f 1602 1508 1509
f 759 2151 664
f 1422 2107 1432
f 1892 1893 1894
f 1034 1036 1669
f 1332 1448 1896
f 252 1672 776
f 1499 1621 1331
f 1257 1200 617
f 1652 1419 1445
f 117 1604 118
f 1423 1189 1333
f 1359 988 1360
f 712 1398 713
f 1599 2106 676
f 1200 1202 617
f 1189 1899 767
f 1716 1900 1714
f 916 1615 1901
f 1363 1601 1343
f 1380 1617 1902
f 1462 2107 957
f 1903 1638 1904
f 1390 2069 1328
f 117 1580 1604
f 1257 1141 671
f 1661 1677 1905
f 1638 2151 1904
f 1086 118 1240
f 1639 2151 759
f 1906 951 1344
f 1034 1669 1588
f 712 714 1441
f 1614 1605 1606
f 1243 1453 616
f 1257 1888 1200
f 1205 1266 1398
f 1716 1854 1900
f 1195 1003 1884
f 1446 1445 2525
f 1907 1865 1609
f 1622 1600 1449
f 618 617 1424
f 1303 915 1516
f 1909 674 673
f 1395 1389 1460
f 1865 1510 1609
f 1911 2108 674
f 1423 1346 1339
f 1610 2525 778
f 1901 1615 891
f 542 1626 1522
f 1332 1912 1340
f 1603 1488 1610
f 1377 118 1086
f 640 2108 1532
f 1488 3270 1610
f 1913 1503 747
f 1612 2525 1418
f 1890 1914 1646
f 1395 1820 1881
f 1257 592 591
f 1915 957 1685
f 1202 1908 1424
f 1332 1617 1380
f 1917 1615 916
f 1363 1629 1631
f 1879 1916 1607
f 1332 1907 1912
f 1913 1501 1503
f 1674 1599 676
f 1916 1918 1607
f 618 1425 592
f 1643 1657 1668
f 1661 673 675
f 1363 1243 1242
f 1692 661 1462
f 1867 3280 1267
f 1645 1489 1214
f 1648 657 1914
f 1363 661 1692
f 1439 2107 1918
f 1257 1625 1632
f 1919 1395 1880
f 1924 1395 673
f 1924 1651 1303
f 1879 1607 640
f 891 1615 1657
f 1363 1257 1398
f 1618 1510 1619
f 252 1472 1886
f 1921 1867 1922
f 1917 1891 1615
f 3280 1473 1258
f 1516 3280 1517
f 1866 3280 1650
f 1152 1584 1897
f 1266 1908 713
f 252 777 1472
f 1566 1470 1394
f 1343 1601 1442
f 1395 1909 673
f 1005 3270 1507
f 1668 1657 1656
f 1897 691 690
f 777 1258 1473
f 1925 1926 1927
f 1048 1655 2191
f 528 534 1972
f 593 1908 1574
f 1891 1917 1875
f 1004 1606 1005
f 1918 2108 1607
f 1459 1458 1618
f 1363 1674 1452
f 1048 936 603
f 1502 1678 1898
f 1890 1646 1616
f 1643 1668 1644
f 1896 1448 1450
f 1198 652 1090
f 18 1152 1434
f 1341 1510 1342
f 1919 1930 1389
f 921 1951 1154
f 1391 1390 1328
f 1352 1447 1582
f 1342 1510 1608
f 1863 1152 1670
f 1152 1335 1434
f 767 1899 1931
f 988 1951 1360
f 1437 1918 1916
f 1434 1189 18
f 1434 1377 1189
f 1377 1434 1602
f 1423 1358 1932
f 1330 1611 1418
f 589 1908 590
f 1189 1423 1332
f 1185 766 936
f 932 1190 1220
f 2179 1933 1318
f 1332 1257 1363
f 1293 1317 1627
f 1621 2151 646
f 1332 1896 1458
f 252 1372 1910
f 1161 774 780
f 1423 510 512
f 1423 1293 1332
f 713 2106 714
f 1345 1908 1201
f 1854 1619 1900
f 1697 1699 1934
f 252 1886 1659
f 1635 3270 1872
f 1166 730 729
f 1423 563 1569
f 632 1219 1238
f 1456 1865 1907
f 1648 1631 656
f 1185 607 606
f 1929 1935 1936
f 1924 1647 1501
f 1882 1937 1911
f 675 1898 1677
f 3280 1167 1676
f 1152 1037 677
f 622 1898 1935
f 1185 729 607
f 916 1938 1642
f 1457 571 1885
f 1715 1491 1490
f 719 622 1935
f 1444 1652 1445
f 1901 891 1928
f 1917 1642 1875
f 1644 1634 1645
f 890 1643 1645
f 1634 1489 1645
f 1242 616 1385
f 1244 1631 1648
f 1634 1665 1489
f 891 1214 1928
f 1214 891 890
f 1917 916 1642
f 1214 1489 1928
f 1938 1489 1642
f 1668 1664 1644
f 1664 1634 1644
f 1901 1928 1938
f 916 1901 1938
f 1891 1875 1939
f 1928 1489 1938
f 1875 1489 1939
f 664 2151 1570
f 1159 1224 632
f 1897 1586 691
f 1277 708 1302
f 767 1931 1390
f 1365 1481 1585
f 602 1365 1585
f 1863 1670 727
f 1399 1641 1488
f 1899 1241 1931
f 1767 1599 1674
f 570 1298 1571
f 571 1572 1885
f 1189 1332 18
f 1161 1057 700
f 1189 1354 1356
f 1332 1363 18
f 1625 1479 1480
f 1914 657 1646
f 1896 1450 1673
f 1509 1451 1790
f 1629 1685 1630
f 1597 1482 1263
f 1870 1806 1566
f 632 1060 1254
f 1198 857 1265
f 1185 1166 729
f 859 632 827
f 1048 1236 737
f 1363 1244 1395
f 18 1363 252
f 1048 865 874
f 1244 1916 1879
f 1602 1042 919
f 632 1094 1252
f 932 732 1045
f 1572 1481 1876
f 1260 3280 914
f 1944 1945 1859
f 1372 1676 1167
f 1433 1432 2107
f 1185 694 702
f 1924 1921 1922
f 1048 1064 1655
f 2525 1510 1902
f 1766 1085 1947
f 1948 1949 1950
f 1409 1616 1410
f 1198 938 42
f 1434 1490 1845
f 1152 1940 1336
f 252 1923 1655
f 945 834 901
f 1198 1107 938
f 1071 932 1072
f 945 1489 2200
f 1423 1004 1006
f 920 1951 921
f 1048 737 736
f 1161 929 935
f 1952 1158 2246
f 1302 752 1528
f 1166 715 730
f 2118 1953 1695
f 1166 1023 1083
f 1010 1302 945
f 1185 895 1061
f 107 932 1045
f 1166 1048 2191
f 863 1190 932
f 1185 1075 1039
f 974 1675 1676
f 1302 1528 945
f 1885 1572 1876
f 632 1091 1053
f 1956 1957 1958
f 1185 1061 1075
f 888 547 877
f 1185 606 711
f 932 1220 734
f 1395 252 1363
f 1655 3280 1773
f 632 1224 1253
f 1180 1262 1280
f 2525 1445 1419
f 1198 43 652
f 859 1091 632
f 1877 2151 1621
f 1048 1166 1185
f 632 1233 826
f 3280 1440 1773
f 614 1217 632
f 689 49 252
f 1166 75 781
f 1166 1223 1023
f 932 734 1072
f 1394 1951 987
f 1959 1960 1961
f 632 932 1071
f 1252 1060 632
f 1166 1197 1223
f 1963 2738 1962
f 1198 1056 75
f 1166 934 1197
f 987 1951 988
f 1964 1965 1966
f 1198 75 1166
f 1198 1265 770
f 780 1198 1161
f 1159 632 1238
f 1585 1481 1586
f 2191 1161 1198
f 1955 2527 1878
f 1590 685 1162
f 1629 1915 1685
f 1967 1968 1972
f 975 1773 1954
f 1166 2191 1198
f 1198 1206 1056
f 1010 2200 1273
f 566 565 1326
f 1053 562 632
f 1973 1974 1975
f 2193 1976 1977
f 1198 770 1065
f 1180 670 1088
f 1423 1506 1686
f 1189 1499 1331
f 820 829 821
f 1198 1065 1107
f 1161 1099 774
f 1590 820 1161
f 1524 1979 1313
f 1161 765 1057
f 820 665 585
f 1612 605 2525
f 1980 1981 1982
f 601 1161 820
f 2191 1590 1161
f 1161 114 947
f 2043 1984 1157
f 820 1160 601
f 1985 1986 1987
f 1590 1180 740
f 1420 1954 1421
f 1466 1510 1865
f 511 3270 1641
f 1988 1946 1320
f 1590 926 793
f 1773 3228 1655
f 1590 1120 926
f 1803 1990 1933
f 2739 1992 1993
f 1590 1256 686
f 820 1590 973
f 1994 1995 1996
f 1590 686 685
f 1590 794 972
f 1590 1121 1120
f 1973 1726 1974
f 1349 1351 1998
f 1512 1999 2000
f 2002 581 2003
f 2004 2005 2006
f 783 966 1119
f 1180 1280 843
f 1593 959 568
f 1593 597 596
f 1180 1168 670
f 2191 1180 1590
f 419 856 1270
f 1593 1180 2191
f 1180 1282 1117
f 922 1861 1862
f 2008 2009 2010
f 2011 2008 2238
f 2012 1839 2013
f 2014 2015 2016
f 1180 1281 1097
f 1180 844 1168
f 597 1593 783
f 1593 904 955
f 1590 740 1256
f 2039 1294 800
f 2017 2018 1741
f 1180 1088 1281
f 1180 1593 655
f 1593 955 954
f 1633 951 1906
f 1270 1175 419
f 2021 2019 2043
f 2022 2023 2305
f 660 2024 2947
f 2025 2026 2027
f 1209 1208 2028
f 783 1155 1112
f 2191 3228 1593
f 1593 1170 958
f 1593 1174 1172
f 1593 1172 573
f 2029 2030 2031
f 2039 1255 1133
f 783 785 1102
f 783 1102 597
f 2033 2034 2035
f 1841 1594 2321
f 2036 2037 2038
f 678 1521 1481
f 1273 990 1731
f 783 1268 1284
f 783 1114 1113
f 2039 1288 1294
f 1421 975 1016
f 1863 923 1495
f 2040 2041 2042
f 1434 986 1359
f 2039 1289 1288
f 2039 1183 1289
f 783 1269 1268
f 2044 2045 3092
f 1593 3228 783
f 990 1273 1775
f 922 1862 1429
f 2739 1856 2047
f 783 1271 1292
f 783 2039 801
f 783 1291 1177
f 783 1292 1291
f 783 801 1271
f 3228 1063 2039
f 2048 2049 2050
f 2051 2052 2053
f 1273 2663 1775
f 2469 2054 2055
f 3228 2039 783
f 1550 1300 1775
f 2056 1768 2919
f 1550 1765 1300
f 3511 1550 1775
f 2057 2058 1568
f 1826 1592 1825
f 1495 1626 542
f 2059 1295 2060
f 2039 1127 1255
f 1826 1825 1515
f 2061 2062 2063
f 2064 1847 468
f 1573 1494 1946
f 583 2022 2305
f 1460 1461 1821
f 2066 1756 1758
f 1636 1510 1466
f 1996 2003 2305
f 1335 1720 564
f 2527 1670 18
f 1244 1363 1631
f 1587 1608 1600
f 2764 2070 2071
f 2106 2107 1443
f 1440 975 1421
f 2072 2073 2074
f 1195 1884 1035
f 2059 2060 1992
f 602 1585 1584
f 2075 1295 2059
f 2739 2047 2076
f 1438 1433 1439
f 1993 2077 1853
f 2078 1515 2079
f 1925 1927 2080
f 1457 1152 1297
f 2081 1098 1595
f 2082 2083 2084
f 2085 2086 2087
f 2088 2089 2090
f 2091 2360 2030
f 1152 1495 542
f 2739 1851 1856
f 2092 2093 2094
f 1993 1853 2095
f 2663 2096 2097
f 641 1885 1876
f 1940 692 1337
f 1940 690 692
f 1858 2098 2299
f 1631 1630 656
f 1749 2744 1843
f 1786 1843 1844
f 1786 1749 1843
f 1844 802 2010
f 1437 1439 1918
f 1320 2069 1321
f 1646 2107 1616
f 1392 987 986
f 1332 1340 1620
f 1853 2065 2007
f 2739 2076 1852
f 2739 2075 2059
f 2047 2099 2076
f 1856 1855 2100
f 2101 2065 1855
f 2060 2077 1992
f 2739 1847 1848
f 1850 2007 2101
f 1848 2065 1295
f 1848 1295 2075
f 1295 2065 2060
f 2102 2065 1852
f 2739 1993 2095
f 2739 1846 1847
f 2739 2059 1992
f 2739 2095 1850
f 1992 2077 1993
f 2060 2065 2077
f 1847 2065 1848
f 2739 1848 2075
f 2100 2065 2099
f 2099 2065 2102
f 2076 2102 1852
f 2095 2007 1850
f 2007 2065 2101
f 1853 2007 2095
f 2101 1855 1851
f 1850 2101 1851
f 2077 2065 1853
f 2100 2099 2047
f 2076 2099 2102
f 1855 2065 2100
f 1856 2100 2047
f 1852 2065 2064
f 2065 1847 2064
f 1423 1569 1346
f 1896 1673 1458
f 1602 1845 1042
f 2103 839 840
f 618 1424 1425
f 1423 1932 563
f 1450 1510 1673
f 2744 2010 802
f 1316 1603 1610
f 1846 13 1847
f 1787 2010 1575
f 2744 13 2010
f 2010 13 1846
f 1788 1947 1250
f 1877 1329 2151
f 1337 692 1481
f 1620 1342 1608
f 1723 1878 1860
f 543 1521 1037
f 2064 468 3228
f 1381 1636 1466
f 1152 1336 1297
f 762 1259 763
f 1805 1623 1470
f 1317 778 1628
f 1321 2069 1351
f 1889 1906 1344
f 1357 1639 1358
f 1876 1470 642
f 1871 1623 1805
f 1423 1006 1506
f 1363 712 1441
f 1589 2151 1583
f 1619 1510 1900
f 565 1470 1326
f 1257 618 592
f 1363 1692 1915
f 1806 1805 1470
f 1293 1582 1864
f 1767 2105 1599
f 1037 1521 678
f 1613 1903 1904
f 1189 1588 1354
f 1880 640 1532
f 1715 1869 1491
f 1789 1483 1482
f 571 570 1571
f 1152 1863 1495
f 467 1511 1623
f 1602 1789 1482
f 1444 1446 1617
f 1380 1902 1636
f 1491 1869 1951
f 1350 1321 1351
f 1932 664 563
f 1423 1903 1613
f 1293 1316 1317
f 1580 2069 1604
f 1434 1359 1361
f 1410 2107 1422
f 1330 1419 1652
f 1335 564 566
f 1244 1914 1890
f 1870 1566 1393
f 1937 2108 1911
f 1871 467 1623
f 1602 1434 1845
f 1886 1472 1474
f 1250 1947 1470
f 1338 1481 1298
f 1583 2151 1500
f 1189 645 1002
f 543 542 1522
f 1863 1861 922
f 677 679 1228
f 1573 1946 1988
f 1626 1481 1522
f 1152 1897 690
f 3280 1474 1473
f 1582 1447 605
f 1457 641 643
f 647 2151 1003
f 1597 1264 1493
f 678 1481 679
f 923 1429 1430
f 1249 1251 1720
f 922 1429 923
f 1946 2069 1320
f 1625 1480 1632
f 1377 1579 117
f 616 1453 2106
f 1864 1582 605
f 1789 1790 1483
f 2034 1969 2109
f 1293 1864 1611
f 1335 467 1871
f 2110 2111 2112
f 564 1653 565
f 1924 1929 1921
f 1332 1381 1456
f 1363 1767 1674
f 1602 1573 1988
f 1003 2151 1884
f 1348 2151 1638
f 1510 1908 1714
f 1806 1470 1566
f 1250 1470 1251
f 1395 1244 1879
f 1499 1868 1877
f 1349 1998 1579
f 1335 1325 467
f 1861 1860 1862
f 1897 1584 1586
f 1423 1339 1903
f 1653 1470 565
f 1947 1085 1470
f 1602 1482 1597
f 1569 1347 1346
f 1863 1723 1861
f 1845 1490 1492
f 1189 1391 1327
f 1492 1491 1951
f 1454 2525 572
f 1264 2069 1494
f 1298 1481 1571
f 1332 1854 1716
f 1481 1470 1876
f 1627 1454 1353
f 2527 1481 1878
f 1766 1947 1788
f 1335 1871 1804
f 1715 1361 1869
f 1449 1510 1450
f 1508 1153 1154
f 1492 1951 1367
f 727 1955 1878
f 719 1935 1929
f 1293 1627 1353
f 1363 1343 661
f 1579 1998 1580
f 1377 1086 1899
f 1249 1788 1250
f 1297 1336 1338
f 1335 1457 1766
f 1377 1988 795
f 1720 1251 1653
f 1723 727 1878
f 1924 1661 1905
f 1872 3270 511
f 1228 679 1365
f 1335 1766 1788
f 1244 1437 1916
f 1670 1955 727
f 1845 1367 1042
f 719 1033 622
f 1234 2151 1355
f 1297 1338 1298
f 1377 1602 1988
f 1569 563 1570
f 1912 1341 1340
f 1670 2527 1955
f 1257 1332 1716
f 1086 1241 1899
f 1940 1337 1336
f 1443 2107 1462
f 1086 1240 1241
f 1154 1951 1451
f 1570 2151 1347
f 1924 1501 1913
f 1335 1870 1393
f 1508 1154 1451
f 795 1988 1320
f 1332 1587 1622
f 1628 2525 1454
f 1333 1589 1583
f 1879 640 1880
f 1494 2069 1946
f 1470 1951 1394
f 1459 1619 1854
f 1597 1263 1264
f 1602 1153 1508
f 1152 690 1940
f 645 647 1002
f 1627 1317 1628
f 714 2106 2105
f 1931 2069 1390
f 1610 3270 2525
f 1423 1686 510
f 1241 2069 1931
f 1483 1790 1951
f 1889 1344 1345
f 1189 1377 1899
f 1257 1716 1624
f 592 1425 593
f 1924 1913 1033
f 1189 767 1391
f 1912 1907 1609
f 1263 1483 1951
f 2069 1263 1951
f 1942 2113 549
f 1343 1442 1443
f 1333 1356 1589
f 1293 1353 1352
f 1293 1399 1603
f 2105 2106 1599
f 510 1872 511
f 1377 795 1350
f 2151 3270 1904
f 1924 1922 762
f 1201 1908 1202
f 1234 1669 2151
f 1998 1351 2069
f 1398 1266 713
f 1460 1821 1820
f 1006 1005 1507
f 1244 1431 1438
f 1327 1329 1868
f 2107 2108 1918
f 1293 1423 512
f 1363 1915 1629
f 1425 1908 593
f 1580 1998 2069
f 1507 3270 1635
f 1888 1345 1201
f 1912 1609 1341
f 1910 1167 1923
f 1884 2151 1036
f 1257 1906 1889
f 1641 3270 1488
f 1257 1633 1906
f 1686 1635 1872
f 1924 763 1388
f 1189 1868 1499
f 1189 1356 1333
f 646 2151 647
f 1909 1882 1911
f 1328 2069 2151
f 1868 1329 1877
f 1671 1866 1650
f 1355 2151 1589
f 1904 3270 1605
f 1329 1328 2151
f 1189 1195 1035
f 1802 1968 1967
f 1919 1880 1532
f 1613 1904 1605
f 1864 605 1612
f 1339 1638 1903
f 1932 1358 759
f 1500 2151 1639
f 591 1574 1141
f 1900 1510 1714
f 1908 2106 713
f 1354 1234 1355
f 1293 1603 1316
f 2525 605 1447
f 1399 512 1641
f 1767 1441 2105
f 1446 2525 1902
f 1669 1036 2151
f 1924 1033 719
f 1447 572 2525
f 590 1908 1266
f 1881 1822 1937
f 1439 1433 2107
f 1363 1242 1601
f 1932 759 664
f 1890 1616 1409
f 1385 2106 1442
f 1613 1605 1614
f 1141 1574 672
f 1574 1908 672
f 252 1659 1658
f 1630 1685 2107
f 1441 714 2105
f 1663 1517 1866
f 1622 1449 1448
f 1530 1422 1432
f 1714 1908 1479
f 1503 1502 1898
f 1332 1444 1617
f 1889 1345 1888
f 1617 1446 1902
f 1332 1456 1907
f 1632 1480 1560
f 671 589 588
f 1453 676 2106
f 1431 1433 1438
f 2177 1925 2080
f 1620 1608 1587
f 672 1908 589
f 1881 1937 1882
f 1902 1510 1636
f 1935 1898 1936
f 762 1922 1267
f 1692 957 1915
f 1244 1409 1408
f 1930 2108 1461
f 1503 1898 747
f 1921 1929 1936
f 1244 1648 1914
f 1244 1438 1437
f 657 2107 1646
f 1395 1460 1820
f 1881 1820 1822
f 1607 2108 640
f 1395 1919 1389
f 1898 3280 1936
f 1905 1677 1678
f 1672 1671 1650
f 1303 1651 915
f 2114 1807 2115
f 1924 1905 1647
f 1389 1930 1461
f 1919 1532 1930
f 1532 2108 1930
f 252 974 1372
f 252 1663 1671
f 1822 2108 1937
f 3280 1660 1887
f 1388 763 1260
f 1922 1867 1267
f 1615 1891 1467
f 1924 673 1661
f 1921 1936 1867
f 252 1304 1663
f 1388 914 1651
f 1909 1911 674
f 1661 675 1677
f 674 2108 675
f 1395 1882 1909
f 1924 719 1929
f 1821 1461 2108
f 1647 1905 1678
f 1647 1678 1502
f 2108 1898 675
f 1913 747 1033
f 252 1924 1304
f 915 3280 1516
f 2116 2117 3041
f 777 1473 1472
f 1936 3280 1867
f 3280 1675 1660
f 1303 1516 1304
f 1659 1887 1660
f 776 624 1258
f 1658 1675 974
f 3280 1887 1474
f 1372 1167 1910
f 1658 1660 1675
f 1672 1650 624
f 1886 1887 1659
f 1663 1866 1671
f 252 1910 1923
f 1372 974 1676
f 252 1658 974
f 2119 2120 2121
f 1939 1467 1891
f 1229 1467 1489
f 1467 1939 1489
f 1655 1229 1489
f 1489 1615 2498
f 2123 2520 475
f 2124 1013 2125
f 2080 1927 2126
f 1949 2550 2127
f 2128 2129 1712
f 1739 2130 1736
f 2520 2132 2133
f 2520 476 475
f 2137 2138 750
f 1518 2139 1519
f 1893 1892 1637
f 1980 2140 1981
f 1615 2141 2173
f 1362 2142 2036
f 2143 1961 1977
f 2144 2145 2146
f 1261 2147 2148
f 2117 2149 1999
f 2150 837 2315
f 2152 1948 1950
f 1318 2153 2154
f 1489 2498 2118
f 1953 2155 2131
f 2156 1974 3041
f 2550 1690 2147
f 1109 1108 2788
f 2157 2131 1972
f 3041 2158 2159
f 534 536 1972
f 1727 1959 2503
f 2177 2160 2161
f 531 2162 2503
f 2163 2164 1598
f 2200 1489 2118
f 1108 2148 2788
f 2165 892 1894
f 1807 1703 2115
f 2167 2168 2169
f 2115 2550 2114
f 1696 2171 2118
f 1016 1943 1015
f 2172 1968 1802
f 2173 2174 2175
f 1694 2118 2180
f 2172 2181 1968
f 2182 831 1523
f 1976 2183 2166
f 2184 1969 1970
f 1066 2186 1067
f 2118 2171 535
f 1961 2143 2503
f 1420 1015 1943
f 2187 2188 2189
f 2190 1109 2788
f 2155 1892 1972
f 1942 1859 1945
f 2200 1193 1192
f 888 1010 1515
f 2200 1010 945
f 2419 888 1515
f 1512 1514 3041
f 2179 1803 1933
f 2186 1981 2503
f 2194 2094 2263
f 2195 2196 2197
f 1193 2116 1194
f 1421 1954 1440
f 1979 1013 1314
f 2198 1319 1719
f 2113 2199 550
f 1515 1010 1273
f 1944 2195 3030
f 2202 2203 2204
f 2183 2206 2166
f 2207 1989 2208
f 1954 1773 1440
f 975 1943 1016
f 1954 1943 975
f 2209 2210 2211
f 2212 2213 2214
f 1518 2532 2139
f 2200 1698 1697
f 2198 1719 1718
f 1942 1066 1068
f 2179 1684 527
f 2216 2217 2218
f 2211 2219 2220
f 1920 1983 1239
f 2033 1969 2034
f 1943 1954 1420
f 2322 2223 2224
f 2205 2248 2182
f 2225 1068 2162
f 1942 1980 1982
f 2193 2226 1513
f 2228 2229 1711
f 2230 1561 1563
f 1315 2124 1743
f 888 2419 2248
f 2226 2156 1514
f 1942 2231 2232
f 2183 2232 2206
f 2199 531 2503
f 2140 2185 3030
f 2232 587 2206
f 2143 2166 2503
f 2193 1975 2226
f 1974 1726 2503
f 2043 1994 2305
f 1699 2233 3041
f 2520 2104 476
f 2019 2234 2235
f 2236 2360 2237
f 2239 2240 2919
f 2241 1839 2242
f 2243 2244 2272
f 2028 1208 2245
f 2166 2206 2503
f 2000 2193 1513
f 1713 836 2247
f 1523 1524 2272
f 2249 1727 2250
f 2231 551 587
f 2177 2251 1925
f 2211 1013 2219
f 2233 2252 3041
f 2200 2253 2254
f 2177 2255 2256
f 2193 1960 2249
f 1973 2250 1726
f 2469 1149 1148
f 18 13 1920
f 2257 2126 1712
f 1192 1194 2258
f 2259 2260 2261
f 2019 2235 2043
f 2234 2262 2235
f 1440 3228 975
f 2248 2419 1013
f 3228 1773 975
f 2247 2215 2265
f 2266 2267 2268
f 837 836 1713
f 2177 2269 1738
f 2270 2271 2246
f 2452 1920 13
f 2209 2220 2272
f 1013 2419 2215
f 1743 2125 2273
f 1984 1985 1157
f 1713 2274 2315
f 1157 1985 1987
f 1995 2002 1996
f 2275 2308 2276
f 2277 2278 2279
f 1157 1987 2043
f 2280 2281 2282
f 1758 1757 2283
f 2284 2285 2286
f 2021 2287 2019
f 1986 2280 2222
f 2282 2021 2043
f 2222 2282 2043
f 2066 1758 2305
f 2010 2609 1239
f 2238 1239 2043
f 2288 2194 2263
f 2289 2290 2291
f 2197 2293 1966
f 2294 1001 2295
f 2160 2257 2296
f 1995 2262 1753
f 1561 2360 1562
f 2297 2298 2321
f 1740 1742 1311
f 2142 2360 2037
f 2237 2091 2300
f 2177 2322 2200
f 1209 2028 2315
f 2177 2200 2301
f 1207 2215 1208
f 2177 2080 2302
f 1758 2283 2305
f 2303 2360 1561
f 396 1362 2369
f 1987 1986 2222
f 1996 2002 2003
f 2235 1994 2043
f 1239 1984 2043
f 2306 2307 2308
f 2025 2027 2305
f 2222 2280 2282
f 2010 1239 2238
f 1827 1828 2309
f 1987 2222 2043
f 2003 581 583
f 2283 2310 2311
f 2238 2043 2305
f 2287 2234 2019
f 2312 2313 2314
f 2177 2161 2178
f 2316 1830 1829
f 1927 1926 1712
f 2031 2303 2230
f 2317 2129 2128
f 2318 2319 2315
f 1980 2320 2140
f 1975 1974 2156
f 1273 2200 2322
f 2109 1969 2304
f 2231 587 2232
f 2215 2419 1969
f 2322 1736 1735
f 2302 2257 2160
f 2230 1563 2321
f 2037 2360 2012
f 2036 2038 2369
f 1757 2310 2283
f 2324 2325 2011
f 2032 1756 2066
f 2326 2236 2327
f 2897 2609 2010
f 2262 1995 1994
f 2328 2032 2023
f 2281 2287 2021
f 2329 2330 2164
f 2282 2281 2021
f 2235 2262 1994
f 2331 2360 2332
f 2333 2309 2687
f 2311 2334 2305
f 2022 2328 2023
f 1994 1996 2305
f 2003 583 2305
f 583 582 2022
f 582 2328 2022
f 2336 2337 2338
f 1839 2360 2242
f 2334 2339 2335
f 2339 2340 2335
f 2325 2009 2008
f 2283 2311 2305
f 2023 2066 2305
f 2241 2326 2369
f 2341 2342 2343
f 2344 2345 2346
f 2347 2348 2349
f 2350 2351 2352
f 835 2215 836
f 2299 1830 2353
f 2656 2354 2355
f 2310 2356 2311
f 2357 2033 2035
f 2012 2360 1839
f 2358 2359 1952
f 2090 1098 839
f 2267 2361 2642
f 2028 2245 2048
f 2031 2230 2369
f 2356 2339 2334
f 2334 2335 2305
f 2311 2356 2334
f 2744 2452 13
f 2008 2010 2238
f 2023 2032 2066
f 2335 2025 2305
f 1824 2292 2321
f 2364 2224 2365
f 2335 2340 2025
f 2340 2026 2025
f 2366 2067 2068
f 2305 2027 2238
f 1794 2367 2368
f 2011 2325 2008
f 2241 2242 2326
f 1273 2164 2163
f 2371 2372 2656
f 2373 2374 2375
f 2656 2376 2377
f 1770 2446 2378
f 1824 2332 2292
f 2379 1276 2656
f 2419 2360 1969
f 2224 1406 2365
f 1957 1098 2380
f 1273 2322 1310
f 2327 2300 2369
f 2380 2381 2382
f 2038 2012 2013
f 2360 2419 1098
f 1736 2130 1737
f 2383 2360 2331
f 1596 1581 2384
f 2088 2385 2299
f 2386 2387 2306
f 2322 1740 1310
f 2388 2372 2371
f 2389 1515 2390
f 2027 2324 2011
f 2027 2011 2238
f 2026 2324 2027
f 2269 2271 2270
f 2332 1098 1956
f 3092 1831 2947
f 1066 1982 2186
f 2370 1012 2393
f 658 2394 659
f 2309 2395 2687
f 3158 1785 2396
f 2164 2330 1598
f 2362 2397 2388
f 1273 2329 2164
f 2380 1098 2381
f 2322 2359 2358
f 2390 2398 1858
f 2223 1407 1406
f 2399 970 2400
f 2298 1823 2321
f 2292 1958 2321
f 2009 1756 2032
f 2362 2402 2403
f 2096 2404 2405
f 2406 2407 2299
f 2402 2408 2403
f 2407 2079 2409
f 2411 2610 2412
f 2220 2243 2272
f 2413 2446 2414
f 2415 2416 2417
f 2347 2418 2947
f 2377 2420 2421
f 2422 1842 2246
f 2400 2089 2424
f 1273 2163 1274
f 2087 2426 2919
f 1857 2389 2390
f 2427 2428 2429
f 2385 2103 2299
f 2362 2427 2430
f 2103 840 2406
f 2431 1568 1567
f 1562 2360 2432
f 2418 2416 2415
f 1549 2433 2642
f 2360 1098 2332
f 2435 2288 2428
f 2436 2413 2437
f 1794 2368 1795
f 2439 2440 2299
f 1515 1098 2419
f 2404 1412 1411
f 1740 1311 1310
f 2441 2442 2656
f 2437 2413 2438
f 2390 1515 2398
f 2406 2078 2407
f 2330 1312 2656
f 2663 1774 2020
f 2362 2388 1849
f 2423 1515 2445
f 2447 2370 2448
f 2445 2367 2449
f 2450 2451 2642
f 2240 2378 2085
f 2453 2393 2454
f 2455 2062 2456
f 2457 2458 2459
f 2426 2460 2461
f 2384 971 2299
f 1956 1098 1957
f 2098 2462 2439
f 2663 2463 2464
f 1577 2465 1578
f 1273 2466 2397
f 2447 1012 2370
f 2086 1012 2460
f 2240 2085 2087
f 2454 2285 2284
f 1515 1012 2446
f 2460 1012 2468
f 2438 2056 2919
f 2414 1769 2056
f 2470 1989 2351
f 1775 2663 3511
f 2378 2446 2085
f 2460 2468 2461
f 2461 2468 2471
f 2087 2086 2426
f 2472 2473 2374
f 2475 2109 2476
f 2375 2374 2655
f 1515 1825 1012
f 2477 1012 2478
f 2106 2108 2107
f 2327 2236 2237
f 2456 2469 2479
f 2055 2480 2481
f 1819 1150 2655
f 2469 1323 2054
f 3217 2482 2483
f 2228 2484 2229
f 1701 553 1384
f 2611 2485 2486
f 2727 2485 2611
f 1942 1945 2320
f 2048 2050 2315
f 2255 2301 2487
f 1318 1933 2153
f 2259 2261 1978
f 2357 1970 2033
f 1852 2064 2739
f 2205 2488 2016
f 2439 2423 2440
f 2663 1576 2474
f 2445 1515 2367
f 2400 1098 2089
f 2478 2425 2489
f 2490 2491 2492
f 2242 2236 2326
f 1563 2297 2321
f 2001 2493 2494
f 2317 2256 2129
f 2432 2383 2298
f 2113 2201 2199
f 1594 1596 2299
f 2496 2497 2951
f 2454 2284 2919
f 2469 1816 1818
f 2469 1148 1324
f 1322 2499 1323
f 2333 1827 2309
f 2463 2433 1549
f 2500 2501 2687
f 2455 2456 2479
f 2301 1978 2487
f 2118 535 1684
f 2180 2190 1694
f 2504 2505 2506
f 2507 2508 2509
f 2508 2507 3287
f 2527 1470 1481
f 3228 2739 2064
f 893 2510 2788
f 2137 750 2136
f 2511 2137 2136
f 2512 2513 2514
f 2515 2516 2104
f 2512 2514 2517
f 2179 527 2192
f 2521 2522 2523
f 2179 2293 1942
f 1951 1470 2527
f 1942 2201 2113
f 587 551 2503
f 2069 1951 2151
f 1239 1951 2527
f 2195 2197 3030
f 2157 1695 2131
f 1883 2139 1615
f 2193 2232 2183
f 2151 1951 1239
f 2131 2155 1972
f 1743 2273 2272
f 2524 2487 1712
f 1908 1510 2525
f 2526 3013 464
f 2528 2410 2529
f 2293 1964 1966
f 1990 1967 1972
f 2108 3280 1898
f 2106 3280 2108
f 2127 2511 1949
f 1684 534 528
f 2179 2118 1684
f 536 2530 1972
f 2179 2198 2531
f 529 528 1972
f 2530 2157 1972
f 893 1693 2510
f 2510 1694 2190
f 1950 2511 2788
f 1942 1068 2225
f 1964 2531 1965
f 2319 2534 2315
f 1883 1519 2139
f 1953 1637 2155
f 2533 1229 1489
f 1416 2114 2498
f 1318 2154 1319
f 1655 1489 1229
f 1615 1229 2533
f 1615 2533 1883
f 1637 1892 2155
f 1719 2154 3030
f 1892 1894 2788
f 2138 2550 2535
f 1695 2157 1696
f 1981 3030 2503
f 1965 1718 3030
f 2192 529 2181
f 536 2171 2530
f 2179 2531 1964
f 2538 1703 751
f 2538 2115 1703
f 2254 2253 1997
f 1703 1807 2136
f 2516 476 2104
f 1981 2140 3030
f 2190 2180 1109
f 2539 2321 2416
f 2273 2210 2209
f 2171 1696 2530
f 2550 2115 2538
f 2171 536 535
f 2028 2048 2315
f 2510 2190 2788
f 2530 1696 2157
f 1416 2498 2136
f 2540 2541 2866
f 2535 2538 751
f 2542 2543 2544
f 1693 893 2545
f 1158 1737 2246
f 1942 1982 1066
f 2302 2080 2126
f 2118 2179 2200
f 1192 2258 2518
f 2546 2547 2548
f 2179 2172 1802
f 527 1684 528
f 2252 2233 2549
f 2280 1986 1983
f 1319 2154 1719
f 2200 2518 2253
f 2358 2221 2551
f 1693 1694 2510
f 2118 1637 1953
f 1523 831 832
f 2550 1110 2180
f 2265 2215 1426
f 2129 2524 1712
f 2260 1934 2261
f 1695 1953 2131
f 2200 2179 1942
f 2151 1239 3270
f 1713 2247 2274
f 2442 2246 2656
f 2469 2456 2061
f 2249 1960 1959
f 2553 2442 2441
f 2408 2042 2263
f 1968 2181 1972
f 1942 549 2231
f 1314 2124 1315
f 2210 1013 2211
f 2554 2555 3788
f 2555 2554 2556
f 2106 1908 2525
f 2193 2149 2557
f 2558 2559 2560
f 2225 531 2201
f 2154 2153 3030
f 2118 1893 1637
f 2243 2219 2561
f 2364 1842 2046
f 2113 550 549
f 2050 2562 2315
f 1945 2185 2320
f 2172 2192 2181
f 2563 2564 2565
f 1942 2320 1980
f 2293 2197 2196
f 1925 2251 1926
f 1933 1990 2153
f 2180 1110 1109
f 1655 1923 3280
f 2165 1894 1893
f 1513 2226 1514
f 1966 1965 3030
f 892 2545 893
f 1110 2550 1261
f 1950 1949 2511
f 1859 2196 2195
f 1108 1110 1261
f 2359 1158 1952
f 2567 2568 2205
f 2127 2138 2137
f 1375 2569 2152
f 2162 1067 2503
f 1982 1981 2186
f 2182 1523 2272
f 1803 1802 1967
f 1959 1961 2503
f 1892 2788 1972
f 2209 2211 2220
f 2181 529 1972
f 1742 2018 2656
f 2550 2180 2118
f 2550 2569 1690
f 2511 2127 2137
f 2152 1950 2788
f 2561 1013 2570
f 1948 2550 1949
f 2320 2185 2140
f 1894 892 2788
f 2179 2192 2172
f 892 2165 2545
f 2550 1948 2569
f 2147 1261 2550
f 2145 2134 2205
f 2117 1999 3041
f 2550 2498 2114
f 2253 2518 2571
f 2511 2136 2788
f 2535 750 2138
f 550 2199 2503
f 750 2535 751
f 2550 2118 2498
f 2569 1375 1690
f 527 529 2192
f 1416 1807 2114
f 1375 2152 2788
f 2200 2193 2557
f 2535 2550 2538
f 1690 1374 2147
f 2572 2573 1400
f 2143 1977 1976
f 2206 587 2503
f 2165 2118 2545
f 1970 1969 2033
f 1068 1067 2162
f 2244 2150 2272
f 2177 2178 2269
f 2118 1693 2545
f 2329 1310 1312
f 2550 2138 2127
f 1948 2152 2569
f 1374 2148 2147
f 2148 1374 2788
f 1999 1512 3041
f 1990 1972 3030
f 2531 1718 1965
f 2418 2539 2416
f 2200 2557 1193
f 1944 2185 1945
f 1108 1261 2148
f 2248 1013 831
f 2562 1970 2357
f 2231 549 551
f 2118 2165 1893
f 2549 2233 1698
f 2226 1975 2156
f 2322 2046 2574
f 2230 2303 1561
f 2179 1319 2198
f 2575 2132 2576
f 888 2248 2205
f 551 550 2503
f 2050 2184 2562
f 2201 531 2199
f 2300 2091 2029
f 1803 1967 1990
f 1563 1562 2297
f 1816 2578 2579
f 1362 2036 2369
f 2179 1964 2293
f 2581 2382 2321
f 2153 1990 3030
f 1859 1942 2196
f 2185 1944 3030
f 2161 2160 2296
f 2029 2031 2369
f 2200 2260 2259
f 2582 2583 2584
f 2198 1718 2531
f 1748 2444 2097
f 2018 2441 2656
f 1407 2221 2246
f 1944 1859 2195
f 2193 2200 1942
f 2534 1209 2315
f 2161 2296 2580
f 1013 2215 2570
f 2243 2561 2244
f 2196 1942 2293
f 2193 2249 2250
f 2197 1966 3030
f 1194 2116 3041
f 2585 2586 2587
f 2252 2549 2254
f 2200 1192 2518
f 840 2078 2406
f 2588 2589 2590
f 2588 2536 2589
f 1942 2225 2201
f 1512 2000 1513
f 2258 1194 3041
f 2049 1969 2184
f 2193 2183 1976
f 836 2215 2247
f 1978 2261 1712
f 2200 2549 1698
f 2245 2215 2049
f 2475 2476 2369
f 2225 2162 531
f 2244 2570 2150
f 1960 1977 1961
f 2592 2304 394
f 2568 2567 2593
f 2017 2441 2018
f 2594 2464 2595
f 2134 888 2205
f 2193 1977 1960
f 2205 2272 2488
f 2200 1697 2260
f 1697 1934 2260
f 2259 1978 2301
f 2322 2553 2017
f 2250 1727 1726
f 1067 2186 2503
f 1426 1427 2319
f 2035 2475 2369
f 2256 2524 2129
f 2184 1970 2562
f 2597 2598 2599
f 840 1515 2078
f 2600 2601 2602
f 2592 394 396
f 1313 1315 2272
f 2384 969 971
f 2200 2254 2549
f 2562 2357 2315
f 2248 831 2182
f 2580 2296 2246
f 1823 2331 1824
f 2603 1837 2207
f 2300 2029 2369
f 1737 2130 2246
f 1743 2124 2125
f 2592 396 2369
f 2604 2605 3097
f 2252 1997 3041
f 2255 2487 2524
f 1934 3041 1712
f 2142 2037 2036
f 2405 2361 2467
f 2319 1427 2534
f 2150 2570 835
f 2215 1969 2049
f 2193 2250 1973
f 2606 2607 2608
f 2249 1959 1727
f 1524 1313 2272
f 2143 1976 2166
f 2296 2257 2246
f 2149 2000 1999
f 1974 2503 3041
f 2111 888 2134
f 2177 2317 2251
f 2193 1942 2232
f 2273 2209 2272
f 2557 2116 1193
f 2527 18 1920
f 2193 1973 1975
f 2125 1013 2210
f 2261 1934 1712
f 2117 2116 2557
f 2247 2265 2274
f 1514 2156 3041
f 1698 2233 1699
f 2220 2219 2243
f 2253 2571 1997
f 2518 2258 2571
f 2030 2303 2031
f 832 1979 1524
f 2205 2182 2272
f 2281 2280 1983
f 2177 2301 2255
f 2000 2149 2193
f 2274 2265 2318
f 832 1013 1979
f 2322 1735 2359
f 2326 2327 2369
f 2094 2093 2263
f 1314 1013 2124
f 2574 2422 2442
f 2322 2551 2223
f 2125 2210 2273
f 2571 2258 3041
f 1997 2571 3041
f 395 2360 2142
f 2219 1013 2561
f 1313 1979 1314
f 2117 2557 2149
f 2272 2150 2315
f 2318 2265 1426
f 2919 2284 2687
f 2221 1952 2246
f 2534 1207 1209
f 2318 1426 2319
f 2009 2026 2340
f 2397 2379 2372
f 2203 2613 2204
f 2613 2203 2897
f 2614 2615 1717
f 2014 2016 2616
f 2617 2618 84
f 2402 2040 2042
f 1753 2328 582
f 2364 2365 1842
f 1986 1985 1983
f 2079 1515 2389
f 2322 2364 2046
f 2177 2256 2317
f 1208 2215 2245
f 2487 1978 1712
f 2271 2580 2246
f 2274 2318 2315
f 2126 1927 1712
f 1934 1699 3041
f 2358 1952 2221
f 2038 2037 2012
f 1984 1239 1983
f 2252 2254 1997
f 2570 2215 835
f 1958 2581 2321
f 2200 2259 2301
f 2534 1427 1207
f 1655 3228 2191
f 2242 2360 2236
f 2329 1312 2330
f 2475 2034 2109
f 3235 474 2516
f 2317 2128 2251
f 2547 1989 2369
f 2255 2524 2256
f 1311 1742 2656
f 2430 2429 2621
f 2130 2622 2246
f 2440 2445 2449
f 2561 2570 2244
f 2251 2128 1926
f 2623 2288 2435
f 2616 2217 1717
f 2574 2442 2553
f 2381 1098 2624
f 2002 1995 1753
f 1857 2390 1858
f 2310 1757 2009
f 969 1098 970
f 1239 2527 1920
f 2038 2013 2369
f 2269 2178 2271
f 2409 1857 2299
f 2362 2625 2626
f 2327 2237 2300
f 2402 2042 2408
f 2302 2126 2257
f 2035 2034 2475
f 2628 2386 2306
f 2629 2630 2020
f 1312 1311 2656
f 2178 2580 2271
f 1757 1756 2009
f 2281 1983 1753
f 2150 835 837
f 2362 2626 2092
f 2287 2281 1753
f 2631 2632 2308
f 2096 1748 2097
f 2079 2389 2409
f 1849 2371 2633
f 1926 2128 1712
f 2574 2046 2422
f 2029 2091 2030
f 2476 2304 2592
f 1595 1098 1581
f 1273 1274 2466
f 2322 2177 1738
f 1735 1158 2359
f 2315 2357 2369
f 1322 1819 2655
f 2223 2551 1407
f 2362 1849 2634
f 971 2399 2299
f 2161 2580 2178
f 2399 2424 2299
f 2050 2049 2184
f 2096 2405 2467
f 2257 1712 2246
f 2581 2380 2382
f 2013 2241 2369
f 2322 2224 2364
f 2013 1839 2241
f 2177 2302 2160
f 2245 2049 2048
f 1753 2234 2287
f 1985 1984 1983
f 2304 1969 394
f 2636 2637 2638
f 2407 2409 2299
f 1738 2270 2622
f 2322 2358 2551
f 2369 2230 2321
f 2017 2553 2441
f 2322 2574 2553
f 2551 2221 1407
f 2362 2403 2057
f 1739 2622 2130
f 2163 1598 1275
f 2357 2035 2369
f 2322 1739 1736
f 1739 1738 2622
f 1362 395 2142
f 1735 1737 1158
f 2237 2360 2091
f 2476 2592 2369
f 2466 2379 2397
f 2424 2089 2088
f 2042 2041 2263
f 2639 2349 2348
f 2098 2439 2299
f 2269 2270 1738
f 2622 2270 2246
f 1011 1245 1247
f 1983 1920 1753
f 2640 2299 2052
f 2262 2234 1753
f 2382 1840 2321
f 2520 1101 2641
f 2442 2422 2246
f 1273 1310 2329
f 2223 1406 2224
f 2368 2643 1795
f 1969 2360 395
f 394 1969 395
f 2644 2417 2645
f 2495 2646 2647
f 2109 2304 2476
f 2322 2017 1741
f 2362 2092 2443
f 1748 1747 2648
f 2432 2360 2383
f 1741 2018 1742
f 1598 2330 2656
f 2633 2371 2656
f 2362 2040 2402
f 2030 2360 2303
f 581 2002 1753
f 1840 2381 2624
f 2649 2650 2642
f 1958 1957 2581
f 2382 2381 1840
f 2365 1406 2246
f 1823 2383 2331
f 2372 2379 2656
f 1098 1515 839
f 1842 2365 2246
f 2032 2328 1753
f 2046 1842 2422
f 1840 2624 1841
f 2427 2429 2430
f 2041 2633 2656
f 2581 1957 2380
f 2634 2041 2040
f 2340 2339 2009
f 582 581 1753
f 2440 2449 2919
f 2399 2400 2424
f 2495 2651 2652
f 2386 2369 2387
f 2009 2032 1753
f 2384 1581 969
f 1753 1920 2452
f 2092 2094 2443
f 2163 1275 1274
f 2322 1741 1740
f 2324 2026 2009
f 2085 2446 2086
f 2286 1012 2477
f 2653 3092 2654
f 2339 2356 2009
f 2356 2310 2009
f 2292 1956 1958
f 2362 2634 2040
f 1596 2384 2299
f 2624 2081 1841
f 1594 2081 1595
f 2466 1276 2379
f 2453 2454 2919
f 2292 2332 1956
f 2041 2656 2263
f 2436 2446 2413
f 2579 2481 2655
f 1276 1275 2656
f 1581 1098 969
f 2297 2432 2298
f 2362 2431 2625
f 2298 2383 1823
f 2657 2658 2659
f 2663 2660 1774
f 2403 2408 2058
f 2297 1562 2432
f 2466 1274 1276
f 2331 2332 1824
f 2362 1273 2397
f 1568 2058 2263
f 2388 2397 2372
f 2449 2367 1794
f 2661 1838 1837
f 1748 2648 2444
f 2662 2491 2490
f 2624 1098 2081
f 2409 2389 1857
f 2631 2664 2632
f 2362 2057 2431
f 2058 2408 2263
f 2009 1753 2452
f 2467 2361 2267
f 2098 2398 2462
f 2429 2428 2263
f 2325 2324 2009
f 2426 2086 2460
f 2424 2088 2299
f 2663 2665 2660
f 2362 2623 2435
f 2539 2349 2321
f 2438 2414 2056
f 2374 2473 2655
f 2667 2668 1797
f 1841 2081 1594
f 2407 2078 2079
f 2437 2438 2919
f 2625 1567 2669
f 2625 2431 1567
f 2669 1567 2263
f 2464 1549 2595
f 2670 2671 2672
f 2443 2094 2194
f 2092 2626 2093
f 2465 2629 2642
f 2625 2669 2626
f 2240 2087 2919
f 2093 2669 2263
f 2388 2371 1849
f 2478 1012 2425
f 2643 2446 2436
f 2015 2205 2016
f 2103 2406 2299
f 2088 2090 2385
f 2623 2443 2194
f 2057 1568 2431
f 2673 2645 2674
f 2266 2467 2267
f 2634 1849 2633
f 2634 2633 2041
f 2266 2268 1747
f 2057 2403 2058
f 1774 2450 2020
f 2398 1515 2462
f 971 970 2399
f 2001 2675 2493
f 2321 1594 2299
f 2096 2430 2676
f 2362 2443 2623
f 2385 839 2103
f 2096 2362 2430
f 2452 2010 2009
f 1747 2268 2648
f 2676 2621 1412
f 1768 1770 2239
f 2676 1412 2404
f 2650 2444 2642
f 3162 2677 2678
f 2024 2639 2348
f 2096 2663 1273
f 2629 2450 2642
f 2054 2499 2480
f 2663 1577 1576
f 2501 2477 2478
f 2448 2370 2453
f 2680 2061 2063
f 2096 2467 2266
f 2362 2435 2427
f 2062 2455 2642
f 2626 2669 2093
f 2681 1578 2642
f 1795 2502 2919
f 2421 2420 2682
f 2361 2263 2642
f 970 1098 2400
f 1836 1835 2299
f 2268 2267 2642
f 1595 1581 1596
f 2623 2194 2288
f 2427 2435 2428
f 2405 2404 1411
f 1858 2398 2098
f 2462 1515 2423
f 2361 1411 2263
f 2462 2423 2439
f 1273 2362 2096
f 2440 2423 2445
f 2676 2430 2621
f 2299 2440 2919
f 2684 2595 2642
f 2428 2288 2263
f 2089 1098 2090
f 2663 2464 2594
f 2630 2663 2020
f 2469 2680 2472
f 2405 1411 2361
f 2685 2686 2977
f 2393 2285 2454
f 1412 2621 2263
f 2663 2097 2665
f 2502 2643 2436
f 2414 2446 1769
f 1795 2643 2502
f 1770 2378 2239
f 2629 2465 2630
f 2621 2429 2263
f 2090 839 2385
f 2448 2453 2919
f 2684 2455 2479
f 2663 2630 1577
f 2368 2446 2643
f 2449 1794 2919
f 2502 2436 2437
f 2096 2676 2404
f 1515 2446 2367
f 2097 2444 2650
f 1769 2446 1770
f 2595 1549 2642
f 2688 2689 2951
f 2450 2629 2020
f 2284 2286 2500
f 2239 2378 2240
f 2663 2594 2479
f 2501 2489 2687
f 2456 2062 2061
f 2692 2693 2679
f 2693 2692 2897
f 2663 2474 2463
f 2644 2415 2417
f 1576 2681 2474
f 2694 2695 2696
f 2469 2373 1149
f 2474 2681 2433
f 2056 1769 1768
f 2469 2472 2373
f 2469 2055 2578
f 2481 2480 2655
f 1576 1578 2681
f 2648 2268 2642
f 2096 2266 1747
f 2502 2437 2919
f 2463 2474 2433
f 2367 2446 2368
f 2469 2697 3511
f 2433 2681 2642
f 1768 2239 2919
f 2055 2054 2480
f 2660 2649 2451
f 2665 2649 2660
f 1760 2698 3160
f 2471 2448 2919
f 2045 2699 3092
f 1012 1825 1828
f 2665 2097 2650
f 2665 2650 2649
f 2700 2919 2701
f 1578 2465 2642
f 2630 2465 1577
f 2444 2648 2642
f 2451 2649 2642
f 2068 2702 560
f 2702 2897 560
f 1774 2451 2450
f 1774 2660 2451
f 2426 2461 2919
f 2473 2063 2642
f 2461 2471 2919
f 3100 2703 2704
f 2489 2333 2687
f 2705 2706 2353
f 1762 1761 2707
f 2463 1549 2464
f 2594 2595 2684
f 2697 1818 2708
f 2284 2500 2687
f 2455 2684 2642
f 1819 1322 1324
f 2446 1012 2086
f 2438 2413 2414
f 2709 1836 2640
f 2697 2710 3511
f 2594 2684 2479
f 2663 2479 2469
f 2471 2468 2447
f 2469 2061 2680
f 2373 2472 2374
f 2471 2447 2448
f 2501 2478 2489
f 2468 1012 2447
f 2713 2714 2068
f 2680 2063 2473
f 2500 2477 2501
f 2489 2425 2333
f 2286 2477 2500
f 2285 1012 2286
f 2499 1322 2655
f 2453 2370 2393
f 2393 1012 2285
f 1816 2579 1817
f 2395 2683 2687
f 2697 2708 2710
f 2473 2642 2655
f 1148 1819 1324
f 2680 2473 2472
f 2373 2375 1149
f 1149 2375 1150
f 2063 2062 2642
f 1323 2469 1324
f 1817 2579 2655
f 1150 2375 2655
f 2710 2708 2655
f 2469 1818 2697
f 2139 2532 3717
f 2480 2499 2655
f 2683 1825 2687
f 1828 1825 2683
f 1323 2499 2054
f 2469 2578 1816
f 2395 1828 2683
f 2333 2425 1827
f 2309 1828 2395
f 2425 1012 1827
f 2715 2716 2717
f 2578 2055 2481
f 2579 2578 2481
f 1818 1817 2708
f 2708 1817 2655
f 3217 2719 2720
f 1455 1548 1382
f 2722 2695 2694
f 2695 2722 2897
f 2723 2486 2724
f 2725 2726 2202
f 2010 2611 560
f 2577 2566 2537
f 2227 2728 2729
f 2730 2698 1760
f 2731 2732 2733
f 1556 1558 2734
f 2663 2469 3511
f 2735 2736 2919
f 2736 2737 2299
f 1556 1772 1557
f 2666 2712 2866
f 18 2527 5144
f 2740 2741 2742
f 2740 2743 2741
f 2611 2010 1846
f 2611 1846 3228
f 2745 2746 2747
f 2743 2746 2745
f 2748 2308 809
f 2751 2752 2951
f 3511 3219 1825
f 2727 2611 1846
f 2485 2727 2756
f 2757 2758 2759
f 2609 2758 2757
f 2486 2485 2760
f 1846 2739 3228
f 2768 2738 1963
f 2765 2506 2766
f 1883 2519 2767
f 2519 1883 2533
f 2513 2559 2514
f 2559 2513 3717
f 1615 2139 3717
f 2769 2111 2770
f 2771 3243 3399
f 2560 3000 2772
f 2506 2505 1717
f 2767 2519 1520
f 1519 2767 1520
f 3717 2532 2533
f 1519 1883 2767
f 1518 1520 2532
f 2519 2533 2532
f 1520 2519 2532
f 1615 3399 2498
f 2136 2498 3399
f 2764 2776 2777
f 4101 1489 888
f 2144 2134 2145
f 2024 2780 2639
f 2781 2782 2783
f 2782 2781 2536
f 2520 2176 2104
f 1834 2784 1835
f 2520 3316 1971
f 2768 3247 1489
f 2785 2786 2787
f 2515 2104 2176
f 2516 474 476
f 2189 2205 2790
f 3235 2515 1971
f 2111 3025 888
f 2791 2792 2784
f 2793 553 2794
f 2520 1971 2176
f 3235 1971 3316
f 2991 3302 3236
f 2520 2123 1101
f 2492 2264 2795
f 2796 2558 2174
f 2558 2560 2174
f 2599 2608 2272
f 1971 2515 2176
f 2797 2346 2345
f 2765 2766 2790
f 2748 2799 1376
f 2146 2800 2801
f 2802 2587 3097
f 2803 1401 2344
f 2804 2805 2806
f 2661 2807 1838
f 2607 2272 2608
f 2547 2808 2548
f 2394 1405 2321
f 2809 2053 2810
f 2778 2808 2369
f 2187 2189 2790
f 2188 2567 2189
f 2187 2766 1717
f 2651 2811 2812
f 2146 2145 2800
f 2797 2470 2350
f 84 2813 2205
f 2800 2205 2568
f 2111 2134 1717
f 1989 2272 2315
f 2814 2919 2815
f 2816 2504 2205
f 2504 2765 2205
f 1991 2818 2819
f 1702 1384 1383
f 2790 2205 2765
f 636 2308 2275
f 2495 2821 2822
f 2823 2824 2825
f 2823 3020 2824
f 2505 2816 2614
f 2208 2827 2828
f 2829 2830 2831
f 2829 2536 2830
f 2589 2832 2590
f 2990 2833 2834
f 2145 2205 2800
f 2187 2790 2766
f 2567 2205 2189
f 3036 3019 2835
f 2188 2593 2567
f 2505 2504 2816
f 2506 2765 2504
f 2593 2801 2568
f 2801 2800 2568
f 2609 2596 2856
f 2602 1989 1838
f 2015 2014 2617
f 2803 2346 554
f 2766 2506 1717
f 2321 2349 2639
f 2573 2828 2827
f 2837 2838 2264
f 2631 2778 2664
f 2662 2583 2491
f 2122 553 1761
f 2816 2205 2323
f 2600 2602 2807
f 2598 2839 2599
f 2276 2308 2082
f 2615 2323 2813
f 2803 2344 2346
f 2616 2488 2217
f 2015 2617 84
f 2813 84 2618
f 2217 2488 2218
f 2840 2601 2600
f 2841 2842 2607
f 2386 2628 2843
f 3041 2159 2844
f 2616 2016 2488
f 2614 2816 2323
f 2608 2599 2839
f 2618 2615 2813
f 2323 2205 2813
f 2597 2272 2601
f 2842 2218 2272
f 2205 2015 84
f 2614 2323 2615
f 2797 2345 2470
f 2216 2842 2841
f 2216 2218 2842
f 2601 2272 2602
f 2845 2006 2846
f 2759 2715 2789
f 2488 2272 2218
f 2401 2847 2848
f 2849 2004 2850
f 2350 2470 2351
f 2728 2757 2718
f 2728 2609 2757
f 2718 2757 2759
f 2850 1989 2547
f 2658 2264 2321
f 2597 2840 2598
f 2351 1989 2845
f 2840 2597 2601
f 2841 2607 2606
f 1831 2851 1832
f 2572 1400 1401
f 2842 2272 2607
f 2839 2606 2608
f 2807 2602 1838
f 2807 2661 554
f 2603 2207 2852
f 2661 1837 2603
f 1989 2344 1401
f 1837 1989 2207
f 2272 2597 2599
f 3041 2585 2158
f 2602 2272 1989
f 2838 2795 2264
f 2656 1791 2854
f 1989 2345 2344
f 2264 2583 2582
f 2855 3333 2338
f 2789 2856 2596
f 2347 2349 2539
f 2491 2583 2264
f 2778 2369 2664
f 2827 2208 1989
f 2572 1401 2803
f 2573 2827 1400
f 2828 2852 2208
f 2852 2207 2208
f 2044 2795 2838
f 2827 1989 1400
f 1829 2299 2732
f 2632 2664 2857
f 2858 2859 2586
f 2346 2797 554
f 2006 2845 1989
f 2628 2860 2843
f 2861 2778 2631
f 2470 2345 1989
f 1989 2004 2006
f 2792 1835 2784
f 2861 2548 2808
f 2844 2862 2863
f 2369 2808 2547
f 2846 2352 2845
f 2352 2351 2845
f 2004 1989 2850
f 2849 2850 2546
f 1989 2315 2369
f 2864 2295 3097
f 2857 2843 2860
f 2005 2004 2849
f 2005 2846 2006
f 2673 2674 2865
f 2843 2857 2369
f 2662 2584 2583
f 2861 2808 2778
f 2546 2850 2547
f 1833 1832 1404
f 809 2867 2868
f 2307 2582 2584
f 2044 2869 2795
f 1712 2656 2246
f 2870 1405 2394
f 2134 2144 1717
f 1895 2873 2874
f 2264 2369 2321
f 2658 2851 2659
f 2387 2369 2582
f 2158 2587 2802
f 2491 2264 2492
f 2582 2369 2264
f 2664 2369 2857
f 2306 2387 2307
f 2307 2387 2582
f 2846 2005 2308
f 2369 2386 2843
f 2699 2876 2657
f 2869 2492 2795
f 2212 2522 2213
f 2860 2632 2857
f 2657 2876 2658
f 2838 2045 2044
f 2045 2837 2699
f 2837 2876 2699
f 2878 2084 3271
f 2647 2879 2880
f 2736 2299 2919
f 2882 2635 2847
f 2883 2884 2885
f 1832 2321 1404
f 2869 2044 3092
f 2886 3092 2887
f 1404 2321 1405
f 2394 658 2870
f 2321 2851 2658
f 2888 2588 2590
f 2837 2264 2876
f 2879 2819 3014
f 2865 2889 2791
f 2721 1721 1702
f 2875 2890 2891
f 2876 2264 2658
f 1832 2851 2321
f 2082 2084 2276
f 2490 2492 2869
f 2045 2838 2837
f 1831 2659 2851
f 2119 2121 2892
f 2674 2645 2321
f 2656 2893 2894
f 1246 2895 2666
f 2895 1246 2897
f 2791 2889 2792
f 2051 2896 2052
f 659 2780 660
f 2889 2321 2792
f 2891 2890 3166
f 659 2394 2321
f 2898 2604 2899
f 2900 2690 2901
f 659 2321 2780
f 2731 1829 2732
f 2645 2673 2644
f 2896 2640 2052
f 660 2780 2024
f 2870 1403 1405
f 2355 2902 2890
f 1833 1404 1403
f 2780 2321 2639
f 2347 2539 2418
f 2903 2308 636
f 2416 2321 2417
f 2791 2784 2947
f 2635 2904 3014
f 2905 2906 2668
f 2792 2321 2299
f 2053 2052 2299
f 2705 2353 2907
f 2733 2732 2737
f 2908 2909 2877
f 2883 2910 2884
f 2053 2809 2051
f 2810 2299 2706
f 2709 2640 2896
f 2810 2053 2299
f 2299 1835 2792
f 2690 2911 3166
f 2912 2737 2736
f 2674 2321 2889
f 2638 1792 1791
f 2865 2674 2889
f 2913 2914 2540
f 2914 2913 2897
f 2645 2417 2321
f 2706 2299 2353
f 2915 2810 2706
f 1834 1836 2709
f 2343 2342 2916
f 2494 2917 2918
f 2396 2688 2920
f 2705 2907 3161
f 3041 2863 999
f 2921 2918 2922
f 2672 2671 2923
f 2915 2706 2705
f 2924 2919 2925
f 1836 2299 2640
f 2866 2725 2202
f 1771 2923 2927
f 2353 1830 2907
f 1558 2919 2924
f 2263 2656 2900
f 2926 2928 2977
f 2263 2001 2642
f 1785 2688 2396
f 2885 2884 2698
f 2809 2810 2915
f 2263 2929 2612
f 2656 2930 2636
f 2316 1829 2731
f 2732 2299 2737
f 2736 2926 2912
f 2735 2919 2814
f 2316 2907 1830
f 2670 2931 2671
f 2711 2919 2700
f 2931 2670 2686
f 2932 2933 2934
f 2343 2916 2935
f 3162 2936 2937
f 2734 1558 2924
f 2938 2711 2939
f 2926 2736 2735
f 2051 2809 3161
f 2939 2711 2700
f 3158 2396 2940
f 2919 2941 2815
f 2784 1834 2947
f 2938 2942 2941
f 2711 2941 2919
f 2938 2941 2711
f 2926 2735 2928
f 2815 2941 2942
f 2912 2733 2737
f 2943 2815 2942
f 2943 2814 2815
f 2710 2655 2957
f 2919 2927 2923
f 2927 1557 1772
f 2944 2945 2946
f 2928 2814 2943
f 2928 2735 2814
f 2655 3158 2957
f 2672 2923 1771
f 2948 2762 2949
f 2950 2924 2925
f 2939 2700 2685
f 1558 1557 2919
f 2931 2686 2701
f 2686 2685 2701
f 2685 2700 2701
f 2671 2931 2919
f 2919 2931 2701
f 2671 2919 2923
f 1771 2927 1772
f 2952 2752 2751
f 2696 2913 2540
f 1782 2953 2954
f 2928 2943 2977
f 2919 1557 2927
f 2922 2918 3160
f 2734 2924 2950
f 2709 2896 3161
f 3158 2955 2957
f 2655 2642 3158
f 1812 2925 1810
f 1811 1810 2919
f 1825 1811 2687
f 1811 2919 2687
f 1812 2950 2925
f 1810 2925 2919
f 2956 2458 2951
f 2939 2685 2977
f 2958 2959 2932
f 2955 2934 1799
f 2957 2960 1782
f 2729 2728 2718
f 1815 2366 2068
f 2961 2962 2963
f 2964 2965 2966
f 2804 3025 2277
f 1101 2967 2968
f 2495 2881 1895
f 2861 2631 2308
f 2971 2763 1825
f 2969 2970 2173
f 3158 2972 2958
f 2973 1809 2497
f 2686 2670 2977
f 1556 2734 2853
f 2974 2922 2945
f 2204 2713 2068
f 2866 2694 2696
f 2493 2917 2494
f 2725 2975 2726
f 2975 2897 2726
f 2978 2910 2883
f 2485 2761 2760
f 2761 2485 2756
f 2723 2980 2964
f 2981 2980 2723
f 2980 2981 2979
f 3219 2971 1825
f 2948 2982 2762
f 2982 3219 2762
f 2763 2971 3219
f 2452 2744 2010
f 2486 2983 2984
f 2514 2558 2796
f 2517 2514 2796
f 2173 2175 2969
f 2985 2986 2987
f 2525 3270 3728
f 3450 2988 2989
f 1615 2173 2771
f 2173 2517 2796
f 2514 2559 2558
f 18 5144 2527
f 2772 3000 2775
f 2559 3000 2560
f 2173 2796 2174
f 2764 2777 2992
f 2175 2772 2969
f 2772 2775 2969
f 2775 3001 2970
f 2969 2775 2970
f 2533 1489 3302
f 2533 3302 3717
f 1615 3717 2141
f 2141 2512 2517
f 2173 2141 2517
f 2141 3717 2513
f 2512 2141 2513
f 3000 2559 3717
f 3000 3001 2775
f 2560 2175 2174
f 2772 2175 2560
f 2071 2993 2994
f 1239 2170 3728
f 2995 2996 2110
f 2789 2227 2729
f 2998 2997 3247
f 3002 2986 2985
f 2999 2111 2769
f 2525 3728 2106
f 3728 3280 2106
f 2537 3005 2575
f 2521 2903 635
f 2995 2764 3006
f 3007 3008 3009
f 2291 3010 3011
f 2637 3012 3166
f 2768 1489 4101
f 2572 2803 554
f 2727 2979 2756
f 3015 3016 3242
f 2788 2136 3399
f 2985 2987 3017
f 3018 2985 3017
f 3728 3270 1239
f 3728 2525 3270
f 1440 3728 3228
f 3021 2820 3022
f 2798 2577 2537
f 2537 3797 2798
f 3023 3024 2817
f 2133 2575 3005
f 2566 2412 3026
f 2411 2412 2566
f 2798 3797 2610
f 2610 3797 2991
f 2781 2774 2830
f 2536 2781 2830
f 2577 2411 2566
f 2577 2798 2411
f 2411 2798 2610
f 3027 3025 2787
f 3027 2703 3028
f 2888 2590 3236
f 2806 3025 2804
f 2536 3003 2991
f 2773 2537 3029
f 1440 3280 3728
f 3031 3032 3033
f 3032 4546 3033
f 3034 3015 3242
f 2758 2716 2715
f 2609 2716 2758
f 2832 3236 2590
f 2826 2836 3034
f 2774 2781 2783
f 2820 2831 3242
f 2783 2888 3236
f 2832 2536 2991
f 2589 2536 2832
f 3035 3015 3034
f 2832 2991 3236
f 3015 3037 3016
f 2829 2831 2820
f 2888 2782 2588
f 2782 2536 2588
f 2782 2888 2783
f 2817 3024 3242
f 2263 3038 2905
f 2769 2992 2999
f 3003 3035 3020
f 2831 3236 3242
f 2520 1682 3039
f 2774 2783 3236
f 2829 3021 3003
f 2820 3021 2829
f 3042 3029 2537
f 2354 3043 2902
f 2652 2818 1991
f 1873 3004 1874
f 3037 3035 3003
f 3035 3037 3015
f 3046 3021 3022
f 3046 3003 3021
f 3046 3045 3003
f 3046 3047 3045
f 3037 3045 3016
f 3037 3003 3045
f 3026 1874 3004
f 3047 3046 3022
f 3022 2820 3242
f 2536 2829 3003
f 2830 2774 2831
f 2774 3236 2831
f 2824 2817 2825
f 2826 3034 3242
f 2835 3048 3049
f 2835 3019 3048
f 2836 2826 3050
f 3020 2836 3050
f 1972 2788 3030
f 3100 2786 3051
f 3047 3022 3242
f 2836 3035 3034
f 3035 2836 3020
f 3100 2279 3006
f 3045 3047 3016
f 3047 3242 3016
f 4101 888 3025
f 2277 2279 3052
f 2994 2111 3053
f 3054 2806 3055
f 2789 2718 2759
f 2729 2718 2789
f 3056 2947 3057
f 3041 2294 3059
f 3060 3061 3062
f 2495 3063 2881
f 3064 2990 3065
f 2826 3242 3024
f 3050 2826 3024
f 3023 2824 3020
f 2817 2824 3023
f 3020 2823 3048
f 2823 3066 3048
f 3066 2823 2825
f 3023 3050 3024
f 3023 3020 3050
f 3030 2788 2503
f 2716 3067 2717
f 2609 3067 2716
f 2825 2817 3242
f 2835 3049 3036
f 3039 3042 2135
f 2188 2187 1717
f 2804 3052 2805
f 3036 3049 3242
f 3019 3020 3048
f 2834 3069 3070
f 3066 2825 3242
f 3066 3242 3049
f 3048 3066 3049
f 3019 3316 3020
f 2994 3053 3065
f 3036 3242 3044
f 3019 3036 3044
f 3333 3071 3072
f 2277 3025 2278
f 2005 2849 2308
f 2887 2719 2552
f 2797 2350 2308
f 2159 2802 3074
f 3333 1763 1762
f 3025 2111 2996
f 2610 1874 2412
f 2967 2123 3075
f 2615 2618 1717
f 2899 2604 2811
f 2618 2617 1717
f 3019 3044 3316
f 1383 2721 1702
f 3009 2738 3077
f 2785 3051 2786
f 2158 2802 2159
f 2801 2593 1717
f 3041 2495 1712
f 2819 2818 3097
f 2899 2811 2651
f 2146 2801 1717
f 3082 2290 3083
f 2990 3084 3085
f 2593 2188 1717
f 3086 3087 3088
f 2144 2146 1717
f 2600 2807 554
f 2495 2401 3063
f 2495 2898 2899
f 2598 2840 554
f 2859 3040 3097
f 2544 3090 2542
f 2858 2586 2585
f 3041 2503 3040
f 2605 3091 3097
f 2350 2352 2308
f 2014 2616 1717
f 2943 2942 2977
f 2970 3001 2173
f 2606 2839 554
f 2609 2170 1239
f 2993 2070 2770
f 2721 1548 1547
f 3054 3025 2806
f 3041 999 2294
f 2217 2216 1717
f 3093 3110 2122
f 2715 2717 2789
f 1000 2862 3097
f 2119 2892 2482
f 3011 1717 2289
f 3094 3110 3095
f 2227 2609 2728
f 2617 2014 1717
f 3040 2503 3097
f 2840 2600 554
f 2159 3074 2844
f 3067 2856 2717
f 3096 2880 2904
f 2484 3333 1762
f 2227 2170 2609
f 2307 2584 2308
f 3041 3040 2858
f 2505 2614 1717
f 3040 2859 2858
f 3097 2503 3281
f 1717 2216 554
f 2585 2587 2158
f 2863 1000 999
f 2862 3074 3097
f 2717 2856 2789
f 2170 2227 2789
f 2759 2758 2715
f 2852 2828 554
f 3098 3091 3099
f 3041 2844 2863
f 2289 1717 3083
f 2996 2111 2110
f 2646 2879 2647
f 2887 3092 3101
f 3102 1707 3103
f 2214 3104 3105
f 3063 2848 3106
f 2841 2606 554
f 2839 2598 554
f 2898 2605 2604
f 3107 3082 3083
f 2849 2546 2308
f 2546 2548 2308
f 2587 2586 3097
f 2863 2862 1000
f 1001 1000 3097
f 2844 3074 2862
f 3041 2858 2585
f 3041 3059 3098
f 2495 2652 1991
f 2294 2295 3059
f 2586 2859 3097
f 3162 2342 3108
f 1991 2819 2646
f 3099 3091 2605
f 2652 2812 2818
f 2811 2604 3097
f 2295 1001 3097
f 999 1001 2294
f 3074 2802 3097
f 3090 3064 3109
f 2337 3094 2338
f 2216 2841 554
f 3059 2295 2864
f 3067 2609 2856
f 3059 2864 3098
f 2521 2721 2522
f 2495 2899 2651
f 3107 3110 2337
f 3111 3112 1941
f 2787 3025 2785
f 2656 2355 2875
f 1382 1548 1383
f 3044 3534 3316
f 2573 2572 554
f 2646 2819 2879
f 2495 1991 2646
f 3041 3098 3099
f 1895 3114 2873
f 2818 2812 3097
f 2495 2647 3096
f 3091 2864 3097
f 3115 3043 2354
f 3106 2848 3014
f 2401 2848 3063
f 3041 3099 2898
f 3099 2605 2898
f 2495 3041 2898
f 2854 1793 2911
f 3096 2904 3081
f 2871 2391 2897
f 2819 3097 3014
f 2812 2811 3097
f 2661 2603 554
f 2603 2852 554
f 2828 2573 554
f 2881 3106 3114
f 3098 2864 3091
f 2651 2812 2652
f 3114 3106 3014
f 2548 2861 2308
f 2495 3096 3081
f 3107 2336 3082
f 2584 2662 2308
f 2721 3118 1536
f 2341 3108 2342
f 3217 3271 2877
f 2848 2847 3014
f 3063 3106 2881
f 2495 2656 1712
f 3217 2720 3121
f 2082 2308 1505
f 2847 2635 3014
f 2656 3115 2354
f 3097 3281 3014
f 2873 3114 3014
f 3122 3123 2962
f 554 2797 2308
f 2656 2495 3115
f 3124 3125 3126
f 2647 2880 3096
f 2911 1793 3166
f 3012 2682 3166
f 2874 2873 3125
f 2495 2822 3115
f 2721 3127 3118
f 2690 3166 2691
f 3078 3128 3333
f 2882 2847 2401
f 2881 3114 1895
f 2495 1895 2874
f 3081 2904 2635
f 2495 3081 2882
f 2352 2846 2308
f 2822 3129 3115
f 3126 3125 3014
f 2495 2882 2401
f 3081 2635 2882
f 2355 2890 2875
f 1247 2666 2866
f 2880 2879 3014
f 2904 2880 3014
f 2893 3130 2894
f 2822 3117 3129
f 3043 3129 3014
f 2656 2377 2421
f 2354 2902 2355
f 3100 3051 3055
f 3093 2122 3131
f 2794 553 3105
f 2930 3012 2636
f 1536 3132 2721
f 3133 3134 3135
f 2343 2947 2341
f 2120 810 2121
f 2212 553 2523
f 2495 3124 2821
f 2894 3130 3137
f 2120 2119 3217
f 2121 2308 2892
f 2276 2084 2878
f 2752 2920 2951
f 2523 2308 2903
f 2656 2636 2638
f 2748 2868 2799
f 2657 2659 3092
f 2890 2902 3014
f 3125 2873 3014
f 2596 2609 2866
f 2821 3117 2822
f 2699 2657 3092
f 2376 2619 2377
f 2628 2306 2308
f 2659 1831 3092
f 1722 3127 1541
f 2204 2613 2713
f 2874 3125 3124
f 2376 3137 2619
f 3141 2702 2067
f 2897 2702 3141
f 2821 3126 3117
f 3129 3117 3014
f 2636 3012 2637
f 2872 2679 2866
f 3161 2926 2977
f 3118 2793 1536
f 2682 2420 3166
f 2860 2628 2308
f 3137 3130 3166
f 2495 2874 3124
f 2263 2434 3038
f 3115 3129 3043
f 3117 3126 3014
f 2276 2878 2275
f 1793 1792 3166
f 3217 2868 2867
f 3124 3126 2821
f 2632 2860 2308
f 2929 3143 2612
f 2902 3043 3014
f 3217 3144 3162
f 3145 3056 2677
f 3101 2720 2719
f 2905 2668 2667
f 1791 1793 2854
f 2679 2693 1011
f 2656 2421 2930
f 2609 2391 2866
f 810 2867 809
f 2654 3092 2935
f 3095 3110 3089
f 2892 2308 3146
f 3217 2799 2868
f 2490 2869 3092
f 2662 2490 3092
f 1831 1833 2947
f 3147 2963 3148
f 2875 2891 2893
f 2308 2662 3092
f 2656 2894 2376
f 3121 2654 3144
f 2894 3137 2376
f 3149 3142 3150
f 2619 3137 3166
f 3038 2906 2905
f 3130 2891 3166
f 2024 2348 2947
f 2638 2637 1792
f 2890 3014 3166
f 2656 2875 2893
f 2420 2619 3166
f 1833 1403 2947
f 2929 1798 3143
f 2930 2682 3012
f 2377 2619 2420
f 2893 2891 3130
f 2421 2682 2930
f 3150 3142 3160
f 3151 2528 2529
f 1815 1814 2366
f 2563 3152 2564
f 3071 3128 3153
f 2001 2883 2885
f 3154 3150 3155
f 2263 2900 2901
f 2613 3139 2713
f 3139 2613 2897
f 3149 3150 3154
f 2900 2911 2690
f 2434 3156 3157
f 2666 2895 2712
f 1011 2693 1245
f 2693 2897 1245
f 2001 3140 2675
f 658 660 2947
f 2679 1011 2866
f 3038 3157 2906
f 2434 3157 3038
f 2263 2612 3149
f 2871 2872 2866
f 2866 1011 1247
f 2872 2692 2679
f 2391 2871 2866
f 2871 2692 2872
f 2692 2871 2897
f 2895 2722 2712
f 2722 2895 2897
f 2696 2540 2866
f 2909 1376 2877
f 1247 1246 2666
f 2263 2905 2667
f 1814 3141 2366
f 1814 2897 3141
f 2609 2897 2391
f 2068 2714 1815
f 2202 2204 2068
f 2341 2947 1724
f 2712 2722 2694
f 2974 2945 2944
f 2854 2911 2900
f 3156 2690 2691
f 2673 2865 2947
f 2494 2918 2921
f 3158 2958 2932
f 2348 2347 2947
f 2906 3157 2691
f 2668 2906 2691
f 2691 3166 3160
f 2263 2901 2434
f 2946 2945 3160
f 2656 2854 2900
f 2910 3155 3160
f 1792 2637 3166
f 3162 3108 3159
f 3163 3164 3152
f 2001 2263 2883
f 1403 2870 2947
f 2901 3156 2434
f 3157 3156 2691
f 3162 2937 3151
f 1796 1798 2929
f 2870 658 2947
f 3165 3145 2677
f 2901 2690 3156
f 2656 2638 1791
f 2907 2316 3161
f 3057 2947 3168
f 2865 2791 2947
f 3169 3170 3171
f 2540 2914 2541
f 2914 2975 2541
f 2975 2914 2897
f 3145 2947 3056
f 3172 3905 3173
f 2698 2884 3160
f 2712 2694 2866
f 2978 3155 2910
f 3154 3155 2978
f 2263 3149 3154
f 2263 2978 2883
f 1785 2689 2688
f 2263 2667 1796
f 2010 560 2897
f 2726 2203 2202
f 2203 2726 2897
f 2695 2913 2696
f 2913 2695 2897
f 2541 2975 2725
f 3139 1813 2714
f 1813 3139 2897
f 2541 2725 2866
f 2366 3141 2067
f 1725 2947 3145
f 3174 3175 3176
f 2308 3092 3146
f 2944 2946 3177
f 2529 2410 2565
f 3162 3169 3178
f 3142 2691 3160
f 2612 3142 3149
f 2565 2410 2563
f 3163 3152 2563
f 3143 1798 2691
f 3142 3143 2691
f 2675 1733 3179
f 1797 2668 2691
f 2714 1813 1815
f 3168 2410 3180
f 2001 1759 3140
f 3155 3150 3160
f 2001 2885 2730
f 1798 1797 2691
f 2915 2705 3161
f 2418 2415 2947
f 2884 2910 3160
f 3179 1733 3160
f 2263 3154 2978
f 2945 2922 3160
f 2263 1796 2929
f 2644 2673 2947
f 2612 3143 3142
f 2415 2644 2947
f 3158 2459 1784
f 3181 3182 2951
f 2809 2915 3161
f 2713 3139 2714
f 2667 1797 1796
f 2493 3179 2917
f 2917 3179 3160
f 3177 3183 2457
f 2730 1760 1759
f 2001 2974 2944
f 1759 1734 3140
f 2953 3184 3197
f 1834 2709 3161
f 3111 1941 2486
f 2959 3181 2951
f 2866 2202 2068
f 3183 2946 3160
f 2067 2702 2068
f 2866 2068 560
f 3217 2119 2482
f 2892 3146 2482
f 3180 2936 3168
f 2947 1834 3161
f 2001 2921 2974
f 3163 2410 2976
f 1734 1760 3160
f 2459 2956 1784
f 3140 1734 1733
f 3162 2916 2342
f 2955 2932 2934
f 2001 2730 1759
f 2921 2922 2974
f 2457 3183 2458
f 2896 2051 3161
f 2885 2698 2730
f 3177 2946 3183
f 2932 2959 2933
f 3169 3171 3187
f 2918 2917 3160
f 2001 2494 2921
f 3188 3189 3123
f 3140 1733 2675
f 2675 3179 2493
f 2459 2458 2956
f 2731 2733 3161
f 2316 2731 3161
f 2940 2920 2752
f 3158 2457 2459
f 2529 2565 3167
f 2672 1771 2977
f 3158 2944 3177
f 3191 2751 3182
f 3162 2678 3185
f 3192 3193 3279
f 1784 2956 2689
f 2955 2973 3195
f 3158 2001 2944
f 2920 2688 2951
f 2733 2912 3161
f 3158 2952 3191
f 2689 2956 2951
f 2001 3158 2642
f 3158 3191 2972
f 2396 2920 2940
f 2977 1556 2853
f 3158 3177 2457
f 2912 2926 3161
f 1784 2689 1785
f 2458 3160 2951
f 2942 2938 2977
f 2458 3183 3160
f 2976 2410 3171
f 3160 3397 2951
f 3169 3187 3178
f 3186 2410 2072
f 3188 3123 3122
f 2410 3161 3176
f 2934 1800 1799
f 2934 2933 1800
f 1808 1809 2973
f 3158 2940 2952
f 2670 2672 2977
f 2955 1808 2973
f 2957 2955 3196
f 2938 2939 2977
f 2960 2953 1782
f 2972 3181 2958
f 2958 3181 2959
f 2955 3158 2932
f 2952 2751 3191
f 3191 3182 2972
f 1772 1556 2977
f 2940 2752 2952
f 3196 2496 3184
f 2972 3182 3181
f 3182 2751 2951
f 2955 1799 1808
f 3195 2497 2496
f 1799 1801 1808
f 1801 1800 2951
f 2933 2959 2951
f 1800 2933 2951
f 3195 2496 3196
f 2746 2740 3198
f 2743 2740 2746
f 3065 3053 3064
f 2528 2937 3180
f 2275 2878 637
f 3162 2564 3152
f 1783 2954 3189
f 2528 3151 2937
f 1541 553 1722
f 1721 2228 1711
f 2955 3195 3196
f 3199 3200 2486
f 3109 2111 2542
f 1809 1801 2951
f 1783 3189 3188
f 3201 3148 3202
f 2497 1809 2951
f 3196 3184 2960
f 3184 2496 2951
f 1812 1811 2853
f 2960 3184 2953
f 2957 1783 3188
f 2950 1812 2853
f 1811 1825 2853
f 2957 3196 2960
f 2973 2497 3195
f 3184 2951 3197
f 2957 3188 3122
f 2734 2950 2853
f 1782 2954 1783
f 3123 3189 3197
f 2954 2953 3197
f 3189 2954 3197
f 2951 3397 3197
f 3203 3204 2984
f 2756 3204 3203
f 3200 3205 3206
f 2984 3204 2724
f 3208 3209 3210
f 3209 3208 3334
f 3168 3185 3057
f 2962 3123 3197
f 3122 2962 2961
f 2957 3122 2961
f 2957 3147 3201
f 3147 3148 3201
f 2957 2961 3147
f 2961 2963 3147
f 2957 3201 3202
f 3202 3148 3197
f 3148 2963 3197
f 2963 2962 3197
f 2957 3202 2710
f 3202 3197 2710
f 3112 3211 1941
f 3211 3112 2756
f 2770 3213 2769
f 3214 3592 3215
f 2984 2724 2486
f 3211 3203 2983
f 3203 3211 2756
f 2486 1941 2983
f 2760 2761 3111
f 2486 2760 3111
f 2761 3112 3111
f 2756 3112 2761
f 2983 3203 2984
f 2965 3216 2966
f 2965 2979 3216
f 3204 2981 2724
f 2981 3204 2979
f 1941 3211 2983
f 2724 2981 2723
f 2980 2965 2964
f 2965 2980 2979
f 2486 2723 2964
f 1846 2611 3929
f 560 2611 3228
f 3162 3178 2074
f 3217 2552 2719
f 3178 3186 2074
f 810 2308 2121
f 3162 3152 3164
f 2750 4067 2949
f 2749 4067 2750
f 2949 3218 2750
f 4067 1825 2763
f 2173 3001 2779
f 3070 1717 3116
f 3216 3220 3221
f 3220 3216 2979
f 3204 2756 2979
f 2508 3222 3223
f 3222 2508 3287
f 2486 2964 2966
f 3198 2740 2742
f 3225 3226 3227
f 3226 3225 3287
f 3229 3002 3018
f 3218 2762 3219
f 2762 3218 2949
f 4714 4067 2749
f 2763 2982 2948
f 2948 4067 2763
f 2982 2763 3219
f 2949 4067 2948
f 2750 3218 2749
f 3218 3219 2749
f 2749 3219 4714
f 3002 3013 3073
f 3230 3231 3232
f 3279 3234 3227
f 2520 2133 2610
f 2986 2526 2987
f 3073 3013 2526
f 2986 3073 2526
f 2135 2576 2132
f 2167 2169 3243
f 1101 2968 2641
f 2576 2135 3042
f 475 3075 2123
f 3399 1615 2771
f 2575 2576 2537
f 3237 3723 3238
f 464 3239 3017
f 3240 2997 2998
f 3241 3061 3060
f 3001 3000 2779
f 2903 636 635
f 3006 2278 2996
f 2764 3213 2070
f 2520 2641 1682
f 2771 2173 3243
f 2133 3005 1873
f 3000 3717 2392
f 3002 3073 2986
f 3055 2806 2805
f 2392 2779 3000
f 2173 2779 3243
f 3002 2738 2768
f 3239 3018 3017
f 3002 2768 3013
f 3239 3229 3018
f 2641 2773 1682
f 3002 2985 3018
f 3017 2987 464
f 2987 2526 464
f 3013 2768 464
f 3002 3244 2738
f 2520 2135 2132
f 3075 474 3235
f 3245 3077 3246
f 3077 3245 3009
f 2620 3071 3153
f 2785 3025 3054
f 2537 2773 3235
f 3027 2704 2703
f 1874 3026 2412
f 2993 2071 2070
f 3247 1963 2998
f 2788 3061 3076
f 2537 2566 3026
f 2537 3004 3005
f 3042 3039 3029
f 2968 3235 2773
f 1682 2773 3029
f 1682 3029 3039
f 2132 2575 2133
f 3302 1489 3247
f 2773 2641 2968
f 3003 2520 2991
f 464 2768 4101
f 3042 2537 2576
f 3248 1717 3249
f 3100 4101 3119
f 3061 3241 3076
f 3044 3242 3534
f 3100 2704 2786
f 1873 2610 2133
f 2544 2990 3090
f 2770 2070 3213
f 3235 3797 2537
f 3249 3252 3253
f 3004 1873 3005
f 3254 3255 3084
f 2787 2786 2704
f 2995 3006 2996
f 3004 2537 3026
f 2520 3039 2135
f 3003 3316 2520
f 2110 2112 2776
f 2620 3072 3071
f 3051 3054 3055
f 3075 475 474
f 3100 2805 3052
f 2278 3025 2996
f 2787 2704 3027
f 3254 3068 3251
f 3119 3025 3028
f 3100 3119 3120
f 2703 3120 3028
f 3028 3025 3027
f 4101 3025 3119
f 3333 3072 3131
f 3119 3028 3120
f 3053 3109 3064
f 3051 2785 3054
f 2770 2111 2993
f 2990 3064 3090
f 3055 2805 3100
f 2992 2777 2999
f 2112 2999 2777
f 3100 3120 2703
f 554 2308 553
f 3068 2543 3251
f 3053 2111 3109
f 2277 3052 2804
f 3006 2279 2278
f 2503 2788 3076
f 3078 2855 3095
f 3316 3797 3235
f 2995 2110 2776
f 1541 3127 1547
f 2992 3213 2764
f 2764 2995 2776
f 2990 2544 3068
f 3259 3260 3256
f 2112 2111 2999
f 2769 3213 2992
f 2776 2112 2777
f 2764 3100 3006
f 3100 3052 2279
f 2990 3253 2833
f 2993 2111 2994
f 2990 2834 3261
f 3118 1722 2793
f 2764 2071 3065
f 3068 2544 2543
f 3271 2908 2877
f 2990 3261 3333
f 3089 3153 3128
f 3261 3116 3010
f 3256 3260 3076
f 2543 2111 3251
f 3249 1717 3252
f 3072 3093 3131
f 1763 3333 3131
f 1382 553 1455
f 3070 3116 3261
f 3281 2503 3076
f 2071 2994 3065
f 3090 3109 2542
f 1761 1763 2122
f 2289 3083 2290
f 2542 2111 2543
f 2990 2764 3065
f 3217 2877 2799
f 3128 3078 3089
f 3255 3263 3084
f 3255 2111 3263
f 2111 1717 3263
f 3116 1717 3011
f 2289 2291 3011
f 3254 3251 3255
f 2338 3094 2855
f 2834 3070 3261
f 1384 553 1382
f 2337 3110 3094
f 1536 2794 3132
f 3251 2111 3255
f 3068 3254 2990
f 3078 3095 3089
f 3069 2834 2833
f 3252 1717 3069
f 2591 3085 3248
f 3069 1717 3070
f 1722 3118 3127
f 3069 2833 3252
f 2990 3254 3084
f 3263 1717 3248
f 3263 3248 3085
f 2833 3253 3252
f 3084 3263 3085
f 2990 3085 2591
f 2591 3248 3249
f 3253 2591 3249
f 3253 2990 2591
f 3105 3104 3132
f 2793 2794 1536
f 1717 3110 3107
f 3333 2290 3082
f 3094 3095 2855
f 3083 1717 3107
f 3261 3010 3333
f 3265 4405 3266
f 3267 3265 3266
f 1761 553 2707
f 3217 2483 2552
f 3333 3010 2291
f 2228 1721 2721
f 3116 3011 3010
f 3153 3110 2620
f 2886 2552 2483
f 3110 553 2122
f 3333 3128 3071
f 3162 3167 2564
f 2721 3132 3104
f 2521 2523 2903
f 3333 3082 2336
f 1722 553 2793
f 2336 3107 2337
f 3333 2336 2338
f 3333 2484 2228
f 2877 1376 2799
f 2721 2878 3271
f 3105 3132 2794
f 2653 3121 2720
f 3333 2855 3078
f 2707 553 2229
f 2721 1383 1548
f 3131 2122 1763
f 2484 1762 2707
f 3110 1717 553
f 2707 2229 2484
f 3072 2620 3093
f 3333 2291 2290
f 3089 3110 3153
f 1717 554 553
f 2620 3110 3093
f 2721 3333 2228
f 1721 1711 1701
f 2229 553 1711
f 2721 1547 3127
f 2275 637 636
f 3165 1725 3145
f 2721 635 637
f 1541 1547 1455
f 3105 553 2214
f 2721 2521 635
f 2214 553 2212
f 2482 3146 2483
f 2721 3104 2213
f 3165 3162 3159
f 3121 2653 2654
f 3159 1724 1725
f 1505 2308 2909
f 2721 637 2878
f 3101 2719 2887
f 3271 2083 2908
f 2721 2213 2522
f 3217 2867 2120
f 3167 2565 2564
f 3146 3092 2886
f 2909 2308 1376
f 553 2308 2523
f 2522 2212 2523
f 2214 2213 3104
f 2596 2170 2789
f 3057 2678 3056
f 2886 2483 3146
f 3217 3121 3144
f 810 2120 2867
f 1376 2308 2748
f 2908 1505 2909
f 2627 1704 1706
f 3162 3151 3167
f 809 2868 2748
f 3101 3092 2653
f 1505 2083 2082
f 1505 2908 2083
f 3271 2084 2083
f 1724 3108 2341
f 2935 3092 2947
f 3170 2976 3171
f 1724 3159 3108
f 2935 2947 2343
f 2072 2410 3176
f 3162 3165 2677
f 2653 2720 3101
f 2654 2935 3144
f 3144 2935 2916
f 2887 2552 2886
f 3170 3169 3162
f 3187 3186 3178
f 3165 3159 1725
f 3185 2936 3162
f 3171 2410 3187
f 2677 3056 2678
f 3144 2916 3162
f 2976 3164 3163
f 3397 3160 3166
f 3180 2937 2936
f 3180 2410 2528
f 2563 2410 3163
f 3057 3185 2678
f 3168 2936 3185
f 2947 3161 2410
f 3174 3194 3175
f 2866 560 2596
f 3945 3272 3273
f 3176 3161 3174
f 2976 3170 3164
f 3161 3194 3174
f 3168 2947 2410
f 3151 2529 3167
f 3162 3164 3170
f 2742 2741 3274
f 3206 2745 2747
f 3274 3275 3276
f 2755 3276 3279
f 3200 2755 2486
f 2486 2966 3221
f 3206 2755 3200
f 2743 2979 2727
f 2741 3275 3274
f 2741 2743 3275
f 4017 3277 3278
f 3187 2410 3186
f 3176 3175 2073
f 3176 2073 2072
f 2072 2074 3186
f 3194 3161 2977
f 3194 3162 2073
f 3194 2073 3175
f 3162 2074 2073
f 2747 2746 3198
f 3194 2977 2853
f 3233 3205 3200
f 2979 3205 3233
f 3199 2486 3221
f 3698 2853 1825
f 3220 3233 3199
f 3233 3220 2979
f 2486 2755 2611
f 2966 3216 3221
f 3197 3397 2710
f 3221 3220 3199
f 2998 1962 3240
f 1962 2738 3240
f 3227 3284 3279
f 3698 1825 3219
f 3199 3233 3200
f 2755 2747 3198
f 3205 2745 3206
f 2745 3205 2743
f 2755 3198 2742
f 2755 3206 2747
f 3205 2979 2743
f 3224 3285 3286
f 3274 2755 2742
f 3289 3288 3079
f 2738 3244 464
f 3138 3420 3290
f 3247 3291 3058
f 3291 3292 3058
f 3293 2168 2167
f 2768 1963 3247
f 3008 2738 3009
f 3403 3302 3716
f 3244 3239 464
f 1963 1962 2998
f 2515 3235 2516
f 2997 3294 3291
f 3294 2997 3240
f 3245 3247 3007
f 2738 3008 3292
f 3240 2738 3294
f 3002 3229 3244
f 3229 3239 3244
f 3247 3058 3007
f 3058 3008 3007
f 3008 3058 3292
f 3245 3007 3009
f 3247 2997 3291
f 3294 2738 3292
f 3291 3294 3292
f 3237 3238 3295
f 2123 2967 1101
f 2967 3075 3235
f 3296 3297 3544
f 3298 3297 3296
f 3299 3300 3301
f 3020 3316 3003
f 3060 3259 3241
f 3290 3303 3138
f 3259 3060 3062
f 2967 3235 2968
f 3298 3306 3297
f 3307 3308 3437
f 3307 3309 3308
f 3061 2788 3062
f 3258 3268 3190
f 3100 2764 4101
f 3289 3420 3310
f 3260 3259 3062
f 3311 3418 3312
f 3313 3314 3315
f 3259 3256 3241
f 3281 3260 3062
f 3728 2170 3079
f 4101 2764 2990
f 3241 3256 3076
f 3317 3318 3319
f 3281 3076 3260
f 3298 3420 3306
f 3420 3289 3079
f 3320 3321 3322
f 3323 3324 3325
f 3327 3328 3329
f 3728 3339 560
f 3330 3331 3332
f 3337 3449 3535
f 3340 4276 3341
f 3166 3014 3281
f 3365 3166 3281
f 3343 3344 3345
f 3901 3346 3347
f 560 3228 3728
f 3192 3349 3193
f 3350 3351 3352
f 3217 3162 3271
f 3355 3356 3357
f 3358 3359 3360
f 3361 3716 3293
f 3901 2627 3362
f 3397 3166 3365
f 3363 3833 3364
f 3275 2507 3276
f 2743 2507 3275
f 3279 2509 3223
f 3368 3369 3370
f 3286 3366 3207
f 2853 3698 3194
f 3276 2755 3274
f 3372 3269 3373
f 3269 3372 3212
f 3374 3375 3234
f 3278 3376 3377
f 3379 3380 4327
f 3207 3192 3279
f 2507 2743 3287
f 3279 3224 3286
f 2509 2508 3223
f 2509 3279 3276
f 3279 3193 3374
f 3284 3384 2754
f 3222 3285 3224
f 3285 3222 3287
f 3366 3367 3207
f 3367 3366 3287
f 3367 3349 3192
f 3349 3367 3287
f 3223 3224 3279
f 3929 2755 3279
f 2755 3929 2611
f 3279 3515 3929
f 3375 3225 3234
f 3287 3225 3375
f 3207 3367 3192
f 3276 2507 2509
f 3285 3366 3286
f 3366 3285 3287
f 3223 3222 3224
f 3349 3383 3193
f 3383 3349 3287
f 3286 3207 3279
f 2743 2727 3287
f 3929 3699 1846
f 3232 3231 3282
f 3390 3391 3392
f 3394 3703 3395
f 3511 2710 3397
f 3396 3515 2754
f 2392 3302 2779
f 3247 3400 3282
f 4173 3401 3402
f 3247 3245 3246
f 3282 3231 3388
f 3230 2738 3231
f 3077 2738 3230
f 3247 3246 3400
f 3246 3230 3400
f 3246 3077 3230
f 3400 3232 3282
f 3232 3400 3230
f 2779 3302 3243
f 3388 3231 3398
f 3388 3247 3282
f 3302 3247 3388
f 3231 2738 3398
f 2738 464 4101
f 3290 3420 3298
f 2525 3728 3270
f 1655 4733 4521
f 3242 3236 3302
f 3408 3267 3409
f 3062 2788 3399
f 3534 3242 3302
f 3399 3281 3062
f 3289 3310 3288
f 3413 3412 3381
f 3414 3415 3909
f 3416 3417 3544
f 3406 3417 3416
f 3419 3303 3544
f 3138 3303 3419
f 3421 3422 4410
f 3423 3422 3421
f 3079 2170 3420
f 3310 3420 3138
f 3420 2170 4658
f 3424 3250 3425
f 3303 3296 3544
f 3290 3296 3303
f 3306 3420 3413
f 3420 3412 3413
f 3426 3412 3407
f 3297 3427 3544
f 3306 3427 3297
f 3290 3298 3296
f 3306 3413 3427
f 3429 3428 3404
f 3288 3419 3544
f 3310 3419 3288
f 3079 3288 3544
f 3310 3138 3419
f 4101 2990 3333
f 2312 3535 3430
f 3363 3431 3833
f 3432 3433 3434
f 460 3435 4109
f 3436 3435 460
f 3438 3439 3425
f 3438 3334 3439
f 3440 3441 3442
f 4421 4101 3333
f 3443 3444 3445
f 459 3320 461
f 560 3339 3250
f 3428 3429 3339
f 3446 3447 3448
f 3333 2721 3271
f 3447 3428 3451
f 3448 3447 3451
f 3410 3113 3452
f 3281 3449 3365
f 3443 3456 3444
f 3457 3905 3458
f 3339 3429 3250
f 2170 2596 4658
f 3459 3460 3461
f 4433 3462 3463
f 3316 3534 4380
f 3465 3341 3466
f 3467 3468 3469
f 3468 4652 3469
f 3470 3471 3472
f 3473 3474 3475
f 3406 3476 3417
f 3477 3905 3478
f 3479 4276 3480
f 3483 1705 1704
f 3214 3484 3485
f 3515 3396 3486
f 3488 3489 3490
f 3491 3492 3396
f 3287 3492 3491
f 3494 3495 3283
f 3396 3492 3486
f 3193 3383 3374
f 3496 3497 3498
f 3226 3384 3284
f 3287 3384 3226
f 3234 3225 3227
f 3499 3500 3501
f 3383 3375 3374
f 3287 3375 3383
f 3234 3279 3374
f 3502 3698 3219
f 3505 3506 3507
f 3492 3382 3486
f 3382 3492 3212
f 3508 3509 3510
f 3384 3491 2754
f 3491 3384 3287
f 3227 3226 3284
f 3486 3382 3512
f 3284 3515 3279
f 2754 3491 3396
f 2754 3515 3284
f 3492 3287 3212
f 3382 3372 3512
f 3212 3372 3382
f 3486 3512 3515
f 3219 1825 4388
f 3699 2727 1846
f 3513 3700 3515
f 3305 3416 3544
f 3416 3305 3516
f 3517 3518 621
f 4634 3517 621
f 3716 2168 3293
f 3716 3243 2169
f 3521 3522 478
f 3717 3302 2392
f 3388 3398 3453
f 3388 3453 3302
f 3525 3526 3361
f 3293 3525 3361
f 3398 2738 3453
f 3527 3528 3361
f 3243 3716 3399
f 3302 3399 3716
f 3530 3531 3532
f 3403 3533 3526
f 3399 3302 3741
f 3536 3537 3544
f 3381 3537 3536
f 3476 3322 3538
f 3406 3412 3476
f 3238 3723 3323
f 3921 3805 4101
f 3540 3541 4421
f 3542 4658 3543
f 3728 3079 3544
f 3322 3412 3320
f 3451 3428 3334
f 3538 3321 3544
f 3322 3321 3538
f 3407 3412 3516
f 3545 3592 3546
f 3537 3547 3544
f 3547 3537 3426
f 3427 3536 3544
f 3413 3536 3427
f 3516 3412 3406
f 3381 3412 3426
f 3381 3426 3537
f 3407 3516 3305
f 3547 3305 3544
f 3407 3305 3547
f 3407 3547 3426
f 3406 3416 3516
f 3413 3381 3536
f 3476 3412 3322
f 3417 3538 3544
f 3476 3538 3417
f 3429 3404 3446
f 3548 3549 3550
f 3453 3393 3551
f 3552 3467 3469
f 3553 3554 3555
f 3556 3557 3326
f 3448 3451 3556
f 3451 3557 3556
f 3557 3451 3334
f 3558 3559 3560
f 3412 3420 4658
f 3561 3562 3563
f 3564 3565 3566
f 3250 3210 3567
f 3031 3033 3318
f 3569 3570 3571
f 3572 3573 3574
f 3573 4405 3574
f 3335 3575 3576
f 3577 3723 3578
f 3333 3271 4421
f 3429 3446 3250
f 3567 3438 3425
f 3495 3494 3581
f 3582 3445 3583
f 3337 3584 3585
f 3592 3281 3399
f 3586 4658 3587
f 3439 3424 3425
f 3567 3209 3438
f 3209 3334 3438
f 3326 3557 3208
f 3557 3334 3208
f 3210 3209 3567
f 3326 3208 3210
f 3404 3447 3446
f 3447 3404 3428
f 3588 3589 3590
f 3921 4101 4421
f 3449 3281 3535
f 3591 3405 3540
f 3436 460 461
f 3250 3326 3210
f 3250 3556 3326
f 1680 3300 4427
f 3301 3300 1680
f 3595 3833 3596
f 2627 3597 1704
f 3644 3921 4421
f 3586 3587 3598
f 3448 3250 3446
f 3901 4380 2627
f 3599 3449 3600
f 3250 3567 3425
f 3556 3250 3448
f 3604 3605 3606
f 3373 3269 3513
f 3607 3452 3608
f 3610 4546 3032
f 3611 3610 3032
f 3612 3554 3613
f 3615 4370 3616
f 3487 3626 3488
f 3617 3618 3619
f 3620 3621 3622
f 3623 3624 3906
f 3625 3626 3627
f 3487 3628 3629
f 3631 3632 3633
f 3478 3172 3634
f 3635 3362 3378
f 560 4757 2596
f 3378 3637 3638
f 3271 3162 4421
f 3503 3644 3698
f 3644 3601 3614
f 3359 3905 3457
f 3644 3614 3640
f 3212 3700 3389
f 3269 3389 3513
f 3389 3269 3212
f 3512 3372 3373
f 3515 3512 3373
f 3277 3508 3510
f 3901 3642 3643
f 4421 3162 3194
f 3647 3648 3649
f 3648 3519 3649
f 3927 3651 3652
f 3653 3654 3667
f 3488 3626 3625
f 3656 3657 3658
f 3659 3657 3656
f 3660 3661 3662
f 3663 3664 3283
f 3630 3665 3666
f 3901 3668 3655
f 3194 3698 4421
f 3945 3669 3670
f 3945 3671 3672
f 3901 3673 3668
f 3674 3675 3676
f 3346 3638 3380
f 3678 3905 3617
f 4380 3901 3650
f 3679 3680 3681
f 3639 3682 3683
f 3684 3685 3385
f 3687 3688 3689
f 2627 3136 3690
f 3693 3694 3632
f 3901 3682 3639
f 3219 3703 3502
f 3499 3501 3696
f 3698 3697 3499
f 3500 3695 3502
f 3515 3700 3929
f 3697 3500 3499
f 3500 3697 3695
f 3701 4327 3376
f 3502 3702 3698
f 3696 3502 3703
f 3499 3696 3698
f 3697 3698 3702
f 3697 3702 3695
f 3501 3500 3502
f 3501 3502 3696
f 3703 3698 3696
f 3597 3483 1704
f 3373 3513 3515
f 3389 3700 3513
f 3212 3287 2727
f 3212 3699 3700
f 3706 3219 3511
f 3706 3703 3219
f 3704 3703 3707
f 3706 3707 3703
f 3708 3704 3707
f 3502 3695 3702
f 3706 3708 3707
f 4389 3511 3397
f 3709 3710 3711
f 3712 3713 3393
f 3454 3714 3715
f 3361 3528 3716
f 3526 3525 2167
f 3526 3527 3361
f 3528 3533 3403
f 3528 3527 3533
f 3453 3712 3393
f 3403 3716 3528
f 3526 2167 3243
f 3526 3302 3403
f 3525 3293 2167
f 3527 3526 3533
f 3302 3526 3243
f 3716 2169 2168
f 3718 3719 3720
f 2555 2556 3721
f 2738 4101 3715
f 3544 459 4109
f 3724 3723 3529
f 3719 3725 3411
f 3726 4658 3727
f 3729 3730 4652
f 3730 3729 3731
f 3732 3307 3437
f 3309 3307 3732
f 3733 3353 3734
f 3735 3788 3736
f 3737 3735 3736
f 3739 3432 3740
f 3723 3432 3739
f 3744 3414 3745
f 3746 1402 4109
f 3727 1402 3746
f 3718 3723 3747
f 3545 3748 3749
f 3320 3412 461
f 3750 3529 3350
f 3542 3543 3751
f 3566 3752 3753
f 3747 3754 3725
f 3755 3756 3757
f 3324 3723 3718
f 3399 3529 3723
f 3724 3529 3758
f 3324 3720 3325
f 3414 3909 3745
f 3542 3760 3587
f 3541 3761 4421
f 461 3412 3436
f 3587 4658 3542
f 3734 3624 3623
f 3543 4658 3726
f 3544 3321 459
f 3321 3320 459
f 3299 4529 3762
f 3751 3763 4109
f 3763 3751 3543
f 3436 3586 3435
f 3727 3746 3726
f 3325 3720 3411
f 3443 3535 3456
f 3797 3302 2991
f 3584 3535 3102
f 3765 3577 3766
f 3436 4658 3586
f 3763 3746 4109
f 3726 3746 3763
f 3598 3760 4109
f 3760 3598 3587
f 3435 3598 4109
f 3586 3598 3435
f 3412 4658 3436
f 3726 3763 3543
f 3760 3751 4109
f 3542 3751 3760
f 3768 3769 3770
f 4127 4797 3539
f 4797 3772 4199
f 3773 4456 3774
f 3599 3579 3775
f 3578 3723 3776
f 3777 3778 3779
f 3424 3439 3780
f 3439 3334 3780
f 3399 3723 3592
f 4109 3728 3544
f 3758 3750 3781
f 3428 3339 3728
f 3782 3113 3531
f 3784 3785 3786
f 3424 3780 3767
f 3790 3824 3791
f 3792 4405 3793
f 3794 3792 3793
f 3795 3793 3946
f 3794 3793 3795
f 3799 3800 3801
f 4450 3800 3799
f 3802 3803 3804
f 3803 4405 3804
f 3607 3410 3452
f 3782 3530 3806
f 3452 3808 3608
f 3215 3809 3810
f 3475 3580 3811
f 3215 3592 3809
f 3596 3833 3812
f 3813 3592 3783
f 3250 3424 3767
f 4797 4127 3539
f 3814 3815 3816
f 2555 3817 4230
f 2555 3721 3817
f 3317 3818 3819
f 3820 3821 4260
f 2627 3257 3493
f 3822 3833 3823
f 3825 3535 2312
f 3826 3576 3575
f 3827 3828 3829
f 3830 3831 3832
f 3806 3834 3835
f 3173 3353 3355
f 3921 3836 3837
f 3838 3839 3840
f 3841 3835 3834
f 3842 3535 3825
f 3749 3748 4241
f 3592 3535 3281
f 3843 3844 3845
f 3846 3535 3842
f 3847 3848 3849
f 3780 3334 3767
f 3562 3833 3850
f 3851 3852 3437
f 3853 3852 3851
f 3854 3855 3856
f 3316 4380 3797
f 3562 3857 3563
f 3858 3588 3590
f 3859 3283 3495
f 3561 3563 3860
f 3861 3862 3431
f 3863 3905 3864
f 3312 1681 1679
f 3865 3779 3866
f 2314 2313 4241
f 3867 3868 4241
f 3869 3353 3630
f 3870 3599 3775
f 3331 3418 3871
f 1707 3535 3569
f 4127 4797 3872
f 3752 4159 3828
f 3659 3873 3874
f 3873 3659 3628
f 2627 3493 3798
f 3852 3876 3437
f 3852 3853 3876
f 3392 3391 3674
f 3877 3471 3470
f 3812 3880 3881
f 2627 3594 3264
f 3555 3917 3882
f 3767 4551 3250
f 3582 3535 3443
f 3624 3775 3906
f 3337 3585 3884
f 3813 3885 3886
f 3887 3888 3356
f 1781 1780 4296
f 3890 3862 3891
f 3959 3615 3894
f 3615 3895 3894
f 3134 4370 3896
f 3897 3892 3898
f 2627 3879 3136
f 3566 3565 3752
f 3564 3566 3878
f 3921 3902 3903
f 2627 4380 3534
f 3410 3607 3532
f 3433 3904 3434
f 4658 3418 3330
f 3907 3329 3908
f 3911 3912 3894
f 3759 3580 3914
f 3916 3917 3918
f 3913 3347 3379
f 3899 4276 3919
f 3354 3693 3636
f 3734 3353 3870
f 3173 3355 3357
f 3387 3922 3923
f 3365 3449 3353
f 3887 3869 3888
f 3854 3856 3925
f 3822 3926 3474
f 3899 483 3928
f 3873 3872 3930
f 3457 3458 3931
f 3633 4046 3342
f 3910 3932 3676
f 3932 3933 3676
f 3642 3622 3934
f 3935 3936 3386
f 3937 4276 3938
f 3939 4276 3940
f 3941 4486 3942
f 3915 3636 3927
f 3465 3340 3341
f 3927 3943 3944
f 3947 4327 3948
f 3893 3949 3950
f 3951 3910 3952
f 3953 3954 3955
f 3956 3957 3958
f 3634 3960 4482
f 3961 3962 3963
f 3965 3966 3967
f 3965 3655 3966
f 3945 3969 3671
f 3970 3910 3391
f 3622 4327 3934
f 3496 3693 3877
f 3814 3816 3836
f 3676 3933 3949
f 3960 3357 4482
f 3645 3972 3471
f 3465 3973 3340
f 3918 3917 3612
f 3896 3677 3974
f 3644 3354 3975
f 3976 3353 3977
f 3466 3341 3978
f 3901 3635 3346
f 4046 3979 3498
f 3365 3353 3905
f 3869 3666 3888
f 3864 3980 3981
f 3982 3745 3761
f 3490 3983 3482
f 3490 3489 3983
f 3984 3487 3629
f 3489 3625 3983
f 3625 3627 3983
f 3872 4797 3985
f 4017 3278 3377
f 3644 3503 3645
f 3948 4327 3686
f 3698 3644 4421
f 3645 3601 3644
f 3987 3504 3988
f 3806 3335 3834
f 3332 3989 4109
f 3989 3332 3331
f 3369 3365 3505
f 3983 3627 3482
f 3628 3872 3873
f 3626 3984 3990
f 3487 3984 3626
f 3629 3658 3991
f 3658 3629 3628
f 3487 3872 3628
f 3489 3488 3625
f 3656 3628 3659
f 3482 3539 3487
f 3482 3487 3488
f 3628 3656 3658
f 3482 3488 3490
f 3626 3990 3627
f 3539 3872 3487
f 3992 3984 3629
f 3627 3990 3991
f 3990 3992 3991
f 3482 3991 3985
f 3990 3984 3992
f 3993 3994 3985
f 3874 3657 3659
f 3992 3629 3991
f 3658 3657 3985
f 3657 3993 3985
f 3657 3874 3993
f 3901 3643 3673
f 3639 3683 3509
f 3995 3965 3967
f 3949 3996 3950
f 3901 3965 3995
f 3901 3362 3635
f 3278 3277 3701
f 3997 3679 3681
f 3635 3638 3346
f 3635 3378 3638
f 3901 3620 3642
f 3668 3948 3686
f 3901 3347 3913
f 3643 3642 3934
f 3975 3636 3915
f 3953 3955 4000
f 3651 4001 4002
f 3496 3498 4003
f 3645 3693 4004
f 1779 4005 1780
f 4038 3692 3688
f 3972 4006 4007
f 4008 4006 4009
f 4010 3365 3368
f 4004 3601 3645
f 3485 3484 4241
f 4011 4012 4013
f 3847 3849 4015
f 3855 3449 3337
f 3699 3929 3700
f 3686 4327 3966
f 3901 3655 3965
f 3901 3995 3682
f 3642 3620 3622
f 3668 3673 3948
f 3913 3379 3621
f 3620 3913 3621
f 3673 3947 3948
f 3947 3934 4327
f 3347 3346 3380
f 3901 3913 3620
f 3347 3380 3379
f 4017 3377 3660
f 3682 3995 4018
f 3510 3509 4327
f 3655 3686 3966
f 3673 3643 3947
f 3621 4327 3622
f 3379 4327 3621
f 3643 3934 3947
f 4019 4020 4021
f 3901 3508 3277
f 3967 3966 4327
f 4018 3967 4327
f 3995 3967 4018
f 3981 3980 4296
f 3612 3555 3554
f 3509 3683 4327
f 4023 1730 4024
f 4025 4355 4026
f 4017 3660 4027
f 3405 3541 3540
f 3668 3686 3655
f 3278 3701 3376
f 3901 3639 3508
f 3683 4018 4327
f 3682 4018 3683
f 4017 3901 3277
f 3510 4327 3701
f 3508 3639 3509
f 3377 3376 3661
f 3277 3510 3701
f 4027 3660 3662
f 3971 4028 3999
f 3638 3637 4327
f 4029 4030 4031
f 4032 4022 4033
f 4034 4035 3667
f 3522 4037 4409
f 3893 3952 4039
f 4040 3951 3670
f 4017 4027 3689
f 3650 3901 4017
f 3650 4017 4038
f 3692 4017 3689
f 3660 3377 3661
f 4027 3662 3687
f 4327 3661 3376
f 3687 3689 4027
f 3661 4327 3662
f 4327 3687 3662
f 3698 4061 3503
f 3365 3667 3397
f 4011 4041 4012
f 4042 4043 4355
f 4061 4498 4044
f 3667 4047 3397
f 4048 4047 4049
f 3733 3623 4050
f 3688 4327 4038
f 3677 4051 4052
f 3689 3688 3692
f 4327 3688 3687
f 4017 3692 4038
f 4054 4055 3667
f 4056 4057 4058
f 3650 4038 4504
f 4389 4059 4060
f 1776 4062 1777
f 3698 4379 4061
f 3503 4012 4063
f 3940 4276 3916
f 4358 4064 4065
f 4049 4055 4066
f 4060 4068 4389
f 4069 4070 4031
f 4071 4072 4073
f 4072 4071 3703
f 4714 1825 4067
f 4074 3710 4075
f 4074 3711 3710
f 3706 4389 4073
f 3708 3706 4073
f 4071 3395 3703
f 4068 4060 3395
f 3395 4060 3394
f 3511 4389 3706
f 4068 3395 4071
f 4060 4059 3394
f 4068 4071 4073
f 4389 4068 4073
f 4072 3708 4073
f 3708 4072 3704
f 3704 4072 3703
f 4076 4077 3709
f 4077 4076 4078
f 3394 4059 4078
f 4078 4059 4077
f 4059 4389 4077
f 3711 3703 4076
f 3703 4078 4076
f 4074 3703 3711
f 3709 3711 4076
f 3703 3394 4078
f 4389 3710 3709
f 3709 4077 4389
f 4020 3703 4079
f 3212 2727 3699
f 3754 4080 3725
f 3453 2738 3712
f 3551 3714 3454
f 3714 3551 3393
f 4082 4083 4084
f 4450 4083 4082
f 3714 3713 3715
f 3712 2738 3715
f 3766 4085 4409
f 3713 3714 3393
f 4101 3454 3715
f 3551 3454 3453
f 3302 3453 3454
f 3713 3712 3715
f 3558 4086 3559
f 3418 4658 4529
f 3743 1679 4427
f 3312 1679 3743
f 3727 3330 1402
f 3727 4658 3330
f 3350 3529 4087
f 4088 4089 4090
f 3909 3741 4421
f 3781 3352 3411
f 4091 4094 3909
f 3725 4080 3411
f 481 4092 3576
f 3741 4101 4421
f 3722 4093 3415
f 4093 4094 4091
f 3761 3745 4421
f 3802 4095 3803
f 3800 4096 4097
f 4450 4096 3800
f 3440 3442 3875
f 3442 3788 3875
f 3519 4098 4099
f 4080 4100 3411
f 3352 3351 3411
f 3744 3529 3722
f 3301 1680 1681
f 3324 3718 3720
f 3724 3758 4100
f 4102 3523 4103
f 4093 3529 4094
f 3744 3722 3414
f 3741 3909 4094
f 4104 3982 3761
f 3982 3529 3744
f 3405 4104 3541
f 3531 3113 3410
f 3529 3399 3741
f 4093 4091 3415
f 3724 4100 4080
f 4094 3529 3741
f 3722 3415 3414
f 4087 3591 4105
f 463 4106 4107
f 3781 3411 4100
f 3740 4409 3455
f 4104 3761 3541
f 3330 3418 3331
f 1402 3332 4109
f 3330 3332 1402
f 3591 3540 4105
f 3909 4421 3745
f 3982 3744 3745
f 4087 4105 3351
f 4087 3351 3350
f 4110 481 3523
f 3758 3529 3750
f 4087 3529 3591
f 3758 3781 4100
f 3747 3723 3754
f 4104 3529 3982
f 3540 4421 4105
f 3529 4104 3405
f 3591 3529 3405
f 3722 3529 4093
f 3865 4111 3523
f 3432 3723 3433
f 3415 4091 3909
f 3504 3336 4421
f 3530 3782 3531
f 3238 3323 4112
f 4113 4016 3904
f 4114 3833 3473
f 3432 3434 3740
f 3740 3434 4409
f 3825 2314 3868
f 4112 3325 3411
f 3411 3720 3719
f 3756 3755 3504
f 3739 3740 3455
f 4115 3773 3774
f 4110 3523 4111
f 3237 3295 4016
f 3807 3521 478
f 3463 3462 472
f 3238 4112 3295
f 3113 4101 3805
f 3456 3843 3845
f 3776 3455 4116
f 3323 3723 3324
f 3434 3904 4409
f 4117 4118 4119
f 3750 3352 3781
f 3750 3350 3352
f 4105 4421 3411
f 3754 3724 4080
f 3301 4529 3299
f 3718 3747 3719
f 3351 4105 3411
f 3747 3725 3719
f 3754 3723 3724
f 3807 478 477
f 3871 3418 3311
f 4120 3485 4241
f 4113 3237 4016
f 3866 3335 4121
f 3871 3311 4122
f 3989 4122 4109
f 3871 4122 3989
f 3214 3215 3484
f 4123 3485 4120
f 3312 3418 1681
f 3891 3580 4125
f 3578 3776 4116
f 3312 3743 3311
f 4127 3539 3764
f 4126 3539 4127
f 2312 3430 2313
f 3423 4088 4129
f 4130 4131 4410
f 4131 4130 4132
f 3784 3786 4133
f 3786 3519 4133
f 4134 2555 4230
f 3721 2555 4134
f 4135 4082 4084
f 3785 3647 3649
f 4132 4136 4130
f 4136 4137 4130
f 3770 4138 4139
f 4140 3819 4141
f 3569 4142 3570
f 3921 3335 3805
f 3853 4143 3852
f 4143 4546 3852
f 4144 4145 4146
f 4145 4546 4146
f 3801 3800 4097
f 4147 4148 4149
f 4148 4147 4414
f 4150 3852 4151
f 3852 4546 4151
f 3409 4152 3080
f 4153 4152 3409
f 4154 4155 4156
f 4155 4546 4156
f 3408 4157 4158
f 3577 4085 3766
f 3808 3113 3805
f 4160 3799 3801
f 3783 3558 3560
f 3906 3570 4161
f 3335 4162 4163
f 4164 3723 3765
f 4154 4165 4155
f 3433 4113 3904
f 3433 3723 4113
f 3776 3723 3739
f 3323 3325 4112
f 4113 3723 3237
f 4164 3765 4037
f 3904 4016 4409
f 3295 4112 3411
f 4085 4116 4409
f 4016 3411 4409
f 4241 3831 3830
f 3592 3521 3807
f 3335 3532 3607
f 3776 3739 3455
f 4016 3295 3411
f 3765 3723 3577
f 3578 4116 4085
f 4107 4529 463
f 3335 3608 3805
f 3558 3592 4086
f 4102 4103 4166
f 3871 3989 3331
f 3460 4167 3461
f 4109 4122 4427
f 3335 3806 3530
f 3418 4529 3301
f 3335 3778 3834
f 3335 3779 3778
f 3880 3561 3860
f 3849 4168 4241
f 4169 4163 4162
f 1681 3418 3301
f 4122 3743 4427
f 3743 4122 3311
f 478 3522 4409
f 4409 3559 477
f 4171 3313 4172
f 4175 3524 3648
f 3524 3519 3648
f 3730 3731 4176
f 3785 3649 3786
f 3649 3519 3786
f 4177 3917 4178
f 4179 4180 4174
f 4180 4173 4174
f 4181 4151 4145
f 4151 4546 4145
f 4182 4183 4184
f 4131 3730 4230
f 4176 3730 4131
f 3730 4134 4230
f 3730 4176 4134
f 3610 3788 4546
f 4144 4181 4145
f 3793 4440 3464
f 4223 4185 3338
f 3794 3793 3464
f 3581 3597 2627
f 3783 3592 3558
f 3885 3560 4409
f 3521 3592 4164
f 3584 3102 4186
f 4164 4037 3522
f 3835 3113 3782
f 3865 3777 3779
f 3545 3546 3748
f 3870 3353 3599
f 3826 481 3576
f 4164 3592 3723
f 4136 4174 4137
f 4136 4187 4174
f 4409 4037 3766
f 4086 3807 477
f 3841 3113 3835
f 4086 477 3559
f 3608 3335 3607
f 4188 3545 3749
f 3452 3113 3808
f 3808 3805 3608
f 3335 3530 3532
f 3777 3841 3778
f 3577 3578 4085
f 4116 3455 4409
f 4188 3592 3545
f 3592 3807 4086
f 3765 3766 4037
f 3521 4164 3522
f 3546 4123 4120
f 3835 3782 3806
f 3531 3410 3532
f 4189 3882 4190
f 3504 3755 4191
f 4123 3214 3485
f 4192 3593 3821
f 3810 4241 3484
f 3575 3335 4166
f 3826 4103 3523
f 4103 3826 3575
f 3841 3777 3113
f 3813 3783 3885
f 4433 4118 3504
f 4193 3504 4194
f 3569 3535 4142
f 3848 4168 3849
f 3787 3772 3314
f 4142 4161 3570
f 3313 3315 4172
f 3315 3519 4172
f 3918 3612 3613
f 4196 3459 4433
f 3363 3364 3914
f 4133 4089 3784
f 3603 4197 4198
f 4171 4172 3524
f 4172 3519 3524
f 3647 4175 3648
f 3787 4172 4199
f 3313 4172 3787
f 4084 4405 4135
f 3772 3787 4199
f 4175 4171 3524
f 3772 4797 3539
f 4200 4130 3468
f 4130 4137 3468
f 4201 3423 3422
f 4133 3519 4090
f 4089 4133 4090
f 3423 4129 3422
f 4129 4173 3422
f 4201 3422 4180
f 3422 4173 4180
f 3889 4130 4410
f 4132 4130 3889
f 4088 4090 4129
f 4090 3519 4129
f 4172 4202 4199
f 4172 3313 4202
f 3786 3421 4199
f 3786 3785 3421
f 4202 3786 4199
f 3785 3786 4202
f 3033 4546 3319
f 3318 3033 3319
f 4129 3519 4173
f 4179 4201 4180
f 4200 4132 4130
f 3862 3861 3891
f 4174 4179 4137
f 4179 4174 4187
f 3552 4203 4176
f 4204 4652 4137
f 4205 4652 2555
f 3721 4205 2555
f 4179 4174 4204
f 4174 4173 4204
f 4132 4187 4136
f 3468 4137 4652
f 4200 3468 3467
f 3552 3469 4203
f 3469 4652 4203
f 4203 4652 3730
f 4176 4203 3730
f 3422 3889 4410
f 3422 3423 3889
f 3729 4183 3731
f 3729 4652 4184
f 4183 3729 4184
f 2554 3788 3442
f 3441 2554 3442
f 4182 4184 4205
f 4184 4652 4205
f 4206 3737 3736
f 4652 3788 2555
f 4182 4205 3721
f 2554 3441 2556
f 3440 3875 4207
f 4208 4207 4209
f 3875 3788 4209
f 4207 3875 4209
f 4209 3732 3437
f 4209 4207 3732
f 4208 4209 3735
f 4209 3788 3735
f 3735 3737 4208
f 3031 3611 3032
f 4206 3736 3796
f 3736 3788 3796
f 3610 3611 4210
f 4150 3853 3852
f 4206 3796 3309
f 4201 4179 3889
f 4210 3307 3610
f 3307 3788 3610
f 3796 3788 3307
f 3309 3796 3307
f 4210 3309 3307
f 3817 4209 3437
f 4207 4209 3817
f 3317 3319 3818
f 3319 4546 3818
f 4144 4146 4165
f 3819 3818 4141
f 3818 4546 4141
f 3308 3319 3437
f 3318 3319 3308
f 4140 4141 4143
f 4141 4546 4143
f 4146 4546 4155
f 4165 4146 4155
f 3853 4140 4143
f 4150 4151 4181
f 3319 3851 3437
f 3319 3318 3851
f 4158 3409 3080
f 4158 4157 3409
f 3408 4158 3265
f 4158 4405 3265
f 4156 4405 3803
f 4095 4156 3803
f 4211 4158 3080
f 4157 4158 4211
f 4156 4095 4154
f 4156 4546 4405
f 3802 3804 4157
f 3876 4155 3080
f 4165 4155 3876
f 4212 4153 4152
f 3804 4405 4158
f 4157 3804 4158
f 4213 3267 3266
f 3265 3267 3408
f 4213 3266 4214
f 3266 4405 4214
f 4155 4211 3080
f 4155 4165 4211
f 4215 3572 3574
f 4153 4213 4214
f 4153 4214 4152
f 4214 4405 4152
f 4212 4152 3573
f 4152 4405 3573
f 4212 3573 3572
f 4215 3574 3792
f 3574 4405 3792
f 3793 4405 4440
f 4215 3792 3794
f 3793 3464 3946
f 3793 3794 3464
f 4152 3795 3080
f 3795 4152 4153
f 3464 4440 3946
f 3946 3080 3795
f 3560 3559 4409
f 3866 4121 4111
f 3826 3523 481
f 3335 4163 4166
f 3809 3592 3813
f 3580 3590 3589
f 3335 3866 3779
f 3825 2312 2314
f 3777 3865 3113
f 3833 3113 3523
f 4168 4216 4241
f 3789 3335 3840
f 3580 3474 3926
f 3335 3576 4092
f 3592 4123 3546
f 4111 3865 3866
f 4217 3523 4169
f 3789 3840 3839
f 3849 4241 4015
f 3430 3535 3847
f 4092 4110 4121
f 3809 3813 3886
f 3335 4092 4121
f 3348 4409 4218
f 3809 3886 3810
f 3337 3535 3584
f 3575 4166 4103
f 3841 3834 3778
f 4219 4216 4168
f 3865 3523 3113
f 4110 4111 4121
f 3856 3884 3906
f 3838 4220 3523
f 3848 3592 4219
f 3886 4409 3810
f 3580 4221 3335
f 4219 3592 4188
f 4123 3592 3214
f 3546 4120 3748
f 4241 3810 4409
f 4241 3748 4120
f 3862 3833 3431
f 3783 3560 3885
f 3886 3885 4409
f 4092 481 4110
f 3215 3810 3484
f 4217 4169 4162
f 3102 3535 1707
f 4217 3839 3523
f 4101 3113 4022
f 3855 3884 3856
f 3444 3906 3445
f 3584 4186 3585
f 4266 3568 4222
f 4161 3583 3906
f 4169 3523 4102
f 3848 4219 4168
f 3335 3789 4162
f 4171 4175 4202
f 4797 4127 3539
f 3795 3572 4215
f 3853 3851 4140
f 3313 4171 4202
f 3794 3795 4215
f 3839 4217 3789
f 3861 3431 3883
f 4224 4225 4226
f 4220 3588 3523
f 3355 3887 3356
f 3890 3917 3862
f 3847 3592 3848
f 3838 3523 3839
f 4217 4162 3789
f 3580 3589 4221
f 3535 3582 4227
f 3589 3588 4220
f 3842 3868 3867
f 3430 4015 2313
f 3842 3825 3868
f 3430 3847 4015
f 3823 3523 3858
f 3590 4228 3858
f 3473 3822 3474
f 3823 3833 3523
f 3823 3858 4228
f 3580 3335 3921
f 3847 3535 3592
f 2313 4015 4241
f 3590 3580 4228
f 3858 3523 3588
f 3335 4221 3840
f 3589 4220 4221
f 4102 4166 4163
f 4169 4102 4163
f 3596 3812 4229
f 3562 3850 3857
f 3846 3842 3867
f 3843 3535 3846
f 3846 3867 3844
f 4219 4188 4216
f 4188 3749 4216
f 4216 3749 4241
f 4241 3444 3845
f 3868 2314 4241
f 3838 3840 4221
f 4220 3838 4221
f 3555 3882 3553
f 3600 3449 3854
f 3600 3925 3579
f 4231 4232 4233
f 4189 4190 4234
f 3977 3353 3907
f 3599 3600 3579
f 4227 3583 4161
f 3456 3845 3444
f 4178 3917 3890
f 4236 3596 4229
f 4153 3409 4213
f 3785 3784 3421
f 3390 3970 3391
f 2556 3441 3817
f 3850 3833 4114
f 4237 4238 4239
f 3977 3907 3908
f 3580 3837 4125
f 3759 3914 3364
f 3919 3479 482
f 4296 3370 3507
f 3921 3837 3580
f 4186 3103 3906
f 3473 3833 3822
f 3759 3364 3595
f 3906 3444 4241
f 3583 3445 3906
f 3561 3833 3562
f 3854 3449 3855
f 3456 3535 3843
f 4142 3535 4227
f 3580 3860 3563
f 3845 3844 4241
f 4114 3473 3475
f 3580 4229 3881
f 3580 3475 3474
f 3561 3880 3833
f 3582 3443 3445
f 4240 3353 4192
f 3843 3846 3844
f 3811 4114 3475
f 3580 3926 4228
f 3811 3850 4114
f 3902 4242 3940
f 3850 3811 3857
f 1707 3569 3571
f 3822 3823 3926
f 3844 3867 4241
f 4050 3623 3906
f 3328 3820 4260
f 4243 4223 4244
f 4227 3582 3583
f 3891 4125 3890
f 3823 4228 3926
f 3103 3571 3906
f 3860 3881 3880
f 3860 3580 3881
f 4142 4227 4161
f 3580 3857 3811
f 3921 4189 4234
f 3580 3759 4236
f 3927 4245 4246
f 4192 3353 3593
f 2627 4247 3879
f 4248 4243 4244
f 3102 3103 4186
f 3862 3917 3833
f 3580 3563 3857
f 3812 3833 3880
f 4249 4250 4170
f 3357 3356 4482
f 3087 4251 4252
f 3580 3861 3883
f 3907 3327 3329
f 3902 3940 3916
f 3477 3478 4254
f 4255 3343 3273
f 3963 4456 4256
f 4257 3679 3997
f 3539 4127 3872
f 3961 4223 4259
f 4261 4262 4258
f 3742 3928 483
f 3975 3915 3644
f 3693 3471 3877
f 4036 1776 1778
f 4263 4264 3568
f 3752 3828 3827
f 4265 4190 3917
f 3267 4213 3409
f 4265 3917 3815
f 4267 3859 3493
f 4303 3534 4266
f 3472 4046 3470
f 4007 4046 3472
f 4421 4101 4022
f 3870 3775 3624
f 3571 3570 3906
f 3836 4177 3837
f 3479 4268 482
f 4178 3890 4125
f 1707 3571 3103
f 4008 4046 4007
f 3327 4240 3328
f 3580 3883 3914
f 3906 3579 3925
f 4269 4270 3980
f 3855 3337 3884
f 4014 4296 3931
f 3759 3595 4236
f 3364 3833 3595
f 3593 3733 4050
f 3580 3891 3861
f 3882 3917 4190
f 3938 4276 3920
f 4236 3595 3596
f 3812 3881 4229
f 3734 3870 3624
f 3585 3906 3884
f 3580 4236 4229
f 3869 3630 3666
f 3921 3814 3836
f 3814 4271 3815
f 4032 4033 4246
f 3944 3938 4272
f 4273 3908 4260
f 3882 4189 3553
f 3925 3856 3906
f 3585 4186 3906
f 3600 3854 3925
f 3599 3353 3449
f 3363 3914 3883
f 3814 3921 4271
f 3816 3917 4177
f 3470 3497 3877
f 3431 3363 3883
f 4265 3815 4271
f 3630 4274 3665
f 3976 4273 4275
f 3921 3553 4189
f 3939 3940 4242
f 3927 3604 3651
f 3617 3619 4277
f 3906 4260 4050
f 3863 3981 4014
f 3969 4278 3671
f 4006 3645 4009
f 4223 4279 4280
f 3088 4465 4281
f 4240 3820 3328
f 3593 4050 3821
f 3733 3734 3623
f 4303 4266 3986
f 4283 4284 4285
f 4240 4192 3820
f 3908 3329 4260
f 4234 4190 4265
f 4286 4287 4288
f 4289 3905 3477
f 3943 3923 3922
f 4303 3986 3945
f 4262 4290 4291
f 4192 3821 3820
f 3836 3816 4177
f 4269 3905 3678
f 3327 3353 4240
f 3815 3917 3816
f 3742 4268 3924
f 3976 3977 4273
f 3907 3353 3327
f 3921 4234 4271
f 4050 4260 3821
f 3478 3634 4254
f 3329 3328 4260
f 3593 3353 3733
f 4177 4178 3837
f 4178 4125 3837
f 3921 3742 3902
f 3553 3921 3554
f 3899 3919 483
f 3775 3579 3906
f 3498 3979 4003
f 4268 3479 3480
f 3917 3916 4276
f 4292 4025 4026
f 4234 4265 4271
f 3604 3927 3605
f 3612 3917 3555
f 3977 3908 4273
f 3945 3641 3669
f 3477 4254 4293
f 4274 3976 4275
f 3888 3666 4482
f 4294 4471 4232
f 3496 3877 3497
f 3602 3950 3911
f 3665 4482 3666
f 2627 3798 3581
f 3762 4107 4295
f 4482 3665 4260
f 4062 3667 3654
f 1776 3667 4062
f 4289 4293 3957
f 4297 4298 3690
f 4274 4275 3665
f 4299 4283 4285
f 3172 3173 3960
f 3644 3742 3921
f 3343 4300 3344
f 3921 3903 3613
f 3742 3924 4242
f 4289 3477 4293
f 3902 3916 3903
f 3273 3343 3345
f 3391 3910 3675
f 3618 3956 3958
f 3878 3566 3753
f 4275 4273 4260
f 4269 3678 4270
f 3902 3742 4242
f 4260 3665 4275
f 4274 3353 3976
f 3678 3617 4277
f 3903 3918 3613
f 3742 482 4268
f 482 483 3919
f 3466 3978 3928
f 3921 3613 3554
f 3618 3958 3619
f 3742 3644 3927
f 3903 3916 3918
f 3507 3506 4296
f 3939 3480 4276
f 4268 3480 3924
f 3173 3357 3960
f 3919 4276 3479
f 3630 3353 4274
f 3356 3888 4482
f 3887 3353 3869
f 3927 4272 3742
f 3341 4276 3978
f 4482 4260 3906
f 3353 3887 3355
f 3645 4006 3972
f 4301 3633 3632
f 3943 3927 3923
f 3478 3905 3172
f 3978 4276 3899
f 3173 3905 3353
f 3480 3939 3924
f 3939 4242 3924
f 3387 4022 3922
f 3956 3905 4289
f 3172 3960 3634
f 3370 4296 4302
f 3619 3958 4482
f 3927 3944 4272
f 3678 4277 4270
f 3618 3905 3956
f 3958 3957 4482
f 3458 3863 4014
f 4022 4032 4046
f 3505 4286 3506
f 3693 4003 3694
f 3264 4303 2627
f 4304 4305 4306
f 4245 3342 4032
f 3619 4482 4277
f 3644 3640 3354
f 3742 3466 3928
f 3920 3340 3973
f 3927 3631 4245
f 4005 4010 4307
f 3471 3972 3472
f 4254 3634 4482
f 4033 3605 4246
f 3954 1779 1781
f 3614 4004 3640
f 3693 3927 3636
f 3457 3931 4308
f 3472 3972 4007
f 4307 4302 4296
f 3693 3496 4003
f 3386 4309 3133
f 3937 4022 4276
f 3920 3973 4272
f 3978 3899 3928
f 4301 3632 3694
f 3617 3905 3618
f 3742 4272 3973
f 3922 4022 3937
f 3954 3365 1779
f 3922 3937 3943
f 3937 3944 3943
f 3938 3920 4272
f 4033 3606 3605
f 3957 4293 4482
f 4293 4254 4482
f 3920 4276 3340
f 3742 3465 3466
f 3465 3742 3973
f 3601 4004 3614
f 3980 4270 4296
f 4046 4301 3979
f 3365 3905 3505
f 3927 4246 3605
f 3458 4014 3931
f 3956 4289 3957
f 3944 3937 3938
f 3631 3693 3632
f 4002 4022 3387
f 3979 3694 4003
f 4046 3497 3470
f 3365 4005 1779
f 4005 3365 4010
f 3864 4269 3980
f 4036 3667 1776
f 3873 3930 3874
f 3653 4026 4310
f 4277 4482 4296
f 3863 3864 3981
f 4311 4409 3757
f 4312 4313 4314
f 4315 3953 4000
f 1729 4296 1730
f 2627 4316 3257
f 4317 4310 4355
f 3602 4198 4318
f 3996 3932 4319
f 3910 3892 2363
f 3892 3897 2363
f 1780 4307 4296
f 3640 3693 3354
f 3693 3631 3927
f 3616 4370 3481
f 4245 4032 4246
f 3458 3905 3863
f 4007 4006 4008
f 3644 3915 3927
f 3640 4004 3693
f 3342 4046 4032
f 4046 3498 3497
f 3927 3652 3923
f 4033 4022 3606
f 3693 3645 3471
f 3652 3387 3923
f 3606 4022 4001
f 4270 4277 4296
f 3651 4002 3652
f 4253 4046 4008
f 3604 3606 4001
f 3604 4001 3651
f 3633 3342 3631
f 3342 4245 3631
f 3979 4301 3694
f 3609 4296 4288
f 4008 4009 4253
f 3652 4002 3387
f 3953 3365 3954
f 3359 4308 3360
f 4001 4022 4002
f 4301 4046 3633
f 3864 3905 4269
f 4287 3905 3358
f 3503 4063 4322
f 4323 4045 4324
f 3354 3636 3975
f 3505 3905 4286
f 4023 1728 1730
f 4014 3981 4296
f 4287 3609 4288
f 4286 3905 4287
f 4287 3358 3609
f 3368 3365 3369
f 4024 1730 4355
f 3360 4308 4296
f 3369 3505 3507
f 4023 4325 3667
f 3905 3359 3358
f 4308 3931 4296
f 3359 3457 4308
f 3358 3360 3609
f 3609 3360 4296
f 3369 3507 3370
f 1777 4355 1778
f 4010 4302 4307
f 4325 4326 3667
f 3602 3135 3974
f 4315 4000 1729
f 4062 4317 1777
f 3955 1781 4296
f 3503 4061 3691
f 3482 3627 3991
f 4049 3667 4055
f 3991 3658 3985
f 4284 4159 3371
f 4319 3959 3912
f 4263 3790 4264
f 4224 3371 4225
f 3667 3365 3953
f 3945 4226 2363
f 3669 4040 3670
f 3893 3676 3949
f 3896 4370 3677
f 4064 4069 4065
f 3945 3670 3952
f 4226 4225 2363
f 4329 4330 4331
f 4292 4326 4025
f 4010 3368 4302
f 1728 3667 4315
f 4349 4331 4332
f 4333 4334 4335
f 3667 1728 4023
f 4286 4288 3506
f 4035 4034 4042
f 4025 4338 4355
f 3506 4288 4296
f 4339 4340 4320
f 3663 3283 4297
f 4000 3955 4296
f 4005 4307 1780
f 3368 3370 4302
f 3954 1781 3955
f 1729 4000 4296
f 4062 3654 4317
f 4325 4024 4338
f 3667 4292 3653
f 3667 4326 4292
f 3936 4309 3386
f 4055 4054 4029
f 3539 3482 3985
f 3933 3932 3996
f 3602 3998 4327
f 4342 4035 4343
f 3932 3959 4319
f 4309 3134 3133
f 4338 4024 4355
f 4344 4433 3832
f 1730 4296 4355
f 4315 3667 3953
f 4034 4036 4043
f 4326 4325 4338
f 4325 4023 4024
f 3653 4292 4026
f 1728 4315 1729
f 3645 4324 4321
f 4326 4338 4025
f 3654 3653 4310
f 4345 4370 4028
f 1777 4317 4355
f 4346 3667 4347
f 4013 3691 4044
f 4054 4346 4030
f 4049 4066 4070
f 4328 4333 4348
f 3680 4375 4350
f 4310 4026 4355
f 4351 4352 4353
f 4036 1778 4043
f 4342 4347 3667
f 3654 4310 4317
f 4036 4034 3667
f 4046 4498 4061
f 4047 3667 4049
f 4352 4354 4353
f 4035 4342 3667
f 4343 4355 4356
f 4343 4042 4355
f 4043 1778 4355
f 4347 4342 4356
f 4034 4043 4042
f 4342 4343 4356
f 4347 4356 4357
f 4035 4042 4343
f 4346 4054 3667
f 4346 4347 4357
f 4031 4355 4379
f 4355 4031 4356
f 3503 4013 4012
f 4064 4358 4047
f 3550 4359 4450
f 3481 3936 3935
f 3945 4360 4195
f 4064 4048 4069
f 4350 4375 4361
f 3998 4349 4504
f 4306 4056 4058
f 4038 4327 4504
f 4362 4336 4257
f 3645 4364 4365
f 3681 3680 4366
f 4013 3503 3691
f 4065 4069 4031
f 4054 4030 4029
f 4048 4070 4069
f 4048 4049 4070
f 4030 4357 4031
f 4346 4357 4030
f 4047 4358 4379
f 4047 4048 4064
f 4357 4356 4031
f 4055 4029 4066
f 4029 4031 4066
f 4379 3397 4047
f 4070 4066 4031
f 4065 4031 4358
f 4358 4031 4379
f 4367 4368 4369
f 4074 4079 3703
f 4197 3616 4198
f 3933 3996 3949
f 4371 4330 4329
f 2627 3893 3637
f 3998 3999 4348
f 3679 4375 3680
f 4372 4053 3684
f 3999 4328 4348
f 4373 4336 4362
f 4349 4332 4374
f 4362 4257 4374
f 4504 4349 4361
f 4044 4011 4013
f 4504 4361 4376
f 4044 4498 4011
f 4061 4044 3691
f 4320 4498 4377
f 4041 4063 4012
f 4011 4498 4041
f 4253 4009 4321
f 4378 3390 4039
f 4373 4362 4332
f 3699 4696 3929
f 4051 4382 4383
f 4384 4385 4386
f 4385 4384 4387
f 4075 3710 4389
f 4714 4388 1825
f 4079 4075 4021
f 4388 4019 4389
f 4074 4075 4079
f 4389 4019 4021
f 4389 4021 4075
f 4021 4020 4079
f 3703 4020 4019
f 3703 4019 4388
f 3302 3454 3741
f 3764 3539 4392
f 4427 3300 4108
f 3300 3299 4108
f 3268 3258 4393
f 4391 4394 3268
f 3741 3454 4101
f 4099 4147 4149
f 4395 4218 4396
f 4098 4147 4099
f 4147 4098 4414
f 4397 4398 4135
f 4797 4199 3421
f 4400 4128 4401
f 4128 4402 4401
f 4128 4400 4402
f 4403 4392 4402
f 4399 3539 4128
f 3769 4138 3770
f 4138 3769 4414
f 4138 4404 4139
f 4404 4138 4414
f 3791 3824 4407
f 3762 4529 4107
f 4408 4127 3764
f 3539 4402 4392
f 3190 3728 4530
f 463 3262 4427
f 4106 463 4427
f 4398 4082 4135
f 4450 4082 4398
f 3986 4266 4222
f 4295 4106 4427
f 4106 4295 4107
f 4218 4409 4396
f 3504 4395 3336
f 4411 4400 4401
f 4402 4400 4411
f 3539 4399 4402
f 4403 3764 4392
f 4402 4411 4403
f 4403 4408 3764
f 4408 4403 4411
f 4408 4411 4401
f 3797 3534 3302
f 4413 3963 4256
f 2627 3738 4316
f 4124 4193 4194
f 4409 3411 4421
f 4280 4417 4418
f 3597 3581 3494
f 3785 4202 3647
f 4396 4409 3336
f 4193 4124 4420
f 3504 4422 4423
f 4108 3299 3762
f 4391 4393 4425
f 4117 4119 4426
f 4421 3336 4409
f 463 4529 3262
f 3549 4359 3550
f 4128 4126 4401
f 4126 4128 3539
f 4401 4126 4408
f 4399 4128 4401
f 4402 4399 4401
f 4126 4127 4408
f 4157 3408 3409
f 3798 3495 3581
f 3795 4212 3572
f 4108 4295 4427
f 3762 4295 4108
f 3757 4409 3348
f 4429 3518 4415
f 4420 4409 4416
f 4430 4431 4282
f 4423 4416 4432
f 3336 4395 4396
f 3756 4311 3757
f 3504 4421 4433
f 4416 4409 4432
f 3504 4423 3988
f 3784 4089 3421
f 4434 4433 4435
f 4191 3755 3348
f 4196 4344 4436
f 4413 3961 3963
f 3504 4193 4422
f 4420 4167 4409
f 4194 4117 4426
f 3831 4167 4436
f 4298 4437 4438
f 3315 3314 3771
f 4439 3564 3878
f 4212 3795 4153
f 3539 3519 3772
f 4165 4154 4211
f 4441 3968 4316
f 3597 3494 3483
f 4395 3504 4191
f 4431 4241 4282
f 3755 3757 3348
f 4436 4167 3460
f 3987 3988 4443
f 3798 3859 3495
f 4291 4159 4444
f 4244 4445 4446
f 3348 4218 4191
f 4423 4422 4416
f 4124 4167 4420
f 3113 3833 4022
f 4118 4117 3504
f 4218 4395 4191
f 3504 3987 3756
f 3988 4432 4443
f 3756 3987 4311
f 4447 4167 4119
f 4422 4420 4416
f 3988 4423 4432
f 3987 4443 4311
f 3462 4433 3459
f 4432 4409 4443
f 4443 4409 4311
f 4422 4193 4420
f 4433 4243 4448
f 3459 4196 3460
f 4529 4658 3262
f 3437 4797 4230
f 4433 3463 4118
f 4449 4290 4262
f 3313 3787 3314
f 4175 3647 4202
f 3519 3315 3771
f 3771 3772 3519
f 3876 4150 4181
f 3772 3771 3314
f 4157 4211 3802
f 4089 4088 3421
f 3721 2556 3817
f 4266 4451 3568
f 3893 3392 3674
f 4282 4241 3830
f 3798 3493 3859
f 3797 4266 3534
f 2627 3534 3738
f 4241 4409 4167
f 4433 4448 4452
f 3461 4167 472
f 4453 4241 4454
f 4448 4453 4454
f 4118 4447 4119
f 3462 3461 472
f 3463 472 4447
f 4426 4124 4194
f 4259 3774 3962
f 4426 4167 4124
f 4248 4241 4453
f 4119 4167 4426
f 4433 4344 4196
f 4435 4455 3646
f 4344 3831 4436
f 4418 4456 4457
f 4458 4282 3830
f 4454 4241 4455
f 3462 3459 3461
f 4196 4436 3460
f 3831 4241 4167
f 472 4167 4447
f 3831 4344 3832
f 4118 3463 4447
f 4452 4454 4455
f 3504 4117 4194
f 4433 4458 3832
f 4264 3791 4222
f 4455 4241 3646
f 4434 3646 4431
f 4264 3790 3791
f 3338 4185 4459
f 3738 4441 4316
f 3423 3421 4088
f 3264 3594 4460
f 4410 4797 3421
f 3892 3910 4040
f 3423 4201 3889
f 4211 4095 3802
f 2627 4438 3594
f 3829 4449 4261
f 4461 3900 4195
f 4460 3283 4303
f 4258 4291 4235
f 3257 4267 3493
f 4449 4262 4261
f 4407 4159 4439
f 3568 4264 4222
f 3738 3534 3283
f 3859 4267 3283
f 3986 3878 3753
f 4267 3968 3283
f 3338 4459 3773
f 4251 4470 4462
f 4463 4239 4464
f 3961 4259 3962
f 4243 4248 4453
f 4433 4434 4430
f 4448 4243 4453
f 3483 3283 1705
f 3283 3534 4303
f 4159 3565 4439
f 3565 3564 4439
f 4276 3833 3917
f 4433 4452 4435
f 3832 4458 3830
f 4458 4430 4282
f 3646 4241 4431
f 4435 4452 4455
f 4452 4448 4454
f 4434 4435 3646
f 4185 4457 4459
f 4430 4458 4433
f 4445 4256 4446
f 4115 3338 3773
f 4223 4115 4259
f 4430 4434 4431
f 4259 4115 3774
f 4223 4466 4279
f 3753 3752 3827
f 3494 3283 3483
f 3879 3663 3136
f 3664 3663 3879
f 3663 4297 3136
f 3797 4451 4266
f 3945 3273 3345
f 3797 3824 4451
f 3565 4159 3752
f 4316 3968 3257
f 3833 4276 4022
f 4437 4298 3283
f 4433 4223 4243
f 3906 4241 4465
f 4418 4457 4469
f 3774 4456 3962
f 4446 4248 4244
f 3828 4159 3829
f 3738 3283 4441
f 3790 4263 4451
f 3824 3790 4451
f 4223 3338 4115
f 4223 4470 4251
f 4223 4445 4244
f 4446 4241 4248
f 4256 4456 4446
f 4445 4413 4256
f 4223 4280 4469
f 3962 4456 3963
f 4223 3961 4413
f 4433 4421 4223
f 4363 4465 4417
f 4421 4379 4223
f 4457 4185 4469
f 4469 4280 4418
f 4223 4413 4445
f 4279 4363 4417
f 3086 3088 4281
f 4280 4279 4417
f 4241 4446 4456
f 4457 4456 4459
f 4459 4456 3773
f 4465 4241 4456
f 3087 3086 4223
f 4250 4472 4468
f 4472 4473 4468
f 3986 4222 4442
f 4290 4159 4291
f 3791 4407 4442
f 4474 3664 4247
f 3986 3827 3829
f 4262 4291 4258
f 1706 4474 4247
f 4255 4300 3343
f 3968 4267 3257
f 4378 3970 3390
f 4451 4263 3568
f 4222 3791 4442
f 2627 1706 4247
f 3945 3986 4360
f 3986 4261 4258
f 3986 4299 4285
f 4300 4255 3272
f 3371 4300 3272
f 3986 4258 4235
f 3968 4441 3283
f 3986 3753 3827
f 3986 4442 4439
f 4223 4251 3087
f 4185 4223 4469
f 4279 4466 4363
f 4281 4465 4475
f 4467 4278 3969
f 4466 4476 4475
f 4417 4465 4418
f 4298 4297 3283
f 3283 4460 4437
f 3897 3898 3641
f 4472 4477 4473
f 4473 4471 4468
f 4470 4472 4250
f 4223 3086 4476
f 4466 4475 4363
f 4456 4418 4465
f 4466 4223 4476
f 4475 4465 4363
f 4251 4478 4252
f 3087 4252 3088
f 3906 4465 4471
f 4476 4281 4475
f 4379 4486 4223
f 4252 4465 3088
f 4476 3086 4281
f 4477 4463 4464
f 4478 4471 4465
f 4478 4465 4252
f 4470 4237 4463
f 4470 4250 4249
f 4159 4290 3829
f 4290 4449 3829
f 4040 3910 3951
f 3910 3970 3952
f 3970 4378 3952
f 4283 4159 4284
f 3264 4460 4303
f 4478 4251 4462
f 4438 4437 3594
f 3344 3371 4467
f 3824 3797 4159
f 3344 4467 4479
f 4300 3371 3344
f 4225 3371 3910
f 2627 3690 4438
f 4407 3824 4159
f 3912 3959 3894
f 3986 4439 3878
f 4247 3664 3879
f 4444 4159 4283
f 4442 4407 4439
f 3272 4255 3273
f 3664 4474 3283
f 4437 4460 3594
f 1705 3283 4474
f 3986 4285 4360
f 3690 4298 4438
f 3136 4297 3690
f 1706 1705 4474
f 4291 4444 4235
f 3986 3829 4261
f 3900 3371 3272
f 3974 3677 4052
f 4480 4478 4462
f 4470 4249 4462
f 4284 4461 4360
f 4238 4471 4239
f 3964 4224 3672
f 4472 4470 4477
f 4284 3371 4461
f 4039 3390 3392
f 4235 4444 4299
f 4471 4478 4480
f 4477 4464 4473
f 4237 3941 4238
f 4239 4471 4464
f 4462 4249 4480
f 3941 4481 4238
f 4481 4471 4238
f 4486 4484 4485
f 4233 4471 4481
f 4463 4237 4239
f 4468 4471 4170
f 4249 4170 4480
f 4486 4231 3942
f 4170 4471 4480
f 3942 4231 4233
f 4470 4223 4486
f 4250 4468 4170
f 4470 3941 4237
f 4470 4486 3941
f 4470 4463 4477
f 4464 4471 4473
f 4486 4485 4231
f 4355 4486 4379
f 3945 4195 3272
f 3685 4345 3385
f 3641 3898 3669
f 4195 3900 3272
f 3672 4224 4226
f 4360 4461 4195
f 3602 3893 3950
f 4461 3371 3900
f 4285 4284 4360
f 4278 3964 3671
f 3945 2363 3641
f 3945 3672 4226
f 3893 2627 4303
f 3945 3345 4479
f 4339 4320 4364
f 3615 3959 4370
f 4444 4283 4299
f 4159 3797 3910
f 3371 4159 3910
f 3986 4235 4299
f 3945 3893 4303
f 3345 3344 4479
f 4484 4483 4294
f 4233 4481 3942
f 4278 3371 3964
f 4481 3941 3942
f 3602 3894 3603
f 4485 4294 4232
f 3898 4040 3669
f 3906 4471 4482
f 4483 4486 4482
f 4485 4484 4294
f 4484 4486 4483
f 4231 4485 4232
f 4486 4296 4482
f 4483 4482 4471
f 4483 4471 4294
f 4232 4471 4233
f 3898 3892 4040
f 3481 4370 3936
f 3964 3371 4224
f 3893 3674 3676
f 3671 3964 3672
f 4225 3910 2363
f 4467 3371 4278
f 3670 3951 3952
f 3797 4370 3910
f 2363 3897 3641
f 3895 3615 4197
f 3945 4479 3969
f 4479 4467 3969
f 3391 3675 3674
f 3895 4197 3603
f 3135 3896 3974
f 3602 4318 3935
f 4797 3539 3985
f 3602 4383 4372
f 3893 4039 3392
f 3932 3910 3959
f 4354 4352 4488
f 3602 3911 3894
f 3893 3945 3952
f 3950 4319 3911
f 3996 4319 3950
f 4319 3912 3911
f 3675 3910 3676
f 3952 4378 4039
f 3894 3895 3603
f 3602 3603 4198
f 3645 4323 4324
f 4309 4370 3134
f 4045 4489 4324
f 4364 4320 4377
f 4334 4336 4337
f 3134 3896 3135
f 3998 3385 3971
f 4332 4362 4374
f 4028 4370 4328
f 3893 3602 4327
f 3378 3362 3637
f 4382 4370 4053
f 3602 3386 3133
f 4370 4336 4333
f 3602 3133 3135
f 3910 4370 3959
f 3637 3893 4327
f 4318 3481 3935
f 4197 3615 3616
f 3602 3974 4052
f 3602 3935 3386
f 3362 2627 3637
f 3936 4370 4309
f 3616 3481 4318
f 4198 3616 4318
f 4045 4046 4489
f 4323 3645 4493
f 4331 4373 4332
f 4494 4351 4495
f 4496 4337 4304
f 4489 4321 4324
f 4330 4336 4373
f 3385 4345 3971
f 4497 4322 4063
f 4371 4336 4330
f 3677 4370 4051
f 4499 4046 4045
f 4489 4253 4321
f 4364 4377 4365
f 4355 4296 4486
f 3645 4321 4009
f 3874 3930 3993
f 3994 3993 3930
f 3872 3994 3930
f 3994 3872 3985
f 4382 4053 4372
f 4058 4057 4501
f 4052 4051 4383
f 3998 3684 3385
f 3602 4052 4383
f 4053 3685 3684
f 4349 4366 4361
f 3998 4496 4304
f 4051 4370 4382
f 4383 4382 4372
f 3602 4372 3684
f 3380 3638 4327
f 3645 4339 4364
f 4333 4336 4334
f 4345 4028 3971
f 3685 4370 4345
f 4053 4370 3685
f 3998 3602 3684
f 3998 3971 3999
f 4028 4328 3999
f 4328 4370 4333
f 4337 4305 4304
f 4057 4371 4501
f 4377 4502 4365
f 3503 4495 4353
f 4339 4503 4340
f 4041 4497 4063
f 4502 4046 4499
f 4340 4498 4320
f 4323 4499 4045
f 3645 3503 4354
f 4502 4493 4365
f 4489 4046 4253
f 4323 4493 4499
f 4502 4499 4493
f 3645 4365 4493
f 4377 4046 4502
f 4046 4377 4498
f 4497 4494 4322
f 4488 4340 4503
f 4041 4498 4497
f 4497 4498 4494
f 4327 3998 4504
f 4349 4501 4329
f 4351 4498 4352
f 3998 4304 4306
f 4305 4336 4056
f 3998 4348 4335
f 4348 4333 4335
f 4337 4336 4305
f 4335 4334 4496
f 4334 4337 4496
f 3998 4058 4501
f 3998 4335 4496
f 3998 4306 4058
f 4057 4336 4371
f 4257 4375 3679
f 3680 4350 4366
f 4305 4056 4306
f 4349 3998 4501
f 4056 4336 4057
f 4501 4371 4329
f 4330 4373 4331
f 4349 4329 4331
f 4351 4353 4495
f 4022 4046 4061
f 4494 4498 4351
f 4339 3645 4503
f 4495 3503 4322
f 3503 4353 4354
f 4495 4322 4494
f 4354 4488 4503
f 3645 4354 4503
f 4352 4498 4488
f 4488 4498 4340
f 4361 4375 4376
f 4375 4370 4380
f 4336 4375 4257
f 4349 3997 3681
f 4374 4257 3997
f 4349 4374 3997
f 4370 4375 4336
f 4349 3681 4366
f 4366 4350 4361
f 4504 4376 4375
f 4380 3650 4375
f 4504 4375 3650
f 3699 3929 4696
f 3219 4388 4389
f 4714 3219 4389
f 4506 4505 4507
f 4389 3397 4615
f 4615 4506 4508
f 4388 3698 3703
f 4615 3397 4505
f 4508 4506 4507
f 4506 4615 4505
f 4615 4626 4509
f 4510 4511 4512
f 4511 4510 4513
f 4514 4515 4516
f 4450 4517 4518
f 4149 4519 4173
f 3302 4521 4733
f 3517 4520 4415
f 4530 4394 4391
f 4425 4412 4530
f 4391 3268 4393
f 4083 4515 4084
f 612 4522 4523
f 4524 4525 4450
f 4098 3519 4414
f 3518 3517 4415
f 4526 4527 4528
f 4684 4527 4526
f 4412 3258 3190
f 4530 4391 4425
f 4393 3258 4425
f 4429 4415 4520
f 4419 4429 4520
f 3517 3741 4520
f 4394 3190 3268
f 4394 4530 3190
f 4530 4412 3190
f 3258 4412 4425
f 4154 4095 4211
f 4531 4532 4533
f 4414 3304 4440
f 4440 4450 4414
f 4450 4534 4516
f 4535 3788 4424
f 4531 4533 4536
f 4450 4537 4536
f 4440 4538 4450
f 4797 4410 4230
f 4131 4230 4410
f 3889 4179 4187
f 4540 4650 4541
f 4173 4652 4204
f 4519 4149 4148
f 4183 4182 4134
f 3770 4139 4173
f 4538 4440 4405
f 3539 3304 3519
f 4131 3467 3552
f 4542 3550 4450
f 3768 4519 4543
f 3768 3770 4173
f 4544 4405 4097
f 4450 4545 4096
f 4204 4137 4179
f 3318 3317 3851
f 4519 4148 4543
f 4359 3549 4535
f 4165 3876 4144
f 3768 4543 3769
f 3769 4543 4414
f 3851 3819 4140
f 4131 4200 3467
f 3876 4181 4144
f 4207 3817 3440
f 3851 3317 3819
f 3080 3437 3876
f 4132 3889 4187
f 3731 4183 4134
f 3728 4662 4551
f 4176 4131 3552
f 4200 4131 4132
f 4176 3731 4134
f 3946 3437 3080
f 3853 4150 3876
f 4547 4548 4549
f 3817 3441 3440
f 4208 3737 3732
f 4684 4526 4554
f 4526 4555 4554
f 4556 4557 4558
f 4440 4797 3946
f 4559 4560 4314
f 4313 4559 4314
f 4313 4560 4559
f 4563 4492 4564
f 4487 4492 4563
f 4565 4566 4588
f 4567 4568 4569
f 4370 3797 4380
f 4684 4570 4571
f 4570 4572 4571
f 4573 4574 4575
f 4576 4555 4560
f 4577 4566 4565
f 4578 4579 4580
f 4579 4578 4487
f 4367 4369 4581
f 4684 4367 4581
f 4421 4022 4379
f 4515 4083 4516
f 4582 4575 4583
f 4584 4312 4585
f 4684 4584 4585
f 4568 4586 4562
f 4564 4569 4588
f 4590 4591 3514
f 4595 4596 4597
f 3514 4598 4599
f 4601 4602 4688
f 4572 4603 4604
f 4684 4605 4367
f 4605 4368 4367
f 4600 4607 4608
f 4607 4609 4608
f 3705 4601 4688
f 4555 4528 4560
f 4610 4611 4612
f 4487 4577 4579
f 4577 4565 4579
f 4061 4379 4022
f 4616 4617 4618
f 4619 4620 4621
f 4620 4619 3520
f 4626 4622 4623
f 4388 4720 3698
f 4624 4505 4625
f 3698 4720 4379
f 4536 4533 4450
f 4505 4509 4626
f 4505 4379 4509
f 4775 4628 4629
f 4714 4727 4380
f 4714 4380 4720
f 4388 4714 4720
f 4615 4627 4622
f 4615 4622 4626
f 4389 4615 4714
f 4622 4625 4623
f 4624 4507 4505
f 4615 4508 4627
f 4622 4627 4625
f 4627 4624 4625
f 4615 4509 4714
f 4714 4509 4379
f 4625 4505 4623
f 4508 4507 4624
f 4627 4508 4624
f 4626 4623 4505
f 4628 4081 4594
f 3788 3548 4633
f 4160 4517 3799
f 4635 4636 4523
f 4404 3401 4139
f 4081 3450 4594
f 4629 4523 4775
f 4521 3302 4733
f 612 611 4522
f 1655 4732 4733
f 4633 4637 3788
f 3788 4638 4532
f 4518 4542 4450
f 3548 3788 3549
f 4641 4642 4643
f 4359 4537 4450
f 4542 3548 3550
f 4628 610 4629
f 4424 3788 4531
f 4429 4419 4634
f 3741 3517 4634
f 4419 4520 3741
f 3728 3190 4530
f 4517 4160 4637
f 4538 4405 4406
f 4537 4535 4424
f 3549 3788 4535
f 4139 3401 4173
f 4450 4516 4083
f 4533 4524 4450
f 4160 3788 4637
f 4515 4514 4405
f 4525 4638 3402
f 4544 4096 4545
f 3402 4645 4525
f 4414 4543 4148
f 4532 4531 3788
f 4536 4424 4531
f 4207 4208 3732
f 621 4429 4634
f 3518 4429 621
f 3741 4634 4419
f 4550 5144 4739
f 4450 3799 4517
f 4397 4545 4398
f 4397 4405 4544
f 4397 4544 4545
f 4097 3788 3801
f 4645 3402 3401
f 3519 3304 4414
f 4637 4518 4517
f 4544 4097 4096
f 4099 4149 4173
f 3768 4173 4519
f 4359 4535 4537
f 4424 4536 4537
f 4099 4173 3519
f 4398 4545 4450
f 4645 4450 4525
f 4524 4638 4525
f 3788 3402 4638
f 3788 4173 3402
f 4524 4532 4638
f 4532 4524 4533
f 4645 4404 4414
f 4645 4414 4450
f 3401 4404 4645
f 4637 4633 4518
f 4397 4135 4405
f 3801 3788 4160
f 3548 4542 4633
f 4518 4633 4542
f 4547 4534 4538
f 4548 4547 4647
f 4405 3788 4097
f 4450 4538 4534
f 4514 4516 4534
f 4549 4405 4514
f 4406 4548 4647
f 4634 3741 4421
f 4421 3741 4634
f 3262 3728 4757
f 3262 4757 3728
f 4648 4662 4649
f 4549 4514 4534
f 4548 4406 4405
f 4650 4639 4790
f 4549 4534 4547
f 4405 4549 4548
f 4406 4647 4538
f 3309 4210 3308
f 4647 4547 4538
f 4515 4405 4084
f 3728 4109 4427
f 4553 4653 4654
f 3737 4206 3732
f 3262 3728 4427
f 4662 4648 4653
f 3304 3539 4797
f 3721 4134 4182
f 3728 3262 4757
f 3428 3728 4551
f 4551 3767 3428
f 3817 3437 4230
f 4405 4546 3788
f 3318 3308 3031
f 4655 4656 4657
f 2596 4757 3262
f 3334 3428 3767
f 3308 3611 3031
f 4797 3437 3946
f 4210 3611 3308
f 3309 3732 4206
f 4660 4661 4593
f 4799 4660 4593
f 2596 3262 4658
f 4663 4616 4618
f 4663 4730 4616
f 4579 4565 4580
f 3250 4551 560
f 4487 4561 4659
f 4561 4586 4659
f 4757 560 4487
f 5144 4827 5241
f 4667 4668 4669
f 4551 4487 560
f 4670 4671 4668
f 4492 4569 4564
f 4672 4564 4588
f 4664 4487 4551
f 4673 4672 4566
f 4569 4568 4562
f 4577 4673 4566
f 4487 4673 4577
f 4664 4671 4670
f 4487 4664 4670
f 4664 4551 4490
f 4669 4668 4671
f 4561 4669 4562
f 4586 4561 4562
f 4586 4669 4561
f 4490 4588 4552
f 4674 4667 4561
f 4487 4674 4561
f 4659 4586 4568
f 4487 4670 4674
f 4670 4668 4674
f 4584 4313 4312
f 4604 4683 4675
f 4684 4581 4610
f 4581 4611 4610
f 4676 4588 4587
f 4684 4559 4584
f 4559 4313 4584
f 4561 4667 4586
f 4567 4659 4568
f 4487 4659 4567
f 4669 4664 4588
f 4669 4671 4664
f 4664 4552 4588
f 4552 4664 4671
f 4586 4667 4669
f 4674 4668 4667
f 4580 4565 4588
f 4563 4564 4672
f 4487 4567 4492
f 4567 4569 4492
f 4581 4369 4611
f 4557 4312 4314
f 4487 4563 4673
f 4563 4672 4673
f 4527 4677 4528
f 4684 4578 4527
f 4578 4677 4527
f 4678 4679 4602
f 4313 4576 4560
f 4680 4689 4682
f 4369 4368 4588
f 4559 4576 4313
f 4677 4580 4588
f 4578 4580 4677
f 4554 4555 4576
f 4585 4312 4557
f 4588 4487 4684
f 4526 4528 4555
f 4487 4578 4684
f 4684 4491 4606
f 4491 4676 4606
f 4559 4554 4576
f 4684 4554 4559
f 4556 4558 4491
f 4684 4556 4491
f 4676 4558 4588
f 4606 4676 4587
f 4688 4575 4675
f 4574 4685 4675
f 4588 4683 4589
f 4570 4603 4572
f 4686 4680 4682
f 4606 4587 4605
f 4684 4606 4605
f 4491 4558 4676
f 4600 4687 4573
f 4687 4574 4573
f 4557 4314 4588
f 4684 4585 4556
f 4585 4557 4556
f 4611 4369 4588
f 4558 4557 4588
f 4605 4587 4368
f 4681 4612 4603
f 4610 4612 4681
f 4684 4610 4681
f 4368 4587 4588
f 4684 4681 4570
f 4681 4603 4570
f 4612 4611 4588
f 4684 4571 4600
f 4589 4612 4588
f 4684 4600 4696
f 4609 4688 4679
f 4575 4574 4675
f 4757 4689 2452
f 4686 4682 4692
f 4600 4678 4693
f 4678 4602 4693
f 4693 4601 4613
f 4600 4693 4613
f 4573 4575 4582
f 4600 4573 4582
f 4613 4601 3705
f 4600 4613 4696
f 4613 3705 4696
f 4607 4583 4609
f 4604 4610 4683
f 4604 4612 4610
f 4604 4603 4612
f 4571 4572 4685
f 4687 4685 4574
f 4609 4583 4688
f 4608 4609 4679
f 4693 4602 4601
f 4610 4589 4683
f 4589 4610 4612
f 4582 4583 4607
f 4600 4582 4607
f 4571 4685 4687
f 4600 4571 4687
f 4608 4679 4678
f 4600 4608 4678
f 4685 4572 4604
f 4583 4575 4688
f 4685 4571 4675
f 4571 4604 4675
f 4604 4571 4685
f 4602 4679 4688
f 4661 4660 4749
f 4614 4799 4690
f 4683 4696 3705
f 4661 4697 4593
f 4730 4698 4616
f 4701 4702 3514
f 4701 4703 4702
f 4694 4704 4700
f 4705 4706 4707
f 4705 4699 4706
f 4709 4651 4710
f 4631 4711 4655
f 4712 4663 4618
f 3514 4599 4384
f 4591 4617 4713
f 4511 4711 4512
f 4714 4630 4715
f 4695 4660 4799
f 4718 4706 4709
f 4706 4699 4709
f 4799 4697 4690
f 4706 4718 4707
f 4722 4711 4511
f 4592 4705 4707
f 4705 4592 4699
f 4723 4722 4699
f 4718 4709 4710
f 4720 4699 4592
f 4718 4724 4707
f 4379 4505 3397
f 4725 4714 4715
f 4715 4726 4725
f 4717 4704 4694
f 4716 4721 4717
f 4630 4720 4592
f 4727 4720 4380
f 4720 4727 4714
f 4698 4617 4616
f 4728 4510 4714
f 4510 4728 4513
f 4631 4657 3514
f 4710 4513 4729
f 4657 4590 3514
f 4590 4657 4656
f 4720 4630 4714
f 4707 4724 4592
f 4630 4724 4715
f 4724 4630 4592
f 4722 4723 4712
f 4724 4726 4715
f 4726 4724 4718
f 4714 4725 4728
f 4341 2452 4700
f 4656 4655 4618
f 4720 4714 4379
f 4513 4699 4511
f 4726 4718 4729
f 4718 4710 4729
f 4729 4513 4728
f 4775 4081 4628
f 4081 4775 3450
f 4628 4594 610
f 3450 4632 4381
f 611 3450 4522
f 4523 4636 4775
f 4629 612 4523
f 4522 4635 4523
f 4428 4739 4639
f 4594 611 610
f 610 612 4629
f 4594 3450 611
f 2988 4734 2989
f 3450 4635 4522
f 4739 4428 4738
f 4739 4736 4641
f 4827 4737 4539
f 4736 4642 4641
f 4540 4738 4428
f 4643 4541 4641
f 4643 4540 4541
f 4738 4736 4739
f 4738 4540 4643
f 4650 4540 4428
f 4550 4641 4541
f 4642 4738 4643
f 4738 4642 4736
f 4550 4739 4641
f 4739 4790 4639
f 3520 4732 4620
f 4740 4553 4654
f 4757 3728 4500
f 4654 4741 4740
f 4741 4648 4649
f 3728 4740 4649
f 3728 4500 4740
f 4553 4500 4487
f 4500 4553 4740
f 4662 4653 4553
f 4739 5144 5241
f 4652 4173 3788
f 3728 4487 4500
f 4662 3728 4649
f 4654 4653 4648
f 4654 4648 4741
f 4741 4649 4740
f 4551 4662 4553
f 4553 4487 4551
f 4551 4487 4588
f 4562 4588 4569
f 4799 4797 4695
f 4689 4743 4744
f 4753 4745 4746
f 4747 4748 4680
f 4562 4669 4588
f 4552 4671 4490
f 4551 4588 4490
f 4664 4490 4671
f 4704 4341 4700
f 4750 4751 4752
f 4692 4682 4744
f 4588 4560 4528
f 4672 4588 4566
f 4588 4314 4560
f 4751 4689 4748
f 4745 4753 4689
f 4754 4743 4755
f 4752 4748 4747
f 4588 4757 4684
f 4683 4688 4675
f 4677 4588 4528
f 4723 4663 4712
f 4723 4730 4663
f 4746 4745 4758
f 4752 4751 4748
f 4755 4756 4691
f 4747 4680 4686
f 4692 4744 4754
f 4716 4719 4721
f 4746 4750 4753
f 4750 4752 4753
f 4755 4743 4756
f 4691 4756 4757
f 4746 4758 4750
f 4756 4743 4689
f 4753 2452 4689
f 4750 4758 4751
f 4748 4689 4680
f 4754 4744 4743
f 4686 4692 4691
f 4747 4686 4691
f 4752 4747 4691
f 4692 4754 4691
f 4754 4755 4691
f 4757 4588 4684
f 4683 3705 4688
f 4751 4758 4689
f 4689 4758 4745
f 4744 4682 4689
f 4689 4757 4756
f 4684 4696 4588
f 4588 4696 4683
f 4695 4690 4749
f 4690 4697 4749
f 4614 4690 4695
f 4697 4799 4593
f 4695 4749 4660
f 4749 4697 4661
f 4596 4760 4761
f 4725 4729 4728
f 4729 4725 4726
f 4691 2452 4753
f 4721 4341 4704
f 4700 2452 4957
f 4762 4719 4716
f 4341 4719 4762
f 4719 4341 4721
f 4721 4719 4717
f 4719 4704 4717
f 4704 4719 4721
f 2452 4341 4762
f 4595 4730 4596
f 4512 4631 3514
f 4631 4512 4711
f 4513 4651 4699
f 4763 4597 4761
f 4723 4699 4730
f 4709 4699 4651
f 4384 4599 4387
f 3514 4510 4512
f 4714 4510 3514
f 4730 4699 4720
f 4591 4598 3514
f 4591 4713 4598
f 4716 4717 4694
f 4713 4617 4698
f 4655 4712 4618
f 4590 4617 4591
f 4617 4590 4656
f 4722 4511 4699
f 4651 4513 4710
f 4711 4722 4655
f 4722 4712 4655
f 4598 4763 4599
f 4713 4763 4598
f 4657 4631 4655
f 4617 4656 4618
f 4599 4763 4387
f 3514 4384 4386
f 4760 4708 4765
f 4386 4766 3514
f 4767 4766 4386
f 4761 4760 4765
f 4428 4639 4650
f 4775 4381 4632
f 4644 4769 2988
f 4620 4732 4772
f 4775 4734 4769
f 4521 4733 4865
f 3450 4775 4632
f 2988 4769 4734
f 4644 4381 4769
f 2989 4636 4635
f 4734 4636 2989
f 4775 4636 4734
f 4775 4769 4381
f 3450 4644 2988
f 4644 3450 4381
f 3450 2989 4635
f 4770 4779 4771
f 4733 4732 3520
f 4620 4772 4621
f 4737 4776 4777
f 4732 1655 4521
f 4550 4541 4790
f 4827 4539 5129
f 4776 4827 4646
f 4737 4777 4778
f 3728 4757 4500
f 4541 4650 4790
f 4827 5144 4646
f 4737 4778 4782
f 4782 4783 4539
f 4782 4778 4783
f 4778 4777 4783
f 4827 4776 4737
f 4782 4539 4737
f 4776 4646 4777
f 4784 4785 4735
f 4786 4787 4788
f 4789 4772 4735
f 4791 4789 4735
f 4791 4773 4789
f 4500 3728 3539
f 4739 5241 4790
f 4827 4742 5241
f 4793 4794 4830
f 4793 4795 4794
f 4387 4763 4761
f 4798 4785 4784
f 4752 4691 4753
f 4695 4797 4614
f 4614 4797 4799
f 4702 4800 3514
f 4694 4700 4848
f 4716 4694 4848
f 4762 4716 4848
f 2452 4762 4848
f 4720 4973 4731
f 4597 4596 4761
f 4760 4596 4730
f 4698 4595 4597
f 4730 4595 4698
f 4708 4760 4730
f 4731 4730 4720
f 4767 4765 4708
f 4387 4761 4385
f 4761 4765 4385
f 4766 4767 4803
f 4730 4803 4708
f 4767 4385 4765
f 4713 4698 4763
f 4698 4597 4763
f 4767 4708 4803
f 4804 4803 4730
f 4767 4386 4385
f 3514 4766 4805
f 4766 4803 4805
f 4805 4803 4804
f 4666 4806 4807
f 4806 4808 4807
f 4805 4701 3514
f 4805 4804 4701
f 4702 4809 4800
f 4702 4703 4809
f 4703 4804 4730
f 4703 4701 4804
f 4810 4811 4806
f 4811 4810 4812
f 3514 4800 4810
f 4800 4812 4810
f 4809 4703 4730
f 4730 4811 4812
f 4785 4798 3520
f 4798 4768 3520
f 4789 4773 4621
f 4784 4772 4768
f 3520 4768 4640
f 3520 4773 4791
f 4770 4847 4779
f 4732 4521 4823
f 4814 4779 4815
f 4774 4816 4781
f 4781 4815 4779
f 4621 4772 4789
f 4785 4791 4735
f 4640 4768 4772
f 3520 4791 4785
f 4813 4818 4814
f 4818 4813 4774
f 3520 4619 4773
f 4619 4621 4773
f 4781 4816 4815
f 4816 4813 4815
f 4813 4816 4774
f 4815 4813 4814
f 4798 4784 4768
f 4733 4774 4781
f 4735 4772 4784
f 4913 4786 4819
f 4786 4788 4819
f 4774 4733 3520
f 5129 4539 4646
f 4820 4821 4822
f 4779 4865 4781
f 4865 4733 4781
f 5144 5129 4646
f 4539 4783 4646
f 4824 4825 4826
f 4913 4824 4826
f 5129 5144 4917
f 4646 4783 4777
f 4828 4820 4792
f 4742 4828 4792
f 4868 4793 4827
f 4742 4792 4877
f 4779 4847 4829
f 4794 4795 4822
f 4821 4794 4822
f 4793 4830 4827
f 4830 4828 4742
f 4830 4794 4821
f 4827 4830 4742
f 4828 4821 4820
f 4821 4828 4830
f 4834 4831 4832
f 4831 4833 4832
f 4757 3262 2452
f 4757 2452 3262
f 4913 4836 4837
f 4836 4838 4837
f 4691 4757 2452
f 4839 4840 5018
f 4841 4842 4843
f 5241 2452 4848
f 4848 4700 4801
f 4727 4759 4845
f 4759 4727 5006
f 4849 4850 4731
f 3514 4810 4666
f 4852 4665 4666
f 4666 4802 4852
f 4802 4850 4852
f 4808 4731 4853
f 4851 4665 4849
f 4854 4851 4731
f 4811 4730 4731
f 4850 4849 4852
f 4849 4665 4852
f 4727 4845 4844
f 4845 4855 4844
f 4807 4802 4666
f 4807 4853 4802
f 4853 4807 4808
f 4810 4806 4666
f 4800 4809 4812
f 4809 4730 4812
f 4811 4731 4808
f 4806 4811 4808
f 4665 4854 4666
f 4665 4851 4854
f 4853 4731 4850
f 4849 4731 4851
f 4854 4857 4666
f 4802 4853 4850
f 4859 4771 4779
f 4814 4860 4779
f 4861 4847 4770
f 4847 4861 4774
f 5032 4862 4863
f 4862 4864 4863
f 4732 4640 4772
f 4860 4796 4859
f 4859 4780 4771
f 4859 4779 4860
f 4847 4774 4829
f 4732 4823 4640
f 4779 4829 4865
f 4814 4818 4860
f 4640 4774 3520
f 4780 4861 4771
f 4861 4780 4774
f 4818 4796 4860
f 4796 4818 4774
f 4796 4780 4859
f 4774 4780 4796
f 4771 4861 4770
f 5371 4823 4521
f 4917 5144 4817
f 4521 4865 5032
f 4829 4866 4913
f 5144 4550 5024
f 4913 4819 4836
f 4819 4867 4836
f 4866 4829 4787
f 4829 4858 4787
f 5024 4550 4790
f 4500 3539 3728
f 4820 4822 4868
f 4797 4440 3304
f 4795 4793 4868
f 4869 4870 4950
f 4822 4795 4868
f 5241 4742 4877
f 4877 4792 4868
f 4792 4820 4868
f 5241 5024 4790
f 4871 4872 4843
f 4873 4874 4875
f 4873 4876 4874
f 4878 4879 4759
f 5241 4877 4834
f 3304 4797 5213
f 5241 4834 4957
f 4883 4884 5281
f 4883 4885 4884
f 4886 4887 4888
f 4889 5063 4890
f 4892 2753 4855
f 4893 4894 4895
f 4894 4893 4759
f 4834 4897 4898
f 4900 4759 4835
f 4957 2452 5241
f 4835 4759 4892
f 4900 4901 4902
f 4846 4759 4902
f 2753 4856 4903
f 4904 4856 2753
f 4759 4856 4904
f 4902 4759 4900
f 4901 4905 4855
f 4900 4905 4901
f 4905 4835 4855
f 4900 4835 4905
f 4855 4846 4901
f 4846 4902 4901
f 4845 4759 4846
f 4891 4759 4906
f 4903 4907 4908
f 4856 4891 4903
f 4759 4891 4856
f 4907 4891 4906
f 4892 4904 2753
f 4904 4892 4759
f 4855 4835 4892
f 4903 4855 2753
f 4846 4855 4845
f 4844 4855 4908
f 4903 4908 4855
f 4907 4909 4908
f 4891 4907 4903
f 4909 4907 4906
f 4973 4720 4714
f 4854 4731 4857
f 3514 4666 4857
f 4910 4858 4911
f 4786 4866 4787
f 4867 4858 4838
f 4836 4867 4838
f 4787 4858 4788
f 4788 4858 4867
f 4825 4858 4915
f 5032 5371 4521
f 4640 4823 4774
f 4786 4913 4866
f 4774 4914 4858
f 4774 4858 4829
f 5032 4863 4918
f 4863 4919 4918
f 4826 4915 4920
f 4915 4826 4825
f 4913 5032 4865
f 4819 4788 4867
f 4913 4865 4829
f 5266 4921 5197
f 4923 4910 4912
f 4913 4923 4912
f 4924 4914 4864
f 4863 4864 4919
f 4920 5032 4826
f 4915 4858 4924
f 4925 4926 4927
f 4912 4911 4824
f 4913 4912 4824
f 4928 4390 4926
f 4929 4951 4930
f 4869 4929 4930
f 4824 4911 4825
f 4932 4933 4934
f 4936 5510 4885
f 4887 4937 4888
f 4877 4868 4827
f 4939 4940 4990
f 4827 5129 4877
f 4880 4833 4941
f 4833 4942 4941
f 5056 4886 4888
f 4937 5029 4888
f 3728 4757 4487
f 4871 4944 4872
f 4945 4944 4871
f 4946 4886 5056
f 5122 5071 4947
f 5157 4948 4949
f 4944 5042 4872
f 4952 5056 4916
f 4948 5157 4953
f 4954 4955 4956
f 4958 4952 4916
f 4958 4935 4952
f 4959 4989 4960
f 4961 4962 4963
f 4964 4965 4966
f 4967 4964 4966
f 4971 4958 4916
f 4974 4975 4972
f 4976 4954 4956
f 4978 4977 4960
f 4979 4980 4981
f 4982 4983 4984
f 4985 4986 4987
f 4951 4932 4934
f 4956 4988 5207
f 4833 4880 4832
f 4897 4834 4887
f 4833 4831 4942
f 4889 4992 5063
f 4893 4906 4759
f 4895 4994 4908
f 4996 4878 4997
f 4878 4996 4879
f 4896 4759 4876
f 4894 4759 4896
f 4874 4876 4759
f 4998 4995 4879
f 5000 5001 5002
f 4995 4759 4879
f 4874 4995 4875
f 4995 4874 4759
f 5003 5004 5005
f 4998 5063 4875
f 5008 4896 4876
f 5009 5010 4993
f 5063 4997 4890
f 4908 4909 4895
f 4909 4893 4895
f 4893 4909 4906
f 5008 4908 4994
f 5008 4873 4908
f 4998 4875 4995
f 4873 5008 4876
f 4994 4894 4896
f 5008 4994 4896
f 4908 5063 4844
f 4994 4895 4894
f 5063 4908 4873
f 4873 4875 5063
f 4996 4998 4879
f 4996 5063 4998
f 5063 4996 4997
f 5133 4727 4844
f 5011 5012 5013
f 3514 4857 4714
f 4731 4973 4857
f 5005 5014 5006
f 5015 5016 5017
f 4898 4897 4946
f 5020 4923 4837
f 4864 4914 4919
f 5032 5021 5022
f 5021 5023 5022
f 5020 4858 4910
f 5020 4837 4838
f 5032 4920 4862
f 4920 4924 4862
f 4924 4858 4914
f 4913 4826 5032
f 4912 4910 4911
f 4862 4924 4864
f 4923 5020 4910
f 5020 4838 4858
f 4923 4913 4837
f 4920 4915 4924
f 4911 4858 4825
f 5025 5026 5027
f 5025 5028 5026
f 5021 5032 5030
f 5033 5031 5032
f 5034 5157 5035
f 5150 4968 5015
f 5033 5037 5038
f 5030 5039 5021
f 5039 5030 4927
f 5031 5033 5038
f 5037 4914 5038
f 4968 4979 5043
f 5044 4949 5045
f 5046 5042 4881
f 4960 5055 4978
f 5047 5157 5048
f 4989 5049 5050
f 4942 5051 4941
f 5051 4880 4941
f 5052 4898 4946
f 5041 4877 5129
f 5042 4944 4881
f 5180 5050 5054
f 5041 5042 5046
f 5129 5042 5041
f 5056 4888 5029
f 4877 5041 4834
f 4945 4871 5041
f 5041 5029 4937
f 4834 5041 4937
f 4928 4926 4925
f 5032 4928 4925
f 5056 5051 4971
f 5041 4842 5029
f 5029 4872 5042
f 5241 4972 4950
f 4937 4887 4834
f 4897 4886 4946
f 4886 4897 4887
f 5056 4971 4916
f 4834 4943 4831
f 5046 4931 5041
f 5057 5204 5017
f 5058 5059 5060
f 5059 5058 5061
f 5024 5241 4950
f 4980 4979 5062
f 4931 4945 5041
f 5048 5157 5034
f 4989 4959 5049
f 5064 5065 5066
f 5067 4950 4933
f 4948 5068 4949
f 5069 4950 4954
f 5070 4988 4955
f 5072 4951 4938
f 4839 5018 5006
f 5006 4727 5133
f 5002 5001 5074
f 5019 4764 5076
f 5077 4992 5007
f 5004 5003 5063
f 4759 5006 5018
f 5014 5007 5006
f 5230 4801 4700
f 5007 4839 5006
f 5010 5078 5006
f 5001 5189 4882
f 5080 5002 5074
f 4840 4889 4890
f 4997 4878 5073
f 4878 5018 5073
f 5006 5076 4764
f 5080 5000 5002
f 5073 4840 4890
f 5018 4840 5073
f 4764 5005 5006
f 4878 4759 5018
f 4997 5073 4890
f 5004 5063 5077
f 5003 5005 4764
f 5013 5063 5003
f 5019 5081 5013
f 4992 4839 5007
f 4839 4992 4889
f 5019 5076 5081
f 5004 5014 5005
f 5019 5003 4764
f 4844 5063 5013
f 4839 4889 4840
f 4992 5077 5063
f 4844 5013 5133
f 5003 5019 5013
f 5004 5077 5014
f 5077 5007 5014
f 4714 4857 4973
f 4914 5082 4919
f 4926 4914 4927
f 5032 5022 5033
f 5022 5037 5033
f 5083 5032 4918
f 4390 4914 4926
f 5022 5023 5037
f 5082 4918 4919
f 5082 4914 4390
f 4914 4823 5371
f 4774 4823 4914
f 5082 5083 4918
f 4927 4914 5039
f 5083 4390 4928
f 5032 5083 4928
f 4925 4927 5030
f 5032 4925 5030
f 5021 5039 5023
f 5083 5082 4390
f 5039 4914 5023
f 5023 4914 5037
f 4817 5144 5036
f 4898 4935 4834
f 5084 5060 5059
f 4957 4899 5071
f 4841 4872 5029
f 4963 5086 4961
f 5086 5087 4961
f 4986 4985 5088
f 5089 5050 5049
f 5050 5089 5090
f 4970 5086 4963
f 4872 4841 4843
f 5204 4980 5092
f 5093 4967 4966
f 5017 5016 5057
f 5094 4969 4970
f 5087 5086 5095
f 5086 4970 5095
f 5096 4953 5097
f 5098 4969 5099
f 5100 4969 5098
f 5087 5095 5101
f 5102 5097 4953
f 4880 4834 4832
f 4843 5041 4871
f 4971 4834 4958
f 5028 5103 4970
f 5104 4951 5105
f 4978 5157 4977
f 5106 5107 5035
f 5107 5034 5035
f 4898 5052 4935
f 5108 5109 5119
f 5110 5109 5108
f 5111 5028 5025
f 5056 4952 5052
f 5051 5056 4880
f 4842 5041 4843
f 5052 4946 5056
f 4944 4945 4881
f 5053 5103 5111
f 5084 5103 5053
f 4841 5029 4842
f 5071 5112 4947
f 5112 5113 4947
f 5068 4948 5096
f 4961 5087 5101
f 5157 4965 5035
f 4942 4943 5051
f 5046 4881 4931
f 5094 4962 5099
f 4969 5094 5099
f 4970 4969 5100
f 4945 4931 4881
f 5027 5098 5101
f 4958 4834 4935
f 5061 5112 4899
f 5051 4834 4971
f 5052 4952 4935
f 5093 5055 5116
f 5051 4943 4834
f 5056 4899 4880
f 5101 4947 5113
f 5028 5111 5103
f 5109 4987 4986
f 5101 5085 5045
f 5042 4970 4899
f 4942 4831 4943
f 5113 5058 5101
f 5122 5108 5119
f 5061 5113 5112
f 4880 4957 4834
f 5123 5180 5054
f 5124 5125 5126
f 5127 5128 5207
f 4975 5128 5127
f 5113 5061 5058
f 5241 4848 5578
f 4797 5252 5312
f 4999 5000 5079
f 5000 4999 5001
f 4999 4801 5001
f 5012 5133 5013
f 5012 5006 5133
f 5076 5006 5078
f 5075 4993 5006
f 5079 5000 5080
f 5578 4848 4801
f 5013 5081 5130
f 4801 4999 5578
f 5080 5074 5079
f 5074 5001 4882
f 4999 5079 5578
f 5079 5074 4882
f 5009 5130 5010
f 4882 5189 5578
f 5079 4882 5578
f 5001 4801 5189
f 5075 5012 5011
f 5012 5075 5006
f 5132 5075 5011
f 5132 4993 5075
f 5130 5078 5010
f 5130 5009 5013
f 5353 5189 4801
f 5076 5078 5081
f 5006 4993 5010
f 5130 5081 5078
f 5132 5013 5009
f 5132 5009 4993
f 5013 5132 5011
f 5348 5135 5134
f 5032 5136 5371
f 5136 5032 5031
f 4914 5136 5038
f 5136 5031 5038
f 5136 4914 5371
f 5102 4953 5157
f 5157 5054 5090
f 5157 5123 5054
f 5099 4962 5101
f 5084 4970 5103
f 5139 5140 5489
f 5141 5118 5142
f 5118 5143 5142
f 5084 5059 4899
f 5071 5122 4957
f 5055 5119 5109
f 5042 5095 4970
f 5122 5110 5108
f 5056 5029 4899
f 5145 5146 5116
f 5145 5118 5146
f 5101 5045 5068
f 5180 5120 4989
f 5027 5026 5100
f 4965 4964 5106
f 5146 5101 4967
f 5095 5085 5101
f 5085 5042 5129
f 5144 5024 5203
f 5145 5116 5143
f 5118 5145 5143
f 4953 5096 4948
f 5147 4950 5069
f 5090 5089 5157
f 5017 5204 5040
f 5122 4987 5110
f 4961 5101 4962
f 5067 4932 5151
f 4963 5094 4970
f 4963 4962 5094
f 4951 5152 4930
f 5152 4870 4930
f 5123 5044 5085
f 5149 5153 5154
f 4870 4869 4930
f 4933 4950 5155
f 5071 4899 5112
f 5098 5099 5101
f 5060 5101 5058
f 4899 5029 5042
f 5107 5156 5034
f 5156 5048 5034
f 4991 5149 5154
f 5156 5047 5048
f 5101 5047 5156
f 5061 4899 5059
f 5101 5107 5106
f 5101 5156 5107
f 5093 5146 4967
f 4964 5101 5106
f 5111 5101 5053
f 4955 4972 5070
f 5111 5025 5101
f 5118 5141 5122
f 5116 5146 5093
f 5049 4959 4977
f 5122 4985 4987
f 5095 5042 5085
f 5060 5053 5101
f 5100 5026 4970
f 4932 5067 4933
f 4899 4970 5084
f 5098 5027 5100
f 4957 4880 4899
f 5028 4970 5026
f 5101 5068 5096
f 4975 5127 5070
f 5016 5043 5057
f 4980 5062 5092
f 5090 5054 5050
f 5118 5101 5146
f 4951 5158 5151
f 5060 5084 5053
f 5180 5123 5085
f 5025 5027 5101
f 4977 4959 4960
f 5122 5141 4985
f 5055 5142 5143
f 5154 5153 5159
f 4950 5160 5062
f 5057 5043 4981
f 5101 5096 5097
f 5101 5097 5047
f 4987 5109 5110
f 5122 5101 5118
f 5101 4964 4967
f 5122 4947 5101
f 5161 5162 5163
f 5164 5165 5166
f 5159 5104 5167
f 5055 5109 4986
f 4972 5241 5137
f 4929 5147 5169
f 4957 5122 5119
f 5165 5170 5166
f 5170 5207 5166
f 5215 4989 5171
f 5173 5137 4983
f 5174 5168 5175
f 5177 5173 4982
f 5178 4972 5137
f 5177 4982 4984
f 5092 5160 5158
f 5171 5182 5183
f 5184 5185 5186
f 4797 5580 5252
f 5256 5188 5134
f 5338 5353 4801
f 5350 5188 5256
f 5193 5194 5195
f 5187 4817 5036
f 5036 5266 5197
f 5198 5525 5199
f 5155 4870 5152
f 5121 5120 5202
f 5159 5153 5104
f 5161 5219 5162
f 5091 4972 5205
f 4934 5155 5152
f 5169 4976 4951
f 5206 5207 5128
f 5209 5210 5314
f 5047 5097 5102
f 5211 5150 5015
f 4950 5212 5160
f 5091 5214 5206
f 5206 5214 5207
f 5207 4951 4976
f 5182 5121 5183
f 5121 5182 5120
f 5291 5217 5203
f 5183 5121 5202
f 5117 5164 5218
f 4932 4951 5151
f 5147 5069 5169
f 4968 5150 5040
f 5055 4989 5119
f 5040 5211 5017
f 5181 5198 5199
f 5163 5162 5220
f 5167 5105 5064
f 4968 5203 5024
f 5105 4951 5065
f 4983 5137 4984
f 5174 5219 5168
f 5204 5092 5158
f 5016 4968 5043
f 5204 5203 5040
f 5089 5049 4977
f 4988 5127 5207
f 5127 4988 5070
f 5204 5057 4981
f 5212 5067 5151
f 5157 5047 5102
f 5150 5211 5040
f 5203 4968 5040
f 5203 5204 5200
f 4980 5204 4981
f 4975 4974 5128
f 5211 5015 5017
f 5204 5158 4951
f 5158 5212 5151
f 5062 5160 5092
f 4968 5024 4950
f 4989 5050 5180
f 5207 5214 5222
f 4956 4955 4988
f 5224 5547 5225
f 5164 5117 4972
f 5043 4979 4981
f 4940 4938 5227
f 5015 4968 5016
f 5180 5085 5129
f 5067 5212 4950
f 4979 4968 5062
f 5228 5229 5126
f 4968 4950 5062
f 5160 5212 5158
f 5214 5091 5205
f 5215 5202 5119
f 4978 4966 5157
f 5116 5055 5143
f 5055 4986 5088
f 4870 5155 4950
f 5085 5044 5045
f 5157 5089 4977
f 4976 4956 5207
f 4965 5106 5035
f 5123 4949 5044
f 4990 4991 5154
f 5175 5125 5124
f 5123 5157 4949
f 5215 5183 5202
f 5207 5218 5166
f 5218 5164 5166
f 4933 5155 4934
f 4869 4950 5147
f 5169 4951 4929
f 5045 4949 5068
f 5182 4989 5120
f 5169 5069 4976
f 4974 5091 5206
f 5232 5178 5177
f 4929 4869 5147
f 4938 4951 5231
f 4934 5152 4951
f 4950 4955 4954
f 5069 4954 4976
f 5088 5141 5142
f 5091 4974 4972
f 5233 5234 5161
f 5220 5162 5174
f 5308 5398 5235
f 5055 5088 5142
f 5214 5205 5222
f 5128 4974 5206
f 5055 5093 4966
f 5170 5236 5232
f 4990 5159 5167
f 5222 5117 5218
f 4978 5055 4966
f 5171 4989 5182
f 5222 5218 5207
f 4966 4965 5157
f 4955 4950 4972
f 5070 4972 4975
f 5055 4960 4989
f 5141 5088 4985
f 5205 5117 5222
f 5236 5178 5232
f 4989 5215 5119
f 5233 5161 5163
f 5165 5164 4972
f 5205 4972 5117
f 5124 5233 5163
f 5120 5180 5202
f 5180 5119 5202
f 5171 5183 5215
f 5207 4984 5237
f 5170 5165 5236
f 5178 5173 5177
f 5236 4972 5178
f 5165 4972 5236
f 5207 5232 4984
f 5232 5207 5170
f 5232 5177 4984
f 5173 4983 4982
f 5178 5137 5173
f 5228 5219 5229
f 5229 5237 5221
f 5242 5243 5530
f 5242 5244 5243
f 5314 5249 5325
f 5314 5179 5249
f 5578 5324 5241
f 4957 5230 4700
f 5266 5275 4921
f 4797 5312 5427
f 5247 5179 5314
f 5253 5254 5455
f 5253 5255 5254
f 5185 5334 5186
f 5338 4801 5230
f 5189 5478 5578
f 5191 5262 5257
f 4817 5187 5258
f 5258 5196 4921
f 5262 5191 5365
f 4817 5275 5192
f 5187 5264 5258
f 5187 5036 5264
f 5258 5264 5196
f 4817 5258 4921
f 5036 5197 5264
f 5264 5197 5196
f 4921 5275 4817
f 5275 5270 5260
f 5197 4921 5196
f 4990 5226 4939
f 5276 5277 5504
f 5278 5279 5332
f 5125 5168 5228
f 5124 5064 5066
f 5208 5203 5217
f 5267 5036 5144
f 5144 5203 5216
f 4990 4940 5227
f 5200 4990 5124
f 5291 5203 5200
f 5129 4917 5393
f 5208 5217 5271
f 5216 5208 5271
f 5283 5284 5285
f 5283 5286 5284
f 5176 5287 5288
f 5221 5237 4984
f 5289 5290 5504
f 5065 5234 5066
f 5126 5229 5221
f 5167 5064 5124
f 5220 5174 5175
f 5200 5204 5226
f 4939 5072 4940
f 4990 5200 5226
f 5280 5072 4939
f 5216 5203 5208
f 5292 5293 5291
f 5226 5204 5280
f 5200 5239 5291
f 4991 5231 5149
f 5280 4951 5072
f 4940 5072 4938
f 5153 4951 5104
f 4990 5227 4991
f 5204 4951 5280
f 5227 5231 4991
f 5271 5293 5282
f 5271 5217 5293
f 5230 5180 5129
f 5297 5298 5299
f 5271 5282 5216
f 5124 5163 5220
f 5293 5217 5291
f 5300 5301 5302
f 5301 5279 5302
f 5279 5301 5300
f 5065 4951 5234
f 5216 5282 5239
f 5162 5219 5174
f 5119 5230 4957
f 5234 5219 5161
f 4990 5167 5124
f 5154 5159 4990
f 5175 5168 5125
f 5226 5280 4939
f 5219 5207 5237
f 5126 5221 5124
f 4938 5231 5227
f 4951 5219 5234
f 5066 5234 5233
f 5149 4951 5153
f 5066 5233 5124
f 5304 5235 5305
f 5124 5220 5175
f 5200 5124 4984
f 5064 5105 5065
f 5104 5105 5167
f 5231 4951 5149
f 4951 5207 5219
f 5124 5221 4984
f 5168 5219 5228
f 5125 5228 5126
f 5306 5398 5307
f 5319 5308 5304
f 5230 5119 5180
f 5309 5176 5310
f 5311 5312 5313
f 5219 5237 5229
f 5315 4883 5281
f 4883 5315 4936
f 5316 5295 5213
f 5317 5318 5250
f 5319 5320 5321
f 5210 5322 5323
f 4984 5137 5241
f 5317 5325 5326
f 5200 4984 5329
f 5325 5317 5328
f 5317 5250 5328
f 5420 5302 5330
f 5249 5318 5326
f 5329 5241 5247
f 5327 5322 5388
f 5331 5302 5314
f 5318 5317 5326
f 5248 5209 5314
f 5299 5185 5184
f 5329 4984 5241
f 5318 5247 5250
f 5179 5318 5249
f 5179 5247 5318
f 5247 5314 5329
f 5249 5326 5325
f 5300 5332 5279
f 5325 5328 5314
f 5328 5250 5324
f 5278 5329 5314
f 5314 5323 5331
f 5314 5328 5324
f 5300 5302 5420
f 5327 5388 5383
f 5330 5302 5333
f 5302 5331 5333
f 5279 5278 5314
f 5302 5279 5314
f 5298 5335 5248
f 5185 5298 5334
f 5299 5298 5185
f 5322 5210 5388
f 5210 5323 5314
f 5314 5324 5248
f 5209 5248 5383
f 5241 5324 5247
f 5250 5247 5324
f 5324 5578 5248
f 5383 5248 5251
f 5334 5298 5248
f 5297 5335 5298
f 5297 5299 5337
f 5248 5578 5334
f 5335 5297 5337
f 5340 5566 5148
f 5368 4922 5263
f 5341 5342 5336
f 5343 5342 5341
f 5350 5347 5188
f 5347 5348 5188
f 5135 5256 5134
f 5346 5351 5135
f 4973 5133 4714
f 5189 5353 5478
f 5188 5348 5134
f 5133 4973 4714
f 5348 5347 5346
f 5346 5347 5350
f 5346 5135 5348
f 5346 5190 5476
f 5356 5354 5357
f 5358 5354 5359
f 5360 5361 5362
f 5354 5475 5359
f 5190 5356 5353
f 5363 5364 5274
f 4817 5138 4922
f 5191 5138 5259
f 5260 5270 5268
f 5138 4817 5259
f 5368 5263 5365
f 5369 5370 5485
f 5369 5139 5370
f 5257 5366 5263
f 5257 5262 5366
f 5263 4922 5138
f 5366 5262 5365
f 5365 5191 5259
f 5191 5257 5138
f 5263 5138 5257
f 5368 5365 5259
f 5366 5365 5263
f 5192 5259 4817
f 5275 5266 5267
f 5266 5036 5267
f 5372 5373 5489
f 5374 5375 5525
f 5376 5260 5261
f 5272 5192 5275
f 5260 5268 5261
f 5377 5378 5379
f 5292 5291 5239
f 5304 5308 5235
f 5306 5307 5321
f 5385 5386 5387
f 5210 5209 5388
f 5274 5389 5390
f 5282 5292 5239
f 5292 5282 5293
f 5391 5392 5566
f 5394 5395 5515
f 5394 5396 5395
f 5305 5397 5377
f 5235 5397 5305
f 5379 5320 5319
f 5239 5200 5308
f 5397 5398 5378
f 5379 5296 5320
f 5340 5400 5401
f 5320 5296 5306
f 5305 5377 5319
f 5321 5307 5384
f 5319 5304 5305
f 5385 5404 5462
f 5385 5387 5404
f 5239 5308 5319
f 5200 5398 5308
f 5378 5296 5379
f 5398 5296 5378
f 5377 5397 5378
f 5406 5407 5530
f 5408 5407 5406
f 5409 5410 5411
f 5410 5409 5412
f 5140 5413 5414
f 5377 5379 5319
f 5320 5306 5321
f 5333 5415 5327
f 5333 5323 5415
f 5235 5398 5397
f 5416 5417 5285
f 5418 5417 5416
f 5296 5398 5306
f 5384 5319 5321
f 5398 5200 5383
f 5384 5307 5383
f 5307 5398 5383
f 5337 5299 5184
f 5419 5352 5312
f 5415 5322 5327
f 5322 5415 5323
f 5329 5420 5383
f 5421 5422 5423
f 5278 5332 5329
f 5200 5329 5383
f 5424 5425 5131
f 5297 5251 5337
f 5420 5329 5332
f 5332 5300 5420
f 5388 5209 5383
f 5330 5333 5327
f 5323 5333 5331
f 5248 5335 5251
f 5302 5301 5330
f 5330 5301 5302
f 5383 5330 5327
f 5548 5428 5429
f 5283 5430 5286
f 5431 5432 5131
f 5420 5330 5383
f 5297 5337 5184
f 5383 5186 5334
f 5383 5251 5186
f 5251 5297 5186
f 5436 5437 5462
f 5313 5437 5436
f 5251 5335 5337
f 5438 5547 5396
f 5427 5312 5439
f 5383 5334 5478
f 5478 5334 5578
f 5297 5184 5186
f 5441 5442 5201
f 5442 5441 5443
f 5445 5352 5446
f 5447 5463 5462
f 5448 5463 5447
f 5449 5450 5201
f 5449 5294 5450
f 5444 5176 5255
f 5437 5313 5445
f 5453 5454 5455
f 5453 5310 5454
f 5446 5426 5462
f 5352 5426 5446
f 5439 5312 5345
f 5457 5458 5440
f 5457 5459 5458
f 5461 5385 5462
f 5385 5461 5386
f 5456 5432 5431
f 5465 5466 5336
f 5466 5465 5467
f 5468 5469 5440
f 5468 5470 5469
f 5548 5443 5471
f 5472 5439 5345
f 5448 5419 5312
f 5580 5434 5252
f 5252 5434 5339
f 5445 5313 5312
f 5453 5309 5310
f 5452 5362 5427
f 5254 5453 5455
f 5453 5254 5309
f 5473 5452 5349
f 5270 5275 5267
f 5473 5474 5440
f 5473 5349 5474
f 5404 5436 5462
f 5311 5436 5404
f 5356 5475 5354
f 5475 5356 5355
f 5252 5339 5312
f 5346 5581 5190
f 5339 5463 5448
f 5581 5350 4797
f 5256 5135 5351
f 5581 5346 5350
f 5476 5350 5351
f 5475 5477 5359
f 5346 5476 5351
f 5351 5350 5256
f 5477 5358 5359
f 5478 5353 5357
f 5357 5354 5358
f 5477 5355 5460
f 5475 5355 5477
f 5460 5358 5477
f 5357 5353 5356
f 5460 5355 5356
f 5357 5358 5460
f 5478 5357 5460
f 5353 5338 5190
f 5190 5460 5356
f 5259 5192 5368
f 4817 4922 4917
f 4922 5368 5192
f 5479 5480 5381
f 5364 5480 5479
f 5481 5482 5483
f 5272 5367 5192
f 5194 5484 5545
f 5484 5194 5193
f 5486 5479 5381
f 5273 5479 5486
f 3304 5380 5381
f 5273 5389 5274
f 5389 5487 5390
f 5488 5487 5381
f 5487 5488 5390
f 5490 5491 5545
f 5492 5491 5490
f 5493 5494 5495
f 5272 5260 5376
f 5510 4936 5496
f 5480 5497 5381
f 5363 5497 5480
f 5492 5504 5195
f 5380 5303 5381
f 5380 5115 5303
f 5499 5375 5374
f 5303 5488 5381
f 5114 5488 5303
f 5525 5500 5374
f 5407 5400 5411
f 5407 5401 5400
f 5261 5268 5269
f 5272 5275 5260
f 5272 5376 5367
f 5367 5376 5269
f 5376 5261 5269
f 5382 5367 5269
f 5274 5390 5114
f 5375 5399 5199
f 5502 5340 5148
f 5505 5451 5506
f 5510 5507 4885
f 5508 5509 5485
f 5372 5509 5508
f 5390 5488 5114
f 5504 5277 5193
f 5484 5511 5545
f 5277 5511 5484
f 5193 5195 5504
f 5412 5409 5391
f 5513 5514 5403
f 5514 5513 5500
f 5192 5382 5267
f 5382 5192 5367
f 5270 5267 5268
f 5268 5267 5382
f 5372 5508 5373
f 5518 5519 5423
f 5269 5268 5382
f 5198 5520 5501
f 5521 5370 5139
f 5493 5495 5525
f 5421 5213 5295
f 5523 5512 5402
f 5489 5521 5139
f 5276 5511 5277
f 5524 5507 5414
f 5399 5499 5403
f 5375 5499 5399
f 5265 5481 5483
f 5482 5526 5403
f 5526 5482 5481
f 5523 5402 5265
f 5273 5486 5389
f 5408 5522 5213
f 5519 5527 5213
f 5517 5528 5530
f 5316 5528 5517
f 5408 5406 5522
f 5531 5508 5485
f 5531 5373 5508
f 5532 5490 5545
f 5532 5498 5490
f 5492 5498 5504
f 5492 5490 5498
f 5534 5421 5295
f 5400 5502 5411
f 5340 5502 5400
f 5512 5242 5223
f 5523 5242 5512
f 5536 5244 5265
f 5509 5520 5485
f 5509 5501 5520
f 5494 5538 5403
f 5493 5538 5494
f 5369 5140 5139
f 5316 5517 5295
f 5114 5303 5115
f 5491 5492 5195
f 3304 5504 5115
f 5265 5213 5536
f 5181 5399 5403
f 5181 5199 5399
f 5541 5542 5515
f 5543 5542 5541
f 5265 5503 5535
f 5539 5532 5545
f 5289 5532 5539
f 5364 5479 5273
f 5274 5364 5273
f 5422 5534 5530
f 5534 5422 5421
f 5274 5114 5115
f 5540 5392 5391
f 5534 5517 5530
f 5534 5295 5517
f 5487 5486 5381
f 5389 5486 5487
f 5363 5480 5364
f 5289 5539 5290
f 5274 5115 5504
f 5525 5198 5501
f 5504 5498 5289
f 5511 5544 5545
f 5276 5544 5511
f 5489 5140 5414
f 5504 5363 5274
f 5375 5199 5525
f 5363 5504 5290
f 5545 3304 5381
f 5544 5276 5496
f 5510 5489 5507
f 3304 5115 5380
f 5489 3304 5525
f 5500 5513 5374
f 5544 5315 5545
f 5544 5496 5315
f 5381 5497 5545
f 5497 5363 5290
f 5536 5243 5244
f 5491 5194 5545
f 5194 5491 5195
f 5403 5526 5223
f 5403 5223 3304
f 5497 5539 5545
f 5539 5497 5290
f 3304 5545 5281
f 5277 5484 5193
f 5413 5369 5485
f 5369 5413 5140
f 5419 5448 5447
f 5213 5421 5423
f 5507 5489 5414
f 5510 5504 3304
f 3304 5281 5485
f 5289 5498 5532
f 4884 5524 5281
f 5524 4884 5507
f 5496 5276 5510
f 5520 5181 5403
f 5181 5520 5198
f 5510 3304 5489
f 5525 3304 5265
f 5529 5518 5530
f 5519 5518 5529
f 5507 4884 4885
f 5485 5403 3304
f 5545 5315 5281
f 4936 5315 5496
f 5281 5524 5485
f 5144 5216 5478
f 5267 5144 5478
f 5423 5519 5213
f 5407 5411 5530
f 4883 4936 4885
f 5524 5413 5485
f 5524 5414 5413
f 5276 5504 5510
f 5370 5531 5485
f 5531 5370 5521
f 5372 5525 5501
f 5265 3304 5213
f 5509 5372 5501
f 5402 5503 5265
f 5503 5435 5535
f 5499 5513 5403
f 5499 5374 5513
f 5485 5520 5403
f 5519 5529 5527
f 5216 5239 5478
f 5172 5224 5225
f 5489 5525 5372
f 5528 5316 5522
f 5535 5481 5265
f 5516 5536 5527
f 5435 5550 5223
f 5550 5435 5503
f 5521 5489 5373
f 5531 5521 5373
f 5526 5481 5535
f 5551 5552 5553
f 5551 5554 5552
f 5525 5265 5493
f 5538 5482 5403
f 5538 5483 5482
f 5243 5516 5530
f 5536 5516 5243
f 5407 5408 5401
f 5566 5412 5391
f 5533 5540 5411
f 5392 5540 5533
f 5430 5555 5556
f 5392 5148 5566
f 5580 3304 5223
f 5553 5552 5568
f 5394 5438 5396
f 5223 5242 5530
f 5526 5435 5223
f 5526 5535 5435
f 5294 5557 5131
f 5515 5416 5285
f 5514 5500 5495
f 5543 5547 5558
f 5242 5523 5244
f 5514 5494 5403
f 5514 5495 5494
f 5500 5525 5495
f 5493 5265 5483
f 5538 5493 5483
f 5559 5449 5201
f 5449 5559 5557
f 5550 5503 5402
f 5550 5512 5223
f 5550 5402 5512
f 5580 5530 5411
f 5176 5309 5255
f 5284 5560 5246
f 5505 5560 5284
f 5129 5393 5230
f 5478 5239 5319
f 5478 5319 5384
f 5536 5213 5527
f 5561 5405 5246
f 5561 5562 5405
f 5540 5409 5411
f 5540 5391 5409
f 5516 5529 5530
f 5516 5527 5529
f 5502 5533 5411
f 5502 5148 5533
f 5287 5563 5288
f 5418 5416 5225
f 5224 5396 5547
f 5244 5523 5265
f 5131 5432 5565
f 5518 5422 5530
f 5518 5423 5422
f 5410 5541 5515
f 5410 5537 5541
f 5548 5557 5245
f 5238 5561 5246
f 5561 5238 5567
f 5384 5383 5478
f 5340 5401 5566
f 5395 5172 5515
f 5224 5172 5395
f 5393 5344 5230
f 5552 5554 5568
f 5543 5537 5566
f 5172 5416 5515
f 5172 5225 5416
f 5417 5555 5285
f 5417 5556 5555
f 5505 5284 5286
f 5528 5406 5530
f 5528 5522 5406
f 5561 5567 5562
f 5567 5238 5506
f 5408 5566 5401
f 5430 5556 5451
f 5223 5530 5580
f 5522 5316 5213
f 5543 5541 5537
f 5213 5566 5408
f 5392 5533 5148
f 5560 5238 5246
f 5560 5506 5238
f 5560 5505 5506
f 5537 5412 5566
f 5444 5240 5569
f 5470 5570 5427
f 5557 5548 5131
f 5549 5394 5515
f 5394 5549 5438
f 5418 5225 5547
f 5438 5549 5558
f 5286 5430 5451
f 5352 5445 5312
f 5547 5438 5558
f 5566 5547 5543
f 5505 5286 5451
f 5542 5549 5515
f 5542 5558 5549
f 4797 5547 5566
f 5253 5444 5255
f 5410 5412 5537
f 5311 5387 5312
f 5224 5395 5396
f 5571 5428 5471
f 5555 5283 5285
f 5430 5283 5555
f 5405 5433 5246
f 5564 5433 5405
f 5213 4797 5566
f 5443 5441 5471
f 5580 5515 5285
f 5425 5450 5294
f 5580 5411 5515
f 5564 5405 5562
f 5411 5410 5515
f 5542 5543 5558
f 5429 5564 5548
f 5580 5285 5246
f 5449 5557 5294
f 5564 5562 5548
f 5417 5418 5556
f 5567 5548 5562
f 5450 5546 5201
f 5546 5450 5425
f 5556 5418 5451
f 5548 5451 4797
f 5131 5425 5294
f 5442 5443 5245
f 5451 5548 5567
f 5285 5284 5246
f 5573 5571 5201
f 5571 5573 5428
f 5574 5456 5336
f 5456 5574 5432
f 5131 5467 5431
f 5418 5547 5451
f 5246 5573 5201
f 5343 5341 5424
f 4797 5176 5131
f 5580 5246 5201
f 5557 5559 5245
f 5451 5567 5506
f 5471 5428 5548
f 5245 5443 5548
f 5342 5574 5336
f 5342 5565 5574
f 5432 5574 5565
f 5474 5468 5440
f 5570 5468 5474
f 5426 5352 5419
f 5428 5573 5429
f 5433 5564 5429
f 5343 5424 5131
f 5454 5360 5440
f 5360 5454 5361
f 5433 5573 5246
f 5433 5429 5573
f 5442 5559 5201
f 5442 5245 5559
f 5452 5575 5362
f 5575 5473 5440
f 5452 5473 5575
f 5131 5176 5467
f 5309 5254 5255
f 5571 5441 5201
f 5571 5471 5441
f 4797 5451 5547
f 5458 5472 5462
f 5439 5472 5458
f 5362 5361 5427
f 5360 5575 5440
f 5360 5362 5575
f 5466 5563 5336
f 5466 5288 5563
f 5466 5467 5288
f 5427 5361 5310
f 5342 5343 5565
f 5467 5176 5288
f 5576 5287 5569
f 5580 5201 5336
f 5343 5131 5565
f 5455 5440 5580
f 5440 5458 5462
f 5546 5341 5201
f 5546 5424 5341
f 5576 5240 5336
f 5576 5569 5240
f 5201 5341 5336
f 5467 5465 5431
f 5464 5470 5427
f 5546 5425 5424
f 5131 5548 4797
f 5456 5465 5336
f 5456 5431 5465
f 5176 4797 5427
f 5563 5576 5336
f 5576 5563 5287
f 5468 5570 5470
f 5427 5310 5176
f 5176 5444 5569
f 5464 5469 5470
f 5349 5452 5427
f 5311 5313 5436
f 5361 5454 5310
f 5455 5454 5440
f 5469 5457 5440
f 5464 5457 5469
f 5240 5253 5336
f 5253 5240 5444
f 5312 5386 5345
f 5457 5464 5459
f 5440 5462 5580
f 5336 5253 5455
f 5439 5458 5459
f 5570 5474 5349
f 5569 5287 5176
f 5336 5455 5580
f 5311 5404 5387
f 5570 5349 5427
f 5472 5461 5462
f 5472 5345 5461
f 5439 5459 5427
f 5464 5427 5459
f 5386 5461 5345
f 5437 5446 5462
f 5437 5445 5446
f 5387 5386 5312
f 5426 5447 5462
f 5426 5419 5447
f 5580 5462 5434
f 5339 5448 5312
f 4797 3304 5581
f 5339 5434 5463
f 5462 5463 5434
f 5230 5344 5577
f 4797 5350 5580
f 5580 5350 5476
f 5476 5190 5338
f 5460 5190 5478
f 3304 5580 4922
f 5568 5579 5553
f 5393 5568 5344
f 5577 5568 4917
f 5572 5551 5579
f 5568 5393 4917
f 5554 5344 5568
f 5579 5577 5572
f 5579 5551 5553
f 5554 5551 5572
f 5577 5554 5572
f 5554 5577 5344
f 5577 5579 5568
f 5577 4917 5230
f 5476 5338 5580
f 5580 4917 4922
f 3304 4922 5192
f 5192 5267 5478
f 3304 5192 5581
f 5581 5192 5478
f 4917 5338 5230
f 5580 5338 4917
f 5581 5478 5190

