# https://github.com/mikedh/trimesh
v -0.74174179 -0.58750131 -0.28095025
v -0.68919476 -0.78098343 -0.00082627
v -0.73072362 -0.73646053 -0.03161909
v -0.37248026 0.24013430 -0.14027673
v -0.73731696 -0.65517953 -0.10493606
v -0.50248396 0.28478673 -0.11205821
v -0.69224862 -0.63160521 -0.52611830
v -0.37493715 0.22474082 -0.08975735
v -0.65227813 -0.70468300 -0.06747238
v -0.49330265 0.34797180 -0.11879636
v -0.74239461 -0.59855007 -0.24395750
v -0.62929477 -0.56988995 -0.42402879
v -0.59444637 -0.84673667 0.06905368
v -0.63710648 -0.72891803 -0.05482783
v -0.72449749 -0.58394646 -0.42258950
v -0.34866802 -0.04333065 0.12201667
v -0.73110519 -0.57340799 -0.34675374
v -0.51932402 -0.53140785 -0.43169738
v -0.51546694 -0.53133792 -0.43523322
v -0.59366529 -0.54276592 -0.35177933
v -0.51508668 -0.54624108 -0.46713891
v -0.32334575 -0.15000166 -0.18041762
v -0.62834970 -0.63275967 -0.17127483
v -0.29964649 -0.15335732 -0.25596152
v -0.31522708 -0.31900930 -0.12572114
v -0.51154903 -0.52992359 -0.43528992
v -0.54895087 -0.53301052 -0.40054741
v -0.63717224 -0.55184844 -0.39135842
v -0.56624537 -0.54192977 -0.31010719
v -0.53423036 -0.69224408 -0.09605957
v -0.31367776 -0.24566720 -0.11867523
v -0.37177933 0.05304280 0.08334257
v -0.54281925 -0.82042212 0.06096251
v -0.61864934 -0.64604927 -0.16373871
v -0.51267375 -0.55611110 -0.47401469
v -0.31753904 -0.32814357 -0.13840993
v -0.56827149 -0.57615578 -0.25636670
v -0.58185903 -0.53908358 -0.35249994
v -0.53843574 -0.54045033 -0.43699315
v -0.58185903 -0.53912357 -0.35715992
v -0.58185903 -0.53909359 -0.35325992
v -0.58183906 -0.53908358 -0.35325992
v -0.58172903 -0.53908358 -0.35715992
v -0.58185903 -0.53915361 -0.36106992
v -0.58161906 -0.53908358 -0.36106992
v -0.57404903 -0.53668360 -0.35715992
v -0.58165618 -0.53912580 -0.36475349
v -0.56239671 -0.53989458 -0.34888351
v -0.56290767 -0.58863080 -0.21673689
v -0.51097228 -0.78113242 0.01354218
v -0.54319802 -0.81640274 0.05691306
v -0.54279903 -0.81643359 0.05702007
v -0.54279903 -0.82033358 0.06088007
v -0.53888903 -0.81643359 0.05778007
v -0.56017440 -0.65634124 -0.15242393
v -0.56011238 -0.60580107 -0.54465881
v -0.49097967 -0.50825861 -0.39908041
v -0.51932723 -0.53126376 -0.43133614
v -0.52286114 -0.53186188 -0.42953507
v -0.54279903 -0.82024357 0.06080007
v -0.56233606 -0.79381459 0.02067378
v -0.53888903 -0.82033358 0.06165007
v -0.48268075 -0.89965936 0.14191586
v -0.47987198 -0.78382800 0.01891460
v -0.47765857 -0.70634184 -0.08178540
v -0.45906801 -0.73471467 -0.05849796
v -0.51930902 -0.53127358 -0.43137992
v -0.50315820 -0.60271518 -0.55881609
v -0.38661854 0.16381144 -0.02872385
v -0.51544902 -0.53127358 -0.43507994
v -0.48766422 -0.51972199 -0.29365080
v -0.43000814 -0.53233825 -0.48570969
v -0.43871336 0.12454189 -0.05520376
v -0.43860088 0.19987471 -0.08853997
v -0.48629189 0.23564011 -0.13739575
v -0.52159873 -0.62700147 -0.16172752
v -0.47614621 -0.54504982 -0.24184831
v -0.48921668 0.31286814 -0.09750281
v -0.36318766 0.19478722 -0.19669776
v -0.45053914 0.20642377 -0.08474798
v -0.31993991 -0.07440686 0.15996704
v -0.46428924 0.18122682 -0.10257657
v -0.37873521 -0.82651535 0.11522772
v -0.41296798 0.44686953 -0.18436036
v -0.43110758 0.24209245 -0.08284793
v -0.46020201 0.33391083 -0.06584815
v -0.49742819 0.36592491 -0.07371266
v -0.46173254 0.40408522 -0.07436230
v -0.36466919 0.09991351 0.02885156
v -0.49584169 -0.80368976 0.04373952
v -0.50995342 -0.83867277 0.08712399
v -0.46155783 0.24193777 -0.07214836
v -0.30027648 -0.45215000 -0.46728151
v -0.35800988 0.15305367 -0.02078565
v -0.44565385 -0.48307393 -0.37061437
v -0.41590521 -0.50655459 -0.22753448
v -0.41632285 -0.50073657 -0.46699509
v -0.42461679 0.18613069 -0.06001196
v -0.42577315 0.18700852 -0.02996427
v -0.43663274 0.19205240 -0.03232154
v -0.48707879 0.27558691 -0.08336698
v -0.44734066 0.28045348 -0.06252724
v -0.40162391 0.31272824 -0.09410814
v -0.46581365 0.28533135 -0.08689713
v -0.45500661 0.37616823 -0.04494204
v -0.41847678 0.30146991 -0.04006807
v -0.46995875 0.37685856 -0.00524702
v -0.44047016 0.39498315 0.00060997
v -0.43485497 0.52629392 -0.05202381
v -0.39706415 -0.74837091 -0.03838363
v -0.42169182 -0.51174144 -0.24009528
v -0.41775367 -0.51171877 -0.23621673
v -0.44668989 -0.52324715 -0.24526114
v -0.42169902 -0.51183358 -0.23997993
v -0.41779903 -0.51174358 -0.23622993
v -0.41779903 -0.51186357 -0.23606992
v -0.53867647 -0.52486983 -0.33948599
v -0.42560903 -0.51493356 -0.23997993
v -0.42561243 -0.51579455 -0.23889652
v -0.41566741 -0.48562424 -0.42223182
v -0.40814064 -0.46491446 -0.27684744
v -0.35256869 -0.45475404 -0.19873631
v -0.39262499 -0.50740086 -0.21685868
v -0.27902298 -0.26329304 -0.32501831
v -0.44290948 0.16990687 -0.07885512
v -0.43841243 0.14131931 -0.04273619
v -0.45276496 0.29800439 -0.09439318
v -0.43049783 0.25403412 -0.07144016
v -0.40257398 0.28978609 -0.00884283
v -0.43139964 0.32243545 -0.05925458
v -0.43313828 0.32987101 -0.04183165
v -0.41923845 0.36233254 -0.03279352
v -0.40339706 0.47731531 -0.23030093
v -0.40053700 0.24687164 0.00136918
v -0.38654903 0.53851643 -0.24387993
v -0.38654903 0.53902640 -0.24385994
v -0.39090902 0.53902640 -0.23215993
v -0.38854045 0.07776996 -0.00406461
v -0.42212366 0.49340395 -0.04500410
v -0.40433863 0.56047995 0.14339562
v -0.43350596 0.58175246 -0.07225597
v -0.25068813 -0.28316850 -0.36387725
v -0.42530475 0.60345698 -0.06202915
v -0.10138554 0.95699624 -0.04857213
v -0.49305945 -0.77761923 0.02595881
v -0.35446268 -0.71848450 -0.03931027
v -0.37955336 -0.65663813 -0.09547093
v -0.29989136 -0.46393139 -0.49193136
v -0.35727257 0.14219688 -0.02101037
v -0.30154007 -0.51881486 -0.09109171
v -0.41007114 0.10577451 -0.04177812
v -0.41623147 -0.51242360 -0.23383605
v -0.34753321 -0.51182182 -0.51345316
v -0.39179581 -0.55552776 -0.17651621
v -0.37949291 -0.46271373 -0.25352151
v -0.39624218 -0.44645504 -0.38448399
v -0.36225963 -0.41969974 -0.33695636
v -0.40894187 0.21832574 -0.00327922
v -0.37627785 0.19814102 0.01149438
v -0.35368117 -0.00225716 0.11284282
v -0.35394251 0.08765831 -0.01305839
v -0.32566586 0.11850209 0.36337910
v -0.38083987 0.17533810 0.02888442
v -0.31622902 -0.32724357 -0.13059993
v -0.31623904 -0.32814357 -0.13059993
v -0.39506904 0.25748374 -0.01376557
v -0.42040090 0.26893791 -0.08001080
v -0.32684002 0.00856915 -0.02208871
v -0.38086987 0.31483075 -0.19981483
v -0.39264939 0.29117981 0.06244523
v -0.41321601 0.33581377 0.01276982
v -0.41521161 0.26515656 -0.01088038
v -0.41043784 0.35306643 -0.03554250
v -0.37954013 0.19722497 0.21954784
v -0.39227800 0.31978245 0.02625631
v -0.39265720 0.28967812 0.04851509
v -0.39105519 0.32990565 0.11137375
v -0.38646904 0.54293641 -0.24387993
v -0.38651948 0.54409596 -0.24371491
v -0.39929827 0.28869277 -0.11642911
v -0.37349714 0.19869962 -0.02305258
v -0.40141642 0.45234011 -0.19991419
v -0.38514153 0.30704635 0.08603731
v -0.37420961 0.21037373 -0.09220400
v -0.39206981 0.34107150 -0.20447644
v -0.42190793 0.41611390 -0.06614522
v -0.38900294 0.35260257 0.12112443
v -0.40049039 0.34329334 0.03515752
v -0.34747902 -0.50783358 -0.50954992
v -0.34740273 -0.51174776 -0.51344208
v -0.36288607 0.39406504 -0.30711370
v -0.35889090 0.26458524 -0.23934397
v -0.22553376 0.60669619 0.50329221
v -0.40462517 0.52702222 0.10153589
v -0.39854467 0.49952945 0.15063676
v -0.38322596 0.53559714 -0.25289890
v -0.40637221 0.53110423 -0.19149231
v -0.41978035 0.61989136 -0.15521705
v -0.37092904 0.48043641 0.25611007
v -0.35676166 0.74813062 -0.20421264
v -0.37090904 0.46481641 0.25611007
v -0.37091799 0.47054123 0.25624629
v -0.36617652 0.64476399 0.27453810
v -0.39790130 0.60785576 -0.21009053
v -0.37999711 0.71918180 -0.15769430
v -0.25372904 0.47262641 -0.47422994
v -0.25831903 0.47262641 -0.47044993
v -0.25372904 0.47652640 -0.47427991
v -0.24196476 0.35982145 0.49916525
v -0.41973647 0.68253489 -0.06445575
v -0.39600371 0.72161333 -0.14003822
v -0.38651902 0.73824640 -0.04465993
v -0.38647903 0.73824640 -0.04856993
v -0.38304291 0.74694548 -0.04381334
v -0.36864406 0.77161083 -0.07594120
v -0.39495870 0.71716815 -0.01448950
v -0.38028659 0.74340698 0.13095778
v -0.39435903 0.71871641 -0.04315993
v -0.38654903 0.73826643 -0.04075993
v -0.38654903 0.73824640 -0.04164993
v -0.39430953 0.71871182 -0.04871500
v -0.39435903 0.71847644 -0.05247993
v -0.39533989 0.71515067 -0.06654718
v -0.40224247 0.69547044 -0.09025023
v -0.37873759 0.75387711 0.02564737
v -0.37872902 0.75389644 0.02564007
v -0.38654903 0.73817643 -0.04465993
v -0.38787615 0.73502572 -0.03754104
v -0.39240716 0.72316545 -0.07305165
v -0.39566295 0.71541577 -0.03824112
v -0.38658903 0.73824640 -0.03684993
v -0.38657904 0.73824640 -0.03294993
v -0.38654903 0.73834642 -0.03684993
v -0.39435903 0.71857640 -0.04856993
v -0.39433903 0.71871641 -0.04465993
v -0.39435903 0.71867641 -0.04465993
v -0.37844125 0.75768521 0.01124111
v -0.38654903 0.73824640 -0.04075993
v -0.38657904 0.73824640 -0.02903993
v -0.37980860 0.75555852 0.00575833
v -0.38654903 0.73834642 -0.03294993
v -0.37132905 0.76949640 0.02955007
v -0.33405034 0.83475759 -0.10811207
v -0.38343529 0.73618465 0.05168044
v -0.37483904 0.76168641 0.02955007
v -0.34942224 0.10854913 -0.00588474
v -0.34747902 -0.50393359 -0.50568992
v -0.33803541 0.01281343 0.22246219
v -0.28297014 0.23249673 -0.38013884
v -0.33384384 -0.52813674 -0.53604026
v -0.37234839 -0.48622190 -0.47241453
v -0.34747902 -0.51564357 -0.51725990
v -0.34747902 -0.51174358 -0.51339990
v -0.31949014 -0.01492798 -0.19198801
v -0.37699681 -0.42280784 -0.33586295
v -0.33957593 -0.41593851 -0.37295007
v -0.31973447 -0.13442734 -0.08610376
v -0.30841666 -0.29431724 -0.24869119
v -0.33635594 -0.39570501 -0.24528420
v -0.32002256 -0.36730923 -0.31933589
v -0.34389365 0.11257968 -0.03564510
v -0.32634972 0.02278740 -0.00895277
v -0.30988903 -0.06252358 0.01783007
v -0.30055902 -0.01564359 0.29126006
v -0.30060903 -0.01174358 0.29505008
v -0.30060903 -0.01551358 0.29126006
v -0.31758347 -0.35936832 -0.13440111
v -0.34085728 0.15387244 -0.03356918
v -0.33387568 0.04757168 -0.11944718
v -0.30451094 0.36306567 -0.40400825
v -0.39308611 0.17437355 -0.03200374
v -0.24713443 0.25581906 0.44325961
v -0.38116804 0.23841484 0.11090235
v -0.32529329 0.16779454 0.37595795
v -0.36804563 0.20942693 0.27551818
v -0.35447886 0.20820552 -0.20548170
v -0.38160408 0.26093104 0.04355866
v -0.38123669 0.31413534 0.13036423
v -0.30920143 0.23430770 -0.35268616
v -0.39115253 0.24550429 0.02071302
v -0.14953654 -0.81026706 0.11697149
v -0.35654450 0.30447011 0.28988256
v -0.33951906 0.21770272 -0.27809568
v -0.36331175 0.21348098 -0.20725389
v -0.38372814 0.39852193 0.17750592
v -0.38232911 -0.92471478 0.19394561
v -0.35437701 0.19085840 0.28660056
v -0.37726274 0.47705121 0.21873894
v -0.34156379 0.39938029 -0.33718777
v -0.37033904 0.47262641 0.26001006
v -0.38009064 0.42667820 0.16575242
v -0.34335664 0.39830809 0.40714965
v -0.21466903 0.49996641 -0.49003992
v -0.21466903 0.50387641 -0.49002993
v -0.21476903 0.50387641 -0.48997993
v -0.37091903 0.47262641 0.25611007
v -0.37199998 0.47335081 0.24884451
v -0.37091901 0.48128958 0.25610978
v -0.37091903 0.47262641 0.25613007
v -0.37091903 0.47652640 0.25617006
v -0.37092904 0.47652640 0.25611007
v -0.38653902 0.53902640 -0.24387993
v -0.37091903 0.47062641 0.25611007
v -0.25045523 0.48319571 -0.47707993
v -0.25372652 0.48112376 -0.47433815
v -0.37091903 0.46871641 0.25609007
v -0.37091903 0.48043641 0.25616008
v -0.23279259 0.38408964 0.43607838
v -0.36925874 0.47579961 0.26654404
v -0.35159838 0.54739014 -0.34943551
v -0.36870750 0.55820372 0.25834344
v -0.36890767 0.43469684 0.31623889
v -0.33834054 0.29188468 0.34947817
v -0.39451960 0.67824667 0.10297451
v -0.32405860 0.66004989 -0.33372688
v -0.32404903 0.66012641 -0.33366993
v -0.32419903 0.66793641 -0.32590992
v -0.23494995 0.38843675 -0.47291183
v -0.32794902 0.72262641 0.31074008
v -0.32622904 0.72652640 0.31080007
v -0.28533883 0.42584336 0.48954634
v -0.36173231 0.66677715 0.23939160
v -0.34910634 0.73661194 0.24285604
v -0.37483430 0.76170736 0.02952038
v -0.37912903 0.75387641 0.02173007
v -0.34200086 0.74867388 0.22358456
v -0.34747902 0.75387641 -0.22071992
v -0.34747902 0.75118639 -0.22434993
v -0.34758902 0.75387641 -0.22044993
v -0.34298903 0.76559641 -0.21653992
v -0.37483468 0.76165928 0.02974386
v -0.39035870 0.76176000 0.03083516
v -0.34357903 0.75875642 -0.22434993
v -0.36310903 0.78512641 0.02278007
v -0.36312903 0.78512641 0.02173007
v -0.36296014 0.77755668 0.08888107
v -0.36310903 0.78527644 0.01783007
v -0.36310903 0.78515639 0.02173007
v -0.36317966 0.78517320 0.01737884
v -0.35929134 0.79201684 0.02055638
v -0.36956793 0.77338772 0.02882115
v -0.32128975 -0.79068799 0.03024427
v -0.29093665 -0.56169000 -0.57945663
v -0.32364821 -0.60511981 -0.08610827
v -0.32386404 0.04772638 -0.18947474
v -0.33277684 -0.50280725 -0.15363771
v -0.32092170 -0.71912289 -0.03941273
v -0.34744850 -0.50774738 -0.50947769
v -0.21194543 -0.59663987 0.00262882
v -0.33129832 0.42893934 -0.38514528
v -0.41777499 -0.62524381 -0.60486951
v -0.34756903 -0.50783358 -0.50950992
v -0.23243932 -0.45607181 -0.51407016
v -0.28585766 -0.36021354 -0.39786449
v -0.31848182 -0.35688215 -0.33878327
v -0.31329694 -0.42402529 -0.11647327
v -0.30061012 -0.25307947 -0.03296242
v -0.28501905 -0.38674358 -0.42747993
v -0.31236211 -0.06253725 0.02175039
v -0.28499902 -0.39455358 -0.43528992
v -0.28499209 -0.39071645 -0.43146964
v -0.34078331 -0.05588606 0.04819677
v -0.31762952 -0.38630518 -0.16241194
v -0.31625903 -0.33205358 -0.13059993
v -0.31622523 -0.33347624 -0.13052021
v -0.31622902 -0.32814357 -0.13057992
v -0.34028667 -0.38902796 -0.26417358
v -0.29836871 -0.16907607 -0.24026555
v -0.26935903 -0.35549358 -0.41203994
v -0.27325902 -0.35939357 -0.41187993
v -0.26951904 -0.35549358 -0.41184992
v -0.26986904 -0.35939357 -0.41575992
v -0.31236903 -0.06252358 0.02173007
v -0.24001332 -0.15142889 -0.32623196
v -0.27696230 0.09953344 -0.31900109
v -0.32078158 0.03138817 -0.13409664
v -0.34385601 0.14516240 -0.15418224
v -0.35165182 0.01518093 0.17280541
v -0.28730587 -0.11809485 0.22756477
v -0.28397879 0.00447245 0.35965727
v -0.37859637 0.12468759 0.03934789
v -0.30066525 0.00741298 0.31462291
v -0.30060903 0.00777642 0.31512007
v -0.32955514 0.09162444 0.33768649
v -0.29936904 0.00777642 0.31861007
v -0.30068998 -0.01147419 0.29504854
v -0.23886009 0.25540073 0.46553745
v -0.34653550 0.14325433 -0.04500292
v -0.22320404 0.06762453 -0.34178733
v -0.35984032 0.13003977 0.23281921
v -0.31032887 0.08305449 -0.25417867
v -0.34126576 0.17234131 0.35516047
v -0.29381180 -0.00536167 0.32132354
v -0.18973093 0.19458783 -0.42847439
v -0.24282139 0.40253408 0.35581657
v -0.28402392 0.02626981 -0.27621410
v -0.28857008 0.16616867 -0.33104960
v -0.29990585 0.11487740 -0.27944877
v -0.27623729 0.33547269 0.35370685
v -0.28832458 0.33620882 0.41502927
v -0.26334937 0.01177276 -0.29403652
v -0.28729816 0.18143885 0.44435643
v -0.31177954 0.36422903 -0.38208949
v -0.36483739 0.28754191 0.28607879
v -0.26416112 0.30286571 0.42274979
v -0.22137170 0.58984260 0.50072417
v -0.33050851 0.30747846 0.34847332
v -0.33906192 0.51236806 -0.36173318
v -0.36037129 0.41015034 0.32028654
v -0.31859161 0.55975532 0.39993274
v -0.25369903 0.48043641 -0.47434992
v -0.25364903 0.47652640 -0.47434992
v -0.33081321 0.47527067 -0.39056500
v -0.26012903 -0.07424358 0.34205007
v -0.31723353 0.43864085 -0.39337003
v -0.35531551 0.66785453 -0.26930377
v -0.31935801 0.41398166 0.45719165
v -0.34667756 0.54894322 0.35242700
v -0.32404856 0.66412387 -0.32988930
v -0.32410903 0.66402640 -0.32981992
v -0.31362065 0.74229714 0.32307578
v -0.32090310 0.70006704 0.33699388
v -0.32404903 0.65621641 -0.33713994
v -0.32402723 0.66014122 -0.33370111
v -0.29397537 0.73415594 -0.33437841
v -0.34355903 0.76168641 -0.22044993
v -0.32559902 0.65621641 -0.33372993
v -0.33400788 0.69341328 0.32433517
v -0.29282994 0.69131395 -0.37675481
v -0.32385150 0.65615129 -0.33761335
v -0.30879993 0.77857316 0.29988369
v -0.33764893 0.78611657 -0.18563893
v -0.34357903 0.76164641 -0.22044993
v -0.32792903 0.72262641 0.31080007
v -0.32449902 0.72652640 0.31470006
v -0.32788903 0.71871641 0.31470006
v -0.32794902 0.72257640 0.31080007
v -0.32961903 0.71871641 0.31080007
v -0.32794902 0.71871641 0.31457007
v -0.32903673 0.71625095 0.31457606
v -0.34747902 0.75407644 -0.22044993
v -0.34357903 0.76168641 -0.22038992
v -0.34503905 0.76168641 -0.21653992
v -0.29441809 0.83371109 0.23263143
v -0.32404903 0.72652640 0.31573006
v -0.32404903 0.72262641 0.31956008
v -0.31872701 0.79599627 -0.23201880
v -0.33766609 0.82224544 0.14573690
v -0.28298796 -0.11452295 0.02271070
v -0.25054255 -0.35411003 -0.41748787
v -0.18785808 -0.54848083 0.05451024
v -0.36490183 -0.75719766 -0.00913195
v -0.25203548 -0.76177731 0.01641622
v -0.36231302 -0.57133520 -0.55821106
v -0.24772822 -0.63225537 -0.04205571
v -0.25521103 -0.83922014 0.16836278
v -0.31840272 -0.58425351 -0.10454573
v -0.33986969 -0.65788690 -0.64574997
v -0.22013889 -0.58722166 -0.60074442
v -0.22416723 -0.64159654 -0.00721927
v -0.29117830 -0.41073173 -0.44467283
v -0.30051862 -0.25410095 -0.03299598
v -0.30051903 -0.25393359 -0.03294993
v -0.32317921 -0.40991824 -0.40555984
v -0.33437499 -0.85646530 0.15987546
v -0.32197544 -0.27634186 -0.18609726
v -0.29352357 -0.31681141 -0.03081018
v -0.29669902 -0.25817359 -0.02512993
v -0.26798384 -0.24888440 -0.32023003
v -0.27486649 -0.35158177 -0.39883463
v -0.27659293 -0.37836641 -0.42746001
v -0.24057106 -0.15224605 -0.33962872
v -0.30163037 -0.25447322 -0.03678449
v -0.24633878 -0.10646561 -0.32595161
v -0.30573858 -0.04803124 -0.02776450
v -0.29625799 -0.11886499 0.12914256
v -0.29965745 -0.29076002 -0.29951910
v -0.27818036 -0.06734250 0.33496637
v -0.31347711 -0.22328113 -0.06289177
v -0.31214971 -0.03524703 -0.17870113
v -0.30099646 -0.10121151 0.01656733
v -0.31931987 0.01137509 0.25728150
v -0.23030688 -0.44544071 0.00996090
v -0.27060690 -0.14465184 0.07289741
v -0.30026962 -0.01168762 0.29632089
v -0.21074330 -0.19145879 0.27160804
v -0.32375337 0.02662575 -0.02627976
v -0.33360874 -0.06180324 0.05906563
v -0.31235904 -0.05861359 0.01783007
v -0.28604905 -0.03908358 0.31080007
v -0.28883902 -0.03518359 0.30689007
v -0.28879902 -0.03127359 0.31080007
v -0.30059905 0.01168641 0.31861007
v -0.29686299 -0.02343129 0.29493126
v -0.30059407 0.01168656 0.31859888
v -0.25936459 -0.46553355 -0.49875803
v -0.30060903 -0.01935359 0.28736007
v -0.30182905 -0.01564359 0.28736007
v -0.30060903 -0.01564359 0.29113006
v -0.30669846 0.07142607 0.35429837
v -0.30061196 0.01176727 0.31866006
v 0.24500697 -0.13075908 0.04226375
v -0.31232903 -0.06252358 0.02164007
v -0.30536500 0.04025849 -0.21900507
v -0.30053902 -0.01955358 0.28736007
v -0.26153903 -0.07424358 0.33814007
v -0.26156783 -0.07417548 0.33815350
v -0.28206856 -0.05902619 -0.26184484
v -0.30045101 -0.01986676 0.28730631
v -0.28887589 -0.03374272 0.30815910
v -0.30136984 0.00421113 0.30935426
v -0.32282228 0.05737615 -0.20168016
v -0.29916904 0.01168641 0.32251006
v -0.21174740 -0.34874145 -0.45187051
v -0.21951499 0.18099737 -0.40472381
v -0.24037343 0.27250946 0.42653622
v -0.26506035 -0.03705739 0.38743859
v -0.22998134 -0.06527253 0.41809052
v -0.17675383 -0.21314043 0.35754352
v -0.29572102 0.16730327 -0.33325644
v -0.28434660 0.11921829 -0.30729101
v -0.29035325 -0.84526612 0.15160999
v -0.28488648 -0.38907963 -0.42993301
v -0.28826558 0.30318063 0.40080062
v -0.29612020 0.28889116 0.38560315
v -0.24461287 0.36739249 0.45106210
v -0.26240730 0.30252535 0.41129906
v -0.25206756 -0.95130615 0.24625922
v -0.32608700 0.40722467 0.42935037
v -0.31761530 0.64696878 0.37464397
v -0.26746247 0.51840622 -0.45159075
v -0.26935903 -0.35537360 -0.41184992
v -0.33320657 0.61530797 -0.34996961
v -0.31567450 0.61598857 0.40592234
v -0.32330727 0.60842211 -0.38231438
v -0.19389527 0.48304134 -0.50222889
v -0.33448795 0.67454901 -0.33145598
v -0.30009902 0.69137641 -0.36887992
v -0.29671979 0.69137586 -0.37278927
v -0.29669902 0.69142642 -0.37278992
v -0.29279903 0.69152644 -0.37669993
v -0.25041903 0.76168641 0.38111007
v -0.32445759 0.83059722 -0.12238209
v -0.30868755 0.87509111 0.03842831
v -0.27565369 0.85789338 0.23138735
v -0.15722983 0.41123483 0.42015227
v -0.25358903 0.47262641 -0.47434992
v -0.26759379 0.32414972 0.44035683
v -0.27325902 -0.35936359 -0.41184992
v -0.27211902 -0.35549358 -0.40794993
v -0.07592295 -0.75620649 -0.69446392
v -0.23033903 -0.21486359 -0.36497993
v -0.23029903 -0.21486359 -0.36501992
v -0.23313903 -0.22268359 -0.36497993
v -0.25540765 0.29624862 -0.42189859
v -0.23150252 -0.64990739 -0.02508683
v -0.29011918 -0.46335987 -0.09194809
v -0.22636597 -0.45383423 0.01384970
v -0.24814817 -0.46910585 -0.02224825
v -0.25616884 -0.55331706 -0.04478786
v -0.27900450 -0.47527931 -0.05882890
v -0.23419904 -0.20314359 -0.35718993
v -0.23029903 -0.20314359 -0.36104992
v -0.26575996 -0.17117314 0.05805893
v -0.22027329 -0.49717650 0.01309564
v -0.25966487 -0.60099996 -0.05667314
v -0.27671904 -0.35939357 -0.40794993
v -0.20280148 -0.51640751 -0.55477694
v -0.27330156 -0.35940849 -0.41185251
v -0.28950649 -0.41288638 -0.43770544
v -0.25240304 -0.40408002 -0.00702745
v -0.26544902 -0.35472358 -0.41575992
v -0.29165677 -0.26345217 -0.02771760
v -0.25591079 -0.35531778 -0.42763473
v -0.22250609 -0.45316884 0.01784789
v -0.29294903 -0.26174358 -0.01731993
v -0.29669094 -0.25784075 -0.02504205
v -0.22916903 -0.19924358 -0.36106992
v -0.26749904 0.12496642 -0.34153992
v -0.23419904 -0.21096358 -0.35965991
v -0.23419904 -0.20705358 -0.35828993
v -0.13353885 0.24047422 0.36319195
v -0.25586745 -0.14563770 0.07879026
v -0.27955044 -0.14153262 0.18861522
v -0.29430215 0.08033039 -0.27992592
v -0.26293904 -0.07424358 0.33423006
v -0.26154614 -0.07930726 0.33293020
v -0.28275716 -0.06184803 0.29586478
v -0.26154903 -0.07424358 0.33812007
v -0.22765810 -0.16617973 0.13798308
v -0.26682097 0.02000154 -0.30167516
v -0.26544902 0.12106641 -0.34146992
v -0.24554437 -0.09811345 0.35537592
v -0.26149904 -0.07814359 0.33423006
v -0.28751905 -0.04299359 0.30298006
v -0.28887904 -0.03908358 0.30298006
v -0.19951293 -0.18834178 0.14504154
v -0.29073657 -0.03824748 0.29944395
v -0.20505052 -0.19097341 0.35880930
v -0.18690037 -0.86447042 0.20615855
v -0.24029164 0.09234818 -0.34965162
v -0.21075905 -0.19142712 0.27168513
v -0.26935903 0.12106641 -0.33763993
v -0.30294189 0.12232047 0.40957883
v -0.26346129 0.12127989 -0.34354600
v -0.26942969 0.16077597 0.45883324
v -0.28024747 0.17755023 -0.36024038
v -0.26936070 0.12104979 -0.33762992
v -0.27066104 0.17022902 0.44556808
v -0.21483710 0.36007896 0.49722615
v -0.21176082 -0.19065387 0.25250518
v -0.29358999 0.22381743 -0.35873808
v -0.29428889 0.31237979 -0.40273923
v -0.24849156 0.26494328 0.35236854
v -0.20985477 -0.27515049 -0.39689662
v -0.21872130 0.26535125 0.43181334
v -0.22877545 0.45906833 -0.49316252
v -0.21477903 0.49996641 -0.48997993
v -0.21466903 0.48434641 -0.49005992
v -0.21473334 0.48230779 -0.49003126
v -0.22654554 0.46010559 -0.48495734
v -0.26107334 0.47194077 -0.46817406
v -0.27708515 0.55658233 0.46882242
v -0.29761162 0.42007573 0.48793858
v -0.28018133 0.53568704 -0.44960909
v -0.26163147 0.62868640 0.45530718
v -0.28386564 0.58793810 0.44071071
v -0.28898904 0.69137641 -0.38059992
v -0.29285903 0.69137641 -0.37669993
v -0.24857580 0.74793324 -0.39349230
v -0.31477242 0.72866934 -0.32028328
v -0.26958200 0.76620647 0.35323428
v -0.25716903 0.75777640 0.37720006
v -0.25387903 0.76168641 0.37720006
v -0.25372904 0.76185640 0.37720006
v -0.25763903 0.76481643 0.36939007
v -0.25382348 0.76556918 0.37329173
v -0.25936565 0.83376705 -0.28988036
v -0.25351996 0.76722849 0.37191488
v -0.21470904 0.51168641 -0.48997993
v -0.31212705 0.86040105 0.03876540
v -0.32551093 0.84307394 -0.03834994
v -0.25659628 0.86702777 0.23366602
v -0.19226894 0.50114872 -0.52075062
v -0.21474808 -0.70802146 -0.68136869
v -0.19656770 -0.75189414 0.05420229
v -0.25950298 -0.77113199 0.03182365
v -0.22841095 -0.43667136 0.01507589
v -0.25012809 -0.79458476 0.05198423
v -0.22996341 0.05173552 0.48192140
v -0.22985141 -0.68543224 -0.00611312
v -0.26573083 -0.39168296 -0.44983454
v -0.20151795 0.23678061 0.35765128
v -0.20454096 -0.40965817 0.05635783
v -0.22638745 -0.45339391 0.01391385
v -0.25290700 -0.39562082 0.01165442
v -0.23026902 -0.44539100 0.01000957
v -0.22282982 -0.44528724 0.01891694
v -0.23430634 -0.21499621 -0.36107853
v -0.22252903 -0.45314357 0.01783007
v -0.23020178 -0.20317630 -0.36113920
v -0.25880220 -0.29426223 0.03540602
v -0.23419904 -0.21485359 -0.36106992
v -0.23553068 -0.29118892 -0.39988295
v -0.23911324 -0.19998351 0.07913777
v -0.17186437 -0.81534740 0.10566106
v -0.23029903 -0.21473359 -0.36497993
v -0.23419901 -0.21486136 -0.36107773
v -0.25212591 -0.21691094 -0.34372023
v -0.23420718 -0.20300867 -0.35714677
v -0.25069171 -0.16294842 0.08449758
v -0.21059714 -0.17324442 -0.37193402
v 0.14249331 -0.24292183 0.14468363
v -0.22517281 -0.22716422 -0.36319526
v 0.16977034 -0.19686999 0.14705348
v -0.21181111 -0.18493172 0.13376473
v -0.15389741 -0.46857198 0.08316476
v -0.21071903 -0.19143359 0.27564007
v -0.21075904 -0.19136358 0.27955007
v -0.21075904 -0.19139359 0.27564007
v -0.16760688 -0.18221156 -0.39504266
v -0.21960967 -0.18371945 0.30221215
v -0.18026257 -0.86216393 0.21670700
v -0.24080200 -0.04221069 -0.33293535
v -0.12385491 0.25345551 0.43175595
v -0.11538998 -0.01000943 -0.40191116
v -0.23332154 -0.08356814 0.41694758
v -0.17129004 0.03350711 0.51689222
v -0.18226546 -0.02751997 0.50012395
v -0.22638903 -0.21462359 -0.36887992
v -0.15600889 0.28637021 0.46132657
v -0.18133742 0.12459237 -0.40344630
v -0.31463553 0.32337740 -0.36667838
v -0.22028361 0.30402726 -0.46498153
v -0.22497478 0.32849193 -0.46124633
v -0.22660323 0.41725649 0.36128043
v -0.21277613 0.41150129 0.55933035
v -0.22379304 0.51116667 -0.48465261
v -0.23419964 0.91013787 0.02906243
v -0.27846960 0.41681052 -0.45286094
v -0.22247904 0.49215641 -0.48546994
v -0.21466903 0.48824640 -0.49005992
v -0.21480904 0.48824640 -0.48997993
v -0.21475903 0.50777640 -0.48997993
v -0.21478904 0.49606641 -0.48997993
v -0.21466903 0.49606641 -0.49004993
v -0.10722501 0.12721399 0.53720875
v -0.14409690 0.48044479 0.57646841
v -0.17829375 0.55745888 -0.50592901
v -0.21611619 0.60880018 -0.48474550
v -0.25704618 0.63921473 -0.43942705
v -0.21466903 0.49215641 -0.49004993
v -0.21479904 0.49215641 -0.48997993
v -0.25372904 0.76559641 0.37336006
v -0.24924120 0.71474016 0.42799089
v -0.26301616 0.73011112 -0.37615234
v -0.22422668 0.79002338 0.38024273
v -0.26246743 0.88487846 0.13406297
v -0.27430203 0.86819866 0.22693315
v -0.21800022 0.89549680 -0.18742058
v -0.21672224 0.92071828 -0.04797824
v -0.22643904 0.91402640 0.02955007
v -0.22641438 0.91404127 0.02954992
v -0.21922903 0.91793641 0.03345007
v -0.21856903 0.91793641 0.02955007
v -0.22247904 0.91566642 0.02564007
v -0.26731859 0.89437205 0.04142877
v -0.21075904 -0.19143359 0.27173006
v -0.21087038 -0.71696166 0.01379138
v -0.15558132 -0.73270012 0.07669022
v -0.10235756 -0.74919459 0.08833094
v -0.18063755 -0.15037422 0.43661408
v -0.22761903 -0.44533358 0.01392007
v -0.22828903 -0.44143359 0.01392007
v -0.15864114 -0.65782479 0.06025992
v -0.20158469 -0.35394606 0.07733086
v -0.15151689 -0.49898343 -0.55375033
v -0.22641549 -0.45316482 0.01392097
v -0.22638775 -0.45316571 0.01395688
v -0.23026904 -0.20314359 -0.36106992
v -0.17511616 -0.37593439 0.08338022
v -0.19775627 -0.20178118 0.28141521
v -0.15551478 -0.21647318 -0.40658805
v -0.15544120 -0.13593734 -0.39002066
v -0.16655745 -0.86897528 0.21086948
v -0.15216903 0.12869642 -0.41965992
v -0.15216903 0.12496642 -0.41785992
v -0.15234903 0.12887641 -0.41965992
v -0.15257919 -0.06253139 0.49678077
v -0.19206018 0.03704726 -0.35701962
v -0.02695295 -0.85147695 0.12031454
v -0.18780821 0.13342421 0.51613641
v -0.26468042 0.20929626 0.45068856
v -0.14140983 -0.96600065 0.28953159
v -0.17083715 -0.20632486 0.18265291
v -0.12042425 0.25843476 0.41326397
v -0.15576081 0.33068860 -0.50561270
v -0.18950158 0.28915446 0.47663814
v -0.24523646 0.31423002 0.44245408
v -0.16538400 0.33570592 0.47965211
v -0.20934615 0.25841993 0.46885412
v -0.15216903 0.26559641 -0.48222992
v -0.15636976 0.26949594 -0.48216673
v -0.10407129 0.31565130 0.45696077
v -0.14798715 0.26148570 -0.48219924
v -0.18044668 0.28791235 0.48258852
v -0.21011696 0.51289307 -0.49262729
v -0.21608936 0.48149814 -0.48924592
v -0.09038672 0.11287933 0.60352356
v -0.14598784 0.57872310 -0.52310597
v -0.20818544 0.54313218 -0.49266849
v -0.23256009 0.84282046 0.31170511
v -0.26308171 0.67893144 -0.42345461
v -0.18775079 0.68483480 -0.46967039
v -0.18917550 0.77126888 0.44072396
v -0.16968946 0.79211842 0.43377679
v -0.28057931 0.70667409 0.41779047
v -0.14999240 0.85814878 -0.35508868
v -0.22696703 0.82228365 -0.33308314
v -0.24959204 0.88537208 -0.18077146
v -0.22709904 0.91402640 0.03345007
v -0.21857682 0.91793722 0.02958089
v -0.21466903 0.91987642 0.02955007
v -0.21857903 0.91760644 0.02564007
v -0.22627225 0.87220793 0.28931343
v -0.15762500 0.92993534 0.19783393
v -0.19789045 0.89007225 0.25654859
v -0.18738134 0.05617604 -0.37457768
v -0.15426797 -0.76747774 0.07767318
v -0.13789358 -0.47005063 0.08543092
v -0.16249319 -0.62489461 -0.63923816
v -0.04602867 0.18031094 -0.47451097
v -0.14825904 -0.35939357 -0.48464993
v -0.09759919 0.30540059 0.48320632
v -0.14044904 -0.36330358 -0.48970992
v -0.14435903 -0.35939357 -0.48612991
v -0.21141333 -0.19994127 -0.37793620
v -0.17745474 -0.34023642 -0.45268948
v -0.18892997 -0.30900634 0.10509027
v -0.19898908 -0.25342879 -0.40587553
v -0.14443698 -0.35929719 -0.48604558
v -0.15763194 -0.27357838 0.13647258
v -0.22275159 -0.29494074 0.06573771
v -0.07003142 -0.30458938 0.18579990
v -0.16746790 -0.20124273 0.18027609
v -0.22648468 -0.17230085 0.29866160
v -0.17546417 -0.16317113 0.44866094
v -0.06538811 -0.03137258 -0.40532944
v -0.13013703 -0.04655124 0.51961567
v -0.15405126 -0.02155807 0.51329051
v -0.14814089 0.12488674 -0.41969514
v -0.19281048 -0.04700800 -0.35912373
v -0.16890427 -0.08064184 0.48114781
v -0.10761168 -0.02322098 0.55927405
v -0.20951119 0.09048042 0.49612158
v -0.21090559 0.12930945 -0.38291081
v -0.22695482 0.20201663 -0.41851170
v -0.02985903 -0.46096358 -0.54465992
v -0.03107903 -0.46095360 -0.54465992
v -0.11901895 0.27732267 -0.49195757
v -0.14398112 0.26407819 -0.48468686
v -0.15216903 0.26168641 -0.48069993
v -0.14825904 0.26168641 -0.48217991
v -0.15216903 0.26542642 -0.48215992
v -0.19292212 0.36349192 0.48133737
v -0.19788676 0.34808008 0.48875341
v -0.10595043 0.39696988 0.56792365
v -0.07502008 0.65867168 -0.51867373
v -0.14302228 0.20398834 0.52626153
v -0.17587323 0.62930358 0.52412611
v -0.16461005 0.59143647 0.52932245
v -0.20240916 0.71948535 0.47462246
v -0.14817596 0.77930395 -0.42674337
v -0.14760358 0.84861675 0.37386234
v -0.16552518 0.43163991 0.38577624
v -0.15470730 0.85809729 0.37593143
v -0.05416123 0.97906058 -0.04524240
v -0.20802035 0.92517947 0.05783783
v -0.12882805 -0.82862308 0.13170524
v -0.16065338 -0.22080606 0.43169657
v -0.16582266 -0.35235449 -0.47415806
v -0.14828903 0.26168641 -0.48215992
v -0.13274812 -0.36603404 -0.48413153
v -0.05267766 -0.54515278 -0.57798084
v -0.06901039 -0.26524629 0.21999706
v -0.14825904 -0.36330358 -0.48673994
v -0.09267101 -0.42601681 0.15050197
v -0.14450904 -0.35939357 -0.48606992
v 0.01097782 0.06086955 0.59722652
v -0.11973909 -0.30337166 0.16590765
v -0.12902009 -0.16861126 -0.41820032
v -0.09575174 -0.23736598 0.50427997
v -0.14771684 -0.15260621 0.49058023
v -0.15607903 0.13259641 -0.41965992
v -0.15216903 0.12887641 -0.41974992
v -0.12765724 -0.09587350 -0.39303174
v -0.14031773 0.21064253 0.51428833
v -0.15277304 -0.61193448 0.06725886
v -0.15997904 0.13277642 -0.41785992
v -0.15997904 0.13649642 -0.41965992
v -0.14827886 0.12491599 -0.41966244
v -0.14825904 0.12496642 -0.41969994
v -0.16182991 0.13847422 -0.41972675
v -0.15625904 0.13277642 -0.41965992
v -0.15607903 0.13277642 -0.41974992
v -0.15474102 0.16534709 -0.43499570
v -0.14432442 0.39901968 -0.52590052
v -0.21471662 0.41145214 0.54686108
v -0.14789622 0.22887976 -0.46948872
v 0.01620538 -0.42338916 -0.53049746
v -0.09598987 -0.76988674 0.10066711
v -0.13665548 0.50414846 -0.52514171
v -0.13655903 0.50777640 -0.52512992
v -0.07575463 0.42067238 -0.53854963
v -0.13659563 0.50148568 -0.52519930
v -0.14471761 0.51170754 -0.52186007
v -0.13654903 0.50831642 -0.52512992
v -0.13654903 0.50387641 -0.52518994
v -0.13654903 0.50777640 -0.52513993
v -0.13263904 0.51168641 -0.52601993
v -0.17666155 0.72070943 0.47901246
v -0.10815953 0.54924814 0.56457295
v -0.09752403 0.72436509 0.50907672
v -0.13030177 0.71701842 0.50428306
v -0.04279903 -0.46096358 -0.54468996
v -0.03888903 -0.46096358 -0.54468996
v -0.17435243 0.72507187 -0.44495546
v -0.06623651 -0.30495182 0.18749464
v -0.09747903 0.96022644 -0.03684993
v -0.10596855 0.40491341 0.36800840
v -0.10882603 0.95390787 -0.05626795
v -0.10529903 0.95698639 -0.04465993
v -0.12831854 0.93103970 -0.19618720
v -0.19149709 0.93737710 -0.08814485
v -0.21870337 0.93018926 0.07288279
v -0.12754225 0.94669731 0.19829780
v -0.09531198 -0.50138074 0.11217186
v -0.24084792 -0.69472902 -0.68617632
v -0.04206088 -0.63391422 -0.62556577
v -0.11060838 -0.24657945 -0.43615879
v -0.17718845 -0.52876321 -0.57704998
v -0.07828039 0.06951451 0.56997016
v -0.07355536 -0.29010403 0.19366447
v -0.11074087 -0.33077358 -0.47444564
v -0.09412730 -0.23657766 0.21709866
v -0.01785588 -0.16649356 -0.42591048
v -0.11906809 0.07458916 -0.40401283
v -0.08549599 -0.33937335 0.16639430
v -0.11171364 -0.26602290 0.46919978
v -0.13163151 -0.24791451 0.46309382
v -0.14054357 -0.04458689 0.49394701
v -0.07864537 -0.24983478 0.23807537
v -0.12912201 -0.14163794 0.51232789
v -0.10181232 -0.10636813 -0.41320791
v -0.03602664 0.11463676 0.63693893
v -0.13651203 0.05625964 0.52523740
v -0.12802925 0.18203841 -0.45586444
v -0.04669903 -0.46096358 -0.54469991
v -0.13317448 -0.42711429 -0.52530498
v -0.10647359 0.39265461 0.57424926
v -0.08281973 0.28533764 0.36792383
v -0.11937021 0.32597785 0.46746530
v -0.15078442 0.36631243 0.47820925
v -0.07989300 0.29052644 0.51875772
v 0.00929326 0.07465027 0.65413176
v -0.10598195 0.71871153 0.50978133
v -0.02955395 0.07304816 0.64970134
v -0.12495469 0.51551755 -0.52773828
v -0.13920489 0.46113762 0.57431540
v -0.10248731 0.60515553 -0.52124547
v -0.10919903 0.73324641 0.50220006
v -0.11700904 0.72080644 0.50611007
v -0.11310903 0.72262641 0.50620007
v -0.11307063 0.72300005 0.50603250
v -0.10584903 0.72652640 0.50611007
v -0.11736490 0.65615904 -0.50740483
v -0.10529903 0.72681644 0.50611007
v -0.18124288 0.88568583 -0.29601969
v -0.16686105 0.86908083 -0.31998886
v -0.11518771 0.80860192 0.44940975
v -0.12602539 0.81378129 -0.39909671
v -0.10138904 0.95699640 -0.04856993
v -0.06241635 0.93471158 0.29125399
v -0.10904903 0.95699640 -0.04075993
v -0.10529903 0.95699640 -0.04457993
v -0.11259383 0.95751607 -0.03460074
v -0.02690867 0.97465418 -0.00124043
v -0.08089331 0.95788941 0.12103087
v -0.10029157 -0.86143533 0.20224596
v -0.04070686 0.20773807 0.61992117
v -0.01390377 -0.79816363 0.06948222
v -0.11307642 -0.25754430 0.45970936
v -0.09880310 -0.53399118 0.08966075
v -0.02525218 -0.45627633 -0.54257961
v -0.03107903 -0.46096358 -0.54466993
v -0.05235210 -0.32722794 0.19116841
v -0.09163465 -0.57826123 0.09066842
v -0.11756409 -0.33203351 -0.48022212
v -0.03497903 -0.46093357 -0.54465992
v -0.04279903 -0.46089358 -0.54465992
v -0.05065376 -0.43398325 0.16683609
v -0.08882031 -0.25903139 -0.45580963
v 0.16225097 -0.25393359 0.11939007
v 0.16032096 -0.25011358 0.12330007
v -0.03318980 -0.25546796 0.24616884
v -0.06616874 -0.30861414 0.18583621
v -0.01164652 -0.30431825 -0.47183792
v -0.00415077 -0.12350652 0.53145799
v -0.03514821 -0.90316261 0.22835438
v -0.11711531 0.08421900 -0.41435243
v 0.02306625 0.13969741 0.59681705
v 0.00713187 -0.66283533 0.06976447
v -0.11441531 0.11346396 0.53882539
v -0.06904244 0.06963063 -0.42070664
v -0.07525363 0.07274101 0.56742750
v -0.07194394 0.09020477 0.60530039
v -0.06725666 0.20718027 0.59255927
v 0.01947097 0.31246641 0.58033007
v 0.01944895 0.31498866 0.58020673
v -0.09690324 0.32737255 0.47588194
v -0.02051318 0.30881824 0.59657190
v -0.01873643 0.07355240 0.64715940
v 0.03542984 0.50960102 0.57205728
v -0.11969330 0.40149565 -0.53028935
v -0.07592708 0.32155495 0.39070413
v -0.01015435 0.23634134 0.63745888
v -0.10325074 0.34531480 0.43994465
v 0.01970180 0.30856104 0.58024445
v -0.07458846 0.35369634 0.37463449
v -0.11753556 0.39720916 0.42559113
v -0.09274719 0.44472843 0.58735185
v -0.08671674 0.34334009 -0.53073552
v -0.07750974 0.43118687 0.59834886
v -0.08130826 0.68058875 0.53317930
v -0.06952845 0.71623359 -0.47762585
v -0.10827466 0.70372977 0.51173663
v -0.10521904 0.95699640 -0.04465993
v -0.09680328 0.91466807 -0.27134483
v -0.03656100 0.74641239 0.51391773
v -0.06083870 0.31438739 0.52198354
v -0.07365373 0.95589929 -0.08248791
v -0.08453972 0.83629174 0.41733005
v -0.02287874 0.98355191 0.01600363
v -0.03888903 -0.46091358 -0.54465992
v -0.00626039 -0.46052504 -0.54435356
v -0.07344249 -0.83695512 0.13479036
v 0.00435264 0.28839833 0.60890601
v -0.01902057 -0.47032075 -0.54918554
v -0.01633763 -0.29404397 0.20351128
v -0.08516568 -0.98035268 0.30375439
v -0.04941078 -0.90847776 0.25080088
v -0.02946982 -0.45206155 0.18231209
v 0.19090055 -0.22035850 -0.38259169
v -0.07898217 -0.18662862 0.52362364
v -0.06225041 -0.23017713 0.54191284
v -0.03350004 -0.26495237 0.51691211
v 0.05694288 0.07356009 -0.42176372
v -0.05193909 -0.01302537 0.58853526
v 0.05608618 -0.03415042 0.54659315
v -0.04323301 0.13314799 0.68039538
v -0.01463454 0.10667695 0.69186745
v -0.03015274 0.05767660 0.60217370
v -0.10100131 0.11979524 0.60340185
v -0.04029737 0.11853482 0.69504790
v -0.07016549 0.24373386 0.55748612
v -0.03751909 0.22078402 0.63878802
v -0.01874484 -0.27486014 -0.45958072
v -0.04510790 0.47627892 -0.55495214
v 0.01432973 0.33004837 -0.53115625
v -0.03105763 0.32845274 0.59099074
v 0.00275960 0.30375600 0.58549295
v 0.00476059 0.79744660 0.47816529
v -0.03167917 0.90690588 0.33738728
v -0.09355820 0.79103961 0.46330678
v -0.01397193 0.66723937 -0.51065391
v -0.11680300 0.94226224 -0.20051346
v -0.01144854 0.91308889 -0.29608279
v -0.13509691 0.95494071 0.02098469
v -0.01245723 0.97372100 0.11053149
v -0.02880311 -0.27020626 0.47163667
v -0.00209181 -0.98355191 0.31196022
v 0.08268235 -0.55147170 -0.59240801
v 0.00798097 -0.46096358 -0.54466993
v 0.00676097 -0.46096358 -0.54465992
v -0.04433731 -0.42525314 -0.51986730
v -0.03106817 -0.64180615 0.06265451
v 0.02294170 -0.64033405 -0.62981825
v 0.00563875 -0.44362182 -0.53708468
v -0.02153756 -0.76049335 -0.69504790
v -0.03497903 -0.46096358 -0.54467994
v 0.06315982 -0.54241321 0.09368271
v -0.05269702 -0.52107677 -0.57379996
v -0.00440411 -0.47009538 0.17363186
v 0.01188097 -0.46096358 -0.54467994
v 0.01188097 -0.46093357 -0.54465992
v 0.00798097 -0.46095360 -0.54465992
v 0.01579097 -0.46096358 -0.54467994
v 0.01970097 -0.46096358 -0.54468996
v -0.02657791 0.06179855 0.59540764
v 0.04996318 -0.25287838 0.22530580
v -0.01214647 -0.22971861 0.53969832
v -0.10012747 -0.04135000 0.52159568
v -0.03898839 -0.26624872 0.28601236
v -0.00150709 -0.27831557 0.22116229
v 0.02178708 -0.24746401 -0.45676030
v 0.02902928 -0.04652947 0.55336832
v -0.00947406 -0.04863062 0.57440187
v 0.06299878 -0.56770148 0.09253119
v -0.01076998 -0.03170156 0.58934303
v 0.01096275 0.11954713 0.69407478
v -0.00756851 0.09377347 0.62058196
v 0.00870756 0.07208053 -0.41906247
v -0.04820557 0.13842588 0.58785459
v -0.02210274 0.22946169 -0.49010016
v -0.01536502 0.16614853 0.68508815
v 0.06958045 -0.75329326 -0.69365949
v 0.05946301 0.22535384 0.56644622
v -0.02476822 0.42147387 0.59545712
v 0.01001950 0.32296350 0.57580136
v 0.01963097 0.30856641 0.58033007
v 0.01970097 0.30856641 0.58025008
v 0.03218638 0.43698826 0.60128134
v -0.02755375 0.31803274 0.57910244
v 0.01742097 0.30465641 0.58423006
v -0.06323062 -0.48114259 0.13182640
v 0.08134750 0.39804004 0.58546446
v -0.00016958 -0.49900485 0.13578132
v 0.00430630 0.76154750 0.49487971
v 0.03025208 0.82428908 0.44085284
v 0.00494360 0.82640580 -0.40017441
v -0.02040134 0.95911892 -0.18054374
v 0.00994652 0.86849321 0.41220390
v 0.08637703 -0.43557034 -0.52226960
v 0.07544559 0.96107691 -0.06421781
v -0.04077582 -0.76002144 0.06892058
v -0.01454689 -0.79264473 0.07443015
v -0.01582237 -0.48051822 0.17599554
v 0.01579097 -0.46091358 -0.54465992
v 0.18918745 -0.76022240 0.04675181
v 0.02286830 -0.31918708 0.18935942
v 0.02855085 -0.46130996 -0.54486329
v 0.01970097 -0.46089358 -0.54465992
v 0.02360097 -0.46087358 -0.54465992
v 0.01929171 -0.00797033 0.59063630
v -0.01049291 -0.51856157 0.12682771
v 0.17933097 -0.63674358 0.01001007
v 0.30034205 -0.07843126 0.04212864
v 0.07748871 -0.27004424 0.47213295
v -0.06703054 -0.13235010 0.52468732
v -0.08704623 -0.11127905 0.53786591
v 0.29867257 0.02431827 -0.01640359
v 0.08841822 -0.16988080 0.51522814
v -0.05228530 -0.08070970 0.57346334
v 0.02236821 -0.12408813 0.53704522
v 0.15251096 -0.19603359 0.18970008
v -0.02029592 -0.01436507 0.61070798
v -0.00675714 0.09635792 -0.42948961
v 0.00670808 0.15939676 0.68470374
v 0.00404479 0.08108309 0.65476610
v 0.02703331 0.14881508 0.66059729
v 0.02630748 0.32904227 0.57108481
v 0.05738215 0.90683427 0.31970559
v -0.04490780 0.95612321 -0.14021436
v 0.04108445 -0.76510158 0.08030639
v 0.07179320 -0.79852605 0.11092896
v 0.08278537 -0.55702092 0.08644209
v 0.10583772 -0.90566826 0.25511837
v -0.01770705 -0.76573948 -0.69043461
v 0.03643838 -0.59857367 -0.60726162
v 0.02035827 -0.35795409 -0.50296266
v 0.17985097 -0.64064357 0.00920007
v 0.17595101 -0.64064360 0.01392119
v 0.02491683 -0.88106308 0.20771226
v 0.01285980 -0.47715639 -0.55232726
v 0.14039270 -0.72786585 -0.69300656
v 0.13397542 -0.25893435 -0.42202365
v -0.00243453 -0.59649382 -0.61392996
v 0.10161453 -0.72441166 0.09191082
v 0.09506384 -0.97579009 0.29933520
v 0.14114649 -0.59991056 0.05858152
v 0.09585321 -0.49800374 0.09551195
v 0.08625669 -0.31581713 0.16856334
v 0.10691268 -0.66513616 0.07785265
v 0.12149731 -0.41198065 0.11115608
v 0.24305944 -0.48184122 -0.04725200
v 0.03128018 -0.45821105 0.16511476
v -0.01690014 -0.04115899 -0.41437427
v 0.07604098 -0.25862866 -0.44407707
v 0.06922110 -0.18405637 0.51608276
v 0.07493605 -0.24655919 0.50916480
v 0.10947397 0.01737819 -0.39057943
v -0.04419717 -0.09350711 0.58079056
v 0.04534158 0.07716259 0.56988757
v 0.08118320 0.10802937 0.59878395
v 0.11140898 -0.02120947 0.53153881
v 0.06119645 0.06937318 0.56940038
v 0.05469757 0.19957225 0.57537136
v -0.00583457 0.21198394 0.64633471
v 0.05155912 0.10405531 0.61234210
v 0.01800542 0.23646304 0.61347404
v 0.05281572 0.17018511 0.57425349
v 0.05234038 0.15243041 0.62358668
v 0.07444341 0.30736405 0.43279224
v 0.04945407 0.34746273 0.37849467
v 0.18440140 -0.18685746 0.27714361
v 0.20357976 -0.66051857 -0.01105342
v 0.04203924 0.36858007 0.57087134
v 0.02595587 0.47430070 -0.54767427
v 0.08077677 0.38890269 0.42220911
v 0.06686534 0.67029536 -0.49927539
v 0.09068129 0.44338813 0.59256038
v 0.09264629 0.33635589 0.46138815
v -0.02914835 0.85649396 -0.38433173
v 0.12005813 0.73574258 -0.44977534
v -0.01554287 0.92315473 -0.28934801
v 0.06376311 0.95519909 0.20122833
v 0.05479320 -0.10201104 0.55375750
v -0.01942639 0.94022822 0.26965499
v 0.05104366 0.96297599 0.10856045
v 0.13157449 -0.52138601 -0.56588000
v 0.12691484 0.25428620 -0.48065335
v 0.17010437 -0.57885806 0.03789746
v 0.13588193 -0.81521622 0.13037859
v 0.06379531 0.21456406 -0.48189155
v 0.10692816 -0.24854418 0.43661480
v 0.07437647 -0.41995649 0.14866577
v 0.08944337 -0.46944248 0.10031577
v 0.26519375 -0.45518185 -0.08838189
v 0.11021264 -0.88300340 0.22267817
v 0.05469738 -0.08694974 0.56899416
v 0.04138466 -0.16482605 -0.42953512
v 0.13688097 -0.26564357 -0.42360992
v 0.14079096 -0.26955358 -0.42360992
v 0.05585603 -0.25587469 0.50514702
v 0.11235644 -0.25103160 0.43064255
v 0.16906017 -0.21733562 -0.38908979
v 0.00037798 -0.04865200 0.51987475
v 0.08735219 -0.05174776 0.50115736
v 0.12760646 -0.05624334 0.50648818
v 0.09444861 0.12216085 0.53902933
v 0.09843115 -0.05723049 -0.39236033
v 0.09717585 -0.03413347 0.54511552
v 0.06758422 0.21384693 0.55048156
v 0.09773857 0.23412480 0.51295789
v 0.07304397 0.07608678 0.54007280
v 0.05014289 0.29572866 0.52815827
v 0.15169598 0.04855027 0.51301970
v 0.12243411 0.14946892 0.53322573
v 0.12975884 -0.24921309 0.15404344
v 0.05258697 0.29889695 0.36724256
v 0.03582525 0.42210468 0.59281244
v 0.07664840 0.31301708 0.46405749
v 0.09168572 0.32660250 0.46417788
v 0.12980246 -0.05914524 0.49494375
v 0.05799808 0.24730271 0.54086225
v 0.08411823 0.30958031 0.45826438
v 0.09734322 0.26325059 -0.48832770
v 0.09172320 -0.79824849 0.09974255
v 0.11058253 0.37783741 -0.51931992
v 0.10651198 0.27235268 0.43825972
v 0.06051883 0.53406427 -0.53494669
v 0.06341031 0.60855437 -0.53063280
v 0.01099149 0.72809671 -0.48466111
v 0.14396226 0.54600923 -0.51231690
v 0.05860662 0.68904677 0.51996650
v 0.00633728 0.57461778 0.55634930
v 0.08362763 0.80055013 0.45790328
v 0.08718137 0.85777571 0.37888793
v 0.14861844 -0.53099061 0.06386252
v 0.13269111 0.95702578 -0.04370150
v 0.16188128 -0.78093933 0.07734432
v 0.16435224 -0.54001497 0.04094143
v 0.06579391 -0.24007314 0.25369470
v 0.15461041 -0.78363839 0.07161677
v 0.14713225 -0.67855530 0.06314991
v 0.19405847 -0.68426447 0.01135443
v 0.14131137 -0.85292788 0.20642523
v 0.16204446 -0.72651652 0.04368804
v 0.11939181 -0.58855103 -0.60592032
v 0.14070173 -0.34810270 -0.46540266
v 0.15747495 -0.28411187 0.11086582
v 0.14079096 -0.26564357 -0.42191992
v 0.16226090 -0.43014147 -0.50277274
v 0.14470097 -0.27334360 -0.42356992
v 0.14473352 -0.27343536 -0.42359419
v 0.14014796 -0.38432881 -0.49531518
v 0.13637552 -0.20091483 -0.41073470
v 0.15251096 -0.25011358 0.13111007
v 0.14864097 -0.25002358 0.13501008
v 0.06807844 -0.24757661 0.20277672
v 0.17254845 -0.25084826 0.12341177
v 0.10579588 -0.22829077 0.20645498
v 0.08018378 -0.15264806 -0.41087725
v 0.15318095 -0.28913845 -0.42679367
v 0.09605897 -0.25351436 -0.43673675
v 0.14133013 -0.20475273 0.19048332
v 0.15274649 -0.20319859 0.41846350
v 0.12095179 -0.16924546 0.48302556
v 0.16691096 -0.23185987 0.12548328
v 0.10485519 -0.23515615 0.46109642
v 0.13482795 -0.23502016 0.34275460
v 0.19083850 -0.12225842 0.41612711
v 0.13461214 -0.16453867 0.45549683
v 0.13924447 0.06725542 -0.38390218
v 0.08894153 0.12574483 0.53706794
v 0.13141537 -0.00200092 0.53237310
v 0.16168573 0.10157692 0.52116466
v 0.15508081 0.24448129 0.48954481
v 0.08387413 0.26052476 0.37392899
v 0.30545028 0.32874354 0.35711790
v 0.10919927 0.34257920 -0.51594976
v 0.11735097 0.33199640 -0.50812990
v 0.11735097 0.33590641 -0.50948996
v 0.10275139 0.41038570 -0.53232892
v 0.11734498 0.33600560 -0.50952623
v 0.11735097 0.33596640 -0.50950992
v 0.10182274 0.35629136 0.48433717
v 0.18307589 0.40565373 -0.50047450
v 0.12262935 0.41808513 0.57807297
v 0.14470043 -0.25002353 0.13895081
v 0.14470097 -0.25009359 0.13892007
v 0.14081097 -0.25002358 0.14283007
v 0.14470097 -0.20250358 0.18970008
v 0.14453070 -0.20265531 0.18964697
v 0.10358881 0.63338995 0.52921167
v 0.12685663 0.59927021 -0.51905219
v 0.15339624 0.66158443 0.50361345
v 0.11561992 0.68604756 0.51896282
v 0.06701869 0.75362428 0.49836952
v 0.10359921 0.76504223 0.47012216
v 0.14662877 0.78388379 0.44719233
v 0.05295479 0.88072970 0.37889080
v 0.08107889 0.90349774 -0.29059427
v 0.19870427 0.92153187 -0.04580039
v 0.13465276 0.91736340 0.25483076
v 0.03063187 0.93178738 0.30405493
v 0.10398950 0.93943566 -0.15631531
v 0.09001686 -0.88914066 0.22980064
v 0.17326014 -0.62937955 0.01769505
v 0.07240528 -0.82870625 0.12506353
v 0.14431104 0.23183135 0.36388722
v 0.12671216 -0.48661590 -0.54544330
v 0.17595094 -0.64064354 0.01392917
v 0.12126096 0.33981641 -0.50886995
v 0.17970238 -0.63610668 0.00954822
v 0.19566974 -0.42153786 -0.49457050
v 0.18611917 -0.42414970 0.03277501
v 0.10164647 -0.36371857 0.13438800
v 0.16818369 -0.52719826 -0.57351189
v 0.14079096 -0.25002358 0.14285007
v 0.14080044 -0.25002914 0.14283900
v 0.13899096 -0.25393359 0.14283007
v 0.14470131 -0.27332884 -0.42356231
v 0.14089096 -0.26955358 -0.42356992
v 0.14264097 -0.24611359 0.14283007
v 0.16518448 -0.26714272 0.10983438
v 0.14079096 -0.26945359 -0.42356992
v 0.14860097 -0.25010358 0.13501008
v 0.14860097 -0.27346358 -0.42193994
v 0.15251097 -0.25002358 0.13115008
v 0.15641097 -0.24611359 0.12907007
v 0.15641097 -0.25002358 0.12725007
v 0.14861864 -0.19927350 0.18968175
v 0.21283513 -0.17673341 0.28037365
v 0.14860097 -0.24221358 0.13869007
v 0.16784234 -0.20706865 0.33403908
v 0.17595472 -0.19995192 0.31466460
v 0.15641097 -0.25012358 0.12720008
v 0.15646096 -0.25002358 0.12720008
v 0.14860097 -0.25002358 0.13505007
v 0.16034036 -0.25005122 0.12330841
v 0.12096812 -0.21175080 0.21264714
v 0.07913451 -0.13944597 0.51722546
v 0.17665267 -0.18484460 0.14986843
v 0.14860097 -0.19928359 0.18970008
v 0.18034759 -0.19498979 0.34098424
v 0.17899695 -0.15290512 -0.36439303
v 0.15718730 -0.00333749 0.50290942
v 0.12528234 -0.11712251 0.50008909
v 0.15850135 0.00809933 -0.37159054
v 0.22963226 0.18579088 0.47369444
v 0.22099669 -0.02471794 -0.30576305
v 0.20910792 0.00020297 0.47362968
v 0.11867845 0.17270662 0.52340437
v 0.17653132 -0.95773110 0.26569227
v 0.15091261 0.24619584 0.44054760
v 0.08328996 0.30511229 0.47443764
v 0.11874963 0.26589960 0.47647878
v 0.10261223 0.20233901 0.52418794
v 0.16711054 0.42971583 0.56706063
v 0.12099105 0.39727591 0.44296282
v 0.19057987 0.39794453 -0.48629617
v 0.15802776 0.41050304 0.44605942
v 0.13770449 0.34558334 0.48508886
v 0.05171546 0.45814639 -0.55107449
v 0.23064417 0.53900789 0.48659652
v 0.23063097 0.53902640 0.48660007
v 0.23063097 0.53910639 0.48658007
v 0.26016526 -0.68230085 -0.66764121
v 0.20843012 0.46143621 0.53757233
v 0.18063388 0.72421600 0.45443540
v 0.14304538 0.70153183 0.49816307
v 0.11100676 0.68423220 0.51010377
v 0.14860097 0.70699640 0.49286008
v 0.19782109 0.67653789 0.48141530
v 0.14860097 0.70388641 0.49439007
v 0.16342526 0.81180426 -0.37545923
v 0.17914395 0.87347167 -0.27780392
v 0.19622832 0.92159155 0.13381930
v 0.17582836 -0.64068158 0.01398263
v 0.21118306 0.92195950 -0.06422935
v 0.18602028 0.92474776 0.05224344
v 0.19316871 0.92958917 -0.01749167
v 0.22037029 -0.25872587 -0.36292577
v 0.25029996 -0.94466503 0.23337507
v 0.22806541 -0.69430928 -0.68054021
v 0.20214255 -0.08498987 -0.33171916
v 0.24646926 -0.89493779 0.20272256
v 0.23719986 -0.74742958 0.00382076
v 0.14349642 -0.85203430 0.19152597
v 0.18339302 -0.81644397 0.10231517
v 0.18627473 -0.69115299 0.01790817
v 0.22181351 -0.54301739 -0.04700432
v 0.22474504 -0.88333687 0.21042395
v 0.19805861 -0.63198866 -0.64182810
v 0.19992001 -0.40531134 0.03568303
v 0.22061652 0.06977248 -0.33778928
v 0.17949265 -0.55006871 0.02816699
v 0.19315832 -0.38698703 0.03517868
v 0.19263928 -0.29787426 -0.41790572
v 0.14860097 -0.19924358 0.18982008
v 0.21974206 -0.16665334 0.25537385
v 0.18416192 -0.24866136 0.09766766
v 0.17205027 -0.20314226 0.33442263
v 0.19932605 -0.32760551 0.06163957
v 0.17203964 -0.20319466 0.33408177
v 0.17204096 -0.20314359 0.33423006
v 0.15855097 -0.25393359 0.12330007
v 0.13360844 -0.06409969 -0.39196493
v 0.18634171 -0.22363093 0.12114544
v 0.15217908 -0.25068516 0.13117527
v 0.17204096 -0.20335359 0.32642007
v 0.15641097 -0.25393359 0.12543007
v 0.17204096 -0.20325359 0.33033007
v 0.17215096 -0.20314359 0.33033007
v 0.18743097 -0.14106351 -0.36536515
v 0.23478761 -0.14435792 0.24448287
v 0.12218668 -0.21163753 0.45283738
v 0.30816036 -0.64680422 -0.06989753
v 0.19157096 -0.13283359 0.40463006
v 0.16698637 -0.16454660 0.42035902
v 0.19158010 -0.12893182 0.40839895
v 0.16362558 -0.10878085 0.45015671
v 0.13376269 -0.09673305 0.48591516
v 0.19702412 -0.63043259 -0.02199438
v 0.18077711 0.11651142 -0.37761371
v 0.20047177 -0.04056924 0.45767271
v 0.17492093 0.06332168 -0.37089813
v 0.17217774 0.08137613 0.51377363
v 0.19722229 0.12391814 -0.38153091
v 0.29162361 -0.93946901 0.22530219
v 0.21632875 0.02889709 -0.31816156
v 0.22890731 -0.94908087 0.24979373
v 0.15726836 0.29794562 0.48067218
v 0.20608635 -0.30390625 -0.39917065
v 0.19144660 0.42358786 0.54649150
v 0.23472872 0.08532990 -0.32181009
v 0.18597176 -0.18812117 0.15369650
v 0.19060407 0.36233156 0.49406546
v 0.19596197 0.23496835 -0.43019276
v 0.13830570 0.28030006 -0.47392587
v 0.19021689 0.27236160 0.44334879
v 0.19334870 0.25093070 0.46543359
v 0.20732577 -0.40115239 0.01350173
v 0.15348692 0.33123713 0.47773205
v 0.14085742 0.35016826 -0.50269319
v 0.12455773 0.43062469 0.36576881
v 0.16609691 0.36150659 0.48122669
v 0.14860097 0.70309641 0.49478006
v 0.23132821 0.36504282 0.48098471
v 0.26956461 0.81233141 0.25662744
v 0.18896527 0.23335113 -0.44052042
v 0.17492161 0.51262090 -0.50967993
v 0.15256660 0.66704691 -0.47420829
v 0.12591641 0.60237858 0.54478900
v 0.19359414 0.09628945 0.49504951
v 0.12670136 0.53258161 -0.52137449
v 0.28479972 -0.64739574 -0.06515407
v 0.22165676 0.45823291 -0.48093920
v 0.20007356 0.60603681 -0.47027132
v 0.22408624 0.51190962 -0.47996565
v 0.22907894 -0.69077314 -0.67340027
v 0.19967228 0.57842454 0.50218505
v 0.11612831 0.78974643 -0.40949087
v 0.12783039 0.72490256 -0.46364231
v 0.14860097 0.71090641 0.49094006
v 0.24153790 0.67257976 0.44816328
v 0.15139356 0.72231707 0.48458761
v 0.24398292 0.61630314 0.45392657
v 0.21535063 0.73937218 -0.39492544
v 0.16128351 0.84847254 0.36066185
v 0.15760939 0.77700794 0.42953448
v 0.17984763 0.77732665 0.42408158
v 0.17549175 0.80509162 0.40049771
v 0.17980717 0.78127490 0.42018285
v 0.18509255 0.77398004 0.42338861
v 0.17987097 0.77731641 0.42408007
v 0.18376096 0.77731641 0.42109006
v 0.13228441 0.81881918 -0.39396231
v 0.22282096 0.05472642 0.47095006
v 0.17503413 0.84732673 0.33884441
v 0.23843368 0.73825189 0.40452766
v 0.18967561 0.76512952 0.42863595
v 0.13104811 0.88834618 -0.31420376
v 0.16731141 0.89100105 0.26200841
v 0.11477026 -0.42636868 -0.52314823
v 0.08616339 0.93221195 0.23573951
v 0.21191032 0.90876471 0.14327429
v 0.15931560 0.93049816 0.13110183
v 0.18825242 0.90630113 0.17386142
v 0.15433691 0.94385503 0.05038809
v 0.21498639 -0.90625152 0.22876916
v 0.16120101 -0.20462215 0.34933987
v 0.24481741 -0.77671745 0.03276537
v 0.19812678 -0.79586862 0.07806101
v 0.21526884 -0.59092046 -0.03280402
v 0.21732164 0.08168159 0.47500058
v 0.23325072 -0.67272631 -0.67212498
v 0.21678647 -0.89486954 0.22065754
v 0.20042832 -0.58938780 -0.60109073
v 0.22066049 -0.90549125 0.22652375
v 0.21892752 -0.19918572 -0.33761709
v 0.20509927 -0.12995779 0.38204557
v 0.19157096 -0.12888358 0.40845006
v 0.19157096 -0.12502359 0.41219008
v 0.19147097 -0.12502359 0.41236007
v 0.19154096 -0.12893359 0.40845006
v 0.20447708 -0.34933771 0.05044492
v 0.21996129 -0.14096730 0.30664502
v 0.27015134 -0.28700076 -0.29651287
v 0.23401868 -0.27078549 0.03632894
v 0.21237306 -0.29265711 0.05883335
v 0.17563596 -0.10698439 0.44998444
v 0.22643562 -0.12503145 0.34226975
v 0.21503566 -0.19932979 -0.34147913
v 0.26057196 -0.20835942 0.00431421
v 0.23910825 -0.49471719 -0.52139383
v 0.19160020 -0.12464555 0.41249804
v 0.21102881 -0.08198144 0.42005686
v 0.23318966 -0.80776276 0.07028106
v 0.33220097 -0.80475358 0.07642007
v 0.22309928 -0.14741810 0.26777961
v 0.21954122 -0.21795234 -0.34349609
v 0.21106530 -0.19917154 -0.34532633
v 0.19020487 -0.02322587 0.48991204
v 0.19660224 0.05484284 -0.34325027
v 0.22286735 0.05456721 0.47085118
v 0.20394273 0.09202043 0.49656160
v 0.26817966 -0.12219433 0.10607662
v 0.21905080 0.04234495 0.47140671
v 0.21886637 0.05447981 0.47492191
v 0.22280096 0.05465641 0.47095006
v 0.26345440 0.03516549 -0.25194152
v 0.21054831 0.00494279 0.45844534
v 0.21891097 0.05465641 0.47485009
v 0.22114319 0.04869963 0.47094524
v 0.30739768 -0.34948356 -0.16791578
v 0.18707640 0.25305897 0.39980934
v 0.26188096 0.18746642 0.44360009
v 0.26576098 0.18746642 0.43970006
v 0.22845574 0.41080942 0.53127354
v 0.20971491 0.25082132 0.35439249
v 0.26794288 0.24101405 -0.36240770
v 0.21871039 0.05475538 0.47534170
v 0.23439550 0.32965293 0.42691455
v 0.21055412 0.26192060 0.46352581
v 0.22421679 0.28934807 0.41661695
v 0.18362155 0.30145438 0.48088258
v 0.25148545 0.41273010 -0.45309290
v 0.17086690 0.33854594 0.47931202
v 0.23217602 0.34398245 0.47070063
v 0.24359342 -0.84527797 0.15965060
v 0.24498080 0.16599926 0.45573768
v 0.18639931 0.34998135 0.49588565
v 0.23741720 0.38565507 0.35666311
v 0.25443760 0.05761884 0.43216394
v 0.26445417 0.35040728 0.45016785
v 0.23690744 0.28885022 -0.41998790
v 0.19710075 0.38943265 0.43297278
v 0.14059881 0.55850952 0.54042497
v 0.22819953 0.46677562 0.52200262
v 0.27868260 -0.40603447 -0.09378569
v 0.21506802 0.45126055 -0.47691816
v 0.20713096 0.50387641 -0.48997993
v 0.16678352 0.51524077 0.53870504
v 0.22946496 0.51440115 0.49550638
v 0.23301704 0.42784763 0.51837134
v 0.22673097 0.53909644 0.49048006
v 0.26372194 0.39562021 0.48194404
v 0.20773139 0.62637631 -0.45749969
v 0.20317441 0.62790259 0.49476085
v 0.22673097 0.53512641 0.49169007
v 0.22675096 0.53902640 0.49048006
v 0.22324560 0.53541945 0.49499371
v 0.25161641 0.54344939 0.46386658
v 0.24970631 0.63005948 -0.42379681
v 0.23469917 0.54041625 0.48212365
v 0.29440785 -0.53690393 -0.12404104
v 0.22282096 0.53902640 0.49433008
v 0.21988593 0.73575869 -0.40590130
v 0.18376096 0.78121641 0.41717007
v 0.17988097 0.78121641 0.42017007
v 0.18376096 0.77823641 0.42017007
v 0.20943312 0.75411662 0.42179824
v 0.19815811 0.86053285 -0.29496257
v 0.17985097 0.78121641 0.42020008
v 0.26547014 0.72039964 0.37245268
v 0.10831507 0.92176925 -0.25188347
v 0.20737331 0.89215497 -0.16412791
v 0.21886570 0.85911233 0.28534553
v 0.24979917 0.89881403 0.04615200
v 0.23162588 -0.43895129 -0.03077956
v 0.23131642 -0.71552887 -0.00290265
v 0.25545254 -0.13620870 0.19819356
v 0.24281486 -0.53306723 -0.05400582
v 0.24557603 -0.61323323 -0.06148056
v 0.25705112 -0.84262011 0.16380346
v 0.21868601 -0.15832705 0.08780999
v 0.37301607 -0.53802832 -0.19266970
v 0.21647917 0.42218729 -0.48118105
v 0.27342242 -0.60300206 -0.06956257
v 0.21910258 -0.70025477 -0.01442546
v 0.28018973 -0.45743252 -0.47033315
v 0.34539143 -0.74767068 -0.02748663
v 0.34512962 -0.58348305 -0.13796591
v 0.31026883 -0.82480074 0.11965174
v 0.32409553 -0.88118302 0.17605870
v 0.24328033 -0.27484651 -0.35232340
v 0.24563667 -0.28999337 -0.00162287
v 0.28092250 -0.57865880 -0.09453551
v 0.23713496 -0.31659268 0.00124920
v 0.25683749 -0.43372042 -0.46209872
v 0.21891097 -0.19924358 -0.33764991
v 0.24780776 -0.35830386 -0.03263691
v 0.59144518 -0.64468876 -0.16732779
v 0.37097569 -0.48036096 -0.24871212
v 0.21498037 -0.19919213 -0.34149707
v 0.24590742 -0.43275885 -0.03824850
v 0.21278580 -0.19039288 -0.35247593
v 0.21999096 -0.20314359 -0.33762992
v 0.21501096 -0.19924358 -0.34147993
v 0.24574289 -0.12888337 -0.29916680
v 0.24445311 -0.19564734 -0.31782837
v 0.29588570 -0.26854243 -0.09745110
v 0.25355949 -0.11778893 0.01820034
v 0.23380202 -0.15728690 0.07207013
v 0.21585586 -0.03180424 -0.32111089
v 0.22886115 -0.21254567 0.04486257
v 0.23392810 -0.19004300 -0.31616210
v 0.26725637 -0.10032062 0.24887091
v 0.23042883 -0.03290202 0.42543515
v 0.25803731 0.21477773 -0.36108736
v 0.23231409 -0.06464784 0.37426219
v 0.24247163 0.00906748 -0.29334225
v 0.23306353 -0.01718673 0.41592875
v 0.22249216 -0.78826063 0.04227729
v 0.26176097 0.21481641 -0.35715992
v 0.26185001 0.21470645 -0.35701473
v 0.22672097 -0.00873685 0.43006071
v 0.24584358 -0.04398005 0.38537508
v 0.20853958 0.28618631 0.45428989
v 0.57464498 -0.76619287 -0.00255927
v 0.24203094 0.06293738 0.43689686
v 0.28656699 0.06187996 -0.23689793
v 0.26564499 -0.06314303 0.30911547
v 0.29543832 -0.08440222 0.05919445
v 0.23143822 0.08906871 0.47152026
v 0.22318751 0.05973503 0.47205757
v 0.27523340 0.11789052 0.42507902
v 0.26880773 0.30421920 0.39778544
v 0.26184153 0.21500823 -0.35715354
v 0.26703098 0.21871642 -0.35325992
v 0.28309672 0.15612192 0.40770411
v 0.26188098 0.18746310 0.44361296
v 0.25663922 -0.46074688 -0.06385499
v 0.22439852 0.20096883 0.46663452
v 0.26178097 0.19137641 0.44361007
v 0.24927594 0.29888594 0.35302118
v 0.25395899 0.26295183 0.41361464
v 0.24549481 0.36843988 0.35569659
v 0.25798097 0.21459641 -0.36106992
v 0.25917621 0.00423218 0.39256407
v 0.23115052 0.37064820 0.39246969
v 0.20479273 0.30177854 0.44454514
v 0.24219552 0.30121164 0.41609161
v 0.22637475 0.34864446 0.45680002
v 0.32439211 0.38357454 -0.31415463
v 0.29077276 0.35037410 0.41851329
v 0.20311728 0.32542060 -0.46713908
v 0.21594581 0.39087353 0.43191326
v 0.26348025 0.37154883 -0.42033992
v 0.21917073 0.54377404 0.49596544
v 0.21640461 0.52645517 -0.47421433
v 0.24388293 0.33876227 0.42838352
v 0.24492510 0.32636228 0.43475078
v 0.25776449 0.46989750 0.49571948
v 0.26598956 0.17022612 -0.32959210
v 0.19890410 0.41724839 0.36276427
v 0.22668909 0.35947148 0.44297729
v 0.21681608 0.37730222 0.42222298
v 0.22673097 0.53902640 0.49050006
v 0.27079068 0.42154014 0.47700580
v 0.27360096 0.50777640 0.44901007
v 0.28570648 0.35649897 0.40888010
v 0.26579003 0.51879888 0.45532661
v 0.22097961 0.61519522 -0.46397709
v 0.20567538 0.63879819 0.48099854
v 0.25327081 0.47165214 0.48836074
v 0.24169354 0.68489012 0.42836005
v 0.24233911 0.65320924 -0.43027026
v 0.24862216 0.55354565 0.47542272
v 0.23841097 0.73824640 0.40455007
v 0.23063097 0.73834642 0.41236007
v 0.23845097 0.73820641 0.40455007
v 0.24122097 0.73434641 0.40455007
v 0.21630904 0.74932636 0.40768098
v 0.23454096 0.73827639 0.40845006
v 0.23845097 0.73434641 0.40746006
v 0.23454787 0.73824574 0.40846363
v 0.24413286 0.73347323 0.40198014
v 0.26878957 0.73392554 0.37024267
v 0.20571146 0.79886494 0.36518392
v 0.24947834 0.79632315 0.31638623
v 0.24743668 0.82186372 0.28208396
v 0.21912560 0.85764500 0.27040249
v 0.24286055 0.82357604 0.30654813
v 0.24652578 0.88952166 0.15510875
v 0.23153277 0.88639971 0.16920203
v 0.25308300 0.88352316 -0.11576524
v 0.30796265 0.72585387 0.27871693
v 0.27380480 0.87457165 0.09098756
v 0.18922130 0.92045453 0.08059027
v 0.27360096 0.51177641 0.44751006
v 0.26970097 0.51547643 0.45142007
v 0.28897178 -0.39436489 -0.39168978
v 0.25919785 -0.25540482 -0.30083723
v 0.48845097 -0.82809356 0.06470007
v 0.48881900 -0.82813392 0.06464888
v 0.33220097 -0.80471358 0.07633007
v 0.31955108 -0.80188196 0.07021648
v 0.32829096 -0.80476359 0.07642007
v 0.33610096 -0.80474356 0.07642007
v 0.43250704 -0.83192858 0.08372807
v 0.25364129 0.23304895 -0.39161315
v 0.39767914 0.16895974 -0.01377448
v 0.25733092 -0.10030901 -0.25919236
v 0.30423450 -0.52600048 -0.52648782
v 0.22132143 -0.33044350 -0.41473208
v 0.28399894 -0.73622670 -0.01102610
v 0.29980775 -0.46300123 -0.14290683
v 0.34931971 -0.83716890 0.11514448
v 0.27327660 -0.57429495 -0.58761699
v 0.42109885 -0.61243437 -0.59057343
v 0.25641675 0.18192326 -0.36378601
v 0.23357584 -0.36756461 -0.43686835
v 0.30834639 -0.38821376 -0.32946051
v 0.29355305 -0.51581222 -0.12986998
v 0.29635338 0.08341223 0.35944087
v 0.24803511 -0.13895618 0.04477024
v 0.29217790 -0.66837415 -0.65394603
v 0.31555249 -0.39713003 -0.20646825
v 0.26594911 -0.29417907 -0.32736473
v 0.25912580 -0.29447615 -0.01408756
v 0.29252584 -0.36693227 -0.36930709
v 0.26294168 -0.22338826 -0.29746228
v 0.63298097 -0.75000361 -0.03294993
v 0.63688096 -0.75002358 -0.03291993
v 0.63298097 -0.75002358 -0.03292993
v 0.28598209 -0.14912179 -0.07014693
v 0.27815964 -0.12340854 0.07472127
v 0.33201500 -0.42591642 -0.39277966
v 0.25767596 -0.21253063 -0.00711708
v 0.31652748 -0.41017747 -0.39224120
v 0.27963072 -0.08105192 -0.00268321
v 0.34782096 -0.80472360 0.07642007
v 0.34391096 -0.80473361 0.07642007
v 0.38396658 -0.79931000 0.06511170
v 0.27942323 -0.05920965 0.26899171
v 0.26821583 0.03644189 0.37542188
v 0.41149965 0.17639436 -0.02040613
v 0.28006890 -0.07717020 0.21085607
v 0.29962134 -0.08211080 0.15401621
v 0.28076274 0.09195907 0.38466843
v 0.53990840 -0.86356221 0.09109634
v 0.26845072 -0.08656074 -0.00191100
v 0.39349299 -0.82400851 0.09730225
v 0.48063096 -0.66799358 -0.11497993
v 0.48074096 -0.66408358 -0.11887993
v 0.26961964 0.20176720 0.43306080
v 0.31064200 0.01992708 -0.13306598
v 0.25203916 0.28470836 0.41898798
v 0.22415058 0.17611333 -0.37861150
v 0.25853097 0.18746642 0.44751006
v 0.26984005 0.21303204 -0.34812978
v 0.29885712 0.13476029 0.38559446
v 0.26188096 0.18746642 0.44361007
v 0.25592451 0.21622372 -0.36393897
v 0.45747173 -0.78925322 0.02896685
v 0.24355070 0.33200543 0.37231607
v 0.42246315 -0.70472790 -0.08509530
v 0.31657096 0.33981641 0.34411007
v 0.31825098 0.34371641 0.34205007
v 0.24315477 0.40200706 0.49504959
v 0.26969964 0.51543036 0.45144365
v 0.26969678 0.51556463 0.45139375
v 0.22668232 0.36072692 0.42334064
v 0.27360546 0.32370114 0.39618883
v 0.30635758 -0.43700305 -0.43690765
v 0.26837151 0.54460280 -0.44154754
v 0.25491477 0.44303087 -0.44111894
v 0.28424333 0.52478415 0.42682411
v 0.26237295 0.48546407 -0.44201166
v 0.42985096 -0.55861357 -0.20860993
v 0.27910933 0.48027423 -0.43177875
v 0.27651098 0.51168641 0.44361007
v 0.27901765 0.49501049 0.44671115
v 0.35160368 0.19910501 -0.10205693
v 0.28967930 0.62639121 -0.37784558
v 0.50813224 -0.56487958 -0.23687379
v 0.27209281 0.72031119 -0.34324578
v 0.23975536 0.75189668 -0.37001643
v 0.27929509 0.62913702 0.40466622
v 0.31488096 0.34371641 0.34986007
v 0.24976035 0.63253797 0.45477105
v 0.28577258 0.71916758 -0.33845041
v 0.31185196 0.19606491 0.37767439
v 0.24027267 0.80647399 -0.31759157
v 0.32640688 0.71668919 -0.26316137
v 0.33273936 0.61465938 0.30967447
v 0.29916216 0.59065225 0.37917838
v 0.24143166 0.77441605 0.36745745
v 0.24497148 0.82041176 -0.28773637
v 0.34003192 0.78523804 0.01794857
v 0.26913641 0.76538274 0.31944077
v 0.33154466 0.68009665 -0.26114747
v 0.25861128 0.82111899 -0.25896606
v 0.24809271 0.84927843 -0.20559383
v 0.35186899 0.61171044 0.24955785
v 0.27250344 0.83174541 0.22233060
v 0.24352247 0.85625878 0.22829940
v 0.27322397 0.79155788 0.30214384
v 0.27544387 0.85278720 -0.11726185
v 0.34782096 -0.80471358 0.07640008
v 0.35173097 -0.80471358 0.07641007
v 0.32041232 -0.93429599 0.21099565
v 0.26970097 0.87930640 -0.04075993
v 0.25090168 0.89890184 0.02859061
v 0.25086747 0.88283917 -0.08506084
v 0.24960139 0.88372511 0.10922444
v 0.19013952 0.90473517 0.22645329
v 0.30599944 -0.10118775 -0.10479381
v 0.30170789 -0.53532094 -0.12188735
v 0.41601554 -0.61855379 -0.14674098
v 0.31482237 -0.46046144 -0.18349724
v 0.34391096 -0.80471358 0.07638007
v 0.30892765 0.07327943 0.30800278
v 0.34001096 -0.80473361 0.07642007
v 0.29647869 -0.73147300 -0.01677344
v 0.33610096 -0.80471358 0.07634007
v 0.28194873 -0.38184340 -0.11934717
v 0.35294390 -0.82224500 0.09096235
v 0.25435321 -0.33404576 -0.37047891
v 0.31657096 -0.41025359 -0.39231992
v 0.32035097 -0.41408358 -0.39231992
v 0.34772877 -0.49741968 -0.20087699
v 0.32203594 -0.03810912 0.07806137
v 0.33679554 -0.77364435 0.01437516
v 0.26173206 -0.55724652 -0.07818112
v 0.32394603 -0.49711782 -0.48576625
v 0.30015640 -0.49812672 -0.51117261
v 0.35462522 -0.63258765 -0.61243857
v 0.30133127 -0.36549435 -0.18188829
v 0.33245877 -0.44681868 -0.41102202
v 0.31480097 -0.41018359 -0.39622993
v 0.32548527 -0.44107676 -0.20314061
v 0.31069655 -0.40793019 -0.40031275
v 0.30856583 -0.42616876 -0.18905025
v 0.30573427 -0.51473081 -0.13122363
v 0.41635111 0.11267394 -0.06397000
v 0.33220097 -0.42580358 -0.39210993
v 0.33219660 -0.42585064 -0.39222526
v 0.32497564 -0.41781741 -0.39011049
v 0.41445544 0.21422352 -0.07032987
v 0.29557134 -0.30057867 -0.17594698
v 0.29924930 -0.15711654 -0.08560964
v 0.28460133 -0.02938919 -0.22001773
v 0.34676882 -0.47291475 -0.45453388
v 0.28951431 -0.33241459 -0.12897716
v 0.28617255 -0.22749739 -0.24799679
v 0.36109017 -0.51922829 -0.18782835
v 0.28715678 -0.29922628 -0.24820239
v 0.34059220 0.10959313 -0.02099432
v 0.30323147 -0.29016445 -0.16514266
v 0.32504843 -0.41285133 -0.25543030
v 0.29629091 -0.34932319 -0.27595537
v 0.31258367 0.04181333 -0.01242431
v 0.33561937 0.03997103 0.09379385
v 0.29475055 -0.13301203 -0.17156349
v 0.42335109 0.15513072 -0.04962360
v 0.29438832 -0.14569751 -0.11405611
v 0.29662091 -0.21684412 -0.15446478
v 0.30268474 -0.10743079 -0.15308298
v 0.29882421 -0.12615110 -0.19902938
v 0.29296914 -0.31528840 -0.27392917
v 0.44018621 0.32812954 -0.08860635
v 0.29875693 -0.20758837 -0.21143010
v 0.27997594 -0.09642818 -0.21298625
v 0.32057097 -0.04299359 0.08423007
v 0.62872896 -0.66189861 -0.12094916
v 0.29703966 -0.04347846 -0.12863057
v 0.29837492 -0.05744487 0.17678976
v 0.31264819 -0.06569372 0.10997528
v 0.37888770 0.10152102 -0.03715024
v 0.31921097 -0.04689358 0.08033007
v 0.32048097 -0.04313359 0.08033007
v 0.26220149 -0.05957130 0.29886778
v 0.38319662 -0.55038890 -0.53071654
v 0.42920298 0.20958015 -0.06731763
v 0.50238730 -0.79537399 0.02799201
v 0.28080590 -0.02865739 0.27427728
v 0.30358125 -0.04186553 -0.13719795
v 0.27791013 -0.05352600 -0.00770204
v 0.32184865 0.00647964 0.15674286
v 0.32048097 -0.04299359 0.07592007
v 0.71891096 -0.58205358 -0.28636992
v 0.29503135 0.00051960 0.28810903
v 0.43665271 -0.90627474 0.15432961
v 0.51277376 -0.87460425 0.11219210
v 0.32287764 0.09642657 -0.02006359
v 0.30679481 0.06969337 -0.18573831
v 0.31111505 0.13834910 0.34514794
v 0.25630626 0.14367103 0.44204385
v 0.62516096 -0.75000361 -0.03294993
v 0.62907096 -0.75000361 -0.03294993
v 0.27170029 0.18768371 0.42426809
v 0.31399655 0.08634500 -0.04664668
v 0.35172883 0.27345630 0.24447783
v 0.35174098 0.27340641 0.24439007
v 0.30511143 0.15793363 -0.26542756
v 0.33600508 0.18803367 -0.07859166
v 0.34155573 -0.64346803 -0.09796858
v 0.28029039 0.24644587 0.40577644
v 0.27855050 0.15991820 0.42891794
v 0.28381100 0.23145617 -0.35022238
v 0.37325862 0.23623550 -0.00009437
v 0.32047076 -0.41410725 -0.39209838
v 0.32600116 0.54296667 0.34669554
v 0.28593764 0.34959411 -0.40092207
v 0.28892636 0.27705992 0.37145635
v 0.29643387 0.40450399 0.43182182
v 0.29526294 0.30043393 0.37318317
v 0.49695469 -0.58887398 -0.52234363
v 0.31657096 0.34371641 0.34594008
v 0.32277936 0.30964304 0.33324450
v 0.27360096 0.51168641 0.44755008
v 0.32174559 0.34622208 0.33418455
v 0.32837046 0.43140714 0.34659217
v 0.29667467 0.46167635 0.43283839
v 0.30257733 0.48325559 -0.38464435
v 0.29197489 0.43106168 0.46506179
v 0.31762410 0.42600145 0.41467365
v 0.29922773 0.63169666 0.36676662
v 0.56266096 -0.77736357 0.01000007
v 0.56279069 -0.77738753 0.00999713
v 0.28497554 0.52820577 0.43915772
v 0.29857323 0.52963092 0.41523370
v 0.49842499 -0.59844805 -0.55066615
v 0.30590360 0.51044991 -0.37922520
v 0.27363097 0.51168641 0.44751006
v 0.27950492 0.56829330 0.42180129
v 0.35826513 0.32403042 0.13030673
v 0.32344344 -0.02807422 0.04222085
v 0.28723306 0.66497773 -0.35945048
v 0.29769058 0.61998237 0.39410227
v 0.28352960 0.71381111 0.34598979
v 0.31893845 0.66636182 0.30487331
v 0.28734821 0.66404272 0.38962449
v 0.28504131 0.71666844 0.36117606
v 0.24307265 0.80642117 -0.29578573
v 0.27717039 0.84303426 0.21512685
v 0.33428900 0.70384845 0.21981028
v 0.30839502 0.79849180 0.17304298
v 0.26492162 0.83496183 0.25151474
v 0.28078469 0.79458087 0.26170649
v 0.29714326 0.77802339 0.24170005
v 0.32826120 0.80288026 -0.04545027
v 0.27443707 0.85303407 0.19272114
v 0.29626467 0.82876275 0.15063274
v 0.27710273 0.84449423 0.17253889
v 0.30156818 0.82401657 0.17498433
v 0.33090279 0.70248241 0.26660764
v 0.29741015 0.84728671 0.04858732
v 0.35517166 -0.85920636 0.14675992
v 0.32120850 0.14157682 0.33837150
v 0.35300319 0.09574404 0.03902781
v 0.33224655 0.09612848 -0.00685758
v 0.34001096 -0.80471358 0.07636007
v 0.41365609 -0.47010855 -0.36664258
v 0.29881428 -0.00176674 0.23992820
v 0.32048097 -0.04299359 0.07642007
v 0.50229609 -0.82011136 0.05296633
v 0.30567806 0.39240109 -0.38123833
v 0.33384766 -0.70841227 -0.04595099
v 0.35013962 -0.64243811 -0.63024477
v 0.59131759 -0.75000985 -0.03160921
v 0.35570699 -0.68897566 -0.07544914
v 0.36790843 -0.44682112 -0.27581022
v 0.41182205 -0.79330032 0.03770579
v 0.33632381 -0.40933502 -0.34415507
v 0.34001096 -0.43188358 -0.38840992
v 0.40002132 -0.62285100 -0.60074222
v 0.31646022 -0.02949394 0.05041202
v 0.35268192 -0.44834122 -0.40190106
v 0.32048097 -0.41593359 -0.39622993
v 0.32052096 -0.04299359 0.08033007
v 0.47322908 -0.82863416 0.06964501
v 0.40701406 -0.84318423 0.11407869
v 0.33607098 -0.42971358 -0.39231992
v 0.35089096 0.25777640 -0.20090993
v 0.32764097 -0.39846358 -0.31419993
v 0.32438096 -0.39457358 -0.31419993
v 0.34332288 0.07975112 0.01758852
v 0.32048097 -0.04300358 0.07642007
v 0.31354395 -0.38191878 -0.33732228
v 0.34856144 -0.43843621 -0.25804557
v 0.37522314 0.09230505 0.00487751
v 0.29494741 -0.39913016 -0.39015814
v 0.32435098 -0.39455358 -0.31809992
v 0.32437088 -0.39455809 -0.31419223
v 0.33057421 -0.40188354 -0.29215737
v 0.39602637 -0.48851503 -0.43536474
v 0.44681755 -0.57535707 -0.53667078
v 0.31161116 -0.39775979 -0.22396799
v 0.32307637 -0.41185883 -0.22099840
v 0.30838545 -0.35682554 -0.23496477
v 0.32834166 0.09827743 -0.00945039
v 0.33476533 0.01157686 0.13813209
v 0.31378852 -0.03517272 0.17430302
v 0.28169439 0.00786990 -0.20671276
v 0.34795212 0.08104866 0.01374543
v 0.32373784 -0.02766315 0.13425455
v 0.33673899 0.15547347 -0.02232247
v 0.45010002 -0.90313489 0.14476456
v 0.40452776 0.13022669 -0.02617313
v 0.32384222 0.09601641 0.22702117
v 0.33131425 0.09148216 0.22908817
v 0.34306226 0.09115724 0.01080435
v 0.33872064 0.09579168 0.14551975
v 0.33480936 0.08273206 0.01723462
v 0.28260494 0.08971658 -0.24463576
v 0.42419443 0.15457490 -0.08764541
v 0.32564280 0.20851909 -0.24475057
v 0.35667380 0.17787345 0.15255500
v 0.32969646 0.14566615 0.26812616
v 0.30474344 0.08674773 -0.17941808
v 0.34808325 0.25225348 0.26760091
v 0.32174517 0.24952135 -0.28317327
v 0.33043046 0.15943800 -0.01778933
v 0.30673335 0.20228916 0.36501354
v 0.34241843 0.20669246 0.29302799
v 0.41835175 0.18219293 -0.08816505
v 0.41670409 -0.57660705 -0.18368033
v 0.32716725 0.25807461 0.33198023
v 0.33529429 0.21888423 -0.22697216
v 0.28412763 0.23609473 -0.33424024
v 0.34669357 0.27120771 -0.19940460
v 0.34200079 0.32119321 0.27640683
v 0.35179096 0.26168641 -0.20090993
v 0.35175692 0.25765279 -0.19679585
v 0.31657096 0.34371666 0.34595283
v 0.35396588 0.15924571 0.01625430
v 0.31668964 0.18805458 0.34851445
v 0.39851339 0.28777395 -0.00842450
v 0.35184338 0.26550226 -0.20475913
v 0.34961408 0.34693456 -0.25881055
v 0.34702094 0.24173002 -0.20644079
v 0.31657096 0.34371641 0.34595006
v 0.32440362 0.37860854 -0.31057261
v 0.32462095 0.37887641 -0.31028992
v 0.36353658 0.33058541 -0.21299102
v 0.32248537 0.35352396 -0.31109632
v 0.30366945 0.38925538 -0.36685625
v 0.33229045 0.37483898 -0.29039303
v 0.32646788 0.37067345 0.33526576
v 0.31358268 0.42125529 0.40270152
v 0.32809350 0.37865244 -0.30244556
v 0.32031319 -0.70732147 -0.05213335
v 0.32254240 0.43680314 -0.35292959
v 0.32815098 0.37887641 -0.30247993
v 0.32829096 0.37931641 -0.30247993
v 0.35302054 0.46651575 -0.27465828
v 0.52921765 -0.81041418 0.04905353
v 0.31654305 0.57727661 -0.37286434
v 0.32912728 0.59748280 0.30249412
v 0.31753791 0.53521587 0.35043843
v 0.30090658 0.62180943 -0.37571095
v 0.30192792 0.57637897 0.39584939
v 0.31500240 0.57046239 -0.35069265
v 0.34306725 0.64723259 0.26511366
v 0.35441914 0.39913838 0.16469477
v 0.33694697 0.67075439 -0.27804997
v 0.34041580 0.66924574 0.25679160
v 0.32726767 0.67161091 -0.27903659
v 0.31411370 0.71014029 0.30002559
v 0.28738878 0.69874234 0.35196461
v 0.31229522 0.73234159 0.28400086
v 0.34096368 0.71497952 -0.21393668
v 0.30683974 0.77541631 -0.23693738
v 0.32016608 0.75934129 0.19882219
v 0.33776595 0.74461224 -0.18347557
v 0.30873919 0.83342192 -0.11197235
v 0.31447475 0.77706081 0.22020847
v 0.35266805 0.77467980 -0.08909609
v 0.35652649 0.72090108 -0.15554180
v 0.29667131 0.83828567 -0.10619325
v 0.33701987 0.77781934 0.13417242
v 0.29591506 0.85233597 0.11112404
v 0.35757150 0.69741339 0.13127411
v 0.31228262 0.81263704 0.16432593
v 0.30767091 0.84890041 0.04239406
v 0.32670233 0.80358686 0.08354423
v 0.38703753 -0.92209726 0.18176037
v 0.47936666 -0.66305721 -0.11944657
v 0.38603523 -0.58681851 -0.15783377
v 0.46584570 -0.89380650 0.13313505
v 0.48454096 -0.82321361 0.06080007
v 0.48959589 -0.83433409 0.07072179
v 0.56321528 -0.67840533 -0.12186743
v 0.42375687 0.14743612 -0.09624205
v 0.40340473 -0.73737816 -0.04192711
v 0.42832881 -0.55682983 -0.20949867
v 0.45653110 0.29258345 -0.12309583
v 0.39046021 -0.76089018 -0.02220356
v 0.49912660 -0.76059923 -0.01306620
v 0.38065744 -0.68341196 -0.07877379
v 0.44950266 0.30177221 -0.08173736
v 0.43425194 -0.61420545 -0.58330216
v 0.44325291 0.26478701 -0.10847544
v 0.38128711 0.10290854 -0.05213696
v 0.33609742 -0.42973305 -0.39232616
v 0.33609957 -0.42971214 -0.39225859
v 0.35172824 0.26152140 -0.20106231
v 0.32891750 0.21648972 -0.21791818
v 0.44747508 -0.66183462 -0.11041951
v 0.36763106 0.14604418 -0.03438067
v 0.36724299 0.18017263 -0.00231775
v 0.35495388 -0.43584932 -0.30260678
v 0.40330976 -0.51269406 -0.22704745
v 0.37775486 -0.45675067 -0.35862559
v 0.39095182 0.18778436 -0.10703893
v 0.33708663 0.14183779 0.26725048
v 0.39903350 0.18000323 -0.02288926
v 0.34958424 0.21439451 -0.09969551
v 0.36471266 0.18476013 0.01514234
v 0.35141291 0.18556578 0.08068692
v 0.33602509 0.16051605 0.24929181
v 0.36065084 0.24236431 0.03624020
v 0.33610096 0.15317642 0.24048008
v 0.33609097 0.15621642 0.24439007
v 0.33609956 0.16007918 0.24843016
v 0.33537098 0.15621642 0.24830007
v 0.35422449 0.17725516 0.19412389
v 0.49996991 -0.87780678 0.11867995
v 0.35173097 0.25777640 -0.19706993
v 0.43376096 -0.56252358 -0.20698993
v 0.42985129 -0.56251404 -0.20481959
v 0.43006098 -0.55861357 -0.20872993
v 0.51972093 -0.81646627 0.05688893
v 0.36725715 0.22699725 0.04568322
v 0.39488564 -0.55410670 -0.51715744
v 0.34428216 0.18046445 0.22054551
v 0.33867970 0.16564619 0.24263869
v 0.55092272 -0.85723665 0.07911800
v 0.35124621 0.18233342 0.23486451
v 0.37484898 0.30526724 0.03463666
v 0.37549199 0.17322059 -0.05063191
v 0.35594549 0.20721557 -0.02728000
v 0.38740698 0.14872543 0.00134370
v 0.35805938 0.27814174 0.20498488
v 0.33933283 0.17887707 0.25087828
v 0.35590898 0.22327868 0.22051189
v 0.36450328 0.29648507 0.14666083
v 0.33235093 0.20478611 0.29800183
v 0.35903784 0.26075030 0.09164600
v 0.39557366 0.22365701 -0.00814877
v 0.38657426 0.18170234 -0.05764719
v 0.35315817 0.26788674 0.23923745
v 0.35275098 0.26949640 0.24048008
v 0.34289747 0.23601194 0.25930975
v 0.35383252 0.27788036 0.23005635
v 0.33202004 0.27320793 -0.25254498
v 0.35351997 0.24246839 -0.11464240
v 0.36612416 0.33652880 -0.16723804
v 0.42171339 0.14701932 -0.07924367
v 0.35498066 0.32518946 -0.20874898
v 0.36014805 0.31474387 0.11247806
v 0.34810514 0.22094921 0.23988540
v 0.35247096 0.27340641 0.24048008
v 0.35562747 0.32023587 -0.20091496
v 0.35563096 0.32024642 -0.20090993
v 0.35569098 0.31637641 -0.19700992
v 0.35563158 0.31613880 -0.19704602
v 0.35573097 0.31246641 -0.19309993
v 0.35954096 0.32799643 -0.18919993
v 0.35880097 0.32418641 -0.18919993
v 0.35954085 0.32385884 -0.18530213
v 0.35863764 0.31626160 -0.18252928
v 0.48017183 -0.52508475 -0.43331835
v 0.35280760 0.36075809 0.15562248
v 0.35469404 0.48589260 -0.30161749
v 0.33663766 0.36674129 0.33631811
v 0.35966688 0.32038832 -0.18140618
v 0.50793265 -0.82044367 0.06326266
v 0.35954432 0.32806004 -0.18924260
v 0.35960095 0.32418641 -0.18528992
v 0.35563208 0.32026303 -0.20092605
v 0.35390876 0.35125695 0.20279767
v 0.32551367 0.29894596 0.31196841
v 0.35521806 0.34637442 -0.22045573
v 0.38285258 0.33698996 0.02811231
v 0.38888139 0.47795604 0.02842527
v 0.36661937 0.42603014 0.15241178
v 0.38848205 0.32208932 -0.01489524
v 0.43752605 0.20286558 -0.09323200
v 0.37140336 0.33131415 0.04140181
v 0.38614923 0.38320708 -0.07181568
v 0.33759851 0.40786816 0.30853124
v 0.33338953 0.47027042 0.32277545
v 0.43564755 0.36157399 -0.03718972
v 0.48603878 0.30215033 -0.13660239
v 0.36945142 0.54166939 0.19567447
v 0.37202537 0.25610471 -0.04493346
v 0.38927082 0.37210569 0.00782609
v 0.35082802 0.52471047 0.24339470
v 0.34538040 0.46877471 0.31150157
v 0.33345790 0.55016364 0.29708425
v 0.36882716 0.57985966 0.15942119
v 0.44892694 0.37676903 -0.07203172
v 0.35556188 0.52936738 0.25113948
v 0.34583091 0.61252517 0.24215583
v 0.35322371 0.57902572 -0.26328283
v 0.36730411 0.60173384 0.19192058
v 0.36140844 0.65173441 0.16239663
v 0.41060604 0.39647880 -0.01461311
v 0.46591296 0.35044938 -0.11863363
v 0.38466230 0.58288251 0.08367426
v 0.35702536 0.76992403 0.05689147
v 0.34131048 0.69160812 0.20649883
v 0.45549444 0.38113214 -0.02399217
v 0.35395320 0.67463758 0.20648962
v 0.71261575 -0.61129136 -0.22694434
v 0.38042958 0.69623519 -0.11900777
v 0.30745787 0.80984398 -0.17797583
v 0.34567896 0.73289194 0.14276410
v 0.34065713 0.76968952 -0.13555356
v 0.33978617 0.77203593 -0.11539237
v 0.33609580 0.74949825 0.18716951
v 0.32651356 0.81897438 -0.06429519
v 0.38249288 0.68352070 -0.04813251
v 0.34995928 0.76793784 -0.04588784
v 0.36396513 0.73703126 -0.03833671
v 0.36347323 0.73827694 -0.02991845
v 0.38502432 0.67664081 -0.02177872
v 0.35822060 0.74841864 0.01596577
v 0.36237214 0.76162370 0.00934284
v 0.32831315 0.80802880 -0.01513201
v 0.35524563 0.75823626 0.01006837
v 0.35507577 0.73423560 0.13837313
v 0.32787854 0.81082074 0.10595149
v 0.51970097 -0.81643359 0.05686007
v 0.52360096 -0.81333361 0.05298007
v 0.53487423 -0.64189231 -0.15452499
v 0.51970097 -0.80861357 0.04912007
v 0.51579096 -0.80778358 0.04908007
v 0.51954637 -0.81643676 0.05689245
v 0.51966097 -0.81252358 0.05298007
v 0.46082873 -0.61083418 -0.56732559
v 0.39768435 -0.47468071 -0.30216890
v 0.41516141 0.18071710 -0.06928063
v 0.37107065 -0.56551839 -0.15836980
v 0.46586753 -0.70478381 -0.09120492
v 0.44566381 -0.55912952 -0.21700953
v 0.43893654 0.17657537 -0.08528248
v 0.41147494 0.17664771 -0.04221184
v 0.43530012 0.20260291 -0.05894281
v 0.37313191 0.22852184 -0.05060147
v 0.38723906 0.25689129 -0.01976385
v 0.36916587 0.25950076 -0.11065018
v 0.37743931 0.29260114 -0.10193931
v 0.39646093 0.25272615 -0.04862154
v 0.47272613 -0.81599406 0.05657769
v 0.34950538 0.19632000 -0.00445388
v 0.37590634 0.27981183 -0.00684636
v 0.37835967 0.28718664 -0.02263309
v 0.41052351 0.32676989 0.00644867
v 0.40337511 0.35218430 -0.03786814
v 0.38343410 0.34924654 -0.00703830
v 0.45662107 0.26481956 -0.08393853
v 0.37589178 0.34277547 -0.09723215
v 0.39049625 0.43923103 -0.17153028
v 0.40526793 0.24805944 -0.06297798
v 0.37671079 0.37031742 0.03501472
v 0.39248939 0.45253477 -0.11467939
v 0.38960992 0.31299610 0.00208579
v 0.40309947 0.38701970 -0.00736608
v 0.38530117 0.55162722 -0.21728925
v 0.40616329 0.26492559 -0.07323622
v 0.37917286 0.44730230 -0.19311986
v 0.39284454 0.52803291 0.03811318
v 0.36719327 0.46425425 0.13462108
v 0.46400615 0.23846364 -0.10977719
v 0.39224431 0.56656874 -0.19029072
v 0.46834292 0.35318062 -0.07928839
v 0.40410913 0.33378980 -0.02182408
v 0.44718862 0.33090330 -0.07477817
v 0.40049035 0.52323593 -0.04143985
v 0.40080616 0.52535207 0.03797406
v 0.56167666 -0.77326360 0.00607813
v 0.37932999 0.63218854 0.09757467
v 0.40207081 0.55066225 -0.08145164
v 0.37460993 0.54210273 0.13138214
v 0.39856511 0.55910625 0.05625007
v 0.40441318 0.35980386 -0.00102022
v 0.45254117 0.19884149 -0.13281650
v 0.38033908 0.63726756 -0.19862884
v 0.40235197 0.58788474 0.02010415
v 0.38155200 0.62289051 -0.17677721
v 0.39188584 0.58158937 0.09126404
v 0.35257498 0.69768412 -0.21450029
v 0.39754675 0.66367702 -0.06389658
v 0.38228777 0.66266800 0.04672436
v 0.37918867 0.65695815 0.11819463
v 0.47512164 0.29944504 -0.10680845
v 0.38916934 0.66512839 0.05161103
v 0.71801713 -0.58667001 -0.28627644
v 0.45029997 0.32229678 -0.07126020
v 0.39803238 0.64368988 -0.00675865
v 0.39521415 0.61992059 -0.03792705
v 0.37693124 0.70196908 0.06546189
v 0.36345635 0.73831893 -0.02173837
v 0.35572369 0.73689217 0.08838247
v 0.48842815 -0.82812870 0.06474909
v 0.52450940 -0.78529366 0.02440612
v 0.48848614 -0.82425602 0.06079830
v 0.48846364 -0.82424625 0.06080007
v 0.44614610 -0.72850198 -0.06579796
v 0.56625480 -0.57812934 -0.46664354
v 0.56657096 -0.57817361 -0.46653992
v 0.42987096 -0.56252358 -0.20481992
v 0.47673097 -0.66672359 -0.11497993
v 0.48063096 -0.66408358 -0.11884993
v 0.39949139 -0.62389750 -0.12610755
v 0.49565407 -0.60584239 -0.18933703
v 0.47688830 -0.65917721 -0.12251318
v 0.42985096 -0.56643359 -0.20095992
v 0.56257077 -0.77738347 0.01001830
v 0.49561404 -0.60494020 -0.55789590
v 0.41110536 0.24552915 -0.05711979
v 0.46212871 -0.52837225 -0.25694388
v 0.56657096 -0.58212361 -0.47434992
v 0.67238600 -0.77672898 -0.00714038
v 0.42471980 -0.50099794 -0.28015524
v 0.41566422 -0.48076880 -0.37351935
v 0.41883761 0.17424961 -0.09763799
v 0.49598212 -0.81601219 0.06210372
v 0.41190213 0.25329359 -0.08609161
v 0.46695004 0.29708123 -0.07840176
v 0.41787693 0.21149195 -0.10348983
v 0.48904977 0.25078843 -0.12700537
v 0.39170631 0.34197617 -0.05896912
v 0.41168383 0.27753111 -0.08910670
v 0.38882727 0.32749300 -0.07745887
v 0.45121279 0.25807353 -0.10089050
v 0.41496777 0.28622690 -0.06822099
v 0.51971156 -0.81254100 0.05297854
v 0.39860707 0.45656911 -0.13724343
v 0.42013741 0.31993440 -0.05995682
v 0.51625153 -0.67894614 -0.11317468
v 0.61781849 -0.81911926 0.03489421
v 0.60563096 -0.75002358 -0.03292993
v 0.60173097 -0.74993358 -0.03294993
v 0.55094948 -0.60388381 -0.21793085
v 0.46087938 0.39170727 -0.08476777
v 0.48464092 -0.78200721 0.02811083
v 0.40648553 0.58228531 -0.08578403
v 0.40887004 0.52819158 -0.05054116
v 0.51993321 -0.80862108 0.04908795
v 0.39568262 0.57786555 -0.10559100
v 0.40004499 0.56066464 -0.01230586
v 0.48232799 0.37821980 -0.06896393
v 0.58487413 -0.78550245 0.01533535
v 0.58529352 -0.56788886 -0.43273791
v 0.48062097 -0.66799358 -0.11497993
v 0.70392978 -0.60819836 -0.21905218
v 0.55041331 -0.57772119 -0.47457621
v 0.48848081 -0.82424745 0.06079855
v 0.54853072 -0.61470078 -0.19138311
v 0.62907096 -0.75002358 -0.03292993
v 0.62516096 -0.75002358 -0.03292993
v 0.47673097 -0.66799358 -0.11371993
v 0.51118531 -0.54504698 -0.29161475
v 0.53582358 -0.65724359 -0.14898812
v 0.45195821 -0.59421772 -0.17105647
v 0.50607721 -0.54587957 -0.43672191
v 0.48845097 -0.53709356 -0.26731992
v 0.48479097 -0.53518359 -0.26731992
v 0.48454096 -0.53504357 -0.26731992
v 0.56666022 -0.57814931 -0.46648223
v 0.45672984 -0.50860614 -0.31285843
v 0.45915316 -0.50579703 -0.37995721
v 0.51466908 -0.53059876 -0.34385493
v 0.58245572 -0.83935273 0.06194316
v 0.44583529 -0.73009285 -0.05174319
v 0.54928729 -0.72476654 -0.06008280
v 0.62126096 -0.75000361 -0.03294993
v 0.71265080 -0.64388060 -0.13107454
v 0.63688096 -0.75000361 -0.03294993
v 0.64079096 -0.75000361 -0.03294993
v 0.62126096 -0.75002358 -0.03292993
v 0.49153334 -0.72931662 -0.04685486
v 0.56372542 -0.57338400 -0.45857959
v 0.56266096 -0.77346358 0.00613007
v 0.68042768 -0.64905491 -0.12419064
v 0.47646421 -0.64522438 -0.14615414
v 0.57048097 -0.58318356 -0.47434992
v 0.57093315 -0.61284747 -0.53845836
v 0.40970024 -0.50365685 -0.43234781
v 0.48845097 -0.53519360 -0.27122993
v 0.49235096 -0.53724358 -0.27122993
v 0.48844281 -0.53519046 -0.27123083
v 0.59036065 -0.71036591 -0.06363200
v 0.47915570 -0.50633925 -0.33557029
v 0.49284761 -0.53273216 -0.28090477
v 0.58671772 -0.73776167 -0.04478532
v 0.54316557 -0.72638247 -0.04487146
v 0.56657096 -0.58205358 -0.47421992
v 0.59001096 -0.68773357 -0.09153993
v 0.51970097 -0.81252358 0.05298007
v 0.60205422 -0.75714968 -0.02612949
v 0.71310132 -0.65953732 -0.09413276
v 0.71974648 -0.72083833 -0.04178515
v 0.56290663 -0.77346068 0.00610535
v 0.61033403 -0.61908955 -0.53552369
v 0.61093834 -0.69969496 -0.08523191
v 0.59088454 -0.59452924 -0.48537916
v 0.54322477 -0.55634586 -0.45353528
v 0.60434323 -0.57990049 -0.26679150
v 0.67498623 -0.65499716 -0.13171889
v 0.48897935 -0.51566084 -0.31651699
v 0.54904786 -0.59822055 -0.21038009
v 0.60563096 -0.75001357 -0.03294993
v 0.60954096 -0.75000361 -0.03294993
v 0.61345097 -0.75000361 -0.03294993
v 0.63990911 -0.57698847 -0.44346939
v 0.60954096 -0.75002358 -0.03292993
v 0.61345097 -0.75002358 -0.03292993
v 0.62522690 -0.79320171 0.01778094
v 0.64470097 -0.75002358 -0.03291993
v 0.64079096 -0.75002358 -0.03291993
v 0.71891115 -0.72394090 -0.03307663
v 0.64498515 -0.79799520 0.01161037
v 0.54970650 -0.53763695 -0.39399551
v 0.56489795 -0.55580878 -0.30169461
v 0.61735096 -0.75000361 -0.03294993
v 0.66128203 -0.78253080 0.00683064
v 0.71447025 -0.61592048 -0.21627751
v 0.54168522 -0.54213483 -0.29974321
v 0.61735096 -0.75002358 -0.03292993
v 0.69173305 -0.75168489 -0.01469991
v 0.59698460 -0.55510521 -0.40685667
v 0.59796097 -0.55471358 -0.40403992
v 0.60173097 -0.55473361 -0.40012992
v 0.60185000 -0.55469222 -0.39980162
v 0.60163095 -0.55471358 -0.40012992
v 0.64259906 -0.74447918 -0.03829477
v 0.74239461 -0.68882190 -0.05354936
v 0.63305299 -0.71961805 -0.05147469
v 0.59785406 -0.55467764 -0.40401308
v 0.69470529 -0.73280833 -0.03636969
v 0.61837054 -0.56545113 -0.28215332
v 0.61345097 -0.55752358 -0.40012992
v 0.71901451 -0.65945890 -0.10085390
v 0.71723633 -0.57695781 -0.31006840
v 0.69251314 -0.59738724 -0.45254118
v 0.66973221 -0.62813794 -0.52766395
v 0.69687654 -0.59638176 -0.44578612
v 0.65542328 -0.55476737 -0.34552545
v 0.71897098 -0.58205358 -0.28684992
v 0.71891096 -0.58196358 -0.28684992
v 0.70975709 -0.63592025 -0.13653268
v 0.60256959 -0.55757135 -0.38347999
v 0.62067670 -0.62889851 -0.17697032
v 0.70295083 -0.58775134 -0.41394951
v 0.68937284 -0.57063393 -0.33795855
v 0.71892097 -0.58205358 -0.29075992
v 0.71891802 -0.58205277 -0.29076347
v 0.71468290 -0.56793415 -0.34395696
v 0.71628874 -0.58024644 -0.28420930
v 0.71966322 -0.58908153 -0.26493814
f 5 3 9
f 11 5 23
f 17 1 11
f 3 2 9
f 3 5 14
f 34 14 5
f 11 1 37
f 34 5 11
f 37 34 11
f 28 15 17
f 17 11 28
f 3 14 2
f 5 9 23
f 28 11 29
f 15 7 12
f 48 15 12
f 15 48 17
f 29 11 23
f 1 17 37
f 2 13 145
f 7 56 12
f 7 15 56
f 56 15 28
f 29 23 49
f 21 26 57
f 14 61 2
f 51 13 33
f 55 14 34
f 49 23 9
f 37 55 34
f 56 35 12
f 40 41 42
f 43 40 42
f 44 40 43
f 45 44 43
f 43 42 46
f 20 44 47
f 40 20 41
f 41 20 38
f 40 44 20
f 41 38 42
f 28 20 47
f 28 29 20
f 44 47 45
f 27 47 44
f 38 20 29
f 27 28 47
f 45 43 46
f 42 38 46
f 47 44 45
f 27 44 46
f 44 45 46
f 13 51 145
f 13 2 61
f 145 51 54
f 51 52 54
f 90 13 61
f 61 14 50
f 14 55 64
f 49 9 30
f 51 33 52
f 9 2 145
f 56 28 27
f 48 12 35
f 27 39 56
f 18 59 58
f 38 29 117
f 27 46 117
f 46 38 117
f 37 17 48
f 33 53 60
f 54 60 62
f 52 33 60
f 52 60 54
f 33 13 91
f 60 53 62
f 33 91 62
f 53 33 62
f 91 54 62
f 54 91 145
f 90 61 50
f 30 9 145
f 14 64 50
f 30 145 65
f 66 64 55
f 110 66 55
f 49 30 76
f 18 58 67
f 56 39 21
f 21 18 19
f 39 18 21
f 19 70 26
f 59 39 57
f 70 67 58
f 70 58 26
f 58 59 57
f 18 39 59
f 19 18 67
f 70 19 67
f 39 27 57
f 63 91 13
f 76 30 65
f 56 68 35
f 56 21 68
f 37 77 55
f 26 21 19
f 37 48 71
f 26 58 57
f 97 21 57
f 35 95 48
f 27 117 57
f 95 71 48
f 29 49 96
f 77 37 71
f 49 76 96
f 75 6 10
f 78 10 6
f 87 10 78
f 87 107 88
f 63 83 91
f 90 63 13
f 50 64 90
f 110 55 147
f 55 154 147
f 77 154 55
f 35 72 95
f 68 21 97
f 71 155 113
f 113 77 71
f 57 117 97
f 97 117 156
f 29 96 117
f 82 101 6
f 6 75 82
f 66 110 64
f 74 75 127
f 101 78 6
f 92 80 104
f 92 104 86
f 127 75 10
f 78 101 105
f 78 105 87
f 127 10 88
f 10 87 88
f 87 105 107
f 88 107 108
f 64 63 90
f 145 91 83
f 452 65 145
f 65 452 146
f 454 35 351
f 111 155 112
f 351 35 68
f 68 97 351
f 35 454 72
f 77 113 154
f 114 115 116
f 111 115 114
f 119 118 114
f 125 80 92
f 116 119 114
f 118 111 114
f 118 119 113
f 119 116 152
f 123 113 119
f 118 113 111
f 152 123 119
f 113 155 111
f 112 115 111
f 95 72 120
f 121 156 117
f 96 121 117
f 95 155 71
f 74 73 82
f 73 100 82
f 126 125 99
f 125 98 80
f 82 75 74
f 80 98 8
f 125 92 98
f 125 98 99
f 102 101 100
f 82 100 101
f 271 128 100
f 102 100 128
f 92 85 98
f 92 167 85
f 8 104 80
f 92 86 130
f 92 106 167
f 92 130 106
f 132 127 88
f 101 102 131
f 130 86 104
f 130 104 103
f 105 101 131
f 132 88 108
f 105 129 107
f 107 188 108
f 135 136 137
f 198 141 210
f 63 286 83
f 286 63 64
f 342 64 110
f 65 146 344
f 76 65 344
f 76 344 96
f 116 115 112
f 152 116 112
f 112 123 152
f 112 155 123
f 97 156 251
f 113 123 154
f 154 123 155
f 95 120 256
f 121 255 156
f 100 73 381
f 73 74 149
f 73 149 161
f 98 125 151
f 151 126 89
f 138 73 161
f 125 126 151
f 98 151 69
f 73 138 381
f 126 159 89
f 163 100 381
f 69 159 99
f 8 98 69
f 164 36 165
f 100 163 271
f 99 98 69
f 69 98 181
f 184 74 180
f 159 126 99
f 181 98 85
f 158 134 181
f 85 167 166
f 127 180 74
f 172 129 128
f 172 128 134
f 280 166 175
f 104 8 103
f 132 180 127
f 102 128 129
f 167 106 171
f 166 167 171
f 172 134 188
f 166 171 175
f 129 131 102
f 173 106 130
f 172 188 129
f 188 107 129
f 106 173 171
f 130 103 173
f 129 105 131
f 188 132 108
f 180 186 185
f 132 186 180
f 186 132 188
f 173 169 182
f 185 186 84
f 109 84 186
f 173 139 175
f 109 186 188
f 175 139 194
f 197 135 137
f 84 109 133
f 182 143 139
f 173 182 139
f 109 188 140
f 136 179 137
f 182 197 143
f 141 133 109
f 140 188 195
f 199 297 298
f 179 197 137
f 197 179 204
f 179 196 204
f 143 197 204
f 139 143 194
f 198 133 141
f 109 140 141
f 206 207 208
f 143 204 224
f 141 140 210
f 314 194 143
f 210 140 332
f 140 217 332
f 217 140 203
f 224 204 205
f 212 213 214
f 219 220 214
f 222 229 221
f 143 224 223
f 229 227 228
f 223 230 143
f 210 332 211
f 314 143 216
f 228 231 232
f 231 219 233
f 314 244 336
f 234 221 235
f 236 234 235
f 230 223 234
f 229 215 213
f 227 213 212
f 223 224 229
f 220 238 227
f 238 228 227
f 234 222 221
f 238 220 219
f 232 233 241
f 231 233 232
f 223 222 234
f 223 229 222
f 239 216 232
f 230 234 236
f 230 236 218
f 218 236 235
f 216 228 232
f 231 238 219
f 216 230 228
f 230 218 228
f 221 228 235
f 228 218 235
f 221 229 228
f 231 228 238
f 240 216 239
f 143 230 216
f 232 241 239
f 239 241 240
f 216 244 314
f 145 83 452
f 147 347 110
f 347 342 110
f 351 97 343
f 96 344 122
f 154 457 147
f 250 343 97
f 120 454 496
f 72 454 120
f 190 253 189
f 96 255 121
f 95 256 157
f 157 155 95
f 96 122 367
f 96 367 255
f 260 155 157
f 264 265 485
f 264 266 265
f 246 151 89
f 138 161 381
f 151 246 69
f 160 89 159
f 69 246 94
f 149 74 184
f 271 163 158
f 163 32 174
f 160 159 273
f 282 390 278
f 69 181 159
f 134 159 181
f 181 271 158
f 134 158 163
f 160 273 390
f 181 85 166
f 134 128 181
f 128 271 181
f 181 166 280
f 181 280 134
f 159 134 280
f 159 280 277
f 134 163 174
f 273 159 277
f 273 278 390
f 174 275 404
f 284 180 185
f 4 192 169
f 180 284 184
f 4 169 8
f 8 169 103
f 277 280 175
f 134 170 176
f 134 176 188
f 273 277 183
f 170 134 174
f 188 176 170
f 277 175 183
f 174 188 170
f 187 177 174
f 173 103 169
f 177 188 174
f 273 183 278
f 174 404 312
f 169 192 289
f 175 194 183
f 177 187 188
f 278 183 194
f 174 285 187
f 312 285 174
f 185 84 191
f 278 288 282
f 202 290 409
f 169 289 182
f 188 187 285
f 195 188 285
f 278 194 291
f 282 288 409
f 293 294 295
f 135 197 196
f 133 191 84
f 195 285 312
f 278 291 288
f 309 298 311
f 299 296 300
f 296 301 300
f 201 409 288
f 298 288 311
f 301 297 199
f 409 309 311
f 302 196 178
f 303 299 290
f 299 300 290
f 296 297 301
f 291 194 288
f 288 297 306
f 290 300 309
f 297 288 298
f 307 199 298
f 297 296 303
f 202 303 290
f 303 296 299
f 306 297 303
f 301 199 307
f 300 301 307
f 409 201 202
f 306 303 202
f 201 306 202
f 306 201 288
f 409 290 309
f 307 298 309
f 309 300 307
f 179 136 178
f 198 310 133
f 197 182 408
f 136 302 178
f 135 196 302
f 312 140 195
f 197 408 196
f 136 135 302
f 196 408 204
f 288 194 311
f 179 178 196
f 537 310 198
f 140 312 203
f 194 314 311
f 533 416 204
f 311 314 322
f 319 320 323
f 204 416 432
f 537 198 211
f 211 198 210
f 220 212 214
f 204 432 205
f 244 237 325
f 322 314 326
f 327 328 329
f 233 219 214
f 244 325 225
f 220 227 212
f 244 216 240
f 229 224 215
f 227 229 213
f 213 215 214
f 242 331 324
f 323 217 203
f 631 200 328
f 224 205 432
f 224 432 215
f 211 332 243
f 240 241 214
f 244 225 331
f 226 237 324
f 225 325 226
f 241 233 214
f 240 214 215
f 244 240 237
f 325 237 226
f 324 237 341
f 242 336 331
f 242 341 336
f 331 225 245
f 331 245 324
f 245 226 324
f 245 225 226
f 336 244 331
f 237 240 341
f 324 341 242
f 341 335 334
f 326 314 336
f 335 337 338
f 448 217 323
f 341 543 339
f 341 339 335
f 341 240 543
f 543 240 215
f 334 338 340
f 334 335 338
f 338 337 340
f 337 339 340
f 335 339 337
f 340 339 543
f 341 334 340
f 336 341 340
f 332 217 448
f 83 286 465
f 528 286 600
f 600 286 522
f 64 342 522
f 286 64 522
f 348 247 148
f 351 458 454
f 454 458 459
f 147 457 566
f 457 154 346
f 190 153 253
f 253 153 352
f 352 97 251
f 120 93 256
f 153 97 352
f 250 252 190
f 252 97 153
f 250 97 252
f 189 253 352
f 352 348 189
f 252 153 190
f 346 154 155
f 247 352 251
f 348 352 247
f 250 190 148
f 190 348 148
f 190 189 348
f 156 148 251
f 148 247 251
f 496 93 120
f 256 93 570
f 156 255 464
f 471 523 358
f 367 355 255
f 155 260 259
f 155 259 363
f 155 363 346
f 36 164 25
f 157 256 260
f 360 464 361
f 465 286 683
f 259 260 363
f 364 365 366
f 364 165 36
f 369 370 371
f 369 372 370
f 248 378 16
f 362 16 32
f 488 89 160
f 32 163 381
f 488 262 89
f 381 362 32
f 378 32 16
f 81 160 482
f 390 482 160
f 262 487 246
f 161 261 362
f 161 362 381
f 174 248 384
f 262 246 89
f 174 32 378
f 248 174 378
f 266 386 265
f 487 377 268
f 269 261 79
f 246 487 268
f 149 261 161
f 184 284 79
f 500 501 495
f 149 388 261
f 388 79 261
f 377 398 276
f 94 246 268
f 174 384 275
f 276 4 377
f 377 4 8
f 149 184 79
f 69 94 8
f 388 149 79
f 268 8 94
f 377 8 268
f 275 384 392
f 390 282 287
f 284 283 79
f 274 390 287
f 287 282 274
f 276 397 612
f 192 4 276
f 276 612 192
f 392 404 275
f 185 279 284
f 284 279 283
f 392 313 404
f 185 191 279
f 274 282 407
f 404 313 312
f 313 292 312
f 192 693 289
f 400 282 529
f 529 282 409
f 411 304 412
f 191 133 350
f 409 311 529
f 350 133 413
f 289 415 182
f 413 133 310
f 182 415 408
f 529 311 410
f 292 418 312
f 292 417 534
f 418 292 534
f 204 408 533
f 410 311 530
f 420 317 416
f 530 311 422
f 418 203 312
f 311 322 422
f 315 420 416
f 535 310 537
f 315 423 424
f 420 419 317
f 416 317 425
f 426 447 333
f 418 534 203
f 317 419 425
f 315 427 423
f 427 315 416
f 416 533 427
f 427 533 430
f 423 427 430
f 420 315 316
f 419 420 316
f 329 426 433
f 200 631 211
f 320 319 434
f 320 434 435
f 436 434 437
f 537 211 631
f 323 438 319
f 322 326 422
f 439 437 438
f 327 441 333
f 416 425 432
f 328 200 329
f 328 333 631
f 426 200 443
f 428 438 323
f 421 320 435
f 203 428 323
f 436 439 445
f 439 446 445
f 446 439 436
f 328 327 333
f 436 440 446
f 440 428 446
f 435 436 445
f 436 437 439
f 330 442 443
f 433 441 329
f 441 327 329
f 426 333 433
f 441 433 333
f 333 447 631
f 443 200 330
f 329 200 426
f 330 200 447
f 330 426 442
f 200 211 447
f 330 447 426
f 243 447 211
f 434 319 437
f 340 543 336
f 543 642 336
f 323 431 448
f 432 543 215
f 544 332 448
f 243 332 544
f 336 642 641
f 336 641 444
f 326 336 444
f 281 647 83
f 83 465 456
f 83 647 452
f 146 452 651
f 83 456 281
f 147 566 455
f 342 347 453
f 146 651 344
f 347 147 455
f 343 458 351
f 122 344 150
f 652 461 360
f 346 557 457
f 122 561 356
f 561 122 150
f 461 156 464
f 464 255 355
f 156 461 148
f 346 363 557
f 356 367 122
f 357 462 463
f 464 355 354
f 256 570 260
f 25 164 366
f 355 367 466
f 267 367 356
f 466 267 36
f 267 365 36
f 365 364 36
f 467 365 267
f 366 365 25
f 466 367 267
f 36 25 466
f 466 477 355
f 260 142 258
f 260 258 363
f 165 364 366
f 164 165 366
f 25 365 467
f 466 25 467
f 31 363 258
f 466 467 479
f 473 462 357
f 463 462 468
f 577 463 468
f 477 466 24
f 473 467 462
f 479 357 577
f 462 467 468
f 467 473 479
f 24 466 22
f 479 473 357
f 258 368 31
f 466 479 257
f 466 257 22
f 31 475 573
f 368 480 31
f 484 362 481
f 362 484 584
f 485 265 386
f 261 269 168
f 257 168 22
f 480 475 31
f 257 481 168
f 449 359 488
f 263 359 449
f 475 263 449
f 489 488 359
f 16 362 584
f 488 160 449
f 449 160 476
f 160 81 476
f 16 584 379
f 379 248 16
f 490 491 492
f 495 383 493
f 24 22 254
f 497 498 499
f 254 22 168
f 489 475 488
f 489 503 475
f 489 373 503
f 475 503 263
f 359 373 489
f 503 373 359
f 503 359 263
f 499 498 266
f 498 386 266
f 494 485 598
f 506 507 414
f 480 487 475
f 475 487 488
f 481 362 168
f 488 487 262
f 248 379 478
f 482 511 386
f 499 266 264
f 598 81 509
f 81 482 509
f 509 505 494
f 498 482 386
f 598 509 494
f 505 499 264
f 505 497 499
f 505 485 494
f 509 498 497
f 511 393 485
f 248 478 384
f 505 509 497
f 393 382 385
f 485 505 264
f 485 386 511
f 382 495 493
f 383 382 493
f 393 385 513
f 598 485 393
f 509 482 498
f 168 269 254
f 168 362 261
f 390 274 482
f 382 511 495
f 511 382 393
f 493 495 501
f 385 493 513
f 385 495 493
f 382 383 385
f 383 495 385
f 513 493 501
f 513 501 500
f 513 500 393
f 480 504 377
f 269 79 345
f 482 495 511
f 396 254 512
f 345 512 254
f 345 254 269
f 376 480 377
f 480 376 487
f 487 376 377
f 482 274 500
f 482 500 495
f 391 396 512
f 504 398 377
f 512 345 79
f 274 380 500
f 162 392 384
f 391 512 520
f 276 398 397
f 162 384 604
f 79 520 512
f 604 392 162
f 402 392 604
f 79 283 520
f 361 523 652
f 525 274 407
f 313 392 402
f 525 753 274
f 612 693 192
f 283 279 520
f 282 400 407
f 279 191 613
f 402 524 313
f 292 313 524
f 270 613 350
f 613 191 350
f 575 658 741
f 403 289 693
f 403 318 415
f 289 403 415
f 413 700 350
f 413 310 700
f 408 415 531
f 321 529 410
f 310 625 700
f 310 535 625
f 408 531 533
f 534 417 624
f 425 419 424
f 428 440 438
f 423 430 424
f 430 425 424
f 316 315 424
f 777 203 534
f 438 437 319
f 421 445 446
f 419 316 424
f 535 539 429
f 777 428 203
f 438 440 439
f 538 535 537
f 430 533 425
f 431 323 421
f 540 630 541
f 630 538 537
f 540 538 630
f 539 538 540
f 439 440 436
f 539 535 538
f 421 323 320
f 444 422 326
f 436 435 434
f 421 435 445
f 777 421 428
f 446 428 421
f 638 631 447
f 638 447 243
f 431 545 448
f 547 206 412
f 206 208 412
f 544 448 719
f 549 470 550
f 344 560 150
f 286 528 683
f 552 553 554
f 456 465 683
f 651 452 647
f 666 522 342
f 461 464 360
f 898 458 343
f 347 729 453
f 343 250 148
f 729 347 455
f 566 457 557
f 471 358 464
f 652 372 574
f 344 460 560
f 563 562 670
f 355 477 664
f 561 150 560
f 343 148 353
f 567 652 354
f 652 353 148
f 361 464 358
f 523 361 358
f 93 496 570
f 652 569 372
f 372 569 370
f 569 652 567
f 652 523 471
f 461 652 148
f 557 363 31
f 652 360 361
f 371 549 550
f 656 267 356
f 369 572 574
f 572 532 470
f 369 532 572
f 571 557 31
f 470 567 354
f 370 569 549
f 369 371 532
f 532 550 470
f 532 371 550
f 652 471 354
f 450 260 570
f 574 372 369
f 464 354 471
f 549 567 470
f 549 569 567
f 354 355 470
f 370 549 371
f 31 573 571
f 355 664 470
f 260 450 142
f 467 267 656
f 258 142 469
f 357 463 577
f 564 479 577
f 662 564 467
f 564 576 467
f 577 468 576
f 468 467 576
f 577 576 564
f 573 475 449
f 368 258 469
f 24 472 477
f 480 368 374
f 665 573 449
f 479 481 257
f 481 479 564
f 581 580 669
f 665 449 583
f 491 510 492
f 480 374 508
f 484 481 564
f 449 476 583
f 507 586 380
f 586 507 589
f 593 587 594
f 593 806 588
f 586 588 380
f 593 588 587
f 595 596 490
f 588 595 490
f 586 587 588
f 380 490 492
f 806 81 588
f 587 586 589
f 380 598 393
f 254 684 24
f 401 480 508
f 684 254 396
f 510 598 492
f 598 596 491
f 596 510 491
f 510 596 598
f 81 598 588
f 595 598 596
f 588 598 595
f 596 598 490
f 490 598 491
f 588 490 380
f 492 598 380
f 517 384 478
f 480 401 504
f 380 393 500
f 375 591 396
f 384 517 604
f 396 391 585
f 593 594 506
f 375 396 585
f 608 607 579
f 603 608 579
f 520 585 391
f 504 401 398
f 380 274 606
f 520 607 375
f 375 607 608
f 375 585 520
f 592 608 603
f 605 603 579
f 579 607 605
f 398 521 397
f 592 375 608
f 605 592 603
f 274 609 606
f 609 274 753
f 515 612 397
f 350 700 270
f 318 403 693
f 613 249 279
f 548 624 417
f 617 622 547
f 292 524 548
f 525 400 405
f 270 700 613
f 526 405 400
f 407 400 525
f 402 387 524
f 548 417 292
f 618 293 295
f 400 529 868
f 619 620 536
f 868 529 321
f 548 209 624
f 700 625 622
f 411 208 305
f 621 531 415
f 622 625 305
f 531 711 533
f 534 624 623
f 627 626 321
f 626 627 410
f 630 535 628
f 535 773 625
f 625 774 710
f 627 321 410
f 626 410 715
f 774 625 773
f 629 539 540
f 530 715 410
f 541 630 628
f 533 711 716
f 773 535 630
f 535 429 628
f 541 429 629
f 629 540 541
f 628 429 541
f 533 716 425
f 629 429 539
f 530 422 715
f 537 631 630
f 777 431 421
f 633 634 715
f 634 633 635
f 633 632 635
f 422 632 715
f 422 772 632
f 425 779 432
f 422 444 772
f 777 719 431
f 632 639 636
f 720 642 543
f 638 243 780
f 719 448 545
f 545 431 719
f 727 641 721
f 444 641 643
f 649 342 453
f 342 649 666
f 460 344 651
f 496 454 568
f 566 557 349
f 901 343 353
f 565 483 558
f 557 559 565
f 356 561 656
f 483 565 559
f 514 353 652
f 557 571 559
f 558 738 655
f 451 656 561
f 483 559 648
f 559 571 648
f 570 496 798
f 655 660 575
f 663 659 580
f 652 574 514
f 514 574 470
f 572 470 574
f 467 656 662
f 450 570 798
f 803 571 573
f 142 450 615
f 664 514 470
f 664 477 124
f 573 665 803
f 663 668 667
f 668 659 663
f 580 659 669
f 562 581 670
f 676 564 662
f 124 669 800
f 124 800 664
f 554 659 668
f 564 676 671
f 659 554 669
f 368 469 374
f 472 124 477
f 581 669 670
f 472 669 124
f 472 670 669
f 583 476 590
f 484 564 671
f 599 478 379
f 484 671 584
f 678 742 679
f 680 678 679
f 476 81 806
f 590 476 806
f 472 24 474
f 486 602 611
f 593 414 380
f 587 589 594
f 593 506 414
f 589 507 506
f 518 593 380
f 507 380 414
f 594 589 506
f 401 508 812
f 684 474 24
f 508 374 812
f 459 458 645
f 684 396 591
f 518 380 606
f 517 687 604
f 970 811 866
f 591 375 601
f 797 800 690
f 401 389 398
f 402 604 650
f 521 816 397
f 398 389 521
f 601 605 607
f 389 816 521
f 601 375 605
f 592 605 375
f 607 520 279
f 387 402 650
f 753 606 609
f 525 405 272
f 817 607 279
f 753 525 272
f 612 394 693
f 613 817 249
f 817 279 249
f 693 394 555
f 761 272 405
f 753 272 761
f 693 555 695
f 759 399 308
f 614 516 399
f 527 399 516
f 616 614 759
f 516 405 527
f 524 387 548
f 700 694 613
f 318 693 695
f 399 527 405
f 614 399 759
f 613 694 817
f 526 399 405
f 305 207 622
f 526 696 395
f 400 610 526
f 395 308 399
f 526 610 825
f 610 400 868
f 548 826 209
f 207 305 208
f 411 412 208
f 399 526 395
f 547 412 617
f 304 617 412
f 294 293 767
f 621 415 318
f 207 206 547
f 622 207 547
f 619 702 703
f 620 619 703
f 704 767 640
f 304 625 644
f 697 193 624
f 625 304 305
f 705 706 618
f 617 700 622
f 304 411 305
f 697 624 209
f 295 294 704
f 294 767 704
f 768 620 703
f 304 644 617
f 701 705 698
f 623 624 193
f 644 625 710
f 531 771 711
f 321 626 406
f 193 777 623
f 777 534 623
f 536 620 768
f 777 193 832
f 702 712 713
f 715 632 633
f 634 714 635
f 714 634 637
f 634 542 715
f 639 632 772
f 637 639 714
f 536 768 621
f 636 637 634
f 636 639 637
f 716 711 779
f 638 630 631
f 425 716 779
f 714 639 717
f 542 717 715
f 634 635 542
f 636 634 635
f 632 636 635
f 772 717 639
f 635 714 717
f 542 635 717
f 785 777 836
f 719 777 785
f 543 432 779
f 779 720 543
f 712 706 705
f 713 712 705
f 643 772 444
f 243 544 894
f 642 720 641
f 641 720 721
f 719 895 544
f 643 641 718
f 718 641 786
f 894 780 243
f 544 895 894
f 641 727 786
f 727 721 699
f 725 726 782
f 725 723 726
f 643 718 786
f 486 728 602
f 754 683 528
f 600 522 839
f 666 839 522
f 898 645 458
f 281 646 647
f 666 649 453
f 647 646 651
f 460 451 561
f 556 729 455
f 455 566 556
f 733 734 648
f 460 651 451
f 729 556 349
f 349 556 566
f 898 343 791
f 454 459 568
f 560 460 561
f 791 343 901
f 738 558 657
f 496 568 737
f 557 565 349
f 483 648 734
f 558 483 657
f 739 733 648
f 738 657 733
f 741 648 571
f 655 738 739
f 738 733 739
f 565 575 741
f 658 739 648
f 655 739 660
f 657 483 734
f 733 657 734
f 660 739 658
f 575 660 658
f 565 558 575
f 558 655 575
f 741 658 648
f 662 656 654
f 800 669 554
f 736 662 654
f 665 583 597
f 450 798 615
f 578 563 670
f 581 797 580
f 553 690 800
f 668 663 552
f 662 736 676
f 615 469 142
f 374 469 674
f 562 661 581
f 661 563 740
f 667 797 690
f 578 661 740
f 663 667 552
f 615 681 374
f 668 552 554
f 797 668 580
f 553 800 554
f 690 553 667
f 797 667 668
f 469 615 674
f 661 672 797
f 580 668 663
f 672 578 670
f 590 806 597
f 472 672 670
f 661 797 581
f 672 661 578
f 674 615 374
f 742 682 679
f 553 552 667
f 563 578 740
f 563 661 562
f 583 590 597
f 584 676 611
f 486 742 678
f 676 584 671
f 682 611 602
f 611 682 584
f 597 806 805
f 602 680 682
f 728 678 680
f 602 728 680
f 728 486 678
f 676 742 611
f 611 742 486
f 679 682 680
f 599 584 682
f 584 599 379
f 682 742 599
f 687 517 478
f 599 687 478
f 732 806 593
f 593 518 732
f 472 474 684
f 599 807 687
f 746 747 748
f 813 518 606
f 650 604 687
f 401 750 389
f 812 750 401
f 788 684 591
f 813 606 810
f 606 815 810
f 601 607 788
f 788 591 601
f 650 689 688
f 389 750 816
f 752 650 688
f 387 650 752
f 817 788 607
f 815 606 857
f 394 612 515
f 706 712 767
f 653 614 616
f 387 766 548
f 614 653 516
f 653 758 516
f 753 761 606
f 516 758 405
f 394 695 555
f 761 405 758
f 757 694 700
f 760 759 308
f 867 700 617
f 712 536 767
f 621 701 698
f 696 308 395
f 705 618 698
f 713 705 701
f 702 619 536
f 698 618 295
f 621 768 701
f 712 703 713
f 703 712 768
f 536 984 767
f 321 406 929
f 703 702 713
f 702 536 712
f 768 712 701
f 712 713 701
f 706 293 618
f 531 621 698
f 929 868 321
f 293 706 767
f 697 708 193
f 771 531 698
f 698 704 640
f 698 640 767
f 698 295 704
f 770 644 710
f 698 767 771
f 771 709 711
f 626 715 406
f 715 881 406
f 711 887 779
f 833 773 630
f 777 832 775
f 836 777 776
f 630 638 778
f 938 778 638
f 779 939 720
f 638 780 938
f 772 643 787
f 781 723 838
f 727 781 838
f 699 722 781
f 723 722 724
f 722 782 724
f 722 725 782
f 725 722 723
f 699 721 723
f 783 784 721
f 699 723 722
f 726 784 782
f 721 784 726
f 725 784 783
f 784 725 782
f 721 726 723
f 722 723 781
f 727 699 781
f 723 724 838
f 724 782 838
f 725 783 782
f 838 782 783
f 783 721 838
f 895 785 896
f 785 895 719
f 528 600 754
f 745 600 839
f 729 349 735
f 666 453 729
f 898 551 645
f 729 735 789
f 730 451 651
f 730 651 646
f 459 645 568
f 735 349 565
f 790 858 565
f 795 919 796
f 656 451 677
f 735 565 858
f 514 919 353
f 790 565 741
f 737 568 645
f 654 656 677
f 654 677 736
f 741 571 803
f 737 798 496
f 919 514 841
f 741 803 802
f 615 798 904
f 799 676 736
f 514 664 958
f 672 851 797
f 665 802 803
f 743 681 615
f 597 805 665
f 802 665 805
f 806 519 905
f 806 732 519
f 472 851 672
f 599 909 910
f 599 840 853
f 374 681 744
f 374 744 812
f 472 684 851
f 807 650 687
f 807 853 650
f 732 518 813
f 689 650 853
f 788 817 692
f 515 397 816
f 692 817 866
f 817 694 869
f 857 606 761
f 818 819 954
f 695 394 820
f 756 653 616
f 653 685 758
f 387 829 766
f 826 548 766
f 823 762 821
f 762 823 824
f 760 691 616
f 823 821 765
f 616 759 760
f 763 822 869
f 696 526 835
f 923 825 610
f 526 825 835
f 697 209 826
f 700 867 757
f 760 308 546
f 696 835 546
f 546 308 696
f 536 621 984
f 621 318 984
f 929 406 831
f 767 984 771
f 546 835 890
f 193 708 830
f 831 406 881
f 936 710 774
f 832 193 830
f 773 833 774
f 776 777 775
f 775 832 776
f 717 881 715
f 772 834 881
f 717 772 881
f 938 780 894
f 834 772 787
f 786 727 838
f 787 643 786
f 896 785 836
f 1038 838 721
f 683 754 1011
f 754 600 745
f 789 666 729
f 456 683 949
f 789 839 666
f 281 456 949
f 842 822 824
f 646 281 730
f 1137 791 901
f 953 858 790
f 901 353 919
f 677 451 897
f 958 801 841
f 796 846 848
f 796 919 846
f 793 801 848
f 677 897 736
f 801 795 796
f 737 843 798
f 801 793 841
f 850 799 736
f 840 599 910
f 846 841 793
f 848 846 793
f 796 848 801
f 919 795 958
f 919 841 846
f 841 514 958
f 664 800 958
f 843 904 798
f 676 850 755
f 799 850 676
f 615 904 900
f 800 797 851
f 743 615 900
f 912 755 850
f 743 900 681
f 755 742 676
f 962 800 851
f 905 805 806
f 802 805 905
f 909 742 755
f 519 952 905
f 599 742 909
f 853 807 599
f 952 519 732
f 952 732 852
f 854 748 692
f 855 746 748
f 684 914 851
f 1014 852 813
f 852 732 813
f 744 856 812
f 749 689 853
f 813 810 911
f 907 750 812
f 970 788 692
f 914 684 788
f 689 809 688
f 809 814 688
f 859 863 860
f 863 859 692
f 749 809 689
f 861 746 862
f 907 816 750
f 810 815 916
f 864 860 865
f 863 866 865
f 811 861 862
f 859 854 692
f 855 865 866
f 854 865 855
f 692 747 970
f 861 811 747
f 748 747 692
f 707 916 815
f 864 859 860
f 748 854 855
f 829 752 688
f 970 747 811
f 860 863 865
f 862 855 811
f 855 862 746
f 811 855 866
f 822 842 765
f 865 854 864
f 861 747 746
f 854 859 864
f 863 692 866
f 688 973 829
f 515 816 394
f 917 866 817
f 387 752 829
f 817 869 917
f 582 653 756
f 707 815 857
f 763 869 694
f 763 762 822
f 765 869 822
f 685 653 582
f 869 765 821
f 842 824 823
f 756 616 691
f 992 763 694
f 765 842 823
f 763 821 762
f 766 829 794
f 758 685 764
f 763 992 821
f 695 820 984
f 757 992 694
f 766 922 826
f 697 826 920
f 318 695 984
f 827 610 868
f 890 760 546
f 867 617 644
f 835 825 990
f 771 875 876
f 697 993 708
f 877 709 876
f 771 874 875
f 872 878 873
f 878 879 873
f 875 878 872
f 984 874 771
f 872 876 875
f 872 873 876
f 873 877 876
f 879 877 873
f 876 709 771
f 882 830 708
f 709 930 711
f 930 887 711
f 830 994 884
f 830 884 832
f 1052 885 886
f 834 1034 881
f 832 940 776
f 778 833 630
f 836 776 940
f 720 939 893
f 938 894 1036
f 721 720 893
f 721 893 1038
f 838 1038 786
f 683 1011 949
f 839 789 731
f 281 949 1006
f 789 735 731
f 281 871 730
f 731 735 858
f 730 957 451
f 737 645 899
f 847 850 736
f 451 957 897
f 795 801 958
f 897 847 736
f 790 741 802
f 961 790 802
f 958 800 962
f 802 905 903
f 952 965 905
f 1063 909 755
f 853 840 910
f 853 910 1015
f 1014 813 1110
f 744 681 856
f 853 913 749
f 681 808 856
f 812 856 808
f 1110 813 911
f 1110 911 1113
f 809 749 913
f 911 1062 1113
f 970 866 792
f 914 788 686
f 974 686 788
f 918 919 954
f 814 902 688
f 973 688 902
f 810 916 1018
f 792 866 917
f 911 810 1062
f 820 394 1074
f 582 921 685
f 857 761 764
f 764 761 758
f 869 821 992
f 829 924 794
f 766 794 922
f 760 987 691
f 756 691 987
f 923 980 764
f 826 922 920
f 827 980 923
f 610 827 923
f 895 837 894
f 890 835 990
f 760 890 987
f 923 990 825
f 992 867 644
f 875 874 928
f 877 879 880
f 878 875 928
f 827 868 929
f 697 920 993
f 880 878 928
f 879 878 880
f 877 880 709
f 928 709 880
f 830 882 994
f 936 770 710
f 831 881 929
f 999 832 931
f 887 930 995
f 881 996 929
f 933 926 934
f 931 883 999
f 934 932 933
f 932 926 933
f 934 933 931
f 935 933 934
f 887 995 941
f 884 934 931
f 937 935 883
f 884 932 934
f 828 936 774
f 934 926 883
f 884 994 926
f 935 934 883
f 933 937 931
f 937 933 935
f 884 926 932
f 937 883 931
f 832 884 931
f 828 774 833
f 887 941 939
f 779 887 939
f 1034 834 1002
f 891 144 942
f 834 787 786
f 939 998 893
f 944 945 946
f 896 836 943
f 1178 834 786
f 944 891 892
f 1036 894 837
f 1038 891 946
f 891 1038 893
f 947 1038 946
f 944 946 891
f 944 892 945
f 837 895 1003
f 895 896 1003
f 948 786 1038
f 1010 754 969
f 1011 754 1041
f 1041 754 1010
f 969 754 745
f 969 745 839
f 1052 1137 901
f 281 1006 871
f 1049 1128 551
f 951 839 731
f 551 898 1049
f 730 871 957
f 551 899 645
f 1008 955 818
f 899 844 737
f 953 731 858
f 901 919 1052
f 819 959 954
f 737 844 843
f 1085 953 790
f 1085 790 961
f 919 958 870
f 960 918 954
f 885 918 960
f 802 908 961
f 843 1045 904
f 963 964 1331
f 847 956 850
f 845 912 850
f 802 903 908
f 804 903 888
f 853 1015 913
f 912 1063 755
f 909 1015 910
f 1062 810 1018
f 808 681 906
f 1110 1109 1014
f 900 906 681
f 812 808 907
f 1152 913 968
f 913 1152 809
f 907 394 816
f 394 907 1117
f 788 970 974
f 975 1059 916
f 916 707 975
f 973 902 1023
f 902 976 1023
f 975 707 769
f 1025 857 764
f 1074 394 1117
f 707 950 769
f 829 977 924
f 792 869 992
f 917 869 792
f 829 973 977
f 973 1023 977
f 857 1025 707
f 707 1025 950
f 921 582 756
f 989 921 756
f 1025 764 980
f 756 987 989
f 685 921 985
f 764 685 989
f 685 985 989
f 867 992 757
f 989 923 764
f 920 922 794
f 1000 980 827
f 989 890 990
f 827 929 991
f 890 989 987
f 990 923 989
f 644 1028 992
f 930 928 874
f 644 770 828
f 928 930 709
f 926 994 883
f 883 994 999
f 940 832 999
f 1223 828 833
f 881 1034 996
f 889 997 144
f 940 999 836
f 778 938 1173
f 1173 938 1036
f 1033 1002 834
f 939 941 998
f 892 891 942
f 834 1178 1033
f 893 998 1123
f 942 144 997
f 946 945 889
f 947 144 1001
f 1091 1036 837
f 945 997 889
f 1123 1001 893
f 891 1001 144
f 947 946 889
f 891 893 1001
f 892 942 997
f 945 892 997
f 144 947 889
f 948 1038 947
f 1004 960 954
f 839 951 751
f 1011 1041 1133
f 1096 957 871
f 1049 898 791
f 1095 951 731
f 871 1006 1096
f 1137 1049 791
f 1046 953 1085
f 908 804 888
f 908 804 966
f 1052 919 918
f 966 1009 908
f 1097 847 897
f 885 1052 918
f 843 844 1045
f 870 958 1130
f 956 847 1012
f 908 903 804
f 888 903 1009
f 804 908 966
f 956 845 850
f 966 908 888
f 966 888 1009
f 900 904 967
f 1040 952 852
f 1015 909 1016
f 852 1014 1061
f 851 914 1065
f 974 914 686
f 809 1152 1067
f 1018 1019 1062
f 814 1116 902
f 814 1067 1116
f 814 809 1067
f 1018 916 1059
f 1116 1022 902
f 792 974 970
f 975 769 915
f 975 1073 1059
f 976 902 1073
f 1073 975 915
f 1023 976 927
f 1023 927 1024
f 769 1020 915
f 927 976 1073
f 769 950 1020
f 1023 1024 1026
f 977 1023 1026
f 924 977 1026
f 924 1030 794
f 1030 924 1026
f 1083 1025 1000
f 921 989 985
f 1025 980 1000
f 1000 827 1083
f 920 794 1030
f 1226 929 996
f 1030 993 920
f 827 1078 1083
f 644 828 1028
f 827 991 1078
f 708 993 882
f 874 1168 930
f 1226 991 929
f 828 770 936
f 995 930 1035
f 1088 996 1034
f 995 1090 941
f 833 778 1173
f 836 999 1092
f 1034 1002 1033
f 1090 1037 941
f 941 1037 998
f 1296 943 836
f 1173 1036 1175
f 1175 1036 1091
f 948 1178 786
f 1039 896 943
f 1178 948 947
f 954 870 1005
f 1043 1134 1044
f 751 969 839
f 949 1011 1006
f 957 1096 972
f 1046 731 953
f 955 819 818
f 1095 731 1046
f 1050 886 959
f 1130 958 962
f 1085 961 1053
f 1008 1005 1052
f 886 885 1004
f 886 1004 959
f 1054 1043 1055
f 1043 1056 1055
f 1057 1058 1134
f 1087 1085 1053
f 957 1105 897
f 1008 1050 955
f 1005 818 954
f 1052 886 1050
f 885 960 1004
f 847 1097 1012
f 1105 1097 897
f 1050 959 819
f 919 870 954
f 955 1050 819
f 959 1004 954
f 1052 1050 1008
f 1008 818 1005
f 905 1009 903
f 900 967 1027
f 905 965 1009
f 1009 961 908
f 900 1027 906
f 845 956 1064
f 1063 912 1064
f 912 845 1064
f 965 952 1040
f 1061 1014 1109
f 913 1015 968
f 962 851 1065
f 1040 852 1194
f 852 1061 1194
f 914 1191 1065
f 914 1147 1191
f 1197 1062 1019
f 1114 1152 968
f 907 808 1117
f 1147 914 974
f 1197 1066 1062
f 1019 1018 1069
f 1113 1062 1066
f 974 1017 1147
f 1059 1104 1018
f 1017 974 792
f 808 1072 1117
f 927 1073 1022
f 1022 1073 902
f 1059 1073 982
f 1073 915 982
f 1020 982 915
f 982 1020 1021
f 1026 1024 1075
f 1020 950 1158
f 1083 950 1025
f 1096 1006 1125
f 950 1083 1158
f 992 1029 792
f 984 820 1074
f 1026 981 1030
f 1045 844 1129
f 1026 1007 981
f 984 1074 874
f 1080 1081 978
f 1083 1078 1211
f 1206 988 1084
f 1355 992 1028
f 991 1226 1078
f 882 993 994
f 1226 996 1088
f 1223 833 1173
f 999 1032 1092
f 995 1035 1090
f 1296 836 1092
f 1089 1088 1034
f 1033 1089 1034
f 1123 998 1037
f 947 1001 1123
f 896 1039 1003
f 1043 1044 1056
f 1006 1133 1125
f 1010 969 1298
f 1006 1011 1133
f 1010 1139 1041
f 1098 1055 1048
f 1005 1048 1044
f 1054 1057 1134
f 1005 870 1048
f 899 1047 844
f 899 1135 1047
f 1095 1046 951
f 1102 1048 1103
f 899 551 1135
f 1048 1056 1044
f 951 1046 1126
f 844 1047 1129
f 957 972 1068
f 1134 1005 1044
f 1046 1085 1051
f 1042 1137 1052
f 1476 1052 1134
f 1098 1054 1055
f 1057 1054 1098
f 1064 956 1146
f 1134 1052 1005
f 1087 1051 1085
f 1058 1057 1102
f 1055 1056 1048
f 1043 1054 1134
f 1102 1057 1098
f 1097 1146 1012
f 1110 1113 1177
f 1100 961 1009
f 1100 1053 961
f 904 1093 967
f 904 1045 1093
f 956 1012 1146
f 1027 967 906
f 1009 965 1233
f 1064 1060 1063
f 909 1063 1108
f 909 1108 1016
f 1016 1108 1015
f 1109 1110 1177
f 1152 1114 1190
f 1116 849 1022
f 1071 1059 1119
f 1069 1018 1104
f 849 927 1022
f 1153 1059 1071
f 1119 1059 982
f 1030 978 979
f 927 849 925
f 925 849 971
f 1024 927 925
f 1020 1158 1021
f 982 1021 1119
f 1024 925 1070
f 1026 1075 1118
f 986 1026 1118
f 1024 1070 1118
f 1024 1118 1075
f 1029 992 1355
f 1158 1120 1021
f 1026 986 1007
f 986 1118 1007
f 1081 1080 988
f 1081 979 978
f 1083 1031 1160
f 1084 1080 1030
f 988 1080 1084
f 1031 1083 1079
f 1160 1158 1083
f 1007 1084 1030
f 1084 1007 1206
f 979 1081 988
f 1030 1080 978
f 1030 979 1121
f 874 1074 1217
f 1007 1030 981
f 1030 1086 1082
f 993 1030 1082
f 1355 828 1222
f 828 1355 1028
f 994 993 1082
f 1226 983 1078
f 1222 828 1223
f 1174 1090 1035
f 1174 1035 1170
f 1010 1298 1139
f 1092 1032 1292
f 1178 1122 1033
f 1037 1094 1123
f 1039 943 1176
f 1176 943 1296
f 1179 1178 947
f 969 751 1298
f 1476 1134 1101
f 1041 1127 1133
f 1048 1102 1098
f 751 951 1300
f 751 1380 1298
f 1101 1103 1048
f 1380 751 1300
f 951 1124 1300
f 551 1128 1076
f 1106 1131 1132
f 1126 1124 951
f 551 1076 1135
f 1096 1125 972
f 1134 1058 1101
f 1042 1052 1476
f 1138 972 1125
f 1046 1051 1126
f 1105 957 1068
f 1129 1180 1045
f 1105 1068 1146
f 1476 1101 870
f 1101 1058 1103
f 1058 1102 1103
f 1045 1180 1093
f 870 1101 1048
f 1097 1105 1146
f 1100 1009 1250
f 1130 962 1065
f 906 967 1148
f 1250 1009 1233
f 1233 965 1185
f 979 988 1121
f 1252 1108 1063
f 1252 1063 1060
f 968 1015 1112
f 1150 1112 1015
f 1015 1108 1150
f 1109 1149 1061
f 1177 1333 1109
f 1109 1333 1149
f 808 906 1201
f 1019 1069 1104
f 1202 1116 1067
f 1066 1177 1113
f 1190 1067 1152
f 1399 1147 1017
f 1202 1067 1190
f 1151 808 1201
f 1116 1202 849
f 1072 808 1151
f 1059 1153 1104
f 1117 1072 1151
f 1071 971 1153
f 849 1156 971
f 925 1156 1154
f 1156 925 971
f 1021 1120 1119
f 1154 1070 925
f 1117 1217 1074
f 1071 1159 971
f 1153 971 1159
f 1119 1159 1071
f 1159 1119 1120
f 1154 1118 1070
f 1118 1154 1162
f 1160 1120 1158
f 1118 1162 1157
f 1017 792 1184
f 1157 1007 1118
f 792 1029 1184
f 1157 1077 1007
f 1121 988 1206
f 1077 1206 1007
f 1031 1079 1160
f 1030 1121 1086
f 1167 1079 1083
f 874 1217 1168
f 1167 1083 1211
f 1211 1078 983
f 1035 930 1168
f 999 994 1445
f 994 1082 1445
f 1225 1226 1088
f 999 1289 1032
f 1290 1088 1089
f 1225 1088 1290
f 1469 1455 1173
f 1454 1090 1174
f 1469 1173 1474
f 1032 1227 1292
f 1173 1175 1474
f 1122 1089 1033
f 1175 1091 1578
f 1293 1297 1037
f 1292 1296 1092
f 1094 1037 1297
f 1091 837 1578
f 1122 1178 1477
f 837 1003 1230
f 947 1123 1094
f 1094 1179 947
f 1039 1176 1003
f 1127 1041 1139
f 1124 1126 1218
f 1049 1076 1128
f 1076 1049 1135
f 1125 1133 1183
f 1135 1049 1137
f 1143 1218 1126
f 972 1138 1068
f 870 1130 1246
f 1146 1068 1141
f 1187 1087 1053
f 1051 1087 1187
f 1053 1100 1308
f 1146 1141 1144
f 1060 1064 1142
f 1146 1186 1142
f 1146 1142 1064
f 1148 967 1093
f 1065 1191 1247
f 1192 1255 1193
f 1194 1061 1149
f 965 1040 1185
f 1040 1194 1185
f 1148 1253 906
f 1201 906 1253
f 968 1112 1114
f 1153 1159 1205
f 1047 1135 1129
f 1190 1114 1112
f 1191 1147 1399
f 1414 1333 1177
f 1066 1197 1198
f 1066 1198 1214
f 1202 1190 1199
f 1019 1104 1155
f 1205 1155 1104
f 1205 1104 1153
f 1266 1156 849
f 1215 1161 1160
f 1265 1205 1159
f 1120 1160 1161
f 1120 1161 1265
f 1120 1265 1159
f 1349 1265 1161
f 1162 1154 1157
f 1154 1200 1157
f 1203 1349 1161
f 1215 1203 1161
f 1181 1184 1029
f 1206 1347 1213
f 1121 1206 1213
f 1212 1160 1079
f 1212 1215 1160
f 1210 1216 1164
f 1167 1212 1079
f 1167 1172 1212
f 1163 1210 1164
f 1164 1216 1169
f 1086 1121 1213
f 1355 1274 1029
f 1168 1217 1219
f 1082 1086 1171
f 1211 983 1279
f 1226 1550 1279
f 1226 1279 983
f 1082 1171 1445
f 1168 1221 1035
f 1221 1447 1035
f 1035 1447 1170
f 1225 1285 1226
f 1032 1289 1227
f 999 1445 1289
f 1445 1288 1289
f 1222 1223 1286
f 1223 1173 1455
f 1090 1367 1037
f 1293 1037 1367
f 1122 1228 1089
f 1230 1578 837
f 1477 1178 1179
f 1237 1133 1127
f 1183 1133 1237
f 1129 1239 1180
f 1135 1137 1488
f 1129 1135 1452
f 1140 1143 1126
f 1143 1238 1218
f 1068 1235 1141
f 1068 1138 1235
f 1187 1053 1308
f 870 1246 1476
f 1313 1244 1245
f 1243 1240 1093
f 1146 1144 1186
f 1248 1249 1320
f 1247 1246 1130
f 1186 1144 1142
f 1065 1247 1130
f 1148 1093 1240
f 1108 1252 1261
f 1142 1144 1251
f 1252 1060 1142
f 1250 1308 1100
f 1108 1195 1150
f 1185 1194 1260
f 1260 1194 1408
f 1150 1257 1112
f 1194 1149 1408
f 1112 1258 1339
f 1112 1339 1190
f 1190 1339 1199
f 1197 1019 1198
f 1066 1214 1177
f 1019 1155 1198
f 1202 1199 1266
f 849 1202 1266
f 1154 1156 1200
f 1117 1151 1264
f 1207 1155 1205
f 1200 1266 1267
f 1266 1200 1156
f 1117 1264 1217
f 1265 1207 1205
f 1200 1208 1157
f 1344 1265 1349
f 1268 1077 1157
f 1203 1215 1349
f 1206 1077 1268
f 1215 1204 1349
f 1269 1210 1163
f 1217 1430 1431
f 1272 1273 1436
f 1268 1347 1206
f 1215 1212 1216
f 1215 1216 1348
f 1348 1204 1215
f 1219 1217 1431
f 1271 1181 1029
f 1216 1210 1269
f 1212 1172 1216
f 1163 1164 1351
f 1216 1269 1346
f 1216 1346 1424
f 1172 1167 1277
f 1271 1029 1274
f 1169 1216 1172
f 1437 1164 1169
f 1164 1437 1351
f 1167 1279 1277
f 1280 1281 1282
f 1279 1167 1211
f 1168 1219 1447
f 1286 1355 1222
f 1447 1221 1168
f 1447 1224 1170
f 1550 1226 1285
f 1285 1225 1363
f 1363 1225 1290
f 1090 1454 1367
f 1290 1089 1228
f 1292 1227 1291
f 1175 1578 1474
f 1228 1122 1471
f 1293 1368 1297
f 1292 1295 1296
f 1179 1094 1479
f 1003 1176 1230
f 1477 1179 1479
f 1345 1298 1189
f 1124 1218 1300
f 1189 1298 1380
f 1125 1183 1231
f 1138 1125 1231
f 1187 1232 1126
f 1137 1042 1309
f 1309 1042 1476
f 1141 1229 1144
f 1126 1051 1187
f 1235 1229 1141
f 1093 1180 1302
f 1307 1232 1187
f 1144 1388 1386
f 1388 1144 1229
f 1187 1308 1307
f 1386 1498 1144
f 1244 1313 1314
f 1281 1311 1282
f 1255 1192 1136
f 1241 1308 1250
f 1193 1255 1254
f 1315 1282 1310
f 1193 1314 1317
f 1249 1248 1318
f 1401 1241 1318
f 1320 1321 1322
f 1136 1317 1242
f 1314 1313 1242
f 1317 1314 1242
f 1192 1193 1317
f 1148 1240 1254
f 1254 1245 1193
f 1284 675 1256
f 1255 1136 1196
f 1311 1241 1312
f 1250 1209 1241
f 1248 1401 1318
f 1193 1244 1314
f 1244 1193 1245
f 1148 1254 1255
f 1148 1255 1196
f 964 1328 1329
f 1136 1192 1317
f 1312 1209 1310
f 1311 1312 1310
f 1250 1233 1332
f 1315 673 1280
f 1330 673 1325
f 1259 1329 1321
f 1241 1209 1312
f 1330 1281 1280
f 1209 673 1310
f 1310 673 1315
f 1323 675 1284
f 1195 1108 1261
f 1233 1185 1483
f 1257 1150 1195
f 1253 1148 1196
f 1201 1253 1196
f 675 1332 1256
f 1332 675 1250
f 1332 1283 1256
f 1283 1284 1256
f 1233 1165 1332
f 1185 1260 1408
f 1233 1483 1165
f 1017 1184 1181
f 1263 1149 1413
f 1149 1263 1408
f 1112 1257 1258
f 1214 1198 1155
f 1413 1149 1333
f 1399 1247 1191
f 1413 1333 1414
f 1214 1414 1177
f 1155 1207 1338
f 1399 1017 1340
f 1214 1155 1338
f 1385 1488 1137
f 1340 1017 1418
f 1265 1344 1207
f 1267 1208 1200
f 1208 1268 1157
f 1301 1163 1220
f 1349 1204 1348
f 1271 1304 1275
f 1346 1269 1301
f 1273 1276 1304
f 1301 1269 1163
f 1275 1276 1273
f 1276 1275 1304
f 1271 1275 1272
f 1172 1353 1169
f 1220 1163 1435
f 1181 1271 1272
f 1216 1424 1348
f 1304 1436 1273
f 1181 1272 1436
f 1273 1272 1275
f 1435 1163 1351
f 1354 1213 1347
f 1436 1271 1278
f 1271 1436 1304
f 1351 1540 1435
f 1353 1172 1438
f 1277 1438 1172
f 1086 1213 1354
f 1274 1278 1271
f 1127 1139 1345
f 1356 1357 1358
f 1224 1444 1170
f 1437 1169 1353
f 1443 1355 1286
f 1555 1279 1550
f 1445 1171 1350
f 1363 1287 1285
f 1286 1223 1455
f 1174 1170 1444
f 1362 1288 1365
f 1362 1458 1288
f 1218 1234 1381
f 1363 1290 1287
f 1288 1458 1291
f 1291 1289 1288
f 1364 1362 1366
f 1227 1289 1291
f 1228 1462 1290
f 1292 1291 1461
f 1368 1293 1367
f 1475 1471 1122
f 1295 1292 1461
f 1294 1297 1368
f 1479 1094 1297
f 1345 1139 1298
f 1230 1176 1481
f 1176 1296 1369
f 1423 1127 1345
f 1189 1380 1345
f 1345 1380 1378
f 1300 1218 1380
f 1380 1218 1381
f 1238 1234 1218
f 1303 1370 1299
f 1231 1183 1485
f 1231 1099 1235
f 1138 1231 1235
f 1143 1140 1238
f 1452 1239 1129
f 1140 1415 1299
f 1385 1137 1309
f 1232 1140 1126
f 1284 1335 1323
f 1093 1302 1243
f 1235 1182 1229
f 1242 1313 1196
f 1254 1196 1319
f 1136 1242 1196
f 1245 1254 1319
f 1259 963 1331
f 1252 1251 1400
f 1115 1165 1334
f 1115 1391 1165
f 1396 1397 1394
f 1415 1131 1305
f 1321 1320 1259
f 1316 1398 964
f 1307 1308 1241
f 1246 1247 1390
f 1330 1249 1318
f 1328 1248 1322
f 1241 1393 1307
f 1254 1240 1374
f 1325 1259 1249
f 1254 1374 1196
f 1313 1319 1196
f 1313 1245 1319
f 1329 1322 1321
f 963 1316 964
f 1259 1320 1249
f 1393 1241 1316
f 1142 1251 1252
f 1282 1315 1280
f 1331 964 1329
f 1282 1311 1310
f 1316 1241 1401
f 1322 1248 1320
f 1393 1316 1259
f 1241 1281 1318
f 1259 1331 1329
f 1316 963 1259
f 1390 1247 1013
f 1241 1311 1281
f 1334 1323 1115
f 1323 1334 675
f 1398 1316 1403
f 1391 1332 1165
f 1391 1283 1332
f 1325 1249 1330
f 1401 1403 1316
f 1452 1135 1376
f 1259 673 675
f 1328 1322 1329
f 675 673 1250
f 1396 1404 1397
f 1259 1325 673
f 1403 1401 1328
f 964 1398 1331
f 1398 1403 1331
f 1403 964 1331
f 1280 673 1330
f 1209 1250 673
f 964 1403 1328
f 1401 1248 1328
f 1248 1401 1320
f 1401 1248 1320
f 1252 1400 1428
f 1402 1327 1405
f 1318 1281 1330
f 1335 1283 1391
f 1252 1428 1324
f 1326 1261 1327
f 1115 1323 1391
f 1335 1391 1323
f 1405 1394 1397
f 1335 1284 1283
f 1396 1326 1404
f 1326 1336 1261
f 1327 1336 1405
f 1261 1324 1327
f 1402 1326 1327
f 1405 1336 1394
f 1324 1261 1252
f 1404 1405 1397
f 1404 1402 1405
f 1326 1402 1404
f 1326 1396 1394
f 1257 1261 1336
f 1336 1326 1394
f 1261 1257 1195
f 1201 1196 1337
f 1185 1408 1263
f 1413 1185 1263
f 1503 1339 1257
f 1339 1258 1257
f 1201 1337 1151
f 1339 1503 1199
f 1414 1417 1413
f 1199 1503 1515
f 1199 1515 1266
f 1151 1377 1264
f 1515 1267 1266
f 1217 1264 1416
f 1181 1420 1017
f 1418 1017 1420
f 1344 1349 1433
f 1412 1410 1493
f 1208 1341 1268
f 1349 1348 1433
f 1432 1301 1220
f 1528 1301 1432
f 1433 1348 1424
f 1347 1538 1354
f 1435 1432 1220
f 1347 1268 1538
f 1181 1278 1659
f 1438 1277 1429
f 1436 1278 1181
f 1277 1279 1429
f 1437 1668 1351
f 1354 1531 1086
f 1274 1355 1443
f 1278 1274 1443
f 1285 1287 1550
f 1444 1224 1450
f 1677 1550 1287
f 1132 1370 1303
f 1439 1365 1458
f 1458 1364 1365
f 1362 1364 1456
f 1458 1362 1456
f 1364 1439 1456
f 1439 1458 1456
f 1362 1365 1439
f 1362 1439 1366
f 1365 1364 1458
f 1365 1291 1458
f 1361 1290 1462
f 1454 1174 1460
f 1455 1469 1570
f 1464 1291 1465
f 1291 1463 1465
f 1467 1468 1463
f 1228 1471 1462
f 1464 1461 1291
f 1469 1474 1575
f 1375 1345 1378
f 1820 1295 1461
f 1480 1477 1479
f 1369 1296 1295
f 1477 1475 1122
f 1371 1230 1481
f 1481 1176 1369
f 1127 1482 1237
f 1303 1370 1132
f 1232 1415 1140
f 1237 1587 1183
f 1484 1382 1099
f 1370 1132 1131
f 1370 1140 1299
f 1231 1485 1099
f 1382 1235 1099
f 1485 1183 1587
f 1510 1234 1626
f 1131 1238 1370
f 1234 1238 1379
f 1180 1239 1490
f 1305 1303 1299
f 1490 1239 1452
f 1135 1488 1376
f 1305 1106 1132
f 1415 1238 1131
f 1370 1303 1132
f 1140 1370 1238
f 1305 1299 1415
f 1106 1305 1131
f 1305 1132 1303
f 1302 1180 1507
f 1382 1166 1235
f 1166 1486 1235
f 1235 1486 1388
f 1307 1383 1232
f 1415 1232 1383
f 1182 1388 1229
f 1182 1235 1388
f 1476 1246 1306
f 1307 1389 1434
f 1494 1495 1496
f 1497 1494 1496
f 1307 1393 1389
f 1395 1144 1498
f 1390 1718 1725
f 1374 1240 1425
f 1144 1395 1251
f 1337 1196 1513
f 1259 675 1393
f 1514 1513 1505
f 1392 1324 1428
f 1127 1423 1421
f 675 1334 1393
f 1327 1324 1336
f 1334 1165 1407
f 1411 1493 1410
f 1334 1407 1588
f 1257 1336 1324
f 1413 1417 1185
f 1411 1410 1497
f 1257 1411 1503
f 1185 1417 1483
f 1324 1504 1257
f 1410 1412 1497
f 1406 1247 1399
f 1496 1495 1508
f 1257 1504 1493
f 1495 1494 1412
f 1257 1493 1411
f 1499 1483 1417
f 1495 1412 1508
f 1411 1497 1496
f 1503 1411 1509
f 1496 1508 1262
f 1497 1412 1494
f 1508 1412 1493
f 1262 1508 1509
f 1508 1493 1509
f 1411 1496 1262
f 1262 1509 1411
f 1377 1342 1264
f 1338 1207 1417
f 1214 1417 1414
f 1214 1338 1417
f 1264 1342 1422
f 1340 1418 1617
f 1518 1515 1343
f 1534 1521 1525
f 1419 1515 1518
f 1526 1517 1522
f 1264 1422 1516
f 1267 1515 1419
f 1418 1420 1387
f 1529 1530 1759
f 1416 1264 1427
f 1446 1487 1207
f 1419 1518 1267
f 1420 1181 1442
f 1646 1446 1207
f 1217 1416 1430
f 1207 1344 1646
f 1341 1208 1267
f 1762 1430 1416
f 1646 1344 1433
f 1520 1546 1526
f 1181 1659 1442
f 1301 1528 1532
f 1532 1346 1301
f 1538 1268 1536
f 1431 1430 1548
f 1631 1433 1424
f 1346 1631 1424
f 1352 1219 1548
f 1219 1431 1548
f 1435 1540 1432
f 1538 1544 1354
f 1538 1665 1544
f 1279 1656 1429
f 1353 1438 1660
f 1351 1668 1540
f 1549 1540 1668
f 1669 1660 1438
f 1354 1544 1531
f 1219 1352 1553
f 1171 1086 1350
f 1590 1278 1443
f 1668 1437 1353
f 1447 1553 1224
f 1440 1279 1426
f 1531 1350 1086
f 1447 1219 1553
f 1350 1531 1360
f 1590 1443 1449
f 1380 1542 1378
f 1449 1554 1451
f 1449 1443 1554
f 1279 1555 1426
f 1445 1350 1360
f 1443 1286 1676
f 1554 1443 1451
f 1553 1450 1224
f 1358 1558 1459
f 1453 1550 1677
f 1567 1556 1356
f 1357 1356 1563
f 1445 1561 1288
f 1286 1455 1676
f 1288 1561 1365
f 1450 1560 1444
f 1569 1662 1558
f 1290 1677 1287
f 1290 1361 1677
f 1291 1473 1463
f 1571 1572 1573
f 1365 1574 1291
f 1462 1686 1361
f 1570 1469 1791
f 1466 1571 1573
f 1468 1572 1463
f 1468 1467 1466
f 1463 1473 1466
f 1467 1463 1466
f 1576 1465 1463
f 1473 1291 1574
f 1460 1367 1454
f 1464 1571 1574
f 1572 1468 1576
f 1468 1573 1576
f 1573 1572 1576
f 1468 1466 1573
f 1686 1462 1692
f 1465 1571 1464
f 1465 1572 1571
f 1467 1576 1463
f 1572 1467 1463
f 1572 1576 1467
f 1572 1465 1576
f 1571 1466 1574
f 1466 1473 1574
f 1692 1462 1471
f 1471 1475 1695
f 1820 1461 1580
f 1575 1474 1578
f 1578 1230 1699
f 1579 1294 1368
f 1699 1230 1371
f 1294 1579 1818
f 1479 1297 1294
f 1294 1372 1479
f 1373 1481 1369
f 1702 1479 1372
f 1371 1481 1373
f 1369 1295 1478
f 1478 1295 1820
f 1480 1698 1475
f 1480 1475 1477
f 1421 1491 1482
f 1482 1489 1237
f 1375 1423 1345
f 1382 1236 1166
f 1384 1489 1421
f 1489 1491 1421
f 1127 1421 1482
f 1237 1489 1384
f 1542 1381 1234
f 1482 1491 1489
f 1384 1587 1237
f 1542 1234 1510
f 1379 1626 1234
f 1238 1415 1592
f 1542 1380 1381
f 1485 1587 1596
f 1583 1382 1484
f 1099 1485 1484
f 1238 1592 1379
f 1236 1382 1583
f 1490 1452 1730
f 1586 1592 1415
f 1166 1236 1583
f 1385 1309 1722
f 1486 1585 1388
f 1302 1507 1243
f 1309 1476 1840
f 1582 1307 1434
f 1307 1582 1383
f 1857 1246 1725
f 1306 1246 1857
f 1476 1306 1857
f 1393 1434 1389
f 1388 1145 1386
f 1582 1434 1604
f 1240 1243 1602
f 1246 1390 1725
f 1240 1832 1425
f 1386 1733 1498
f 1505 1610 1603
f 1240 1602 1832
f 1434 1393 1601
f 1601 1393 1599
f 1390 1013 1613
f 1251 1395 1502
f 1603 1610 1492
f 1610 1505 1513
f 1610 1619 1492
f 1395 1498 1502
f 1502 1501 1251
f 1196 1374 1513
f 1611 1603 1492
f 1513 1619 1610
f 1618 1599 1393
f 1611 1492 1607
f 1501 1502 1498
f 1501 1400 1251
f 1013 1247 1609
f 1513 1374 1706
f 1337 1514 1607
f 1334 1618 1393
f 1607 1505 1611
f 1505 1603 1611
f 1607 1619 1337
f 1428 1740 1392
f 1337 1513 1514
f 1607 1514 1505
f 1607 1492 1619
f 1013 1609 1613
f 1247 1406 1609
f 1613 1609 1406
f 1337 1377 1151
f 1400 1616 1428
f 1377 1337 1619
f 1618 1334 1588
f 1406 1617 1613
f 1740 1428 1616
f 1588 502 1618
f 1588 1407 1519
f 1407 1165 1512
f 1503 1509 1515
f 1165 1483 1499
f 1400 1729 1616
f 1623 1499 1417
f 1499 1512 1165
f 1493 1504 1509
f 1340 1617 1399
f 1406 1399 1617
f 1630 1504 1324
f 1525 1521 1522
f 1521 1526 1522
f 1509 1504 1515
f 1617 1418 1624
f 1621 1515 1504
f 1524 1417 1207
f 1625 1623 1417
f 1515 1621 1343
f 1417 1524 1625
f 1624 1418 1387
f 1517 1546 1637
f 1629 1625 1524
f 1534 1343 1520
f 1534 1520 1521
f 1526 1546 1517
f 1629 1524 1487
f 1638 1534 1470
f 1427 1264 1516
f 1521 1525 1534
f 1525 1521 1534
f 1518 1343 1534
f 1487 1524 1207
f 1517 1637 1638
f 1470 1517 1638
f 1521 1520 1526
f 1525 1522 1470
f 1534 1525 1470
f 1343 1546 1520
f 1522 1517 1470
f 1629 1487 1633
f 1534 1638 1637
f 1387 1420 1724
f 1534 1637 1518
f 1446 1646 1487
f 1416 1427 1762
f 1518 1637 1639
f 1543 1487 1646
f 1442 1724 1420
f 1267 1518 1341
f 1341 1518 1639
f 1442 1714 1724
f 1341 1536 1268
f 1529 1759 1647
f 1532 1528 1648
f 1648 1528 1432
f 1540 1654 1432
f 1532 1648 1655
f 1346 1655 1631
f 1346 1532 1655
f 1432 1537 1648
f 1631 1646 1433
f 1537 1432 1535
f 1432 1654 1535
f 1538 1536 1665
f 1714 1442 1539
f 1627 1651 1628
f 1535 1654 1540
f 1539 1442 1659
f 1352 1548 1661
f 1556 1550 1453
f 1669 1438 1656
f 1665 1541 1544
f 1429 1656 1438
f 1278 1539 1659
f 1531 1544 1541
f 1426 1557 1440
f 1668 1650 1653
f 1535 1549 1670
f 1670 1776 1535
f 1668 1670 1549
f 1650 1660 1669
f 1668 1653 1776
f 1668 1776 1670
f 1535 1540 1549
f 1656 1279 1440
f 1569 1558 1671
f 1453 1677 1459
f 1668 1353 1660
f 1545 1668 1660
f 1565 1567 1459
f 1650 1668 1545
f 1449 1451 1539
f 1426 1555 1557
f 1590 1449 1539
f 1356 1562 1563
f 1531 1551 1360
f 1550 1557 1555
f 1551 1445 1360
f 1563 1562 1671
f 1450 1553 1663
f 1562 1556 1564
f 1662 1564 1556
f 1550 1556 1678
f 1550 1678 1557
f 1451 1443 1676
f 1558 1563 1671
f 1356 1358 1567
f 1357 1558 1358
f 1563 1558 1357
f 1567 1358 1459
f 1453 1662 1556
f 1561 1445 1551
f 1556 1562 1356
f 1662 1459 1558
f 1562 1564 1671
f 1564 1569 1671
f 1662 1569 1564
f 1560 1566 1444
f 1662 1453 1459
f 1561 1551 1794
f 1676 1680 1779
f 1560 1450 1566
f 1561 1794 1365
f 1566 1174 1444
f 1676 1455 1680
f 1788 1174 1566
f 1174 1788 1460
f 1680 1455 1570
f 1679 1677 1361
f 1472 1684 1685
f 1472 1682 1684
f 1690 1472 1685
f 1365 1457 1574
f 1679 1361 1686
f 1574 1683 1687
f 1682 1472 1687
f 1688 1682 1689
f 1472 1801 1687
f 1801 1574 1687
f 1457 1683 1574
f 1683 1689 1687
f 1684 1682 1688
f 1689 1682 1687
f 1689 1683 1457
f 1688 1689 1457
f 1556 1565 1678
f 1791 1469 1797
f 1464 1574 1801
f 1469 1575 1797
f 1696 1461 1464
f 1464 1801 1696
f 1693 1692 1471
f 1580 1461 1696
f 1802 1797 1575
f 1818 1368 1807
f 1579 1368 1818
f 1575 1578 1699
f 1697 1820 1580
f 1775 1703 1704
f 1695 1475 1698
f 1581 1373 1369
f 1581 1369 1478
f 1372 1294 1702
f 1480 1479 1819
f 1819 1479 1702
f 1820 1581 1478
f 2314 1708 1707
f 1709 1710 1711
f 1423 1375 1421
f 1712 1511 1596
f 1587 1384 1421
f 1586 2057 1592
f 1485 1596 1484
f 1488 1452 1376
f 1583 1484 1719
f 1359 1452 1488
f 1452 1359 1730
f 1488 1385 1722
f 1583 1591 1166
f 1582 1188 1383
f 1586 1383 1600
f 1486 1166 1591
f 1383 1586 1415
f 1180 1717 1507
f 1383 1838 1600
f 1383 1188 1568
f 1568 1838 1383
f 1388 1585 1145
f 1243 1507 1602
f 1857 1840 1476
f 1145 1645 1608
f 1604 1188 1582
f 1386 1145 1608
f 1705 1832 1602
f 1840 1722 1309
f 1734 1718 1390
f 1608 1552 1733
f 1501 1498 1733
f 1434 1601 1604
f 1734 1390 1732
f 1386 1608 1733
f 1374 1425 1832
f 1736 1737 1738
f 1500 1706 1374
f 1598 1390 1613
f 1732 1390 1598
f 1599 1618 1742
f 1732 1598 1613
f 1729 1400 1506
f 1732 1613 1735
f 1400 1501 1733
f 1733 1506 1400
f 1619 1706 1716
f 1619 1513 1706
f 1617 1612 1613
f 1407 1512 1499
f 1615 1742 1618
f 1716 1342 1619
f 1377 1619 1342
f 1615 1739 1742
f 1613 1856 1873
f 1615 1618 502
f 1519 502 1588
f 1392 1740 1584
f 1745 1746 1596
f 1584 1324 1392
f 1613 1612 1856
f 1856 1612 1617
f 1623 1886 1499
f 1617 1624 1856
f 1630 1324 1635
f 1407 1499 1886
f 1324 1620 1635
f 1716 1523 1342
f 1621 1504 1630
f 1630 1635 1652
f 1623 1625 1886
f 1341 1639 1913
f 1633 1753 1629
f 1427 1516 1422
f 1342 1523 1422
f 1343 1621 1546
f 1625 1629 1749
f 1546 1621 1630
f 1546 1630 1652
f 1757 2348 1758
f 1427 1422 1523
f 1379 1592 2057
f 1753 1749 1629
f 2020 1427 1523
f 1634 1624 1387
f 1387 1724 1634
f 1633 1487 1753
f 1651 1767 1762
f 1637 1546 1639
f 1627 1628 1641
f 1902 1487 1543
f 1667 1762 1427
f 1533 1641 1642
f 1622 1651 1627
f 1767 1651 1622
f 1644 1766 1763
f 1644 1529 1766
f 1913 1644 1763
f 1644 1913 1530
f 1536 1761 1665
f 1647 1341 1763
f 1766 1647 1763
f 1647 1759 1341
f 1764 1762 1667
f 1651 1762 1628
f 1622 1627 1641
f 1628 1762 1764
f 1533 1430 1762
f 1529 1644 1530
f 1647 1766 1529
f 1530 1913 1759
f 1643 1543 1905
f 1341 1913 1763
f 1341 1759 1912
f 1628 1764 1642
f 1641 1628 1642
f 1767 1622 1641
f 1543 1646 1649
f 1767 1641 1533
f 1762 1767 1533
f 1649 1905 1543
f 1912 1536 1341
f 1430 1533 1548
f 1631 1655 1649
f 1541 1658 1547
f 1631 1649 1646
f 1536 1912 1761
f 1648 1537 1535
f 1918 1714 1539
f 1648 1769 1650
f 1535 1769 1648
f 1926 1771 1772
f 1774 1775 1704
f 1761 1640 1665
f 1655 1664 1777
f 1769 1535 1650
f 1655 1648 1664
f 1665 1640 1658
f 1541 1665 1658
f 1664 1648 1650
f 1653 1650 1535
f 1653 1535 1776
f 1669 1664 1650
f 1669 1656 1664
f 1664 1656 1440
f 1559 1541 1547
f 1920 1440 1672
f 1780 1352 1661
f 1545 1660 1650
f 1440 1557 1773
f 1773 1672 1440
f 1780 1553 1352
f 1590 1539 1278
f 1557 1672 1773
f 1678 1672 1557
f 1531 1541 1559
f 1531 1666 1551
f 1539 1451 1779
f 1782 1553 1780
f 1779 1784 1539
f 1559 1930 1531
f 1553 1782 1663
f 1779 1451 1676
f 1551 1666 1681
f 1567 1565 1556
f 1663 1782 1566
f 1794 1551 1681
f 1673 1678 1774
f 1450 1663 1566
f 1677 1679 1459
f 1940 1459 1792
f 1792 1459 1679
f 1365 1794 1457
f 1685 1688 1690
f 1684 1688 1685
f 1577 1679 1686
f 1688 1457 1690
f 1801 1472 1690
f 1801 1690 1691
f 1948 1691 1457
f 1691 1690 1457
f 1460 1790 1367
f 1367 1949 1368
f 1577 1686 1693
f 1367 1790 1949
f 1686 1692 1693
f 1575 1806 1802
f 1368 1949 1807
f 1695 1693 1471
f 1810 1694 1695
f 1694 1693 1695
f 1693 1694 1809
f 1806 1575 2223
f 1575 1699 2223
f 2085 1818 1812
f 1813 1745 1814
f 1950 1697 1580
f 1698 1810 1695
f 1950 1580 1953
f 1810 1698 1809
f 1810 1809 1694
f 1580 1811 1953
f 1696 1811 1580
f 1818 1807 1812
f 1818 1962 1294
f 1371 1373 1817
f 1962 1819 1294
f 1294 1819 1702
f 1701 1581 1697
f 1581 1820 1697
f 1698 1480 1819
f 1697 1950 1957
f 1373 1581 1817
f 1815 1375 1378
f 1825 1746 1813
f 1421 1815 1587
f 1421 1375 1815
f 1815 1378 1542
f 1827 1712 1596
f 1542 1510 1831
f 2057 1586 1448
f 1829 1511 1712
f 1710 1596 1711
f 1833 1743 1834
f 1511 1709 1711
f 1719 1484 1828
f 1717 1180 1490
f 1488 1730 1359
f 1583 1719 1973
f 1974 1488 1722
f 1585 1486 1591
f 1837 1813 1814
f 1600 1448 1586
f 1593 1602 1507
f 1585 1591 1822
f 1600 1838 1568
f 1507 1717 1839
f 1585 1645 1145
f 1507 1839 1593
f 1188 1727 1568
f 1778 1857 1725
f 1645 1720 1608
f 1585 1822 1645
f 1705 1602 1843
f 1593 1843 1602
f 1725 1734 1778
f 1604 1601 1830
f 1608 1720 1552
f 1645 1822 1720
f 1830 1601 1599
f 1734 1725 1718
f 1188 1604 1830
f 1734 1732 1874
f 1832 1705 1726
f 1613 1873 1876
f 1374 1832 1500
f 1733 1552 1527
f 1740 1616 1729
f 1832 1726 1865
f 1861 1832 1865
f 1552 1731 1527
f 1599 1842 1830
f 1500 1832 1861
f 1842 1599 1858
f 1527 1614 1733
f 1874 1732 1735
f 1742 1858 1599
f 1733 1614 1855
f 1735 1613 1859
f 1861 1706 1500
f 1874 1735 1859
f 1861 1716 1706
f 1716 1861 1868
f 1506 1733 1855
f 1739 1858 1742
f 1613 1876 1859
f 1877 1716 1868
f 1859 1876 1874
f 1506 1855 1729
f 1729 1855 1821
f 1878 1836 2011
f 1729 1821 1744
f 1755 1739 1615
f 1739 1755 1892
f 502 1519 1636
f 1755 1615 502
f 1729 1744 1107
f 1107 1740 1729
f 1584 1740 1752
f 1519 1407 1881
f 1584 1752 1324
f 1324 1752 1620
f 1877 1868 2009
f 2009 1716 1877
f 1856 1821 1872
f 1892 1880 1739
f 1878 1884 1885
f 1636 1755 502
f 1881 1407 1751
f 1620 1752 1748
f 1751 1407 1890
f 1882 2008 1752
f 1868 1880 2009
f 1755 1636 1892
f 1620 1748 1635
f 1890 1407 1886
f 1748 1896 1635
f 1856 1624 1634
f 1625 1890 1886
f 1748 1752 1896
f 1523 1716 2009
f 1652 1635 1896
f 1900 1760 1856
f 1890 1625 1749
f 1546 1652 1896
f 1856 1634 1900
f 2020 1523 2009
f 1753 1890 1749
f 1896 1826 1728
f 1546 1896 1728
f 1903 2445 1904
f 1546 1728 1639
f 1634 1724 1909
f 1639 1765 1913
f 1753 1487 1902
f 1714 1909 1724
f 2020 1667 1427
f 1901 1753 1643
f 1753 1902 1643
f 1543 1643 1902
f 1533 1642 1764
f 1913 1796 1759
f 1764 1667 2035
f 1714 1914 1909
f 1667 2020 2035
f 2035 1533 1764
f 1533 2035 1548
f 1759 1796 1912
f 1914 1714 1918
f 1912 1921 1761
f 1921 1640 1761
f 1919 1905 1649
f 1772 1771 1923
f 1919 1649 1655
f 1548 2035 1661
f 1919 1655 1777
f 1661 2035 2052
f 1640 1921 1658
f 1674 1777 1440
f 1703 1925 1704
f 1270 1777 1674
f 1664 1440 1777
f 1920 1674 1440
f 1918 1539 1784
f 1780 1661 1782
f 1814 1745 1596
f 1547 1658 1559
f 1559 1658 1930
f 1972 1918 1784
f 1661 2052 1782
f 1675 1774 1678
f 1933 1934 2412
f 1666 1531 1930
f 1928 1672 1678
f 1678 1786 1928
f 1928 1786 1781
f 1938 1782 1929
f 1939 1673 1925
f 1786 1673 1939
f 1939 1785 1786
f 1925 1673 1774
f 1781 1786 1785
f 1703 1785 1939
f 1678 1673 1786
f 1666 1930 1935
f 1703 1775 1781
f 1703 1939 1925
f 1775 1675 1565
f 1703 1781 1785
f 1704 1925 1774
f 1565 1781 1775
f 1675 1775 1774
f 1678 1565 1675
f 1666 1935 1794
f 1666 1794 1681
f 1930 1936 1935
f 1935 1936 1794
f 1459 1781 1565
f 1781 1459 1940
f 2067 1794 1936
f 1779 1680 2063
f 1944 1794 2067
f 2066 2063 1680
f 1794 1944 1457
f 1457 1944 1947
f 1790 1460 1788
f 1570 1791 1680
f 1788 1943 1790
f 2066 1791 1795
f 2075 1792 1679
f 2066 1680 1791
f 2075 1679 1577
f 1948 1457 1947
f 1795 1791 1797
f 1945 1577 1700
f 1691 1948 1811
f 1577 1945 2075
f 1795 1797 1798
f 1949 1790 1805
f 2077 1949 1805
f 1577 1954 1700
f 1811 1801 1691
f 1954 1577 1804
f 1804 1577 1693
f 1693 1954 1804
f 1798 1797 1802
f 2078 1798 1802
f 1802 1806 2078
f 1801 1811 1696
f 1807 1949 2225
f 1693 1441 1954
f 1953 1811 1950
f 1809 1954 1441
f 1693 1809 1441
f 1812 1807 2225
f 2223 1699 2081
f 1962 1818 2085
f 2090 2228 1699
f 2090 1581 2087
f 1581 1701 2087
f 1962 1698 1819
f 1701 1697 2087
f 1698 1962 1958
f 1957 2087 1697
f 1809 1959 1958
f 2087 1957 1950
f 1959 1809 1698
f 1958 1959 1698
f 1371 1816 1699
f 1699 1816 2090
f 1816 1371 2090
f 1371 1817 2090
f 1817 1581 2090
f 1626 1379 1594
f 1747 1814 1596
f 1963 1587 1597
f 1828 1484 1837
f 1967 1712 1827
f 1587 1815 1597
f 1829 1712 1967
f 1626 1831 1510
f 1587 1963 1596
f 1829 1967 1710
f 1511 1711 1596
f 1813 1746 1745
f 1484 1596 1710
f 1710 1967 1825
f 1825 1827 1746
f 1825 1967 1827
f 1490 1730 1974
f 1594 2103 1626
f 2057 1594 1379
f 1583 1973 1591
f 1719 1828 1973
f 1974 1730 1488
f 1409 1591 1973
f 1841 1490 1974
f 1448 1595 1911
f 1717 1490 1841
f 1448 1600 1595
f 1568 1727 1595
f 1984 1834 1916
f 1188 1824 1727
f 1857 1844 1984
f 1878 1985 1836
f 1860 1977 1720
f 1822 1848 1720
f 1860 1720 1848
f 1834 1743 1916
f 1851 1850 1988
f 1847 1824 1188
f 1731 1874 2005
f 1850 1851 1741
f 1845 1720 1977
f 1984 1833 1834
f 1984 1844 1833
f 1821 1760 1744
f 2003 1188 1830
f 1878 1885 1985
f 1741 1857 1852
f 1857 1984 1852
f 1990 1991 1999
f 1778 1846 1857
f 1852 1916 1979
f 1852 1850 1741
f 1984 1916 1852
f 1846 1844 1857
f 1844 1743 1833
f 1705 1843 1997
f 1743 1844 1846
f 1743 1979 1916
f 1942 1894 1884
f 1894 1993 1884
f 1881 1636 1519
f 1882 1942 1884
f 1188 2003 1847
f 1845 2004 1552
f 1720 1845 1552
f 1846 1778 1734
f 1979 1743 1846
f 1846 1734 1979
f 1998 1999 1991
f 1979 1734 1994
f 1979 1998 1991
f 1999 1998 1994
f 1979 1991 1990
f 1979 1990 2000
f 1999 1994 2000
f 1994 1998 1979
f 1990 1999 2000
f 1994 1734 2000
f 1878 2011 1884
f 1824 2003 1864
f 1970 1993 1894
f 1874 1731 2000
f 1993 1970 1985
f 1885 1993 1985
f 1836 1970 1894
f 1982 1892 1636
f 1824 1847 2003
f 2003 1830 1842
f 1731 1552 2004
f 1997 1726 1705
f 2000 1734 1874
f 1865 1726 2003
f 2005 1874 1527
f 2003 1842 1865
f 1731 2005 1527
f 2111 1852 1979
f 1842 1861 1865
f 1854 1842 1858
f 1861 1842 1854
f 1614 1527 1863
f 1858 1871 1854
f 1861 1854 1868
f 1863 1527 1874
f 1854 1871 1868
f 1739 1871 1858
f 1614 1863 1874
f 1874 1876 1614
f 2097 1708 2143
f 1614 1876 1873
f 1855 1614 1873
f 1871 1739 1870
f 1870 1868 1871
f 1739 1880 1868
f 1873 1856 1872
f 1868 1870 1739
f 1873 1872 1855
f 1855 1872 1821
f 1892 1111 1880
f 1891 1760 1821
f 2011 1882 1884
f 1891 1856 1760
f 1856 1891 1821
f 1836 1894 1942
f 1884 1993 1885
f 1107 1942 1882
f 1882 1752 1107
f 1107 1752 1740
f 1893 1636 1881
f 1985 1970 1836
f 1882 2011 2008
f 1881 1751 1890
f 1881 1890 1969
f 1942 1107 1744
f 2011 1942 2007
f 1893 1982 1636
f 1836 1942 2011
f 2019 1892 1982
f 1752 2008 1896
f 2009 1880 1906
f 2009 1906 2025
f 1744 1760 1866
f 1866 1942 1744
f 1892 2019 1111
f 1867 1982 1893
f 2008 2011 1896
f 1893 1881 1969
f 1896 2011 2007
f 2009 2025 2020
f 1906 1880 1111
f 1942 1866 1899
f 1896 2007 1826
f 1992 1942 1899
f 1866 1760 1900
f 1893 1969 2015
f 1969 1753 1901
f 1901 2015 1969
f 1753 1969 1890
f 1728 1826 1964
f 1709 1511 1829
f 1639 1728 1964
f 1634 1909 1900
f 2025 1906 1910
f 2019 1906 1111
f 1866 1900 1899
f 1899 2012 2006
f 1899 2006 2010
f 1966 2010 2006
f 2028 1910 1906
f 1826 2016 1964
f 1765 1639 1964
f 1900 1909 1787
f 2025 1910 2162
f 1899 1900 1787
f 1906 2019 2028
f 1901 2024 2015
f 1901 1643 2042
f 1964 1913 1765
f 1909 2022 2034
f 2020 2025 2162
f 1905 1919 2029
f 1913 1964 1796
f 1905 2042 1643
f 1909 1914 2022
f 2113 2035 2020
f 2020 2162 2113
f 2042 1905 2029
f 2022 1914 2034
f 2113 2161 2035
f 1912 2033 1924
f 1796 2033 1912
f 2052 2035 2051
f 2051 2035 2161
f 2034 1914 2027
f 1914 1918 2027
f 1921 1912 1924
f 1919 2042 2029
f 2188 2042 1919
f 2040 1923 2047
f 2040 1772 1923
f 2033 2037 1924
f 1919 1777 2188
f 1270 2188 1777
f 2045 1918 1972
f 2051 2048 1657
f 1270 1674 1920
f 2040 2047 1793
f 1270 1926 2188
f 1923 1771 2047
f 2040 1926 1772
f 1793 1270 2055
f 1926 2040 1793
f 1771 1270 2047
f 1771 1926 1270
f 2047 1270 1793
f 2049 2059 2060
f 2056 2059 2048
f 2055 1926 1793
f 2054 1926 2055
f 1658 1921 1924
f 1658 1924 2181
f 1270 1920 2055
f 1657 2048 2049
f 2052 2051 1657
f 1657 2049 2061
f 2180 1972 2058
f 2048 2051 2056
f 2052 1657 2061
f 2049 2048 2059
f 2181 1931 1658
f 1930 1658 1931
f 2052 1929 1782
f 1672 1928 1920
f 1972 2063 2058
f 2065 1927 2055
f 1920 1928 2055
f 2063 1972 1784
f 1938 1929 2052
f 2205 1917 1931
f 1928 2065 2055
f 1930 1931 1936
f 1931 1917 1936
f 2063 1784 1779
f 1800 1940 1792
f 2065 1928 1781
f 1936 1917 2067
f 1940 2065 1781
f 1800 2065 1940
f 2068 1788 1566
f 1782 1938 1566
f 1938 2068 1566
f 2067 1917 1944
f 1932 2065 1800
f 1944 1917 1799
f 1932 1800 1792
f 1710 1837 1484
f 1799 1917 1808
f 2065 1946 2064
f 1944 1799 1961
f 1946 2065 1932
f 1792 1946 1932
f 2066 1795 2071
f 1788 2073 1943
f 1805 1790 2073
f 1946 1792 2075
f 1961 1947 1944
f 1790 1943 2073
f 2075 1700 1946
f 1945 1700 2075
f 1947 1961 1948
f 1961 2074 1948
f 2078 1806 2223
f 2074 1961 2076
f 2076 1948 2074
f 2080 2225 1949
f 1949 2077 2080
f 1798 2078 2223
f 1961 2082 2076
f 1811 2076 2082
f 1811 1948 2076
f 1809 1952 1954
f 1952 2079 1954
f 1950 2082 2089
f 1954 2079 1955
f 2079 1700 1955
f 1954 1955 1700
f 2082 1950 1811
f 1812 2225 2085
f 1699 2228 2081
f 1956 1962 2085
f 1956 2236 1962
f 1962 2236 2091
f 1803 2237 2091
f 2087 2239 2090
f 1950 2089 1960
f 2239 2087 2089
f 1952 1809 1958
f 2089 2087 1960
f 2087 1950 1960
f 2217 2228 2090
f 1962 2091 1958
f 1746 1827 1596
f 1831 1626 1978
f 1837 1825 1813
f 1710 1709 1829
f 1597 1815 2092
f 1837 1710 1825
f 2261 2096 2312
f 1542 1831 1721
f 1814 1747 1837
f 1596 1963 1756
f 2057 1448 1911
f 1978 1626 2103
f 1974 1722 1981
f 1828 1837 1973
f 1973 1837 2100
f 1976 2057 1911
f 1722 1840 1887
f 1591 1409 2105
f 2105 1409 1973
f 1841 1981 1717
f 1717 1981 2140
f 1981 1722 1887
f 1822 1591 2105
f 1835 1589 1727
f 1850 1852 2111
f 1848 1822 1860
f 1860 1822 2250
f 2250 1822 2105
f 1595 1727 1589
f 1568 1595 1600
f 1988 1850 2111
f 1843 1593 1839
f 1727 1824 1835
f 1911 1595 2094
f 1887 1840 2001
f 1840 1857 2001
f 2110 1851 1988
f 1857 1741 2110
f 1983 1980 1979
f 1857 2110 1983
f 2110 1988 2111
f 1983 2110 1980
f 2110 2111 1980
f 1741 1851 2110
f 2397 2119 1843
f 2111 1979 1980
f 2117 1606 1835
f 2119 1726 1843
f 1977 2000 1731
f 1997 1843 1726
f 2119 2117 1726
f 1867 2019 1982
f 2003 1726 1864
f 1979 2000 1977
f 2018 1867 1893
f 1845 1995 2004
f 2004 1995 1731
f 1995 1977 1731
f 1862 2006 2012
f 1835 1824 1864
f 2117 1835 1864
f 1995 1845 1977
f 2117 1864 1726
f 1942 1965 2007
f 1965 1942 1992
f 1965 2016 2007
f 1965 1992 2010
f 1992 1899 2010
f 1966 2006 1862
f 1826 2007 2016
f 2010 1966 1862
f 2109 2010 1862
f 2018 2017 2019
f 1867 2018 2019
f 2023 2016 1965
f 2015 2018 1893
f 2017 1883 2028
f 2109 1862 2012
f 2019 2017 2028
f 2115 2109 2012
f 2010 2148 1965
f 1965 2124 2023
f 2148 2010 1996
f 2018 2125 2017
f 2167 2125 2018
f 2016 2023 2132
f 2167 2018 2141
f 2142 2128 2129
f 2130 2131 2126
f 2142 2018 2015
f 2016 2121 1964
f 1787 1909 2034
f 2016 2144 2121
f 1910 2028 2123
f 2012 1899 1787
f 2135 2136 2252
f 2136 2137 2252
f 2041 2017 2125
f 2039 2046 1989
f 2131 2024 2126
f 2128 2024 2129
f 2129 2024 2131
f 2131 2130 2142
f 2015 2024 2128
f 2016 2132 2144
f 2129 2131 2142
f 2142 2141 2018
f 2015 2128 2142
f 2130 2129 2142
f 2142 2129 2130
f 2150 2142 2130
f 1901 2126 2024
f 2121 2144 1964
f 2150 2126 1901
f 2130 2126 2150
f 2159 2150 1901
f 2030 1964 2144
f 1901 2042 2153
f 1787 2034 2046
f 2162 1910 2123
f 2127 2041 2125
f 2124 2139 2023
f 2142 2159 2141
f 2150 2159 2142
f 2153 2159 1901
f 2144 2026 2030
f 1964 2030 1796
f 2113 2162 2036
f 2038 2112 2044
f 2038 2050 2039
f 1787 2046 2258
f 2134 2112 2038
f 2039 2134 2038
f 2134 1989 2112
f 2132 2023 2144
f 2154 2125 2167
f 2023 2151 2144
f 2167 2141 2159
f 2151 2149 2144
f 2144 2149 2026
f 2157 2158 1907
f 2159 2042 2188
f 2033 1796 2030
f 2042 2159 2153
f 2039 1989 2134
f 2112 2046 2044
f 2046 2112 1989
f 2044 2046 2050
f 2046 2039 2258
f 2039 2050 2258
f 2050 2038 2044
f 2053 2056 2051
f 2163 2036 2162
f 2046 2045 2050
f 2151 2023 2152
f 2026 2149 2157
f 2157 2149 2160
f 2168 1907 1908
f 2168 2158 2157
f 2168 2160 1907
f 2160 2168 2157
f 2026 2157 1907
f 1907 2158 1908
f 2158 2168 1908
f 2027 1918 2034
f 2030 2026 2033
f 2034 2045 2046
f 2167 2159 2188
f 1918 2045 2034
f 2161 2113 2036
f 2169 2170 2186
f 2050 2259 2258
f 2170 2171 2186
f 2172 2171 2170
f 2174 2175 2176
f 2149 2151 2152
f 1907 2160 2037
f 1941 2167 2188
f 2026 1907 2037
f 2037 2160 2149
f 2033 2026 2037
f 2169 2036 2172
f 2036 2169 2161
f 2061 2049 2060
f 1972 2180 2045
f 2059 2056 2060
f 2172 2170 2169
f 2165 2161 2169
f 2172 2036 2173
f 2138 2183 2382
f 2163 2184 2185
f 2172 2173 2171
f 2165 2169 2186
f 2186 2171 2177
f 2173 2036 2177
f 2171 2173 2177
f 2184 2174 2185
f 2184 2175 2174
f 2184 2189 2175
f 2177 2176 2175
f 2149 2152 2037
f 1924 2037 2181
f 2051 2161 2189
f 2179 1941 2197
f 1941 2188 2197
f 2054 2197 2188
f 2037 2187 2181
f 2054 2188 1926
f 2055 2197 2054
f 2060 2056 2053
f 2061 2060 2053
f 2061 2053 2189
f 2051 2189 2053
f 2045 2180 2050
f 2061 2189 2278
f 1927 2197 2055
f 2180 2058 2063
f 2181 2187 2192
f 2179 2197 2070
f 1931 2181 2205
f 1938 2052 2061
f 2192 2201 2181
f 2205 2181 2201
f 2068 1938 2061
f 2280 2197 2204
f 2204 2197 2198
f 2065 2204 2198
f 2198 2197 2065
f 1927 2065 2197
f 2211 2068 2061
f 2065 2206 2204
f 2205 2201 2209
f 2210 2204 2064
f 2205 2209 1808
f 2064 2204 2206
f 1917 2205 1808
f 2065 2064 2206
f 2211 1788 2068
f 2180 2063 2276
f 2063 2066 2276
f 2073 1788 2211
f 2276 2066 2071
f 2276 2071 1798
f 2213 2210 1946
f 1799 1808 2069
f 2072 2069 1808
f 2064 1946 2210
f 1961 1799 2069
f 2071 1795 1798
f 2072 1808 2220
f 1946 2218 2213
f 2069 2072 1961
f 1951 1946 1700
f 2218 2224 2213
f 2220 1961 2072
f 2220 2238 1961
f 1951 2218 1946
f 2295 2299 2223
f 1951 2224 2218
f 2299 1798 2223
f 2238 2227 1961
f 2079 2224 1951
f 2082 1961 2227
f 2079 1951 1700
f 2080 2084 2225
f 2232 2231 2229
f 2237 2310 2229
f 1803 2236 2237
f 2311 1958 2091
f 2217 2086 2238
f 2217 2239 2086
f 2311 2224 1952
f 1952 1958 2311
f 2089 2082 2238
f 2238 2082 2227
f 2079 1952 2224
f 2083 2223 2081
f 2225 2226 2085
f 2085 2226 2230
f 2085 2230 1956
f 2083 2081 2228
f 1956 2230 2236
f 2236 2230 2237
f 2235 2083 2228
f 2235 2228 2217
f 2091 2237 2311
f 2236 1803 2091
f 2217 2090 2239
f 2239 2089 2086
f 2238 2086 2089
f 1904 2445 1736
f 1897 1542 1721
f 1976 1770 2057
f 1721 1831 2095
f 1963 1597 2092
f 2240 2138 2241
f 1897 2092 1542
f 2335 2243 2244
f 1747 1596 1756
f 1542 2092 1815
f 1987 1756 1963
f 1721 2095 1897
f 1831 1713 2095
f 2103 1594 2057
f 2345 2241 2062
f 2100 1837 1747
f 2251 2103 2057
f 1973 2100 2105
f 1770 2251 2057
f 1770 1911 2094
f 1770 1976 1911
f 2245 2246 2335
f 1974 1981 1841
f 1589 2094 1595
f 2105 2322 2250
f 1839 1717 2140
f 1839 2397 1843
f 2002 1887 2001
f 1589 1835 1606
f 1857 1983 1968
f 2332 1606 2117
f 2118 1977 1860
f 1983 1979 1968
f 1968 1979 1977
f 1883 2017 2014
f 2124 1965 2148
f 1996 2010 2109
f 1996 2109 1849
f 2041 2014 2017
f 1883 2164 2249
f 1787 2120 2012
f 2146 2262 2147
f 2262 2146 2116
f 2123 2028 2031
f 2031 2028 2146
f 2120 2334 2012
f 2249 2146 1883
f 2146 2249 2122
f 2146 2028 1883
f 2155 2139 2147
f 2146 2122 2116
f 2116 2014 2041
f 2124 2147 2139
f 2124 2148 1750
f 2156 2147 2124
f 2256 2146 2147
f 2031 2146 2256
f 2147 1915 2155
f 2147 2156 2257
f 2262 1915 2147
f 2116 2041 2127
f 2262 2116 2127
f 2258 2120 1787
f 2340 2163 2162
f 1915 2147 2257
f 1915 2256 2147
f 1915 2257 2155
f 2262 2127 1915
f 2125 2154 2127
f 2189 2184 2163
f 1915 2263 2256
f 2256 2263 2202
f 2263 1915 2127
f 2155 2257 2139
f 2257 2145 2139
f 2023 2139 2145
f 2167 1941 2154
f 2176 2177 2182
f 2185 2176 2182
f 2340 2162 2343
f 2202 2193 2344
f 2108 2258 2259
f 2163 2177 2036
f 2193 2202 2263
f 2263 2127 2274
f 2145 2257 2043
f 2195 2274 2127
f 1941 2127 2154
f 2152 2023 2145
f 2165 2186 2189
f 2189 2161 2165
f 2175 2189 2177
f 2163 2185 2182
f 2177 2163 2182
f 2259 2050 2342
f 2177 2189 2186
f 2185 2174 2176
f 2190 2145 2265
f 2127 1941 2166
f 2127 2166 2195
f 2179 2195 1941
f 1941 2195 2166
f 2037 2152 2145
f 2050 2180 2270
f 2163 2278 2189
f 2269 2163 2340
f 2269 2340 2196
f 2272 2267 2274
f 2272 2274 2195
f 2037 2145 2190
f 2195 2179 2070
f 2187 2037 2190
f 2342 2050 2270
f 2269 2278 2163
f 2070 2272 2195
f 2140 1981 2107
f 2270 2180 2276
f 2278 2269 2196
f 2278 2196 2273
f 2192 2190 2287
f 2187 2190 2192
f 2190 2203 2287
f 2280 2070 2197
f 2070 2280 2272
f 2270 2276 2282
f 2291 2279 2272
f 2279 2191 2272
f 2291 2272 2280
f 2061 2297 2211
f 2297 2061 2278
f 2192 2287 2201
f 2291 2280 2204
f 2201 2287 2298
f 2204 2207 2291
f 2276 1798 2295
f 2276 2295 2282
f 2209 2201 1808
f 2210 2213 2204
f 1805 2073 2211
f 2211 2297 1805
f 2291 2289 2216
f 2298 2304 2302
f 2291 2207 2289
f 2204 2289 2207
f 2201 2298 2302
f 1808 2201 2212
f 2212 2201 2302
f 2213 2289 2204
f 2302 1808 2212
f 2097 1986 2312
f 2295 2222 2282
f 2302 2220 1808
f 2295 1798 2299
f 2077 1805 2297
f 2297 2225 2084
f 2238 2220 2302
f 2080 2077 2297
f 2297 2084 2080
f 2223 2083 2295
f 2297 2229 2225
f 2301 2289 2311
f 2302 2304 2309
f 2289 2213 2311
f 2088 2311 2213
f 2302 2217 2238
f 2224 2088 2213
f 2295 2083 2222
f 2230 2229 2231
f 2229 2230 2226
f 2229 2226 2225
f 2222 2083 2300
f 2231 2232 2230
f 2229 2310 2232
f 2232 2310 2230
f 2230 2310 2237
f 2233 2237 2229
f 2217 2304 2300
f 2309 2304 2217
f 2233 2311 2234
f 2311 2233 2301
f 2237 2233 2234
f 2302 2309 2217
f 2311 2088 2224
f 2300 2083 2235
f 2217 2300 2235
f 2237 2234 2311
f 2312 1707 1708
f 2092 1987 1963
f 1831 1768 1986
f 2335 2246 2243
f 2092 1897 1987
f 2314 1971 2143
f 1986 1713 1831
f 2103 2104 1768
f 2100 1747 2383
f 1831 1978 1768
f 2032 2094 1589
f 2103 2251 2316
f 2250 2373 1789
f 2322 2105 2100
f 2107 1981 1723
f 2032 2101 1783
f 2136 2319 2137
f 2135 2319 2136
f 2093 2320 2321
f 2094 1823 1770
f 2135 2252 2323
f 2107 1723 1887
f 2094 2032 1823
f 1723 1981 1887
f 2397 1839 2140
f 2032 2325 2323
f 2136 1783 2319
f 2323 2325 2319
f 2252 2137 2101
f 2247 2397 2140
f 1789 1860 2250
f 1606 2332 1589
f 1977 2118 2419
f 2365 2330 2317
f 2397 2380 2333
f 2402 1977 2419
f 2118 1860 1789
f 2032 1589 2101
f 2397 2333 2119
f 2117 2119 2333
f 2115 2334 2099
f 2164 2014 2122
f 2332 2117 2248
f 2117 2333 2248
f 2332 2248 2333
f 1977 2402 1968
f 2136 2319 2325
f 1869 1996 1849
f 2099 1849 2115
f 2164 1883 2014
f 2122 2254 2164
f 2031 2249 2146
f 1715 2122 2014
f 2249 2164 2031
f 2115 1849 2109
f 1869 2148 1996
f 2031 2146 2249
f 2164 2021 2031
f 2338 2123 2031
f 2334 2115 2012
f 1715 2014 2116
f 2249 2164 2254
f 2122 1715 2116
f 1750 2148 1869
f 2043 2257 2277
f 2249 2031 2338
f 2156 2124 1853
f 2249 2338 1888
f 2334 2120 2108
f 2031 2256 2338
f 2254 2122 2249
f 2338 2031 2194
f 2277 2264 2043
f 2124 1750 1853
f 2271 2338 2256
f 2202 2271 2260
f 2108 2120 2258
f 2156 1853 2257
f 2343 2338 2194
f 2123 2343 2162
f 2338 2343 2123
f 2341 2338 2336
f 2336 2338 2271
f 2256 2202 2260
f 2328 1853 2277
f 2328 2277 2257
f 2341 2202 2344
f 2338 2341 2344
f 2271 2202 2336
f 2341 2336 2202
f 2257 1853 2328
f 2271 2256 2260
f 2108 2259 2342
f 2264 2277 2347
f 1875 2108 2342
f 2246 2240 2345
f 2246 2245 2240
f 2193 2267 2344
f 2193 2274 2267
f 2343 2106 2340
f 2344 2340 2106
f 2264 2347 2043
f 2340 2344 2267
f 2196 2340 2267
f 2274 2193 2263
f 2284 2043 2347
f 2265 2145 2043
f 2266 2346 2203
f 2293 2267 2274
f 2274 2267 2293
f 2043 2284 2265
f 2190 2265 2203
f 2342 2346 2266
f 1875 2342 2266
f 2203 2265 2219
f 2284 2347 2199
f 2265 2284 2199
f 2203 2219 2275
f 2342 2270 2346
f 2275 2266 2203
f 2266 2275 2214
f 2350 2409 2351
f 2356 2203 2346
f 2196 2267 2273
f 2286 2273 2267
f 2324 2093 1758
f 2286 2267 2272
f 2272 2191 2286
f 2346 2270 2282
f 2297 2278 2290
f 2273 2290 2278
f 2356 2287 2203
f 2286 2191 2279
f 2286 2290 2273
f 2346 2355 2356
f 2279 2359 2286
f 2346 2282 2355
f 2290 2286 2359
f 2216 2289 2279
f 2279 2291 2216
f 2290 2358 2297
f 2233 2358 2290
f 2355 2282 2300
f 2233 2308 2359
f 2287 2356 2296
f 2279 2289 2359
f 2292 2287 2296
f 2287 2292 2298
f 2297 2358 2229
f 2296 2356 2355
f 2358 2233 2229
f 2359 2308 2290
f 2301 2233 2359
f 2289 2301 2359
f 2298 2296 2304
f 2296 2298 2292
f 2300 2282 2222
f 2233 2290 2308
f 2355 2300 2307
f 2307 2296 2355
f 2300 2304 2307
f 2296 2307 2304
f 2244 2357 2313
f 1756 1987 2354
f 2383 1747 2354
f 2096 2366 2315
f 2312 2096 2315
f 1986 2095 1713
f 2097 2312 1708
f 2335 2313 2354
f 1986 2261 2312
f 2133 2095 1986
f 1768 1978 2103
f 1897 2095 2013
f 1708 2314 2143
f 2354 1747 1756
f 1987 2133 2354
f 2363 1757 1758
f 2261 1986 1768
f 2335 2133 2183
f 2378 2317 2318
f 2314 1707 2315
f 1889 2366 2261
f 2316 2104 2103
f 2322 2100 2114
f 1783 2137 2319
f 1889 2261 1768
f 1903 2368 2369
f 1783 2136 2032
f 2242 2322 2114
f 2138 2245 2183
f 2373 2250 2322
f 1783 2101 2137
f 1823 2032 2323
f 1632 1934 2427
f 2247 2140 2107
f 2247 1922 2397
f 2002 2107 1887
f 2323 2319 2135
f 2325 2032 2136
f 2332 2252 1589
f 2252 2101 1589
f 2002 2001 2178
f 2001 1857 1968
f 2332 2323 2252
f 2021 2164 2031
f 2099 2334 2253
f 2332 2333 2379
f 2249 2031 2164
f 2099 2253 1869
f 1849 2099 1869
f 1869 2253 1750
f 2334 2294 2253
f 1750 2253 2255
f 1971 2314 2366
f 2194 2249 1888
f 2294 2339 2253
f 2277 1853 2337
f 2337 1853 2255
f 2337 2253 2281
f 1750 2255 1853
f 2255 2253 2337
f 2194 1888 2343
f 1888 2338 2344
f 2294 2334 2108
f 2268 2343 1888
f 2347 2277 2337
f 2106 2268 2344
f 2268 1888 2344
f 2337 2199 2347
f 2183 2133 2382
f 2106 2285 2306
f 2138 2240 2245
f 2312 2315 1707
f 2266 2353 1875
f 2337 2208 2199
f 1897 2013 2095
f 2095 2133 1897
f 1987 1897 2133
f 2219 2265 2199
f 2366 1889 1971
f 2266 2214 2353
f 2353 2214 2219
f 2219 2214 2275
f 2354 2133 2335
f 2385 2445 1903
f 2445 2385 2404
f 2387 2445 2388
f 2357 2345 2062
f 2261 2366 2096
f 2324 2114 2093
f 2370 2363 2320
f 2390 2383 2354
f 2093 2114 2320
f 1823 2251 1770
f 2100 2383 2348
f 2370 1757 2363
f 2320 1757 2321
f 1757 2363 2321
f 1757 2320 2363
f 2114 2100 2348
f 2348 2370 2114
f 2370 2348 1757
f 2093 2321 1758
f 2321 2363 1758
f 2324 1758 2348
f 2114 2370 2320
f 1823 2394 2251
f 2394 2372 2251
f 2394 1823 2323
f 2288 2326 2392
f 2107 2002 2247
f 2114 2324 2242
f 2354 2405 2390
f 2247 2327 1922
f 2327 2247 2002
f 2253 2339 2281
f 2395 2330 2415
f 2327 2002 1937
f 2329 2375 2377
f 2372 2316 2251
f 1937 2002 2416
f 2376 2375 2400
f 2375 2398 2400
f 2313 2062 2382
f 2178 2416 2002
f 2001 1968 2178
f 1968 2402 2178
f 2332 2381 2371
f 2376 2398 2377
f 2398 2400 2377
f 2400 2398 2376
f 2118 1789 2329
f 2371 2323 2332
f 2419 2118 2329
f 2419 2329 2403
f 2329 2377 2403
f 2400 2403 2377
f 2379 2333 2380
f 2332 2379 2381
f 2200 2294 2102
f 2102 2294 2108
f 2294 2200 2339
f 2106 2343 2268
f 2345 2240 2241
f 2281 2303 2337
f 1875 2102 2108
f 2208 2337 2303
f 2215 2200 1875
f 1875 2353 2215
f 2406 2378 2318
f 2200 2102 1875
f 2306 2285 2106
f 2243 2357 2244
f 2208 2303 2283
f 2303 2360 2283
f 2208 2283 2219
f 2199 2208 2219
f 2283 2360 2219
f 2246 2408 2243
f 2345 2408 2246
f 2353 2219 2360
f 2315 2366 2314
f 2313 2335 2244
f 1986 2097 2143
f 2133 1754 2382
f 2133 1754 1898
f 1754 2133 1986
f 2183 2245 2335
f 1971 1889 2143
f 2288 2412 1632
f 1904 1736 1738
f 1889 1768 2104
f 1934 2326 2361
f 2104 2316 2384
f 2384 2316 2372
f 2361 2313 2427
f 2412 1934 1632
f 2348 2383 2390
f 2242 2324 2348
f 2394 2323 2372
f 2373 2242 2367
f 2322 2242 2373
f 2104 2384 1889
f 1933 2326 1934
f 2409 2389 2369
f 1933 2412 2392
f 2360 2215 2353
f 2365 2415 2330
f 2362 2395 2415
f 1922 2327 1937
f 2062 2313 2357
f 2375 1789 2399
f 1789 2373 2367
f 1937 2416 2396
f 2397 1922 2374
f 2339 2200 2303
f 2400 2398 2399
f 2403 2400 2399
f 1789 2375 2329
f 2399 1789 2403
f 2398 2375 2399
f 2374 2380 2397
f 2371 2433 2323
f 2352 2323 2433
f 2382 2143 1889
f 2416 2178 2402
f 2380 2374 2381
f 2405 1632 2435
f 2281 2339 2303
f 2360 2200 2215
f 2421 2404 2422
f 2379 2380 2381
f 2419 2403 2437
f 2422 2404 2423
f 2303 2200 2360
f 2133 1898 1754
f 1632 2405 2288
f 1934 2361 2427
f 2412 2288 2392
f 2062 2138 2382
f 1754 1986 2143
f 2354 2313 2405
f 2384 2382 1889
f 2368 1904 1738
f 1632 2427 2435
f 2421 2351 2404
f 2138 2062 2241
f 2243 2408 2357
f 2408 2345 2357
f 2409 2425 2426
f 2288 2313 2326
f 2098 2384 2372
f 2348 2390 2405
f 1605 2372 2323
f 2429 2388 2428
f 2388 2445 2428
f 2348 1879 2242
f 2395 2362 2378
f 2350 2421 2425
f 2421 2422 2425
f 2396 1922 1937
f 2365 2374 1922
f 2396 2365 1922
f 2330 2406 2318
f 2317 2330 2318
f 2391 2317 2378
f 1789 2367 2420
f 2374 2365 2391
f 2374 2362 2381
f 2437 2403 1789
f 2371 2381 2433
f 2432 2416 2402
f 2391 2362 2374
f 2326 1933 2392
f 2409 2404 2351
f 2313 2382 2427
f 2326 2313 2361
f 1754 2143 2382
f 2385 2389 2434
f 1975 2384 2404
f 1975 2382 2384
f 2331 2368 1738
f 1738 1737 2331
f 2447 2405 2435
f 2425 2422 2426
f 2288 2405 2313
f 2385 1903 2369
f 2404 2409 1975
f 2453 2468 2466
f 2409 2350 2425
f 2414 2384 2098
f 2372 1605 2098
f 2406 2330 2395
f 2352 1605 2323
f 2405 2401 1879
f 2242 2462 2367
f 2378 2406 2395
f 2365 2396 2415
f 2365 2317 2391
f 2378 2362 2391
f 2396 2416 2413
f 2437 1789 2450
f 1789 2420 2450
f 2352 2433 2417
f 2438 2409 2426
f 2416 2432 2424
f 2402 2419 2432
f 2381 2362 2461
f 2419 2437 2432
f 2424 2441 2442
f 2432 2457 2443
f 2444 2448 2443
f 2348 2405 2407
f 2350 2351 2421
f 2368 2331 2409
f 2389 2385 2369
f 2423 2434 2438
f 2349 2382 1975
f 2422 2423 2426
f 2098 1605 2414
f 2434 2389 2438
f 1737 1736 2387
f 2384 2414 2404
f 2368 2409 2369
f 2407 2405 1879
f 2368 1903 1904
f 2348 2407 1879
f 1879 2462 2242
f 2440 2448 2441
f 2415 2396 2413
f 2389 2409 2438
f 2352 2221 1605
f 2420 2367 2462
f 2417 2221 2352
f 2413 2416 2424
f 2362 2415 2463
f 2461 2433 2381
f 2442 2444 2443
f 2450 2420 2462
f 2432 2440 2424
f 2461 2362 2463
f 2441 2444 2442
f 2440 2432 2448
f 2441 2448 2444
f 2451 2443 2457
f 2424 2440 2441
f 2448 2432 2443
f 2437 2450 2457
f 2451 2442 2443
f 2424 2442 2451
f 2457 2424 2451
f 2457 2432 2437
f 2434 2404 2385
f 2428 2445 2331
f 2331 2445 2449
f 2429 1737 2387
f 2418 2449 2414
f 2447 1879 2401
f 2414 1605 2418
f 1736 2445 2387
f 2409 2331 2431
f 2331 2429 2428
f 2423 2404 2434
f 2404 2414 2445
f 2431 2435 2349
f 2435 2382 2349
f 2435 2427 2382
f 1737 2429 2331
f 2431 2349 1975
f 2447 2401 2405
f 2426 2423 2438
f 2388 2429 2387
f 1975 2409 2431
f 2455 2413 2424
f 2413 2455 2454
f 2455 2424 2454
f 2413 2454 2415
f 2454 2424 2457
f 1605 2221 2418
f 2464 2433 2461
f 2417 2433 2464
f 2447 2435 2439
f 2439 2435 2331
f 1879 2447 2410
f 1895 2458 2459
f 2458 1895 2305
f 2431 2331 2435
f 2445 2414 2449
f 2447 2439 2410
f 2462 1879 2460
f 2415 2454 2463
f 2393 1879 2410
f 2450 2462 2364
f 2418 2221 2386
f 2418 2452 2449
f 2411 2430 2449
f 2331 2449 2439
f 2460 1879 2393
f 2449 2452 2411
f 2221 2436 2386
f 2430 2410 2439
f 2439 2449 2430
f 2466 2468 2459
f 2466 2458 2305
f 2393 2410 2460
f 2454 2456 2463
f 2462 2460 2364
f 2456 2454 2463
f 2463 2464 2461
f 2467 2464 2463
f 2454 2457 2463
f 2457 2467 2463
f 2453 2450 2468
f 2467 2450 2453
f 2417 2464 2221
f 2469 2450 2364
f 2468 2450 2469
f 2305 2469 2464
f 2469 2364 2221
f 2467 2453 2464
f 2457 2450 2467
f 2468 1895 2459
f 2452 2386 2410
f 2453 2466 2305
f 2364 2460 2436
f 2305 2468 2469
f 2446 2410 2430
f 2458 2465 2459
f 2465 2466 2459
f 2305 1895 2468
f 2469 2221 2464
f 2452 2446 2411
f 2464 2453 2305
f 2430 2411 2446
f 2458 2466 2465
f 2436 2460 2386
f 2418 2386 2452
f 2460 2410 2386
f 2436 2221 2364
f 2452 2410 2446
f 171 173 175
f 442 426 443
f 822 762 824
f 1366 1439 1364
f 2375 2376 2377
f 2031 2249 2194

