timestamp,pos1,pos2,pos3,pos4,pos5,pos6,goal_pos1,goal_pos2,goal_pos3,goal_pos4,goal_pos5,goal_pos6,current1,current2,current3,current4,current5,current6,vel1,vel2,vel3,vel4,vel5,vel6,load1,load2,load3,load4,load5,load6,temp1,temp2,temp3,temp4,temp5,temp6,volts1,volts2,volts3,volts4,volts5,volts6,force_x,force_y,force_z
0.018032312393188477,-0.09743156703440872,0.2554701718303788,0.05446961621608677,1.2474309291177055,-0.23398919642121782,0.2493327502849042,-0.09436285626167144,0.22785177487574323,0.028385574647819864,1.2504996398904427,-0.24319532873942967,0.08231559698401143,0,4,4,0,1,20,0,0,0,0,0,0,-20,84,80,-20,36,200,35,45,43,37,32,45,124,122,122,122,121,122,-999,-999,-4.90
0.03258395195007324,-0.09743156703440872,0.2554701718303788,0.05446961621608677,1.2474309291177055,-0.23398919642121782,0.2493327502849042,-0.09436285626167144,0.22785177487574323,0.028385574647819864,1.2504996398904427,-0.24319532873942967,0.08231559698401143,1,4,4,0,1,20,0,0,0,0,0,0,-20,84,80,-20,36,200,35,44,43,37,32,45,124,122,122,122,122,122,-999,-999,-4.90
0.048447370529174805,-0.09743156703440872,0.2554701718303788,0.05446961621608677,1.2474309291177055,-0.23398919642121782,0.2493327502849042,-0.09436285626167144,0.22785177487574323,0.028385574647819864,1.2504996398904427,-0.24319532873942967,0.08231559698401143,0,3,4,1,1,19,0,0,0,0,0,0,-20,84,80,-20,36,200,35,44,43,37,32,45,123,122,122,122,121,122,-999,-999,-4.90
0.0646059513092041,-0.09743156703440872,0.2554701718303788,0.05446961621608677,1.2474309291177055,-0.23398919642121782,0.2493327502849042,-0.09436285626167144,0.22785177487574323,0.028385574647819864,1.2504996398904427,-0.24319532873942967,0.08231559698401143,0,4,4,0,1,16,0,0,0,0,0,0,-20,84,80,-20,36,200,34,44,43,37,32,45,123,122,122,122,122,122,-999,-999,-4.90
0.08058524131774902,-0.09743156703440872,0.2554701718303788,0.05446961621608677,1.2474309291177055,-0.23398919642121782,0.2493327502849042,-0.09436285626167144,0.22785177487574323,0.028385574647819864,1.2504996398904427,-0.24319532873942967,0.08231559698401143,0,4,4,0,0,16,0,0,0,0,0,0,-20,84,80,-20,36,200,35,45,43,37,32,45,123,122,122,122,122,122,-999,-999,-4.90
0.09646964073181152,-0.09743156703440872,0.2554701718303788,0.05446961621608677,1.2474309291177055,-0.23398919642121782,0.2493327502849042,-0.09436285626167144,0.22785177487574323,0.028385574647819864,1.2504996398904427,-0.24319532873942967,0.08231559698401143,0,4,4,0,1,18,0,0,0,0,0,0,-20,84,80,-20,36,200,35,44,43,37,32,45,124,121,122,122,122,122,-999,-999,-4.90
0.11300373077392578,-0.09743156703440872,0.2554701718303788,0.05446961621608677,1.2474309291177055,-0.23398919642121782,0.2493327502849042,-0.09436285626167144,0.22785177487574323,0.028385574647819864,1.2504996398904427,-0.24319532873942967,0.08231559698401143,0,4,4,0,1,15,0,0,0,0,0,0,-20,84,80,-20,36,200,35,44,43,37,32,45,124,122,122,122,121,122,-999,-999,-4.90
0.12945294380187988,-0.09743156703440872,0.2554701718303788,0.05446961621608677,1.2474309291177055,-0.23398919642121782,0.2493327502849042,-0.09436285626167144,0.22785177487574323,0.028385574647819864,1.2504996398904427,-0.24319532873942967,0.08231559698401143,0,4,3,0,1,16,0,0,0,0,0,0,-20,84,80,-20,36,200,34,44,43,37,32,45,123,122,122,122,122,122,-999,-999,-4.90
0.14648103713989258,-0.09743156703440872,0.2554701718303788,0.05446961621608677,1.2474309291177055,-0.23398919642121782,0.2493327502849042,-0.09436285626167144,0.22785177487574323,0.028385574647819864,1.2504996398904427,-0.24319532873942967,0.08231559698401143,0,4,4,0,0,16,0,0,0,0,0,0,-20,84,80,-20,36,200,35,44,43,37,32,45,123,122,122,122,121,122,-999,-999,-4.90
0.16159939765930176,-0.09743156703440872,0.2554701718303788,0.05446961621608677,1.2474309291177055,-0.23398919642121782,0.2493327502849042,-0.09436285626167144,0.22785177487574323,0.028385574647819864,1.2504996398904427,-0.24319532873942967,0.08231559698401143,0,4,4,0,1,16,0,0,0,0,0,0,-20,84,80,-20,36,200,34,44,43,37,32,45,124,122,122,122,122,122,-999,-999,-4.90
0.17759203910827637,-0.09743156703440872,0.2554701718303788,0.05446961621608677,1.2474309291177055,-0.23398919642121782,0.2493327502849042,-0.09436285626167144,0.22785177487574323,0.028385574647819864,1.2504996398904427,-0.24319532873942967,0.08231559698401143,0,4,4,0,1,15,0,0,0,0,0,0,-20,84,80,-20,36,200,35,44,43,37,32,45,123,122,122,122,122,122,-999,-999,-4.90
0.19349145889282227,-0.09743156703440872,0.2554701718303788,0.05446961621608677,1.2474309291177055,-0.23398919642121782,0.2493327502849042,-0.09436285626167144,0.22785177487574323,0.028385574647819864,1.2504996398904427,-0.24319532873942967,0.08231559698401143,0,3,4,1,1,16,0,0,0,0,0,0,-20,84,80,-20,36,200,35,45,43,37,32,45,124,122,122,122,122,122,-999,-999,-4.90
0.20965147018432617,-0.09743156703440872,0.2554701718303788,0.05446961621608677,1.2474309291177055,-0.23398919642121782,0.2493327502849042,-0.09436285626167144,0.22785177487574323,0.028385574647819864,1.2504996398904427,-0.24319532873942967,0.08231559698401143,0,3,4,0,1,17,0,0,0,0,0,0,-20,84,80,-20,36,200,35,45,43,37,32,45,124,122,122,122,122,122,-999,-999,-4.90
0.22564148902893066,-0.09743156703440872,0.2554701718303788,0.05446961621608677,1.2474309291177055,-0.23398919642121782,0.2493327502849042,-0.09436285626167144,0.22785177487574323,0.028385574647819864,1.2504996398904427,-0.24319532873942967,0.08231559698401143,0,4,4,0,1,16,0,0,0,0,0,0,-20,84,80,-20,36,200,35,44,43,37,36,45,124,122,122,122,121,122,-999,-999,-4.90
0.2410564422607422,-0.09743156703440872,0.2554701718303788,0.05446961621608677,1.2474309291177055,-0.23398919642121782,0.2493327502849042,-0.09436285626167144,0.22785177487574323,0.028385574647819864,1.2504996398904427,-0.24319532873942967,0.08231559698401143,0,4,4,0,1,16,0,0,0,0,0,0,-20,84,80,-20,36,200,35,44,43,37,32,45,123,122,122,122,122,122,-999,-999,-4.90
0.2574732303619385,-0.09743156703440872,0.2554701718303788,0.05446961621608677,1.2474309291177055,-0.23398919642121782,0.2493327502849042,-0.09436285626167144,0.22785177487574323,0.028385574647819864,1.2504996398904427,-0.24319532873942967,0.08231559698401143,0,4,4,0,0,16,0,0,0,0,0,0,-20,84,80,-20,36,200,34,44,43,37,32,45,123,122,122,122,121,122,-999,-999,-4.90
0.27370119094848633,-0.09743156703440872,0.2554701718303788,0.05446961621608677,1.2474309291177055,-0.23398919642121782,0.2493327502849042,-0.09436285626167144,0.22785177487574323,0.028385574647819864,1.2504996398904427,-0.24319532873942967,0.08231559698401143,1,3,4,0,1,19,0,0,0,0,0,0,-20,84,80,-20,36,200,34,44,43,37,32,45,123,122,122,122,122,122,-999,-999,-4.90
0.28948020935058594,-0.09743156703440872,0.2554701718303788,0.05446961621608677,1.2474309291177055,-0.23398919642121782,0.2493327502849042,-0.09436285626167144,0.22785177487574323,0.028385574647819864,1.2504996398904427,-0.24319532873942967,0.08231559698401143,0,3,4,0,1,16,0,0,0,0,0,0,-20,84,80,-20,36,200,34,44,43,37,32,45,123,122,122,122,121,122,-999,-999,-4.90
0.3056347370147705,-0.09743156703440872,0.2554701718303788,0.05446961621608677,1.2474309291177055,-0.23398919642121782,0.2493327502849042,-0.09436285626167144,0.22785177487574323,0.028385574647819864,1.2504996398904427,-0.24319532873942967,0.08231559698401143,0,4,4,0,1,19,0,0,0,0,0,0,-20,84,80,-20,36,200,35,44,43,37,32,45,124,122,122,119,122,122,-999,-999,-4.90
0.3215503692626953,-0.09743156703440872,0.2554701718303788,0.05446961621608677,1.2474309291177055,-0.23398919642121782,0.2493327502849042,-0.09436285626167144,0.22785177487574323,0.029919930034188504,1.2504996398904427,-0.24319532873942967,0.08231559698401143,0,4,4,0,1,18,0,0,0,0,0,0,-20,84,80,-20,36,200,34,44,43,37,32,45,124,122,122,122,121,122,-999,-999,-4.90
0.33751654624938965,-0.09743156703440872,0.2554701718303788,0.05446961621608677,1.2474309291177055,-0.23398919642121782,0.2493327502849042,-0.09436285626167144,0.22785177487574323,0.029919930034188504,1.2504996398904427,-0.24319532873942967,0.08231559698401143,0,4,3,0,1,14,0,0,0,0,0,0,-20,84,72,-20,36,200,35,44,43,37,32,45,124,122,122,122,122,120,-999,-999,-4.90
0.35365939140319824,-0.09743156703440872,0.2554701718303788,0.05446961621608677,1.2474309291177055,-0.23398919642121782,0.2493327502849042,-0.09436285626167144,0.22785177487574323,0.029919930034188504,1.2504996398904427,-0.24319532873942967,0.08231559698401143,0,4,3,0,1,16,0,0,0,0,0,0,-20,84,76,-20,36,200,35,44,43,37,32,45,124,122,122,122,122,121,-999,-999,-4.90
0.370455265045166,-0.09743156703440872,0.2554701718303788,0.05446961621608677,1.2474309291177055,-0.23398919642121782,0.2493327502849042,-0.09436285626167144,0.22785177487574323,0.029919930034188504,1.2504996398904427,-0.24319532873942967,0.08231559698401143,0,4,4,0,1,19,0,0,0,0,0,0,-20,84,76,-20,36,200,35,44,43,37,32,45,124,122,122,122,122,122,-999,-999,-4.90
0.3855113983154297,-0.09743156703440872,0.2554701718303788,0.05446961621608677,1.2474309291177055,-0.23398919642121782,0.2493327502849042,-0.09436285626167144,0.22785177487574323,0.029919930034188504,1.2504996398904427,-0.24319532873942967,0.08231559698401143,0,4,3,0,1,19,0,0,0,0,0,0,-20,84,76,-20,36,200,35,45,43,37,32,45,124,122,122,122,122,122,-999,-999,-4.90
0.40165162086486816,-0.09743156703440872,0.2554701718303788,0.05446961621608677,1.2474309291177055,-0.23398919642121782,0.2493327502849042,-0.09436285626167144,0.22785177487574323,0.029919930034188504,1.2504996398904427,-0.24319532873942967,0.08231559698401143,0,3,4,0,1,16,0,0,0,0,0,0,-20,84,76,-20,36,200,34,44,43,37,35,45,123,122,122,122,122,122,-999,-999,-4.90
0.417529821395874,-0.09743156703440872,0.2554701718303788,0.05446961621608677,1.2474309291177055,-0.23398919642121782,0.2493327502849042,-0.09436285626167144,0.22785177487574323,0.029919930034188504,1.2504996398904427,-0.24319532873942967,0.08231559698401143,0,4,4,0,1,19,0,0,0,0,0,0,-20,84,76,-20,36,200,35,44,43,37,32,53,124,122,122,122,121,122,-999,-999,-4.90
0.4344944953918457,-0.09743156703440872,0.2554701718303788,0.05446961621608677,1.2474309291177055,-0.23398919642121782,0.2493327502849042,-0.09436285626167144,0.22785177487574323,0.029919930034188504,1.2504996398904427,-0.24319532873942967,0.08231559698401143,0,4,3,0,0,17,0,0,0,0,0,0,-20,84,76,-20,36,200,34,44,43,37,32,45,123,122,122,122,122,122,-999,-999,-4.90
0.45049238204956055,-0.09743156703440872,0.2554701718303788,0.05446961621608677,1.2474309291177055,-0.23398919642121782,0.2493327502849042,-0.09436285626167144,0.22785177487574323,0.029919930034188504,1.2504996398904427,-0.24319532873942967,0.08231559698401143,0,3,3,0,1,18,0,0,0,0,0,0,-20,84,76,-20,36,200,34,44,43,37,32,45,123,122,122,121,121,122,-999,-999,-4.90
0.46605801582336426,-0.09743156703440872,0.2554701718303788,0.05446961621608677,1.2474309291177055,-0.23398919642121782,0.2493327502849042,-0.09589721164804009,0.22785177487574323,0.028385574647819864,1.2504996398904427,-0.24319532873942967,0.08231559698401143,0,3,4,0,1,19,0,0,0,0,0,0,0,84,80,-20,36,200,35,44,43,37,32,45,123,122,122,122,122,122,-999,-999,-4.90
0.48265719413757324,-0.09743156703440872,0.2554701718303788,0.05446961621608677,1.2474309291177055,-0.23398919642121782,0.2493327502849042,-0.09589721164804009,0.22785177487574323,0.028385574647819864,1.2504996398904427,-0.24319532873942967,0.08231559698401143,0,3,4,0,1,20,0,0,0,0,0,0,20,84,84,-20,36,200,35,44,43,37,32,45,123,122,122,122,121,122,-999,-999,-4.90
0.498673677444458,-0.09743156703440872,0.2554701718303788,0.05446961621608677,1.2474309291177055,-0.23398919642121782,0.2493327502849042,-0.09589721164804009,0.22785177487574323,0.028385574647819864,1.2489652845040742,-0.24319532873942967,0.08231559698401143,0,4,3,0,1,18,0,0,0,0,0,0,0,84,80,0,36,200,35,44,43,37,32,45,123,122,122,121,122,120,-999,-999,-4.90
0.5140986442565918,-0.09743156703440872,0.2554701718303788,0.05446961621608677,1.2474309291177055,-0.23398919642121782,0.2493327502849042,-0.09589721164804009,0.22785177487574323,0.028385574647819864,1.2474309291177055,-0.24319532873942967,0.08231559698401143,0,4,3,0,1,16,0,0,0,0,0,0,0,84,80,20,36,200,35,44,43,37,32,45,124,122,122,122,122,121,-999,-999,-4.90
0.5315473079681396,-0.09743156703440872,0.2554701718303788,0.05446961621608677,1.2474309291177055,-0.23398919642121782,0.2493327502849042,-0.09589721164804009,0.22785177487574323,0.028385574647819864,1.2474309291177055,-0.24319532873942967,0.08231559698401143,0,3,4,0,0,12,0,0,0,0,0,0,0,84,80,0,36,200,35,44,43,37,32,45,124,122,122,122,122,122,-999,-999,-4.90
0.5460774898529053,-0.09743156703440872,0.2554701718303788,0.05446961621608677,1.2474309291177055,-0.23398919642121782,0.2493327502849042,-0.09589721164804009,0.22785177487574323,0.028385574647819864,1.2458965737313368,-0.24319532873942967,0.08231559698401143,0,4,4,0,0,16,0,0,0,0,0,0,0,84,80,0,36,200,35,44,43,37,32,45,124,122,122,122,122,122,-999,-999,-4.90
0.5625097751617432,-0.09743156703440872,0.2554701718303788,0.05446961621608677,1.2474309291177055,-0.23398919642121782,0.2493327502849042,-0.09589721164804009,0.22785177487574323,0.026851219261451224,1.2458965737313368,-0.24319532873942967,0.08231559698401143,0,4,4,0,1,16,0,0,0,0,0,0,0,84,84,0,36,200,34,45,43,37,32,45,123,122,122,121,122,121,-999,-999,-4.90
0.5786211490631104,-0.09743156703440872,0.2554701718303788,0.05446961621608677,1.2474309291177055,-0.23398919642121782,0.2493327502849042,-0.09589721164804009,0.22631741948937462,0.026851219261451224,1.2443622183449683,-0.24319532873942967,0.08231559698401143,0,4,4,0,1,16,0,0,0,0,0,0,0,88,88,20,36,200,35,44,43,37,32,45,124,122,122,121,122,122,-999,-999,-4.90
0.5955526828765869,-0.09743156703440872,0.2554701718303788,0.05446961621608677,1.2474309291177055,-0.23398919642121782,0.2493327502849042,-0.09589721164804009,0.22631741948937462,0.026851219261451224,1.2443622183449683,-0.24319532873942967,0.08231559698401143,0,4,4,0,0,18,0,0,0,0,0,0,0,92,84,24,36,200,35,45,43,37,32,45,124,122,122,122,122,122,-999,-999,-4.90
0.6115500926971436,-0.09743156703440872,0.2554701718303788,0.05446961621608677,1.2474309291177055,-0.23398919642121782,0.2493327502849042,-0.09589721164804009,0.22478306410300597,0.026851219261451224,1.2443622183449683,-0.24319532873942967,0.08231559698401143,0,4,4,0,1,16,0,0,0,0,0,0,0,96,84,20,36,200,35,44,43,37,32,45,124,122,122,122,122,122,-999,-999,-4.90
0.6275546550750732,-0.09743156703440872,0.2554701718303788,0.05446961621608677,1.2474309291177055,-0.23398919642121782,0.2493327502849042,-0.09589721164804009,0.22478306410300597,0.026851219261451224,1.2428278629585996,-0.24319532873942967,0.08231559698401143,0,4,5,1,1,16,0,0,0,0,0,0,0,96,84,24,36,200,34,44,45,37,32,45,124,122,122,122,122,122,-999,-999,-4.90
0.6427063941955566,-0.09743156703440872,0.2554701718303788,0.05446961621608677,1.2474309291177055,-0.23398919642121782,0.2493327502849042,-0.09589721164804009,0.22478306410300597,0.026851219261451224,1.2397591521858622,-0.24319532873942967,0.08231559698401143,0,4,4,1,0,15,0,0,0,0,0,0,0,92,84,28,36,200,35,44,43,37,32,45,124,122,122,121,122,122,-999,-999,-4.90
0.6587069034576416,-0.09743156703440872,0.2554701718303788,0.05446961621608677,1.2474309291177055,-0.23398919642121782,0.2493327502849042,-0.09589721164804009,0.22478306410300597,0.026851219261451224,1.2351560860267563,-0.24319532873942967,0.08231559698401143,0,4,4,1,0,16,0,0,0,0,0,0,0,92,84,44,36,200,35,45,43,37,32,45,124,122,122,121,122,122,-999,-999,-4.90
0.6745491027832031,-0.09743156703440872,0.2554701718303788,0.05446961621608677,1.2474309291177055,-0.23398919642121782,0.2493327502849042,-0.09589721164804009,0.22324870871663732,0.026851219261451224,1.2320873752540191,-0.24319532873942967,0.08231559698401143,0,4,4,2,1,19,0,0,0,0,0,0,0,96,84,60,36,200,35,44,43,37,32,45,123,122,122,122,122,122,-999,-999,-4.90
0.6905772686004639,-0.09743156703440872,0.2554701718303788,0.05446961621608677,1.2458965737313368,-0.23398919642121782,0.2493327502849042,-0.09589721164804009,0.22324870871663732,0.026851219261451224,1.2290186644812817,-0.24319532873942967,0.08231559698401143,0,5,4,1,0,18,0,0,0,0,0,0,0,100,84,64,36,200,34,44,43,37,32,45,123,122,122,122,121,122,-999,-999,-4.90
0.7066891193389893,-0.09743156703440872,0.2554701718303788,0.05446961621608677,1.2443622183449683,-0.23398919642121782,0.2493327502849042,-0.09589721164804009,0.22324870871663732,0.026851219261451224,1.2244155983221758,-0.24319532873942967,0.08231559698401143,0,4,4,1,1,19,0,0,0,-50,0,0,0,100,84,60,36,200,34,44,43,37,32,45,123,122,122,121,122,122,-999,-999,-4.90
0.7235419750213623,-0.09743156703440872,0.2554701718303788,0.05446961621608677,1.2428278629585996,-0.23398919642121782,0.2493327502849042,-0.09589721164804009,0.22324870871663732,0.026851219261451224,1.2198125321630697,-0.24319532873942967,0.08231559698401143,0,4,4,1,1,19,0,0,0,-50,0,0,0,96,84,68,36,200,34,44,43,37,32,45,124,122,122,122,122,122,-999,-999,-4.90
0.7395431995391846,-0.09743156703440872,0.2554701718303788,0.05446961621608677,1.2397591521858622,-0.23398919642121782,0.2493327502849042,-0.09589721164804009,0.22324870871663732,0.026851219261451224,1.2152094660039638,-0.24319532873942967,0.08231559698401143,0,5,4,2,1,14,0,0,0,-100,0,0,0,96,84,80,36,200,35,44,43,37,32,46,124,122,122,122,121,122,-999,-999,-4.90
0.7555415630340576,-0.09743156703440872,0.2554701718303788,0.05446961621608677,1.2351560860267563,-0.23398919642121782,0.2493327502849042,-0.09589721164804009,0.22324870871663732,0.026851219261451224,1.2090720444584893,-0.24319532873942967,0.08231559698401143,0,5,3,2,1,14,0,0,0,-100,0,0,0,96,84,80,36,200,35,44,43,37,32,45,124,122,122,121,121,122,-999,-999,-4.90
0.7715723514556885,-0.09743156703440872,0.2554701718303788,0.05446961621608677,1.2320873752540191,-0.23398919642121782,0.2493327502849042,-0.09589721164804009,0.22324870871663732,0.026851219261451224,1.2044689782993834,-0.24319532873942967,0.08231559698401143,0,4,4,2,1,18,0,0,0,-150,0,0,0,96,84,88,36,200,35,44,43,37,32,45,124,122,122,122,121,122,-999,-999,-4.90
0.7885713577270508,-0.09743156703440872,0.2554701718303788,0.05446961621608677,1.2274843090949132,-0.23398919642121782,0.2493327502849042,-0.09436285626167144,0.22324870871663732,0.026851219261451224,1.1983315567539088,-0.24319532873942967,0.08231559698401143,0,4,4,2,1,16,0,0,0,-150,0,0,0,96,84,88,36,200,35,44,43,37,32,45,124,121,122,122,121,122,-999,-999,-4.90
0.8037087917327881,-0.09743156703440872,0.2554701718303788,0.05446961621608677,1.2228812429358074,-0.23398919642121782,0.2493327502849042,-0.0928285008753028,0.22324870871663732,0.026851219261451224,1.1921941352084344,-0.24319532873942967,0.08231559698401143,1,5,4,2,1,19,0,0,0,-150,0,0,-20,96,84,96,36,200,34,44,43,37,32,45,123,122,122,121,122,122,-999,-999,-4.90
0.8196609020233154,-0.09743156703440872,0.2554701718303788,0.05446961621608677,1.218278176776701,-0.23398919642121782,0.2493327502849042,-0.0928285008753028,0.22324870871663732,0.026851219261451224,1.1845223582765911,-0.24319532873942967,0.08231559698401143,1,5,4,2,1,19,0,0,0,-150,0,0,-28,96,84,96,36,200,35,44,43,37,32,45,123,122,122,121,121,122,-999,-999,-4.90
0.8351213932037354,-0.09743156703440872,0.2554701718303788,0.05446961621608677,1.2121407552312267,-0.23398919642121782,0.2493327502849042,-0.09129414548893416,0.22324870871663732,0.026851219261451224,1.1783849367311166,-0.24319532873942967,0.08231559698401143,1,4,5,2,1,17,0,0,0,-200,0,0,-28,96,84,100,36,200,34,44,43,37,32,45,123,122,122,122,121,122,-999,-999,-4.90
0.8515608310699463,-0.09743156703440872,0.2554701718303788,0.05446961621608677,1.2075376890721208,-0.23398919642121782,0.2493327502849042,-0.09129414548893416,0.22324870871663732,0.026851219261451224,1.1707131597992735,-0.24319532873942967,0.08231559698401143,1,4,4,2,1,17,0,0,0,-250,0,0,-32,96,84,100,36,200,35,44,43,37,32,45,123,122,122,121,121,122,-999,-999,-4.90
0.8675847053527832,-0.09743156703440872,0.2554701718303788,0.05446961621608677,1.2014002675266462,-0.23398919642121782,0.2493327502849042,-0.09129414548893416,0.22324870871663732,0.026851219261451224,1.1630413828674302,-0.24319532873942967,0.08231559698401143,0,4,4,2,1,16,0,0,0,-200,0,0,-28,96,84,112,36,200,35,44,43,37,32,45,124,122,122,122,121,122,-999,-999,-4.90
0.8837003707885742,-0.09743156703440872,0.2554701718303788,0.05446961621608677,1.1952628459811716,-0.23398919642121782,0.2493327502849042,-0.09129414548893416,0.22324870871663732,0.026851219261451224,1.1553696059355871,-0.24319532873942967,0.08231559698401143,0,4,4,2,1,17,0,0,0,-200,0,0,-28,96,84,116,36,200,35,44,43,37,32,45,124,122,122,122,121,122,-999,-999,-4.90
0.8995659351348877,-0.09743156703440872,0.2554701718303788,0.05446961621608677,1.189125424435697,-0.23398919642121782,0.2493327502849042,-0.09129414548893416,0.22324870871663732,0.026851219261451224,1.146163473617375,-0.24319532873942967,0.08231559698401143,0,4,4,2,1,18,0,0,0,-200,0,0,-28,96,84,120,36,200,35,45,43,37,32,45,123,122,122,121,121,122,-999,-999,-4.90
0.9157240390777588,-0.09743156703440872,0.2554701718303788,0.05446961621608677,1.1829880028902224,-0.23398919642121782,0.2493327502849042,-0.09129414548893416,0.22324870871663732,0.026851219261451224,1.1384916966855319,-0.24319532873942967,0.08231559698401143,0,5,4,2,1,15,0,0,0,-300,0,0,-28,96,84,116,36,200,35,45,43,37,32,45,123,122,122,122,121,122,-999,-999,-4.90
0.9316086769104004,-0.09743156703440872,0.2554701718303788,0.05446961621608677,1.1768505813447478,-0.23398919642121782,0.2493327502849042,-0.09129414548893416,0.22324870871663732,0.026851219261451224,1.1308199197536886,-0.24319532873942967,0.08231559698401143,0,5,5,3,1,14,0,0,0,-250,0,0,-28,96,84,132,36,200,35,44,43,37,32,45,123,121,122,122,122,122,-999,-999,-4.90
0.9485950469970703,-0.09743156703440872,0.2554701718303788,0.05446961621608677,1.167644449026536,-0.23398919642121782,0.2493327502849042,-0.09129414548893416,0.22324870871663732,0.026851219261451224,1.1231481428218455,-0.24319532873942967,0.08231559698401143,0,4,4,3,0,19,0,0,0,-300,0,0,-28,96,84,128,36,200,34,45,43,37,32,45,123,122,122,122,121,122,-999,-999,-4.90
0.9645788669586182,-0.09743156703440872,0.2554701718303788,0.05446961621608677,1.1615070274810615,-0.23398919642121782,0.2493327502849042,-0.09129414548893416,0.22324870871663732,0.026851219261451224,1.1154763658900022,-0.24319532873942967,0.08231559698401143,0,4,4,3,1,16,0,0,0,-300,0,0,-28,96,84,116,36,200,34,44,43,37,32,45,123,121,122,122,121,122,-999,-999,-4.90
0.980583667755127,-0.09743156703440872,0.2554701718303788,0.05446961621608677,1.1538352505492184,-0.23398919642121782,0.2493327502849042,-0.09129414548893416,0.22324870871663732,0.026851219261451224,1.1093389443445276,-0.24319532873942967,0.08231559698401143,0,4,4,4,1,18,0,0,0,-300,0,0,-28,96,84,120,36,200,35,44,43,37,32,45,123,122,122,122,122,122,-999,-999,-4.90
0.9967403411865234,-0.09743156703440872,0.2554701718303788,0.05446961621608677,1.146163473617375,-0.23398919642121782,0.2493327502849042,-0.09129414548893416,0.22324870871663732,0.026851219261451224,1.1016671674126846,-0.24319532873942967,0.08231559698401143,0,5,4,3,1,16,0,0,0,-300,0,0,-28,96,84,128,36,200,35,44,43,37,32,45,123,122,122,122,121,122,-999,-999,-4.90
1.012610673904419,-0.09743156703440872,0.2554701718303788,0.05446961621608677,1.1400260520719006,-0.23398919642121782,0.2493327502849042,-0.09129414548893416,0.22324870871663732,0.026851219261451224,1.0939953904808413,-0.24319532873942967,0.08231559698401143,0,5,4,3,1,17,0,0,0,-250,0,0,-28,96,84,124,36,200,34,44,43,37,32,45,124,122,122,122,121,122,-999,-999,-4.90
1.0287401676177979,-0.09743156703440872,0.2554701718303788,0.05446961621608677,1.1323542751400573,-0.23398919642121782,0.2493327502849042,-0.09129414548893416,0.22324870871663732,0.02531686387508258,1.0878579689353667,-0.24319532873942967,0.08231559698401143,1,4,4,2,1,18,0,0,0,-300,0,0,-28,96,88,124,36,200,35,44,43,37,32,45,123,121,122,122,122,122,-999,-999,-4.90
1.0447618961334229,-0.09743156703440872,0.2554701718303788,0.05446961621608677,1.1246824982082142,-0.23398919642121782,0.2493327502849042,-0.09129414548893416,0.22324870871663732,0.02378250848871394,1.081720547389892,-0.24319532873942967,0.08231559698401143,0,5,5,3,1,15,0,0,0,-300,0,0,-28,96,100,120,36,200,34,44,43,37,32,45,123,122,122,122,122,121,-999,-999,-4.90
1.0607450008392334,-0.09743156703440872,0.2554701718303788,0.05446961621608677,1.120079432049108,-0.23398919642121782,0.2493327502849042,-0.09129414548893416,0.22324870871663732,0.01917944232960802,1.078651836617155,-0.24166097335306103,0.08231559698401143,0,5,6,3,1,19,0,0,0,-300,0,0,-28,96,104,116,36,200,35,44,43,37,32,45,123,122,122,121,121,122,-999,-999,-4.90
1.0816171169281006,-0.09743156703440872,0.2554701718303788,0.05446961621608677,1.112407655117265,-0.23398919642121782,0.2493327502849042,-0.09129414548893416,0.22324870871663732,0.01150766539776481,1.0755831258444175,-0.24166097335306103,0.08231559698401143,0,4,11,2,1,17,0,0,0,-250,0,0,-28,96,112,112,28,200,35,44,43,37,32,45,123,121,122,122,121,121,-999,-999,-4.90
1.0975983142852783,-0.09743156703440872,0.2554701718303788,0.05446961621608677,1.1062702335717904,-0.23398919642121782,0.2493327502849042,-0.09129414548893416,0.22324870871663732,0.0007671776931843208,1.0755831258444175,-0.24166097335306103,0.08231559698401143,0,5,10,2,1,15,0,0,0,-250,0,0,-28,96,148,92,32,200,35,44,43,37,32,45,123,122,122,121,122,122,-999,-999,-4.90
1.1126368045806885,-0.09743156703440872,0.2554701718303788,0.05446961621608677,1.1016671674126846,-0.23398919642121782,0.2493327502849042,-0.09129414548893416,0.22324870871663732,-0.008438954625027528,1.0755831258444175,-0.24166097335306103,0.08231559698401143,1,5,12,1,1,20,0,0,0,-200,0,0,-28,96,172,72,32,200,35,44,43,37,32,45,123,122,122,121,121,121,-999,-999,-4.90
1.1286654472351074,-0.09743156703440872,0.2554701718303788,0.05446961621608677,1.1001328120263159,-0.23398919642121782,0.2493327502849042,-0.09129414548893416,0.22324870871663732,-0.01917944232960802,1.0755831258444175,-0.24166097335306103,0.08231559698401143,0,5,22,2,0,20,0,0,0,-200,0,0,-28,96,212,60,32,200,34,44,43,37,32,45,123,121,122,121,121,122,-999,-999,-4.90
1.1451945304870605,-0.09743156703440872,0.2554701718303788,0.05446961621608677,1.0985984566399472,-0.23398919642121782,0.2493327502849042,-0.09129414548893416,0.22478306410300597,-0.029919930034188504,1.0771174812307862,-0.24166097335306103,0.08231559698401143,0,5,22,2,0,19,0,0,0,-100,0,0,-28,96,232,64,32,200,35,44,43,37,32,45,123,121,122,121,121,122,-999,-999,-4.90
1.1611905097961426,-0.09743156703440872,0.2554701718303788,0.05446961621608677,1.0970641012535784,-0.23398919642121782,0.2493327502849042,-0.09129414548893416,0.22478306410300597,-0.039126062352400355,1.0771174812307862,-0.24166097335306103,0.08231559698401143,0,4,32,1,0,20,0,0,0,-100,0,0,-28,92,260,56,32,200,35,44,43,37,32,45,123,121,121,121,121,121,-999,-999,-4.90
1.1766417026519775,-0.09743156703440872,0.2554701718303788,0.05446961621608677,1.09552974586721,-0.23398919642121782,0.2493327502849042,-0.09129414548893416,0.22478306410300597,-0.0483321946706122,1.078651836617155,-0.24166097335306103,0.08231559698401143,1,4,35,1,1,17,0,0,0,-50,0,0,-28,88,296,52,32,200,34,44,43,37,32,45,123,121,121,121,121,121,-999,-999,-4.90
1.1936275959014893,-0.09743156703440872,0.2554701718303788,0.05446961621608677,1.09552974586721,-0.23398919642121782,0.2493327502849042,-0.0928285008753028,0.22478306410300597,-0.05600397160245541,1.078651836617155,-0.24166097335306103,0.08231559698401143,0,4,48,2,0,17,0,0,0,-50,0,0,-24,92,316,52,32,200,34,44,43,37,32,45,123,121,121,121,120,121,-999,-999,-4.90
1.2087862491607666,-0.09743156703440872,0.2554701718303788,0.052935260829718125,1.09552974586721,-0.23398919642121782,0.2493327502849042,-0.0928285008753028,0.22478306410300597,-0.06214139314792997,1.078651836617155,-0.24166097335306103,0.08231559698401143,0,4,42,1,1,19,0,0,0,0,0,0,-20,92,336,52,32,200,34,44,43,37,32,45,122,121,121,121,121,121,-999,-999,-4.90
1.2246482372283936,-0.09743156703440872,0.2554701718303788,0.052935260829718125,1.09552974586721,-0.23398919642121782,0.2493327502849042,-0.09436285626167144,0.22324870871663732,-0.06981317007977318,1.078651836617155,-0.24166097335306103,0.08231559698401143,0,5,45,2,1,19,0,0,-50,0,0,0,-20,96,328,56,32,200,35,44,43,37,32,45,122,121,121,120,120,121,-999,-999,-4.90
1.240767002105713,-0.09743156703440872,0.2554701718303788,0.051400905443349486,1.09552974586721,-0.23398919642121782,0.2493327502849042,-0.09436285626167144,0.22324870871663732,-0.07748494701161639,1.078651836617155,-0.24166097335306103,0.08231559698401143,0,5,48,2,0,20,0,0,0,0,0,0,0,100,340,56,32,200,35,44,43,37,32,45,123,121,121,120,121,121,-999,-999,-4.90
1.2567901611328125,-0.09743156703440872,0.25700452721674744,0.049866550056980846,1.09552974586721,-0.23398919642121782,0.2493327502849042,-0.09589721164804009,0.22324870871663732,-0.08362236855709095,1.078651836617155,-0.24166097335306103,0.08231559698401143,0,5,59,1,1,19,0,0,-50,0,0,0,20,96,372,56,32,200,34,44,43,37,32,45,123,120,121,120,121,120,-999,-999,-4.90
1.2726492881774902,-0.09743156703440872,0.25700452721674744,0.0483321946706122,1.09552974586721,-0.23398919642121782,0.2493327502849042,-0.09743156703440872,0.22324870871663732,-0.08975979010256553,1.078651836617155,-0.24166097335306103,0.08231559698401143,0,5,61,1,1,16,0,0,-50,0,0,0,20,104,388,56,32,200,35,44,41,37,32,45,122,121,121,120,120,121,-999,-999,-4.90
1.2887699604034424,-0.09743156703440872,0.25700452721674744,0.04679783928424356,1.09552974586721,-0.23398919642121782,0.2493327502849042,-0.09743156703440872,0.22324870871663732,-0.09436285626167144,1.078651836617155,-0.24166097335306103,0.08231559698401143,0,5,61,1,1,18,0,50,-50,0,0,0,0,100,392,56,32,200,34,44,43,37,32,45,122,120,121,120,121,120,-999,-999,-4.90
1.3047947883605957,-0.09743156703440872,0.25700452721674744,0.04526348389787492,1.09552974586721,-0.23398919642121782,0.2493327502849042,-0.09743156703440872,0.22324870871663732,-0.09896592242077737,1.078651836617155,-0.24166097335306103,0.08231559698401143,0,4,56,2,1,17,0,0,-50,0,0,0,0,100,392,56,32,200,34,44,43,37,32,45,122,121,121,120,121,121,-999,-999,-4.90
1.320788860321045,-0.09743156703440872,0.25700452721674744,0.042194773125137634,1.09552974586721,-0.23398919642121782,0.2493327502849042,-0.09743156703440872,0.22324870871663732,-0.10203463319351465,1.0771174812307862,-0.24166097335306103,0.08231559698401143,0,5,59,2,1,14,0,0,-150,0,0,0,0,100,392,64,32,200,35,44,43,37,32,45,122,121,121,121,120,121,-999,-999,-4.90
1.3366756439208984,-0.09743156703440872,0.25700452721674744,0.03759170696603171,1.09552974586721,-0.23398919642121782,0.2493327502849042,-0.09743156703440872,0.22324870871663732,-0.10510334396625193,1.0755831258444175,-0.24166097335306103,0.08231559698401143,0,5,58,2,1,15,0,0,-100,0,0,0,0,100,388,68,32,200,35,44,43,37,32,45,122,120,121,120,121,120,-999,-999,-4.90
1.3526763916015625,-0.09743156703440872,0.25700452721674744,0.03452299619329443,1.09552974586721,-0.23398919642121782,0.2493327502849042,-0.09743156703440872,0.22324870871663732,-0.10970641012535785,1.0755831258444175,-0.24166097335306103,0.08231559698401143,0,4,55,2,0,16,0,0,-100,0,0,0,0,100,384,68,32,200,34,44,43,37,32,45,122,121,121,120,120,121,-999,-999,-4.90
1.3692295551300049,-0.09743156703440872,0.25700452721674744,0.029919930034188504,1.09552974586721,-0.23398919642121782,0.2493327502849042,-0.09743156703440872,0.22324870871663732,-0.11124076551172649,1.0755831258444175,-0.24166097335306103,0.08231559698401143,0,4,52,2,0,14,0,0,-150,0,0,0,0,100,384,64,32,200,34,44,43,37,32,45,122,120,121,120,120,121,-999,-999,-4.90
1.3846817016601562,-0.09743156703440872,0.25700452721674744,0.026851219261451224,1.09552974586721,-0.23398919642121782,0.2493327502849042,-0.09743156703440872,0.22324870871663732,-0.11124076551172649,1.074048770458049,-0.24166097335306103,0.08231559698401143,0,5,46,2,0,19,0,0,-150,0,0,0,0,100,368,68,32,200,34,44,43,37,32,45,122,121,121,121,120,121,-999,-999,-4.90
1.4016621112823486,-0.09743156703440872,0.25700452721674744,0.0222481531023453,1.09552974586721,-0.23398919642121782,0.2493327502849042,-0.09743156703440872,0.22171435333026868,-0.11124076551172649,1.0709800596853116,-0.24166097335306103,0.08231559698401143,0,5,43,4,1,15,0,0,-200,0,0,0,0,104,352,80,32,200,34,44,43,37,32,45,123,120,121,121,121,121,-999,-999,-4.90
1.4178175926208496,-0.09743156703440872,0.25700452721674744,0.01917944232960802,1.0939953904808413,-0.23398919642121782,0.2493327502849042,-0.09743156703440872,0.22171435333026868,-0.11124076551172649,1.0663769935262057,-0.24166097335306103,0.08231559698401143,0,6,42,2,0,16,0,0,-150,0,0,0,0,108,344,88,32,200,35,44,43,37,32,45,122,121,121,121,120,121,-999,-999,-4.90
1.4326465129852295,-0.09743156703440872,0.25700452721674744,0.017645086943239376,1.0924610350944726,-0.23398919642121782,0.2493327502849042,-0.09743156703440872,0.22171435333026868,-0.10970641012535785,1.0587052165943625,-0.24166097335306103,0.08231559698401143,0,4,43,3,0,17,0,0,-150,0,0,0,0,104,336,96,32,200,35,45,43,37,32,45,122,121,121,120,121,122,-999,-999,-4.90
1.4498062133789062,-0.09743156703440872,0.25700452721674744,0.017645086943239376,1.0893923243217354,-0.23398919642121782,0.2493327502849042,-0.09743156703440872,0.22171435333026868,-0.10970641012535785,1.0525677950488879,-0.24166097335306103,0.08231559698401143,0,5,50,3,1,16,0,0,-100,-100,0,0,0,104,336,108,32,200,35,44,43,37,32,45,122,121,121,120,121,121,-999,-999,-4.90
1.4666800498962402,-0.09743156703440872,0.25700452721674744,0.016110731556870737,1.0847892581626295,-0.23398919642121782,0.2493327502849042,-0.09743156703440872,0.22171435333026868,-0.10970641012535785,1.0464303735034135,-0.24166097335306103,0.08231559698401143,0,5,47,4,1,14,0,0,0,-150,0,0,0,104,340,124,32,200,35,44,43,37,32,45,123,121,121,121,120,121,-999,-999,-4.90
1.4818050861358643,-0.09743156703440872,0.25700452721674744,0.014576376170502094,1.0801861920035236,-0.23398919642121782,0.2493327502849042,-0.09743156703440872,0.22171435333026868,-0.10970641012535785,1.040292951957939,-0.24166097335306103,0.08231559698401143,0,5,45,4,0,16,0,0,-50,-150,0,0,0,104,328,120,32,200,34,44,43,37,32,45,122,121,121,121,121,119,-999,-999,-4.90
1.4976601600646973,-0.09743156703440872,0.25700452721674744,0.014576376170502094,1.0771174812307862,-0.23398919642121782,0.2493327502849042,-0.09743156703440872,0.22171435333026868,-0.10970641012535785,1.0341555304124643,-0.24166097335306103,0.08231559698401143,0,5,48,4,1,19,0,0,-50,-150,0,0,0,104,328,124,32,200,34,44,43,37,32,45,122,121,121,120,120,122,-999,-999,-4.90
1.513808250427246,-0.09743156703440872,0.25700452721674744,0.014576376170502094,1.0709800596853116,-0.23398919642121782,0.2493327502849042,-0.09743156703440872,0.22171435333026868,-0.10970641012535785,1.0280181088669897,-0.24166097335306103,0.08231559698401143,0,4,43,4,0,19,0,0,-50,-150,0,0,0,104,336,124,32,200,35,44,43,37,32,45,122,120,121,120,120,121,-999,-999,-4.90
1.5298066139221191,-0.09743156703440872,0.25700452721674744,0.014576376170502094,1.0663769935262057,-0.23398919642121782,0.2493327502849042,-0.09743156703440872,0.22171435333026868,-0.10970641012535785,1.0203463319351465,-0.24166097335306103,0.08231559698401143,0,5,49,4,1,14,0,0,0,-200,0,0,0,104,336,128,32,200,35,44,43,37,32,45,123,121,121,121,120,121,-999,-999,-4.90
1.545790433883667,-0.09743156703440872,0.25700452721674744,0.014576376170502094,1.0602395719807312,-0.23398919642121782,0.2493327502849042,-0.09743156703440872,0.22171435333026868,-0.10970641012535785,1.0126745550033034,-0.24166097335306103,0.08231559698401143,0,5,44,4,0,16,0,0,0,-250,0,0,0,104,336,120,32,200,35,44,43,37,32,45,123,121,121,121,121,121,-999,-999,-4.90
1.560821294784546,-0.09743156703440872,0.25700452721674744,0.014576376170502094,1.0556365058216253,-0.23398919642121782,0.2493327502849042,-0.09743156703440872,0.22171435333026868,-0.10817205473898922,1.00500277807146,-0.24166097335306103,0.08231559698401143,0,5,52,6,0,20,0,0,0,-200,0,0,0,104,336,144,32,200,35,44,43,37,32,45,123,121,121,120,120,121,-999,-999,-4.90
1.5778238773345947,-0.09743156703440872,0.25700452721674744,0.014576376170502094,1.047964728889782,-0.23398919642121782,0.2493327502849042,-0.09589721164804009,0.22171435333026868,-0.10817205473898922,0.9988653565259856,-0.24166097335306103,0.08231559698401143,0,5,42,4,0,16,0,0,0,-200,0,0,0,104,332,148,32,200,35,44,43,37,32,45,123,121,121,121,121,121,-999,-999,-4.90
1.5938198566436768,-0.09743156703440872,0.25700452721674744,0.014576376170502094,1.0418273073443074,-0.23398919642121782,0.2493327502849042,-0.09589721164804009,0.22171435333026868,-0.10817205473898922,0.9911935795941422,-0.24166097335306103,0.08231559698401143,0,5,40,4,1,16,0,0,0,-250,0,0,0,104,328,140,32,200,34,45,43,37,32,45,123,121,121,120,121,121,-999,-999,-4.90
1.610673189163208,-0.09743156703440872,0.25700452721674744,0.014576376170502094,1.035689885798833,-0.23398919642121782,0.2493327502849042,-0.09589721164804009,0.22171435333026868,-0.10970641012535785,0.9850561580486678,-0.24166097335306103,0.08231559698401143,0,5,50,4,0,16,0,0,0,-250,0,0,0,104,336,136,32,200,34,45,43,37,32,45,122,121,121,121,120,120,-999,-999,-4.90
1.626713752746582,-0.09743156703440872,0.25700452721674744,0.014576376170502094,1.0295524642533582,-0.23552355180758644,0.2493327502849042,-0.09589721164804009,0.22171435333026868,-0.10970641012535785,0.9804530918895619,-0.24166097335306103,0.08231559698401143,0,5,50,5,1,16,0,0,0,-250,0,0,0,104,340,148,24,200,35,44,43,37,32,45,122,121,121,121,121,121,-999,-999,-4.90
1.6422293186187744,-0.09743156703440872,0.25700452721674744,0.014576376170502094,1.0234150427078836,-0.23552355180758644,0.2493327502849042,-0.09589721164804009,0.22171435333026868,-0.10970641012535785,0.9743156703440873,-0.24166097335306103,0.08231559698401143,0,5,50,4,0,17,0,0,0,-250,-50,0,0,104,336,128,24,200,34,44,43,37,32,45,122,121,121,121,121,121,-999,-999,-4.90
1.6588594913482666,-0.09743156703440872,0.25700452721674744,0.014576376170502094,1.0172776211624093,-0.23552355180758644,0.2493327502849042,-0.09589721164804009,0.22017999794390003,-0.10970641012535785,0.9681782487986127,-0.24166097335306103,0.08231559698401143,0,6,54,4,1,16,0,0,0,-250,0,0,0,108,336,136,28,200,35,44,43,37,32,45,123,120,121,120,120,121,-999,-999,-4.90
1.675718069076538,-0.09743156703440872,0.25700452721674744,0.014576376170502094,1.0126745550033034,-0.23552355180758644,0.2493327502849042,-0.09589721164804009,0.22017999794390003,-0.10970641012535785,0.9605064718667695,-0.24166097335306103,0.08231559698401143,0,6,50,5,1,18,0,0,0,-250,0,0,0,112,336,140,28,200,35,45,43,37,32,45,123,121,121,120,120,121,-999,-999,-4.90
1.6908221244812012,-0.09743156703440872,0.25700452721674744,0.014576376170502094,1.0065371334578288,-0.23552355180758644,0.2493327502849042,-0.09436285626167144,0.22017999794390003,-0.10970641012535785,0.9528346949349262,-0.24166097335306103,0.08231559698401143,0,6,48,5,0,19,0,0,0,-200,0,0,0,108,336,148,28,200,35,44,43,37,32,45,122,121,121,120,120,121,-999,-999,-4.90
1.7068371772766113,-0.09743156703440872,0.25700452721674744,0.014576376170502094,1.0003997119123542,-0.23552355180758644,0.2493327502849042,-0.09436285626167144,0.22017999794390003,-0.10970641012535785,0.9466972733894518,-0.24166097335306103,0.08231559698401143,0,6,46,5,1,14,0,0,0,-250,0,0,-20,108,336,156,28,200,34,44,43,37,32,45,123,121,121,121,120,121,-999,-999,-4.90
1.7228412628173828,-0.09743156703440872,0.25700452721674744,0.014576376170502094,0.9942622903668795,-0.23552355180758644,0.2493327502849042,-0.09436285626167144,0.22017999794390003,-0.10970641012535785,0.9390254964576086,-0.24012661796669238,0.08231559698401143,0,5,48,4,0,16,0,0,0,-250,0,0,-24,108,336,148,28,200,35,44,43,37,32,45,123,121,121,121,121,121,-999,-999,-4.90
1.737853765487671,-0.09743156703440872,0.25700452721674744,0.014576376170502094,0.988124868821405,-0.23552355180758644,0.2493327502849042,-0.09436285626167144,0.21864564255753138,-0.10970641012535785,0.9298193641393967,-0.24012661796669238,0.08231559698401143,0,7,44,5,0,14,0,0,0,-250,0,0,-20,112,336,156,24,200,35,44,43,37,32,45,123,121,121,120,120,120,-999,-999,-4.90
1.7547147274017334,-0.09743156703440872,0.25700452721674744,0.014576376170502094,0.9819874472759305,-0.23552355180758644,0.2493327502849042,-0.09436285626167144,0.21557693178479412,-0.10970641012535785,0.9206132318211848,-0.24012661796669238,0.08231559698401143,0,7,51,6,0,16,0,0,0,-250,0,0,-20,120,336,160,20,200,35,45,43,37,32,45,122,121,121,120,120,120,-999,-999,-4.90
1.7708463668823242,-0.09743156703440872,0.25700452721674744,0.014576376170502094,0.9727813149577187,-0.23552355180758644,0.2493327502849042,-0.09436285626167144,0.20943951023931956,-0.10970641012535785,0.9114070995029729,-0.2370579071939551,0.08231559698401143,0,8,43,6,0,17,0,0,0,-300,0,0,-20,132,336,164,24,200,35,45,43,37,32,45,123,120,121,120,120,121,-999,-999,-4.90
1.786855936050415,-0.09743156703440872,0.25700452721674744,0.014576376170502094,0.9666438934122441,-0.23552355180758644,0.2493327502849042,-0.09589721164804009,0.20176773330747633,-0.10663769935262057,0.9022009671847612,-0.2309204856484805,0.08231559698401143,0,11,50,6,0,15,0,0,0,-300,0,0,0,152,336,172,-20,200,34,44,43,37,32,45,122,121,121,120,120,120,-999,-999,-4.90
1.8012690544128418,-0.09743156703440872,0.25700452721674744,0.014576376170502094,0.9589721164804008,-0.23552355180758644,0.2493327502849042,-0.09589721164804009,0.19409595637563312,-0.10203463319351465,0.8929948348665493,-0.22171435333026868,0.08231559698401143,0,20,43,5,1,16,0,0,0,-300,0,0,20,184,324,172,-24,200,35,44,44,37,32,45,123,120,121,120,120,121,-999,-999,-4.90
1.8188519477844238,-0.09743156703440872,0.25700452721674744,0.014576376170502094,0.9497659841621889,-0.23552355180758644,0.2493327502849042,-0.09589721164804009,0.18642417944378992,-0.100500277807146,0.885323057934706,-0.21250822101205682,0.08231559698401143,0,22,39,6,3,16,0,0,0,-300,0,0,0,204,300,176,-56,200,35,44,43,37,42,45,122,121,121,120,120,120,-999,-999,-4.90
1.8348371982574463,-0.09743156703440872,0.25700452721674744,0.014576376170502094,0.9405598518439772,-0.23552355180758644,0.2493327502849042,-0.09589721164804009,0.1787524025119467,-0.100500277807146,0.8791856363892315,-0.20330208869384497,0.08231559698401143,0,21,42,6,2,16,0,0,0,-350,0,0,0,224,296,176,-96,200,34,44,43,37,32,45,122,120,121,120,121,119,-999,-999,-4.90
1.8506944179534912,-0.09743156703440872,0.25700452721674744,0.014576376170502094,0.9344224302985026,-0.2309204856484805,0.2493327502849042,-0.09743156703440872,0.16954627019373486,-0.100500277807146,0.8761169256164942,-0.19409595637563312,0.08231559698401143,0,23,37,6,2,14,0,0,0,-300,0,0,0,244,308,168,-112,200,35,44,43,37,32,45,122,120,121,120,120,121,-999,-999,-4.90
1.8668603897094727,-0.09743156703440872,0.25700452721674744,0.014576376170502094,0.9267506533666594,-0.22478306410300597,0.2493327502849042,-0.09743156703440872,0.16187449326189168,-0.100500277807146,0.8745825702301255,-0.18642417944378992,0.08231559698401143,0,30,37,4,1,19,0,0,0,-300,150,0,0,264,312,148,-112,200,34,44,43,37,32,45,122,120,120,120,120,121,-999,-999,-4.90
1.8837029933929443,-0.09743156703440872,0.25700452721674744,0.014576376170502094,0.9206132318211848,-0.21864564255753138,0.2493327502849042,-0.09743156703440872,0.15420271633004848,-0.100500277807146,0.8745825702301255,-0.181821113284684,0.08231559698401143,0,33,38,3,2,18,0,0,0,-300,200,0,0,292,312,116,-108,200,34,44,43,37,32,45,122,120,121,120,120,120,-999,-999,-4.90
1.8997101783752441,-0.09743156703440872,0.25700452721674744,0.014576376170502094,0.9160101656620788,-0.21250822101205682,0.2493327502849042,-0.09743156703440872,0.14653093939820525,-0.100500277807146,0.8745825702301255,-0.1787524025119467,0.08231559698401143,0,40,47,3,1,19,0,0,0,-300,300,0,0,312,312,104,-100,200,35,45,43,37,32,45,122,120,121,120,120,120,-999,-999,-4.90
1.9157426357269287,-0.09743156703440872,0.25700452721674744,0.014576376170502094,0.9129414548893416,-0.20637079946658227,0.2493327502849042,-0.09743156703440872,0.13885916246636204,-0.100500277807146,0.8730482148437569,-0.17568369173920942,0.08231559698401143,0,48,41,4,1,16,0,0,0,-250,300,0,0,328,312,100,-88,200,35,44,43,37,32,45,122,120,120,120,120,120,-999,-999,-4.90
1.931870937347412,-0.09743156703440872,0.25700452721674744,0.014576376170502094,0.9098727441166043,-0.20176773330747633,0.2493327502849042,-0.09743156703440872,0.13118738553451884,-0.100500277807146,0.8730482148437569,-0.1741493363528408,0.08231559698401143,0,55,41,3,1,16,0,0,0,-100,200,0,0,348,312,108,-76,200,35,44,43,37,32,45,122,120,120,120,120,120,-999,-999,-4.90
1.947728157043457,-0.09743156703440872,0.25700452721674744,0.014576376170502094,0.9083383887302356,-0.19716466714837041,0.2493327502849042,-0.09743156703440872,0.12504996398904428,-0.100500277807146,0.8715138594573884,-0.1741493363528408,0.08231559698401143,0,59,41,4,1,16,0,0,0,-150,200,0,0,372,312,100,-68,200,35,44,43,37,32,45,122,119,120,119,119,119,-999,-999,-4.90
1.9638535976409912,-0.09743156703440872,0.25700452721674744,0.014576376170502094,0.9083383887302356,-0.19409595637563312,0.2493327502849042,-0.09743156703440872,0.11737818705720107,-0.100500277807146,0.8715138594573884,-0.1741493363528408,0.08231559698401143,0,60,38,5,1,14,0,0,0,-50,200,0,0,380,312,108,-56,200,34,45,43,37,32,45,121,120,120,119,120,120,-999,-999,-4.90
1.9798555374145508,-0.09743156703440872,0.25700452721674744,0.014576376170502094,0.906804033343867,-0.19102724560289586,0.2493327502849042,-0.09743156703440872,0.11124076551172649,-0.100500277807146,0.8699795040710196,-0.1741493363528408,0.08231559698401143,0,62,37,6,0,15,0,0,0,-50,100,0,0,396,312,108,-48,200,35,45,43,37,32,45,122,119,119,119,119,120,-999,-999,-4.90
1.995295763015747,-0.09743156703440872,0.25700452721674744,0.014576376170502094,0.906804033343867,-0.1894928902165272,0.2493327502849042,-0.09743156703440872,0.10510334396625193,-0.100500277807146,0.8699795040710196,-0.1741493363528408,0.08231559698401143,0,73,42,5,1,16,0,0,0,-50,100,0,0,416,312,108,-48,200,35,44,43,37,32,45,121,119,120,120,119,120,-999,-999,-4.90
2.01088547706604,-0.09743156703440872,0.25700452721674744,0.014576376170502094,0.906804033343867,-0.1879585348301586,0.2493327502849042,-0.09743156703440872,0.09896592242077737,-0.100500277807146,0.8699795040710196,-0.1741493363528408,0.08231559698401143,0,81,38,5,0,19,0,0,0,0,100,0,0,432,312,108,-48,200,35,45,43,37,32,45,122,120,119,120,119,120,-999,-999,-4.90
2.0278611183166504,-0.09743156703440872,0.25700452721674744,0.014576376170502094,0.906804033343867,-0.1879585348301586,0.2493327502849042,-0.09743156703440872,0.09436285626167144,-0.100500277807146,0.8699795040710196,-0.1741493363528408,0.08231559698401143,0,81,44,6,0,16,0,0,0,0,50,0,0,452,312,108,-40,200,34,45,43,37,32,45,122,119,119,119,119,120,-999,-999,-4.90
2.0432965755462646,-0.09743156703440872,0.25700452721674744,0.014576376170502094,0.906804033343867,-0.1879585348301586,0.2493327502849042,-0.09743156703440872,0.08822543471619687,-0.100500277807146,0.8684451486846511,-0.1741493363528408,0.08231559698401143,0,89,43,5,1,16,0,0,0,0,50,0,0,456,312,112,-48,200,35,45,43,37,32,45,121,119,119,119,119,119,-999,-999,-4.90
2.0599167346954346,-0.09743156703440872,0.25700452721674744,0.014576376170502094,0.9052696779574985,-0.1879585348301586,0.2493327502849042,-0.09743156703440872,0.08208801317072231,-0.100500277807146,0.8684451486846511,-0.1741493363528408,0.08231559698401143,0,90,36,5,1,17,0,0,0,0,0,0,0,476,312,116,-48,200,35,45,43,37,32,45,121,118,119,118,119,120,-999,-999,-4.90
2.0759174823760986,-0.09743156703440872,0.25700452721674744,0.014576376170502094,0.9052696779574985,-0.1879585348301586,0.2493327502849042,-0.09743156703440872,0.07595059162524774,-0.100500277807146,0.8684451486846511,-0.17568369173920942,0.08231559698401143,0,100,44,5,0,15,0,0,0,0,0,0,0,492,312,112,-44,200,35,44,43,37,32,45,121,119,119,119,119,119,-999,-999,-4.90
2.090763568878174,-0.09743156703440872,0.25700452721674744,0.014576376170502094,0.9052696779574985,-0.1879585348301586,0.2493327502849042,-0.09743156703440872,0.07134752546614181,-0.100500277807146,0.8684451486846511,-0.17568369173920942,0.08231559698401143,0,108,37,4,1,14,0,0,0,-50,0,0,0,504,312,104,-40,200,34,45,43,37,32,45,121,119,118,119,119,120,-999,-999,-4.90
2.1077516078948975,-0.09743156703440872,0.25700452721674744,0.014576376170502094,0.9037353225711298,-0.1879585348301586,0.2493327502849042,-0.09743156703440872,0.06521010392066726,-0.100500277807146,0.8684451486846511,-0.17568369173920942,0.08231559698401143,0,118,37,4,1,17,0,0,0,0,0,0,0,524,312,108,-44,200,34,45,43,37,32,45,120,118,119,119,118,118,-999,-999,-4.90
2.123882293701172,-0.09743156703440872,0.25700452721674744,0.014576376170502094,0.9037353225711298,-0.1879585348301586,0.2493327502849042,-0.09743156703440872,0.06060703776156134,-0.100500277807146,0.8684451486846511,-0.17568369173920942,0.08231559698401143,0,113,37,4,1,17,0,0,0,-50,0,0,0,528,312,100,-44,200,35,44,43,37,32,45,121,119,119,119,118,120,-999,-999,-4.90
2.140900135040283,-0.09743156703440872,0.25700452721674744,0.014576376170502094,0.9037353225711298,-0.1879585348301586,0.2493327502849042,-0.09743156703440872,0.05446961621608677,-0.100500277807146,0.8684451486846511,-0.17568369173920942,0.08231559698401143,0,123,43,5,1,16,0,0,0,0,0,0,0,544,312,104,-44,200,34,44,43,37,32,45,121,118,118,118,118,118,-999,-999,-4.90
2.1567728519439697,-0.09743156703440872,0.25700452721674744,0.014576376170502094,0.9037353225711298,-0.1879585348301586,0.2493327502849042,-0.09743156703440872,0.049866550056980846,-0.100500277807146,0.8684451486846511,-0.17568369173920942,0.08231559698401143,0,133,44,5,1,19,0,0,0,0,0,0,0,560,312,104,-44,200,34,44,43,37,32,45,121,118,119,118,118,119,-999,-999,-4.90
2.1729342937469482,-0.09743156703440872,0.25700452721674744,0.014576376170502094,0.9037353225711298,-0.1879585348301586,0.2493327502849042,-0.09743156703440872,0.04372912851150628,-0.100500277807146,0.8684451486846511,-0.17568369173920942,0.08231559698401143,0,132,37,5,1,16,0,0,0,0,0,0,0,576,312,104,-44,200,34,45,43,37,32,45,120,118,118,119,118,118,-999,-999,-4.90
2.188852071762085,-0.09743156703440872,0.25700452721674744,0.014576376170502094,0.9037353225711298,-0.1879585348301586,0.2493327502849042,-0.09743156703440872,0.039126062352400355,-0.100500277807146,0.8684451486846511,-0.17568369173920942,0.08231559698401143,0,140,44,4,1,16,0,0,0,0,0,0,0,588,312,104,-44,200,35,45,43,37,32,45,120,118,119,118,118,119,-999,-999,-4.90
2.2047717571258545,-0.09743156703440872,0.25700452721674744,0.014576376170502094,0.9037353225711298,-0.1879585348301586,0.2493327502849042,-0.09743156703440872,0.03298864080692579,-0.100500277807146,0.8684451486846511,-0.17568369173920942,0.08231559698401143,0,172,41,5,1,14,0,0,0,0,0,0,0,604,312,104,-44,200,34,45,43,37,32,45,121,118,118,117,118,118,-999,-999,-4.90
2.220787525177002,-0.09743156703440872,0.2554701718303788,0.014576376170502094,0.9037353225711298,-0.1879585348301586,0.2493327502849042,-0.09743156703440872,0.029919930034188504,-0.100500277807146,0.8669107932982824,-0.17568369173920942,0.08231559698401143,0,151,43,5,1,18,0,0,0,0,0,0,0,616,312,108,-44,200,35,45,43,37,32,45,120,118,118,118,118,118,-999,-999,-4.90
2.237780809402466,-0.09743156703440872,0.24933275028490423,0.014576376170502094,0.9037353225711298,-0.1879585348301586,0.2493327502849042,-0.09743156703440872,0.02531686387508258,-0.100500277807146,0.8638420825255451,-0.17568369173920942,0.08231559698401143,0,158,39,6,1,14,0,-50,0,0,0,0,0,596,312,120,-44,200,35,45,43,37,32,45,121,118,119,119,119,119,-999,-999,-4.90
2.252791166305542,-0.09743156703440872,0.24626403951216694,0.014576376170502094,0.9037353225711298,-0.1879585348301586,0.2493327502849042,-0.09743156703440872,0.0222481531023453,-0.100500277807146,0.8577046609800706,-0.17568369173920942,0.08231559698401143,0,136,37,6,1,14,0,-200,0,0,0,0,0,596,312,128,-44,200,34,45,43,37,40,45,121,118,119,118,119,119,-999,-999,-4.90
2.2688145637512207,-0.09743156703440872,0.24166097335306103,0.014576376170502094,0.9037353225711298,-0.1879585348301586,0.2493327502849042,-0.09743156703440872,0.017645086943239376,-0.09896592242077737,0.8500328840482273,-0.17568369173920942,0.08231559698401143,0,134,40,9,1,15,0,-150,0,0,0,0,0,592,312,144,-44,200,35,45,43,37,32,45,121,118,118,118,118,119,-999,-999,-4.90
2.2848050594329834,-0.09743156703440872,0.23859226258032373,0.014576376170502094,0.9022009671847612,-0.1879585348301586,0.2493327502849042,-0.09743156703440872,0.014576376170502094,-0.09896592242077737,0.8423611071163841,-0.17568369173920942,0.08231559698401143,0,135,35,11,1,14,0,-150,0,0,0,0,0,592,304,184,-44,200,35,45,43,37,32,45,120,118,118,118,118,119,-999,-999,-4.90
2.300952434539795,-0.09743156703440872,0.2370579071939551,0.016110731556870737,0.8960635456392866,-0.1879585348301586,0.2493327502849042,-0.09743156703440872,0.01150766539776481,-0.09436285626167144,0.8331549747981722,-0.17568369173920942,0.08231559698401143,0,142,43,9,1,14,0,-150,0,-100,0,0,0,604,308,180,-44,200,34,45,43,37,32,45,120,118,119,118,118,118,-999,-999,-4.90
2.316816568374634,-0.09743156703440872,0.23398919642121782,0.016110731556870737,0.8914604794801807,-0.1879585348301586,0.2493327502849042,-0.09743156703440872,0.008438954625027528,-0.08975979010256553,0.8208801317072232,-0.17568369173920942,0.08231559698401143,0,148,32,8,1,14,0,-100,50,-100,0,0,0,604,296,180,-44,200,34,44,43,37,32,45,121,118,118,118,118,118,-999,-999,-4.90
2.3329555988311768,-0.09743156703440872,0.23245484103484917,0.016110731556870737,0.885323057934706,-0.1879585348301586,0.2493327502849042,-0.09743156703440872,0.005370243852290245,-0.08362236855709095,0.808605288616274,-0.17568369173920942,0.08231559698401143,0,143,27,12,1,18,0,-100,0,-200,0,0,0,604,284,196,-44,200,34,45,43,37,32,45,119,117,118,117,117,118,-999,-999,-4.90
2.349796772003174,-0.09743156703440872,0.22938613026211188,0.016110731556870737,0.8776512810028628,-0.1879585348301586,0.2493327502849042,-0.09743156703440872,0.0007671776931843208,-0.07441623623887911,0.7932617347525877,-0.17568369173920942,0.08231559698401143,0,146,30,10,1,15,0,-100,0,-250,0,0,0,604,256,216,-44,200,34,45,43,37,32,45,121,118,118,118,118,119,-999,-999,-4.90
2.3653738498687744,-0.09743156703440872,0.22478306410300597,0.016110731556870737,0.8669107932982824,-0.1879585348301586,0.2493327502849042,-0.09743156703440872,-0.0038358884659216034,-0.06521010392066726,0.7794525362752698,-0.17568369173920942,0.08231559698401143,0,138,18,11,1,16,0,-100,0,-300,0,0,0,608,228,232,-44,200,35,44,43,37,32,45,121,119,120,118,119,118,-999,-999,-4.90
2.3797836303710938,-0.09743156703440872,0.21864564255753138,0.016110731556870737,0.8592390163664392,-0.1879585348301586,0.2493327502849042,-0.09743156703440872,-0.008438954625027528,-0.05446961621608677,0.7641089824115834,-0.17568369173920942,0.08231559698401143,0,130,14,10,1,20,0,-150,0,-400,0,0,0,604,200,232,-44,200,35,45,43,37,32,45,122,119,119,119,119,120,-999,-999,-4.90
2.397362232208252,-0.09743156703440872,0.21097386562568818,0.016110731556870737,0.84696417327549,-0.1879585348301586,0.2493327502849042,-0.09743156703440872,-0.013042020784133452,-0.042194773125137634,0.7456967177751597,-0.17568369173920942,0.08231559698401143,0,123,10,12,1,16,0,-200,0,-400,0,0,0,596,168,244,-44,200,35,44,43,37,32,45,121,119,119,119,119,119,-999,-999,-4.90
2.41290020942688,-0.09743156703440872,0.20483644408021362,0.016110731556870737,0.834689330184541,-0.1879585348301586,0.2493327502849042,-0.09743156703440872,-0.01917944232960802,-0.029919930034188504,0.7257500977523674,-0.17568369173920942,0.08231559698401143,0,124,7,13,1,16,0,-300,0,-400,0,0,0,588,140,256,-44,200,34,44,43,37,32,45,122,119,119,118,119,119,-999,-999,-4.90
2.4297969341278076,-0.09743156703440872,0.19869902253473906,0.016110731556870737,0.8208801317072232,-0.1879585348301586,0.2493327502849042,-0.09743156703440872,-0.02378250848871394,-0.016110731556870737,0.705803477729575,-0.17568369173920942,0.08231559698401143,0,130,3,13,1,16,0,-250,0,-500,0,0,0,580,100,272,-44,200,35,45,43,37,32,45,121,119,120,119,118,119,-999,-999,-4.90
2.4453768730163574,-0.09743156703440872,0.19563031176200177,0.017645086943239376,0.808605288616274,-0.18642417944378992,0.2493327502849042,-0.09743156703440872,-0.029919930034188504,-0.002301533079552962,0.6858568577067827,-0.17568369173920942,0.08231559698401143,0,138,1,16,1,18,0,-250,0,-500,0,0,0,600,60,296,-40,200,34,44,43,37,32,45,121,119,119,118,118,119,-999,-999,-4.90
2.462790012359619,-0.09743156703440872,0.19102724560289586,0.01917944232960802,0.791727379366219,-0.18642417944378992,0.2493327502849042,-0.09743156703440872,-0.036057351579663076,0.013042020784133452,0.6643758822976217,-0.17568369173920942,0.08231559698401143,0,135,0,18,1,17,0,-200,0,-550,50,0,0,596,36,308,-36,200,35,45,43,37,32,45,121,119,120,118,118,118,-999,-999,-4.90
2.477370262145996,-0.09743156703440872,0.18488982405742127,0.02378250848871394,0.7763838255025325,-0.18642417944378992,0.2493327502849042,-0.09743156703440872,-0.042194773125137634,0.026851219261451224,0.641360551502092,-0.17568369173920942,0.08231559698401143,0,133,0,14,1,14,0,-150,100,-650,0,0,0,608,-24,312,-36,200,34,45,43,37,32,45,122,119,120,119,119,119,-999,-999,-4.90
2.4939637184143066,-0.09743156703440872,0.17721804712557807,0.03298864080692579,0.7564372054797402,-0.18642417944378992,0.2493327502849042,-0.09743156703440872,-0.049866550056980846,0.042194773125137634,0.6183452207065625,-0.17568369173920942,0.08231559698401143,0,124,0,14,0,16,0,-250,200,-650,0,0,0,604,-36,316,-40,200,35,45,43,37,32,45,121,119,120,119,119,119,-999,-999,-4.90
2.5099806785583496,-0.09743156703440872,0.1664775594209976,0.04372912851150628,0.7380249408433165,-0.18642417944378992,0.2493327502849042,-0.09743156703440872,-0.05600397160245541,0.05600397160245541,0.5968642452974015,-0.17568369173920942,0.08231559698401143,0,135,0,14,0,16,0,-350,350,-700,0,0,0,584,-44,328,-40,200,35,45,43,37,32,45,121,119,120,119,120,119,-999,-999,-4.90
2.526867628097534,-0.09743156703440872,0.15880578248915436,0.05600397160245541,0.7180783208205243,-0.18642417944378992,0.2493327502849042,-0.09743156703440872,-0.06214139314792997,0.06981317007977318,0.5753832698882404,-0.17568369173920942,0.08231559698401143,0,123,0,14,0,20,0,-350,350,-750,0,0,0,576,-28,332,-40,200,35,45,43,37,32,45,121,119,120,119,119,120,-999,-999,-4.90
2.541985034942627,-0.09743156703440872,0.14959965017094254,0.06827881469340454,0.6981317007977318,-0.18642417944378992,0.2493327502849042,-0.09743156703440872,-0.06981317007977318,0.08208801317072231,0.5554366498654482,-0.17568369173920942,0.08231559698401143,0,110,0,13,1,14,0,-350,450,-850,0,0,0,576,-32,324,-40,200,34,44,43,37,32,45,122,120,120,119,120,120,-999,-999,-4.90
2.557985305786133,-0.09743156703440872,0.1403935178527307,0.08055365778435367,0.679719436161308,-0.18642417944378992,0.2493327502849042,-0.09743156703440872,-0.07748494701161639,0.09589721164804009,0.5354900298426558,-0.1741493363528408,0.08231559698401143,0,104,0,16,1,14,0,-350,500,-750,0,0,0,568,-24,340,-40,200,35,45,43,37,32,45,121,119,120,119,119,120,-999,-999,-4.90
2.5739731788635254,-0.09743156703440872,0.13118738553451884,0.09436285626167144,0.6613071715248844,-0.18642417944378992,0.2493327502849042,-0.09743156703440872,-0.08362236855709095,0.10970641012535785,0.5155434098198636,-0.1741493363528408,0.08231559698401143,0,110,0,17,1,14,0,-350,500,-750,0,0,0,568,-32,344,-44,200,35,44,43,37,32,45,122,119,120,119,120,120,-999,-999,-4.90
2.5899548530578613,-0.09743156703440872,0.12351560860267563,0.10663769935262057,0.6428949068884606,-0.18642417944378992,0.2493327502849042,-0.09743156703440872,-0.08975979010256553,0.12198125321630698,0.49713114518343976,-0.1741493363528408,0.08231559698401143,0,99,0,19,1,14,0,-400,600,-750,0,0,0,560,-28,340,-48,200,35,44,43,37,32,45,122,119,120,119,120,120,-999,-999,-4.90
2.60541033744812,-0.09743156703440872,0.11737818705720107,0.12044689782993835,0.6244826422520371,-0.18642417944378992,0.2493327502849042,-0.09743156703440872,-0.09743156703440872,0.13272174092088748,0.47871888054701606,-0.1741493363528408,0.08231559698401143,0,108,0,20,1,16,0,-300,600,-750,0,0,0,548,-24,348,-44,200,34,45,43,37,32,45,121,119,120,119,119,120,-999,-999,-4.90
2.622840642929077,-0.09743156703440872,0.10970641012535785,0.13272174092088748,0.6045360222292446,-0.18642417944378992,0.2493327502849042,-0.09743156703440872,-0.1035689885798833,0.14499658401183663,0.461840971296961,-0.1741493363528408,0.08231559698401143,0,112,0,19,1,18,0,-300,500,-800,0,0,0,572,-20,344,-44,200,35,45,43,37,32,45,121,119,120,119,119,119,-999,-999,-4.90
2.637981414794922,-0.09743156703440872,0.1035689885798833,0.14346222862546795,0.586123757592821,-0.18642417944378992,0.2493327502849042,-0.09743156703440872,-0.10970641012535785,0.15420271633004848,0.44496306204690594,-0.17261498096647215,0.08231559698401143,0,112,0,20,1,16,0,-250,500,-750,0,0,0,560,-24,344,-44,200,34,45,43,37,32,54,122,119,120,119,119,120,-999,-999,-4.90
2.6539604663848877,-0.09743156703440872,0.09896592242077737,0.1557370717164171,0.5677114929563972,-0.18642417944378992,0.2493327502849042,-0.09743156703440872,-0.11584383167083243,0.16187449326189168,0.4296195081832196,-0.17261498096647215,0.08231559698401143,0,134,0,18,2,19,0,-250,500,-750,0,0,0,564,-20,340,-48,200,35,44,43,37,32,45,121,119,120,119,119,119,-999,-999,-4.90
2.6708261966705322,-0.09743156703440872,0.09436285626167144,0.1664775594209976,0.5492992283199736,-0.18642417944378992,0.2493327502849042,-0.09743156703440872,-0.12351560860267563,0.16954627019373486,0.4142759543195332,-0.17261498096647215,0.08231559698401143,0,131,1,19,1,15,0,-250,450,-750,0,0,0,568,20,328,-52,200,35,45,43,37,32,45,120,118,120,118,118,119,-999,-999,-4.90
2.6858363151550293,-0.09743156703440872,0.09129414548893416,0.17568369173920942,0.5339556744562872,-0.18642417944378992,0.2493327502849042,-0.09743156703440872,-0.12811867476178154,0.17568369173920942,0.4004667558422154,-0.17261498096647215,0.08231559698401143,0,140,1,18,1,20,0,-100,450,-750,0,0,0,588,24,320,-48,200,35,44,43,37,32,45,120,119,119,119,119,119,-999,-999,-4.90
2.7018649578094482,-0.09743156703440872,0.08975979010256553,0.18335546867105265,0.5170777652062322,-0.18642417944378992,0.2493327502849042,-0.09743156703440872,-0.13425609630725613,0.18028675789831536,0.38819191275126624,-0.17261498096647215,0.08231559698401143,0,145,1,19,1,15,0,-100,400,-650,0,0,0,596,24,328,-48,200,35,45,43,37,32,45,121,119,119,119,119,119,-999,-999,-4.90
2.717988967895508,-0.09743156703440872,0.08669107932982824,0.19102724560289586,0.5017342113425457,-0.18642417944378992,0.2493327502849042,-0.09743156703440872,-0.1403935178527307,0.181821113284684,0.3774514250466858,-0.17261498096647215,0.08231559698401143,0,139,2,18,1,16,0,-150,350,-650,0,0,0,600,40,312,-48,200,35,45,43,37,32,45,121,119,119,118,119,120,-999,-999,-4.90
2.733876943588257,-0.09743156703440872,0.0851567239434596,0.19716466714837041,0.48792501286522794,-0.18642417944378992,0.2493327502849042,-0.09743156703440872,-0.14653093939820525,0.18488982405742127,0.3667109373421053,-0.17261498096647215,0.08231559698401143,0,152,3,19,0,19,0,-100,300,-650,0,0,0,620,64,300,-48,200,35,45,43,37,32,45,120,117,119,117,118,118,-999,-999,-4.90
2.750859022140503,-0.09743156703440872,0.08055365778435367,0.20483644408021362,0.4741158143879102,-0.18642417944378992,0.2493327502849042,-0.09743156703440872,-0.15113400555731116,0.18642417944378992,0.3590391604102621,-0.17261498096647215,0.08231559698401143,0,153,4,19,1,0,0,-50,250,-600,0,0,0,628,72,300,-48,200,35,45,43,37,32,45,120,118,119,118,114,119,-999,-999,-4.90
2.7670230865478516,-0.09743156703440872,0.07748494701161639,0.20943951023931956,0.461840971296961,-0.18642417944378992,0.2493327502849042,-0.09743156703440872,-0.1557370717164171,0.18642417944378992,0.3529017388647875,-0.17261498096647215,0.08231559698401143,0,132,4,21,1,14,0,-150,250,-550,0,0,0,624,80,296,-48,200,35,44,43,37,32,45,120,118,120,118,118,119,-999,-999,-4.90
2.7830262184143066,-0.09743156703440872,0.07288188085251047,0.21404257639842547,0.45263483897874923,-0.18642417944378992,0.2493327502849042,-0.09743156703440872,-0.16187449326189168,0.18642417944378992,0.3482986727056816,-0.17108062558010353,0.08231559698401143,0,154,5,16,1,18,0,-150,250,-500,0,0,0,624,92,268,-48,200,35,45,43,37,32,45,121,118,120,119,118,119,-999,-999,-4.90
2.799872636795044,-0.09743156703440872,0.06981317007977318,0.21864564255753138,0.4418943512741687,-0.18642417944378992,0.2493327502849042,-0.09743156703440872,-0.1664775594209976,0.18642417944378992,0.34216125116020707,-0.17108062558010353,0.08231559698401143,0,156,6,16,1,18,0,-150,200,-400,0,0,0,632,108,256,-56,200,35,45,43,37,32,45,120,118,118,118,117,118,-999,-999,-4.90
2.814896821975708,-0.09743156703440872,0.0667444593070359,0.22017999794390003,0.43422257434232553,-0.18642417944378992,0.2493327502849042,-0.09743156703440872,-0.17108062558010353,0.18488982405742127,0.3375581850011011,-0.17108062558010353,0.08231559698401143,0,157,8,18,1,16,0,-200,200,-400,0,0,0,628,116,252,-56,200,35,45,43,37,32,45,121,118,120,118,118,119,-999,-999,-4.90
2.831878900527954,-0.09743156703440872,0.06367574853429861,0.22017999794390003,0.4265507974104823,-0.18642417944378992,0.2493327502849042,-0.09743156703440872,-0.17568369173920942,0.18488982405742127,0.3329551188419952,-0.17108062558010353,0.08231559698401143,0,154,5,16,2,16,0,-100,50,-400,0,0,0,632,112,244,-52,200,35,45,43,37,32,45,119,118,118,117,118,118,-999,-999,-4.90
2.8470191955566406,-0.09743156703440872,0.06060703776156134,0.22171435333026868,0.4188790204786391,-0.18642417944378992,0.2493327502849042,-0.09743156703440872,-0.18028675789831536,0.18488982405742127,0.3268176972965206,-0.17108062558010353,0.08231559698401143,0,212,5,18,1,16,0,-100,50,-300,0,0,0,640,116,236,-52,200,35,45,43,37,32,45,121,118,119,118,118,118,-999,-999,-4.90
2.863858938217163,-0.09743156703440872,0.05753832698882405,0.22171435333026868,0.4112072435467959,-0.18642417944378992,0.2493327502849042,-0.09743156703440872,-0.18642417944378992,0.18488982405742127,0.320680275751046,-0.17108062558010353,0.08231559698401143,0,198,5,19,1,17,0,-150,50,-250,0,0,0,648,112,248,-52,200,35,45,43,37,32,45,121,118,119,118,118,118,-999,-999,-4.90
2.8790340423583984,-0.09743156703440872,0.05446961621608677,0.22171435333026868,0.4050698220013213,-0.18642417944378992,0.2493327502849042,-0.09743156703440872,-0.19102724560289586,0.18488982405742127,0.3145428542055715,-0.17108062558010353,0.08231559698401143,0,165,4,19,2,18,0,-150,0,-300,0,0,0,656,108,240,-52,200,35,45,43,37,33,45,120,118,119,118,119,119,-999,-999,-4.90
2.8950371742248535,-0.09743156703440872,0.049866550056980846,0.22171435333026868,0.39893240045584677,-0.18642417944378992,0.2493327502849042,-0.09896592242077737,-0.19716466714837041,0.18488982405742127,0.30840543266009696,-0.17108062558010353,0.08231559698401143,0,161,4,17,2,18,0,-100,0,-300,0,0,0,652,108,232,-52,200,35,45,43,37,32,45,121,118,120,119,119,119,-999,-999,-4.90
2.911022186279297,-0.09743156703440872,0.04372912851150628,0.22171435333026868,0.39279497891037224,-0.18642417944378992,0.2493327502849042,-0.09896592242077737,-0.20176773330747633,0.18488982405742127,0.3022680111146223,-0.17108062558010353,0.08231559698401143,0,154,5,19,1,15,0,-200,0,-300,0,0,0,652,108,236,-52,200,34,45,43,37,32,45,120,117,119,117,118,119,-999,-999,-4.90
2.926903486251831,-0.09743156703440872,0.036057351579663076,0.22171435333026868,0.3866575573648976,-0.18642417944378992,0.2493327502849042,-0.09896592242077737,-0.2079051548529509,0.18488982405742127,0.29766494495551643,-0.17108062558010353,0.08231559698401143,0,156,5,18,1,17,0,-250,0,-250,0,0,0,648,108,240,-52,200,35,44,43,37,32,45,121,118,120,118,118,119,-999,-999,-4.90
2.9428930282592773,-0.09743156703440872,0.029919930034188504,0.22171435333026868,0.3789857804330544,-0.18642417944378992,0.2493327502849042,-0.09896592242077737,-0.21250822101205682,0.18488982405742127,0.2930618787964105,-0.17108062558010353,0.08231559698401143,0,132,5,17,1,17,0,-300,0,-250,0,0,0,632,108,244,-52,200,35,45,43,37,32,45,121,118,119,118,118,119,-999,-999,-4.90
2.9590249061584473,-0.09743156703440872,0.0222481531023453,0.22171435333026868,0.3743827142739485,-0.18642417944378992,0.2493327502849042,-0.09896592242077737,-0.21711128717116276,0.18488982405742127,0.28999316802367325,-0.17108062558010353,0.08231559698401143,0,154,5,14,1,16,0,-300,0,-250,0,0,0,636,108,224,-52,200,34,45,43,37,32,45,121,118,120,118,118,119,-999,-999,-4.90
2.9750263690948486,-0.09743156703440872,0.017645086943239376,0.22171435333026868,0.3667109373421053,-0.18642417944378992,0.2493327502849042,-0.09896592242077737,-0.22017999794390003,0.18488982405742127,0.28539010186456726,-0.17108062558010353,0.08231559698401143,0,150,5,13,2,19,0,-250,0,-250,0,0,0,624,108,216,-52,200,34,45,43,37,32,45,120,118,119,119,118,120,-999,-999,-4.90
2.9914605617523193,-0.09743156703440872,0.01150766539776481,0.22171435333026868,0.36210787118299936,-0.18642417944378992,0.2493327502849042,-0.09896592242077737,-0.22478306410300597,0.18488982405742127,0.28232139109183,-0.17108062558010353,0.08231559698401143,0,145,5,17,2,15,0,-250,0,-250,0,0,0,624,108,216,-52,200,35,45,43,37,32,45,121,118,119,118,119,119,-999,-999,-4.90
3.0078914165496826,-0.09743156703440872,0.005370243852290245,0.22171435333026868,0.3575048050238934,-0.18642417944378992,0.2493327502849042,-0.09896592242077737,-0.22938613026211188,0.18488982405742127,0.2792526803190927,-0.17108062558010353,0.08231559698401143,0,137,5,15,1,16,0,-200,0,-250,0,0,0,620,108,212,-52,200,34,45,43,37,32,45,121,119,120,118,119,120,-999,-999,-4.90
3.0240323543548584,-0.09743156703440872,-0.002301533079552962,0.22171435333026868,0.3529017388647875,-0.18642417944378992,0.2493327502849042,-0.09896592242077737,-0.23398919642121782,0.18488982405742127,0.2746496141599868,-0.17261498096647215,0.08231559698401143,0,140,5,18,1,16,0,-250,0,-150,0,0,0,612,108,216,-48,200,35,45,43,37,32,45,121,119,120,120,119,119,-999,-999,-4.90
3.040466070175171,-0.09743156703440872,-0.009973310011396168,0.22171435333026868,0.34983302809205025,-0.18642417944378992,0.2493327502849042,-0.09896592242077737,-0.23859226258032373,0.18488982405742127,0.2700465480008809,-0.17261498096647215,0.08231559698401143,0,122,4,18,1,16,0,-250,0,-200,0,0,0,600,108,212,-44,200,35,45,43,37,32,45,121,119,120,118,118,120,-999,-999,-4.90
3.056039571762085,-0.09743156703440872,-0.017645086943239376,0.22171435333026868,0.3452299619329443,-0.18642417944378992,0.2493327502849042,-0.09896592242077737,-0.24166097335306103,0.18488982405742127,0.2639091264554063,-0.1741493363528408,0.08231559698401143,0,129,4,17,1,17,0,-350,0,-150,0,0,0,588,108,220,-40,200,35,45,43,37,32,45,121,119,120,119,119,120,-999,-999,-4.90
3.0729002952575684,-0.09743156703440872,-0.02378250848871394,0.22171435333026868,0.3406268957738384,-0.18642417944378992,0.2493327502849042,-0.09896592242077737,-0.24626403951216694,0.18488982405742127,0.2562373495235631,-0.1741493363528408,0.08231559698401143,0,123,5,20,1,14,0,-300,0,-150,0,0,0,580,108,232,-40,200,35,45,43,37,32,45,121,119,120,119,119,119,-999,-999,-4.90
3.088045835494995,-0.09743156703440872,-0.026851219261451224,0.22171435333026868,0.3360238296147324,-0.18642417944378992,0.2493327502849042,-0.09896592242077737,-0.24933275028490423,0.18488982405742127,0.2516342833644572,-0.1741493363528408,0.08231559698401143,0,137,5,21,1,14,0,-250,0,-150,0,0,0,580,108,240,-44,200,35,45,43,37,32,45,121,119,119,119,119,119,-999,-999,-4.90
3.1049070358276367,-0.09743156703440872,-0.03298864080692579,0.22171435333026868,0.3298864080692579,-0.18642417944378992,0.2493327502849042,-0.100500277807146,-0.2524014610576415,0.18488982405742127,0.24703121720535126,-0.17568369173920942,0.08231559698401143,0,120,4,17,1,16,0,-150,0,-250,0,0,20,588,108,232,-40,200,35,45,43,37,32,45,121,119,119,119,119,119,-999,-999,-4.90
3.120023488998413,-0.09743156703440872,-0.03759170696603171,0.22171435333026868,0.32374898652378337,-0.18642417944378992,0.2493327502849042,-0.1035689885798833,-0.25700452721674744,0.18488982405742127,0.24242815104624535,-0.17568369173920942,0.08231559698401143,0,116,5,16,0,16,0,-150,0,-200,0,0,28,580,108,224,-36,200,35,45,43,37,32,45,121,119,120,118,119,120,-999,-999,-4.90
3.136072874069214,-0.09743156703440872,-0.04372912851150628,0.22171435333026868,0.320680275751046,-0.18642417944378992,0.2493327502849042,-0.10817205473898922,-0.26007323798948473,0.18488982405742127,0.2378250848871394,-0.17568369173920942,0.08231559698401143,1,118,4,16,1,14,0,-200,0,-250,0,0,40,572,108,216,-40,200,35,45,43,37,32,45,121,119,120,119,118,119,-999,-999,-4.90
3.151928424835205,-0.09743156703440872,-0.0483321946706122,0.22171435333026868,0.31607720959194013,-0.18642417944378992,0.2493327502849042,-0.10970641012535785,-0.26314194876222197,0.18488982405742127,0.23475637411440214,-0.17568369173920942,0.08231559698401143,2,133,5,22,0,19,0,-250,0,-250,0,0,60,568,108,216,-40,200,35,45,43,37,32,45,122,119,120,118,120,119,-999,-999,-4.90
3.1680660247802734,-0.09743156703440872,-0.052935260829718125,0.22171435333026868,0.3114741434328342,-0.18642417944378992,0.2493327502849042,-0.10970641012535785,-0.2662106595349593,0.18335546867105265,0.23475637411440214,-0.17568369173920942,0.08231559698401143,1,120,6,19,1,14,0,-200,0,-150,0,0,60,564,112,220,-40,200,35,45,43,37,32,45,121,118,119,119,118,118,-999,-999,-4.90
3.1839442253112793,-0.09743156703440872,-0.05600397160245541,0.22171435333026868,0.3068710772737283,-0.18642417944378992,0.2493327502849042,-0.11124076551172649,-0.2708137256940652,0.18335546867105265,0.23475637411440214,-0.17568369173920942,0.08231559698401143,1,115,6,12,1,16,0,-150,0,-200,0,0,48,560,116,196,-40,200,35,45,43,37,32,45,122,119,120,119,120,120,-999,-999,-4.90
3.2000365257263184,-0.09896592242077737,-0.05907268237519269,0.22171435333026868,0.3053367218873596,-0.18642417944378992,0.2493327502849042,-0.11124076551172649,-0.2738824364668025,0.18335546867105265,0.23475637411440214,-0.17568369173920942,0.08231559698401143,1,131,5,11,1,19,0,-150,0,-150,0,0,48,572,112,184,-40,200,35,45,43,37,32,45,121,119,119,119,119,119,-999,-999,-4.90
3.2160634994506836,-0.09896592242077737,-0.06060703776156134,0.22171435333026868,0.30380236650099096,-0.18642417944378992,0.2493327502849042,-0.11277512089809515,-0.2769511472395398,0.18335546867105265,0.23475637411440214,-0.17568369173920942,0.08231559698401143,1,148,5,12,0,18,-50,-150,0,-100,0,0,44,576,112,184,-40,200,35,45,43,37,32,45,122,119,119,119,119,120,-999,-999,-4.90
3.2319273948669434,-0.09896592242077737,-0.06521010392066726,0.22171435333026868,0.30073365572825367,-0.18642417944378992,0.2493327502849042,-0.11430947628446378,-0.28155421339864567,0.18335546867105265,0.2332220187280335,-0.1741493363528408,0.08231559698401143,2,121,5,19,1,16,0,-100,0,-100,0,0,60,572,112,192,-40,200,35,45,43,37,32,45,121,119,120,118,119,119,-999,-999,-4.90
3.248058795928955,-0.100500277807146,-0.06827881469340454,0.22171435333026868,0.30073365572825367,-0.18642417944378992,0.2493327502849042,-0.11430947628446378,-0.2861572795577516,0.18335546867105265,0.2332220187280335,-0.1741493363528408,0.08231559698401143,1,130,5,13,1,19,0,-150,0,-50,0,0,56,576,112,188,-44,200,35,45,43,37,32,45,121,119,120,119,119,120,-999,-999,-4.90
3.2640457153320312,-0.10203463319351465,-0.07288188085251047,0.22171435333026868,0.2991993003418851,-0.18642417944378992,0.2493327502849042,-0.11430947628446378,-0.29076034571685755,0.18335546867105265,0.2301533079552962,-0.1741493363528408,0.08231559698401143,0,124,5,16,1,16,-50,-150,0,-50,0,0,40,580,112,184,-48,200,35,45,43,37,32,45,121,119,120,119,119,120,-999,-999,-4.90
3.279921293258667,-0.10203463319351465,-0.07748494701161639,0.22171435333026868,0.2991993003418851,-0.18642417944378992,0.2493327502849042,-0.11430947628446378,-0.2953634118759635,0.18335546867105265,0.22401588640982165,-0.1741493363528408,0.08231559698401143,1,124,5,21,1,17,-50,-200,0,-50,0,0,40,572,112,200,-44,200,35,45,43,37,32,45,121,118,119,118,119,119,-999,-999,-4.90
3.2969210147857666,-0.1035689885798833,-0.08208801317072231,0.22171435333026868,0.2991993003418851,-0.18642417944378992,0.2493327502849042,-0.11430947628446378,-0.2999664780350694,0.18335546867105265,0.2178784648643471,-0.1741493363528408,0.08231559698401143,1,134,5,21,1,16,0,-200,0,0,0,0,44,588,112,224,-44,200,35,45,43,37,32,45,121,119,120,118,119,119,-999,-999,-4.90
3.313063621520996,-0.1035689885798833,-0.0851567239434596,0.22171435333026868,0.2961305895691478,-0.18642417944378992,0.2493327502849042,-0.11584383167083243,-0.30456954419417526,0.18335546867105265,0.2117410433188725,-0.1741493363528408,0.08231559698401143,1,126,4,21,2,14,-50,-100,0,-50,0,0,40,580,112,244,-44,200,35,45,43,37,32,45,121,119,119,119,112,119,-999,-999,-4.90
3.3289432525634766,-0.10510334396625193,-0.08669107932982824,0.22324870871663732,0.2915275234100419,-0.18642417944378992,0.2493327502849042,-0.11584383167083243,-0.3107069657396499,0.18335546867105265,0.20560362177339794,-0.1741493363528408,0.08231559698401143,1,140,6,22,1,20,0,-200,0,-50,0,0,40,588,120,252,-44,200,35,45,43,37,32,45,121,118,119,118,119,119,-999,-999,-4.90
3.345064401626587,-0.10510334396625193,-0.08822543471619687,0.22324870871663732,0.2884588126373046,-0.18642417944378992,0.2493327502849042,-0.1189125424435697,-0.3153100318987558,0.18335546867105265,0.19946620022792338,-0.1741493363528408,0.08231559698401143,1,151,6,18,0,16,0,-50,50,-150,0,0,44,604,120,244,-44,200,35,45,43,37,32,45,121,118,120,118,119,119,-999,-999,-4.90
3.3610799312591553,-0.10663769935262057,-0.09129414548893416,0.22324870871663732,0.2838557464781986,-0.18642417944378992,0.2493327502849042,-0.12198125321630698,-0.3183787426714931,0.18335546867105265,0.1933287786824488,-0.1741493363528408,0.08231559698401143,1,151,5,23,1,16,-50,-100,50,-150,0,0,52,620,116,244,-44,200,34,45,43,37,32,45,120,118,119,118,118,119,-999,-999,-4.90
3.377115249633789,-0.10663769935262057,-0.0928285008753028,0.22324870871663732,0.2777183249327241,-0.18642417944378992,0.2493327502849042,-0.12198125321630698,-0.322981808830599,0.18335546867105265,0.19026006790971153,-0.1741493363528408,0.08231559698401143,1,147,5,20,0,17,-50,-100,0,-200,0,0,60,608,116,252,-44,200,35,45,43,37,32,45,121,118,119,118,118,118,-999,-999,-4.90
3.392967939376831,-0.10817205473898922,-0.09436285626167144,0.22324870871663732,0.27311525877361814,-0.18642417944378992,0.2493327502849042,-0.12351560860267563,-0.32758487498970495,0.18335546867105265,0.1856570017506056,-0.1741493363528408,0.08231559698401143,1,153,6,20,1,14,0,-100,0,-200,0,0,52,624,116,232,-44,200,35,45,43,37,32,45,121,118,119,119,118,118,-999,-999,-4.90
3.408971071243286,-0.10970641012535785,-0.09743156703440872,0.22324870871663732,0.2669778372281436,-0.18642417944378992,0.2493327502849042,-0.12351560860267563,-0.3306535857624422,0.18335546867105265,0.18258829097786833,-0.1741493363528408,0.08231559698401143,0,150,5,16,1,14,-50,-50,0,-200,0,0,52,628,116,228,-44,200,35,45,43,37,32,45,121,118,119,118,118,119,-999,-999,-4.90
3.4250905513763428,-0.10970641012535785,-0.100500277807146,0.22324870871663732,0.26237477106903767,-0.18642417944378992,0.2493327502849042,-0.12504996398904428,-0.33525665192154813,0.18335546867105265,0.17951958020513106,-0.1741493363528408,0.08231559698401143,1,145,5,20,1,19,-50,-100,0,-250,0,0,52,628,116,220,-44,200,35,45,43,37,32,45,121,118,119,119,119,119,-999,-999,-4.90
3.441122055053711,-0.11124076551172649,-0.10510334396625193,0.22324870871663732,0.2577717049099318,-0.18642417944378992,0.2493327502849042,-0.12504996398904428,-0.33832536269428537,0.18335546867105265,0.17645086943239374,-0.1741493363528408,0.08231559698401143,0,143,5,17,1,14,-50,-150,0,-200,0,0,48,620,116,220,-44,200,35,45,43,37,32,45,120,118,119,119,118,119,-999,-999,-4.90
3.45796537399292,-0.11124076551172649,-0.10970641012535785,0.22324870871663732,0.25470299413719444,-0.18642417944378992,0.2493327502849042,-0.12504996398904428,-0.3413940734670227,0.18335546867105265,0.17184780327328783,-0.1741493363528408,0.08231559698401143,1,134,5,20,1,16,-50,-150,0,-200,0,0,44,620,116,216,-44,200,35,45,43,37,32,45,121,118,119,118,119,119,-999,-999,-4.90
3.4729573726654053,-0.11124076551172649,-0.11277512089809515,0.22324870871663732,0.2516342833644572,-0.18642417944378992,0.2493327502849042,-0.12504996398904428,-0.34446278423976,0.18335546867105265,0.1672447371141819,-0.1741493363528408,0.08231559698401143,1,140,5,23,1,19,0,-150,0,-100,0,0,48,604,116,232,-44,200,35,45,43,37,32,45,121,118,119,118,118,118,-999,-999,-4.90
3.489076852798462,-0.11277512089809515,-0.11737818705720107,0.22324870871663732,0.24856557259171988,-0.18642417944378992,0.2493327502849042,-0.12504996398904428,-0.34599713962612866,0.18335546867105265,0.162641670955076,-0.1741493363528408,0.08231559698401143,1,144,5,27,1,17,0,-200,0,-100,0,0,48,608,116,236,-44,200,35,45,43,37,32,45,120,118,119,118,118,119,-999,-999,-4.90
3.505967617034912,-0.11277512089809515,-0.12044689782993835,0.22324870871663732,0.24549686181898261,-0.18642417944378992,0.2493327502849042,-0.12504996398904428,-0.34753149501249725,0.18335546867105265,0.15650424940960142,-0.1741493363528408,0.08231559698401143,0,161,5,20,1,16,0,-150,0,-100,0,0,44,604,116,244,-44,200,35,45,43,37,32,45,121,118,119,118,118,119,-999,-999,-4.90
3.5211331844329834,-0.11277512089809515,-0.12198125321630698,0.22324870871663732,0.2408937956598767,-0.18642417944378992,0.2493327502849042,-0.12504996398904428,-0.35060020578523454,0.18335546867105265,0.14883247247775822,-0.1741493363528408,0.08231559698401143,0,145,6,20,1,19,-50,-100,0,-150,0,0,40,604,116,244,-44,200,35,45,43,37,32,45,121,118,119,119,118,119,-999,-999,-4.90
3.5370872020721436,-0.11277512089809515,-0.12504996398904428,0.22324870871663732,0.23475637411440214,-0.18642417944378992,0.2493327502849042,-0.12504996398904428,-0.3521345611716032,0.18335546867105265,0.14269505093228363,-0.1741493363528408,0.08231559698401143,2,145,5,21,1,14,0,-100,0,-200,0,0,44,608,116,256,-44,200,35,45,43,37,32,45,120,117,118,117,117,118,-999,-999,-4.90
3.553518295288086,-0.11277512089809515,-0.12811867476178154,0.22324870871663732,0.22861895256892756,-0.18642417944378992,0.2493327502849042,-0.12504996398904428,-0.35366891655797184,0.18335546867105265,0.13502327400044045,-0.1741493363528408,0.08231559698401143,1,134,5,19,1,18,0,-100,0,-200,0,0,44,600,116,252,-44,200,35,45,43,37,32,45,121,119,120,118,119,120,-999,-999,-4.90
3.569953680038452,-0.11430947628446378,-0.13118738553451884,0.22324870871663732,0.22248153102345297,-0.18642417944378992,0.2493327502849042,-0.12504996398904428,-0.35366891655797184,0.18335546867105265,0.1258171416822286,-0.1741493363528408,0.08231559698401143,0,135,5,20,1,17,-50,-150,0,-200,0,0,36,580,116,252,-44,200,35,45,43,37,32,45,121,119,119,119,119,119,-999,-999,-4.90
3.585089921951294,-0.11430947628446378,-0.13272174092088748,0.22324870871663732,0.21634410947797844,-0.18642417944378992,0.2493327502849042,-0.12504996398904428,-0.35366891655797184,0.18335546867105265,0.1150766539776481,-0.1741493363528408,0.08231559698401143,1,135,5,23,1,16,0,-100,0,-250,0,0,40,576,116,264,-44,200,34,45,43,37,32,45,121,118,120,118,119,120,-999,-999,-4.90
3.6019954681396484,-0.11584383167083243,-0.13579045169362475,0.22324870871663732,0.20867233254613524,-0.18642417944378992,0.2493327502849042,-0.12504996398904428,-0.35366891655797184,0.18335546867105265,0.10433616627306762,-0.1741493363528408,0.08231559698401143,0,128,6,23,2,15,0,-100,0,-250,0,0,40,580,116,276,-44,200,35,44,43,37,32,45,121,119,119,119,118,119,-999,-999,-4.90
3.6181161403656006,-0.11584383167083243,-0.13885916246636204,0.22324870871663732,0.201000555614292,-0.18642417944378992,0.2493327502849042,-0.12504996398904428,-0.35366891655797184,0.18335546867105265,0.09513003395485577,-0.1741493363528408,0.08231559698401143,0,122,5,22,1,15,0,-100,0,-300,0,0,36,568,116,280,-44,200,35,45,43,37,32,45,121,119,120,119,118,119,-999,-999,-4.90
3.6339874267578125,-0.11584383167083243,-0.1403935178527307,0.22324870871663732,0.19179442329608018,-0.18642417944378992,0.2493327502849042,-0.12504996398904428,-0.3521345611716032,0.18335546867105265,0.08592390163664392,-0.1741493363528408,0.08231559698401143,0,122,6,23,1,19,-50,-100,0,-300,0,0,32,560,116,284,-44,200,35,45,43,37,32,45,121,118,119,119,118,118,-999,-999,-4.90
3.6499907970428467,-0.11584383167083243,-0.1419278732390993,0.22324870871663732,0.18412264636423695,-0.18642417944378992,0.2493327502849042,-0.12504996398904428,-0.3521345611716032,0.181821113284684,0.07825212470480071,-0.1741493363528408,0.08231559698401143,1,113,6,24,1,16,0,-100,0,-300,0,0,36,548,120,272,-44,200,35,45,43,37,32,45,121,119,120,118,118,120,-999,-999,-4.90
3.665132761001587,-0.11584383167083243,-0.14499658401183663,0.22324870871663732,0.17645086943239374,-0.18642417944378992,0.2493327502849042,-0.12504996398904428,-0.35060020578523454,0.17721804712557807,0.07364905854569478,-0.1741493363528408,0.08231559698401143,1,119,7,30,1,14,0,-50,0,-400,0,0,36,552,132,276,-44,200,35,45,43,37,32,45,122,119,120,119,119,119,-999,-999,-4.90
3.6821329593658447,-0.11584383167083243,-0.14653093939820525,0.22324870871663732,0.16877909250055054,-0.18642417944378992,0.2493327502849042,-0.12504996398904428,-0.35060020578523454,0.17261498096647215,0.06904599238658886,-0.1741493363528408,0.08231559698401143,0,116,9,23,2,14,0,-100,0,-300,0,0,36,544,144,276,-44,200,35,45,43,37,32,45,122,119,120,119,119,119,-999,-999,-4.90
3.6980724334716797,-0.11584383167083243,-0.14653093939820525,0.22324870871663732,0.15957296018233869,-0.18642417944378992,0.2493327502849042,-0.12351560860267563,-0.3490658503988659,0.16494320403462895,0.06904599238658886,-0.1741493363528408,0.08231559698401143,1,116,14,18,1,18,0,-50,0,-300,0,0,36,532,164,248,-44,200,35,45,43,37,32,45,121,119,120,119,119,119,-999,-999,-4.90
3.714160680770874,-0.11584383167083243,-0.1480652947845739,0.22324870871663732,0.15343553863686415,-0.18642417944378992,0.2493327502849042,-0.12351560860267563,-0.3490658503988659,0.15727142710278574,0.06904599238658886,-0.1741493363528408,0.08231559698401143,1,109,14,13,1,14,0,-50,0,-350,0,0,32,536,184,216,-44,200,35,45,43,37,32,45,122,119,120,119,119,119,-999,-999,-4.90
3.729987621307373,-0.11584383167083243,-0.1480652947845739,0.22324870871663732,0.14883247247775822,-0.18642417944378992,0.2493327502849042,-0.12351560860267563,-0.3490658503988659,0.14653093939820525,0.06904599238658886,-0.1741493363528408,0.08231559698401143,0,118,23,13,1,18,0,0,0,-350,0,0,28,532,216,204,-44,200,35,45,43,37,32,45,121,118,119,119,119,119,-999,-999,-4.90
3.7461373805999756,-0.11584383167083243,-0.1480652947845739,0.22324870871663732,0.14576376170502095,-0.18642417944378992,0.2493327502849042,-0.12198125321630698,-0.34753149501249725,0.13579045169362475,0.06904599238658886,-0.1741493363528408,0.08231559698401143,1,114,26,15,1,16,0,-50,0,-250,0,0,32,536,240,196,-44,200,35,45,43,37,32,45,121,119,119,118,118,119,-999,-999,-4.90
3.7619752883911133,-0.11584383167083243,-0.1480652947845739,0.22324870871663732,0.14269505093228363,-0.18642417944378992,0.2493327502849042,-0.12198125321630698,-0.34753149501249725,0.12658431937541292,0.06904599238658886,-0.1741493363528408,0.08231559698401143,1,110,29,18,1,14,0,0,0,-150,0,0,28,532,268,196,-44,200,35,45,43,37,32,45,120,119,119,119,118,119,-999,-999,-4.90
3.7781665325164795,-0.11584383167083243,-0.1480652947845739,0.22324870871663732,0.14269505093228363,-0.18642417944378992,0.2493327502849042,-0.12198125321630698,-0.34753149501249725,0.11737818705720107,0.06904599238658886,-0.1741493363528408,0.08231559698401143,1,112,36,14,1,16,0,0,0,-100,0,0,24,528,304,196,-44,200,35,45,43,37,32,45,121,118,119,118,118,118,-999,-999,-4.90
3.7950055599212646,-0.11584383167083243,-0.1480652947845739,0.22324870871663732,0.141160695545915,-0.18642417944378992,0.2493327502849042,-0.12198125321630698,-0.34599713962612866,0.10970641012535785,0.06904599238658886,-0.1741493363528408,0.08231559698401143,0,113,44,16,1,16,0,0,0,0,0,0,28,532,324,204,-44,200,35,45,43,37,32,45,121,118,119,118,119,118,-999,-999,-4.90
3.810033082962036,-0.11584383167083243,-0.1480652947845739,0.22324870871663732,0.13962634015954636,-0.18642417944378992,0.2493327502849042,-0.12198125321630698,-0.34599713962612866,0.10203463319351465,0.06904599238658886,-0.1741493363528408,0.08231559698401143,1,107,59,17,1,18,0,0,0,0,0,0,28,524,340,196,-44,200,35,45,43,37,32,45,121,118,119,118,118,119,-999,-999,-4.90
3.826176166534424,-0.11584383167083243,-0.1480652947845739,0.22324870871663732,0.13962634015954636,-0.18642417944378992,0.2493327502849042,-0.12044689782993835,-0.34599713962612866,0.09589721164804009,0.06904599238658886,-0.17568369173920942,0.08231559698401143,0,115,51,16,1,14,0,0,0,-50,0,0,28,528,352,192,-40,200,35,45,43,37,32,45,121,118,118,117,119,118,-999,-999,-4.90
3.8430557250976562,-0.11584383167083243,-0.1480652947845739,0.22324870871663732,0.13962634015954636,-0.18642417944378992,0.2493327502849042,-0.12044689782993835,-0.34599713962612866,0.09129414548893416,0.06904599238658886,-0.17568369173920942,0.08231559698401143,0,114,55,19,1,17,0,0,0,-50,0,0,20,528,368,192,-36,200,35,45,43,37,32,45,120,118,119,118,118,118,-999,-999,-4.90
3.8590190410614014,-0.11584383167083243,-0.1480652947845739,0.22324870871663732,0.13962634015954636,-0.18642417944378992,0.2493327502849042,-0.12044689782993835,-0.34599713962612866,0.0851567239434596,0.06904599238658886,-0.17568369173920942,0.08231559698401143,0,108,56,17,0,16,0,0,0,0,0,0,20,528,380,196,-40,200,35,45,43,37,32,45,120,118,118,118,118,119,-999,-999,-4.90
3.8750596046447754,-0.11584383167083243,-0.1480652947845739,0.22324870871663732,0.13962634015954636,-0.18642417944378992,0.2493327502849042,-0.12044689782993835,-0.34599713962612866,0.08208801317072231,0.06904599238658886,-0.17568369173920942,0.08231559698401143,0,115,58,20,1,14,0,0,0,0,0,0,24,528,392,196,-40,200,35,45,43,37,32,45,120,118,119,118,118,118,-999,-999,-4.90
3.8910443782806396,-0.11584383167083243,-0.1480652947845739,0.22324870871663732,0.13962634015954636,-0.18642417944378992,0.2493327502849042,-0.12044689782993835,-0.34599713962612866,0.07748494701161639,0.06904599238658886,-0.17568369173920942,0.08231559698401143,0,106,67,22,1,14,0,0,0,0,0,0,24,528,400,196,-40,200,35,45,43,37,32,45,121,118,118,118,118,118,-999,-999,-4.90
3.9071853160858154,-0.11584383167083243,-0.1480652947845739,0.22324870871663732,0.13962634015954636,-0.18642417944378992,0.2493327502849042,-0.12044689782993835,-0.34599713962612866,0.07441623623887911,0.06904599238658886,-0.17568369173920942,0.08231559698401143,0,112,69,18,1,18,0,0,0,0,0,0,24,528,408,196,-40,200,35,45,43,37,32,45,120,118,119,118,117,118,-999,-999,-4.90
3.9231913089752197,-0.11584383167083243,-0.1480652947845739,0.22324870871663732,0.13962634015954636,-0.18642417944378992,0.2493327502849042,-0.12044689782993835,-0.34599713962612866,0.06981317007977318,0.06904599238658886,-0.17568369173920942,0.08231559698401143,1,112,67,17,0,16,0,0,0,0,0,0,24,528,416,196,-40,200,35,45,43,37,32,47,121,118,118,117,118,119,-999,-999,-4.90
3.939039945602417,-0.11584383167083243,-0.1480652947845739,0.22324870871663732,0.13962634015954636,-0.18642417944378992,0.2493327502849042,-0.12044689782993835,-0.34599713962612866,0.06367574853429861,0.06904599238658886,-0.17568369173920942,0.08231559698401143,0,109,71,22,1,14,0,0,0,0,0,0,24,528,428,196,-40,200,35,44,43,37,32,45,120,118,119,118,118,118,-999,-999,-4.90
3.955179214477539,-0.11584383167083243,-0.1480652947845739,0.22324870871663732,0.13962634015954636,-0.18642417944378992,0.2493327502849042,-0.12044689782993835,-0.34599713962612866,0.05907268237519269,0.06904599238658886,-0.17568369173920942,0.08231559698401143,0,117,80,17,1,14,0,0,0,0,0,0,24,528,448,196,-40,200,35,45,43,37,32,45,121,118,118,118,117,118,-999,-999,-4.90
3.97202730178833,-0.11584383167083243,-0.1480652947845739,0.22324870871663732,0.13962634015954636,-0.18642417944378992,0.2493327502849042,-0.12044689782993835,-0.34599713962612866,0.05446961621608677,0.06904599238658886,-0.17568369173920942,0.08231559698401143,0,115,87,17,1,16,0,0,0,0,0,0,24,528,464,196,-40,200,35,45,43,37,32,45,120,117,118,117,117,117,-999,-999,-4.90
3.987169027328491,-0.11584383167083243,-0.1480652947845739,0.22171435333026868,0.13962634015954636,-0.18642417944378992,0.2493327502849042,-0.12044689782993835,-0.34599713962612866,0.0483321946706122,0.06904599238658886,-0.17568369173920942,0.08231559698401143,0,115,96,20,1,15,0,0,0,0,0,0,24,528,460,196,-40,200,35,45,43,37,32,45,120,118,118,119,118,117,-999,-999,-4.90
4.0031774044036865,-0.11584383167083243,-0.1480652947845739,0.22171435333026868,0.13962634015954636,-0.18642417944378992,0.2493327502849042,-0.12044689782993835,-0.34599713962612866,0.04372912851150628,0.06904599238658886,-0.17568369173920942,0.08231559698401143,0,106,99,19,1,15,0,0,-50,0,0,0,24,528,476,196,-40,200,35,45,43,37,32,45,119,117,117,117,117,118,-999,-999,-4.90
4.019051790237427,-0.11584383167083243,-0.1480652947845739,0.22171435333026868,0.13962634015954636,-0.18642417944378992,0.2493327502849042,-0.12044689782993835,-0.34599713962612866,0.039126062352400355,0.06904599238658886,-0.17568369173920942,0.08231559698401143,0,106,105,17,1,16,0,0,0,0,0,0,24,528,500,196,-40,200,35,45,43,37,32,45,120,118,118,116,117,117,-999,-999,-4.90
4.035202980041504,-0.11584383167083243,-0.1480652947845739,0.22171435333026868,0.13962634015954636,-0.18642417944378992,0.2493327502849042,-0.12044689782993835,-0.34599713962612866,0.03759170696603171,0.06904599238658886,-0.17568369173920942,0.08231559698401143,0,112,108,16,1,16,0,0,0,0,0,0,24,528,504,196,-40,200,35,45,43,37,32,45,120,117,118,118,117,117,-999,-999,-4.90
4.0510571002960205,-0.11584383167083243,-0.1480652947845739,0.22171435333026868,0.13962634015954636,-0.18642417944378992,0.2493327502849042,-0.12044689782993835,-0.34599713962612866,0.03452299619329443,0.06904599238658886,-0.17568369173920942,0.08231559698401143,0,105,109,21,1,15,0,0,0,0,0,0,24,528,508,196,-40,200,35,45,43,37,32,45,119,117,117,117,117,117,-999,-999,-4.90
4.067183017730713,-0.11584383167083243,-0.1480652947845739,0.22171435333026868,0.13962634015954636,-0.18642417944378992,0.2493327502849042,-0.12044689782993835,-0.34599713962612866,0.03145428542055715,0.06904599238658886,-0.17568369173920942,0.08231559698401143,0,114,99,21,1,14,0,0,0,0,0,0,24,528,512,196,-40,200,35,45,43,37,32,45,120,116,117,117,116,118,-999,-999,-4.90
4.083588600158691,-0.11584383167083243,-0.1480652947845739,0.22017999794390003,0.13962634015954636,-0.18642417944378992,0.2493327502849042,-0.12044689782993835,-0.34599713962612866,0.03145428542055715,0.06904599238658886,-0.17568369173920942,0.08231559698401143,0,114,99,19,0,15,0,0,0,0,0,0,24,528,508,196,-40,200,35,45,43,37,32,45,120,118,118,117,118,118,-999,-999,-4.90
4.099031448364258,-0.11584383167083243,-0.1480652947845739,0.21864564255753138,0.13962634015954636,-0.18642417944378992,0.2493327502849042,-0.12044689782993835,-0.34599713962612866,0.03145428542055715,0.06904599238658886,-0.17568369173920942,0.08231559698401143,0,108,108,18,1,16,0,0,-50,0,0,0,24,528,508,196,-40,200,35,45,43,37,32,45,121,117,117,117,117,117,-999,-999,-4.90
4.115197420120239,-0.11584383167083243,-0.1480652947845739,0.21864564255753138,0.13962634015954636,-0.18642417944378992,0.2493327502849042,-0.12044689782993835,-0.34599713962612866,0.03145428542055715,0.06904599238658886,-0.17568369173920942,0.08231559698401143,0,114,101,16,1,19,0,0,-50,0,0,0,24,528,496,196,-40,200,35,45,43,37,32,45,120,118,118,118,117,117,-999,-999,-4.90
4.131630182266235,-0.11584383167083243,-0.1480652947845739,0.21864564255753138,0.13962634015954636,-0.18642417944378992,0.2493327502849042,-0.1189125424435697,-0.34599713962612866,0.03145428542055715,0.06904599238658886,-0.17568369173920942,0.08231559698401143,0,110,102,16,1,17,0,0,-50,0,0,0,24,528,500,196,-40,200,35,45,43,37,32,45,121,117,117,118,118,118,-999,-999,-4.90
4.14807915687561,-0.11584383167083243,-0.1480652947845739,0.21864564255753138,0.13962634015954636,-0.18642417944378992,0.2493327502849042,-0.1189125424435697,-0.34599713962612866,0.03145428542055715,0.06904599238658886,-0.17568369173920942,0.08231559698401143,0,105,104,20,1,18,0,0,0,0,0,0,20,528,500,196,-40,200,35,45,43,37,32,45,120,118,118,118,117,117,-999,-999,-4.90
4.164223670959473,-0.11584383167083243,-0.1480652947845739,0.21864564255753138,0.13962634015954636,-0.18642417944378992,0.2493327502849042,-0.1189125424435697,-0.34599713962612866,0.03145428542055715,0.06751163700022023,-0.17568369173920942,0.08231559698401143,0,105,103,18,1,14,0,0,0,0,0,0,0,528,500,200,-40,200,35,45,43,37,32,45,121,117,117,117,117,118,-999,-999,-4.90
4.180232048034668,-0.11584383167083243,-0.1480652947845739,0.21864564255753138,0.13962634015954636,-0.18642417944378992,0.2493327502849042,-0.1189125424435697,-0.34599713962612866,0.03145428542055715,0.06751163700022023,-0.17568369173920942,0.08231559698401143,0,108,103,18,2,0,0,0,0,0,0,0,20,528,500,204,-40,200,35,45,43,37,32,45,120,117,118,118,118,117,-999,-999,-4.90
4.196664810180664,-0.11584383167083243,-0.1480652947845739,0.21864564255753138,0.13962634015954636,-0.18642417944378992,0.2493327502849042,-0.1189125424435697,-0.34599713962612866,0.03145428542055715,0.06751163700022023,-0.17568369173920942,0.08231559698401143,0,114,98,17,1,18,0,0,0,0,0,0,20,528,500,200,-40,200,34,45,43,37,32,45,120,118,118,117,117,117,-999,-999,-4.90
4.2122228145599365,-0.11584383167083243,-0.1480652947845739,0.21864564255753138,0.13962634015954636,-0.18642417944378992,0.2493327502849042,-0.1189125424435697,-0.34599713962612866,0.03298864080692579,0.06751163700022023,-0.1741493363528408,0.08231559698401143,0,110,105,20,1,20,0,0,0,0,0,0,20,528,500,200,-40,200,35,45,43,37,32,45,120,117,118,118,117,118,-999,-999,-4.90
4.228216886520386,-0.11584383167083243,-0.1480652947845739,0.21864564255753138,0.13962634015954636,-0.18642417944378992,0.2493327502849042,-0.11737818705720107,-0.34599713962612866,0.03298864080692579,0.06751163700022023,-0.1741493363528408,0.08231559698401143,0,111,94,18,1,14,0,0,0,0,0,0,20,528,492,200,-48,200,35,45,45,37,32,45,120,118,118,117,117,117,-999,-999,-4.90
4.244237661361694,-0.11584383167083243,-0.1480652947845739,0.21864564255753138,0.13962634015954636,-0.18642417944378992,0.2493327502849042,-0.11737818705720107,-0.34599713962612866,0.03298864080692579,0.06751163700022023,-0.17261498096647215,0.08231559698401143,0,105,99,20,1,15,0,0,0,0,0,0,-20,528,496,200,-48,200,34,45,43,37,32,45,120,117,117,117,117,118,-999,-999,-4.90
4.261039972305298,-0.11584383167083243,-0.1480652947845739,0.21864564255753138,0.13962634015954636,-0.18642417944378992,0.2493327502849042,-0.11737818705720107,-0.34599713962612866,0.03298864080692579,0.06751163700022023,-0.17261498096647215,0.08231559698401143,0,108,104,20,1,14,0,0,0,0,0,0,0,528,496,200,-48,200,35,45,43,38,32,45,121,118,118,117,118,117,-999,-999,-4.90
4.275070428848267,-0.11584383167083243,-0.1480652947845739,0.21864564255753138,0.13962634015954636,-0.18642417944378992,0.2493327502849042,-0.11584383167083243,-0.34599713962612866,0.03298864080692579,0.06597728161385158,-0.17261498096647215,0.08231559698401143,0,105,106,19,1,17,0,0,0,0,0,0,0,528,496,204,-52,200,35,45,43,37,32,45,120,117,118,117,117,118,-999,-999,-4.90
4.292104721069336,-0.11584383167083243,-0.1480652947845739,0.21864564255753138,0.13962634015954636,-0.18642417944378992,0.2493327502849042,-0.11277512089809515,-0.34599713962612866,0.03452299619329443,0.06597728161385158,-0.17261498096647215,0.08231559698401143,0,113,103,26,1,16,0,0,0,0,0,0,0,528,496,208,-48,200,35,45,43,37,32,45,120,118,118,117,117,117,-999,-999,-4.90
4.308099985122681,-0.11584383167083243,-0.1480652947845739,0.21864564255753138,0.13962634015954636,-0.18642417944378992,0.2493327502849042,-0.10970641012535785,-0.34599713962612866,0.03452299619329443,0.06597728161385158,-0.17261498096647215,0.08231559698401143,0,113,98,23,2,16,0,0,0,0,0,0,-20,528,488,204,-48,200,35,45,43,37,32,45,120,117,118,118,117,118,-999,-999,-4.90
4.324662446975708,-0.11584383167083243,-0.1480652947845739,0.21864564255753138,0.13962634015954636,-0.18642417944378992,0.2493327502849042,-0.10817205473898922,-0.34599713962612866,0.03452299619329443,0.06597728161385158,-0.17261498096647215,0.08231559698401143,0,112,97,24,1,19,0,0,0,0,0,0,-36,528,492,204,-48,200,35,45,43,37,32,45,120,118,118,118,117,118,-999,-999,-4.90
4.340234041213989,-0.11584383167083243,-0.1480652947845739,0.21864564255753138,0.13962634015954636,-0.18642417944378992,0.2493327502849042,-0.10510334396625193,-0.34599713962612866,0.03452299619329443,0.06597728161385158,-0.17261498096647215,0.08231559698401143,1,105,101,18,1,16,0,0,0,0,0,0,-40,528,492,204,-48,200,35,45,43,37,32,45,119,117,118,118,117,117,-999,-999,-4.90
4.35614538192749,-0.11584383167083243,-0.1480652947845739,0.21864564255753138,0.13962634015954636,-0.18642417944378992,0.2493327502849042,-0.1035689885798833,-0.34599713962612866,0.03452299619329443,0.06597728161385158,-0.17261498096647215,0.08231559698401143,1,105,100,23,1,15,0,0,0,0,0,0,-48,528,492,204,-48,200,35,45,43,37,32,45,120,118,118,117,117,117,-999,-999,-4.90
4.3722333908081055,-0.11430947628446378,-0.1480652947845739,0.21864564255753138,0.13962634015954636,-0.18642417944378992,0.2493327502849042,-0.1035689885798833,-0.34599713962612866,0.03298864080692579,0.06597728161385158,-0.17261498096647215,0.08231559698401143,1,114,102,18,1,14,0,0,0,0,0,0,-52,528,496,204,-48,200,35,45,43,37,32,45,120,117,117,117,117,117,-999,-999,-4.90
4.388215065002441,-0.11430947628446378,-0.1480652947845739,0.21864564255753138,0.13962634015954636,-0.18642417944378992,0.2493327502849042,-0.1035689885798833,-0.34599713962612866,0.03298864080692579,0.06444292622748295,-0.17261498096647215,0.08231559698401143,1,105,109,19,1,16,0,0,0,0,0,0,-44,528,500,212,-48,200,35,45,43,37,32,45,121,118,118,118,117,118,-999,-999,-4.90
4.404098272323608,-0.11430947628446378,-0.1480652947845739,0.21864564255753138,0.13962634015954636,-0.18642417944378992,0.2493327502849042,-0.1035689885798833,-0.34599713962612866,0.03298864080692579,0.061374215454745654,-0.17261498096647215,0.08231559698401143,1,113,105,25,1,17,50,0,0,0,0,0,-36,528,496,216,-48,200,35,45,43,37,32,45,120,118,117,117,117,117,-999,-999,-4.90
4.42210841178894,-0.11430947628446378,-0.1480652947845739,0.21864564255753138,0.13962634015954636,-0.18642417944378992,0.2493327502849042,-0.1035689885798833,-0.34599713962612866,0.03298864080692579,0.05370243852290245,-0.17261498096647215,0.08231559698401143,1,113,105,21,0,14,0,0,0,0,0,0,-40,528,496,224,-48,200,35,45,43,37,32,45,119,117,117,117,117,117,-999,-999,-4.90
4.438101291656494,-0.11277512089809515,-0.1480652947845739,0.21864564255753138,0.13962634015954636,-0.18642417944378992,0.2493327502849042,-0.1035689885798833,-0.34599713962612866,0.03759170696603171,0.04142759543195332,-0.17261498096647215,0.08231559698401143,0,111,104,27,1,14,50,0,0,0,0,0,-32,528,496,252,-48,200,35,45,43,37,32,45,120,118,118,117,118,118,-999,-999,-4.90
4.453124046325684,-0.11277512089809515,-0.1480652947845739,0.21864564255753138,0.13655762938680907,-0.18642417944378992,0.2493327502849042,-0.1035689885798833,-0.34599713962612866,0.040660417738769,0.027618396954635544,-0.17261498096647215,0.08231559698401143,1,104,99,36,1,14,0,0,0,0,0,0,-36,528,484,300,-48,200,35,45,43,37,32,45,119,117,117,116,117,117,-999,-999,-4.90
4.469221830368042,-0.11277512089809515,-0.1480652947845739,0.21864564255753138,0.1304202078413345,-0.18642417944378992,0.2493327502849042,-0.1035689885798833,-0.34599713962612866,0.042194773125137634,0.013809198477317772,-0.17108062558010353,0.08231559698401143,0,107,82,30,1,19,0,0,0,-150,0,0,-36,528,456,308,-48,200,35,45,43,37,32,45,120,118,118,117,118,118,-999,-999,-4.90
4.485131740570068,-0.11124076551172649,-0.1480652947845739,0.21864564255753138,0.12121407552312267,-0.18642417944378992,0.2493327502849042,-0.1035689885798833,-0.34599713962612866,0.04372912851150628,0.003068710772737283,-0.17108062558010353,0.08231559698401143,1,108,93,35,2,19,0,0,0,-150,0,0,-36,528,468,324,-52,200,35,45,43,37,32,45,120,117,117,117,118,118,-999,-999,-4.90
4.501258850097656,-0.11124076551172649,-0.14653093939820525,0.21864564255753138,0.11200794320491082,-0.18642417944378992,0.2493327502849042,-0.1035689885798833,-0.34599713962612866,0.04679783928424356,-0.007671776931843207,-0.17108062558010353,0.08231559698401143,1,110,91,32,1,14,50,0,0,-300,0,0,-28,536,464,328,-56,200,35,45,43,37,32,45,120,118,118,116,117,118,-999,-999,-4.90
4.518113374710083,-0.11124076551172649,-0.14653093939820525,0.21864564255753138,0.10126745550033033,-0.18642417944378992,0.2493327502849042,-0.1035689885798833,-0.34599713962612866,0.049866550056980846,-0.018412264636423696,-0.17108062558010353,0.08231559698401143,1,116,87,29,1,15,0,50,0,-400,0,0,-32,536,456,316,-52,200,35,45,43,37,32,45,120,117,118,118,117,118,-999,-999,-4.90
4.534088850021362,-0.11124076551172649,-0.14653093939820525,0.21864564255753138,0.09052696779574984,-0.18642417944378992,0.2493327502849042,-0.1035689885798833,-0.34599713962612866,0.05446961621608677,-0.026084041568266905,-0.17108062558010353,0.08231559698401143,1,116,77,27,1,16,0,0,0,-400,0,0,-32,532,444,320,-52,200,35,45,43,37,32,45,120,118,118,117,117,118,-999,-999,-4.90
4.549264430999756,-0.10970641012535785,-0.14653093939820525,0.21864564255753138,0.07978648009116934,-0.18642417944378992,0.2493327502849042,-0.10203463319351465,-0.34599713962612866,0.05907268237519269,-0.03375581850011011,-0.17108062558010353,0.08231559698401143,0,110,74,22,1,18,0,0,0,-450,0,0,-32,532,428,304,-52,200,35,45,43,37,32,45,120,117,118,118,118,118,-999,-999,-4.90
4.565269470214844,-0.10970641012535785,-0.14653093939820525,0.21864564255753138,0.0705803477729575,-0.18642417944378992,0.2493327502849042,-0.10203463319351465,-0.34599713962612866,0.06367574853429861,-0.03989324004558467,-0.17108062558010353,0.08231559698401143,1,112,68,22,1,17,0,0,0,-450,0,0,-32,532,412,296,-52,200,34,45,43,37,32,45,120,118,118,118,118,118,-999,-999,-4.90
4.58126425743103,-0.10970641012535785,-0.14653093939820525,0.21864564255753138,0.0629085708411143,-0.18642417944378992,0.2493327502849042,-0.10203463319351465,-0.34599713962612866,0.0667444593070359,-0.04603066159105924,-0.17108062558010353,0.08231559698401143,1,109,68,23,1,16,50,0,0,-400,0,0,-32,532,400,284,-52,200,35,45,43,37,32,45,120,118,118,118,118,119,-999,-999,-4.90
4.598284482955933,-0.10970641012535785,-0.14653093939820525,0.21864564255753138,0.05523679390927109,-0.18642417944378992,0.2493327502849042,-0.10203463319351465,-0.34599713962612866,0.0667444593070359,-0.04909937236379653,-0.17108062558010353,0.08231559698401143,0,114,65,25,1,16,0,0,0,-400,0,0,-32,532,392,276,-52,200,35,45,43,37,32,45,120,118,119,118,118,118,-999,-999,-4.90
4.613132953643799,-0.10970641012535785,-0.14653093939820525,0.21864564255753138,0.04756501697742788,-0.18642417944378992,0.2493327502849042,-0.10203463319351465,-0.34599713962612866,0.0667444593070359,-0.05216808313653381,-0.17108062558010353,0.08231559698401143,1,115,64,22,1,16,0,0,0,-250,0,0,-32,532,400,272,-52,200,35,45,43,37,32,45,121,118,118,117,118,118,-999,-999,-4.90
4.629294395446777,-0.10970641012535785,-0.14653093939820525,0.21864564255753138,0.03989324004558467,-0.18642417944378992,0.2493327502849042,-0.10203463319351465,-0.34599713962612866,0.0667444593070359,-0.05370243852290245,-0.17108062558010353,0.08231559698401143,0,108,68,19,1,14,0,0,0,-350,0,0,-32,532,408,244,-52,200,35,45,43,37,32,45,120,118,119,117,118,118,-999,-999,-4.90
4.645273923873901,-0.10970641012535785,-0.1480652947845739,0.21864564255753138,0.03529017388647875,-0.18642417944378992,0.2493327502849042,-0.10203463319351465,-0.34599713962612866,0.06521010392066726,-0.05370243852290245,-0.17108062558010353,0.08231559698401143,0,114,73,19,1,15,0,0,0,-350,0,0,-32,528,412,232,-52,200,35,45,43,37,32,45,120,118,118,118,118,118,-999,-999,-4.90
4.661729335784912,-0.10970641012535785,-0.1480652947845739,0.21711128717116276,0.030687107727372827,-0.18642417944378992,0.2493327502849042,-0.10203463319351465,-0.34599713962612866,0.06367574853429861,-0.05370243852290245,-0.17108062558010353,0.08231559698401143,0,107,69,17,1,15,0,-50,0,-250,0,0,-32,524,424,220,-52,200,34,45,43,37,35,45,120,118,119,118,118,118,-999,-999,-4.90
4.67911958694458,-0.10970641012535785,-0.1480652947845739,0.21711128717116276,0.027618396954635544,-0.18642417944378992,0.2493327502849042,-0.10203463319351465,-0.34599713962612866,0.06367574853429861,-0.05523679390927109,-0.17108062558010353,0.08231559698401143,1,109,66,17,1,19,0,0,-50,-150,0,0,-32,528,420,220,-52,200,35,45,43,37,32,45,121,118,118,118,118,118,-999,-999,-4.90
4.695157289505005,-0.10970641012535785,-0.1480652947845739,0.21711128717116276,0.024549686181898265,-0.18642417944378992,0.2493327502849042,-0.10203463319351465,-0.34599713962612866,0.06367574853429861,-0.05523679390927109,-0.17108062558010353,0.08231559698401143,1,104,66,16,1,16,0,0,0,-150,0,0,-32,528,408,212,-52,200,35,45,43,37,32,45,120,118,119,118,118,119,-999,-999,-4.90
4.7103071212768555,-0.10970641012535785,-0.1480652947845739,0.21711128717116276,0.02148097540916098,-0.18642417944378992,0.2493327502849042,-0.10203463319351465,-0.34599713962612866,0.06367574853429861,-0.05523679390927109,-0.17108062558010353,0.08231559698401143,0,106,71,16,1,18,0,0,0,-150,0,0,-32,528,412,204,-52,200,35,45,43,37,32,45,121,118,118,117,118,119,-999,-999,-4.90
4.7263023853302,-0.10970641012535785,-0.1480652947845739,0.21711128717116276,0.019946620022792336,-0.18642417944378992,0.2493327502849042,-0.10203463319351465,-0.34599713962612866,0.06060703776156134,-0.05523679390927109,-0.17108062558010353,0.08231559698401143,0,112,75,14,2,15,0,0,0,-150,0,0,-32,528,416,200,-52,200,35,45,43,37,32,46,120,118,119,118,118,119,-999,-999,-4.90
4.742158651351929,-0.10970641012535785,-0.1480652947845739,0.21711128717116276,0.018412264636423696,-0.18642417944378992,0.2493327502849042,-0.10203463319351465,-0.34599713962612866,0.05600397160245541,-0.05523679390927109,-0.17108062558010353,0.08231559698401143,1,113,78,15,1,18,0,0,0,-100,0,0,-32,528,432,196,-52,200,35,45,43,37,32,45,120,118,118,118,118,118,-999,-999,-4.90
4.7591729164123535,-0.10970641012535785,-0.1480652947845739,0.21711128717116276,0.016877909250055056,-0.18642417944378992,0.2493327502849042,-0.10203463319351465,-0.34599713962612866,0.049866550056980846,-0.05523679390927109,-0.17108062558010353,0.08231559698401143,0,112,82,22,1,18,0,0,0,-50,0,0,-32,528,444,196,-52,200,35,45,43,37,32,45,120,117,118,118,118,118,-999,-999,-4.90
4.774168968200684,-0.10970641012535785,-0.1480652947845739,0.21711128717116276,0.016877909250055056,-0.18642417944378992,0.2493327502849042,-0.10203463319351465,-0.34599713962612866,0.04372912851150628,-0.05523679390927109,-0.17261498096647215,0.08231559698401143,0,105,93,17,1,19,0,0,0,-50,0,0,-32,528,468,196,-48,200,35,45,43,37,32,45,120,118,118,118,118,118,-999,-999,-4.90
4.790695905685425,-0.10970641012535785,-0.1480652947845739,0.21711128717116276,0.016877909250055056,-0.18642417944378992,0.2493327502849042,-0.10203463319351465,-0.34599713962612866,0.03759170696603171,-0.05523679390927109,-0.17261498096647215,0.08231559698401143,0,110,101,22,1,18,0,0,0,0,0,0,-32,528,488,200,-44,200,35,45,43,37,32,45,120,117,118,117,118,118,-999,-999,-4.90
4.8067779541015625,-0.10970641012535785,-0.1480652947845739,0.21711128717116276,0.016877909250055056,-0.18642417944378992,0.2493327502849042,-0.10203463319351465,-0.34599713962612866,0.03145428542055715,-0.05523679390927109,-0.17261498096647215,0.08231559698401143,1,105,105,19,1,19,0,0,0,0,0,0,-32,528,500,200,-48,200,35,45,43,37,32,45,120,118,118,117,117,118,-999,-999,-4.90
4.822162389755249,-0.10970641012535785,-0.1480652947845739,0.21711128717116276,0.016877909250055056,-0.18642417944378992,0.2493327502849042,-0.10203463319351465,-0.34599713962612866,0.026851219261451224,-0.05523679390927109,-0.1741493363528408,0.08231559698401143,1,111,116,21,1,19,0,0,0,0,0,0,-32,528,524,200,-44,200,35,45,43,37,32,46,120,117,118,117,117,118,-999,-999,-4.90
4.839165449142456,-0.10970641012535785,-0.1480652947845739,0.21711128717116276,0.016877909250055056,-0.18642417944378992,0.2493327502849042,-0.10203463319351465,-0.34599713962612866,0.0222481531023453,-0.05523679390927109,-0.1741493363528408,0.08231559698401143,0,110,123,17,1,16,0,0,0,0,0,0,-32,528,528,200,-40,200,35,45,43,37,32,45,120,117,118,117,117,118,-999,-999,-4.90
4.85430908203125,-0.10970641012535785,-0.1480652947845739,0.21711128717116276,0.016877909250055056,-0.18642417944378992,0.2493327502849042,-0.10203463319351465,-0.34599713962612866,0.01917944232960802,-0.05523679390927109,-0.1741493363528408,0.08231559698401143,1,103,123,16,1,16,0,0,0,0,0,0,-32,528,540,200,-44,200,35,45,43,37,32,45,119,117,117,117,117,117,-999,-999,-4.90
4.870335102081299,-0.10970641012535785,-0.1480652947845739,0.21711128717116276,0.016877909250055056,-0.18642417944378992,0.2493327502849042,-0.10203463319351465,-0.34599713962612866,0.017645086943239376,-0.05523679390927109,-0.1741493363528408,0.08231559698401143,0,108,121,17,2,17,0,0,0,0,0,0,-32,528,544,200,-44,200,35,45,43,37,32,45,120,118,118,117,117,118,-999,-999,-4.90
4.887170791625977,-0.10970641012535785,-0.1480652947845739,0.21711128717116276,0.016877909250055056,-0.18642417944378992,0.2493327502849042,-0.10203463319351465,-0.34599713962612866,0.016110731556870737,-0.05523679390927109,-0.1741493363528408,0.08231559698401143,0,107,118,17,1,18,0,0,0,0,0,0,-32,528,544,200,-44,200,35,45,43,37,32,45,119,117,117,117,117,117,-999,-999,-4.90
4.902233839035034,-0.10970641012535785,-0.14653093939820525,0.21864564255753138,0.016877909250055056,-0.18642417944378992,0.2493327502849042,-0.10203463319351465,-0.34599713962612866,0.014576376170502094,-0.05523679390927109,-0.1741493363528408,0.08231559698401143,0,114,123,22,0,18,0,0,0,0,0,0,-32,528,544,200,-44,200,35,45,43,37,32,45,120,117,118,117,117,118,-999,-999,-4.90
4.919177055358887,-0.10970641012535785,-0.14653093939820525,0.21864564255753138,0.016877909250055056,-0.18642417944378992,0.2493327502849042,-0.10203463319351465,-0.34599713962612866,0.013042020784133452,-0.05523679390927109,-0.1741493363528408,0.08231559698401143,0,108,129,23,1,14,0,50,50,0,0,0,-32,536,560,200,-44,200,35,45,43,37,32,45,119,117,117,117,117,116,-999,-999,-4.90
4.935197114944458,-0.10970641012535785,-0.14653093939820525,0.21864564255753138,0.016877909250055056,-0.18642417944378992,0.2493327502849042,-0.10203463319351465,-0.34599713962612866,0.009973310011396168,-0.05523679390927109,-0.1741493363528408,0.08231559698401143,0,105,128,22,1,14,0,0,0,0,0,0,-32,536,564,200,-44,200,35,45,43,37,32,45,120,117,118,116,117,117,-999,-999,-4.90
4.951188087463379,-0.10970641012535785,-0.14653093939820525,0.21864564255753138,0.016877909250055056,-0.18642417944378992,0.2493327502849042,-0.10203463319351465,-0.34599713962612866,0.009973310011396168,-0.05523679390927109,-0.1741493363528408,0.08231559698401143,1,108,127,22,1,15,0,0,0,0,0,0,-32,532,560,200,-44,200,35,45,43,37,32,45,120,117,117,116,117,117,-999,-999,-4.90
4.968203067779541,-0.10970641012535785,-0.14653093939820525,0.21864564255753138,0.016877909250055056,-0.18642417944378992,0.2493327502849042,-0.10203463319351465,-0.34599713962612866,0.009973310011396168,-0.05523679390927109,-0.1741493363528408,0.08231559698401143,0,105,129,18,1,16,0,0,0,0,0,0,-32,532,560,200,-44,200,35,45,43,36,32,45,120,117,117,117,117,117,-999,-999,-4.90
4.983197927474976,-0.10970641012535785,-0.14653093939820525,0.21864564255753138,0.016877909250055056,-0.18642417944378992,0.2493327502849042,-0.10203463319351465,-0.34599713962612866,0.008438954625027528,-0.05523679390927109,-0.1741493363528408,0.08231559698401143,0,112,132,20,1,14,0,0,0,0,0,0,-32,532,560,200,-44,200,35,45,43,37,32,45,120,117,117,117,117,117,-999,-999,-4.90
5.000208139419556,-0.10970641012535785,-0.14653093939820525,0.21864564255753138,0.016877909250055056,-0.18642417944378992,0.2493327502849042,-0.10203463319351465,-0.34599713962612866,0.008438954625027528,-0.05523679390927109,-0.1741493363528408,0.08231559698401143,1,105,133,22,1,16,0,0,0,0,0,0,-32,532,564,200,-44,200,35,45,43,37,32,45,119,117,117,117,117,117,-999,-999,-4.90
5.0161967277526855,-0.10970641012535785,-0.14653093939820525,0.21864564255753138,0.016877909250055056,-0.18642417944378992,0.2493327502849042,-0.10203463319351465,-0.34599713962612866,0.006904599238658886,-0.05523679390927109,-0.1741493363528408,0.08231559698401143,0,108,132,18,0,14,0,0,0,0,0,0,-32,532,568,200,-44,200,35,45,43,37,32,45,120,117,118,117,117,118,-999,-999,-4.90
5.03123927116394,-0.10970641012535785,-0.14653093939820525,0.21864564255753138,0.016877909250055056,-0.18642417944378992,0.2493327502849042,-0.10203463319351465,-0.34599713962612866,0.006904599238658886,-0.05523679390927109,-0.1741493363528408,0.08231559698401143,0,108,133,23,1,14,0,0,0,0,0,0,-32,532,568,200,-44,200,35,45,43,37,32,45,119,117,117,116,117,118,-999,-999,-4.90
5.047251224517822,-0.10970641012535785,-0.14653093939820525,0.21864564255753138,0.016877909250055056,-0.18642417944378992,0.2493327502849042,-0.10203463319351465,-0.34599713962612866,0.006904599238658886,-0.05523679390927109,-0.1741493363528408,0.08231559698401143,0,107,132,17,0,15,0,0,0,0,0,0,-32,532,564,200,-44,200,35,45,43,37,32,45,120,117,117,117,117,117,-999,-999,-4.90
5.063350677490234,-0.10970641012535785,-0.14653093939820525,0.21864564255753138,0.016877909250055056,-0.18642417944378992,0.2493327502849042,-0.10203463319351465,-0.34599713962612866,0.006904599238658886,-0.05523679390927109,-0.1741493363528408,0.08231559698401143,0,108,126,22,1,14,0,0,0,0,0,0,-32,532,564,200,-44,200,35,45,43,37,32,45,119,117,117,118,117,118,-999,-999,-4.90
5.07921838760376,-0.10970641012535785,-0.1480652947845739,0.21864564255753138,0.016877909250055056,-0.18642417944378992,0.2493327502849042,-0.10203463319351465,-0.34599713962612866,0.006904599238658886,-0.05523679390927109,-0.1741493363528408,0.08231559698401143,0,104,129,17,0,15,0,0,0,0,0,0,-32,532,564,200,-44,200,35,45,43,37,32,45,120,117,118,117,117,117,-999,-999,-4.90
5.095386028289795,-0.10970641012535785,-0.1480652947845739,0.21864564255753138,0.016877909250055056,-0.18642417944378992,0.2493327502849042,-0.10203463319351465,-0.34599713962612866,0.006904599238658886,-0.05523679390927109,-0.1741493363528408,0.08231559698401143,1,107,127,18,1,16,0,0,0,0,0,0,-32,524,564,200,-44,200,35,45,43,37,32,45,121,117,117,117,116,117,-999,-999,-4.90
5.111219167709351,-0.10970641012535785,-0.1480652947845739,0.21864564255753138,0.016877909250055056,-0.18642417944378992,0.2493327502849042,-0.10203463319351465,-0.34599713962612866,0.008438954625027528,-0.05523679390927109,-0.1741493363528408,0.08231559698401143,0,110,130,21,1,16,0,-50,0,0,0,0,-32,524,564,200,-44,200,35,45,43,37,32,45,120,117,118,117,117,118,-999,-999,-4.90
5.128223180770874,-0.10970641012535785,-0.1480652947845739,0.21864564255753138,0.016877909250055056,-0.18642417944378992,0.2493327502849042,-0.10203463319351465,-0.34599713962612866,0.008438954625027528,-0.05523679390927109,-0.1741493363528408,0.08231559698401143,1,108,123,19,1,18,0,0,0,0,0,0,-32,528,560,200,-44,200,35,45,43,37,32,45,120,118,117,117,117,118,-999,-999,-4.90
5.143356084823608,-0.10970641012535785,-0.1480652947845739,0.21864564255753138,0.016877909250055056,-0.18642417944378992,0.2493327502849042,-0.10203463319351465,-0.34599713962612866,0.008438954625027528,-0.05523679390927109,-0.1741493363528408,0.08231559698401143,0,109,123,22,0,19,0,0,0,0,0,0,-32,528,556,200,-44,200,35,45,43,37,32,45,119,117,118,117,117,117,-999,-999,-4.90
5.159364223480225,-0.10970641012535785,-0.1480652947845739,0.21864564255753138,0.016877909250055056,-0.18642417944378992,0.2493327502849042,-0.10203463319351465,-0.34599713962612866,0.008438954625027528,-0.05523679390927109,-0.1741493363528408,0.08231559698401143,1,107,129,17,1,14,0,0,0,0,0,0,-32,528,560,200,-44,200,35,45,43,37,32,45,120,117,117,117,117,118,-999,-999,-4.90
5.175349235534668,-0.10970641012535785,-0.1480652947845739,0.21864564255753138,0.016877909250055056,-0.18642417944378992,0.2493327502849042,-0.10203463319351465,-0.34599713962612866,0.009973310011396168,-0.05523679390927109,-0.1741493363528408,0.08231559698401143,0,110,129,9,0,14,0,0,0,0,0,0,-32,528,560,200,-44,200,35,45,43,37,32,45,119,117,117,117,117,117,-999,-999,-4.90
5.1913604736328125,-0.10970641012535785,-0.1480652947845739,0.21864564255753138,0.016877909250055056,-0.18642417944378992,0.2493327502849042,-0.10203463319351465,-0.34599713962612866,0.01150766539776481,-0.05523679390927109,-0.1741493363528408,0.08231559698401143,1,104,125,17,1,20,0,0,0,0,0,0,-32,528,556,200,-44,200,35,45,43,37,32,45,120,118,117,117,117,117,-999,-999,-4.90
5.209215402603149,-0.10970641012535785,-0.1480652947845739,0.21864564255753138,0.016877909250055056,-0.18642417944378992,0.2493327502849042,-0.10203463319351465,-0.34599713962612866,0.01150766539776481,-0.05523679390927109,-0.1741493363528408,0.08231559698401143,0,104,124,20,1,16,0,0,0,0,0,0,-32,528,548,200,-44,200,35,45,43,37,32,45,119,117,117,117,117,118,-999,-999,-4.90
5.224241256713867,-0.10970641012535785,-0.1480652947845739,0.21864564255753138,0.016877909250055056,-0.18642417944378992,0.2493327502849042,-0.10203463319351465,-0.34599713962612866,0.013042020784133452,-0.05523679390927109,-0.1741493363528408,0.08231559698401143,0,106,119,17,1,16,0,0,0,0,0,0,-32,528,548,200,-44,200,35,45,43,37,32,45,120,118,118,117,117,117,-999,-999,-4.90
5.2403459548950195,-0.10970641012535785,-0.1480652947845739,0.21864564255753138,0.016877909250055056,-0.18642417944378992,0.2493327502849042,-0.10203463319351465,-0.34599713962612866,0.013042020784133452,-0.05523679390927109,-0.1741493363528408,0.08231559698401143,0,111,116,19,1,14,0,0,0,0,0,0,-32,528,544,200,-44,200,35,45,43,37,32,45,119,117,117,117,117,117,-999,-999,-4.90
5.256277799606323,-0.10970641012535785,-0.1480652947845739,0.21864564255753138,0.016877909250055056,-0.18642417944378992,0.2493327502849042,-0.10203463319351465,-0.34599713962612866,0.013042020784133452,-0.05523679390927109,-0.1741493363528408,0.08231559698401143,1,107,119,21,1,20,0,0,0,0,0,0,-32,528,548,200,-44,200,35,45,43,37,32,45,120,117,118,116,117,118,-999,-999,-4.90
5.272335052490234,-0.10970641012535785,-0.1480652947845739,0.21864564255753138,0.016877909250055056,-0.18642417944378992,0.2493327502849042,-0.10203463319351465,-0.34599713962612866,0.013042020784133452,-0.05523679390927109,-0.1741493363528408,0.08231559698401143,0,110,123,17,1,15,0,0,0,0,0,0,-32,528,548,200,-44,200,35,45,43,37,32,45,119,117,117,116,117,118,-999,-999,-4.90
5.288260221481323,-0.10970641012535785,-0.1480652947845739,0.21864564255753138,0.016877909250055056,-0.18642417944378992,0.2493327502849042,-0.10203463319351465,-0.34599713962612866,0.013042020784133452,-0.05523679390927109,-0.1741493363528408,0.08231559698401143,1,109,117,17,1,17,0,0,0,0,0,0,-32,528,548,200,-44,200,35,45,43,37,32,45,121,117,118,118,117,118,-999,-999,-4.90
5.3043928146362305,-0.10970641012535785,-0.1480652947845739,0.21864564255753138,0.016877909250055056,-0.18642417944378992,0.2493327502849042,-0.10203463319351465,-0.34599713962612866,0.013042020784133452,-0.05523679390927109,-0.1741493363528408,0.08231559698401143,0,105,124,18,1,16,0,0,0,0,0,0,-32,528,548,200,-44,200,35,45,43,37,32,45,120,117,118,117,118,117,-999,-999,-4.90
5.32128643989563,-0.10970641012535785,-0.14653093939820525,0.21864564255753138,0.016877909250055056,-0.18642417944378992,0.2493327502849042,-0.10203463319351465,-0.34599713962612866,0.013042020784133452,-0.05523679390927109,-0.1741493363528408,0.08231559698401143,1,105,123,17,1,14,0,0,0,0,0,0,-32,528,548,200,-44,200,35,45,43,37,32,45,121,117,117,118,117,118,-999,-999,-4.90
5.336828231811523,-0.10970641012535785,-0.14653093939820525,0.21864564255753138,0.016877909250055056,-0.18642417944378992,0.2493327502849042,-0.10203463319351465,-0.34599713962612866,0.013042020784133452,-0.05523679390927109,-0.1741493363528408,0.08231559698401143,1,107,123,20,1,17,0,0,0,0,0,0,-32,536,548,200,-44,200,35,45,43,37,32,45,120,118,118,117,117,117,-999,-999,-4.90
5.353212118148804,-0.10970641012535785,-0.14653093939820525,0.21864564255753138,0.016877909250055056,-0.18642417944378992,0.2493327502849042,-0.10203463319351465,-0.34599713962612866,0.013042020784133452,-0.05523679390927109,-0.1741493363528408,0.08231559698401143,1,104,124,17,1,16,0,50,0,0,0,0,-32,532,548,200,-44,200,35,45,43,37,32,45,119,117,117,116,117,118,-999,-999,-4.90
5.368401288986206,-0.10970641012535785,-0.14653093939820525,0.21864564255753138,0.016877909250055056,-0.18642417944378992,0.2493327502849042,-0.10203463319351465,-0.34599713962612866,0.013042020784133452,-0.05523679390927109,-0.1741493363528408,0.08231559698401143,1,106,125,17,2,16,0,0,0,0,0,0,-32,532,548,200,-44,200,35,45,43,37,32,45,120,117,117,117,117,117,-999,-999,-4.90
5.3852550983428955,-0.10970641012535785,-0.14653093939820525,0.21864564255753138,0.016877909250055056,-0.18642417944378992,0.2493327502849042,-0.10203463319351465,-0.34599713962612866,0.013042020784133452,-0.05523679390927109,-0.1741493363528408,0.08231559698401143,1,111,123,17,1,17,0,0,0,0,0,0,-32,532,548,200,-44,200,35,45,43,37,32,45,121,117,117,117,118,117,-999,-999,-4.90
5.40126895904541,-0.10970641012535785,-0.14653093939820525,0.21864564255753138,0.016877909250055056,-0.18642417944378992,0.2493327502849042,-0.10203463319351465,-0.34599713962612866,0.013042020784133452,-0.05523679390927109,-0.1741493363528408,0.08231559698401143,1,104,125,19,0,14,0,0,0,0,0,0,-32,532,548,200,-44,200,35,45,43,37,32,45,120,117,118,117,117,117,-999,-999,-4.90
5.417243719100952,-0.10970641012535785,-0.14653093939820525,0.21864564255753138,0.016877909250055056,-0.18642417944378992,0.2493327502849042,-0.10203463319351465,-0.34599713962612866,0.013042020784133452,-0.05523679390927109,-0.1741493363528408,0.08231559698401143,1,106,123,18,0,14,0,0,0,0,0,0,-32,532,548,200,-44,200,35,45,43,37,32,45,119,117,117,117,117,117,-999,-999,-4.90
5.432277202606201,-0.10970641012535785,-0.14653093939820525,0.21864564255753138,0.016877909250055056,-0.18642417944378992,0.2493327502849042,-0.10203463319351465,-0.34599713962612866,0.013042020784133452,-0.05523679390927109,-0.1741493363528408,0.08231559698401143,0,107,124,18,1,16,0,0,0,0,0,0,-32,532,548,200,-44,200,35,45,43,37,32,45,119,117,118,117,117,117,-999,-999,-4.90
5.448417663574219,-0.10970641012535785,-0.14653093939820525,0.21864564255753138,0.016877909250055056,-0.18642417944378992,0.2493327502849042,-0.10203463319351465,-0.34599713962612866,0.013042020784133452,-0.05523679390927109,-0.1741493363528408,0.08231559698401143,0,109,120,18,0,16,0,0,0,0,0,0,-32,532,548,200,-44,200,35,45,43,37,32,45,120,117,116,116,116,117,-999,-999,-4.90
5.4652674198150635,-0.10970641012535785,-0.14653093939820525,0.21864564255753138,0.016877909250055056,-0.18642417944378992,0.2493327502849042,-0.10203463319351465,-0.34599713962612866,0.013042020784133452,-0.05523679390927109,-0.1741493363528408,0.08231559698401143,1,109,124,22,1,14,0,0,0,0,0,0,-32,532,548,200,-44,200,35,45,43,37,32,45,120,118,118,117,117,117,-999,-999,-4.90
5.480810642242432,-0.10970641012535785,-0.14653093939820525,0.21864564255753138,0.016877909250055056,-0.18642417944378992,0.2493327502849042,-0.10203463319351465,-0.34599713962612866,0.013042020784133452,-0.05523679390927109,-0.1741493363528408,0.08231559698401143,1,106,120,22,1,18,0,0,0,0,0,0,-32,532,548,200,-44,200,35,45,43,37,32,45,119,117,117,117,117,118,-999,-999,-4.90
5.496812582015991,-0.10970641012535785,-0.1480652947845739,0.21864564255753138,0.016877909250055056,-0.18642417944378992,0.2493327502849042,-0.10203463319351465,-0.34599713962612866,0.014576376170502094,-0.05523679390927109,-0.1741493363528408,0.08231559698401143,1,106,117,22,1,18,0,0,0,0,0,0,-32,532,548,200,-44,200,35,45,43,37,32,45,120,117,118,117,117,117,-999,-999,-4.90
5.513397932052612,-0.10970641012535785,-0.1480652947845739,0.21864564255753138,0.016877909250055056,-0.18642417944378992,0.2493327502849042,-0.10203463319351465,-0.34599713962612866,0.014576376170502094,-0.05523679390927109,-0.1741493363528408,0.08231559698401143,0,103,120,16,1,14,0,0,0,0,0,0,-32,524,540,200,-44,200,35,45,43,37,32,45,120,117,118,117,118,117,-999,-999,-4.90
5.529381990432739,-0.10970641012535785,-0.1480652947845739,0.21864564255753138,0.016877909250055056,-0.18642417944378992,0.2493327502849042,-0.10203463319351465,-0.34599713962612866,0.014576376170502094,-0.05523679390927109,-0.1741493363528408,0.08231559698401143,0,109,119,22,0,16,0,-50,0,0,0,0,-32,524,540,200,-44,200,35,45,43,37,32,45,120,118,118,117,117,118,-999,-999,-4.90
5.544821739196777,-0.10970641012535785,-0.1480652947845739,0.21864564255753138,0.016877909250055056,-0.18642417944378992,0.2493327502849042,-0.10203463319351465,-0.34599713962612866,0.014576376170502094,-0.05523679390927109,-0.1741493363528408,0.08231559698401143,0,109,115,22,1,14,0,0,0,0,0,0,-32,528,544,200,-44,200,35,45,43,37,32,45,120,117,117,117,117,117,-999,-999,-4.90
5.561259746551514,-0.10970641012535785,-0.1480652947845739,0.21864564255753138,0.016877909250055056,-0.18642417944378992,0.2493327502849042,-0.10203463319351465,-0.34599713962612866,0.014576376170502094,-0.05523679390927109,-0.1741493363528408,0.08231559698401143,0,101,122,18,1,14,0,0,0,0,0,0,-32,528,544,200,-44,200,35,45,43,37,32,45,120,117,118,117,117,118,-999,-999,-4.90
5.57681679725647,-0.10970641012535785,-0.1480652947845739,0.21864564255753138,0.016877909250055056,-0.18642417944378992,0.2493327502849042,-0.10203463319351465,-0.34599713962612866,0.014576376170502094,-0.05523679390927109,-0.1741493363528408,0.08231559698401143,0,108,117,17,1,14,0,0,0,0,0,0,-32,528,544,200,-44,200,35,45,43,37,32,45,121,117,117,117,117,118,-999,-999,-4.90
5.59339165687561,-0.10970641012535785,-0.1480652947845739,0.21864564255753138,0.016877909250055056,-0.18642417944378992,0.2493327502849042,-0.10203463319351465,-0.34599713962612866,0.014576376170502094,-0.05523679390927109,-0.1741493363528408,0.08231559698401143,0,106,122,18,1,14,0,0,0,0,0,0,-32,528,544,200,-44,200,35,45,43,37,32,45,120,118,118,117,117,118,-999,-999,-4.90
5.609417915344238,-0.10970641012535785,-0.1480652947845739,0.21864564255753138,0.016877909250055056,-0.18642417944378992,0.2493327502849042,-0.10203463319351465,-0.34599713962612866,0.014576376170502094,-0.05523679390927109,-0.1741493363528408,0.08231559698401143,0,108,123,16,1,14,0,0,0,0,0,0,-32,528,544,200,-44,200,35,45,43,37,32,45,121,117,117,117,118,118,-999,-999,-4.90
5.625298738479614,-0.10970641012535785,-0.1480652947845739,0.21864564255753138,0.016877909250055056,-0.18642417944378992,0.2493327502849042,-0.10203463319351465,-0.34599713962612866,0.014576376170502094,-0.05523679390927109,-0.1741493363528408,0.08231559698401143,0,106,122,19,1,16,0,0,0,0,0,0,-32,528,544,200,-44,200,35,45,43,37,32,45,120,117,118,118,117,118,-999,-999,-4.90
5.6414268016815186,-0.10970641012535785,-0.1480652947845739,0.21864564255753138,0.016877909250055056,-0.18642417944378992,0.2493327502849042,-0.10203463319351465,-0.34599713962612866,0.014576376170502094,-0.05523679390927109,-0.1741493363528408,0.08231559698401143,1,102,115,17,0,14,0,0,0,0,0,0,-32,528,544,200,-44,200,35,45,43,37,32,45,120,117,117,117,118,117,-999,-999,-4.90
5.657304048538208,-0.10970641012535785,-0.1480652947845739,0.21864564255753138,0.016877909250055056,-0.18642417944378992,0.2493327502849042,-0.10203463319351465,-0.34599713962612866,0.014576376170502094,-0.05523679390927109,-0.1741493363528408,0.08231559698401143,1,108,122,18,1,18,0,0,0,0,0,0,-32,528,544,200,-44,200,35,45,43,37,32,45,120,118,118,117,117,117,-999,-999,-4.90
5.673424959182739,-0.10970641012535785,-0.1480652947845739,0.21864564255753138,0.016877909250055056,-0.18642417944378992,0.2493327502849042,-0.10203463319351465,-0.34599713962612866,0.014576376170502094,-0.05523679390927109,-0.1741493363528408,0.08231559698401143,0,110,119,17,1,14,0,0,0,0,0,0,-32,528,544,200,-44,200,35,45,43,37,32,45,119,117,117,118,117,117,-999,-999,-4.90
5.689853191375732,-0.10970641012535785,-0.1480652947845739,0.21864564255753138,0.016877909250055056,-0.18642417944378992,0.2493327502849042,-0.10203463319351465,-0.34599713962612866,0.014576376170502094,-0.05523679390927109,-0.1741493363528408,0.08231559698401143,1,104,114,20,1,17,0,0,0,0,0,0,-32,528,544,200,-44,200,35,45,43,37,32,45,120,118,118,116,117,102,-999,-999,-4.90
5.706291198730469,-0.10970641012535785,-0.1480652947845739,0.21864564255753138,0.016877909250055056,-0.18642417944378992,0.2493327502849042,-0.10203463319351465,-0.34599713962612866,0.014576376170502094,-0.05523679390927109,-0.1741493363528408,0.08231559698401143,0,106,122,22,1,14,0,0,0,0,0,0,-32,528,544,200,-44,200,35,45,43,37,32,45,120,117,117,116,117,118,-999,-999,-4.90
5.721454381942749,-0.10970641012535785,-0.1480652947845739,0.21864564255753138,0.016877909250055056,-0.18642417944378992,0.2493327502849042,-0.10203463319351465,-0.34599713962612866,0.014576376170502094,-0.05523679390927109,-0.1741493363528408,0.08231559698401143,1,108,122,18,1,14,0,0,0,0,0,0,-32,528,544,200,-44,200,35,45,43,37,32,45,120,117,118,117,117,117,-999,-999,-4.90
5.737862586975098,-0.10970641012535785,-0.1480652947845739,0.21864564255753138,0.016877909250055056,-0.18642417944378992,0.2493327502849042,-0.10203463319351465,-0.34599713962612866,0.014576376170502094,-0.05523679390927109,-0.1741493363528408,0.08231559698401143,0,103,115,19,1,16,0,0,0,0,0,0,-32,528,544,200,-44,200,35,45,43,37,32,45,120,117,117,117,118,117,-999,-999,-4.90
5.753432273864746,-0.10970641012535785,-0.14653093939820525,0.21864564255753138,0.016877909250055056,-0.18642417944378992,0.2493327502849042,-0.10203463319351465,-0.34599713962612866,0.014576376170502094,-0.05523679390927109,-0.1741493363528408,0.08231559698401143,0,103,123,21,0,15,0,0,0,0,0,0,-32,528,544,200,-44,200,35,45,43,37,32,45,120,118,118,117,117,117,-999,-999,-4.90
5.769315004348755,-0.10970641012535785,-0.14653093939820525,0.21864564255753138,0.016877909250055056,-0.18642417944378992,0.2493327502849042,-0.10203463319351465,-0.34599713962612866,0.014576376170502094,-0.05523679390927109,-0.1741493363528408,0.08231559698401143,0,114,116,17,1,17,0,0,0,0,0,0,-32,536,544,200,-44,200,35,45,43,37,32,45,120,117,117,117,117,118,-999,-999,-4.90
5.785870790481567,-0.10970641012535785,-0.14653093939820525,0.21864564255753138,0.016877909250055056,-0.18642417944378992,0.2493327502849042,-0.10203463319351465,-0.34599713962612866,0.014576376170502094,-0.05523679390927109,-0.1741493363528408,0.08231559698401143,0,106,123,19,2,16,0,50,0,0,0,0,-32,536,544,200,-44,200,35,45,43,37,32,45,120,117,118,117,117,117,-999,-999,-4.90
5.802471160888672,-0.10970641012535785,-0.14653093939820525,0.21864564255753138,0.016877909250055056,-0.18642417944378992,0.2493327502849042,-0.10203463319351465,-0.34599713962612866,0.014576376170502094,-0.05523679390927109,-0.1741493363528408,0.08231559698401143,0,107,122,21,1,15,0,0,0,0,0,0,-32,532,544,200,-44,200,35,45,43,37,32,45,121,117,117,117,117,117,-999,-999,-4.90
5.818305492401123,-0.10970641012535785,-0.14653093939820525,0.21864564255753138,0.016877909250055056,-0.18642417944378992,0.2493327502849042,-0.10203463319351465,-0.34599713962612866,0.014576376170502094,-0.05523679390927109,-0.1741493363528408,0.08231559698401143,1,109,119,19,1,16,0,0,0,0,0,0,-32,532,544,200,-44,200,35,45,43,37,32,45,120,117,118,117,117,117,-999,-999,-4.90
5.834445476531982,-0.10970641012535785,-0.14653093939820525,0.21864564255753138,0.016877909250055056,-0.18642417944378992,0.2493327502849042,-0.10203463319351465,-0.34599713962612866,0.014576376170502094,-0.05370243852290245,-0.1741493363528408,0.08231559698401143,1,110,116,17,1,16,0,0,0,0,0,0,-32,532,544,200,-44,200,35,45,43,37,32,45,121,118,117,117,117,117,-999,-999,-4.90
5.851297378540039,-0.10970641012535785,-0.14653093939820525,0.21864564255753138,0.016877909250055056,-0.18642417944378992,0.2493327502849042,-0.10203463319351465,-0.34599713962612866,0.014576376170502094,-0.05370243852290245,-0.1741493363528408,0.08231559698401143,1,111,114,19,1,16,0,0,0,0,0,0,-32,532,544,192,-44,200,35,45,43,37,32,45,120,117,118,118,117,117,-999,-999,-4.90
5.86631965637207,-0.10970641012535785,-0.14653093939820525,0.21864564255753138,0.016877909250055056,-0.18642417944378992,0.2493327502849042,-0.10203463319351465,-0.34599713962612866,0.014576376170502094,-0.05216808313653381,-0.1741493363528408,0.08231559698401143,0,109,115,17,1,18,0,0,0,0,0,0,-32,532,544,196,-44,200,35,45,43,37,32,45,120,117,118,117,117,117,-999,-999,-4.90
5.882894277572632,-0.10970641012535785,-0.14653093939820525,0.21864564255753138,0.016877909250055056,-0.18642417944378992,0.2493327502849042,-0.10203463319351465,-0.34599713962612866,0.014576376170502094,-0.05216808313653381,-0.1741493363528408,0.08231559698401143,1,106,122,14,1,16,0,0,0,0,0,0,-32,532,544,188,-44,200,35,45,43,37,32,45,120,117,117,118,118,117,-999,-999,-4.90
5.899318695068359,-0.10970641012535785,-0.14653093939820525,0.21864564255753138,0.016877909250055056,-0.18642417944378992,0.2493327502849042,-0.10203463319351465,-0.34599713962612866,0.016110731556870737,-0.05216808313653381,-0.1741493363528408,0.08231559698401143,1,107,116,21,1,14,0,0,0,0,0,0,-32,532,544,188,-44,200,35,45,43,37,32,45,120,118,118,117,117,117,-999,-999,-4.90
5.914371013641357,-0.10970641012535785,-0.14653093939820525,0.21864564255753138,0.016877909250055056,-0.18642417944378992,0.2493327502849042,-0.10203463319351465,-0.34599713962612866,0.016110731556870737,-0.05216808313653381,-0.1741493363528408,0.08231559698401143,1,107,113,15,1,14,0,0,0,0,0,0,-32,532,536,192,-44,200,35,45,43,37,32,45,120,117,117,116,117,117,-999,-999,-4.90
5.9304609298706055,-0.10970641012535785,-0.14653093939820525,0.21864564255753138,0.016877909250055056,-0.18642417944378992,0.2493327502849042,-0.10203463319351465,-0.34599713962612866,0.016110731556870737,-0.05216808313653381,-0.1741493363528408,0.08231559698401143,0,105,116,21,1,16,0,0,0,0,0,0,-32,532,536,192,-44,200,35,45,43,37,32,45,120,117,118,117,117,117,-999,-999,-4.90
5.946491956710815,-0.10970641012535785,-0.1480652947845739,0.21864564255753138,0.016877909250055056,-0.18642417944378992,0.2493327502849042,-0.10203463319351465,-0.34599713962612866,0.016110731556870737,-0.05216808313653381,-0.1741493363528408,0.08231559698401143,0,103,112,17,1,16,0,0,0,0,0,0,-32,528,540,192,-44,200,35,45,43,37,32,45,120,117,117,117,117,117,-999,-999,-4.90
5.963335037231445,-0.10970641012535785,-0.1480652947845739,0.21864564255753138,0.016877909250055056,-0.18642417944378992,0.2493327502849042,-0.10203463319351465,-0.34599713962612866,0.016110731556870737,-0.05216808313653381,-0.1741493363528408,0.08231559698401143,1,103,116,14,0,14,0,-50,0,0,0,0,-32,524,540,192,-44,200,35,45,43,37,32,45,120,117,118,118,117,118,-999,-999,-4.90
5.97834587097168,-0.10970641012535785,-0.1480652947845739,0.21864564255753138,0.016877909250055056,-0.18642417944378992,0.2493327502849042,-0.10203463319351465,-0.34599713962612866,0.016110731556870737,-0.05216808313653381,-0.1741493363528408,0.08231559698401143,0,104,116,21,1,14,0,0,0,0,0,0,-32,528,540,192,-44,200,35,45,43,37,32,45,120,117,118,117,117,118,-999,-999,-4.90
5.99533224105835,-0.10970641012535785,-0.1480652947845739,0.21864564255753138,0.016877909250055056,-0.18642417944378992,0.2493327502849042,-0.10203463319351465,-0.34599713962612866,0.016110731556870737,-0.05216808313653381,-0.1741493363528408,0.08231559698401143,0,107,113,19,1,19,0,0,0,0,0,0,-32,528,540,192,-44,200,35,45,43,37,32,45,119,117,118,117,117,117,-999,-999,-4.90
6.010472059249878,-0.10970641012535785,-0.1480652947845739,0.21864564255753138,0.016877909250055056,-0.18642417944378992,0.2493327502849042,-0.10203463319351465,-0.34599713962612866,0.016110731556870737,-0.05063372775016516,-0.1741493363528408,0.08231559698401143,1,108,114,16,1,18,0,0,0,0,0,0,-32,528,540,192,-44,200,35,45,43,37,32,45,120,117,117,118,118,117,-999,-999,-4.90
6.0273332595825195,-0.10970641012535785,-0.1480652947845739,0.21864564255753138,0.016877909250055056,-0.18642417944378992,0.2493327502849042,-0.10203463319351465,-0.34599713962612866,0.016110731556870737,-0.05063372775016516,-0.1741493363528408,0.08231559698401143,0,106,120,19,1,17,0,0,0,0,0,0,-32,528,540,184,-44,200,35,45,43,37,32,45,120,117,118,117,118,118,-999,-999,-4.90
6.042384386062622,-0.10970641012535785,-0.1480652947845739,0.21864564255753138,0.016877909250055056,-0.18642417944378992,0.2493327502849042,-0.10203463319351465,-0.34599713962612866,0.016110731556870737,-0.05063372775016516,-0.1741493363528408,0.08231559698401143,1,109,117,14,1,18,0,0,0,0,0,0,-32,528,540,188,-44,200,35,45,43,37,32,45,120,118,117,117,117,117,-999,-999,-4.90
6.058358430862427,-0.10970641012535785,-0.1480652947845739,0.21864564255753138,0.016877909250055056,-0.18642417944378992,0.2493327502849042,-0.10203463319351465,-0.34599713962612866,0.016110731556870737,-0.05063372775016516,-0.1741493363528408,0.08231559698401143,1,108,116,17,1,14,0,0,0,0,0,0,-32,528,540,188,-44,200,35,45,43,37,32,45,120,117,118,117,117,117,-999,-999,-4.90
6.0743629932403564,-0.10970641012535785,-0.1480652947845739,0.21864564255753138,0.016877909250055056,-0.18642417944378992,0.2493327502849042,-0.10203463319351465,-0.34599713962612866,0.016110731556870737,-0.05063372775016516,-0.1741493363528408,0.08231559698401143,1,106,112,17,1,14,0,0,0,0,0,0,-32,528,540,188,-44,200,35,45,43,37,32,45,120,117,117,117,117,118,-999,-999,-4.90
6.090915679931641,-0.10970641012535785,-0.1480652947845739,0.21864564255753138,0.016877909250055056,-0.18642417944378992,0.2493327502849042,-0.10203463319351465,-0.34599713962612866,0.016110731556870737,-0.05063372775016516,-0.1741493363528408,0.08231559698401143,0,104,119,19,1,14,0,0,0,0,0,0,-32,528,540,188,-44,200,35,45,43,37,32,45,120,117,118,118,117,118,-999,-999,-4.90
6.107349157333374,-0.10970641012535785,-0.1480652947845739,0.21864564255753138,0.016877909250055056,-0.18642417944378992,0.2493327502849042,-0.10203463319351465,-0.34599713962612866,0.016110731556870737,-0.05063372775016516,-0.1741493363528408,0.08231559698401143,1,102,118,18,1,16,0,0,0,0,0,0,-32,528,540,188,-44,200,35,45,43,37,32,45,120,118,118,117,117,118,-999,-999,-4.90
6.122918605804443,-0.10970641012535785,-0.1480652947845739,0.21864564255753138,0.016877909250055056,-0.18642417944378992,0.2493327502849042,-0.10203463319351465,-0.34599713962612866,0.016110731556870737,-0.05063372775016516,-0.1741493363528408,0.08231559698401143,1,104,114,20,1,15,0,0,0,0,0,0,-32,528,540,188,-44,200,35,45,43,37,32,45,121,117,118,117,118,117,-999,-999,-4.90
6.139366388320923,-0.10970641012535785,-0.1480652947845739,0.21864564255753138,0.016877909250055056,-0.18642417944378992,0.2493327502849042,-0.10203463319351465,-0.34599713962612866,0.016110731556870737,-0.05063372775016516,-0.1741493363528408,0.08231559698401143,0,102,118,19,0,16,0,0,0,0,0,0,-32,528,540,188,-44,200,35,45,43,37,32,45,120,118,118,118,117,117,-999,-999,-4.90
6.15549111366272,-0.10970641012535785,-0.1480652947845739,0.21864564255753138,0.016877909250055056,-0.18642417944378992,0.2493327502849042,-0.10203463319351465,-0.34599713962612866,0.016110731556870737,-0.05063372775016516,-0.1741493363528408,0.08231559698401143,1,104,112,14,1,16,0,0,0,0,0,0,-32,528,540,188,-44,200,35,45,43,37,32,45,121,117,118,116,118,117,-999,-999,-4.90
6.171372652053833,-0.10970641012535785,-0.1480652947845739,0.21864564255753138,0.016877909250055056,-0.18642417944378992,0.2493327502849042,-0.10203463319351465,-0.34599713962612866,0.016110731556870737,-0.05063372775016516,-0.1741493363528408,0.08231559698401143,0,110,122,16,1,17,0,0,0,0,0,0,-32,528,540,188,-44,200,35,45,43,35,32,45,120,118,118,118,117,118,-999,-999,-4.90
6.187937498092651,-0.10970641012535785,-0.1480652947845739,0.21864564255753138,0.016877909250055056,-0.18642417944378992,0.2493327502849042,-0.10203463319351465,-0.34599713962612866,0.016110731556870737,-0.05063372775016516,-0.1741493363528408,0.08231559698401143,1,107,110,14,1,19,0,0,0,0,0,0,-32,528,540,188,-44,200,35,45,43,37,32,45,121,117,118,117,117,118,-999,-999,-4.90
6.203525543212891,-0.10970641012535785,-0.1480652947845739,0.21864564255753138,0.016877909250055056,-0.18642417944378992,0.2493327502849042,-0.10203463319351465,-0.34599713962612866,0.016110731556870737,-0.05063372775016516,-0.1741493363528408,0.08231559698401143,1,102,113,14,1,14,0,0,0,0,0,0,-32,528,540,188,-44,200,35,45,43,37,32,45,120,118,118,118,117,117,-999,-999,-4.90
6.219451189041138,-0.10970641012535785,-0.1480652947845739,0.21864564255753138,0.016877909250055056,-0.18642417944378992,0.2493327502849042,-0.10203463319351465,-0.34599713962612866,0.016110731556870737,-0.05063372775016516,-0.1741493363528408,0.08231559698401143,1,107,114,16,1,15,0,0,0,0,0,0,-32,528,540,188,-44,200,35,45,43,37,32,45,121,117,118,117,118,117,-999,-999,-4.90
6.235533237457275,-0.10970641012535785,-0.1480652947845739,0.21864564255753138,0.016877909250055056,-0.18642417944378992,0.2493327502849042,-0.10203463319351465,-0.34599713962612866,0.017645086943239376,-0.05063372775016516,-0.1741493363528408,0.08231559698401143,0,104,120,14,1,16,0,0,0,0,0,0,-32,528,540,188,-44,200,35,45,43,37,32,45,120,118,118,117,117,118,-999,-999,-4.90
6.2514808177948,-0.10970641012535785,-0.1480652947845739,0.21864564255753138,0.016877909250055056,-0.18642417944378992,0.2493327502849042,-0.10203463319351465,-0.34599713962612866,0.017645086943239376,-0.05063372775016516,-0.1741493363528408,0.08231559698401143,0,105,112,14,2,16,0,0,0,0,0,0,-32,528,532,188,-44,200,35,45,43,37,32,45,121,117,117,118,117,118,-999,-999,-4.90
6.268371343612671,-0.10970641012535785,-0.1480652947845739,0.21864564255753138,0.016877909250055056,-0.18642417944378992,0.2493327502849042,-0.10203463319351465,-0.34599713962612866,0.02378250848871394,-0.05063372775016516,-0.1741493363528408,0.08231559698401143,1,108,112,16,1,17,0,0,0,0,0,0,-32,528,532,188,-44,200,35,45,43,37,32,45,120,117,118,117,117,117,-999,-999,-4.90
6.2834625244140625,-0.10970641012535785,-0.1480652947845739,0.21864564255753138,0.016877909250055056,-0.18642417944378992,0.2493327502849042,-0.10203463319351465,-0.34599713962612866,0.029919930034188504,-0.05063372775016516,-0.1741493363528408,0.08231559698401143,0,106,107,14,2,14,0,0,0,0,0,0,-32,528,520,188,-44,200,35,45,43,37,32,45,120,118,118,118,117,118,-999,-999,-4.90
6.299485683441162,-0.10970641012535785,-0.1480652947845739,0.21864564255753138,0.016877909250055056,-0.18642417944378992,0.2493327502849042,-0.10203463319351465,-0.34599713962612866,0.03759170696603171,-0.05063372775016516,-0.1741493363528408,0.08231559698401143,1,109,92,16,1,16,0,0,0,0,0,0,-32,528,480,188,-44,200,35,45,43,37,32,45,120,117,118,117,118,118,-999,-999,-4.90
6.315493106842041,-0.10970641012535785,-0.1480652947845739,0.21864564255753138,0.016877909250055056,-0.18642417944378992,0.2493327502849042,-0.10203463319351465,-0.34599713962612866,0.04372912851150628,-0.05063372775016516,-0.1741493363528408,0.08231559698401143,1,109,89,18,1,16,0,0,0,0,0,0,-32,528,472,188,-44,200,35,45,43,37,32,45,121,118,119,118,118,118,-999,-999,-4.90
6.331520318984985,-0.10970641012535785,-0.1480652947845739,0.21864564255753138,0.016877909250055056,-0.18642417944378992,0.2493327502849042,-0.10203463319351465,-0.34753149501249725,0.0483321946706122,-0.05063372775016516,-0.1741493363528408,0.08231559698401143,0,104,78,18,0,14,0,0,0,0,0,0,-32,532,444,188,-44,200,35,45,43,37,32,45,120,118,118,118,118,119,-999,-999,-4.90
6.3474085330963135,-0.10970641012535785,-0.1480652947845739,0.21864564255753138,0.016877909250055056,-0.18642417944378992,0.2493327502849042,-0.10203463319351465,-0.34753149501249725,0.052935260829718125,-0.05063372775016516,-0.1741493363528408,0.08231559698401143,1,107,72,16,1,14,0,0,0,0,0,0,-32,536,432,188,-44,200,35,45,43,37,32,45,120,118,118,118,118,119,-999,-999,-4.90
6.36292839050293,-0.10970641012535785,-0.1480652947845739,0.21864564255753138,0.016877909250055056,-0.18642417944378992,0.2493327502849042,-0.10203463319351465,-0.34753149501249725,0.05600397160245541,-0.05063372775016516,-0.1741493363528408,0.08231559698401143,1,109,68,14,1,15,0,0,0,0,0,0,-32,532,428,188,-44,200,35,45,43,37,32,45,120,118,118,118,118,119,-999,-999,-4.90
6.3796820640563965,-0.10970641012535785,-0.1480652947845739,0.21864564255753138,0.016877909250055056,-0.18642417944378992,0.2493327502849042,-0.10203463319351465,-0.34753149501249725,0.05753832698882405,-0.05063372775016516,-0.1741493363528408,0.08231559698401143,0,108,67,16,0,16,0,0,0,0,0,0,-32,532,420,188,-44,200,35,45,43,37,32,45,120,118,119,118,118,119,-999,-999,-4.90
6.396346807479858,-0.10970641012535785,-0.1480652947845739,0.21864564255753138,0.016877909250055056,-0.18642417944378992,0.2493327502849042,-0.10203463319351465,-0.34753149501249725,0.05907268237519269,-0.05063372775016516,-0.1741493363528408,0.08231559698401143,1,111,75,16,2,17,0,0,0,0,0,0,-32,532,424,188,-44,200,35,45,43,37,32,45,121,118,118,118,118,118,-999,-999,-4.90
6.4123969078063965,-0.10970641012535785,-0.1480652947845739,0.21864564255753138,0.016877909250055056,-0.18642417944378992,0.2493327502849042,-0.10203463319351465,-0.34753149501249725,0.05907268237519269,-0.05063372775016516,-0.1741493363528408,0.08231559698401143,0,106,72,18,1,15,0,0,0,0,0,0,-32,532,424,188,-44,200,35,45,43,37,32,45,120,118,118,118,118,119,-999,-999,-4.90
6.429024696350098,-0.10970641012535785,-0.1480652947845739,0.21864564255753138,0.016877909250055056,-0.18642417944378992,0.2493327502849042,-0.10203463319351465,-0.34753149501249725,0.06060703776156134,-0.05063372775016516,-0.1741493363528408,0.08231559698401143,0,110,69,18,2,14,0,0,0,0,0,0,-32,532,428,188,-44,200,35,45,43,37,32,45,120,118,119,118,118,119,-999,-999,-4.90
6.4445624351501465,-0.10970641012535785,-0.1480652947845739,0.21864564255753138,0.016877909250055056,-0.18642417944378992,0.2493327502849042,-0.10203463319351465,-0.34753149501249725,0.06214139314792997,-0.05063372775016516,-0.1741493363528408,0.08231559698401143,1,106,73,20,1,16,0,0,0,0,0,0,-32,532,424,188,-44,200,35,45,43,37,32,45,121,118,118,118,118,119,-999,-999,-4.90
6.46037220954895,-0.10970641012535785,-0.1480652947845739,0.21864564255753138,0.016877909250055056,-0.18642417944378992,0.2493327502849042,-0.10203463319351465,-0.34753149501249725,0.06214139314792997,-0.05063372775016516,-0.1741493363528408,0.08231559698401143,1,112,66,17,1,16,0,0,0,0,0,0,-32,532,416,188,-44,200,35,45,43,37,32,45,120,118,119,118,118,119,-999,-999,-4.90
6.475944995880127,-0.10970641012535785,-0.1480652947845739,0.21864564255753138,0.016877909250055056,-0.18642417944378992,0.2493327502849042,-0.10203463319351465,-0.34753149501249725,0.06214139314792997,-0.05063372775016516,-0.1741493363528408,0.08231559698401143,1,109,70,18,1,14,0,0,0,0,0,0,-32,532,416,188,-44,200,35,45,43,37,32,45,121,118,118,118,118,119,-999,-999,-4.90
6.492398500442505,-0.10970641012535785,-0.1480652947845739,0.21864564255753138,0.016877909250055056,-0.18642417944378992,0.2493327502849042,-0.10203463319351465,-0.34753149501249725,0.06214139314792997,-0.05063372775016516,-0.1741493363528408,0.08231559698401143,1,107,72,15,1,18,0,0,0,0,0,0,-32,532,420,188,-44,200,35,45,43,37,32,45,120,118,119,118,118,119,-999,-999,-4.90
6.508423089981079,-0.10970641012535785,-0.1480652947845739,0.21864564255753138,0.016877909250055056,-0.18642417944378992,0.2493327502849042,-0.10203463319351465,-0.34753149501249725,0.06214139314792997,-0.05063372775016516,-0.1741493363528408,0.08231559698401143,1,108,73,17,1,14,0,0,0,0,0,0,-32,532,420,188,-44,200,35,45,43,37,33,45,121,119,118,118,118,119,-999,-999,-4.90
6.524988889694214,-0.10970641012535785,-0.1480652947845739,0.21864564255753138,0.016877909250055056,-0.18642417944378992,0.2493327502849042,-0.10203463319351465,-0.34753149501249725,0.06214139314792997,-0.05063372775016516,-0.1741493363528408,0.08231559698401143,1,110,66,20,1,15,0,0,0,0,0,0,-32,532,420,188,-44,200,35,45,43,37,32,45,121,118,119,118,118,118,-999,-999,-4.90
6.540451765060425,-0.10970641012535785,-0.1480652947845739,0.21864564255753138,0.016877909250055056,-0.18642417944378992,0.2493327502849042,-0.10203463319351465,-0.34753149501249725,0.06214139314792997,-0.05063372775016516,-0.1741493363528408,0.08231559698401143,0,108,74,16,1,17,0,0,0,0,0,0,-32,532,420,188,-44,200,35,45,42,37,32,45,121,118,118,118,118,118,-999,-999,-4.90
6.55658221244812,-0.10970641012535785,-0.1480652947845739,0.21864564255753138,0.016877909250055056,-0.18642417944378992,0.2493327502849042,-0.10203463319351465,-0.34753149501249725,0.06214139314792997,-0.05063372775016516,-0.1741493363528408,0.08231559698401143,1,108,69,15,1,20,0,0,0,0,0,0,-32,532,420,188,-44,200,35,45,43,37,32,45,121,118,118,119,118,118,-999,-999,-4.90
6.572396516799927,-0.10970641012535785,-0.1480652947845739,0.21864564255753138,0.016877909250055056,-0.18642417944378992,0.2493327502849042,-0.10203463319351465,-0.34753149501249725,0.06214139314792997,-0.05063372775016516,-0.1741493363528408,0.08231559698401143,0,114,67,14,1,16,0,0,0,0,0,0,-32,532,420,188,-44,200,35,45,43,37,32,45,121,118,118,118,118,119,-999,-999,-4.90
6.589427471160889,-0.10970641012535785,-0.1480652947845739,0.21864564255753138,0.016877909250055056,-0.18642417944378992,0.2493327502849042,-0.10203463319351465,-0.34753149501249725,0.06214139314792997,-0.05063372775016516,-0.1741493363528408,0.08231559698401143,1,106,72,16,1,14,0,0,0,0,0,0,-32,532,420,188,-44,200,35,45,43,37,32,45,121,118,118,118,118,119,-999,-999,-4.90
6.6049981117248535,-0.10970641012535785,-0.1480652947845739,0.21864564255753138,0.016877909250055056,-0.18642417944378992,0.2493327502849042,-0.10203463319351465,-0.34753149501249725,0.06214139314792997,-0.05063372775016516,-0.1741493363528408,0.08231559698401143,1,103,73,19,1,21,0,0,0,0,0,0,-32,532,420,188,-44,200,35,45,43,37,32,45,121,118,119,118,118,119,-999,-999,-4.90
6.620459794998169,-0.10970641012535785,-0.1480652947845739,0.21864564255753138,0.016877909250055056,-0.18642417944378992,0.2493327502849042,-0.10203463319351465,-0.34753149501249725,0.06214139314792997,-0.05063372775016516,-0.1741493363528408,0.08231559698401143,0,109,73,21,2,14,0,0,0,0,0,0,-32,532,420,188,-44,200,35,45,43,37,32,45,121,118,118,118,118,118,-999,-999,-4.90
6.636458873748779,-0.10970641012535785,-0.1480652947845739,0.21864564255753138,0.016877909250055056,-0.18642417944378992,0.2493327502849042,-0.10203463319351465,-0.34753149501249725,0.06214139314792997,-0.05063372775016516,-0.1741493363528408,0.08231559698401143,0,107,72,14,1,15,0,0,0,0,0,0,-32,532,420,188,-44,200,35,45,43,37,32,45,120,118,119,118,118,118,-999,-999,-4.90
6.653477191925049,-0.10970641012535785,-0.1480652947845739,0.21864564255753138,0.016877909250055056,-0.18642417944378992,0.2493327502849042,-0.10203463319351465,-0.34753149501249725,0.06214139314792997,-0.05063372775016516,-0.1741493363528408,0.08231559698401143,0,110,68,14,1,14,0,0,0,0,0,0,-32,532,420,188,-44,200,35,45,43,37,32,45,120,118,118,118,118,119,-999,-999,-4.90
6.668582201004028,-0.10970641012535785,-0.1480652947845739,0.21864564255753138,0.016877909250055056,-0.18642417944378992,0.2493327502849042,-0.10203463319351465,-0.34753149501249725,0.06214139314792997,-0.05063372775016516,-0.1741493363528408,0.08231559698401143,0,106,71,21,1,19,0,0,0,0,0,0,-32,532,420,188,-44,200,35,45,43,37,32,45,121,118,119,118,118,119,-999,-999,-4.90
6.684610366821289,-0.10970641012535785,-0.1480652947845739,0.21864564255753138,0.016877909250055056,-0.18642417944378992,0.2493327502849042,-0.10203463319351465,-0.34753149501249725,0.06214139314792997,-0.05063372775016516,-0.1741493363528408,0.08231559698401143,0,103,67,14,1,18,0,0,0,0,0,0,-32,532,420,188,-44,200,35,45,43,37,32,45,121,119,118,117,118,118,-999,-999,-4.90
6.700599670410156,-0.10970641012535785,-0.1480652947845739,0.21864564255753138,0.016877909250055056,-0.18642417944378992,0.2493327502849042,-0.10203463319351465,-0.34753149501249725,0.06214139314792997,-0.05063372775016516,-0.1741493363528408,0.08231559698401143,1,104,66,14,1,17,0,0,0,0,0,0,-32,532,420,188,-44,200,35,45,43,37,32,45,121,118,119,118,118,118,-999,-999,-4.90
6.7170186042785645,-0.10970641012535785,-0.1480652947845739,0.21864564255753138,0.016877909250055056,-0.18642417944378992,0.2493327502849042,-0.10203463319351465,-0.34753149501249725,0.06214139314792997,-0.05063372775016516,-0.1741493363528408,0.08231559698401143,0,105,69,17,1,14,0,0,0,0,0,0,-32,532,420,188,-44,200,35,45,43,37,32,45,120,118,118,118,118,118,-999,-999,-4.90
6.733447313308716,-0.10970641012535785,-0.1480652947845739,0.21864564255753138,0.016877909250055056,-0.18642417944378992,0.2493327502849042,-0.10203463319351465,-0.34753149501249725,0.06214139314792997,-0.05063372775016516,-0.1741493363528408,0.08231559698401143,1,104,70,16,1,15,0,0,0,0,0,0,-32,532,420,188,-44,200,35,45,43,37,32,45,121,118,119,119,118,119,-999,-999,-4.90
6.75045108795166,-0.10970641012535785,-0.1480652947845739,0.21864564255753138,0.016877909250055056,-0.18642417944378992,0.2493327502849042,-0.10203463319351465,-0.34599713962612866,0.06367574853429861,-0.05063372775016516,-0.1741493363528408,0.08231559698401143,1,112,70,15,1,14,0,0,0,0,0,0,-32,532,420,188,-44,200,35,45,43,37,32,45,120,118,119,118,118,119,-999,-999,-4.90
6.7655930519104,-0.10970641012535785,-0.1480652947845739,0.21864564255753138,0.016877909250055056,-0.18642417944378992,0.2493327502849042,-0.10203463319351465,-0.34599713962612866,0.06367574853429861,-0.05063372775016516,-0.1741493363528408,0.08231559698401143,1,103,66,16,1,19,0,0,0,0,0,0,-32,524,412,188,-44,200,35,45,43,37,32,45,121,118,118,118,118,118,-999,-999,-4.90
6.781453609466553,-0.10970641012535785,-0.1480652947845739,0.21864564255753138,0.016877909250055056,-0.18642417944378992,0.2493327502849042,-0.10203463319351465,-0.34599713962612866,0.06367574853429861,-0.05063372775016516,-0.1741493363528408,0.08231559698401143,1,102,64,18,1,14,0,0,0,0,0,0,-32,528,412,188,-44,200,35,45,43,37,32,45,121,118,119,118,118,118,-999,-999,-4.90
6.797624111175537,-0.10970641012535785,-0.1480652947845739,0.21864564255753138,0.016877909250055056,-0.18642417944378992,0.2493327502849042,-0.10203463319351465,-0.34599713962612866,0.06367574853429861,-0.05063372775016516,-0.1741493363528408,0.08231559698401143,0,101,65,14,1,15,0,0,0,0,0,0,-32,528,416,188,-44,200,35,45,43,37,32,45,121,119,118,118,118,119,-999,-999,-4.90
6.813491582870483,-0.10970641012535785,-0.1480652947845739,0.21864564255753138,0.016877909250055056,-0.18642417944378992,0.2493327502849042,-0.10203463319351465,-0.34599713962612866,0.06367574853429861,-0.05063372775016516,-0.1741493363528408,0.08231559698401143,0,108,64,14,2,15,0,0,0,0,0,0,-32,528,416,188,-44,200,35,45,43,37,32,45,121,118,119,118,118,119,-999,-999,-4.90
6.829463481903076,-0.10970641012535785,-0.1480652947845739,0.21864564255753138,0.016877909250055056,-0.18642417944378992,0.2493327502849042,-0.10203463319351465,-0.34599713962612866,0.06367574853429861,-0.05063372775016516,-0.1741493363528408,0.08231559698401143,0,101,65,14,1,15,0,0,0,0,0,0,-32,528,416,188,-44,200,35,45,43,37,32,45,121,118,118,119,119,118,-999,-999,-4.90
6.844461917877197,-0.10970641012535785,-0.1480652947845739,0.21864564255753138,0.016877909250055056,-0.18642417944378992,0.2493327502849042,-0.10203463319351465,-0.34599713962612866,0.06367574853429861,-0.05063372775016516,-0.1741493363528408,0.08231559698401143,0,115,66,20,1,16,0,0,0,0,0,0,-32,528,416,188,-44,200,35,45,43,37,32,45,120,118,118,118,118,119,-999,-999,-4.90
6.861620187759399,-0.10970641012535785,-0.1480652947845739,0.21864564255753138,0.016877909250055056,-0.18642417944378992,0.2493327502849042,-0.10203463319351465,-0.34599713962612866,0.06367574853429861,-0.05063372775016516,-0.1741493363528408,0.08231559698401143,1,108,66,14,1,18,0,0,0,0,0,0,-32,528,416,188,-44,200,35,45,43,37,32,45,121,118,119,118,118,119,-999,-999,-4.90
6.877469539642334,-0.10970641012535785,-0.1480652947845739,0.21864564255753138,0.016877909250055056,-0.18642417944378992,0.2493327502849042,-0.1035689885798833,-0.34599713962612866,0.06367574853429861,-0.04909937236379653,-0.1741493363528408,0.08231559698401143,0,102,70,14,1,15,0,0,0,0,0,0,-24,528,416,188,-44,200,35,45,43,37,32,45,121,118,118,118,118,119,-999,-999,-4.90
6.894469261169434,-0.10970641012535785,-0.1480652947845739,0.21864564255753138,0.016877909250055056,-0.18642417944378992,0.2493327502849042,-0.1035689885798833,-0.34599713962612866,0.06521010392066726,-0.04909937236379653,-0.1741493363528408,0.08231559698401143,0,109,71,17,1,16,0,0,0,0,0,0,-24,528,416,184,-44,200,35,45,43,38,32,45,120,118,119,118,118,119,-999,-999,-4.90
6.9094719886779785,-0.10970641012535785,-0.1480652947845739,0.21864564255753138,0.016877909250055056,-0.18642417944378992,0.2493327502849042,-0.1035689885798833,-0.34599713962612866,0.06521010392066726,-0.04909937236379653,-0.1741493363528408,0.08231559698401143,1,109,66,14,1,14,0,0,0,0,0,0,-28,528,408,180,-44,200,35,46,43,37,32,45,121,119,118,118,118,119,-999,-999,-4.90
6.92543363571167,-0.10970641012535785,-0.1480652947845739,0.21864564255753138,0.016877909250055056,-0.18642417944378992,0.2493327502849042,-0.1035689885798833,-0.34599713962612866,0.06521010392066726,-0.04909937236379653,-0.1741493363528408,0.08231559698401143,0,105,68,14,1,18,0,0,0,0,0,0,-28,528,412,184,-44,200,35,45,43,37,37,45,120,118,118,118,118,119,-999,-999,-4.90
6.941503047943115,-0.10970641012535785,-0.1480652947845739,0.21864564255753138,0.016877909250055056,-0.18642417944378992,0.2493327502849042,-0.1035689885798833,-0.34446278423976,0.06521010392066726,-0.04909937236379653,-0.1741493363528408,0.08231559698401143,1,109,63,13,1,14,0,0,0,0,0,0,-28,528,412,184,-44,200,35,45,43,37,32,45,121,118,119,119,118,118,-999,-999,-4.90
6.95763897895813,-0.10970641012535785,-0.1480652947845739,0.21864564255753138,0.016877909250055056,-0.18642417944378992,0.2493327502849042,-0.10510334396625193,-0.34292842885339136,0.06521010392066726,-0.04756501697742788,-0.1741493363528408,0.08231559698401143,0,104,70,14,1,15,0,0,0,0,0,0,-20,524,412,184,-44,200,35,45,43,37,33,45,121,118,118,118,118,119,-999,-999,-4.90
6.973494052886963,-0.10970641012535785,-0.1480652947845739,0.21864564255753138,0.016877909250055056,-0.18642417944378992,0.2493327502849042,-0.10510334396625193,-0.33832536269428537,0.06521010392066726,-0.04756501697742788,-0.1741493363528408,0.08231559698401143,0,103,68,12,1,14,0,0,0,0,0,0,-20,516,412,180,-44,200,35,45,43,37,32,45,121,119,119,118,118,119,-999,-999,-4.90
6.989641189575195,-0.10970641012535785,-0.1480652947845739,0.21864564255753138,0.016877909250055056,-0.18642417944378992,0.2493327502849042,-0.10510334396625193,-0.33218794114881084,0.06521010392066726,-0.04142759543195332,-0.1741493363528408,0.08231559698401143,0,93,68,14,1,19,0,0,0,0,0,0,-24,500,412,176,-44,200,35,45,43,37,32,45,121,118,119,118,119,119,-999,-999,-4.90
7.005600690841675,-0.10970641012535785,-0.1480652947845739,0.21864564255753138,0.016877909250055056,-0.18642417944378992,0.2493327502849042,-0.10510334396625193,-0.3260505196033363,0.06521010392066726,-0.03682452927284739,-0.1741493363528408,0.08231559698401143,0,88,67,10,1,14,0,0,0,0,0,0,-24,476,412,164,-44,200,35,45,43,37,32,45,121,119,120,119,119,120,-999,-999,-4.90
7.0214996337890625,-0.10970641012535785,-0.1480652947845739,0.21864564255753138,0.016877909250055056,-0.18642417944378992,0.2493327502849042,-0.10510334396625193,-0.3183787426714931,0.06367574853429861,-0.030687107727372827,-0.1741493363528408,0.08231559698401143,0,76,67,7,1,16,0,0,0,0,0,0,-24,452,416,132,-44,200,35,45,43,37,32,45,121,119,119,119,119,119,-999,-999,-4.90
7.038503646850586,-0.10970641012535785,-0.1480652947845739,0.21864564255753138,0.016877909250055056,-0.18642417944378992,0.2493327502849042,-0.10663769935262057,-0.31224132112601855,0.06367574853429861,-0.029152752341004187,-0.17568369173920942,0.08231559698401143,0,70,67,7,1,18,0,0,0,0,0,0,-20,440,420,120,-40,200,35,45,43,37,32,45,121,119,119,119,119,119,-999,-999,-4.90
7.0546605587005615,-0.10970641012535785,-0.1480652947845739,0.21864564255753138,0.016877909250055056,-0.18642417944378992,0.2493327502849042,-0.10663769935262057,-0.30610389958054396,0.06367574853429861,-0.029152752341004187,-0.17568369173920942,0.08231559698401143,0,62,68,7,0,16,0,0,0,0,0,0,0,424,416,124,-36,200,35,45,43,37,32,45,121,119,120,119,119,119,-999,-999,-4.90
7.071065902709961,-0.10970641012535785,-0.1480652947845739,0.21864564255753138,0.016877909250055056,-0.18642417944378992,0.2493327502849042,-0.10663769935262057,-0.2999664780350694,0.06367574853429861,-0.027618396954635544,-0.17568369173920942,0.08231559698401143,0,59,73,6,0,14,0,0,0,0,0,0,0,400,416,124,-36,200,35,45,43,37,32,45,121,119,120,120,120,120,-999,-999,-4.90
7.087064504623413,-0.10970641012535785,-0.1480652947845739,0.21864564255753138,0.016877909250055056,-0.18642417944378992,0.2493327502849042,-0.10663769935262057,-0.29382905648959484,0.06214139314792997,-0.027618396954635544,-0.17568369173920942,0.08231559698401143,0,55,74,7,1,21,0,0,0,0,0,0,-20,392,420,128,-40,200,35,45,43,37,32,45,121,119,120,120,119,119,-999,-999,-4.90
7.1026341915130615,-0.10970641012535785,-0.1480652947845739,0.21864564255753138,0.016877909250055056,-0.18642417944378992,0.2493327502849042,-0.10663769935262057,-0.2892259903304889,0.06214139314792997,-0.027618396954635544,-0.17568369173920942,0.08231559698401143,0,52,73,7,1,19,0,0,0,0,0,0,-20,368,424,124,-40,200,35,45,43,37,32,45,121,119,120,120,119,120,-999,-999,-4.90
7.118511915206909,-0.10970641012535785,-0.1480652947845739,0.21864564255753138,0.016877909250055056,-0.18642417944378992,0.2493327502849042,-0.10663769935262057,-0.28462292417138296,0.06214139314792997,-0.027618396954635544,-0.17568369173920942,0.08231559698401143,0,52,71,7,0,14,0,0,0,0,0,0,-20,364,424,128,-40,200,35,45,43,37,32,45,122,119,120,119,119,119,-999,-999,-4.90
7.134655952453613,-0.10970641012535785,-0.1480652947845739,0.21864564255753138,0.016877909250055056,-0.18642417944378992,0.2493327502849042,-0.10663769935262057,-0.27848550262590843,0.06214139314792997,-0.027618396954635544,-0.17568369173920942,0.08231559698401143,0,43,67,7,1,16,0,0,0,0,0,0,-20,352,420,128,-40,200,35,45,43,37,32,45,122,120,120,120,119,119,-999,-999,-4.90
7.150641202926636,-0.10970641012535785,-0.1480652947845739,0.21864564255753138,0.016877909250055056,-0.18642417944378992,0.2493327502849042,-0.10663769935262057,-0.2738824364668025,0.06214139314792997,-0.027618396954635544,-0.17568369173920942,0.08231559698401143,0,41,68,7,1,16,0,0,0,0,0,0,-20,340,420,128,-40,200,35,45,43,37,32,45,122,119,120,119,120,120,-999,-999,-4.90
7.166517972946167,-0.10970641012535785,-0.1480652947845739,0.21864564255753138,0.016877909250055056,-0.18642417944378992,0.2493327502849042,-0.10663769935262057,-0.26927937030769655,0.06214139314792997,-0.027618396954635544,-0.17568369173920942,0.08231559698401143,0,40,70,7,0,16,0,0,0,0,0,0,-20,316,420,128,-40,200,35,45,43,37,32,45,122,120,120,120,119,120,-999,-999,-4.90
7.182652235031128,-0.10970641012535785,-0.1480652947845739,0.21864564255753138,0.016877909250055056,-0.18642417944378992,0.2493327502849042,-0.10663769935262057,-0.2646763041485906,0.06367574853429861,-0.026084041568266905,-0.17568369173920942,0.08231559698401143,0,39,74,8,1,17,0,0,0,0,0,0,-20,316,420,128,-40,200,35,45,43,37,32,45,122,119,120,120,120,120,-999,-999,-4.90
7.1995203495025635,-0.10970641012535785,-0.1480652947845739,0.21864564255753138,0.016877909250055056,-0.18642417944378992,0.2493327502849042,-0.10663769935262057,-0.26007323798948473,0.06367574853429861,-0.024549686181898265,-0.17568369173920942,0.08231559698401143,0,37,67,6,0,14,0,0,0,0,0,0,-20,300,416,120,-40,200,35,45,43,37,32,45,122,120,120,120,120,120,-999,-999,-4.90
7.214509963989258,-0.10970641012535785,-0.1480652947845739,0.21864564255753138,0.016877909250055056,-0.18642417944378992,0.2493327502849042,-0.10663769935262057,-0.2554701718303788,0.06367574853429861,-0.02301533079552962,-0.17568369173920942,0.08231559698401143,0,30,67,6,1,16,0,0,0,0,0,0,-20,288,412,116,-40,200,35,45,43,37,32,45,122,120,120,120,120,120,-999,-999,-4.90
7.230652570724487,-0.10970641012535785,-0.1480652947845739,0.21864564255753138,0.016877909250055056,-0.18642417944378992,0.2493327502849042,-0.10663769935262057,-0.25086710567127285,0.06367574853429861,-0.02148097540916098,-0.17568369173920942,0.08231559698401143,0,32,73,4,1,14,0,0,0,0,0,0,-20,280,416,112,-40,200,35,45,43,37,32,45,122,120,120,120,120,120,-999,-999,-4.90
7.2471160888671875,-0.10970641012535785,-0.1480652947845739,0.21864564255753138,0.016877909250055056,-0.18642417944378992,0.2493327502849042,-0.10663769935262057,-0.24626403951216694,0.06367574853429861,-0.02148097540916098,-0.17568369173920942,0.08231559698401143,0,24,72,4,1,14,0,0,0,0,0,0,-20,264,416,108,-40,200,35,45,43,37,32,45,122,120,120,120,120,120,-999,-999,-4.90
7.2626588344573975,-0.10970641012535785,-0.1480652947845739,0.21864564255753138,0.016877909250055056,-0.18642417944378992,0.2493327502849042,-0.10663769935262057,-0.24166097335306103,0.06367574853429861,-0.02148097540916098,-0.17568369173920942,0.08231559698401143,0,25,72,5,0,19,0,0,0,0,0,0,-20,252,416,108,-40,200,35,45,43,37,32,45,122,120,120,120,120,120,-999,-999,-4.90
7.278660774230957,-0.10970641012535785,-0.1480652947845739,0.21864564255753138,0.016877909250055056,-0.18642417944378992,0.2493327502849042,-0.10663769935262057,-0.23552355180758644,0.06367574853429861,-0.019946620022792336,-0.17568369173920942,0.08231559698401143,0,26,70,4,1,14,0,0,0,0,0,0,-20,244,416,112,-40,200,35,45,43,37,32,45,122,120,120,120,120,121,-999,-999,-4.90
7.295500993728638,-0.10970641012535785,-0.1480652947845739,0.21864564255753138,0.016877909250055056,-0.18642417944378992,0.2493327502849042,-0.10663769935262057,-0.2309204856484805,0.06367574853429861,-0.018412264636423696,-0.17568369173920942,0.08231559698401143,0,16,72,5,0,16,0,0,0,0,0,0,-20,228,416,104,-40,200,35,45,43,37,32,45,122,120,120,120,120,121,-999,-999,-4.90
7.310551881790161,-0.10970641012535785,-0.1480652947845739,0.21864564255753138,0.016877909250055056,-0.18642417944378992,0.2493327502849042,-0.10663769935262057,-0.22478306410300597,0.06367574853429861,-0.012274843090949132,-0.17568369173920942,0.08231559698401143,0,15,76,4,0,16,0,0,0,0,0,0,-20,208,416,100,-40,200,35,45,43,37,32,45,122,120,121,120,120,120,-999,-999,-4.90
7.327101230621338,-0.10970641012535785,-0.14653093939820525,0.21864564255753138,0.016877909250055056,-0.18642417944378992,0.2493327502849042,-0.10663769935262057,-0.22017999794390003,0.06367574853429861,-0.004603066159105924,-0.17568369173920942,0.08231559698401143,0,14,67,3,1,17,0,50,0,0,0,0,-20,200,416,84,-40,200,35,45,43,37,32,45,122,120,120,120,120,120,-999,-999,-4.90
7.343676805496216,-0.10970641012535785,-0.14653093939820525,0.21864564255753138,0.016877909250055056,-0.18642417944378992,0.2493327502849042,-0.10663769935262057,-0.21404257639842547,0.06367574853429861,0.007671776931843207,-0.17568369173920942,0.08231559698401143,0,12,72,2,1,14,0,50,0,0,0,0,-20,188,416,44,-40,200,35,45,43,37,32,45,122,121,121,120,120,121,-999,-999,-4.90
7.359673976898193,-0.10970641012535785,-0.14653093939820525,0.21864564255753138,0.016877909250055056,-0.18642417944378992,0.2493327502849042,-0.10663769935262057,-0.20943951023931956,0.06367574853429861,0.018412264636423696,-0.17568369173920942,0.08231559698401143,0,13,70,0,1,16,0,0,0,0,0,0,-20,172,416,-20,-40,200,35,45,43,37,32,45,122,121,120,120,119,120,-999,-999,-4.90
7.3751325607299805,-0.10970641012535785,-0.14653093939820525,0.21864564255753138,0.019946620022792336,-0.18642417944378992,0.2493327502849042,-0.10663769935262057,-0.20637079946658227,0.06367574853429861,0.030687107727372827,-0.17568369173920942,0.08231559698401143,0,11,65,0,1,16,0,0,0,0,0,0,-20,160,416,-52,-40,200,35,45,43,37,32,45,122,121,121,121,120,120,-999,-999,-4.90
7.39172887802124,-0.10970641012535785,-0.14653093939820525,0.21864564255753138,0.026084041568266905,-0.18642417944378992,0.2493327502849042,-0.10663769935262057,-0.20330208869384497,0.06367574853429861,0.04296195081832196,-0.17568369173920942,0.08231559698401143,0,11,67,0,1,19,0,0,0,0,0,0,-20,152,416,-64,-40,200,35,44,43,37,32,45,122,120,121,121,121,120,-999,-999,-4.90
7.407683372497559,-0.10970641012535785,-0.14653093939820525,0.21864564255753138,0.03375581850011011,-0.18642417944378992,0.2493327502849042,-0.10510334396625193,-0.2002333779211077,0.06367574853429861,0.05523679390927109,-0.17568369173920942,0.08231559698401143,0,14,72,0,1,16,0,0,0,250,0,0,-20,152,416,-48,-40,200,35,45,43,37,32,45,122,121,121,120,120,121,-999,-999,-4.90
7.42355751991272,-0.10970641012535785,-0.14653093939820525,0.21864564255753138,0.04142759543195332,-0.18642417944378992,0.2493327502849042,-0.10510334396625193,-0.19869902253473906,0.06367574853429861,0.06751163700022023,-0.17568369173920942,0.08231559698401143,0,8,64,0,1,14,0,0,0,250,0,0,-24,140,416,-76,-40,200,35,45,43,37,32,45,122,120,121,120,121,121,-999,-999,-4.90
7.439574241638184,-0.10970641012535785,-0.14653093939820525,0.21864564255753138,0.05216808313653381,-0.18642417944378992,0.2493327502849042,-0.10510334396625193,-0.19869902253473906,0.06367574853429861,0.07825212470480071,-0.17568369173920942,0.08231559698401143,0,8,72,0,1,16,0,0,0,350,0,0,-28,140,416,-72,-40,200,35,45,43,37,32,45,123,121,121,120,120,121,-999,-999,-4.90
7.456559419631958,-0.10970641012535785,-0.14499658401183663,0.21864564255753138,0.0629085708411143,-0.18642417944378992,0.2493327502849042,-0.10510334396625193,-0.19716466714837041,0.06367574853429861,0.0889926124093812,-0.17568369173920942,0.08231559698401143,0,8,68,0,1,16,0,0,0,400,0,0,-24,156,416,-64,-40,200,35,45,43,37,32,45,122,121,121,120,120,121,-999,-999,-4.90
7.471725225448608,-0.10970641012535785,-0.14499658401183663,0.21864564255753138,0.07211470315932615,-0.18642417944378992,0.2493327502849042,-0.10510334396625193,-0.19716466714837041,0.06367574853429861,0.10280181088669897,-0.17568369173920942,0.08231559698401143,1,7,68,0,1,16,0,50,0,400,0,0,-24,152,416,-68,-40,200,35,45,43,37,32,45,123,120,120,120,120,121,-999,-999,-4.90
7.487699747085571,-0.10970641012535785,-0.14499658401183663,0.21864564255753138,0.081320835477538,-0.18642417944378992,0.2493327502849042,-0.10510334396625193,-0.19716466714837041,0.06367574853429861,0.1150766539776481,-0.17568369173920942,0.08231559698401143,0,7,71,0,0,14,0,0,0,400,0,0,-24,144,416,-76,-40,200,35,45,43,37,32,45,122,120,121,120,121,120,-999,-999,-4.90
7.50356912612915,-0.10970641012535785,-0.14499658401183663,0.21864564255753138,0.09206132318211847,-0.18642417944378992,0.2493327502849042,-0.10510334396625193,-0.19716466714837041,0.06367574853429861,0.1288858524549659,-0.17568369173920942,0.08231559698401143,0,8,72,0,0,14,0,0,0,400,0,0,-24,148,416,-84,-40,200,35,45,43,43,32,45,122,120,121,121,120,120,-999,-999,-4.90
7.520612001419067,-0.10970641012535785,-0.14499658401183663,0.21864564255753138,0.10433616627306762,-0.18642417944378992,0.2493327502849042,-0.10510334396625193,-0.19716466714837041,0.06367574853429861,0.14269505093228363,-0.17568369173920942,0.08231559698401143,0,8,71,0,1,16,0,0,0,450,0,0,-24,148,416,-88,-40,200,35,45,43,37,32,45,122,121,121,120,120,121,-999,-999,-4.90
7.535675287246704,-0.10970641012535785,-0.14499658401183663,0.21711128717116276,0.1150766539776481,-0.18642417944378992,0.2493327502849042,-0.10663769935262057,-0.19716466714837041,0.06367574853429861,0.15650424940960142,-0.17568369173920942,0.08231559698401143,0,8,71,0,0,17,0,0,0,450,0,0,-20,148,412,-92,-40,200,35,45,43,43,32,45,122,121,121,120,121,120,-999,-999,-4.90
7.552572727203369,-0.10970641012535785,-0.14499658401183663,0.21711128717116276,0.12735149706859722,-0.18642417944378992,0.2493327502849042,-0.10663769935262057,-0.19716466714837041,0.06367574853429861,0.1703134478869192,-0.17568369173920942,0.08231559698401143,0,7,69,0,1,18,0,0,0,450,0,0,0,148,408,-96,-40,200,35,45,43,37,32,45,122,120,121,121,121,120,-999,-999,-4.90
7.568119287490845,-0.10970641012535785,-0.14499658401183663,0.21711128717116276,0.141160695545915,-0.18642417944378992,0.2493327502849042,-0.10663769935262057,-0.19716466714837041,0.06367574853429861,0.18412264636423695,-0.17568369173920942,0.08231559698401143,0,8,71,0,0,19,0,0,-50,500,0,0,-20,148,412,-100,-40,200,35,45,43,37,32,45,122,121,121,121,120,121,-999,-999,-4.90
7.583734512329102,-0.10970641012535785,-0.14499658401183663,0.21711128717116276,0.15496989402323277,-0.18642417944378992,0.2493327502849042,-0.10663769935262057,-0.19716466714837041,0.06367574853429861,0.19793184484155474,-0.17568369173920942,0.08231559698401143,0,7,64,0,1,16,0,0,0,500,0,0,-20,148,412,-100,-40,200,35,46,43,37,32,45,122,121,121,121,121,121,-999,-999,-4.90
7.599564552307129,-0.10970641012535785,-0.14346222862546795,0.21711128717116276,0.1672447371141819,-0.18642417944378992,0.2493327502849042,-0.10663769935262057,-0.19716466714837041,0.06367574853429861,0.2117410433188725,-0.17568369173920942,0.08231559698401143,0,8,69,0,1,17,0,0,0,550,0,0,-20,148,412,-104,-40,200,35,45,43,37,32,45,122,121,121,120,120,121,-999,-999,-4.90
7.615741729736328,-0.10970641012535785,-0.14346222862546795,0.21711128717116276,0.17951958020513106,-0.18642417944378992,0.2493327502849042,-0.10663769935262057,-0.19716466714837041,0.06214139314792997,0.2270845971825589,-0.17568369173920942,0.08231559698401143,0,8,69,0,1,17,0,0,0,500,0,0,-20,156,416,-108,-40,200,35,45,43,41,32,45,122,120,121,120,120,121,-999,-999,-4.90
7.632695436477661,-0.10970641012535785,-0.14346222862546795,0.21711128717116276,0.1933287786824488,-0.18642417944378992,0.2493327502849042,-0.10663769935262057,-0.19716466714837041,0.06214139314792997,0.23935944027350803,-0.17568369173920942,0.08231559698401143,1,8,71,0,1,14,0,50,0,500,0,0,-20,156,420,-104,-40,200,35,45,43,37,32,45,122,121,121,121,121,121,-999,-999,-4.90
7.6485559940338135,-0.10970641012535785,-0.14346222862546795,0.21711128717116276,0.2071379771597666,-0.18642417944378992,0.2493327502849042,-0.10663769935262057,-0.19716466714837041,0.06214139314792997,0.25316863875082585,-0.17568369173920942,0.08231559698401143,0,8,71,0,1,18,0,0,0,550,0,0,-20,152,416,-104,-40,200,35,45,43,37,32,45,122,121,121,121,120,120,-999,-999,-4.90
7.664119482040405,-0.10970641012535785,-0.14346222862546795,0.21711128717116276,0.22094717563708435,-0.18642417944378992,0.2493327502849042,-0.10663769935262057,-0.19716466714837041,0.06214139314792997,0.2669778372281436,-0.17568369173920942,0.08231559698401143,0,8,65,0,0,16,0,0,0,550,0,0,-20,152,416,-104,-40,200,35,46,43,37,32,46,123,121,121,121,120,121,-999,-999,-4.90
7.680586099624634,-0.10970641012535785,-0.14346222862546795,0.21864564255753138,0.2332220187280335,-0.18642417944378992,0.2493327502849042,-0.10663769935262057,-0.19563031176200177,0.06214139314792997,0.28232139109183,-0.17568369173920942,0.08231559698401143,0,8,70,0,1,16,0,0,0,550,0,0,-20,152,416,-104,-40,200,35,45,43,37,32,45,122,121,121,121,120,120,-999,-999,-4.90
7.696124792098999,-0.10970641012535785,-0.14346222862546795,0.21864564255753138,0.24703121720535126,-0.18642417944378992,0.2493327502849042,-0.10663769935262057,-0.19563031176200177,0.06214139314792997,0.2961305895691478,-0.17568369173920942,0.08231559698401143,0,8,70,0,0,14,0,0,50,500,0,0,-20,144,420,-112,-40,200,35,45,43,37,32,45,122,121,121,120,120,120,-999,-999,-4.90
7.712599992752075,-0.10970641012535785,-0.14346222862546795,0.21864564255753138,0.26237477106903767,-0.18642417944378992,0.2493327502849042,-0.10663769935262057,-0.19563031176200177,0.06214139314792997,0.30993978804646555,-0.17568369173920942,0.08231559698401143,0,7,75,0,1,16,0,0,50,500,0,0,-20,148,424,-112,-40,200,35,45,43,37,32,45,122,121,121,120,121,121,-999,-999,-4.90
7.728679418563843,-0.10970641012535785,-0.14346222862546795,0.21864564255753138,0.27618396954635543,-0.18642417944378992,0.2493327502849042,-0.10663769935262057,-0.19563031176200177,0.06214139314792997,0.32374898652378337,-0.17568369173920942,0.08231559698401143,0,8,71,0,1,20,0,0,0,600,0,0,-20,148,420,-112,-40,200,35,45,43,37,32,45,123,121,121,120,120,121,-999,-999,-4.90
7.745609760284424,-0.10970641012535785,-0.14346222862546795,0.21864564255753138,0.28999316802367325,-0.18642417944378992,0.2493327502849042,-0.10663769935262057,-0.19563031176200177,0.06214139314792997,0.3375581850011011,-0.17568369173920942,0.08231559698401143,0,8,66,0,1,16,0,0,0,550,0,0,-20,148,420,-112,-40,200,35,45,43,37,32,45,122,121,121,120,121,121,-999,-999,-4.90
7.760714769363403,-0.10970641012535785,-0.14346222862546795,0.21864564255753138,0.3053367218873596,-0.18642417944378992,0.2493327502849042,-0.10663769935262057,-0.19563031176200177,0.06214139314792997,0.35136738347841884,-0.17568369173920942,0.08231559698401143,0,8,68,0,1,16,0,0,0,600,0,0,-20,148,420,-104,-40,200,35,45,43,37,33,45,122,121,121,121,121,120,-999,-999,-4.90
7.776739835739136,-0.10970641012535785,-0.14346222862546795,0.21864564255753138,0.3176115649783087,-0.18642417944378992,0.2493327502849042,-0.10663769935262057,-0.19563031176200177,0.06214139314792997,0.363642226569368,-0.17568369173920942,0.08231559698401143,0,8,67,0,1,16,0,0,0,550,0,0,-20,148,420,-108,-40,200,35,45,43,37,32,45,122,121,121,121,120,121,-999,-999,-4.90
7.792760133743286,-0.10970641012535785,-0.14346222862546795,0.21864564255753138,0.3298864080692579,-0.18642417944378992,0.2493327502849042,-0.10663769935262057,-0.19409595637563312,0.06214139314792997,0.3789857804330544,-0.17568369173920942,0.08231559698401143,0,8,72,0,1,19,0,0,0,550,0,0,-20,148,420,-108,-40,200,35,45,43,37,32,45,122,120,121,120,120,121,-999,-999,-4.90
7.8087427616119385,-0.10970641012535785,-0.14346222862546795,0.21864564255753138,0.34369560654657566,-0.18642417944378992,0.2493327502849042,-0.10510334396625193,-0.19409595637563312,0.06214139314792997,0.39432933429674083,-0.17568369173920942,0.08231559698401143,0,7,73,0,1,16,0,0,0,550,0,0,-20,144,420,-108,-40,200,35,45,43,37,32,45,122,121,121,120,120,121,-999,-999,-4.90
7.824716806411743,-0.10970641012535785,-0.14346222862546795,0.21864564255753138,0.3575048050238934,-0.18642417944378992,0.2493327502849042,-0.10510334396625193,-0.19409595637563312,0.06214139314792997,0.40967288816042724,-0.17568369173920942,0.08231559698401143,0,7,70,0,1,16,0,0,0,550,0,0,-28,140,420,-112,-40,200,35,45,43,37,32,46,122,120,121,121,120,120,-999,-999,-4.90
7.840163230895996,-0.10970641012535785,-0.14346222862546795,0.21864564255753138,0.36977964811484254,-0.18642417944378992,0.2493327502849042,-0.10510334396625193,-0.19409595637563312,0.06214139314792997,0.42501644202411365,-0.17568369173920942,0.08231559698401143,0,7,68,0,1,16,0,0,0,500,0,0,-28,144,420,-124,-40,200,35,45,43,37,32,45,122,121,121,120,120,121,-999,-999,-4.90
7.85675048828125,-0.10970641012535785,-0.14346222862546795,0.21711128717116276,0.38512320197852895,-0.18642417944378992,0.2493327502849042,-0.10510334396625193,-0.19409595637563312,0.06214139314792997,0.4418943512741687,-0.17568369173920942,0.08231559698401143,1,7,68,1,0,16,0,0,0,550,0,0,-24,144,416,-128,-40,200,35,45,43,36,32,45,122,121,121,120,120,120,-999,-999,-4.90
7.872606992721558,-0.10970641012535785,-0.14346222862546795,0.21711128717116276,0.39893240045584677,-0.18642417944378992,0.2493327502849042,-0.1035689885798833,-0.19409595637563312,0.06214139314792997,0.45877226052422376,-0.17568369173920942,0.08231559698401143,0,8,67,0,1,16,0,0,-50,600,0,0,-24,144,412,-124,-40,200,35,45,43,37,32,45,123,121,121,120,120,121,-999,-999,-4.90
7.8886189460754395,-0.10970641012535785,-0.14346222862546795,0.21711128717116276,0.4142759543195332,-0.18642417944378992,0.2493327502849042,-0.1035689885798833,-0.19409595637563312,0.06214139314792997,0.4756501697742788,-0.17568369173920942,0.08231559698401143,0,8,65,0,1,14,0,0,-50,600,0,0,-32,144,416,-128,-40,200,35,45,43,37,32,45,122,121,121,121,120,121,-999,-999,-4.90
7.903597593307495,-0.10970641012535785,-0.14346222862546795,0.21711128717116276,0.42808515279685094,-0.18642417944378992,0.2493327502849042,-0.1035689885798833,-0.19409595637563312,0.06214139314792997,0.4925280790243339,-0.17568369173920942,0.08231559698401143,1,7,71,0,1,19,0,0,0,600,0,0,-28,144,416,-136,-40,200,35,45,43,37,32,45,123,120,121,120,120,121,-999,-999,-4.90
7.920598983764648,-0.10970641012535785,-0.14346222862546795,0.21711128717116276,0.44649741743327465,-0.18642417944378992,0.2493327502849042,-0.1035689885798833,-0.19409595637563312,0.06214139314792997,0.5094059882743889,-0.17568369173920942,0.08231559698401143,1,7,67,0,0,16,0,0,0,600,0,0,-28,144,416,-140,-40,200,35,45,43,37,32,45,122,121,121,120,121,120,-999,-999,-4.90
7.9366514682769775,-0.10970641012535785,-0.14346222862546795,0.21711128717116276,0.461840971296961,-0.18642417944378992,0.2493327502849042,-0.1035689885798833,-0.19256160098926448,0.06214139314792997,0.5262838975244439,-0.17568369173920942,0.08231559698401143,0,8,67,0,1,16,0,0,0,700,0,0,-28,144,416,-132,-40,200,35,45,43,39,32,45,122,120,121,120,121,120,-999,-999,-4.90
7.953197956085205,-0.10970641012535785,-0.14346222862546795,0.21711128717116276,0.47718452516064747,-0.18642417944378992,0.2493327502849042,-0.1035689885798833,-0.19256160098926448,0.06214139314792997,0.543161806774499,-0.17568369173920942,0.08231559698401143,1,7,65,0,1,17,0,0,0,600,0,0,-28,136,416,-148,-40,200,35,45,43,37,32,45,122,121,121,120,120,121,-999,-999,-4.90
7.969648599624634,-0.10970641012535785,-0.14346222862546795,0.21711128717116276,0.4940624344107025,-0.18642417944378992,0.2493327502849042,-0.1035689885798833,-0.19256160098926448,0.06367574853429861,0.5615740714109227,-0.17568369173920942,0.08231559698401143,0,7,67,0,1,14,0,0,0,600,0,0,-28,136,416,-152,-40,200,35,45,43,37,32,45,122,121,121,120,120,121,-999,-999,-4.90
7.986637353897095,-0.10970641012535785,-0.14346222862546795,0.21711128717116276,0.5109403436607576,-0.18642417944378992,0.2493327502849042,-0.1035689885798833,-0.19256160098926448,0.06367574853429861,0.5799863360473465,-0.17568369173920942,0.08231559698401143,0,7,62,0,1,15,0,0,0,650,0,0,-28,140,408,-152,-40,200,35,45,43,37,32,45,122,120,121,120,120,121,-999,-999,-4.90
8.001721620559692,-0.10970641012535785,-0.14346222862546795,0.21711128717116276,0.5262838975244439,-0.18642417944378992,0.2493327502849042,-0.1035689885798833,-0.19256160098926448,0.06367574853429861,0.5983986006837702,-0.17568369173920942,0.08231559698401143,0,7,68,0,1,16,0,0,0,650,0,0,-28,140,412,-152,-40,200,35,45,43,37,32,45,123,121,121,121,120,120,-999,-999,-4.90
8.017775058746338,-0.10970641012535785,-0.14346222862546795,0.21711128717116276,0.5446961621608677,-0.18642417944378992,0.2493327502849042,-0.1035689885798833,-0.19256160098926448,0.06367574853429861,0.6183452207065625,-0.17568369173920942,0.08231559698401143,0,7,69,0,0,18,0,0,0,650,0,0,-28,140,412,-160,-40,200,35,45,43,37,32,45,123,120,121,120,121,120,-999,-999,-4.90
8.033204078674316,-0.10970641012535785,-0.14346222862546795,0.21711128717116276,0.5615740714109227,-0.18642417944378992,0.2493327502849042,-0.1035689885798833,-0.19256160098926448,0.06367574853429861,0.6367574853429862,-0.17568369173920942,0.08231559698401143,0,7,64,0,1,18,0,0,0,700,0,0,-28,140,412,-160,-40,200,35,45,43,37,32,45,122,121,121,120,120,121,-999,-999,-4.90
8.049609661102295,-0.10970641012535785,-0.14346222862546795,0.21711128717116276,0.5784519806609778,-0.18642417944378992,0.2493327502849042,-0.1035689885798833,-0.19256160098926448,0.06367574853429861,0.6567041053657785,-0.17568369173920942,0.08231559698401143,1,7,69,0,0,19,0,0,0,700,0,0,-28,140,412,-172,-40,200,35,45,43,37,32,45,122,120,121,121,120,121,-999,-999,-4.90
8.064754247665405,-0.10970641012535785,-0.14346222862546795,0.21711128717116276,0.5968642452974015,-0.18642417944378992,0.2493327502849042,-0.1035689885798833,-0.19256160098926448,0.06367574853429861,0.6751163700022021,-0.17568369173920942,0.08231559698401143,0,7,64,0,1,16,0,0,0,700,0,0,-28,140,412,-172,-40,200,35,45,43,37,32,45,122,121,121,120,120,121,-999,-999,-4.90
8.081782817840576,-0.10970641012535785,-0.14346222862546795,0.21711128717116276,0.6152765099338252,-0.18642417944378992,0.2493327502849042,-0.10203463319351465,-0.19256160098926448,0.06367574853429861,0.6919942792522573,-0.17568369173920942,0.08231559698401143,0,7,65,0,1,20,0,0,0,750,0,0,-28,140,412,-164,-40,200,35,45,43,37,32,45,123,121,121,120,120,121,-999,-999,-4.90
8.097599267959595,-0.10970641012535785,-0.14346222862546795,0.21711128717116276,0.6336887745702489,-0.18642417944378992,0.2493327502849042,-0.10203463319351465,-0.19256160098926448,0.06367574853429861,0.7088721885023123,-0.17568369173920942,0.08231559698401143,0,7,66,0,1,18,0,0,0,750,0,0,-32,140,412,-164,-40,200,35,45,43,37,32,45,122,120,121,120,121,121,-999,-999,-4.90
8.11377239227295,-0.10970641012535785,-0.14346222862546795,0.21711128717116276,0.650566683820304,-0.18642417944378992,0.2493327502849042,-0.10203463319351465,-0.19256160098926448,0.06367574853429861,0.7242157423659987,-0.17568369173920942,0.08231559698401143,0,7,64,0,0,15,0,0,0,700,0,0,-36,140,412,-168,-40,200,35,45,43,37,32,45,123,121,121,120,120,121,-999,-999,-4.90
8.129197359085083,-0.10970641012535785,-0.14346222862546795,0.21711128717116276,0.667444593070359,-0.18642417944378992,0.2493327502849042,-0.10203463319351465,-0.19102724560289586,0.06367574853429861,0.7410936516160538,-0.17568369173920942,0.08231559698401143,0,7,66,0,0,18,0,0,0,700,0,0,-32,140,412,-160,-40,200,35,45,43,37,32,45,122,120,121,120,121,121,-999,-999,-4.90
8.145778179168701,-0.10970641012535785,-0.14346222862546795,0.21711128717116276,0.6858568577067827,-0.18642417944378992,0.2493327502849042,-0.10203463319351465,-0.19102724560289586,0.06367574853429861,0.7564372054797402,-0.17568369173920942,0.08231559698401143,0,6,66,0,1,16,0,0,0,700,0,0,-32,136,412,-152,-40,200,35,45,43,37,32,45,122,121,121,117,121,121,-999,-999,-4.90
8.161773204803467,-0.10970641012535785,-0.14346222862546795,0.21711128717116276,0.7027347669568377,-0.18642417944378992,0.2493327502849042,-0.10203463319351465,-0.19102724560289586,0.06367574853429861,0.7717807593434266,-0.17568369173920942,0.08231559698401143,1,6,64,0,1,15,0,0,0,700,0,0,-32,132,412,-152,-40,200,35,45,43,37,32,45,122,121,121,121,120,120,-999,-999,-4.90
8.177773237228394,-0.10970641012535785,-0.14346222862546795,0.21711128717116276,0.7196126762068928,-0.18642417944378992,0.2493327502849042,-0.10203463319351465,-0.19102724560289586,0.06367574853429861,0.7855899578207445,-0.17568369173920942,0.08231559698401143,1,7,68,0,1,16,0,0,0,700,0,0,-32,136,412,-152,-40,200,35,45,43,37,32,45,123,121,121,120,121,120,-999,-999,-4.90
8.19380784034729,-0.10970641012535785,-0.14346222862546795,0.21711128717116276,0.7364905854569478,-0.18642417944378992,0.2493327502849042,-0.10203463319351465,-0.1894928902165272,0.06367574853429861,0.7978648009116935,-0.17568369173920942,0.08231559698401143,0,6,71,0,0,16,0,0,0,700,0,0,-32,136,412,-148,-40,200,35,45,43,37,32,45,122,121,121,120,120,121,-999,-999,-4.90
8.210233449935913,-0.10970641012535785,-0.14499658401183663,0.21711128717116276,0.7518341393206344,-0.18642417944378992,0.2493327502849042,-0.10203463319351465,-0.18642417944378992,0.06367574853429861,0.8116739993890113,-0.17568369173920942,0.08231559698401143,0,5,66,0,1,14,0,0,0,700,0,0,-32,128,412,-136,-40,200,35,45,43,37,32,45,122,121,121,120,120,121,-999,-999,-4.90
8.226207256317139,-0.10970641012535785,-0.14499658401183663,0.21711128717116276,0.7671776931843207,-0.18642417944378992,0.2493327502849042,-0.10203463319351465,-0.181821113284684,0.06367574853429861,0.8239488424799605,-0.17568369173920942,0.08231559698401143,1,4,64,0,1,18,0,-50,0,650,0,0,-32,116,412,-132,-40,200,35,45,43,37,32,45,122,121,121,121,121,121,-999,-999,-4.90
8.24164366722107,-0.10970641012535785,-0.14499658401183663,0.21711128717116276,0.7809868916616384,-0.18642417944378992,0.2493327502849042,-0.10203463319351465,-0.17721804712557807,0.06367574853429861,0.834689330184541,-0.17568369173920942,0.08231559698401143,1,3,73,0,1,15,0,0,0,600,0,0,-32,96,412,-132,-40,200,35,45,43,37,32,45,122,121,121,121,120,121,-999,-999,-4.90
8.258802652359009,-0.10970641012535785,-0.14499658401183663,0.21711128717116276,0.7963304455253248,-0.18642417944378992,0.2493327502849042,-0.10203463319351465,-0.16954627019373486,0.06367574853429861,0.8454298178891214,-0.17568369173920942,0.08231559698401143,1,3,70,0,1,14,0,0,0,600,0,0,-32,80,412,-120,-40,200,35,45,43,37,32,45,122,120,121,121,121,121,-999,-999,-4.90
8.275659561157227,-0.10970641012535785,-0.14346222862546795,0.21711128717116276,0.808605288616274,-0.18642417944378992,0.2493327502849042,-0.10203463319351465,-0.1634088486482603,0.06367574853429861,0.8561703055937019,-0.17568369173920942,0.08231559698401143,0,2,63,0,1,15,0,0,0,550,0,0,-32,64,412,-112,-40,200,35,45,43,37,32,45,122,121,121,120,120,121,-999,-999,-4.90
8.29081130027771,-0.10970641012535785,-0.1419278732390993,0.21711128717116276,0.8208801317072232,-0.18642417944378992,0.2493327502849042,-0.10203463319351465,-0.1557370717164171,0.06214139314792997,0.8669107932982824,-0.17568369173920942,0.08231559698401143,0,1,67,0,1,19,0,50,0,500,0,0,-32,40,416,-108,-40,200,35,45,43,37,32,45,122,121,121,120,120,121,-999,-999,-4.90
8.306220769882202,-0.10970641012535785,-0.1373248070799934,0.21711128717116276,0.8316206194118037,-0.18642417944378992,0.2493327502849042,-0.10203463319351465,-0.14959965017094254,0.06060703776156134,0.8761169256164942,-0.17568369173920942,0.08231559698401143,1,2,67,0,1,18,0,50,0,500,0,0,-32,36,424,-104,-40,200,35,45,43,37,32,45,123,121,121,120,120,121,-999,-999,-4.90
8.32282042503357,-0.10970641012535785,-0.13118738553451884,0.21711128717116276,0.8423611071163841,-0.18642417944378992,0.2493327502849042,-0.10203463319351465,-0.1419278732390993,0.06060703776156134,0.8837887025483374,-0.17568369173920942,0.08231559698401143,1,3,72,0,1,16,0,200,0,500,0,0,-32,44,424,-104,-40,200,35,45,43,37,32,45,122,121,121,121,121,121,-999,-999,-4.90
8.338663339614868,-0.10970641012535785,-0.12351560860267563,0.21557693178479412,0.8546359502073332,-0.18642417944378992,0.2493327502849042,-0.10203463319351465,-0.13425609630725613,0.05907268237519269,0.8929948348665493,-0.17568369173920942,0.08231559698401143,0,2,64,0,1,16,0,250,0,450,0,0,-32,56,416,-100,-40,200,35,45,43,37,32,45,123,120,121,121,121,121,-999,-999,-4.90
8.354691505432129,-0.10970641012535785,-0.11737818705720107,0.21557693178479412,0.8653764379119138,-0.18642417944378992,0.2493327502849042,-0.10203463319351465,-0.12811867476178154,0.05753832698882405,0.9006666117983925,-0.17568369173920942,0.08231559698401143,1,2,74,0,0,16,0,250,-50,450,0,0,-32,40,432,-92,-40,200,35,45,43,37,32,45,122,121,121,121,120,120,-999,-999,-4.90
8.369707584381104,-0.10970641012535785,-0.10970641012535785,0.21557693178479412,0.8745825702301255,-0.18642417944378992,0.2493327502849042,-0.10203463319351465,-0.12198125321630698,0.05600397160245541,0.9083383887302356,-0.17568369173920942,0.08231559698401143,1,3,71,0,1,19,0,250,0,400,0,0,-32,52,436,-84,-40,200,35,45,43,37,32,45,122,120,121,120,120,121,-999,-999,-4.90
8.386855602264404,-0.10970641012535785,-0.1035689885798833,0.21557693178479412,0.8837887025483374,-0.18642417944378992,0.2493327502849042,-0.10203463319351465,-0.11584383167083243,0.05600397160245541,0.9160101656620788,-0.17568369173920942,0.08231559698401143,1,3,76,0,1,17,0,300,0,400,0,0,-32,56,432,-76,-40,200,35,45,43,37,32,45,122,121,121,120,120,121,-999,-999,-4.90
8.403238296508789,-0.10970641012535785,-0.09743156703440872,0.21557693178479412,0.8929948348665493,-0.18642417944378992,0.2493327502849042,-0.10203463319351465,-0.10970641012535785,0.05446961621608677,0.9206132318211848,-0.17568369173920942,0.08231559698401143,0,2,75,0,1,19,0,250,0,400,0,0,-32,56,432,-76,-40,200,35,45,43,37,32,45,122,121,121,120,120,121,-999,-999,-4.90
8.418726682662964,-0.10970641012535785,-0.09129414548893416,0.21557693178479412,0.9006666117983925,-0.18642417944378992,0.2493327502849042,-0.10203463319351465,-0.10510334396625193,0.05446961621608677,0.9267506533666594,-0.17568369173920942,0.08231559698401143,0,3,71,0,1,0,0,250,0,350,0,0,-32,56,436,-72,-40,200,35,45,42,37,32,45,122,120,121,121,120,120,-999,-999,-4.90
8.435267448425293,-0.10970641012535785,-0.08208801317072231,0.21557693178479412,0.9083383887302356,-0.18642417944378992,0.2493327502849042,-0.10203463319351465,-0.09896592242077737,0.05446961621608677,0.932888074912134,-0.17568369173920942,0.08231559698401143,1,3,69,0,1,16,0,250,0,350,0,0,-32,56,432,-52,-40,200,35,45,43,37,32,45,122,121,121,121,121,121,-999,-999,-4.90
8.450709104537964,-0.10970641012535785,-0.07595059162524774,0.21557693178479412,0.9160101656620788,-0.18642417944378992,0.2493327502849042,-0.100500277807146,-0.09436285626167144,0.05446961621608677,0.9405598518439772,-0.17568369173920942,0.08231559698401143,0,5,74,0,1,16,0,300,0,300,0,0,-32,84,432,-68,-40,200,35,45,43,37,32,45,123,120,121,120,121,120,-999,-999,-4.90
8.46581220626831,-0.10970641012535785,-0.06981317007977318,0.21557693178479412,0.9206132318211848,-0.18642417944378992,0.2493327502849042,-0.100500277807146,-0.08975979010256553,0.05446961621608677,0.9482316287758203,-0.17568369173920942,0.08231559698401143,1,3,71,0,1,21,0,300,0,300,0,0,-36,68,432,-64,-40,200,35,45,43,37,32,45,122,121,121,120,120,121,-999,-999,-4.90
8.483675956726074,-0.10970641012535785,-0.06521010392066726,0.21557693178479412,0.9298193641393967,-0.18642417944378992,0.2493327502849042,-0.100500277807146,-0.08669107932982824,0.05446961621608677,0.9559034057076635,-0.17568369173920942,0.08231559698401143,1,3,69,0,0,18,0,250,0,250,0,0,-40,68,432,-72,-40,200,35,45,43,37,32,45,122,120,121,121,120,120,-999,-999,-4.90
8.499823570251465,-0.10970641012535785,-0.05907268237519269,0.21557693178479412,0.9359567856848713,-0.18642417944378992,0.2493327502849042,-0.100500277807146,-0.08208801317072231,0.05446961621608677,0.9635751826395068,-0.17568369173920942,0.08231559698401143,1,4,72,0,1,19,0,200,0,300,0,0,-36,76,432,-76,-40,200,35,45,43,37,32,45,123,121,121,120,120,121,-999,-999,-4.90
8.515729904174805,-0.10970641012535785,-0.05446961621608677,0.21557693178479412,0.9436285626167145,-0.18642417944378992,0.2493327502849042,-0.100500277807146,-0.07901930239798503,0.05446961621608677,0.97124695957135,-0.17568369173920942,0.08231559698401143,0,6,72,0,1,16,0,200,0,300,0,0,-36,92,432,-60,-40,200,35,45,43,37,32,45,122,121,121,120,120,120,-999,-999,-4.90
8.531824111938477,-0.10970641012535785,-0.04679783928424356,0.21557693178479412,0.9497659841621889,-0.18642417944378992,0.2493327502849042,-0.100500277807146,-0.07595059162524774,0.05446961621608677,0.9789187365031932,-0.17568369173920942,0.08231559698401143,1,5,72,1,1,15,0,200,0,250,0,0,-36,88,432,-88,-40,200,35,45,43,37,32,45,122,121,121,120,120,121,-999,-999,-4.90
8.547736167907715,-0.10970641012535785,-0.042194773125137634,0.21557693178479412,0.9589721164804008,-0.18642417944378992,0.2493327502849042,-0.100500277807146,-0.07288188085251047,0.05446961621608677,0.9865905134350363,-0.17568369173920942,0.08231559698401143,0,7,70,0,0,14,0,250,0,250,0,0,-36,104,432,-76,-40,200,35,45,43,37,32,45,122,121,121,120,120,120,-999,-999,-4.90
8.56382942199707,-0.10970641012535785,-0.03759170696603171,0.21557693178479412,0.9666438934122441,-0.18642417944378992,0.2493327502849042,-0.100500277807146,-0.06981317007977318,0.05446961621608677,0.9927279349805109,-0.17568369173920942,0.08231559698401143,1,6,71,0,1,18,0,250,0,300,0,0,-36,112,432,-76,-40,200,35,45,43,37,32,45,123,120,120,121,120,120,-999,-999,-4.90
8.579745292663574,-0.10970641012535785,-0.03452299619329443,0.21557693178479412,0.9743156703440873,-0.18642417944378992,0.2493327502849042,-0.100500277807146,-0.06827881469340454,0.05446961621608677,1.001934067298723,-0.17568369173920942,0.08231559698401143,1,5,71,0,1,16,0,150,0,350,0,0,-36,108,432,-68,-40,200,35,45,43,37,32,45,122,121,121,121,120,120,-999,-999,-4.90
8.595721006393433,-0.10970641012535785,-0.03452299619329443,0.21557693178479412,0.9804530918895619,-0.18642417944378992,0.2493327502849042,-0.100500277807146,-0.06521010392066726,0.05446961621608677,1.009605844230566,-0.17568369173920942,0.08231559698401143,1,4,73,0,1,16,0,100,0,300,0,0,-36,104,432,-64,-40,200,35,45,43,37,32,45,122,120,121,120,120,120,-999,-999,-4.90
8.611757755279541,-0.10970641012535785,-0.03452299619329443,0.21557693178479412,0.988124868821405,-0.18642417944378992,0.2493327502849042,-0.100500277807146,-0.06214139314792997,0.05446961621608677,1.0188119765487778,-0.17568369173920942,0.08231559698401143,1,3,77,0,0,19,0,100,0,250,0,0,-36,84,432,-96,-40,200,35,45,43,37,32,45,122,121,121,120,120,120,-999,-999,-4.90
8.627830982208252,-0.10970641012535785,-0.03452299619329443,0.21557693178479412,0.9957966457532483,-0.18642417944378992,0.2493327502849042,-0.09896592242077737,-0.05907268237519269,0.05446961621608677,1.026483753480621,-0.17568369173920942,0.08231559698401143,0,2,76,0,1,17,0,0,0,250,0,0,-36,72,432,-88,-40,200,35,45,43,37,32,45,122,120,121,120,121,121,-999,-999,-4.90
8.644708633422852,-0.10970641012535785,-0.03452299619329443,0.21557693178479412,1.0034684226850914,-0.18642417944378992,0.2493327502849042,-0.09589721164804009,-0.05753832698882405,0.05446961621608677,1.035689885798833,-0.17568369173920942,0.08231559698401143,1,2,71,0,1,14,0,0,0,300,0,0,-40,64,432,-84,-40,200,35,45,43,37,32,45,122,120,121,120,120,120,-999,-999,-4.90
8.659723997116089,-0.10970641012535785,-0.03452299619329443,0.21557693178479412,1.0111401996169347,-0.18642417944378992,0.2493327502849042,-0.0928285008753028,-0.052935260829718125,0.05446961621608677,1.0418273073443074,-0.17568369173920942,0.08231559698401143,1,2,70,0,1,16,0,0,0,350,0,0,-56,64,432,-76,-40,200,35,45,43,37,32,45,123,121,121,121,120,120,-999,-999,-4.90
8.67574954032898,-0.10970641012535785,-0.03452299619329443,0.21557693178479412,1.0188119765487778,-0.18642417944378992,0.2493327502849042,-0.0928285008753028,-0.049866550056980846,0.05446961621608677,1.0494990842761507,-0.17568369173920942,0.08231559698401143,2,1,70,0,1,16,0,0,0,300,0,0,-64,56,432,-88,-40,200,35,45,43,37,32,45,123,120,121,121,121,121,-999,-999,-4.90
8.690867185592651,-0.10970641012535785,-0.03452299619329443,0.21557693178479412,1.0249493980942523,-0.18642417944378992,0.2493327502849042,-0.0928285008753028,-0.04679783928424356,0.05446961621608677,1.0587052165943625,-0.17568369173920942,0.08231559698401143,1,0,78,0,0,19,0,0,0,300,0,0,-60,32,432,-76,-40,200,35,45,43,37,32,45,122,121,121,120,120,121,-999,-999,-4.90
8.706876039505005,-0.10817205473898922,-0.03452299619329443,0.21404257639842547,1.0326211750260956,-0.18642417944378992,0.2493327502849042,-0.0928285008753028,-0.04372912851150628,0.05446961621608677,1.0648426381398373,-0.17568369173920942,0.08231559698401143,0,1,70,1,2,16,0,0,0,300,0,0,-56,40,432,-92,-40,200,35,45,43,37,32,45,122,121,121,120,120,120,-999,-999,-4.90
8.723729610443115,-0.10663769935262057,-0.03452299619329443,0.21404257639842547,1.0418273073443074,-0.18488982405742127,0.2493327502849042,-0.09129414548893416,-0.039126062352400355,0.05446961621608677,1.0709800596853116,-0.17568369173920942,0.08231559698401143,1,0,72,0,1,18,50,0,0,300,0,0,-44,32,424,-88,-40,200,35,45,43,37,32,45,123,121,121,120,120,121,-999,-999,-4.90
8.740755081176758,-0.10663769935262057,-0.03452299619329443,0.21404257639842547,1.0494990842761507,-0.18488982405742127,0.2493327502849042,-0.09129414548893416,-0.036057351579663076,0.05446961621608677,1.0771174812307862,-0.17568369173920942,0.08231559698401143,1,0,69,0,1,15,50,0,-50,300,50,0,-48,-20,428,-76,-36,200,35,45,43,37,32,45,123,121,121,121,120,121,-999,-999,-4.90
8.756322860717773,-0.10510334396625193,-0.026851219261451224,0.21097386562568818,1.057170861207994,-0.18488982405742127,0.2493327502849042,-0.09129414548893416,-0.03145428542055715,0.05446961621608677,1.081720547389892,-0.17568369173920942,0.08231559698401143,1,0,62,0,1,15,0,50,0,350,50,0,-52,-24,420,-64,-32,200,35,45,43,37,32,45,123,121,121,121,121,121,-999,-999,-4.90
8.77231478691101,-0.1035689885798833,-0.01917944232960802,0.20637079946658227,1.0633082827534683,-0.18488982405742127,0.2493327502849042,-0.09129414548893416,-0.026851219261451224,0.05446961621608677,1.0878579689353667,-0.17568369173920942,0.08231559698401143,1,2,49,0,1,19,50,50,-100,250,0,0,-44,48,400,-64,-36,200,35,45,43,37,32,45,123,121,121,121,120,121,-999,-999,-4.90
8.7887282371521,-0.10203463319351465,-0.013042020784133452,0.20176773330747633,1.0694457042989431,-0.18488982405742127,0.2493327502849042,-0.09129414548893416,-0.02378250848871394,0.05446961621608677,1.0924610350944726,-0.17568369173920942,0.08231559698401143,0,2,52,0,1,19,50,350,-200,300,0,0,-32,48,388,-64,-36,200,35,45,43,37,32,45,123,121,121,121,121,122,-999,-999,-4.90
8.804845809936523,-0.09896592242077737,-0.006904599238658886,0.19869902253473906,1.0755831258444175,-0.18488982405742127,0.2493327502849042,-0.09129414548893416,-0.01917944232960802,0.05446961621608677,1.0985984566399472,-0.17568369173920942,0.08231559698401143,1,2,52,0,1,16,100,250,-200,300,0,0,-28,56,380,-60,-36,200,35,45,43,38,32,45,123,121,121,121,121,121,-999,-999,-4.90
8.820870637893677,-0.09743156703440872,-0.002301533079552962,0.19563031176200177,1.0801861920035236,-0.18488982405742127,0.2493327502849042,-0.09129414548893416,-0.014576376170502094,0.05446961621608677,1.1032015227990533,-0.17568369173920942,0.08231559698401143,0,2,51,0,1,15,50,250,-150,200,0,0,-28,60,372,-64,-36,200,35,45,43,37,32,45,123,121,121,121,121,121,-999,-999,-4.90
8.836898565292358,-0.09743156703440872,0.002301533079552962,0.19409595637563312,1.0847892581626295,-0.18488982405742127,0.2493327502849042,-0.09129414548893416,-0.009973310011396168,0.05446961621608677,1.1093389443445276,-0.17568369173920942,0.08231559698401143,1,2,49,0,1,19,50,200,-150,200,0,0,-20,56,368,-72,-36,200,35,45,43,37,32,45,123,121,121,121,121,121,-999,-999,-4.90
8.852753400802612,-0.09589721164804009,0.006904599238658886,0.19256160098926448,1.0893923243217354,-0.18488982405742127,0.2493327502849042,-0.09129414548893416,-0.005370243852290245,0.05446961621608677,1.112407655117265,-0.17568369173920942,0.08231559698401143,0,2,52,0,1,17,50,200,-50,250,0,0,-28,52,364,-60,-36,200,35,45,43,37,32,45,123,121,121,121,121,121,-999,-999,-4.90
8.866706609725952,-0.09589721164804009,0.01150766539776481,0.19102724560289586,1.0939953904808413,-0.18488982405742127,0.2493327502849042,-0.09129414548893416,-0.0007671776931843208,0.05446961621608677,1.117010721276371,-0.17568369173920942,0.08231559698401143,1,2,53,0,0,17,50,150,-50,150,0,0,-20,48,360,-68,-36,200,35,45,43,37,32,45,123,121,121,121,121,121,-999,-999,-4.90
8.884884595870972,-0.09589721164804009,0.01917944232960802,0.1894928902165272,1.1001328120263159,-0.18488982405742127,0.2493327502849042,-0.09129414548893416,0.0038358884659216034,0.05600397160245541,1.120079432049108,-0.17568369173920942,0.08231559698401143,0,3,53,0,0,19,50,200,-50,150,0,0,-20,60,364,-68,-36,200,35,45,43,37,32,45,123,121,121,120,120,121,-999,-999,-4.90
8.900723934173584,-0.09589721164804009,0.02531686387508258,0.1894928902165272,1.1047358781854217,-0.18488982405742127,0.2493327502849042,-0.09129414548893416,0.006904599238658886,0.05600397160245541,1.1246824982082142,-0.17568369173920942,0.08231559698401143,0,4,66,0,1,19,0,300,-50,200,0,0,-24,64,352,-52,-36,200,35,45,43,37,32,45,123,121,121,121,121,121,-999,-999,-4.90
8.916887044906616,-0.09589721164804009,0.03145428542055715,0.1894928902165272,1.1093389443445276,-0.18642417944378992,0.2493327502849042,-0.09129414548893416,0.01150766539776481,0.05753832698882405,1.1262168535945827,-0.17568369173920942,0.08231559698401143,0,4,54,0,1,16,0,250,-50,250,-50,0,-24,80,360,-48,-40,200,35,45,43,37,32,45,123,121,121,121,121,121,-999,-999,-4.90
8.932320356369019,-0.09589721164804009,0.03759170696603171,0.1894928902165272,1.1139420105036337,-0.18642417944378992,0.2493327502849042,-0.09129414548893416,0.016110731556870737,0.05907268237519269,1.12928556436732,-0.17568369173920942,0.08231559698401143,0,5,49,0,1,16,0,250,0,200,-50,0,-24,84,352,-44,-44,200,35,45,43,37,32,45,122,121,121,121,121,121,-999,-999,-4.90
8.948753356933594,-0.09589721164804009,0.040660417738769,0.1894928902165272,1.1185450766627396,-0.18642417944378992,0.2493327502849042,-0.09129414548893416,0.02071379771597666,0.05907268237519269,1.1308199197536886,-0.17568369173920942,0.08231559698401143,0,2,50,0,1,16,0,250,0,150,0,0,-24,72,348,-44,-40,200,35,45,43,37,32,45,122,121,121,121,121,121,-999,-999,-4.90
8.965317010879517,-0.09589721164804009,0.04526348389787492,0.1894928902165272,1.1216137874354768,-0.18642417944378992,0.2493327502849042,-0.09129414548893416,0.02378250848871394,0.06060703776156134,1.1323542751400573,-0.17568369173920942,0.08231559698401143,0,4,51,0,1,16,0,150,0,150,0,0,-24,68,348,-36,-40,200,35,45,43,37,32,45,123,121,121,121,121,121,-999,-999,-4.90
8.980838775634766,-0.09743156703440872,0.049866550056980846,0.1894928902165272,1.1246824982082142,-0.18642417944378992,0.2493327502849042,-0.09129414548893416,0.028385574647819864,0.06214139314792997,1.133888630526426,-0.17568369173920942,0.08231559698401143,0,4,45,0,1,14,0,200,0,150,0,0,-24,72,348,-28,-40,200,35,45,43,37,32,45,123,121,121,121,121,121,-999,-999,-4.90
8.996770143508911,-0.09743156703440872,0.05446961621608677,0.1894928902165272,1.1262168535945827,-0.18642417944378992,0.2493327502849042,-0.09129414548893416,0.03145428542055715,0.06214139314792997,1.1369573412991631,-0.17568369173920942,0.08231559698401143,0,4,41,0,1,19,-50,150,0,100,0,0,-32,80,336,-32,-40,200,35,45,43,37,32,45,123,121,121,121,121,121,-999,-999,-4.90
9.012332439422607,-0.09743156703440872,0.05907268237519269,0.1879585348301586,1.1277512089809514,-0.18642417944378992,0.2493327502849042,-0.09129414548893416,0.036057351579663076,0.06214139314792997,1.1369573412991631,-0.17568369173920942,0.08231559698401143,0,3,42,0,1,15,0,200,0,100,0,0,-28,72,336,-36,-40,200,35,45,43,37,32,45,123,121,121,121,121,121,-999,-999,-4.90
9.02787160873413,-0.09896592242077737,0.06214139314792997,0.1879585348301586,1.1308199197536886,-0.18642417944378992,0.2493327502849042,-0.09129414548893416,0.040660417738769,0.06214139314792997,1.1369573412991631,-0.17568369173920942,0.08231559698401143,1,4,42,0,1,17,-50,200,-50,100,0,0,-36,84,336,-28,-40,200,35,45,43,37,32,45,123,121,121,121,121,121,-999,-999,-4.90
9.044777393341064,-0.09896592242077737,0.0667444593070359,0.1879585348301586,1.1323542751400573,-0.18488982405742127,0.2493327502849042,-0.09129414548893416,0.04526348389787492,0.06214139314792997,1.1369573412991631,-0.17568369173920942,0.08231559698401143,1,4,43,0,1,19,-50,150,0,100,0,0,-32,72,340,-20,-32,200,35,45,43,37,32,45,123,121,121,121,121,121,-999,-999,-4.90
9.060922145843506,-0.09896592242077737,0.06981317007977318,0.1879585348301586,1.1323542751400573,-0.18488982405742127,0.2493327502849042,-0.09129414548893416,0.049866550056980846,0.06214139314792997,1.1369573412991631,-0.17568369173920942,0.08231559698401143,0,3,52,0,1,16,0,150,0,100,50,0,-32,68,340,0,-36,200,35,45,43,37,32,45,123,121,121,121,121,121,-999,-999,-4.90
9.07780647277832,-0.09896592242077737,0.07288188085251047,0.1879585348301586,1.1323542751400573,-0.18488982405742127,0.2493327502849042,-0.09129414548893416,0.05446961621608677,0.06214139314792997,1.1369573412991631,-0.17568369173920942,0.08231559698401143,0,2,50,0,0,17,0,150,0,0,0,0,-32,64,340,-24,-36,200,35,45,43,37,32,45,123,121,121,121,121,121,-999,-999,-4.90
9.09332799911499,-0.09896592242077737,0.07288188085251047,0.1879585348301586,1.133888630526426,-0.18488982405742127,0.2493327502849042,-0.09129414548893416,0.05907268237519269,0.06214139314792997,1.1369573412991631,-0.17568369173920942,0.08231559698401143,1,1,50,0,1,18,0,100,0,0,0,0,-32,52,340,-24,-36,200,35,45,43,37,32,45,123,121,121,120,121,122,-999,-999,-4.90
9.107863664627075,-0.09896592242077737,0.07595059162524774,0.1879585348301586,1.133888630526426,-0.18488982405742127,0.2493327502849042,-0.09129414548893416,0.06367574853429861,0.06214139314792997,1.1369573412991631,-0.17568369173920942,0.08231559698401143,1,1,49,0,1,21,0,100,0,50,0,0,-32,40,340,0,-36,200,35,45,43,37,32,45,123,121,121,120,121,121,-999,-999,-4.90
9.125932216644287,-0.09896592242077737,0.07901930239798503,0.1879585348301586,1.133888630526426,-0.18488982405742127,0.2493327502849042,-0.09129414548893416,0.06827881469340454,0.06214139314792997,1.1369573412991631,-0.17568369173920942,0.08231559698401143,1,2,45,0,0,16,0,50,0,50,0,0,-32,44,340,-20,-36,200,35,45,43,37,32,45,123,121,121,121,121,121,-999,-999,-4.90
9.14181661605835,-0.09896592242077737,0.08362236855709095,0.1879585348301586,1.133888630526426,-0.18488982405742127,0.2493327502849042,-0.09129414548893416,0.07288188085251047,0.06214139314792997,1.1369573412991631,-0.17568369173920942,0.08231559698401143,0,1,49,0,1,16,0,150,0,0,0,0,-32,48,340,-20,-36,200,35,45,43,37,32,45,123,121,121,121,121,121,-999,-999,-4.90
9.157817363739014,-0.09896592242077737,0.08669107932982824,0.1879585348301586,1.133888630526426,-0.18488982405742127,0.2493327502849042,-0.09129414548893416,0.07748494701161639,0.06214139314792997,1.1369573412991631,-0.17568369173920942,0.08231559698401143,0,2,41,0,1,16,0,150,0,0,0,0,-32,44,340,-20,-36,200,35,45,43,37,32,45,123,121,121,121,121,122,-999,-999,-4.90
9.173799753189087,-0.09743156703440872,0.09129414548893416,0.18642417944378992,1.133888630526426,-0.18488982405742127,0.2493327502849042,-0.09129414548893416,0.08208801317072231,0.06214139314792997,1.1369573412991631,-0.17568369173920942,0.08231559698401143,1,2,42,0,1,16,0,150,0,0,0,0,-32,40,336,-20,-36,200,35,45,43,37,32,45,123,121,121,121,121,122,-999,-999,-4.90
9.189955711364746,-0.09743156703440872,0.09743156703440872,0.18642417944378992,1.133888630526426,-0.18488982405742127,0.2493327502849042,-0.09129414548893416,0.08669107932982824,0.06214139314792997,1.1369573412991631,-0.17568369173920942,0.08231559698401143,1,2,40,1,0,16,50,150,-50,0,0,0,-24,44,332,-20,-36,200,35,45,43,37,32,45,123,121,121,121,121,121,-999,-999,-4.90
9.205782651901245,-0.09743156703440872,0.10203463319351465,0.18642417944378992,1.133888630526426,-0.18488982405742127,0.2493327502849042,-0.09129414548893416,0.09129414548893416,0.06214139314792997,1.1369573412991631,-0.17568369173920942,0.08231559698401143,1,2,41,0,0,14,0,200,0,0,0,0,-28,48,332,-20,-36,200,35,45,43,37,32,45,123,121,121,121,121,121,-999,-999,-4.90
9.221944093704224,-0.09743156703440872,0.10663769935262057,0.18642417944378992,1.133888630526426,-0.18488982405742127,0.2493327502849042,-0.09129414548893416,0.09436285626167144,0.06214139314792997,1.1369573412991631,-0.17568369173920942,0.08231559698401143,0,2,41,0,0,16,0,200,0,0,0,0,-28,52,336,-20,-36,200,35,45,43,37,32,45,123,121,121,121,120,121,-999,-999,-4.90
9.236388921737671,-0.09743156703440872,0.11124076551172649,0.18642417944378992,1.133888630526426,-0.18488982405742127,0.2493327502849042,-0.0928285008753028,0.09896592242077737,0.06060703776156134,1.1369573412991631,-0.17568369173920942,0.08231559698401143,0,2,46,0,0,16,0,200,0,0,0,0,-24,52,340,-20,-36,200,35,45,43,37,32,44,123,121,121,121,121,122,-999,-999,-4.90
9.25398325920105,-0.09743156703440872,0.11430947628446378,0.18642417944378992,1.133888630526426,-0.18488982405742127,0.2493327502849042,-0.0928285008753028,0.10203463319351465,0.06060703776156134,1.1369573412991631,-0.17568369173920942,0.08231559698401143,0,2,43,0,1,17,0,150,0,0,0,0,-20,52,344,-20,-36,200,35,45,43,37,32,45,123,121,121,121,121,121,-999,-999,-4.90
9.26880168914795,-0.09743156703440872,0.1189125424435697,0.18642417944378992,1.133888630526426,-0.18488982405742127,0.2493327502849042,-0.0928285008753028,0.10510334396625193,0.06060703776156134,1.1369573412991631,-0.17568369173920942,0.08231559698401143,1,2,44,1,0,16,0,150,0,0,0,0,-24,48,340,-20,-36,200,35,45,43,37,32,45,123,121,121,121,121,121,-999,-999,-4.90
9.285953998565674,-0.09743156703440872,0.12504996398904428,0.18642417944378992,1.133888630526426,-0.18488982405742127,0.2493327502849042,-0.09436285626167144,0.10817205473898922,0.06060703776156134,1.1369573412991631,-0.17568369173920942,0.08231559698401143,0,3,48,1,0,16,0,200,0,0,0,0,-20,64,340,-20,-36,200,35,45,43,37,32,45,123,121,121,121,121,121,-999,-999,-4.90
9.301933765411377,-0.09743156703440872,0.12811867476178154,0.18642417944378992,1.133888630526426,-0.18488982405742127,0.2493327502849042,-0.09436285626167144,0.11277512089809515,0.06060703776156134,1.1369573412991631,-0.17568369173920942,0.08231559698401143,0,4,50,0,2,16,0,200,0,0,0,0,0,64,340,-20,-36,200,35,45,43,37,32,45,123,121,121,121,121,122,-999,-999,-4.90
9.31782054901123,-0.09743156703440872,0.13425609630725613,0.18642417944378992,1.133888630526426,-0.18488982405742127,0.2493327502849042,-0.09436285626167144,0.11584383167083243,0.06214139314792997,1.1369573412991631,-0.17568369173920942,0.08231559698401143,0,3,46,1,0,17,0,150,0,0,0,0,0,64,340,-20,-36,200,35,45,43,37,32,45,123,121,121,121,121,121,-999,-999,-4.90
9.332839727401733,-0.09743156703440872,0.13885916246636204,0.18642417944378992,1.133888630526426,-0.18488982405742127,0.2493327502849042,-0.09436285626167144,0.11737818705720107,0.06214139314792997,1.1369573412991631,-0.17568369173920942,0.08231559698401143,0,3,41,0,1,17,0,250,0,0,0,0,-20,72,332,-20,-36,200,35,45,44,37,32,45,123,121,121,121,121,121,-999,-999,-4.90
9.349976062774658,-0.09743156703440872,0.14346222862546795,0.18642417944378992,1.133888630526426,-0.18488982405742127,0.2493327502849042,-0.09589721164804009,0.12044689782993835,0.06214139314792997,1.1369573412991631,-0.17568369173920942,0.08231559698401143,0,4,46,0,0,16,0,150,0,0,0,0,0,84,336,-20,-36,200,35,45,43,37,32,45,123,121,121,121,121,121,-999,-999,-4.90
9.365368366241455,-0.09743156703440872,0.14653093939820525,0.18642417944378992,1.133888630526426,-0.18488982405742127,0.2493327502849042,-0.09589721164804009,0.12351560860267563,0.06214139314792997,1.1369573412991631,-0.17568369173920942,0.08231559698401143,0,3,42,0,1,20,0,150,0,0,0,0,20,80,336,-20,-36,200,35,45,43,37,32,45,123,121,121,121,121,121,-999,-999,-4.90
9.381837129592896,-0.09743156703440872,0.14959965017094254,0.18642417944378992,1.133888630526426,-0.18488982405742127,0.2493327502849042,-0.09589721164804009,0.12658431937541292,0.06214139314792997,1.1369573412991631,-0.17568369173920942,0.08231559698401143,0,3,41,0,1,18,0,150,0,0,0,0,0,80,336,-20,-36,200,35,45,43,37,32,45,123,121,121,121,121,120,-999,-999,-4.90
9.399786472320557,-0.09743156703440872,0.1526683609436798,0.18642417944378992,1.133888630526426,-0.18488982405742127,0.2493327502849042,-0.09589721164804009,0.1296530301481502,0.06214139314792997,1.1369573412991631,-0.17568369173920942,0.08231559698401143,0,3,46,0,1,16,0,100,0,0,0,0,0,72,336,-20,-36,200,35,45,43,37,32,45,123,121,121,121,121,121,-999,-999,-4.90
9.414989948272705,-0.09743156703440872,0.15420271633004848,0.18642417944378992,1.133888630526426,-0.18488982405742127,0.2493327502849042,-0.09589721164804009,0.13118738553451884,0.06214139314792997,1.1369573412991631,-0.17568369173920942,0.08231559698401143,0,3,44,0,1,14,0,150,0,0,0,0,0,68,336,-20,-36,200,35,45,43,37,32,45,123,121,121,121,121,121,-999,-999,-4.90
9.431842565536499,-0.09743156703440872,0.15727142710278574,0.18642417944378992,1.133888630526426,-0.18488982405742127,0.2493327502849042,-0.09743156703440872,0.13425609630725613,0.06214139314792997,1.1369573412991631,-0.17568369173920942,0.08231559698401143,0,4,46,1,0,16,0,50,0,0,0,0,0,76,336,-20,-36,200,35,45,43,37,32,45,123,121,121,121,121,121,-999,-999,-4.90
9.447865962982178,-0.09743156703440872,0.160340137875523,0.18642417944378992,1.133888630526426,-0.18488982405742127,0.2493327502849042,-0.09743156703440872,0.1373248070799934,0.06214139314792997,1.1369573412991631,-0.17568369173920942,0.08231559698401143,0,3,46,0,1,15,0,50,0,0,0,0,0,76,336,-20,-36,200,35,45,43,37,32,45,123,121,121,121,121,121,-999,-999,-4.90
9.463804006576538,-0.09743156703440872,0.16187449326189168,0.18642417944378992,1.133888630526426,-0.18488982405742127,0.2493327502849042,-0.09743156703440872,0.13885916246636204,0.06214139314792997,1.1369573412991631,-0.17568369173920942,0.08231559698401143,0,3,44,0,1,19,0,150,0,0,0,0,0,72,336,-20,-36,200,35,45,43,37,32,45,123,121,121,121,121,121,-999,-999,-4.90
9.479081869125366,-0.09743156703440872,0.16494320403462895,0.18642417944378992,1.1323542751400573,-0.18488982405742127,0.2493327502849042,-0.09743156703440872,0.1419278732390993,0.06214139314792997,1.1369573412991631,-0.17568369173920942,0.08231559698401143,0,3,41,0,1,17,0,100,0,0,0,0,0,76,336,-20,-36,200,35,45,43,37,32,45,123,121,121,121,121,121,-999,-999,-4.90
9.494970321655273,-0.09743156703440872,0.1680119148073662,0.18642417944378992,1.1323542751400573,-0.18488982405742127,0.2493327502849042,-0.09743156703440872,0.14499658401183663,0.06214139314792997,1.1369573412991631,-0.17568369173920942,0.08231559698401143,0,4,43,0,1,16,0,100,0,-50,0,0,0,76,336,-28,-36,200,35,45,43,37,32,45,123,121,121,121,121,121,-999,-999,-4.90
9.511852025985718,-0.09743156703440872,0.16954627019373486,0.18642417944378992,1.1323542751400573,-0.18488982405742127,0.2493327502849042,-0.09743156703440872,0.1480652947845739,0.06214139314792997,1.1369573412991631,-0.17568369173920942,0.08231559698401143,0,3,46,1,0,16,0,100,0,0,0,0,0,76,336,-24,-36,200,35,45,43,37,32,45,123,121,121,121,121,121,-999,-999,-4.90
9.526840925216675,-0.09743156703440872,0.1741493363528408,0.18642417944378992,1.1323542751400573,-0.18488982405742127,0.2493327502849042,-0.09896592242077737,0.14959965017094254,0.06214139314792997,1.1369573412991631,-0.17568369173920942,0.08231559698401143,0,3,46,0,1,19,0,100,0,0,0,0,0,68,336,-24,-36,200,35,45,43,37,32,45,123,121,121,121,121,122,-999,-999,-4.90
9.5430006980896,-0.09743156703440872,0.17721804712557807,0.18642417944378992,1.1323542751400573,-0.18488982405742127,0.2493327502849042,-0.09896592242077737,0.15113400555731116,0.06214139314792997,1.1369573412991631,-0.17568369173920942,0.08231559698401143,0,4,41,0,1,15,0,100,0,0,0,0,0,84,336,-24,-36,200,35,45,43,37,32,45,123,121,121,121,121,121,-999,-999,-4.90
9.559019565582275,-0.09743156703440872,0.1787524025119467,0.18642417944378992,1.1323542751400573,-0.18488982405742127,0.2493327502849042,-0.09896592242077737,0.15420271633004848,0.06214139314792997,1.1369573412991631,-0.17568369173920942,0.08231559698401143,0,3,43,1,0,16,0,150,0,0,0,0,0,92,336,-24,-36,200,35,45,43,37,32,45,123,121,121,121,121,110,-999,-999,-4.90
9.575920820236206,-0.09743156703440872,0.18028675789831536,0.18642417944378992,1.1323542751400573,-0.18488982405742127,0.2493327502849042,-0.09896592242077737,0.1557370717164171,0.06214139314792997,1.1369573412991631,-0.17568369173920942,0.08231559698401143,0,2,43,0,0,16,0,100,0,0,0,0,0,88,336,-24,-36,200,35,45,43,37,32,46,123,121,121,121,120,121,-999,-999,-4.90
9.591015815734863,-0.09743156703440872,0.181821113284684,0.18642417944378992,1.1323542751400573,-0.18488982405742127,0.2493327502849042,-0.09896592242077737,0.15880578248915436,0.06214139314792997,1.1369573412991631,-0.17568369173920942,0.08231559698401143,0,2,41,0,1,16,0,50,0,0,0,0,0,76,336,-24,-36,200,35,45,43,37,32,45,123,121,121,121,121,121,-999,-999,-4.90
9.606845140457153,-0.09743156703440872,0.181821113284684,0.18642417944378992,1.1323542751400573,-0.18488982405742127,0.2493327502849042,-0.09896592242077737,0.15880578248915436,0.06214139314792997,1.1369573412991631,-0.17568369173920942,0.08231559698401143,0,2,49,0,1,15,0,50,0,0,0,0,0,68,336,-24,-36,200,35,45,43,37,32,45,123,121,121,121,121,121,-999,-999,-4.90
9.622480630874634,-0.09743156703440872,0.18335546867105265,0.18642417944378992,1.1323542751400573,-0.18488982405742127,0.2493327502849042,-0.09896592242077737,0.16187449326189168,0.06214139314792997,1.1369573412991631,-0.17568369173920942,0.08231559698401143,0,2,44,0,0,17,0,50,0,0,0,0,0,72,336,-24,-36,200,35,45,43,37,32,45,123,121,121,121,121,122,-999,-999,-4.90
9.638884782791138,-0.09743156703440872,0.18335546867105265,0.18642417944378992,1.1323542751400573,-0.18488982405742127,0.2493327502849042,-0.09896592242077737,0.1634088486482603,0.06214139314792997,1.1369573412991631,-0.17568369173920942,0.08231559698401143,0,2,44,0,1,16,0,50,0,0,0,0,0,64,336,-24,-36,200,35,45,43,37,32,45,123,121,121,121,121,121,-999,-999,-4.90
9.655043125152588,-0.09743156703440872,0.18335546867105265,0.18642417944378992,1.1323542751400573,-0.18488982405742127,0.2493327502849042,-0.09896592242077737,0.1634088486482603,0.06214139314792997,1.1369573412991631,-0.17568369173920942,0.08231559698401143,0,2,42,0,0,14,0,0,0,0,0,0,0,60,336,-24,-36,200,35,45,43,37,32,45,123,121,121,121,121,121,-999,-999,-4.90
9.671450138092041,-0.09743156703440872,0.18642417944378992,0.18642417944378992,1.1323542751400573,-0.18488982405742127,0.2493327502849042,-0.09896592242077737,0.1664775594209976,0.06214139314792997,1.1369573412991631,-0.17568369173920942,0.08231559698401143,0,3,41,0,1,20,0,0,0,0,0,0,0,64,336,-24,-36,200,35,45,43,37,32,45,123,121,121,121,121,121,-999,-999,-4.90
9.688045024871826,-0.09743156703440872,0.1879585348301586,0.18642417944378992,1.1323542751400573,-0.18488982405742127,0.2493327502849042,-0.09896592242077737,0.1664775594209976,0.06214139314792997,1.1369573412991631,-0.17568369173920942,0.08231559698401143,0,3,40,0,1,16,0,100,0,0,0,0,0,64,336,-24,-36,200,35,45,43,37,32,45,123,121,121,121,121,122,-999,-999,-4.90
9.703430891036987,-0.09743156703440872,0.1894928902165272,0.18642417944378992,1.1323542751400573,-0.18488982405742127,0.2493327502849042,-0.09896592242077737,0.1680119148073662,0.06214139314792997,1.1369573412991631,-0.17568369173920942,0.08231559698401143,0,3,48,0,0,16,0,100,0,0,0,0,0,76,336,-24,-36,200,35,45,43,37,32,45,123,121,121,121,121,121,-999,-999,-4.90
9.720887422561646,-0.09743156703440872,0.19256160098926448,0.18488982405742127,1.1323542751400573,-0.18488982405742127,0.2493327502849042,-0.09896592242077737,0.16954627019373486,0.06214139314792997,1.1369573412991631,-0.17568369173920942,0.08231559698401143,0,4,45,0,1,14,0,100,0,0,0,0,0,76,336,-24,-36,200,35,45,43,37,32,45,123,121,121,121,121,122,-999,-999,-4.90
9.736892461776733,-0.09743156703440872,0.19409595637563312,0.18488982405742127,1.1323542751400573,-0.18488982405742127,0.2493327502849042,-0.09896592242077737,0.16954627019373486,0.06214139314792997,1.1369573412991631,-0.17568369173920942,0.08231559698401143,0,3,40,0,0,16,0,100,0,0,0,0,0,80,328,-24,-36,200,35,46,43,37,32,45,122,121,121,121,121,121,-999,-999,-4.90
9.75205373764038,-0.09743156703440872,0.19563031176200177,0.18488982405742127,1.1323542751400573,-0.18488982405742127,0.2493327502849042,-0.09896592242077737,0.16954627019373486,0.06214139314792997,1.1369573412991631,-0.17568369173920942,0.08231559698401143,1,3,39,1,1,17,0,50,-50,0,0,0,0,84,332,-24,-36,200,35,45,43,37,32,45,123,121,121,121,120,121,-999,-999,-4.90
9.768007755279541,-0.09743156703440872,0.19563031176200177,0.18488982405742127,1.1323542751400573,-0.18488982405742127,0.2493327502849042,-0.09896592242077737,0.16954627019373486,0.06214139314792997,1.1369573412991631,-0.17568369173920942,0.08231559698401143,0,3,39,0,0,20,0,50,0,0,0,0,0,84,332,-24,-36,200,35,45,43,37,32,45,123,121,121,121,121,120,-999,-999,-4.90
9.784886598587036,-0.09743156703440872,0.19563031176200177,0.18488982405742127,1.1323542751400573,-0.18488982405742127,0.2493327502849042,-0.09896592242077737,0.16954627019373486,0.06214139314792997,1.1369573412991631,-0.17568369173920942,0.08231559698401143,0,3,39,0,0,16,0,50,0,0,0,0,0,80,332,-24,-36,200,35,45,43,37,32,45,123,121,121,121,121,122,-999,-999,-4.90
9.799884557723999,-0.09743156703440872,0.19716466714837041,0.18488982405742127,1.1323542751400573,-0.18488982405742127,0.2493327502849042,-0.09896592242077737,0.16954627019373486,0.06214139314792997,1.1369573412991631,-0.17568369173920942,0.08231559698401143,0,4,43,0,1,16,0,0,0,0,0,0,0,80,332,-24,-36,200,35,45,43,37,32,45,123,121,121,121,121,121,-999,-999,-4.90
9.816040754318237,-0.09743156703440872,0.19716466714837041,0.18488982405742127,1.1323542751400573,-0.18488982405742127,0.2493327502849042,-0.09896592242077737,0.16954627019373486,0.06214139314792997,1.1369573412991631,-0.17568369173920942,0.08231559698401143,0,4,41,0,1,16,0,0,0,0,0,0,0,88,332,-24,-36,200,35,45,43,37,32,45,123,121,121,121,121,121,-999,-999,-4.90
9.83049750328064,-0.09743156703440872,0.19716466714837041,0.18488982405742127,1.1323542751400573,-0.18335546867105265,0.2493327502849042,-0.09896592242077737,0.16954627019373486,0.06214139314792997,1.1369573412991631,-0.17568369173920942,0.08231559698401143,0,4,44,0,0,16,0,50,0,0,50,0,0,88,332,-24,-32,200,35,45,43,37,32,45,123,121,121,121,121,121,-999,-999,-4.90
9.847931623458862,-0.09896592242077737,0.2002333779211077,0.18488982405742127,1.1323542751400573,-0.18335546867105265,0.2493327502849042,-0.09896592242077737,0.16954627019373486,0.06214139314792997,1.1369573412991631,-0.17568369173920942,0.08231559698401143,0,3,43,0,1,14,0,0,0,0,50,0,0,88,332,-24,-28,200,35,45,43,37,33,45,123,121,121,121,121,121,-999,-999,-4.90
9.864022016525269,-0.09896592242077737,0.20176773330747633,0.18488982405742127,1.1323542751400573,-0.18335546867105265,0.2493327502849042,-0.09896592242077737,0.16954627019373486,0.06214139314792997,1.1369573412991631,-0.17568369173920942,0.08231559698401143,0,5,45,0,0,14,-50,0,0,0,0,0,0,104,332,-24,-32,200,35,45,43,37,32,45,123,121,121,121,120,121,-999,-999,-4.90
9.879916429519653,-0.09896592242077737,0.20483644408021362,0.18488982405742127,1.1323542751400573,-0.18335546867105265,0.2493327502849042,-0.09896592242077737,0.16954627019373486,0.06214139314792997,1.1369573412991631,-0.17568369173920942,0.08231559698401143,0,5,40,0,1,18,0,150,0,0,0,0,0,108,332,-24,-32,200,35,45,43,37,32,45,123,121,121,121,121,121,-999,-999,-4.90
9.896872520446777,-0.09896592242077737,0.20637079946658227,0.18488982405742127,1.1323542751400573,-0.18335546867105265,0.2493327502849042,-0.09896592242077737,0.16954627019373486,0.06214139314792997,1.1369573412991631,-0.17568369173920942,0.08231559698401143,0,5,48,0,1,18,0,100,0,0,0,0,0,108,332,-24,-32,200,35,45,43,37,32,45,123,121,121,121,121,121,-999,-999,-4.90
9.911051034927368,-0.09896592242077737,0.20637079946658227,0.18488982405742127,1.1323542751400573,-0.18335546867105265,0.2493327502849042,-0.09896592242077737,0.16954627019373486,0.06214139314792997,1.1369573412991631,-0.17568369173920942,0.08231559698401143,0,5,44,0,0,15,0,50,0,0,0,0,0,112,332,-24,-32,200,35,45,43,37,32,45,123,121,121,121,121,122,-999,-999,-4.90
9.92786979675293,-0.09896592242077737,0.20637079946658227,0.18488982405742127,1.1323542751400573,-0.18335546867105265,0.2493327502849042,-0.09896592242077737,0.16954627019373486,0.06214139314792997,1.1369573412991631,-0.17568369173920942,0.08231559698401143,0,5,41,0,1,16,0,0,0,0,0,0,0,112,332,-24,-32,200,35,45,43,37,32,45,123,121,121,121,121,121,-999,-999,-4.90
9.944086790084839,-0.09896592242077737,0.20637079946658227,0.18488982405742127,1.1323542751400573,-0.18335546867105265,0.2493327502849042,-0.09896592242077737,0.16954627019373486,0.06214139314792997,1.1369573412991631,-0.17568369173920942,0.08231559698401143,0,4,45,0,1,18,0,0,0,0,0,0,0,108,332,-24,-32,200,35,45,43,37,32,45,123,121,121,121,121,121,-999,-999,-4.90
9.960894346237183,-0.09743156703440872,0.20637079946658227,0.18488982405742127,1.1323542751400573,-0.18335546867105265,0.2493327502849042,-0.09896592242077737,0.16954627019373486,0.06214139314792997,1.1369573412991631,-0.17568369173920942,0.08231559698401143,0,5,40,0,1,17,0,0,0,0,0,0,0,108,332,-24,-32,200,35,45,43,37,32,45,123,121,121,121,121,122,-999,-999,-4.90
9.976926565170288,-0.09743156703440872,0.20637079946658227,0.18488982405742127,1.1323542751400573,-0.18335546867105265,0.2493327502849042,-0.09896592242077737,0.16954627019373486,0.06214139314792997,1.1369573412991631,-0.17568369173920942,0.08231559698401143,0,4,47,0,1,16,50,0,0,0,0,0,0,108,332,-24,-32,200,35,45,43,37,32,45,123,121,121,121,121,110,-999,-999,-4.90
9.99292254447937,-0.09743156703440872,0.20637079946658227,0.18488982405742127,1.1323542751400573,-0.18335546867105265,0.2493327502849042,-0.09896592242077737,0.16954627019373486,0.06060703776156134,1.1369573412991631,-0.17568369173920942,0.08231559698401143,0,4,43,0,0,19,0,0,0,0,0,0,0,108,336,-24,-32,200,35,45,43,37,32,45,123,121,121,121,121,122,-999,-999,-4.90
10.009089708328247,-0.09743156703440872,0.20637079946658227,0.18488982405742127,1.1323542751400573,-0.18335546867105265,0.2493327502849042,-0.09896592242077737,0.16954627019373486,0.06060703776156134,1.1369573412991631,-0.17568369173920942,0.08231559698401143,0,4,41,0,0,16,0,0,0,0,0,0,0,108,340,-24,-32,200,35,45,43,37,32,45,123,121,121,121,121,120,-999,-999,-4.90
10.025474071502686,-0.09743156703440872,0.20637079946658227,0.18488982405742127,1.1323542751400573,-0.18335546867105265,0.2493327502849042,-0.09896592242077737,0.16954627019373486,0.06060703776156134,1.1369573412991631,-0.17568369173920942,0.08231559698401143,0,4,49,0,1,16,0,0,0,0,0,0,0,108,336,-24,-32,200,35,45,43,37,32,45,123,121,121,121,121,121,-999,-999,-4.90
10.041096925735474,-0.09743156703440872,0.20637079946658227,0.18335546867105265,1.1323542751400573,-0.18335546867105265,0.2493327502849042,-0.09896592242077737,0.16954627019373486,0.06060703776156134,1.1369573412991631,-0.17568369173920942,0.08231559698401143,0,5,43,0,0,19,0,0,-50,0,0,0,0,108,332,-24,-32,200,35,45,43,37,32,45,123,121,121,121,121,122,-999,-999,-4.90
10.056966066360474,-0.09743156703440872,0.20637079946658227,0.181821113284684,1.1323542751400573,-0.18335546867105265,0.2493327502849042,-0.09896592242077737,0.16954627019373486,0.05907268237519269,1.1369573412991631,-0.17568369173920942,0.08231559698401143,0,4,38,0,0,16,0,0,-50,0,0,0,0,108,332,-24,-32,200,35,45,43,37,32,45,123,121,121,121,121,121,-999,-999,-4.90
10.073943853378296,-0.09743156703440872,0.20637079946658227,0.181821113284684,1.1323542751400573,-0.18335546867105265,0.2493327502849042,-0.09896592242077737,0.16954627019373486,0.05907268237519269,1.1369573412991631,-0.17568369173920942,0.08231559698401143,0,4,40,0,1,18,0,0,0,0,0,0,0,108,332,-24,-32,200,35,45,43,37,32,45,123,121,121,121,121,121,-999,-999,-4.90
10.088956117630005,-0.09743156703440872,0.20637079946658227,0.181821113284684,1.1323542751400573,-0.18335546867105265,0.2493327502849042,-0.09896592242077737,0.16954627019373486,0.05907268237519269,1.1369573412991631,-0.17568369173920942,0.08231559698401143,0,4,46,1,1,16,0,0,-50,0,0,0,0,108,332,-24,-32,200,35,45,43,37,32,45,123,121,121,121,121,121,-999,-999,-4.90
10.106059074401855,-0.09743156703440872,0.20637079946658227,0.181821113284684,1.1323542751400573,-0.18335546867105265,0.2493327502849042,-0.09896592242077737,0.16954627019373486,0.05907268237519269,1.1369573412991631,-0.17568369173920942,0.08231559698401143,0,5,40,0,0,18,0,0,0,0,0,0,0,108,332,-24,-32,200,35,45,43,37,32,45,123,121,121,121,121,121,-999,-999,-4.90
10.121086120605469,-0.09743156703440872,0.20637079946658227,0.181821113284684,1.1323542751400573,-0.18335546867105265,0.2493327502849042,-0.100500277807146,0.16954627019373486,0.05907268237519269,1.1369573412991631,-0.17568369173920942,0.08231559698401143,0,4,40,0,0,16,0,0,0,0,0,0,20,108,332,-24,-32,200,35,45,43,37,32,45,123,121,121,121,121,121,-999,-999,-4.90
10.136967420578003,-0.09743156703440872,0.20637079946658227,0.18028675789831536,1.1323542751400573,-0.18335546867105265,0.2493327502849042,-0.100500277807146,0.16954627019373486,0.05907268237519269,1.1369573412991631,-0.17568369173920942,0.08231559698401143,0,5,37,0,1,16,0,0,-50,0,0,0,24,108,328,-24,-32,200,35,45,43,37,32,45,123,121,121,121,121,122,-999,-999,-4.90
10.153950214385986,-0.09743156703440872,0.20637079946658227,0.1787524025119467,1.1323542751400573,-0.18335546867105265,0.2493327502849042,-0.100500277807146,0.16954627019373486,0.05907268237519269,1.1369573412991631,-0.17568369173920942,0.08231559698401143,0,4,43,1,1,18,0,0,-50,0,0,0,20,108,320,-24,-32,200,35,45,43,37,32,45,123,121,121,121,121,121,-999,-999,-4.90
10.16893482208252,-0.09743156703440872,0.20637079946658227,0.17721804712557807,1.1323542751400573,-0.18335546867105265,0.2493327502849042,-0.100500277807146,0.16954627019373486,0.05907268237519269,1.1369573412991631,-0.17568369173920942,0.08231559698401143,0,4,36,0,0,16,0,0,-50,0,0,0,20,108,320,-24,-32,200,35,45,43,37,32,45,123,121,121,121,121,122,-999,-999,-4.90
10.184986352920532,-0.09743156703440872,0.20637079946658227,0.17721804712557807,1.1323542751400573,-0.18335546867105265,0.2493327502849042,-0.100500277807146,0.16954627019373486,0.05907268237519269,1.1369573412991631,-0.17568369173920942,0.08231559698401143,0,5,39,0,0,18,0,0,-50,0,0,0,20,108,316,-24,-32,200,35,45,43,37,32,45,123,121,121,121,121,121,-999,-999,-4.90
10.200906753540039,-0.09743156703440872,0.20637079946658227,0.17721804712557807,1.1323542751400573,-0.18335546867105265,0.2493327502849042,-0.100500277807146,0.16954627019373486,0.05753832698882405,1.1369573412991631,-0.17568369173920942,0.08231559698401143,0,4,38,0,0,15,0,0,0,0,0,0,20,108,320,-24,-32,200,35,45,43,37,32,45,123,121,121,121,121,122,-999,-999,-4.90
10.21699571609497,-0.09743156703440872,0.20637079946658227,0.17721804712557807,1.1323542751400573,-0.18335546867105265,0.2493327502849042,-0.100500277807146,0.16954627019373486,0.05753832698882405,1.1369573412991631,-0.17568369173920942,0.08231559698401143,0,5,42,0,0,14,0,0,0,0,0,0,20,108,328,-24,-32,200,35,45,43,37,32,45,122,121,121,121,121,121,-999,-999,-4.90
10.232940912246704,-0.09743156703440872,0.20637079946658227,0.17721804712557807,1.1323542751400573,-0.18335546867105265,0.2493327502849042,-0.100500277807146,0.16954627019373486,0.05753832698882405,1.1369573412991631,-0.17568369173920942,0.08231559698401143,0,5,42,0,0,20,0,0,0,0,0,0,20,108,324,-24,-32,200,35,45,43,37,32,45,123,121,121,121,121,122,-999,-999,-4.90
10.249996423721313,-0.09743156703440872,0.20637079946658227,0.17721804712557807,1.1323542751400573,-0.18335546867105265,0.2493327502849042,-0.100500277807146,0.16954627019373486,0.05753832698882405,1.1369573412991631,-0.17568369173920942,0.08231559698401143,0,5,41,0,0,16,0,0,0,0,0,0,20,108,324,-24,-32,200,35,45,43,37,32,45,123,121,121,121,121,121,-999,-999,-4.90
10.264914274215698,-0.09743156703440872,0.20637079946658227,0.17721804712557807,1.1323542751400573,-0.18335546867105265,0.2493327502849042,-0.100500277807146,0.16954627019373486,0.05600397160245541,1.1369573412991631,-0.17568369173920942,0.08231559698401143,1,5,47,1,1,16,0,0,0,0,0,0,20,108,328,-24,-32,200,35,45,43,37,32,45,123,121,121,121,120,121,-999,-999,-4.90
10.281996488571167,-0.09743156703440872,0.20637079946658227,0.17721804712557807,1.1323542751400573,-0.18335546867105265,0.2493327502849042,-0.1035689885798833,0.16954627019373486,0.05600397160245541,1.1369573412991631,-0.17568369173920942,0.08231559698401143,0,4,40,0,1,15,0,0,0,0,0,0,24,108,332,-24,-32,200,35,45,43,37,32,45,123,121,121,121,121,121,-999,-999,-4.90
10.297965288162231,-0.09743156703440872,0.20637079946658227,0.17721804712557807,1.1323542751400573,-0.18335546867105265,0.2493327502849042,-0.10510334396625193,0.16954627019373486,0.05600397160245541,1.1369573412991631,-0.17568369173920942,0.08231559698401143,1,4,45,0,0,16,0,0,0,0,0,0,36,108,332,-24,-32,200,35,45,43,37,32,45,122,121,121,121,121,121,-999,-999,-4.90
10.31453561782837,-0.09743156703440872,0.20637079946658227,0.17721804712557807,1.1323542751400573,-0.18335546867105265,0.2493327502849042,-0.10663769935262057,0.16954627019373486,0.05446961621608677,1.1369573412991631,-0.17568369173920942,0.08231559698401143,1,4,42,0,0,17,0,0,0,0,0,0,44,108,332,-24,-32,200,35,45,43,37,32,45,123,121,121,121,120,121,-999,-999,-4.90
10.329962730407715,-0.09743156703440872,0.20637079946658227,0.17721804712557807,1.1323542751400573,-0.18335546867105265,0.2493327502849042,-0.10817205473898922,0.16954627019373486,0.05446961621608677,1.1369573412991631,-0.1741493363528408,0.08231559698401143,1,4,45,0,0,19,0,0,0,0,0,0,44,108,336,-24,-32,200,35,45,43,37,32,45,123,121,121,121,121,121,-999,-999,-4.90
10.346015214920044,-0.09743156703440872,0.20637079946658227,0.17721804712557807,1.1323542751400573,-0.18335546867105265,0.2493327502849042,-0.10817205473898922,0.16954627019373486,0.05446961621608677,1.1369573412991631,-0.1741493363528408,0.08231559698401143,1,4,48,0,1,16,0,0,0,0,0,0,44,108,332,-24,-36,200,35,45,43,37,32,45,123,121,121,121,121,121,-999,-999,-4.90
10.362019062042236,-0.09743156703440872,0.20637079946658227,0.17721804712557807,1.1323542751400573,-0.18335546867105265,0.2493327502849042,-0.10817205473898922,0.16954627019373486,0.05446961621608677,1.1369573412991631,-0.1741493363528408,0.08231559698401143,0,4,43,0,1,17,0,0,0,0,0,0,44,108,332,-24,-40,200,35,45,43,37,32,45,123,121,121,121,121,121,-999,-999,-4.90
10.37754225730896,-0.09743156703440872,0.20637079946658227,0.17721804712557807,1.1323542751400573,-0.18335546867105265,0.2493327502849042,-0.10970641012535785,0.16954627019373486,0.05446961621608677,1.1369573412991631,-0.1741493363528408,0.08231559698401143,1,4,45,0,1,14,0,0,0,0,0,0,44,108,332,-24,-36,200,35,45,43,37,32,45,123,121,121,121,121,121,-999,-999,-4.90
10.393997192382812,-0.09743156703440872,0.20637079946658227,0.17721804712557807,1.1323542751400573,-0.18335546867105265,0.2493327502849042,-0.10970641012535785,0.16954627019373486,0.05446961621608677,1.1369573412991631,-0.1741493363528408,0.08231559698401143,1,4,44,0,0,16,0,0,0,0,0,0,48,108,332,-24,-36,200,35,45,43,38,32,45,123,121,121,121,121,121,-999,-999,-4.90
10.41002082824707,-0.09896592242077737,0.20637079946658227,0.17721804712557807,1.1323542751400573,-0.18335546867105265,0.2493327502849042,-0.10970641012535785,0.16954627019373486,0.05600397160245541,1.1369573412991631,-0.1741493363528408,0.08231559698401143,0,4,46,0,1,15,0,0,0,0,0,0,44,108,332,-24,-36,200,35,45,43,37,32,45,123,121,121,121,121,122,-999,-999,-4.90
10.425981760025024,-0.09896592242077737,0.20637079946658227,0.17721804712557807,1.1323542751400573,-0.18335546867105265,0.2493327502849042,-0.10970641012535785,0.16954627019373486,0.05753832698882405,1.1369573412991631,-0.1741493363528408,0.08231559698401143,0,4,44,0,0,18,-50,0,0,0,0,0,36,108,324,-24,-36,200,35,45,43,37,32,45,123,121,121,121,121,121,-999,-999,-4.90
10.442010402679443,-0.09896592242077737,0.20637079946658227,0.17721804712557807,1.1323542751400573,-0.18335546867105265,0.2493327502849042,-0.10970641012535785,0.16954627019373486,0.05907268237519269,1.1369573412991631,-0.1741493363528408,0.08231559698401143,1,5,39,0,1,18,-50,0,0,0,0,0,36,108,320,-24,-36,200,35,45,43,37,32,45,122,121,121,121,121,121,-999,-999,-4.90
10.459553718566895,-0.100500277807146,0.20637079946658227,0.17721804712557807,1.1323542751400573,-0.18335546867105265,0.2493327502849042,-0.10970641012535785,0.16954627019373486,0.05907268237519269,1.1369573412991631,-0.1741493363528408,0.08231559698401143,1,4,37,0,1,19,0,0,0,0,0,0,40,108,316,-24,-36,200,35,45,43,37,32,45,123,121,121,121,121,121,-999,-999,-4.90
10.472972393035889,-0.100500277807146,0.20637079946658227,0.17721804712557807,1.1323542751400573,-0.18335546867105265,0.2493327502849042,-0.10970641012535785,0.16954627019373486,0.06060703776156134,1.1369573412991631,-0.1741493363528408,0.08231559698401143,1,4,37,0,0,19,-50,0,0,0,0,0,32,108,316,-24,-36,200,35,45,43,37,32,45,123,121,121,121,121,121,-999,-999,-4.90
10.489969968795776,-0.100500277807146,0.20637079946658227,0.17721804712557807,1.1323542751400573,-0.18335546867105265,0.2493327502849042,-0.10970641012535785,0.16954627019373486,0.06214139314792997,1.1369573412991631,-0.1741493363528408,0.08231559698401143,0,5,42,0,1,17,0,0,0,0,0,0,36,108,312,-24,-36,200,35,45,43,37,32,45,123,121,121,121,121,122,-999,-999,-4.90
10.504986047744751,-0.100500277807146,0.20637079946658227,0.17721804712557807,1.1323542751400573,-0.18335546867105265,0.2493327502849042,-0.10970641012535785,0.16954627019373486,0.06214139314792997,1.1369573412991631,-0.1741493363528408,0.08231559698401143,1,5,35,1,1,16,0,0,0,0,0,0,36,108,308,-24,-36,200,35,45,43,37,32,45,123,121,121,121,121,121,-999,-999,-4.90
10.522008180618286,-0.10203463319351465,0.20637079946658227,0.17721804712557807,1.1323542751400573,-0.18335546867105265,0.2493327502849042,-0.10970641012535785,0.16954627019373486,0.06214139314792997,1.1369573412991631,-0.1741493363528408,0.08231559698401143,0,4,40,1,1,21,0,0,0,0,0,0,36,108,312,-24,-36,200,35,45,43,37,32,45,123,121,121,121,121,122,-999,-999,-4.90
10.537126541137695,-0.10203463319351465,0.20637079946658227,0.17721804712557807,1.1323542751400573,-0.18335546867105265,0.2493327502849042,-0.10970641012535785,0.16954627019373486,0.06214139314792997,1.1369573412991631,-0.1741493363528408,0.08231559698401143,0,4,35,0,1,16,0,0,0,0,0,0,28,108,312,-24,-36,200,35,45,43,37,32,45,123,121,121,121,121,121,-999,-999,-4.90
10.554002285003662,-0.10203463319351465,0.20637079946658227,0.17721804712557807,1.1323542751400573,-0.18335546867105265,0.2493327502849042,-0.10970641012535785,0.16954627019373486,0.06214139314792997,1.1369573412991631,-0.1741493363528408,0.08231559698401143,0,5,39,0,1,19,-50,0,0,0,0,0,32,108,312,-24,-36,200,35,45,43,37,32,45,123,121,121,121,121,121,-999,-999,-4.90
10.569546699523926,-0.1035689885798833,0.20637079946658227,0.17721804712557807,1.1323542751400573,-0.18335546867105265,0.2493327502849042,-0.10970641012535785,0.16954627019373486,0.06214139314792997,1.1369573412991631,-0.1741493363528408,0.08231559698401143,0,5,36,0,1,16,0,0,0,0,0,0,28,108,312,-24,-36,200,35,45,43,37,32,45,123,121,121,121,121,121,-999,-999,-4.90
10.586982250213623,-0.1035689885798833,0.20637079946658227,0.17721804712557807,1.1323542751400573,-0.18335546867105265,0.2493327502849042,-0.10970641012535785,0.16954627019373486,0.06214139314792997,1.1369573412991631,-0.1741493363528408,0.08231559698401143,0,4,42,0,1,14,-50,0,0,0,0,0,24,108,312,-24,-36,200,35,45,43,37,32,45,123,121,121,121,121,121,-999,-999,-4.90
10.602985620498657,-0.1035689885798833,0.20637079946658227,0.17721804712557807,1.1323542751400573,-0.18335546867105265,0.2493327502849042,-0.10970641012535785,0.16954627019373486,0.06214139314792997,1.1369573412991631,-0.1741493363528408,0.08231559698401143,0,5,40,0,0,20,0,0,0,0,0,0,28,108,312,-24,-36,200,35,45,43,37,32,45,123,121,121,121,121,122,-999,-999,-4.90
10.619149208068848,-0.1035689885798833,0.20637079946658227,0.17721804712557807,1.1323542751400573,-0.18335546867105265,0.2493327502849042,-0.10970641012535785,0.16954627019373486,0.06214139314792997,1.1369573412991631,-0.1741493363528408,0.08231559698401143,0,4,35,1,1,19,0,0,0,0,0,0,28,108,312,-24,-36,200,35,45,43,37,32,45,123,121,121,121,121,121,-999,-999,-4.90
10.636009931564331,-0.1035689885798833,0.20637079946658227,0.17721804712557807,1.1323542751400573,-0.18335546867105265,0.2493327502849042,-0.10970641012535785,0.16954627019373486,0.06214139314792997,1.1369573412991631,-0.1741493363528408,0.08231559698401143,0,4,43,0,1,16,0,0,0,0,0,0,28,108,312,-24,-36,200,35,45,43,37,32,45,123,121,121,121,121,121,-999,-999,-4.90
10.651052951812744,-0.1035689885798833,0.20637079946658227,0.17721804712557807,1.1323542751400573,-0.18335546867105265,0.2493327502849042,-0.10970641012535785,0.16954627019373486,0.06214139314792997,1.1369573412991631,-0.17568369173920942,0.08231559698401143,1,5,36,0,0,15,0,0,0,0,0,0,28,108,312,-24,-28,200,35,45,43,37,32,45,123,121,121,121,121,121,-999,-999,-4.90
10.667139291763306,-0.1035689885798833,0.20637079946658227,0.17721804712557807,1.1323542751400573,-0.18335546867105265,0.2493327502849042,-0.10970641012535785,0.16954627019373486,0.06214139314792997,1.1369573412991631,-0.17568369173920942,0.08231559698401143,0,4,42,0,1,16,0,0,0,0,0,0,28,108,312,-24,-28,200,35,45,43,37,32,45,123,121,121,121,121,121,-999,-999,-4.90
10.683183670043945,-0.1035689885798833,0.20637079946658227,0.17721804712557807,1.1323542751400573,-0.18335546867105265,0.2493327502849042,-0.10970641012535785,0.16954627019373486,0.06214139314792997,1.1369573412991631,-0.17568369173920942,0.08231559698401143,0,5,42,1,0,15,0,0,0,0,0,0,28,108,312,-24,-32,200,35,45,43,37,32,45,123,121,121,121,121,121,-999,-999,-4.90
10.699125528335571,-0.1035689885798833,0.20637079946658227,0.17721804712557807,1.1323542751400573,-0.18335546867105265,0.2493327502849042,-0.10970641012535785,0.16954627019373486,0.06214139314792997,1.1369573412991631,-0.17568369173920942,0.08231559698401143,1,4,41,0,0,16,0,0,0,0,0,0,28,108,312,-24,-32,200,35,46,43,37,32,45,123,121,121,121,121,121,-999,-999,-4.90
10.715031623840332,-0.1035689885798833,0.20637079946658227,0.17721804712557807,1.1323542751400573,-0.18335546867105265,0.2493327502849042,-0.10970641012535785,0.16954627019373486,0.06214139314792997,1.1369573412991631,-0.17568369173920942,0.08231559698401143,0,5,41,0,1,16,0,0,0,0,0,0,28,108,312,-24,-32,200,35,45,43,37,32,45,123,121,121,121,121,121,-999,-999,-4.90
10.730145454406738,-0.1035689885798833,0.20637079946658227,0.17721804712557807,1.1323542751400573,-0.18335546867105265,0.2493327502849042,-0.10970641012535785,0.16954627019373486,0.06214139314792997,1.1369573412991631,-0.17568369173920942,0.08231559698401143,0,4,39,0,0,16,0,0,0,0,0,0,28,108,312,-24,-32,200,35,45,43,37,32,45,123,121,121,121,121,121,-999,-999,-4.90
10.747045278549194,-0.1035689885798833,0.20637079946658227,0.17721804712557807,1.1323542751400573,-0.18335546867105265,0.2493327502849042,-0.10970641012535785,0.16954627019373486,0.06214139314792997,1.1369573412991631,-0.17568369173920942,0.08231559698401143,0,4,39,0,1,16,0,0,0,0,0,0,28,108,312,-24,-32,200,34,45,43,37,32,45,123,121,121,121,121,121,-999,-999,-4.90
10.762995719909668,-0.1035689885798833,0.20637079946658227,0.17721804712557807,1.1323542751400573,-0.18335546867105265,0.2493327502849042,-0.10970641012535785,0.16954627019373486,0.06214139314792997,1.1369573412991631,-0.17568369173920942,0.08231559698401143,0,5,37,0,0,14,0,0,0,0,0,0,28,108,312,-24,-32,200,35,45,43,37,32,45,123,121,121,121,121,121,-999,-999,-4.90
10.779189825057983,-0.1035689885798833,0.20637079946658227,0.17721804712557807,1.1323542751400573,-0.18335546867105265,0.2493327502849042,-0.10970641012535785,0.16954627019373486,0.06214139314792997,1.1369573412991631,-0.17568369173920942,0.08231559698401143,0,4,44,1,0,20,0,0,0,0,0,0,28,108,312,-24,-32,200,35,45,43,37,32,45,123,121,121,121,121,121,-999,-999,-4.90
10.795043468475342,-0.1035689885798833,0.20637079946658227,0.17721804712557807,1.1323542751400573,-0.18335546867105265,0.2493327502849042,-0.10970641012535785,0.16954627019373486,0.06214139314792997,1.1369573412991631,-0.17568369173920942,0.08231559698401143,0,5,40,0,0,16,0,0,0,0,0,0,28,108,312,-24,-32,200,35,45,43,37,32,45,123,122,121,121,121,121,-999,-999,-4.90
10.811078310012817,-0.1035689885798833,0.20637079946658227,0.17721804712557807,1.1323542751400573,-0.18335546867105265,0.2493327502849042,-0.10970641012535785,0.16954627019373486,0.06214139314792997,1.1369573412991631,-0.17568369173920942,0.08231559698401143,0,4,43,0,1,16,0,0,0,0,0,0,28,108,312,-24,-32,200,35,45,43,37,32,45,123,121,121,121,121,122,-999,-999,-4.90
10.828026056289673,-0.1035689885798833,0.20637079946658227,0.17721804712557807,1.1323542751400573,-0.18335546867105265,0.2493327502849042,-0.10970641012535785,0.16954627019373486,0.06214139314792997,1.1369573412991631,-0.17568369173920942,0.08231559698401143,1,5,36,1,0,19,0,0,0,0,0,0,28,108,312,-24,-32,200,35,45,43,37,32,45,123,121,121,121,121,121,-999,-999,-4.90
10.844053030014038,-0.1035689885798833,0.20637079946658227,0.17721804712557807,1.1323542751400573,-0.18335546867105265,0.2493327502849042,-0.10970641012535785,0.16954627019373486,0.06214139314792997,1.1369573412991631,-0.17568369173920942,0.08231559698401143,1,4,41,0,0,16,0,0,0,0,0,0,28,108,312,-24,-32,200,35,45,43,37,32,45,123,121,121,121,121,122,-999,-999,-4.90
10.86000394821167,-0.1035689885798833,0.20637079946658227,0.17721804712557807,1.1323542751400573,-0.18335546867105265,0.2493327502849042,-0.10970641012535785,0.16954627019373486,0.06214139314792997,1.1369573412991631,-0.17568369173920942,0.08231559698401143,1,4,36,0,1,18,0,0,0,0,0,0,28,108,312,-24,-32,200,35,45,43,37,32,45,123,121,121,120,121,121,-999,-999,-4.90
10.8760347366333,-0.1035689885798833,0.20637079946658227,0.17721804712557807,1.1323542751400573,-0.18335546867105265,0.2493327502849042,-0.10970641012535785,0.16954627019373486,0.06060703776156134,1.1369573412991631,-0.17568369173920942,0.08231559698401143,0,4,38,1,1,16,0,0,0,0,0,0,28,108,316,-24,-32,200,35,45,43,37,32,45,123,121,121,121,121,121,-999,-999,-4.90
10.892092227935791,-0.1035689885798833,0.20637079946658227,0.17721804712557807,1.1323542751400573,-0.18335546867105265,0.2493327502849042,-0.10970641012535785,0.16954627019373486,0.06060703776156134,1.1369573412991631,-0.17568369173920942,0.08231559698401143,0,4,43,0,0,16,0,0,0,0,0,0,28,108,320,-24,-32,200,35,45,43,37,32,45,123,121,121,121,121,122,-999,-999,-4.90
10.90806531906128,-0.1035689885798833,0.20637079946658227,0.17721804712557807,1.1323542751400573,-0.18335546867105265,0.2493327502849042,-0.10970641012535785,0.16954627019373486,0.05907268237519269,1.1369573412991631,-0.17568369173920942,0.08231559698401143,1,4,48,1,0,18,0,0,0,0,0,0,28,108,320,-24,-32,200,35,45,43,37,32,45,123,121,121,121,121,121,-999,-999,-4.90
10.92422866821289,-0.1035689885798833,0.20637079946658227,0.17721804712557807,1.1323542751400573,-0.18335546867105265,0.2493327502849042,-0.10970641012535785,0.16954627019373486,0.05907268237519269,1.1369573412991631,-0.17568369173920942,0.08231559698401143,0,5,43,0,1,14,0,0,0,0,0,0,28,108,324,-24,-32,200,35,45,43,37,32,45,123,121,121,121,121,121,-999,-999,-4.90
