# https://github.com/mikedh/trimesh
mtllib visual_geometry.mtl
usemtl material_0
v 0.11793193 0.01043982 0.11354140
v 0.11793193 0.01043982 0.11354140
v 0.11204393 0.02482582 -0.09932360
v 0.02692393 -0.02640018 0.08957340
v 0.11345193 0.00744582 -0.11501660
v 0.01124393 -0.01856718 -0.11252360
v 0.11479593 0.01656882 0.07418240
v -0.11195607 0.01741882 0.11504940
v -0.06472407 -0.01876618 -0.07427760
v -0.07586007 -0.02641318 0.08651340
v 0.11434793 0.02119382 -0.00603960
v -0.02587607 -0.02100918 -0.00150460
v -0.11018707 0.02003682 0.05393840
v 0.09429293 -0.02728818 0.09070040
v -0.04791507 -0.02074518 -0.00796660
v 0.00648493 0.00931682 -0.11372360
v 0.11803693 -0.01950118 0.10882040
v -0.11453907 -0.00804618 -0.00401760
v -0.11517907 0.02636782 -0.09605360
v 0.07822893 0.02647582 -0.08355960
v 0.11234093 0.02436682 -0.10140260
v 0.08814893 0.01544882 0.11512340
v 0.05474093 -0.01882218 -0.11296860
v 0.08232493 -0.02654618 0.08142240
v -0.09981907 -0.01825218 -0.09751560
v -0.05849807 -0.01768918 -0.11260260
v -0.11283407 -0.02720218 0.09767540
v -0.11283407 -0.02720218 0.09767540
v -0.11609807 0.00486182 -0.08563360
v 0.11526193 0.01793182 0.10051140
v 0.11372593 -0.01882018 -0.10027460
v 0.11372593 -0.01882018 -0.10027460
v -0.02246607 -0.01860518 -0.09980660
v 0.11779893 -0.01751318 0.11247840
v 0.11779893 -0.01751318 0.11247840
v 0.05629493 -0.02154518 -0.00750460
v 0.11792693 -0.00379318 0.11310740
v 0.11792693 -0.00379318 0.11310740
v 0.11274293 0.02325982 -0.07208760
v -0.07663307 0.01758482 0.11426240
v -0.09692107 -0.01815018 -0.10903860
v 0.11293493 0.02214682 -0.10141260
v 0.11818293 -0.01880918 0.11205840
v 0.10967093 -0.02223818 -0.02904960
v -0.09346507 0.01618982 0.11673240
v 0.10314293 0.01200782 -0.11527260
v 0.11363893 0.02266182 -0.03564560
v -0.11368907 -0.02629918 0.10668440
v 0.11440693 -0.01651318 -0.11189060
v 0.11248693 0.02387582 -0.07909160
v -0.11678407 0.00983482 -0.11030160
v -0.11665607 0.00067382 -0.11110660
v -0.11665607 0.00067382 -0.11110660
v 0.06753593 -0.02761018 0.10211640
v -0.09368007 -0.02060618 -0.03103260
v 0.11476793 -0.02391818 0.01307540
v 0.11476793 -0.02391818 0.01307540
v 0.09249593 -0.02237918 -0.01132460
v 0.11681593 -0.00387518 0.11311440
v 0.11425593 0.02102282 0.01533640
v 0.02260793 -0.02202018 0.01565940
v 0.11700793 -0.00927618 0.10124940
v 0.11310393 0.02282182 -0.06457960
v -0.11166407 0.02819282 -0.11059060
v 0.07252793 -0.02613018 0.07796940
v -0.11347907 -0.02199918 -0.01768260
v 0.11525693 -0.00824318 0.06414240
v 0.11333693 -0.01976218 -0.08955360
v -0.01767107 -0.02740718 0.11411040
v -0.00320707 -0.01934518 -0.06169060
v 0.11410493 0.02255682 -0.01805060
v 0.11487293 0.01828582 0.04273340
v -0.11251907 0.01839482 0.08054940
v 0.10309693 -0.02122818 -0.05157960
v 0.11557693 -0.00489518 0.07832640
v -0.11309507 0.01691282 0.09109540
v 0.11237693 0.02449882 -0.08821660
v -0.11437507 -0.00623018 0.11554740
v 0.11378493 0.01737282 -0.11480160
v -0.11360707 -0.02653818 0.09989240
v 0.11775293 -0.02032418 0.11222840
v 0.11775293 -0.02032418 0.11222840
v -0.06899907 0.01170282 -0.11229760
v 0.11384893 -0.02474818 0.02063040
v 0.11516993 -0.02561518 0.04961140
v 0.11516993 -0.02561518 0.04961140
v 0.05225793 -0.02273218 0.02032040
v 0.08374593 -0.01679018 -0.11468260
v -0.11612607 0.02472482 -0.08810660
v 0.04713793 -0.02606618 0.08143040
v -0.11465407 -0.01873818 -0.07613560
v -0.11388607 0.02391282 -0.02220860
v 0.11548993 0.01736982 0.08885640
v 0.11356993 0.02446682 -0.07621360
v -0.11318207 0.02212582 0.02241940
v -0.11644607 -0.00936118 -0.11074460
v -0.11644607 0.02409882 -0.09810660
v -0.08956607 0.01706482 0.11590140
v 0.11369793 0.02355482 -0.06458660
v -0.11235007 0.01768482 0.09752640
v 0.04233793 -0.02028018 -0.03897860
v 0.03318593 0.02611482 -0.11342760
v -0.11550907 -0.00125818 -0.06978960
v -0.02174907 -0.02115318 -0.00197260
v -0.11538107 -0.01745918 -0.08530860
v -0.11538107 -0.01745918 -0.08530860
v 0.10285893 0.02711582 -0.09417760
v 0.11604293 0.00976782 0.09663540
v -0.01560507 -0.01882518 -0.08289260
v 0.11354693 0.02343382 -0.06135760
v -0.11448507 0.01503382 0.10063140
v 0.11425093 -0.02380818 0.00105740
v -0.08363707 -0.02189718 0.00588940
v -0.11442107 -0.01915818 -0.06927860
v -0.11442107 0.02122882 -0.11171360
v 0.11495493 0.01828382 0.08484840
v 0.05338693 0.02268982 -0.01738660
v 0.11373893 0.00297282 -0.07703060
v -0.10110907 0.01873382 0.07391940
v 0.11450693 0.02102682 -0.00058360
v -0.03738807 0.02280482 -0.11274160
v 0.11269193 -0.02016018 -0.08285360
v -0.11271607 -0.02730118 0.11498640
v 0.11864393 0.00121582 0.11131040
v -0.11393207 -0.01603718 -0.11294060
v -0.01754807 -0.01757918 -0.11328660
v -0.11450807 0.02605682 -0.05847560
v 0.11422793 -0.01743818 -0.11199060
v 0.11422793 -0.01743818 -0.11199060
v 0.01464393 -0.02823218 0.11344840
v 0.11365193 0.00475782 -0.08320760
v -0.11431607 -0.02283618 0.02743940
v -0.11431607 -0.02283618 0.02743940
v -0.10627507 0.01565182 0.11715240
v -0.10557107 0.02228482 0.01946440
v 0.09103693 -0.02497918 0.04375940
v 0.11337293 0.02021582 -0.04338760
v -0.02678707 -0.02449218 0.06454540
v -0.05091507 0.02406082 -0.02953260
v 0.11490893 0.00024382 0.05336140
v 0.05462093 -0.02575118 0.07590840
v 0.10908493 0.02074082 0.02180340
v -0.11433907 0.01365482 -0.11217060
v -0.10448307 -0.01819618 -0.10034960
v -0.11363507 0.02058682 0.02466340
v 0.11382093 0.01972082 0.00301440
v 0.08828493 -0.01936518 -0.09846060
v -0.09714607 0.02379582 -0.01405360
v 0.11456593 0.01712582 0.04956740
v 0.08448593 0.00769482 -0.11472160
v 0.10880593 0.02488882 -0.06137160
v 0.11411793 -0.01421618 -0.10350760
v 0.05850193 0.02791482 -0.11173460
v -0.11385007 -0.01841318 -0.08840860
v 0.10573393 0.02591482 -0.11467160
v 0.11360593 0.02601482 -0.09032060
v 0.03898193 0.01707682 0.11470240
v 0.11309393 0.02670982 -0.11357060
v -0.05138607 0.02774782 -0.09813560
v 0.11443793 0.02067082 0.01955640
v 0.03787093 -0.02102718 -0.01199860
v 0.11793493 -0.01461418 0.11251640
v 0.11793493 -0.01461418 0.11251640
v -0.11400107 0.00941582 0.11626940
v -0.11400107 0.02729382 -0.07443260
v -0.11393707 -0.02448118 0.05407240
v 0.11153493 -0.01654618 -0.11543460
v -0.11585707 0.00971082 -0.08213760
v -0.11387307 -0.02489218 0.06779740
v -0.11387307 -0.02489218 0.06779740
v -0.11188907 -0.02814918 0.11468440
v -0.11188907 -0.02814918 0.11468440
v -0.11515307 -0.01842918 -0.06956460
v -0.11515307 -0.01842918 -0.06956460
v -0.11310507 -0.00531818 0.11558840
v -0.11630507 0.02433482 -0.11084160
v 0.11121493 0.02437982 -0.06012560
v 0.11586393 0.01738582 0.10073040
v -0.11376807 0.02573382 -0.04657460
v -0.04951207 -0.02857818 0.11332840
v -0.04951207 -0.02857818 0.11332840
v -0.03767207 -0.01013618 -0.11288160
v 0.11573593 -0.02813618 0.10655440
v 0.11573593 0.01648482 0.11423140
v -0.11492007 0.02767282 -0.09372360
v 0.11385693 -0.02224618 -0.02867460
v -0.08467107 0.02325482 -0.11212860
v -0.00076707 0.02105182 -0.11363260
v 0.11667293 0.00794582 0.10255640
v -0.11590307 -0.01328018 -0.11215660
v -0.11590307 -0.01328018 -0.11215660
v -0.11455907 0.01469882 0.10528740
v 0.10892893 -0.02745618 0.08785440
v -0.11513507 -0.01249518 -0.06283460
v 0.09459293 0.02532382 -0.06593460
v -0.11577507 0.01978782 -0.07515960
v 0.06444893 -0.02466218 0.05308540
v -0.11052707 -0.02199218 -0.00974360
v 0.04153693 -0.01924218 -0.09336560
v -0.11500707 0.01333782 0.10943640
v -0.11157407 -0.01798218 -0.09714260
v 0.11325793 -0.01890518 -0.10303260
v 0.04183393 0.01807182 0.06918140
v 0.01892193 -0.01925218 -0.07481060
v 0.11396193 0.02575082 -0.11343160
v 0.11338593 0.00910582 -0.08759560
v -0.11381407 -0.02531618 0.08089040
v -0.11445407 0.01642982 0.10943940
v 0.11831393 0.00326682 0.11033240
v -0.11432607 0.00829882 0.05232240
v -0.11496607 0.02773182 -0.09937560
v 0.11639393 0.01755482 0.11058840
v -0.10628507 -0.01933918 -0.06614160
v 0.07854693 0.02488082 -0.05727160
v -0.10494107 -0.01846518 -0.08867160
v -0.11473307 0.02497882 -0.06360160
v -0.04772507 0.02845082 -0.11016060
v -0.01623707 -0.02635318 0.08992340
v 0.11361893 0.00429882 -0.05133860
v 0.11361893 0.02055082 -0.01305060
v -0.08362907 -0.02749718 0.11480440
v 0.11233893 0.02427582 -0.08441060
v -0.03703707 -0.00114318 0.11518940
v -0.00753307 -0.02161318 0.01194740
v -0.11498907 0.01555782 0.11448340
v 0.10593893 0.02312782 -0.02227660
v 0.11579493 -0.02686218 0.08043940
v 0.11579493 -0.02686218 0.08043940
v 0.11519593 0.01771082 0.07232440
v 0.11263593 -0.01414518 -0.11531760
v 0.11461993 0.01996382 0.01715340
v -0.11667607 0.02656082 -0.10825560
v 0.11794793 0.00174782 0.11307440
v 0.11794793 0.00174782 0.11307440
v -0.07776407 0.01715982 0.11568740
v 0.11231593 0.02506982 -0.09620860
v -0.11366807 -0.02137618 -0.03065660
v -0.07955607 0.02618282 -0.11199560
v 0.08825193 -0.01499018 0.11354440
v -0.11488407 0.01982482 0.01687740
v 0.11402093 -0.01758518 -0.09676660
v -0.11273107 -0.02393218 0.11479540
v -0.11599507 -0.01571418 -0.11176760
v -0.08437907 -0.01806518 -0.11175860
v 0.03293293 -0.02761618 0.11356540
v -0.09084307 0.02859782 -0.10964160
v -0.05673107 0.01599182 0.11632840
v -0.01935507 -0.02030918 -0.01710960
v 0.06128493 0.02755982 -0.10164360
v 0.11440493 0.01695482 0.03163340
v 0.11248493 0.02534282 -0.10161260
v 0.11335793 0.02620282 -0.10241360
v -0.01509007 -0.02090018 -0.00476760
v 0.05377393 0.02082282 -0.11384260
v 0.00334193 -0.02783918 0.11383040
v -0.11198607 0.01559582 0.11709940
v -0.11384207 -0.01921018 0.09379740
v 0.11425393 -0.02246318 -0.02337060
v -0.11576207 0.00558582 -0.07638160
v -0.11576207 0.02354182 -0.06160160
v -0.11377807 0.02424182 -0.02650560
v 0.11175793 0.02617482 -0.11501660
v -0.11237007 0.01716082 0.11242740
v -0.10712207 0.01461182 0.11734740
v -0.11493007 -0.01747818 -0.10264460
v -0.05265807 0.01825282 0.07184240
v 0.11316593 0.02012282 -0.05923960
v -0.11412107 -0.00831018 0.11563240
v -0.11597707 0.00882982 -0.08037060
v -0.11527307 -0.00298518 -0.05726460
v 0.03749493 -0.02164718 0.00367640
v 0.11423093 -0.02058218 -0.05570460
v 0.11423093 -0.02058218 -0.05570460
v 0.11755893 0.01624782 0.10770840
v 0.10904693 0.02757282 -0.10379760
v -0.04884107 0.01731282 0.11522740
v -0.11239307 0.01819982 0.08730740
v -0.06976907 0.02451882 -0.03379260
v -0.06836107 0.01751482 0.11488040
v 0.10597493 -0.01638918 -0.11541760
v -0.08662407 0.02717782 -0.08007260
v -0.11478407 0.02447982 -0.05737260
v 0.08515193 -0.02262518 0.00082740
v -0.11459207 0.02339282 -0.03426660
v -0.10800007 0.01663882 0.11655640
v -0.11376007 0.02344482 -0.01527260
v -0.09737607 0.01241282 -0.11220560
v 0.08483193 -0.01918518 -0.10667860
v -0.11369607 0.02335682 -0.00926360
v 0.11439993 -0.02104018 -0.04739360
v 0.11439993 -0.02104018 -0.04739360
v -0.11555207 0.01253482 -0.11122060
v 0.11382393 0.02429582 -0.07052160
v -0.08856707 -0.01602518 -0.11275160
v 0.11264893 0.02752382 -0.11266660
v 0.11399293 0.02014682 -0.11345760
v 0.11399293 0.02014682 -0.11345760
v 0.11661693 -0.01075718 0.11300040
v -0.11602307 0.01205982 -0.08726960
v 0.11348093 0.00970082 -0.06675660
v 0.11354493 0.02606982 -0.08514660
v -0.11448707 0.01623482 0.10735640
v 0.11424893 -0.01675218 -0.11515060
v 0.10842493 -0.01843618 -0.11391560
v 0.04487293 -0.02439318 0.05461440
v 0.11373693 0.02447482 -0.06560860
v -0.10514307 -0.02423718 0.04016640
v -0.02840707 -0.01871118 -0.08360860
v 0.10202493 0.02759082 -0.11278660
v 0.11252093 0.00920782 -0.11544860
v -0.11355007 0.01931482 0.04520140
v -0.11412607 -0.01996518 0.10774240
v -0.11412607 -0.01728918 -0.11156460
v -0.11335807 0.01677482 0.10655740
v 0.08196993 -0.02705218 0.08990340
v 0.02564993 -0.00330018 -0.11371660
v -0.00775807 0.02722482 -0.08764560
v -0.00641407 -0.02831318 0.11350140
v -0.05947007 -0.02836218 0.11403640
v -0.05947007 -0.02836218 0.11403640
v -0.11451007 0.02796782 -0.09502760
v -0.11310207 -0.02595118 0.07074440
v 0.11563393 -0.02536018 0.11249040
v -0.11438207 -0.00261918 0.11586040
v 0.11499393 0.01247382 0.06941540
v -0.01345407 -0.01967118 -0.03867960
v 0.08683393 0.02040782 0.02309540
v 0.11384193 0.00113782 -0.08702860
v 0.11778693 -0.02389218 0.11170040
v 0.11778693 -0.02389218 0.11170040
v 0.11388293 -0.01880618 -0.09374060
v 0.11388293 -0.01880618 -0.09374060
v 0.11145093 0.02631382 -0.08271860
v 0.11343493 0.02115482 -0.02904160
v 0.03874693 0.02802682 -0.11087160
v 0.11484293 -0.02645318 0.05862840
v -0.11517307 -0.01082518 -0.07587260
v -0.11574907 0.00322882 -0.08184860
v 0.09724293 -0.02829418 0.11195240
v 0.09724293 -0.02829418 0.11195240
v -0.11178107 -0.02848318 0.11336740
v 0.08885893 0.02582182 -0.11425360
v 0.08629893 -0.02791918 0.11282040
v 0.11584393 -0.00558118 0.08415540
v 0.02413193 -0.01695718 -0.11379760
v 0.11392393 -0.00739018 -0.09549560
v -0.05631607 -0.02153618 0.00685440
v 0.11539593 -0.02029218 0.05680440
v 0.00928393 0.02815182 -0.11084260
v -0.11455607 0.02839182 -0.10591460
v 0.00678793 -0.02852618 0.11275340
v 0.00678793 -0.02852618 0.11275340
v -0.11442807 0.01698382 0.07078040
v 0.00038793 -0.00998618 0.11471240
v 0.02144393 -0.01899318 -0.10795360
v -0.11073907 -0.02786418 0.11501840
v -0.11073907 -0.02786418 0.11501840
v -0.11400307 0.02656382 -0.11153060
v -0.11265907 0.01645382 0.10435240
v 0.11217293 0.02529082 -0.09984160
v 0.01854093 0.01978882 0.03386740
v 0.11690893 -0.01890618 0.11221440
v 0.11434893 -0.01161818 -0.02891660
v 0.03121293 -0.01960618 -0.06452960
v 0.10724493 -0.02358418 0.00064040
v -0.02510707 0.00518182 -0.11321260
v -0.11291507 0.02242182 0.01831340
v -0.11549807 0.00271682 -0.07546960
v 0.11528593 0.01766782 0.11259840
v -0.11466607 0.02764182 -0.08415160
v -0.11460207 -0.01059318 0.11494740
v -0.11460207 -0.01059318 0.11494740
v 0.06325393 0.02587482 -0.11376760
v -0.11434607 0.02806182 -0.09939260
v 0.11445393 -0.02573218 0.04003340
v 0.11321493 -0.00130218 -0.11518760
v 0.10361493 0.01969182 0.04190940
v 0.09247893 -0.02760218 0.11285940
v 0.03155093 0.02446082 -0.04442460
v 0.04883093 -0.02045418 -0.03427860
v 0.11372693 0.02328382 -0.11196760
v -0.11628907 0.02552482 -0.09916660
v 0.05087893 -0.02598618 0.07774140
v 0.11513493 -0.02453118 0.02988640
v 0.11513493 -0.02453118 0.02988640
v -0.01781607 -0.02077318 -0.00365360
v -0.11477607 0.01802582 0.04621840
v 0.11459993 -0.01734518 -0.11442760
v 0.11459993 -0.01734518 -0.11442760
v 0.08189593 0.01754782 0.11352240
v 0.08848793 0.01230682 0.11516840
v -0.11400807 -0.02405618 0.04388840
v 0.08983193 -0.02745118 0.11307540
v 0.09379993 -0.01964218 -0.09185960
v 0.11415193 0.01631482 -0.10844060
v 0.11287193 0.02468682 -0.10283360
v -0.11253607 -0.01961118 -0.06337360
v -0.06927207 0.02817582 -0.10202460
v 0.11031193 0.02396082 -0.04886960
v 0.11555993 0.00446882 0.11467940
v 0.11299993 0.02684682 -0.09316160
v 0.05008793 -0.01957918 -0.07662060
v -0.05736807 0.01442882 0.11665840
v -0.05013607 0.02617882 -0.11235960
v 0.10391193 -0.02731818 0.08760140
v -0.11624807 0.01249682 -0.09116360
v -0.00546407 0.00996782 0.11607540
v -0.11543907 0.00305082 -0.11157960
v -0.11083107 -0.02096718 -0.03301060
v 0.11790493 0.00709682 0.11340340
v 0.11790493 0.00709682 0.11340340
v 0.10689693 -0.02033118 -0.07689360
v 0.11873693 0.00894382 0.11124440
v -0.11454307 0.01549582 0.10684040
v 0.11553693 -0.02792618 0.09919440
v 0.11816093 0.01508982 0.10933640
v 0.11688093 0.00078282 0.11326540
v -0.11633507 0.02471282 -0.09367360
v 0.09800093 -0.02319518 0.00264840
v 0.10523293 0.01682582 0.11415040
v -0.11684707 0.02161282 -0.11061260
v -0.11684707 0.02161282 -0.11061260
v 0.11515293 0.01607282 0.09179340
v -0.11546207 -0.01660918 -0.11150160
v -0.11546207 -0.01660918 -0.11150160
v -0.10951007 -0.01767418 -0.11120360
v 0.11397793 0.00286582 -0.09745760
v 0.11333793 -0.02172418 -0.04702160
v 0.11532193 0.01807982 0.09516740
v 0.11532193 0.01615482 0.09658840
v 0.11468193 0.01952082 0.02296540
v 0.11468193 0.01871982 0.06976540
v 0.11730593 -0.00140818 0.10593740
v -0.11661407 0.01116682 -0.11081760
v -0.11661407 0.01116682 -0.11081760
v -0.11463007 0.01621382 0.06557440
v -0.01626207 0.01497882 0.11622640
v -0.11514207 0.00063282 -0.05156360
v 0.11685793 0.01635782 0.10308540
v 0.09144993 0.01800782 0.08242940
v -0.11367007 -0.02708118 0.10462040
v -0.11488607 -0.01691718 -0.11228660
v -0.11488607 -0.01691718 -0.11228660
v -0.08988507 0.02579482 -0.05227860
v 0.11401893 0.00341982 -0.02156460
v 0.09635493 -0.02801218 0.11252640
v 0.11536293 0.01787782 0.07856240
v -0.03862107 0.01432782 0.11633240
v -0.10153307 -0.01840718 -0.10190260
v -0.11266907 0.01826182 0.07860740
v -0.07727707 -0.02079518 -0.01592260
v 0.11606693 -0.02684918 0.08845440
v 0.11606693 -0.02684918 0.08845440
v 0.05712293 -0.02103118 -0.02124960
v -0.11650907 0.00585782 -0.10225360
v -0.03324507 -0.01851418 -0.11187860
v -0.06402907 -0.01827818 -0.11177160
v 0.11293093 0.02712082 -0.09942760
v -0.07318107 0.01939382 0.05356640
v 0.11363493 0.02148082 0.00796040
v 0.11696293 0.01159182 0.10297540
v -0.02326107 -0.01879318 -0.07508760
v 0.11837093 -0.00412418 0.11240740
v -0.11292507 0.00724982 0.11627840
v 0.05289893 -0.02773618 0.11338840
v -0.11480407 0.02828582 -0.11006560
v 0.11719593 0.01501482 0.11408740
v 0.11527593 0.01832682 0.06281040
v -0.06226007 -0.02433818 0.05745140
v -0.11525207 0.02094082 -0.00942460
v 0.03764393 -0.02004018 -0.04957060
v -0.11698007 0.02602782 -0.10472260
v 0.11706793 0.00772082 0.11366040
v 0.01223593 0.01506382 0.11600740
v 0.11326893 0.02600882 -0.09971560
v 0.08312493 -0.01877518 -0.11296760
v -0.11476307 0.00749382 0.10770440
v -0.04717907 0.02669382 -0.07517060
v -0.11399507 -0.02451818 0.06022440
v -0.11399507 -0.02451818 0.06022440
v 0.11410093 -0.02010218 -0.07053560
v 0.11410093 -0.02010218 -0.07053560
v -0.02151507 -0.01921118 -0.05710460
v -0.11258707 0.02286382 0.01060640
v 0.11486893 0.01627782 0.08670840
v -0.11578707 0.02459482 -0.07808960
v 0.11621293 -0.02807018 0.11172440
v 0.11621293 -0.02807018 0.11172440
v 0.11621293 -0.02807018 0.11172440
v -0.11175507 -0.02552618 0.06109540
v -0.11559507 -0.01660518 -0.10514960
v -0.11559507 -0.01660518 -0.10514960
v -0.01857107 -0.02067118 -0.00768560
v 0.11448493 0.01884382 0.04888640
v -0.11421007 -0.00930918 0.03679540
v 0.11465393 -0.01416918 0.00173540
v 0.11401393 0.02398282 -0.11321360
v 0.11663793 0.00035582 0.10055640
v 0.11804593 -0.00781318 0.11190240
v -0.10723407 0.02622082 -0.11186760
v -0.11440207 -0.01670718 0.11458440
v -0.11440207 -0.01670718 0.11458440
v -0.11369807 0.02186282 0.00189840
v 0.07574193 0.02760382 -0.11273460
v -0.03165007 -0.01382118 0.11442240
v 0.11386293 -0.02098418 -0.05786160
v -0.07743307 -0.01746518 -0.11242760
v 0.10477493 -0.02676118 0.07281140
v 0.09824693 -0.02673718 0.07633640
v 0.10810293 -0.02700118 0.07460140
v 0.11335093 -0.02090118 -0.06610060
v -0.01893707 -0.01853518 -0.11149160
v -0.11461707 0.01792282 0.05147240
v 0.11610293 -0.02177318 0.08103940
v 0.11418293 0.02175682 -0.01788060
v 0.11559093 -0.02745018 0.11286240
v 0.11770293 -0.00071518 0.10917940
v 0.09613493 0.01790882 0.10902140
v -0.11224907 -0.02807918 0.10963040
v -0.11611207 0.01401282 -0.09245760
v -0.11540807 0.00124382 -0.06201460
v -0.11470407 0.02741782 -0.11095060
v 0.11735993 -0.02192618 0.10161940
v 0.11575993 0.01415182 0.10032340
v 0.07319993 0.01879982 0.05227340
v -0.03485507 0.01946782 0.04533240
v -0.10954307 0.02853082 -0.10990060
v -0.11274307 -0.02401318 0.03252540
v 0.11336893 0.02672982 -0.09868760
v 0.07215293 -0.01963118 -0.08285960
v -0.02282307 -0.01576018 -0.11358460
v 0.11548093 0.01782982 0.10611340
v 0.11420093 -0.01805418 -0.06080360
v -0.11319107 -0.02801018 0.11169240
v -0.11319107 -0.02801018 0.11169240
v 0.10901693 0.02400682 -0.11511860
v 0.07560893 -0.02651918 0.08215340
v 0.10773693 -0.02767118 0.09468240
v -0.02915907 0.02379382 -0.02629260
v -0.11562307 0.01321482 -0.05483060
v -0.06711107 -0.02857318 0.11309940
v -0.11363907 -0.02604218 0.09073740
v -0.11165507 -0.00686318 0.11623540
v -0.11357507 0.01582982 0.10481040
v 0.11059393 0.02341382 -0.03669960
v 0.11846593 0.00736282 0.10915140
v -0.03750207 -0.01623018 -0.11301460
v -0.08403007 -0.01911018 -0.06694660
v 0.11456193 0.01896282 0.05545540
v -0.03289407 -0.01969718 -0.03551060
v -0.04729407 -0.01799718 -0.11254460
v -0.05580607 0.02414882 -0.02969660
v -0.11340607 0.02273982 0.00895440
v 0.10220993 -0.02029818 -0.07805360
v 0.01964993 0.01757682 0.11394940
v 0.10822593 -0.02396118 0.00842140
v -0.11391807 -0.02355918 0.02872840
v -0.04051007 0.01603882 0.11606640
v 0.10963393 0.01329882 0.11512640
v -0.09939007 0.01736782 0.11551740
v 0.10316993 0.00858482 0.11506240
v 0.11366593 0.02303082 -0.02289060
v -0.11308607 0.01624182 0.11059540
v 0.02323393 -0.01900318 -0.09621760
v -0.11302207 0.01598882 0.11623540
v 0.11833793 0.01181882 0.11221240
v 0.09553093 -0.02046818 -0.07130960
v 0.11453893 0.01859082 0.02864840
v -0.10760507 0.01907082 0.06931040
v -0.08136507 0.01201382 0.11691740
v 0.00913093 -0.02403818 0.05541940
v -0.11470907 0.00581282 0.11559040
v -0.11470907 0.00581282 0.11559040
v -0.11400507 -0.02341318 0.11440040
v -0.11400507 -0.02341318 0.11440040
v -0.01698107 -0.00460718 0.11507040
v 0.10762693 -0.02744718 0.11288440
v 0.11485893 -0.01004818 0.03270940
v -0.08629307 0.01811982 0.08232840
v 0.11837893 -0.00116418 0.11296240
v 0.11837893 -0.00116418 0.11296240
v -0.11554107 0.00574682 -0.07313660
v 0.02747593 -0.02840918 0.11295540
v 0.02747593 -0.02840918 0.11295540
v -0.11537207 0.02642682 -0.09860560
v 0.11534793 0.01019382 0.08149340
v 0.11745993 -0.01112318 0.10323540
v 0.11361993 0.01817082 0.09365540
v 0.05006793 -0.02520618 0.06755540
v 0.11432393 0.02134982 0.00705340
v -0.11306807 -0.01887718 -0.07638160
v -0.02980407 -0.02820818 0.11390340
v -0.11626807 0.01158982 -0.09509160
v -0.11219507 0.01757282 0.10510540
v 0.11718093 -0.00324318 0.10311640
v -0.03878707 -0.01873518 -0.10564260
v 0.05631693 -0.00787618 0.11411540
v 0.11334093 0.02257582 -0.04287460
v -0.11405107 -0.01603418 0.11500940
v 0.04063693 -0.02220518 0.01362740
v 0.11218893 0.02472282 -0.09221860
v -0.11520307 -0.00628318 -0.05882160
v 0.11679693 -0.02568418 0.11221940
v -0.11584307 -0.00790318 -0.09204560
v 0.11359693 -0.01827718 -0.11072160
v 0.11295693 0.02099482 -0.08162060
v 0.11366093 0.02549082 -0.07719060
v -0.10784307 -0.02858418 0.11380440
v -0.09472307 0.02453182 -0.02866060
v 0.07897293 0.02556482 -0.11419160
v -0.11501107 -0.01598918 -0.11276460
v -0.11501107 -0.01598918 -0.11276460
v -0.11430707 -0.02077618 -0.02188460
v -0.11430707 -0.02077618 -0.02188460
v -0.11622707 0.00668182 -0.09200060
v 0.04895693 0.02736482 -0.09776360
v 0.11385293 -0.01838018 -0.10586360
v 0.11385293 -0.01838018 -0.10586360
v 0.11385293 0.02667382 -0.11243660
v 0.05750993 0.02639682 -0.08272560
v -0.04994607 0.02514282 -0.04814560
v -0.11285807 0.01964882 0.05516740
v 0.11587793 0.01510482 0.11498940
v 0.10736593 0.02450482 -0.05235060
v -0.11413807 0.02442882 -0.03305360
v 0.11523793 0.00398782 0.07442640
v 0.11728593 0.01529782 0.10367940
v 0.09174993 0.02329682 -0.02783660
v 0.11011793 -0.02815918 0.11206140
v 0.11011793 -0.02815918 0.11206140
v 0.03741393 -0.02806518 0.11333840
v 0.03741393 -0.02806518 0.11333840
v -0.02287407 -0.02852418 0.11290740
v -0.02287407 -0.02852418 0.11290740
v -0.11330607 -0.02765618 0.10996840
v -0.11330607 -0.02765618 0.10996840
v 0.11299793 -0.01939318 -0.09470560
v -0.11241007 -0.02179218 -0.02450260
v -0.11567407 0.02272682 -0.04595660
v -0.02453807 0.01701782 0.11544840
v -0.03305007 -0.01866918 -0.09757960
v -0.11234607 -0.02659418 0.08061040
v -0.10441007 -0.01535218 -0.11308060
v -0.06965807 -0.01859618 -0.10948260
v 0.06403793 0.01382082 0.11540540
v 0.03259093 -0.01618418 0.11394640
v 0.03655893 -0.02843918 0.11209440
v 0.11463893 0.01858682 0.07616240
v 0.11399893 -0.02433918 0.00960240
v 0.09966293 -0.01862218 -0.11373760
v -0.11518507 -0.01644418 -0.06548060
v -0.11448107 -0.02025118 -0.03146460
v -0.11448107 -0.02025118 -0.03146460
v 0.04807893 -0.02253518 0.02191240
v -0.11633707 -0.00554818 -0.11139460
v -0.11633707 -0.00554818 -0.11139460
v 0.10715093 -0.02776518 0.09195540
v 0.11438293 0.02114482 0.01231540
v -0.09924907 0.02804182 -0.09427760
v 0.08231893 -0.01837618 -0.11403760
v -0.11294507 0.02089782 0.04089440
v 0.11391193 0.02210882 -0.03451960
v -0.09511207 0.02551782 -0.04702960
v -0.11469607 -0.01987018 -0.03978360
v -0.11469607 -0.01987018 -0.03978360
v 0.10290393 -0.02746418 0.09028840
v -0.11335207 -0.02040518 -0.04755260
v 0.10751193 -0.01913118 -0.10305560
v 0.08523993 0.02790682 -0.11194260
v -0.11328807 -0.02642118 0.08578440
v -0.11328807 -0.02642118 0.08578440
v -0.11450407 0.02401782 -0.04715160
v -0.05152807 0.02464982 -0.03660160
v 0.07435993 -0.02511618 0.05743240
v 0.11570393 -0.02618518 0.06943140
v 0.11570393 -0.02618518 0.06943140
v -0.01012007 -0.01867618 -0.09798760
v -0.11471907 0.00734482 0.00084840
v -0.11593507 -0.00039218 -0.08734860
v 0.11344093 -0.02019618 -0.08036560
v 0.04598493 0.01546882 0.11537540
v -0.02870307 -0.02241518 0.02930740
v 0.10761693 -0.01977218 -0.08837860
v 0.11292893 -0.01879418 -0.10644060
v 0.11427293 -0.01420618 -0.04416660
v -0.11375907 -0.02535018 0.07322340
v -0.11375907 -0.02535018 0.07322340
v 0.11376093 -0.02193218 -0.03886160
v 0.11446493 0.01888582 0.03637040
v 0.03194593 -0.00143118 0.11473040
v 0.10535393 -0.02742218 0.09127240
v -0.04075807 -0.01915918 -0.06192160
v 0.11392993 -0.00695218 -0.08119660
v -0.03352607 -0.02112418 0.00254340
v 0.11853793 0.01200682 0.10986440
v 0.11399393 -0.00048818 -0.08149860
v 0.11412193 0.01889582 0.01853440
v 0.11348193 0.02526882 -0.08843260
v 0.08212193 -0.02075118 -0.04482260
v -0.11576607 0.02384782 -0.07183060
v -0.06328607 -0.02321018 0.03919240
v -0.09535007 0.02373982 -0.01611760
v -0.00357407 0.02599682 -0.11331160
v -0.11493407 -0.01821418 -0.08796460
v -0.11493407 0.02542482 -0.07133860
v -0.09121307 0.02333482 -0.00755560
v 0.01310693 -0.02084818 -0.00899260
v 0.11672293 -0.01562418 0.11259240
v 0.00139493 -0.01567318 -0.11400360
v -0.09287707 -0.02294318 0.02284240
v 0.11621093 -0.01314518 0.08822240
v 0.11429093 0.01934382 0.02753140
v 0.11307493 0.02598982 -0.07883360
v 0.10526693 -0.01043918 0.11377140
v -0.09722907 -0.01728718 -0.11230660
v 0.11448293 0.01143082 -0.11325260
v 0.11448293 0.01143082 -0.11325260
v 0.11458793 0.00215682 -0.10892360
v 0.11663593 0.01719582 0.10438940
v 0.11599593 0.01241482 0.10021340
v 0.11535593 0.01789982 0.09092940
v 0.11669993 0.01606882 0.11376740
v 0.11343593 -0.02355618 -0.00415060
v 0.11279593 0.02766682 -0.10510660
v -0.11395607 -0.00682018 0.08912940
v -0.04835607 -0.01626018 -0.11286560
v 0.01980393 0.02184682 -0.11376360
v 0.11484393 -0.02249118 -0.00851660
v 0.11484393 -0.02249118 -0.00851660
v 0.11817193 0.00358382 0.11316540
v 0.11817193 0.00358382 0.11316540
v -0.11446807 0.01565782 0.08650340
v 0.09199593 -0.02290118 -0.00040860
v -0.11376407 -0.02632918 0.11419640
v -0.11376407 -0.02632918 0.11419640
v -0.11171607 -0.02747118 0.09852840
v -0.11165207 -0.02700218 0.11527240
v -0.11619607 0.02267582 -0.08582660
v -0.05522707 0.02206782 0.00663340
v -0.08338707 -0.00273218 -0.11241160
v -0.11417107 0.02247382 -0.01232360
v -0.09842707 -0.01782818 -0.11134060
v 0.11456493 -0.01265018 -0.11436060
v 0.11456493 -0.01265018 -0.11436060
v -0.11276307 0.02182882 0.02784640
v -0.11340307 0.02341782 -0.00177060
v -0.11327507 0.02154982 0.02888040
v 0.11680493 -0.02135918 0.09441640
v 0.11424493 -0.01771318 -0.07021160
v -0.11250707 0.01876082 0.06835540
v 0.11686893 0.00676982 0.10611140
v -0.09740307 0.02654182 -0.11172860
v -0.11442707 -0.02152118 -0.00401160
v -0.11442707 -0.02152118 -0.00401160
v -0.11570707 0.01127082 -0.07579160
v 0.11827693 0.01539382 0.11361640
v 0.01478893 0.01777782 0.10979440
v -0.11365907 -0.02589318 0.07842240
v -0.11365907 -0.02589318 0.07842240
v 0.01414893 -0.01757418 0.11425840
v -0.10905107 0.02533582 -0.04075160
v 0.11443693 -0.02132118 -0.03779960
v 0.11443693 -0.02132118 -0.03779960
v -0.05266707 0.01776482 0.09044440
v -0.11359507 -0.02352418 0.02199240
v 0.11780593 -0.00906318 0.11280140
v 0.11780593 -0.00906318 0.11280140
v 0.04836593 -0.02001118 -0.05170360
v -0.11413007 0.01584582 0.09614740
v -0.11342607 -0.02542718 0.06511340
v 0.11409393 -0.02061018 -0.06232960
v 0.11409393 -0.02061018 -0.06232960
v 0.11409393 0.02191682 -0.00333060
v 0.11082993 0.01968082 0.03843840
v 0.11345393 -0.01796618 -0.11482460
v 0.05841393 -0.02616218 0.08052640
v -0.06869007 0.02821682 -0.11100660
v 0.11422193 0.02178382 0.00131140
v -0.11445007 0.01542282 0.11605740
v 0.07178993 -0.02152018 -0.01673460
v -0.11361807 0.01484782 0.11657440
v -0.11361807 -0.02233818 -0.00383860
v 0.10075893 -0.02222018 -0.02115660
v 0.11259893 -0.00902918 -0.11542060
v 0.11522293 0.01476882 0.08338240
v -0.11408907 -0.00600618 -0.11282760
v 0.04847093 -0.02308618 0.02865740
v 0.11400693 -0.02329618 -0.00847060
v 0.08059893 0.02677382 -0.09015860
v 0.11407093 0.02423482 -0.11455660
v 0.11407093 0.02423482 -0.11455660
v -0.06544907 -0.01548518 -0.11272960
v -0.11389707 -0.02274818 0.00958540
v 0.10370293 -0.02676918 0.11302840
v 0.11355893 0.02190982 -0.04983260
v 0.00149493 -0.01882118 -0.08462460
v 0.11426293 0.00579682 0.01385340
v -0.11312907 0.01673382 0.11441840
v -0.11428107 -0.00037318 0.10034240
v -0.04874507 0.01769182 0.11413340
v 0.11579893 0.01745182 0.09706640
v 0.06604793 -0.02611418 0.07857740
v -0.09516807 -0.01861618 -0.07986160
v 0.11327993 0.02749182 -0.10943960
v -0.11340807 0.02203882 0.02016140
v 0.11411193 -0.01897718 -0.08480560
v 0.11411193 -0.01897718 -0.08480560
v 0.00998393 -0.00644518 -0.11396260
v -0.09945607 -0.02857018 0.11277540
v 0.11551993 0.01289582 0.09115540
v 0.08147193 0.02757982 -0.10224060
v -0.11315207 0.01845682 0.06817740
v 0.11295993 -0.02559318 0.11279240
v 0.07628793 -0.02614318 0.07408340
v -0.04166407 -0.01867018 -0.07514160
v 0.11302393 -0.01923418 -0.09974460
v 0.10323193 -0.02793418 0.11255340
v 0.10195193 0.01878182 0.06243440
v 0.02265593 -0.01982018 -0.04516060
v 0.11443193 0.02048582 0.00677040
v 0.11255293 0.02784382 -0.11103660
v 0.03524093 -0.01919518 -0.08236960
v -0.11413507 0.00308982 0.11612440
v -0.01186307 -0.01874818 -0.10712960
v 0.11338493 0.01561482 -0.09870960
v 0.11082493 0.01920282 0.05309440
v 0.11344893 0.02574482 -0.09712460
v -0.11586307 0.02069182 -0.08306860
v 0.03095293 0.02753282 -0.10183060
v -0.07061507 -0.01863518 -0.09691660
v -0.11311107 -0.02765818 0.10602240
v -0.11311107 -0.02765818 0.10602240
v -0.11503107 -0.01886018 -0.05499660
v -0.11503107 -0.01886018 -0.05499660
v -0.10907907 -0.01857618 -0.08056960
v -0.01393407 -0.01839518 0.11438340
v -0.10103807 -0.02843018 0.11450540
v -0.10103807 -0.02843018 0.11450540
v 0.10222593 -0.02737918 0.08408040
v 0.04532993 -0.02253418 0.01900340
v 0.03688193 0.01146382 0.11542940
v 0.05134593 -0.01915018 -0.10769060
v -0.01022207 0.01592882 0.11599740
v -0.11505407 0.01016982 0.11447540
v 0.11828993 0.00220982 0.11269140
v 0.11374593 0.02241482 -0.01094760
v 0.11707393 0.01130882 0.10451640
v 0.11397893 0.01345982 -0.11396760
v 0.11346693 0.02627482 -0.11470260
v -0.05805307 -0.01956218 -0.04454460
v 0.11301893 0.02175282 -0.06292060
v -0.10586107 -0.01717718 -0.11228260
v -0.11302907 -0.02503818 0.05169540
v -0.11424507 0.01618982 0.11497640
v 0.03523593 -0.01817618 -0.11364460
v -0.11222007 -0.02617618 0.07283340
v -0.01846007 -0.01807418 -0.11280260
v 0.11203593 0.02010382 0.02631140
v 0.11337993 0.02514282 -0.06872860
v 0.10557193 0.02540482 -0.06732160
v 0.11478793 -0.02165718 -0.02809160
v 0.11478793 -0.02165718 -0.02809160
v -0.07983607 -0.02835118 0.11429540
v -0.07983607 -0.02835118 0.11429540
v 0.07811593 -0.02797618 0.11280640
v 0.06179593 -0.02274618 0.01653640
v -0.11561207 0.01125782 -0.06318960
v -0.11625207 0.02695682 -0.10034760
v 0.11446793 -0.02494618 0.02669040
v 0.09889293 0.02781682 -0.10614560
v -0.10878707 0.02390682 -0.01408360
v -0.07070707 -0.00717118 0.11528840
v 0.11476493 0.01709782 0.05958840
v -0.11582707 0.00655382 -0.08031960
v 0.04212493 0.01770482 0.09172440
v -0.08760307 0.01485182 0.11707040
v 0.08218893 -0.02683118 0.11320640
v -0.11435507 0.02307182 -0.02670060
v 0.09863693 -0.02761718 0.11285440
v 0.11502093 0.01823582 0.05463440
v -0.11685107 0.02633082 -0.11015160
v -0.11156207 -0.02264318 0.00320740
v -0.08199407 0.02796582 -0.09506860
v 0.11461393 -0.00642518 -0.11408060
v 0.11461393 -0.00642518 -0.11408060
v 0.11467793 0.01881182 0.06282440
v -0.11533807 -0.00454918 -0.06863060
v 0.11013393 -0.02286718 -0.01404560
v 0.11275793 0.02242282 -0.09505560
v 0.05771793 -0.02831318 0.11261140
v 0.05771793 -0.02831318 0.11261140
v -0.11527407 0.01564982 0.10952040
v -0.08967407 -0.01840118 -0.10056260
v 0.11614993 0.01556182 0.10100440
v -0.11117807 0.01780282 0.10479340
v -0.11437807 0.02361882 -0.03831860
v -0.03309807 -0.02019618 -0.02247660
v -0.01997807 -0.02122718 0.00379640
v 0.11324693 0.02249482 -0.05948060
v 0.02153493 -0.02767518 0.11373840
v 0.09692693 0.02599582 -0.11432960
v -0.09897707 0.02061282 0.04200940
v 0.11606293 -0.02753818 0.09957140
v 0.11606293 -0.02753818 0.09957140
v 0.11215893 0.02456682 -0.09636060
v -0.08368107 -0.01851518 -0.07948760
v 0.11555093 0.01779382 0.11094840
v -0.11446507 -0.01981518 -0.05490560
v 0.11363093 -0.02148418 -0.05258460
v 0.11305493 0.02304782 -0.05226160
v 0.06915093 -0.02783818 0.11310240
v -0.11235307 0.01759882 0.10140840
v 0.11510293 -0.02725318 0.07968640
v -0.11356907 -0.02413818 0.03678940
v 0.05551893 -0.01743918 -0.11408060
v 0.06867993 -0.02428918 0.11346540
v 0.11456793 0.00074682 -0.11375560
v 0.11456793 0.00074682 -0.11375560
v -0.11474407 0.01890782 0.03273740
v -0.11269607 0.01653382 0.09900340
v 0.08199193 -0.00305618 0.11419140
v -0.04440807 -0.02789118 0.11426540
v 0.08493593 -0.02829518 0.11183640
v 0.08493593 -0.02829518 0.11183640
v 0.11712793 0.00333782 0.10286640
v 0.11712793 -0.02669418 0.11175140
v 0.11712793 -0.02669418 0.11175140
v 0.01688093 0.02778482 -0.11212560
v -0.11284707 -0.02800018 0.11433340
v -0.11284707 -0.02800018 0.11433340
v -0.11284707 -0.02800018 0.11433340
v 0.11524893 0.01784782 0.06471740
v 0.11332893 -0.02119118 -0.05865160
v 0.11140893 -0.02357718 0.00317440
v -0.11335907 0.02237082 0.01634940
v -0.10535907 -0.01816818 -0.10441460
v -0.01819107 -0.01036618 -0.11374660
v -0.11515107 0.02621182 -0.08705460
v 0.11422493 0.02573982 -0.11250360
v 0.05656093 -0.00244218 -0.11396660
v 0.11556893 -0.01260218 0.11349740
v 0.11428893 -0.02283918 -0.01445560
v 0.10712093 -0.02603818 0.05150040
v -0.06849507 0.01650082 0.11622840
v -0.11566307 0.02238782 -0.03926260
v 0.11371293 0.02605882 -0.11077660
v 0.10257693 -0.02700718 0.07927640
v -0.11489507 -0.00150718 -0.03094760
v 0.11384093 0.02296682 -0.03180460
v -0.11223007 0.01738282 0.10931740
v -0.11479007 0.01611082 0.11240140
v -0.11472607 -0.00337218 0.11462040
v -0.11472607 -0.00337218 0.11462040
v 0.11599393 0.00386982 0.09367940
v 0.11861793 0.00610082 0.11119440
v 0.11343393 -0.02053018 -0.07225760
v 0.11349793 0.02702982 -0.10612160
v 0.11285793 0.02345982 -0.05891460
v -0.11255007 0.01787682 0.09433340
v 0.10114593 0.01735282 0.11350540
v -0.07965407 0.01572782 0.11675540
v 0.10844193 0.02761882 -0.11271060
v -0.11306207 -0.00019918 0.11595840
v -0.11498207 -0.01326118 -0.05728260
v -0.11229407 0.01697982 0.11591440
v -0.11417307 0.00522182 -0.11257660
v -0.11602907 0.02432882 -0.08182260
v 0.11334693 0.02142482 -0.11518060
v 0.09453093 -0.02685418 0.08138340
v -0.08370907 -0.02516118 0.06580440
v -0.08422107 0.02161082 0.02139540
v -0.11295707 -0.01401218 0.11512740
vt 0.91003200 0.51419700
vt 0.92052500 0.50471200
vt 0.52500500 0.50481500
vt 0.05123000 0.34070100
vt 0.46261200 0.50146800
vt 0.41484000 0.31765000
vt 0.83771600 0.50389400
vt 0.90548500 0.09245000
vt 0.34818000 0.18016800
vt 0.05928300 0.15614700
vt 0.69277100 0.50165200
vt 0.21640900 0.24810300
vt 0.79568800 0.09571400
vt 0.04746000 0.46170400
vt 0.22858400 0.20867800
vt 0.46580000 0.30911800
vt 0.90152200 0.56774300
vt 0.69418900 0.03404400
vt 0.52583300 0.08837400
vt 0.55239400 0.43726200
vt 0.52137200 0.50577200
vt 0.91205600 0.45049400
vt 0.41452000 0.39573900
vt 0.06446700 0.44043500
vt 0.39096400 0.11774800
vt 0.41725300 0.19240600
vt 0.87798100 0.00818500
vt 0.04009800 0.08941200
vt 0.54628000 0.04986900
vt 0.88516900 0.49971200
vt 0.39049400 0.50154500
vt 0.52788900 0.58314800
vt 0.39285200 0.25678000
vt 0.90831400 0.56409200
vt 0.97127200 0.50438800
vt 0.22507700 0.39588000
vt 0.90912800 0.53959500
vt 0.94660900 0.50477300
vt 0.57345500 0.50433000
vt 0.90472900 0.15516100
vt 0.41161200 0.12326600
vt 0.52136100 0.50979800
vt 0.90730500 0.56642200
vt 0.26238300 0.49236400
vt 0.90960000 0.12500200
vt 0.47087900 0.48274600
vt 0.63970500 0.50080400
vt 0.89406300 0.01097100
vt 0.50672800 0.58027500
vt 0.56087300 0.50442900
vt 0.50129600 0.05676100
vt 0.50080100 0.04019900
vt 0.45055600 0.08690500
vt 0.02761000 0.41335400
vt 0.27118300 0.12703500
vt 0.18652700 0.50075600
vt 0.73081200 0.58084100
vt 0.23098200 0.46103200
vt 0.94672300 0.50277400
vt 0.73103800 0.49991400
vt 0.18431400 0.33477900
vt 0.88752600 0.54957500
vt 0.58699800 0.50370200
vt 0.50018800 0.09730100
vt 0.07094100 0.42291300
vt 0.24761200 0.09106400
vt 0.82088900 0.54886400
vt 0.37114100 0.50034900
vt 0.98870200 0.26054900
vt 0.32392600 0.29036800
vt 0.67118300 0.50020500
vt 0.78080800 0.50213900
vt 0.84376800 0.09092900
vt 0.30307600 0.48110600
vt 0.84616500 0.54231100
vt 0.86286000 0.08870000
vt 0.54462300 0.50443900
vt 0.94947400 0.08648400
vt 0.48047800 0.50218400
vt 0.88191900 0.01008800
vt 0.97641500 0.50425900
vt 0.90792400 0.56919900
vt 0.47006100 0.17361000
vt 0.17292900 0.49867100
vt 0.79604800 0.58094000
vt 0.12080400 0.50059200
vt 0.17516100 0.38793200
vt 0.41915000 0.44783800
vt 0.54020200 0.08523500
vt 0.06536700 0.37721500
vt 0.35291600 0.09043400
vt 0.65862300 0.09072800
vt 0.86417300 0.50159400
vt 0.56597500 0.50212600
vt 0.73881900 0.09161000
vt 0.50238700 0.02222300
vt 0.52209400 0.08338800
vt 0.90752500 0.13200200
vt 0.58684600 0.50209600
vt 0.87429300 0.09116500
vt 0.28197900 0.37161000
vt 0.49619300 0.35695400
vt 0.57534200 0.04020600
vt 0.21712700 0.25552800
vt 0.36953100 0.08853000
vt 0.54880100 0.00984700
vt 0.53360000 0.48123000
vt 0.87851000 0.51541200
vt 0.36231300 0.26864900
vt 0.59266400 0.50170500
vt 0.88019600 0.08487100
vt 0.20809200 0.49974000
vt 0.20454100 0.14415000
vt 0.34053800 0.09075000
vt 0.48776100 0.09189000
vt 0.85687800 0.49987900
vt 0.67106700 0.39152200
vt 0.56712500 0.54108700
vt 0.83192000 0.11150400
vt 0.70255700 0.50152400
vt 0.48998500 0.23035900
vt 0.35910600 0.49907200
vt 0.98747400 0.08959100
vt 0.90570000 0.53060400
vt 0.42027300 0.09274500
vt 0.41745000 0.26598100
vt 0.59335100 0.09075800
vt 0.41202400 0.50310500
vt 0.50667300 0.58197800
vt 0.99044000 0.31862200
vt 0.55578700 0.53882900
vt 0.75204100 0.01062800
vt 0.16653600 0.08772300
vt 0.91050800 0.10213100
vt 0.73371100 0.10535600
vt 0.13196100 0.45702400
vt 0.62586400 0.50583100
vt 0.09765000 0.24483800
vt 0.64700900 0.20437600
vt 0.80104700 0.53406600
vt 0.07511300 0.39079600
vt 0.74271100 0.49081500
vt 0.47390500 0.09204900
vt 0.39621600 0.10943200
vt 0.74297100 0.08891300
vt 0.70911400 0.50385600
vt 0.38776000 0.45560700
vt 0.67367400 0.12084800
vt 0.79324900 0.50396700
vt 0.46314000 0.44917200
vt 0.59274000 0.49242400
vt 0.52151800 0.57518200
vt 0.50125900 0.40235900
vt 0.37498000 0.09233900
vt 0.49585400 0.48740200
vt 0.54077900 0.50079000
vt 0.90851900 0.36246700
vt 0.49903600 0.50087800
vt 0.52376000 0.20499900
vt 0.73859300 0.50013200
vt 0.23363100 0.36289500
vt 0.90808700 0.55889900
vt 0.96607300 0.50455900
vt 0.92085300 0.08773000
vt 0.56466100 0.09225800
vt 0.11860800 0.08820500
vt 0.41955500 0.49760100
vt 0.55216100 0.05885400
vt 0.82440300 0.01061800
vt 0.09395400 0.08759400
vt 0.00935100 0.09070100
vt 0.98916400 0.09091800
vt 0.34113700 0.08892300
vt 0.57722600 0.00941000
vt 0.94789500 0.08886500
vt 0.49444600 0.08834100
vt 0.59492800 0.49717600
vt 0.88568600 0.50125600
vt 0.61473100 0.09191400
vt 0.01029700 0.20280100
vt 0.99150600 0.20331000
vt 0.43080000 0.22981500
vt 0.01841400 0.49980600
vt 0.91002300 0.49975300
vt 0.53001600 0.09083300
vt 0.26160200 0.49990100
vt 0.49081900 0.14555200
vt 0.48675800 0.29606600
vt 0.88931800 0.51865900
vt 0.50012400 0.01502800
vt 0.42525100 0.08887800
vt 0.88867800 0.08446500
vt 0.05220100 0.48811200
vt 0.58883600 0.02063100
vt 0.58445200 0.46652200
vt 0.56391700 0.07752200
vt 0.11591200 0.40901600
vt 0.23327500 0.09621600
vt 0.37964900 0.37154600
vt 0.89645500 0.08182900
vt 0.39067900 0.09659300
vt 0.39548300 0.50065100
vt 0.82654400 0.36884000
vt 0.34691300 0.33045700
vt 0.49922400 0.50341200
vt 0.54738400 0.53174700
vt 0.84788100 0.01094600
vt 0.89610300 0.08740400
vt 0.90388400 0.52694800
vt 0.79379700 0.06890800
vt 0.51983400 0.09082400
vt 0.90349300 0.50090100
vt 0.33467700 0.10528900
vt 0.59974100 0.43760900
vt 0.37520400 0.10830700
vt 0.58426400 0.08833900
vt 0.50221100 0.21177100
vt 0.05168200 0.26315900
vt 0.61293800 0.53530500
vt 0.68025400 0.50372800
vt 0.98823600 0.14192300
vt 0.55140200 0.50445200
vt 0.94130700 0.22594000
vt 0.19176300 0.28072900
vt 0.90562400 0.08634600
vt 0.66328500 0.48570100
vt 0.85083000 0.58168300
vt 0.06538100 0.50085200
vt 0.83430800 0.50175400
vt 0.42378000 0.49973900
vt 0.73439000 0.50169200
vt 0.50319700 0.08728900
vt 0.90915500 0.52965400
vt 0.93657100 0.50499200
vt 0.90737300 0.15310500
vt 0.53040600 0.50415800
vt 0.27096500 0.09106000
vt 0.49607800 0.15473600
vt 0.96676700 0.45082900
vt 0.72907200 0.08592000
vt 0.53403500 0.58044200
vt 0.98142200 0.08931600
vt 0.50114900 0.01072800
vt 0.41609300 0.14588300
vt 0.98930500 0.35145100
vt 0.50236900 0.13453300
vt 0.91022900 0.19074500
vt 0.24428700 0.26021800
vt 0.51947500 0.40715900
vt 0.76076800 0.50530600
vt 0.52095100 0.50403000
vt 0.51928100 0.50204800
vt 0.22199300 0.26757000
vt 0.48676600 0.39393700
vt 0.98961400 0.29832200
vt 0.91001500 0.09182000
vt 0.87047500 0.02284400
vt 0.25204300 0.50040400
vt 0.56287700 0.05193700
vt 0.58795800 0.08530500
vt 0.65086800 0.09105900
vt 0.49624700 0.49849900
vt 0.90100400 0.09150000
vt 0.91231100 0.10053300
vt 0.40072100 0.09066600
vt 0.82920500 0.19897600
vt 0.59704500 0.50738400
vt 0.95324300 0.08697100
vt 0.55542100 0.05742000
vt 0.59802300 0.03817800
vt 0.20546900 0.36182100
vt 0.31026700 0.50180700
vt 0.60770400 0.58072400
vt 0.89872400 0.50408000
vt 0.51655100 0.49262900
vt 0.90732500 0.20492700
vt 0.85595200 0.09114800
vt 0.63890900 0.17055200
vt 0.90608200 0.16996300
vt 0.41992300 0.48769600
vt 0.55542200 0.14145300
vt 0.59547300 0.08799200
vt 0.20933600 0.44750100
vt 0.63701600 0.08831800
vt 0.90846500 0.09921000
vt 0.67113700 0.09062100
vt 0.47135100 0.12264200
vt 0.40261500 0.44959000
vt 0.68193600 0.09085900
vt 0.62248500 0.58068400
vt 0.29529100 0.50167700
vt 0.47198800 0.08920100
vt 0.57613600 0.50161300
vt 0.42026200 0.13835300
vt 0.50099800 0.49961900
vt 0.49971000 0.51413600
vt 0.48546600 0.50468000
vt 0.95910100 0.50215400
vt 0.54271300 0.06263200
vt 0.58483800 0.52756100
vt 0.54995600 0.50020400
vt 0.89245100 0.08700200
vt 0.41858800 0.50223100
vt 0.41510300 0.49199800
vt 0.11367700 0.37380800
vt 0.58486400 0.50069000
vt 0.14335900 0.10469800
vt 0.36393500 0.24567300
vt 0.50019300 0.48055500
vt 0.46578400 0.49962700
vt 0.77993500 0.08881900
vt 0.89551800 0.02242800
vt 0.41682500 0.09240200
vt 0.89075500 0.08910100
vt 0.04921400 0.43958600
vt 0.44324900 0.34354300
vt 0.54341500 0.28306400
vt 0.99065300 0.28078500
vt 0.00923000 0.18489500
vt 0.99030800 0.18538500
vt 0.52767900 0.09173000
vt 0.08853600 0.08963000
vt 0.98535300 0.50015600
vt 0.94293800 0.08674700
vt 0.82931500 0.51147400
vt 0.28287800 0.27136600
vt 0.74470400 0.45086700
vt 0.54932600 0.54579000
vt 0.98295000 0.50448700
vt 0.90682100 0.57557600
vt 0.53961800 0.58227500
vt 0.37874100 0.50191400
vt 0.55423300 0.49637000
vt 0.65160000 0.50358200
vt 0.50246700 0.36688700
vt 0.10457300 0.49942200
vt 0.56522200 0.02252500
vt 0.55324700 0.04724700
vt 0.00917300 0.46648000
vt 0.99149700 0.46704800
vt 0.01178800 0.09098700
vt 0.49574600 0.45696300
vt 0.99005900 0.44732500
vt 0.85666100 0.54335900
vt 0.41871500 0.34081100
vt 0.53510500 0.56204300
vt 0.20214400 0.19321500
vt 0.80848400 0.57088800
vt 0.50201900 0.31401400
vt 0.50819800 0.09207700
vt 0.00992100 0.30395500
vt 0.99190000 0.30452700
vt 0.82623900 0.08625500
vt 0.95748300 0.29308200
vt 0.40634900 0.33584500
vt 0.00850500 0.09275600
vt 0.98853700 0.09313900
vt 0.49719800 0.09305200
vt 0.88668400 0.08923700
vt 0.52405900 0.50404200
vt 0.76255100 0.32782200
vt 0.97382600 0.50279600
vt 0.65458800 0.56237200
vt 0.32814200 0.35227700
vt 0.20904000 0.48719400
vt 0.45833000 0.25237900
vt 0.73145500 0.09223100
vt 0.56477700 0.04685100
vt 0.90665700 0.49883800
vt 0.54719100 0.09128500
vt 0.95743400 0.08567500
vt 0.90777400 0.03968700
vt 0.49588900 0.41093800
vt 0.51984400 0.09212600
vt 0.13799500 0.49917000
vt 0.44689500 0.50090700
vt 0.77891700 0.48107400
vt 0.98950600 0.45845500
vt 0.62195300 0.35284800
vt 0.27337500 0.38315200
vt 0.50217600 0.50828600
vt 0.52014800 0.08588600
vt 0.07190900 0.38402200
vt 0.15629400 0.50112800
vt 0.76088100 0.58047400
vt 0.22007700 0.26264200
vt 0.78188200 0.08573500
vt 0.41696300 0.50344100
vt 0.50225800 0.58205200
vt 0.90712100 0.43934300
vt 0.91769100 0.45111000
vt 0.13691400 0.08840900
vt 0.98909300 0.45367900
vt 0.37575700 0.46535800
vt 0.50908800 0.52081800
vt 0.51867500 0.50519700
vt 0.32984800 0.09399400
vt 0.51642100 0.17302600
vt 0.61550300 0.49544700
vt 0.93157300 0.49984900
vt 0.53564100 0.49922800
vt 0.34938200 0.38649300
vt 0.91308700 0.18957400
vt 0.49608400 0.20750400
vt 0.05278600 0.47909600
vt 0.53565000 0.06309600
vt 0.92157900 0.28267600
vt 0.45482800 0.08929500
vt 0.27515300 0.09627900
vt 0.92673800 0.50477500
vt 0.90976500 0.52018300
vt 0.34851600 0.48855200
vt 0.90569500 0.51681700
vt 0.89148100 0.08576000
vt 0.03163100 0.49966900
vt 0.90211300 0.50608800
vt 0.93833800 0.50304700
vt 0.53012500 0.08479800
vt 0.20570200 0.47053400
vt 0.90923900 0.48108400
vt 0.48879400 0.08706500
vt 0.49949200 0.07803500
vt 0.86949500 0.50403900
vt 0.41684300 0.08971000
vt 0.50162200 0.00889900
vt 0.41590100 0.10069300
vt 0.53035200 0.54394900
vt 0.29460500 0.49940500
vt 0.87554900 0.50008500
vt 0.87816700 0.50383500
vt 0.74487000 0.50169000
vt 0.82963300 0.49981100
vt 0.89575400 0.53539800
vt 0.46956100 0.08709200
vt 0.50017600 0.05910400
vt 0.81693400 0.08437500
vt 0.91248700 0.26334500
vt 0.60796500 0.04516100
vt 0.89021200 0.50366500
vt 0.85156300 0.45764200
vt 0.89042800 0.00950000
vt 0.41829100 0.09102500
vt 0.49990900 0.00805100
vt 0.60521000 0.13487700
vt 0.66643900 0.53488500
vt 0.99037400 0.46544400
vt 0.84556500 0.50120500
vt 0.91338000 0.22321400
vt 0.39890000 0.11479400
vt 0.84028200 0.09049700
vt 0.24361600 0.15612700
vt 0.86510100 0.58145600
vt 0.05097800 0.50140800
vt 0.24975500 0.39771900
vt 0.51622400 0.05030700
vt 0.41478900 0.23774800
vt 0.41553500 0.18245200
vt 0.52447600 0.49936600
vt 0.79591000 0.16245700
vt 0.71780800 0.49894600
vt 0.89014700 0.51215600
vt 0.34850600 0.25469000
vt 0.90762400 0.54013600
vt 0.92504200 0.08964500
vt 0.98954300 0.38730000
vt 0.50104000 0.09191600
vt 0.91209700 0.50298400
vt 0.81711900 0.50115800
vt 0.11127500 0.18129800
vt 0.68181000 0.08562700
vt 0.30111700 0.36344900
vt 0.50978200 0.08626300
vt 0.92559100 0.50320100
vt 0.91247300 0.31445600
vt 0.52415600 0.50178800
vt 0.41401100 0.44667800
vt 0.89364900 0.07160800
vt 0.56508900 0.21208200
vt 0.10757200 0.08765200
vt 0.81082100 0.01064300
vt 0.33694300 0.50168300
vt 0.58133600 0.58161400
vt 0.31617500 0.25735700
vt 0.71762500 0.09293600
vt 0.86033100 0.50389700
vt 0.55825200 0.08589300
vt 0.00913200 0.50060800
vt 0.90680600 0.58371200
vt 0.99106800 0.50127000
vt 0.10584900 0.09229000
vt 0.51309500 0.00963300
vt 0.40534400 0.08893500
vt 0.22733500 0.26138400
vt 0.79193400 0.50050100
vt 0.76754300 0.03579300
vt 0.70973200 0.56432800
vt 0.49978400 0.50690800
vt 0.88591000 0.53230400
vt 0.90674700 0.54674400
vt 0.49604900 0.10515500
vt 0.90756600 0.02873100
vt 0.96847900 0.08603400
vt 0.70208600 0.08921000
vt 0.49968900 0.43332000
vt 0.96418600 0.23551500
vt 0.31412300 0.50073100
vt 0.41762100 0.15837600
vt 0.07934100 0.48099600
vt 0.07317900 0.46917500
vt 0.07603200 0.48694500
vt 0.32893600 0.49987600
vt 0.41373800 0.26344100
vt 0.79135700 0.08610600
vt 0.85173800 0.57249500
vt 0.67154400 0.50160800
vt 0.98896300 0.49988400
vt 0.90161400 0.53411000
vt 0.89935500 0.46500400
vt 0.01856500 0.09019700
vt 0.53318500 0.06572700
vt 0.58910900 0.04534900
vt 0.49905000 0.09183200
vt 0.88863400 0.57228800
vt 0.88493600 0.50737300
vt 0.79688800 0.42574700
vt 0.78197000 0.23158100
vt 0.50157600 0.10109200
vt 0.15727200 0.09121200
vt 0.52585700 0.50031800
vt 0.36007000 0.42628300
vt 0.42077400 0.25652000
vt 0.89519400 0.49965200
vt 0.59840400 0.57672000
vt 0.90316400 0.00809300
vt 0.01487400 0.08840600
vt 0.49237900 0.49337100
vt 0.06332200 0.42835100
vt 0.03995500 0.48577100
vt 0.65330400 0.24340400
vt 0.60098800 0.06743300
vt 0.01115200 0.17119600
vt 0.86550900 0.01033200
vt 0.95067300 0.09173900
vt 0.88763900 0.08724200
vt 0.63749500 0.49512500
vt 0.90190800 0.51960200
vt 0.41984500 0.23013400
vt 0.33552900 0.14529000
vt 0.80382600 0.50005800
vt 0.27769300 0.23636000
vt 0.41661600 0.21252900
vt 0.64659500 0.19556100
vt 0.71465700 0.09144600
vt 0.35070800 0.48014800
vt 0.90649800 0.32783200
vt 0.19501900 0.48877400
vt 0.16415000 0.08910400
vt 0.91023300 0.21984600
vt 0.91588500 0.48897100
vt 0.90647900 0.11445300
vt 0.92435100 0.47744000
vt 0.66249300 0.49937600
vt 0.89799600 0.08961800
vt 0.38523400 0.33875600
vt 0.90851500 0.08994700
vt 0.90760800 0.51162400
vt 0.33874200 0.46799800
vt 0.75519300 0.50251800
vt 0.82349300 0.09983700
vt 0.91730000 0.14658400
vt 0.11315700 0.30958100
vt 0.92773500 0.08595500
vt 0.90816000 0.06901500
vt 0.98054200 0.08690100
vt 0.90770800 0.01669300
vt 0.94771200 0.26191600
vt 0.98910100 0.48570100
vt 0.76482200 0.55425700
vt 0.84725000 0.13819400
vt 0.90856700 0.53488600
vt 0.94189000 0.50572500
vt 0.56871300 0.05248700
vt 0.00906700 0.34111800
vt 0.99115000 0.34166600
vt 0.52126900 0.08828400
vt 0.85121100 0.51510000
vt 0.89122700 0.55285500
vt 0.87273100 0.49719300
vt 0.09026200 0.38282000
vt 0.71620300 0.50024900
vt 0.35330200 0.09331500
vt 0.99016200 0.23873600
vt 0.52863600 0.06117000
vt 0.88792100 0.09152800
vt 0.89072100 0.53873100
vt 0.40374900 0.22761900
vt 0.95387100 0.39346600
vt 0.62658500 0.50123000
vt 0.96721400 0.08695700
vt 0.18749600 0.36721700
vt 0.53748600 0.50450400
vt 0.59551500 0.03212300
vt 0.98610100 0.50230400
vt 0.53585200 0.02643800
vt 0.40945600 0.50133800
vt 0.55674800 0.51003500
vt 0.56413900 0.50042900
vt 0.01092600 0.09801900
vt 0.64751200 0.12556000
vt 0.49525900 0.43918600
vt 0.42032100 0.09078800
vt 0.49883500 0.00976000
vt 0.66329200 0.00950200
vt 0.25527500 0.08873900
vt 0.53463800 0.05261600
vt 0.52626300 0.38499400
vt 0.51779600 0.58301800
vt 0.40064900 0.50197000
vt 0.50126000 0.50212800
vt 0.55352100 0.40010700
vt 0.61358000 0.20651000
vt 0.79784900 0.09079900
vt 0.91263400 0.50009300
vt 0.60908300 0.49012400
vt 0.63909200 0.09049600
vt 0.83876400 0.52648800
vt 0.89148500 0.50565100
vt 0.65289900 0.46056900
vt 0.00865700 0.48960600
vt 0.99103000 0.49016900
vt 0.00802800 0.35896600
vt 0.99018600 0.35949800
vt 0.01038700 0.25066200
vt 0.99197200 0.25120500
vt 0.90004900 0.00865400
vt 0.01803700 0.08812700
vt 0.38043200 0.49994500
vt 0.25985100 0.09314500
vt 0.61609000 0.08529300
vt 0.90842900 0.24852600
vt 0.38913100 0.23770900
vt 0.07075500 0.09075700
vt 0.42157300 0.10984100
vt 0.41153300 0.17227700
vt 0.91482900 0.40731600
vt 0.96872400 0.35087600
vt 0.01037900 0.35745800
vt 0.84116900 0.49956300
vt 0.19274200 0.49910200
vt 0.41489600 0.47630800
vt 0.58441100 0.01332200
vt 0.64601800 0.00953800
vt 0.27254700 0.08864700
vt 0.17242500 0.38038100
vt 0.43930300 0.08758700
vt 0.50080400 0.02899200
vt 0.04488000 0.48479500
vt 0.72563400 0.50014100
vt 0.52962800 0.11911700
vt 0.41609000 0.44526200
vt 0.77203900 0.09143800
vt 0.64175800 0.50188900
vt 0.61450000 0.12534800
vt 0.28752900 0.08867500
vt 0.63100700 0.00945300
vt 0.04797600 0.47718000
vt 0.30138000 0.09211500
vt 0.39557400 0.49029500
vt 0.50141200 0.45035300
vt 0.06150900 0.08879300
vt 0.85670000 0.00910500
vt 0.61384800 0.08830400
vt 0.63427100 0.20340100
vt 0.10782900 0.42671500
vt 0.08518700 0.50120800
vt 0.83123400 0.58088800
vt 0.38926800 0.27890700
vt 0.70147700 0.06210800
vt 0.54364000 0.04030700
vt 0.35462500 0.50038200
vt 0.91173900 0.37499400
vt 0.16109100 0.24226700
vt 0.36916600 0.49007400
vt 0.40167100 0.50012500
vt 0.62754900 0.56809200
vt 0.08416300 0.08782300
vt 0.83415600 0.01022200
vt 0.27992300 0.49995700
vt 0.76919000 0.50132100
vt 0.94215800 0.34976800
vt 0.04615500 0.48154800
vt 0.32532500 0.22290800
vt 0.56074700 0.55944300
vt 0.20933100 0.23426500
vt 0.90319400 0.51145600
vt 0.55950300 0.54793700
vt 0.73695400 0.50361800
vt 0.54419300 0.50196800
vt 0.29147700 0.44324400
vt 0.56956300 0.08511900
vt 0.14416100 0.17990400
vt 0.67002900 0.12415200
vt 0.49561100 0.29101300
vt 0.37422600 0.09034900
vt 0.57034200 0.08837300
vt 0.68550000 0.13143500
vt 0.22886800 0.31833200
vt 0.96789300 0.50238200
vt 0.42105000 0.29999800
vt 0.17426300 0.12714100
vt 0.86426600 0.55682200
vt 0.75309800 0.50108700
vt 0.56117100 0.49920100
vt 0.95852300 0.48143000
vt 0.41784200 0.12277600
vt 0.46975100 0.50516400
vt 0.50096400 0.53012800
vt 0.50978400 0.54641600
vt 0.89243200 0.50212200
vt 0.88484900 0.51056400
vt 0.86789800 0.50052600
vt 0.91008400 0.50184100
vt 0.21746600 0.49849800
vt 0.51430400 0.49940900
vt 0.86117600 0.04478900
vt 0.41980400 0.21062900
vt 0.48837900 0.33297100
vt 0.69206700 0.58013900
vt 0.22535500 0.50174700
vt 0.93319300 0.50534400
vt 0.90904400 0.52641500
vt 0.85466000 0.08504600
vt 0.21136300 0.45983500
vt 0.90754500 0.01143600
vt 0.98584100 0.08716700
vt 0.03851800 0.09143900
vt 0.98690200 0.09152400
vt 0.54446300 0.08177700
vt 0.71190100 0.19584600
vt 0.44413300 0.14771300
vt 0.67650300 0.08887100
vt 0.41585400 0.12061400
vt 0.50184100 0.57363300
vt 0.42636700 0.50374700
vt 0.74856200 0.09219400
vt 0.69539000 0.09164900
vt 0.75042800 0.09117200
vt 0.87567600 0.57143700
vt 0.58161700 0.57728800
vt 0.82171500 0.09094200
vt 0.89576600 0.52080900
vt 0.49674400 0.12276600
vt 0.69549200 0.00988000
vt 0.22310900 0.08843200
vt 0.56346800 0.06218600
vt 0.91051700 0.50503400
vt 0.89890800 0.31922500
vt 0.07478200 0.08822800
vt 0.84351400 0.00967700
vt 0.97113800 0.31775500
vt 0.62537400 0.10014600
vt 0.27803700 0.50162000
vt 0.63951500 0.58039900
vt 0.86259600 0.19856400
vt 0.17623700 0.08993400
vt 0.95610100 0.50438700
vt 0.90844000 0.54896400
vt 0.30468400 0.38276600
vt 0.87202900 0.08620300
vt 0.09869900 0.08911300
vt 0.59599000 0.58149200
vt 0.32216800 0.50134700
vt 0.69755000 0.50001800
vt 0.77276900 0.49437500
vt 0.41679300 0.50102000
vt 0.06669700 0.39750000
vt 0.50022400 0.17420300
vt 0.70587400 0.50004200
vt 0.90895000 0.08690300
vt 0.24126300 0.42395500
vt 0.91059100 0.08870200
vt 0.22272000 0.09048100
vt 0.24843100 0.47615000
vt 0.43301100 0.49968800
vt 0.85440400 0.50681500
vt 0.43842200 0.09237400
vt 0.16026500 0.38091500
vt 0.22522300 0.49964800
vt 0.54055800 0.44155000
vt 0.49292500 0.50283900
vt 0.49729700 0.50637100
vt 0.42121800 0.17992000
vt 0.19858200 0.08960000
vt 0.98788900 0.47864200
vt 0.61401900 0.50309400
vt 0.36498200 0.29940900
vt 0.72982400 0.52745600
vt 0.90484900 0.09006300
vt 0.88085100 0.05712400
vt 0.90524700 0.20512400
vt 0.87902800 0.50135500
vt 0.07001000 0.41126100
vt 0.35907700 0.12561400
vt 0.50666800 0.50057600
vt 0.73478200 0.09115400
vt 0.36268800 0.50263500
vt 0.55569500 0.58143800
vt 0.43757700 0.31541600
vt 0.01254600 0.11310900
vt 0.86850000 0.50987600
vt 0.51878100 0.44334400
vt 0.82141500 0.08964300
vt 0.98571000 0.49528500
vt 0.07781600 0.42977400
vt 0.34909500 0.22162900
vt 0.38951800 0.50009500
vt 0.99015400 0.47779800
vt 0.81591900 0.47717400
vt 0.29358600 0.33640700
vt 0.71577400 0.50185100
vt 0.50385800 0.49921800
vt 0.36007200 0.35996100
vt 0.93265300 0.08737300
vt 0.40572300 0.27602500
vt 0.52672000 0.52133600
vt 0.79934800 0.49354600
vt 0.52874500 0.50188000
vt 0.54959300 0.07841500
vt 0.51861700 0.35275900
vt 0.38900300 0.17020100
vt 0.89297200 0.00813700
vt 0.02510000 0.08870000
vt 0.31494300 0.08832300
vt 0.60351900 0.00989600
vt 0.36073500 0.10063100
vt 0.97252500 0.26731100
vt 0.00946800 0.11022300
vt 0.98987800 0.11060300
vt 0.05914200 0.47614800
vt 0.17771000 0.37551100
vt 0.91894500 0.35865900
vt 0.40511000 0.38951700
vt 0.91079900 0.27418500
vt 0.90594200 0.07685700
vt 0.90822200 0.52884000
vt 0.68387900 0.49941700
vt 0.89295200 0.51272000
vt 0.47342500 0.50365400
vt 0.49674200 0.50174800
vt 0.29457700 0.19138500
vt 0.59017100 0.50523200
vt 0.41799100 0.10725900
vt 0.12279600 0.09028700
vt 0.90631000 0.08798300
vt 0.41650300 0.36074100
vt 0.08474300 0.09116600
vt 0.41622200 0.26433200
vt 0.75087700 0.49654500
vt 0.57922300 0.49974200
vt 0.58195500 0.48614800
vt 0.26057300 0.50189700
vt 0.65691400 0.58031700
vt 0.00929100 0.14831000
vt 0.99003000 0.14874400
vt 0.99026000 0.43261500
vt 0.18171100 0.40515700
vt 0.58612400 0.06319800
vt 0.51790300 0.08827200
vt 0.16201400 0.49961000
vt 0.51203000 0.47460200
vt 0.67331900 0.09981200
vt 0.95191600 0.16543800
vt 0.81136800 0.50363200
vt 0.55571200 0.05334000
vt 0.86705000 0.36874200
vt 0.91215100 0.13545600
vt 0.98804600 0.43992700
vt 0.65062600 0.08862400
vt 0.98944100 0.46953200
vt 0.80239600 0.50164400
vt 0.49928300 0.08717300
vt 0.20999200 0.09399300
vt 0.52863200 0.15007200
vt 0.43767900 0.50405500
vt 0.50159000 0.56243200
vt 0.81710200 0.49980600
vt 0.57771100 0.03439400
vt 0.23536500 0.49283600
vt 0.53265200 0.50893500
vt 0.00895500 0.39546200
vt 0.99121400 0.39596700
vt 0.89643700 0.08563700
vt 0.39613800 0.13605600
vt 0.88628300 0.50477400
vt 0.88726100 0.09345100
vt 0.62972000 0.08851000
vt 0.25427900 0.23566200
vt 0.20672800 0.25857500
vt 0.59628600 0.50287800
vt 0.98927000 0.33099000
vt 0.49608200 0.47149000
vt 0.77452200 0.11638100
vt 0.03096300 0.50085200
vt 0.88499200 0.58263800
vt 0.53018500 0.50509600
vt 0.35807400 0.14624700
vt 0.90381600 0.49942500
vt 0.31467200 0.09030500
vt 0.30460900 0.50000800
vt 0.60944700 0.50099900
vt 0.98982600 0.41650000
vt 0.88127500 0.09122800
vt 0.06672400 0.49941400
vt 0.14963000 0.08962600
vt 0.41788600 0.39716000
vt 0.98341600 0.41565700
vt 0.50129400 0.54950500
vt 0.45056700 0.50445100
vt 0.75761600 0.08591800
vt 0.87708100 0.08911300
vt 0.94531200 0.43953500
vt 0.98938400 0.21248100
vt 0.00968500 0.44437400
vt 0.99196700 0.44489100
vt 0.89008700 0.52696600
vt 0.90691100 0.58074500
vt 0.98816100 0.50315900
vt 0.49977200 0.32766600
vt 0.01003500 0.08891200
vt 0.90794700 0.00802800
vt 0.98901500 0.08888100
vt 0.82058500 0.50189000
vt 0.31554000 0.49968800
vt 0.20440000 0.49456000
vt 0.72793300 0.09143200
vt 0.40355200 0.10797800
vt 0.43047200 0.26482600
vt 0.54204600 0.08842600
vt 0.50096700 0.50375200
vt 0.44488900 0.39900200
vt 0.96235400 0.49996600
vt 0.23600500 0.50034100
vt 0.11758500 0.48571300
vt 0.90912400 0.16967900
vt 0.62813000 0.08534000
vt 0.50423900 0.50326400
vt 0.06778100 0.47690300
vt 0.64521200 0.04322000
vt 0.64655300 0.50028400
vt 0.89541500 0.09173300
vt 0.90162200 0.08701500
vt 0.90673700 0.05256600
vt 0.94435200 0.08446900
vt 0.87339600 0.52608900
vt 0.90554700 0.52187700
vt 0.34002100 0.50021100
vt 0.51257800 0.50123500
vt 0.59717400 0.50077000
vt 0.86855900 0.09089500
vt 0.90766200 0.47379900
vt 0.91054500 0.14968700
vt 0.50065200 0.49203300
vt 0.93859500 0.08920900
vt 0.59890700 0.01974100
vt 0.90706800 0.09174000
vt 0.45869100 0.09226300
vt 0.55155400 0.08504300
vt 0.48777800 0.50115300
vt 0.06420600 0.46236800
vt 0.09674600 0.14256400
vt 0.73776400 0.14346000
vt 0.96358100 0.08894700
f 868/868 232/232 472/472
f 868/868 472/472 97/97
f 350/350 232/232 868/868
f 374/374 350/350 868/868
f 868/868 211/211 374/374
f 382/382 211/211 868/868
f 585/585 211/211 382/382
f 382/382 868/868 97/97
f 418/418 382/382 97/97
f 211/211 585/585 19/19
f 185/185 211/211 19/19
f 321/321 211/211 185/185
f 211/211 321/321 374/374
f 19/19 585/585 382/382
f 19/19 382/382 418/418
f 97/97 472/472 455/455
f 455/455 593/593 97/97
f 520/520 97/97 593/593
f 938/938 19/19 418/418
f 19/19 938/938 185/185
f 370/370 185/185 938/938
f 659/659 321/321 370/370
f 370/370 321/321 185/185
f 418/418 97/97 520/520
f 299/299 418/418 520/520
f 938/938 418/418 89/89
f 520/520 406/406 299/299
f 299/299 406/406 615/615
f 89/89 418/418 738/738
f 418/418 828/828 738/738
f 828/828 418/418 299/299
f 967/967 89/89 738/738
f 967/967 938/938 89/89
f 738/738 828/828 967/967
f 705/705 938/938 486/486
f 967/967 486/486 938/938
f 938/938 705/705 370/370
f 127/127 370/370 705/705
f 165/165 370/370 127/127
f 700/700 705/705 486/486
f 179/179 281/281 165/165
f 828/828 299/299 196/196
f 196/196 299/299 755/755
f 755/755 299/299 168/168
f 486/486 967/967 196/196
f 967/967 828/828 196/196
f 269/269 168/168 874/874
f 755/755 168/168 269/269
f 755/755 269/269 874/874
f 259/259 874/874 368/368
f 755/755 874/874 259/259
f 582/582 755/755 259/259
f 582/582 259/259 368/368
f 196/196 700/700 486/486
f 700/700 196/196 867/867
f 196/196 755/755 867/867
f 260/260 705/705 700/700
f 216/216 705/705 260/260
f 260/260 700/700 867/867
f 179/179 165/165 127/127
f 127/127 705/705 216/216
f 582/582 867/867 755/755
f 521/521 582/582 368/368
f 867/867 582/582 521/521
f 966/966 292/292 143/143
f 408/408 434/434 292/292
f 966/966 408/408 292/292
f 51/51 435/435 52/52
f 53/53 434/434 408/408
f 408/408 655/655 53/53
f 96/96 52/52 656/656
f 455/455 51/51 52/52
f 96/96 455/455 52/52
f 287/287 786/786 966/966
f 408/408 966/966 655/655
f 786/786 655/655 966/966
f 190/190 96/96 656/656
f 786/786 191/191 655/655
f 786/786 643/643 125/125
f 740/740 643/643 786/786
f 294/294 643/643 740/740
f 294/294 507/507 715/715
f 244/244 715/715 507/507
f 777/777 404/404 238/238
f 398/398 217/217 246/246
f 522/522 176/176 881/881
f 522/522 358/358 176/176
f 466/466 64/64 522/522
f 350/350 527/527 466/466
f 881/881 466/466 522/522
f 881/881 232/232 466/466
f 522/522 64/64 358/358
f 358/358 64/64 500/500
f 527/527 64/64 466/466
f 500/500 115/115 358/358
f 777/777 500/500 64/64
f 350/350 466/466 232/232
f 659/659 527/527 350/350
f 527/527 777/777 64/64
f 246/246 777/777 527/527
f 659/659 246/246 527/527
f 881/881 176/176 421/421
f 115/115 434/434 421/421
f 115/115 421/421 176/176
f 176/176 358/358 115/115
f 143/143 115/115 500/500
f 232/232 881/881 422/422
f 472/472 232/232 422/422
f 435/435 51/51 422/422
f 472/472 422/422 51/51
f 292/292 115/115 143/143
f 292/292 434/434 115/115
f 143/143 500/500 966/966
f 500/500 777/777 752/752
f 752/752 187/187 500/500
f 752/752 777/777 238/238
f 287/287 500/500 187/187
f 966/966 500/500 287/287
f 374/374 659/659 350/350
f 659/659 374/374 321/321
f 659/659 883/883 246/246
f 472/472 51/51 455/455
f 455/455 96/96 604/604
f 593/593 455/455 604/604
f 593/593 604/604 615/615
f 593/593 615/615 520/520
f 406/406 520/520 615/615
f 615/615 604/604 679/679
f 679/679 29/29 299/299
f 874/874 299/299 29/29
f 338/338 874/874 29/29
f 615/615 679/679 299/299
f 338/338 29/29 679/679
f 368/368 338/338 679/679
f 187/187 752/752 238/238
f 287/287 187/187 83/83
f 287/287 83/83 740/740
f 777/777 246/246 217/217
f 238/238 404/404 187/187
f 83/83 187/187 404/404
f 740/740 786/786 287/287
f 165/165 659/659 370/370
f 281/281 659/659 165/165
f 281/281 883/883 659/659
f 168/168 299/299 874/874
f 338/338 368/368 874/874
f 883/883 398/398 246/246
f 281/281 398/398 883/883
f 478/478 281/281 278/278
f 478/478 398/398 281/281
f 217/217 398/398 159/159
f 703/703 777/777 928/928
f 349/349 928/928 777/777
f 404/404 703/703 121/121
f 404/404 777/777 703/703
f 349/349 777/777 217/217
f 317/317 217/217 159/159
f 349/349 217/217 317/317
f 404/404 121/121 83/83
f 182/182 740/740 83/83
f 740/740 792/792 294/294
f 792/792 507/507 294/294
f 507/507 457/457 244/244
f 457/457 644/644 244/244
f 893/893 644/644 830/830
f 740/740 182/182 792/792
f 792/792 26/26 507/507
f 457/457 507/507 26/26
f 26/26 792/792 726/726
f 83/83 121/121 182/182
f 366/366 182/182 121/121
f 551/551 26/26 726/726
f 26/26 551/551 457/457
f 792/792 182/182 726/726
f 457/457 551/551 456/456
f 644/644 457/457 456/456
f 596/596 644/644 456/456
f 596/596 830/830 644/644
f 182/182 547/547 726/726
f 551/551 547/547 126/126
f 456/456 551/551 126/126
f 726/726 547/547 551/551
f 159/159 398/398 478/478
f 9/9 830/830 596/596
f 641/641 815/815 596/596
f 308/308 815/815 641/641
f 282/282 216/216 260/260
f 127/127 216/216 282/282
f 639/639 282/282 260/260
f 282/282 672/672 127/127
f 639/639 672/672 282/282
f 260/260 867/867 540/540
f 438/438 540/540 867/867
f 639/639 260/260 540/540
f 639/639 540/540 438/438
f 127/127 672/672 896/896
f 896/896 672/672 639/639
f 896/896 639/639 945/945
f 639/639 678/678 945/945
f 761/761 281/281 179/179
f 625/625 127/127 896/896
f 127/127 625/625 179/179
f 284/284 896/896 945/945
f 625/625 896/896 284/284
f 678/678 470/470 945/945
f 284/284 878/878 625/625
f 878/878 284/284 945/945
f 470/470 878/878 945/945
f 261/261 179/179 625/625
f 179/179 261/261 761/761
f 663/663 761/761 609/609
f 261/261 625/625 878/878
f 92/92 261/261 878/878
f 261/261 92/92 871/871
f 871/871 761/761 261/261
f 878/878 741/741 92/92
f 741/741 878/878 470/470
f 286/286 92/92 741/741
f 871/871 92/92 286/286
f 609/609 761/761 871/871
f 289/289 286/286 741/741
f 746/746 286/286 289/289
f 871/871 286/286 746/746
f 702/702 609/609 148/148
f 871/871 148/148 609/609
f 706/706 702/702 148/148
f 746/746 135/135 871/871
f 135/135 706/706 871/871
f 871/871 706/706 148/148
f 281/281 444/444 278/278
f 761/761 663/663 281/281
f 444/444 281/281 663/663
f 278/278 444/444 663/663
f 278/278 663/663 609/609
f 552/552 621/621 278/278
f 621/621 552/552 673/673
f 478/478 317/317 159/159
f 621/621 478/478 278/278
f 478/478 621/621 539/539
f 139/139 621/621 673/673
f 139/139 539/539 621/621
f 539/539 317/317 478/478
f 706/706 609/609 702/702
f 609/609 706/706 278/278
f 971/971 278/278 706/706
f 739/739 673/673 552/552
f 739/739 139/139 673/673
f 552/552 278/278 739/739
f 739/739 539/539 139/139
f 971/971 739/739 278/278
f 539/539 361/361 379/379
f 103/103 521/521 368/368
f 521/521 103/103 887/887
f 867/867 521/521 438/438
f 270/270 521/521 602/602
f 190/190 612/612 243/243
f 243/243 612/612 443/443
f 611/611 125/125 442/442
f 611/611 191/191 786/786
f 491/491 96/96 243/243
f 96/96 190/190 243/243
f 491/491 243/243 425/425
f 265/265 492/492 424/424
f 611/611 786/786 125/125
f 443/443 425/425 243/243
f 442/442 313/313 424/424
f 125/125 852/852 442/442
f 852/852 313/313 442/442
f 313/313 265/265 424/424
f 265/265 313/313 426/426
f 852/852 426/426 313/313
f 265/265 426/426 201/201
f 852/852 125/125 643/643
f 852/852 643/643 715/715
f 426/426 852/852 742/742
f 742/742 852/852 715/715
f 41/41 426/426 742/742
f 936/936 426/426 41/41
f 643/643 294/294 715/715
f 742/742 715/715 244/244
f 244/244 41/41 742/742
f 604/604 96/96 106/106
f 106/106 96/96 491/491
f 265/265 704/704 105/105
f 265/265 105/105 492/492
f 426/426 936/936 201/201
f 936/936 144/144 201/201
f 704/704 265/265 154/154
f 154/154 265/265 201/201
f 154/154 201/201 215/215
f 25/25 201/201 144/144
f 337/337 679/679 604/604
f 368/368 679/679 337/337
f 604/604 106/106 337/337
f 105/105 704/704 91/91
f 91/91 704/704 154/154
f 591/591 154/154 835/835
f 591/591 91/91 154/154
f 215/215 201/201 25/25
f 835/835 154/154 215/215
f 803/803 835/835 215/215
f 144/144 936/936 41/41
f 449/449 144/144 41/41
f 25/25 449/449 41/41
f 25/25 144/144 449/449
f 25/25 41/41 893/893
f 41/41 244/244 644/644
f 41/41 644/644 893/893
f 25/25 893/893 803/803
f 803/803 215/215 25/25
f 830/830 803/803 893/893
f 887/887 368/368 337/337
f 103/103 368/368 887/887
f 651/651 337/337 174/174
f 337/337 106/106 174/174
f 173/173 105/105 91/91
f 591/591 114/114 91/91
f 173/173 91/91 114/114
f 908/908 173/173 114/114
f 114/114 591/591 213/213
f 213/213 591/591 835/835
f 803/803 213/213 835/835
f 194/194 602/602 521/521
f 887/887 337/337 194/194
f 337/337 651/651 194/194
f 521/521 887/887 194/194
f 834/834 651/651 174/174
f 908/908 833/833 173/173
f 908/908 114/114 397/397
f 213/213 397/397 114/114
f 602/602 194/194 964/964
f 194/194 651/651 834/834
f 964/964 194/194 834/834
f 55/55 213/213 803/803
f 213/213 908/908 397/397
f 667/667 908/908 213/213
f 548/548 803/803 906/906
f 803/803 830/830 906/906
f 548/548 55/55 803/803
f 9/9 548/548 906/906
f 906/906 830/830 9/9
f 815/815 9/9 596/596
f 438/438 521/521 270/270
f 270/270 602/602 438/438
f 438/438 602/602 964/964
f 834/834 438/438 964/964
f 438/438 834/834 665/665
f 438/438 948/948 639/639
f 948/948 438/438 665/665
f 237/237 664/664 908/908
f 948/948 665/665 652/652
f 237/237 653/653 664/664
f 638/638 237/237 409/409
f 948/948 678/678 639/639
f 948/948 18/18 678/678
f 652/652 18/18 948/948
f 18/18 652/652 613/613
f 614/614 653/653 237/237
f 66/66 237/237 638/638
f 198/198 638/638 409/409
f 753/753 18/18 613/613
f 237/237 66/66 614/614
f 882/882 66/66 638/638
f 66/66 754/754 614/614
f 882/882 638/638 198/198
f 754/754 66/66 782/782
f 782/782 66/66 882/882
f 553/553 746/746 503/503
f 240/240 503/503 470/470
f 503/503 741/741 470/470
f 289/289 741/741 503/503
f 746/746 289/289 503/503
f 484/484 746/746 553/553
f 746/746 484/484 135/135
f 882/882 198/198 113/113
f 553/553 503/503 145/145
f 935/935 553/553 145/145
f 935/935 484/484 553/553
f 145/145 503/503 240/240
f 805/805 935/935 145/145
f 367/367 484/484 935/935
f 135/135 484/484 367/367
f 935/935 805/805 367/367
f 95/95 367/367 805/805
f 95/95 135/135 367/367
f 240/240 470/470 678/678
f 919/919 240/240 678/678
f 145/145 95/95 805/805
f 145/145 747/747 95/95
f 745/745 135/135 95/95
f 95/95 747/747 745/745
f 145/145 240/240 919/919
f 745/745 902/902 135/135
f 661/661 745/745 747/747
f 902/902 745/745 661/661
f 210/210 919/919 678/678
f 135/135 971/971 706/706
f 135/135 902/902 971/971
f 210/210 678/678 495/495
f 18/18 495/495 678/678
f 754/754 782/782 793/793
f 793/793 782/782 882/882
f 132/132 18/18 753/753
f 793/793 133/133 754/754
f 133/133 793/793 765/765
f 765/765 793/793 882/882
f 113/113 710/710 882/882
f 132/132 495/495 18/18
f 528/528 765/765 882/882
f 557/557 133/133 765/765
f 765/765 528/528 557/557
f 914/914 133/133 557/557
f 914/914 557/557 528/528
f 307/307 528/528 882/882
f 710/710 307/307 882/882
f 914/914 392/392 133/133
f 307/307 914/914 528/528
f 853/853 392/392 914/914
f 853/853 914/914 307/307
f 833/833 908/908 664/664
f 213/213 409/409 667/667
f 237/237 908/908 667/667
f 237/237 667/667 409/409
f 409/409 213/213 55/55
f 850/850 55/55 548/548
f 850/850 548/548 9/9
f 198/198 409/409 55/55
f 55/55 451/451 113/113
f 55/55 113/113 198/198
f 850/850 451/451 55/55
f 815/815 692/692 9/9
f 9/9 692/692 850/850
f 692/692 815/815 462/462
f 462/462 815/815 308/308
f 462/462 483/483 692/692
f 15/15 451/451 850/850
f 897/897 15/15 850/850
f 550/550 850/850 692/692
f 326/326 550/550 692/692
f 326/326 692/692 483/483
f 897/897 850/850 550/550
f 347/347 113/113 451/451
f 113/113 347/347 701/701
f 113/113 701/701 710/710
f 694/694 15/15 897/897
f 347/347 451/451 15/15
f 550/550 326/326 248/248
f 897/897 550/550 248/248
f 12/12 897/897 248/248
f 682/682 15/15 694/694
f 347/347 15/15 682/682
f 701/701 347/347 682/682
f 104/104 493/493 386/386
f 253/253 493/493 248/248
f 386/386 493/493 253/253
f 224/224 253/253 248/248
f 694/694 897/897 12/12
f 12/12 248/248 493/493
f 12/12 493/493 104/104
f 898/898 12/12 104/104
f 386/386 898/898 104/104
f 898/898 386/386 253/253
f 694/694 12/12 898/898
f 682/682 694/694 898/898
f 898/898 253/253 224/224
f 121/121 703/703 188/188
f 188/188 366/366 121/121
f 366/366 188/188 16/16
f 703/703 727/727 188/188
f 16/16 188/188 727/727
f 727/727 703/703 102/102
f 703/703 928/928 102/102
f 727/727 102/102 254/254
f 16/16 727/727 316/316
f 182/182 366/366 937/937
f 182/182 531/531 547/547
f 547/547 531/531 126/126
f 182/182 937/937 531/531
f 857/857 456/456 126/126
f 512/512 456/456 857/857
f 512/512 824/824 456/456
f 512/512 857/857 6/6
f 126/126 6/6 857/857
f 366/366 16/16 808/808
f 366/366 808/808 937/937
f 824/824 596/596 456/456
f 33/33 641/641 596/596
f 33/33 596/596 824/824
f 824/824 512/512 6/6
f 709/709 531/531 937/937
f 531/531 709/709 126/126
f 33/33 824/824 677/677
f 308/308 641/641 33/33
f 109/109 308/308 33/33
f 677/677 109/109 33/33
f 709/709 937/937 808/808
f 808/808 316/316 345/345
f 709/709 808/808 345/345
f 345/345 855/855 709/709
f 316/316 808/808 16/16
f 355/355 824/824 6/6
f 709/709 855/855 126/126
f 126/126 855/855 6/6
f 824/824 355/355 796/796
f 796/796 677/677 824/824
f 727/727 254/254 316/316
f 940/940 316/316 254/254
f 316/316 915/915 345/345
f 940/940 915/915 316/316
f 345/345 915/915 855/855
f 6/6 855/855 23/23
f 355/355 6/6 23/23
f 842/842 355/355 23/23
f 660/660 23/23 855/855
f 829/829 349/349 317/317
f 462/462 308/308 109/109
f 462/462 109/109 70/70
f 796/796 109/109 677/677
f 796/796 70/70 109/109
f 355/355 204/204 796/796
f 204/204 355/355 564/564
f 70/70 796/796 204/204
f 819/819 70/70 204/204
f 819/819 204/204 364/364
f 471/471 819/819 364/364
f 349/349 335/335 928/928
f 153/153 928/928 335/335
f 504/504 102/102 928/928
f 153/153 504/504 928/928
f 335/335 249/249 153/153
f 335/335 616/616 249/249
f 829/829 335/335 349/349
f 616/616 335/335 829/829
f 317/317 616/616 829/829
f 254/254 102/102 373/373
f 504/504 373/373 102/102
f 504/504 610/610 373/373
f 669/669 504/504 153/153
f 254/254 373/373 610/610
f 153/153 249/249 669/669
f 669/669 249/249 811/811
f 616/616 317/317 620/620
f 317/317 379/379 620/620
f 249/249 616/616 620/620
f 789/789 249/249 620/620
f 789/789 811/811 249/249
f 620/620 20/20 789/789
f 214/214 20/20 620/620
f 822/822 564/564 355/355
f 822/822 355/355 199/199
f 204/204 564/564 822/822
f 822/822 199/199 402/402
f 842/842 199/199 355/355
f 402/402 199/199 842/842
f 204/204 822/822 364/364
f 402/402 364/364 822/822
f 471/471 364/364 768/768
f 364/364 402/402 768/768
f 530/530 402/402 842/842
f 317/317 539/539 379/379
f 214/214 620/620 379/379
f 20/20 214/214 195/195
f 214/214 379/379 117/117
f 214/214 624/624 195/195
f 624/624 214/214 628/628
f 117/117 628/628 214/214
f 471/471 768/768 101/101
f 101/101 819/819 471/471
f 380/380 101/101 768/768
f 768/768 402/402 699/699
f 699/699 402/402 530/530
f 454/454 380/380 768/768
f 454/454 768/768 699/699
f 780/780 454/454 699/699
f 610/610 504/504 342/342
f 46/46 610/610 342/342
f 46/46 150/150 610/610
f 901/901 342/342 504/504
f 342/342 901/901 536/536
f 309/309 901/901 504/504
f 536/536 46/46 342/342
f 150/150 254/254 610/610
f 254/254 150/150 940/940
f 940/940 150/150 88/88
f 150/150 46/46 88/88
f 536/536 901/901 155/155
f 536/536 310/310 46/46
f 536/536 968/968 310/310
f 79/79 5/5 310/310
f 5/5 79/79 848/848
f 716/716 5/5 848/848
f 716/716 918/918 5/5
f 280/280 88/88 46/46
f 46/46 310/310 280/280
f 310/310 5/5 376/376
f 918/918 376/376 5/5
f 310/310 376/376 784/784
f 718/718 885/885 917/917
f 310/310 784/784 280/280
f 230/230 167/167 280/280
f 280/280 784/784 230/230
f 884/884 784/784 376/376
f 884/884 376/376 918/918
f 744/744 784/784 884/884
f 152/152 885/885 718/718
f 743/743 885/885 152/152
f 870/870 669/669 811/811
f 309/309 504/504 669/669
f 870/870 309/309 669/669
f 309/309 155/155 901/901
f 870/870 811/811 107/107
f 789/789 107/107 811/811
f 107/107 789/789 195/195
f 309/309 870/870 962/962
f 158/158 849/849 262/262
f 262/262 295/295 158/158
f 295/295 262/262 962/962
f 295/295 962/962 821/821
f 619/619 158/158 295/295
f 295/295 821/821 619/619
f 536/536 155/155 262/262
f 962/962 155/155 309/309
f 968/968 536/536 262/262
f 155/155 962/962 262/262
f 275/275 962/962 870/870
f 275/275 821/821 962/962
f 275/275 870/870 107/107
f 804/804 619/619 821/821
f 804/804 821/821 724/724
f 804/804 946/946 619/619
f 946/946 939/939 619/619
f 804/804 957/957 946/946
f 957/957 396/396 946/946
f 275/275 724/724 821/821
f 957/957 804/804 724/724
f 395/395 396/396 42/42
f 205/205 849/849 158/158
f 619/619 205/205 158/158
f 849/849 968/968 262/262
f 790/790 968/968 849/849
f 790/790 79/79 968/968
f 205/205 791/791 849/849
f 791/791 205/205 497/497
f 205/205 619/619 939/939
f 205/205 939/939 497/497
f 946/946 497/497 939/939
f 946/946 381/381 497/497
f 396/396 381/381 946/946
f 381/381 296/296 497/497
f 297/297 79/79 790/790
f 497/497 296/296 791/791
f 395/395 381/381 396/396
f 968/968 79/79 310/310
f 297/297 848/848 79/79
f 716/716 848/848 297/297
f 296/296 381/381 395/395
f 395/395 717/717 296/296
f 717/717 395/395 718/718
f 825/825 718/718 395/395
f 252/252 251/251 396/396
f 957/957 724/724 529/529
f 957/957 529/529 252/252
f 252/252 396/396 957/957
f 275/275 458/458 724/724
f 529/529 724/724 458/458
f 475/475 252/252 529/529
f 251/251 21/21 396/396
f 251/251 360/360 21/21
f 360/360 251/251 252/252
f 3/3 21/21 360/360
f 475/475 360/360 252/252
f 401/401 275/275 107/107
f 401/401 458/458 275/275
f 827/827 360/360 475/475
f 236/236 360/360 827/827
f 529/529 458/458 401/401
f 529/529 827/827 475/475
f 529/529 698/698 827/827
f 396/396 21/21 42/42
f 42/42 825/825 395/395
f 3/3 889/889 21/21
f 889/889 42/42 21/21
f 889/889 825/825 42/42
f 236/236 3/3 360/360
f 3/3 236/236 905/905
f 905/905 889/889 3/3
f 827/827 698/698 236/236
f 601/601 905/905 236/236
f 601/601 236/236 698/698
f 601/601 889/889 905/905
f 718/718 917/917 717/717
f 427/427 718/718 825/825
f 427/427 152/152 718/718
f 346/346 152/152 427/427
f 206/206 427/427 825/825
f 328/328 346/346 427/427
f 427/427 206/206 328/328
f 940/940 88/88 915/915
f 660/660 915/915 88/88
f 660/660 855/855 915/915
f 23/23 288/288 842/842
f 530/530 842/842 288/288
f 660/660 476/476 23/23
f 23/23 476/476 288/288
f 288/288 147/147 530/530
f 476/476 660/660 650/650
f 476/476 650/650 288/288
f 668/668 288/288 650/650
f 88/88 280/280 660/660
f 660/660 304/304 650/650
f 668/668 650/650 304/304
f 775/775 660/660 280/280
f 304/304 660/660 775/775
f 167/167 775/775 280/280
f 684/684 668/668 304/304
f 530/530 147/147 394/394
f 567/567 530/530 394/394
f 394/394 147/147 668/668
f 147/147 288/288 668/668
f 684/684 618/618 202/202
f 618/618 31/31 202/202
f 241/241 32/32 617/617
f 684/684 202/202 668/668
f 816/816 668/668 202/202
f 31/31 816/816 202/202
f 683/683 394/394 668/668
f 637/637 668/668 816/816
f 331/331 32/32 241/241
f 816/816 332/332 637/637
f 332/332 816/816 31/31
f 567/567 394/394 683/683
f 554/554 567/567 683/683
f 412/412 554/554 683/683
f 346/346 241/241 152/152
f 68/68 668/668 637/637
f 68/68 683/683 668/668
f 637/637 332/332 68/68
f 806/806 68/68 332/332
f 331/331 241/241 807/807
f 346/346 807/807 241/241
f 693/693 807/807 346/346
f 412/412 683/683 122/122
f 68/68 122/122 683/683
f 680/680 122/122 68/68
f 806/806 680/680 68/68
f 744/744 230/230 784/784
f 167/167 230/230 303/303
f 167/167 303/303 775/775
f 230/230 744/744 303/303
f 775/775 303/303 388/388
f 388/388 303/303 744/744
f 389/389 49/49 129/129
f 743/743 152/152 49/49
f 49/49 389/389 743/743
f 684/684 304/304 775/775
f 605/605 775/775 388/388
f 605/605 684/684 775/775
f 605/605 388/388 128/128
f 618/618 605/605 128/128
f 49/49 617/617 129/129
f 241/241 49/49 152/152
f 618/618 684/684 605/605
f 49/49 241/241 617/617
f 20/20 195/195 789/789
f 333/333 107/107 195/195
f 860/860 333/333 195/195
f 860/860 859/859 713/713
f 77/77 889/889 601/601
f 333/333 401/401 107/107
f 301/301 156/156 401/401
f 156/156 301/301 698/698
f 601/601 698/698 77/77
f 222/222 889/889 77/77
f 156/156 529/529 401/401
f 156/156 698/698 529/529
f 606/606 825/825 889/889
f 825/825 606/606 206/206
f 301/301 401/401 333/333
f 698/698 222/222 77/77
f 713/713 301/301 333/333
f 607/607 698/698 301/301
f 301/301 713/713 607/607
f 606/606 889/889 222/222
f 222/222 698/698 50/50
f 50/50 606/606 222/222
f 698/698 94/94 50/50
f 94/94 698/698 607/607
f 39/39 606/606 50/50
f 39/39 50/50 94/94
f 333/333 860/860 713/713
f 293/293 94/94 607/607
f 859/859 607/607 713/713
f 859/859 293/293 607/607
f 293/293 39/39 94/94
f 39/39 293/293 99/99
f 306/306 293/293 859/859
f 99/99 293/293 306/306
f 131/131 328/328 206/206
f 206/206 118/118 131/131
f 118/118 696/696 131/131
f 693/693 346/346 328/328
f 328/328 131/131 693/693
f 696/696 693/693 131/131
f 118/118 693/693 696/696
f 300/300 206/206 606/606
f 300/300 606/606 267/267
f 851/851 606/606 39/39
f 851/851 267/267 606/606
f 300/300 118/118 206/206
f 300/300 219/219 118/118
f 624/624 860/860 195/195
f 624/624 151/151 860/860
f 859/859 860/860 151/151
f 306/306 859/859 151/151
f 151/151 177/177 306/306
f 151/151 624/624 177/177
f 306/306 177/177 958/958
f 110/110 306/306 958/958
f 110/110 63/63 99/99
f 63/63 110/110 851/851
f 899/899 851/851 110/110
f 958/958 899/899 110/110
f 851/851 899/899 267/267
f 899/899 795/795 267/267
f 177/177 624/624 399/399
f 177/177 399/399 910/910
f 177/177 910/910 958/958
f 795/795 899/899 958/958
f 795/795 958/958 910/910
f 226/226 624/624 628/628
f 226/226 399/399 624/624
f 545/545 399/399 226/226
f 598/598 910/910 399/399
f 598/598 795/795 910/910
f 137/137 267/267 795/795
f 219/219 267/267 137/137
f 63/63 39/39 99/99
f 851/851 39/39 63/63
f 110/110 99/99 306/306
f 219/219 300/300 267/267
f 699/699 530/530 567/567
f 699/699 567/567 74/74
f 219/219 693/693 118/118
f 412/412 567/567 554/554
f 567/567 412/412 511/511
f 680/680 412/412 122/122
f 956/956 412/412 680/680
f 749/749 807/807 693/693
f 956/956 680/680 481/481
f 481/481 680/680 806/806
f 749/749 482/482 807/807
f 956/956 511/511 412/412
f 511/511 956/956 481/481
f 74/74 567/567 511/511
f 909/909 74/74 933/933
f 749/749 693/693 219/219
f 749/749 219/219 533/533
f 685/685 533/533 219/219
f 772/772 511/511 481/481
f 749/749 533/533 482/482
f 933/933 511/511 772/772
f 533/533 771/771 482/482
f 933/933 74/74 511/511
f 506/506 933/933 772/772
f 771/771 533/533 273/273
f 272/272 506/506 772/772
f 783/783 699/699 74/74
f 58/58 699/699 783/783
f 783/783 74/74 44/44
f 290/290 533/533 685/685
f 506/506 909/909 933/933
f 909/909 506/506 272/272
f 273/273 533/533 290/290
f 445/445 685/685 219/219
f 428/428 74/74 909/909
f 74/74 428/428 44/44
f 291/291 428/428 909/909
f 291/291 909/909 272/272
f 428/428 688/688 44/44
f 291/291 688/688 428/428
f 763/763 290/290 685/685
f 762/762 688/688 291/291
f 44/44 688/688 186/186
f 861/861 688/688 762/762
f 763/763 685/685 862/862
f 861/861 186/186 688/688
f 70/70 483/483 462/462
f 326/326 483/483 70/70
f 326/326 70/70 819/819
f 707/707 326/326 819/819
f 224/224 248/248 326/326
f 707/707 224/224 326/326
f 161/161 707/707 819/819
f 161/161 819/819 101/101
f 61/61 707/707 161/161
f 161/161 101/101 380/380
f 161/161 380/380 36/36
f 36/36 380/380 454/454
f 526/526 539/539 739/739
f 361/361 539/539 526/526
f 661/661 747/747 145/145
f 387/387 919/919 210/210
f 311/311 145/145 919/919
f 919/919 387/387 311/311
f 145/145 311/311 661/661
f 622/622 661/661 311/311
f 13/13 661/661 622/622
f 311/311 387/387 513/513
f 13/13 902/902 661/661
f 513/513 622/622 311/311
f 513/513 353/353 622/622
f 353/353 513/513 436/436
f 387/387 436/436 513/513
f 436/436 387/387 210/210
f 353/353 812/812 622/622
f 622/622 812/812 750/750
f 13/13 622/622 750/750
f 569/569 13/13 750/750
f 569/569 902/902 13/13
f 459/459 902/902 119/119
f 353/353 450/450 812/812
f 750/750 812/812 450/450
f 569/569 450/450 73/73
f 353/353 436/436 732/732
f 569/569 750/750 450/450
f 277/277 73/73 450/450
f 73/73 119/119 569/569
f 732/732 436/436 210/210
f 725/725 732/732 210/210
f 119/119 902/902 569/569
f 971/971 902/902 459/459
f 266/266 459/459 579/579
f 119/119 579/579 459/459
f 480/480 210/210 495/495
f 169/169 210/210 480/480
f 170/170 479/479 770/770
f 207/207 210/210 169/169
f 170/170 770/770 322/322
f 166/166 133/133 392/392
f 392/392 853/853 166/166
f 490/490 853/853 307/307
f 495/495 132/132 480/480
f 479/479 133/133 166/166
f 479/479 166/166 853/853
f 970/970 490/490 307/307
f 770/770 479/479 853/853
f 490/490 770/770 853/853
f 322/322 770/770 490/490
f 725/725 210/210 207/207
f 257/257 725/725 207/207
f 207/207 169/169 687/687
f 686/686 170/170 322/322
f 207/207 687/687 759/759
f 758/758 686/686 322/322
f 322/322 856/856 758/758
f 642/642 758/758 856/856
f 670/670 758/758 642/642
f 207/207 759/759 671/671
f 736/736 670/670 642/642
f 642/642 10/10 736/736
f 671/671 542/542 207/207
f 257/257 207/207 542/542
f 27/27 542/542 671/671
f 80/80 257/257 542/542
f 80/80 542/542 27/27
f 28/28 670/670 736/736
f 856/856 322/322 490/490
f 856/856 490/490 970/970
f 10/10 856/856 970/970
f 10/10 642/642 856/856
f 414/414 192/192 477/477
f 302/302 414/414 892/892
f 892/892 414/414 200/200
f 208/208 314/314 302/302
f 563/563 314/314 208/208
f 263/263 950/950 563/563
f 8/8 950/950 263/263
f 798/798 263/263 563/563
f 798/798 563/563 951/951
f 798/798 951/951 854/854
f 8/8 263/263 798/798
f 965/965 8/8 798/798
f 965/965 798/798 565/565
f 477/477 200/200 414/414
f 225/225 200/200 844/844
f 200/200 477/477 844/844
f 854/854 951/951 225/225
f 779/779 225/225 844/844
f 573/573 779/779 844/844
f 779/779 572/572 164/164
f 225/225 779/779 854/854
f 565/565 798/798 854/854
f 565/565 854/854 779/779
f 779/779 781/781 565/565
f 256/256 965/965 565/565
f 256/256 565/565 781/781
f 779/779 164/164 781/781
f 164/164 256/256 781/781
f 464/464 256/256 164/164
f 543/543 256/256 464/464
f 277/277 119/119 73/73
f 76/76 450/450 353/353
f 277/277 450/450 76/76
f 732/732 769/769 353/353
f 76/76 353/353 769/769
f 725/725 799/799 732/732
f 277/277 76/76 959/959
f 959/959 895/895 277/277
f 769/769 920/920 76/76
f 76/76 920/920 959/959
f 769/769 732/732 111/111
f 111/111 732/732 799/799
f 277/277 895/895 119/119
f 119/119 895/895 579/579
f 912/912 100/100 920/920
f 895/895 959/959 100/100
f 100/100 959/959 920/920
f 895/895 100/100 912/912
f 544/544 769/769 111/111
f 359/359 769/769 544/544
f 359/359 912/912 920/920
f 594/594 912/912 359/359
f 359/359 920/920 769/769
f 302/302 314/314 544/544
f 544/544 314/314 359/359
f 912/912 594/594 895/895
f 544/544 111/111 192/192
f 544/544 192/192 414/414
f 302/302 544/544 414/414
f 314/314 594/594 359/359
f 950/950 594/594 314/314
f 314/314 563/563 950/950
f 950/950 895/895 594/594
f 764/764 266/266 579/579
f 8/8 895/895 950/950
f 965/965 285/285 8/8
f 256/256 285/285 965/965
f 560/560 8/8 285/285
f 256/256 134/134 285/285
f 134/134 560/560 285/285
f 134/134 45/45 560/560
f 895/895 8/8 560/560
f 134/134 264/264 45/45
f 264/264 876/876 45/45
f 45/45 98/98 560/560
f 40/40 895/895 560/560
f 98/98 40/40 560/560
f 961/961 98/98 45/45
f 961/961 45/45 876/876
f 40/40 579/579 895/895
f 579/579 40/40 764/764
f 98/98 235/235 40/40
f 235/235 98/98 961/961
f 961/961 944/944 235/235
f 279/279 800/800 40/40
f 276/276 800/800 279/279
f 279/279 40/40 235/235
f 961/961 876/876 944/944
f 279/279 235/235 944/944
f 403/403 944/944 876/876
f 570/570 403/403 876/876
f 276/276 279/279 944/944
f 111/111 799/799 477/477
f 192/192 111/111 477/477
f 372/372 477/477 799/799
f 477/477 372/372 952/952
f 257/257 799/799 725/725
f 312/312 799/799 257/257
f 312/312 257/257 80/80
f 441/441 80/80 27/27
f 832/832 28/28 736/736
f 441/441 27/27 831/831
f 519/519 832/832 736/736
f 312/312 80/80 48/48
f 441/441 48/48 80/80
f 48/48 441/441 831/831
f 635/635 48/48 831/831
f 636/636 832/832 519/519
f 736/736 809/809 519/519
f 799/799 312/312 372/372
f 501/501 372/372 312/312
f 78/78 953/953 371/371
f 268/268 78/78 371/371
f 268/268 371/371 599/599
f 599/599 371/371 502/502
f 972/972 268/268 599/599
f 575/575 312/312 734/734
f 501/501 312/312 575/575
f 599/599 574/574 242/242
f 574/574 599/599 502/502
f 242/242 972/972 599/599
f 972/972 242/242 543/543
f 737/737 543/543 242/242
f 123/123 574/574 735/735
f 242/242 574/574 123/123
f 734/734 312/312 48/48
f 48/48 635/635 734/734
f 734/734 635/635 534/534
f 535/535 636/636 519/519
f 341/341 535/535 519/519
f 534/534 930/930 734/734
f 929/929 535/535 341/341
f 608/608 341/341 519/519
f 809/809 608/608 519/519
f 737/737 242/242 123/123
f 543/543 737/737 221/221
f 931/931 123/123 735/735
f 123/123 931/931 172/172
f 172/172 357/357 123/123
f 357/357 737/737 123/123
f 171/171 929/929 341/341
f 171/171 341/341 608/608
f 608/608 356/356 171/171
f 608/608 837/837 356/356
f 737/737 357/357 838/838
f 737/737 838/838 221/221
f 837/837 608/608 809/809
f 809/809 736/736 10/10
f 837/837 809/809 863/863
f 541/541 809/809 10/10
f 844/844 477/477 952/952
f 164/164 572/572 823/823
f 823/823 464/464 164/164
f 256/256 543/543 264/264
f 256/256 264/264 134/134
f 264/264 543/543 570/570
f 844/844 952/952 573/573
f 572/572 953/953 324/324
f 572/572 324/324 823/823
f 823/823 324/324 963/963
f 464/464 823/823 963/963
f 543/543 464/464 963/963
f 324/324 953/953 78/78
f 78/78 175/175 324/324
f 324/324 175/175 963/963
f 543/543 963/963 175/175
f 175/175 78/78 268/268
f 972/972 175/175 268/268
f 175/175 972/972 543/543
f 570/570 876/876 264/264
f 570/570 543/543 872/872
f 838/838 864/864 221/221
f 543/543 221/221 872/872
f 863/863 809/809 541/541
f 739/739 971/971 526/526
f 971/971 459/459 526/526
f 266/266 526/526 459/459
f 710/710 970/970 307/307
f 710/710 701/701 970/970
f 10/10 970/970 138/138
f 469/469 970/970 701/701
f 138/138 970/970 469/469
f 138/138 469/469 701/701
f 898/898 224/224 682/682
f 571/571 682/682 224/224
f 138/138 682/682 571/571
f 682/682 138/138 701/701
f 203/203 526/526 266/266
f 764/764 203/203 266/266
f 800/800 764/764 40/40
f 403/403 570/570 872/872
f 764/764 875/875 203/203
f 757/757 875/875 764/764
f 764/764 800/800 757/757
f 218/218 541/541 10/10
f 218/218 10/10 138/138
f 403/403 872/872 223/223
f 221/221 864/864 320/320
f 319/319 863/863 541/541
f 541/541 218/218 180/180
f 319/319 541/541 180/180
f 922/922 872/872 221/221
f 320/320 922/922 221/221
f 505/505 223/223 872/872
f 505/505 872/872 922/922
f 69/69 505/505 922/922
f 922/922 320/320 181/181
f 218/218 633/633 180/180
f 181/181 592/592 922/922
f 592/592 181/181 634/634
f 922/922 592/592 69/69
f 203/203 361/361 526/526
f 218/218 138/138 571/571
f 944/944 247/247 276/276
f 247/247 558/558 276/276
f 247/247 448/448 558/558
f 448/448 247/247 403/403
f 403/403 247/247 944/944
f 555/555 800/800 276/276
f 403/403 223/223 448/448
f 555/555 757/757 800/800
f 276/276 558/558 640/640
f 276/276 640/640 555/555
f 558/558 437/437 640/640
f 437/437 558/558 448/448
f 407/407 448/448 223/223
f 505/505 576/576 223/223
f 223/223 576/576 407/407
f 843/843 640/640 437/437
f 437/437 448/448 407/407
f 640/640 157/157 555/555
f 157/157 640/640 843/843
f 157/157 843/843 474/474
f 407/407 576/576 354/354
f 474/474 437/437 407/407
f 843/843 437/437 474/474
f 407/407 354/354 690/690
f 407/407 690/690 841/841
f 354/354 760/760 690/690
f 690/690 760/760 646/646
f 841/841 474/474 407/407
f 474/474 681/681 157/157
f 474/474 841/841 681/681
f 576/576 505/505 836/836
f 836/836 354/354 576/576
f 836/836 505/505 69/69
f 354/354 836/836 69/69
f 592/592 634/634 318/318
f 69/69 592/592 318/318
f 69/69 255/255 354/354
f 255/255 69/69 318/318
f 634/634 352/352 318/318
f 218/218 351/351 633/633
f 318/318 352/352 255/255
f 354/354 255/255 760/760
f 351/351 218/218 4/4
f 352/352 130/130 255/255
f 760/760 255/255 900/900
f 130/130 900/900 255/255
f 646/646 760/760 900/900
f 302/302 892/892 208/208
f 892/892 951/951 208/208
f 208/208 951/951 563/563
f 951/951 892/892 225/225
f 200/200 225/225 892/892
f 361/361 117/117 379/379
f 58/58 283/283 780/780
f 327/327 117/117 361/361
f 525/525 327/327 361/361
f 327/327 628/628 117/117
f 226/226 628/628 327/327
f 525/525 361/361 203/203
f 226/226 327/327 142/142
f 327/327 377/377 142/142
f 774/774 142/142 377/377
f 142/142 774/774 858/858
f 494/494 689/689 774/774
f 826/826 377/377 818/818
f 826/826 774/774 377/377
f 774/774 826/826 494/494
f 549/549 494/494 826/826
f 880/880 72/72 494/494
f 880/880 149/149 72/72
f 880/880 494/494 549/549
f 873/873 149/149 880/880
f 377/377 327/327 525/525
f 818/818 377/377 525/525
f 873/873 140/140 149/149
f 598/598 399/399 545/545
f 47/47 598/598 545/545
f 662/662 137/137 795/795
f 662/662 795/795 598/598
f 47/47 662/662 598/598
f 334/334 219/219 137/137
f 562/562 545/545 226/226
f 545/545 949/949 47/47
f 562/562 949/949 545/545
f 949/949 662/662 47/47
f 334/334 137/137 662/662
f 562/562 71/71 949/949
f 662/662 949/949 71/71
f 515/515 334/334 662/662
f 71/71 515/515 662/662
f 334/334 515/515 220/220
f 445/445 334/334 220/220
f 846/846 562/562 226/226
f 778/778 846/846 226/226
f 773/773 846/846 778/778
f 773/773 71/71 846/846
f 71/71 562/562 846/846
f 11/11 220/220 515/515
f 71/71 11/11 515/515
f 773/773 11/11 71/71
f 146/146 220/220 11/11
f 445/445 219/219 334/334
f 58/58 780/780 699/699
f 888/888 783/783 44/44
f 733/733 283/283 58/58
f 783/783 733/733 58/58
f 365/365 783/783 888/888
f 419/419 783/783 365/365
f 365/365 888/888 934/934
f 445/445 363/363 685/685
f 44/44 186/186 258/258
f 363/363 862/862 685/685
f 496/496 862/862 363/363
f 861/861 258/258 186/186
f 888/888 44/44 258/258
f 888/888 258/258 942/942
f 729/729 258/258 861/861
f 496/496 363/363 445/445
f 496/496 728/728 862/862
f 729/729 942/942 258/258
f 888/888 942/942 788/788
f 729/729 788/788 942/942
f 888/888 788/788 934/934
f 723/723 934/934 788/788
f 112/112 788/788 729/729
f 146/146 797/797 220/220
f 445/445 220/220 797/797
f 496/496 445/445 797/797
f 120/120 146/146 11/11
f 773/773 120/120 11/11
f 778/778 120/120 773/773
f 460/460 778/778 226/226
f 820/820 146/146 120/120
f 778/778 820/820 120/120
f 590/590 778/778 460/460
f 590/590 820/820 778/778
f 934/934 723/723 112/112
f 556/556 365/365 934/934
f 56/56 112/112 729/729
f 496/496 57/57 728/728
f 112/112 723/723 788/788
f 460/460 226/226 142/142
f 658/658 590/590 460/460
f 658/658 820/820 590/590
f 697/697 146/146 820/820
f 697/697 797/797 146/146
f 460/460 142/142 658/658
f 60/60 658/658 142/142
f 160/160 60/60 142/142
f 231/231 820/820 658/658
f 697/697 820/820 231/231
f 60/60 231/231 658/658
f 160/160 231/231 60/60
f 431/431 697/697 231/231
f 431/431 231/231 160/160
f 160/160 142/142 858/858
f 160/160 858/858 712/712
f 431/431 160/160 712/712
f 568/568 431/431 712/712
f 431/431 568/568 250/250
f 250/250 697/697 431/431
f 250/250 797/797 697/697
f 496/496 797/797 578/578
f 689/689 858/858 774/774
f 712/712 858/858 689/689
f 689/689 568/568 712/712
f 72/72 568/568 689/689
f 72/72 250/250 568/568
f 149/149 250/250 72/72
f 494/494 72/72 689/689
f 149/149 140/140 250/250
f 140/140 578/578 797/797
f 140/140 797/797 250/250
f 140/140 348/348 578/578
f 440/440 203/203 875/875
f 440/440 525/525 203/203
f 818/818 525/525 440/440
f 886/886 549/549 826/826
f 880/880 549/549 468/468
f 468/468 549/549 886/886
f 468/468 873/873 880/880
f 886/886 826/826 818/818
f 932/932 873/873 468/468
f 873/873 626/626 140/140
f 873/873 325/325 626/626
f 818/818 432/432 886/886
f 932/932 7/7 873/873
f 325/325 873/873 7/7
f 818/818 440/440 648/648
f 432/432 818/818 648/648
f 468/468 886/886 432/432
f 229/229 432/432 648/648
f 432/432 229/229 468/468
f 229/229 7/7 932/932
f 229/229 932/932 468/468
f 785/785 325/325 7/7
f 785/785 586/586 325/325
f 447/447 229/229 648/648
f 447/447 7/7 229/229
f 586/586 626/626 325/325
f 518/518 440/440 875/875
f 518/518 390/390 960/960
f 440/440 518/518 588/588
f 588/588 648/648 440/440
f 588/588 116/116 648/648
f 116/116 447/447 648/648
f 93/93 7/7 447/447
f 447/447 116/116 93/93
f 485/485 785/785 7/7
f 7/7 93/93 485/485
f 721/721 116/116 588/588
f 93/93 116/116 721/721
f 423/423 485/485 93/93
f 954/954 626/626 586/586
f 810/810 785/785 485/485
f 423/423 810/810 485/485
f 810/810 586/586 785/785
f 423/423 93/93 430/430
f 586/586 810/810 954/954
f 30/30 429/429 588/588
f 30/30 801/801 429/429
f 369/369 588/588 518/518
f 588/588 369/369 532/532
f 532/532 30/30 588/588
f 178/178 801/801 30/30
f 178/178 430/430 801/801
f 439/439 178/178 30/30
f 719/719 30/30 532/532
f 93/93 721/721 429/429
f 429/429 721/721 588/588
f 801/801 430/430 93/93
f 423/423 108/108 810/810
f 430/430 108/108 423/423
f 524/524 108/108 430/430
f 801/801 93/93 429/429
f 720/720 108/108 524/524
f 810/810 108/108 954/954
f 627/627 524/524 894/894
f 720/720 524/524 461/461
f 461/461 524/524 627/627
f 461/461 627/627 847/847
f 627/627 546/546 847/847
f 847/847 751/751 189/189
f 189/189 461/461 847/847
f 546/546 751/751 847/847
f 960/960 369/369 518/518
f 719/719 274/274 439/439
f 274/274 719/719 532/532
f 532/532 369/369 907/907
f 212/212 532/532 907/907
f 212/212 274/274 532/532
f 420/420 22/22 623/623
f 22/22 559/559 623/623
f 369/369 960/960 420/420
f 369/369 212/212 907/907
f 369/369 420/420 184/184
f 184/184 420/420 623/623
f 184/184 722/722 369/369
f 722/722 212/212 369/369
f 212/212 722/722 756/756
f 400/400 473/473 467/467
f 467/467 623/623 400/400
f 473/473 2/2 467/467
f 2/2 756/756 467/467
f 722/722 184/184 467/467
f 623/623 467/467 184/184
f 756/756 722/722 467/467
f 439/439 274/274 627/627
f 627/627 274/274 416/416
f 695/695 627/627 416/416
f 566/566 695/695 416/416
f 546/546 627/627 695/695
f 695/695 566/566 413/413
f 1/1 566/566 756/756
f 626/626 67/67 140/140
f 178/178 439/439 894/894
f 439/439 30/30 719/719
f 894/894 524/524 430/430
f 430/430 178/178 894/894
f 627/627 894/894 439/439
f 461/461 189/189 720/720
f 756/756 274/274 212/212
f 756/756 416/416 274/274
f 416/416 756/756 566/566
f 61/61 224/224 707/707
f 61/61 571/571 224/224
f 61/61 161/161 271/271
f 600/600 271/271 161/161
f 61/61 271/271 600/600
f 840/840 600/600 866/866
f 787/787 600/600 840/840
f 61/61 600/600 787/787
f 787/787 840/840 654/654
f 305/305 61/61 787/787
f 161/161 36/36 866/866
f 36/36 454/454 780/780
f 866/866 600/600 161/161
f 36/36 780/780 866/866
f 87/87 840/840 866/866
f 654/654 840/840 87/87
f 787/787 654/654 87/87
f 87/87 866/866 787/787
f 305/305 787/787 866/866
f 866/866 780/780 283/283
f 866/866 283/283 136/136
f 283/283 733/733 419/419
f 136/136 197/197 866/866
f 136/136 283/283 419/419
f 571/571 61/61 305/305
f 4/4 571/571 305/305
f 218/218 571/571 4/4
f 197/197 589/589 305/305
f 90/90 4/4 305/305
f 90/90 305/305 589/589
f 141/141 589/589 197/197
f 776/776 141/141 197/197
f 383/383 90/90 589/589
f 141/141 383/383 589/589
f 90/90 383/383 141/141
f 54/54 90/90 141/141
f 141/141 776/776 54/54
f 305/305 866/866 197/197
f 674/674 197/197 136/136
f 802/802 197/197 674/674
f 802/802 674/674 65/65
f 802/802 776/776 197/197
f 65/65 674/674 814/814
f 24/24 814/814 674/674
f 674/674 136/136 24/24
f 65/65 814/814 537/537
f 509/509 24/24 136/136
f 508/508 136/136 943/943
f 508/508 509/509 136/136
f 510/510 508/508 943/943
f 419/419 733/733 783/783
f 136/136 419/419 365/365
f 136/136 365/365 556/556
f 649/649 556/556 934/934
f 649/649 934/934 112/112
f 649/649 112/112 56/56
f 136/136 556/556 84/84
f 56/56 84/84 649/649
f 556/556 649/649 84/84
f 943/943 136/136 84/84
f 57/57 496/496 385/385
f 56/56 869/869 84/84
f 384/384 869/869 56/56
f 578/578 385/385 496/496
f 943/943 84/84 869/869
f 375/375 943/943 869/869
f 384/384 375/375 869/869
f 385/385 578/578 348/348
f 375/375 384/384 86/86
f 348/348 85/85 385/385
f 336/336 943/943 375/375
f 86/86 336/336 375/375
f 348/348 140/140 67/67
f 336/336 510/510 943/943
f 913/913 510/510 336/336
f 676/676 85/85 348/348
f 675/675 336/336 86/86
f 4/4 90/90 54/54
f 802/802 54/54 776/776
f 841/841 690/690 597/597
f 646/646 597/597 690/690
f 518/518 757/757 555/555
f 22/22 157/157 681/681
f 645/645 22/22 681/681
f 681/681 841/841 645/645
f 645/645 841/841 597/597
f 597/597 921/921 645/645
f 757/757 518/518 875/875
f 390/390 555/555 157/157
f 645/645 391/391 22/22
f 921/921 391/391 645/645
f 518/518 555/555 390/390
f 239/239 921/921 597/597
f 916/916 597/597 465/465
f 239/239 597/597 916/916
f 583/583 351/351 4/4
f 583/583 4/4 647/647
f 245/245 646/646 900/900
f 584/584 245/245 900/900
f 245/245 584/584 632/632
f 130/130 352/352 584/584
f 584/584 900/900 130/130
f 631/631 583/583 647/647
f 245/245 465/465 646/646
f 465/465 245/245 632/632
f 631/631 647/647 890/890
f 891/891 465/465 632/632
f 647/647 4/4 54/54
f 465/465 597/597 646/646
f 647/647 54/54 890/890
f 911/911 916/916 465/465
f 465/465 891/891 911/911
f 537/537 802/802 65/65
f 802/802 537/537 315/315
f 54/54 802/802 315/315
f 24/24 537/537 814/814
f 537/537 24/24 315/315
f 75/75 626/626 344/344
f 24/24 509/509 969/969
f 315/315 24/24 969/969
f 14/14 315/315 969/969
f 509/509 508/508 947/947
f 947/947 508/508 510/510
f 839/839 509/509 947/947
f 405/405 839/839 947/947
f 405/405 947/947 510/510
f 509/509 14/14 969/969
f 666/666 14/14 509/509
f 666/666 509/509 839/839
f 666/666 839/839 405/405
f 193/193 405/405 510/510
f 538/538 14/14 666/666
f 666/666 405/405 691/691
f 538/538 666/666 691/691
f 193/193 657/657 405/405
f 538/538 657/657 193/193
f 657/657 691/691 405/405
f 538/538 691/691 657/657
f 415/415 193/193 913/913
f 415/415 538/538 193/193
f 960/960 390/390 157/157
f 561/561 391/391 921/921
f 714/714 921/921 239/239
f 911/911 877/877 916/916
f 877/877 239/239 916/916
f 924/924 865/865 891/891
f 877/877 911/911 865/865
f 890/890 54/54 923/923
f 54/54 315/315 923/923
f 877/877 865/865 343/343
f 343/343 865/865 924/924
f 343/343 393/393 877/877
f 343/343 340/340 393/393
f 340/340 343/343 924/924
f 877/877 393/393 239/239
f 239/239 393/393 378/378
f 378/378 393/393 340/340
f 879/879 239/239 378/378
f 954/954 344/344 626/626
f 344/344 954/954 711/711
f 62/62 711/711 954/954
f 62/62 954/954 498/498
f 523/523 748/748 62/62
f 498/498 954/954 108/108
f 720/720 498/498 108/108
f 498/498 720/720 925/925
f 595/595 62/62 498/498
f 751/751 925/925 189/189
f 587/587 523/523 62/62
f 523/523 587/587 17/17
f 499/499 595/595 433/433
f 499/499 17/17 587/587
f 499/499 587/587 595/595
f 923/923 315/315 339/339
f 339/339 315/315 14/14
f 339/339 14/14 538/538
f 183/183 538/538 415/415
f 339/339 538/538 183/183
f 339/339 183/183 629/629
f 340/340 446/446 378/378
f 879/879 378/378 446/446
f 446/446 340/340 879/879
f 714/714 239/239 794/794
f 577/577 714/714 794/794
f 794/794 239/239 879/879
f 817/817 794/794 879/879
f 817/817 340/340 630/630
f 794/794 817/817 577/577
f 577/577 817/817 630/630
f 340/340 817/817 879/879
f 577/577 941/941 714/714
f 577/577 813/813 941/941
f 43/43 330/330 17/17
f 162/162 43/43 499/499
f 35/35 163/163 708/708
f 35/35 708/708 362/362
f 941/941 362/362 708/708
f 17/17 499/499 43/43
f 162/162 34/34 43/43
f 82/82 43/43 34/34
f 941/941 323/323 362/362
f 813/813 323/323 941/941
f 35/35 362/362 81/81
f 81/81 323/323 603/603
f 81/81 362/362 323/323
f 82/82 330/330 43/43
f 329/329 81/81 603/603
f 487/487 183/183 903/903
f 813/813 577/577 516/516
f 323/323 813/813 516/516
f 577/577 630/630 516/516
f 926/926 904/904 330/330
f 926/926 488/488 904/904
f 603/603 323/323 516/516
f 603/603 927/927 329/329
f 927/927 603/603 516/516
f 516/516 489/489 927/927
f 183/183 487/487 629/629
f 516/516 630/630 489/489
f 865/865 911/911 891/891
f 157/157 420/420 960/960
f 22/22 420/420 157/157
f 561/561 22/22 391/391
f 559/559 22/22 561/561
f 714/714 561/561 921/921
f 559/559 561/561 714/714
f 559/559 714/714 400/400
f 559/559 400/400 623/623
f 413/413 546/546 695/695
f 955/955 546/546 413/413
f 411/411 731/731 955/955
f 517/517 124/124 580/580
f 400/400 417/417 473/473
f 473/473 730/730 410/410
f 730/730 417/417 234/234
f 730/730 473/473 417/417
f 581/581 234/234 417/417
f 845/845 124/124 209/209
f 731/731 209/209 955/955
f 731/731 845/845 209/209
f 845/845 731/731 233/233
f 124/124 845/845 580/580
f 581/581 417/417 38/38
f 233/233 580/580 845/845
f 413/413 566/566 1/1
f 413/413 1/1 411/411
f 411/411 955/955 413/413
f 410/410 2/2 473/473
f 517/517 499/499 433/433
f 517/517 580/580 463/463
f 463/463 499/499 517/517
f 766/766 38/38 59/59
f 767/767 499/499 463/463
f 59/59 417/417 400/400
f 417/417 59/59 38/38
f 463/463 580/580 37/37
f 59/59 400/400 941/941
f 463/463 37/37 767/767
f 400/400 714/714 941/941
f 766/766 59/59 298/298
f 298/298 59/59 941/941
f 767/767 162/162 499/499
f 941/941 708/708 298/298
f 766/766 298/298 163/163
f 163/163 298/298 708/708
f 626/626 75/75 67/67
f 675/675 913/913 336/336
f 514/514 348/348 67/67
f 67/67 75/75 514/514
f 348/348 514/514 676/676
f 514/514 227/227 676/676
f 344/344 711/711 75/75
f 711/711 514/514 75/75
f 711/711 748/748 514/514
f 228/228 913/913 675/675
f 193/193 510/510 913/913
f 453/453 913/913 228/228
f 514/514 452/452 227/227
f 903/903 913/913 453/453
f 748/748 711/711 62/62
f 514/514 748/748 452/452
f 415/415 913/913 903/903
f 452/452 748/748 523/523
f 523/523 904/904 452/452
f 415/415 903/903 183/183
f 330/330 523/523 17/17
f 523/523 330/330 904/904
f 595/595 498/498 925/925
f 925/925 720/720 189/189
f 433/433 595/595 925/925
f 925/925 751/751 433/433
f 433/433 751/751 517/517
f 595/595 587/587 62/62
f 751/751 546/546 209/209
f 209/209 517/517 751/751
f 546/546 955/955 209/209
f 124/124 517/517 209/209