timestamp,pos1,pos2,pos3,pos4,pos5,pos6,goal_pos1,goal_pos2,goal_pos3,goal_pos4,goal_pos5,goal_pos6,current1,current2,current3,current4,current5,current6,vel1,vel2,vel3,vel4,vel5,vel6,load1,load2,load3,load4,load5,load6,temp1,temp2,temp3,temp4,temp5,temp6,volts1,volts2,volts3,volts4,volts5,volts6,force_x,force_y,force_z
0.015124320983886719,0.2616075933758534,0.036057351579663076,0.4580050828310394,0.6260169976384057,-0.22785177487574323,0.4688410089089347,0.26314194876222197,0.026851219261451224,0.447264595126459,0.6137421545474566,-0.22017999794390003,0.4771918665739794,0,1,1,1,0,1,0,0,0,0,0,0,0,36,40,44,-32,-40,35,33,37,36,32,37,124,122,123,122,122,123,-999,-999,-999
0.03074502944946289,0.2616075933758534,0.036057351579663076,0.4580050828310394,0.6260169976384057,-0.22785177487574323,0.4688410089089347,0.26314194876222197,0.026851219261451224,0.447264595126459,0.6137421545474566,-0.22017999794390003,0.4771918665739794,0,1,1,1,1,1,0,0,0,0,0,0,0,36,40,44,-32,-40,35,33,37,36,32,36,124,122,123,122,122,123,-999,-999,-999
0.048124074935913086,0.2616075933758534,0.036057351579663076,0.4580050828310394,0.6260169976384057,-0.22785177487574323,0.4688410089089347,0.26314194876222197,0.026851219261451224,0.447264595126459,0.6137421545474566,-0.22017999794390003,0.4771918665739794,0,1,1,1,1,1,0,0,0,0,0,0,0,36,40,44,-32,-40,35,33,37,36,39,36,124,122,123,122,122,123,-999,-999,-999
0.063262939453125,0.2616075933758534,0.036057351579663076,0.4580050828310394,0.6260169976384057,-0.22785177487574323,0.4688410089089347,0.26314194876222197,0.026851219261451224,0.447264595126459,0.6137421545474566,-0.22017999794390003,0.4771918665739794,0,1,1,0,0,1,0,0,0,0,0,0,0,36,40,44,-32,-40,35,33,37,36,32,36,124,122,123,122,122,123,-999,-999,-999
0.08015036582946777,0.2616075933758534,0.036057351579663076,0.4580050828310394,0.6260169976384057,-0.22785177487574323,0.4688410089089347,0.26314194876222197,0.026851219261451224,0.447264595126459,0.6137421545474566,-0.22017999794390003,0.4771918665739794,0,1,1,1,1,1,0,0,0,0,0,0,0,36,40,44,-32,-40,35,33,37,36,32,37,123,122,123,122,122,123,-999,-999,-999
0.09615111351013184,0.2616075933758534,0.036057351579663076,0.4580050828310394,0.6260169976384057,-0.22785177487574323,0.4688410089089347,0.26314194876222197,0.026851219261451224,0.447264595126459,0.6137421545474566,-0.22017999794390003,0.4771918665739794,0,1,1,1,1,1,0,0,0,0,0,0,0,36,40,44,-32,-40,35,33,37,36,32,37,124,122,123,122,122,123,-999,-999,-999
0.11128711700439453,0.2616075933758534,0.036057351579663076,0.4580050828310394,0.6260169976384057,-0.22785177487574323,0.4688410089089347,0.26314194876222197,0.026851219261451224,0.447264595126459,0.6137421545474566,-0.22017999794390003,0.4771918665739794,0,1,1,1,1,1,0,0,0,0,0,0,0,36,40,44,-32,-40,35,33,37,36,32,37,124,122,123,122,122,123,-999,-999,-999
0.12719106674194336,0.2616075933758534,0.036057351579663076,0.4580050828310394,0.6260169976384057,-0.22785177487574323,0.4688410089089347,0.26314194876222197,0.026851219261451224,0.447264595126459,0.6137421545474566,-0.22017999794390003,0.4771918665739794,0,0,1,1,0,1,0,0,0,0,0,0,0,36,40,44,-32,-40,35,33,37,36,32,37,124,122,123,122,122,123,-999,-999,-999
0.1443023681640625,0.2616075933758534,0.036057351579663076,0.4580050828310394,0.6260169976384057,-0.22785177487574323,0.4688410089089347,0.26314194876222197,0.026851219261451224,0.447264595126459,0.6137421545474566,-0.22017999794390003,0.4771918665739794,0,2,1,1,0,1,0,0,0,0,0,0,0,36,40,44,-32,-40,35,33,37,36,32,37,124,122,123,122,122,122,-999,-999,-999
0.1601548194885254,0.2616075933758534,0.036057351579663076,0.4580050828310394,0.6260169976384057,-0.22785177487574323,0.4688410089089347,0.26314194876222197,0.026851219261451224,0.447264595126459,0.6137421545474566,-0.22017999794390003,0.4771918665739794,0,1,1,1,0,1,0,0,0,0,0,0,0,36,40,44,-32,-40,35,33,37,36,32,36,124,122,123,122,122,123,-999,-999,-999
0.17616724967956543,0.2616075933758534,0.036057351579663076,0.4580050828310394,0.6260169976384057,-0.22785177487574323,0.4688410089089347,0.26314194876222197,0.026851219261451224,0.447264595126459,0.6137421545474566,-0.22017999794390003,0.4771918665739794,0,1,1,1,0,1,0,0,0,0,0,0,0,36,40,44,-32,-40,35,33,37,36,32,37,124,122,123,122,122,122,-999,-999,-999
0.19216275215148926,0.2616075933758534,0.036057351579663076,0.4580050828310394,0.6260169976384057,-0.22785177487574323,0.4688410089089347,0.26314194876222197,0.026851219261451224,0.447264595126459,0.6137421545474566,-0.22017999794390003,0.4771918665739794,0,1,1,0,0,1,0,0,0,0,0,0,0,36,40,44,-32,-40,35,33,37,36,32,36,124,122,123,122,122,122,-999,-999,-999
0.20917725563049316,0.2616075933758534,0.036057351579663076,0.4580050828310394,0.6260169976384057,-0.22785177487574323,0.4688410089089347,0.26314194876222197,0.026851219261451224,0.447264595126459,0.6137421545474566,-0.22017999794390003,0.4771918665739794,0,1,1,1,1,1,0,0,0,0,0,0,0,36,40,44,-32,-40,35,33,37,36,32,37,124,122,123,122,122,123,-999,-999,-999
0.22516655921936035,0.2616075933758534,0.036057351579663076,0.4580050828310394,0.6260169976384057,-0.22785177487574323,0.4688410089089347,0.26314194876222197,0.026851219261451224,0.447264595126459,0.6137421545474566,-0.22017999794390003,0.4771918665739794,0,1,1,1,1,0,0,0,0,0,0,0,0,36,40,44,-32,-40,35,33,37,36,32,37,124,122,123,122,122,123,-999,-999,-999
0.24031734466552734,0.2616075933758534,0.036057351579663076,0.4580050828310394,0.6260169976384057,-0.22785177487574323,0.4688410089089347,0.26314194876222197,0.026851219261451224,0.447264595126459,0.6137421545474566,-0.22017999794390003,0.4771918665739794,0,1,1,1,1,1,0,0,0,0,0,0,0,36,40,44,-32,-40,35,33,37,36,32,37,124,122,123,122,122,123,-999,-999,-999
0.2567431926727295,0.2616075933758534,0.036057351579663076,0.4580050828310394,0.6260169976384057,-0.22785177487574323,0.4688410089089347,0.26314194876222197,0.026851219261451224,0.447264595126459,0.6137421545474566,-0.22017999794390003,0.4771918665739794,0,1,1,1,1,0,0,0,0,0,0,0,0,36,40,44,-32,-40,35,33,37,36,32,37,124,122,123,122,122,123,-999,-999,-999
0.2727503776550293,0.2616075933758534,0.036057351579663076,0.4580050828310394,0.6260169976384057,-0.22785177487574323,0.4688410089089347,0.26314194876222197,0.026851219261451224,0.447264595126459,0.6137421545474566,-0.22017999794390003,0.4771918665739794,0,1,0,1,0,1,0,0,0,0,0,0,0,36,40,44,-32,-40,35,33,37,36,32,37,124,122,123,122,122,123,-999,-999,-999
0.28815507888793945,0.2616075933758534,0.036057351579663076,0.4580050828310394,0.6260169976384057,-0.22785177487574323,0.4688410089089347,0.26314194876222197,0.026851219261451224,0.447264595126459,0.6137421545474566,-0.22017999794390003,0.4771918665739794,0,1,1,1,0,1,0,0,0,0,0,0,0,36,40,44,-32,-40,35,33,37,36,32,36,124,122,123,122,122,123,-999,-999,-999
0.30428028106689453,0.2616075933758534,0.036057351579663076,0.4580050828310394,0.6260169976384057,-0.22785177487574323,0.4688410089089347,0.26314194876222197,0.026851219261451224,0.447264595126459,0.6137421545474566,-0.22017999794390003,0.4771918665739794,0,1,1,1,1,1,0,0,0,0,0,0,0,36,40,44,-32,-40,35,33,37,36,32,37,124,122,123,122,122,122,-999,-999,-999
0.3203251361846924,0.2616075933758534,0.036057351579663076,0.4580050828310394,0.6260169976384057,-0.22785177487574323,0.4688410089089347,0.26314194876222197,0.026851219261451224,0.447264595126459,0.6137421545474566,-0.22017999794390003,0.4771918665739794,0,1,1,1,1,1,0,0,0,0,0,0,0,36,40,44,-32,-40,35,33,37,36,32,36,124,122,123,122,122,123,-999,-999,-999
0.33616161346435547,0.2616075933758534,0.036057351579663076,0.4580050828310394,0.6260169976384057,-0.22785177487574323,0.4688410089089347,0.26314194876222197,0.026851219261451224,0.447264595126459,0.6137421545474566,-0.22017999794390003,0.4771918665739794,0,1,1,1,1,1,0,0,0,0,0,0,0,36,40,44,-32,-40,35,33,37,36,32,37,124,122,123,122,122,123,-999,-999,-999
0.3521432876586914,0.2616075933758534,0.036057351579663076,0.4580050828310394,0.6260169976384057,-0.22785177487574323,0.4688410089089347,0.26314194876222197,0.026851219261451224,0.447264595126459,0.6137421545474566,-0.22017999794390003,0.4771918665739794,0,1,1,1,0,1,0,0,0,0,0,0,0,36,40,44,-32,-40,35,33,37,36,32,37,124,122,123,122,122,123,-999,-999,-999
0.36816859245300293,0.2616075933758534,0.036057351579663076,0.4580050828310394,0.6260169976384057,-0.22785177487574323,0.4688410089089347,0.26314194876222197,0.026851219261451224,0.447264595126459,0.6137421545474566,-0.22017999794390003,0.4771918665739794,0,1,1,1,0,0,0,0,0,0,0,0,0,36,40,44,-32,-40,35,33,37,36,32,36,124,122,123,122,122,123,-999,-999,-999
0.3842790126800537,0.2616075933758534,0.036057351579663076,0.4580050828310394,0.6260169976384057,-0.22785177487574323,0.4688410089089347,0.26314194876222197,0.026851219261451224,0.447264595126459,0.6137421545474566,-0.22017999794390003,0.4771918665739794,0,1,1,1,0,1,0,0,0,0,0,0,0,36,40,44,-32,-40,35,33,37,36,32,37,124,122,123,122,122,123,-999,-999,-999
0.4002041816711426,0.2616075933758534,0.036057351579663076,0.4580050828310394,0.6260169976384057,-0.22785177487574323,0.4688410089089347,0.26314194876222197,0.026851219261451224,0.447264595126459,0.6137421545474566,-0.22017999794390003,0.4771918665739794,0,1,1,1,1,0,0,0,0,0,0,0,0,36,40,44,-32,-40,35,33,37,36,32,37,124,122,123,122,122,122,-999,-999,-999
0.4163186550140381,0.2616075933758534,0.036057351579663076,0.4580050828310394,0.6260169976384057,-0.22785177487574323,0.4688410089089347,0.26314194876222197,0.026851219261451224,0.447264595126459,0.6137421545474566,-0.22017999794390003,0.4771918665739794,0,1,1,1,0,1,0,0,0,0,0,0,0,36,40,44,-32,-40,35,33,37,36,32,37,124,122,123,122,122,123,-999,-999,-999
0.4321765899658203,0.2616075933758534,0.036057351579663076,0.4580050828310394,0.6260169976384057,-0.22785177487574323,0.4688410089089347,0.26314194876222197,0.026851219261451224,0.447264595126459,0.6137421545474566,-0.22017999794390003,0.4771918665739794,0,1,1,1,1,1,0,0,0,0,0,0,0,36,40,44,-32,-40,35,33,37,36,32,37,124,122,123,122,122,114,-999,-999,-999
0.448317289352417,0.2616075933758534,0.036057351579663076,0.4580050828310394,0.6260169976384057,-0.22785177487574323,0.4688410089089347,0.26314194876222197,0.026851219261451224,0.447264595126459,0.6137421545474566,-0.22017999794390003,0.4771918665739794,0,1,1,1,1,1,0,0,0,0,0,0,0,36,40,44,-32,-40,35,33,37,36,32,37,124,122,123,122,122,123,-999,-999,-999
0.4651908874511719,0.2616075933758534,0.036057351579663076,0.4580050828310394,0.6260169976384057,-0.22785177487574323,0.4688410089089347,0.26314194876222197,0.026851219261451224,0.447264595126459,0.6137421545474566,-0.22017999794390003,0.4771918665739794,0,1,1,0,1,1,0,0,0,0,0,0,0,36,40,44,-32,-40,35,33,37,36,32,36,124,122,123,122,122,123,-999,-999,-999
0.4812142848968506,0.2616075933758534,0.036057351579663076,0.4580050828310394,0.6260169976384057,-0.22785177487574323,0.4688410089089347,0.26314194876222197,0.026851219261451224,0.447264595126459,0.6137421545474566,-0.22017999794390003,0.4771918665739794,0,1,1,1,0,1,0,0,0,0,0,0,0,36,40,44,-32,-40,35,33,37,36,32,37,124,122,123,122,122,123,-999,-999,-999
0.4967317581176758,0.2616075933758534,0.036057351579663076,0.4580050828310394,0.6260169976384057,-0.22785177487574323,0.4688410089089347,0.26314194876222197,0.026851219261451224,0.447264595126459,0.6137421545474566,-0.22017999794390003,0.4771918665739794,0,1,1,1,1,1,0,0,0,0,0,0,0,36,40,44,-32,-40,35,33,37,36,32,37,124,122,123,122,122,123,-999,-999,-999
0.5133202075958252,0.2616075933758534,0.036057351579663076,0.4580050828310394,0.6260169976384057,-0.22785177487574323,0.4688410089089347,0.26314194876222197,0.026851219261451224,0.447264595126459,0.6137421545474566,-0.22017999794390003,0.4771918665739794,0,1,1,1,1,1,0,0,0,0,0,0,0,36,40,44,-32,-40,35,33,37,36,32,38,124,122,123,122,122,123,-999,-999,-999
0.5291955471038818,0.2616075933758534,0.036057351579663076,0.4580050828310394,0.6260169976384057,-0.22785177487574323,0.4688410089089347,0.26314194876222197,0.026851219261451224,0.447264595126459,0.6137421545474566,-0.22017999794390003,0.4771918665739794,0,1,0,1,0,1,0,0,0,0,0,0,0,36,40,44,-32,-40,35,33,37,36,32,37,124,122,123,122,122,122,-999,-999,-999
0.5453150272369385,0.2616075933758534,0.036057351579663076,0.4580050828310394,0.6260169976384057,-0.22785177487574323,0.4688410089089347,0.26314194876222197,0.026851219261451224,0.447264595126459,0.6137421545474566,-0.22017999794390003,0.4771918665739794,0,1,1,1,1,1,0,0,0,0,0,0,0,36,40,44,-32,-40,35,33,37,36,32,36,124,122,123,122,122,123,-999,-999,-999
0.5613396167755127,0.2616075933758534,0.036057351579663076,0.4580050828310394,0.6260169976384057,-0.22785177487574323,0.4688410089089347,0.26314194876222197,0.026851219261451224,0.447264595126459,0.6137421545474566,-0.22017999794390003,0.4771918665739794,0,1,0,1,1,1,0,0,0,0,0,0,0,36,40,44,-32,-40,35,33,37,36,32,37,124,122,123,122,122,123,-999,-999,-999
0.5773406028747559,0.2616075933758534,0.036057351579663076,0.4580050828310394,0.6260169976384057,-0.22785177487574323,0.4688410089089347,0.26314194876222197,0.026851219261451224,0.447264595126459,0.6137421545474566,-0.22017999794390003,0.4771918665739794,0,1,1,1,1,1,0,0,0,0,0,0,0,36,40,44,-32,-40,35,33,37,36,32,37,124,122,123,122,122,123,-999,-999,-999
0.5932455062866211,0.2616075933758534,0.036057351579663076,0.4580050828310394,0.6260169976384057,-0.22785177487574323,0.4688410089089347,0.26314194876222197,0.026851219261451224,0.447264595126459,0.6137421545474566,-0.22017999794390003,0.4771918665739794,0,1,1,1,0,1,0,0,0,0,0,0,0,36,40,44,-32,-40,35,33,37,36,32,37,124,122,123,122,122,123,-999,-999,-999
0.6092090606689453,0.2616075933758534,0.036057351579663076,0.4580050828310394,0.6260169976384057,-0.22785177487574323,0.4688410089089347,0.26314194876222197,0.026851219261451224,0.447264595126459,0.6137421545474566,-0.22017999794390003,0.4771918665739794,0,0,1,1,0,1,0,0,0,0,0,0,0,36,40,44,-32,-40,35,33,37,36,32,37,124,122,123,122,122,123,-999,-999,-999
0.625220775604248,0.2616075933758534,0.036057351579663076,0.4580050828310394,0.6260169976384057,-0.22785177487574323,0.4688410089089347,0.26314194876222197,0.026851219261451224,0.447264595126459,0.6137421545474566,-0.22017999794390003,0.4771918665739794,0,1,1,1,1,1,0,0,0,0,0,0,0,36,40,44,-32,-40,35,33,37,36,32,37,124,122,123,122,122,123,-999,-999,-999
0.6411828994750977,0.2616075933758534,0.036057351579663076,0.4580050828310394,0.6260169976384057,-0.22785177487574323,0.4688410089089347,0.26314194876222197,0.026851219261451224,0.4487989505128276,0.6137421545474566,-0.22017999794390003,0.4771918665739794,0,1,1,1,1,1,0,0,0,0,0,0,0,36,40,44,-32,-40,35,32,37,36,32,36,124,122,123,122,122,123,-999,-999,-999
0.6562016010284424,0.2616075933758534,0.036057351579663076,0.4580050828310394,0.6260169976384057,-0.22785177487574323,0.4688410089089347,0.26314194876222197,0.026851219261451224,0.4487989505128276,0.6137421545474566,-0.22017999794390003,0.4771918665739794,0,1,1,1,1,0,0,0,0,0,0,0,0,36,36,44,-32,-40,35,33,37,36,32,37,124,122,123,122,122,123,-999,-999,-999
0.6723546981811523,0.2616075933758534,0.036057351579663076,0.4580050828310394,0.6260169976384057,-0.22785177487574323,0.4688410089089347,0.26314194876222197,0.026851219261451224,0.4487989505128276,0.6137421545474566,-0.22017999794390003,0.4771918665739794,0,1,1,1,1,1,0,0,0,0,0,0,0,36,32,44,-32,-40,35,33,37,35,32,36,124,122,123,122,122,123,-999,-999,-999
0.6892001628875732,0.2616075933758534,0.036057351579663076,0.4580050828310394,0.6260169976384057,-0.22785177487574323,0.4688410089089347,0.26314194876222197,0.026851219261451224,0.4487989505128276,0.6137421545474566,-0.22017999794390003,0.4771918665739794,0,1,1,0,0,1,0,0,0,0,0,0,0,36,36,44,-32,-40,35,33,37,36,32,37,124,122,123,122,122,123,-999,-999,-999
0.7053554058074951,0.2616075933758534,0.036057351579663076,0.4580050828310394,0.6260169976384057,-0.22785177487574323,0.4688410089089347,0.26314194876222197,0.026851219261451224,0.4487989505128276,0.6137421545474566,-0.22017999794390003,0.4771918665739794,0,2,1,0,1,1,0,0,0,0,0,0,0,36,36,44,-32,-40,35,33,37,36,32,37,124,122,123,122,122,123,-999,-999,-999
0.7203707695007324,0.2616075933758534,0.036057351579663076,0.4580050828310394,0.6260169976384057,-0.22785177487574323,0.4688410089089347,0.26314194876222197,0.026851219261451224,0.4487989505128276,0.6137421545474566,-0.22017999794390003,0.4771918665739794,0,1,1,1,0,1,0,0,0,0,0,0,0,36,36,44,-32,-40,35,33,37,36,32,36,124,122,123,122,122,123,-999,-999,-999
0.7392408847808838,0.2616075933758534,0.036057351579663076,0.4580050828310394,0.6260169976384057,-0.22785177487574323,0.4688410089089347,0.26314194876222197,0.026851219261451224,0.4487989505128276,0.6137421545474566,-0.22017999794390003,0.4771918665739794,0,1,1,1,1,1,0,0,0,0,0,0,0,36,36,44,-32,-40,35,33,37,36,32,37,124,122,123,122,122,123,-999,-999,-999
0.7543661594390869,0.2616075933758534,0.036057351579663076,0.4580050828310394,0.6260169976384057,-0.22785177487574323,0.4688410089089347,0.26314194876222197,0.026851219261451224,0.4487989505128276,0.6137421545474566,-0.22017999794390003,0.4771918665739794,0,1,1,0,1,1,0,0,0,0,0,0,0,36,36,44,-32,-40,35,33,37,36,32,36,124,122,123,122,122,123,-999,-999,-999
0.7703671455383301,0.2616075933758534,0.036057351579663076,0.4580050828310394,0.6260169976384057,-0.22785177487574323,0.4688410089089347,0.26314194876222197,0.026851219261451224,0.4487989505128276,0.6137421545474566,-0.22017999794390003,0.4771918665739794,0,1,0,1,0,0,0,0,0,0,0,0,0,36,36,44,-32,-40,35,33,37,36,32,37,124,122,123,122,122,122,-999,-999,-999
0.7862217426300049,0.2616075933758534,0.036057351579663076,0.4580050828310394,0.6260169976384057,-0.22785177487574323,0.4688410089089347,0.26314194876222197,0.026851219261451224,0.4487989505128276,0.6137421545474566,-0.22017999794390003,0.4771918665739794,0,1,1,1,0,1,0,0,0,0,0,0,0,36,36,44,-32,-40,35,33,37,36,32,36,124,122,123,122,122,123,-999,-999,-999
0.8022301197052002,0.2616075933758534,0.036057351579663076,0.4580050828310394,0.6260169976384057,-0.22785177487574323,0.4688410089089347,0.26314194876222197,0.026851219261451224,0.4487989505128276,0.6137421545474566,-0.22017999794390003,0.4771918665739794,0,1,1,1,1,1,0,0,0,0,0,0,0,36,36,44,-32,-40,35,33,37,36,32,36,124,122,123,122,122,123,-999,-999,-999
0.81839919090271,0.2616075933758534,0.036057351579663076,0.4580050828310394,0.6260169976384057,-0.22785177487574323,0.4688410089089347,0.26314194876222197,0.026851219261451224,0.4487989505128276,0.6137421545474566,-0.22017999794390003,0.4771918665739794,0,1,1,1,0,1,0,0,0,0,0,0,0,36,36,44,-32,-40,35,33,37,36,32,36,124,122,123,122,122,123,-999,-999,-999
0.8342576026916504,0.2616075933758534,0.036057351579663076,0.4580050828310394,0.6260169976384057,-0.22785177487574323,0.4688410089089347,0.26314194876222197,0.026851219261451224,0.4487989505128276,0.6137421545474566,-0.22017999794390003,0.4771918665739794,0,1,1,1,1,1,0,0,0,0,0,0,0,36,36,44,-32,-40,35,33,37,36,32,36,124,122,123,122,122,123,-999,-999,-999
0.850285530090332,0.2616075933758534,0.036057351579663076,0.4580050828310394,0.6260169976384057,-0.22785177487574323,0.4688410089089347,0.26314194876222197,0.026851219261451224,0.45033330589919623,0.6137421545474566,-0.22017999794390003,0.4771918665739794,0,1,1,0,1,1,0,0,0,0,0,0,0,36,36,44,-32,-40,35,33,37,36,32,37,124,122,123,122,122,123,-999,-999,-999
0.8664088249206543,0.2616075933758534,0.036057351579663076,0.4580050828310394,0.6260169976384057,-0.22785177487574323,0.4688410089089347,0.26314194876222197,0.026851219261451224,0.45033330589919623,0.6137421545474566,-0.22017999794390003,0.4771918665739794,0,2,1,0,1,1,0,0,0,0,0,0,0,36,28,44,-32,-40,35,33,37,36,32,37,124,122,123,122,122,123,-999,-999,-999
0.8822777271270752,0.2616075933758534,0.036057351579663076,0.4580050828310394,0.6260169976384057,-0.22785177487574323,0.4688410089089347,0.26314194876222197,0.026851219261451224,0.45033330589919623,0.6137421545474566,-0.22017999794390003,0.4771918665739794,0,1,0,1,0,1,0,0,0,0,0,0,0,36,28,44,-32,-40,35,33,37,36,32,37,124,122,123,122,122,123,-999,-999,-999
0.8982629776000977,0.2616075933758534,0.036057351579663076,0.4580050828310394,0.6260169976384057,-0.22785177487574323,0.4688410089089347,0.26314194876222197,0.026851219261451224,0.45033330589919623,0.6137421545474566,-0.22017999794390003,0.4771918665739794,0,1,1,1,1,1,0,0,0,0,0,0,0,36,32,44,-32,-40,35,33,37,36,32,36,124,122,123,122,122,123,-999,-999,-999
0.9142706394195557,0.2616075933758534,0.036057351579663076,0.4580050828310394,0.6260169976384057,-0.22785177487574323,0.4688410089089347,0.26314194876222197,0.026851219261451224,0.45033330589919623,0.6137421545474566,-0.22017999794390003,0.4771918665739794,0,1,0,1,1,1,0,0,0,0,0,0,0,36,32,44,-32,-40,35,33,37,36,32,37,124,122,123,122,122,123,-999,-999,-999
0.9304149150848389,0.2616075933758534,0.036057351579663076,0.4580050828310394,0.6260169976384057,-0.22785177487574323,0.4688410089089347,0.26314194876222197,0.026851219261451224,0.45033330589919623,0.6137421545474566,-0.22017999794390003,0.4771918665739794,0,0,0,1,0,1,0,0,0,0,0,0,0,36,32,44,-32,-40,35,33,37,36,32,37,124,122,123,122,122,123,-999,-999,-999
0.9472537040710449,0.2616075933758534,0.036057351579663076,0.4580050828310394,0.6260169976384057,-0.22785177487574323,0.4688410089089347,0.26314194876222197,0.026851219261451224,0.45033330589919623,0.6137421545474566,-0.22017999794390003,0.4771918665739794,0,1,0,1,1,1,0,0,0,0,0,0,0,36,32,44,-32,-40,35,32,37,36,32,37,124,122,123,122,122,123,-999,-999,-999
0.9622678756713867,0.2616075933758534,0.036057351579663076,0.4580050828310394,0.6260169976384057,-0.22785177487574323,0.4688410089089347,0.26314194876222197,0.026851219261451224,0.45033330589919623,0.6137421545474566,-0.22017999794390003,0.4771918665739794,0,1,1,1,1,1,0,0,0,0,0,0,0,36,32,44,-32,-40,35,33,37,36,32,37,124,122,123,122,122,123,-999,-999,-999
0.9794189929962158,0.2616075933758534,0.036057351579663076,0.4580050828310394,0.6260169976384057,-0.22785177487574323,0.4688410089089347,0.26314194876222197,0.026851219261451224,0.4518676612855649,0.6137421545474566,-0.22017999794390003,0.4771918665739794,0,1,0,1,0,1,0,0,0,0,0,0,0,36,32,44,-32,-40,35,33,37,36,32,36,124,122,123,122,122,123,-999,-999,-999
0.9958534240722656,0.2616075933758534,0.036057351579663076,0.4580050828310394,0.6260169976384057,-0.22785177487574323,0.4688410089089347,0.26314194876222197,0.026851219261451224,0.4518676612855649,0.6137421545474566,-0.22017999794390003,0.4771918665739794,0,1,1,1,1,1,0,0,0,0,0,0,0,36,24,44,-32,-40,35,33,37,36,32,37,124,122,123,122,122,123,-999,-999,-999
1.0112648010253906,0.2616075933758534,0.036057351579663076,0.4580050828310394,0.6260169976384057,-0.22785177487574323,0.4688410089089347,0.26314194876222197,0.026851219261451224,0.4518676612855649,0.6137421545474566,-0.22017999794390003,0.4771918665739794,0,1,1,1,1,1,0,0,0,0,0,0,0,36,28,44,-32,-40,35,33,37,36,32,37,124,122,123,122,122,123,-999,-999,-999
1.0282838344573975,0.2616075933758534,0.036057351579663076,0.4580050828310394,0.6260169976384057,-0.22785177487574323,0.4688410089089347,0.26314194876222197,0.026851219261451224,0.4534020166719335,0.6137421545474566,-0.22017999794390003,0.4771918665739794,0,2,0,1,1,0,0,0,0,0,0,0,0,36,28,44,-32,-40,35,33,37,36,32,36,124,122,123,122,122,123,-999,-999,-999
1.0442960262298584,0.2616075933758534,0.036057351579663076,0.4580050828310394,0.6260169976384057,-0.22785177487574323,0.4688410089089347,0.26314194876222197,0.026851219261451224,0.4534020166719335,0.6137421545474566,-0.22017999794390003,0.4771918665739794,0,1,0,1,1,1,0,0,0,0,0,0,0,36,24,44,-32,-40,35,33,37,36,32,37,124,122,123,122,122,123,-999,-999,-999
1.059861660003662,0.2616075933758534,0.036057351579663076,0.4580050828310394,0.6260169976384057,-0.22785177487574323,0.4688410089089347,0.26314194876222197,0.028385574647819864,0.4534020166719335,0.6137421545474566,-0.22017999794390003,0.4748059072411095,0,1,0,1,1,1,0,0,0,0,0,0,0,36,20,44,-32,-32,35,33,37,36,32,37,124,122,123,122,122,123,-999,-999,-999
1.0758798122406006,0.2616075933758534,0.036057351579663076,0.4580050828310394,0.6260169976384057,-0.22785177487574323,0.4688410089089347,0.26314194876222197,0.029919930034188504,0.4534020166719335,0.6137421545474566,-0.22017999794390003,0.4748059072411095,0,1,0,1,0,1,0,0,0,0,0,0,0,32,24,44,-32,-28,35,33,37,36,32,37,124,122,123,122,122,123,-999,-999,-999
1.091411828994751,0.2616075933758534,0.036057351579663076,0.4580050828310394,0.6260169976384057,-0.22785177487574323,0.4688410089089347,0.26314194876222197,0.029919930034188504,0.4534020166719335,0.6137421545474566,-0.22017999794390003,0.4748059072411095,0,0,0,1,0,0,0,0,0,0,0,0,0,24,24,44,-32,-28,35,33,37,36,32,37,124,122,123,122,122,123,-999,-999,-999
1.1092660427093506,0.2616075933758534,0.036057351579663076,0.4580050828310394,0.6260169976384057,-0.22785177487574323,0.4688410089089347,0.2646763041485906,0.029919930034188504,0.4534020166719335,0.6137421545474566,-0.22017999794390003,0.4748059072411095,0,1,1,1,1,1,0,0,0,0,0,0,0,24,24,44,-32,-32,35,33,37,36,32,37,124,122,123,122,122,123,-999,-999,-999
1.1242711544036865,0.2616075933758534,0.036057351579663076,0.4580050828310394,0.6260169976384057,-0.22785177487574323,0.4688410089089347,0.2646763041485906,0.029919930034188504,0.4534020166719335,0.6137421545474566,-0.22017999794390003,0.4748059072411095,1,1,0,0,0,1,0,0,0,0,0,0,-24,28,24,44,-32,-32,35,33,37,36,32,36,124,122,123,122,122,122,-999,-999,-999
1.1408579349517822,0.2616075933758534,0.036057351579663076,0.4580050828310394,0.6260169976384057,-0.22785177487574323,0.4688410089089347,0.2662106595349593,0.029919930034188504,0.4534020166719335,0.6137421545474566,-0.22017999794390003,0.4736129275746746,0,1,0,1,0,1,0,0,0,0,0,0,-20,28,24,44,-32,-28,35,33,37,36,32,37,124,122,123,122,122,123,-999,-999,-999
1.1564269065856934,0.2616075933758534,0.036057351579663076,0.4580050828310394,0.6260169976384057,-0.22785177487574323,0.4688410089089347,0.2662106595349593,0.029919930034188504,0.4534020166719335,0.6152765099338252,-0.22017999794390003,0.4736129275746746,1,0,0,1,1,0,0,0,0,0,0,0,-24,28,24,44,-32,-24,35,33,37,36,32,37,124,122,123,122,122,123,-999,-999,-999
1.1732661724090576,0.2616075933758534,0.036057351579663076,0.4580050828310394,0.6260169976384057,-0.22785177487574323,0.4688410089089347,0.2662106595349593,0.029919930034188504,0.4534020166719335,0.6152765099338252,-0.22017999794390003,0.4736129275746746,0,1,0,0,0,0,0,0,0,0,0,0,-28,28,24,36,-32,-24,34,33,37,36,32,36,124,122,123,122,122,122,-999,-999,-999
1.1892766952514648,0.2616075933758534,0.036057351579663076,0.4580050828310394,0.6260169976384057,-0.22785177487574323,0.4688410089089347,0.2662106595349593,0.029919930034188504,0.4534020166719335,0.6152765099338252,-0.22017999794390003,0.47241994790823955,0,0,1,1,1,0,0,0,0,0,0,0,-24,28,24,36,-32,-24,35,33,37,36,32,36,124,122,123,122,122,123,-999,-999,-999
1.204298973083496,0.2616075933758534,0.036057351579663076,0.4580050828310394,0.6260169976384057,-0.22785177487574323,0.4688410089089347,0.2662106595349593,0.029919930034188504,0.4534020166719335,0.6168108653201939,-0.22017999794390003,0.47241994790823955,0,1,0,0,0,0,0,0,0,0,0,0,-24,28,24,40,-32,-20,35,33,37,36,32,37,124,122,123,122,122,123,-999,-999,-999
1.2203004360198975,0.2616075933758534,0.036057351579663076,0.4580050828310394,0.6260169976384057,-0.22785177487574323,0.4688410089089347,0.2646763041485906,0.029919930034188504,0.4534020166719335,0.6183452207065625,-0.22017999794390003,0.47241994790823955,0,1,1,1,0,0,0,0,0,0,0,0,-20,28,24,32,-32,-24,35,33,37,36,32,37,124,122,123,122,122,123,-999,-999,-999
1.2359256744384766,0.2616075933758534,0.036057351579663076,0.4580050828310394,0.6260169976384057,-0.22785177487574323,0.4688410089089347,0.2646763041485906,0.029919930034188504,0.4534020166719335,0.6183452207065625,-0.22017999794390003,0.47241994790823955,0,1,0,0,1,1,0,0,0,0,0,0,0,28,24,28,-32,-24,35,33,37,36,32,37,123,122,123,122,122,123,-999,-999,-999
1.2518484592437744,0.2616075933758534,0.036057351579663076,0.4580050828310394,0.6260169976384057,-0.22785177487574323,0.4688410089089347,0.2646763041485906,0.029919930034188504,0.4534020166719335,0.6198795760929311,-0.22017999794390003,0.47241994790823955,1,1,1,0,1,0,0,0,0,0,0,0,0,28,24,32,-32,-24,35,33,37,36,32,36,124,122,123,122,122,123,-999,-999,-999
1.2683846950531006,0.2616075933758534,0.036057351579663076,0.4580050828310394,0.6260169976384057,-0.22785177487574323,0.4688410089089347,0.2646763041485906,0.029919930034188504,0.4534020166719335,0.6198795760929311,-0.22017999794390003,0.47241994790823955,0,2,0,0,0,1,0,0,0,0,0,0,-20,28,24,28,-32,-24,35,33,37,36,32,37,124,122,123,122,122,123,-999,-999,-999
1.2843968868255615,0.2616075933758534,0.036057351579663076,0.4580050828310394,0.6260169976384057,-0.22785177487574323,0.4688410089089347,0.2646763041485906,0.029919930034188504,0.4534020166719335,0.6198795760929311,-0.22017999794390003,0.47241994790823955,0,1,0,1,1,1,0,0,0,0,0,0,-20,28,24,24,-32,-24,35,33,37,36,32,36,124,122,123,122,122,123,-999,-999,-999
1.3013050556182861,0.2616075933758534,0.036057351579663076,0.4580050828310394,0.6260169976384057,-0.22785177487574323,0.4688410089089347,0.2646763041485906,0.029919930034188504,0.4534020166719335,0.6198795760929311,-0.21864564255753138,0.47241994790823955,1,0,1,0,1,1,0,0,0,0,0,0,-20,28,24,28,-32,-24,35,33,37,36,32,36,124,122,123,122,122,123,-999,-999,-999
1.3172943592071533,0.2616075933758534,0.036057351579663076,0.4580050828310394,0.6260169976384057,-0.22785177487574323,0.4688410089089347,0.2646763041485906,0.029919930034188504,0.4534020166719335,0.6198795760929311,-0.21864564255753138,0.47241994790823955,0,1,0,0,0,0,0,0,0,0,0,0,-20,28,24,28,-40,-24,35,33,37,36,32,37,124,122,123,122,122,123,-999,-999,-999
1.3332929611206055,0.2616075933758534,0.036057351579663076,0.4580050828310394,0.6260169976384057,-0.22785177487574323,0.4688410089089347,0.2646763041485906,0.029919930034188504,0.4534020166719335,0.6198795760929311,-0.21864564255753138,0.47241994790823955,0,1,1,1,0,1,0,0,0,0,0,0,-20,28,24,28,-36,-24,35,33,37,36,32,37,124,122,123,122,122,115,-999,-999,-999
1.3494236469268799,0.2616075933758534,0.036057351579663076,0.4580050828310394,0.6260169976384057,-0.22785177487574323,0.4688410089089347,0.2646763041485906,0.029919930034188504,0.4534020166719335,0.6198795760929311,-0.21864564255753138,0.4712269682418046,0,1,1,0,0,0,0,0,0,0,0,0,-20,28,24,28,-36,-20,35,33,37,36,32,36,124,122,123,122,122,123,-999,-999,-999
1.3654053211212158,0.2616075933758534,0.036057351579663076,0.4580050828310394,0.6260169976384057,-0.22785177487574323,0.4688410089089347,0.2646763041485906,0.029919930034188504,0.4534020166719335,0.6198795760929311,-0.21864564255753138,0.4712269682418046,0,0,1,0,1,0,0,0,0,0,0,0,-20,28,24,28,-36,0,35,33,37,36,32,36,124,122,123,122,122,123,-999,-999,-999
1.3813185691833496,0.2616075933758534,0.036057351579663076,0.4580050828310394,0.6260169976384057,-0.22785177487574323,0.4688410089089347,0.2646763041485906,0.029919930034188504,0.4534020166719335,0.6198795760929311,-0.21864564255753138,0.4712269682418046,0,1,1,1,1,1,0,0,0,0,0,0,-20,28,24,28,-36,-20,35,33,37,36,32,36,124,122,123,122,122,123,-999,-999,-999
1.3974084854125977,0.2616075933758534,0.036057351579663076,0.4580050828310394,0.6260169976384057,-0.22785177487574323,0.4688410089089347,0.2646763041485906,0.029919930034188504,0.4534020166719335,0.6198795760929311,-0.21864564255753138,0.4712269682418046,0,1,0,0,1,0,0,0,0,0,0,0,-20,28,24,28,-36,-20,35,33,37,36,32,36,124,122,123,122,122,123,-999,-999,-999
1.4134163856506348,0.2616075933758534,0.036057351579663076,0.4580050828310394,0.6260169976384057,-0.22785177487574323,0.4688410089089347,0.2646763041485906,0.029919930034188504,0.4534020166719335,0.6198795760929311,-0.21864564255753138,0.4712269682418046,0,1,0,1,0,1,0,0,0,0,0,0,-20,28,24,28,-36,-20,35,33,37,36,32,36,124,122,123,122,122,123,-999,-999,-999
1.429412603378296,0.2616075933758534,0.036057351579663076,0.4580050828310394,0.6260169976384057,-0.22785177487574323,0.4688410089089347,0.2646763041485906,0.029919930034188504,0.4534020166719335,0.6198795760929311,-0.21864564255753138,0.4712269682418046,0,1,0,0,1,1,0,0,0,0,0,0,-20,28,24,28,-36,-20,35,32,37,36,32,37,124,122,123,122,122,123,-999,-999,-999
1.445300579071045,0.2616075933758534,0.036057351579663076,0.4580050828310394,0.6260169976384057,-0.22785177487574323,0.4688410089089347,0.2646763041485906,0.029919930034188504,0.4534020166719335,0.6198795760929311,-0.21864564255753138,0.4676480292424998,0,0,1,0,1,0,0,0,0,0,0,0,-20,28,24,28,-36,0,35,33,37,36,32,37,124,122,123,122,122,123,-999,-999,-999
1.4614520072937012,0.2616075933758534,0.036057351579663076,0.4580050828310394,0.6260169976384057,-0.22785177487574323,0.4688410089089347,0.2646763041485906,0.029919930034188504,0.4534020166719335,0.6198795760929311,-0.21864564255753138,0.46168313091032503,0,1,0,0,0,1,0,0,0,0,0,0,-20,28,24,28,-36,24,35,33,37,36,32,37,124,122,123,122,122,123,-999,-999,-999
1.477349042892456,0.2616075933758534,0.036057351579663076,0.4580050828310394,0.6260169976384057,-0.22785177487574323,0.4688410089089347,0.2646763041485906,0.03145428542055715,0.4534020166719335,0.6198795760929311,-0.21864564255753138,0.45452525291171536,0,1,0,0,1,1,0,0,0,0,0,0,-20,28,24,28,-36,56,35,33,37,36,32,36,124,122,123,122,122,122,-999,-999,-999
1.493391513824463,0.2616075933758534,0.036057351579663076,0.4580050828310394,0.6260169976384057,-0.22785177487574323,0.4676480292424998,0.2646763041485906,0.03145428542055715,0.4534020166719335,0.6198795760929311,-0.21864564255753138,0.4449814155802358,0,0,0,0,1,3,0,0,0,0,0,0,-20,20,24,28,-36,80,35,33,37,36,32,37,124,122,123,122,122,123,-999,-999,-999
1.5093286037445068,0.2616075933758534,0.036057351579663076,0.4580050828310394,0.6260169976384057,-0.22785177487574323,0.4640690902431949,0.2646763041485906,0.03145428542055715,0.4534020166719335,0.6198795760929311,-0.21864564255753138,0.43424459858232123,0,1,0,0,1,3,0,0,0,0,0,-50,-20,20,24,28,-36,116,35,33,37,36,32,37,124,122,123,122,122,123,-999,-999,-999
1.5259020328521729,0.2616075933758534,0.036057351579663076,0.4580050828310394,0.6260169976384057,-0.22785177487574323,0.4592971715774551,0.2646763041485906,0.03145428542055715,0.4518676612855649,0.6198795760929311,-0.21864564255753138,0.4223148019179717,0,0,1,0,0,3,0,0,0,0,0,-150,-20,24,28,28,-36,132,35,33,37,36,32,37,124,122,123,122,122,123,-999,-999,-999
1.5413305759429932,0.2616075933758534,0.036057351579663076,0.4580050828310394,0.6260169976384057,-0.22785177487574323,0.45333227324528036,0.2646763041485906,0.03145428542055715,0.45033330589919623,0.6198795760929311,-0.21864564255753138,0.40919202558718726,0,1,1,0,1,3,0,0,0,0,0,-250,-20,24,40,28,-36,132,35,33,37,36,32,37,124,122,123,122,122,123,-999,-999,-999
1.5573463439941406,0.2616075933758534,0.036057351579663076,0.4580050828310394,0.6260169976384057,-0.22785177487574323,0.4449814155802358,0.2646763041485906,0.029919930034188504,0.45033330589919623,0.6198795760929311,-0.21864564255753138,0.3960692492564029,0,1,1,0,1,3,0,0,0,0,0,-250,-20,28,40,28,-36,156,35,33,37,36,32,37,124,122,123,122,122,123,-999,-999,-999
1.5734729766845703,0.2616075933758534,0.036057351579663076,0.4580050828310394,0.6260169976384057,-0.22785177487574323,0.43663055791519106,0.2646763041485906,0.028385574647819864,0.45033330589919623,0.6198795760929311,-0.21864564255753138,0.3841394525920534,0,1,0,0,1,3,0,0,0,0,0,-400,-20,40,32,28,-36,168,35,33,37,36,32,37,124,122,123,122,122,122,-999,-999,-999
1.5899460315704346,0.2616075933758534,0.036057351579663076,0.4580050828310394,0.6260169976384057,-0.22785177487574323,0.4258937409172766,0.2646763041485906,0.028385574647819864,0.45033330589919623,0.6198795760929311,-0.21864564255753138,0.3757885949270088,0,1,1,0,0,2,0,0,0,0,0,-400,-20,40,32,28,-36,172,35,33,37,36,32,37,124,122,123,122,122,122,-999,-999,-999
1.6063363552093506,0.2616075933758534,0.036057351579663076,0.4580050828310394,0.6260169976384057,-0.22785177487574323,0.41634990358579704,0.2646763041485906,0.028385574647819864,0.45033330589919623,0.6198795760929311,-0.21864564255753138,0.369823696594834,0,1,1,0,0,2,0,0,0,0,0,-500,-20,32,32,28,-36,176,35,33,37,36,32,37,124,122,123,122,122,122,-999,-999,-999
1.6224884986877441,0.2616075933758534,0.036057351579663076,0.4580050828310394,0.6260169976384057,-0.22785177487574323,0.40680606625431737,0.2646763041485906,0.028385574647819864,0.45033330589919623,0.6198795760929311,-0.21864564255753138,0.36385879826265927,0,0,1,1,1,2,0,0,0,0,0,-500,-20,32,32,28,-36,156,35,33,37,36,32,37,124,122,123,122,122,122,-999,-999,-999
1.6383624076843262,0.2616075933758534,0.036057351579663076,0.4580050828310394,0.6260169976384057,-0.22785177487574323,0.39726222892283786,0.2646763041485906,0.028385574647819864,0.45033330589919623,0.6198795760929311,-0.21864564255753138,0.3626658185962243,0,1,1,0,0,1,0,0,0,0,0,-500,-20,32,32,28,-36,128,35,33,37,36,32,36,124,122,123,122,122,122,-999,-999,-999
1.6544909477233887,0.2616075933758534,0.036057351579663076,0.4580050828310394,0.6260169976384057,-0.22785177487574323,0.38891137125779324,0.2646763041485906,0.028385574647819864,0.45033330589919623,0.6198795760929311,-0.21864564255753138,0.3614728389297894,0,1,0,0,1,0,0,0,0,0,0,-500,-20,32,32,28,-36,88,35,33,37,36,32,37,124,122,123,122,122,123,-999,-999,-999
1.6704986095428467,0.2616075933758534,0.036057351579663076,0.4580050828310394,0.6260169976384057,-0.22785177487574323,0.3841394525920534,0.2646763041485906,0.028385574647819864,0.45033330589919623,0.6198795760929311,-0.21864564255753138,0.3614728389297894,0,1,0,0,0,0,0,0,0,0,0,-450,-20,32,32,28,-36,72,35,33,37,36,32,36,124,122,123,122,122,123,-999,-999,-999
1.6865026950836182,0.2616075933758534,0.036057351579663076,0.4580050828310394,0.6260169976384057,-0.22785177487574323,0.3805605135927485,0.2646763041485906,0.028385574647819864,0.45033330589919623,0.6198795760929311,-0.21864564255753138,0.36027985926335443,1,1,1,1,1,1,0,0,0,0,0,-300,-20,32,32,28,-36,68,35,33,37,36,32,37,124,122,123,122,122,123,-999,-999,-999
1.7025117874145508,0.2616075933758534,0.036057351579663076,0.4580050828310394,0.6260169976384057,-0.22785177487574323,0.37698157459344367,0.2646763041485906,0.028385574647819864,0.45033330589919623,0.6198795760929311,-0.21864564255753138,0.35789389993048454,1,0,1,0,0,1,0,0,0,0,0,-200,-20,32,32,28,-36,60,35,33,37,36,32,37,124,122,123,122,122,122,-999,-999,-999
1.718360185623169,0.2616075933758534,0.036057351579663076,0.4580050828310394,0.6260169976384057,-0.22785177487574323,0.37340263559413883,0.2646763041485906,0.028385574647819864,0.45033330589919623,0.6198795760929311,-0.21864564255753138,0.35789389993048454,0,1,1,0,1,1,0,0,0,0,0,-200,-20,32,32,28,-36,64,35,33,37,36,32,37,124,122,123,122,122,123,-999,-999,-999
1.7343604564666748,0.2616075933758534,0.036057351579663076,0.4580050828310394,0.6260169976384057,-0.22785177487574323,0.371016676261269,0.2646763041485906,0.029919930034188504,0.45033330589919623,0.6198795760929311,-0.21864564255753138,0.35789389993048454,0,1,1,1,1,0,0,0,0,0,0,-200,-20,32,32,28,-36,48,35,33,37,36,32,37,124,122,123,122,122,123,-999,-999,-999
1.7505152225494385,0.2616075933758534,0.036057351579663076,0.4580050828310394,0.6260169976384057,-0.22785177487574323,0.36863071692839905,0.2646763041485906,0.029919930034188504,0.45033330589919623,0.6198795760929311,-0.21864564255753138,0.35789389993048454,0,0,0,1,0,0,0,0,0,0,0,-150,-20,28,32,28,-36,40,35,33,37,36,32,37,124,122,123,122,122,122,-999,-999,-999
1.766505241394043,0.2616075933758534,0.036057351579663076,0.4580050828310394,0.6260169976384057,-0.22785177487574323,0.3674377372619641,0.2646763041485906,0.029919930034188504,0.45033330589919623,0.6198795760929311,-0.21864564255753138,0.35789389993048454,0,1,1,0,0,0,0,0,0,0,0,-150,-20,24,32,28,-36,44,35,33,37,36,32,36,124,122,123,122,122,123,-999,-999,-999
1.7823710441589355,0.2616075933758534,0.036057351579663076,0.4580050828310394,0.6260169976384057,-0.22785177487574323,0.36624475759552916,0.2646763041485906,0.029919930034188504,0.4518676612855649,0.6198795760929311,-0.21864564255753138,0.35789389993048454,0,1,1,0,0,0,0,0,0,0,0,-50,-20,28,32,28,-36,36,35,33,37,36,32,37,124,122,123,122,122,123,-999,-999,-999
1.798529863357544,0.2616075933758534,0.036057351579663076,0.4580050828310394,0.6260169976384057,-0.22785177487574323,0.3650517779290942,0.2646763041485906,0.029919930034188504,0.4518676612855649,0.6198795760929311,-0.21864564255753138,0.35789389993048454,0,0,1,1,0,0,0,0,0,0,0,-50,-20,28,28,28,-36,28,35,33,37,36,32,36,124,122,123,122,122,123,-999,-999,-999
1.8139266967773438,0.2616075933758534,0.036057351579663076,0.4580050828310394,0.6260169976384057,-0.22785177487574323,0.36385879826265927,0.2646763041485906,0.03145428542055715,0.4534020166719335,0.6198795760929311,-0.21864564255753138,0.3567009202640496,0,1,1,0,1,1,0,0,0,0,0,-100,-20,28,24,28,-36,32,35,33,37,36,32,37,124,122,123,122,122,123,-999,-999,-999
1.8303368091583252,0.2616075933758534,0.036057351579663076,0.4580050828310394,0.6260169976384057,-0.22785177487574323,0.36385879826265927,0.2646763041485906,0.03145428542055715,0.4534020166719335,0.6198795760929311,-0.21864564255753138,0.3567009202640496,0,0,0,0,1,1,0,0,0,0,0,-100,-20,24,24,28,-36,36,35,33,37,36,32,37,124,122,123,122,122,123,-999,-999,-999
1.8469393253326416,0.2616075933758534,0.036057351579663076,0.4580050828310394,0.6260169976384057,-0.22785177487574323,0.36385879826265927,0.2646763041485906,0.03145428542055715,0.4534020166719335,0.6214139314792998,-0.21864564255753138,0.3567009202640496,0,1,0,1,1,1,0,0,0,0,0,0,-20,20,20,28,-36,36,35,33,37,36,32,36,124,122,123,122,122,123,-999,-999,-999
1.86138916015625,0.2616075933758534,0.036057351579663076,0.4580050828310394,0.6260169976384057,-0.22785177487574323,0.36385879826265927,0.2646763041485906,0.03145428542055715,0.4534020166719335,0.6214139314792998,-0.21864564255753138,0.3567009202640496,0,0,1,0,0,1,0,0,0,0,0,0,-20,24,24,24,-36,36,35,33,37,36,32,37,124,122,123,122,122,123,-999,-999,-999
1.8793830871582031,0.2616075933758534,0.036057351579663076,0.4580050828310394,0.6260169976384057,-0.22785177487574323,0.36385879826265927,0.2662106595349593,0.03145428542055715,0.4534020166719335,0.6214139314792998,-0.21864564255753138,0.3567009202640496,0,1,0,0,1,0,0,0,0,0,0,0,-20,24,24,20,-36,36,35,33,37,36,32,37,124,122,123,122,122,123,-999,-999,-999
1.8953795433044434,0.2616075933758534,0.036057351579663076,0.4580050828310394,0.6260169976384057,-0.22785177487574323,0.36385879826265927,0.2662106595349593,0.03145428542055715,0.4534020166719335,0.6229482868656684,-0.21864564255753138,0.35550794059761465,0,0,1,0,0,1,0,0,0,0,0,0,-28,24,24,24,-36,40,35,33,37,36,32,36,124,122,123,122,122,122,-999,-999,-999
1.9113807678222656,0.2616075933758534,0.036057351579663076,0.4580050828310394,0.6260169976384057,-0.22785177487574323,0.36385879826265927,0.2662106595349593,0.03145428542055715,0.4534020166719335,0.6275513530247743,-0.21864564255753138,0.35550794059761465,1,1,1,0,0,1,0,0,0,0,0,0,-24,24,24,0,-36,44,35,33,37,36,32,36,124,122,123,122,122,123,-999,-999,-999
1.9275157451629639,0.2616075933758534,0.036057351579663076,0.4580050828310394,0.6260169976384057,-0.22785177487574323,0.36385879826265927,0.2662106595349593,0.03145428542055715,0.4518676612855649,0.6306200637975116,-0.21864564255753138,0.35550794059761465,0,0,0,0,1,1,0,0,0,0,0,0,-24,24,28,-20,-36,40,35,33,37,36,32,36,124,122,123,122,122,122,-999,-999,-999
1.9439489841461182,0.2616075933758534,0.036057351579663076,0.4580050828310394,0.6260169976384057,-0.22785177487574323,0.3626658185962243,0.2662106595349593,0.03145428542055715,0.45033330589919623,0.6367574853429862,-0.21864564255753138,0.35550794059761465,1,0,1,1,1,1,0,0,0,0,0,0,-24,24,36,-28,-36,40,35,33,37,36,32,36,124,122,123,122,122,123,-999,-999,-999
1.9594056606292725,0.2616075933758534,0.036057351579663076,0.4580050828310394,0.6260169976384057,-0.22785177487574323,0.3626658185962243,0.2662106595349593,0.03145428542055715,0.4487989505128276,0.641360551502092,-0.21864564255753138,0.35550794059761465,0,0,1,1,1,0,0,0,0,0,0,-50,-24,24,44,-48,-36,36,35,33,37,36,32,37,123,122,123,122,122,123,-999,-999,-999
1.9755487442016602,0.2616075933758534,0.036057351579663076,0.4580050828310394,0.629085708411143,-0.22785177487574323,0.3614728389297894,0.2662106595349593,0.03145428542055715,0.447264595126459,0.6444292622748293,-0.21864564255753138,0.35550794059761465,0,0,1,1,1,0,0,0,0,0,0,-50,-24,24,48,-72,-36,28,35,33,37,36,32,37,124,122,123,122,122,123,-999,-999,-999
1.991382122039795,0.2616075933758534,0.036057351579663076,0.4580050828310394,0.6321544191838803,-0.22785177487574323,0.3614728389297894,0.2662106595349593,0.03145428542055715,0.447264595126459,0.6490323284339353,-0.21864564255753138,0.35550794059761465,0,0,1,0,1,0,0,0,0,100,0,0,-24,24,44,-48,-36,28,35,33,37,36,32,36,124,122,123,122,122,123,-999,-999,-999
2.0074589252471924,0.2616075933758534,0.036057351579663076,0.4580050828310394,0.6352231299566174,-0.22785177487574323,0.3614728389297894,0.2662106595349593,0.03145428542055715,0.447264595126459,0.650566683820304,-0.21864564255753138,0.35550794059761465,0,0,1,0,1,0,0,0,0,150,0,0,-24,24,40,-52,-36,32,35,33,37,36,32,37,124,122,123,122,122,123,-999,-999,-999
2.02359938621521,0.2616075933758534,0.036057351579663076,0.4580050828310394,0.6398261961157234,-0.22785177487574323,0.36027985926335443,0.2662106595349593,0.03145428542055715,0.447264595126459,0.6536353945930412,-0.21864564255753138,0.35550794059761465,0,0,1,0,1,0,0,0,0,150,0,0,-24,24,40,-48,-36,24,35,33,38,36,32,37,124,122,123,122,122,123,-999,-999,-999
2.039579153060913,0.2616075933758534,0.036057351579663076,0.4580050828310394,0.641360551502092,-0.22785177487574323,0.36027985926335443,0.2662106595349593,0.03145428542055715,0.447264595126459,0.6567041053657785,-0.21864564255753138,0.35550794059761465,0,0,1,0,0,0,0,0,0,150,0,-50,-24,24,40,-40,-36,24,35,33,37,36,32,36,124,122,123,122,122,123,-999,-999,-999
2.0555667877197266,0.2616075933758534,0.036057351579663076,0.4580050828310394,0.6444292622748293,-0.22785177487574323,0.36027985926335443,0.2662106595349593,0.03145428542055715,0.447264595126459,0.6567041053657785,-0.21864564255753138,0.35550794059761465,0,0,1,1,1,1,0,0,0,100,0,0,-24,24,40,-52,-36,28,35,33,37,36,32,37,124,122,123,122,122,123,-999,-999,-999
2.071453332901001,0.2616075933758534,0.036057351579663076,0.4580050828310394,0.645963617661198,-0.22785177487574323,0.35908687959691943,0.2662106595349593,0.03145428542055715,0.447264595126459,0.6582384607521472,-0.21864564255753138,0.35550794059761465,0,1,1,0,1,0,0,0,0,100,0,0,-24,24,40,-36,-36,24,35,33,37,36,32,37,124,122,123,122,122,123,-999,-999,-999
2.0869951248168945,0.2616075933758534,0.036057351579663076,0.4580050828310394,0.6490323284339353,-0.22785177487574323,0.35908687959691943,0.2662106595349593,0.03145428542055715,0.447264595126459,0.6597728161385158,-0.21864564255753138,0.35550794059761465,0,0,1,0,0,1,0,0,0,100,0,0,-24,24,40,-36,-36,20,35,33,37,36,32,37,124,122,123,122,122,123,-999,-999,-999
2.1034865379333496,0.2616075933758534,0.036057351579663076,0.4580050828310394,0.650566683820304,-0.22785177487574323,0.35908687959691943,0.2662106595349593,0.03145428542055715,0.44573023974009035,0.6628415269112531,-0.21864564255753138,0.35550794059761465,0,0,1,0,0,0,0,0,0,100,0,-50,-24,24,44,-32,-36,24,35,33,37,36,32,36,124,122,123,122,122,123,-999,-999,-999
2.1204051971435547,0.2616075933758534,0.036057351579663076,0.4580050828310394,0.6536353945930412,-0.22785177487574323,0.35908687959691943,0.2662106595349593,0.03145428542055715,0.44573023974009035,0.6628415269112531,-0.21864564255753138,0.35550794059761465,0,1,1,1,0,1,0,0,0,100,0,0,-24,24,48,-36,-36,24,35,33,37,36,32,37,124,122,123,122,122,123,-999,-999,-999
2.1354405879974365,0.2616075933758534,0.036057351579663076,0.4580050828310394,0.6551697499794099,-0.22785177487574323,0.35908687959691943,0.2662106595349593,0.03145428542055715,0.44573023974009035,0.6628415269112531,-0.21864564255753138,0.35550794059761465,0,1,2,0,1,0,0,0,0,50,0,0,-24,24,48,-40,-36,24,35,33,37,36,32,36,124,122,123,122,122,123,-999,-999,-999
2.152409315109253,0.2616075933758534,0.036057351579663076,0.4580050828310394,0.6567041053657785,-0.22785177487574323,0.35908687959691943,0.2662106595349593,0.03145428542055715,0.44573023974009035,0.6628415269112531,-0.21864564255753138,0.35550794059761465,0,0,1,0,1,1,0,0,0,100,0,0,-24,24,44,-20,-36,24,35,33,37,36,32,36,124,122,123,122,122,123,-999,-999,-999
2.167571783065796,0.2616075933758534,0.036057351579663076,0.4580050828310394,0.6567041053657785,-0.22785177487574323,0.35908687959691943,0.2662106595349593,0.03145428542055715,0.44573023974009035,0.6628415269112531,-0.21864564255753138,0.35550794059761465,0,1,1,1,1,1,0,0,0,50,0,0,-24,24,44,-24,-36,24,35,33,37,36,32,37,124,122,123,122,122,123,-999,-999,-999
2.1844522953033447,0.2616075933758534,0.036057351579663076,0.4580050828310394,0.6567041053657785,-0.22785177487574323,0.35908687959691943,0.2662106595349593,0.03145428542055715,0.44573023974009035,0.6628415269112531,-0.21864564255753138,0.35550794059761465,1,1,1,0,1,1,0,0,0,50,0,0,-24,24,44,-24,-36,24,35,33,37,36,32,37,124,122,123,122,122,123,-999,-999,-999
2.200498104095459,0.2616075933758534,0.036057351579663076,0.4580050828310394,0.6567041053657785,-0.22785177487574323,0.35908687959691943,0.2662106595349593,0.03145428542055715,0.44573023974009035,0.6628415269112531,-0.21864564255753138,0.35550794059761465,0,0,1,0,1,1,0,0,0,0,0,0,-24,24,44,-28,-36,24,35,33,37,36,32,36,124,122,123,122,122,123,-999,-999,-999
2.2174277305603027,0.2616075933758534,0.036057351579663076,0.4580050828310394,0.6567041053657785,-0.22785177487574323,0.35908687959691943,0.2662106595349593,0.03145428542055715,0.44573023974009035,0.6628415269112531,-0.21864564255753138,0.35550794059761465,0,1,1,0,0,1,0,0,0,0,0,0,-24,24,44,-28,-36,24,35,33,37,36,32,37,124,122,123,122,122,123,-999,-999,-999
2.233424186706543,0.2616075933758534,0.036057351579663076,0.4580050828310394,0.6567041053657785,-0.22785177487574323,0.35908687959691943,0.2662106595349593,0.03145428542055715,0.44573023974009035,0.6628415269112531,-0.21864564255753138,0.35550794059761465,0,1,1,0,1,1,0,0,0,0,0,0,-24,24,44,-28,-36,24,35,33,37,36,32,37,124,122,123,122,122,123,-999,-999,-999
2.2484326362609863,0.2616075933758534,0.036057351579663076,0.4580050828310394,0.6567041053657785,-0.22785177487574323,0.35908687959691943,0.2662106595349593,0.03145428542055715,0.44573023974009035,0.6628415269112531,-0.21864564255753138,0.35550794059761465,0,0,1,0,1,0,0,0,0,0,0,0,-24,24,44,-28,-36,24,35,33,37,36,32,37,124,122,123,122,122,123,-999,-999,-999
2.264421224594116,0.2616075933758534,0.036057351579663076,0.4580050828310394,0.6567041053657785,-0.22785177487574323,0.35908687959691943,0.2662106595349593,0.03145428542055715,0.44573023974009035,0.6628415269112531,-0.21864564255753138,0.35550794059761465,1,1,1,0,1,0,0,0,0,0,0,0,-24,24,44,-28,-36,24,35,33,37,36,32,36,124,122,123,122,122,123,-999,-999,-999
2.2804534435272217,0.2616075933758534,0.036057351579663076,0.4580050828310394,0.6567041053657785,-0.22785177487574323,0.35908687959691943,0.2662106595349593,0.03145428542055715,0.44573023974009035,0.6628415269112531,-0.21864564255753138,0.35550794059761465,0,1,1,0,0,0,0,0,0,0,0,0,-24,24,44,-28,-36,24,35,33,37,36,32,37,124,122,123,122,122,123,-999,-999,-999
2.2966010570526123,0.2616075933758534,0.036057351579663076,0.4580050828310394,0.6567041053657785,-0.22785177487574323,0.35908687959691943,0.2662106595349593,0.03145428542055715,0.44573023974009035,0.6628415269112531,-0.21864564255753138,0.3507360219318748,0,0,1,0,1,0,0,0,0,0,0,0,-24,24,44,-28,-36,32,35,33,37,36,32,36,124,122,123,122,122,123,-999,-999,-999
2.312462091445923,0.2616075933758534,0.036057351579663076,0.4580050828310394,0.6567041053657785,-0.22785177487574323,0.35908687959691943,0.2662106595349593,0.03145428542055715,0.44573023974009035,0.6628415269112531,-0.21864564255753138,0.3423851642668302,0,0,1,0,1,2,0,0,0,0,0,0,-24,24,44,-28,-36,48,35,33,37,36,32,37,124,122,123,122,122,123,-999,-999,-999
2.328450918197632,0.2616075933758534,0.036057351579663076,0.4580050828310394,0.6567041053657785,-0.22785177487574323,0.35908687959691943,0.2662106595349593,0.03145428542055715,0.44573023974009035,0.6628415269112531,-0.21864564255753138,0.3316483472689157,1,1,1,0,1,3,0,0,0,0,0,0,-24,24,44,-28,-36,88,35,33,37,36,32,36,124,122,123,122,122,122,-999,-999,-999
2.3444607257843018,0.2616075933758534,0.036057351579663076,0.4580050828310394,0.6567041053657785,-0.22785177487574323,0.35550794059761465,0.2662106595349593,0.029919930034188504,0.44573023974009035,0.6597728161385158,-0.21864564255753138,0.3185255709381313,0,1,1,1,1,4,0,0,0,0,0,0,-24,28,44,-24,-36,136,35,33,37,36,32,36,124,122,123,122,122,123,-999,-999,-999
2.360461711883545,0.2616075933758534,0.036057351579663076,0.4580050828310394,0.6567041053657785,-0.22785177487574323,0.34954304226543986,0.2662106595349593,0.028385574647819864,0.44573023974009035,0.6597728161385158,-0.21864564255753138,0.30420981494091187,0,1,1,0,0,3,0,0,0,0,0,0,-24,36,44,0,-36,136,35,33,37,36,32,37,124,122,123,122,122,123,-999,-999,-999
2.376607894897461,0.2616075933758534,0.036057351579663076,0.4580050828310394,0.6567041053657785,-0.22785177487574323,0.34119218460039524,0.2662106595349593,0.028385574647819864,0.44573023974009035,0.6582384607521472,-0.21864564255753138,0.2910870386101274,0,1,1,0,1,3,0,0,0,0,0,-300,-24,36,44,20,-36,160,35,33,37,36,31,37,124,122,123,122,122,122,-999,-999,-999
2.392601728439331,0.2616075933758534,0.036057351579663076,0.4580050828310394,0.6567041053657785,-0.22785177487574323,0.3304553676024807,0.2662106595349593,0.026851219261451224,0.44573023974009035,0.6582384607521472,-0.21864564255753138,0.27915724194577796,1,1,1,0,1,2,0,0,0,0,0,-400,-24,36,44,20,-36,168,35,33,37,36,32,37,124,122,123,122,122,123,-999,-999,-999
2.409442186355591,0.2616075933758534,0.036057351579663076,0.4580050828310394,0.6567041053657785,-0.22785177487574323,0.31971855060456617,0.2662106595349593,0.026851219261451224,0.44573023974009035,0.6582384607521472,-0.21864564255753138,0.26961340461429834,0,1,1,0,1,2,0,0,0,0,0,-550,-24,40,44,0,-36,176,35,33,37,36,32,36,124,122,123,122,122,122,-999,-999,-999
2.4244651794433594,0.2616075933758534,0.036057351579663076,0.4580050828310394,0.6567041053657785,-0.22785177487574323,0.3101747132730866,0.2662106595349593,0.026851219261451224,0.44573023974009035,0.6582384607521472,-0.21864564255753138,0.26245552661568866,0,1,2,0,1,3,0,0,0,0,0,-500,-24,40,44,0,-36,172,35,33,37,36,32,36,124,122,123,122,122,123,-999,-999,-999
2.441615104675293,0.2616075933758534,0.036057351579663076,0.4580050828310394,0.6567041053657785,-0.22785177487574323,0.29943789627517203,0.2662106595349593,0.026851219261451224,0.44573023974009035,0.6582384607521472,-0.21864564255753138,0.2576836079499488,1,1,1,0,1,1,0,0,0,0,0,-500,-24,36,44,0,-36,156,35,33,37,36,32,37,124,122,123,122,122,122,-999,-999,-999
2.4576144218444824,0.2616075933758534,0.036057351579663076,0.4580050828310394,0.6567041053657785,-0.22785177487574323,0.28989405894369247,0.2646763041485906,0.026851219261451224,0.44573023974009035,0.6582384607521472,-0.21864564255753138,0.2576836079499488,0,1,1,0,1,0,0,0,0,0,0,-550,0,36,44,0,-36,120,35,33,37,36,32,37,124,122,123,122,122,123,-999,-999,-999
2.473478317260742,0.2616075933758534,0.036057351579663076,0.4580050828310394,0.6567041053657785,-0.22785177487574323,0.2827361809450828,0.2646763041485906,0.026851219261451224,0.44573023974009035,0.6582384607521472,-0.21864564255753138,0.2576836079499488,0,1,1,0,1,0,0,0,0,0,0,-500,0,36,44,0,-36,72,35,33,37,36,32,36,124,122,123,122,122,123,-999,-999,-999
2.4894959926605225,0.2616075933758534,0.036057351579663076,0.4580050828310394,0.6567041053657785,-0.22785177487574323,0.277964262279343,0.2646763041485906,0.026851219261451224,0.44573023974009035,0.6582384607521472,-0.21864564255753138,0.2576836079499488,0,0,1,0,0,0,0,0,0,0,0,-400,-20,36,44,0,-36,52,35,33,37,36,32,37,124,122,123,122,122,123,-999,-999,-999
2.5064690113067627,0.2616075933758534,0.036057351579663076,0.4580050828310394,0.6567041053657785,-0.22785177487574323,0.27557830294647306,0.2646763041485906,0.026851219261451224,0.44573023974009035,0.6582384607521472,-0.21864564255753138,0.2576836079499488,0,1,1,0,1,1,0,0,0,0,0,-200,-20,36,44,0,-36,52,35,33,37,36,32,37,124,122,123,122,122,122,-999,-999,-999
2.521627187728882,0.2616075933758534,0.036057351579663076,0.4580050828310394,0.6567041053657785,-0.22785177487574323,0.2731923436136032,0.2646763041485906,0.026851219261451224,0.44573023974009035,0.6582384607521472,-0.21864564255753138,0.2576836079499488,0,1,1,0,1,1,0,0,0,0,0,-150,-20,36,44,0,-36,56,35,33,37,36,32,37,124,122,123,122,122,123,-999,-999,-999
2.5374786853790283,0.2616075933758534,0.036057351579663076,0.4580050828310394,0.6567041053657785,-0.22785177487574323,0.2708063842807333,0.2646763041485906,0.026851219261451224,0.44573023974009035,0.6582384607521472,-0.21864564255753138,0.2576836079499488,0,1,1,0,1,0,0,0,0,0,0,-150,-20,36,44,0,-36,48,35,33,37,36,32,43,124,122,123,122,122,123,-999,-999,-999
2.5534543991088867,0.2616075933758534,0.036057351579663076,0.4580050828310394,0.6567041053657785,-0.22785177487574323,0.2684204249478634,0.2646763041485906,0.02531686387508258,0.44419588435372165,0.6582384607521472,-0.21864564255753138,0.25887658761638377,0,1,1,0,1,1,0,0,0,0,0,-150,-20,40,48,0,-36,44,35,33,37,36,32,37,124,122,123,122,122,123,-999,-999,-999
2.5694992542266846,0.2616075933758534,0.036057351579663076,0.4580050828310394,0.6567041053657785,-0.22785177487574323,0.26722744528142844,0.2646763041485906,0.02531686387508258,0.44419588435372165,0.6582384607521472,-0.21864564255753138,0.25887658761638377,0,1,2,0,1,0,0,0,0,0,0,-100,-20,44,52,0,-36,36,35,33,37,36,32,37,124,122,123,122,122,123,-999,-999,-999
2.5854990482330322,0.2616075933758534,0.036057351579663076,0.4580050828310394,0.6567041053657785,-0.22785177487574323,0.26603446561499344,0.2646763041485906,0.02531686387508258,0.44419588435372165,0.6582384607521472,-0.21864564255753138,0.25887658761638377,0,1,2,0,0,0,0,0,0,0,0,-50,-20,40,48,0,-36,28,35,33,37,36,32,36,124,122,123,122,122,123,-999,-999,-999
2.601651668548584,0.2616075933758534,0.036057351579663076,0.4580050828310394,0.6567041053657785,-0.22785177487574323,0.26484148594855855,0.2646763041485906,0.02531686387508258,0.44419588435372165,0.6582384607521472,-0.21864564255753138,0.25887658761638377,0,2,1,0,0,1,0,0,0,0,0,-50,-20,40,48,0,-36,28,35,33,37,36,32,37,124,122,123,122,122,123,-999,-999,-999
2.617492437362671,0.2616075933758534,0.036057351579663076,0.4580050828310394,0.6567041053657785,-0.22785177487574323,0.26484148594855855,0.2646763041485906,0.02531686387508258,0.44112717358098436,0.6582384607521472,-0.21711128717116276,0.25887658761638377,0,1,1,0,1,0,0,0,0,0,0,-50,-20,40,52,0,-36,28,35,33,37,36,32,37,124,122,123,122,122,123,-999,-999,-999
2.6326241493225098,0.2616075933758534,0.036057351579663076,0.4580050828310394,0.6567041053657785,-0.22785177487574323,0.26484148594855855,0.2646763041485906,0.02531686387508258,0.4349897520355098,0.6628415269112531,-0.21711128717116276,0.25887658761638377,0,1,2,0,1,1,0,0,0,0,0,-50,-20,40,60,0,-40,32,35,33,37,36,32,37,124,122,123,122,122,123,-999,-999,-999
2.6494975090026855,0.2616075933758534,0.036057351579663076,0.4580050828310394,0.6567041053657785,-0.22785177487574323,0.26484148594855855,0.2646763041485906,0.02531686387508258,0.43038668587640394,0.6659102376839904,-0.21711128717116276,0.2576836079499488,0,2,4,1,1,1,0,0,0,0,0,0,-20,40,84,-36,-44,40,35,33,37,36,32,36,124,122,123,122,122,123,-999,-999,-999
2.6640617847442627,0.2616075933758534,0.036057351579663076,0.4580050828310394,0.6567041053657785,-0.22785177487574323,0.26484148594855855,0.2646763041485906,0.02531686387508258,0.42578361971729795,0.6689789484567276,-0.21711128717116276,0.2576836079499488,0,1,6,1,0,1,0,0,0,0,0,0,-20,40,108,-48,-40,40,35,33,37,36,32,37,124,122,123,122,122,123,-999,-999,-999
2.679462432861328,0.2616075933758534,0.036057351579663076,0.4580050828310394,0.6567041053657785,-0.22785177487574323,0.26484148594855855,0.2646763041485906,0.02531686387508258,0.4196461981718234,0.6766507253885707,-0.21711128717116276,0.2576836079499488,0,1,5,0,1,1,0,0,0,0,0,0,-20,40,112,-56,-40,36,35,32,37,36,32,37,124,122,123,121,122,123,-999,-999,-999
2.69852876663208,0.2616075933758534,0.036057351579663076,0.4580050828310394,0.6613071715248844,-0.22785177487574323,0.26484148594855855,0.2646763041485906,0.02531686387508258,0.41197442123998024,0.6843225023204141,-0.21711128717116276,0.2576836079499488,0,2,8,0,0,1,0,0,0,0,0,0,-20,40,136,-60,-40,36,35,33,37,36,32,37,124,122,123,122,122,122,-999,-999,-999
2.714512825012207,0.2616075933758534,0.036057351579663076,0.4564707274446708,0.6659102376839904,-0.22785177487574323,0.26484148594855855,0.2646763041485906,0.02531686387508258,0.404302644308137,0.6919942792522573,-0.21711128717116276,0.2576836079499488,0,1,8,1,1,0,0,0,0,100,0,0,-20,40,156,-88,-40,36,35,33,37,45,32,37,124,122,123,122,122,122,-999,-999,-999
2.7305142879486084,0.2616075933758534,0.036057351579663076,0.4534020166719335,0.6720476592294649,-0.22785177487574323,0.26484148594855855,0.2646763041485906,0.02531686387508258,0.3966308673762938,0.7012004115704691,-0.21711128717116276,0.25649062828351393,0,1,9,0,1,1,0,0,0,200,0,0,-20,40,168,-80,-40,44,35,33,37,59,32,37,124,122,123,122,122,122,-999,-999,-999
2.746509075164795,0.2616075933758534,0.036057351579663076,0.4487989505128276,0.6766507253885707,-0.22785177487574323,0.26484148594855855,0.26314194876222197,0.02531686387508258,0.38742473505808195,0.7119408992750496,-0.21711128717116276,0.25649062828351393,0,1,9,1,0,1,0,0,-100,250,0,0,0,40,172,-88,-40,44,35,33,37,36,32,37,124,122,122,122,122,122,-999,-999,-999
2.762515068054199,0.2616075933758534,0.036057351579663076,0.442661528967353,0.6843225023204141,-0.22785177487574323,0.26484148594855855,0.26314194876222197,0.02531686387508258,0.3782186027398701,0.7226813869796301,-0.21711128717116276,0.25649062828351393,1,1,9,1,1,1,0,0,-150,250,0,0,20,40,184,-96,-40,40,35,33,37,36,32,37,124,122,123,122,122,122,-999,-999,-999
2.7786622047424316,0.2616075933758534,0.036057351579663076,0.43652410742187847,0.6904599238658886,-0.22785177487574323,0.2636485062821236,0.26314194876222197,0.02531686387508258,0.36901247042165825,0.7349562300705792,-0.21711128717116276,0.25649062828351393,0,2,9,1,1,1,0,0,-250,250,0,0,0,40,184,-108,-40,40,35,33,37,36,32,37,124,122,123,122,122,122,-999,-999,-999
2.79550838470459,0.2616075933758534,0.036057351579663076,0.43038668587640394,0.6996660561841005,-0.22785177487574323,0.2636485062821236,0.2616075933758534,0.02531686387508258,0.3598063381034464,0.7472310731615283,-0.21711128717116276,0.25649062828351393,0,1,10,2,2,0,0,0,-250,250,0,0,0,40,192,-116,-40,32,35,33,37,36,32,37,124,122,123,122,122,122,-999,-999,-999
2.810533046722412,0.2616075933758534,0.036057351579663076,0.4242492643309293,0.7088721885023123,-0.22785177487574323,0.26245552661568866,0.2616075933758534,0.02531686387508258,0.35060020578523454,0.7625746270252147,-0.21711128717116276,0.25649062828351393,0,1,10,2,1,0,0,0,-250,350,0,-50,0,40,196,-132,-40,28,35,33,37,36,32,37,124,122,122,122,122,122,-999,-999,-999
2.8266634941101074,0.2616075933758534,0.036057351579663076,0.4165774873990861,0.7196126762068928,-0.22785177487574323,0.26245552661568866,0.2585388826031161,0.02531686387508258,0.3413940734670227,0.7748494701161639,-0.21711128717116276,0.25649062828351393,0,1,10,1,1,0,0,0,-250,350,0,-50,0,40,196,-136,-40,32,35,33,37,36,32,37,124,122,122,122,122,122,-999,-999,-999
2.8425168991088867,0.2616075933758534,0.036057351579663076,0.40737135508087424,0.7303531639114733,-0.22785177487574323,0.2612625469492537,0.25393581644401014,0.02531686387508258,0.33218794114881084,0.7871243132071131,-0.21711128717116276,0.25649062828351393,0,1,10,2,1,0,0,0,-300,350,0,0,28,40,204,-140,-40,28,35,33,37,36,32,37,124,122,122,122,122,122,-999,-999,-999
2.858670711517334,0.2616075933758534,0.036057351579663076,0.39969957814903107,0.7410936516160538,-0.22785177487574323,0.2612625469492537,0.25086710567127285,0.02531686387508258,0.3214474534442303,0.8009335116844308,-0.21711128717116276,0.25649062828351393,1,1,10,2,1,1,0,0,-350,450,0,-50,48,40,204,-148,-40,24,35,33,37,37,32,36,124,122,122,122,122,122,-999,-999,-999
2.874516248703003,0.2616075933758534,0.036057351579663076,0.3904934458308192,0.7518341393206344,-0.22785177487574323,0.2612625469492537,0.24779839489853556,0.02531686387508258,0.31377567651238714,0.8132083547753799,-0.21711128717116276,0.25649062828351393,0,1,9,2,0,1,0,0,-350,450,0,-50,52,40,200,-144,-40,28,35,33,37,36,32,37,124,122,122,122,122,122,-999,-999,-999
2.8905324935913086,0.2616075933758534,0.036057351579663076,0.38128731351260736,0.7641089824115834,-0.22785177487574323,0.2612625469492537,0.24626403951216694,0.02531686387508258,0.30456954419417526,0.8254831978663291,-0.21711128717116276,0.25649062828351393,2,1,11,2,1,1,0,0,-350,450,0,0,60,40,204,-156,-40,28,35,33,37,36,32,36,124,122,123,122,122,122,-999,-999,-999
2.906660795211792,0.26007323798948473,0.036057351579663076,0.3720811811943955,0.7763838255025325,-0.22785177487574323,0.2612625469492537,0.2447296841257983,0.02531686387508258,0.29382905648959484,0.8392923963436468,-0.21711128717116276,0.25649062828351393,1,1,10,1,1,0,0,0,-350,450,0,0,64,40,208,-152,-40,28,35,33,37,36,32,37,124,122,122,122,122,122,-999,-999,-999
2.9226608276367188,0.2585388826031161,0.036057351579663076,0.3628750488761837,0.7871243132071131,-0.22785177487574323,0.2612625469492537,0.24319532873942967,0.02531686387508258,0.2861572795577516,0.8515672394345959,-0.21864564255753138,0.25649062828351393,1,2,10,2,1,1,-50,0,-350,500,0,0,52,40,204,-156,-36,28,35,33,37,36,32,37,124,122,122,122,122,122,-999,-999,-999
2.9385483264923096,0.25700452721674744,0.036057351579663076,0.35366891655797184,0.7993991562980621,-0.22785177487574323,0.2612625469492537,0.24012661796669238,0.02531686387508258,0.27541679185317114,0.8653764379119138,-0.21864564255753138,0.25649062828351393,0,1,9,1,1,0,-50,0,-400,500,0,0,52,40,208,-156,-32,28,35,33,37,36,32,37,123,122,122,122,122,122,-999,-999,-999
2.9550907611846924,0.25393581644401014,0.036057351579663076,0.34599713962612866,0.8132083547753799,-0.22785177487574323,0.2612625469492537,0.2370579071939551,0.02531686387508258,0.2646763041485906,0.8776512810028628,-0.21864564255753138,0.25649062828351393,1,1,13,3,0,1,-50,0,-350,500,0,0,56,40,208,-160,-32,28,35,33,37,36,32,36,124,122,123,122,122,122,-999,-999,-999
2.9716012477874756,0.25086710567127285,0.036057351579663076,0.33525665192154813,0.8254831978663291,-0.22785177487574323,0.26006956728281877,0.23398919642121782,0.02531686387508258,0.25393581644401014,0.8899261240938119,-0.21864564255753138,0.25649062828351393,0,2,10,1,0,1,-150,0,-350,500,0,0,60,40,212,-160,-36,28,35,33,37,36,32,37,124,122,122,122,122,122,-999,-999,-999
2.9876952171325684,0.24779839489853556,0.036057351579663076,0.3260505196033363,0.8377580409572782,-0.22785177487574323,0.26006956728281877,0.23245484103484917,0.02531686387508258,0.2447296841257983,0.9022009671847612,-0.21864564255753138,0.25649062828351393,0,1,11,1,1,0,-100,0,-350,500,0,0,56,40,224,-160,-36,20,35,33,38,37,32,37,124,122,122,122,122,122,-999,-999,-999
3.003561496734619,0.2447296841257983,0.036057351579663076,0.3183787426714931,0.8500328840482273,-0.22785177487574323,0.26006956728281877,0.22938613026211188,0.02531686387508258,0.23552355180758644,0.9129414548893416,-0.21864564255753138,0.25649062828351393,1,1,10,0,1,0,-100,0,-350,500,0,-50,48,40,216,-152,-36,24,35,33,37,36,32,37,124,122,122,122,122,122,-999,-999,-999
3.019558906555176,0.24166097335306103,0.036057351579663076,0.3076382549669126,0.8623077271391765,-0.22785177487574323,0.26006956728281877,0.22785177487574323,0.02531686387508258,0.22631741948937462,0.923681942593922,-0.21864564255753138,0.25649062828351393,1,1,10,1,1,1,-100,0,-400,500,0,0,52,40,212,-148,-36,24,35,33,37,36,32,37,124,122,122,122,122,123,-999,-999,-999
3.0351223945617676,0.24012661796669238,0.036057351579663076,0.2984321226487007,0.8745825702301255,-0.22785177487574323,0.26006956728281877,0.22478306410300597,0.02531686387508258,0.21557693178479412,0.9359567856848713,-0.21864564255753138,0.25649062828351393,0,1,9,1,1,1,-150,0,-350,550,0,0,44,40,208,-144,-36,24,35,33,37,36,32,36,124,122,122,122,122,122,-999,-999,-999
3.051563024520874,0.2370579071939551,0.036057351579663076,0.2892259903304889,0.8868574133210747,-0.22785177487574323,0.26006956728281877,0.22171435333026868,0.02531686387508258,0.20637079946658227,0.9466972733894518,-0.21864564255753138,0.25649062828351393,1,1,11,2,1,0,-100,0,-400,450,0,0,52,40,220,-144,-36,24,35,33,37,36,32,37,124,122,123,122,122,122,-999,-999,-999
3.0677037239074707,0.23552355180758644,0.036057351579663076,0.280019858012277,0.8975979010256552,-0.22785177487574323,0.26006956728281877,0.21864564255753138,0.02531686387508258,0.19716466714837041,0.9574377610940321,-0.21864564255753138,0.25649062828351393,1,1,10,1,1,1,-50,0,-400,500,0,0,60,40,220,-152,-36,24,35,33,37,36,32,37,124,122,122,122,122,123,-999,-999,-999
3.083542823791504,0.23398919642121782,0.036057351579663076,0.2708137256940652,0.9098727441166043,-0.22785177487574323,0.26006956728281877,0.21557693178479412,0.02531686387508258,0.1879585348301586,0.9681782487986127,-0.21864564255753138,0.25649062828351393,1,1,9,0,1,0,-50,0,-350,450,0,0,56,40,216,-136,-36,24,35,33,37,36,32,37,124,122,122,122,122,122,-999,-999,-999
3.0991225242614746,0.2309204856484805,0.036057351579663076,0.2616075933758534,0.9206132318211848,-0.22785177487574323,0.26006956728281877,0.21250822101205682,0.026851219261451224,0.1787524025119467,0.9773843811168246,-0.21864564255753138,0.25649062828351393,1,1,10,1,1,1,-100,0,-400,450,0,0,68,40,216,-136,-36,24,35,33,37,36,32,37,124,122,122,122,122,122,-999,-999,-999
3.116668462753296,0.22785177487574323,0.036057351579663076,0.25086710567127285,0.932888074912134,-0.22785177487574323,0.26006956728281877,0.2079051548529509,0.026851219261451224,0.17108062558010353,0.9865905134350363,-0.21864564255753138,0.25649062828351393,1,1,10,2,1,0,-100,0,-400,500,0,0,60,36,216,-140,-36,24,35,33,37,36,32,37,124,122,122,122,122,122,-999,-999,-999
3.131718158721924,0.22478306410300597,0.036057351579663076,0.24166097335306103,0.9420942072303458,-0.22785177487574323,0.26006956728281877,0.20483644408021362,0.026851219261451224,0.1634088486482603,0.9942622903668795,-0.21864564255753138,0.25649062828351393,2,1,10,1,0,0,-100,0,-350,400,0,0,68,32,204,-128,-36,24,35,33,37,36,32,36,124,122,123,122,122,123,-999,-999,-999
3.148557662963867,0.22171435333026868,0.036057351579663076,0.23245484103484917,0.9528346949349262,-0.22785177487574323,0.26006956728281877,0.20176773330747633,0.026851219261451224,0.1557370717164171,1.0034684226850914,-0.21864564255753138,0.25649062828351393,0,1,9,1,1,0,-100,0,-350,400,0,0,64,36,200,-132,-36,24,35,33,37,36,32,37,124,122,123,122,122,122,-999,-999,-999
3.1631388664245605,0.21864564255753138,0.036057351579663076,0.22478306410300597,0.9620408272531382,-0.22785177487574323,0.26006956728281877,0.19869902253473906,0.026851219261451224,0.1480652947845739,1.0126745550033034,-0.21864564255753138,0.25649062828351393,1,1,11,1,1,1,-100,0,-400,450,0,0,64,36,208,-124,-36,24,35,33,37,36,32,36,124,122,123,122,122,122,-999,-999,-999
3.179746627807617,0.21404257639842547,0.036057351579663076,0.21557693178479412,0.97124695957135,-0.22785177487574323,0.26006956728281877,0.19409595637563312,0.026851219261451224,0.1419278732390993,1.0203463319351465,-0.21864564255753138,0.25649062828351393,1,1,11,1,1,0,-150,0,-350,450,0,0,56,36,200,-124,-36,24,35,33,37,36,32,37,124,122,122,122,122,123,-999,-999,-999
3.195650339126587,0.21097386562568818,0.036057351579663076,0.2079051548529509,0.9819874472759305,-0.22785177487574323,0.26006956728281877,0.19102724560289586,0.026851219261451224,0.13425609630725613,1.0295524642533582,-0.21864564255753138,0.25649062828351393,1,1,7,1,0,1,-150,0,-350,400,0,0,64,36,188,-120,-36,24,36,33,37,36,32,36,124,122,122,122,122,123,-999,-999,-999
3.2117271423339844,0.20637079946658227,0.036057351579663076,0.19869902253473906,0.9911935795941422,-0.22785177487574323,0.26006956728281877,0.18642417944378992,0.026851219261451224,0.12811867476178154,1.035689885798833,-0.21864564255753138,0.25649062828351393,0,1,8,1,1,0,-150,0,-350,400,0,0,60,36,184,-120,-36,24,35,33,37,77,32,36,124,122,123,122,122,122,-999,-999,-999
3.2286386489868164,0.20330208869384497,0.036057351579663076,0.19256160098926448,1.0003997119123542,-0.22785177487574323,0.26006956728281877,0.181821113284684,0.026851219261451224,0.12044689782993835,1.043361662730676,-0.21864564255753138,0.25649062828351393,1,1,9,1,1,1,-200,0,-350,350,0,0,68,36,184,-116,-36,24,35,33,37,36,32,37,124,122,122,122,122,122,-999,-999,-999
3.244643211364746,0.19869902253473906,0.036057351579663076,0.18488982405742127,1.009605844230566,-0.22785177487574323,0.26006956728281877,0.1787524025119467,0.026851219261451224,0.11430947628446378,1.0510334396625194,-0.21864564255753138,0.25649062828351393,1,1,10,0,0,1,-100,0,-300,350,0,0,68,36,192,-100,-36,24,35,33,37,36,32,36,124,122,122,122,122,122,-999,-999,-999
3.260751485824585,0.19563031176200177,0.036057351579663076,0.17721804712557807,1.0172776211624093,-0.22785177487574323,0.26006956728281877,0.17261498096647215,0.026851219261451224,0.10970641012535785,1.0587052165943625,-0.21864564255753138,0.25649062828351393,0,1,9,1,1,0,-100,0,-300,350,0,0,64,36,192,-104,-36,24,35,33,37,36,32,37,124,122,123,122,122,122,-999,-999,-999
3.2761433124542236,0.19256160098926448,0.036057351579663076,0.17108062558010353,1.0249493980942523,-0.22785177487574323,0.26006956728281877,0.16954627019373486,0.026851219261451224,0.1035689885798833,1.0648426381398373,-0.21864564255753138,0.25649062828351393,1,0,7,1,1,0,-200,0,-300,350,0,0,68,36,176,-104,-36,24,35,33,37,36,32,37,124,122,123,122,122,122,-999,-999,-999
3.2921488285064697,0.1879585348301586,0.036057351579663076,0.16494320403462895,1.0341555304124643,-0.22785177487574323,0.26006956728281877,0.1634088486482603,0.026851219261451224,0.09896592242077737,1.0709800596853116,-0.21864564255753138,0.25649062828351393,1,1,8,0,1,0,-100,0,-250,350,0,0,72,36,172,-108,-36,24,35,33,37,36,32,36,124,122,123,122,122,122,-999,-999,-999
3.3086655139923096,0.18488982405742127,0.036057351579663076,0.15880578248915436,1.0418273073443074,-0.22785177487574323,0.26006956728281877,0.160340137875523,0.026851219261451224,0.09436285626167144,1.078651836617155,-0.21864564255753138,0.25649062828351393,1,1,7,0,0,0,-150,0,-250,350,0,0,84,36,172,-84,-36,24,35,33,37,36,32,37,124,122,123,122,122,123,-999,-999,-999
3.3247456550598145,0.18028675789831536,0.036057351579663076,0.1526683609436798,1.047964728889782,-0.22785177487574323,0.26006956728281877,0.1557370717164171,0.026851219261451224,0.09129414548893416,1.0832549027762608,-0.21864564255753138,0.25649062828351393,0,1,8,2,0,0,-150,0,-250,250,0,0,84,36,172,-104,-36,24,35,33,37,36,32,36,124,122,122,122,122,122,-999,-999,-999
3.3406150341033936,0.17568369173920942,0.036057351579663076,0.1480652947845739,1.0556365058216253,-0.22785177487574323,0.26006956728281877,0.15113400555731116,0.026851219261451224,0.08669107932982824,1.0893923243217354,-0.21864564255753138,0.25649062828351393,1,1,8,0,1,1,-150,0,-250,300,0,0,72,36,168,-92,-36,24,35,33,37,36,32,36,124,122,122,122,122,123,-999,-999,-999
3.3567240238189697,0.17261498096647215,0.036057351579663076,0.14346222862546795,1.0617739273670999,-0.22785177487574323,0.26006956728281877,0.14653093939820525,0.026851219261451224,0.08362236855709095,1.0939953904808413,-0.21864564255753138,0.25649062828351393,1,1,8,1,1,1,-150,0,-200,300,0,0,80,36,160,-88,-36,24,35,33,37,36,32,37,124,122,123,122,122,122,-999,-999,-999
3.3736274242401123,0.1664775594209976,0.036057351579663076,0.13885916246636204,1.0679113489125744,-0.22785177487574323,0.26006956728281877,0.1403935178527307,0.026851219261451224,0.08055365778435367,1.0985984566399472,-0.21864564255753138,0.25649062828351393,1,1,7,0,1,1,-200,0,-200,300,0,0,72,36,160,-84,-36,24,35,32,37,36,32,36,124,122,122,122,122,122,-999,-999,-999
3.3886172771453857,0.16187449326189168,0.036057351579663076,0.13425609630725613,1.074048770458049,-0.22785177487574323,0.26006956728281877,0.13579045169362475,0.026851219261451224,0.07595059162524774,1.1032015227990533,-0.21864564255753138,0.25649062828351393,1,1,8,1,0,1,-150,0,-150,250,0,0,84,36,156,-76,-36,24,35,33,37,36,32,37,124,122,123,122,122,122,-999,-999,-999
3.404759645462036,0.15727142710278574,0.036057351579663076,0.1296530301481502,1.078651836617155,-0.22785177487574323,0.26006956728281877,0.13118738553451884,0.026851219261451224,0.07288188085251047,1.1078045889581591,-0.21864564255753138,0.25649062828351393,1,1,9,1,0,1,-200,0,-150,250,0,0,84,36,160,-76,-36,24,35,33,37,36,32,36,124,122,123,122,122,122,-999,-999,-999
3.420769691467285,0.1526683609436798,0.036057351579663076,0.12504996398904428,1.0847892581626295,-0.22785177487574323,0.26006956728281877,0.12658431937541292,0.026851219261451224,0.07134752546614181,1.112407655117265,-0.21864564255753138,0.25649062828351393,1,1,8,1,1,0,-200,0,-200,200,0,0,80,36,164,-80,-36,24,35,33,37,46,32,36,124,122,123,122,122,122,-999,-999,-999
3.435736894607544,0.1480652947845739,0.036057351579663076,0.12198125321630698,1.0893923243217354,-0.22785177487574323,0.26006956728281877,0.12198125321630698,0.026851219261451224,0.06827881469340454,1.117010721276371,-0.21864564255753138,0.25649062828351393,0,1,6,1,1,1,-200,0,-150,200,0,0,72,36,140,-76,-36,24,36,33,37,36,32,36,124,122,123,122,122,122,-999,-999,-999
3.452645778656006,0.1419278732390993,0.036057351579663076,0.11737818705720107,1.09552974586721,-0.22785177487574323,0.26006956728281877,0.11737818705720107,0.026851219261451224,0.0667444593070359,1.120079432049108,-0.21864564255753138,0.25649062828351393,0,1,7,1,1,1,-200,0,-200,200,0,0,80,36,144,-76,-36,24,35,33,37,36,32,37,124,122,123,122,122,122,-999,-999,-999
3.468796968460083,0.13885916246636204,0.036057351579663076,0.11430947628446378,1.1001328120263159,-0.22785177487574323,0.26006956728281877,0.11277512089809515,0.026851219261451224,0.06367574853429861,1.1246824982082142,-0.21864564255753138,0.25649062828351393,0,1,6,0,0,0,-200,0,-100,250,0,0,72,36,140,-60,-36,24,35,33,37,36,32,37,124,122,123,122,122,122,-999,-999,-999
3.4848039150238037,0.13272174092088748,0.036057351579663076,0.11277512089809515,1.1047358781854217,-0.22785177487574323,0.26006956728281877,0.10817205473898922,0.026851219261451224,0.06367574853429861,1.1262168535945827,-0.21864564255753138,0.25649062828351393,0,0,7,0,1,1,-200,0,-100,200,0,0,76,36,136,-64,-36,24,35,33,37,36,32,37,123,122,123,122,122,122,-999,-999,-999
3.50120210647583,0.12811867476178154,0.036057351579663076,0.11124076551172649,1.1093389443445276,-0.22785177487574323,0.26006956728281877,0.1035689885798833,0.026851219261451224,0.06367574853429861,1.1277512089809514,-0.21864564255753138,0.25649062828351393,1,1,7,1,0,0,-200,0,-150,150,0,0,76,36,132,-56,-36,24,35,33,37,36,32,37,124,122,123,122,122,123,-999,-999,-999
3.517206907272339,0.12351560860267563,0.036057351579663076,0.10817205473898922,1.112407655117265,-0.22785177487574323,0.26006956728281877,0.09743156703440872,0.026851219261451224,0.06367574853429861,1.12928556436732,-0.21864564255753138,0.25649062828351393,1,1,7,0,0,0,-200,0,-50,150,0,0,72,36,128,-52,-36,24,35,33,37,36,32,37,124,122,123,122,122,122,-999,-999,-999
3.5336742401123047,0.1189125424435697,0.036057351579663076,0.10663769935262057,1.1154763658900022,-0.22785177487574323,0.26006956728281877,0.0928285008753028,0.026851219261451224,0.06367574853429861,1.12928556436732,-0.21864564255753138,0.25649062828351393,2,1,6,1,1,1,-150,0,-100,150,0,0,76,36,120,-40,-36,24,35,33,37,36,32,37,124,122,123,122,122,122,-999,-999,-999
3.549668312072754,0.11430947628446378,0.036057351579663076,0.10510334396625193,1.1185450766627396,-0.22785177487574323,0.26006956728281877,0.08822543471619687,0.026851219261451224,0.06367574853429861,1.12928556436732,-0.21864564255753138,0.25649062828351393,2,0,6,0,1,1,-200,0,-50,150,0,0,88,36,120,-40,-36,24,35,33,37,36,32,36,124,122,123,122,122,123,-999,-999,-999
3.5658068656921387,0.10970641012535785,0.036057351579663076,0.10510334396625193,1.120079432049108,-0.22785177487574323,0.26006956728281877,0.08362236855709095,0.026851219261451224,0.06367574853429861,1.12928556436732,-0.21864564255753138,0.25649062828351393,1,2,6,0,1,0,-200,0,-50,100,0,0,72,36,116,-28,-36,24,35,33,37,36,32,37,124,122,123,122,122,123,-999,-999,-999
3.582217216491699,0.10510334396625193,0.036057351579663076,0.10510334396625193,1.1216137874354768,-0.22785177487574323,0.26006956728281877,0.07901930239798503,0.026851219261451224,0.06367574853429861,1.1308199197536886,-0.21864564255753138,0.25649062828351393,1,1,6,0,1,0,-200,0,-50,100,0,0,76,36,116,-24,-36,24,35,33,37,36,32,36,124,122,123,122,122,123,-999,-999,-999
3.597663640975952,0.100500277807146,0.036057351579663076,0.10510334396625193,1.1216137874354768,-0.22785177487574323,0.26006956728281877,0.07288188085251047,0.026851219261451224,0.06367574853429861,1.1308199197536886,-0.21864564255753138,0.25649062828351393,2,1,7,1,0,1,-200,0,0,100,0,0,76,36,120,-28,-36,24,35,33,37,36,32,37,124,122,123,122,122,122,-999,-999,-999
3.6136696338653564,0.09589721164804009,0.036057351579663076,0.10510334396625193,1.1216137874354768,-0.22785177487574323,0.26006956728281877,0.06827881469340454,0.026851219261451224,0.06367574853429861,1.1308199197536886,-0.21864564255753138,0.25649062828351393,1,2,6,1,1,0,-200,0,0,0,0,0,84,36,120,-40,-36,24,35,33,37,36,32,36,124,122,123,122,122,122,-999,-999,-999
3.629671335220337,0.08975979010256553,0.036057351579663076,0.10510334396625193,1.1231481428218455,-0.22785177487574323,0.26006956728281877,0.06367574853429861,0.026851219261451224,0.06367574853429861,1.1308199197536886,-0.21864564255753138,0.25649062828351393,1,1,6,0,1,0,-150,0,0,0,0,0,84,36,120,-32,-36,24,35,33,37,36,32,37,124,122,123,122,122,123,-999,-999,-999
3.6466686725616455,0.0851567239434596,0.036057351579663076,0.10510334396625193,1.1246824982082142,-0.22785177487574323,0.26006956728281877,0.05907268237519269,0.026851219261451224,0.06367574853429861,1.1308199197536886,-0.21864564255753138,0.25649062828351393,0,1,7,0,1,1,-250,0,0,50,0,0,72,36,120,-24,-36,24,35,33,37,36,32,36,124,122,123,122,122,122,-999,-999,-999
3.661811113357544,0.08055365778435367,0.036057351579663076,0.10510334396625193,1.1246824982082142,-0.22785177487574323,0.26006956728281877,0.05446961621608677,0.026851219261451224,0.06367574853429861,1.1308199197536886,-0.21864564255753138,0.25649062828351393,1,1,8,0,1,0,-200,0,0,50,0,0,80,36,120,-24,-36,24,35,33,37,36,32,37,124,122,123,122,122,122,-999,-999,-999
3.6782305240631104,0.07441623623887911,0.036057351579663076,0.10510334396625193,1.1262168535945827,-0.22785177487574323,0.26006956728281877,0.049866550056980846,0.026851219261451224,0.06367574853429861,1.1308199197536886,-0.21864564255753138,0.25649062828351393,0,1,6,0,1,0,-200,0,0,50,0,0,80,36,120,-24,-36,24,36,33,37,36,32,37,124,122,123,122,122,123,-999,-999,-999
3.6938366889953613,0.06981317007977318,0.036057351579663076,0.10510334396625193,1.1277512089809514,-0.22785177487574323,0.26006956728281877,0.04526348389787492,0.026851219261451224,0.06367574853429861,1.1308199197536886,-0.21864564255753138,0.25649062828351393,1,1,6,0,0,1,-200,0,0,0,0,0,68,36,120,-20,-36,24,35,33,37,36,32,37,124,122,123,122,122,122,-999,-999,-999
3.708656072616577,0.06521010392066726,0.036057351579663076,0.10510334396625193,1.1277512089809514,-0.22785177487574323,0.26006956728281877,0.039126062352400355,0.026851219261451224,0.06367574853429861,1.1308199197536886,-0.21864564255753138,0.25649062828351393,1,1,6,0,0,1,-150,0,0,100,0,0,80,36,120,0,-36,24,35,33,37,36,32,36,124,122,123,122,122,122,-999,-999,-999
3.725689172744751,0.06060703776156134,0.036057351579663076,0.10510334396625193,1.1277512089809514,-0.22785177487574323,0.26006956728281877,0.03298864080692579,0.026851219261451224,0.06367574853429861,1.1308199197536886,-0.21864564255753138,0.25649062828351393,1,1,7,0,1,0,-200,0,0,0,0,0,80,36,120,-20,-36,24,35,33,37,36,32,37,124,122,123,122,122,123,-999,-999,-999
3.7416746616363525,0.05600397160245541,0.036057351579663076,0.10510334396625193,1.1277512089809514,-0.22785177487574323,0.26006956728281877,0.028385574647819864,0.026851219261451224,0.06367574853429861,1.1308199197536886,-0.21864564255753138,0.25649062828351393,1,1,6,0,0,1,-200,0,0,0,0,0,88,36,120,-20,-36,24,35,33,37,36,32,37,124,122,123,122,122,122,-999,-999,-999
3.7576732635498047,0.051400905443349486,0.036057351579663076,0.10510334396625193,1.1277512089809514,-0.22785177487574323,0.26006956728281877,0.0222481531023453,0.026851219261451224,0.06367574853429861,1.1308199197536886,-0.21864564255753138,0.25649062828351393,1,1,6,0,1,0,-200,0,0,0,0,0,88,36,120,-20,-36,24,35,33,37,36,32,37,124,122,123,122,122,123,-999,-999,-999
3.774691581726074,0.04679783928424356,0.036057351579663076,0.10510334396625193,1.1277512089809514,-0.22785177487574323,0.26006956728281877,0.017645086943239376,0.026851219261451224,0.06367574853429861,1.1308199197536886,-0.21864564255753138,0.25649062828351393,1,0,8,0,1,1,-200,0,0,0,0,0,84,36,120,-20,-36,24,35,33,37,36,32,36,124,122,123,122,122,122,-999,-999,-999
3.7908096313476562,0.040660417738769,0.036057351579663076,0.10510334396625193,1.1277512089809514,-0.22785177487574323,0.26006956728281877,0.013042020784133452,0.026851219261451224,0.06367574853429861,1.1323542751400573,-0.21864564255753138,0.25649062828351393,2,1,6,0,0,1,-200,0,0,0,0,0,92,36,120,-20,-36,24,35,33,38,36,32,37,124,122,123,122,122,122,-999,-999,-999
3.8067407608032227,0.036057351579663076,0.036057351579663076,0.10510334396625193,1.1277512089809514,-0.22785177487574323,0.26006956728281877,0.006904599238658886,0.026851219261451224,0.06367574853429861,1.133888630526426,-0.21864564255753138,0.25649062828351393,0,1,7,1,0,0,-200,0,0,0,0,0,76,36,120,-28,-36,24,35,33,37,36,32,36,124,122,123,122,122,123,-999,-999,-999
3.8226730823516846,0.03145428542055715,0.036057351579663076,0.10510334396625193,1.1277512089809514,-0.22785177487574323,0.26006956728281877,0.0007671776931843208,0.026851219261451224,0.06367574853429861,1.1400260520719006,-0.21864564255753138,0.25649062828351393,2,1,8,0,0,1,-200,0,0,0,0,0,88,36,120,-32,-36,24,35,33,37,36,32,37,124,122,123,122,122,123,-999,-999,-999
3.8386952877044678,0.02531686387508258,0.036057351579663076,0.10510334396625193,1.1277512089809514,-0.22785177487574323,0.26006956728281877,-0.005370243852290245,0.026851219261451224,0.06367574853429861,1.1446291182310064,-0.21864564255753138,0.25649062828351393,2,0,9,2,0,0,-200,0,0,0,0,0,92,36,120,-52,-36,24,35,33,37,36,32,36,124,122,123,122,122,122,-999,-999,-999
3.854823589324951,0.01917944232960802,0.036057351579663076,0.10510334396625193,1.12928556436732,-0.22785177487574323,0.26006956728281877,-0.009973310011396168,0.026851219261451224,0.06214139314792997,1.1507665397764808,-0.21864564255753138,0.2576836079499488,0,1,6,1,0,1,-250,0,0,0,0,0,92,36,124,-68,-36,24,35,33,37,36,32,37,124,122,123,122,122,122,-999,-999,-999
3.870854616165161,0.013042020784133452,0.036057351579663076,0.10510334396625193,1.1323542751400573,-0.22785177487574323,0.26006956728281877,-0.014576376170502094,0.026851219261451224,0.05753832698882405,1.1569039613219556,-0.21864564255753138,0.2576836079499488,1,1,8,1,1,0,-250,0,0,50,0,0,84,36,132,-72,-36,0,35,33,37,36,32,36,124,122,123,122,122,122,-999,-999,-999
3.8868162631988525,0.008438954625027528,0.036057351579663076,0.10510334396625193,1.1384916966855319,-0.22785177487574323,0.26006956728281877,-0.01917944232960802,0.026851219261451224,0.051400905443349486,1.1661100936401676,-0.21864564255753138,0.2576836079499488,1,1,12,1,1,0,-200,0,0,100,0,0,72,36,156,-84,-36,0,35,33,37,36,32,37,124,122,121,122,122,122,-999,-999,-999
3.9028055667877197,0.002301533079552962,0.036057351579663076,0.10203463319351465,1.1430947628446377,-0.22785177487574323,0.26006956728281877,-0.02531686387508258,0.026851219261451224,0.04679783928424356,1.1768505813447478,-0.21864564255753138,0.2576836079499488,0,1,12,0,0,1,-250,0,0,250,0,0,80,36,168,-72,-36,20,35,33,37,36,32,36,124,122,123,122,122,122,-999,-999,-999
3.9187607765197754,-0.002301533079552962,0.036057351579663076,0.09743156703440872,1.1492321843901123,-0.22785177487574323,0.26006956728281877,-0.029919930034188504,0.026851219261451224,0.040660417738769,1.1875910690493283,-0.21864564255753138,0.2576836079499488,1,1,11,2,1,1,-200,0,-50,200,0,0,76,36,168,-104,-36,20,35,33,37,36,32,37,124,122,123,122,122,122,-999,-999,-999
3.9346823692321777,-0.008438954625027528,0.036057351579663076,0.0928285008753028,1.1553696059355871,-0.22785177487574323,0.26006956728281877,-0.03452299619329443,0.028385574647819864,0.03452299619329443,1.1967972013675403,-0.21864564255753138,0.25887658761638377,1,1,8,2,1,1,-250,0,-150,200,0,0,76,36,156,-116,-36,20,35,33,37,36,32,36,124,122,123,122,122,122,-999,-999,-999
3.9507710933685303,-0.013042020784133452,0.036057351579663076,0.08822543471619687,1.164575738253799,-0.22785177487574323,0.26006956728281877,-0.040660417738769,0.029919930034188504,0.028385574647819864,1.206003333685752,-0.21864564255753138,0.25887658761638377,1,1,9,1,0,1,-250,0,-200,250,0,0,76,32,172,-120,-36,-20,35,33,37,45,32,37,124,122,122,122,122,122,-999,-999,-999
3.966837167739868,-0.017645086943239376,0.036057351579663076,0.08362236855709095,1.1737818705720107,-0.22785177487574323,0.26006956728281877,-0.04526348389787492,0.029919930034188504,0.0222481531023453,1.2152094660039638,-0.21864564255753138,0.25887658761638377,1,0,7,0,1,0,-200,0,-200,300,0,0,80,24,160,-108,-36,-20,35,33,37,36,32,37,124,122,123,122,122,122,-999,-999,-999
3.982844591140747,-0.0222481531023453,0.036057351579663076,0.07748494701161639,1.181453647503854,-0.22785177487574323,0.26006956728281877,-0.051400905443349486,0.029919930034188504,0.016110731556870737,1.2244155983221758,-0.21864564255753138,0.25887658761638377,1,1,8,1,1,0,-200,0,-200,400,0,0,84,24,164,-108,-36,0,35,33,37,36,32,37,124,122,123,122,122,122,-999,-999,-999
3.9988274574279785,-0.028385574647819864,0.036057351579663076,0.07134752546614181,1.1906597798220657,-0.22785177487574323,0.26006956728281877,-0.05753832698882405,0.029919930034188504,0.009973310011396168,1.2320873752540191,-0.22017999794390003,0.25887658761638377,1,1,8,1,1,0,-200,0,-200,300,0,0,88,28,172,-108,-32,0,35,33,38,36,32,37,124,122,123,122,122,123,-999,-999,-999
4.014699697494507,-0.03298864080692579,0.036057351579663076,0.0667444593070359,1.1983315567539088,-0.22785177487574323,0.26006956728281877,-0.06214139314792997,0.029919930034188504,0.005370243852290245,1.2397591521858622,-0.22017999794390003,0.25887658761638377,1,0,9,1,1,0,-200,0,-250,300,0,0,92,28,180,-108,-28,0,35,33,37,36,32,36,124,122,123,122,122,122,-999,-999,-999
4.030829668045044,-0.039126062352400355,0.036057351579663076,0.06060703776156134,1.206003333685752,-0.22785177487574323,0.26006956728281877,-0.06827881469340454,0.029919930034188504,0.0007671776931843208,1.2458965737313368,-0.22171435333026868,0.25887658761638377,1,1,6,1,1,0,-200,0,-200,350,0,0,84,28,164,-108,-24,0,35,33,37,36,32,36,124,122,122,122,122,122,-999,-999,-999
4.046725749969482,-0.04372912851150628,0.036057351579663076,0.05446961621608677,1.2136751106175951,-0.22785177487574323,0.26006956728281877,-0.07288188085251047,0.03145428542055715,-0.0038358884659216034,1.2520339952768114,-0.22324870871663732,0.25887658761638377,2,1,7,0,1,0,-200,0,-250,350,0,0,84,28,156,-104,-20,0,35,33,37,36,32,36,124,122,123,122,122,123,-999,-999,-999
4.063861846923828,-0.049866550056980846,0.036057351579663076,0.049866550056980846,1.2213468875494384,-0.22785177487574323,0.26006956728281877,-0.07901930239798503,0.03145428542055715,-0.008438954625027528,1.258171416822286,-0.22324870871663732,0.25887658761638377,1,1,7,1,0,0,-200,0,-250,300,0,0,88,20,152,-96,-20,0,35,33,37,36,32,37,124,122,123,122,122,122,-999,-999,-999
4.079734802246094,-0.05446961621608677,0.036057351579663076,0.04526348389787492,1.2290186644812817,-0.22785177487574323,0.26006956728281877,-0.08362236855709095,0.03145428542055715,-0.01150766539776481,1.2643088383677605,-0.22324870871663732,0.25887658761638377,1,1,9,1,0,0,-200,0,-250,300,0,0,80,24,160,-88,-24,0,35,33,37,36,32,37,124,122,123,122,122,122,-999,-999,-999
4.095884799957275,-0.06060703776156134,0.036057351579663076,0.040660417738769,1.2351560860267563,-0.22785177487574323,0.26006956728281877,-0.08822543471619687,0.03145428542055715,-0.014576376170502094,1.2673775491404977,-0.22324870871663732,0.25887658761638377,0,0,8,2,0,0,-250,0,-150,300,0,0,84,24,156,-88,-24,0,35,33,37,45,32,37,124,122,123,122,122,122,-999,-999,-999
4.1108832359313965,-0.06521010392066726,0.036057351579663076,0.03759170696603171,1.241293507572231,-0.22785177487574323,0.26006956728281877,-0.09436285626167144,0.03145428542055715,-0.017645086943239376,1.270446259913235,-0.22324870871663732,0.25887658761638377,0,1,7,0,0,0,-250,0,-200,250,0,0,80,24,144,-84,-24,0,35,32,37,36,32,37,124,122,123,122,122,123,-999,-999,-999
4.127887964248657,-0.07134752546614181,0.036057351579663076,0.03298864080692579,1.2474309291177055,-0.22785177487574323,0.26006956728281877,-0.09896592242077737,0.03145428542055715,-0.017645086943239376,1.2735149706859723,-0.22324870871663732,0.25887658761638377,1,0,7,0,0,0,-250,0,-150,300,0,0,72,24,148,-68,-24,0,35,33,37,36,32,37,124,122,123,122,122,123,-999,-999,-999
4.143742799758911,-0.07748494701161639,0.036057351579663076,0.029919930034188504,1.2520339952768114,-0.22785177487574323,0.26006956728281877,-0.1035689885798833,0.03145428542055715,-0.017645086943239376,1.2735149706859723,-0.22324870871663732,0.25887658761638377,1,0,5,0,0,0,-200,0,-100,200,0,0,88,24,140,-64,-24,0,35,32,37,36,32,36,124,122,123,122,122,123,-999,-999,-999
4.160732984542847,-0.08208801317072231,0.036057351579663076,0.028385574647819864,1.2566370614359172,-0.22785177487574323,0.26006956728281877,-0.10970641012535785,0.03145428542055715,-0.017645086943239376,1.2735149706859723,-0.22324870871663732,0.25887658761638377,1,0,6,0,0,0,-200,0,-100,200,0,0,76,24,120,-48,-24,0,35,33,37,36,32,37,124,122,123,122,122,123,-999,-999,-999
4.175943851470947,-0.08669107932982824,0.036057351579663076,0.026851219261451224,1.2597057722086547,-0.22785177487574323,0.26006956728281877,-0.11277512089809515,0.03145428542055715,-0.016110731556870737,1.2735149706859723,-0.22324870871663732,0.25887658761638377,1,0,5,1,0,0,-200,0,-150,200,0,0,80,24,120,-40,-24,0,35,33,37,36,32,37,124,122,123,122,122,122,-999,-999,-999
4.191303968429565,-0.09129414548893416,0.036057351579663076,0.02531686387508258,1.2612401275950231,-0.22785177487574323,0.26006956728281877,-0.1189125424435697,0.03145428542055715,-0.016110731556870737,1.2735149706859723,-0.22324870871663732,0.25887658761638377,1,1,5,0,0,0,-200,0,-50,150,0,0,76,24,112,-32,-24,0,35,33,37,36,32,37,124,122,123,122,122,123,-999,-999,-999
4.207289218902588,-0.09743156703440872,0.036057351579663076,0.02378250848871394,1.2627744829813918,-0.22785177487574323,0.26006956728281877,-0.12198125321630698,0.03145428542055715,-0.014576376170502094,1.2735149706859723,-0.22324870871663732,0.25887658761638377,1,0,5,0,0,0,-200,0,-100,100,0,0,76,24,108,-32,-24,0,35,33,37,36,32,37,124,122,123,122,122,123,-999,-999,-999
4.224714517593384,-0.10203463319351465,0.036057351579663076,0.02378250848871394,1.265843193754129,-0.22785177487574323,0.26006956728281877,-0.12658431937541292,0.03145428542055715,-0.014576376170502094,1.2735149706859723,-0.22324870871663732,0.25887658761638377,1,1,6,0,0,0,-200,0,0,50,0,0,80,24,108,-32,-24,0,35,33,37,36,32,37,124,122,123,122,122,123,-999,-999,-999
4.239772796630859,-0.10663769935262057,0.036057351579663076,0.02378250848871394,1.265843193754129,-0.22785177487574323,0.26006956728281877,-0.13118738553451884,0.03145428542055715,-0.014576376170502094,1.2735149706859723,-0.22324870871663732,0.25887658761638377,1,1,5,0,1,0,-200,0,0,100,0,0,64,24,108,-24,-24,0,35,33,37,36,32,37,124,122,123,122,122,123,-999,-999,-999
4.256742477416992,-0.11124076551172649,0.036057351579663076,0.02378250848871394,1.265843193754129,-0.22785177487574323,0.26006956728281877,-0.13579045169362475,0.03145428542055715,-0.013042020784133452,1.2735149706859723,-0.22324870871663732,0.25887658761638377,1,0,6,1,0,0,-200,0,0,100,0,0,72,24,112,-32,-24,0,35,33,37,36,32,37,124,122,123,122,122,123,-999,-999,-999
4.271885633468628,-0.11584383167083243,0.036057351579663076,0.02378250848871394,1.2673775491404977,-0.22785177487574323,0.26006956728281877,-0.1419278732390993,0.03145428542055715,-0.013042020784133452,1.2735149706859723,-0.22324870871663732,0.25887658761638377,1,1,5,0,0,0,-200,0,0,0,0,0,80,24,104,-28,-24,0,35,33,37,36,32,37,124,122,123,122,122,123,-999,-999,-999
4.2887513637542725,-0.12044689782993835,0.036057351579663076,0.02378250848871394,1.2689119045268664,-0.22785177487574323,0.26006956728281877,-0.14499658401183663,0.03145428542055715,-0.013042020784133452,1.2735149706859723,-0.22324870871663732,0.25887658761638377,2,0,6,0,0,0,-150,0,0,50,0,0,80,24,108,-20,-24,0,35,33,37,36,32,36,124,122,123,122,122,122,-999,-999,-999
4.303865671157837,-0.12504996398904428,0.036057351579663076,0.02378250848871394,1.2689119045268664,-0.22785177487574323,0.26006956728281877,-0.14959965017094254,0.03145428542055715,-0.01150766539776481,1.2735149706859723,-0.22324870871663732,0.25887658761638377,1,0,5,0,0,0,-150,0,0,50,0,0,80,24,108,-20,-24,0,35,33,37,36,32,37,124,122,122,122,122,123,-999,-999,-999
4.319769382476807,-0.1296530301481502,0.036057351579663076,0.02378250848871394,1.2689119045268664,-0.22785177487574323,0.26006956728281877,-0.1557370717164171,0.03145428542055715,-0.01150766539776481,1.2735149706859723,-0.22324870871663732,0.25887658761638377,0,0,5,0,0,0,-200,0,0,0,0,0,64,24,104,-24,-24,0,35,33,37,36,32,37,124,122,123,122,122,123,-999,-999,-999
4.336325168609619,-0.13425609630725613,0.036057351579663076,0.02378250848871394,1.2689119045268664,-0.22785177487574323,0.26006956728281877,-0.160340137875523,0.03145428542055715,-0.009973310011396168,1.2735149706859723,-0.22324870871663732,0.25887658761638377,2,1,4,0,0,0,-200,0,0,0,0,0,88,24,100,-24,-24,0,35,33,37,36,32,36,124,122,123,122,122,122,-999,-999,-999
4.35275673866272,-0.13885916246636204,0.036057351579663076,0.02378250848871394,1.2689119045268664,-0.22785177487574323,0.26006956728281877,-0.16494320403462895,0.03298864080692579,-0.009973310011396168,1.2735149706859723,-0.22324870871663732,0.25887658761638377,1,0,5,0,0,0,-150,0,0,0,0,0,76,24,96,-24,-24,0,35,33,37,36,32,37,124,122,123,122,122,123,-999,-999,-999
4.369336843490601,-0.14499658401183663,0.036057351579663076,0.02378250848871394,1.2689119045268664,-0.22785177487574323,0.26006956728281877,-0.16954627019373486,0.03298864080692579,-0.008438954625027528,1.2735149706859723,-0.22324870871663732,0.25887658761638377,1,0,5,1,0,0,-200,0,0,0,0,0,76,20,100,-24,-24,0,35,33,37,36,32,36,124,122,123,122,122,123,-999,-999,-999
4.385343790054321,-0.14959965017094254,0.036057351579663076,0.02378250848871394,1.2689119045268664,-0.22785177487574323,0.26006956728281877,-0.17568369173920942,0.03298864080692579,-0.008438954625027528,1.2735149706859723,-0.22324870871663732,0.25887658761638377,1,0,4,1,0,0,-200,0,0,0,0,0,72,0,92,-24,-24,0,35,33,37,36,32,36,124,122,123,122,122,123,-999,-999,-999
4.400773525238037,-0.1526683609436798,0.03759170696603171,0.02378250848871394,1.2689119045268664,-0.22785177487574323,0.26006956728281877,-0.18028675789831536,0.03298864080692579,-0.008438954625027528,1.2735149706859723,-0.22324870871663732,0.25887658761638377,1,0,4,0,1,0,-200,0,0,0,0,0,80,24,92,-24,-24,0,35,33,38,36,32,37,124,122,123,122,122,123,-999,-999,-999
4.416785955429077,-0.15880578248915436,0.03759170696603171,0.02378250848871394,1.2689119045268664,-0.22785177487574323,0.26006956728281877,-0.1879585348301586,0.03298864080692579,-0.008438954625027528,1.2735149706859723,-0.22324870871663732,0.25887658761638377,1,0,4,1,0,0,-200,50,0,0,0,0,80,28,96,-24,-24,0,35,33,37,36,32,37,124,122,123,122,122,123,-999,-999,-999
4.432806491851807,-0.1634088486482603,0.03759170696603171,0.02378250848871394,1.2689119045268664,-0.22785177487574323,0.26006956728281877,-0.19256160098926448,0.03298864080692579,-0.008438954625027528,1.2735149706859723,-0.22324870871663732,0.25887658761638377,1,0,4,0,0,0,-200,50,0,0,0,0,80,24,96,-24,-24,0,36,33,37,36,32,37,124,122,123,122,122,123,-999,-999,-999
4.449319839477539,-0.16954627019373486,0.03759170696603171,0.02378250848871394,1.2689119045268664,-0.22785177487574323,0.26006956728281877,-0.19716466714837041,0.03298864080692579,-0.008438954625027528,1.2735149706859723,-0.22324870871663732,0.25887658761638377,1,0,4,0,1,0,-250,0,0,0,0,0,88,24,96,-24,-24,0,35,33,37,36,32,36,124,122,123,122,122,122,-999,-999,-999
4.464958667755127,-0.1741493363528408,0.03759170696603171,0.02378250848871394,1.2689119045268664,-0.22785177487574323,0.26006956728281877,-0.20330208869384497,0.03298864080692579,-0.008438954625027528,1.2735149706859723,-0.22324870871663732,0.25887658761638377,1,0,4,1,0,0,-250,0,0,0,0,0,84,24,96,-24,-24,0,35,33,37,36,32,36,124,122,123,122,122,123,-999,-999,-999
4.480942964553833,-0.18028675789831536,0.03759170696603171,0.02378250848871394,1.2689119045268664,-0.22785177487574323,0.26006956728281877,-0.2079051548529509,0.03298864080692579,-0.008438954625027528,1.2735149706859723,-0.22324870871663732,0.25887658761638377,1,0,4,0,0,0,-200,0,0,0,0,0,80,24,96,-24,-24,0,35,33,37,36,32,37,124,122,123,122,122,123,-999,-999,-999
4.49694037437439,-0.18642417944378992,0.03759170696603171,0.02378250848871394,1.2689119045268664,-0.22785177487574323,0.26006956728281877,-0.21404257639842547,0.03298864080692579,-0.006904599238658886,1.2735149706859723,-0.22324870871663732,0.25887658761638377,1,0,4,0,0,0,-200,0,0,0,0,0,84,24,96,-24,-24,0,35,33,38,36,32,37,124,122,123,122,122,123,-999,-999,-999
4.5117974281311035,-0.19102724560289586,0.03759170696603171,0.02378250848871394,1.2689119045268664,-0.22785177487574323,0.26006956728281877,-0.21864564255753138,0.03298864080692579,-0.006904599238658886,1.2735149706859723,-0.22324870871663732,0.2576836079499488,1,0,4,0,0,0,-200,0,0,0,0,0,76,24,92,-24,-24,20,35,33,37,36,32,37,124,122,123,122,122,123,-999,-999,-999
4.528932571411133,-0.19563031176200177,0.03759170696603171,0.02378250848871394,1.2689119045268664,-0.22785177487574323,0.26006956728281877,-0.22324870871663732,0.03298864080692579,-0.006904599238658886,1.2735149706859723,-0.22324870871663732,0.2576836079499488,2,0,4,1,0,0,-250,0,0,0,0,0,80,24,88,-24,-24,24,35,33,37,36,32,36,124,122,123,122,122,123,-999,-999,-999
4.54534125328064,-0.20176773330747633,0.03759170696603171,0.02378250848871394,1.2689119045268664,-0.22785177487574323,0.26006956728281877,-0.22785177487574323,0.03298864080692579,-0.006904599238658886,1.2735149706859723,-0.22324870871663732,0.2576836079499488,1,1,4,0,1,0,-200,0,0,0,0,0,80,24,92,-24,-24,20,35,33,37,36,32,37,124,122,123,122,122,123,-999,-999,-999
4.561364412307739,-0.20637079946658227,0.03759170696603171,0.02378250848871394,1.2689119045268664,-0.22785177487574323,0.26006956728281877,-0.23245484103484917,0.03452299619329443,-0.006904599238658886,1.2735149706859723,-0.22324870871663732,0.2576836079499488,1,0,4,0,1,0,-200,0,0,0,0,0,76,24,92,-24,-24,20,35,33,37,36,32,37,124,122,123,122,122,123,-999,-999,-999
4.577362060546875,-0.21250822101205682,0.03759170696603171,0.02378250848871394,1.2689119045268664,-0.22785177487574323,0.26006956728281877,-0.2370579071939551,0.03452299619329443,-0.006904599238658886,1.2735149706859723,-0.22324870871663732,0.2576836079499488,1,0,4,1,0,0,-200,0,0,0,0,0,72,0,92,-24,-24,20,35,33,38,36,32,36,124,122,123,122,122,123,-999,-999,-999
4.593830823898315,-0.21711128717116276,0.03759170696603171,0.02378250848871394,1.2689119045268664,-0.22785177487574323,0.26006956728281877,-0.24166097335306103,0.03452299619329443,-0.006904599238658886,1.2735149706859723,-0.22324870871663732,0.2576836079499488,1,0,4,1,0,1,-200,0,0,0,0,0,76,20,92,-24,-24,20,35,33,37,36,32,36,124,122,123,122,122,123,-999,-999,-999
4.608960151672363,-0.22171435333026868,0.03759170696603171,0.02378250848871394,1.2689119045268664,-0.22785177487574323,0.26006956728281877,-0.24626403951216694,0.03452299619329443,-0.006904599238658886,1.2735149706859723,-0.22324870871663732,0.2576836079499488,1,0,4,1,0,0,-200,0,0,0,0,0,76,20,92,-24,-24,20,35,33,37,36,32,37,124,122,123,122,122,123,-999,-999,-999
4.626803636550903,-0.22631741948937462,0.03759170696603171,0.02378250848871394,1.2689119045268664,-0.22785177487574323,0.26006956728281877,-0.25086710567127285,0.03452299619329443,-0.006904599238658886,1.2735149706859723,-0.22324870871663732,0.2576836079499488,1,0,4,1,0,0,-200,0,0,0,0,0,76,20,92,-24,-24,20,35,33,37,36,32,37,124,122,123,122,122,123,-999,-999,-999
4.641802072525024,-0.22938613026211188,0.03759170696603171,0.02378250848871394,1.2689119045268664,-0.22785177487574323,0.26006956728281877,-0.2554701718303788,0.03452299619329443,-0.006904599238658886,1.2735149706859723,-0.22324870871663732,0.2576836079499488,1,0,4,0,1,0,-200,0,0,0,0,0,72,20,92,-24,-24,20,35,33,37,36,32,36,124,122,123,122,122,123,-999,-999,-999
4.657841682434082,-0.23552355180758644,0.03759170696603171,0.02378250848871394,1.2689119045268664,-0.22785177487574323,0.26006956728281877,-0.2585388826031161,0.03452299619329443,-0.006904599238658886,1.2735149706859723,-0.22324870871663732,0.2576836079499488,0,1,4,0,0,1,-150,0,0,0,0,0,80,20,92,-24,-24,20,35,33,37,36,32,37,124,122,123,122,122,122,-999,-999,-999
4.673351764678955,-0.23859226258032373,0.03759170696603171,0.02378250848871394,1.2689119045268664,-0.22785177487574323,0.26006956728281877,-0.26314194876222197,0.03452299619329443,-0.006904599238658886,1.2735149706859723,-0.22324870871663732,0.2576836079499488,1,1,3,1,0,0,-200,0,0,0,0,0,68,20,92,-24,-24,20,35,33,37,36,32,36,124,122,123,122,122,122,-999,-999,-999
4.6898486614227295,-0.24319532873942967,0.03759170696603171,0.02378250848871394,1.2689119045268664,-0.22785177487574323,0.26006956728281877,-0.2662106595349593,0.03452299619329443,-0.006904599238658886,1.2735149706859723,-0.22324870871663732,0.2576836079499488,1,0,4,0,0,0,-150,0,0,0,0,0,72,20,92,-24,-24,20,35,33,37,36,32,36,124,122,123,122,122,123,-999,-999,-999
4.7059266567230225,-0.24779839489853556,0.03759170696603171,0.02378250848871394,1.2689119045268664,-0.22785177487574323,0.26006956728281877,-0.2708137256940652,0.03452299619329443,-0.006904599238658886,1.2735149706859723,-0.22324870871663732,0.2576836079499488,1,0,4,0,0,1,-200,0,0,0,0,0,64,20,92,-24,-24,20,35,33,37,36,32,37,124,122,123,122,122,122,-999,-999,-999
4.721835374832153,-0.2524014610576415,0.03759170696603171,0.02378250848871394,1.2689119045268664,-0.22785177487574323,0.26006956728281877,-0.27541679185317114,0.03452299619329443,-0.006904599238658886,1.2735149706859723,-0.22324870871663732,0.2576836079499488,1,0,3,0,0,0,-150,0,0,0,0,0,64,20,92,-24,-24,20,35,33,37,36,32,36,124,122,123,122,122,123,-999,-999,-999
4.7377941608428955,-0.25700452721674744,0.03759170696603171,0.02378250848871394,1.2689119045268664,-0.22785177487574323,0.26006956728281877,-0.27848550262590843,0.03452299619329443,-0.006904599238658886,1.2735149706859723,-0.22324870871663732,0.2576836079499488,1,0,4,0,0,1,-150,0,0,0,0,0,76,20,92,-24,-24,20,35,33,37,36,32,36,124,122,123,122,122,123,-999,-999,-999
4.753396511077881,-0.26007323798948473,0.03759170696603171,0.02378250848871394,1.2689119045268664,-0.22785177487574323,0.26006956728281877,-0.2830885687850143,0.03452299619329443,-0.006904599238658886,1.2735149706859723,-0.22324870871663732,0.2576836079499488,1,1,4,1,0,0,-200,0,0,0,0,0,64,20,92,-24,-24,20,35,33,37,36,32,36,124,122,123,122,122,123,-999,-999,-999
4.769813537597656,-0.2646763041485906,0.03759170696603171,0.02378250848871394,1.2689119045268664,-0.22785177487574323,0.26006956728281877,-0.2876916349441202,0.03452299619329443,-0.006904599238658886,1.2735149706859723,-0.22324870871663732,0.2576836079499488,1,0,4,1,0,0,-150,0,0,0,0,0,68,20,92,-24,-24,20,35,33,37,36,32,37,124,122,123,122,121,122,-999,-999,-999
4.785967588424683,-0.26927937030769655,0.03759170696603171,0.02378250848871394,1.2689119045268664,-0.22785177487574323,0.26006956728281877,-0.29076034571685755,0.03452299619329443,-0.005370243852290245,1.2735149706859723,-0.22324870871663732,0.25649062828351393,2,0,4,0,1,1,-150,0,0,0,0,0,76,20,92,-24,-24,24,35,33,37,36,32,37,124,122,123,122,122,123,-999,-999,-999
4.801849365234375,-0.27234808108043385,0.03759170696603171,0.02378250848871394,1.2689119045268664,-0.22785177487574323,0.26006956728281877,-0.29382905648959484,0.036057351579663076,-0.005370243852290245,1.2735149706859723,-0.22324870871663732,0.25649062828351393,1,1,3,0,0,1,-200,0,0,0,0,0,72,20,84,-24,-24,28,35,33,37,36,32,37,124,122,123,122,122,123,-999,-999,-999
4.817775726318359,-0.2769511472395398,0.03759170696603171,0.02378250848871394,1.2689119045268664,-0.22785177487574323,0.26006956728281877,-0.2968977672623321,0.039126062352400355,-0.005370243852290245,1.2735149706859723,-0.22324870871663732,0.25649062828351393,1,0,4,0,0,1,-200,0,0,0,0,0,60,-20,84,-24,-24,24,35,33,37,36,32,37,124,122,123,122,122,123,-999,-999,-999
4.833975315093994,-0.280019858012277,0.039126062352400355,0.02378250848871394,1.2689119045268664,-0.22785177487574323,0.26006956728281877,-0.2999664780350694,0.042194773125137634,-0.005370243852290245,1.2735149706859723,-0.22324870871663732,0.25649062828351393,1,0,4,0,1,1,-150,50,0,0,0,0,60,0,88,-24,-24,24,35,33,37,36,32,36,124,122,123,122,122,123,-999,-999,-999
4.849843502044678,-0.28462292417138296,0.042194773125137634,0.02378250848871394,1.2689119045268664,-0.22785177487574323,0.26006956728281877,-0.30303518880780667,0.0483321946706122,-0.0038358884659216034,1.2735149706859723,-0.22324870871663732,0.25649062828351393,1,0,3,0,1,0,-150,50,0,0,0,0,60,0,88,-24,-24,24,35,33,37,36,32,37,124,122,123,122,122,123,-999,-999,-999
4.865853309631348,-0.2876916349441202,0.04526348389787492,0.02378250848871394,1.2689119045268664,-0.22785177487574323,0.26006956728281877,-0.30610389958054396,0.05446961621608677,-0.0038358884659216034,1.2735149706859723,-0.22324870871663732,0.25649062828351393,1,0,3,0,1,0,-150,50,0,0,0,0,60,-24,80,-24,-24,24,35,33,37,36,32,36,124,122,123,122,122,123,-999,-999,-999
4.882383823394775,-0.29076034571685755,0.0483321946706122,0.02378250848871394,1.2689119045268664,-0.22785177487574323,0.26006956728281877,-0.3076382549669126,0.06214139314792997,-0.005370243852290245,1.2735149706859723,-0.22324870871663732,0.25649062828351393,0,0,4,1,0,1,-150,100,0,0,0,0,60,-40,92,-24,-24,24,35,33,37,36,32,36,124,122,123,122,122,123,-999,-999,-999
4.898842811584473,-0.2953634118759635,0.05446961621608677,0.02378250848871394,1.2689119045268664,-0.22785177487574323,0.26006956728281877,-0.30917261035328125,0.06827881469340454,-0.006904599238658886,1.2735149706859723,-0.22324870871663732,0.25649062828351393,0,0,4,0,1,1,-150,150,0,0,0,0,52,-52,96,-24,-24,24,35,33,37,36,32,36,124,122,123,122,122,123,-999,-999,-999
4.914855480194092,-0.2968977672623321,0.05907268237519269,0.02378250848871394,1.2689119045268664,-0.22785177487574323,0.26006956728281877,-0.31224132112601855,0.07441623623887911,-0.009973310011396168,1.2735149706859723,-0.22324870871663732,0.25649062828351393,0,0,5,0,0,0,-150,200,0,0,0,0,44,-52,100,-24,-24,24,35,33,37,36,32,37,124,122,123,122,122,123,-999,-999,-999
4.931416988372803,-0.2999664780350694,0.06367574853429861,0.02378250848871394,1.2689119045268664,-0.22785177487574323,0.26006956728281877,-0.31377567651238714,0.08208801317072231,-0.01150766539776481,1.2735149706859723,-0.22324870871663732,0.25649062828351393,1,0,6,1,0,0,-100,200,0,0,0,0,52,-44,112,-24,-24,24,35,33,37,36,32,37,124,122,123,122,122,123,-999,-999,-999
4.947395324707031,-0.30303518880780667,0.07134752546614181,0.02378250848871394,1.2689119045268664,-0.22785177487574323,0.26006956728281877,-0.3153100318987558,0.08669107932982824,-0.01150766539776481,1.2735149706859723,-0.22324870871663732,0.25649062828351393,0,0,5,0,0,1,-100,200,0,0,0,0,40,-48,108,-24,-24,24,35,33,37,36,32,36,124,122,123,122,122,123,-999,-999,-999
4.962876319885254,-0.30456954419417526,0.07748494701161639,0.02378250848871394,1.2689119045268664,-0.22785177487574323,0.26006956728281877,-0.3153100318987558,0.0928285008753028,-0.01150766539776481,1.2735149706859723,-0.22324870871663732,0.25649062828351393,0,0,5,0,0,1,-100,250,0,0,0,0,36,-52,104,-24,-24,24,35,33,37,36,32,37,124,122,123,122,122,123,-999,-999,-999
4.9789879322052,-0.30610389958054396,0.08362236855709095,0.02378250848871394,1.2689119045268664,-0.22785177487574323,0.26006956728281877,-0.3153100318987558,0.09589721164804009,-0.013042020784133452,1.2735149706859723,-0.22324870871663732,0.25649062828351393,1,0,6,1,1,0,-50,300,0,0,0,0,36,-28,108,-24,-24,24,35,33,38,36,32,36,124,122,123,122,122,123,-999,-999,-999
4.99500036239624,-0.30610389958054396,0.09129414548893416,0.02378250848871394,1.2689119045268664,-0.22785177487574323,0.26006956728281877,-0.31684438728512443,0.09896592242077737,-0.013042020784133452,1.2719806152996036,-0.22478306410300597,0.25649062828351393,0,0,6,0,0,1,-50,250,0,0,0,0,40,-32,112,0,-20,24,35,33,37,36,32,37,124,122,123,122,122,123,-999,-999,-999
5.010995149612427,-0.3076382549669126,0.09436285626167144,0.02378250848871394,1.2689119045268664,-0.22785177487574323,0.26006956728281877,-0.31684438728512443,0.1035689885798833,-0.013042020784133452,1.2719806152996036,-0.22478306410300597,0.2576836079499488,0,0,5,0,0,1,-50,250,0,0,0,0,36,0,108,0,0,24,35,33,37,36,32,37,124,122,123,122,122,123,-999,-999,-999
5.026875972747803,-0.30917261035328125,0.09896592242077737,0.02378250848871394,1.2689119045268664,-0.22785177487574323,0.26006956728281877,-0.31684438728512443,0.10817205473898922,-0.013042020784133452,1.270446259913235,-0.22478306410300597,0.2576836079499488,0,0,6,0,0,0,-50,250,0,0,0,0,28,0,108,0,-20,20,35,33,37,36,32,36,124,122,123,122,122,123,-999,-999,-999
5.042410612106323,-0.3107069657396499,0.10203463319351465,0.02378250848871394,1.2689119045268664,-0.22785177487574323,0.26006956728281877,-0.31684438728512443,0.11277512089809515,-0.013042020784133452,1.270446259913235,-0.22478306410300597,0.2576836079499488,0,0,5,1,0,0,-50,150,0,0,0,0,28,-32,108,20,-20,0,35,33,37,36,32,36,124,122,123,122,122,123,-999,-999,-999
5.058448076248169,-0.3107069657396499,0.10663769935262057,0.02378250848871394,1.2689119045268664,-0.22785177487574323,0.26006956728281877,-0.31684438728512443,0.11584383167083243,-0.013042020784133452,1.270446259913235,-0.22478306410300597,0.25887658761638377,0,0,6,0,0,0,-50,150,0,0,0,0,24,-32,108,0,-20,20,35,33,37,36,32,36,124,122,123,122,122,123,-999,-999,-999
5.074842929840088,-0.3107069657396499,0.11277512089809515,0.02378250848871394,1.2689119045268664,-0.22785177487574323,0.26006956728281877,-0.31684438728512443,0.11737818705720107,-0.013042020784133452,1.270446259913235,-0.22478306410300597,0.25887658761638377,0,0,5,0,0,0,-50,200,0,0,0,0,24,-32,108,0,-20,-20,35,33,37,36,32,37,124,122,123,122,122,123,-999,-999,-999
5.09087347984314,-0.3107069657396499,0.11737818705720107,0.02378250848871394,1.2689119045268664,-0.22785177487574323,0.26006956728281877,-0.31684438728512443,0.12044689782993835,-0.013042020784133452,1.2689119045268664,-0.22478306410300597,0.25887658761638377,0,1,5,0,0,0,0,200,0,0,0,0,28,28,108,0,-20,0,35,33,37,36,32,36,124,122,123,122,122,123,-999,-999,-999
5.106876611709595,-0.31224132112601855,0.1189125424435697,0.02378250848871394,1.2689119045268664,-0.22785177487574323,0.26006956728281877,-0.31684438728512443,0.12351560860267563,-0.013042020784133452,1.2689119045268664,-0.22478306410300597,0.25887658761638377,0,0,5,0,0,0,0,200,0,0,0,0,28,20,108,0,-20,0,35,33,37,36,32,37,124,122,123,122,122,123,-999,-999,-999
5.1240363121032715,-0.31224132112601855,0.12044689782993835,0.02378250848871394,1.2689119045268664,-0.22785177487574323,0.26006956728281877,-0.3183787426714931,0.12658431937541292,-0.013042020784133452,1.2689119045268664,-0.22478306410300597,0.25887658761638377,0,0,6,0,0,0,-50,150,0,0,0,0,24,-20,108,0,-20,0,35,33,37,36,32,36,124,122,123,122,122,123,-999,-999,-999
5.139845132827759,-0.31224132112601855,0.12504996398904428,0.02378250848871394,1.2689119045268664,-0.22785177487574323,0.26006956728281877,-0.3214474534442303,0.1296530301481502,-0.013042020784133452,1.2689119045268664,-0.22478306410300597,0.25887658761638377,1,0,6,0,0,0,0,50,0,0,0,0,40,-28,108,0,-20,0,35,33,37,36,32,37,124,122,123,122,122,123,-999,-999,-999
5.1540374755859375,-0.31224132112601855,0.12811867476178154,0.02378250848871394,1.2689119045268664,-0.22785177487574323,0.26006956728281877,-0.322981808830599,0.13272174092088748,-0.013042020784133452,1.2689119045268664,-0.22478306410300597,0.25887658761638377,1,0,5,0,0,0,0,150,0,0,0,0,48,-20,108,0,-20,0,35,33,37,36,32,36,124,122,123,122,122,122,-999,-999,-999
5.1714208126068115,-0.31224132112601855,0.13118738553451884,0.02378250848871394,1.2689119045268664,-0.22785177487574323,0.26006956728281877,-0.32451616421696766,0.13579045169362475,-0.013042020784133452,1.2689119045268664,-0.22478306410300597,0.25887658761638377,1,0,6,0,1,0,0,150,0,0,0,0,52,20,108,0,-20,0,35,33,37,36,32,37,124,122,123,122,122,123,-999,-999,-999
5.187880992889404,-0.31377567651238714,0.13425609630725613,0.02378250848871394,1.2689119045268664,-0.22785177487574323,0.26006956728281877,-0.3260505196033363,0.13885916246636204,-0.013042020784133452,1.2673775491404977,-0.22478306410300597,0.25887658761638377,1,0,5,0,0,0,0,150,0,0,0,0,48,-24,108,0,-20,0,35,33,37,36,32,37,124,122,123,122,122,123,-999,-999,-999
5.204016447067261,-0.3153100318987558,0.13579045169362475,0.02378250848871394,1.2689119045268664,-0.22785177487574323,0.26006956728281877,-0.3260505196033363,0.14346222862546795,-0.013042020784133452,1.2673775491404977,-0.22478306410300597,0.25887658761638377,0,0,5,0,0,0,-50,100,0,0,0,0,44,-28,108,0,-20,0,35,33,37,36,32,37,124,122,123,122,122,123,-999,-999,-999
5.220023155212402,-0.3153100318987558,0.13885916246636204,0.02378250848871394,1.2689119045268664,-0.22785177487574323,0.26006956728281877,-0.3260505196033363,0.14499658401183663,-0.013042020784133452,1.2673775491404977,-0.22478306410300597,0.25887658761638377,1,0,5,0,0,0,-50,50,0,0,0,0,36,-32,108,0,-20,0,35,33,37,36,32,36,124,122,123,122,122,123,-999,-999,-999
5.235879421234131,-0.31684438728512443,0.14346222862546795,0.02378250848871394,1.2689119045268664,-0.22785177487574323,0.26006956728281877,-0.3260505196033363,0.14959965017094254,-0.013042020784133452,1.2673775491404977,-0.22478306410300597,0.25887658761638377,0,0,6,0,0,0,-50,150,0,0,0,0,32,-24,108,0,-20,0,35,33,37,36,32,37,124,122,123,122,122,123,-999,-999,-999
5.250982046127319,-0.3183787426714931,0.1480652947845739,0.02378250848871394,1.2689119045268664,-0.22785177487574323,0.26006956728281877,-0.3260505196033363,0.1526683609436798,-0.013042020784133452,1.2673775491404977,-0.22478306410300597,0.25887658761638377,0,0,6,0,0,0,-50,200,0,0,0,0,28,20,108,0,-20,0,35,33,37,36,32,37,124,122,123,122,122,122,-999,-999,-999
5.268442153930664,-0.3214474534442303,0.15113400555731116,0.02378250848871394,1.2689119045268664,-0.22785177487574323,0.26006956728281877,-0.3260505196033363,0.1557370717164171,-0.013042020784133452,1.2673775491404977,-0.22478306410300597,0.25887658761638377,0,0,5,0,0,0,-50,150,0,0,0,0,24,-20,108,0,-20,0,35,33,37,36,32,37,124,122,123,122,122,123,-999,-999,-999
5.283871412277222,-0.3214474534442303,0.15420271633004848,0.02378250848871394,1.2689119045268664,-0.22785177487574323,0.26006956728281877,-0.3260505196033363,0.15880578248915436,-0.013042020784133452,1.2673775491404977,-0.22478306410300597,0.25887658761638377,0,0,6,0,0,0,-50,150,0,0,0,0,0,-20,108,0,-20,0,35,33,37,36,32,37,124,122,123,122,122,123,-999,-999,-999
5.299469947814941,-0.3214474534442303,0.15880578248915436,0.02378250848871394,1.2689119045268664,-0.22785177487574323,0.26006956728281877,-0.3260505196033363,0.160340137875523,-0.013042020784133452,1.2673775491404977,-0.22478306410300597,0.25887658761638377,0,0,7,0,0,0,-50,100,0,0,0,0,24,0,108,0,-20,0,35,32,37,36,32,36,124,122,123,122,122,123,-999,-999,-999
5.31601619720459,-0.3214474534442303,0.16187449326189168,0.02378250848871394,1.2689119045268664,-0.22785177487574323,0.26006956728281877,-0.3260505196033363,0.1634088486482603,-0.013042020784133452,1.2673775491404977,-0.22478306410300597,0.25887658761638377,0,0,6,0,0,0,0,200,0,0,0,0,24,20,108,0,-20,0,35,33,37,36,32,36,124,122,123,122,122,122,-999,-999,-999
5.332069396972656,-0.3214474534442303,0.1634088486482603,0.02378250848871394,1.2689119045268664,-0.22785177487574323,0.26006956728281877,-0.3260505196033363,0.16494320403462895,-0.013042020784133452,1.2673775491404977,-0.22478306410300597,0.25887658761638377,0,0,5,0,0,0,0,100,0,0,0,0,24,0,108,0,-20,0,35,33,37,36,32,37,124,122,123,122,122,123,-999,-999,-999
5.346882581710815,-0.3214474534442303,0.16494320403462895,0.02378250848871394,1.2689119045268664,-0.22785177487574323,0.26006956728281877,-0.3260505196033363,0.1680119148073662,-0.013042020784133452,1.2673775491404977,-0.22478306410300597,0.25887658761638377,0,0,5,0,0,0,0,100,0,0,0,0,24,0,108,0,-20,0,35,33,37,36,32,36,124,122,123,122,122,123,-999,-999,-999
5.364073753356934,-0.3199130980578617,0.1664775594209976,0.02378250848871394,1.2689119045268664,-0.22785177487574323,0.26006956728281877,-0.3260505196033363,0.17108062558010353,-0.013042020784133452,1.2673775491404977,-0.22478306410300597,0.25887658761638377,0,0,5,0,0,0,0,100,0,0,0,0,28,0,108,0,-20,0,35,33,37,36,32,36,124,122,123,122,122,122,-999,-999,-999
5.3798933029174805,-0.3183787426714931,0.1680119148073662,0.02378250848871394,1.2689119045268664,-0.22785177487574323,0.26006956728281877,-0.3260505196033363,0.17261498096647215,-0.013042020784133452,1.2673775491404977,-0.22478306410300597,0.25887658761638377,0,0,5,0,0,0,50,50,0,0,0,0,36,-24,108,0,-20,0,35,33,37,36,32,36,124,122,123,122,122,122,-999,-999,-999
5.396921634674072,-0.31684438728512443,0.17108062558010353,0.02378250848871394,1.2689119045268664,-0.22785177487574323,0.26006956728281877,-0.3260505196033363,0.17568369173920942,-0.013042020784133452,1.265843193754129,-0.22478306410300597,0.26006956728281877,1,0,5,0,0,0,50,50,0,0,0,0,36,-24,108,20,-20,0,35,33,37,36,32,37,124,122,123,122,122,123,-999,-999,-999
5.412494421005249,-0.31684438728512443,0.1741493363528408,0.02378250848871394,1.2689119045268664,-0.22785177487574323,0.26006956728281877,-0.3260505196033363,0.1787524025119467,-0.013042020784133452,1.2627744829813918,-0.22478306410300597,0.26006956728281877,1,0,6,1,1,0,50,100,0,0,0,0,40,-20,108,32,-20,0,35,33,37,36,32,37,124,122,123,122,122,122,-999,-999,-999
5.42808723449707,-0.31684438728512443,0.17721804712557807,0.02378250848871394,1.2689119045268664,-0.22785177487574323,0.26006956728281877,-0.3260505196033363,0.18028675789831536,-0.013042020784133452,1.258171416822286,-0.22478306410300597,0.26006956728281877,1,0,5,1,0,0,50,150,0,0,0,0,40,0,108,40,-20,0,35,33,37,36,32,37,124,122,123,122,122,123,-999,-999,-999
5.4429030418396,-0.31684438728512443,0.1787524025119467,0.02378250848871394,1.2689119045268664,-0.22785177487574323,0.26006956728281877,-0.3260505196033363,0.181821113284684,-0.013042020784133452,1.25356835066318,-0.22478306410300597,0.26006956728281877,1,0,5,1,0,0,0,150,0,0,0,0,36,20,108,52,-20,0,35,33,37,36,32,37,124,122,123,122,122,123,-999,-999,-999
5.460069894790649,-0.31684438728512443,0.18028675789831536,0.02378250848871394,1.2673775491404977,-0.22785177487574323,0.26006956728281877,-0.3260505196033363,0.18488982405742127,-0.013042020784133452,1.2504996398904427,-0.22478306410300597,0.26006956728281877,1,0,5,2,1,0,0,100,0,0,0,0,36,0,108,68,-20,0,35,33,37,36,32,36,124,122,123,122,122,122,-999,-999,-999
5.475929260253906,-0.31684438728512443,0.18488982405742127,0.02378250848871394,1.2643088383677605,-0.22785177487574323,0.26006956728281877,-0.3260505196033363,0.18642417944378992,-0.013042020784133452,1.2474309291177055,-0.22478306410300597,0.26006956728281877,1,0,5,1,0,0,0,50,0,-50,0,0,36,0,108,64,-20,0,35,33,37,36,31,37,124,122,123,122,122,123,-999,-999,-999
5.492497682571411,-0.31684438728512443,0.1879585348301586,0.02378250848871394,1.2612401275950231,-0.22785177487574323,0.26006956728281877,-0.3260505196033363,0.1879585348301586,-0.013042020784133452,1.2458965737313368,-0.22478306410300597,0.26006956728281877,1,0,7,1,0,0,0,150,0,-150,0,0,36,0,108,56,-20,0,35,33,37,36,32,36,124,122,123,122,122,122,-999,-999,-999
5.508898973464966,-0.31684438728512443,0.19102724560289586,0.02378250848871394,1.258171416822286,-0.22785177487574323,0.26006956728281877,-0.3260505196033363,0.19102724560289586,-0.013042020784133452,1.2443622183449683,-0.22478306410300597,0.26006956728281877,1,0,6,1,0,0,0,150,0,-150,0,0,36,0,108,52,-20,0,35,33,37,36,32,37,124,122,123,122,122,123,-999,-999,-999
5.523981094360352,-0.31684438728512443,0.19409595637563312,0.02378250848871394,1.2566370614359172,-0.22785177487574323,0.26006956728281877,-0.3260505196033363,0.19256160098926448,-0.013042020784133452,1.2443622183449683,-0.22478306410300597,0.26006956728281877,0,0,5,0,0,0,0,150,0,-100,0,0,36,0,108,40,-20,0,35,33,37,36,32,37,123,122,123,122,122,123,-999,-999,-999
5.540919780731201,-0.31684438728512443,0.19563031176200177,0.02378250848871394,1.2551027060495485,-0.22785177487574323,0.26006956728281877,-0.3260505196033363,0.19409595637563312,-0.013042020784133452,1.241293507572231,-0.22478306410300597,0.26006956728281877,1,0,5,1,0,0,0,100,0,-100,0,0,36,20,108,36,-20,0,35,33,37,36,32,37,124,122,123,122,122,122,-999,-999,-999
5.557941198348999,-0.31684438728512443,0.19869902253473906,0.02378250848871394,1.25356835066318,-0.22785177487574323,0.26006956728281877,-0.32758487498970495,0.19716466714837041,-0.013042020784133452,1.236690441413125,-0.22478306410300597,0.26006956728281877,1,0,5,0,1,0,0,100,0,-50,0,0,40,24,108,48,-20,0,35,33,37,36,32,37,124,122,123,122,122,122,-999,-999,-999
5.572929382324219,-0.31684438728512443,0.19869902253473906,0.02378250848871394,1.2520339952768114,-0.22785177487574323,0.26006956728281877,-0.32758487498970495,0.19869902253473906,-0.013042020784133452,1.2290186644812817,-0.22478306410300597,0.26006956728281877,0,0,5,2,1,0,0,100,0,-50,0,0,44,0,108,72,-20,0,35,33,37,36,32,37,124,122,123,122,122,122,-999,-999,-999
5.589956521987915,-0.31684438728512443,0.19869902253473906,0.02378250848871394,1.2474309291177055,-0.22785177487574323,0.26006956728281877,-0.32758487498970495,0.20176773330747633,-0.01150766539776481,1.2244155983221758,-0.22478306410300597,0.26006956728281877,1,0,5,2,1,0,0,0,0,-50,0,0,44,-20,108,88,-20,0,35,33,37,36,32,36,124,122,123,122,122,123,-999,-999,-999
5.604951858520508,-0.31684438728512443,0.20176773330747633,0.02378250848871394,1.2428278629585996,-0.22785177487574323,0.26006956728281877,-0.32758487498970495,0.20330208869384497,-0.01150766539776481,1.2213468875494384,-0.22478306410300597,0.26006956728281877,1,0,5,1,0,0,0,0,0,-100,0,0,40,-20,100,88,-20,0,35,33,37,36,32,37,124,122,123,122,122,122,-999,-999,-999
5.621523380279541,-0.31684438728512443,0.20330208869384497,0.02378250848871394,1.2397591521858622,-0.22785177487574323,0.26006956728281877,-0.32758487498970495,0.20637079946658227,-0.01150766539776481,1.218278176776701,-0.22478306410300597,0.26006956728281877,0,1,5,1,0,0,0,0,0,-200,0,0,40,-20,104,68,-20,0,35,33,37,36,32,37,124,122,123,122,122,123,-999,-999,-999
5.637066125869751,-0.31684438728512443,0.20483644408021362,0.02378250848871394,1.2351560860267563,-0.22785177487574323,0.26006956728281877,-0.32758487498970495,0.20943951023931956,-0.01150766539776481,1.218278176776701,-0.22478306410300597,0.26006956728281877,1,0,5,0,0,0,0,150,0,-150,0,0,40,20,104,52,-20,0,35,33,38,36,32,37,124,122,123,122,122,123,-999,-999,-999
5.652927398681641,-0.31684438728512443,0.20483644408021362,0.02378250848871394,1.2320873752540191,-0.22785177487574323,0.26006956728281877,-0.32758487498970495,0.21097386562568818,-0.01150766539776481,1.2167438213903325,-0.22478306410300597,0.26006956728281877,1,0,6,1,0,0,0,50,0,-150,0,0,40,-28,104,44,-20,0,35,33,37,36,32,37,124,122,123,122,122,123,-999,-999,-999
5.669091701507568,-0.31684438728512443,0.2079051548529509,0.02378250848871394,1.2305530198676504,-0.22785177487574323,0.26006956728281877,-0.32758487498970495,0.21404257639842547,-0.013042020784133452,1.2152094660039638,-0.22478306410300597,0.26006956728281877,0,0,5,1,0,0,0,0,0,-150,0,0,40,-32,108,60,-20,0,35,33,37,36,32,37,124,122,123,122,122,122,-999,-999,-999
5.685094833374023,-0.31684438728512443,0.21097386562568818,0.02378250848871394,1.2274843090949132,-0.22785177487574323,0.26006956728281877,-0.32758487498970495,0.21404257639842547,-0.013042020784133452,1.2152094660039638,-0.22478306410300597,0.26006956728281877,1,0,5,1,0,0,0,150,0,-100,0,0,40,-20,112,52,-20,0,35,33,37,36,32,36,124,122,123,122,122,123,-999,-999,-999
5.7019476890563965,-0.31684438728512443,0.21404257639842547,0.02378250848871394,1.2259499537085445,-0.22785177487574323,0.26006956728281877,-0.32758487498970495,0.21711128717116276,-0.013042020784133452,1.2121407552312267,-0.22478306410300597,0.26006956728281877,1,1,5,0,0,0,0,150,0,-100,0,0,40,20,108,36,-20,0,35,33,37,36,32,37,124,122,123,122,122,122,-999,-999,-999
5.717123746871948,-0.31684438728512443,0.21557693178479412,0.02378250848871394,1.2259499537085445,-0.22785177487574323,0.26006956728281877,-0.32758487498970495,0.21864564255753138,-0.013042020784133452,1.2075376890721208,-0.22478306410300597,0.26006956728281877,1,0,5,1,0,0,0,150,0,-100,0,0,40,20,108,52,-20,0,35,33,37,36,32,36,124,122,123,122,122,123,-999,-999,-999
5.732958793640137,-0.31684438728512443,0.21557693178479412,0.02378250848871394,1.2228812429358074,-0.22785177487574323,0.26006956728281877,-0.32758487498970495,0.22017999794390003,-0.013042020784133452,1.2044689782993834,-0.22478306410300597,0.26006956728281877,1,0,5,2,0,0,0,50,0,0,0,0,40,-20,108,72,-20,0,35,33,37,36,32,36,124,122,123,122,122,123,-999,-999,-999
5.748991012573242,-0.31684438728512443,0.21711128717116276,0.02378250848871394,1.2198125321630697,-0.22785177487574323,0.26006956728281877,-0.32758487498970495,0.22171435333026868,-0.013042020784133452,1.2029346229130147,-0.22478306410300597,0.26006956728281877,1,0,5,1,0,0,0,0,0,0,0,0,40,-28,108,60,-20,0,35,33,37,36,32,37,124,122,123,122,122,122,-999,-999,-999
5.764971494674683,-0.31684438728512443,0.22017999794390003,0.02378250848871394,1.2167438213903325,-0.22785177487574323,0.26006956728281877,-0.32758487498970495,0.22324870871663732,-0.013042020784133452,1.2029346229130147,-0.22478306410300597,0.26006956728281877,1,1,5,1,1,0,0,100,0,-150,0,0,40,20,108,52,-20,0,35,33,37,36,32,36,124,122,123,122,122,123,-999,-999,-999
5.782087802886963,-0.31684438728512443,0.22324870871663732,0.02378250848871394,1.2136751106175951,-0.22785177487574323,0.26006956728281877,-0.32758487498970495,0.22324870871663732,-0.013042020784133452,1.2029346229130147,-0.22478306410300597,0.26006956728281877,1,0,5,0,0,0,0,100,0,-100,0,0,40,20,108,36,-20,0,35,33,37,36,32,36,124,122,123,122,122,122,-999,-999,-999
5.797973155975342,-0.31684438728512443,0.22478306410300597,0.02378250848871394,1.2136751106175951,-0.22785177487574323,0.26006956728281877,-0.32758487498970495,0.22324870871663732,-0.013042020784133452,1.2029346229130147,-0.22478306410300597,0.26006956728281877,1,0,6,0,1,0,0,100,0,-150,0,0,40,20,108,28,-20,0,35,33,37,36,32,36,124,122,123,122,122,123,-999,-999,-999
5.813960075378418,-0.31684438728512443,0.22478306410300597,0.02378250848871394,1.2121407552312267,-0.22785177487574323,0.26006956728281877,-0.32758487498970495,0.22324870871663732,-0.013042020784133452,1.2029346229130147,-0.22478306410300597,0.26006956728281877,1,0,5,1,0,0,0,100,0,0,0,0,40,0,108,40,-20,0,35,33,38,36,32,36,124,122,123,122,122,123,-999,-999,-999
5.83013916015625,-0.31684438728512443,0.22478306410300597,0.02378250848871394,1.210606399844858,-0.22785177487574323,0.26006956728281877,-0.32758487498970495,0.22324870871663732,-0.013042020784133452,1.2029346229130147,-0.22478306410300597,0.26006956728281877,1,0,5,0,0,0,0,0,0,-50,0,0,40,0,108,32,-20,0,35,33,38,36,32,37,124,122,123,122,122,123,-999,-999,-999
5.845965147018433,-0.31684438728512443,0.22478306410300597,0.02378250848871394,1.210606399844858,-0.22785177487574323,0.26006956728281877,-0.32758487498970495,0.22324870871663732,-0.013042020784133452,1.2029346229130147,-0.22478306410300597,0.26006956728281877,0,0,5,1,0,0,0,0,0,-50,0,0,40,0,108,28,-20,0,35,33,37,36,32,36,124,122,123,122,122,123,-999,-999,-999
5.8621509075164795,-0.31684438728512443,0.22478306410300597,0.02378250848871394,1.210606399844858,-0.22785177487574323,0.26006956728281877,-0.32758487498970495,0.22324870871663732,-0.013042020784133452,1.2029346229130147,-0.22478306410300597,0.26006956728281877,1,0,6,0,0,0,0,0,0,-50,0,0,40,0,108,28,-20,0,35,33,37,36,32,36,124,122,123,122,122,122,-999,-999,-999
5.877991676330566,-0.31684438728512443,0.22478306410300597,0.02378250848871394,1.210606399844858,-0.22785177487574323,0.26006956728281877,-0.32758487498970495,0.22324870871663732,-0.013042020784133452,1.2029346229130147,-0.22478306410300597,0.26006956728281877,1,0,5,1,0,0,0,0,0,0,0,0,40,0,108,32,-20,0,35,33,37,36,32,37,124,122,123,122,122,123,-999,-999,-999
5.894158363342285,-0.31684438728512443,0.22478306410300597,0.02378250848871394,1.210606399844858,-0.22785177487574323,0.26006956728281877,-0.32758487498970495,0.22324870871663732,-0.013042020784133452,1.2029346229130147,-0.22478306410300597,0.26006956728281877,1,0,5,0,1,0,0,0,0,0,0,0,40,0,108,32,-20,0,35,33,37,36,32,36,124,122,123,122,122,123,-999,-999,-999
5.9099812507629395,-0.31684438728512443,0.22478306410300597,0.02378250848871394,1.210606399844858,-0.22785177487574323,0.26006956728281877,-0.32758487498970495,0.22324870871663732,-0.013042020784133452,1.2029346229130147,-0.22478306410300597,0.26006956728281877,0,0,5,1,0,0,0,0,0,0,0,0,40,0,108,32,-20,0,35,33,37,36,32,36,124,122,123,122,122,123,-999,-999,-999
5.925576448440552,-0.31684438728512443,0.22478306410300597,0.02378250848871394,1.210606399844858,-0.22785177487574323,0.26006956728281877,-0.32758487498970495,0.22324870871663732,-0.013042020784133452,1.2029346229130147,-0.22478306410300597,0.26006956728281877,0,0,5,1,0,0,0,0,0,0,0,0,40,0,108,32,-20,0,35,33,37,36,32,36,124,122,123,122,122,123,-999,-999,-999
5.941998243331909,-0.31684438728512443,0.22478306410300597,0.02378250848871394,1.210606399844858,-0.22785177487574323,0.26006956728281877,-0.32758487498970495,0.22324870871663732,-0.013042020784133452,1.2029346229130147,-0.22478306410300597,0.26006956728281877,0,0,6,0,0,0,0,0,0,0,0,0,40,0,108,32,-20,0,35,33,37,36,32,36,124,122,123,122,122,123,-999,-999,-999
5.957547187805176,-0.31684438728512443,0.22478306410300597,0.02378250848871394,1.210606399844858,-0.22785177487574323,0.26006956728281877,-0.32758487498970495,0.22324870871663732,-0.013042020784133452,1.2029346229130147,-0.22478306410300597,0.26006956728281877,1,0,5,1,0,0,0,0,0,0,0,0,40,0,108,32,-20,0,35,33,37,36,32,51,124,122,123,122,122,123,-999,-999,-999
5.97411847114563,-0.31684438728512443,0.22478306410300597,0.02378250848871394,1.210606399844858,-0.22785177487574323,0.26006956728281877,-0.32758487498970495,0.22324870871663732,-0.013042020784133452,1.2029346229130147,-0.22478306410300597,0.26006956728281877,1,0,6,0,0,0,0,0,0,0,0,0,40,0,108,32,-20,0,35,33,37,36,32,37,124,122,123,122,122,123,-999,-999,-999
5.990159511566162,-0.31684438728512443,0.22478306410300597,0.02378250848871394,1.210606399844858,-0.22785177487574323,0.26006956728281877,-0.32758487498970495,0.22324870871663732,-0.013042020784133452,1.2029346229130147,-0.22478306410300597,0.26006956728281877,0,0,5,1,0,0,0,0,0,0,0,0,40,0,108,32,-20,0,35,33,37,36,32,36,124,122,123,122,122,123,-999,-999,-999
6.006990909576416,-0.31684438728512443,0.22478306410300597,0.02378250848871394,1.210606399844858,-0.22785177487574323,0.26006956728281877,-0.32758487498970495,0.22324870871663732,-0.013042020784133452,1.2029346229130147,-0.22478306410300597,0.26006956728281877,1,0,6,0,0,0,0,0,0,0,0,0,40,0,108,32,-20,0,35,33,37,36,32,37,124,122,123,122,122,123,-999,-999,-999
6.022989749908447,-0.31684438728512443,0.22478306410300597,0.02378250848871394,1.210606399844858,-0.22785177487574323,0.26006956728281877,-0.32758487498970495,0.22324870871663732,-0.013042020784133452,1.2029346229130147,-0.22478306410300597,0.26006956728281877,1,0,6,1,0,0,0,0,0,0,0,0,40,0,108,32,-20,0,35,33,37,36,32,36,124,122,123,122,122,123,-999,-999,-999
6.038141965866089,-0.31684438728512443,0.22478306410300597,0.02378250848871394,1.210606399844858,-0.22785177487574323,0.26006956728281877,-0.32758487498970495,0.22324870871663732,-0.013042020784133452,1.2029346229130147,-0.22478306410300597,0.26006956728281877,0,0,5,1,0,0,0,0,0,0,0,0,40,0,108,32,-20,0,35,32,37,36,32,36,124,122,123,122,122,123,-999,-999,-999
6.055012941360474,-0.31684438728512443,0.22478306410300597,0.02378250848871394,1.210606399844858,-0.22785177487574323,0.26006956728281877,-0.32758487498970495,0.22324870871663732,-0.013042020784133452,1.2029346229130147,-0.22324870871663732,0.26006956728281877,0,0,5,0,0,0,0,0,0,0,0,0,40,0,108,32,-20,0,35,33,37,36,32,37,124,122,123,122,122,123,-999,-999,-999
6.070590972900391,-0.31684438728512443,0.22478306410300597,0.02378250848871394,1.210606399844858,-0.22785177487574323,0.26006956728281877,-0.32758487498970495,0.22324870871663732,-0.013042020784133452,1.2029346229130147,-0.22324870871663732,0.26006956728281877,1,0,5,1,0,1,0,0,0,0,0,0,40,0,108,32,-24,0,35,33,37,36,32,36,124,122,123,122,122,123,-999,-999,-999
6.08615517616272,-0.31684438728512443,0.22478306410300597,0.02378250848871394,1.210606399844858,-0.22785177487574323,0.26006956728281877,-0.32758487498970495,0.22324870871663732,-0.013042020784133452,1.2029346229130147,-0.22171435333026868,0.26006956728281877,0,0,5,1,1,0,0,0,0,0,0,0,40,0,108,32,-28,0,35,33,37,36,32,37,124,122,123,122,122,123,-999,-999,-999
6.103048086166382,-0.31684438728512443,0.22478306410300597,0.02378250848871394,1.210606399844858,-0.22785177487574323,0.26006956728281877,-0.32758487498970495,0.22324870871663732,-0.013042020784133452,1.2029346229130147,-0.22171435333026868,0.26006956728281877,1,1,5,1,1,0,0,0,0,0,0,0,40,0,108,32,-32,0,35,33,37,36,32,36,124,122,123,122,122,122,-999,-999,-999
6.11857271194458,-0.31684438728512443,0.22478306410300597,0.02378250848871394,1.210606399844858,-0.22785177487574323,0.26006956728281877,-0.32758487498970495,0.22324870871663732,-0.013042020784133452,1.2029346229130147,-0.22171435333026868,0.26245552661568866,0,0,5,1,1,0,0,0,0,0,0,0,40,0,108,32,-32,0,35,33,37,36,32,37,124,122,123,122,122,123,-999,-999,-999
6.135998010635376,-0.31684438728512443,0.22478306410300597,0.02378250848871394,1.210606399844858,-0.22785177487574323,0.26006956728281877,-0.32758487498970495,0.22324870871663732,-0.013042020784133452,1.2029346229130147,-0.22171435333026868,0.26245552661568866,1,0,5,1,1,0,0,0,0,0,0,0,40,0,108,32,-28,-20,35,33,37,36,32,37,124,122,123,122,122,123,-999,-999,-999
6.151153326034546,-0.31684438728512443,0.22478306410300597,0.02378250848871394,1.210606399844858,-0.22785177487574323,0.26006956728281877,-0.32758487498970495,0.22324870871663732,-0.013042020784133452,1.2029346229130147,-0.22171435333026868,0.26245552661568866,1,0,5,1,0,0,0,0,0,0,0,0,40,0,108,32,-28,-24,35,33,37,36,32,36,124,122,123,122,122,123,-999,-999,-999
6.167227745056152,-0.31684438728512443,0.22478306410300597,0.02378250848871394,1.210606399844858,-0.22785177487574323,0.26006956728281877,-0.32758487498970495,0.22324870871663732,-0.013042020784133452,1.2029346229130147,-0.22017999794390003,0.26245552661568866,1,0,6,1,0,0,0,0,0,0,0,0,40,0,108,32,-28,-24,35,33,37,36,32,37,124,122,123,122,122,122,-999,-999,-999
6.183044672012329,-0.31684438728512443,0.22478306410300597,0.02378250848871394,1.210606399844858,-0.22785177487574323,0.26006956728281877,-0.3260505196033363,0.22324870871663732,-0.013042020784133452,1.2029346229130147,-0.22017999794390003,0.26245552661568866,1,0,5,1,1,1,0,0,0,0,0,0,40,0,108,32,-36,-20,35,33,37,36,32,37,124,122,123,122,122,123,-999,-999,-999
6.1991682052612305,-0.31684438728512443,0.22478306410300597,0.02378250848871394,1.210606399844858,-0.22785177487574323,0.26006956728281877,-0.3260505196033363,0.22324870871663732,-0.013042020784133452,1.2029346229130147,-0.22017999794390003,0.26484148594855855,1,0,5,1,1,0,0,0,0,0,0,0,36,0,108,32,-36,-20,35,33,37,36,32,36,124,122,123,122,122,123,-999,-999,-999
6.215149402618408,-0.31684438728512443,0.22478306410300597,0.02378250848871394,1.210606399844858,-0.22785177487574323,0.26006956728281877,-0.3260505196033363,0.22324870871663732,-0.013042020784133452,1.2029346229130147,-0.22017999794390003,0.2731923436136032,0,0,5,0,0,0,0,0,0,0,0,0,32,0,108,32,-32,-32,35,33,37,36,32,37,124,122,123,122,122,122,-999,-999,-999
6.232017993927002,-0.31684438728512443,0.22478306410300597,0.02378250848871394,1.210606399844858,-0.22785177487574323,0.26006956728281877,-0.3260505196033363,0.22324870871663732,-0.013042020784133452,1.2044689782993834,-0.22017999794390003,0.28392916061151774,1,0,5,1,1,2,0,0,0,0,0,0,36,0,108,32,-32,-64,35,33,37,36,32,37,124,122,123,122,122,123,-999,-999,-999
6.247160911560059,-0.31684438728512443,0.22478306410300597,0.02378250848871394,1.210606399844858,-0.22785177487574323,0.26245552661568866,-0.3260505196033363,0.22324870871663732,-0.013042020784133452,1.206003333685752,-0.22017999794390003,0.2982449166087371,1,0,5,1,0,4,0,0,0,0,0,0,36,0,108,24,-32,-100,35,33,37,36,32,37,124,122,123,122,122,123,-999,-999,-999
6.262031078338623,-0.31684438728512443,0.22478306410300597,0.02378250848871394,1.210606399844858,-0.22785177487574323,0.26603446561499344,-0.3260505196033363,0.22324870871663732,-0.013042020784133452,1.2075376890721208,-0.22017999794390003,0.3149466319388263,1,0,6,0,0,4,0,0,0,0,0,100,36,0,108,20,-32,-156,35,32,37,36,32,36,124,122,123,122,122,122,-999,-999,-999
6.27905797958374,-0.31684438728512443,0.22478306410300597,0.02378250848871394,1.210606399844858,-0.22785177487574323,0.2731923436136032,-0.3260505196033363,0.22324870871663732,-0.01150766539776481,1.2090720444584893,-0.22017999794390003,0.3316483472689157,1,0,6,0,1,4,0,0,0,0,0,250,36,0,108,0,-32,-172,35,33,37,36,32,37,124,122,123,122,122,122,-999,-999,-999
6.295196294784546,-0.31684438728512443,0.22478306410300597,0.02378250848871394,1.210606399844858,-0.22785177487574323,0.28154320127864785,-0.3260505196033363,0.22324870871663732,-0.009973310011396168,1.2090720444584893,-0.22017999794390003,0.35312198126474476,1,0,4,0,1,6,0,0,0,0,0,250,36,0,100,-24,-32,-208,35,33,37,36,32,37,124,122,122,122,122,122,-999,-999,-999
6.312185525894165,-0.31684438728512443,0.22478306410300597,0.02378250848871394,1.210606399844858,-0.22785177487574323,0.2934729979429973,-0.3260505196033363,0.22324870871663732,-0.009973310011396168,1.210606399844858,-0.22017999794390003,0.371016676261269,1,0,4,0,1,5,0,0,0,0,0,350,36,0,96,0,-32,-224,35,33,37,36,32,37,124,122,123,122,122,122,-999,-999,-999
6.328061819076538,-0.31684438728512443,0.22478306410300597,0.02378250848871394,1.210606399844858,-0.22785177487574323,0.3030168352744769,-0.3260505196033363,0.22324870871663732,-0.009973310011396168,1.2136751106175951,-0.22017999794390003,0.3877183915913583,1,0,4,0,1,4,0,0,0,0,0,550,36,0,96,0,-32,-240,35,33,37,36,32,37,124,122,123,122,122,122,-999,-999,-999
6.34316611289978,-0.31684438728512443,0.22478306410300597,0.02378250848871394,1.210606399844858,-0.22785177487574323,0.31733259127169633,-0.32451616421696766,0.22324870871663732,-0.01150766539776481,1.2198125321630697,-0.22017999794390003,0.4032271272550126,0,0,5,0,1,4,0,0,0,0,0,550,36,0,104,-20,-32,-256,35,33,37,36,32,37,124,122,123,122,122,122,-999,-999,-999
6.3596296310424805,-0.31684438728512443,0.22478306410300597,0.02378250848871394,1.210606399844858,-0.22785177487574323,0.3316483472689157,-0.32451616421696766,0.22324870871663732,-0.01150766539776481,1.2259499537085445,-0.22017999794390003,0.41873586291866693,1,0,5,1,1,5,0,0,0,0,0,700,32,0,108,-40,-32,-260,35,33,37,36,32,37,124,122,123,122,122,122,-999,-999,-999
6.376200199127197,-0.31684438728512443,0.22478306410300597,0.02378250848871394,1.2121407552312267,-0.22785177487574323,0.345964103266135,-0.322981808830599,0.22324870871663732,-0.01150766539776481,1.2290186644812817,-0.22017999794390003,0.4330516189158863,0,0,5,1,1,6,0,0,0,0,0,750,28,0,104,-76,-32,-264,35,33,37,57,32,36,123,122,123,122,122,122,-999,-999,-999
6.392059803009033,-0.31684438728512443,0.22478306410300597,0.02378250848871394,1.2152094660039638,-0.22785177487574323,0.36027985926335443,-0.322981808830599,0.22324870871663732,-0.01150766539776481,1.2320873752540191,-0.22017999794390003,0.4449814155802358,0,0,5,1,0,1,0,0,0,50,0,750,24,0,104,-64,-32,-256,35,33,37,36,32,37,124,122,123,122,122,122,-999,-999,-999
6.408199071884155,-0.31684438728512443,0.22478306410300597,0.02378250848871394,1.2198125321630697,-0.22785177487574323,0.3757885949270088,-0.322981808830599,0.22324870871663732,-0.01150766539776481,1.2336217306403878,-0.22017999794390003,0.45452525291171536,1,0,5,0,0,4,0,0,0,150,0,750,28,0,104,-44,-32,-252,35,33,37,36,32,37,124,122,123,122,122,122,-999,-999,-999
6.424087047576904,-0.31684438728512443,0.22478306410300597,0.02378250848871394,1.2228812429358074,-0.22785177487574323,0.3901043509242281,-0.3214474534442303,0.22324870871663732,-0.01150766539776481,1.2351560860267563,-0.22017999794390003,0.46526206990962987,0,0,5,0,1,2,0,0,0,150,0,750,28,0,104,-40,-32,-240,35,33,37,36,32,37,124,122,123,122,122,122,-999,-999,-999
6.4401819705963135,-0.31684438728512443,0.22478306410300597,0.02378250848871394,1.2244155983221758,-0.22785177487574323,0.4032271272550126,-0.3214474534442303,0.22324870871663732,-0.01150766539776481,1.236690441413125,-0.22017999794390003,0.47241994790823955,0,0,5,0,0,2,0,0,0,150,0,750,20,0,104,-32,-32,-220,35,33,37,36,32,36,124,122,123,122,122,123,-999,-999,-999
6.456205606460571,-0.31684438728512443,0.22478306410300597,0.02378250848871394,1.2259499537085445,-0.22785177487574323,0.41634990358579704,-0.3214474534442303,0.22324870871663732,-0.01150766539776481,1.236690441413125,-0.22171435333026868,0.4783848462404143,0,0,5,0,1,2,0,0,0,100,0,700,20,0,104,-36,-28,-204,35,33,37,36,32,37,124,122,123,122,122,123,-999,-999,-999
6.473026752471924,-0.31684438728512443,0.22478306410300597,0.02378250848871394,1.2274843090949132,-0.22785177487574323,0.4282797002501465,-0.3214474534442303,0.22324870871663732,-0.01150766539776481,1.236690441413125,-0.22171435333026868,0.48434974457258906,0,0,5,1,0,1,0,0,0,50,0,700,24,0,104,-36,-24,-176,35,33,37,36,32,37,124,122,123,122,122,123,-999,-999,-999
6.48824143409729,-0.31684438728512443,0.22478306410300597,0.02378250848871394,1.2305530198676504,-0.22785177487574323,0.439016517248061,-0.3199130980578617,0.22324870871663732,-0.01150766539776481,1.2382247967994937,-0.22171435333026868,0.49031464290476384,0,0,5,0,1,1,0,0,0,100,0,600,24,0,104,-24,-28,-168,35,33,38,36,32,36,124,122,123,122,122,122,-999,-999,-999
6.505053281784058,-0.31684438728512443,0.22478306410300597,0.02378250848871394,1.2305530198676504,-0.22785177487574323,0.4473673749131057,-0.3199130980578617,0.22324870871663732,-0.01150766539776481,1.2382247967994937,-0.22324870871663732,0.4927006022376336,0,0,5,1,1,1,0,0,0,100,0,600,0,0,104,-24,-24,-152,35,32,37,36,32,36,124,122,123,122,122,123,-999,-999,-999
6.5200514793396,-0.31684438728512443,0.22478306410300597,0.02378250848871394,1.2305530198676504,-0.22785177487574323,0.4557182325781503,-0.3199130980578617,0.22324870871663732,-0.01150766539776481,1.2382247967994937,-0.22324870871663732,0.4950865615705036,0,0,4,0,0,0,0,0,0,50,0,450,20,0,104,-32,-20,-132,35,33,37,36,32,38,124,122,123,122,122,123,-999,-999,-999
6.536105632781982,-0.31684438728512443,0.22478306410300597,0.02378250848871394,1.2305530198676504,-0.22785177487574323,0.46287611057676,-0.3199130980578617,0.22324870871663732,-0.01150766539776481,1.2382247967994937,-0.22324870871663732,0.4974725209033735,0,0,5,0,0,0,0,0,0,0,0,450,20,0,104,-32,-20,-96,35,33,37,36,32,36,124,122,123,122,122,123,-999,-999,-999
6.552063703536987,-0.31684438728512443,0.22478306410300597,0.02378250848871394,1.2305530198676504,-0.22785177487574323,0.4688410089089347,-0.3183787426714931,0.22324870871663732,-0.01150766539776481,1.2382247967994937,-0.22324870871663732,0.4974725209033735,0,0,6,0,0,0,0,0,0,0,0,450,20,0,104,-32,-24,-100,35,33,37,36,32,37,124,122,123,122,122,120,-999,-999,-999
6.569096565246582,-0.31684438728512443,0.22478306410300597,0.02378250848871394,1.2305530198676504,-0.22785177487574323,0.4736129275746746,-0.3153100318987558,0.22324870871663732,-0.01150766539776481,1.2382247967994937,-0.22324870871663732,0.4974725209033735,0,0,5,0,1,0,0,0,0,0,0,350,-20,0,104,-32,-24,-76,35,33,37,36,32,36,124,122,123,122,122,123,-999,-999,-999
6.584076642990112,-0.31684438728512443,0.22478306410300597,0.02378250848871394,1.2305530198676504,-0.22785177487574323,0.4771918665739794,-0.31224132112601855,0.22324870871663732,-0.01150766539776481,1.2382247967994937,-0.22324870871663732,0.4974725209033735,0,0,5,0,0,0,0,0,0,0,0,250,0,0,104,-32,-24,-64,35,33,37,36,32,37,124,122,123,122,122,123,-999,-999,-999
6.600239276885986,-0.31684438728512443,0.22478306410300597,0.02378250848871394,1.2305530198676504,-0.22785177487574323,0.4807708055732843,-0.3107069657396499,0.22324870871663732,-0.01150766539776481,1.2382247967994937,-0.22324870871663732,0.4974725209033735,1,0,5,0,0,1,0,0,0,0,0,200,-32,0,104,-32,-24,-52,35,33,37,36,32,37,124,122,123,122,122,123,-999,-999,-999
6.616085529327393,-0.31684438728512443,0.22478306410300597,0.02378250848871394,1.2305530198676504,-0.22785177487574323,0.48315676490615417,-0.3076382549669126,0.22324870871663732,-0.01150766539776481,1.2382247967994937,-0.22324870871663732,0.4974725209033735,1,0,5,1,0,1,0,0,0,0,0,150,-36,0,104,-32,-24,-52,35,33,37,36,32,37,124,122,123,122,122,122,-999,-999,-999
6.632293939590454,-0.31684438728512443,0.22478306410300597,0.02378250848871394,1.2305530198676504,-0.22785177487574323,0.48554272423902395,-0.30610389958054396,0.22171435333026868,-0.01150766539776481,1.2382247967994937,-0.22324870871663732,0.4974725209033735,1,0,4,0,0,1,0,0,0,0,0,100,-40,20,104,-32,-24,-44,35,33,37,36,32,37,124,122,123,122,122,123,-999,-999,-999
6.648074626922607,-0.31684438728512443,0.22478306410300597,0.02378250848871394,1.2305530198676504,-0.22785177487574323,0.48673570390545895,-0.30456954419417526,0.22017999794390003,-0.01150766539776481,1.2382247967994937,-0.22324870871663732,0.4974725209033735,2,0,5,1,1,1,0,0,0,0,0,100,-48,28,104,-32,-24,-44,35,33,37,36,32,37,124,122,123,122,122,122,-999,-999,-999
6.664673328399658,-0.31684438728512443,0.22478306410300597,0.02378250848871394,1.2305530198676504,-0.22785177487574323,0.48792868357189395,-0.30456954419417526,0.22017999794390003,-0.01150766539776481,1.2382247967994937,-0.22324870871663732,0.4974725209033735,1,1,5,1,1,1,0,0,0,0,0,100,-52,28,104,-32,-24,-44,35,33,37,36,32,37,124,122,123,122,122,123,-999,-999,-999
6.68109917640686,-0.3153100318987558,0.22478306410300597,0.02378250848871394,1.2305530198676504,-0.22785177487574323,0.48912166323832884,-0.30303518880780667,0.22017999794390003,-0.01150766539776481,1.2382247967994937,-0.22324870871663732,0.4974725209033735,1,0,4,0,0,1,0,0,0,0,0,100,-44,24,104,-32,-24,-40,35,33,37,36,32,37,124,122,123,122,122,123,-999,-999,-999
6.696291923522949,-0.3153100318987558,0.22478306410300597,0.02378250848871394,1.2305530198676504,-0.22785177487574323,0.48912166323832884,-0.301500833421438,0.22017999794390003,-0.01150766539776481,1.2382247967994937,-0.22324870871663732,0.4974725209033735,0,1,5,1,1,1,50,0,0,0,0,50,-44,24,104,-32,-24,-36,35,33,37,36,32,37,124,122,123,122,122,123,-999,-999,-999
6.714080333709717,-0.3153100318987558,0.22478306410300597,0.02378250848871394,1.2305530198676504,-0.22785177487574323,0.48912166323832884,-0.2968977672623321,0.21864564255753138,-0.01150766539776481,1.2382247967994937,-0.22171435333026868,0.4974725209033735,1,1,5,0,1,0,0,0,0,0,0,0,-48,28,104,-32,-24,-36,35,33,37,36,32,37,124,122,123,122,122,122,-999,-999,-999
6.729240655899048,-0.31377567651238714,0.22478306410300597,0.02378250848871394,1.2305530198676504,-0.22785177487574323,0.48912166323832884,-0.2922947011032262,0.21864564255753138,-0.01150766539776481,1.2382247967994937,-0.22171435333026868,0.4974725209033735,2,1,5,0,0,1,0,0,0,0,0,0,-64,32,104,-32,-28,-40,35,33,37,36,32,37,124,122,123,122,122,123,-999,-999,-999
6.745254278182983,-0.31224132112601855,0.22478306410300597,0.02378250848871394,1.2305530198676504,-0.22785177487574323,0.48912166323832884,-0.2892259903304889,0.21864564255753138,-0.01150766539776481,1.2382247967994937,-0.22171435333026868,0.4974725209033735,2,0,5,1,1,1,0,0,0,0,0,0,-84,28,104,-32,-32,-40,35,33,37,36,32,36,124,122,123,122,122,122,-999,-999,-999
6.761280298233032,-0.3076382549669126,0.22478306410300597,0.02378250848871394,1.2305530198676504,-0.22785177487574323,0.48912166323832884,-0.2861572795577516,0.21864564255753138,-0.01150766539776481,1.2382247967994937,-0.22171435333026868,0.4974725209033735,0,1,5,0,1,1,100,0,0,0,0,0,-68,28,104,-32,-28,-40,35,33,37,36,32,37,124,122,123,122,122,123,-999,-999,-999
6.777254104614258,-0.30456954419417526,0.22478306410300597,0.02378250848871394,1.2305530198676504,-0.22785177487574323,0.49031464290476384,-0.28462292417138296,0.21864564255753138,-0.01150766539776481,1.2382247967994937,-0.22017999794390003,0.4974725209033735,0,0,5,1,1,1,150,0,0,0,0,0,-60,28,104,-32,-28,-40,35,33,37,36,32,37,124,122,123,122,122,123,-999,-999,-999
6.793694972991943,-0.301500833421438,0.22478306410300597,0.02378250848871394,1.2305530198676504,-0.22785177487574323,0.49031464290476384,-0.28155421339864567,0.21711128717116276,-0.01150766539776481,1.2382247967994937,-0.22017999794390003,0.4974725209033735,1,0,5,1,1,1,100,0,0,0,0,50,-56,32,104,-32,-32,-36,35,33,37,36,32,37,124,122,123,122,122,123,-999,-999,-999
6.809099435806274,-0.2968977672623321,0.22478306410300597,0.02378250848871394,1.2305530198676504,-0.22785177487574323,0.49031464290476384,-0.28155421339864567,0.21711128717116276,-0.01150766539776481,1.2382247967994937,-0.22017999794390003,0.4974725209033735,1,1,5,1,1,0,100,0,0,0,0,0,-52,36,104,-32,-36,-32,35,33,37,36,32,36,124,122,123,122,122,122,-999,-999,-999
6.825243949890137,-0.2922947011032262,0.22478306410300597,0.02378250848871394,1.2305530198676504,-0.22785177487574323,0.49031464290476384,-0.280019858012277,0.21711128717116276,-0.01150766539776481,1.2382247967994937,-0.22017999794390003,0.4974725209033735,0,1,5,1,1,1,200,0,0,0,0,0,-40,32,104,-32,-32,-36,35,33,37,36,32,37,124,122,123,122,122,122,-999,-999,-999
6.841674327850342,-0.2892259903304889,0.22478306410300597,0.02378250848871394,1.2305530198676504,-0.22785177487574323,0.49031464290476384,-0.2769511472395398,0.21711128717116276,-0.01150766539776481,1.2382247967994937,-0.22017999794390003,0.4974725209033735,0,1,5,1,0,0,150,0,0,0,0,0,-32,32,104,-32,-32,-36,35,33,37,36,32,36,124,122,123,122,122,123,-999,-999,-999
6.8562233448028564,-0.2876916349441202,0.22478306410300597,0.02378250848871394,1.2305530198676504,-0.22785177487574323,0.49031464290476384,-0.27234808108043385,0.21711128717116276,-0.01150766539776481,1.2382247967994937,-0.22017999794390003,0.4974725209033735,0,1,5,1,0,1,150,0,0,0,0,0,-36,32,104,-32,-32,-36,35,33,37,36,32,36,124,122,123,122,122,117,-999,-999,-999
6.873267650604248,-0.28462292417138296,0.22478306410300597,0.02378250848871394,1.2305530198676504,-0.22785177487574323,0.49031464290476384,-0.26927937030769655,0.21711128717116276,-0.013042020784133452,1.2382247967994937,-0.22017999794390003,0.4974725209033735,1,0,6,0,1,1,100,0,0,0,0,0,-44,32,108,-32,-32,-36,35,33,37,36,32,36,124,122,123,122,122,122,-999,-999,-999
6.8892693519592285,-0.2830885687850143,0.22478306410300597,0.02378250848871394,1.2305530198676504,-0.22785177487574323,0.49031464290476384,-0.2646763041485906,0.21557693178479412,-0.013042020784133452,1.2382247967994937,-0.22017999794390003,0.4974725209033735,1,1,6,0,1,1,100,0,0,0,0,0,-56,36,112,-32,-32,-36,35,33,37,36,32,37,124,122,123,122,122,123,-999,-999,-999
6.905173301696777,-0.28155421339864567,0.22478306410300597,0.02378250848871394,1.2305530198676504,-0.22785177487574323,0.49031464290476384,-0.26314194876222197,0.21557693178479412,-0.013042020784133452,1.2382247967994937,-0.22017999794390003,0.4974725209033735,1,1,5,1,1,1,100,0,0,0,0,0,-56,40,112,-32,-32,-36,35,33,37,36,32,37,124,122,123,122,122,122,-999,-999,-999
6.922117233276367,-0.280019858012277,0.22478306410300597,0.02378250848871394,1.2305530198676504,-0.22785177487574323,0.49031464290476384,-0.2585388826031161,0.21557693178479412,-0.013042020784133452,1.2382247967994937,-0.22017999794390003,0.4974725209033735,1,1,6,1,1,1,50,0,0,0,0,0,-68,36,108,-32,-32,-36,35,33,37,36,32,36,124,122,123,122,122,122,-999,-999,-999
6.938180446624756,-0.27848550262590843,0.22478306410300597,0.02378250848871394,1.2305530198676504,-0.22785177487574323,0.49031464290476384,-0.2554701718303788,0.21557693178479412,-0.017645086943239376,1.2382247967994937,-0.21864564255753138,0.4974725209033735,1,1,6,0,0,1,50,0,0,0,0,0,-68,36,112,-32,-32,-36,35,33,37,36,32,37,124,122,123,122,122,122,-999,-999,-999
6.953694105148315,-0.27541679185317114,0.22478306410300597,0.02378250848871394,1.2305530198676504,-0.22785177487574323,0.49031464290476384,-0.24933275028490423,0.21557693178479412,-0.02531686387508258,1.2397591521858622,-0.21864564255753138,0.4974725209033735,1,1,9,1,0,1,100,0,0,0,0,0,-72,36,136,-32,-36,-36,35,33,37,36,32,37,124,122,123,122,122,123,-999,-999,-999
6.97023344039917,-0.27234808108043385,0.22478306410300597,0.0222481531023453,1.2305530198676504,-0.22785177487574323,0.49031464290476384,-0.24319532873942967,0.21557693178479412,-0.03145428542055715,1.2489652845040742,-0.21864564255753138,0.4974725209033735,2,0,10,1,1,1,100,0,0,0,0,0,-80,36,164,-40,-40,-36,35,33,37,36,32,36,124,122,122,122,122,122,-999,-999,-999
6.986286163330078,-0.2677450149213279,0.22478306410300597,0.01917944232960802,1.2305530198676504,-0.22785177487574323,0.49031464290476384,-0.23859226258032373,0.21557693178479412,-0.039126062352400355,1.258171416822286,-0.21864564255753138,0.4974725209033735,2,0,8,2,1,0,100,0,-50,0,0,0,-88,36,172,-68,-36,-36,35,33,37,36,32,37,124,122,123,122,122,122,-999,-999,-999
7.002167224884033,-0.26314194876222197,0.22478306410300597,0.014576376170502094,1.2351560860267563,-0.22785177487574323,0.49031464290476384,-0.23398919642121782,0.21557693178479412,-0.049866550056980846,1.2673775491404977,-0.21864564255753138,0.4974725209033735,2,1,9,3,1,1,150,0,-50,0,0,0,-84,36,168,-88,-36,-36,35,33,37,36,32,37,124,122,122,122,122,122,-999,-999,-999
7.01829981803894,-0.2585388826031161,0.22478306410300597,0.008438954625027528,1.241293507572231,-0.22785177487574323,0.49031464290476384,-0.22938613026211188,0.21711128717116276,-0.06214139314792997,1.275049326072341,-0.21864564255753138,0.4974725209033735,2,1,10,2,0,1,200,0,-200,100,0,0,-84,36,184,-116,-36,-36,35,33,37,36,32,36,124,122,123,122,122,122,-999,-999,-999
7.034145355224609,-0.2524014610576415,0.22478306410300597,0.0007671776931843208,1.2489652845040742,-0.22785177487574323,0.49031464290476384,-0.22478306410300597,0.21711128717116276,-0.07134752546614181,1.2842554583905528,-0.21864564255753138,0.4974725209033735,1,1,11,1,1,1,150,0,-250,150,0,0,-80,28,200,-104,-36,-36,35,33,37,36,32,37,124,122,123,122,122,122,-999,-999,-999
7.050138473510742,-0.24626403951216694,0.22478306410300597,-0.005370243852290245,1.2551027060495485,-0.22785177487574323,0.49031464290476384,-0.22017999794390003,0.21711128717116276,-0.08208801317072231,1.291927235322396,-0.21864564255753138,0.4974725209033735,0,0,11,0,1,1,250,0,-250,350,0,0,-76,28,208,-84,-36,-36,35,33,37,36,32,37,124,122,122,122,122,122,-999,-999,-999
7.065201759338379,-0.24012661796669238,0.22478306410300597,-0.013042020784133452,1.2627744829813918,-0.22785177487574323,0.49031464290476384,-0.21557693178479412,0.21864564255753138,-0.09129414548893416,1.301133367640608,-0.21864564255753138,0.4974725209033735,0,0,12,2,1,1,250,0,-300,300,0,0,-60,32,208,-104,-36,-36,35,33,37,36,32,36,124,122,122,122,122,122,-999,-999,-999
7.08235502243042,-0.23398919642121782,0.22478306410300597,-0.02378250848871394,1.270446259913235,-0.22785177487574323,0.49031464290476384,-0.20943951023931956,0.21864564255753138,-0.100500277807146,1.3103394999588198,-0.21864564255753138,0.4974725209033735,1,0,11,1,0,1,250,0,-300,300,0,0,-68,24,212,-112,-36,-36,35,33,37,36,32,37,124,122,123,122,122,122,-999,-999,-999
7.097740888595581,-0.2309204856484805,0.22478306410300597,-0.03298864080692579,1.2765836814587095,-0.22785177487574323,0.49031464290476384,-0.20637079946658227,0.22017999794390003,-0.10970641012535785,1.3195456322770316,-0.21864564255753138,0.4974725209033735,1,0,9,2,1,1,250,0,-350,250,0,0,-68,28,204,-112,-36,-36,35,33,37,36,32,36,124,122,122,122,122,122,-999,-999,-999
7.114299058914185,-0.22478306410300597,0.22478306410300597,-0.042194773125137634,1.2857898137769213,-0.22785177487574323,0.49031464290476384,-0.20176773330747633,0.22017999794390003,-0.11737818705720107,1.3272174092088749,-0.21864564255753138,0.4974725209033735,0,0,10,2,1,1,150,0,-400,300,0,0,-68,20,208,-116,-36,-36,35,33,37,37,32,36,124,122,123,122,122,122,-999,-999,-999
7.130194902420044,-0.22171435333026868,0.22478306410300597,-0.051400905443349486,1.2934615907087648,-0.22785177487574323,0.49031464290476384,-0.19869902253473906,0.22017999794390003,-0.12504996398904428,1.3333548307543492,-0.21864564255753138,0.4974725209033735,1,0,8,0,0,1,200,0,-350,350,0,0,-68,20,200,-112,-36,-36,35,33,37,36,32,36,124,122,123,122,122,122,-999,-999,-999
7.147158145904541,-0.21711128717116276,0.22478306410300597,-0.06060703776156134,1.301133367640608,-0.22785177487574323,0.49031464290476384,-0.19409595637563312,0.22017999794390003,-0.13118738553451884,1.3394922522998238,-0.21864564255753138,0.4974725209033735,0,1,7,0,1,1,200,0,-400,300,0,0,-64,24,184,-96,-36,-36,35,33,37,36,32,37,124,122,123,122,122,122,-999,-999,-999
7.163189172744751,-0.21404257639842547,0.22478306410300597,-0.06981317007977318,1.3088051445724511,-0.22785177487574323,0.49031464290476384,-0.1894928902165272,0.22017999794390003,-0.13579045169362475,1.3471640292316671,-0.21864564255753138,0.4974725209033735,0,0,8,1,1,1,200,0,-400,300,0,0,-64,24,180,-96,-36,-36,35,33,37,36,32,37,124,122,123,122,122,122,-999,-999,-999
7.178162336349487,-0.21097386562568818,0.22478306410300597,-0.07595059162524774,1.3149425661179257,-0.22785177487574323,0.49031464290476384,-0.18642417944378992,0.22017999794390003,-0.1403935178527307,1.351767095390773,-0.21864564255753138,0.4974725209033735,1,0,7,1,1,1,100,0,-350,300,0,0,-80,24,168,-96,-36,-36,35,33,37,36,32,37,124,122,123,122,122,122,-999,-999,-999
7.1941938400268555,-0.2079051548529509,0.22478306410300597,-0.08208801317072231,1.3226143430497688,-0.22785177487574323,0.49031464290476384,-0.181821113284684,0.22017999794390003,-0.14346222862546795,1.3579045169362476,-0.21864564255753138,0.4974725209033735,1,0,7,1,1,1,150,0,-350,300,0,0,-64,24,172,-100,-36,-36,35,33,37,36,32,36,124,122,123,122,122,122,-999,-999,-999
7.211167573928833,-0.20330208869384497,0.22478306410300597,-0.08822543471619687,1.330286119981612,-0.22785177487574323,0.49031464290476384,-0.17721804712557807,0.22017999794390003,-0.14653093939820525,1.3609732277089848,-0.21864564255753138,0.4974725209033735,1,0,7,0,1,0,150,0,-200,300,0,0,-80,24,152,-80,-36,-36,35,33,37,36,32,37,124,122,123,122,122,122,-999,-999,-999
7.227182626724243,-0.2002333779211077,0.22478306410300597,-0.09436285626167144,1.334889186140718,-0.22785177487574323,0.49031464290476384,-0.17261498096647215,0.22017999794390003,-0.1480652947845739,1.3671106492544596,-0.21864564255753138,0.4974725209033735,0,1,5,1,1,1,150,0,-250,250,0,0,-84,24,152,-88,-36,-36,35,33,37,36,32,37,124,122,123,122,122,122,-999,-999,-999
7.243293762207031,-0.19563031176200177,0.22478306410300597,-0.09896592242077737,1.3410266076861925,-0.22785177487574323,0.49031464290476384,-0.16954627019373486,0.22171435333026868,-0.1480652947845739,1.3686450046408283,-0.21864564255753138,0.4974725209033735,1,0,5,1,1,1,150,0,-250,250,0,0,-76,24,136,-80,-36,-36,35,33,37,36,32,37,124,122,123,122,122,123,-999,-999,-999
7.2592973709106445,-0.19102724560289586,0.22478306410300597,-0.10203463319351465,1.3471640292316671,-0.22785177487574323,0.49031464290476384,-0.16494320403462895,0.22171435333026868,-0.1480652947845739,1.3717137154135655,-0.21864564255753138,0.4974725209033735,1,0,4,0,1,1,150,0,-250,250,0,0,-76,0,120,-64,-36,-36,35,33,37,36,32,36,124,122,123,122,122,123,-999,-999,-999
7.27616810798645,-0.1879585348301586,0.22478306410300597,-0.10510334396625193,1.351767095390773,-0.22785177487574323,0.49031464290476384,-0.160340137875523,0.22171435333026868,-0.1480652947845739,1.3717137154135655,-0.21864564255753138,0.4974725209033735,1,0,6,0,1,1,150,0,-150,250,0,0,-76,20,116,-60,-36,-36,34,33,37,36,32,36,124,122,123,122,122,122,-999,-999,-999
7.291205644607544,-0.181821113284684,0.22478306410300597,-0.10510334396625193,1.3548358061635102,-0.22785177487574323,0.49031464290476384,-0.1557370717164171,0.22171435333026868,-0.14499658401183663,1.3717137154135655,-0.21864564255753138,0.4974725209033735,0,1,6,1,1,0,150,0,-100,150,0,0,-72,20,116,-56,-36,-36,35,33,37,36,32,36,124,122,123,122,122,123,-999,-999,-999
7.307173728942871,-0.17721804712557807,0.22478306410300597,-0.10510334396625193,1.3579045169362476,-0.22785177487574323,0.49031464290476384,-0.1526683609436798,0.22171435333026868,-0.1419278732390993,1.3717137154135655,-0.21864564255753138,0.4974725209033735,1,1,6,0,1,1,200,0,0,200,0,0,-72,20,108,-32,-36,-36,35,33,37,36,32,36,124,122,123,122,122,123,-999,-999,-999
7.323188304901123,-0.17261498096647215,0.22478306410300597,-0.10510334396625193,1.3609732277089848,-0.22785177487574323,0.49031464290476384,-0.14653093939820525,0.22171435333026868,-0.1403935178527307,1.3717137154135655,-0.21864564255753138,0.4974725209033735,1,1,5,0,1,1,200,0,0,100,0,0,-72,20,100,-36,-36,-36,35,33,37,36,32,37,124,122,123,122,122,123,-999,-999,-999
7.340180158615112,-0.1680119148073662,0.22478306410300597,-0.10510334396625193,1.3625075830953537,-0.22785177487574323,0.49031464290476384,-0.14346222862546795,0.22171435333026868,-0.13885916246636204,1.3717137154135655,-0.21864564255753138,0.4974725209033735,1,0,4,0,1,1,200,0,0,100,0,0,-68,20,96,-32,-36,-36,35,33,38,36,32,36,124,122,123,122,122,123,-999,-999,-999
7.3553547859191895,-0.16187449326189168,0.22478306410300597,-0.10510334396625193,1.3625075830953537,-0.22785177487574323,0.49031464290476384,-0.13885916246636204,0.22171435333026868,-0.13885916246636204,1.3732480707999342,-0.21864564255753138,0.4974725209033735,1,1,4,0,0,1,200,0,0,50,0,0,-76,20,92,-32,-36,-36,35,33,37,36,32,37,124,122,123,122,122,123,-999,-999,-999
7.37175178527832,-0.15880578248915436,0.22478306410300597,-0.10510334396625193,1.3640419384817224,-0.22785177487574323,0.49031464290476384,-0.13579045169362475,0.22171435333026868,-0.13885916246636204,1.3732480707999342,-0.21864564255753138,0.4974725209033735,0,0,5,1,1,2,200,0,0,50,0,0,-60,20,100,-36,-36,-36,35,33,37,36,32,37,124,122,123,122,122,122,-999,-999,-999
7.385821580886841,-0.15420271633004848,0.22478306410300597,-0.10510334396625193,1.3655762938680909,-0.22785177487574323,0.49031464290476384,-0.13272174092088748,0.22171435333026868,-0.13885916246636204,1.3747824261863026,-0.21864564255753138,0.4974725209033735,1,0,5,0,1,1,200,0,0,50,0,0,-60,20,100,-32,-36,-36,35,33,37,36,32,37,124,122,123,122,122,123,-999,-999,-999
7.403414487838745,-0.14959965017094254,0.22478306410300597,-0.10510334396625193,1.3655762938680909,-0.22785177487574323,0.49031464290476384,-0.12811867476178154,0.22171435333026868,-0.13885916246636204,1.3809198477317772,-0.21864564255753138,0.4974725209033735,1,1,4,0,1,1,150,0,0,50,0,0,-56,20,100,-36,-36,-36,35,33,37,36,32,37,124,122,123,122,122,123,-999,-999,-999
7.418195486068726,-0.14499658401183663,0.22478306410300597,-0.10510334396625193,1.3655762938680909,-0.22785177487574323,0.49031464290476384,-0.12504996398904428,0.22324870871663732,-0.13885916246636204,1.3839885585045146,-0.21864564255753138,0.4974725209033735,1,0,4,2,1,1,150,0,0,50,0,0,-56,20,100,-48,-36,-36,35,33,37,36,32,37,124,122,123,122,122,123,-999,-999,-999
7.435339689254761,-0.1419278732390993,0.22478306410300597,-0.10510334396625193,1.3686450046408283,-0.22785177487574323,0.49031464290476384,-0.12044689782993835,0.22324870871663732,-0.13885916246636204,1.3855229138908831,-0.21864564255753138,0.4974725209033735,0,0,5,0,1,1,200,0,0,0,0,0,-60,-20,100,-72,-36,-36,35,33,37,36,32,36,124,122,123,122,122,123,-999,-999,-999
7.450309991836548,-0.1373248070799934,0.22478306410300597,-0.10510334396625193,1.3732480707999342,-0.22785177487574323,0.49031464290476384,-0.11737818705720107,0.22324870871663732,-0.13885916246636204,1.3885916246636205,-0.21864564255753138,0.4974725209033735,0,0,5,0,0,1,150,0,0,50,0,0,-60,0,100,-48,-36,-36,48,33,37,37,32,37,124,122,123,122,122,122,-999,-999,-999
7.467775106430054,-0.13425609630725613,0.22478306410300597,-0.10510334396625193,1.3763167815726713,-0.22785177487574323,0.49031464290476384,-0.11277512089809515,0.22324870871663732,-0.13885916246636204,1.3916603354363577,-0.21864564255753138,0.4974725209033735,1,0,5,0,1,1,150,0,0,200,0,0,-60,0,100,-44,-36,-36,44,33,37,36,32,37,124,122,123,122,122,123,-999,-999,-999
7.483762979507446,-0.13118738553451884,0.22631741948937462,-0.10510334396625193,1.3793854923454087,-0.22785177487574323,0.49031464290476384,-0.10970641012535785,0.22324870871663732,-0.13885916246636204,1.3931946908227264,-0.21864564255753138,0.4974725209033735,1,0,4,1,1,1,150,0,0,150,0,0,-64,20,100,-48,-36,-36,35,33,37,36,32,37,124,122,123,122,122,122,-999,-999,-999
7.499345541000366,-0.12811867476178154,0.22631741948937462,-0.10510334396625193,1.3809198477317772,-0.22785177487574323,0.49031464290476384,-0.10663769935262057,0.22478306410300597,-0.1373248070799934,1.3931946908227264,-0.21864564255753138,0.4974725209033735,1,0,5,0,1,1,150,50,0,150,0,0,-64,24,100,-44,-36,-36,54,33,37,36,32,37,124,122,123,122,122,123,-999,-999,-999
7.516211271286011,-0.12504996398904428,0.22785177487574323,-0.10510334396625193,1.3839885585045146,-0.22785177487574323,0.49031464290476384,-0.1035689885798833,0.22478306410300597,-0.13425609630725613,1.394729046209095,-0.21864564255753138,0.4974725209033735,0,0,4,0,1,1,100,0,0,100,0,0,-68,-20,96,-32,-36,-36,35,33,37,36,32,36,124,122,123,122,122,123,-999,-999,-999
7.532803535461426,-0.12198125321630698,0.22938613026211188,-0.10510334396625193,1.3855229138908831,-0.22785177487574323,0.49031464290476384,-0.100500277807146,0.22478306410300597,-0.12811867476178154,1.394729046209095,-0.21864564255753138,0.4950865615705036,1,1,4,0,1,0,150,50,0,100,0,0,-64,28,80,-32,-36,-32,35,33,37,36,32,37,124,122,123,122,122,122,-999,-999,-999
7.548369884490967,-0.1189125424435697,0.2309204856484805,-0.10510334396625193,1.3870572692772518,-0.22785177487574323,0.49031464290476384,-0.09589721164804009,0.22478306410300597,-0.12198125321630698,1.394729046209095,-0.21864564255753138,0.4950865615705036,1,0,3,1,1,0,100,50,0,50,0,0,-64,32,60,-32,-36,-20,35,33,37,36,32,36,124,122,123,122,122,123,-999,-999,-999
7.564416885375977,-0.11584383167083243,0.2309204856484805,-0.10510334396625193,1.3885916246636205,-0.22785177487574323,0.49031464290476384,-0.09129414548893416,0.22478306410300597,-0.11584383167083243,1.394729046209095,-0.21864564255753138,0.4950865615705036,1,1,0,0,1,0,100,100,0,50,0,0,-72,36,32,-28,-36,-20,35,33,37,36,32,37,124,122,123,122,122,123,-999,-999,-999
7.581220865249634,-0.11124076551172649,0.2309204856484805,-0.10510334396625193,1.3885916246636205,-0.22785177487574323,0.49031464290476384,-0.08822543471619687,0.22478306410300597,-0.10970641012535785,1.394729046209095,-0.21864564255753138,0.4950865615705036,1,1,0,0,1,0,150,0,0,50,0,0,-76,28,0,-24,-36,-28,35,33,37,36,32,37,124,122,123,122,122,123,-999,-999,-999
7.596243381500244,-0.10817205473898922,0.2309204856484805,-0.10510334396625193,1.3885916246636205,-0.22785177487574323,0.49031464290476384,-0.0851567239434596,0.22478306410300597,-0.1035689885798833,1.394729046209095,-0.21864564255753138,0.4950865615705036,1,1,0,0,0,1,150,0,0,50,0,0,-76,28,-28,-24,-36,-28,35,33,37,36,32,36,124,122,123,122,122,123,-999,-999,-999
7.61224627494812,-0.10510334396625193,0.2309204856484805,-0.1035689885798833,1.3885916246636205,-0.22785177487574323,0.49031464290476384,-0.08055365778435367,0.22478306410300597,-0.09896592242077737,1.394729046209095,-0.21864564255753138,0.4974725209033735,1,1,0,0,1,1,150,0,0,0,0,0,-64,28,-32,-28,-36,-28,35,33,37,36,32,37,124,122,123,122,122,123,-999,-999,-999
7.628253221511841,-0.100500277807146,0.2309204856484805,-0.100500277807146,1.3885916246636205,-0.22785177487574323,0.49031464290476384,-0.07748494701161639,0.22478306410300597,-0.09436285626167144,1.394729046209095,-0.21864564255753138,0.4974725209033735,1,0,0,0,1,1,150,0,50,0,0,0,-68,28,-24,-28,-36,-40,35,33,37,36,32,37,124,122,123,122,122,123,-999,-999,-999
7.644256591796875,-0.09589721164804009,0.2309204856484805,-0.09589721164804009,1.390125980049989,-0.22785177487574323,0.49031464290476384,-0.07288188085251047,0.22478306410300597,-0.08975979010256553,1.394729046209095,-0.21864564255753138,0.4974725209033735,0,0,0,0,0,1,200,0,150,0,0,0,-68,28,-24,-24,-36,-40,47,33,37,36,32,37,124,122,123,122,122,123,-999,-999,-999
7.6602630615234375,-0.09129414548893416,0.2309204856484805,-0.0928285008753028,1.390125980049989,-0.22785177487574323,0.49031464290476384,-0.06827881469340454,0.22478306410300597,-0.0851567239434596,1.394729046209095,-0.21864564255753138,0.4974725209033735,0,0,0,0,1,1,150,0,150,50,0,0,-64,28,-28,-20,-36,-40,34,33,37,39,32,36,124,122,123,122,122,123,-999,-999,-999
7.676403760910034,-0.08822543471619687,0.2309204856484805,-0.08975979010256553,1.390125980049989,-0.22785177487574323,0.49031464290476384,-0.06367574853429861,0.22478306410300597,-0.08208801317072231,1.394729046209095,-0.21864564255753138,0.4974725209033735,1,1,0,0,1,1,150,0,150,50,0,0,-64,28,-32,-20,-36,-36,35,34,37,36,32,37,124,122,123,122,122,123,-999,-999,-999
7.693260908126831,-0.08362236855709095,0.2309204856484805,-0.0851567239434596,1.390125980049989,-0.22785177487574323,0.49031464290476384,-0.06060703776156134,0.22478306410300597,-0.07901930239798503,1.394729046209095,-0.21864564255753138,0.4974725209033735,2,1,0,0,1,1,150,0,150,0,0,0,-76,28,-32,-24,-36,-36,35,33,37,36,32,36,124,122,123,122,122,123,-999,-999,-999
7.708799362182617,-0.07901930239798503,0.2309204856484805,-0.08208801317072231,1.390125980049989,-0.22785177487574323,0.49031464290476384,-0.05753832698882405,0.22478306410300597,-0.07595059162524774,1.394729046209095,-0.21864564255753138,0.4974725209033735,1,0,1,1,0,0,200,0,150,0,0,0,-72,28,0,-24,-36,-36,35,33,37,36,32,36,124,122,123,122,122,123,-999,-999,-999
7.724417209625244,-0.07595059162524774,0.2309204856484805,-0.08055365778435367,1.390125980049989,-0.22785177487574323,0.49031464290476384,-0.052935260829718125,0.22478306410300597,-0.07288188085251047,1.394729046209095,-0.21864564255753138,0.4950865615705036,0,1,0,0,1,1,150,0,150,0,0,0,-60,28,-28,-24,-36,-28,35,33,37,36,32,37,124,122,123,122,122,123,-999,-999,-999
7.740299940109253,-0.07134752546614181,0.2309204856484805,-0.07748494701161639,1.390125980049989,-0.22785177487574323,0.49031464290476384,-0.0483321946706122,0.22478306410300597,-0.06981317007977318,1.394729046209095,-0.21864564255753138,0.4950865615705036,0,0,0,0,0,1,150,0,150,0,0,0,-64,28,-32,-24,-36,-24,47,33,37,36,32,37,124,122,123,122,122,123,-999,-999,-999
7.75635552406311,-0.06827881469340454,0.2309204856484805,-0.07288188085251047,1.3885916246636205,-0.22785177487574323,0.49031464290476384,-0.04526348389787492,0.22478306410300597,-0.0667444593070359,1.394729046209095,-0.21864564255753138,0.4950865615705036,0,1,0,0,1,1,150,0,50,0,0,0,-64,28,-28,-24,-36,-24,35,33,37,36,32,36,124,122,123,122,122,123,-999,-999,-999
7.772324562072754,-0.06367574853429861,0.2309204856484805,-0.06981317007977318,1.3885916246636205,-0.22785177487574323,0.49031464290476384,-0.042194773125137634,0.22478306410300597,-0.06521010392066726,1.394729046209095,-0.21864564255753138,0.4938935819040686,0,1,0,0,1,0,150,0,150,-50,0,0,-68,28,-28,-32,-36,-24,35,33,37,36,32,36,124,122,123,122,122,123,-999,-999,-999
7.7903876304626465,-0.05907268237519269,0.2309204856484805,-0.06521010392066726,1.390125980049989,-0.22785177487574323,0.49031464290476384,-0.039126062352400355,0.22478306410300597,-0.06214139314792997,1.394729046209095,-0.21864564255753138,0.4938935819040686,0,1,0,0,0,0,150,0,150,0,0,0,-60,28,20,-24,-36,-20,35,33,37,36,32,37,124,122,123,122,122,123,-999,-999,-999
7.806396722793579,-0.05600397160245541,0.2309204856484805,-0.06521010392066726,1.390125980049989,-0.22785177487574323,0.49031464290476384,-0.036057351579663076,0.22478306410300597,-0.05907268237519269,1.394729046209095,-0.21864564255753138,0.4938935819040686,0,0,0,1,1,1,200,0,150,50,0,0,-56,28,0,-20,-36,-24,35,33,37,36,32,37,124,122,123,122,122,123,-999,-999,-999
7.821410417556763,-0.052935260829718125,0.2309204856484805,-0.06367574853429861,1.390125980049989,-0.22785177487574323,0.49031464290476384,-0.03298864080692579,0.22478306410300597,-0.05600397160245541,1.3931946908227264,-0.21864564255753138,0.4938935819040686,0,0,0,0,1,1,100,0,50,0,0,0,-60,28,-20,0,-36,-24,35,33,37,36,32,36,124,122,123,122,122,123,-999,-999,-999
7.837412118911743,-0.0483321946706122,0.2309204856484805,-0.06060703776156134,1.3870572692772518,-0.22785177487574323,0.49031464290476384,-0.029919930034188504,0.22478306410300597,-0.051400905443349486,1.3931946908227264,-0.21864564255753138,0.4938935819040686,1,0,0,1,1,1,150,0,50,0,0,0,-56,28,-32,-20,-36,-24,35,33,37,36,32,36,124,122,123,122,122,123,-999,-999,-999
7.853268384933472,-0.04526348389787492,0.2309204856484805,-0.05600397160245541,1.3855229138908831,-0.22785177487574323,0.49031464290476384,-0.026851219261451224,0.22478306410300597,-0.049866550056980846,1.3931946908227264,-0.21864564255753138,0.4938935819040686,1,0,0,0,0,1,150,0,50,-50,0,0,-52,28,-32,-36,-36,-24,35,33,37,36,32,36,124,122,123,122,122,123,-999,-999,-999
7.86737060546875,-0.042194773125137634,0.2309204856484805,-0.052935260829718125,1.3885916246636205,-0.22785177487574323,0.49031464290476384,-0.02378250848871394,0.22478306410300597,-0.04679783928424356,1.3931946908227264,-0.21864564255753138,0.4938935819040686,0,0,0,1,1,0,150,0,150,-100,0,0,-56,28,-28,-36,-36,-24,35,33,37,36,32,36,124,122,123,122,122,123,-999,-999,-999
7.885271310806274,-0.039126062352400355,0.2309204856484805,-0.0483321946706122,1.3885916246636205,-0.22785177487574323,0.49031464290476384,-0.02071379771597666,0.22478306410300597,-0.04526348389787492,1.3931946908227264,-0.21864564255753138,0.4927006022376336,0,0,0,0,0,1,150,0,200,100,0,0,-56,28,0,0,-36,-20,35,33,37,37,32,37,124,122,123,122,122,123,-999,-999,-999
7.90082311630249,-0.036057351579663076,0.2309204856484805,-0.04679783928424356,1.3885916246636205,-0.22785177487574323,0.49031464290476384,-0.01917944232960802,0.22478306410300597,-0.042194773125137634,1.3931946908227264,-0.21864564255753138,0.4927006022376336,1,0,0,0,1,0,100,0,100,0,0,0,-56,28,24,-24,-36,0,35,33,37,36,32,36,124,122,123,122,122,123,-999,-999,-999
7.917281627655029,-0.03298864080692579,0.2309204856484805,-0.04679783928424356,1.3885916246636205,-0.22785177487574323,0.49031464290476384,-0.016110731556870737,0.22478306410300597,-0.03759170696603171,1.3931946908227264,-0.21864564255753138,0.4927006022376336,0,0,0,0,1,0,150,0,100,0,0,0,-52,28,-20,-24,-36,0,35,33,37,36,32,37,124,122,123,122,122,123,-999,-999,-999
7.934405326843262,-0.029919930034188504,0.2309204856484805,-0.04679783928424356,1.3870572692772518,-0.22785177487574323,0.49031464290476384,-0.014576376170502094,0.22478306410300597,-0.03452299619329443,1.3916603354363577,-0.21864564255753138,0.4927006022376336,1,0,0,0,0,0,150,0,50,0,0,0,-44,28,-44,-20,-36,-20,35,33,37,36,32,37,124,122,123,122,122,123,-999,-999,-999
7.948834657669067,-0.026851219261451224,0.2309204856484805,-0.042194773125137634,1.3839885585045146,-0.22785177487574323,0.49031464290476384,-0.014576376170502094,0.22478306410300597,-0.03298864080692579,1.390125980049989,-0.21864564255753138,0.4927006022376336,1,1,0,0,1,0,100,0,0,0,0,0,-52,28,-52,-20,-36,-20,35,33,37,36,32,37,124,122,123,122,122,123,-999,-999,-999
7.964836835861206,-0.02531686387508258,0.2309204856484805,-0.03759170696603171,1.3839885585045146,-0.22785177487574323,0.49031464290476384,-0.013042020784133452,0.22478306410300597,-0.029919930034188504,1.390125980049989,-0.22017999794390003,0.4927006022376336,0,0,0,1,0,0,100,0,150,-150,0,0,-36,28,-24,-36,-32,-20,35,33,37,36,32,37,124,122,123,122,122,123,-999,-999,-999
7.981285095214844,-0.02378250848871394,0.2309204856484805,-0.03298864080692579,1.3885916246636205,-0.22785177487574323,0.49031464290476384,-0.01150766539776481,0.22478306410300597,-0.029919930034188504,1.390125980049989,-0.22017999794390003,0.4927006022376336,0,0,0,0,1,0,100,0,200,0,0,0,-36,28,-24,-24,-28,-20,35,33,37,36,32,36,124,122,123,122,122,123,-999,-999,-999
7.99825382232666,-0.0222481531023453,0.2309204856484805,-0.029919930034188504,1.390125980049989,-0.22785177487574323,0.49031464290476384,-0.009973310011396168,0.22478306410300597,-0.029919930034188504,1.390125980049989,-0.22017999794390003,0.4927006022376336,0,0,1,1,1,0,100,0,200,0,0,0,-40,28,20,28,-32,-20,35,33,37,36,32,36,124,122,123,122,122,123,-999,-999,-999
8.013288021087646,-0.01917944232960802,0.2309204856484805,-0.029919930034188504,1.390125980049989,-0.22785177487574323,0.49031464290476384,-0.008438954625027528,0.22478306410300597,-0.029919930034188504,1.390125980049989,-0.22017999794390003,0.4927006022376336,1,0,0,0,1,0,50,0,150,150,0,0,-40,28,28,28,-32,-20,35,33,37,36,32,36,124,122,123,122,122,123,-999,-999,-999
8.030418872833252,-0.017645086943239376,0.2309204856484805,-0.029919930034188504,1.390125980049989,-0.22785177487574323,0.49031464290476384,-0.008438954625027528,0.22478306410300597,-0.029919930034188504,1.390125980049989,-0.22017999794390003,0.4927006022376336,1,0,0,0,0,0,50,0,50,50,0,0,-40,28,0,0,-32,-20,35,33,37,36,32,37,124,122,123,122,122,123,-999,-999,-999
8.045886039733887,-0.016110731556870737,0.2309204856484805,-0.029919930034188504,1.3855229138908831,-0.22785177487574323,0.49031464290476384,-0.006904599238658886,0.22478306410300597,-0.029919930034188504,1.390125980049989,-0.22017999794390003,0.4927006022376336,0,0,0,0,1,0,50,0,0,0,0,0,-32,28,0,0,-32,-20,35,33,37,36,32,37,124,122,123,122,122,123,-999,-999,-999
8.061423778533936,-0.016110731556870737,0.2309204856484805,-0.029919930034188504,1.3855229138908831,-0.22785177487574323,0.49031464290476384,-0.006904599238658886,0.22478306410300597,-0.029919930034188504,1.390125980049989,-0.22017999794390003,0.4927006022376336,1,0,0,0,1,0,50,0,0,-150,0,0,-36,28,0,-32,-32,-20,35,33,37,36,32,36,124,122,123,122,122,123,-999,-999,-999
8.078296899795532,-0.016110731556870737,0.2309204856484805,-0.029919930034188504,1.3870572692772518,-0.22785177487574323,0.49031464290476384,-0.006904599238658886,0.22478306410300597,-0.029919930034188504,1.390125980049989,-0.22017999794390003,0.4927006022376336,0,0,0,0,1,0,50,0,0,0,0,0,-36,28,0,0,-32,-20,35,33,37,36,32,36,124,122,123,122,122,122,-999,-999,-999
8.094298362731934,-0.014576376170502094,0.2309204856484805,-0.029919930034188504,1.3885916246636205,-0.22785177487574323,0.49031464290476384,-0.006904599238658886,0.22478306410300597,-0.029919930034188504,1.390125980049989,-0.22017999794390003,0.4927006022376336,0,0,0,0,0,1,50,0,0,0,0,0,-32,28,0,20,-32,-20,35,33,37,36,32,37,124,122,123,122,122,123,-999,-999,-999
8.108859539031982,-0.014576376170502094,0.2309204856484805,-0.029919930034188504,1.3885916246636205,-0.22785177487574323,0.49031464290476384,-0.006904599238658886,0.22478306410300597,-0.029919930034188504,1.390125980049989,-0.22017999794390003,0.4927006022376336,0,0,0,1,1,0,50,0,0,100,0,0,-28,28,0,20,-32,-20,35,33,37,36,32,37,124,122,123,122,122,123,-999,-999,-999
8.12643313407898,-0.014576376170502094,0.2309204856484805,-0.029919930034188504,1.3885916246636205,-0.22785177487574323,0.49031464290476384,-0.006904599238658886,0.22478306410300597,-0.029919930034188504,1.390125980049989,-0.22017999794390003,0.4927006022376336,0,1,0,0,0,0,0,0,0,0,0,0,-32,28,0,0,-32,-20,35,33,37,36,32,37,124,122,123,122,122,123,-999,-999,-999
8.141278266906738,-0.014576376170502094,0.2309204856484805,-0.029919930034188504,1.3885916246636205,-0.22785177487574323,0.49031464290476384,-0.006904599238658886,0.22478306410300597,-0.029919930034188504,1.390125980049989,-0.22017999794390003,0.4927006022376336,1,0,0,0,1,0,0,0,0,0,0,0,-32,28,0,0,-32,-20,35,33,37,36,32,36,124,122,123,122,122,123,-999,-999,-999
8.15831446647644,-0.014576376170502094,0.2309204856484805,-0.029919930034188504,1.3885916246636205,-0.22785177487574323,0.49031464290476384,-0.008438954625027528,0.22478306410300597,-0.029919930034188504,1.390125980049989,-0.22017999794390003,0.4927006022376336,0,0,0,0,0,0,0,0,0,0,0,0,-28,28,0,0,-32,-20,35,33,37,36,32,37,124,122,123,122,122,123,-999,-999,-999
8.17427921295166,-0.014576376170502094,0.2309204856484805,-0.029919930034188504,1.3885916246636205,-0.22785177487574323,0.49031464290476384,-0.008438954625027528,0.22478306410300597,-0.029919930034188504,1.390125980049989,-0.22017999794390003,0.4927006022376336,0,0,0,0,1,0,0,0,0,0,0,0,-28,28,0,0,-32,-20,35,33,37,36,32,37,124,122,123,122,122,123,-999,-999,-999
8.187865257263184,-0.014576376170502094,0.2309204856484805,-0.029919930034188504,1.3885916246636205,-0.22785177487574323,0.49031464290476384,-0.009973310011396168,0.22478306410300597,-0.029919930034188504,1.390125980049989,-0.22017999794390003,0.4927006022376336,0,1,0,0,1,0,0,0,0,0,0,0,-20,28,0,0,-32,-20,35,33,37,35,32,36,124,122,123,122,122,123,-999,-999,-999
8.207305431365967,-0.014576376170502094,0.2309204856484805,-0.029919930034188504,1.3885916246636205,-0.22785177487574323,0.49031464290476384,-0.009973310011396168,0.22478306410300597,-0.029919930034188504,1.390125980049989,-0.22017999794390003,0.4927006022376336,0,0,0,0,1,1,0,0,0,0,0,0,-20,28,0,0,-32,-20,35,33,37,36,32,37,124,122,123,122,122,123,-999,-999,-999
8.222328424453735,-0.014576376170502094,0.2309204856484805,-0.029919930034188504,1.3885916246636205,-0.22785177487574323,0.49031464290476384,-0.01150766539776481,0.22478306410300597,-0.029919930034188504,1.3885916246636205,-0.22017999794390003,0.4927006022376336,0,0,0,0,0,0,0,0,0,0,0,0,-20,28,0,0,-32,-20,35,33,37,36,32,38,124,122,123,122,122,123,-999,-999,-999
8.239310026168823,-0.014576376170502094,0.2309204856484805,-0.029919930034188504,1.3885916246636205,-0.22785177487574323,0.49031464290476384,-0.01150766539776481,0.22478306410300597,-0.029919930034188504,1.3885916246636205,-0.22017999794390003,0.4927006022376336,0,1,0,0,1,0,0,0,0,0,0,0,0,28,0,0,-32,-20,35,33,37,36,32,36,124,122,123,122,122,123,-999,-999,-999
8.255296468734741,-0.014576376170502094,0.2309204856484805,-0.029919930034188504,1.3885916246636205,-0.22785177487574323,0.49031464290476384,-0.013042020784133452,0.22478306410300597,-0.028385574647819864,1.3885916246636205,-0.22017999794390003,0.4927006022376336,0,0,0,0,0,0,0,0,0,0,0,0,20,28,0,0,-32,-20,35,33,37,36,32,36,124,122,123,122,122,123,-999,-999,-999
8.271291732788086,-0.014576376170502094,0.2309204856484805,-0.029919930034188504,1.3885916246636205,-0.22785177487574323,0.49031464290476384,-0.014576376170502094,0.22478306410300597,-0.028385574647819864,1.3885916246636205,-0.22017999794390003,0.4927006022376336,0,0,0,0,1,1,0,0,0,0,0,0,20,28,0,0,-32,-20,35,33,37,36,32,37,124,122,123,122,113,122,-999,-999,-999
8.28745436668396,-0.014576376170502094,0.2309204856484805,-0.029919930034188504,1.3885916246636205,-0.22785177487574323,0.49031464290476384,-0.01917944232960802,0.22478306410300597,-0.028385574647819864,1.3885916246636205,-0.22017999794390003,0.4927006022376336,0,1,0,0,1,0,0,0,0,0,0,0,0,28,0,0,-32,-20,35,33,37,36,32,37,124,122,123,122,122,123,-999,-999,-999
8.303464412689209,-0.014576376170502094,0.2309204856484805,-0.029919930034188504,1.3885916246636205,-0.22785177487574323,0.49031464290476384,-0.02378250848871394,0.22478306410300597,-0.028385574647819864,1.3885916246636205,-0.22017999794390003,0.4927006022376336,0,0,0,0,1,0,0,0,0,0,0,0,32,28,0,0,-32,-20,35,33,37,36,32,37,124,122,123,122,122,123,-999,-999,-999
8.318902015686035,-0.014576376170502094,0.2309204856484805,-0.029919930034188504,1.3885916246636205,-0.22785177487574323,0.49031464290476384,-0.026851219261451224,0.22478306410300597,-0.028385574647819864,1.3885916246636205,-0.22017999794390003,0.4927006022376336,2,1,0,0,0,0,0,0,0,0,0,0,56,28,0,0,-32,-20,35,33,37,36,32,36,124,122,123,122,122,123,-999,-999,-999
8.33530306816101,-0.014576376170502094,0.2309204856484805,-0.029919930034188504,1.3885916246636205,-0.22785177487574323,0.49031464290476384,-0.028385574647819864,0.22478306410300597,-0.028385574647819864,1.3885916246636205,-0.22017999794390003,0.4927006022376336,2,0,0,0,0,0,0,0,0,0,0,0,60,28,0,0,-32,-20,35,33,38,36,32,37,124,122,123,122,122,123,-999,-999,-999
8.350964546203613,-0.014576376170502094,0.2309204856484805,-0.029919930034188504,1.3885916246636205,-0.22785177487574323,0.49031464290476384,-0.03145428542055715,0.22478306410300597,-0.028385574647819864,1.3885916246636205,-0.22017999794390003,0.4927006022376336,1,0,0,0,0,0,0,0,0,0,0,0,64,28,0,0,-32,-20,35,33,37,36,32,37,124,122,123,122,122,123,-999,-999,-999
8.36691951751709,-0.017645086943239376,0.2309204856484805,-0.029919930034188504,1.3885916246636205,-0.22785177487574323,0.49031464290476384,-0.03298864080692579,0.22478306410300597,-0.028385574647819864,1.3885916246636205,-0.22017999794390003,0.4927006022376336,1,1,0,0,1,1,0,0,0,0,0,0,60,28,0,0,-32,-20,35,33,37,36,32,37,124,122,123,122,122,123,-999,-999,-999
8.383315324783325,-0.01917944232960802,0.2309204856484805,-0.029919930034188504,1.3885916246636205,-0.22785177487574323,0.49031464290476384,-0.03298864080692579,0.22478306410300597,-0.028385574647819864,1.3885916246636205,-0.22017999794390003,0.4927006022376336,1,1,0,0,1,1,-50,0,0,0,0,0,56,28,0,0,-32,-20,35,33,37,36,32,37,124,122,123,122,122,123,-999,-999,-999
8.399366617202759,-0.0222481531023453,0.2309204856484805,-0.029919930034188504,1.3885916246636205,-0.22785177487574323,0.49031464290476384,-0.03298864080692579,0.22478306410300597,-0.028385574647819864,1.3885916246636205,-0.22017999794390003,0.4927006022376336,1,1,0,0,1,1,-100,0,0,0,0,0,36,28,0,0,-32,-20,35,33,37,36,32,36,124,122,123,122,122,123,-999,-999,-999
8.415337324142456,-0.02378250848871394,0.2309204856484805,-0.029919930034188504,1.3885916246636205,-0.22785177487574323,0.49031464290476384,-0.03452299619329443,0.22478306410300597,-0.028385574647819864,1.3885916246636205,-0.22017999794390003,0.4927006022376336,0,1,0,0,0,0,-100,0,0,0,0,0,36,28,0,0,-32,-20,35,33,37,36,32,37,124,122,123,122,122,123,-999,-999,-999
8.43135118484497,-0.026851219261451224,0.2309204856484805,-0.029919930034188504,1.3885916246636205,-0.22785177487574323,0.49031464290476384,-0.03759170696603171,0.22478306410300597,-0.028385574647819864,1.3885916246636205,-0.22017999794390003,0.4927006022376336,1,0,0,0,0,1,-100,0,0,0,0,0,40,28,0,0,-32,-20,35,33,37,36,32,37,124,122,123,122,122,123,-999,-999,-999
8.447361707687378,-0.028385574647819864,0.2309204856484805,-0.029919930034188504,1.3885916246636205,-0.22785177487574323,0.49031464290476384,-0.03759170696603171,0.22478306410300597,-0.028385574647819864,1.3885916246636205,-0.22017999794390003,0.4927006022376336,1,1,0,0,1,1,-100,0,0,0,0,0,40,28,0,0,-32,-20,35,33,37,36,32,36,124,122,123,122,122,123,-999,-999,-999
8.463325262069702,-0.028385574647819864,0.2309204856484805,-0.029919930034188504,1.3885916246636205,-0.22785177487574323,0.49031464290476384,-0.03759170696603171,0.22478306410300597,-0.028385574647819864,1.3885916246636205,-0.22017999794390003,0.4927006022376336,1,0,0,0,0,0,-50,0,0,0,0,0,32,28,0,0,-32,-20,35,33,37,36,32,37,124,122,123,122,122,123,-999,-999,-999
8.47935938835144,-0.029919930034188504,0.2309204856484805,-0.029919930034188504,1.3885916246636205,-0.22785177487574323,0.49031464290476384,-0.039126062352400355,0.22478306410300597,-0.028385574647819864,1.3885916246636205,-0.22017999794390003,0.4927006022376336,1,0,0,0,1,0,-50,0,0,0,0,0,36,28,0,0,-32,-20,35,33,37,36,32,37,124,122,123,122,122,123,-999,-999,-999
8.496355533599854,-0.029919930034188504,0.2309204856484805,-0.029919930034188504,1.3885916246636205,-0.22785177487574323,0.49031464290476384,-0.040660417738769,0.22478306410300597,-0.028385574647819864,1.3885916246636205,-0.22017999794390003,0.4927006022376336,1,0,0,0,0,0,-50,0,0,0,0,0,40,28,0,0,-32,-20,35,33,37,36,32,37,124,122,123,122,122,123,-999,-999,-999
8.512509107589722,-0.029919930034188504,0.2309204856484805,-0.029919930034188504,1.3885916246636205,-0.22785177487574323,0.49031464290476384,-0.040660417738769,0.22478306410300597,-0.028385574647819864,1.3885916246636205,-0.22017999794390003,0.4927006022376336,1,1,0,0,1,0,0,0,0,0,0,0,44,28,0,0,-32,-20,35,33,37,36,32,36,124,122,123,122,122,123,-999,-999,-999
8.529353618621826,-0.029919930034188504,0.2309204856484805,-0.029919930034188504,1.3885916246636205,-0.22785177487574323,0.49031464290476384,-0.04372912851150628,0.22478306410300597,-0.028385574647819864,1.3885916246636205,-0.22017999794390003,0.4927006022376336,1,0,0,0,0,1,0,0,0,0,0,0,48,28,0,0,-32,-20,35,33,37,36,32,37,124,122,123,122,122,123,-999,-999,-999
8.544357061386108,-0.03145428542055715,0.2309204856484805,-0.029919930034188504,1.3885916246636205,-0.22785177487574323,0.49031464290476384,-0.04372912851150628,0.22478306410300597,-0.028385574647819864,1.3885916246636205,-0.22017999794390003,0.4927006022376336,1,0,0,0,0,0,0,0,0,0,0,0,52,28,0,0,-32,-20,35,33,37,36,32,37,124,122,123,122,122,123,-999,-999,-999
8.559374809265137,-0.03145428542055715,0.2309204856484805,-0.029919930034188504,1.3885916246636205,-0.22785177487574323,0.49031464290476384,-0.04372912851150628,0.22478306410300597,-0.028385574647819864,1.3885916246636205,-0.22017999794390003,0.4927006022376336,0,1,0,0,1,0,0,0,0,0,0,0,44,28,0,0,-32,-20,35,33,37,36,32,37,124,122,123,122,122,123,-999,-999,-999
8.576388835906982,-0.03298864080692579,0.2309204856484805,-0.029919930034188504,1.3885916246636205,-0.22785177487574323,0.49031464290476384,-0.04372912851150628,0.22478306410300597,-0.028385574647819864,1.3885916246636205,-0.22017999794390003,0.4927006022376336,1,1,0,0,0,0,-50,0,0,0,0,0,40,28,0,0,-32,-20,35,33,37,36,32,36,124,122,123,122,122,123,-999,-999,-999
8.592336177825928,-0.03452299619329443,0.2309204856484805,-0.029919930034188504,1.3885916246636205,-0.22785177487574323,0.49031464290476384,-0.04372912851150628,0.22478306410300597,-0.028385574647819864,1.3885916246636205,-0.22017999794390003,0.4927006022376336,1,1,0,0,1,0,-50,0,0,0,0,0,36,28,0,0,-32,-20,35,33,37,36,32,36,124,122,123,122,122,123,-999,-999,-999
8.608367204666138,-0.03759170696603171,0.2309204856484805,-0.029919930034188504,1.3885916246636205,-0.22785177487574323,0.49031464290476384,-0.04372912851150628,0.22478306410300597,-0.028385574647819864,1.3885916246636205,-0.22017999794390003,0.4927006022376336,1,0,0,0,0,0,-100,0,0,0,0,0,28,28,0,0,-32,-20,35,33,37,36,32,37,124,122,123,122,122,123,-999,-999,-999
8.625368595123291,-0.039126062352400355,0.2309204856484805,-0.029919930034188504,1.3885916246636205,-0.22785177487574323,0.49031464290476384,-0.04372912851150628,0.22478306410300597,-0.028385574647819864,1.3885916246636205,-0.22017999794390003,0.4927006022376336,0,0,0,0,1,0,-100,0,0,0,0,0,20,28,0,0,-32,-20,35,33,37,36,32,37,124,122,123,122,122,117,-999,-999,-999
8.64055585861206,-0.039126062352400355,0.2309204856484805,-0.029919930034188504,1.3885916246636205,-0.22785177487574323,0.49031464290476384,-0.04372912851150628,0.22478306410300597,-0.028385574647819864,1.3885916246636205,-0.22017999794390003,0.4927006022376336,0,0,0,0,1,0,-50,0,0,0,0,0,20,28,0,0,-32,-20,35,33,37,36,32,36,124,122,123,122,122,123,-999,-999,-999
8.656391859054565,-0.039126062352400355,0.2309204856484805,-0.029919930034188504,1.3885916246636205,-0.22785177487574323,0.49031464290476384,-0.04526348389787492,0.22478306410300597,-0.028385574647819864,1.3885916246636205,-0.22017999794390003,0.4927006022376336,0,0,0,0,1,0,-50,0,0,0,0,0,24,28,0,0,-32,-20,35,33,37,36,32,36,124,122,123,122,122,123,-999,-999,-999
8.672345876693726,-0.039126062352400355,0.2309204856484805,-0.029919930034188504,1.3885916246636205,-0.22785177487574323,0.49031464290476384,-0.04526348389787492,0.22478306410300597,-0.028385574647819864,1.3885916246636205,-0.22017999794390003,0.4927006022376336,0,0,0,0,0,1,0,0,0,0,0,0,32,28,0,0,-32,-20,35,33,37,36,32,37,124,122,123,122,122,123,-999,-999,-999
8.688385486602783,-0.039126062352400355,0.2309204856484805,-0.029919930034188504,1.3885916246636205,-0.22785177487574323,0.49031464290476384,-0.04526348389787492,0.22478306410300597,-0.028385574647819864,1.3885916246636205,-0.22017999794390003,0.4927006022376336,0,0,0,0,1,0,0,0,0,0,0,0,28,28,0,0,-32,-20,35,33,37,36,32,37,124,122,123,122,122,123,-999,-999,-999
8.704516172409058,-0.039126062352400355,0.2309204856484805,-0.029919930034188504,1.3885916246636205,-0.22785177487574323,0.49031464290476384,-0.0483321946706122,0.22478306410300597,-0.028385574647819864,1.3885916246636205,-0.22017999794390003,0.4927006022376336,1,1,0,0,1,0,0,0,0,0,0,0,32,28,0,0,-32,-20,35,33,37,36,32,37,124,122,123,122,122,123,-999,-999,-999
8.72049617767334,-0.03759170696603171,0.2309204856484805,-0.029919930034188504,1.3885916246636205,-0.22785177487574323,0.49031464290476384,-0.051400905443349486,0.22478306410300597,-0.028385574647819864,1.3885916246636205,-0.22017999794390003,0.4927006022376336,1,1,0,0,0,1,0,0,0,0,0,0,44,28,0,0,-32,-20,35,33,37,36,32,36,124,122,123,122,122,123,-999,-999,-999
8.736386060714722,-0.03759170696603171,0.2309204856484805,-0.029919930034188504,1.3885916246636205,-0.22785177487574323,0.49031464290476384,-0.052935260829718125,0.22478306410300597,-0.028385574647819864,1.3885916246636205,-0.22017999794390003,0.4927006022376336,1,1,0,0,1,1,50,0,0,0,0,0,68,28,0,0,-32,-20,35,33,37,36,40,36,124,122,123,122,122,123,-999,-999,-999
8.75253677368164,-0.03759170696603171,0.2309204856484805,-0.029919930034188504,1.3885916246636205,-0.22785177487574323,0.49031464290476384,-0.052935260829718125,0.22478306410300597,-0.028385574647819864,1.3885916246636205,-0.22017999794390003,0.4927006022376336,1,0,0,0,1,0,0,0,0,0,0,0,56,28,0,0,-32,-20,35,33,37,36,32,37,124,122,123,122,122,123,-999,-999,-999
8.767954587936401,-0.039126062352400355,0.2309204856484805,-0.029919930034188504,1.3885916246636205,-0.22785177487574323,0.49031464290476384,-0.052935260829718125,0.22478306410300597,-0.028385574647819864,1.3885916246636205,-0.22017999794390003,0.4927006022376336,1,1,0,0,1,0,-50,0,0,0,0,0,44,28,0,0,-32,-20,35,33,37,36,32,37,124,122,123,122,122,123,-999,-999,-999
8.784397840499878,-0.042194773125137634,0.2309204856484805,-0.029919930034188504,1.3885916246636205,-0.22785177487574323,0.49031464290476384,-0.05446961621608677,0.22478306410300597,-0.028385574647819864,1.3885916246636205,-0.22017999794390003,0.4927006022376336,1,0,0,0,0,1,-50,0,0,0,0,0,44,28,0,0,-32,-20,35,33,37,36,32,37,124,122,123,122,122,123,-999,-999,-999
8.801398992538452,-0.04372912851150628,0.2309204856484805,-0.029919930034188504,1.3885916246636205,-0.22785177487574323,0.49031464290476384,-0.05600397160245541,0.22478306410300597,-0.028385574647819864,1.3885916246636205,-0.22017999794390003,0.4927006022376336,2,1,0,0,1,1,-50,0,0,0,0,0,48,28,0,0,-32,-20,35,33,37,36,32,37,124,122,123,122,122,123,-999,-999,-999
8.8175687789917,-0.04679783928424356,0.2309204856484805,-0.029919930034188504,1.3885916246636205,-0.22785177487574323,0.49031464290476384,-0.05600397160245541,0.22478306410300597,-0.028385574647819864,1.3885916246636205,-0.22017999794390003,0.4927006022376336,0,0,0,0,1,1,-50,0,0,0,0,0,36,28,0,0,-32,-20,35,33,37,36,32,36,124,122,123,122,122,123,-999,-999,-999
8.833399772644043,-0.049866550056980846,0.2309204856484805,-0.029919930034188504,1.3885916246636205,-0.22785177487574323,0.49031464290476384,-0.05600397160245541,0.22478306410300597,-0.028385574647819864,1.3885916246636205,-0.22017999794390003,0.4927006022376336,0,1,0,0,0,1,-100,0,0,0,0,0,24,28,0,0,-32,-20,35,33,37,36,32,36,124,122,123,122,122,123,-999,-999,-999
8.848974704742432,-0.051400905443349486,0.2309204856484805,-0.029919930034188504,1.3885916246636205,-0.22785177487574323,0.49031464290476384,-0.05600397160245541,0.22478306410300597,-0.028385574647819864,1.3885916246636205,-0.22017999794390003,0.4927006022376336,0,0,0,0,0,0,-150,0,0,0,0,0,20,28,0,0,-32,-20,35,33,37,36,32,37,124,122,123,122,122,123,-999,-999,-999
8.865407943725586,-0.051400905443349486,0.2309204856484805,-0.029919930034188504,1.3885916246636205,-0.22785177487574323,0.49031464290476384,-0.05753832698882405,0.22478306410300597,-0.028385574647819864,1.3885916246636205,-0.22017999794390003,0.4927006022376336,0,0,0,0,1,0,-50,0,0,0,0,0,28,28,0,0,-32,-20,35,33,37,36,32,36,124,122,123,122,122,123,-999,-999,-999
8.881550788879395,-0.051400905443349486,0.2309204856484805,-0.029919930034188504,1.3885916246636205,-0.22785177487574323,0.49031464290476384,-0.05753832698882405,0.22478306410300597,-0.028385574647819864,1.3885916246636205,-0.22017999794390003,0.4927006022376336,1,1,0,0,1,0,0,0,0,0,0,0,28,28,0,0,-32,-20,35,33,37,37,32,36,124,122,123,122,122,123,-999,-999,-999
8.89697551727295,-0.051400905443349486,0.2309204856484805,-0.029919930034188504,1.3885916246636205,-0.22785177487574323,0.49031464290476384,-0.06060703776156134,0.22478306410300597,-0.028385574647819864,1.3885916246636205,-0.22171435333026868,0.4927006022376336,0,0,0,0,1,1,0,0,0,0,0,0,32,28,0,0,-28,-20,35,33,37,36,32,36,124,122,123,122,122,123,-999,-999,-999
8.913528203964233,-0.051400905443349486,0.2309204856484805,-0.029919930034188504,1.3885916246636205,-0.22785177487574323,0.49031464290476384,-0.06367574853429861,0.22478306410300597,-0.028385574647819864,1.3885916246636205,-0.22324870871663732,0.4927006022376336,1,0,0,0,0,0,0,0,0,0,0,0,48,28,0,0,-20,-20,35,33,37,36,32,37,124,122,123,122,122,123,-999,-999,-999
8.929424047470093,-0.051400905443349486,0.2309204856484805,-0.029919930034188504,1.3885916246636205,-0.22785177487574323,0.49031464290476384,-0.06521010392066726,0.22478306410300597,-0.028385574647819864,1.3885916246636205,-0.22324870871663732,0.4927006022376336,1,0,0,0,0,0,0,0,0,0,0,0,56,28,0,0,-20,-20,35,33,37,36,32,36,124,122,123,122,122,123,-999,-999,-999
8.945590734481812,-0.051400905443349486,0.2309204856484805,-0.029919930034188504,1.3885916246636205,-0.22785177487574323,0.49031464290476384,-0.06521010392066726,0.22478306410300597,-0.028385574647819864,1.3885916246636205,-0.22324870871663732,0.4927006022376336,1,0,0,0,1,0,0,0,0,0,0,0,52,28,0,0,-24,-20,35,33,37,36,32,37,124,122,123,122,122,123,-999,-999,-999
8.96154522895813,-0.052935260829718125,0.2309204856484805,-0.029919930034188504,1.3885916246636205,-0.22785177487574323,0.49031464290476384,-0.0667444593070359,0.22478306410300597,-0.028385574647819864,1.3885916246636205,-0.22478306410300597,0.4927006022376336,1,0,0,0,1,0,-50,0,0,0,0,0,52,28,0,0,-20,-20,35,33,37,36,32,36,124,122,123,122,122,123,-999,-999,-999
8.977559566497803,-0.05446961621608677,0.2309204856484805,-0.029919930034188504,1.3885916246636205,-0.22785177487574323,0.49031464290476384,-0.0667444593070359,0.22478306410300597,-0.028385574647819864,1.3885916246636205,-0.22478306410300597,0.4927006022376336,1,0,0,0,0,0,-50,0,0,0,0,0,44,28,0,0,0,-20,35,33,37,36,32,37,124,122,123,122,122,123,-999,-999,-999
8.993460416793823,-0.05600397160245541,0.2309204856484805,-0.029919930034188504,1.3885916246636205,-0.22785177487574323,0.49031464290476384,-0.0667444593070359,0.22478306410300597,-0.028385574647819864,1.3885916246636205,-0.22478306410300597,0.4927006022376336,0,1,0,0,0,1,-50,0,0,0,0,0,40,28,0,0,-20,-20,35,33,37,36,32,36,124,122,123,122,122,123,-999,-999,-999
9.010417222976685,-0.05907268237519269,0.2309204856484805,-0.029919930034188504,1.3885916246636205,-0.22785177487574323,0.49031464290476384,-0.0667444593070359,0.22478306410300597,-0.028385574647819864,1.3885916246636205,-0.22478306410300597,0.4927006022376336,0,0,0,0,0,0,-50,0,0,0,0,0,32,28,0,0,-20,-20,35,33,37,36,32,37,124,122,123,122,122,123,-999,-999,-999
9.02440595626831,-0.06060703776156134,0.2309204856484805,-0.029919930034188504,1.3885916246636205,-0.22785177487574323,0.49031464290476384,-0.0667444593070359,0.22478306410300597,-0.028385574647819864,1.3885916246636205,-0.22478306410300597,0.4927006022376336,0,1,0,0,0,0,-100,0,0,0,0,0,0,28,0,0,-20,-20,35,33,37,36,32,36,124,122,123,122,122,123,-999,-999,-999
9.042412757873535,-0.06214139314792997,0.2309204856484805,-0.029919930034188504,1.3885916246636205,-0.22785177487574323,0.49031464290476384,-0.0667444593070359,0.22478306410300597,-0.028385574647819864,1.390125980049989,-0.22478306410300597,0.4927006022376336,1,0,0,0,0,0,-100,0,0,0,0,0,20,28,0,0,-20,-20,35,32,37,36,32,37,124,122,123,122,122,123,-999,-999,-999
9.057436227798462,-0.06214139314792997,0.2309204856484805,-0.029919930034188504,1.3885916246636205,-0.22785177487574323,0.49031464290476384,-0.0667444593070359,0.22478306410300597,-0.028385574647819864,1.390125980049989,-0.22478306410300597,0.4927006022376336,0,1,0,0,0,1,-100,0,0,0,0,0,20,28,0,0,-20,-20,35,33,37,36,32,37,124,122,123,122,122,123,-999,-999,-999
9.074544906616211,-0.06214139314792997,0.2309204856484805,-0.029919930034188504,1.3885916246636205,-0.22785177487574323,0.49031464290476384,-0.0667444593070359,0.22478306410300597,-0.028385574647819864,1.390125980049989,-0.22478306410300597,0.4927006022376336,0,0,0,0,0,0,0,0,0,0,0,0,24,28,0,0,-20,-20,35,33,37,36,32,36,124,122,123,122,122,123,-999,-999,-999
9.090458154678345,-0.06214139314792997,0.2309204856484805,-0.029919930034188504,1.3885916246636205,-0.22785177487574323,0.49031464290476384,-0.0667444593070359,0.22478306410300597,-0.028385574647819864,1.390125980049989,-0.22478306410300597,0.4927006022376336,0,1,0,0,1,1,0,0,0,0,0,0,24,28,0,0,-20,-20,35,33,37,36,32,37,124,122,123,122,122,123,-999,-999,-999
9.105560541152954,-0.06214139314792997,0.2309204856484805,-0.029919930034188504,1.3885916246636205,-0.22785177487574323,0.49031464290476384,-0.0667444593070359,0.22478306410300597,-0.028385574647819864,1.390125980049989,-0.22478306410300597,0.4927006022376336,0,0,0,1,1,0,0,0,0,0,0,0,24,28,0,0,-20,-20,35,33,37,36,32,36,124,122,123,122,122,123,-999,-999,-999
9.12200665473938,-0.06214139314792997,0.2309204856484805,-0.029919930034188504,1.3885916246636205,-0.22785177487574323,0.49031464290476384,-0.0667444593070359,0.22478306410300597,-0.028385574647819864,1.390125980049989,-0.22478306410300597,0.4927006022376336,1,0,0,0,0,0,0,0,0,0,0,0,24,28,0,0,-20,-20,35,33,37,36,32,37,124,122,123,122,122,123,-999,-999,-999
9.13912582397461,-0.06060703776156134,0.2309204856484805,-0.029919930034188504,1.3885916246636205,-0.22785177487574323,0.49031464290476384,-0.0667444593070359,0.22478306410300597,-0.028385574647819864,1.390125980049989,-0.22478306410300597,0.4927006022376336,0,0,0,0,0,0,50,0,0,0,0,0,28,28,0,0,-20,-20,35,33,37,36,32,36,124,122,123,122,122,123,-999,-999,-999
9.154453039169312,-0.05907268237519269,0.2309204856484805,-0.029919930034188504,1.3885916246636205,-0.22785177487574323,0.49031464290476384,-0.0667444593070359,0.22478306410300597,-0.028385574647819864,1.390125980049989,-0.22478306410300597,0.4927006022376336,0,1,0,0,0,0,50,0,0,0,0,0,36,28,0,0,-20,-20,35,33,37,36,32,37,124,122,123,122,122,123,-999,-999,-999
9.1705904006958,-0.05907268237519269,0.2309204856484805,-0.029919930034188504,1.3885916246636205,-0.22785177487574323,0.49031464290476384,-0.0667444593070359,0.22478306410300597,-0.028385574647819864,1.390125980049989,-0.22478306410300597,0.4927006022376336,0,0,0,0,0,0,50,0,0,0,0,0,36,28,0,0,-20,-20,35,33,37,36,32,36,124,122,123,122,122,123,-999,-999,-999
9.186614274978638,-0.05907268237519269,0.2309204856484805,-0.029919930034188504,1.3885916246636205,-0.22785177487574323,0.49031464290476384,-0.0667444593070359,0.22478306410300597,-0.028385574647819864,1.390125980049989,-0.22478306410300597,0.4927006022376336,0,0,0,0,0,1,0,0,0,0,0,0,32,28,0,0,-20,-20,35,33,37,36,32,37,124,122,123,122,122,123,-999,-999,-999
9.202043056488037,-0.05753832698882405,0.2309204856484805,-0.029919930034188504,1.3885916246636205,-0.22785177487574323,0.49031464290476384,-0.0667444593070359,0.22478306410300597,-0.028385574647819864,1.390125980049989,-0.22478306410300597,0.4927006022376336,1,0,0,0,0,1,0,0,0,0,0,0,40,28,0,0,-20,-20,35,33,37,36,32,37,124,122,123,122,122,123,-999,-999,-999
9.218467950820923,-0.05753832698882405,0.2309204856484805,-0.029919930034188504,1.3885916246636205,-0.22785177487574323,0.49031464290476384,-0.0667444593070359,0.22478306410300597,-0.028385574647819864,1.390125980049989,-0.22478306410300597,0.4927006022376336,1,1,0,0,0,0,50,0,0,0,0,0,40,28,0,0,-20,-20,35,33,37,36,32,36,124,122,123,122,122,123,-999,-999,-999
9.234437465667725,-0.05753832698882405,0.2309204856484805,-0.029919930034188504,1.3885916246636205,-0.22785177487574323,0.49031464290476384,-0.06521010392066726,0.22478306410300597,-0.028385574647819864,1.390125980049989,-0.22478306410300597,0.4927006022376336,0,0,0,0,0,1,50,0,0,0,0,0,36,28,0,0,-20,-20,35,33,37,36,32,36,124,122,123,122,122,123,-999,-999,-999
9.250495195388794,-0.05907268237519269,0.2309204856484805,-0.029919930034188504,1.3885916246636205,-0.22785177487574323,0.49031464290476384,-0.06521010392066726,0.22478306410300597,-0.028385574647819864,1.390125980049989,-0.22478306410300597,0.4927006022376336,0,1,0,0,0,0,0,0,0,0,0,0,28,28,0,0,-20,-20,35,33,37,36,32,36,124,122,123,122,122,123,-999,-999,-999
9.267069101333618,-0.05907268237519269,0.2309204856484805,-0.029919930034188504,1.3885916246636205,-0.22785177487574323,0.49031464290476384,-0.06521010392066726,0.22478306410300597,-0.028385574647819864,1.390125980049989,-0.22478306410300597,0.4927006022376336,0,1,0,0,1,0,-50,0,0,0,0,0,20,28,0,0,-20,-20,35,33,37,36,32,37,124,122,123,122,122,123,-999,-999,-999
9.283037185668945,-0.06060703776156134,0.2309204856484805,-0.029919930034188504,1.3885916246636205,-0.22785177487574323,0.49031464290476384,-0.06521010392066726,0.22478306410300597,-0.028385574647819864,1.390125980049989,-0.22478306410300597,0.4927006022376336,0,0,0,0,0,0,0,0,0,0,0,0,28,28,0,0,-20,-20,35,33,37,36,32,36,124,122,123,122,122,123,-999,-999,-999
9.29860806465149,-0.06060703776156134,0.2309204856484805,-0.029919930034188504,1.3885916246636205,-0.22785177487574323,0.49031464290476384,-0.06521010392066726,0.22478306410300597,-0.028385574647819864,1.390125980049989,-0.22478306410300597,0.4927006022376336,0,1,0,0,0,0,-50,0,0,0,0,0,20,28,0,0,-20,-20,35,33,37,36,32,37,124,122,123,122,122,123,-999,-999,-999
9.315497636795044,-0.06060703776156134,0.2309204856484805,-0.029919930034188504,1.3885916246636205,-0.22785177487574323,0.49031464290476384,-0.06521010392066726,0.22478306410300597,-0.028385574647819864,1.390125980049989,-0.22478306410300597,0.4927006022376336,0,0,0,0,0,0,0,0,0,0,0,0,20,28,0,0,-20,-20,35,33,37,36,32,36,124,122,123,122,122,123,-999,-999,-999
9.331488847732544,-0.06060703776156134,0.2309204856484805,-0.029919930034188504,1.3885916246636205,-0.22785177487574323,0.49031464290476384,-0.06521010392066726,0.22478306410300597,-0.028385574647819864,1.390125980049989,-0.22478306410300597,0.4927006022376336,0,0,0,0,0,0,0,0,0,0,0,0,24,28,0,0,-20,-20,35,33,37,36,32,37,124,122,123,122,122,123,-999,-999,-999
9.347637414932251,-0.06060703776156134,0.2309204856484805,-0.029919930034188504,1.3885916246636205,-0.22785177487574323,0.49031464290476384,-0.06367574853429861,0.22478306410300597,-0.028385574647819864,1.390125980049989,-0.22478306410300597,0.4927006022376336,0,1,0,0,0,0,0,0,0,0,0,0,24,28,0,0,-20,-20,35,33,37,36,32,36,124,122,123,122,122,123,-999,-999,-999
9.36364459991455,-0.06060703776156134,0.2309204856484805,-0.029919930034188504,1.3885916246636205,-0.22785177487574323,0.49031464290476384,-0.06367574853429861,0.22478306410300597,-0.028385574647819864,1.390125980049989,-0.22478306410300597,0.4927006022376336,0,1,0,0,1,0,0,0,0,0,0,0,0,28,0,0,-20,-20,35,33,37,36,32,36,124,122,123,122,122,123,-999,-999,-999
9.379641771316528,-0.06060703776156134,0.2309204856484805,-0.029919930034188504,1.3885916246636205,-0.22785177487574323,0.49031464290476384,-0.06367574853429861,0.22478306410300597,-0.028385574647819864,1.390125980049989,-0.22478306410300597,0.4927006022376336,0,1,0,0,0,0,0,0,0,0,0,0,20,28,0,0,-20,-20,35,33,37,36,32,36,124,122,123,122,122,123,-999,-999,-999
9.3961181640625,-0.06060703776156134,0.2309204856484805,-0.029919930034188504,1.3885916246636205,-0.22785177487574323,0.49031464290476384,-0.06214139314792997,0.22478306410300597,-0.028385574647819864,1.390125980049989,-0.22478306410300597,0.4927006022376336,0,1,0,0,0,1,0,0,0,0,0,0,20,28,0,0,-20,-20,35,33,37,36,33,36,124,122,123,122,122,123,-999,-999,-999
9.41248869895935,-0.06060703776156134,0.2309204856484805,-0.029919930034188504,1.3885916246636205,-0.22785177487574323,0.49031464290476384,-0.06214139314792997,0.22478306410300597,-0.028385574647819864,1.390125980049989,-0.22478306410300597,0.4927006022376336,0,1,0,0,0,0,0,0,0,0,0,0,0,28,0,0,-20,-20,35,33,37,36,32,37,124,122,123,122,122,123,-999,-999,-999
9.427494287490845,-0.06060703776156134,0.2309204856484805,-0.029919930034188504,1.3885916246636205,-0.22785177487574323,0.49031464290476384,-0.06214139314792997,0.22478306410300597,-0.028385574647819864,1.390125980049989,-0.22478306410300597,0.4927006022376336,0,1,0,0,1,0,0,0,0,0,0,0,-20,28,0,0,-20,-20,35,33,37,36,32,37,124,122,123,122,122,123,-999,-999,-999
9.444146871566772,-0.06060703776156134,0.2309204856484805,-0.029919930034188504,1.3885916246636205,-0.22785177487574323,0.49031464290476384,-0.06214139314792997,0.22478306410300597,-0.028385574647819864,1.390125980049989,-0.22478306410300597,0.4927006022376336,0,0,0,0,0,0,0,0,0,0,0,0,0,28,0,0,-20,-20,35,33,37,36,32,37,124,122,123,122,122,123,-999,-999,-999
9.459648370742798,-0.05907268237519269,0.2309204856484805,-0.029919930034188504,1.3885916246636205,-0.22785177487574323,0.49031464290476384,-0.06214139314792997,0.22478306410300597,-0.028385574647819864,1.390125980049989,-0.22478306410300597,0.4927006022376336,1,0,0,0,0,1,0,0,0,0,0,0,24,28,0,0,-20,-20,35,33,37,36,32,36,124,122,123,122,122,123,-999,-999,-999
