# https://github.com/mikedh/trimesh
v -0.60890950 -0.57065806 0.15119848
v -0.60890950 -0.57065806 0.15510847
v -0.60889948 -0.57062808 0.15119848
v -0.60889948 -0.57061806 -0.13004152
v -0.60889948 -0.57061806 -0.13394153
v -0.60890950 -0.57065806 -0.13004152
v -0.56983949 -0.51204804 -0.36441151
v -0.56983949 -0.51205805 -0.36439151
v -0.56592948 -0.51205805 -0.36439151
v -0.60823725 -0.63124448 -0.11793468
v -0.60889948 -0.57062808 0.04572848
v -0.60889948 -0.57062808 0.04182848
v -0.60890950 -0.57065806 0.04572848
v -0.60890950 -0.57065806 -0.19254152
v -0.60890950 -0.57065806 -0.19644153
v -0.60889948 -0.57060805 -0.16519153
v -0.60889948 -0.57060805 -0.16129152
v -0.60890950 -0.57065806 -0.03629152
v -0.60890950 -0.57065806 -0.03238152
v -0.60889948 -0.57063809 -0.03629152
v -0.60770851 -0.63113938 0.15441262
v -0.60498948 -0.56670806 0.04963848
v -0.60498948 -0.56671807 0.04572848
v -0.60890950 -0.57065806 -0.12223152
v -0.60890950 -0.60758192 0.24814133
v -0.60890950 -0.57065806 -0.11832152
v -0.60889948 -0.57063809 0.00276848
v -0.60889948 -0.57063809 0.00666848
v -0.60890950 -0.57065806 0.08479848
v -0.60889948 -0.57062808 -0.11832152
v -0.60890950 -0.57065806 -0.11441152
v -0.60889948 -0.57062808 -0.11441152
v -0.60890950 -0.57065806 0.04963848
v -0.60889948 -0.57062808 -0.06754152
v -0.60889948 -0.57062808 -0.06363152
v -0.60890950 -0.57065806 -0.06363152
v -0.60805614 -0.56788324 -0.39975096
v -0.60889948 -0.57063809 -0.01285152
v -0.60890950 -0.57065806 -0.00894152
v -0.60889948 -0.57063809 -0.00894152
v -0.60889948 -0.57060805 -0.18082152
v -0.60889948 -0.57061806 -0.14566153
v -0.60889948 -0.57061806 -0.14957152
v -0.60890950 -0.57065806 -0.14566153
v -0.60889948 -0.57062808 -0.08316152
v -0.60889948 -0.57062808 -0.07926152
v -0.60797622 -0.39491861 0.98575635
v -0.60499119 -0.56675828 0.01169558
v -0.60889948 -0.57061806 -0.15348152
v -0.60890950 -0.57065806 -0.15348152
v -0.60890950 -0.57065806 -0.14957152
v -0.60889948 -0.57057807 0.23713847
v -0.60889948 -0.57057807 0.24104848
v -0.60808840 -0.56675504 0.23651007
v -0.60889948 -0.57063809 0.03010848
v -0.60890950 -0.57065806 0.03010848
v -0.60890950 -0.57065806 0.03401848
v -0.60890950 -0.57065806 -0.18473152
v -0.60890950 -0.57065806 -0.18863153
v -0.60889948 -0.57063809 -0.00504152
v -0.60498859 -0.56679426 -0.02040300
v -0.60889948 -0.57063809 -0.00113152
v -0.60890950 -0.57065806 0.12776848
v -0.60890950 -0.57065806 -0.13394153
v -0.60889948 -0.57062808 0.12776848
v -0.60889948 -0.57062808 0.13166848
v -0.60889948 -0.57061806 0.19026848
v -0.60890950 -0.57065806 0.19416848
v -0.60889948 -0.57061806 0.19416848
v -0.59336870 -0.61319807 0.66235001
v -0.55736609 -0.52462424 -0.32733958
v -0.60890950 -0.57065806 0.07697848
v -0.60890950 -0.57065806 0.08088848
v -0.60889948 -0.57062808 0.07697848
v -0.60889948 -0.57063809 0.03401848
v -0.60890950 -0.57065806 0.03791848
v -0.58508162 -0.55690051 -0.22263134
v -0.60889948 -0.57062808 -0.10269153
v -0.60889948 -0.57062808 -0.09879152
v -0.60752116 -0.56675472 -0.17248192
v -0.60889948 -0.57060805 -0.17301152
v -0.60890911 -0.62533427 0.12230787
v -0.60890950 -0.57065806 -0.14176152
v -0.60889948 -0.57060805 -0.16910152
v -0.60889948 -0.57059804 -0.18473152
v -0.59449511 -0.51286307 -0.36245152
v -0.58984636 -0.51204937 -0.36441005
v -0.60890684 -0.49618054 -0.38416529
v -0.60889948 -0.57059804 -0.19254152
v -0.60890950 -0.57065806 -0.17691153
v -0.60890950 -0.57065806 -0.18082152
v -0.60890950 -0.57065806 -0.09879152
v -0.60890950 -0.57065806 -0.16910152
v -0.60890950 -0.57065806 -0.16519153
v -0.60889948 -0.57062808 -0.11051152
v -0.56983949 -0.60580805 -0.29024152
v -0.56592948 -0.60580805 -0.29024152
v -0.60889948 -0.57059804 -0.18863153
v -0.60890950 -0.57065806 0.00276848
v -0.60889948 -0.57062808 -0.09488152
v -0.57977806 -0.49805001 -0.37636311
v -0.60889948 -0.57061806 -0.12613153
v -0.60889948 -0.57061806 -0.12223152
v -0.60858960 -0.62959525 -0.18804496
v -0.60889948 -0.57058808 -0.20426152
v -0.60838664 -0.62656947 -0.23486231
v -0.60890950 -0.57065806 -0.20035152
v -0.60889948 -0.57060805 -0.17691153
v -0.60889948 -0.57059804 -0.20035152
v -0.60889948 -0.57062808 -0.07535152
v -0.60889948 -0.57062808 -0.07144153
v -0.60890950 -0.57065806 -0.15738153
v -0.60889948 -0.57061806 -0.15738153
v -0.60890950 -0.57065806 -0.16129152
v -0.60889948 -0.57063809 0.01838848
v -0.60890950 -0.57065806 0.02229848
v -0.60889948 -0.57063809 0.02229848
v -0.55817859 -0.56635058 -0.11710269
v -0.60889948 -0.57061806 -0.14176152
v -0.60889850 -0.48080811 -0.46992369
v -0.60884476 -0.62923343 0.02754182
v -0.60890950 -0.57065806 -0.09098152
v -0.60889948 -0.57062808 -0.09098152
v -0.60890950 -0.57065806 -0.17301152
v -0.60890950 -0.57065806 0.02619848
v -0.60890950 -0.57065806 -0.12613153
v -0.60890950 -0.57065806 -0.07144153
v -0.60890950 -0.57065806 -0.07535152
v -0.60890950 -0.57065806 -0.05973152
v -0.60890950 -0.57065806 -0.06754152
v -0.60889950 -0.50424486 -0.37610318
v -0.60889948 -0.57062808 -0.08707152
v -0.60890950 -0.57065806 -0.08316152
v -0.60890950 -0.57065806 -0.09488152
v -0.60889948 -0.57062808 0.15510847
v -0.60890950 -0.57065806 0.15901848
v -0.60889948 -0.57061806 -0.13785152
v -0.58026158 -0.54718755 -0.41904863
v -0.60744948 -0.50034806 -0.37613151
v -0.60890950 -0.57065806 -0.00504152
v -0.60890950 -0.57065806 -0.00113152
v -0.60498948 -0.56672808 0.03791848
v -0.60505951 -0.56674805 0.04182848
v -0.60498948 -0.56671807 0.04182848
v -0.60890950 -0.57065806 -0.11051152
v -0.60889948 -0.57059804 -0.19644153
v -0.60890950 -0.57065806 0.01838848
v -0.60889948 -0.57063809 -0.02066152
v -0.60890950 -0.57065806 -0.02066152
v -0.60890950 -0.57065806 -0.01676152
v -0.60889948 -0.57063809 -0.05191152
v -0.60889948 -0.57063809 -0.05582152
v -0.60890950 -0.57065806 -0.05191152
v -0.60890950 -0.57065806 -0.04801152
v -0.60806737 -0.53100685 -0.43162890
v -0.60890950 -0.24252807 0.93244847
v -0.60889948 -0.24638806 0.93635847
v -0.60890951 -0.24643817 0.93635845
v -0.60890950 -0.57065806 -0.08707152
v -0.60498948 -0.56674805 0.01838848
v -0.60889948 -0.57063809 -0.04019152
v -0.60890950 -0.57065806 -0.10660152
v -0.60889948 -0.57062808 -0.10660152
v -0.60890950 -0.57065806 0.00666848
v -0.60889948 -0.57063809 0.01447848
v -0.60889948 -0.57063809 -0.02457152
v -0.60890950 -0.57065806 -0.02457152
v -0.60890950 -0.57065806 -0.13785152
v -0.60890950 -0.57065806 -0.10269153
v -0.60889948 -0.57063809 0.02619848
v -0.60890950 -0.57065806 -0.05582152
v -0.60778947 -0.23471805 0.92854848
v -0.60771949 -0.23862806 0.93244847
v -0.60889948 -0.23856807 0.92854848
v -0.60889948 -0.57063809 -0.04801152
v -0.60889948 -0.57063809 -0.04410152
v -0.60889948 -0.57063809 -0.03238152
v -0.60890950 -0.57065806 0.07307847
v -0.60890950 -0.57065806 0.06916848
v -0.60889948 -0.57063809 0.01057848
v -0.60890950 -0.57065806 0.01447848
v -0.60510783 -0.56669495 0.08652918
v -0.60890950 -0.57065806 -0.01285152
v -0.60889948 -0.57062808 0.10822848
v -0.60889948 -0.57062808 0.10432847
v -0.60890950 -0.57065806 0.10822848
v -0.60889948 -0.57062808 -0.05973152
v -0.60890950 -0.57065806 -0.04410152
v -0.60890950 -0.57065806 -0.04019152
v -0.60889948 -0.57061806 0.17854848
v -0.60890950 -0.57065806 0.17854848
v -0.60890950 -0.57065806 0.18244848
v -0.52295948 -0.60577807 0.80744847
v -0.51905949 -0.60580805 0.80739846
v -0.51905949 -0.60577807 0.80744847
v -0.60890950 -0.57065806 0.13557847
v -0.60889948 -0.57063809 -0.02848152
v -0.60889948 -0.57062808 0.10041848
v -0.60890950 -0.57065806 0.10041848
v -0.60890950 -0.57065806 0.10432847
v -0.60889948 -0.57058808 0.22932847
v -0.60890950 -0.57065806 0.23322848
v -0.60889948 -0.57058808 0.23322848
v -0.60890950 -0.57065806 -0.07926152
v -0.60889948 -0.57062808 0.08479848
v -0.60890950 -0.57065806 0.08869848
v -0.60511816 -0.56672700 -0.05948182
v -0.60889948 -0.57063809 -0.01676152
v -0.60889948 -0.57062808 0.09651848
v -0.60889948 -0.57062808 0.07307847
v -0.60502947 -0.56674805 0.03010848
v -0.60503949 -0.56674805 0.03401848
v -0.60498948 -0.56673804 0.03010848
v -0.60498948 -0.56673804 0.02619848
v -0.60501952 -0.56674805 0.02619848
v -0.60890950 -0.57065806 -0.02848152
v -0.60890950 -0.57065806 0.06135848
v -0.60890950 -0.57065806 0.05744848
v -0.60890950 -0.14487806 0.31135847
v -0.60890950 -0.14487806 0.30744847
v -0.60889948 -0.14493807 0.31135847
v -0.60889948 -0.14491805 0.30744847
v -0.60890950 -0.57065806 0.01057848
v -0.60889948 -0.57062808 0.12385848
v -0.60890950 -0.57065806 0.12385848
v -0.60889948 -0.57062808 0.06526848
v -0.60890950 -0.57065806 0.06526848
v -0.60500951 -0.56674805 0.02229848
v -0.60890950 -0.57065806 0.09260848
v -0.60889948 -0.57062808 0.08869848
v -0.60889948 -0.57062808 0.11604848
v -0.60890950 -0.57065806 0.11604848
v -0.60890950 -0.57065806 0.11994848
v -0.60890950 -0.57065806 0.17072848
v -0.60889948 -0.57062808 0.17072848
v -0.60889948 -0.57062808 0.16682847
v -0.55912777 -0.50625721 0.37937070
v -0.60504822 -0.56672264 0.05146361
v -0.56941654 -0.50659129 -0.45342736
v -0.60890950 -0.57065806 0.13166848
v -0.60627999 -0.56647729 0.17227534
v -0.60890950 -0.57065806 0.11213848
v -0.58155949 -0.51204804 -0.36441151
v -0.58155949 -0.51205805 -0.36439151
v -0.57764948 -0.51205805 -0.36439151
v -0.60506947 -0.56674805 0.04572848
v -0.60507948 -0.56674805 0.04963848
v -0.60889948 -0.57062808 0.04963848
v -0.60889948 -0.57062808 0.05354848
v -0.60498948 -0.56674805 0.02229848
v -0.60504950 -0.56674805 0.03791848
v -0.60889948 -0.57062808 0.03791848
v -0.56592948 0.02308194 -0.13792152
v -0.60498948 -0.56672808 0.03401848
v -0.60889948 -0.57062808 0.08088848
v -0.60889948 -0.57062808 0.05744848
v -0.60889948 -0.57062808 0.06135848
v -0.60890950 -0.57065806 0.05354848
v -0.60507227 -0.56671879 0.06077526
v -0.60889948 -0.57062808 0.06916848
v -0.60503062 -0.19954381 -0.47373239
v -0.60498948 -0.19955806 -0.47373153
v -0.60889948 -0.57062808 0.17463847
v -0.60889948 -0.57062808 0.15901848
v -0.60890950 -0.57065806 0.16291848
v -0.60890950 -0.57065806 0.04182848
v -0.60889948 -0.57062808 0.14338847
v -0.60889948 -0.57062808 0.14729848
v -0.60890950 -0.58872196 0.18534942
v -0.60889948 -0.57062808 0.11994848
v -0.60640950 -0.14096805 -0.51285152
v -0.60889948 -0.14096805 -0.50897155
v -0.60889948 -0.14082806 -0.50894151
v -0.60889948 -0.57062808 0.11213848
v -0.58545948 -0.51204804 -0.36441151
v -0.60889948 -0.57062808 0.09260848
v -0.60889948 -0.57062808 0.16291848
v -0.60890950 -0.57065806 0.09651848
v -0.60890950 -0.57065806 0.17463847
v -0.60890950 -0.50034806 -0.38004152
v -0.60890950 -0.50424805 -0.37613151
v -0.60889948 -0.50034806 -0.37999151
v -0.60890950 -0.50815305 -0.38199151
v -0.60498948 -0.37987807 -0.46207152
v -0.60890950 -0.57065806 0.19026848
v -0.60889948 -0.50027806 -0.38004152
v -0.60889948 -0.57062808 0.13557847
v -0.60890950 -0.57065806 0.16682847
v -0.60890950 -0.57065806 0.13947848
v -0.60890950 -0.57065806 0.14729848
v -0.60890950 -0.57065806 0.14338847
v -0.60890950 -0.57065806 0.20197848
v -0.60890950 -0.57065806 0.19807847
v -0.60889948 -0.57061806 0.18635847
v -0.60889948 -0.57061806 0.18244848
v -0.60890950 -0.57065806 0.18635847
v -0.60890950 -0.57065806 0.20979848
v -0.60890950 -0.57065806 0.21369848
v -0.60889948 -0.57060805 0.20979848
v -0.60889948 -0.57062808 0.13947848
v -0.60890950 -0.57065806 0.20588847
v -0.60890950 -0.57065806 0.21760847
v -0.60889948 -0.57060805 0.21369848
v -0.60889948 -0.48480806 -0.46598152
v -0.60889948 -0.48862806 -0.46216152
v -0.60885987 -0.56672516 0.33088761
v -0.60890950 -0.57065806 0.22932847
v -0.60889948 -0.57059804 0.22541848
v -0.60889948 -0.11365806 0.15901848
v -0.60889948 -0.11371806 0.16291848
v -0.60889948 -0.57059804 0.22151848
v -0.60889948 -0.57059804 0.21760847
v -0.60890950 -0.57065806 0.22151848
v -0.60889948 -0.57060805 0.20588847
v -0.61041002 -0.39858344 -0.52001172
v -0.60889948 -0.37924805 -0.46598152
v -0.60889948 -0.37534806 -0.46956153
v -0.60889948 -0.57061806 0.19807847
v -0.57764948 -0.54721805 -0.41902153
v -0.57373948 -0.54721805 -0.41902153
v -0.58775032 -0.29353754 0.96747790
v -0.60889948 -0.57060805 0.20197848
v -0.60890950 -0.57065806 0.22541848
v -0.60890950 -0.16830806 0.48322847
v -0.60889948 -0.16833806 0.48322847
v -0.60890950 -0.16830806 0.48713847
v -0.60845066 -0.56676296 0.26070541
v -0.60890950 -0.57065806 0.24494848
v -0.58176104 -0.56557128 0.18656411
v -0.60889948 -0.11411806 0.16682847
v -0.47998948 -0.60580805 -0.29024152
v -0.60890950 -0.57065806 0.24104848
v -0.60890950 -0.57065806 0.23713847
v -0.60890950 -0.23862806 0.92854848
v -0.60889948 -0.23862806 0.92859848
v -0.58155949 -0.16440806 0.86206850
v -0.58545948 -0.16440806 0.86206850
v -0.58155949 -0.16446806 0.86213847
v -0.60889948 -0.22690806 0.91688850
v -0.60792948 -0.22690806 0.92072847
v -0.60889948 -0.22683807 0.91682847
v -0.60746951 -0.25034806 0.94416847
v -0.60889948 -0.25034806 0.94030847
v -0.57764948 -0.54712805 -0.41910152
v -0.60817765 -0.21653070 0.91028195
v -0.60890950 -0.48080805 -0.46988151
v -0.60889948 -0.25810805 0.94807847
v -0.57381550 -0.47033690 -0.48420731
v -0.60889948 -0.40268806 0.97770848
v -0.59717948 -0.16440806 0.86206850
v -0.60108949 -0.16440806 0.86206850
v -0.59717948 -0.16446806 0.86213847
v -0.60741582 -0.36087137 -0.46627999
v -0.56592948 -0.60582808 -0.29019151
v -0.60884192 -0.48903108 -0.46201698
v -0.60887958 -0.29671442 0.90378128
v -0.60889948 -0.29330805 0.96369847
v -0.60889948 -0.28940806 0.96009847
v -0.60889948 -0.37908807 -0.46598152
v -0.60498948 -0.37924805 -0.46219153
v -0.60889948 -0.49643806 -0.38388152
v -0.60890950 -0.47690806 -0.46207152
v -0.55498029 -0.49195158 0.94543818
v -0.60890950 -0.14487806 0.31916847
v -0.60889948 -0.14516807 0.31916847
v -0.60890950 -0.25034806 0.94026848
v -0.60890950 -0.25424805 0.94416847
v -0.60889948 -0.24643806 0.93640848
v -0.60888728 -0.53819194 0.92476147
v -0.05811949 -0.21524806 0.87385847
v -0.60851328 -0.51469644 -0.36305035
v -0.56592948 -0.57460806 0.86213847
v -0.56592948 -0.57455805 0.86220851
v -0.56983949 -0.57455805 0.86220851
v -0.60845352 -0.31197330 0.96956415
v -0.58936948 -0.51341805 0.93635847
v -0.58155949 -0.50815806 0.93858846
v -0.47217948 -0.60580805 0.80739846
v -0.47608949 -0.60577807 0.80744847
v -0.47608949 -0.60580805 0.80739846
v -0.58936948 -0.51204804 -0.36441151
v -0.58936948 -0.51205805 -0.36439151
v -0.60889948 -0.40659806 0.97550847
v -0.60889948 -0.48086807 -0.46988151
v -0.60889948 -0.48471805 -0.46603153
v -0.60889948 -0.17613806 0.60041847
v -0.60890950 -0.16830806 0.60041847
v -0.60890865 -0.17276566 0.59420439
v -0.59327949 -0.49643806 -0.46208153
v -0.58936948 -0.49644807 -0.46207152
v -0.53077949 -0.49644807 -0.46207152
v -0.53467948 -0.49644807 -0.46207152
v -0.53467948 -0.49643806 -0.46208153
v -0.55420948 -0.60580805 -0.29024152
v -0.55030949 -0.60580805 -0.29024152
v -0.60890950 -0.40659806 0.97541847
v -0.60890950 -0.41049805 0.97541847
v -0.55420948 -0.57460806 0.86213847
v -0.55030949 -0.57460806 0.86213847
v -0.55420948 -0.57455805 0.86220851
v -0.58155949 -0.35971805 -0.46600152
v -0.60836561 -0.59005254 -0.33299738
v -0.58545948 -0.16047805 0.85822847
v -0.58155949 -0.16047805 0.85822847
v -0.60890950 -0.48471805 -0.46598152
v -0.55086271 -0.56556871 -0.40346711
v -0.56592948 -0.54712805 -0.41910152
v -0.55030949 -0.57455805 0.86220851
v -0.55030949 -0.49643806 -0.46208153
v -0.54639948 -0.49643806 -0.46208153
v -0.54639948 -0.49644807 -0.46207152
v -0.58545948 -0.51205805 -0.36439151
v -0.57373948 -0.51204804 -0.36441151
v -0.57373948 -0.51205805 -0.36439151
v -0.60674136 -0.49270063 -0.46488657
v -0.60889948 -0.29324806 0.96369847
v -0.60498524 -0.21989230 0.91627918
v -0.60885969 -0.41109787 0.97543624
v -0.60498948 -0.48262805 -0.47379152
v -0.60498948 -0.48722807 -0.46988151
v -0.60890950 -0.48862806 -0.46207152
v -0.60629973 -0.48581098 -0.47073282
v -0.03858949 -0.21524806 0.87385847
v -0.04248949 -0.22299807 0.87678846
v -0.03467949 -0.21524806 0.87385847
v -0.60890950 -0.14487806 0.30354848
v -0.60889948 -0.14490806 0.30354848
v -0.57373948 -0.50418809 0.94026848
v -0.57764948 -0.50418809 0.94026848
v -0.57373948 -0.50424805 0.94023850
v -0.56202949 -0.54721805 -0.41902153
v -0.56592948 -0.54721805 -0.41902153
v -0.60890950 -0.40293087 0.94404785
v -0.58545948 -0.50418809 0.94026848
v -0.58155949 -0.50424805 0.94023850
v -0.58155949 -0.50418809 0.94026848
v -0.58936948 -0.50418809 0.94026848
v -0.58545948 -0.50424805 0.94023850
v -0.60889948 -0.25419795 0.94416836
v -0.60889948 -0.23080806 0.92078849
v -0.60889948 -0.23074806 0.92072847
v -0.60890950 -0.23080806 0.92072847
v -0.60889948 -0.23465806 0.92463847
v -0.60889948 -0.23471805 0.92469849
v -0.53858949 -0.60580805 -0.29024152
v -0.60498948 -0.29420805 0.96760847
v -0.60890950 -0.29721805 0.96369847
v -0.60496483 -0.32744112 -0.47229948
v -0.60890950 -0.38315806 -0.46598152
v -0.51471564 -0.44886919 -0.50238377
v -0.60889948 -0.37924805 -0.46596152
v -0.60889948 -0.38315806 -0.46594153
v -0.60804844 -0.43325714 -0.51579109
v -0.60889948 -0.29330805 0.96370848
v -0.60498948 -0.29330805 0.96743848
v -0.58545948 -0.40257806 0.98322847
v -0.60890950 -0.38705805 -0.46598152
v -0.60889948 -0.29721805 0.96372845
v -0.60861542 -0.32778524 -0.47361560
v -0.60890950 -0.30112806 0.96369847
v -0.05420949 -0.31672805 0.87776848
v -0.05030949 -0.31672805 0.87776848
v -0.05030949 -0.31674805 0.87775846
v -0.54639948 -0.50424805 0.94023850
v -0.55030949 -0.50424805 0.94023850
v -0.54639948 -0.50815806 0.93858846
v -0.58722949 -0.40264574 0.98320378
v -0.58155949 -0.40268806 0.98318847
v -0.57569448 -0.35978806 -0.46599152
v -0.57764948 -0.35985807 -0.46598152
v -0.05030949 -0.30115807 -0.39957152
v -0.04639949 -0.30115807 -0.39957152
v -0.60889948 -0.24247806 0.93244847
v -0.05811948 -0.31674771 0.87775867
v -0.59327949 -0.14877807 0.29982849
v -0.58120579 -0.39426054 0.98653656
v -0.58545948 -0.35971805 -0.46600152
v -0.58155949 -0.35985807 -0.46598152
v -0.04248949 -0.31674805 0.87775846
v -0.04639949 -0.31672805 0.87776848
v -0.04639949 -0.31674805 0.87775846
v -0.55420948 -0.37534806 0.98321845
v -0.55030949 -0.37534806 0.98321845
v -0.60889948 -0.25029807 0.94026848
v -0.60755951 -0.24643806 0.94026848
v -0.60763950 -0.24252807 0.93635847
v -0.53467948 -0.57455805 0.86220851
v -0.53467948 -0.57460806 0.86213847
v -0.53077949 -0.57460806 0.86213847
v -0.51908094 -0.39405008 0.98657911
v -0.52295948 -0.49643806 -0.46208153
v -0.51905949 -0.49643806 -0.46208153
v -0.56983949 -0.37534806 0.98321845
v -0.56592948 -0.37534806 0.98321845
v -0.56592948 -0.37542805 0.98322847
v -0.60785950 -0.23080806 0.92463847
v -0.60890923 -0.14113875 0.29567417
v -0.60498948 -0.17221805 0.48152848
v -0.60890950 -0.16830806 0.47932847
v -0.60498948 -0.17207806 0.47932847
v -0.54639948 -0.50418809 0.94026848
v -0.54248948 -0.50418809 0.94026848
v -0.59717948 -0.19967806 -0.47379152
v -0.60890950 -0.23471805 0.92463847
v -0.60889948 -0.16830806 0.47793846
v -0.60889948 -0.16832806 0.47932847
v 0.30515050 -0.50418809 0.94026848
v -0.39795948 -0.16440806 0.86206850
v -0.39405949 -0.16446806 0.86213847
v -0.39405949 -0.16440806 0.86206850
v -0.60498667 -0.24077695 0.93667885
v -0.60108949 -0.19955806 -0.47373153
v -0.55714026 -0.18463825 -0.46636671
v -0.60730004 -0.17331249 0.50507575
v -0.60498948 -0.20346805 -0.47555152
v -0.58155949 -0.40257806 0.98322847
v -0.60890950 -0.14487806 -0.50894151
v -0.53858949 -0.51205805 0.93692847
v -0.54248948 -0.50424805 0.94023850
v -0.56592948 -0.49643806 -0.46208153
v -0.56202949 -0.49644807 -0.46207152
v -0.56592948 -0.49644807 -0.46207152
v -0.60840411 -0.15170256 0.32570066
v -0.60890950 -0.13705806 -0.50504152
v -0.60108949 -0.19967806 -0.47379152
v -0.60889948 -0.14498806 0.31526848
v -0.49952949 -0.49643806 -0.46208153
v -0.50342948 -0.49643806 -0.46208153
v -0.49952949 -0.49644807 -0.46207152
v -0.59717948 -0.17612806 0.54183849
v -0.59327949 -0.17612806 0.54182847
v -0.59327949 -0.17612806 0.54183849
v -0.59327949 -0.16049807 0.85825851
v -0.59327949 -0.16440806 0.86206850
v -0.58936948 -0.16440806 0.86206850
v -0.59522949 -0.19961806 -0.47376152
v -0.60831303 -0.11828356 0.61095895
v -0.60890950 -0.14487806 0.31526848
v -0.60881556 -0.18641926 -0.46888661
v -0.04248949 -0.31672805 0.87776848
v -0.60498948 -0.19967806 -0.47379152
v -0.56743295 -0.23220945 0.85083829
v -0.60839037 -0.12740588 -0.50644675
v -0.60889948 -0.17614806 0.60432847
v -0.60655310 -0.17965264 0.61029507
v -0.60889948 -0.14487806 0.29903849
v -0.60890950 -0.14487806 0.29963847
v -0.60889948 -0.14489806 0.29963847
v -0.58155949 -0.17612806 0.54183849
v -0.57764948 -0.17612806 0.54182847
v -0.57764948 -0.17612806 0.54183849
v -0.55030949 -0.50418809 0.94026848
v -0.23780949 0.53090194 -0.44645152
v -0.60668510 -0.17665092 -0.53096212
v -0.60937823 -0.23312699 -0.49083254
v -0.60807236 -0.22406519 -0.55418308
v -0.55420948 -0.22690806 -0.55587153
v -0.55811948 -0.22690806 -0.55587153
v -0.55811948 -0.22679806 -0.55582152
v -0.60889948 -0.16429806 -0.52066151
v -0.60889948 -0.16049807 -0.51687155
v -0.60656598 -0.15811350 -0.52158539
v -0.60837949 -0.16830806 -0.52457152
v -0.60889948 -0.16830806 -0.52077154
v -0.60608948 -0.16440806 -0.52457152
v -0.60810117 -0.06079570 -0.05629959
v -0.60888540 -0.07065478 -0.00144445
v -0.60890950 -0.16049807 -0.51676152
v -0.60890950 -0.16440806 -0.52066151
v -0.60498948 -0.14877807 0.29982849
v -0.53858949 -0.37534806 0.98321845
v -0.53467948 -0.37534806 0.98321845
v -0.46045553 -0.61264365 0.79538841
v -0.60498966 -0.16830803 -0.52703967
v -0.60890950 -0.11362806 0.15901848
v -0.60890950 -0.11362806 0.15510847
v -0.60887981 -0.11363948 0.15491291
v -0.60872061 -0.17513184 0.55154601
v -0.60889948 -0.16440806 -0.52069149
v -0.60890950 -0.17612806 0.60041847
v -0.60890942 -0.17612710 0.60432786
v -0.59327949 -0.16446806 0.86213847
v -0.40967948 -0.08627806 0.81124850
v -0.41337451 -0.08445676 0.80398198
v -0.60863859 -0.15962460 0.85573285
v -0.53858949 -0.57455805 0.86220851
v -0.53858949 -0.57460806 0.86213847
v -0.59717948 -0.16047805 0.85822847
v -0.59327949 -0.16047805 0.85822847
v -0.60498948 -0.16047805 0.85822847
v -0.60889948 -0.14487806 -0.50907151
v -0.60889948 -0.15647806 -0.51676152
v -0.60889948 -0.15268806 -0.51297150
v -0.60845948 -0.15268806 -0.51676152
v -0.60597951 -0.17221805 -0.52848152
v -0.60889948 -0.17211807 -0.52457152
v -0.60889948 -0.15659806 -0.51679150
v -0.60619951 -0.15659806 -0.52066151
v -0.60890727 -0.17221659 -0.52458638
v -0.60890950 -0.16830806 -0.52066151
v -0.01905949 -0.43391806 0.06526848
v -0.01123949 -0.43540806 0.07307847
v -0.60630948 -0.14877807 -0.51676152
v -0.60889948 -0.14865807 -0.51285152
v -0.60890950 -0.15659806 -0.51676152
v -0.60499571 -0.15269343 -0.51935612
v -0.60599588 -0.14082341 -0.51325551
v -0.60890950 -0.11362806 0.16291848
v -0.60871994 -0.06103144 0.19227838
v -0.57764948 -0.09017806 0.05744848
v -0.60498948 -0.14874805 0.29963847
v -0.60890950 -0.14096805 -0.50894151
v -0.60819252 -0.18106662 0.62668306
v -0.60890913 -0.16465285 0.47225233
v -0.60511759 -0.18010817 0.60367389
v -0.51514948 -0.37542805 0.98322847
v -0.51123948 -0.37542805 0.98322847
v -0.60498948 -0.18002807 0.60214849
v -0.52686948 -0.60577807 0.80744847
v -0.60889948 0.01933194 -0.14957152
v -0.58936948 -0.16047805 0.85822847
v -0.44483949 -0.60577807 0.80744847
v -0.44873948 -0.60577807 0.80744847
v -0.56202949 -0.16047805 0.85822847
v -0.60108949 -0.16049807 0.85825851
v -0.59717948 -0.16049807 0.85825851
v -0.60775432 -0.19792553 0.89429450
v -0.60501729 -0.16087288 0.85844873
v -0.60767932 -0.16694868 0.86416544
v -0.60108949 -0.16047805 0.85822847
v -0.61599479 -0.16278548 0.74642948
v -0.60890950 -0.15268806 -0.51285152
v -0.60890950 -0.14877807 -0.51285152
v -0.60889948 -0.14877807 -0.51288150
v -0.23780949 0.51527193 -0.44645152
v -0.23780949 0.51918194 -0.44645152
v -0.23780949 0.51527193 -0.44644151
v -0.60889948 -0.07082806 0.01057848
v -0.60744788 -0.15643436 -0.45394256
v -0.60235818 -0.07453944 -0.00094557
v -0.60890950 -0.07065806 0.00666848
v -0.60889948 -0.07071806 0.00666848
v -0.60889948 -0.07068806 0.00276848
v -0.60802209 -0.10008965 0.09464848
v -0.60890950 -0.10580806 0.16291848
v -0.60498948 -0.07455806 -0.00086152
v -0.60890950 -0.07065806 0.00276848
v -0.60781331 -0.08049497 0.02438087
v -0.60890950 -0.11606556 0.29414675
v -0.58545948 -0.17612806 0.54182847
v -0.58155949 -0.17612806 0.54182847
v -0.58936948 -0.17612806 0.54182847
v -0.58936948 -0.17612806 0.54183849
v -0.60889557 -0.12534970 0.66329406
v -0.60890950 -0.12534806 0.65510847
v -0.60900609 -0.18235840 0.65025087
v -0.60890950 -0.14878181 0.67390847
v -0.60889948 -0.12530806 0.65119847
v -0.60889948 -0.12531806 0.65901848
v -0.60498948 -0.12143806 0.66213848
v -0.60890950 -0.12534806 0.65901848
v -0.60947864 -0.15186145 0.84502769
v -0.60889948 -0.12532806 0.66291847
v -0.60890950 -0.12534806 0.66291847
v -0.60495374 -0.12203329 0.66599805
v -0.60890950 0.01918194 -0.13785152
v -0.60890950 0.01918194 -0.14176152
v -0.60889948 0.02699194 -0.17281152
v -0.60498948 0.03083194 -0.17301152
v -0.60889948 0.02700194 -0.17301152
v -0.60889948 0.02713194 -0.18473152
v -0.60890950 0.02699194 -0.18082152
v -0.60889948 0.02705194 -0.18082152
v -0.60890950 0.02699194 -0.18473152
v -0.59717948 0.02308194 -0.13792152
v -0.56983949 -0.16047805 0.85822847
v -0.60498948 -0.07449806 -0.00113152
v -0.60889948 -0.07066806 -0.00113152
v -0.57764948 -0.14096805 -0.44642151
v -0.02686949 0.29261193 0.48336848
v -0.02295949 0.29261193 0.48336848
v -0.56752780 -0.12518369 -0.43906408
v -0.60890950 -0.07065806 -0.00113152
v -0.44270660 -0.59369645 -0.32529021
v -0.60890950 -0.03598900 0.00228160
v -0.54248948 -0.60582808 -0.29019151
v -0.54639948 -0.60582808 -0.29019151
v -0.54639948 -0.60580805 -0.29024152
v -0.54248948 -0.11751806 0.15510847
v -0.53858949 -0.11751806 0.15510847
v -0.53858949 -0.11752806 0.15514848
v -0.56592948 -0.17612806 0.54182847
v -0.56983949 -0.09018806 0.05749848
v -0.60783763 -0.12144488 0.64999133
v -0.60889948 -0.12530806 0.65510847
v -0.60824515 -0.07703647 0.25313152
v -0.60516901 -0.09077400 0.05980236
v -0.31986948 0.52503693 0.22938847
v -0.48780949 -0.49644807 -0.46207152
v -0.48389948 -0.49644807 -0.46207152
v -0.56983949 -0.14101806 -0.44644151
v -0.57373948 -0.14101806 -0.44644151
v -0.50342948 -0.57455805 0.86220851
v -0.51514948 -0.60580805 0.80739846
v -0.51123948 -0.60580805 0.80739846
v -0.53858949 -0.49643806 -0.46208153
v -0.29516464 -0.01385720 -0.43573102
v -0.60890950 -0.59638274 -0.01672769
v -0.58194075 -0.08747061 0.04781356
v -0.53369077 -0.07629824 0.25198003
v -0.59327949 -0.09017806 0.05744848
v -0.58936948 -0.09018806 0.05749848
v -0.58545948 -0.09018806 0.05749848
v -0.58936948 0.02308194 -0.13792152
v -0.58545948 0.02308194 -0.13792152
v -0.58155949 0.02308194 -0.13792152
v -0.57764948 0.02308194 -0.13792152
v -0.56592948 -0.17612806 0.54183849
v -0.56983949 -0.17612806 0.54183849
v -0.60818043 -0.05052883 0.15984016
v -0.00733949 -0.41832805 -0.01676152
v -0.25733949 0.23403195 0.20979848
v -0.25342948 0.23402193 0.20974848
v -0.25342948 0.23403195 0.20979848
v -0.51905949 -0.60582808 -0.29019151
v -0.51905949 -0.60580805 -0.29024152
v -0.51514948 -0.60582808 -0.29019151
v -0.52686948 -0.11751806 0.15510847
v -0.52295948 -0.11751806 0.15510847
v -0.52295948 -0.11752806 0.15514848
v -0.51905949 -0.49644807 -0.46207152
v -0.51514948 -0.49644807 -0.46207152
v -0.53467948 -0.60582808 -0.29019151
v -0.53077949 -0.60582808 -0.29019151
v -0.56202949 -0.60582808 -0.29019151
v -0.53467948 -0.60580805 -0.29024152
v -0.53858949 -0.60582808 -0.29019151
v -0.54248948 -0.60580805 -0.29024152
v -0.56983949 -0.09017806 0.05744848
v -0.57373948 -0.09017806 0.05744848
v -0.60889948 0.01918194 -0.13758152
v -0.60890950 0.01527194 -0.13394153
v -0.60905352 -0.03868291 0.05109825
v -0.60890950 0.02308194 -0.16910152
v -0.60890896 -0.14657408 0.32337686
v -0.39795948 -0.09017806 0.05744848
v -0.39795948 -0.09018806 0.05749848
v -0.40186948 -0.09017806 0.05744848
v -0.56788448 -0.05891306 0.19034847
v -0.56983949 -0.05893806 0.19042847
v -0.51514948 -0.57455805 0.86220851
v -0.51123948 -0.57455805 0.86220851
v -0.59717948 0.02307194 -0.13785152
v -0.59327949 0.02307194 -0.13785152
v -0.60889948 0.01924194 -0.14566153
v -0.33545948 0.06996194 0.01057848
v -0.60879022 -0.02702533 -0.19458561
v -0.29638950 0.34730193 0.28010847
v -0.29638950 0.34340194 0.28010847
v -0.29639948 0.34730193 0.28007849
v -0.60890950 0.02699194 -0.17301152
v -0.60889948 0.01921194 -0.14176152
v -0.60890950 0.01918194 -0.14566153
v -0.60108949 0.02308194 -0.13792152
v -0.60889948 0.02778194 -0.18863153
v -0.60763563 0.02625601 -0.15376587
v -0.60890950 0.02699194 -0.17691153
v -0.60889948 0.02702194 -0.17691153
v -0.60845056 -0.04321623 -0.12863604
v -0.43311948 0.02308194 -0.13792152
v -0.42920948 0.02308194 -0.13792152
v -0.57373948 -0.09018806 0.05749848
v -0.31989948 0.42152193 0.22932847
v -0.31983949 0.41761193 0.22944847
v -0.31986948 0.42347693 0.22938847
v -0.30027948 0.37074193 -0.34879152
v -0.30027948 0.37465194 -0.34879152
v -0.40186948 -0.53940806 0.26841848
v -0.60108949 0.02307194 -0.13785152
v -0.43311948 -0.11751806 0.15510847
v -0.42920948 -0.11752806 0.15514848
v -0.43311948 -0.11752806 0.15514848
v -0.60803418 0.03298471 -0.18848243
v -0.60498948 0.02307194 -0.13785152
v -0.60889948 0.01919194 -0.13785152
v -0.60498948 0.03090194 -0.17329153
v -0.60805426 0.01470803 -0.10241740
v -0.59327949 0.02308194 -0.13792152
v -0.60498948 0.02308194 -0.13792152
v -0.58155949 0.02307194 -0.13785152
v -0.56592948 0.02307194 -0.13785152
v -0.56983949 0.02307194 -0.13785152
v -0.58936948 0.02307194 -0.13785152
v -0.60890950 -0.58676993 0.05427691
v -0.55030949 -0.49644807 -0.46207152
v -0.58545948 -0.09017806 0.05744848
v -0.58155949 -0.09017806 0.05744848
v -0.60890949 -0.62544210 -0.06819036
v -0.57764948 -0.51204804 -0.36441151
v -0.52295948 -0.54712805 -0.41910152
v -0.56202949 -0.60580805 -0.29024152
v -0.57373948 -0.17612806 0.54182847
v -0.57373948 -0.49644807 -0.46207152
v -0.57764948 -0.49644807 -0.46207152
v -0.56983949 -0.54721805 -0.41902153
v -0.55811948 -0.60582808 -0.29019151
v -0.58545948 -0.49644807 -0.46207152
v -0.58545948 -0.49643806 -0.46208153
v -0.58155949 -0.49644807 -0.46207152
v -0.57373948 -0.54712805 -0.41910152
v -0.56191345 -0.53806636 0.92574379
v 0.28172051 -0.50424805 0.94023850
v 0.28172051 -0.50418809 0.94026848
v 0.27781050 -0.50418809 0.94026848
v -0.55489442 -0.54340863 -0.42226374
v -0.47814743 -0.59339899 0.82916367
v -0.58545948 -0.17612806 0.54183849
v -0.56025380 -0.54354704 0.91662241
v -0.56203830 -0.51204919 -0.36440927
v -0.56592948 -0.51204804 -0.36441151
v -0.56202949 -0.51205805 -0.36439151
v -0.58545948 0.02307194 -0.13785152
v -0.55420948 -0.54712805 -0.41910152
v -0.55030949 -0.54721805 -0.41902153
v -0.55420948 -0.54721805 -0.41902153
v -0.55030949 -0.60582808 -0.29019151
v -0.55420948 -0.60582808 -0.29019151
v -0.54575193 -0.54715767 -0.41907518
v -0.58155949 -0.09018806 0.05749848
v -0.57764948 -0.09018806 0.05749848
v -0.58936948 -0.09017806 0.05744848
v -0.57569448 -0.05891306 0.19034847
v -0.51539207 -0.61387183 0.79272402
v -0.56977643 -0.50284879 0.94083162
v -0.55811948 -0.57460806 0.86213847
v -0.56202949 -0.37534806 0.98321845
v -0.58741448 -0.35978806 -0.46599152
v -0.56983949 -0.54712805 -0.41910152
v -0.58936948 -0.16446806 0.86213847
v -0.58936948 -0.50420750 0.94025876
v -0.58545948 -0.16446806 0.86213847
v -0.57373948 -0.40257806 0.98322847
v -0.57373948 -0.40268806 0.98318847
v -0.57346809 -0.40263246 0.98320860
v -0.56202949 -0.49643806 -0.46208153
v -0.56202949 -0.16446806 0.86213847
v -0.56592948 -0.16446806 0.86213847
v -0.56592948 -0.16440806 0.86206850
v -0.56592948 -0.09017806 0.05744848
v -0.57764948 -0.50424805 0.94023850
v -0.56983949 -0.17612806 0.54182847
v -0.57373948 -0.17612806 0.54183849
v -0.53467948 -0.60579724 0.80741651
v -0.51514948 -0.49643806 -0.46208153
v -0.51123948 -0.49643806 -0.46208153
v -0.51123948 -0.49644807 -0.46207152
v -0.60890733 -0.39485749 0.97964113
v -0.56992481 -0.57457590 0.86218349
v -0.54804517 -0.59296173 0.82993301
v -0.56202949 -0.57460806 0.86213847
v -0.58936948 -0.49643806 -0.46208153
v -0.57373948 -0.51205805 0.93692847
v -0.60823292 -0.44978438 0.96289562
v -0.53077949 -0.60580805 -0.29024152
v -0.52686948 -0.60580805 -0.29024152
v -0.51123948 -0.57460806 0.86213847
v -0.50733949 -0.57460806 0.86213847
v -0.58155949 -0.49643806 -0.46208153
v -0.57764948 -0.49643806 -0.46208153
v -0.56983949 -0.49644807 -0.46207152
v -0.56983949 -0.49643806 -0.46208153
v -0.55811948 -0.51205805 -0.36438153
v -0.57373948 -0.49643806 -0.46208153
v -0.60389640 -0.49223861 -0.38138230
v -0.54248948 -0.57455805 0.86220851
v -0.50342948 -0.60580805 0.80739846
v -0.50342948 -0.60577807 0.80744847
v -0.50733949 -0.60577807 0.80744847
v -0.56202949 -0.57455805 0.86220851
v -0.51123948 -0.60582808 -0.29019151
v -0.51123948 -0.60580805 -0.29024152
v -0.50733949 -0.60582808 -0.29019151
v -0.43311948 -0.60582808 -0.29019151
v -0.42920948 -0.60582808 -0.29019151
v -0.53858949 -0.50424805 0.94023850
v -0.56202949 -0.37542805 0.98322847
v -0.55811948 -0.60580805 -0.29024152
v -0.51514948 -0.54721805 -0.41902153
v -0.51905949 -0.54712805 -0.41910152
v -0.54248948 -0.57460806 0.86213847
v -0.54639948 -0.57455805 0.86220851
v -0.53077949 -0.60580805 0.80739846
v -0.54639948 -0.57460806 0.86213847
v -0.00342949 -0.43391806 0.06526848
v -0.01123949 -0.43465805 0.06916848
v -0.00342949 -0.43393806 0.06534847
v -0.00733949 -0.43391806 0.06526848
v -0.57764948 -0.40257806 0.98322847
v -0.57764948 -0.40268806 0.98318847
v -0.60826246 -0.34947065 0.97811532
v -0.53467948 -0.60577807 0.80744847
v -0.53077949 -0.60577807 0.80744847
v -0.59522386 -0.37962242 -0.46212112
v -0.05030949 -0.21524806 0.87385847
v -0.04639949 -0.21524806 0.87385847
v -0.55030949 -0.37542805 0.98322847
v -0.53936636 -0.38464840 0.98500553
v -0.05420949 -0.31674805 0.87775846
v -0.06202949 -0.30115807 -0.39957152
v -0.57373948 -0.14096805 -0.44642151
v -0.60730712 -0.26722850 0.96216492
v -0.57373948 -0.16049807 0.85825851
v -0.57373948 -0.16440806 0.86206850
v -0.56983949 -0.16440806 0.86206850
v -0.57043336 -0.22690758 -0.55587140
v -0.56592948 -0.22690806 -0.55587153
v -0.56983949 -0.22679806 -0.55582152
v -0.05420949 -0.30112806 -0.39960153
v -0.05030949 -0.30112806 -0.39960153
v -0.54248948 -0.37542805 0.98322847
v -0.53858949 -0.37542805 0.98322847
v -0.00733949 -0.22690806 -0.46591152
v -0.00733949 -0.22683807 -0.46598152
v -0.00342949 -0.22690806 -0.46591152
v -0.03858949 -0.21518806 0.87383851
v -0.03858949 0.07386194 -0.45426152
v -0.56202949 -0.22690806 -0.55587153
v -0.56592948 -0.22679806 -0.55582152
v -0.56202949 -0.22679806 -0.55582152
v -0.60890950 -0.22690629 0.91682696
v -0.41748948 0.02308194 -0.13792152
v -0.42139948 0.02308194 -0.13792152
v -0.41748948 0.02307194 -0.13785152
v -0.58936948 -0.16049807 0.85825851
v -0.56202107 -0.14491364 -0.44825666
v -0.31985364 0.43673208 0.22942006
v -0.55617544 -0.18247964 0.62846681
v -0.18032950 0.51136193 -0.53629152
v -0.56983949 -0.16049807 0.85825851
v -0.56952542 -0.14099712 -0.44643314
v -0.57764948 -0.16440806 0.86206850
v -0.57373948 -0.16446806 0.86213847
v -0.58545948 -0.16049807 0.85825851
v -0.57373948 -0.16047805 0.85822847
v -0.57764948 -0.16047805 0.85822847
v -0.57764948 -0.16049807 0.85825851
v -0.56592948 -0.16047805 0.85822847
v -0.56202949 -0.16049807 0.85825851
v -0.57764948 -0.16446806 0.86213847
v -0.55030949 -0.54712805 -0.41910152
v -0.56983949 -0.14096805 -0.44642151
v -0.56983949 -0.16446806 0.86213847
v -0.56202949 -0.16440806 0.86206850
v -0.56983949 0.02308194 -0.13792152
v -0.56592948 -0.16049807 0.85825851
v -0.58155949 -0.16049807 0.85825851
v -0.40967948 -0.08630806 0.81135847
v -0.41358949 -0.08630806 0.81135847
v -0.41358949 -0.08627806 0.81124850
v -0.59965534 0.03090108 -0.17329719
v -0.55718443 -0.10198406 -0.42738570
v -0.54649621 -0.09790023 0.08504927
v -0.56202949 -0.17612806 0.54182847
v -0.56202949 -0.17612806 0.54183849
v -0.57764948 0.02307194 -0.13785152
v -0.57373948 0.02307194 -0.13785152
v -0.57919433 -0.18040268 0.60790955
v -0.54639948 -0.22690806 -0.55587153
v -0.55030949 -0.22679806 -0.55582152
v -0.54639948 -0.22679806 -0.55582152
v -0.57373948 0.02308194 -0.13792152
v -0.55594376 -0.54697572 -0.41921835
v -0.55811948 -0.54721805 -0.41902153
v -0.56592948 -0.09018806 0.05749848
v -0.57373948 -0.05888806 0.19026848
v -0.42530949 -0.09017806 0.05744848
v -0.42139948 -0.09018806 0.05749848
v -0.42530949 -0.09018806 0.05749848
v -0.56683470 -0.15707215 0.34018617
v -0.40967948 -0.09018806 0.05749848
v -0.40577949 -0.09018806 0.05749848
v -0.55030949 0.02308194 -0.13792152
v -0.55030949 0.02307194 -0.13785152
v -0.54639948 0.02307194 -0.13785152
v -0.54639948 -0.54721805 -0.41902153
v -0.56202949 -0.09018806 0.05749848
v -0.55811948 -0.09018806 0.05749848
v -0.56592948 -0.05889974 0.19030575
v -0.56530217 -0.05896296 0.19050925
v -0.56952367 -0.05601590 0.18007261
v -0.55757072 -0.49905713 -0.37534478
v -0.52833568 -0.08600029 0.04255194
v -0.56202949 -0.09017806 0.05744848
v -0.55030949 -0.17612806 0.54183849
v -0.54639948 -0.17612806 0.54183849
v -0.53077949 -0.11751806 0.15510847
v -0.30030949 0.43715194 -0.34875152
v -0.30030949 0.44105193 -0.34875152
v -0.30027948 0.43715194 -0.34879152
v -0.56202949 0.02307194 -0.13785152
v -0.56202949 0.02308194 -0.13792152
v -0.53858949 0.02307194 -0.13785152
v -0.54248948 0.02307194 -0.13785152
v -0.54248948 0.02308194 -0.13792152
v -0.57077840 0.02714151 -0.15626178
v -0.55811948 0.02308194 -0.13792152
v -0.40967948 0.02307194 -0.13785152
v -0.40967948 0.02308194 -0.13792152
v -0.41358949 0.02308194 -0.13792152
v -0.58023100 -0.01852419 -0.29378647
v -0.47217948 -0.60577807 0.80744847
v -0.46827949 -0.60577807 0.80744847
v -0.57638782 -0.56670010 0.05925059
v -0.51921209 -0.53215009 0.92809543
v -0.53077949 -0.49643806 -0.46208153
v -0.51514948 -0.60577807 0.80744847
v -0.55420948 -0.49644807 -0.46207152
v -0.44092948 -0.57460806 0.86213847
v -0.52686948 -0.60582808 -0.29019151
v -0.52295948 -0.54721805 -0.41902153
v -0.52404398 -0.54648342 -0.41964049
v -0.52295948 -0.57460806 0.86213847
v -0.51905949 -0.57460806 0.86213847
v -0.52295948 -0.57455805 0.86220851
v -0.44483949 -0.60582808 -0.29019151
v -0.55811948 -0.49644807 -0.46207152
v -0.55811948 -0.49643806 -0.46208153
v -0.49170948 -0.60580805 -0.29024152
v -0.48780949 -0.60580805 -0.29024152
v -0.49561948 -0.60582808 -0.29019151
v -0.49561948 -0.60580805 -0.29024152
v -0.49170948 -0.60582808 -0.29019151
v -0.53858949 -0.49644807 -0.46207152
v -0.56113306 -0.61820008 -0.25441708
v -0.53603311 -0.54713810 -0.41908680
v -0.54248948 -0.49644807 -0.46207152
v -0.52295948 -0.60580805 -0.29024152
v -0.53077949 -0.57455805 0.86220851
v -0.52686948 -0.57460806 0.86213847
v -0.52686948 -0.57455805 0.86220851
v -0.54248948 -0.49643806 -0.46208153
v -0.50733949 -0.57455805 0.86220851
v -0.51123948 -0.60577807 0.80744847
v -0.50733949 -0.60580805 0.80739846
v -0.48500992 -0.53727717 -0.42756218
v -0.51514948 -0.60580805 -0.29024152
v -0.47998948 -0.60577807 0.80744847
v -0.55811948 -0.57455805 0.86220851
v -0.53858949 -0.50418809 0.94026848
v -0.52686948 -0.60580805 0.80739846
v -0.49561948 -0.60577807 0.80744847
v -0.49170948 -0.60580805 0.80739846
v -0.49170948 -0.60577807 0.80744847
v -0.47608949 -0.57460806 0.86213847
v -0.47217948 -0.57460806 0.86213847
v -0.47608949 -0.57455805 0.86220851
v -0.51357195 -0.50638242 -0.45364405
v -0.46436948 -0.57455805 0.86220851
v -0.46045948 -0.57455805 0.86220851
v -0.49170948 -0.22690806 -0.55587153
v -0.49561948 -0.22679806 -0.55582152
v -0.49170948 -0.22679806 -0.55582152
v -0.51905949 -0.37534806 0.98321845
v -0.51905949 -0.37542805 0.98322847
v -0.51905949 -0.54721805 -0.41902153
v -0.52295948 -0.49644807 -0.46207152
v -0.48780949 -0.60580805 0.80739846
v -0.50733949 -0.60580805 -0.29024152
v -0.49952949 -0.60580805 0.80739846
v -0.50342948 -0.57460806 0.86213847
v -0.50342948 -0.60582808 -0.29019151
v -0.52295948 -0.60580805 0.80739846
v -0.55420948 -0.49643806 -0.46208153
v -0.51708247 -0.56707742 -0.40189465
v -0.47998948 -0.60580805 0.80739846
v -0.05030949 -0.22690806 -0.46591152
v -0.05420949 -0.22690806 -0.46591152
v -0.05420949 -0.22683807 -0.46598152
v -0.52295948 -0.37542805 0.98322847
v -0.51123948 -0.19940805 0.31135847
v -0.49544615 -0.17476909 0.32549837
v -0.49280253 -0.59514704 -0.32110273
v -0.52686948 -0.49644807 -0.46207152
v -0.52686948 -0.49643806 -0.46208153
v -0.44483949 -0.49644807 -0.46207152
v -0.44092948 -0.49644807 -0.46207152
v -0.53467948 -0.37542805 0.98322847
v -0.49952949 -0.37534806 0.98321845
v -0.50342948 -0.37534806 0.98321845
v -0.49952949 -0.37542805 0.98322847
v -0.55420948 -0.37542805 0.98322847
v -0.55811948 -0.37542805 0.98322847
v -0.48389948 -0.49643806 -0.46208153
v -0.55811948 -0.37534806 0.98321845
v -0.50733949 -0.49644807 -0.46207152
v -0.49952949 -0.60580805 -0.29024152
v -0.56014382 -0.33541801 0.42952221
v -0.47608949 -0.60580805 -0.29024152
v -0.47608949 -0.60582808 -0.29019151
v -0.49952949 -0.60577807 0.80744847
v -0.54248948 -0.37534806 0.98321845
v -0.51123948 -0.37534806 0.98321845
v -0.50733949 -0.37534806 0.98321845
v -0.50733949 -0.37542805 0.98322847
v -0.05811949 -0.30115807 -0.39957152
v -0.49952949 -0.57455805 0.86220851
v -0.50342948 -0.49644807 -0.46207152
v -0.48389948 -0.60580805 -0.29024152
v -0.54072679 -0.18976481 -0.53758426
v -0.43702949 -0.57460806 0.86213847
v -0.43702949 -0.57455805 0.86220851
v -0.44092948 -0.57455805 0.86220851
v -0.49170948 -0.49644807 -0.46207152
v -0.51514948 -0.37534806 0.98321845
v -0.50342948 -0.37542805 0.98322847
v -0.53077949 -0.37534806 0.98321845
v -0.53077949 -0.37542805 0.98322847
v -0.52686948 -0.37542805 0.98322847
v -0.53570224 -0.23081913 -0.55630267
v -0.48780949 -0.60582808 -0.29019151
v -0.06202949 -0.30112806 -0.39960153
v -0.54639948 -0.37534806 0.98321845
v -0.54639948 -0.37542805 0.98322847
v -0.01905949 -0.30112806 -0.39960153
v -0.01514949 -0.30112806 -0.39960153
v -0.01514949 -0.30115807 -0.39957152
v -0.54418932 -0.59347329 -0.32593790
v -0.55671907 -0.38371843 0.09942486
v -0.50342948 -0.60580805 -0.29024152
v -0.49952949 -0.60582808 -0.29019151
v -0.47998948 -0.49644807 -0.46207152
v -0.47608949 -0.49644807 -0.46207152
v -0.51807948 -0.19955806 0.31127848
v -0.52295948 -0.37534806 0.98321845
v -0.02295949 -0.21518806 0.87383851
v -0.01905949 -0.21518806 0.87383851
v -0.01905949 -0.21524806 0.87385847
v -0.46827949 -0.49644807 -0.46207152
v -0.47217948 -0.49644807 -0.46207152
v -0.53858949 -0.22690806 -0.55587153
v -0.54248948 -0.22690806 -0.55587153
v -0.54248948 -0.22679806 -0.55582152
v -0.53467948 -0.22690806 -0.55587153
v -0.03077949 -0.30115807 -0.39957152
v -0.46827949 -0.60580805 0.80739846
v -0.52686948 -0.37534806 0.98321845
v -0.51905949 -0.22679806 -0.55582152
v -0.55030949 -0.22690806 -0.55587153
v -0.55420948 -0.22679806 -0.55582152
v -0.49561948 -0.57460806 0.86213847
v -0.49170948 -0.57460806 0.86213847
v -0.49561948 -0.57455805 0.86220851
v -0.56999427 -0.23080850 -0.55630148
v -0.51514948 -0.17612806 0.54183849
v -0.51514948 -0.17612806 0.54182847
v -0.51123948 -0.17612806 0.54182847
v -0.43702949 0.02307194 -0.13785152
v -0.44092948 0.02307194 -0.13785152
v -0.44092948 0.02308194 -0.13792152
v -0.53858949 -0.09018806 0.05749848
v -0.53467948 -0.09018806 0.05749848
v -0.48780949 -0.60577807 0.80744847
v -0.53077949 -0.16440806 0.86206850
v -0.52686948 -0.16446806 0.86213847
v -0.52686948 -0.16440806 0.86206850
v -0.55420948 0.02307194 -0.13785152
v -0.55811948 0.02307194 -0.13785152
v -0.53467948 -0.16446806 0.86213847
v -0.53858949 -0.16446806 0.86213847
v -0.53858949 -0.16440806 0.86206850
v -0.46827949 -0.19940805 0.31135847
v -0.47217948 -0.19940805 0.31135847
v -0.52295948 -0.16446806 0.86213847
v -0.53077949 -0.22679806 -0.55582152
v -0.53467948 -0.22679806 -0.55582152
v -0.51514948 -0.22679806 -0.55582152
v -0.04248949 -0.30112806 -0.39960153
v -0.37842948 0.02307194 -0.13785152
v -0.38233949 0.02307194 -0.13785152
v -0.38233949 0.02308194 -0.13792152
v -0.55811948 -0.16440806 0.86206850
v -0.06202949 -0.31672805 0.87776848
v -0.05811949 -0.31672805 0.87776848
v -0.15967950 0.53480193 0.44018849
v -0.53077949 -0.22690806 -0.55587153
v -0.53858949 -0.22679806 -0.55582152
v -0.53467948 -0.11751806 0.15510847
v -0.53077949 -0.11752806 0.15514848
v -0.54880508 -0.12077332 0.15522448
v -0.48780949 -0.22679806 -0.55582152
v -0.54248948 -0.11752806 0.15514848
v -0.49952949 -0.19940805 0.31135847
v -0.49952949 -0.19955806 0.31127848
v -0.50342948 -0.19940805 0.31135847
v -0.47608949 -0.37534806 0.98321845
v -0.47608949 -0.37542805 0.98322847
v -0.47217948 -0.37542805 0.98322847
v -0.54090636 -0.16924400 0.86680349
v -0.53858949 -0.16049807 0.85825851
v -0.53467948 -0.16440806 0.86206850
v -0.53467948 -0.16049807 0.85825851
v -0.53858949 -0.16047805 0.85822847
v -0.55537024 -0.17479842 0.52141844
v -0.55030949 -0.16047805 0.85822847
v -0.54639948 -0.16049807 0.85825851
v -0.54639948 -0.16047805 0.85822847
v -0.54248948 -0.16047805 0.85822847
v -0.55811948 -0.16049807 0.85825851
v -0.55811948 -0.16047805 0.85822847
v -0.53077949 -0.16047805 0.85822847
v -0.53467948 -0.16047805 0.85822847
v -0.27299415 0.48708857 0.33063394
v -0.42920948 -0.11751806 0.15510847
v -0.54639948 -0.16446806 0.86213847
v -0.55030949 -0.16446806 0.86213847
v -0.55030949 -0.16440806 0.86206850
v -0.52295948 -0.22690806 -0.55587153
v -0.51905949 -0.22690806 -0.55587153
v -0.52295948 -0.22679806 -0.55582152
v -0.50342948 -0.11752806 0.15514848
v -0.49952949 -0.11752806 0.15514848
v -0.47998948 -0.19940805 0.31135847
v -0.48389948 -0.19940805 0.31135847
v -0.54413277 -0.10975262 0.12736981
v -0.43311948 -0.09017806 0.05744848
v -0.54639948 -0.17612806 0.54182847
v -0.49561948 -0.49643806 -0.46208153
v -0.49561948 -0.49644807 -0.46207152
v -0.48389948 -0.57455805 0.86220851
v -0.47998948 -0.57455805 0.86220851
v -0.55420948 -0.17612806 0.54183849
v -0.55030949 -0.17612806 0.54182847
v -0.52295948 -0.16049807 0.85825851
v -0.51905949 -0.16440806 0.86206850
v -0.51905949 -0.16049807 0.85825851
v -0.52295948 -0.16047805 0.85822847
v -0.49561948 -0.37534806 0.98321845
v -0.49561948 -0.37542805 0.98322847
v -0.51514948 -0.22690806 -0.55587153
v -0.54639948 -0.16440806 0.86206850
v -0.51123948 -0.22679806 -0.55582152
v -0.54248948 -0.16049807 0.85825851
v -0.55811948 -0.16446806 0.86213847
v -0.53467948 -0.11752806 0.15514848
v -0.55030949 -0.11751806 0.15510847
v -0.56322291 -0.17157420 0.47159708
v -0.55811948 -0.17612806 0.54182847
v -0.55811948 -0.17612806 0.54183849
v -0.44483949 -0.19955806 0.31127848
v -0.55420948 -0.16446806 0.86213847
v -0.55410225 -0.17896251 0.58569250
v -0.51905949 -0.16047805 0.85822847
v -0.55420948 -0.16440806 0.86206850
v -0.55420948 -0.16047805 0.85822847
v -0.55030949 -0.16049807 0.85825851
v -0.54248948 -0.16440806 0.86206850
v -0.53077949 -0.16446806 0.86213847
v -0.51514948 -0.16047805 0.85822847
v -0.55420948 -0.16049807 0.85825851
v -0.51514948 -0.16440806 0.86206850
v -0.51123948 -0.16446806 0.86213847
v -0.51123948 -0.16440806 0.86206850
v -0.06202949 0.23403195 0.20979848
v -0.06592949 0.23403195 0.20979848
v -0.56848682 -0.17329426 0.87075386
v -0.54248948 -0.16446806 0.86213847
v -0.49170948 -0.16049807 0.85825851
v -0.48780949 -0.16440806 0.86206850
v -0.48780949 -0.16049807 0.85825851
v -0.49170948 -0.16047805 0.85822847
v -0.53077949 -0.16049807 0.85825851
v -0.50895498 -0.47546301 0.95240726
v -0.48780949 -0.19940805 0.31135847
v -0.54639948 -0.11751806 0.15510847
v -0.54639948 -0.11752806 0.15514848
v -0.55811948 -0.09017806 0.05744848
v -0.51514948 -0.19940805 0.31135847
v -0.48389948 -0.19955806 0.31127848
v -0.47998948 -0.19955806 0.31127848
v -0.55420948 -0.17612806 0.54182847
v -0.54248948 -0.17612806 0.54182847
v -0.53858949 -0.17612806 0.54182847
v -0.54248948 -0.17612806 0.54183849
v -0.53858949 -0.17612806 0.54183849
v -0.53467948 -0.17612806 0.54183849
v -0.52686948 -0.22690806 -0.55587153
v -0.52686948 -0.22679806 -0.55582152
v -0.50733949 -0.17612806 0.54183849
v -0.50342948 -0.17612806 0.54183849
v -0.49561948 -0.19955806 0.31127848
v -0.50733949 -0.22690806 -0.55587153
v -0.51123948 -0.22690806 -0.55587153
v -0.51148949 -0.23080806 -0.55630151
v -0.49561948 -0.11752806 0.15514848
v -0.49170948 -0.11752806 0.15514848
v -0.08545949 0.60511193 0.13943847
v -0.40967948 -0.11752806 0.15514848
v -0.41358949 -0.11752806 0.15514848
v -0.41358949 -0.11751806 0.15510847
v -0.48548056 -0.46894250 -0.48538742
v -0.54639948 0.02308194 -0.13792152
v -0.52295948 -0.09017806 0.05744848
v -0.52295948 -0.09018806 0.05749848
v -0.52686948 -0.09017806 0.05744848
v -0.49952949 0.02308194 -0.13792152
v -0.49561948 0.02308194 -0.13792152
v -0.60236682 -0.17091530 0.45305889
v -0.51123948 -0.17612806 0.54183849
v -0.55030949 -0.09018806 0.05749848
v -0.54639948 -0.09018806 0.05749848
v -0.60779009 -0.01991438 0.05413242
v -0.52686948 -0.11752806 0.15514848
v -0.54248948 -0.09018806 0.05749848
v -0.54248948 -0.09017806 0.05744848
v -0.51123948 -0.19955806 0.31127848
v -0.50733949 -0.19955806 0.31127848
v -0.55030949 -0.09017806 0.05744848
v -0.47998948 -0.11751806 0.15510847
v -0.47608949 -0.11752806 0.15514848
v -0.47998948 -0.11752806 0.15514848
v -0.48541691 -0.09927584 0.08996850
v -0.55738221 0.01533106 -0.10282232
v -0.50342948 -0.16047805 0.85822847
v -0.49952949 -0.16049807 0.85825851
v -0.49952949 -0.16047805 0.85822847
v -0.50733949 -0.22679806 -0.55582152
v -0.51905949 -0.11752806 0.15514848
v -0.31989948 0.51918194 0.22932847
v -0.31989948 0.52308193 0.22932847
v -0.51123948 -0.16049807 0.85825851
v -0.50733949 -0.16440806 0.86206850
v -0.50733949 -0.16049807 0.85825851
v -0.51123948 -0.16047805 0.85822847
v -0.51123948 -0.11751806 0.15510847
v -0.51514948 -0.11751806 0.15510847
v -0.06592949 0.23402193 0.20974848
v -0.06983949 0.23403195 0.20979848
v -0.06983949 0.23402193 0.20974848
v -0.49952949 -0.09018806 0.05749848
v -0.49561948 -0.09018806 0.05749848
v -0.53858949 -0.09017806 0.05744848
v -0.55420948 -0.09017806 0.05744848
v -0.55420948 -0.09018806 0.05749848
v -0.53077949 -0.09018806 0.05749848
v -0.39405949 0.02307194 -0.13785152
v -0.39795948 0.02307194 -0.13785152
v -0.59482730 -0.12674693 0.18890244
v -0.54639948 -0.09017806 0.05744848
v -0.50733949 -0.09018806 0.05749848
v -0.51123948 -0.09018806 0.05749848
v -0.55420948 0.02308194 -0.13792152
v -0.53467948 -0.09017806 0.05744848
v -0.53077949 -0.09017806 0.05744848
v -0.53467948 -0.17612806 0.54182847
v -0.41977670 0.01532546 -0.10279839
v -0.53077949 -0.17612806 0.54183849
v -0.53077949 -0.17612806 0.54182847
v -0.47608949 -0.09017806 0.05744848
v -0.47608949 -0.09018806 0.05749848
v -0.47998948 -0.09017806 0.05744848
v -0.55849156 -0.12107922 0.66020427
v -0.46436948 -0.60577807 0.80744847
v -0.46436948 -0.60580805 0.80739846
v -0.46045948 -0.60580805 0.80739846
v -0.50342948 -0.16440806 0.86206850
v -0.50342948 -0.16049807 0.85825851
v -0.50733949 -0.16047805 0.85822847
v -0.38623948 -0.08630806 0.81135847
v -0.51905949 -0.11751806 0.15510847
v -0.49353297 0.01527236 -0.10254944
v -0.47998948 -0.60582808 -0.29019151
v -0.53858949 0.02308194 -0.13792152
v -0.50342948 0.02307194 -0.13785152
v -0.50733949 0.02307194 -0.13785152
v -0.53467948 0.02307194 -0.13785152
v -0.53077949 0.02307194 -0.13785152
v -0.53467948 0.02308194 -0.13792152
v -0.51905949 0.02308194 -0.13792152
v -0.51514948 0.02308194 -0.13792152
v -0.52686948 -0.17612806 0.54182847
v -0.49952949 -0.11751806 0.15510847
v -0.50342948 -0.11751806 0.15510847
v -0.50733949 -0.09017806 0.05744848
v -0.50342948 -0.09017806 0.05744848
v -0.50342948 -0.09018806 0.05749848
v -0.33155949 0.06996194 0.01057848
v -0.33155949 0.06996194 0.01052848
v -0.47608949 0.02308194 -0.13792152
v -0.51905949 -0.09017806 0.05744848
v -0.51514948 -0.09018806 0.05749848
v -0.51905949 -0.09018806 0.05749848
v -0.49561948 -0.11751806 0.15510847
v -0.49170948 -0.11751806 0.15510847
v -0.47217948 -0.22690806 -0.55587153
v -0.47608949 -0.22679806 -0.55582152
v -0.47217948 -0.22679806 -0.55582152
v -0.49950173 -0.07307788 -0.00681678
v -0.48780949 -0.11752806 0.15514848
v -0.52686948 -0.09018806 0.05749848
v -0.54088930 -0.09378534 0.07034477
v -0.30027948 0.52699193 -0.34879152
v -0.30027948 0.52308193 -0.34879152
v -0.30030949 0.52699193 -0.34875152
v -0.31989948 0.27699193 0.22932847
v -0.31986948 0.27894694 0.22938847
v -0.51123948 -0.11752806 0.15514848
v -0.50733949 -0.11752806 0.15514848
v -0.51514948 0.02307194 -0.13785152
v -0.53077949 0.02308194 -0.13792152
v -0.51123948 0.02308194 -0.13792152
v -0.51123948 0.02307194 -0.13785152
v -0.51123948 -0.09017806 0.05744848
v -0.49170948 -0.19940805 0.31135847
v -0.46827949 0.02308194 -0.13792152
v -0.51905949 0.02307194 -0.13785152
v -0.53485707 0.02697984 -0.15554452
v -0.16358949 0.07386194 -0.45426152
v -0.16748949 0.07388194 -0.45426152
v -0.16358949 0.07388194 -0.45426152
v -0.50733949 0.02308194 -0.13792152
v -0.42530949 0.02307194 -0.13785152
v -0.42139948 0.02307194 -0.13785152
v -0.60797905 -0.00288456 -0.02179266
v -0.50306371 -0.12593537 0.13988044
v -0.49650645 -0.61398098 -0.26661314
v -0.51905949 -0.57455805 0.86220851
v -0.45655949 -0.60577807 0.80744847
v -0.45264948 -0.60580805 0.80739846
v -0.45264948 -0.60577807 0.80744847
v -0.49561948 -0.60580805 0.80739846
v -0.49952949 -0.57460806 0.86213847
v -0.49682728 -0.56284723 0.88276452
v -0.51514948 -0.57460806 0.86213847
v -0.54319793 -0.42743550 0.97271488
v -0.49170948 -0.57455805 0.86220851
v -0.48389948 -0.60580805 0.80739846
v -0.48389948 -0.60577807 0.80744847
v -0.46045948 -0.60577807 0.80744847
v -0.45655949 -0.60580805 0.80739846
v -0.52295948 -0.60582808 -0.29019151
v -0.48389948 -0.60582808 -0.29019151
v -0.46851744 -0.53942746 0.26840391
v -0.46827949 -0.53940806 0.26841848
v -0.47217948 -0.60580805 -0.29024152
v -0.47998948 -0.57460806 0.86213847
v -0.44483949 -0.57455805 0.86220851
v -0.40577949 -0.49643806 -0.46208153
v -0.40967948 -0.49643806 -0.46208153
v -0.40577949 -0.49644807 -0.46207152
v -0.48780949 -0.50421182 0.94025661
v -0.48780949 -0.50418809 0.94026848
v -0.48780949 -0.57455805 0.86220851
v -0.47844021 -0.56069028 0.88654519
v -0.47217948 -0.57455805 0.86220851
v -0.50733949 -0.49643806 -0.46208153
v -0.05420949 -0.21524806 0.87385847
v -0.42530949 -0.60577807 0.80744847
v -0.42139948 -0.60577807 0.80744847
v -0.50733949 -0.19940805 0.31135847
v -0.53831247 -0.36306669 0.98085557
v -0.47560993 -0.33187692 0.97485629
v -0.43284436 -0.42921524 0.08977841
v -0.03858949 -0.30115807 -0.39957152
v -0.03467949 -0.30115807 -0.39957152
v -0.08545949 0.24574193 0.26447847
v -0.08936949 0.24574193 0.26447847
v -0.48389948 -0.50424805 0.94023850
v -0.48389948 -0.50418809 0.94026848
v -0.52686948 -0.16049807 0.85825851
v -0.43702949 -0.37534806 0.98321845
v -0.44092948 -0.37534806 0.98321845
v -0.43702949 -0.37542805 0.98322847
v -0.42997482 -0.61379175 0.79298840
v -0.05030949 0.29261193 0.48336848
v -0.04639949 0.29257193 0.48322847
v -0.04639949 0.29261193 0.48336848
v -0.49170948 -0.49643806 -0.46208153
v -0.48780949 -0.37534806 0.98321845
v -0.49170948 -0.37534806 0.98321845
v -0.48780949 -0.37542805 0.98322847
v -0.50342948 -0.22690806 -0.55587153
v -0.48389948 -0.37542805 0.98322847
v -0.06202949 0.23402193 0.20974848
v -0.08155949 0.23403195 0.20979848
v -0.08155949 0.23402193 0.20974848
v -0.07764949 0.23402193 0.20974848
v -0.45655949 -0.60582808 -0.29019151
v -0.45655949 -0.60580805 -0.29024152
v -0.45264948 -0.60582808 -0.29019151
v -0.08535949 0.60511193 0.13947848
v -0.08545949 0.60902193 0.13943847
v -0.47217948 -0.37534806 0.98321845
v -0.49561948 -0.22690806 -0.55587153
v -0.49952949 -0.22679806 -0.55582152
v 0.03172051 -0.41830805 -0.01683152
v 0.03562051 -0.41830805 -0.01683152
v -0.48389948 -0.37534806 0.98321845
v -0.47998948 -0.37534806 0.98321845
v -0.47998948 -0.37542805 0.98322847
v -0.44483949 -0.60580805 0.80739846
v -0.44873948 -0.60580805 0.80739846
v -0.49952949 -0.22690806 -0.55587153
v -0.50342948 -0.22679806 -0.55582152
v -0.44483949 -0.37534806 0.98321845
v -0.48027497 -0.10976807 0.12742745
v -0.47608949 -0.49643806 -0.46208153
v -0.49952949 -0.17612806 0.54183849
v -0.46827949 -0.22679806 -0.55582152
v -0.48780949 -0.19955806 0.31127848
v -0.51514948 -0.11752806 0.15514848
v -0.48389948 -0.16047805 0.85822847
v -0.44873948 -0.19955806 0.31127848
v -0.44873948 -0.19940805 0.31135847
v -0.49952949 -0.16446806 0.86213847
v -0.50342948 -0.16446806 0.86213847
v -0.44092948 -0.22679806 -0.55582152
v -0.44483949 -0.22679806 -0.55582152
v -0.51075699 -0.16935556 0.86691349
v -0.47217948 -0.19955806 0.31127848
v -0.49561948 -0.19940805 0.31135847
v -0.48012688 0.04337012 -0.23023751
v -0.47217948 -0.60582808 -0.29019151
v -0.46827949 -0.60582808 -0.29019151
v -0.46980256 -0.18884811 -0.53714259
v -0.50342948 -0.19955806 0.31127848
v -0.51514948 -0.16049807 0.85825851
v -0.49952949 -0.09017806 0.05744848
v -0.49170948 -0.19955806 0.31127848
v -0.51514948 -0.16446806 0.86213847
v -0.56217097 -0.15148234 0.84937451
v -0.50733949 -0.11751806 0.15510847
v -0.51905949 -0.16446806 0.86213847
v -0.52295948 -0.16440806 0.86206850
v -0.49561948 -0.16440806 0.86206850
v -0.49170948 -0.16446806 0.86213847
v -0.49170948 -0.16440806 0.86206850
v -0.49561948 -0.16049807 0.85825851
v -0.49561948 -0.16047805 0.85822847
v -0.50733949 -0.16446806 0.86213847
v -0.47608949 -0.19955806 0.31127848
v -0.47608949 -0.19940805 0.31135847
v -0.51905949 -0.17612806 0.54183849
v -0.52686948 -0.16047805 0.85822847
v -0.07373949 0.23403195 0.20979848
v -0.47608949 -0.22690806 -0.55587153
v -0.06556879 0.47232436 -0.78133430
v -0.46436948 -0.22690806 -0.55587153
v -0.46436948 -0.22679806 -0.55582152
v -0.49561948 -0.17612806 0.54182847
v -0.49561948 -0.17612806 0.54183849
v -0.43311948 -0.37542805 0.98322847
v -0.42920948 -0.37542805 0.98322847
v -0.49952949 -0.16440806 0.86206850
v -0.40577949 -0.11751806 0.15510847
v -0.40967948 -0.11751806 0.15510847
v -0.47998948 -0.22690806 -0.55587153
v -0.48389948 -0.22679806 -0.55582152
v -0.47998948 -0.22679806 -0.55582152
v -0.47217948 -0.11751806 0.15510847
v -0.47608949 -0.11751806 0.15510847
v -0.43702949 -0.11751806 0.15510847
v -0.51905949 -0.17612806 0.54182847
v -0.50733949 -0.17612806 0.54182847
v -0.52295948 -0.17612806 0.54183849
v -0.52295948 -0.17612806 0.54182847
v -0.47217948 -0.16047805 0.85822847
v -0.46827949 -0.16049807 0.85825851
v -0.46827949 -0.16047805 0.85822847
v -0.48780949 -0.16047805 0.85822847
v -0.47552164 -0.17148998 0.86900122
v -0.46827949 -0.22690806 -0.55587153
v -0.49952949 0.02307194 -0.13785152
v -0.47608949 -0.16446806 0.86213847
v -0.43702949 -0.22690806 -0.55587153
v -0.43702949 -0.22679806 -0.55582152
v -0.41755514 -0.08625571 0.81114673
v -0.41748948 -0.08627806 0.81124850
v -0.41748948 -0.08630806 0.81135847
v -0.49276352 -0.15151435 0.84937269
v -0.49170948 -0.37542805 0.98322847
v -0.48389948 -0.11752806 0.15514848
v -0.49788226 -0.17510735 0.52611977
v -0.46827949 -0.60580805 -0.29024152
v -0.46436948 -0.60582808 -0.29019151
v -0.39014948 -0.50418809 0.94026848
v -0.38623948 -0.50418809 0.94026848
v -0.38623948 -0.50424805 0.94023850
v -0.48780949 -0.16446806 0.86213847
v -0.39405949 -0.08630806 0.81135847
v -0.52174011 -0.15250806 0.85041847
v -0.48780949 0.02308194 -0.13792152
v -0.48780949 0.02307194 -0.13785152
v -0.48389948 0.02307194 -0.13785152
v -0.51514948 -0.09017806 0.05744848
v -0.44092948 -0.22690806 -0.55587153
v -0.52686948 -0.17612806 0.54183849
v -0.48780949 -0.49643806 -0.46208153
v -0.52686948 0.02307194 -0.13785152
v -0.45655949 -0.57455805 0.86220851
v -0.44314820 -0.17138222 0.46780822
v -0.49952949 -0.17612806 0.54182847
v -0.50342948 -0.17612806 0.54182847
v -0.52295948 0.02308194 -0.13792152
v -0.50342948 0.02308194 -0.13792152
v -0.42920948 -0.09018806 0.05749848
v -0.43311948 -0.09018806 0.05749848
v -0.47217948 -0.11752806 0.15514848
v -0.42139948 -0.09017806 0.05744848
v -0.45655949 -0.09018806 0.05749848
v -0.45655949 -0.09017806 0.05744848
v -0.45264948 -0.09018806 0.05749848
v -0.50849819 -0.10974484 0.12734132
v -0.47998948 0.02308194 -0.13792152
v -0.46827949 -0.17612806 0.54182847
v -0.46436948 -0.17612806 0.54182847
v -0.45264948 -0.09017806 0.05744848
v -0.44873948 -0.09017806 0.05744848
v -0.44873948 -0.09018806 0.05749848
v -0.45655949 0.02307194 -0.13785152
v -0.45264948 0.02307194 -0.13785152
v -0.45655949 0.02308194 -0.13792152
v -0.47998948 -0.09018806 0.05749848
v -0.55684426 -0.14695378 -0.44858767
v -0.52686948 0.02308194 -0.13792152
v -0.52295948 0.02307194 -0.13785152
v -0.15946321 0.24185866 0.24637356
v -0.05030949 -0.41832805 -0.01676152
v -0.05420949 -0.41832805 -0.01676152
v -0.48780949 -0.09018806 0.05749848
v -0.49170948 -0.09018806 0.05749848
v -0.48389948 -0.11751806 0.15510847
v -0.48389948 -0.09017806 0.05744848
v -0.48389948 -0.09018806 0.05749848
v -0.47217948 0.02308194 -0.13792152
v -0.23780949 0.26527193 -0.44644151
v -0.49170948 0.02307194 -0.13785152
v -0.46827949 0.02307194 -0.13785152
v -0.42530949 0.02308194 -0.13792152
v -0.41499844 -0.59410188 -0.32411852
v -0.43702949 -0.60580805 -0.29024152
v -0.44092948 -0.60580805 -0.29024152
v -0.49794423 0.03088976 -0.17324160
v -0.18702949 0.24574193 0.26447847
v -0.18311948 0.24574193 0.26447847
v -0.55651553 -0.07911036 0.00544418
v -0.48389948 0.02308194 -0.13792152
v -0.48780949 -0.57460806 0.86213847
v -0.42920948 -0.60577807 0.80744847
v -0.42530949 -0.60580805 0.80739846
v -0.43702949 -0.53940806 0.26841848
v -0.44092948 -0.53940806 0.26841848
v -0.43311948 -0.60580805 -0.29024152
v -0.42920948 -0.60580805 -0.29024152
v -0.46436948 -0.60580805 -0.29024152
v -0.45655949 -0.57460806 0.86213847
v -0.45264948 -0.57460806 0.86213847
v -0.41358949 -0.53940806 0.26841848
v -0.40967948 -0.53940806 0.26841848
v -0.44857247 -0.52064779 0.27864725
v -0.48389948 -0.57460806 0.86213847
v -0.46827949 -0.57460806 0.86213847
v -0.46827949 -0.57455805 0.86220851
v -0.42530949 -0.60582808 -0.29019151
v -0.42530949 -0.60580805 -0.29024152
v -0.42139948 -0.60582808 -0.29019151
v -0.45264948 -0.60580805 -0.29024152
v -0.44873948 -0.60580805 -0.29024152
v -0.45264948 -0.53940806 0.26841848
v -0.45655949 -0.53940806 0.26841848
v -0.45264948 -0.53944805 0.26838847
v -0.48780949 -0.51341805 0.93635847
v -0.39029586 -0.56703712 -0.40201882
v -0.45655949 -0.53944805 0.26838847
v -0.46045948 -0.53940806 0.26841848
v -0.46436948 -0.53940806 0.26841848
v -0.47998948 -0.49643806 -0.46208153
v -0.46436948 -0.57460806 0.86213847
v -0.46045948 -0.60580805 -0.29024152
v -0.46045948 -0.60582808 -0.29019151
v -0.46045948 -0.57460806 0.86213847
v -0.46827949 -0.37534806 0.98321845
v -0.46827949 -0.37542805 0.98322847
v -0.41358949 -0.60580805 -0.29024152
v -0.40967948 -0.60580805 -0.29024152
v -0.44483949 -0.60580805 -0.29024152
v -0.46436948 -0.53944805 0.26838847
v -0.46045948 -0.53944805 0.26838847
v -0.39893911 -0.61456561 -0.26492231
v -0.23548969 -0.35406213 -0.35179308
v -0.40967948 -0.37542805 0.98322847
v -0.40967948 -0.60580805 0.80739846
v -0.40967948 -0.60577807 0.80744847
v -0.41358949 -0.60577807 0.80744847
v -0.48389948 -0.50815806 0.93858846
v -0.41358949 -0.09018806 0.05749848
v -0.41748948 -0.09018806 0.05749848
v -0.45264948 -0.57455805 0.86220851
v -0.47217948 -0.49643806 -0.46208153
v -0.42139948 -0.49644807 -0.46207152
v -0.44821304 -0.61187837 -0.27269936
v -0.47998948 -0.50424805 0.94023850
v -0.44873948 -0.57455805 0.86220851
v -0.46827949 -0.49643806 -0.46208153
v -0.44873948 -0.53944805 0.26838847
v -0.46436948 -0.49643806 -0.46208153
v -0.46045948 -0.49644807 -0.46207152
v -0.44092948 -0.60582808 -0.29019151
v -0.43702949 -0.60582808 -0.29019151
v -0.47998948 -0.50418809 0.94026848
v -0.45264948 -0.37534806 0.98321845
v -0.38233949 -0.60577807 0.80744847
v -0.38233949 -0.60580805 0.80739846
v -0.37842948 -0.60580805 0.80739846
v -0.44873948 -0.49643806 -0.46208153
v -0.44873948 -0.49644807 -0.46207152
v -0.46827949 -0.16440806 0.86206850
v -0.46436948 -0.16440806 0.86206850
v -0.46436948 -0.37534806 0.98321845
v -0.45655949 -0.49643806 -0.46208153
v -0.45264948 -0.49643806 -0.46208153
v -0.45264948 -0.49644807 -0.46207152
v -0.48780949 -0.22690806 -0.55587153
v -0.46827949 -0.19955806 0.31127848
v -0.43702949 -0.49643806 -0.46208153
v -0.44092948 -0.49643806 -0.46208153
v -0.06202949 0.24574193 0.26447847
v -0.06592949 0.24574193 0.26447847
v -0.44092948 -0.37542805 0.98322847
v -0.44092948 -0.53944805 0.26838847
v -0.44483949 -0.53944805 0.26838847
v -0.49561948 -0.16446806 0.86213847
v -0.43702949 -0.49644807 -0.46207152
v -0.48400227 -0.23081239 -0.55630195
v -0.48389948 -0.22690806 -0.55587153
v -0.05030949 0.53867194 -0.94644151
v -0.04931949 0.53871194 -0.94254152
v -0.42606873 -0.21326426 -0.54916227
v -0.34327949 -0.60577807 0.80744847
v -0.34327949 -0.60580805 0.80739846
v -0.33936948 -0.60580805 0.80739846
v -0.58295261 -0.29720864 -0.52336148
v -0.44542905 -0.42584091 0.25537546
v -0.45264948 -0.22690806 -0.55587153
v -0.45655949 -0.22690806 -0.55587153
v -0.45655949 -0.22679806 -0.55582152
v -0.44873948 -0.37534806 0.98321845
v -0.44483949 -0.37542805 0.98322847
v -0.47217948 -0.16446806 0.86213847
v -0.47608949 -0.16440806 0.86206850
v -0.43702949 -0.53944805 0.26838847
v -0.46827949 -0.11751806 0.15510847
v -0.07373949 0.24574193 0.26447847
v -0.06592949 0.24741194 0.27229848
v -0.44483949 -0.19940805 0.31135847
v -0.49561948 -0.09017806 0.05744848
v -0.45655949 -0.19955806 0.31127848
v -0.44483949 -0.22690806 -0.55587153
v -0.44873948 -0.22690806 -0.55587153
v -0.44873948 -0.22679806 -0.55582152
v -0.47608949 -0.17612806 0.54183849
v -0.47608949 -0.17612806 0.54182847
v -0.47217948 -0.17612806 0.54182847
v -0.44873948 -0.60582808 -0.29019151
v -0.49170948 -0.17612806 0.54182847
v -0.47998948 -0.16049807 0.85825851
v -0.47998948 -0.16440806 0.86206850
v -0.48780949 -0.09017806 0.05744848
v -0.07373949 0.23402193 0.20974848
v -0.07764949 0.23403195 0.20979848
v -0.43311948 -0.40257806 0.98322847
v -0.42920948 -0.40268806 0.98318847
v -0.42920948 -0.40257806 0.98322847
v -0.48780949 -0.17612806 0.54182847
v -0.48780949 -0.17612806 0.54183849
v -0.49170948 -0.17612806 0.54183849
v -0.47608949 -0.16047805 0.85822847
v -0.47998948 -0.16047805 0.85822847
v -0.48389948 -0.16049807 0.85825851
v -0.44092948 -0.19955806 0.31127848
v -0.48389948 -0.16440806 0.86206850
v -0.49879166 -0.17826766 0.57499876
v -0.48389948 -0.16446806 0.86213847
v -0.40530639 -0.41826966 0.97658580
v -0.42384073 -0.23080806 -0.55630151
v -0.46045948 -0.16446806 0.86213847
v -0.46436948 -0.16446806 0.86213847
v -0.47998948 -0.16446806 0.86213847
v -0.47217948 -0.17612806 0.54183849
v -0.46045948 -0.22679806 -0.55582152
v -0.46436948 -0.16049807 0.85825851
v -0.46436948 -0.16047805 0.85822847
v -0.44093198 -0.17129181 0.86880099
v -0.47217948 -0.16440806 0.86206850
v -0.47608949 -0.16049807 0.85825851
v -0.45264948 -0.22679806 -0.55582152
v -0.44483949 -0.17612806 0.54183849
v -0.44092948 -0.17612806 0.54183849
v -0.49170948 -0.09017806 0.05744848
v -0.48389948 -0.17612806 0.54182847
v -0.47998948 -0.17612806 0.54182847
v -0.48389948 -0.17612806 0.54183849
v -0.47998948 -0.17612806 0.54183849
v -0.46827949 -0.17612806 0.54183849
v -0.07960449 0.54650694 0.38551348
v -0.46045948 -0.22690806 -0.55587153
v -0.44873948 -0.16047805 0.85822847
v -0.45264948 -0.16047805 0.85822847
v -0.44483949 -0.16049807 0.85825851
v -0.44092948 -0.16440806 0.86206850
v -0.44092948 -0.16049807 0.85825851
v -0.44483949 -0.16047805 0.85822847
v -0.46827949 -0.16446806 0.86213847
v -0.30811948 -0.50418809 0.94026848
v -0.31202949 -0.50418809 0.94026848
v -0.30811948 -0.50424805 0.94023850
v -0.47217948 -0.16049807 0.85825851
v -0.42139948 -0.60580805 -0.29024152
v -0.40186948 -0.57455805 0.86220851
v -0.39795948 -0.57460806 0.86213847
v -0.39795948 -0.57455805 0.86220851
v -0.41748948 -0.11751806 0.15510847
v -0.43702949 -0.16049807 0.85825851
v -0.43311948 -0.16440806 0.86206850
v -0.43311948 -0.16049807 0.85825851
v -0.43702949 -0.16047805 0.85822847
v -0.49390267 -0.22639105 0.30551937
v -0.46436948 -0.49644807 -0.46207152
v -0.47217948 -0.09017806 0.05744848
v -0.42920948 -0.49644807 -0.46207152
v -0.44092948 -0.11752806 0.15514848
v -0.44483949 -0.11752806 0.15514848
v -0.44483949 -0.11751806 0.15510847
v -0.46045948 -0.16440806 0.86206850
v -0.46045948 -0.16049807 0.85825851
v -0.44849948 -0.15654556 0.85439037
v -0.46827949 -0.11752806 0.15514848
v -0.47217948 -0.09018806 0.05749848
v -0.44873948 0.02307194 -0.13785152
v -0.45264948 0.02308194 -0.13792152
v -0.40967948 -0.09017806 0.05744848
v -0.46827949 -0.09018806 0.05749848
v -0.44873948 -0.17612806 0.54182847
v -0.44483949 -0.17612806 0.54182847
v -0.44873948 -0.17612806 0.54183849
v -0.46436948 -0.09018806 0.05749848
v -0.46436948 -0.09017806 0.05744848
v -0.46045948 -0.09018806 0.05749848
v -0.46045948 0.02308194 -0.13792152
v -0.46436948 0.02308194 -0.13792152
v -0.46045948 0.02307194 -0.13785152
v -0.56272856 -0.41013248 -0.44601823
v -0.48780949 -0.11751806 0.15510847
v -0.44483949 -0.09017806 0.05744848
v -0.47217948 0.02307194 -0.13785152
v -0.49170948 0.02308194 -0.13792152
v -0.47608949 0.02307194 -0.13785152
v -0.47998948 0.02307194 -0.13785152
v -0.44092948 -0.09017806 0.05744848
v -0.43702949 -0.09017806 0.05744848
v -0.43702949 -0.09018806 0.05749848
v -0.44873948 -0.53940806 0.26841848
v -0.44483949 -0.53940806 0.26841848
v -0.38623948 0.02308194 -0.13792152
v -0.46827949 -0.09017806 0.05744848
v -0.45264948 -0.11751806 0.15510847
v -0.45655949 -0.11751806 0.15510847
v -0.46045948 -0.11751806 0.15510847
v -0.45655949 -0.11752806 0.15514848
v -0.42530949 -0.11751806 0.15510847
v -0.42139948 -0.11752806 0.15514848
v -0.42530949 -0.11752806 0.15514848
v -0.43311948 -0.53940806 0.26841848
v -0.49561948 0.02307194 -0.13785152
v -0.40967948 -0.53944805 0.26838847
v -0.41358949 -0.53944805 0.26838847
v -0.44483949 -0.09018806 0.05749848
v -0.44092948 -0.09018806 0.05749848
v -0.44483949 0.02308194 -0.13792152
v -0.44483949 0.02307194 -0.13785152
v -0.45264948 -0.11752806 0.15514848
v -0.46821591 0.03086270 -0.17314451
v -0.43702949 -0.60580805 0.80739846
v -0.43311948 -0.60580805 0.80739846
v -0.60497724 -0.56682470 -0.04775183
v -0.42920948 -0.60580805 0.80739846
v -0.40577949 -0.53944805 0.26838847
v -0.40577949 -0.60580805 0.80739846
v -0.40577949 -0.60577807 0.80744847
v -0.44483949 -0.57460806 0.86213847
v -0.44092948 -0.60580805 0.80739846
v -0.44092948 -0.60577807 0.80744847
v -0.44873948 -0.57460806 0.86213847
v -0.39405949 -0.60577807 0.80744847
v -0.39405949 -0.60580805 0.80739846
v -0.39014948 -0.60580805 0.80739846
v -0.43311948 -0.60577807 0.80744847
v -0.42530949 -0.57455805 0.86220851
v -0.42139948 -0.57455805 0.86220851
v -0.45655949 -0.49644807 -0.46207152
v -0.46045948 -0.49643806 -0.46208153
v -0.41748948 -0.60577807 0.80744847
v -0.41748948 -0.60580805 0.80739846
v -0.41358949 -0.60580805 0.80739846
v -0.43702949 -0.60577807 0.80744847
v -0.41748948 -0.53944805 0.26838847
v -0.41748948 -0.53940806 0.26841848
v -0.42139948 -0.53940806 0.26841848
v -0.33155949 -0.60582808 -0.29019151
v -0.33545948 -0.60582808 -0.29019151
v -0.43311948 -0.49644807 -0.46207152
v -0.39546734 -0.55737001 0.25494893
v -0.42139948 -0.60580805 0.80739846
v -0.44483949 -0.49643806 -0.46208153
v -0.25182463 -0.40404908 0.24898240
v -0.36280949 -0.57455805 0.86220851
v -0.35889948 -0.57460806 0.86213847
v -0.35889948 -0.57455805 0.86220851
v -0.42139948 -0.57460806 0.86213847
v -0.44873948 -0.16446806 0.86213847
v -0.39992009 -0.58411090 0.84545675
v -0.42920948 -0.53944805 0.26838847
v -0.43311948 -0.53944805 0.26838847
v -0.44079825 -0.52544817 -0.43752427
v -0.39405949 -0.50418809 0.94026848
v -0.39014948 -0.50424805 0.94023850
v -0.43311948 -0.16446806 0.86213847
v -0.40967948 -0.49644807 -0.46207152
v -0.40967948 -0.37534806 0.98321845
v -0.42920948 -0.57460806 0.86213847
v -0.42530949 -0.57460806 0.86213847
v -0.42920948 -0.57455805 0.86220851
v -0.41748948 -0.57455805 0.86220851
v -0.40982685 -0.45563921 -0.49664988
v -0.43311948 -0.57460806 0.86213847
v -0.43311948 -0.57455805 0.86220851
v -0.38623948 -0.37534806 0.98321845
v -0.41358949 -0.49644807 -0.46207152
v -0.41748948 -0.49644807 -0.46207152
v -0.41748948 -0.49643806 -0.46208153
v -0.46436948 -0.37542805 0.98322847
v -0.40967948 -0.57460806 0.86213847
v -0.40577949 -0.57460806 0.86213847
v -0.40967948 -0.57455805 0.86220851
v -0.47487218 -0.39402917 0.98662498
v -0.43311948 -0.41823807 0.24494848
v -0.45121432 -0.17506071 0.32530218
v -0.44092948 -0.41823807 0.24494848
v -0.46045948 -0.37542805 0.98322847
v -0.45655949 -0.37542805 0.98322847
v -0.43311948 -0.37534806 0.98321845
v -0.44144202 -0.42083263 0.97558977
v -0.41748948 -0.37542805 0.98322847
v -0.41358949 -0.37542805 0.98322847
v -0.44873948 -0.37542805 0.98322847
v -0.42530949 -0.40268806 0.98318847
v -0.43311948 -0.22690806 -0.55587153
v -0.41358949 -0.37534806 0.98321845
v -0.45655949 -0.17612806 0.54182847
v -0.45264948 -0.17612806 0.54182847
v -0.45655949 -0.17612806 0.54183849
v -0.45655949 -0.37534806 0.98321845
v -0.45264948 -0.37542805 0.98322847
v -0.42530949 -0.49644807 -0.46207152
v -0.42530949 -0.49643806 -0.46208153
v -0.41748948 -0.37534806 0.98321845
v -0.41358949 -0.49643806 -0.46208153
v -0.44519307 -0.23081041 -0.55630177
v -0.45191100 -0.56432664 0.24884938
v -0.43702949 -0.41823807 0.24494848
v -0.40577949 -0.60580805 -0.29024152
v -0.41748948 -0.22679806 -0.55582152
v -0.42139948 -0.22679806 -0.55582152
v -0.46045948 -0.37534806 0.98321845
v -0.42909764 -0.41826768 0.24499505
v -0.46436948 -0.19940805 0.31135847
v -0.43311948 -0.41830805 0.24505848
v -0.41358949 -0.22690806 -0.55587153
v -0.41748948 -0.22690806 -0.55587153
v -0.34717948 -0.53940806 0.26841848
v -0.35108949 -0.53940806 0.26841848
v -0.34717948 -0.53944805 0.26838847
v -0.45264948 -0.19955806 0.31127848
v -0.42920948 -0.16446806 0.86213847
v -0.45655949 -0.19940805 0.31135847
v -0.45264948 -0.19940805 0.31135847
v -0.46045948 -0.19940805 0.31135847
v -0.08173012 0.63197666 0.13980963
v -0.06592949 0.54651191 0.38549199
v -0.08207290 0.55071293 0.36587144
v -0.43311948 -0.22679806 -0.55582152
v -0.45655949 -0.16047805 0.85822847
v -0.46045948 -0.19955806 0.31127848
v -0.44092948 -0.19940805 0.31135847
v -0.40577949 -0.37542805 0.98322847
v -0.41358949 -0.17612806 0.54183849
v -0.41748948 -0.17612806 0.54183849
v -0.41358949 -0.17612806 0.54182847
v -0.44092948 -0.16446806 0.86213847
v -0.44483949 -0.16446806 0.86213847
v -0.44483949 -0.16440806 0.86206850
v -0.42139948 -0.22690806 -0.55587153
v -0.46045948 -0.16047805 0.85822847
v -0.46436948 -0.19955806 0.31127848
v -0.42920948 -0.22690806 -0.55587153
v -0.42530949 -0.16446806 0.86213847
v -0.42920948 -0.16440806 0.86206850
v -0.43702949 -0.17612806 0.54182847
v -0.43702949 -0.17612806 0.54183849
v -0.41114450 -0.09359389 0.06966091
v -0.60828194 -0.10092855 0.41566421
v -0.41358949 -0.16049807 0.85825851
v -0.40967948 -0.16440806 0.86206850
v -0.40967948 -0.16049807 0.85825851
v -0.41358949 -0.16047805 0.85822847
v -0.40577949 -0.11752806 0.15514848
v -0.42920948 -0.22679806 -0.55582152
v -0.46045948 -0.11752806 0.15514848
v -0.43702949 -0.19955806 0.31127848
v -0.43702949 -0.19940805 0.31135847
v -0.45264948 -0.16440806 0.86206850
v -0.45655949 -0.16440806 0.86206850
v -0.45264948 -0.16446806 0.86213847
v -0.45655949 -0.16446806 0.86213847
v -0.42133679 -0.08608877 0.81064437
v -0.39014948 -0.12142816 0.15488156
v -0.44092948 -0.11751806 0.15510847
v -0.40967948 -0.19940805 0.31135847
v -0.46045948 -0.17612806 0.54182847
v -0.42920948 -0.19955806 0.31127848
v -0.42530949 -0.19955806 0.31127848
v -0.42920948 -0.19940805 0.31135847
v -0.46436948 -0.11752806 0.15514848
v -0.45264948 -0.17612806 0.54183849
v -0.44873948 -0.16440806 0.86206850
v -0.46436948 -0.17612806 0.54183849
v -0.46045948 -0.17612806 0.54183849
v -0.44092948 -0.17612806 0.54182847
v -0.44910183 -0.17883779 0.58376313
v -0.42139948 -0.16446806 0.86213847
v -0.42530949 -0.16440806 0.86206850
v -0.42139948 -0.17612806 0.54182847
v -0.41748948 -0.17612806 0.54182847
v -0.42139948 -0.17612806 0.54183849
v -0.43702949 -0.16440806 0.86206850
v -0.40186948 -0.19955806 0.31127848
v -0.40382449 -0.19940805 0.31135847
v -0.39795948 -0.19955806 0.31127848
v -0.43311948 -0.19955806 0.31127848
v -0.45655949 -0.16049807 0.85825851
v -0.44873948 -0.16049807 0.85825851
v -0.41358949 0.02307194 -0.13785152
v -0.45264948 -0.16049807 0.85825851
v -0.41358698 -0.15250806 0.85041847
v -0.43702949 -0.16446806 0.86213847
v -0.44092948 -0.16047805 0.85822847
v -0.38623948 -0.09017806 0.05744848
v -0.39014948 -0.09017806 0.05744848
v -0.40500893 -0.17355208 0.87100354
v -0.42139948 -0.16047805 0.85822847
v -0.42530949 -0.16047805 0.85822847
v -0.42111781 -0.10977354 0.12744813
v -0.42076314 -0.12130240 0.15488374
v -0.42920948 -0.09017806 0.05744848
v -0.40577949 -0.08627806 0.81124850
v -0.43702949 -0.11752806 0.15514848
v -0.40577949 -0.08630806 0.81135847
v -0.41748948 -0.11752806 0.15514848
v -0.42139948 -0.11751806 0.15510847
v -0.46045948 -0.09017806 0.05744848
v -0.44873948 -0.11752806 0.15514848
v -0.44873948 -0.11751806 0.15510847
v -0.24420005 -0.28054376 0.10322207
v -0.42943357 -0.07814175 0.01444746
v -0.44873948 0.02308194 -0.13792152
v -0.46436948 -0.11751806 0.15510847
v -0.42668620 -0.05063983 0.82882977
v -0.47033810 -0.12734851 0.13796841
v -0.42530949 -0.53944805 0.26838847
v -0.42530949 -0.53940806 0.26841848
v -0.42920948 -0.53940806 0.26841848
v -0.43702949 0.02308194 -0.13792152
v -0.46436948 0.02307194 -0.13785152
v -0.24389273 0.22911822 -0.43409094
v -0.40577949 0.02307194 -0.13785152
v -0.34717948 0.02307194 -0.13785152
v -0.35108949 0.02307194 -0.13785152
v -0.42920948 0.02307194 -0.13785152
v -0.39795948 -0.53940806 0.26841848
v -0.39795948 -0.60577807 0.80744847
v -0.41358949 -0.60582808 -0.29019151
v -0.40967948 -0.60582808 -0.29019151
v -0.39131089 -0.53386525 0.27211004
v -0.40577949 -0.53940806 0.26841848
v -0.42139948 -0.53944805 0.26838847
v -0.38623948 -0.53944805 0.26838847
v -0.39014948 -0.53940806 0.26841848
v -0.39014948 -0.53944805 0.26838847
v -0.41748948 -0.57460806 0.86213847
v -0.41748948 -0.60580805 -0.29024152
v -0.39795948 -0.49643806 -0.46208153
v -0.39405949 -0.49643806 -0.46208153
v -0.39405949 -0.49644807 -0.46207152
v -0.38623948 -0.60580805 0.80739846
v -0.42139948 -0.37542805 0.98322847
v -0.38623948 -0.49643806 -0.46208153
v -0.39014948 -0.49643806 -0.46208153
v -0.38623948 -0.49644807 -0.46207152
v -0.38623948 -0.53940806 0.26841848
v -0.38623948 -0.57455805 0.86220851
v -0.38233949 -0.57455805 0.86220851
v -0.34212240 -0.59265132 0.83047753
v -0.37842948 -0.53944805 0.26838847
v -0.38233949 -0.53940806 0.26841848
v -0.38233949 -0.53944805 0.26838847
v -0.41748948 -0.60582808 -0.29019151
v 0.28172051 -0.57460806 0.86213847
v 0.27781050 -0.57455805 0.86220851
v 0.25404770 -0.57846646 0.85554156
v -0.39014948 -0.60577807 0.80744847
v -0.29248915 -0.50419836 0.94026334
v -0.37842948 -0.60577807 0.80744847
v -0.37452949 -0.60580805 0.80739846
v -0.42139948 -0.49643806 -0.46208153
v -0.24899818 -0.34405521 -0.55467763
v -0.41358949 -0.57460806 0.86213847
v -0.41358949 -0.57455805 0.86220851
v -0.38623948 -0.60577807 0.80744847
v -0.40186948 -0.60577807 0.80744847
v -0.40186948 -0.60580805 0.80739846
v -0.39795948 -0.60580805 0.80739846
v -0.40577949 -0.60582808 -0.29019151
v -0.40186948 -0.37534806 0.98321845
v -0.39795948 -0.37534806 0.98321845
v -0.39795948 -0.37542805 0.98322847
v -0.28467948 -0.57460806 0.86213847
v -0.28858949 -0.57460806 0.86213847
v -0.42633253 -0.59767230 0.82167240
v -0.40577949 -0.57455805 0.86220851
v -0.39405949 -0.57460806 0.86213847
v -0.33545948 -0.50418809 0.94026848
v -0.33155949 -0.50418809 0.94026848
v -0.39014948 -0.50815806 0.93858846
v -0.43311948 -0.49643806 -0.46208153
v -0.42920948 -0.49643806 -0.46208153
v -0.36670948 -0.60580805 -0.29024152
v -0.36280949 -0.60580805 -0.29024152
v -0.35108949 -0.49644807 -0.46207152
v -0.35108949 -0.49643806 -0.46208153
v -0.34717948 -0.49644807 -0.46207152
v -0.39640022 -0.49489415 0.94419093
v -0.40186948 -0.49643806 -0.46208153
v -0.40186948 -0.49644807 -0.46207152
v -0.42920948 -0.41830805 0.24505848
v -0.22998949 0.24574193 0.26448848
v -0.23780949 0.24825195 0.27619847
v -0.23389948 0.24574193 0.26448848
v -0.22998949 0.24574193 0.26447847
v -0.42239602 -0.40983161 0.23323309
v -0.40970373 -0.53830434 0.92555912
v -0.31202949 -0.50424805 0.94023850
v -0.31592948 -0.50424805 0.94023850
v -0.39405949 -0.57455805 0.86220851
v -0.39014948 -0.57460806 0.86213847
v -0.39014948 -0.57455805 0.86220851
v -0.36565363 -0.53380619 -0.43049339
v -0.31202949 -0.37534806 0.98321845
v -0.31592948 -0.37534806 0.98321845
v -0.42139948 -0.19955806 0.31127848
v -0.43702949 -0.41830805 0.24505848
v -0.40577949 -0.37534806 0.98321845
v -0.41358949 -0.40257806 0.98322847
v -0.40967948 -0.40257806 0.98322847
v -0.41748948 -0.40268806 0.98318847
v -0.42139948 -0.40268806 0.98318847
v -0.42920948 -0.37534806 0.98321845
v -0.42530949 -0.37534806 0.98321845
v -0.42530949 -0.37542805 0.98322847
v -0.40186948 -0.57460806 0.86213847
v -0.07764949 0.54652193 0.38544848
v -0.07178949 0.54650694 0.38551348
v -0.39405949 -0.53944805 0.26838847
v -0.39795948 -0.53944805 0.26838847
v -0.30420948 -0.50418809 0.94026848
v -0.40577949 -0.40268806 0.98318847
v -0.40577949 -0.40257806 0.98322847
v -0.42139948 -0.40257806 0.98322847
v -0.41748948 -0.40257806 0.98322847
v -0.41358949 -0.40268806 0.98318847
v -0.42139948 -0.37534806 0.98321845
v -0.42530949 -0.40257806 0.98322847
v -0.40967948 -0.40268806 0.98318847
v -0.42250774 -0.39405062 0.98666498
v -0.06983949 0.24574193 0.26447847
v -0.39795948 -0.60582808 -0.29019151
v -0.39795948 -0.60580805 -0.29024152
v -0.39405949 -0.60582808 -0.29019151
v -0.37842948 -0.40268806 0.98318847
v -0.38233949 -0.40268806 0.98318847
v -0.43311948 -0.19940805 0.31135847
v -0.09798290 0.24177367 0.24596851
v -0.25345265 -0.48957457 -0.46785825
v -0.40186948 -0.60582808 -0.29019151
v -0.40186948 -0.37542805 0.98322847
v -0.08155949 0.24574193 0.26447847
v -0.41358949 -0.22679806 -0.55582152
v -0.08155949 0.24825195 0.27619847
v -0.42000683 -0.31679129 0.97195319
v -0.56552144 -0.15779013 0.28617476
v -0.42530949 -0.19940805 0.31135847
v -0.39405949 -0.37542805 0.98322847
v -0.07373949 0.54649195 0.38557847
v -0.42530949 -0.22690806 -0.55587153
v -0.42530949 -0.22679806 -0.55582152
v -0.32373948 -0.37542805 0.98322847
v -0.32373948 -0.37534806 0.98321845
v -0.32764948 -0.37534806 0.98321845
v -0.39405949 -0.60580805 -0.29024152
v -0.40967948 -0.22679806 -0.55582152
v -0.40967948 -0.22690806 -0.55587153
v -0.32155786 -0.18344882 0.63700014
v -0.42139948 -0.19940805 0.31135847
v -0.14014948 0.26918194 0.37396847
v -0.40577949 -0.22679806 -0.55582152
v -0.29248948 -0.37542805 0.98322847
v -0.29248948 -0.37534806 0.98321845
v -0.29639948 -0.37534806 0.98321845
v -0.40577949 -0.22690806 -0.55587153
v -0.41748948 -0.19955806 0.31127848
v -0.41748948 -0.19940805 0.31135847
v -0.40967948 -0.16047805 0.85822847
v -0.41748948 -0.16047805 0.85822847
v -0.35498948 -0.37542805 0.98322847
v -0.35108949 -0.37542805 0.98322847
v -0.35498948 -0.37534806 0.98321845
v -0.42530949 -0.17612806 0.54182847
v -0.42920948 -0.17612806 0.54182847
v -0.41358949 -0.19940805 0.31135847
v -0.39795948 -0.08627806 0.81124850
v -0.40577949 -0.16049807 0.85825851
v -0.40186948 -0.16440806 0.86206850
v -0.40186948 -0.16049807 0.85825851
v -0.40577949 -0.16047805 0.85822847
v -0.41748948 -0.16049807 0.85825851
v -0.41358949 -0.16440806 0.86206850
v -0.40577949 -0.16440806 0.86206850
v -0.37493509 -0.07355135 -0.00809248
v -0.41358949 -0.19955806 0.31127848
v -0.40967948 -0.19955806 0.31127848
v -0.40577949 -0.19955806 0.31127848
v -0.43311948 -0.17612806 0.54182847
v -0.43311948 -0.17612806 0.54183849
v -0.41576216 -0.17869142 0.58150028
v -0.42530949 -0.16049807 0.85825851
v -0.42139948 -0.16440806 0.86206850
v -0.42139948 -0.16049807 0.85825851
v -0.42920948 -0.16049807 0.85825851
v -0.43311948 -0.16047805 0.85822847
v -0.42530949 -0.17612806 0.54183849
v -0.42920948 -0.17612806 0.54183849
v -0.22217950 0.24741194 0.27229848
v -0.22217950 0.24574193 0.26448848
v -0.21827949 0.24574193 0.26448848
v -0.21827949 0.24574193 0.26447847
v -0.39795948 0.02308194 -0.13792152
v -0.37842948 -0.17612806 0.54183849
v -0.38233949 -0.17612806 0.54183849
v -0.40967948 -0.17612806 0.54182847
v -0.41748948 -0.16440806 0.86206850
v -0.40186948 -0.17612806 0.54183849
v -0.39795948 -0.17612806 0.54182847
v -0.39795948 -0.17612806 0.54183849
v -0.40967948 -0.16446806 0.86213847
v -0.41358949 -0.16446806 0.86213847
v -0.42920948 -0.16047805 0.85822847
v -0.41748948 -0.16446806 0.86213847
v -0.40577949 -0.16446806 0.86213847
v -0.38623948 -0.16049807 0.85825851
v -0.38623948 -0.16440806 0.86206850
v -0.38233949 -0.16440806 0.86206850
v -0.43311948 0.02307194 -0.13785152
v -0.41748948 -0.09017806 0.05744848
v -0.40967948 -0.17612806 0.54183849
v -0.40577949 -0.17612806 0.54182847
v -0.38623948 -0.17612806 0.54183849
v -0.38233949 -0.17612806 0.54182847
v -0.40186948 -0.16047805 0.85822847
v -0.40577949 -0.17612806 0.54183849
v -0.40482194 -0.12140390 0.15488915
v -0.39405949 -0.09017806 0.05744848
v -0.39014948 -0.09018806 0.05749848
v -0.39405949 -0.09018806 0.05749848
v -0.40577949 -0.09017806 0.05744848
v -0.36280949 -0.60577807 0.80744847
v -0.41358949 -0.09017806 0.05744848
v -0.31164851 -0.17483147 0.32545404
v -0.33936948 -0.11751806 0.15510847
v -0.23780949 0.30433193 -0.44645152
v -0.23780949 0.30824193 -0.44645152
v -0.23780949 0.30433193 -0.44644151
v -0.39014948 -0.08630806 0.81135847
v -0.39405949 -0.08627806 0.81124850
v -0.24807323 0.47903948 -0.43040281
v -0.42388496 -0.07806317 0.77872162
v -0.39405949 -0.08237806 0.79572847
v -0.34617200 -0.51442594 0.28004232
v -0.29638950 0.31996194 0.28010847
v -0.29638950 0.31605193 0.28010847
v -0.29639948 0.31996194 0.28007849
v -0.30027948 0.47621194 -0.34879152
v -0.32459986 0.23751504 0.21861232
v -0.33568478 0.23097247 0.19404577
v -0.31989948 0.36683193 0.22932847
v -0.42394497 0.06747586 0.06688221
v -0.43488854 -0.09818426 0.08605455
v -0.30030949 0.53090194 -0.34875152
v -0.38623948 -0.57460806 0.86213847
v -0.23711956 0.22975495 -0.44580710
v -0.22158014 0.24168151 0.24553522
v -0.24952949 0.23403195 0.20979848
v -0.24561948 0.23402193 0.20974848
v -0.24561948 0.23403195 0.20979848
v -0.15577949 0.24574193 0.26447847
v -0.15967950 0.24574193 0.26447847
v -0.17530949 0.23402193 0.20974848
v -0.17139948 0.23402193 0.20974848
v -0.22633221 0.28187629 0.43030747
v -0.31439826 0.33777539 0.24119563
v -0.17530949 0.12854193 0.51447847
v -0.17530949 0.12855195 0.51442846
v -0.17920949 0.12855195 0.51442846
v -0.29072467 0.33167640 0.29232853
v -0.31983949 0.35902193 0.22944847
v -0.31989948 0.36293194 0.22932847
v -0.31986948 0.35706693 0.22938847
v -0.40186948 -0.60580805 -0.29024152
v -0.32373948 0.06996194 0.01052848
v -0.32764948 0.06996194 0.01057848
v -0.32764948 0.06996194 0.01052848
v -0.37842948 0.06996194 0.01057848
v -0.37452949 0.06996194 0.01052848
v -0.37452949 0.06996194 0.01057848
v -0.26905949 0.23402193 0.20974848
v -0.27295948 0.23402193 0.20974848
v -0.32373948 -0.53940806 0.26841848
v -0.31983949 -0.53940806 0.26841848
v -0.23780949 0.39418194 -0.44644151
v -0.23780949 0.39808193 -0.44644151
v -0.23780949 0.39808193 -0.44645152
v -0.17530949 0.27308193 -0.54415152
v -0.37452949 0.13636194 0.04546848
v -0.37061987 0.13635194 0.04572848
v -0.19483949 0.24574193 0.26447847
v -0.29638950 0.47621194 0.28010847
v -0.16748949 0.23402193 0.20974848
v -0.16358949 0.23402193 0.20974848
v -0.16748949 0.23403195 0.20979848
v -0.26514948 0.32972693 -0.40370152
v -0.19092950 0.24741194 0.27229848
v -0.26176451 0.22750232 0.17930516
v -0.31989948 0.27308193 0.22932847
v -0.24170949 0.23402193 0.20974848
v -0.23780949 0.23402193 0.20974848
v -0.24170949 0.23403195 0.20979848
v -0.23780949 0.33558193 -0.44644151
v -0.23780949 0.33168194 -0.44644151
v -0.31983949 0.06996194 0.01052848
v -0.32373948 0.06996194 0.01057848
v -0.17388730 0.26914032 0.37381185
v -0.21436948 0.25746194 0.31922849
v -0.21045949 0.25744194 0.31916847
v -0.21045949 0.25746194 0.31922849
v -0.22217950 0.24574193 0.26447847
v -0.22608949 0.24574193 0.26447847
v -0.11670949 0.16371194 0.39342847
v -0.11280949 0.16371194 0.39342847
v -0.32595675 0.32567673 0.21623000
v -0.26518725 0.34357201 -0.40364510
v -0.31982331 0.38760729 0.22947987
v -0.30027948 0.34340194 -0.34879152
v -0.43067740 0.11077799 -0.00129014
v -0.30027948 0.32386193 -0.34879152
v -0.30027948 0.31996194 -0.34879152
v -0.30030949 0.32386193 -0.34875152
v -0.37857576 0.13635789 0.04557540
v -0.39044521 0.07022031 0.00534853
v -0.38623948 0.06996194 0.01052848
v -0.29639948 0.30043194 0.28007849
v -0.29639948 0.30433193 0.28007849
v -0.30027948 0.45277193 -0.34879152
v -0.30030949 0.45277193 -0.34875152
v -0.30030949 0.45668194 -0.34875152
v -0.31983008 0.49886109 0.22946952
v -0.31983949 0.49965194 0.22944847
v -0.31989948 0.49965194 0.22932847
v -0.23780949 0.39418194 -0.44645152
v -0.18417538 0.56560493 -0.40501407
v -0.23780949 0.39027193 -0.44645152
v -0.23780949 0.39027193 -0.44644151
v -0.34327949 -0.53944805 0.26838847
v -0.38233949 -0.57460806 0.86213847
v -0.37842948 -0.53940806 0.26841848
v -0.09717949 0.16372193 0.39338847
v -0.39795948 -0.49644807 -0.46207152
v -0.39014948 -0.60582808 -0.29019151
v -0.37452949 -0.60577807 0.80744847
v -0.40186948 -0.53944805 0.26838847
v -0.37061948 -0.60580805 0.80739846
v -0.37061948 -0.60577807 0.80744847
v -0.35883846 -0.55536618 0.25675912
v -0.39405949 -0.53940806 0.26841848
v -0.32764948 -0.60582808 -0.29019151
v -0.37452949 -0.57455805 0.86220851
v -0.37452949 -0.57460806 0.86213847
v -0.37061948 -0.57460806 0.86213847
v -0.30030949 -0.57455805 0.86220851
v -0.30420948 -0.57455805 0.86220851
v -0.39014948 -0.60580805 -0.29024152
v -0.36670948 -0.60580805 0.80739846
v -0.36280949 -0.60580805 0.80739846
v -0.35100486 -0.59320085 -0.32672152
v -0.30481611 -0.59281940 0.83018064
v -0.38623948 -0.60582808 -0.29019151
v -0.31983949 -0.60580805 -0.29024152
v -0.31592948 -0.60580805 -0.29024152
v -0.39014948 -0.49644807 -0.46207152
v -0.37452949 -0.53940806 0.26841848
v -0.37061948 -0.49643806 -0.46208153
v -0.36670948 -0.49644807 -0.46207152
v -0.37061948 -0.49644807 -0.46207152
v -0.32764948 -0.50424805 0.94023850
v -0.33155949 -0.50424805 0.94023850
v -0.37842948 -0.57460806 0.86213847
v -0.37842948 -0.57455805 0.86220851
v -0.34717948 -0.60577807 0.80744847
v -0.36670948 -0.53944805 0.26838847
v -0.37061948 -0.53944805 0.26838847
v -0.36280949 -0.53940806 0.26841848
v -0.36670948 -0.53940806 0.26841848
v -0.36280949 -0.53944805 0.26838847
v -0.36670948 -0.60577807 0.80744847
v -0.32303167 -0.61571312 -0.26160884
v -0.29639948 -0.60582808 -0.29019151
v -0.29248948 -0.60582808 -0.29019151
v -0.32764948 -0.60577807 0.80744847
v -0.32764948 -0.60580805 0.80739846
v -0.32373948 -0.60580805 0.80739846
v -0.30030949 -0.37534806 0.98321845
v -0.18702949 -0.31674805 0.87775846
v -0.18702949 -0.31672805 0.87776848
v -0.19092950 -0.31672805 0.87776848
v -0.37452949 -0.49643806 -0.46208153
v -0.15577944 -0.31675640 0.87775555
v -0.15577949 -0.31672805 0.87776848
v -0.15967950 -0.31672805 0.87776848
v -0.31202949 -0.60580805 0.80739846
v -0.31202949 -0.60577807 0.80744847
v -0.31592948 -0.60577807 0.80744847
v -0.40278930 -0.53805718 0.92578917
v -0.34327949 -0.50424805 0.94023850
v -0.29639948 -0.50424805 0.94023850
v -0.30030949 -0.50424805 0.94023850
v -0.29639948 -0.50815806 0.93858846
v -0.28077949 -0.57460806 0.86213847
v -0.38233949 -0.49643806 -0.46208153
v -0.30811948 -0.49643806 -0.46208153
v -0.38233949 -0.49644807 -0.46207152
v -0.39405949 -0.50422625 0.94024940
v -0.35108949 -0.50424805 0.94023850
v -0.34717948 -0.50424805 0.94023850
v -0.38233949 -0.37534806 0.98321845
v -0.39405949 -0.37534806 0.98321845
v -0.39014948 -0.37534806 0.98321845
v -0.39014948 -0.37542805 0.98322847
v -0.37452949 -0.50418809 0.94026848
v -0.35108949 -0.57460806 0.86213847
v -0.34717948 -0.57460806 0.86213847
v -0.35108949 -0.57455805 0.86220851
v -0.37842948 -0.49643806 -0.46208153
v -0.37842948 -0.49644807 -0.46207152
v -0.37452949 -0.49644807 -0.46207152
v -0.40186948 -0.40257806 0.98322847
v -0.35498948 -0.50418809 0.94026848
v -0.35498948 -0.50424805 0.94023850
v -0.33014671 -0.56345510 0.24873193
v -0.35108949 -0.50418809 0.94026848
v -0.36280949 -0.40268806 0.98318847
v -0.36670948 -0.40257806 0.98322847
v -0.36670948 -0.40268806 0.98318847
v -0.39405949 -0.40268806 0.98318847
v -0.39405949 -0.40257806 0.98322847
v -0.39795948 -0.40257806 0.98322847
v -0.39014948 -0.40257806 0.98322847
v -0.38623948 -0.40257806 0.98322847
v 0.29343050 -0.55893806 0.24501847
v 0.29734050 -0.55901805 0.24494848
v 0.29734050 -0.55893806 0.24501847
v -0.37452949 -0.40257806 0.98322847
v -0.37842948 -0.40257806 0.98322847
v -0.37452949 -0.40268806 0.98318847
v -0.39014948 -0.40268806 0.98318847
v -0.38233949 -0.40257806 0.98322847
v -0.34241061 -0.48660434 -0.47040982
v -0.38233949 -0.37542805 0.98322847
v -0.37842948 -0.37542805 0.98322847
v -0.38623948 -0.37542805 0.98322847
v -0.39795948 -0.40268806 0.98318847
v -0.37452949 -0.37542805 0.98322847
v -0.36280949 -0.40257806 0.98322847
v -0.40186948 -0.40268806 0.98318847
v -0.37061948 -0.40257806 0.98322847
v -0.34327949 -0.49644807 -0.46207152
v -0.35198099 -0.41614266 0.97749277
v -0.37842948 -0.37534806 0.98321845
v -0.37452949 -0.37534806 0.98321845
v -0.21045949 -0.30112806 -0.39960153
v -0.37061948 -0.37534806 0.98321845
v -0.38623948 -0.40268806 0.98318847
v -0.23518418 -0.28746437 -0.41156481
v -0.55677022 -0.37116625 -0.46361253
v -0.33936948 -0.60577807 0.80744847
v -0.35499301 -0.19955454 0.31127940
v -0.38623948 -0.60580805 -0.29024152
v -0.35498948 -0.57460806 0.86213847
v -0.35498948 -0.57455805 0.86220851
v -0.39405949 -0.22690806 -0.55587153
v -0.21827949 0.23402193 0.20974848
v -0.22217950 0.23402193 0.20974848
v -0.35889948 -0.40257806 0.98322847
v -0.35498948 -0.40257806 0.98322847
v -0.37244568 -0.22078252 -0.55281411
v -0.34717948 -0.60580805 0.80739846
v -0.40186948 -0.22690806 -0.55587153
v -0.40186948 -0.22679806 -0.55582152
v -0.39795948 -0.22690806 -0.55587153
v -0.39795948 -0.22679806 -0.55582152
v -0.07520824 -0.17221805 -0.51465152
v -0.35889948 -0.37534806 0.98321845
v -0.40793592 -0.23070577 -0.55624913
v -0.42686015 -0.22742084 0.30532525
v -0.39795948 -0.16049807 0.85825851
v -0.39795948 -0.16047805 0.85822847
v -0.35889948 -0.50418809 0.94026848
v -0.29639948 -0.37542805 0.98322847
v -0.02686949 -0.31674805 0.87775846
v -0.02295949 -0.31674805 0.87775846
v -0.02686949 -0.31672805 0.87776848
v -0.31593100 -0.53819991 0.92576757
v -0.39014948 -0.16446806 0.86213847
v -0.21045949 0.26915193 0.37385847
v -0.41410331 -0.17169838 0.46684736
v -0.40186948 -0.17612806 0.54182847
v -0.39405949 -0.11752806 0.15514848
v -0.39014948 -0.17612806 0.54183849
v -0.38623948 -0.17612806 0.54182847
v -0.39405949 -0.17612806 0.54183849
v -0.39014948 -0.17612806 0.54182847
v -0.39405949 -0.17612806 0.54182847
v -0.38233949 -0.09017806 0.05744848
v -0.40186948 -0.11752806 0.15514848
v -0.37061948 -0.57455805 0.86220851
v -0.36670948 -0.57460806 0.86213847
v -0.36670948 -0.57455805 0.86220851
v -0.37842948 -0.17612806 0.54182847
v -0.37452949 -0.17612806 0.54182847
v -0.38623948 -0.16446806 0.86213847
v -0.39014948 -0.16440806 0.86206850
v -0.32764948 -0.57455805 0.86220851
v -0.32373948 -0.57460806 0.86213847
v -0.32373948 -0.57455805 0.86220851
v -0.35889948 -0.50424805 0.94023850
v -0.39795948 -0.16446806 0.86213847
v -0.40186948 -0.16446806 0.86213847
v -0.37842948 -0.16049807 0.85825851
v -0.37452949 -0.16049807 0.85825851
v -0.37842948 -0.16047805 0.85822847
v -0.37452949 -0.16440806 0.86206850
v -0.39405949 -0.16047805 0.85822847
v -0.31592948 -0.50418809 0.94026848
v -0.31983949 -0.50418809 0.94026848
v -0.37452949 -0.16446806 0.86213847
v -0.37842948 -0.16446806 0.86213847
v -0.37842948 -0.16440806 0.86206850
v -0.38623948 -0.08627806 0.81124850
v -0.39014948 -0.08627806 0.81124850
v -0.39014948 -0.11752806 0.15514848
v -0.38623948 -0.11752806 0.15514848
v -0.40186948 0.02308194 -0.13792152
v -0.40577949 0.02308194 -0.13792152
v -0.40186948 0.02307194 -0.13785152
v -0.39795948 -0.11752806 0.15514848
v -0.35108949 -0.60580805 0.80739846
v -0.38233949 -0.08627806 0.81124850
v -0.38233949 -0.08630806 0.81135847
v -0.38623948 -0.16047805 0.85822847
v -0.38233949 -0.16049807 0.85825851
v -0.38233949 -0.16047805 0.85822847
v -0.37452949 -0.17612806 0.54183849
v -0.33936948 -0.37534806 0.98321845
v -0.11573449 -0.24640056 0.88561598
v -0.37842948 -0.08630806 0.81135847
v -0.37842948 -0.08627806 0.81124850
v -0.39405949 -0.16049807 0.85825851
v -0.31592948 -0.57455805 0.86220851
v -0.34250745 -0.17896370 0.58574595
v -0.37452949 -0.16047805 0.85822847
v -0.37842948 -0.08237806 0.79569848
v -0.37452949 -0.08237806 0.79569848
v -0.37842948 -0.08237806 0.79572847
v -0.39014948 -0.16049807 0.85825851
v -0.39014948 -0.16047805 0.85822847
v -0.39014948 -0.08237806 0.79572847
v -0.38623948 -0.08237806 0.79572847
v -0.25294128 -0.11957653 0.15571249
v -0.40186948 -0.08627806 0.81124850
v -0.39795948 -0.08630806 0.81135847
v -0.37715383 -0.35781667 0.97984403
v -0.38233949 -0.16446806 0.86213847
v -0.37195161 -0.17099479 0.86852110
v -0.40186948 -0.09018806 0.05749848
v -0.17530949 0.26136193 -0.54415152
v -0.39405949 -0.11751806 0.15510847
v -0.38233949 -0.11752806 0.15514848
v -0.37842948 -0.11752806 0.15514848
v -0.38233949 -0.11751806 0.15510847
v -0.37452949 -0.11752806 0.15514848
v -0.38623948 -0.11751806 0.15510847
v -0.38233949 -0.08237806 0.79569848
v -0.38233949 -0.08237806 0.79572847
v -0.40186948 -0.08630806 0.81135847
v -0.23605706 -0.44151831 0.10746443
v -0.29639948 -0.50418809 0.94026848
v -0.30030949 -0.50418809 0.94026848
v -0.39014948 -0.08237806 0.79569848
v -0.38233949 -0.09018806 0.05749848
v -0.37452949 -0.08627806 0.81124850
v -0.36671323 -0.15250806 0.85041847
v -0.37452949 -0.08237806 0.79572847
v -0.38623948 -0.09018806 0.05749848
v -0.12842950 -0.30115807 -0.39957152
v -0.12452949 -0.30115807 -0.39957152
v -0.36670948 -0.11752806 0.15514848
v -0.35889948 -0.60580805 0.80739846
v -0.35889948 -0.60577807 0.80744847
v -0.38623948 -0.08237806 0.79569848
v -0.37452949 -0.08630806 0.81135847
v -0.36280949 0.06996194 0.01057848
v -0.35889948 0.06996194 0.01052848
v -0.35889948 0.06996194 0.01057848
v -0.28517970 -0.12147350 0.15488328
v -0.26514948 -0.12532806 0.14729848
v -0.35108949 -0.60580805 -0.29024152
v -0.35108949 -0.60582808 -0.29019151
v -0.35498948 -0.60580805 -0.29024152
v -0.39014948 -0.11751806 0.15510847
v -0.32178948 -0.19955806 0.31127848
v -0.31983949 -0.19940805 0.31135847
v -0.35889948 -0.09017806 0.05744848
v -0.35498948 -0.09017806 0.05744848
v -0.35498948 -0.09018806 0.05749848
v -0.39795948 -0.11751806 0.15510847
v -0.40186948 -0.11751806 0.15510847
v -0.33545948 -0.53944805 0.26838847
v -0.33936948 -0.53944805 0.26838847
v -0.35498948 -0.08237806 0.79569848
v -0.35498948 -0.08237806 0.79572847
v -0.34717948 -0.08041806 0.78791847
v -0.35108949 -0.08237806 0.79569848
v -0.34913448 -0.05891306 0.19034847
v -0.34717948 -0.08237806 0.79572847
v -0.34327949 -0.08237806 0.79569848
v -0.34327949 -0.08237806 0.79572847
v -0.35125250 0.06721559 0.06431477
v -0.37842948 -0.11751806 0.15510847
v -0.37452949 -0.11751806 0.15510847
v -0.33965206 0.03088074 -0.17320483
v -0.39405949 0.02308194 -0.13792152
v -0.35498948 0.06996194 0.01057848
v -0.37452949 -0.09017806 0.05744848
v -0.37842948 -0.09017806 0.05744848
v -0.37842948 -0.09018806 0.05749848
v -0.37452949 -0.09018806 0.05749848
v -0.33936997 0.13635194 0.04572848
v -0.36670948 0.02308194 -0.13792152
v -0.36280949 0.02308194 -0.13792152
v -0.34717948 0.02308194 -0.13792152
v -0.37422330 -0.10978963 0.12750753
v -0.38623948 0.06996194 0.01057848
v -0.39014948 0.06996194 0.01057848
v -0.39014948 0.02307194 -0.13785152
v -0.38623948 0.02307194 -0.13785152
v -0.39014948 0.02308194 -0.13792152
v -0.37842948 0.02308194 -0.13792152
v -0.26905949 -0.53940806 0.26841848
v -0.27295948 -0.53940806 0.26841848
v -0.19724494 -0.45324159 0.16689723
v -0.35108949 0.06996194 0.01057848
v -0.30026909 0.33949311 -0.34880552
v -0.38233949 0.06996194 0.01052848
v -0.38233949 0.06996194 0.01057848
v -0.37842948 0.06996194 0.01052848
v -0.33545948 0.06996194 0.01052848
v -0.19071447 0.24918196 0.28057229
v -0.20264948 0.29249194 0.47932847
v -0.15186948 0.29257193 0.48322847
v -0.15577949 0.29257193 0.48322847
v -0.26521095 0.32168312 -0.40361134
v -0.17476570 0.21839345 0.13893537
v -0.30030949 0.50746194 -0.34875152
v -0.30030949 0.50355193 -0.34875152
v -0.30027948 0.50355193 -0.34879152
v -0.14437270 0.55271986 -0.46349121
v -0.17533948 0.29261193 -0.54410152
v -0.17533948 0.28871194 -0.54410152
v -0.18032950 0.29261193 -0.53629152
v -0.35889948 -0.53940806 0.26841848
v -0.35889948 -0.53944805 0.26838847
v -0.36670948 0.06996194 0.01057848
v -0.37061948 0.06996194 0.01057848
v -0.36670948 0.06996194 0.01052848
v -0.35108949 0.06996194 0.01052848
v -0.35498948 0.06996194 0.01052848
v -0.34717948 0.06996194 0.01052848
v -0.43091507 0.12550900 -0.45609186
v -0.34717948 0.06996194 0.01057848
v -0.35342477 0.13265207 0.11831136
v -0.34327949 -0.57460806 0.86213847
v -0.34717948 -0.57455805 0.86220851
v -0.31989948 0.30043194 0.22932847
v -0.31983949 0.30043194 0.22944847
v -0.31989948 0.30433193 0.22932847
v -0.37061948 -0.53940806 0.26841848
v -0.36280949 -0.57460806 0.86213847
v -0.33545948 -0.60580805 0.80739846
v -0.31386333 -0.61366662 0.79325743
v -0.33155949 -0.60580805 0.80739846
v -0.35498948 -0.53944805 0.26838847
v -0.35498948 -0.53940806 0.26841848
v -0.37452949 -0.53944805 0.26838847
v -0.35889948 -0.49643806 -0.46208153
v -0.35498948 -0.49644807 -0.46207152
v -0.35889948 -0.49644807 -0.46207152
v -0.33155949 -0.49643806 -0.46208153
v -0.32764948 -0.49643806 -0.46208153
v -0.32764948 -0.49644807 -0.46207152
v -0.36280949 -0.50424805 0.94023850
v -0.36670948 -0.50418809 0.94026848
v -0.36670948 -0.50424805 0.94023850
v -0.34786738 -0.51324943 0.93642923
v -0.35108949 -0.60577807 0.80744847
v -0.35498948 -0.60580805 0.80739846
v -0.33155949 -0.57455805 0.86220851
v 0.25774052 -0.59018806 0.83479848
v -0.31202949 -0.60580805 -0.29024152
v -0.31202949 -0.60582808 -0.29019151
v -0.30030949 -0.60582808 -0.29019151
v -0.30420948 -0.60582808 -0.29019151
v -0.35498948 -0.60582808 -0.29019151
v -0.35498948 -0.60577807 0.80744847
v -0.34327949 -0.49643806 -0.46208153
v -0.30030949 -0.60580805 -0.29024152
v -0.30420948 -0.60580805 -0.29024152
v -0.35108949 -0.53944805 0.26838847
v -0.34717948 -0.50418809 0.94026848
v -0.34327949 -0.50418809 0.94026848
v 0.25101051 -0.57065780 0.04093358
v -0.30811948 -0.57455805 0.86220851
v -0.35889948 -0.60580805 -0.29024152
v -0.35889948 -0.60582808 -0.29019151
v -0.36280949 -0.49644807 -0.46207152
v -0.36670948 -0.49643806 -0.46208153
v -0.33545948 -0.49644807 -0.46207152
v -0.31592948 -0.60582808 -0.29019151
v -0.37061948 -0.37542805 0.98322847
v -0.36670948 -0.37542805 0.98322847
v -0.36280949 -0.60582808 -0.29019151
v -0.33545948 -0.60577807 0.80744847
v -0.19483949 -0.22690806 -0.46591152
v -0.19092950 -0.22690806 -0.46591152
v -0.37061948 -0.60582808 -0.29019151
v -0.37452949 -0.60582808 -0.29019151
v -0.37452949 -0.60580805 -0.29024152
v -0.33155949 -0.60577807 0.80744847
v -0.34327949 -0.57455805 0.86220851
v -0.31592948 -0.60580805 0.80739846
v -0.31983949 -0.60577807 0.80744847
v -0.33936948 -0.60582808 -0.29019151
v -0.33936948 -0.60580805 -0.29024152
v -0.35498948 -0.49643806 -0.46208153
v -0.33936948 -0.49643806 -0.46208153
v -0.33936948 -0.49644807 -0.46207152
v -0.34327949 -0.53940806 0.26841848
v -0.37061948 -0.50424805 0.94023850
v -0.37061948 -0.50418809 0.94026848
v -0.28467948 -0.57455805 0.86220851
v -0.28858949 -0.57455805 0.86220851
v -0.25054083 -0.53760551 0.92545379
v -0.01123949 -0.43391806 0.06526848
v -0.00733949 -0.43393806 0.06534847
v -0.10108949 -0.43391806 0.06526848
v -0.09717949 -0.43391806 0.06526848
v -0.09717949 -0.43393806 0.06534847
v -0.10498949 -0.43465805 0.06916848
v -0.36280949 -0.50418809 0.94026848
v -0.34717948 -0.49643806 -0.46208153
v -0.35108949 -0.40257806 0.98322847
v -0.37061948 -0.60580805 -0.29024152
v -0.36280949 -0.49643806 -0.46208153
v -0.10498949 -0.22690806 -0.46591152
v -0.10108949 -0.22690806 -0.46591152
v -0.33936948 -0.50418809 0.94026848
v -0.33936948 -0.50424805 0.94023850
v -0.37061948 -0.40268806 0.98318847
v -0.25195758 -0.45456200 0.96145539
v -0.18311948 -0.22683807 -0.46598152
v -0.17920949 -0.22683807 -0.46598152
v -0.17920949 -0.22690806 -0.46591152
v -0.33545948 -0.49643806 -0.46208153
v -0.04839724 -0.21950927 -0.47251919
v -0.26123948 -0.53940806 0.26841848
v -0.25733949 -0.53940806 0.26841848
v -0.35889948 -0.37542805 0.98322847
v -0.29248948 -0.53944805 0.26838847
v -0.29639948 -0.53944805 0.26838847
v -0.37842948 -0.60582808 -0.29019151
v -0.36670948 -0.37534806 0.98321845
v -0.36280949 -0.37534806 0.98321845
v -0.36280949 -0.37542805 0.98322847
v -0.29639948 -0.49643806 -0.46208153
v -0.29248948 -0.49644807 -0.46207152
v -0.29639948 -0.49644807 -0.46207152
v -0.30811948 -0.60577807 0.80744847
v -0.30420948 -0.60580805 0.80739846
v -0.30420948 -0.60577807 0.80744847
v -0.33155949 -0.37542805 0.98322847
v -0.35108949 -0.37534806 0.98321845
v -0.34717948 -0.37534806 0.98321845
v -0.04248949 -0.41832805 -0.01676152
v -0.03858949 -0.41832805 -0.01676152
v -0.04248949 -0.41830805 -0.01683152
v -0.34327949 -0.37534806 0.98321845
v -0.34327949 -0.37542805 0.98322847
v -0.32373948 -0.49643806 -0.46208153
v -0.31983949 -0.49644807 -0.46207152
v -0.32373948 -0.49644807 -0.46207152
v -0.26514948 -0.49644807 -0.46207152
v -0.26905949 -0.49643806 -0.46208153
v -0.26514948 -0.49643806 -0.46208153
v -0.34571437 -0.49118033 0.94576271
v -0.30030949 -0.51341805 0.93635847
v -0.33936948 -0.37542805 0.98322847
v -0.33545948 -0.37542805 0.98322847
v -0.09717949 -0.22690806 -0.46591152
v -0.09327949 -0.22690806 -0.46591152
v -0.35889948 -0.40268806 0.98318847
v -0.34717948 -0.37542805 0.98322847
v -0.37554313 -0.39423768 0.98663197
v -0.32764948 -0.37542805 0.98322847
v -0.34717948 -0.40268806 0.98318847
v -0.35108949 -0.40268806 0.98318847
v -0.35498948 -0.40268806 0.98318847
v -0.34717948 -0.40257806 0.98322847
v -0.34327949 -0.40257806 0.98322847
v -0.29248948 -0.49643806 -0.46208153
v -0.34327949 -0.40268806 0.98318847
v -0.33545948 -0.53940806 0.26841848
v -0.33155949 -0.53940806 0.26841848
v -0.33545948 -0.57455805 0.86220851
v -0.15577949 -0.41830805 -0.01683152
v -0.15186948 -0.41830805 -0.01683152
v -0.15186948 -0.41832805 -0.01676152
v -0.36670948 -0.08237806 0.79572847
v -0.36280949 -0.08237806 0.79569848
v -0.36280949 -0.08237806 0.79572847
v -0.37470151 -0.12138000 0.15488490
v -0.34027278 -0.39402940 0.98662229
v -0.25733949 -0.12333806 0.15119848
v -0.29248948 -0.50424805 0.94023850
v -0.23780949 0.27308193 -0.44644151
v -0.35889948 -0.17612806 0.54182847
v -0.31980792 0.33495168 0.22951195
v -0.31983949 0.33558193 0.22944847
v -0.37061948 -0.11752806 0.15514848
v -0.36484327 -0.17523459 0.32498672
v -0.28858949 0.02307194 -0.13785152
v -0.28858949 0.02308194 -0.13792152
v -0.29248948 0.02308194 -0.13792152
v -0.31983949 0.31996194 0.22944847
v -0.31983949 0.32386193 0.22944847
v -0.37061948 -0.16049807 0.85825851
v -0.36670948 -0.16440806 0.86206850
v -0.36670948 -0.16049807 0.85825851
v -0.37061948 -0.16047805 0.85822847
v -0.37061948 -0.17612806 0.54182847
v -0.36670948 -0.17612806 0.54182847
v -0.24941592 -0.36913850 0.96357723
v -0.36280949 -0.11752806 0.15514848
v -0.35889948 -0.11752806 0.15514848
v -0.35498948 -0.17612806 0.54183849
v -0.35108949 -0.17612806 0.54182847
v -0.35108949 -0.17612806 0.54183849
v -0.35498948 -0.08630806 0.81135847
v -0.35889948 -0.08630806 0.81135847
v -0.35889948 -0.08627806 0.81124850
v -0.36670948 -0.17612806 0.54183849
v -0.36280949 -0.17612806 0.54182847
v -0.36280949 -0.17612806 0.54183849
v -0.34717948 -0.16440806 0.86206850
v -0.34327949 -0.16446806 0.86213847
v -0.34327949 -0.16440806 0.86206850
v -0.37061948 -0.16440806 0.86206850
v -0.36670948 -0.16446806 0.86213847
v -0.37061948 -0.17612806 0.54183849
v -0.36280949 -0.08630806 0.81135847
v -0.37061948 -0.16446806 0.86213847
v -0.36280949 -0.16440806 0.86206850
v -0.35889948 -0.16446806 0.86213847
v -0.35889948 -0.16440806 0.86206850
v -0.37061948 -0.08630806 0.81135847
v -0.39698699 -0.08680931 0.82334473
v -0.36280949 -0.11751806 0.15510847
v -0.35889948 -0.12145246 0.15488598
v -0.35108949 -0.11752806 0.15514848
v -0.34717948 -0.11752806 0.15514848
v -0.35498948 -0.11751806 0.15510847
v -0.35889948 -0.11751806 0.15510847
v -0.35498948 -0.11752806 0.15514848
v -0.35498948 -0.08627806 0.81124850
v -0.35108949 -0.08630806 0.81135847
v -0.35498948 -0.16049807 0.85825851
v -0.35108949 -0.16440806 0.86206850
v -0.35108949 -0.16049807 0.85825851
v -0.35498948 -0.16047805 0.85822847
v -0.34231688 -0.17138871 0.46775236
v -0.34717948 -0.16446806 0.86213847
v -0.41000197 -0.17157389 0.47164549
v -0.35889948 -0.17612806 0.54183849
v -0.35108949 -0.16446806 0.86213847
v -0.35498948 -0.17612806 0.54182847
v -0.34717948 -0.17612806 0.54182847
v -0.34717948 -0.17612806 0.54183849
v -0.34327949 -0.17612806 0.54182847
v -0.30030949 0.30433193 -0.34875152
v -0.25056935 -0.13162860 0.73185888
v -0.36670948 -0.16047805 0.85822847
v -0.36280949 -0.16049807 0.85825851
v -0.36280949 -0.16047805 0.85822847
v -0.35889948 -0.16047805 0.85822847
v -0.35498948 -0.16440806 0.86206850
v -0.15577949 0.16371194 0.39342847
v -0.15967950 0.16372193 0.39338847
v -0.15967950 0.16371194 0.39342847
v -0.35889948 -0.16049807 0.85825851
v -0.36280949 -0.16446806 0.86213847
v -0.37061948 -0.08627806 0.81124850
v -0.37671828 -0.08391384 0.80180317
v -0.36670948 -0.08627806 0.81124850
v -0.35108949 -0.16047805 0.85822847
v -0.34717948 -0.16049807 0.85825851
v -0.34717948 -0.16047805 0.85822847
v -0.34327949 -0.08627806 0.81124850
v -0.34717948 -0.08627806 0.81124850
v -0.35498948 -0.16446806 0.86213847
v -0.34516120 -0.08389603 0.80173283
v -0.36280949 -0.08627806 0.81124850
v -0.34327949 -0.16049807 0.85825851
v -0.34327949 -0.16047805 0.85822847
v -0.34327949 -0.08630806 0.81135847
v -0.34717948 -0.08630806 0.81135847
v -0.35889948 -0.08237806 0.79572847
v -0.33936948 -0.08237806 0.79569848
v -0.37061948 -0.08237806 0.79572847
v -0.37061948 -0.08237806 0.79569848
v -0.36670948 -0.08237806 0.79569848
v -0.28858949 -0.49644807 -0.46207152
v -0.28858949 -0.49643806 -0.46208153
v -0.36004455 -0.07816075 0.01453077
v -0.37061948 -0.09018806 0.05749848
v -0.37061948 -0.09017806 0.05744848
v -0.36670948 -0.09018806 0.05749848
v -0.37061948 0.06996194 0.01052848
v -0.32401752 -0.12126407 0.15488735
v -0.31592948 -0.19955806 0.31127848
v -0.36670948 -0.09017806 0.05744848
v -0.36280949 -0.09017806 0.05744848
v -0.36280949 -0.09018806 0.05749848
v -0.28533270 0.02808358 -0.16052695
v -0.35290734 -0.07076632 0.74949137
v -0.35889948 -0.08237806 0.79569848
v -0.35108949 -0.08237806 0.79572847
v -0.36280949 -0.08139806 0.79182847
v -0.35108949 -0.08627806 0.81124850
v -0.36670948 -0.08630806 0.81135847
v -0.31592948 -0.57460806 0.86213847
v -0.32764948 -0.16047805 0.85822847
v -0.33155949 -0.16047805 0.85822847
v -0.31193857 0.40164935 0.24651256
v -0.34327949 -0.11751806 0.15510847
v -0.36670948 -0.11751806 0.15510847
v -0.34327949 -0.11752806 0.15514848
v -0.34327949 -0.17612806 0.54183849
v -0.37198698 -0.54351182 0.91668343
v -0.34069440 0.07054795 -0.00104233
v -0.33545948 -0.57460806 0.86213847
v -0.33155949 -0.57460806 0.86213847
v -0.36280949 0.02307194 -0.13785152
v -0.34327949 -0.09018806 0.05749848
v -0.33936948 -0.09018806 0.05749848
v -0.35889948 -0.09018806 0.05749848
v -0.33936948 0.06996194 0.01057848
v -0.35108949 -0.09018806 0.05749848
v -0.35108949 -0.09017806 0.05744848
v -0.34717948 -0.09018806 0.05749848
v -0.34327949 -0.09017806 0.05744848
v -0.34717948 -0.09017806 0.05744848
v -0.33936948 -0.11752806 0.15514848
v -0.34717948 -0.05888806 0.19026848
v -0.37061948 -0.11751806 0.15510847
v -0.34717948 -0.08237806 0.79569848
v -0.32373948 -0.08627806 0.81124850
v -0.32764948 -0.08627806 0.81124850
v 0.02781051 -0.21524806 0.87385847
v 0.02390051 -0.21518806 0.87383851
v 0.02390051 -0.21524806 0.87385847
v -0.34717948 -0.11751806 0.15510847
v -0.33936948 -0.05888806 0.19026848
v -0.33350948 -0.05891306 0.19034847
v -0.45321133 -0.05734445 0.18465213
v -0.35108949 -0.11751806 0.15510847
v -0.33559989 -0.10975866 0.12739027
v -0.34327949 -0.05893806 0.19042847
v -0.34327949 -0.05888806 0.19026848
v -0.55773171 -0.56517118 0.13261989
v -0.17920949 0.24574193 0.26447847
v -0.29639948 0.23403195 0.20979848
v -0.29248948 0.23402193 0.20974848
v -0.29248948 0.23403195 0.20979848
v -0.32335816 -0.06802094 0.22260919
v -0.35889948 0.02307194 -0.13785152
v -0.33936948 -0.09017806 0.05744848
v -0.17139948 0.12854193 0.51447847
v -0.37061948 0.13636194 0.04546848
v -0.32764948 -0.17612806 0.54183849
v -0.33155949 -0.17612806 0.54183849
v -0.39369970 0.04543515 0.49327622
v -0.30420948 -0.53940806 0.26841848
v -0.30420948 -0.53944805 0.26838847
v -0.30030949 -0.53944805 0.26838847
v -0.32764948 -0.53940806 0.26841848
v -0.35889948 0.02308194 -0.13792152
v -0.31202949 -0.49644807 -0.46207152
v -0.30811948 -0.49644807 -0.46207152
v -0.36670948 0.02307194 -0.13785152
v -0.35108949 0.02308194 -0.13792152
v -0.36133529 0.01971322 -0.12265025
v -0.37061948 0.02307194 -0.13785152
v -0.37061948 0.02308194 -0.13792152
v -0.37452949 0.02308194 -0.13792152
v -0.37452949 0.02307194 -0.13785152
v -0.35498948 0.02307194 -0.13785152
v -0.35498948 0.02308194 -0.13792152
v -0.29638950 0.39808193 0.28010847
v -0.30030949 0.39808193 -0.34875152
v -0.30030949 0.39418194 -0.34875152
v -0.30027948 0.39418194 -0.34879152
v -0.14405949 0.26918194 0.37396847
v -0.31983949 0.31215194 0.22944847
v -0.31983949 0.31605193 0.22944847
v -0.31592948 0.06996194 0.01057848
v -0.31202949 0.06996194 0.01057848
v -0.36280949 0.13636194 0.04546848
v -0.35970665 0.13635540 0.04564024
v -0.36280949 0.06996194 0.01052848
v -0.36670948 0.13635194 0.04572848
v -0.30030949 0.49965194 -0.34875152
v -0.23389948 0.23402193 0.20974848
v -0.29638950 0.28090194 0.28010847
v -0.29638950 0.28480193 0.28010847
v -0.29639948 0.28480193 0.28007849
v -0.17139948 0.23403195 0.20979848
v -0.21436948 0.23402193 0.20974848
v -0.23780949 0.42543194 -0.44645152
v -0.23780949 0.42933193 -0.44645152
v -0.23780949 0.42543194 -0.44644151
v -0.19092950 0.16372193 0.39338847
v -0.33923123 0.13898411 -0.00578693
v -0.33741448 0.13636194 0.04546848
v -0.32960449 0.13636194 0.04546848
v -0.32178948 0.13635694 0.04559848
v -0.34327949 0.06996194 0.01052848
v -0.34327949 0.06996194 0.01057848
v -0.34620448 0.13635444 0.04566348
v -0.34327949 0.13636194 0.04546848
v -0.33185601 0.13635150 0.04573989
v -0.29860824 0.24823851 0.27376065
v -0.24337935 0.23137994 0.19741291
v -0.25733949 0.23402193 0.20974848
v -0.26123948 0.23402193 0.20974848
v -0.26123948 0.24574193 0.26448848
v -0.31315166 0.22428725 -0.32835274
v -0.28077949 0.23402193 0.20974848
v -0.28077949 0.23403195 0.20979848
v -0.28467948 0.23403195 0.20979848
v -0.31986781 0.34855996 0.22939176
v -0.29638950 0.30433193 0.28010847
v -0.29638950 0.30043194 0.28010847
v -0.30420315 0.24972679 0.26320522
v -0.29638950 0.29261193 0.28010847
v -0.29638950 0.28871194 0.28010847
v -0.29639948 0.29261193 0.28007849
v -0.32551308 0.26741462 0.21718716
v -0.31989948 0.41761193 0.22932847
v -0.27686948 0.24574193 0.26448848
v -0.27295948 0.24574193 0.26447847
v -0.27295948 0.24574193 0.26448848
v -0.31592948 0.06996194 0.01052848
v -0.31202949 0.06996194 0.01052848
v -0.29639948 0.47621194 0.28007849
v -0.27686948 0.23402193 0.20974848
v -0.31989948 0.40590194 0.22932847
v -0.31983949 0.40590194 0.22944847
v -0.31989948 0.40980193 0.22932847
v -0.19873949 0.23402193 0.20974848
v -0.19483949 0.23402193 0.20974848
v -0.19873949 0.23403195 0.20979848
v -0.22608949 0.23403195 0.20979848
v -0.22217950 0.23403195 0.20979848
v -0.30027948 0.36293194 -0.34879152
v -0.30027948 0.35902193 -0.34879152
v -0.30030949 0.36293194 -0.34875152
v -0.29638950 0.33558193 0.28010847
v -0.29638950 0.33168194 0.28010847
v -0.29639948 0.33558193 0.28007849
v -0.27686948 0.23403195 0.20979848
v -0.29638950 0.29652193 0.28010847
v -0.29639948 0.29652193 0.28007849
v -0.26514948 0.24574193 0.26448848
v -0.26123948 0.24574193 0.26447847
v -0.31983949 0.06996194 0.01057848
v -0.30027948 0.49574193 -0.34879152
v -0.30027948 0.49183193 -0.34879152
v -0.30030949 0.49574193 -0.34875152
v -0.30027948 0.48402193 -0.34879152
v -0.30027948 0.48793194 -0.34879152
v -0.26514948 0.23402193 0.20974848
v -0.33433129 0.41507509 -0.29556383
v -0.30030949 0.31605193 -0.34875152
v -0.31606643 0.50356793 0.23759537
v -0.31983949 0.26527193 0.22944847
v -0.31989948 0.26918194 0.22932847
v -0.27686948 0.24574193 0.26447847
v -0.30027948 0.43324193 -0.34879152
v -0.30030949 0.43324193 -0.34875152
v -0.23389960 0.20670477 -0.39960871
v -0.23389948 0.20288193 -0.40348152
v -0.23395949 0.20668194 -0.39957152
v -0.26905949 0.24574193 0.26447847
v -0.31989948 0.32777193 0.22932847
v -0.31983949 0.32777193 0.22944847
v -0.20655949 0.24825195 0.27619847
v -0.20264948 0.24574193 0.26448848
v -0.19873949 0.24574193 0.26448848
v -0.19873949 0.24574193 0.26447847
v -0.27073455 0.23858140 0.23104443
v -0.03858949 -0.41830805 -0.01683152
v -0.03467949 -0.41832805 -0.01676152
v -0.29638950 0.32777193 0.28010847
v -0.31989948 0.46058193 0.22932847
v -0.31989948 0.46449193 0.22932847
v -0.31983949 0.46058193 0.22944847
v -0.30027948 0.31215194 -0.34879152
v -0.30030949 0.31215194 -0.34875152
v -0.31989948 0.31996194 0.22932847
v -0.31989948 0.32386193 0.22932847
v -0.31986948 0.30628693 0.22938847
v -0.18702949 -0.41830805 -0.01683152
v -0.18311948 -0.41830805 -0.01683152
v -0.31983949 0.29652193 0.22944847
v -0.33936948 0.06996194 0.01052848
v -0.17920949 0.55044195 -0.47379152
v -0.31989948 0.51136193 0.22932847
v -0.31986948 0.51331693 0.22938847
v -0.31986883 0.40012013 0.22938966
v -0.30027948 0.41371194 -0.34879152
v -0.30030949 0.41371194 -0.34875152
v -0.30030949 0.41761193 -0.34875152
v -0.20264948 0.23402193 0.20974848
v -0.20264948 0.23403195 0.20979848
v -0.20655949 0.23403195 0.20979848
v -0.30030949 0.33168194 -0.34875152
v -0.30277950 0.33558193 -0.34488151
v -0.30030949 0.23402193 0.20974848
v -0.30420948 0.23403195 0.20979848
v -0.23780949 0.28480193 -0.44645152
v -0.29638950 0.39027193 0.28010847
v -0.31989948 0.33168194 0.22932847
v -0.30030949 0.33558193 -0.34875152
v -0.30030949 0.33949193 -0.34875152
v -0.30027948 0.33558193 -0.34879152
v -0.19873949 -0.44953805 0.14742347
v -0.31532810 -0.51988188 0.27880886
v -0.29638950 0.31215194 0.28010847
v -0.29638950 0.30824193 0.28010847
v -0.29639948 0.31215194 0.28007849
v -0.23780949 0.27699193 -0.44645152
v -0.23780949 0.32386193 -0.44645152
v -0.31986791 0.46631963 0.22939154
v -0.21436948 0.24574193 0.26447847
v -0.21045949 0.24574193 0.26447847
v -0.21436948 0.24574193 0.26448848
v -0.23780949 0.34730193 -0.44645152
v -0.23780949 0.35121194 -0.44645152
v -0.23780949 0.34730193 -0.44644151
v -0.30030949 0.36683193 -0.34875152
v -0.28467948 0.23402193 0.20974848
v -0.31989948 0.49574193 0.22932847
v -0.29639948 0.53480193 0.28007849
v -0.25806747 -0.56668648 0.06675575
v -0.31202949 -0.53940806 0.26841848
v -0.31592948 -0.53940806 0.26841848
v -0.25733949 -0.53549805 0.27126848
v -0.33936948 -0.53940806 0.26841848
v -0.16748949 -0.31672805 0.87776848
v -0.16358949 -0.31672805 0.87776848
v -0.16358949 -0.31674805 0.87775846
v -0.30420948 -0.50424805 0.94023850
v -0.30420948 -0.49643806 -0.46208153
v -0.30030949 -0.49643806 -0.46208153
v -0.30030949 -0.49644807 -0.46207152
v -0.32764948 -0.57460806 0.86213847
v -0.31983949 -0.57460806 0.86213847
v -0.31983949 -0.57455805 0.86220851
v -0.32373948 -0.53944805 0.26838847
v -0.32764948 -0.53944805 0.26838847
v -0.33936948 -0.57460806 0.86213847
v -0.33936948 -0.57455805 0.86220851
v -0.28910587 -0.49259787 0.94516120
v -0.27686948 -0.53940806 0.26841848
v -0.27686948 -0.53944805 0.26838847
v -0.27295948 -0.53944805 0.26838847
v -0.31202949 -0.57460806 0.86213847
v -0.31592948 -0.53944805 0.26838847
v -0.31202949 -0.53944805 0.26838847
v -0.31202949 -0.57455805 0.86220851
v -0.30420948 -0.49644807 -0.46207152
v -0.33155949 -0.49644807 -0.46207152
v -0.30030949 -0.60580805 0.80739846
v -0.29096240 0.03086050 -0.17312571
v -0.31983949 -0.60580805 0.80739846
v -0.34717948 -0.60582808 -0.29019151
v -0.34717948 -0.60580805 -0.29024152
v -0.33155949 -0.53944805 0.26838847
v -0.32373948 -0.60582808 -0.29019151
v -0.32764948 -0.60580805 -0.29024152
v -0.29639948 -0.53940806 0.26841848
v -0.29248948 -0.53940806 0.26841848
v -0.26514948 -0.53944805 0.26838847
v -0.26905949 -0.53944805 0.26838847
v -0.31983949 -0.53944805 0.26838847
v -0.33545948 -0.50424805 0.94023850
v -0.31592948 -0.49644807 -0.46207152
v -0.31592948 -0.49643806 -0.46208153
v -0.32373948 -0.60577807 0.80744847
v -0.26759073 -0.53503056 0.27152598
v -0.30030949 -0.37542805 0.98322847
v -0.30420948 -0.37534806 0.98321845
v -0.33545948 -0.60580805 -0.29024152
v -0.29239175 -0.55499832 0.25703056
v -0.28077949 -0.49644807 -0.46207152
v -0.25098405 -0.32330018 0.34185190
v -0.29639948 -0.60577807 0.80744847
v -0.29639948 0.37855193 0.28007849
v -0.29639948 0.38246194 0.28007849
v -0.31983949 -0.49643806 -0.46208153
v -0.31202949 -0.49643806 -0.46208153
v -0.25137308 -0.58552937 0.84261030
v -0.28858949 -0.53940806 0.26841848
v -0.29768298 -0.39403823 0.98663272
v -0.31983949 -0.37542805 0.98322847
v -0.33545948 -0.37534806 0.98321845
v -0.33155949 -0.37534806 0.98321845
v -0.49122182 -0.42456610 -0.52001162
v -0.33936948 -0.40268806 0.98318847
v -0.33908861 -0.40263246 0.98320860
v -0.34327949 -0.60580805 -0.29024152
v -0.28467948 -0.53944805 0.26838847
v -0.28858949 -0.53944805 0.26838847
v -0.31276007 -0.32646102 0.97381271
v -0.30920737 -0.22619124 0.30532966
v -0.30811948 -0.53940806 0.26841848
v -0.37842948 -0.60580805 -0.29024152
v -0.31592948 -0.37542805 0.98322847
v -0.31983949 -0.37534806 0.98321845
v -0.33545948 0.02308194 -0.13792152
v -0.33155949 0.02307194 -0.13785152
v -0.33155949 0.02308194 -0.13792152
v -0.28077949 -0.53940806 0.26841848
v -0.25020567 -0.19405032 0.89549090
v -0.31396872 -0.60076715 -0.30483921
v -0.07764949 0.53478196 0.44026848
v -0.08155949 0.53478196 0.44026848
v -0.05311090 0.52558718 0.48323713
v -0.31202949 -0.37542805 0.98322847
v -0.28467948 -0.49644807 -0.46207152
v -0.09327949 0.53480193 0.44018849
v -0.09327949 0.53478196 0.44026848
v -0.08936949 0.53478196 0.44026848
v -0.31983949 -0.11752806 0.15514848
v -0.30811948 -0.60580805 0.80739846
v -0.20264948 -0.30112806 -0.39960153
v -0.19873949 -0.30112806 -0.39960153
v -0.31983949 -0.17612806 0.54182847
v -0.31592948 -0.17612806 0.54182847
v -0.31983949 -0.17612806 0.54183849
v -0.08936949 0.53480193 0.44018849
v -0.08545949 0.53480193 0.44018849
v -0.33155949 -0.08627806 0.81124850
v -0.56114696 -0.30718058 0.16068905
v -0.33388341 -0.19952030 0.31128976
v -0.01514949 -0.32739806 0.87385847
v -0.01905949 -0.31674805 0.87775846
v -0.36747456 -0.61382448 0.79277386
v -0.31983949 -0.16049807 0.85825851
v -0.30030949 -0.19955806 0.31127848
v -0.30420948 -0.19940805 0.31135847
v -0.30030949 -0.19940805 0.31135847
v -0.30420948 -0.17612806 0.54182847
v -0.30030949 -0.17612806 0.54182847
v -0.31202949 -0.19955806 0.31127848
v -0.31592948 -0.19940805 0.31135847
v -0.31202949 -0.19940805 0.31135847
v -0.31326903 -0.05376274 0.83417214
v -0.32764948 -0.08630806 0.81135847
v -0.31983949 0.50355193 0.22944847
v -0.33692824 -0.12143806 0.15491848
v -0.32373948 -0.60580805 -0.29024152
v -0.32373948 -0.17612806 0.54183849
v -0.17527441 -0.42984247 0.04380621
v -0.17530949 -0.30112806 -0.39960153
v -0.26123948 -0.08237806 0.79569848
v -0.26123933 -0.08237804 0.79571512
v -0.29639948 -0.19955806 0.31127848
v -0.29639948 -0.19940805 0.31135847
v -0.29639948 0.47230193 0.28007849
v -0.29639948 0.46840194 0.28007849
v -0.32764948 -0.16440806 0.86206850
v -0.33155949 -0.16440806 0.86206850
v -0.32764948 -0.16446806 0.86213847
v -0.33155949 -0.09018806 0.05749848
v -0.32764948 -0.09018806 0.05749848
v -0.06906787 0.17627112 0.35018565
v -0.02686949 0.16372193 0.39338847
v -0.18702949 -0.43391806 0.06526848
v -0.19092950 -0.43391806 0.06526848
v -0.32373948 -0.08630806 0.81135847
v -0.33936948 -0.16440806 0.86206850
v -0.34327949 0.02308194 -0.13792152
v -0.33936948 0.02308194 -0.13792152
v -0.31402415 -0.17456033 0.51770263
v -0.16577484 0.25158051 0.29177233
v -0.17530949 0.24825195 0.27619847
v -0.16748949 0.24574193 0.26447847
v -0.30811948 0.06996194 0.01052848
v -0.33936948 -0.17612806 0.54182847
v -0.33936948 -0.17612806 0.54183849
v -0.32764948 -0.17612806 0.54182847
v -0.33155949 -0.17612806 0.54182847
v -0.33936948 -0.16446806 0.86213847
v -0.33545948 -0.16446806 0.86213847
v -0.31592948 -0.08139806 0.79182847
v -0.32373948 -0.16049807 0.85825851
v -0.31592948 -0.16049807 0.85825851
v -0.32764948 -0.08237806 0.79569848
v -0.32373948 -0.08237806 0.79569848
v -0.32764948 -0.08237806 0.79572847
v -0.31983949 -0.16047805 0.85822847
v -0.32373948 -0.16047805 0.85822847
v -0.33936948 -0.16049807 0.85825851
v -0.33536549 -0.17264700 0.87012437
v -0.17782948 0.40590194 -0.54019151
v -0.23780949 0.26136193 -0.44645152
v -0.33545948 -0.11752806 0.15514848
v -0.32764948 -0.09017806 0.05744848
v -0.32373948 -0.09017806 0.05744848
v -0.32373948 -0.09018806 0.05749848
v -0.18311948 -0.43393806 0.06534847
v -0.17920949 -0.43393806 0.06534847
v -0.18311948 -0.43391806 0.06526848
v -0.33545948 -0.17612806 0.54183849
v -0.32373948 -0.17612806 0.54182847
v -0.28858949 -0.37542805 0.98322847
v -0.33936948 -0.16047805 0.85822847
v -0.26486292 0.36347497 -0.40413527
v -0.31592948 -0.17612806 0.54183849
v -0.31592948 -0.08237806 0.79572847
v -0.31983949 -0.08237806 0.79572847
v -0.34913448 -0.15268806 0.85062846
v -0.33545948 -0.08237806 0.79569848
v -0.33936948 -0.08237806 0.79572847
v -0.30030949 -0.60577807 0.80744847
v -0.32373948 -0.16446806 0.86213847
v -0.33545948 -0.08627806 0.81124850
v -0.33545948 -0.16049807 0.85825851
v -0.33155949 -0.16049807 0.85825851
v -0.33545948 -0.16047805 0.85822847
v -0.33545948 -0.16440806 0.86206850
v -0.33155949 -0.16446806 0.86213847
v -0.32301136 -0.15250806 0.85041847
v -0.32764948 -0.16049807 0.85825851
v -0.33936948 -0.08627806 0.81124850
v -0.33545948 -0.08630806 0.81135847
v -0.31592948 -0.08630806 0.81135847
v -0.31983949 -0.08627806 0.81124850
v -0.31592948 -0.08627806 0.81124850
v -0.33936948 -0.08630806 0.81135847
v -0.33155949 -0.08630806 0.81135847
v -0.31983949 -0.08630806 0.81135847
v -0.33545948 -0.08237806 0.79572847
v -0.33155949 -0.08237806 0.79569848
v -0.33155949 -0.08237806 0.79572847
v -0.33155949 -0.11752806 0.15514848
v -0.31592948 -0.11752806 0.15514848
v -0.33155949 -0.11751806 0.15510847
v -0.33545948 -0.11751806 0.15510847
v -0.32764948 -0.11752806 0.15514848
v -0.31983949 -0.09017806 0.05744848
v -0.31592948 -0.09017806 0.05744848
v -0.31592948 -0.09018806 0.05749848
v -0.31202949 -0.08237806 0.79572847
v -0.31202949 -0.08237806 0.79569848
v -0.30811948 -0.08237806 0.79569848
v -0.26905949 -0.19955806 0.31127848
v -0.28858949 -0.08237806 0.79572847
v -0.28467948 -0.08237806 0.79569848
v -0.28467948 -0.08237806 0.79572847
v -0.22998949 0.23403195 0.20979848
v -0.20655949 0.25744194 0.31916847
v -0.20264948 0.25744194 0.31916847
v -0.20655949 0.25746194 0.31922849
v -0.31202949 -0.17612806 0.54183849
v -0.31202949 -0.17612806 0.54182847
v -0.33545948 -0.17612806 0.54182847
v -0.31272538 -0.05878086 0.18971433
v -0.32373948 -0.11752806 0.15514848
v -0.31202949 -0.11752806 0.15514848
v -0.29638950 0.35511193 0.28010847
v -0.29638950 0.35121194 0.28010847
v -0.29639948 0.35511193 0.28007849
v -0.31202949 -0.08630806 0.81135847
v -0.31202949 -0.08627806 0.81124850
v -0.17139948 0.16371194 0.39342847
v -0.34615372 -0.09764825 0.08414142
v -0.33545948 -0.09017806 0.05744848
v -0.33545948 -0.09018806 0.05749848
v -0.31983949 -0.09018806 0.05749848
v -0.32764948 -0.11751806 0.15510847
v -0.33155949 -0.09017806 0.05744848
v -0.31202949 -0.09018806 0.05749848
v -0.31202949 -0.09017806 0.05744848
v -0.33936948 -0.05893806 0.19042847
v -0.33545948 -0.05893806 0.19042847
v -0.31202949 -0.11751806 0.15510847
v -0.31592948 -0.11751806 0.15510847
v -0.32373948 -0.08237806 0.79572847
v -0.31983949 -0.08237806 0.79569848
v -0.31592948 -0.08237806 0.79569848
v -0.30420948 -0.08237806 0.79572847
v -0.30030949 -0.08237806 0.79569848
v -0.30030949 -0.08237806 0.79572847
v -0.31397949 -0.16245306 0.86016350
v -0.34327949 0.02307194 -0.13785152
v -0.31983949 -0.11751806 0.15510847
v -0.32373948 -0.11751806 0.15510847
v -0.23780949 0.37074193 -0.44645152
v -0.23780949 0.37465194 -0.44645152
v -0.20542992 0.35179511 -0.49705867
v -0.23780949 0.37074193 -0.44644151
v -0.28467948 -0.08630806 0.81135847
v -0.28858949 -0.08630806 0.81135847
v -0.28858949 -0.08627806 0.81124850
v -0.26905949 0.24574193 0.26448848
v -0.26514948 0.24574193 0.26447847
v -0.32764948 0.02307194 -0.13785152
v -0.30030949 0.32777193 -0.34875152
v -0.30027948 0.32777193 -0.34879152
v -0.29638950 0.33949193 0.28010847
v -0.29639948 0.34340194 0.28007849
v -0.28714355 0.40075719 -0.36932641
v -0.29638950 0.37855193 0.28010847
v -0.31986948 0.41175693 0.22938847
v -0.31164617 0.48819508 0.24714680
v -0.33783317 -0.06250541 0.83086116
v -0.30030949 0.35121194 -0.34875152
v -0.30030949 0.35511193 -0.34875152
v -0.30027948 0.35121194 -0.34879152
v -0.33545948 0.02307194 -0.13785152
v -0.33936948 0.02307194 -0.13785152
v -0.31123283 0.01532059 -0.10277011
v -0.31983949 0.02307194 -0.13785152
v -0.32373948 0.02307194 -0.13785152
v -0.32373948 0.02308194 -0.13792152
v -0.32764948 0.02308194 -0.13792152
v -0.31983949 0.02308194 -0.13792152
v -0.30027948 0.40980193 -0.34879152
v -0.30027948 0.40590194 -0.34879152
v -0.30030949 0.40980193 -0.34875152
v -0.30811948 -0.57460806 0.86213847
v -0.31986948 0.29456693 0.22938847
v -0.27389724 0.22685063 -0.38908875
v -0.25733949 0.24574193 0.26448848
v -0.25733949 0.24574193 0.26447847
v -0.15948700 0.27620213 0.40705160
v -0.31983949 0.26918194 0.22944847
v -0.31983949 0.27308193 0.22944847
v -0.19920283 0.29639564 0.48755569
v -0.30420948 -0.09017806 0.05744848
v -0.30420948 -0.09018806 0.05749848
v -0.30811948 -0.09017806 0.05744848
v -0.30811948 -0.09018806 0.05749848
v -0.28858949 0.23402193 0.20974848
v -0.31989948 0.33558193 0.22932847
v -0.33187173 0.52476160 0.20345531
v -0.31983949 -0.60582808 -0.29019151
v -0.31989948 0.37074193 0.22932847
v -0.31983949 0.36683193 0.22944847
v -0.31986791 0.37256963 0.22939154
v -0.30027948 0.33168194 -0.34879152
v -0.30030949 0.35902193 -0.34875152
v -0.29639948 0.28871194 0.28007849
v -0.30027948 0.42933193 -0.34879152
v -0.29248948 0.06996194 0.01057848
v -0.29639948 0.06996194 0.01057848
v -0.29248948 0.06996194 0.01052848
v -0.26442349 0.27387556 -0.40481937
v -0.29639948 0.23402193 0.20974848
v -0.21827949 0.26918194 0.37396847
v -0.22008638 0.26916184 0.37389478
v -0.21436948 0.26915193 0.37385847
v -0.28987617 0.56429264 0.29447354
v -0.30030949 0.47621194 -0.34875152
v -0.30030949 0.47230193 -0.34875152
v -0.30027948 0.47230193 -0.34879152
v -0.30030949 0.37465194 -0.34875152
v -0.30030949 0.37855193 -0.34875152
v -0.30027948 0.30824193 -0.34879152
v -0.30027948 0.30433193 -0.34879152
v -0.30030949 0.30824193 -0.34875152
v -0.29639948 0.36293194 0.28007849
v -0.29638950 0.36293194 0.28010847
v -0.29639948 0.36683193 0.28007849
v -0.31059379 0.36343786 0.24942157
v -0.31983949 0.41371194 0.22944847
v -0.29639948 0.39418194 0.28007849
v -0.29638950 0.39418194 0.28010847
v -0.29639948 0.39808193 0.28007849
v -0.30030949 0.23403195 0.20979848
v -0.29638950 0.41761193 0.28010847
v -0.29638950 0.41371194 0.28010847
v -0.29639948 0.41761193 0.28007849
v -0.30030949 -0.53940806 0.26841848
v -0.31984352 0.28212699 0.22944057
v -0.31983949 0.40199193 0.22944847
v -0.31987166 0.31030923 0.22938404
v -0.31316748 0.32205352 -0.32863914
v -0.30027948 0.34730193 -0.34879152
v -0.30030949 0.34730193 -0.34875152
v -0.28077949 0.24574193 0.26448848
v -0.23780949 0.30824193 -0.44644151
v -0.17530949 0.26527193 -0.54415152
v -0.30027948 0.40199193 -0.34879152
v -0.30030949 0.40199193 -0.34875152
v -0.30030949 0.40590194 -0.34875152
v -0.31986948 0.34535193 0.22938847
v -0.25423164 0.25041670 0.28633377
v -0.30027948 0.39027193 -0.34879152
v -0.30027948 0.38636193 -0.34879152
v -0.30030949 0.39027193 -0.34875152
v -0.27825266 0.26651348 0.31923921
v -0.29639948 0.28090194 0.28007849
v -0.23780949 0.38636193 -0.44644151
v -0.29638950 0.35902193 0.28010847
v -0.29639948 0.35902193 0.28007849
v -0.31983949 0.45668194 0.22944847
v -0.31983949 0.45277193 0.22944847
v -0.30027948 0.48011193 -0.34879152
v -0.30030949 0.48011193 -0.34875152
v -0.30027948 0.38246194 -0.34879152
v -0.30027948 0.37855193 -0.34879152
v -0.29639948 0.31605193 0.28007849
v -0.29639449 0.27639226 0.28009347
v -0.30027948 0.45668194 -0.34879152
v -0.30027948 0.51136193 -0.34879152
v -0.26529948 0.33363193 -0.40348152
v -0.26530447 0.33899961 -0.40347420
v -0.31989948 0.34340194 0.22932847
v -0.29639948 0.35121194 0.28007849
v -0.26514948 0.23403195 0.20979848
v -0.26905949 0.23403195 0.20979848
v -0.30030949 0.31996194 -0.34875152
v -0.25342948 0.25744194 0.31916847
v -0.24952949 0.25744194 0.31916847
v -0.25342948 0.25746194 0.31922849
v -0.30027948 0.39808193 -0.34879152
v -0.29638950 0.43715194 0.28010847
v -0.29638950 0.43324193 0.28010847
v -0.29639948 0.43715194 0.28007849
v -0.31987166 0.45092767 0.22938404
v -0.31989948 0.50746194 0.22932847
v -0.31983949 0.50746194 0.22944847
v -0.31983949 0.51527193 0.22944847
v -0.31983949 0.51918194 0.22944847
v -0.33341363 0.48156616 -0.29700277
v -0.29638950 0.32386193 0.28010847
v -0.29639948 0.32777193 0.28007849
v -0.29639948 0.30824193 0.28007849
v -0.27985203 0.34145382 -0.38072258
v -0.31989948 0.50355193 0.22932847
v -0.30027948 0.30043194 -0.34879152
v -0.30027948 0.29652193 -0.34879152
v -0.30030949 0.30043194 -0.34875152
v -0.29639948 0.32386193 0.28007849
v -0.29639948 0.52308193 0.28007849
v -0.29639948 0.52699193 0.28007849
v -0.32152350 0.51415347 -0.31570798
v -0.29639948 0.46058193 0.28007849
v -0.29638950 0.46058193 0.28010847
v -0.29639948 0.46449193 0.28007849
v -0.25733949 0.25746194 0.31922849
v -0.28470312 0.57209670 -0.37179799
v -0.16157171 0.11788186 0.55116999
v -0.29639948 0.40199193 0.28007849
v -0.29638950 0.40199193 0.28010847
v -0.29639948 0.40590194 0.28007849
v -0.36027391 0.59832620 0.14262022
v -0.24561948 0.24574193 0.26447847
v -0.24170949 0.24574193 0.26447847
v -0.24561948 0.24574193 0.26448848
v -0.23780949 0.34340194 -0.44644151
v -0.29638950 0.44886193 0.28010847
v -0.29639948 0.45277193 0.28007849
v -0.29639948 0.44886193 0.28007849
v -0.19873949 0.12854193 0.51447847
v -0.19483949 0.12854193 0.51447847
v -0.30027948 0.29261193 -0.34879152
v -0.30030949 0.29261193 -0.34875152
v -0.30030949 0.29652193 -0.34875152
v -0.29638950 0.37465194 0.28010847
v -0.29638950 0.38246194 0.28010847
v -0.30027948 0.28871194 -0.34879152
v -0.30030949 0.53480193 -0.34875152
v -0.30027948 0.53090194 -0.34879152
v -0.29639948 0.40980193 0.28007849
v -0.26123948 0.23403195 0.20979848
v -0.29639948 0.33168194 0.28007849
v -0.30030949 0.38246194 -0.34875152
v -0.17335449 0.54650694 0.38551348
v -0.29638950 0.47230193 0.28010847
v -0.30027948 0.50746194 -0.34879152
v -0.30030949 0.51136193 -0.34875152
v -0.30030949 0.37074193 -0.34875152
v -0.29638950 0.50746194 0.28010847
v -0.29638950 0.50355193 0.28010847
v -0.29639948 0.50746194 0.28007849
v -0.31311207 0.43981631 0.24397804
v -0.29639948 0.43324193 0.28007849
v -0.30027948 0.31605193 -0.34879152
v -0.30027948 0.46840194 -0.34879152
v -0.24952949 0.25746194 0.31922849
v -0.29638950 0.42152193 0.28010847
v -0.29639948 0.42152193 0.28007849
v -0.23780949 0.28090194 -0.44644151
v -0.23780949 0.28090194 -0.44645152
v -0.23780949 0.27699193 -0.44644151
v -0.30027948 0.36683193 -0.34879152
v -0.20264948 0.07386194 -0.45426152
v -0.19873949 0.07386194 -0.45426152
v -0.30030949 0.48402193 -0.34875152
v -0.29638950 0.53090194 0.28010847
v -0.28334648 0.25524881 0.30669938
v -0.26123948 0.25746194 0.31922849
v -0.22998949 0.20335195 -0.40348152
v -0.22999223 0.20718492 -0.39959966
v -0.30027948 0.49965194 -0.34879152
v -0.30030949 0.28871194 -0.34875152
v -0.31210914 0.53113664 0.24614543
v -0.30030949 0.46840194 -0.34875152
v -0.30027948 0.41761193 -0.34879152
v -0.29638950 0.27699193 0.28010847
v -0.30027948 0.28480193 -0.34879152
v -0.18702949 -0.22690806 -0.46591152
v -0.29638950 0.51136193 0.28010847
v -0.29639948 0.51136193 0.28007849
v -0.30027948 0.46449193 -0.34879152
v -0.30027948 0.44886193 -0.34879152
v -0.31983949 0.49183193 0.22944847
v -0.29638950 0.46840194 0.28010847
v -0.29638950 0.46449193 0.28010847
v -0.29638950 0.40980193 0.28010847
v -0.29639948 0.41371194 0.28007849
v -0.29207225 -0.07622904 0.77123917
v -0.11670949 0.25746194 0.31922849
v -0.11280949 0.25744194 0.31916847
v -0.11280949 0.25746194 0.31922849
v -0.28047529 0.55845207 0.31436721
v -0.30420948 0.34730193 -0.34264151
v -0.30030949 0.42152193 -0.34875152
v -0.29638950 0.40590194 0.28010847
v -0.22998949 0.23402193 0.20974848
v -0.22608949 0.23402193 0.20974848
v -0.18032950 0.26136193 -0.53629152
v -0.29639948 0.51918194 0.28007849
v -0.19111642 -0.44953161 0.14738436
v -0.29639948 0.44105193 0.28007849
v -0.25076164 -0.56418752 0.12936176
v -0.19483949 -0.22683807 -0.46598152
v -0.09441596 0.22993863 0.19067885
v -0.29639948 -0.60580805 -0.29024152
v -0.28467948 -0.53940806 0.26841848
v -0.30030949 -0.57460806 0.86213847
v -0.29639948 -0.57460806 0.86213847
v -0.28525103 -0.51945801 -0.44255846
v -0.21045949 -0.41830805 -0.01683152
v -0.20655949 -0.41830805 -0.01683152
v -0.20655949 -0.41832805 -0.01676152
v -0.29639948 -0.57455805 0.86220851
v -0.15577949 -0.43393806 0.06534847
v -0.15186948 -0.43393806 0.06534847
v -0.15577949 -0.43391806 0.06526848
v -0.30420948 -0.57460806 0.86213847
v -0.30811948 -0.53944805 0.26838847
v -0.29248948 -0.57455805 0.86220851
v -0.25339950 -0.56674805 0.06526848
v -0.25340948 -0.56674805 0.06135848
v -0.30420948 -0.37542805 0.98322847
v -0.30811948 -0.37534806 0.98321845
v -0.15186948 0.07386194 -0.45426152
v -0.15186948 0.07388194 -0.45426152
v -0.14795949 0.07386194 -0.45426152
v -0.09327949 -0.30112806 -0.39960153
v -0.29639948 -0.60580805 0.80739846
v -0.29248948 -0.57460806 0.86213847
v -0.25155144 -0.54456875 -0.41490559
v -0.25214780 -0.59504836 -0.32079692
v -0.28077949 -0.53944805 0.26838847
v -0.18702949 -0.41832805 -0.01676152
v -0.19092950 -0.41830805 -0.01683152
v -0.29248948 -0.60580805 0.80739846
v -0.23378454 -0.00463916 0.81164746
v -0.36869711 -0.60035119 0.81697220
v -0.30811948 -0.60580805 -0.29024152
v -0.30811948 -0.60582808 -0.29019151
v -0.23591433 -0.31828094 -0.38310546
v -0.17920949 -0.41830805 -0.01683152
v -0.17530949 -0.41830805 -0.01683152
v -0.17530949 -0.41832805 -0.01676152
v -0.14795949 -0.30115807 -0.39957152
v -0.14795949 -0.30112806 -0.39960153
v -0.14405949 -0.30115807 -0.39957152
v -0.19782981 0.20098149 -0.40587676
v -0.16054460 -0.36321348 0.86074515
v -0.30030949 0.42933193 -0.34875152
v -0.30811948 -0.17612806 0.54183849
v -0.30420948 -0.17612806 0.54183849
v -0.28077949 -0.49643806 -0.46208153
v -0.17139948 -0.30112806 -0.39960153
v -0.17139948 -0.30115807 -0.39957152
v -0.25669948 -0.49643806 -0.46207152
v -0.36670948 -0.60582808 -0.29019151
v -0.21436948 0.06996194 -0.45525152
v -0.18702949 0.16371194 0.39342847
v -0.19092950 0.16371194 0.39342847
v -0.20264948 -0.41832805 -0.01676152
v -0.19873949 -0.41832805 -0.01676152
v -0.18702949 0.12855195 0.51442846
v -0.19092950 0.12855195 0.51442846
v -0.18702949 0.12854193 0.51447847
v -0.30942120 -0.17908981 0.58762985
v -0.31983949 -0.50424805 0.94023850
v -0.30811948 -0.37542805 0.98322847
v -0.07764949 0.55044195 -0.47379152
v -0.07373949 0.55044195 -0.47379152
v -0.30811948 -0.19955806 0.31127848
v -0.30811948 -0.19940805 0.31135847
v -0.30420948 -0.19955806 0.31127848
v -0.25267000 -0.17624420 0.28454451
v -0.32764948 -0.50418809 0.94026848
v -0.25114025 -0.35110069 0.97852729
v -0.06202949 0.25746194 0.31922849
v -0.06592949 0.25746194 0.31922849
v -0.28467948 -0.49643806 -0.46208153
v 0.06687051 -0.43393806 0.06534847
v 0.06687051 -0.43391806 0.06526848
v 0.07078051 -0.43393806 0.06534847
v 0.06687051 -0.43465805 0.06916848
v -0.18352986 -0.44953102 0.14737881
v -0.29248948 -0.19940805 0.31135847
v -0.13623949 0.16372193 0.39338847
v -0.13233949 0.16372193 0.39338847
v -0.23630271 0.13828805 0.01044979
v -0.24432158 -0.16382671 0.49419564
v -0.29248948 -0.17612806 0.54182847
v -0.28858949 -0.17612806 0.54182847
v -0.29248948 -0.17612806 0.54183849
v -0.30811948 -0.11752806 0.15514848
v -0.30616448 -0.12143806 0.15491848
v -0.28467948 -0.19940805 0.31135847
v -0.29248948 -0.19955806 0.31127848
v -0.28858949 -0.19955806 0.31127848
v -0.30420948 -0.08237806 0.79569848
v -0.30030949 -0.08041806 0.78791847
v -0.28858949 -0.19940805 0.31135847
v -0.29639948 -0.17612806 0.54183849
v -0.29639948 -0.17612806 0.54182847
v -0.28467948 -0.19955806 0.31127848
v -0.19288449 -0.44955805 0.14754847
v -0.08155949 -0.22690806 -0.46591152
v -0.30811948 -0.17612806 0.54182847
v -0.28077949 -0.19940805 0.31135847
v -0.28077949 -0.19955806 0.31127848
v -0.30030949 -0.17612806 0.54183849
v -0.34327949 -0.60582808 -0.29019151
v -0.28513276 -0.22610285 0.30557532
v -0.29639948 -0.08237806 0.79569848
v -0.30030949 -0.09018806 0.05749848
v -0.32373948 -0.50424805 0.94023850
v -0.29639948 -0.08630806 0.81135847
v -0.29248948 -0.08630806 0.81135847
v -0.30420948 -0.08630806 0.81135847
v -0.30030949 -0.08630806 0.81135847
v -0.29248948 -0.08237806 0.79572847
v -0.33482677 0.06778208 0.05315079
v -0.30030949 -0.11752806 0.15514848
v -0.29737698 0.03083194 -0.17301152
v -0.15967950 0.24574193 0.26448848
v -0.29639948 -0.08237806 0.79572847
v -0.29248948 -0.08237806 0.79569848
v -0.24933784 -0.17587889 0.57082657
v -0.30811948 -0.08237806 0.79572847
v -0.29248948 -0.08627806 0.81124850
v -0.29639948 -0.08627806 0.81124850
v -0.28077949 -0.08630806 0.81135847
v -0.31391120 -0.08389603 0.80173283
v -0.28009676 -0.08629551 0.81131241
v -0.28467948 -0.08627806 0.81124850
v -0.30030949 -0.08627806 0.81124850
v -0.30420948 -0.11752806 0.15514848
v -0.25076168 -0.07508933 0.24373093
v -0.29248948 -0.11751806 0.15510847
v -0.29639948 -0.11751806 0.15510847
v -0.30315006 -0.11589791 0.14939104
v -0.30811948 -0.08627806 0.81124850
v -0.30420948 -0.08627806 0.81124850
v -0.29639948 0.33949193 0.28007849
v -0.23635473 0.09283300 -0.44647218
v -0.28077949 -0.08237806 0.79572847
v -0.27686948 -0.08237806 0.79569848
v -0.27686948 -0.08237806 0.79572847
v -0.15967950 -0.22683807 -0.46598152
v -0.14405949 -0.31673753 0.87776375
v -0.30811948 -0.08630806 0.81135847
v -0.28467948 -0.05888806 0.19026848
v -0.26514948 -0.08237806 0.79572847
v -0.26905949 -0.08139806 0.79182847
v -0.29639948 0.38636193 0.28007849
v -0.29638950 0.38636193 0.28010847
v -0.29639948 0.39027193 0.28007849
v -0.29585237 -0.09018261 0.05747129
v -0.30030949 -0.09017806 0.05744848
v -0.29639948 -0.09018806 0.05749848
v -0.29248948 -0.11752806 0.15514848
v -0.29639948 -0.11752806 0.15514848
v -0.20655949 0.24574193 0.26448848
v -0.20264948 0.24574193 0.26447847
v -0.20655949 0.24574193 0.26447847
v -0.25080410 -0.11651156 0.15355362
v -0.30811948 -0.11751806 0.15510847
v -0.28858949 -0.08237806 0.79569848
v -0.33997573 -0.05609556 0.18035263
v -0.19092950 -0.41832805 -0.01676152
v -0.19483949 -0.41830805 -0.01683152
v -0.28858949 0.06996194 0.01057848
v -0.12434170 0.05711317 -0.45852762
v 0.09812051 -0.43393806 0.06534847
v 0.09422051 -0.43391806 0.06526848
v 0.09812051 -0.43391806 0.06526848
v -0.30420948 0.06996194 0.01057848
v -0.29639948 -0.09017806 0.05744848
v -0.28858949 -0.11752806 0.15514848
v -0.30030949 -0.11751806 0.15510847
v -0.05811949 -0.41830805 -0.01683152
v -0.05420949 -0.41830805 -0.01683152
v -0.30457433 0.03310609 -0.18330313
v -0.28601036 -0.08375456 0.80117040
v -0.19873949 -0.31672805 0.87776848
v -0.19483949 -0.31672805 0.87776848
v -0.26905949 -0.08237806 0.79572847
v -0.26514948 -0.08237806 0.79569848
v -0.30420948 -0.11751806 0.15510847
v -0.38233949 -0.60582808 -0.29019151
v -0.30420948 0.06996194 0.01052848
v -0.28663448 -0.05891306 0.19034847
v -0.28858949 0.23403195 0.20979848
v -0.31983949 0.33949193 0.22944847
v -0.28077949 -0.05893806 0.19042847
v -0.27686948 -0.05893806 0.19042847
v -0.17530949 0.43715194 -0.54415152
v -0.17530949 0.44105193 -0.54415152
v -0.27295948 -0.08237806 0.79569848
v -0.27295948 -0.08237806 0.79572847
v -0.30030949 0.06996194 0.01057848
v -0.28286589 -0.07315538 -0.00708322
v -0.27295948 0.23403195 0.20979848
v -0.25342948 0.24574193 0.26447847
v -0.30870172 0.24351632 0.25168801
v -0.23780949 0.38246194 -0.44645152
v -0.16748949 -0.21524806 0.87385847
v -0.16358949 -0.21524806 0.87385847
v -0.38233949 -0.60580805 -0.29024152
v -0.30811948 0.02308194 -0.13792152
v -0.31202949 0.02308194 -0.13792152
v -0.30811948 0.02307194 -0.13785152
v -0.30030949 0.02308194 -0.13792152
v -0.30030949 0.02307194 -0.13785152
v -0.29639948 0.02307194 -0.13785152
v -0.30420948 0.02307194 -0.13785152
v -0.30420948 0.02308194 -0.13792152
v -0.31202949 0.02307194 -0.13785152
v -0.30030949 0.06996194 0.01052848
v -0.21827949 0.07386194 -0.45426152
v -0.28467948 0.06996194 0.01052848
v -0.28858949 0.06996194 0.01052848
v -0.30030949 0.51918194 -0.34875152
v -0.30030949 0.44496194 -0.34875152
v -0.30027948 0.44105193 -0.34879152
v -0.17530949 -0.22690806 -0.46591152
v -0.17530949 -0.22683807 -0.46598152
v -0.17139948 -0.22690806 -0.46591152
v -0.15734026 -0.16398800 0.85450752
v -0.29639948 0.27699193 0.28007849
v -0.29639948 0.42933193 0.28007849
v -0.29638950 0.42933193 0.28010847
v 0.10203051 -0.41830805 -0.01683152
v 0.10593051 -0.41830805 -0.01683152
v -0.22217950 0.25744194 0.31916847
v -0.22217950 0.25746194 0.31922849
v -0.22608949 0.25746194 0.31922849
v -0.12452949 -0.43393806 0.06534847
v -0.12842950 -0.43391806 0.06526848
v -0.12452949 -0.43391806 0.06526848
v -0.23780949 0.38246194 -0.44644151
v -0.23780949 0.37855193 -0.44644151
v -0.23389948 0.25746194 0.31922849
v -0.23389948 0.25744194 0.31916847
v -0.22998949 0.25744194 0.31916847
v -0.30030949 0.46449193 -0.34875152
v -0.22217950 0.07388194 -0.45426152
v -0.28467948 0.02307194 -0.13785152
v -0.29248948 0.02307194 -0.13785152
v -0.30811948 0.06996194 0.01057848
v -0.29639948 0.06996194 0.01052848
v -0.30030949 0.49183193 -0.34875152
v -0.29638950 0.44496194 0.28010847
v -0.29638950 0.44105193 0.28010847
v -0.29639948 0.44496194 0.28007849
v -0.15186948 -0.22683807 -0.46598152
v -0.14795949 -0.22683807 -0.46598152
v -0.14795949 -0.22690806 -0.46591152
v -0.30027948 0.35511193 -0.34879152
v -0.23780949 0.40590194 -0.44645152
v -0.23780949 0.40590194 -0.44644151
v -0.23780949 0.40980193 -0.44645152
v -0.31267761 0.29659781 0.24491801
v -0.19483949 0.24574193 0.26448848
v -0.23780949 0.35511193 -0.44645152
v -0.10108949 0.53480193 0.44018849
v -0.10108949 0.53478196 0.44026848
v -0.09717949 0.53478196 0.44026848
v -0.24170949 0.25746194 0.31922849
v -0.23780949 0.25744194 0.31916847
v -0.23780949 0.25746194 0.31922849
v -0.21045949 0.23403195 0.20979848
v -0.29638950 0.51527193 0.28010847
v -0.29639948 0.51527193 0.28007849
v -0.31989948 0.45668194 0.22932847
v -0.28467948 0.06996194 0.01057848
v -0.28077949 0.06996194 0.01052848
v -0.28077949 0.06996194 0.01057848
v -0.18311948 0.23402193 0.20974848
v -0.17920949 0.23402193 0.20974848
v -0.18311948 0.23403195 0.20979848
v -0.29638950 0.49965194 0.28010847
v -0.29639948 0.50355193 0.28007849
v -0.23780949 0.26918194 -0.44645152
v -0.30030949 0.38636193 -0.34875152
v -0.30620858 0.36919824 -0.33952590
v -0.21827949 0.23403195 0.20979848
v -0.26514948 0.33949193 -0.40370152
v -0.25733949 0.25744194 0.31916847
v -0.23546004 -0.04750041 0.82559558
v -0.30142864 0.34768183 0.26921728
v -0.30030949 0.34340194 -0.34875152
v -0.23780949 0.29652193 -0.44645152
v -0.30027948 0.42543194 -0.34879152
v -0.30027948 0.42152193 -0.34879152
v -0.30030949 0.42543194 -0.34875152
v -0.17530949 0.23403195 0.20979848
v -0.29638950 0.48011193 0.28010847
v -0.29639948 0.48402193 0.28007849
v -0.29639948 0.48011193 0.28007849
v -0.29639948 0.37465194 0.28007849
v -0.30030949 0.46058193 -0.34875152
v -0.30027948 0.46058193 -0.34879152
v -0.29638950 0.36683193 0.28010847
v -0.29639948 0.37074193 0.28007849
v -0.29638950 0.37074193 0.28010847
v -0.24170949 0.24574193 0.26448848
v -0.23780949 0.24574193 0.26448848
v -0.23780949 0.24574193 0.26447847
v -0.29639948 0.49965194 0.28007849
v -0.23780949 0.29261193 -0.44645152
v -0.29639948 0.42543194 0.28007849
v -0.29639948 0.45668194 0.28007849
v -0.29638950 0.45668194 0.28010847
v -0.30027948 0.44496194 -0.34879152
v -0.33290122 0.46621720 0.20123175
v -0.29639948 0.53090194 0.28007849
v -0.30030949 0.48793194 -0.34875152
v -0.30030949 0.44886193 -0.34875152
v -0.29638950 0.42543194 0.28010847
v -0.19211058 0.15954881 0.40772739
v -0.29638950 0.45277193 0.28010847
v -0.30030949 0.52308193 -0.34875152
v -0.30027948 0.51918194 -0.34879152
v -0.31989948 0.33949193 0.22932847
v -0.23780949 0.52308193 -0.44644151
v -0.23780949 0.52308193 -0.44645152
v -0.23780949 0.51918194 -0.44644151
v -0.23780949 0.33168194 -0.44645152
v -0.23780949 0.32777193 -0.44644151
v -0.26529948 0.32386193 -0.40348152
v -0.23780949 0.43715194 -0.44645152
v -0.23780949 0.43715194 -0.44644151
v -0.23780949 0.44105193 -0.44645152
v -0.22608949 0.25744194 0.31916847
v -0.30027948 0.51527193 -0.34879152
v -0.30030949 0.51527193 -0.34875152
v -0.29638950 0.48402193 0.28010847
v -0.23389948 0.23403195 0.20979848
v -0.23780949 0.44496194 -0.44644151
v -0.23780949 0.44886193 -0.44644151
v -0.23780949 0.44886193 -0.44645152
v -0.29638950 0.52308193 0.28010847
v -0.29638950 0.52699193 0.28010847
v -0.32884477 0.37295545 0.20999615
v -0.04639949 0.25746194 0.31922849
v -0.04248949 0.25744194 0.31916847
v -0.04248949 0.25746194 0.31922849
v -0.29638950 0.49574193 0.28010847
v -0.29639948 0.49574193 0.28007849
v -0.29638950 0.49183193 0.28010847
v -0.29639948 0.49183193 0.28007849
v -0.23780949 0.35121194 -0.44644151
v -0.23780949 0.35511193 -0.44644151
v -0.29638950 0.48793194 0.28010847
v -0.29639948 0.48793194 0.28007849
v -0.23780949 0.32777193 -0.44645152
v -0.29638950 0.51918194 0.28010847
v -0.06592949 -0.41830805 -0.01683152
v -0.06983949 -0.41830805 -0.01683152
v -0.16748949 -0.43391806 0.06526848
v -0.16748949 -0.43393806 0.06534847
v -0.17139948 -0.43391806 0.06526848
v -0.31986610 0.47949564 0.22939516
v -0.16748949 0.29257193 0.48322847
v -0.17139948 0.29257193 0.48322847
v -0.28696692 0.28631753 -0.36960297
v -0.17139948 0.24574193 0.26448848
v -0.16748949 0.24574193 0.26448848
v -0.23780949 0.42152193 -0.44644151
v -0.23780949 0.41761193 -0.44644151
v -0.23780949 0.42152193 -0.44645152
v -0.22998949 0.06996194 -0.45525152
v -0.23521940 0.07075304 -0.45421122
v -0.18311948 -0.31672805 0.87776848
v -0.17920949 -0.31675325 0.87775589
v -0.15967950 -0.41832805 -0.01676152
v -0.16358949 -0.41832805 -0.01676152
v -0.18311948 0.12855195 0.51442846
v -0.26755282 0.54903108 -0.39994955
v -0.31986948 0.48988193 0.22938847
v -0.12061949 -0.43393806 0.06534847
v -0.12061949 -0.43465805 0.06916848
v -0.13623949 0.23402193 0.20974848
v -0.13623949 0.23403195 0.20979848
v -0.14014948 0.23403195 0.20979848
v -0.05811949 0.24574193 0.26448848
v -0.27100948 -0.08627806 0.82378849
v -0.26123948 -0.49643806 -0.46208153
v 0.13166080 -0.35466156 -0.35156901
v -0.25733949 -0.49644807 -0.46207152
v -0.25733949 -0.49643806 -0.46208153
v -0.06202949 -0.41832805 -0.01676152
v -0.06202949 -0.41830805 -0.01683152
v -0.05811949 -0.41832805 -0.01676152
v -0.30616448 0.03086694 -0.17315152
v -0.25053090 -0.01402656 0.03061672
v 0.02781051 0.16372193 0.39338847
v 0.02390051 0.16372193 0.39338847
v 0.02781051 0.16371194 0.39342847
v -0.01514949 -0.19185807 -0.49723152
v -0.01319449 -0.19180307 -0.49727652
v -0.08228697 -0.24079035 -0.45357636
v -0.06983949 -0.22690806 -0.46591152
v 0.02000051 0.25744194 0.31916847
v -0.26123948 -0.53944805 0.26838847
v -0.25733949 -0.53944805 0.26838847
v 0.13328051 -0.41832805 -0.01676152
v -0.02686949 0.29652193 0.48789849
v -0.30030949 0.03090194 -0.17329153
v -0.23612431 -0.41952005 -0.00622851
v -0.25342948 -0.56671807 0.07307847
v -0.25342948 -0.56672808 0.06916848
v -0.20655949 -0.43391806 0.06526848
v 0.17514988 -0.26987806 0.89438846
v -0.27376940 -0.05892917 0.19040000
v -0.25801006 -0.56666069 0.09391036
v -0.27686948 -0.49644807 -0.46207152
v 0.25430344 -0.55903472 0.24491536
v 0.25828051 -0.55901805 0.24494848
v -0.25152704 -0.50476457 -0.45437506
v -0.09913449 0.28088194 0.42862848
v -0.10108949 0.28086194 0.42854848
v -0.11670949 -0.41830805 -0.01683152
v -0.11280949 -0.41830805 -0.01683152
v -0.11280949 -0.41832805 -0.01676152
v -0.25341950 -0.56674805 0.05354848
v -0.25342948 -0.56673804 0.05744848
v -0.25341950 -0.56674805 0.05744848
v -0.26514948 -0.53940806 0.26841848
v -0.01123949 0.12855195 0.51442846
v -0.01123949 0.12854193 0.51447847
v -0.00733949 0.12854193 0.51447847
v -0.08936949 -0.43540806 0.07307847
v -0.10470563 -0.27380739 0.89346985
v 0.05125051 -0.22299807 0.87678846
v 0.04734051 -0.21524806 0.87385847
v -0.13233949 0.07386194 -0.45426152
v -0.13623949 0.26918194 0.37396847
v -0.13233949 0.26915193 0.37385847
v -0.13233949 0.26918194 0.37396847
v -0.12452949 -0.41832805 -0.01676152
v -0.12842950 -0.41832805 -0.01676152
v -0.12842950 -0.41830805 -0.01683152
v -0.18702949 -0.32065806 0.87632849
v -0.18311948 -0.31674805 0.87775846
v -0.24964550 -0.56735429 0.24582766
v -0.12185524 0.55337793 0.35342028
v 0.00159767 -0.34985536 0.86563747
v 0.03172051 0.26918194 0.37396847
v 0.03562051 0.26915193 0.37385847
v 0.03562051 0.26918194 0.37396847
v -0.18311948 -0.30115807 -0.39957152
v -0.17920949 -0.30115807 -0.39957152
v -0.14795949 -0.31672805 0.87776848
v 0.09812051 -0.21518806 0.87383851
v 0.03953051 -0.41830805 -0.01683152
v 0.03953051 -0.41832805 -0.01676152
v -0.25338949 -0.56674805 0.06916848
v -0.25337950 -0.56674805 0.07307847
v -0.25342948 -0.56668809 0.10041848
v -0.25342948 -0.56668809 0.10432847
v -0.25331948 -0.56674805 0.10041848
v -0.17139948 -0.31672805 0.87776848
v -0.25333948 -0.56674805 0.08869848
v -0.25334949 -0.56674805 0.08479848
v -0.16358949 -0.32065806 0.87632849
v -0.16748949 -0.31674805 0.87775846
v -0.25342948 -0.56673804 0.06135848
v -0.25006951 -0.57065790 0.08665933
v -0.25342948 -0.56670806 0.08479848
v -0.25342948 -0.56670806 0.08869848
v -0.20264948 -0.43391806 0.06526848
v -0.19873949 -0.43391806 0.06526848
v 0.28172051 -0.50034806 -0.45877154
v 0.27781050 -0.49643806 -0.46208153
v 0.27781050 -0.49644807 -0.46207152
v -0.10668541 -0.18903910 0.86396089
v -0.20264948 -0.41830805 -0.01683152
v -0.19873949 -0.41830805 -0.01683152
v -0.25336527 -0.56670092 0.10615345
v -0.25342948 -0.56671807 0.07697848
v -0.25336949 -0.56674805 0.07697848
v -0.20264948 0.07388194 -0.45426152
v -0.19873949 0.07388194 -0.45426152
v -0.02295949 -0.41832805 -0.01676152
v -0.01905949 -0.41832805 -0.01676152
v -0.25333948 -0.56674805 0.09260848
v -0.21045949 -0.22683807 -0.46598152
v -0.18342271 -0.23625335 -0.45763149
v -0.03858949 0.12854193 0.51447847
v -0.17121869 0.24134523 0.24396137
v -0.00342949 -0.41832805 -0.01676152
v -0.27297732 0.38362377 0.33066957
v -0.12452949 -0.31672805 0.87776848
v -0.12842950 -0.32065806 0.87632849
v -0.12452949 -0.31674805 0.87775846
v -0.16748949 -0.21518806 0.87383851
v -0.17139948 -0.21518806 0.87383851
v -0.16358949 -0.22690806 -0.46591152
v -0.16358949 -0.22683807 -0.46598152
v -0.15967950 -0.22690806 -0.46591152
v -0.02686949 -0.41832805 -0.01676152
v -0.02686949 -0.41830805 -0.01683152
v 0.02781051 0.25744194 0.31916847
v 0.03172051 0.25744194 0.31916847
v 0.02781051 0.25746194 0.31922849
v 0.06687051 -0.41830805 -0.01683152
v 0.07078051 -0.41830805 -0.01683152
v 0.07078051 -0.41832805 -0.01676152
v -0.25342948 -0.56669804 0.09260848
v 0.03562051 0.12854193 0.51447847
v -0.27295948 -0.49643806 -0.46208153
v -0.27686948 -0.49643806 -0.46208153
v -0.25342948 -0.56669804 0.09651848
v -0.25332949 -0.56674805 0.09651848
v 0.30278369 -0.56560233 -0.40341292
v -0.16553949 0.05836944 -0.45817401
v -0.16748949 0.07386194 -0.45426152
v -0.10209983 -0.24635745 0.88560160
v -0.06202949 -0.43393806 0.06534847
v -0.06592949 -0.43391806 0.06526848
v -0.06202949 -0.43391806 0.06526848
v -0.23635392 -0.03551783 0.60767766
v -0.03077949 -0.41830805 -0.01683152
v -0.03467949 -0.41830805 -0.01683152
v -0.05811949 -0.43391806 0.06526848
v -0.05420949 -0.43391806 0.06526848
v -0.05420949 -0.43393806 0.06534847
v -0.17920949 -0.31672805 0.87776848
v -0.17530949 -0.32065806 0.87632849
v -0.15186948 0.53480193 0.44018849
v -0.15577949 0.53480193 0.44018849
v -0.15186948 0.53478196 0.44026848
v -0.20655949 -0.30115807 -0.39957152
v -0.20264948 -0.30115807 -0.39957152
v 0.26218050 -0.59018806 0.83480849
v 0.26218050 -0.59018806 0.83479848
v 0.26609050 -0.59018806 0.83479848
v 0.29734050 -0.50418809 0.94026848
v 0.30125051 -0.50418809 0.94026848
v 0.24713927 -0.39743231 -0.12546865
v -0.29231934 0.03087637 -0.17319036
v -0.08936949 -0.43391806 0.06526848
v -0.08545949 -0.43391806 0.06526848
v -0.33155949 -0.60580805 -0.29024152
v -0.23010413 -0.42642942 0.02585330
v -0.27295948 -0.49644807 -0.46207152
v -0.25589825 -0.60273031 -0.01253155
v -0.25733949 -0.54330805 0.26556849
v -0.25008423 -0.63197666 0.09158813
v -0.25342948 -0.56672808 0.06526848
v -0.26123948 -0.12534806 0.14725848
v -0.25732212 -0.12904296 0.13996461
v -0.23611861 -0.36221162 0.86056757
v -0.25342948 -0.56671807 0.08088848
v -0.26905949 -0.49644807 -0.46207152
v -0.31592948 0.02307194 -0.13785152
v -0.31592948 0.02308194 -0.13792152
v 0.05906051 -0.31674805 0.87775846
v 0.05515051 -0.31674805 0.87775846
v -0.25335948 -0.56674805 0.08088848
v -0.15186948 -0.43391806 0.06526848
v 0.04734051 -0.22690806 -0.46591152
v 0.04343051 -0.22690806 -0.46591152
v -0.25718949 -0.53940806 0.26838847
v -0.07764949 -0.30115807 -0.39957152
v -0.07373949 -0.30115807 -0.39957152
v -0.32135259 -0.53696774 -0.42780590
v -0.25227644 -0.52059200 0.27707293
v -0.07764949 0.25746194 0.31922849
v -0.08155949 0.25746194 0.31922849
v -0.16748949 -0.30115807 -0.39957152
v -0.12452949 -0.21518806 0.87383851
v -0.12452949 -0.21524806 0.87385847
v -0.12061949 -0.21524806 0.87385847
v 0.25443233 -0.55862460 0.24543039
v -0.17139948 -0.41832805 -0.01676152
v -0.16748949 -0.41832805 -0.01676152
v -0.17139948 -0.41830805 -0.01683152
v -0.15967950 -0.43391806 0.06526848
v 0.27781050 -0.60580805 0.80739846
v 0.27390050 -0.60580805 0.80739846
v -0.20416138 0.28769741 -0.49904386
v -0.23583043 -0.27003000 0.89374184
v -0.16033794 -0.27067240 0.89454902
v -0.18638125 -0.27056460 -0.42692833
v -0.26123948 -0.49644807 -0.46207152
v -0.23591657 -0.17064531 -0.51555923
v -0.16748949 -0.41830805 -0.01683152
v -0.32373948 -0.50418809 0.94026848
v -0.17139948 0.24574193 0.26447847
v 0.26218053 -0.50418625 0.94026940
v 0.08640051 -0.30112806 -0.39960153
v 0.09031051 -0.30112806 -0.39960153
v 0.09031051 -0.30115807 -0.39957152
v -0.24902613 -0.46655331 -0.48541250
v -0.20264948 -0.31672805 0.87776848
v -0.19873949 -0.31674805 0.87775846
v -0.17530949 -0.43393806 0.06534847
v -0.19092950 -0.22683807 -0.46598152
v -0.19483949 -0.43391806 0.06526848
v -0.31507181 -0.48299395 -0.47346996
v -0.11280949 -0.21524806 0.87385847
v -0.11670949 -0.21518806 0.87383851
v -0.11670949 -0.21524806 0.87385847
v -0.15967950 -0.41830805 -0.01683152
v -0.13623949 -0.43391806 0.06526848
v -0.14795949 0.24574193 0.26447847
v -0.14405949 0.24574193 0.26447847
v -0.06983949 -0.30112806 -0.39960153
v -0.06592949 -0.30112806 -0.39960153
v -0.06592949 -0.30115807 -0.39957152
v -0.13233949 -0.43393806 0.06534847
v -0.12842950 -0.43393806 0.06534847
v -0.13233949 -0.43391806 0.06526848
v -0.13233949 -0.41832805 -0.01676152
v -0.13233949 -0.41830805 -0.01683152
v -0.17530949 0.30043194 -0.54415152
v -0.17533948 0.30043194 -0.54410152
v -0.17533948 0.30433193 -0.54410152
v -0.19483949 0.07386194 -0.45426152
v -0.19483949 0.07388194 -0.45426152
v -0.07373949 -0.43540806 0.07307847
v -0.23596855 -0.38102027 -0.21248184
v -0.20288329 -0.41613801 -0.02827463
v -0.16748949 0.16372193 0.39338847
v -0.17139948 0.16372193 0.39338847
v -0.16748949 0.16371194 0.39342847
v -0.14014948 -0.31674805 0.87775846
v -0.14014948 -0.32065806 0.87632849
v -0.13623949 -0.31674805 0.87775846
v -0.18311948 -0.22690806 -0.46591152
v -0.02295949 -0.43391806 0.06526848
v -0.19873949 -0.43393806 0.06534847
v -0.19483949 -0.43393806 0.06534847
v -0.19483949 0.16372193 0.39338847
v -0.14014948 -0.30115807 -0.39957152
v -0.13623949 0.07386194 -0.45426152
v -0.14014948 0.07388194 -0.45426152
v -0.13623949 0.07388194 -0.45426152
v -0.16570169 -0.19174204 -0.49731682
v -0.26921684 -0.20339217 0.31039612
v -0.17139948 -0.22683807 -0.46598152
v -0.41733839 -0.26708829 0.96236542
v -0.34665768 -0.53292404 0.48360393
v -0.17920949 -0.41832805 -0.01676152
v -0.13641927 0.26413993 0.35043363
v -0.38709813 0.03087761 -0.17319379
v -0.24952949 0.24574193 0.26448848
v -0.23562130 0.02005214 -0.46758909
v -0.27686948 -0.19955806 0.31127848
v -0.27686948 -0.19940805 0.31135847
v -0.19483949 -0.31674805 0.87775846
v -0.19873949 -0.32065806 0.87632849
v -0.19483949 -0.30112806 -0.39960153
v -0.19092950 -0.30112806 -0.39960153
v -0.19092950 -0.30115807 -0.39957152
v -0.12452949 -0.41830805 -0.01683152
v -0.12061949 -0.41830805 -0.01683152
v -0.12061949 -0.41832805 -0.01676152
v -0.12061949 0.23403195 0.20979848
v -0.27686948 0.06996194 0.01057848
v -0.23635177 0.06827421 0.03460503
v -0.11977000 -0.42976975 0.04343120
v -0.11670949 -0.41832805 -0.01676152
v -0.27295948 -0.19955806 0.31127848
v -0.25553414 -0.18566731 0.61745533
v -0.19092950 -0.43393806 0.06534847
v -0.14014948 -0.30112806 -0.39960153
v -0.13623949 -0.30115807 -0.39957152
v -0.20264948 -0.31674805 0.87775846
v -0.19483949 -0.41832805 -0.01676152
v -0.17920949 0.16372193 0.39338847
v -0.18311948 0.16372193 0.39338847
v -0.17920949 0.16371194 0.39342847
v -0.15967950 -0.31674805 0.87775846
v -0.20252659 -0.32531714 0.87481170
v -0.15967950 -0.21524806 0.87385847
v -0.12842950 -0.22690806 -0.46591152
v -0.12452949 -0.22690806 -0.46591152
v -0.19483949 -0.30115807 -0.39957152
v -0.18702949 -0.44955805 0.14754847
v -0.07373949 -0.22690806 -0.46591152
v 0.25194685 -0.39440739 0.98624945
v -0.10634893 0.53178406 0.45429258
v -0.23620751 0.19530205 -0.40695266
v -0.15967950 -0.43393806 0.06534847
v -0.28996211 -0.09324171 0.06840325
v -0.10498949 -0.43391806 0.06526848
v -0.10108949 -0.43393806 0.06534847
v -0.10108949 0.12513194 0.52619847
v -0.23535699 0.13589491 0.48809317
v -0.12452949 -0.30112806 -0.39960153
v -0.12061949 -0.30115807 -0.39957152
v -0.10771564 -0.34592626 0.86707695
v -0.25653061 -0.09993327 0.03423021
v -0.25141487 -0.09581387 0.07926768
v -0.14405949 -0.22683807 -0.46598152
v -0.26845157 -0.19955311 0.31127984
v -0.26905949 -0.19252805 0.31526848
v -0.23780949 0.31605193 -0.44645152
v -0.23780949 0.31996194 -0.44645152
v -0.23780949 0.31605193 -0.44644151
v -0.28077949 -0.05888806 0.19026848
v -0.28566259 -0.05655882 0.18199145
v -0.13233949 -0.21518806 0.87383851
v -0.13623949 -0.21518806 0.87383851
v -0.13233949 -0.21524806 0.87385847
v -0.26905949 -0.08237806 0.79569848
v -0.27295948 -0.19940805 0.31135847
v -0.15187376 0.54651285 0.38548785
v -0.14405949 -0.43393806 0.06534847
v -0.12842950 -0.31674805 0.87775846
v -0.12842950 -0.31672805 0.87776848
v -0.25721950 -0.12534806 0.14729848
v -0.12061949 -0.24628806 0.88557847
v -0.20655949 -0.31672805 0.87776848
v -0.15577949 0.12854193 0.51447847
v -0.15577949 0.12855195 0.51442846
v -0.15967950 0.12855195 0.51442846
v -0.26123948 -0.12532806 0.14729848
v -0.11280949 -0.24628806 0.88557847
v -0.10889949 -0.24643806 0.88562848
v -0.26905949 -0.19940805 0.31135847
v -0.18311948 0.25746194 0.31922849
v -0.17920949 0.25744194 0.31916847
v -0.17920949 0.25746194 0.31922849
v -0.18312278 -0.31424189 -0.38787973
v -0.29639948 0.02308194 -0.13792152
v -0.19964949 0.30238193 0.48713847
v -0.21436948 0.07388194 -0.45426152
v -0.21827949 0.07388194 -0.45426152
v -0.21436948 0.07386194 -0.45426152
v -0.12695815 -0.43979708 0.09607960
v -0.05420949 0.12855195 0.51442846
v -0.05030949 0.12855195 0.51442846
v -0.25283512 -0.19389710 0.31290656
v -0.17139948 -0.31674805 0.87775846
v -0.17530949 -0.31674805 0.87775846
v -0.13233949 -0.31674805 0.87775846
v -0.25733949 -0.12534806 0.14725848
v -0.25733949 -0.12532806 0.14729848
v -0.28077949 -0.08237806 0.79569848
v -0.17530949 0.25746194 -0.54415152
v -0.17533948 0.25746194 -0.54410152
v -0.15577949 0.07386194 -0.45426152
v -0.22010287 0.25223177 0.29481706
v -0.25256795 -0.12586511 0.14876626
v -0.25733949 -0.12731805 0.14338847
v -0.20655949 -0.30112806 -0.39960153
v -0.12061949 -0.22690806 -0.46591152
v -0.27393698 -0.05890056 0.19030848
v -0.17920949 -0.43391806 0.06526848
v -0.04248949 -0.43391806 0.06526848
v -0.03858949 -0.43391806 0.06526848
v -0.03858949 -0.43393806 0.06534847
v -0.25172784 0.02746581 -0.15978549
v -0.08155449 -0.41609806 -0.02847652
v -0.12061949 -0.43540806 0.07307847
v -0.11280949 -0.43391806 0.06526848
v -0.11280949 -0.43393806 0.06534847
v -0.10889949 -0.30115807 -0.39957152
v -0.27686948 0.06996194 0.01052848
v -0.27295948 0.06996194 0.01052848
v -0.14405949 -0.22690806 -0.46591152
v -0.14014948 -0.22690806 -0.46591152
v -0.18311948 0.25744194 0.31916847
v -0.22022949 -0.30112806 -0.39960153
v -0.23644644 0.16133138 -0.44705120
v -0.08545949 0.23402193 0.20974848
v -0.08545949 0.55044195 -0.47379152
v -0.07069572 0.55307731 -0.46186329
v -0.10889949 -0.43391806 0.06526848
v -0.15531899 -0.40928649 -0.06433597
v -0.14405949 -0.43391806 0.06526848
v -0.14014948 -0.43393806 0.06534847
v -0.12452949 0.24574193 0.26447847
v -0.12061949 0.24574193 0.26447847
v -0.30725524 0.07271433 -0.04354927
v -0.18702949 -0.30115807 -0.39957152
v -0.17530949 -0.43391806 0.06526848
v -0.17139948 -0.43393806 0.06534847
v -0.14014948 0.16372193 0.39338847
v -0.14014948 0.16371194 0.39342847
v -0.13623949 0.16371194 0.39342847
v -0.20264948 -0.22683807 -0.46598152
v -0.20655949 -0.22683807 -0.46598152
v -0.17530949 -0.30115807 -0.39957152
v -0.08545949 -0.22690806 -0.46591152
v -0.15186948 -0.30115807 -0.39957152
v -0.15186948 -0.30112806 -0.39960153
v -0.03302269 -0.41030807 -0.05895850
v -0.16358949 -0.41830805 -0.01683152
v -0.07373949 -0.43391806 0.06526848
v -0.06983949 -0.43391806 0.06526848
v -0.21088011 -0.30113989 -0.39958970
v -0.06592949 -0.21518806 0.87383851
v -0.20655949 0.07388194 -0.45426152
v -0.21045949 0.23402193 0.20974848
v -0.08544766 0.60116994 0.13945562
v -0.02686949 -0.43540806 0.07307847
v -0.03077949 -0.19174807 -0.49732153
v -0.18013699 -0.33848283 0.86980287
v -0.12061949 0.07388194 -0.45426152
v -0.11670949 0.07388194 -0.45426152
v -0.11670949 0.07386194 -0.45426152
v -0.30579205 0.34500673 -0.34018200
v -0.14795949 -0.43391806 0.06526848
v -0.14795949 -0.43393806 0.06534847
v -0.23780949 0.26918194 -0.44644151
v -0.10108949 0.26832193 0.36994847
v -0.09327949 0.26915193 0.37385847
v -0.09717949 0.26915193 0.37385847
v -0.09717949 0.26918194 0.37396847
v -0.22792992 0.55218562 -0.46165819
v -0.14014948 -0.43391806 0.06526848
v -0.10889949 -0.41830805 -0.01683152
v -0.16358949 -0.30115807 -0.39957152
v -0.16358949 -0.30112806 -0.39960153
v -0.15967950 -0.30115807 -0.39957152
v -0.24952949 0.24574193 0.26447847
v -0.23780949 0.30043194 -0.44644151
v -0.15297165 0.15583283 0.42053591
v -0.24170949 0.25744194 0.31916847
v -0.08936949 -0.30112806 -0.39960153
v -0.08936949 -0.30115807 -0.39957152
v -0.14795949 -0.41830805 -0.01683152
v -0.22217950 0.07387197 -0.45426152
v -0.17530949 0.37465194 -0.54415152
v -0.16748949 -0.30112806 -0.39960153
v -0.14795949 -0.41832805 -0.01676152
v -0.03467949 -0.22690806 -0.46591152
v -0.03858949 -0.22690806 -0.46591152
v -0.03858949 -0.22683807 -0.46598152
v -0.12452949 0.29261193 0.48336848
v -0.23389948 0.24574193 0.26447847
v -0.22998949 0.25746194 0.31922849
v -0.15577949 -0.22683807 -0.46598152
v -0.15186948 -0.22690806 -0.46591152
v -0.13233949 -0.30112806 -0.39960153
v -0.25342948 0.24574193 0.26448848
v -0.17139948 0.07386194 -0.45426152
v -0.17139948 0.07388194 -0.45426152
v -0.17530949 0.07388194 -0.45426152
v -0.17920949 0.07388194 -0.45426152
v -0.17530949 0.07386194 -0.45426152
v -0.23780949 0.25355193 -0.44644151
v -0.16358949 -0.43393806 0.06534847
v -0.14014948 0.29261193 0.48336848
v -0.13623949 0.29257193 0.48322847
v -0.13623949 0.29261193 0.48336848
v -0.16748949 -0.22690806 -0.46591152
v -0.16748949 -0.22683807 -0.46598152
v -0.23780949 0.28871194 -0.44644151
v -0.23780949 0.28480193 -0.44644151
v -0.19092950 0.29257193 0.48322847
v -0.19092950 0.29261193 0.48336848
v -0.19483949 0.29261193 0.48336848
v -0.20655949 -0.22690806 -0.46591152
v -0.18702949 0.24574193 0.26448848
v -0.18311948 0.24574193 0.26448848
v -0.18311948 -0.41832805 -0.01676152
v -0.22962700 0.23095053 -0.45896299
v -0.09717949 -0.30112806 -0.39960153
v -0.21045949 -0.30115807 -0.39957152
v -0.15577949 0.23403195 0.20979848
v -0.15577949 0.23402193 0.20974848
v -0.15186948 0.23402193 0.20974848
v -0.23371953 0.21252931 -0.39378930
v -0.23391950 0.21058194 -0.39566151
v -0.21436948 0.23403195 0.20979848
v -0.30409599 0.26267001 -0.34306413
v -0.30027948 0.28090194 -0.34879152
v -0.14014948 0.07386194 -0.45426152
v -0.11670949 -0.31674805 0.87775846
v -0.11670949 -0.32065806 0.87632849
v -0.11280949 -0.31674805 0.87775846
v -0.27410485 0.06751743 0.05838261
v -0.19092950 0.23402193 0.20974848
v -0.24952949 0.23402193 0.20974848
v -0.18224692 0.22232449 0.15512250
v -0.18702949 0.23402193 0.20974848
v -0.19483949 0.23403195 0.20979848
v -0.17139948 0.26918194 0.37396847
v -0.23780949 0.25746194 -0.44644151
v -0.23780949 0.25746194 -0.44645152
v -0.16553949 0.54650694 0.38551348
v -0.23780949 0.29652193 -0.44644151
v -0.23780949 0.29261193 -0.44644151
v -0.35826243 0.21606974 -0.10679793
v -0.19092950 0.24574193 0.26448848
v -0.19092950 0.24574193 0.26447847
v -0.21045949 0.07388194 -0.45426152
v -0.31989948 0.31605193 0.22932847
v -0.23780949 0.27308193 -0.44645152
v -0.23614685 0.21092700 -0.39125377
v -0.18702949 0.25744194 0.31916847
v -0.19092950 0.25744194 0.31916847
v -0.19092950 0.25746194 0.31922849
v -0.18311948 0.29261193 0.48336848
v -0.19511447 0.29551771 0.48758615
v -0.26204538 0.26543419 0.35375439
v -0.17920949 0.23403195 0.20979848
v -0.23780949 0.38636193 -0.44645152
v -0.23780949 0.51136193 -0.44644151
v -0.23780949 0.50746194 -0.44644151
v -0.20798579 0.26380844 0.34887892
v -0.13623949 0.12854193 0.51447847
v -0.14014948 0.12854193 0.51447847
v -0.13233949 0.12627193 0.52229848
v -0.14014948 0.12855195 0.51442846
v -0.23780949 0.37855193 -0.44645152
v -0.23780949 0.37465194 -0.44644151
v -0.23780949 0.23403195 0.20979848
v -0.23780949 0.26136193 -0.44644151
v -0.20887557 0.26917213 0.37393257
v -0.31983949 0.36293194 0.22944847
v -0.11280949 0.24825195 0.27619847
v -0.23780949 0.32386193 -0.44644151
v -0.16748949 0.12855195 0.51442846
v -0.17139948 0.12855195 0.51442846
v -0.16748949 0.12854193 0.51447847
v -0.19483949 0.25746194 0.31922849
v -0.19483949 0.25744194 0.31916847
v -0.23780949 0.51136193 -0.44645152
v -0.23780949 0.49965194 -0.44644151
v -0.23780949 0.43324193 -0.44645152
v -0.23780949 0.42933193 -0.44644151
v -0.23780949 0.46449193 -0.44644151
v -0.23780949 0.46840194 -0.44644151
v -0.23780949 0.46840194 -0.44645152
v -0.23780949 0.35902193 -0.44645152
v -0.17139948 0.54652193 0.38544848
v -0.16748949 0.54649195 0.38557847
v -0.18311948 0.55043194 -0.47387151
v -0.18401097 0.55043595 -0.47383944
v -0.18311948 0.55044195 -0.47379152
v -0.23780949 0.49183193 -0.44645152
v -0.23780949 0.49574193 -0.44645152
v -0.23780949 0.49183193 -0.44644151
v -0.23578249 0.20934119 0.23698754
v -0.23780949 0.41371194 -0.44645152
v -0.23780949 0.28871194 -0.44645152
v -0.23514706 0.08841840 -0.44994307
v -0.05420949 0.24574193 0.26447847
v -0.05811949 0.24574193 0.26447847
v -0.16358949 0.24574193 0.26447847
v -0.30620988 0.46317810 0.25888859
v -0.10108949 -0.41830805 -0.01683152
v -0.02295949 -0.41830805 -0.01683152
v -0.15967950 0.29261193 0.48336848
v 0.02000051 -0.20737806 0.87088849
v -0.10498949 -0.31672805 0.87776848
v -0.10108949 -0.31672805 0.87776848
v -0.10108949 -0.31674805 0.87775846
v -0.12842950 -0.30112806 -0.39960153
v -0.04639949 -0.41832805 -0.01676152
v -0.05030949 -0.41830805 -0.01683152
v -0.15186948 -0.32065806 0.87632849
v -0.17782948 0.28090194 -0.54019151
v -0.03467949 0.12855195 0.51442846
v -0.03077949 0.12854193 0.51447847
v -0.03077949 0.12855195 0.51442846
v -0.26529926 0.55449215 0.34681242
v -0.18311948 0.07386194 -0.45426152
v -0.18311948 0.07388194 -0.45426152
v -0.17920949 0.07386194 -0.45426152
v -0.23632387 0.05650023 0.24613107
v -0.19873949 -0.30115807 -0.39957152
v -0.12842950 0.24741194 0.27229848
v -0.12061949 0.24574193 0.26448848
v -0.14405949 -0.41830805 -0.01683152
v -0.14014948 -0.41830805 -0.01683152
v -0.23614697 -0.27010962 -0.42630036
v -0.18702949 0.29261193 0.48336848
v -0.18702949 0.29257193 0.48322847
v -0.13623949 -0.22299807 0.87678846
v -0.12842950 -0.21524806 0.87385847
v -0.21436948 0.25744194 0.31916847
v -0.23549015 0.15361987 0.42723968
v -0.16358949 -0.21518806 0.87383851
v -0.10498949 -0.22683807 -0.46598152
v -0.10108949 -0.22683807 -0.46598152
v -0.03467949 -0.30112806 -0.39960153
v -0.15186948 -0.31674805 0.87775846
v -0.14795949 -0.31674805 0.87775846
v -0.15186948 -0.31672805 0.87776848
v -0.15577949 -0.30115807 -0.39957152
v -0.22979583 0.09713309 -0.44829071
v -0.19873949 -0.22683807 -0.46598152
v -0.18702949 -0.30112806 -0.39960153
v -0.15186948 0.23403195 0.20979848
v -0.14795949 0.23403195 0.20979848
v -0.12061949 -0.17164794 -0.51508347
v -0.20264948 -0.22690806 -0.46591152
v -0.19873949 -0.22690806 -0.46591152
v -0.15577949 -0.30112806 -0.39960153
v -0.19882950 0.29261193 0.48322847
v -0.06261663 0.27449887 0.39882846
v -0.22874315 -0.27095282 0.89467794
v -0.15577949 0.16372193 0.39338847
v -0.15186948 0.16372193 0.39338847
v -0.18702949 -0.22683807 -0.46598152
v -0.01514949 0.12855195 0.51442846
v -0.17530949 0.25744194 0.31916847
v -0.17530949 0.25746194 0.31922849
v -0.13623949 -0.41830805 -0.01683152
v -0.13623949 -0.41832805 -0.01676152
v -0.17335449 0.29541943 0.48732848
v -0.10889949 0.55043194 -0.47387151
v -0.11280949 0.55044195 -0.47379152
v -0.10889949 0.55044195 -0.47379152
v -0.10889949 -0.43393806 0.06534847
v -0.10498949 -0.43393806 0.06534847
v -0.21045949 0.07386194 -0.45426152
v -0.20655949 0.07386194 -0.45426152
v -0.11280949 0.07388194 -0.45426152
v -0.10889949 0.07386194 -0.45426152
v -0.11280949 0.07386194 -0.45426152
v -0.16358949 -0.43391806 0.06526848
v -0.13623949 -0.31672805 0.87776848
v -0.07373949 -0.21524806 0.87385847
v -0.07764949 -0.21518806 0.87383851
v -0.07764949 -0.21524806 0.87385847
v -0.19988600 0.36226230 0.48769051
v -0.03467949 0.23402193 0.20974848
v -0.03858949 0.23402193 0.20974848
v -0.15577949 -0.41832805 -0.01676152
v -0.18702949 0.23403195 0.20979848
v -0.19092950 0.23403195 0.20979848
v -0.14014948 -0.22683807 -0.46598152
v -0.17139948 -0.32739806 0.87385847
v -0.17530949 -0.31672805 0.87776848
v -0.17530949 0.26918194 -0.54415152
v -0.12842950 0.53480193 0.44018849
v -0.12452949 0.53480193 0.44018849
v -0.19874172 0.29622726 0.48777769
v -0.21045949 0.24574193 0.26448848
v -0.12981361 -0.35415285 -0.35202489
v -0.17782948 0.34340194 -0.54019151
v -0.17530949 0.34730193 -0.54415152
v -0.07373949 0.25744194 0.31916847
v -0.08155949 -0.43391806 0.06526848
v 0.00047051 -0.43393806 0.06534847
v 0.00437051 -0.43393806 0.06534847
v 0.00437051 -0.43465805 0.06916848
v 0.00047051 -0.43391806 0.06526848
v -0.11280949 0.12854193 0.51447847
v -0.11280949 0.12855195 0.51442846
v -0.11670949 0.12855195 0.51442846
v -0.06983949 0.53478196 0.44026848
v -0.07373949 0.53478196 0.44026848
v -0.17139948 0.29261193 0.48336848
v -0.17533948 0.26527193 -0.54410152
v -0.22906199 0.50318756 -0.46011902
v -0.17396815 0.13646185 0.48721389
v -0.14405949 0.12855195 0.51442846
v -0.17507941 0.53549974 -0.54126095
v -0.17139948 0.29652193 0.48789849
v -0.17533948 0.26918194 -0.54410152
v -0.11164076 0.28722894 0.45830963
v -0.19873949 0.25744194 0.31916847
v -0.23389948 0.20277193 -0.40358151
v -0.23400948 0.20277193 -0.40348152
v -0.20264948 0.25746194 0.31922849
v -0.18702949 -0.43393806 0.06534847
v -0.23780949 0.33558193 -0.44645152
v -0.23780949 0.31996194 -0.44644151
v -0.05023141 0.53877818 -0.94655013
v -0.06202949 0.16372193 0.39338847
v -0.06592949 0.16372193 0.39338847
v -0.09327949 0.16372193 0.39338847
v -0.08936949 0.16372193 0.39338847
v -0.19873949 0.29261193 0.48332848
v -0.19483949 0.29257193 0.48322847
v -0.23780949 0.26527193 -0.44645152
v -0.08936949 0.23402193 0.20974848
v -0.09327949 0.23402193 0.20974848
v -0.03077949 -0.43391806 0.06526848
v -0.03467949 -0.43391806 0.06526848
v -0.15967950 0.23402193 0.20974848
v 0.24209325 -0.25751425 0.08699244
v -0.04248949 -0.43540806 0.07307847
v -0.17530949 0.24574193 0.26447847
v -0.17530949 0.28090194 -0.54415152
v -0.17530949 0.27699193 -0.54415152
v -0.17533948 0.28090194 -0.54410152
v -0.20655949 0.23402193 0.20974848
v -0.23749875 0.22511671 -0.38356611
v -0.01514949 -0.43391806 0.06526848
v -0.32228767 0.41435023 0.22415215
v -0.17494011 0.09730194 -0.44834153
v -0.03077949 0.55043194 -0.47387151
v -0.15186948 0.16371194 0.39342847
v -0.14795949 0.16371194 0.39342847
v -0.20240898 0.29674579 0.48309259
v -0.09717949 -0.22683807 -0.46598152
v -0.23780949 0.52699193 -0.44645152
v -0.23780949 0.52699193 -0.44644151
v -0.08643699 -0.17026306 -0.51503653
v -0.10498949 -0.20737806 0.87088849
v -0.11670949 -0.43393806 0.06534847
v -0.12061949 -0.43391806 0.06526848
v -0.19092950 0.07386194 -0.45426152
v -0.18311948 0.16371194 0.39342847
v -0.13233949 -0.22690806 -0.46591152
v -0.17139948 0.25746194 0.31922849
v -0.17139948 0.25744194 0.31916847
v -0.16748949 0.25744194 0.31916847
v -0.15577949 0.24574193 0.26448848
v -0.15186948 0.24574193 0.26447847
v -0.23780949 0.41371194 -0.44644151
v -0.23780949 0.40980193 -0.44644151
v -0.23780949 0.30043194 -0.44645152
v -0.08049304 0.15582452 0.42056256
v -0.23559039 0.08629006 0.65957560
v -0.23780949 0.48793194 -0.44645152
v -0.23780949 0.48402193 -0.44644151
v -0.23780949 0.48793194 -0.44644151
v -0.11670949 0.12854193 0.51447847
v -0.11231824 0.12456694 0.52815347
v -0.13233949 0.07388194 -0.45426152
v -0.12842950 0.07386194 -0.45426152
v -0.08155949 -0.43393806 0.06534847
v -0.07764949 -0.43393806 0.06534847
v -0.07373949 -0.43465805 0.06916848
v -0.20234949 0.29652193 0.48322847
v -0.19873949 0.29258195 0.48322847
v -0.03467949 0.24574193 0.26447847
v -0.03858949 0.24574193 0.26448848
v -0.03858949 0.24574193 0.26447847
v -0.17530949 0.28480193 -0.54415152
v -0.19483949 0.12855195 0.51442846
v -0.19092950 0.12854193 0.51447847
v -0.24561948 0.25746194 0.31922849
v -0.24561948 0.25744194 0.31916847
v -0.23780949 0.43324193 -0.44644151
v -0.14405949 0.16372193 0.39338847
v -0.13623949 -0.22690806 -0.46591152
v -0.13623949 -0.22683807 -0.46598152
v -0.07373949 0.26918194 0.37396847
v -0.07373949 0.26915193 0.37385847
v -0.06983949 0.26915193 0.37385847
v -0.20505434 0.29209206 0.47636372
v -0.03032357 0.11880905 0.54797561
v -0.21436948 0.26918194 0.37396847
v -0.15967950 0.07386194 -0.45426152
v -0.17530949 0.16372193 0.39338847
v -0.17530949 0.16371194 0.39342847
v -0.09327949 -0.41830805 -0.01683152
v -0.09717949 -0.41830805 -0.01683152
v -0.15967950 0.26918194 0.37396847
v -0.15577949 0.26915193 0.37385847
v -0.15577949 0.26918194 0.37396847
v -0.24811542 0.32389889 -0.43033705
v -0.23780949 0.31215194 -0.44644151
v -0.23564674 0.12397774 0.52900727
v -0.12842950 0.07388194 -0.45426152
v -0.12452949 0.07386194 -0.45426152
v -0.18702949 0.07388194 -0.45426152
v -0.19092950 0.07388194 -0.45426152
v -0.18702949 0.07386194 -0.45426152
v -0.10108949 0.23402193 0.20974848
v -0.10108949 0.23403195 0.20979848
v -0.10498949 0.23403195 0.20979848
v -0.23380798 0.20189677 -0.40463373
v -0.17920949 0.24574193 0.26448848
v -0.23780949 0.36683193 -0.44644151
v -0.02686949 -0.30115807 -0.39957152
v -0.12842950 0.16371194 0.39342847
v -0.13233949 0.16371194 0.39342847
v -0.15967950 -0.30112806 -0.39960153
v -0.17533948 0.26136193 -0.54410152
v -0.20350167 0.40513941 -0.50007769
v -0.17544624 0.36379814 -0.54392533
v -0.15967950 0.24741194 0.27229848
v -0.20264948 0.12855195 0.51442846
v -0.16748949 0.26915193 0.37385847
v -0.16748949 0.26918194 0.37396847
v -0.20264948 0.12854193 0.51447847
v -0.23780949 0.31215194 -0.44645152
v -0.03440947 0.13678040 0.48611760
v -0.00342949 -0.41830805 -0.01683152
v -0.00733949 -0.41830805 -0.01683152
v -0.23780949 0.45668194 -0.44645152
v -0.23780949 0.46058193 -0.44645152
v -0.23780949 0.45668194 -0.44644151
v -0.05811949 -0.30112806 -0.39960153
v -0.17530949 0.29261193 0.48336848
v -0.14405949 0.25744194 0.31916847
v -0.14014948 0.25744194 0.31916847
v -0.14405949 0.25746194 0.31922849
v -0.21827949 0.25746194 0.31922849
v -0.21827949 0.25744194 0.31916847
v -0.23780949 0.48402193 -0.44645152
v -0.23780949 0.48011193 -0.44644151
v -0.19873949 0.25746194 0.31922849
v -0.23780949 0.33949193 -0.44645152
v -0.14405949 -0.41832805 -0.01676152
v -0.23780949 0.34340194 -0.44645152
v -0.17530949 0.51918194 -0.54415152
v -0.15967950 0.12854193 0.51447847
v -0.16358949 0.12855195 0.51442846
v -0.03742670 0.21832766 0.13894632
v -0.11670949 -0.43391806 0.06526848
v -0.10889949 0.29257193 0.48322847
v -0.11280949 0.29257193 0.48322847
v -0.22608949 0.24574193 0.26448848
v -0.14405949 0.07386194 -0.45426152
v -0.12871691 0.25187962 0.29317186
v -0.17530949 0.34340194 -0.54415152
v -0.16358949 0.12854193 0.51447847
v -0.18702949 0.16372193 0.39338847
v -0.09717949 0.16371194 0.39342847
v -0.10108949 0.16372193 0.39338847
v -0.09327949 -0.41832805 -0.01676152
v -0.14014948 0.24574193 0.26447847
v -0.13623949 0.24574193 0.26447847
v -0.20268866 0.29261742 0.47952681
v -0.10498949 0.53478196 0.44026848
v -0.17533948 0.27699193 -0.54410152
v -0.17491019 0.17135628 0.36709917
v -0.18311948 0.29257193 0.48322847
v -0.10498949 0.28090194 0.42870848
v -0.07764949 0.29257193 0.48322847
v -0.16358949 0.16371194 0.39342847
v -0.17533948 0.27308193 -0.54410152
v -0.03467949 0.07388194 -0.45426152
v -0.03858949 0.07388194 -0.45426152
v -0.03467949 0.07386194 -0.45426152
v -0.18012606 -0.43613398 0.07682126
v -0.10889949 0.12854193 0.51447847
v -0.10889949 0.12855195 0.51442846
v -0.15186948 0.12855195 0.51442846
v -0.15186948 0.12854193 0.51447847
v -0.14014948 -0.31672805 0.87776848
v -0.14405949 0.24825195 0.27619847
v -0.14014948 0.24574193 0.26448848
v -0.13623949 0.24574193 0.26448848
v -0.13356717 0.22137877 0.15098236
v -0.11280949 0.16372193 0.39338847
v -0.10889949 0.16371194 0.39342847
v -0.09327949 -0.30115807 -0.39957152
v -0.19873949 0.12855195 0.51442846
v -0.04248949 -0.43465805 0.06916848
v -0.03467949 -0.43393806 0.06534847
v -0.12686677 0.14586781 0.45491184
v -0.18702949 0.25746194 0.31922849
v -0.17533948 0.28480193 -0.54410152
v -0.15967950 0.26915193 0.37385847
v -0.14795949 0.25746194 0.31922849
v -0.17530949 0.37855193 -0.54415152
v -0.23780949 0.36293194 -0.44645152
v -0.23780949 0.33949193 -0.44644151
v -0.23780949 0.35902193 -0.44644151
v -0.23780949 0.36293194 -0.44644151
v -0.23780949 0.36683193 -0.44645152
v -0.16358949 0.26915193 0.37385847
v -0.16358949 0.26918194 0.37396847
v -0.08545949 0.25746194 0.31922849
v -0.08155949 0.25744194 0.31916847
v -0.20655949 0.12855195 0.51442846
v -0.23780949 0.40199193 -0.44644151
v -0.10498949 -0.30115807 -0.39957152
v -0.23780949 0.40199193 -0.44645152
v -0.14795949 0.29257193 0.48322847
v -0.16748949 0.25746194 0.31922849
v -0.16358949 0.25744194 0.31916847
v -0.24604311 0.55929691 -0.43200665
v -0.15577949 0.25746194 0.31922849
v -0.15967950 0.25746194 0.31922849
v -0.17694805 0.55143454 0.36249742
v -0.23780949 0.44105193 -0.44644151
v -0.16358949 0.24574193 0.26448848
v -0.23780949 0.44496194 -0.44645152
v -0.23780949 0.46449193 -0.44645152
v -0.23780949 0.47230193 -0.44645152
v -0.23780949 0.45277193 -0.44645152
v -0.23780949 0.45277193 -0.44644151
v -0.23780949 0.47230193 -0.44644151
v -0.23780949 0.41761193 -0.44645152
v -0.17530949 0.55043194 -0.47387151
v -0.17530949 0.55044195 -0.47379152
v -0.12616319 0.24167125 0.24549188
v -0.19483271 0.30706208 0.48790856
v -0.23506261 -0.48333332 0.79052622
v -0.16358949 0.23403195 0.20979848
v -0.15967950 0.23403195 0.20979848
v -0.23780949 0.47621194 -0.44645152
v -0.23780949 0.48011193 -0.44645152
v -0.23780949 0.47621194 -0.44644151
v -0.23780949 0.49965194 -0.44645152
v -0.23780949 0.49574193 -0.44644151
v -0.01905949 0.29257193 0.48322847
v -0.02295949 0.29257193 0.48322847
v -0.23780949 0.50746194 -0.44645152
v -0.26520599 0.49437043 -0.40361644
v -0.23780949 0.50355193 -0.44645152
v -0.23780949 0.50355193 -0.44644151
v -0.23780949 0.46058193 -0.44644151
v -0.21913819 0.44652628 -0.47562601
v -0.17530836 0.47620766 -0.54415284
v -0.14014948 0.29257193 0.48322847
v -0.14405949 0.29261193 0.48336848
v -0.19873949 0.32484193 0.48774847
v -0.14014948 0.25746194 0.31922849
v -0.10889949 -0.41832805 -0.01676152
v -0.10889949 -0.30112806 -0.39960153
v -0.10498949 -0.30112806 -0.39960153
v -0.01514949 -0.31672805 0.87776848
v -0.01123949 -0.31672805 0.87776848
v -0.01123949 -0.31674805 0.87775846
v -0.14014948 -0.21524806 0.87385847
v -0.13623949 -0.21524806 0.87385847
v -0.17920949 0.29257193 0.48322847
v -0.17530949 0.29257193 0.48322847
v -0.17920949 0.29261193 0.48336848
v -0.01603322 0.15918465 0.40900527
v -0.05420949 -0.30115807 -0.39957152
v -0.04639949 0.16372193 0.39338847
v -0.04248949 0.16372193 0.39338847
v -0.03018472 -0.24658909 0.88569982
v -0.12061949 0.16372193 0.39338847
v -0.11670949 0.16372193 0.39338847
v -0.17139948 0.31727256 -0.54874150
v -0.07373949 -0.41830805 -0.01683152
v -0.06983949 -0.41832805 -0.01676152
v -0.07373949 -0.43393806 0.06534847
v -0.07764949 -0.43391806 0.06526848
v -0.05811949 -0.43540806 0.07307847
v -0.09717949 -0.31672805 0.87776848
v -0.09327949 -0.31672805 0.87776848
v -0.09327949 -0.31674805 0.87775846
v -0.14405949 -0.21524806 0.87385847
v -0.14795949 -0.21518806 0.87383851
v -0.14795949 -0.21524806 0.87385847
v -0.16374863 -0.42606264 0.02394305
v -0.09717949 -0.31674805 0.87775846
v 0.07078051 0.29257193 0.48322847
v 0.07078051 0.29261193 0.48336848
v 0.06687051 0.29261193 0.48336848
v -0.10108949 0.29257193 0.48322847
v -0.10498949 0.29257193 0.48322847
v -0.17530949 0.30433193 -0.54415152
v -0.01123949 0.24574193 0.26447847
v -0.01123949 0.24574193 0.26448848
v -0.00342949 0.24741194 0.27229848
v -0.00733949 0.24574193 0.26447847
v -0.02686949 -0.43391806 0.06526848
v -0.14405949 0.16371194 0.39342847
v -0.17530949 0.28871194 -0.54415152
v -0.10498949 -0.32065806 0.87632849
v -0.09327949 -0.21518806 0.87383851
v -0.09717949 -0.21518806 0.87383851
v -0.09327949 -0.21524806 0.87385847
v -0.17782948 0.37465194 -0.54019151
v -0.02686949 0.23402193 0.20974848
v -0.18422602 -0.19315483 0.86551549
v -0.05030949 -0.43391806 0.06526848
v -0.04639949 -0.43391806 0.06526848
v -0.15967950 -0.21518806 0.87383851
v -0.14795949 0.16372193 0.39338847
v -0.14405949 0.55043194 -0.47387151
v -0.14795949 0.55044195 -0.47379152
v -0.14405949 0.55044195 -0.47379152
v -0.14795949 0.23402193 0.20974848
v -0.12452949 0.12854193 0.51447847
v -0.12842950 0.12854193 0.51447847
v -0.12842950 0.12855195 0.51442846
v -0.14795949 0.12855195 0.51442846
v -0.17533948 0.52699193 -0.54410152
v -0.17782948 0.53090194 -0.54019151
v -0.17533948 0.53090194 -0.54410152
v -0.14405949 0.07388194 -0.45426152
v -0.17533948 0.32386193 -0.54410152
v -0.17533948 0.31996194 -0.54410152
v -0.18032950 0.32386193 -0.53629152
v -0.09717949 0.12854193 0.51447847
v -0.10108949 0.12855195 0.51442846
v -0.09717949 0.12855195 0.51442846
v -0.13233949 0.12854193 0.51447847
v -0.13233949 0.12855195 0.51442846
v -0.13623949 0.26915193 0.37385847
v -0.17139948 0.49085943 -0.54874150
v -0.14405949 0.23403195 0.20979848
v -0.14014948 0.23402193 0.20974848
v -0.16358949 0.29261193 0.48336848
v -0.16748949 0.29261193 0.48336848
v -0.05812893 0.05616987 -0.45878123
v -0.11085449 0.54650694 0.38551348
v -0.14014948 0.26915193 0.37385847
v -0.12452949 0.12513194 0.52619847
v -0.07764949 0.24574193 0.26448848
v -0.07764949 0.24574193 0.26447847
v 0.10984051 0.25746194 0.31922849
v 0.11375051 0.25744194 0.31916847
v 0.11375051 0.25746194 0.31922849
v -0.12842950 0.29261193 0.48336848
v -0.07764949 0.53480193 0.44018849
v -0.15082694 0.29652691 0.48790105
v -0.10889949 0.16372193 0.39338847
v -0.06202949 0.24574193 0.26448848
v -0.13233949 0.24574193 0.26448848
v -0.13233949 0.24574193 0.26447847
v -0.07132584 0.23817211 0.22915086
v -0.12452949 0.23403195 0.20979848
v -0.12452949 0.23402193 0.20974848
v -0.12061949 0.23402193 0.20974848
v -0.13623949 0.12855195 0.51442846
v -0.17530949 0.33168194 -0.54415152
v -0.17530949 0.32777193 -0.54415152
v -0.17533948 0.33168194 -0.54410152
v -0.08155949 0.53480193 0.44018849
v -0.02686949 -0.43465805 0.06916848
v -0.16358949 0.29257193 0.48322847
v -0.15186948 0.29261193 0.48336848
v -0.15577949 0.29261193 0.48336848
v -0.17530949 0.40590194 -0.54415152
v -0.17530949 0.40199193 -0.54415152
v -0.17533948 0.40590194 -0.54410152
v -0.10108949 0.25746194 0.31922849
v -0.10108949 0.25744194 0.31916847
v -0.09717949 0.25744194 0.31916847
v -0.05423718 0.53480787 -0.94646045
v -0.14795949 0.24574193 0.26448848
v -0.14405949 0.24574193 0.26448848
v -0.17782948 0.31215194 -0.54019151
v -0.17920949 0.55043194 -0.47387151
v 0.03310803 -0.40962313 -0.06256802
v -0.18649054 0.51453935 -0.52666538
v -0.17530949 0.40980193 -0.54415152
v -0.18911449 0.53950908 -0.52136668
v -0.16748949 0.55044195 -0.47379152
v -0.15967950 0.55044195 -0.47379152
v -0.16358949 0.55044195 -0.47379152
v -0.03467949 -0.21518806 0.87383851
v -0.02686949 -0.22559807 0.87776848
v -0.07995327 0.53860858 0.42241814
v -0.17533948 0.29652193 -0.54410152
v -0.10108949 0.26918194 0.37396847
v -0.16358949 0.55043194 -0.47387151
v -0.16748949 0.55043194 -0.47387151
v -0.17530949 0.53097192 -0.54410152
v -0.17530949 0.45668194 -0.54415152
v -0.17238949 0.44447193 -0.54801152
v -0.17139948 0.55043194 -0.47387151
v -0.08545949 -0.30115807 -0.39957152
v -0.28380316 0.43237010 0.30728597
v -0.08936949 -0.43393806 0.06534847
v -0.08545949 -0.43393806 0.06534847
v -0.08936949 -0.43465805 0.06916848
v -0.12061949 0.26918194 0.37396847
v -0.11670949 0.26918194 0.37396847
v -0.14795949 0.55043194 -0.47387151
v -0.12428074 0.09730194 -0.44834153
v -0.17530949 0.24574193 0.26448848
v -0.06592949 0.29257193 0.48322847
v -0.06592949 0.29261193 0.48336848
v -0.06983949 0.29261193 0.48336848
v -0.08545949 0.16372193 0.39338847
v -0.08155949 0.16372193 0.39338847
v 0.00437051 -0.43391806 0.06526848
v 0.00828051 -0.43391806 0.06526848
v -0.08155949 0.29261193 0.48336848
v -0.18311948 0.12854193 0.51447847
v -0.00733949 -0.21524806 0.87385847
v -0.00342949 -0.21524806 0.87385847
v -0.01123949 0.25744194 0.31916847
v -0.08545949 0.07386194 -0.45426152
v -0.17530949 0.33949193 -0.54415152
v -0.17533948 0.34340194 -0.54410152
v -0.09717949 0.29257193 0.48322847
v -0.10108949 0.29261193 0.48336848
v -0.06983949 0.25746194 0.31922849
v -0.06983949 0.25744194 0.31916847
v -0.06592949 0.25744194 0.31916847
v -0.16358949 0.16372193 0.39338847
v -0.07373949 -0.41832805 -0.01676152
v -0.08545949 -0.41830805 -0.01683152
v -0.08155949 -0.41830805 -0.01683152
v -0.08155949 -0.41832805 -0.01676152
v 0.25437050 -0.62933806 0.28010847
v 0.25418381 -0.62942512 0.27341083
v -0.11670949 -0.30112806 -0.39960153
v -0.13623949 -0.43393806 0.06534847
v -0.01905949 -0.41830805 -0.01683152
v -0.01514949 -0.41830805 -0.01683152
v -0.13623949 -0.30112806 -0.39960153
v 0.03172051 0.29257193 0.48322847
v -0.14014948 -0.41832805 -0.01676152
v -0.11781927 -0.23168268 0.88005919
v -0.14795949 0.12854193 0.51447847
v -0.03077949 -0.41832805 -0.01676152
v -0.11491392 0.27408535 0.39690054
v -0.09327949 -0.43391806 0.06526848
v -0.11280949 -0.30112806 -0.39960153
v -0.08936949 0.25746194 0.31922849
v -0.08545949 0.25744194 0.31916847
v -0.01123949 -0.21524806 0.87385847
v -0.14405949 -0.31672805 0.87776848
v -0.11670949 -0.22690806 -0.46591152
v -0.11280949 -0.22690806 -0.46591152
v -0.13233949 -0.31672805 0.87776848
v -0.14014948 -0.21518806 0.87383851
v -0.10595740 -0.35451373 -0.35175903
v -0.15186948 -0.21518806 0.87383851
v -0.15577949 -0.21518806 0.87383851
v -0.15186948 -0.21524806 0.87385847
v -0.05030949 -0.22683807 -0.46598152
v -0.04320120 0.22235868 0.15527614
v -0.18311948 -0.30112806 -0.39960153
v -0.17920949 -0.30112806 -0.39960153
v 0.12804230 -0.42195875 0.00234866
v -0.08936949 -0.41832805 -0.01676152
v -0.15577949 -0.21524806 0.87385847
v -0.11670949 -0.22683807 -0.46598152
v -0.10108949 -0.30115807 -0.39957152
v -0.13233949 -0.30115807 -0.39957152
v -0.23548858 -0.04389850 -0.48393049
v -0.10889949 -0.21524806 0.87385847
v -0.10889949 -0.21518806 0.87383851
v -0.10498949 -0.21524806 0.87385847
v -0.15577949 -0.22690806 -0.46591152
v -0.10889947 -0.31673935 0.87776294
v -0.11280949 -0.31672805 0.87776848
v -0.11280949 -0.30115807 -0.39957152
v -0.13233949 -0.22683807 -0.46598152
v -0.17181949 0.53480193 -0.54410152
v -0.05030949 -0.21518806 0.87383851
v -0.03255496 -0.02259128 0.82411248
v -0.12842950 -0.22683807 -0.46598152
v -0.13623949 0.25744194 0.31916847
v -0.12061949 0.07386194 -0.45426152
v -0.11670949 0.53480193 0.44018849
v -0.11670949 0.53478196 0.44026848
v -0.11280949 0.53478196 0.44026848
v -0.17530949 0.52699193 -0.54415152
v -0.07373949 0.53480193 0.44018849
v -0.14795949 0.07388194 -0.45426152
v -0.15967950 0.29257193 0.48322847
v -0.17533948 0.31605193 -0.54410152
v -0.17530949 0.31605193 -0.54415152
v -0.10380606 -0.13402394 -0.50675861
v -0.08205017 -0.16830971 -0.51542116
v -0.18032950 0.44886193 -0.53629152
v -0.09327949 0.24574193 0.26447847
v -0.14014948 0.55043194 -0.47387151
v -0.17530949 0.29652193 -0.54415152
v -0.08545949 -0.30112806 -0.39960153
v -0.06189636 -0.27815051 -0.42015845
v -0.15186948 0.25746194 0.31922849
v -0.14795949 0.25744194 0.31916847
v -0.15186948 0.26918194 0.37396847
v -0.14795949 0.26915193 0.37385847
v -0.14795949 0.26918194 0.37396847
v -0.12061949 0.12854193 0.51447847
v -0.12452949 0.12855195 0.51442846
v -0.00928949 -0.02277306 0.82364847
v -0.09717949 0.23402193 0.20974848
v -0.17920949 0.12854193 0.51447847
v -0.10498949 -0.41830805 -0.01683152
v -0.10108949 -0.41832805 -0.01676152
v -0.10498949 -0.41832805 -0.01676152
v -0.11670949 0.29257193 0.48322847
v -0.11670949 0.29261193 0.48336848
v -0.12061949 0.29261193 0.48336848
v -0.06642699 0.05767148 -0.45836837
v -0.05811949 0.07386194 -0.45426152
v -0.05420949 0.07386194 -0.45426152
v -0.14405949 0.12854193 0.51447847
v -0.15967950 0.07388194 -0.45426152
v -0.15577949 0.07388194 -0.45426152
v -0.09913449 0.29541943 0.48732848
v -0.10108949 0.12854193 0.51447847
v -0.10498949 0.12854193 0.51447847
v -0.10498949 0.12855195 0.51442846
v -0.17240226 0.23512469 -0.54779191
v -0.12842950 0.29257193 0.48322847
v -0.13233949 0.29261193 0.48336848
v -0.09293641 0.12525213 0.52579236
v -0.10889949 0.26918194 0.37396847
v -0.10889949 0.26915193 0.37385847
v -0.10498949 0.26915193 0.37385847
v -0.11670949 0.54649195 0.38557847
v -0.11593684 0.54315170 0.40117571
v -0.11280949 0.54649195 0.38557847
v -0.12061949 0.29257193 0.48322847
v -0.13233949 0.29257193 0.48322847
v -0.14405949 0.23402193 0.20974848
v -0.08545949 0.29257193 0.48322847
v -0.08936949 0.29257193 0.48322847
v -0.09327949 0.55043194 -0.47387151
v -0.09327949 0.55044195 -0.47379152
v -0.08936949 0.55043194 -0.47387151
v -0.17530949 0.31215194 -0.54415152
v -0.02686949 0.25746194 0.31922849
v -0.02295949 0.25744194 0.31916847
v -0.02295949 0.25746194 0.31922849
v -0.02686949 -0.43393806 0.06534847
v -0.02295949 -0.43393806 0.06534847
v 0.03172051 -0.43391806 0.06526848
v 0.02781051 -0.43391806 0.06526848
v -0.00118173 0.14437944 0.46003347
v -0.08545949 0.16371194 0.39342847
v -0.08936949 0.16371194 0.39342847
v -0.15967950 0.25744194 0.31916847
v -0.16358949 0.25746194 0.31922849
v -0.05420949 0.29261193 0.48336848
v -0.12842950 0.16372193 0.39338847
v -0.05420949 0.24574193 0.26448848
v -0.13233949 0.25746194 0.31922849
v -0.12842950 0.25744194 0.31916847
v -0.12842950 0.25746194 0.31922849
v -0.13233949 0.23402193 0.20974848
v -0.12842950 0.26918194 0.37396847
v -0.08155949 0.28090194 0.42870848
v -0.07764949 0.28086194 0.42854848
v -0.12452949 0.16371194 0.39342847
v -0.12452949 0.16372193 0.39338847
v -0.08936949 -0.41830805 -0.01683152
v -0.03077949 -0.43393806 0.06534847
v -0.26317616 0.41816483 -0.40677266
v -0.04248949 0.12855195 0.51442846
v -0.03858949 0.12855195 0.51442846
v -0.11280949 0.24574193 0.26447847
v -0.11670949 0.24574193 0.26447847
v 0.27000051 -0.55901805 0.24494848
v 0.27390050 -0.55901805 0.24494848
v 0.27000051 -0.55893806 0.24501847
v -0.10498949 0.16372193 0.39338847
v -0.10889949 0.25744194 0.31916847
v -0.10889949 0.25746194 0.31922849
v -0.15186948 0.24574193 0.26448848
v -0.09327949 0.26918194 0.37396847
v -0.07373949 0.12855195 0.51442846
v -0.07764949 0.12627193 0.52229848
v -0.06983949 0.12854193 0.51447847
v -0.06983949 0.12855195 0.51442846
v -0.14405949 0.26915193 0.37385847
v -0.15577949 0.25744194 0.31916847
v -0.15186948 0.25744194 0.31916847
v -0.12452949 0.07388194 -0.45426152
v 0.00828051 -0.43393806 0.06534847
v 0.01218051 -0.43393806 0.06534847
v -0.07164939 0.50834672 -0.96578725
v -0.08545949 0.26918194 0.37396847
v -0.08155949 0.26915193 0.37385847
v -0.08155949 0.26918194 0.37396847
v -0.06983949 0.53480193 0.44018849
v -0.06592949 0.53480193 0.44018849
v -0.13233949 0.25744194 0.31916847
v -0.13623949 0.25746194 0.31922849
v -0.12452949 0.26918194 0.37396847
v -0.15186948 0.26915193 0.37385847
v -0.12842950 0.26915193 0.37385847
v -0.13233949 0.26832193 0.36994847
v -0.06190872 -0.42879488 0.03830573
v -0.02295949 0.26748195 0.36604848
v -0.03077949 0.26832193 0.36994847
v -0.05616449 -0.19180307 -0.49727652
v -0.17533948 0.33949193 -0.54410152
v -0.04639949 -0.41830805 -0.01683152
v 0.19578051 -0.21524806 0.87385847
v 0.19187052 -0.21524806 0.87385847
v -0.17139948 0.28065381 -0.54874150
v -0.03467949 0.25746194 0.31922849
v -0.03858949 0.25746194 0.31922849
v -0.01514949 -0.41832805 -0.01676152
v -0.09360844 0.54651169 0.38549286
v -0.17533948 0.32777193 -0.54410152
v -0.17530949 0.29261193 -0.54415152
v -0.06202949 0.53478196 0.44026848
v -0.06592949 0.53478196 0.44026848
v -0.07764949 0.55043194 -0.47387151
v -0.07373949 0.55043194 -0.47387151
v -0.17530949 0.30824193 -0.54415152
v -0.17533948 0.30824193 -0.54410152
v -0.17530949 0.31996194 -0.54415152
v 0.02000051 -0.31672805 0.87776848
v 0.02390051 -0.31672805 0.87776848
v 0.02390051 -0.31674805 0.87775846
v -0.17533948 0.31215194 -0.54410152
v 0.05515051 -0.41832805 -0.01676152
v 0.02390051 -0.41832805 -0.01676152
v -0.14795949 0.29261193 0.48336848
v -0.17533948 0.43715194 -0.54410152
v -0.17533948 0.44105193 -0.54410152
v -0.08155949 0.55044195 -0.47379152
v 0.00047051 -0.41830805 -0.01683152
v 0.00437051 -0.41830805 -0.01683152
v 0.00437051 -0.41832805 -0.01676152
v -0.02686949 0.07386194 -0.45426152
v -0.02686949 0.07388194 -0.45426152
v -0.02295949 0.07386194 -0.45426152
v -0.17530420 0.35117010 -0.54415484
v -0.17530949 0.32386193 -0.54415152
v -0.08545949 0.23403195 0.20979848
v -0.08936949 0.23403195 0.20979848
v 0.00999173 -0.42911800 0.04000164
v -0.17530949 0.37074193 -0.54415152
v -0.17533948 0.37074193 -0.54410152
v -0.17533948 0.37465194 -0.54410152
v -0.17139948 0.40101443 -0.54874150
v -0.17530949 0.33558193 -0.54415152
v -0.17533948 0.33558193 -0.54410152
v -0.08545949 0.53478196 0.44026848
v -0.06978248 0.59786290 0.14653157
v -0.17533948 0.34730193 -0.54410152
v -0.17533948 0.40980193 -0.54410152
v -0.17543014 0.39482662 -0.54395141
v -0.08936949 0.55044195 -0.47379152
v -0.03858949 -0.30112806 -0.39960153
v -0.01123949 -0.30112806 -0.39960153
v -0.17139948 0.37196193 -0.54874150
v -0.00342949 -0.30115807 -0.39957152
v 0.00047051 -0.30115807 -0.39957152
v -0.12061949 0.55043194 -0.47387151
v -0.11670949 0.55043194 -0.47387151
v -0.12061949 0.55044195 -0.47379152
v -0.17139948 0.34046693 -0.54874150
v -0.08155949 0.55043194 -0.47387151
v -0.13169438 0.29653829 0.48790688
v -0.17530949 0.36683193 -0.54415152
v -0.17533948 0.37855193 -0.54410152
v -0.12061949 0.54652193 0.38544848
v -0.12257449 0.54650694 0.38551348
v 0.01218051 -0.41832805 -0.01676152
v 0.01609051 -0.41832805 -0.01676152
v 0.01218051 -0.41830805 -0.01683152
v -0.17533948 0.46058193 -0.54410152
v -0.17533948 0.45668194 -0.54410152
v -0.17533948 0.40199193 -0.54410152
v -0.06202949 0.55043194 -0.47387151
v -0.06592949 0.55044195 -0.47379152
v -0.06202949 0.55044195 -0.47379152
v -0.05811949 -0.43393806 0.06534847
v -0.03467949 -0.31674805 0.87775846
v -0.03858949 -0.31674805 0.87775846
v -0.06592949 -0.43393806 0.06534847
v -0.05811949 -0.43465805 0.06916848
v -0.01123949 -0.41832805 -0.01676152
v -0.05811949 0.53480193 0.44018849
v -0.06202949 0.53480193 0.44018849
v -0.05811949 0.53478196 0.44026848
v -0.01905949 -0.43393806 0.06534847
v -0.01514949 -0.43393806 0.06534847
v -0.12842950 0.53478196 0.44026848
v -0.13233949 0.53478196 0.44026848
v -0.08545949 0.55043194 -0.47387151
v -0.17530931 0.38245601 -0.54415105
v -0.17782948 0.43715194 -0.54019151
v -0.17530949 0.39808193 -0.54415152
v -0.17530943 0.41368080 -0.54414750
v -0.17530949 0.46058193 -0.54415152
v -0.17533948 0.46449193 -0.54410152
v -0.17530949 0.44496194 -0.54415152
v -0.17238949 0.50746068 -0.54801152
v -0.00733949 -0.30112806 -0.39960153
v -0.08545949 -0.41832805 -0.01676152
v -0.01905949 -0.19185807 -0.49723152
v -0.02295949 -0.19174807 -0.49732153
v -0.17530949 0.47230193 -0.54415152
v -0.17530949 0.46840194 -0.54415152
v -0.17533948 0.47230193 -0.54410152
v -0.17533948 0.43324193 -0.54410152
v -0.17543663 0.42641026 -0.54394058
v -0.17530949 0.43324193 -0.54415152
v -0.17530949 0.42933193 -0.54415152
v -0.17530949 0.46449193 -0.54415152
v -0.01905949 0.25746194 0.31922849
v -0.01905949 0.25744194 0.31916847
v -0.01514949 0.25744194 0.31916847
v 0.01609051 -0.43393806 0.06534847
v 0.02000051 -0.43465805 0.06916848
v 0.01218051 -0.43391806 0.06526848
v -0.14617674 0.54017325 0.41509880
v -0.15186948 0.55043194 -0.47387151
v -0.15577949 0.55044195 -0.47379152
v -0.15186948 0.55044195 -0.47379152
v -0.17530949 0.49183193 -0.54415152
v -0.17530949 0.51527193 -0.54415152
v -0.17139948 0.42591693 -0.54874150
v -0.17782948 0.46840194 -0.54019151
v -0.17530949 0.45277193 -0.54415152
v -0.17533948 0.46840194 -0.54410152
v -0.17533948 0.45277193 -0.54410152
v -0.17533948 0.44496194 -0.54410152
v -0.17533948 0.44886193 -0.54410152
v -0.17530949 0.44886193 -0.54415152
v -0.08155949 0.60121194 0.14105848
v -0.08535949 0.60121194 0.13947848
v -0.17819415 0.45984607 -0.53962293
v -0.06592949 0.55043194 -0.47387151
v -0.06983949 0.55044195 -0.47379152
v 0.18401824 -0.33610010 0.87067413
v 0.03110659 0.43563775 -0.57438047
v -0.17544628 0.48878985 -0.54392445
v -0.17139948 0.46351381 -0.54874150
v -0.20065692 0.52428334 0.48694068
v -0.14795949 0.53478196 0.44026848
v -0.15967950 0.55043194 -0.47387151
v -0.15577949 0.55043194 -0.47387151
v -0.18842879 0.48659702 -0.52363622
v -0.17530949 0.50355193 -0.54415152
v -0.17533948 0.50355193 -0.54410152
v -0.17782948 0.49965194 -0.54019151
v 0.03562051 -0.31672805 0.87776848
v 0.03953051 -0.31672805 0.87776848
v 0.03953051 -0.31674805 0.87775846
v -0.17533948 0.51136193 -0.54410152
v -0.17533948 0.50746194 -0.54410152
v -0.17530949 0.50746194 -0.54415152
v -0.10504057 0.54271159 -0.50889786
v -0.17530949 0.53090194 -0.54415152
v -0.17533948 0.49574193 -0.54410152
v -0.17530949 0.49574193 -0.54415152
v -0.17533948 0.49965194 -0.54410152
v -0.17530949 0.49965194 -0.54415152
v -0.17533948 0.51918194 -0.54410152
v -0.17530949 0.52308193 -0.54415152
v -0.17533948 0.52308193 -0.54410152
v -0.17533948 0.51527193 -0.54410152
v 0.17625051 -0.21524806 0.87385847
v 0.17234050 -0.21524806 0.87385847
v -0.00342949 -0.22683807 -0.46598152
v -0.04639949 0.07386194 -0.45426152
v -0.04639949 0.07388194 -0.45426152
v -0.04248949 0.07386194 -0.45426152
v -0.06674424 -0.20067420 -0.48934348
v -0.17530949 0.51136193 -0.54415152
v -0.06983949 0.55043194 -0.47387151
v -0.13776362 0.53481689 0.44012633
v -0.14014948 0.53478196 0.44026848
v -0.13623949 0.53478196 0.44026848
v -0.12842950 0.54649195 0.38557847
v -0.12647949 0.54650694 0.38551348
v -0.17139948 0.55044195 -0.47379152
v -0.12452949 0.55044195 -0.47379152
v -0.15577949 0.53478196 0.44026848
v -0.07764949 -0.41832805 -0.01676152
v -0.07764949 -0.41830805 -0.01683152
v -0.14014948 0.55044195 -0.47379152
v -0.13623949 0.55044195 -0.47379152
v -0.13819449 0.54650694 0.38551348
v -0.14795949 0.53480193 0.44018849
v -0.14405949 0.53478196 0.44026848
v -0.26520304 0.44684565 -0.40362050
v -0.33244286 0.61705489 -0.13796853
v -0.11670949 0.26915193 0.37385847
v -0.11280949 0.26915193 0.37385847
v -0.11670949 0.26748195 0.36604848
v -0.12842950 0.24574193 0.26447847
v -0.13510522 0.53150189 0.45560910
v -0.10889949 0.23402193 0.20974848
v -0.11280949 0.23402193 0.20974848
v -0.12842950 0.55044195 -0.47379152
v -0.13233949 0.55044195 -0.47379152
v -0.05225949 0.28088194 0.42862848
v -0.05420949 0.28086194 0.42854848
v -0.09327949 -0.43393806 0.06534847
v -0.06983949 -0.22683807 -0.46598152
v -0.06592949 -0.22683807 -0.46598152
v -0.06592949 -0.22690806 -0.46591152
v 0.19968051 -0.21524806 0.87385847
v 0.19578051 -0.21518806 0.87383851
v 0.20359050 -0.31674805 0.87775846
v 0.20359050 -0.31672805 0.87776848
v 0.19968051 -0.31672805 0.87776848
v -0.07373949 -0.31674805 0.87775846
v -0.07764949 -0.31672805 0.87776848
v -0.07764949 -0.31674805 0.87775846
v -0.13623949 0.54652193 0.38544848
v -0.01123949 -0.41830805 -0.01683152
v -0.10108949 -0.21524806 0.87385847
v -0.10498949 -0.21518806 0.87383851
v -0.05030949 -0.43393806 0.06534847
v -0.06983949 -0.31674805 0.87775846
v -0.07373949 -0.31672805 0.87776848
v -0.08155949 0.29257193 0.48322847
v -0.00733949 -0.21518806 0.87383851
v -0.06592949 -0.41832805 -0.01676152
v -0.00733949 0.25746194 0.31922849
v -0.00342949 0.25744194 0.31916847
v -0.00342949 0.25746194 0.31922849
v -0.00733949 0.16372193 0.39338847
v -0.00342949 0.16372193 0.39338847
v -0.04248949 -0.43393806 0.06534847
v -0.11280949 -0.22683807 -0.46598152
v -0.10889949 -0.22683807 -0.46598152
v -0.10889949 -0.22690806 -0.46591152
v 0.03419702 0.52558917 0.48323375
v -0.06983949 -0.43393806 0.06534847
v -0.11670949 -0.31672805 0.87776848
v -0.09717949 -0.41832805 -0.01676152
v 0.20261301 -0.24632556 0.88559098
v -0.03077949 0.25744194 0.31916847
v -0.03077949 0.25746194 0.31922849
v -0.12061949 -0.31674257 0.87776122
v -0.12061949 -0.31672805 0.87776848
v -0.10930512 -0.26012194 -0.43631450
v -0.14405949 -0.30112806 -0.39960153
v -0.12842950 -0.21518806 0.87383851
v -0.13149548 -0.27010602 0.89446534
v -0.08545949 -0.31672805 0.87776848
v -0.08155949 -0.31672805 0.87776848
v -0.08155949 -0.31674805 0.87775846
v -0.11670949 -0.30115807 -0.39957152
v -0.12061949 -0.30112806 -0.39960153
v -0.09327949 -0.16830806 -0.51542155
v 0.25101081 -0.62535639 0.28547616
v 0.25431051 -0.62924805 0.28401848
v -0.12061949 -0.22559807 0.87776848
v -0.12061949 -0.22683807 -0.46598152
v -0.12452949 -0.22683807 -0.46598152
v -0.10889949 -0.31672805 0.87776848
v -0.10498949 -0.31674805 0.87775846
v -0.09717949 -0.30115807 -0.39957152
v -0.11280949 -0.21127807 0.87235846
v -0.14405949 -0.21518806 0.87383851
v -0.10498949 0.07386194 -0.45426152
v -0.10889949 0.07388194 -0.45426152
v -0.10498949 0.07388194 -0.45426152
v -0.12061949 -0.21518806 0.87383851
v -0.10108949 -0.21518806 0.87383851
v -0.11280949 -0.21518806 0.87383851
v -0.05811949 0.29261193 0.48336848
v -0.05420949 0.29257193 0.48322847
v -0.10498949 0.26918194 0.37396847
v -0.09717949 0.07386194 -0.45426152
v -0.10108949 0.07388194 -0.45426152
v -0.09717949 0.07388194 -0.45426152
v -0.10694449 -0.24628806 0.88557847
v -0.14783980 0.29541943 0.48732848
v -0.03077949 0.29261193 0.48336848
v -0.03467949 0.29261193 0.48336848
v -0.03077949 0.29257193 0.48322847
v -0.05420949 -0.19174807 -0.49732153
v -0.17127553 0.53487798 -0.54438992
v -0.07764949 0.12855195 0.51442846
v -0.10889949 0.29261193 0.48336848
v -0.09327949 0.07386194 -0.45426152
v -0.10108949 0.16371194 0.39342847
v -0.08936949 0.07386194 -0.45426152
v -0.08936949 0.07388194 -0.45426152
v -0.12061949 0.16371194 0.39342847
v -0.06556418 0.09730194 -0.44834153
v -0.10108949 0.07386194 -0.45426152
v -0.09327949 0.16371194 0.39342847
v -0.08155949 0.12855195 0.51442846
v -0.03108307 0.05796413 -0.45827765
v -0.09561547 0.28088428 0.42863798
v -0.05811949 0.12854193 0.51447847
v -0.06202949 0.12854193 0.51447847
v -0.06202949 0.12855195 0.51442846
v -0.09327949 0.07388194 -0.45426152
v -0.08545949 0.12854193 0.51447847
v -0.11280949 0.53480193 0.44018849
v -0.10889949 0.53480193 0.44018849
v -0.14405949 0.29257193 0.48322847
v -0.08155949 -0.30112806 -0.39960153
v -0.07764949 -0.30112806 -0.39960153
v -0.11280949 0.26918194 0.37396847
v -0.12452949 0.26915193 0.37385847
v -0.11670949 0.24574193 0.26448848
v -0.11280949 0.24574193 0.26448848
v -0.12061949 0.12855195 0.51442846
v -0.10108949 0.26915193 0.37385847
v -0.12452949 0.25744194 0.31916847
v -0.12452949 0.25746194 0.31922849
v -0.03467949 0.25744194 0.31916847
v -0.10498949 0.23402193 0.20974848
v -0.03467949 0.12854193 0.51447847
v -0.03077949 0.12627193 0.52229848
v -0.07373949 0.16372193 0.39338847
v -0.10498949 0.16371194 0.39342847
v 0.03172051 0.25746194 0.31922849
v 0.03562051 0.25744194 0.31916847
v 0.03562051 0.25746194 0.31922849
v -0.10694449 0.28088194 0.42862848
v -0.09717949 0.25746194 0.31922849
v -0.09327949 0.25746194 0.31922849
v -0.12061949 0.25746194 0.31922849
v -0.11670949 0.25744194 0.31916847
v -0.02295949 0.12855195 0.51442846
v -0.01905949 0.12855195 0.51442846
v -0.10108949 0.24574193 0.26447847
v -0.12061949 0.25744194 0.31916847
v -0.05409684 0.21716676 0.13913706
v -0.05811949 0.12855195 0.51442846
v -0.04248949 0.23403195 0.20979848
v -0.04639949 0.23403195 0.20979848
v -0.10498949 0.25746194 0.31922849
v -0.12061949 0.26915193 0.37385847
v -0.13233949 0.54652193 0.38544848
v -0.12842950 0.24574193 0.26448848
v -0.12452949 0.24574193 0.26448848
v -0.12452949 0.29257193 0.48322847
v -0.10889949 0.53478196 0.44026848
v -0.13233949 0.54649195 0.38557847
v -0.11670949 0.55044195 -0.47379152
v -0.12452949 0.55043194 -0.47387151
v -0.12842950 0.55043194 -0.47387151
v -0.13623949 0.53480193 0.44018849
v -0.15659078 0.54276061 -0.50864538
v -0.13623949 0.55043194 -0.47387151
v -0.14405949 0.53480193 0.44018849
v -0.11670949 0.23402193 0.20974848
v -0.13233949 0.53480193 0.44018849
v -0.11280949 0.55043194 -0.47387151
v -0.13233949 0.55043194 -0.47387151
v -0.10108949 0.55043194 -0.47387151
v -0.10108949 0.55044195 -0.47379152
v -0.09717949 0.55043194 -0.47387151
v -0.10498949 0.55043194 -0.47387151
v -0.00147949 -0.19180307 -0.49727652
v -0.00342949 -0.19185807 -0.49723152
v -0.12842950 0.23402193 0.20974848
v -0.10498949 0.25744194 0.31916847
v -0.12061949 0.53478196 0.44026848
v -0.12452949 0.53478196 0.44026848
v -0.13233949 0.23403195 0.20979848
v -0.12842950 0.23403195 0.20979848
v -0.08936949 0.25744194 0.31916847
v -0.06592949 0.26915193 0.37385847
v -0.06202949 0.26915193 0.37385847
v -0.06592949 0.26918194 0.37396847
v -0.06202949 0.26832193 0.36994847
v -0.10400898 0.60029313 0.13220671
v -0.04248949 0.07388194 -0.45426152
v -0.06592949 -0.16830806 -0.51542155
v -0.03272949 -0.19180307 -0.49727652
v -0.01905949 -0.22683807 -0.46598152
v -0.01514949 -0.22683807 -0.46598152
v -0.01514949 -0.22690806 -0.46591152
v 0.05125051 0.23402193 0.20975848
v 0.04734051 0.23402193 0.20975848
v 0.04343051 -0.41832805 -0.01676152
v 0.04343051 -0.41830805 -0.01683152
v 0.02000051 -0.43393806 0.06534847
v 0.01609051 -0.43391806 0.06526848
v 0.02000051 -0.43391806 0.06526848
v -0.03467949 -0.22683807 -0.46598152
v -0.00426870 0.28758372 0.45996782
v -0.04639949 -0.21518806 0.87383851
v -0.08936949 -0.21518806 0.87383851
v -0.08545949 -0.21518806 0.87383851
v -0.05079492 0.28353067 0.44103776
v -0.00733949 -0.31672805 0.87776848
v -0.03858949 0.29257193 0.48322847
v -0.04248949 0.29261193 0.48336848
v -0.04248949 0.29257193 0.48322847
v 0.12547051 -0.31674805 0.87775846
v 0.12156051 -0.31674805 0.87775846
v -0.03077949 -0.31674805 0.87775846
v -0.11280949 0.29261193 0.48336848
v -0.00342949 -0.21518806 0.87383851
v 0.00047051 -0.21524806 0.87385847
v -0.06592949 0.12854193 0.51447847
v -0.06592949 -0.32065806 0.87632849
v -0.04639949 -0.43393806 0.06534847
v -0.08545949 0.29261193 0.48336848
v -0.08936949 0.29261193 0.48336848
v -0.08545949 -0.22683807 -0.46598152
v -0.08155949 -0.22683807 -0.46598152
v -0.07373949 -0.22683807 -0.46598152
v -0.04639949 0.24574193 0.26447847
v -0.05030949 0.24574193 0.26447847
v -0.03077949 -0.22690806 -0.46591152
v -0.06983949 -0.30115807 -0.39957152
v 0.00644219 0.27981410 0.42365000
v 0.01023051 0.28088194 0.42862848
v -0.10108949 -0.30112806 -0.39960153
v -0.09717949 -0.21524806 0.87385847
v -0.07373949 -0.30112806 -0.39960153
v -0.06007449 0.28088194 0.42862848
v -0.06592949 -0.31674805 0.87775846
v -0.06983949 -0.31672805 0.87776848
v -0.08155949 -0.30115807 -0.39957152
v -0.10498949 -0.24643806 0.88562848
v -0.06742635 -0.27057539 0.89458483
v -0.05420949 0.26918194 0.37396847
v -0.05030949 0.26918194 0.37396847
v -0.08545949 -0.31674805 0.87775846
v -0.09327949 -0.22683807 -0.46598152
v -0.08936949 -0.22690806 -0.46591152
v -0.06202949 -0.21524806 0.87385847
v -0.06202949 -0.31674805 0.87775846
v -0.06592949 -0.31672805 0.87776848
v -0.08936949 -0.21524806 0.87385847
v -0.08545949 -0.21524806 0.87385847
v -0.04639949 -0.22690806 -0.46591152
v -0.06202949 -0.22690806 -0.46591152
v -0.08936949 -0.31674805 0.87775846
v -0.05030949 0.12854193 0.51447847
v -0.04639949 -0.22683807 -0.46598152
v -0.08936949 -0.22683807 -0.46598152
v -0.06592949 -0.21524806 0.87385847
v -0.07373949 -0.21518806 0.87383851
v -0.06983949 -0.21518806 0.87383851
v -0.06983949 -0.21524806 0.87385847
v -0.09717949 0.53480193 0.44018849
v -0.08936949 -0.22299807 0.87678846
v -0.08155949 -0.21524806 0.87385847
v -0.10498949 0.29261193 0.48336848
v -0.07462481 0.28797013 0.46176874
v -0.07373949 -0.22559807 0.87776848
v -0.07373949 0.07386194 -0.45426152
v -0.07373949 0.07388194 -0.45426152
v -0.06983949 0.07386194 -0.45426152
v -0.08760162 -0.20772011 -0.48305247
v -0.06983949 0.24574193 0.26448848
v -0.06592949 0.24574193 0.26448848
v -0.07764949 0.07388194 -0.45426152
v -0.08155949 -0.21518806 0.87383851
v -0.08936949 0.12855195 0.51442846
v -0.08545949 0.12855195 0.51442846
v -0.07373949 0.12513194 0.52619847
v -0.07764949 -0.22690806 -0.46591152
v -0.08936949 0.26915193 0.37385847
v -0.08545949 0.26915193 0.37385847
v -0.08936949 0.26918194 0.37396847
v -0.09006273 0.26381407 0.34890814
v -0.09327949 0.12855195 0.51442846
v -0.08936949 0.12854193 0.51447847
v -0.08155949 0.07386194 -0.45426152
v -0.07764949 0.16372193 0.39338847
v -0.07764949 0.16371194 0.39342847
v 0.01218051 0.16372193 0.39338847
v 0.00828051 0.16372193 0.39338847
v 0.01218051 0.16371194 0.39342847
v -0.09327949 0.29261193 0.48336848
v -0.06202949 0.29257193 0.48322847
v -0.06202949 0.29261193 0.48336848
v -0.04639949 0.26918194 0.37396847
v -0.08832490 0.13174596 0.50345311
v -0.08155949 0.16371194 0.39342847
v -0.09327949 0.25744194 0.31916847
v -0.12452699 0.29541943 0.48732848
v -0.09327949 0.12854193 0.51447847
v -0.09717949 0.24574193 0.26447847
v -0.08350949 0.28088194 0.42862848
v -0.08155949 0.12854193 0.51447847
v -0.07764949 0.29261193 0.48336848
v -0.07373949 0.29257193 0.48322847
v -0.08155949 0.07388194 -0.45426152
v -0.07764949 0.07386194 -0.45426152
v -0.06983949 0.16372193 0.39338847
v -0.04639949 0.23402193 0.20974848
v -0.05030949 0.23402193 0.20974848
v -0.05811949 0.28090194 0.42870848
v -0.00733949 0.24574193 0.26448848
v -0.06592949 0.12855195 0.51442846
v 0.01609051 0.29257193 0.48322847
v 0.02000051 0.29257193 0.48322847
v -0.05030949 0.16372193 0.39338847
v -0.05811949 0.16145194 0.40119847
v -0.05030949 0.16031194 0.40510847
v -0.10889949 0.24574193 0.26448848
v -0.10498949 0.24574193 0.26448848
v -0.10498949 0.24574193 0.26447847
v -0.07373949 0.12854193 0.51447847
v -0.07764949 0.12854193 0.51447847
v -0.06983949 0.26918194 0.37396847
v -0.09717949 0.24741194 0.27229848
v -0.08936949 0.24574193 0.26448848
v 0.09812051 -0.30112806 -0.39960153
v -0.07764949 0.25744194 0.31916847
v -0.02686949 0.12855195 0.51442846
v -0.02686949 0.12854193 0.51447847
v -0.09845700 0.25115181 0.28977365
v -0.07373949 0.16371194 0.39342847
v -0.11865273 0.17646128 0.34953091
v -0.11670949 0.54652193 0.38544848
v -0.10889949 0.24574193 0.26447847
v -0.10171030 0.53483436 0.44005264
v 0.18015051 -0.41830805 -0.01683152
v 0.17625051 -0.41830805 -0.01683152
v -0.05811949 -0.21518806 0.87383851
v -0.05420949 -0.21518806 0.87383851
v -0.01123949 0.28090194 0.42870848
v -0.00733949 0.28086194 0.42854848
v -0.00538449 0.28088194 0.42862848
v -0.06692229 0.28088398 0.42863670
v -0.07373949 0.25746194 0.31922849
v -0.10889949 0.23403195 0.20979848
v -0.11280949 0.23403195 0.20979848
v -0.05420949 0.07388194 -0.45426152
v -0.07569449 0.28088194 0.42862848
v -0.10108949 0.24574193 0.26448848
v -0.09717949 0.24574193 0.26448848
v -0.09327949 0.24574193 0.26448848
v -0.09327949 0.29257193 0.48322847
v -0.09717949 0.29261193 0.48336848
v -0.07373949 0.29261193 0.48336848
v -0.12061949 0.53480193 0.44018849
v 0.26218050 -0.50424805 0.94023850
v 0.25828051 -0.50418809 0.94026848
v -0.10498949 0.55044195 -0.47379152
v -0.09717949 0.55044195 -0.47379152
v 0.27781050 -0.60577807 0.80744847
v 0.28172051 -0.60577807 0.80744847
v 0.28458177 -0.60024868 0.81715792
v -0.01399787 -0.20355517 -0.48677553
v 0.00828051 -0.22683807 -0.46598152
v 0.01218051 -0.22683807 -0.46598152
v 0.01218051 -0.22690806 -0.46591152
v -0.09717949 0.23403195 0.20979848
v -0.11670949 0.23403195 0.20979848
v -0.09327949 0.23403195 0.20979848
v 0.00047051 -0.02377806 0.82421847
v -0.05420949 0.16372193 0.39338847
v -0.05811949 0.16372193 0.39338847
v -0.05420949 0.16371194 0.39342847
v 0.00047051 -0.41832805 -0.01676152
v 0.01218051 0.12854193 0.51447847
v 0.01218051 0.12855195 0.51442846
v 0.00828051 0.12855195 0.51442846
v 0.02390051 0.26915193 0.37385847
v 0.03172051 0.26832193 0.36994847
v 0.14109050 -0.41832805 -0.01676152
v 0.13718051 -0.41830805 -0.01683152
v 0.14109050 -0.41830805 -0.01683152
v -0.04865683 0.54652939 0.38541604
v 0.19578051 -0.31674805 0.87775846
v 0.19187052 -0.31674805 0.87775846
v -0.09330500 0.52211046 0.48822290
v 0.14500051 -0.31674805 0.87775846
v 0.14109050 -0.32065806 0.87632849
v -0.04639949 -0.30112806 -0.39960153
v -0.04248949 -0.30115807 -0.39957152
v 0.03562051 -0.43391806 0.06526848
v -0.00733949 -0.19174807 -0.49732153
v -0.01981207 -0.25794302 -0.43826825
v 0.00828051 -0.22690806 -0.46591152
v -0.05030949 -0.19185807 -0.49723152
v 0.03953051 -0.30115807 -0.39957152
v 0.03953051 -0.30112806 -0.39960153
v 0.04343051 -0.30115807 -0.39957152
v -0.06382866 -0.35873741 0.86238361
v -0.05030949 0.24825195 0.27619847
v 0.00828051 -0.19185807 -0.49723152
v -0.04248949 -0.22690806 -0.46591152
v 0.12156051 -0.31672805 0.87776848
v -0.01514949 0.29257193 0.48322847
v -0.02686949 -0.30112806 -0.39960153
v -0.06202949 -0.22683807 -0.46598152
v -0.04248949 -0.21524806 0.87385847
v -0.03858949 -0.31672805 0.87776848
v -0.05811949 -0.22690806 -0.46591152
v -0.02295949 -0.22683807 -0.46598152
v -0.01905949 -0.22690806 -0.46591152
v -0.08545949 0.07388194 -0.45426152
v -0.03467949 -0.31672805 0.87776848
v -0.03077949 -0.31672805 0.87776848
v 0.02000051 -0.22559807 0.87776848
v -0.12562510 -0.19045120 -0.49848785
v -0.07764949 -0.22683807 -0.46598152
v -0.03077949 -0.30112806 -0.39960153
v -0.08936949 -0.31672805 0.87776848
v -0.04639949 -0.19174807 -0.49732153
v -0.02041035 -0.17205645 -0.51475373
v -0.04248949 -0.19185807 -0.49723152
v -0.05030949 0.07386194 -0.45426152
v -0.05419421 -0.17152786 -0.51510292
v -0.06983949 0.07388194 -0.45426152
v -0.06202949 -0.21518806 0.87383851
v -0.01514949 0.29261193 0.48336848
v -0.01075636 0.29560318 0.48742348
v -0.07678218 -0.18456856 0.86227560
v -0.05030949 0.29257193 0.48322847
v -0.00670074 0.09730194 -0.44834153
v -0.04248949 -0.21518806 0.87383851
v -0.04835449 -0.19180307 -0.49727652
v -0.01501005 -0.16861169 0.85625768
v -0.03858949 0.53478196 0.44026848
v -0.04248949 0.53478196 0.44026848
v 0.34031050 -0.54721805 -0.41902153
v 0.33640050 -0.54721805 -0.41902153
v 0.33640050 -0.54712805 -0.41910152
v -0.00620709 -0.08392209 0.82432148
v -0.06202949 0.07386194 -0.45426152
v -0.06592949 0.07386194 -0.45426152
v -0.04343439 0.28088380 0.42863604
v -0.08545949 0.24574193 0.26448848
v -0.08155949 0.24574193 0.26448848
v -0.07373949 0.24574193 0.26448848
v -0.06733333 0.24177407 0.24597086
v -0.01514949 0.24574193 0.26448848
v -0.01514949 0.24574193 0.26447847
v -0.01905949 0.24825195 0.27619847
v -0.03858949 0.29261193 0.48336848
v -0.01905949 0.12854193 0.51447847
v -0.00342949 0.16371194 0.39342847
v -0.00733949 0.16371194 0.39342847
v -0.03077949 0.07388194 -0.45426152
v -0.03077949 0.07386194 -0.45426152
v -0.05420949 0.25746194 0.31922849
v -0.05420949 0.25744194 0.31916847
v -0.05030949 0.25744194 0.31916847
v -0.05811949 0.07388194 -0.45426152
v -0.06592949 0.07388194 -0.45426152
v -0.06202949 0.07388194 -0.45426152
v -0.04835449 0.29578693 0.48751848
v 0.03172051 0.29261193 0.48336848
v -0.02491449 -0.19180307 -0.49727652
v -0.03077949 0.28090194 0.42870848
v -0.03272949 0.28088194 0.42862848
v -0.01123949 0.16372193 0.39338847
v -0.01905949 0.29261193 0.48336848
v -0.04639949 0.12854193 0.51447847
v -0.04639949 0.12855195 0.51442846
v -0.06983949 0.29257193 0.48322847
v -0.07764949 0.26918194 0.37396847
v 0.00227319 0.54004383 0.41570460
v 0.00250282 0.29653291 0.48790413
v -0.05030949 0.07388194 -0.45426152
v -0.06983949 0.16371194 0.39342847
v -0.07016059 0.25140472 0.29094836
v -0.06202949 0.26918194 0.37396847
v -0.05811949 0.26915193 0.37385847
v -0.05811949 0.26918194 0.37396847
v -0.06592949 0.16371194 0.39342847
v -0.01514949 0.16372193 0.39338847
v -0.03858949 0.16372193 0.39338847
v -0.03858949 0.16371194 0.39342847
v -0.06202949 0.25744194 0.31916847
v -0.03858949 0.25744194 0.31916847
v -0.06202949 0.16371194 0.39342847
v -0.01123949 0.16371194 0.39342847
v -0.04248949 0.24574193 0.26447847
v -0.05811949 0.16371194 0.39342847
v 0.00047051 0.12854193 0.51447847
v 0.00047051 0.12855195 0.51442846
v -0.00342949 0.12855195 0.51442846
v -0.07227949 0.29551131 0.48737598
v -0.05811949 0.29257193 0.48322847
v -0.05811949 0.25744194 0.31916847
v -0.04248949 0.16371194 0.39342847
v -0.04639949 0.25744194 0.31916847
v 0.07078051 0.12854193 0.51447847
v 0.06687051 0.12854193 0.51447847
v 0.06687051 0.12855195 0.51442846
v -0.04248949 0.26918194 0.37396847
v -0.03077949 0.16372193 0.39338847
v -0.03467949 0.16372193 0.39338847
v -0.03467949 0.16371194 0.39342847
v 0.16843051 -0.41830805 -0.01683152
v 0.17234050 -0.41830805 -0.01683152
v 0.10203051 -0.43391806 0.06526848
v -0.04631659 0.26304415 0.34531769
v 0.01704526 0.21844070 0.13859202
v 0.16843051 0.16371194 0.39342847
v -0.00342949 0.29261193 0.48336848
v -0.07764949 0.26915193 0.37385847
v -0.04639949 0.16371194 0.39342847
v 0.00047051 0.16372193 0.39338847
v 0.00047051 0.16371194 0.39342847
v 0.00437051 0.16371194 0.39342847
v -0.05872191 0.44917745 -0.65390239
v -0.02686949 -0.22690806 -0.46591152
v -0.02686949 -0.22683807 -0.46598152
v -0.02295949 -0.22690806 -0.46591152
v -0.01514949 -0.31674805 0.87775846
v -0.01905949 -0.31672805 0.87776848
v -0.04707464 -0.31222977 -0.38967700
v -0.05811949 -0.22683807 -0.46598152
v -0.01123949 -0.30115807 -0.39957152
v -0.00733949 -0.30115807 -0.39957152
v -0.02295949 -0.30115807 -0.39957152
v -0.02295949 -0.30112806 -0.39960153
v -0.01905949 -0.30115807 -0.39957152
v -0.02686949 -0.19185807 -0.49723152
v -0.04130734 -0.20117463 -0.48889745
v 0.00828051 0.29257193 0.48322847
v 0.01218051 0.29257193 0.48322847
v 0.00828051 0.29261193 0.48336848
v -0.01383339 -0.33761553 0.87011610
v 0.00047051 -0.31674805 0.87775846
v -0.00342949 -0.31674805 0.87775846
v -0.04248949 -0.22683807 -0.46598152
v -0.01905949 0.16372193 0.39338847
v 0.12937052 -0.21524806 0.87385847
v 0.12547051 -0.21518806 0.87383851
v 0.12547051 -0.21524806 0.87385847
v -0.03077949 -0.21518806 0.87383851
v -0.03077949 -0.21524806 0.87385847
v 0.01218051 -0.21524806 0.87385847
v 0.01609051 -0.21524806 0.87385847
v -0.01123949 -0.19174807 -0.49732153
v -0.00733949 -0.19185807 -0.49723152
v -0.00125809 -0.02838589 0.82423820
v -0.00342949 -0.02377806 0.82421847
v -0.01307096 0.27320089 0.39276408
v -0.02020717 0.28088474 0.42863976
v 0.03562051 0.16372193 0.39338847
v 0.03562051 0.16371194 0.39342847
v 0.03953051 0.16371194 0.39342847
v 0.03562051 0.16145194 0.40119847
v -0.02686949 0.12513194 0.52619847
v -0.00252302 0.06365523 0.73742322
v 0.03172051 0.12854193 0.51447847
v 0.02781051 0.12854193 0.51447847
v 0.02781051 0.12855195 0.51442846
v 0.01609051 0.29261193 0.48336848
v 0.02000051 0.29261193 0.48336848
v -0.02686949 0.24574193 0.26448848
v -0.02295949 0.24574193 0.26448848
v -0.02295949 0.24574193 0.26447847
v -0.03858949 0.29652193 0.48789849
v -0.03467949 0.23403195 0.20979848
v -0.03858949 0.23403195 0.20979848
v -0.02686949 0.26915193 0.37385847
v -0.02295949 0.26915193 0.37385847
v -0.02686949 0.26918194 0.37396847
v -0.05420949 0.12854193 0.51447847
v -0.01514949 0.07386194 -0.45426152
v -0.01905949 0.07386194 -0.45426152
v -0.01905949 0.07388194 -0.45426152
v -0.01514949 0.07388194 -0.45426152
v -0.02295949 0.16372193 0.39338847
v -0.02295949 0.16371194 0.39342847
v 0.05125051 0.25744194 0.31916847
v 0.07468051 -0.41832805 -0.01676152
v 0.07859051 -0.41832805 -0.01676152
v 0.07468051 -0.41830805 -0.01683152
v -0.05030949 0.53480193 0.44018849
v -0.03419449 0.29523568 0.48723347
v -0.03711781 0.21894659 0.13957866
v -0.00733949 0.07388194 -0.45426152
v -0.00342949 0.07386194 -0.45426152
v -0.00733949 0.07386194 -0.45426152
v -0.01123949 0.07386194 -0.45426152
v -0.02882449 0.54650694 0.38551348
v -0.03540170 0.54650385 0.38552684
v -0.03467949 0.29257193 0.48322847
v -0.04248949 0.12854193 0.51447847
v -0.01905949 0.16371194 0.39342847
v -0.02686949 0.29257193 0.48322847
v 0.01651896 0.11870929 0.54832354
v -0.02295978 0.12854912 0.51444229
v -0.01123949 0.07388194 -0.45426152
v -0.00342949 0.26915193 0.37385847
v -0.00342949 0.26918194 0.37396847
v -0.00733949 0.26918194 0.37396847
v -0.00342949 0.12854193 0.51447847
v -0.05030949 0.25746194 0.31922849
v -0.04248949 0.24574193 0.26448848
v -0.03467949 0.24741194 0.27229848
v -0.05030949 0.16371194 0.39342847
v -0.01514949 0.25746194 0.31922849
v -0.05030949 0.26915193 0.37385847
v -0.04248949 0.23402193 0.20974848
v -0.03270020 0.55044788 0.36711287
v -0.03467949 0.24574193 0.26448848
v 0.02390051 0.29257193 0.48322847
v 0.02000051 -0.21518806 0.87383851
v 0.02612392 0.15583464 0.42053024
v -0.05420949 0.26915193 0.37385847
v -0.00733949 0.25744194 0.31916847
v -0.01123949 0.25746194 0.31922849
v 0.01609051 0.25746194 0.31922849
v 0.02000051 0.25746194 0.31922849
v -0.04639949 0.54652193 0.38544848
v -0.04639949 0.54649195 0.38557847
v -0.05811949 0.25746194 0.31922849
v -0.02686949 0.25744194 0.31916847
v -0.04639949 0.26915193 0.37385847
v 0.00047051 0.26915193 0.37385847
v 0.00047051 0.26918194 0.37396847
v -0.01123949 0.26915193 0.37385847
v -0.00733949 0.26832193 0.36994847
v -0.00733949 0.26915193 0.37385847
v -0.01123949 0.26918194 0.37396847
v -0.00342949 0.24574193 0.26447847
v -0.01123949 -0.43393806 0.06534847
v -0.04639949 0.24574193 0.26448848
v -0.03077949 0.23402193 0.20974848
v -0.02686949 0.23403195 0.20979848
v 0.06687051 -0.22690806 -0.46591152
v 0.06297051 -0.22690806 -0.46591152
v -0.04005929 0.56411482 0.30326154
v -0.03077949 0.23403195 0.20979848
v -0.00355963 0.21719456 0.13957004
v -0.03077949 0.26915193 0.37385847
v -0.03077949 0.26918194 0.37396847
v -0.03467949 0.26918194 0.37396847
v -0.04053949 0.54650694 0.38551348
v 0.25826778 -0.60579135 -0.29029803
v 0.25828051 -0.60717806 -0.28629152
v -0.05030949 0.23403195 0.20979848
v -0.09260161 0.56605291 -0.40295958
v -0.05420949 0.23402193 0.20974848
v -0.05030949 0.24574193 0.26448848
v -0.03077949 0.24574193 0.26447847
v -0.05811949 0.23402193 0.20974848
v -0.05811949 0.23403195 0.20979848
v -0.05420949 0.23403195 0.20979848
v -0.03077949 0.24574193 0.26448848
v -0.03304519 0.25261159 0.29658965
v -0.05031308 0.54651840 0.38546376
v -0.04248949 0.26915193 0.37385847
v -0.03858949 0.26915193 0.37385847
v -0.03858949 0.26918194 0.37396847
v -0.04639949 0.26748195 0.36604848
v -0.05420949 0.53478196 0.44026848
v -0.03467949 0.26915193 0.37385847
v -0.00709635 0.26255102 0.34300974
v -0.03738811 0.28932145 0.46805901
v -0.05420949 0.55043194 -0.47387151
v -0.05420949 0.55044195 -0.47379152
v -0.05030949 0.55043194 -0.47387151
v -0.02491449 0.28088194 0.42862848
v -0.02686949 0.28086194 0.42854848
v -0.01319449 0.28088194 0.42862848
v 0.00437051 -0.22683807 -0.46598152
v -0.02295949 0.26918194 0.37396847
v -0.04639949 0.55044195 -0.47379152
v -0.05030949 0.55044195 -0.47379152
v 0.00828051 -0.41832805 -0.01676152
v -0.05420949 0.53482196 -0.94644151
v -0.04250319 0.48012232 -0.66910676
v -0.04248949 0.48013192 -0.66910152
v -0.04463949 0.47621194 -0.66519151
v -0.03858949 0.55043194 -0.47387151
v -0.04248949 0.55044195 -0.47379152
v -0.03858949 0.55044195 -0.47379152
v -0.04248949 0.54649195 0.38557847
v 0.03172051 -0.22690806 -0.46591152
v 0.02781051 -0.22690806 -0.46591152
v 0.01023051 -0.19180307 -0.49727652
v -0.03020778 0.49610698 -0.68604207
v -0.03077949 0.55044195 -0.47379152
v -0.03467949 0.55044195 -0.47379152
v -0.02295949 0.55044195 -0.47379152
v -0.01905949 0.55044195 -0.47379152
v -0.05811949 0.55043194 -0.47387151
v -0.03858949 0.48402193 -0.66927151
v -0.01514949 0.26918194 0.37396847
v -0.05811949 0.55044195 -0.47379152
v -0.05420949 0.53480193 0.44018849
v -0.06722130 0.54273891 -0.50875789
v -0.03467949 0.53478196 0.44026848
v -0.04639949 0.55043194 -0.47387151
v -0.05794120 0.53043882 -0.94351495
v -0.03464903 0.55431016 -0.95517860
v -0.03858949 0.48398194 -0.66910152
v -0.06504246 0.51437418 -0.90249546
v -0.04247963 0.48012922 -0.66903492
v -0.04248949 0.55043194 -0.47387151
v -0.05030949 0.53478196 0.44026848
v -0.04639949 0.53478196 0.44026848
v -0.03077949 0.53480193 0.44018849
v -0.03467949 0.53480193 0.44018849
v -0.03077949 0.53478196 0.44026848
v 0.11375051 -0.43540806 0.07307847
v -0.05418511 0.53479624 -0.94622913
v -0.01905949 0.55043194 -0.47387151
v 0.00397117 0.55644870 -0.44657330
v -0.03858949 0.53480193 0.44018849
v 0.25198169 -0.46655237 -0.48702022
v -0.03467949 0.55043194 -0.47387151
v 0.05125051 -0.41832805 -0.01676152
v 0.05125051 -0.41830805 -0.01683152
v -0.02686949 0.55044195 -0.47379152
v -0.04248949 0.53480193 0.44018849
v -0.04639949 0.53480193 0.44018849
v -0.00043980 0.54651129 0.38549486
v 0.01218051 0.07386194 -0.45426152
v 0.00828051 0.07386194 -0.45426152
v 0.00828051 0.07388194 -0.45426152
v 0.07592959 -0.35042964 0.86542794
v 0.16332751 0.26490706 0.35401197
v 0.00047051 0.55043194 -0.47387151
v -0.00342949 0.55044195 -0.47379152
v 0.00047051 0.55044195 -0.47379152
v 0.29734050 -0.50424805 -0.45545153
v 0.28953051 -0.50424805 -0.45545153
v 0.29343050 -0.49644807 -0.46207152
v -0.01123949 0.53478196 0.44026848
v 0.00828051 -0.31674805 0.87775846
v 0.00437051 -0.31674805 0.87775846
v 0.02781051 -0.41830805 -0.01683152
v 0.03172051 -0.41832805 -0.01676152
v 0.02781051 -0.41832805 -0.01676152
v 0.25828051 -0.55893806 0.24501847
v 0.26218050 -0.55893806 0.24501847
v 0.04734051 -0.41832805 -0.01676152
v -0.00733949 0.12855195 0.51442846
v 0.21140051 -0.43393806 0.06534847
v 0.20750051 -0.43393806 0.06534847
v 0.20750051 -0.43391806 0.06526848
v 0.10593051 -0.21518806 0.87383851
v 0.10984051 -0.21524806 0.87385847
v 0.10984051 -0.21518806 0.87383851
v 0.24927920 -0.50226969 0.30888606
v 0.15281050 -0.31674805 0.87775846
v 0.04343051 -0.43393806 0.06534847
v 0.04734051 -0.43393806 0.06534847
v 0.05125051 -0.43465805 0.06916848
v 0.04343051 -0.43391806 0.06526848
v 0.02390051 -0.19174807 -0.49732153
v 0.02195051 -0.19180307 -0.49727652
v 0.25148802 -0.26592733 0.96170251
v 0.02781051 -0.21518806 0.87383851
v 0.03172051 -0.21518806 0.87383851
v 0.03172051 -0.21524806 0.87385847
v -0.00733949 -0.31674805 0.87775846
v 0.00551795 -0.31370568 -0.38835894
v 0.09226551 0.28088194 0.42862848
v 0.09031051 0.28086194 0.42854848
v 0.02390051 -0.43391806 0.06526848
v 0.02390051 -0.43393806 0.06534847
v 0.05125051 -0.43393806 0.06534847
v 0.05515051 -0.43393806 0.06534847
v 0.06297051 -0.44951805 0.14729848
v 0.14890051 -0.41830805 -0.01683152
v 0.15281050 -0.41830805 -0.01683152
v -0.00733949 -0.32065806 0.87632849
v 0.01609051 -0.41830805 -0.01683152
v 0.35593050 -0.60580805 0.80739846
v 0.35984050 -0.60580805 0.80739846
v 0.19578051 -0.24628806 0.88557847
v 0.28172051 -0.59018806 0.83480849
v 0.29236234 -0.59298156 -0.32736191
v 0.05906051 -0.41832805 -0.01676152
v 0.06297051 -0.41832805 -0.01676152
v 0.05906051 -0.41830805 -0.01683152
v 0.00828051 -0.41830805 -0.01683152
v 0.02000051 -0.41832805 -0.01676152
v 0.02000051 -0.41830805 -0.01683152
v 0.02390051 -0.41830805 -0.01683152
v 0.05356782 -0.43390393 0.06521156
v 0.07859051 -0.43391806 0.06526848
v 0.07468051 -0.43391806 0.06526848
v -0.02295949 -0.21524806 0.87385847
v -0.02686949 -0.21518806 0.87383851
v -0.02686949 -0.21524806 0.87385847
v -0.03077949 -0.22683807 -0.46598152
v 0.17234050 -0.43391806 0.06526848
v 0.16843051 -0.43391806 0.06526848
v 0.03562051 -0.43540806 0.07307847
v 0.03562051 -0.43465805 0.06916848
v -0.00342949 -0.31672805 0.87776848
v -0.02295949 -0.31672805 0.87776848
v -0.00342949 -0.30112806 -0.39960153
v 0.00047051 -0.31672805 0.87776848
v -0.01514949 -0.21524806 0.87385847
v 0.00047051 -0.30112806 -0.39960153
v 0.09031051 -0.43391806 0.06526848
v -0.01123949 -0.22690806 -0.46591152
v -0.01123949 -0.22683807 -0.46598152
v 0.02781051 -0.30115807 -0.39957152
v 0.03172051 -0.30115807 -0.39957152
v 0.03829440 -0.44060217 0.10027465
v 0.25828051 -0.56669804 0.06135848
v 0.25828051 -0.56668809 0.06916848
v -0.01123949 -0.21518806 0.87383851
v 0.01218051 -0.30112806 -0.39960153
v 0.01609051 -0.30112806 -0.39960153
v 0.01609051 -0.30115807 -0.39957152
v 0.00047051 -0.22683807 -0.46598152
v 0.00047051 -0.22690806 -0.46591152
v 0.00437051 -0.30112806 -0.39960153
v 0.00437051 0.07386194 -0.45426152
v 0.00047051 0.07388194 -0.45426152
v 0.00437051 0.07388194 -0.45426152
v -0.01514949 -0.21518806 0.87383851
v 0.03953051 -0.43391806 0.06526848
v 0.01218051 0.25744194 0.31916847
v 0.01609051 0.25744194 0.31916847
v 0.01218051 0.25746194 0.31922849
v -0.01514949 0.12854193 0.51447847
v 0.01609051 -0.22690806 -0.46591152
v 0.01609051 -0.22683807 -0.46598152
v 0.02000051 -0.22690806 -0.46591152
v -0.00733949 0.06605194 -0.45623151
v 0.00437051 -0.22690806 -0.46591152
v 0.00047051 -0.21518806 0.87383851
v -0.01905949 0.53480193 0.44018849
v -0.02295949 0.53480193 0.44018849
v -0.01905949 0.53478196 0.44026848
v 0.09234854 -0.18899184 0.86394454
v 0.10593051 0.05824194 -0.45821152
v 0.07468051 -0.22690806 -0.46591152
v 0.07468051 -0.22683807 -0.46598152
v 0.07859051 -0.22690806 -0.46591152
v -0.02686949 0.16371194 0.39342847
v -0.00733949 0.29257193 0.48322847
v -0.00733949 0.29261193 0.48336848
v -0.01123949 0.29261193 0.48336848
v -0.00342949 0.07388194 -0.45426152
v 0.01609051 -0.31672805 0.87776848
v -0.01123949 0.29257193 0.48322847
v 0.02781051 -0.30112806 -0.39960153
v 0.03172051 -0.30112806 -0.39960153
v -0.01514949 0.16371194 0.39342847
v 0.00828051 -0.31672805 0.87776848
v 0.01218051 0.24825195 0.27619847
v 0.00047051 -0.19174807 -0.49732153
v 0.13562215 -0.22216821 0.87647386
v 0.02000051 -0.31674805 0.87775846
v 0.00437051 -0.19185807 -0.49723152
v -0.02295949 0.07388194 -0.45426152
v -0.01905949 0.54649195 0.38557847
v -0.01710449 0.54650694 0.38551348
v -0.03077949 0.16371194 0.39342847
v 0.00047051 0.07386194 -0.45426152
v 0.01218051 0.28090194 0.42870848
v 0.07859051 -0.41830805 -0.01683152
v 0.08250051 -0.41830805 -0.01683152
v -0.02686949 0.54652193 0.38544848
v 0.02938019 0.22308326 0.15896384
v 0.04343051 0.23403195 0.20979848
v -0.01905949 0.26918194 0.37396847
v 0.02390051 0.25744194 0.31916847
v 0.04187203 -0.25783627 -0.43838288
v 0.00047051 0.24574193 0.26447847
v -0.00342949 0.24574193 0.26448848
v 0.00437051 -0.02377806 0.82421847
v 0.00437051 0.29257193 0.48322847
v 0.00047051 0.29257193 0.48322847
v 0.02781051 0.29261193 0.48336848
v -0.02686949 0.53480193 0.44018849
v -0.02295949 0.53478196 0.44026848
v 0.00828051 0.16371194 0.39342847
v 0.02000051 0.12855195 0.51442846
v 0.02390051 0.12854193 0.51447847
v 0.02390051 0.12855195 0.51442846
v -0.00342949 0.29257193 0.48322847
v 0.02781051 0.29257193 0.48322847
v 0.02390051 0.29261193 0.48336848
v 0.00828051 0.12854193 0.51447847
v 0.00437051 0.12855195 0.51442846
v 0.08640051 -0.41830805 -0.01683152
v 0.03172051 0.28086194 0.42854848
v 0.03367051 0.28088194 0.42862848
v 0.02390051 0.16371194 0.39342847
v 0.02000051 0.16371194 0.39342847
v 0.02000051 0.16372193 0.39338847
v 0.01218051 0.29261193 0.48336848
v 0.07468051 0.16372193 0.39338847
v 0.07859051 0.16372193 0.39338847
v 0.00047051 0.29261193 0.48336848
v -0.01905949 0.26915193 0.37385847
v 0.01609051 0.16371194 0.39342847
v 0.03172051 0.24574193 0.26447847
v 0.02781051 0.24574193 0.26448848
v 0.02781051 0.24574193 0.26447847
v 0.00828051 0.12627193 0.52229848
v 0.28172051 0.06996194 0.01052848
v 0.23962552 0.07061548 -0.04303871
v 0.00437051 0.16372193 0.39338847
v 0.02390051 0.23403195 0.20979848
v 0.03611176 0.23403195 0.20979848
v -0.01470659 -0.44971014 0.14843409
v 0.00557070 0.54816851 0.37773899
v 0.00047051 0.25744194 0.31916847
v -0.02295949 0.23402193 0.20974848
v 0.00047051 0.23402193 0.20974848
v -0.00342949 0.23402193 0.20974848
v 0.08250051 0.16372193 0.39338847
v 0.08640051 0.16372193 0.39338847
v 0.17234050 0.12854193 0.51447847
v 0.17234050 0.12855195 0.51442846
v 0.16843051 0.12855195 0.51442846
v 0.02000051 0.23402193 0.20974848
v 0.02000051 0.23403195 0.20979848
v 0.01609051 0.23403195 0.20979848
v -0.02686949 0.24574193 0.26447847
v -0.05458673 0.54084451 0.41196036
v 0.01218051 0.24574193 0.26448848
v 0.01609051 0.24574193 0.26447847
v 0.01218051 0.24574193 0.26447847
v -0.00733949 0.23402193 0.20974848
v 0.00047051 0.23403195 0.20979848
v -0.00342949 0.23403195 0.20979848
v 0.03562051 0.24574193 0.26447847
v 0.02390051 0.24574193 0.26448848
v 0.02781051 0.24741194 0.27229848
v 0.03172051 0.24574193 0.26448848
v 0.01609051 0.24574193 0.26448848
v 0.02000051 0.24574193 0.26447847
v -0.01905949 0.24574193 0.26448848
v -0.01905949 0.24574193 0.26447847
v 0.02781051 -0.43393806 0.06534847
v 0.03172051 -0.43393806 0.06534847
v 0.00632551 -0.02277306 0.82364847
v -0.01514949 0.26915193 0.37385847
v 0.01609051 0.07386194 -0.45426152
v 0.01609051 0.07388194 -0.45426152
v 0.02000051 0.07386194 -0.45426152
v 0.00047051 0.25746194 0.31922849
v -0.01123949 0.23402193 0.20974848
v 0.00047051 0.24574193 0.26448848
v 0.05074407 -0.42882183 0.03845400
v -0.00733949 0.23403195 0.20979848
v 0.04343051 0.16371194 0.39342847
v 0.04343051 0.16031194 0.40510847
v 0.04343051 0.16372193 0.39338847
v 0.01217883 0.54650442 0.38552439
v -0.02295949 0.54649195 0.38557847
v -0.01102281 0.24940110 0.28159721
v -0.01123949 0.53480193 0.44018849
v -0.01514949 0.53480193 0.44018849
v 0.04734051 -0.43391806 0.06526848
v 0.02781051 0.28090194 0.42870848
v -0.02686949 0.55043194 -0.47387151
v -0.03677759 0.48486769 -0.65160780
v 0.26609050 -0.59018806 0.83480849
v 0.27000051 -0.59018806 0.83480849
v 0.27000051 -0.59018806 0.83479848
v 0.08640051 -0.43391806 0.06526848
v -0.02295949 0.54652193 0.38544848
v 0.02781051 0.55043194 -0.47387151
v 0.02390051 0.55044195 -0.47379152
v 0.02781051 0.55044195 -0.47379152
v -0.03467949 0.48783195 -0.66910152
v -0.03858910 0.48398186 -0.66910020
v 0.01609051 0.54652193 0.38544848
v 0.01218051 0.54652193 0.38544848
v 0.01609051 0.54649195 0.38557847
v -0.00342949 0.53480193 0.44018849
v -0.00342949 0.53478196 0.44026848
v 0.00047051 0.53478196 0.44026848
v 0.02390051 -0.30112806 -0.39960153
v 0.03172051 -0.31674805 0.87775846
v 0.02781051 -0.31674805 0.87775846
v 0.33250051 -0.60577807 0.80744847
v 0.33640050 -0.60577807 0.80744847
v 0.33250051 -0.60355803 0.81135847
v -0.01514949 0.55044195 -0.47379152
v -0.02295949 0.55043194 -0.47387151
v -0.01514949 0.55043194 -0.47387151
v -0.01123949 0.55043194 -0.47387151
v 0.19240614 -0.24630245 0.88558325
v -0.02686949 0.53478196 0.44026848
v 0.12156051 -0.41832805 -0.01676152
v 0.12547051 -0.41832805 -0.01676152
v 0.12156051 -0.41830805 -0.01683152
v 0.00437051 -0.43540806 0.07307847
v 0.10593051 0.29261193 0.48336848
v 0.10984051 0.29261193 0.48336848
v 0.24675671 -0.58725321 0.11815935
v -0.01905949 0.23403195 0.20979848
v -0.01905949 0.23402193 0.20974848
v -0.01514949 0.23402193 0.20974848
v 0.00437051 0.26915193 0.37385847
v 0.01861595 0.26615841 0.35986587
v 0.00437051 -0.31672805 0.87776848
v 0.15281050 -0.41832805 -0.01676152
v 0.15672051 -0.41832805 -0.01676152
v 0.04094554 -0.19166947 0.86495486
v 0.02000051 -0.43540806 0.07307847
v -0.00733949 0.55044195 -0.47379152
v -0.01123949 0.55044195 -0.47379152
v 0.02000051 0.55043194 -0.47387151
v 0.07859051 0.07386194 -0.45426152
v 0.07468051 0.07386194 -0.45426152
v 0.07468051 0.07388194 -0.45426152
v 0.01457360 0.54268493 -0.50901087
v -0.00733949 0.53480193 0.44018849
v -0.00733949 0.53478196 0.44026848
v -0.00733949 0.55043194 -0.47387151
v -0.00342949 0.55043194 -0.47387151
v 0.00047051 0.53480193 0.44018849
v -0.02295949 0.23403195 0.20979848
v 0.00437051 0.29261193 0.48336848
v -0.01514949 0.53478196 0.44026848
v -0.00483808 0.52558907 0.48323379
v 0.00828051 0.23403195 0.20979848
v 0.00437051 0.23403195 0.20979848
v 0.00828051 0.23402193 0.20974848
v 0.00437051 0.53478196 0.44026848
v 0.02390051 0.25746194 0.31922849
v -0.01123949 0.23403195 0.20979848
v -0.01514949 0.23403195 0.20979848
v -0.01937229 0.24176395 0.24592686
v 0.02000051 0.24574193 0.26448848
v 0.02390051 0.24574193 0.26447847
v 0.04734051 0.24574193 0.26447847
v 0.06687051 -0.43540806 0.07307847
v 0.27781050 -0.60582808 -0.29019151
v 0.27390050 -0.60582808 -0.29019151
v 0.08250051 -0.41832805 -0.01676152
v 0.24960706 -0.56794378 0.23411640
v 0.17625051 -0.31674805 0.87775846
v 0.17234050 -0.31674805 0.87775846
v 0.25828051 -0.60582808 -0.29019151
v 0.00437051 0.12854193 0.51447847
v 0.20750051 -0.31672805 0.87776848
v 0.05906051 -0.43393806 0.06534847
v 0.05515051 -0.43391806 0.06526848
v 0.14500051 -0.41832805 -0.01676152
v 0.14890051 -0.41832805 -0.01676152
v 0.14500051 -0.41830805 -0.01683152
v 0.12937052 0.28090194 0.42870848
v 0.13328051 0.28086194 0.42854848
v 0.10203051 -0.21524806 0.87385847
v 0.09812051 -0.21524806 0.87385847
v 0.09812051 -0.22299807 0.87678846
v 0.29343050 -0.49643806 -0.46208153
v 0.29734050 -0.49644807 -0.46207152
v 0.06297051 -0.21518806 0.87383851
v 0.07468051 -0.21518806 0.87383851
v 0.07859051 -0.21518806 0.87383851
v 0.07859051 -0.21524806 0.87385847
v 0.05585267 0.28507988 0.44826576
v 0.30515050 -0.57460806 0.86213847
v 0.30906050 -0.57460806 0.86213847
v 0.30515050 -0.57455805 0.86220851
v 0.30125051 -0.59018806 0.83479848
v 0.30515050 -0.59018806 0.83479848
v 0.04343051 0.29257193 0.48322847
v 0.04343051 0.29261193 0.48336848
v 0.03953051 0.29261193 0.48336848
v 0.19578051 -0.41832805 -0.01676152
v 0.25437050 -0.56674805 0.04963848
v 0.25436052 -0.56674805 0.05354848
v 0.25437050 -0.56674805 0.05354848
v 0.00828051 -0.21518806 0.87383851
v 0.00828051 -0.21524806 0.87385847
v 0.05125051 -0.31672805 0.87776848
v 0.05515051 -0.31672805 0.87776848
v 0.03562051 -0.41832805 -0.01676152
v 0.28172051 -0.50815806 0.93858846
v 0.28562050 -0.50424805 0.94023850
v 0.27390050 -0.59018806 0.83480849
v 0.27781050 -0.59018806 0.83480849
v 0.27781050 -0.59018806 0.83479848
v 0.02000051 -0.30112806 -0.39960153
v 0.02000051 -0.30115807 -0.39957152
v 0.01218051 -0.21127807 0.87235846
v 0.18015051 -0.43391806 0.06526848
v 0.17625051 -0.43391806 0.06526848
v 0.01218051 -0.21518806 0.87383851
v 0.02976551 -0.19180307 -0.49727652
v 0.06297051 -0.43391806 0.06526848
v 0.06297051 -0.43393806 0.06534847
v 0.05906051 -0.43391806 0.06526848
v 0.03953051 -0.43393806 0.06534847
v 0.05125051 -0.43540806 0.07307847
v 0.04734051 -0.41830805 -0.01683152
v 0.08250051 -0.43465805 0.06916848
v 0.08640051 -0.43393806 0.06534847
v 0.09031051 -0.43393806 0.06534847
v 0.02390051 -0.30115807 -0.39957152
v 0.06297051 -0.41830805 -0.01683152
v 0.06687051 -0.41832805 -0.01676152
v 0.15672051 -0.43393806 0.06534847
v 0.15281050 -0.43393806 0.06534847
v 0.00437051 0.53480193 0.44018849
v 0.04734051 -0.30112806 -0.39960153
v 0.02114870 -0.27049611 0.89458899
v 0.00828051 -0.30115807 -0.39957152
v 0.01218051 -0.30115807 -0.39957152
v 0.11872126 -0.41004038 -0.06035779
v 0.05906051 0.07386194 -0.45426152
v 0.05515051 0.07386194 -0.45426152
v 0.05515051 0.07388194 -0.45426152
v 0.11375051 -0.41830805 -0.01683152
v 0.11765051 -0.41830805 -0.01683152
v 0.11765051 -0.41832805 -0.01676152
v 0.05515051 -0.41830805 -0.01683152
v 0.05515051 -0.21524806 0.87385847
v 0.05906051 -0.21524806 0.87385847
v 0.00437051 -0.30115807 -0.39957152
v 0.02000051 -0.19185807 -0.49723152
v 0.13289886 -0.25785504 -0.43835787
v 0.28172051 -0.60582808 -0.29019151
v 0.02781051 0.07388194 -0.45426152
v 0.02390051 0.07388194 -0.45426152
v 0.02781051 0.07386194 -0.45426152
v 0.27000051 -0.60580805 -0.29024152
v 0.27000051 -0.60582808 -0.29019151
v 0.01218051 0.07388194 -0.45426152
v 0.00437051 0.25744194 0.31916847
v 0.04343051 -0.30112806 -0.39960153
v 0.04734051 -0.30115807 -0.39957152
v 0.01609051 -0.31674805 0.87775846
v 0.01218051 -0.31674805 0.87775846
v 0.19968051 0.16372193 0.39338847
v 0.19968051 0.16371194 0.39342847
v 0.20359050 0.16371194 0.39342847
v 0.00437051 -0.22299807 0.87678846
v 0.02000051 -0.21524806 0.87385847
v 0.01609051 0.12855195 0.51442846
v 0.01609051 0.12854193 0.51447847
v 0.00454645 -0.16831253 -0.51541953
v 0.10984051 0.12855195 0.51442846
v 0.11375051 0.12855195 0.51442846
v 0.02390051 -0.22690806 -0.46591152
v 0.31687050 -0.54721805 -0.41902153
v 0.31297051 -0.54712805 -0.41910152
v 0.31687050 -0.54712805 -0.41910152
v 0.01609051 -0.19174807 -0.49732153
v 0.24292464 -0.38406234 0.15801130
v 0.05515051 -0.22683807 -0.46598152
v 0.01304016 -0.21216644 -0.47907678
v 0.01609051 -0.21518806 0.87383851
v 0.00828051 -0.30112806 -0.39960153
v 0.14109050 -0.21524806 0.87385847
v 0.01218051 -0.31672805 0.87776848
v 0.00437051 -0.21524806 0.87385847
v 0.28562050 -0.59018806 0.83480849
v 0.28562050 -0.59018806 0.83479848
v 0.03172051 -0.22683807 -0.46598152
v 0.03562051 -0.22690806 -0.46591152
v 0.04343051 -0.31672805 0.87776848
v 0.04343051 -0.31674805 0.87775846
v 0.02627596 -0.17169852 -0.51509066
v 0.02000051 0.07388194 -0.45426152
v 0.02390051 0.07386194 -0.45426152
v 0.04343051 0.07388194 -0.45426152
v 0.04734051 0.07386194 -0.45426152
v 0.04343051 0.07386194 -0.45426152
v 0.25126573 -0.57297375 0.86338672
v 0.25434052 -0.56674805 0.06526848
v 0.25437050 -0.56672808 0.06526848
v 0.25437050 -0.56672808 0.06916848
v 0.02781051 -0.31672805 0.87776848
v 0.03172051 -0.31672805 0.87776848
v 0.03562051 -0.19185807 -0.49723152
v 0.01413551 -0.19180307 -0.49727652
v 0.37547051 -0.60580805 -0.29024152
v 0.37937050 -0.60580805 -0.29024152
v 0.02781051 -0.19185807 -0.49723152
v 0.11765051 0.16371194 0.39342847
v 0.11375051 0.16372193 0.39338847
v 0.11375051 0.16371194 0.39342847
v 0.00437051 -0.21518806 0.87383851
v 0.02195051 0.28088194 0.42862848
v 0.02390051 0.28090194 0.42870848
v 0.02781051 -0.22683807 -0.46598152
v 0.02000051 -0.22683807 -0.46598152
v 0.02390051 -0.22683807 -0.46598152
v 0.03048298 0.29585291 0.48784799
v 0.14109050 -0.31674805 0.87775846
v 0.13718051 -0.31674805 0.87775846
v 0.25828051 -0.60580805 -0.29024152
v 0.26218050 -0.60580805 -0.29024152
v 0.26218050 -0.60582808 -0.29019151
v 0.04538801 0.09730194 -0.44834153
v 0.14890051 -0.31674805 0.87775846
v 0.11725852 -0.34358852 0.86793224
v 0.16453051 -0.21524806 0.87385847
v 0.16843051 -0.21524806 0.87385847
v 0.16453051 -0.21518806 0.87383851
v 0.10203051 -0.30115807 -0.39957152
v 0.01804551 0.28088194 0.42862848
v 0.01609051 0.28086194 0.42854848
v 0.04538863 0.52333194 0.48732848
v 0.05906051 0.29261193 0.48336848
v 0.05515051 0.29261193 0.48336848
v 0.00437051 0.26918194 0.37396847
v 0.00828051 0.26915193 0.37385847
v 0.00828051 0.26918194 0.37396847
v 0.32468050 -0.54712805 -0.41910152
v 0.35030079 -0.52292668 -0.43962562
v 0.32859050 -0.54712805 -0.41910152
v 0.00437051 0.25746194 0.31922849
v 0.00828051 0.25744194 0.31916847
v 0.00828051 0.25746194 0.31922849
v 0.03953051 -0.32739806 0.87385847
v 0.03953051 -0.19174807 -0.49732153
v 0.03757551 -0.19180307 -0.49727652
v 0.05125051 0.16371194 0.39342847
v 0.04734051 0.16371194 0.39342847
v 0.04734051 0.16372193 0.39338847
v 0.18406050 -0.31674805 0.87775846
v 0.18015051 -0.31674805 0.87775846
v 0.16843051 -0.21518806 0.87383851
v 0.01218051 0.23403195 0.20979848
v 0.01218051 0.23402193 0.20974848
v 0.01609051 0.23402193 0.20974848
v 0.03562051 -0.31674805 0.87775846
v 0.05125051 -0.30115807 -0.39957152
v 0.00437051 0.23402193 0.20974848
v 0.04520088 0.27347498 0.39404429
v 0.06297051 -0.30112806 -0.39960153
v 0.05125051 0.29261193 0.48336848
v 0.20750051 -0.31674805 0.87775846
v 0.03953051 0.07386194 -0.45426152
v 0.03953051 0.07388194 -0.45426152
v 0.01609051 0.16372193 0.39338847
v 0.02390051 0.26918194 0.37396847
v 0.02781051 0.26915193 0.37385847
v 0.02781051 0.26918194 0.37396847
v 0.02000051 0.26918194 0.37396847
v 0.03172051 0.07388194 -0.45426152
v 0.03172051 0.07386194 -0.45426152
v 0.02781051 0.28086194 0.42854848
v 0.01218051 0.26918194 0.37396847
v 0.01609051 0.26918194 0.37396847
v 0.01364926 0.29541943 0.48732848
v 0.05710551 0.28088194 0.42862848
v 0.05906051 0.28090194 0.42870848
v 0.01218051 0.26915193 0.37385847
v 0.02000051 0.26915193 0.37385847
v 0.14109050 0.12855195 0.51442846
v 0.03562051 0.07386194 -0.45426152
v 0.03562051 0.07388194 -0.45426152
v 0.19187052 -0.21518806 0.87383851
v 0.03172051 0.26915193 0.37385847
v 0.23841679 -0.25116579 -0.44353818
v 0.04343051 0.12854193 0.51447847
v 0.03953051 0.12854193 0.51447847
v 0.03953051 0.12855195 0.51442846
v 0.02000051 0.12854193 0.51447847
v 0.18406050 -0.21524806 0.87385847
v 0.18015051 -0.21524806 0.87385847
v 0.25197874 -0.11218674 0.13805034
v 0.04734051 0.29257193 0.48322847
v 0.01609051 0.12513194 0.52619847
v 0.01609051 0.26915193 0.37385847
v 0.03953051 0.16372193 0.39338847
v 0.03172051 0.12855195 0.51442846
v 0.12156051 0.16372193 0.39338847
v 0.12547051 0.16371194 0.39342847
v 0.12547051 0.16372193 0.39338847
v 0.13328051 -0.31674805 0.87775846
v 0.12937052 -0.31674805 0.87775846
v 0.07863450 -0.02266481 0.82415234
v 0.14500051 -0.21518806 0.87383851
v 0.14890051 -0.21518806 0.87383851
v 0.12156051 0.16371194 0.39342847
v 0.03372234 0.24165131 0.24539549
v 0.04734051 0.07388194 -0.45426152
v 0.05125051 0.07386194 -0.45426152
v 0.19578051 0.16372193 0.39338847
v 0.19578051 0.16371194 0.39342847
v 0.22503300 0.24130192 0.24377485
v 0.05906051 -0.44954710 0.14748052
v 0.02175704 0.05577237 -0.45887287
v 0.08371801 0.21906194 0.13947848
v 0.15281050 -0.22690806 -0.46591152
v 0.14890051 -0.22690806 -0.46591152
v 0.00437051 0.24574193 0.26448848
v 0.00828051 0.24574193 0.26448848
v 0.00828051 0.24574193 0.26447847
v 0.04734051 0.29261193 0.48336848
v 0.05125051 0.29257193 0.48322847
v 0.04343051 0.25744194 0.31916847
v 0.04734051 0.25744194 0.31916847
v 0.04343051 0.25746194 0.31922849
v 0.00437051 0.24574193 0.26447847
v 0.04734051 0.26918194 0.37396847
v 0.05125051 0.26915193 0.37385847
v 0.05125051 0.26918194 0.37396847
v 0.05515051 0.16372193 0.39338847
v 0.05906051 0.16371194 0.39342847
v 0.05906051 0.16372193 0.39338847
v 0.03172051 0.16372193 0.39338847
v 0.00339409 0.28088398 0.42863670
v 0.03562051 -0.43393806 0.06534847
v 0.06297051 0.28086194 0.42854848
v 0.05125051 0.25746194 0.31922849
v 0.05515051 0.25744194 0.31916847
v 0.05515051 0.25746194 0.31922849
v 0.01609051 0.53480193 0.44018849
v 0.03562051 0.12855195 0.51442846
v 0.03562051 0.29257193 0.48322847
v 0.03953051 0.29257193 0.48322847
v 0.04734051 0.26915193 0.37385847
v 0.04734051 0.26748195 0.36604848
v 0.05906051 0.26915193 0.37385847
v 0.06297051 0.26915193 0.37385847
v 0.05906051 0.26918194 0.37396847
v 0.03953051 0.26918194 0.37396847
v 0.00828051 0.53478196 0.44026848
v 0.01609051 0.53478196 0.44026848
v 0.01218051 0.53478196 0.44026848
v 0.03562051 0.24574193 0.26448848
v 0.07078051 0.23403195 0.20979848
v 0.07468051 0.23402193 0.20975848
v 0.07468051 0.23403195 0.20979848
v 0.07859051 0.29257193 0.48322847
v 0.08250051 0.29257193 0.48322847
v 0.08640051 -0.41832805 -0.01676152
v 0.07797517 0.54043648 0.41373908
v 0.04343051 -0.19185807 -0.49723152
v 0.12937052 -0.21518806 0.87383851
v 0.13328051 -0.21518806 0.87383851
v 0.04734051 -0.19174807 -0.49732153
v 0.03562051 0.29261193 0.48336848
v 0.14109050 0.26918194 0.37396847
v 0.14109050 0.26915193 0.37385847
v 0.14500051 0.26915193 0.37385847
v 0.14109050 0.26748195 0.36604848
v 0.21140051 -0.31674805 0.87775846
v 0.06687051 0.23402193 0.20975848
v 0.06297051 0.25744194 0.31916847
v 0.06687051 0.25744194 0.31916847
v 0.06297051 0.25746194 0.31922849
v 0.07468051 0.26918194 0.37396847
v 0.07859051 0.26915193 0.37385847
v 0.07859051 0.26918194 0.37396847
v 0.12547051 0.25746194 0.31922849
v 0.12156051 0.25746194 0.31922849
v 0.14500051 0.53480193 0.44018849
v 0.14109050 0.53480193 0.44018849
v 0.14500051 0.53478196 0.44026848
v 0.02195051 0.54650694 0.38551348
v 0.00437051 0.55044195 -0.47379152
v 0.05906051 -0.22690806 -0.46591152
v 0.05515051 -0.22690806 -0.46591152
v 0.01609051 0.55043194 -0.47387151
v 0.08640051 -0.31672805 0.87776848
v 0.13328051 -0.30112806 -0.39960153
v 0.13718051 -0.30112806 -0.39960153
v 0.13718051 -0.30115807 -0.39957152
v 0.19187052 -0.31672805 0.87776848
v 0.24930224 -0.55449383 0.24769768
v 0.11983243 0.21827994 0.13891196
v 0.12937052 0.25744194 0.31916847
v 0.12937052 0.25746194 0.31922849
v 0.07078051 -0.22683807 -0.46598152
v 0.06687051 -0.22683807 -0.46598152
v 0.07078051 -0.22690806 -0.46591152
v 0.17234050 -0.21518806 0.87383851
v 0.02000051 0.54649195 0.38557847
v 0.12547051 0.53478196 0.44026848
v 0.12156051 0.53478196 0.44026848
v 0.15787123 0.52556762 0.48322947
v 0.14109050 0.29257193 0.48322847
v 0.13718051 0.29261193 0.48336848
v 0.13718051 0.29257193 0.48322847
v 0.06326280 -0.45103689 0.15529952
v 0.00828051 0.55044195 -0.47379152
v 0.00828051 0.53480193 0.44018849
v 0.01218051 0.55044195 -0.47379152
v 0.03172051 0.55043194 -0.47387151
v 0.10682931 0.21894523 0.13960510
v 0.01218051 0.55043194 -0.47387151
v 0.01609051 0.55044195 -0.47379152
v 0.00437051 0.55043194 -0.47387151
v 0.00828051 0.55043194 -0.47387151
v 0.07859051 0.23403195 0.20979848
v 0.05124603 0.23737072 0.22541284
v -0.02632324 0.30211322 0.48790845
v -0.00959866 0.53817137 0.42446335
v 0.01218051 0.53480193 0.44018849
v 0.02000051 0.53478196 0.44026848
v 0.03172051 0.55044195 -0.47379152
v 0.02390051 0.55043194 -0.47387151
v 0.02000051 0.55044195 -0.47379152
v 0.06687051 -0.31672805 0.87776848
v 0.07078051 -0.31672805 0.87776848
v 0.07078051 -0.31674805 0.87775846
v 0.10984051 0.24574193 0.26447847
v 0.07078051 0.55043194 -0.47387151
v 0.06687051 0.55044195 -0.47379152
v 0.07078051 0.55044195 -0.47379152
v 0.07468051 0.53480193 0.44018849
v 0.07859051 0.53480193 0.44018849
v 0.03562051 0.53480193 0.44018849
v 0.09422051 0.55043194 -0.47387151
v 0.09812051 0.55043194 -0.47387151
v 0.09422051 0.55044195 -0.47379152
v 0.06377357 0.53132834 0.45641867
v 0.07645131 0.29654057 0.48790807
v 0.03953051 0.25744194 0.31916847
v 0.03953051 0.25746194 0.31922849
v 0.16453051 0.55043194 -0.47387151
v 0.16843051 0.55043194 -0.47387151
v 0.16453051 0.55044195 -0.47379152
v 0.09031051 -0.22690806 -0.46591152
v 0.10913808 0.53483183 0.44006479
v 0.14109050 -0.30112806 -0.39960153
v 0.14500051 -0.30112806 -0.39960153
v 0.14500051 -0.30115807 -0.39957152
v 0.06297051 0.55043194 -0.47387151
v 0.02543648 0.25196367 0.29356758
v 0.14890051 0.55043194 -0.47387151
v 0.15281050 0.55043194 -0.47387151
v 0.14890051 0.55044195 -0.47379152
v 0.02781051 0.53478196 0.44026848
v 0.23875051 0.33949193 -0.45027153
v 0.10593051 0.25746194 0.31922849
v 0.10768800 0.53132624 0.45642440
v -0.17131972 0.53324433 -0.54862415
v 0.07859051 0.53478196 0.44026848
v 0.02050348 0.43867283 -0.98669060
v 0.03953051 0.53478196 0.44026848
v 0.13718051 0.53480193 0.44018849
v 0.13718051 0.53478196 0.44026848
v 0.14109050 0.53478196 0.44026848
v 0.06297051 -0.31672805 0.87776848
v 0.06687051 -0.31674805 0.87775846
v 0.04734051 0.55044195 -0.47379152
v 0.06032406 0.55308771 -0.46182218
v 0.05125051 0.55044195 -0.47379152
v 0.03562051 0.55043194 -0.47387151
v 0.03562051 0.55044195 -0.47379152
v 0.02000051 0.53480193 0.44018849
v 0.02390051 0.53478196 0.44026848
v 0.03172051 0.53480193 0.44018849
v 0.02781051 0.53480193 0.44018849
v 0.03172051 0.53478196 0.44026848
v 0.10593051 0.28090194 0.42870848
v 0.11179551 0.28088194 0.42862848
v 0.02390051 0.53480193 0.44018849
v 0.13328051 -0.22683807 -0.46598152
v 0.08250051 0.53480193 0.44018849
v 0.08250051 0.53478196 0.44026848
v 0.08640051 0.53478196 0.44026848
v 0.04343051 0.24825195 0.27619847
v 0.03953051 0.55044195 -0.47379152
v 0.28172051 0.40590194 0.31910848
v 0.28172051 0.40199193 0.31910848
v 0.28169050 0.40590194 0.31916847
v 0.13328051 0.55043194 -0.47387151
v 0.12937052 0.55044195 -0.47379152
v 0.13328051 0.55044195 -0.47379152
v 0.16843051 -0.41832805 -0.01676152
v 0.16453051 -0.41832805 -0.01676152
v 0.07468051 0.53478196 0.44026848
v 0.09934420 0.22238329 0.15538473
v 0.09031051 0.55044195 -0.47379152
v 0.18406050 -0.41832805 -0.01676152
v 0.18797051 -0.41832805 -0.01676152
v 0.18406050 -0.41830805 -0.01683152
v 0.04734051 0.23403195 0.20979848
v 0.14500051 -0.21524806 0.87385847
v 0.14109050 -0.21518806 0.87383851
v 0.16062052 -0.41832805 -0.01676152
v 0.15672051 -0.41830805 -0.01683152
v 0.06687051 -0.44955805 0.14754847
v 0.23942535 -0.44350902 0.12046586
v 0.06882551 -0.44953805 0.14742347
v 0.15672051 -0.30115807 -0.39957152
v 0.15281050 -0.30115807 -0.39957152
v 0.05125051 0.24574193 0.26448848
v 0.05515051 0.24574193 0.26448848
v 0.05906051 0.24741194 0.27229848
v 0.05515051 0.24574193 0.26447847
v 0.16843051 -0.43393806 0.06534847
v 0.16453051 -0.43393806 0.06534847
v 0.10203051 0.25744194 0.31916847
v 0.10593051 0.25744194 0.31916847
v 0.10203051 0.25746194 0.31922849
v 0.03953051 -0.22690806 -0.46591152
v 0.03953051 -0.22683807 -0.46598152
v 0.05125051 0.07388194 -0.45426152
v 0.06687051 -0.30112806 -0.39960153
v 0.07078051 -0.30112806 -0.39960153
v 0.07078051 -0.30115807 -0.39957152
v 0.03562051 -0.21524806 0.87385847
v 0.03953051 -0.21524806 0.87385847
v 0.07859051 -0.30115807 -0.39957152
v 0.07859051 -0.30112806 -0.39960153
v 0.08250051 -0.30115807 -0.39957152
v 0.03562051 -0.30115807 -0.39957152
v 0.16062052 -0.21518806 0.87383851
v 0.04734051 -0.21518806 0.87383851
v 0.05125051 -0.21518806 0.87383851
v 0.05125051 -0.20737806 0.87088849
v 0.05125051 -0.21524806 0.87385847
v 0.04343051 -0.32739806 0.87385847
v 0.33640050 -0.50418809 0.94026848
v 0.08250051 -0.21524806 0.87385847
v 0.11765051 -0.30115807 -0.39957152
v 0.23940694 -0.46523128 0.22859723
v 0.30917749 -0.59611890 0.82440500
v 0.18015051 -0.21518806 0.87383851
v 0.08640051 0.07388194 -0.45426152
v 0.09031051 0.07386194 -0.45426152
v 0.08640051 0.07386194 -0.45426152
v 0.07468051 -0.31674805 0.87775846
v 0.13718051 -0.41832805 -0.01676152
v 0.13328051 -0.41830805 -0.01683152
v 0.10560298 -0.27050552 0.89458860
v 0.07859051 0.29261193 0.48336848
v 0.07468051 0.29261193 0.48336848
v 0.07078051 0.07386194 -0.45426152
v 0.07078051 0.07388194 -0.45426152
v 0.07078051 -0.43391806 0.06526848
v 0.09031051 -0.31674805 0.87775846
v 0.08640051 -0.31674805 0.87775846
v 0.05125051 -0.22690806 -0.46591152
v 0.05125051 -0.22683807 -0.46598152
v 0.04343051 -0.21524806 0.87385847
v 0.03953051 -0.21518806 0.87383851
v 0.05515051 -0.30115807 -0.39957152
v 0.05515051 -0.30112806 -0.39960153
v 0.05906051 -0.30115807 -0.39957152
v 0.03562051 -0.22683807 -0.46598152
v 0.03562051 -0.30112806 -0.39960153
v 0.04734051 -0.22683807 -0.46598152
v 0.06687051 -0.30115807 -0.39957152
v 0.17625051 -0.41832805 -0.01676152
v 0.18015051 -0.41832805 -0.01676152
v 0.08250051 -0.43540806 0.07307847
v 0.30125051 -0.56295803 0.35432847
v 0.30222300 -0.56280556 0.35468847
v 0.05515051 -0.21518806 0.87383851
v 0.09031051 -0.41832805 -0.01676152
v 0.05906051 -0.31672805 0.87776848
v 0.06297051 -0.31674805 0.87775846
v 0.04343051 -0.21127807 0.87235846
v 0.04343051 -0.21518806 0.87383851
v 0.04734051 -0.31672805 0.87776848
v 0.04734051 -0.31674805 0.87775846
v 0.07859051 0.24574193 0.26447847
v 0.07468051 0.24825195 0.27619847
v 0.03562051 -0.21518806 0.87383851
v 0.05125051 -0.31674805 0.87775846
v 0.05906051 -0.21518806 0.87383851
v 0.06687051 -0.22559807 0.87776848
v 0.04538551 -0.19180307 -0.49727652
v 0.19187052 -0.41832805 -0.01676152
v 0.18406050 -0.43393806 0.06534847
v 0.09031051 -0.41830805 -0.01683152
v 0.03953051 0.26915193 0.37385847
v 0.28562050 -0.60582808 -0.29019151
v 0.28953051 -0.60582808 -0.29019151
v 0.20071198 -0.24650472 0.88565086
v 0.27000051 -0.50418809 0.94026848
v 0.27390050 -0.50424805 0.94023850
v 0.30906050 -0.43784806 0.26843848
v 0.31297051 -0.43784806 0.26843848
v 0.30906050 -0.43777806 0.26838847
v 0.05125051 -0.19185807 -0.49723152
v 0.26218050 -0.55901805 0.24494848
v 0.05906051 -0.30112806 -0.39960153
v 0.33250051 -0.60580805 0.80739846
v 0.33640050 -0.60580805 0.80739846
v 0.04734051 -0.32065806 0.87632849
v 0.05125051 -0.30112806 -0.39960153
v 0.34031050 -0.60582808 -0.29019151
v 0.34031050 -0.60580805 -0.29024152
v 0.34422051 -0.60582808 -0.29019151
v 0.06297051 -0.30115807 -0.39957152
v 0.07468051 -0.31672805 0.87776848
v 0.07859051 -0.31672805 0.87776848
v 0.07859051 -0.31674805 0.87775846
v 0.06297051 -0.21524806 0.87385847
v 0.16062052 -0.21524806 0.87385847
v 0.15672051 -0.21524806 0.87385847
v 0.01936459 -0.35460328 -0.35156936
v 0.10984051 -0.41832805 -0.01676152
v 0.10984051 -0.41830805 -0.01683152
v 0.08250051 -0.30112806 -0.39960153
v 0.03172051 0.16371194 0.39342847
v 0.10088484 -0.17078453 -0.51555033
v 0.28965082 -0.07431306 -0.00702152
v 0.04343051 0.12855195 0.51442846
v 0.11317396 -0.20768980 -0.48307754
v 0.04343051 -0.22683807 -0.46598152
v 0.28953051 -0.50418809 0.94026848
v 0.28953051 -0.50424805 0.94023850
v 0.29343050 -0.50424805 0.94023850
v 0.09422051 0.23402193 0.20975848
v 0.09422051 0.23403195 0.20979848
v 0.09031051 0.23403195 0.20979848
v 0.06687051 -0.21518806 0.87383851
v 0.07078051 -0.21518806 0.87383851
v 0.07078051 -0.21524806 0.87385847
v 0.06297051 0.24574193 0.26447847
v 0.05906051 0.24574193 0.26448848
v 0.05906051 0.24574193 0.26447847
v 0.05906051 -0.22683807 -0.46598152
v 0.18797051 -0.21524806 0.87385847
v 0.06297051 -0.22683807 -0.46598152
v 0.05906051 0.29257193 0.48322847
v 0.06076127 -0.17211621 -0.51460255
v 0.04734051 0.12854193 0.51447847
v 0.04734051 0.12855195 0.51442846
v 0.09900715 0.09730194 -0.44834153
v 0.07468051 -0.30112806 -0.39960153
v 0.29734050 -0.59018806 0.83479848
v 0.29343050 -0.59018806 0.83480849
v 0.29343050 -0.59018806 0.83479848
v 0.05515051 0.16371194 0.39342847
v 0.05906051 0.16145194 0.40119847
v 0.23946462 -0.18359141 0.86112814
v 0.28976928 -0.47661275 0.28415215
v 0.29734050 -0.43784806 0.26843848
v 0.06297051 0.12855195 0.51442846
v 0.07859051 0.07388194 -0.45426152
v 0.08250051 0.07386194 -0.45426152
v 0.06687051 0.24574193 0.26447847
v 0.12156051 0.12855195 0.51442846
v 0.12547051 0.12855195 0.51442846
v 0.05515051 0.26918194 0.37396847
v 0.05515051 0.26915193 0.37385847
v 0.19578051 -0.31672805 0.87776848
v 0.06687051 0.24574193 0.26448848
v 0.19773051 -0.24643806 0.88562848
v 0.12937052 0.07388194 -0.45426152
v 0.13328051 0.07388194 -0.45426152
v 0.13328051 0.07386194 -0.45426152
v 0.06687051 -0.21524806 0.87385847
v 0.19402150 -0.23232594 0.88030359
v 0.05125051 0.12854193 0.51447847
v 0.05515051 0.12627193 0.52229848
v 0.09422051 0.16372193 0.39338847
v 0.09812051 0.16372193 0.39338847
v 0.10593051 0.24825195 0.27619847
v 0.05906051 0.07388194 -0.45426152
v 0.07468051 -0.21524806 0.87385847
v 0.05515051 0.12854193 0.51447847
v 0.05125051 0.12855195 0.51442846
v 0.07468051 0.16371194 0.39342847
v 0.07078051 0.16371194 0.39342847
v 0.07078051 0.16372193 0.39338847
v 0.06297051 0.29257193 0.48322847
v 0.13328051 -0.21524806 0.87385847
v 0.07374562 0.28088380 0.42863604
v 0.08445051 0.28088194 0.42862848
v 0.06297051 0.12854193 0.51447847
v 0.05906051 0.12855195 0.51442846
v 0.06076988 0.29541943 0.48732848
v 0.04343051 0.26915193 0.37385847
v 0.04343051 0.26918194 0.37396847
v 0.09422051 -0.21518806 0.87383851
v 0.09422051 -0.21524806 0.87385847
v 0.04734051 0.25746194 0.31922849
v 0.06297051 0.07388194 -0.45426152
v 0.06297051 0.07386194 -0.45426152
v 0.06990785 -0.41395033 -0.03978007
v 0.03645156 0.28810752 0.46241572
v 0.05515051 0.29257193 0.48322847
v 0.09812051 -0.43540806 0.07307847
v 0.05515051 0.12855195 0.51442846
v 0.05906051 0.25744194 0.31916847
v 0.05906051 0.25746194 0.31922849
v 0.15672051 -0.21518806 0.87383851
v 0.15281050 -0.21518806 0.87383851
v 0.07078051 0.25746194 0.31922849
v 0.07468051 0.25744194 0.31916847
v 0.07468051 0.25746194 0.31922849
v 0.05906051 0.12854193 0.51447847
v 0.10593051 -0.21524806 0.87385847
v 0.10203051 -0.21518806 0.87383851
v 0.11765051 -0.21524806 0.87385847
v 0.11375051 -0.21524806 0.87385847
v 0.11375051 -0.22559807 0.87776848
v 0.07078051 0.26915193 0.37385847
v 0.05125051 0.16372193 0.39338847
v 0.05515051 0.23403195 0.20979848
v 0.05906051 0.23402193 0.20975848
v 0.05906051 0.23403195 0.20979848
v 0.06297051 0.26918194 0.37396847
v 0.10593051 -0.43391806 0.06526848
v 0.10593051 -0.43393806 0.06534847
v 0.06687051 0.26915193 0.37385847
v 0.06687051 0.26918194 0.37396847
v 0.06297051 0.16371194 0.39342847
v 0.06297051 0.16372193 0.39338847
v 0.07859051 0.12854193 0.51447847
v 0.07859051 0.12855195 0.51442846
v 0.07468051 0.12855195 0.51442846
v 0.07078051 0.23402193 0.20975848
v 0.16453051 -0.43391806 0.06526848
v 0.16062052 -0.43391806 0.06526848
v 0.10203051 0.29261193 0.48336848
v 0.10593051 0.29257193 0.48322847
v 0.03953051 0.24574193 0.26448848
v 0.04343051 0.24574193 0.26448848
v 0.04343051 0.24574193 0.26447847
v 0.09031051 0.24741194 0.27229848
v 0.06297051 0.23402193 0.20975848
v 0.07859051 0.24574193 0.26448848
v 0.08250051 0.24574193 0.26447847
v 0.09812051 -0.31674805 0.87775846
v 0.03953051 0.24574193 0.26447847
v 0.08250051 0.25746194 0.31922849
v 0.08640051 0.25744194 0.31916847
v 0.08640051 0.25746194 0.31922849
v 0.07859051 0.26832193 0.36994847
v 0.11765051 0.24574193 0.26447847
v 0.11375051 0.24574193 0.26447847
v 0.09031051 0.29257193 0.48322847
v 0.08640051 0.29257193 0.48322847
v 0.06297051 0.23403195 0.20979848
v 0.05125051 0.23403195 0.20979848
v 0.05515051 0.23402193 0.20975848
v 0.04734051 0.24574193 0.26448848
v 0.05125051 0.24574193 0.26447847
v 0.06297051 0.24574193 0.26448848
v 0.04626991 0.28088391 0.42863642
v 0.06297051 0.29261193 0.48336848
v 0.06687051 0.16371194 0.39342847
v 0.06687051 0.16031194 0.40510847
v 0.06687051 0.16372193 0.39338847
v 0.06687051 0.23403195 0.20979848
v 0.08640051 0.28090194 0.42870848
v 0.09031051 0.25744194 0.31916847
v 0.09422051 0.25744194 0.31916847
v 0.09031051 0.25746194 0.31922849
v 0.08250051 0.29261193 0.48336848
v 0.06492051 0.28088194 0.42862848
v 0.08640051 0.23402193 0.20975848
v 0.09031051 0.23402193 0.20975848
v 0.09422051 0.24574193 0.26448848
v 0.10593051 0.24574193 0.26448848
v 0.10593051 0.24574193 0.26447847
v 0.08250051 0.26915193 0.37385847
v 0.09422051 0.24574193 0.26447847
v 0.09031051 0.24574193 0.26448848
v 0.09031051 0.24574193 0.26447847
v 0.13214573 0.28739623 0.45908590
v 0.10203051 0.29257193 0.48322847
v 0.09812051 0.29261193 0.48336848
v 0.09812051 0.29257193 0.48322847
v 0.10398051 0.28088194 0.42862848
v 0.09697941 0.28088474 0.42863976
v 0.08640051 0.29261193 0.48336848
v 0.05515051 0.55044195 -0.47379152
v 0.08250051 0.26918194 0.37396847
v 0.08640051 0.26918194 0.37396847
v 0.08640051 -0.21524806 0.87385847
v 0.09031051 0.26915193 0.37385847
v 0.09031051 0.26918194 0.37396847
v 0.08640051 -0.22683807 -0.46598152
v 0.09031051 -0.22683807 -0.46598152
v 0.09422051 -0.22683807 -0.46598152
v 0.09422051 -0.22690806 -0.46591152
v 0.60907499 -0.08886138 0.33518146
v 0.05538698 -0.20730523 -0.48342265
v 0.12547051 -0.30112806 -0.39960153
v 0.12937052 -0.30112806 -0.39960153
v 0.12937052 -0.30115807 -0.39957152
v 0.09422051 -0.30112806 -0.39960153
v 0.09422051 -0.30115807 -0.39957152
v 0.28172051 0.38246194 0.31910848
v 0.09031051 -0.21524806 0.87385847
v 0.09422051 -0.31674805 0.87775846
v 0.09031051 -0.31672805 0.87776848
v 0.14890051 0.53478196 0.44026848
v 0.09031051 -0.21518806 0.87383851
v 0.10203051 0.53480193 0.44018849
v 0.10593051 0.53478196 0.44026848
v 0.12937052 0.53478196 0.44026848
v 0.09422051 -0.31672805 0.87776848
v 0.08640051 -0.30115807 -0.39957152
v 0.03953051 0.55043194 -0.47387151
v 0.03562051 0.53478196 0.44026848
v 0.08250051 -0.31674805 0.87775846
v 0.08250051 -0.31672805 0.87776848
v 0.12547051 0.07386194 -0.45426152
v 0.12547051 0.07388194 -0.45426152
v 0.12937052 0.07386194 -0.45426152
v 0.06687051 0.55043194 -0.47387151
v 0.18797051 0.55043194 -0.47387151
v 0.19187052 0.55043194 -0.47387151
v 0.05125051 0.55043194 -0.47387151
v 0.12547051 0.55043194 -0.47387151
v 0.31803862 0.38001092 -0.32632145
v 0.12270076 0.27393687 0.39620246
v 0.05906051 0.55043194 -0.47387151
v 0.05906051 0.55044195 -0.47379152
v 0.14890051 0.53480193 0.44018849
v 0.15281050 0.53478196 0.44026848
v 0.16062052 0.55043194 -0.47387151
v 0.16062052 0.55044195 -0.47379152
v 0.15672051 0.25746194 0.31922849
v 0.16062052 0.25744194 0.31916847
v 0.16062052 0.25746194 0.31922849
v 0.07468051 0.55043194 -0.47387151
v 0.04343051 0.55043194 -0.47387151
v 0.04343051 0.55044195 -0.47379152
v 0.12525941 0.53674620 0.43111439
v 0.08640051 0.55043194 -0.47387151
v 0.09031051 0.55043194 -0.47387151
v 0.08640051 0.55044195 -0.47379152
v 0.13523051 0.28088194 0.42862848
v 0.04734051 0.55043194 -0.47387151
v 0.08250051 0.23403195 0.20979848
v 0.09338747 0.55397428 -0.45779312
v 0.15281050 0.55044195 -0.47379152
v 0.07468051 0.55044195 -0.47379152
v 0.13328051 0.25746194 0.31922849
v 0.13718051 0.25744194 0.31916847
v 0.13718051 0.25746194 0.31922849
v 0.09422051 0.53480193 0.44018849
v 0.09812051 0.53480193 0.44018849
v 0.28172051 0.33558193 0.31910848
v 0.28172051 0.33949193 0.31910848
v 0.28169050 0.33949193 0.31916847
v 0.13718051 -0.32739806 0.87385847
v 0.28056282 -0.56416717 0.24032743
v 0.11765051 0.53480193 0.44018849
v 0.11375051 0.53480193 0.44018849
v 0.11765051 0.53478196 0.44026848
v 0.06297051 0.55044195 -0.47379152
v 0.08640051 0.53480193 0.44018849
v 0.10984051 0.55044195 -0.47379152
v 0.11375051 0.55044195 -0.47379152
v 0.23869052 0.27308193 -0.45035152
v 0.23869052 0.27699193 -0.45035152
v 0.05515051 0.55043194 -0.47387151
v 0.11275232 0.53479044 0.44023459
v 0.07378100 0.53482250 0.44010441
v 0.06687051 0.25746194 0.31922849
v 0.10203051 0.53478196 0.44026848
v 0.09812051 0.53478196 0.44026848
v 0.10984051 0.55043194 -0.47387151
v 0.11375051 0.55043194 -0.47387151
v 0.12547051 0.53480193 0.44018849
v 0.12937052 0.53480193 0.44018849
v 0.09422051 0.26915193 0.37385847
v 0.09422051 0.26748195 0.36604848
v 0.28169050 0.31996194 0.31916847
v 0.28172051 0.31996194 0.31910848
v 0.28169050 0.32386193 0.31916847
v 0.06668083 0.54265825 -0.50911877
v 0.10203051 -0.41832805 -0.01676152
v 0.14500051 0.55043194 -0.47387151
v 0.14500051 0.55044195 -0.47379152
v 0.07859051 0.55043194 -0.47387151
v 0.06146758 0.24976539 0.28328649
v 0.08250051 0.55043194 -0.47387151
v 0.07859051 0.55044195 -0.47379152
v 0.09031051 0.53480193 0.44018849
v 0.08640051 0.23403195 0.20979848
v 0.09812051 0.25744194 0.31916847
v 0.09422051 0.29261193 0.48336848
v 0.07883488 0.29551131 0.48737598
v 0.09031051 0.29261193 0.48336848
v 0.26609050 -0.55893806 0.24501847
v 0.17625051 -0.21518806 0.87383851
v 0.06687051 0.29257193 0.48322847
v 0.20359050 -0.41830805 -0.01683152
v 0.10593051 0.12855195 0.51442846
v 0.10984051 0.12854193 0.51447847
v 0.31231791 -0.54709882 -0.41912676
v 0.10234651 0.29653762 0.48790655
v 0.30337599 -0.61318130 0.79431151
v 0.07078051 0.26918194 0.37396847
v 0.08250051 -0.21518806 0.87383851
v 0.08640051 -0.21518806 0.87383851
v 0.19968051 -0.43391806 0.06526848
v 0.17625051 -0.43393806 0.06534847
v 0.18015051 -0.43393806 0.06534847
v 0.07468051 0.29257193 0.48322847
v 0.24534711 -0.16905796 -0.52584857
v 0.10593051 0.07388194 -0.45426152
v 0.10984051 0.07386194 -0.45426152
v 0.10593051 0.07386194 -0.45426152
v 0.15672051 -0.31674805 0.87775846
v 0.16062052 -0.31674805 0.87775846
v 0.15672051 -0.31672805 0.87776848
v 0.11375051 -0.41832805 -0.01676152
v 0.08250051 -0.22683807 -0.46598152
v 0.08640051 -0.22690806 -0.46591152
v 0.10593051 -0.41832805 -0.01676152
v 0.18797051 -0.43393806 0.06534847
v 0.09422051 -0.41832805 -0.01676152
v 0.09422051 -0.41830805 -0.01683152
v 0.10593051 -0.31674805 0.87775846
v 0.10984051 -0.31674805 0.87775846
v 0.10593051 -0.31672805 0.87776848
v 0.31736019 -0.56341806 0.24035848
v 0.30125051 -0.55901805 0.24494848
v 0.19187052 -0.43391806 0.06526848
v 0.18797051 -0.43391806 0.06526848
v 0.10203051 0.12855195 0.51442846
v 0.09812051 0.12855195 0.51442846
v 0.10203051 0.12854193 0.51447847
v 0.09436150 -0.42891506 0.03893624
v 0.08250051 -0.43393806 0.06534847
v 0.08250051 -0.43391806 0.06526848
v 0.11375051 -0.21518806 0.87383851
v 0.11765051 -0.21518806 0.87383851
v 0.18875769 -0.42481438 0.01736598
v 0.07468051 -0.43393806 0.06534847
v 0.08250051 0.07388194 -0.45426152
v 0.07859051 -0.43393806 0.06534847
v 0.15672051 0.26915193 0.37385847
v 0.16062052 0.26915193 0.37385847
v 0.15672051 0.26918194 0.37396847
v 0.25368177 -0.59360971 0.82859301
v 0.11375051 -0.43393806 0.06534847
v 0.11375051 -0.43391806 0.06526848
v 0.11765051 -0.43393806 0.06534847
v 0.11375051 -0.43465805 0.06916848
v 0.13718051 -0.21518806 0.87383851
v 0.13718051 -0.21524806 0.87385847
v 0.30125051 -0.57460806 0.86213847
v 0.09812051 -0.41832805 -0.01676152
v 0.12937052 -0.43393806 0.06534847
v 0.13328051 -0.43393806 0.06534847
v 0.12937052 -0.43391806 0.06526848
v 0.15539851 -0.23008036 0.87945751
v 0.30125051 -0.60580805 -0.29024152
v 0.30515050 -0.60580805 -0.29024152
v 0.30515050 -0.60582808 -0.29019151
v 0.25798411 -0.56672738 0.03702538
v 0.10984051 -0.31672805 0.87776848
v 0.10203051 -0.31672805 0.87776848
v 0.23997194 -0.07954500 0.78133458
v 0.07859051 -0.22683807 -0.46598152
v 0.08250051 -0.22690806 -0.46591152
v 0.10593051 0.12854193 0.51447847
v 0.11765051 -0.30112806 -0.39960153
v 0.07468051 -0.30115807 -0.39957152
v 0.27390050 -0.50418809 0.94026848
v 0.27390050 -0.51341805 0.93635847
v 0.27781050 -0.50424805 0.94023850
v 0.03799812 -0.27058070 0.89454634
v 0.07078051 0.25744194 0.31916847
v 0.26432482 -0.62912658 0.29411956
v 0.14890051 -0.30112806 -0.39960153
v 0.14890051 -0.30115807 -0.39957152
v 0.07859051 0.23402193 0.20975848
v 0.29050300 -0.56280556 0.35468847
v 0.12547051 -0.31672805 0.87776848
v 0.28562050 -0.55893806 0.24501847
v 0.28953051 -0.55893806 0.24501847
v 0.07859051 0.16371194 0.39342847
v 0.10984051 0.28086194 0.42854848
v 0.09812051 0.07386194 -0.45426152
v 0.09422051 0.07388194 -0.45426152
v 0.09812051 0.07388194 -0.45426152
v 0.21922051 -0.30112806 -0.39960153
v 0.09031051 0.07388194 -0.45426152
v 0.09422051 0.07386194 -0.45426152
v 0.09812051 -0.22683807 -0.46598152
v 0.09812051 -0.22690806 -0.46591152
v 0.16062052 -0.41830805 -0.01683152
v 0.10984051 -0.22690806 -0.46591152
v 0.10984051 -0.22683807 -0.46598152
v 0.11375051 -0.22690806 -0.46591152
v 0.33601083 -0.11499010 0.14617067
v 0.08640051 0.26915193 0.37385847
v 0.15672051 -0.30112806 -0.39960153
v 0.16062052 -0.30112806 -0.39960153
v 0.16062052 -0.30115807 -0.39957152
v 0.09328880 0.24163235 0.24530673
v 0.12547051 0.24574193 0.26447847
v 0.12156051 0.24574193 0.26447847
v 0.08250051 0.25744194 0.31916847
v 0.13718051 0.24574193 0.26448848
v 0.14109050 0.24574193 0.26447847
v 0.13718051 0.24574193 0.26447847
v 0.07078051 0.24574193 0.26448848
v 0.07078051 0.24574193 0.26447847
v 0.07468051 0.26915193 0.37385847
v 0.10007551 0.05828444 -0.45819902
v 0.12156051 -0.21524806 0.87385847
v 0.12156051 -0.21518806 0.87383851
v 0.19968051 -0.30112806 -0.39960153
v 0.06687051 0.07386194 -0.45426152
v 0.06687051 0.07388194 -0.45426152
v 0.10203051 -0.22683807 -0.46598152
v 0.10593051 -0.22683807 -0.46598152
v 0.10593051 -0.22690806 -0.46591152
v 0.08250051 0.24574193 0.26448848
v 0.09422051 0.29257193 0.48322847
v 0.12547051 0.25744194 0.31916847
v 0.08250051 0.12855195 0.51442846
v 0.08250051 0.12854193 0.51447847
v 0.28562050 -0.60577807 0.80744847
v 0.09422051 0.26918194 0.37396847
v 0.07468051 0.12854193 0.51447847
v 0.11570051 0.05832694 -0.45818652
v 0.13718051 0.23403195 0.20979848
v 0.14109050 0.23402193 0.20975848
v 0.14109050 0.23403195 0.20979848
v 0.07078051 0.12855195 0.51442846
v 0.05804576 0.26387598 0.34919771
v 0.07859051 0.25746194 0.31922849
v 0.14377518 0.28088390 0.42863637
v 0.09812051 0.26918194 0.37396847
v 0.10203051 0.26915193 0.37385847
v 0.10203051 0.26918194 0.37396847
v 0.19968051 -0.41832805 -0.01676152
v 0.19578051 -0.41830805 -0.01683152
v 0.13328051 0.26918194 0.37396847
v 0.13718051 0.26915193 0.37385847
v 0.13718051 0.26918194 0.37396847
v 0.14890051 -0.43391806 0.06526848
v 0.15281050 -0.43391806 0.06526848
v 0.09422051 0.25746194 0.31922849
v 0.06297051 0.12513194 0.52619847
v 0.08640051 0.12513194 0.52619847
v 0.08640051 0.12854193 0.51447847
v 0.08640051 0.12855195 0.51442846
v 0.09031051 0.12854193 0.51447847
v 0.09031051 0.12855195 0.51442846
v 0.09422051 0.12854193 0.51447847
v 0.09422051 0.12855195 0.51442846
v 0.09812051 0.25746194 0.31922849
v 0.09031051 0.16371194 0.39342847
v 0.09031051 0.16372193 0.39338847
v 0.23890956 -0.27173597 0.89414257
v 0.21922051 -0.31674805 0.87775846
v 0.21531050 -0.31674805 0.87775846
v 0.15986034 -0.42962506 0.04267902
v 0.07859051 0.25744194 0.31916847
v 0.08640051 0.16371194 0.39342847
v 0.08250051 0.16371194 0.39342847
v 0.14890051 -0.21524806 0.87385847
v 0.14109050 -0.43393806 0.06534847
v 0.13718051 -0.43393806 0.06534847
v 0.13718051 -0.43391806 0.06526848
v 0.09422051 0.16371194 0.39342847
v 0.09812051 0.24574193 0.26448848
v 0.09812051 0.24574193 0.26447847
v 0.09031051 0.53478196 0.44026848
v 0.08640051 0.24574193 0.26447847
v 0.12547051 -0.43391806 0.06526848
v 0.10203051 0.07388194 -0.45426152
v 0.09812051 -0.43465805 0.06916848
v 0.07468051 0.24574193 0.26447847
v 0.08250051 0.23402193 0.20975848
v 0.08640051 0.24574193 0.26448848
v 0.09812051 0.16371194 0.39342847
v 0.07468051 0.24574193 0.26448848
v 0.10984051 0.23403195 0.20979848
v 0.10593051 0.23403195 0.20979848
v 0.11765051 0.29261193 0.48336848
v 0.11375051 0.29261193 0.48336848
v 0.11765051 0.29257193 0.48322847
v 0.14500051 0.25744194 0.31916847
v 0.10676314 0.26284262 0.34436440
v 0.17545953 0.23488409 -0.54856800
v 0.09812051 0.55044195 -0.47379152
v 0.08072141 0.27476816 0.40009824
v 0.10593051 0.26918194 0.37396847
v 0.13251469 0.38443602 0.48790847
v 0.12547051 0.29257193 0.48322847
v 0.12156051 0.29261193 0.48336848
v 0.12156051 0.29257193 0.48322847
v 0.10984051 0.23402193 0.20975848
v 0.12156051 0.26915193 0.37385847
v 0.12547051 0.26915193 0.37385847
v 0.12156051 0.26918194 0.37396847
v 0.12547051 0.26832193 0.36994847
v 0.12156051 0.07388194 -0.45426152
v 0.11765051 0.07388194 -0.45426152
v 0.12156051 0.07386194 -0.45426152
v 0.12547051 0.29261193 0.48336848
v 0.18797051 -0.31674805 0.87775846
v 0.18797051 -0.31672805 0.87776848
v 0.11531454 0.28088428 0.42863798
v 0.13328051 0.29261193 0.48336848
v 0.08890739 0.28737392 0.45897503
v 0.13472320 0.54264568 -0.50917197
v 0.14890051 0.29261193 0.48336848
v 0.14890051 0.29257193 0.48322847
v 0.12547051 0.26918194 0.37396847
v 0.10984051 0.26918194 0.37396847
v 0.10984051 0.25744194 0.31916847
v 0.11375051 0.23402193 0.20975848
v 0.13328051 0.16372193 0.39338847
v 0.12937052 0.16372193 0.39338847
v 0.13328051 0.16371194 0.39342847
v 0.11375051 -0.22683807 -0.46598152
v 0.30520051 0.39808193 0.26838847
v 0.11375051 0.26915193 0.37385847
v 0.11765051 0.26915193 0.37385847
v 0.11375051 0.26918194 0.37396847
v 0.11765051 0.26918194 0.37396847
v 0.09422051 0.53478196 0.44026848
v 0.08250051 0.55044195 -0.47379152
v 0.14500051 0.29261193 0.48336848
v 0.11917166 0.26679778 0.36284918
v 0.16843051 0.26915193 0.37385847
v 0.16453051 0.26918194 0.37396847
v 0.16453051 0.26915193 0.37385847
v 0.30515050 0.02307194 -0.13785152
v 0.30125051 0.02307194 -0.13785152
v 0.12742051 0.28088194 0.42862848
v 0.11765051 0.55043194 -0.47387151
v 0.11765051 0.55044195 -0.47379152
v 0.14109050 0.55044195 -0.47379152
v 0.12156051 0.53480193 0.44018849
v 0.14500051 0.29257193 0.48322847
v 0.10203051 0.55044195 -0.47379152
v 0.11765051 0.25746194 0.31922849
v 0.12156051 0.24741194 0.27229848
v 0.20359050 0.24574193 0.26447847
v 0.23869052 0.42933193 -0.45035152
v 0.12937052 0.55043194 -0.47387151
v 0.23875051 0.41761193 -0.45027153
v 0.23875051 0.42152193 -0.45027153
v 0.23869052 0.42152193 -0.45035152
v 0.12351551 0.52308193 0.48751848
v 0.13969219 0.29653107 0.48790318
v 0.09809593 0.25101741 0.28914527
v 0.10203051 0.55043194 -0.47387151
v 0.10593051 0.55043194 -0.47387151
v 0.10593051 0.55044195 -0.47379152
v 0.07960192 0.25205198 0.29397825
v 0.09812051 0.23402193 0.20975848
v 0.30515050 0.31215194 0.26847847
v 0.20359050 0.25746194 0.31922849
v 0.19968051 0.25746194 0.31922849
v 0.10203051 0.24574193 0.26447847
v 0.12547051 -0.41830805 -0.01683152
v 0.09812051 -0.41830805 -0.01683152
v 0.16453051 -0.30112806 -0.39960153
v 0.16843051 -0.30112806 -0.39960153
v 0.16843051 -0.30115807 -0.39957152
v 0.09812051 0.26915193 0.37385847
v 0.13328051 -0.43391806 0.06526848
v 0.13328051 0.25744194 0.31916847
v 0.09458803 -0.24721735 0.88595593
v 0.10984051 0.26915193 0.37385847
v 0.21140051 -0.30112806 -0.39960153
v 0.21140051 -0.30115807 -0.39957152
v 0.20750051 -0.30112806 -0.39960153
v 0.16062052 -0.43393806 0.06534847
v 0.14109050 0.25744194 0.31916847
v 0.14109050 0.25746194 0.31922849
v 0.17234050 -0.41832805 -0.01676152
v 0.12937052 0.29257193 0.48322847
v 0.12937052 0.29261193 0.48336848
v 0.14890051 0.26918194 0.37396847
v 0.14890051 0.26915193 0.37385847
v 0.15281050 0.26915193 0.37385847
v 0.25168501 -0.42885973 -0.51844607
v 0.09812051 0.12854193 0.51447847
v 0.10984051 0.12627193 0.52229848
v 0.15281050 -0.31672805 0.87776848
v 0.27390050 -0.55893806 0.24501847
v 0.27781050 -0.55901805 0.24494848
v 0.27781050 -0.55893806 0.24501847
v 0.12156051 -0.30112806 -0.39960153
v 0.12547051 -0.30115807 -0.39957152
v 0.12937052 -0.41830805 -0.01683152
v 0.09812051 -0.30115807 -0.39957152
v 0.10251676 0.29523568 0.48723347
v 0.34422051 -0.60577807 0.80744847
v 0.34109089 -0.59840130 0.82040452
v 0.34031050 -0.60577807 0.80744847
v 0.11765051 -0.22690806 -0.46591152
v 0.11765051 -0.22683807 -0.46598152
v 0.12156051 -0.22690806 -0.46591152
v 0.10203051 -0.30112806 -0.39960153
v 0.10593051 -0.30112806 -0.39960153
v 0.10593051 -0.30115807 -0.39957152
v 0.25160136 -0.53812494 0.92553249
v 0.13718051 -0.31672805 0.87776848
v 0.14109050 -0.31672805 0.87776848
v 0.14109050 -0.30115807 -0.39957152
v 0.11375051 -0.30112806 -0.39960153
v 0.16453051 -0.30115807 -0.39957152
v 0.24967817 -0.52299511 0.27720773
v 0.23869052 0.33949193 -0.45035152
v 0.23869052 0.34340194 -0.45035152
v 0.17234050 -0.30115807 -0.39957152
v 0.17234050 -0.30112806 -0.39960153
v 0.17625051 -0.30115807 -0.39957152
v 0.10203051 -0.43393806 0.06534847
v 0.10984051 -0.43391806 0.06526848
v 0.12156051 -0.43393806 0.06534847
v 0.11765051 -0.43391806 0.06526848
v 0.10984051 -0.43393806 0.06534847
v 0.18946987 -0.31518248 -0.38703843
v 0.33640050 -0.37534806 0.98321845
v 0.34031050 -0.37534806 0.98321845
v 0.09422051 -0.43393806 0.06534847
v 0.12156051 -0.43391806 0.06526848
v 0.19187052 -0.41830805 -0.01683152
v 0.23482895 -0.43657134 0.07924208
v 0.10984051 -0.30115807 -0.39957152
v 0.11765051 -0.31672805 0.87776848
v 0.12156051 -0.30115807 -0.39957152
v 0.18015051 -0.22683807 -0.46598152
v 0.18406050 -0.22683807 -0.46598152
v 0.18406050 -0.22690806 -0.46591152
v 0.10984051 -0.30112806 -0.39960153
v 0.14109050 -0.43391806 0.06526848
v 0.14500051 -0.43391806 0.06526848
v 0.23875051 0.24574193 0.26447847
v 0.23484050 0.24574193 0.26447847
v 0.26609050 -0.60580805 -0.29024152
v 0.13718051 0.12855195 0.51442846
v 0.14109050 0.12854193 0.51447847
v 0.11375051 -0.30115807 -0.39957152
v 0.10203051 -0.31674805 0.87775846
v 0.31297051 -0.60582808 -0.29019151
v 0.34772138 -0.61310723 -0.26913559
v 0.12156051 -0.22683807 -0.46598152
v 0.11765051 -0.31674805 0.87775846
v 0.11375051 -0.31672805 0.87776848
v 0.11375051 -0.31674805 0.87775846
v 0.09812051 -0.31672805 0.87776848
v 0.18015051 -0.31672805 0.87776848
v 0.18406050 -0.31672805 0.87776848
v 0.30125051 -0.60582808 -0.29019151
v 0.21140051 -0.31672805 0.87776848
v 0.15281050 -0.30112806 -0.39960153
v 0.10593051 0.26915193 0.37385847
v 0.16453051 -0.41830805 -0.01683152
v 0.12547051 0.55044195 -0.47379152
v 0.12547051 -0.22683807 -0.46598152
v 0.12547051 -0.22690806 -0.46591152
v 0.10203051 -0.22690806 -0.46591152
v 0.17913830 -0.17091877 -0.51562333
v 0.07645864 0.13716125 0.48482801
v 0.19187052 -0.43393806 0.06534847
v 0.19135296 -0.20640965 -0.48422233
v 0.17625051 -0.30112806 -0.39960153
v 0.18015051 -0.30112806 -0.39960153
v 0.18015051 -0.30115807 -0.39957152
v 0.13328051 -0.32739806 0.87385847
v 0.15281050 0.07388194 -0.45426152
v 0.15672051 0.07386194 -0.45426152
v 0.15281050 0.07386194 -0.45426152
v 0.10203051 0.23403195 0.20979848
v 0.10593051 0.23402193 0.20975848
v 0.25109269 -0.24481800 -0.55369178
v 0.11375051 0.07386194 -0.45426152
v 0.10984051 0.07388194 -0.45426152
v 0.11375051 0.07388194 -0.45426152
v 0.13328051 -0.31672805 0.87776848
v 0.23936478 -0.46593265 0.82278401
v 0.28172051 0.51527193 0.31910848
v 0.28172051 0.51136193 0.31910848
v 0.28562050 0.52113193 0.31066849
v 0.10398051 0.05841194 -0.45816151
v 0.11375051 0.23403195 0.20979848
v 0.11765051 0.23402193 0.20975848
v 0.11765051 0.23403195 0.20979848
v 0.10203051 0.07386194 -0.45426152
v 0.11765051 0.07386194 -0.45426152
v 0.11375051 0.05824194 -0.45821152
v 0.10984051 0.05841194 -0.45816151
v 0.21531050 -0.43393806 0.06534847
v 0.10984051 0.24574193 0.26448848
v 0.13718051 0.07388194 -0.45426152
v 0.17038801 0.09730194 -0.44834153
v 0.13718051 0.07386194 -0.45426152
v 0.10984051 0.29257193 0.48322847
v 0.14109050 0.29261193 0.48336848
v 0.11764878 0.12854989 0.51443664
v 0.11765051 0.12855195 0.51442846
v 0.11814426 0.29541943 0.48732848
v 0.11375051 0.29257193 0.48322847
v 0.12547051 0.23402193 0.20975848
v 0.12547051 0.23403195 0.20979848
v 0.12156051 0.23403195 0.20979848
v 0.11375051 0.12854193 0.51447847
v 0.12156051 0.12854193 0.51447847
v 0.25106214 -0.46859353 0.95487283
v 0.12156051 0.23402193 0.20975848
v 0.11765051 0.24574193 0.26448848
v 0.12156051 0.24574193 0.26448848
v 0.10203051 0.23402193 0.20975848
v 0.14890051 0.25746194 0.31922849
v 0.15281050 0.25744194 0.31916847
v 0.15281050 0.25746194 0.31922849
v 0.17234050 -0.43393806 0.06534847
v 0.27807050 0.37465194 0.32697847
v 0.14018178 0.15584793 0.42048201
v 0.12547051 0.12854193 0.51447847
v 0.11765051 0.25744194 0.31916847
v 0.28953051 -0.59018806 0.83479848
v 0.12156051 0.25744194 0.31916847
v 0.05448372 -0.33610858 -0.36833789
v 0.09812051 0.23403195 0.20979848
v 0.19968051 -0.43393806 0.06534847
v 0.19578051 -0.43393806 0.06534847
v 0.12937052 0.16371194 0.39342847
v 0.18406050 -0.43391806 0.06526848
v 0.18797051 -0.41830805 -0.01683152
v 0.15672051 -0.43391806 0.06526848
v 0.18501677 -0.41132370 -0.05360870
v 0.20359050 -0.43393806 0.06534847
v 0.14500051 -0.43393806 0.06534847
v 0.13718051 0.23402193 0.20975848
v 0.10203051 0.24574193 0.26448848
v 0.10865458 0.17704321 0.34752932
v 0.12937052 0.23403195 0.20979848
v 0.11375051 0.24574193 0.26448848
v 0.16382162 -0.44284663 0.11204852
v 0.12937052 0.23402193 0.20975848
v 0.13718051 0.24825195 0.27619847
v 0.14109050 0.24574193 0.26448848
v 0.14500051 0.24574193 0.26448848
v 0.14500051 0.24574193 0.26447847
v 0.15281050 0.28090194 0.42870848
v 0.16843051 0.24825195 0.27619847
v 0.15281050 0.24574193 0.26448848
v 0.15672051 0.24574193 0.26448848
v 0.15281050 0.24741194 0.27229848
v 0.15672051 0.24574193 0.26447847
v 0.17234050 0.26918194 0.37396847
v 0.17625051 0.26915193 0.37385847
v 0.17625051 0.26918194 0.37396847
v 0.13350123 0.53957136 0.41792387
v 0.15867051 0.54650694 0.38551348
v 0.16412034 0.28913938 0.46720960
v 0.20359050 -0.43391806 0.06526848
v 0.13328051 0.24574193 0.26448848
v 0.25438006 -0.56683793 -0.04196292
v 0.18797051 0.25746194 0.31922849
v 0.19187052 0.25744194 0.31916847
v 0.19187052 0.25746194 0.31922849
v 0.12547051 0.24574193 0.26448848
v 0.14890051 0.24574193 0.26448848
v 0.15281050 0.24574193 0.26447847
v 0.13328051 0.24574193 0.26447847
v 0.14450988 0.29551131 0.48737598
v 0.15085551 0.28088194 0.42862848
v 0.15672051 0.23402193 0.20975848
v 0.15672051 0.23403195 0.20979848
v 0.15281050 0.23403195 0.20979848
v 0.21444374 0.37350610 -0.48823878
v 0.28590716 0.24574193 0.26448477
v 0.13328051 -0.30115807 -0.39957152
v 0.23875051 0.29261193 -0.45027153
v 0.23869052 0.29261193 -0.45035152
v 0.23869052 0.29652193 -0.45035152
v 0.18797051 0.55044195 -0.47379152
v 0.12937052 0.24574193 0.26447847
v 0.12156051 0.55043194 -0.47387151
v 0.15672051 0.55043194 -0.47387151
v 0.15672051 0.55044195 -0.47379152
v 0.14890051 0.24574193 0.26447847
v 0.13328051 0.53480193 0.44018849
v 0.12156051 0.55044195 -0.47379152
v 0.16640818 0.27828524 0.41650443
v 0.23869052 0.42543194 -0.45035152
v 0.23875051 0.42543194 -0.45027153
v 0.28172051 0.42933193 0.31910848
v 0.28169050 0.42933193 0.31916847
v 0.28172051 0.42543194 0.31910848
v 0.28169050 0.33168194 0.31916847
v 0.28172051 0.33168194 0.31910848
v 0.28169050 0.33558193 0.31916847
v 0.27390050 0.23402193 0.20975848
v 0.27390050 0.23403195 0.20979848
v 0.27000051 0.23403195 0.20979848
v 0.18406050 0.26915193 0.37385847
v 0.18015051 0.26915193 0.37385847
v 0.23869052 0.33558193 -0.45035152
v 0.60985052 -0.56674805 -0.21988153
v 0.60984050 -0.56284806 -0.22379152
v 0.60984050 -0.56660804 -0.21988153
v 0.13718051 0.55043194 -0.47387151
v 0.13718051 0.55044195 -0.47379152
v 0.30520051 0.36683193 0.26838847
v 0.23869052 0.37074193 -0.45035152
v 0.23875051 0.36683193 -0.45027153
v 0.23869052 0.36683193 -0.45035152
v 0.23875051 0.32777193 -0.45027153
v 0.23875051 0.33168194 -0.45027153
v 0.23869052 0.33168194 -0.45035152
v 0.13328051 0.53478196 0.44026848
v 0.28172051 -0.60580805 0.80739846
v 0.13577250 0.24158272 0.24507157
v 0.18406050 0.55043194 -0.47387151
v 0.18015051 0.55044195 -0.47379152
v 0.18406050 0.55044195 -0.47379152
v 0.18684097 0.25256506 0.29638075
v 0.14500051 0.23403195 0.20979848
v 0.25437050 -0.56671807 0.07697848
v 0.20750051 0.25744194 0.31916847
v 0.22312052 -0.30115807 -0.39957152
v 0.22312052 -0.30112806 -0.39960153
v 0.25437050 -0.56671807 0.07307847
v 0.25432052 -0.56674805 0.07307847
v 0.14500051 0.23402193 0.20975848
v 0.26609050 -0.55901805 0.24494848
v 0.13328051 0.29257193 0.48322847
v 0.25437050 -0.50424805 0.94018849
v 0.28562050 -0.50418809 0.94026848
v 0.21922051 -0.43393806 0.06534847
v 0.15281050 -0.21524806 0.87385847
v 0.12937052 -0.41832805 -0.01676152
v 0.19578051 -0.43391806 0.06526848
v 0.25439286 -0.58792449 0.83873588
v 0.24955203 -0.22435979 0.08495622
v 0.27390050 -0.59018806 0.83479848
v 0.27000051 -0.60577807 0.80744847
v 0.16453051 -0.31674805 0.87775846
v 0.12937052 -0.22683807 -0.46598152
v 0.13328051 -0.22690806 -0.46591152
v 0.20750051 -0.41832805 -0.01676152
v 0.24054937 -0.41270356 -0.03708022
v 0.14890051 -0.43393806 0.06534847
v 0.14890051 0.07388194 -0.45426152
v 0.14890051 0.07386194 -0.45426152
v 0.12547051 -0.43393806 0.06534847
v 0.20750051 -0.30115807 -0.39957152
v 0.20359050 -0.30112806 -0.39960153
v 0.20359050 -0.30115807 -0.39957152
v 0.18797051 -0.21518806 0.87383851
v 0.18406050 -0.21518806 0.87383851
v 0.12937052 -0.31672805 0.87776848
v 0.15002638 -0.27062915 0.89455542
v 0.15672051 0.25744194 0.31916847
v 0.14500051 -0.31672805 0.87776848
v 0.14890051 -0.31672805 0.87776848
v 0.29343050 -0.57460806 0.86213847
v 0.29734050 -0.57460806 0.86213847
v 0.29343050 -0.57455805 0.86220851
v 0.25433051 -0.56674805 0.06916848
v 0.19968051 -0.30115807 -0.39957152
v 0.19578051 -0.30112806 -0.39960153
v 0.18406050 -0.30112806 -0.39960153
v 0.18797051 -0.30112806 -0.39960153
v 0.18797051 -0.30115807 -0.39957152
v 0.18406050 -0.30115807 -0.39957152
v 0.16062052 -0.31672805 0.87776848
v 0.16453051 -0.31672805 0.87776848
v 0.17980697 -0.29228743 0.88681747
v 0.12937052 -0.22690806 -0.46591152
v 0.19968051 -0.41830805 -0.01683152
v 0.13718051 -0.22683807 -0.46598152
v 0.13718051 -0.22690806 -0.46591152
v 0.28953051 -0.49644807 -0.46207152
v 0.28953051 -0.49643806 -0.46208153
v 0.20359050 -0.41832805 -0.01676152
v 0.16843051 -0.31674805 0.87775846
v 0.16843051 -0.31672805 0.87776848
v 0.17234050 -0.22683807 -0.46598152
v 0.17625051 -0.22683807 -0.46598152
v 0.17625051 -0.22690806 -0.46591152
v 0.17234050 -0.31672805 0.87776848
v 0.24859790 0.22076001 -0.40996567
v 0.23093051 -0.30115807 -0.39957152
v 0.22703051 -0.30115807 -0.39957152
v 0.22703051 -0.30112806 -0.39960153
v 0.14890051 -0.22683807 -0.46598152
v 0.14500051 -0.22683807 -0.46598152
v 0.27390050 -0.11748806 0.15119848
v 0.27390050 -0.11752806 0.15125847
v 0.27000051 -0.11748806 0.15119848
v 0.18038503 -0.24979610 -0.44556774
v 0.15281050 0.23402193 0.20975848
v 0.15672051 0.07388194 -0.45426152
v 0.14109050 0.07388194 -0.45426152
v 0.14109050 0.07386194 -0.45426152
v 0.17625051 -0.31672805 0.87776848
v 0.16967006 0.54053483 0.41340255
v 0.21531050 -0.30112806 -0.39960153
v 0.14500051 0.07386194 -0.45426152
v 0.14500051 0.07388194 -0.45426152
v 0.15281050 0.26918194 0.37396847
v 0.14500051 0.25746194 0.31922849
v 0.21291001 0.48650194 -0.49063387
v 0.14890051 0.23403195 0.20979848
v 0.14890051 0.12855195 0.51442846
v 0.14500051 0.12855195 0.51442846
v 0.14890051 0.12854193 0.51447847
v 0.14890051 0.23402193 0.20975848
v 0.12937052 0.26918194 0.37396847
v 0.13328051 0.26915193 0.37385847
v 0.14500051 0.12854193 0.51447847
v 0.15281050 0.12855195 0.51442846
v 0.21140051 -0.43391806 0.06526848
v 0.16062052 0.07386194 -0.45426152
v 0.16843051 0.07386194 -0.45426152
v 0.16453051 0.07386194 -0.45426152
v 0.16453051 0.07388194 -0.45426152
v 0.21990836 -0.43392832 0.06530962
v 0.12937052 0.12854193 0.51447847
v 0.12937052 0.12855195 0.51442846
v 0.13718051 0.12854193 0.51447847
v 0.13328051 0.12855195 0.51442846
v 0.13328051 0.12854193 0.51447847
v 0.15672051 0.12854193 0.51447847
v 0.15672051 0.12855195 0.51442846
v 0.15281050 0.12854193 0.51447847
v 0.15672051 0.12627193 0.52229848
v 0.23869052 0.36293194 -0.45035152
v 0.12937052 0.24574193 0.26448848
v 0.12937052 0.26915193 0.37385847
v 0.14890051 0.25744194 0.31916847
v 0.29478110 -0.49115695 0.94577180
v 0.14500051 0.26918194 0.37396847
v 0.28172051 0.32777193 0.31910848
v 0.28172051 0.32386193 0.31910848
v 0.28169050 0.29261193 0.31916847
v 0.28169050 0.29652193 0.31916847
v 0.28169050 0.36293194 0.31916847
v 0.28169050 0.35902193 0.31916847
v 0.28172051 0.35902193 0.31910848
v 0.23869052 0.40199193 -0.45035152
v 0.23869052 0.39808193 -0.45035152
v 0.20144651 -0.43252228 0.05791719
v 0.13328051 0.23403195 0.20979848
v 0.13328051 0.23402193 0.20975848
v 0.25101051 -0.57065791 0.07595141
v 0.23875051 0.45668194 -0.45027153
v 0.23875051 0.46058193 -0.45027153
v 0.23869052 0.46058193 -0.45035152
v 0.17234050 0.25746194 0.31922849
v 0.17625051 0.25744194 0.31916847
v 0.17625051 0.25746194 0.31922849
v 0.27241408 0.41516575 -0.39758319
v 0.28172051 0.31215194 0.31910848
v 0.28172051 0.30824193 0.31910848
v 0.27807050 0.32777193 0.32697847
v 0.24768525 0.12514925 -0.45843123
v 0.15281050 0.54649195 0.38557847
v 0.23869052 0.41761193 -0.45035152
v 0.30515050 0.32777193 0.26847847
v 0.15672051 0.28086194 0.42854848
v 0.13608835 0.23007187 0.19130200
v 0.27390050 0.24574193 0.26447847
v 0.27000051 0.24574193 0.26447847
v 0.16843051 0.26918194 0.37396847
v 0.17234050 0.26915193 0.37385847
v 0.18015051 0.25746194 0.31922849
v 0.18406050 0.25744194 0.31916847
v 0.18406050 0.25746194 0.31922849
v 0.18015051 0.26918194 0.37396847
v 0.18406050 0.26918194 0.37396847
v 0.17625051 0.55043194 -0.47387151
v 0.17234050 0.55044195 -0.47379152
v 0.17625051 0.55044195 -0.47379152
v 0.14500051 0.54652193 0.38544848
v 0.14890051 0.54652193 0.38544848
v 0.14109050 0.55043194 -0.47387151
v 0.28172051 0.43324193 0.31910848
v 0.44578051 -0.57455805 0.86220851
v 0.44968050 -0.57460806 0.86213847
v 0.44968050 -0.57455805 0.86220851
v 0.21060230 0.54578171 -0.49343791
v 0.23869052 0.44496194 -0.45035152
v 0.18015051 0.55043194 -0.47387151
v 0.23875051 0.39418194 -0.45027153
v 0.22705207 0.28320739 0.43687222
v 0.14304551 0.54650694 0.38551348
v 0.16062052 0.26918194 0.37396847
v 0.16843051 0.55044195 -0.47379152
v 0.30515050 0.38636193 0.26847847
v 0.30520051 0.38636193 0.26838847
v 0.30515050 0.39027193 0.26847847
v 0.30520051 0.30043194 0.26838847
v 0.30520051 0.30433193 0.26838847
v 0.28761602 0.44061902 0.30636437
v 0.27807050 0.35902193 0.32697847
v 0.28169050 0.35511193 0.31916847
v 0.37156050 0.06996194 0.01052848
v 0.36765050 0.06996194 0.01052848
v 0.18797051 0.24574193 0.26447847
v 0.28169050 0.44105193 0.31916847
v 0.32859050 0.42933193 -0.30982153
v 0.24639406 0.59777073 -0.30264874
v 0.32614925 -0.56284806 0.35480847
v 0.27781050 0.06996194 0.01057848
v 0.28172051 0.06996194 0.01057848
v 0.36375051 0.06996194 0.01052848
v 0.35984050 0.06996194 0.01057848
v 0.35984050 0.06996194 0.01052848
v 0.01065487 0.59701006 0.17256429
v 0.27429592 0.31118211 0.33513508
v 0.17234050 0.24574193 0.26447847
v 0.21922051 -0.43391806 0.06526848
v 0.28562050 -0.60580805 -0.29024152
v 0.28953051 -0.60580805 -0.29024152
v 0.28169050 0.32777193 0.31916847
v 0.25828051 -0.59018806 0.83479848
v 0.26609050 -0.60582808 -0.29019151
v 0.25219789 -0.62751736 0.38512383
v 0.15672051 -0.22683807 -0.46598152
v 0.16062052 -0.22683807 -0.46598152
v 0.16062052 -0.22690806 -0.46591152
v 0.18015051 -0.22690806 -0.46591152
v 0.27390050 -0.60580805 -0.29024152
v 0.30515050 -0.60580805 0.80739846
v 0.25436052 -0.56674805 0.05744848
v 0.29343050 -0.60577807 0.80744847
v 0.29343050 -0.60580805 0.80739846
v 0.29734050 -0.60580805 0.80739846
v 0.32865050 0.40590194 -0.30973152
v 0.28953051 -0.60577807 0.80744847
v 0.30906050 -0.60580805 -0.29024152
v 0.31297051 -0.60580805 -0.29024152
v 0.32859050 -0.60577807 0.80744847
v 0.32859050 -0.60580805 0.80739846
v 0.23486292 -0.30110203 -0.39962202
v 0.16453051 -0.22690806 -0.46591152
v 0.17234050 -0.22690806 -0.46591152
v 0.20205093 -0.25329172 0.88827487
v 0.30515050 -0.55893806 0.24501847
v 0.19187052 -0.30112806 -0.39960153
v 0.19187052 -0.30115807 -0.39957152
v 0.28562050 -0.57460806 0.86213847
v 0.16843051 -0.22690806 -0.46591152
v 0.16843051 -0.22683807 -0.46598152
v 0.17234050 0.07388194 -0.45426152
v 0.17625051 0.07388194 -0.45426152
v 0.17625051 0.07386194 -0.45426152
v 0.28562050 -0.60580805 0.80739846
v 0.28953051 -0.60580805 0.80739846
v 0.16453051 -0.22683807 -0.46598152
v 0.21531050 -0.30115807 -0.39957152
v 0.18797051 -0.22683807 -0.46598152
v 0.18797051 -0.22690806 -0.46591152
v 0.15672051 -0.22690806 -0.46591152
v 0.23774340 -0.20746892 -0.48294195
v 0.19968051 -0.22690806 -0.46591152
v 0.19578051 -0.22683807 -0.46598152
v 0.25828051 -0.59018806 0.83480849
v 0.25431051 -0.56674805 0.07697848
v 0.21922051 -0.30115807 -0.39957152
v 0.25181639 -0.18012104 -0.53255498
v 0.18797051 0.07388194 -0.45426152
v 0.18406050 0.07388194 -0.45426152
v 0.18797051 0.07386194 -0.45426152
v 0.31297051 -0.50424805 0.94023850
v 0.31297051 -0.50418809 0.94026848
v 0.30906050 -0.50418809 0.94026848
v 0.16062052 0.07388194 -0.45426152
v 0.25828051 -0.50815806 0.93858846
v 0.16843051 0.07388194 -0.45426152
v 0.17234050 0.07386194 -0.45426152
v 0.24290489 -0.05936356 -0.48384500
v 0.18015051 0.07386194 -0.45426152
v 0.18015051 0.07388194 -0.45426152
v 0.18406050 0.07386194 -0.45426152
v 0.18015051 0.23403195 0.20979848
v 0.18406050 0.23402193 0.20975848
v 0.18406050 0.23403195 0.20979848
v 0.30906050 -0.60355803 0.81135847
v 0.16453051 0.16372193 0.39338847
v 0.16843051 0.16372193 0.39338847
v 0.18406050 0.24574193 0.26447847
v 0.18015051 0.24574193 0.26448848
v 0.18015051 0.24574193 0.26447847
v 0.16062052 0.12854193 0.51447847
v 0.16453051 0.12855195 0.51442846
v 0.16453021 0.12854912 0.51444229
v 0.16062052 0.12855195 0.51442846
v 0.16453051 0.25746194 0.31922849
v 0.16843051 0.25744194 0.31916847
v 0.16843051 0.25746194 0.31922849
v 0.18015051 0.25744194 0.31916847
v 0.16843051 0.12854193 0.51447847
v 0.17234050 0.25744194 0.31916847
v 0.16453051 0.25744194 0.31916847
v 0.23484050 0.06996194 -0.45525152
v 0.18797051 0.25744194 0.31916847
v 0.17234050 0.24574193 0.26448848
v 0.17625051 0.24574193 0.26447847
v 0.16062052 0.23402193 0.20975848
v 0.16062052 0.23403195 0.20979848
v 0.28172051 0.37855193 0.31910848
v 0.28172051 0.37465194 0.31910848
v 0.16453051 0.23402193 0.20975848
v 0.16453051 0.23403195 0.20979848
v 0.16453051 0.24574193 0.26448848
v 0.16843051 0.24574193 0.26448848
v 0.15625999 0.24847159 0.27724130
v 0.16843051 0.24574193 0.26447847
v 0.16062052 0.24574193 0.26448848
v 0.16062052 0.24574193 0.26447847
v 0.28172051 0.24574193 0.26447847
v 0.27781050 0.24574193 0.26447847
v 0.16843051 0.23402193 0.20975848
v 0.17625051 0.24574193 0.26448848
v 0.28562050 0.24574193 0.26449846
v 0.16453051 0.24574193 0.26447847
v 0.16843051 0.23403195 0.20979848
v 0.17625051 0.23402193 0.20975848
v 0.18015051 0.23402193 0.20975848
v 0.17625051 0.23403195 0.20979848
v 0.30520051 0.28871194 0.26838847
v 0.30520051 0.29261193 0.26838847
v 0.30515050 0.29261193 0.26847847
v 0.25828051 0.23403195 0.20979848
v 0.26218050 0.23403195 0.20979848
v 0.32078051 -0.17612806 0.54183849
v 0.18406050 0.24574193 0.26448848
v 0.30520051 0.46840194 0.26838847
v 0.30520051 0.47230193 0.26838847
v 0.30515050 0.47230193 0.26847847
v 0.18406050 0.24741194 0.27229848
v 0.33640050 -0.09017806 0.05744848
v 0.34031050 -0.09018806 0.05749848
v 0.33640050 -0.09018806 0.05749848
v 0.19187052 0.24574193 0.26447847
v 0.18797051 0.24574193 0.26448848
v 0.23869052 0.35121194 -0.45035152
v 0.23875051 0.34730193 -0.45027153
v 0.23869052 0.34730193 -0.45035152
v 0.30016642 0.24908459 0.27734910
v 0.30515050 0.43324193 0.26847847
v 0.30520051 0.43324193 0.26838847
v 0.30515050 0.43715194 0.26847847
v 0.55102090 -0.53542746 -0.05419841
v 0.30906050 0.06996194 0.01057848
v 0.30515050 0.06996194 0.01057848
v 0.24265051 0.24574193 0.26447847
v 0.32865050 0.37465194 -0.30973152
v 0.32865050 0.37855193 -0.30973152
v 0.17234050 0.23402193 0.20975848
v 0.20725742 0.44175736 -0.49947028
v 0.21140051 0.25746194 0.31922849
v 0.21531050 0.25744194 0.31916847
v 0.21531050 0.25746194 0.31922849
v 0.30515050 -0.19161805 0.48322847
v 0.30906050 -0.19174807 0.48330849
v 0.30906050 -0.19161805 0.48322847
v 0.25828051 0.24574193 0.26447847
v 0.32078051 0.13635694 0.04559848
v 0.23869052 0.46840194 -0.45035152
v 0.23869052 0.46449193 -0.45035152
v 0.28092107 0.25604369 0.31271864
v 0.28953051 0.06996194 0.01052848
v 0.29343050 0.06996194 0.01052848
v 0.28953051 0.06996194 0.01057848
v 0.27000051 0.23402193 0.20975848
v 0.23875051 0.31605193 -0.45027153
v 0.23875051 0.33558193 -0.45027153
v 0.19187052 0.07386194 -0.45426152
v 0.19187052 0.07388194 -0.45426152
v 0.19578051 0.07386194 -0.45426152
v 0.27781050 0.23403195 0.20979848
v 0.28172051 0.23402193 0.20975848
v 0.28172051 0.23403195 0.20979848
v 0.30515050 0.49574193 0.26847847
v 0.30520051 0.49574193 0.26838847
v 0.30515050 0.49965194 0.26847847
v 0.15557556 0.53481995 0.44011520
v 0.16252547 0.55477744 -0.45414201
v 0.21531050 -0.43391806 0.06526848
v 0.41480262 -0.17755238 0.56388751
v 0.44578051 -0.17612806 0.54183849
v 0.44968050 -0.17612806 0.54183849
v 0.37937050 0.06996194 0.01052848
v 0.37937050 0.06996194 0.01057848
v 0.37547051 0.06996194 0.01057848
v 0.20354711 0.29459057 0.48753440
v 0.35507711 -0.07662228 0.77281163
v 0.19187052 0.55044195 -0.47379152
v 0.19578051 0.55043194 -0.47387151
v 0.19578051 0.55044195 -0.47379152
v 0.28172051 -0.55901805 0.24494848
v 0.32865050 0.41371194 -0.30973152
v 0.32865050 0.41761193 -0.30973152
v 0.23875051 0.36293194 -0.45027153
v 0.17234050 0.55043194 -0.47387151
v 0.21033287 0.53687526 0.43046823
v 0.20750051 0.53478196 0.44026848
v 0.23875051 0.26918194 -0.45027153
v 0.23875051 0.27308193 -0.45027153
v 0.19664882 0.27241537 0.38909709
v 0.23875051 0.32386193 -0.45027153
v 0.23869052 0.32386193 -0.45035152
v 0.23869052 0.32777193 -0.45035152
v 0.23875051 0.39027193 -0.45027153
v 0.23869052 0.39418194 -0.45035152
v 0.24656050 0.23402193 0.20975848
v 0.25047051 0.23402193 0.20975848
v 0.24656050 0.23403195 0.20979848
v 0.29948592 0.42746993 -0.35533068
v 0.28172051 0.36683193 0.31910848
v 0.30520051 0.32386193 0.26838847
v 0.30520051 0.32777193 0.26838847
v 0.21531050 0.23403195 0.20979848
v 0.21140051 0.23403195 0.20979848
v 0.32859050 0.40980193 -0.30982153
v 0.28172051 0.46058193 0.31910848
v 0.30165925 0.46266843 0.27603116
v 0.30515050 0.36683193 0.26847847
v 0.30515050 0.37074193 0.26847847
v 0.25437050 0.23403195 0.20979848
v 0.30515050 0.41761193 0.26847847
v 0.30515050 0.42152193 0.26847847
v 0.28958018 0.35812732 0.30212367
v 0.28172051 0.37074193 0.31910848
v 0.28169050 0.38246194 0.31916847
v 0.28169050 0.38636193 0.31916847
v 0.27807050 0.39027193 0.32697847
v 0.28172051 0.30433193 0.31910848
v 0.28172051 0.30043194 0.31910848
v 0.28814574 0.29990388 0.30521914
v 0.28172051 0.31605193 0.31910848
v 0.28169050 0.31605193 0.31916847
v 0.23875051 0.39808193 -0.45027153
v 0.28172051 0.45277193 0.31910848
v 0.30143000 0.40430587 0.27652618
v 0.19968051 0.55043194 -0.47387151
v 0.23107103 0.24218136 -0.46226834
v 0.36200973 0.01837398 -0.11658294
v 0.21531050 0.07386194 -0.45426152
v 0.21922051 0.06605194 -0.45623151
v 0.21140051 0.07386194 -0.45426152
v 0.23875051 0.38636193 -0.45027153
v 0.23869052 0.39027193 -0.45035152
v 0.30515050 -0.59018806 0.83480849
v 0.30906050 -0.59018806 0.83479848
v 0.28953051 -0.57460806 0.86213847
v 0.28172051 -0.49644807 -0.46207152
v 0.30906050 -0.60580805 0.80739846
v 0.30515050 -0.60577807 0.80744847
v 0.28172051 -0.55893806 0.24501847
v 0.28562050 -0.55901805 0.24494848
v 0.08583890 -0.25771710 -0.43848573
v 0.25437050 -0.56673804 0.05744848
v 0.19578051 -0.30115807 -0.39957152
v 0.23093051 -0.30112806 -0.39960153
v 0.34422051 -0.60580805 0.80739846
v 0.34812050 -0.60580805 0.80739846
v 0.30906050 -0.22690806 -0.55587153
v 0.25432555 -0.56672718 0.08177695
v 0.25435050 -0.56674805 0.06135848
v 0.36765050 -0.55893806 0.24501847
v 0.19968051 -0.31674805 0.87775846
v 0.23875051 0.25746194 -0.45027153
v 0.20750051 0.07386194 -0.45426152
v 0.20359050 0.07388194 -0.45426152
v 0.20750051 0.07388194 -0.45426152
v 0.17852835 0.11786542 0.55122238
v 0.20359050 0.07386194 -0.45426152
v 0.20437015 0.52464169 0.48556298
v 0.19578051 0.07388194 -0.45426152
v 0.23484050 -0.30115807 -0.39957152
v 0.19968051 0.07388194 -0.45426152
v 0.19968051 0.07386194 -0.45426152
v 0.21140051 0.07388194 -0.45426152
v 0.20216676 0.48853849 0.48729316
v 0.21922051 0.07388194 -0.45426152
v 0.21531050 0.07388194 -0.45426152
v 0.21922051 0.07386194 -0.45426152
v 0.32859050 0.38636193 -0.30982153
v 0.32001650 0.40259697 -0.32322928
v 0.34031050 0.06996194 0.01057848
v 0.34422051 0.06996194 0.01052848
v 0.34422051 0.06996194 0.01057848
v 0.18797051 0.23403195 0.20979848
v 0.19187052 0.23402193 0.20975848
v 0.19187052 0.23403195 0.20979848
v 0.19968051 0.24574193 0.26449846
v 0.20359050 0.24574193 0.26449846
v 0.19578051 0.24574193 0.26449846
v 0.19968051 0.24574193 0.26447847
v 0.21140051 0.25744194 0.31916847
v 0.32078051 -0.60580805 -0.29024152
v 0.23875051 0.26136193 -0.45027153
v 0.23869052 0.26136193 -0.45035152
v 0.19968051 0.25744194 0.31916847
v 0.20359050 0.25744194 0.31916847
v 0.19578051 0.25746194 0.31922849
v 0.25798037 0.33407878 -0.42019938
v 0.10203051 0.06605194 -0.45623151
v 0.28172051 0.44496194 0.31910848
v 0.30515050 0.35902193 0.26847847
v 0.20750051 0.24574193 0.26449846
v 0.20750051 0.24574193 0.26447847
v 0.30515050 0.42933193 0.26847847
v 0.30520051 0.42933193 0.26838847
v 0.32856222 0.40370616 -0.30986403
v 0.08934354 0.05572474 -0.45889542
v 0.19578051 0.23402193 0.20975848
v 0.19578051 0.23403195 0.20979848
v 0.21140051 0.24574193 0.26449846
v 0.21531050 0.24574193 0.26449846
v 0.21531050 0.24574193 0.26447847
v 0.20750051 0.23403195 0.20979848
v 0.21140051 0.23402193 0.20975848
v 0.30515050 0.35121194 0.26847847
v 0.30520051 0.35121194 0.26838847
v 0.30515050 0.35511193 0.26847847
v 0.21140051 0.24574193 0.26447847
v 0.18797051 0.23402193 0.20975848
v 0.19968051 0.23402193 0.20975848
v 0.21922051 0.23402193 0.20975848
v 0.21922051 0.23403195 0.20979848
v 0.21531050 0.23402193 0.20975848
v 0.20359050 0.23403195 0.20979848
v 0.20359050 0.23402193 0.20975848
v 0.20750051 0.23402193 0.20975848
v 0.21922051 0.25744194 0.31916847
v 0.21922051 0.25746194 0.31922849
v 0.20750051 0.25746194 0.31922849
v 0.19578051 0.24574193 0.26447847
v 0.19187052 0.24574193 0.26448848
v 0.19578051 0.25744194 0.31916847
v 0.23201457 0.23017244 -0.45904642
v 0.22703051 0.07386194 -0.45426152
v 0.22312052 0.07386194 -0.45426152
v 0.19968051 0.23403195 0.20979848
v 0.18804880 0.21883811 0.13927329
v 0.17525232 0.53479044 0.44023459
v 0.21922051 0.24574193 0.26447847
v 0.28169050 0.30824193 0.31916847
v 0.21922051 0.24574193 0.26449846
v 0.23875051 0.29652193 -0.45027153
v 0.23875051 0.30043194 -0.45027153
v 0.23869052 0.30043194 -0.45035152
v 0.23869052 0.38636193 -0.45035152
v 0.28169050 0.46840194 0.31916847
v 0.28169050 0.47230193 0.31916847
v 0.23869052 0.31605193 -0.45035152
v 0.23869052 0.31996194 -0.45035152
v 0.23102531 0.27070122 -0.46233878
v 0.27781050 0.23402193 0.20975848
v 0.29781490 -0.07065129 0.74903347
v 0.19578051 0.53478196 0.44026848
v 0.19968051 0.53478196 0.44026848
v 0.23869052 0.43324193 -0.45035152
v 0.30520051 0.46058193 0.26838847
v 0.23875051 0.35511193 -0.45027153
v 0.23875051 0.35902193 -0.45027153
v 0.23869052 0.35902193 -0.45035152
v 0.30515050 0.30824193 0.26847847
v 0.18797051 0.26918194 0.37396847
v 0.19187052 0.26918194 0.37396847
v 0.30515050 0.31605193 0.26847847
v 0.23869052 0.30433193 -0.45035152
v 0.23107170 0.30824061 -0.46226751
v 0.15867051 0.28088194 0.42862848
v 0.12592214 0.25205370 0.29398321
v 0.32078051 -0.54721805 -0.41902153
v 0.32078051 -0.54712805 -0.41910152
v 0.28172051 0.29261193 0.31910848
v 0.35301220 0.13852292 0.00320837
v 0.23869052 0.30824193 -0.45035152
v 0.23869052 0.31215194 -0.45035152
v 0.15476551 0.54650694 0.38551348
v 0.23875051 0.37465194 -0.45027153
v 0.23875051 0.37074193 -0.45027153
v 0.23869052 0.37465194 -0.45035152
v 0.15011746 0.27219895 0.38808000
v 0.23875051 0.44886193 -0.45027153
v 0.23875051 0.45277193 -0.45027153
v 0.23869052 0.45277193 -0.45035152
v 0.23869052 0.38246194 -0.45035152
v 0.23875051 0.40199193 -0.45027153
v 0.23875051 0.37855193 -0.45027153
v 0.23875051 0.31996194 -0.45027153
v 0.23875051 0.44105193 -0.45027153
v 0.23869052 0.44105193 -0.45035152
v 0.23875051 0.40980193 -0.45027153
v 0.19578051 0.53480193 0.44018849
v 0.30515050 0.33949193 0.26847847
v 0.30520051 0.33949193 0.26838847
v 0.30515050 0.34340194 0.26847847
v 0.23875051 0.40590194 -0.45027153
v 0.23869052 0.40590194 -0.45035152
v 0.23869052 0.40980193 -0.45035152
v 0.14890051 0.54649195 0.38557847
v 0.23875051 0.46449193 -0.45027153
v 0.30515050 0.31996194 0.26847847
v 0.23869052 0.47230193 -0.45035152
v 0.30515050 0.47621194 0.26847847
v 0.30515050 0.44105193 0.26847847
v 0.30515050 0.44496194 0.26847847
v 0.16453051 0.54649195 0.38557847
v 0.23869052 0.43715194 -0.45035152
v 0.23875051 0.43324193 -0.45027153
v 0.28562050 0.23402193 0.20975848
v 0.23875051 0.49574193 -0.45027153
v 0.23869052 0.49574193 -0.45035152
v 0.23869052 0.49965194 -0.45035152
v 0.19187052 0.53478196 0.44026848
v 0.48926897 -0.18062679 -0.53310186
v 0.25776347 0.23961309 0.23588245
v 0.23875051 0.41371194 -0.45027153
v 0.23869052 0.41371194 -0.45035152
v 0.23484050 0.23403195 0.20979848
v 0.23875051 0.23403195 0.20979848
v 0.23144719 0.55383467 -0.45736201
v 0.19187052 0.53480193 0.44018849
v 0.20359050 0.53478196 0.44026848
v 0.28172051 0.48793194 0.31910848
v 0.28172051 0.49183193 0.31910848
v 0.28169050 0.49183193 0.31916847
v 0.26869882 0.46433588 0.34721975
v 0.16062052 0.54652193 0.38544848
v 0.16453051 0.54652193 0.38544848
v 0.18406050 0.53480193 0.44018849
v 0.18406050 0.53478196 0.44026848
v 0.18797051 0.53478196 0.44026848
v 0.23875051 0.43715194 -0.45027153
v 0.19968051 0.53480193 0.44018849
v 0.20359050 0.53480193 0.44018849
v 0.32865050 0.42152193 -0.30973152
v 0.33163296 0.41810548 -0.30514963
v 0.28169050 0.37855193 0.31916847
v 0.23875051 0.31215194 -0.45027153
v 0.30520051 0.42152193 0.26838847
v 0.30515050 0.42543194 0.26847847
v 0.30515050 0.33168194 0.26847847
v 0.30515050 0.33558193 0.26847847
v 0.28169050 0.36683193 0.31916847
v 0.30520051 0.31996194 0.26838847
v 0.30515050 0.32386193 0.26847847
v 0.28169050 0.39027193 0.31916847
v 0.22540450 0.25153570 0.29156493
v 0.27807050 0.40590194 0.32697847
v 0.22312052 0.24574193 0.26447847
v 0.26701938 0.37092727 -0.40602392
v 0.23869052 0.37855193 -0.45035152
v 0.25047051 0.24574193 0.26447847
v 0.28169050 0.39418194 0.31916847
v 0.32908873 0.43252595 0.21675723
v 0.32859050 0.41371194 -0.30982153
v 0.32859050 0.41761193 -0.30982153
v 0.30515050 0.48793194 0.26847847
v 0.30515050 0.49183193 0.26847847
v 0.32863074 0.39027193 -0.30976115
v 0.42625051 -0.54712805 -0.41910152
v 0.43015050 -0.54712805 -0.41910152
v 0.27807050 0.34340194 0.32697847
v 0.41843050 -0.43784806 0.26843848
v 0.42234050 -0.43784806 0.26843848
v 0.41843050 -0.43777806 0.26838847
v 0.32859050 0.37465194 -0.30982153
v 0.30520051 0.37074193 0.26838847
v 0.30515050 0.37465194 0.26847847
v 0.18706025 0.24164994 0.24538525
v 0.29639991 0.56737704 0.28606502
v 0.26295360 0.26715495 0.35905567
v 0.32856641 0.35689711 -0.30985773
v 0.38406267 -0.58908489 -0.33863320
v 0.26218050 0.24574193 0.26447847
v 0.23093051 0.24574193 0.26447847
v 0.22703051 0.24574193 0.26447847
v 0.32931342 0.37766664 0.21627537
v 0.30125051 -0.60577807 0.80744847
v 0.25437050 -0.62920806 0.28791847
v 0.25438444 -0.62920639 0.28798668
v 0.27471792 -0.56672128 0.04239512
v 0.25142686 -0.62758680 0.26398725
v 0.25437050 -0.62927803 0.28401848
v 0.25437050 -0.62924805 0.28589847
v 0.28502330 -0.55086836 0.25587676
v 0.25437050 -0.55893806 0.24501847
v 0.29343050 -0.43777806 0.26838847
v 0.31297051 -0.57460806 0.86213847
v 0.31297051 -0.57455805 0.86220851
v 0.30906050 -0.57455805 0.86220851
v 0.25437050 -0.56673804 0.06135848
v 0.23484050 -0.30502805 -0.39611153
v 0.28562050 -0.49644807 -0.46207152
v 0.28562050 -0.49643806 -0.46208153
v 0.27390050 -0.60577807 0.80744847
v 0.34031050 -0.43777806 0.26838847
v 0.34422051 -0.43784806 0.26843848
v 0.34422051 -0.43777806 0.26838847
v 0.35593050 -0.57455805 0.86220851
v 0.38328051 -0.60580805 0.80739846
v 0.38718050 -0.60580805 0.80739846
v 0.29343050 -0.55901805 0.24494848
v 0.33250051 -0.54721805 -0.41902153
v 0.33250051 -0.54712805 -0.41910152
v 0.24239240 0.12403559 0.32122069
v 0.16397473 -0.19164486 0.86494628
v 0.30043845 -0.56615774 0.87712503
v 0.23825039 0.14501062 0.45766790
v 0.25030650 -0.31355097 -0.38427682
v 0.12244975 0.05679125 -0.45860203
v 0.28562050 -0.22679806 -0.55582152
v 0.14109050 -0.22683807 -0.46598152
v 0.32468050 -0.60577807 0.80744847
v 0.01028794 0.17065032 0.36953842
v 0.24985964 -0.11787875 0.14824026
v 0.29720368 -0.21890101 -0.55193464
v 0.28172051 -0.57455805 0.86220851
v 0.19187052 -0.22690806 -0.46591152
v 0.14500051 -0.22690806 -0.46591152
v 0.42625051 -0.55893806 0.24501847
v 0.43015050 -0.55902806 0.24494848
v 0.43015050 -0.55893806 0.24501847
v 0.19578051 -0.22690806 -0.46591152
v 0.16768227 0.21697178 0.13966401
v 0.27390050 -0.08237806 0.79572847
v 0.27781050 -0.08237806 0.79572847
v 0.24902256 -0.28908532 0.23485941
v 0.30125051 -0.43784806 0.26843848
v 0.29734050 -0.43777806 0.26838847
v 0.29343050 -0.11752806 0.15125847
v 0.29343050 -0.11748806 0.15119848
v 0.29734050 -0.11752806 0.15125847
v 0.05835273 0.16607821 0.38526083
v 0.17625051 0.12854193 0.51447847
v 0.05100027 0.16106851 0.40251854
v 0.08844708 0.15585938 0.42045174
v 0.14109050 -0.22690806 -0.46591152
v 0.19187052 -0.22683807 -0.46598152
v 0.22703051 0.07387687 -0.45426153
v 0.22312052 0.07388194 -0.45426152
v 0.12241618 0.11904295 0.54717399
v 0.35593050 -0.28549805 0.15517848
v 0.35203051 -0.28546807 0.15510847
v 0.35593050 -0.28546807 0.15510847
v 0.03160468 0.13291861 0.49942103
v 0.04458161 0.11875735 0.54816045
v 0.30515050 0.36293194 0.26847847
v 0.15281050 -0.22683807 -0.46598152
v 0.15672051 0.16371194 0.39342847
v 0.15281050 0.16372193 0.39338847
v 0.15281050 0.16371194 0.39342847
v 0.07528265 0.11716830 0.55362734
v 0.24015438 -0.07111161 -0.01104828
v 0.30515050 -0.22679806 -0.55582152
v 0.30906050 -0.22679806 -0.55582152
v 0.06030455 0.05573959 -0.45887368
v 0.30515050 0.45668194 0.26847847
v 0.30515050 0.46058193 0.26847847
v 0.13718051 0.16372193 0.39338847
v 0.27000051 -0.11752806 0.15125847
v 0.28318050 -0.11548806 0.14729848
v 0.16062052 0.16371194 0.39342847
v 0.17568510 0.15583664 0.42052373
v 0.14890051 0.16372193 0.39338847
v 0.30906050 -0.55901805 0.24494848
v 0.30906050 -0.55893806 0.24501847
v 0.13718051 0.16371194 0.39342847
v 0.14500051 0.16371194 0.39342847
v 0.14890051 0.16371194 0.39342847
v 0.11765051 0.16372193 0.39338847
v 0.19034536 0.09730194 -0.44834153
v 0.18425686 0.05719475 -0.45849619
v 0.19187052 0.16372193 0.39338847
v 0.19187052 0.16371194 0.39342847
v 0.17234050 0.16372193 0.39338847
v 0.17625051 0.16372193 0.39338847
v 0.18797051 0.12855195 0.51442846
v 0.30906050 -0.60577807 0.80744847
v 0.10203051 0.16371194 0.39342847
v 0.25175589 -0.55817522 -0.41002306
v 0.18406050 0.16372193 0.39338847
v 0.19968051 0.12854193 0.51447847
v 0.20359050 0.12854193 0.51447847
v 0.28172051 -0.08237806 0.79569848
v 0.28172051 -0.08237806 0.79572847
v 0.24306653 0.04210955 -0.23195881
v 0.10593051 0.16371194 0.39342847
v 0.10984051 0.16371194 0.39342847
v 0.10593051 0.16372193 0.39338847
v 0.10203051 0.16372193 0.39338847
v 0.15672051 0.16372193 0.39338847
v 0.19187052 0.12854193 0.51447847
v 0.18797051 0.12854193 0.51447847
v 0.30125051 -0.19174807 0.48330849
v 0.16062052 0.12513194 0.52619847
v 0.17625051 0.12855195 0.51442846
v 0.18015051 0.12855195 0.51442846
v 0.18406050 0.12854193 0.51447847
v 0.18406050 0.12855195 0.51442846
v 0.18015051 0.12854193 0.51447847
v 0.28172051 -0.49643806 -0.46208153
v 0.27648351 0.26066132 0.32923809
v 0.28172051 0.28871194 0.31910848
v 0.30515050 0.29652193 0.26847847
v 0.30520051 0.29652193 0.26838847
v 0.30515050 0.30043194 0.26847847
v 0.14186639 0.16517642 0.38835979
v 0.17234050 0.16371194 0.39342847
v 0.18015051 0.16371194 0.39342847
v 0.14500051 0.16372193 0.39338847
v 0.10984051 0.16372193 0.39338847
v 0.17625051 0.16371194 0.39342847
v 0.18406050 0.16371194 0.39342847
v 0.18797051 0.16371194 0.39342847
v 0.28566880 0.25460266 0.30505718
v 0.22703051 0.24574193 0.26449846
v 0.23093051 0.24574193 0.26449846
v 0.33640050 -0.55893806 0.24501847
v 0.34031050 -0.55893806 0.24501847
v 0.36375051 -0.57460806 0.86213847
v 0.14109050 0.16371194 0.39342847
v 0.06579157 0.21782254 0.13887473
v 0.05597793 0.21128300 0.22987029
v 0.14109050 0.16372193 0.39338847
v 0.19187052 0.12855195 0.51442846
v 0.19578051 0.12854193 0.51447847
v 0.19578051 0.12855195 0.51442846
v 0.16062052 0.16372193 0.39338847
v 0.16453051 0.16371194 0.39342847
v 0.18015051 0.16372193 0.39338847
v 0.20359050 0.16372193 0.39338847
v 0.23875051 0.27699193 -0.45027153
v 0.23875051 0.28090194 -0.45027153
v 0.23869052 0.28090194 -0.45035152
v 0.15711607 0.13659403 0.48675956
v 0.29538550 -0.19174807 0.48330849
v 0.27000051 -0.08237806 0.79572847
v 0.23487433 0.16660700 0.38294108
v 0.20750051 0.16371194 0.39342847
v 0.19968051 0.12855195 0.51442846
v 0.28172051 -0.11748806 0.15119848
v 0.25437050 0.23402193 0.20975848
v 0.24265051 0.23402193 0.20975848
v 0.25430050 -0.56674805 0.08088848
v 0.38328051 -0.43784806 0.26843848
v 0.28562050 -0.57455805 0.86220851
v 0.30663458 -0.11518517 0.14662669
v 0.28953051 -0.59018806 0.83480849
v 0.18797051 0.16372193 0.39338847
v 0.28953051 0.02308194 -0.13792152
v 0.29343050 0.02307194 -0.13785152
v 0.33250051 -0.57455805 0.86220851
v 0.31687050 -0.09018806 0.05749848
v 0.31297051 -0.09018806 0.05749848
v 0.31297051 -0.09017806 0.05744848
v 0.28172051 -0.60580805 -0.29024152
v 0.27781050 -0.60580805 -0.29024152
v 0.32859050 0.37855193 -0.30982153
v 0.34031050 -0.60580805 0.80739846
v 0.28169050 0.44886193 0.31916847
v 0.28169050 0.44496194 0.31916847
v 0.17554112 0.17504645 0.35439961
v 0.34031050 -0.59018806 0.83480849
v 0.24004622 0.14124421 -0.04431973
v 0.28172051 0.39808193 0.31910848
v 0.28169050 0.39808193 0.31916847
v 0.28172051 0.39418194 0.31910848
v 0.23869052 0.26527193 -0.45035152
v 0.31101551 -0.56284806 0.35480847
v 0.32859050 -0.55893806 0.24501847
v 0.32468050 -0.55893806 0.24501847
v 0.30906050 -0.08237806 0.79572847
v 0.30515050 -0.08237806 0.79572847
v 0.28953051 -0.55901805 0.24494848
v 0.30515050 0.37855193 0.26847847
v 0.30520051 0.37855193 0.26838847
v 0.30515050 0.38246194 0.26847847
v 0.23872970 0.13449362 0.49113262
v 0.23875051 0.30433193 -0.45027153
v 0.23875051 0.30824193 -0.45027153
v 0.19187052 0.26915193 0.37385847
v 0.18797051 0.26915193 0.37385847
v 0.34031050 -0.11748806 0.15119848
v 0.23807521 0.04586067 0.76002798
v 0.18015051 0.53480193 0.44018849
v 0.31297051 -0.11752806 0.15125847
v 0.29734050 -0.09017806 0.05744848
v 0.29734050 -0.09018806 0.05749848
v 0.29343050 -0.09017806 0.05744848
v 0.39890050 -0.60580805 0.80739846
v 0.22312052 0.24574193 0.26449846
v 0.32078051 0.06996194 0.01052848
v 0.31687050 0.06996194 0.01052848
v 0.32865050 0.38636193 -0.30973152
v 0.28169050 0.31215194 0.31916847
v 0.30515050 0.52308193 0.26847847
v 0.30520051 0.52308193 0.26838847
v 0.30515050 0.52699193 0.26847847
v 0.28172051 0.41371194 0.31910848
v 0.27807050 0.42152193 0.32697847
v 0.28169050 0.41371194 0.31916847
v 0.16843051 0.54649195 0.38557847
v 0.23875051 0.23402193 0.20975848
v 0.21228285 0.26375549 0.34862944
v 0.22312052 0.25744194 0.31916847
v 0.23887262 0.15636565 0.41630193
v 0.30520051 0.53480193 0.26838847
v 0.23869052 0.44886193 -0.45035152
v 0.23875051 0.26527193 -0.45027153
v 0.23869052 0.26918194 -0.45035152
v 0.26024028 0.28540236 -0.41667552
v 0.23875051 0.28480193 -0.45027153
v 0.23875051 0.28871194 -0.45027153
v 0.23869052 0.28871194 -0.45035152
v 0.24265051 0.24574193 0.26449846
v 0.24656050 0.24574193 0.26449846
v 0.25237965 0.24898463 0.27964304
v 0.24656050 0.24574193 0.26447847
v 0.23403044 0.21783996 0.13717974
v 0.23875051 0.24574193 0.26449846
v 0.30520051 0.30824193 0.26838847
v 0.30520051 0.31215194 0.26838847
v 0.22312052 0.23403195 0.20979848
v 0.22703051 0.23402193 0.20975848
v 0.22703051 0.23403195 0.20979848
v 0.23959652 0.04624204 0.29558626
v 0.28169050 0.37465194 0.31916847
v 0.28169050 0.37074193 0.31916847
v 0.28172051 0.35121194 0.31910848
v 0.32859050 0.42543194 -0.30982153
v 0.28169050 0.42543194 0.31916847
v 0.39885838 0.02841597 -0.16204510
v 0.32471723 0.24059206 0.22607544
v 0.41239295 -0.07339956 -0.00390080
v 0.23869052 0.28480193 -0.45035152
v 0.42625051 -0.54721805 -0.41902153
v 0.38793910 0.06996192 0.01055449
v 0.38718050 0.06996194 0.01052848
v 0.28172051 0.29652193 0.31910848
v 0.28169050 0.30043194 0.31916847
v 0.23484050 0.24574193 0.26449846
v 0.28562050 0.24574193 0.26447847
v 0.30515050 0.44886193 0.26847847
v 0.30520051 0.44886193 0.26838847
v 0.30515050 0.45277193 0.26847847
v 0.22312052 0.23402193 0.20975848
v 0.25437050 0.24574193 0.26449846
v 0.25828051 0.24574193 0.26449846
v 0.25047051 0.23403195 0.20979848
v 0.24265051 0.23403195 0.20979848
v 0.30515050 0.40590194 0.26847847
v 0.30520051 0.40590194 0.26838847
v 0.30515050 0.40980193 0.26847847
v 0.23093051 0.23402193 0.20975848
v 0.28172051 0.46449193 0.31910848
v 0.28169050 0.46449193 0.31916847
v 0.23484050 0.23402193 0.20975848
v 0.23093051 0.23403195 0.20979848
v 0.30520051 0.42543194 0.26838847
v 0.25047051 0.24574193 0.26449846
v 0.27390050 0.24574193 0.26449846
v 0.27781050 0.24574193 0.26449846
v 0.19928580 0.56048870 0.32018959
v 0.30125051 0.06996194 0.01052848
v 0.30515050 0.06996194 0.01052848
v 0.30125051 0.06996194 0.01057848
v 0.29734050 -0.16446806 0.86213847
v 0.29343050 -0.16446806 0.86213847
v 0.29343050 -0.16440806 0.86206850
v 0.32859050 0.06996194 0.01052848
v 0.32468050 0.06996194 0.01052848
v 0.28169050 0.35121194 0.31916847
v 0.28169050 0.34730193 0.31916847
v 0.19578051 0.26915193 0.37385847
v 0.30520051 0.36293194 0.26838847
v 0.17038551 0.54650694 0.38551348
v 0.37168606 0.61019793 -0.03445439
v 0.27000051 0.24574193 0.26449846
v 0.32859050 0.02307194 -0.13785152
v 0.32468050 0.02307194 -0.13785152
v 0.32468050 0.02308194 -0.13792152
v 0.30520051 0.31605193 0.26838847
v 0.32865050 0.35902193 -0.30973152
v 0.32859050 0.36293194 -0.30982153
v 0.23875051 0.34340194 -0.45027153
v 0.18797051 0.53480193 0.44018849
v 0.23869052 0.35511193 -0.45035152
v 0.23875051 0.35121194 -0.45027153
v 0.23875051 0.38246194 -0.45027153
v 0.28172051 0.34730193 0.31910848
v 0.28172051 0.34340194 0.31910848
v 0.23875051 0.47230193 -0.45027153
v 0.23875051 0.47621194 -0.45027153
v 0.23869052 0.47621194 -0.45035152
v 0.23875051 0.42933193 -0.45027153
v 0.30906050 0.02307194 -0.13785152
v 0.31297051 0.02307194 -0.13785152
v 0.30906050 0.02308194 -0.13792152
v 0.32859050 -0.60580805 -0.29024152
v 0.33250051 -0.60580805 -0.29024152
v 0.30520051 0.38246194 0.26838847
v 0.28169050 0.41761193 0.31916847
v 0.30515050 0.34730193 0.26847847
v 0.28172051 0.48402193 0.31910848
v 0.28169050 0.34340194 0.31916847
v 0.28169050 0.43715194 0.31916847
v 0.30906050 0.06996194 0.01052848
v 0.28562050 0.40394443 0.31066849
v 0.23869052 0.50355193 -0.45035152
v 0.23869052 0.50746194 -0.45035152
v 0.23875051 0.46840194 -0.45027153
v 0.23875051 0.48402193 -0.45027153
v 0.23875051 0.48793194 -0.45027153
v 0.23869052 0.48793194 -0.45035152
v 0.24121694 0.55506390 -0.44625833
v 0.23869052 0.48011193 -0.45035152
v 0.42594745 -0.01566775 0.80110400
v 0.28169050 0.43324193 0.31916847
v 0.23869052 0.49183193 -0.45035152
v 0.23869052 0.45668194 -0.45035152
v 0.28172051 0.36293194 0.31910848
v 0.28172051 0.35511193 0.31910848
v 0.23875051 0.44496194 -0.45027153
v 0.14877925 0.55108420 0.36413932
v 0.23869052 0.48402193 -0.45035152
v 0.28169050 0.45277193 0.31916847
v 0.28169050 0.45668194 0.31916847
v 0.30520051 0.33558193 0.26838847
v 0.23875051 0.48011193 -0.45027153
v 0.17625051 0.53480193 0.44018849
v 0.30515050 0.41371194 0.26847847
v 0.30520051 0.41371194 0.26838847
v 0.28169050 0.49574193 0.31916847
v 0.28172051 0.44105193 0.31910848
v 0.28172051 0.43715194 0.31910848
v 0.18015051 0.53478196 0.44026848
v 0.30031243 -0.07896883 0.01744191
v 0.31297051 0.06996194 0.01052848
v 0.30125051 -0.09017806 0.05744848
v 0.28169050 0.51918194 0.31916847
v 0.28172051 0.51918194 0.31910848
v 0.28169050 0.52308193 0.31916847
v 0.23875051 0.49965194 -0.45027153
v 0.28169050 0.48793194 0.31916847
v 0.23875051 0.49183193 -0.45027153
v 0.29343050 0.02308194 -0.13792152
v 0.23875051 0.50355193 -0.45027153
v 0.24906742 0.47776517 -0.43416234
v 0.32468050 0.06996194 0.01057848
v 0.32078051 0.06996194 0.01057848
v 0.27390050 -0.08237806 0.79569848
v 0.25406667 0.54765201 0.37827730
v 0.30834379 0.24348136 0.25382223
v 0.32160341 0.23893901 0.23068244
v 0.32078051 0.02307194 -0.13785152
v 0.28169050 0.30433193 0.31916847
v 0.28172051 0.47621194 0.31910848
v 0.28172051 0.47230193 0.31910848
v 0.28172051 0.38636193 0.31910848
v 0.29734050 -0.60580805 -0.29024152
v 0.25437050 0.24574193 0.26447847
v 0.38328051 -0.09017806 0.05744848
v 0.37937050 -0.09017806 0.05744848
v 0.26218050 0.23402193 0.20975848
v 0.25828051 0.23402193 0.20975848
v 0.32859050 0.39027193 -0.30982153
v 0.32865050 0.36683193 -0.30973152
v 0.32865050 0.37074193 -0.30973152
v 0.30520051 0.39027193 0.26838847
v 0.30515050 0.39418194 0.26847847
v 0.17234050 0.23403195 0.20979848
v 0.30520051 0.33168194 0.26838847
v 0.30520051 0.48793194 0.26838847
v 0.30515050 0.40199193 0.26847847
v 0.30515050 0.46840194 0.26847847
v 0.31297051 -0.54721805 -0.41902153
v 0.29343050 -0.60580805 -0.29024152
v 0.29734050 -0.60582808 -0.29019151
v 0.31989387 -0.61893824 -0.25228119
v 0.29343050 -0.60582808 -0.29019151
v 0.60985052 -0.56674805 -0.21598152
v 0.30515050 -0.50034806 -0.45877154
v 0.32859050 -0.37541807 0.98322847
v 0.33250051 -0.37541807 0.98322847
v 0.30125051 -0.55893806 0.24501847
v 0.29538550 -0.56276306 0.35456847
v 0.34226551 -0.56295803 0.35432847
v 0.30125051 -0.60580805 0.80739846
v 0.32468050 -0.54721805 -0.41902153
v 0.32468050 -0.37534806 0.98321845
v 0.32859050 -0.37534806 0.98321845
v 0.28172051 -0.59018806 0.83479848
v 0.31658291 -0.58321667 0.84702871
v 0.25828051 -0.50424805 0.94023850
v 0.24924618 -0.35451347 -0.34653581
v 0.29734050 -0.59018806 0.83480849
v 0.30125051 -0.59018806 0.83480849
v 0.28953051 -0.57455805 0.86220851
v 0.32078051 -0.55893806 0.24501847
v 0.32468050 -0.55901805 0.24494848
v 0.32078051 -0.57455805 0.86220851
v 0.32468050 -0.57455805 0.86220851
v 0.35203051 -0.60577807 0.80744847
v 0.35593050 -0.60577807 0.80744847
v 0.35593050 -0.60355803 0.81135847
v 0.31297051 -0.60577807 0.80744847
v 0.31687050 -0.60577807 0.80744847
v 0.31297051 -0.55901805 0.24494848
v 0.26052345 -0.56665643 0.09538804
v 0.37547051 -0.54712805 -0.41910152
v 0.37547051 -0.54721805 -0.41902153
v 0.37156050 -0.54712805 -0.41910152
v 0.29072870 -0.42134006 0.25637168
v 0.32859050 -0.59018806 0.83479848
v 0.32078051 -0.37534806 0.98321845
v 0.32468050 -0.57460806 0.86213847
v 0.32859050 -0.57460806 0.86213847
v 0.30125051 -0.50424805 0.94023850
v 0.29734050 -0.50424805 0.94023850
v 0.34422051 -0.37534806 0.98321845
v 0.29343050 -0.50418809 0.94026848
v 0.30515050 -0.55901805 0.24494848
v 0.31687050 -0.60580805 0.80739846
v 0.30125051 -0.57455805 0.86220851
v 0.33250051 -0.37534806 0.98321845
v 0.33640050 -0.60580805 -0.29024152
v 0.32859050 -0.60582808 -0.29019151
v 0.33250051 -0.60582808 -0.29019151
v 0.32078051 -0.50424805 -0.45545153
v 0.31687050 -0.49644807 -0.46207152
v 0.32078051 -0.49644807 -0.46207152
v 0.34422051 -0.40268806 0.98318847
v 0.34422051 -0.40257806 0.98322847
v 0.34031050 -0.40257806 0.98322847
v 0.29734050 -0.57455805 0.86220851
v 0.31297051 -0.19174807 0.48330849
v 0.31853159 -0.53796132 0.92590613
v 0.30125051 -0.43777806 0.26838847
v 0.30515050 -0.43784806 0.26843848
v 0.30515050 -0.43777806 0.26838847
v 0.31297051 -0.19161805 0.48322847
v 0.31297051 -0.43777806 0.26838847
v 0.29734050 -0.49643806 -0.46208153
v 0.38994364 -0.46229161 -0.49101815
v 0.31687050 -0.50424805 0.94023850
v 0.29734050 -0.22690806 -0.55587153
v 0.35593050 -0.55893806 0.24501847
v 0.30515050 -0.22690806 -0.55587153
v 0.32078051 -0.60580805 0.80739846
v 0.30515050 -0.50424805 0.94023850
v 0.31297051 -0.55893806 0.24501847
v 0.31297051 -0.60580805 0.80739846
v 0.28953051 -0.22690806 -0.55587153
v 0.28562050 -0.22690806 -0.55587153
v 0.29097409 -0.23080850 -0.55630156
v 0.27781050 -0.16047805 0.85822847
v 0.33786832 -0.39487806 0.98645850
v 0.27976551 -0.22690806 -0.55587153
v 0.39109050 -0.57455805 0.86220851
v 0.39500051 -0.57455805 0.86220851
v 0.29734050 -0.60577807 0.80744847
v 0.28953051 -0.17612806 0.54183849
v 0.29343050 -0.17612806 0.54183849
v 0.35545659 -0.27590227 0.13641180
v 0.35203051 -0.43784806 0.26843848
v 0.35593050 -0.43784806 0.26843848
v 0.35203051 -0.43777806 0.26838847
v 0.30515050 -0.16047805 0.85822847
v 0.30125051 -0.16047805 0.85822847
v 0.36765050 -0.50418809 0.94026848
v 0.36765050 -0.50424805 0.94023850
v 0.37156050 -0.50424805 0.94023850
v 0.31665678 -0.37538405 0.98322361
v 0.35203051 -0.09017806 0.05744848
v 0.32078051 -0.43777806 0.26838847
v 0.32468050 -0.43777806 0.26838847
v 0.29343050 -0.16047805 0.85822847
v 0.29734050 -0.16049807 0.85825851
v 0.29734050 -0.16047805 0.85822847
v 0.24580415 -0.10951759 0.37393060
v 0.30125051 -0.22690806 -0.55587153
v 0.29734050 -0.22679806 -0.55582152
v 0.31305733 -0.17195668 0.47304108
v 0.28953051 -0.17612806 0.54182847
v 0.32078051 -0.37541807 0.98322847
v 0.32468050 -0.37541807 0.98322847
v 0.31031572 -0.56313252 0.33767326
v 0.31687050 -0.55901805 0.24494848
v 0.29734050 -0.19161805 0.48322847
v 0.30515050 -0.19174807 0.48330849
v 0.30125051 -0.19161805 0.48322847
v 0.32859050 -0.50034806 -0.45877154
v 0.32468050 -0.49643806 -0.46208153
v 0.32468050 -0.49644807 -0.46207152
v 0.28172051 -0.16049807 0.85825851
v 0.28172051 -0.16047805 0.85822847
v 0.32468050 -0.59018806 0.83479848
v 0.32468050 -0.59018806 0.83480849
v 0.27402676 -0.16098682 0.85873476
v 0.29343050 -0.22679806 -0.55582152
v 0.30125051 -0.11752806 0.15125847
v 0.28953051 -0.11748806 0.15119848
v 0.28953051 -0.22679806 -0.55582152
v 0.30136769 -0.12547806 0.13578848
v 0.30515050 -0.11752806 0.15125847
v 0.30520051 0.47621194 0.26838847
v 0.32078051 -0.16047805 0.85822847
v 0.32468050 -0.16049807 0.85825851
v 0.32468050 -0.16047805 0.85822847
v 0.33610578 -0.32748582 0.97401122
v 0.29734050 -0.08237806 0.79569848
v 0.30166589 0.13552769 0.06184396
v 0.33640050 -0.56284806 0.23966848
v 0.28562050 -0.11752806 0.15125847
v 0.34812050 -0.60580805 -0.29024152
v 0.35203051 -0.60580805 -0.29024152
v 0.29734050 -0.11748806 0.15119848
v 0.31297051 -0.17612806 0.54183849
v 0.28131737 -0.17716018 0.55784168
v 0.30906050 -0.17612806 0.54183849
v 0.27781050 -0.08237806 0.79569848
v 0.33640050 -0.37541807 0.98322847
v 0.30125051 -0.08237806 0.79572847
v 0.29734050 -0.08237806 0.79572847
v 0.28953051 -0.16047805 0.85822847
v 0.28562050 -0.16047805 0.85822847
v 0.28562050 -0.16049807 0.85825851
v 0.28431449 -0.16516825 0.86282148
v 0.28562050 -0.11748806 0.15119848
v 0.30125051 -0.08237806 0.79569848
v 0.31687050 -0.22690806 -0.55587153
v 0.28562050 0.06996194 0.01052848
v 0.28562050 0.06996194 0.01057848
v 0.30125051 -0.22679806 -0.55582152
v 0.27781050 -0.11748806 0.15119848
v 0.33250051 0.02308194 -0.13792152
v 0.32859050 0.02308194 -0.13792152
v 0.33250051 0.02307194 -0.13785152
v 0.27739876 -0.21209046 0.48908348
v 0.25116569 -0.14243705 0.82226906
v 0.28562050 -0.17612806 0.54183849
v 0.31297051 -0.22679806 -0.55582152
v 0.31297051 -0.08237806 0.79569848
v 0.30906050 -0.16047805 0.85822847
v 0.28904176 -0.15259806 0.85052346
v 0.25196694 -0.09697775 0.08286273
v 0.32859393 -0.50159813 -0.45769945
v 0.28172051 -0.11752806 0.15125847
v 0.27781050 -0.11752806 0.15125847
v 0.30125051 -0.17612806 0.54182847
v 0.29734050 -0.17612806 0.54182847
v 0.30515050 -0.17612806 0.54183849
v 0.32078051 -0.09018806 0.05749848
v 0.31687050 -0.09017806 0.05744848
v 0.30906050 -0.60582808 -0.29019151
v 0.30125051 0.02308194 -0.13792152
v 0.30515050 0.02308194 -0.13792152
v 0.25375072 -0.14651753 0.05350777
v 0.30906050 -0.09017806 0.05744848
v 0.30520051 0.39418194 0.26838847
v 0.30515050 0.39808193 0.26847847
v 0.28953051 -0.11752806 0.15125847
v 0.32078051 -0.11748806 0.15119848
v 0.31687050 -0.11748806 0.15119848
v 0.38328051 0.06996194 0.01057848
v 0.40281050 -0.60355803 0.81135847
v 0.32859050 0.37074193 -0.30982153
v 0.30125051 -0.17612806 0.54183849
v 0.28172051 0.24574193 0.26449846
v 0.31213280 0.30393385 0.25340069
v 0.24827937 0.00300054 -0.04535762
v 0.33250051 -0.11748806 0.15119848
v 0.32859050 -0.11748806 0.15119848
v 0.55906050 -0.60582808 -0.29019151
v 0.56297051 -0.60582808 -0.29019151
v 0.34422051 -0.60580805 -0.29024152
v 0.29364093 0.07326872 -0.05439735
v 0.39500051 -0.09017806 0.05744848
v 0.29734050 0.02308194 -0.13792152
v 0.28857733 0.02307535 -0.13787546
v 0.30125051 -0.09018806 0.05749848
v 0.29734050 -0.17612806 0.54183849
v 0.35395693 0.07116655 -0.01316392
v 0.30906050 -0.09018806 0.05749848
v 0.30515050 -0.09017806 0.05744848
v 0.30515050 -0.09018806 0.05749848
v 0.46140050 -0.19161805 0.48322847
v 0.46531050 -0.19161805 0.48322847
v 0.36342467 -0.07349894 -0.00806407
v 0.33640050 -0.11748806 0.15119848
v 0.34031050 -0.11752806 0.15125847
v 0.31297051 0.02308194 -0.13792152
v 0.29734050 0.02307194 -0.13785152
v 0.34422051 -0.09017806 0.05744848
v 0.34031050 -0.09017806 0.05744848
v 0.35593050 -0.60580805 -0.29024152
v 0.30520051 0.50746194 0.26838847
v 0.30520051 0.51136193 0.26838847
v 0.30515050 0.51136193 0.26847847
v 0.30515050 0.46449193 0.26847847
v 0.46140050 -0.22690806 -0.55587153
v 0.46726426 -0.23080806 -0.55630151
v 0.30520051 0.40980193 0.26838847
v 0.29343050 0.06996194 0.01057848
v 0.29734050 0.06996194 0.01052848
v 0.31687050 -0.49183807 -0.46598152
v 0.45062156 -0.56452296 0.24082250
v 0.28172051 0.39027193 0.31910848
v 0.30520051 0.35511193 0.26838847
v 0.30520051 0.28480193 0.26838847
v 0.30515050 0.28871194 0.26847847
v 0.32859050 -0.54721805 -0.41902153
v 0.34083187 0.23052304 0.19128969
v 0.30801090 -0.07358920 -0.00506868
v 0.30520051 0.48402193 0.26838847
v 0.28172051 0.50355193 0.31910848
v 0.28172051 0.49965194 0.31910848
v 0.30520051 0.40199193 0.26838847
v 0.26609050 0.24574193 0.26447847
v 0.26218050 0.24574193 0.26449846
v 0.30515050 0.48011193 0.26847847
v 0.26609050 0.24574193 0.26449846
v 0.31297051 -0.59018806 0.83480849
v 0.31687050 -0.59018806 0.83480849
v 0.31687050 -0.59018806 0.83479848
v 0.28169050 0.49965194 0.31916847
v 0.29215634 0.21907256 0.14009734
v 0.34031050 0.06996194 0.01052848
v 0.30520051 0.43715194 0.26838847
v 0.30520051 0.44105193 0.26838847
v 0.30515050 0.30433193 0.26847847
v 0.30515050 0.50746194 0.26847847
v 0.33250051 0.06996194 0.01052848
v 0.32859050 0.06996194 0.01057848
v 0.28169050 0.40199193 0.31916847
v 0.28169050 0.42152193 0.31916847
v 0.31297051 0.06996194 0.01057848
v 0.26609050 0.23403195 0.20979848
v 0.26609050 0.23402193 0.20975848
v 0.28172051 0.42152193 0.31910848
v 0.28172051 0.41761193 0.31910848
v 0.30520051 0.41761193 0.26838847
v 0.48875051 0.02308194 -0.13792152
v 0.49265050 0.02308194 -0.13792152
v 0.32865050 0.40980193 -0.30973152
v 0.30520051 0.45668194 0.26838847
v 0.32859050 0.42152193 -0.30982153
v 0.29734050 0.06996194 0.01057848
v 0.30520051 0.49183193 0.26838847
v 0.36765050 -0.60580805 0.80739846
v 0.37156050 -0.60580805 0.80739846
v 0.28172051 0.46840194 0.31910848
v 0.34812050 -0.60577807 0.80744847
v 0.28172051 0.48011193 0.31910848
v 0.30520051 0.34340194 0.26838847
v 0.30520051 0.34730193 0.26838847
v 0.28172051 0.45668194 0.31910848
v 0.30520051 0.44496194 0.26838847
v 0.30520051 0.35902193 0.26838847
v 0.28172051 0.49574193 0.31910848
v 0.34031050 0.02308194 -0.13792152
v 0.34422051 0.02308194 -0.13792152
v 0.31177770 0.47305217 0.25416689
v 0.28169050 0.40980193 0.31916847
v 0.28172051 0.44886193 0.31910848
v 0.28169050 0.46058193 0.31916847
v 0.28169050 0.48011193 0.31916847
v 0.34422051 -0.11748806 0.15119848
v 0.39630813 -0.50438413 0.94017161
v 0.29128696 0.50856874 0.29843701
v 0.32865050 0.38246194 -0.30973152
v 0.30520051 0.48011193 0.26838847
v 0.30515050 0.48402193 0.26847847
v 0.30520051 0.52699193 0.26838847
v 0.30515050 0.53090194 0.26847847
v 0.28172051 0.40980193 0.31910848
v 0.28172051 0.52308193 0.31910848
v 0.28169050 0.52699193 0.31916847
v 0.30520051 0.46449193 0.26838847
v 0.28169050 0.48402193 0.31916847
v 0.28169050 0.47621194 0.31916847
v 0.28169050 0.50746194 0.31916847
v 0.28169050 0.51136193 0.31916847
v 0.30520051 0.45277193 0.26838847
v 0.28172051 0.50746194 0.31910848
v 0.28169050 0.51527193 0.31916847
v 0.30515050 0.51918194 0.26847847
v 0.30520051 0.51918194 0.26838847
v 0.35593050 -0.09018806 0.05749848
v 0.35203051 -0.09018806 0.05749848
v 0.28169050 0.50355193 0.31916847
v 0.40672051 -0.57455805 0.86220851
v 0.40672051 -0.57460806 0.86213847
v 0.41062050 -0.57460806 0.86213847
v 0.30520051 0.49965194 0.26838847
v 0.30520051 0.50355193 0.26838847
v 0.30515050 0.50355193 0.26847847
v 0.27147338 0.52752316 0.34123112
v 0.32078051 -0.09017806 0.05744848
v 0.32468050 -0.09018806 0.05749848
v 0.35203051 -0.57455805 0.86220851
v 0.35593050 -0.57460806 0.86213847
v 0.38718050 0.02307194 -0.13785152
v 0.31297051 -0.11748806 0.15119848
v 0.30906050 -0.11748806 0.15119848
v 0.36570050 0.01528694 -0.10261652
v 0.36765050 0.01530194 -0.10269153
v 0.29260291 0.25447366 0.29531215
v 0.33640050 -0.08237806 0.79572847
v 0.33250051 -0.08237806 0.79572847
v 0.29424189 0.02563729 -0.14946855
v 0.60203051 -0.56284806 -0.21207152
v 0.60593050 -0.56284806 -0.21207152
v 0.60203051 -0.56283805 -0.21207152
v 0.37547051 0.01530194 -0.10269153
v 0.25449759 -0.56338637 0.31811363
v 0.32859050 0.36683193 -0.30982153
v 0.33719156 0.35587507 -0.29635016
v 0.49265050 -0.09018806 0.05749848
v 0.48875051 -0.09018806 0.05749848
v 0.32859050 0.38246194 -0.30982153
v 0.31687050 0.06996194 0.01057848
v 0.42625051 0.02308194 -0.13792152
v 0.42234050 0.02308194 -0.13792152
v 0.31297051 -0.59018806 0.83479848
v 0.31297051 -0.50424805 -0.45545153
v 0.31297051 -0.49644807 -0.46207152
v 0.33378067 -0.59663549 -0.31679670
v 0.32078051 -0.60577807 0.80744847
v 0.32468050 -0.60580805 0.80739846
v 0.34422051 -0.54721805 -0.41902153
v 0.31687050 -0.60582808 -0.29019151
v 0.31297051 -0.22690806 -0.55587153
v 0.34812050 -0.60582808 -0.29019151
v 0.31687050 -0.60580805 -0.29024152
v 0.32859050 -0.59018806 0.83480849
v 0.33250051 -0.59018806 0.83480849
v 0.33250051 -0.59018806 0.83479848
v 0.33640300 -0.56276306 0.35456847
v 0.34617051 -0.56274182 0.35450847
v 0.31395060 -0.55102218 0.25569749
v 0.33640050 -0.59018806 0.83480849
v 0.34031050 -0.59018806 0.83479848
v 0.33640050 -0.59018806 0.83479848
v 0.35203051 -0.50418809 0.94026848
v 0.30515050 -0.49643806 -0.46208153
v 0.30906050 -0.49643806 -0.46208153
v 0.30906050 -0.49644807 -0.46207152
v 0.30906050 -0.59018806 0.83480849
v 0.33640050 -0.60582808 -0.29019151
v 0.33250051 -0.50418809 0.94026848
v 0.33640050 -0.50424805 0.94023850
v 0.32078051 -0.60582808 -0.29019151
v 0.32859050 -0.55901805 0.24494848
v 0.35203051 -0.54721805 -0.41902153
v 0.34812050 -0.54721805 -0.41902153
v 0.34812050 -0.54712805 -0.41910152
v 0.29011977 -0.56711647 -0.40190162
v 0.33250051 -0.55893806 0.24501847
v 0.33640050 -0.55901805 0.24494848
v 0.34031050 -0.55902806 0.24494848
v 0.32078051 -0.43784806 0.26843848
v 0.32468050 -0.43784806 0.26843848
v 0.25122514 -0.58271906 -0.35560852
v 0.36765050 -0.60580805 -0.29024152
v 0.37156050 -0.60580805 -0.29024152
v 0.37156050 -0.60582808 -0.29019151
v 0.36375051 -0.60577807 0.80744847
v 0.36765050 -0.60577807 0.80744847
v 0.30906050 -0.50424805 0.94023850
v 0.30125051 -0.49643806 -0.46208153
v 0.30125051 -0.49644807 -0.46207152
v 0.32468050 -0.60582808 -0.29019151
v 0.34812050 -0.57455805 0.86220851
v 0.35203051 -0.57460806 0.86213847
v 0.33968084 -0.48881582 0.94675874
v 0.32859050 -0.57455805 0.86220851
v 0.33250051 -0.57460806 0.86213847
v 0.35593050 -0.60582808 -0.29019151
v 0.35984050 -0.60582808 -0.29019151
v 0.31687050 -0.57455805 0.86220851
v 0.35312824 -0.44722944 -0.50379794
v 0.34031050 -0.54712805 -0.41910152
v 0.33640050 -0.19174807 0.48330849
v 0.39887228 -0.50165549 -0.45765081
v 0.39890050 -0.50034806 -0.45877154
v 0.30349951 -0.45139729 -0.50023857
v 0.38328051 -0.43777806 0.26838847
v 0.38718050 -0.43777806 0.26838847
v 0.31297051 -0.49643806 -0.46208153
v 0.25104204 -0.60586417 0.80578541
v 0.30515050 -0.49644807 -0.46207152
v 0.32078051 -0.50418809 0.94026848
v 0.32078051 -0.50424805 0.94023850
v 0.32468050 -0.50424805 0.94023850
v 0.32078051 -0.49643806 -0.46208153
v 0.41783050 -0.36607416 0.39912537
v 0.35146620 -0.56295761 0.35433030
v 0.32859050 -0.43784806 0.26843848
v 0.33250051 -0.43784806 0.26843848
v 0.33640050 -0.50424805 -0.45545153
v 0.33250051 -0.49643806 -0.46208153
v 0.37547051 -0.60580805 0.80739846
v 0.37937050 -0.60580805 0.80739846
v 0.31687050 -0.43777806 0.26838847
v 0.29343050 -0.08237806 0.79572847
v 0.32859050 -0.50418809 0.94026848
v 0.33250051 -0.50424805 0.94023850
v 0.32859050 -0.50424805 0.94023850
v 0.35593050 -0.09017806 0.05744848
v 0.33830040 -0.43021452 0.97154675
v 0.32468050 -0.50418809 0.94026848
v 0.34422051 -0.54712805 -0.41910152
v 0.37488359 -0.56797435 -0.39959025
v 0.32928430 -0.42186234 0.25676588
v 0.36765050 -0.19161805 0.48322847
v 0.37156050 -0.19174807 0.48330849
v 0.37156050 -0.19161805 0.48322847
v 0.32078051 -0.22679806 -0.55582152
v 0.31687050 -0.22679806 -0.55582152
v 0.29343050 -0.22690806 -0.55587153
v 0.54865119 -0.32511840 0.39060656
v 0.31687050 -0.43784806 0.26843848
v 0.31687050 -0.55893806 0.24501847
v 0.33640050 -0.43784806 0.26843848
v 0.34031050 -0.43784806 0.26843848
v 0.33640050 -0.43777806 0.26838847
v 0.32468050 -0.17612806 0.54182847
v 0.32468050 -0.17612806 0.54183849
v 0.39500051 -0.60580805 0.80739846
v 0.30906050 -0.17612806 0.54182847
v 0.31297051 -0.17612806 0.54182847
v 0.28953051 -0.16440806 0.86206850
v 0.35203051 -0.55902806 0.24494848
v 0.30906050 -0.16446806 0.86213847
v 0.36179551 -0.43002805 0.97161849
v 0.35808917 -0.40275076 0.98316434
v 0.36960550 -0.43002805 0.97161849
v 0.34031050 -0.37541807 0.98322847
v 0.35984050 -0.28549805 0.15517848
v 0.35984050 -0.28546807 0.15510847
v 0.36375051 -0.28549805 0.15517848
v 0.36375051 -0.48722807 -0.46988151
v 0.35984050 -0.49643806 -0.46208153
v 0.35203051 -0.54712805 -0.41910152
v 0.35593050 -0.54712805 -0.41910152
v 0.31687050 -0.19174807 0.48330849
v 0.32078051 -0.19174807 0.48330849
v 0.31687050 -0.19161805 0.48322847
v 0.32078051 -0.19161805 0.48322847
v 0.32468050 -0.19174807 0.48330849
v 0.32468050 -0.19161805 0.48322847
v 0.29343050 -0.09018806 0.05749848
v 0.30125051 -0.11748806 0.15119848
v 0.28562050 -0.08237806 0.79569848
v 0.28562050 -0.08237806 0.79572847
v 0.35984050 -0.55893806 0.24501847
v 0.36375051 -0.55902806 0.24494848
v 0.36375051 -0.55893806 0.24501847
v 0.35203051 -0.16440806 0.86206850
v 0.35593050 -0.16446806 0.86213847
v 0.35593050 -0.16440806 0.86206850
v 0.30515050 -0.16049807 0.85825851
v 0.35984050 0.02308194 -0.13792152
v 0.30125051 -0.16049807 0.85825851
v 0.30125051 -0.16440806 0.86206850
v 0.30515050 -0.16440806 0.86206850
v 0.31297051 -0.08237806 0.79572847
v 0.34422051 0.02307194 -0.13785152
v 0.33250051 -0.19174807 0.48330849
v 0.33178270 -0.19565683 0.48491796
v 0.34422051 -0.19174807 0.48330849
v 0.34422051 -0.19161805 0.48322847
v 0.34031050 -0.19161805 0.48322847
v 0.36210897 -0.53794546 0.92592190
v 0.35984050 -0.40257806 0.98322847
v 0.34027019 -0.17544464 0.53137087
v 0.32078051 -0.17612806 0.54182847
v 0.28953051 -0.08237806 0.79569848
v 0.32078051 -0.22690806 -0.55587153
v 0.30515050 -0.16446806 0.86213847
v 0.30125051 -0.16446806 0.86213847
v 0.31297051 -0.16047805 0.85822847
v 0.31297051 -0.16049807 0.85825851
v 0.31687050 -0.16049807 0.85825851
v 0.31687050 -0.16440806 0.86206850
v 0.35984050 -0.37534806 0.98321845
v 0.30515050 -0.17612806 0.54182847
v 0.30906050 -0.16440806 0.86206850
v 0.31297051 -0.16446806 0.86213847
v 0.29343050 -0.17612806 0.54182847
v 0.32468050 -0.11752806 0.15125847
v 0.32078051 -0.11752806 0.15125847
v 0.26497234 -0.08631233 0.81137282
v 0.34422051 -0.09018806 0.05749848
v 0.30906050 -0.11752806 0.15125847
v 0.34422051 -0.11752806 0.15125847
v 0.33250051 -0.43777806 0.26838847
v 0.33640050 -0.22679806 -0.55582152
v 0.33640050 -0.22690806 -0.55587153
v 0.33250051 -0.22679806 -0.55582152
v 0.40672051 -0.11748806 0.15119848
v 0.40672051 -0.11752806 0.15125847
v 0.40281050 -0.11748806 0.15119848
v 0.32468050 -0.22679806 -0.55582152
v 0.32859050 -0.09018806 0.05749848
v 0.39500051 -0.22690806 -0.55587153
v 0.39109050 -0.22679806 -0.55582152
v 0.39500051 -0.22679806 -0.55582152
v 0.31687050 -0.11752806 0.15125847
v 0.31687050 -0.17612806 0.54182847
v 0.31687050 -0.17612806 0.54183849
v 0.25107138 -0.61068318 -0.27367907
v 0.34422051 -0.57460806 0.86213847
v 0.34422051 -0.57455805 0.86220851
v 0.34031050 -0.57455805 0.86220851
v 0.34812050 -0.22690806 -0.55587153
v 0.34422051 -0.22679806 -0.55582152
v 0.34812050 -0.22679806 -0.55582152
v 0.28953051 -0.09017806 0.05744848
v 0.28953051 -0.16049807 0.85825851
v 0.29734050 -0.16440806 0.86206850
v 0.30515050 -0.08237806 0.79569848
v 0.31297051 -0.16440806 0.86206850
v 0.30713218 -0.17191847 0.86941605
v 0.35203051 -0.22690806 -0.55587153
v 0.35318865 -0.14284684 0.82616487
v 0.33250051 -0.16446806 0.86213847
v 0.32859050 -0.16446806 0.86213847
v 0.32859050 -0.16440806 0.86206850
v 0.29343050 -0.16049807 0.85825851
v 0.30906050 -0.16049807 0.85825851
v 0.28953051 -0.08237806 0.79572847
v 0.35593050 -0.37534806 0.98321845
v 0.35593050 -0.37541807 0.98322847
v 0.35984050 -0.37541807 0.98322847
v 0.32468050 -0.08237806 0.79572847
v 0.32859050 -0.08237806 0.79572847
v 0.30906050 -0.08237806 0.79569848
v 0.32468050 -0.22690806 -0.55587153
v 0.32859050 -0.22679806 -0.55582152
v 0.32859050 -0.22690806 -0.55587153
v 0.36817634 -0.09654486 0.08020503
v 0.31687050 -0.16047805 0.85822847
v 0.33640050 -0.16047805 0.85822847
v 0.29343050 -0.08237806 0.79569848
v 0.30515050 -0.11748806 0.15119848
v 0.32078051 0.02308194 -0.13792152
v 0.32859050 -0.11752806 0.15125847
v 0.33250051 -0.11752806 0.15125847
v 0.33640050 -0.11752806 0.15125847
v 0.37937050 0.01527194 -0.10254152
v 0.31701435 -0.09546192 0.07633919
v 0.32078051 -0.59018806 0.83480849
v 0.35984050 -0.09018806 0.05749848
v 0.34031050 -0.08237806 0.79572847
v 0.34422051 -0.08237806 0.79569848
v 0.34422051 -0.08237806 0.79572847
v 0.33681789 -0.07789686 0.01354148
v 0.33640050 0.02307194 -0.13785152
v 0.33640050 0.02308194 -0.13792152
v 0.30992294 0.01188607 -0.08728150
v 0.32078051 -0.59018806 0.83479848
v 0.30520051 0.37465194 0.26838847
v 0.34812050 0.06996194 0.01057848
v 0.34812050 -0.09018806 0.05749848
v 0.34812050 -0.09017806 0.05744848
v 0.37156050 0.06996194 0.01057848
v 0.37547051 0.06996194 0.01052848
v 0.33250051 -0.09017806 0.05744848
v 0.31178796 -0.29578865 0.18954706
v 0.31687050 0.02308194 -0.13792152
v 0.31687050 0.02307194 -0.13785152
v 0.34031050 -0.17612806 0.54182847
v 0.34031050 -0.17612806 0.54183849
v 0.33640050 -0.17612806 0.54183849
v 0.32859050 -0.17612806 0.54183849
v 0.37192511 -0.62889129 -0.22347315
v 0.35984050 -0.09017806 0.05744848
v 0.34812050 -0.11748806 0.15119848
v 0.36375051 -0.59018806 0.83479848
v 0.37156050 0.02307194 -0.13785152
v 0.36765050 0.02307194 -0.13785152
v 0.36765050 0.02308194 -0.13792152
v 0.35984050 -0.59018806 0.83480849
v 0.36375051 -0.59018806 0.83480849
v 0.35839046 -0.11507722 0.14640069
v 0.33250051 -0.09018806 0.05749848
v 0.35984050 -0.50424805 -0.45545153
v 0.31687050 0.13635194 0.04572848
v 0.33640050 0.06996194 0.01052848
v 0.33640050 0.06996194 0.01057848
v 0.36375051 0.06996194 0.01057848
v 0.33250051 0.06996194 0.01057848
v 0.30187004 0.06757466 0.05722823
v 0.35844532 0.03087904 -0.17319942
v 0.37937050 -0.11748806 0.15119848
v 0.41843050 -0.01596806 0.80371847
v 0.49656050 -0.09018806 0.05749848
v 0.34031050 0.02307194 -0.13785152
v 0.57468050 -0.37541807 0.98322847
v 0.57859050 -0.37541807 0.98322847
v 0.35203051 -0.60580805 0.80739846
v 0.34812050 0.02307194 -0.13785152
v 0.35984050 -0.60577807 0.80744847
v 0.50959511 -0.61379868 0.79281841
v 0.35203051 0.06996194 0.01057848
v 0.35984050 0.02307194 -0.13785152
v 0.35593050 0.02307194 -0.13785152
v 0.35593050 0.02308194 -0.13792152
v 0.44187050 -0.57455805 0.86220851
v 0.44578051 -0.57460806 0.86213847
v 0.41453051 -0.11755806 0.15119848
v 0.41453051 -0.11752806 0.15125847
v 0.41843050 -0.11755806 0.15119848
v 0.42649113 -0.11548806 0.14729848
v 0.31492051 0.13635944 0.04553348
v 0.32865050 0.36293194 -0.30973152
v 0.42234050 -0.54721805 -0.41902153
v 0.41843050 -0.54721805 -0.41902153
v 0.41843050 -0.54712805 -0.41910152
v 0.31705209 0.51125398 0.24300683
v 0.30515050 0.51527193 0.26847847
v 0.30520051 0.51527193 0.26838847
v 0.30515050 0.53480193 0.26847847
v 0.30515050 0.53871194 0.26847847
v 0.32468050 -0.09017806 0.05744848
v 0.30520051 0.53090194 0.26838847
v 0.40672051 -0.09018806 0.05749848
v 0.40281050 -0.09018806 0.05749848
v 0.37547051 0.01527194 -0.10254152
v 0.40281050 -0.59018806 0.83480849
v 0.36594551 -0.56284806 0.23966848
v 0.43797051 -0.57460806 0.86213847
v 0.43797051 -0.57455805 0.86220851
v 0.43406050 -0.57455805 0.86220851
v 0.35203051 0.06996194 0.01052848
v 0.35202800 -0.44318555 0.27203098
v 0.31987882 -0.56295803 0.35432847
v 0.34814521 -0.56416484 0.24047686
v 0.33250051 -0.55901805 0.24494848
v 0.34422051 -0.55902806 0.24494848
v 0.34422051 -0.55893806 0.24501847
v 0.31687050 -0.50418809 0.94026848
v 0.40281050 -0.43784806 0.26843848
v 0.38328051 -0.50424805 -0.45545153
v 0.37547051 -0.50034806 -0.45877154
v 0.37937050 -0.49643806 -0.46208153
v 0.32078051 -0.55901805 0.24494848
v 0.32078051 -0.57460806 0.86213847
v 0.34812050 -0.43777806 0.26838847
v 0.34687640 -0.43029361 0.97151634
v 0.34226551 -0.43002805 0.97161849
v 0.31687050 -0.57460806 0.86213847
v 0.35692252 -0.56295803 0.35432848
v 0.39109050 -0.40268806 0.98318847
v 0.39500051 -0.40268806 0.98318847
v 0.32468050 -0.60580805 -0.29024152
v 0.33640050 -0.57455805 0.86220851
v 0.34031050 -0.57460806 0.86213847
v 0.38328051 -0.57460806 0.86213847
v 0.38718050 -0.57460806 0.86213847
v 0.38328051 -0.57455805 0.86220851
v 0.33250051 -0.56295803 0.35432847
v 0.37484205 -0.54014746 0.33185038
v 0.35203051 -0.55893806 0.24501847
v 0.35593050 -0.55902806 0.24494848
v 0.36375051 -0.60580805 0.80739846
v 0.34812050 -0.40268806 0.98318847
v 0.35203051 -0.60582808 -0.29019151
v 0.35240209 -0.61383632 0.79283480
v 0.34812050 -0.57460806 0.86213847
v 0.35593050 -0.54721805 -0.41902153
v 0.36375051 -0.54712805 -0.41910152
v 0.35984050 -0.60580805 -0.29024152
v 0.36375051 -0.60580805 -0.29024152
v 0.40281050 -0.57460806 0.86213847
v 0.40281050 -0.57455805 0.86220851
v 0.34422051 -0.50424805 -0.45545153
v 0.37156050 -0.54721805 -0.41902153
v 0.36765050 -0.54721805 -0.41902153
v 0.36765050 -0.54712805 -0.41910152
v 0.37547051 -0.60577807 0.80744847
v 0.37156050 -0.60577807 0.80744847
v 0.33640050 -0.57460806 0.86213847
v 0.33250051 -0.49644807 -0.46207152
v 0.33640050 -0.49644807 -0.46207152
v 0.37156050 -0.59018806 0.83479848
v 0.36765050 -0.59018806 0.83479848
v 0.35984050 -0.59018806 0.83479848
v 0.37937050 -0.56267807 0.35432847
v 0.32859050 -0.43777806 0.26838847
v 0.34422051 -0.59018806 0.83479848
v 0.37547051 -0.49644807 -0.46207152
v 0.39109050 -0.50424805 -0.45545153
v 0.31687050 -0.49643806 -0.46208153
v 0.34812050 -0.59018806 0.83479848
v 0.34422051 -0.50424805 0.94023850
v 0.34031046 -0.50432307 0.94020163
v 0.36570050 -0.43028805 0.97151848
v 0.34422051 -0.22690806 -0.55587153
v 0.34031050 -0.22679806 -0.55582152
v 0.39890050 -0.60577807 0.80744847
v 0.40281050 -0.60580805 0.80739846
v 0.36765050 -0.37534806 0.98321845
v 0.37156050 -0.37534806 0.98321845
v 0.33640050 -0.51205805 0.93692847
v 0.34920013 -0.56622251 -0.40285360
v 0.37937050 -0.43784806 0.26843848
v 0.35984050 -0.57455805 0.86220851
v 0.35984050 -0.57460806 0.86213847
v 0.32859050 -0.49643806 -0.46208153
v 0.32859050 -0.49644807 -0.46207152
v 0.38328051 -0.54721805 -0.41902153
v 0.37937050 -0.54721805 -0.41902153
v 0.37937050 -0.54712805 -0.41910152
v 0.25355478 -0.62616539 0.49899179
v 0.33640050 -0.49643806 -0.46208153
v 0.34031050 -0.49644807 -0.46207152
v 0.34422051 -0.49644807 -0.46207152
v 0.36375051 -0.54721805 -0.41902153
v 0.35984050 -0.54712805 -0.41910152
v 0.34031050 -0.49643806 -0.46208153
v 0.34422051 -0.49643806 -0.46208153
v 0.35203051 -0.49644807 -0.46207152
v 0.35203051 -0.49643806 -0.46208153
v 0.35593050 -0.49644807 -0.46207152
v 0.34812050 -0.50424805 0.94023850
v 0.34031050 -0.50418809 0.94026848
v 0.36765050 -0.57460806 0.86213847
v 0.37156050 -0.57460806 0.86213847
v 0.36765050 -0.57455805 0.86220851
v 0.36960387 -0.49427958 -0.46391036
v 0.34812050 -0.50418809 0.94026848
v 0.35203051 -0.50424805 0.94023850
v 0.35593050 -0.49643806 -0.46208153
v 0.31687050 -0.37534806 0.98321845
v 0.32082147 -0.41298046 0.97879918
v 0.36765050 -0.59018806 0.83480849
v 0.37937050 -0.57455805 0.86220851
v 0.34422051 -0.50418809 0.94026848
v 0.35223835 -0.43026699 0.97152655
v 0.34013641 -0.23081949 -0.55630267
v 0.34812050 -0.43784806 0.26843848
v 0.31687050 -0.37541807 0.98322847
v 0.37547051 -0.37534806 0.98321845
v 0.37547051 -0.37541807 0.98322847
v 0.31149016 -0.23080764 -0.55630147
v 0.24398207 -0.42148760 0.05556631
v 0.34877643 -0.41131942 0.97953775
v 0.34895202 -0.40262644 0.98321080
v 0.34812050 -0.49643806 -0.46208153
v 0.39890050 -0.55893806 0.24501847
v 0.40281050 -0.55902806 0.24494848
v 0.40281050 -0.55893806 0.24501847
v 0.35984050 -0.50418809 0.94026848
v 0.36375051 -0.50424805 0.94023850
v 0.35984050 -0.50424805 0.94023850
v 0.36375051 -0.50418809 0.94026848
v 0.33853925 -0.39097984 0.98622913
v 0.33250051 -0.17612806 0.54183849
v 0.37156050 -0.40268806 0.98318847
v 0.36765050 -0.40268806 0.98318847
v 0.40672051 -0.49644807 -0.46207152
v 0.40672051 -0.49643806 -0.46208153
v 0.41062050 -0.49644807 -0.46207152
v 0.33250051 -0.16047805 0.85822847
v 0.33640050 -0.16049807 0.85825851
v 0.40672051 -0.60580805 0.80739846
v 0.37351551 -0.43028805 0.97151848
v 0.36765050 -0.60582808 -0.29019151
v 0.40281050 -0.50424805 0.94023850
v 0.39890050 -0.50418809 0.94026848
v 0.39109050 -0.43777806 0.26838847
v 0.33250051 -0.22690806 -0.55587153
v 0.32859050 -0.16047805 0.85822847
v 0.33250051 -0.16049807 0.85825851
v 0.35507317 -0.17196049 0.47293629
v 0.35398050 -0.43002805 0.97161849
v 0.37156050 -0.37541807 0.98322847
v 0.37621470 -0.58364414 0.84627815
v 0.35984050 -0.49644807 -0.46207152
v 0.36375051 -0.49644807 -0.46207152
v 0.35203051 -0.59018806 0.83479848
v 0.35593050 -0.59018806 0.83479848
v 0.32859050 -0.17612806 0.54182847
v 0.36765050 -0.28546807 0.15510847
v 0.35984050 -0.43028805 0.97151848
v 0.34812050 -0.37534806 0.98321845
v 0.34031050 -0.22690806 -0.55587153
v 0.37490319 -0.43009143 0.97159433
v 0.37798458 -0.41465869 0.97812590
v 0.32859050 -0.19161805 0.48322847
v 0.33250051 -0.19161805 0.48322847
v 0.33250051 -0.17612806 0.54182847
v 0.33640050 -0.17612806 0.54182847
v 0.38718050 -0.50418809 0.94026848
v 0.39109050 -0.50418809 0.94026848
v 0.39109050 -0.50424805 0.94023850
v 0.33640050 -0.19161805 0.48322847
v 0.34031050 -0.19174807 0.48330849
v 0.41843050 -0.40257806 0.98322847
v 0.41843050 -0.40268806 0.98318847
v 0.42234050 -0.40268806 0.98318847
v 0.31687050 -0.16446806 0.86213847
v 0.32859050 -0.19174807 0.48330849
v 0.37156050 0.01527194 -0.10254152
v 0.34812050 -0.08237806 0.79569848
v 0.32859050 -0.16049807 0.85825851
v 0.36960550 -0.56286055 0.35444847
v 0.35203051 -0.22679806 -0.55582152
v 0.33640050 -0.16440806 0.86206850
v 0.34031050 -0.16446806 0.86213847
v 0.34031050 -0.16440806 0.86206850
v 0.38718050 -0.57455805 0.86220851
v 0.38718050 -0.43784806 0.26843848
v 0.34422051 -0.17612806 0.54183849
v 0.34812050 -0.17612806 0.54183849
v 0.32078051 -0.16049807 0.85825851
v 0.32078051 -0.16440806 0.86206850
v 0.32468050 -0.16440806 0.86206850
v 0.34031050 -0.08237806 0.79569848
v 0.32993238 -0.16984431 0.86739099
v 0.38328051 -0.37534806 0.98321845
v 0.37937050 -0.37534806 0.98321845
v 0.38328051 -0.37541807 0.98322847
v 0.35593050 -0.22690806 -0.55587153
v 0.39500051 -0.11755806 0.15119848
v 0.36570050 -0.22690806 -0.55587153
v 0.35497860 -0.21197860 -0.54849497
v 0.35593050 -0.11748806 0.15119848
v 0.35203051 -0.11748806 0.15119848
v 0.34812050 -0.11752806 0.15125847
v 0.34422051 -0.16446806 0.86213847
v 0.34422051 -0.16440806 0.86206850
v 0.32468050 -0.16446806 0.86213847
v 0.32078051 -0.08237806 0.79572847
v 0.33640050 -0.16446806 0.86213847
v 0.33250051 -0.16440806 0.86206850
v 0.34031050 -0.16049807 0.85825851
v 0.34031050 -0.16047805 0.85822847
v 0.36229382 -0.17393597 0.87138130
v 0.36765050 -0.16049807 0.85825851
v 0.37156050 -0.16440806 0.86206850
v 0.37156050 -0.16049807 0.85825851
v 0.36765050 -0.16047805 0.85822847
v 0.37156050 -0.09018806 0.05749848
v 0.36765050 -0.09018806 0.05749848
v 0.35593050 -0.19161805 0.48322847
v 0.35984050 -0.19174807 0.48330849
v 0.35984050 -0.19161805 0.48322847
v 0.38328051 -0.22690806 -0.55587153
v 0.37156050 -0.22679806 -0.55582152
v 0.36765050 -0.22679806 -0.55582152
v 0.34494258 -0.17735838 0.56089476
v 0.55151224 -0.30588344 0.09122316
v 0.34812050 -0.19174807 0.48330849
v 0.34812050 -0.19161805 0.48322847
v 0.36375051 -0.19161805 0.48322847
v 0.38641015 -0.19565776 0.48491834
v 0.34812050 -0.16440806 0.86206850
v 0.35203051 -0.16446806 0.86213847
v 0.32078051 -0.16446806 0.86213847
v 0.35593050 -0.16047805 0.85822847
v 0.35984050 -0.16049807 0.85825851
v 0.35984050 -0.16047805 0.85822847
v 0.36375051 -0.16049807 0.85825851
v 0.36375051 -0.16047805 0.85822847
v 0.33851555 -0.20303426 0.48681538
v 0.34422051 -0.16049807 0.85825851
v 0.34422051 -0.16047805 0.85822847
v 0.38328051 -0.16047805 0.85822847
v 0.60673409 -0.10569150 0.45707127
v 0.36765050 -0.11755806 0.15119848
v 0.36765050 -0.11752806 0.15125847
v 0.37156050 -0.11755806 0.15119848
v 0.36789053 -0.23080927 -0.55630165
v 0.37156050 -0.22690806 -0.55587153
v 0.32468050 -0.11748806 0.15119848
v 0.33250051 -0.08237806 0.79569848
v 0.33640050 -0.08237806 0.79569848
v 0.32078051 -0.08237806 0.79569848
v 0.31687050 -0.08237806 0.79569848
v 0.31687050 -0.08237806 0.79572847
v 0.32859050 -0.08237806 0.79569848
v 0.35203051 -0.08237806 0.79572847
v 0.35203051 -0.08237806 0.79569848
v 0.35593050 -0.08237806 0.79569848
v 0.32468050 -0.08237806 0.79569848
v 0.41257550 -0.01594806 0.80363347
v 0.38328051 -0.11748806 0.15119848
v 0.38328051 -0.11752806 0.15125847
v 0.36375051 -0.57455805 0.86220851
v 0.36375051 -0.09018806 0.05749848
v 0.34427785 -0.07437431 -0.00718652
v 0.34812050 0.02308194 -0.13792152
v 0.36374800 -0.56276306 0.35456847
v 0.37156050 0.02308194 -0.13792152
v 0.32859050 -0.09017806 0.05744848
v 0.35593050 0.06996194 0.01057848
v 0.35593050 0.06996194 0.01052848
v 0.41062050 -0.11752806 0.15125847
v 0.36765050 0.06996194 0.01057848
v 0.35203051 -0.11752806 0.15125847
v 0.35593050 -0.11752806 0.15125847
v 0.37937050 -0.16446806 0.86213847
v 0.39109050 -0.22690806 -0.55587153
v 0.38718050 -0.22690806 -0.55587153
v 0.38718050 -0.22679806 -0.55582152
v 0.36375051 -0.60582808 -0.29019151
v 0.39500051 -0.11752806 0.15125847
v 0.39109050 -0.11752806 0.15125847
v 0.39109050 -0.11748806 0.15119848
v 0.37547051 0.02308194 -0.13792152
v 0.54861026 -0.50403721 0.30944067
v 0.35215287 -0.50192161 -0.45742250
v 0.36375051 0.02308194 -0.13792152
v 0.36375051 0.02307194 -0.13785152
v 0.37156050 0.01530194 -0.10269153
v 0.37156050 -0.55893806 0.24501847
v 0.37547051 -0.55893806 0.24501847
v 0.39023928 0.21719465 -0.09296202
v 0.41843050 -0.01592806 0.80354848
v 0.42234050 -0.01592806 0.80354848
v 0.37937050 0.02308194 -0.13792152
v 0.38328051 0.02307194 -0.13785152
v 0.38328051 0.02308194 -0.13792152
v 0.55125051 -0.49252805 -0.00492152
v 0.41453051 -0.11748806 0.15119848
v 0.41843050 -0.11748806 0.15119848
v 0.41843050 -0.11752806 0.15125847
v 0.23064299 -0.04455092 0.82892905
v 0.37547051 -0.60582808 -0.29019151
v 0.38328051 -0.60580805 -0.29024152
v 0.38718050 -0.60580805 -0.29024152
v 0.36249587 -0.01895169 0.81597237
v 0.45005361 -0.08878928 0.05250937
v 0.43406050 0.02308194 -0.13792152
v 0.43797051 0.02307194 -0.13785152
v 0.43797051 0.02308194 -0.13792152
v 0.44578051 -0.11755806 0.15119848
v 0.44187050 -0.11752806 0.15125847
v 0.44578051 -0.11752806 0.15125847
v 0.38328051 0.06996194 0.01052848
v 0.44968050 -0.22679806 -0.55582152
v 0.42380550 -0.56276306 0.35456847
v 0.48484050 -0.59018806 0.83479848
v 0.48093050 -0.59018806 0.83480849
v 0.48093050 -0.59018806 0.83479848
v 0.34812050 0.06996194 0.01052848
v 0.43546301 0.13318237 -0.45198814
v 0.36240958 0.06748544 0.05899215
v 0.55132048 -0.48569600 -0.00210863
v 0.47312050 -0.17612806 0.54182847
v 0.47703051 -0.17612806 0.54182847
v 0.40672051 -0.11755806 0.15119848
v 0.41062050 -0.11755806 0.15119848
v 0.43015050 -0.22690806 -0.55587153
v 0.41943255 -0.56295803 0.35432848
v 0.45359050 -0.57460806 0.86213847
v 0.45359050 -0.57455805 0.86220851
v 0.42235270 0.07199300 -0.02933615
v 0.38328051 -0.09018806 0.05749848
v 0.37547051 -0.09017806 0.05744848
v 0.44968050 -0.16049807 0.85825851
v 0.45359050 -0.16049807 0.85825851
v 0.44968050 -0.16047805 0.85822847
v 0.45359050 -0.16440806 0.86206850
v 0.39109050 -0.60577807 0.80744847
v 0.39109050 -0.60580805 0.80739846
v 0.37547051 -0.11755806 0.15119848
v 0.36765050 -0.55902806 0.24494848
v 0.37156050 -0.57455805 0.86220851
v 0.37156050 -0.59018806 0.83480849
v 0.35593300 -0.56276306 0.35456847
v 0.34812050 -0.55893806 0.24501847
v 0.40281050 -0.49643806 -0.46208153
v 0.34812050 -0.55902806 0.24494848
v 0.44187050 -0.57460806 0.86213847
v 0.35984050 -0.54721805 -0.41902153
v 0.33105874 -0.51658138 -0.44500045
v 0.35984050 -0.55902806 0.24494848
v 0.40672051 -0.55902806 0.24494848
v 0.46140050 -0.55902806 0.24494848
v 0.37156050 -0.55902806 0.24494848
v 0.39109050 -0.59018806 0.83479848
v 0.38718050 -0.59018806 0.83479848
v 0.38196269 -0.59901654 0.81932460
v 0.38328051 -0.54712805 -0.41910152
v 0.38718050 -0.54712805 -0.41910152
v 0.40451800 -0.54523556 0.33706348
v 0.35836290 -0.56473033 0.24496305
v 0.37547051 -0.50418809 0.94026848
v 0.37547051 -0.55902806 0.24494848
v 0.40281050 -0.60577807 0.80744847
v 0.37547051 -0.57455805 0.86220851
v 0.40672051 -0.60577807 0.80744847
v 0.38913550 -0.56276306 0.35456847
v 0.36375051 -0.43784806 0.26843848
v 0.35203051 -0.59018806 0.83480849
v 0.35593050 -0.59018806 0.83480849
v 0.39500051 -0.60580805 -0.29024152
v 0.39890050 -0.60580805 -0.29024152
v 0.39890050 -0.60582808 -0.29019151
v 0.41062050 -0.60580805 0.80739846
v 0.40769300 -0.56276306 0.35456847
v 0.37547051 -0.59018806 0.83479848
v 0.39450800 -0.56341806 0.24035848
v 0.37606396 -0.50663825 -0.45343175
v 0.55019830 -0.54714144 -0.06434220
v 0.38328051 -0.60577807 0.80744847
v 0.39109050 -0.49643806 -0.46208153
v 0.39500051 -0.28546807 0.15510847
v 0.39890050 -0.28546807 0.15510847
v 0.39890050 -0.28549805 0.15517848
v 0.35203051 -0.50034806 -0.45877154
v 0.37937050 -0.60582808 -0.29019151
v 0.38718050 -0.60582808 -0.29019151
v 0.39109050 -0.60582808 -0.29019151
v 0.60639053 -0.57455805 -0.38004152
v 0.60984050 -0.57065806 -0.38021151
v 0.60984050 -0.57067808 -0.38004152
v 0.36765050 -0.43784806 0.26843848
v 0.38718050 -0.55893806 0.24501847
v 0.41062050 -0.60582808 -0.29019151
v 0.41453051 -0.60582808 -0.29019151
v 0.41062050 -0.60580805 -0.29024152
v 0.36765050 -0.43777806 0.26838847
v 0.37156050 -0.43777806 0.26838847
v 0.37547051 -0.57460806 0.86213847
v 0.37937050 -0.57460806 0.86213847
v 0.37937050 -0.43777806 0.26838847
v 0.37156050 -0.43784806 0.26843848
v 0.37547051 -0.43784806 0.26843848
v 0.43015050 -0.49643806 -0.46208153
v 0.43406050 -0.49643806 -0.46208153
v 0.43406050 -0.49644807 -0.46207152
v 0.34812050 -0.59018806 0.83480849
v 0.34422051 -0.59018806 0.83480849
v 0.41453051 -0.54721805 -0.41902153
v 0.38525434 -0.56292002 0.35469142
v 0.40281050 -0.28549805 0.15517848
v 0.34812050 -0.49644807 -0.46207152
v 0.33747758 -0.54355067 0.91661732
v 0.39109050 -0.55893806 0.24501847
v 0.35984050 -0.43784806 0.26843848
v 0.40672051 -0.50418809 0.94026848
v 0.39109050 -0.54721805 -0.41902153
v 0.38718050 -0.54721805 -0.41902153
v 0.39500051 -0.37534806 0.98321845
v 0.39500051 -0.37541807 0.98322847
v 0.39890050 -0.37541807 0.98322847
v 0.40281050 -0.60582808 -0.29019151
v 0.40672051 -0.60582808 -0.29019151
v 0.40281050 -0.60580805 -0.29024152
v 0.40476551 -0.56290305 0.35456847
v 0.39500051 -0.59018806 0.83480849
v 0.39890050 -0.59018806 0.83480849
v 0.39890050 -0.59018806 0.83479848
v 0.38328051 -0.50424805 0.94023850
v 0.37937050 -0.37541807 0.98322847
v 0.37262090 -0.50444355 0.94014261
v 0.38718050 -0.60577807 0.80744847
v 0.37547051 -0.59018806 0.83480849
v 0.37937050 -0.59018806 0.83480849
v 0.37937050 -0.59018806 0.83479848
v 0.47703051 -0.50418809 0.94026848
v 0.48093050 -0.50418809 0.94026848
v 0.35593050 -0.43777806 0.26838847
v 0.35984050 -0.43777806 0.26838847
v 0.40281050 -0.49644807 -0.46207152
v 0.37937050 -0.49644807 -0.46207152
v 0.38328051 -0.49644807 -0.46207152
v 0.37937050 -0.55902806 0.24494848
v 0.37937050 -0.55893806 0.24501847
v 0.43015050 -0.54721805 -0.41902153
v 0.36375051 -0.49643806 -0.46208153
v 0.35203051 -0.37534806 0.98321845
v 0.37156050 -0.40257806 0.98322847
v 0.36765050 -0.40257806 0.98322847
v 0.35593050 -0.50424805 0.94023850
v 0.38328051 -0.55893806 0.24501847
v 0.39890050 -0.40257806 0.98322847
v 0.35593050 -0.50418809 0.94026848
v 0.39890050 -0.57460806 0.86213847
v 0.39890050 -0.57455805 0.86220851
v 0.37156050 -0.50418809 0.94026848
v 0.39500051 -0.50424805 0.94023850
v 0.39157528 -0.55083960 0.25585290
v 0.37547051 -0.43777806 0.26838847
v 0.39500051 -0.55902806 0.24494848
v 0.41453051 -0.37534806 0.98321845
v 0.41062050 -0.37534806 0.98321845
v 0.41453051 -0.37541807 0.98322847
v 0.38279895 -0.42020451 0.25544310
v 0.39890050 -0.43784806 0.26843848
v 0.36375051 -0.43777806 0.26838847
v 0.36375051 -0.28546807 0.15510847
v 0.38328051 -0.50418809 0.94026848
v 0.38718050 -0.50424805 0.94023850
v 0.36765050 -0.37541807 0.98322847
v 0.34422051 -0.37541807 0.98322847
v 0.34812050 -0.37541807 0.98322847
v 0.34812050 -0.43002805 0.97161849
v 0.30196184 -0.42996263 -0.51829689
v 0.37862321 -0.55889223 -0.40912878
v 0.35203051 -0.37541807 0.98322847
v 0.36375051 -0.40268806 0.98318847
v 0.36375051 -0.40257806 0.98322847
v 0.36375051 -0.37534806 0.98321845
v 0.37547051 -0.40257806 0.98322847
v 0.55132673 -0.56084726 -0.21586134
v 0.36765050 -0.28549805 0.15517848
v 0.39890050 -0.37534806 0.98321845
v 0.40281050 -0.37541807 0.98322847
v 0.42505098 -0.58741271 -0.34346610
v 0.38234111 -0.39098461 0.98622939
v 0.36375051 -0.37541807 0.98322847
v 0.39890050 -0.22679806 -0.55582152
v 0.39890050 -0.22690806 -0.55587153
v 0.39500051 -0.54712805 -0.41910152
v 0.39109050 -0.16049807 0.85825851
v 0.39500051 -0.16440806 0.86206850
v 0.39500051 -0.16049807 0.85825851
v 0.39109050 -0.16047805 0.85822847
v 0.37547051 -0.40268806 0.98318847
v 0.39307005 -0.34569924 0.97751394
v 0.38718050 -0.40268806 0.98318847
v 0.40281050 -0.37534806 0.98321845
v 0.40281050 -0.22679806 -0.55582152
v 0.37156050 -0.28549805 0.15517848
v 0.37547051 -0.28549805 0.15517848
v 0.42110121 -0.42191456 0.25680412
v 0.39500051 -0.43784806 0.26843848
v 0.39500051 -0.43777806 0.26838847
v 0.38819083 -0.56295803 0.35432848
v 0.35788550 -0.39487806 0.98645850
v 0.39500051 -0.40257806 0.98322847
v 0.35593050 -0.19174807 0.48330849
v 0.37547051 -0.28546807 0.15510847
v 0.37156050 -0.28546807 0.15510847
v 0.46140050 -0.60577807 0.80744847
v 0.46531050 -0.60580805 0.80739846
v 0.46531050 -0.60577807 0.80744847
v 0.37448925 -0.08627806 0.81124850
v 0.37937050 -0.08237806 0.79572847
v 0.38328051 -0.08237806 0.79572847
v 0.38328051 -0.22679806 -0.55582152
v 0.38718050 -0.28549805 0.15517848
v 0.39109050 -0.28549805 0.15517848
v 0.40281050 -0.16440806 0.86206850
v 0.40672051 -0.16446806 0.86213847
v 0.40672051 -0.16440806 0.86206850
v 0.39500051 -0.57460806 0.86213847
v 0.37156050 -0.11752806 0.15125847
v 0.37547051 -0.11752806 0.15125847
v 0.40672051 -0.55893806 0.24501847
v 0.36765050 -0.19174807 0.48330849
v 0.43406050 -0.54721805 -0.41902153
v 0.43797051 -0.54721805 -0.41902153
v 0.40281050 -0.59018806 0.83479848
v 0.39500051 -0.28549805 0.15517848
v 0.37937050 -0.22690806 -0.55587153
v 0.37547051 -0.22679806 -0.55582152
v 0.37937050 -0.28549805 0.15517848
v 0.35984050 -0.22690806 -0.55587153
v 0.37547051 -0.19174807 0.48330849
v 0.37547051 -0.19161805 0.48322847
v 0.37547051 -0.22690806 -0.55587153
v 0.37937050 -0.22679806 -0.55582152
v 0.39890050 -0.19161805 0.48322847
v 0.40281050 -0.19174807 0.48330849
v 0.40281050 -0.19161805 0.48322847
v 0.35203051 -0.19174807 0.48330849
v 0.35203051 -0.19161805 0.48322847
v 0.37156050 -0.11748806 0.15119848
v 0.45750051 -0.60577807 0.80744847
v 0.39500051 -0.16446806 0.86213847
v 0.39109050 -0.16446806 0.86213847
v 0.39109050 -0.16440806 0.86206850
v 0.36765050 -0.17612806 0.54182847
v 0.37156050 -0.17612806 0.54182847
v 0.36765050 -0.17612806 0.54183849
v 0.35984050 -0.17612806 0.54182847
v 0.36375051 -0.17612806 0.54182847
v 0.35984050 -0.17612806 0.54183849
v 0.38328051 -0.40257806 0.98322847
v 0.37547051 -0.16446806 0.86213847
v 0.37156050 -0.16446806 0.86213847
v 0.45750051 -0.16440806 0.86206850
v 0.36375051 -0.11755806 0.15119848
v 0.38328051 -0.19161805 0.48322847
v 0.38718050 -0.19174807 0.48330849
v 0.38718050 -0.19161805 0.48322847
v 0.36375051 -0.17612806 0.54183849
v 0.39500051 -0.49643806 -0.46208153
v 0.57078051 -0.60582808 -0.29019151
v 0.56687050 -0.60582808 -0.29019151
v 0.37156050 -0.16047805 0.85822847
v 0.32279590 -0.13139513 0.12689076
v 0.37937050 -0.19174807 0.48330849
v 0.37937050 -0.19161805 0.48322847
v 0.37156050 -0.09017806 0.05744848
v 0.38767300 -0.23080806 -0.55630151
v 0.35984050 -0.11752806 0.15125847
v 0.36375051 -0.19174807 0.48330849
v 0.39109050 -0.19174807 0.48330849
v 0.36765050 -0.16440806 0.86206850
v 0.35203051 -0.17612806 0.54183849
v 0.35203051 -0.17612806 0.54182847
v 0.35593050 -0.17612806 0.54182847
v 0.40281050 -0.17612806 0.54183849
v 0.40281050 -0.17612806 0.54182847
v 0.40672051 -0.17612806 0.54182847
v 0.35203051 -0.16047805 0.85822847
v 0.35593050 -0.16049807 0.85825851
v 0.34812050 -0.16049807 0.85825851
v 0.34812050 -0.16047805 0.85822847
v 0.34422051 -0.17612806 0.54182847
v 0.36375051 -0.11752806 0.15125847
v 0.37547051 -0.17612806 0.54182847
v 0.37156050 -0.17612806 0.54183849
v 0.59031050 -0.60355803 0.81135847
v 0.35984050 -0.16440806 0.86206850
v 0.37547051 -0.16440806 0.86206850
v 0.38718050 -0.16047805 0.85822847
v 0.37547051 -0.09018806 0.05749848
v 0.35203051 0.02307194 -0.13785152
v 0.35203051 0.02308194 -0.13792152
v 0.35984050 -0.11748806 0.15119848
v 0.42280342 -0.44356009 0.27238857
v 0.36375051 -0.11748806 0.15119848
v 0.37547051 -0.17612806 0.54183849
v 0.39109050 -0.19161805 0.48322847
v 0.36765050 -0.09017806 0.05744848
v 0.35593050 -0.17612806 0.54183849
v 0.34812050 -0.17612806 0.54182847
v 0.34812050 -0.16446806 0.86213847
v 0.35203051 -0.16049807 0.85825851
v 0.35984050 -0.08237806 0.79572847
v 0.36375051 -0.08237806 0.79569848
v 0.36375051 -0.08237806 0.79572847
v 0.42183649 -0.19057135 -0.53798493
v 0.48093050 -0.37541807 0.98322847
v 0.47703051 -0.37534806 0.98321845
v 0.47703051 -0.37541807 0.98322847
v 0.35984050 -0.16446806 0.86213847
v 0.37547051 -0.16049807 0.85825851
v 0.39500051 0.02308194 -0.13792152
v 0.39109050 0.02308194 -0.13792152
v 0.39500051 0.02307194 -0.13785152
v 0.30881550 -0.08826806 0.81916847
v 0.35593050 -0.08237806 0.79572847
v 0.36375051 -0.16446806 0.86213847
v 0.36375051 -0.16440806 0.86206850
v 0.36765050 -0.16446806 0.86213847
v 0.37547051 -0.16047805 0.85822847
v 0.45750051 -0.48722807 -0.46988151
v 0.37937050 0.02307194 -0.13785152
v 0.38328051 -0.17612806 0.54183849
v 0.36375051 -0.09017806 0.05744848
v 0.25033565 -0.08793355 0.25791934
v 0.42625051 -0.19161805 0.48322847
v 0.43015050 -0.19161805 0.48322847
v 0.34812050 -0.08237806 0.79572847
v 0.37156050 -0.08237806 0.79572847
v 0.37547051 -0.08237806 0.79569848
v 0.37547051 -0.08237806 0.79572847
v 0.36383741 0.01182147 -0.08692008
v 0.40672051 -0.40268806 0.98318847
v 0.41062050 -0.40268806 0.98318847
v 0.40672051 -0.40257806 0.98322847
v 0.39283156 -0.19565393 0.48491677
v 0.38574895 -0.11328802 0.14014552
v 0.41062050 -0.11748806 0.15119848
v 0.39890050 -0.17612806 0.54182847
v 0.41453051 -0.16047805 0.85822847
v 0.41843050 -0.16049807 0.85825851
v 0.41843050 -0.16047805 0.85822847
v 0.39890050 -0.49644807 -0.46207152
v 0.39890050 -0.49643806 -0.46208153
v 0.37937050 -0.17612806 0.54183849
v 0.37937050 -0.17612806 0.54182847
v 0.55266143 -0.45521392 -0.49702780
v 0.37547051 0.02307194 -0.13785152
v 0.40281050 -0.11755806 0.15119848
v 0.39890050 -0.11752806 0.15125847
v 0.40281050 -0.11752806 0.15125847
v 0.41843050 0.02307194 -0.13785152
v 0.41453051 0.02307194 -0.13785152
v 0.41453051 0.02308194 -0.13792152
v 0.46139633 -0.27813407 0.14078006
v 0.43015050 -0.28546807 0.15510847
v 0.37547051 -0.11748806 0.15119848
v 0.37937050 -0.11752806 0.15125847
v 0.36765050 -0.08237806 0.79569848
v 0.36765050 -0.08237806 0.79572847
v 0.35984050 -0.08237806 0.79569848
v 0.37156050 -0.08237806 0.79569848
v 0.42234050 -0.22690806 -0.55587153
v 0.41843050 -0.22679806 -0.55582152
v 0.42234050 -0.22679806 -0.55582152
v 0.41453051 -0.17612806 0.54183849
v 0.41062050 -0.17612806 0.54183849
v 0.36765050 -0.11748806 0.15119848
v 0.41454080 -0.43046937 0.97143801
v 0.38718050 -0.11748806 0.15119848
v 0.39500051 -0.09018806 0.05749848
v 0.39109050 -0.09017806 0.05744848
v 0.46531050 -0.19174807 0.48330849
v 0.43210675 -0.56286055 0.35444847
v 0.39500051 -0.59018806 0.83479848
v 0.39109050 -0.60580805 -0.29024152
v 0.38132550 0.01528694 -0.10261652
v 0.38328051 -0.59018806 0.83480849
v 0.38718050 -0.59018806 0.83480849
v 0.41062050 -0.51341805 0.93635847
v 0.46922051 -0.57460806 0.86213847
v 0.46922051 -0.57455805 0.86220851
v 0.46531050 -0.57455805 0.86220851
v 0.38718050 0.06996194 0.01057848
v 0.42268052 -0.01596806 0.80354848
v 0.42234050 -0.01596806 0.80371847
v 0.41062050 -0.55902806 0.24494848
v 0.43015050 -0.60580805 -0.29024152
v 0.43015050 -0.60582808 -0.29019151
v 0.42625051 -0.60580805 -0.29024152
v 0.41062050 -0.55893806 0.24501847
v 0.43797051 -0.40257806 0.98322847
v 0.43797051 -0.40268806 0.98318847
v 0.44187050 -0.40268806 0.98318847
v 0.42099894 -0.56313306 0.24001348
v 0.42699212 -0.02238126 0.82310149
v 0.47703051 -0.22690806 -0.55587153
v 0.47312050 -0.22690806 -0.55587153
v 0.47312050 -0.22679806 -0.55582152
v 0.37937050 -0.09018806 0.05749848
v 0.54343050 -0.16440806 0.86206850
v 0.54734050 -0.16446806 0.86213847
v 0.54734050 -0.16440806 0.86206850
v 0.41453051 -0.49643806 -0.46208153
v 0.41453051 -0.49644807 -0.46207152
v 0.41843050 -0.49644807 -0.46207152
v 0.51218050 -0.59018806 0.83479848
v 0.51609050 -0.59018806 0.83479848
v 0.51218050 -0.59018806 0.83480849
v 0.46531050 -0.17612806 0.54182847
v 0.46922051 -0.17612806 0.54182847
v 0.46531050 -0.17612806 0.54183849
v 0.40672051 -0.09017806 0.05744848
v 0.40281050 -0.09017806 0.05744848
v 0.40250767 -0.12831743 0.13111452
v 0.58012436 -0.09686325 0.39215524
v 0.45750051 -0.57460806 0.86213847
v 0.44260300 -0.15259806 0.85052346
v 0.43015050 -0.59018806 0.83479848
v 0.42625051 -0.59018806 0.83479848
v 0.46140050 -0.17612806 0.54183849
v 0.44968050 -0.49644807 -0.46207152
v 0.44968050 -0.49643806 -0.46208153
v 0.45359050 -0.49644807 -0.46207152
v 0.42625051 -0.60582808 -0.29019151
v 0.42234050 -0.60582808 -0.29019151
v 0.41843050 -0.09017806 0.05744848
v 0.56297051 -0.14096805 0.24880848
v 0.56297051 -0.14097807 0.24885847
v 0.43406050 -0.55902806 0.24494848
v 0.42234050 -0.57455805 0.86220851
v 0.42234050 -0.57460806 0.86213847
v 0.42625051 -0.57460806 0.86213847
v 0.48093050 -0.57460806 0.86213847
v 0.48484050 -0.57460806 0.86213847
v 0.48093050 -0.57455805 0.86220851
v 0.45163800 -0.11548806 0.14729848
v 0.39890050 0.02308194 -0.13792152
v 0.40281050 0.02308194 -0.13792152
v 0.37368241 -0.56330899 0.32227166
v 0.55138380 -0.56381484 -0.21099798
v 0.56297051 -0.56284806 -0.21207152
v 0.55906050 -0.56283805 -0.21207152
v 0.43797051 -0.55902806 0.24494848
v 0.43797051 -0.55893806 0.24501847
v 0.43406050 -0.55893806 0.24501847
v 0.40281050 -0.22690806 -0.55587153
v 0.45359050 -0.49643806 -0.46208153
v 0.45750051 -0.49643806 -0.46208153
v 0.45750051 -0.49644807 -0.46207152
v 0.44187050 -0.11748806 0.15119848
v 0.41453051 -0.55902806 0.24494848
v 0.55515050 -0.60580805 -0.29024152
v 0.55906050 -0.60580805 -0.29024152
v 0.42625051 -0.60580805 0.80739846
v 0.43015050 -0.60580805 0.80739846
v 0.50047051 -0.16440806 0.86206850
v 0.49656050 -0.16440806 0.86206850
v 0.50047051 -0.16446806 0.86213847
v 0.46140050 -0.28549805 0.15517848
v 0.45750051 -0.28546807 0.15510847
v 0.46140050 -0.28546807 0.15510847
v 0.56610301 -0.56492483 -0.10603065
v 0.42234050 -0.54712805 -0.41910152
v 0.54939450 -0.48494095 0.29193980
v 0.43015050 -0.59018806 0.83480849
v 0.43406050 -0.59018806 0.83479848
v 0.44968050 -0.59018806 0.83480849
v 0.45359050 -0.59018806 0.83480849
v 0.44968050 -0.60577807 0.80744847
v 0.45359050 -0.60580805 0.80739846
v 0.45359050 -0.60577807 0.80744847
v 0.42829958 -0.56665007 -0.40244180
v 0.46531050 -0.28549805 0.15517848
v 0.46531050 -0.28546807 0.15510847
v 0.46922051 -0.28549805 0.15517848
v 0.43406050 -0.09017806 0.05744848
v 0.43797051 -0.09017806 0.05744848
v 0.43797051 -0.09018806 0.05749848
v 0.38718050 -0.11752806 0.15125847
v 0.43765501 -0.56707280 -0.40202640
v 0.44187050 -0.11755806 0.15119848
v 0.46531050 -0.37541807 0.98322847
v 0.39109050 0.02307194 -0.13785152
v 0.45359050 -0.11755806 0.15119848
v 0.45359050 -0.11752806 0.15125847
v 0.45750051 -0.11755806 0.15119848
v 0.40281050 0.02307194 -0.13785152
v 0.39890050 0.02307194 -0.13785152
v 0.42625051 -0.57455805 0.86220851
v 0.38328051 -0.08237806 0.79569848
v 0.38718050 -0.08237806 0.79569848
v 0.39109050 -0.11755806 0.15119848
v 0.42625051 -0.09017806 0.05744848
v 0.43015050 -0.09018806 0.05749848
v 0.42625051 -0.09018806 0.05749848
v 0.48875051 -0.55893806 0.24501847
v 0.49265050 -0.55902806 0.24494848
v 0.49265050 -0.55893806 0.24501847
v 0.39500051 -0.19174807 0.48330849
v 0.39500051 -0.19161805 0.48322847
v 0.54343050 -0.37534806 0.98321845
v 0.54734050 -0.37534806 0.98321845
v 0.37937050 -0.08237806 0.79569848
v 0.40672051 -0.19161805 0.48322847
v 0.41062050 -0.19161805 0.48322847
v 0.38718050 -0.17612806 0.54182847
v 0.38718050 -0.17612806 0.54183849
v 0.38328051 -0.11755806 0.15119848
v 0.39450925 -0.11548806 0.14729848
v 0.39500051 -0.17612806 0.54183849
v 0.39500051 -0.17612806 0.54182847
v 0.43015050 -0.11755806 0.15119848
v 0.43406050 -0.11755806 0.15119848
v 0.39109050 -0.17612806 0.54183849
v 0.44187050 -0.22679806 -0.55582152
v 0.44578051 -0.22679806 -0.55582152
v 0.39890050 -0.09017806 0.05744848
v 0.38718050 -0.16446806 0.86213847
v 0.38718050 -0.16440806 0.86206850
v 0.39890050 -0.11748806 0.15119848
v 0.39500051 -0.11748806 0.15119848
v 0.38718050 0.02308194 -0.13792152
v 0.39890050 -0.16047805 0.85822847
v 0.39890050 -0.11755806 0.15119848
v 0.42723840 -0.07946053 0.82898138
v 0.41843050 -0.55902806 0.24494848
v 0.37937050 -0.11755806 0.15119848
v 0.40672051 -0.54721805 -0.41902153
v 0.40672051 -0.54712805 -0.41910152
v 0.41062050 -0.54721805 -0.41902153
v 0.44187050 0.02308194 -0.13792152
v 0.44187050 0.02307194 -0.13785152
v 0.52390425 -0.11598806 0.14827348
v 0.52390050 -0.11752806 0.15125847
v 0.52000051 -0.11752806 0.15125847
v 0.39890050 -0.17612806 0.54183849
v 0.41453051 -0.01984806 0.81916847
v 0.41843050 -0.01987806 0.81924846
v 0.39500051 -0.55893806 0.24501847
v 0.38718050 -0.16049807 0.85825851
v 0.40281050 -0.16047805 0.85822847
v 0.40672051 -0.16047805 0.85822847
v 0.50828051 -0.09017806 0.05744848
v 0.41453051 -0.22679806 -0.55582152
v 0.40672051 -0.19174807 0.48330849
v 0.39282124 -0.17230206 0.47318396
v 0.55125051 -0.60580805 -0.29024152
v 0.55515050 -0.60582808 -0.29019151
v 0.55125051 -0.60582808 -0.29019151
v 0.39890050 -0.19174807 0.48330849
v 0.40888446 -0.27497997 0.13481183
v 0.48875051 -0.09017806 0.05744848
v 0.48484050 -0.09017806 0.05744848
v 0.42282836 -0.61319859 -0.26887789
v 0.43406050 -0.60582808 -0.29019151
v 0.43797051 -0.60582808 -0.29019151
v 0.44187050 -0.54721805 -0.41902153
v 0.44578051 -0.54721805 -0.41902153
v 0.41062050 -0.50418809 0.94026848
v 0.41062050 -0.50424805 0.94023850
v 0.38303457 -0.44271118 0.27178223
v 0.39890050 -0.54721805 -0.41902153
v 0.39890050 -0.54712805 -0.41910152
v 0.39890050 -0.55902806 0.24494848
v 0.38328051 -0.19174807 0.48330849
v 0.36227758 -0.55139501 0.25526839
v 0.39109050 -0.55902806 0.24494848
v 0.38328051 -0.55902806 0.24494848
v 0.44187050 -0.09017806 0.05744848
v 0.43406050 -0.60580805 -0.29024152
v 0.37937050 -0.60577807 0.80744847
v 0.39890050 -0.43777806 0.26838847
v 0.37937050 -0.28546807 0.15510847
v 0.38328051 -0.28549805 0.15517848
v 0.41062050 -0.54712805 -0.41910152
v 0.39500051 -0.16047805 0.85822847
v 0.53562050 -0.16446806 0.86213847
v 0.38718050 -0.28546807 0.15510847
v 0.39109050 -0.28546807 0.15510847
v 0.40281050 -0.28546807 0.15510847
v 0.40672051 -0.28549805 0.15517848
v 0.55515050 -0.16446806 0.86213847
v 0.57519277 -0.17219119 0.86968023
v 0.38328051 -0.17612806 0.54182847
v 0.40672051 -0.28546807 0.15510847
v 0.60985052 -0.57065806 -0.18473152
v 0.46922051 0.02307194 -0.13785152
v 0.46922051 0.02308194 -0.13792152
v 0.46531050 0.02308194 -0.13792152
v 0.48484050 -0.11752806 0.15125847
v 0.48093050 -0.11752806 0.15125847
v 0.39109050 -0.54712805 -0.41910152
v 0.39109050 -0.57460806 0.86213847
v 0.40281050 -0.54712805 -0.41910152
v 0.39500051 -0.60577807 0.80744847
v 0.40672051 -0.37534806 0.98321845
v 0.40672051 -0.37541807 0.98322847
v 0.41062050 -0.37541807 0.98322847
v 0.39500051 -0.54721805 -0.41902153
v 0.25487315 -0.62572534 -0.11933598
v 0.37937050 -0.50418809 0.94026848
v 0.38718050 -0.49644807 -0.46207152
v 0.38718050 -0.49643806 -0.46208153
v 0.39109050 -0.49644807 -0.46207152
v 0.38328051 -0.60582808 -0.29019151
v 0.55128049 -0.48862806 -0.00113152
v 0.38328051 -0.59018806 0.83479848
v 0.41453051 -0.50424805 -0.45545153
v 0.39109050 -0.59018806 0.83480849
v 0.40672051 -0.60580805 -0.29024152
v 0.40281050 -0.54721805 -0.41902153
v 0.42625051 -0.43784806 0.26843848
v 0.42625051 -0.60355803 0.81135847
v 0.43015050 -0.60577807 0.80744847
v 0.39500051 -0.60582808 -0.29019151
v 0.39344012 -0.55094204 0.25578640
v 0.40672051 -0.50424805 -0.45545153
v 0.41453051 -0.57455805 0.86220851
v 0.41843050 -0.57460806 0.86213847
v 0.41843050 -0.57455805 0.86220851
v 0.43406050 -0.54712805 -0.41910152
v 0.40281050 -0.50418809 0.94026848
v 0.40672051 -0.50424805 0.94023850
v 0.51609050 -0.54712805 -0.41910152
v 0.52000051 -0.54712805 -0.41910152
v 0.56687050 -0.59018806 0.83479848
v 0.56297051 -0.59018806 0.83479848
v 0.41453051 -0.54712805 -0.41910152
v 0.38328051 -0.49643806 -0.46208153
v 0.37937050 -0.48862806 -0.46870152
v 0.38718050 -0.55902806 0.24494848
v 0.60984050 -0.56672808 0.37776848
v 0.60985052 -0.56674805 0.37385847
v 0.60984050 -0.56672808 0.37385847
v 0.40281050 -0.40257806 0.98322847
v 0.42234050 -0.43777806 0.26838847
v 0.39500051 -0.49644807 -0.46207152
v 0.43015050 -0.57460806 0.86213847
v 0.43406050 -0.57460806 0.86213847
v 0.43015050 -0.57455805 0.86220851
v 0.38718050 -0.40257806 0.98322847
v 0.39109050 -0.40257806 0.98322847
v 0.43797051 -0.54712805 -0.41910152
v 0.42625051 -0.60577807 0.80744847
v 0.41843050 -0.59018806 0.83480849
v 0.37937050 -0.50424805 0.94023850
v 0.50047051 -0.59018806 0.83479848
v 0.50437050 -0.59018806 0.83479848
v 0.41843050 -0.55893806 0.24501847
v 0.42234050 -0.55902806 0.24494848
v 0.42234050 -0.55893806 0.24501847
v 0.37547051 -0.49643806 -0.46208153
v 0.41452800 -0.56276306 0.35456847
v 0.42625051 -0.55902806 0.24494848
v 0.44164123 -0.56812653 0.87349383
v 0.41453051 -0.50815806 0.93858846
v 0.38088092 -0.54483405 0.91437004
v 0.38230301 -0.43009305 0.97159349
v 0.42625051 -0.49644807 -0.46207152
v 0.42625051 -0.49643806 -0.46208153
v 0.43015050 -0.49644807 -0.46207152
v 0.49656050 -0.37541807 0.98322847
v 0.49265050 -0.37534806 0.98321845
v 0.49265050 -0.37541807 0.98322847
v 0.59422051 -0.56284806 -0.21207152
v 0.39500051 -0.50418809 0.94026848
v 0.43406050 -0.48722807 -0.46988151
v 0.42234050 -0.09017806 0.05744848
v 0.42234050 -0.50034806 -0.45877154
v 0.41843050 -0.49643806 -0.46208153
v 0.60900622 -0.61077323 -0.27317445
v 0.45750051 -0.60582808 -0.29019151
v 0.46140050 -0.60582808 -0.29019151
v 0.45750051 -0.60580805 -0.29024152
v 0.51609050 -0.60582808 -0.29019151
v 0.41387867 -0.43025021 0.97153128
v 0.40281050 -0.43777806 0.26838847
v 0.45750051 -0.22690806 -0.55587153
v 0.45359050 -0.22679806 -0.55582152
v 0.45750051 -0.22679806 -0.55582152
v 0.39109050 -0.43784806 0.26843848
v 0.43015050 -0.50424805 -0.45545153
v 0.43144440 -0.50975175 -0.45078967
v 0.41787612 -0.48119942 -0.47499696
v 0.37937050 -0.43028805 0.97151848
v 0.53061031 -0.37523655 0.98320210
v 0.53562050 -0.37534806 0.98321845
v 0.43192696 -0.44636247 0.96471935
v 0.41453051 -0.43784806 0.26843848
v 0.48484050 -0.50424805 -0.45545153
v 0.37937050 -0.40257806 0.98322847
v 0.43406050 -0.40257806 0.98322847
v 0.40672051 -0.43784806 0.26843848
v 0.41062050 -0.43784806 0.26843848
v 0.45750051 -0.56295803 0.35432847
v 0.40672051 -0.43777806 0.26838847
v 0.39109050 -0.17612806 0.54182847
v 0.39109050 -0.37541807 0.98322847
v 0.38718050 -0.37534806 0.98321845
v 0.39109050 -0.37534806 0.98321845
v 0.51218050 -0.37534806 0.98321845
v 0.50828051 -0.37534806 0.98321845
v 0.41062050 -0.40257806 0.98322847
v 0.41453051 -0.40268806 0.98318847
v 0.41453051 -0.40257806 0.98322847
v 0.38523238 -0.39487806 0.98645850
v 0.43015050 -0.43784806 0.26843848
v 0.42625051 -0.43777806 0.26838847
v 0.38328051 -0.28546807 0.15510847
v 0.49265050 -0.60582808 -0.29019151
v 0.49656050 -0.60582808 -0.29019151
v 0.39890050 -0.40268806 0.98318847
v 0.42234050 -0.60580805 0.80739846
v 0.38328051 -0.40268806 0.98318847
v 0.38328051 -0.16440806 0.86206850
v 0.37937050 -0.16440806 0.86206850
v 0.38328051 -0.16446806 0.86213847
v 0.41453104 -0.41647397 0.97735551
v 0.40281050 -0.40268806 0.98318847
v 0.38718050 -0.37541807 0.98322847
v 0.45750051 -0.28549805 0.15517848
v 0.41062050 -0.43777806 0.26838847
v 0.44382550 -0.56276306 0.35456847
v 0.43406050 -0.28546807 0.15510847
v 0.40378801 -0.23080806 -0.55630151
v 0.51609050 -0.37534806 0.98321845
v 0.52000051 -0.37534806 0.98321845
v 0.37937050 -0.40268806 0.98318847
v 0.42234050 -0.40257806 0.98322847
v 0.42625051 -0.40257806 0.98322847
v 0.37753955 -0.29185742 0.17156312
v 0.39890050 -0.16440806 0.86206850
v 0.40281050 -0.16446806 0.86213847
v 0.43015050 -0.22679806 -0.55582152
v 0.42625051 -0.22679806 -0.55582152
v 0.48093050 -0.49644807 -0.46207152
v 0.47703051 -0.49643806 -0.46208153
v 0.48093050 -0.49643806 -0.46208153
v 0.41062050 -0.22679806 -0.55582152
v 0.40672051 -0.22679806 -0.55582152
v 0.48878761 -0.50420605 0.94025847
v 0.41453051 -0.28549805 0.15517848
v 0.41843050 -0.28549805 0.15517848
v 0.43406050 -0.28549805 0.15517848
v 0.43797051 -0.28549805 0.15517848
v 0.25113452 -0.19350847 0.58862778
v 0.52390050 -0.37534806 0.98321845
v 0.43797051 -0.28546807 0.15510847
v 0.40672051 -0.22690806 -0.55587153
v 0.41062050 -0.19174807 0.48330849
v 0.41453051 -0.19174807 0.48330849
v 0.41062050 -0.22690806 -0.55587153
v 0.42625051 -0.28549805 0.15517848
v 0.43015050 -0.28549805 0.15517848
v 0.39890050 -0.16049807 0.85825851
v 0.40281050 -0.16049807 0.85825851
v 0.42234050 -0.28546807 0.15510847
v 0.41453051 -0.17612806 0.54182847
v 0.42234050 -0.49644807 -0.46207152
v 0.44187050 -0.40257806 0.98322847
v 0.44578051 -0.40268806 0.98318847
v 0.44578051 -0.40257806 0.98322847
v 0.41453051 -0.22690806 -0.55587153
v 0.41843050 -0.22690806 -0.55587153
v 0.38718050 -0.11755806 0.15119848
v 0.44578051 -0.22690806 -0.55587153
v 0.44013664 -0.10849218 0.12285604
v 0.37937050 -0.16049807 0.85825851
v 0.44187050 -0.55893806 0.24501847
v 0.40672051 -0.17612806 0.54183849
v 0.42523346 -0.23080280 -0.55630092
v 0.38328051 -0.16049807 0.85825851
v 0.42757059 -0.00740185 0.76750335
v 0.37937050 -0.16047805 0.85822847
v 0.39890050 -0.16446806 0.86213847
v 0.40672051 -0.16049807 0.85825851
v 0.38718050 -0.09018806 0.05749848
v 0.38718050 -0.09017806 0.05744848
v 0.39109050 -0.09018806 0.05749848
v 0.39890050 -0.09018806 0.05749848
v 0.46922051 -0.22690806 -0.55587153
v 0.46531050 -0.22690806 -0.55587153
v 0.46531050 -0.22679806 -0.55582152
v 0.43797051 -0.11755806 0.15119848
v 0.43797051 -0.11752806 0.15125847
v 0.50842235 -0.23080352 -0.55630101
v 0.49265050 -0.22690806 -0.55587153
v 0.49656050 -0.22690806 -0.55587153
v 0.49265050 -0.22679806 -0.55582152
v 0.60985052 -0.56674805 0.62776848
v 0.60985052 -0.56674805 0.63166847
v 0.41843050 -0.09018806 0.05749848
v 0.41453051 -0.09018806 0.05749848
v 0.52000051 -0.37541807 0.98322847
v 0.51609050 -0.37541807 0.98322847
v 0.43797051 -0.43784806 0.26843848
v 0.44187050 -0.16049807 0.85825851
v 0.44187050 -0.16440806 0.86206850
v 0.44578051 -0.16440806 0.86206850
v 0.46140050 0.02308194 -0.13792152
v 0.46531050 0.02307194 -0.13785152
v 0.43015050 0.02307194 -0.13785152
v 0.42625051 0.02307194 -0.13785152
v 0.41453051 -0.55893806 0.24501847
v 0.24505612 -0.35201194 0.38594356
v 0.45852742 -0.55136191 0.25530899
v 0.41062050 0.02308194 -0.13792152
v 0.41062050 0.02307194 -0.13785152
v 0.47703051 -0.09017806 0.05744848
v 0.42234050 -0.11755806 0.15119848
v 0.42625051 -0.11755806 0.15119848
v 0.42234050 -0.11748806 0.15119848
v 0.42234050 -0.11752806 0.15125847
v 0.43586385 0.08224731 0.26348163
v 0.41843050 -0.01984806 0.81916847
v 0.52000051 0.02307194 -0.13785152
v 0.51609050 0.02307194 -0.13785152
v 0.42234050 -0.17612806 0.54183849
v 0.49091045 -0.28090468 -0.54676845
v 0.40672051 0.02307194 -0.13785152
v 0.46531050 -0.37534806 0.98321845
v 0.46922051 -0.37541807 0.98322847
v 0.47312050 0.02307194 -0.13785152
v 0.40672051 0.02308194 -0.13792152
v 0.51609050 -0.22679806 -0.55582152
v 0.44578051 -0.16446806 0.86213847
v 0.46485760 -0.43013936 0.97157696
v 0.55515050 -0.16440806 0.86206850
v 0.55906050 -0.16440806 0.86206850
v 0.52781050 0.02307194 -0.13785152
v 0.53172051 0.02307194 -0.13785152
v 0.52781050 0.02308194 -0.13792152
v 0.51218050 -0.09017806 0.05744848
v 0.50437050 -0.17612806 0.54182847
v 0.50047051 -0.17612806 0.54183849
v 0.50047051 -0.17612806 0.54182847
v 0.44968050 -0.54721805 -0.41902153
v 0.45359050 -0.54721805 -0.41902153
v 0.52000051 -0.16446806 0.86213847
v 0.46531050 -0.40268806 0.98318847
v 0.46140050 -0.40268806 0.98318847
v 0.50437050 -0.51341805 0.93635847
v 0.45750051 -0.59018806 0.83479848
v 0.45359050 -0.59018806 0.83479848
v 0.44578051 -0.19161805 0.48322847
v 0.44968050 -0.19174807 0.48330849
v 0.44968050 -0.19161805 0.48322847
v 0.41843050 -0.59018806 0.83479848
v 0.42234050 -0.59018806 0.83479848
v 0.46531050 -0.11748806 0.15119848
v 0.46922051 -0.11752806 0.15125847
v 0.46531050 -0.11752806 0.15125847
v 0.45193050 -0.17219854 0.47307786
v 0.43015050 -0.09017806 0.05744848
v 0.55906050 -0.16446806 0.86213847
v 0.44578051 -0.17612806 0.54182847
v 0.47521102 -0.17372691 0.50478056
v 0.44968050 -0.17612806 0.54182847
v 0.41062050 -0.56295803 0.35432847
v 0.46140050 0.02307194 -0.13785152
v 0.45750051 0.02307194 -0.13785152
v 0.45750051 0.02308194 -0.13792152
v 0.56687050 -0.17612806 0.54182847
v 0.45359050 -0.55893806 0.24501847
v 0.45750051 -0.55902806 0.24494848
v 0.45750051 -0.55893806 0.24501847
v 0.46335392 -0.49427114 -0.46392105
v 0.56297051 -0.17612806 0.54183849
v 0.55906050 -0.17612806 0.54183849
v 0.42234050 -0.60580805 -0.29024152
v 0.45359050 -0.28549805 0.15517848
v 0.45359050 -0.28546807 0.15510847
v 0.47993176 -0.48539815 0.94820531
v 0.45359050 -0.11748806 0.15119848
v 0.45750051 -0.11748806 0.15119848
v 0.45750051 -0.11752806 0.15125847
v 0.55125051 -0.60580805 0.80739846
v 0.54734050 -0.60580805 0.80739846
v 0.55541962 -0.61343909 0.79378467
v 0.44968050 -0.11748806 0.15119848
v 0.41453051 -0.60580805 0.80739846
v 0.44968050 -0.11752806 0.15125847
v 0.44578051 -0.11748806 0.15119848
v 0.60984982 -0.62535143 -0.18869397
v 0.60984050 -0.62536809 -0.18473152
v 0.46201515 -0.09574974 0.07735863
v 0.54964534 -0.17219311 0.47296180
v 0.43406050 -0.60577807 0.80744847
v 0.50828051 -0.60582808 -0.29019151
v 0.50437050 -0.60580805 -0.29024152
v 0.50828051 -0.60580805 -0.29024152
v 0.44968050 -0.11755806 0.15119848
v 0.41843050 -0.60580805 0.80739846
v 0.60597049 -0.56284806 0.36604848
v 0.60984050 -0.56672808 0.36994847
v 0.60984050 -0.56672808 0.36604848
v 0.45359050 -0.55902806 0.24494848
v 0.52390050 0.02308194 -0.13792152
v 0.53172051 -0.49643806 -0.46208153
v 0.53172051 -0.49644807 -0.46207152
v 0.52781050 -0.49643806 -0.46208153
v 0.50846054 -0.56331812 0.32168003
v 0.60984050 -0.57063809 0.02619848
v 0.60984050 -0.57063809 0.03010848
v 0.60985052 -0.57065806 0.02619848
v 0.50437050 -0.11565940 0.14801967
v 0.49265050 -0.11752806 0.15125847
v 0.42234050 -0.59018806 0.83480849
v 0.55807677 0.03087542 -0.17318390
v 0.41062050 -0.60577807 0.80744847
v 0.41453051 -0.60577807 0.80744847
v 0.44187050 -0.56295803 0.35432847
v 0.46140050 -0.60580805 -0.29024152
v 0.46531050 -0.60580805 -0.29024152
v 0.46531050 -0.60582808 -0.29019151
v 0.43406050 -0.59018806 0.83480849
v 0.50256886 -0.58341432 0.84668126
v 0.60922526 -0.01675899 0.04156342
v 0.42625051 -0.59018806 0.83480849
v 0.54734050 -0.60580805 -0.29024152
v 0.41843050 -0.60582808 -0.29019151
v 0.41453051 -0.60580805 -0.29024152
v 0.41843050 -0.60580805 -0.29024152
v 0.57078051 -0.56284806 -0.21207152
v 0.41843050 -0.60577807 0.80744847
v 0.42234050 -0.60577807 0.80744847
v 0.47703051 -0.60580805 -0.29024152
v 0.41453051 -0.50418809 0.94026848
v 0.50437050 -0.57455805 0.86220851
v 0.50828051 -0.57460806 0.86213847
v 0.50828051 -0.57455805 0.86220851
v 0.43797051 -0.60580805 0.80739846
v 0.43797051 -0.60577807 0.80744847
v 0.44187050 -0.60580805 0.80739846
v 0.50828051 -0.60577807 0.80744847
v 0.50828051 -0.60580805 0.80739846
v 0.51218050 -0.60580805 0.80739846
v 0.43406050 -0.60580805 0.80739846
v 0.41062050 -0.57455805 0.86220851
v 0.41673556 -0.61354047 0.79347578
v 0.54734050 -0.57460806 0.86213847
v 0.54343050 -0.57460806 0.86213847
v 0.46531050 -0.54712805 -0.41910152
v 0.46922051 -0.54712805 -0.41910152
v 0.45750051 -0.57455805 0.86220851
v 0.52390050 -0.60580805 -0.29024152
v 0.52390050 -0.60582808 -0.29019151
v 0.52000051 -0.60580805 -0.29024152
v 0.44187050 -0.49644807 -0.46207152
v 0.44187050 -0.49643806 -0.46208153
v 0.44578051 -0.49644807 -0.46207152
v 0.60984050 -0.57062808 0.14338847
v 0.60984050 -0.57062808 0.14729848
v 0.48875051 -0.60580805 -0.29024152
v 0.49265050 -0.60580805 -0.29024152
v 0.52000051 -0.60582808 -0.29019151
v 0.51609050 -0.60580805 -0.29024152
v 0.44578051 -0.55893806 0.24501847
v 0.48484050 -0.60580805 -0.29024152
v 0.48875051 -0.60582808 -0.29019151
v 0.55098933 -0.48625273 0.00223540
v 0.41453051 -0.43777806 0.26838847
v 0.41453051 -0.57460806 0.86213847
v 0.43928468 -0.58381245 0.84598345
v 0.52000051 -0.57460806 0.86213847
v 0.43015050 -0.43777806 0.26838847
v 0.43406050 -0.43784806 0.26843848
v 0.43406050 -0.43777806 0.26838847
v 0.50047051 -0.57455805 0.86220851
v 0.50437050 -0.57460806 0.86213847
v 0.41453051 -0.50424805 0.94023850
v 0.41453051 -0.59018806 0.83480849
v 0.41453051 -0.59018806 0.83479848
v 0.41062050 -0.59018806 0.83479848
v 0.41062050 -0.59018806 0.83480849
v 0.40672051 -0.59018806 0.83479848
v 0.40672051 -0.59018806 0.83480849
v 0.49656050 -0.59018806 0.83479848
v 0.49265050 -0.59018806 0.83479848
v 0.41843050 -0.50424805 0.94023850
v 0.44187050 -0.43784806 0.26843848
v 0.44578051 -0.43784806 0.26843848
v 0.54734050 -0.50424805 -0.45545153
v 0.55865542 -0.51712380 -0.44453966
v 0.42234050 -0.49643806 -0.46208153
v 0.55320050 -0.44571306 -0.50508652
v 0.41062050 -0.49643806 -0.46208153
v 0.41062050 -0.49183807 -0.46598152
v 0.46861084 -0.61375266 0.79299439
v 0.44187050 -0.60577807 0.80744847
v 0.44578051 -0.60577807 0.80744847
v 0.44968050 -0.60355803 0.81135847
v 0.43894300 -0.56276306 0.35456847
v 0.44968050 -0.59018806 0.83479848
v 0.56687050 -0.56284806 -0.21207152
v 0.49656050 -0.60580805 0.80739846
v 0.50047051 -0.60580805 0.80739846
v 0.49656050 -0.60577807 0.80744847
v 0.48875051 -0.59018806 0.83479848
v 0.48231637 -0.42996469 -0.51827759
v 0.41062050 -0.28546807 0.15510847
v 0.41453051 -0.28546807 0.15510847
v 0.44578051 -0.49643806 -0.46208153
v 0.57468050 -0.60577807 0.80744847
v 0.57078051 -0.60577807 0.80744847
v 0.42625051 -0.37534806 0.98321845
v 0.43015050 -0.37534806 0.98321845
v 0.57285214 -0.48142681 -0.47480297
v 0.44968050 -0.54712805 -0.41910152
v 0.45750051 -0.59018806 0.83480849
v 0.46140050 -0.59018806 0.83480849
v 0.46140050 -0.59018806 0.83479848
v 0.44578051 -0.50034806 -0.45877154
v 0.43797036 -0.49644937 -0.46207555
v 0.42228577 -0.50143555 -0.45783848
v 0.41453051 -0.48722807 -0.46988151
v 0.49656050 -0.57455805 0.86220851
v 0.49265050 -0.57455805 0.86220851
v 0.41843050 -0.50418809 0.94026848
v 0.54343050 -0.60580805 0.80739846
v 0.54343050 -0.60577807 0.80744847
v 0.42234050 -0.37534806 0.98321845
v 0.42625051 -0.37541807 0.98322847
v 0.53953051 -0.37541807 0.98322847
v 0.54343050 -0.37541807 0.98322847
v 0.41843050 -0.37541807 0.98322847
v 0.53953051 -0.60580805 0.80739846
v 0.57078051 -0.09018806 0.05749848
v 0.57468050 -0.09018806 0.05749848
v 0.45359050 -0.54712805 -0.41910152
v 0.60807485 -0.56676756 0.19356563
v 0.60984050 -0.57061806 0.19807847
v 0.48875051 -0.54712805 -0.41910152
v 0.49511524 -0.52357480 -0.43907500
v 0.43406050 -0.22690806 -0.55587153
v 0.43406050 -0.22679806 -0.55582152
v 0.42824317 -0.52204292 -0.44037108
v 0.54834848 -0.49685515 -0.00485956
v 0.50828051 -0.50424805 0.94023850
v 0.51218050 -0.50424805 0.94023850
v 0.50828051 -0.50418809 0.94026848
v 0.43015050 -0.37541807 0.98322847
v 0.52390050 -0.37541807 0.98322847
v 0.47703051 -0.50424805 -0.45545153
v 0.54734050 -0.49643806 -0.46208153
v 0.48875051 -0.50424805 0.94023850
v 0.49005813 -0.50438413 0.94017161
v 0.43406050 -0.37541807 0.98322847
v 0.42625051 -0.28546807 0.15510847
v 0.42625051 -0.22690806 -0.55587153
v 0.43797051 -0.43777806 0.26838847
v 0.42234050 -0.28549805 0.15517848
v 0.42625051 -0.43002805 0.97161849
v 0.51623305 -0.27431305 -0.54802658
v 0.41843050 -0.37534806 0.98321845
v 0.54734050 -0.57455805 0.86220851
v 0.55125051 -0.57460806 0.86213847
v 0.41843773 -0.43019387 0.97155529
v 0.46140050 -0.43784806 0.26843848
v 0.45750051 -0.43784806 0.26843848
v 0.43441586 -0.48994299 0.94628283
v 0.46531050 -0.50418809 0.94026848
v 0.46922051 -0.50418809 0.94026848
v 0.46922051 -0.50424805 0.94023850
v 0.42625051 -0.40268806 0.98318847
v 0.43015050 -0.40268806 0.98318847
v 0.42234050 -0.37541807 0.98322847
v 0.43406050 -0.40268806 0.98318847
v 0.47703051 -0.57460806 0.86213847
v 0.47703051 -0.57455805 0.86220851
v 0.47312050 -0.50424805 0.94023850
v 0.56687050 -0.44576806 -0.50504152
v 0.50437050 -0.50424805 0.94023850
v 0.50437050 -0.50418809 0.94026848
v 0.50047051 -0.50418809 0.94026848
v 0.49265050 -0.54712805 -0.41910152
v 0.43015050 -0.40257806 0.98322847
v 0.42234050 -0.43028805 0.97151848
v 0.50828051 -0.50815806 0.93858846
v 0.60985052 -0.57065806 0.00276848
v 0.60985052 -0.57065806 -0.00113152
v 0.60986417 -0.61538074 -0.24276566
v 0.46531050 -0.55902806 0.24494848
v 0.46922051 -0.55902806 0.24494848
v 0.46531050 -0.55893806 0.24501847
v 0.43797051 -0.22690806 -0.55587153
v 0.43797051 -0.22679806 -0.55582152
v 0.44187050 -0.22690806 -0.55587153
v 0.47646620 -0.56295761 0.35433030
v 0.47507550 -0.56284806 0.35480847
v 0.43406050 -0.37534806 0.98321845
v 0.60593050 -0.55507806 -0.23551152
v 0.60203051 -0.55502805 -0.23565152
v 0.59031050 -0.16440806 0.86206850
v 0.43649988 -0.39487806 0.98645850
v 0.40627231 -0.39377869 0.98669060
v 0.60984050 -0.56671807 0.56526848
v 0.60984050 -0.56670806 0.56135847
v 0.50047051 -0.50424805 0.94023850
v 0.49656050 -0.50418809 0.94026848
v 0.49656050 -0.50424805 0.94023850
v 0.48875051 -0.37534806 0.98321845
v 0.48875051 -0.37541807 0.98322847
v 0.47312050 -0.48862806 -0.46870152
v 0.44578051 -0.28549805 0.15517848
v 0.44187050 -0.28549805 0.15517848
v 0.42917550 -0.43015805 0.97156849
v 0.41453051 -0.19161805 0.48322847
v 0.46922051 -0.49643806 -0.46208153
v 0.47312050 -0.49643806 -0.46208153
v 0.47312050 -0.49644807 -0.46207152
v 0.43015050 -0.19174807 0.48330849
v 0.46922051 -0.37534806 0.98321845
v 0.46922051 -0.60582808 -0.29019151
v 0.41062050 -0.28549805 0.15517848
v 0.50437050 -0.37541807 0.98322847
v 0.50047051 -0.37541807 0.98322847
v 0.46922051 -0.28546807 0.15510847
v 0.47312050 -0.28549805 0.15517848
v 0.41843050 -0.28546807 0.15510847
v 0.46922051 -0.50034806 -0.45877154
v 0.45359050 -0.09017806 0.05744848
v 0.45359050 -0.09018806 0.05749848
v 0.44968050 -0.09017806 0.05744848
v 0.57078051 -0.57460806 0.86213847
v 0.56687050 -0.57460806 0.86213847
v 0.47312050 -0.54721805 -0.41902153
v 0.44968050 -0.43777806 0.26838847
v 0.45359050 -0.43777806 0.26838847
v 0.42234050 -0.09018806 0.05749848
v 0.41062050 -0.17612806 0.54182847
v 0.50401314 -0.27407586 -0.54807331
v 0.57859050 -0.60580805 0.80739846
v 0.57859050 -0.60577807 0.80744847
v 0.55125051 -0.60577807 0.80744847
v 0.55515050 -0.60580805 0.80739846
v 0.48093050 -0.22690806 -0.55587153
v 0.47703051 -0.22679806 -0.55582152
v 0.48093050 -0.22679806 -0.55582152
v 0.41843050 -0.19161805 0.48322847
v 0.50047051 -0.22690806 -0.55587153
v 0.49656050 -0.22679806 -0.55582152
v 0.42130346 -0.21902452 0.49030539
v 0.41843050 -0.19174807 0.48330849
v 0.42234050 -0.19174807 0.48330849
v 0.42234050 -0.19161805 0.48322847
v 0.42625051 -0.19174807 0.48330849
v 0.45359050 -0.22690806 -0.55587153
v 0.52000051 -0.57455805 0.86220851
v 0.43015050 -0.17612806 0.54183849
v 0.42625051 -0.17612806 0.54183849
v 0.52977680 -0.43025095 -0.51805544
v 0.48484050 -0.37541807 0.98322847
v 0.48093050 -0.37534806 0.98321845
v 0.42234050 -0.17612806 0.54182847
v 0.42625051 -0.17612806 0.54182847
v 0.54734050 -0.37541807 0.98322847
v 0.41453051 -0.16446806 0.86213847
v 0.41062050 -0.16446806 0.86213847
v 0.41062050 -0.16440806 0.86206850
v 0.43797051 -0.16047805 0.85822847
v 0.44187050 -0.16047805 0.85822847
v 0.51218050 -0.37541807 0.98322847
v 0.50828051 -0.37541807 0.98322847
v 0.45088660 -0.23081840 -0.55630251
v 0.44968050 -0.22690806 -0.55587153
v 0.44578051 -0.43777806 0.26838847
v 0.41843050 -0.17612806 0.54182847
v 0.41843050 -0.17612806 0.54183849
v 0.44925738 -0.17046618 0.86799630
v 0.43015050 -0.16049807 0.85825851
v 0.43406050 -0.16440806 0.86206850
v 0.43406050 -0.16049807 0.85825851
v 0.43015050 -0.16047805 0.85822847
v 0.50437050 -0.09018806 0.05749848
v 0.50047051 -0.09018806 0.05749848
v 0.60984050 -0.57062808 0.11213848
v 0.60984050 -0.57062808 0.11604848
v 0.60985052 -0.57065806 0.11213848
v 0.46140050 -0.22679806 -0.55582152
v 0.60984050 -0.57061806 0.19416848
v 0.60985052 -0.57065806 0.19416848
v 0.43406050 -0.19161805 0.48322847
v 0.43797051 -0.19161805 0.48322847
v 0.43406050 -0.11752806 0.15125847
v 0.43406050 -0.19174807 0.48330849
v 0.43797051 -0.19174807 0.48330849
v 0.42625051 -0.16446806 0.86213847
v 0.42234050 -0.16446806 0.86213847
v 0.42234050 -0.16440806 0.86206850
v 0.41062050 -0.16049807 0.85825851
v 0.48484050 -0.37534806 0.98321845
v 0.44894213 -0.15117500 0.84786993
v 0.41843050 -0.16446806 0.86213847
v 0.41843050 -0.16440806 0.86206850
v 0.46531050 -0.16446806 0.86213847
v 0.46140050 -0.16446806 0.86213847
v 0.46140050 -0.16440806 0.86206850
v 0.42625051 -0.11752806 0.15125847
v 0.43015050 -0.11752806 0.15125847
v 0.43797051 -0.17612806 0.54183849
v 0.44578051 -0.16049807 0.85825851
v 0.43015050 -0.16440806 0.86206850
v 0.42234050 -0.16047805 0.85822847
v 0.45617338 -0.53811881 0.92574639
v 0.46140050 -0.50418809 0.94026848
v 0.48593598 -0.27392432 -0.54809558
v 0.56934956 -0.61763016 -0.25605041
v 0.43015050 -0.11748806 0.15119848
v 0.43406050 -0.11748806 0.15119848
v 0.46653113 -0.12560806 0.13557847
v 0.46140050 -0.19174807 0.48330849
v 0.44187050 -0.19174807 0.48330849
v 0.44187050 -0.19161805 0.48322847
v 0.43015050 -0.17612806 0.54182847
v 0.43406050 -0.17612806 0.54183849
v 0.43797051 -0.17612806 0.54182847
v 0.48484050 -0.22690806 -0.55587153
v 0.48970996 -0.23081360 -0.55630212
v 0.42794286 -0.02129629 0.81619879
v 0.41453051 -0.16440806 0.86206850
v 0.60603051 -0.56674805 0.05354848
v 0.60593050 -0.56670806 0.05744848
v 0.60604053 -0.56674805 0.05744848
v 0.51218050 -0.50418809 0.94026848
v 0.41062050 -0.16047805 0.85822847
v 0.41453051 -0.16049807 0.85825851
v 0.44968050 -0.16446806 0.86213847
v 0.39758183 -0.15164746 0.84956482
v 0.42625051 -0.16047805 0.85822847
v 0.42625051 -0.16049807 0.85825851
v 0.42625051 -0.16440806 0.86206850
v 0.42234050 -0.16049807 0.85825851
v 0.45750051 -0.17612806 0.54183849
v 0.45750051 -0.17612806 0.54182847
v 0.46140050 -0.17612806 0.54182847
v 0.43797051 -0.16446806 0.86213847
v 0.43406050 -0.16446806 0.86213847
v 0.43797051 -0.16440806 0.86206850
v 0.43406050 -0.16047805 0.85822847
v 0.43015050 -0.16446806 0.86213847
v 0.43797051 -0.16049807 0.85825851
v 0.41062050 -0.09018806 0.05749848
v 0.43797051 -0.11748806 0.15119848
v 0.45056940 -0.11351967 0.14100026
v 0.42234050 0.02307194 -0.13785152
v 0.43406050 -0.09018806 0.05749848
v 0.54343050 -0.11755806 0.15119848
v 0.60892154 -0.39574752 0.98572612
v 0.49656050 -0.17612806 0.54183849
v 0.48484050 -0.16440806 0.86206850
v 0.48093050 -0.16440806 0.86206850
v 0.48484050 -0.16446806 0.86213847
v 0.41453051 -0.09017806 0.05744848
v 0.42625051 -0.11748806 0.15119848
v 0.45163550 -0.56290305 0.35456847
v 0.43406050 -0.17612806 0.54182847
v 0.45638175 0.01528568 -0.10260922
v 0.39939407 0.01532046 -0.10277816
v 0.47312175 -0.11548806 0.14729848
v 0.40818507 -0.17409557 0.51052284
v 0.44187050 -0.17612806 0.54182847
v 0.44187050 -0.17612806 0.54183849
v 0.41062050 -0.09017806 0.05744848
v 0.54514238 -0.15652556 0.85436474
v 0.47703051 0.02308194 -0.13792152
v 0.48093050 0.02307194 -0.13785152
v 0.48093050 0.02308194 -0.13792152
v 0.45359050 -0.17612806 0.54182847
v 0.51609050 -0.16440806 0.86206850
v 0.52000051 -0.16440806 0.86206850
v 0.44578051 -0.16047805 0.85822847
v 0.44968050 -0.16440806 0.86206850
v 0.45359050 -0.16446806 0.86213847
v 0.46140050 -0.11755806 0.15119848
v 0.44187050 -0.09018806 0.05749848
v 0.45359050 -0.17612806 0.54183849
v 0.48093050 -0.17612806 0.54183849
v 0.48484050 -0.17612806 0.54182847
v 0.48484050 -0.17612806 0.54183849
v 0.55125051 -0.37541807 0.98322847
v 0.53932889 -0.43201130 -0.51661838
v 0.49265050 -0.16440806 0.86206850
v 0.49656050 -0.16446806 0.86213847
v 0.60984050 -0.43002805 -0.51289151
v 0.60985052 -0.43002805 -0.51285152
v 0.44187050 -0.16446806 0.86213847
v 0.41453051 -0.01592806 0.80354848
v 0.53520751 -0.23081758 -0.55630251
v 0.42527314 -0.01773898 0.81019807
v 0.42234050 -0.01987806 0.81924846
v 0.42238931 -0.01984336 0.81915110
v 0.37002029 -0.18346354 -0.53449702
v 0.44578051 -0.09017806 0.05744848
v 0.46531050 -0.40257806 0.98322847
v 0.46140050 -0.40257806 0.98322847
v 0.46922051 -0.17612806 0.54183849
v 0.48484050 0.02308194 -0.13792152
v 0.50828051 -0.17612806 0.54183849
v 0.53953051 -0.16446806 0.86213847
v 0.53562050 -0.16440806 0.86206850
v 0.60985052 -0.58475509 -0.18649699
v 0.60985052 -0.57065806 -0.16910152
v 0.60985052 -0.57065806 -0.16519153
v 0.45359050 -0.37541807 0.98322847
v 0.42234050 -0.02186806 0.82307847
v 0.45750051 -0.16049807 0.85825851
v 0.59812050 -0.16440806 0.86206850
v 0.60203051 -0.16446806 0.86213847
v 0.60203051 -0.16440806 0.86206850
v 0.53172051 -0.16446806 0.86213847
v 0.53172051 -0.16440806 0.86206850
v 0.56297051 -0.56283805 -0.21207152
v 0.52781050 -0.59018806 0.83479848
v 0.58640050 -0.16440806 0.86206850
v 0.55125051 -0.16446806 0.86213847
v 0.52781050 -0.16440806 0.86206850
v 0.56297051 -0.16446806 0.86213847
v 0.55125051 -0.16440806 0.86206850
v 0.43406050 0.02307194 -0.13785152
v 0.52000051 0.02308194 -0.13792152
v 0.43015050 0.02308194 -0.13792152
v 0.48484050 0.02307194 -0.13785152
v 0.41843050 0.02308194 -0.13792152
v 0.49336392 -0.13044386 0.12792542
v 0.45359050 -0.19161805 0.48322847
v 0.45750051 -0.19174807 0.48330849
v 0.45750051 -0.19161805 0.48322847
v 0.52000051 -0.17612806 0.54183849
v 0.52000051 -0.17612806 0.54182847
v 0.52390050 -0.17612806 0.54182847
v 0.49656050 -0.19174807 0.48330849
v 0.50047051 -0.19174807 0.48330849
v 0.49656050 -0.19161805 0.48322847
v 0.45359050 -0.19174807 0.48330849
v 0.47703051 -0.55902806 0.24494848
v 0.60896605 -0.05915609 0.19022118
v 0.46531050 -0.16440806 0.86206850
v 0.48484050 -0.54721805 -0.41902153
v 0.48875051 -0.54721805 -0.41902153
v 0.45750051 -0.54721805 -0.41902153
v 0.46140050 -0.54721805 -0.41902153
v 0.50828051 -0.40268806 0.98318847
v 0.47629613 -0.39487806 0.98645850
v 0.47703051 -0.49644807 -0.46207152
v 0.60984789 -0.22298458 0.91291534
v 0.46922051 -0.22679806 -0.55582152
v 0.44578051 -0.59018806 0.83479848
v 0.55903663 -0.53817086 0.92558836
v 0.52690381 -0.44569661 -0.50509932
v 0.50437050 -0.11752806 0.15125847
v 0.60984050 -0.57062808 0.06916848
v 0.60984050 -0.57062808 0.07307847
v 0.60985052 -0.57065806 0.06916848
v 0.50437050 -0.17612806 0.54183849
v 0.52390050 -0.09017806 0.05744848
v 0.52000051 -0.09017806 0.05744848
v 0.61020960 -0.55043134 0.86295581
v 0.47312050 -0.11752806 0.15125847
v 0.46922051 -0.11748806 0.15119848
v 0.45847300 -0.19565806 0.48491847
v 0.49265050 -0.17612806 0.54183849
v 0.44968050 -0.28549805 0.15517848
v 0.46927538 -0.50143565 -0.45783840
v 0.43074857 -0.26706928 0.96235179
v 0.45359050 -0.37534806 0.98321845
v 0.45750051 -0.37541807 0.98322847
v 0.53172051 -0.09018806 0.05749848
v 0.53562050 -0.17612806 0.54183849
v 0.53172051 -0.17612806 0.54183849
v 0.53562050 -0.17612806 0.54182847
v 0.57468050 -0.50420501 0.94026001
v 0.46140050 -0.11752806 0.15125847
v 0.46140050 -0.11748806 0.15119848
v 0.46140050 -0.09018806 0.05749848
v 0.46140050 -0.09017806 0.05744848
v 0.46531050 -0.09018806 0.05749848
v 0.57078051 -0.17612806 0.54183849
v 0.57468050 -0.17612806 0.54183849
v 0.60985052 -0.61362806 -0.21207152
v 0.47462835 -0.17942251 0.59279342
v 0.55099215 -0.56473110 0.24493505
v 0.47312050 -0.17612806 0.54183849
v 0.48093050 -0.09017806 0.05744848
v 0.48484050 -0.09018806 0.05749848
v 0.52781050 -0.11752806 0.15125847
v 0.55906050 0.02307194 -0.13785152
v 0.55515050 0.02308194 -0.13792152
v 0.55515050 0.02307194 -0.13785152
v 0.46922051 -0.09018806 0.05749848
v 0.47703051 -0.11752806 0.15125847
v 0.60906816 -0.56630746 -0.20236194
v 0.53953051 0.02308194 -0.13792152
v 0.54343050 0.02308194 -0.13792152
v 0.58640050 -0.56284806 -0.21207152
v 0.59031050 -0.56284806 -0.21207152
v 0.58640050 -0.56283805 -0.21207152
v 0.48875051 0.02307194 -0.13785152
v 0.49656050 -0.09017806 0.05744848
v 0.50437050 -0.09017806 0.05744848
v 0.50828051 -0.09018806 0.05749848
v 0.57078051 -0.14097807 0.24885847
v 0.56687050 -0.14097807 0.24885847
v 0.56687050 -0.14096805 0.24880848
v 0.55125051 -0.49643806 -0.46208153
v 0.53172051 -0.17612806 0.54182847
v 0.54734050 -0.09018806 0.05749848
v 0.57078051 -0.14096805 0.24880848
v 0.49656050 -0.11752806 0.15125847
v 0.50437050 0.02308194 -0.13792152
v 0.50047051 0.02308194 -0.13792152
v 0.50437050 0.02307194 -0.13785152
v 0.59031050 -0.02379806 -0.21598152
v 0.55145306 -0.03134137 -0.18567373
v 0.58640050 -0.02377806 -0.21606153
v 0.51609050 -0.11752806 0.15125847
v 0.59031050 -0.02377806 -0.21606153
v 0.60985052 -0.10580806 0.40510847
v 0.51609050 -0.17612806 0.54183849
v 0.46531050 -0.57460806 0.86213847
v 0.51218050 -0.60582808 -0.29019151
v 0.59812050 -0.14097807 0.24885847
v 0.59422051 -0.14096805 0.24880848
v 0.59812050 -0.14096805 0.24880848
v 0.46140050 -0.57460806 0.86213847
v 0.51609050 -0.54721805 -0.41902153
v 0.52000051 -0.54721805 -0.41902153
v 0.54734050 -0.17612806 0.54183849
v 0.55125051 -0.17612806 0.54183849
v 0.60918932 -0.56675297 0.24629402
v 0.46674579 -0.62893331 -0.22332407
v 0.56687050 0.02308194 -0.13792152
v 0.55128049 -0.49252805 -0.00504152
v 0.55895056 -0.56673703 0.02782010
v 0.56297051 -0.14037806 0.24494848
v 0.49454589 0.03088583 -0.17322282
v 0.53953051 -0.57460806 0.86213847
v 0.53562050 -0.57460806 0.86213847
v 0.47312050 -0.09017806 0.05744848
v 0.60922164 -0.09503390 0.37503936
v 0.54734050 -0.59018806 0.83480849
v 0.54343050 -0.59018806 0.83480849
v 0.50047051 -0.09017806 0.05744848
v 0.49656050 0.02308194 -0.13792152
v 0.46140050 -0.57455805 0.86220851
v 0.56297051 0.02307194 -0.13785152
v 0.53562050 -0.44576806 -0.50504152
v 0.53953051 -0.44576806 -0.50504152
v 0.46531050 -0.59018806 0.83480849
v 0.53562050 0.02308194 -0.13792152
v 0.53953051 -0.59018806 0.83479848
v 0.49656050 0.02307194 -0.13785152
v 0.49265050 0.02307194 -0.13785152
v 0.53172051 0.02308194 -0.13792152
v 0.53562050 0.02307194 -0.13785152
v 0.50047051 0.02307194 -0.13785152
v 0.60984050 -0.57062808 0.12776848
v 0.60985052 -0.57065806 0.12776848
v 0.60985052 -0.57065806 0.12385848
v 0.54734050 0.02308194 -0.13792152
v 0.54734050 0.02307194 -0.13785152
v 0.48697953 -0.55328071 0.25277770
v 0.51609050 -0.09018806 0.05749848
v 0.48093050 -0.43777806 0.26838847
v 0.47128742 -0.42188677 0.25679048
v 0.60984050 -0.10189806 0.40119847
v 0.60984050 -0.10187806 0.39729848
v 0.60984050 -0.10190806 0.40119847
v 0.60985052 -0.10190806 0.39729848
v 0.50310356 -0.07316216 -0.00802501
v 0.53172051 -0.22690806 -0.55587153
v 0.55125051 -0.17612806 0.54182847
v 0.55515050 -0.17612806 0.54182847
v 0.52781050 -0.09018806 0.05749848
v 0.55125051 0.02308194 -0.13792152
v 0.55125051 0.02307194 -0.13785152
v 0.60851015 -0.62748291 -0.22578208
v 0.57468050 -0.14097807 0.24885847
v 0.57468050 -0.14096805 0.24880848
v 0.55906050 0.02308194 -0.13792152
v 0.48875051 -0.11752806 0.15125847
v 0.49629666 -0.10932060 0.12581527
v 0.59812050 -0.11751806 0.15510847
v 0.59785502 -0.11752481 0.15513549
v 0.47312050 -0.09018806 0.05749848
v 0.53562050 -0.09017806 0.05744848
v 0.59031050 -0.09018806 0.05749848
v 0.58640050 -0.09017806 0.05744848
v 0.59031050 -0.09017806 0.05744848
v 0.43747738 -0.28827369 0.16121223
v 0.50828051 -0.11752806 0.15125847
v 0.54343050 -0.09018806 0.05749848
v 0.54343050 -0.09017806 0.05744848
v 0.44578051 -0.55902806 0.24494848
v 0.46140050 -0.55893806 0.24501847
v 0.44187050 -0.55902806 0.24494848
v 0.54343050 -0.60580805 -0.29024152
v 0.54343050 -0.60582808 -0.29019151
v 0.53953051 -0.60580805 -0.29024152
v 0.44968050 -0.55902806 0.24494848
v 0.44968050 -0.55893806 0.24501847
v 0.46140050 -0.60580805 0.80739846
v 0.44187050 -0.43777806 0.26838847
v 0.50437050 -0.55893806 0.24501847
v 0.50047051 -0.55893806 0.24501847
v 0.47703051 -0.60577807 0.80744847
v 0.48093050 -0.60580805 0.80739846
v 0.48093050 -0.60577807 0.80744847
v 0.52390050 -0.60577807 0.80744847
v 0.52781050 -0.60577807 0.80744847
v 0.46042675 -0.56276306 0.35456847
v 0.46922051 -0.56295803 0.35432847
v 0.52781050 -0.54721805 -0.41902153
v 0.44578051 -0.60580805 0.80739846
v 0.44968050 -0.60580805 0.80739846
v 0.44578051 -0.59018806 0.83480849
v 0.55906050 -0.59018806 0.83479848
v 0.45359050 -0.43784806 0.26843848
v 0.46531050 -0.54721805 -0.41902153
v 0.46922051 -0.55893806 0.24501847
v 0.53172051 -0.50424805 -0.45545153
v 0.52781050 -0.49644807 -0.46207152
v 0.49265050 -0.50418809 0.94026848
v 0.51729276 -0.62121660 -0.24569304
v 0.60610237 -0.56269881 0.37816597
v 0.46531050 -0.59018806 0.83479848
v 0.46922051 -0.60580805 0.80739846
v 0.41257212 -0.53828286 0.92557840
v 0.47148755 -0.59029245 -0.33514176
v 0.42049100 -0.59909554 0.81918493
v 0.44187050 -0.54712805 -0.41910152
v 0.46922051 -0.60577807 0.80744847
v 0.44578051 -0.54712805 -0.41910152
v 0.45750051 -0.60580805 0.80739846
v 0.44187050 -0.59018806 0.83480849
v 0.58250051 -0.60582808 -0.29019151
v 0.57859050 -0.60580805 -0.29024152
v 0.58250051 -0.60580805 -0.29024152
v 0.44187050 -0.59018806 0.83479848
v 0.43797051 -0.59018806 0.83480849
v 0.43797051 -0.59018806 0.83479848
v 0.49265050 -0.54721805 -0.41902153
v 0.47312050 -0.55893806 0.24501847
v 0.46922051 -0.49644807 -0.46207152
v 0.47312050 -0.60580805 -0.29024152
v 0.46922051 -0.60580805 -0.29024152
v 0.51218050 -0.54712805 -0.41910152
v 0.53953051 -0.57455805 0.86220851
v 0.54343050 -0.57455805 0.86220851
v 0.51218050 -0.54721805 -0.41902153
v 0.47312050 -0.57455805 0.86220851
v 0.48484050 -0.55893806 0.24501847
v 0.57573368 -0.56698960 -0.40215130
v 0.54343050 -0.60355803 0.81135847
v 0.52390050 -0.54712805 -0.41910152
v 0.54734050 -0.49644807 -0.46207152
v 0.54343050 -0.49643806 -0.46208153
v 0.44968050 -0.43784806 0.26843848
v 0.55515050 -0.59018806 0.83479848
v 0.50294369 -0.56698690 -0.40200978
v 0.49712521 -0.59716316 0.82257609
v 0.53172051 -0.57455805 0.86220851
v 0.53172051 -0.57460806 0.86213847
v 0.53646356 -0.59816478 0.82081788
v 0.50437050 -0.60577807 0.80744847
v 0.50437050 -0.60580805 0.80739846
v 0.48875051 -0.57455805 0.86220851
v 0.49265050 -0.57460806 0.86213847
v 0.44586437 -0.50157624 -0.45771798
v 0.54343050 -0.59018806 0.83479848
v 0.51609050 -0.60580805 0.80739846
v 0.46531050 -0.50424805 0.94023850
v 0.45359050 -0.50424805 -0.45545153
v 0.52781050 -0.60580805 -0.29024152
v 0.53172051 -0.60580805 -0.29024152
v 0.50828051 -0.54712805 -0.41910152
v 0.50437050 -0.54712805 -0.41910152
v 0.52781050 -0.44565806 -0.50513152
v 0.53172051 -0.44576806 -0.50504152
v 0.50047051 -0.54712805 -0.41910152
v 0.46140050 -0.54712805 -0.41910152
v 0.44187050 -0.28546807 0.15510847
v 0.54743368 -0.17829442 0.29389378
v 0.48484050 -0.59018806 0.83480849
v 0.46694970 -0.44397297 0.27261829
v 0.43797051 -0.37541807 0.98322847
v 0.44187050 -0.37541807 0.98322847
v 0.55515050 -0.57460806 0.86213847
v 0.55515050 -0.57455805 0.86220851
v 0.55125051 -0.57455805 0.86220851
v 0.53953051 -0.49643806 -0.46208153
v 0.44968050 -0.40257806 0.98322847
v 0.45359050 -0.40257806 0.98322847
v 0.57078051 -0.50424805 -0.45545153
v 0.45750051 -0.37534806 0.98321845
v 0.46140050 -0.37534806 0.98321845
v 0.48484050 -0.49643806 -0.46208153
v 0.48484050 -0.49644807 -0.46207152
v 0.48875051 -0.57460806 0.86213847
v 0.43797051 -0.37534806 0.98321845
v 0.46531050 -0.43784806 0.26843848
v 0.45750051 -0.43777806 0.26838847
v 0.46140050 -0.37541807 0.98322847
v 0.47312050 -0.50418809 0.94026848
v 0.47703051 -0.50424805 0.94023850
v 0.55515050 -0.49644807 -0.46207152
v 0.55125051 -0.49644807 -0.46207152
v 0.54343050 -0.49644807 -0.46207152
v 0.53953051 -0.49644807 -0.46207152
v 0.46922051 -0.59018806 0.83479848
v 0.47312050 -0.59018806 0.83479848
v 0.48484050 -0.57455805 0.86220851
v 0.46922051 -0.43784806 0.26843848
v 0.46531050 -0.43777806 0.26838847
v 0.60707159 -0.62972389 -0.18062133
v 0.46140050 -0.43777806 0.26838847
v 0.60985052 -0.57065806 0.16682847
v 0.60985052 -0.57065806 0.16291848
v 0.52000051 -0.55893806 0.24501847
v 0.44187050 -0.37534806 0.98321845
v 0.53933400 -0.50170131 -0.45761318
v 0.53953051 -0.50034806 -0.45877154
v 0.47703051 -0.43784806 0.26843848
v 0.48093050 -0.43784806 0.26843848
v 0.47703051 -0.43777806 0.26838847
v 0.55906050 -0.44576806 -0.50504152
v 0.47312050 -0.43777806 0.26838847
v 0.51441425 -0.45853090 -0.49420009
v 0.50270317 -0.43189492 -0.51678902
v 0.44968050 -0.28546807 0.15510847
v 0.46922051 -0.43777806 0.26838847
v 0.47312050 -0.40257806 0.98322847
v 0.44968050 -0.37534806 0.98321845
v 0.44578051 -0.28546807 0.15510847
v 0.48093050 -0.50424805 0.94023850
v 0.45750051 -0.40268806 0.98318847
v 0.44578051 -0.37541807 0.98322847
v 0.44578051 -0.37534806 0.98321845
v 0.44968050 -0.37541807 0.98322847
v 0.45359050 -0.40268806 0.98318847
v 0.55125051 -0.49264806 -0.00504152
v 0.54874050 -0.49643806 -0.00504152
v 0.55125051 -0.49643806 -0.00882152
v 0.60985052 -0.52292649 -0.39859417
v 0.49656050 -0.54712805 -0.41910152
v 0.46653005 -0.51532991 -0.44605994
v 0.50828051 -0.55893806 0.24501847
v 0.51215594 -0.55327204 0.25287517
v 0.46922051 -0.40268806 0.98318847
v 0.55325474 -0.38252176 0.15100368
v 0.52740466 -0.39087265 0.98618082
v 0.46922051 -0.40257806 0.98322847
v 0.45750051 -0.40257806 0.98322847
v 0.39423742 -0.52907171 0.27206376
v 0.58029723 -0.51697565 -0.34907436
v 0.51609050 -0.57455805 0.86220851
v 0.51218050 -0.57455805 0.86220851
v 0.59031050 -0.60580805 -0.29024152
v 0.58640050 -0.60580805 -0.29024152
v 0.44968050 -0.40268806 0.98318847
v 0.57889979 -0.39077760 0.98615057
v 0.50437050 -0.60582808 -0.29019151
v 0.50047051 -0.54721805 -0.41902153
v 0.50437050 -0.54721805 -0.41902153
v 0.53562050 -0.49644807 -0.46207152
v 0.55515050 -0.60577807 0.80744847
v 0.55125051 -0.59018806 0.83479848
v 0.54734050 -0.59018806 0.83479848
v 0.60985052 -0.57065806 0.02229848
v 0.46922051 -0.59018806 0.83480849
v 0.48484050 -0.22679806 -0.55582152
v 0.47312050 -0.43784806 0.26843848
v 0.47312050 -0.55902806 0.24494848
v 0.47312050 -0.28546807 0.15510847
v 0.49656050 -0.55902806 0.24494848
v 0.49656050 -0.55893806 0.24501847
v 0.48484050 -0.19161805 0.48322847
v 0.46922051 -0.19174807 0.48330849
v 0.48528275 -0.19565514 0.48491726
v 0.48875051 -0.22690806 -0.55587153
v 0.48875051 -0.22679806 -0.55582152
v 0.45750051 -0.16446806 0.86213847
v 0.47312050 -0.40268806 0.98318847
v 0.47703051 -0.28549805 0.15517848
v 0.47388368 -0.29200927 0.22576866
v 0.55128122 -0.49653161 -0.00896746
v 0.48875051 -0.16446806 0.86213847
v 0.44578051 -0.19174807 0.48330849
v 0.48484050 -0.40257806 0.98322847
v 0.50047051 -0.49643806 -0.46208153
v 0.50047051 -0.49644807 -0.46207152
v 0.49656050 -0.49643806 -0.46208153
v 0.46922051 -0.19161805 0.48322847
v 0.47312050 -0.19174807 0.48330849
v 0.47312050 -0.19161805 0.48322847
v 0.51609050 -0.11755806 0.15119848
v 0.53562050 -0.57455805 0.86220851
v 0.47703051 -0.17612806 0.54183849
v 0.58264079 -0.55034869 0.77765621
v 0.57078051 -0.49644807 -0.46207152
v 0.56687050 -0.49643806 -0.46208153
v 0.57078051 -0.49643806 -0.46208153
v 0.46922051 -0.16440806 0.86206850
v 0.60832296 -0.56240373 0.65702675
v 0.46922051 -0.16446806 0.86213847
v 0.60918406 -0.14308568 0.26892633
v 0.47703051 -0.59018806 0.83479848
v 0.49265050 -0.16446806 0.86213847
v 0.52781050 -0.17612806 0.54183849
v 0.56297051 -0.49643806 -0.46208153
v 0.56297051 -0.16440806 0.86206850
v 0.52781050 -0.37541807 0.98322847
v 0.47312050 -0.16440806 0.86206850
v 0.47703051 -0.16440806 0.86206850
v 0.49741332 -0.15250806 0.85041847
v 0.48875051 -0.16440806 0.86206850
v 0.57468050 -0.49644807 -0.46207152
v 0.57859050 -0.50424805 -0.45545153
v 0.46531050 -0.09017806 0.05744848
v 0.54974430 -0.30904390 0.17979970
v 0.46531050 -0.11755806 0.15119848
v 0.44968050 0.02307194 -0.13785152
v 0.44968050 0.02308194 -0.13792152
v 0.44578051 0.02308194 -0.13792152
v 0.57468050 -0.59018806 0.83479848
v 0.52390050 -0.57455805 0.86220851
v 0.45750051 -0.09017806 0.05744848
v 0.45750051 -0.09018806 0.05749848
v 0.48875051 -0.17612806 0.54183849
v 0.48875051 -0.17612806 0.54182847
v 0.49265050 -0.17612806 0.54182847
v 0.53953051 -0.11752806 0.15125847
v 0.58779492 -0.54981101 -0.25547009
v 0.58250051 -0.56283805 -0.21207152
v 0.49656050 -0.17612806 0.54182847
v 0.49265050 -0.19161805 0.48322847
v 0.46922051 -0.09017806 0.05744848
v 0.44578051 0.02307194 -0.13785152
v 0.48484050 -0.19174807 0.48330849
v 0.48875051 -0.19174807 0.48330849
v 0.47703051 -0.16446806 0.86213847
v 0.47312050 -0.16446806 0.86213847
v 0.44968050 -0.09018806 0.05749848
v 0.44578051 -0.09018806 0.05749848
v 0.48093050 -0.09018806 0.05749848
v 0.59031050 -0.60582808 -0.29019151
v 0.58640050 -0.60582808 -0.29019151
v 0.47703051 -0.09018806 0.05749848
v 0.52390050 -0.50424805 -0.45545153
v 0.60984050 -0.57062808 -0.07535152
v 0.60984050 -0.57062808 -0.07144153
v 0.60985052 -0.57065806 -0.07535152
v 0.52781050 -0.22690806 -0.55587153
v 0.52390050 -0.22679806 -0.55582152
v 0.52781050 -0.22679806 -0.55582152
v 0.57468050 0.02308194 -0.13792152
v 0.57078051 0.02308194 -0.13792152
v 0.57468050 0.02307194 -0.13785152
v 0.45359050 0.02307194 -0.13785152
v 0.45359050 0.02308194 -0.13792152
v 0.49265050 -0.09017806 0.05744848
v 0.60948049 -0.56284806 -0.21988153
v 0.60827052 -0.56284806 -0.21598152
v 0.60984050 -0.56670806 -0.21598152
v 0.57859050 -0.16446806 0.86213847
v 0.57468050 -0.16446806 0.86213847
v 0.57468050 -0.16440806 0.86206850
v 0.60984050 -0.57062808 0.03791848
v 0.60984050 -0.57062808 0.04182848
v 0.60985052 -0.57065806 0.03791848
v 0.54161556 -0.11488830 0.14561750
v 0.50828051 0.02308194 -0.13792152
v 0.51218050 0.02307194 -0.13785152
v 0.51218050 0.02308194 -0.13792152
v 0.50082284 -0.07813235 0.01443380
v 0.52000051 -0.09018806 0.05749848
v 0.60567360 -0.56008694 -0.22020172
v 0.59812050 -0.56283805 -0.21207152
v 0.44619633 -0.56330553 0.32248695
v 0.53172051 -0.11752806 0.15125847
v 0.55008743 -0.13314189 0.20865509
v 0.56297051 -0.49644807 -0.46207152
v 0.55906050 -0.49643806 -0.46208153
v 0.57859050 -0.16440806 0.86206850
v 0.58250051 -0.16440806 0.86206850
v 0.50047051 -0.59018806 0.83480849
v 0.50437050 -0.59018806 0.83480849
v 0.56687050 -0.09018806 0.05749848
v 0.56687050 -0.09017806 0.05744848
v 0.59812050 -0.49643806 -0.46208153
v 0.59422051 -0.50424805 -0.45545153
v 0.59812050 -0.49644807 -0.46207152
v 0.49656050 -0.57460806 0.86213847
v 0.48093050 -0.54712805 -0.41910152
v 0.48093050 -0.54721805 -0.41902153
v 0.47703051 -0.54712805 -0.41910152
v 0.45359050 -0.60582808 -0.29019151
v 0.48875051 -0.56295803 0.35432847
v 0.49131082 -0.56327556 0.24018598
v 0.51609050 -0.59018806 0.83480849
v 0.52781050 -0.59018806 0.83480849
v 0.49265050 -0.49644807 -0.46207152
v 0.49265050 -0.49643806 -0.46208153
v 0.49656050 -0.49644807 -0.46207152
v 0.48484050 -0.56284806 0.35480847
v 0.47312050 -0.60580805 0.80739846
v 0.52781050 -0.57455805 0.86220851
v 0.48093050 -0.55902806 0.24494848
v 0.48484050 -0.55902806 0.24494848
v 0.48093050 -0.55893806 0.24501847
v 0.51609050 -0.55893806 0.24501847
v 0.52000051 -0.55902806 0.24494848
v 0.47312050 -0.60577807 0.80744847
v 0.47703051 -0.60580805 0.80739846
v 0.48484050 -0.60577807 0.80744847
v 0.51609050 -0.57460806 0.86213847
v 0.54734050 -0.60577807 0.80744847
v 0.48484050 -0.60580805 0.80739846
v 0.50047051 -0.55902806 0.24494848
v 0.49265300 -0.56276306 0.35456847
v 0.48875051 -0.55902806 0.24494848
v 0.57468050 -0.60582808 -0.29019151
v 0.57078051 -0.60580805 -0.29024152
v 0.55906050 -0.60580805 0.80739846
v 0.52000051 -0.56295803 0.35432847
v 0.56297051 -0.50034806 -0.45877154
v 0.56687050 -0.49644807 -0.46207152
v 0.48875051 -0.49643806 -0.46208153
v 0.50047051 -0.60577807 0.80744847
v 0.48875051 -0.60580805 0.80739846
v 0.53562050 -0.60580805 0.80739846
v 0.47312050 -0.57460806 0.86213847
v 0.53562050 -0.60577807 0.80744847
v 0.53953051 -0.60577807 0.80744847
v 0.47703051 -0.59018806 0.83480849
v 0.60985083 -0.62159065 0.60263435
v 0.60985052 -0.56674805 0.61994847
v 0.60985052 -0.56674805 0.62385847
v 0.60984050 -0.56671807 0.62385847
v 0.48875051 -0.60577807 0.80744847
v 0.49656050 -0.60355803 0.81135847
v 0.44968050 -0.60580805 -0.29024152
v 0.44968050 -0.60582808 -0.29019151
v 0.49265050 -0.60580805 0.80739846
v 0.52390050 -0.54721805 -0.41902153
v 0.53172051 -0.60582808 -0.29019151
v 0.52781050 -0.60582808 -0.29019151
v 0.54734050 -0.60582808 -0.29019151
v 0.60593050 -0.56670806 0.05354848
v 0.47703051 -0.55893806 0.24501847
v 0.45750051 -0.54712805 -0.41910152
v 0.55906050 -0.49644807 -0.46207152
v 0.50737882 -0.56295803 0.35432847
v 0.60607051 -0.57065806 -0.39176152
v 0.60949176 -0.56344069 -0.40267927
v 0.60984050 -0.56674805 -0.39185152
v 0.49656050 -0.59018806 0.83480849
v 0.47165800 -0.44174805 0.27128848
v 0.50047051 -0.50424805 -0.45545153
v 0.48875051 -0.59018806 0.83480849
v 0.50047051 -0.57460806 0.86213847
v 0.49265050 -0.59018806 0.83480849
v 0.47312050 -0.59018806 0.83480849
v 0.51609050 -0.49643806 -0.46208153
v 0.51218050 -0.49643806 -0.46208153
v 0.55906050 -0.60577807 0.80744847
v 0.48484050 -0.43784806 0.26843848
v 0.49021301 -0.44282618 0.27184535
v 0.51023050 -0.56276306 0.35456847
v 0.57468050 -0.49643806 -0.46208153
v 0.57859050 -0.49644807 -0.46207152
v 0.46234270 -0.59896484 0.81941634
v 0.52000051 -0.60580805 0.80739846
v 0.52000051 -0.60577807 0.80744847
v 0.52390050 -0.60580805 0.80739846
v 0.50828051 -0.59018806 0.83479848
v 0.56297051 -0.60580805 -0.29024152
v 0.53562050 -0.59018806 0.83479848
v 0.53172051 -0.59018806 0.83479848
v 0.47312050 -0.37534806 0.98321845
v 0.47312050 -0.37541807 0.98322847
v 0.60969932 -0.62470390 0.43518208
v 0.49656050 -0.54721805 -0.41902153
v 0.56297051 -0.57455805 0.86220851
v 0.55906050 -0.57455805 0.86220851
v 0.56297051 -0.57460806 0.86213847
v 0.59812050 -0.60580805 -0.29024152
v 0.52000051 -0.49643806 -0.46208153
v 0.51609050 -0.50034806 -0.45877154
v 0.52000051 -0.49644807 -0.46207152
v 0.52000051 -0.59018806 0.83479848
v 0.49265050 -0.50034806 -0.45877154
v 0.55906050 -0.57460806 0.86213847
v 0.53562050 -0.49643806 -0.46208153
v 0.48875051 -0.49644807 -0.46207152
v 0.50828051 -0.49643806 -0.46208153
v 0.57468050 -0.56284806 -0.21207152
v 0.57078051 -0.56283805 -0.21207152
v 0.48093050 -0.60582808 -0.29019151
v 0.47703051 -0.60582808 -0.29019151
v 0.60580968 -0.56355070 0.30842158
v 0.60984050 -0.56670806 0.45979848
v 0.60984050 -0.56672808 0.62776848
v 0.45841745 -0.39098121 0.98622922
v 0.60985052 -0.57065806 0.04963848
v 0.60985052 -0.57065806 0.05354848
v 0.48484050 -0.50418809 0.94026848
v 0.47312050 -0.54712805 -0.41910152
v 0.48484050 -0.40268806 0.98318847
v 0.48093050 -0.40268806 0.98318847
v 0.48902190 -0.40263246 0.98320860
v 0.48875051 -0.40268806 0.98318847
v 0.51999800 -0.56272057 0.35444847
v 0.47703051 -0.40268806 0.98318847
v 0.58250051 -0.56284806 -0.21207152
v 0.44522647 -0.34387305 0.97716316
v 0.48093050 -0.40257806 0.98322847
v 0.51462613 -0.39487806 0.98645850
v 0.51609050 -0.49644807 -0.46207152
v 0.47703051 -0.40257806 0.98322847
v 0.50828051 -0.54721805 -0.41902153
v 0.60984050 -0.57063809 0.01838848
v 0.51218050 -0.22690806 -0.55587153
v 0.49118379 -0.39098432 0.98622937
v 0.48093050 -0.19174807 0.48330849
v 0.52000051 -0.60355803 0.81135847
v 0.53172051 -0.60577807 0.80744847
v 0.51609050 -0.60577807 0.80744847
v 0.51791208 -0.25913141 0.11378413
v 0.48093050 -0.60580805 -0.29024152
v 0.46922051 -0.54721805 -0.41902153
v 0.44187050 -0.60582808 -0.29019151
v 0.44578051 -0.60582808 -0.29019151
v 0.60985052 -0.57065806 -0.04019152
v 0.51609050 -0.22690806 -0.55587153
v 0.52000051 -0.22690806 -0.55587153
v 0.47312050 -0.11755806 0.15119848
v 0.46922051 -0.11755806 0.15119848
v 0.52755103 -0.44554949 -0.50522065
v 0.50047051 -0.22679806 -0.55582152
v 0.49656050 -0.37534806 0.98321845
v 0.60933501 -0.16223765 0.38415294
v 0.50437050 -0.22679806 -0.55582152
v 0.50828051 -0.22679806 -0.55582152
v 0.50437050 -0.37534806 0.98321845
v 0.50047051 -0.37534806 0.98321845
v 0.54925268 -0.18516160 0.09366969
v 0.50437050 -0.22690806 -0.55587153
v 0.50828051 -0.22690806 -0.55587153
v 0.52390050 -0.22690806 -0.55587153
v 0.52000051 -0.22679806 -0.55582152
v 0.47703051 -0.19161805 0.48322847
v 0.48093050 -0.17612806 0.54182847
v 0.47703051 -0.19174807 0.48330849
v 0.49265050 -0.19174807 0.48330849
v 0.48093050 -0.16446806 0.86213847
v 0.37779988 -0.47576601 0.95227709
v 0.51218050 -0.22679806 -0.55582152
v 0.60985052 -0.57065806 -0.03629152
v 0.60984050 -0.57063809 -0.03629152
v 0.60985052 -0.57065806 0.01447848
v 0.60985052 -0.57065806 0.01838848
v 0.48875051 -0.19161805 0.48322847
v 0.50047051 -0.19161805 0.48322847
v 0.48093050 -0.19161805 0.48322847
v 0.60597456 -0.51218045 -0.36429408
v 0.59452252 -0.45622034 -0.49616064
v 0.50734915 -0.17623733 0.47442225
v 0.52781050 -0.17612806 0.54182847
v 0.50437050 -0.19174807 0.48330849
v 0.51218050 -0.16440806 0.86206850
v 0.51609050 -0.16446806 0.86213847
v 0.49265050 -0.60577807 0.80744847
v 0.53172051 -0.60580805 0.80739846
v 0.55906050 -0.37541807 0.98322847
v 0.51218050 -0.16446806 0.86213847
v 0.50828051 -0.16446806 0.86213847
v 0.50828051 -0.16440806 0.86206850
v 0.50437050 -0.16446806 0.86213847
v 0.58640050 -0.09018806 0.05749848
v 0.58250051 -0.09018806 0.05749848
v 0.50437050 -0.11755806 0.15119848
v 0.50047051 -0.11755806 0.15119848
v 0.50047051 -0.11752806 0.15125847
v 0.55906050 -0.37534806 0.98321845
v 0.52390050 -0.16440806 0.86206850
v 0.52774333 -0.15146000 0.84870640
v 0.60794645 -0.56285195 0.55734182
v 0.60984050 -0.56670806 0.54963847
v 0.60984050 -0.56670806 0.54572847
v 0.54343050 -0.16446806 0.86213847
v 0.53562050 -0.22679806 -0.55582152
v 0.53953051 -0.22679806 -0.55582152
v 0.47703051 -0.11755806 0.15119848
v 0.52390050 -0.17612806 0.54183849
v 0.57078051 -0.16446806 0.86213847
v 0.57078051 -0.16440806 0.86206850
v 0.51218050 -0.17612806 0.54183849
v 0.55515050 -0.17612806 0.54183849
v 0.57859050 -0.14097807 0.24885847
v 0.53953051 -0.09017806 0.05744848
v 0.60926678 0.03991649 -0.21600252
v 0.55125051 -0.22690806 -0.55587153
v 0.51218050 -0.11752806 0.15125847
v 0.60984050 -0.10190806 0.40131848
v 0.60593050 -0.09819806 0.40119847
v 0.47703051 0.02307194 -0.13785152
v 0.47312050 0.02308194 -0.13792152
v 0.60801776 -0.31212329 -0.54077779
v 0.60203051 -0.09018806 0.05749848
v 0.59812050 -0.09018806 0.05749848
v 0.59422051 -0.16446806 0.86213847
v 0.59812050 -0.16446806 0.86213847
v 0.59422051 -0.16440806 0.86206850
v 0.60593050 -0.56673804 0.03010848
v 0.56260330 -0.14097301 0.24883322
v 0.60985052 -0.57065806 0.00666848
v 0.47312050 -0.60582808 -0.29019151
v 0.60598051 -0.02377806 -0.21598152
v 0.60896099 -0.02714767 -0.19962587
v 0.60593050 -0.02472806 -0.21207152
v 0.51609050 0.02308194 -0.13792152
v 0.58250051 -0.60580805 0.80739846
v 0.51218050 -0.57460806 0.86213847
v 0.57078051 -0.60580805 0.80739846
v 0.60984050 -0.57062808 -0.10269153
v 0.60984050 -0.57062808 -0.09879152
v 0.60985052 -0.57065806 -0.10269153
v 0.51218050 -0.55893806 0.24501847
v 0.51609050 -0.55902806 0.24494848
v 0.51609050 -0.56284806 0.35480847
v 0.58250051 -0.59018806 0.83479848
v 0.57859050 -0.59018806 0.83480849
v 0.57859050 -0.59018806 0.83479848
v 0.52390050 -0.55902806 0.24494848
v 0.51218050 -0.55902806 0.24494848
v 0.60984050 -0.56673804 -0.21207152
v 0.60594051 -0.56284806 -0.21207152
v 0.60984050 -0.56674805 -0.21207152
v 0.50437050 -0.55902806 0.24494848
v 0.53562050 -0.60580805 -0.29024152
v 0.53953051 -0.60582808 -0.29019151
v 0.53562050 -0.60582808 -0.29019151
v 0.50828051 -0.55902806 0.24494848
v 0.50828051 -0.59018806 0.83480849
v 0.48484050 -0.50424805 0.94023850
v 0.55515050 -0.49643806 -0.46208153
v 0.60985052 -0.59358997 0.05140082
v 0.52781050 -0.60580805 0.80739846
v 0.60593050 -0.56668809 0.06916848
v 0.60593050 -0.56669804 0.06526848
v 0.60984050 -0.08240806 0.04572848
v 0.60984050 -0.08243806 0.04963848
v 0.57709316 -0.62044776 0.73052731
v 0.45359050 -0.60580805 -0.29024152
v 0.52781050 -0.57460806 0.86213847
v 0.60985052 -0.57065806 -0.03238152
v 0.58101372 -0.59923606 -0.30927254
v 0.60984050 -0.56691804 -0.38394151
v 0.60985052 -0.57065806 -0.38004152
v 0.60985052 -0.57065806 -0.13785152
v 0.60984050 -0.57061806 -0.13394153
v 0.60985052 -0.57065806 -0.13394153
v 0.55515050 -0.50424805 -0.45545153
v 0.52000051 -0.59018806 0.83480849
v 0.50828051 -0.50424805 -0.45545153
v 0.50828051 -0.49644807 -0.46207152
v 0.52390050 -0.59018806 0.83480849
v 0.52390050 -0.59018806 0.83479848
v 0.60877864 -0.62258291 0.70897969
v 0.51218050 -0.60577807 0.80744847
v 0.50037299 -0.57476680 -0.38003828
v 0.56687050 -0.60580805 -0.29024152
v 0.50047051 -0.60582808 -0.29019151
v 0.49656050 -0.60580805 -0.29024152
v 0.50047051 -0.60580805 -0.29024152
v 0.44578051 -0.60580805 -0.29024152
v 0.53172051 -0.59018806 0.83480849
v 0.51621269 -0.56356056 0.24053098
v 0.50046801 -0.56272057 0.35444847
v 0.46902534 -0.54371563 0.91633142
v 0.52390050 -0.57460806 0.86213847
v 0.60985052 -0.58505836 0.01115738
v 0.49558300 -0.27439806 -0.54801152
v 0.60593659 -0.49447567 0.83828664
v 0.57468050 -0.51341805 0.93635847
v 0.57859050 -0.50815806 0.93858846
v 0.57468050 -0.50418809 0.94026848
v 0.54516134 -0.56314410 0.33662923
v 0.56297051 -0.60580805 0.80739846
v 0.56297051 -0.60577807 0.80744847
v 0.48484050 -0.60582808 -0.29019151
v 0.52390050 -0.49643806 -0.46208153
v 0.52390050 -0.49644807 -0.46207152
v 0.60605048 -0.56674805 -0.05973152
v 0.60593050 -0.56674805 -0.05582152
v 0.60594051 -0.56674805 -0.05582152
v 0.51218050 -0.49644807 -0.46207152
v 0.60985052 -0.57065806 0.04182848
v 0.50437050 -0.49644807 -0.46207152
v 0.50437050 -0.49643806 -0.46208153
v 0.51602831 -0.50152731 -0.45775983
v 0.53172051 -0.44565806 -0.50513152
v 0.51218050 -0.60580805 -0.29024152
v 0.55017092 -0.56300042 0.23901712
v 0.49924263 -0.50623288 -0.45377028
v 0.46194785 -0.46054628 -0.49249980
v 0.51938375 -0.44535068 -0.50538452
v 0.60944757 -0.51709448 -0.35512535
v 0.52981965 -0.51085079 -0.44985590
v 0.57078051 -0.59018806 0.83479848
v 0.60593050 -0.56667808 0.08088848
v 0.58111798 -0.59968281 0.81815757
v 0.60840096 -0.34379357 0.97672058
v 0.60985052 -0.12339056 0.24495347
v 0.55906050 -0.17612806 0.54182847
v 0.53562050 -0.22690806 -0.55587153
v 0.53172051 -0.22679806 -0.55582152
v 0.53292976 -0.54591825 -0.42013401
v 0.51218050 -0.17612806 0.54182847
v 0.51609050 -0.17612806 0.54182847
v 0.54906811 -0.13455595 0.12346781
v 0.50632550 -0.19161805 0.48322847
v 0.51218050 -0.19174807 0.48330849
v 0.60985052 -0.57065806 -0.09879152
v 0.54343050 -0.22690806 -0.55587153
v 0.53562050 -0.44565806 -0.50513152
v 0.54734050 -0.22679806 -0.55582152
v 0.54343050 -0.22679806 -0.55582152
v 0.50828051 -0.19174807 0.48330849
v 0.50828051 -0.17612806 0.54182847
v 0.53953051 -0.22690806 -0.55587153
v 0.56297051 -0.37534806 0.98321845
v 0.50437050 -0.16440806 0.86206850
v 0.54734050 -0.22690806 -0.55587153
v 0.55110920 -0.44623499 0.04226983
v 0.56033723 -0.58347717 0.84657192
v 0.51023195 -0.19565911 0.48491890
v 0.55146383 -0.56056205 0.35296855
v 0.52781050 -0.16446806 0.86213847
v 0.57859050 -0.49643986 -0.46207932
v 0.49656050 -0.11755806 0.15119848
v 0.54343050 -0.17612806 0.54183849
v 0.54343050 -0.17612806 0.54182847
v 0.54734050 -0.17612806 0.54182847
v 0.52390050 -0.16446806 0.86213847
v 0.51744530 -0.17481152 0.52160855
v 0.53172051 -0.09017806 0.05744848
v 0.52390050 -0.11755806 0.15119848
v 0.56687050 -0.17612806 0.54183849
v 0.57078051 -0.17612806 0.54182847
v 0.60864332 -0.14348128 0.83029195
v 0.53953051 -0.16440806 0.86206850
v 0.52727420 -0.17320275 0.87066371
v 0.60589052 -0.56534043 0.21866215
v 0.60203051 -0.09017806 0.05744848
v 0.59812050 -0.09017806 0.05744848
v 0.60984050 -0.57062808 0.17072848
v 0.60984050 -0.57062808 0.17463847
v 0.60600053 -0.56674805 0.04182848
v 0.60601049 -0.56674805 0.04572848
v 0.60984050 -0.57062808 0.04572848
v 0.52390050 -0.09018806 0.05749848
v 0.48875051 -0.11755806 0.15119848
v 0.48484050 -0.11755806 0.15119848
v 0.53562050 -0.09018806 0.05749848
v 0.53172051 -0.11755806 0.15119848
v 0.53562050 -0.11755806 0.15119848
v 0.53953051 -0.17612806 0.54183849
v 0.54197345 -0.17837970 0.57665693
v 0.51218050 -0.09018806 0.05749848
v 0.51609050 -0.09017806 0.05744848
v 0.60203051 -0.14097807 0.24885847
v 0.60593050 -0.14097807 0.24885847
v 0.48700326 -0.27436813 -0.54801675
v 0.52781050 -0.09017806 0.05744848
v 0.44373599 0.03088716 -0.17323154
v 0.60862858 -0.10422807 0.10888408
v 0.53953051 -0.09018806 0.05749848
v 0.57078051 -0.09017806 0.05744848
v 0.58250051 -0.14097807 0.24885847
v 0.57859050 -0.14096805 0.24880848
v 0.53562050 -0.11752806 0.15125847
v 0.55003063 -0.11761591 0.15363624
v 0.60984050 -0.56676808 -0.39176152
v 0.60984050 -0.57063809 -0.02066152
v 0.60984050 -0.57063809 -0.01676152
v 0.60985052 -0.08237806 0.26057847
v 0.58640050 -0.14096805 0.24880848
v 0.58250051 -0.14096805 0.24880848
v 0.60984050 -0.57061806 -0.13004152
v 0.60984050 -0.57061806 -0.12613153
v 0.60985052 -0.57065806 -0.13004152
v 0.57078051 -0.37541807 0.98322847
v 0.60985052 -0.13705806 0.24885847
v 0.60984050 -0.57063809 -0.00894152
v 0.60984050 -0.57063809 -0.00504152
v 0.60985052 -0.57065806 -0.00894152
v 0.60985052 -0.08237806 0.04963848
v 0.60984845 -0.07767528 0.03147797
v 0.54343050 0.02307194 -0.13785152
v 0.60593050 -0.02377806 -0.21606153
v 0.60203051 -0.02377806 -0.21606153
v 0.52390050 0.02307194 -0.13785152
v 0.60985052 -0.57065806 -0.12223152
v 0.60984050 -0.57062808 -0.11832152
v 0.60985052 -0.57065806 -0.11832152
v 0.58250051 -0.09017806 0.05744848
v 0.60985052 -0.57065806 0.06526848
v 0.60984050 -0.57062808 0.06526848
v 0.60593665 -0.56682663 -0.04823705
v 0.53562050 -0.59018806 0.83480849
v 0.47703051 -0.54721805 -0.41902153
v 0.60985052 -0.57065806 -0.17301152
v 0.60984050 -0.57060805 -0.16910152
v 0.60984050 -0.57060805 0.21369848
v 0.60984050 -0.57060805 0.20979848
v 0.60984050 -0.57063809 -0.04019152
v 0.60984050 -0.57062808 -0.07926152
v 0.60984050 -0.55889806 -0.23941153
v 0.60979733 -0.56675920 0.31096385
v 0.60985052 -0.57065806 0.13166848
v 0.60985052 -0.57065806 0.13557847
v 0.60984050 -0.57062808 0.13557847
v 0.55125051 -0.59018806 0.83480849
v 0.53953051 -0.59018806 0.83480849
v 0.57468050 -0.60580805 0.80739846
v 0.60984050 -0.56671807 0.40510847
v 0.60984050 -0.56671807 0.40119847
v 0.60984050 -0.56669804 0.49494847
v 0.60985052 -0.56674805 0.49494847
v 0.60985052 -0.56674805 0.49104848
v 0.56687050 -0.60580805 0.80739846
v 0.60596412 -0.57395273 -0.38236161
v 0.60593050 -0.57206806 -0.38785152
v 0.55515050 -0.59018806 0.83480849
v 0.55906050 -0.59018806 0.83480849
v 0.57468050 -0.60580805 -0.29024152
v 0.56297051 -0.59018806 0.83480849
v 0.44187050 -0.60580805 -0.29024152
v 0.60203051 -0.51205805 -0.36439151
v 0.54130184 -0.58677000 -0.34532410
v 0.43797051 -0.60580805 -0.29024152
v 0.60984050 -0.57062808 0.05354848
v 0.60602050 -0.56674805 0.04963848
v 0.60593050 -0.14037806 0.24494848
v 0.60203051 -0.14096805 0.24880848
v 0.60985052 -0.57065806 -0.04801152
v 0.60985052 -0.57065806 -0.04410152
v 0.60593050 -0.56668809 0.07307847
v 0.60985052 -0.57065806 0.03401848
v 0.60984050 -0.57063809 -0.02457152
v 0.57468050 -0.59018806 0.83480849
v 0.60985019 -0.49250295 0.84653504
v 0.60861050 -0.48862806 0.84651848
v 0.56687050 -0.60577807 0.80744847
v 0.56687050 -0.37534806 0.98321845
v 0.60984050 -0.57062808 0.06135848
v 0.60985052 -0.57065806 0.06135848
v 0.57859050 -0.56283805 -0.21207152
v 0.60876882 -0.56112603 0.88456956
v 0.56687050 -0.57455805 0.86220851
v 0.60593050 -0.56672808 0.03401848
v 0.60593050 -0.14096805 0.24880848
v 0.60595053 -0.14096805 0.24885847
v 0.60593050 -0.56671807 0.04572848
v 0.48484050 -0.54712805 -0.41910152
v 0.60984050 -0.57062808 -0.10660152
v 0.60985052 -0.57065806 -0.18082152
v 0.60984050 -0.57060805 -0.17691153
v 0.60985052 -0.57065806 -0.17691153
v 0.59031050 -0.14096805 0.24880848
v 0.59031050 -0.14097807 0.24885847
v 0.60984050 -0.57063809 0.03401848
v 0.60985052 -0.56674805 0.47151848
v 0.60984050 -0.56670806 0.47151848
v 0.60984050 -0.56670806 0.47541847
v 0.60984050 -0.57060805 -0.18082152
v 0.57859050 -0.60582808 -0.29019151
v 0.60984050 -0.57062808 0.12385848
v 0.56297051 -0.09018806 0.05749848
v 0.60593050 -0.56670806 0.04963848
v 0.60985052 -0.56284806 -0.39566151
v 0.60984050 -0.57062808 0.09651848
v 0.60985052 -0.56674805 0.37776848
v 0.60984050 -0.56672808 0.38166847
v 0.60593050 -0.56286809 0.36213847
v 0.60985052 -0.56674805 0.57697847
v 0.60985052 -0.59778587 0.54849288
v 0.60985052 -0.56674805 0.57307847
v 0.58250051 -0.50418809 0.94026848
v 0.60984050 -0.56671807 0.59651848
v 0.60984050 -0.56671807 0.60041847
v 0.60985052 -0.56674805 0.59651848
v 0.60984050 -0.56670806 0.46760847
v 0.60984050 -0.56670806 0.46369847
v 0.53953051 -0.37534806 0.98321845
v 0.55151751 -0.44559319 -0.50518470
v 0.53953051 -0.11755806 0.15119848
v 0.60985052 -0.57065806 -0.14566153
v 0.60985052 -0.57065806 -0.14176152
v 0.60593050 -0.56669804 0.06135848
v 0.60901724 -0.61462795 0.78717226
v 0.60896050 -0.50034806 0.83479848
v 0.60984101 -0.50420937 0.83476553
v 0.60596054 -0.56674805 0.02619848
v 0.60595053 -0.56674805 0.02229848
v 0.60606272 -0.56669041 0.09418642
v 0.60985052 -0.57065806 0.25666847
v 0.60984050 -0.57053807 0.26057847
v 0.60985052 -0.57065806 0.26057847
v 0.60984050 -0.57054809 0.25666847
v 0.60985052 -0.56674805 0.39338847
v 0.60984050 -0.56671807 0.39729848
v 0.60985052 -0.56674805 0.39729848
v 0.60984050 -0.56672808 0.39338847
v 0.58640050 -0.60580805 0.80739846
v 0.49259563 -0.50143565 -0.45783840
v 0.55515050 -0.37534806 0.98321845
v 0.60984050 -0.49252805 0.84645846
v 0.56297051 -0.44576806 -0.50504152
v 0.55906050 -0.44565806 -0.50513152
v 0.60593050 -0.55502805 -0.23565152
v 0.60985052 -0.55893806 -0.23941153
v 0.60984050 -0.57062808 0.07697848
v 0.60984050 -0.57062808 0.08088848
v 0.60985052 -0.57065806 0.07697848
v 0.60610049 -0.56674805 0.07697848
v 0.60861353 -0.63028161 0.21922044
v 0.60984050 -0.61752805 0.72273847
v 0.60603235 -0.56670682 0.07445946
v 0.60984050 -0.57063809 0.02229848
v 0.55125051 -0.37534806 0.98321845
v 0.55764728 -0.22928518 -0.55653621
v 0.56864349 -0.10845660 -0.53091108
v 0.55515050 -0.44565806 -0.50513152
v 0.60984050 -0.57060805 -0.16129152
v 0.60984050 -0.57060805 -0.16519153
v 0.53867844 -0.42982684 -0.51828269
v 0.58620275 -0.56668380 0.07234639
v 0.59031050 -0.49643806 -0.46208153
v 0.59031050 -0.49644807 -0.46207152
v 0.60985052 -0.59555837 -0.14993652
v 0.60985052 -0.57065806 -0.12613153
v 0.60985052 -0.57065806 0.03010848
v 0.60203051 -0.51204804 -0.36441151
v 0.60593050 -0.51205805 -0.36439151
v 0.60984050 -0.56671807 0.42072847
v 0.60985052 -0.57065806 0.24494848
v 0.60985052 -0.57065806 0.24885847
v 0.60873969 -0.58678384 0.84139283
v 0.60984050 -0.56674805 0.34260847
v 0.60984050 -0.56673804 0.34651848
v 0.60984050 -0.56674805 0.34651848
v 0.56297051 -0.17612806 0.54182847
v 0.46976587 -0.48564548 0.56786494
v 0.60984050 -0.56672808 0.64729848
v 0.60984050 -0.56671807 0.65119847
v 0.55515050 -0.37541807 0.98322847
v 0.59031050 -0.56283805 -0.21207152
v 0.60593050 -0.56671807 0.04182848
v 0.60593050 -0.56672808 0.03791848
v 0.52000051 -0.11755806 0.15119848
v 0.58115961 -0.56681087 -0.04998934
v 0.60984371 -0.57070216 -0.37598997
v 0.55125051 -0.09017806 0.05744848
v 0.55515050 -0.09017806 0.05744848
v 0.55515050 -0.09018806 0.05749848
v 0.60985052 -0.08627806 0.06135848
v 0.60985052 -0.08627806 0.05744848
v 0.60985052 -0.08237806 0.05354848
v 0.60958537 -0.39526091 -0.46019827
v 0.60985052 -0.57065806 0.10432847
v 0.60985052 -0.57065806 0.23322848
v 0.60985052 -0.57065806 0.23713847
v 0.41558233 -0.17324975 0.87071266
v 0.56297051 -0.37541807 0.98322847
v 0.45190814 -0.31464936 -0.54040718
v 0.56294112 -0.50154111 -0.45774882
v 0.60891129 -0.46896643 -0.48464744
v 0.60984050 -0.10974806 0.14338847
v 0.61229483 -0.45332525 0.95413456
v 0.49637707 -0.17121158 0.86872380
v 0.60984050 -0.57061806 0.18244848
v 0.60984050 -0.57061806 0.17854848
v 0.60984050 -0.57059804 0.22151848
v 0.60984050 -0.57059804 0.21760847
v 0.57859050 -0.56284806 -0.21207152
v 0.57468050 -0.56283805 -0.21207152
v 0.60203051 -0.11752806 0.15514848
v 0.60593050 -0.11752806 0.15514848
v 0.60883120 -0.18538846 0.88111912
v 0.50985037 -0.33198805 0.97487674
v 0.60723053 -0.14096805 0.25276848
v 0.60984050 -0.13708806 0.25276848
v 0.60919522 -0.58410622 -0.35121304
v 0.59422051 -0.56283805 -0.21207152
v 0.59812050 -0.56284806 -0.21207152
v 0.56687050 -0.16446806 0.86213847
v 0.55125051 -0.09018806 0.05749848
v 0.60984818 -0.10972193 0.14318168
v 0.60984050 -0.56671807 0.42463847
v 0.60984050 -0.57046804 0.28010847
v 0.60984050 -0.57063809 0.01057848
v 0.60984050 -0.57063809 0.01447848
v 0.60985052 -0.57065806 0.01057848
v 0.50828051 -0.11755806 0.15119848
v 0.60967604 -0.16475734 0.85818321
v 0.60985052 -0.57065806 0.22541848
v 0.60985052 -0.57065806 0.22932847
v 0.55135078 -0.14127957 0.25025806
v 0.60984050 -0.57061806 -0.14566153
v 0.60984050 -0.57061806 -0.14176152
v 0.60856169 -0.46502622 0.86811936
v 0.61309091 -0.26160441 -0.50478504
v 0.60984050 -0.57062808 0.08869848
v 0.57078051 -0.37534806 0.98321845
v 0.60985052 -0.56674805 0.66291847
v 0.60984050 -0.56665805 0.66682847
v 0.60985052 -0.56674805 0.66682847
v 0.60984050 -0.56668809 0.66291847
v 0.60984050 -0.57063809 -0.05191152
v 0.60593050 -0.56674805 -0.05545152
v 0.60984050 -0.61755803 0.71760847
v 0.60593050 -0.62143806 0.72112848
v 0.60593050 -0.22044806 0.91682847
v 0.59588934 -0.22426378 0.92055302
v 0.55419890 -0.14137003 0.25124462
v 0.60985052 -0.13705806 0.25666847
v 0.53953051 0.02307194 -0.13785152
v 0.48093050 -0.11755806 0.15119848
v 0.59031050 -0.16446806 0.86213847
v 0.49265050 -0.11755806 0.15119848
v 0.53953051 -0.17612806 0.54182847
v 0.54936894 -0.24565647 0.49733583
v 0.57468050 -0.17612806 0.54182847
v 0.57859050 -0.17612806 0.54182847
v 0.60984050 -0.22683807 0.91682847
v 0.60734057 -0.22196508 0.91788869
v 0.60984050 -0.22299807 0.91298850
v 0.58640050 -0.50034806 -0.45877154
v 0.58250051 -0.49643806 -0.46208153
v 0.58250051 -0.49644807 -0.46207152
v 0.60985052 -0.61752805 0.70979848
v 0.60985052 -0.59159165 0.69343613
v 0.60984999 -0.61456078 0.72499314
v 0.60984050 -0.56669804 0.50276848
v 0.60984050 -0.56669804 0.50666847
v 0.60985052 -0.56674805 0.50276848
v 0.60944359 -0.12118837 0.17274426
v 0.52781050 -0.11755806 0.15119848
v 0.60915040 -0.13436029 0.21611389
v 0.60984050 -0.56670806 0.53791847
v 0.60985052 -0.56674805 0.53791847
v 0.60985052 -0.56674805 0.53401848
v 0.56687050 -0.16440806 0.86206850
v 0.60597049 -0.60580805 -0.29019151
v 0.60593050 -0.60580805 -0.29024152
v 0.60593050 -0.60447809 -0.29410152
v 0.60984050 -0.56671807 0.41291847
v 0.60984050 -0.56671807 0.41682847
v 0.58250051 -0.59018806 0.83480849
v 0.58640050 -0.59018806 0.83479848
v 0.60985052 -0.17221805 0.86213847
v 0.57078051 -0.59018806 0.83480849
v 0.60985052 -0.59662735 0.26976160
v 0.60985052 -0.56674805 0.42072847
v 0.60985052 -0.56674805 0.41682847
v 0.60985052 -0.51205805 0.82697847
v 0.60985052 -0.57065806 -0.05973152
v 0.60984050 -0.57063809 -0.05582152
v 0.60985052 -0.57065806 -0.05582152
v 0.60984050 -0.56669804 0.49885847
v 0.60985052 -0.56674805 0.45979848
v 0.60793625 -0.56675540 -0.14155487
v 0.60904111 -0.59944470 -0.30538066
v 0.60985052 -0.62534806 -0.18473152
v 0.60985052 -0.62534806 -0.18863153
v 0.60984050 -0.50815806 0.83080848
v 0.48132858 0.01892330 -0.11908478
v 0.60593050 -0.22444805 0.92072847
v 0.60600954 -0.56667708 0.08270225
v 0.60984050 -0.57062808 0.08479848
v 0.51218050 -0.11755806 0.15119848
v 0.55906050 -0.09017806 0.05744848
v 0.56297051 -0.09017806 0.05744848
v 0.60953323 -0.13621952 0.23564422
v 0.60985052 -0.10971806 0.14729848
v 0.58987947 -0.07964574 0.27506747
v 0.60985052 -0.57065806 -0.06363152
v 0.60593050 -0.09018806 0.05749848
v 0.60985052 -0.57065806 0.17072848
v 0.56687050 -0.59018806 0.83480849
v 0.60984050 -0.57062808 -0.06754152
v 0.60985052 -0.57065806 0.26838847
v 0.57468050 -0.09017806 0.05744848
v 0.57859050 -0.09017806 0.05744848
v 0.57859050 -0.09018806 0.05749848
v 0.55906050 -0.09018806 0.05749848
v 0.60985052 -0.57065806 -0.08707152
v 0.60984050 -0.57062808 -0.08316152
v 0.60985052 -0.57065806 -0.08316152
v 0.55393295 -0.10896304 0.12452842
v 0.60985052 -0.57065806 -0.14957152
v 0.60984050 -0.57063809 -0.03238152
v 0.60902028 -0.17601576 0.55719664
v 0.60984814 -0.08238190 0.04552238
v 0.60984050 -0.57062808 0.15119848
v 0.60984050 -0.57062808 0.15510847
v 0.60985052 -0.57065806 0.15119848
v 0.54734050 -0.09017806 0.05744848
v 0.60985052 -0.57065806 -0.01285152
v 0.60985052 -0.57065806 -0.06754152
v 0.60984050 -0.57062808 -0.06363152
v 0.60837970 -0.11269055 0.14121213
v 0.60203051 -0.11751806 0.15510847
v 0.60984050 -0.57048806 0.27619847
v 0.60953108 -0.56675169 0.27363398
v 0.60985052 -0.56674805 0.43635847
v 0.60593050 -0.09017806 0.05744848
v 0.60984050 -0.08629806 0.05744848
v 0.58808977 -0.02281010 -0.22043952
v 0.57827246 -0.07803930 0.00157981
v 0.60593050 -0.07846806 0.26702847
v 0.50828051 0.02307194 -0.13785152
v 0.56297051 0.02308194 -0.13792152
v 0.60984050 -0.57062808 -0.11441152
v 0.55108316 0.01531760 -0.10276441
v 0.60901984 0.01825199 -0.11863211
v 0.58640050 -0.14097807 0.24885847
v 0.57859050 0.02307194 -0.13785152
v 0.60918172 -0.07529310 0.24476201
v 0.60984050 -0.57062808 0.09260848
v 0.60985052 -0.57065806 0.09260848
v 0.56687050 0.02307194 -0.13785152
v 0.60086227 -0.56674795 -0.05565757
v 0.60985052 -0.57065806 -0.00504152
v 0.60984050 -0.49643806 0.84254845
v 0.60985052 -0.50034806 0.83869847
v 0.60984050 -0.50027806 0.83869847
v 0.60984050 -0.57061806 -0.12223152
v 0.60984050 -0.57062808 0.05744848
v 0.60985052 -0.57065806 0.05744848
v 0.60984050 -0.57063809 -0.04801152
v 0.60985052 -0.57065806 0.14338847
v 0.60985052 -0.56674805 0.55354848
v 0.60985052 -0.56674805 0.54963847
v 0.60889624 -0.56538501 -0.40320479
v 0.60984050 -0.57062808 -0.11051152
v 0.60984050 -0.50034806 0.83862849
v 0.59422051 -0.60580805 -0.29024152
v 0.60593050 -0.60717806 -0.28629152
v 0.60985052 -0.56674805 0.54182847
v 0.60984050 -0.56670806 0.54182847
v 0.60985052 -0.56674805 0.51447847
v 0.60985052 -0.57065806 0.15901848
v 0.60985052 -0.57065806 -0.11051152
v 0.60985052 -0.57065806 -0.10660152
v 0.60985052 -0.56674805 0.51057847
v 0.60985052 -0.56674805 0.50666847
v 0.60984050 -0.56669804 0.51057847
v 0.60984050 -0.56670806 0.45588847
v 0.58250051 -0.60577807 0.80744847
v 0.60984050 -0.56671807 0.44416847
v 0.60984050 -0.56671807 0.44807847
v 0.60985052 -0.56674805 0.52229848
v 0.56687050 -0.37541807 0.98322847
v 0.60734047 -0.55850607 -0.22590898
v 0.60978587 -0.62529051 0.36331973
v 0.60984050 -0.56671807 0.43635847
v 0.60984050 -0.56671807 0.44026848
v 0.60984050 -0.57060805 0.20197848
v 0.60984050 -0.56298807 -0.39566151
v 0.60985052 -0.57065806 0.09651848
v 0.60593001 -0.56668192 -0.06127210
v 0.60985052 -0.55893806 -0.24332152
v 0.60907053 -0.50424805 0.83088847
v 0.60927276 -0.63167114 -0.08103658
v 0.60657713 -0.56267273 0.39714710
v 0.60985052 -0.61752805 0.72151848
v 0.60985052 -0.61752805 0.71760847
v 0.60985052 -0.56284806 -0.23160152
v 0.60984050 -0.56270805 -0.23160152
v 0.60984050 -0.56279805 -0.22769153
v 0.60985052 -0.56674805 0.40119847
v 0.60593050 -0.60582808 -0.29019151
v 0.60203051 -0.60582808 -0.29019151
v 0.60984050 -0.56672808 0.35822847
v 0.60594299 -0.57028118 -0.39301124
v 0.60862789 -0.56675061 -0.18466961
v 0.56687050 -0.56283805 -0.21207152
v 0.60985052 -0.56674805 -0.38785152
v 0.60984050 -0.57063809 -0.01285152
v 0.60984050 -0.56671807 0.60822847
v 0.60984050 -0.56671807 0.61213847
v 0.60985052 -0.57065806 -0.11441152
v 0.59422051 -0.09018806 0.05749848
v 0.60203051 -0.60580805 -0.29024152
v 0.60972162 -0.62909510 0.10660441
v 0.60984050 -0.57062808 -0.05973152
v 0.60607562 -0.56667409 -0.06399745
v 0.55715647 -0.56311768 0.13493498
v 0.60985052 -0.57065806 -0.09488152
v 0.60984050 -0.57063809 0.00666848
v 0.60985052 -0.57065806 -0.15348152
v 0.60985052 -0.57065806 0.14729848
v 0.60984050 -0.57061806 -0.14957152
v 0.60985052 -0.57065806 0.11604848
v 0.60833992 -0.56675037 -0.16513180
v 0.60984050 -0.57062808 0.16682847
v 0.60985052 -0.56284806 -0.22769153
v 0.60984050 -0.57060805 -0.17301152
v 0.60985052 -0.57065806 -0.37613151
v 0.60985052 -0.56674805 -0.38394151
v 0.60593050 -0.55895808 -0.22379152
v 0.60984050 -0.57063809 -0.04410152
v 0.60984050 -0.57061806 -0.15348152
v 0.60985052 -0.57065806 -0.15738153
v 0.57468050 -0.37534806 0.98321845
v 0.60984050 -0.56284806 -0.22374153
v 0.60984050 -0.56283805 -0.22379152
v 0.60984050 -0.57062808 0.15901848
v 0.53755537 -0.56223807 0.88382769
v 0.60984050 -0.57058808 0.22932847
v 0.60984050 -0.57058808 0.23322848
v 0.60876949 -0.56675327 0.22288499
v 0.60984050 -0.57062808 0.16291848
v 0.60984050 -0.57061806 0.18635847
v 0.60985052 -0.57065806 0.18244848
v 0.60985052 -0.62534806 -0.18082152
v 0.60603385 -0.56279757 0.37068785
v 0.60985139 -0.42718317 -0.47788817
v 0.60984050 -0.56669804 0.49104848
v 0.55634759 -0.55907146 0.61487139
v 0.54733238 -0.47406805 0.95299638
v 0.58017800 -0.56480555 -0.20523652
v 0.60984050 -0.57061806 -0.15738153
v 0.60984050 -0.50807807 0.83088847
v 0.57859050 -0.37534806 0.98321845
v 0.60984050 -0.49637806 0.84260847
v 0.60985052 -0.49643806 0.84260847
v 0.60984050 -0.33237806 -0.53241149
v 0.60984050 -0.32846805 -0.53243152
v 0.60984050 -0.56671807 0.42854848
v 0.60984050 -0.56671807 0.43244847
v 0.60984050 -0.56673804 0.35041847
v 0.60985052 -0.56674805 0.36994847
v 0.60985052 -0.56674805 0.36604848
v 0.60984050 -0.56672808 0.38947847
v 0.60985052 -0.57065806 0.27229848
v 0.60984050 -0.56670806 0.52619847
v 0.60984050 -0.56670806 0.53010847
v 0.60985052 -0.56674805 0.52619847
v 0.60984050 -0.56671807 0.59260847
v 0.60984050 -0.56671807 0.58869847
v 0.60984050 -0.56669804 0.52229848
v 0.60985052 -0.56674805 0.51838847
v 0.58250051 -0.50424805 0.94023850
v 0.57859050 -0.50424805 0.94023850
v 0.60984050 -0.56670806 0.55354848
v 0.60984050 -0.56671807 0.40901848
v 0.60985052 -0.56674805 0.46760847
v 0.60985052 -0.56674805 0.44807847
v 0.60985052 -0.56674805 0.45197847
v 0.60985052 -0.56674805 0.53010847
v 0.60985052 -0.61752805 0.71369847
v 0.57859050 -0.50418809 0.94026848
v 0.60985052 -0.56674805 0.67072847
v 0.59800066 -0.62143775 0.72113155
v 0.60917673 -0.59923992 0.81713160
v 0.60985052 -0.56674805 0.61213847
v 0.60985052 -0.56674805 0.61604848
v 0.60984050 -0.56671807 0.61604848
v 0.60949488 -0.53635891 0.92603685
v 0.60984050 -0.56288806 -0.39957152
v 0.60593481 -0.57814688 -0.37033014
v 0.60593050 -0.50815806 -0.36773152
v 0.60985052 -0.22446431 0.88460003
v 0.59422051 -0.49644807 -0.46207152
v 0.58640050 -0.49644807 -0.46207152
v 0.60885053 -0.49643806 0.83869847
v 0.60897258 -0.52281976 0.80923723
v 0.60829048 -0.43002805 -0.51676152
v 0.56475810 -0.33324008 0.97511623
v 0.60593050 -0.51204804 -0.36441151
v 0.58640050 -0.49643806 -0.46208153
v 0.60199602 -0.51204937 -0.36441005
v 0.51760796 -0.20104381 -0.54313932
v 0.60890587 -0.43249942 -0.51570158
v 0.60984050 -0.33627805 -0.53240154
v 0.60984050 -0.57062808 -0.08707152
v 0.60984050 -0.57062808 -0.09098152
v 0.60985584 -0.56249448 -0.40009526
v 0.58008785 -0.37539367 0.98322499
v 0.60983260 -0.33669997 -0.53238029
v 0.60985052 -0.32846805 -0.53238151
v 0.60984050 -0.42221805 -0.51325152
v 0.60880391 -0.41564520 -0.51897596
v 0.58560879 -0.18296158 0.62974582
v 0.61397018 -0.45864188 -0.42008835
v 0.60984050 -0.32455805 -0.53248153
v 0.60963464 -0.17279820 0.86536242
v 0.60982510 -0.13709489 0.24878462
v 0.60984050 -0.56670806 0.53401848
v 0.60985052 -0.13705806 0.25276848
v 0.60985052 -0.10190806 0.39338847
v 0.60985052 -0.56674805 0.47932847
v 0.60985052 -0.56674805 0.48322847
v 0.60985052 -0.56674805 0.60432847
v 0.60985052 -0.56674805 0.60041847
v 0.60984050 -0.56671807 0.60432847
v 0.60945824 -0.09247223 0.06923240
v 0.59422051 -0.14097807 0.24885847
v 0.60985052 -0.11362806 0.15901848
v 0.60985040 -0.20356241 0.83082640
v 0.60984050 -0.08627806 0.05731848
v 0.59422051 -0.09017806 0.05744848
v 0.60827670 -0.08605881 0.04445613
v 0.60984260 -0.62922558 -0.01559687
v 0.60985052 -0.57065806 -0.05191152
v 0.60984050 -0.10977806 0.14729848
v 0.60985052 -0.09018806 0.26447847
v 0.60985052 -0.10971806 0.15119848
v 0.60984050 -0.08256806 0.05354848
v 0.58250051 0.02308194 -0.13792152
v 0.57078051 0.02307194 -0.13785152
v 0.57859050 0.02308194 -0.13792152
v 0.58250051 0.02307194 -0.13785152
v 0.60593050 -0.56284806 0.36450847
v 0.60593050 -0.56282803 0.36604848
v 0.59031050 -0.11751806 0.15510847
v 0.58640050 0.02307194 -0.13785152
v 0.60883634 -0.02308564 -0.22464908
v 0.59422051 -0.02379806 -0.21598152
v 0.59422051 -0.02377806 -0.21606153
v 0.60916924 -0.57046069 -0.38620923
v 0.60985052 -0.56674805 -0.39176152
v 0.59422051 -0.60582808 -0.29019151
v 0.59812050 -0.60582808 -0.29019151
v 0.60985052 -0.57065806 -0.16129152
v 0.60984050 -0.56679806 -0.38785152
v 0.60984050 -0.55892804 -0.23551152
v 0.60984050 -0.55893806 -0.23551152
v 0.60984050 -0.55893806 -0.23548152
v 0.60985052 -0.50424805 0.83479848
v 0.60984050 -0.57062808 0.10432847
v 0.60984050 -0.57062808 0.10041848
v 0.60985052 -0.57065806 0.10041848
v 0.60985052 -0.57065806 -0.02848152
v 0.60985052 -0.57065806 -0.02457152
v 0.60985052 -0.57065806 0.18635847
v 0.60984050 -0.57061806 -0.13785152
v 0.60984050 -0.57062808 -0.09488152
v 0.60984050 -0.57061806 0.19026848
v 0.60985052 -0.57065806 0.20197848
v 0.60984050 -0.57060805 0.20588847
v 0.60985052 -0.57065806 -0.09098152
v 0.60985052 -0.57065806 0.08088848
v 0.60985052 -0.57065806 0.08479848
v 0.60593050 -0.56673804 0.02619848
v 0.60984050 -0.57062808 0.10822848
v 0.60985052 -0.57065806 0.10822848
v 0.60985052 -0.57065806 0.13947848
v 0.59434436 -0.56284211 0.36498463
v 0.60599052 -0.56674805 0.03791848
v 0.60984050 -0.56669804 0.51447847
v 0.60984050 -0.56669804 0.51838847
v 0.60985052 -0.57065806 -0.01676152
v 0.60598051 -0.56674805 0.03401848
v 0.60597049 -0.56674805 0.03010848
v 0.60919582 -0.62858399 0.65772813
v 0.60909736 -0.62666556 0.49814000
v 0.60984050 -0.57063809 -0.00113152
v 0.60985052 -0.56674805 0.48713847
v 0.60984050 -0.56669804 0.48713847
v 0.60984050 -0.57062808 0.13947848
v 0.60984050 -0.57062808 0.04963848
v 0.60985052 -0.57065806 0.26447847
v 0.60984050 -0.57052806 0.26447847
v 0.60593050 -0.62139806 0.72151848
v 0.60984050 -0.61754808 0.72151848
v 0.60984050 -0.61756805 0.71369847
v 0.60984050 -0.57051805 0.26838847
v 0.60984050 -0.57050803 0.27229848
v 0.60984050 -0.56672808 0.38557847
v 0.60985052 -0.56674805 0.38166847
v 0.60606050 -0.56674805 0.06135848
v 0.60985052 -0.56674805 0.36213847
v 0.60985052 -0.56674805 0.35822847
v 0.60985052 -0.56674805 0.44416847
v 0.60985052 -0.56674805 0.38947847
v 0.60985052 -0.57065806 0.19807847
v 0.60934211 -0.61191961 0.79608557
v 0.60985052 -0.56674805 0.60822847
v 0.60985052 -0.56674805 0.44026848
v 0.60985052 -0.56674805 0.56526848
v 0.60985052 -0.57065806 0.27619847
v 0.60985052 -0.56674805 0.67463847
v 0.60984981 -0.56617469 0.67887651
v 0.60984050 -0.56645808 0.67463847
v 0.60985052 -0.56674805 0.40510847
v 0.60984050 -0.56660804 0.67072847
v 0.60874050 -0.49252805 0.84260847
v 0.60985052 -0.56674805 0.59260847
v 0.60985052 -0.50815806 0.83088847
v 0.60985052 -0.56674805 0.40901848
v 0.60593050 -0.56283805 -0.21207152
v 0.59422051 -0.49643806 -0.46208153
v 0.60984050 -0.57063809 -0.02848152
v 0.60985052 -0.57065806 -0.07144153
v 0.60593033 -0.56676123 0.00847984
v 0.60985052 -0.57065806 -0.07926152
v 0.60984050 -0.57063809 0.00276848
v 0.60592795 -0.56679342 -0.01981578
v 0.60984050 -0.32065806 -0.53265152
v 0.60984050 -0.31674805 -0.53531150
v 0.60985052 -0.57065806 -0.02066152
v 0.60985052 -0.57065806 0.08869848
v 0.60985052 -0.57065806 0.04572848
v 0.60985052 -0.57065806 0.07307847
v 0.60607051 -0.56674805 0.06526848
v 0.60608052 -0.56674805 0.06916848
v 0.60985052 -0.57065806 0.15510847
v 0.60985052 -0.57065806 0.11994848
v 0.60984050 -0.57062808 0.11994848
v 0.60984050 -0.56672808 0.36213847
v 0.60985052 -0.59222384 0.16022049
v 0.60985052 -0.33627805 -0.53238151
v 0.60984050 -0.57062808 0.13166848
v 0.60985052 -0.57065806 0.17463847
v 0.60985052 -0.57065806 0.17854848
v 0.60984050 -0.56672808 0.35432847
v 0.60985052 -0.56674805 0.35041847
v 0.60985052 -0.56674805 0.35432847
v 0.60983499 -0.43013230 -0.51280592
v 0.60985052 -0.57065806 0.19026848
v 0.60984050 -0.57055804 0.25276848
v 0.60985052 -0.57065806 0.21369848
v 0.60985052 -0.57065806 0.20588847
v 0.60985052 -0.57065806 0.20979848
v 0.60747040 -0.56285660 0.43037221
v 0.60984050 -0.57056805 0.24885847
v 0.60984050 -0.57059804 0.22541848
v 0.60984050 -0.57057807 0.23713847
v 0.60984050 -0.57056805 0.24494848
v 0.60984947 -0.10279569 0.12674674
v 0.60985052 -0.57065806 0.22151848
v 0.60985052 -0.57065806 0.21760847
v 0.60985052 -0.57065806 0.24104848
v 0.60985054 -0.23084312 0.92083260
v 0.60984050 -0.57057807 0.24104848
v 0.60985052 -0.57065806 0.25276848
v 0.60985052 -0.56674805 0.46369847
v 0.60984050 -0.22690806 0.91688850
v 0.60984050 -0.23074806 0.92072847
v 0.60985052 -0.23080806 0.92072847
v 0.60984998 -0.57062616 0.28385902
v 0.60985052 -0.56674805 0.38557847
v 0.60984835 -0.32046437 -0.53251046
v 0.60985052 -0.56674805 0.42463847
v 0.60985052 -0.42612806 -0.51285152
v 0.60593050 -0.56278804 0.36994847
v 0.60985052 -0.56674805 0.41291847
v 0.60985052 -0.56674805 0.47541847
v 0.60985052 -0.56674805 0.42854848
v 0.60984050 -0.56670806 0.45197847
v 0.60985052 -0.56674805 0.43244847
v 0.60985052 -0.56674805 0.45588847
v 0.60984050 -0.56670806 0.47932847
v 0.60984050 -0.56670806 0.48322847
v 0.60984050 -0.10991806 0.15119848
v 0.60984050 -0.11362806 0.15497848
v 0.60984050 -0.56670806 0.55744847
v 0.60985052 -0.56674805 0.55744847
v 0.55300569 -0.55218999 0.49079841
v 0.60984050 -0.56671807 0.56916847
v 0.60837458 -0.56285301 0.52649342
v 0.60985052 -0.56674805 0.49885847
v 0.60985052 -0.56674805 0.54572847
v 0.60984050 -0.56671807 0.57697847
v 0.60984050 -0.56671807 0.58088847
v 0.60984050 -0.56670806 0.65901848
v 0.60985052 -0.56674805 0.65901848
v 0.60985052 -0.56674805 0.65510847
v 0.60984050 -0.56671807 0.65510847
v 0.60985052 -0.56674805 0.56916847
v 0.60984050 -0.56671807 0.57307847
v 0.60985052 -0.56674805 0.63947847
v 0.60985052 -0.56674805 0.64338847
v 0.60984050 -0.56672808 0.64338847
v 0.60984050 -0.56671807 0.58479848
v 0.60985052 -0.56674805 0.58088847
v 0.60985052 -0.56674805 0.58479848
v 0.60985052 -0.56674805 0.56135847
v 0.60985052 -0.56674805 0.63557847
v 0.60984050 -0.56672808 0.63557847
v 0.60985052 -0.56674805 0.58869847
v 0.60984050 -0.56672808 0.63947847
v 0.60984050 -0.56671807 0.61994847
v 0.60985052 -0.56674805 0.64729848
v 0.60985052 -0.56674805 0.65119847
v 0.60984050 -0.56672808 0.63166847
v 0.60931063 -0.50068458 -0.37538154
v 0.60593505 -0.33904129 -0.53569430
v 0.60984050 -0.42612806 -0.51297150
v 0.60796495 -0.42986024 -0.51789568
v 0.60985052 -0.33237806 -0.53238151
v 0.60971111 -0.38853110 -0.52619167
v 0.57372592 -0.33727505 -0.53603393
v 0.60985052 -0.32455805 -0.53238151
v 0.60593050 -0.33598807 -0.53629152
v 0.60985052 -0.31943493 -0.51700151
v 0.60593050 -0.22844806 0.92463847
v 0.60985052 -0.22690806 0.91682847
v 0.58250051 -0.16446806 0.86213847
v 0.61599479 -0.30055012 0.96004589
v 0.60713603 -0.22578377 0.92186157
v 0.60593050 -0.16440806 0.86206850
v 0.60593050 -0.16446806 0.86213847
v 0.60984050 -0.16830806 0.85842850
v 0.60985052 -0.08627806 0.27229848
v 0.58640050 -0.16446806 0.86213847
v 0.60984050 -0.17202806 0.86213847
v 0.60592741 -0.17126771 0.86875153
v 0.60797828 -0.20806909 0.90403727
v 0.60985052 -0.11362806 0.15510847
v 0.60985052 -0.16830806 0.85822847
v 0.60984050 -0.08236806 0.26838847
v 0.60984050 -0.08234806 0.26447847
v 0.60984050 -0.08237806 0.26838847
v 0.60985052 -0.08237806 0.26447847
v 0.60593050 -0.09799806 0.39986848
v 0.60984050 -0.11363806 0.15510847
v 0.60593050 -0.11751806 0.15510847
v 0.60593050 -0.07866806 0.26838847
v 0.60984050 -0.08237806 0.26848849
v 0.60203051 -0.02379806 -0.21598152
v 0.60593050 -0.02379806 -0.21598152
v 0.60593050 -0.02287806 -0.21988153
v 0.59812050 -0.02379806 -0.21598152
v 0.59812050 -0.02377806 -0.21606153
f 1 2 3
f 4 5 6
f 7 8 9
f 11 12 13
f 104 14 15
f 16 17 80
f 798 10 121
f 18 19 20
f 121 4257 21
f 82 121 21
f 22 1013 23
f 26 24 10
f 21 70 25
f 27 28 48
f 30 31 32
f 33 13 794
f 34 35 207
f 35 34 36
f 38 39 40
f 42 43 44
f 118 45 46
f 49 50 51
f 4257 121 10
f 269 21 25
f 52 53 54
f 82 21 269
f 55 56 57
f 104 58 59
f 121 57 56
f 25 70 306
f 60 62 61
f 5 64 6
f 65 66 3032
f 67 68 69
f 72 73 74
f 794 73 72
f 75 57 76
f 118 78 79
f 83 44 10
f 81 84 80
f 371 86 87
f 50 104 51
f 43 42 118
f 708 19 18
f 89 14 59
f 90 91 104
f 84 93 94
f 32 95 118
f 96 402 97
f 98 59 58
f 62 99 27
f 102 103 118
f 77 104 105
f 77 106 104
f 59 14 104
f 85 91 41
f 91 85 58
f 77 105 109
f 108 41 90
f 207 110 111
f 17 112 113
f 17 114 112
f 115 116 117
f 42 119 118
f 49 43 118
f 100 122 123
f 49 51 43
f 104 124 90
f 116 125 117
f 121 125 116
f 4 6 126
f 105 107 109
f 105 104 107
f 127 128 798
f 36 129 35
f 10 6 64
f 85 98 58
f 81 93 84
f 111 34 207
f 34 111 130
f 42 44 83
f 119 42 83
f 113 50 49
f 118 100 123
f 124 93 81
f 132 118 123
f 113 49 118
f 84 16 80
f 80 85 41
f 80 98 85
f 80 41 108
f 34 130 36
f 45 132 133
f 16 94 114
f 134 122 100
f 122 134 798
f 51 104 44
f 104 15 107
f 108 81 80
f 107 15 109
f 118 132 45
f 135 2 136
f 119 137 118
f 84 94 16
f 140 141 60
f 141 140 708
f 5 4 118
f 10 24 126
f 41 91 90
f 89 80 77
f 50 112 104
f 142 143 144
f 98 89 59
f 17 113 80
f 77 80 118
f 32 145 95
f 134 92 798
f 14 89 146
f 14 146 15
f 112 114 104
f 146 109 15
f 26 31 30
f 31 26 10
f 93 104 94
f 148 149 150
f 17 16 114
f 77 109 146
f 77 146 89
f 43 51 44
f 80 89 98
f 152 153 151
f 153 154 151
f 798 154 153
f 79 92 134
f 104 93 124
f 112 50 113
f 80 113 118
f 152 151 1884
f 108 90 124
f 81 108 124
f 31 145 32
f 10 145 31
f 156 158 157
f 102 4 126
f 104 114 94
f 79 78 92
f 91 58 104
f 123 159 132
f 126 6 10
f 48 160 1013
f 61 161 20
f 161 18 20
f 137 5 118
f 104 10 44
f 118 30 32
f 10 162 145
f 118 163 78
f 99 708 164
f 166 167 149
f 10 168 83
f 168 64 137
f 5 137 64
f 95 145 162
f 4 102 118
f 119 83 168
f 137 119 168
f 78 169 92
f 117 125 170
f 64 168 10
f 103 26 30
f 24 26 103
f 132 159 133
f 30 118 103
f 162 169 163
f 48 115 160
f 102 126 24
f 103 102 24
f 95 163 118
f 171 153 152
f 153 171 798
f 172 173 511
f 173 172 174
f 1884 175 176
f 20 19 177
f 794 178 179
f 180 165 48
f 165 180 181
f 122 798 159
f 123 122 159
f 183 708 39
f 40 60 61
f 60 40 140
f 110 46 128
f 184 185 186
f 798 92 10
f 798 36 130
f 163 95 162
f 100 79 134
f 10 92 169
f 207 35 187
f 35 129 187
f 188 708 189
f 190 191 192
f 118 79 100
f 78 163 169
f 193 194 195
f 166 148 61
f 148 166 149
f 197 167 166
f 198 199 200
f 708 18 189
f 111 127 130
f 10 169 162
f 40 39 140
f 62 27 61
f 201 202 203
f 46 45 204
f 798 133 159
f 205 29 206
f 152 1884 207
f 118 46 207
f 208 148 150
f 151 154 175
f 798 128 204
f 207 187 152
f 45 133 204
f 209 198 182
f 208 150 183
f 46 204 128
f 46 110 207
f 189 18 161
f 210 72 74
f 211 212 213
f 204 133 798
f 27 99 164
f 214 211 213
f 214 215 211
f 798 130 127
f 128 127 110
f 61 177 197
f 177 216 197
f 111 110 127
f 187 171 152
f 129 171 187
f 217 218 794
f 219 220 221
f 220 222 221
f 1013 214 213
f 223 164 121
f 19 216 177
f 148 208 61
f 61 20 177
f 224 225 63
f 708 150 149
f 216 708 167
f 197 216 167
f 75 55 57
f 140 39 708
f 209 199 198
f 125 56 170
f 38 40 61
f 708 121 164
f 28 180 48
f 180 28 223
f 82 186 200
f 171 129 798
f 226 227 179
f 117 215 228
f 117 170 215
f 176 189 161
f 1884 176 161
f 798 129 36
f 121 181 223
f 82 229 206
f 121 56 125
f 206 229 230
f 231 232 233
f 149 167 708
f 234 235 236
f 151 175 1884
f 798 188 154
f 176 175 188
f 175 154 188
f 188 798 708
f 61 1884 161
f 208 38 61
f 38 208 183
f 708 216 19
f 180 223 181
f 38 183 39
f 176 188 189
f 65 240 66
f 48 61 27
f 243 244 245
f 141 99 62
f 99 141 708
f 60 141 62
f 28 164 223
f 115 147 116
f 147 121 116
f 197 166 61
f 121 147 181
f 246 247 23
f 11 247 246
f 11 248 247
f 27 164 28
f 247 248 238
f 248 249 238
f 215 214 250
f 251 252 143
f 252 12 143
f 1013 160 250
f 708 183 150
f 1013 213 254
f 74 255 182
f 256 217 257
f 144 246 23
f 246 144 143
f 184 186 242
f 213 212 254
f 48 1013 61
f 57 121 76
f 160 228 250
f 214 1013 250
f 249 258 218
f 226 260 259
f 3 135 3032
f 248 258 249
f 165 181 147
f 165 115 48
f 115 165 147
f 263 191 190
f 228 215 250
f 170 211 215
f 170 55 211
f 264 136 265
f 224 65 3032
f 211 55 212
f 55 75 212
f 257 226 259
f 794 218 258
f 170 56 55
f 160 115 228
f 115 117 228
f 1013 254 142
f 12 266 13
f 268 3032 267
f 794 29 73
f 205 230 182
f 212 75 251
f 75 252 251
f 270 224 3032
f 255 205 182
f 241 263 190
f 371 87 101
f 82 63 225
f 178 72 210
f 794 72 178
f 794 13 266
f 1013 238 259
f 271 272 273
f 247 238 22
f 12 252 266
f 252 75 76
f 252 76 266
f 251 143 142
f 256 249 218
f 1013 259 182
f 242 232 274
f 254 251 142
f 212 251 254
f 226 179 260
f 266 76 794
f 259 260 182
f 260 210 182
f 249 259 238
f 249 256 259
f 218 217 256
f 247 22 23
f 76 121 794
f 230 229 276
f 248 11 33
f 11 13 33
f 12 246 143
f 12 11 246
f 264 265 277
f 182 184 3032
f 184 274 3032
f 1013 142 144
f 1013 144 23
f 248 33 258
f 260 179 178
f 276 229 278
f 33 794 258
f 234 279 235
f 185 200 186
f 209 278 199
f 65 63 240
f 63 82 240
f 217 227 257
f 257 227 226
f 256 257 259
f 794 227 217
f 82 242 186
f 74 73 255
f 280 281 282
f 281 280 283
f 230 205 206
f 1013 22 238
f 794 206 29
f 210 260 178
f 198 185 182
f 73 29 255
f 205 255 29
f 263 279 191
f 279 269 191
f 185 198 200
f 230 276 182
f 274 231 3032
f 231 274 232
f 82 206 794
f 210 74 182
f 285 269 68
f 135 264 3032
f 282 286 280
f 209 276 278
f 66 287 3032
f 276 209 182
f 288 234 236
f 227 794 179
f 82 278 229
f 287 196 289
f 270 231 233
f 290 291 82
f 269 292 293
f 232 242 82
f 136 269 265
f 264 135 136
f 66 196 287
f 82 225 233
f 231 270 3032
f 65 224 63
f 274 184 242
f 294 295 296
f 297 298 299
f 240 196 66
f 196 240 82
f 3 268 1
f 300 287 289
f 185 184 182
f 269 301 292
f 270 233 225
f 224 270 225
f 278 82 199
f 1013 182 3032
f 200 199 82
f 192 191 269
f 82 233 232
f 277 236 3032
f 82 289 196
f 241 294 67
f 136 2 269
f 298 302 303
f 241 295 294
f 295 190 192
f 291 290 267
f 300 267 3032
f 3 2 135
f 268 3 3032
f 287 300 3032
f 241 190 295
f 293 69 68
f 304 415 305
f 2 82 269
f 268 267 290
f 82 2 1
f 82 1 290
f 268 290 1
f 307 201 308
f 269 234 288
f 82 291 289
f 300 289 291
f 267 300 291
f 294 296 285
f 282 139 286
f 288 236 277
f 3032 264 277
f 309 1347 310
f 279 263 235
f 236 235 241
f 3032 236 241
f 265 288 277
f 269 288 265
f 293 68 269
f 311 312 313
f 235 263 241
f 314 301 297
f 315 316 317
f 295 192 296
f 269 296 192
f 269 285 296
f 269 302 298
f 269 279 234
f 69 329 241
f 329 69 318
f 67 285 68
f 67 294 285
f 319 320 37
f 314 297 299
f 67 69 241
f 318 322 329
f 311 313 323
f 312 302 313
f 302 312 303
f 324 325 326
f 314 329 322
f 327 53 328
f 69 293 318
f 301 314 322
f 292 301 322
f 314 299 329
f 318 292 322
f 293 292 318
f 303 329 299
f 298 303 299
f 311 323 308
f 312 311 329
f 297 301 269
f 313 269 25
f 269 313 302
f 303 312 329
f 54 203 52
f 201 203 54
f 269 298 297
f 328 53 332
f 54 308 201
f 202 201 307
f 329 311 54
f 311 308 54
f 52 332 53
f 52 333 332
f 323 307 308
f 54 53 327
f 174 334 335
f 202 333 203
f 333 52 203
f 336 337 338
f 339 340 341
f 342 343 439
f 307 323 25
f 313 25 323
f 328 306 327
f 25 333 202
f 25 202 307
f 319 138 344
f 139 131 371
f 874 139 371
f 25 332 333
f 25 306 328
f 328 332 25
f 54 327 329
f 329 306 237
f 120 346 362
f 327 306 329
f 911 347 356
f 139 874 286
f 131 283 371
f 155 138 37
f 350 351 352
f 354 96 97
f 356 357 358
f 282 131 139
f 353 359 360
f 280 286 361
f 745 364 365
f 366 367 343
f 356 367 366
f 158 366 368
f 156 335 334
f 47 857 349
f 372 373 374
f 376 811 377
f 378 379 380
f 280 88 283
f 381 87 382
f 384 385 346
f 386 387 388
f 77 371 402
f 101 275 243
f 239 389 390
f 237 306 70
f 391 392 393
f 394 1127 395
f 396 433 397
f 398 399 400
f 283 88 37
f 358 911 356
f 120 384 346
f 138 155 239
f 662 403 404
f 453 120 362
f 409 410 411
f 410 409 450
f 874 371 101
f 244 412 71
f 371 77 71
f 86 371 71
f 413 414 8
f 281 283 131
f 357 416 358
f 874 1851 88
f 282 281 131
f 346 405 362
f 385 405 346
f 397 433 418
f 419 453 348
f 874 361 286
f 415 304 420
f 422 419 348
f 304 385 420
f 405 385 304
f 422 384 419
f 384 120 419
f 385 422 420
f 420 422 348
f 405 305 421
f 415 420 348
f 120 453 419
f 405 304 305
f 305 415 355
f 421 305 355
f 385 384 422
f 405 421 362
f 1851 362 155
f 155 355 415
f 415 389 239
f 423 424 425
f 426 427 222
f 220 426 222
f 355 362 421
f 428 429 430
f 239 155 415
f 355 155 362
f 407 431 432
f 415 348 389
f 245 244 71
f 361 874 88
f 1851 155 37
f 88 280 361
f 397 418 383
f 396 397 383
f 434 435 436
f 437 438 434
f 863 4354 369
f 439 347 911
f 317 353 315
f 440 441 442
f 172 443 444
f 446 357 447
f 316 449 360
f 316 315 449
f 316 449 451
f 449 452 451
f 452 316 451
f 452 449 316
f 416 454 455
f 454 357 455
f 357 454 416
f 433 396 857
f 360 449 284
f 458 375 446
f 452 1851 284
f 418 863 47
f 359 451 360
f 451 316 360
f 451 359 316
f 447 356 460
f 396 383 349
f 461 462 5789
f 462 461 463
f 449 452 284
f 317 359 353
f 452 449 457
f 464 465 466
f 467 1434 468
f 383 418 47
f 900 47 476
f 469 401 470
f 911 455 321
f 455 911 416
f 383 47 349
f 6074 471 472
f 863 418 433
f 1851 457 315
f 458 446 447
f 360 284 903
f 316 359 317
f 453 1851 315
f 284 1851 903
f 315 457 449
f 452 457 1851
f 857 396 349
f 401 477 478
f 1741 315 459
f 458 460 375
f 911 358 416
f 479 480 481
f 413 7 991
f 482 483 1460
f 368 484 485
f 486 473 157
f 487 488 489
f 360 903 353
f 459 315 353
f 460 356 375
f 157 368 485
f 491 450 492
f 476 47 467
f 493 494 1460
f 495 494 493
f 345 930 341
f 441 440 496
f 1741 459 448
f 498 499 500
f 501 502 1272
f 503 555 536
f 444 443 504
f 367 356 347
f 368 366 484
f 844 490 476
f 446 375 321
f 342 911 511
f 342 439 911
f 340 496 417
f 340 441 496
f 455 446 321
f 446 455 357
f 341 930 339
f 505 499 614
f 505 506 499
f 440 443 496
f 444 334 174
f 508 509 510
f 261 262 512
f 156 356 158
f 458 447 460
f 447 458 454
f 458 357 454
f 357 447 454
f 357 458 447
f 439 367 347
f 473 335 156
f 156 334 356
f 476 456 516
f 447 357 356
f 367 439 343
f 466 518 519
f 500 1307 1246
f 520 521 522
f 514 326 325
f 496 172 417
f 496 443 172
f 173 486 511
f 173 473 486
f 173 335 473
f 366 158 356
f 345 340 417
f 345 341 340
f 524 539 543
f 484 366 343
f 527 528 1300
f 527 529 528
f 530 531 532
f 533 534 535
f 172 444 174
f 340 339 441
f 512 503 536
f 930 442 339
f 364 538 365
f 538 526 365
f 542 356 930
f 486 485 511
f 486 157 485
f 539 555 515
f 473 156 157
f 627 345 417
f 512 525 503
f 480 540 5789
f 540 480 479
f 627 930 345
f 511 417 172
f 541 525 262
f 261 541 262
f 525 515 555
f 325 498 514
f 498 325 324
f 442 504 440
f 504 442 356
f 339 442 441
f 544 545 581
f 546 547 497
f 548 547 546
f 261 512 539
f 541 515 525
f 484 343 342
f 356 442 930
f 549 550 551
f 485 342 511
f 342 485 484
f 512 536 539
f 811 552 363
f 173 174 335
f 440 504 443
f 368 157 158
f 504 334 444
f 334 504 356
f 557 558 559
f 558 557 1153
f 560 561 562
f 556 554 1109
f 539 556 555
f 578 614 326
f 499 506 325
f 506 324 325
f 324 499 325
f 324 506 499
f 563 564 565
f 515 541 261
f 514 498 1246
f 525 555 503
f 536 513 539
f 560 569 568
f 569 539 568
f 523 570 475
f 571 572 1460
f 262 525 512
f 573 378 380
f 499 506 500
f 575 576 309
f 576 577 309
f 579 569 560
f 386 580 387
f 580 581 387
f 261 539 515
f 534 350 582
f 219 497 220
f 326 514 578
f 586 587 488
f 585 588 589
f 554 556 539
f 585 628 590
f 607 591 271
f 592 593 594
f 606 592 594
f 627 417 1265
f 595 596 574
f 561 597 598
f 595 599 596
f 600 596 599
f 596 600 564
f 595 554 599
f 565 560 562
f 574 565 562
f 574 563 565
f 6464 601 602
f 564 600 569
f 579 564 569
f 565 579 560
f 595 574 554
f 596 564 563
f 574 596 563
f 562 561 598
f 560 568 561
f 554 539 599
f 564 579 565
f 539 569 600
f 603 604 607
f 561 568 605
f 597 561 605
f 506 505 500
f 539 600 599
f 505 1307 500
f 324 499 498
f 614 499 324
f 608 310 330
f 609 608 330
f 578 514 530
f 219 538 497
f 614 324 326
f 271 273 607
f 498 500 1246
f 581 545 613
f 598 606 562
f 649 2208 497
f 570 611 475
f 1307 505 614
f 1307 2010 979
f 273 612 524
f 543 273 524
f 219 221 526
f 538 219 526
f 514 531 530
f 580 386 544
f 386 581 544
f 581 580 544
f 616 490 617
f 581 613 537
f 618 544 581
f 537 387 581
f 388 387 537
f 615 618 967
f 618 615 544
f 618 578 967
f 615 545 544
f 618 386 578
f 386 388 578
f 613 545 615
f 581 386 618
f 578 1251 967
f 613 615 967
f 619 193 859
f 656 613 937
f 631 656 937
f 662 585 589
f 622 816 623
f 625 350 626
f 625 351 350
f 628 585 629
f 626 534 533
f 588 626 533
f 630 625 626
f 350 352 582
f 351 629 352
f 628 351 625
f 630 626 588
f 626 350 534
f 351 628 629
f 352 629 1265
f 590 628 625
f 585 630 588
f 590 625 630
f 629 585 627
f 582 352 1265
f 585 590 630
f 1576 2024 584
f 588 533 589
f 598 592 606
f 632 592 605
f 592 632 593
f 594 593 603
f 592 597 605
f 574 562 606
f 632 568 539
f 606 594 603
f 632 605 568
f 272 612 273
f 604 591 607
f 591 272 271
f 604 517 591
f 593 632 633
f 634 593 633
f 272 591 612
f 591 517 612
f 603 634 604
f 593 634 603
f 606 603 607
f 607 273 543
f 635 636 4764
f 635 637 636
f 597 592 598
f 517 604 633
f 604 634 633
f 632 539 633
f 606 607 1109
f 517 633 539
f 539 612 517
f 539 524 612
f 1109 607 543
f 539 639 543
f 523 221 222
f 497 547 426
f 523 222 427
f 548 546 611
f 570 427 426
f 543 639 1010
f 547 611 570
f 1347 577 644
f 547 548 427
f 548 426 427
f 426 547 427
f 309 577 1347
f 641 642 638
f 743 641 638
f 643 648 642
f 644 577 645
f 646 643 647
f 648 646 640
f 611 2208 475
f 570 523 427
f 547 548 611
f 2208 546 497
f 426 548 570
f 548 547 570
f 220 497 426
f 546 2208 611
f 523 526 221
f 523 745 365
f 526 523 365
f 650 514 651
f 532 652 653
f 530 532 1251
f 694 659 660
f 660 661 663
f 664 661 657
f 654 665 663
f 769 666 667
f 668 669 670
f 631 662 2943
f 663 664 654
f 671 672 673
f 674 672 671
f 543 1010 707
f 646 677 640
f 677 646 678
f 680 681 5977
f 1010 639 682
f 609 330 1347
f 677 566 640
f 677 567 566
f 575 608 645
f 646 647 678
f 678 683 567
f 609 645 608
f 1347 330 310
f 686 687 688
f 646 648 643
f 648 743 638
f 575 309 310
f 608 575 310
f 576 575 645
f 577 576 645
f 644 645 609
f 532 653 1251
f 689 690 691
f 2010 578 537
f 660 659 661
f 694 658 695
f 694 656 658
f 537 656 694
f 656 655 658
f 695 661 659
f 695 655 661
f 694 695 659
f 655 695 658
f 664 657 654
f 661 659 663
f 659 664 663
f 664 659 661
f 654 631 665
f 655 656 657
f 657 661 655
f 663 665 660
f 1361 660 665
f 1361 694 660
f 1057 699 700
f 701 702 935
f 647 643 642
f 641 647 642
f 704 833 705
f 706 393 392
f 393 706 450
f 677 678 567
f 683 678 643
f 678 647 643
f 647 683 643
f 567 683 685
f 683 647 685
f 641 743 685
f 647 641 685
f 697 648 709
f 648 638 642
f 697 644 648
f 962 712 713
f 714 715 1005
f 716 717 1005
f 718 1251 719
f 722 723 724
f 725 726 727
f 728 729 730
f 687 395 688
f 1057 731 732
f 733 734 1034
f 735 354 97
f 734 733 736
f 736 733 445
f 445 737 738
f 737 686 738
f 567 685 566
f 739 740 709
f 741 742 787
f 746 747 748
f 720 710 832
f 720 990 3027
f 720 609 710
f 669 766 960
f 668 766 669
f 769 757 1010
f 751 752 1432
f 675 753 754
f 766 620 755
f 668 744 766
f 758 759 2331
f 758 760 759
f 761 744 668
f 744 761 757
f 755 667 762
f 763 667 755
f 675 764 753
f 765 674 671
f 765 757 674
f 673 767 768
f 673 672 767
f 620 763 755
f 763 620 769
f 685 1311 1423
f 770 771 1881
f 740 693 772
f 773 774 775
f 776 777 3487
f 757 766 744
f 753 779 787
f 764 779 753
f 780 781 782
f 768 761 670
f 767 768 670
f 767 761 768
f 761 668 670
f 757 761 767
f 784 785 741
f 671 673 783
f 762 666 785
f 762 667 666
f 766 769 620
f 769 766 757
f 786 669 960
f 669 786 670
f 765 671 783
f 786 960 783
f 783 768 786
f 768 767 786
f 670 786 767
f 757 767 672
f 785 666 741
f 666 742 741
f 666 769 742
f 788 714 1005
f 762 785 789
f 764 789 779
f 789 784 779
f 785 784 789
f 769 667 763
f 766 755 762
f 762 789 766
f 789 764 766
f 784 741 787
f 779 784 787
f 788 675 754
f 766 764 675
f 787 742 769
f 1423 787 769
f 787 1423 1322
f 791 792 787
f 788 754 793
f 737 1034 686
f 765 783 757
f 768 783 673
f 783 1010 757
f 1010 783 960
f 672 674 757
f 795 409 411
f 354 106 96
f 354 1034 106
f 121 708 798
f 796 709 797
f 9 8 71
f 799 243 245
f 801 735 97
f 551 550 802
f 550 1203 802
f 652 650 653
f 803 239 804
f 406 805 432
f 1034 735 806
f 807 808 809
f 77 402 106
f 432 431 406
f 106 402 96
f 810 805 320
f 805 406 37
f 101 243 991
f 275 381 412
f 412 382 86
f 407 815 431
f 283 37 371
f 1074 37 406
f 812 813 814
f 466 465 552
f 817 650 651
f 243 275 244
f 138 239 344
f 37 138 319
f 819 820 821
f 7 413 8
f 715 714 822
f 823 824 825
f 826 1034 827
f 118 207 1884
f 829 830 962
f 82 794 121
f 831 796 713
f 61 1013 1884
f 542 662 631
f 720 832 990
f 241 329 3032
f 475 2208 979
f 239 807 809
f 412 86 71
f 239 809 804
f 438 377 435
f 817 651 549
f 549 551 1251
f 821 9 71
f 478 837 2519
f 371 37 402
f 275 412 244
f 87 381 101
f 320 805 37
f 362 1851 453
f 810 815 838
f 8 414 71
f 805 838 432
f 799 245 414
f 243 799 991
f 1034 354 735
f 820 9 821
f 369 376 840
f 842 843 844
f 521 520 845
f 651 550 549
f 846 847 1265
f 848 847 846
f 709 849 739
f 430 429 850
f 802 851 852
f 851 802 1203
f 859 70 853
f 854 855 856
f 239 390 807
f 456 467 468
f 818 858 374
f 372 859 860
f 320 319 344
f 434 438 435
f 810 239 815
f 389 861 390
f 438 434 377
f 434 376 377
f 434 438 376
f 858 70 859
f 377 811 862
f 476 493 900
f 369 811 376
f 864 1127 865
f 436 850 429
f 372 860 373
f 866 867 752
f 816 867 866
f 810 838 805
f 861 808 807
f 868 348 869
f 348 845 520
f 434 436 863
f 522 870 871
f 863 436 834
f 437 376 438
f 376 437 840
f 808 348 868
f 811 466 552
f 799 413 991
f 407 432 838
f 808 868 809
f 413 799 414
f 991 820 819
f 861 348 808
f 815 407 838
f 381 275 101
f 820 7 9
f 810 344 239
f 991 7 820
f 344 810 320
f 414 245 71
f 389 348 861
f 381 382 412
f 382 87 86
f 552 501 363
f 586 818 875
f 859 372 858
f 586 875 587
f 858 818 369
f 876 877 878
f 70 858 369
f 860 879 373
f 858 372 374
f 880 881 882
f 1688 883 884
f 879 818 373
f 862 430 850
f 885 502 519
f 373 818 374
f 436 435 850
f 859 399 398
f 435 377 850
f 850 377 862
f 429 428 834
f 436 429 834
f 70 369 4354
f 869 803 804
f 428 862 834
f 862 428 430
f 494 836 1460
f 886 836 494
f 369 840 863
f 868 869 804
f 840 437 863
f 437 434 863
f 819 821 872
f 809 868 804
f 390 861 807
f 399 408 400
f 37 88 1851
f 688 1127 738
f 827 806 887
f 520 522 871
f 686 688 738
f 874 101 991
f 348 520 871
f 811 834 862
f 870 522 239
f 888 889 1045
f 873 803 869
f 870 239 803
f 903 1851 2519
f 859 587 890
f 395 687 826
f 826 394 395
f 521 239 522
f 348 871 873
f 348 873 869
f 873 870 803
f 363 863 834
f 818 891 875
f 892 853 833
f 859 890 893
f 894 895 896
f 897 894 896
f 70 833 853
f 870 873 871
f 502 501 519
f 878 877 816
f 898 476 516
f 468 1434 899
f 469 470 2519
f 898 899 843
f 901 892 902
f 353 903 2519
f 904 5789 905
f 4354 863 433
f 900 4354 433
f 469 2519 448
f 516 468 899
f 47 863 1434
f 886 494 495
f 899 1434 843
f 456 468 516
f 47 900 857
f 476 898 842
f 843 1434 844
f 453 315 1741
f 477 401 448
f 470 478 2519
f 463 461 908
f 477 837 478
f 47 1434 467
f 898 843 842
f 516 899 898
f 495 476 907
f 476 495 493
f 844 476 842
f 702 910 679
f 900 433 857
f 456 476 467
f 4354 375 356
f 837 477 448
f 401 469 448
f 459 837 448
f 401 478 470
f 459 353 837
f 912 913 914
f 837 353 2519
f 1153 915 916
f 915 917 916
f 585 542 930
f 918 919 471
f 919 918 5259
f 900 493 1460
f 920 907 921
f 922 923 924
f 448 2519 1741
f 841 839 1265
f 375 900 321
f 4354 900 375
f 657 656 631
f 925 423 425
f 911 321 4353
f 1265 417 511
f 1741 556 1153
f 927 928 929
f 556 915 1153
f 915 556 1109
f 931 932 933
f 917 915 1109
f 533 535 934
f 589 533 934
f 930 627 585
f 555 556 1741
f 927 916 928
f 916 927 1153
f 916 917 928
f 832 710 750
f 928 917 1109
f 929 928 1109
f 554 574 1109
f 536 555 513
f 574 606 1109
f 939 914 848
f 464 552 465
f 492 450 854
f 891 893 890
f 941 942 913
f 621 943 403
f 337 535 841
f 676 1530 944
f 535 534 839
f 1741 513 555
f 589 934 621
f 662 621 403
f 945 946 912
f 946 913 912
f 1530 662 404
f 943 337 336
f 947 948 624
f 941 336 949
f 337 841 338
f 702 679 639
f 950 824 823
f 639 539 513
f 639 679 682
f 852 851 719
f 614 2010 1307
f 1251 653 817
f 1251 578 530
f 514 1246 1203
f 848 846 953
f 653 650 817
f 1251 817 549
f 531 514 652
f 532 531 652
f 514 1203 651
f 652 514 650
f 551 802 852
f 550 651 1203
f 692 851 1203
f 253 954 791
f 949 338 1265
f 946 941 913
f 952 942 1265
f 913 942 952
f 1265 629 627
f 2943 662 1530
f 662 589 621
f 534 582 839
f 934 337 943
f 621 934 943
f 939 848 955
f 676 939 955
f 338 841 1265
f 913 952 914
f 535 839 841
f 934 535 337
f 955 848 953
f 943 336 956
f 403 943 956
f 336 338 949
f 847 952 1265
f 847 914 952
f 955 948 947
f 955 953 948
f 956 946 404
f 956 941 946
f 912 914 939
f 944 912 939
f 839 582 1265
f 956 336 941
f 942 949 1265
f 949 942 941
f 403 956 404
f 957 958 959
f 940 701 935
f 404 946 945
f 914 847 848
f 1530 404 945
f 585 662 542
f 676 955 947
f 944 939 676
f 945 912 944
f 944 1530 945
f 656 537 613
f 951 910 701
f 910 682 679
f 935 1623 940
f 951 701 940
f 649 497 538
f 696 1347 2208
f 364 745 649
f 523 475 979
f 364 649 538
f 720 644 609
f 963 718 692
f 947 1530 676
f 624 1530 947
f 682 910 951
f 702 701 910
f 702 639 935
f 1623 961 940
f 961 682 940
f 682 951 940
f 1010 682 961
f 797 709 610
f 644 697 962
f 718 963 964
f 717 965 966
f 851 692 719
f 537 578 388
f 578 2010 614
f 852 719 1251
f 1361 2010 537
f 718 719 692
f 852 1251 551
f 631 654 657
f 967 937 613
f 537 694 1361
f 968 969 970
f 971 717 966
f 792 966 787
f 1109 543 1524
f 648 640 1645
f 714 788 793
f 972 825 973
f 640 566 1645
f 1311 685 743
f 566 685 1423
f 712 831 713
f 697 711 712
f 648 644 743
f 711 831 712
f 829 797 830
f 797 610 830
f 830 610 772
f 711 697 709
f 1311 743 644
f 711 709 831
f 697 712 962
f 610 740 772
f 831 709 796
f 962 713 829
f 796 797 829
f 713 796 829
f 610 709 740
f 739 849 974
f 609 1347 696
f 990 749 988
f 2010 696 649
f 975 832 750
f 2010 649 745
f 696 2208 649
f 696 2010 710
f 523 2010 745
f 523 979 2010
f 976 977 978
f 980 981 2009
f 965 790 787
f 714 793 822
f 793 754 787
f 982 983 984
f 801 887 806
f 891 818 408
f 822 793 787
f 394 827 887
f 406 824 985
f 566 769 1645
f 1005 954 253
f 1127 394 887
f 644 720 1311
f 715 822 790
f 566 1423 769
f 766 675 1005
f 962 986 987
f 1311 720 3027
f 609 696 710
f 1224 1347 644
f 750 710 989
f 990 832 975
f 990 975 749
f 749 975 750
f 749 750 989
f 988 749 989
f 991 819 872
f 790 822 787
f 716 715 790
f 754 753 787
f 693 740 739
f 772 962 830
f 849 993 986
f 709 993 849
f 849 986 974
f 693 962 772
f 1251 994 995
f 739 974 693
f 974 962 693
f 986 962 974
f 997 3145 998
f 999 997 998
f 971 966 792
f 1521 707 1010
f 954 971 792
f 253 791 1000
f 1001 253 1000
f 675 788 1005
f 1002 1003 1322
f 1004 1003 1002
f 1005 715 716
f 717 716 965
f 716 790 965
f 971 954 1005
f 717 971 1005
f 1001 1006 1416
f 954 792 791
f 966 965 787
f 1645 769 1010
f 1007 1008 1009
f 1010 960 1521
f 960 766 1521
f 1011 1012 816
f 97 402 1127
f 1017 795 239
f 1034 734 1019
f 1425 727 880
f 801 1127 887
f 1020 1021 800
f 733 737 445
f 801 97 1127
f 1013 3032 4257
f 1022 1023 1024
f 859 1023 1022
f 1017 239 1026
f 845 1027 1026
f 378 1011 379
f 901 859 853
f 815 828 950
f 4257 4259 21
f 1028 1082 1029
f 1030 1031 1032
f 973 815 972
f 687 1034 826
f 1127 864 736
f 735 801 806
f 431 815 973
f 1033 706 392
f 71 991 872
f 1127 445 738
f 393 450 1015
f 410 1036 411
f 828 406 985
f 828 985 950
f 1127 736 445
f 1038 1039 1040
f 733 1034 737
f 827 1034 806
f 395 1127 688
f 392 391 1057
f 1034 687 686
f 450 1041 410
f 752 1042 1432
f 1016 1043 859
f 1043 1044 878
f 406 431 973
f 464 501 552
f 408 818 400
f 879 860 835
f 726 1046 727
f 379 816 1047
f 860 859 835
f 864 734 736
f 818 879 1048
f 879 835 1048
f 406 828 1035
f 518 1014 1049
f 885 518 1049
f 892 833 1050
f 195 194 704
f 1016 704 705
f 1051 1052 1053
f 825 824 406
f 972 823 825
f 394 826 827
f 824 950 985
f 1035 828 815
f 972 815 950
f 402 37 1127
f 1054 1055 1056
f 1054 816 1055
f 1058 1059 1453
f 950 823 972
f 1036 410 1041
f 1060 1061 1062
f 1063 1064 616
f 1065 800 889
f 1066 491 731
f 1053 1052 1067
f 398 835 859
f 893 891 408
f 881 1068 882
f 859 488 587
f 892 901 853
f 1069 877 876
f 1042 1070 703
f 833 1044 705
f 1052 833 1067
f 518 811 1014
f 726 1127 1046
f 487 489 1038
f 835 398 1048
f 464 519 501
f 893 399 859
f 845 348 1027
f 815 239 1045
f 795 411 239
f 502 1049 1272
f 521 845 1026
f 411 1057 239
f 882 1068 1071
f 973 825 406
f 450 348 453
f 1033 1036 1041
f 821 71 872
f 734 864 1019
f 195 704 1016
f 398 400 1048
f 752 867 1042
f 885 519 518
f 890 587 875
f 488 859 489
f 195 1016 859
f 818 811 369
f 487 818 586
f 732 854 856
f 488 487 586
f 400 818 1048
f 891 890 875
f 399 893 408
f 1072 833 194
f 1073 348 450
f 518 466 811
f 409 1073 450
f 795 1073 409
f 348 1073 1027
f 239 521 1026
f 706 1041 450
f 1033 1041 706
f 1027 1017 1026
f 1036 1033 1057
f 1033 392 1057
f 1073 1017 1027
f 1036 1057 411
f 1057 1045 239
f 795 1017 1073
f 1127 1082 1046
f 1075 380 1047
f 1076 1077 1078
f 902 619 859
f 1079 907 1064
f 885 1049 502
f 519 464 466
f 1040 1022 1024
f 1050 833 1072
f 363 501 1272
f 863 363 1272
f 1425 880 882
f 834 811 363
f 1049 1014 1272
f 1015 391 393
f 1083 1084 1066
f 450 453 3281
f 1069 876 833
f 1923 1085 1086
f 1434 863 1272
f 572 571 1087
f 1088 1089 1090
f 1091 907 906
f 1092 907 1091
f 571 921 1087
f 490 844 1434
f 331 1098 1099
f 921 907 1087
f 1069 1100 877
f 1101 571 1460
f 1102 1103 1461
f 1104 1103 1102
f 1038 489 1039
f 489 859 1039
f 902 892 1050
f 703 1106 1432
f 800 1021 889
f 529 1057 1107
f 886 495 907
f 453 1741 3281
f 1108 1082 331
f 1110 1111 1112
f 1046 1082 881
f 1063 1114 1461
f 1103 1104 1115
f 1116 1117 1118
f 1032 1028 1120
f 886 907 1092
f 909 1121 1105
f 1122 1101 1460
f 1096 1031 1030
f 476 490 907
f 482 1094 1091
f 836 886 1092
f 1094 836 1092
f 1460 836 1094
f 483 906 1123
f 1122 483 1123
f 1094 1092 1091
f 483 482 906
f 1116 572 1117
f 482 1091 906
f 483 1122 1460
f 1122 1123 920
f 1101 1122 920
f 1123 907 920
f 1101 920 921
f 1123 906 907
f 572 1087 1117
f 571 1101 921
f 1124 1125 1126
f 5942 1125 1124
f 619 1072 193
f 1129 1096 1130
f 1923 1131 1132
f 1134 1063 1460
f 1135 1136 5983
f 1137 1136 1135
f 1138 1923 1139
f 725 727 1425
f 1140 1141 1142
f 1141 1140 1119
f 1094 482 1460
f 1145 1012 1011
f 1146 1116 1118
f 1020 1035 1021
f 727 1046 880
f 1046 881 880
f 617 1104 1102
f 1148 1149 969
f 356 542 4354
f 1114 1102 1461
f 617 1102 1114
f 1150 1151 1152
f 1151 1150 816
f 1154 1155 1156
f 1155 1582 1156
f 237 3032 329
f 1157 1158 1355
f 1157 1159 1158
f 1160 1161 1400
f 1163 1164 1165
f 1166 1167 1322
f 1167 1166 1006
f 1168 1169 1198
f 1168 1170 1169
f 1116 1146 1460
f 1171 1172 1946
f 1173 1164 1518
f 1165 1164 1173
f 1174 1175 1109
f 1142 970 1109
f 639 513 1623
f 1178 1179 3054
f 1179 1178 1180
f 557 559 1149
f 948 953 1181
f 1182 1183 5789
f 474 1183 1182
f 1185 1143 1175
f 1119 1143 1185
f 1143 1186 1175
f 1187 996 1188
f 1119 1140 1143
f 1140 1186 1143
f 1119 968 1141
f 968 970 1141
f 1192 1193 1194
f 1195 1196 1197
f 846 1265 1198
f 1199 1200 1201
f 1202 1199 1201
f 1204 1205 1206
f 1202 1590 1207
f 624 1208 1209
f 1153 557 1148
f 557 1149 1148
f 1210 1590 1211
f 780 1213 781
f 558 929 559
f 321 900 4353
f 4353 511 911
f 1174 1185 1175
f 1214 1215 1198
f 1216 1215 1214
f 1119 1741 1153
f 968 1148 969
f 1148 968 1119
f 957 959 583
f 1148 1119 1153
f 1153 927 558
f 927 929 558
f 929 1109 559
f 1293 1217 1218
f 1217 1219 1218
f 1141 970 1142
f 1175 1186 1109
f 1140 1142 1186
f 1424 1220 1221
f 1222 1223 1946
f 1226 995 994
f 963 692 1203
f 1227 1113 1228
f 1207 1590 1206
f 1229 1230 1453
f 1231 994 1251
f 1226 994 1232
f 1233 1234 1235
f 1236 1233 1235
f 1237 1088 1238
f 1239 1147 1176
f 1216 1214 1240
f 970 969 1109
f 1241 1176 1109
f 1206 1242 1207
f 1265 511 4353
f 1149 559 1109
f 969 1149 1109
f 1186 1142 1109
f 1199 1170 1200
f 854 1300 855
f 902 1050 619
f 751 866 752
f 935 639 1623
f 1189 1244 1188
f 689 691 1191
f 1245 1347 1224
f 1097 979 1826
f 644 962 1224
f 964 1247 1248
f 3317 1189 1424
f 1236 1235 1252
f 1242 1170 1199
f 1207 1242 1199
f 1253 1215 1216
f 1207 1199 1202
f 1204 1530 1254
f 1255 1216 1240
f 1215 1250 1198
f 1215 1253 1250
f 1255 1240 1205
f 1204 1255 1205
f 1243 846 1198
f 846 1243 953
f 1204 1590 1530
f 1256 1169 1170
f 542 631 937
f 953 1243 1181
f 1209 1530 624
f 1200 1257 1163
f 1211 1590 1202
f 1258 1590 1252
f 1257 1168 1198
f 1200 1168 1257
f 1259 1216 1255
f 1254 1259 1255
f 1250 1243 1198
f 1243 1250 1181
f 1253 1181 1250
f 1260 1261 1262
f 1263 5114 1264
f 624 948 1208
f 948 1181 1208
f 1209 1259 1254
f 1267 1268 1269
f 1270 1267 1269
f 1211 1271 1210
f 1242 1256 1170
f 1240 1266 1256
f 1223 1273 1081
f 859 193 195
f 1274 1275 1245
f 993 992 1276
f 1189 691 1244
f 1187 690 1224
f 1080 1277 1081
f 1278 1223 1279
f 1826 1278 1279
f 988 989 990
f 1232 1231 1280
f 1097 1307 979
f 1247 1280 1248
f 1203 1280 1247
f 964 963 1247
f 963 1203 1247
f 1248 1280 1231
f 1281 1282 1283
f 1282 1281 1203
f 1232 994 1231
f 1283 1282 1284
f 995 1226 1281
f 1226 1203 1281
f 995 1281 1283
f 1285 1251 1284
f 1286 1174 1287
f 1288 1289 1781
f 1271 1163 1165
f 1201 1271 1211
f 1201 1163 1271
f 1201 1200 1163
f 1291 1292 1241
f 1291 1293 1292
f 1424 1294 1295
f 1202 1201 1211
f 1297 1298 1299
f 1208 1253 1259
f 1209 1208 1259
f 1208 1181 1253
f 1259 1253 1216
f 1169 1266 1198
f 1256 1266 1169
f 1254 1255 1204
f 1206 1590 1204
f 1205 1256 1242
f 1206 1205 1242
f 1254 1530 1209
f 1205 1240 1256
f 1170 1168 1200
f 1266 1214 1198
f 1266 1240 1214
f 1000 791 1322
f 380 379 1047
f 1416 982 1301
f 1302 1303 1304
f 1305 1306 1642
f 1288 1781 1308
f 1191 691 1189
f 1400 1309 1310
f 3317 1347 1189
f 990 989 3027
f 1424 1188 1312
f 1313 1314 1160
f 690 1187 1244
f 818 1024 1432
f 1826 1315 1316
f 1315 1080 1316
f 1318 1319 1320
f 3281 1119 1293
f 791 787 1322
f 1315 1277 1080
f 1090 1944 1238
f 1323 1324 1325
f 1326 1241 1109
f 1424 730 1327
f 1328 1329 3521
f 1330 1331 1332
f 1333 1330 1332
f 1524 543 707
f 1334 1335 1612
f 1336 1337 1338
f 1160 1400 1313
f 1339 1340 1321
f 1317 1309 1342
f 1343 987 1276
f 1191 1275 1274
f 1317 1342 992
f 1355 1345 1346
f 690 689 1224
f 1342 1343 1276
f 1275 1191 1189
f 1348 1314 1313
f 1314 1348 992
f 1160 1341 1161
f 1189 1245 1275
f 1424 1312 730
f 986 993 987
f 1310 1348 1313
f 1349 1321 1350
f 1309 1400 1343
f 1351 1166 983
f 1341 1352 1161
f 1352 1341 992
f 1352 1353 1344
f 1353 1352 992
f 1309 1343 1342
f 1314 1341 1160
f 1341 1314 992
f 996 1187 1224
f 1251 995 1283
f 1354 1284 1282
f 1248 1251 964
f 1203 1232 1280
f 1354 1285 1284
f 1232 1203 1226
f 1248 1231 1251
f 1251 718 964
f 1284 1251 1283
f 1203 1354 1282
f 1356 1285 1357
f 1357 1354 1203
f 1358 1359 1360
f 1285 1354 1357
f 937 967 1251
f 665 631 1361
f 253 1001 1416
f 984 983 1322
f 1068 1082 1129
f 1317 1310 1309
f 1362 1363 1364
f 1301 1004 1416
f 1332 1365 1366
f 1367 1332 1366
f 1005 253 1416
f 1167 1000 1322
f 1001 1000 1167
f 993 1276 987
f 1310 1317 1348
f 1369 729 1612
f 1258 1330 1333
f 1081 1133 979
f 1327 730 729
f 1400 987 1343
f 1425 1371 1099
f 1004 1372 1416
f 1373 1374 1370
f 1375 1376 1377
f 1161 1352 1344
f 1342 1276 992
f 1347 1245 1189
f 993 709 992
f 992 709 648
f 1416 1351 982
f 1378 1379 1416
f 1301 982 984
f 331 1082 1098
f 1380 1357 1203
f 1612 1381 1382
f 1375 1372 1002
f 1383 1384 1385
f 992 1384 1383
f 1386 756 1387
f 1349 1385 1321
f 1312 1188 996
f 1344 1400 1161
f 1224 1274 1245
f 1187 1188 1244
f 1274 689 1191
f 689 1274 1224
f 1244 691 690
f 3027 989 710
f 1389 1390 1391
f 992 1348 1317
f 1392 1393 1295
f 1400 962 987
f 1351 1006 1166
f 1394 1395 1396
f 1294 1221 1381
f 1071 1130 1425
f 1313 1400 1310
f 1398 1295 1393
f 1344 1399 1400
f 1401 1402 1403
f 1377 1372 1375
f 1424 1406 1407
f 1379 1378 1408
f 1006 1001 1167
f 983 1166 1322
f 1377 1409 1416
f 1642 1521 766
f 1410 1379 1411
f 1350 1412 1349
f 1273 1413 1081
f 1375 1002 1322
f 1376 1409 1377
f 1006 1351 1416
f 982 1351 983
f 1003 984 1322
f 1301 984 1003
f 1372 1377 1416
f 1417 1418 1419
f 1418 4801 1419
f 1373 1420 1374
f 1642 766 1005
f 1355 1422 1421
f 1372 1004 1002
f 1004 1301 1003
f 1322 1423 1370
f 1379 1410 1416
f 1410 1420 1416
f 4354 70 4259
f 859 816 1023
f 487 1038 818
f 1082 1096 1129
f 619 1050 1072
f 864 865 1019
f 1127 37 1074
f 901 902 859
f 1130 1030 1425
f 70 21 4259
f 1427 1428 1429
f 1100 1430 1051
f 881 1082 1068
f 1070 1431 703
f 1070 816 1431
f 1035 815 1045
f 1031 1028 1032
f 1043 878 816
f 1023 1433 1426
f 1433 1023 816
f 1057 856 1095
f 889 1021 1045
f 1084 450 491
f 1074 1065 888
f 1152 1151 1435
f 1162 1436 1437
f 1436 573 1075
f 1433 816 866
f 751 1433 866
f 1438 1439 1427
f 1068 1129 1071
f 1440 1037 725
f 1012 1363 1362
f 1074 1020 1065
f 1039 1022 1040
f 859 1022 1039
f 1425 1441 1371
f 1034 1425 106
f 1057 1066 731
f 1044 876 878
f 1425 1034 1019
f 865 1037 1440
f 193 1072 194
f 833 876 1044
f 1037 1127 726
f 1019 865 1440
f 865 1127 1037
f 1098 1082 1444
f 1043 816 859
f 867 1070 1042
f 1070 867 816
f 1229 1445 1230
f 1071 1129 1130
f 1425 882 1071
f 1431 1106 703
f 1127 1074 1082
f 1130 1096 1030
f 1426 751 1432
f 1016 705 1043
f 1432 1042 703
f 705 1044 1043
f 1425 1019 1440
f 1037 726 725
f 1425 1440 725
f 1074 1035 1020
f 1446 1018 1112
f 704 194 833
f 1426 1433 751
f 1038 1040 818
f 1024 1023 1426
f 406 1035 1074
f 1021 1035 1045
f 617 490 1104
f 888 1045 1074
f 1065 1020 800
f 1096 1082 1031
f 1040 1024 818
f 888 1065 889
f 1445 1054 1230
f 1054 1445 816
f 1024 1426 1432
f 1447 1448 1933
f 1447 1449 1448
f 1057 732 856
f 617 1114 616
f 1851 874 991
f 1012 1145 1363
f 816 1162 1437
f 1084 491 1066
f 391 1015 1083
f 1056 1454 1453
f 1106 1150 1152
f 856 855 1095
f 528 1455 1300
f 1107 1455 528
f 1057 1228 1113
f 529 1107 528
f 1457 1458 2137
f 1106 1431 1150
f 1431 816 1150
f 491 492 731
f 1057 1095 1107
f 1459 1081 1194
f 1437 1436 1075
f 731 492 732
f 572 1116 1460
f 1300 1455 855
f 1057 391 1083
f 1455 1107 1095
f 450 1300 854
f 816 1437 1047
f 1057 1083 1066
f 1015 1084 1083
f 1106 1152 1432
f 855 1455 1095
f 6074 1463 1464
f 492 854 732
f 1465 1466 5996
f 1015 450 1084
f 1146 1134 1460
f 1467 1468 1451
f 1057 1113 699
f 490 1272 1951
f 1210 1271 1469
f 1271 1165 1469
f 1470 1471 1472
f 1471 1470 1461
f 1089 1103 1115
f 1474 1475 1476
f 1113 1477 699
f 1316 1080 1459
f 71 77 1851
f 1162 1067 1436
f 1468 1709 1272
f 1478 1479 1480
f 1134 1079 1064
f 1064 907 490
f 1480 1482 1478
f 1483 1336 3715
f 1103 1089 1461
f 1089 1115 1090
f 1434 1272 490
f 1104 490 1115
f 1484 1485 1486
f 1114 1063 616
f 1424 1407 1220
f 1217 1287 1219
f 1487 1488 1489
f 1296 1490 1491
f 1826 1133 1315
f 1133 1277 1315
f 1492 1195 1197
f 1461 1195 1492
f 527 1300 1227
f 1493 1494 1061
f 1495 5138 1496
f 1497 1498 1461
f 1499 1498 1497
f 1460 1063 1461
f 1117 907 1118
f 900 1460 1461
f 616 1064 490
f 573 1500 1501
f 1117 1087 907
f 1118 907 1079
f 1063 1134 1064
f 1134 1146 1079
f 1146 1118 1079
f 1478 1497 1461
f 1497 1478 1482
f 1494 1502 1503
f 1481 1326 1503
f 1176 1147 1109
f 1330 1262 1331
f 1080 1081 1459
f 1499 1497 1482
f 1132 1506 1139
f 1119 1185 1286
f 1185 1174 1286
f 1100 1069 1430
f 1089 1088 1461
f 1289 1507 1781
f 1508 1396 1524
f 1826 1509 1278
f 1509 1273 1278
f 1424 1327 1510
f 1512 1513 1249
f 2539 1512 1249
f 1503 1326 1109
f 1239 1218 1147
f 1239 1293 1218
f 1514 1515 1518
f 1365 1515 1514
f 1516 1517 1737
f 4353 900 1461
f 1481 1291 1326
f 1291 1481 1293
f 1218 1219 1147
f 1291 1241 1326
f 1482 1480 1944
f 1217 1286 1287
f 1217 1119 1286
f 1292 1176 1241
f 1413 1520 1081
f 1287 1174 1109
f 1219 1109 1147
f 1741 1119 3281
f 1522 1523 1700
f 1287 1109 1219
f 1189 1188 1424
f 1235 1260 1526
f 1252 1235 1526
f 1527 1384 992
f 1826 1528 1509
f 1528 1413 1509
f 1525 1459 1194
f 1502 1481 1503
f 1481 1502 1293
f 1234 1529 1260
f 1230 1056 1453
f 1293 1239 1292
f 1239 1176 1292
f 1119 1217 1293
f 1382 1531 1612
f 1532 1173 1518
f 1532 1533 1173
f 1278 1273 1223
f 1534 1535 1536
f 1537 1536 1267
f 1538 1537 1267
f 1081 1192 1194
f 1406 1510 1335
f 1826 1540 1519
f 1540 1541 1519
f 1133 1081 1277
f 1316 1459 1525
f 1826 1316 1525
f 3281 1293 1733
f 1781 1542 1154
f 1826 979 1133
f 1385 1339 1321
f 1526 1262 1330
f 1258 1526 1330
f 1210 1469 1543
f 1338 1337 1544
f 1533 1532 1234
f 1164 1198 1518
f 1547 1508 1548
f 1392 1381 1612
f 1193 1525 1194
f 1826 1525 1193
f 962 1321 1224
f 1344 1353 1399
f 1507 1549 1550
f 1543 1590 1210
f 1262 1539 1331
f 1233 1533 1234
f 1165 1173 1533
f 1551 2192 1552
f 1553 1365 1514
f 1537 1534 1536
f 2061 1554 1555
f 1556 1557 1558
f 1332 1331 1365
f 1559 1560 1505
f 1543 1233 1236
f 1263 1264 1483
f 1561 780 782
f 996 728 1312
f 1279 1222 1540
f 1826 1279 1540
f 1519 1541 1172
f 1285 1356 1781
f 1155 1562 1582
f 1154 1156 1308
f 1251 1285 1781
f 1156 1563 1308
f 1563 1156 1582
f 1515 1539 1518
f 1515 1331 1539
f 1564 1542 1781
f 1308 1563 1288
f 1542 1564 1562
f 1203 1562 1565
f 1566 1567 1568
f 1511 1579 1569
f 1733 1571 1547
f 1571 1508 1547
f 1572 1373 1370
f 1574 1516 1575
f 1331 1515 1365
f 728 1224 1612
f 1235 1234 1260
f 1469 1533 1233
f 1543 1469 1233
f 1576 1577 1578
f 1198 1265 1518
f 1529 1532 1518
f 1234 1532 1529
f 1164 1257 1198
f 1257 1164 1163
f 1366 1324 1323
f 1553 1324 1366
f 1367 1366 1323
f 1236 1590 1543
f 1238 1580 1237
f 1469 1165 1533
f 1539 1261 1518
f 1262 1261 1539
f 1252 1526 1258
f 1526 1260 1262
f 1333 1332 1367
f 1366 1365 1553
f 1261 1529 1518
f 1261 1260 1529
f 1367 1590 1333
f 1325 1537 1538
f 2077 1581 1320
f 1369 1335 1510
f 1612 729 728
f 1523 1583 1584
f 1237 1479 1461
f 1580 1479 1237
f 1396 1395 1524
f 1290 1192 1520
f 996 1224 728
f 1220 1382 1221
f 1333 1590 1258
f 1334 1407 1406
f 1585 1586 2150
f 1586 1585 1587
f 1536 1588 1268
f 1323 1590 1367
f 1252 1590 1236
f 1323 1325 1590
f 1591 1592 1593
f 1376 1375 1370
f 1424 1295 1398
f 1594 1390 1389
f 1594 992 1412
f 1594 1350 1390
f 1564 1781 1596
f 1349 1383 1385
f 699 1597 700
f 1357 1380 1356
f 1409 1376 1598
f 1192 1081 1520
f 2208 1347 3317
f 1424 1510 1406
f 1600 1307 1097
f 1565 1562 1564
f 1596 1356 1380
f 1565 1564 1596
f 1246 1307 1600
f 1565 1596 1380
f 1203 1565 1380
f 728 730 1312
f 1562 1203 1582
f 1203 1246 1600
f 1781 1356 1596
f 1781 1154 1308
f 1154 1542 1155
f 1542 1562 1155
f 1601 1602 1582
f 1582 1602 1563
f 1563 1602 1288
f 1289 1288 1602
f 1507 1289 1601
f 1289 1602 1601
f 1378 1603 1415
f 2943 1361 631
f 2010 1361 2943
f 1420 1604 1416
f 1225 1605 1606
f 1608 977 976
f 1609 1610 1611
f 1381 1221 1382
f 1334 1531 1407
f 1645 1397 648
f 962 1400 1390
f 1224 1321 1612
f 2077 1319 1607
f 1339 1527 1340
f 1424 1398 1581
f 1613 1388 1642
f 2159 811 818
f 1371 331 1099
f 1424 1221 1294
f 1614 1600 1615
f 1353 1304 1399
f 1420 1410 1374
f 1616 1617 1618
f 2073 1617 1616
f 1391 1400 1303
f 1353 992 1304
f 1303 1400 1399
f 1619 1620 1621
f 1359 1321 1622
f 1412 1383 1349
f 1383 1412 992
f 1390 1400 1391
f 1531 1382 1220
f 1369 1510 1327
f 992 1389 1302
f 1335 1369 1612
f 1624 1603 1416
f 1381 1392 1294
f 1375 1322 1370
f 1415 1625 1370
f 729 1369 1327
f 1531 1334 1612
f 1220 1407 1531
f 1335 1334 1406
f 1303 1399 1304
f 1397 992 648
f 1339 1384 1527
f 1411 1408 1370
f 1408 1411 1379
f 1416 1603 1378
f 1604 1420 1373
f 1611 1616 1618
f 1270 1269 1569
f 1321 1390 1350
f 1374 1411 1370
f 1410 1411 1374
f 1627 5366 1628
f 1629 1321 1630
f 1339 1385 1384
f 1624 1598 1625
f 992 1594 1389
f 1632 1622 1633
f 1302 1304 992
f 962 1390 1321
f 1302 1391 1303
f 1391 1302 1389
f 1412 1350 1594
f 1409 1624 1416
f 1572 1305 1604
f 1408 1415 1370
f 1634 1414 1642
f 1378 1415 1408
f 1358 1360 1397
f 1625 1598 1370
f 1642 1005 1416
f 1624 1409 1598
f 1373 1572 1604
f 1636 1370 1592
f 1637 1414 1634
f 1598 1376 1370
f 1638 932 4357
f 1603 1625 1415
f 1603 1624 1625
f 1639 1640 1641
f 1643 1626 1644
f 1370 1423 1311
f 1604 1305 1642
f 1646 1591 1593
f 1435 1647 1452
f 1648 1649 1457
f 1056 1055 1454
f 1650 1659 1651
f 1652 1639 1653
f 1583 684 1654
f 1425 1120 1441
f 1029 1108 1441
f 1030 1032 1425
f 1425 1032 1120
f 1968 1442 237
f 1441 1108 1371
f 1655 1656 1599
f 816 1656 1655
f 2092 1657 1658
f 1452 1660 1229
f 1018 1110 1112
f 1018 816 1110
f 1444 1583 1523
f 1661 1662 1454
f 1663 1664 1665
f 1425 1099 1522
f 1666 684 1667
f 1131 700 1093
f 1668 1669 1670
f 1437 1075 1047
f 1432 1452 1453
f 1669 1673 1670
f 1674 1659 1675
f 1151 1647 1435
f 816 1647 1151
f 1884 1013 4257
f 1660 816 1445
f 1229 1660 1445
f 237 1462 3032
f 1053 1067 1162
f 1500 622 623
f 877 1100 816
f 1429 1428 1501
f 1436 1067 573
f 71 1851 991
f 1432 1435 1452
f 1074 1045 1672
f 1067 833 573
f 1230 1054 1056
f 1011 816 379
f 1676 1093 1300
f 1131 1093 1676
f 378 1145 1011
f 1098 1444 1522
f 1055 1661 1454
f 1661 1055 816
f 1069 833 1430
f 1029 1082 1108
f 1099 1098 1522
f 1057 529 1228
f 1452 1229 1453
f 1028 1029 1120
f 1444 1523 1522
f 1031 1082 1028
f 1454 1662 1453
f 1430 833 1052
f 1647 1660 1452
f 1660 1647 816
f 1654 684 1678
f 1108 331 1371
f 1051 1430 1052
f 1074 1672 684
f 573 380 1075
f 1120 1029 1441
f 1700 1523 1584
f 1145 573 1363
f 1584 1654 1679
f 1583 1654 1584
f 1082 1583 1444
f 1082 684 1583
f 1700 1584 1679
f 1488 684 1666
f 1477 1597 699
f 1300 1597 1477
f 816 1053 1162
f 1659 1669 1668
f 1100 1051 816
f 1051 1053 816
f 1680 1655 1059
f 816 1655 1680
f 1432 1152 1435
f 1681 1492 1682
f 1461 1492 1681
f 1683 1639 1684
f 1025 1667 1685
f 1082 1074 684
f 1675 1686 1687
f 1428 573 1501
f 1923 700 1131
f 1923 1132 1139
f 1678 1488 1487
f 1659 237 1442
f 1659 1443 1675
f 1443 1659 1442
f 1482 1944 1499
f 1691 1692 1693
f 1432 1453 818
f 1694 1671 2159
f 811 2159 1014
f 1145 378 573
f 1695 2009 1696
f 1599 1697 1453
f 527 1227 1228
f 1698 1138 1139
f 1923 1057 700
f 1450 1451 1272
f 1088 1237 1461
f 1045 1057 1923
f 1968 1686 1442
f 1597 1093 700
f 1506 1698 1139
f 1698 1506 1300
f 1477 1227 1300
f 1113 1227 1477
f 1451 1468 1272
f 1709 1694 2159
f 1694 1450 1451
f 1450 1671 1451
f 1671 1694 1451
f 1014 1671 1450
f 1671 1014 2159
f 1453 2159 818
f 1701 1709 1468
f 1701 1694 1709
f 1676 1506 1132
f 1506 1676 1300
f 1450 1467 1451
f 1694 1467 1450
f 1597 1300 1093
f 1697 1702 1453
f 1131 1676 1132
f 1467 1694 1701
f 1701 1468 1467
f 1698 1703 1138
f 1698 1300 1703
f 529 527 1228
f 1704 1670 1968
f 1707 1641 1708
f 1014 1450 1272
f 1711 1712 1713
f 1714 1085 1715
f 1968 1670 1673
f 1567 1716 1717
f 1195 1498 1196
f 1238 1944 1580
f 1498 1499 1196
f 1580 1944 1480
f 1090 1115 1944
f 1461 1681 1718
f 1719 1720 1721
f 1720 1719 1300
f 1483 1264 1336
f 1733 1060 1722
f 1060 1062 1722
f 1723 1519 1172
f 1519 1723 1826
f 1674 1687 1673
f 1933 1724 1725
f 5996 1726 1727
f 1471 1728 1472
f 1479 1580 1480
f 1545 1556 1558
f 1556 1545 1733
f 1729 1730 1968
f 1535 1731 1570
f 1534 1731 1535
f 1507 1550 1781
f 1725 1724 1732
f 1492 1197 1682
f 1115 490 1944
f 1479 1478 1461
f 1499 1944 1196
f 1088 1090 1238
f 1682 1197 1944
f 1498 1195 1461
f 1196 1944 1197
f 490 1951 1944
f 1061 1494 1524
f 1733 1734 1556
f 1734 1557 1556
f 4778 1735 1736
f 1336 1264 1337
f 1190 1062 1524
f 1738 1739 1740
f 1743 1744 1745
f 1743 1967 1744
f 1746 1504 1461
f 1747 1504 1746
f 1734 1722 1190
f 1722 1734 1733
f 1545 1558 1395
f 1508 1571 1396
f 1279 1223 1222
f 1569 1579 1270
f 1748 1573 1570
f 1748 1749 1573
f 1650 1651 1750
f 1505 1751 1559
f 1557 1190 1524
f 1734 1190 1557
f 1577 959 958
f 1752 1753 6027
f 1722 1062 1190
f 1249 1513 1754
f 1755 1630 1340
f 1733 1545 1394
f 1545 1395 1394
f 1060 1493 1061
f 1493 1060 1293
f 1509 1413 1273
f 1757 1758 1759
f 1757 1967 1758
f 1760 1761 1762
f 1761 1600 1762
f 1489 1763 1700
f 1763 1489 1666
f 1528 1520 1413
f 1193 1192 1290
f 1826 1193 1290
f 1571 1394 1396
f 1733 1394 1571
f 1550 1549 1764
f 1765 1766 1749
f 1629 1767 1633
f 1336 1338 3715
f 1508 1524 1548
f 1768 1544 1769
f 1338 1768 3715
f 1395 1558 1524
f 1770 1771 1772
f 1293 1060 1733
f 1338 1544 1768
f 1558 1557 1524
f 1293 1502 1493
f 1502 1494 1493
f 1773 1774 1775
f 1503 1109 1524
f 1540 1222 1541
f 1946 1223 1081
f 1171 1723 1172
f 1729 1968 1750
f 1062 1061 1524
f 1776 1579 1777
f 1588 1535 1570
f 1588 1536 1535
f 1494 1503 1524
f 1569 1778 1511
f 1826 1290 1528
f 1290 1520 1528
f 1590 1325 1538
f 1269 1780 1778
f 1569 1269 1778
f 1782 1588 1570
f 1268 1588 1782
f 1010 513 1741
f 2072 3317 1424
f 1541 1222 1946
f 1770 1783 1771
f 1424 1581 2077
f 1541 1946 1172
f 1785 1786 1570
f 1717 1786 1785
f 1778 1766 1765
f 1511 1778 1765
f 1762 1614 1788
f 1614 1762 1600
f 1507 1601 1549
f 1745 1789 1524
f 1568 1790 1791
f 1269 1268 1780
f 1511 1765 1777
f 1749 1748 1793
f 1518 1265 1570
f 1765 1749 1794
f 1777 1765 1794
f 1360 1359 1622
f 1759 1795 1737
f 1796 1797 2038
f 1798 1767 1629
f 1397 1767 1798
f 1527 1755 1340
f 1798 1630 1755
f 1794 1749 1793
f 1761 1582 1600
f 1799 1582 1800
f 1801 1799 1800
f 1800 1582 1761
f 1774 1799 1801
f 1601 1582 1549
f 1760 1762 1788
f 1773 1799 1774
f 1799 1773 1582
f 1582 1773 1764
f 1801 1800 1802
f 1788 1614 1803
f 1788 1803 1781
f 1270 1579 1538
f 1775 1781 1550
f 1268 1782 1780
f 1731 1514 1570
f 1731 1553 1514
f 1267 1536 1268
f 1777 1579 1511
f 1265 4353 1570
f 1805 1547 1548
f 1805 1967 1547
f 1806 1835 1807
f 1324 1553 1534
f 1808 1809 1810
f 1811 1808 1810
f 1553 1731 1534
f 1812 1748 1570
f 1748 1812 1793
f 1325 1324 1537
f 1324 1534 1537
f 1453 1446 1112
f 1538 1267 1270
f 1514 1518 1570
f 1579 1590 1538
f 1813 1814 1815
f 1816 1793 1716
f 1766 1573 1749
f 1664 1817 1665
f 1778 1780 1766
f 1794 1793 1816
f 1776 1794 1816
f 1776 1816 1566
f 1573 1787 1570
f 1766 1787 1573
f 1566 1568 1579
f 1818 1819 1820
f 1777 1794 1776
f 1590 1579 1530
f 1780 1787 1766
f 1816 1567 1566
f 1716 1567 1816
f 1716 1793 1812
f 1787 1782 1570
f 1787 1780 1782
f 1821 1299 1298
f 1822 1823 1824
f 1825 1822 1824
f 1923 1827 1706
f 1630 1798 1629
f 1828 1358 1397
f 2077 1320 1319
f 1633 1321 1629
f 1830 1831 1832
f 2943 1530 1579
f 1790 1833 1834
f 1791 1790 1834
f 1566 1579 1776
f 2314 1609 1611
f 2077 1607 1836
f 1559 1751 1836
f 1527 1397 1755
f 1837 1358 1828
f 1622 1321 1633
f 1838 1620 1355
f 1839 1620 1838
f 2077 1831 1830
f 1612 1321 1505
f 1775 1550 1764
f 1773 1775 1764
f 1321 1837 1841
f 1774 1781 1775
f 1781 1774 1801
f 1582 1764 1549
f 1760 1781 1802
f 1788 1781 1760
f 1630 1321 1340
f 1781 1801 1802
f 1761 1760 1802
f 1761 1802 1800
f 1842 1843 1844
f 1843 1842 1600
f 2038 937 1781
f 1845 1846 1847
f 1251 1781 937
f 1848 1849 1850
f 1416 1604 1642
f 1805 1548 1789
f 1743 1745 1795
f 1612 1631 1852
f 1853 1617 2073
f 4357 1009 1008
f 1591 1855 1592
f 1856 1857 1370
f 1613 1857 1856
f 1642 1646 1613
f 1858 1859 1860
f 1859 1858 2073
f 1527 992 1397
f 1767 1632 1633
f 1397 1632 1767
f 1318 1631 1505
f 1659 1861 1862
f 1559 1836 1607
f 1179 1180 1863
f 932 931 4357
f 1392 1295 1294
f 1852 1581 1398
f 1631 1612 1505
f 1612 1393 1392
f 1841 1828 1864
f 1837 1359 1358
f 1393 1852 1398
f 1852 1393 1612
f 1631 1318 1320
f 1852 1631 1581
f 1318 1560 1319
f 1320 1581 1631
f 1560 1559 1607
f 1607 1319 1560
f 1505 1560 1318
f 1397 1798 1755
f 1355 1620 1619
f 1360 1622 1632
f 1841 1837 1828
f 1637 1634 1854
f 1923 1721 1715
f 1864 1828 1397
f 1505 1865 1866
f 1321 1359 1837
f 1867 1866 1868
f 1360 1632 1397
f 1388 1634 1642
f 959 1576 584
f 1869 1870 1871
f 1659 1650 1872
f 1636 1873 1370
f 1306 1873 1636
f 1855 1636 1592
f 978 2314 1605
f 1874 1657 1875
f 1593 1592 1370
f 1881 1521 1642
f 1388 1613 1856
f 1370 1637 1854
f 1855 1306 1636
f 1876 1853 1877
f 1306 1305 1873
f 1591 1646 1642
f 1646 1857 1613
f 1306 1855 1642
f 1873 1572 1370
f 1572 1873 1305
f 1855 1591 1642
f 1158 1878 1879
f 1854 1634 1388
f 1854 1856 1370
f 1854 1388 1856
f 1857 1593 1370
f 1857 1646 1593
f 1555 1299 2061
f 1685 684 1641
f 1425 1522 1700
f 1662 1677 1058
f 1651 1862 1729
f 1640 1639 1652
f 1363 573 1364
f 1688 884 1663
f 1659 1668 1861
f 1667 1763 1666
f 104 106 4257
f 1882 1473 1883
f 1662 1661 1677
f 1661 816 1677
f 1885 1473 1649
f 104 4257 10
f 1730 1862 1861
f 1428 1439 573
f 1763 1025 1700
f 1667 1025 1763
f 1059 1599 1453
f 1700 1025 1707
f 1654 1678 1679
f 1443 1442 1686
f 1874 1911 1886
f 1659 1862 1651
f 1862 1730 1729
f 1453 1702 1446
f 1704 1861 1668
f 1599 1656 1697
f 1730 1861 1704
f 1968 237 4354
f 1659 1674 1669
f 1443 1686 1675
f 816 1429 623
f 1688 4257 1700
f 1025 1685 1707
f 1058 1680 1059
f 2159 1453 1112
f 1887 1888 1692
f 1700 1679 1487
f 1702 1889 1446
f 1427 1439 1428
f 1890 1891 622
f 1677 1680 1058
f 1680 1677 816
f 1697 1892 1702
f 1893 1894 1895
f 1891 2137 816
f 1896 1885 1648
f 1895 1894 3321
f 1897 1898 2159
f 1899 1706 1900
f 573 833 70
f 1678 684 1488
f 1501 1500 623
f 1059 1655 1599
f 1901 1902 1903
f 1904 1882 1883
f 1438 1364 1439
f 1669 1674 1673
f 1688 1700 883
f 1453 1662 1058
f 1425 1700 4257
f 1891 816 622
f 1890 622 1500
f 1652 1653 884
f 1364 573 1439
f 1362 1364 1438
f 1968 1673 1687
f 1641 1640 1708
f 1905 1906 1907
f 1667 684 1685
f 1488 1666 1489
f 1883 1473 1885
f 1487 1489 1700
f 1685 1641 1707
f 106 1425 4257
f 816 1427 1429
f 684 1639 1641
f 1679 1678 1487
f 1700 1707 1708
f 1429 1501 623
f 573 1890 1500
f 1904 1891 1882
f 1908 2441 1909
f 1362 1438 816
f 1438 1427 816
f 1012 1362 816
f 1656 816 1892
f 1697 1656 1892
f 1891 1890 1882
f 1892 1889 1702
f 1889 1892 816
f 2137 1648 1457
f 1473 1691 1903
f 1732 1724 1910
f 1912 1649 1473
f 1653 1639 1664
f 1653 1664 1663
f 1674 1675 1687
f 1704 1668 1670
f 883 1652 884
f 1889 1018 1446
f 816 1018 1889
f 1672 1045 1923
f 1913 1725 1086
f 1725 1913 1933
f 1272 1709 1951
f 1915 1916 1917
f 1897 1918 1898
f 1921 1922 1911
f 1714 1720 1933
f 1714 1715 1720
f 1924 1585 2150
f 1925 1585 1924
f 1300 450 1933
f 1085 1913 1086
f 1899 1719 1721
f 1449 1927 1448
f 1903 1691 1693
f 1913 1714 1933
f 1085 1714 1913
f 1457 1649 1912
f 1923 1706 1899
f 1923 1715 1085
f 1725 1732 1086
f 1732 1923 1086
f 1138 1703 1827
f 1874 1875 1911
f 1968 1730 1704
f 1750 1651 1729
f 1968 1687 1686
f 237 1659 1914
f 1929 1930 1931
f 1920 1930 1929
f 1898 1932 2159
f 1923 1899 1721
f 1715 1721 1720
f 1719 1900 1300
f 1899 1900 1719
f 1934 1929 1935
f 1920 1929 1934
f 1720 1300 1933
f 1703 1705 1827
f 1300 1705 1703
f 1705 1706 1827
f 1923 1138 1827
f 1900 1705 1300
f 1706 1705 1900
f 1937 1938 1939
f 1923 1937 1927
f 1718 1681 1940
f 3281 2124 450
f 1941 1942 1943
f 1942 1941 1920
f 2158 1945 1974
f 1742 1947 1462
f 1948 1944 1949
f 1950 1551 1552
f 1952 2192 1953
f 1471 1504 1728
f 1747 2192 1728
f 1954 2192 1747
f 1955 1772 1771
f 1954 1747 1746
f 1504 1747 1728
f 1462 1947 2158
f 1940 1944 1948
f 1957 1928 2207
f 1690 1928 1957
f 1958 1959 1960
f 1959 1958 1600
f 1681 1682 1940
f 1682 1944 1940
f 1962 2192 1954
f 1963 1964 1699
f 1965 1957 2207
f 1953 1957 1965
f 1962 1949 2192
f 1961 1710 1461
f 1448 1966 1933
f 1927 1966 1448
f 1947 1969 2158
f 1639 1970 1684
f 1961 1949 1962
f 1710 1961 1962
f 1949 1944 2192
f 1954 1710 1962
f 1971 1972 1737
f 1948 1718 1940
f 1718 1973 1461
f 1718 1948 1973
f 1973 1961 1461
f 1949 1961 1973
f 1472 1728 2192
f 2192 1770 1772
f 1949 1973 1948
f 1504 1471 1461
f 1710 1746 1461
f 1954 1746 1710
f 1977 1978 1971
f 1977 2538 1978
f 1979 1980 1981
f 1983 1926 1792
f 1823 1926 1983
f 1757 1759 1517
f 1982 1984 1985
f 1986 1975 1946
f 1795 1745 1524
f 1744 1789 1745
f 3281 1733 1967
f 1461 2207 4353
f 1795 1524 1737
f 1956 1575 1990
f 1758 1795 1759
f 1595 1517 1516
f 1984 1986 1946
f 1249 1754 1779
f 2539 1249 1779
f 1097 1826 2539
f 2539 1992 1756
f 1992 1986 1756
f 1779 1754 1993
f 1928 1690 1994
f 1995 1996 1997
f 1998 1999 1792
f 1998 2000 1999
f 1717 1785 1833
f 1927 1937 1966
f 1967 1743 1758
f 1743 1795 1758
f 1991 1835 2002
f 958 957 2076
f 1723 1171 2003
f 1826 1723 2003
f 1967 1733 1547
f 1574 1595 1516
f 1574 1967 1595
f 1967 1805 1744
f 1805 1789 1744
f 2005 1983 2058
f 2005 2006 1983
f 2076 2303 2024
f 1791 1834 2002
f 1992 1975 1986
f 1797 2007 2008
f 1756 1984 1982
f 2539 1756 1982
f 1967 1757 1595
f 1757 1517 1595
f 1516 1737 1575
f 1171 1946 1975
f 1756 1986 1984
f 1826 2003 1992
f 2003 1975 1992
f 1826 1992 2539
f 1985 1946 1513
f 1512 1985 1513
f 2011 2012 2013
f 2014 2011 2013
f 2003 1171 1975
f 1579 2002 1835
f 1789 1548 1524
f 1555 2015 1297
f 1783 1951 2813
f 1790 1717 1833
f 1517 1759 1737
f 1985 1984 1946
f 2077 2017 1868
f 1866 1867 1505
f 2539 1982 1512
f 1982 1985 1512
f 2018 1993 2019
f 1779 1993 2018
f 2539 1779 2018
f 1754 1513 1946
f 2019 1993 1946
f 1993 1754 1946
f 979 3799 1081
f 2061 1299 1821
f 2020 2021 2022
f 2009 977 1696
f 937 4354 542
f 2023 1785 1570
f 2023 1833 1785
f 2288 1297 2015
f 1860 2314 1877
f 2004 1956 1990
f 2004 1784 1956
f 2004 1990 2016
f 1832 2026 1830
f 1946 1081 3799
f 2046 2027 1946
f 1877 1858 1860
f 1645 1128 4405
f 2028 1615 1600
f 2539 2029 2030
f 2029 2031 2030
f 2077 1836 2032
f 1203 1600 1582
f 2033 1842 1844
f 2020 1919 2034
f 1803 2035 1781
f 2036 2028 1958
f 2028 1600 1958
f 2036 1781 2035
f 1844 1843 1796
f 1803 1614 1615
f 2036 1958 1960
f 1960 1959 2033
f 1803 1615 2035
f 2038 1781 1960
f 2033 1959 1842
f 1959 1600 1842
f 2032 1836 1751
f 1600 2037 1843
f 2037 2007 1797
f 2007 2037 1600
f 1811 1835 1806
f 2039 2005 2058
f 2005 2039 2040
f 2041 2042 2043
f 1822 2044 1823
f 2045 2046 2047
f 2539 2045 2047
f 1806 1808 1811
f 1919 2022 1792
f 1919 2020 2022
f 2076 1578 958
f 2539 2018 2048
f 2018 2019 2048
f 1579 1568 1791
f 1808 2000 1809
f 2049 2021 2020
f 1786 1812 1570
f 1786 1716 1812
f 1568 1567 1790
f 1567 1717 1790
f 1834 2021 2049
f 2002 1834 2049
f 1833 2023 2021
f 1834 1833 2021
f 2002 2049 1991
f 1213 780 2061
f 1807 2050 1806
f 1716 1786 1717
f 2050 2034 2000
f 1355 1007 2051
f 2022 2023 1570
f 2021 2023 2022
f 2002 1579 1791
f 2049 2020 2052
f 1991 2049 2052
f 1991 2052 1807
f 2044 1809 2054
f 1810 2044 1822
f 2055 1810 1822
f 2056 2057 2976
f 2050 2000 1808
f 1806 2050 1808
f 2052 2020 2034
f 2052 2034 2050
f 1807 2052 2050
f 2000 1998 1809
f 2022 1570 1792
f 1810 1809 2044
f 1811 1810 2055
f 1999 1919 1792
f 1919 1999 2034
f 2000 2034 1999
f 2054 1998 1792
f 1998 2054 1809
f 2055 1822 1825
f 2059 2053 2060
f 1860 1606 2314
f 2073 976 2063
f 584 2064 583
f 2077 1868 1880
f 2077 1830 2065
f 2076 2024 1578
f 2037 1796 1843
f 2066 957 583
f 2314 1321 1841
f 2055 1835 1811
f 4353 2058 1570
f 1570 2058 1792
f 1807 1835 1991
f 1825 1835 2055
f 2067 1870 2068
f 2053 1579 1835
f 513 1010 1623
f 1876 2314 1618
f 2073 2069 1397
f 961 1623 1010
f 1610 1616 1611
f 1616 1610 2073
f 2077 1880 2070
f 1846 2069 1847
f 2069 1846 1397
f 2077 2070 1831
f 2077 2032 2017
f 1832 2071 2061
f 1851 1645 1010
f 1839 1838 2074
f 1864 1846 1845
f 1846 1864 1397
f 1866 1865 1880
f 1796 2038 1844
f 1878 2074 1879
f 2550 1600 1097
f 2036 1960 1781
f 2037 1797 1796
f 2035 1615 2028
f 2036 2035 2028
f 2038 2033 1844
f 2038 1960 2033
f 2314 1841 1845
f 1881 1621 1839
f 1877 2314 1876
f 1618 2314 1611
f 1007 1009 2051
f 1619 1370 1355
f 2026 1832 2061
f 2075 2017 2032
f 2246 2073 1397
f 1876 1618 1617
f 1839 2074 1881
f 1841 1864 1845
f 1397 1645 2246
f 2078 2079 2080
f 2069 1610 1609
f 2073 1610 2069
f 1847 2069 1609
f 1853 1858 1877
f 1858 1853 2073
f 2081 770 1881
f 2068 1869 2061
f 1849 1414 2082
f 1821 1298 2067
f 2026 1561 2065
f 3799 979 2208
f 1868 2017 1867
f 2082 1637 1370
f 1414 1637 2082
f 2061 1505 1321
f 2314 1845 1847
f 2071 1865 2061
f 1561 2026 2061
f 2075 1867 2017
f 1751 2075 2032
f 1867 2075 1505
f 2075 1751 1505
f 1866 1880 1868
f 2071 1831 2070
f 2071 1832 1831
f 2070 1880 1865
f 1865 2071 2070
f 1505 2061 1865
f 1869 2068 1870
f 2026 2065 1830
f 1638 1421 1422
f 1578 1577 958
f 1869 1213 2061
f 2314 1847 1609
f 1853 1876 1617
f 1619 1621 1848
f 2063 1605 1225
f 1850 2082 1370
f 1849 2082 1850
f 1414 1849 1881
f 1158 1159 1878
f 1849 1848 1881
f 2303 2076 3044
f 1621 1620 1839
f 1355 1158 1879
f 1881 1848 1621
f 1642 1414 1881
f 1619 1848 1850
f 1850 1370 1619
f 931 1009 4357
f 2074 1878 1881
f 1879 1838 1355
f 2074 1838 1879
f 1881 1878 1159
f 1355 2084 1007
f 2086 3054 2085
f 2024 2303 584
f 959 1577 1576
f 1421 1638 771
f 1421 2087 1355
f 1421 771 2087
f 884 1653 1663
f 1691 1887 1692
f 2137 2089 1893
f 2090 1683 2091
f 1658 1874 1886
f 1905 1907 2094
f 2095 2096 2097
f 1659 1906 1657
f 1896 1648 2137
f 1709 2159 1951
f 1968 1911 1922
f 2099 1683 2090
f 2100 2101 2102
f 1933 2101 2100
f 1895 3321 2103
f 1890 573 1473
f 1922 1872 1650
f 2104 2192 1952
f 2105 2106 1933
f 2105 2107 2106
f 1693 1692 2137
f 3001 2109 2110
f 1896 1883 1885
f 1659 1907 1906
f 1659 2080 2079
f 2080 1659 1872
f 2099 1639 1683
f 1912 1473 1902
f 1663 1665 1688
f 2112 2113 2114
f 1688 1665 2115
f 1665 1817 2115
f 2116 2117 2118
f 1904 1883 1896
f 1893 2119 3748
f 1882 1890 1473
f 1891 1904 2137
f 1904 1896 2137
f 1935 1929 1931
f 1931 1897 2159
f 1648 1885 1649
f 1713 2122 2121
f 1683 1684 2091
f 1875 1905 1911
f 1817 2099 2115
f 1664 1639 1817
f 1700 1708 883
f 1817 1639 2099
f 1688 2115 2090
f 2115 2099 2090
f 1458 1912 1902
f 1688 2090 2091
f 2093 2092 1658
f 1640 1652 883
f 1708 1640 883
f 1918 1920 2098
f 1898 1918 2098
f 1902 1473 1903
f 684 1672 1639
f 1935 1931 2159
f 1699 2123 1938
f 1457 1912 1458
f 573 70 1473
f 816 2137 1920
f 1111 1934 1935
f 1458 1902 1901
f 1458 1901 2137
f 1901 1903 1693
f 1969 1976 1945
f 1112 1111 2159
f 2125 1941 2126
f 1920 1941 2125
f 1901 1693 2137
f 2119 2103 2127
f 2128 2129 2130
f 2089 2130 1894
f 2091 2131 1688
f 2131 2091 1684
f 2132 2133 2207
f 2132 2134 2133
f 2421 2135 2136
f 2093 1658 1886
f 1884 4257 118
f 1659 2079 1907
f 1872 1922 1921
f 1920 1934 816
f 1111 1935 2159
f 2126 1941 1943
f 1111 1110 1934
f 1110 816 1934
f 1932 2126 2159
f 1942 2138 1943
f 1932 2125 2126
f 1819 2139 1820
f 1920 2139 1819
f 1898 2098 1932
f 1930 1918 1897
f 1918 1930 1920
f 2848 2140 2141
f 1931 1930 1897
f 2159 2126 1943
f 2098 2125 1932
f 2125 2098 1920
f 1587 2142 1586
f 1875 1657 1906
f 1905 2094 1911
f 2143 2144 1829
f 2144 2143 1933
f 1910 2143 1829
f 1875 1906 1905
f 1922 1750 1968
f 1911 2094 2078
f 2145 2420 2146
f 1659 1657 2092
f 1922 1650 1750
f 2078 1921 1911
f 2467 2142 1925
f 1923 1910 1829
f 1923 1938 1937
f 2147 2148 2149
f 118 1851 77
f 1724 2143 1910
f 2143 1724 1933
f 1923 1732 1910
f 2123 1939 1938
f 1939 2123 1933
f 1447 2151 2152
f 1933 2151 1447
f 1907 2079 2094
f 2080 1872 1921
f 1449 1923 1927
f 2079 2078 2094
f 2078 2080 1921
f 1874 1658 1657
f 1945 2153 1974
f 2154 2155 2156
f 2157 2154 2156
f 2157 2155 2154
f 1966 1937 1939
f 1933 1966 1939
f 2547 2160 2161
f 2124 1933 450
f 1923 1829 1963
f 1829 2144 1963
f 1964 2123 1699
f 2123 1964 1933
f 2144 1964 1963
f 1933 1964 2144
f 1923 1963 1699
f 1923 1699 1938
f 1472 2192 1551
f 1976 2153 1945
f 1943 2138 2159
f 2153 1976 1742
f 1462 237 1742
f 2162 2163 2164
f 1925 1924 2467
f 2166 3287 2167
f 2158 1969 1945
f 1914 2158 1974
f 1659 2305 1914
f 2119 1895 2103
f 2169 1969 1947
f 2169 1947 1742
f 2113 2108 2114
f 1783 1944 1951
f 1928 2170 2207
f 2192 2171 2172
f 2192 1944 1770
f 1783 2173 2174
f 2175 2176 2207
f 2177 2176 2175
f 1783 1770 1944
f 2138 2178 1818
f 2179 2180 1989
f 1911 2181 2182
f 3236 1813 2183
f 1462 2158 1914
f 1974 2153 1742
f 1742 1976 2169
f 2169 1976 1969
f 1914 1974 1742
f 2172 2184 2185
f 2192 2186 2187
f 2187 2188 2171
f 2173 2186 2174
f 1552 2177 2175
f 2189 2104 1952
f 2192 2190 2186
f 1953 1690 1957
f 2188 1783 2191
f 2177 2104 2176
f 1470 1472 1551
f 2176 2189 2207
f 2189 2176 2104
f 1771 1783 1955
f 1955 2190 1772
f 1727 2193 5996
f 2194 2195 2196
f 1688 2194 2196
f 2190 2174 2186
f 2192 1772 2190
f 2187 2173 2188
f 1955 1783 2174
f 1552 2192 2177
f 1965 2189 1952
f 1952 1953 1965
f 1783 2184 2191
f 2175 1950 1552
f 2484 1968 4354
f 2189 1965 2207
f 1994 1690 2192
f 1461 1950 2207
f 1851 1128 1645
f 2192 2187 2171
f 2192 2172 2185
f 1783 2197 2198
f 1950 1470 1551
f 1950 1461 1470
f 1953 2192 1690
f 2173 2187 2186
f 2190 1955 2174
f 1783 2188 2173
f 2029 2199 2031
f 2104 2177 2192
f 2170 1928 1994
f 2191 2172 2171
f 2191 2171 2188
f 1950 2175 2207
f 2048 2019 2199
f 2131 2202 1688
f 2202 2131 1970
f 2203 2192 2134
f 1990 1575 1737
f 5996 2204 1465
f 2205 1971 1737
f 6027 2206 1752
f 2210 2192 2856
f 2006 2005 2040
f 2211 1804 6479
f 1784 1574 1956
f 1574 1575 1956
f 2001 2212 2213
f 2001 1784 2212
f 2001 2213 1972
f 2016 1737 2213
f 2214 2215 2216
f 2195 2217 2196
f 2212 2016 2213
f 1990 1737 2016
f 2218 2205 1737
f 1978 1972 1971
f 1977 1971 2205
f 1967 1574 1784
f 2168 2209 2221
f 2221 2209 1946
f 1967 1784 3281
f 2219 2205 2218
f 1784 2004 2212
f 2004 2016 2212
f 2223 2218 1737
f 1784 2001 1978
f 2001 1972 1978
f 1823 1983 2006
f 2224 2225 2226
f 1972 2213 1737
f 2538 1784 1978
f 2538 1977 2219
f 1977 2205 2219
f 1821 2068 2061
f 2227 2219 2218
f 2227 2538 2219
f 2538 3281 1784
f 2227 2218 2223
f 3269 1097 2539
f 1561 2061 780
f 2228 2221 2229
f 2042 2935 1997
f 2168 2221 2228
f 2539 2168 2228
f 2230 2053 2014
f 1983 1792 2058
f 2014 2053 2231
f 2232 2233 2234
f 2235 2236 2935
f 2027 2237 1946
f 2239 2240 2241
f 2242 2239 2241
f 2243 2244 2011
f 2231 2243 2011
f 2013 2245 2239
f 2230 2013 2239
f 2077 2062 2072
f 2061 1321 2314
f 2539 2048 2029
f 2048 2199 2029
f 2247 2229 2237
f 2228 2229 2247
f 2539 2228 2247
f 2030 2031 2209
f 2247 2237 2248
f 2539 2247 2248
f 2539 2030 2168
f 2030 2209 2168
f 2199 2019 1946
f 2209 2031 1946
f 2031 2199 1946
f 2248 2237 2027
f 2249 2027 2046
f 2539 2248 2249
f 2248 2027 2249
f 2229 2221 1946
f 2237 2229 1946
f 2008 2250 2251
f 2253 2254 2255
f 2060 2253 2255
f 1824 2006 2256
f 2257 1824 2256
f 2258 2259 2235
f 2253 2040 2254
f 2060 2255 2059
f 2550 1097 3799
f 2260 2261 2262
f 2261 2263 2262
f 2062 2065 782
f 2077 2072 1424
f 2062 782 781
f 1346 1345 2264
f 2072 2062 2288
f 2236 2235 2259
f 1797 2008 2038
f 2265 2252 2266
f 2007 1600 2250
f 2008 2007 2250
f 1997 2267 1995
f 2255 2254 2268
f 2259 2258 2038
f 2269 2270 2271
f 2243 2268 2244
f 2272 2273 2058
f 2272 2244 2273
f 2257 2256 2274
f 2256 2006 2040
f 2254 2275 2268
f 2274 1835 2257
f 2256 2040 2253
f 2274 2256 2253
f 1824 1823 2006
f 1825 1824 2257
f 2254 2040 2039
f 2044 1926 1823
f 1926 2054 1792
f 1926 2044 2054
f 2244 2268 2273
f 2274 2253 2060
f 2059 2243 2231
f 2011 2244 2012
f 1835 2274 2053
f 2013 2012 2245
f 2245 2012 2276
f 2244 2272 2012
f 2275 2039 2058
f 2275 2254 2039
f 2277 2278 2279
f 2255 2268 2243
f 2059 2255 2243
f 2257 1835 1825
f 2231 2011 2014
f 2276 2272 2058
f 2272 2276 2012
f 2014 2013 2230
f 2230 2239 2242
f 2273 2275 2058
f 2268 2275 2273
f 977 1608 1696
f 2280 1157 1355
f 2081 1157 2280
f 1555 1554 2015
f 2062 1870 2288
f 2077 2065 2062
f 2062 1871 1870
f 2288 1870 2067
f 2288 2067 1298
f 2060 2053 2274
f 2231 2053 2059
f 2242 2053 2230
f 2062 781 1871
f 1859 1225 1606
f 1860 1859 1606
f 770 2081 2280
f 2068 1821 2067
f 2288 1298 1297
f 1608 2281 1696
f 2281 1608 2073
f 2282 1995 2267
f 1996 2043 2042
f 2283 2267 2935
f 1600 2550 2935
f 2251 2250 2236
f 937 2038 2252
f 2236 1600 2935
f 2042 2041 2935
f 2043 2038 2258
f 1600 2236 2250
f 2259 2038 2251
f 1213 1869 1871
f 2038 2008 2251
f 1995 2282 2038
f 2259 2251 2236
f 2267 1997 2935
f 2935 2041 2235
f 1995 2038 1996
f 2043 2258 2041
f 2284 2285 2266
f 2053 2242 2286
f 2258 2235 2041
f 2038 2043 1996
f 1996 2042 1997
f 2283 2287 2282
f 2283 2282 2267
f 2064 2066 583
f 959 584 583
f 1871 781 1213
f 2289 2057 2290
f 2976 2057 2289
f 1859 2073 1225
f 978 977 2314
f 2051 933 1355
f 933 2051 931
f 931 2051 1009
f 747 746 2291
f 1840 2292 981
f 2292 1840 2073
f 1881 771 1638
f 771 770 2087
f 2294 1840 980
f 2073 1840 2294
f 1696 2281 1695
f 2281 2294 1695
f 2073 2294 2281
f 2063 978 1605
f 1695 2294 980
f 980 1840 981
f 3027 710 2010
f 2314 2009 3451
f 2131 1684 1970
f 1299 1555 1297
f 2297 2298 4292
f 2297 2299 2298
f 2024 1576 1578
f 2066 2076 957
f 2300 1589 2301
f 2009 2314 977
f 1159 2081 1881
f 1159 1157 2081
f 2063 1225 2073
f 1881 1638 4357
f 1608 976 2073
f 2314 1606 1605
f 933 1422 1355
f 932 1422 933
f 976 978 2063
f 1695 980 2009
f 782 2065 1561
f 2087 2280 1355
f 2280 2087 770
f 1881 4357 707
f 932 1638 1422
f 2306 2307 2331
f 2307 2306 2308
f 1521 1881 707
f 2164 2316 2109
f 2319 2320 2321
f 2322 2323 1626
f 2324 4590 2325
f 2328 2329 2330
f 2332 2333 2334
f 2334 2333 2376
f 2335 2202 1970
f 2336 2337 2338
f 2339 2340 2341
f 2359 2342 2343
f 3200 2344 2345
f 2346 2347 2348
f 1987 1491 5416
f 2354 2355 2356
f 1404 3110 2360
f 2361 2362 2363
f 2364 2365 4864
f 2366 2367 2336
f 2369 2370 2371
f 2318 2372 2373
f 2374 4824 2375
f 2697 2379 3615
f 2381 2382 2383
f 2384 3044 2725
f 2380 2385 2386
f 3971 2387 2388
f 2389 2390 2391
f 2390 3611 2391
f 2392 2393 2394
f 2397 2395 4883
f 2398 2395 2397
f 2399 1979 1981
f 1925 1587 1585
f 2127 1712 1711
f 2109 2400 2110
f 2092 2093 778
f 2092 2113 2401
f 2137 1893 3748
f 2403 2100 2102
f 1888 2129 2128
f 2127 2103 1712
f 1688 2196 2404
f 2196 2217 2404
f 2122 2405 2121
f 2178 1819 1818
f 1920 1819 2178
f 1911 2182 2406
f 2405 2407 2408
f 2088 2092 778
f 1711 1713 2121
f 2195 2194 2335
f 2092 2410 2096
f 2095 2108 2096
f 1886 1911 2406
f 2097 2181 1911
f 2441 1908 2411
f 3748 1711 2121
f 2412 2413 2414
f 2413 1920 2414
f 2092 2096 2108
f 1473 3321 1894
f 2103 3321 1712
f 1712 3321 1713
f 2127 1711 3748
f 2130 1473 1894
f 2415 2547 2416
f 2217 2417 2404
f 2119 2127 3748
f 2138 1942 2178
f 1942 1920 2178
f 1888 1887 2129
f 2418 3321 2419
f 2163 1920 2316
f 2164 2163 2316
f 3321 1473 70
f 2202 2194 1688
f 2335 2194 2202
f 2089 1894 1893
f 1887 1691 1473
f 1887 1473 2129
f 2129 1473 2130
f 1688 2404 2422
f 2128 2089 2137
f 1692 1888 2137
f 2128 2130 2089
f 1888 2128 2137
f 1893 1895 2119
f 2121 2405 3748
f 2403 2152 2151
f 2423 3298 2424
f 2134 2192 2210
f 1659 2092 2305
f 237 70 4354
f 2316 2400 2109
f 2400 2316 1920
f 2093 2406 778
f 2112 2401 2113
f 2425 2107 2165
f 2426 2092 2401
f 2112 2114 2409
f 2427 2428 2429
f 2092 2088 2410
f 2430 2431 2547
f 2110 2432 2433
f 2400 2432 2110
f 1920 2432 2400
f 2139 2163 2162
f 1920 2163 2139
f 2432 2413 2433
f 2432 1920 2413
f 1820 2139 2162
f 2413 2412 2433
f 2088 2182 2181
f 2405 2122 2407
f 2093 1886 2406
f 1911 2409 2095
f 2113 2092 2108
f 1739 1738 2434
f 1911 2095 2097
f 1911 1968 2484
f 2108 2095 2114
f 2435 2436 2409
f 2409 2114 2095
f 2437 2438 2439
f 2441 2442 2443
f 2444 2445 2446
f 2448 2449 2450
f 2451 2427 2429
f 1933 2427 2451
f 2452 2453 2454
f 2453 4294 2454
f 2455 2456 2457
f 2460 2461 2462
f 2463 2135 2421
f 2467 2142 1924
f 2142 2467 1924
f 2458 2159 3001
f 2107 2105 2466
f 2467 2159 2458
f 1925 2142 1587
f 2101 1933 2106
f 2142 2467 2458
f 2105 2464 2466
f 2464 2105 1933
f 1449 1447 2152
f 2102 2101 2425
f 2107 2425 2106
f 2122 3321 2407
f 2410 2088 2181
f 2097 2410 2181
f 2088 778 2182
f 2097 2096 2410
f 778 2406 2182
f 1951 2467 2150
f 2467 1951 2159
f 2468 2748 2469
f 2142 2458 1586
f 2467 1924 2150
f 2471 2472 2616
f 2472 2471 2473
f 1818 2159 2138
f 1586 2474 2150
f 2474 1586 2458
f 2101 2106 2425
f 2475 2476 2477
f 2111 2476 2475
f 2464 2478 2479
f 2478 2464 1933
f 2478 2451 2480
f 2478 1933 2451
f 2478 2480 2479
f 2466 2464 2479
f 2100 2151 1933
f 2403 2151 2100
f 2192 2185 2481
f 2468 2482 2483
f 2172 2191 2184
f 2482 2485 2848
f 2468 2485 2482
f 2486 2487 2488
f 2489 2490 2491
f 2856 2492 2493
f 237 1914 1742
f 2092 2438 2305
f 2405 2408 3748
f 2494 2495 2496
f 2497 2498 2499
f 2207 2471 2616
f 2162 2159 1820
f 2856 2498 2497
f 2197 2498 2501
f 2856 2490 2492
f 2503 2856 2504
f 2856 2481 2491
f 2503 2504 2470
f 2472 1936 2616
f 2505 1936 2472
f 2505 2472 2473
f 2481 2506 2491
f 2197 2501 2198
f 2507 2504 2856
f 1994 2192 2203
f 2486 2508 2487
f 2210 2473 2471
f 1783 2489 2506
f 2490 2489 2500
f 2473 2856 2505
f 2499 2197 1783
f 2509 2481 2185
f 2510 2488 2487
f 2133 2471 2207
f 2490 2500 2492
f 2149 2511 2165
f 2509 2185 2184
f 2470 2513 2616
f 2504 2513 2470
f 2493 2198 2501
f 2513 2514 2616
f 2507 2514 2513
f 2471 2133 2210
f 1936 2470 2616
f 2856 2493 2501
f 2481 2509 2506
f 2489 2491 2506
f 2184 1783 2509
f 2170 2132 2207
f 2170 2203 2132
f 2616 2514 2516
f 2856 2491 2490
f 2192 2481 2856
f 2517 2493 2492
f 2856 2501 2498
f 2470 1936 2503
f 2203 2170 1994
f 2134 2132 2203
f 2517 2492 2500
f 2133 2134 2210
f 2506 2509 1783
f 2517 2500 1783
f 1783 2500 2489
f 2493 2517 2198
f 2507 2513 2504
f 2505 2856 2503
f 2466 2165 2107
f 2473 2210 2856
f 1936 2505 2503
f 1783 2198 2517
f 1738 1740 2520
f 2422 2417 2522
f 2523 2475 2524
f 2475 2523 2111
f 2124 2525 2530
f 2124 2538 2525
f 2526 2527 3095
f 2856 2528 2529
f 1737 1524 2530
f 2531 1739 2434
f 2532 2223 2533
f 2534 2533 2535
f 2534 2532 2533
f 2534 2538 2532
f 2535 2533 1737
f 2286 2540 2541
f 2480 2451 2429
f 2249 2046 2045
f 2539 2249 2045
f 4354 937 4376
f 2226 2447 2543
f 2530 2535 1737
f 2538 2227 2532
f 2227 2223 2532
f 2525 2535 2530
f 2544 2545 2546
f 2538 2534 2525
f 2534 2535 2525
f 2548 509 2618
f 509 2548 510
f 2539 2047 2521
f 2047 2883 2521
f 2047 2046 2883
f 2287 2551 2269
f 2533 2223 1737
f 2553 2554 2284
f 2271 2555 2252
f 2556 2557 2935
f 2558 2056 2976
f 2287 2283 2551
f 2283 2935 2551
f 2883 2046 1946
f 2288 2015 2559
f 2539 3288 3269
f 2560 2561 2562
f 2304 584 2303
f 2553 2556 2554
f 2556 2935 2554
f 2563 2564 2265
f 2564 2563 2935
f 2565 2548 2618
f 2565 2566 2548
f 2567 2568 2569
f 2241 2240 508
f 2483 2542 2570
f 2542 2482 2848
f 2483 2482 2542
f 2239 2245 2240
f 937 2220 4376
f 2571 2572 2058
f 2240 2572 2571
f 2572 2276 2058
f 2572 2245 2276
f 2573 2574 2575
f 2574 2573 2576
f 2578 2579 2161
f 2245 2572 2240
f 2540 508 510
f 2580 2581 2618
f 2582 2581 2580
f 2242 2241 2286
f 2955 2583 2584
f 2874 2585 2586
f 2587 2588 2589
f 2559 2015 1554
f 2556 2553 2555
f 2025 2559 2590
f 3799 2883 1946
f 2287 2269 2252
f 2591 3321 2531
f 2252 2038 2282
f 2282 2287 2252
f 2554 2285 2284
f 2285 2554 2935
f 2270 2557 2271
f 2551 2270 2269
f 2270 2551 2935
f 2592 2593 2583
f 2266 2563 2265
f 2270 2935 2557
f 2285 2935 2563
f 2266 2285 2563
f 2594 2595 2596
f 2265 2564 2597
f 2583 2955 2592
f 2582 2580 2576
f 1815 1814 2160
f 2240 2571 508
f 2600 2592 2601
f 2540 510 2602
f 2541 2540 2602
f 2241 508 2540
f 2286 2241 2540
f 2541 2602 2577
f 2571 2058 2618
f 2602 510 2566
f 2566 510 2548
f 2566 2565 2278
f 509 2571 2618
f 509 508 2571
f 2300 2076 1589
f 2606 2987 2607
f 2608 2606 2607
f 2584 2300 2301
f 2602 2566 2609
f 2577 2602 2609
f 2577 2609 2610
f 2577 2053 2541
f 2611 2612 2955
f 2614 2064 584
f 2595 2279 2582
f 2919 1368 2593
f 2581 2617 2618
f 2581 2279 2617
f 2609 2278 2277
f 2610 2609 2277
f 2277 2279 2595
f 2594 2277 2595
f 2609 2566 2278
f 2588 1008 2084
f 2584 1368 2300
f 2575 2574 2605
f 2610 2277 2594
f 2595 2582 2573
f 2596 2595 2573
f 2279 2581 2582
f 2617 2565 2618
f 2278 2565 2617
f 2279 2278 2617
f 2596 2573 2575
f 2573 2582 2576
f 748 747 2619
f 2025 2590 2552
f 2295 2883 3799
f 2025 2552 2585
f 2621 2585 2552
f 2072 2025 2874
f 2288 2559 2025
f 2874 2622 2623
f 2874 2623 2625
f 2624 2626 2686
f 2612 2627 2628
f 2291 2289 2290
f 2615 2614 2238
f 584 2301 2238
f 2076 2066 2629
f 584 2584 2301
f 2610 2053 2577
f 2541 2053 2286
f 2596 2636 2594
f 2575 2636 2596
f 2460 2631 2632
f 2633 2303 2987
f 2558 2634 2056
f 2628 2606 2608
f 2605 2636 2575
f 2615 1589 2076
f 2076 2300 2919
f 2053 2594 2636
f 2635 2601 2955
f 2594 2053 2610
f 2592 2600 2593
f 584 2611 2955
f 2053 2636 2943
f 2943 1579 2053
f 2304 2611 584
f 1589 2615 2238
f 2076 2629 2615
f 2608 2607 2637
f 2238 2614 584
f 1346 2589 1355
f 2587 2589 1346
f 2246 1645 4405
f 2638 2290 2057
f 5214 2639 2640
f 2072 2288 2025
f 2619 747 2009
f 981 2619 2009
f 746 2289 2291
f 2289 746 2976
f 2073 2246 2976
f 2291 2009 747
f 981 2292 2619
f 2025 2585 2874
f 2874 2586 2622
f 2935 2550 2933
f 2583 2593 1368
f 2252 2555 2553
f 2555 2271 2557
f 2271 2252 2269
f 2556 2555 2557
f 2252 2553 2284
f 2266 2252 2284
f 2293 2642 2643
f 2220 937 2252
f 1368 2584 2583
f 2955 2584 584
f 2612 2644 2627
f 2644 2987 2627
f 2635 2645 2601
f 2646 2647 2648
f 4262 2649 2650
f 2292 748 2619
f 748 2292 2073
f 2651 2652 2653
f 2976 748 2073
f 2654 2621 2061
f 2655 2295 2656
f 2657 2658 2659
f 2976 2658 2657
f 2660 2661 2061
f 2662 2663 2409
f 2626 2654 2686
f 2645 2919 2600
f 2611 2644 2612
f 2304 2633 2611
f 1589 2238 2301
f 2633 2987 2644
f 2611 2633 2644
f 2304 2303 2633
f 2628 2627 2606
f 2627 2987 2606
f 2614 2615 2629
f 2664 2665 2666
f 2667 2664 2666
f 2667 2665 2664
f 2629 2066 2064
f 2593 2600 2919
f 3491 2076 2919
f 2614 2629 2064
f 2300 1368 2919
f 2645 2600 2601
f 2601 2592 2955
f 2669 2670 2671
f 2628 2955 2612
f 2552 2590 2660
f 2608 2955 2628
f 1554 2661 2559
f 2686 2061 2314
f 2626 2624 2622
f 2673 2625 2623
f 2660 2621 2552
f 2661 1554 2061
f 2661 2660 2590
f 2661 2590 2559
f 2621 2654 2585
f 2621 2660 2061
f 2673 2624 2686
f 2654 2061 2686
f 2673 2674 2625
f 2624 2673 2623
f 2654 2626 2586
f 2586 2585 2654
f 2626 2622 2586
f 2623 2622 2624
f 3877 3027 2668
f 2676 2264 1345
f 1008 2588 4357
f 2677 3830 2648
f 2290 2009 2291
f 2056 2638 2057
f 2384 2380 3044
f 2634 2009 2638
f 2976 2678 2679
f 2680 2558 2679
f 2056 2634 2638
f 2679 2681 2680
f 2681 2679 2678
f 3451 2680 2681
f 2976 746 748
f 2290 2638 2009
f 2679 2558 2976
f 3451 2634 2680
f 2634 3451 2009
f 2558 2680 2634
f 3091 2725 2682
f 2683 2684 4357
f 2589 2084 1355
f 2588 2084 2589
f 2587 1346 2264
f 1008 1007 2084
f 2687 2313 2688
f 2689 1345 3054
f 2676 1345 2689
f 1355 1370 1311
f 2690 2689 3054
f 2690 2691 2689
f 2691 2676 2689
f 1179 2690 3054
f 1179 1863 2690
f 1345 1355 3054
f 2691 2690 1863
f 1178 2692 1180
f 2693 3263 2694
f 2350 2384 2351
f 2313 2380 2688
f 2313 2687 2699
f 2339 2699 2700
f 2385 2700 2698
f 2701 1387 756
f 2672 2339 2341
f 3511 2704 2705
f 2708 2709 3623
f 2708 2710 2709
f 2712 2713 2714
f 2715 2437 2716
f 2717 2718 2719
f 3002 2720 2721
f 2384 2725 2351
f 2386 2687 2688
f 2386 2688 2380
f 2698 2699 2687
f 2698 2700 2699
f 2386 2385 2698
f 2722 2720 3002
f 2339 2700 2340
f 2385 2340 2700
f 2698 2687 2386
f 2313 2699 2672
f 2672 2699 2339
f 2313 2672 4677
f 3044 2380 2313
f 3830 2696 2724
f 2476 2726 2727
f 2476 2111 2726
f 2728 2729 2730
f 2562 3001 2560
f 2436 2731 2426
f 2733 2734 2735
f 2736 2737 2715
f 2426 2401 2738
f 2642 2419 3321
f 2739 2740 2741
f 2524 2475 2477
f 2438 2435 2439
f 2742 2743 2744
f 2743 2742 2502
f 2293 2419 2642
f 2440 2418 2419
f 2745 2746 2747
f 2407 3321 2418
f 2747 2748 2745
f 2401 2112 2738
f 2749 2531 2434
f 2643 2642 2750
f 2547 2751 2567
f 2305 2438 2437
f 2753 2754 2424
f 2438 2092 2731
f 2111 2414 1920
f 2755 2441 2756
f 2757 2652 2441
f 2652 2757 2653
f 2643 2750 2758
f 2561 2732 2562
f 2111 2732 2561
f 2758 2750 2591
f 2760 2755 2761
f 2408 2418 2440
f 2305 2437 2715
f 2409 2762 2736
f 2408 2407 2418
f 2763 2764 2848
f 2763 2459 2764
f 2732 1916 1915
f 1916 2732 2111
f 2643 2758 3748
f 1916 2111 2523
f 1917 1916 2523
f 2111 1738 2520
f 2736 2716 2409
f 2092 2426 2731
f 2738 2112 2409
f 1739 2734 1740
f 2412 2414 2560
f 2408 2440 3748
f 2749 2591 2531
f 2122 1713 3321
f 2758 2591 2749
f 2440 2419 2293
f 2293 2643 3748
f 2642 3321 2750
f 2750 3321 2591
f 2416 2547 2766
f 2757 2767 2653
f 2768 2757 2441
f 2757 2768 2767
f 2769 2428 2770
f 2441 2772 2754
f 2773 2774 2516
f 2409 2439 2435
f 2768 2441 2775
f 2520 2733 2776
f 4198 2777 2778
f 2779 2780 2781
f 2776 2735 2782
f 2305 1979 3200
f 2305 1980 1979
f 1980 2762 1981
f 2436 2426 2738
f 2305 2737 1980
f 1917 2523 2524
f 2477 2476 2727
f 2726 2783 2727
f 2305 2715 2737
f 2749 3748 2758
f 2562 2732 1915
f 2414 2561 2560
f 2111 2561 2414
f 2784 2457 2785
f 1909 2786 2787
f 2148 2788 2502
f 2147 2788 2148
f 2147 2740 2788
f 2759 2789 2790
f 2789 2759 2502
f 1981 2409 2399
f 2791 3200 1979
f 1911 2484 2409
f 2438 2731 2435
f 2409 2436 2738
f 2736 2715 2716
f 2437 2439 2716
f 2469 2485 2468
f 2792 2747 2793
f 2792 2474 2458
f 2135 2794 2795
f 2796 2547 2794
f 2797 897 2798
f 2745 2748 2570
f 2799 2800 2801
f 2800 2802 2801
f 2746 2803 2848
f 2745 2803 2746
f 2148 2804 2149
f 2804 2148 2502
f 2483 2748 2468
f 2792 2458 2747
f 3001 2547 2458
f 2570 2748 2483
f 2806 2420 2145
f 2769 2807 2741
f 2807 2739 2741
f 2739 2807 2502
f 5609 2808 2809
f 2804 2502 2759
f 2502 2770 1933
f 2149 2804 2511
f 2804 2759 2511
f 2539 2521 3288
f 2791 1979 2399
f 2764 2810 2848
f 2810 2764 2811
f 2512 2486 2488
f 2409 2716 2439
f 2812 1783 2512
f 2762 2737 2736
f 2731 2436 2435
f 2762 1980 2737
f 1981 2762 2409
f 2305 3200 1914
f 2747 2458 2748
f 2770 2427 1933
f 2770 2428 2427
f 2807 2770 2502
f 2769 2770 2807
f 2458 2547 2748
f 2814 2815 2816
f 2815 2814 4350
f 2788 2739 2502
f 2740 2739 2788
f 2789 2817 2771
f 2502 2817 2789
f 2474 2793 2848
f 2792 2793 2474
f 2793 2746 2848
f 2746 2793 2747
f 2150 2474 2848
f 2803 2542 2848
f 2542 2803 2570
f 2745 2570 2803
f 2819 2820 3263
f 2485 2763 2848
f 2469 2763 2485
f 2469 2459 2763
f 2821 2875 2232
f 3267 2822 2823
f 2825 2826 2616
f 2827 2826 2825
f 3001 2727 2783
f 2828 2829 2830
f 2831 2832 2833
f 2834 2875 3277
f 2835 2836 3287
f 5366 2837 2838
f 2837 2839 2838
f 2840 2836 2841
f 2840 3287 2836
f 2842 2843 2844
f 2845 2846 2847
f 2510 2812 2488
f 2856 2497 2510
f 2537 2234 2616
f 2232 2234 2537
f 2850 2875 2851
f 4111 2852 2853
f 2512 2854 2486
f 2836 2855 2841
f 2835 2233 2855
f 2516 2514 2773
f 2821 2827 2875
f 2774 2856 2827
f 2857 3277 2214
f 2537 2826 2821
f 2516 2825 2616
f 2774 2825 2516
f 2812 2499 1783
f 2512 2858 2859
f 2514 2507 2773
f 2512 2860 2854
f 2507 2856 2773
f 2233 2875 2855
f 2875 2861 2862
f 2232 2537 2821
f 2829 2828 2863
f 2773 2856 2774
f 2841 2855 2875
f 2856 2508 2528
f 2488 2812 2512
f 2508 2486 2854
f 2856 2487 2508
f 2499 2498 2197
f 2856 2529 2805
f 2826 2827 2821
f 1097 3269 3799
f 2858 2861 2805
f 2529 2860 2859
f 2836 2835 2855
f 2862 2861 2864
f 2529 2859 2805
f 3200 2865 2866
f 2827 2856 2875
f 2864 2858 2512
f 2751 2547 2867
f 2856 2805 2861
f 2826 2537 2616
f 2232 2875 2233
f 2512 2859 2860
f 2508 2854 2528
f 2860 2528 2854
f 2860 2529 2528
f 2868 2869 2870
f 4311 2863 2828
f 2835 3287 2616
f 2858 2805 2859
f 2856 2861 2875
f 2856 2510 2487
f 2812 2510 2497
f 2812 2497 2499
f 3001 1917 2524
f 2774 2827 2825
f 2234 2835 2616
f 2233 2835 2234
f 2871 2872 2873
f 2120 2631 2877
f 2538 2124 3281
f 1989 5378 1804
f 2748 2811 2459
f 2874 2625 2882
f 2884 2885 2886
f 2887 2327 2888
f 2889 2890 2891
f 2892 2889 2891
f 2893 2933 2894
f 2327 2881 2880
f 2921 2896 2897
f 2898 2899 2900
f 2900 2604 2898
f 2901 2902 2903
f 2904 2905 2906
f 2164 3001 2162
f 2907 2908 2909
f 2890 2910 2911
f 2904 2604 2912
f 1738 2111 2434
f 2576 2914 2910
f 2915 2916 2917
f 2605 2574 2889
f 2574 2910 2889
f 2466 2479 2165
f 3334 2922 2923
f 2924 2925 3029
f 2921 2897 2926
f 2295 3318 2883
f 2933 2550 3799
f 2927 2928 2901
f 2929 2930 2931
f 2932 2929 2931
f 2220 2265 2604
f 2220 2252 2265
f 2904 2894 2905
f 2894 2933 2905
f 2597 2912 2604
f 2905 2879 2906
f 2879 2905 2933
f 2265 2597 2604
f 2930 2934 2907
f 2906 2879 2936
f 2564 2933 2893
f 2935 2933 2564
f 2938 2899 2898
f 2899 2938 2933
f 2597 2893 2912
f 2597 2564 2893
f 2933 2938 2879
f 2899 2933 2939
f 2900 2899 2939
f 2900 2939 2940
f 2939 2933 2941
f 2934 2937 3378
f 2934 2930 2937
f 2560 3001 2412
f 2902 2901 3491
f 2944 2945 2946
f 2946 2636 2944
f 2574 2576 2910
f 2889 2910 2890
f 2929 2948 2930
f 2949 2950 2951
f 2605 2889 2892
f 2931 2930 2907
f 2946 2952 2947
f 2916 2953 3378
f 2915 2953 2916
f 2892 2891 2944
f 2891 2915 2945
f 2944 2891 2945
f 2891 2890 2915
f 2890 2953 2915
f 2954 2955 2956
f 2945 2915 2917
f 2914 2580 2618
f 2914 2576 2580
f 2911 2914 2618
f 2910 2914 2911
f 2947 2929 2932
f 2952 2948 2929
f 2947 2952 2929
f 2930 2948 2937
f 2945 2917 2952
f 2946 2945 2952
f 2911 2618 3378
f 2953 2911 3378
f 2953 2890 2911
f 2957 2958 2959
f 2960 2961 2963
f 2937 2962 3378
f 2948 2962 2937
f 2955 2903 2964
f 2959 2965 2966
f 2902 2964 2903
f 2902 2913 2964
f 2967 2968 2961
f 2963 2873 2969
f 2908 2934 3378
f 2907 2934 2908
f 2932 2931 2957
f 2952 2917 2948
f 2947 3396 2946
f 2671 2670 2970
f 2670 2987 2970
f 2931 2907 2958
f 2957 2931 2958
f 2958 2965 2959
f 2965 2958 2909
f 2958 2907 2909
f 2962 2916 3378
f 2962 2917 2916
f 2917 2962 2948
f 2944 2636 2892
f 2636 2946 3396
f 2971 2972 2973
f 2972 2987 2973
f 2974 2863 2975
f 2977 2978 2979
f 2980 2341 2340
f 2921 2882 2641
f 2980 2719 2718
f 2894 2912 2893
f 2604 2936 2898
f 2940 2604 2900
f 2983 2984 2985
f 2976 2984 2983
f 2873 2988 2969
f 2967 3491 2968
f 2667 2989 2665
f 2635 2918 2645
f 2872 2990 2988
f 2873 2872 2988
f 2608 2637 2955
f 2637 2972 2971
f 2966 3396 2959
f 2892 2636 2605
f 2968 2991 2961
f 2871 2973 2872
f 2973 2990 2872
f 2932 3396 2947
f 2919 2992 3491
f 2957 3396 2932
f 2959 3396 2957
f 2607 2987 2972
f 2637 2607 2972
f 2918 2635 2954
f 2994 3396 2995
f 2943 2636 3396
f 2963 2955 2873
f 2901 2903 2927
f 2921 2641 2896
f 2678 2978 2977
f 2978 2678 2976
f 2978 2983 2979
f 2976 2983 2978
f 2997 3029 2296
f 2874 2882 2921
f 2686 2314 3451
f 2920 2998 2686
f 2072 2874 2921
f 2921 2926 2922
f 3334 2923 2999
f 2921 2922 3334
f 2072 2921 3334
f 2718 2341 2980
f 2938 2898 2936
f 2938 2936 2879
f 2904 2906 2604
f 2894 2904 2912
f 2604 2906 2936
f 1909 2441 2786
f 3000 2940 2941
f 2940 2939 2941
f 3003 3004 2867
f 2421 3004 3003
f 3005 2684 2683
f 3006 3007 3451
f 3830 2717 2646
f 3008 2657 2659
f 2246 3910 2976
f 3830 3009 756
f 2984 2657 3008
f 2657 2984 2976
f 2985 2984 3008
f 2681 2678 2977
f 3451 2977 2979
f 2979 2983 2985
f 3010 3011 3012
f 3006 3013 3007
f 3011 3014 3012
f 3014 3011 2976
f 3012 3014 3006
f 3014 3013 3006
f 3013 3014 2976
f 2920 2897 2896
f 3334 2999 3015
f 3877 2668 3016
f 2668 3027 3037
f 2686 2998 3017
f 2969 2664 2665
f 2664 2990 2665
f 2991 2928 2927
f 2971 2973 2871
f 2960 2967 2961
f 2961 2991 2963
f 2973 2987 2990
f 2989 3018 2669
f 2969 2988 2664
f 2988 2990 2664
f 2669 3018 2670
f 3018 2666 2670
f 2992 2913 3491
f 2992 2918 2954
f 2928 2968 3491
f 2667 2666 3018
f 2989 2667 3018
f 2645 2918 2919
f 3841 3019 3020
f 2963 2927 2903
f 2955 2964 2956
f 2665 2963 2969
f 2992 2954 2956
f 2992 2919 2918
f 3491 2913 2902
f 2873 2955 2871
f 2955 2963 2903
f 2927 2963 2991
f 2913 2992 2956
f 3491 2901 2928
f 2913 2956 2964
f 2955 2954 2635
f 2989 2963 2665
f 2991 2968 2928
f 2669 2963 2989
f 2686 2925 2920
f 3021 3022 3023
f 3027 4105 1311
f 2686 2674 2673
f 3017 2674 2686
f 3451 3029 2686
f 3017 2641 2882
f 2997 3024 3029
f 3877 3025 3026
f 2882 2625 2674
f 3017 2998 2641
f 2998 2920 2896
f 2674 3017 2882
f 2896 2641 2998
f 2926 2897 2925
f 4105 3027 3877
f 2920 2925 2897
f 2924 2922 2926
f 2924 3028 2922
f 2925 2924 2926
f 3028 3024 2923
f 3024 3028 3029
f 2923 2922 3028
f 2686 3029 2925
f 3028 2924 3029
f 3030 2668 3037
f 3024 2997 2999
f 3024 2999 2923
f 3031 3016 3030
f 3016 2668 3030
f 2871 2955 2971
f 2955 2637 2971
f 2987 2666 2665
f 2665 2990 2987
f 3034 3035 3036
f 3005 3054 3038
f 3013 3039 3007
f 2329 2328 3040
f 3451 2985 3008
f 3451 2979 2985
f 3010 2659 2658
f 3011 3010 2658
f 3085 3041 3070
f 3451 2681 2977
f 2659 3451 3008
f 3010 3451 2659
f 3011 2658 2976
f 3012 3451 3010
f 3006 3451 3012
f 3042 2604 3043
f 2987 2303 3044
f 3045 3046 3047
f 3200 2866 3048
f 3038 3049 2684
f 3002 2385 2380
f 1387 2701 3002
f 3050 3051 4277
f 3005 2683 3052
f 2086 2085 3053
f 3002 2980 2385
f 3052 3054 3005
f 3055 3056 3057
f 3005 3038 2684
f 3056 3052 2683
f 3055 3058 3054
f 3055 3057 3058
f 3052 3055 3054
f 3056 3055 3052
f 3054 3058 1178
f 1178 3058 2692
f 3058 3057 2692
f 3053 2085 2685
f 3059 3060 3049
f 3059 3038 3054
f 3038 3059 3049
f 2086 3059 3054
f 3059 2086 3060
f 2086 3053 3060
f 3062 3063 3145
f 3062 3064 3063
f 3065 2222 3511
f 3066 2327 3067
f 3830 3068 3069
f 2719 2980 3002
f 2718 2672 2341
f 2672 2718 2717
f 2721 2647 3002
f 3002 3072 2719
f 2719 3072 2717
f 3830 2677 2696
f 3071 3073 2725
f 3041 2350 2351
f 3070 3073 3071
f 3076 3077 3078
f 3079 2325 2354
f 2526 4590 3080
f 3081 3082 5010
f 3082 3081 3083
f 3002 2647 3072
f 3088 3087 3093
f 2724 2722 3089
f 3089 2722 3002
f 2722 2696 2720
f 3091 3071 2725
f 2646 3072 2647
f 3002 2380 4488
f 3830 2724 3090
f 2696 2677 2720
f 2717 3830 2672
f 2646 2717 3072
f 3085 2350 3041
f 2721 2720 2677
f 3830 2646 2648
f 698 3633 3521
f 2980 2340 2385
f 2724 3089 3090
f 2722 2724 2696
f 3071 3085 3070
f 3070 3041 3073
f 2721 2648 2647
f 2677 2648 2721
f 3041 2351 3073
f 2380 2384 3085
f 2384 2350 3085
f 3073 2351 2725
f 3085 3071 3091
f 3085 3091 3092
f 3002 2366 2336
f 3798 3088 2725
f 3095 3096 3097
f 3100 3101 3102
f 3104 3105 3577
f 3104 2388 3105
f 3107 3108 3577
f 3107 3109 3108
f 3112 3113 3114
f 3068 3115 3116
f 3118 2359 2343
f 3119 3120 3121
f 3122 3123 3124
f 2318 3125 3126
f 3067 2327 2887
f 3127 3128 3129
f 3130 3131 2331
f 3130 3132 3131
f 2367 2337 2336
f 3163 3101 3133
f 3134 3107 3577
f 3134 3135 3107
f 3136 3137 3098
f 3573 3136 3098
f 3139 3140 3141
f 5006 3142 3143
f 2342 2359 3144
f 3148 3149 2310
f 3085 3086 3087
f 3085 3092 3086
f 2336 2338 3002
f 3150 3163 3113
f 2392 3147 2393
f 3151 3152 997
f 3152 3145 997
f 3153 3154 3155
f 3113 3163 3156
f 3157 2888 3158
f 3159 3160 3161
f 3160 3162 3161
f 3162 3159 3161
f 3164 3165 2838
f 4024 3167 3168
f 3167 3169 3168
f 3170 3171 3146
f 3171 3563 3146
f 2376 3172 3173
f 3172 2887 3173
f 3175 4334 3176
f 3178 2701 3009
f 3180 3181 3521
f 2380 3085 2723
f 3183 3184 3185
f 3184 3145 3185
f 3186 3187 3188
f 3189 3563 3190
f 2311 3191 3192
f 2387 3105 2388
f 2376 3157 3195
f 3196 3190 3197
f 3198 3196 3197
f 3201 3202 2331
f 3203 3202 3201
f 1401 1403 2315
f 3168 3169 3206
f 3207 3208 3209
f 3971 3174 2729
f 3173 2887 2888
f 3210 3211 3475
f 3211 3210 3212
f 3213 3129 3994
f 3213 3127 3129
f 936 4024 4800
f 3214 2359 3100
f 3215 2394 3521
f 2728 2376 3507
f 3174 3971 3562
f 3216 3538 3633
f 3218 3200 3219
f 2445 2734 2446
f 3200 2791 3221
f 3222 3223 4294
f 3222 3224 3223
f 2790 2789 2771
f 2663 3221 2791
f 3225 1815 2547
f 3200 3048 2344
f 3226 3227 3228
f 4311 3227 3226
f 2751 3229 2567
f 3200 2345 3219
f 4257 1688 2441
f 2569 3230 3231
f 3232 3048 3233
f 4257 3032 3217
f 2568 3230 2569
f 3230 2568 2421
f 3004 3229 2751
f 3229 3004 2421
f 3234 3003 3235
f 2421 3003 3234
f 3237 3238 3239
f 2865 3200 3221
f 2993 3240 2603
f 2993 2421 3240
f 3219 3241 3242
f 3240 3243 2603
f 3221 2663 2662
f 2783 3234 3235
f 2531 3321 2734
f 3226 2465 4311
f 3244 2465 3226
f 2445 2735 2734
f 3245 2742 2744
f 3229 2421 2568
f 2567 3229 2568
f 1739 2531 2734
f 3248 2734 2784
f 2832 2734 3246
f 2776 2733 2735
f 2782 2445 2444
f 2421 3234 2111
f 1740 2734 2733
f 2520 1740 2733
f 2867 3004 2751
f 3235 3003 2867
f 2782 2735 2445
f 2446 2734 3248
f 3235 3001 2783
f 2461 3225 2849
f 2783 2726 3234
f 2726 2111 3234
f 3249 2651 3250
f 2866 3251 3233
f 2663 2399 2409
f 3231 2993 2603
f 3230 2993 3231
f 2421 2993 3230
f 3252 2411 3253
f 3200 3254 3255
f 3256 2693 3257
f 3048 2866 3233
f 3251 2865 2662
f 3218 3219 3242
f 2409 3233 3251
f 3251 2866 2865
f 3251 2662 2409
f 3258 2345 2344
f 3241 3219 2345
f 2444 2111 2782
f 2412 3001 2433
f 3259 2810 2811
f 3200 3237 3263
f 3260 3261 3050
f 2811 2764 2459
f 3262 2446 3248
f 2456 2421 2457
f 3264 2447 3265
f 3232 2344 3048
f 2160 2578 2161
f 2444 2446 3262
f 2865 3221 2662
f 3258 2344 3232
f 3241 2345 3258
f 2663 2791 2399
f 2461 2632 2183
f 2421 2831 2833
f 2421 3270 3275
f 2810 2140 2848
f 3259 2140 2810
f 2430 2141 2431
f 2996 3271 3272
f 3261 3273 4311
f 3260 3273 3261
f 3273 3260 2843
f 4311 3273 2842
f 2817 2742 3245
f 2502 2742 2817
f 3261 3274 3050
f 3274 3261 4311
f 2771 2817 3245
f 3275 2463 2421
f 2511 2759 2790
f 2214 3278 2215
f 3279 3280 3287
f 2834 3280 3279
f 3282 3283 2862
f 2834 2857 3280
f 2598 2840 2850
f 2598 3287 2840
f 2813 2875 3283
f 3250 2420 3284
f 3279 2598 2851
f 2875 2862 3283
f 3283 2512 2813
f 2598 2850 2851
f 3285 3276 3286
f 3241 2484 3242
f 2578 2848 2579
f 3045 3200 3289
f 2214 3277 3278
f 3290 1639 2781
f 3278 3291 3292
f 2851 2834 3279
f 2782 2111 2776
f 3293 3294 3295
f 2849 3225 2547
f 2857 2834 3277
f 2822 3254 2823
f 2215 3292 3287
f 3278 3292 2215
f 3200 3296 3237
f 2840 2841 2850
f 2851 2875 2834
f 2841 2875 2850
f 3292 2167 3287
f 3291 2167 3292
f 3280 2216 3287
f 2216 3280 2857
f 2512 3282 2864
f 2858 2864 2861
f 3282 2862 2864
f 3283 3282 2512
f 3299 3300 3301
f 3302 3291 3277
f 3278 3277 3291
f 3268 3720 3303
f 3304 3305 3306
f 2417 1639 2522
f 3308 2831 2456
f 3309 4295 3310
f 3311 3312 3313
f 3314 3315 5147
f 3316 2963 3020
f 6086 3319 3320
f 2208 3317 3784
f 2521 2883 3288
f 3323 3324 3325
f 3326 3358 3327
f 3328 3329 3330
f 3332 3316 3020
f 2655 2656 2982
f 3288 2655 2982
f 2393 3147 3333
f 3335 3298 2423
f 3311 3313 3336
f 2940 3000 2604
f 3341 3325 3342
f 3343 4657 3344
f 2655 3318 2295
f 2124 2530 707
f 3345 3346 3347
f 3348 3349 3451
f 3324 2295 3325
f 3337 3352 3353
f 3332 3354 3491
f 2982 2656 3329
f 2965 2909 3355
f 2220 2604 3776
f 2675 3356 3357
f 3264 2543 2447
f 3359 3360 3361
f 3362 3116 4488
f 3000 3363 3364
f 3366 3358 3365
f 3288 2883 3318
f 3288 3318 2655
f 3329 2656 2295
f 3330 3329 2295
f 2982 3329 3328
f 3288 2982 3328
f 3367 2908 3378
f 3367 2909 2908
f 3368 3367 3378
f 3367 3368 3355
f 2941 3358 3363
f 3001 1915 1917
f 3372 2987 3373
f 3374 3372 3373
f 3375 3407 3376
f 1820 2159 1818
f 3236 2848 1814
f 2966 2965 3377
f 2965 3355 3377
f 3334 3381 2981
f 3382 3383 3384
f 2976 3383 3382
f 3044 2076 3491
f 2604 3000 3364
f 4940 3385 3386
f 3385 3387 3386
f 3388 3043 2604
f 3000 2941 3363
f 2941 2933 3358
f 3389 3358 3311
f 3043 3388 3366
f 2966 3377 3391
f 3393 3313 3312
f 3394 3841 3395
f 3389 3042 3365
f 3313 3393 2604
f 2457 2421 2785
f 2970 2987 3397
f 3398 2970 3397
f 4376 2220 3776
f 3345 3400 3469
f 3401 2963 3316
f 3402 3346 3403
f 3404 3402 3403
f 3402 3405 3346
f 3322 3469 3371
f 3375 3322 3371
f 3405 3406 3346
f 3405 3355 3368
f 3391 3402 3404
f 3377 3355 3405
f 3469 3400 3378
f 3377 3405 3402
f 3391 3377 3402
f 3406 3368 3378
f 3406 3405 3368
f 2994 3370 3376
f 3403 3346 3345
f 3404 3403 2995
f 2909 3367 3355
f 3347 3406 3378
f 3346 3406 3347
f 3403 3345 3408
f 2995 3403 3408
f 2995 3408 2994
f 3020 3354 3332
f 3376 3322 3375
f 3391 3396 2966
f 3400 3347 3378
f 3400 3345 3347
f 3409 3401 3410
f 3411 3412 3413
f 3414 3409 3410
f 3408 3345 3469
f 3408 3469 3370
f 2994 3408 3370
f 3370 3469 3322
f 3376 3370 3322
f 3371 3469 3407
f 3415 3401 3316
f 3416 3411 3491
f 3417 3418 3419
f 2670 2666 2987
f 3375 3371 3407
f 3376 3396 2994
f 3396 3376 3407
f 3491 3354 3416
f 2981 3381 3420
f 2779 2781 2806
f 2981 3307 3421
f 3422 3423 3029
f 3334 3015 3381
f 2981 3420 3424
f 3425 3426 3427
f 2976 3426 3425
f 3372 3374 3419
f 3428 3429 3430
f 3429 3369 3430
f 3404 3396 3391
f 3394 3429 3428
f 2995 3396 3404
f 3432 3433 3434
f 2967 2960 3414
f 2943 3396 3407
f 2524 2477 3001
f 2671 2970 3398
f 3416 3019 3412
f 2960 3409 3414
f 2943 3407 3297
f 3841 3412 3019
f 2318 3435 3125
f 3436 4456 3437
f 3438 3436 3437
f 3313 2604 3336
f 3497 2085 3054
f 3439 3393 3440
f 3364 3363 3441
f 2072 3334 2981
f 2669 2671 2963
f 3388 3364 3441
f 3393 3312 3440
f 3877 3026 3442
f 2981 3443 3307
f 3027 2010 3037
f 2981 3424 3443
f 2981 3421 3804
f 3804 3421 3444
f 3389 3336 3042
f 3423 2296 3029
f 3799 3358 2933
f 3042 3043 3365
f 3389 3365 3358
f 3311 3336 3389
f 3445 3446 2331
f 3445 3447 3446
f 3358 3366 3441
f 3358 3441 3363
f 3388 2604 3364
f 3441 3366 3388
f 3312 3311 3358
f 3043 3366 3365
f 2604 3042 3336
f 3440 3312 3358
f 3448 3411 3413
f 3449 3448 3413
f 3398 3397 3417
f 2296 3381 3015
f 3452 3453 3039
f 3013 2976 3039
f 3454 3425 3427
f 3422 3455 3424
f 3877 3031 3025
f 3349 3382 3384
f 3384 3383 3454
f 3383 3425 3454
f 2976 3425 3383
f 3456 3349 3348
f 3427 3426 3457
f 3426 3458 3457
f 3458 3426 3910
f 3025 3459 3460
f 3461 3462 3029
f 3455 3422 3029
f 3037 2010 3846
f 3332 3415 3316
f 3448 3331 3411
f 3415 3410 3401
f 3463 3373 3464
f 3373 2987 3464
f 3411 3416 3412
f 3019 3416 3354
f 3417 3397 3418
f 3397 2987 3418
f 3409 2960 2963
f 3374 3373 3463
f 3372 3418 2987
f 3418 3372 3419
f 3465 3369 3429
f 3394 3465 3429
f 3395 3841 3463
f 3463 3464 3395
f 3395 3465 3394
f 3464 2987 3369
f 3332 3491 3415
f 3395 3464 3465
f 3464 3369 3465
f 3491 3414 3410
f 2296 3423 3381
f 3466 3467 3468
f 3449 3413 3841
f 2967 3414 3491
f 2366 3002 3115
f 3413 3412 3841
f 3410 3415 3491
f 3401 3409 2963
f 3019 3354 3020
f 2963 3419 3841
f 3419 3374 3841
f 3020 2963 3841
f 2963 3417 3419
f 3411 3331 3491
f 3470 2085 3497
f 3470 2685 2085
f 3841 3374 3463
f 3417 2963 3398
f 3451 3849 3029
f 3462 3471 3029
f 3451 3007 3453
f 2997 2296 3015
f 3423 3422 3420
f 3442 4105 3877
f 3026 3025 3460
f 3015 2999 2997
f 3420 3381 3423
f 3016 3031 3877
f 3462 3461 3444
f 3460 3459 3037
f 3422 3424 3420
f 3029 3471 3472
f 3471 3462 3421
f 3472 3471 3307
f 3472 3307 3443
f 3455 3472 3443
f 3421 3307 3471
f 3443 3424 3455
f 3472 3455 3029
f 3462 3444 3421
f 3031 3030 3459
f 3025 3031 3459
f 3030 3037 3459
f 3026 3460 3037
f 3442 3026 3037
f 3473 3474 3475
f 3474 3473 3476
f 3398 2963 2671
f 3477 3478 3479
f 3369 2987 3699
f 3480 3156 3481
f 3497 3482 3294
f 3452 3039 2976
f 3483 3563 3189
f 3484 3483 3189
f 3452 3348 3453
f 2976 3456 3452
f 3382 3456 2976
f 3039 3453 3007
f 3382 3349 3456
f 3348 3451 3453
f 3456 3348 3452
f 3454 3451 3384
f 3384 3451 3349
f 3454 3427 3451
f 2976 3910 3426
f 759 3485 2331
f 3485 759 3486
f 3092 3091 2682
f 3271 3488 3272
f 3489 4800 3121
f 2310 3149 3110
f 3492 3994 3493
f 3494 3492 3493
f 3044 3491 3331
f 3470 3356 2685
f 3495 3496 3497
f 3495 3357 3496
f 3495 3293 3357
f 3356 3496 3357
f 3496 3470 3497
f 3496 3356 3470
f 2380 3853 4488
f 3498 3499 3497
f 3500 3499 3498
f 3500 3501 3499
f 3502 3500 3498
f 3499 3482 3497
f 3501 3482 3499
f 3503 3504 3505
f 3240 2421 3506
f 3243 3240 3506
f 3115 3138 2366
f 3573 3098 3509
f 3098 3510 3509
f 3512 3106 3513
f 3086 2682 3093
f 2338 1387 3002
f 3009 3090 3178
f 3830 2367 3138
f 3068 3116 3069
f 1386 1387 2338
f 3115 3068 3138
f 3830 756 1386
f 3178 3089 3002
f 3830 3138 3068
f 2682 2725 3093
f 3115 3002 4488
f 3009 3830 3090
f 3085 3087 3088
f 3086 3092 2682
f 2672 3830 4677
f 3088 3093 2725
f 3830 1386 2337
f 3515 3516 3517
f 3517 3516 3518
f 3085 3088 3798
f 3178 3002 2701
f 3520 2880 2881
f 2723 3853 2380
f 1386 2338 2337
f 4488 3116 3115
f 2772 3522 2423
f 3087 3086 3093
f 2367 3830 2337
f 3178 3090 3089
f 2366 3138 2367
f 756 3009 2701
f 3523 3524 3525
f 3196 3189 3190
f 3189 3196 3526
f 3128 3527 3129
f 3527 3994 3129
f 2360 3149 3512
f 3530 3531 3532
f 3034 3534 3035
f 3535 3536 3537
f 3536 4616 3537
f 3539 3540 3611
f 3539 3541 3540
f 3513 1405 1404
f 3913 2310 3163
f 777 3542 3543
f 3542 3994 3543
f 3148 3106 3512
f 3544 3545 3546
f 3547 3548 3549
f 3552 3553 3554
f 3035 2359 3519
f 3555 3534 3034
f 3556 3557 5157
f 3557 3556 3558
f 3559 3045 3047
f 3120 3119 3561
f 3192 3191 3555
f 2360 3513 1404
f 1405 3110 1404
f 3106 1405 3513
f 3564 2379 3565
f 3190 2697 3197
f 2697 3198 3197
f 3094 3566 3112
f 3566 3150 3112
f 2376 2730 3174
f 2299 3567 2298
f 3157 3173 2888
f 3173 3157 2376
f 3569 3570 3571
f 3570 3145 3571
f 3572 3103 2376
f 4800 3119 3121
f 3534 2359 3035
f 3574 3575 3576
f 2398 2397 3579
f 3580 3445 2331
f 3445 3580 3581
f 3663 3582 3583
f 3584 2309 3585
f 3586 3487 3587
f 3174 3562 2376
f 2307 3201 2331
f 3201 2307 3588
f 3590 2389 2391
f 2378 3182 4800
f 3560 3110 1405
f 4800 3489 3111
f 3489 3551 3111
f 2376 3594 3572
f 760 758 3595
f 3121 3120 3489
f 3596 3163 3597
f 3598 3563 2383
f 2382 3598 2383
f 3599 3600 3601
f 3062 3602 3064
f 4800 773 775
f 2381 2383 3483
f 2383 3563 3483
f 3550 2996 2378
f 3603 3604 5157
f 3604 3603 3605
f 2312 3523 4053
f 3524 3523 2312
f 3606 4024 936
f 3607 3333 3608
f 4053 3523 3525
f 3609 3684 3610
f 3492 3494 3564
f 3166 3612 2331
f 3166 3613 3612
f 3078 3578 3076
f 3119 3182 3561
f 4800 3182 3119
f 3104 3614 2388
f 3168 3206 4024
f 3616 2393 3333
f 3617 3618 3619
f 3620 3612 3613
f 3621 3622 3684
f 3624 3625 3626
f 3446 758 2331
f 3446 3595 758
f 3627 3601 4611
f 3111 3551 774
f 2342 3144 3597
f 773 3111 774
f 773 4800 3111
f 3630 3631 3632
f 3544 3546 3171
f 3546 3563 3171
f 3106 3560 1405
f 3634 3635 3636
f 3210 3637 3212
f 3638 3639 3640
f 3094 3678 3589
f 3641 3629 3642
f 3094 3971 3678
f 3971 3094 3678
f 3526 3484 3189
f 3643 3644 3645
f 2371 2370 3436
f 2370 4456 3436
f 2315 3623 3649
f 3650 2315 3649
f 3651 2996 3632
f 2307 2308 3588
f 3166 3653 3613
f 936 4800 775
f 3654 3586 3587
f 2353 3656 1212
f 2353 3117 3656
f 3521 2394 3616
f 2394 2393 3616
f 3591 3657 3658
f 776 3659 3542
f 3659 3994 3542
f 3587 777 3543
f 3660 3661 1212
f 3661 3660 3662
f 3139 3141 3074
f 3141 3623 3074
f 3604 3605 3664
f 3665 3170 3146
f 3541 3666 3540
f 3077 3577 3108
f 3528 3108 3109
f 3601 3667 4611
f 760 3486 759
f 3492 3565 3994
f 3492 3564 3565
f 3607 3616 3333
f 3616 3607 3521
f 3668 3556 5157
f 3556 3668 3669
f 3615 2382 2381
f 3298 3335 3253
f 3670 3671 3672
f 3213 3994 3659
f 3673 3213 3659
f 2360 3110 3149
f 776 3673 3659
f 3588 3203 3201
f 3521 3607 3180
f 4359 3674 3675
f 3584 3585 3676
f 3585 3611 3676
f 3100 2359 3118
f 3213 3673 3127
f 3677 3703 3538
f 3504 3569 3571
f 3653 3131 3132
f 3135 3134 2387
f 3684 3216 3633
f 4981 4673 3655
f 3680 3154 3681
f 3682 3139 3074
f 3061 3630 3554
f 3683 3563 3644
f 3648 3683 3644
f 1328 3609 3610
f 2710 2708 3657
f 2710 3682 2709
f 3580 2331 4202
f 936 2996 3663
f 3686 3183 3185
f 3687 3076 3578
f 3061 3553 4202
f 3061 3554 3553
f 3648 4075 3688
f 3689 4198 2778
f 3690 3660 1212
f 3660 3690 3691
f 1328 3610 1329
f 3610 698 1329
f 3666 3692 3685
f 3207 2318 3208
f 3608 3180 3607
f 3582 3663 3169
f 2389 3693 2390
f 2392 3694 3490
f 3695 3696 1212
f 3695 3344 3696
f 3557 3697 5157
f 3557 3698 3697
f 3700 3701 3702
f 3565 3704 3994
f 3697 3706 5157
f 3697 3651 3706
f 3707 3708 3435
f 3557 3558 3698
f 3569 3602 3570
f 3063 3994 3145
f 3712 4657 3605
f 2777 3714 2778
f 3241 3258 2484
f 2442 2760 3716
f 3718 3719 2415
f 3719 3718 2421
f 3721 3722 3723
f 2603 2547 3231
f 2786 3284 2787
f 3254 3559 2823
f 4155 2484 4354
f 3200 3559 3254
f 3200 3218 3289
f 3243 3506 2766
f 2415 3719 3724
f 3725 3726 4443
f 3726 3725 3727
f 3267 2823 3047
f 3506 3728 2766
f 2421 3728 3506
f 4257 2441 2443
f 3335 3522 3252
f 3200 3045 3559
f 3218 3242 3729
f 3728 3718 2416
f 2421 3718 3728
f 3032 1462 3713
f 3730 2136 2795
f 4354 2734 3321
f 2416 3718 2415
f 4259 3732 3731
f 3733 3265 3734
f 3735 3736 3737
f 3739 3246 2734
f 2455 2784 2734
f 3724 3740 3730
f 2768 2775 2146
f 2111 2444 3262
f 2766 3728 2416
f 3719 2421 3740
f 3724 3719 3740
f 3296 3200 3717
f 3740 2136 3730
f 2136 3740 2421
f 2484 4155 3267
f 3238 3296 3743
f 3716 3298 3742
f 3276 3200 3255
f 3252 2441 2411
f 3218 3729 3289
f 3559 3047 2823
f 3045 3289 3046
f 3200 3276 3717
f 1639 2195 2335
f 3289 3729 3046
f 2849 2462 2632
f 2462 2461 2632
f 2461 2849 2632
f 2217 1639 2417
f 3175 3744 3745
f 2734 4354 3746
f 2462 2796 2120
f 3244 3226 3228
f 3275 3746 4354
f 3749 2756 3750
f 2465 3244 3051
f 3752 3753 3754
f 3232 3233 2484
f 3755 3756 3757
f 2877 2462 2120
f 3236 1814 1813
f 3227 4311 2828
f 2441 2754 3750
f 3285 3286 3267
f 3760 3145 3152
f 3529 3760 3152
f 2867 3001 3235
f 2183 2632 3236
f 3717 3285 3743
f 3761 3326 3762
f 3257 4155 3256
f 2756 3749 2761
f 2790 2771 4277
f 2796 2462 2849
f 2460 2632 2461
f 3259 2431 2140
f 3338 3764 3765
f 4295 3764 3338
f 4129 3766 2201
f 2806 3767 2779
f 3769 3084 3770
f 3285 3717 3276
f 4255 3771 3772
f 3773 3774 3775
f 2484 3267 3729
f 2543 3264 3277
f 3733 3277 3264
f 3777 2161 2579
f 3302 3277 3778
f 3390 2224 3277
f 2421 2111 3262
f 3779 4481 3780
f 3781 3782 3783
f 3821 3781 3783
f 2430 3785 2141
f 3263 4278 3200
f 3787 5831 3788
f 3750 2754 2753
f 3789 3268 3303
f 2760 2442 2755
f 3778 3277 3733
f 2743 2502 4311
f 3790 3791 3792
f 3793 3790 3792
f 2875 2813 3277
f 2651 3249 2652
f 3236 2631 2120
f 3795 3342 2295
f 2760 3298 3716
f 5881 3796 3797
f 3800 3801 3802
f 3801 3800 3358
f 3778 2166 3302
f 3298 2753 2424
f 3323 3325 3341
f 3821 3323 3341
f 3783 3782 3324
f 3821 3783 3323
f 3783 3324 3323
f 3393 3439 3776
f 3806 3795 3807
f 3821 3806 3807
f 3808 3809 3467
f 3466 3808 3467
f 3782 3330 2295
f 3821 3328 3781
f 3328 3330 3781
f 3807 3795 3810
f 3811 3812 3800
f 3812 3358 3800
f 2434 3748 2749
f 2828 2830 3227
f 3342 3325 2295
f 3821 3807 3813
f 3807 3810 3813
f 3806 3342 3795
f 3781 3330 3782
f 3810 3795 2295
f 3813 3810 3805
f 3816 3326 3761
f 3326 3816 3358
f 3817 3818 3805
f 3762 3819 3776
f 3250 3820 3249
f 3821 3269 3288
f 2780 3290 2781
f 3822 3809 3699
f 3393 3776 2604
f 3810 2295 3805
f 3246 3739 3399
f 3439 3816 3761
f 3324 3782 2295
f 2723 4478 3853
f 3823 4397 3516
f 3288 3328 3821
f 3762 3776 3761
f 3821 3341 3806
f 3341 3342 3806
f 3812 3327 3358
f 3818 3813 3805
f 3813 3818 3821
f 3817 3805 2295
f 3802 3801 3836
f 3439 3440 3816
f 3440 3358 3816
f 3407 3469 3297
f 3825 3826 3331
f 3827 3828 3331
f 3892 3829 3432
f 3243 2547 2603
f 3468 3467 3822
f 3467 3809 3822
f 2322 3833 2323
f 3801 3358 3799
f 3836 3801 3799
f 3834 3835 3829
f 3812 3811 3819
f 3811 3800 3802
f 3439 3761 3776
f 3776 3819 3811
f 3430 3837 3809
f 3808 3430 3809
f 3808 3837 3430
f 3699 3809 3837
f 3838 3826 3839
f 3297 3469 3378
f 3840 4096 3477
f 3394 3428 3841
f 3842 3843 3892
f 3841 3466 3468
f 3468 3822 3834
f 3844 3841 3839
f 3837 3369 3699
f 3804 3803 3845
f 3457 3458 3518
f 3847 3848 3849
f 3804 3444 3803
f 3825 3844 3839
f 3827 3850 3851
f 3485 3130 2331
f 3485 3852 3130
f 3854 3855 3856
f 3479 3478 3838
f 2369 2371 4616
f 3838 3478 3826
f 3448 3859 3331
f 3843 3479 3892
f 4096 3826 3478
f 3861 3339 3340
f 3339 3862 3340
f 3477 3479 3843
f 3892 3479 3838
f 3044 3699 2987
f 3863 3864 3865
f 3530 4587 3531
f 3458 3517 3518
f 3517 3458 3910
f 3191 3534 3555
f 3823 3867 3868
f 3516 3515 3823
f 3869 3870 3848
f 3803 3444 3461
f 3871 3872 4456
f 3872 3871 3873
f 3461 3875 3803
f 3835 3699 3876
f 3829 3835 3876
f 3819 3762 3327
f 3326 3327 3762
f 3812 3819 3327
f 3829 3876 3432
f 3802 3776 3811
f 3802 3836 3776
f 3331 3859 3827
f 3840 3477 3843
f 3808 3466 3837
f 3478 3477 4096
f 3745 3878 3879
f 3825 3331 3828
f 3428 3430 3837
f 3430 3369 3837
f 3882 3883 3884
f 3515 3867 3823
f 3867 3515 3910
f 2775 1688 3767
f 3451 3427 4397
f 3427 3457 4397
f 3457 3518 4397
f 3867 3886 3868
f 3910 3886 3867
f 3847 3849 3887
f 3888 3848 3870
f 3518 3516 4397
f 2010 3799 3846
f 3889 3890 1628
f 2790 4277 2511
f 3834 3822 3835
f 3822 3699 3835
f 3839 3826 3825
f 3432 3876 3433
f 3876 3699 3433
f 3851 3850 3841
f 3434 3854 3892
f 3850 3449 3841
f 3892 3838 3839
f 3893 3894 4709
f 4096 3331 3826
f 3828 3851 3844
f 3828 3827 3851
f 3825 3828 3844
f 3851 3841 3844
f 3850 3827 3859
f 3449 3850 3859
f 3448 3449 3859
f 3839 3841 3892
f 3841 3468 3892
f 3895 3896 3861
f 3468 3834 3892
f 3842 3840 3843
f 3434 3892 3432
f 3829 3892 3834
f 3897 3875 3029
f 2824 1688 3898
f 3848 3888 3029
f 3192 3555 3163
f 4406 4397 3866
f 3897 3888 3831
f 3888 3897 3029
f 3874 3887 3849
f 3875 3461 3029
f 3847 3887 3869
f 3163 3901 3102
f 3848 3029 3849
f 3831 3845 3897
f 3875 3897 3845
f 3875 3845 3803
f 3343 3344 3695
f 3888 3870 3831
f 3202 3104 2331
f 3104 3202 3614
f 4105 3442 4414
f 4414 3900 3860
f 3848 3847 3869
f 3196 3198 3526
f 3572 3902 2327
f 3903 3846 3904
f 4414 3442 3900
f 5154 3905 3906
f 2441 3750 2756
f 3132 3130 3852
f 3837 3841 3428
f 3466 3841 3837
f 3856 3907 3908
f 2479 2480 2165
f 3742 4257 2443
f 2728 3177 2729
f 2675 3501 3500
f 4587 3530 3880
f 4587 3885 3909
f 3163 3911 3597
f 3910 3515 3517
f 3866 3868 3886
f 3910 4406 3866
f 3912 3510 3163
f 3866 3886 3910
f 3868 3866 4397
f 3868 4397 3823
f 4397 4406 3451
f 3996 2357 3592
f 3044 3331 3747
f 3915 4294 3916
f 3331 4096 3747
f 2780 2824 3290
f 1908 1909 3266
f 2522 1639 3917
f 3918 3919 3920
f 3921 3922 3923
f 3918 3924 3925
f 3920 3926 3497
f 3919 3926 3920
f 3924 3920 3497
f 3918 3920 3924
f 3927 3885 3899
f 4537 3928 3768
f 4262 2072 2649
f 4488 3929 3930
f 3932 998 3145
f 3932 3933 998
f 3934 3935 3936
f 3852 3485 3486
f 3687 3938 3589
f 3939 3940 3664
f 3941 7229 3942
f 3943 3944 3945
f 3946 3947 3948
f 3949 3914 3950
f 3951 3952 3953
f 2309 3539 3585
f 3539 3611 3585
f 3109 3107 3135
f 3692 3954 3685
f 3954 3611 3685
f 3971 3528 3109
f 3999 3620 3613
f 3945 3944 4616
f 3645 3563 3619
f 3618 3645 3619
f 3957 3923 3497
f 3930 3532 4488
f 3830 3958 3885
f 3959 3927 4488
f 3362 3069 3116
f 3909 3927 3959
f 4488 3532 3959
f 3110 2311 2310
f 3044 2313 4677
f 3163 3036 3901
f 2388 3614 3971
f 3960 3140 3143
f 3101 3163 3102
f 3612 2306 2331
f 3612 3620 2306
f 3961 3962 5157
f 3961 3963 3962
f 3596 3144 3097
f 3964 3965 3966
f 3519 3214 3901
f 3128 3967 3527
f 3968 3969 3970
f 4883 3968 3970
f 3739 2734 3746
f 3094 3106 3913
f 3972 2358 3161
f 2352 3972 3161
f 3214 3100 3102
f 3106 2310 3913
f 3163 2311 3192
f 3974 3975 3976
f 3977 3978 3979
f 3555 3034 3163
f 2360 3512 3513
f 2318 3980 3188
f 2371 3436 3438
f 3484 2381 3483
f 3981 3690 1212
f 3690 3981 3982
f 3167 3983 3582
f 4587 4677 3830
f 3885 4587 3830
f 4587 3909 3531
f 3885 3958 3899
f 3930 3530 3532
f 3927 3909 3885
f 3958 3830 3069
f 2723 3085 3798
f 4488 3899 3362
f 4587 3880 3984
f 3362 3899 3958
f 3958 3069 3362
f 3909 3959 3531
f 3095 723 3096
f 3930 3880 3530
f 3035 3519 3036
f 3532 3531 3959
f 4488 3927 3899
f 4488 3985 3929
f 3984 3929 3985
f 3984 3985 3986
f 3929 3880 3930
f 4587 3984 3986
f 3929 3984 3880
f 3938 3971 3589
f 3488 3646 4202
f 3646 3488 3271
f 3901 3214 3102
f 3074 3623 2709
f 3682 3074 2709
f 2359 3214 3519
f 2311 3110 4599
f 3156 3163 3481
f 3971 3066 3562
f 3096 723 722
f 3987 3988 3989
f 3971 3078 3528
f 2319 3163 724
f 3545 3617 2942
f 3163 3596 3652
f 3657 2708 3658
f 2708 3623 3658
f 3661 3990 1212
f 3661 3991 3990
f 3036 3519 3901
f 3163 3034 3036
f 2786 2441 3820
f 4581 3099 4599
f 3683 4581 3563
f 4581 3683 3688
f 2308 2306 3620
f 3598 3146 3563
f 3146 3598 3665
f 2311 2359 3191
f 3913 3566 3094
f 2359 3534 3191
f 2321 2361 2363
f 3101 3118 3133
f 3911 2342 3597
f 2310 2311 3163
f 2310 3106 3148
f 3445 3581 3447
f 3575 3586 3993
f 3507 2376 3560
f 3995 2318 3126
f 3967 3493 3527
f 3493 3994 3527
f 3094 3589 3971
f 2352 3162 4200
f 3149 3148 3512
f 3614 3202 3203
f 3997 3599 3627
f 3481 3163 3137
f 3104 3577 2331
f 3913 3163 3150
f 3105 3134 3577
f 3105 2387 3134
f 3076 3577 3077
f 3094 3112 3114
f 3971 3106 3094
f 3598 2382 3665
f 3170 3544 3171
f 3997 3573 3599
f 3643 3648 3644
f 3961 3640 3963
f 3712 3962 3963
f 3545 2942 3546
f 2942 3563 3546
f 3967 3494 3493
f 3654 3994 3993
f 3586 3654 3993
f 3131 3166 2331
f 3166 3131 3653
f 3593 3996 3592
f 3617 3619 2942
f 3619 3563 2942
f 2379 4000 3565
f 4000 3704 3565
f 3704 4000 2379
f 3683 3648 3688
f 3574 3576 3063
f 3576 3994 3063
f 777 776 3542
f 3604 3940 5157
f 3604 3664 3940
f 936 3663 3606
f 3595 3446 3447
f 4657 3490 3663
f 3684 3609 3181
f 4075 3643 3618
f 3654 3543 3994
f 3543 3654 3587
f 3151 3529 3152
f 3627 3599 3601
f 4002 4003 4004
f 3760 4004 3145
f 3760 4002 4004
f 4005 2325 3079
f 4006 4007 4008
f 3646 3271 4009
f 4010 4011 3590
f 3194 3864 4202
f 3194 3865 3864
f 3272 3647 3863
f 4012 4013 3549
f 4014 4012 4202
f 4012 4014 4013
f 3553 3194 4202
f 3194 3553 3552
f 4013 4014 4009
f 3581 3580 3547
f 3215 2392 2394
f 3864 3647 4202
f 3864 3863 3647
f 4015 4016 3573
f 4017 4016 4015
f 3184 3505 3145
f 3184 3503 3505
f 3064 3574 3063
f 3062 3145 3570
f 3602 3062 3570
f 3933 999 998
f 3758 3680 3681
f 3647 3488 4202
f 3647 3272 3488
f 3631 3061 4202
f 3061 3631 3630
f 3577 3076 3687
f 3187 3122 3124
f 3548 3580 4202
f 3548 3547 3580
f 3991 4018 3990
f 4012 3548 4202
f 4012 3549 3548
f 3646 4014 4202
f 4014 3646 4009
f 3656 3695 1212
f 3656 3343 3695
f 3194 3552 3865
f 3575 3993 3576
f 3993 3994 3576
f 3638 3961 5157
f 3961 3638 3640
f 3690 3982 3691
f 698 3521 1329
f 3685 3611 3540
f 3666 3685 3540
f 3760 3529 4002
f 4003 3705 4004
f 3705 3145 4004
f 4003 3686 3705
f 3669 3668 4020
f 4021 4022 3624
f 3571 3145 3505
f 3504 3571 3505
f 3932 4023 3933
f 2353 4008 3117
f 4025 3684 3622
f 3706 3631 4202
f 3706 3632 3631
f 4010 2391 3611
f 2391 4010 3590
f 3686 3185 3705
f 3185 3145 3705
f 3960 4026 3623
f 4026 3960 3143
f 3932 3145 4027
f 4023 3932 4027
f 4020 4028 3939
f 4028 3668 5157
f 4028 4020 3668
f 4006 2353 1212
f 2353 4006 4008
f 3180 3608 3181
f 3343 3656 3117
f 3651 3632 3706
f 3706 4202 5157
f 4030 3638 5157
f 3638 4030 3639
f 4031 3931 3623
f 3931 4031 4032
f 3697 3698 3651
f 3556 3669 3558
f 3940 4028 5157
f 3940 3939 4028
f 3503 3184 3183
f 999 3151 997
f 3712 3605 3603
f 3623 2315 1403
f 3979 3951 4616
f 3693 4023 4027
f 1328 3521 3181
f 1402 4031 1403
f 4031 3623 1403
f 3960 3623 3141
f 3140 3960 3141
f 3962 3603 5157
f 3962 3712 3603
f 2378 2996 3182
f 3693 4027 2390
f 4027 3145 2390
f 3600 3667 3601
f 3692 4011 3954
f 3143 3142 4026
f 4010 3611 3954
f 4011 4010 3954
f 2881 4033 3520
f 4034 4035 4036
f 2390 3145 3611
f 4037 4038 2365
f 3592 4039 3615
f 2357 4039 3592
f 4026 3611 3623
f 3142 3676 4026
f 3676 3611 4026
f 3142 3584 3676
f 3541 3539 2309
f 4040 4041 4042
f 5010 4040 4042
f 4043 3943 3945
f 3943 4043 4456
f 2527 3708 3095
f 4022 4030 1212
f 4022 4021 4030
f 3625 4022 1212
f 3625 3624 4022
f 4030 5157 1212
f 3639 4030 4021
f 3626 3696 3344
f 3696 3625 1212
f 3696 3626 3625
f 4044 4045 3931
f 4045 3623 3931
f 4046 4006 1212
f 4006 4046 4007
f 3707 4047 3075
f 3660 3691 3662
f 3628 3649 3623
f 4048 4049 4050
f 4051 3622 3621
f 4052 4025 3622
f 4032 4031 1402
f 4045 3658 3623
f 4054 4055 4056
f 2324 2325 4005
f 4057 4018 4058
f 3990 4057 1212
f 4057 3990 4018
f 4059 4058 4060
f 4057 4059 1212
f 4059 4057 4058
f 4061 4062 3973
f 4063 4046 1212
f 4046 4063 4064
f 4046 4064 4007
f 4064 4063 4060
f 4059 4063 1212
f 4059 4060 4063
f 4033 2881 3902
f 3677 4052 3703
f 4052 3677 4025
f 4032 4044 3931
f 3661 3662 3991
f 3710 4066 3621
f 4066 3981 3703
f 4066 3710 3981
f 3216 4025 3677
f 4052 4051 3703
f 4051 4052 3622
f 4051 4066 3703
f 4051 3621 4066
f 3187 2318 3188
f 3981 1212 3703
f 3982 3981 3710
f 3628 3650 3649
f 4467 4067 4068
f 3216 3684 4025
f 3608 3684 3181
f 4069 4070 4071
f 4073 4074 3511
f 2334 2376 3103
f 4075 3544 3170
f 3360 4076 4077
f 4076 3361 4077
f 3361 3360 4077
f 4078 4079 5331
f 4078 4080 4079
f 4359 4082 4081
f 4085 5046 4086
f 3123 3122 4590
f 3158 3195 3157
f 3167 4024 3983
f 2695 2630 3199
f 3946 4090 4091
f 4090 3946 3948
f 3684 3710 3621
f 4058 4018 3684
f 3698 2996 3651
f 4092 4093 4094
f 3215 4024 4089
f 2730 2376 2728
f 1753 4095 6027
f 2847 2846 2201
f 2201 4097 2847
f 4099 4097 4100
f 4101 4102 4103
f 5366 4101 4103
f 2754 2772 2424
f 3298 2760 2761
f 4106 4107 4108
f 3739 3270 3399
f 2443 3716 3742
f 4114 4115 2819
f 3786 3277 2895
f 2772 2441 3522
f 4120 4121 3217
f 2630 4255 4122
f 2136 2135 2795
f 3268 4126 3720
f 2420 3298 3253
f 2547 2567 2569
f 2463 2796 2794
f 5203 4130 4131
f 3276 3255 3286
f 4132 4133 4134
f 4135 4136 4137
f 4136 4135 3217
f 3256 4138 2693
f 4139 4140 4141
f 4140 6148 4141
f 3749 3750 2753
f 2460 2877 2631
f 7510 4144 4145
f 4259 4137 3732
f 4334 3745 3879
f 4147 4148 4149
f 3238 3237 3296
f 3298 3749 2753
f 4150 4151 4152
f 4151 4150 4373
f 2448 4153 4154
f 4158 4159 4160
f 3270 3746 3275
f 4437 4161 4162
f 3399 2833 3246
f 2744 4277 3245
f 1496 4165 4166
f 4178 4167 4168
f 4138 2819 3263
f 4169 4170 4171
f 4170 4169 4125
f 4178 4174 4173
f 4175 3224 4176
f 4136 3217 4177
f 4137 4136 4177
f 4179 4180 4174
f 4180 4179 4125
f 4181 3337 4182
f 4183 4184 4185
f 4187 4334 4188
f 4178 4171 4189
f 4168 4190 4191
f 4192 4698 4193
f 3675 4192 4193
f 4194 4195 5408
f 4178 4173 4196
f 4683 4197 4198
f 3208 4200 3873
f 4201 5408 721
f 4138 3256 4114
f 4203 4204 5607
f 4204 4203 4205
f 2868 4483 2869
f 1915 3001 2562
f 4206 4207 3915
f 4208 4209 4210
f 5366 4211 4194
f 4211 4212 4194
f 4181 4122 3337
f 4168 4120 4190
f 4120 3217 4190
f 4213 4214 4215
f 4213 6981 4214
f 2996 3630 3632
f 4216 4217 4218
f 2727 3001 2477
f 4219 4180 4125
f 3794 3711 4443
f 4305 4221 4222
f 3175 3745 4334
f 4196 4223 4224
f 4354 4259 4155
f 4226 4227 1417
f 4229 4230 4231
f 4233 4234 4501
f 4235 4236 4237
f 4084 4238 4239
f 4238 4084 4239
f 4240 4241 4242
f 2755 2442 2441
f 4437 4243 4244
f 2443 2442 3716
f 4245 4246 4247
f 4248 4249 8075
f 2767 2420 2653
f 3767 2806 2145
f 3266 1909 2787
f 4252 4373 4253
f 3742 3741 4257
f 2411 4254 3253
f 2755 2756 2761
f 3522 3335 2423
f 3255 2822 3286
f 2772 2423 2424
f 3482 3295 3294
f 3722 3771 3723
f 2775 2145 2146
f 4221 4256 4222
f 2775 3767 2145
f 2403 2102 2165
f 3252 3522 2441
f 2433 3001 2110
f 2421 3262 2785
f 3729 3242 2484
f 2822 3255 3254
f 3743 3285 3267
f 2831 3308 2832
f 4137 4177 3732
f 4259 4257 4135
f 4257 3217 4135
f 3217 4260 4177
f 2842 2743 4311
f 2651 2420 3250
f 4178 4168 4191
f 4265 3720 4256
f 2456 2455 3308
f 4173 4219 4196
f 4219 4173 4180
f 4259 4135 4137
f 3217 4125 4264
f 3748 1920 2137
f 3502 4266 4267
f 3032 4125 3217
f 4167 4120 4168
f 4167 4121 4120
f 4125 4169 4223
f 4268 4269 6280
f 4224 4169 4171
f 4169 4224 4223
f 3732 4260 3731
f 3732 4177 4260
f 4259 3731 4167
f 4178 4259 4167
f 4191 4264 4270
f 4178 4270 4174
f 4125 4179 4264
f 2845 4129 3741
f 3731 4121 4167
f 1815 3225 1813
f 4190 4264 4191
f 3217 4264 4190
f 4178 4191 4270
f 4171 4170 4189
f 2578 2160 1814
f 4260 3217 4121
f 3731 4260 4121
f 3727 4373 4271
f 4178 4224 4171
f 4125 3032 3713
f 4270 4179 4174
f 4179 4270 4264
f 4099 3766 4129
f 4174 4180 4173
f 4178 4196 4224
f 4219 4223 4196
f 4125 4223 4219
f 4178 3713 4259
f 4259 3713 4155
f 2779 3767 1688
f 3713 4189 4125
f 3749 3298 2761
f 4222 4126 3763
f 4125 4189 4170
f 4178 4189 3713
f 4272 6425 4273
f 3246 2833 2832
f 4274 4278 3220
f 3275 2796 2463
f 3256 4155 4258
f 6074 4275 4276
f 2820 4274 3220
f 3259 2811 2748
f 4279 5831 4280
f 3258 3232 2484
f 4437 3765 4281
f 4282 4283 4284
f 3263 3220 4278
f 2694 3239 3257
f 4138 4114 2819
f 4278 4155 1914
f 4115 4114 4258
f 2819 4115 2820
f 4258 4278 4274
f 3239 4155 3257
f 3239 3238 4155
f 3267 3047 3046
f 4115 4274 2820
f 4115 4258 4274
f 2694 3237 3239
f 3895 3861 3998
f 3267 3286 2822
f 3263 2820 3220
f 4278 4258 4155
f 3308 2734 2832
f 4114 3256 4258
f 2830 3228 3227
f 4254 2411 1908
f 6921 4127 4285
f 2547 3724 3730
f 3296 3717 3743
f 2796 4354 2895
f 2748 2547 2431
f 2867 2547 3001
f 5046 4286 4287
f 4286 4288 4287
f 2547 2569 3231
f 2547 3824 2430
f 2463 2794 2135
f 4289 3727 3725
f 4290 4291 7438
f 70 4354 3321
f 3399 2421 2833
f 2794 2547 2795
f 2598 3279 3287
f 2440 2293 3748
f 4207 4293 4294
f 2784 2455 2457
f 3270 3739 3746
f 2694 3263 3237
f 2831 2421 2456
f 3248 2784 2785
f 2111 2520 2776
f 897 5408 894
f 2431 3259 2748
f 4129 4305 3741
f 4129 2201 4305
f 3262 3248 2785
f 3270 2421 3399
f 2547 3730 2795
f 3275 4354 2796
f 3335 3252 3253
f 2420 4254 3266
f 4277 3741 1672
f 2420 2767 2146
f 2786 3820 3284
f 2201 4100 4097
f 2420 3742 3298
f 2455 2734 3308
f 2461 2183 3225
f 4256 3720 4126
f 4254 2420 3253
f 3898 1688 2422
f 4222 4256 4126
f 3249 2441 2652
f 2767 2768 2146
f 2781 2420 2806
f 3820 3250 3284
f 4254 1908 3266
f 4277 3720 3741
f 2771 3245 4277
f 2420 2651 2653
f 4221 4265 4256
f 4221 2201 2846
f 2422 2404 2417
f 2845 4265 2846
f 4265 4221 2846
f 3284 2420 2787
f 4296 2845 2847
f 2974 3303 3720
f 2420 3741 3742
f 3917 1639 3290
f 2775 2441 1688
f 4277 1672 2165
f 2420 3266 2787
f 3249 3820 2441
f 2420 1639 1672
f 2824 3917 3290
f 2522 3898 2422
f 3917 2824 3898
f 1688 2824 2780
f 2779 1688 2780
f 1128 1851 118
f 3267 4155 3743
f 4288 4483 4298
f 1914 3200 4278
f 3263 2693 4138
f 2693 2694 3257
f 3233 2409 2484
f 3267 3046 3729
f 4155 3238 3743
f 4122 4181 4940
f 3777 2579 4299
f 3748 2111 1920
f 3361 4300 1626
f 2547 2415 3724
f 3001 2164 2109
f 2183 1813 3225
f 2434 2111 3748
f 2547 3243 2766
f 2547 1815 2160
f 2632 2631 3236
f 2141 2140 2431
f 3777 3824 2547
f 4221 4305 2201
f 2845 4296 4129
f 2201 3766 4100
f 3766 4099 4100
f 2974 2829 2863
f 3789 3303 2975
f 2465 3051 3274
f 4097 4099 4296
f 4305 3789 2975
f 4126 3268 3763
f 4265 2845 3720
f 4099 4129 4296
f 2843 2842 3273
f 2845 3741 3720
f 4097 4296 2847
f 4302 4303 4304
f 4303 4302 8398
f 1449 2152 2165
f 3268 3789 3763
f 4305 3763 3789
f 4222 3763 4305
f 2740 2165 2741
f 3303 2974 2975
f 2829 2974 3720
f 2863 4311 4305
f 3051 3050 3274
f 3260 4277 2843
f 2844 4277 2744
f 3898 2522 3917
f 2502 1933 4311
f 1639 2420 2781
f 1639 2335 1970
f 1128 118 4257
f 3713 1462 4155
f 4155 1462 1914
f 3893 4306 4307
f 3260 3050 4277
f 2161 3777 2547
f 2877 2460 2462
f 2120 2813 3236
f 3840 3842 4096
f 3714 4309 2778
f 2578 1814 2848
f 2813 2120 2796
f 2813 2796 2895
f 1783 2813 2512
f 3824 3785 2430
f 1951 2848 2813
f 4310 3337 3353
f 2150 2848 1951
f 2459 2469 2748
f 2796 2849 2547
f 2420 1672 3741
f 2152 2403 2165
f 3244 4277 3051
f 2743 2844 2744
f 2829 3720 2830
f 2769 2741 2165
f 4305 2975 2863
f 2429 2165 2480
f 4277 2165 2511
f 3495 3294 3293
f 2842 2844 2743
f 2843 4277 2844
f 3228 2830 4277
f 4311 2465 3274
f 1639 2217 2195
f 2830 3720 4277
f 3244 3228 4277
f 4312 4313 4314
f 2740 2147 2165
f 2147 2149 2165
f 3854 3856 3892
f 2165 1923 1449
f 4483 2868 4315
f 4350 4309 3714
f 4317 4993 4318
f 2102 2425 2165
f 4319 4320 4321
f 5259 4320 4319
f 4443 4322 4323
f 4322 4324 4323
f 4151 4325 4326
f 3001 2159 2162
f 4327 4328 4329
f 4255 4119 3723
f 2224 2543 3277
f 4330 4193 4331
f 4193 4698 4331
f 2848 2141 3785
f 4299 3785 3824
f 4299 2848 3785
f 3390 3277 3786
f 4443 4142 4332
f 4299 2579 2848
f 3236 2813 2848
f 3777 4299 3824
f 3778 3734 2166
f 3390 3786 2225
f 4333 4334 3721
f 1923 2165 1672
f 4311 2124 4305
f 4335 4336 4337
f 2428 2165 2429
f 2428 2769 2165
f 4338 4339 4340
f 4198 3689 4341
f 4342 5408 601
f 4343 4182 4344
f 4940 4343 4344
f 4748 3757 4346
f 3999 3547 3549
f 3733 3264 3265
f 4347 4348 4349
f 4348 5164 4349
f 3778 3733 3734
f 3287 2226 2225
f 3287 3734 3265
f 2449 2448 4154
f 4352 3935 4350
f 3176 3752 4355
f 2214 2216 2857
f 2167 3291 3302
f 2226 3287 2447
f 3287 3265 2447
f 2224 2226 2543
f 2124 3741 4305
f 4153 4512 4083
f 4154 4153 4083
f 3857 4209 4350
f 3573 4358 3636
f 4358 3634 3636
f 4311 1933 2124
f 4360 3817 4361
f 4362 4307 4363
f 4364 4365 4366
f 3741 4405 4257
f 4367 4368 4369
f 3287 2166 3734
f 3277 2813 2895
f 3842 3892 3998
f 2224 3390 2225
f 3287 2216 2215
f 2167 3302 2166
f 3287 2225 3786
f 4587 4371 4372
f 4373 4374 4134
f 4351 4360 4375
f 4360 4361 4375
f 4405 3741 707
f 4405 1128 4257
f 2616 3287 2207
f 4346 4378 4379
f 3287 4353 2207
f 4307 4306 4380
f 4227 1418 1417
f 4188 4381 3772
f 3352 3337 3387
f 3869 3887 2649
f 4382 4383 4384
f 2454 4175 2452
f 4385 4175 2454
f 3916 4294 4387
f 3878 4381 3879
f 3287 3786 3297
f 4362 3894 3893
f 3786 2895 3297
f 4386 3894 4363
f 3894 4362 4363
f 3497 3922 3924
f 3497 3926 4266
f 4011 5556 3590
f 5609 4388 4389
f 1010 1741 2519
f 3310 4364 4390
f 4354 3297 2895
f 2449 4154 4083
f 3935 4352 3936
f 4357 2587 2264
f 4357 3056 2683
f 2072 4262 4457
f 4398 2799 4399
f 2640 4402 4403
f 4232 3998 3340
f 4410 4411 4292
f 4411 4410 4412
f 2799 4373 2800
f 3860 4413 4414
f 4354 4376 3297
f 4267 3926 3919
f 3378 2058 4353
f 3378 2618 2058
f 4415 4416 4417
f 3297 4353 3287
f 3907 3862 4418
f 3908 3907 4418
f 4375 4361 4419
f 3923 3922 3497
f 3741 2124 707
f 707 2530 1524
f 4422 4205 4423
f 4425 2599 5200
f 3784 3317 2072
f 4426 4306 4709
f 3831 3870 2649
f 4373 4369 4374
f 4369 4368 4374
f 4427 4428 4429
f 3860 3900 3903
f 4261 2650 4430
f 4431 2599 4432
f 3818 3817 4360
f 4351 3818 4360
f 3269 3821 4446
f 4409 4419 4361
f 4409 4433 4419
f 3817 2295 4361
f 4434 4435 4436
f 3821 3818 4351
f 2450 2449 4709
f 3297 3378 4353
f 4438 3957 2886
f 3577 3678 4611
f 2334 2327 2332
f 3247 3832 2986
f 4405 3910 2246
f 3995 2526 3080
f 4440 4441 4698
f 4441 4440 4442
f 4341 2814 2816
f 3900 3442 3846
f 4414 4413 4461
f 4324 4316 4373
f 1863 1180 4357
f 2876 4430 2613
f 4288 3753 4483
f 4891 4444 4445
f 4375 4419 3431
f 4351 4375 3431
f 4446 4408 4409
f 4351 4408 4446
f 4409 4408 4433
f 3431 4433 4408
f 4351 3431 4408
f 3821 4351 4446
f 3431 4419 4433
f 2295 4409 4361
f 4409 2295 4446
f 3037 3846 3442
f 4376 3776 3836
f 3297 4376 2943
f 4362 3893 4307
f 2312 4053 2333
f 4267 3919 2986
f 3497 4266 3498
f 4357 2264 2676
f 3495 3497 3294
f 2519 1851 1010
f 3049 2675 4357
f 4357 2588 2587
f 3753 4288 4286
f 1180 2692 4357
f 4104 3832 4118
f 4457 4424 2876
f 4406 3849 3451
f 3122 3186 4590
f 2649 2072 3804
f 2981 3804 2072
f 3870 3869 2649
f 4267 2986 2675
f 4239 4447 4448
f 3799 4446 2295
f 3269 4446 3799
f 4339 4204 4340
f 4204 4449 4340
f 4450 4430 4451
f 2157 2260 2155
f 3799 2208 3784
f 3854 4452 3855
f 4452 3699 3855
f 4271 3726 3727
f 4453 5286 3709
f 4454 4453 3709
f 4226 4455 3735
f 3921 3923 4438
f 3892 3856 3908
f 3895 4418 3896
f 4418 3862 3896
f 3049 4357 2684
f 2986 3925 3921
f 3832 3247 4251
f 2986 4438 2886
f 2675 2685 3356
f 2650 2613 4430
f 2986 3918 3925
f 3057 3056 4357
f 707 2675 3891
f 4357 2676 2691
f 2691 1863 4357
f 2613 3874 3846
f 2650 2649 2613
f 3845 3831 2649
f 4458 4450 4424
f 4104 2986 3832
f 4457 4262 4458
f 4450 4458 4261
f 4262 4261 4458
f 4424 4450 4451
f 4458 4424 4457
f 3887 3874 2649
f 3613 3653 3999
f 2515 2518 4459
f 2649 3804 3845
f 3908 4418 3895
f 3799 3784 3846
f 3907 3699 3862
f 2886 2885 2986
f 2884 3957 3497
f 2675 3502 4267
f 3892 3908 3895
f 3855 3699 3907
f 3856 3855 3907
f 3386 4462 4308
f 4463 4464 4465
f 4096 3842 3998
f 3434 4452 3854
f 3771 4255 3723
f 3896 3862 3339
f 3861 3896 3339
f 3340 3862 3699
f 3293 2675 3357
f 3853 4478 4698
f 2986 3919 3918
f 3924 3922 3925
f 3053 2675 3060
f 4468 4469 4470
f 2692 3057 4357
f 4104 4118 3891
f 707 4357 2675
f 2072 4457 3784
f 2649 3874 2613
f 3482 3501 3295
f 4104 2675 2986
f 3049 3060 2675
f 1355 1311 3497
f 3910 4405 4406
f 3784 2613 3846
f 4451 4430 2876
f 4261 4262 2650
f 4457 2613 3784
f 2876 2613 4457
f 4450 4261 4430
f 4424 4451 2876
f 3900 3846 3903
f 4413 3903 3904
f 4940 4396 4443
f 4414 4461 4124
f 4472 4473 4371
f 4474 4407 4475
f 2884 3956 2885
f 2884 2886 3957
f 2943 4376 3836
f 3799 2010 2943
f 3836 3799 2943
f 4251 4118 3832
f 2515 4459 4243
f 4309 3689 2778
f 4390 4364 4366
f 3891 4118 4251
f 3295 3501 2675
f 3054 1355 3497
f 2885 3956 4466
f 4461 3904 4124
f 4182 3337 4310
f 2675 3053 2685
f 4343 4181 4182
f 2884 3497 3956
f 2986 3921 4438
f 4104 3891 2675
f 4122 4255 3337
f 4266 3502 3498
f 2675 3500 3502
f 4105 3497 1311
f 4105 4406 4405
f 4482 4469 4373
f 3925 3922 3921
f 4421 4484 4485
f 2675 3293 3295
f 3926 4267 4266
f 4406 4105 3874
f 3846 3874 4105
f 3957 4438 3923
f 3849 4406 3874
f 3860 3903 4413
f 4486 2200 4487
f 3596 3097 3652
f 4437 4489 4161
f 4102 3889 4103
f 4490 4071 4491
f 4492 4493 4494
f 4350 4495 4496
f 4437 4497 3765
f 3215 3694 2392
f 4452 3433 3699
f 3434 3433 4452
f 3892 3895 3998
f 4499 4500 3755
f 4085 4086 4502
f 4381 4255 3772
f 4071 3337 4069
f 3190 4516 2697
f 3144 3596 3597
f 4503 5366 4504
f 2450 4153 4386
f 2450 4386 4153
f 4232 3340 3699
f 4192 4507 4698
f 4192 3674 4507
f 3080 4590 4508
f 1296 5737 4509
f 4510 601 6464
f 5970 6014 4511
f 3247 3891 4251
f 4367 4150 4152
f 3998 3861 3340
f 3247 707 3891
f 2885 4466 2986
f 4105 4414 4124
f 4461 4413 3904
f 3904 3846 4124
f 4124 3846 4105
f 3538 3216 3677
f 4513 5164 4514
f 4515 4513 4514
f 4232 3699 3044
f 4271 4517 4518
f 4405 707 4105
f 4466 3956 3497
f 4466 707 3247
f 2986 4466 3247
f 4105 4466 3497
f 2878 4519 3533
f 4520 4521 4522
f 4521 4523 4522
f 4525 4373 4316
f 3112 3150 3113
f 4467 4526 4133
f 1689 4333 3751
f 4105 707 4466
f 4527 4528 4529
f 4530 3912 3163
f 4380 4306 4426
f 4531 2299 2297
f 4611 3678 3679
f 3101 3100 3118
f 4533 4456 3978
f 3977 4533 3978
f 3738 4534 4535
f 4534 3738 5609
f 3751 4477 4505
f 3108 3528 3077
f 3137 3510 3098
f 4472 4488 4473
f 4536 2869 4483
f 3971 3560 3106
f 4083 4084 4238
f 2729 3174 2730
f 3764 4539 4281
f 4539 3764 4295
f 5046 2870 4540
f 2870 2869 4540
f 4541 4542 4543
f 3588 2308 3999
f 3203 3588 3971
f 2157 4545 2318
f 3136 3481 3137
f 4546 3945 4616
f 4547 3964 4548
f 4350 3964 4547
f 3912 4550 3509
f 4550 3573 3509
f 4551 4552 4227
f 3999 2308 3620
f 4459 2518 4295
f 4553 4554 4801
f 4554 4553 4555
f 4572 2317 4556
f 3751 4683 2518
f 3095 2362 2361
f 3560 3971 3507
f 4548 3964 3966
f 4940 4557 4396
f 4558 4559 4560
f 4561 4562 4208
f 4563 4564 3533
f 4565 4566 4567
f 4197 4496 4568
f 4569 1644 4570
f 2358 4569 4570
f 3110 3560 2376
f 2448 4386 4153
f 3853 4473 4488
f 3175 3176 4571
f 3094 3573 3678
f 3872 3162 3160
f 3159 3872 3160
f 4437 4505 4574
f 4575 4576 4577
f 3578 3078 3971
f 4075 3648 3643
f 3751 2518 4477
f 2318 3995 4580
f 3971 3109 3135
f 4243 4459 4244
f 3177 3971 2729
f 4581 3688 4582
f 3636 4015 3573
f 4015 3636 3635
f 4473 3853 4372
f 4583 4348 4347
f 2723 3798 4478
f 4584 4585 4586
f 4372 4371 4473
f 4472 3985 4488
f 4512 4153 4386
f 4371 4587 3986
f 4472 3986 3985
f 4371 3986 4472
f 2311 4599 2359
f 3163 3133 3911
f 4588 3123 4590
f 3163 3510 3137
f 723 4589 724
f 3798 2725 3044
f 2706 4039 2357
f 4358 4530 3634
f 3971 2327 3066
f 3678 3577 3687
f 2343 2342 3911
f 3094 3114 3573
f 3095 4589 723
f 3133 2343 3911
f 3114 3113 3156
f 3687 3578 3938
f 4709 4293 4263
f 3678 3687 3589
f 3163 722 724
f 3099 3508 4599
f 4591 4588 4590
f 1635 4519 3992
f 3124 3123 4592
f 4075 3099 4581
f 4075 4581 4582
f 4589 2319 724
f 3615 3484 3526
f 3170 3665 4075
f 4594 4595 4556
f 4597 4001 4598
f 3606 3663 3583
f 3979 3952 3951
f 3118 2343 3133
f 3573 3480 3136
f 3480 3481 3136
f 3510 3912 3509
f 3078 3077 3528
f 4600 4601 1643
f 3125 2527 3126
f 2527 2526 3126
f 3097 3096 3652
f 2376 4599 3110
f 3566 3913 3150
f 3938 3578 3971
f 2318 4047 3435
f 3114 3156 3480
f 3573 3114 3480
f 4507 4602 4698
f 4530 2318 3634
f 3163 3652 722
f 3172 2376 4603
f 3652 3096 722
f 3679 3627 4611
f 2263 2318 3207
f 3177 2728 3507
f 3588 3999 3971
f 3507 3971 3177
f 3992 4604 4292
f 4604 3992 4519
f 3144 2359 3097
f 3206 3663 4072
f 2359 3095 3097
f 3971 3135 2387
f 4530 4550 3912
f 4530 4358 4550
f 4358 3573 4550
f 3967 3128 3615
f 3678 3573 3997
f 3679 3678 3997
f 4606 4607 4456
f 4607 4606 4608
f 3977 3979 4616
f 3159 2702 4456
f 3679 3997 3627
f 3599 3573 3600
f 4075 3618 3617
f 4611 4616 3536
f 4612 2324 4005
f 3533 3672 2878
f 4613 2397 4883
f 2397 4613 3579
f 3538 4673 8153
f 2260 3209 4456
f 2302 4614 4615
f 4616 2371 3438
f 3633 3538 8153
f 4617 4618 4619
f 4618 4617 4620
f 4044 3591 4045
f 5557 3628 3623
f 4621 4622 3950
f 2362 3075 4623
f 2706 3615 4039
f 3533 4624 4594
f 3684 698 3610
f 3609 1328 3181
f 3694 3215 4089
f 698 3684 3633
f 5006 2309 3584
f 3551 2996 774
f 4072 3490 4089
f 2332 2327 4626
f 4978 3628 5557
f 2318 3163 2321
f 3205 4065 3475
f 4065 3205 4628
f 4629 4630 4631
f 5006 3584 3142
f 3634 2318 3635
f 3520 3195 2880
f 3572 2327 3103
f 3708 2527 3125
f 2395 2398 2346
f 4607 4632 4633
f 4456 4607 4633
f 4634 635 4764
f 635 4634 4614
f 3082 4636 5010
f 4637 4636 3082
f 4088 3650 3628
f 4657 4064 4060
f 4638 4639 4640
f 3973 4641 3475
f 4641 3973 4062
f 2395 2348 4883
f 2348 2395 2346
f 5006 2710 3657
f 3538 3703 4673
f 3662 3691 3684
f 3928 4537 3955
f 4596 4642 4643
f 3983 4024 3606
f 4088 1402 1401
f 4088 1401 3650
f 4644 4645 4646
f 1401 2315 3650
f 4647 4648 4764
f 4649 4648 4647
f 4088 3628 4978
f 4657 4021 3624
f 4615 4614 4634
f 3658 4045 3591
f 4654 4095 4655
f 5556 3666 3541
f 4657 3639 4021
f 4060 4058 4657
f 3704 4516 3994
f 5557 4599 3633
f 3490 3684 3147
f 3814 4391 2695
f 4212 4501 4659
f 4661 3022 6561
f 3721 4334 3722
f 4505 2518 2515
f 4662 4663 4143
f 4664 4663 4662
f 1627 4666 5366
f 4666 1627 4667
f 2452 2453 4668
f 2453 2452 4668
f 4669 4292 2714
f 4670 4671 4672
f 4459 3309 4244
f 2639 4665 2640
f 4674 4675 4676
f 4467 4501 4067
f 5046 4255 4381
f 4437 4678 4390
f 4679 4680 4919
f 3878 5046 4381
f 3744 3878 3745
f 3878 3744 5046
f 4681 4483 4682
f 4437 4574 4243
f 4601 4600 3972
f 4600 2358 3972
f 4684 4566 4685
f 4417 4686 4687
f 4152 4151 4326
f 4084 4239 4448
f 5067 4206 4690
f 4691 4692 2809
f 5965 4692 4691
f 2816 2815 3934
f 3794 4443 6464
f 4380 4386 4363
f 4694 4695 4696
f 4748 4697 4499
f 4188 3879 4381
f 4380 4426 4263
f 4477 2518 4505
f 3894 2450 4709
f 4386 2450 3894
f 4350 4699 4495
f 4380 4263 4386
f 4701 4702 4200
f 4334 3879 4188
f 4437 4244 4678
f 4704 4495 4705
f 4706 4500 4499
f 4500 4706 4295
f 4198 3934 3936
f 4707 4928 2703
f 1689 3751 4505
f 4364 4295 4365
f 4350 4496 4197
f 4443 4518 4421
f 4308 4490 4491
f 3309 3310 4678
f 4694 4668 4695
f 3794 4391 3711
f 4484 4373 4525
f 4931 4710 4711
f 4712 4350 2814
f 4505 2515 4574
f 4436 4714 4715
f 4716 4325 4717
f 4325 4373 4717
f 4719 4720 4721
f 4172 3222 4294
f 4176 3222 4172
f 4748 3755 3757
f 4297 4197 4683
f 4722 4723 2802
f 4482 4723 4722
f 4407 3965 4350
f 4724 4602 4725
f 4198 4704 4705
f 3759 4263 4995
f 4571 3176 4355
f 4396 3725 4443
f 4146 3881 4347
f 4333 4483 4334
f 4726 4727 4728
f 4391 3794 2695
f 3796 4492 4494
f 4310 3353 4377
f 4729 4289 4396
f 4730 4340 4449
f 4731 4732 4733
f 3103 2327 2334
f 5789 424 905
f 4735 4736 5219
f 4737 4085 4315
f 4737 5046 4085
f 4089 3490 3694
f 4591 4738 4739
f 3814 3199 3711
f 4198 2816 3934
f 4740 4407 4350
f 2448 2450 4386
f 4741 4175 3222
f 4175 4176 3222
f 4176 4741 3222
f 4367 4152 4483
f 4742 4172 4294
f 4447 4172 4742
f 4743 2349 5374
f 5485 4744 4745
f 3615 2706 3533
f 4439 3514 4746
f 4747 3871 4456
f 3871 4747 3873
f 3814 2695 3199
f 4749 5404 4750
f 4448 4238 4084
f 4517 4373 4484
f 4295 4683 4198
f 4142 4752 4332
f 4753 4754 4755
f 4756 4754 4753
f 4198 4561 4208
f 3387 3337 4462
f 4757 4758 4759
f 4760 4761 3301
f 4762 4074 4073
f 3568 2620 4763
f 4690 3916 4387
f 3674 4725 4507
f 4765 4766 4620
f 4198 3936 4561
f 4591 4590 3987
f 4385 3224 4175
f 4768 5642 4994
f 4763 4292 4769
f 4495 4699 4705
f 4005 3079 4200
f 4772 4875 4773
f 4774 3437 4771
f 3437 4456 4771
f 3353 4775 4377
f 3873 4747 3208
f 2365 2364 4776
f 4718 4768 4994
f 4777 4411 4412
f 4545 2155 3573
f 4779 3350 4780
f 3643 3645 3618
f 5881 4781 4782
f 4783 4784 4567
f 1635 4785 4624
f 4536 4483 4681
f 4786 4787 3715
f 4459 4295 3309
f 3162 3872 4200
f 5366 4788 4789
f 3681 4578 3758
f 4590 4576 4790
f 4678 3310 4390
f 4082 4653 4537
f 4344 4310 4377
f 3224 4385 3223
f 3747 4096 3998
f 4785 3992 4292
f 4785 1635 3992
f 4792 4789 4510
f 1626 4300 4793
f 3487 3586 3575
f 2318 3124 4200
f 4794 4795 4796
f 3204 3671 4292
f 3671 3204 3672
f 4797 3186 3188
f 4464 5366 4789
f 601 5408 4799
f 4711 4803 4804
f 4603 2376 3562
f 4692 4806 2852
f 4692 5819 4806
f 4807 4034 4808
f 4437 1689 4505
f 3674 4192 3675
f 4226 4676 4555
f 4232 4119 2630
f 2526 3095 4590
f 4091 4090 4811
f 4090 4812 4811
f 4578 3153 4579
f 3670 3672 3533
f 2379 4516 3704
f 4441 3928 3955
f 4813 4226 4330
f 3769 4029 4814
f 4574 2515 4243
f 4816 4817 4818
f 4817 3359 4818
f 4819 2322 4820
f 4657 3712 3963
f 4821 4651 4822
f 4359 3675 4330
f 4309 4712 3689
f 4741 4512 2452
f 4075 3508 3099
f 3768 4724 4725
f 3487 777 3587
f 2325 4590 2354
f 3122 3187 3186
f 3999 3852 3486
f 3955 4653 4698
f 4826 4827 4828
f 2354 4590 2355
f 2319 4589 2320
f 3773 4765 3774
f 4653 4082 3853
f 4081 4537 3955
f 4359 4081 3955
f 3533 2706 4864
f 4698 4653 3853
f 4537 4653 3955
f 3680 3758 4875
f 4359 3853 4082
f 4081 4082 4537
f 4556 2083 4594
f 4831 4832 4146
f 3936 4352 4561
f 4833 4834 4835
f 4752 4834 4833
f 4476 3359 4435
f 4434 4476 4435
f 3209 4747 4456
f 4747 3209 3208
f 3154 3153 3681
f 4836 4707 4783
f 4707 4837 4783
f 4579 4395 4605
f 4838 4839 4840
f 4677 4232 3044
f 3774 4842 4843
f 4611 4844 4616
f 3667 4845 4844
f 4047 3707 3435
f 4293 4207 5067
f 4783 3514 4836
f 3594 4033 3902
f 2878 4604 4519
f 2327 3158 2888
f 4636 4637 4846
f 4847 4492 5881
f 4556 2317 2083
f 4595 4572 4556
f 4848 4849 4815
f 4850 4851 4852
f 4851 5831 4852
f 4798 4605 4599
f 4827 2302 4828
f 3535 3537 4855
f 4856 4226 1417
f 3768 3928 4442
f 4336 4857 3450
f 3147 3684 3608
f 4308 4491 4940
f 4384 4029 4858
f 4859 4860 4467
f 3671 3670 3193
f 4292 3671 3193
f 2347 2346 3392
f 4861 4862 4863
f 4864 4412 4865
f 4832 4867 4868
f 4869 4870 4801
f 4870 4869 4871
f 3127 3673 3615
f 4872 4873 4874
f 4565 4567 4784
f 4588 4591 4739
f 4738 4200 4739
f 4715 4816 4616
f 4442 4440 4724
f 2549 4616 4625
f 3476 4622 3474
f 2881 2327 3902
f 4793 4876 3033
f 4844 4845 4533
f 3473 4877 3476
f 4579 4605 4578
f 4879 4880 4532
f 4879 3797 4880
f 4765 4842 3774
f 3563 3145 4516
f 4589 3095 2320
f 4442 3928 4441
f 3758 4478 4875
f 5006 3140 3139
f 4595 3380 4572
f 4595 4594 3380
f 4359 3768 4725
f 4552 4553 4801
f 4552 4551 4553
f 3747 4825 4866
f 4875 4395 4773
f 4453 4454 4882
f 4677 4587 4372
f 2323 4656 1626
f 4033 2376 3520
f 4887 4888 4593
f 4886 4889 3641
f 4844 4533 3977
f 4843 3642 3629
f 3198 3615 3526
f 2949 4532 4803
f 3645 3644 3563
f 3971 3614 3203
f 4501 4892 4893
f 2382 3615 3665
f 3120 2996 3489
f 3044 4866 4401
f 3162 2352 3161
f 2358 3162 3161
f 4853 4837 2703
f 4837 4707 2703
f 4894 4895 5010
f 4895 4894 4896
f 4075 3615 3508
f 4898 4718 4610
f 4899 4919 4900
f 4901 4899 4900
f 4331 4698 4801
f 3080 4508 4580
f 3681 3153 4578
f 4875 4772 3680
f 4875 4478 4395
f 4772 3154 3680
f 4773 3154 4772
f 4594 4624 3380
f 4902 4903 4688
f 4903 4456 4688
f 4075 3545 3544
f 4359 4725 3674
f 3583 3582 3983
f 2996 3550 3999
f 2697 4516 2379
f 4827 4904 4905
f 3128 3127 3615
f 3487 3575 3574
f 4578 4605 4798
f 4599 3563 4581
f 4075 3617 3545
f 3615 2379 3564
f 3563 4516 3190
f 3198 2697 3615
f 3615 3673 3487
f 3563 4599 3145
f 3615 4075 3665
f 4776 4907 3475
f 2364 4907 4776
f 3944 3943 4903
f 3943 4456 4903
f 3154 4773 3155
f 4773 4395 3155
f 4908 4536 4681
f 4633 4632 4906
f 3564 3494 3615
f 3195 3158 2880
f 4611 3667 4844
f 2318 2321 2363
f 3999 3550 2327
f 4200 4592 4739
f 3172 4603 3067
f 3999 3595 3447
f 4016 4545 3573
f 4545 4016 4017
f 3979 3978 3952
f 3978 4456 3952
f 3708 3707 3095
f 2396 4978 5557
f 4715 4817 4816
f 2326 3511 4685
f 4931 4689 4345
f 4428 4765 4429
f 3770 4689 4029
f 4857 4382 4858
f 4608 4616 4632
f 4582 3688 4075
f 3155 4395 4579
f 3153 3155 4579
f 3775 4843 3629
f 4605 4395 4599
f 2083 4798 4599
f 3615 2381 3484
f 3083 4637 3082
f 4119 3721 3723
f 3494 3967 3615
f 3508 2083 4599
f 4911 4429 4912
f 3999 3132 3852
f 4437 4281 4527
f 4603 3066 3067
f 4091 4811 4470
f 4811 4914 4470
f 4019 4001 4292
f 4001 4019 4598
f 4915 4916 4770
f 3562 3066 4603
f 2327 2880 3158
f 4047 2318 4623
f 4657 3626 3344
f 2378 2327 3550
f 2373 2157 2318
f 2372 4917 2373
f 2318 2363 4623
f 3095 3707 3075
f 3881 3737 4918
f 3952 4456 3953
f 3999 760 3595
f 3594 3902 3572
f 2318 4545 4017
f 2363 2362 4623
f 2320 3095 2361
f 4089 4024 4072
f 3999 3653 3132
f 4437 4390 4366
f 4912 4629 4921
f 4383 4922 4814
f 3999 2327 3971
f 4710 4931 2950
f 4923 2402 4924
f 4017 4015 3635
f 4859 4925 4860
f 4902 4688 2369
f 4926 4993 4927
f 3573 2155 4456
f 4253 4373 4752
f 3975 4929 4394
f 4669 4930 4292
f 2333 2332 4626
f 2526 3995 3126
f 4932 4685 3511
f 4933 4131 4130
f 4181 4343 4940
f 3673 776 3487
f 4590 4797 4508
f 2996 3272 3863
f 4024 3633 4599
f 3635 2318 4017
f 2951 4935 4532
f 4930 4936 4292
f 4610 4684 4609
f 4546 4043 3945
f 3524 2327 3525
f 2359 4590 3095
f 4334 4187 3722
f 4530 3163 2318
f 3075 2362 3095
f 3172 3067 2887
f 4935 4337 4532
f 4937 4938 5980
f 4938 4937 4939
f 2154 4917 2260
f 2154 2373 4917
f 3520 2376 3195
f 3447 3581 3999
f 3944 4902 4616
f 2359 4599 4590
f 4226 3737 3881
f 3988 2324 4612
f 4616 3951 4546
f 2402 4781 5881
f 4593 4888 3511
f 4758 4941 4942
f 4943 4428 4944
f 3435 3708 3125
f 5046 3754 4286
f 3754 3753 4286
f 4599 2707 4590
f 3752 4483 3753
f 2260 4456 2155
f 4340 4945 4338
f 4864 4628 4777
f 3999 4013 2996
f 4946 4947 4948
f 4947 4927 4948
f 4927 4946 4948
f 3991 3662 3684
f 2707 4949 4590
f 3147 3608 3333
f 2320 2361 2321
f 4632 4607 4608
f 3359 4926 4946
f 4950 2375 4951
f 3594 2376 4033
f 4689 4532 4029
f 3771 4187 3772
f 4952 3738 4535
f 4401 4886 4953
f 3951 3953 4546
f 4569 2358 4600
f 1643 4569 4600
f 4557 4729 4396
f 2996 3552 3554
f 2156 2155 4545
f 2157 2156 4545
f 4954 4465 4955
f 4465 4464 4955
f 3989 3988 4612
f 4957 4606 4476
f 4606 4456 4476
f 2355 4590 4790
f 4512 4386 3759
f 3075 4047 4623
f 3163 2319 2321
f 4546 3953 4043
f 2318 2263 2372
f 4765 4401 4842
f 2878 3672 3204
f 4841 4794 4958
f 4861 4863 3511
f 3145 3994 4516
f 3972 2352 4601
f 4590 3186 4797
f 4038 4628 4864
f 4569 1643 1644
f 2083 3508 3533
f 2318 4580 3980
f 3525 2327 2378
f 2317 4798 2083
f 3380 4785 4572
f 4785 3380 4624
f 4572 4785 4292
f 2157 2154 2260
f 2157 2373 2154
f 4917 2261 2260
f 4917 2372 2261
f 2263 2261 2372
f 4604 3204 4292
f 4604 2878 3204
f 4902 3944 4903
f 3475 3474 4883
f 4845 4456 4533
f 3953 4456 4043
f 3162 2358 2702
f 3667 3600 4845
f 3573 4456 4845
f 3600 3573 4845
f 4844 3977 4616
f 2318 3187 3124
f 4960 4901 4356
f 4841 4958 4669
f 4823 4597 4531
f 4038 4065 4628
f 4636 4040 5010
f 4040 4636 4846
f 3211 3973 3475
f 3211 4061 3973
f 4823 2297 4292
f 2297 4823 4531
f 4001 4823 4292
f 4597 4823 4001
f 5423 4538 4961
f 3193 4652 4292
f 4652 3193 4564
f 2326 4611 3536
f 4563 4598 4019
f 4652 4019 4292
f 4652 4563 4019
f 4566 4684 4610
f 4565 2326 4685
f 4037 4776 3475
f 4776 4037 2365
f 4909 3637 3210
f 3475 4909 3210
f 3537 2549 4855
f 4061 3211 3212
f 4907 2364 4963
f 4383 4814 4384
f 3949 3579 4613
f 4865 4890 3567
f 4611 2326 5508
f 4890 4865 4410
f 4292 4890 4410
f 2298 4890 4292
f 4890 2298 3567
f 4641 4962 3475
f 4964 4962 4641
f 3535 2326 3536
f 3193 3670 4564
f 4410 4865 4412
f 2349 4936 4930
f 4563 4652 4564
f 4626 2327 3524
f 4962 4964 4965
f 4774 4771 4906
f 4621 3914 4883
f 3914 4621 3950
f 3709 4292 4763
f 4928 4853 2703
f 4411 3205 3475
f 4411 4777 3205
f 3084 4922 4931
f 4964 4641 4062
f 4962 4966 3475
f 4966 4962 4965
f 4966 3473 3475
f 4877 3473 4966
f 4967 4968 4888
f 4292 4411 3475
f 4805 4707 4836
f 4969 4970 4280
f 2312 2333 4626
f 4963 3637 4909
f 4777 4628 3205
f 4065 4037 3475
f 4038 4037 4065
f 3438 4774 4616
f 4965 4877 4966
f 4907 4909 3475
f 4909 4907 4963
f 4837 4853 4784
f 3438 3437 4774
f 4972 3969 3968
f 5214 4471 4973
f 4974 2347 4972
f 3511 4975 2704
f 4976 4818 4977
f 4818 3359 4977
f 3914 4613 4883
f 3914 3949 4613
f 4200 1643 4601
f 4979 2368 4980
f 2348 4974 4883
f 2347 4974 2348
f 3474 4622 4621
f 4883 3474 4621
f 4807 553 4764
f 553 4807 4808
f 4974 3968 4883
f 3968 4974 4972
f 4042 4041 4982
f 4656 2323 4983
f 4984 4050 5010
f 4984 4048 4050
f 4987 4894 5010
f 4988 4894 4987
f 4986 4639 4989
f 4050 4987 5010
f 4987 4050 4049
f 4651 4990 4883
f 4651 4821 4990
f 3970 3969 4822
f 4846 4041 4040
f 4746 5014 4439
f 4991 3179 4992
f 4596 4643 5485
f 4088 4032 1402
f 4080 3081 5010
f 4078 3081 4080
f 4821 4079 4990
f 4685 4566 4565
f 4688 4456 2370
f 2369 4688 2370
f 4990 4080 5010
f 4080 4990 4079
f 4883 4990 5010
f 3970 4651 4883
f 4651 3970 4822
f 3081 4078 3083
f 3521 3633 4024
f 4200 4996 4997
f 4048 4984 4982
f 4985 4640 5010
f 4640 4985 4638
f 4998 4999 5010
f 4998 5000 4999
f 4828 4649 4647
f 4042 4984 5010
f 4984 4042 4982
f 4035 4807 4764
f 4034 4807 4035
f 4836 3514 4805
f 2815 3935 3934
f 2815 4350 3935
f 637 635 4614
f 4648 5001 4764
f 5001 4648 5002
f 5003 5004 5752
f 5005 4634 4764
f 5005 4615 4634
f 4986 4998 5010
f 4998 4986 4989
f 3533 4519 1635
f 5007 4635 5008
f 4896 5009 4895
f 4894 4988 4896
f 4988 4987 4049
f 4985 5009 4638
f 4632 4616 4906
f 4895 4985 5010
f 5009 4985 4895
f 3215 3521 4024
f 4826 4647 4764
f 4647 4826 4828
f 4643 3655 5485
f 5000 4998 4989
f 5000 4905 4999
f 4640 4639 4986
f 5010 4640 4986
f 4999 4904 5010
f 4904 4999 4905
f 4615 5005 5008
f 3162 2702 3159
f 5002 4635 5001
f 4648 4649 5002
f 637 4036 636
f 5007 5005 4764
f 5005 5007 5008
f 4904 4826 5010
f 4827 4826 4904
f 5010 4826 4764
f 4657 4058 3684
f 5006 3682 2710
f 2302 5006 4088
f 636 4035 4764
f 4035 636 4036
f 3703 1212 4673
f 3980 4797 3188
f 4657 3624 3626
f 4808 4978 553
f 5001 4635 5007
f 4764 5001 5007
f 553 4978 4524
f 4764 553 4524
f 4032 4088 5006
f 5012 4558 5013
f 3533 4594 2083
f 5006 4044 4032
f 4436 4435 4714
f 4435 3359 4714
f 3691 3982 3684
f 3271 2996 4009
f 3140 5006 3143
f 4743 3568 4769
f 4072 4024 3206
f 3991 3684 4018
f 3490 4072 3663
f 5006 3139 3682
f 3169 3663 3206
f 5006 3657 3591
f 5006 3591 4044
f 3684 3982 3710
f 3490 3147 2392
f 3490 4657 3684
f 4901 5015 4356
f 4008 4007 4657
f 4200 3124 4592
f 4200 3872 3873
f 3611 5557 3623
f 3145 4599 5557
f 4616 4774 4906
f 5609 4474 4475
f 3611 3145 5557
f 4443 2800 4142
f 4239 4741 4172
f 4447 4239 4172
f 5374 4453 2620
f 4315 4085 4502
f 5016 4373 4134
f 4133 5016 4134
f 4391 3814 3711
f 5017 5018 4973
f 5018 5017 5609
f 4288 4298 4287
f 2326 4625 3511
f 5019 5020 6662
f 5020 5019 5021
f 4198 4705 2777
f 3794 6464 2695
f 4239 4084 4741
f 4206 3915 3916
f 4842 3642 4843
f 4355 3754 5046
f 4483 4326 4716
f 3722 4187 3771
f 5022 4686 5023
f 5024 5025 5026
f 4712 2814 4341
f 5374 3568 4743
f 4069 4729 4557
f 2452 4668 4694
f 3084 4345 3770
f 5046 4540 4373
f 1105 4897 5028
f 2630 2695 4995
f 3872 3159 4456
f 4071 4490 3337
f 4462 3337 4490
f 3350 5029 5030
f 4306 3893 4709
f 4551 4555 4553
f 3353 3352 4775
f 4748 1689 4437
f 2630 4122 4940
f 3711 2630 4443
f 2630 4119 4255
f 5032 5033 5881
f 4953 4886 3641
f 4324 4373 3947
f 3199 2630 3711
f 5035 4068 5036
f 4255 5046 3337
f 3337 4373 4289
f 4834 5037 4835
f 5038 5037 4834
f 4800 4053 2378
f 2376 4053 4599
f 2262 3207 3209
f 2260 2262 3209
f 4470 4722 2802
f 4722 4470 4469
f 3744 3175 4571
f 5046 3744 4571
f 4332 4230 5039
f 4187 4188 3772
f 4333 3721 4119
f 3223 2454 4294
f 3223 4385 2454
f 4489 4366 4365
f 4489 4437 4366
f 4940 4344 4377
f 5040 5041 4143
f 5040 5042 5041
f 3511 4616 2368
f 5043 5044 5045
f 3224 3222 4176
f 4333 4250 4483
f 4325 4151 4373
f 4163 3759 3858
f 5046 4571 4355
f 4832 3881 4146
f 4386 4263 3759
f 4663 5040 4143
f 5040 4663 5047
f 4182 4310 4344
f 2323 3833 4983
f 3833 4885 4983
f 4467 4068 5035
f 4512 4084 4083
f 4307 4380 4363
f 1689 4748 4333
f 4263 4426 4709
f 3689 4712 4341
f 4697 4437 4529
f 5048 5049 5050
f 5051 5052 4770
f 4244 3309 4678
f 4297 4683 5228
f 4198 4568 4704
f 4197 4297 4350
f 3714 4699 4350
f 5053 4327 4329
f 4198 4197 4568
f 3310 4295 4364
f 4700 4365 4295
f 4700 4489 4365
f 5054 5055 5056
f 5054 5057 5055
f 5058 5408 4342
f 4705 4699 2777
f 3765 3764 4281
f 2518 4683 4295
f 5059 4804 4532
f 4675 4801 4554
f 4676 4675 4554
f 4496 4495 4704
f 4568 4496 4704
f 4699 3714 2777
f 4350 4712 4309
f 4562 4209 4208
f 4562 4350 4209
f 4710 2950 2949
f 2713 5060 2714
f 5060 4669 2714
f 4209 3857 4210
f 5061 4404 5047
f 5062 5063 5064
f 4186 5063 5062
f 5046 4737 2870
f 4737 2868 2870
f 3989 4612 4200
f 4359 5228 4683
f 4207 4294 3915
f 4690 4206 3916
f 4995 4232 2630
f 4724 4440 4602
f 4440 4698 4602
f 3964 4350 3965
f 4630 3040 4631
f 4175 4741 2452
f 4971 4401 4866
f 4226 4555 4551
f 4172 4741 4176
f 4842 4953 3642
f 5068 5366 5069
f 4956 4765 4620
f 4356 4887 2368
f 4359 3955 3768
f 3955 4537 3768
f 4226 4871 4674
f 3675 4193 4330
f 4853 2326 4784
f 3999 3581 3547
f 5070 4690 4387
f 4690 5070 5067
f 3758 4578 4798
f 4871 4226 4813
f 4725 4602 4507
f 4552 4801 1418
f 4227 4552 1418
f 4931 4711 5071
f 4441 3955 4698
f 3768 4442 4724
f 2331 3577 4202
f 5072 5073 5074
f 4701 5075 4702
f 5076 5077 4619
f 5076 5078 5077
f 4238 4742 4294
f 4742 4238 4448
f 4555 4676 4554
f 4401 4971 4886
f 2396 4645 4524
f 760 3999 3486
f 4765 5079 4766
f 5228 4359 4226
f 5080 5081 5082
f 5024 4932 3511
f 4348 5083 5164
f 5083 4348 4583
f 4870 4871 4813
f 4226 4674 4676
f 4765 2329 4630
f 4889 3629 3641
f 3044 3747 4866
f 4805 4439 5014
f 5084 5085 5086
f 4226 4359 4330
f 3996 2377 4864
f 5087 5088 5289
f 5087 5089 5088
f 4922 3084 3769
f 3044 4689 4650
f 4656 3361 1626
f 4870 4331 4801
f 4870 4813 4331
f 4331 4813 4330
f 3208 2318 4200
f 2262 2263 3207
f 3774 4843 3775
f 4508 4797 3980
f 4855 4625 2326
f 4202 4611 4673
f 4889 4866 3629
f 4337 3450 4532
f 4592 4588 4739
f 5077 5090 4619
f 5090 5077 5091
f 2996 3863 3865
f 4857 4858 3450
f 4608 4606 4957
f 2222 5092 4147
f 4580 4508 3980
f 4743 4769 4936
f 4931 4857 4336
f 4886 4971 4889
f 2312 4626 3524
f 4532 4689 4956
f 3535 4855 2326
f 4922 3769 4814
f 4629 4631 4921
f 4401 4953 4842
f 4094 5094 5095
f 4953 3641 3642
f 5096 5642 5097
f 4866 4825 3629
f 4616 3511 4625
f 4855 2549 4625
f 4689 4401 4956
f 4931 4922 4383
f 4957 4616 4608
f 4971 4866 4889
f 4069 3337 4729
f 3769 3770 4029
f 4650 4689 4931
f 2378 4053 3525
f 2376 2333 4053
f 3995 3080 4580
f 5099 5378 4156
f 4401 4689 3044
f 4616 2549 3537
f 4931 4345 3084
f 5101 4619 3629
f 4200 4601 2352
f 5374 2349 4795
f 4684 4685 4932
f 4483 4502 4298
f 2180 2211 6479
f 4478 4599 4395
f 4345 4689 3770
f 4654 4655 5996
f 4382 4384 4858
f 4765 3773 4087
f 2357 3996 4864
f 5102 5103 1752
f 2206 5103 5102
f 5104 5105 5106
f 4575 4577 4701
f 3568 4763 4769
f 4544 5847 5107
f 4597 4864 4531
f 5108 3299 4761
f 4940 4070 4557
f 4070 4069 4557
f 4616 4902 2369
f 5111 1726 4655
f 4898 5026 5025
f 4948 5112 4679
f 5112 4948 5113
f 5115 5116 5117
f 4771 4633 4906
f 4633 4771 4456
f 5090 5091 5118
f 4864 4597 3533
f 4300 3361 4076
f 3360 4300 4076
f 3123 4588 4592
f 4885 3361 4077
f 3361 4656 4077
f 3533 4564 3670
f 4456 2702 3359
f 5508 4673 4611
f 3533 3508 3615
f 2349 4743 4936
f 1635 4624 3533
f 4572 4292 5286
f 4795 4794 5374
f 5119 5120 5121
f 5122 3300 3299
f 4801 4698 4478
f 2317 4572 4798
f 4572 5286 4798
f 4864 3392 2364
f 2706 2357 4864
f 4789 4955 4510
f 4955 5123 4510
f 4762 4718 4898
f 3359 4476 4456
f 4566 4610 4567
f 3715 1486 1485
f 4928 4707 4805
f 4610 4783 4567
f 4610 4746 4783
f 3514 4439 4805
f 4565 4784 2326
f 4853 4805 2326
f 4073 5124 5097
f 3514 4783 4746
f 4783 4837 4784
f 4928 4805 4853
f 2620 3568 5374
f 2620 4882 4763
f 5014 4734 4805
f 4777 4412 4864
f 2704 5125 5126
f 4649 2302 5002
f 4298 4086 4287
f 4086 5046 4287
f 5127 5128 5129
f 5130 5131 5132
f 5131 5879 5132
f 4968 4861 3511
f 4738 3987 3989
f 4074 4762 4898
f 4931 4336 4335
f 5556 3151 999
f 4088 4036 637
f 5006 3541 2309
f 4769 4292 4936
f 3709 4763 4882
f 4795 2349 4930
f 5134 5135 3359
f 5135 5134 4318
f 5713 5137 4991
f 5137 3179 4991
f 4816 4818 4976
f 4645 4644 5713
f 3529 5556 4002
f 2302 5008 4635
f 5412 5127 5140
f 4524 4978 2396
f 4644 4646 5137
f 5713 4644 5137
f 4994 5109 5431
f 2396 5143 5144
f 5556 3692 3666
f 637 4614 2302
f 4615 5008 2302
f 3487 3602 3569
f 4642 3655 4643
f 3655 4673 5485
f 5145 5031 5146
f 425 5145 5146
f 2620 4453 4882
f 4978 4808 4088
f 5148 2714 4292
f 3167 3582 3169
f 4523 5203 5149
f 2302 5556 5006
f 4034 4088 4808
f 4088 637 2302
f 5006 5556 3541
f 4524 4645 5713
f 2868 4737 4315
f 5150 5151 5142
f 5151 5150 5713
f 5082 5081 5152
f 5108 5122 3299
f 4034 4036 4088
f 4963 3392 3637
f 4596 4420 4981
f 4827 4905 2302
f 2396 5557 6200
f 5556 3693 2389
f 5158 4252 5159
f 5160 5158 5159
f 5161 5162 5203
f 5713 5163 5072
f 5163 5073 5072
f 3606 3583 3983
f 5556 4011 3692
f 2358 4570 2702
f 4657 3343 3117
f 4007 4064 4657
f 3117 4008 4657
f 2996 4020 3939
f 4876 5165 2702
f 5165 4876 4793
f 3963 3640 4657
f 2996 3669 4020
f 4914 4373 4469
f 5556 4023 3693
f 5166 5167 5168
f 5881 5169 5170
f 5172 5171 5408
f 4576 4575 4997
f 4091 4469 4468
f 4599 4053 4024
f 4996 4790 4997
f 4087 3773 5174
f 5083 4583 4918
f 5175 5031 5176
f 2630 4940 4443
f 2449 4083 4294
f 4443 3726 4518
f 3726 4271 4518
f 4517 4484 4421
f 4083 4238 4294
f 4323 3946 4091
f 4323 3947 3946
f 2869 4536 4540
f 3865 3552 2996
f 2695 6464 4995
f 4920 5179 5180
f 5181 5182 5051
f 3988 4590 2324
f 4483 4152 4326
f 5183 5184 5185
f 5184 6027 5185
f 4484 4525 4485
f 5186 4335 4935
f 2707 4599 4650
f 5036 5366 5187
f 5035 5036 5187
f 5188 5189 5190
f 4696 4163 4294
f 4163 4696 4695
f 3387 3385 3352
f 4812 4090 3948
f 4462 4490 4308
f 3387 4462 3386
f 6074 1105 5028
f 3176 4334 3752
f 2802 4399 2801
f 4399 2799 2801
f 5194 4525 4316
f 4355 3752 3754
f 5195 4501 5196
f 4501 3164 2839
f 4289 3725 4396
f 4914 4469 4470
f 4469 4091 4470
f 4491 4070 4940
f 4070 4491 4071
f 3751 4333 4683
f 4334 4483 3752
f 4373 3948 3947
f 5199 4682 4717
f 4373 5199 4717
f 4368 4132 4374
f 4281 4539 4527
f 4908 4540 4536
f 4298 4502 4086
f 4908 5199 4373
f 5199 4908 4681
f 4940 3386 4308
f 4421 4485 4443
f 4234 4233 5202
f 4271 4373 4517
f 4315 4502 4483
f 4377 4775 4940
f 4324 3947 4323
f 4518 4517 4421
f 5204 4373 4252
f 5194 4316 4322
f 4443 5194 4322
f 4252 4253 5159
f 4437 4697 4748
f 5206 5207 4969
f 4775 3385 4940
f 3385 4775 3352
f 4729 3337 4289
f 4682 4483 4716
f 4339 3858 5209
f 3858 4339 5209
f 5609 5210 5211
f 4716 4326 4325
f 4253 4752 4833
f 4752 5160 4833
f 4485 5194 4443
f 5194 4485 4525
f 5212 4449 4422
f 4416 5213 5023
f 4443 4323 4468
f 5215 5216 5217
f 4945 4730 4143
f 4340 4730 4945
f 4437 4527 4529
f 4204 4422 4449
f 4447 4742 4448
f 3998 4293 5067
f 3858 4339 4338
f 4489 4700 4161
f 4730 5212 4143
f 4449 5212 4730
f 5220 5221 4162
f 4295 5221 5220
f 4668 2452 3759
f 4084 4512 4741
f 4512 3759 2452
f 4697 4529 4881
f 4293 4709 4294
f 4549 4665 2639
f 4665 4549 5609
f 4437 4162 4497
f 5221 3338 4497
f 3338 5221 4295
f 4706 4881 4295
f 4706 4697 4881
f 5609 3966 4474
f 4162 5221 4497
f 4700 5220 4161
f 5220 4700 4295
f 4198 4341 2816
f 5366 4925 5223
f 4925 4859 5223
f 5224 4294 5217
f 4709 2449 4294
f 4867 4831 5164
f 4831 4867 4832
f 4497 3338 3765
f 4161 5220 4162
f 5210 5225 5211
f 5070 4387 5224
f 4539 4528 4527
f 4528 4539 4295
f 5214 4973 5226
f 4528 4881 4529
f 4295 4881 4528
f 4198 4548 5609
f 5227 4549 2639
f 4067 4102 4101
f 4748 4379 5227
f 5612 5200 4294
f 4387 4294 5224
f 5067 4207 4206
f 5609 4815 4388
f 5229 5230 4810
f 5229 5231 5230
f 3965 4407 4474
f 4198 4210 5232
f 4585 5233 5234
f 4586 4585 5234
f 4210 3857 5232
f 3857 4547 5232
f 3857 4350 4547
f 4198 4208 4210
f 4956 4620 5118
f 5235 5205 4471
f 4815 5236 4388
f 4352 4562 4561
f 4562 4352 4350
f 4668 3759 4163
f 4695 4668 4163
f 4767 5647 5237
f 4674 4869 4675
f 4869 4801 4675
f 5213 4416 3937
f 5216 5070 5224
f 5067 5070 5216
f 3998 5067 3937
f 5217 4294 5045
f 4416 4415 3937
f 904 905 5238
f 3182 2996 3561
f 5232 4547 4548
f 5236 5240 4388
f 5240 5236 5965
f 4686 4294 5200
f 3881 5242 4515
f 3998 3937 5989
f 4740 4849 4848
f 4849 4740 5965
f 3987 4590 3988
f 5243 5244 5245
f 5246 5080 5082
f 3165 5202 5366
f 4234 5202 3165
f 4868 3881 4832
f 5247 4761 4760
f 5083 5248 5164
f 5083 4918 5248
f 5249 4660 5096
f 5250 5136 5251
f 4226 4551 4227
f 5255 5996 1466
f 4762 4073 5097
f 5034 5257 4327
f 4534 5258 5156
f 5259 5258 4534
f 4871 4869 4674
f 5096 5097 5124
f 5260 5261 4960
f 5262 5263 5264
f 4856 4455 4226
f 5881 4950 5110
f 3773 3775 5174
f 4373 4540 4908
f 4765 2330 2329
f 3881 4583 4347
f 5209 4945 4143
f 4945 5209 4338
f 4087 2330 4765
f 4226 3881 5228
f 3359 4946 4919
f 4684 4932 4609
f 5265 5076 4830
f 5265 5266 5076
f 4728 4515 4514
f 3853 4359 4683
f 3736 5164 5248
f 3737 3736 5248
f 4787 5268 3715
f 4146 4347 4349
f 5269 5174 3629
f 4087 5174 5269
f 5270 5271 5272
f 5271 4373 5272
f 2377 3996 3593
f 4300 3360 2702
f 5273 5274 5275
f 4812 4914 4811
f 4612 4005 4200
f 4398 4373 2799
f 6074 909 1105
f 5276 5277 5278
f 4618 5279 3629
f 5279 4618 4766
f 5280 1419 5164
f 5280 4856 1419
f 1419 4801 5164
f 5281 5280 5164
f 4455 5280 5281
f 5280 4455 4856
f 4788 5408 5058
f 3040 2328 3629
f 5283 5284 4400
f 5284 5283 5285
f 4911 4921 3629
f 4911 4912 4921
f 1419 4856 1417
f 4723 4398 4399
f 2802 4723 4399
f 5287 5107 5288
f 4570 4876 2702
f 4876 4570 3033
f 4575 4200 4997
f 4616 4816 4976
f 4427 4911 3629
f 4911 4427 4429
f 5264 3065 3511
f 5290 5291 5292
f 5291 4520 5292
f 4520 5291 5290
f 4597 4598 3533
f 4596 5485 4420
f 4931 5186 2950
f 4887 4593 2368
f 5293 5294 5295
f 4770 5273 5296
f 5286 4292 3709
f 2704 5126 2705
f 5298 5075 4590
f 4765 4629 4912
f 4960 4899 4901
f 4804 4803 4532
f 4718 4762 5097
f 5299 5300 5814
f 4631 3040 3629
f 4336 3450 4337
f 1989 4156 5378
f 4796 4669 4958
f 4436 4715 4616
f 4956 4401 4765
f 4765 4912 4429
f 4885 3359 3361
f 5301 5302 5303
f 5522 5301 5303
f 4790 4576 4997
f 4921 4631 3629
f 4765 4428 4943
f 5034 5304 5251
f 2328 5269 3629
f 2328 2330 5269
f 5305 5306 5307
f 5308 5058 5309
f 5123 5308 5309
f 6504 5310 5311
f 5090 4617 4619
f 4617 5090 5118
f 2950 5186 2951
f 5313 5314 4824
f 2330 4087 5269
f 4335 4337 4935
f 4967 4887 4356
f 4888 4887 4967
f 5642 4558 4560
f 5088 5283 4400
f 5285 5283 5088
f 4858 4029 4532
f 4977 5315 5316
f 5315 4977 3359
f 3798 3044 4599
f 5071 4804 5059
f 4765 4943 5079
f 3698 3558 2996
f 4630 2329 3040
f 5186 4935 2951
f 4931 4382 4857
f 4147 4149 3511
f 2996 4013 4009
f 4888 4968 3511
f 5174 3775 3629
f 5126 4660 2705
f 4428 4427 4944
f 4427 3629 4944
f 3797 4879 5318
f 4765 4630 4629
f 4095 5319 6027
f 4654 5319 4095
f 5078 5266 4956
f 2322 1626 4993
f 5320 5321 5322
f 4335 5186 4931
f 4968 4959 4861
f 4384 4814 4029
f 4650 4931 5881
f 4949 5323 4092
f 4931 4383 4382
f 3450 4858 4532
f 4149 5324 3511
f 5297 4560 4559
f 5325 5326 5897
f 2949 2951 4532
f 4669 5060 4841
f 2356 2355 4996
f 4976 4977 5316
f 4714 3359 4817
f 4715 4714 4817
f 4611 4202 3577
f 5327 5328 5318
f 5165 4300 2702
f 5165 4793 4300
f 4865 3567 4864
f 4200 3079 2356
f 4859 5329 5223
f 2299 4531 4864
f 5330 5308 5123
f 5308 5330 4788
f 2996 3120 3561
f 4819 4885 3833
f 2322 4819 3833
f 4891 5332 5333
f 4901 4900 5015
f 3079 2354 2356
f 3549 4013 3999
f 5334 5335 2200
f 5059 4532 4493
f 5336 5337 5338
f 7391 5337 5336
f 5125 5642 5126
f 5881 5110 5339
f 3702 5340 5341
f 5342 5134 3359
f 5134 5342 4317
f 4200 2356 4996
f 5109 5642 5431
f 4521 5343 4523
f 4650 4599 3044
f 5344 5345 5346
f 5345 5347 5346
f 5347 5344 5346
f 4200 4738 3989
f 4738 4591 3987
f 3033 1626 4793
f 5263 4356 5348
f 5264 5263 5348
f 2355 4790 4996
f 4610 4718 4994
f 4795 4930 4796
f 3533 4598 4563
f 5349 3359 5350
f 4979 5349 5350
f 4794 4796 4958
f 3709 4882 4454
f 4470 2802 4443
f 4980 5315 5349
f 5315 3359 5349
f 4957 4476 4434
f 4930 4669 4796
f 4038 4864 2365
f 4885 4077 4983
f 4077 4656 4983
f 5351 4867 5164
f 4868 4867 5351
f 4864 3567 2299
f 1644 1626 3033
f 8025 3758 4798
f 3360 3359 2702
f 4755 5352 5353
f 5352 5172 5353
f 4957 4434 4616
f 5247 5108 4761
f 3592 3615 3593
f 3615 2377 3593
f 1643 4200 1626
f 4102 4501 3889
f 5286 4453 5374
f 5355 5356 5357
f 1644 3033 4570
f 1804 5378 6479
f 4329 4328 4292
f 2368 4616 4976
f 4959 4967 4356
f 4967 4959 4968
f 6479 5358 5359
f 4862 4861 4959
f 4356 4862 4959
f 5241 4919 5360
f 5361 5241 5360
f 4434 4436 4616
f 2368 4593 3511
f 5349 4979 4980
f 5324 5362 3511
f 5315 4980 5316
f 2368 4976 5316
f 4980 2368 5316
f 4898 4610 5026
f 4863 5363 5262
f 4149 4148 5364
f 4148 5365 5364
f 2222 4147 3511
f 5367 5368 6216
f 4328 5148 4292
f 5370 3475 4749
f 4666 5371 2837
f 5366 4666 2837
f 5372 5373 7202
f 5374 4794 4841
f 2180 2179 2211
f 5148 2712 2714
f 5375 6059 5376
f 4841 5060 5374
f 5026 4610 4609
f 5196 5377 5195
f 5831 4969 4280
f 5147 5122 5108
f 5379 5084 5086
f 4327 5053 5034
f 5120 5379 5121
f 5065 5459 4961
f 5374 5060 5380
f 5380 5060 2712
f 5060 2713 2712
f 4327 5257 4328
f 5257 5148 4328
f 5374 5257 5034
f 5380 5257 5374
f 5257 5380 5148
f 5380 2712 5148
f 5381 5382 3301
f 6479 5108 5247
f 5383 3779 5384
f 6250 5383 5384
f 5034 5053 5385
f 5386 4329 4292
f 5053 4329 5386
f 5385 5053 5386
f 5387 5251 5136
f 5179 4920 5429
f 5388 5389 7510
f 5390 5389 5388
f 5385 5304 5034
f 5386 4292 5136
f 5391 5386 5136
f 5385 5386 5391
f 5304 5385 5391
f 5251 5304 5250
f 5304 5391 5250
f 5391 5136 5250
f 4734 5508 2326
f 5024 5026 4609
f 5014 5431 4734
f 5014 4994 5431
f 5024 4609 4932
f 2705 5249 3511
f 4074 5025 3511
f 4746 4610 4994
f 5014 4746 4994
f 5025 5024 3511
f 4074 4898 5025
f 4718 5097 5642
f 4768 4718 5642
f 5124 4073 3511
f 5249 5124 3511
f 5379 5086 3475
f 5096 4660 5642
f 5126 5642 4660
f 5249 5096 5124
f 5642 5109 4994
f 4660 5249 2705
f 5948 463 908
f 4799 5408 2797
f 6479 5247 5358
f 5387 5136 5086
f 5085 5387 5086
f 5136 4292 5086
f 3905 5395 5396
f 3305 3976 4394
f 3779 5397 4481
f 5358 4760 5382
f 5179 5370 5180
f 5398 5399 5400
f 5401 5402 5403
f 5121 5379 3475
f 5180 5370 4749
f 4749 3475 5404
f 5251 5387 5034
f 6074 1464 1144
f 5429 5120 5119
f 5387 5085 5084
f 5405 5387 5084
f 5034 5387 5405
f 5406 5114 5407
f 5034 5120 5429
f 5405 5120 5034
f 5405 5084 5379
f 5120 5405 5379
f 5409 5410 5411
f 5429 4920 4750
f 5119 5413 5429
f 5413 5119 5414
f 5119 5121 5414
f 5414 5121 3475
f 5370 5414 3475
f 5413 5414 5370
f 5179 5413 5370
f 5429 5413 5179
f 5359 5358 5382
f 5114 1544 1337
f 3315 3314 5415
f 5948 908 474
f 4750 4920 5417
f 4920 5180 5417
f 5180 4749 5417
f 4734 2326 4805
f 4750 5417 4749
f 5127 5129 5418
f 5412 5459 5419
f 3306 3305 4394
f 5302 4481 5420
f 4750 5404 5429
f 5140 5418 3379
f 6317 5424 5425
f 4538 5409 5411
f 5382 4760 3301
f 4884 4883 5065
f 5129 3379 5418
f 5459 4883 5419
f 5522 5426 5427
f 5426 5428 5427
f 6464 5039 4792
f 5398 4892 4501
f 5459 5065 4883
f 5383 5397 3779
f 5430 4480 5397
f 5429 5404 4884
f 5423 5429 4884
f 5410 4884 5065
f 5411 5410 5065
f 5432 5423 4884
f 5432 4884 5410
f 5409 5432 5410
f 5423 5432 5409
f 5411 5065 5433
f 5436 5437 6504
f 5437 5436 5438
f 5409 4538 5423
f 5439 5440 5501
f 4961 5433 5065
f 4538 5411 5433
f 4961 4538 5433
f 4734 5431 5935
f 3379 4883 5462
f 5128 5441 5129
f 5442 5443 5444
f 1752 5103 5996
f 5445 4231 4235
f 5446 5447 5948
f 5128 5127 5412
f 3315 5415 3300
f 5415 3306 4394
f 5303 5302 5420
f 5448 5449 5039
f 4230 5448 5039
f 5408 5377 5450
f 5377 5196 5450
f 5451 5452 5453
f 3379 5462 5140
f 5454 5455 895
f 5455 5454 601
f 4231 5366 4235
f 4961 5459 5423
f 5456 5457 5562
f 1769 5114 1484
f 6250 5430 5383
f 5430 5397 5383
f 6250 5303 5458
f 5303 5420 5458
f 5412 5423 5459
f 895 894 602
f 5423 5412 5505
f 5129 5441 3379
f 5441 5419 3379
f 5461 5412 5419
f 5461 5419 5441
f 5128 5461 5441
f 5491 5462 5475
f 5412 5461 5128
f 4969 5831 5206
f 5463 5439 5464
f 5412 5462 5491
f 5465 3906 5254
f 3906 5460 5254
f 5140 5127 5418
f 424 5145 425
f 5145 424 5031
f 5419 4883 3379
f 5366 5468 5190
f 5287 5288 5297
f 5970 5469 5470
f 5471 5472 5473
f 5460 4883 5254
f 5140 5462 5412
f 5395 5460 5396
f 5439 5153 5440
f 5476 5477 5474
f 5507 5463 5478
f 5491 5476 5154
f 5479 5480 5481
f 5480 6208 5481
f 5507 5505 5491
f 5353 5482 5483
f 5482 5353 5484
f 5153 5463 5154
f 5477 5475 5474
f 3300 5415 3301
f 5458 4480 5430
f 6250 5458 5430
f 5412 5491 5505
f 5486 5487 5488
f 5476 5474 5395
f 3905 5476 5395
f 5477 5491 5475
f 5491 5477 5476
f 5476 3905 5154
f 3906 3905 5396
f 5474 5475 5460
f 5395 5474 5460
f 5466 5490 4910
f 5475 4883 5460
f 5153 5439 5463
f 5396 5460 3906
f 4918 3737 5248
f 5153 5493 5440
f 5494 5492 5473
f 5493 5495 5440
f 5440 5495 5501
f 5496 5465 5254
f 5497 5496 5254
f 4509 5499 5500
f 5498 5493 5154
f 5114 5406 1484
f 471 919 472
f 5464 5439 5501
f 5478 5464 5494
f 3906 5465 5154
f 5495 5497 5254
f 5495 5493 5498
f 5478 5463 5464
f 6250 5502 5442
f 5502 5443 5442
f 5503 3780 4481
f 5507 5491 5154
f 5472 5478 5494
f 5154 5463 5507
f 5494 5464 5492
f 5478 5472 5507
f 6074 5028 471
f 5384 3779 3780
f 5154 5465 5498
f 5498 5465 5497
f 5465 5496 5497
f 5497 5495 5498
f 5495 5254 5501
f 5507 5011 5506
f 5502 5503 5443
f 5154 5493 5153
f 4893 4201 721
f 5464 5501 5492
f 4481 5397 4480
f 4240 4242 5509
f 5508 4734 5935
f 5073 5488 2711
f 5473 5492 5471
f 5472 5494 5473
f 5510 5511 5713
f 5507 5472 5471
f 5452 5359 5381
f 5011 5471 5512
f 5471 5492 5512
f 5514 5515 5513
f 5492 5501 5512
f 602 894 6464
f 5516 5517 7510
f 5518 5517 5516
f 5519 5520 938
f 5506 5512 5139
f 5520 5521 938
f 5506 5011 5512
f 5122 3315 3300
f 5515 5139 938
f 6989 5246 5523
f 5471 5011 5507
f 5521 5513 938
f 5513 5515 938
f 5093 5507 5506
f 5489 5093 5506
f 3314 3306 5415
f 5489 5506 5524
f 5525 5489 5524
f 5093 5489 5525
f 5513 5521 5466
f 5524 5506 5515
f 5526 5524 5515
f 5527 5526 5514
f 5526 5515 5514
f 6989 5093 5466
f 5093 5527 5466
f 5527 5525 5526
f 5525 5524 5526
f 5525 5527 5093
f 5503 4481 5443
f 5528 5139 5141
f 5529 5530 5080
f 5531 938 5139
f 4910 5528 5530
f 5529 4910 5530
f 3179 2396 4992
f 5513 5527 5514
f 5515 5506 5139
f 5143 5511 5510
f 5137 4646 3179
f 4646 2396 3179
f 5466 5527 5513
f 5531 5519 938
f 5532 5533 7494
f 923 5534 924
f 923 6707 5534
f 5487 5511 5143
f 5535 5536 5537
f 5202 4233 4211
f 5366 5202 4211
f 4910 5490 5528
f 5416 1491 1490
f 5141 5530 5528
f 5528 5531 5139
f 5246 5529 5080
f 5521 5520 5519
f 5490 5531 5528
f 5539 5521 5519
f 5466 5521 5539
f 5539 5490 5466
f 5539 5519 5531
f 5490 5539 5531
f 6250 5384 5540
f 5384 3780 5540
f 4509 5737 5416
f 4910 5529 5466
f 5466 5529 6989
f 2180 1988 1989
f 6989 5529 5246
f 5541 5542 5543
f 5141 4767 5081
f 5141 5080 5530
f 5713 5150 5510
f 5150 5144 5510
f 4524 5713 5141
f 4156 4981 4420
f 4156 8153 4981
f 5553 4420 5485
f 4642 4596 4981
f 5237 5523 5152
f 5523 5082 5152
f 5246 5082 5523
f 5213 5022 5023
f 2396 5144 5142
f 5152 4767 5237
f 6989 5237 5647
f 5237 6989 5523
f 5081 5080 5141
f 5152 5081 4767
f 5155 5713 4991
f 5151 5546 5142
f 5547 2711 5428
f 5546 5155 4992
f 4241 1184 5548
f 5512 5141 5139
f 5713 5155 5151
f 5155 5546 5151
f 5487 5143 2396
f 4645 2396 4646
f 5546 2396 5142
f 2396 5546 4992
f 5143 5510 5144
f 5155 4991 4992
f 5713 5511 5486
f 5511 5487 5486
f 4960 5261 4899
f 5261 4919 4899
f 5366 5549 5187
f 5549 5550 5187
f 5551 2711 5552
f 5488 5487 2711
f 5144 5150 5142
f 5485 4673 5508
f 5073 2711 5074
f 4988 5331 4896
f 5010 4764 4524
f 4635 5002 2302
f 4649 4828 2302
f 4673 4981 8153
f 5831 4520 5290
f 4981 3655 4642
f 5298 5094 4702
f 5554 5509 5555
f 1184 5508 5548
f 5485 5508 1184
f 5485 1184 4241
f 2302 4905 5000
f 5556 999 3933
f 5556 2389 3590
f 2302 4989 4639
f 5000 4989 2302
f 4639 4638 2302
f 5009 4896 5331
f 5331 2302 5009
f 4821 4822 5331
f 5331 3392 5556
f 2364 3392 4963
f 4820 4317 5342
f 4023 5556 3933
f 4053 4800 4024
f 5556 3529 3151
f 3487 3504 3503
f 4002 5556 3487
f 3487 4003 4002
f 774 2996 775
f 936 775 2996
f 3640 3639 4657
f 4094 4200 5094
f 4657 3663 2996
f 1212 5157 4202
f 4673 1212 4202
f 2996 3939 3664
f 4657 2996 3664
f 3605 4657 3664
f 5162 5558 5559
f 5558 5560 5559
f 5561 5113 4993
f 4522 4523 5149
f 5113 4927 4993
f 3715 5563 5564
f 2711 5565 5566
f 4708 5567 5568
f 5204 5569 2800
f 4723 4482 4398
f 4150 4367 4369
f 4373 4150 4369
f 4722 4469 4482
f 5570 5571 5572
f 5571 5570 2818
f 5573 7184 5574
f 4133 4526 5016
f 5575 5576 5577
f 5578 5579 5580
f 5196 5582 5450
f 4931 5071 4847
f 5583 5584 5231
f 5549 5366 5190
f 5189 5549 5190
f 4236 5068 5585
f 5068 5449 5585
f 5586 5587 5578
f 5266 5076 4619
f 5076 5266 5078
f 4443 4332 6464
f 5814 4934 5588
f 5569 5158 5160
f 5204 5158 5569
f 5176 5589 5175
f 5036 5590 5366
f 4374 4132 4134
f 5591 5592 5593
f 3727 4289 4373
f 5272 5016 4526
f 5016 5272 4373
f 4682 4716 4717
f 4897 918 5028
f 5259 918 4897
f 8657 5594 5595
f 5203 4523 5343
f 3337 5046 4373
f 5199 4681 4682
f 5596 4463 4465
f 4954 5596 4465
f 4501 4102 4067
f 4367 4483 4368
f 5596 5069 4463
f 5597 5598 5599
f 5965 5598 5597
f 5037 4503 5601
f 4835 5037 5601
f 4316 4324 4322
f 4368 4483 4132
f 4586 5602 4584
f 4925 5603 4860
f 5366 5603 4925
f 3948 4373 4812
f 5038 5366 4503
f 5605 5606 5375
f 2852 4806 2853
f 4585 5607 5608
f 5607 4585 5608
f 4748 4499 3755
f 5197 4549 5227
f 4549 5197 5609
f 4423 4203 4143
f 4205 4203 4423
f 4500 3756 3755
f 4295 3756 4500
f 4204 3759 4404
f 4471 5017 4973
f 3858 4338 5209
f 5214 5227 2639
f 5214 4333 4748
f 4697 4706 4499
f 5212 4423 4143
f 5212 4422 4423
f 4198 5232 4548
f 5610 4295 5609
f 4378 5197 4379
f 5609 5197 4378
f 4379 5197 5227
f 2453 4696 4294
f 4694 4696 2453
f 3756 5610 3757
f 5610 3756 4295
f 5610 4378 4346
f 5609 4378 5610
f 5611 4282 3937
f 4283 4282 5611
f 4203 5608 4143
f 5607 5608 4203
f 4205 4422 4204
f 4339 3759 4204
f 3858 3759 4339
f 5023 4686 4417
f 4163 5209 4143
f 3858 5209 4163
f 4665 4402 2640
f 4665 5609 4402
f 4694 2453 2452
f 4748 5227 5214
f 3757 5610 4346
f 5609 4295 4198
f 5613 5614 5789
f 5614 5613 5615
f 5214 4403 5616
f 4849 5236 4815
f 5236 4849 5965
f 5598 4691 2808
f 5965 4691 5598
f 5214 2640 4403
f 4748 4346 4379
f 5042 5040 5047
f 4403 5617 5616
f 5609 4475 4848
f 4294 4163 4143
f 5211 5597 5599
f 5214 5235 4471
f 5366 4194 5408
f 4110 5912 4109
f 1183 461 5789
f 908 461 1183
f 5621 5200 4314
f 5622 5225 5210
f 5225 5622 5965
f 5240 5623 4389
f 5623 5240 5965
f 4388 5240 4389
f 5615 5580 5614
f 3998 4263 4293
f 5617 5193 5616
f 5609 5193 5617
f 3881 4918 4583
f 4475 4740 4848
f 5609 4548 3966
f 5216 5224 5217
f 5044 5215 5045
f 4294 4686 5022
f 4407 4740 4475
f 5609 4848 4815
f 5624 4662 4143
f 4662 5624 5625
f 4664 4662 5625
f 4425 5612 2599
f 5611 5200 5621
f 4687 5611 5621
f 3966 3965 4474
f 5215 5044 5067
f 5216 5215 5067
f 4226 3735 3737
f 5214 5626 4952
f 4415 4417 4687
f 4740 4350 5965
f 4416 5023 4417
f 4297 5965 4350
f 5627 5229 4810
f 5043 4294 5022
f 3937 4186 5989
f 5045 4294 5043
f 5044 5628 3937
f 5044 5043 5628
f 5629 5630 5631
f 5630 5164 5631
f 5067 5044 3937
f 5215 5217 5045
f 4415 5611 3937
f 4283 5611 4687
f 4703 5965 4297
f 4282 5632 3937
f 5611 4415 4687
f 5147 3304 3314
f 5612 5789 4228
f 4312 5200 5229
f 5063 4186 5633
f 5628 5043 5022
f 5213 5628 5022
f 5213 3937 5628
f 5233 5061 5625
f 5234 5624 4143
f 5233 5624 5234
f 4686 5611 4687
f 5611 4686 5200
f 4283 5621 4284
f 5627 5230 5229
f 5230 5634 5229
f 5230 5627 5634
f 5317 5635 5636
f 5203 5637 5149
f 5638 5639 5640
f 5639 5164 5640
f 4664 5047 4663
f 5641 4228 5200
f 5288 5107 5642
f 5643 5644 5645
f 5449 5068 5039
f 5369 5973 5646
f 2322 4993 4820
f 5262 5264 3511
f 5844 5648 5344
f 4916 5273 4770
f 5649 4915 5052
f 5650 5638 5640
f 4204 4404 5607
f 3735 5281 3736
f 5281 5164 3736
f 4923 5651 4824
f 4923 4924 5651
f 5607 4585 4584
f 4146 4349 4831
f 4349 5164 4831
f 5881 4782 5169
f 4618 3629 4619
f 4993 4200 4093
f 5327 4879 4532
f 4879 5327 5318
f 5033 5032 2374
f 5652 5653 5178
f 5327 4532 5654
f 4455 5281 3735
f 5608 5602 4143
f 5602 5608 4584
f 5847 4544 5275
f 5101 5266 4619
f 5394 5125 4975
f 5881 5328 5032
f 5630 4726 5164
f 4726 5630 4727
f 4726 4514 5164
f 4726 4728 4514
f 5650 5276 5638
f 5638 5276 5656
f 4781 5657 5314
f 5033 2374 2375
f 8025 4478 3758
f 4798 5286 7627
f 4819 4820 5342
f 4885 4819 5342
f 5161 5558 5162
f 4847 5059 4493
f 4618 4620 4766
f 4617 5118 4620
f 5371 2839 2837
f 5114 1337 1264
f 5844 5658 5648
f 5661 5662 4854
f 5661 5663 5662
f 5664 5650 5640
f 5164 5664 5640
f 5638 5656 5639
f 3881 4727 5629
f 4943 5201 5079
f 5485 5666 5667
f 4801 4478 5164
f 5394 4975 5668
f 4863 5262 3511
f 5669 5670 4275
f 5670 5669 5259
f 3796 4494 4880
f 5279 5201 3629
f 5279 5079 5201
f 5284 4830 4400
f 3511 4770 4975
f 4560 5288 5642
f 4558 5012 4559
f 4847 5071 5059
f 4711 4710 4803
f 3797 3796 4880
f 4492 4847 4493
f 5071 4711 4804
f 5844 4942 5285
f 5328 5881 5318
f 5297 4559 4770
f 5881 4492 3796
f 5203 5671 5290
f 4710 2949 4803
f 4880 4494 4532
f 5201 4944 3629
f 5201 4943 4944
f 5285 4942 5284
f 5881 3797 5318
f 4946 4927 4679
f 5279 4766 5079
f 5522 5647 4767
f 5364 5672 5324
f 5672 5364 5365
f 4931 4847 5881
f 5844 5088 5089
f 5673 5674 4919
f 5334 5674 5673
f 4493 4532 4494
f 3702 3701 5340
f 3701 4919 5340
f 4956 5118 5091
f 4956 5091 5078
f 4927 4948 4679
f 4927 5113 4948
f 5091 5077 5078
f 5350 4919 5261
f 5260 5350 5261
f 3065 5100 2222
f 5266 5265 5675
f 1626 4200 4993
f 5637 5676 5149
f 5677 5678 5322
f 5376 5679 5375
f 4885 5342 3359
f 4979 5350 5260
f 4830 5101 3629
f 4872 4874 5680
f 5088 4400 5289
f 4318 5134 4317
f 3212 3637 3392
f 4956 4758 5844
f 4671 5681 5682
f 4671 4670 5681
f 4576 4590 4577
f 5684 4951 4824
f 5684 5110 4951
f 5685 5686 5687
f 1544 5114 1769
f 5116 4949 5117
f 5335 4487 2200
f 3392 3579 3949
f 4770 3511 5688
f 2398 3579 3392
f 4949 4092 5095
f 4521 4520 5831
f 5130 5132 5689
f 4947 4926 4927
f 4946 4926 4947
f 5350 3359 4919
f 5881 4924 2402
f 4979 5260 4356
f 5690 5831 5689
f 2707 4650 5697
f 5691 5692 3700
f 5312 5693 5694
f 4891 5663 5698
f 4200 4575 4701
f 5559 5560 5291
f 5671 5559 5291
f 5699 6586 5700
f 5678 5696 5691
f 5701 5131 5130
f 2368 4979 4356
f 4864 2377 3392
f 4062 4061 3392
f 3615 3392 2377
f 3212 3392 4061
f 4946 4679 4919
f 4965 4964 3392
f 3554 3630 2996
f 5298 4702 5075
f 4577 5075 4701
f 4062 3392 4964
f 4820 4993 4317
f 3487 3686 4003
f 5362 5702 5161
f 4156 5703 5545
f 5135 4926 3359
f 4926 5135 4318
f 4318 4993 4926
f 4486 5704 5561
f 5112 5704 4679
f 5561 5704 5112
f 5449 4237 5585
f 4237 4236 5585
f 5561 5112 5113
f 5015 5241 5361
f 5704 5705 4679
f 5704 4486 5705
f 5264 5348 3065
f 5260 4960 4356
f 5361 5360 5320
f 5015 4900 5241
f 4900 4919 5241
f 4356 5015 5361
f 5320 5360 5321
f 5360 4919 5321
f 5262 5363 5263
f 5363 4356 5263
f 5321 5677 5322
f 5677 5321 4919
f 5320 5322 4356
f 5361 5320 4356
f 5348 5100 3065
f 5348 4356 5100
f 5162 5559 5671
f 5322 5678 4356
f 4559 5012 4770
f 5100 4356 5365
f 4863 4862 5363
f 4862 4356 5363
f 2222 5100 5092
f 5100 5365 5092
f 5092 5365 4148
f 4147 5092 4148
f 5672 5362 5324
f 5365 5362 5672
f 4950 5033 2375
f 4149 5364 5324
f 4558 5642 5013
f 4241 5548 4242
f 5365 4356 5362
f 5125 5394 5642
f 5706 5287 4770
f 5668 4975 4770
f 4292 3475 5086
f 5666 5245 5707
f 5394 5668 5013
f 5374 5034 5505
f 3475 4884 5404
f 5703 5581 5708
f 4884 3475 4883
f 5034 5429 5505
f 5012 5013 5668
f 5642 5394 5013
f 4770 5012 5668
f 2704 4975 5125
f 5642 5847 5431
f 5847 5642 5107
f 5706 5107 5287
f 5706 4544 5107
f 5297 5288 4560
f 5287 5297 4770
f 4770 5688 4933
f 5581 5553 5708
f 5505 5429 5423
f 5475 5462 4883
f 5427 5428 5709
f 5708 5553 5485
f 5554 4240 5509
f 5512 5501 4883
f 4420 5553 4156
f 5710 5565 5547
f 5501 5254 4883
f 5093 5505 5507
f 5711 5710 5713
f 5710 5711 5565
f 5712 5543 5457
f 5703 5708 5544
f 5714 5551 5552
f 5541 5485 5715
f 5331 4982 4041
f 5935 5562 5508
f 5716 4370 5117
f 5717 5457 5456
f 4156 5553 5581
f 5718 5709 4720
f 5714 5552 5719
f 5713 5714 5719
f 4767 5141 5713
f 5141 5512 4524
f 5009 2302 4638
f 5487 2396 2711
f 5713 5256 5714
f 5256 5551 5714
f 5486 5488 5163
f 5713 5486 5163
f 4041 4846 5331
f 5163 5488 5073
f 5072 5074 5256
f 5713 5072 5256
f 5256 5074 5551
f 5551 5074 2711
f 5565 5711 5566
f 5711 5719 5566
f 5719 5711 5713
f 5720 5721 5722
f 5522 5720 5722
f 2711 2396 6200
f 5552 2711 5566
f 5719 5552 5566
f 2711 5547 5565
f 4637 5331 4846
f 5116 5726 4949
f 5331 5556 2302
f 5341 5727 5701
f 5541 5715 5542
f 5244 5728 5562
f 4156 5545 5435
f 4156 5581 5703
f 5545 5703 5544
f 5708 5485 5544
f 5542 5555 5562
f 5717 5712 5457
f 5712 5717 5485
f 5715 5555 5542
f 5485 4241 4240
f 5582 4893 721
f 5543 5542 5562
f 5485 4240 5554
f 5485 5554 5715
f 5457 5543 5562
f 5715 5554 5555
f 5712 5541 5543
f 5541 5712 5485
f 4745 4744 5729
f 4242 5548 5562
f 4744 5717 5456
f 5726 5730 5323
f 5485 5717 4744
f 4744 5456 5729
f 5548 5508 5562
f 5509 4242 5562
f 5555 5509 5562
f 4988 4049 5331
f 1491 5737 1296
f 5331 4049 4048
f 4048 4982 5331
f 3487 3574 3064
f 4637 3083 5331
f 3487 3503 3183
f 3487 3183 3686
f 5726 5731 5730
f 4949 5095 4590
f 5726 5323 4949
f 3602 3487 3064
f 4093 4092 5323
f 5730 4093 5323
f 4092 4094 5095
f 3487 3569 3504
f 3489 2996 3551
f 4200 4702 5094
f 5075 4577 4590
f 5115 5731 5116
f 4094 4093 4200
f 4590 5095 5298
f 4993 5730 5731
f 5094 5298 5095
f 5115 4993 5731
f 5116 5731 5726
f 5730 4993 4093
f 3558 3669 2996
f 4993 4486 5561
f 4627 5879 4919
f 5205 5017 4471
f 5609 5017 5205
f 6027 5732 5879
f 5733 5734 5735
f 5734 5733 5736
f 5537 5738 926
f 3633 8153 5416
f 5069 5366 4463
f 5737 3633 5416
f 5557 3633 5737
f 6082 5970 5740
f 5741 5742 5743
f 6707 5742 5741
f 5160 5159 4833
f 5159 4253 4833
f 5744 5745 6421
f 5746 4165 5747
f 5748 5749 5750
f 5171 5172 5352
f 6136 4117 6948
f 5654 4532 4824
f 5158 5204 4252
f 5238 5753 5983
f 905 5753 5238
f 5754 5755 4186
f 5603 5271 4658
f 5657 4824 5314
f 4788 5330 4789
f 1627 3890 4667
f 4132 4483 4133
f 5468 5188 5190
f 5758 5759 5760
f 6753 5761 5762
f 5037 5038 4503
f 5200 5612 4425
f 5948 5763 5446
f 4916 5764 5274
f 4373 5204 2800
f 2802 2800 4443
f 4467 4860 4658
f 5271 5603 5366
f 6464 4332 5039
f 5765 5176 5766
f 5196 4501 5582
f 5767 5346 4854
f 5346 5767 5347
f 4812 4373 4914
f 5366 4231 4230
f 4468 4470 4443
f 4483 4250 4501
f 4503 4504 5601
f 5769 5596 4954
f 5596 5769 5069
f 4323 4091 4468
f 4835 4230 4332
f 4860 5603 4658
f 5270 4658 5271
f 4067 5590 4068
f 5188 4467 5189
f 4834 4752 5038
f 5329 5188 5468
f 5814 5897 5892
f 4482 4373 4398
f 4483 4467 4133
f 4667 4501 5371
f 5270 4526 4467
f 5445 4235 4237
f 5449 5445 4237
f 4504 4230 5448
f 4230 4835 5448
f 5271 5366 4373
f 5270 5272 4526
f 5371 4501 2839
f 4658 5270 4467
f 5770 5771 5299
f 5189 5550 5549
f 5625 5061 4664
f 5772 5773 3815
f 5773 5772 5819
f 5774 5570 4112
f 2818 5570 5774
f 5775 5776 6586
f 4404 3759 4995
f 5329 4467 5188
f 5607 4404 4585
f 5585 5769 4954
f 5769 5585 5068
f 4195 4659 5195
f 5777 5942 4541
f 4119 3853 4333
f 5602 5234 4143
f 4586 5234 5602
f 4664 5061 5047
f 5778 4319 4321
f 6862 5779 5780
f 4955 5330 5123
f 5330 4955 4789
f 5632 4282 4284
f 5214 7148 4333
f 5018 5781 5226
f 5609 5781 5018
f 5063 5633 5782
f 4402 5617 4403
f 5617 4402 5609
f 5586 5578 5948
f 5609 2809 4111
f 5609 5211 5599
f 3890 3889 4501
f 4708 5355 5357
f 5214 4535 5156
f 4973 5018 5226
f 5200 4228 5789
f 5233 4404 5061
f 5609 4389 4460
f 5616 5193 5235
f 5214 5616 5235
f 3715 5268 4872
f 4585 4404 5233
f 5625 5624 5233
f 5233 5624 5061
f 5624 5233 5061
f 5599 5598 2808
f 5785 5786 5586
f 4294 4143 5612
f 2809 4692 2852
f 5193 5205 5235
f 5205 5193 5609
f 5214 5226 5626
f 5787 5669 4275
f 5788 5612 4228
f 5641 5788 4228
f 5768 5586 5948
f 4708 5790 5791
f 5634 4312 5229
f 5792 5615 5613
f 4111 2809 2852
f 5607 4584 5608
f 4573 3738 4952
f 3738 4573 5609
f 5626 4573 4952
f 5226 5781 5626
f 4806 5793 2853
f 5819 5793 4806
f 5042 5047 5948
f 2853 5793 5794
f 4276 5783 5778
f 6074 4321 909
f 5641 4431 4432
f 5781 4573 5626
f 5609 4573 5781
f 4995 5948 4404
f 5225 5597 5211
f 5597 5225 5965
f 4460 5622 5210
f 5609 4460 5210
f 5795 5789 370
f 2808 4691 2809
f 5796 5797 5785
f 5754 5798 5799
f 4389 5623 4460
f 5623 5622 4460
f 5623 5965 5622
f 4284 5621 4314
f 5572 5571 5801
f 4314 5200 4312
f 5792 5802 5948
f 5632 4284 4314
f 5584 5633 4810
f 5584 5583 5633
f 5538 5819 5965
f 5656 5631 5639
f 5631 5164 5639
f 4692 5965 5819
f 5632 4313 3937
f 5609 5599 2808
f 4283 4687 5621
f 5200 4431 5641
f 4432 5612 5788
f 5200 2599 4431
f 2599 5612 4432
f 4313 5634 5627
f 4312 5634 4313
f 3937 4313 5627
f 5231 5200 5583
f 5641 4432 5788
f 4809 5618 5252
f 4313 5632 4314
f 5844 5285 5088
f 5252 4297 5228
f 4506 5806 5795
f 5229 5200 5231
f 4809 5252 5253
f 5633 5583 5782
f 5063 5782 5064
f 5782 5200 5064
f 6697 5252 5228
f 5580 5615 5948
f 5583 5200 5782
f 5807 5808 5978
f 5809 5808 5807
f 5973 2536 5739
f 4186 5627 4810
f 5810 3974 3976
f 3937 5627 4186
f 4112 5570 5572
f 5230 5584 4810
f 5231 5584 5230
f 4835 5601 5448
f 5601 4504 5448
f 5799 5811 5812
f 5182 5282 5813
f 5633 4186 4810
f 1474 6044 5317
f 5540 5503 5502
f 6250 5540 5502
f 4868 5351 5242
f 4731 5815 5809
f 5590 5036 4068
f 5812 5815 4733
f 4703 4297 5252
f 5618 4703 5252
f 5816 5817 5818
f 5820 5821 1753
f 1727 5821 5820
f 5816 5822 5817
f 5822 5655 5817
f 4731 5809 5807
f 4733 5823 5812
f 5844 5824 5825
f 5346 5826 4854
f 5826 5346 5347
f 5168 5167 6044
f 5242 4513 4515
f 3747 6109 4825
f 5827 4111 3815
f 5828 5831 5829
f 5830 5828 5829
f 4535 4534 5156
f 3881 4728 4727
f 5824 5832 5833
f 5228 3881 5098
f 5276 5178 5834
f 4915 5649 5764
f 5276 3881 5656
f 5656 3881 5629
f 5881 5170 5835
f 5835 5170 5836
f 5790 5736 6059
f 5837 5838 5839
f 4757 4829 4830
f 4757 4759 4829
f 5282 5840 5771
f 5167 5841 5842
f 5242 5351 4513
f 5351 5164 4513
f 4727 5630 5629
f 3881 4515 4728
f 5545 5544 5294
f 4708 5791 5843
f 5313 4824 5845
f 5132 5846 5689
f 5846 5132 5879
f 5656 5629 5631
f 3881 4868 5242
f 4708 5343 5830
f 4400 4830 5289
f 5664 5164 5653
f 5652 5664 5653
f 6012 1476 5759
f 5089 5848 5832
f 3629 4825 8827
f 5657 4781 2402
f 5849 5695 2200
f 5825 5851 5658
f 5345 5289 5826
f 5852 4934 5853
f 5706 4770 5296
f 5881 5033 4950
f 5822 5854 5655
f 5854 5822 5855
f 5683 5856 3350
f 5857 5858 5219
f 5098 3881 5276
f 4487 5335 4680
f 5832 5844 5089
f 5170 5845 5836
f 5764 5847 5274
f 4956 4824 4532
f 5784 4708 5568
f 5859 5784 5568
f 5814 5588 5299
f 5675 4829 4759
f 5055 5860 5056
f 5860 5055 5057
f 4942 4941 5284
f 4941 4830 5284
f 4758 4942 5844
f 5881 5339 4924
f 5861 5662 5663
f 5328 5327 5654
f 5164 4478 8025
f 4829 5265 4830
f 4829 5675 5265
f 5657 4923 4824
f 4923 5657 2402
f 5862 7230 5863
f 4941 4757 4830
f 4757 4941 4758
f 5844 4891 4956
f 4951 2375 4824
f 4770 4130 5660
f 4544 5296 5275
f 5649 5847 5764
f 5076 5101 4830
f 5266 5101 5076
f 5864 5865 5866
f 4956 5266 5675
f 5649 5052 5813
f 4956 5675 4759
f 5339 5684 5651
f 5684 4824 5651
f 4627 5867 5868
f 5867 5869 5868
f 5869 4627 5868
f 5848 5087 5289
f 5848 5089 5087
f 4956 4759 4758
f 5345 5344 5870
f 5344 5648 5870
f 5871 5851 5345
f 5871 5658 5851
f 5362 5672 5702
f 5672 5560 5702
f 5560 5672 5362
f 5844 5832 5824
f 4850 4852 5872
f 2374 5654 4824
f 5671 5291 5290
f 5291 5560 5290
f 5814 5660 5850
f 2398 3392 2346
f 5110 5684 5339
f 5032 5328 5654
f 5032 5654 2374
f 5695 5869 2200
f 4679 5705 4680
f 5705 4487 4680
f 5692 4919 3701
f 3700 5692 3701
f 5340 4919 5727
f 5341 5340 5727
f 1769 1484 1486
f 4924 5339 5651
f 5110 4950 4951
f 5873 5874 5879
f 4280 4970 5876
f 4970 6027 5876
f 5682 5877 5878
f 5877 4672 5878
f 4789 4954 4955
f 4464 4789 4955
f 5701 5831 5341
f 5115 5117 4370
f 5844 5825 5658
f 5880 5836 4824
f 5836 5880 5835
f 5362 5161 5203
f 4915 5764 4916
f 5882 5099 4156
f 5295 5099 5882
f 5867 5883 5869
f 4627 5883 5867
f 7871 5885 5886
f 5887 5888 5978
f 5887 1456 5888
f 4949 2707 5697
f 4872 5680 3715
f 5889 5890 5891
f 5334 5673 5335
f 4509 5416 5499
f 5835 5880 5683
f 4751 6027 5184
f 5893 4751 5184
f 5362 4356 5560
f 5881 3350 4650
f 1987 5737 1491
f 5678 5677 5696
f 5677 4919 5696
f 5690 5732 5206
f 5727 5879 5131
f 5701 5727 5131
f 5674 5883 4919
f 5334 5883 5674
f 3392 3950 4622
f 5894 5895 5563
f 4965 3392 4877
f 3615 3487 3392
f 3476 4877 3392
f 3949 3950 3392
f 4622 3476 3392
f 5697 4913 4949
f 4993 5115 4370
f 5869 5883 2200
f 4680 5673 4919
f 5673 4680 5335
f 5705 4486 4487
f 3629 8827 4854
f 5892 5897 4708
f 4670 4672 5312
f 5162 5671 5203
f 5898 5899 5873
f 5849 5899 5898
f 5847 5282 5431
f 4486 4993 2200
f 4919 5883 4627
f 5678 5691 5831
f 5869 5868 5873
f 5869 5695 5868
f 5868 5898 5873
f 5898 5868 5695
f 7627 5286 5374
f 4156 5435 5434
f 5849 5898 5695
f 5879 4627 5873
f 5899 5900 5873
f 5899 5255 5900
f 5255 5899 5849
f 5727 4919 5879
f 4356 5678 5831
f 5846 5690 5689
f 5691 5696 5692
f 5696 4919 5692
f 5290 5292 5637
f 5292 4520 5676
f 5637 5292 5676
f 5702 5560 5558
f 5161 5702 5558
f 5676 4522 5149
f 4522 5676 4520
f 4130 4770 4933
f 5051 5182 5813
f 3511 5362 5203
f 4933 5688 4131
f 5688 5203 4131
f 4916 5274 5273
f 5901 5902 5181
f 5901 5840 5902
f 3511 5203 5688
f 7627 8025 4798
f 5181 5051 4770
f 4915 4770 5052
f 4544 5706 5296
f 5282 5649 5813
f 5847 5649 5282
f 5274 5847 5275
f 2800 2801 4142
f 2801 5160 4142
f 5902 5282 5182
f 5273 5275 5296
f 5181 5902 5182
f 5901 5181 4770
f 5824 5833 5665
f 5833 5289 5665
f 5431 5282 5935
f 5051 5813 5052
f 5840 5282 5902
f 4745 5729 5728
f 6044 5852 5903
f 4130 5203 5660
f 5713 5426 5522
f 8153 4156 1989
f 5358 5247 4760
f 5203 5290 5637
f 5435 5545 5294
f 5427 5709 5718
f 5522 5427 5718
f 5512 4883 4524
f 6989 5647 5522
f 5443 4481 5444
f 5426 5547 5428
f 5485 5243 5666
f 5904 4745 5728
f 5707 5245 4394
f 5666 5243 5245
f 5905 4301 5906
f 5723 4721 5907
f 5147 5884 5810
f 4761 3299 3301
f 5689 5831 5130
f 5831 5290 5560
f 5667 5666 5707
f 5721 5907 6200
f 3392 5331 3969
f 4929 5707 4394
f 3301 5562 5935
f 5522 5722 5301
f 5722 5908 5301
f 5713 5522 4767
f 6989 5505 5093
f 5710 5547 5426
f 5713 5710 5426
f 4719 4721 5723
f 5522 4719 5723
f 5522 5718 4719
f 5718 4720 4719
f 5720 5907 5721
f 5301 5908 5302
f 4720 6200 4721
f 5428 2711 6200
f 5709 5428 6200
f 5709 6200 4720
f 5302 5908 4481
f 5907 4721 6200
f 5010 4524 4883
f 5722 5721 5908
f 5522 5723 5720
f 5723 5907 5720
f 5908 6200 4481
f 5721 6200 5908
f 5831 5701 5130
f 3700 5831 5691
f 4236 4235 5366
f 5909 5910 5911
f 5341 5831 3702
f 5831 3700 3702
f 5544 5485 5294
f 5117 4949 3715
f 4356 5831 5560
f 5434 5435 5293
f 6479 5294 5485
f 5485 4745 5904
f 5293 5435 5294
f 5434 5882 4156
f 5882 5434 5293
f 5295 5882 5293
f 5099 5295 5294
f 5378 5099 5294
f 3974 5884 3975
f 5378 5294 6479
f 5243 5904 5244
f 5904 5728 5244
f 5485 5884 5147
f 5485 5904 5243
f 5667 5707 4929
f 5884 3974 5810
f 5884 5667 4929
f 5485 5667 5884
f 5245 5562 4394
f 5884 4929 3975
f 5810 3976 3305
f 3304 5810 3305
f 2347 3392 4972
f 5147 5810 3304
f 5729 5456 5562
f 5913 5914 5915
f 5914 5913 6707
f 5562 3301 4394
f 5728 5729 5562
f 5245 5244 5562
f 3976 3975 4394
f 5331 4079 4821
f 4078 5331 3083
f 3487 5556 3392
f 5331 4822 3969
f 3969 4972 3392
f 5557 8146 6200
f 3715 4949 4913
f 5564 5716 3715
f 5916 4873 5268
f 2179 1804 2211
f 5894 4874 4993
f 5894 4993 5895
f 5114 4993 4874
f 5916 5114 4873
f 5716 5917 4370
f 5716 5117 3715
f 5680 4874 5894
f 5917 4993 4370
f 6137 3715 4913
f 4873 5114 4874
f 4873 4872 5268
f 5918 5114 5916
f 5918 5916 4787
f 4993 5917 5895
f 5564 5895 5917
f 5564 5917 5716
f 5895 5564 5563
f 5680 5894 5563
f 3715 5680 5563
f 5114 2200 4993
f 4787 5916 5268
f 5406 5407 4479
f 2200 5255 5849
f 5873 4627 5869
f 5883 5334 2200
f 4509 5500 1296
f 5522 5303 6250
f 5920 5921 5922
f 5865 5920 5922
f 5803 4445 4444
f 5923 4201 4892
f 5923 5408 4201
f 5416 1490 5499
f 1490 5500 5499
f 2801 5569 5160
f 5569 2801 2800
f 5924 5925 5926
f 4954 4789 4792
f 5927 6557 5928
f 5929 5930 5931
f 5587 5786 5789
f 5586 5786 5587
f 5933 5934 5504
f 4752 4833 4332
f 4833 4835 4332
f 5769 5068 5069
f 5504 5936 5937
f 5938 1177 5939
f 1177 5938 5942
f 4229 5445 5449
f 4231 5445 4229
f 1987 5557 5737
f 5160 4752 4142
f 5310 6504 5940
f 5970 5724 5941
f 5550 4467 5035
f 5823 4732 5978
f 5823 4733 4732
f 4733 5815 4731
f 5915 5942 5943
f 5646 5982 5944
f 5945 5946 5947
f 4236 5366 5068
f 5276 5650 5652
f 3853 4119 4232
f 5537 5536 5738
f 5536 5655 5738
f 4501 4234 3164
f 5590 4101 5366
f 4067 4101 5590
f 5039 5068 4792
f 5873 5900 5874
f 5900 1466 5874
f 5366 5223 5468
f 5223 5329 5468
f 5550 5035 5187
f 3890 4501 4667
f 4464 4463 5366
f 3164 4234 3165
f 5058 4342 5309
f 4275 5670 4276
f 4467 4483 4501
f 4467 5550 5189
f 4752 4373 5366
f 5038 4752 5366
f 3165 5366 2838
f 5123 5309 5454
f 5309 4342 5454
f 2839 3164 2838
f 4995 7820 5948
f 4859 4467 5329
f 4504 5366 4230
f 5448 4229 5449
f 5448 4230 4229
f 5951 4542 5942
f 5366 4103 1628
f 4103 3889 1628
f 3350 5921 5920
f 5761 5952 5762
f 5749 5482 5484
f 908 1183 474
f 5953 5003 5752
f 5068 5585 4792
f 5585 4954 4792
f 5571 5955 5801
f 2818 5955 5571
f 1121 4897 1105
f 4897 1121 5259
f 5956 5753 905
f 4534 5609 5259
f 6074 5778 4321
f 4232 4995 4263
f 5214 5156 5787
f 5258 5669 5787
f 5669 5258 5259
f 4498 5772 3815
f 5768 1182 5796
f 5768 474 1182
f 5783 4319 5778
f 4319 5783 5259
f 5447 5446 5957
f 5670 5783 4276
f 5259 5783 5670
f 5786 5797 5789
f 5797 5786 5785
f 5800 1076 5218
f 5801 5955 5958
f 6074 472 5939
f 5214 4952 4535
f 5047 4404 5948
f 5959 5741 5960
f 2818 5741 5959
f 5156 5258 5787
f 5815 5789 5809
f 5276 5834 5855
f 5579 5587 5789
f 5578 5587 5579
f 5834 5178 5961
f 5615 5792 5948
f 5064 5200 5811
f 4186 5755 5823
f 5948 5802 5042
f 5962 5963 5789
f 5962 5763 5963
f 5572 4111 4112
f 5614 5579 5789
f 5579 5614 5580
f 4321 4320 909
f 6074 4276 5778
f 5966 5774 4392
f 2818 5774 5966
f 4320 1121 909
f 1121 4320 5259
f 4263 3998 4232
f 4732 5807 5978
f 4731 5807 4732
f 5773 5966 5827
f 5966 5773 5819
f 3815 5773 5827
f 5768 5948 474
f 6074 5214 5787
f 5792 5968 5802
f 6074 5787 4275
f 5969 5970 5971
f 5968 5613 5789
f 5792 5613 5968
f 5041 5968 5789
f 5968 5041 5802
f 5802 5041 5042
f 4143 5041 5789
f 5797 1182 5789
f 5797 5796 1182
f 5028 918 471
f 5098 5972 5535
f 5942 5609 4111
f 5578 5580 5948
f 5978 4186 5823
f 4392 5774 4112
f 5793 5805 5794
f 5819 5805 5793
f 5755 5754 5799
f 3815 4111 4498
f 4506 5808 5806
f 4506 5978 5808
f 4498 4111 5794
f 5062 5754 4186
f 5817 5655 5974
f 5818 5817 5974
f 5819 2818 5966
f 5827 5966 4392
f 5805 5772 4498
f 5805 5819 5772
f 5806 5789 5795
f 5975 4506 5795
f 4111 2853 5794
f 5808 5809 5806
f 5538 5965 5973
f 4143 5789 5612
f 5956 424 423
f 5794 5805 4498
f 1768 1486 3715
f 5811 5823 5812
f 5823 5811 5789
f 5062 5064 5798
f 5823 5815 5812
f 5823 5789 5815
f 5798 5811 5799
f 5064 5811 5798
f 5888 1456 904
f 5811 5200 5789
f 5768 5796 5785
f 5768 5785 5586
f 5754 5062 5798
f 5823 5755 5812
f 5755 5799 5812
f 5965 4809 2536
f 6217 1475 5979
f 4703 4809 5965
f 4703 5618 4809
f 5809 5789 5806
f 5753 5981 5983
f 5956 5981 5753
f 2536 4809 5253
f 5801 4111 5572
f 2536 5973 5965
f 2536 5253 5252
f 4186 5978 5989
f 2536 5252 5739
f 6082 5538 5982
f 5854 5961 5655
f 5854 5834 5961
f 5276 5816 5818
f 5827 4392 4111
f 5538 6082 5819
f 4392 4112 4111
f 5984 5985 6578
f 5986 5987 5988
f 5854 5855 5834
f 5771 5770 5282
f 5970 4511 5740
f 5650 5664 5652
f 5990 5276 5991
f 5239 3998 5989
f 5993 5994 5879
f 5994 5993 2204
f 1752 5995 1753
f 1752 2193 5995
f 5178 5653 5961
f 5653 5164 5961
f 5844 5347 5861
f 5997 5998 5054
f 5999 5998 5997
f 5646 5944 5369
f 6000 5644 6136
f 5851 5665 5345
f 5851 5825 5665
f 6001 5694 5693
f 5276 5855 5816
f 5881 5683 3350
f 5663 5661 5698
f 3747 3998 5239
f 5961 5164 5655
f 5855 5822 5816
f 5276 5818 5991
f 5767 5861 5347
f 6002 6003 5027
f 6002 5594 6003
f 5398 5923 4892
f 5276 5652 5178
f 6004 4937 5980
f 4937 6004 6005
f 5759 6000 6136
f 6006 6007 6008
f 6007 6208 6008
f 5277 6009 5278
f 5818 5974 5991
f 5991 5974 6010
f 5974 5655 6010
f 5990 5991 6010
f 5655 6011 6010
f 6011 5990 6010
f 5098 5537 926
f 5844 5344 5347
f 5665 5289 5345
f 4708 5830 5355
f 5594 6017 6003
f 4934 5814 5853
f 6018 681 5003
f 4445 6019 6020
f 5836 5845 4824
f 4830 3629 4854
f 5300 5901 5814
f 5166 5168 6021
f 4708 6022 4850
f 4891 4445 6020
f 6109 8827 4825
f 6025 5896 5655
f 6025 5972 5896
f 5169 5313 5845
f 5289 4854 5826
f 5276 5278 5098
f 5864 5029 3350
f 6026 5856 5683
f 5588 5770 5299
f 4782 4781 5314
f 3715 4479 4786
f 5648 5871 5870
f 5871 5345 5870
f 3350 4779 5921
f 6026 5880 4824
f 6026 5683 5880
f 4232 4372 3853
f 5831 5893 5183
f 5343 5828 5830
f 5681 4199 5682
f 4199 5681 5333
f 4830 4854 5289
f 6028 6029 6030
f 4199 4854 5682
f 4891 6020 5332
f 6031 6026 4824
f 6031 5856 6026
f 5347 5345 5826
f 5832 5848 5833
f 5848 5289 5833
f 5881 5835 5683
f 5662 5767 4854
f 5767 5662 5861
f 5663 5844 5861
f 5588 5173 5770
f 5540 3780 5503
f 5841 5166 5814
f 6033 5030 6034
f 5814 5325 5897
f 5658 5871 5648
f 6035 3787 3788
f 3350 5856 4780
f 5170 5169 5845
f 4891 5698 4444
f 5825 5824 5665
f 4056 6036 5376
f 6037 4824 5865
f 5123 601 4510
f 5900 5255 1466
f 1485 4479 3715
f 4852 6059 5736
f 6059 4852 5831
f 6032 6038 6017
f 4780 6031 6037
f 6031 4824 6037
f 5407 4786 4479
f 6039 5775 6586
f 8657 6017 5594
f 5856 6031 4780
f 5169 4782 5313
f 1476 1475 5760
f 4779 4780 6037
f 4779 6040 5921
f 6041 6042 6043
f 5690 5206 5831
f 5312 5877 5693
f 4782 5314 5313
f 8025 5655 5164
f 5183 5185 3788
f 5842 6045 5635
f 5098 5535 5537
f 5995 5820 1753
f 5820 5995 2193
f 1485 5406 4479
f 1466 1465 5874
f 5030 6047 6034
f 6047 5027 6034
f 4054 6048 4055
f 6048 6208 4055
f 5879 5103 2206
f 2193 1752 5996
f 6049 6050 8695
f 6050 6049 6051
f 6052 6102 5843
f 6027 5775 5949
f 5994 5103 5879
f 5103 5994 2204
f 6053 3350 6054
f 8766 4650 3350
f 5918 4787 4786
f 6056 7871 6057
f 3884 7470 6058
f 6033 6034 6055
f 6034 5027 6055
f 1726 5821 1727
f 4938 5655 5980
f 3788 5831 5183
f 6025 5535 5972
f 1474 5317 5979
f 5114 5918 5407
f 5918 4786 5407
f 6136 5644 5643
f 5842 5841 6045
f 5278 6009 5896
f 6009 5655 5896
f 6011 5655 6009
f 5277 6011 6009
f 5452 5381 5453
f 5893 5184 5183
f 5821 5111 1753
f 5821 1726 5111
f 5255 2200 5996
f 1727 5820 2193
f 5356 5831 6063
f 5357 5356 6063
f 5690 5846 5732
f 5846 5879 5732
f 1768 1769 1486
f 5874 5993 5879
f 5993 5874 1465
f 5103 2204 5996
f 1485 1484 5406
f 4708 5357 6022
f 2204 5993 1465
f 2206 5102 5995
f 5102 1752 5995
f 1752 2206 5995
f 5114 5996 2200
f 5879 2206 6027
f 5203 5343 4708
f 4279 4751 5893
f 5734 6028 5735
f 5207 6027 4970
f 4969 5207 4970
f 5830 5829 5355
f 5343 4521 5828
f 4521 5831 5828
f 1490 1296 5500
f 4280 5876 4279
f 5876 6027 4751
f 4279 5876 4751
f 5206 5732 5207
f 5732 6027 5207
f 5359 5382 5381
f 4666 4667 5371
f 1627 1628 3890
f 5357 6063 6022
f 5872 5733 5735
f 5185 6035 3788
f 6035 5185 6027
f 5893 5831 4279
f 5355 5829 5356
f 5829 5831 5356
f 5300 5299 5771
f 5814 6217 5636
f 6063 5831 4851
f 6022 6063 4851
f 6022 4851 4850
f 5872 4852 5733
f 4852 5736 5733
f 5325 5814 5850
f 5325 5850 5326
f 5850 4708 5326
f 4708 5660 5203
f 5840 5300 5771
f 5660 4708 5850
f 5841 5167 5166
f 5864 6064 5029
f 3350 6033 6054
f 4770 5660 5814
f 5852 5853 5903
f 5840 5901 5300
f 4934 5173 5588
f 5173 5852 6044
f 5770 6044 5282
f 5814 5901 4770
f 4708 5897 5326
f 5842 6044 5167
f 4934 5852 5173
f 5173 6044 5770
f 5282 6044 5935
f 5853 6021 5903
f 5168 6044 5903
f 5168 5903 6021
f 5166 6021 5814
f 6021 5853 5814
f 6065 6066 6067
f 6066 5027 6067
f 5981 925 5983
f 423 925 5981
f 2180 6479 1988
f 1989 1804 2179
f 4708 4850 5872
f 4708 5872 5735
f 5420 4481 4480
f 5415 4394 3301
f 5147 5108 6479
f 5458 5420 4480
f 5973 5739 5252
f 6190 8153 1989
f 5455 601 4799
f 5953 6018 5003
f 3314 3304 3306
f 5147 3315 5122
f 5485 5147 6479
f 5447 540 479
f 540 5957 5789
f 5447 5957 540
f 919 5938 472
f 5259 5938 919
f 5145 925 425
f 5145 5983 925
f 1463 5421 1464
f 6069 6070 6071
f 6072 6073 3320
f 1177 5421 1463
f 5942 5421 1177
f 7148 4250 4333
f 5421 4693 1464
f 4693 5421 5942
f 5259 5609 5942
f 4693 5967 1144
f 5942 5967 4693
f 1464 4693 1144
f 5938 5259 5942
f 6074 5939 1463
f 472 5938 5939
f 5939 1177 1463
f 6076 5422 6077
f 462 480 5789
f 481 480 462
f 5957 5962 5789
f 5962 5957 5446
f 5763 5962 5446
f 5951 5800 5804
f 6078 6079 6080
f 481 462 463
f 481 463 5948
f 5447 479 5948
f 1456 5789 904
f 2818 5819 5912
f 6083 6084 6085
f 5800 5942 1076
f 6075 1078 1077
f 2818 1078 6075
f 5958 6075 1077
f 1456 5887 370
f 1077 1076 5942
f 3320 2545 6086
f 5538 5944 5982
f 5098 5401 5403
f 5955 6075 5958
f 6075 5955 2818
f 4157 6087 6088
f 5804 5218 2818
f 5800 5218 5804
f 5958 4111 5801
f 5369 5538 5973
f 4506 5975 5978
f 5989 5978 5983
f 5978 5888 5238
f 5738 5655 4938
f 926 5738 4938
f 5948 479 481
f 5218 1078 2818
f 1076 1078 5218
f 5973 5969 5982
f 5969 5971 5982
f 905 424 5956
f 6697 5973 5252
f 5975 5887 5978
f 5975 370 5887
f 5238 5888 904
f 5978 5238 5983
f 5228 5098 6842
f 4542 5951 6089
f 370 5789 1456
f 424 5789 5031
f 5777 4541 5751
f 5972 5278 5896
f 6082 5971 5970
f 8657 6090 6032
f 6089 5804 2818
f 5951 5804 6089
f 6091 6092 6093
f 370 5975 5795
f 6082 5982 5971
f 5951 5942 5800
f 5973 5970 5969
f 5942 4111 5958
f 5956 423 5981
f 5276 5990 5277
f 5751 4543 2818
f 5751 4541 4543
f 5145 6094 5983
f 5145 6095 6094
f 5944 5538 5369
f 4543 6089 2818
f 4542 6089 4543
f 4938 4939 926
f 5970 5973 6697
f 5973 5982 5646
f 4541 5942 4542
f 1077 5942 5958
f 6096 5964 6097
f 4110 6098 6099
f 6086 2544 5948
f 6082 5912 5819
f 5912 6082 4109
f 4511 6014 6081
f 6012 5759 6136
f 6102 5779 6103
f 7627 5374 5505
f 5990 6011 5277
f 5752 5756 6103
f 5098 926 4939
f 6104 6105 6106
f 6105 6107 6106
f 5381 3301 5453
f 5979 5636 6217
f 5682 4854 6108
f 6069 5942 5777
f 6110 6111 8689
f 6111 6110 6112
f 5536 6025 5655
f 6025 5536 5535
f 4939 4937 6005
f 6803 6113 6114
f 6217 5814 5756
f 5308 4788 5058
f 6115 6116 6208
f 6116 6115 6117
f 6012 6136 6118
f 4735 6119 6120
f 3747 5239 6109
f 6121 5367 6122
f 6123 6121 6122
f 4891 5333 4670
f 5803 6124 4854
f 5803 4444 6124
f 3853 4683 4333
f 5098 5278 5972
f 6125 6126 6127
f 1474 5979 1475
f 6128 6127 5980
f 6128 6125 6127
f 6129 3351 6130
f 5333 5332 4199
f 6842 5098 5659
f 6047 6064 5027
f 6047 5029 6064
f 6132 6133 7470
f 6133 6132 6134
f 6005 5098 4939
f 5312 5694 4713
f 5935 6012 6948
f 6044 5842 5635
f 6012 1474 1476
f 5636 5979 5317
f 6138 6139 6140
f 6385 6125 6141
f 5645 5644 6144
f 5698 6124 4444
f 6118 6136 6948
f 5332 6020 6145
f 6124 5661 4854
f 6124 5698 5661
f 6129 6130 6146
f 6130 5027 6146
f 6019 5803 4854
f 5803 6019 4445
f 6147 5004 680
f 5844 5663 4891
f 1476 5760 5759
f 5681 4670 5333
f 3350 6053 3351
f 6166 4824 5312
f 6149 6001 5693
f 4788 5366 5408
f 6128 5980 6150
f 6141 6128 6150
f 5758 6000 5759
f 6151 6152 6153
f 6041 6154 6148
f 6154 6041 6043
f 5976 5977 6018
f 5756 5992 6016
f 6008 6208 6048
f 6155 6008 6048
f 6039 6156 6157
f 6039 4840 6156
f 5864 5920 6158
f 5920 5865 6158
f 5865 5864 6158
f 4824 4891 5312
f 5479 5481 6159
f 5790 6160 5791
f 5312 4672 5877
f 6161 5699 5700
f 3350 5920 5864
f 4824 4956 4891
f 5332 6145 4199
f 6145 4854 4199
f 6020 6019 6145
f 6019 4854 6145
f 4839 6163 6157
f 6163 4839 4838
f 6045 5814 5636
f 3787 6035 6046
f 6035 6027 6046
f 5029 6047 5030
f 6040 6037 5865
f 6040 4779 6037
f 6028 5734 6029
f 5734 5736 6029
f 8657 6032 6017
f 5865 4824 5866
f 5921 6040 5922
f 6040 5865 5922
f 6165 3022 4661
f 3023 3022 6165
f 4055 6208 6036
f 4056 4055 6036
f 5877 5682 6149
f 5682 5693 6149
f 5693 5877 6149
f 5980 5655 8025
f 6149 4854 6148
f 5776 5319 4654
f 6029 5736 6167
f 6030 6029 6167
f 6158 5866 5027
f 5864 5866 6158
f 3350 5030 6033
f 5027 5866 4824
f 6064 6158 5027
f 6158 6064 5864
f 6054 6033 6055
f 8657 6129 6090
f 8766 3350 8657
f 5177 6208 6168
f 6169 5177 6168
f 6170 4113 6171
f 6172 5932 6173
f 5376 6036 5679
f 6036 6208 5679
f 6174 6007 6006
f 6046 6027 6208
f 5305 6175 5306
f 6175 6208 5306
f 3787 6046 6174
f 5791 6176 5843
f 6006 6008 6155
f 5595 6065 8657
f 6177 6178 6152
f 6179 6180 6181
f 6182 6179 6181
f 4478 3798 4599
f 6183 5860 5057
f 895 6184 2798
f 6184 2797 2798
f 6185 5775 6039
f 5949 5775 6185
f 6186 5219 5066
f 5408 5450 721
f 5450 5582 721
f 6144 5644 6000
f 6188 6425 6189
f 1753 5111 4095
f 5111 4655 4095
f 6586 6191 6187
f 6193 6194 6195
f 6190 1989 6162
f 5756 5859 5567
f 6196 6479 6143
f 5756 5567 5992
f 5307 6216 5305
f 5219 3715 6137
f 6161 5857 5219
f 6161 5700 5857
f 9556 6197 6198
f 6586 6199 5700
f 3351 6129 8657
f 6586 5699 6120
f 6201 5219 5858
f 6202 5775 6027
f 5776 5775 6202
f 6186 4735 5219
f 6161 5219 4736
f 6203 6163 4838
f 6204 6205 1263
f 6206 6201 5858
f 5319 6202 6027
f 5776 6202 5319
f 6156 4839 6157
f 4839 6156 4840
f 5949 6185 6156
f 6185 6039 6156
f 6039 5949 6156
f 6163 6207 6157
f 6163 6203 6207
f 1989 1988 6209
f 5756 5784 5859
f 5843 6210 6052
f 5679 5605 5375
f 5679 6208 5605
f 6046 6208 6007
f 6174 6046 6007
f 6052 6211 6212
f 6211 6213 6212
f 6160 6213 6176
f 5791 6160 6176
f 6059 6213 5790
f 6155 6048 4054
f 6214 5453 3301
f 5843 6176 6210
f 6176 6213 6210
f 6212 6215 6195
f 5790 6167 6160
f 6167 6213 6160
f 6213 6167 5790
f 6210 6213 6211
f 6052 6210 6211
f 6030 6167 5790
f 6167 5736 5790
f 6215 6193 6195
f 6215 5368 6193
f 6211 5368 6215
f 6212 6211 6215
f 6212 5368 6211
f 5645 6144 6217
f 5735 6028 4708
f 5892 4708 5784
f 6028 6030 4708
f 6016 5992 4708
f 5859 5568 5567
f 5841 5814 6045
f 6045 5636 5635
f 5892 5784 5756
f 6144 6000 5758
f 5814 5892 5756
f 5635 5317 6044
f 6044 6012 5935
f 6044 1474 6012
f 5145 425 6095
f 5760 1475 6217
f 6012 6118 6948
f 5758 5760 6217
f 6217 6144 5758
f 4501 4893 5582
f 5992 5567 4708
f 6218 6219 6220
f 6250 6218 6220
f 6862 5752 5891
f 6162 6172 6196
f 6221 6222 6102
f 5752 6103 6223
f 5857 6199 5858
f 6102 6123 6225
f 6226 6227 4481
f 6173 6209 6479
f 6102 4708 5843
f 4708 6030 5790
f 6102 6212 6195
f 6102 6052 6212
f 4778 6229 1735
f 6257 6232 6517
f 6059 6216 6213
f 6233 6234 6235
f 6196 6172 6236
f 6172 6173 6236
f 5354 6991 6256
f 6237 6425 6238
f 6232 6068 6517
f 6241 4802 6242
f 6243 6267 6244
f 5442 5444 6245
f 6250 5442 6245
f 6102 6247 6182
f 6245 5444 6248
f 6479 5451 6249
f 4195 4194 4659
f 6251 5984 6578
f 1546 6256 6991
f 6070 5959 6071
f 2818 5959 6070
f 6479 6249 6135
f 6231 6257 6255
f 6080 1124 1126
f 6230 6232 6257
f 6068 6232 6230
f 6231 6230 6257
f 6249 5451 6214
f 6258 6226 6234
f 4481 6248 5444
f 6135 6259 6260
f 6206 6205 6201
f 6250 6245 6218
f 6245 6248 6218
f 6212 6213 6216
f 6252 6226 6258
f 6250 6252 6258
f 6261 6262 6263
f 6219 4481 6227
f 6253 5354 6256
f 5354 5133 4778
f 5133 6265 6229
f 6256 1546 6254
f 5354 4778 6254
f 6266 6243 6244
f 6216 6170 6171
f 5133 6229 4778
f 4342 601 5454
f 601 5123 5454
f 5451 5453 6214
f 6226 4481 6234
f 5606 6059 5375
f 6252 6227 6226
f 6205 6204 6201
f 6268 5984 6251
f 6162 6209 5932
f 4056 6059 4054
f 5932 6209 6173
f 6212 6216 5368
f 5133 6253 6265
f 5133 5354 6253
f 6253 6256 6265
f 4778 1736 6254
f 6229 6265 1735
f 6250 6220 6252
f 6220 6227 6252
f 6250 6258 6233
f 6258 6234 6233
f 6989 5522 6250
f 6218 6248 6219
f 6155 6059 6006
f 6234 4481 6235
f 6235 4481 6267
f 6220 6219 6227
f 6569 6989 6250
f 6270 6235 6242
f 6219 6248 4481
f 5831 6174 6006
f 6504 6271 5392
f 6271 6272 5392
f 4802 6270 6242
f 6250 6270 4802
f 6174 5831 3787
f 6059 6155 4054
f 6233 6235 6270
f 6250 6233 6270
f 6235 6267 6242
f 6267 6241 6242
f 5312 4713 4139
f 6241 6267 6273
f 6059 5831 6006
f 6059 4056 5376
f 6162 1989 6209
f 6274 6275 5985
f 6102 6182 6153
f 6162 6196 6143
f 1988 6479 6209
f 6172 6162 5932
f 6162 6143 6142
f 6236 6173 6479
f 6196 6236 6479
f 5985 6260 3301
f 6479 6135 6275
f 6275 6260 5985
f 6135 6249 6259
f 6275 6135 6260
f 6263 6251 6578
f 5359 5452 6479
f 6479 5452 5451
f 6262 6251 6263
f 6249 6214 6259
f 6259 6214 3301
f 5985 3301 6578
f 5891 5779 6862
f 6260 6259 3301
f 6479 6274 6268
f 6479 6275 6274
f 6274 5985 5984
f 5172 5408 5484
f 6268 6274 5984
f 6479 6268 6262
f 6479 6262 6261
f 6262 6268 6251
f 5455 6184 895
f 6184 5455 4799
f 5996 4655 1726
f 6277 6278 6279
f 6204 1263 1483
f 6191 6119 6186
f 5219 6201 6204
f 5219 6204 1483
f 5219 1483 3715
f 6586 6203 4838
f 6586 6120 6119
f 6199 6206 5858
f 6586 5114 6205
f 6120 5699 4736
f 6199 6586 6206
f 5857 5700 6199
f 6586 6205 6206
f 6205 5114 1263
f 5699 6161 4736
f 4735 6120 4736
f 6186 6119 4735
f 6191 6586 6119
f 6039 6157 6208
f 6586 5996 5114
f 6586 4838 4840
f 6208 5949 6039
f 6027 5949 6208
f 6586 4654 5996
f 5776 4654 6586
f 4840 6039 6586
f 6282 6283 6284
f 6285 6286 6287
f 5416 8153 1987
f 6289 6290 4157
f 6291 6292 6293
f 6292 6504 6293
f 7750 6294 6295
f 5746 6296 6504
f 6296 5746 5747
f 5312 4139 6297
f 6298 6299 6300
f 6301 6302 6303
f 5953 5976 6018
f 601 5454 602
f 5454 895 602
f 6306 6307 6308
f 6309 6307 6306
f 895 2798 896
f 2798 897 896
f 4893 4892 4201
f 6719 6310 6311
f 6313 6314 6561
f 6315 6314 6313
f 4212 4659 4194
f 1144 5967 4878
f 897 2797 5408
f 6071 5959 5960
f 6088 5757 6316
f 5750 6320 6321
f 5482 5748 5483
f 5749 5748 5482
f 4157 5948 7820
f 6322 6341 6323
f 6308 6322 6323
f 6325 6665 6326
f 6327 5021 5020
f 5021 3319 5020
f 3319 6327 5020
f 5437 5438 6328
f 6329 9714 6330
f 4233 4501 4212
f 6291 1495 6292
f 6334 6335 7470
f 6335 6334 6336
f 6464 4792 4510
f 5399 6337 6228
f 5172 5484 5353
f 5484 4755 5353
f 4754 5171 5352
f 4755 4754 5352
f 5437 6328 6338
f 6504 5437 6338
f 5422 5467 6077
f 5942 5467 5422
f 4233 4212 4211
f 4195 5377 5408
f 5195 5377 4195
f 4659 4501 5195
f 6339 6340 5393
f 6342 6343 7470
f 5408 4756 894
f 2797 6184 4799
f 6344 6345 6346
f 5912 6099 5725
f 4878 5954 6078
f 6073 5019 6662
f 6072 5019 6073
f 5777 6347 6069
f 7599 6348 6349
f 6309 6350 6351
f 5020 5757 6662
f 5757 5020 6316
f 6087 6352 6088
f 4754 4756 5171
f 6345 1135 5983
f 6345 6344 1135
f 6317 6077 5424
f 6504 4166 5746
f 5146 5031 6344
f 1125 5422 6076
f 5422 1125 5942
f 5436 6337 5438
f 6082 6014 5469
f 6353 6073 6662
f 3320 6073 6353
f 6095 5146 6346
f 5763 2544 5963
f 5401 6004 5402
f 6004 5980 5402
f 6346 6094 6095
f 6094 6345 5983
f 6094 6346 6345
f 5214 6074 6317
f 6077 5467 5424
f 5467 6354 5424
f 6354 5467 5942
f 5757 6352 6662
f 6088 6352 5757
f 6346 5146 6344
f 6352 6355 6662
f 6352 6087 6355
f 6356 5031 5208
f 1137 6356 1136
f 5960 5942 6071
f 6317 6074 6080
f 6317 6076 6077
f 2546 6353 5789
f 6353 2546 2545
f 6074 6078 6080
f 5469 6014 5470
f 6109 5239 5267
f 5021 6316 5020
f 7470 3883 6358
f 6074 1144 4878
f 6082 5469 4109
f 6359 6360 922
f 5743 5742 6359
f 6317 6361 6362
f 5963 2546 5789
f 2546 5963 2544
f 6317 1126 6076
f 6079 1124 6080
f 1124 6079 5942
f 6347 6070 6069
f 6347 2818 6070
f 8624 6364 6365
f 2545 2544 6086
f 5763 5948 2544
f 6081 6082 5740
f 5789 6353 6662
f 5175 6366 5208
f 6347 5751 2818
f 6347 5777 5751
f 6317 6080 1126
f 6367 6368 6369
f 6425 6368 6367
f 3320 6353 2545
f 5967 5954 4878
f 5954 5967 5942
f 5954 6079 6078
f 5942 6079 5954
f 5912 6707 2818
f 6087 6290 6355
f 5019 3319 5021
f 5019 6072 3319
f 1126 1125 6076
f 5960 5741 5743
f 5424 6354 5425
f 6074 4878 6078
f 5214 6317 7148
f 5534 6370 6371
f 5534 6707 6370
f 5948 4157 6086
f 2818 6707 5741
f 6344 1137 1135
f 6095 425 5146
f 5469 5970 4109
f 5743 5942 5960
f 6373 6374 6375
f 6374 5980 6375
f 5031 5789 6662
f 6366 6376 5208
f 6366 5983 6376
f 6504 6309 6377
f 5589 5765 5983
f 5589 5176 5765
f 6344 5031 1137
f 6072 3320 3319
f 6354 6357 5425
f 5942 6357 6354
f 6099 5912 4110
f 5740 4511 6081
f 6378 6981 6379
f 6380 6378 6379
f 5725 5724 5912
f 6381 6001 6148
f 6381 5694 6001
f 6098 5941 6099
f 1136 6376 5983
f 6356 6376 1136
f 924 5534 6371
f 6360 923 922
f 6360 6707 923
f 6382 6383 6384
f 5742 6360 6359
f 6360 5742 6707
f 6385 6140 6139
f 6371 6370 6386
f 6385 6141 6140
f 6088 6316 6327
f 4157 6088 6327
f 6366 5175 5589
f 6366 5589 5983
f 6316 5021 6327
f 5176 5031 5766
f 6376 6356 5208
f 6387 5765 5766
f 5983 5765 6387
f 5941 5724 5725
f 6388 6389 6390
f 6327 6086 4157
f 6327 3319 6086
f 1137 5031 6356
f 6359 5942 5743
f 6393 6394 6395
f 6014 5970 5470
f 3351 6396 6130
f 6396 5027 6130
f 5208 5031 5175
f 6397 6398 6399
f 6154 4141 6148
f 6154 6297 4141
f 6014 6082 6081
f 6001 6149 6148
f 6400 6138 5980
f 6138 6400 6139
f 4672 4671 5878
f 4671 5682 5878
f 924 5942 922
f 5976 5953 6402
f 5970 4110 4109
f 6403 6404 6362
f 6425 6404 6403
f 6371 5942 924
f 6005 6004 5401
f 6405 6032 6090
f 922 5942 6359
f 6099 5941 5725
f 5098 5403 6385
f 5724 5970 6408
f 5390 6410 4157
f 6381 6148 4140
f 4713 6381 4140
f 5267 5239 6100
f 5659 5098 6385
f 6411 6719 5950
f 6018 5977 681
f 5970 6098 4110
f 6127 6412 5980
f 6412 6127 6126
f 6697 5228 8216
f 5970 5941 6098
f 6071 5942 6069
f 5267 6101 5919
f 5402 5980 6412
f 5403 5402 6412
f 6126 5403 6412
f 6113 5863 6114
f 4824 6166 5027
f 6297 4139 4141
f 5977 6948 4117
f 6396 6415 5027
f 6396 6053 6415
f 5098 6005 5401
f 6416 6385 6139
f 6418 7229 6419
f 6374 6400 5980
f 6400 6374 6416
f 6421 5745 6422
f 6398 5977 6399
f 6247 6102 6423
f 6100 5919 6101
f 6042 5312 6043
f 5408 5400 6228
f 5400 5399 6228
f 6171 4113 6424
f 4113 6981 6424
f 6159 5177 6169
f 5267 6100 6101
f 681 680 5004
f 4854 8827 6148
f 6109 5267 5919
f 6381 4713 5694
f 6181 6151 6153
f 6181 6180 6151
f 6141 6150 6140
f 6400 6416 6139
f 6426 6427 6183
f 6140 6150 6138
f 6150 5980 6138
f 6125 6128 6141
f 6385 6126 6125
f 6385 5403 6126
f 5919 6100 6428
f 5312 6297 6043
f 6429 6430 5752
f 6217 5752 5004
f 6431 5198 6013
f 6152 6102 6153
f 6389 6432 6433
f 6398 6062 5977
f 6154 6043 6297
f 6434 5027 5839
f 5838 6434 5839
f 6435 6436 6437
f 6416 6374 6373
f 6438 6062 6398
f 6373 6375 6278
f 6137 6060 5219
f 6108 6149 5693
f 6439 6440 6164
f 6441 5926 6442
f 7229 6443 6419
f 6191 5066 6187
f 6444 6787 6445
f 6090 6129 6146
f 6446 6447 6166
f 6446 6448 6447
f 6113 6803 6449
f 6405 6146 5027
f 6146 6405 6090
f 6430 6062 6438
f 4139 4713 4140
f 6222 4708 6102
f 5977 5976 6399
f 6438 6397 5752
f 5643 6147 680
f 6017 6038 6003
f 6038 5027 6003
f 7876 6450 6451
f 6452 6062 6430
f 6225 6453 6423
f 6454 5027 6166
f 4891 4670 5312
f 5693 5682 6108
f 6038 6405 5027
f 6038 6032 6405
f 6455 6456 6457
f 6108 4854 6149
f 6041 6148 6458
f 6415 6055 5027
f 6055 6415 6054
f 6065 5595 6066
f 6162 6142 6420
f 6123 6122 6225
f 6434 5838 6461
f 6053 6396 3351
f 5481 6208 5177
f 6159 5481 5177
f 5436 6228 6337
f 6002 5027 6066
f 5595 6002 6066
f 5606 6175 5305
f 3350 3351 8657
f 6947 6462 6463
f 5605 6208 6175
f 5606 5605 6175
f 6195 6194 6102
f 6247 6179 6182
f 6002 5595 5594
f 5592 6466 5593
f 6466 5592 6208
f 6415 6053 6054
f 6467 6187 5066
f 5054 5998 6586
f 5306 6208 5480
f 5307 5306 5480
f 6468 6469 6421
f 6470 6471 7876
f 6472 6473 6474
f 6475 6476 6477
f 6207 6203 6478
f 5697 4650 8766
f 6461 6065 6067
f 6480 6481 6511
f 6481 6480 6482
f 4913 5697 6192
f 6157 6115 6208
f 6157 6207 6115
f 6207 6478 6115
f 5697 8766 6192
f 6484 6835 6485
f 6455 6835 6486
f 6487 6456 6488
f 6457 6456 6487
f 6462 6421 6463
f 6456 6489 6488
f 6456 6455 6489
f 6490 6481 6491
f 6407 6481 6490
f 6492 5998 6208
f 6493 5998 6492
f 5860 6427 5056
f 6183 6427 5860
f 6494 6495 6351
f 6495 6494 5311
f 5837 5839 6454
f 5839 5027 6454
f 5408 5436 6504
f 5408 6228 5436
f 6194 6121 6123
f 6016 4708 6222
f 6194 6123 6102
f 6423 6497 6247
f 6497 5367 6247
f 6016 6015 5756
f 6247 6497 6179
f 6497 6180 6179
f 6180 6497 6247
f 6182 6181 6153
f 6216 6180 6247
f 6498 6499 6500
f 6483 6421 6469
f 6466 6501 5593
f 5998 6493 6586
f 5752 6223 5889
f 6483 6502 6421
f 6225 6122 6453
f 6122 5367 6453
f 6191 6186 5066
f 5977 6136 680
f 4117 6136 5977
f 6208 5998 5999
f 5057 5054 6586
f 5999 5997 5055
f 5997 5054 5055
f 5054 5999 5055
f 6478 6117 6115
f 6116 6492 6208
f 6493 6492 6116
f 6493 6116 6117
f 5307 5480 5479
f 5591 6168 5592
f 6168 6208 5592
f 6427 6503 5056
f 6427 6426 6503
f 6180 6177 6151
f 6177 6152 6151
f 6169 6168 5591
f 5779 5891 5890
f 6453 5367 6497
f 6423 6453 6497
f 6452 5977 6062
f 6485 6835 6505
f 6506 6507 8678
f 6508 6507 6506
f 6208 5999 6511
f 6511 5999 5054
f 6194 6193 6121
f 6193 5368 6121
f 6121 5368 5367
f 6136 5643 680
f 6510 6023 6413
f 5752 6217 5756
f 6512 6513 6288
f 5645 6217 6147
f 6223 5779 5890
f 5889 6223 5890
f 6103 5779 6223
f 5643 5645 6147
f 6397 6399 6402
f 6438 5752 6430
f 6307 6322 6308
f 6322 6307 6514
f 5977 6024 6948
f 5004 5003 681
f 6449 6085 6084
f 5752 6397 6402
f 5976 6402 6399
f 6438 6398 6397
f 5004 6147 6217
f 5239 5989 6100
f 5953 5752 6402
f 6152 6178 6102
f 5756 6221 6103
f 6216 6380 6170
f 6515 6445 7230
f 6103 6221 6102
f 6016 6222 6015
f 6221 6015 6222
f 5756 6015 6221
f 6420 6142 6510
f 5752 5889 5891
f 6516 6241 6273
f 6102 6225 6423
f 2118 6518 6519
f 6518 6520 6519
f 6521 7470 6358
f 6413 6522 6510
f 6230 6231 6246
f 6523 6524 6525
f 6231 6255 6246
f 6527 6246 6255
f 1546 5505 6068
f 6240 6230 6246
f 6250 6516 6569
f 6528 6529 6530
f 6531 6532 6533
f 6256 1736 6265
f 6534 6403 6361
f 6403 6534 6425
f 6535 6536 4157
f 5505 1546 6991
f 6250 4802 6516
f 4802 6241 6516
f 6240 1546 6068
f 6527 6517 6526
f 6527 6255 6257
f 6240 6068 6230
f 6517 6527 6257
f 6246 6526 6240
f 6537 6538 6539
f 6526 6246 6527
f 6526 6517 6240
f 6279 5980 6751
f 6169 6216 6159
f 6517 6068 5505
f 6949 6389 6388
f 6569 6541 6266
f 6541 6243 6266
f 6569 6542 6543
f 6542 6540 6543
f 6244 6267 6540
f 6309 6504 6514
f 6261 6263 6545
f 6546 6547 5222
f 6547 6546 6548
f 6550 6551 7734
f 6420 6522 6162
f 6522 6420 6510
f 6240 6517 5505
f 6479 6261 6432
f 6510 6142 6023
f 6265 1736 1735
f 6553 6554 6555
f 6142 6143 6023
f 6389 6433 6390
f 6432 6545 6433
f 6178 6177 6556
f 6177 6557 6556
f 6390 6433 6578
f 6290 6289 6558
f 1736 6256 6254
f 6559 6560 7475
f 6560 6559 6326
f 6190 6162 6276
f 6267 4481 6200
f 5354 6254 6991
f 6949 6479 6432
f 1546 6240 6254
f 5484 5353 6562
f 5353 5483 6562
f 6254 6240 5505
f 6563 6564 6267
f 6566 6567 6568
f 6570 6512 6571
f 5138 1495 6291
f 6276 6414 6023
f 6540 6267 6564
f 6266 6244 6542
f 6569 6266 6542
f 6572 6564 6563
f 6573 6563 6283
f 6543 6540 6564
f 6516 6273 6541
f 6569 6516 6541
f 6243 6273 6267
f 6541 6273 6243
f 6542 6244 6540
f 6216 6247 5367
f 6563 6267 6283
f 6569 6572 6573
f 6572 6563 6573
f 6414 6276 6162
f 6543 6564 6572
f 6569 6543 6572
f 6949 6531 6574
f 6573 6283 6282
f 6569 6573 6282
f 6284 6283 6267
f 6200 8146 6267
f 6143 6479 6023
f 6216 5606 5305
f 6216 6059 5606
f 6216 6169 5591
f 5593 6216 5591
f 6467 6575 6187
f 6216 5307 5479
f 6159 6216 5479
f 5054 5056 6511
f 6554 5219 6555
f 6083 6085 6576
f 6522 6414 6162
f 6413 6414 6522
f 6263 6578 6545
f 6388 6390 6577
f 6513 6388 6577
f 6414 6413 6023
f 6513 6577 6288
f 6023 6479 6949
f 6432 6261 6545
f 6949 6432 6389
f 3301 5935 6578
f 6512 6288 6571
f 6570 6571 6532
f 6949 6388 6513
f 6949 6570 6531
f 6571 6288 6578
f 6532 6571 6578
f 6288 6577 6578
f 6949 6513 6512
f 6531 6570 6532
f 6574 6531 6533
f 6577 6390 6578
f 6433 6545 6578
f 6949 6512 6570
f 6533 6532 6578
f 6554 6575 6467
f 6579 6580 6581
f 6574 6533 6582
f 6216 6171 6583
f 6421 5219 6060
f 6502 6584 6585
f 6485 6505 6469
f 6468 6485 6469
f 6483 6505 6584
f 6484 6485 6468
f 6483 6584 6502
f 6467 5066 5219
f 5219 6421 6555
f 6585 6586 6553
f 6586 6575 6553
f 6585 6553 6555
f 6554 6553 6575
f 6554 6467 5219
f 6586 6187 6575
f 6505 6483 6469
f 6584 6835 6586
f 6502 6555 6421
f 6835 6584 6505
f 6584 6586 6585
f 6502 6585 6555
f 6183 5057 6586
f 6586 6426 6183
f 6493 6117 6586
f 6117 6478 6586
f 6478 6203 6586
f 6587 6487 6488
f 6487 6587 6588
f 3793 6343 6590
f 6591 9556 6592
f 6418 6419 6593
f 6595 6596 5504
f 6197 6597 6198
f 6441 6598 6458
f 6441 6442 6598
f 8011 5576 6599
f 6308 6323 6600
f 6323 6601 6600
f 6386 6224 5943
f 5222 6602 6603
f 6602 6604 6603
f 6605 6606 7376
f 6607 6608 6609
f 6287 6610 6611
f 6613 6614 6391
f 6615 6614 6613
f 6617 6618 6619
f 6617 9036 6618
f 6620 7072 6621
f 6622 6623 6624
f 6626 6627 6628
f 6096 6629 6630
f 6631 6632 7510
f 6632 6631 4269
f 6504 6633 4166
f 6633 1496 4166
f 812 6634 6635
f 2118 6636 6637
f 6636 6638 6637
f 6464 894 6549
f 6368 6639 6640
f 6639 6368 6425
f 5983 6641 4661
f 6434 6067 5027
f 6434 6461 6067
f 7599 6642 6643
f 6644 5964 6096
f 6644 7510 5964
f 6328 6339 6338
f 5311 5483 6494
f 6320 5311 6494
f 1495 1496 6633
f 4756 4753 894
f 6377 6309 6306
f 6309 6351 6306
f 6646 6647 6648
f 896 4753 4755
f 4753 896 894
f 6340 6291 6293
f 6133 6134 6418
f 6341 6601 6323
f 5746 4166 4165
f 6504 6338 5393
f 6338 6339 5393
f 6361 6403 6362
f 5483 6321 6494
f 6321 6320 6494
f 5940 6377 6649
f 6351 6649 6306
f 6649 6377 6306
f 5393 6340 6293
f 6307 6309 6514
f 5748 5750 6321
f 5483 5748 6321
f 6309 6306 6650
f 6306 6308 6650
f 6504 6296 6271
f 6296 6651 6271
f 6322 6514 6341
f 6504 5393 6293
f 894 896 6549
f 896 4755 6549
f 6652 6653 6654
f 6653 6521 6654
f 5311 6494 6350
f 6494 6351 6350
f 5408 5923 5400
f 5923 5398 5400
f 6290 6087 4157
f 6639 6534 6655
f 6425 6534 6639
f 6648 6600 6590
f 6600 3793 6590
f 6656 4216 6657
f 6658 7879 6659
f 6367 5942 6425
f 6949 6574 6660
f 6317 6663 6664
f 5392 6334 6504
f 6334 7470 6504
f 6656 6335 6336
f 6666 6667 6668
f 5915 5914 6382
f 6651 6296 5747
f 6669 6670 6671
f 6272 6672 5392
f 6673 4144 6674
f 5425 6357 6675
f 6317 5425 6675
f 7148 6317 7863
f 6224 5913 5943
f 6224 6707 5913
f 6679 6680 6751
f 6680 6679 6681
f 6682 6592 6683
f 3021 7510 6315
f 6496 6428 6100
f 6499 6684 6751
f 6684 6499 6498
f 6684 6279 6751
f 6684 6277 6279
f 4157 6536 5390
f 5947 6686 6687
f 6688 6689 4157
f 6719 6411 6408
f 6690 6691 6692
f 6384 6425 6382
f 6694 5964 3023
f 6695 6696 6458
f 6696 6695 5925
f 6410 6401 6688
f 6401 5388 7510
f 6410 5388 6401
f 6698 6699 7803
f 6558 6406 7510
f 6406 6558 6289
f 6700 6425 6384
f 6496 6100 6831
f 6701 6702 6703
f 6719 6704 6732
f 5943 5913 5915
f 6707 5950 6239
f 6641 6708 6097
f 6708 6644 6097
f 6708 6641 6644
f 6709 6367 6664
f 6367 6709 5942
f 6689 6688 6711
f 6317 6655 6361
f 6317 6664 6369
f 5766 6693 6712
f 6317 6640 6655
f 5914 6383 6382
f 6383 5914 6707
f 6689 6289 4157
f 6332 6713 2118
f 6713 6332 6714
f 6278 6385 6373
f 6689 6406 6289
f 6655 6534 6361
f 6630 6693 6096
f 6357 6372 6675
f 6372 6357 5942
f 5983 6629 6641
f 6712 6693 6630
f 6711 6401 7510
f 6401 6711 6688
f 6237 6715 6716
f 6663 6709 6664
f 5517 6717 7510
f 6718 6717 5517
f 6406 6711 7510
f 6689 6711 6406
f 6664 6367 6369
f 6370 6224 6386
f 6707 6224 6370
f 6500 6720 6721
f 6355 6558 7510
f 6558 6355 6290
f 6693 5031 7510
f 6457 6487 6588
f 6317 6369 6640
f 6640 6639 6655
f 6722 6723 6724
f 6369 6368 6640
f 6372 6709 6663
f 5942 6709 6372
f 6693 6644 6096
f 7510 6644 6693
f 6662 6355 7510
f 5390 5388 6410
f 6726 6727 6365
f 6727 6728 6365
f 6675 6372 6663
f 6315 6313 3021
f 6536 5389 5390
f 6729 6536 6535
f 6729 6730 7510
f 6729 6535 6730
f 5389 6729 7510
f 5389 6536 6729
f 7329 6731 6774
f 6097 5964 6694
f 6317 6675 6663
f 6704 6311 6676
f 6733 8616 6734
f 6386 5942 6371
f 6641 6097 4661
f 6694 3023 6165
f 6707 6311 6735
f 6736 6737 6738
f 6732 6707 6239
f 6630 6739 6712
f 7230 6740 6741
f 6410 6688 4157
f 6387 6739 5983
f 6387 6712 6739
f 6739 6629 5983
f 6739 6630 6629
f 6697 6719 5970
f 6712 6387 5766
f 6629 6644 6641
f 6096 6644 6629
f 6743 6744 6700
f 6707 6744 6743
f 6384 6743 6700
f 6644 6096 6097
f 6742 6715 6237
f 6742 6707 6715
f 3022 6313 6561
f 3022 3021 6313
f 6238 6742 6237
f 6744 6742 6238
f 6742 6744 6707
f 7510 5031 6662
f 6708 6165 4661
f 6694 6165 6708
f 6097 6708 4661
f 6097 6694 6708
f 4661 6561 5983
f 6700 6744 6238
f 6746 6747 5937
f 6748 6749 6750
f 6239 5950 6719
f 5766 5031 6693
f 6383 6743 6384
f 6707 6743 6383
f 5964 7510 3023
f 6732 6704 6676
f 6707 6676 6311
f 6676 6707 6732
f 6190 6276 6465
f 6386 5943 5942
f 6238 6425 6700
f 6720 6751 6680
f 6721 6720 6680
f 6109 5919 6496
f 6754 6755 6756
f 6684 6498 6277
f 5947 6687 7863
f 3023 7510 3021
f 5779 6758 6759
f 6761 7221 6762
f 6763 6764 6765
f 6766 6767 6768
f 6719 6311 6704
f 5950 5912 6411
f 6382 6425 5915
f 6735 6311 6310
f 6707 6735 6645
f 5919 6428 6496
f 6645 6735 6310
f 6719 6732 6239
f 6719 6645 6310
f 6831 6109 6496
f 6769 6770 6771
f 5724 6411 5912
f 5724 6408 6411
f 6425 5942 5915
f 6719 6408 5970
f 6707 5912 5950
f 6719 6773 6774
f 6775 6776 8678
f 6775 6777 6776
f 6778 6779 5504
f 6755 6780 6756
f 6680 6681 6721
f 6781 6782 6783
f 5518 5516 6784
f 6686 6661 6687
f 6425 6661 6686
f 6785 7863 6687
f 6484 6786 6580
f 6501 6685 6769
f 6599 5576 6790
f 6083 6576 6429
f 6724 6791 6792
f 6466 6208 6685
f 6501 6466 6685
f 6793 6447 6448
f 6803 6431 6013
f 6794 6795 6796
f 6608 6607 4164
f 6500 6499 6720
f 6499 6751 6720
f 6797 5927 6794
f 6798 6679 6751
f 6799 6679 6798
f 6741 6740 6800
f 6679 6799 6681
f 6740 6758 5779
f 7230 5752 6417
f 6475 6462 6476
f 8025 6751 5980
f 6793 5837 6454
f 6102 6801 6802
f 6375 5980 6279
f 6278 6375 6279
f 6452 6429 6576
f 6800 6740 5779
f 5198 6431 6439
f 6509 6276 6023
f 6800 6515 6741
f 6696 5924 6458
f 5924 6696 5925
f 6765 6806 6801
f 5977 6452 6576
f 6083 6429 5752
f 6802 6807 6797
f 6042 6598 6442
f 6809 6798 6810
f 6798 6751 6810
f 6515 7230 6741
f 5372 5574 6811
f 6812 4158 6796
f 6452 6430 6429
f 6113 5862 5863
f 6765 6764 6806
f 6764 6557 6806
f 6449 6803 6085
f 6598 6041 6458
f 6598 6042 6041
f 6814 6815 8689
f 6814 6816 6815
f 5977 6803 6024
f 6431 6803 6440
f 5924 6441 6458
f 5924 5926 6441
f 6436 6817 8689
f 6817 6436 6435
f 6477 6781 6783
f 7202 6818 6819
f 6178 6556 6763
f 6111 6112 6437
f 7230 6821 6622
f 6696 6822 8689
f 6822 6696 6695
f 6817 6696 8689
f 6696 6817 6695
f 6817 6435 6695
f 6801 6823 6802
f 6824 6104 6106
f 6107 6824 6106
f 6787 4158 4160
f 6695 6458 6822
f 6110 6825 6112
f 6826 6827 6828
f 6829 6830 6753
f 6111 6436 8689
f 6111 6437 6436
f 6447 6454 6166
f 6454 6447 6793
f 6832 6833 8649
f 6170 6379 4113
f 6379 6981 4113
f 6446 4107 6448
f 8706 6692 6691
f 5863 6164 6114
f 4107 6446 4108
f 6446 6166 4108
f 6465 6276 6509
f 6476 6835 6477
f 6444 6515 6800
f 6484 6468 6786
f 6424 6981 4213
f 6583 6424 4213
f 5138 5399 4501
f 6407 6490 6587
f 6490 6491 6587
f 6491 6407 6587
f 6723 6836 6837
f 6838 6839 6691
f 6660 6574 6582
f 6475 6477 6783
f 6786 6421 6581
f 6844 6677 6845
f 6475 6421 6462
f 6846 6847 6511
f 6847 6846 6848
f 6849 6821 6850
f 6851 6981 6852
f 6853 6851 6852
f 6380 6379 6170
f 5685 4214 5686
f 4214 6981 5686
f 6481 6482 6835
f 5056 6503 6846
f 6503 6854 6846
f 6508 6824 6506
f 6824 6107 6506
f 6107 6508 6506
f 6771 6378 6380
f 6855 6856 6857
f 6858 6859 6860
f 6861 6105 6104
f 5780 5752 6862
f 6556 6557 6764
f 6763 6556 6764
f 5198 6439 7230
f 6177 6180 6216
f 6171 6424 6583
f 6439 6164 7230
f 6495 6863 6351
f 5310 6863 6495
f 6417 6759 6758
f 6823 6557 6807
f 6802 6823 6807
f 5593 6501 6216
f 6806 6557 6823
f 6801 6806 6823
f 6797 6807 5927
f 6807 6557 5927
f 6177 6216 6557
f 6771 6770 6378
f 6770 6981 6378
f 6863 5310 5940
f 6835 6484 6580
f 6511 6481 6407
f 6421 6783 6782
f 6491 6587 6488
f 6491 6588 6587
f 6503 6426 6854
f 6475 6783 6421
f 6477 6835 6781
f 6782 6581 6421
f 6848 6854 6586
f 5056 6846 6511
f 6208 6511 6981
f 6854 6426 6586
f 6476 6947 6835
f 6847 6480 6511
f 6480 6847 6482
f 6854 6848 6846
f 6482 6847 6848
f 4214 5685 4215
f 6685 6208 6981
f 6685 6981 6770
f 6769 6685 6770
f 6864 7301 6805
f 6865 6866 6867
f 6583 4213 4215
f 6795 6812 6796
f 6795 5928 6812
f 6794 5927 6795
f 5927 5928 6795
f 6869 6825 4220
f 6178 6763 6102
f 6417 5780 6759
f 5780 5779 6759
f 5533 6755 7494
f 5862 6113 6449
f 6084 6083 7230
f 6440 6114 6164
f 5862 6084 7230
f 7230 6164 5863
f 6085 6803 6576
f 6870 7230 6871
f 5752 7230 6083
f 5862 6449 6084
f 6948 6024 6745
f 6114 6440 6803
f 6803 5977 6576
f 6439 6431 6440
f 5752 5780 6417
f 7230 6417 6758
f 6465 6509 6529
f 6855 6872 6856
f 6872 6873 6856
f 6874 6875 6876
f 6875 6874 7571
f 7230 6758 6740
f 6787 6797 6794
f 6557 6873 6877
f 6660 6582 6878
f 6879 6880 5600
f 6488 6489 6881
f 6489 6486 6881
f 5779 6102 6787
f 6515 6444 6445
f 6623 6745 6624
f 6805 6616 6804
f 6802 6787 6102
f 6787 6794 6796
f 6882 6883 6884
f 6102 6765 6801
f 6885 7648 6886
f 6419 6443 6887
f 6771 6216 6769
f 6102 6763 6765
f 7329 6889 7118
f 6889 7329 6774
f 6719 6697 7174
f 6391 6890 6891
f 6745 6803 6893
f 6745 6024 6803
f 6894 6895 6896
f 6895 6897 6896
f 6898 6599 6790
f 6013 6870 6893
f 6899 6421 7026
f 6900 7695 6901
f 6902 6900 6901
f 6903 6904 6905
f 6906 7626 6907
f 6908 6909 6910
f 7470 6335 6657
f 6335 6656 6657
f 6947 6463 6422
f 6787 6802 6797
f 6284 6267 6912
f 6913 6425 6914
f 6616 7217 7218
f 6917 6918 6919
f 6918 6917 6677
f 5934 5933 6920
f 6906 6923 6924
f 6925 6926 7329
f 6925 6927 6926
f 5533 5532 6928
f 6930 6931 6932
f 6933 6934 6935
f 6938 6878 6880
f 6937 6267 6939
f 6940 6523 6525
f 6523 6940 6569
f 6942 6937 6939
f 6943 6939 6267
f 6944 6912 6945
f 6569 6944 6945
f 6533 6578 6582
f 6946 6947 6884
f 6023 6950 6868
f 6951 6879 5600
f 6525 6267 6952
f 6953 6954 6524
f 6877 5928 6557
f 6955 6956 7080
f 6956 6955 6957
f 6569 6953 6523
f 6953 6524 6523
f 6950 6938 6880
f 6945 6912 6937
f 6959 6960 6961
f 6880 6878 5600
f 7403 6962 6963
f 6023 6964 6888
f 7416 6965 6966
f 6965 6967 6966
f 6565 6943 6954
f 6940 6525 6952
f 6938 6660 6878
f 6912 6267 6937
f 6942 6939 6915
f 6569 6942 6915
f 7470 4218 6132
f 5687 6970 6971
f 7649 6972 6973
f 6972 6974 6973
f 5935 6760 6578
f 6977 6978 6979
f 6677 6978 6977
f 6565 6954 6953
f 6569 6565 6953
f 5600 6578 6760
f 7649 6982 6983
f 6982 6984 6983
f 6985 5600 6968
f 6334 6672 6336
f 5104 7626 6987
f 6911 6888 6190
f 7316 7648 6318
f 6132 4218 4217
f 6963 6962 6990
f 6216 6583 4215
f 6524 6267 6525
f 6569 6945 6942
f 6945 6937 6942
f 6529 6509 6530
f 5685 6216 4215
f 6991 6254 5505
f 6888 6992 6968
f 6993 6994 6995
f 6996 6955 7080
f 6955 6996 6997
f 6998 6999 7000
f 6569 6915 6565
f 6915 6943 6565
f 6524 6954 6267
f 6216 6501 6769
f 6465 6528 6190
f 6528 6911 6190
f 6528 6929 6911
f 6929 6530 6023
f 6380 6216 6771
f 7001 6952 7002
f 6465 6529 6528
f 7003 6951 7004
f 6530 6929 6528
f 7005 7006 7007
f 7648 7008 7009
f 5505 6989 6569
f 6569 6282 6944
f 6282 6284 6944
f 6911 6023 6888
f 6911 6929 6023
f 6530 6509 6023
f 6878 6582 5600
f 6943 6267 6954
f 6944 6284 6912
f 6915 6939 6943
f 6216 7571 6557
f 6023 7003 7010
f 7010 7003 7004
f 6023 7010 7006
f 6949 6938 6023
f 6949 6660 6938
f 6868 6950 6879
f 6950 6880 6879
f 7006 6985 7007
f 6023 6938 6950
f 6023 6868 7003
f 7010 7004 6985
f 6868 6879 6951
f 7003 6868 6951
f 7006 7010 6985
f 6985 7004 5600
f 6582 6578 5600
f 7004 6951 5600
f 7012 7013 7014
f 6786 6468 6421
f 6835 6848 6586
f 6981 6407 6491
f 6580 6786 6581
f 6782 6781 6579
f 6835 6579 6781
f 6835 6455 6457
f 6835 6580 6579
f 6782 6579 6581
f 6835 6482 6848
f 6947 6476 6462
f 6511 6407 6981
f 6491 6481 6835
f 6457 6588 6835
f 6588 6491 6835
f 6491 6488 6981
f 7016 7002 6267
f 7017 7018 8951
f 7019 7018 7017
f 7020 7021 7022
f 6952 6267 7002
f 7475 7024 7023
f 7027 7379 6967
f 7028 7029 7475
f 7029 7028 7030
f 7031 6947 6422
f 7032 6832 7033
f 6665 6670 6669
f 7475 6560 7034
f 6560 7035 7034
f 6863 5940 6649
f 6351 6863 6649
f 6672 6334 5392
f 6841 6324 7036
f 5310 6495 5311
f 6324 6363 7038
f 7036 6324 7038
f 7470 6657 4218
f 6657 4216 4218
f 7039 7761 7040
f 7041 7042 7043
f 7042 7041 7044
f 7045 7879 7046
f 6869 6815 6816
f 7047 8513 7048
f 7049 7047 7048
f 4273 7050 7051
f 6837 7052 6667
f 7053 7054 7055
f 7054 7053 8398
f 7056 7510 7057
f 7058 7059 7060
f 6362 6404 7061
f 6756 8649 7062
f 7063 7064 7065
f 7066 7064 7063
f 6132 4217 6134
f 7074 7075 7076
f 7863 6317 7061
f 7077 6956 6957
f 6722 6792 6751
f 6722 6724 6792
f 5930 7078 7079
f 7470 6593 6887
f 6593 6419 6887
f 7056 6314 6315
f 6885 7081 7082
f 6651 6272 6271
f 6567 7083 7084
f 6340 5138 6291
f 7086 6916 7087
f 6914 7088 7089
f 7090 7091 7057
f 7067 6772 6280
f 7092 7093 7094
f 6535 4157 6784
f 6788 7053 7098
f 7053 6788 8398
f 6615 7709 7069
f 7099 7100 7475
f 6133 6418 6593
f 7470 6133 6593
f 6601 6648 6600
f 6648 6308 6600
f 6504 6292 6633
f 6292 1495 6633
f 6673 6674 7104
f 6887 7105 7470
f 7066 4144 6673
f 6716 7050 6425
f 7106 6996 7510
f 7106 7107 6996
f 7108 7063 4145
f 7063 7109 4145
f 7063 7108 7109
f 7061 7096 5945
f 6687 6661 6785
f 6717 7110 7510
f 7111 7110 6717
f 7421 7112 7113
f 7057 7114 7056
f 7115 4269 6631
f 7091 7109 7108
f 7090 7109 7091
f 7116 7510 7117
f 6674 7116 7117
f 5930 6665 5931
f 6913 6914 6706
f 7119 6625 7475
f 7105 6443 7121
f 6317 6362 7061
f 4160 7122 6877
f 7122 5928 6877
f 6716 6425 6237
f 7111 6717 6718
f 7096 5946 5945
f 6425 5946 7096
f 6716 7095 7050
f 7123 7124 9022
f 7077 6957 6280
f 4157 7820 6280
f 7126 7744 7127
f 7128 7129 7130
f 7118 6892 7131
f 6294 7132 6295
f 6537 7134 7135
f 7111 6718 7136
f 7137 7093 7092
f 8398 7093 7137
f 4145 4144 7066
f 7107 7106 4268
f 7138 7139 7140
f 7088 6425 4272
f 7133 6788 7141
f 6788 7133 8398
f 6661 7137 6785
f 7137 6661 6425
f 6404 7096 7061
f 7096 6404 6425
f 7052 6751 6668
f 6667 7052 6668
f 5518 6784 4157
f 6730 5516 7510
f 5516 6730 6784
f 6718 5518 7067
f 7104 7116 6391
f 6674 7116 7104
f 7142 7143 7080
f 7144 7143 7142
f 6785 7137 7092
f 7094 7133 7141
f 6671 6546 5222
f 6784 6730 6535
f 7111 7115 7110
f 7110 6631 7510
f 6631 7110 7115
f 5518 5517 7067
f 5517 6772 7067
f 6772 5517 5518
f 7115 7111 7136
f 7145 7116 6674
f 7065 7104 6391
f 6718 5517 5518
f 7064 7104 7065
f 6673 7104 7064
f 7494 7146 7147
f 6622 6871 7230
f 7149 3942 7150
f 7090 7510 4145
f 7144 7142 7077
f 6719 6892 7118
f 5946 6686 5947
f 6686 5946 6425
f 4268 6632 4269
f 7137 6425 8398
f 7152 6861 4106
f 7067 7136 6717
f 7136 6718 6717
f 6718 7067 6717
f 7109 7090 4145
f 6632 7106 7510
f 4268 7106 6632
f 6814 7155 6816
f 6315 7510 7056
f 7097 7157 7329
f 7097 4272 7157
f 7158 7159 7160
f 4269 7115 6280
f 6314 7114 6561
f 6314 7056 7114
f 7116 6612 6391
f 7116 7145 6612
f 7161 7162 7163
f 6280 7115 7136
f 6561 7091 7108
f 4157 6772 5518
f 7057 7510 7090
f 7093 7133 7094
f 7133 7093 8398
f 6561 7108 7065
f 6774 6773 6889
f 7164 7165 6391
f 7166 7165 7164
f 7114 7091 6561
f 7114 7057 7091
f 6646 6504 3791
f 7167 7168 7169
f 6189 6913 7170
f 6645 6719 6731
f 6719 7118 6773
f 7202 7171 6818
f 4144 7116 6674
f 7116 4144 7510
f 7172 7170 7329
f 7172 6189 7170
f 6715 7095 6716
f 7095 6715 6707
f 7173 6761 6762
f 4145 7063 7065
f 7066 7063 4145
f 6280 7136 7067
f 7108 4145 7065
f 7155 7175 7176
f 7178 7059 7058
f 7059 7178 8398
f 7066 6673 7064
f 7157 7051 6707
f 7157 4273 7051
f 7170 6706 7329
f 7170 6913 6706
f 6914 6425 7088
f 7095 7051 7050
f 6707 7051 7095
f 4273 6425 7050
f 5138 4217 4216
f 7179 7180 7181
f 6707 6645 6731
f 7101 6590 6343
f 6772 4157 6280
f 6859 7182 7183
f 6859 6858 7182
f 6731 7329 6707
f 6892 7174 7131
f 7089 7097 7329
f 7089 7088 7097
f 6706 7089 7329
f 6706 6914 7089
f 6773 7118 6889
f 7329 7131 7174
f 6719 7174 6892
f 7088 4272 7097
f 6622 6624 6871
f 4272 4273 7157
f 7157 6707 7329
f 6050 6051 7187
f 6871 6893 6870
f 6815 4220 8689
f 6815 6869 4220
f 7152 4108 6107
f 4108 7152 4106
f 6566 7188 7189
f 6100 5989 6831
f 7167 6835 7190
f 6774 6731 6719
f 7191 7192 8778
f 7042 7168 7043
f 7168 7042 7169
f 7193 7194 6874
f 7194 7571 6874
f 7329 7118 7131
f 8011 7195 5577
f 7043 7196 7421
f 7197 4123 7125
f 6616 7230 7290
f 7202 6544 6331
f 6189 6425 6913
f 7198 7177 7199
f 7200 7198 7199
f 7201 6612 7145
f 6825 6110 4220
f 6110 8689 4220
f 6857 7194 7193
f 7203 7175 7204
f 7203 7176 7175
f 7205 7206 7876
f 7691 6958 7207
f 7208 6668 6751
f 7208 6666 6668
f 7209 7165 7166
f 7210 7203 7204
f 7203 7210 7211
f 5138 4165 1496
f 7290 7629 6804
f 6810 6751 6792
f 6791 6810 6792
f 6105 7152 6107
f 6105 6861 7152
f 7212 7213 8679
f 7212 7214 7213
f 6837 6836 7052
f 6836 6751 7052
f 6761 7173 7215
f 7216 6891 6890
f 7217 7629 7218
f 7187 7219 7204
f 7219 7187 7220
f 6849 7221 6623
f 6489 6455 6486
f 6821 6623 6622
f 6799 6798 6809
f 6809 6810 6791
f 6821 6849 6623
f 6836 6722 6751
f 6722 6836 6723
f 6745 6623 7221
f 7222 6873 6872
f 7223 7222 6872
f 6608 7224 7225
f 7226 6131 6865
f 7227 7208 6751
f 7208 7227 7228
f 6666 7208 7228
f 6504 7085 3791
f 6787 4160 6877
f 4108 6166 6107
f 6264 7071 7232
f 7211 7210 7233
f 6508 6776 6777
f 6867 7234 7235
f 7316 6318 7629
f 7236 7146 7062
f 7237 7236 8649
f 6849 6850 6789
f 6981 6589 7015
f 7175 8689 7204
f 7203 7211 7176
f 7238 7239 7240
f 7117 7709 7166
f 7241 7210 7204
f 7241 7233 7210
f 6856 7571 7194
f 6857 6856 7194
f 6893 6624 6745
f 7242 6301 7243
f 7244 7245 7246
f 6871 6624 6893
f 7175 6814 8689
f 6814 7175 7155
f 6803 6013 6893
f 6776 6506 8678
f 6506 6776 6508
f 7219 7241 7204
f 7219 7220 7241
f 7241 7220 7233
f 6800 5779 6787
f 4160 4159 7122
f 4159 5928 7122
f 6777 6775 7248
f 7221 6969 6745
f 7249 7250 7251
f 6875 7252 6876
f 6936 7038 7071
f 7253 7254 7232
f 6488 6881 6981
f 7255 7571 7247
f 7256 7255 7247
f 7182 8678 7183
f 6858 7248 7182
f 7248 6775 7182
f 6775 8678 7182
f 6860 6859 7257
f 6859 7183 7257
f 7183 7258 7257
f 7258 6860 7257
f 7259 7260 7261
f 6337 5138 5438
f 7230 7231 6850
f 6444 6800 6787
f 5138 6656 6336
f 6060 8765 6421
f 4250 6665 5138
f 4756 5408 5171
f 7262 6883 6882
f 6883 7262 7026
f 7599 7263 7264
f 6672 5138 6336
f 5750 5408 6320
f 6550 7265 7266
f 6320 5408 5311
f 7105 6887 6443
f 7267 7268 6981
f 7269 7268 7267
f 6422 5745 7031
f 6216 5685 7571
f 6971 6851 6853
f 7695 7113 7270
f 7250 7271 7251
f 7271 7250 6421
f 7272 7112 7273
f 7113 7112 7272
f 7275 6881 6486
f 7276 7277 7278
f 6131 7695 6866
f 6865 6131 6866
f 7247 7626 7279
f 7571 7626 7247
f 6877 7122 7222
f 7122 6873 7222
f 6873 7122 6877
f 7290 7230 6445
f 7280 7281 7539
f 7648 7282 7283
f 6867 7571 6865
f 7271 7284 7251
f 7235 7571 6867
f 6463 6421 6422
f 7268 6589 6981
f 7269 6589 7268
f 7285 7286 7249
f 7286 7250 7249
f 7250 7286 6421
f 5744 7286 7285
f 7286 5744 6421
f 7269 7267 7275
f 7193 6874 6876
f 6881 7267 6981
f 7275 7267 6881
f 6589 7269 6835
f 6971 6970 6851
f 6970 6981 6851
f 6812 5928 4159
f 4158 6812 4159
f 7287 6589 7288
f 7015 6589 7287
f 7015 7287 7041
f 7287 7288 7041
f 7288 7015 7041
f 7288 7041 7043
f 7288 7044 7041
f 7169 7042 7044
f 7223 6872 6855
f 7168 7289 7043
f 7168 7167 7289
f 6445 6787 7290
f 6796 4158 6787
f 5686 6981 6970
f 5687 5686 6970
f 6877 7222 7223
f 7234 6900 7235
f 7234 7695 6900
f 6867 6866 7234
f 6866 7695 7234
f 7301 7217 6616
f 6131 6981 7695
f 6804 6864 6805
f 6864 6804 7629
f 6804 6616 7290
f 6856 6873 7571
f 7226 6852 6131
f 6852 6981 6131
f 6900 6902 7235
f 6853 6852 7226
f 5198 7230 6870
f 7252 6875 7255
f 6875 7571 7255
f 7173 7230 7215
f 7173 6762 7231
f 7291 7221 6761
f 7292 7293 8679
f 7293 7292 7294
f 6761 7215 7291
f 6850 7231 6789
f 6850 6821 7230
f 6789 6762 7221
f 6013 5198 6870
f 6319 7296 7218
f 6762 6789 7231
f 7297 7298 7299
f 7298 7297 7695
f 7221 6849 6789
f 7173 7231 7230
f 7283 7300 6886
f 7629 7301 6864
f 6948 6745 6969
f 7302 7026 7303
f 7290 6787 7629
f 7270 7304 7691
f 7301 6616 6805
f 6787 7223 6855
f 6787 7193 6876
f 7305 6958 7691
f 6958 7305 7306
f 6904 7279 7307
f 6905 6904 7307
f 7308 7309 7310
f 7312 7313 7314
f 6319 7218 7629
f 6997 7107 6280
f 7283 7317 7300
f 7000 6999 7318
f 6787 6857 7193
f 7629 7319 7320
f 6787 6855 6857
f 7320 7322 7323
f 6787 6877 7223
f 7324 7325 6975
f 7329 7325 7324
f 7325 7326 7327
f 7326 7325 7329
f 7145 6674 7117
f 6947 7249 7251
f 7153 7329 7174
f 6888 6964 6992
f 6927 6188 6926
f 7330 7331 7332
f 7331 7330 6677
f 4303 7333 7334
f 7333 4303 8398
f 7336 7709 7225
f 7337 7338 7086
f 6969 7221 7428
f 6908 6910 7339
f 7340 7336 7225
f 6976 7341 7342
f 6930 6932 7343
f 7338 7344 7080
f 7338 7337 7344
f 7345 4302 4304
f 7346 7002 7016
f 6964 7347 6992
f 7348 7087 7349
f 7312 7265 7313
f 7025 6968 6988
f 7350 7351 7352
f 7353 6960 6959
f 7416 7353 6959
f 8125 7354 7355
f 6319 6318 7296
f 7356 6998 7000
f 6324 6841 6363
f 6962 7025 6990
f 7360 7318 7361
f 8323 7362 7363
f 7364 7365 6972
f 7649 7364 6972
f 7366 7367 7368
f 7416 6959 7369
f 6959 6961 7369
f 6980 7360 7361
f 7416 7360 6980
f 7370 7016 7371
f 7416 7373 7374
f 7373 7375 7374
f 6961 6960 7379
f 6990 7025 6988
f 7416 7377 7356
f 7377 6998 7356
f 7378 7539 6947
f 7377 7371 6998
f 7318 6999 7361
f 6983 6984 7380
f 6961 7379 7381
f 5935 6948 6760
f 7382 7383 7384
f 6964 7005 7347
f 6853 7571 6971
f 7403 6888 6968
f 6888 7385 7386
f 7387 7388 7389
f 5504 5937 7390
f 7392 7393 7394
f 5744 7031 5745
f 6980 7361 7395
f 7001 7002 7346
f 7416 7001 7346
f 6888 7012 7396
f 6962 7403 7025
f 7397 7379 7398
f 7416 7346 7370
f 7346 7016 7370
f 6865 7571 7226
f 6992 7347 6968
f 7399 8496 7400
f 7416 7401 7360
f 7401 7318 7360
f 7006 7005 6023
f 7347 7007 6968
f 7299 7626 7278
f 7320 7279 7626
f 8153 6190 6888
f 7356 7000 7401
f 7416 7356 7401
f 7370 7371 7377
f 7416 7370 7377
f 6023 7005 6964
f 7571 6902 7404
f 6569 7001 7416
f 7016 6267 7371
f 7405 7406 6988
f 7401 7000 7318
f 7571 6853 7226
f 6267 8146 7379
f 5600 6760 6968
f 7371 6267 6999
f 5505 6569 7416
f 6569 6940 7001
f 6940 6952 7001
f 6998 7371 6999
f 6557 7571 6873
f 6902 7571 7235
f 7005 7007 7347
f 7649 7407 7408
f 7407 7397 7408
f 7372 7409 7410
f 7322 7411 7323
f 7322 7412 7411
f 7413 7414 7415
f 7416 6980 7353
f 6980 7395 7353
f 5744 7285 7031
f 7470 7417 5222
f 7007 6985 6968
f 7418 7419 6982
f 7649 7418 6982
f 7342 7405 6988
f 7571 5687 6971
f 5687 7571 5685
f 7284 6947 7251
f 7285 6947 7031
f 7249 6947 7285
f 6835 7169 7044
f 7421 7015 7043
f 7275 6486 6835
f 7269 7275 6835
f 7288 6589 6835
f 7421 6981 7015
f 6835 7167 7169
f 7043 7015 7288
f 7044 7288 6835
f 7273 7112 7539
f 7539 7308 7310
f 7695 6981 7421
f 7416 7420 7422
f 7420 7423 7422
f 6882 6947 7295
f 6888 7396 7424
f 6965 7374 7027
f 7374 6965 7416
f 7392 7394 6931
f 7425 7539 7378
f 7313 7265 7734
f 7427 7428 7429
f 6343 6504 7470
f 6295 7430 7750
f 8625 5619 6594
f 8649 6928 7431
f 7291 7432 5050
f 7038 6363 7071
f 5619 8162 6594
f 7434 7435 6698
f 7256 7247 7439
f 7440 7441 6391
f 7440 7321 7441
f 7443 6643 7444
f 7879 7443 7444
f 7082 5049 7445
f 6790 5575 5504
f 7447 7448 7449
f 7450 7451 7452
f 5222 7453 6671
f 7453 6669 6671
f 7454 7324 7455
f 7454 7329 7324
f 7456 7417 3941
f 7457 7879 7120
f 5936 6746 5937
f 7458 7121 7459
f 6395 8398 6393
f 7105 7458 7470
f 7458 7105 7121
f 7460 7461 7462
f 2495 7463 7464
f 2496 2495 7464
f 8623 8162 5619
f 8086 7465 7466
f 7467 7468 7469
f 7471 6342 7472
f 7291 7215 7432
f 7473 7474 6391
f 6787 6876 7629
f 7150 6669 7453
f 7471 7472 6653
f 6652 7471 6653
f 7472 6521 6653
f 6343 7476 7101
f 7476 6652 7101
f 3791 7085 3792
f 6600 6647 3793
f 6647 6600 6648
f 3790 6646 3791
f 6343 3793 7476
f 7085 6343 7476
f 3793 3792 7476
f 3792 7085 7476
f 6647 3790 3793
f 3790 6647 6646
f 7189 7477 7076
f 6358 6652 6654
f 6521 6358 6654
f 7478 6343 6342
f 7476 7478 6652
f 6343 7478 7476
f 7478 7471 6652
f 7471 7478 6342
f 7479 6281 7480
f 7481 7479 7480
f 7483 7484 7485
f 7486 7483 7485
f 7487 7488 6710
f 7144 7077 6280
f 7172 6926 6188
f 6926 7172 7329
f 7321 7440 7069
f 6957 6997 6280
f 7165 6613 6391
f 7209 6613 7165
f 6612 7164 6391
f 7201 7164 6612
f 6057 7871 5886
f 7245 6303 6302
f 7458 7459 7490
f 7470 7458 7490
f 4304 4303 7334
f 7879 7491 7492
f 7491 7493 7492
f 5138 4216 6656
f 6189 7172 6188
f 7495 7496 7497
f 6997 6957 6955
f 7709 7117 7510
f 7145 7117 7201
f 7303 7161 7163
f 7161 7303 7026
f 7069 7709 7321
f 6395 7502 7503
f 7467 7504 7434
f 7054 7178 7506
f 7178 7054 8398
f 7141 6788 7098
f 7224 7340 7225
f 7224 6391 7340
f 7144 7348 7143
f 7507 7127 7508
f 7509 7507 7508
f 7327 8398 6975
f 7060 7151 7345
f 7143 7349 7080
f 7349 7143 7348
f 6615 7069 6614
f 7455 7324 6975
f 7151 4302 7345
f 8398 4302 7151
f 7349 6916 7080
f 6916 7349 7087
f 7201 7117 7166
f 7148 7863 4098
f 6956 7142 7080
f 7077 7142 6956
f 7055 7054 7506
f 6916 7338 7080
f 7086 7338 6916
f 7098 7053 7055
f 6188 6927 6425
f 7166 7709 7209
f 7404 7511 7238
f 7503 7454 7455
f 7076 7477 7074
f 7477 7177 7074
f 7510 6996 7080
f 7059 7151 7060
f 8398 7151 7059
f 6978 7513 7514
f 7513 6978 6677
f 7107 6997 6996
f 6975 7325 7327
f 6883 7515 6884
f 7026 7515 6883
f 7201 7166 7164
f 7087 7348 6280
f 6614 7440 6391
f 7069 7440 6614
f 7209 7709 6615
f 6280 7107 4268
f 6394 7502 6395
f 7329 7502 6394
f 7506 7178 7058
f 5952 7517 7995
f 5952 5761 7517
f 7502 7454 7503
f 7329 7454 7502
f 6925 6394 6393
f 7329 6394 6925
f 7518 7519 8628
f 6451 6450 7520
f 7348 7144 6280
f 7209 6615 6613
f 7629 7359 7521
f 7086 7087 6280
f 6280 7337 7086
f 7522 7523 7524
f 7523 7177 7524
f 6608 7225 6609
f 6340 6339 5138
f 7503 8398 6395
f 7321 7709 7336
f 5222 7417 7456
f 7252 7255 7256
f 7441 7340 6391
f 7441 7336 7340
f 7336 7441 7321
f 6927 6925 6393
f 8398 6425 6927
f 7221 7291 5050
f 7455 8398 7503
f 7523 7526 7177
f 7527 7526 7523
f 7326 7528 7529
f 7326 7156 7528
f 6975 8398 7455
f 6393 8398 6927
f 7035 7530 7034
f 7153 7174 6697
f 7084 6751 7177
f 7258 7183 7292
f 7183 7294 7292
f 7294 7258 7292
f 7081 7428 7082
f 7531 7532 7533
f 7149 7150 7453
f 5222 7149 7453
f 7648 5048 7432
f 7319 7535 7320
f 7535 7279 7320
f 7536 7537 7538
f 6677 7537 7536
f 7539 7540 7541
f 7543 7544 8513
f 7545 7544 7543
f 7196 7546 7421
f 7546 7196 7547
f 7439 7548 6903
f 7550 7474 7244
f 7474 7551 6391
f 7550 7551 7474
f 7553 7227 7554
f 7227 6751 7554
f 7555 7556 7557
f 7556 7555 7156
f 7113 7272 7558
f 7272 7273 7558
f 7273 7113 7558
f 7427 7429 7559
f 7218 7648 6616
f 7278 7297 7299
f 7156 7329 7153
f 6328 5138 6339
f 7082 7428 5049
f 7246 6302 7242
f 7526 7074 7177
f 7074 7526 7075
f 7560 6906 6907
f 7561 7260 7562
f 7535 7412 7322
f 7320 7535 7322
f 7320 7412 7535
f 5911 5910 7563
f 7188 6568 7177
f 7188 6566 6568
f 7411 7564 7323
f 6568 7084 7177
f 7084 6568 6567
f 7567 7568 7569
f 7629 7439 6903
f 7553 7554 7083
f 7188 7177 7477
f 7189 7188 7477
f 7075 7526 7527
f 7554 6751 7084
f 7083 7554 7084
f 7228 7227 7553
f 7629 6903 6905
f 7445 5048 7648
f 6049 7570 6051
f 7571 7240 7572
f 7629 7320 7323
f 7263 7599 6349
f 8649 7236 7062
f 7428 7437 6969
f 7574 7575 7576
f 6876 7252 7629
f 6651 5138 6272
f 6050 7219 8695
f 6050 7187 7219
f 7259 7565 8695
f 7565 7259 7261
f 7213 7214 7294
f 7577 6625 7578
f 7579 7580 7581
f 7378 7302 7425
f 7252 7256 7629
f 7582 7599 7583
f 6450 7212 7520
f 7212 8679 7520
f 7428 7081 7300
f 7472 7470 6521
f 7298 7584 7299
f 7317 7429 7428
f 7247 7279 7548
f 7439 7247 7548
f 7282 7317 7283
f 7216 6091 6409
f 7565 6049 8695
f 6049 7565 7570
f 7542 7695 7277
f 7276 7542 7277
f 7570 7565 7261
f 7259 8695 7562
f 7260 7259 7562
f 7081 6886 7300
f 7219 7585 8695
f 7585 7219 7187
f 6751 8025 7177
f 7562 8695 7586
f 7587 7562 7586
f 7587 7561 7562
f 7588 7587 7586
f 7561 7587 7588
f 7589 7588 8684
f 7588 7589 7590
f 7591 7589 8684
f 7591 7590 7589
f 7590 7591 7592
f 6899 7262 7295
f 7262 6899 7026
f 6835 6947 7539
f 7584 7593 7626
f 6905 7307 7319
f 7213 7292 8679
f 7213 7294 7292
f 7594 7595 6471
f 6566 8699 6567
f 7597 8011 7598
f 7043 7289 7196
f 7289 7190 7196
f 7240 7239 7600
f 7239 7695 7600
f 7594 7601 8679
f 7594 6471 7601
f 7596 7202 5604
f 7600 7695 7542
f 7572 7600 7542
f 7214 7212 6450
f 6470 6451 7602
f 6451 7520 7602
f 7520 8679 7602
f 7284 7271 6899
f 7271 6421 6899
f 7032 7603 6832
f 7604 7605 7606
f 6902 6901 7404
f 7594 8679 7607
f 7595 7594 7607
f 7205 7595 7607
f 7304 7608 7691
f 7609 7608 7304
f 7396 7014 7610
f 7311 7376 7573
f 7734 7427 7313
f 7425 7303 7163
f 6665 5930 7079
f 7273 7558 7270
f 7273 7611 7558
f 7599 7493 7612
f 7475 6625 7577
f 6409 7488 7216
f 7244 7246 6409
f 7444 6642 7120
f 7278 7277 7297
f 7277 7695 7297
f 7120 7879 7444
f 6358 6654 7232
f 6654 7614 7232
f 7112 7615 7539
f 7295 7262 6882
f 7302 7303 7425
f 6946 7616 7378
f 7558 7617 7270
f 7617 7558 7611
f 7616 7302 7378
f 7026 7302 7616
f 7584 7626 7299
f 7618 7205 7607
f 7190 7547 7196
f 7310 7617 7611
f 7359 7009 7521
f 7511 7695 7239
f 7238 7511 7239
f 7572 7542 7276
f 7404 6901 7511
f 6901 7695 7511
f 7619 7112 7421
f 7615 7112 7619
f 7620 7539 7621
f 6896 6897 6281
f 7289 7167 7190
f 7622 7623 7624
f 7615 7546 7547
f 7617 7309 7270
f 7310 7309 7617
f 7240 7600 7572
f 7648 7316 7315
f 7546 7619 7421
f 7615 7619 7546
f 6884 7515 6946
f 7648 7296 6318
f 6967 7379 7628
f 7215 7648 7432
f 6946 7515 7616
f 7515 7026 7616
f 6947 7284 7295
f 7309 7304 7270
f 7309 7308 7304
f 7281 6958 7539
f 7284 6899 7295
f 7648 7230 6616
f 7629 7576 7630
f 7429 7282 7559
f 7632 7633 7634
f 8765 6843 6421
f 7636 7637 7638
f 7637 7636 7639
f 7640 7641 7177
f 7640 7642 7641
f 6903 7548 6904
f 7548 7279 6904
f 7319 7307 7535
f 7307 7279 7535
f 7643 7633 7632
f 7644 5934 7645
f 5050 5049 7221
f 7282 7648 7559
f 6934 7907 7647
f 7648 7283 6886
f 7648 7218 7296
f 6885 7445 7648
f 7282 7429 7317
f 7629 7217 7301
f 7215 7230 7648
f 5049 7428 7221
f 7428 7734 7437
f 7734 7428 7427
f 6885 7082 7445
f 5048 7445 5049
f 7081 6885 6886
f 5048 5050 7432
f 7317 7428 7300
f 7637 7652 7638
f 7008 7648 7315
f 7323 7564 7629
f 7629 7630 7653
f 7654 8513 5105
f 5104 7654 5105
f 7620 7635 7655
f 7635 8105 7655
f 7656 7657 7658
f 6909 6993 6995
f 7532 7659 7533
f 7156 7659 7532
f 6318 6319 7629
f 7593 7426 7047
f 7426 8513 7047
f 7311 6605 7376
f 7629 6905 7319
f 7238 7571 7404
f 7025 7403 6968
f 7372 7393 7392
f 7661 7668 7662
f 7663 7661 7662
f 7663 7662 7664
f 7427 7559 7314
f 6999 6267 7379
f 7378 6947 6946
f 6968 6760 7689
f 7240 7571 7238
f 6999 7395 7361
f 6760 8421 7689
f 7629 7256 7439
f 7396 7012 7014
f 7014 7013 6988
f 7424 7610 7665
f 7369 6961 7381
f 7395 6999 6960
f 7341 7405 7342
f 7386 7385 7406
f 7571 7276 7278
f 6947 6882 6884
f 7422 7423 7666
f 7651 7650 7667
f 7375 7379 7027
f 7353 7395 6960
f 6888 6963 7012
f 6965 7027 6967
f 6963 6990 7013
f 7013 6990 6988
f 7420 7381 7423
f 7669 7670 7671
f 7672 7673 9605
f 6888 7386 7341
f 6966 6967 7628
f 8323 7363 6932
f 7675 7398 7676
f 6948 8421 6760
f 7674 7311 7646
f 7666 7423 7379
f 7894 6909 6908
f 7311 7648 7646
f 7374 7375 7027
f 7418 7677 7419
f 7409 7678 6930
f 7381 7379 7423
f 7409 6930 7343
f 7651 7667 7679
f 7385 7424 7665
f 7626 7681 6907
f 6888 7424 7385
f 7373 7666 7375
f 8513 7207 7682
f 7403 6963 6888
f 7320 7626 7412
f 7571 7572 7276
f 7626 7571 7278
f 7363 7339 6932
f 7686 7687 8096
f 7688 7687 7686
f 7424 7396 7610
f 7610 7014 6988
f 6931 7394 6932
f 7012 6963 7013
f 7695 7691 8513
f 6968 7689 6988
f 7629 7574 7576
f 6966 7628 7692
f 7416 6966 7692
f 7369 7381 7420
f 7416 7369 7420
f 7375 7666 7379
f 6960 6999 7379
f 7693 7694 7407
f 7416 7693 7407
f 7422 7666 7373
f 7416 7422 7373
f 7539 7425 7163
f 7162 7161 7696
f 7161 7026 7696
f 7270 7113 7273
f 7611 7273 7539
f 7547 7190 6835
f 7539 7547 6835
f 7615 7547 7539
f 7310 7611 7539
f 7421 7113 7695
f 5106 7626 5104
f 7698 8847 7699
f 7397 7694 7379
f 7700 7609 7539
f 6409 6091 6093
f 7701 6547 6548
f 7202 7184 5573
f 7459 7702 7490
f 7703 7704 7705
f 8034 7704 7703
f 7470 7490 7417
f 7490 7702 7417
f 7564 7706 7574
f 6546 6670 6548
f 7493 7707 7492
f 7382 7708 7383
f 7708 8513 7383
f 7706 7668 7575
f 7574 7706 7575
f 7653 7710 7661
f 7710 7668 7661
f 6603 6559 5222
f 6559 7475 5222
f 7711 7712 7713
f 7714 7264 7046
f 7879 7714 7046
f 7033 7487 6710
f 7033 8649 7487
f 7384 7715 7716
f 7717 6057 7099
f 7475 7717 7099
f 7653 7661 7663
f 6831 5989 9975
f 7643 7718 7719
f 7720 7721 7722
f 7721 6281 7722
f 7468 7724 7469
f 7724 8684 7469
f 7504 7469 7725
f 7504 7467 7469
f 7726 7452 7995
f 7726 7450 7452
f 7727 7728 7729
f 7730 7330 7731
f 7330 7730 6677
f 5926 5925 5312
f 7732 7079 4116
f 7334 7333 7733
f 7456 7149 5222
f 7149 7456 3942
f 7633 7841 7622
f 7735 7736 7737
f 7738 7739 7740
f 7741 7742 7743
f 6677 7742 7741
f 7745 7746 7995
f 6746 7746 7745
f 7747 6977 6979
f 6604 6325 6603
f 6670 6546 6671
f 7748 7505 7070
f 7505 7748 6677
f 7538 7749 7761
f 7456 3941 3942
f 7254 7486 6264
f 7253 7614 7254
f 6058 7253 7254
f 7751 7752 6986
f 7753 7754 7755
f 3884 6058 7756
f 3882 3884 7756
f 7614 3882 7756
f 7483 7757 7484
f 7486 7485 7758
f 7485 7759 7758
f 7702 3941 7417
f 7614 7756 7254
f 7756 6058 7254
f 7757 7760 7253
f 7879 7492 7605
f 7492 7707 7605
f 7078 4116 7079
f 6643 6642 7444
f 9153 7762 7763
f 5222 4116 7078
f 7764 3882 7614
f 3883 3882 7764
f 3883 7764 6358
f 6654 7764 7614
f 7764 6654 6358
f 7759 7765 7758
f 7765 7486 7758
f 7626 5106 7681
f 7254 7760 7486
f 7760 7254 7253
f 7760 7483 7486
f 7757 7483 7760
f 7484 7759 7485
f 7443 6348 6643
f 7023 7717 7475
f 6056 7717 7023
f 6625 7766 7578
f 6590 6650 6648
f 7743 7742 7768
f 7741 8398 6677
f 7769 5952 7995
f 5952 7769 5762
f 7337 7274 7344
f 7431 6819 7073
f 7770 7730 7731
f 7771 7772 7773
f 7772 7771 7802
f 7709 7510 7080
f 7327 7326 7529
f 7326 7329 7156
f 7775 7599 7776
f 7742 7774 7768
f 6677 7774 7742
f 7777 7778 6840
f 7757 7470 7484
f 6683 7779 6682
f 6753 6280 7820
f 7500 7462 7080
f 7460 7462 7500
f 7462 7499 7080
f 7499 7462 7461
f 7195 8011 6920
f 7780 7781 6808
f 7768 7774 7782
f 7070 7505 7770
f 6301 7246 7242
f 6301 7709 7246
f 5875 7741 6757
f 7741 5875 8398
f 7774 7748 7782
f 7748 7774 6677
f 7505 7730 7770
f 6677 7730 7505
f 7460 7500 7783
f 9022 7784 7785
f 7787 7788 7789
f 7789 7499 7461
f 7499 7788 7080
f 7789 7788 7499
f 7333 5875 7733
f 8398 5875 7333
f 7733 5875 6757
f 6757 7741 7743
f 7344 7790 7080
f 7790 7344 7274
f 7126 7127 7507
f 7788 7769 7080
f 7787 7769 7788
f 7791 7792 8011
f 6778 7792 7791
f 7782 7748 7070
f 5762 7769 7787
f 7080 7769 7995
f 7790 7500 7080
f 7500 7790 7783
f 7274 7783 7790
f 9022 7793 7497
f 8011 7794 7598
f 7040 7795 7039
f 7274 7337 6280
f 7557 7556 7531
f 7550 6093 7551
f 7576 7796 7630
f 7023 7024 7797
f 7685 7798 7021
f 7786 7799 7800
f 7156 7799 7786
f 7739 7786 7740
f 7786 7739 7156
f 7225 7709 6609
f 7533 7659 7738
f 7659 7739 7738
f 7156 7739 7659
f 7740 7786 7800
f 7801 7555 7557
f 7529 7528 7801
f 7528 7555 7801
f 7528 7156 7555
f 7556 7532 7531
f 7532 7556 7156
f 7551 6092 6391
f 6093 6092 7551
f 6987 7048 7654
f 7048 8513 7654
f 7457 7804 7879
f 7804 7457 7466
f 7806 7807 7808
f 8034 7807 7806
f 7197 5604 6331
f 6609 6301 7242
f 6301 6609 7709
f 7232 7101 6358
f 7894 6976 7372
f 6364 6726 6365
f 7634 7633 7622
f 7810 7811 7812
f 7312 7314 7648
f 7716 7715 7625
f 7715 8513 7625
f 7813 7814 7621
f 7814 7635 7621
f 8105 7635 7814
f 7621 7635 7620
f 7816 7817 7818
f 7817 7177 7818
f 7664 7636 7638
f 8216 7802 7153
f 8216 7153 6697
f 6753 5504 7390
f 6198 6597 6750
f 6829 7819 7390
f 7819 7809 7390
f 7809 7819 6829
f 7821 7822 7823
f 7664 7662 7636
f 7662 7639 7636
f 7825 7826 7827
f 7522 7524 7828
f 7818 7177 7641
f 7829 7818 7641
f 6303 7473 6391
f 6665 7079 7732
f 7592 7591 7724
f 7591 8684 7724
f 8653 6392 7830
f 6392 7831 7830
f 7527 7523 7522
f 7830 7831 7566
f 6625 7119 7766
f 7767 7037 7832
f 7524 7177 7613
f 7828 7524 7613
f 7448 7817 7816
f 7642 7829 7641
f 7393 7402 7394
f 7817 7447 7177
f 7447 7817 7448
f 7008 7315 7521
f 7315 7629 7521
f 7449 7828 7613
f 7841 7633 7643
f 8512 8129 7311
f 7816 7818 7829
f 7447 7613 7177
f 7447 7449 7613
f 7648 7009 7646
f 8653 7830 7566
f 7412 7626 7668
f 7640 7350 7642
f 7833 6958 7281
f 7207 6958 7833
f 7834 7199 7835
f 7834 7836 7199
f 7197 7125 5604
f 7837 7266 7311
f 7838 6933 7679
f 6550 7734 7265
f 7674 6605 7311
f 7351 7640 7177
f 7640 7351 7350
f 8513 7426 7695
f 7634 7624 7311
f 6976 7402 7372
f 7623 7622 7841
f 7312 7266 7265
f 7469 8684 7725
f 7311 7624 7842
f 7843 7844 7845
f 7725 6699 7846
f 6699 6698 7846
f 6699 7725 7839
f 7725 7840 7839
f 7840 6699 7839
f 7847 7191 7840
f 7634 7622 7624
f 7266 7312 7311
f 7427 7314 7313
f 6551 7837 7842
f 7468 7592 7724
f 7847 7839 8684
f 7847 7840 7839
f 7827 7849 7845
f 7850 7851 7682
f 7541 7851 7850
f 7826 7849 7827
f 8105 7849 7826
f 7696 7026 7852
f 7693 7680 7694
f 7853 7854 7855
f 7576 7575 7796
f 7575 7668 7796
f 7706 7412 7668
f 6348 7856 6349
f 7593 7047 7049
f 6698 7435 7846
f 7435 7725 7846
f 7435 7504 7725
f 7435 7434 7504
f 7859 7192 7191
f 7849 7843 7845
f 7843 7849 8105
f 7734 6551 7623
f 7311 7842 7837
f 6551 7842 7623
f 7859 7847 8684
f 7847 7859 7191
f 5106 5105 7860
f 5105 8513 7860
f 7861 5911 7181
f 7860 8513 7862
f 7681 7860 7862
f 7049 7626 7593
f 7049 7048 6987
f 7696 7852 7864
f 7026 8105 7852
f 7865 7879 7866
f 5885 7028 7100
f 7783 7274 6280
f 7796 7668 7710
f 7630 7796 7710
f 6670 6665 6548
f 5106 7860 7681
f 7657 7867 7658
f 7867 7858 7658
f 7630 7710 7653
f 7584 7298 7426
f 7298 7695 7426
f 7008 7521 7009
f 7564 7411 7706
f 7411 7412 7706
f 7457 7120 7868
f 7871 7869 7030
f 7870 7599 7264
f 7442 7872 7865
f 7604 7873 7879
f 7775 7873 7604
f 6302 6301 7242
f 6363 6350 6650
f 6421 6843 6941
f 6843 6922 6941
f 7852 7814 7813
f 7814 7852 8105
f 7864 7852 7813
f 7306 7875 7700
f 7162 7696 7864
f 7955 7539 7877
f 7281 7878 7682
f 7281 7280 7878
f 7541 7280 7539
f 7207 7833 7878
f 7833 7281 7878
f 7281 7207 7878
f 7662 7668 7639
f 7541 7850 7280
f 7878 7850 7682
f 7850 7878 7280
f 7955 7567 7569
f 7308 7539 7609
f 7609 7304 7308
f 7875 7305 7691
f 7305 7875 7306
f 6987 7654 5104
f 7844 7880 7877
f 6421 6941 7026
f 7646 7009 7359
f 7881 7882 7883
f 7882 7884 7883
f 7884 7881 7883
f 7885 7311 7908
f 7887 7888 7889
f 7887 7890 7888
f 7891 7892 7893
f 7162 7864 7539
f 7895 8967 8520
f 6910 6995 6932
f 6299 7897 6300
f 6988 7689 6932
f 7898 7543 8513
f 7545 7543 7898
f 7359 7629 7653
f 7900 7901 7902
f 7838 7679 7667
f 7629 7564 7574
f 7851 7903 7682
f 7851 7540 7903
f 6958 7306 7539
f 7862 7560 6907
f 7862 8513 7560
f 7904 7887 7889
f 7887 7904 7905
f 7314 7559 7648
f 7681 7862 6907
f 7609 7700 7608
f 7372 7402 7393
f 7620 7655 7825
f 7655 7826 7825
f 8105 7826 7655
f 7540 7851 7541
f 7608 7875 7691
f 7875 7608 7700
f 7316 7629 7315
f 7545 7898 7906
f 7584 7426 7593
f 6969 7437 7631
f 7869 7029 7030
f 7841 7907 7690
f 7841 7647 7907
f 7386 7406 7405
f 7416 7692 7693
f 7692 7680 7693
f 7842 7624 7623
f 7359 7908 7573
f 7437 7734 7841
f 7734 7623 7841
f 7685 7021 7020
f 7649 7685 7020
f 7648 7311 7312
f 7909 7910 7911
f 7837 6550 7266
f 7837 6551 6550
f 7408 7398 7675
f 7649 7408 7675
f 8421 6948 7631
f 7406 7665 6988
f 7410 7409 7343
f 7332 7331 7914
f 7915 7916 7917
f 7838 7907 6934
f 7354 7918 7355
f 7359 7653 7663
f 7903 7540 7919
f 6923 8513 7708
f 6924 6923 7708
f 7882 7544 7884
f 7881 7544 7882
f 7692 7628 7680
f 7649 7675 7920
f 7675 7676 7920
f 7385 7665 7406
f 7649 7921 7364
f 7921 7922 7364
f 7339 6910 6932
f 7923 7884 7955
f 6976 7342 6988
f 6969 7631 6948
f 6993 7924 6994
f 7357 7920 7925
f 7649 7920 7357
f 7678 7409 7372
f 8512 7311 7885
f 5505 7416 7649
f 7680 7379 7694
f 7687 7927 7928
f 8096 7687 7928
f 7894 6908 7362
f 7357 7925 7798
f 7676 7379 7925
f 7402 6988 6932
f 7372 7392 7678
f 7929 7930 7931
f 7884 7883 7889
f 7884 7923 7883
f 7676 7398 7379
f 7626 7049 6987
f 7932 7933 7934
f 7935 7936 7937
f 7920 7676 7925
f 6281 7938 7939
f 7402 6976 6988
f 7628 7379 7680
f 7678 7392 6931
f 7941 7942 7943
f 7944 7022 7945
f 7408 7397 7398
f 7665 7610 6988
f 7407 7694 7397
f 7947 7948 7949
f 7416 7407 7649
f 8444 7950 7951
f 7950 7952 7951
f 7924 7410 7953
f 7438 7954 4290
f 6888 6976 7894
f 7394 7402 6932
f 6888 7341 6976
f 7678 6931 6930
f 7649 7020 7944
f 7020 7022 7944
f 7341 7386 7405
f 7825 7539 7620
f 7162 7539 7163
f 7813 7539 7864
f 7844 7539 7845
f 7621 7539 7813
f 7845 7539 7827
f 7827 7539 7825
f 7539 7306 7700
f 7207 8513 7691
f 7270 7691 7695
f 7682 7207 7281
f 6559 6325 6326
f 8153 8920 1987
f 7956 7957 7958
f 7960 7955 7569
f 7410 7343 7953
f 7856 7443 7879
f 6348 7443 7856
f 7961 8405 9052
f 7963 7525 7964
f 7530 7797 7024
f 7646 7359 7674
f 6728 7965 6365
f 7965 6728 7966
f 7569 7967 7960
f 7869 7766 7119
f 7132 7968 6295
f 7968 7132 6594
f 7969 7718 7311
f 7971 6635 7159
f 7390 5937 7745
f 5937 6747 7745
f 6747 7390 7745
f 7754 7806 7755
f 8034 7806 7754
f 7832 7972 7767
f 7331 6917 7914
f 6917 7331 6677
f 7793 7495 7497
f 7100 7028 7475
f 6747 7819 6829
f 7603 7973 6833
f 5222 6547 7974
f 6547 7701 7974
f 7975 8086 7442
f 5931 6604 6602
f 5929 5931 6602
f 5222 5929 6602
f 7078 5929 5222
f 5930 5929 7078
f 6519 6520 7978
f 6325 6559 6603
f 7438 7979 9434
f 7513 7795 7040
f 6677 7795 7513
f 6057 5886 7099
f 7978 5911 6638
f 5222 7974 4116
f 7974 7732 4116
f 7980 7451 5504
f 7701 7732 7974
f 7871 7530 7035
f 7035 6560 6326
f 7981 7011 7982
f 7011 7981 7156
f 7873 7775 7776
f 6979 4098 7747
f 8628 2496 9384
f 7873 7776 7985
f 7879 7873 7985
f 7776 7582 7985
f 7812 7987 7986
f 7758 7988 7879
f 7988 7758 7765
f 7612 7988 7765
f 7493 7491 7612
f 7988 7491 7879
f 7491 7988 7612
f 7707 7606 7605
f 6652 6358 7101
f 7755 7808 7761
f 6918 6977 7747
f 6977 6918 6677
f 7199 7177 7835
f 6134 7229 6418
f 7705 7704 7753
f 7644 7792 6778
f 7705 7753 7761
f 7989 7990 7713
f 7989 7761 7991
f 7992 7993 7171
f 8649 7993 7992
f 7755 7806 7808
f 7994 7819 7995
f 6829 7819 7994
f 7187 6051 7803
f 7854 7996 7855
f 7854 8513 7996
f 5936 6752 7997
f 7998 7726 7995
f 6305 7726 7998
f 7731 7330 7332
f 7999 8000 8001
f 9036 8000 7999
f 8002 8089 7966
f 8003 8004 7552
f 7770 4098 7070
f 7514 7513 7040
f 6305 7998 6752
f 6919 6918 7747
f 6665 6325 6604
f 7450 7726 6305
f 7714 7870 7264
f 8005 8006 8007
f 8006 8005 8034
f 6746 5936 7746
f 6746 7745 6747
f 6757 4098 7733
f 7795 7536 7039
f 7536 7795 6677
f 7997 7998 7995
f 7998 7997 6752
f 7808 7807 8008
f 7517 7994 7995
f 7994 7517 6830
f 6979 6978 7514
f 8009 8010 8011
f 8010 8009 7980
f 7746 7997 7995
f 7997 7746 5936
f 7914 6917 6919
f 6830 7517 5761
f 6829 7994 6830
f 7819 7745 7995
f 6747 7745 7819
f 7800 7799 8012
f 7156 7153 7802
f 7578 7871 8013
f 7507 814 8075
f 8014 7011 7156
f 8014 8015 7011
f 7836 7200 7199
f 7799 7981 8012
f 7156 7981 7799
f 7709 7080 7995
f 8016 8017 6287
f 4123 7995 8011
f 8012 7981 7982
f 7475 7577 8018
f 7039 7536 7538
f 7709 7995 4123
f 8019 6596 8020
f 8015 7982 7011
f 3883 7470 3884
f 8021 8022 8023
f 7802 8022 8021
f 7488 6891 7216
f 7062 6754 6756
f 7709 7494 6409
f 6891 7487 8649
f 7488 7487 6891
f 6753 6830 5761
f 8020 8024 8011
f 8024 8020 6596
f 7768 4098 7743
f 7810 7986 7835
f 7810 7812 7986
f 8026 8027 8028
f 7156 8029 8030
f 8031 8032 8033
f 8035 7909 7911
f 7909 8035 8105
f 8036 7810 7835
f 7810 8036 7811
f 8037 7834 7835
f 7834 8037 8038
f 6595 6779 8039
f 6909 6995 6910
f 7650 7896 8332
f 7525 8041 6813
f 7759 7470 7765
f 7907 7838 7667
f 5533 6928 6780
f 7352 7198 7200
f 7352 7351 7198
f 7351 7177 7198
f 7834 8038 7836
f 8038 8037 8042
f 8043 7835 7986
f 7987 8043 7986
f 7650 8332 7907
f 7720 7722 8044
f 7647 7719 7969
f 6935 7969 7311
f 7098 7055 7863
f 8045 6281 7716
f 8042 8043 7987
f 8042 8037 8043
f 8037 7835 8043
f 7768 7782 4098
f 6934 7647 6935
f 7749 7703 7705
f 7437 7841 7690
f 8047 8035 7911
f 7650 7907 7667
f 8048 8049 8050
f 7960 8051 8047
f 7969 6935 7647
f 8513 7544 7881
f 8052 8053 7579
f 8053 7639 7579
f 8049 8054 8050
f 8054 8684 8050
f 6982 7419 6984
f 7674 7359 6606
f 6605 7674 6606
f 6819 7431 5532
f 8056 6298 6300
f 7811 8036 8057
f 8058 8059 8060
f 7905 7904 7923
f 8061 7767 7972
f 6906 7560 6923
f 7560 8513 6923
f 7867 6827 7858
f 7867 6828 6827
f 7383 8513 7715
f 7384 7383 7715
f 8049 6808 8054
f 7841 7643 7719
f 8062 7859 8684
f 8062 7192 7859
f 8051 8035 8047
f 8035 8051 8105
f 7192 8062 8063
f 7722 7479 8044
f 7722 6281 7479
f 7996 7366 7855
f 7632 7634 7311
f 6808 7781 8054
f 7781 8684 8054
f 8064 7780 8065
f 7781 8064 8684
f 8064 7781 7780
f 8066 8065 8063
f 8066 8062 8684
f 8066 8063 8062
f 8064 8066 8684
f 8066 8064 8065
f 8067 8068 8055
f 8067 8069 8070
f 8067 8055 8069
f 8069 8055 8048
f 8050 8684 8070
f 8069 8050 8070
f 8050 8069 8048
f 7311 7573 7908
f 8071 7912 7949
f 7887 7905 7890
f 7682 7903 8072
f 7903 7919 8072
f 7652 8073 8052
f 8052 8073 8053
f 8073 7639 8053
f 8045 8074 7853
f 6896 6281 7721
f 8076 6896 7721
f 8077 8078 8376
f 7967 8051 7960
f 8105 8051 7967
f 6828 7867 7657
f 7579 8053 7580
f 8053 6897 7580
f 6897 8053 7579
f 7682 8072 8513
f 6924 7708 7382
f 8154 8079 8080
f 8081 8082 8083
f 6894 6896 8076
f 6936 6841 7036
f 8076 7721 7720
f 7581 6895 6894
f 7912 8084 8085
f 6658 6659 7583
f 7983 7984 7475
f 8087 7874 7567
f 7865 7872 7037
f 7026 6941 8105
f 6995 6994 6932
f 7881 8252 8513
f 8088 8105 7874
f 7874 7568 7567
f 7568 7874 8105
f 6922 8483 8105
f 7880 8088 7877
f 8088 7880 8105
f 8088 7874 8087
f 7540 7955 7919
f 7540 7539 7955
f 7598 7794 6898
f 8090 8091 8991
f 8092 8091 8090
f 7843 8105 7880
f 7844 7843 7880
f 8093 8094 8095
f 7716 7625 8045
f 7877 8088 8087
f 8097 8098 8376
f 7883 7904 7889
f 7904 7883 7923
f 8072 7898 8513
f 7906 7898 8072
f 7414 8078 7415
f 7637 7639 8073
f 7652 7637 8073
f 7906 8072 7919
f 8045 7625 8074
f 7625 8513 8074
f 7479 7481 8044
f 7775 7604 7606
f 7643 7632 7718
f 7955 8087 7567
f 7419 7677 8324
f 7539 7844 7877
f 7568 8105 7967
f 7569 7568 7967
f 6941 6922 8105
f 8074 8513 7854
f 7853 8074 7854
f 7688 7686 8102
f 7650 7651 7896
f 7580 6897 6895
f 7581 7580 6895
f 7102 7103 9130
f 7690 7631 7437
f 7359 7376 6606
f 7311 7651 7679
f 7718 7969 7719
f 7719 7647 7841
f 6933 7838 6934
f 8512 7885 8104
f 7311 7718 7632
f 7311 7679 6933
f 7690 7907 7631
f 7311 6933 6935
f 7311 7896 7651
f 8106 8107 8558
f 7573 7376 7359
f 7649 7357 7685
f 7357 7798 7685
f 8108 7669 8109
f 7669 6281 8109
f 8110 8111 8112
f 8346 8113 8114
f 8115 8116 8117
f 7894 6993 6909
f 7894 7362 8323
f 8967 8118 8119
f 8120 7945 7677
f 7894 7372 6993
f 7372 7410 7924
f 7362 7339 7363
f 7924 7953 6994
f 7362 6908 7339
f 8121 7929 8138
f 8122 8123 8124
f 7944 7945 8120
f 7649 7944 8120
f 8115 8117 8127
f 8125 8115 8127
f 6994 7953 6932
f 7953 7343 6932
f 7649 8120 7418
f 8120 7677 7418
f 7372 7924 6993
f 8415 8323 6932
f 8524 7481 8131
f 6973 6974 8132
f 8133 8134 8135
f 8136 9213 8137
f 8087 7955 7877
f 8047 7955 7960
f 7906 7919 7955
f 7955 8047 7911
f 7544 7545 7955
f 7545 7906 7955
f 6281 7384 7716
f 8082 8139 8140
f 9226 8141 8142
f 8145 8920 8579
f 7717 6056 6057
f 8148 6459 8149
f 8150 8151 8152
f 8157 8158 7124
f 8159 8077 7932
f 7465 7804 7466
f 6726 8089 8002
f 6363 6590 7071
f 6727 8002 6728
f 8002 6727 6726
f 7038 6936 7036
f 5337 7391 7728
f 7727 5337 7728
f 6816 7155 8688
f 2752 7482 8160
f 9556 8161 6683
f 8163 8164 8165
f 8163 7802 8164
f 8166 7771 7773
f 5192 5191 8625
f 6682 6333 8167
f 7451 7980 8009
f 6056 7023 7797
f 7979 5911 9434
f 7033 6832 8649
f 6627 8169 6628
f 8169 6627 8089
f 8010 8020 8011
f 8019 8020 8010
f 7475 7034 7024
f 7034 7530 7024
f 7264 7263 7046
f 5373 7992 7171
f 6595 8024 6596
f 8170 8171 8172
f 6658 7714 7879
f 7870 7714 6658
f 7475 7029 7119
f 7029 7869 7119
f 8452 8173 8579
f 8174 8171 8170
f 8024 8039 8011
f 6595 8039 8024
f 8019 8010 7980
f 8175 8176 7784
f 8177 8178 7134
f 8008 8005 8007
f 7537 7703 7749
f 7703 7537 8034
f 8165 8164 8180
f 6391 7243 6301
f 7792 7645 8011
f 7792 7644 7645
f 8181 8021 8023
f 6778 7791 6779
f 8039 7791 8011
f 7791 8039 6779
f 7976 6518 2118
f 8006 8184 8185
f 8034 8184 8006
f 8187 8188 8181
f 8189 8714 8190
f 8191 8189 8190
f 8188 8021 8181
f 7802 8021 8188
f 7807 8005 8008
f 8005 7807 8034
f 7563 8192 8193
f 7452 8009 8011
f 8009 7452 7451
f 6286 6285 9401
f 6752 5936 5504
f 7537 6677 8034
f 7538 7537 7749
f 8164 8194 8180
f 8194 8164 7802
f 7704 7754 7753
f 7754 7704 8034
f 7995 7452 8011
f 8195 7712 7711
f 7772 8196 8197
f 7772 7802 8196
f 8198 8163 8165
f 7869 7871 7766
f 7773 7772 8197
f 7055 7506 7863
f 4123 8011 7596
f 8199 8200 8201
f 7976 8202 4245
f 8202 4246 4245
f 8187 8180 8194
f 7965 8203 7961
f 8203 7965 7966
f 7525 8204 8041
f 5504 7597 7598
f 7993 6818 7171
f 6818 7073 6819
f 7073 7993 8649
f 7073 6818 7993
f 7493 7599 7707
f 8206 8207 8714
f 8208 8207 8206
f 8204 8195 8041
f 8209 8210 8211
f 6710 7488 6409
f 8057 8212 8059
f 4301 8213 7744
f 4301 5905 8213
f 8189 8214 8714
f 8189 8215 8214
f 7433 8018 8013
f 8217 8190 8218
f 8190 8714 8218
f 8191 8190 8217
f 8060 7835 8714
f 8057 8036 8212
f 8036 7835 8212
f 8207 8218 8714
f 8207 8219 8218
f 8219 8217 8218
f 8214 8060 8714
f 8060 8214 8058
f 8215 8058 8214
f 8220 8221 8222
f 8212 7835 8060
f 8059 8212 8060
f 8215 8189 8191
f 5911 8223 7072
f 8108 8109 7891
f 7899 6626 7498
f 2765 6626 7899
f 6678 7123 9022
f 8207 8208 8219
f 7959 7367 8513
f 8805 8224 8225
f 8226 8227 8228
f 8067 8070 8229
f 8068 8067 8229
f 8070 8230 8231
f 8230 8232 8231
f 8232 8070 8231
f 8233 8234 8235
f 7481 7480 8131
f 7631 7907 8332
f 8094 7959 8236
f 8095 8094 8236
f 8070 8232 8229
f 8232 8068 8229
f 8230 8237 6474
f 8237 8230 8231
f 8100 7835 8025
f 8235 8238 8093
f 7983 8018 7433
f 7368 8239 8233
f 8216 8240 8100
f 8111 8241 8112
f 8241 8111 7959
f 8242 8155 8243
f 7886 8155 8242
f 7910 8244 8245
f 8246 8247 8369
f 8245 8248 8249
f 8250 8251 8252
f 8253 8251 8250
f 7889 7888 8254
f 7888 8255 8254
f 8256 8257 8558
f 7868 7599 8086
f 8248 8258 8249
f 8258 8248 8483
f 7886 8242 8259
f 8242 8243 8259
f 8243 7886 8259
f 8346 7893 8113
f 8255 8261 8254
f 8249 8258 8262
f 8263 8264 8265
f 8483 8264 8263
f 8266 8267 8268
f 8558 8269 8270
f 8143 8272 8226
f 8264 8221 8220
f 8221 8264 8483
f 8273 8274 8275
f 8274 8273 9306
f 7909 8105 8483
f 7367 7959 8239
f 7368 7367 8239
f 7909 8483 8244
f 7910 7909 8244
f 8265 8264 8220
f 8243 8259 8276
f 8243 8228 8259
f 8244 8248 8245
f 8483 8248 8244
f 8277 8278 8279
f 8233 8239 8234
f 8239 7959 8234
f 7669 7671 6281
f 8110 8236 8111
f 8236 7959 8111
f 7888 7890 8255
f 8253 8250 8261
f 7889 8254 8252
f 8251 8155 8252
f 8253 8155 8251
f 8234 7959 8238
f 8235 8234 8238
f 8280 8281 8143
f 8254 8250 8252
f 8250 8254 8261
f 8272 8281 8276
f 8272 8143 8281
f 8227 8272 8276
f 8226 8272 8227
f 7996 8513 7367
f 7366 7996 7367
f 8259 8227 8276
f 8227 8259 8228
f 8282 8283 8284
f 8109 6281 7892
f 7891 8109 7892
f 8086 8056 6300
f 8093 8238 8094
f 8238 7959 8094
f 8129 8332 7896
f 8241 7900 8112
f 8286 8287 8288
f 8095 8236 8110
f 8290 9638 8291
f 8292 7777 6840
f 8293 8294 9361
f 8297 8298 8299
f 8300 8301 8302
f 8046 8305 8306
f 8308 8309 8310
f 7951 8313 8444
f 7940 8313 7951
f 8314 8315 8316
f 8317 8318 8319
f 8320 8321 8322
f 7896 7311 8129
f 8317 8319 8558
f 8156 8325 8086
f 8326 8327 8328
f 8329 8330 8331
f 8324 7677 7945
f 7355 8334 8335
f 8125 8127 7956
f 8127 7957 7956
f 8335 8334 8336
f 7728 8337 7729
f 7728 7391 8337
f 8125 7355 8335
f 6972 7365 6974
f 8338 8339 8579
f 8127 8117 7957
f 7494 6754 7146
f 8125 8341 8115
f 8341 8116 8115
f 7364 7922 7365
f 8342 8343 8995
f 8344 8345 8854
f 7399 8345 8344
f 7359 8052 7579
f 6932 7689 8415
f 8347 8348 8349
f 8350 8351 8128
f 8096 8350 8128
f 8352 8353 8354
f 8862 8353 8352
f 8444 8313 6986
f 8313 7751 6986
f 8357 8358 8103
f 8358 8357 9213
f 8359 6840 8360
f 8452 8426 8361
f 8364 7946 8365
f 8269 8558 8366
f 8367 8368 8381
f 8253 8261 8612
f 8370 8356 8369
f 8371 8372 8373
f 7387 7389 7934
f 8374 8375 8376
f 7384 6281 7382
f 7366 6281 7855
f 8095 6281 8093
f 8524 6894 8076
f 7359 7652 8052
f 8097 8377 8378
f 8084 8379 8085
f 7689 8421 8415
f 8382 8336 8563
f 8385 8386 8387
f 8096 8388 8350
f 8388 8389 8350
f 5910 5909 7954
f 6813 8041 7711
f 5372 5573 5574
f 8390 6621 8391
f 8061 8086 9792
f 6665 7150 7229
f 7879 7804 7866
f 7804 7465 7866
f 8061 8156 8086
f 7872 6299 7037
f 6299 7872 7897
f 7465 7975 7866
f 8186 9036 8392
f 6365 7965 9052
f 7060 7345 7863
f 7794 8011 6599
f 8393 4183 4185
f 4247 5911 6520
f 8168 8394 8395
f 4123 8182 7125
f 7832 8056 8325
f 8019 7980 5504
f 7181 7072 7179
f 8396 8337 8397
f 8337 7391 8397
f 6628 8399 8624
f 7832 8325 7972
f 4217 7229 6134
f 8676 6861 6104
f 8400 8185 8184
f 8007 8006 8185
f 7482 9434 5911
f 7735 8402 8403
f 8182 4123 7596
f 6596 8019 5504
f 8405 6552 9052
f 7197 6331 6544
f 8169 8089 8406
f 8034 8004 8184
f 6920 7645 5934
f 5575 5577 8408
f 8181 8034 8187
f 8410 8411 8412
f 8411 8714 8412
f 7531 6677 7557
f 6724 6842 6791
f 7871 7035 6326
f 8414 8411 8410
f 8003 7991 7761
f 7146 7236 7147
f 8715 8653 7987
f 8314 8206 8315
f 8206 8714 8315
f 8418 8414 8419
f 8208 8206 8314
f 5338 5337 7727
f 8412 8714 8420
f 8387 8412 8420
f 8410 8412 8387
f 8418 8416 8714
f 8418 8419 8416
f 8419 8316 8416
f 7100 7099 5886
f 8315 8714 8416
f 8316 8315 8416
f 8422 8423 8714
f 8423 8422 8424
f 8411 8418 8714
f 8418 8411 8414
f 7812 8715 7987
f 8423 8420 8714
f 8423 8385 8420
f 8385 8387 8420
f 8423 8424 8385
f 8427 8428 8429
f 8430 8431 8432
f 8433 8434 8590
f 7683 8434 8433
f 7379 8324 7798
f 8435 8433 8590
f 8436 8433 8435
f 6514 6504 6341
f 8437 8590 8298
f 8297 8437 8298
f 8025 8409 8439
f 8409 8440 8439
f 7699 8441 8442
f 8441 7959 8442
f 8442 7959 7962
f 7698 8442 7962
f 7856 7879 7045
f 8443 8441 7699
f 6842 6385 6278
f 8590 8434 8448
f 8434 8449 8448
f 8450 8451 8286
f 8406 8089 6726
f 7900 8241 7901
f 8241 7959 7901
f 7713 7990 6813
f 6058 7470 7253
f 7577 7578 8013
f 6642 7868 7120
f 8432 8454 8455
f 8456 8457 8590
f 8458 8457 8456
f 8459 8460 8360
f 8461 8462 8463
f 8458 8456 8464
f 8430 8465 8431
f 8465 8483 8431
f 8454 8466 8455
f 8466 8454 8483
f 8077 7933 7932
f 8467 8468 8359
f 8460 8469 8360
f 8483 8469 8460
f 8470 8471 8472
f 8471 8483 8472
f 8473 8474 8299
f 8475 7962 8437
f 7962 8590 8437
f 7683 8433 8436
f 8436 8435 8476
f 8436 8476 8612
f 8469 8467 8359
f 8467 8469 8483
f 8360 8469 8359
f 8590 7962 7959
f 8477 8435 8590
f 8435 8477 8476
f 8478 7959 8441
f 8443 8478 8441
f 8187 6677 8180
f 8284 7912 8282
f 8480 8386 8481
f 8448 8456 8590
f 8456 8448 8464
f 8470 8472 8459
f 8466 8471 8482
f 8483 8471 8466
f 8431 8454 8432
f 8454 8431 8483
f 8482 8471 8470
f 8455 8466 8482
f 8472 8460 8459
f 8483 8460 8472
f 8484 8323 8415
f 8281 8477 8590
f 8280 8477 8281
f 7698 7962 8475
f 8434 7683 8449
f 8280 8476 8477
f 8485 8457 8458
f 8276 8281 8590
f 7699 8442 7698
f 7902 8478 8443
f 8374 8098 8486
f 8449 8464 8448
f 8457 8487 8590
f 8457 8485 8487
f 7902 7901 8478
f 7901 7959 8478
f 8444 8488 8489
f 8488 8490 8489
f 8298 8473 8299
f 8473 8298 8590
f 8517 8807 9660
f 8491 8389 8388
f 8475 8437 8297
f 8569 8492 8493
f 8312 8494 8495
f 8317 8497 8318
f 7627 5505 7912
f 8499 8415 8500
f 8296 8501 7684
f 8503 8504 8593
f 8504 8503 8505
f 8346 7891 7893
f 8506 7697 8376
f 8507 8508 8346
f 7697 8509 8376
f 8490 8511 8510
f 8440 8409 8479
f 8347 7950 8444
f 7950 8347 8349
f 8479 8025 7627
f 8296 7912 5505
f 8340 8071 7949
f 8514 6703 8515
f 8079 8516 8080
f 8479 8409 8025
f 8518 8511 8519
f 7798 8324 7021
f 7952 8511 7940
f 8520 8040 7895
f 8128 8351 8085
f 8521 8593 8522
f 8523 8521 8522
f 6888 8040 8130
f 8991 8525 8526
f 8525 8527 8526
f 7947 8523 8522
f 8312 8531 8444
f 8531 8312 8495
f 7379 7798 7925
f 8126 8532 8533
f 8129 8512 7926
f 8128 8379 8096
f 8379 8128 8085
f 8132 8116 8341
f 8520 8119 8101
f 8130 8118 8967
f 7359 8524 8346
f 8536 8537 8538
f 8324 7379 8146
f 8129 8995 8332
f 8296 5505 8046
f 8539 8540 8541
f 8324 7022 7021
f 7365 7922 8324
f 8119 8118 8542
f 8091 8306 8543
f 8991 8091 8543
f 8350 8389 8351
f 8376 8509 8544
f 8305 8046 8545
f 8363 8275 8546
f 8847 8443 7699
f 8138 8547 8548
f 8132 6974 8324
f 8549 7895 8040
f 8116 8324 8117
f 6984 7419 8324
f 7945 7022 8324
f 8501 8550 8551
f 8332 8995 8421
f 8335 8336 8382
f 8324 7922 7380
f 7922 7921 7380
f 6983 7380 7921
f 7649 6983 7921
f 7380 6984 8324
f 8116 8132 8324
f 8318 8552 8319
f 8324 6974 7365
f 8125 8335 8382
f 8553 8554 8555
f 8421 8995 8415
f 8324 7957 8117
f 7649 8125 5505
f 7649 6973 8341
f 7918 8324 8334
f 8125 7649 8341
f 8132 8341 6973
f 8334 8324 8336
f 8324 7918 7958
f 8125 7956 7354
f 7918 7354 7958
f 7958 7957 8324
f 7958 7354 7956
f 7816 8445 7448
f 7355 7918 8334
f 8046 5505 8125
f 8559 8560 8102
f 8108 8524 7670
f 8561 8562 6840
f 8382 8563 8125
f 8535 8342 8564
f 8500 8415 8565
f 8566 8567 8568
f 8958 8125 8563
f 8570 8571 8967
f 8572 8573 8574
f 8575 8533 8532
f 8096 8575 8532
f 8576 8577 8342
f 8343 8415 8995
f 8491 7912 8389
f 8580 8371 7857
f 8495 8511 8348
f 8581 8519 8494
f 8368 8582 8583
f 8376 8584 8585
f 8586 8139 8081
f 8587 8357 8588
f 9213 8357 8587
f 8589 8373 8372
f 8451 8287 8286
f 8451 8597 8287
f 8487 8485 8592
f 8378 8377 7413
f 8521 8594 8530
f 8593 8521 8530
f 8595 6840 8558
f 8847 8474 8614
f 8594 7912 8528
f 8596 8373 8589
f 8598 8599 8338
f 9313 8600 8601
f 8243 8155 8612
f 7889 7881 7884
f 8603 11018 8604
f 7955 8245 8612
f 7389 8605 7934
f 8606 8607 8608
f 8588 8103 8376
f 8365 8610 8611
f 8612 7905 7923
f 8461 8463 8369
f 8617 8303 8558
f 8275 8274 8546
f 8618 8619 6840
f 8621 8395 8223
f 8622 8623 5619
f 7966 8089 8203
f 7430 7968 5336
f 7968 7391 5336
f 5620 5191 8626
f 7729 8396 7750
f 8627 8622 5620
f 8622 5619 5620
f 8626 5191 7512
f 5191 5192 7512
f 6333 6682 9407
f 4127 4128 8629
f 7185 7186 8630
f 7482 6725 9434
f 7701 6665 7732
f 4285 8629 6294
f 8631 8632 8633
f 6594 6552 8625
f 7990 7989 7991
f 8399 8634 6364
f 7438 4291 7979
f 3942 7229 7150
f 8179 8652 8635
f 9792 8086 7599
f 6753 7809 6829
f 7039 7538 7761
f 8625 5191 5620
f 8649 6780 6928
f 8337 8396 7729
f 5575 6790 5576
f 4301 7126 8075
f 8018 7577 8013
f 7709 4123 7202
f 10581 2765 7899
f 6890 6391 6092
f 4123 7197 6544
f 7820 7596 7597
f 4128 6594 7132
f 8636 8637 8016
f 7246 7709 6409
f 8638 5911 7979
f 8639 8640 8641
f 7451 7450 5504
f 5885 7871 7030
f 8056 7832 6298
f 7983 7433 7984
f 7770 7731 4098
f 7832 7037 6298
f 9792 7475 7984
f 8061 9792 7767
f 7465 8086 7975
f 5885 7100 5886
f 7037 7767 9792
f 8056 8086 8325
f 7972 8325 8156
f 8061 7972 8156
f 7871 6056 7797
f 6642 7599 7868
f 7037 7071 7879
f 7433 7871 7984
f 7868 8086 7466
f 7865 7866 7975
f 7870 6658 7583
f 5620 8626 8627
f 7263 7045 7046
f 7871 7433 8013
f 7466 7457 7868
f 7045 7263 6349
f 7871 6326 6665
f 8643 10921 8644
f 7582 6659 7985
f 7494 7147 7973
f 8401 8417 8026
f 6607 7243 4164
f 7390 7809 6753
f 6331 5604 7202
f 5338 7727 7750
f 7246 7245 6302
f 8638 7979 4291
f 7460 7783 6280
f 6409 7032 6710
f 8649 6811 5574
f 7973 7603 6409
f 6659 7582 7583
f 7983 7475 8018
f 7705 7761 7749
f 7071 6464 6936
f 7964 7525 6813
f 7897 8086 6300
f 7865 7975 7442
f 4250 7984 7871
f 8645 2495 2494
f 7391 2495 8645
f 7599 7582 7776
f 5373 6811 7992
f 7879 7865 7037
f 7872 7442 7897
f 9792 7599 7475
f 7470 7759 7484
f 6391 4164 7243
f 7442 8086 7897
f 8408 5933 5504
f 6298 7037 6299
f 7028 5885 7030
f 6608 4164 7224
f 5532 7431 6928
f 7789 7461 6280
f 5575 8408 5504
f 7232 7071 7101
f 7529 8398 7327
f 6659 7879 7985
f 7150 6665 6669
f 5987 8646 8647
f 6305 6752 5504
f 5483 5311 6562
f 7294 7214 7876
f 7758 6264 7765
f 6443 7229 7121
f 7599 7612 7765
f 7856 7045 6349
f 7494 6819 5532
f 8049 8048 8778
f 5504 6753 7820
f 6898 6790 5504
f 7237 7147 7236
f 7973 6409 7494
f 8182 7596 5604
f 8408 5577 7195
f 6747 6829 7390
f 6898 7794 6599
f 7973 7237 6833
f 8408 7195 5933
f 8635 8027 8026
f 8635 8652 8027
f 6833 7237 8649
f 7147 7237 7973
f 7991 8003 7552
f 5934 7644 5504
f 6753 7787 6280
f 6754 7062 7146
f 7242 6607 6609
f 4250 4098 9038
f 7702 7229 3941
f 7599 7870 7583
f 7707 7599 7606
f 7963 8204 7525
f 8195 8204 7761
f 7530 7871 7797
f 7871 6665 4250
f 7766 7871 7578
f 8649 6391 6891
f 5484 6562 6363
f 6348 7599 6643
f 6590 6363 6650
f 8034 7990 7552
f 6650 6350 6309
f 7599 7765 7470
f 7758 7879 6264
f 7604 7879 7605
f 7614 7253 7232
f 6920 8011 7645
f 6092 6091 6890
f 7498 6626 6628
f 6464 7071 4995
f 7599 7470 5222
f 6303 6391 6301
f 7765 6264 7486
f 9792 4791 7037
f 7245 7244 7473
f 7711 7713 6813
f 6341 6504 6601
f 4501 5399 5398
f 7989 7712 7761
f 8417 8401 8179
f 8195 7711 8041
f 7085 6504 6343
f 8034 7552 8004
f 7603 6833 6832
f 7755 7761 7753
f 8650 2118 2117
f 7808 8008 7761
f 7475 7599 5222
f 7245 7473 6303
f 7101 7071 6590
f 8034 6813 7990
f 7990 7991 7552
f 5931 6665 6604
f 7071 6264 7879
f 7599 7775 7606
f 6753 5762 7787
f 6665 7701 6548
f 7229 7702 7459
f 5138 6665 7229
f 7470 7757 7253
f 6093 7550 6409
f 8182 5604 7125
f 4995 7071 7820
f 5749 5408 5750
f 7184 7202 7596
f 7709 7202 7494
f 7195 6920 5933
f 5504 7820 7597
f 6607 7242 7243
f 7244 7474 7473
f 4164 6391 7224
f 7202 4123 6544
f 6779 6595 5504
f 5373 7171 7202
f 5504 7598 6898
f 8003 8400 8004
f 6091 7216 6890
f 6518 4247 6520
f 7596 7820 7184
f 8011 7597 7596
f 5576 8011 5577
f 5989 6561 6391
f 8417 8179 8635
f 7712 7989 7713
f 8406 6726 8634
f 8417 8635 8026
f 8401 8028 6813
f 8401 8026 8028
f 6813 8652 8179
f 8179 8401 6813
f 8652 9038 8027
f 7963 8027 9038
f 9038 7761 8204
f 7963 9038 8204
f 8028 8027 7964
f 8027 7963 7964
f 8028 7964 6813
f 8008 8007 7761
f 7040 4098 7514
f 9097 8205 8654
f 5438 5138 6328
f 8195 7761 7712
f 6841 6464 6363
f 6350 6363 6562
f 7459 7121 7229
f 5138 4501 4250
f 7848 4301 8075
f 6841 6936 6464
f 5138 6651 5747
f 5408 6504 5311
f 7156 8030 8655
f 6264 7232 7254
f 6342 7470 7472
f 7037 4791 7071
f 8405 8089 6552
f 6504 6646 6648
f 8003 7761 8400
f 8656 8177 6539
f 5504 7450 6305
f 5373 5372 6811
f 7603 7032 6409
f 5504 7644 6778
f 6979 7514 4098
f 8004 8400 8184
f 4098 7761 9038
f 8185 7761 8007
f 8185 8400 7761
f 5138 6672 6272
f 7229 4217 5138
f 7141 7098 7863
f 6504 6648 6601
f 6648 6650 6308
f 5940 6504 6377
f 7965 7961 9052
f 8629 4128 6294
f 7431 7073 8649
f 7803 7434 6698
f 7858 6834 6736
f 6819 7494 7202
f 6561 7065 6391
f 6409 7550 7244
f 7461 7460 6280
f 2116 8660 2117
f 7787 7789 6280
f 8649 5574 7184
f 6755 6754 7494
f 6634 812 7509
f 6811 8649 7992
f 5573 5372 7202
f 8663 8664 8665
f 7332 4098 7731
f 7805 8199 8201
f 7040 7761 4098
f 8200 8666 8201
f 8200 8034 8666
f 6813 8034 8199
f 7914 6919 4098
f 6919 7747 4098
f 7914 4098 7332
f 7094 7863 7092
f 6845 8662 8030
f 6464 6549 6363
f 7782 7070 4098
f 7345 4304 7863
f 4165 5138 5747
f 7733 7863 7334
f 7141 7863 7094
f 6785 7092 7863
f 8668 8669 9537
f 6350 6562 5311
f 6448 4107 8657
f 7820 7071 8696
f 7200 8653 7352
f 7839 7840 7725
f 7186 8671 8672
f 8673 8674 8675
f 8649 6756 6780
f 7032 7033 6710
f 6472 8413 8677
f 7184 5989 6391
f 6755 5533 6780
f 8237 8231 8413
f 7803 7467 7434
f 6561 5989 5983
f 7740 6677 7738
f 8034 8200 8199
f 7800 6677 7740
f 8680 6677 8015
f 7738 6677 7533
f 7446 8199 7805
f 8666 8034 8661
f 8188 8194 7802
f 8180 6677 8165
f 8681 8201 8666
f 8661 8681 8666
f 8681 8661 8196
f 8661 8197 8196
f 8196 7802 7805
f 8196 7805 8681
f 7805 8201 8681
f 8661 8034 8197
f 7773 8034 8166
f 8197 8034 7773
f 8662 6677 8680
f 8662 8680 8655
f 6757 7743 4098
f 8682 8480 8683
f 7733 4098 7863
f 4304 7334 7863
f 4098 4250 7148
f 7060 7863 7058
f 7189 8699 6566
f 7506 7058 7863
f 5945 7863 7061
f 5484 6549 4755
f 5399 5138 6337
f 8676 7294 7876
f 7750 7430 5338
f 5408 5749 5484
f 8723 6269 4184
f 6549 5484 6363
f 7779 8161 6749
f 6822 6458 6148
f 4107 4106 8657
f 8685 8686 8687
f 8686 9107 8687
f 7803 7211 7233
f 6461 5838 8657
f 8688 6825 6869
f 7176 7211 7803
f 8684 7839 7725
f 8827 6109 6831
f 7803 7592 7468
f 7184 6391 8649
f 7803 7468 7467
f 8447 8690 8369
f 6677 8398 7801
f 8030 8662 8655
f 8188 8187 8194
f 8015 6677 7982
f 7802 7446 7805
f 7802 8216 7446
f 7771 8166 8022
f 8166 8034 8023
f 8023 8034 8181
f 8166 8023 8022
f 7802 7771 8022
f 8034 6677 8187
f 5947 7863 5945
f 6845 6677 8662
f 8198 6677 6844
f 8165 6677 8198
f 7802 8163 8691
f 8163 8198 8691
f 8198 6844 8691
f 8691 6844 8029
f 6844 6845 8029
f 8029 6845 8030
f 8029 7156 8691
f 7802 8691 7156
f 8012 6677 7800
f 8025 8439 8854
f 8680 8015 8014
f 8655 8680 8014
f 7156 8655 8014
f 8692 8693 8694
f 6799 6842 6681
f 7982 6677 8012
f 7831 6392 7824
f 8688 5312 6437
f 7391 7968 6594
f 8063 8065 8778
f 6051 7570 7803
f 6112 6825 8688
f 8689 7585 7204
f 8404 8697 8698
f 6294 4128 7132
f 7801 8398 7529
f 7533 6677 7531
f 7557 6677 7801
f 7549 7824 6392
f 8363 8700 8701
f 8676 7248 6858
f 7430 5336 5338
f 8684 7588 7586
f 8688 6869 6816
f 6508 6777 8676
f 8750 7656 8702
f 7803 7260 7561
f 8705 8692 8706
f 8693 8707 8694
f 5312 6435 6437
f 8696 7071 4791
f 7803 7561 7588
f 6107 6166 6507
f 8183 8708 8709
f 8065 7780 8778
f 7658 7858 8710
f 6442 5926 5312
f 8778 7780 6808
f 8711 8706 8712
f 6507 6508 6107
f 7449 8445 7828
f 8827 8695 8689
f 6736 8713 6737
f 7601 7602 8679
f 6148 8689 6822
f 6332 2118 6637
f 6437 6112 8688
f 6695 6435 5312
f 8684 8695 8827
f 5312 6042 6442
f 7820 8696 7184
f 7803 7588 7590
f 8869 7501 7184
f 7076 8699 7189
f 6723 6842 6724
f 6667 6842 6837
f 6666 8699 6667
f 6721 6842 6500
f 7448 8445 7449
f 7159 9080 7160
f 5228 6842 8699
f 8682 8683 8714
f 6392 8453 7549
f 6498 6842 6277
f 6839 8716 8717
f 7204 7585 7187
f 8718 8719 8805
f 5925 6695 5312
f 6472 8237 8413
f 8678 7293 7183
f 7876 6451 6470
f 8394 8721 8395
f 8722 7206 7618
f 7803 7590 7592
f 8805 6838 6690
f 8068 8778 8055
f 7601 6471 6470
f 8750 7657 7656
f 7233 7220 7803
f 7803 7570 7261
f 8725 8413 8726
f 7876 8713 6826
f 8676 6104 6824
f 5312 8688 7803
f 8688 7155 7176
f 8689 6148 8827
f 8676 6858 6860
f 8669 8727 8728
f 5989 7184 9975
f 8696 8869 7184
f 8622 8627 8623
f 6837 6842 6723
f 8445 7831 7824
f 7946 8610 8365
f 7946 8620 8610
f 7836 8653 7200
f 8316 8715 8314
f 8208 8715 8219
f 6791 6842 6809
f 7075 8445 7076
f 6472 6474 8237
f 5837 6793 8657
f 7261 7260 7803
f 8730 8731 8732
f 7206 8733 7876
f 7876 7214 6450
f 8766 8657 7876
f 8676 6860 7258
f 4106 6861 8657
f 8722 7618 7858
f 7803 8688 7176
f 8693 8692 8734
f 8735 8720 8736
f 8676 6824 6508
f 8695 7585 8689
f 8676 6777 7248
f 6166 5312 7803
f 8231 8738 8413
f 5838 5837 8657
f 8230 8738 8231
f 6793 6448 8657
f 8684 7586 8695
f 8778 7192 8063
f 7187 7803 7220
f 6473 8677 8739
f 8740 8741 8742
f 8743 8739 8677
f 8191 8715 8215
f 8827 6831 9975
f 7553 8699 7228
f 8699 6842 6667
f 9975 7184 7501
f 2752 8160 8202
f 7976 2752 8202
f 7083 8699 7553
f 8745 8746 8079
f 7205 7618 7206
f 7858 8651 8706
f 7258 7294 8676
f 6826 8713 6834
f 8747 8748 8749
f 6861 8676 8657
f 8657 6065 6461
f 8750 8707 8693
f 8225 8751 8718
f 8778 6473 8739
f 8713 7876 6737
f 7876 6828 8750
f 7293 7294 7183
f 8707 8753 8712
f 8754 6738 6737
f 8755 8718 8751
f 8713 6736 6834
f 6166 8679 8678
f 8724 8756 8757
f 8730 7858 8731
f 7840 7191 8778
f 8778 8740 8742
f 8759 8760 8860
f 8618 8760 8759
f 8761 8762 10547
f 7083 6567 8699
f 8699 8216 5228
f 6277 6842 6278
f 6799 6809 6842
f 8453 6392 8653
f 8699 8445 8453
f 6385 6842 5659
f 8215 8715 8058
f 6681 6842 6721
f 8699 7076 8445
f 7987 8653 8042
f 6500 6842 6498
f 6373 6385 6416
f 7876 6471 7595
f 4372 4232 4677
f 8712 8706 8694
f 8711 8764 8706
f 7876 8754 6737
f 8732 8754 7876
f 8733 8722 8730
f 8766 6060 6192
f 8750 8767 8753
f 8657 8676 7876
f 8705 8734 8692
f 8768 8769 8770
f 6827 6826 6834
f 8756 8706 8757
f 8778 7803 7840
f 8732 8733 8730
f 8678 6507 6166
f 8754 8732 8731
f 8679 7293 8678
f 7803 6699 7840
f 8722 8733 7206
f 6738 8754 8731
f 6736 6738 7858
f 8771 8705 8772
f 8805 8716 6838
f 8756 8773 8752
f 8778 6808 8049
f 8738 8230 8070
f 8805 6690 8774
f 8702 7656 8710
f 8651 7858 8679
f 8720 8735 8768
f 8854 8775 8776
f 8775 8777 8776
f 8211 8210 8075
f 7400 8496 8777
f 8668 9537 8780
f 7527 7522 8445
f 7350 8653 7642
f 8387 8715 8410
f 7831 8445 7566
f 8653 7566 8445
f 8453 8653 8216
f 8059 8058 8715
f 7829 8445 7816
f 8699 6666 7228
f 8699 8453 8216
f 8481 8422 8683
f 8422 8714 8683
f 8445 7075 7527
f 7549 8453 8445
f 8719 8755 8752
f 8707 8712 8694
f 7642 8653 7829
f 8059 8715 8057
f 8217 8715 8191
f 8766 7876 8648
f 8386 8715 8387
f 8208 8314 8715
f 8755 8719 8718
f 8702 8767 8750
f 8750 6828 7657
f 8716 6839 6838
f 8766 8765 6060
f 7858 6827 6834
f 8773 8719 8752
f 7658 8710 7656
f 8750 8753 8707
f 8733 8732 7876
f 8722 7858 8730
f 8710 7858 8706
f 7876 7595 7205
f 7607 8679 7618
f 6738 8731 7858
f 8679 7858 7618
f 8710 8706 8764
f 7876 6826 6828
f 8726 8783 8725
f 8717 8757 8706
f 7601 6470 7602
f 6166 8651 8679
f 6166 7803 8651
f 7803 8778 8651
f 8769 8768 8735
f 8736 8413 8735
f 8353 8862 8785
f 8424 8422 8481
f 8216 8682 8240
f 8682 8480 8240
f 8444 8503 8593
f 7939 7893 7892
f 8216 8715 8386
f 8042 8653 8038
f 8219 8715 8217
f 8038 8653 7836
f 8714 8100 8682
f 8100 8240 8682
f 8057 8715 7811
f 8414 8715 8419
f 8419 8715 8316
f 7811 8715 7812
f 8216 8653 8715
f 7352 8653 7350
f 7828 8445 7522
f 7549 8445 7824
f 8424 8386 8385
f 8481 8386 8424
f 8750 8771 8805
f 8653 8445 7829
f 8729 8216 8100
f 8743 8413 8741
f 8772 8706 6061
f 9214 8729 6460
f 8719 8773 8805
f 8696 6460 8869
f 6922 8766 8667
f 8765 8766 6922
f 8186 8392 8789
f 8755 8751 8706
f 8692 8694 8706
f 8862 8766 8648
f 6690 6838 6691
f 8702 8764 8767
f 8778 8230 6474
f 8753 8711 8712
f 8771 8224 8805
f 8755 8706 8752
f 8791 7861 7181
f 8710 8764 8702
f 8711 8767 8764
f 8756 8752 8706
f 8742 8736 8720
f 8734 8705 8771
f 8767 8711 8753
f 8048 8055 8778
f 8725 8770 8769
f 8455 6840 8432
f 8770 8725 8783
f 8684 8827 8413
f 8792 8717 8716
f 8677 6473 6472
f 8738 8070 8684
f 8792 8724 8757
f 8738 8684 8413
f 8827 8726 8413
f 8793 9223 8794
f 8827 8821 8726
f 8386 8682 8216
f 8480 8682 8386
f 8796 8797 8798
f 8480 8481 8683
f 8240 8480 8682
f 8799 6678 8800
f 8609 7358 8801
f 8410 8715 8414
f 8714 7835 8100
f 9556 9407 6197
f 6538 8802 7737
f 7835 7177 8025
f 8803 8804 8446
f 8148 6460 6459
f 7123 8157 7124
f 8627 8626 7512
f 8623 8627 7512
f 8808 8809 8810
f 8440 8383 8811
f 7961 8787 8405
f 8787 7961 8203
f 7916 8511 7917
f 7103 8812 9130
f 8774 6690 6692
f 8439 8440 8811
f 5557 1987 8146
f 7400 8777 8775
f 6286 8636 8016
f 8100 6460 8729
f 8813 9384 8814
f 8815 10295 8816
f 8025 8648 8807
f 8717 8706 6839
f 8805 7876 8750
f 8224 8771 8772
f 8705 8706 8772
f 6692 8706 8849
f 8792 8716 8805
f 8751 8225 6061
f 8756 8724 8773
f 8648 7876 8805
f 8778 8068 8232
f 8743 8741 8740
f 8778 8232 8230
f 6474 6473 8778
f 8778 8768 8770
f 8778 8770 8783
f 8778 8720 8768
f 8778 8742 8720
f 8739 8740 8778
f 8736 8742 8741
f 8743 8740 8739
f 8413 8769 8735
f 8677 8413 8743
f 8413 8725 8769
f 8397 8817 7518
f 7391 8817 8397
f 8651 8778 8821
f 8783 8726 8821
f 8736 8741 8413
f 8778 8783 8821
f 8818 8819 8820
f 8822 8518 8823
f 8444 8822 8823
f 8824 8825 6281
f 8285 8758 7913
f 8572 8040 8828
f 8830 8831 8832
f 6552 2765 10581
f 8750 8734 8771
f 8750 8693 8734
f 8590 8834 8860
f 8717 8792 8757
f 8751 6061 8706
f 8772 6061 8224
f 8225 8224 6061
f 8805 8225 8718
f 8706 6691 6839
f 8805 8724 8792
f 8805 8773 8724
f 8782 6692 8849
f 9220 8835 8836
f 8837 8602 9361
f 8746 8745 8376
f 8486 8098 8838
f 8839 8840 8841
f 8766 8862 8667
f 8591 8842 8843
f 8842 8844 8843
f 8842 8591 8844
f 8774 8782 8781
f 7891 8346 8524
f 8845 8571 8549
f 8561 8846 8562
f 8805 8774 8781
f 8781 8782 8849
f 8848 8590 8614
f 8782 8774 6692
f 8849 8706 8651
f 9994 8100 8807
f 8126 8046 8851
f 8648 8849 8651
f 8919 8995 8967
f 8821 8648 8651
f 8821 8827 8648
f 8439 8852 8854
f 8852 8439 8811
f 8534 8541 8560
f 8605 7387 7934
f 7387 8099 7934
f 7387 8605 8099
f 8528 8530 8594
f 8854 8852 8344
f 8852 8853 8344
f 8855 8856 8854
f 8856 8855 8857
f 8444 8823 8581
f 8823 8519 8581
f 8099 7413 7415
f 8494 8511 8495
f 8100 8025 8807
f 9638 8148 8149
f 8858 8859 8860
f 8858 8861 8859
f 7777 8292 8863
f 8618 7778 8760
f 8864 8865 7697
f 9213 8865 8864
f 8508 8129 8346
f 7399 8344 8853
f 8854 8345 8775
f 8345 7400 8775
f 8648 8805 8781
f 8849 8648 8781
f 8866 8867 8868
f 8575 8550 8533
f 8346 7926 7359
f 8847 8475 8297
f 8479 7627 8383
f 8518 8519 8823
f 7627 8496 8383
f 8870 7857 8871
f 7938 8114 8113
f 8873 8145 8579
f 8874 7930 8569
f 7949 7912 7947
f 8524 7579 7581
f 8516 8746 8376
f 8852 8811 8853
f 8370 8871 8356
f 8255 7890 8612
f 8776 8777 8878
f 8880 8881 10005
f 8080 8882 8883
f 8920 8146 1987
f 8884 7778 7777
f 7913 8885 8996
f 8612 8449 7683
f 8886 8887 8888
f 8468 8467 8889
f 8467 8862 8889
f 8890 8891 8860
f 8303 8891 8890
f 8353 8892 8354
f 8893 8352 8354
f 8894 8895 8896
f 8025 8862 8648
f 8449 6840 8464
f 8898 8492 8899
f 8897 8900 8901
f 8900 8897 8862
f 8507 8114 8825
f 8889 8867 8866
f 8867 8889 8862
f 8583 8902 8450
f 8593 7948 8522
f 7948 7947 8522
f 8900 8862 8846
f 8561 8900 8846
f 8247 8370 8369
f 8468 8889 8866
f 8593 8504 8340
f 8504 8071 8340
f 8861 8595 8859
f 8592 8619 8834
f 8834 8759 8860
f 8759 8834 8619
f 8590 8487 8834
f 8487 8592 8834
f 8859 8903 8860
f 8859 8595 8903
f 8904 8905 8758
f 8904 8257 8905
f 8860 8884 8863
f 8884 7777 8863
f 8858 8292 8861
f 8524 8131 7670
f 8474 8848 8614
f 8907 8908 8909
f 8811 8383 8853
f 8473 8590 8848
f 8474 8473 8848
f 8534 8559 8096
f 8559 8534 8560
f 8910 8911 9568
f 8912 8911 8910
f 7940 7912 7751
f 9226 8913 8914
f 8536 8538 8369
f 8915 8605 8916
f 8091 8092 8306
f 8847 8129 8917
f 8531 8348 8347
f 8444 8531 8347
f 8476 8280 8612
f 8690 8918 8364
f 8533 8296 8126
f 8846 8862 8786
f 8101 8542 8040
f 8867 8862 8897
f 8479 8383 8440
f 7359 7664 7638
f 8618 8759 8619
f 8901 8900 8561
f 8612 8249 8262
f 8786 8352 8893
f 8786 8862 8352
f 8760 8884 8860
f 8884 8760 7778
f 7912 7752 7751
f 7891 8524 8108
f 8863 8858 8860
f 8858 8863 8292
f 8856 8857 7916
f 7751 8313 7940
f 7915 8488 8444
f 8488 7915 7917
f 8855 8878 8857
f 8524 8076 7720
f 8856 7916 7915
f 8854 8856 7915
f 8383 8496 7399
f 8853 8383 7399
f 7400 8345 7399
f 8824 6281 8847
f 8922 8923 9605
f 8922 8924 8923
f 7752 7912 8284
f 8129 8508 8917
f 8580 7857 8870
f 8865 8925 8509
f 9213 8925 8865
f 8851 8527 8525
f 8496 7627 8511
f 8878 8496 8857
f 8857 8511 7916
f 8776 8878 8855
f 8854 8776 8855
f 8615 8927 8926
f 8528 7912 8491
f 8510 8511 8518
f 8496 8511 8857
f 8777 8496 8878
f 8854 7915 8444
f 8822 8510 8518
f 7627 7912 8511
f 8488 7917 8490
f 8511 7912 7940
f 7917 8511 8490
f 8489 8822 8444
f 8822 8489 8510
f 8489 8490 8510
f 8516 8882 8080
f 8519 8511 8494
f 7752 8928 6986
f 8928 8444 6986
f 7669 8108 7670
f 8564 8342 8929
f 8096 8593 8388
f 8282 7912 8930
f 8531 8495 8348
f 8541 7912 8560
f 8524 7720 8044
f 7908 7359 8104
f 8283 8931 8444
f 8282 8931 8283
f 8503 8930 8505
f 8931 8282 8930
f 8348 8511 8349
f 8581 8494 8312
f 8444 8581 8312
f 8129 7926 8346
f 8504 8505 8071
f 7940 7951 7952
f 8119 8542 8101
f 8932 8528 8491
f 8933 8934 8369
f 8935 8936 8991
f 8936 8935 8937
f 7950 8349 7952
f 8096 8938 8551
f 8938 8501 8551
f 8340 7948 8593
f 7948 8340 7949
f 8939 8940 8941
f 9605 8940 8939
f 8540 8084 7912
f 8114 8507 8346
f 8389 7912 8351
f 8349 8511 7952
f 8928 7752 8284
f 8444 8928 8283
f 8928 8284 8283
f 8931 8930 8503
f 8444 8931 8503
f 8524 7359 7579
f 8746 8516 8079
f 8081 8139 8082
f 7885 7908 8104
f 8530 8932 8593
f 8528 8932 8530
f 8505 7912 8071
f 8560 8296 8102
f 6281 7853 7855
f 7359 7926 8104
f 8096 8379 8529
f 8379 8084 8529
f 8930 7912 8505
f 8524 7581 6894
f 8942 9371 8943
f 7912 8523 7947
f 8932 8491 8388
f 8593 8932 8388
f 8474 8847 8299
f 7638 7652 7359
f 7579 7639 7668
f 8523 7912 8594
f 8521 8523 8594
f 8819 8944 8820
f 8944 8819 8620
f 8945 8844 8842
f 8540 8539 8529
f 8539 8096 8529
f 8369 8946 8461
f 8512 8104 7926
f 8571 8570 8549
f 8524 8044 7481
f 8948 8605 7389
f 8569 8949 8144
f 8332 8421 7631
f 7359 7663 7664
f 7668 6897 7579
f 8950 8290 8291
f 8084 8540 8529
f 7927 8296 7684
f 8351 7912 8085
f 7928 8938 8096
f 8938 7928 7684
f 8540 7912 8541
f 7687 7688 7927
f 7912 8296 8560
f 8129 8843 8569
f 8096 8539 8534
f 8539 8541 8534
f 8570 7895 8549
f 8130 8967 6888
f 8501 8938 7684
f 8102 8296 7688
f 8952 8046 8953
f 8140 8139 8915
f 8991 8954 8935
f 8954 8545 8935
f 8991 8955 8956
f 8955 8957 8956
f 7900 6281 8112
f 8559 8102 7686
f 8096 8559 7686
f 8585 8536 8369
f 8276 7886 8243
f 8040 8520 8101
f 8804 8803 8569
f 8575 8096 8551
f 8550 8575 8551
f 8936 8937 8959
f 8851 8046 8527
f 8572 8574 8929
f 8961 7930 7929
f 8962 8046 8554
f 7688 8296 7927
f 7928 7927 7684
f 8296 8046 8126
f 8550 8501 8296
f 8155 8253 8612
f 8526 8963 8090
f 8991 8526 8090
f 8235 6281 8233
f 8935 8545 8937
f 8550 8296 8533
f 8964 8083 8369
f 7660 8620 8597
f 8965 8140 8872
f 8323 8040 7894
f 8571 8919 8967
f 8532 8966 8991
f 8126 8966 8532
f 8851 8966 8126
f 8991 8966 8525
f 8966 8851 8525
f 8598 8426 8599
f 8845 8549 8040
f 8130 8040 8542
f 8968 8046 8957
f 8526 8527 8963
f 8118 8130 8542
f 8092 8090 8963
f 8096 8532 8991
f 8969 8380 8970
f 8963 8046 8092
f 8937 8046 8959
f 8306 8305 8543
f 8305 8954 8543
f 8954 8991 8543
f 8556 8564 8929
f 8527 8046 8963
f 8092 8046 8306
f 8971 8537 8536
f 8620 8537 8971
f 8936 8959 8972
f 8991 8936 8972
f 8545 8046 8937
f 8576 8565 8577
f 8967 8119 8520
f 8973 8828 8040
f 8974 8975 8367
f 8083 8082 8965
f 8140 8915 8872
f 8556 8929 8574
f 8139 7857 8129
f 8845 8919 8571
f 8576 8500 8565
f 8967 7895 8570
f 8568 8567 8976
f 7894 8040 6888
f 8977 8978 8138
f 8591 8843 8129
f 8973 8484 8979
f 8046 8125 8958
f 8290 8950 8981
f 8959 8046 8968
f 8954 8305 8545
f 8554 8046 8555
f 8324 8563 8336
f 8982 8830 8980
f 8450 8286 8138
f 8972 8959 8968
f 8972 8955 8991
f 8955 8972 8968
f 8957 8046 8962
f 8956 8957 8962
f 8983 8984 8985
f 8553 8986 8991
f 8986 8553 8555
f 8563 8324 8146
f 8555 8046 8952
f 8947 8566 8987
f 8955 8968 8957
f 8554 8988 8962
f 8956 8988 8991
f 8988 8956 8962
f 8991 8988 8553
f 8988 8554 8553
f 8995 8919 8040
f 8548 8886 8363
f 7438 8394 8168
f 8793 8989 9354
f 8342 8995 8040
f 8845 8040 8919
f 8565 8343 8577
f 8415 8343 8565
f 8535 8564 8499
f 8979 8415 8573
f 8929 8342 8572
f 8415 8499 8556
f 8415 8556 8574
f 8484 8040 8323
f 8828 8973 8979
f 8973 8040 8484
f 8484 8415 8979
f 8828 8979 8573
f 8342 8577 8343
f 8572 8828 8573
f 8573 8415 8574
f 8040 8572 8342
f 8991 8986 8990
f 8986 8952 8990
f 8990 8952 8953
f 8958 8991 8953
f 8953 8046 8958
f 8992 9638 8993
f 8991 8990 8953
f 8986 8555 8952
f 8994 7501 8498
f 8994 8780 7501
f 7929 7931 8138
f 8605 8139 8129
f 8535 8499 8500
f 8576 8535 8500
f 8576 8342 8535
f 8556 8499 8564
f 8475 8847 7698
f 8958 8563 8146
f 8226 8228 8612
f 8247 8870 8370
f 8997 8319 8552
f 8154 8745 8079
f 8486 8838 8154
f 8154 8999 8486
f 8838 8097 8378
f 8375 8374 8999
f 8824 8917 8508
f 9000 9001 9313
f 9002 7335 8369
f 7884 7544 7955
f 8154 8605 8129
f 9003 7495 7793
f 8847 8297 8299
f 8446 8977 8138
f 8917 8824 8847
f 8825 8114 7938
f 8356 8586 8964
f 8303 9004 8558
f 7939 8113 7893
f 8877 9005 9006
f 8862 9007 9008
f 8602 9009 8426
f 9010 9011 9361
f 8135 9012 9013
f 8265 8612 9014
f 8868 6840 8866
f 8584 9015 8585
f 8600 9016 8601
f 8263 9014 8295
f 8876 9256 9213
f 8280 8143 8612
f 9017 8894 8381
f 9018 8273 8275
f 6597 6748 6750
f 8625 7512 5192
f 6921 6594 4127
f 8787 8089 8405
f 6591 6592 8167
f 9556 6198 8161
f 4285 6294 7750
f 6591 8167 8800
f 8399 6628 8169
f 6702 9019 7436
f 8161 6750 6749
f 8192 7438 8193
f 5620 5619 8625
f 6197 6748 6597
f 9020 9003 9021
f 8625 6552 7512
f 6333 8799 8800
f 6365 9052 8624
f 6520 5911 7978
f 7779 9407 6682
f 4285 4127 8629
f 8203 8089 8787
f 8799 8157 7123
f 9022 7124 9023
f 8161 6198 6750
f 6748 6197 6749
f 7744 7126 4301
f 9407 7779 6749
f 8167 6333 8800
f 9556 6683 6592
f 9401 9407 8723
f 4184 8393 4185
f 8193 7438 8171
f 8399 8406 8634
f 8406 8399 8169
f 6634 9080 6635
f 6592 6682 8167
f 7941 9024 11063
f 6519 7978 6636
f 2118 6519 6636
f 8162 8623 7512
f 6626 2765 6627
f 2765 8089 6627
f 9026 9803 9027
f 7102 9130 9359
f 9029 7102 7516
f 4184 8744 8393
f 4127 6594 4128
f 7779 6683 8161
f 2496 9028 9384
f 6286 8637 8636
f 8158 6333 9020
f 8396 8397 7518
f 6197 9407 6749
f 6678 6591 8800
f 8399 6364 8624
f 7966 6728 8002
f 8624 7498 6628
f 8634 6727 6364
f 6727 6726 6364
f 6726 6727 8634
f 2765 6552 8089
f 7519 8645 2494
f 6921 4285 7750
f 6594 9760 9359
f 6295 7968 7430
f 9359 7391 6594
f 7727 7729 7750
f 6594 8162 9760
f 7102 9029 7103
f 5911 7072 7181
f 9031 8621 8223
f 5911 9031 8223
f 9751 8514 9032
f 8638 5909 5911
f 8202 8160 4246
f 9033 9034 9153
f 7954 7438 8192
f 8638 4291 4290
f 7438 9434 9760
f 5909 8638 4290
f 7954 5909 4290
f 9036 6617 7489
f 8402 7735 7737
f 4245 4247 6518
f 7976 4245 6518
f 8650 6725 2118
f 7126 7507 8075
f 5911 9035 6638
f 6636 7978 6638
f 8160 7482 4246
f 7507 7509 814
f 6725 7482 7976
f 7848 7744 7970
f 8660 8650 2117
f 9037 8213 5905
f 5905 5906 9037
f 7976 7482 2752
f 7482 5911 4247
f 5910 7954 8192
f 9035 5911 6714
f 2118 6725 7976
f 4246 7482 4247
f 9039 9040 9036
f 9040 9039 6620
f 7970 7744 8213
f 8723 7815 6269
f 8789 8392 9041
f 9041 7999 8001
f 9042 9043 8814
f 8650 9044 9045
f 9430 6269 10148
f 9046 9047 9048
f 7072 9049 9050
f 7861 6713 6714
f 9022 10581 9556
f 8650 8789 9041
f 9031 7438 8168
f 6678 8799 7123
f 8708 9051 8709
f 8708 7463 9051
f 7848 7970 5906
f 7127 7744 7508
f 6621 9040 6620
f 4183 8723 4184
f 7744 6725 8650
f 7970 8213 9037
f 9053 9054 9055
f 7508 7744 6634
f 9058 9033 9153
f 9059 9060 9045
f 9036 9060 9059
f 9061 4248 9062
f 9063 9153 7763
f 8637 4183 8636
f 7509 812 814
f 4301 7848 5906
f 9062 4248 9064
f 9065 7463 8708
f 8183 9065 8708
f 9049 7072 8223
f 9049 9066 9050
f 7489 6617 9067
f 813 812 6635
f 814 7509 7508
f 6634 814 7508
f 6634 7509 814
f 5906 7970 9037
f 7135 9714 8802
f 6269 8744 4184
f 8943 9371 9069
f 8723 4183 9401
f 9070 8942 9071
f 9068 7762 9153
f 9760 7516 9359
f 9072 9073 9074
f 8799 6333 8157
f 2118 7180 9036
f 9075 9076 9077
f 814 813 8075
f 8001 9078 8650
f 10148 6269 7723
f 8301 9079 8302
f 8301 9182 9079
f 9078 7489 9067
f 7158 9064 8075
f 9081 9082 9083
f 9079 9084 8302
f 4249 507 8075
f 6703 6702 7436
f 8157 6333 8158
f 9458 7130 9085
f 9061 9062 9080
f 507 8211 8075
f 8514 6701 6703
f 6635 9080 7159
f 9025 6285 9086
f 9401 6285 9025
f 8671 9082 9081
f 6637 9035 6332
f 8697 8404 9091
f 8404 9791 9091
f 8672 8671 9081
f 8178 7438 7134
f 507 4249 9093
f 9021 9003 7793
f 9080 9062 7160
f 7072 8391 6621
f 9094 9384 8709
f 8721 8394 9095
f 5987 9751 8646
f 9096 9097 8654
f 9096 9098 9097
f 9188 9183 9099
f 9102 9103 10638
f 9104 8172 9031
f 9101 7815 8205
f 8098 8097 8838
f 9162 9105 9106
f 8670 10305 7977
f 9108 9109 9110
f 9111 9188 9112
f 9113 9114 9115
f 8654 8205 8659
f 9032 8515 6766
f 9458 9118 9119
f 9120 9121 9122
f 8033 8704 8031
f 7815 7446 8205
f 9101 9098 7815
f 9089 9124 9098
f 9089 9125 9124
f 9058 9128 9129
f 8779 9132 9126
f 8737 9182 9133
f 9134 8737 9133
f 9135 9136 9137
f 8698 8697 8659
f 9099 9138 9139
f 9140 9057 9141
f 6312 9142 9183
f 9097 9101 8205
f 9089 9143 9125
f 9147 8675 9144
f 9145 8674 8673
f 9143 9146 8659
f 7496 6333 8175
f 9123 10786 9182
f 9147 9148 10243
f 9150 9151 9152
f 2116 9036 8186
f 2118 9036 2116
f 8017 6610 6287
f 8824 8507 8825
f 9537 9975 7501
f 9132 8737 9134
f 9158 9371 9159
f 9144 8675 9160
f 9070 9071 7785
f 10727 9123 9162
f 8703 6820 8033
f 9188 9099 9139
f 9161 9162 9163
f 9132 9134 9126
f 8668 9164 8669
f 9068 9027 9165
f 9146 9096 8654
f 9166 10295 9167
f 9168 9188 9169
f 9139 9138 9170
f 9138 9171 9170
f 9142 6312 9171
f 9142 9138 9099
f 9145 9172 8704
f 9167 9154 9173
f 9154 8498 9173
f 9183 9142 9099
f 8137 9213 8864
f 7446 8216 8205
f 8149 9175 9176
f 8697 9177 8659
f 6820 8658 10305
f 9178 8031 8704
f 9179 9180 9181
f 9123 10727 9183
f 9147 8703 8032
f 9185 8698 8659
f 9122 9188 9120
f 7501 8780 9537
f 9120 9188 9168
f 9187 9188 9111
f 8994 8668 8780
f 7762 9068 9165
f 9112 9188 9122
f 9169 9188 9139
f 8658 6820 8703
f 9189 6820 10305
f 9191 9147 9192
f 6820 8704 8033
f 9147 8658 8703
f 8703 8033 8032
f 9147 8032 9192
f 7977 8658 9147
f 8031 9178 9192
f 8031 9192 8032
f 9192 9178 9191
f 8784 9191 9178
f 9126 9193 9194
f 8669 9164 8727
f 9164 8498 8727
f 9537 8669 10295
f 8994 8498 9164
f 8668 8994 9164
f 9384 9042 8814
f 9196 8796 9197
f 8747 8749 8376
f 9147 9191 9157
f 8175 7784 9198
f 9199 9200 9354
f 9201 7154 8696
f 8696 8980 9189
f 7899 7498 8624
f 8696 9189 10305
f 8798 8797 9202
f 7744 7848 6725
f 7186 7185 8671
f 9203 7660 9204
f 9203 8620 7660
f 8784 9178 8704
f 7534 9206 9207
f 9020 6333 9003
f 9995 8330 9208
f 9210 7358 8609
f 9195 9162 9211
f 8885 9212 8256
f 8832 8980 8830
f 8106 8921 8107
f 7154 9602 8696
f 9214 8696 10305
f 9215 9216 7534
f 9217 9218 11189
f 9191 8784 9157
f 9160 8674 8704
f 6714 5911 7861
f 8673 9205 9145
f 9048 10031 7736
f 9205 9172 9145
f 8674 9145 8704
f 9371 9219 7139
f 9200 9199 7672
f 9199 9222 7673
f 8982 9224 8830
f 8498 7501 8869
f 9162 9195 9163
f 9225 9162 9106
f 9193 9225 9194
f 8267 8748 8747
f 9213 8748 8267
f 9202 9227 9228
f 8303 8617 8891
f 9596 9229 9227
f 8797 9227 9202
f 9230 9231 10834
f 9029 6304 7103
f 9229 9596 9224
f 8940 9235 8941
f 8729 9223 9354
f 9200 8941 9354
f 9222 8989 9236
f 8921 8904 8758
f 8106 8904 8921
f 8103 8584 8376
f 8269 9008 9007
f 9237 9238 9602
f 9159 9371 9239
f 9228 8982 8980
f 6281 8235 8093
f 9240 9241 9242
f 8871 8586 8356
f 7480 7671 8131
f 8701 8502 9243
f 7335 8371 8246
f 8896 9246 8974
f 8001 8000 9078
f 9247 8309 9248
f 9638 8869 8148
f 8148 8869 6460
f 8883 8375 8999
f 8303 8890 9004
f 9009 8425 8426
f 8585 8971 8536
f 9249 9136 9137
f 8847 8614 8129
f 9251 8369 8951
f 8246 8580 8247
f 8463 9252 8447
f 9351 9253 9254
f 9220 6460 8100
f 8358 9015 8584
f 9213 9015 8358
f 8257 8256 8905
f 9255 6768 8646
f 8228 8243 8612
f 8883 8999 8154
f 8558 6840 8366
f 8908 8950 8291
f 8820 8944 8133
f 8077 8376 8369
f 8260 9212 8885
f 8934 7388 8369
f 9258 9016 8600
f 9306 9016 9258
f 8544 8587 8588
f 9638 9176 8310
f 8309 9220 9248
f 9254 8266 8268
f 8876 9213 8285
f 8611 8818 8369
f 8992 8914 8913
f 9259 9260 9313
f 8933 8915 8916
f 7660 9261 9017
f 7660 8597 9261
f 9002 8372 7335
f 8617 9262 9263
f 8546 9264 8363
f 8997 8552 9270
f 8944 8134 8133
f 8134 8944 8620
f 9265 9262 8107
f 8891 9263 8860
f 9263 8891 8617
f 9266 9267 9036
f 9267 9266 9268
f 9155 8807 8648
f 8976 9269 8569
f 8924 9180 9639
f 8860 9265 8921
f 9265 8107 8921
f 8605 8872 8139
f 8872 8915 8139
f 8872 8605 8915
f 9263 9265 8860
f 9265 9263 9262
f 8860 8903 8890
f 8903 9004 8890
f 8580 8870 8247
f 8377 7414 7413
f 8904 8106 8257
f 8905 9212 8758
f 8905 8256 9212
f 8133 8135 8381
f 8903 8595 9004
f 8824 8508 8507
f 8497 7936 7935
f 8099 8159 7932
f 8882 8375 8883
f 8427 9271 8428
f 8159 8099 7415
f 9272 9273 8547
f 8597 9273 9272
f 8136 8137 9274
f 9220 8309 8308
f 7414 8377 8376
f 9023 9020 9021
f 9275 9242 9313
f 8307 8614 8590
f 9276 9277 8913
f 8220 8612 8265
f 8080 8883 8154
f 8099 8605 8154
f 7019 8591 9278
f 6281 7626 6906
f 7900 8847 6281
f 9246 8975 8974
f 8975 9246 8597
f 8614 8745 8154
f 8307 8745 8614
f 7697 8865 8509
f 8378 7413 8154
f 8377 8097 8376
f 8874 8843 9279
f 9638 8290 9280
f 8999 8374 8486
f 7933 7387 7934
f 8701 9243 8363
f 8810 9251 8951
f 9015 8971 8585
f 9213 8971 9015
f 9281 8270 9282
f 9283 9284 8138
f 9283 9279 9284
f 6281 7366 7368
f 6281 8045 7853
f 8934 8948 7388
f 9285 8582 8368
f 8597 8582 9285
f 8854 8444 8593
f 11417 9286 9287
f 8078 8077 8159
f 8614 8154 8129
f 8861 6840 8595
f 7335 8371 8373
f 7857 7335 8373
f 7857 8371 7335
f 7938 8113 7939
f 9280 8981 8836
f 9212 8260 8758
f 8381 8583 8450
f 8078 8159 7415
f 8948 8934 8916
f 8872 8933 8369
f 8112 6281 8110
f 8361 8598 9288
f 7387 7933 8369
f 6281 7939 7892
f 8948 7389 7388
f 8934 8933 8916
f 7671 7480 6281
f 8870 8871 8370
f 8593 8025 8854
f 8339 8578 8579
f 8593 8096 8355
f 7388 7387 8369
f 8933 8872 8915
f 8861 8292 6840
f 7902 8847 7900
f 9289 8502 8701
f 9289 9306 8502
f 8099 7932 7934
f 8838 8378 8154
f 8154 7413 8099
f 7018 8808 8951
f 7018 9278 8808
f 8978 8949 8121
f 8371 8580 8246
f 8758 8860 8921
f 8443 8847 7902
f 7938 6281 8825
f 7670 8131 7671
f 7913 8260 8885
f 8605 8948 8916
f 8899 8492 8569
f 8809 8373 8596
f 8810 8596 9251
f 8860 8307 8590
f 8261 8255 8612
f 6840 8485 8458
f 8590 7886 8276
f 8599 9290 8339
f 8907 8909 9291
f 8949 8978 8144
f 8589 8372 9002
f 7668 7626 6281
f 6281 6897 7668
f 8369 8820 8381
f 8612 6840 8449
f 8586 8081 8964
f 8082 8140 8965
f 9254 8268 9351
f 6281 6924 7382
f 8949 8961 8121
f 6281 8095 8110
f 8925 8587 8544
f 8587 8925 9213
f 9293 9714 9294
f 6281 7368 8233
f 8964 8081 8083
f 8965 8872 8369
f 8381 8896 8974
f 9295 9001 8493
f 6888 8967 8906
f 8871 7857 8586
f 7857 8356 8586
f 8356 8139 8586
f 8139 8356 7857
f 9296 9046 9048
f 8538 8946 8369
f 9297 9000 9313
f 8373 8591 8129
f 8369 8818 8820
f 8121 8961 7929
f 8785 8892 8353
f 8893 8562 8786
f 8365 8611 8369
f 9298 9299 8946
f 8620 9299 9298
f 8380 9300 8970
f 8588 8357 8103
f 8906 8920 6888
f 9273 9301 8548
f 9273 8597 9301
f 8538 9298 8946
f 9204 9017 8381
f 9295 8898 8138
f 8447 9302 8690
f 9251 8589 9002
f 8567 9303 8976
f 7857 8373 8129
f 9017 9261 8894
f 9304 9305 9639
f 8820 8133 8381
f 9307 8591 7019
f 9278 7018 7019
f 9253 8266 9254
f 8372 8371 7335
f 8596 8589 9251
f 8809 8596 8810
f 9299 8462 8461
f 8620 8462 9299
f 7890 7905 8612
f 7930 8874 7931
f 8808 8809 8591
f 8373 8808 8591
f 8373 8809 8808
f 9278 8591 8809
f 8612 8143 8226
f 9306 9665 9240
f 8380 8969 9308
f 7931 8874 9283
f 9309 8362 8899
f 8368 8583 8381
f 8288 9272 8547
f 8459 6840 8470
f 9000 9297 9310
f 8874 9279 9283
f 7937 9281 8311
f 8567 8566 9313
f 6924 6281 6906
f 9252 9302 8447
f 9302 9252 8620
f 8995 8129 8569
f 8144 8804 8569
f 7017 9307 7019
f 9311 8826 7534
f 8902 8451 8450
f 8902 8597 8451
f 9308 8803 8446
f 9213 8620 8971
f 8376 8585 8369
f 9261 8895 8894
f 8597 8895 9261
f 8612 7683 8436
f 8978 8977 8144
f 8844 8945 8843
f 8380 9308 8138
f 8513 8252 7959
f 8294 9314 9361
f 8945 9279 8843
f 8591 9307 8844
f 8843 8874 8569
f 8951 8369 8138
f 8808 8810 8951
f 9278 8809 8808
f 8961 8949 8569
f 8566 8947 9313
f 9264 9315 9316
f 7930 8961 8569
f 8969 8803 9308
f 8841 9317 9318
f 9316 9258 8600
f 8590 7959 8252
f 8977 8804 8144
f 8898 9295 8492
f 8366 8785 9008
f 8844 9307 9319
f 8985 9320 9321
f 7821 8984 8983
f 8502 9322 9243
f 9322 8502 9306
f 9016 9292 8601
f 9306 9292 9016
f 8970 9300 9309
f 9310 9297 9323
f 9314 8837 9361
f 8894 8896 8381
f 8320 8322 9313
f 9323 8947 8987
f 9300 8362 9309
f 8977 8446 8804
f 8969 8569 8803
f 9324 9000 9310
f 9309 8899 8569
f 8493 9324 8569
f 9325 9326 9341
f 8356 8964 8369
f 8569 8969 8970
f 8252 7881 7889
f 8369 8381 8138
f 9243 9322 9018
f 8492 9295 8493
f 8970 9309 8569
f 9341 8983 8985
f 8362 8898 8899
f 7335 8246 8369
f 8493 9001 9324
f 9001 9000 9324
f 9327 9289 8700
f 9306 9289 9327
f 9303 9260 9269
f 8619 8592 6840
f 9297 8947 9323
f 9341 8985 9321
f 8991 8146 8096
f 8700 9289 8701
f 8987 8566 8568
f 8976 9303 9269
f 9324 9310 8569
f 8987 8568 8569
f 9310 9323 8569
f 9319 7017 8951
f 7017 9319 9307
f 9001 9295 9313
f 9279 8945 9284
f 8568 8976 8569
f 8995 8906 8967
f 8569 9323 8987
f 8612 7923 7955
f 8367 9285 8368
f 8134 9012 8135
f 8620 9012 8134
f 8797 9596 9227
f 9328 7822 9326
f 9329 7821 8983
f 9330 9331 8839
f 9332 9586 9333
f 9269 9260 9334
f 9260 9259 9334
f 8569 9269 9334
f 9321 8613 8995
f 8984 9320 8985
f 8569 9341 8995
f 9335 9336 9337
f 9341 9329 8983
f 9338 9339 9340
f 9306 9339 9338
f 8257 8106 8558
f 9326 7822 9329
f 8569 9334 9341
f 8748 8136 8749
f 9213 8136 8748
f 8548 9301 8886
f 9334 9325 9341
f 9325 9328 9326
f 9326 9329 9341
f 9259 9328 9325
f 9334 9259 9325
f 7822 7821 9329
f 9320 8613 9321
f 9321 8995 9341
f 9342 9343 9196
f 8266 9213 8267
f 8991 8958 8146
f 8613 9320 7823
f 9264 9316 8363
f 8842 9319 8951
f 8842 8844 9319
f 9344 9345 8642
f 9347 8829 9348
f 9352 10295 9353
f 9300 8380 8138
f 8268 8747 9351
f 6705 6552 7750
f 9274 8137 8506
f 8947 9297 9313
f 9241 9240 9665
f 8602 8426 8452
f 8975 9285 8367
f 9285 8975 8597
f 9315 9258 9316
f 9258 9315 9306
f 8285 9253 9351
f 9213 9253 8285
f 8887 9327 8888
f 9327 8887 9306
f 8274 9149 8546
f 9149 8274 9306
f 8888 9327 8700
f 7496 8175 9198
f 8506 8864 7697
f 8483 8295 8258
f 8888 8700 8363
f 9355 9356 9357
f 9013 9203 9204
f 8470 6840 8482
f 7933 8077 8369
f 8288 8547 8138
f 8582 8902 8583
f 8597 8902 8582
f 9360 9210 9010
f 9210 9360 7358
f 8866 6840 8468
f 8609 8293 9011
f 9362 11463 9363
f 9295 8138 9313
f 8901 8868 8897
f 8311 9282 9270
f 9260 9303 9313
f 9014 8612 8262
f 8544 8588 8376
f 8801 7358 9364
f 8462 9252 8463
f 9252 8462 8620
f 9365 8836 8835
f 9366 12158 9367
f 9322 8273 9018
f 9322 9306 8273
f 9368 8391 7072
f 9369 9370 9073
f 8515 6703 6767
f 7103 6304 8812
f 9036 7180 9039
f 9022 9023 9021
f 8395 8721 8223
f 9035 6637 6638
f 2494 2496 8628
f 7179 9039 7180
f 9372 9092 9373
f 7563 8193 8174
f 9384 9028 8183
f 9751 9374 10149
f 7516 7102 9359
f 6713 8791 2118
f 7861 8791 6713
f 9056 9081 9083
f 7750 6552 6921
f 9028 9065 8183
f 9022 9021 7793
f 8650 6619 8633
f 9003 6333 7495
f 7784 8176 9375
f 8170 8172 9104
f 9376 8404 8698
f 9376 9791 8404
f 8171 7438 8172
f 7784 9022 9198
f 8817 7391 8645
f 7519 8817 8645
f 8621 8168 8395
f 7750 7518 8628
f 9378 9371 8438
f 9379 9380 9036
f 9381 9380 9379
f 6714 6332 9035
f 9751 6701 8514
f 7160 9062 9064
f 8174 8193 8171
f 6594 6921 6552
f 8621 9031 8168
f 9078 8000 7489
f 9022 7497 9198
f 9401 4225 9751
f 7971 7158 8075
f 8721 9049 8223
f 7497 7496 9198
f 9050 9092 9372
f 4183 8393 8636
f 8158 9020 9023
f 7124 8158 9023
f 7516 6304 9029
f 9385 9386 8806
f 9036 9385 8806
f 7391 9359 10035
f 7750 8396 7518
f 9760 8162 7512
f 8656 8178 8177
f 8394 7438 9095
f 9387 9380 9381
f 7563 8174 5911
f 7815 8723 9407
f 9389 9390 9391
f 9390 9389 9430
f 9040 8390 9036
f 6621 8390 9040
f 8000 9036 7489
f 12856 9760 12337
f 9082 7185 7128
f 7179 7072 6620
f 6620 9039 7179
f 9092 7438 9373
f 6725 7848 9434
f 5911 8174 8170
f 8390 8391 9392
f 9036 8390 9392
f 9066 7438 9092
f 9393 9069 7138
f 7785 9393 7138
f 5911 8170 9104
f 8183 8709 9384
f 9394 7068 9419
f 7068 9394 9395
f 8628 7519 2494
f 9760 6304 7516
f 9378 8438 9396
f 8172 7438 9031
f 12337 9760 9434
f 7495 6333 7496
f 9043 9397 8814
f 9397 9043 7463
f 9031 5911 9104
f 9095 9049 8721
f 6591 6678 9022
f 9556 6591 9022
f 6610 9086 6611
f 5910 8192 7563
f 9407 9401 6333
f 9071 8943 9393
f 9398 9399 9400
f 7436 9019 4225
f 8176 9371 9378
f 7139 9219 7140
f 9078 9067 8650
f 9069 9371 7139
f 9219 9158 9377
f 8761 10547 9402
f 9401 9369 10024
f 9056 9083 9458
f 7518 8817 7519
f 9403 9156 9404
f 10581 7899 10443
f 9067 6619 8650
f 9051 9094 8709
f 2495 7391 7463
f 8660 8186 8789
f 9405 7185 9406
f 9184 9162 9123
f 8791 7181 7180
f 2118 8791 7180
f 7464 9065 9028
f 7463 9065 7464
f 10581 4250 9038
f 2496 7464 9028
f 9408 9409 9410
f 8392 7999 9041
f 9036 7999 8392
f 8650 9041 8001
f 8671 7185 9082
f 9369 9390 9391
f 6619 6618 8633
f 10031 9411 9412
f 8660 8789 8650
f 8660 2116 8186
f 6618 8631 8633
f 6618 9036 8631
f 7134 7438 7135
f 9067 6617 6619
f 4225 9401 7436
f 9083 7130 9458
f 9056 8672 9081
f 7785 7138 7140
f 8177 7134 6537
f 8209 8211 9413
f 8744 8636 8393
f 6634 7744 9080
f 9408 8616 9409
f 9086 6285 6611
f 7971 7159 7158
f 9025 9414 9415
f 10087 7744 8650
f 813 6635 7971
f 7158 7160 9064
f 7785 9396 9416
f 9417 9418 9344
f 9064 4248 8075
f 9413 9093 9080
f 9414 9086 9430
f 6286 8016 6287
f 7815 7723 6269
f 6703 7436 6767
f 6705 7185 9056
f 9420 9060 9421
f 7848 4393 6312
f 9255 9032 6766
f 6286 4183 8637
f 4183 6286 9401
f 9422 9239 9423
f 8632 9424 8650
f 8646 6768 8647
f 9431 9432 10176
f 9390 9433 9370
f 9369 9025 9390
f 9025 9369 9401
f 8637 8744 6269
f 8636 8744 8637
f 8017 6269 6610
f 9025 9415 9435
f 9370 9369 9391
f 7130 7129 9085
f 9390 9025 9391
f 813 7971 8075
f 9061 4249 4248
f 9424 9044 8650
f 6705 9056 9458
f 9413 507 9093
f 9033 9129 9026
f 9093 4249 9061
f 9093 9061 9080
f 8211 507 9413
f 6285 6287 6611
f 9414 9389 9435
f 9430 9389 9414
f 9025 9435 9391
f 9415 9414 9435
f 8637 8017 8016
f 8017 8637 6269
f 8209 9413 9080
f 9436 9437 9438
f 6768 6767 8647
f 10024 9072 9190
f 9390 9370 9391
f 9439 9072 9074
f 5986 9374 9751
f 9025 9086 9414
f 6610 9430 9086
f 6269 9430 6610
f 9435 9389 9391
f 9442 7185 9443
f 9444 9135 9445
f 9444 9190 9135
f 9249 9430 9136
f 10024 9190 9444
f 9446 9714 9447
f 8802 8402 7737
f 9450 9394 9419
f 9451 9394 9450
f 9452 9451 9450
f 9332 9117 9453
f 9438 9452 9455
f 4225 9019 9751
f 9019 6701 9751
f 9456 9374 9426
f 9255 6766 6768
f 8630 8672 9056
f 9056 7185 8630
f 9405 9406 9118
f 9083 7128 7130
f 7128 7185 7129
f 8630 7186 8672
f 9459 9460 9461
f 9462 9463 8659
f 9402 10547 9384
f 4393 7848 9781
f 7848 8075 9781
f 9781 8075 9419
f 9394 9451 9395
f 9136 9430 9425
f 9466 9405 9448
f 9458 9085 9448
f 9082 7128 9083
f 9042 9384 9467
f 9468 9469 9470
f 8271 9471 9472
f 9385 9387 9386
f 9473 10921 8833
f 9133 9182 8301
f 8300 9133 8301
f 9474 9475 9163
f 9474 9126 9475
f 9019 6702 6701
f 8300 8302 9126
f 9433 9390 9249
f 9390 9430 9249
f 9614 8670 7977
f 9033 9058 9129
f 6312 4393 9116
f 9162 9225 9211
f 7763 7762 9482
f 9483 9484 9485
f 9050 9372 7736
f 9486 9487 9425
f 9177 9125 8659
f 9488 6767 9489
f 9490 9514 9491
f 9492 9490 9491
f 9096 9464 9098
f 9096 9146 9464
f 9404 9156 9683
f 9493 9494 9495
f 9791 9098 9124
f 8670 11666 11564
f 8832 8831 9496
f 9160 9497 9144
f 8291 9638 8909
f 9079 9514 9490
f 9084 9079 9490
f 8779 9182 8737
f 9132 8779 8737
f 8728 9498 9499
f 9464 9146 9143
f 7815 9098 9791
f 9091 9124 9177
f 9091 9791 9124
f 9134 9133 8300
f 9500 9501 9502
f 9101 9097 9098
f 9123 9182 9126
f 10305 8670 11564
f 9503 9504 9505
f 9112 9506 9111
f 9508 9509 9510
f 8815 9186 9511
f 9167 9173 9166
f 9305 9304 9512
f 9089 9464 9143
f 9089 9098 9464
f 9125 9143 8659
f 9126 9182 8779
f 9515 9516 9517
f 9146 8654 8659
f 9134 8300 9126
f 8794 9223 9605
f 9185 9376 8698
f 10243 7977 9147
f 8697 9091 9177
f 9124 9125 9177
f 8098 8374 8376
f 10180 9480 9519
f 9147 9205 8673
f 9448 9405 9118
f 9498 8498 9522
f 9499 9498 9522
f 9122 9508 9112
f 9462 9523 9463
f 9524 9525 9568
f 9525 9524 9509
f 9174 9185 9463
f 9526 9527 9528
f 9527 9529 9528
f 9105 9184 9127
f 9537 10295 9975
f 9205 9157 9172
f 9195 9531 9474
f 9531 9126 9474
f 9510 9478 9532
f 10295 9449 9167
f 9476 8911 8912
f 9533 9478 9568
f 9532 9478 9533
f 9106 9105 9534
f 9535 9536 9206
f 9506 9510 9532
f 8177 6537 6539
f 9106 9534 9194
f 9195 9474 9163
f 9237 9538 9238
f 10243 9234 9540
f 9458 9541 9470
f 9542 9543 9544
f 9545 9546 9547
f 9548 8659 9873
f 9549 9596 9343
f 9531 9195 9211
f 9550 9551 9552
f 9127 9534 9105
f 9161 9554 9555
f 9475 9161 9163
f 8728 9499 10295
f 9557 9558 9559
f 9105 9162 9184
f 9526 9570 9187
f 9560 9561 9562
f 8980 9563 9189
f 9170 9476 9564
f 9169 9170 9564
f 9565 8912 8910
f 9173 8498 9566
f 9166 9173 9566
f 8150 8152 9226
f 9462 8659 9548
f 9448 9118 9458
f 8727 8498 9498
f 8728 8727 9498
f 9532 9533 9567
f 9170 9171 9476
f 9571 9572 9866
f 9571 9573 9572
f 9169 9564 9168
f 9139 9170 9169
f 8911 9171 9568
f 8911 9476 9171
f 9138 9142 9171
f 9564 9476 8912
f 9564 8912 9574
f 9168 9564 9574
f 9168 9574 9120
f 9575 9527 9187
f 9527 9575 9567
f 9574 9565 9121
f 9120 9574 9121
f 9568 9171 6312
f 9574 8912 9565
f 9478 9524 9568
f 9478 9510 9524
f 9508 9510 9506
f 9112 9508 9506
f 9525 8910 9568
f 9525 9565 8910
f 9510 9509 9524
f 9449 10295 9576
f 10243 9148 9539
f 9121 9509 9508
f 9122 9121 9508
f 9121 9565 9509
f 9527 9567 9529
f 9577 9578 9579
f 9565 9525 9509
f 9575 9532 9567
f 9506 9532 9575
f 9111 9506 9575
f 10295 9580 9581
f 9582 8498 9186
f 8815 9582 9186
f 9111 9575 9187
f 9187 9527 9526
f 9583 9462 9548
f 9584 9585 9548
f 9157 8784 9172
f 9563 9496 9189
f 8784 8704 9172
f 7977 10243 11928
f 7534 9233 9215
f 8205 8216 11274
f 10243 9539 8829
f 9898 10727 9162
f 9147 9157 9205
f 9916 9123 9183
f 9499 9522 9576
f 9184 9123 9126
f 9531 9211 9193
f 9449 9154 9167
f 8982 9229 9224
f 9188 9187 9570
f 9638 9247 9291
f 9576 9589 9449
f 9150 9570 9587
f 9570 9183 9188
f 8669 8728 10295
f 9202 9228 8980
f 9223 8729 9214
f 9590 9148 9497
f 9247 9638 8310
f 9602 7154 9257
f 8816 9566 9582
f 9566 8498 9582
f 6820 9189 8790
f 10243 9536 9535
f 9539 9148 9590
f 9590 9348 9539
f 9223 9214 9605
f 9147 8673 8675
f 9147 9144 9148
f 9184 9126 9127
f 7977 10305 8658
f 9193 9126 9531
f 8832 9496 9563
f 9194 9534 9126
f 8745 8307 8758
f 9193 9211 9225
f 9251 9002 8369
f 9227 9229 9228
f 9004 8595 8558
f 9126 9534 9127
f 9225 9106 9194
f 9576 9522 9589
f 9522 8498 9589
f 9916 9183 9570
f 8924 9591 8923
f 8816 9582 8815
f 10295 9499 9576
f 9166 9566 8816
f 10243 9592 9593
f 10243 8829 9553
f 10243 9594 9234
f 9358 9595 10357
f 8989 9222 9354
f 9614 9107 8686
f 8939 8941 9200
f 8989 8794 9236
f 9596 8831 9224
f 9036 9597 9141
f 9597 9140 9141
f 9638 8149 9176
f 8790 9160 8704
f 9202 8980 8798
f 7534 8790 9189
f 9347 9348 8790
f 8831 9596 9496
f 6820 8790 8704
f 9589 8498 9154
f 9449 9589 9154
f 9545 9547 10490
f 9599 9600 9601
f 9539 9348 8829
f 8537 9298 8538
f 9298 8537 8620
f 8364 8365 8369
f 8552 8318 9270
f 9603 9604 9179
f 9590 9497 8790
f 7913 8758 8260
f 9160 8675 8674
f 9262 8617 8558
f 8307 8860 8758
f 9349 9605 10312
f 9497 9160 8790
f 9144 9497 9148
f 9606 7072 9140
f 8610 9607 8611
f 9607 8610 8620
f 9995 8429 9608
f 8025 8593 8355
f 9348 9590 8790
f 9333 9609 9610
f 9381 9379 9057
f 10295 9166 8816
f 9611 8141 9612
f 9361 8615 8926
f 9602 8980 8696
f 8277 8279 9613
f 9496 9596 9189
f 8832 9563 8980
f 8830 9224 8831
f 8941 9235 9354
f 9229 8982 9228
f 9615 9616 8998
f 8862 9270 9282
f 9617 9618 9619
f 9620 9898 9472
f 9311 7534 9623
f 9591 8998 8923
f 9625 9626 8384
f 9626 9625 9627
f 9622 9598 9453
f 8381 9013 9204
f 9591 9615 8998
f 9236 8794 9605
f 8989 8793 8794
f 7785 7140 9377
f 9628 9629 9824
f 9629 9628 9624
f 8290 8981 9280
f 9596 9631 8279
f 9959 9632 6767
f 9236 9605 7673
f 9639 8729 9354
f 9634 9271 9635
f 9180 9179 9639
f 8592 8485 6840
f 9199 7673 7672
f 9223 8793 9354
f 9995 8151 9636
f 8939 7672 9605
f 7672 8939 9200
f 9354 9222 9199
f 9638 9277 9637
f 9222 9236 7673
f 8285 7913 8996
f 7778 8618 6840
f 8376 8749 9274
f 9274 8506 8376
f 8996 8885 8256
f 8149 6459 9175
f 8107 9262 8558
f 11463 9362 9642
f 8381 8450 8138
f 9644 11642 9645
f 9282 9007 8862
f 9046 9646 6329
f 8509 8925 8544
f 8996 8997 8285
f 8078 7414 8376
f 9615 9235 9616
f 7936 8558 7937
f 8749 8136 9274
f 8997 8996 8558
f 8745 8758 9351
f 8758 8285 9351
f 9305 9512 9647
f 9512 8384 9647
f 9354 9591 8924
f 8291 8909 8908
f 6459 6460 9220
f 6459 9220 9175
f 8918 7946 8364
f 8620 7946 8918
f 9994 8807 8517
f 8310 9176 8308
f 8907 9220 8908
f 9638 9291 8909
f 8308 9175 9220
f 9010 9210 9011
f 9596 8796 9196
f 9047 6330 9648
f 5988 8647 6767
f 8369 8690 8364
f 8135 9013 8381
f 9284 8842 8138
f 9284 8945 8842
f 8981 8950 9220
f 8155 7886 8252
f 9204 7660 9017
f 8745 9351 8376
f 8946 9299 8461
f 8950 8908 9220
f 8978 8121 8138
f 9965 8025 9361
f 9995 9608 9650
f 9175 8308 9176
f 8309 9247 8310
f 8862 8467 8483
f 9651 9652 8384
f 9651 9653 9652
f 9276 9637 9277
f 9247 9248 9291
f 8146 8355 8096
f 9660 8807 9155
f 6840 8893 8354
f 8895 9246 8896
f 8597 9246 8895
f 8463 8447 8369
f 8375 8882 8376
f 8882 8516 8376
f 9248 9220 8907
f 8103 8358 8584
f 8996 8256 8558
f 9253 9213 8266
f 8907 9291 9248
f 8137 8864 8506
f 8270 9007 9282
f 8914 8992 8993
f 8974 8367 8381
f 8497 8317 7936
f 8993 9638 9365
f 8338 8599 8339
f 8083 8965 8369
f 9302 8918 8690
f 8620 8918 9302
f 9351 8747 8376
f 9609 9586 9538
f 8886 8888 8363
f 9654 9655 8122
f 6840 8562 8893
f 9656 9657 9658
f 7935 9270 8497
f 8458 8464 6840
f 9281 8558 8270
f 8914 8835 9220
f 6766 8515 6767
f 8366 8892 8785
f 8270 8269 9007
f 9638 8992 9277
f 8835 8914 8993
f 8926 8927 9661
f 8268 8267 8747
f 7931 9283 8138
f 8432 8612 8430
f 8611 9607 8818
f 9301 8597 9306
f 8590 8252 7886
f 8362 9300 8138
f 9012 9203 9013
f 8620 9203 9012
f 9607 8819 8818
f 8620 8819 9607
f 8465 8222 8221
f 9243 9018 8363
f 8801 9364 8294
f 8287 9272 8288
f 8287 8597 9272
f 8262 8258 8295
f 8245 7955 7910
f 8293 8609 8801
f 8842 8951 8138
f 9308 8446 8138
f 8286 8288 8138
f 8920 8153 6888
f 8138 8548 8363
f 8546 9149 9264
f 9301 8887 8886
f 8887 9301 9306
f 9149 9315 9264
f 9306 9315 9149
f 8547 9273 8548
f 9662 9663 9664
f 8601 8320 9313
f 8898 8362 8138
f 9636 8151 8150
f 9313 9318 8613
f 8355 8920 8145
f 9018 8275 8363
f 8321 9338 8322
f 9306 9338 8321
f 8363 9316 9313
f 9316 8600 9313
f 9303 8567 9313
f 8601 9292 8320
f 9666 9667 9330
f 9292 8321 8320
f 9292 9306 8321
f 8138 8363 9313
f 8984 7821 7823
f 7822 9328 7823
f 9340 9339 9275
f 9320 8984 7823
f 9242 9666 9313
f 9668 8850 9669
f 8613 9668 9669
f 8840 9317 8841
f 9339 9240 9275
f 9667 9331 9330
f 9665 9331 9667
f 9328 9259 9313
f 9275 9240 9242
f 8322 9340 9313
f 9317 9671 9318
f 9665 9671 9317
f 8322 9338 9340
f 9318 9671 9668
f 9339 9306 9240
f 9313 9340 9275
f 9665 8920 8613
f 9242 9241 9666
f 9241 9667 9666
f 9665 9667 9241
f 9331 9665 8840
f 9331 8840 8839
f 9313 9330 8839
f 9317 8840 9665
f 9666 9330 9313
f 8841 9318 9313
f 8839 8841 9313
f 9328 9313 7823
f 9671 8850 9668
f 9665 8850 9671
f 8850 9665 9669
f 9672 9586 9673
f 9318 9668 8613
f 7823 9313 8613
f 9669 9665 8613
f 8995 8613 8906
f 9358 9674 9595
f 8425 9009 8837
f 9314 8425 8837
f 8927 9360 9661
f 8578 8873 8579
f 9677 9678 9679
f 8873 9290 8426
f 9360 8927 7358
f 9467 9384 9094
f 8943 9069 9393
f 8813 9684 9402
f 9685 9686 8762
f 9687 9088 9437
f 9159 9239 9422
f 9140 7072 9057
f 9689 9690 9691
f 10052 9690 9689
f 9467 9692 9042
f 9130 8147 9707
f 9424 9693 9044
f 9156 7463 9683
f 8176 9378 9375
f 9458 9694 9110
f 7438 9760 7135
f 8631 9036 9697
f 9402 9384 8813
f 9404 9685 8762
f 9404 9683 9685
f 9069 7139 7138
f 9621 10581 9022
f 9541 9468 9470
f 9373 7438 8178
f 7463 7391 10035
f 9699 10657 9700
f 10547 8762 9686
f 7072 9387 9381
f 8656 9373 8178
f 9045 9060 9420
f 10031 9648 9411
f 9049 9095 9066
f 9701 8942 9070
f 8438 9701 9416
f 9418 9345 9344
f 9824 9345 9418
f 9702 9703 9559
f 9683 7463 10035
f 9130 9682 8147
f 9047 9648 9048
f 9094 9131 9467
f 7140 9219 9377
f 9397 7463 9684
f 8813 9397 9684
f 9060 9036 9421
f 9704 9705 9706
f 9824 9705 9704
f 7072 9050 7736
f 9684 9403 9402
f 9156 9403 9684
f 9131 9692 9467
f 9692 9131 7463
f 9380 9385 9036
f 9387 9385 9380
f 9692 7463 9043
f 9042 9692 9043
f 9697 9693 9424
f 9036 9693 9697
f 7785 7784 9375
f 8632 8631 9697
f 9267 9597 9036
f 9597 9267 9606
f 9707 9382 9030
f 8632 9697 9424
f 9455 9450 9419
f 8942 8943 9071
f 9597 9606 9140
f 9373 8656 6539
f 7736 9373 6539
f 9094 9051 9131
f 9051 7463 9131
f 9268 7072 9606
f 9703 9557 9559
f 9703 9036 9557
f 8812 6304 8147
f 9709 9710 9090
f 9411 9711 9293
f 9373 7736 9372
f 9076 9712 9794
f 8403 9714 9646
f 7785 9375 9396
f 10420 9359 9130
f 9057 7072 9381
f 6538 7736 6539
f 5987 8647 5988
f 10420 9130 9441
f 8438 9371 9701
f 7785 9416 9070
f 9375 9378 9396
f 9416 9701 9070
f 9159 9713 9158
f 9760 9714 7135
f 9557 9036 9715
f 9095 7438 9066
f 9751 9255 8646
f 8175 6333 9371
f 9396 8438 9416
f 8176 8175 9371
f 9716 9488 9489
f 6538 7135 8802
f 9071 9393 7785
f 9718 8616 9719
f 9047 6329 6330
f 9701 9371 8942
f 9720 9336 9721
f 9336 9720 9824
f 9723 9724 9725
f 9446 9726 9727
f 9728 9703 9702
f 9728 9036 9703
f 9698 9441 10018
f 7736 6538 7737
f 9050 9066 9092
f 9470 9469 8639
f 9402 9403 8761
f 9444 9729 9730
f 9559 9558 10087
f 9456 6767 9400
f 8802 9714 8402
f 6537 7135 6538
f 9382 9708 9383
f 9702 9559 10087
f 9693 9059 9044
f 9036 9059 9693
f 9368 7072 9268
f 7736 9731 9732
f 9733 9624 9628
f 9294 9446 9727
f 6333 9401 9371
f 9268 9606 9267
f 5986 9751 5987
f 9407 9556 9038
f 10581 9038 9556
f 6304 9382 8147
f 9130 9707 9030
f 9442 9443 9735
f 9268 9266 9368
f 9736 9386 7736
f 10443 7899 8624
f 9684 7463 9156
f 9239 9718 9423
f 9130 8812 9682
f 6767 7436 10024
f 9690 9776 9737
f 9707 8147 9382
f 9682 8812 8147
f 9383 9030 9382
f 9386 9387 7072
f 10087 9420 8795
f 10024 9369 9072
f 8795 9728 9702
f 7736 9386 7072
f 9088 9080 9437
f 9036 9141 9379
f 9379 9141 9057
f 9624 9732 9629
f 9044 9059 9045
f 9073 9739 9074
f 9399 9456 9400
f 9392 8391 9368
f 9036 9392 9266
f 9392 9368 9266
f 8633 8632 8650
f 9421 9728 8795
f 9036 9728 9421
f 9736 7736 9740
f 8814 9397 8813
f 9032 8514 8515
f 9751 9032 9255
f 9420 9421 8795
f 8209 9080 9088
f 9072 9369 9073
f 9741 9742 9518
f 9046 6329 9047
f 8650 9045 10087
f 9045 9420 10087
f 6767 9456 9426
f 8761 9404 8762
f 9403 9404 8761
f 8795 9702 10087
f 9444 9445 9729
f 9735 9443 9541
f 5986 5988 9426
f 5988 6767 9426
f 9374 5986 9426
f 9384 7750 8628
f 9468 9681 9469
f 9561 9744 9745
f 10581 7984 4250
f 6304 9708 9382
f 9746 8833 9747
f 9748 9749 9153
f 9436 9438 9455
f 8210 9088 9687
f 9687 9437 9436
f 8210 8209 9088
f 9436 9455 9419
f 9080 9518 9750
f 9370 9433 9073
f 9752 10542 8788
f 9395 9451 9750
f 9452 9450 9455
f 9753 9754 8763
f 9755 9136 9425
f 9755 9756 9136
f 9080 9452 9438
f 9518 9742 9750
f 9135 9439 9136
f 7068 9750 9742
f 9750 7068 9395
f 9433 9739 9073
f 9739 9433 9249
f 9445 9755 9425
f 9729 9755 9445
f 7436 9401 10024
f 9443 9468 9541
f 9757 9758 9759
f 9074 9249 9137
f 9445 9761 9730
f 9425 9761 9445
f 9444 9730 9762
f 9739 9439 9074
f 9439 9249 9074
f 9249 9439 9739
f 9763 9722 9762
f 9729 9445 9730
f 9119 9442 9735
f 9136 9439 9137
f 9406 9442 9119
f 7129 7185 9466
f 9764 9765 9717
f 9766 9763 9762
f 9766 9767 9763
f 9766 9425 9767
f 9768 9769 9770
f 9135 9756 9729
f 9722 10024 9444
f 9708 9734 9853
f 9445 9135 9729
f 9722 9444 9762
f 9756 9137 9136
f 9741 9518 9771
f 9730 9761 9762
f 9135 9072 9439
f 9190 9072 9135
f 9761 9766 9762
f 9085 7129 9466
f 9437 9080 9438
f 8616 6733 9409
f 9451 9452 9080
f 9750 9451 9080
f 9439 9074 9137
f 9755 9729 9756
f 9772 9750 9742
f 9750 9772 9742
f 9773 9774 9775
f 9773 9824 9774
f 9777 9388 9419
f 9778 9388 9777
f 9769 9779 9770
f 9425 9779 9769
f 9116 9780 9153
f 9135 9137 9756
f 9761 9425 9766
f 9469 8640 8639
f 9425 9430 10148
f 9118 9406 9119
f 9458 9470 8639
f 9466 7185 9405
f 9406 7185 9442
f 9731 9782 9732
f 9742 9772 7068
f 9772 9419 7068
f 9741 9772 9742
f 8210 9687 9419
f 9687 9436 9419
f 8075 8210 9419
f 9783 9704 9706
f 9741 9784 9772
f 9784 9419 9772
f 9058 9780 9128
f 9085 9466 9448
f 9034 9026 9027
f 9458 9119 9735
f 9681 9443 7185
f 9735 9541 9458
f 9443 9681 9468
f 9440 6304 9760
f 9027 9803 9165
f 9469 9681 8640
f 8640 9681 9787
f 9780 9788 9128
f 6705 9458 10138
f 9789 9749 9790
f 9786 9791 9583
f 4393 9781 9100
f 9793 9794 9712
f 9780 9116 9788
f 9795 9769 9768
f 9769 9795 9425
f 9796 9797 9798
f 9454 9696 9781
f 4393 9100 9803
f 9454 9781 11938
f 9800 9799 9801
f 9799 9802 9419
f 9802 9799 9800
f 9802 9113 9419
f 9113 9802 9114
f 9619 9898 9804
f 8639 8641 9458
f 9805 9806 9835
f 9553 9347 9207
f 9807 9808 9809
f 9810 9811 9588
f 10921 9812 9747
f 9544 9584 9873
f 9165 9803 9482
f 7785 9814 9410
f 9814 9408 9410
f 9312 9815 9816
f 9432 9817 10176
f 7762 9165 9482
f 9543 9818 9544
f 9786 9818 9543
f 9454 9695 9696
f 9128 9803 9129
f 9819 9820 9810
f 9614 8686 8685
f 9585 9818 9786
f 9818 9585 9584
f 9116 4393 9803
f 9294 9714 9446
f 9068 9034 9027
f 9788 9803 9128
f 9100 9076 9794
f 9825 9487 9826
f 9479 9743 9481
f 9076 9100 9077
f 9781 9075 9077
f 9781 9077 9100
f 8652 7446 7815
f 9116 9803 9788
f 9827 7736 9828
f 9026 9129 9803
f 9034 9033 9026
f 9780 9058 9153
f 9471 9829 9472
f 9829 9471 9520
f 9480 9479 9481
f 9034 9068 9153
f 9776 9486 9425
f 6312 9116 9153
f 8829 9347 9553
f 9831 9743 9479
f 9743 9831 11938
f 9543 9833 9786
f 9833 9543 9542
f 9207 9536 9553
f 9614 11666 8670
f 7977 9107 9614
f 9836 9837 9821
f 8403 9296 9048
f 7736 8403 9048
f 9838 9839 9804
f 9839 9838 9520
f 9840 9841 11938
f 9841 9840 9842
f 9376 9174 9791
f 9185 9174 9376
f 9542 9544 9873
f 9833 9542 9745
f 9898 8271 9472
f 9818 9584 9544
f 9463 9185 8659
f 9079 9182 9514
f 9843 9844 9517
f 9837 9427 9843
f 9845 9846 9847
f 9493 9495 9126
f 9567 9848 9529
f 9786 7815 9791
f 9084 9490 9492
f 9523 9583 9791
f 9523 9462 9583
f 9554 9521 9555
f 9521 9554 9520
f 11346 6312 9153
f 9492 9491 9493
f 9744 9833 9745
f 9786 9833 9744
f 9514 9182 9912
f 9349 10312 9850
f 9152 9852 9819
f 9523 9174 9463
f 9791 9174 9523
f 9377 9713 7785
f 9158 9713 9377
f 9585 9583 9548
f 9786 9583 9585
f 9584 9548 9873
f 8659 8205 9873
f 9542 9873 9745
f 9495 9494 9849
f 9494 9514 9849
f 9855 9856 9857
f 9495 9836 9821
f 9836 9849 9513
f 9849 9514 9513
f 8788 9859 9431
f 9182 10786 9912
f 9620 9838 9804
f 9860 9861 9898
f 9036 9824 9715
f 9836 9513 9837
f 9912 9844 9514
f 9862 9863 9864
f 11346 9885 6312
f 9151 9573 9852
f 9152 9151 9852
f 9352 9865 9599
f 9126 9495 9821
f 9848 9568 9866
f 9873 8205 11274
f 9867 9868 9869
f 9562 9561 9873
f 9870 9854 9873
f 9491 9514 9494
f 9493 9491 9494
f 9843 9517 9821
f 9495 9849 9836
f 9561 9745 9873
f 9084 9492 9126
f 9569 9560 9562
f 9569 9786 9560
f 9874 9875 9630
f 9408 9814 9719
f 9540 9311 9876
f 9427 9514 9844
f 9843 9427 9844
f 9568 6312 9885
f 9844 9515 9517
f 9844 9912 9515
f 8271 9898 9555
f 9513 9514 9427
f 9837 9513 9427
f 9475 9126 9520
f 9804 9839 9619
f 9472 9829 9620
f 9857 9877 9878
f 10295 9581 9353
f 9572 9879 9866
f 9864 9879 9572
f 9580 10295 9880
f 9881 9571 9866
f 9882 9571 9881
f 9588 9883 9884
f 9863 9879 9864
f 9866 9568 9885
f 9588 9570 9810
f 9886 9887 9888
f 9889 9886 9888
f 9890 9586 9891
f 9848 9533 9568
f 9848 9567 9533
f 9526 9528 9587
f 9892 9893 9894
f 9347 8790 9207
f 8980 9197 8798
f 9896 9897 11274
f 10243 9553 9536
f 8302 9084 9126
f 9492 9493 9126
f 9837 9843 9821
f 9517 9516 9821
f 9516 9900 9901
f 9902 9459 9821
f 9555 9521 8271
f 9161 9555 9898
f 9162 9161 9898
f 9161 9475 9554
f 9475 9520 9554
f 9829 9520 9838
f 9620 9829 9838
f 8271 9521 9471
f 9521 9520 9471
f 9617 9619 9839
f 9898 9620 9804
f 9820 9882 9855
f 9503 9904 9905
f 9863 9529 9906
f 9907 9908 9909
f 9573 9571 9882
f 9909 9910 9911
f 9151 9864 9573
f 9879 9906 9866
f 9879 9863 9906
f 9570 9526 9587
f 9906 9848 9866
f 9529 9848 9906
f 9528 9529 9863
f 9811 9855 9857
f 9528 9863 9862
f 9587 9528 9862
f 9862 9864 9151
f 9150 9862 9151
f 9864 9572 9573
f 9587 9862 9150
f 9852 9573 9882
f 9883 9857 9878
f 9820 9855 9811
f 9810 9820 9811
f 9811 9857 9883
f 9588 9811 9883
f 9882 9881 9855
f 9877 9856 9866
f 9857 9856 9877
f 9884 9913 9914
f 9889 9570 9911
f 9852 9882 9820
f 9819 9852 9820
f 9883 9913 9884
f 9913 9883 9878
f 9599 9865 9600
f 9865 8333 9600
f 9856 9881 9866
f 9856 9855 9881
f 9152 9570 9150
f 8980 8277 9613
f 10243 9535 9592
f 10243 9593 9594
f 9596 9549 9631
f 9917 9918 9919
f 8790 7534 9207
f 9206 9922 9535
f 9922 9206 7534
f 9570 9889 11210
f 9884 9570 9588
f 9353 9923 9924
f 9923 8333 9924
f 9581 9923 9353
f 9925 9926 8333
f 9926 9925 9927
f 9928 8333 9923
f 9581 9928 9923
f 9929 9930 9931
f 9930 8333 9931
f 9819 9570 9152
f 9880 9925 9932
f 9925 8333 9932
f 9810 9570 9819
f 9914 9570 9884
f 8826 9233 7534
f 9234 8826 9540
f 10420 9698 9853
f 8797 8796 9596
f 9216 9215 9593
f 9640 9934 9935
f 9207 9206 9536
f 9586 9596 9538
f 9238 9538 8278
f 9936 9775 10638
f 9586 9189 9596
f 9622 9937 9598
f 7534 9189 9586
f 8980 9670 9342
f 9586 9598 9937
f 8815 9511 10295
f 9926 8498 8333
f 9880 9932 9580
f 9511 9927 10295
f 9880 9927 9925
f 9617 9839 9520
f 9898 9619 9618
f 9860 9898 9618
f 9186 8498 9926
f 9511 9186 9926
f 9219 9371 9158
f 9353 9924 9352
f 9593 9592 9216
f 9511 9926 9927
f 7154 9201 9938
f 9201 9232 9938
f 9939 9305 9647
f 7785 9713 9422
f 9713 9159 9422
f 9238 8278 8277
f 9602 9257 9938
f 9627 9941 9639
f 8278 9596 8279
f 9349 9850 9350
f 9724 9764 9717
f 9549 9942 9631
f 8796 8798 9197
f 9216 9592 9922
f 9942 9613 9631
f 9613 9942 8980
f 9670 9942 9549
f 9942 9670 8980
f 9343 9670 9549
f 9342 9196 9197
f 9342 9197 8980
f 7785 9422 9423
f 9580 9928 9581
f 9932 8333 9928
f 9580 9932 9928
f 9924 8333 9865
f 9352 9924 9865
f 10295 10506 9975
f 8277 8980 9602
f 10295 9352 9599
f 9943 9944 8152
f 9854 9569 9562
f 9546 9545 9945
f 7534 9216 9922
f 9613 8279 9631
f 9311 9540 8826
f 7154 9938 9257
f 9233 8826 9234
f 9215 9233 9594
f 9535 9922 9592
f 9215 9594 9593
f 9234 9594 9233
f 9343 9342 9670
f 9343 9596 9196
f 8269 8366 9008
f 9280 8836 9365
f 9995 9636 9946
f 10243 9947 9948
f 10295 9927 9880
f 8927 8615 7358
f 9238 8277 9602
f 9950 9951 9952
f 9950 10247 9951
f 8333 8498 8869
f 8922 9180 8924
f 9718 9719 9953
f 9954 9955 9956
f 9538 9596 8278
f 9604 9304 9639
f 8923 8998 9605
f 9643 9603 8384
f 9604 9603 9643
f 9941 9957 9639
f 9235 8940 9616
f 8940 9605 9616
f 9615 9591 9354
f 9512 9643 8384
f 9512 9304 9643
f 9603 9181 8384
f 9603 9179 9181
f 9235 9615 9354
f 9179 9604 9639
f 9960 9961 9626
f 9961 8384 9626
f 9616 9605 8998
f 8922 9605 9181
f 9180 8922 9181
f 9354 8924 9639
f 9181 9605 8384
f 9960 9627 9639
f 9304 9604 9643
f 8384 9349 9350
f 9605 9214 10305
f 9875 9874 9948
f 10547 9963 9964
f 8402 9714 8403
f 9661 9360 9010
f 9271 8427 9635
f 6840 8455 8482
f 7910 7955 7911
f 8384 9605 9349
f 9648 10031 9048
f 9966 9967 8960
f 8317 8558 7936
f 8384 9350 9962
f 9968 9969 9970
f 9282 8311 9281
f 9972 9973 9974
f 9995 8427 8429
f 9410 9409 9976
f 8562 8846 8786
f 8992 8913 9277
f 9638 9280 9365
f 9977 8616 9978
f 9637 9995 9638
f 9365 8835 8993
f 9995 9637 9635
f 9660 9633 8304
f 8142 9636 8150
f 8517 8304 8648
f 8304 9155 8648
f 9633 9660 9155
f 8304 9633 9155
f 9611 9995 9946
f 9981 9982 9983
f 8293 8801 8294
f 9634 9637 9276
f 9984 9985 9986
f 9634 9635 9637
f 8517 9660 8304
f 10005 9220 9994
f 9276 9226 9634
f 9296 8403 9646
f 6840 8612 8432
f 8862 9008 8785
f 9208 8330 9987
f 9943 8152 8151
f 9256 8997 9270
f 9220 8836 8981
f 8914 9220 9226
f 8025 8355 7358
f 9270 8318 8497
f 8427 9995 9635
f 9276 8913 9226
f 9361 8025 8615
f 8892 6840 8354
f 8285 8997 8876
f 8311 9270 7935
f 8100 9994 9220
f 7935 7937 8311
f 8329 9612 9226
f 8483 8465 8221
f 8319 8997 8558
f 9210 8609 9011
f 8612 8220 8222
f 8142 8141 9946
f 9281 7937 8558
f 9990 9991 9992
f 8876 8997 9256
f 9364 8426 8425
f 9995 8869 9638
f 8429 9993 9608
f 9226 9220 10005
f 9271 9634 9226
f 7750 9384 11635
f 8366 6840 8892
f 9997 10838 9998
f 8150 9226 8142
f 9999 9546 10000
f 9014 8262 8295
f 9650 9608 9680
f 8142 9946 9636
f 9226 9612 8141
f 8124 10003 10004
f 9005 10006 9006
f 6840 8901 8561
f 8926 9661 9361
f 8901 6840 8868
f 7358 8355 8426
f 8263 8265 9014
f 9661 9010 9361
f 9364 8425 9314
f 8294 9364 9314
f 8868 8867 8897
f 9364 7358 8426
f 8025 7358 8615
f 9256 8620 9213
f 8145 8873 8426
f 9288 8598 8338
f 8173 8361 9288
f 9011 8293 9361
f 8468 6840 8359
f 8360 6840 8459
f 8430 8612 8222
f 9361 8602 8579
f 9290 8873 8578
f 8602 8452 8579
f 8837 9009 8602
f 8355 8145 8426
f 8173 8452 8361
f 8361 8426 8598
f 8339 9290 8578
f 8249 8612 8245
f 8483 8263 8295
f 8430 8222 8465
f 9288 8338 8579
f 8426 9290 8599
f 8146 8920 8355
f 8173 9288 8579
f 10007 9602 8877
f 8906 8613 8920
f 10008 10009 10010
f 10009 10008 10011
f 8597 8920 9665
f 8597 9665 9306
f 10012 10013 9473
f 9627 9960 9626
f 9609 9538 9237
f 9719 8616 9408
f 9502 10015 8407
f 9824 9782 10017
f 9782 9731 10017
f 9709 10547 10019
f 10020 9808 9807
f 9053 10052 9759
f 9344 8642 10638
f 9686 10021 10019
f 9784 9777 9419
f 9777 9784 9771
f 9678 10022 9654
f 9740 7736 9827
f 9775 9774 10016
f 10023 9716 9489
f 10019 9477 9709
f 9953 9814 7785
f 9814 9953 9719
f 7785 9621 9022
f 9477 9676 9710
f 9709 9477 9710
f 10023 9765 9764
f 8624 9052 10443
f 9558 9715 9417
f 11635 10547 10132
f 9710 10025 9090
f 10025 9710 9676
f 10031 9412 9727
f 9797 10026 9798
f 9797 10375 10026
f 9441 9383 10018
f 10029 10030 10031
f 10032 10052 10033
f 10420 9441 9698
f 9648 9711 9411
f 10547 8407 9963
f 9419 10036 11938
f 9716 9398 9488
f 9698 10018 9940
f 8763 9773 9936
f 9773 8763 9824
f 10025 9676 9501
f 9500 10025 9501
f 10028 10037 9963
f 10028 9676 10037
f 9747 9812 10038
f 10039 9783 10638
f 9764 9724 10149
f 10040 11511 9209
f 9685 9683 10021
f 9686 9685 10021
f 9501 10015 9502
f 9676 10015 9501
f 10037 9964 9963
f 8407 10547 9502
f 9359 10420 10035
f 9733 7736 9624
f 9746 9747 10038
f 9824 10043 10044
f 10043 9828 10044
f 10045 10046 10047
f 9676 9683 10035
f 10040 9812 10048
f 9447 9714 8643
f 9411 9293 9412
f 9488 9400 6767
f 9374 9456 9399
f 10050 9731 7736
f 9646 9714 6329
f 9409 6733 9976
f 9296 9646 9046
f 8403 7736 7735
f 8407 10028 9963
f 9725 9717 10052
f 10031 9209 11511
f 9725 10052 9055
f 9239 9371 9718
f 7785 9423 9953
f 9423 9718 9953
f 9371 8616 9718
f 9090 10547 9709
f 10149 9374 9399
f 6767 10052 9489
f 9412 9294 9727
f 6330 9714 9711
f 9754 9824 8763
f 9733 10044 9828
f 9733 9628 10044
f 9648 6330 9711
f 9936 9773 9775
f 9711 9714 9293
f 10149 9398 9716
f 9412 9293 9294
f 10149 9399 9398
f 9824 10044 9628
f 10054 8643 8644
f 10149 9716 10023
f 9714 10921 8643
f 9753 9936 10638
f 9371 9401 8616
f 10023 9489 9765
f 9724 9717 9725
f 9030 9383 9441
f 10056 10532 10057
f 10058 10056 10057
f 9779 10059 9770
f 9632 9776 6767
f 9383 9708 10018
f 9724 9723 10149
f 6767 10024 9959
f 9765 10052 9717
f 9401 9751 9457
f 9976 10060 7785
f 10060 9976 6733
f 10061 10062 9621
f 10062 10061 9978
f 10063 10064 10065
f 6552 10443 9052
f 9130 9030 9441
f 10542 10066 10042
f 9384 10547 11635
f 10052 9053 9055
f 10535 10068 10069
f 10068 10070 10069
f 10015 9676 10028
f 8407 10015 10028
f 9502 10547 9500
f 10138 10071 10072
f 10547 9686 10019
f 10547 9090 9500
f 10021 9477 10019
f 9477 10021 9676
f 10039 10073 10074
f 9743 9813 9481
f 10075 8788 9431
f 10076 10077 10072
f 10078 10079 10080
f 9753 8763 9936
f 9558 9557 9715
f 10087 9558 9417
f 9853 9698 9940
f 10018 9708 9940
f 9090 10025 9500
f 9740 9827 10081
f 9824 9036 10082
f 9345 9754 8642
f 9824 9754 9345
f 10082 9036 8806
f 9736 10082 8806
f 9740 10082 9736
f 10082 10081 9824
f 9740 10081 10082
f 10081 10043 9824
f 10043 10081 9827
f 10087 9344 10638
f 9632 9770 9825
f 9386 9736 8806
f 10043 9827 9828
f 9706 9705 9858
f 9774 10073 10016
f 9774 9824 10073
f 9828 7736 9733
f 9398 9400 9488
f 9054 9723 9055
f 9723 9725 9055
f 9629 9782 9824
f 9782 9629 9732
f 9624 7736 9732
f 10038 10040 9209
f 10453 10083 9663
f 10023 9764 10149
f 8642 9753 10638
f 9489 10052 9765
f 9853 9734 10420
f 9776 9632 9826
f 10073 9824 10074
f 9417 9344 10087
f 8642 9754 9753
f 10638 9783 9706
f 10638 9775 10016
f 9715 9418 9417
f 9824 9418 9715
f 10086 9795 9768
f 10073 10039 10016
f 10088 10597 10132
f 10089 10542 10042
f 10021 9683 9676
f 9054 10149 9723
f 9776 10052 6767
f 10091 10092 10033
f 9801 9518 9800
f 9787 9681 9108
f 10093 10094 10095
f 9940 9708 9853
f 9743 11938 9813
f 10096 10097 9621
f 10097 10096 10098
f 10100 10101 9824
f 10101 10100 10102
f 9771 9784 9741
f 9789 9790 10104
f 10106 8644 10013
f 10542 10089 9681
f 10107 10108 9824
f 10109 10108 10107
f 10638 9080 10087
f 9722 10059 10024
f 10059 9722 9767
f 10638 9518 9080
f 10105 9115 9114
f 9518 9114 9800
f 9763 9767 9722
f 10110 10111 10854
f 9458 10112 10113
f 9787 9108 9694
f 10020 9429 10114
f 9689 10115 10116
f 10047 10096 9621
f 10046 10096 10047
f 10059 10086 9768
f 9964 10117 10118
f 10453 8879 10119
f 9632 9779 9770
f 9487 10120 9826
f 10120 9486 9826
f 10120 9487 9486
f 9832 10121 9153
f 9110 9109 10112
f 9770 9779 9825
f 9632 10059 9779
f 9959 10059 9632
f 10059 9768 9770
f 10066 10542 10076
f 9486 9776 9826
f 9805 10122 10123
f 9778 9777 9771
f 9778 10124 9388
f 9117 9332 9333
f 10059 9795 10086
f 10125 10132 10118
f 9789 9153 9749
f 8641 9787 9694
f 9109 10089 10112
f 10087 9080 7744
f 10059 9767 9795
f 9388 10127 9419
f 10127 9388 10124
f 9771 9518 9778
f 9076 9075 9712
f 9632 9825 9826
f 9778 9518 10124
f 9801 10127 10124
f 10127 9799 9419
f 9801 9799 10127
f 9103 10128 10129
f 10124 9518 9801
f 9781 9696 9793
f 10105 10036 10130
f 10036 9419 10130
f 10180 9100 9794
f 9113 10130 9419
f 9113 9115 10130
f 10105 10130 9115
f 10131 9841 9842
f 9795 9767 9425
f 9518 10105 9114
f 9779 9487 9825
f 9425 9487 9779
f 9114 9802 9800
f 10072 10077 10133
f 10052 9776 9690
f 10135 10136 10137
f 9798 10597 9796
f 9959 10024 10059
f 6705 7750 7185
f 10066 10076 10071
f 9681 7185 10542
f 9458 8641 9694
f 10112 10089 10113
f 10042 10066 10140
f 9485 9484 10141
f 9484 9107 10141
f 10142 9840 11938
f 10143 9840 10142
f 9868 9789 10104
f 9748 10144 9823
f 9063 10145 10146
f 9458 10113 10138
f 10140 10071 10138
f 11631 6705 10138
f 9108 9681 9109
f 8641 8640 9787
f 10089 10042 10113
f 9109 9681 10089
f 10076 10542 10077
f 9577 9530 9153
f 10113 10140 10138
f 9419 11938 9781
f 10113 10042 10140
f 9696 10147 9793
f 10140 10066 10071
f 9785 11938 9831
f 9758 9053 9759
f 10071 10076 10072
f 9749 9748 9823
f 10150 10160 9578
f 10151 10152 9519
f 7815 10148 7723
f 9748 10153 10144
f 9075 9793 9712
f 9806 10151 9835
f 10052 11018 10033
f 9110 10112 9458
f 10712 9485 10156
f 10157 10095 10158
f 9694 9108 9110
f 10138 10075 9431
f 9803 10160 10146
f 10161 10160 10144
f 9530 9577 9579
f 9834 9835 9480
f 10151 9519 9480
f 9832 9063 10146
f 10162 10163 9552
f 9806 10123 10152
f 9530 9579 10161
f 9813 9834 9481
f 10165 10166 10167
f 10168 10165 10167
f 9805 10123 9806
f 11938 9695 9454
f 11938 9785 9695
f 9749 9823 9790
f 10123 10687 10152
f 10154 10122 10169
f 9696 9695 10147
f 9482 10145 7763
f 7763 10145 9063
f 9822 9831 9479
f 10145 9482 9803
f 9695 9785 10147
f 9785 9831 9822
f 10147 9785 9822
f 9075 9781 9793
f 10147 9822 9793
f 9805 10169 10122
f 9793 9822 9479
f 9805 9835 10169
f 10657 9699 10171
f 9832 10146 10150
f 10173 10162 10286
f 10121 9577 9153
f 10712 10174 10175
f 9817 10177 10178
f 10712 10156 10174
f 10687 10123 10122
f 10179 10084 10041
f 10153 10161 10144
f 10243 9540 9876
f 9578 10160 9579
f 9153 9063 9832
f 10121 9832 10150
f 10095 10094 10160
f 10153 9530 10161
f 9577 10121 9578
f 9793 9480 10180
f 9793 10180 9794
f 10144 10160 9823
f 10687 10122 10154
f 9803 9100 10180
f 10121 10150 9578
f 10151 9806 10152
f 10151 9480 9835
f 9579 10160 10161
f 10180 10152 10687
f 9803 10180 10687
f 10180 9519 10152
f 10150 10146 10160
f 10145 9803 10146
f 9530 10153 9153
f 10153 9748 9153
f 10175 10184 10183
f 10184 9107 10183
f 9834 9480 9481
f 10185 10186 10187
f 10188 10189 10190
f 9485 10141 10156
f 9480 9793 9479
f 9895 9951 10247
f 9895 10191 9951
f 10712 9614 8685
f 10156 10141 9830
f 10141 9107 9830
f 10156 9830 10174
f 10712 10192 10193
f 10174 9830 10184
f 9830 9107 10184
f 9483 8687 9484
f 8687 9107 9484
f 10194 10195 10196
f 9504 9905 9885
f 9504 9503 9905
f 10712 9483 9485
f 10712 8685 9483
f 10014 10198 10199
f 10174 10184 10175
f 10026 10200 9798
f 8685 8687 9483
f 9902 10201 9459
f 9516 9515 9900
f 9515 9912 9900
f 10202 10203 10453
f 10204 10101 10102
f 10712 10193 10205
f 10207 9896 11274
f 6312 9183 7848
f 10712 10175 10208
f 9786 10209 9920
f 9921 9897 9896
f 11910 7977 11928
f 10210 10211 9461
f 10207 10212 9896
f 10212 9921 9896
f 10212 9920 9921
f 9895 10206 10213
f 9895 10247 10206
f 10209 9872 9920
f 9872 10209 9873
f 9897 9872 9873
f 9897 9873 11274
f 10214 10215 10216
f 9901 10217 10218
f 9912 10786 11124
f 10221 10222 12357
f 10221 10223 10222
f 10224 11242 10225
f 10226 10224 10225
f 10227 9520 10228
f 10229 10227 10228
f 9952 10191 11274
f 9854 9562 9873
f 10231 10232 9885
f 10232 10231 9887
f 10157 10172 10170
f 9569 9870 9786
f 9870 9569 9854
f 10201 9912 9903
f 9744 9560 9786
f 9560 9744 9561
f 10009 10011 10233
f 9951 10191 9952
f 10209 9870 9873
f 10209 9786 9870
f 9921 9920 9872
f 9897 9921 9872
f 10395 10234 9917
f 10191 10213 11274
f 10235 10236 10237
f 10218 10182 9892
f 9894 9902 9821
f 10201 9903 9460
f 9459 10201 9460
f 10228 10224 10238
f 10224 10228 9520
f 9429 10055 10239
f 10240 11189 10241
f 10242 11210 9889
f 10395 10243 10234
f 9913 9878 9904
f 10206 10207 10213
f 10211 10244 10245
f 10007 10246 9602
f 10207 11274 10213
f 9950 9550 10247
f 9950 9551 9550
f 10217 9912 10182
f 10218 10217 10182
f 9460 10210 9461
f 9460 9903 10210
f 9900 9912 10217
f 9901 9900 10217
f 10243 9948 10248
f 9894 10249 9902
f 10182 9912 9893
f 9892 10182 9893
f 10249 9912 10201
f 9902 10249 10201
f 10236 10316 10250
f 10237 10236 10250
f 9893 9912 10249
f 9894 9893 10249
f 10251 10232 9887
f 10252 10253 10254
f 10253 9520 10254
f 10255 10256 10257
f 10258 10259 9907
f 9914 10260 10261
f 10262 9617 9520
f 10234 10248 10263
f 10225 10264 10265
f 10264 10225 11242
f 10259 9505 10267
f 9887 10231 10268
f 10259 10267 9908
f 9907 10259 9908
f 9914 9913 10260
f 9913 9904 10260
f 9952 11274 9551
f 10168 11210 10269
f 10218 9892 9821
f 10246 10270 9890
f 9652 10271 8384
f 10271 9652 10272
f 9920 10212 10247
f 10273 10275 10263
f 9602 9622 9453
f 10265 10264 10276
f 9516 9901 9821
f 9917 10234 10263
f 9901 10218 9821
f 9892 9894 9821
f 9618 9617 10262
f 9459 9461 9821
f 10226 10225 10265
f 10012 9473 10031
f 9891 10278 9890
f 10279 10227 10229
f 10280 10253 9861
f 10253 10280 9520
f 9860 10262 10280
f 10262 9520 10280
f 9860 10280 9861
f 10252 9898 9861
f 10238 10224 10226
f 10252 10254 10279
f 9861 10253 10252
f 10229 10228 10238
f 10254 10227 10279
f 10227 10254 9520
f 10260 9904 9503
f 10261 10282 10258
f 10283 10284 10285
f 9905 10281 9885
f 9904 10281 9905
f 9909 9570 9907
f 10287 10288 10289
f 9886 10251 9887
f 9911 9570 9909
f 10290 9504 9885
f 9505 9504 10290
f 10282 9503 9505
f 10282 9505 10259
f 10258 10282 10259
f 10260 9503 10282
f 10261 10260 10282
f 9888 10291 10242
f 10291 9888 10268
f 10258 9570 10261
f 10292 10293 10294
f 9907 9570 10258
f 10281 9877 9885
f 10281 9878 9877
f 9878 10281 9904
f 9877 9866 9885
f 10267 9505 10290
f 10188 10506 10295
f 10296 10188 9929
f 10251 10298 10299
f 9910 10298 10251
f 10188 10296 10283
f 9908 10298 9910
f 9909 9908 9910
f 9911 9886 9889
f 10299 10297 9885
f 10297 10299 10298
f 10232 10299 9885
f 10232 10251 10299
f 9908 10267 10298
f 9910 10251 9886
f 9911 9910 9886
f 10297 10290 9885
f 10297 10267 10290
f 10242 10291 10300
f 9889 9888 10242
f 9888 9887 10268
f 10267 10297 10298
f 9969 10302 11240
f 10302 9969 9968
f 10272 9652 9653
f 10273 9874 9630
f 10275 10273 9630
f 10243 9876 9947
f 9876 9311 9623
f 10278 10246 9890
f 10246 10278 9602
f 9917 10263 9918
f 9117 9333 9610
f 10304 9937 9622
f 9919 9918 10198
f 10261 9570 9914
f 8517 8648 10795
f 10243 10248 10234
f 10306 10307 10834
f 8827 9979 8648
f 10300 11210 10242
f 9929 10308 9930
f 10309 10310 10311
f 10304 10278 9891
f 9602 10278 10304
f 10162 9552 10286
f 9602 9117 9610
f 10313 10314 10315
f 9680 9944 9650
f 9332 9598 9586
f 9945 9545 10318
f 9937 10304 9891
f 10014 9919 10198
f 9898 10226 10265
f 10395 9917 9919
f 10395 9919 10014
f 10317 7534 9586
f 9126 11242 9520
f 8644 10921 10013
f 10262 9860 9618
f 10229 9898 10279
f 9601 9851 10308
f 9898 10252 10279
f 9520 11242 10224
f 9898 10229 10238
f 10226 9898 10238
f 9890 10270 9586
f 10320 10321 10322
f 9609 9237 9610
f 10323 10324 10114
f 9232 9602 9938
f 10325 10276 10326
f 9957 9941 10328
f 9586 9609 9333
f 9586 9937 9891
f 10329 10330 10331
f 8384 10328 9625
f 10328 9941 9625
f 10332 10333 11239
f 10332 10334 10333
f 10490 10337 9630
f 10317 9630 7534
f 10338 10337 9640
f 9599 9601 10188
f 10005 8329 9226
f 10285 10339 10340
f 9601 9600 9851
f 9600 8333 9851
f 9931 8333 10341
f 10296 9931 10341
f 9930 9851 8333
f 9851 9930 10308
f 10283 10285 10188
f 9929 9931 10296
f 10296 10341 10283
f 10285 10284 10339
f 10284 8333 10339
f 10341 8333 10284
f 10283 10341 10284
f 10295 9599 10188
f 9601 10308 10188
f 10340 10342 10309
f 10339 8333 10342
f 10340 10339 10342
f 10343 10344 10345
f 10309 10342 10310
f 10342 8333 10310
f 10340 10309 10188
f 9651 8384 9961
f 9507 9651 9961
f 9850 9674 9962
f 9622 9602 10304
f 9602 9453 9117
f 10007 8877 9006
f 8216 8729 12316
f 10346 8326 10347
f 9598 9332 9453
f 10198 9918 10348
f 9630 9875 7534
f 10263 10248 10273
f 10348 10219 10198
f 9948 9947 9875
f 9875 9947 9623
f 9875 9623 7534
f 9876 9623 9947
f 10337 10219 9630
f 9874 10273 10248
f 9874 10248 9948
f 10317 10490 9630
f 10348 10275 9630
f 10348 9918 10275
f 10263 10275 9918
f 10219 10348 9630
f 10337 10199 10219
f 10198 10219 10199
f 10188 10308 9929
f 10270 10246 10007
f 9610 9237 9602
f 10340 10188 10285
f 10350 9934 10490
f 9221 10351 10352
f 8428 9226 9993
f 8428 9271 9226
f 10029 10031 10355
f 9979 8827 9975
f 10356 10062 9978
f 9651 9507 9653
f 10795 8333 8869
f 9962 9674 9358
f 9507 9960 9639
f 9656 9945 9657
f 10271 9647 8384
f 9647 10271 9939
f 9639 9305 9939
f 9625 9941 9627
f 9960 9507 9961
f 10271 10272 9939
f 9639 9653 9507
f 9957 10328 10302
f 10328 8384 10302
f 9639 10272 9653
f 9939 10272 9639
f 9968 9957 10302
f 9346 9969 11240
f 9969 9346 9970
f 9850 10312 9674
f 8384 9962 9358
f 9350 9850 9962
f 10305 10312 9605
f 9680 9993 9226
f 9824 10358 10359
f 10358 10030 10359
f 9611 9612 8331
f 9944 9943 9650
f 10361 10362 10363
f 9208 8881 10364
f 8141 9611 9946
f 11271 10365 10366
f 10200 10026 10367
f 10026 10375 10367
f 10368 10369 10370
f 10372 10373 10374
f 10395 9999 10000
f 10377 10378 10379
f 10377 9245 10378
f 9586 10270 10380
f 10381 10382 10383
f 9995 9943 8151
f 10384 10385 10386
f 8429 8428 9993
f 10387 10388 10389
f 10390 10391 10392
f 10390 10838 10391
f 10393 9672 10394
f 10395 10000 9656
f 10004 10003 10397
f 10399 10400 11511
f 11362 10401 10392
f 10402 10403 10404
f 10405 10535 10406
f 10408 10409 11997
f 10795 8869 9995
f 10411 10412 10413
f 9944 9226 8152
f 9993 9680 9608
f 10414 10415 10416
f 10898 10415 10414
f 8875 10418 10419
f 10421 10422 10423
f 10424 10425 10426
f 10427 10162 10173
f 9680 9226 9944
f 10428 10429 10430
f 10429 10301 10430
f 10429 10428 10301
f 10367 10432 10371
f 10432 10367 10375
f 9943 9995 9650
f 9208 9987 8881
f 9217 10433 10434
f 9551 11274 9552
f 10119 8879 8603
f 10435 10921 10436
f 10437 10438 10439
f 10440 10441 10442
f 10441 10335 10442
f 10444 11018 8603
f 10446 10399 10447
f 10945 10448 10449
f 10450 10451 10452
f 10454 10455 10456
f 10457 10458 10459
f 10458 10457 8877
f 10350 9955 10460
f 9270 9965 9256
f 10302 8384 11240
f 11192 10462 9984
f 10293 10464 10294
f 10464 11240 10294
f 9270 8862 9965
f 10005 8881 9987
f 9965 9361 8920
f 10465 10466 10467
f 10468 10469 11240
f 10469 10468 10418
f 10190 10471 10472
f 10471 8333 10472
f 10473 10460 9955
f 9968 9970 8875
f 8862 8025 9965
f 10474 10475 10476
f 10477 10478 10479
f 10277 10480 10481
f 10482 10483 12665
f 10350 9956 9955
f 10484 8333 10471
f 10189 10484 10471
f 10485 10486 10527
f 10189 10471 10190
f 8579 8920 9361
f 10418 10468 10419
f 10303 10487 10488
f 10489 10338 9935
f 10491 10492 10319
f 10395 10493 10494
f 10495 8326 10488
f 10496 10286 10497
f 9965 8620 9256
f 8877 10394 10498
f 10473 9955 9871
f 10222 10499 12357
f 10500 10499 10222
f 10501 10502 10490
f 10464 9346 11240
f 10503 9346 10464
f 10211 10210 10244
f 10210 9903 10244
f 10337 10490 9640
f 10395 9871 10505
f 8620 9965 8597
f 10503 10293 8875
f 8326 10303 10488
f 10014 10199 10508
f 10357 9595 10312
f 8880 9995 10364
f 9956 10502 9954
f 10005 9987 8329
f 9949 10231 9885
f 9949 10268 10231
f 10509 10510 10511
f 10512 9983 10513
f 10500 10222 10223
f 8597 9965 8920
f 10514 10515 10516
f 10292 10418 8875
f 10256 10255 10517
f 10394 9673 10498
f 10518 10506 10519
f 10517 8326 10491
f 9999 10331 9546
f 10520 10597 10088
f 9915 10521 10269
f 10523 11210 10522
f 10395 10014 10508
f 10344 10525 10286
f 10237 10250 10277
f 10526 10485 10216
f 10502 9956 10490
f 10528 10529 10530
f 10481 10531 10214
f 10533 10534 11756
f 10535 10536 10537
f 10453 10538 10539
f 10090 10540 11938
f 10541 10540 10090
f 9640 9935 10338
f 10543 10164 10544
f 10545 10375 9797
f 9796 10545 9797
f 10245 10546 10235
f 10548 10051 10134
f 10088 10548 10134
f 10106 10013 10012
f 9431 9859 9432
f 10480 10316 10531
f 10481 10480 10531
f 10550 10458 8877
f 10551 10537 10536
f 10552 10054 10031
f 10031 10054 10106
f 9054 9053 9758
f 10205 10056 10058
f 10139 9688 10553
f 10208 10554 10555
f 10235 10237 10527
f 9746 10038 9209
f 10355 10102 10100
f 10088 10134 10520
f 10511 10510 10556
f 10531 10316 10215
f 10214 10531 10215
f 10193 10559 10560
f 10559 10532 10560
f 10085 10561 10562
f 10555 10712 10208
f 10326 11242 10565
f 10256 10517 10319
f 10067 10132 10125
f 11283 11373 10567
f 10134 10545 10520
f 10545 10134 10051
f 10568 10569 10570
f 11241 10571 10572
f 9858 9102 10638
f 10573 11018 10164
f 9705 10574 9858
f 9824 10574 9705
f 10510 10509 10575
f 10576 8833 9746
f 10576 9473 8833
f 10356 8616 10045
f 10577 10578 10579
f 10091 10573 10580
f 10013 10921 9473
f 10787 10426 10425
f 10582 10142 11938
f 10142 10582 10103
f 10132 10067 10088
f 10543 10149 10580
f 10583 10584 10585
f 8664 10375 10410
f 8665 8664 10410
f 10586 6734 9977
f 6734 10060 6733
f 10096 10046 10098
f 10118 10547 9964
f 9726 10552 10031
f 10045 8616 10046
f 9738 9689 10583
f 10354 10002 9989
f 10520 9796 10597
f 10054 8644 10106
f 10588 10031 10030
f 10385 10589 9809
f 10355 10590 10029
f 10050 10031 10109
f 10097 10098 10591
f 10580 10573 10164
f 10592 10453 10543
f 10016 10039 10638
f 9102 10574 10197
f 9812 10040 10038
f 10586 10061 9621
f 10061 10586 9977
f 10638 9706 9858
f 10157 10093 10095
f 10355 10031 10102
f 10520 10545 9796
f 10547 10118 10132
f 10051 10035 10375
f 10046 8616 10098
f 10594 10595 11511
f 10050 7736 10031
f 10067 10548 10088
f 9726 9447 10552
f 9726 9446 9447
f 10592 10543 10544
f 9714 9760 10921
f 9410 9976 7785
f 10552 8643 10054
f 8833 10921 9747
f 10031 9473 9209
f 9473 10576 9209
f 10576 9746 9209
f 10552 9447 8643
f 7785 10586 9621
f 10356 10045 10596
f 9751 10453 9457
f 10061 9977 9978
f 10032 9759 10052
f 9621 10596 10047
f 10596 10045 10047
f 10129 9721 10638
f 10092 10032 10033
f 10031 10106 10012
f 10598 9429 10020
f 9429 10598 9428
f 9978 8616 10356
f 9621 10062 10596
f 10062 10356 10596
f 10060 10586 7785
f 6734 10586 10060
f 6734 8616 9977
f 10097 10591 10068
f 10535 10097 10068
f 10590 10359 10029
f 9727 9726 10031
f 10033 11018 10573
f 10453 9751 10149
f 10109 10107 10050
f 10107 10017 10050
f 10017 9731 10050
f 10107 9824 10017
f 9824 10101 9675
f 10101 10204 9675
f 10037 9676 10051
f 10149 10091 10580
f 10599 10600 10601
f 9824 10359 10590
f 8604 11018 10602
f 10149 9054 9758
f 10149 9757 10092
f 10603 9815 10604
f 9757 9759 10032
f 10605 11015 10606
f 10197 10128 9103
f 9824 10128 10197
f 10590 10100 9824
f 10355 10100 10590
f 10030 10029 10359
f 9103 10129 10638
f 10143 10142 10103
f 10574 9824 10197
f 12094 10607 10608
f 10543 10453 10149
f 9858 10574 9102
f 10109 10588 10108
f 10510 11018 10556
f 10119 10202 10453
f 10083 10556 10609
f 10358 10588 10030
f 10581 9621 11412
f 10545 10051 10375
f 10363 10362 12062
f 10610 10611 9087
f 10117 10549 10118
f 10051 10549 10117
f 9708 10041 10084
f 8665 10410 10426
f 10118 10549 10125
f 10199 10337 10338
f 10125 10612 10067
f 10109 10031 10588
f 9734 9708 10084
f 10613 10614 10615
f 10687 10616 10315
f 8607 10593 10617
f 10544 10164 11018
f 10618 10239 10323
f 9798 10200 10597
f 10108 10358 9824
f 10358 10108 10588
f 10619 10620 10621
f 10945 10620 10619
f 10091 10033 10573
f 10622 9699 10623
f 10039 10074 9783
f 10612 10548 10067
f 10051 10548 10612
f 10203 10624 10538
f 10625 10436 10595
f 9676 10035 10051
f 10549 10051 10612
f 10125 10549 10612
f 10149 10092 10091
f 10034 10049 10099
f 10031 10204 10102
f 10092 9757 10032
f 10420 10084 10179
f 10420 10179 10099
f 10179 10041 10099
f 10420 9734 10084
f 10041 10034 10099
f 10074 9704 9783
f 9704 10074 9824
f 9336 9335 9721
f 10128 9720 10129
f 9720 10128 9824
f 10627 9518 10103
f 10149 9758 9757
f 10129 9720 9721
f 10628 11542 10629
f 9102 10197 9103
f 10630 10631 10632
f 10543 10580 10164
f 10324 10020 10114
f 10020 10324 9087
f 10633 9691 10115
f 9691 10633 10611
f 10544 11018 10575
f 10592 10544 10575
f 10509 10592 10575
f 9964 10037 10117
f 10037 10051 10117
f 11018 9738 9428
f 11018 10052 9689
f 10041 9708 10034
f 11018 10510 10575
f 10592 10509 10453
f 9429 10618 10323
f 10601 10412 10411
f 10631 10375 10635
f 10632 10631 10635
f 9518 10604 9815
f 10360 10637 10540
f 10637 10541 10540
f 10541 10360 10540
f 12088 10148 10981
f 11938 10657 10639
f 10103 9518 10143
f 10640 10641 10642
f 10105 9518 10627
f 10643 10644 10645
f 10453 10511 10083
f 10072 10133 10138
f 9429 10323 10114
f 9842 9312 10131
f 10143 9842 9840
f 10647 9816 11938
f 10647 9312 9816
f 10598 10020 10114
f 9038 7815 9407
f 10055 9738 10585
f 10203 10202 10602
f 9689 9738 11018
f 9842 9518 9312
f 9689 9691 10115
f 9690 9737 10115
f 10036 10582 11938
f 10627 10582 10036
f 9776 9425 10611
f 9691 10610 10116
f 10611 10610 9691
f 9429 9738 10055
f 9428 9738 9429
f 9738 10583 10585
f 10610 10584 10583
f 9087 10584 10610
f 10611 9425 9087
f 10239 10324 10323
f 9087 10324 10239
f 10649 10474 10476
f 10474 10649 8877
f 10650 10384 10651
f 10653 10654 11412
f 10655 10654 10653
f 10020 9807 10114
f 10624 10203 10602
f 10239 10055 9087
f 10115 9691 10116
f 10687 10181 10126
f 10627 10103 10582
f 9903 9912 11124
f 10553 10658 10176
f 9312 9518 9815
f 9691 9690 10115
f 10603 10090 11938
f 10603 10604 10090
f 9816 10603 11938
f 9816 9815 10603
f 10143 9518 9842
f 10627 10036 10105
f 9518 10638 11509
f 9737 9776 10611
f 9737 10633 10115
f 9737 10611 10633
f 10095 10160 10158
f 10659 10660 10661
f 9689 10116 10583
f 10662 10177 9817
f 10078 10665 10079
f 9429 10239 10618
f 10584 10055 10585
f 10055 10584 9087
f 10663 10650 10641
f 10663 10664 10650
f 10116 10610 10583
f 10133 10075 10138
f 9813 11938 10666
f 9834 9813 10666
f 10670 10274 8606
f 10131 9312 10647
f 9841 10647 11938
f 10131 10647 9841
f 10373 10372 10673
f 9663 10083 10609
f 9790 10160 10104
f 10133 9752 10075
f 8788 10542 9859
f 10138 9431 10176
f 10662 10542 10177
f 10077 10542 9752
f 9859 10662 9432
f 10178 10139 10553
f 10274 10674 10542
f 10177 10542 10139
f 9107 10532 10554
f 10176 10178 10553
f 10133 10077 9752
f 10139 10542 9688
f 9859 10542 10662
f 9432 10662 9817
f 10176 10658 10677
f 9688 10674 10658
f 10658 10674 10677
f 9153 10170 11346
f 10553 9688 10658
f 9688 10542 10674
f 9834 10639 9835
f 10192 10559 10193
f 10487 10678 10488
f 10678 10487 11242
f 10679 10160 10094
f 10680 10681 10170
f 9786 9920 12359
f 10172 10158 10578
f 10682 12374 10683
f 9087 9425 12088
f 10684 10685 10686
f 10172 10157 10158
f 10639 10666 11938
f 10303 10565 10487
f 10565 11242 10487
f 10593 10688 10689
f 10554 10532 10690
f 10555 10554 10690
f 10148 12088 9425
f 9752 8788 10075
f 10635 8664 8663
f 10375 8664 10635
f 10177 10139 10178
f 10176 9817 10178
f 11505 10691 10692
f 10093 10157 10170
f 10694 10921 10435
f 10171 10230 10695
f 10687 10672 10230
f 10681 10680 10679
f 10687 10230 10622
f 10696 10697 10698
f 10313 10616 10700
f 10680 9867 10701
f 10622 10171 9699
f 10687 10154 10672
f 9834 10666 10639
f 10657 10693 9700
f 11666 10702 10440
f 9867 9869 10701
f 10675 10670 10703
f 10208 10183 10554
f 10183 9107 10554
f 8326 10517 10255
f 10245 10244 10546
f 10244 9903 10546
f 10181 9700 10693
f 10192 10690 10559
f 10690 10532 10559
f 10368 10551 10536
f 10680 10701 10679
f 9869 10160 10701
f 9461 10211 10527
f 10687 10126 10616
f 10579 11077 10137
f 10205 10560 10056
f 10560 10532 10056
f 9803 10687 10160
f 9792 9899 4791
f 10172 10577 10170
f 9790 9823 10160
f 9867 10680 10170
f 10181 10693 10126
f 10700 10126 10693
f 9153 9789 9868
f 10681 10679 10094
f 12374 10707 10708
f 10657 9835 10639
f 10623 9699 9700
f 10093 10681 10094
f 10657 10171 10695
f 9868 10104 9869
f 10623 9700 10181
f 9835 10657 10709
f 11076 10710 10711
f 10657 10695 10709
f 10104 10160 9869
f 10700 10616 10126
f 10687 10622 10623
f 10169 10709 10154
f 10171 10622 10230
f 10687 10623 10181
f 10672 10709 10695
f 10672 10154 10709
f 10672 10695 10230
f 10701 10160 10679
f 10315 10616 10313
f 10681 10093 10170
f 10158 10160 10578
f 10709 10169 9835
f 10577 10172 10578
f 10712 10085 10562
f 10713 10714 10194
f 9868 9867 10170
f 10715 10716 10286
f 9899 9792 10581
f 9550 10706 10247
f 10717 10718 10719
f 9153 9868 10170
f 10720 10721 10286
f 10555 10690 10192
f 10058 10057 10085
f 11471 10723 10724
f 10517 10491 10319
f 10175 10183 10208
f 10712 10555 10192
f 10193 10560 10205
f 9954 10502 10330
f 10532 9107 7977
f 10562 10561 10566
f 10561 10532 10566
f 11666 9614 10712
f 10085 10057 10561
f 10057 10532 10561
f 10413 10619 10470
f 10619 10413 10945
f 10058 10712 10205
f 10712 10058 10085
f 11471 10725 10726
f 9950 9952 9551
f 9975 10506 9979
f 9006 10006 10380
f 12359 9920 10247
f 10247 10706 12359
f 9895 10213 10191
f 11928 10243 10395
f 7977 11910 10532
f 10176 10677 10703
f 10163 9550 9552
f 10163 10706 9550
f 10212 10207 10206
f 10247 10212 10206
f 10667 12374 10728
f 9934 10350 10460
f 10395 10505 10329
f 10726 10705 10729
f 10705 10335 10729
f 10504 11210 10557
f 10721 10730 10173
f 10481 10214 10527
f 10731 11124 10732
f 10486 10731 10732
f 10546 9903 10316
f 12359 7815 9786
f 9552 11274 10286
f 10303 10325 10565
f 10733 10721 10720
f 11471 10734 10735
f 10163 10427 10706
f 10163 10162 10427
f 10730 10427 10173
f 10730 10706 10427
f 10736 10194 10737
f 10504 10736 10737
f 10499 10698 9885
f 10499 10696 10698
f 10346 10347 10739
f 10740 10386 10651
f 10264 11242 10326
f 10741 10742 10743
f 10371 10597 10200
f 10235 10546 10236
f 10546 10316 10236
f 10744 10733 10720
f 10744 10752 10733
f 10744 10720 10525
f 10730 10721 10733
f 10752 10730 10733
f 10343 10745 10344
f 10343 10752 10745
f 10395 10489 10746
f 10720 10286 10525
f 10786 9123 11564
f 11240 10357 10312
f 10747 10496 10497
f 9956 10350 10490
f 10521 10500 10223
f 10300 10291 10749
f 10291 10697 10749
f 10215 10526 10216
f 10215 10316 10526
f 10269 11210 9915
f 10168 10167 10557
f 10291 10268 10697
f 10250 10316 10480
f 10277 10250 10480
f 10787 10425 10750
f 10751 8326 10255
f 10522 11210 10504
f 10472 8333 10795
f 10506 10472 10795
f 10223 10221 10166
f 10277 10481 10527
f 10316 9903 11124
f 10473 10746 10460
f 10508 10199 10338
f 10489 9935 10746
f 10753 10696 10500
f 10678 11242 10492
f 10195 10714 12357
f 10194 10714 10195
f 10749 10696 10753
f 10755 10749 10753
f 10755 10753 9915
f 10557 11210 10168
f 10698 9949 9885
f 10697 9949 10698
f 10713 10166 10756
f 9934 9640 10490
f 10489 10508 10338
f 9821 9461 10527
f 10319 10492 11242
f 10488 10678 10495
f 8326 10276 10325
f 10167 10166 10713
f 10756 10221 12357
f 10166 10221 10756
f 10499 9885 12357
f 10714 10756 12357
f 10714 10713 10756
f 10749 10697 10696
f 10696 10499 10500
f 10300 10749 10755
f 10753 10500 10521
f 9915 10753 10521
f 9915 11210 10755
f 10557 10736 10504
f 10506 10188 10190
f 10167 10713 10736
f 10557 10167 10736
f 10521 10223 10165
f 10269 10521 10165
f 10268 9949 10697
f 10214 10216 10527
f 10394 8877 10393
f 11564 9123 10305
f 9126 9821 11242
f 10309 10311 10188
f 10270 10007 10380
f 10245 10235 10527
f 10211 10245 10527
f 10237 10277 10527
f 11242 10256 10319
f 10165 10223 10166
f 10755 11210 10300
f 10269 10165 10168
f 10736 10713 10194
f 10746 9935 10460
f 10737 10757 10522
f 10757 10737 10196
f 10737 10194 10196
f 10504 10737 10522
f 10522 10757 10523
f 10395 10746 10473
f 10758 10759 10760
f 10727 9898 8326
f 10395 10508 10489
f 10498 9673 10761
f 10762 10763 10764
f 9245 10763 10762
f 8326 10495 10491
f 10632 10635 8663
f 10326 10276 10264
f 10751 10255 10257
f 10311 10484 10189
f 10311 10189 10188
f 10765 10766 10462
f 10395 10473 9871
f 10395 10329 9999
f 9957 9968 8875
f 10491 10495 10492
f 10276 8326 9898
f 9672 9673 10394
f 10678 10492 10495
f 10767 10768 10769
f 10768 10770 10769
f 10505 9871 9954
f 10276 9898 10265
f 9547 10501 10490
f 9995 8880 10795
f 9595 9674 10312
f 10325 10326 10565
f 10303 8326 10325
f 10771 10772 11817
f 10331 9547 9546
f 10395 9656 9658
f 9994 10795 10005
f 10759 10352 10760
f 8877 10352 10759
f 10773 10748 10774
f 10775 10776 11632
f 10778 10779 10780
f 10781 10782 10570
f 10783 10784 11239
f 10783 9366 10784
f 10007 9006 10380
f 9871 9955 9954
f 9005 10759 10758
f 8877 10759 9005
f 10190 10472 10506
f 10505 9954 10330
f 10597 10785 10630
f 10006 9005 10758
f 10469 10418 10292
f 10505 10330 10329
f 10788 10789 10333
f 10789 11240 10333
f 9999 10329 10331
f 10331 10330 10501
f 10395 10791 10792
f 9232 9201 11451
f 10460 9935 9934
f 10793 10794 9973
f 10498 9221 8877
f 10501 9547 10331
f 10761 9586 10351
f 10310 8333 10484
f 10311 10310 10484
f 9586 10380 10006
f 9995 9208 10364
f 12509 10797 10798
f 9639 9957 8875
f 8384 10357 11240
f 10501 10330 10502
f 10609 11018 9664
f 10469 10294 11240
f 10469 10292 10294
f 10801 10468 11240
f 10468 10801 10419
f 8384 9358 10357
f 8877 9602 9232
f 10795 8880 10005
f 11240 10312 10305
f 9970 9346 10503
f 10754 8648 9979
f 10758 9586 10006
f 10420 10099 10840
f 10293 10292 8875
f 10758 10760 9586
f 10802 10463 10803
f 10498 10761 9221
f 10352 10351 10760
f 9221 10352 8877
f 9586 10760 10351
f 9221 10761 10351
f 10804 10568 12461
f 10568 10804 10569
f 9586 10761 9673
f 10801 10805 10419
f 10293 10503 10464
f 9970 10503 8875
f 10801 11240 10789
f 10805 10801 10789
f 10779 10807 10780
f 11246 10809 10810
f 10003 10945 10397
f 10811 10812 10813
f 10815 10816 10817
f 8329 9987 8330
f 10410 10424 10426
f 10410 10375 10424
f 10453 10818 10819
f 10821 10822 10808
f 10824 10825 11853
f 10826 10827 10828
f 10829 10830 10626
f 9656 10000 9945
f 8881 8880 10364
f 10831 10832 10833
f 10835 10475 10474
f 8329 8331 9612
f 10809 10836 10810
f 9995 8331 8330
f 10837 10838 10839
f 8327 10837 10839
f 9586 10748 10317
f 10841 10842 11239
f 10841 10843 10842
f 10845 10846 10847
f 10849 12151 10850
f 10405 10406 10851
f 10852 10853 10702
f 9995 9611 8331
f 10855 10856 10857
f 10858 10859 10860
f 10855 10861 10417
f 10863 9986 10864
f 10865 10866 11596
f 9336 10945 9337
f 10945 9336 9824
f 11511 10595 10869
f 10870 10871 10872
f 10465 10873 10863
f 10874 10921 10694
f 10875 10876 10877
f 10813 11417 10879
f 10395 9658 10791
f 10880 10881 10882
f 10884 10885 10886
f 8879 10444 8603
f 10035 10420 9250
f 10420 10840 10002
f 10785 10507 10630
f 10889 10626 10830
f 10891 10862 10892
f 10894 10895 10896
f 6304 9440 9708
f 10507 10631 10630
f 10631 10507 10375
f 10634 10049 10034
f 10375 10035 9250
f 10022 9655 9654
f 9655 10022 10945
f 10202 10119 8604
f 10889 10900 10945
f 10900 10889 10400
f 10840 10049 10634
f 10651 10384 10386
f 11635 10132 10597
f 11760 10002 10354
f 8665 10426 10787
f 10591 10070 10068
f 9989 10034 10354
f 10675 10274 10670
f 12039 10528 10901
f 10535 10069 10902
f 10069 10903 10902
f 10840 10634 10002
f 10509 10511 10453
f 10903 10904 10902
f 10070 10903 10069
f 10405 10369 10535
f 10369 10405 10370
f 9621 10097 10535
f 10412 10945 10413
f 9663 10609 9664
f 10405 10851 10370
f 10906 10694 10907
f 11511 10040 10891
f 10891 10048 10862
f 11938 10909 11042
f 10910 10911 10912
f 10040 10048 10891
f 9250 10420 11760
f 10913 10914 10869
f 10535 10369 10536
f 10369 10368 10536
f 10914 10913 10915
f 10862 10921 10874
f 10916 10917 10918
f 10609 10556 11018
f 10919 10913 10869
f 10892 10862 10874
f 9335 9337 10920
f 10906 10874 10694
f 9812 10921 10048
f 10048 10921 10862
f 10874 11511 10892
f 10907 10694 10435
f 10891 10892 11511
f 10432 10375 10507
f 10785 10432 10507
f 10625 10435 10436
f 10595 10919 10869
f 10625 10595 10594
f 10906 10907 10594
f 12118 10922 10923
f 10907 10625 10594
f 10924 11018 10925
f 10914 11511 10869
f 10874 10906 10594
f 11511 10874 10594
f 10444 9664 11018
f 10595 10436 10919
f 10083 10511 10556
f 10907 10435 10625
f 10004 10397 10926
f 10436 10921 10919
f 9662 9664 10444
f 10927 10928 10929
f 10930 10931 10932
f 10933 12583 10934
f 10691 10935 10936
f 10937 10656 10938
f 10939 10787 10750
f 10940 11510 10935
f 10632 10597 10630
f 10202 8604 10602
f 10119 8603 8604
f 9989 10002 10634
f 10785 10597 10371
f 10691 11505 10941
f 10941 10940 10935
f 10703 10670 10943
f 10900 10446 10945
f 10399 10446 10900
f 10840 10099 10049
f 10632 8663 10597
f 11760 10420 10002
f 10920 10944 10599
f 10787 10597 8663
f 9457 10453 10461
f 10200 10367 10371
f 10446 10447 10897
f 10945 10446 10897
f 10947 10948 10949
f 8665 10787 8663
f 10604 10360 10541
f 10600 10412 10601
f 10945 10412 10600
f 10950 10951 10910
f 9662 10444 8879
f 9440 10034 9708
f 10354 10893 11760
f 10541 10637 10952
f 10830 10400 10889
f 10945 10953 10626
f 10953 10829 10626
f 10953 10954 10829
f 10399 10900 10400
f 10453 9663 9662
f 10470 10619 10621
f 9337 10944 10920
f 10945 10944 9337
f 10955 10954 10956
f 10957 10955 10958
f 9824 10958 10945
f 9675 10957 10958
f 10945 10626 10889
f 9675 10204 10957
f 10958 9824 9675
f 10958 10956 10945
f 10956 10958 10955
f 10956 10953 10945
f 10953 10956 10954
f 10944 10600 10599
f 10945 10600 10944
f 10959 10960 11542
f 10453 9662 8879
f 10621 10620 9679
f 10411 10413 10470
f 10620 9677 9679
f 10620 10945 9677
f 10641 10078 10642
f 10665 10078 10641
f 10371 10432 10785
f 10952 10961 10909
f 10962 11566 10963
f 9989 10634 10034
f 10663 10641 10640
f 10650 10651 10386
f 10176 8608 10617
f 10354 10034 10974
f 10943 8606 8608
f 10966 10640 10740
f 10602 11018 10624
f 9808 10968 9809
f 10968 9808 10969
f 10898 10911 10951
f 8606 10274 8607
f 10971 10972 10973
f 10975 10825 10448
f 10422 12617 10976
f 10977 10978 10979
f 10980 11542 10960
f 10604 9518 10360
f 9518 11509 10360
f 9677 10945 10022
f 10982 10532 10983
f 10723 10982 10983
f 10952 10637 10961
f 10932 10984 10402
f 10985 12094 10986
f 10384 10589 10385
f 7185 10445 11566
f 10987 10988 11897
f 10637 10360 11509
f 9809 10968 10385
f 10991 10992 10945
f 10992 10991 10993
f 10650 10589 10384
f 10996 10589 10650
f 11635 7185 7750
f 10430 10301 10848
f 10404 10428 10430
f 10641 10966 10665
f 10640 10966 10641
f 8607 10274 10593
f 10674 10274 10675
f 10651 10997 10665
f 10386 10997 10651
f 10998 12062 10999
f 10274 7185 11566
f 10637 11509 11000
f 11001 10859 11002
f 10641 10650 10640
f 10961 10637 11000
f 10909 11000 11042
f 11000 10909 10961
f 10987 11003 11004
f 11005 11632 11006
f 10449 10448 10825
f 12088 10080 10648
f 10617 10689 10176
f 10541 10090 10604
f 10865 11458 11361
f 10642 10078 10080
f 10079 10648 10080
f 11009 11010 12484
f 10966 10651 10665
f 10966 10740 10651
f 10664 10996 10650
f 10665 10648 10079
f 11011 10819 10990
f 9808 10020 10969
f 10020 9087 10969
f 12617 10905 10976
f 10136 10135 10170
f 11016 10715 11017
f 10968 10384 10385
f 10384 10969 10385
f 10969 10384 10968
f 10542 7185 10274
f 10138 10176 11631
f 11020 11021 11022
f 10540 10909 11938
f 10952 10909 10540
f 10952 10540 10541
f 11024 10728 10708
f 10136 10579 10137
f 12087 11627 11025
f 10657 10349 10699
f 11631 6552 6705
f 10670 8606 10943
f 11023 11077 11029
f 10593 10274 10688
f 10688 10948 10947
f 10677 10674 10675
f 10689 10688 10947
f 10735 11030 10336
f 11030 10335 10336
f 10176 10943 8608
f 10703 10943 10176
f 10948 10274 10777
f 8608 8607 10617
f 10688 10274 10948
f 10617 10593 10689
f 11031 10345 10716
f 10949 11032 10176
f 11033 11471 10724
f 11036 11003 11897
f 11037 10922 11038
f 10349 11039 10699
f 11566 11040 11041
f 9846 9845 10686
f 11043 11044 11042
f 11044 11043 11045
f 10176 10689 10947
f 10711 11046 11047
f 10954 10955 11511
f 10136 10577 10579
f 11036 11007 11048
f 10176 10947 10949
f 11049 11047 10699
f 11050 10414 11051
f 10898 10414 11050
f 11054 11055 11056
f 10981 10148 7815
f 10685 10314 10699
f 11057 11014 11015
f 11048 11077 11004
f 11049 11058 11047
f 11048 11007 11077
f 11039 11059 11034
f 11060 10823 11330
f 11061 12064 11062
f 9846 10686 10685
f 11471 10735 10725
f 10948 10777 10949
f 10734 10738 11030
f 10738 10532 11030
f 10949 10777 11032
f 10723 10983 10724
f 10677 10675 10703
f 11049 10373 10673
f 10700 10693 10699
f 10693 10657 10699
f 10685 10699 9846
f 10001 11031 10716
f 10001 10752 11031
f 11064 11065 11066
f 11064 9250 11065
f 11067 11068 11069
f 11146 11067 11069
f 11003 11036 11048
f 9760 12856 9440
f 10577 10136 10170
f 10135 11036 11897
f 10349 11059 11039
f 10137 11077 11007
f 10578 11077 10579
f 10988 11072 11897
f 11073 11074 12549
f 11036 10135 11007
f 11004 11077 11023
f 11049 10673 11058
f 9847 10699 11046
f 10314 10313 10699
f 11969 11078 11079
f 11080 11081 11082
f 10587 9996 10942
f 10687 10315 10684
f 10313 10700 10699
f 11076 11058 10673
f 11083 11084 10645
f 11085 10848 12088
f 10578 10160 11077
f 10699 9847 9846
f 9845 9847 10710
f 11086 11471 11087
f 11072 10988 11029
f 11088 10699 11034
f 9244 10659 10661
f 9244 9245 10659
f 10345 10344 10286
f 10486 11089 10527
f 11090 11091 11092
f 11091 11090 11085
f 10684 10314 10685
f 11094 11897 10802
f 11095 10896 10895
f 11077 10686 9845
f 11096 10982 10723
f 11097 11098 11905
f 10846 10027 10847
f 10027 10846 9250
f 10160 10687 11077
f 10687 10684 11077
f 10372 11076 10673
f 10699 11039 11034
f 11076 9845 10710
f 11076 10711 11058
f 11046 10711 10710
f 10562 11096 10712
f 10725 10336 10705
f 10336 10335 10705
f 11096 10566 10982
f 10566 10532 10982
f 10135 10137 11007
f 11077 9845 11076
f 10684 10315 10314
f 11077 10684 10686
f 10456 11099 11100
f 10170 10135 11897
f 11047 11046 10699
f 10987 11004 11023
f 11003 11048 11004
f 10699 11088 10808
f 11046 10710 9847
f 10988 10987 11023
f 10711 11047 11058
f 11101 10532 10738
f 11033 11101 10738
f 10988 11023 11029
f 11471 11033 10734
f 11103 11104 11105
f 11106 11107 12118
f 11003 10987 11897
f 9678 10636 9679
f 11446 11109 11110
f 10735 10336 10725
f 10748 10476 10475
f 11471 10712 10723
f 11111 10649 10476
f 10724 11101 11033
f 10712 11471 11666
f 10562 10566 11096
f 10791 9658 9974
f 10724 10983 11101
f 10983 10532 11101
f 10739 11112 11242
f 10985 11114 11115
f 11116 10858 11117
f 10343 11031 10752
f 10345 11031 10343
f 10721 10173 10286
f 10791 9974 10794
f 10532 10335 11030
f 10723 10712 11096
f 11033 10738 10734
f 10734 11030 10735
f 11118 11119 11120
f 10725 10705 10726
f 10984 10403 10402
f 10403 10984 12088
f 11017 10715 10286
f 11016 10001 10715
f 10001 11016 10752
f 11122 10769 11123
f 10767 10769 11122
f 9979 10506 10518
f 10706 10730 10752
f 11121 11125 11126
f 11125 11124 11126
f 10485 10731 10486
f 11127 11126 11128
f 11126 11124 11128
f 9245 11129 10659
f 11129 10660 10659
f 11131 8326 11132
f 11119 10379 8557
f 11134 11135 10287
f 10751 10347 8326
f 11136 11137 10799
f 10726 11087 11471
f 10745 10525 10344
f 10716 10345 10286
f 10752 10744 10745
f 10744 10525 10745
f 11139 11140 12357
f 11141 11140 11139
f 11121 11127 10834
f 10398 11142 11143
f 11144 10683 11145
f 10001 10716 10715
f 11067 11016 11017
f 11067 10752 11016
f 11147 10497 9988
f 11068 11067 11017
f 11132 10799 11137
f 10527 11121 10834
f 10447 10399 11511
f 11148 11109 11446
f 10526 11124 10731
f 10485 10526 10731
f 10706 10752 12359
f 10010 10009 10398
f 11121 11126 11127
f 10732 11124 11125
f 11089 10732 11125
f 10346 11149 11150
f 11150 11136 10799
f 10751 11112 10347
f 11152 11153 11154
f 11155 11152 11154
f 11156 11463 11157
f 10257 10256 11242
f 10497 10286 9988
f 11158 12583 11159
f 11160 11158 11159
f 9244 10661 11161
f 11089 11121 10527
f 11162 11013 11163
f 11164 11165 10834
f 9974 9657 9972
f 10765 11166 10766
f 11127 10306 10834
f 11089 11125 11121
f 11127 11128 10306
f 10526 10316 11124
f 10486 10732 11089
f 11168 11165 11164
f 11128 11124 11093
f 10306 11128 11093
f 11136 11242 11137
f 11093 11124 11167
f 10307 11093 11167
f 11167 11168 11164
f 11167 11124 11168
f 10306 11093 10307
f 11169 11170 11151
f 11169 11171 11170
f 10307 11167 11164
f 10757 10196 11141
f 10523 10757 11172
f 10757 11141 11172
f 10196 11140 11141
f 11135 11134 11173
f 11170 11175 12357
f 11175 11170 11176
f 11177 11178 11151
f 11178 11177 11179
f 10493 11180 11181
f 10778 10780 11183
f 11143 10778 11183
f 10636 10470 10621
f 11152 11184 11153
f 11185 11210 10322
f 11186 11187 11042
f 11180 10794 10793
f 9545 10490 10318
f 11190 11191 11166
f 10307 11164 10834
f 10395 10792 10493
f 10216 10485 10527
f 11165 11194 11195
f 10799 8326 11150
f 10257 11242 11112
f 10751 10257 11112
f 11149 11136 11150
f 11136 11149 11242
f 11137 11242 11196
f 8326 10346 11150
f 10346 10739 11149
f 10739 11242 11149
f 11182 11197 11198
f 9570 11210 11174
f 11199 11118 11120
f 11199 11200 11118
f 11141 11139 11202
f 11172 11141 11202
f 11203 11204 11205
f 11207 11208 10320
f 10523 11172 11207
f 11172 11202 11208
f 11207 11172 11208
f 11208 11176 10321
f 10320 11208 10321
f 11210 10523 11207
f 11209 10807 11151
f 11209 10780 10807
f 11175 11139 12357
f 11175 11202 11139
f 11208 11202 11176
f 11155 10398 11211
f 10322 11210 10320
f 11212 11213 11184
f 10321 11176 11171
f 11171 11176 11170
f 10321 11171 11214
f 10322 10321 11214
f 11202 11175 11176
f 10322 11214 11185
f 11140 10195 12357
f 11140 10196 10195
f 11214 11171 11213
f 11215 11216 11217
f 11218 11219 11151
f 11153 11219 11218
f 11153 11218 11220
f 11219 11222 11151
f 11219 11184 11222
f 11171 11169 11213
f 11222 11169 11151
f 11213 11169 11222
f 11214 11213 11212
f 11185 11214 11212
f 11184 11219 11153
f 11185 11212 11211
f 11184 11213 11222
f 11212 11184 11152
f 11211 11212 11152
f 11211 11152 11155
f 11221 11223 11142
f 11154 11153 11220
f 11154 11223 11221
f 11223 11154 11220
f 11155 11154 11221
f 11170 12357 11151
f 10748 11224 10774
f 10000 9546 9945
f 10490 10317 9659
f 10792 10794 11180
f 11225 9659 10431
f 10334 10788 10333
f 11166 11181 11190
f 10793 9973 9659
f 11227 11239 10784
f 9367 11227 10784
f 10475 10835 11228
f 9672 10393 11224
f 10791 10794 10792
f 11229 11713 12165
f 10401 11362 11215
f 10816 11231 10817
f 10320 11210 11207
f 11211 10398 11185
f 11210 11185 10398
f 11221 10398 11155
f 11232 11233 11234
f 11142 10398 11221
f 11210 10398 11174
f 11242 9821 10527
f 9658 9657 9974
f 11228 10457 10459
f 10490 9659 10318
f 10835 10457 11228
f 8877 10457 10835
f 10493 10792 11180
f 10493 11181 10494
f 10793 11236 11180
f 10494 11181 11166
f 10765 10494 11166
f 10395 10494 10765
f 9972 10318 9659
f 11242 11238 11196
f 10333 11240 11239
f 11197 11238 11198
f 8326 11131 11197
f 11131 11132 11196
f 10347 11112 10739
f 11197 11131 11238
f 11198 11238 11242
f 11132 11137 11196
f 8326 10799 11132
f 11196 11238 11131
f 11182 8326 11197
f 11243 10837 11244
f 10837 11243 10838
f 8327 8326 11244
f 9974 9973 10794
f 10773 10407 11111
f 11224 11245 10774
f 10476 10748 11111
f 11245 11235 10774
f 11235 11245 8877
f 10407 10649 11111
f 10649 10407 8877
f 9586 9672 10748
f 10774 11235 10773
f 10393 11245 11224
f 8877 11245 10393
f 10857 10466 10855
f 11235 10407 10773
f 8877 10407 11235
f 11247 11248 11249
f 10748 11226 10317
f 10318 9657 9945
f 10318 9972 9657
f 9973 9972 9659
f 10838 11216 11250
f 11251 10820 11252
f 11143 11183 11253
f 10856 10855 10417
f 11254 11255 10011
f 11256 10467 10857
f 11183 10780 11254
f 11224 10748 9672
f 10459 11257 10748
f 11236 11190 11181
f 11190 11236 9659
f 11191 11190 9659
f 11225 10766 11191
f 11166 11191 10766
f 11225 11191 9659
f 11236 11181 11180
f 11236 10793 9659
f 11226 9659 10317
f 10864 10431 9659
f 11215 11258 11216
f 8328 10839 11250
f 11259 11260 11261
f 10838 11198 11242
f 11138 11632 11262
f 11264 11265 10438
f 10506 11201 10376
f 12816 11266 11267
f 10401 11215 11217
f 10807 11268 11151
f 10779 11268 10807
f 10518 10519 10796
f 10754 11269 9966
f 11271 11273 10376
f 10754 9979 9933
f 8960 10365 11201
f 11451 8877 9232
f 9366 9367 10784
f 11275 10550 9980
f 9983 9982 10513
f 9982 11239 10513
f 10781 10843 10841
f 11111 10748 10773
f 8877 10835 10474
f 11228 10748 10475
f 10459 10748 11228
f 11242 10527 10834
f 10821 11276 11277
f 11255 11209 11151
f 11254 11209 11255
f 9230 10353 9231
f 11278 11362 10392
f 11417 11249 11279
f 11281 10558 12135
f 11282 10558 11281
f 10754 10506 10795
f 11271 10518 10796
f 11283 11284 11285
f 9933 9979 11271
f 11272 10519 11287
f 11288 11696 10398
f 11288 11179 11696
f 11271 9641 9933
f 10754 9933 11269
f 11272 11287 11273
f 10519 10506 11287
f 9933 9641 11269
f 11289 11290 11291
f 11269 9641 9966
f 10558 11292 12135
f 11292 10558 11293
f 10796 11272 11273
f 11271 9979 10518
f 10754 9966 8960
f 10365 11271 11201
f 11271 10376 11201
f 12133 11296 11075
f 10754 11201 10506
f 9967 9966 10366
f 9966 9641 10366
f 11271 10366 9641
f 11201 10754 8960
f 9967 10366 10365
f 8960 9967 10365
f 11297 10382 12135
f 11297 10383 10382
f 11299 10836 10564
f 10810 10836 11299
f 11298 11292 11293
f 10796 10519 11272
f 11273 11271 10796
f 11300 10563 10809
f 11287 10506 10376
f 11273 11287 10376
f 9982 11301 11239
f 9981 11301 9982
f 11417 11302 10879
f 9981 11303 11301
f 10783 11303 9366
f 10788 10805 10789
f 11304 11248 12461
f 11249 11248 11304
f 11301 10783 11239
f 11303 10783 11301
f 11227 9367 11305
f 11227 10332 11239
f 11227 11305 10332
f 11240 10305 11239
f 10334 10332 11305
f 11307 11308 11309
f 11310 11311 11312
f 11313 11314 11315
f 11313 11660 11314
f 11217 10390 10401
f 10390 11217 10838
f 10827 11342 11316
f 10828 10827 11316
f 11129 11147 9988
f 11129 11146 11147
f 11541 11320 11321
f 10461 11322 11323
f 10373 11049 10808
f 11326 10717 11025
f 11308 11342 11193
f 11309 11308 11193
f 10377 10379 11119
f 11328 8557 10379
f 10975 11329 11853
f 8648 10754 10795
f 11333 11334 11335
f 11336 10816 10815
f 11756 11337 11338
f 11340 11341 11241
f 11362 11343 11231
f 11088 11034 11059
f 9994 8517 10795
f 11666 11086 11344
f 11347 11286 11348
f 11350 11351 11352
f 11008 10860 11001
f 10533 9362 9363
f 10833 11354 11355
f 11356 11357 11358
f 9659 11226 10417
f 12151 11359 11360
f 9998 11364 9997
f 11365 10534 11366
f 11756 10534 11365
f 11367 10515 10514
f 11368 11369 11370
f 11358 11371 10867
f 10572 11372 11241
f 11165 11195 10834
f 10890 11374 11375
f 11376 11377 11378
f 9286 11279 11379
f 11157 9642 11380
f 11156 11381 11382
f 10417 10864 9659
f 11383 11384 11385
f 11352 11351 11387
f 11309 9230 10834
f 11391 11392 11393
f 11394 11395 11396
f 10516 11397 10887
f 12509 10812 10811
f 11310 11400 11311
f 11401 10361 10363
f 11401 10945 10361
f 11402 10870 10872
f 11403 11404 11405
f 10397 11406 10926
f 11406 10397 10945
f 11407 10605 11408
f 12151 11409 11410
f 11279 11304 11379
f 11304 12461 11379
f 11256 10857 11354
f 10913 10921 10915
f 12118 11418 11419
f 11422 12118 11423
f 10763 11161 10764
f 11424 11380 11756
f 11368 11370 12509
f 10453 10203 10538
f 11316 11342 11308
f 11307 11316 11308
f 11355 10856 10417
f 11406 11401 11426
f 10945 11401 11406
f 10465 10863 10466
f 12509 11427 11368
f 11428 11429 10327
f 11431 11374 10890
f 11433 11434 12461
f 11433 9287 11434
f 11431 11435 11436
f 11425 11437 11392
f 9218 9217 10434
f 9984 10462 9985
f 11438 11439 11440
f 11439 12580 11440
f 11192 9984 10873
f 11441 11375 11442
f 11355 10831 10833
f 11447 11448 11449
f 11448 11450 11449
f 11450 11447 11449
f 11450 11448 11447
f 9809 10589 10598
f 11410 11453 11454
f 11455 11349 11463
f 11666 11344 10852
f 11456 11457 11370
f 11459 11389 11460
f 11756 10790 11420
f 11417 11435 11431
f 11192 10765 10462
f 11434 11379 12461
f 9286 11379 11434
f 10887 10888 11462
f 11466 10867 11371
f 11467 11756 12504
f 11468 11469 11470
f 11018 10664 10995
f 11666 10454 10456
f 11332 10887 11472
f 11388 11473 11474
f 10750 11475 10939
f 10847 10027 11476
f 10425 11477 10750
f 11478 11479 11480
f 11481 10878 11482
f 9250 10878 11481
f 11477 10375 9250
f 11483 10970 10186
f 10176 11032 11484
f 10893 10354 10974
f 11485 11629 11486
f 11487 11488 11489
f 11476 11064 11066
f 11545 11490 11491
f 11493 10676 11492
f 11237 10034 9958
f 11541 11494 12100
f 11495 10970 11496
f 10878 9250 10846
f 10845 10878 10846
f 11493 10883 10676
f 11760 11237 10883
f 10883 11237 10676
f 11497 11329 10975
f 11545 10608 11498
f 10973 10452 11853
f 10453 10539 10818
f 10787 11066 11501
f 11502 11503 10881
f 10450 10452 10973
f 10847 10787 10845
f 10972 11496 10450
f 10461 11323 11500
f 10915 10971 10973
f 11511 10915 10973
f 9655 8123 8122
f 10945 8123 9655
f 10945 10992 11430
f 10992 11507 11430
f 10186 11508 10187
f 10654 10655 10894
f 10915 11511 10914
f 10972 11495 11496
f 10915 10921 11495
f 10971 10915 11495
f 10972 10450 10973
f 10919 10921 10913
f 10220 11483 10185
f 10654 10894 10896
f 11412 10654 10896
f 10185 11483 10186
f 10858 10860 11117
f 11496 10970 10451
f 10936 10692 10691
f 10539 10538 11512
f 10824 10449 10825
f 10921 10970 11495
f 10971 11495 10972
f 11508 11513 10187
f 10539 11512 11514
f 10450 11496 10451
f 10921 9760 10970
f 10926 11406 11426
f 10449 10991 10945
f 10824 10991 10449
f 10452 11515 10220
f 10538 10624 11512
f 10453 10819 10461
f 10819 11322 10461
f 10452 10451 11515
f 10451 10970 11515
f 11516 11497 10945
f 11497 11516 11329
f 11515 10970 11483
f 11517 11518 11519
f 11520 11329 11516
f 10824 10993 10991
f 11520 11521 11522
f 9678 9677 10022
f 10220 11515 11483
f 10970 11508 10186
f 11057 11523 11014
f 11525 11090 11092
f 11525 11085 11090
f 10424 10375 11477
f 10425 10424 11477
f 11510 11526 11527
f 10027 9250 11064
f 11476 10027 11064
f 11407 11528 10605
f 11475 9250 11481
f 10939 11475 11481
f 11482 10878 10845
f 10992 10993 11507
f 11529 10923 11530
f 11482 10787 10939
f 10676 11237 11492
f 11477 11475 10750
f 9250 11475 11477
f 11531 11407 11541
f 11521 11516 10945
f 11520 11516 11521
f 10787 11482 10845
f 11532 11050 11051
f 11065 11501 11066
f 10704 10034 11237
f 11426 11401 10363
f 10974 10034 10704
f 11760 10704 11237
f 10704 10893 10974
f 10939 11481 11482
f 11071 11493 11492
f 11760 10893 10704
f 10923 10922 11530
f 8123 10003 8124
f 10945 10003 8123
f 10945 11497 10448
f 11497 10975 10448
f 11521 10945 10897
f 11521 10897 11522
f 11522 10897 10447
f 11537 11538 11026
f 11476 10787 10847
f 9958 10034 9440
f 11539 11566 11499
f 11032 10777 10962
f 11237 9958 11492
f 10787 11476 11066
f 10597 10787 11635
f 11493 11071 11070
f 9990 11542 10980
f 11498 11540 11545
f 11092 11091 11326
f 11543 11544 11419
f 10917 9649 10918
f 11546 11547 10917
f 11548 11549 10999
f 11551 11432 11545
f 10187 11853 10185
f 10931 10984 10932
f 12088 10984 10931
f 10918 9649 11552
f 11051 10414 10416
f 11553 11187 11186
f 10636 10638 10920
f 11554 10994 10403
f 10994 11554 11550
f 11555 12223 11556
f 10159 10368 10370
f 10848 11102 11345
f 11025 11102 11091
f 11025 11345 11102
f 12088 10931 10995
f 10808 10742 10374
f 11000 11509 11042
f 11557 11558 11015
f 11559 11560 11331
f 11091 10718 11326
f 11085 10718 11091
f 11554 10403 10402
f 11561 11015 11558
f 10924 11500 11562
f 11414 9996 10587
f 9971 11414 10587
f 11550 10995 10994
f 10848 10301 12088
f 10403 10428 10404
f 12088 10428 10403
f 11087 10729 11563
f 10729 10335 11563
f 11546 10917 10916
f 11631 10176 11446
f 10980 11565 9990
f 11567 11077 11568
f 10994 10995 10931
f 11569 11570 11571
f 11538 11572 10989
f 11076 11573 11574
f 11509 11186 11042
f 10994 10931 10930
f 10428 12088 10301
f 11206 11022 11021
f 11049 10699 10808
f 11045 11043 11553
f 11576 11577 11897
f 11557 11015 11528
f 10403 10994 10402
f 11578 10671 11579
f 10415 10898 11580
f 11897 11072 11581
f 10274 11566 10962
f 11110 11041 11583
f 11576 11348 11584
f 12374 11173 11083
f 10963 11539 11148
f 10110 11585 11586
f 10777 10274 10962
f 11587 11588 11386
f 11589 11590 11572
f 11187 11043 11042
f 11553 11043 11187
f 11591 11542 11592
f 11593 11580 11548
f 11582 11839 11594
f 11582 11594 11595
f 11446 11597 11595
f 11499 11566 11041
f 11598 12808 11599
f 10963 11566 11539
f 11041 11040 11583
f 11040 11839 11582
f 11032 10962 11484
f 11110 11583 11446
f 11566 10445 11839
f 11839 11040 11566
f 11583 11597 11446
f 11109 11499 11110
f 11539 11499 11109
f 11567 11072 11029
f 11597 11582 11595
f 11148 11539 11109
f 10818 10990 10819
f 11040 11582 11597
f 11072 11567 11581
f 11601 11581 11568
f 11602 11603 10965
f 10176 11148 11446
f 11499 11041 11110
f 11604 11605 11606
f 11608 11604 11606
f 10532 11910 10335
f 11484 10963 11148
f 10802 11577 10463
f 11583 11040 11597
f 10176 11484 11148
f 11595 11594 11612
f 10962 10963 11484
f 11614 11347 11897
f 10702 10853 10441
f 10853 10335 10441
f 11086 11615 11344
f 11616 10110 11586
f 11344 11615 11611
f 11615 10335 11611
f 10660 9988 10286
f 10822 11617 10808
f 11059 10349 10669
f 11076 10372 10741
f 11601 11568 11618
f 10821 11277 10822
f 11614 11619 11620
f 11573 11621 11574
f 10642 10663 10640
f 11577 11584 10463
f 10904 10159 10851
f 11077 11885 11568
f 11077 11567 11029
f 10372 10374 10741
f 11094 10802 10803
f 11622 11623 11624
f 11514 10990 10818
f 11057 11015 11626
f 12091 11502 11602
f 11601 11619 11897
f 11619 11614 11897
f 10828 11316 11307
f 10821 11630 11276
f 11666 10852 10702
f 11614 11620 11286
f 11577 10802 11897
f 11347 11614 11286
f 11619 11618 11620
f 10668 10667 11632
f 11617 10822 11634
f 10454 10442 10455
f 10442 10335 10455
f 11666 10440 10454
f 11347 11576 11897
f 10741 10374 10742
f 11325 11574 11634
f 11581 11567 11568
f 11637 12604 11638
f 10821 10808 11630
f 12039 11639 11640
f 11617 11574 11621
f 11617 11621 10808
f 10808 11621 11641
f 11618 11568 11885
f 11641 11573 10743
f 11619 11601 11618
f 11325 11277 11276
f 11897 11581 11601
f 11573 11641 11621
f 10808 11641 10742
f 11577 11576 11584
f 11286 11885 11348
f 11076 10743 11573
f 11576 11347 11348
f 10373 10808 10374
f 11617 11634 11574
f 11076 11574 11325
f 11885 11076 11325
f 11277 11325 11634
f 10870 11505 11643
f 11584 11885 10463
f 11620 11885 11286
f 11077 11076 11885
f 11529 11530 12604
f 11348 11885 11584
f 11618 11885 11620
f 11633 11276 11630
f 11641 10743 10742
f 11644 11561 11645
f 10822 11277 11634
f 11076 10741 10743
f 11325 11276 11633
f 10881 11503 10882
f 11189 10530 10529
f 11603 11646 11590
f 10440 10442 10454
f 10638 10636 11509
f 11328 10764 8557
f 11545 11116 11647
f 10702 10441 10440
f 10456 10455 11099
f 10455 10335 11099
f 10780 11209 11254
f 11648 11649 11545
f 12064 11650 10886
f 11328 10762 10764
f 10747 11069 10496
f 10747 11146 11069
f 11430 11591 11651
f 11666 11471 11086
f 11087 11563 11086
f 10726 10729 11087
f 10852 11611 10853
f 11611 10335 10853
f 11563 10335 11615
f 11086 11563 11615
f 11344 11611 10852
f 11199 11120 11652
f 11612 11653 11608
f 11165 11168 11194
f 11168 11124 11194
f 11501 11654 11524
f 10378 11328 10379
f 10752 11067 11146
f 11068 11017 10286
f 11307 11309 10834
f 11244 10837 8327
f 11258 8326 8328
f 10661 10286 11161
f 10764 11161 8557
f 11100 11099 11655
f 11099 10335 11655
f 10826 10828 10834
f 11192 10873 10465
f 10479 11656 11657
f 11145 11097 11905
f 10363 10636 11426
f 11250 11216 11258
f 11659 11342 11660
f 11161 10286 8557
f 11146 12359 10752
f 11661 11652 11662
f 11178 11663 11151
f 11663 11178 10233
f 10496 11068 10286
f 11146 10747 11147
f 10747 10497 11147
f 10803 10463 11905
f 11630 11664 11633
f 11069 11068 10496
f 10661 10660 10286
f 11129 9988 10660
f 9980 11103 11105
f 9245 9244 10763
f 9244 11161 10763
f 11146 11129 9245
f 10828 11307 10834
f 10955 10957 10031
f 11668 11234 12364
f 11668 11232 11234
f 10008 11254 10011
f 11194 11124 11669
f 11195 11194 11669
f 11342 11124 11660
f 11309 11193 9230
f 11669 11342 10827
f 10826 11669 10827
f 11223 11220 10779
f 11669 11124 11342
f 10727 8326 11362
f 11671 11672 11673
f 11195 11669 10826
f 11142 11223 10778
f 11223 10779 10778
f 10391 11278 10392
f 11674 11675 11676
f 10401 10390 10392
f 10353 11659 9231
f 11659 10353 11342
f 11419 11418 11678
f 11193 11342 10353
f 9230 11193 10353
f 10398 10009 11288
f 10009 10233 11288
f 11659 11674 9231
f 10861 10864 10417
f 11540 11648 11545
f 11183 11254 10008
f 11253 11183 10008
f 10766 11225 9985
f 11681 11682 11683
f 10010 10398 11253
f 10462 10766 9985
f 11195 10826 10834
f 10867 10748 11104
f 11243 11182 11198
f 8327 10839 8328
f 11362 11258 11215
f 10873 9986 10863
f 8326 11182 11244
f 11258 11362 8326
f 11686 11177 11151
f 11177 11686 11319
f 10839 10838 11250
f 11217 11216 10838
f 11543 11419 11678
f 11592 11542 11688
f 11654 11317 11524
f 11317 11654 11780
f 11679 11362 11364
f 11351 12151 11690
f 11696 11179 11319
f 11691 10989 11682
f 10810 11299 11692
f 11220 11268 10779
f 11142 10778 11143
f 11268 11218 11151
f 11268 11220 11218
f 11632 11693 11024
f 11179 11177 11319
f 11253 10008 10010
f 11253 10398 11143
f 11696 11694 11695
f 11696 11319 11684
f 11288 10233 11179
f 11192 10467 11256
f 11663 11255 11151
f 11663 10011 11255
f 10011 11663 10233
f 11244 11182 11243
f 11928 10395 11192
f 9985 11225 10431
f 10996 10664 11018
f 11179 10233 11178
f 11319 11686 11684
f 11696 11697 11264
f 11698 11699 11575
f 11357 11700 11358
f 11700 11357 9980
f 11258 8328 11250
f 10467 10466 10857
f 10395 10765 11192
f 9984 9986 10873
f 11192 11256 11702
f 11703 11704 11705
f 10899 10305 9123
f 11174 10398 11696
f 11707 12604 11130
f 11689 11668 12364
f 11697 11668 11689
f 11696 11695 11233
f 11708 11357 11356
f 11357 11708 9980
f 10867 11709 11356
f 11710 11711 11712
f 11758 11714 11715
f 10867 11104 11709
f 11716 11343 11712
f 11700 11371 11358
f 11200 10377 11118
f 10377 11119 11118
f 11104 11103 11709
f 11717 11315 11949
f 11192 10465 10467
f 11709 11708 11356
f 10458 10550 11257
f 11198 10838 11243
f 11756 11700 9980
f 10861 10855 10466
f 11700 11718 11371
f 11700 11756 11718
f 10534 9363 11366
f 11719 11705 10512
f 11241 11226 10887
f 11720 11660 11721
f 11658 11720 11721
f 10816 11362 11231
f 11343 11710 11712
f 11722 11723 12364
f 11723 11722 11694
f 10727 11362 12680
f 11265 11689 12364
f 11265 11264 11689
f 11275 11724 11725
f 11726 11365 11366
f 11727 11728 11640
f 11724 11104 10748
f 11104 11724 11105
f 11355 11354 10856
f 11241 10887 11462
f 11756 9980 11451
f 10459 10458 11257
f 11241 11355 10417
f 11420 11729 11466
f 10864 10861 10863
f 8877 11451 9980
f 11103 11708 11709
f 9980 11708 11103
f 11390 10888 10887
f 11726 10867 11729
f 11341 10831 11241
f 11241 10417 11226
f 10864 9986 10431
f 11462 10571 11241
f 11724 10748 11725
f 11362 11261 11710
f 11731 11732 11733
f 10831 11355 11241
f 9985 10431 9986
f 11734 11735 11736
f 10899 9123 11318
f 11737 11738 11739
f 10861 10466 10863
f 11341 10832 10831
f 11740 11239 10842
f 11741 11740 10842
f 10857 10856 11354
f 11742 9362 10533
f 11724 11275 11105
f 11358 10867 11356
f 11729 10790 11726
f 9980 10550 8877
f 11725 11257 10550
f 11275 11725 10550
f 11743 11744 11745
f 7943 11743 11745
f 11746 11747 10564
f 11748 11747 11746
f 10790 11729 11420
f 11749 11750 11751
f 10748 11257 11725
f 11740 11741 11704
f 11459 11383 11389
f 11249 11304 11279
f 9980 11105 11275
f 11753 11754 11755
f 10843 11741 10842
f 11719 10513 11239
f 11719 10512 10513
f 11463 10867 11366
f 11757 11463 11444
f 10568 10782 11239
f 10782 10568 10570
f 11703 11719 11239
f 11719 11703 11705
f 11740 11703 11239
f 11703 11740 11704
f 9287 9286 11434
f 10782 10841 11239
f 10781 10841 10782
f 11758 11759 9357
f 11759 9355 9357
f 10514 11761 11367
f 11425 9287 11433
f 10719 11578 11579
f 11578 10719 11609
f 11763 11764 11691
f 10871 12223 10872
f 11726 11366 10867
f 11716 11231 11343
f 12133 11765 11766
f 10768 11662 10770
f 11767 11768 10898
f 11768 11767 10629
f 11009 11769 11770
f 11771 11772 11773
f 11549 11774 10999
f 10898 11774 11549
f 11775 11776 11777
f 10653 11412 11778
f 11781 10389 10388
f 10883 11786 11779
f 11783 11784 11785
f 11513 11508 11787
f 11592 11651 11591
f 11788 12604 11707
f 10478 11780 11656
f 10479 10478 11656
f 11789 11790 11791
f 11790 11789 11780
f 11792 11793 11600
f 11513 11787 11794
f 11363 11780 9250
f 11853 11489 11796
f 11638 11797 11637
f 11116 11545 11798
f 11488 10970 11799
f 11791 11790 11533
f 9654 10636 9678
f 11800 11486 11657
f 10477 11443 11533
f 11791 11443 10787
f 11508 10970 11787
f 11591 11430 11507
f 11794 11795 11487
f 11803 10240 11804
f 10599 10636 10920
f 10927 12223 11555
f 9335 10638 9721
f 11805 11117 10860
f 11802 10478 10477
f 11780 10478 11802
f 11795 10970 11488
f 11807 11763 11808
f 11809 11784 11783
f 11609 11784 11809
f 11810 11547 11546
f 11811 11853 11796
f 10950 12062 10998
f 10860 11008 11812
f 11794 11787 11795
f 10898 10389 11781
f 11787 10970 11795
f 10362 11813 11532
f 11799 10970 11811
f 11535 11814 11815
f 11816 11688 9992
f 11487 11795 11488
f 11489 11488 11799
f 10970 9760 9649
f 11816 9992 9991
f 10898 11816 9991
f 11817 11818 11819
f 11818 11820 11819
f 10416 10415 11593
f 11811 11821 11822
f 11853 11811 11822
f 10628 10629 11767
f 11494 11536 12100
f 11823 11778 11824
f 11811 10970 11825
f 11656 11800 11657
f 11656 11780 11800
f 10970 9649 11825
f 11825 9649 10977
f 12604 12062 10910
f 11809 11578 11609
f 11826 11408 10606
f 11555 11827 11828
f 11478 11829 11479
f 11204 11203 11830
f 11831 11789 11791
f 11018 11562 11832
f 11807 11764 11833
f 11790 11780 11802
f 11533 11790 11802
f 11443 11791 11533
f 11657 11443 10479
f 11524 10787 11501
f 11317 11780 11789
f 11831 11317 11789
f 11835 11836 11837
f 11836 11835 12570
f 11791 10787 11831
f 10883 11070 11786
f 11524 11317 11831
f 11786 11070 11071
f 11501 11065 11654
f 11065 9250 11654
f 11363 9250 11760
f 11831 10787 11524
f 10787 11443 11629
f 11654 9250 11780
f 10787 11629 11635
f 10883 11493 11070
f 11840 11673 11785
f 10999 11774 10998
f 11565 11841 10898
f 10980 11841 11565
f 11774 11842 10998
f 11774 10898 11842
f 11779 11786 11801
f 10980 10960 11841
f 12061 11779 11801
f 11841 11843 10898
f 11843 11841 10960
f 10031 11511 10955
f 10362 10361 11813
f 11593 10415 11580
f 11813 11050 11532
f 10898 11050 11813
f 10361 10945 11813
f 11186 11330 10823
f 10220 11853 10452
f 11533 11802 10477
f 10945 10898 11813
f 11688 11844 11592
f 11651 11844 10898
f 11844 11651 11592
f 11844 11816 10898
f 11688 11816 11844
f 10898 11843 11838
f 11843 10959 11838
f 11843 10960 10959
f 11580 11549 11548
f 10898 11549 11580
f 11779 12061 10883
f 10898 9991 11565
f 9990 11565 9991
f 11842 10950 10998
f 11651 10898 10945
f 11430 11651 10945
f 11609 11845 11846
f 11847 11647 11805
f 11848 11849 11446
f 11019 10053 11667
f 11786 11071 9958
f 11082 11504 11028
f 11644 11645 11541
f 11851 11852 11698
f 11552 9649 11854
f 11555 11828 10927
f 11091 11102 11092
f 11798 11545 11535
f 11678 11529 12604
f 11037 11038 11571
f 11855 11854 11856
f 12856 12337 12615
f 10629 11545 11857
f 11130 12604 11637
f 11054 11060 11020
f 10964 11603 11538
f 10965 11603 10964
f 11859 11860 11545
f 11794 11853 11513
f 11861 11094 11862
f 10629 11857 11768
f 11186 11509 12062
f 11541 11864 11644
f 11865 11866 11867
f 11025 11091 11092
f 11869 11870 11871
f 11872 11781 10388
f 11673 11873 11785
f 11784 11673 11785
f 11673 11784 11609
f 11874 12118 11867
f 11858 10434 12039
f 11603 10880 11875
f 9217 11189 10529
f 11873 11578 11809
f 10717 10719 11579
f 11345 11627 10848
f 11876 11809 11783
f 11609 11846 11877
f 11020 11055 11054
f 11052 11044 11045
f 11044 11585 10854
f 11052 11585 11044
f 11080 11186 10823
f 11325 11633 11613
f 11873 10671 11578
f 12299 10671 11873
f 10362 11532 12062
f 11054 11056 11080
f 11585 10110 10854
f 10327 10967 11607
f 10905 11878 11879
f 11873 11809 11876
f 11840 11873 11673
f 11873 11840 12087
f 11408 10605 10606
f 11880 11881 10908
f 10445 11631 11446
f 11852 11699 11698
f 11605 11848 11445
f 11653 11839 11604
f 11588 11537 11026
f 10443 6552 11415
f 11612 11608 11446
f 11612 11594 11653
f 11849 10445 11446
f 11839 10445 11849
f 11604 11839 11605
f 11594 11839 11653
f 11605 11849 11848
f 11839 11849 11605
f 12615 11884 11820
f 11445 11848 11446
f 11606 11605 11445
f 11551 11649 11423
f 12029 11886 11887
f 11027 10722 11888
f 11094 10803 11862
f 10995 10664 10663
f 10803 11905 11862
f 10808 11890 11891
f 11560 11428 10327
f 11653 11604 11608
f 11376 12617 11377
f 10477 10479 11443
f 11595 11612 11446
f 10808 11891 11895
f 12604 11543 11678
f 11670 11890 11893
f 11845 11900 11846
f 11891 11901 11895
f 11541 11645 11902
f 10851 10159 10370
f 10287 11905 11134
f 11670 11893 11892
f 11613 11895 11901
f 10288 11861 10289
f 11613 11633 11664
f 10808 11892 11893
f 10289 11905 10287
f 11542 11907 11545
f 11491 11908 11545
f 11324 11325 11892
f 11897 11094 11861
f 10645 11905 10643
f 11845 11871 11900
f 11905 11325 11899
f 11678 11418 11529
f 11613 11664 11895
f 11899 11325 11324
f 11909 11854 11855
f 11666 10456 11100
f 11593 12062 10416
f 11134 11905 11084
f 11655 10335 11910
f 11665 11655 11910
f 11325 11898 11670
f 10463 11885 11905
f 11664 11630 10808
f 11861 11862 10289
f 11891 11898 11901
f 11862 11905 10289
f 10808 11895 11664
f 11890 10808 11893
f 10643 11905 11098
f 11885 11325 11905
f 11898 11890 11670
f 11325 11670 11892
f 11325 11613 11901
f 11898 11891 11890
f 11325 11901 11898
f 11911 11510 10940
f 11018 11011 10990
f 11889 10925 11015
f 11108 10461 11912
f 10645 11084 11905
f 11913 11914 10535
f 11507 10993 11853
f 11855 11856 11490
f 11120 11119 8557
f 11665 11666 11100
f 10770 11662 12669
f 11100 11655 11665
f 11270 11916 11917
f 11916 10806 11917
f 11910 11928 11701
f 11702 11256 11354
f 11918 11919 10832
f 11665 11910 11666
f 11921 11122 11123
f 11278 9997 11364
f 11924 12669 11925
f 11362 11679 11259
f 11097 11926 11927
f 9245 11200 11113
f 11666 11701 11564
f 9245 10762 10378
f 10762 11328 10378
f 11113 11146 9245
f 11652 8557 11662
f 10768 11661 11662
f 10768 11200 11661
f 12118 11874 11569
f 10767 11113 11200
f 11662 8557 12669
f 11929 11921 11924
f 9245 10377 11200
f 11120 8557 11652
f 11122 11921 11929
f 10767 11122 11929
f 10769 10770 11123
f 11200 10768 10767
f 11200 11199 11661
f 11199 11652 11661
f 10902 10406 10535
f 11734 11931 11735
f 11931 11734 11270
f 11931 11917 11932
f 11931 11270 11917
f 11676 11933 10834
f 11679 11934 11259
f 11676 11935 11933
f 10829 10954 11511
f 10808 11088 10669
f 11936 11660 11313
f 11717 11936 11313
f 11711 11261 11260
f 10288 10287 11135
f 11234 11937 12364
f 11233 11937 11234
f 10999 12062 11548
f 11123 10770 12669
f 11904 11925 11939
f 10648 10665 12088
f 12700 11915 11940
f 11915 11941 11940
f 10806 11939 12669
f 11942 11903 11943
f 11944 11936 11717
f 9998 11679 11364
f 11314 11945 11315
f 11124 10786 12416
f 11676 11675 11935
f 11675 11660 11935
f 11717 11313 11315
f 11674 11659 11675
f 11659 11660 11675
f 11933 11906 11946
f 11933 11935 11906
f 11935 11660 11906
f 11946 11720 11658
f 11658 11944 11949
f 10391 10838 9997
f 11020 11060 11021
f 11906 11660 11720
f 11946 11906 11720
f 11278 11364 11362
f 11658 11721 11944
f 11721 11660 11936
f 11944 11721 11936
f 11684 11723 11694
f 11909 11552 11854
f 11616 10111 10110
f 11937 11722 12364
f 11937 11695 11722
f 11696 11684 11694
f 11424 11157 11380
f 11921 11123 12669
f 11916 11939 10806
f 10867 11466 11729
f 10832 11341 11340
f 10922 12118 11038
f 11674 11676 10834
f 9231 11674 10834
f 11933 11946 11949
f 11946 11658 11949
f 11934 11260 11259
f 11260 11934 10838
f 10834 11933 11949
f 11944 11717 11949
f 11278 10391 9997
f 11711 11710 11261
f 12128 11950 11312
f 11679 9998 11934
f 9998 10838 11934
f 11260 12128 11711
f 11260 10838 12128
f 11952 11953 11251
f 11504 10722 11028
f 10858 11116 11798
f 11418 10923 11529
f 12151 11400 11310
f 11821 11825 11954
f 11491 11955 11908
f 11696 11233 11232
f 11686 11151 12364
f 11957 11958 12364
f 11957 11959 11958
f 11960 10439 12364
f 10439 11960 10437
f 11695 11937 11233
f 11723 11686 12364
f 11686 11723 11684
f 11695 11694 11722
f 11264 11697 11689
f 11696 10438 10437
f 10439 11265 12364
f 10438 11265 10439
f 11696 11232 11697
f 11232 11668 11697
f 11696 11264 10438
f 11968 11251 11252
f 11968 11959 11952
f 11019 9971 10942
f 11961 12484 11962
f 11963 11964 11965
f 10748 11463 11226
f 10825 10975 11853
f 11968 11967 11298
f 11387 11950 12128
f 11969 11970 11971
f 11297 12135 10564
f 11968 11174 11696
f 10820 11953 12364
f 10820 11251 11953
f 10790 11365 11726
f 11756 11365 10790
f 11968 11952 11251
f 11261 11362 11259
f 11973 12669 11974
f 11718 11420 11466
f 11420 11718 11756
f 11380 9642 11742
f 11463 11366 9363
f 11742 9642 9362
f 11975 11918 11340
f 10834 10838 11242
f 11371 11718 11466
f 11343 11362 11710
f 10838 10834 10868
f 12151 11976 11690
f 11747 11977 10564
f 11747 11978 11977
f 11231 11716 10817
f 11712 11711 12128
f 12128 11716 11712
f 11400 12151 11979
f 11980 12151 11410
f 10533 9363 10534
f 11981 11459 11460
f 11474 11982 12504
f 12315 11984 12669
f 11437 11433 12461
f 11425 11433 11437
f 11985 11472 10887
f 11986 11987 9916
f 11988 10804 12461
f 10804 11988 11989
f 10867 11463 10748
f 11340 11241 11372
f 10804 11989 10569
f 11505 11479 11829
f 11991 12693 11992
f 12504 11756 11451
f 11993 11994 11995
f 11441 11456 10890
f 11985 10887 11397
f 11742 10533 11756
f 11390 10887 11965
f 12064 11061 11998
f 11526 11999 11527
f 11239 10305 10899
f 11157 11463 9642
f 11756 11380 11742
f 11248 11988 12461
f 11988 11248 11247
f 12000 12001 12002
f 12003 10798 10797
f 11512 10624 11018
f 11369 11461 10890
f 11988 11247 11989
f 12004 12094 11115
f 11279 9286 11417
f 10636 10363 12062
f 10918 11542 10916
f 12005 11797 11638
f 10898 11797 12005
f 12006 10860 12284
f 10887 10514 10516
f 12007 12008 12009
f 12010 12011 11792
f 12070 11834 12012
f 12013 12014 12015
f 11860 11295 11545
f 12016 12060 12086
f 11629 12016 12086
f 12018 12019 12020
f 12022 12023 12024
f 12310 6552 10581
f 11792 11600 11629
f 12070 10883 11834
f 12025 11780 12060
f 11628 12017 12010
f 11626 11561 11644
f 11635 11629 10445
f 11485 12025 11628
f 12017 12011 12010
f 12060 12011 12017
f 10883 12061 11834
f 11821 11811 11825
f 11768 12026 10898
f 12026 11768 11857
f 11881 11526 10908
f 11027 11888 12027
f 11807 12028 11764
f 12310 7512 6552
f 12070 11806 11894
f 11490 12030 11491
f 12031 12032 12321
f 11024 10708 10775
f 12699 12033 12034
f 12024 11827 11556
f 12036 10653 11778
f 10937 11505 10656
f 10911 12005 10912
f 10898 12005 10911
f 12037 11544 11788
f 12037 10898 11544
f 11491 12030 11955
f 9649 9760 12284
f 10912 12005 11638
f 11486 12021 11485
f 10155 10423 11294
f 10423 10422 11294
f 11045 11186 11052
f 10912 12604 10910
f 10935 11510 10936
f 10064 12040 12041
f 11829 11478 10901
f 11847 11545 11647
f 11797 10898 10946
f 12042 12043 12044
f 11001 10860 10859
f 11807 12045 12028
f 12360 12045 11807
f 10854 11888 10722
f 11842 10898 10951
f 11821 11954 11822
f 11781 12046 10898
f 11872 12046 11781
f 11877 12047 12048
f 12046 12049 10898
f 12049 12046 12050
f 10406 10904 10851
f 11547 9649 10917
f 10422 10421 12617
f 10898 12049 11782
f 12049 11295 11782
f 10918 12052 11907
f 11542 10918 11907
f 11857 11545 10387
f 11730 11870 11869
f 11730 12091 11870
f 10240 12054 11804
f 11377 12617 10646
f 12055 12056 12057
f 11510 11823 12058
f 11838 10959 10628
f 12059 10898 11782
f 11486 11800 12021
f 11800 11780 12021
f 11707 12037 11788
f 11834 12061 11850
f 11793 12016 11600
f 12016 11793 12060
f 11600 12016 11629
f 11629 12086 10445
f 11810 10978 11547
f 11760 10883 11363
f 12060 11780 11363
f 12025 12060 12017
f 11628 12025 12017
f 12011 12060 11793
f 11792 12011 11793
f 11872 12050 12046
f 12026 11857 10387
f 12118 10923 11418
f 12061 9958 11850
f 11544 11543 11788
f 11838 11767 10898
f 11838 10628 11767
f 10898 12026 10389
f 12026 10387 10389
f 12012 11834 11850
f 11806 12012 11894
f 12070 12012 11806
f 11853 11794 11487
f 12049 12050 11295
f 12063 12037 11707
f 10898 12037 12063
f 10950 11842 10951
f 10530 11505 11829
f 11629 11443 11486
f 11730 11869 11871
f 12021 12025 11485
f 11780 12025 12021
f 7185 11635 10445
f 11622 11414 9971
f 12012 11850 11894
f 12067 12068 12069
f 12068 11353 12069
f 11353 12067 12069
f 10400 10830 11511
f 11052 11586 11585
f 11130 12063 11707
f 10823 11060 11055
f 11060 11054 11055
f 11054 10823 11055
f 10327 11429 11133
f 11530 10922 11037
f 11881 11412 11999
f 12050 11545 11295
f 10978 11810 10979
f 9654 8122 10636
f 11907 11490 11545
f 11027 11028 10722
f 10470 10636 10411
f 10860 12071 11805
f 9649 10860 11856
f 11847 12071 12072
f 11329 11520 11853
f 11911 12073 11880
f 12374 11083 10644
f 10387 11545 10388
f 11869 12074 12075
f 11609 12074 11869
f 12076 12077 12078
f 11870 11846 12079
f 10937 10938 10929
f 12074 11609 10882
f 11504 11081 10854
f 11643 12055 12057
f 10707 10682 10776
f 11492 9958 11071
f 11186 11045 11553
f 11330 11186 12062
f 11021 11060 11206
f 11060 11330 11206
f 12081 12082 12048
f 12082 11877 12048
f 11609 11877 12082
f 11870 12047 11877
f 11870 12083 12047
f 11870 11877 11846
f 10605 11528 11015
f 11559 12084 11560
f 11871 11869 12075
f 10928 10937 10929
f 11671 11673 11609
f 11671 12082 12081
f 12082 11671 11609
f 11672 11671 12081
f 11869 11845 11609
f 11871 11845 11869
f 11018 10924 11562
f 10717 11326 10718
f 10938 10656 12085
f 11926 11145 10683
f 11805 11647 11117
f 12087 11840 12047
f 11324 11892 10808
f 10691 10941 10935
f 11081 11080 11056
f 11537 11588 10964
f 11872 11545 12050
f 11610 11920 12089
f 11873 11876 11783
f 9958 11801 11786
f 10409 10408 11384
f 11932 10806 12669
f 11541 11826 11494
f 10642 10080 10663
f 11331 12089 11920
f 11930 11924 11925
f 10964 11589 11537
f 11503 12074 10882
f 11590 11875 11572
f 11823 11824 12058
f 12668 11636 12090
f 11557 11902 11558
f 10859 11798 11002
f 11930 11929 11924
f 11930 10767 11929
f 11924 11921 12669
f 12092 10607 12094
f 12321 12093 12312
f 12374 10708 10728
f 12363 11899 11324
f 11905 11899 11632
f 11055 11022 10854
f 11894 11850 9958
f 11035 11990 10800
f 12055 10692 12056
f 11632 11899 11230
f 11145 11905 11144
f 11905 11632 11144
f 11230 11899 12363
f 12081 11840 11672
f 10776 11144 11632
f 11796 11799 11811
f 12027 11186 11028
f 11536 10606 12100
f 11133 10981 12889
f 12374 10644 11922
f 10871 10870 11643
f 10767 11930 11904
f 11930 11925 11904
f 11452 11734 11736
f 11270 11734 11452
f 11917 10806 11932
f 10989 11691 11764
f 11603 11875 11646
f 11042 10854 10669
f 11980 12097 10850
f 12098 12099 11973
f 11701 11666 11910
f 12099 11452 11736
f 11637 11797 10946
f 11088 11059 10669
f 12101 12102 11979
f 12102 12101 12128
f 11736 11735 12669
f 12104 12105 11949
f 11975 11340 11372
f 11314 11660 12119
f 10388 11545 11872
f 11428 12108 11429
f 11815 11008 11001
f 11945 11951 12104
f 11931 11932 11735
f 11916 11904 11939
f 11916 10767 11904
f 11735 11932 12669
f 12099 11736 12669
f 11113 10767 11270
f 10767 11916 11270
f 12109 12110 12669
f 11984 12109 12669
f 10636 10926 11426
f 11280 12112 12101
f 12112 12128 12101
f 12113 12098 11973
f 12113 11270 12098
f 12111 12119 12105
f 12104 12111 12105
f 11589 11572 11538
f 11939 11925 12669
f 11314 12119 11951
f 11945 11314 11951
f 12374 11926 10683
f 12604 11788 11543
f 11966 12114 12665
f 11696 10437 12115
f 12116 12107 12110
f 12116 11270 12107
f 11514 10818 10539
f 11280 12101 11979
f 11951 12119 12111
f 12104 11951 12111
f 11968 11293 11282
f 12105 12119 12416
f 11949 12105 12416
f 11979 12102 11400
f 11311 12128 11312
f 11968 12115 11959
f 12604 11037 11571
f 11854 9649 11856
f 11315 11945 11949
f 11591 11853 11542
f 12315 12116 11984
f 12116 12109 11984
f 12091 11602 10965
f 12315 12669 12316
f 10942 9996 12117
f 10888 11390 12123
f 11945 12104 11949
f 11280 12151 11336
f 12151 11280 11979
f 11362 10816 12151
f 12112 11336 10815
f 10817 11716 12128
f 12102 12128 11311
f 12112 11280 11336
f 12151 11980 10850
f 10816 11336 12151
f 11976 11310 11312
f 11690 11950 11387
f 12124 12125 12126
f 12115 11958 11959
f 11351 11690 11387
f 11083 10645 10644
f 11696 12115 11968
f 11958 11960 12364
f 12115 11960 11958
f 10437 11960 12115
f 11292 12121 12135
f 11298 12121 11292
f 12127 10820 12364
f 11252 10820 12127
f 11953 11957 12364
f 11952 11957 11953
f 11967 12121 11298
f 11959 11957 11952
f 11968 11252 11967
f 11967 11252 12127
f 11293 10558 11282
f 11968 11298 11293
f 12121 12127 12135
f 12121 11967 12127
f 12127 12364 12135
f 10989 11764 12028
f 10894 11510 10895
f 11564 11459 11981
f 11467 12129 11756
f 12131 10844 12132
f 10408 11416 11385
f 11972 11281 12135
f 11972 12134 11281
f 10601 10636 10599
f 12134 11972 10381
f 12134 11282 11281
f 10563 11297 10564
f 11300 11297 10563
f 12137 12138 12699
f 12139 12583 12140
f 12141 12142 12143
f 11911 11880 10908
f 11337 12144 11338
f 11381 10524 11382
f 10524 11381 11756
f 12145 12146 10571
f 11226 11463 10887
f 12147 12484 11349
f 11965 10887 11332
f 11752 10887 11463
f 12103 12148 12149
f 11976 12151 11310
f 11950 11690 11976
f 12112 10815 12128
f 10815 10817 12128
f 10868 12128 10838
f 12102 11311 11400
f 11950 11976 11312
f 11409 12124 12126
f 12151 12680 11362
f 12151 12150 12124
f 10836 10563 10564
f 10563 10836 10809
f 10812 12509 11436
f 11444 11463 12152
f 11494 11826 11536
f 12153 11338 11757
f 11338 12153 11756
f 11019 11623 9971
f 11623 11622 9971
f 12154 12155 11687
f 12144 11337 11455
f 11463 11156 11382
f 11463 11757 12144
f 11157 11424 11156
f 11424 11381 11156
f 11756 11381 11424
f 10524 10814 12152
f 11756 10814 10524
f 11444 12153 11757
f 10814 12153 11444
f 12153 10814 11756
f 12152 10814 11444
f 11337 12157 11455
f 11756 12157 11337
f 11382 10524 12152
f 11455 12157 11349
f 12157 12129 11349
f 11756 12129 12157
f 11473 11982 11474
f 10514 10887 11752
f 11473 12160 11982
f 11832 11322 11011
f 11338 12144 11757
f 12152 11463 11382
f 12162 11981 12163
f 12484 11463 11349
f 11835 11837 12166
f 12167 12795 12168
f 11455 11463 12144
f 11762 12170 12171
f 12172 12173 12174
f 11375 11441 10890
f 12176 12684 12096
f 12177 12178 12179
f 10443 11415 12345
f 11629 11628 12010
f 12180 12181 10899
f 11375 12182 11442
f 11461 11369 11368
f 11982 11467 12504
f 11981 11460 12163
f 11435 10812 11436
f 11456 11369 10890
f 12183 12184 12503
f 11459 11564 11383
f 11368 11427 11461
f 12509 10811 12185
f 11270 12116 12315
f 12409 10409 11564
f 12186 12187 12188
f 12034 12033 12180
f 11961 11962 12189
f 11442 12182 12509
f 12190 12191 11333
f 11814 11812 11008
f 10979 11810 11822
f 11500 10924 11912
f 11859 11432 12193
f 11763 11833 11764
f 11108 11889 12194
f 12195 12196 11284
f 10942 9971 10587
f 11530 11037 12604
f 11012 12197 12198
f 12199 11941 11915
f 11731 12200 10443
f 11415 6552 12583
f 11792 11629 12010
f 12808 12203 12204
f 12203 12205 12204
f 8124 10636 8122
f 9760 7512 12310
f 12070 11894 12120
f 12059 11782 11860
f 12118 11569 11038
f 11648 11540 12206
f 10993 10824 11853
f 11432 11859 11545
f 10936 11510 12056
f 9649 12284 10860
f 12193 12207 12118
f 12207 12193 11432
f 12208 10985 10986
f 11505 11412 10941
f 10628 10959 11542
f 10881 10880 11502
f 11672 11785 11673
f 12059 12193 12118
f 11859 12193 12059
f 12209 12210 12560
f 12052 11909 11907
f 10111 11888 10854
f 10932 10994 10930
f 12211 12212 12213
f 10941 11412 12073
f 11856 10860 12030
f 11954 10977 10979
f 11422 12206 12118
f 11648 12206 11422
f 11489 11853 11487
f 11826 10606 11536
f 11402 11505 10870
f 11490 11856 12030
f 11812 11545 11908
f 11422 11423 11649
f 11909 11855 11907
f 12072 12071 12214
f 11570 12604 11571
f 11812 11814 11535
f 11545 11812 11535
f 12118 12217 12218
f 12217 11498 12218
f 11853 10187 11513
f 11542 11810 11546
f 12207 11432 11551
f 11859 12059 11860
f 11322 11832 11323
f 11648 11422 11649
f 11645 11558 11902
f 12118 12207 11423
f 12207 11551 11423
f 12055 11643 11505
f 11812 11955 10860
f 11914 12221 12058
f 11554 11627 11550
f 12222 12668 12090
f 10872 12223 12085
f 11999 11095 11527
f 11019 10581 10053
f 11827 11555 11556
f 8289 10053 10421
f 12023 12022 11480
f 12221 11510 12058
f 11479 12023 11480
f 11479 11505 12023
f 11527 10895 11510
f 11537 11589 11538
f 11018 10990 11514
f 11823 11510 12036
f 11541 12194 11776
f 11777 12194 11889
f 10656 11402 12085
f 11015 11775 11777
f 10053 10581 10443
f 10925 11889 11108
f 11402 10872 12085
f 10155 10421 10423
f 10528 12039 10433
f 11913 10537 12224
f 11999 11412 11095
f 11203 12225 12226
f 10528 10530 10901
f 10551 10159 12224
f 12086 12060 11363
f 11538 11603 11589
f 11405 12227 12228
f 12136 12086 11363
f 12136 11363 10883
f 12700 12229 12230
f 10898 12059 12118
f 12086 11631 10445
f 10883 12070 11882
f 11860 11782 11295
f 12064 12232 11751
f 12217 11540 11498
f 12206 12217 12118
f 12217 12206 11540
f 12015 12014 12234
f 11815 11001 11002
f 11081 11056 10854
f 12235 12236 12395
f 11544 12118 11419
f 10898 12118 11544
f 12071 11847 11805
f 12072 12214 12237
f 12665 12114 12238
f 11502 11603 11602
f 10880 11603 11502
f 11832 11011 11018
f 11534 12053 11541
f 10964 11538 11589
f 12028 12045 11587
f 10928 11505 10937
f 11541 11321 11523
f 10530 11829 10901
f 11321 11014 11523
f 11541 11408 11826
f 10430 10848 11554
f 12085 12223 10938
f 11412 11880 12073
f 11478 12223 10901
f 10653 12036 10655
f 10928 11828 11505
f 9218 10434 11858
f 11643 12057 10871
f 11526 11510 10908
f 12239 12191 12240
f 12223 11478 11480
f 11914 11412 10535
f 11541 11902 11531
f 9621 10535 11412
f 11828 10928 10927
f 11556 12223 12022
f 10718 11085 11609
f 12194 11777 11776
f 11015 11777 11889
f 12242 12604 12243
f 12087 12091 12100
f 11920 12084 11559
f 12087 12047 12091
f 11510 11911 10908
f 12024 11556 12022
f 11913 10535 10537
f 11407 11531 11528
f 12057 11510 10871
f 10938 12223 10929
f 11189 11505 10530
f 12244 11996 11415
f 10941 12073 10940
f 11505 11828 11827
f 10529 10528 10433
f 9218 11858 10241
f 12155 12245 12246
f 12228 12245 12155
f 11880 11412 11881
f 12024 12023 11505
f 12073 11911 10940
f 11510 12223 10871
f 8289 9996 11667
f 10692 10936 12056
f 12142 12141 12247
f 12248 11015 11014
f 12223 12039 10901
f 10655 11510 10894
f 11510 12053 12223
f 10443 12007 12249
f 9217 10529 10433
f 12657 11534 12215
f 10929 12223 10927
f 11526 11881 11999
f 11402 10656 11505
f 11505 10692 12055
f 10433 12039 10434
f 12024 11505 11827
f 11558 11645 11561
f 11778 11823 12036
f 10053 8289 11667
f 12250 12251 12252
f 12170 12253 12254
f 10848 11525 11102
f 12036 11510 10655
f 11408 11541 11407
f 12232 11749 11751
f 11749 12232 12255
f 11914 11913 12221
f 10581 11019 12117
f 12022 12223 11480
f 11283 12252 12195
f 11560 12084 11428
f 12056 11510 12057
f 11865 12243 12604
f 12256 12257 12258
f 10925 11108 11912
f 12120 9440 12856
f 11853 11591 11507
f 11855 11490 11907
f 10995 11550 11018
f 11853 10220 10185
f 9992 11688 11542
f 11038 11569 11571
f 12035 12284 9760
f 12337 11680 12615
f 10920 10638 9335
f 10981 11610 11609
f 11546 10916 11542
f 11954 10979 11822
f 10898 12063 10946
f 11616 11186 12027
f 11637 10946 11130
f 10858 11798 10859
f 11561 11626 11015
f 12052 11552 11909
f 11649 11551 11545
f 11535 11815 11002
f 11810 11542 11822
f 11586 11186 11616
f 11542 9990 9992
f 10854 12616 10808
f 11542 11545 10629
f 11814 11008 11815
f 11955 11812 11908
f 11511 11853 10447
f 11020 11022 11055
f 11520 11522 11853
f 12752 12051 9760
f 11874 11867 11866
f 11330 12062 12604
f 10951 10911 10910
f 11638 12604 10912
f 11018 11514 11512
f 11080 10823 11054
f 12030 10860 11955
f 11798 11535 11002
f 10591 8616 10070
f 10978 9649 11547
f 12052 10918 11552
f 11609 10719 10718
f 11822 11542 11853
f 11866 12604 11570
f 11056 11055 10854
f 10411 10636 10601
f 10977 9649 10978
f 11116 11117 11647
f 11954 11825 10977
f 12062 11593 11548
f 11569 11874 11570
f 11523 11057 11864
f 11489 11799 11796
f 11833 11763 11807
f 10567 12259 12250
f 11902 11557 11531
f 10053 10443 10421
f 12219 12260 11803
f 10402 10404 11554
f 10461 11108 12194
f 12194 11541 10461
f 11714 12316 10155
f 12259 12571 12251
f 11914 11824 11412
f 12583 11438 12261
f 11541 12100 11534
f 10406 10902 10904
f 12248 11014 11321
f 11776 11775 11320
f 12248 11320 11775
f 11528 11531 11557
f 11626 11864 11057
f 8289 10421 9996
f 11321 11320 12248
f 11824 11778 11412
f 11864 11626 11644
f 12053 11534 12223
f 11326 11025 11092
f 11913 12224 12221
f 11624 11667 11414
f 11622 11624 11414
f 8616 10904 10903
f 11095 10895 11527
f 11541 11523 11864
f 12053 10461 11541
f 11412 10896 11095
f 10368 10159 10551
f 11510 10461 12053
f 12100 12091 10965
f 11824 11914 12058
f 12260 11189 11803
f 11541 11776 11320
f 12224 10159 12221
f 10924 10925 11912
f 11025 10671 12087
f 11609 10880 10882
f 12039 12219 11804
f 10537 10551 12224
f 11414 11667 9996
f 12086 12583 11631
f 12484 12262 11769
f 12247 11415 12263
f 11628 11629 11485
f 6552 11631 12583
f 11443 11657 11486
f 11894 9958 12120
f 12061 11801 9958
f 12266 10613 12267
f 12269 12270 12271
f 11973 12099 12669
f 10098 8616 10591
f 11866 11570 11874
f 10946 12063 11130
f 11022 11206 10854
f 10636 10004 10926
f 11575 11682 11808
f 10996 11018 10589
f 12045 10964 11588
f 12273 12274 12275
f 12027 11028 11027
f 11052 11186 11586
f 12856 12276 12277
f 11097 11145 11926
f 10973 11853 11511
f 11051 10416 12062
f 11610 10981 11133
f 11051 12062 11532
f 10985 12208 11114
f 11853 11522 10447
f 10830 10829 11511
f 10004 10636 8124
f 11133 12108 11610
f 10860 12006 12214
f 11082 11081 11504
f 11616 12027 10111
f 12278 11005 11006
f 11186 11080 11082
f 10288 12374 11861
f 12062 10950 10910
f 11323 11562 11500
f 11015 12248 11775
f 10819 11011 11322
f 10070 8616 10903
f 12100 10606 11015
f 11015 12087 12100
f 9809 10598 9807
f 11588 11587 12045
f 11714 11636 12316
f 10717 11579 10671
f 10461 11510 10159
f 11667 11624 11623
f 11019 11667 11623
f 11873 11783 11785
f 8616 10159 10904
f 11085 11525 10848
f 11525 11092 11102
f 11534 12100 10965
f 10461 11500 11912
f 11015 11627 12087
f 12280 12149 12164
f 11562 11323 11832
f 8616 9401 10159
f 10925 11018 11015
f 11785 11672 11840
f 12091 12047 12083
f 11018 10598 10589
f 12324 12281 12282
f 12108 11133 11429
f 11900 12079 11846
f 11550 11627 11018
f 11331 11609 12089
f 11015 11018 11627
f 12084 11920 11610
f 10159 11510 12221
f 11415 12283 11204
f 11229 12165 12103
f 11019 10942 12117
f 10155 9996 10421
f 11446 11608 11606
f 12287 10884 12288
f 11606 11445 11446
f 9958 9440 12120
f 12290 12291 12292
f 12293 12291 12290
f 12294 12295 12296
f 12294 12297 12295
f 12004 12284 12298
f 11888 10111 12027
f 12337 7848 10727
f 11873 12087 12299
f 11922 11098 11927
f 10957 10204 10031
f 12279 11133 11263
f 9434 7848 12337
f 10854 11042 11044
f 11028 11186 11082
f 11808 11763 11691
f 10728 11693 10667
f 11206 11330 12616
f 11966 12300 11956
f 9679 10636 10621
f 10854 11206 12616
f 12301 12236 12235
f 10722 11504 10854
f 11609 11572 11875
f 12028 11587 11386
f 11263 12302 12303
f 10671 12299 12087
f 10965 10964 12045
f 11503 12075 12074
f 12045 12360 10965
f 11609 11875 10880
f 11345 11025 11627
f 9201 12504 11451
f 11588 11026 11386
f 11386 11026 10989
f 10114 9807 10598
f 11572 11609 10989
f 10717 10671 11025
f 10989 11026 11538
f 11331 11560 10327
f 11603 11590 11589
f 10430 11554 10404
f 11875 11590 11646
f 12279 10967 10327
f 11870 12079 11900
f 11870 11900 11871
f 11730 11871 12075
f 11730 12075 11503
f 11502 11730 11503
f 11730 11502 12091
f 12091 12083 11870
f 12047 12081 12048
f 12047 11840 12081
f 12028 11386 10989
f 10981 11609 12088
f 10159 9457 10461
f 12084 12108 11428
f 12108 12084 11610
f 11609 11610 12089
f 10848 11627 11554
f 10932 10402 10994
f 10327 11133 12279
f 10080 12088 10995
f 11896 11376 11715
f 9401 9457 10159
f 12242 12243 11106
f 11948 11053 11263
f 9996 10155 12117
f 12304 11073 12305
f 11074 11073 12304
f 12306 12307 12308
f 12309 12307 12306
f 11334 12312 12306
f 11373 12571 12259
f 12313 11903 12288
f 11632 10667 11693
f 11324 10808 12363
f 12062 11509 10636
f 10668 11632 11005
f 12278 10482 12665
f 12314 12300 12665
f 10707 10775 10708
f 11097 11927 11098
f 11098 11922 10643
f 11927 12374 11922
f 12302 10327 11607
f 11042 10669 10657
f 10657 11938 11042
f 10775 10707 10776
f 10989 11683 11682
f 12208 10986 12006
f 12317 12303 11607
f 12590 12318 12319
f 10640 10650 10740
f 11331 10327 11609
f 11920 11559 11331
f 12302 11607 12303
f 10967 12317 11607
f 11609 11085 12088
f 10607 12220 10608
f 10080 10995 10663
f 10386 10385 10969
f 11263 12303 12317
f 10598 11018 9428
f 10386 10740 10650
f 11772 12322 12323
f 12088 10665 9087
f 9087 10665 10997
f 11012 11013 11162
f 12324 12174 12325
f 11847 12072 12094
f 12255 12232 12326
f 12327 12222 12328
f 12447 12330 12331
f 12333 12334 12335
f 12334 12333 12120
f 11693 10728 11024
f 12374 11135 11173
f 10849 12336 10844
f 10683 11144 10682
f 12374 11897 11861
f 12279 11263 12317
f 12374 10288 11135
f 12374 10667 12665
f 12113 11973 11974
f 10483 10482 11138
f 10482 11006 11138
f 10808 10669 10854
f 11084 11173 11134
f 11006 11632 11138
f 12374 10682 10707
f 10644 10643 11922
f 12363 10808 12616
f 12338 12615 12339
f 10682 11144 10776
f 12340 11632 11956
f 12279 12317 10967
f 11545 11847 12094
f 12278 10668 11005
f 10969 9087 10997
f 12320 11133 12889
f 11745 11744 12018
f 11744 12019 12018
f 10386 10969 10997
f 11758 11378 12341
f 11378 11377 12341
f 12343 11415 12342
f 11732 11731 10443
f 12344 12130 12103
f 12116 12110 12109
f 12347 12348 12349
f 12348 12347 12504
f 12316 12117 10155
f 12350 12351 12352
f 12118 12234 12014
f 12355 12356 12447
f 10482 12278 11006
f 11346 10170 12897
f 10849 10844 12131
f 10667 10668 12665
f 10669 10349 10657
f 10668 12278 12665
f 11866 11865 12604
f 11926 12374 11927
f 11173 11084 11083
f 11632 11024 10775
f 12314 10483 11262
f 12300 11966 12665
f 12300 12314 12340
f 12314 11262 12340
f 10483 11138 11262
f 12300 12340 11956
f 11262 11632 12340
f 11966 11956 12358
f 12114 11966 12358
f 12890 12889 12359
f 11575 11807 11682
f 11575 12360 11807
f 12496 12382 12362
f 11965 11332 11963
f 9038 8652 7815
f 7815 12889 10981
f 12208 12284 11114
f 12158 11741 10843
f 12117 9899 10581
f 12316 9899 12117
f 11897 12897 10170
f 7848 9183 10727
f 11012 12365 12366
f 10483 12314 12665
f 12617 10421 10443
f 12889 7815 12359
f 12607 12367 12368
f 11283 10567 12250
f 11878 12369 12370
f 12431 12371 12372
f 11389 11383 11385
f 11270 11035 11113
f 12337 10727 12680
f 12360 11575 11534
f 12065 11113 11035
f 12374 12665 12897
f 12156 12065 10800
f 11704 12158 11705
f 12156 11188 12065
f 12375 12684 12376
f 12684 12375 12246
f 11903 12313 11943
f 11534 12529 12570
f 11188 12359 11146
f 11270 11990 11035
f 12378 12379 11759
f 11758 12378 11759
f 12380 11299 10564
f 12380 11692 11299
f 12381 12347 12349
f 12329 12822 12383
f 12385 12386 12387
f 12388 11332 11472
f 12310 12390 12391
f 12416 10786 9465
f 11270 12113 12107
f 12113 11974 12107
f 12393 12394 12281
f 12897 11897 12374
f 12357 9885 11346
f 11113 11188 11146
f 11113 12065 11188
f 12107 11974 12110
f 10800 12065 11035
f 11974 12669 12110
f 10800 11990 12359
f 11188 12156 10800
f 11681 11698 11575
f 11990 11270 12315
f 11188 10800 12359
f 12559 12186 12188
f 10832 11340 11918
f 10571 11462 12145
f 11919 11918 11192
f 11564 9465 10786
f 9465 11564 12416
f 12416 11660 11124
f 12398 12238 12175
f 11452 12099 12098
f 11270 11452 12098
f 12399 12400 12401
f 12399 12402 12400
f 12403 12404 12192
f 12404 12517 12192
f 12405 12406 12051
f 12133 11075 11995
f 12071 10860 12214
f 11968 12134 10381
f 8557 10286 11274
f 12407 12906 12408
f 12409 12392 11997
f 12158 10512 11705
f 11374 11431 12411
f 11372 10572 12412
f 11296 12413 11075
f 12281 12394 12282
f 11354 10833 11702
f 12412 10572 12146
f 11975 12412 11306
f 10868 11454 11453
f 11350 12415 12150
f 11454 12097 11980
f 11454 10868 12097
f 12128 10868 12126
f 12417 12418 11360
f 10868 12418 12417
f 10564 12135 11346
f 11346 11151 12357
f 11346 12364 11151
f 11346 12135 12364
f 11246 10381 10383
f 12158 10781 10570
f 11330 11353 12616
f 12420 12419 12421
f 12422 12423 12424
f 12425 12426 12427
f 11359 12132 12417
f 12132 10868 12417
f 11416 10408 11997
f 12428 12429 12430
f 11968 11282 12134
f 10849 12131 12151
f 8216 12316 11274
f 10812 11435 10813
f 4791 9899 12504
f 11980 11410 11454
f 11246 10810 11692
f 10572 10571 12146
f 12123 12414 10888
f 11306 11192 11975
f 11306 11928 11192
f 12412 11975 11372
f 11192 11918 11975
f 11677 11985 11397
f 11964 12123 11390
f 11702 11919 11192
f 12414 12123 11306
f 12123 11964 11306
f 10832 11919 10833
f 11919 11702 10833
f 10408 11385 11384
f 11359 12151 12131
f 12316 8557 11274
f 12119 11660 12416
f 11949 10868 10834
f 12416 10868 11949
f 11453 12126 10868
f 12415 12128 12125
f 12150 12415 12125
f 11417 11391 11753
f 12434 12435 12436
f 12125 12128 12126
f 12438 12439 12440
f 12441 12560 12442
f 9570 11174 11968
f 12443 12332 12118
f 12332 12443 12444
f 12126 11453 11409
f 11462 10888 12414
f 11359 12417 11360
f 12336 10868 10844
f 12097 12336 10850
f 10868 12336 12097
f 12158 10788 10334
f 12446 11706 12234
f 12118 12446 12234
f 12158 10805 10788
f 9201 4791 12504
f 11417 11753 11755
f 8729 8875 12158
f 9366 11303 12158
f 11964 11963 11306
f 11564 11384 11383
f 12145 11462 12414
f 12130 12432 12103
f 11928 12103 11701
f 11306 12344 12103
f 12145 12414 11306
f 12146 12145 11306
f 12412 12146 11306
f 11964 11390 11965
f 12344 11677 11397
f 11367 11761 12148
f 12388 11963 11332
f 11306 12103 11928
f 11963 12388 11306
f 12149 11761 12164
f 11701 12103 11564
f 12448 11863 12449
f 12094 12015 11706
f 12237 12006 10986
f 12150 12125 12124
f 10868 12416 11564
f 12422 11699 12122
f 12529 11699 12422
f 11352 12415 11350
f 12415 11352 12128
f 12451 12452 12453
f 12454 12212 12211
f 12455 11883 12277
f 11387 12128 11352
f 12458 10866 12459
f 12336 10849 10850
f 12450 12663 12460
f 11246 12437 11978
f 11350 12151 11351
f 11991 11992 12138
f 12260 11517 11189
f 11246 10383 11300
f 11968 10381 11246
f 10382 11972 12135
f 10381 11972 10382
f 10383 11297 11300
f 11246 11300 10809
f 11417 12003 11302
f 12133 11748 11765
f 9639 8875 8729
f 9570 11968 12133
f 11755 10798 12003
f 12462 12408 12898
f 12158 9981 9983
f 12158 8875 10805
f 12463 12289 12464
f 11305 9367 12158
f 10334 11305 12158
f 11748 11746 11765
f 11404 12433 11405
f 11410 11409 11453
f 11472 11985 12465
f 12466 12467 12262
f 12466 12504 12467
f 12465 12388 11472
f 12465 11677 11306
f 11677 12465 11985
f 11397 10516 12344
f 12432 12130 10515
f 10515 11367 12432
f 11997 10409 12409
f 12432 12148 12103
f 12388 12465 11306
f 10516 10515 12130
f 12344 10516 12130
f 11677 12344 11306
f 12432 11367 12148
f 11564 12103 11762
f 12280 12164 11713
f 10409 11384 11564
f 12375 12155 12246
f 12155 12375 11687
f 12164 10514 11713
f 11761 10514 12164
f 12410 12096 11687
f 12103 12149 12280
f 12148 11761 12149
f 11991 12137 12472
f 11752 12165 11713
f 11350 12150 12151
f 11409 12151 12124
f 12140 12473 12139
f 12474 12446 12118
f 12092 12446 12474
f 11564 11762 12392
f 12582 12475 10443
f 12475 11732 10443
f 11393 11437 12461
f 11395 9899 12316
f 12158 10843 10781
f 11704 11741 12158
f 8875 10419 10805
f 11395 12504 9899
f 12431 11465 12371
f 11417 11392 11391
f 11239 10899 12509
f 11009 12161 11010
f 12226 12263 11830
f 11762 12484 12433
f 11961 12693 12484
f 12559 12451 12453
f 12484 12165 11752
f 10514 11752 11713
f 12477 12478 12479
f 12478 12477 12504
f 11349 12129 12147
f 11416 12392 11762
f 12349 12348 12480
f 12481 12482 12483
f 12392 11416 11997
f 12324 12485 12281
f 11762 12103 12165
f 12280 11713 11229
f 12103 12280 11229
f 12129 11467 12147
f 12487 12151 11360
f 12699 12488 12033
f 12489 12490 12491
f 11417 10569 11989
f 11878 12617 12369
f 11388 12492 12381
f 10396 9123 9916
f 12559 12494 12471
f 12494 12495 12471
f 12158 9983 10512
f 11464 12496 12497
f 12348 12466 12480
f 12466 12348 12504
f 12385 12792 12386
f 11728 11189 11517
f 12137 12501 12472
f 12501 12502 12472
f 11609 10327 11948
f 12054 10240 10241
f 11417 11989 11247
f 12158 11303 9981
f 12466 12262 12480
f 12492 12347 12381
f 12347 12492 12504
f 12093 12309 12312
f 12446 12092 11706
f 12034 12180 12352
f 11987 10396 9916
f 12703 12513 12169
f 11302 10797 12185
f 12350 12352 10899
f 10569 12158 10570
f 12160 11473 12484
f 11413 11738 10890
f 10569 11417 12158
f 11754 11753 12506
f 11962 12478 12189
f 10797 12509 12185
f 12461 12506 11393
f 11923 11449 11399
f 12352 12180 10899
f 12158 11417 8729
f 12469 12382 12827
f 11391 11393 12506
f 11441 11442 11457
f 8729 11417 10890
f 12185 10811 10879
f 11435 11417 10813
f 11302 12185 10879
f 11302 12003 10797
f 11392 11437 11393
f 12506 12461 11754
f 11417 11247 11249
f 11755 11754 10798
f 11391 12506 11753
f 11754 12461 10798
f 11417 11425 11392
f 10811 10813 10879
f 11417 11755 12003
f 11417 9287 11425
f 11359 12131 12132
f 12461 10568 11239
f 12202 12333 12550
f 12333 12202 12120
f 12507 10890 11461
f 12509 10798 12461
f 12509 12461 11239
f 11427 12507 11461
f 12508 12187 10443
f 11431 11436 12411
f 12484 12381 12349
f 11467 12160 12147
f 12484 11388 12381
f 11416 11762 11389
f 11389 11385 11416
f 12160 11467 11982
f 12470 9123 7328
f 12492 11474 12504
f 12484 11762 12165
f 10886 10885 12326
f 11752 11463 12484
f 12171 12511 12162
f 12484 12147 12160
f 11388 11474 12492
f 11886 12225 11887
f 8729 10890 11983
f 11458 10865 11596
f 12349 12480 12484
f 11009 11770 12161
f 11388 12484 11473
f 11456 11441 11457
f 12094 10985 11115
f 11369 11456 11370
f 11457 12509 11370
f 12433 12227 11405
f 11417 11431 10890
f 12484 12480 12262
f 11375 11374 12182
f 11517 12260 11518
f 12512 11739 12509
f 12514 12265 12515
f 12289 12265 12514
f 12182 12411 12509
f 11427 12509 12516
f 11403 12154 11687
f 11442 12509 11457
f 12411 11436 12509
f 9218 10241 11189
f 11714 12304 12201
f 11374 12411 12182
f 12064 12518 11062
f 12519 12520 12521
f 12324 12282 12042
f 12302 11263 11053
f 12173 10443 12522
f 12260 12219 11518
f 10885 12255 12326
f 12523 12239 12524
f 12239 12523 11205
f 12192 12525 12403
f 10443 12008 12007
f 12527 12270 12528
f 12264 12674 11625
f 12508 10443 12530
f 12520 12531 12521
f 12039 12054 11858
f 12438 10652 12533
f 12534 12535 11971
f 12808 12537 11599
f 11415 12583 12321
f 12094 12651 12332
f 12570 12216 11534
f 12559 12538 12539
f 11714 10155 11879
f 12322 12422 12323
f 12540 12541 12542
f 11858 12054 10241
f 12004 12544 10266
f 12094 12004 10266
f 11867 12118 11107
f 12013 12444 12443
f 12545 12822 12546
f 12541 12430 12429
f 12094 12237 10986
f 12238 12548 12175
f 10608 12218 11498
f 12218 12220 12118
f 12218 10608 12220
f 12220 12474 12118
f 12474 12220 10607
f 10266 12651 12094
f 12500 12551 12552
f 9356 11373 12020
f 11012 12553 11013
f 12237 12214 12006
f 11836 12554 11837
f 12265 12555 12515
f 9760 12051 12035
f 12426 12399 12401
f 12219 11803 11804
f 12072 12237 12094
f 12122 11699 11852
f 12456 12394 12393
f 12297 12560 12295
f 12427 12561 12562
f 12561 12406 12562
f 12563 12564 12565
f 12296 12566 12550
f 12533 12567 12438
f 12533 12568 12567
f 12795 12199 12192
f 11294 10422 10976
f 12573 12264 11625
f 12541 12429 12542
f 12172 12043 12456
f 12196 12319 11284
f 12168 12795 12574
f 12559 12481 12483
f 12538 12249 12539
f 11714 11879 12370
f 11879 11878 12370
f 10155 12572 11879
f 12572 10905 11879
f 10905 12617 11878
f 12575 12615 12576
f 12345 11415 12792
f 11063 11283 12324
f 12369 11896 12241
f 11505 11189 11458
f 12508 12530 12577
f 12578 12693 11468
f 12567 12439 12438
f 12567 12579 12439
f 12324 11283 11285
f 12076 12581 12582
f 12581 12495 12582
f 12700 11940 12038
f 11940 12486 12038
f 12559 12106 12584
f 12485 12393 12281
f 12451 12559 12471
f 11074 11714 12549
f 12186 12324 12325
f 12324 12586 12485
f 10934 12489 12587
f 11758 11715 11378
f 11715 11376 11378
f 11941 12199 12795
f 12586 12588 12485
f 12580 11160 12589
f 11203 12226 11830
f 12459 10865 11361
f 12591 11598 11599
f 12064 11943 11650
f 11063 12563 12592
f 12251 12593 12252
f 11758 12341 12378
f 12341 10646 12378
f 12594 12595 12346
f 12054 12039 11804
f 7942 12549 12596
f 11377 10646 12341
f 12378 10646 12379
f 11284 12319 11285
f 12586 12598 12588
f 12599 12598 12586
f 12600 12398 9644
f 11063 9024 12020
f 10155 11294 12572
f 11294 10976 12572
f 12601 7942 12602
f 7942 12596 12602
f 12596 12601 12602
f 12603 12490 12583
f 12489 12583 12490
f 12092 12474 10607
f 12122 11852 11851
f 12605 12606 12391
f 12136 10883 11882
f 12583 12591 12608
f 12365 12609 12610
f 11596 12611 12559
f 10989 11609 11948
f 12015 12234 11706
f 11882 12070 12120
f 12448 12449 12329
f 12014 12443 12118
f 12013 12443 12014
f 12566 12296 12210
f 11107 11106 12243
f 11053 11948 10327
f 11373 11063 12020
f 12039 12532 11639
f 12019 9356 12020
f 10976 10905 12572
f 12590 12618 12318
f 12219 12039 11518
f 12619 12460 12558
f 12614 12856 12211
f 12600 12620 12665
f 11714 12241 11715
f 12241 11896 11715
f 11519 12039 11640
f 12519 12621 12622
f 12623 11990 12624
f 10240 11803 11189
f 12398 12175 9644
f 11714 12370 12241
f 12370 12369 12241
f 12625 12822 12626
f 10615 12612 10613
f 12334 12120 12627
f 12335 12334 12627
f 12442 12822 12329
f 10876 12628 12629
f 12296 12550 12294
f 12612 11506 10613
f 12447 12476 12631
f 12120 11506 12745
f 12632 12633 12634
f 12552 12822 12545
f 12208 12006 12284
f 12636 12615 12635
f 12637 12547 12638
f 12639 12640 12068
f 12620 12600 9645
f 11969 12641 11970
f 12642 12209 12560
f 12543 12856 11883
f 12257 12256 12643
f 12454 12856 12428
f 12644 12645 11863
f 12583 12289 12463
f 11882 12499 11411
f 12646 12436 12270
f 12647 12427 12562
f 12640 12648 12069
f 10327 12302 11053
f 12649 12426 12401
f 11817 12652 12653
f 12652 12654 12653
f 12298 12284 12774
f 12639 12068 12272
f 11706 12092 12094
f 12223 12377 12039
f 12094 10608 11545
f 12657 12223 11534
f 12422 12122 12423
f 10965 12360 11534
f 12548 11642 12175
f 12674 12264 12656
f 11772 12422 12322
f 12529 12422 11772
f 12041 12040 12595
f 11681 11575 11808
f 11865 11867 11107
f 11956 11632 11642
f 12068 12655 12272
f 12594 12041 12595
f 11534 11575 11699
f 11107 12243 11865
f 11682 11807 11808
f 12660 11773 11772
f 12114 12358 12548
f 11698 11681 11683
f 12175 11642 9644
f 12544 12298 12651
f 12424 12661 12422
f 11353 11330 12067
f 11808 11691 11682
f 12285 12066 12662
f 12531 12285 12662
f 10989 11851 11683
f 11682 11681 11808
f 12358 11956 11642
f 12320 11263 11133
f 12423 12122 12361
f 12337 12395 12066
f 11851 10989 12122
f 11698 11683 11851
f 12358 11642 12548
f 11283 11063 11373
f 11835 12717 12216
f 12666 12327 12328
f 12323 12667 12322
f 12668 12327 12658
f 12885 12671 12676
f 12600 9644 9645
f 12673 10443 12672
f 11836 12674 12656
f 12640 12639 12648
f 12315 12396 11990
f 11632 11230 11642
f 12238 12114 12548
f 11403 11405 12154
f 12398 12600 12665
f 12678 12679 12353
f 12238 12398 12665
f 12624 11990 12682
f 11246 11748 12133
f 11246 11692 12437
f 12133 11766 11296
f 12159 10899 12827
f 11977 12380 10564
f 12437 12380 11977
f 12693 12502 12350
f 12693 12472 12502
f 12434 12436 12685
f 12686 12096 12410
f 11360 12418 12487
f 11692 12380 12437
f 9123 12470 12513
f 12433 12253 12170
f 11923 11421 12687
f 12382 12496 12827
f 11012 12609 12365
f 12753 12688 12689
f 12690 12691 12692
f 11246 11978 11748
f 12437 11977 11978
f 11968 11246 12133
f 11978 11747 11748
f 10866 10865 12459
f 12669 8557 12316
f 11403 12694 11404
f 11762 12163 11460
f 12467 11770 11769
f 12504 11770 12467
f 11923 11564 11687
f 12579 12567 12568
f 12392 12409 11564
f 12431 12695 11318
f 12171 12162 12163
f 11993 12905 11994
f 11009 12484 11769
f 12502 12697 12351
f 12578 11470 12698
f 12657 12215 10063
f 12393 12588 12456
f 12161 12477 11010
f 12477 12161 12504
f 12137 11991 12138
f 12403 12525 12701
f 11413 12507 12516
f 12502 12351 12350
f 12253 12694 12254
f 12504 11470 11469
f 10844 10868 12132
f 12702 12362 12469
f 12262 12467 11769
f 11737 11739 12512
f 12096 12433 12703
f 12704 12469 12827
f 11389 11762 11460
f 11398 11394 11396
f 12488 12699 12181
f 11010 12477 12479
f 11992 12578 12698
f 12351 12705 12352
f 12351 12697 12705
f 12707 12516 12509
f 12708 11737 12512
f 12507 11427 12516
f 11738 11737 10890
f 11458 11063 11361
f 12709 12706 12708
f 10875 12710 12711
f 10877 12710 10875
f 11687 12694 11403
f 11962 12479 12478
f 12510 12709 12509
f 12138 12698 12699
f 11983 12706 12713
f 12504 12189 12478
f 11738 12707 11739
f 11469 11468 11961
f 12488 12181 12180
f 12479 12484 11010
f 11737 12708 10890
f 12161 11770 12504
f 11738 11413 12707
f 12501 12697 12502
f 12593 12196 12195
f 12507 11413 10890
f 12509 10899 12510
f 11961 11468 12693
f 11469 11961 12189
f 12715 11398 12716
f 10063 12717 10064
f 12717 10063 12215
f 11596 11412 11458
f 12316 8729 11983
f 11413 12516 12707
f 11395 12316 12503
f 11739 12707 12509
f 12264 12554 12656
f 12559 12577 12538
f 12577 12530 12538
f 12559 11361 12324
f 12166 11837 12718
f 12377 10065 12346
f 10065 12377 10063
f 12532 12719 11639
f 10866 12458 12611
f 11596 10866 12611
f 12720 12719 12532
f 12720 12568 12533
f 10652 12720 12533
f 12324 11285 12721
f 11412 12559 10581
f 11458 10652 11063
f 10065 12041 12594
f 12173 12522 12325
f 12579 12568 11868
f 11458 11412 11505
f 12530 12249 12538
f 12717 12166 12722
f 12166 12717 11835
f 12345 12192 12517
f 12457 12039 12377
f 11727 11189 11728
f 11361 11063 12324
f 11073 12723 12724
f 12723 12725 12724
f 12723 11073 12725
f 12482 12200 12483
f 10581 12559 12700
f 12726 12520 11339
f 12520 12726 12531
f 10581 12700 12580
f 12064 12179 12518
f 12727 12728 12289
f 12728 12727 12729
f 12592 12563 12565
f 12730 12233 12731
f 10567 11373 12259
f 12379 11373 9355
f 11598 12139 12473
f 12458 12459 11361
f 10581 12580 12310
f 12611 12458 11361
f 12456 12043 12733
f 12590 12571 10443
f 12722 12166 12573
f 12718 12264 12573
f 12008 12734 12106
f 12559 12611 11361
f 12609 11012 12735
f 12736 12553 12737
f 12734 12673 12584
f 11896 12617 11376
f 12559 12738 12481
f 12738 12672 12481
f 12438 12457 10652
f 12440 12457 12438
f 12739 12464 12740
f 12556 12517 12077
f 12076 12556 12077
f 12580 12700 12029
f 12287 12741 11996
f 12354 12742 12743
f 12064 11998 12387
f 11998 12385 12387
f 12580 12739 12740
f 11650 10884 10886
f 12522 12187 12186
f 12808 12744 12526
f 12710 12745 12711
f 12324 12042 12044
f 12283 11415 12032
f 12808 12310 12580
f 12029 12700 12064
f 11346 12897 12408
f 12141 11750 12746
f 12536 12747 12748
f 12040 12722 12595
f 11750 11749 12746
f 12658 12666 11947
f 12749 12574 12493
f 12550 12310 12447
f 12750 12255 12751
f 12672 12482 12481
f 12346 10065 12594
f 12391 12355 12447
f 12051 12406 12650
f 12700 12730 12731
f 12518 12754 11062
f 12614 12755 12756
f 12757 10933 12744
f 12758 12225 11886
f 12226 12225 12758
f 11863 9760 12550
f 12310 12550 9760
f 12759 12292 12760
f 12292 12291 12760
f 12535 12435 12434
f 12761 12561 12762
f 12764 12499 12765
f 12766 12767 12267
f 12425 12427 12647
f 11205 12283 12768
f 11204 12283 11205
f 10064 12717 12040
f 12406 12405 12562
f 12032 12768 12283
f 12582 12495 12475
f 12769 12550 12770
f 12771 12545 12546
f 12753 9760 11863
f 12722 12573 12595
f 12550 12772 12294
f 12772 12297 12294
f 12561 12405 12562
f 12405 12762 12562
f 12762 12561 12562
f 12762 12405 12561
f 11163 11013 12773
f 12405 12763 12562
f 12763 12647 12562
f 12775 11817 12690
f 11518 12039 11519
f 12456 12588 12598
f 12568 12720 11868
f 12166 12718 12573
f 11699 12529 11534
f 12593 12590 12196
f 12720 10652 11189
f 11714 11063 10652
f 12532 12039 11868
f 12719 12720 11189
f 11519 11728 11517
f 11728 11519 11640
f 12717 12215 12216
f 12579 12440 12439
f 12570 12529 11836
f 12457 11714 10652
f 12457 12440 11868
f 12440 12579 11868
f 12554 11836 12656
f 11863 12500 12776
f 12039 12457 11868
f 11458 11189 10652
f 12377 12657 10063
f 12720 12532 11868
f 12223 12657 12377
f 12324 12599 12586
f 12457 12377 11714
f 12617 11896 12369
f 12559 11412 11596
f 12379 12617 11373
f 12522 12186 12325
f 12559 12009 12106
f 12717 12722 12040
f 12858 12535 12434
f 12763 12051 12425
f 12753 12270 11817
f 12447 12631 12778
f 12614 12213 12755
f 9760 12753 12752
f 12753 11817 12752
f 11012 12737 12553
f 12311 12561 12427
f 12561 12311 12762
f 12291 12499 12760
f 11819 10771 11817
f 12761 12762 12311
f 12051 12763 12405
f 12051 12426 12425
f 12650 12406 12761
f 12406 12561 12761
f 12284 12761 12311
f 12035 12761 12284
f 12763 12425 12647
f 12752 12426 12051
f 12780 12779 12781
f 12650 12761 12035
f 12650 12035 12051
f 12575 12576 12775
f 11817 12775 12652
f 12775 12576 12652
f 12629 12628 12550
f 12284 12311 12427
f 12566 12782 11863
f 12858 12633 12632
f 12013 12015 12094
f 12619 12286 12726
f 12649 12781 12779
f 12649 12783 12781
f 12785 12635 12273
f 12786 12450 12460
f 11534 12216 12215
f 12787 11863 12782
f 12674 11836 11625
f 11837 12554 12718
f 12554 12264 12718
f 12570 11835 12216
f 10065 10064 12041
f 12667 12661 12423
f 11639 11727 11640
f 9356 12019 12788
f 11063 12305 12724
f 12377 12346 12884
f 12201 12304 12305
f 7943 11745 7941
f 12595 11625 12346
f 12324 12721 12599
f 12196 12590 12319
f 12719 11189 11727
f 12719 11727 11639
f 12590 12598 12618
f 12598 12590 12456
f 12549 7942 12565
f 10876 12629 10877
f 12725 12549 12564
f 10443 11373 12617
f 12571 11373 10443
f 11283 12250 12252
f 12319 12318 11285
f 12618 12598 12599
f 11063 11714 12557
f 11745 9024 7941
f 12549 11714 12596
f 12721 12618 12599
f 12174 12173 12325
f 12252 12593 12195
f 11744 11743 11758
f 12379 10646 12617
f 11714 12201 12557
f 9024 12018 12020
f 12018 9024 11745
f 9356 9355 11373
f 12324 12044 12174
f 12394 12733 12282
f 11773 12789 11771
f 12251 12571 12593
f 12571 12590 12593
f 12795 12177 12574
f 11285 12318 12721
f 12539 12007 12009
f 12590 10443 12456
f 12168 12574 12749
f 7943 7942 12601
f 12318 12618 12721
f 12660 12323 12322
f 12456 12173 12172
f 10443 12173 12456
f 12043 12172 12044
f 12733 12043 12042
f 12730 12790 12233
f 12790 12795 12233
f 12259 12251 12250
f 12725 12564 12724
f 12556 12076 12582
f 12324 12186 12559
f 12044 12172 12174
f 11283 12195 11284
f 12705 12034 12352
f 12282 12733 12042
f 12482 12672 10443
f 12456 12733 12394
f 12187 12508 12188
f 12588 12393 12485
f 12008 10443 12734
f 12559 12188 12577
f 12188 12508 12577
f 12009 12008 12106
f 12452 12404 12403
f 10443 12187 12522
f 10443 12249 12530
f 10443 12673 12734
f 12486 11941 12795
f 12559 12539 12009
f 11732 12475 12791
f 10443 12200 12482
f 12106 12734 12584
f 12484 12693 12159
f 12247 12342 11415
f 12701 12559 12453
f 12064 10886 12326
f 12475 12495 12494
f 12229 12597 12230
f 12486 12790 12038
f 12795 12790 12486
f 12483 12200 12793
f 12495 12581 12471
f 12249 12007 12539
f 12790 12730 12038
f 12738 12673 12672
f 12525 12597 12229
f 12192 12597 12525
f 12673 12738 12584
f 12738 12559 12584
f 12200 11731 12793
f 12730 12700 12038
f 12559 12793 11733
f 12793 11731 11733
f 12556 12345 12517
f 12582 12345 12556
f 12403 12701 12453
f 11941 12486 11940
f 12177 12795 12178
f 12597 12199 12230
f 12597 12192 12199
f 12581 12451 12471
f 12559 11733 12791
f 11733 11732 12791
f 12794 11061 11062
f 12559 12701 12700
f 12582 10443 12345
f 12663 12337 12066
f 12064 12493 12179
f 12796 12797 12840
f 12559 12791 12494
f 12791 12475 12494
f 12559 12483 12793
f 12361 11948 12670
f 12700 12731 12798
f 12740 12397 12799
f 12792 12385 12585
f 12452 12403 12453
f 12701 12525 12229
f 12451 12581 12452
f 12452 12076 12078
f 12076 12452 12581
f 12404 12452 12078
f 12077 12404 12078
f 12517 12404 12077
f 12230 12199 11915
f 12519 12784 12621
f 12800 12758 11886
f 12798 12168 12749
f 10890 12706 11983
f 12700 12230 11915
f 12328 12222 11947
f 12179 12178 12518
f 12178 12754 12518
f 12795 12754 12178
f 12386 11903 11942
f 11903 12386 12792
f 12731 12167 12798
f 12585 12385 11998
f 12064 12700 12493
f 12233 12167 12731
f 12233 12795 12167
f 12493 12177 12179
f 12192 12345 12795
f 12578 11468 11470
f 12700 12701 12229
f 12313 10884 11650
f 12741 11415 11996
f 12700 12798 12749
f 12700 12749 12493
f 12574 12177 12493
f 12029 12524 12240
f 12255 10885 12751
f 12792 12795 12345
f 12167 12168 12798
f 12580 12740 12799
f 12080 12064 11751
f 12795 12792 12754
f 12064 11942 11943
f 12741 12287 12288
f 11415 12741 12288
f 12754 12794 11062
f 12794 12754 12792
f 11415 11830 12263
f 12343 12342 12746
f 12342 12141 12746
f 11160 11159 12589
f 11203 11205 12523
f 12029 12308 12739
f 12080 12143 12800
f 11903 12792 12288
f 12792 11415 12288
f 12232 12064 12326
f 12190 12029 12240
f 12191 12190 12240
f 11061 12794 12585
f 12794 12792 12585
f 12142 12226 12758
f 10884 12313 12288
f 12287 11996 12751
f 10885 12287 12751
f 12029 12801 12308
f 12801 12306 12308
f 12064 12387 11942
f 12387 12386 11942
f 11061 12585 11998
f 11943 12313 11650
f 12768 12191 12239
f 11996 12244 12751
f 12244 12750 12751
f 12802 12031 12803
f 12032 12031 12802
f 12222 12090 11947
f 10884 12287 10885
f 12029 12800 11886
f 12244 11415 12343
f 12750 12244 12343
f 12768 12032 12802
f 12263 12226 12142
f 12247 12263 12142
f 12524 12239 12240
f 11887 12523 12524
f 12397 12514 12799
f 12397 12289 12514
f 11750 12141 12143
f 12080 11750 12143
f 12029 11887 12524
f 12463 12093 12321
f 12141 12342 12247
f 12255 12750 11749
f 11749 12750 12746
f 12750 12343 12746
f 12225 12523 11887
f 12225 11203 12523
f 12029 12064 12080
f 12231 12803 12031
f 11750 12080 11751
f 12143 12758 12800
f 12143 12142 12758
f 11415 11204 11830
f 12285 12531 12286
f 12191 12802 11333
f 12307 12464 12739
f 12307 12463 12464
f 12768 12239 11205
f 12742 11158 12743
f 12289 11158 12742
f 11333 12802 12803
f 12029 12080 12800
f 12768 12802 12191
f 12583 12463 12321
f 12032 11415 12321
f 12312 12309 12306
f 12803 12231 12312
f 12029 11335 12801
f 11335 11334 12801
f 12372 12371 12497
f 11334 12306 12801
f 12261 11438 11440
f 12308 12307 12739
f 12580 12029 12739
f 12580 12799 12515
f 11158 11160 12743
f 12555 12580 12515
f 12808 12587 12491
f 11464 12371 11465
f 12537 12808 12804
f 12309 12463 12307
f 12580 12354 12743
f 12464 12397 12740
f 12289 12397 12464
f 12309 12093 12463
f 12231 12031 12321
f 12799 12514 12515
f 12190 11333 11335
f 12029 12190 11335
f 12496 12362 12702
f 12803 11334 11333
f 12580 12589 12805
f 12803 12312 11334
f 12321 12312 12231
f 12808 12491 12804
f 12710 12268 12745
f 12769 12268 12710
f 12589 12806 12805
f 12729 12727 12354
f 12806 12261 12805
f 12583 12261 12806
f 12265 12289 12728
f 12555 12265 12728
f 12807 12268 12769
f 12807 12120 12268
f 12580 12805 11440
f 12805 12261 11440
f 12808 12580 12203
f 11160 12580 12743
f 12727 12289 12742
f 12354 12727 12742
f 11159 12806 12589
f 12583 12806 11159
f 12676 12809 12893
f 12583 11158 12289
f 12729 12555 12728
f 12580 12729 12354
f 10933 10934 12526
f 12205 12583 12757
f 12580 12555 12729
f 12526 10934 12587
f 11438 12583 12810
f 12583 12205 12810
f 12808 12811 12812
f 12587 12489 12491
f 12603 12537 12804
f 11439 11438 12810
f 12810 12205 12203
f 12610 12609 12732
f 12491 12490 12804
f 12433 11404 12253
f 12627 12120 12813
f 12808 12204 12744
f 12204 12757 12744
f 12205 12757 12204
f 12808 12526 12587
f 12140 12583 12366
f 12489 10934 12583
f 12744 10933 12526
f 12808 12610 12732
f 12814 12813 12815
f 12814 12627 12813
f 10933 12757 12583
f 12773 12736 12310
f 12580 11439 12203
f 11439 12810 12203
f 12254 11564 12511
f 12608 12537 12603
f 12603 12583 12608
f 12490 12603 12804
f 12583 12139 12591
f 12811 12366 12812
f 12366 12811 12140
f 11773 12660 12789
f 12814 12815 12550
f 12817 11162 11163
f 12608 12591 11599
f 11012 12583 12086
f 12366 12583 11012
f 11642 12675 9645
f 12473 12811 12808
f 12808 12812 12610
f 12537 12608 11599
f 12366 12365 12812
f 11598 12473 12808
f 12228 12155 12154
f 12140 12811 12473
f 12812 12365 12610
f 12808 11163 12310
f 12619 12558 12286
f 11163 12773 12310
f 12609 12735 12732
f 12735 11162 12817
f 12591 12139 11598
f 12820 12821 12310
f 12735 11012 11162
f 12376 12686 12410
f 12735 12817 12732
f 12817 12808 12732
f 12737 11012 12198
f 12383 12822 12625
f 12154 11405 12228
f 12821 12819 12310
f 12197 12607 12368
f 12736 12820 12310
f 12553 12736 12773
f 11013 12553 12773
f 12818 12823 11411
f 12824 12607 12605
f 11012 12136 12607
f 12821 12198 12197
f 11012 12607 12197
f 12086 12136 11012
f 12607 12825 12606
f 12821 12820 12198
f 12817 11163 12808
f 12826 11411 12823
f 12569 12807 12770
f 12807 12569 12120
f 12367 12828 12829
f 12828 12310 12829
f 12820 12736 12737
f 12820 12737 12198
f 12605 12391 12390
f 12824 12605 12390
f 12606 12605 12607
f 12819 12821 12197
f 12368 12367 12829
f 12310 12819 12829
f 12819 12368 12829
f 12819 12197 12368
f 12310 12828 12390
f 12607 11411 12825
f 12356 12830 12447
f 12290 12292 12447
f 12367 12607 12824
f 12828 12367 12824
f 12468 12227 12433
f 12830 12356 12832
f 12825 11411 12832
f 11882 11411 12136
f 12828 12824 12390
f 12833 12447 12331
f 12826 12832 11411
f 12607 12136 11411
f 12330 12823 12331
f 12498 12765 12499
f 12759 12476 12447
f 12759 12764 12476
f 12764 12759 12760
f 12391 12606 12355
f 12356 12825 12832
f 12606 12825 12355
f 12825 12356 12355
f 12310 12391 12447
f 12834 12276 12643
f 12830 12826 12330
f 12826 12830 12832
f 12830 12330 12447
f 12818 12833 12331
f 12823 12818 12331
f 10876 10615 12628
f 12498 12499 12384
f 12330 12826 12823
f 11687 12376 12410
f 12760 12499 12764
f 12818 11411 12293
f 12835 12836 12837
f 12838 12499 12202
f 12499 12291 11411
f 12291 12293 11411
f 12447 12833 12290
f 12296 12295 12210
f 12631 12498 12778
f 12631 12765 12498
f 12476 12765 12631
f 12476 12764 12765
f 12550 12628 10614
f 12628 10615 10614
f 12384 12499 12838
f 12120 12745 12268
f 12292 12759 12447
f 12551 12822 12552
f 12290 12833 12293
f 12833 12818 12293
f 12612 10615 10876
f 12550 12815 12770
f 12202 12447 12838
f 12550 12333 12335
f 12202 12499 11882
f 12684 12468 12096
f 12447 12778 12838
f 12778 12384 12838
f 12778 12498 12384
f 11882 12120 12202
f 12841 12448 12383
f 12550 12447 12202
f 12625 12841 12383
f 12550 12767 12839
f 12767 12766 12839
f 12592 7942 11063
f 12305 11073 12724
f 12807 12769 12770
f 12813 12569 12815
f 12569 12813 12120
f 12786 12726 11339
f 12550 12769 12629
f 12769 10877 12629
f 12769 12710 10877
f 12711 12745 12843
f 12267 11506 12766
f 10614 12266 12550
f 12767 12550 12266
f 12627 12814 12335
f 12814 12550 12335
f 12566 12209 12782
f 12815 12569 12770
f 12210 12295 12560
f 11339 12450 12786
f 12550 12839 12772
f 12839 12630 12772
f 12266 10614 10613
f 12442 12844 12441
f 12209 12566 12210
f 12789 12322 12361
f 12845 12688 12753
f 12786 12460 12619
f 12630 12297 12772
f 12655 12622 12235
f 12622 12301 12235
f 12663 12450 11339
f 12822 12560 12120
f 12560 12822 12442
f 12841 11863 12448
f 12766 12630 12839
f 11863 12841 12846
f 12383 12448 12329
f 12645 12847 12543
f 11863 12848 12500
f 12449 12844 12442
f 12844 12449 11863
f 12645 12849 11863
f 12500 12552 12776
f 11863 12846 12848
f 12642 12441 12787
f 12756 12856 12614
f 12753 12689 12755
f 11330 12242 12655
f 12626 12822 12551
f 12771 11863 12776
f 12441 12844 12787
f 12848 12551 12500
f 12753 11863 12845
f 12644 11863 12771
f 11339 12651 11680
f 12619 12726 12786
f 12213 12753 12755
f 12850 12845 12258
f 12257 12856 12258
f 12776 12545 12771
f 12850 12856 12851
f 12285 12558 12066
f 12285 12286 12558
f 12496 12852 12853
f 12646 12270 12753
f 12272 12648 12639
f 12845 12256 12258
f 12854 12855 12527
f 12638 12536 12748
f 12546 12847 12644
f 12847 12645 12644
f 12640 11353 12068
f 12455 12834 11863
f 12643 11863 12834
f 12277 12276 12834
f 12258 12856 12850
f 12528 11970 12641
f 11947 12666 12328
f 12277 12834 12455
f 12547 12753 12638
f 12541 12753 12430
f 12527 12641 12854
f 12858 12685 12633
f 11078 12857 12777
f 12641 12527 12528
f 12688 12845 12850
f 12689 12756 12755
f 12756 12689 12851
f 12851 12689 12688
f 12859 12428 12430
f 12856 12756 12851
f 12851 12688 12850
f 12858 12637 12748
f 12211 12856 12454
f 12536 12638 12753
f 12540 12542 12747
f 12858 12748 12747
f 12604 12242 11330
f 12858 12434 12685
f 12856 12429 12428
f 12858 12632 12637
f 12638 12748 12637
f 12428 12859 12454
f 12753 12212 12859
f 12542 12856 12858
f 12856 12542 12429
f 12753 12859 12430
f 12435 12270 12436
f 12858 12747 12542
f 12242 11339 12655
f 12435 12534 12270
f 12860 11971 11970
f 12540 12753 12541
f 12269 12861 12862
f 12863 12864 12865
f 12866 12863 12865
f 11339 11680 12663
f 12535 12534 12435
f 12753 12547 12634
f 12547 12632 12634
f 12785 12275 11817
f 12753 12634 12646
f 12634 12633 12646
f 12858 11971 12535
f 11969 11971 12858
f 12867 12857 12868
f 11969 11079 12854
f 11969 12854 12641
f 11969 12857 11078
f 11987 11447 11449
f 11447 11986 11449
f 11447 11987 11986
f 12752 12869 12870
f 12869 12871 12870
f 12692 12615 12575
f 12301 12621 12784
f 12690 12692 12575
f 12327 12668 12222
f 12528 12270 12860
f 12858 12856 12615
f 12855 12270 12527
f 11969 12858 12615
f 12861 12269 12271
f 12867 12270 12777
f 12862 12615 12872
f 12873 12862 12872
f 12691 11817 12275
f 12298 12774 12651
f 12615 12636 12872
f 12867 12271 12270
f 12690 11817 12691
f 12275 12785 12273
f 12615 12861 12868
f 11969 12868 12857
f 12615 12868 11969
f 12872 12636 12874
f 11078 12875 11079
f 10266 12544 12651
f 12576 12654 12652
f 12615 12862 12861
f 11817 12873 12874
f 12270 12873 11817
f 12338 12871 12615
f 12273 12615 12274
f 12274 12691 12275
f 12872 12874 12873
f 12775 12690 12575
f 12635 12615 12273
f 12877 12876 10772
f 11817 12874 12878
f 12874 12636 12878
f 12636 12635 12878
f 11817 12878 12785
f 12878 12635 12785
f 12615 12879 12877
f 12880 12615 11820
f 12332 12651 11339
f 12615 12654 12576
f 12752 12881 12882
f 12881 12339 12882
f 12881 12338 12339
f 10772 10771 12883
f 12880 12654 12615
f 12869 12752 11817
f 12615 12692 12274
f 12519 12662 12784
f 12662 12066 12784
f 12691 12274 12692
f 12654 12880 12653
f 12876 11817 10772
f 12544 12004 12298
f 12752 12870 12881
f 12870 12338 12881
f 10771 11884 12883
f 10772 12883 12877
f 11817 12653 11818
f 12653 12880 11818
f 12880 11820 11818
f 12781 12783 11685
f 12752 12882 12865
f 12882 12866 12865
f 11680 11685 12615
f 12615 12877 12883
f 12869 12876 12879
f 12876 12877 12879
f 10771 11819 11884
f 12871 12879 12615
f 12879 12871 12869
f 12615 12883 11884
f 12774 11680 12651
f 12780 12781 11685
f 12339 12615 12866
f 12864 12402 12399
f 12402 12864 12863
f 12866 12615 12863
f 12339 12866 12882
f 12871 12338 12870
f 12655 12068 12067
f 12863 11685 12402
f 12426 12752 12399
f 12780 12426 12779
f 12004 11115 11114
f 12779 12426 12649
f 12332 12444 12094
f 12400 12402 11685
f 12426 12780 12284
f 12284 11680 12774
f 12663 11680 12337
f 12004 11114 12284
f 12332 11339 12242
f 12444 12013 12094
f 12752 12864 12399
f 12401 12783 12649
f 12401 12400 12783
f 12427 12426 12284
f 12655 12520 12622
f 12520 12519 12622
f 12067 11330 12655
f 12118 12332 11106
f 12242 11106 12332
f 12377 12090 11636
f 11836 12529 11625
f 7942 7941 11063
f 12595 12573 11625
f 12884 12316 11636
f 12681 11771 12361
f 11263 12670 11948
f 12346 11625 12884
f 12377 11636 11714
f 11073 12549 12725
f 12236 12066 12395
f 12377 12884 12090
f 12884 11636 12668
f 11074 12304 11714
f 12379 9355 11759
f 12563 11063 12724
f 12564 12563 12724
f 12201 12305 12724
f 12305 12723 12724
f 12723 12201 12724
f 12723 12305 12201
f 12564 12549 12565
f 7942 12592 12602
f 12592 12565 12602
f 12565 7942 12602
f 11743 12601 11758
f 12601 11743 7943
f 12601 12596 11758
f 12596 11714 11758
f 11063 12557 12305
f 12557 12201 12305
f 11744 11758 12788
f 12019 11744 12788
f 11758 9357 12788
f 9357 9356 12788
f 12630 11506 12297
f 12767 12266 12267
f 11506 12267 10613
f 10875 12711 12843
f 12612 10875 12843
f 10876 10875 12612
f 12745 11506 12612
f 12843 12745 12612
f 12766 11506 12630
f 11506 12560 12297
f 12566 11863 12550
f 11506 12120 12560
f 12642 12787 12782
f 12642 12782 12209
f 12787 12844 11863
f 12560 12441 12642
f 12329 12449 12442
f 12846 12841 12625
f 12846 12626 12848
f 12771 12546 12644
f 12846 12625 12626
f 12276 12257 12643
f 12848 12626 12551
f 12546 12856 12847
f 12552 12545 12776
f 12847 12856 12543
f 12276 12856 12257
f 12645 12543 12849
f 12856 12822 12120
f 12822 12856 12546
f 12455 11863 12849
f 12849 11883 12455
f 12849 12543 11883
f 12845 11863 12256
f 12856 12277 11883
f 11863 12643 12256
f 12454 12859 12212
f 12212 12753 12213
f 12211 12213 12614
f 12632 12547 12637
f 12536 12753 12540
f 12536 12540 12747
f 12436 12646 12685
f 11970 12528 12860
f 12685 12646 12633
f 12534 12860 12270
f 11971 12860 12534
f 12875 12777 12270
f 12868 12271 12867
f 11079 12875 12855
f 12873 12270 12269
f 12875 11078 12777
f 12855 12854 11079
f 12855 12875 12270
f 12867 12777 12857
f 12271 12868 12861
f 12862 12873 12269
f 11819 11820 11884
f 12876 12869 11817
f 12863 12615 11685
f 12783 12400 11685
f 12752 12865 12864
f 11680 12780 11685
f 12284 12780 11680
f 12640 12069 11353
f 12884 12668 12658
f 12361 12667 12423
f 11771 12789 12361
f 12235 12395 12655
f 12884 12681 12316
f 12323 12660 11772
f 12323 12422 12661
f 12662 12519 12521
f 12658 11947 12884
f 11947 12090 12884
f 12327 12666 12658
f 12884 11625 12681
f 12531 12662 12521
f 12622 12621 12301
f 12655 12395 12363
f 12301 12784 12236
f 12784 12066 12236
f 12558 12663 12066
f 12558 12460 12663
f 12675 12620 9645
f 12095 12675 11642
f 12726 12286 12531
f 12889 12885 12676
f 12648 12272 12363
f 12363 12272 12655
f 11353 12069 12616
f 12363 12616 12648
f 12069 12648 12616
f 12660 12322 12789
f 11625 12529 12681
f 12681 11772 11771
f 11772 12681 12529
f 12122 10989 12361
f 12667 12323 12661
f 12670 11263 12320
f 12322 12667 12361
f 11267 12886 12842
f 11267 11266 12886
f 12661 12424 12423
f 12670 12664 12816
f 12887 12664 12670
f 12886 12664 12887
f 12809 12888 12893
f 11339 12520 12655
f 12361 12670 12681
f 12620 12095 12665
f 11267 12842 12816
f 12678 12887 12679
f 12664 11266 12816
f 12842 12678 12353
f 12842 12886 12678
f 12670 12816 12613
f 10989 11948 12361
f 12681 12670 12613
f 12887 12670 12320
f 12886 11266 12664
f 12337 12363 12395
f 12679 12320 12889
f 11230 12095 11642
f 12613 12842 12353
f 12835 12419 12462
f 12419 12420 12462
f 12678 12886 12887
f 12679 12887 12320
f 12816 12842 12613
f 12890 12885 12889
f 12676 12671 12809
f 11990 12796 12682
f 12676 12893 12889
f 12681 12353 12316
f 12353 12681 12613
f 12095 12620 12675
f 12888 12677 12893
f 12897 12363 12337
f 12889 12353 12679
f 12623 12671 12888
f 12809 12623 12888
f 12809 12671 12623
f 12840 12893 12891
f 12891 12796 12840
f 12796 12891 12682
f 12095 11230 12897
f 11230 12363 12897
f 12671 12885 12892
f 12885 12890 12892
f 12665 12095 12897
f 12396 12316 12353
f 11990 12890 12359
f 12671 12892 12888
f 12623 12892 11990
f 12890 11990 12892
f 12893 12677 12891
f 12892 12623 12888
f 11990 12396 12797
f 12396 12889 12893
f 12888 12624 12677
f 12888 12623 12624
f 12796 11990 12797
f 12677 12682 12891
f 12677 12624 12682
f 12893 12840 12396
f 12889 12396 12353
f 12797 12396 12840
f 12836 12898 12894
f 12316 12396 12315
f 12659 12895 12837
f 12895 12835 12837
f 11746 12896 11765
f 11346 12905 10564
f 12897 12659 12831
f 12906 11346 12408
f 12680 12897 12337
f 12421 12895 11327
f 12895 12659 11327
f 12835 12898 12836
f 12420 12421 12407
f 12898 12835 12462
f 12462 12420 12408
f 12419 12835 12895
f 11327 12906 12407
f 12899 12900 12901
f 11291 12900 12899
f 12894 12897 12831
f 12421 12419 12895
f 12831 12659 12837
f 12894 12408 12897
f 12421 11327 12407
f 12408 12420 12407
f 12894 12898 12408
f 12836 12831 12837
f 12836 12894 12831
f 12227 12245 12228
f 12254 11687 11564
f 12897 12680 12696
f 11765 12896 11766
f 12659 12696 11327
f 12897 12696 12659
f 12896 11746 10564
f 12133 11995 11289
f 12903 12896 10564
f 11766 12896 12903
f 11766 12903 11296
f 12906 12373 12905
f 11327 12373 12906
f 11290 11994 12905
f 12901 12905 12904
f 11346 12906 12905
f 11994 11290 11289
f 12699 12504 12181
f 12699 12698 12504
f 12468 12246 12227
f 12246 12245 12227
f 12246 12468 12684
f 12376 12176 12686
f 12484 12712 12433
f 12468 12433 12096
f 12853 12852 12907
f 12852 12704 12907
f 12162 11564 11981
f 11421 7328 9123
f 11923 10868 11564
f 12151 12487 12680
f 9916 12487 11923
f 12680 12487 9916
f 12702 12469 12704
f 11687 12096 12703
f 12445 12683 12373
f 12680 12133 12696
f 10564 12905 12903
f 11923 11687 12703
f 12901 12900 12905
f 12683 12904 12905
f 12900 11290 12905
f 11995 11994 11289
f 12905 12373 12683
f 12903 12905 12413
f 12899 12901 12389
f 12900 11291 11290
f 12899 12389 12133
f 12389 12901 12908
f 11075 11993 11995
f 12903 12413 11296
f 12696 12445 12373
f 12389 12696 12133
f 12133 11291 12899
f 12133 11289 11291
f 12696 12373 11327
f 11075 12413 11993
f 12904 12683 12445
f 12901 12904 12908
f 12696 12389 12908
f 12904 12445 12908
f 12445 12696 12908
f 11993 12413 12905
f 12693 11991 12472
f 12907 12704 11318
f 12376 11687 12375
f 11464 12497 12371
f 12362 12382 12469
f 12376 12684 12176
f 12852 12702 12704
f 12686 12176 12096
f 12496 12702 12852
f 12253 11404 12694
f 12433 12431 11318
f 12699 12034 12705
f 12694 11687 12254
f 12159 11464 11465
f 12159 11465 12712
f 12712 12484 12159
f 12704 12827 11318
f 11923 12687 11450
f 12687 11448 11450
f 11465 12433 12712
f 11449 11986 11399
f 11762 12433 12170
f 12170 12254 12511
f 12909 12910 12911
f 12910 12912 12911
f 12912 12909 12911
f 12912 12910 12909
f 12487 10868 11923
f 10868 12487 12418
f 12511 11564 12162
f 11450 12913 11449
f 12501 12699 12697
f 12501 12137 12699
f 12431 12433 11465
f 12695 12907 11318
f 12695 12914 12907
f 12033 12488 12180
f 12171 12170 12511
f 12496 11464 12159
f 12915 12853 12914
f 11762 12171 12163
f 12496 12159 12827
f 12703 12433 12513
f 12914 12853 12907
f 11318 12827 10899
f 12431 12914 12695
f 12431 12372 12914
f 12372 12915 12914
f 12915 12372 12497
f 12697 12699 12705
f 12915 12496 12853
f 12915 12497 12496
f 11421 11923 7328
f 12703 12911 12902
f 11421 11448 12687
f 11992 12693 12578
f 11421 12913 11448
f 11923 11399 9916
f 12703 12902 7328
f 12913 11987 11449
f 10396 11987 12913
f 9123 10396 11421
f 11448 12913 11450
f 11421 10396 12913
f 11923 11450 11449
f 11986 9916 11399
f 9916 9570 12133
f 12910 12505 12912
f 12133 12680 9916
f 10899 12159 12693
f 11992 12698 12138
f 12504 11469 12189
f 12350 10899 12693
f 12698 11470 12504
f 12916 12505 12470
f 11962 12484 12479
f 12505 12916 12911
f 11318 9123 12513
f 7328 12916 12470
f 12911 12917 12902
f 12433 11318 12513
f 12909 12917 12911
f 12916 12909 12911
f 12916 12917 12909
f 12513 12470 12505
f 12917 7328 12902
f 12703 12912 12911
f 12912 12505 12911
f 12703 12169 12912
f 12513 12910 12169
f 12169 12910 12912
f 7328 12917 12916
f 12513 12505 12910
f 7328 11923 12703
f 12002 12918 12919
f 12709 12713 12706
f 12714 12001 12000
f 12000 12002 12919
f 12918 12002 12001
f 12708 12706 10890
f 12181 12504 10899
f 12503 12714 12920
f 11398 11396 12503
f 12919 12918 12184
f 12920 12183 12503
f 12503 12316 12714
f 12714 12000 12920
f 12919 12183 12000
f 12919 12184 12183
f 12920 12000 12183
f 12503 12716 11398
f 12001 12715 12921
f 12715 12001 11395
f 12503 12184 12922
f 12918 12001 12921
f 12715 11395 11394
f 11395 12001 12504
f 12709 12708 12512
f 12922 12716 12503
f 12922 12921 12716
f 12921 12715 12716
f 12714 12316 11983
f 12184 12918 12922
f 12001 12714 11983
f 12922 12918 12921
f 11398 12715 11394
f 11983 12504 12001
f 12510 11983 12713
f 12509 12709 12512
f 12510 12713 12709
f 11395 12503 11396
f 11983 12510 12504
f 12504 12510 10899
f 6137 6192 6060
f 4913 6192 6137
f 6843 8765 6922
f 6922 8667 8483
f 8483 8667 8862
f 9792 7984 10581
f 6813 7446 8652
f 7446 6813 8199
f 8696 4791 9201
f 9214 6460 8696

