timestamp,pos1,pos2,pos3,pos4,pos5,aperture,goal_pos1,goal_pos2,goal_pos3,goal_pos4,goal_pos5,goal_aperture,current1,current2,current3,current4,current5,vel1,vel2,vel3,vel4,vel5,temp1,temp2,temp3,temp4,temp5,pwm1,pwm2,pwm3,pwm4,pwm5,volts1,volts2,volts3,volts4,volts5,force_x,force_y,force_z,force_gripper_x,force_gripper_y,force_gripper_z
0.0073890686035156,-0.0107379113300923,0.0536895566504617,0.1549327206199039,1.1198107529953454,-1.2716754989495085,-11.061285383725718,-0.0107379113300923,0.0306797466574067,0.1487967712884225,1.118276765662475,-1.2780623363865533,-11.073132436644439,0.0,-271.69,-61.87,0.0,-115.67,0.0,0.0,0.0,0.0,0.0,27,31,30,30,31,6,-88,-25,-7,-37,12.8,12.8,12.8,12.7,12.7,-999,-999,-999,0.0,0.0,0.0
0.0203588008880615,-0.0107379113300923,0.0521555693175914,0.1549327206199039,1.1198107529953454,-1.2716754989495085,-11.061285383725718,-0.009203923997222,0.0306797466574067,0.1487967712884225,1.118276765662475,-1.2795963237194234,-11.0759371864329,0.0,-271.69,-59.18,0.0,-91.46,0.0,0.0,0.0,0.0,0.0,27,30,30,30,31,0,-88,-25,-7,-25,12.8,12.8,12.8,12.6,12.7,-999,-999,-999,0.0,0.0,0.0
0.037407636642456,-0.0107379113300923,0.0521555693175914,0.1549327206199039,1.1198107529953454,-1.2716754989495085,-11.061285383725718,-0.0107379113300923,0.0306797466574067,0.1487967712884225,1.118276765662475,-1.2780623363865533,-11.073132436644439,0.0,-274.38,-78.01,0.0,-96.84,0.0,0.0,0.0,0.0,0.0,27,30,30,30,31,0,-94,-32,-7,-31,12.8,12.9,12.8,12.7,12.7,-999,-999,-999,0.0,0.0,0.0
0.0553905963897705,-0.0107379113300923,0.0521555693175914,0.1549327206199039,1.1198107529953454,-1.2716754989495085,-11.061285383725718,-0.0107379113300923,0.0306797466574067,0.1487967712884225,1.118276765662475,-1.2795963237194234,-11.0759371864329,0.0,-274.38,-61.87,0.0,-91.46,0.0,0.0,0.0,0.0,0.0,27,30,30,30,31,0,-88,-25,-7,-25,12.8,12.9,12.8,12.7,12.7,-999,-999,-999,0.0,0.0,0.0
0.072399616241455,-0.0107379113300923,0.0536895566504617,0.1549327206199039,1.1198107529953454,-1.270141511616638,-11.058399209902426,-0.0107379113300923,0.0291457593245363,0.1487967712884225,1.118276765662475,-1.2780623363865533,-11.073132436644439,0.0,-266.31,-64.56,0.0,-96.84,0.0,0.0,0.0,0.0,0.0,27,30,30,30,31,0,-88,-25,-7,-31,12.8,12.9,12.8,12.7,12.7,-999,-999,-999,0.0,0.0,0.0
0.08937668800354,-0.0107379113300923,0.0521555693175914,0.1549327206199039,1.1198107529953454,-1.2716754989495085,-11.061285383725718,-0.0107379113300923,0.0306797466574067,0.1487967712884225,1.118276765662475,-1.2795963237194234,-11.0759371864329,0.0,-285.14,-61.87,0.0,-91.46,0.0,0.0,0.0,0.0,0.0,27,30,31,30,30,0,-94,-25,-7,-25,12.8,12.8,12.8,12.7,12.7,-999,-999,-999,0.0,0.0,0.0
0.1064214706420898,-0.0107379113300923,0.0536895566504617,0.1549327206199039,1.1198107529953454,-1.2716754989495085,-11.061285383725718,-0.0107379113300923,0.0306797466574067,0.1487967712884225,1.118276765662475,-1.2780623363865533,-11.073132436644439,0.0,-263.62,-59.18,0.0,-96.84,0.0,0.0,0.0,0.0,0.0,27,30,31,30,31,0,-88,-25,-7,-31,12.8,12.8,12.8,12.7,12.7,-999,-999,-999,0.0,0.0,0.0
0.124316930770874,-0.0107379113300923,0.0521555693175914,0.1549327206199039,1.1198107529953454,-1.2716754989495085,-11.061285383725718,-0.0107379113300923,0.0306797466574067,0.1487967712884225,1.118276765662475,-1.2780623363865533,-11.073132436644439,0.0,-263.62,-64.56,-24.21,-91.46,0.0,0.0,0.0,0.0,0.0,27,30,31,30,31,0,-88,-25,-7,-25,12.8,12.8,12.8,12.7,12.7,-999,-999,-999,0.0,0.0,0.0
0.1414442062377929,-0.0107379113300923,0.0536895566504617,0.1549327206199039,1.1198107529953454,-1.2716754989495085,-11.061285383725718,-0.0107379113300923,0.0306797466574067,0.1487967712884225,1.118276765662475,-1.2795963237194234,-11.0759371864329,0.0,-266.31,-61.87,-16.14,-102.22,0.0,0.0,0.0,0.0,0.0,27,30,31,30,31,0,-88,-25,0,-31,12.8,12.8,12.8,12.7,12.7,-999,-999,-999,0.0,0.0,0.0
0.1584348678588867,-0.0107379113300923,0.0521555693175914,0.1549327206199039,1.1198107529953454,-1.2716754989495085,-11.061285383725718,-0.0107379113300923,0.0306797466574067,0.1487967712884225,1.118276765662475,-1.2780623363865533,-11.073132436644439,0.0,-269.0,-61.87,-8.07,-96.84,0.0,0.0,0.0,0.0,0.0,27,30,31,30,31,0,-88,-25,-7,-31,12.8,12.8,12.8,12.7,12.7,-999,-999,-999,0.0,0.0,0.0
0.1754243373870849,-0.0107379113300923,0.0536895566504617,0.1549327206199039,1.1198107529953454,-1.270141511616638,-11.058399209902426,-0.009203923997222,0.0306797466574067,0.1487967712884225,1.118276765662475,-1.2795963237194234,-11.0759371864329,0.0,-274.38,-67.25,-8.07,-91.46,0.0,0.0,0.0,0.0,0.0,27,30,30,30,31,0,-94,-25,-7,-25,12.8,12.8,12.8,12.7,12.7,-999,-999,-999,0.0,0.0,0.0
0.1923894882202148,-0.0107379113300923,0.0536895566504617,0.1549327206199039,1.1198107529953454,-1.2716754989495085,-11.061285383725718,-0.009203923997222,0.0306797466574067,0.1487967712884225,1.118276765662475,-1.2795963237194234,-11.0759371864329,0.0,-271.69,-67.25,-10.76,-104.91,0.0,0.0,0.0,0.0,0.0,27,30,30,30,31,6,-88,-25,-7,-31,12.8,12.8,12.8,12.6,12.7,-999,-999,-999,0.0,0.0,0.0
0.2094347476959228,-0.0107379113300923,0.0521555693175914,0.1549327206199039,1.1198107529953454,-1.2716754989495085,-11.061285383725718,-0.0107379113300923,0.0306797466574067,0.1487967712884225,1.118276765662475,-1.2780623363865533,-11.073132436644439,0.0,-266.31,-61.87,-10.76,-99.53,0.0,0.0,0.0,0.0,0.0,27,30,30,30,31,0,-88,-25,-7,-31,12.8,12.8,12.8,12.7,12.7,-999,-999,-999,0.0,0.0,0.0
0.2264080047607422,-0.0107379113300923,0.0536895566504617,0.1549327206199039,1.1198107529953454,-1.2716754989495085,-11.061285383725718,-0.0107379113300923,0.0306797466574067,0.1487967712884225,1.118276765662475,-1.2780623363865533,-11.073132436644439,0.0,-263.62,-64.56,-10.76,-91.46,0.0,0.0,0.0,0.0,0.0,27,30,30,30,31,0,-88,-25,-7,-25,12.8,12.9,12.8,12.8,12.7,-999,-999,-999,0.0,0.0,0.0
0.2434265613555908,-0.0107379113300923,0.0536895566504617,0.1549327206199039,1.1198107529953454,-1.2716754989495085,-11.061285383725718,-0.0107379113300923,0.0291457593245363,0.1487967712884225,1.118276765662475,-1.2795963237194234,-11.0759371864329,0.0,-271.69,-61.87,-10.76,-91.46,0.0,0.0,0.0,0.0,0.0,27,30,30,29,31,0,-88,-25,-7,-25,12.8,12.9,12.8,12.7,12.7,-999,-999,-999,0.0,0.0,0.0
0.2603609561920166,-0.0107379113300923,0.0521555693175914,0.1549327206199039,1.1198107529953454,-1.2716754989495085,-11.061285383725718,-0.0107379113300923,0.0291457593245363,0.1487967712884225,1.118276765662475,-1.2795963237194234,-11.0759371864329,0.0,-287.83,-64.56,-10.76,-102.22,0.0,0.0,0.0,0.0,0.0,28,30,31,29,31,0,-94,-25,-7,-31,12.8,12.9,12.8,12.7,12.7,-999,-999,-999,0.0,0.0,0.0
0.278282880783081,-0.0107379113300923,0.0521555693175914,0.1549327206199039,1.1198107529953454,-1.2716754989495085,-11.061285383725718,-0.0107379113300923,0.0306797466574067,0.1503307586212929,1.118276765662475,-1.2795963237194234,-11.0759371864329,0.0,-260.93,-61.87,-10.76,-104.91,0.0,0.0,0.0,0.0,0.0,28,30,31,29,31,0,-94,-25,-7,-31,12.8,12.8,12.8,12.7,12.7,-999,-999,-999,0.0,0.0,0.0
0.2953405380249023,-0.0107379113300923,0.0536895566504617,0.1549327206199039,1.1198107529953454,-1.2716754989495085,-11.061285383725718,-0.0107379113300923,0.0306797466574067,0.1487967712884225,1.118276765662475,-1.2795963237194234,-11.0759371864329,0.0,-266.31,-61.87,-8.07,-99.53,0.0,0.0,0.0,0.0,0.0,28,30,30,30,31,0,-88,-25,-7,-31,12.8,12.8,12.8,12.7,12.7,-999,-999,-999,0.0,0.0,0.0
0.3123459815979004,-0.0107379113300923,0.0536895566504617,0.1549327206199039,1.1198107529953454,-1.2716754989495085,-11.061285383725718,-0.0107379113300923,0.0306797466574067,0.1487967712884225,1.118276765662475,-1.2795963237194234,-11.0759371864329,0.0,-271.69,-67.25,0.0,-96.84,0.0,0.0,0.0,0.0,0.0,28,31,30,30,31,0,-88,-25,-7,-31,12.8,12.8,12.8,12.7,12.7,-999,-999,-999,0.0,0.0,0.0
0.3293709754943847,-0.0107379113300923,0.0536895566504617,0.1549327206199039,1.1198107529953454,-1.270141511616638,-11.058399209902426,-0.009203923997222,0.0306797466574067,0.1487967712884225,1.118276765662475,-1.2795963237194234,-11.0759371864329,0.0,-279.76,-61.87,0.0,-99.53,0.0,0.0,0.0,0.0,0.0,28,31,30,29,31,0,-94,-25,-7,-37,12.8,12.8,12.8,12.7,12.7,-999,-999,-999,0.0,0.0,0.0
0.3463680744171142,-0.0107379113300923,0.0521555693175914,0.1549327206199039,1.1198107529953454,-1.2716754989495085,-11.061285383725718,-0.0107379113300923,0.0306797466574067,0.1487967712884225,1.118276765662475,-1.2795963237194234,-11.0759371864329,0.0,-271.69,-67.25,-16.14,-96.84,0.0,0.0,0.0,0.0,0.0,28,31,30,30,31,6,-88,-25,-7,-31,12.8,12.8,12.7,12.7,12.7,-999,-999,-999,0.0,0.0,0.0
0.3633387088775635,-0.0107379113300923,0.0521555693175914,0.1549327206199039,1.1198107529953454,-1.2716754989495085,-11.061285383725718,-0.009203923997222,0.0306797466574067,0.1487967712884225,1.118276765662475,-1.2795963237194234,-11.0759371864329,0.0,-274.38,-67.25,-16.14,-99.53,0.0,0.0,0.0,0.0,0.0,28,31,30,30,31,0,-94,-25,-7,-37,12.8,12.8,12.9,12.7,12.6,-999,-999,-999,0.0,0.0,0.0
0.3803801536560058,-0.0107379113300923,0.0536895566504617,0.1549327206199039,1.1198107529953454,-1.2716754989495085,-11.061285383725718,-0.0107379113300923,0.032213733990277,0.1487967712884225,1.118276765662475,-1.2795963237194234,-11.0759371864329,0.0,-274.38,-59.18,-24.21,-99.53,0.0,0.0,0.0,0.0,0.0,28,31,30,30,31,6,-88,-25,-7,-31,12.8,12.8,12.8,12.7,12.7,-999,-999,-999,0.0,0.0,0.0
0.3973724842071533,-0.0107379113300923,0.0521555693175914,0.1549327206199039,1.1198107529953454,-1.2716754989495085,-11.061285383725718,-0.009203923997222,0.032213733990277,0.1487967712884225,1.1198107529953454,-1.2795963237194234,-11.0759371864329,0.0,-242.1,-61.87,-24.21,-96.84,0.0,0.0,0.0,0.0,0.0,28,31,30,30,31,0,-82,-25,-7,-31,12.8,12.9,12.8,12.7,12.7,-999,-999,-999,0.0,0.0,0.0
0.4143388271331787,-0.0107379113300923,0.0521555693175914,0.1549327206199039,1.1198107529953454,-1.2716754989495085,-11.061285383725718,-0.009203923997222,0.032213733990277,0.1487967712884225,1.1198107529953454,-1.2795963237194234,-11.0759371864329,0.0,-250.17,-61.87,-13.45,-94.15,0.0,0.0,0.0,0.0,0.0,28,31,30,30,30,6,-82,-25,0,-31,12.8,12.8,12.8,12.7,12.7,-999,-999,-999,0.0,0.0,0.0
0.4313557147979736,-0.0107379113300923,0.0521555693175914,0.1549327206199039,1.1198107529953454,-1.2716754989495085,-11.061285383725718,-0.009203923997222,0.032213733990277,0.1487967712884225,1.118276765662475,-1.2780623363865533,-11.073132436644439,0.0,-260.93,-61.87,-10.76,-102.22,0.0,0.0,0.0,0.0,0.0,28,31,31,30,30,0,-88,-25,-7,-31,12.8,12.8,12.8,12.7,12.7,-999,-999,-999,0.0,0.0,0.0
0.4483363628387451,-0.0107379113300923,0.0536895566504617,0.1549327206199039,1.1198107529953454,-1.270141511616638,-11.058399209902426,-0.009203923997222,0.032213733990277,0.1487967712884225,1.118276765662475,-1.2795963237194234,-11.0759371864329,0.0,-250.17,-67.25,-10.76,-91.46,0.0,0.0,0.0,0.0,0.0,28,30,31,30,30,6,-82,-25,-7,-25,12.8,12.8,12.8,12.7,12.7,-999,-999,-999,0.0,0.0,0.0
0.4653542041778564,-0.0107379113300923,0.0521555693175914,0.1549327206199039,1.1198107529953454,-1.2716754989495085,-11.061285383725718,-0.009203923997222,0.032213733990277,0.1487967712884225,1.118276765662475,-1.2795963237194234,-11.0759371864329,0.0,-250.17,-59.18,-10.76,-94.15,0.0,0.0,0.0,0.0,0.0,28,30,30,30,30,6,-82,-25,-7,-31,12.8,12.8,12.8,12.7,12.7,-999,-999,-999,0.0,0.0,0.0
0.4823589324951172,-0.0107379113300923,0.0521555693175914,0.1549327206199039,1.1198107529953454,-1.2716754989495085,-11.061285383725718,-0.0107379113300923,0.032213733990277,0.1487967712884225,1.118276765662475,-1.2780623363865533,-11.073132436644439,0.0,-252.86,-69.94,-10.76,-94.15,0.0,0.0,0.0,0.0,0.0,28,30,30,31,30,6,-82,-32,-7,-31,12.8,12.8,12.8,12.7,12.7,-999,-999,-999,0.0,0.0,0.0
0.4993436336517334,-0.0107379113300923,0.0521555693175914,0.1549327206199039,1.1198107529953454,-1.2716754989495085,-11.061285383725718,-0.0107379113300923,0.032213733990277,0.1487967712884225,1.118276765662475,-1.2780623363865533,-11.073132436644439,0.0,-252.86,-59.18,-10.76,-91.46,0.0,0.0,0.0,0.0,0.0,28,30,30,30,30,0,-82,-25,-7,-25,12.8,12.8,12.8,12.7,12.7,-999,-999,-999,0.0,0.0,0.0
0.5163590908050537,-0.0107379113300923,0.0521555693175914,0.1549327206199039,1.1198107529953454,-1.2716754989495085,-11.061285383725718,-0.0107379113300923,0.032213733990277,0.1487967712884225,1.118276765662475,-1.2780623363865533,-11.073132436644439,0.0,-255.55,-67.25,-10.76,-94.15,0.0,0.0,0.0,0.0,0.0,28,30,30,30,30,6,-88,-25,-7,-31,12.8,12.8,12.8,12.7,12.7,-999,-999,-999,0.0,0.0,0.0
0.5333738327026367,-0.0107379113300923,0.0521555693175914,0.1549327206199039,1.1198107529953454,-1.2716754989495085,-11.061285383725718,-0.0107379113300923,0.032213733990277,0.1487967712884225,1.118276765662475,-1.2780623363865533,-11.073132436644439,0.0,-258.24,-61.87,0.0,-91.46,0.0,0.0,0.0,0.0,0.0,28,30,30,30,30,0,-82,-25,-7,-25,12.8,12.8,12.8,12.7,12.7,-999,-999,-999,0.0,0.0,0.0
0.5503497123718262,-0.0107379113300923,0.0521555693175914,0.1549327206199039,1.1198107529953454,-1.2716754989495085,-11.061285383725718,-0.0107379113300923,0.032213733990277,0.1487967712884225,1.118276765662475,-1.2795963237194234,-11.0759371864329,0.0,-252.86,-69.94,0.0,-91.46,0.0,0.0,0.0,0.0,0.0,28,30,30,30,30,0,-82,-25,-7,-25,12.8,12.5,12.8,12.7,12.7,-999,-999,-999,0.0,0.0,0.0
0.5673425197601318,-0.0107379113300923,0.0521555693175914,0.1549327206199039,1.1198107529953454,-1.2716754989495085,-11.061285383725718,-0.0107379113300923,0.032213733990277,0.1487967712884225,1.118276765662475,-1.2795963237194234,-11.0759371864329,0.0,-250.17,-64.56,0.0,-94.15,0.0,0.0,0.0,0.0,0.0,28,30,30,30,30,0,-82,-25,-7,-31,12.8,12.8,12.8,12.7,12.7,-999,-999,-999,0.0,0.0,0.0
0.5843608379364014,-0.0107379113300923,0.0521555693175914,0.1549327206199039,1.1198107529953454,-1.270141511616638,-11.058399209902426,-0.0107379113300923,0.032213733990277,0.1487967712884225,1.118276765662475,-1.2795963237194234,-11.0759371864329,0.0,-255.55,-64.56,0.0,-96.84,0.0,0.0,0.0,0.0,0.0,28,30,30,30,30,0,-82,-25,-7,-37,12.8,12.8,12.8,12.7,12.7,-999,-999,-999,0.0,0.0,0.0
0.6013672351837158,-0.0107379113300923,0.0521555693175914,0.1549327206199039,1.1198107529953454,-1.2716754989495085,-11.061285383725718,-0.0107379113300923,0.032213733990277,0.1487967712884225,1.118276765662475,-1.2795963237194234,-11.0759371864329,0.0,-255.55,-67.25,0.0,-96.84,0.0,0.0,0.0,0.0,0.0,28,30,30,30,30,0,-82,-25,-7,-31,12.8,12.8,12.8,12.7,12.7,-999,-999,-999,0.0,0.0,0.0
0.6183671951293945,-0.0107379113300923,0.0521555693175914,0.1549327206199039,1.1198107529953454,-1.2716754989495085,-11.061285383725718,-0.0107379113300923,0.032213733990277,0.1487967712884225,1.118276765662475,-1.2795963237194234,-11.0759371864329,0.0,-255.55,-59.18,0.0,-96.84,0.0,0.0,0.0,0.0,0.0,28,30,31,30,30,0,-82,-25,-7,-31,12.8,12.8,12.9,12.7,12.7,-999,-999,-999,0.0,0.0,0.0
0.6353378295898438,-0.0107379113300923,0.0521555693175914,0.1549327206199039,1.1198107529953454,-1.2716754989495085,-11.061285383725718,-0.0107379113300923,0.032213733990277,0.1487967712884225,1.118276765662475,-1.2795963237194234,-11.0759371864329,0.0,-250.17,-64.56,0.0,-96.84,0.0,0.0,0.0,0.0,0.0,28,30,31,30,30,0,-82,-25,-7,-31,12.8,12.8,12.8,12.7,12.7,-999,-999,-999,0.0,0.0,0.0
0.6523473262786865,-0.0107379113300923,0.0521555693175914,0.1549327206199039,1.1198107529953454,-1.2716754989495085,-11.061285383725718,-0.0107379113300923,0.032213733990277,0.1487967712884225,1.118276765662475,-1.2795963237194234,-11.0759371864329,0.0,-250.17,-61.87,0.0,-96.84,0.0,0.0,0.0,0.0,0.0,28,30,31,30,31,0,-88,-25,-7,-31,12.8,12.9,12.8,12.8,12.7,-999,-999,-999,0.0,0.0,0.0
0.6693696975708008,-0.0107379113300923,0.0521555693175914,0.1549327206199039,1.1198107529953454,-1.2716754989495085,-11.061285383725718,-0.009203923997222,0.032213733990277,0.1487967712884225,1.118276765662475,-1.2795963237194234,-11.0759371864329,0.0,-247.48,-64.56,0.0,-91.46,0.0,0.0,0.0,0.0,0.0,28,30,31,30,30,6,-82,-25,-7,-25,12.8,12.8,12.8,12.7,12.7,-999,-999,-999,0.0,0.0,0.0
0.6863443851470947,-0.0107379113300923,0.0536895566504617,0.1549327206199039,1.1198107529953454,-1.2716754989495085,-11.061285383725718,-0.0107379113300923,0.032213733990277,0.1487967712884225,1.118276765662475,-1.2795963237194234,-11.0759371864329,0.0,-260.93,-69.94,0.0,-99.53,0.0,0.0,0.0,0.0,0.0,28,30,31,30,30,6,-88,-25,-7,-31,12.8,12.8,12.8,12.7,12.7,-999,-999,-999,0.0,0.0,0.0
0.7033677101135254,-0.0107379113300923,0.0536895566504617,0.1549327206199039,1.1198107529953454,-1.270141511616638,-11.058399209902426,-0.0107379113300923,0.032213733990277,0.1487967712884225,1.118276765662475,-1.2780623363865533,-11.073132436644439,0.0,-255.55,-61.87,0.0,-104.91,0.0,0.0,0.0,0.0,0.0,28,30,31,30,30,0,-88,-25,-7,-31,12.8,12.8,12.8,12.7,12.7,-999,-999,-999,0.0,0.0,0.0
0.7203359603881836,-0.0107379113300923,0.0521555693175914,0.1549327206199039,1.1198107529953454,-1.2716754989495085,-11.061285383725718,-0.0107379113300923,0.032213733990277,0.1487967712884225,1.118276765662475,-1.2780623363865533,-11.073132436644439,0.0,-255.55,-61.87,0.0,-91.46,0.0,0.0,0.0,0.0,0.0,28,30,31,30,30,0,-88,-25,-7,-25,12.8,12.8,12.8,12.7,12.7,-999,-999,-999,0.0,0.0,0.0
0.7373409271240234,-0.0107379113300923,0.0521555693175914,0.1549327206199039,1.1198107529953454,-1.2716754989495085,-11.061285383725718,-0.0107379113300923,0.032213733990277,0.1487967712884225,1.118276765662475,-1.2795963237194234,-11.0759371864329,0.0,-250.17,-69.94,0.0,-94.15,0.0,0.0,0.0,0.0,0.0,28,30,30,30,30,0,-82,-25,-7,-25,12.8,12.8,12.8,12.7,12.7,-999,-999,-999,0.0,0.0,0.0
0.7543292045593262,-0.0107379113300923,0.0536895566504617,0.1549327206199039,1.1198107529953454,-1.2716754989495085,-11.061285383725718,-0.009203923997222,0.032213733990277,0.1487967712884225,1.118276765662475,-1.2795963237194234,-11.0759371864329,0.0,-250.17,-64.56,0.0,-94.15,0.0,0.0,0.0,0.0,0.0,28,30,30,30,30,0,-82,-25,-7,-31,12.8,12.9,12.8,12.7,12.7,-999,-999,-999,0.0,0.0,0.0
0.7713155746459961,-0.0107379113300923,0.0521555693175914,0.1549327206199039,1.1198107529953454,-1.2716754989495085,-11.061285383725718,-0.0107379113300923,0.032213733990277,0.1487967712884225,1.118276765662475,-1.2795963237194234,-11.0759371864329,0.0,-258.24,-67.25,0.0,-104.91,0.0,0.0,0.0,0.0,0.0,28,30,30,30,30,6,-88,-25,-7,-37,12.8,12.9,12.7,12.7,12.7,-999,-999,-999,0.0,0.0,0.0
0.7883598804473877,-0.0107379113300923,0.0536895566504617,0.1549327206199039,1.1198107529953454,-1.2716754989495085,-11.061285383725718,-0.0107379113300923,0.032213733990277,0.1487967712884225,1.118276765662475,-1.2795963237194234,-11.0759371864329,0.0,-250.17,-67.25,0.0,-96.84,0.0,0.0,0.0,0.0,0.0,28,30,30,30,30,0,-82,-25,-7,-31,12.8,12.8,12.8,12.7,12.7,-999,-999,-999,0.0,0.0,0.0
0.80625319480896,-0.0107379113300923,0.0521555693175914,0.1549327206199039,1.1198107529953454,-1.2716754989495085,-11.061285383725718,-0.0107379113300923,0.032213733990277,0.1487967712884225,1.118276765662475,-1.2795963237194234,-11.0759371864329,0.0,-255.55,-61.87,0.0,-96.84,0.0,0.0,0.0,0.0,0.0,27,30,30,31,30,0,-82,-25,-7,-31,12.8,12.8,12.8,12.7,12.7,-999,-999,-999,0.0,0.0,0.0
0.8233165740966797,-0.0107379113300923,0.0536895566504617,0.1549327206199039,1.1198107529953454,-1.2716754989495085,-11.061285383725718,-0.009203923997222,0.032213733990277,0.1487967712884225,1.118276765662475,-1.2795963237194234,-11.0759371864329,0.0,-255.55,-64.56,0.0,-96.84,0.0,0.0,0.0,0.0,0.0,27,30,32,30,30,0,-82,-25,-7,-31,12.8,12.8,12.7,12.7,12.7,-999,-999,-999,0.0,0.0,0.0
0.8403286933898926,-0.0107379113300923,0.0521555693175914,0.1549327206199039,1.1198107529953454,-1.2716754989495085,-11.061285383725718,-0.0107379113300923,0.0337477213231473,0.1487967712884225,1.118276765662475,-1.2780623363865533,-11.073132436644439,0.0,-255.55,-69.94,0.0,-96.84,0.0,0.0,0.0,0.0,0.0,27,30,30,30,30,6,-88,-25,-7,-31,12.8,12.8,12.8,12.7,12.7,-999,-999,-999,0.0,0.0,0.0
0.8572981357574463,-0.0107379113300923,0.0521555693175914,0.1549327206199039,1.1198107529953454,-1.2716754989495085,-11.061285383725718,-0.0107379113300923,0.0337477213231473,0.1487967712884225,1.118276765662475,-1.2780623363865533,-11.073132436644439,0.0,-223.27,-61.87,0.0,-91.46,0.0,0.0,0.0,0.0,0.0,27,30,31,30,30,0,-82,-25,-7,-25,12.8,12.8,12.7,12.7,12.7,-999,-999,-999,0.0,0.0,0.0
0.874305009841919,-0.0107379113300923,0.0521555693175914,0.1549327206199039,1.1198107529953454,-1.2716754989495085,-11.061285383725718,-0.0107379113300923,0.0337477213231473,0.1487967712884225,1.118276765662475,-1.2795963237194234,-11.0759371864329,0.0,-225.96,-59.18,0.0,-102.22,0.0,0.0,0.0,0.0,0.0,27,30,30,30,30,0,-75,-25,-7,-31,12.8,12.8,12.8,12.7,12.7,-999,-999,-999,0.0,0.0,0.0
0.8913300037384033,-0.0107379113300923,0.0521555693175914,0.1549327206199039,1.1198107529953454,-1.2716754989495085,-11.061285383725718,-0.0107379113300923,0.0337477213231473,0.1487967712884225,1.118276765662475,-1.2780623363865533,-11.073132436644439,0.0,-228.65,-61.87,0.0,-96.84,0.0,0.0,0.0,0.0,0.0,27,30,30,30,30,0,-75,-25,-7,-31,12.8,12.8,12.8,12.7,12.7,-999,-999,-999,0.0,0.0,0.0
0.9083311557769777,-0.0107379113300923,0.0521555693175914,0.1549327206199039,1.1198107529953454,-1.2716754989495085,-11.061285383725718,-0.0107379113300923,0.0337477213231473,0.1503307586212929,1.118276765662475,-1.2795963237194234,-11.0759371864329,0.0,-234.03,-64.56,0.0,-91.46,0.0,0.0,0.0,0.0,0.0,27,30,30,30,30,0,-82,-25,-7,-25,12.8,12.8,12.8,12.7,12.7,-999,-999,-999,0.0,0.0,0.0
0.9253356456756592,-0.0107379113300923,0.0521555693175914,0.1549327206199039,1.1198107529953454,-1.2716754989495085,-11.061285383725718,-0.0107379113300923,0.0337477213231473,0.1503307586212929,1.118276765662475,-1.2795963237194234,-11.0759371864329,0.0,-234.03,-69.94,0.0,-102.22,0.0,0.0,0.0,0.0,0.0,27,29,30,30,30,0,-82,-25,-7,-31,12.8,12.8,12.8,12.8,12.7,-999,-999,-999,0.0,0.0,0.0
0.9423346519470216,-0.0107379113300923,0.0536895566504617,0.1549327206199039,1.1198107529953454,-1.2716754989495085,-11.061285383725718,-0.0107379113300923,0.0337477213231473,0.1487967712884225,1.118276765662475,-1.2795963237194234,-11.0759371864329,0.0,-225.96,-67.25,-24.21,-107.6,0.0,0.0,0.0,0.0,0.0,27,30,30,30,30,0,-75,-25,-7,-31,12.8,12.8,12.9,12.8,12.7,-999,-999,-999,0.0,0.0,0.0
0.9593327045440674,-0.0107379113300923,0.0521555693175914,0.1549327206199039,1.1198107529953454,-1.2716754989495085,-11.061285383725718,-0.0107379113300923,0.0337477213231473,0.1487967712884225,1.118276765662475,-1.2795963237194234,-11.0759371864329,0.0,-225.96,-64.56,-16.14,-96.84,0.0,0.0,0.0,0.0,0.0,27,31,31,30,31,0,-75,-25,0,-31,12.8,12.8,12.3,12.8,12.6,-999,-999,-999,0.0,0.0,0.0
0.9763765335083008,-0.0107379113300923,0.0521555693175914,0.1549327206199039,1.1198107529953454,-1.2716754989495085,-11.061285383725718,-0.0107379113300923,0.0337477213231473,0.1503307586212929,1.118276765662475,-1.2780623363865533,-11.073132436644439,0.0,-231.34,-61.87,-18.83,-94.15,0.0,0.0,0.0,0.0,0.0,27,31,31,30,31,0,-82,-25,-7,-31,12.8,12.8,12.9,12.7,12.7,-999,-999,-999,0.0,0.0,0.0
0.9933242797851562,-0.0107379113300923,0.0521555693175914,0.1549327206199039,1.1198107529953454,-1.2716754989495085,-11.061285383725718,-0.0107379113300923,0.0337477213231473,0.1503307586212929,1.118276765662475,-1.2780623363865533,-11.073132436644439,0.0,-231.34,-64.56,-21.52,-91.46,0.0,0.0,0.0,0.0,0.0,27,31,31,30,31,0,-82,-25,-7,-25,12.8,12.7,12.8,12.7,12.7,-999,-999,-999,0.0,0.0,0.0
1.010359525680542,-0.0107379113300923,0.0521555693175914,0.1549327206199039,1.1198107529953454,-1.2716754989495085,-11.061285383725718,-0.0107379113300923,0.0337477213231473,0.1518647459541632,1.118276765662475,-1.2795963237194234,-11.0759371864329,0.0,-255.55,-64.56,-18.83,-91.46,0.0,0.0,0.0,0.0,0.0,27,31,30,30,31,0,-82,-25,-7,-25,12.8,12.8,12.8,12.7,12.7,-999,-999,-999,0.0,0.0,0.0
1.027312994003296,-0.0107379113300923,0.0521555693175914,0.1549327206199039,1.1198107529953454,-1.2716754989495085,-11.061285383725718,-0.0107379113300923,0.0337477213231473,0.1518647459541632,1.118276765662475,-1.2795963237194234,-11.0759371864329,0.0,-217.89,-40.35,-24.21,-96.84,0.0,0.0,0.0,0.0,0.0,27,31,30,30,31,0,-75,-19,-7,-31,12.8,12.8,12.8,12.7,12.7,-999,-999,-999,0.0,0.0,0.0
1.044342279434204,-0.0107379113300923,0.0521555693175914,0.1564667079527743,1.1198107529953454,-1.2716754989495085,-11.061285383725718,-0.009203923997222,0.032213733990277,0.1549327206199039,1.118276765662475,-1.2795963237194234,-11.0759371864329,0.0,-250.17,-29.59,-18.83,-96.84,0.0,0.0,0.0,0.0,0.0,27,31,30,30,31,6,-82,-13,-7,-31,12.8,12.8,12.8,12.7,12.7,-999,-999,-999,0.0,0.0,0.0
1.061316728591919,-0.0107379113300923,0.0536895566504617,0.1564667079527743,1.1198107529953454,-1.2716754989495085,-11.061285383725718,-0.009203923997222,0.032213733990277,0.1549327206199039,1.118276765662475,-1.2795963237194234,-11.0759371864329,0.0,-247.48,-53.8,-18.83,-99.53,0.0,0.0,0.0,0.0,0.0,27,31,30,30,31,6,-82,-7,-7,-31,12.8,12.8,12.8,12.6,12.7,-999,-999,-999,0.0,0.0,0.0
1.0782885551452637,-0.0107379113300923,0.0536895566504617,0.1595346826185149,1.1198107529953454,-1.2716754989495085,-11.061285383725718,-0.009203923997222,0.032213733990277,0.1564667079527743,1.1198107529953454,-1.2795963237194234,-11.0759371864329,0.0,-255.55,-29.59,-16.14,-104.91,0.0,0.0,0.023980823922402,0.0,0.0,27,31,30,30,31,6,-88,-13,0,-37,12.8,12.8,12.8,12.7,12.7,-999,-999,-999,0.0,0.0,0.0
1.095365285873413,-0.0107379113300923,0.0521555693175914,0.1595346826185149,1.1198107529953454,-1.2716754989495085,-11.061285383725718,-0.0107379113300923,0.032213733990277,0.1564667079527743,1.118276765662475,-1.2795963237194234,-11.0759371864329,0.0,-252.86,-37.66,0.0,-99.53,0.0,0.0,0.0479616478448041,0.0,0.0,27,31,30,30,31,0,-88,-19,-7,-31,12.8,12.8,12.9,12.6,12.7,-999,-999,-999,0.0,0.0,0.0
1.1123244762420654,-0.0107379113300923,0.0521555693175914,0.1610686699513852,1.1198107529953454,-1.2716754989495085,-11.061285383725718,-0.0107379113300923,0.0306797466574067,0.1564667079527743,1.118276765662475,-1.2795963237194234,-11.0759371864329,0.0,-255.55,-64.56,0.0,-94.15,0.0,0.0,0.0719424717672062,0.0,0.0,27,31,31,30,30,0,-88,-25,-7,-31,12.8,12.8,12.8,12.7,12.7,-999,-999,-999,0.0,0.0,0.0
1.129314422607422,-0.0107379113300923,0.0536895566504617,0.1626026572842556,1.1198107529953454,-1.2716754989495085,-11.061285383725718,-0.0107379113300923,0.0306797466574067,0.1564667079527743,1.118276765662475,-1.2795963237194234,-11.0759371864329,0.0,-274.38,-99.53,0.0,-96.84,0.0,0.0,0.0719424717672062,0.0,0.0,27,30,31,30,30,0,-88,-25,-7,-31,12.8,12.8,12.8,12.7,12.7,-999,-999,-999,0.0,0.0,0.0
1.146332025527954,-0.0107379113300923,0.0536895566504617,0.1626026572842556,1.1198107529953454,-1.2716754989495085,-11.061285383725718,-0.0107379113300923,0.0306797466574067,0.1580006952856446,1.118276765662475,-1.2795963237194234,-11.0759371864329,0.0,-269.0,-21.52,0.0,-91.46,0.0,0.0,0.0479616478448041,0.0,0.0,27,30,30,30,30,0,-88,-19,-7,-25,12.8,12.8,12.8,12.7,12.7,-999,-999,-999,0.0,0.0,0.0
1.1633355617523191,-0.0107379113300923,0.0521555693175914,0.1626026572842556,1.1198107529953454,-1.2716754989495085,-11.061285383725718,-0.0107379113300923,0.0306797466574067,0.1595346826185149,1.118276765662475,-1.2795963237194234,-11.0759371864329,0.0,-277.07,-53.8,0.0,-94.15,0.0,0.0,0.0479616478448041,0.0,0.0,27,31,30,30,31,0,-94,-19,-7,-31,12.8,12.8,12.8,12.7,12.7,-999,-999,-999,0.0,0.0,0.0
1.180314302444458,-0.0107379113300923,0.0521555693175914,0.1626026572842556,1.1198107529953454,-1.2716754989495085,-11.061285383725718,-0.0107379113300923,0.0306797466574067,0.1610686699513852,1.118276765662475,-1.2780623363865533,-11.073132436644439,0.0,-271.69,-18.83,0.0,-104.91,0.0,0.0,0.023980823922402,0.0,0.0,27,31,30,30,31,0,-88,-13,-7,-31,12.8,12.8,12.8,12.7,12.7,-999,-999,-999,0.0,0.0,0.0
1.1973145008087158,-0.0107379113300923,0.0521555693175914,0.1641366446171259,1.1198107529953454,-1.2716754989495085,-11.061285383725718,-0.0122718986629626,0.0306797466574067,0.1595346826185149,1.118276765662475,-1.2795963237194234,-11.0759371864329,0.0,-266.31,-32.28,0.0,-94.15,0.0,0.0,0.023980823922402,0.0,0.0,27,31,30,30,31,0,-88,-13,-7,-25,12.8,12.8,12.5,12.7,12.7,-999,-999,-999,0.0,0.0,0.0
1.2143023014068604,-0.0107379113300923,0.0521555693175914,0.1656706319499963,1.1198107529953454,-1.2716754989495085,-11.061285383725718,-0.0122718986629626,0.0306797466574067,0.1595346826185149,1.118276765662475,-1.2795963237194234,-11.0759371864329,0.0,-266.31,-102.22,0.0,-99.53,0.0,0.0,0.023980823922402,0.0,0.0,27,31,30,30,31,-7,-88,-25,-7,-31,12.8,12.8,12.8,12.7,12.7,-999,-999,-999,0.0,0.0,0.0
1.2312688827514648,-0.0107379113300923,0.0536895566504617,0.1656706319499963,1.1198107529953454,-1.2716754989495085,-11.061285383725718,-0.0122718986629626,0.0306797466574067,0.1595346826185149,1.118276765662475,-1.2780623363865533,-11.073132436644439,0.0,-271.69,-67.25,0.0,-91.46,0.0,0.0,0.023980823922402,0.0,0.0,27,31,31,30,31,-7,-88,-25,-7,-25,12.8,12.8,12.8,12.7,12.7,-999,-999,-999,0.0,0.0,0.0
1.2483274936676023,-0.0107379113300923,0.0536895566504617,0.1656706319499963,1.1198107529953454,-1.2716754989495085,-11.061285383725718,-0.0122718986629626,0.0291457593245363,0.1610686699513852,1.118276765662475,-1.2780623363865533,-11.073132436644439,0.0,-279.76,-67.25,0.0,-94.15,0.0,0.0,0.023980823922402,0.0,0.0,27,31,31,30,29,0,-94,-25,-7,-25,12.8,12.8,13.0,12.7,12.6,-999,-999,-999,0.0,0.0,0.0
1.265317440032959,-0.0122718986629626,0.0536895566504617,0.1656706319499963,1.1198107529953454,-1.2716754989495085,-11.061285383725718,-0.0122718986629626,0.0306797466574067,0.1595346826185149,1.118276765662475,-1.2795963237194234,-11.0759371864329,-2.69,-293.21,-56.49,0.0,-91.46,0.0,0.0,0.023980823922402,0.0,0.0,27,31,30,31,30,0,-94,-19,-7,-25,12.8,12.8,12.8,12.7,12.7,-999,-999,-999,0.0,0.0,0.0
1.2823247909545898,-0.0122718986629626,0.0521555693175914,0.1656706319499963,1.1198107529953454,-1.2716754989495085,-11.061285383725718,-0.0122718986629626,0.0306797466574067,0.1610686699513852,1.118276765662475,-1.2795963237194234,-11.0759371864329,-2.69,-252.86,-69.94,0.0,-102.22,0.0,0.0,0.0,0.0,0.0,27,31,30,30,31,0,-88,-32,-7,-37,12.8,12.8,12.8,12.7,12.7,-999,-999,-999,0.0,0.0,0.0
1.29933762550354,-0.0122718986629626,0.0521555693175914,0.1656706319499963,1.1198107529953454,-1.2716754989495085,-11.061285383725718,-0.0122718986629626,0.0306797466574067,0.1595346826185149,1.118276765662475,-1.2795963237194234,-11.0759371864329,-5.38,-269.0,-59.18,-5.38,-99.53,0.0,0.0,0.0,0.0,0.0,27,31,30,30,31,0,-88,-25,-7,-31,12.8,12.8,12.8,12.7,12.7,-999,-999,-999,0.0,0.0,0.0
1.3162710666656494,-0.0122718986629626,0.0536895566504617,0.1656706319499963,1.1198107529953454,-1.2716754989495085,-11.061285383725718,-0.0122718986629626,0.0306797466574067,0.1595346826185149,1.118276765662475,-1.2795963237194234,-11.0759371864329,-2.69,-271.69,-67.25,-21.52,-96.84,0.0,0.0,0.0,0.0,0.0,27,30,30,30,31,0,-88,-32,-7,-31,12.8,12.7,12.9,12.7,12.7,-999,-999,-999,0.0,0.0,0.0
1.3333303928375244,-0.0122718986629626,0.0521555693175914,0.1656706319499963,1.1198107529953454,-1.2716754989495085,-11.061285383725718,-0.0107379113300923,0.0306797466574067,0.1595346826185149,1.118276765662475,-1.2795963237194234,-11.0759371864329,0.0,-271.69,-69.94,-21.52,-91.46,0.0,0.0,0.0,0.0,0.0,27,30,30,30,31,-7,-94,-25,-7,-31,12.8,12.8,12.9,12.7,12.7,-999,-999,-999,0.0,0.0,0.0
1.3502826690673828,-0.0122718986629626,0.0521555693175914,0.1656706319499963,1.1198107529953454,-1.2716754989495085,-11.061285383725718,-0.0107379113300923,0.0306797466574067,0.1595346826185149,1.118276765662475,-1.2795963237194234,-11.0759371864329,0.0,-271.69,-72.63,-21.52,-96.84,0.0,0.0,0.0,0.0,0.0,27,30,30,30,30,6,-94,-32,-7,-31,12.8,12.8,12.8,12.7,12.7,-999,-999,-999,0.0,0.0,0.0
1.367305040359497,-0.0107379113300923,0.0536895566504617,0.1672046192828666,1.1198107529953454,-1.2716754989495085,-11.061285383725718,-0.0107379113300923,0.0306797466574067,0.1595346826185149,1.118276765662475,-1.2795963237194234,-11.0759371864329,0.0,-271.69,-67.25,-21.52,-99.53,0.0,0.0,0.0,0.0,0.0,27,30,31,30,30,6,-94,-32,-7,-31,12.8,12.8,12.8,12.7,12.7,-999,-999,-999,0.0,0.0,0.0
1.3843183517456057,-0.0107379113300923,0.0536895566504617,0.1672046192828666,1.1198107529953454,-1.2716754989495085,-11.061285383725718,-0.0122718986629626,0.0306797466574067,0.1595346826185149,1.118276765662475,-1.2780623363865533,-11.073132436644439,-5.38,-271.69,-72.63,-40.35,-96.84,0.0,0.0,0.0,0.0,0.0,28,30,31,30,33,0,-94,-25,-7,-31,12.8,12.8,12.8,12.7,12.7,-999,-999,-999,0.0,0.0,0.0
1.401292085647583,-0.0122718986629626,0.0536895566504617,0.1656706319499963,1.1198107529953454,-1.2716754989495085,-11.061285383725718,-0.0122718986629626,0.0306797466574067,0.1595346826185149,1.118276765662475,-1.2780623363865533,-11.073132436644439,-5.38,-269.0,-69.94,-37.66,-91.46,0.0,0.0,0.0,0.0,0.0,28,30,31,30,31,0,-88,-32,-7,-25,12.8,12.8,12.8,12.7,12.7,-999,-999,-999,0.0,0.0,0.0
1.4182815551757812,-0.0122718986629626,0.0536895566504617,0.1656706319499963,1.1198107529953454,-1.2716754989495085,-11.061285383725718,-0.0122718986629626,0.0291457593245363,0.1610686699513852,1.118276765662475,-1.2795963237194234,-11.0759371864329,-2.69,-285.14,-51.11,-37.66,-94.15,0.0,0.0,0.0,0.0,0.0,28,31,31,31,31,0,-94,-25,-7,-31,12.8,12.8,12.7,12.7,12.7,-999,-999,-999,0.0,0.0,0.0
1.4353108406066897,-0.0122718986629626,0.0536895566504617,0.1672046192828666,1.1198107529953454,-1.2716754989495085,-11.061285383725718,-0.0122718986629626,0.0291457593245363,0.1610686699513852,1.118276765662475,-1.2795963237194234,-11.0759371864329,-5.38,-287.83,-67.25,-37.66,-102.22,0.0,0.0,0.0,0.0,0.0,28,31,30,31,31,0,-100,-25,-7,-31,12.8,12.8,12.8,12.7,12.7,-999,-999,-999,0.0,0.0,0.0
1.4533166885375977,-0.0122718986629626,0.0521555693175914,0.1672046192828666,1.1198107529953454,-1.2716754989495085,-11.061285383725718,-0.0122718986629626,0.0291457593245363,0.1610686699513852,1.118276765662475,-1.2795963237194234,-11.0759371864329,-2.69,-285.14,-51.11,-37.66,-99.53,0.0,0.0,0.0,0.0,0.0,28,31,30,31,31,0,-94,-25,-7,-31,12.8,12.8,12.8,12.7,12.7,-999,-999,-999,0.0,0.0,0.0
1.4703357219696045,-0.0122718986629626,0.0536895566504617,0.1672046192828666,1.1198107529953454,-1.2716754989495085,-11.061285383725718,-0.0122718986629626,0.027611771991666,0.1610686699513852,1.118276765662475,-1.2795963237194234,-11.0759371864329,-2.69,-287.83,-45.73,-37.66,-102.22,0.0,0.0,0.0,0.0,0.0,28,31,30,31,31,0,-94,-25,-7,-31,12.8,12.9,12.8,12.7,12.7,-999,-999,-999,0.0,0.0,0.0
1.487320899963379,-0.0122718986629626,0.0521555693175914,0.1672046192828666,1.1198107529953454,-1.2716754989495085,-11.061285383725718,-0.0122718986629626,0.027611771991666,0.1595346826185149,1.118276765662475,-1.2795963237194234,-11.0759371864329,-5.38,-309.35,-53.8,-37.66,-94.15,0.0,0.0,0.0,0.0,0.0,28,31,30,31,31,0,-100,-25,-7,-31,12.8,12.8,12.8,12.6,12.7,-999,-999,-999,0.0,0.0,0.0
1.5042707920074463,-0.0122718986629626,0.0521555693175914,0.1672046192828666,1.1198107529953454,-1.2716754989495085,-11.061285383725718,-0.0122718986629626,0.027611771991666,0.1595346826185149,1.118276765662475,-1.2795963237194234,-11.0759371864329,-5.38,-309.35,-69.94,-10.76,-102.22,0.0,0.0,0.0,0.0,0.0,28,31,28,30,31,-7,-100,-25,-7,-31,12.8,12.8,12.8,12.7,12.7,-999,-999,-999,0.0,0.0,0.0
1.5222930908203125,-0.0122718986629626,0.0521555693175914,0.1672046192828666,1.1198107529953454,-1.2716754989495085,-11.061285383725718,-0.0122718986629626,0.0260777846587957,0.1610686699513852,1.118276765662475,-1.2795963237194234,-11.0759371864329,-2.69,-309.35,-61.87,-10.76,-96.84,0.0,0.0,0.0,0.0,0.0,28,31,30,30,31,0,-107,-25,-7,-31,12.8,12.8,12.8,12.7,12.7,-999,-999,-999,0.0,0.0,0.0
1.5393331050872805,-0.0122718986629626,0.0521555693175914,0.1672046192828666,1.1198107529953454,-1.2716754989495085,-11.061285383725718,-0.0122718986629626,0.0260777846587957,0.1610686699513852,1.118276765662475,-1.2795963237194234,-11.0759371864329,-2.69,-333.56,-59.18,-10.76,-96.84,0.0,0.0,0.0,0.0,0.0,28,30,30,30,31,0,-113,-25,-7,-31,12.8,12.8,12.8,12.6,12.7,-999,-999,-999,0.0,0.0,0.0
1.556386947631836,-0.0122718986629626,0.0521555693175914,0.1672046192828666,1.1198107529953454,-1.2716754989495085,-11.061285383725718,-0.013805885995833,0.023009809993055,0.1595346826185149,1.116742778329605,-1.2795963237194234,-11.0759371864329,-2.69,-314.73,-51.11,0.0,-96.84,0.0,0.0,0.0,0.0,0.0,28,31,30,30,31,0,-113,-25,-7,-31,12.8,12.8,12.8,12.7,12.7,-999,-999,-999,0.0,0.0,0.0
1.5736911296844482,-0.0122718986629626,0.050621581984721,0.1672046192828666,1.1198107529953454,-1.2716754989495085,-11.061285383725718,-0.013805885995833,0.0214758226601847,0.1610686699513852,1.1152087909967343,-1.2795963237194234,-11.0759371864329,0.0,-295.9,-75.32,-8.07,-94.15,0.0,0.0,0.0,0.0,0.0,28,30,31,30,31,-7,-113,-32,-13,-31,12.8,12.8,12.7,12.7,12.7,-999,-999,-999,0.0,0.0,0.0
1.5933480262756348,-0.0122718986629626,0.0490875946518507,0.1672046192828666,1.118276765662475,-1.2716754989495085,-11.061285383725718,-0.013805885995833,0.0199418353273143,0.1610686699513852,1.113674803663864,-1.2811303110522938,-11.078726216542444,0.0,-285.14,-67.25,-8.07,-96.84,0.0,-0.023980823922402,0.0,0.0,0.0,28,31,31,30,31,-7,-113,-25,-13,-31,12.8,12.8,12.8,12.5,12.6,-999,-999,-999,0.0,0.0,0.0
1.6103277206420898,-0.0122718986629626,0.0475536073189804,0.1672046192828666,1.118276765662475,-1.2716754989495085,-11.061285383725718,-0.013805885995833,0.0153398733287033,0.1610686699513852,1.1090728416652529,-1.2811303110522938,-11.078726216542444,0.0,-290.52,-59.18,-24.21,-126.43,0.0,-0.0479616478448041,0.0,0.0,0.0,28,30,31,30,31,-7,-113,-25,-19,-37,12.8,12.8,12.8,12.7,12.7,-999,-999,-999,0.0,0.0,0.0
1.6273620128631592,-0.0122718986629626,0.0444856326532397,0.1672046192828666,1.116742778329605,-1.2716754989495085,-11.061285383725718,-0.013805885995833,0.0122718986629626,0.1626026572842556,1.1044708796666418,-1.2811303110522938,-11.078726216542444,0.0,-322.8,-53.8,-40.35,-126.43,0.0,-0.0719424717672062,0.0,-0.023980823922402,0.0,28,30,31,30,31,-7,-175,-25,-32,-37,12.8,12.7,12.9,12.8,12.5,-999,-999,-999,0.0,0.0,0.0
1.6443274021148682,-0.0122718986629626,0.0429516453203694,0.1672046192828666,1.113674803663864,-1.2716754989495085,-11.061285383725718,-0.013805885995833,0.0122718986629626,0.1626026572842556,1.1044708796666418,-1.2811303110522938,-11.078726216542444,5.38,-287.83,-61.87,-61.87,-126.43,0.0,-0.0959232956896083,0.0,-0.0479616478448041,0.0,28,29,31,30,31,-7,-125,-25,-38,-37,12.8,12.8,12.8,12.7,12.6,-999,-999,-999,0.0,0.0,0.0
1.661346435546875,-0.013805885995833,0.0398836706546287,0.1672046192828666,1.1106068289981232,-1.2716754989495085,-11.061285383725718,-0.013805885995833,0.0061359493314813,0.1687386066157369,1.09526695566942,-1.2811303110522938,-11.078726216542444,0.0,-285.14,-13.45,13.45,-126.43,0.0,-0.1199041196120104,0.0,-0.0719424717672062,0.0,28,30,31,30,31,-7,-125,-13,-44,-37,12.8,12.8,12.7,12.7,12.6,-999,-999,-999,0.0,0.0,0.0
1.6783490180969238,-0.0122718986629626,0.036815695988888,0.1672046192828666,1.1060048669995122,-1.2716754989495085,-11.061285383725718,-0.013805885995833,0.0030679746657406,0.1718065812814776,1.0891310063379385,-1.2811303110522938,-11.078726216542444,0.0,-287.83,-78.01,-29.59,-126.43,0.0,-0.1199041196120104,0.0,-0.1199041196120104,0.0,28,30,30,30,31,-7,-125,-7,-69,-37,12.8,12.7,12.7,12.7,12.6,-999,-999,-999,0.0,0.0,0.0
1.695298194885254,-0.0122718986629626,0.0337477213231473,0.1702725939486073,1.1029368923337717,-1.2716754989495085,-11.061285383725718,-0.013805885995833,0.0030679746657406,0.1718065812814776,1.0891310063379385,-1.2811303110522938,-11.078726216542444,0.0,-269.0,-83.39,-34.97,-126.43,0.0,-0.1438849435344125,0.023980823922402,-0.1678657674568146,0.0,28,30,30,30,29,-7,-125,0,-50,-37,12.8,12.8,12.7,12.7,12.7,-999,-999,-999,0.0,0.0,0.0
1.712336778640747,-0.013805885995833,0.0306797466574067,0.1733405686143479,1.0983349303351606,-1.2716754989495085,-11.061285383725718,-0.013805885995833,-0.004601961998611,0.18254449261157,1.0768591076749758,-1.2811303110522938,-11.078726216542444,-2.69,-266.31,-96.84,-32.28,-129.12,0.0,-0.1678657674568146,0.0479616478448041,-0.1918465913792167,0.0,28,30,30,30,30,-7,-125,6,-57,-37,12.8,12.8,12.7,12.7,12.7,-999,-999,-999,0.0,0.0,0.0
1.7293331623077393,-0.013805885995833,0.027611771991666,0.1779425306129589,1.0921989810036792,-1.2716754989495085,-11.061285383725718,-0.013805885995833,-0.0076699366643516,0.1886804419430513,1.0707231583434946,-1.2811303110522938,-11.078726216542444,-2.69,-322.8,-88.77,-32.28,-129.12,0.0,-0.1678657674568146,0.0959232956896083,-0.2158274153016187,0.0,28,30,30,30,30,0,-182,43,-57,-37,12.8,12.8,12.7,12.7,12.7,-999,-999,-999,0.0,0.0,0.0
1.7462825775146484,-0.013805885995833,0.023009809993055,0.18254449261157,1.0875970190050683,-1.2716754989495085,-11.061285383725718,-0.013805885995833,-0.0076699366643516,0.1886804419430513,1.0707231583434946,-1.2811303110522938,-11.078726216542444,-2.69,-277.07,-88.77,-32.28,-126.43,0.0,-0.1678657674568146,0.1438849435344125,-0.2398082392240208,0.0,28,31,30,30,30,0,-125,12,-63,-37,12.8,12.8,12.7,12.7,12.7,-999,-999,-999,0.0,0.0,0.0
1.763288974761963,-0.013805885995833,0.0199418353273143,0.1871464546101809,1.081461069673587,-1.2716754989495085,-11.061285383725718,-0.013805885995833,-0.0122718986629626,0.1948163912745326,1.0630532216791428,-1.2811303110522938,-11.078726216542444,-2.69,-290.52,-110.29,-40.35,-129.12,0.0,-0.1918465913792167,0.1918465913792167,-0.263789063146423,0.0,28,31,30,30,30,0,-132,18,-63,-37,12.8,12.7,12.7,12.7,12.6,-999,-999,-999,0.0,0.0,0.0
1.7802832126617432,-0.013805885995833,0.0168738606615736,0.1932824039416623,1.0753251203421057,-1.2716754989495085,-11.061285383725718,-0.013805885995833,-0.0214758226601847,0.210156264603236,1.0461793610175691,-1.2811303110522938,-11.078726216542444,-2.69,-287.83,-137.19,-5.38,-123.74,0.0,-0.1918465913792167,0.2398082392240208,-0.287769887068825,0.0,28,31,30,30,30,6,-138,18,-63,-37,12.8,12.7,12.7,12.6,12.6,-999,-999,-999,0.0,0.0,0.0
1.7972958087921145,-0.013805885995833,0.0122718986629626,0.200952340606014,1.0707231583434946,-1.2716754989495085,-11.061285383725718,-0.013805885995833,-0.0214758226601847,0.210156264603236,1.0461793610175691,-1.2811303110522938,-11.078726216542444,-2.69,-312.04,-118.36,-51.11,-126.43,0.0,-0.1918465913792167,0.287769887068825,-0.3117507109912271,0.0,28,31,31,30,31,0,-138,56,-94,-37,12.7,12.8,12.7,12.6,12.6,-999,-999,-999,0.0,0.0,0.0
1.814314603805542,-0.013805885995833,0.0076699366643516,0.2070882899374953,1.0630532216791428,-1.2716754989495085,-11.061285383725718,-0.0122718986629626,-0.0337477213231473,0.2254961379319394,1.027771513023125,-1.2811303110522938,-11.078726216542444,-2.69,-312.04,-123.74,-40.35,-126.43,0.0,-0.1918465913792167,0.3357315349136292,-0.3357315349136292,0.0,28,31,31,30,30,6,-194,25,-75,-37,12.8,12.7,12.7,12.3,12.6,-999,-999,-999,0.0,0.0,0.0
1.8312804698944087,-0.013805885995833,0.004601961998611,0.214758226601847,1.053849297681921,-1.2716754989495085,-11.061285383725718,-0.0122718986629626,-0.0337477213231473,0.2254961379319394,1.027771513023125,-1.2811303110522938,-11.078726216542444,-2.69,-285.14,-123.74,-43.04,-131.81,0.0,-0.2158274153016187,0.3597123588360313,-0.3357315349136292,0.0,28,30,31,30,30,6,-144,31,-82,-37,12.7,12.7,12.5,12.6,12.6,-999,-999,-999,0.0,0.0,0.0
1.848313570022583,-0.013805885995833,-0.0015339873328703,0.2224281632661987,1.0477133483504395,-1.2716754989495085,-11.061285383725718,-0.013805885995833,-0.0444856326532397,0.2469719605921241,1.0047617030300702,-1.2811303110522938,-11.078726216542444,0.0,-277.07,-131.81,-45.73,-129.12,0.0,-0.2398082392240208,0.3836931827584334,-0.3597123588360313,0.0,28,31,30,30,30,0,-144,25,-88,-43,12.8,12.7,12.7,12.6,12.6,-999,-999,-999,0.0,0.0,0.0
1.865286350250244,-0.013805885995833,-0.0061359493314813,0.2300980999305504,1.0400434116860875,-1.2716754989495085,-11.061285383725718,-0.013805885995833,-0.0521555693175914,0.2561758845893461,0.9940237916999776,-1.2826642983851642,-11.081499542760595,0.0,-325.49,-129.12,-37.66,-126.43,0.0,-0.2398082392240208,0.4076740066808355,-0.3836931827584334,0.0,28,31,30,29,30,0,-200,31,-88,-37,12.8,12.7,12.7,12.7,12.6,-999,-999,-999,0.0,0.0,0.0
1.8822662830352783,-0.013805885995833,-0.0122718986629626,0.2377680365949021,1.0308394876888658,-1.2716754989495085,-11.061285383725718,-0.013805885995833,-0.0521555693175914,0.2561758845893461,0.9940237916999776,-1.2826642983851642,-11.081499542760595,0.0,-274.38,-126.43,-34.97,-131.81,0.0,-0.263789063146423,0.4316548306032375,-0.4076740066808355,0.0,28,31,30,30,30,0,-150,31,-88,-43,12.8,12.7,12.7,12.6,12.6,-999,-999,-999,0.0,0.0,0.0
1.8992621898651123,-0.013805885995833,-0.018407847994444,0.2454379732592537,1.023169551024514,-1.2716754989495085,-11.061285383725718,-0.013805885995833,-0.0582915186490727,0.2669137959194385,0.981751893037015,-1.2826642983851642,-11.081499542760595,0.0,-258.24,-131.81,-34.97,-126.43,0.0,-0.287769887068825,0.4316548306032375,-0.4316548306032375,0.0,28,30,30,30,30,0,-150,31,-94,-43,12.7,12.8,12.7,12.6,12.6,-999,-999,-999,0.0,0.0,0.0
1.91626238822937,-0.013805885995833,-0.0245437973259253,0.2531079099236054,1.0154996143601625,-1.2716754989495085,-11.061285383725718,-0.0122718986629626,-0.0659614553134244,0.2761177199166604,0.9694799943740524,-1.2826642983851642,-11.081499542760595,0.0,-263.62,-126.43,-32.28,-129.12,0.0,-0.3117507109912271,0.4556356545256396,-0.4316548306032375,0.0,28,30,30,30,30,6,-157,37,-88,-43,12.7,12.7,12.7,12.6,12.6,-999,-999,-999,0.0,0.0,0.0
1.9333655834198,-0.013805885995833,-0.032213733990277,0.2607778465879571,1.0078296776958109,-1.2716754989495085,-11.061285383725718,-0.0122718986629626,-0.0797673413092574,0.2975935425768451,0.9434022097152568,-1.2826642983851642,-11.081499542760595,0.0,-252.86,-118.36,-32.28,-126.43,0.0,-0.3357315349136292,0.4556356545256396,-0.4556356545256396,0.0,28,30,30,31,30,6,-157,37,-88,-37,12.7,12.7,12.7,12.5,12.6,-999,-999,-999,0.0,0.0,0.0
1.9502663612365725,-0.013805885995833,-0.0398836706546287,0.2699817705851791,0.9986257536985887,-1.2716754989495085,-11.061285383725718,-0.0122718986629626,-0.0797673413092574,0.2975935425768451,0.9434022097152568,-1.2826642983851642,-11.081499542760595,0.0,-250.17,-121.05,-16.14,-134.5,0.0,-0.3597123588360313,0.4556356545256396,-0.4556356545256396,0.0,28,31,30,31,30,6,-157,37,-88,-43,12.7,12.7,12.7,12.6,12.6,-999,-999,-999,0.0,0.0,0.0
1.9672908782958984,-0.013805885995833,-0.04601961998611,0.2776517072495308,0.9894218297013668,-1.2716754989495085,-11.061285383725718,-0.0122718986629626,-0.0874372779736091,0.3083314539069375,0.9326642983851644,-1.2826642983851642,-11.081499542760595,0.0,-252.86,-150.64,-48.42,-134.5,0.0,-0.3836931827584334,0.4556356545256396,-0.4556356545256396,0.0,28,31,30,31,30,6,-150,-1,-94,-43,12.7,12.7,12.7,12.6,12.6,-999,-999,-999,0.0,0.0,0.0
1.9843120574951167,-0.013805885995833,-0.0521555693175914,0.2868556312467528,0.981751893037015,-1.2716754989495085,-11.061285383725718,-0.0122718986629626,-0.1027771513023125,0.3298072765671222,0.9081205010592388,-1.2826642983851642,-11.081499542760595,0.0,-242.1,-145.26,-16.14,-134.5,0.0,-0.3836931827584334,0.4556356545256396,-0.4556356545256396,0.0,28,31,30,31,30,6,-157,31,-88,-43,12.7,12.7,12.7,12.6,12.6,-999,-999,-999,0.0,0.0,0.0
2.00327730178833,-0.0153398733287033,-0.0613594933148134,0.2960595552439748,0.972547969039793,-1.2716754989495085,-11.061285383725718,-0.0122718986629626,-0.1104470879666641,0.3374772132314739,0.8973825897291465,-1.2826642983851642,-11.081499542760595,0.0,-269.0,-134.5,-18.83,-131.81,0.0,-0.4076740066808355,0.4796164784480417,-0.4556356545256396,0.0,28,31,29,31,30,6,-157,31,-88,-37,12.7,12.7,12.7,12.6,12.6,-999,-999,-999,0.0,0.0,0.0
2.0202693939208984,-0.013805885995833,-0.0690294299791651,0.3037294919083265,0.9648780323754412,-1.2716754989495085,-11.061285383725718,-0.0122718986629626,-0.1104470879666641,0.3374772132314739,0.8973825897291465,-1.2826642983851642,-11.081499542760595,-2.69,-228.65,-131.81,-16.14,-131.81,0.0,-0.4076740066808355,0.4796164784480417,-0.4556356545256396,0.0,28,31,30,31,30,6,-157,37,-88,-43,12.7,12.7,12.7,12.5,12.6,-999,-999,-999,0.0,0.0,0.0
2.0372745990753174,-0.0153398733287033,-0.0766993666435168,0.3129334159055486,0.954140121045349,-1.2716754989495085,-11.061285383725718,-0.0122718986629626,-0.1257869612953675,0.3574190485587883,0.8728387924032212,-1.2811303110522938,-11.078726216542444,2.69,-225.96,-134.5,-40.35,-134.5,0.0,-0.4076740066808355,0.4796164784480417,-0.4556356545256396,0.0,28,31,30,31,30,6,-157,31,-94,-43,12.7,12.7,12.7,12.6,12.4,-999,-999,-999,0.0,0.0,0.0
2.054276704788208,-0.0153398733287033,-0.0828353159749981,0.3206033525699002,0.9464701843809972,-1.2716754989495085,-11.061285383725718,-0.0107379113300923,-0.1334568979597192,0.3666229725560103,0.8621008810731289,-1.2826642983851642,-11.081499542760595,-13.45,-239.41,-145.26,-45.73,-118.36,0.0,-0.4076740066808355,0.4796164784480417,-0.4556356545256396,0.0,28,31,30,30,30,6,-163,31,-94,-37,12.7,12.7,12.7,12.6,12.5,-999,-999,-999,0.0,0.0,0.0
2.071265459060669,-0.013805885995833,-0.0905052526393498,0.3282732892342519,0.9388002477166456,-1.2716754989495085,-11.061285383725718,-0.0122718986629626,-0.1411268346240709,0.3758268965532323,0.8513629697430365,-1.2826642983851642,-11.081499542760595,18.83,-250.17,-142.57,-43.04,-131.81,0.0,-0.4316548306032375,0.4796164784480417,-0.4556356545256396,0.0,28,31,30,30,30,12,-157,31,-94,-37,12.7,12.7,12.4,12.6,12.6,-999,-999,-999,0.0,0.0,0.0
2.0903103351593018,-0.0153398733287033,-0.0997091766365718,0.3374772132314739,0.9295963237194236,-1.2716754989495085,-11.061285383725718,-0.0122718986629626,-0.1487967712884225,0.383496833217584,0.8406250584129441,-1.2826642983851642,-11.081499542760595,0.0,-269.0,-134.5,-34.97,-131.81,0.0,-0.4316548306032375,0.4796164784480417,-0.4556356545256396,0.0,28,31,30,30,30,6,-157,31,-88,-43,12.7,12.7,12.7,12.6,12.6,-999,-999,-999,0.0,0.0,0.0
2.107263326644897,-0.0153398733287033,-0.1073791133009235,0.3451471498958256,0.921926387055072,-1.2716754989495085,-11.061285383725718,-0.0122718986629626,-0.1564667079527743,0.392700757214806,0.8298871470828518,-1.2811303110522938,-11.078726216542444,5.38,-285.14,-102.22,-37.66,-131.81,0.0,-0.4316548306032375,0.4796164784480417,-0.4556356545256396,0.0,28,31,30,30,30,6,-213,37,-94,-43,12.7,12.7,12.7,12.6,12.6,-999,-999,-999,0.0,0.0,0.0
2.1242659091949463,-0.013805885995833,-0.1135150626324048,0.3528170865601773,0.9142564503907202,-1.2732094862823788,-11.064155754919572,-0.0122718986629626,-0.1626026572842556,0.3988367065462873,0.8191492357527594,-1.2826642983851642,-11.081499542760595,0.0,-239.41,-129.12,-56.49,-112.98,0.0,-0.4316548306032375,0.4796164784480417,-0.4556356545256396,0.0,28,31,28,30,30,12,-157,37,-94,-37,12.7,12.7,12.7,12.6,12.3,-999,-999,-999,0.0,0.0,0.0
2.141300678253174,-0.013805885995833,-0.1227189866296268,0.3604870232245289,0.903518539060628,-1.2716754989495085,-11.061285383725718,-0.0107379113300923,-0.1702725939486073,0.406506643210639,0.808411324422667,-1.2826642983851642,-11.081499542760595,16.14,-217.89,-137.19,-29.59,-126.43,0.0,-0.4316548306032375,0.4556356545256396,-0.4556356545256396,0.0,28,31,31,30,30,12,-150,31,-94,-37,12.7,12.7,12.7,12.6,12.6,-999,-999,-999,0.0,0.0,0.0
2.158237934112549,-0.0153398733287033,-0.1303889232939785,0.3681569598888806,0.8958486023962762,-1.2716754989495085,-11.061285383725718,-0.0107379113300923,-0.1702725939486073,0.406506643210639,0.808411324422667,-1.2826642983851642,-11.081499542760595,5.38,-236.72,-129.12,-26.9,-131.81,0.0,-0.4316548306032375,0.4556356545256396,-0.4556356545256396,0.0,28,31,31,30,31,12,-144,37,-88,-43,12.7,12.7,12.6,12.6,12.6,-999,-999,-999,0.0,0.0,0.0
2.1752712726593018,-0.013805885995833,-0.1365248726254599,0.3773608838861026,0.8881786657319245,-1.2716754989495085,-11.061285383725718,-0.0122718986629626,-0.1840784799444403,0.420312529206472,0.7884694890953527,-1.2811303110522938,-11.078726216542444,0.0,-242.1,-142.57,-45.73,-131.81,0.0,-0.4316548306032375,0.4556356545256396,-0.4556356545256396,0.0,28,31,31,30,31,6,-150,31,-94,-37,12.7,12.7,12.7,12.6,12.6,-999,-999,-999,0.0,0.0,0.0
2.192270040512085,-0.013805885995833,-0.1441948092898116,0.3850308205504543,0.8805087290675728,-1.2716754989495085,-11.061285383725718,-0.0107379113300923,-0.1902144292759216,0.4264484785379534,0.7792655650981307,-1.2826642983851642,-11.081499542760595,0.0,-220.58,-131.81,-56.49,-121.05,0.0,-0.4316548306032375,0.4556356545256396,-0.4556356545256396,0.0,28,31,31,30,31,6,-150,31,-94,-37,12.7,12.8,12.7,12.6,12.6,-999,-999,-999,0.0,0.0,0.0
2.2092981338500977,-0.013805885995833,-0.1518647459541632,0.3942347445476764,0.8713048050703509,-1.2732094862823788,-11.064155754919572,-0.0107379113300923,-0.196350378607403,0.4310504405365644,0.7685276537680383,-1.2826642983851642,-11.081499542760595,21.52,-225.96,-142.57,-40.35,-129.12,0.0,-0.4316548306032375,0.4796164784480417,-0.4556356545256396,0.0,28,31,31,30,31,12,-144,31,-94,-43,12.7,12.7,12.7,12.6,12.6,-999,-999,-999,0.0,0.0,0.0
2.2262654304504395,-0.0122718986629626,-0.1580006952856446,0.401904681212028,0.8636348684059991,-1.2732094862823788,-11.064155754919572,-0.0107379113300923,-0.2024863279388843,0.4371863898680457,0.757789742437946,-1.2826642983851642,-11.081499542760595,-5.38,-215.2,-131.81,-61.87,-129.12,0.0,-0.4316548306032375,0.4796164784480417,-0.4556356545256396,0.0,28,30,31,30,31,6,-150,37,-94,-37,12.7,12.7,12.7,12.6,12.4,-999,-999,-999,0.0,0.0,0.0
2.2432689666748047,-0.0122718986629626,-0.1656706319499963,0.4095746178763797,0.8559649317416475,-1.2732094862823788,-11.064155754919572,-0.0107379113300923,-0.2086222772703657,0.4433223391995271,0.7470518311078537,-1.2826642983851642,-11.081499542760595,-2.69,-201.75,-142.57,-51.11,-131.81,0.0,-0.4076740066808355,0.4796164784480417,-0.4556356545256396,0.0,28,30,32,30,31,6,-144,31,-94,-43,12.7,12.5,12.7,12.7,12.4,-999,-999,-999,0.0,0.0,0.0
2.26027512550354,-0.0122718986629626,-0.1718065812814776,0.4187785418736017,0.8467610077444254,-1.2716754989495085,-11.061285383725718,-0.0107379113300923,-0.214758226601847,0.4494582885310084,0.7378479071106316,-1.2826642983851642,-11.081499542760595,-2.69,-212.51,-147.95,-43.04,-129.12,0.0,-0.4076740066808355,0.4796164784480417,-0.4556356545256396,0.0,28,30,31,30,31,6,-138,31,-94,-43,12.7,12.7,12.7,12.7,12.6,-999,-999,-999,0.0,0.0,0.0
2.27729606628418,-0.0122718986629626,-0.1794765179458293,0.4264484785379534,0.8390910710800737,-1.2732094862823788,-11.064155754919572,-0.0107379113300923,-0.2208941759333283,0.4555942378624898,0.7255760084476689,-1.2826642983851642,-11.081499542760595,-2.69,-212.51,-131.81,-69.94,-126.43,0.0,-0.4076740066808355,0.4796164784480417,-0.4556356545256396,0.0,28,30,31,30,31,6,-138,37,-94,-37,12.7,12.7,12.7,12.6,12.6,-999,-999,-999,0.0,0.0,0.0
2.294271945953369,-0.0122718986629626,-0.1871464546101809,0.4341184152023051,0.8283531597499815,-1.2732094862823788,-11.064155754919572,-0.0107379113300923,-0.2270301252648097,0.4617301871939711,0.7148380971175766,-1.2826642983851642,-11.081499542760595,0.0,-236.72,-118.36,-40.35,-126.43,0.0,-0.4076740066808355,0.4796164784480417,-0.4556356545256396,0.0,28,30,31,30,31,6,-138,37,-94,-37,12.7,12.7,12.7,12.7,12.6,-999,-999,-999,0.0,0.0,0.0
2.3112688064575195,-0.0122718986629626,-0.1932824039416623,0.4433223391995271,0.8206832230856298,-1.2716754989495085,-11.061285383725718,-0.0107379113300923,-0.233166074596291,0.4678661365254525,0.7056341731203546,-1.2811303110522938,-11.078726216542444,0.0,-199.06,-134.5,-45.73,-131.81,0.0,-0.4076740066808355,0.4556356545256396,-0.4796164784480417,0.0,28,30,30,30,31,6,-132,31,-94,-37,12.8,12.7,12.7,12.7,12.6,-999,-999,-999,0.0,0.0,0.0
2.328291654586792,-0.0122718986629626,-0.1994183532731436,0.4525262631967491,0.8130132864212781,-1.2732094862823788,-11.064155754919572,-0.009203923997222,-0.2377680365949021,0.4709341111911931,0.6948962617902622,-1.2826642983851642,-11.081499542760595,0.0,-193.68,-131.81,-48.42,-96.84,0.0,-0.3836931827584334,0.4556356545256396,-0.4796164784480417,0.0,28,30,30,30,31,6,-132,37,-94,-31,12.8,12.7,12.7,12.6,12.6,-999,-999,-999,0.0,0.0,0.0
2.345305919647217,-0.0122718986629626,-0.205554302604625,0.4601961998611008,0.8053433497569265,-1.2732094862823788,-11.064155754919572,-0.0107379113300923,-0.2454379732592537,0.4755360731898042,0.6826243631272996,-1.2826642983851642,-11.081499542760595,18.83,-190.99,-150.64,-67.25,-126.43,0.0,-0.3836931827584334,0.4556356545256396,-0.4796164784480417,0.0,28,31,30,31,31,12,-132,31,-94,-37,12.8,12.7,12.6,12.6,12.6,-999,-999,-999,0.0,0.0,0.0
2.362244367599488,-0.0122718986629626,-0.2116902519361063,0.4694001238583228,0.7961394257597044,-1.2732094862823788,-11.064155754919572,-0.0076699366643516,-0.2500399352578648,0.4801380351884152,0.6718864517972072,-1.2826642983851642,-11.081499542760595,0.0,-250.17,-147.95,-45.73,-126.43,0.0,-0.3597123588360313,0.4796164784480417,-0.4796164784480417,0.0,28,31,30,30,30,6,-132,18,-94,-37,12.7,12.8,12.7,12.8,12.6,-999,-999,-999,0.0,0.0,0.0
2.381275653839112,-0.0107379113300923,-0.2178262012675877,0.4770700605226745,0.7869355017624824,-1.2732094862823788,-11.064155754919572,-0.0076699366643516,-0.2561758845893461,0.4832060098541558,0.6596145531342444,-1.2826642983851642,-11.081499542760595,51.11,-215.2,-145.26,-56.49,-126.43,0.0,-0.3597123588360313,0.4556356545256396,-0.4556356545256396,0.0,28,31,30,30,30,80,-125,6,-94,-37,12.8,12.8,12.7,12.5,12.6,-999,-999,-999,0.0,0.0,0.0
2.3982484340667725,-0.0107379113300923,-0.2224281632661987,0.4816720225212855,0.7807995524310011,-1.2732094862823788,-11.064155754919572,-0.004601961998611,-0.2607778465879571,0.4862739845198965,0.6458086671384115,-1.2826642983851642,-11.081499542760595,0.0,-263.62,-150.64,-69.94,-126.43,0.0,-0.3357315349136292,0.4316548306032375,-0.4556356545256396,0.0,28,31,30,31,30,12,-125,0,-94,-37,12.8,12.7,12.7,12.4,12.6,-999,-999,-999,0.0,0.0,0.0
2.415250539779663,-0.009203923997222,-0.2270301252648097,0.4862739845198965,0.771595628433779,-1.2716754989495085,-11.061285383725718,-0.0030679746657406,-0.2669137959194385,0.4893419591856371,0.6350707558083191,-1.2826642983851642,-11.081499542760595,10.76,-269.0,-147.95,-37.66,-126.43,0.023980823922402,-0.3117507109912271,0.3836931827584334,-0.4556356545256396,0.0,28,31,30,31,30,12,-132,-7,-94,-37,12.7,12.7,12.7,12.6,12.6,-999,-999,-999,0.0,0.0,0.0
2.432271718978882,-0.0076699366643516,-0.233166074596291,0.4908759465185075,0.762391704436557,-1.2732094862823788,-11.064155754919572,-0.0030679746657406,-0.2715157579180495,0.4924099338513779,0.6227988571453564,-1.2826642983851642,-11.081499542760595,0.0,-250.17,-110.29,-56.49,-126.43,0.023980823922402,-0.3117507109912271,0.3357315349136292,-0.4556356545256396,0.0,28,31,30,30,30,18,-125,-13,-94,-37,12.7,12.6,12.7,12.6,12.6,-999,-999,-999,0.0,0.0,0.0
2.4492297172546387,-0.0061359493314813,-0.2377680365949021,0.4939439211842482,0.753187780439335,-1.2732094862823788,-11.064155754919572,-0.0030679746657406,-0.2715157579180495,0.4924099338513779,0.6227988571453564,-1.2826642983851642,-11.081499542760595,0.0,-228.65,-99.53,-53.8,-126.43,0.0479616478448041,-0.287769887068825,0.263789063146423,-0.4556356545256396,0.0,28,31,30,30,31,12,-132,-7,-94,-37,12.7,12.7,12.7,12.6,12.6,-999,-999,-999,0.0,0.0,0.0
2.466272115707397,-0.004601961998611,-0.2423699985935131,0.4970118958499888,0.7455178437749833,-1.2732094862823788,-11.064155754919572,-0.0030679746657406,-0.2791856945824011,0.4970118958499888,0.5997890471523014,-1.2826642983851642,-11.081499542760595,8.07,-204.44,-67.25,-59.18,-126.43,0.0719424717672062,-0.287769887068825,0.2398082392240208,-0.4556356545256396,0.0,28,30,30,30,31,12,-119,-13,-94,-37,12.8,12.7,12.7,12.7,12.6,-999,-999,-999,0.0,0.0,0.0
2.483275890350342,-0.0030679746657406,-0.2500399352578648,0.4985458831828592,0.7378479071106316,-1.2732094862823788,-11.064155754919572,-0.0030679746657406,-0.2822536692481418,0.4985458831828592,0.5859831611564683,-1.2826642983851642,-11.081499542760595,-5.38,-196.37,-61.87,-78.01,-126.43,0.0719424717672062,-0.287769887068825,0.2158274153016187,-0.4556356545256396,0.0,28,30,30,30,31,6,-119,-13,-94,-37,12.8,12.7,12.7,12.7,12.6,-999,-999,-999,0.0,0.0,0.0
2.5002756118774414,-0.0015339873328703,-0.2546418972564758,0.5016138578485999,0.73017797044628,-1.2732094862823788,-11.064155754919572,-0.0015339873328703,-0.2853216439138825,0.5031478451814702,0.5737112624935057,-1.2826642983851642,-11.081499542760595,-2.69,-201.75,-59.18,-51.11,-129.12,0.0719424717672062,-0.287769887068825,0.1678657674568146,-0.4556356545256396,0.0,28,30,31,30,31,-7,-113,-13,-94,-37,12.7,12.7,12.7,12.7,12.6,-999,-999,-999,0.0,0.0,0.0
2.5182406902313232,-0.0015339873328703,-0.2592438592550868,0.5031478451814702,0.7209740464490579,-1.2732094862823788,-11.064155754919572,-0.0015339873328703,-0.2883896185796232,0.5062158198472109,0.5629733511634133,-1.2826642983851642,-11.081499542760595,5.38,-193.68,-40.35,-67.25,-126.43,0.0719424717672062,-0.287769887068825,0.1438849435344125,-0.4556356545256396,0.0,28,30,31,30,31,0,-107,-7,-100,-37,12.8,12.7,12.7,12.6,12.6,-999,-999,-999,0.0,0.0,0.0
2.535320520401001,-0.0015339873328703,-0.2638458212536978,0.5062158198472109,0.7102361351189656,-1.2732094862823788,-11.064155754919572,-0.0015339873328703,-0.2899236059124935,0.5092837945129516,0.5507014525004507,-1.2826642983851642,-11.081499542760595,-5.38,-196.37,-72.63,-51.11,-126.43,0.0479616478448041,-0.263789063146423,0.1438849435344125,-0.4556356545256396,0.0,28,30,31,30,31,0,-100,-7,-94,-37,12.8,12.7,12.8,12.6,12.5,-999,-999,-999,0.0,0.0,0.0
2.552263259887696,-0.0015339873328703,-0.2669137959194385,0.5092837945129516,0.7025661984546139,-1.2732094862823788,-11.064155754919572,-0.0015339873328703,-0.2929915805782341,0.5123517691786922,0.5384295538374879,-1.2826642983851642,-11.081499542760595,-2.69,-142.57,-115.67,-34.97,-126.43,0.023980823922402,-0.2398082392240208,0.1199041196120104,-0.4796164784480417,0.0,28,31,31,30,31,0,-44,6,-94,-37,12.8,12.8,12.8,12.7,12.5,-999,-999,-999,0.0,0.0,0.0
2.570221424102783,-0.0015339873328703,-0.2699817705851791,0.5123517691786922,0.6948962617902622,-1.2732094862823788,-11.064155754919572,0.0,-0.2945255679111045,0.5169537311773033,0.5276916425073956,-1.2826642983851642,-11.081499542760595,-2.69,-193.68,-91.46,-21.52,-126.43,0.0,-0.2158274153016187,0.1438849435344125,-0.4796164784480417,0.0,28,31,31,30,30,0,-94,31,-94,-37,12.8,12.8,12.7,12.7,12.6,-999,-999,-999,0.0,0.0,0.0
2.587252378463745,-0.0015339873328703,-0.2730497452509198,0.5169537311773033,0.6856923377930402,-1.2732094862823788,-11.064155754919572,0.0015339873328703,-0.2960595552439748,0.5215556931759142,0.5169537311773033,-1.2826642983851642,-11.081499542760595,-2.69,-180.23,-78.01,-64.56,-126.43,0.0,-0.1918465913792167,0.1438849435344125,-0.4796164784480417,0.0,28,30,31,30,30,6,-88,31,-100,-37,12.8,12.8,12.7,12.8,12.6,-999,-999,-999,0.0,0.0,0.0
2.604220628738404,-0.0015339873328703,-0.2745837325837901,0.5200217058430439,0.6780224011286885,-1.2732094862823788,-11.064155754919572,0.0015339873328703,-0.2960595552439748,0.5215556931759142,0.5169537311773033,-1.2826642983851642,-11.081499542760595,40.35,-190.99,-129.12,-48.42,-129.12,0.0,-0.1678657674568146,0.1678657674568146,-0.4796164784480417,0.0,28,30,31,30,30,18,-88,0,-94,-37,12.7,12.8,12.7,12.7,12.6,-999,-999,-999,0.0,0.0,0.0
2.6213035583496094,-0.0030679746657406,-0.2776517072495308,0.5230896805087846,0.6703524644643368,-1.2732094862823788,-11.064155754919572,0.0030679746657406,-0.3006615172425858,0.5292256298402659,0.4939439211842482,-1.2826642983851642,-11.081499542760595,24.21,-217.89,-126.43,-59.18,-129.12,0.0,-0.1678657674568146,0.1918465913792167,-0.4556356545256396,0.0,28,31,31,30,31,18,-94,0,-94,-37,12.8,12.8,12.7,12.6,12.6,-999,-999,-999,0.0,0.0,0.0
2.638319969177246,0.0,-0.2791856945824011,0.5276916425073956,0.6611485404671148,-1.2732094862823788,-11.064155754919572,0.0030679746657406,-0.3037294919083265,0.5353615791717473,0.4832060098541558,-1.2826642983851642,-11.081499542760595,5.38,-199.06,-134.5,-67.25,-131.81,0.0,-0.1438849435344125,0.2158274153016187,-0.4556356545256396,0.0,28,31,31,30,30,18,-88,0,-88,-37,12.8,12.8,12.7,12.7,12.6,-999,-999,-999,0.0,0.0,0.0
2.657200574874878,0.0,-0.2807196819152714,0.533827591838877,0.6534786038027631,-1.2732094862823788,-11.064155754919572,0.0030679746657406,-0.3052634792411968,0.5384295538374879,0.4724680985240634,-1.2826642983851642,-11.081499542760595,0.0,-225.96,-126.43,-48.42,-126.43,0.0,-0.0959232956896083,0.2158274153016187,-0.4556356545256396,0.0,28,31,31,31,30,12,-100,0,-94,-37,12.8,12.7,12.7,12.7,12.6,-999,-999,-999,0.0,0.0,0.0
2.6742870807647705,0.0015339873328703,-0.2837876565810122,0.5368955665046176,0.6442746798055411,-1.2732094862823788,-11.064155754919572,0.0030679746657406,-0.3083314539069375,0.5414975285032286,0.4601961998611008,-1.2826642983851642,-11.081499542760595,5.38,-193.68,-142.57,-43.04,-126.43,0.023980823922402,-0.0959232956896083,0.2158274153016187,-0.4556356545256396,0.0,28,31,31,31,30,12,-94,0,-119,-37,12.8,12.8,12.7,12.6,12.2,-999,-999,-999,0.0,0.0,0.0
2.691251039505005,0.0015339873328703,-0.2853216439138825,0.543031515836099,0.6350707558083191,-1.2716754989495085,-11.061285383725718,0.004601961998611,-0.3113994285726782,0.54763347783471,0.4494582885310084,-1.2826642983851642,-11.081499542760595,0.0,-199.06,-118.36,-56.49,-126.43,0.023980823922402,-0.0959232956896083,0.2398082392240208,-0.4556356545256396,0.0,28,30,31,30,30,0,-94,-7,-94,-37,12.8,12.8,12.7,12.7,12.6,-999,-999,-999,0.0,0.0,0.0
2.708247184753418,0.004601961998611,-0.2868556312467528,0.5460994905018396,0.6274008191439674,-1.2732094862823788,-11.064155754919572,0.004601961998611,-0.3144674032384189,0.5522354398333209,0.4387203772009161,-1.2826642983851642,-11.081499542760595,0.0,-209.82,-64.56,-56.49,-126.43,0.0479616478448041,-0.1199041196120104,0.2398082392240208,-0.4556356545256396,0.0,28,30,31,30,30,0,-100,24,-94,-37,12.8,12.7,12.7,12.7,12.6,-999,-999,-999,0.0,0.0,0.0
2.725264310836792,0.0061359493314813,-0.2899236059124935,0.5507014525004507,0.6197308824796157,-1.2732094862823788,-11.064155754919572,0.0030679746657406,-0.3160013905712892,0.5583713891648023,0.4279824658708237,-1.2826642983851642,-11.081499542760595,-2.69,-193.68,-139.88,-37.66,-126.43,0.0479616478448041,-0.1199041196120104,0.2158274153016187,-0.4556356545256396,0.0,28,30,31,30,30,-7,-100,-7,-100,-37,12.8,12.8,12.7,12.6,12.6,-999,-999,-999,0.0,0.0,0.0
2.7422494888305664,0.0061359493314813,-0.2945255679111045,0.5537694271661913,0.6105269584823937,-1.2732094862823788,-11.064155754919572,0.004601961998611,-0.3190693652370299,0.5645073384962837,0.4172445545407314,-1.2826642983851642,-11.081499542760595,0.0,-199.06,-104.91,-64.56,-126.43,0.0479616478448041,-0.1438849435344125,0.2158274153016187,-0.4556356545256396,0.0,28,30,31,30,30,-7,-88,0,-100,-37,12.8,12.6,12.7,12.7,12.5,-999,-999,-999,0.0,0.0,0.0
2.7592618465423584,0.004601961998611,-0.2960595552439748,0.556837401831932,0.602857021818042,-1.2732094862823788,-11.064155754919572,0.0030679746657406,-0.3221373399027705,0.570643287827765,0.406506643210639,-1.2826642983851642,-11.081499542760595,8.07,-201.75,-96.84,-45.73,-129.12,0.0479616478448041,-0.1438849435344125,0.2158274153016187,-0.4556356545256396,0.0,28,30,31,30,30,0,-94,12,-100,-43,12.8,12.8,12.7,12.7,12.6,-999,-999,-999,0.0,0.0,0.0
2.776245594024658,0.004601961998611,-0.3006615172425858,0.5629733511634133,0.5951870851536903,-1.2732094862823788,-11.064155754919572,0.004601961998611,-0.3252053145685112,0.575245249826376,0.3957687318805467,-1.2826642983851642,-11.081499542760595,0.0,-185.61,-123.74,-43.04,-126.43,0.023980823922402,-0.1438849435344125,0.2158274153016187,-0.4556356545256396,0.0,28,30,31,30,30,-7,-38,18,-100,-37,12.8,12.8,12.7,12.7,12.6,-999,-999,-999,0.0,0.0,0.0
2.7935280799865723,0.004601961998611,-0.3037294919083265,0.570643287827765,0.5859831611564683,-1.2732094862823788,-11.064155754919572,0.004601961998611,-0.3282732892342519,0.5829151864907277,0.3865648078833247,-1.2826642983851642,-11.081499542760595,2.69,-123.74,-123.74,-91.46,-126.43,0.0,-0.1678657674568146,0.2398082392240208,-0.4796164784480417,0.0,27,30,31,30,30,6,-88,18,-94,-37,12.8,12.8,12.7,12.7,12.6,-999,-999,-999,0.0,0.0,0.0
2.811253309249878,0.0030679746657406,-0.3052634792411968,0.575245249826376,0.5767792371592464,-1.2732094862823788,-11.064155754919572,0.004601961998611,-0.3313412638999926,0.589051135822209,0.3773608838861026,-1.2826642983851642,-11.081499542760595,0.0,-204.44,-134.5,-51.11,-126.43,0.0,-0.1678657674568146,0.287769887068825,-0.4796164784480417,0.0,27,31,30,31,30,6,-144,12,-100,-37,12.8,12.8,12.7,12.7,12.6,-999,-999,-999,0.0,0.0,0.0
2.8282527923583984,0.0030679746657406,-0.3083314539069375,0.5813811991578574,0.5691093004948946,-1.2732094862823788,-11.064155754919572,0.0030679746657406,-0.3374772132314739,0.5951870851536903,0.3681569598888806,-1.2826642983851642,-11.081499542760595,0.0,-196.37,-150.64,-45.73,-126.43,0.0,-0.1678657674568146,0.3117507109912271,-0.4796164784480417,0.0,27,31,30,31,30,6,-94,12,-94,-37,12.8,12.8,12.8,12.7,12.6,-999,-999,-999,0.0,0.0,0.0
2.845266580581665,0.0030679746657406,-0.3113994285726782,0.589051135822209,0.5599053764976727,-1.2732094862823788,-11.064155754919572,0.0030679746657406,-0.3405451878972146,0.602857021818042,0.3589530358916586,-1.2826642983851642,-11.081499542760595,-2.69,-247.48,-145.26,-69.94,-131.81,-0.023980823922402,-0.1678657674568146,0.3357315349136292,-0.4796164784480417,0.0,27,31,30,31,30,6,-100,12,-94,-37,12.8,12.8,12.8,12.7,12.6,-999,-999,-999,0.0,0.0,0.0
2.862256050109864,0.0015339873328703,-0.3144674032384189,0.5951870851536903,0.5507014525004507,-1.2732094862823788,-11.064155754919572,0.0030679746657406,-0.3466811372286959,0.6105269584823937,0.3497491118944366,-1.2826642983851642,-11.081499542760595,-2.69,-201.75,-142.57,-10.76,-126.43,-0.023980823922402,-0.1678657674568146,0.3597123588360313,-0.4796164784480417,0.0,27,30,30,31,31,6,-107,12,-94,-37,12.8,12.9,12.7,12.7,12.6,-999,-999,-999,0.0,0.0,0.0
2.879257917404175,0.0015339873328703,-0.3175353779041595,0.6013230344851717,0.5445655031689692,-1.2732094862823788,-11.064155754919572,0.0015339873328703,-0.3512830992273069,0.6166629078138751,0.3420791752300849,-1.2826642983851642,-11.081499542760595,0.0,-239.41,-153.32999999999998,-67.25,-126.43,-0.023980823922402,-0.1678657674568146,0.3597123588360313,-0.4556356545256396,0.0,27,30,30,31,30,6,-113,18,-100,-37,12.8,12.7,12.7,12.6,12.6,-999,-999,-999,0.0,0.0,0.0
2.8962326049804688,0.0015339873328703,-0.3221373399027705,0.6089929711495234,0.5353615791717473,-1.2732094862823788,-11.064155754919572,0.0,-0.3589530358916586,0.6243328444782268,0.3328752512328629,-1.2826642983851642,-11.081499542760595,0.0,-201.75,-129.12,-18.83,-126.43,-0.023980823922402,-0.1678657674568146,0.3597123588360313,-0.4556356545256396,0.0,27,30,30,30,30,0,-119,56,-100,-37,12.8,12.7,12.7,12.7,12.6,-999,-999,-999,0.0,0.0,0.0
2.9132986068725586,0.0015339873328703,-0.3267393019013815,0.6151289204810048,0.5261576551745253,-1.2732094862823788,-11.064155754919572,-0.0015339873328703,-0.3666229725560103,0.6304687938097081,0.3221373399027705,-1.2826642983851642,-11.081499542760595,0.0,-217.89,-139.88,-26.9,-126.43,0.0,-0.1918465913792167,0.3836931827584334,-0.4556356545256396,0.0,27,30,30,30,31,-7,-113,18,-94,-37,12.8,12.7,12.7,12.7,12.6,-999,-999,-999,0.0,0.0,0.0
2.930241107940674,0.0015339873328703,-0.3328752512328629,0.6227988571453564,0.5200217058430439,-1.2732094862823788,-11.064155754919572,-0.0015339873328703,-0.3666229725560103,0.6304687938097081,0.3221373399027705,-1.2826642983851642,-11.081499542760595,32.28,-166.78,-150.64,-43.04,-126.43,0.0,-0.2398082392240208,0.3836931827584334,-0.4556356545256396,0.0,27,30,30,30,31,-13,-119,18,-100,-37,12.8,12.7,12.7,12.6,12.6,-999,-999,-999,0.0,0.0,0.0
2.947277307510376,0.0,-0.3390112005643442,0.6289348064768377,0.5108177818458219,-1.2732094862823788,-11.064155754919572,-0.0030679746657406,-0.3850308205504543,0.6442746798055411,0.3037294919083265,-1.2826642983851642,-11.081499542760595,45.73,-182.92,-153.32999999999998,-48.42,-126.43,0.0,-0.263789063146423,0.3836931827584334,-0.4556356545256396,0.0,27,30,30,30,31,-13,-125,18,-100,-37,12.8,12.4,12.7,12.6,12.6,-999,-999,-999,0.0,0.0,0.0
2.964283227920532,0.0,-0.3451471498958256,0.6366047431411894,0.5016138578485999,-1.2716754989495085,-11.061285383725718,-0.0030679746657406,-0.3957687318805467,0.6519446164698928,0.2945255679111045,-1.2826642983851642,-11.081499542760595,43.04,-193.68,-145.26,-56.49,-126.43,0.0,-0.3117507109912271,0.3836931827584334,-0.4556356545256396,0.0,27,30,30,29,31,-13,-132,12,-100,-37,12.8,12.7,12.7,12.6,12.6,-999,-999,-999,0.0,0.0,0.0
2.9813270568847656,0.0,-0.3528170865601773,0.6427406924726707,0.4939439211842482,-1.2732094862823788,-11.064155754919572,-0.0030679746657406,-0.4080406305435093,0.6596145531342444,0.2853216439138825,-1.2826642983851642,-11.081499542760595,40.35,-201.75,-139.88,-37.66,-126.43,0.0,-0.3357315349136292,0.3836931827584334,-0.4556356545256396,0.0,27,30,30,31,31,-13,-138,18,-100,-37,12.8,12.8,12.7,12.7,12.6,-999,-999,-999,0.0,0.0,0.0
2.999234676361084,-0.0015339873328703,-0.3604870232245289,0.6504106291370224,0.4847399971870262,-1.2732094862823788,-11.064155754919572,-0.0030679746657406,-0.4187785418736017,0.6672844897985961,0.2761177199166604,-1.2826642983851642,-11.081499542760595,10.76,-201.75,-126.43,-43.04,-126.43,-0.023980823922402,-0.3597123588360313,0.3836931827584334,-0.4556356545256396,0.0,28,30,30,31,31,-7,-144,25,-94,-37,12.6,12.5,12.7,12.7,12.6,-999,-999,-999,0.0,0.0,0.0
3.016274929046631,-0.0015339873328703,-0.3681569598888806,0.6580805658013742,0.4770700605226745,-1.2732094862823788,-11.064155754919572,-0.0030679746657406,-0.4310504405365644,0.6764884137958181,0.2684477832523088,-1.2826642983851642,-11.081499542760595,-2.69,-177.54,-137.19,-75.32,-126.43,-0.023980823922402,-0.3836931827584334,0.3836931827584334,-0.4556356545256396,0.0,28,30,30,30,31,-7,-144,25,-100,-37,12.7,12.7,12.7,12.6,12.6,-999,-999,-999,0.0,0.0,0.0
3.033252000808716,-0.0030679746657406,-0.3758268965532323,0.6657505024657259,0.4694001238583228,-1.2732094862823788,-11.064155754919572,-0.0030679746657406,-0.4417883518666567,0.6856923377930402,0.2623118339208274,-1.2826642983851642,-11.081499542760595,0.0,-166.78,-147.95,-69.94,-126.43,-0.023980823922402,-0.4076740066808355,0.4076740066808355,-0.4556356545256396,0.0,28,30,30,30,31,6,-144,12,-100,-37,12.7,12.8,12.7,12.6,12.6,-999,-999,-999,0.0,0.0,0.0
3.050220012664795,-0.004601961998611,-0.3850308205504543,0.6718864517972072,0.4601961998611008,-1.2716754989495085,-11.061285383725718,-0.0030679746657406,-0.4417883518666567,0.6856923377930402,0.2623118339208274,-1.2826642983851642,-11.081499542760595,0.0,-172.16,-115.67,-34.97,-126.43,-0.023980823922402,-0.4316548306032375,0.4076740066808355,-0.4556356545256396,0.0,28,30,32,30,30,6,-138,25,-100,-37,12.8,12.8,12.8,12.7,12.6,-999,-999,-999,0.0,0.0,0.0
3.0672168731689453,-0.0061359493314813,-0.392700757214806,0.6780224011286885,0.4525262631967491,-1.2732094862823788,-11.064155754919572,-0.0015339873328703,-0.4540602505296194,0.6933622744573918,0.2561758845893461,-1.2826642983851642,-11.081499542760595,13.45,-177.54,-126.43,-45.73,-126.43,-0.0479616478448041,-0.4556356545256396,0.4076740066808355,-0.4556356545256396,0.0,28,30,31,30,30,18,-144,25,-100,-37,12.7,12.7,12.7,12.6,12.6,-999,-999,-999,0.0,0.0,0.0
3.0842151641845703,-0.0061359493314813,-0.4003706938791577,0.6872263251259105,0.4433223391995271,-1.2732094862823788,-11.064155754919572,0.0,-0.4647981618597118,0.7010322111217435,0.2485059479249944,-1.2826642983851642,-11.081499542760595,13.45,-172.16,-134.5,-59.18,-126.43,-0.0479616478448041,-0.4556356545256396,0.4076740066808355,-0.4556356545256396,0.0,27,30,30,30,30,25,-144,31,-100,-37,12.7,12.7,12.7,12.6,12.6,-999,-999,-999,0.0,0.0,0.0
3.101263523101806,-0.004601961998611,-0.4080406305435093,0.6948962617902622,0.4356524025351754,-1.2732094862823788,-11.064155754919572,0.0,-0.4878079718527668,0.7194400591161876,0.2377680365949021,-1.2826642983851642,-11.081499542760595,0.0,-172.16,-137.19,-48.42,-126.43,-0.023980823922402,-0.4556356545256396,0.4076740066808355,-0.4796164784480417,0.0,27,30,30,30,30,18,-144,25,-100,-37,12.7,12.7,12.7,12.6,12.4,-999,-999,-999,0.0,0.0,0.0
3.1182334423065186,-0.0030679746657406,-0.4172445545407314,0.7025661984546139,0.4279824658708237,-1.2732094862823788,-11.064155754919572,0.0,-0.4878079718527668,0.7194400591161876,0.2377680365949021,-1.2826642983851642,-11.081499542760595,0.0,-142.57,-150.64,-83.39,-129.12,0.0,-0.4556356545256396,0.4316548306032375,-0.4796164784480417,0.0,27,30,30,30,30,12,-138,25,-94,-37,12.6,12.7,12.7,12.5,12.6,-999,-999,-999,0.0,0.0,0.0
3.135305643081665,-0.0015339873328703,-0.4264484785379534,0.7102361351189656,0.4187785418736017,-1.2732094862823788,-11.064155754919572,0.0015339873328703,-0.5108177818458219,0.7347799324448909,0.2300980999305504,-1.2841982857180343,-11.084257180785213,18.83,-123.74,-150.64,-91.46,-126.43,0.023980823922402,-0.4796164784480417,0.4316548306032375,-0.4796164784480417,0.0,27,30,30,30,30,12,-138,31,-100,-37,12.8,12.7,12.7,12.6,12.6,-999,-999,-999,0.0,0.0,0.0
3.1523118019104004,0.0,-0.4341184152023051,0.7194400591161876,0.4111086052092501,-1.2732094862823788,-11.064155754919572,0.0030679746657406,-0.5230896805087846,0.7424498691092426,0.2254961379319394,-1.2826642983851642,-11.081499542760595,-5.38,-158.71,-145.26,-69.94,-131.81,0.0479616478448041,-0.4796164784480417,0.4556356545256396,-0.4796164784480417,0.0,27,31,30,30,30,6,-138,31,-100,-43,12.7,12.7,12.7,12.6,12.6,-999,-999,-999,0.0,0.0,0.0
3.169264554977417,0.0015339873328703,-0.4448563265323974,0.7271099957805393,0.4034386685448983,-1.2732094862823788,-11.064155754919572,0.0030679746657406,-0.5230896805087846,0.7424498691092426,0.2254961379319394,-1.2826642983851642,-11.081499542760595,0.0,-153.32999999999998,-156.02,-56.49,-121.05,0.0719424717672062,-0.4796164784480417,0.4556356545256396,-0.4556356545256396,0.0,27,31,30,31,30,6,-138,25,-100,-37,12.7,12.7,12.7,12.6,12.6,-999,-999,-999,0.0,0.0,0.0
3.186236619949341,0.004601961998611,-0.4525262631967491,0.7347799324448909,0.3957687318805467,-1.2732094862823788,-11.064155754919572,0.0030679746657406,-0.5460994905018396,0.7547217677722053,0.2208941759333283,-1.2826642983851642,-11.081499542760595,-2.69,-196.37,-153.32999999999998,-75.32,-126.43,0.0719424717672062,-0.4796164784480417,0.4796164784480417,-0.4556356545256396,0.0,27,31,30,31,30,-7,-138,31,-100,-37,12.8,12.8,12.7,12.7,12.6,-999,-999,-999,0.0,0.0,0.0
3.203232765197754,0.004601961998611,-0.4617301871939711,0.743983856442113,0.3865648078833247,-1.2732094862823788,-11.064155754919572,0.0030679746657406,-0.556837401831932,0.7593237297708163,0.219360188600458,-1.2826642983851642,-11.081499542760595,0.0,-150.64,-147.95,-72.63,-126.43,0.0719424717672062,-0.4796164784480417,0.4796164784480417,-0.4556356545256396,0.0,27,31,30,31,31,-7,-138,31,-100,-37,12.8,12.6,12.7,12.7,12.6,-999,-999,-999,0.0,0.0,0.0
3.2202484607696533,0.0030679746657406,-0.4694001238583228,0.7516537931064646,0.378894871218973,-1.2732094862823788,-11.064155754919572,0.004601961998611,-0.5675753131620244,0.7639256917694274,0.219360188600458,-1.2841982857180343,-11.084257180785213,0.0,-147.95,-153.32999999999998,-51.11,-126.43,0.0719424717672062,-0.4796164784480417,0.4796164784480417,-0.4556356545256396,0.0,27,31,30,30,31,0,-132,25,-76,-37,12.8,12.7,12.7,12.7,12.6,-999,-999,-999,0.0,0.0,0.0
3.237215757369995,0.004601961998611,-0.4770700605226745,0.7593237297708163,0.3712249345546213,-1.2732094862823788,-11.064155754919572,0.004601961998611,-0.5783132244921166,0.7700616411009087,0.2178262012675877,-1.2841982857180343,-11.084257180785213,0.0,-147.95,-153.32999999999998,-96.84,-134.5,0.0479616478448041,-0.4796164784480417,0.4556356545256396,-0.4556356545256396,0.0,27,31,30,30,31,6,-138,12,-126,-43,12.7,12.7,12.7,12.6,12.6,-999,-999,-999,0.0,0.0,0.0
3.254288911819458,0.004601961998611,-0.4862739845198965,0.7654596791022976,0.3620210105573993,-1.2732094862823788,-11.064155754919572,0.0061359493314813,-0.5859831611564683,0.7731296157666494,0.2178262012675877,-1.2826642983851642,-11.081499542760595,0.0,-158.71,-115.67,-64.56,-129.12,0.023980823922402,-0.4796164784480417,0.4556356545256396,-0.4556356545256396,0.0,27,31,31,30,31,0,-138,43,-100,-43,12.8,12.7,12.7,12.6,12.6,-999,-999,-999,0.0,0.0,0.0
3.271233081817627,0.0030679746657406,-0.4939439211842482,0.7700616411009087,0.3543510738930476,-1.2732094862823788,-11.064155754919572,0.0061359493314813,-0.5967210724865607,0.77619759043239,0.2178262012675877,-1.2841982857180343,-11.084257180785213,21.52,-161.4,-161.4,-56.49,-126.43,0.0,-0.4796164784480417,0.4076740066808355,-0.4556356545256396,0.0,27,31,31,30,30,12,-132,6,-100,-37,12.8,12.7,12.7,12.7,12.6,-999,-999,-999,0.0,0.0,0.0
3.288299798965454,0.0030679746657406,-0.5016138578485999,0.7746636030995196,0.3466811372286959,-1.2732094862823788,-11.064155754919572,0.0030679746657406,-0.6059249964837827,0.7777315777652604,0.2162922139347173,-1.2826642983851642,-11.081499542760595,10.76,-164.09,-139.88,-67.25,-131.81,0.0,-0.4796164784480417,0.3836931827584334,-0.4556356545256396,0.0,27,31,31,30,31,18,-138,0,-100,-43,12.8,12.7,12.7,12.7,12.6,-999,-999,-999,0.0,0.0,0.0
3.305239677429199,0.0015339873328703,-0.5092837945129516,0.7792655650981307,0.3374772132314739,-1.2732094862823788,-11.064155754919572,0.0030679746657406,-0.6059249964837827,0.7777315777652604,0.2162922139347173,-1.2826642983851642,-11.081499542760595,-26.9,-156.02,-129.12,-94.15,-121.05,-0.023980823922402,-0.4796164784480417,0.3357315349136292,-0.4556356545256396,0.0,27,31,31,30,31,6,-138,-7,-100,-37,12.7,12.7,12.7,12.7,12.6,-999,-999,-999,0.0,0.0,0.0
3.3223419189453125,0.0015339873328703,-0.5184877185101736,0.7823335397638713,0.3298072765671222,-1.2732094862823788,-11.064155754919572,0.0015339873328703,-0.6212648698124861,0.7823335397638713,0.2162922139347173,-1.2841982857180343,-11.084257180785213,0.0,-145.26,-83.39,-56.49,-131.81,-0.023980823922402,-0.4556356545256396,0.287769887068825,-0.4556356545256396,0.0,27,31,30,30,31,6,-132,-13,-100,-37,12.7,12.7,12.7,12.7,12.6,-999,-999,-999,0.0,0.0,0.0
3.339312791824341,0.0015339873328703,-0.5276916425073956,0.785401514429612,0.3206033525699002,-1.2732094862823788,-11.064155754919572,0.0015339873328703,-0.6289348064768377,0.7823335397638713,0.2162922139347173,-1.2841982857180343,-11.084257180785213,0.0,-142.57,-67.25,-59.18,-137.19,-0.023980823922402,-0.4556356545256396,0.263789063146423,-0.4556356545256396,0.0,27,31,30,30,31,0,-132,-13,-107,-43,12.7,12.8,12.7,12.7,12.5,-999,-999,-999,0.0,0.0,0.0
3.3562772274017334,0.0015339873328703,-0.5353615791717473,0.7884694890953527,0.3129334159055486,-1.2732094862823788,-11.064155754919572,0.0015339873328703,-0.6335367684754488,0.7838675270967417,0.2162922139347173,-1.2826642983851642,-11.081499542760595,0.0,-147.95,-118.36,-80.7,-134.5,-0.023980823922402,-0.4796164784480417,0.2158274153016187,-0.4796164784480417,0.0,27,31,30,30,31,0,-132,-57,-100,-43,12.7,12.7,12.7,12.6,12.6,-999,-999,-999,0.0,0.0,0.0
3.375237941741944,0.0015339873328703,-0.5445655031689692,0.7884694890953527,0.3037294919083265,-1.2747434736152492,-11.067010339736138,0.0015339873328703,-0.6412067051398005,0.7838675270967417,0.2162922139347173,-1.2841982857180343,-11.084257180785213,0.0,-139.88,-78.01,-99.53,-121.05,0.0,-0.4796164784480417,0.1678657674568146,-0.4796164784480417,0.0,27,31,30,30,31,0,-132,-19,-100,-37,12.7,12.7,12.7,12.6,12.6,-999,-999,-999,0.0,0.0,0.0
3.3922441005706787,0.0015339873328703,-0.5537694271661913,0.790003476428223,0.2960595552439748,-1.2732094862823788,-11.064155754919572,0.0015339873328703,-0.6458086671384115,0.7869355017624824,0.2178262012675877,-1.2826642983851642,-11.081499542760595,0.0,-147.95,-123.74,-69.94,-134.5,0.0,-0.4796164784480417,0.1199041196120104,-0.4796164784480417,0.0,27,31,30,31,30,0,-132,-25,-100,-43,12.7,12.7,12.7,12.6,12.6,-999,-999,-999,0.0,0.0,0.0
3.40929651260376,0.0015339873328703,-0.5614393638305429,0.7915374637610934,0.2868556312467528,-1.2732094862823788,-11.064155754919572,0.0,-0.6519446164698928,0.7869355017624824,0.2162922139347173,-1.2826642983851642,-11.081499542760595,0.0,-145.26,-94.15,-75.32,-115.67,0.0,-0.4796164784480417,0.0959232956896083,-0.4796164784480417,0.0,27,31,30,31,30,0,-132,-25,-100,-37,12.7,12.7,12.7,12.5,12.6,-999,-999,-999,0.0,0.0,0.0
3.4262442588806152,0.0015339873328703,-0.570643287827765,0.7930714510939637,0.2791856945824011,-1.2732094862823788,-11.064155754919572,-0.0015339873328703,-0.6550125911356335,0.7884694890953527,0.2178262012675877,-1.2841982857180343,-11.084257180785213,0.0,-137.19,-110.29,-61.87,-126.43,0.0,-0.4796164784480417,0.0719424717672062,-0.4796164784480417,0.0,27,31,30,31,30,-7,-132,-25,-100,-37,12.7,12.7,12.7,12.7,12.6,-999,-999,-999,0.0,0.0,0.0
3.443201780319214,0.0015339873328703,-0.579847211824987,0.7946054384268341,0.2715157579180495,-1.2732094862823788,-11.064155754919572,-0.0015339873328703,-0.6550125911356335,0.7884694890953527,0.2178262012675877,-1.2841982857180343,-11.084257180785213,43.04,-129.12,-78.01,-69.94,-137.19,0.0,-0.4796164784480417,0.0719424717672062,-0.4796164784480417,0.0,27,31,30,30,30,-13,-132,-25,-100,-43,12.8,12.6,12.7,12.6,12.6,-999,-999,-999,0.0,0.0,0.0
3.460240125656128,0.0015339873328703,-0.5875171484893387,0.7946054384268341,0.2623118339208274,-1.2732094862823788,-11.064155754919572,-0.0030679746657406,-0.6580805658013742,0.790003476428223,0.2162922139347173,-1.2841982857180343,-11.084257180785213,37.66,-107.6,-72.63,-69.94,-134.5,0.0,-0.4796164784480417,0.0719424717672062,-0.4796164784480417,0.0,27,31,30,30,30,-13,-125,-19,-100,-37,12.8,12.7,12.7,12.6,12.6,-999,-999,-999,0.0,0.0,0.0
3.4773077964782715,0.0,-0.5951870851536903,0.7961394257597044,0.2546418972564758,-1.2732094862823788,-11.064155754919572,-0.0076699366643516,-0.6672844897985961,0.7930714510939637,0.2162922139347173,-1.2841982857180343,-11.084257180785213,8.07,-123.74,-67.25,-56.49,-126.43,0.0,-0.4796164784480417,0.0479616478448041,-0.4796164784480417,0.0,27,31,30,31,31,-25,-132,-19,-100,-37,12.7,12.7,12.7,12.6,12.6,-999,-999,-999,0.0,0.0,0.0
3.4942309856414795,0.0,-0.6043910091509124,0.7976734130925747,0.2469719605921241,-1.2732094862823788,-11.064155754919572,-0.0076699366643516,-0.6672844897985961,0.7930714510939637,0.2162922139347173,-1.2841982857180343,-11.084257180785213,21.52,-121.05,-75.32,-91.46,-134.5,0.0,-0.4796164784480417,0.0479616478448041,-0.4796164784480417,0.0,27,31,31,31,31,-32,-125,-19,-107,-43,12.7,12.7,12.7,12.6,12.6,-999,-999,-999,0.0,0.0,0.0
3.511235237121582,-0.0030679746657406,-0.612060945815264,0.799207400425445,0.2362340492620317,-1.2732094862823788,-11.064155754919572,-0.0107379113300923,-0.6703524644643368,0.7946054384268341,0.2162922139347173,-1.2826642983851642,-11.081499542760595,16.14,-129.12,-96.84,-51.11,-137.19,-0.023980823922402,-0.4796164784480417,0.0479616478448041,-0.4796164784480417,0.0,27,31,31,31,31,-25,-125,-25,-88,-43,12.7,12.7,12.7,12.6,12.6,-999,-999,-999,0.0,0.0,0.0
3.528236627578736,-0.0061359493314813,-0.6197308824796157,0.8007413877583154,0.2316320872634207,-1.2732094862823788,-11.064155754919572,-0.013805885995833,-0.6718864517972072,0.7946054384268341,0.2162922139347173,-1.2841982857180343,-11.084257180785213,29.59,-115.67,-88.77,-69.94,-126.43,-0.0719424717672062,-0.4796164784480417,0.0719424717672062,-0.4556356545256396,0.0,27,31,31,31,31,-19,-125,-25,-63,-37,12.7,12.7,12.8,12.6,12.6,-999,-999,-999,0.0,0.0,0.0
3.5472116470336914,-0.009203923997222,-0.6289348064768377,0.8007413877583154,0.2270301252648097,-1.2747434736152492,-11.067010339736138,-0.013805885995833,-0.6734204391300775,0.7946054384268341,0.2162922139347173,-1.2826642983851642,-11.081499542760595,24.21,-115.67,-78.01,-10.76,-137.19,-0.0959232956896083,-0.4796164784480417,0.0719424717672062,-0.4076740066808355,0.0,27,31,30,31,30,-19,-125,-25,-44,-43,12.8,12.7,12.8,12.6,12.6,-999,-999,-999,0.0,0.0,0.0
3.564241409301758,-0.0107379113300923,-0.6396727178069301,0.8007413877583154,0.223962150599069,-1.2732094862823788,-11.064155754919572,-0.013805885995833,-0.6749544264629479,0.7961394257597044,0.2178262012675877,-1.2841982857180343,-11.084257180785213,48.42,-110.29,-69.94,-64.56,-118.36,-0.1199041196120104,-0.4796164784480417,0.0479616478448041,-0.3357315349136292,0.0,28,31,30,30,30,-13,-125,-32,-32,-37,12.8,12.7,12.8,12.7,12.6,-999,-999,-999,0.0,0.0,0.0
3.581261157989502,-0.0153398733287033,-0.6473426544712818,0.8022753750911857,0.223962150599069,-1.2732094862823788,-11.064155754919572,-0.013805885995833,-0.6780224011286885,0.7961394257597044,0.2162922139347173,-1.2826642983851642,-11.081499542760595,0.0,-104.91,-40.35,-32.28,-137.19,-0.1438849435344125,-0.4796164784480417,0.023980823922402,-0.263789063146423,0.0,28,31,30,30,30,6,-113,-19,-25,-43,12.8,12.7,12.8,12.7,12.6,-999,-999,-999,0.0,0.0,0.0
3.598227262496948,-0.0168738606615736,-0.6534786038027631,0.8007413877583154,0.2224281632661987,-1.2732094862823788,-11.064155754919572,-0.013805885995833,-0.6795563884615589,0.7961394257597044,0.2162922139347173,-1.2841982857180343,-11.084257180785213,0.0,-107.6,-59.18,-67.25,-126.43,-0.1438849435344125,-0.4556356545256396,0.023980823922402,-0.1678657674568146,0.0,28,31,30,30,30,18,-100,-25,-25,-37,12.8,12.7,12.8,12.7,12.6,-999,-999,-999,0.0,0.0,0.0
3.615287780761719,-0.0168738606615736,-0.6611485404671148,0.8022753750911857,0.2224281632661987,-1.2732094862823788,-11.064155754919572,-0.013805885995833,-0.6826243631272996,0.7961394257597044,0.2162922139347173,-1.2826642983851642,-11.081499542760595,16.14,-88.77,-80.7,-32.28,-134.5,-0.1199041196120104,-0.4316548306032375,0.0,-0.1199041196120104,0.0,27,31,31,30,30,12,-82,-25,-25,-43,12.8,12.8,12.7,12.7,12.4,-999,-999,-999,0.0,0.0,0.0
3.632280588150024,-0.013805885995833,-0.6642165151328555,0.8022753750911857,0.2208941759333283,-1.2732094862823788,-11.064155754919572,-0.013805885995833,-0.6841583504601698,0.7961394257597044,0.2178262012675877,-1.2826642983851642,-11.081499542760595,0.0,-72.63,-34.97,-29.59,-121.05,-0.0959232956896083,-0.4076740066808355,0.0,-0.0719424717672062,0.0,27,31,31,30,30,0,-75,-19,-19,-31,12.8,12.8,12.7,12.7,12.7,-999,-999,-999,0.0,0.0,0.0
3.649303913116455,-0.013805885995833,-0.6688184771314665,0.8007413877583154,0.2208941759333283,-1.2732094862823788,-11.064155754919572,-0.013805885995833,-0.6856923377930402,0.7976734130925747,0.2162922139347173,-1.2826642983851642,-11.081499542760595,0.0,-78.01,-83.39,-21.52,-126.43,-0.023980823922402,-0.3357315349136292,0.0,-0.0479616478448041,0.0,27,31,31,30,30,0,-63,-25,-13,-37,12.8,12.8,12.8,12.7,12.7,-999,-999,-999,0.0,0.0,0.0
3.6671855449676514,-0.0153398733287033,-0.6718864517972072,0.8022753750911857,0.2208941759333283,-1.2732094862823788,-11.064155754919572,-0.013805885995833,-0.6887603124587809,0.7976734130925747,0.2162922139347173,-1.2841982857180343,-11.084257180785213,0.0,-78.01,-24.21,-59.18,-126.43,0.0,-0.287769887068825,0.0,-0.023980823922402,0.0,27,31,31,30,30,0,-57,-19,-19,-37,12.8,12.9,12.8,12.7,12.7,-999,-999,-999,0.0,0.0,0.0
3.684261083602905,-0.013805885995833,-0.6734204391300775,0.8022753750911857,0.2208941759333283,-1.2747434736152492,-11.067010339736138,-0.0153398733287033,-0.6918282871245215,0.7976734130925747,0.2162922139347173,-1.2826642983851642,-11.081499542760595,0.0,-118.36,-51.11,-53.8,-137.19,0.023980823922402,-0.2398082392240208,0.0,-0.023980823922402,0.0,27,31,31,30,32,0,-63,-19,-19,-37,12.8,12.8,12.8,12.7,12.7,-999,-999,-999,0.0,0.0,0.0
3.7012147903442383,-0.0122718986629626,-0.6764884137958181,0.8038093624240561,0.2208941759333283,-1.2732094862823788,-11.064155754919572,-0.0153398733287033,-0.6918282871245215,0.7976734130925747,0.2162922139347173,-1.2826642983851642,-11.081499542760595,29.59,-115.67,-83.39,-78.01,-126.43,0.023980823922402,-0.1918465913792167,0.0,0.0,0.0,27,31,31,30,31,-13,-57,-25,-19,-37,12.8,12.8,12.8,12.7,12.7,-999,-999,-999,0.0,0.0,0.0
3.718308210372925,-0.0122718986629626,-0.6780224011286885,0.8038093624240561,0.2208941759333283,-1.2732094862823788,-11.064155754919572,-0.0168738606615736,-0.6979642364560029,0.799207400425445,0.2162922139347173,-1.2826642983851642,-11.081499542760595,37.66,-121.05,-94.15,-69.94,-126.43,0.023980823922402,-0.1438849435344125,0.0,0.0,0.0,27,31,31,30,31,-13,-69,-25,-19,-37,12.8,12.8,12.8,12.8,12.7,-999,-999,-999,0.0,0.0,0.0
3.7352490425109854,-0.013805885995833,-0.6810903757944292,0.8053433497569265,0.2208941759333283,-1.2747434736152492,-11.067010339736138,-0.0168738606615736,-0.6979642364560029,0.799207400425445,0.2162922139347173,-1.2826642983851642,-11.081499542760595,48.42,-123.74,-78.01,-78.01,-126.43,0.023980823922402,-0.1199041196120104,0.023980823922402,0.0,0.0,28,31,31,30,31,-13,-69,-25,-19,-37,12.8,12.8,12.7,12.7,12.7,-999,-999,-999,0.0,0.0,0.0
3.752289295196533,-0.0153398733287033,-0.6826243631272996,0.8053433497569265,0.2208941759333283,-1.2732094862823788,-11.064155754919572,-0.0199418353273143,-0.707168160453225,0.8007413877583154,0.214758226601847,-1.2826642983851642,-11.081499542760595,48.42,-180.23,-64.56,-64.56,-118.36,0.0,-0.1199041196120104,0.023980823922402,0.0,0.0,27,31,31,30,30,-13,-82,-25,-19,-37,12.8,12.8,12.7,12.7,12.7,-999,-999,-999,0.0,0.0,0.0
3.7692770957946777,-0.0168738606615736,-0.6856923377930402,0.8053433497569265,0.2208941759333283,-1.2732094862823788,-11.064155754919572,-0.0199418353273143,-0.7102361351189656,0.8007413877583154,0.2162922139347173,-1.2826642983851642,-11.081499542760595,45.73,-166.78,-37.66,-72.63,-123.74,-0.023980823922402,-0.1199041196120104,0.023980823922402,0.0,0.0,27,31,31,30,30,-13,-88,-19,-25,-37,12.8,12.8,12.8,12.7,12.6,-999,-999,-999,0.0,0.0,0.0
3.786213397979736,-0.018407847994444,-0.6902942997916512,0.8053433497569265,0.2208941759333283,-1.2732094862823788,-11.064155754919572,-0.0214758226601847,-0.7133041097847063,0.8053433497569265,0.2178262012675877,-1.2826642983851642,-11.081499542760595,32.28,-112.98,-75.32,-53.8,-121.05,-0.0479616478448041,-0.1438849435344125,0.023980823922402,0.0,0.0,27,31,30,30,30,-7,-82,-19,-19,-37,12.8,12.8,12.7,12.7,12.6,-999,-999,-999,0.0,0.0,0.0
3.803258895874024,-0.0199418353273143,-0.6933622744573918,0.8068773370897967,0.2208941759333283,-1.2732094862823788,-11.064155754919572,-0.0214758226601847,-0.7133041097847063,0.8053433497569265,0.2178262012675877,-1.2826642983851642,-11.081499542760595,34.97,-118.36,-18.83,-10.76,-121.05,-0.0719424717672062,-0.1678657674568146,0.0,0.0,0.0,27,31,30,30,30,-13,-82,24,-13,-37,12.8,12.8,12.8,12.7,12.7,-999,-999,-999,0.0,0.0,0.0
3.820284605026245,-0.0214758226601847,-0.6979642364560029,0.808411324422667,0.2208941759333283,-1.2732094862823788,-11.064155754919572,-0.0199418353273143,-0.7179060717833172,0.8053433497569265,0.2162922139347173,-1.2826642983851642,-11.081499542760595,0.0,-129.12,-61.87,-69.94,-126.43,-0.0719424717672062,-0.1918465913792167,0.023980823922402,0.0,0.0,27,31,30,30,30,6,-75,-13,-19,-37,12.9,12.8,12.8,12.7,12.7,-999,-999,-999,0.0,0.0,0.0
3.837296485900879,-0.0245437973259253,-0.7025661984546139,0.8114792990884078,0.2208941759333283,-1.2732094862823788,-11.064155754919572,-0.018407847994444,-0.7255760084476689,0.8099453117555374,0.2162922139347173,-1.2826642983851642,-11.081499542760595,-2.69,-88.77,-64.56,-21.52,-118.36,-0.0719424717672062,-0.2158274153016187,0.0479616478448041,0.0,0.0,27,31,30,31,30,18,-75,-19,-19,-37,12.8,12.9,12.2,12.7,12.7,-999,-999,-999,0.0,0.0,0.0
3.854183197021485,-0.023009809993055,-0.7056341731203546,0.8130132864212781,0.2208941759333283,-1.2732094862823788,-11.064155754919572,-0.018407847994444,-0.7255760084476689,0.8099453117555374,0.2162922139347173,-1.2826642983851642,-11.081499542760595,24.21,-137.19,-61.87,-102.22,-126.43,-0.0959232956896083,-0.2158274153016187,0.0719424717672062,0.0,0.0,27,31,30,30,31,25,-82,-13,-19,-37,12.8,12.8,12.8,12.7,12.7,-999,-999,-999,0.0,0.0,0.0
3.8713088035583496,-0.0214758226601847,-0.7102361351189656,0.8160812610870187,0.219360188600458,-1.2732094862823788,-11.064155754919572,-0.018407847994444,-0.7347799324448909,0.8130132864212781,0.2162922139347173,-1.2826642983851642,-11.081499542760595,5.38,-139.88,-88.77,-18.83,-118.36,-0.0719424717672062,-0.2158274153016187,0.0959232956896083,0.0,0.0,27,31,30,30,31,12,-82,-19,-19,-31,12.8,12.8,12.8,12.7,12.7,-999,-999,-999,0.0,0.0,0.0
3.888166666030884,-0.0199418353273143,-0.7148380971175766,0.8176152484198891,0.2208941759333283,-1.2732094862823788,-11.064155754919572,-0.018407847994444,-0.7347799324448909,0.8130132864212781,0.2162922139347173,-1.2826642983851642,-11.081499542760595,-16.14,-104.91,-94.15,-40.35,-129.12,-0.023980823922402,-0.2158274153016187,0.0959232956896083,0.0,0.0,27,31,30,31,31,6,-82,-19,-19,-37,12.8,12.8,12.8,12.7,12.7,-999,-999,-999,0.0,0.0,0.0
3.905278205871582,-0.0214758226601847,-0.7194400591161876,0.8191492357527594,0.2208941759333283,-1.2732094862823788,-11.064155754919572,-0.0168738606615736,-0.7409158817763722,0.8160812610870187,0.214758226601847,-1.2826642983851642,-11.081499542760595,56.49,-59.18,-80.7,-72.63,-126.43,0.023980823922402,-0.2158274153016187,0.0959232956896083,0.0,0.0,27,31,30,31,31,12,-69,-19,-25,-37,12.8,12.8,12.8,12.6,12.7,-999,-999,-999,0.0,0.0,0.0
3.922191381454468,-0.0199418353273143,-0.7209740464490579,0.8206832230856298,0.219360188600458,-1.2732094862823788,-11.064155754919572,-0.0168738606615736,-0.7409158817763722,0.8160812610870187,0.214758226601847,-1.2826642983851642,-11.081499542760595,-16.14,-91.46,-78.01,-53.8,-121.05,0.0479616478448041,-0.2158274153016187,0.0959232956896083,0.0,0.0,27,31,30,31,31,12,-63,-19,-19,-37,12.9,12.8,12.8,12.7,12.7,-999,-999,-999,0.0,0.0,0.0
3.9392178058624254,-0.0168738606615736,-0.7255760084476689,0.8222172104185002,0.2208941759333283,-1.2732094862823788,-11.064155754919572,-0.0168738606615736,-0.7470518311078537,0.8176152484198891,0.214758226601847,-1.2826642983851642,-11.081499542760595,0.0,-96.84,-78.01,-72.63,-121.05,0.0479616478448041,-0.2158274153016187,0.0959232956896083,0.0,0.0,27,31,30,31,31,0,-69,-19,-19,-37,12.9,12.9,12.8,12.7,12.7,-999,-999,-999,0.0,0.0,0.0
3.9561946392059326,-0.013805885995833,-0.73017797044628,0.8237511977513704,0.2208941759333283,-1.2732094862823788,-11.064155754919572,-0.0168738606615736,-0.7516537931064646,0.8191492357527594,0.214758226601847,-1.2826642983851642,-11.081499542760595,32.28,-94.15,-72.63,-88.77,-126.43,0.0719424717672062,-0.1918465913792167,0.0959232956896083,0.0,0.0,28,31,30,31,31,-13,-82,-19,-19,-37,12.8,12.8,12.8,12.7,12.7,-999,-999,-999,0.0,0.0,0.0
3.9732353687286377,-0.013805885995833,-0.7332459451120206,0.8252851850842408,0.219360188600458,-1.2732094862823788,-11.064155754919572,-0.0168738606615736,-0.7608577171036867,0.8222172104185002,0.214758226601847,-1.2826642983851642,-11.081499542760595,37.66,-139.88,-78.01,-48.42,-118.36,0.0719424717672062,-0.1918465913792167,0.0959232956896083,0.0,0.0,28,31,30,31,31,-13,-82,-19,-19,-31,12.8,12.8,12.8,12.7,12.7,-999,-999,-999,0.0,0.0,0.0
3.990154266357422,-0.0153398733287033,-0.739381894443502,0.8268191724171111,0.219360188600458,-1.2747434736152492,-11.067010339736138,-0.0168738606615736,-0.7608577171036867,0.8222172104185002,0.214758226601847,-1.2826642983851642,-11.081499542760595,32.28,-150.64,-83.39,-48.42,-126.43,0.0719424717672062,-0.2158274153016187,0.0719424717672062,0.0,0.0,28,31,30,31,31,62,-82,-19,-19,-37,12.8,12.8,12.8,12.7,12.7,-999,-999,-999,0.0,0.0,0.0
4.007190704345703,-0.018407847994444,-0.743983856442113,0.8283531597499815,0.219360188600458,-1.2732094862823788,-11.064155754919572,-0.0168738606615736,-0.771595628433779,0.8252851850842408,0.214758226601847,-1.2826642983851642,-11.081499542760595,0.0,-145.26,-86.08,-80.7,-121.05,0.023980823922402,-0.2398082392240208,0.0719424717672062,0.0,0.0,28,31,30,31,31,6,-82,-19,-19,-37,12.8,12.8,12.8,12.7,12.7,-999,-999,-999,0.0,0.0,0.0
4.024155616760254,-0.018407847994444,-0.7485858184407239,0.8298871470828518,0.2208941759333283,-1.2732094862823788,-11.064155754919572,-0.0168738606615736,-0.771595628433779,0.8252851850842408,0.214758226601847,-1.2826642983851642,-11.081499542760595,0.0,-131.81,-83.39,-91.46,-123.74,-0.023980823922402,-0.2398082392240208,0.0719424717672062,0.0,0.0,28,31,30,31,31,6,-88,-19,-19,-37,12.8,12.8,12.8,12.7,12.7,-999,-999,-999,0.0,0.0,0.0
4.041176795959473,-0.018407847994444,-0.7547217677722053,0.8314211344157221,0.219360188600458,-1.2732094862823788,-11.064155754919572,-0.0168738606615736,-0.7777315777652604,0.8268191724171111,0.214758226601847,-1.2826642983851642,-11.081499542760595,0.0,-94.15,-80.7,-56.49,-115.67,-0.0479616478448041,-0.263789063146423,0.0719424717672062,0.0,0.0,28,31,30,31,31,6,-88,-19,-19,-31,12.8,12.8,12.8,12.8,12.7,-999,-999,-999,0.0,0.0,0.0
4.058223485946655,-0.0199418353273143,-0.7593237297708163,0.8329551217485924,0.219360188600458,-1.2732094862823788,-11.064155754919572,-0.0168738606615736,-0.7884694890953527,0.8283531597499815,0.214758226601847,-1.2826642983851642,-11.081499542760595,5.38,-131.81,-83.39,-86.08,-112.98,-0.0479616478448041,-0.263789063146423,0.0719424717672062,0.0,0.0,28,31,30,31,31,12,-94,-19,-19,-31,12.8,12.8,12.8,12.8,12.7,-999,-999,-999,0.0,0.0,0.0
4.075276851654053,-0.0214758226601847,-0.7654596791022976,0.8360230964143331,0.219360188600458,-1.2747434736152492,-11.067010339736138,-0.0168738606615736,-0.7930714510939637,0.8314211344157221,0.2162922139347173,-1.2826642983851642,-11.081499542760595,-5.38,-91.46,-104.91,-99.53,-126.43,-0.023980823922402,-0.287769887068825,0.0719424717672062,0.0,0.0,28,31,31,30,31,12,-88,-25,-19,-37,12.8,12.8,12.8,12.8,12.6,-999,-999,-999,0.0,0.0,0.0
4.092252492904663,-0.0199418353273143,-0.7700616411009087,0.8375570837472035,0.219360188600458,-1.2732094862823788,-11.064155754919572,-0.0153398733287033,-0.7976734130925747,0.8314211344157221,0.214758226601847,-1.2826642983851642,-11.081499542760595,0.0,-126.43,-94.15,-18.83,-118.36,-0.023980823922402,-0.287769887068825,0.0719424717672062,0.0,0.0,28,30,31,30,31,12,-94,-25,-13,-37,12.8,12.8,12.8,12.7,12.6,-999,-999,-999,0.0,0.0,0.0
4.10918116569519,-0.0168738606615736,-0.77619759043239,0.8390910710800737,0.219360188600458,-1.2732094862823788,-11.064155754919572,-0.0153398733287033,-0.7976734130925747,0.8314211344157221,0.214758226601847,-1.2826642983851642,-11.081499542760595,0.0,-94.15,-110.29,-78.01,-123.74,0.0,-0.3117507109912271,0.0719424717672062,0.0,0.0,28,30,31,30,31,6,-88,-25,-19,-37,12.8,12.8,12.3,12.7,12.7,-999,-999,-999,0.0,0.0,0.0
4.126164197921753,-0.013805885995833,-0.7823335397638713,0.8406250584129441,0.219360188600458,-1.2732094862823788,-11.064155754919572,-0.0168738606615736,-0.8038093624240561,0.8360230964143331,0.214758226601847,-1.2826642983851642,-11.081499542760595,-13.45,-86.08,-94.15,-59.18,-123.74,0.023980823922402,-0.3117507109912271,0.0719424717672062,0.0,0.0,28,30,31,30,31,-13,-82,-25,-19,-37,12.8,12.8,12.2,12.6,12.7,-999,-999,-999,0.0,0.0,0.0
4.14317798614502,-0.013805885995833,-0.7869355017624824,0.8421590457458145,0.219360188600458,-1.2732094862823788,-11.064155754919572,-0.0168738606615736,-0.808411324422667,0.8360230964143331,0.214758226601847,-1.2826642983851642,-11.081499542760595,37.66,-86.08,-118.36,-99.53,-123.74,0.0719424717672062,-0.3117507109912271,0.0719424717672062,0.0,0.0,28,31,31,30,31,-7,-88,-25,-19,-37,12.8,12.8,12.8,12.7,12.7,-999,-999,-999,0.0,0.0,0.0
4.160280466079712,-0.013805885995833,-0.7915374637610934,0.8436930330786848,0.219360188600458,-1.2732094862823788,-11.064155754919572,-0.0153398733287033,-0.8176152484198891,0.8390910710800737,0.2162922139347173,-1.2826642983851642,-11.081499542760595,26.9,-115.67,-99.53,-29.59,-118.36,0.0719424717672062,-0.3117507109912271,0.0719424717672062,0.0,0.0,28,31,30,30,31,-7,-82,-32,-13,-31,12.8,12.8,12.8,12.7,12.7,-999,-999,-999,0.0,0.0,0.0
4.178220272064209,-0.0153398733287033,-0.7976734130925747,0.8436930330786848,0.219360188600458,-1.2732094862823788,-11.064155754919572,-0.0153398733287033,-0.8222172104185002,0.8406250584129441,0.214758226601847,-1.2826642983851642,-11.081499542760595,0.0,-88.77,-69.94,-13.45,-126.43,0.0479616478448041,-0.3117507109912271,0.0719424717672062,0.0,0.0,28,31,30,30,31,0,-82,12,-19,-37,12.8,12.8,12.8,12.7,12.7,-999,-999,-999,0.0,0.0,0.0
4.195238351821899,-0.0153398733287033,-0.8022753750911857,0.8452270204115552,0.219360188600458,-1.2732094862823788,-11.064155754919572,-0.0153398733287033,-0.8268191724171111,0.8421590457458145,0.214758226601847,-1.2826642983851642,-11.081499542760595,-2.69,-96.84,-51.11,-78.01,-118.36,0.0,-0.287769887068825,0.0719424717672062,0.0,0.0,28,31,30,30,31,0,-82,-19,-19,-37,12.8,12.8,12.8,12.8,12.7,-999,-999,-999,0.0,0.0,0.0
4.212141752243042,-0.0153398733287033,-0.8068773370897967,0.8467610077444254,0.219360188600458,-1.2732094862823788,-11.064155754919572,-0.0153398733287033,-0.8268191724171111,0.8421590457458145,0.214758226601847,-1.2826642983851642,-11.081499542760595,-2.69,-91.46,-61.87,-78.01,-126.43,0.0,-0.287769887068825,0.0479616478448041,0.0,0.0,28,31,30,30,31,0,-82,-19,-19,-37,12.8,12.8,12.8,12.8,12.7,-999,-999,-999,0.0,0.0,0.0
4.229177713394165,-0.018407847994444,-0.8114792990884078,0.8482949950772958,0.219360188600458,-1.2732094862823788,-11.064155754919572,-0.0153398733287033,-0.8375570837472035,0.8452270204115552,0.214758226601847,-1.2826642983851642,-11.081499542760595,5.38,-86.08,-72.63,-48.42,-126.43,-0.023980823922402,-0.287769887068825,0.0479616478448041,0.0,0.0,28,31,31,30,31,12,-82,-19,-19,-37,12.3,12.8,12.7,12.8,12.7,-999,-999,-999,0.0,0.0,0.0
4.246202230453491,-0.0199418353273143,-0.8176152484198891,0.8498289824101661,0.219360188600458,-1.2732094862823788,-11.064155754919572,-0.0153398733287033,-0.8421590457458145,0.8467610077444254,0.214758226601847,-1.2826642983851642,-11.081499542760595,-2.69,-72.63,-80.7,-61.87,-123.74,-0.0479616478448041,-0.263789063146423,0.0719424717672062,0.0,0.0,28,31,31,30,31,18,-75,-19,-19,-37,12.8,12.8,12.7,12.7,12.7,-999,-999,-999,0.0,0.0,0.0
4.263167381286621,-0.0199418353273143,-0.8222172104185002,0.8513629697430365,0.219360188600458,-1.2732094862823788,-11.064155754919572,-0.0153398733287033,-0.8421590457458145,0.8467610077444254,0.214758226601847,-1.2826642983851642,-11.081499542760595,2.69,-118.36,-91.46,-75.32,-123.74,-0.0479616478448041,-0.263789063146423,0.0719424717672062,0.0,0.0,28,31,31,30,30,18,-75,-19,-19,-37,12.8,12.8,12.8,12.7,12.7,-999,-999,-999,0.0,0.0,0.0
4.280222654342651,-0.0168738606615736,-0.8268191724171111,0.8528969570759068,0.219360188600458,-1.2732094862823788,-11.064155754919572,-0.0153398733287033,-0.8513629697430365,0.8528969570759068,0.214758226601847,-1.2841982857180343,-11.084257180785213,-48.42,-80.7,-64.56,-129.12,-134.5,-0.0479616478448041,-0.263789063146423,0.0719424717672062,0.0,0.0,28,31,31,30,30,-63,-75,-19,-19,-37,12.9,12.8,12.8,12.7,12.6,-999,-999,-999,0.0,0.0,0.0
4.297177076339722,-0.013805885995833,-0.8314211344157221,0.8544309444087772,0.219360188600458,-1.2732094862823788,-11.064155754919572,-0.0153398733287033,-0.8513629697430365,0.8528969570759068,0.214758226601847,-1.2841982857180343,-11.084257180785213,0.0,-72.63,-64.56,-94.15,-134.5,0.0,-0.263789063146423,0.0719424717672062,0.0,0.0,28,31,31,30,32,-7,-75,-19,-19,-43,12.9,12.8,12.8,12.8,12.7,-999,-999,-999,0.0,0.0,0.0
4.314188718795776,-0.0122718986629626,-0.8375570837472035,0.8574989190745178,0.219360188600458,-1.2732094862823788,-11.064155754919572,-0.0153398733287033,-0.8636348684059991,0.8590329064073882,0.214758226601847,-1.2826642983851642,-11.081499542760595,21.52,-112.98,-67.25,-134.5,-121.05,0.0479616478448041,-0.263789063146423,0.0959232956896083,0.0,0.0,28,30,31,30,31,-7,-75,-13,-19,-37,12.8,12.8,12.8,12.8,12.7,-999,-999,-999,0.0,0.0,0.0
4.331213235855103,-0.013805885995833,-0.8421590457458145,0.8605668937402585,0.219360188600458,-1.2732094862823788,-11.064155754919572,-0.0153398733287033,-0.8682368304046102,0.8621008810731289,0.214758226601847,-1.2826642983851642,-11.081499542760595,2.69,-80.7,-83.39,-56.49,-126.43,0.0719424717672062,-0.263789063146423,0.0959232956896083,0.0,0.0,28,30,31,30,31,-7,-82,-13,-19,-37,12.8,12.8,13.0,12.7,12.7,-999,-999,-999,0.0,0.0,0.0
4.348174810409546,-0.013805885995833,-0.8482949950772958,0.8636348684059991,0.219360188600458,-1.2732094862823788,-11.064155754919572,-0.0153398733287033,-0.8743727797360915,0.8651688557388695,0.214758226601847,-1.2826642983851642,-11.081499542760595,0.0,-72.63,-94.15,-78.01,-123.74,0.0479616478448041,-0.263789063146423,0.1199041196120104,0.0,0.0,28,30,31,30,31,-7,-82,-13,-19,-37,12.8,12.8,12.8,12.7,12.6,-999,-999,-999,0.0,0.0,0.0
4.365176200866699,-0.013805885995833,-0.8528969570759068,0.8667028430717398,0.219360188600458,-1.2732094862823788,-11.064155754919572,-0.0153398733287033,-0.8789747417347026,0.8697708177374806,0.214758226601847,-1.2826642983851642,-11.081499542760595,0.0,-75.32,-72.63,-99.53,-126.43,0.023980823922402,-0.287769887068825,0.1438849435344125,0.0,0.0,28,30,30,30,31,-7,-82,-13,-19,-37,12.8,12.8,12.8,12.7,12.7,-999,-999,-999,0.0,0.0,0.0
4.382157802581787,-0.0153398733287033,-0.8590329064073882,0.8713048050703509,0.219360188600458,-1.2732094862823788,-11.064155754919572,-0.0153398733287033,-0.8789747417347026,0.8697708177374806,0.214758226601847,-1.2826642983851642,-11.081499542760595,0.0,-72.63,-67.25,-112.98,-126.43,0.0,-0.287769887068825,0.1678657674568146,0.0,0.0,28,30,31,30,31,0,-82,-7,-19,-37,12.8,12.8,12.8,12.7,12.6,-999,-999,-999,0.0,0.0,0.0
4.399156808853149,-0.0168738606615736,-0.8636348684059991,0.8728387924032212,0.219360188600458,-1.2732094862823788,-11.064155754919572,-0.0153398733287033,-0.8851106910661839,0.8728387924032212,0.214758226601847,-1.2826642983851642,-11.081499542760595,0.0,-69.94,-118.36,-80.7,-126.43,-0.023980823922402,-0.3117507109912271,0.1678657674568146,0.0,0.0,28,30,31,30,31,6,-82,-7,-25,-37,12.8,12.8,12.8,12.9,12.7,-999,-999,-999,0.0,0.0,0.0
4.416123628616333,-0.0199418353273143,-0.8697708177374806,0.8774407544018322,0.219360188600458,-1.2732094862823788,-11.064155754919572,-0.0153398733287033,-0.8912466403976652,0.8759067670689619,0.214758226601847,-1.2841982857180343,-11.084257180785213,0.0,-67.25,-104.91,-69.94,-134.5,-0.0479616478448041,-0.3117507109912271,0.1678657674568146,0.0,0.0,28,30,31,31,30,18,-82,-13,-19,-43,12.8,12.7,12.6,12.8,12.7,-999,-999,-999,0.0,0.0,0.0
4.433260202407837,-0.0199418353273143,-0.8743727797360915,0.8805087290675728,0.219360188600458,-1.2732094862823788,-11.064155754919572,-0.0153398733287033,-0.9004505643948872,0.8820427164004432,0.214758226601847,-1.2841982857180343,-11.084257180785213,24.21,-67.25,-96.84,-61.87,-118.36,-0.0719424717672062,-0.3117507109912271,0.1918465913792167,0.0,0.0,28,30,30,30,31,25,-88,-13,-19,-37,12.8,12.8,12.7,12.8,12.7,-999,-999,-999,0.0,0.0,0.0
4.450288057327271,-0.0153398733287033,-0.8805087290675728,0.8835767037333135,0.219360188600458,-1.2732094862823788,-11.064155754919572,-0.013805885995833,-0.9050525263934982,0.8866446783990543,0.214758226601847,-1.2826642983851642,-11.081499542760595,-51.11,-61.87,-96.84,-80.7,-134.5,-0.0479616478448041,-0.3117507109912271,0.1918465913792167,0.0,0.0,28,30,30,30,31,0,-82,-13,-19,-37,12.8,12.8,12.8,12.4,12.7,-999,-999,-999,0.0,0.0,0.0
4.467168092727661,-0.0107379113300923,-0.8866446783990543,0.8866446783990543,0.219360188600458,-1.2732094862823788,-11.064155754919572,-0.013805885995833,-0.9050525263934982,0.8866446783990543,0.214758226601847,-1.2826642983851642,-11.081499542760595,0.0,-102.22,-61.87,-56.49,-126.43,0.0,-0.3117507109912271,0.1918465913792167,0.0,0.0,27,30,30,30,31,-7,-75,-7,-19,-37,12.8,12.8,12.4,12.7,12.7,-999,-999,-999,0.0,0.0,0.0
4.48421835899353,-0.0122718986629626,-0.8912466403976652,0.8912466403976652,0.219360188600458,-1.2732094862823788,-11.064155754919572,-0.0153398733287033,-0.9157904377235906,0.8943146150634059,0.214758226601847,-1.2826642983851642,-11.081499542760595,21.52,-61.87,-83.39,-72.63,-137.19,0.0719424717672062,-0.3117507109912271,0.1918465913792167,0.0,0.0,27,30,30,31,31,-7,-75,31,-19,-43,12.8,12.8,12.8,12.7,12.7,-999,-999,-999,0.0,0.0,0.0
4.501153945922852,-0.0122718986629626,-0.8973825897291465,0.8943146150634059,0.219360188600458,-1.2732094862823788,-11.064155754919572,-0.0153398733287033,-0.9157904377235906,0.8943146150634059,0.214758226601847,-1.2826642983851642,-11.081499542760595,32.28,-64.56,-121.05,-83.39,-126.43,0.0959232956896083,-0.3117507109912271,0.1918465913792167,0.0,0.0,28,31,30,31,31,-13,-75,-7,-19,-37,12.8,12.8,12.8,12.7,12.7,-999,-999,-999,0.0,0.0,0.0
4.518093585968018,-0.013805885995833,-0.9019845517277576,0.8973825897291465,0.219360188600458,-1.2732094862823788,-11.064155754919572,-0.013805885995833,-0.9203923997222015,0.8973825897291465,0.214758226601847,-1.2826642983851642,-11.081499542760595,5.38,-53.8,-123.74,-86.08,-123.74,0.0719424717672062,-0.287769887068825,0.1918465913792167,0.0,0.0,28,31,30,31,31,0,-69,-7,-19,-37,12.8,12.8,12.8,12.7,12.7,-999,-999,-999,0.0,0.0,0.0
4.535174369812012,-0.013805885995833,-0.9065865137263686,0.9019845517277576,0.219360188600458,-1.2732094862823788,-11.064155754919572,-0.013805885995833,-0.9295963237194236,0.9050525263934982,0.2162922139347173,-1.2826642983851642,-11.081499542760595,0.0,-48.42,-83.39,-59.18,-137.19,0.0,-0.287769887068825,0.1918465913792167,0.0,0.0,28,31,30,30,31,0,-75,-13,-19,-43,12.8,12.8,12.7,12.7,12.7,-999,-999,-999,0.0,0.0,0.0
4.552110195159912,-0.0153398733287033,-0.91272246305785,0.9050525263934982,0.219360188600458,-1.2732094862823788,-11.064155754919572,-0.013805885995833,-0.9295963237194236,0.9050525263934982,0.2162922139347173,-1.2826642983851642,-11.081499542760595,0.0,-64.56,-112.98,-32.28,-126.43,0.0,-0.287769887068825,0.1918465913792167,0.0,0.0,28,31,30,31,30,6,-75,-7,-13,-37,12.8,12.8,12.8,12.7,12.7,-999,-999,-999,0.0,0.0,0.0
4.569236993789673,-0.0168738606615736,-0.9157904377235906,0.9081205010592388,0.219360188600458,-1.2732094862823788,-11.064155754919572,-0.013805885995833,-0.940334235049516,0.91272246305785,0.214758226601847,-1.2841982857180343,-11.084257180785213,2.69,-80.7,-112.98,-53.8,-137.19,-0.023980823922402,-0.287769887068825,0.1918465913792167,0.0,0.0,28,31,30,31,32,12,-69,-13,-19,-43,12.8,12.8,12.8,12.7,12.7,-999,-999,-999,0.0,0.0,0.0
4.586132764816284,-0.018407847994444,-0.9203923997222015,0.91272246305785,0.219360188600458,-1.2732094862823788,-11.064155754919572,-0.013805885995833,-0.9464701843809972,0.917324425056461,0.214758226601847,-1.2841982857180343,-11.084257180785213,0.0,-88.77,-110.29,-69.94,-131.81,-0.0479616478448041,-0.287769887068825,0.1918465913792167,0.0,0.0,28,31,31,31,31,18,-69,-7,-19,-37,12.8,12.7,12.8,12.8,12.7,-999,-999,-999,0.0,0.0,0.0
4.603166580200195,-0.0168738606615736,-0.9249943617208126,0.9157904377235906,0.219360188600458,-1.2732094862823788,-11.064155754919572,-0.013805885995833,-0.9510721463796084,0.9203923997222015,0.214758226601847,-1.2826642983851642,-11.081499542760595,21.52,-94.15,-102.22,-75.32,-137.19,-0.0479616478448041,-0.263789063146423,0.1918465913792167,0.0,0.0,28,31,31,31,31,18,-125,0,-19,-43,12.8,12.8,12.8,12.8,12.7,-999,-999,-999,0.0,0.0,0.0
4.620131969451904,-0.013805885995833,-0.931130311052294,0.9203923997222015,0.219360188600458,-1.2732094862823788,-11.064155754919572,-0.013805885995833,-0.9510721463796084,0.9203923997222015,0.214758226601847,-1.2826642983851642,-11.081499542760595,-2.69,-53.8,-139.88,-67.25,-112.98,-0.023980823922402,-0.263789063146423,0.1918465913792167,0.0,0.0,28,31,31,31,31,0,-75,-7,-19,-37,12.8,12.8,12.8,12.8,12.7,-999,-999,-999,0.0,0.0,0.0
4.637195587158203,-0.0107379113300923,-0.9372662603837753,0.9249943617208126,0.219360188600458,-1.2732094862823788,-11.064155754919572,-0.0122718986629626,-0.9618100577097006,0.926528349053683,0.214758226601847,-1.2826642983851642,-11.081499542760595,32.28,-53.8,-118.36,-67.25,-126.43,0.023980823922402,-0.263789063146423,0.2158274153016187,0.0,0.0,28,31,31,31,31,-13,-75,-7,-19,-37,12.8,12.8,12.8,12.8,12.6,-999,-999,-999,0.0,0.0,0.0
4.654195547103882,-0.0107379113300923,-0.9418682223823864,0.9280623363865532,0.219360188600458,-1.2732094862823788,-11.064155754919572,-0.0122718986629626,-0.9664120197083116,0.9295963237194236,0.214758226601847,-1.2841982857180343,-11.084257180785213,8.07,-94.15,-104.91,-48.42,-121.05,0.0719424717672062,-0.287769887068825,0.2158274153016187,0.0,0.0,28,31,30,31,31,-7,-75,-13,-19,-37,12.7,12.8,12.8,12.8,12.7,-999,-999,-999,0.0,0.0,0.0
4.671152353286743,-0.0122718986629626,-0.9480041717138676,0.931130311052294,0.219360188600458,-1.2732094862823788,-11.064155754919572,-0.0122718986629626,-0.9710139817069228,0.9341982857180346,0.214758226601847,-1.2826642983851642,-11.081499542760595,0.0,-53.8,-83.39,-56.49,-137.19,0.0959232956896083,-0.287769887068825,0.2158274153016187,0.0,0.0,28,31,30,31,31,0,-75,-13,-19,-43,12.8,12.8,12.8,12.8,12.7,-999,-999,-999,0.0,0.0,0.0
4.688123226165772,-0.013805885995833,-0.9526061337124788,0.9326642983851644,0.219360188600458,-1.2732094862823788,-11.064155754919572,-0.0122718986629626,-0.9756159437055336,0.9372662603837753,0.214758226601847,-1.2841982857180343,-11.084257180785213,0.0,-67.25,-59.18,-67.25,-121.05,0.023980823922402,-0.287769887068825,0.2158274153016187,0.0,0.0,28,31,30,30,32,6,-75,-7,-19,-37,12.8,12.8,12.8,12.8,12.7,-999,-999,-999,0.0,0.0,0.0
4.705153465270996,-0.013805885995833,-0.9572080957110896,0.9372662603837753,0.219360188600458,-1.2732094862823788,-11.064155754919572,-0.0107379113300923,-0.9802179057041448,0.940334235049516,0.214758226601847,-1.2841982857180343,-11.084257180785213,0.0,-88.77,-131.81,-75.32,-137.19,0.0,-0.287769887068825,0.1918465913792167,0.0,0.0,28,31,30,30,31,6,-75,0,-19,-43,12.8,12.8,12.8,12.8,12.6,-999,-999,-999,0.0,0.0,0.0
4.72215461730957,-0.0153398733287033,-0.963344045042571,0.940334235049516,0.219360188600458,-1.2732094862823788,-11.064155754919572,-0.0107379113300923,-0.9848198677027558,0.9434022097152568,0.214758226601847,-1.2841982857180343,-11.084257180785213,13.45,-40.35,-131.81,-69.94,-137.19,-0.023980823922402,-0.287769887068825,0.1918465913792167,0.0,0.0,28,31,30,30,31,12,-69,-7,-19,-43,12.8,12.8,12.8,12.7,12.7,-999,-999,-999,0.0,0.0,0.0
4.73917293548584,-0.0168738606615736,-0.967946007041182,0.9449361970481268,0.219360188600458,-1.2732094862823788,-11.064155754919572,-0.0107379113300923,-0.9894218297013668,0.9464701843809972,0.214758226601847,-1.2826642983851642,-11.081499542760595,0.0,-34.97,-107.6,-53.8,-131.81,-0.023980823922402,-0.287769887068825,0.1918465913792167,0.0,0.0,28,31,30,30,31,25,-69,-7,-19,-37,12.8,12.8,12.8,12.7,12.7,-999,-999,-999,0.0,0.0,0.0
4.756192684173584,-0.0153398733287033,-0.9740819563726634,0.9480041717138676,0.219360188600458,-1.2747434736152492,-11.067010339736138,-0.0107379113300923,-0.9924898043671074,0.949538159046738,0.214758226601847,-1.2826642983851642,-11.081499542760595,2.69,-37.66,-99.53,-51.11,-123.74,-0.023980823922402,-0.287769887068825,0.2158274153016187,0.0,0.0,27,31,30,30,31,18,-69,-13,-19,-37,12.8,12.9,12.8,12.7,12.7,-999,-999,-999,0.0,0.0,0.0
4.77312159538269,-0.0122718986629626,-0.9786839183712744,0.9510721463796084,0.219360188600458,-1.2732094862823788,-11.064155754919572,-0.0107379113300923,-0.9924898043671074,0.949538159046738,0.214758226601847,-1.2826642983851642,-11.081499542760595,-53.8,-45.73,-69.94,-80.7,-115.67,0.0,-0.287769887068825,0.2158274153016187,0.0,0.0,27,31,30,30,30,6,-63,-13,-19,-31,12.8,12.9,12.8,12.7,12.7,-999,-999,-999,0.0,0.0,0.0
4.790209054946899,-0.0076699366643516,-0.981751893037015,0.954140121045349,0.219360188600458,-1.2732094862823788,-11.064155754919572,-0.0122718986629626,-1.0016937283643297,0.9572080957110896,0.214758226601847,-1.2841982857180343,-11.084257180785213,-26.9,-53.8,-59.18,-51.11,-134.5,0.023980823922402,-0.287769887068825,0.1918465913792167,0.0,0.0,27,31,31,30,31,-13,-63,-13,-19,-43,12.8,12.8,12.8,12.7,12.7,-999,-999,-999,0.0,0.0,0.0
4.807183265686035,-0.0076699366643516,-0.986353855035626,0.9572080957110896,0.219360188600458,-1.2732094862823788,-11.064155754919572,-0.0107379113300923,-1.0062956903629403,0.9602760703768304,0.214758226601847,-1.2826642983851642,-11.081499542760595,0.0,-43.04,-72.63,-67.25,-134.5,0.0959232956896083,-0.263789063146423,0.1918465913792167,0.0,0.0,27,31,30,30,31,-19,-63,24,-19,-43,12.8,12.3,12.8,12.7,12.7,-999,-999,-999,0.0,0.0,0.0
4.824209928512573,-0.009203923997222,-0.9909558170342372,0.9602760703768304,0.219360188600458,-1.2732094862823788,-11.064155754919572,-0.0107379113300923,-1.0108976523615514,0.963344045042571,0.214758226601847,-1.2841982857180343,-11.084257180785213,18.83,-32.28,-126.43,-107.6,-126.43,0.0959232956896083,-0.263789063146423,0.1678657674568146,0.0,0.0,27,31,30,30,31,-7,-57,-7,-19,-37,12.9,12.8,12.5,12.7,12.7,-999,-999,-999,0.0,0.0,0.0
4.841101408004761,-0.0122718986629626,-0.9940237916999776,0.9648780323754412,0.219360188600458,-1.2732094862823788,-11.064155754919572,-0.0107379113300923,-1.0108976523615514,0.963344045042571,0.214758226601847,-1.2841982857180343,-11.084257180785213,0.0,-72.63,-94.15,-126.43,-137.19,0.0479616478448041,-0.2398082392240208,0.1918465913792167,0.0,0.0,27,31,30,30,31,6,-63,-13,-19,-43,12.9,12.8,12.8,12.7,12.6,-999,-999,-999,0.0,0.0,0.0
4.858142375946045,-0.013805885995833,-1.000159741031459,0.967946007041182,0.219360188600458,-1.2747434736152492,-11.067010339736138,-0.0122718986629626,-1.0185675890259032,0.9710139817069228,0.214758226601847,-1.2841982857180343,-11.084257180785213,0.0,-32.28,-94.15,-78.01,-137.19,0.0,-0.2398082392240208,0.1918465913792167,0.0,0.0,27,31,30,30,31,12,-57,-7,-19,-43,12.9,12.8,12.8,12.8,12.7,-999,-999,-999,0.0,0.0,0.0
4.8751139640808105,-0.0153398733287033,-1.0032277156971998,0.9710139817069228,0.219360188600458,-1.2732094862823788,-11.064155754919572,-0.0122718986629626,-1.0185675890259032,0.9710139817069228,0.214758226601847,-1.2841982857180343,-11.084257180785213,0.0,-32.28,-121.05,-69.94,-137.19,-0.0479616478448041,-0.2398082392240208,0.1918465913792167,0.0,0.0,28,31,30,31,31,6,-63,-7,-19,-43,12.9,12.8,12.8,12.8,12.7,-999,-999,-999,0.0,0.0,0.0
4.89225435256958,-0.0153398733287033,-1.0078296776958109,0.9740819563726634,0.219360188600458,-1.2747434736152492,-11.067010339736138,-0.0107379113300923,-1.027771513023125,0.9786839183712744,0.214758226601847,-1.2826642983851642,-11.081499542760595,0.0,-40.35,-86.08,-94.15,-137.19,-0.0719424717672062,-0.2398082392240208,0.1918465913792167,0.0,0.0,28,30,30,31,31,6,-57,-7,-19,-43,12.9,12.9,12.6,12.8,12.7,-999,-999,-999,0.0,0.0,0.0
4.909216642379761,-0.013805885995833,-1.0124316396944215,0.9786839183712744,0.219360188600458,-1.2732094862823788,-11.064155754919572,-0.0107379113300923,-1.0339074623546065,0.981751893037015,0.214758226601847,-1.2841982857180343,-11.084257180785213,18.83,-37.66,-126.43,-51.11,-121.05,-0.0479616478448041,-0.2398082392240208,0.1918465913792167,0.0,0.0,28,30,30,31,30,12,-57,-7,-19,-37,12.9,12.9,12.8,12.8,12.7,-999,-999,-999,0.0,0.0,0.0
4.926183938980103,-0.0122718986629626,-1.0170336016930328,0.981751893037015,0.219360188600458,-1.2732094862823788,-11.064155754919572,-0.0107379113300923,-1.0339074623546065,0.981751893037015,0.214758226601847,-1.2841982857180343,-11.084257180785213,-32.28,-32.28,-118.36,-99.53,-137.19,0.0,-0.2398082392240208,0.1918465913792167,0.0,0.0,27,30,30,31,31,6,-63,-13,-19,-43,12.9,12.8,12.8,12.8,12.7,-999,-999,-999,0.0,0.0,0.0
4.943177700042725,-0.0107379113300923,-1.021635563691644,0.986353855035626,0.219360188600458,-1.2732094862823788,-11.064155754919572,-0.0107379113300923,-1.0369754370203472,0.986353855035626,0.214758226601847,-1.2841982857180343,-11.084257180785213,-5.38,-24.21,-102.22,-67.25,-137.19,0.0,-0.2398082392240208,0.1918465913792167,0.0,0.0,27,30,30,30,31,6,-57,-7,-19,-43,12.9,12.8,12.8,12.8,12.7,-999,-999,-999,0.0,0.0,0.0
4.960159063339233,-0.009203923997222,-1.0247035383573844,0.9894218297013668,0.219360188600458,-1.2732094862823788,-11.064155754919572,-0.0122718986629626,-1.041577399018958,0.9909558170342372,0.214758226601847,-1.2826642983851642,-11.081499542760595,24.21,-78.01,-112.98,-69.94,-121.05,0.023980823922402,-0.2398082392240208,0.2158274153016187,0.0,0.0,27,31,30,31,31,-13,-63,0,-19,-37,12.9,12.8,12.8,12.8,12.7,-999,-999,-999,0.0,0.0,0.0
4.977235794067383,-0.0076699366643516,-1.0323734750217362,0.995557779032848,0.219360188600458,-1.2747434736152492,-11.067010339736138,-0.0107379113300923,-1.0523153103490506,0.9986257536985887,0.214758226601847,-1.2841982857180343,-11.084257180785213,8.07,-67.25,-142.57,-115.67,-137.19,0.0719424717672062,-0.2398082392240208,0.2158274153016187,0.0,0.0,27,31,30,30,31,-19,-63,-7,-19,-43,12.9,12.8,12.8,12.8,12.7,-999,-999,-999,0.0,0.0,0.0
4.994150876998901,-0.009203923997222,-1.0354414496874769,0.9986257536985887,0.219360188600458,-1.2732094862823788,-11.064155754919572,-0.0122718986629626,-1.0569172723476614,1.0016937283643297,0.214758226601847,-1.2826642983851642,-11.081499542760595,18.83,-72.63,-110.29,-96.84,-134.5,0.0719424717672062,-0.2398082392240208,0.2158274153016187,0.0,0.0,27,31,30,30,31,-7,-63,-7,-19,-43,12.9,12.9,12.8,12.8,12.7,-999,-999,-999,0.0,0.0,0.0
5.011123895645142,-0.013805885995833,-1.0400434116860875,1.0016937283643297,0.219360188600458,-1.2732094862823788,-11.064155754919572,-0.0122718986629626,-1.059985247013402,1.0047617030300702,0.214758226601847,-1.2841982857180343,-11.084257180785213,0.0,-26.9,-123.74,-123.74,-115.67,0.023980823922402,-0.2398082392240208,0.2158274153016187,0.0,0.0,27,31,30,30,31,6,-63,-7,-19,-37,12.9,12.9,12.8,12.8,12.6,-999,-999,-999,0.0,0.0,0.0
5.028124570846558,-0.0168738606615736,-1.0446453736846988,1.0078296776958109,0.219360188600458,-1.2747434736152492,-11.067010339736138,-0.0122718986629626,-1.0645872090120132,1.009363665028681,0.214758226601847,-1.2826642983851642,-11.081499542760595,13.45,-61.87,-115.67,-69.94,-137.19,-0.023980823922402,-0.263789063146423,0.2158274153016187,0.0,0.0,27,31,30,30,31,12,-63,-13,-19,-37,12.8,12.8,12.8,12.8,12.7,-999,-999,-999,0.0,0.0,0.0
5.045211553573608,-0.0153398733287033,-1.04924733568331,1.0108976523615514,0.219360188600458,-1.2732094862823788,-11.064155754919572,-0.0107379113300923,-1.0691891710106245,1.0124316396944215,0.214758226601847,-1.2841982857180343,-11.084257180785213,8.07,-34.97,-78.01,-34.97,-121.05,-0.0719424717672062,-0.263789063146423,0.2158274153016187,0.0,0.0,27,31,30,30,31,12,-63,-13,-19,-37,12.8,12.8,12.7,12.8,12.7,-999,-999,-999,0.0,0.0,0.0
5.063115119934082,-0.0122718986629626,-1.053849297681921,1.013965627027292,0.219360188600458,-1.2747434736152492,-11.067010339736138,-0.0107379113300923,-1.0737911330092351,1.0170336016930328,0.214758226601847,-1.2826642983851642,-11.081499542760595,-5.38,-64.56,-78.01,-56.49,-137.19,-0.0719424717672062,-0.263789063146423,0.2158274153016187,0.0,0.0,27,31,31,30,30,6,-63,-13,-19,-43,12.8,12.8,12.6,12.8,12.7,-999,-999,-999,0.0,0.0,0.0
5.080160617828369,-0.009203923997222,-1.0584512596805318,1.0170336016930328,0.219360188600458,-1.2732094862823788,-11.064155754919572,-0.0122718986629626,-1.0783930950078462,1.0201015763587735,0.214758226601847,-1.2841982857180343,-11.084257180785213,-8.07,-32.28,-59.18,-64.56,-126.43,0.0,-0.263789063146423,0.1918465913792167,0.0,0.0,27,31,31,30,31,-7,-63,-7,-19,-37,12.8,12.8,12.8,12.8,12.7,-999,-999,-999,0.0,0.0,0.0
5.097137928009033,-0.009203923997222,-1.0630532216791428,1.0201015763587735,0.219360188600458,-1.2732094862823788,-11.064155754919572,-0.0122718986629626,-1.0845290443393276,1.023169551024514,0.214758226601847,-1.2841982857180343,-11.084257180785213,45.73,-32.28,-115.67,-59.18,-131.81,0.0479616478448041,-0.263789063146423,0.1918465913792167,0.0,0.0,28,31,31,30,30,-13,-63,-7,-19,-43,12.8,12.8,12.8,12.8,12.7,-999,-999,-999,0.0,0.0,0.0
5.114147901535034,-0.009203923997222,-1.067655183677754,1.0247035383573844,0.219360188600458,-1.2732094862823788,-11.064155754919572,-0.0122718986629626,-1.0891310063379385,1.0262375256902547,0.214758226601847,-1.2841982857180343,-11.084257180785213,21.52,-13.45,-86.08,-78.01,-137.19,0.0719424717672062,-0.263789063146423,0.1918465913792167,0.0,0.0,28,31,31,30,31,-13,-57,-13,-19,-43,12.8,12.7,12.8,12.8,12.7,-999,-999,-999,0.0,0.0,0.0
5.131195306777954,-0.0107379113300923,-1.0737911330092351,1.027771513023125,0.219360188600458,-1.2732094862823788,-11.064155754919572,-0.0122718986629626,-1.0937329683365495,1.0323734750217362,0.214758226601847,-1.2826642983851642,-11.081499542760595,0.0,-8.07,-83.39,-64.56,-131.81,0.0479616478448041,-0.263789063146423,0.1678657674568146,0.0,0.0,28,31,31,30,31,-7,-57,-7,-19,-43,12.8,12.7,12.8,12.8,12.7,-999,-999,-999,0.0,0.0,0.0
5.148174524307251,-0.0107379113300923,-1.0783930950078462,1.0308394876888658,0.219360188600458,-1.2732094862823788,-11.064155754919572,-0.0122718986629626,-1.0937329683365495,1.0323734750217362,0.214758226601847,-1.2826642983851642,-11.081499542760595,0.0,-53.8,-99.53,-83.39,-115.67,0.0,-0.263789063146423,0.1678657674568146,0.0,0.0,28,31,31,30,31,-7,-63,-7,-19,-37,12.8,12.8,12.8,12.8,12.7,-999,-999,-999,0.0,0.0,0.0
5.165227651596069,-0.0122718986629626,-1.0829950570064573,1.0339074623546065,0.219360188600458,-1.2732094862823788,-11.064155754919572,-0.0107379113300923,-1.1029368923337717,1.0385094243532176,0.214758226601847,-1.2841982857180343,-11.084257180785213,-2.69,-72.63,-129.12,-78.01,-137.19,0.0,-0.263789063146423,0.1678657674568146,0.0,0.0,28,31,31,30,30,0,-63,0,-19,-43,12.8,12.9,12.8,12.8,12.7,-999,-999,-999,0.0,0.0,0.0
5.182181596755981,-0.013805885995833,-1.0875970190050683,1.0385094243532176,0.219360188600458,-1.2732094862823788,-11.064155754919572,-0.0122718986629626,-1.1090728416652529,1.0431113863518284,0.214758226601847,-1.2841982857180343,-11.084257180785213,18.83,-18.83,-142.57,-45.73,-134.5,-0.023980823922402,-0.263789063146423,0.1678657674568146,0.0,0.0,28,31,31,31,30,12,-63,0,-19,-37,12.8,12.9,12.8,12.8,12.7,-999,-999,-999,0.0,0.0,0.0
5.199190855026245,-0.0168738606615736,-1.0921989810036792,1.0431113863518284,0.219360188600458,-1.2732094862823788,-11.064155754919572,-0.0107379113300923,-1.1121408163309936,1.0461793610175691,0.214758226601847,-1.2841982857180343,-11.084257180785213,24.21,-43.04,-115.67,-51.11,-134.5,-0.0479616478448041,-0.263789063146423,0.1918465913792167,0.0,0.0,28,31,31,31,30,12,-63,0,-19,-43,12.8,12.9,12.8,12.7,12.7,-999,-999,-999,0.0,0.0,0.0
5.216097593307495,-0.0153398733287033,-1.0983349303351606,1.0461793610175691,0.219360188600458,-1.2732094862823788,-11.064155754919572,-0.0107379113300923,-1.1121408163309936,1.0461793610175691,0.214758226601847,-1.2841982857180343,-11.084257180785213,18.83,-5.38,-139.88,-110.29,-137.19,-0.0719424717672062,-0.263789063146423,0.2158274153016187,0.0,0.0,28,31,31,31,30,25,-57,-7,-19,-43,12.8,12.9,12.8,12.8,12.7,-999,-999,-999,0.0,0.0,0.0
5.233190059661865,-0.013805885995833,-1.1029368923337717,1.04924733568331,0.219360188600458,-1.2747434736152492,-11.067010339736138,-0.0107379113300923,-1.1213447403282155,1.0523153103490506,0.214758226601847,-1.2841982857180343,-11.084257180785213,-40.35,-56.49,-104.91,-91.46,-137.19,-0.0479616478448041,-0.287769887068825,0.2158274153016187,0.0,0.0,28,31,31,31,30,12,-113,-13,-19,-43,12.8,12.8,12.8,12.8,12.7,-999,-999,-999,0.0,0.0,0.0
5.250121116638184,-0.009203923997222,-1.1075388543323823,1.053849297681921,0.219360188600458,-1.2732094862823788,-11.064155754919572,-0.0122718986629626,-1.1244127149939562,1.0569172723476614,0.214758226601847,-1.2826642983851642,-11.081499542760595,-5.38,-16.14,-83.39,-59.18,-137.19,0.0,-0.287769887068825,0.2158274153016187,0.0,0.0,28,30,31,31,30,-7,-50,-13,-19,-43,12.8,12.8,12.8,12.7,12.7,-999,-999,-999,0.0,0.0,0.0
5.2671217918396,-0.0076699366643516,-1.1121408163309936,1.0584512596805318,0.219360188600458,-1.2747434736152492,-11.067010339736138,-0.0122718986629626,-1.1244127149939562,1.0569172723476614,0.214758226601847,-1.2826642983851642,-11.081499542760595,0.0,-37.66,-86.08,-107.6,-118.36,0.0719424717672062,-0.263789063146423,0.2158274153016187,0.0,0.0,28,30,31,31,30,-19,-50,-13,-19,-37,12.8,12.8,12.8,12.7,12.7,-999,-999,-999,0.0,0.0,0.0
5.284123420715332,-0.009203923997222,-1.1152087909967343,1.0615192343462725,0.219360188600458,-1.2732094862823788,-11.064155754919572,-0.0107379113300923,-1.132082651658308,1.0615192343462725,0.214758226601847,-1.2826642983851642,-11.081499542760595,18.83,-8.07,-80.7,-75.32,-118.36,0.0959232956896083,-0.263789063146423,0.1918465913792167,0.0,0.0,27,30,31,31,30,-7,-50,-13,-19,-31,12.8,12.8,12.8,12.7,12.7,-999,-999,-999,0.0,0.0,0.0
5.301154613494873,-0.0122718986629626,-1.1198107529953454,1.0645872090120132,0.219360188600458,-1.2732094862823788,-11.064155754919572,-0.0107379113300923,-1.132082651658308,1.0615192343462725,0.214758226601847,-1.2826642983851642,-11.081499542760595,0.0,-8.07,-83.39,-59.18,-126.43,0.0479616478448041,-0.2398082392240208,0.1918465913792167,0.0,0.0,27,30,30,31,30,6,-44,-13,-19,-37,12.8,12.8,12.8,12.7,12.7,-999,-999,-999,0.0,0.0,0.0
5.318208456039429,-0.0153398733287033,-1.122878727661086,1.067655183677754,0.219360188600458,-1.2732094862823788,-11.064155754919572,-0.0107379113300923,-1.136684613656919,1.0661211963448836,0.214758226601847,-1.2841982857180343,-11.084257180785213,0.0,0.0,-67.25,-96.84,-137.19,0.0,-0.2398082392240208,0.1678657674568146,0.0,0.0,27,30,30,31,30,18,-38,-13,-19,-43,12.8,12.8,12.8,12.7,12.7,-999,-999,-999,0.0,0.0,0.0
5.335116863250732,-0.013805885995833,-1.1259467023268266,1.0691891710106245,0.219360188600458,-1.2732094862823788,-11.064155754919572,-0.0107379113300923,-1.1382186009897892,1.067655183677754,0.214758226601847,-1.2841982857180343,-11.084257180785213,0.0,0.0,-78.01,-86.08,-137.19,-0.0719424717672062,-0.2158274153016187,0.1678657674568146,0.0,0.0,28,30,30,30,31,12,-38,-13,-19,-43,12.8,12.8,12.8,12.7,12.5,-999,-999,-999,0.0,0.0,0.0
5.352110862731934,-0.0122718986629626,-1.1305486643254377,1.0707231583434946,0.219360188600458,-1.2732094862823788,-11.064155754919572,-0.0107379113300923,-1.1382186009897892,1.067655183677754,0.214758226601847,-1.2841982857180343,-11.084257180785213,-34.97,0.0,-75.32,-75.32,-129.12,-0.0719424717672062,-0.2158274153016187,0.1438849435344125,0.0,0.0,27,30,31,30,31,6,-25,-13,-19,-37,12.8,12.8,12.8,12.7,12.7,-999,-999,-999,0.0,0.0,0.0
5.369187593460083,-0.0107379113300923,-1.132082651658308,1.0737911330092351,0.219360188600458,-1.2732094862823788,-11.064155754919572,-0.0122718986629626,-1.1428205629884003,1.0707231583434946,0.214758226601847,-1.2841982857180343,-11.084257180785213,-5.38,-43.04,-88.77,-53.8,-134.5,0.0,-0.1918465913792167,0.1438849435344125,0.0,0.0,27,30,31,30,30,0,-88,-19,-19,-37,12.8,12.8,12.8,12.7,12.7,-999,-999,-999,0.0,0.0,0.0
5.386093378067017,-0.009203923997222,-1.1351506263240487,1.0753251203421057,0.219360188600458,-1.2732094862823788,-11.064155754919572,-0.0122718986629626,-1.1428205629884003,1.0707231583434946,0.214758226601847,-1.2841982857180343,-11.084257180785213,26.9,0.0,-83.39,-64.56,-137.19,0.023980823922402,-0.1678657674568146,0.1199041196120104,0.0,0.0,27,30,30,30,31,-13,-32,-19,-19,-43,12.8,12.8,12.8,12.5,12.7,-999,-999,-999,0.0,0.0,0.0
5.403131008148193,-0.009203923997222,-1.136684613656919,1.0768591076749758,0.219360188600458,-1.2732094862823788,-11.064155754919572,-0.0122718986629626,-1.145888537654141,1.0737911330092351,0.214758226601847,-1.2841982857180343,-11.084257180785213,40.35,0.0,-80.7,-51.11,-137.19,0.0479616478448041,-0.1438849435344125,0.1199041196120104,0.0,0.0,27,30,30,30,31,-13,-32,-19,-19,-43,12.8,12.8,12.8,12.7,12.6,-999,-999,-999,0.0,0.0,0.0
5.420190334320068,-0.009203923997222,-1.1397525883226596,1.0799270823407163,0.219360188600458,-1.2747434736152492,-11.067010339736138,-0.0107379113300923,-1.150490499652752,1.0768591076749758,0.214758226601847,-1.2841982857180343,-11.084257180785213,29.59,-24.21,-88.77,-112.98,-134.5,0.0479616478448041,-0.1438849435344125,0.0959232956896083,0.0,0.0,27,30,30,30,31,-7,-38,-19,-19,-43,12.8,12.8,12.8,12.7,12.7,-999,-999,-999,0.0,0.0,0.0
5.437114477157593,-0.0107379113300923,-1.1428205629884003,1.0799270823407163,0.219360188600458,-1.2732094862823788,-11.064155754919572,-0.0122718986629626,-1.1535584743184928,1.0783930950078462,0.214758226601847,-1.2826642983851642,-11.081499542760595,5.38,0.0,-80.7,-67.25,-134.5,0.023980823922402,-0.1438849435344125,0.0959232956896083,0.0,0.0,27,31,30,30,31,0,-32,-19,-19,-43,12.8,12.8,12.7,12.8,12.7,-999,-999,-999,0.0,0.0,0.0
5.454124927520752,-0.013805885995833,-1.145888537654141,1.0829950570064573,0.219360188600458,-1.2732094862823788,-11.064155754919572,-0.0122718986629626,-1.1566264489842333,1.081461069673587,0.214758226601847,-1.2826642983851642,-11.081499542760595,0.0,0.0,-88.77,-129.12,-121.05,0.0,-0.1438849435344125,0.0959232956896083,0.0,0.0,27,31,30,30,31,6,-32,-19,-19,-37,12.8,13.0,12.8,12.8,12.7,-999,-999,-999,0.0,0.0,0.0
5.471160173416138,-0.0168738606615736,-1.1489565123198815,1.086063031672198,0.219360188600458,-1.2732094862823788,-11.064155754919572,-0.0122718986629626,-1.159694423649974,1.0829950570064573,0.214758226601847,-1.2826642983851642,-11.081499542760595,32.28,0.0,-83.39,-99.53,-126.43,-0.0479616478448041,-0.1438849435344125,0.0959232956896083,0.0,0.0,27,31,31,31,31,12,-32,-19,-19,-37,12.8,12.8,12.8,12.8,12.4,-999,-999,-999,0.0,0.0,0.0
5.488196611404419,-0.0153398733287033,-1.150490499652752,1.086063031672198,0.219360188600458,-1.2732094862823788,-11.064155754919572,-0.0122718986629626,-1.1627623983157147,1.0845290443393276,0.214758226601847,-1.2841982857180343,-11.084257180785213,13.45,-5.38,-78.01,-83.39,-123.74,-0.0719424717672062,-0.1438849435344125,0.0959232956896083,0.0,0.0,27,31,31,31,31,18,-38,-19,-19,-37,12.9,12.8,12.4,12.8,12.7,-999,-999,-999,0.0,0.0,0.0
5.505151748657227,-0.013805885995833,-1.1535584743184928,1.0891310063379385,0.219360188600458,-1.2747434736152492,-11.067010339736138,-0.0122718986629626,-1.164296385648585,1.0875970190050683,0.214758226601847,-1.2841982857180343,-11.084257180785213,-16.14,-13.45,-88.77,-61.87,-131.81,-0.0719424717672062,-0.1438849435344125,0.0959232956896083,0.0,0.0,27,30,31,31,31,6,-38,-19,-19,-37,12.9,12.8,12.8,12.8,12.7,-999,-999,-999,0.0,0.0,0.0
5.522193908691406,-0.009203923997222,-1.1566264489842333,1.0906649936708088,0.219360188600458,-1.2747434736152492,-11.067010339736138,-0.0122718986629626,-1.1673643603143258,1.0906649936708088,0.214758226601847,-1.2826642983851642,-11.081499542760595,16.14,2.69,-94.15,-83.39,-134.5,0.0,-0.1438849435344125,0.0959232956896083,0.0,0.0,27,30,31,30,31,-13,-32,-19,-19,-43,12.8,12.9,12.8,12.8,12.7,-999,-999,-999,0.0,0.0,0.0
5.539144515991211,-0.009203923997222,-1.159694423649974,1.0921989810036792,0.219360188600458,-1.2732094862823788,-11.064155754919572,-0.0122718986629626,-1.1719663223129366,1.0921989810036792,0.214758226601847,-1.2841982857180343,-11.084257180785213,13.45,0.0,-80.7,-104.91,-126.43,0.0479616478448041,-0.1438849435344125,0.0959232956896083,0.0,0.0,28,31,31,30,31,-13,-32,-13,-19,-37,12.8,12.8,12.8,12.8,12.7,-999,-999,-999,0.0,0.0,0.0
5.556196212768555,-0.0107379113300923,-1.1627623983157147,1.09526695566942,0.219360188600458,-1.2732094862823788,-11.064155754919572,-0.0122718986629626,-1.173500309645807,1.09526695566942,0.214758226601847,-1.2841982857180343,-11.084257180785213,8.07,-8.07,-59.18,-72.63,-134.5,0.0719424717672062,-0.1438849435344125,0.1199041196120104,0.0,0.0,28,31,31,30,31,-7,-38,-13,-19,-43,12.8,12.8,12.7,12.7,12.7,-999,-999,-999,0.0,0.0,0.0
5.573198318481445,-0.013805885995833,-1.1658303729814554,1.0983349303351606,0.219360188600458,-1.2732094862823788,-11.064155754919572,-0.0122718986629626,-1.1765682843115477,1.0983349303351606,0.214758226601847,-1.2841982857180343,-11.084257180785213,-2.69,0.0,-51.11,-67.25,-131.81,0.0479616478448041,-0.1438849435344125,0.1199041196120104,0.0,0.0,28,31,30,30,31,6,-32,24,-19,-37,12.8,12.8,12.8,12.7,12.7,-999,-999,-999,0.0,0.0,0.0
5.590236663818359,-0.0153398733287033,-1.1673643603143258,1.099868917668031,0.219360188600458,-1.2732094862823788,-11.064155754919572,-0.0122718986629626,-1.1796362589772884,1.101402905000901,0.214758226601847,-1.2826642983851642,-11.081499542760595,32.28,0.0,-59.18,-131.81,-131.81,-0.023980823922402,-0.1438849435344125,0.1199041196120104,0.0,0.0,28,31,31,30,31,12,-32,-13,-19,-37,12.8,12.8,12.8,12.7,12.7,-999,-999,-999,0.0,0.0,0.0
5.608064413070679,-0.0153398733287033,-1.1704323349800665,1.101402905000901,0.219360188600458,-1.2732094862823788,-11.064155754919572,-0.0122718986629626,-1.1827042336430291,1.1044708796666418,0.214758226601847,-1.2826642983851642,-11.081499542760595,2.69,0.0,-83.39,-59.18,-129.12,-0.0719424717672062,-0.1438849435344125,0.1199041196120104,0.0,0.0,28,31,30,30,31,12,-38,-7,-19,-37,12.9,12.8,12.8,12.7,12.7,-999,-999,-999,0.0,0.0,0.0
5.6253581047058105,-0.013805885995833,-1.1750342969786771,1.1060048669995122,0.219360188600458,-1.2747434736152492,-11.067010339736138,-0.0122718986629626,-1.18730619564164,1.1075388543323823,0.214758226601847,-1.2841982857180343,-11.084257180785213,-8.07,0.0,-80.7,-123.74,-126.43,-0.0719424717672062,-0.1678657674568146,0.1199041196120104,0.0,0.0,28,31,30,31,31,6,-32,-13,-19,-31,12.9,12.8,12.8,12.8,12.6,-999,-999,-999,0.0,0.0,0.0
5.643099308013916,-0.0122718986629626,-1.1765682843115477,1.1090728416652529,0.219360188600458,-1.2732094862823788,-11.064155754919572,-0.0122718986629626,-1.190374170307381,1.1106068289981232,0.214758226601847,-1.2826642983851642,-11.081499542760595,0.0,5.38,-61.87,-86.08,-131.81,0.0,-0.1678657674568146,0.1438849435344125,0.0,0.0,28,31,30,31,31,0,-38,24,-19,-37,12.9,12.8,12.8,12.8,12.6,-999,-999,-999,0.0,0.0,0.0
5.660111427307129,-0.009203923997222,-1.1796362589772884,1.1121408163309936,0.219360188600458,-1.2732094862823788,-11.064155754919572,-0.0122718986629626,-1.1934421449731214,1.1121408163309936,0.214758226601847,-1.2826642983851642,-11.081499542760595,0.0,-5.38,-96.84,-107.6,-121.05,0.023980823922402,-0.1678657674568146,0.1438849435344125,0.0,0.0,28,31,30,31,31,-7,-38,-13,-19,-37,12.9,12.9,12.8,12.8,12.6,-999,-999,-999,0.0,0.0,0.0
5.6770758628845215,-0.009203923997222,-1.1842382209758997,1.1152087909967343,0.219360188600458,-1.2732094862823788,-11.064155754919572,-0.0122718986629626,-1.1934421449731214,1.1121408163309936,0.214758226601847,-1.2826642983851642,-11.081499542760595,43.04,-2.69,-99.53,-102.22,-126.43,0.0719424717672062,-0.1678657674568146,0.1678657674568146,0.0,0.0,28,31,30,31,31,-13,-38,-13,-19,-37,12.9,12.8,12.8,12.8,12.7,-999,-999,-999,0.0,0.0,0.0
5.694121360778809,-0.009203923997222,-1.18730619564164,1.116742778329605,0.219360188600458,-1.2732094862823788,-11.064155754919572,-0.0122718986629626,-1.1980441069717325,1.1152087909967343,0.214758226601847,-1.2841982857180343,-11.084257180785213,34.97,-5.38,-94.15,-51.11,-129.12,0.0719424717672062,-0.1678657674568146,0.1678657674568146,0.0,0.0,28,31,30,31,31,-13,-38,-13,-19,-43,12.9,12.8,12.8,12.8,12.7,-999,-999,-999,0.0,0.0,0.0
5.711085557937622,-0.0122718986629626,-1.190374170307381,1.1198107529953454,0.219360188600458,-1.2732094862823788,-11.064155754919572,-0.0122718986629626,-1.1980441069717325,1.1152087909967343,0.214758226601847,-1.2841982857180343,-11.084257180785213,0.0,8.07,-115.67,-53.8,-137.19,0.023980823922402,-0.1678657674568146,0.1678657674568146,0.0,0.0,28,31,30,30,31,0,-32,-19,-19,-43,12.8,12.8,12.8,12.7,12.7,-999,-999,-999,0.0,0.0,0.0
5.728100538253784,-0.0153398733287033,-1.1934421449731214,1.122878727661086,0.219360188600458,-1.2732094862823788,-11.064155754919572,-0.0122718986629626,-1.1995780943046028,1.116742778329605,0.214758226601847,-1.2841982857180343,-11.084257180785213,5.38,8.07,-102.22,-51.11,-126.43,0.0,-0.1678657674568146,0.1678657674568146,0.0,0.0,28,31,30,30,31,12,-25,-25,-19,-37,12.8,12.8,12.8,12.7,12.7,-999,-999,-999,0.0,0.0,0.0
5.745101451873779,-0.0168738606615736,-1.1949761323059918,1.122878727661086,0.219360188600458,-1.2747434736152492,-11.067010339736138,-0.0122718986629626,-1.1995780943046028,1.116742778329605,0.214758226601847,-1.2841982857180343,-11.084257180785213,0.0,5.38,-102.22,-80.7,-137.19,-0.0719424717672062,-0.1678657674568146,0.1438849435344125,0.0,0.0,28,31,30,30,31,18,-19,-25,-19,-43,12.8,12.9,12.7,12.7,12.7,-999,-999,-999,0.0,0.0,0.0
5.762171268463135,-0.0153398733287033,-1.196510119638862,1.1244127149939562,0.219360188600458,-1.2732094862823788,-11.064155754919572,-0.0122718986629626,-1.202646068970343,1.116742778329605,0.214758226601847,-1.2841982857180343,-11.084257180785213,2.69,24.21,-99.53,-75.32,-121.05,-0.0959232956896083,-0.1438849435344125,0.0959232956896083,0.0,0.0,27,31,30,30,31,12,-19,-25,-19,-37,12.8,12.8,12.8,12.7,12.7,-999,-999,-999,0.0,0.0,0.0
5.779099702835083,-0.0107379113300923,-1.1980441069717325,1.1244127149939562,0.219360188600458,-1.2732094862823788,-11.064155754919572,-0.0122718986629626,-1.202646068970343,1.116742778329605,0.214758226601847,-1.2841982857180343,-11.084257180785213,0.0,37.66,-94.15,-67.25,-134.5,-0.0479616478448041,-0.1199041196120104,0.0719424717672062,0.0,0.0,27,31,30,30,31,0,-13,-32,-19,-43,12.8,12.8,12.8,12.7,12.7,-999,-999,-999,0.0,0.0,0.0
5.797076225280762,-0.009203923997222,-1.1995780943046028,1.1244127149939562,0.219360188600458,-1.2747434736152492,-11.067010339736138,-0.013805885995833,-1.202646068970343,1.116742778329605,0.214758226601847,-1.2826642983851642,-11.081499542760595,10.76,0.0,-86.08,-67.25,-129.12,0.023980823922402,-0.0959232956896083,0.0479616478448041,0.0,0.0,27,31,30,31,31,-19,-7,-32,-19,-37,12.8,12.7,12.8,12.7,12.7,-999,-999,-999,0.0,0.0,0.0
5.814221620559692,-0.009203923997222,-1.1995780943046028,1.1244127149939562,0.219360188600458,-1.2747434736152492,-11.067010339736138,-0.0153398733287033,-1.202646068970343,1.116742778329605,0.214758226601847,-1.2841982857180343,-11.084257180785213,16.14,-10.76,-88.77,-80.7,-126.43,0.0719424717672062,-0.0719424717672062,0.023980823922402,0.0,0.0,27,31,30,31,31,-13,-7,-32,-19,-37,12.8,12.8,12.8,12.6,12.7,-999,-999,-999,0.0,0.0,0.0
5.831049919128418,-0.013805885995833,-1.1995780943046028,1.1244127149939562,0.219360188600458,-1.2732094862823788,-11.064155754919572,-0.0153398733287033,-1.202646068970343,1.116742778329605,0.214758226601847,-1.2841982857180343,-11.084257180785213,45.73,-10.76,-86.08,-78.01,-134.5,0.0719424717672062,-0.0479616478448041,0.0,0.0,0.0,27,31,30,31,31,-7,-7,-32,-19,-43,12.8,12.8,12.8,12.7,12.7,-999,-999,-999,0.0,0.0,0.0
5.848084211349487,-0.0168738606615736,-1.1995780943046028,1.1244127149939562,0.219360188600458,-1.2732094862823788,-11.064155754919572,-0.0153398733287033,-1.202646068970343,1.116742778329605,0.214758226601847,-1.2826642983851642,-11.081499542760595,0.0,-10.76,-94.15,-69.94,-126.43,0.0,-0.023980823922402,0.0,0.0,0.0,27,31,30,31,31,6,-7,-32,-19,-37,12.8,12.8,12.8,12.7,12.7,-999,-999,-999,0.0,0.0,0.0
5.865072965621948,-0.018407847994444,-1.1995780943046028,1.1259467023268266,0.219360188600458,-1.2732094862823788,-11.064155754919572,-0.018407847994444,-1.2041800563032137,1.116742778329605,0.214758226601847,-1.2826642983851642,-11.081499542760595,-5.38,-8.07,-83.39,-69.94,-134.5,-0.0719424717672062,0.0,0.0,0.0,0.0,27,31,30,32,31,6,-7,-32,-19,-43,12.8,12.8,12.8,12.7,12.7,-999,-999,-999,0.0,0.0,0.0
5.882097482681274,-0.0199418353273143,-1.1995780943046028,1.1259467023268266,0.219360188600458,-1.2747434736152492,-11.067010339736138,-0.0199418353273143,-1.2041800563032137,1.116742778329605,0.214758226601847,-1.2841982857180343,-11.084257180785213,0.0,29.59,-91.46,-126.43,-115.67,-0.1199041196120104,0.0,0.0,0.0,0.0,27,31,30,31,31,6,-13,-32,-19,-37,12.8,12.8,12.7,12.8,12.7,-999,-999,-999,0.0,0.0,0.0
5.899080514907837,-0.0199418353273143,-1.1995780943046028,1.1244127149939562,0.219360188600458,-1.2747434736152492,-11.067010339736138,-0.023009809993055,-1.205714043636084,1.116742778329605,0.214758226601847,-1.2826642983851642,-11.081499542760595,0.0,21.52,-78.01,-69.94,-137.19,-0.1199041196120104,0.0,0.0,0.0,0.0,27,31,31,31,31,0,-13,-32,-19,-43,12.8,12.8,12.8,12.8,12.7,-999,-999,-999,0.0,0.0,0.0
5.916076421737671,-0.018407847994444,-1.2011120816374732,1.1259467023268266,0.219360188600458,-1.2732094862823788,-11.064155754919572,-0.023009809993055,-1.205714043636084,1.116742778329605,0.214758226601847,-1.2826642983851642,-11.081499542760595,16.14,0.0,-94.15,-72.63,-121.05,-0.0719424717672062,0.0,0.0,0.0,0.0,27,31,30,31,31,-13,-19,-32,-19,-37,12.8,12.8,12.8,12.7,12.7,-999,-999,-999,0.0,0.0,0.0
5.933180570602417,-0.018407847994444,-1.202646068970343,1.1244127149939562,0.219360188600458,-1.2732094862823788,-11.064155754919572,-0.0245437973259253,-1.2072480309689544,1.116742778329605,0.214758226601847,-1.2826642983851642,-11.081499542760595,16.14,8.07,-83.39,-64.56,-112.98,-0.023980823922402,-0.023980823922402,0.0,0.0,0.0,27,31,30,31,31,-25,-19,-32,-19,-37,12.8,12.8,12.8,12.7,12.7,-999,-999,-999,0.0,0.0,0.0
5.950152397155762,-0.018407847994444,-1.2041800563032137,1.1244127149939562,0.219360188600458,-1.2747434736152492,-11.067010339736138,-0.027611771991666,-1.2087820183018247,1.116742778329605,0.214758226601847,-1.2826642983851642,-11.081499542760595,10.76,2.69,-83.39,-72.63,-126.43,0.0,-0.023980823922402,0.0,0.0,0.0,27,31,30,30,31,-25,-19,-32,-19,-37,12.8,12.8,12.8,12.7,12.7,-999,-999,-999,0.0,0.0,0.0
5.967098474502564,-0.0214758226601847,-1.2041800563032137,1.1244127149939562,0.219360188600458,-1.2732094862823788,-11.064155754919572,-0.027611771991666,-1.210316005634695,1.116742778329605,0.214758226601847,-1.2826642983851642,-11.081499542760595,10.76,5.38,-91.46,-134.5,-110.29,0.0,-0.0479616478448041,0.0,0.0,0.0,27,31,30,30,31,-32,-19,-32,-19,-37,12.8,12.8,12.8,12.7,12.7,-999,-999,-999,0.0,0.0,0.0
5.984047174453735,-0.0260777846587957,-1.205714043636084,1.1244127149939562,0.219360188600458,-1.2732094862823788,-11.064155754919572,-0.027611771991666,-1.210316005634695,1.116742778329605,0.214758226601847,-1.2826642983851642,-11.081499542760595,72.63,2.69,-75.32,-56.49,-123.74,-0.023980823922402,-0.0479616478448041,0.0,0.0,0.0,27,31,30,30,31,-13,-19,-32,-19,-37,12.8,12.8,12.8,12.7,12.7,-999,-999,-999,0.0,0.0,0.0
6.001066446304321,-0.0306797466574067,-1.2072480309689544,1.1244127149939562,0.219360188600458,-1.2732094862823788,-11.064155754919572,-0.0291457593245363,-1.210316005634695,1.116742778329605,0.214758226601847,-1.2826642983851642,-11.081499542760595,0.0,32.28,-78.01,-43.04,-121.05,-0.0959232956896083,-0.0479616478448041,0.0,0.0,0.0,27,31,30,30,31,0,-13,-32,-19,-37,12.8,12.8,12.8,12.7,12.7,-999,-999,-999,0.0,0.0,0.0
6.018066167831421,-0.032213733990277,-1.2087820183018247,1.1244127149939562,0.219360188600458,-1.2732094862823788,-11.064155754919572,-0.0306797466574067,-1.210316005634695,1.116742778329605,0.214758226601847,-1.2841982857180343,-11.084257180785213,0.0,0.0,-86.08,-121.05,-139.88,-0.1678657674568146,-0.0479616478448041,0.0,0.0,0.0,27,31,30,30,30,6,-7,-32,-19,-43,12.8,12.8,12.8,12.7,12.7,-999,-999,-999,0.0,0.0,0.0
6.035161733627319,-0.032213733990277,-1.2087820183018247,1.1244127149939562,0.219360188600458,-1.2732094862823788,-11.064155754919572,-0.0306797466574067,-1.210316005634695,1.116742778329605,0.214758226601847,-1.2826642983851642,-11.081499542760595,0.0,0.0,-78.01,-115.67,-131.81,-0.1678657674568146,-0.0479616478448041,0.0,0.0,0.0,27,31,30,30,31,6,-7,-32,-19,-43,12.8,12.8,12.8,12.7,12.7,-999,-999,-999,0.0,0.0,0.0
6.052068948745728,-0.0306797466574067,-1.2087820183018247,1.1259467023268266,0.219360188600458,-1.2732094862823788,-11.064155754919572,-0.0306797466574067,-1.210316005634695,1.116742778329605,0.214758226601847,-1.2826642983851642,-11.081499542760595,-2.69,-5.38,-88.77,-91.46,-126.43,-0.1199041196120104,-0.0479616478448041,0.0,0.0,0.0,28,31,30,30,31,0,-7,-32,-19,-31,12.8,12.8,12.8,12.7,12.7,-999,-999,-999,0.0,0.0,0.0
6.069152593612671,-0.0291457593245363,-1.210316005634695,1.1244127149939562,0.219360188600458,-1.2732094862823788,-11.064155754919572,-0.0306797466574067,-1.210316005634695,1.116742778329605,0.214758226601847,-1.2826642983851642,-11.081499542760595,0.0,26.9,-83.39,-86.08,-123.74,-0.0479616478448041,-0.023980823922402,0.0,0.0,0.0,28,31,30,30,31,-7,-13,-32,-19,-37,12.8,12.8,12.7,12.7,12.6,-999,-999,-999,0.0,0.0,0.0
6.086092948913574,-0.027611771991666,-1.210316005634695,1.1244127149939562,0.219360188600458,-1.2732094862823788,-11.064155754919572,-0.0306797466574067,-1.2118499929675657,1.116742778329605,0.214758226601847,-1.2826642983851642,-11.081499542760595,48.42,-2.69,-75.32,-78.01,-123.74,0.0,-0.023980823922402,0.0,0.0,0.0,28,31,31,31,31,-13,0,-32,-19,-37,12.8,12.8,12.8,12.2,12.7,-999,-999,-999,0.0,0.0,0.0
6.104004383087158,-0.027611771991666,-1.210316005634695,1.1244127149939562,0.219360188600458,-1.2732094862823788,-11.064155754919572,-0.0306797466574067,-1.2118499929675657,1.116742778329605,0.214758226601847,-1.2826642983851642,-11.081499542760595,37.66,0.0,-91.46,-78.01,-118.36,0.0479616478448041,0.0,0.0,0.0,0.0,28,31,31,31,31,-13,-7,-32,-19,-37,12.8,12.8,12.8,12.7,12.7,-999,-999,-999,0.0,0.0,0.0
6.1210901737213135,-0.0306797466574067,-1.210316005634695,1.1244127149939562,0.219360188600458,-1.2732094862823788,-11.064155754919572,-0.0306797466574067,-1.2118499929675657,1.116742778329605,0.214758226601847,-1.2841982857180343,-11.084257180785213,48.42,-10.76,-80.7,-48.42,-126.43,0.023980823922402,0.0,0.0,0.0,0.0,28,31,30,31,31,62,-7,-32,-19,-37,12.8,12.8,12.8,12.7,12.7,-999,-999,-999,0.0,0.0,0.0
6.138067007064819,-0.032213733990277,-1.210316005634695,1.1244127149939562,0.219360188600458,-1.2732094862823788,-11.064155754919572,-0.032213733990277,-1.210316005634695,1.116742778329605,0.214758226601847,-1.2841982857180343,-11.084257180785213,0.0,-8.07,-80.7,-83.39,-137.19,0.0,0.0,0.0,0.0,0.0,28,31,30,31,31,6,-7,-32,-19,-43,12.8,12.8,12.8,12.7,12.7,-999,-999,-999,0.0,0.0,0.0
6.1550703048706055,-0.0337477213231473,-1.210316005634695,1.1244127149939562,0.219360188600458,-1.2732094862823788,-11.064155754919572,-0.032213733990277,-1.210316005634695,1.116742778329605,0.214758226601847,-1.2841982857180343,-11.084257180785213,-5.38,0.0,-78.01,-61.87,-137.19,-0.0479616478448041,0.0,0.0,0.0,0.0,28,31,30,30,31,6,0,-32,-19,-43,12.8,12.8,12.8,12.7,12.7,-999,-999,-999,0.0,0.0,0.0
6.1720356941223145,-0.0352817086560177,-1.210316005634695,1.1244127149939562,0.219360188600458,-1.2732094862823788,-11.064155754919572,-0.0306797466574067,-1.210316005634695,1.116742778329605,0.214758226601847,-1.2826642983851642,-11.081499542760595,16.14,0.0,-80.7,-131.81,-121.05,-0.0959232956896083,0.0,0.0,0.0,0.0,28,31,30,30,31,18,0,-32,-19,-37,12.8,12.8,12.8,12.7,12.7,-999,-999,-999,0.0,0.0,0.0
6.18905234336853,-0.0352817086560177,-1.210316005634695,1.1244127149939562,0.219360188600458,-1.2732094862823788,-11.064155754919572,-0.0306797466574067,-1.2118499929675657,1.116742778329605,0.214758226601847,-1.2826642983851642,-11.081499542760595,10.76,-8.07,-86.08,-72.63,-126.43,-0.0719424717672062,0.0,0.0,0.0,0.0,28,31,30,30,31,18,-7,-32,-19,-37,12.8,12.8,12.8,12.7,12.7,-999,-999,-999,0.0,0.0,0.0
6.206108093261719,-0.0306797466574067,-1.210316005634695,1.1259467023268266,0.219360188600458,-1.2732094862823788,-11.064155754919572,-0.032213733990277,-1.210316005634695,1.116742778329605,0.214758226601847,-1.2826642983851642,-11.081499542760595,-24.21,-10.76,-83.39,-96.84,-112.98,-0.023980823922402,0.0,0.0,0.0,0.0,27,31,30,31,31,0,-7,-32,-19,-37,12.8,12.8,12.8,12.7,12.7,-999,-999,-999,0.0,0.0,0.0
6.22308349609375,-0.027611771991666,-1.210316005634695,1.1259467023268266,0.219360188600458,-1.2732094862823788,-11.064155754919572,-0.032213733990277,-1.210316005634695,1.116742778329605,0.214758226601847,-1.2826642983851642,-11.081499542760595,5.38,-5.38,-88.77,-56.49,-126.43,0.023980823922402,0.0,0.0,0.0,0.0,27,31,30,31,31,-19,0,-32,-19,-37,12.8,12.8,12.8,12.7,12.7,-999,-999,-999,0.0,0.0,0.0
6.240106582641602,-0.027611771991666,-1.210316005634695,1.1244127149939562,0.219360188600458,-1.2747434736152492,-11.067010339736138,-0.0306797466574067,-1.210316005634695,1.116742778329605,0.214758226601847,-1.2841982857180343,-11.084257180785213,32.28,0.0,-96.84,-51.11,-126.43,0.0719424717672062,0.0,0.0,0.0,0.0,27,31,30,31,31,-13,0,-32,-19,-37,12.8,12.8,12.9,12.7,12.7,-999,-999,-999,0.0,0.0,0.0
6.257154226303101,-0.0306797466574067,-1.210316005634695,1.1244127149939562,0.219360188600458,-1.2732094862823788,-11.064155754919572,-0.0306797466574067,-1.210316005634695,1.116742778329605,0.214758226601847,-1.2841982857180343,-11.084257180785213,0.0,0.0,-94.15,-67.25,-134.5,0.0719424717672062,0.0,0.0,0.0,0.0,27,31,30,30,31,-7,0,-38,-19,-43,12.8,12.8,12.9,12.7,12.7,-999,-999,-999,0.0,0.0,0.0
6.274078607559204,-0.032213733990277,-1.210316005634695,1.1244127149939562,0.219360188600458,-1.2747434736152492,-11.067010339736138,-0.0306797466574067,-1.210316005634695,1.116742778329605,0.214758226601847,-1.2841982857180343,-11.084257180785213,0.0,0.0,-80.7,-61.87,-134.5,0.023980823922402,0.0,0.0,0.0,0.0,27,31,30,30,31,6,0,-32,-19,-37,12.8,12.8,12.8,12.8,12.6,-999,-999,-999,0.0,0.0,0.0
6.291128635406494,-0.0352817086560177,-1.210316005634695,1.1244127149939562,0.219360188600458,-1.2732094862823788,-11.064155754919572,-0.0306797466574067,-1.210316005634695,1.116742778329605,0.214758226601847,-1.2826642983851642,-11.081499542760595,-5.38,0.0,-78.01,-69.94,-137.19,-0.023980823922402,0.0,0.0,0.0,0.0,27,31,30,30,31,12,0,-32,-19,-37,12.9,12.8,12.6,12.8,12.7,-999,-999,-999,0.0,0.0,0.0
6.3080894947052,-0.0337477213231473,-1.210316005634695,1.1259467023268266,0.219360188600458,-1.2732094862823788,-11.064155754919572,-0.0306797466574067,-1.210316005634695,1.116742778329605,0.214758226601847,-1.2826642983851642,-11.081499542760595,0.0,0.0,-78.01,-99.53,-126.43,-0.0719424717672062,0.0,0.0,0.0,0.0,27,31,30,30,31,12,0,-32,-19,-37,12.9,12.8,12.8,12.7,12.7,-999,-999,-999,0.0,0.0,0.0
6.325051069259644,-0.032213733990277,-1.210316005634695,1.1259467023268266,0.219360188600458,-1.2732094862823788,-11.064155754919572,-0.0306797466574067,-1.210316005634695,1.116742778329605,0.214758226601847,-1.2826642983851642,-11.081499542760595,-16.14,0.0,-80.7,-75.32,-126.43,-0.0479616478448041,0.0,0.0,0.0,0.0,27,31,30,30,31,6,0,-32,-19,-37,12.9,12.8,12.8,12.7,12.7,-999,-999,-999,0.0,0.0,0.0
6.342044115066528,-0.0291457593245363,-1.210316005634695,1.1244127149939562,0.219360188600458,-1.2732094862823788,-11.064155754919572,-0.0306797466574067,-1.210316005634695,1.116742778329605,0.214758226601847,-1.2826642983851642,-11.081499542760595,-2.69,0.0,-78.01,-72.63,-115.67,0.0,0.0,0.0,0.0,0.0,27,31,30,30,33,0,0,-32,-19,-31,12.9,12.8,12.8,12.7,12.7,-999,-999,-999,0.0,0.0,0.0
6.35912013053894,-0.027611771991666,-1.210316005634695,1.1244127149939562,0.219360188600458,-1.2747434736152492,-11.067010339736138,-0.0306797466574067,-1.210316005634695,1.116742778329605,0.214758226601847,-1.2826642983851642,-11.081499542760595,13.45,0.0,-75.32,-96.84,-137.19,0.0479616478448041,0.0,0.0,0.0,0.0,27,31,30,30,31,-19,0,-32,-19,-37,12.9,12.8,12.7,12.7,12.7,-999,-999,-999,0.0,0.0,0.0
6.3760762214660645,-0.027611771991666,-1.210316005634695,1.1244127149939562,0.219360188600458,-1.2732094862823788,-11.064155754919572,-0.0306797466574067,-1.210316005634695,1.116742778329605,0.214758226601847,-1.2826642983851642,-11.081499542760595,34.97,0.0,-102.22,-80.7,-118.36,0.0719424717672062,0.0,0.0,0.0,0.0,27,31,30,31,31,-13,0,-38,-19,-37,12.9,12.8,12.8,12.7,12.7,-999,-999,-999,0.0,0.0,0.0
6.393149614334106,-0.0306797466574067,-1.210316005634695,1.1244127149939562,0.219360188600458,-1.2732094862823788,-11.064155754919572,-0.0306797466574067,-1.210316005634695,1.1152087909967343,0.214758226601847,-1.2826642983851642,-11.081499542760595,34.97,0.0,-126.43,-112.98,-126.43,0.0479616478448041,0.0,0.0,0.0,0.0,27,31,30,30,31,-13,0,-44,-19,-37,12.9,12.8,12.8,12.7,12.7,-999,-999,-999,0.0,0.0,0.0
6.410034656524658,-0.032213733990277,-1.210316005634695,1.1244127149939562,0.219360188600458,-1.2732094862823788,-11.064155754919572,-0.0306797466574067,-1.210316005634695,1.1152087909967343,0.214758226601847,-1.2826642983851642,-11.081499542760595,0.0,0.0,-123.74,-69.94,-121.05,0.0,0.0,0.0,0.0,0.0,27,31,30,30,31,6,0,-38,-19,-37,12.8,12.8,12.8,12.7,12.6,-999,-999,-999,0.0,0.0,0.0
6.427039384841919,-0.0352817086560177,-1.210316005634695,1.1244127149939562,0.219360188600458,-1.2732094862823788,-11.064155754919572,-0.032213733990277,-1.210316005634695,1.113674803663864,0.214758226601847,-1.2826642983851642,-11.081499542760595,8.07,0.0,-145.26,-56.49,-123.74,-0.0479616478448041,0.0,0.0,0.0,0.0,27,31,30,30,31,12,0,-44,-19,-37,12.8,12.8,12.2,12.7,12.7,-999,-999,-999,0.0,0.0,0.0
6.444033622741699,-0.036815695988888,-1.210316005634695,1.1244127149939562,0.219360188600458,-1.2732094862823788,-11.064155754919572,-0.032213733990277,-1.210316005634695,1.113674803663864,0.214758226601847,-1.2826642983851642,-11.081499542760595,8.07,0.0,-142.57,-48.42,-118.36,-0.0959232956896083,0.0,0.0,0.0,0.0,27,31,30,31,31,18,0,-44,-19,-37,12.8,12.8,12.7,12.6,12.7,-999,-999,-999,0.0,0.0,0.0
6.461061716079712,-0.0337477213231473,-1.210316005634695,1.1244127149939562,0.219360188600458,-1.2732094862823788,-11.064155754919572,-0.0306797466574067,-1.2087820183018247,1.1121408163309936,0.214758226601847,-1.2826642983851642,-11.081499542760595,-53.8,0.0,-169.47,-112.98,-126.43,-0.0959232956896083,0.0,0.0,0.0,0.0,27,31,30,31,31,6,0,-50,-19,-37,12.8,12.8,12.8,12.7,12.7,-999,-999,-999,0.0,0.0,0.0
6.478102207183838,-0.0291457593245363,-1.210316005634695,1.1244127149939562,0.219360188600458,-1.2732094862823788,-11.064155754919572,-0.0306797466574067,-1.2087820183018247,1.1106068289981232,0.214758226601847,-1.2826642983851642,-11.081499542760595,0.0,0.0,-169.47,-51.11,-126.43,-0.023980823922402,0.0,0.0,0.0,0.0,27,31,30,31,31,0,6,-50,-19,-37,12.8,12.8,12.8,12.7,12.7,-999,-999,-999,0.0,0.0,0.0
6.495076894760132,-0.027611771991666,-1.210316005634695,1.1244127149939562,0.219360188600458,-1.2732094862823788,-11.064155754919572,-0.0306797466574067,-1.2087820183018247,1.1106068289981232,0.214758226601847,-1.2826642983851642,-11.081499542760595,29.59,0.0,-217.89,-61.87,-123.74,0.0479616478448041,0.0,0.0,0.0,0.0,27,31,30,31,31,-13,6,-57,-19,-37,12.8,12.8,12.8,12.7,12.7,-999,-999,-999,0.0,0.0,0.0
6.5120689868927,-0.0291457593245363,-1.210316005634695,1.1244127149939562,0.219360188600458,-1.2732094862823788,-11.064155754919572,-0.0306797466574067,-1.2087820183018247,1.1044708796666418,0.214758226601847,-1.2826642983851642,-11.081499542760595,2.69,0.0,-231.34,-64.56,-121.05,0.0959232956896083,0.0,0.0,0.0,0.0,27,31,30,31,31,-13,6,-69,-19,-37,12.8,12.8,12.8,12.7,12.7,-999,-999,-999,0.0,0.0,0.0
6.529053926467896,-0.0306797466574067,-1.210316005634695,1.1244127149939562,0.219360188600458,-1.2732094862823788,-11.064155754919572,-0.0306797466574067,-1.2072480309689544,1.101402905000901,0.214758226601847,-1.2841982857180343,-11.084257180785213,0.0,0.0,-279.76,-83.39,-126.43,0.0719424717672062,0.0,0.0,0.0,0.0,27,31,30,31,31,6,6,-88,-19,-37,12.8,12.8,12.8,12.6,12.7,-999,-999,-999,0.0,0.0,0.0
6.546087741851807,-0.0337477213231473,-1.210316005634695,1.1244127149939562,0.219360188600458,-1.2747434736152492,-11.067010339736138,-0.0306797466574067,-1.2072480309689544,1.099868917668031,0.214758226601847,-1.2826642983851642,-11.081499542760595,5.38,24.21,-266.31,-80.7,-131.81,0.0,0.0,0.0,0.0,0.0,27,31,30,31,31,12,12,-94,-19,-37,12.8,12.8,12.7,12.7,12.7,-999,-999,-999,0.0,0.0,0.0
6.563055038452148,-0.0352817086560177,-1.2087820183018247,1.122878727661086,0.219360188600458,-1.2732094862823788,-11.064155754919572,-0.032213733990277,-1.205714043636084,1.0968009430022905,0.214758226601847,-1.2826642983851642,-11.081499542760595,0.0,-13.45,-260.93,-67.25,-118.36,-0.0479616478448041,0.0,0.0,0.0,0.0,27,31,30,31,31,12,6,-94,-19,-37,12.8,12.8,12.7,12.7,12.7,-999,-999,-999,0.0,0.0,0.0
6.580065965652466,-0.0337477213231473,-1.2087820183018247,1.122878727661086,0.219360188600458,-1.2747434736152492,-11.067010339736138,-0.0306797466574067,-1.205714043636084,1.0937329683365495,0.214758226601847,-1.2826642983851642,-11.081499542760595,0.0,24.21,-266.31,-96.84,-126.43,-0.0719424717672062,0.0,0.0,0.0,0.0,27,31,31,31,31,6,12,-107,-19,-37,12.8,12.8,12.3,12.6,12.7,-999,-999,-999,0.0,0.0,0.0
6.597102403640747,-0.032213733990277,-1.2072480309689544,1.1198107529953454,0.219360188600458,-1.2732094862823788,-11.064155754919572,-0.0306797466574067,-1.202646068970343,1.0906649936708088,0.214758226601847,-1.2826642983851642,-11.081499542760595,0.0,-24.21,-260.93,-115.67,-121.05,-0.023980823922402,0.023980823922402,-0.023980823922402,0.0,0.0,27,31,31,31,31,6,6,-107,-19,-31,12.8,12.8,12.7,12.7,12.7,-999,-999,-999,0.0,0.0,0.0
6.616013765335083,-0.0291457593245363,-1.2072480309689544,1.116742778329605,0.219360188600458,-1.2732094862823788,-11.064155754919572,-0.0306797466574067,-1.2011120816374732,1.086063031672198,0.214758226601847,-1.2826642983851642,-11.081499542760595,-5.38,24.21,-266.31,-61.87,-123.74,0.0,0.023980823922402,-0.0479616478448041,0.0,0.0,27,31,31,31,31,-7,18,-113,-19,-37,12.8,12.8,12.8,12.8,12.7,-999,-999,-999,0.0,0.0,0.0
6.634010076522827,-0.027611771991666,-1.2041800563032137,1.1152087909967343,0.219360188600458,-1.2732094862823788,-11.064155754919572,-0.0306797466574067,-1.1980441069717325,1.081461069673587,0.214758226601847,-1.2826642983851642,-11.081499542760595,18.83,0.0,-298.59,-45.73,-115.67,0.0479616478448041,0.023980823922402,-0.0959232956896083,0.0,0.0,27,31,31,31,31,-13,12,-119,-19,-37,12.8,12.8,12.8,12.7,12.7,-999,-999,-999,0.0,0.0,0.0
6.651081323623657,-0.027611771991666,-1.202646068970343,1.1121408163309936,0.219360188600458,-1.2732094862823788,-11.064155754919572,-0.032213733990277,-1.1949761323059918,1.0783930950078462,0.214758226601847,-1.2826642983851642,-11.081499542760595,26.9,5.38,-290.52,-53.8,-126.43,0.0719424717672062,0.0479616478448041,-0.1199041196120104,0.0,0.0,27,31,31,31,31,-13,12,-125,-19,-37,12.8,12.8,12.7,12.7,12.7,-999,-999,-999,0.0,0.0,0.0
6.668090581893921,-0.0306797466574067,-1.2011120816374732,1.1090728416652529,0.219360188600458,-1.2747434736152492,-11.067010339736138,-0.0306797466574067,-1.1888401829745103,1.0753251203421057,0.214758226601847,-1.2826642983851642,-11.081499542760595,18.83,0.0,-282.45,-53.8,-115.67,0.0479616478448041,0.0719424717672062,-0.1438849435344125,0.0,0.0,27,31,31,31,31,-7,18,-125,-19,-31,12.8,12.7,12.7,12.7,12.7,-999,-999,-999,0.0,0.0,0.0
6.685005187988281,-0.0337477213231473,-1.1980441069717325,1.1044708796666418,0.219360188600458,-1.2732094862823788,-11.064155754919572,-0.0306797466574067,-1.1888401829745103,1.0753251203421057,0.214758226601847,-1.2826642983851642,-11.081499542760595,26.9,32.28,-255.55,-53.8,-118.36,0.0,0.0959232956896083,-0.1438849435344125,0.0,0.0,28,31,31,31,31,12,81,-125,-19,-37,12.7,12.8,12.7,12.7,12.7,-999,-999,-999,0.0,0.0,0.0
6.701996088027954,-0.036815695988888,-1.1949761323059918,1.101402905000901,0.219360188600458,-1.2732094862823788,-11.064155754919572,-0.0306797466574067,-1.1842382209758997,1.0707231583434946,0.214758226601847,-1.2826642983851642,-11.081499542760595,13.45,2.69,-285.14,-115.67,-126.43,-0.0479616478448041,0.0959232956896083,-0.1678657674568146,0.0,0.0,28,31,31,30,31,18,37,-125,-19,-37,12.8,12.8,12.7,12.7,12.7,-999,-999,-999,0.0,0.0,0.0
6.718990325927734,-0.0352817086560177,-1.190374170307381,1.0983349303351606,0.219360188600458,-1.2732094862823788,-11.064155754919572,-0.0291457593245363,-1.1765682843115477,1.067655183677754,0.214758226601847,-1.2826642983851642,-11.081499542760595,18.83,0.0,-263.62,-64.56,-110.29,-0.0959232956896083,0.1438849435344125,-0.1678657674568146,0.0,0.0,28,31,31,30,31,25,37,-125,-19,-31,12.8,12.8,12.7,12.7,12.6,-999,-999,-999,0.0,0.0,0.0
6.736027240753174,-0.0306797466574067,-1.18730619564164,1.0937329683365495,0.219360188600458,-1.2732094862823788,-11.064155754919572,-0.0291457593245363,-1.168898347647196,1.0630532216791428,0.214758226601847,-1.2826642983851642,-11.081499542760595,-43.04,0.0,-244.79,-59.18,-110.29,-0.0479616478448041,0.1678657674568146,-0.1918465913792167,0.0,0.0,28,31,31,31,31,6,50,-125,-19,-37,12.8,12.7,12.7,12.7,12.6,-999,-999,-999,0.0,0.0,0.0
6.75299072265625,-0.0260777846587957,-1.1811702463101588,1.0906649936708088,0.219360188600458,-1.2732094862823788,-11.064155754919572,-0.027611771991666,-1.1627623983157147,1.0584512596805318,0.214758226601847,-1.2826642983851642,-11.081499542760595,0.0,26.9,-269.0,-72.63,-126.43,0.0,0.1918465913792167,-0.1918465913792167,0.0,0.0,28,31,31,31,32,-7,118,-125,-19,-37,12.8,12.7,12.7,12.7,12.6,-999,-999,-999,0.0,0.0,0.0
6.770123481750488,-0.0260777846587957,-1.1750342969786771,1.0845290443393276,0.219360188600458,-1.2732094862823788,-11.064155754919572,-0.0260777846587957,-1.1474225249870114,1.0477133483504395,0.214758226601847,-1.2826642983851642,-11.081499542760595,10.76,-2.69,-271.69,-118.36,-115.67,0.0959232956896083,0.2398082392240208,-0.2158274153016187,0.0,0.0,28,30,30,31,32,-13,62,-132,-19,-37,12.7,12.8,12.7,12.7,12.6,-999,-999,-999,0.0,0.0,0.0
6.787043333053589,-0.0260777846587957,-1.1673643603143258,1.0799270823407163,0.219360188600458,-1.2732094862823788,-11.064155754919572,-0.0245437973259253,-1.1397525883226596,1.041577399018958,0.214758226601847,-1.2826642983851642,-11.081499542760595,0.0,0.0,-260.93,-69.94,-112.98,0.1199041196120104,0.287769887068825,-0.2158274153016187,0.0,0.0,28,31,31,31,31,0,68,-125,-19,-31,12.8,12.8,12.7,12.7,12.6,-999,-999,-999,0.0,0.0,0.0
6.804033517837524,-0.0291457593245363,-1.1581604363171036,1.0753251203421057,0.219360188600458,-1.2732094862823788,-11.064155754919572,-0.0245437973259253,-1.1397525883226596,1.041577399018958,0.214758226601847,-1.2826642983851642,-11.081499542760595,10.76,-10.76,-282.45,-64.56,-126.43,0.0719424717672062,0.3357315349136292,-0.2398082392240208,0.0,0.0,28,31,31,31,31,18,62,-132,-19,-37,12.8,12.7,12.7,12.7,12.6,-999,-999,-999,0.0,0.0,0.0
6.821062088012695,-0.0306797466574067,-1.1520244869856224,1.0722571456763648,0.219360188600458,-1.2732094862823788,-11.064155754919572,-0.0245437973259253,-1.132082651658308,1.0354414496874769,0.214758226601847,-1.2826642983851642,-11.081499542760595,2.69,-18.83,-247.48,-69.94,-126.43,0.0,0.3836931827584334,-0.2398082392240208,0.0,0.0,28,31,31,31,31,25,62,-132,-19,-37,12.8,12.7,12.7,12.6,12.6,-999,-999,-999,0.0,0.0,0.0
6.838036298751831,-0.0291457593245363,-1.1443545503212706,1.067655183677754,0.219360188600458,-1.2732094862823788,-11.064155754919572,-0.023009809993055,-1.1244127149939562,1.027771513023125,0.214758226601847,-1.2826642983851642,-11.081499542760595,5.38,13.45,-320.11,-53.8,-115.67,-0.023980823922402,0.4316548306032375,-0.263789063146423,0.0,0.0,28,31,31,31,31,25,118,-144,-19,-37,12.8,12.7,12.7,12.6,12.6,-999,-999,-999,0.0,0.0,0.0
6.855047702789307,-0.0260777846587957,-1.136684613656919,1.0615192343462725,0.219360188600458,-1.2747434736152492,-11.067010339736138,-0.018407847994444,-1.1060048669995122,1.0124316396944215,0.214758226601847,-1.2826642983851642,-11.081499542760595,0.0,-18.83,-287.83,-107.6,-123.74,-0.023980823922402,0.4316548306032375,-0.263789063146423,0.0,0.0,27,30,31,30,31,18,56,-144,-19,-37,12.8,12.7,12.7,12.6,12.6,-999,-999,-999,0.0,0.0,0.0
6.872156381607056,-0.023009809993055,-1.1305486643254377,1.0569172723476614,0.219360188600458,-1.2732094862823788,-11.064155754919572,-0.018407847994444,-1.1060048669995122,1.0124316396944215,0.214758226601847,-1.2826642983851642,-11.081499542760595,0.0,-21.52,-282.45,-107.6,-126.43,0.023980823922402,0.4076740066808355,-0.263789063146423,0.0,0.0,27,29,31,30,31,18,62,-157,-19,-37,12.8,12.7,12.7,12.7,12.6,-999,-999,-999,0.0,0.0,0.0
6.88904070854187,-0.0199418353273143,-1.1213447403282155,1.0477133483504395,0.219360188600458,-1.2732094862823788,-11.064155754919572,-0.0153398733287033,-1.09526695566942,1.0032277156971998,0.214758226601847,-1.2826642983851642,-11.081499542760595,-8.07,-13.45,-285.14,-64.56,-126.43,0.0719424717672062,0.4076740066808355,-0.287769887068825,0.0,0.0,27,30,31,30,31,12,62,-195,-19,-37,12.8,12.7,12.7,12.6,12.6,-999,-999,-999,0.0,0.0,0.0
6.9060447216033936,-0.0168738606615736,-1.113674803663864,1.0400434116860875,0.219360188600458,-1.2747434736152492,-11.067010339736138,-0.0122718986629626,-1.0737911330092351,0.9878878423684964,0.214758226601847,-1.2826642983851642,-11.081499542760595,26.9,-13.45,-255.55,-51.11,-123.74,0.1438849435344125,0.4076740066808355,-0.3117507109912271,0.0,0.0,27,30,31,30,31,12,125,-157,-19,-31,12.8,12.6,12.7,12.6,12.6,-999,-999,-999,0.0,0.0,0.0
6.923016548156738,-0.013805885995833,-1.1060048669995122,1.0339074623546065,0.219360188600458,-1.2747434736152492,-11.067010339736138,-0.0122718986629626,-1.0737911330092351,0.9878878423684964,0.214758226601847,-1.2826642983851642,-11.081499542760595,0.0,-13.45,-252.86,-72.63,-112.98,0.1678657674568146,0.4076740066808355,-0.3597123588360313,0.0,0.0,27,30,31,30,31,6,68,-163,-19,-31,12.8,12.7,12.7,12.6,12.2,-999,-999,-999,0.0,0.0,0.0
6.94011664390564,-0.0122718986629626,-1.0983349303351606,1.0247035383573844,0.219360188600458,-1.2732094862823788,-11.064155754919572,-0.0076699366643516,-1.0507813230161802,0.9694799943740524,0.214758226601847,-1.2826642983851642,-11.081499542760595,-8.07,-10.76,-250.17,-107.6,-126.43,0.1678657674568146,0.4316548306032375,-0.3836931827584334,0.0,0.0,27,30,31,30,31,0,68,-157,-19,-37,12.7,12.7,12.7,12.7,12.6,-999,-999,-999,0.0,0.0,0.0
6.957028150558472,-0.0122718986629626,-1.0906649936708088,1.0170336016930328,0.219360188600458,-1.2732094862823788,-11.064155754919572,-0.0076699366643516,-1.0400434116860875,0.95874208304396,0.2162922139347173,-1.2826642983851642,-11.081499542760595,13.45,-16.14,-236.72,-96.84,-115.67,0.1438849435344125,0.4316548306032375,-0.4076740066808355,0.0,0.0,27,31,30,30,31,12,75,-157,-19,-37,12.7,12.7,12.7,12.6,12.6,-999,-999,-999,0.0,0.0,0.0
6.974102973937988,-0.0153398733287033,-1.0829950570064573,1.009363665028681,0.219360188600458,-1.2732094862823788,-11.064155754919572,-0.0076699366643516,-1.0262375256902547,0.949538159046738,0.214758226601847,-1.2826642983851642,-11.081499542760595,-5.38,-13.45,-266.31,-32.28,-110.29,0.0719424717672062,0.4556356545256396,-0.4316548306032375,0.0,0.0,27,31,30,30,31,31,75,-163,-13,-37,12.7,12.7,12.6,12.6,12.6,-999,-999,-999,0.0,0.0,0.0
6.992046594619751,-0.013805885995833,-1.0737911330092351,1.000159741031459,0.219360188600458,-1.2747434736152492,-11.067010339736138,-0.0076699366643516,-1.0154996143601625,0.940334235049516,0.214758226601847,-1.2826642983851642,-11.081499542760595,13.45,-18.83,-247.48,-104.91,-123.74,0.023980823922402,0.4556356545256396,-0.4556356545256396,0.0,0.0,27,31,30,30,31,25,75,-163,-19,-37,12.7,12.7,12.7,12.6,12.5,-999,-999,-999,0.0,0.0,0.0
7.009090185165405,-0.0107379113300923,-1.0661211963448836,0.9909558170342372,0.219360188600458,-1.2732094862823788,-11.064155754919572,-0.0061359493314813,-1.0032277156971998,0.9280623363865532,0.214758226601847,-1.2826642983851642,-11.081499542760595,0.0,-13.45,-239.41,-67.25,-118.36,0.0,0.4556356545256396,-0.4556356545256396,0.0,0.0,27,30,30,30,31,12,75,-163,-19,-37,12.7,12.7,12.7,12.6,12.6,-999,-999,-999,0.0,0.0,0.0
7.02611780166626,-0.004601961998611,-1.0569172723476614,0.9832858803698854,0.219360188600458,-1.2732094862823788,-11.064155754919572,-0.0061359493314813,-0.9909558170342372,0.9157904377235906,0.214758226601847,-1.2826642983851642,-11.081499542760595,-5.38,-24.21,-234.03,-61.87,-126.43,0.0479616478448041,0.4556356545256396,-0.4556356545256396,0.0,0.0,27,30,31,31,31,-7,68,-163,-19,-37,12.7,12.7,12.7,12.6,12.6,-999,-999,-999,0.0,0.0,0.0
7.042962551116943,-0.004601961998611,-1.04924733568331,0.9740819563726634,0.219360188600458,-1.2732094862823788,-11.064155754919572,-0.0061359493314813,-0.9909558170342372,0.9157904377235906,0.214758226601847,-1.2826642983851642,-11.081499542760595,0.0,-18.83,-247.48,-51.11,-123.74,0.0959232956896083,0.4556356545256396,-0.4556356545256396,0.0,0.0,27,30,31,31,32,-7,75,-163,-19,-37,12.7,12.7,12.7,12.6,12.5,-999,-999,-999,0.0,0.0,0.0
7.060094833374023,-0.0061359493314813,-1.041577399018958,0.967946007041182,0.219360188600458,-1.2732094862823788,-11.064155754919572,-0.0061359493314813,-0.967946007041182,0.8943146150634059,0.214758226601847,-1.2826642983851642,-11.081499542760595,29.59,-10.76,-277.07,-107.6,-121.05,0.1438849435344125,0.4556356545256396,-0.4556356545256396,0.0,0.0,27,31,31,30,32,-13,75,-169,-19,-31,12.7,12.7,12.8,12.6,12.5,-999,-999,-999,0.0,0.0,0.0
7.077069997787476,-0.0076699366643516,-1.0323734750217362,0.95874208304396,0.219360188600458,-1.2732094862823788,-11.064155754919572,-0.0061359493314813,-0.954140121045349,0.8835767037333135,0.214758226601847,-1.2826642983851642,-11.081499542760595,0.0,-21.52,-242.1,-69.94,-126.43,0.0959232956896083,0.4556356545256396,-0.4556356545256396,0.0,0.0,27,31,31,30,31,6,75,-163,-19,-37,12.7,12.9,12.7,12.6,12.6,-999,-999,-999,0.0,0.0,0.0
7.094072580337524,-0.0076699366643516,-1.023169551024514,0.9510721463796084,0.219360188600458,-1.2732094862823788,-11.064155754919572,-0.0061359493314813,-0.9418682223823864,0.8713048050703509,0.214758226601847,-1.2826642983851642,-11.081499542760595,0.0,-26.9,-242.1,-80.7,-126.43,0.0,0.4556356545256396,-0.4556356545256396,0.0,0.0,27,31,31,30,32,6,75,-163,-19,-37,12.8,12.8,12.7,12.6,12.6,-999,-999,-999,0.0,0.0,0.0
7.11100959777832,-0.009203923997222,-1.013965627027292,0.9434022097152568,0.219360188600458,-1.2747434736152492,-11.067010339736138,-0.0061359493314813,-0.9280623363865532,0.8574989190745178,0.214758226601847,-1.2826642983851642,-11.081499542760595,0.0,-24.21,-252.86,-59.18,-121.05,-0.023980823922402,0.4556356545256396,-0.4556356545256396,0.0,0.0,28,31,31,30,32,12,75,-163,-19,-37,12.8,12.8,12.7,12.6,12.6,-999,-999,-999,0.0,0.0,0.0
7.128026008605957,-0.0107379113300923,-1.0062956903629403,0.9341982857180346,0.219360188600458,-1.2732094862823788,-11.064155754919572,-0.0061359493314813,-0.9280623363865532,0.8574989190745178,0.214758226601847,-1.2826642983851642,-11.081499542760595,0.0,-26.9,-258.24,-131.81,-123.74,-0.0479616478448041,0.4796164784480417,-0.4556356545256396,0.0,0.0,28,30,31,30,31,12,68,-163,-19,-37,12.5,12.8,12.7,12.6,12.1,-999,-999,-999,0.0,0.0,0.0
7.1450395584106445,-0.009203923997222,-0.9986257536985887,0.9280623363865532,0.219360188600458,-1.2732094862823788,-11.064155754919572,-0.0076699366643516,-0.9142564503907202,0.8467610077444254,0.214758226601847,-1.2826642983851642,-11.081499542760595,0.0,-29.59,-250.17,-126.43,-123.74,-0.023980823922402,0.4796164784480417,-0.4556356545256396,0.0,0.0,28,30,31,30,31,6,75,-163,-19,-37,12.7,12.8,12.7,12.7,12.6,-999,-999,-999,0.0,0.0,0.0
7.162105083465576,-0.0076699366643516,-0.9894218297013668,0.9203923997222015,0.219360188600458,-1.2732094862823788,-11.064155754919572,-0.0061359493314813,-0.8912466403976652,0.8191492357527594,0.214758226601847,-1.2826642983851642,-11.081499542760595,0.0,-21.52,-242.1,-80.7,-126.43,0.0,0.4796164784480417,-0.4556356545256396,0.0,0.0,28,31,31,30,31,0,75,-169,-19,-37,12.7,12.8,12.7,12.7,12.6,-999,-999,-999,0.0,0.0,0.0
7.179105520248413,-0.004601961998611,-0.981751893037015,0.9111884757249796,0.219360188600458,-1.2732094862823788,-11.064155754919572,-0.0061359493314813,-0.8774407544018322,0.8068773370897967,0.214758226601847,-1.2826642983851642,-11.081499542760595,0.0,-37.66,-242.1,-88.77,-126.43,0.0,0.4796164784480417,-0.4556356545256396,0.0,0.0,28,31,30,30,31,-7,68,-163,-19,-37,12.7,12.8,12.7,12.7,12.6,-999,-999,-999,0.0,0.0,0.0
7.195988655090332,-0.004601961998611,-0.972547969039793,0.903518539060628,0.219360188600458,-1.2732094862823788,-11.064155754919572,-0.0061359493314813,-0.8774407544018322,0.8068773370897967,0.214758226601847,-1.2826642983851642,-11.081499542760595,-34.97,-37.66,-247.48,-91.46,-126.43,0.0479616478448041,0.4796164784480417,-0.4556356545256396,0.0,0.0,28,31,30,30,32,-7,68,-163,-19,-37,12.7,12.8,12.7,12.6,12.6,-999,-999,-999,0.0,0.0,0.0
7.213032007217407,-0.0030679746657406,-0.9648780323754412,0.8943146150634059,0.219360188600458,-1.2732094862823788,-11.064155754919572,-0.0061359493314813,-0.8528969570759068,0.7807995524310011,0.214758226601847,-1.2826642983851642,-11.081499542760595,26.9,-26.9,-242.1,-29.59,-112.98,0.0719424717672062,0.4796164784480417,-0.4796164784480417,0.0,0.0,28,31,30,30,31,-13,68,-163,-19,-37,12.7,12.8,12.7,12.7,12.6,-999,-999,-999,0.0,0.0,0.0
7.230995178222656,-0.004601961998611,-0.9572080957110896,0.8866446783990543,0.219360188600458,-1.2732094862823788,-11.064155754919572,-0.0061359493314813,-0.8390910710800737,0.766993666435168,0.214758226601847,-1.2826642983851642,-11.081499542760595,5.38,-26.9,-252.86,-48.42,-121.05,0.0719424717672062,0.4796164784480417,-0.4796164784480417,0.0,0.0,28,31,30,30,31,-7,68,-163,-19,-37,12.7,12.8,12.7,12.6,12.6,-999,-999,-999,0.0,0.0,0.0
7.247998237609863,-0.0076699366643516,-0.9480041717138676,0.8789747417347026,0.219360188600458,-1.2732094862823788,-11.064155754919572,-0.0061359493314813,-0.8390910710800737,0.766993666435168,0.214758226601847,-1.2826642983851642,-11.081499542760595,0.0,-34.97,-242.1,-53.8,-126.43,0.023980823922402,0.4796164784480417,-0.4796164784480417,0.0,0.0,28,31,30,30,31,6,68,-163,-19,-37,12.7,12.7,12.7,12.7,12.6,-999,-999,-999,0.0,0.0,0.0
7.265039443969727,-0.0107379113300923,-0.9388002477166456,0.8697708177374806,0.219360188600458,-1.2732094862823788,-11.064155754919572,-0.0061359493314813,-0.8237511977513704,0.7562557551050757,0.214758226601847,-1.2826642983851642,-11.081499542760595,0.0,-34.97,-247.48,-123.74,-123.74,-0.023980823922402,0.4796164784480417,-0.4796164784480417,0.0,0.0,28,31,31,31,31,18,68,-169,-19,-37,12.7,12.7,12.7,12.6,12.6,-999,-999,-999,0.0,0.0,0.0
7.282074689865112,-0.0107379113300923,-0.9295963237194236,0.8621008810731289,0.219360188600458,-1.2732094862823788,-11.064155754919572,-0.0061359493314813,-0.7961394257597044,0.7332459451120206,0.214758226601847,-1.2826642983851642,-11.081499542760595,8.07,-29.59,-247.48,-80.7,-121.05,-0.0719424717672062,0.4796164784480417,-0.4796164784480417,0.0,0.0,28,31,31,30,31,18,68,-163,-19,-37,12.7,12.7,12.7,12.6,12.6,-999,-999,-999,0.0,0.0,0.0
7.299133062362671,-0.0076699366643516,-0.9203923997222015,0.8528969570759068,0.219360188600458,-1.2732094862823788,-11.064155754919572,-0.0061359493314813,-0.7823335397638713,0.7225080337819283,0.214758226601847,-1.2826642983851642,-11.081499542760595,-34.97,-34.97,-244.79,-91.46,-112.98,-0.0719424717672062,0.4796164784480417,-0.4796164784480417,0.0,0.0,28,31,31,30,31,6,68,-163,-19,-31,12.7,12.8,12.7,12.6,12.6,-999,-999,-999,0.0,0.0,0.0
7.3169639110565186,-0.0061359493314813,-0.91272246305785,0.8452270204115552,0.219360188600458,-1.2732094862823788,-11.064155754919572,-0.0061359493314813,-0.771595628433779,0.7102361351189656,0.214758226601847,-1.2826642983851642,-11.081499542760595,-2.69,-32.28,-252.86,-56.49,-121.05,-0.023980823922402,0.4796164784480417,-0.4796164784480417,0.0,0.0,28,31,31,30,31,0,68,-163,-19,-37,12.7,12.8,12.7,12.6,12.6,-999,-999,-999,0.0,0.0,0.0
7.334005832672119,-0.004601961998611,-0.9050525263934982,0.8360230964143331,0.219360188600458,-1.2732094862823788,-11.064155754919572,-0.0061359493314813,-0.757789742437946,0.6964302491231326,0.214758226601847,-1.2826642983851642,-11.081499542760595,0.0,-34.97,-225.96,-112.98,-118.36,0.023980823922402,0.4796164784480417,-0.4796164784480417,0.0,0.0,28,31,31,30,31,-7,68,-163,-19,-37,12.7,12.8,12.8,12.6,12.6,-999,-999,-999,0.0,0.0,0.0
7.351003885269165,-0.004601961998611,-0.8958486023962762,0.8268191724171111,0.219360188600458,-1.2732094862823788,-11.064155754919572,-0.0061359493314813,-0.7455178437749833,0.6856923377930402,0.214758226601847,-1.2841982857180343,-11.084257180785213,0.0,-37.66,-244.79,-32.28,-126.43,0.0719424717672062,0.4796164784480417,-0.4796164784480417,0.0,0.0,28,31,31,30,31,-7,68,-163,-19,-37,12.7,12.8,12.7,12.6,12.6,-999,-999,-999,0.0,0.0,0.0
7.368003606796265,-0.0030679746657406,-0.8866446783990543,0.8176152484198891,0.219360188600458,-1.2732094862823788,-11.064155754919572,-0.0061359493314813,-0.7347799324448909,0.6734204391300775,0.214758226601847,-1.2826642983851642,-11.081499542760595,26.9,-53.8,-266.31,-40.35,-137.19,0.0719424717672062,0.4796164784480417,-0.4796164784480417,0.0,0.0,28,31,31,30,30,-13,68,-201,-19,-43,12.7,12.8,12.7,12.6,12.6,-999,-999,-999,0.0,0.0,0.0
7.384987115859985,-0.0030679746657406,-0.8789747417347026,0.8099453117555374,0.219360188600458,-1.2747434736152492,-11.067010339736138,-0.0061359493314813,-0.7347799324448909,0.6734204391300775,0.214758226601847,-1.2826642983851642,-11.081499542760595,26.9,-34.97,-266.31,-59.18,-126.43,0.0479616478448041,0.4796164784480417,-0.4796164784480417,0.0,0.0,28,31,31,30,31,-13,68,-201,-19,-37,12.8,12.7,12.7,12.6,12.6,-999,-999,-999,0.0,0.0,0.0
7.402045249938965,-0.0061359493314813,-0.8713048050703509,0.8022753750911857,0.219360188600458,-1.2747434736152492,-11.067010339736138,-0.0061359493314813,-0.7225080337819283,0.6611485404671148,0.214758226601847,-1.2826642983851642,-11.081499542760595,32.28,-48.42,-258.24,-69.94,-126.43,0.023980823922402,0.4796164784480417,-0.4556356545256396,0.0,0.0,28,31,31,31,31,0,68,-163,-19,-37,12.8,12.8,12.7,12.6,12.6,-999,-999,-999,0.0,0.0,0.0
7.419095516204834,-0.009203923997222,-0.8621008810731289,0.7946054384268341,0.219360188600458,-1.2747434736152492,-11.067010339736138,-0.0061359493314813,-0.6994982237888732,0.6412067051398005,0.214758226601847,-1.2826642983851642,-11.081499542760595,24.21,-48.42,-255.55,-29.59,-118.36,0.0,0.4796164784480417,-0.4556356545256396,0.0,0.0,28,31,30,31,31,12,62,-169,-19,-37,12.8,12.8,12.7,12.7,12.6,-999,-999,-999,0.0,0.0,0.0
7.436946392059326,-0.0107379113300923,-0.8544309444087772,0.785401514429612,0.219360188600458,-1.2732094862823788,-11.064155754919572,-0.0076699366643516,-0.6872263251259105,0.6320027811425785,0.214758226601847,-1.2826642983851642,-11.081499542760595,0.0,-48.42,-255.55,-48.42,-126.43,-0.0719424717672062,0.4796164784480417,-0.4556356545256396,0.0,0.0,29,31,30,31,31,18,62,-163,-19,-37,12.7,12.7,12.7,12.6,12.6,-999,-999,-999,0.0,0.0,0.0
7.4540088176727295,-0.009203923997222,-0.8452270204115552,0.7777315777652604,0.219360188600458,-1.2732094862823788,-11.064155754919572,-0.0076699366643516,-0.6872263251259105,0.6320027811425785,0.214758226601847,-1.2826642983851642,-11.081499542760595,0.0,-48.42,-287.83,-115.67,-118.36,-0.0959232956896083,0.4796164784480417,-0.4556356545256396,0.0,0.0,28,31,30,31,31,6,62,-207,-19,-37,12.8,12.7,12.7,12.6,12.6,-999,-999,-999,0.0,0.0,0.0
7.4709861278533936,-0.0076699366643516,-0.8375570837472035,0.7685276537680383,0.219360188600458,-1.2747434736152492,-11.067010339736138,-0.0076699366643516,-0.6764884137958181,0.6197308824796157,0.214758226601847,-1.2826642983851642,-11.081499542760595,0.0,-48.42,-263.62,-51.11,-126.43,-0.0479616478448041,0.4796164784480417,-0.4556356545256396,0.0,0.0,28,31,31,31,31,0,68,-169,-19,-37,12.7,12.7,12.7,12.6,12.6,-999,-999,-999,0.0,0.0,0.0
7.487988948822021,-0.0076699366643516,-0.8268191724171111,0.7608577171036867,0.219360188600458,-1.2732094862823788,-11.064155754919572,-0.0076699366643516,-0.6657505024657259,0.6089929711495234,0.214758226601847,-1.2826642983851642,-11.081499542760595,0.0,-48.42,-252.86,-126.43,-126.43,0.0,0.4796164784480417,-0.4556356545256396,0.0,0.0,28,31,31,31,31,-7,62,-169,-19,-37,12.7,12.7,12.6,12.6,12.6,-999,-999,-999,0.0,0.0,0.0
7.505007982254028,-0.0076699366643516,-0.8176152484198891,0.753187780439335,0.219360188600458,-1.2732094862823788,-11.064155754919572,-0.0061359493314813,-0.6488766418041522,0.5921191104879497,0.214758226601847,-1.2826642983851642,-11.081499542760595,-2.69,-48.42,-239.41,-51.11,-126.43,0.023980823922402,0.4796164784480417,-0.4796164784480417,0.0,0.0,28,31,31,31,31,6,68,-169,-19,-37,12.8,12.7,12.7,12.6,12.6,-999,-999,-999,0.0,0.0,0.0
7.5220115184783936,-0.0061359493314813,-0.8099453117555374,0.743983856442113,0.219360188600458,-1.2732094862823788,-11.064155754919572,-0.0061359493314813,-0.6396727178069301,0.5829151864907277,0.214758226601847,-1.2826642983851642,-11.081499542760595,-2.69,-51.11,-234.03,-80.7,-123.74,0.023980823922402,0.4796164784480417,-0.4796164784480417,0.0,0.0,28,31,31,30,31,0,62,-169,-19,-37,12.8,12.8,12.7,12.7,12.6,-999,-999,-999,0.0,0.0,0.0
7.539007902145386,-0.004601961998611,-0.8022753750911857,0.7363139197777613,0.219360188600458,-1.2732094862823788,-11.064155754919572,-0.004601961998611,-0.6289348064768377,0.5737112624935057,0.214758226601847,-1.2826642983851642,-11.081499542760595,-5.38,-86.08,-234.03,-91.46,-123.74,0.023980823922402,0.4796164784480417,-0.4796164784480417,0.0,0.0,28,31,30,30,31,0,6,-169,-19,-37,12.8,12.8,12.8,12.6,12.6,-999,-999,-999,0.0,0.0,0.0
7.555999517440796,-0.0030679746657406,-0.7930714510939637,0.7271099957805393,0.219360188600458,-1.2732094862823788,-11.064155754919572,-0.004601961998611,-0.6197308824796157,0.5675753131620244,0.214758226601847,-1.2826642983851642,-11.081499542760595,10.76,-69.94,-239.41,-78.01,-118.36,0.023980823922402,0.4796164784480417,-0.4796164784480417,0.0,0.0,28,31,30,31,31,-7,56,-163,-19,-37,12.7,12.8,12.7,12.6,12.6,-999,-999,-999,0.0,0.0,0.0
7.573060750961304,-0.004601961998611,-0.785401514429612,0.7194400591161876,0.219360188600458,-1.2732094862823788,-11.064155754919572,-0.004601961998611,-0.612060945815264,0.5583713891648023,0.214758226601847,-1.2826642983851642,-11.081499542760595,0.0,-53.8,-252.86,-123.74,-118.36,0.0479616478448041,0.4796164784480417,-0.4796164784480417,0.0,0.0,28,31,30,30,31,0,62,-163,-19,-37,12.8,12.8,12.7,12.6,12.6,-999,-999,-999,0.0,0.0,0.0
7.590076684951782,-0.0061359493314813,-0.7777315777652604,0.7102361351189656,0.219360188600458,-1.2732094862823788,-11.064155754919572,-0.004601961998611,-0.6043910091509124,0.5522354398333209,0.214758226601847,-1.2826642983851642,-11.081499542760595,26.9,-51.11,-223.27,-102.22,-110.29,0.023980823922402,0.4796164784480417,-0.4796164784480417,0.0,0.0,28,31,30,30,31,6,62,-163,-19,-31,12.8,12.8,12.7,12.6,12.6,-999,-999,-999,0.0,0.0,0.0
7.607033729553223,-0.009203923997222,-0.7685276537680383,0.7025661984546139,0.219360188600458,-1.2732094862823788,-11.064155754919572,-0.004601961998611,-0.5967210724865607,0.5445655031689692,0.214758226601847,-1.2826642983851642,-11.081499542760595,-5.38,-51.11,-215.2,-102.22,-121.05,0.0,0.4796164784480417,-0.4796164784480417,0.0,0.0,28,31,30,30,31,18,62,-126,-19,-37,12.7,12.8,12.6,12.6,12.6,-999,-999,-999,0.0,0.0,0.0
7.62400221824646,-0.0076699366643516,-0.7593237297708163,0.6948962617902622,0.219360188600458,-1.2732094862823788,-11.064155754919572,-0.004601961998611,-0.5967210724865607,0.5445655031689692,0.214758226601847,-1.2826642983851642,-11.081499542760595,0.0,-61.87,-242.1,-80.7,-126.43,-0.0479616478448041,0.4796164784480417,-0.4796164784480417,0.0,0.0,28,31,30,30,31,12,56,-163,-19,-37,12.8,12.7,12.7,12.6,12.6,-999,-999,-999,0.0,0.0,0.0
7.641035079956055,-0.0061359493314813,-0.7516537931064646,0.6856923377930402,0.219360188600458,-1.2732094862823788,-11.064155754919572,-0.004601961998611,-0.589051135822209,0.5384295538374879,0.214758226601847,-1.2826642983851642,-11.081499542760595,-16.14,-53.8,-244.79,-59.18,-126.43,-0.0479616478448041,0.4796164784480417,-0.4796164784480417,0.0,0.0,28,30,31,30,31,6,62,-163,-19,-37,12.7,12.7,12.7,12.6,12.6,-999,-999,-999,0.0,0.0,0.0
7.657982349395752,-0.004601961998611,-0.743983856442113,0.6764884137958181,0.219360188600458,-1.2732094862823788,-11.064155754919572,-0.004601961998611,-0.5813811991578574,0.5307596171731362,0.214758226601847,-1.2826642983851642,-11.081499542760595,0.0,-56.49,-269.0,-53.8,-123.74,0.0,0.4796164784480417,-0.4796164784480417,0.0,0.0,28,30,31,30,31,0,62,-163,-19,-37,12.7,12.7,12.7,12.7,12.6,-999,-999,-999,0.0,0.0,0.0
7.675009489059448,-0.0061359493314813,-0.7332459451120206,0.6688184771314665,0.219360188600458,-1.2732094862823788,-11.064155754919572,-0.004601961998611,-0.575245249826376,0.5246236678416549,0.214758226601847,-1.2826642983851642,-11.081499542760595,0.0,-56.49,-242.1,-56.49,-112.98,0.023980823922402,0.4796164784480417,-0.4796164784480417,0.0,0.0,28,30,31,30,31,6,62,-169,-19,-31,12.7,12.7,12.7,12.6,12.6,-999,-999,-999,0.0,0.0,0.0
7.692024946212768,-0.0061359493314813,-0.7240420211147987,0.6611485404671148,0.219360188600458,-1.2732094862823788,-11.064155754919572,-0.004601961998611,-0.5599053764976727,0.5108177818458219,0.214758226601847,-1.2826642983851642,-11.081499542760595,-2.69,-59.18,-244.79,-59.18,-112.98,0.023980823922402,0.4796164784480417,-0.4796164784480417,0.0,0.0,28,29,31,31,31,6,62,-169,-19,-37,12.8,12.7,12.7,12.6,12.6,-999,-999,-999,0.0,0.0,0.0
7.708971977233887,-0.0061359493314813,-0.7148380971175766,0.6534786038027631,0.219360188600458,-1.2732094862823788,-11.064155754919572,-0.004601961998611,-0.5599053764976727,0.5108177818458219,0.214758226601847,-1.2826642983851642,-11.081499542760595,-5.38,-102.22,-247.48,-48.42,-123.74,0.0,0.4796164784480417,-0.4796164784480417,0.0,0.0,28,30,31,31,32,6,0,-169,-19,-37,12.8,12.7,12.7,12.6,12.6,-999,-999,-999,0.0,0.0,0.0
7.726020097732544,-0.0030679746657406,-0.707168160453225,0.6442746798055411,0.219360188600458,-1.2732094862823788,-11.064155754919572,-0.004601961998611,-0.5445655031689692,0.4954779085171185,0.214758226601847,-1.2826642983851642,-11.081499542760595,-5.38,-69.94,-255.55,-24.21,-123.74,0.0,0.4796164784480417,-0.4796164784480417,0.0,0.0,28,30,30,31,32,-7,56,-169,-19,-37,12.8,12.7,12.7,12.6,12.6,-999,-999,-999,0.0,0.0,0.0
7.742995738983154,-0.0030679746657406,-0.6994982237888732,0.6366047431411894,0.219360188600458,-1.2732094862823788,-11.064155754919572,-0.004601961998611,-0.5445655031689692,0.4954779085171185,0.214758226601847,-1.2826642983851642,-11.081499542760595,0.0,-67.25,-250.17,-69.94,-126.43,0.023980823922402,0.4796164784480417,-0.4796164784480417,0.0,0.0,28,31,31,31,32,-7,56,-163,-19,-37,12.8,12.7,12.7,12.6,12.6,-999,-999,-999,0.0,0.0,0.0
7.760012865066528,-0.004601961998611,-0.6918282871245215,0.6274008191439674,0.219360188600458,-1.2732094862823788,-11.064155754919572,-0.004601961998611,-0.5384295538374879,0.4878079718527668,0.214758226601847,-1.2826642983851642,-11.081499542760595,0.0,-61.87,-239.41,-67.25,-123.74,0.023980823922402,0.4796164784480417,-0.4796164784480417,0.0,0.0,28,31,31,31,31,0,56,-163,-19,-37,12.8,12.7,12.7,12.6,12.6,-999,-999,-999,0.0,0.0,0.0
7.777028083801269,-0.0061359493314813,-0.6826243631272996,0.6212648698124861,0.219360188600458,-1.2732094862823788,-11.064155754919572,-0.0061359493314813,-0.5246236678416549,0.4724680985240634,0.214758226601847,-1.2826642983851642,-11.081499542760595,-5.38,-75.32,-244.79,-67.25,-121.05,0.0,0.4796164784480417,-0.4796164784480417,0.0,0.0,28,31,31,30,31,0,56,-169,-19,-37,12.8,12.7,12.7,12.7,12.6,-999,-999,-999,0.0,0.0,0.0
7.794076442718506,-0.0076699366643516,-0.6749544264629479,0.612060945815264,0.219360188600458,-1.2732094862823788,-11.064155754919572,-0.0061359493314813,-0.5169537311773033,0.4647981618597118,0.214758226601847,-1.2826642983851642,-11.081499542760595,-5.38,-75.32,-244.79,-115.67,-121.05,0.0,0.4796164784480417,-0.4796164784480417,0.0,0.0,28,31,31,30,31,6,50,-163,-19,-37,12.8,12.7,12.7,12.7,12.6,-999,-999,-999,0.0,0.0,0.0
7.8110511302948,-0.0061359493314813,-0.6657505024657259,0.602857021818042,0.219360188600458,-1.2732094862823788,-11.064155754919572,-0.0076699366643516,-0.5092837945129516,0.4571282251953601,0.214758226601847,-1.2826642983851642,-11.081499542760595,-2.69,-64.56,-242.1,-78.01,-110.29,-0.0479616478448041,0.4796164784480417,-0.4796164784480417,0.0,0.0,28,31,31,30,31,6,56,-163,-19,-37,12.7,12.7,12.6,12.7,12.6,-999,-999,-999,0.0,0.0,0.0
7.828116416931152,-0.0061359493314813,-0.6580805658013742,0.5951870851536903,0.219360188600458,-1.2732094862823788,-11.064155754919572,-0.0076699366643516,-0.5016138578485999,0.4494582885310084,0.214758226601847,-1.2826642983851642,-11.081499542760595,-2.69,-69.94,-234.03,-126.43,-121.05,-0.0479616478448041,0.4796164784480417,-0.4796164784480417,0.0,0.0,28,30,31,30,31,0,56,-169,-19,-37,12.7,12.7,12.7,12.7,12.6,-999,-999,-999,0.0,0.0,0.0
7.845951557159424,-0.0076699366643516,-0.6504106291370224,0.5859831611564683,0.219360188600458,-1.2732094862823788,-11.064155754919572,-0.0076699366643516,-0.5016138578485999,0.4494582885310084,0.214758226601847,-1.2826642983851642,-11.081499542760595,0.0,-26.9,-228.65,-56.49,-115.67,-0.023980823922402,0.4796164784480417,-0.4796164784480417,0.0,0.0,28,31,31,30,31,0,112,-163,-19,-31,12.7,12.7,12.7,12.6,12.6,-999,-999,-999,0.0,0.0,0.0
7.862973690032959,-0.009203923997222,-0.6412067051398005,0.5783132244921166,0.219360188600458,-1.2732094862823788,-11.064155754919572,-0.009203923997222,-0.4939439211842482,0.4402543645337864,0.2162922139347173,-1.2826642983851642,-11.081499542760595,0.0,-40.35,-239.41,-18.83,-104.91,0.0,0.4796164784480417,-0.4796164784480417,0.0,0.0,28,30,31,30,31,-7,56,-163,-13,-37,12.7,12.8,12.8,12.6,12.6,-999,-999,-999,0.0,0.0,0.0
7.879987716674805,-0.009203923997222,-0.6304687938097081,0.5691093004948946,0.219360188600458,-1.2732094862823788,-11.064155754919572,-0.009203923997222,-0.4786040478555448,0.424914491205083,0.214758226601847,-1.2826642983851642,-11.081499542760595,0.0,-75.32,-236.72,-56.49,-126.43,0.0,0.4796164784480417,-0.4796164784480417,0.0,0.0,28,30,31,30,31,6,56,-163,-19,-37,12.8,12.8,12.8,12.6,12.6,-999,-999,-999,0.0,0.0,0.0
7.896929979324341,-0.009203923997222,-0.6212648698124861,0.5599053764976727,0.219360188600458,-1.2732094862823788,-11.064155754919572,-0.009203923997222,-0.4786040478555448,0.424914491205083,0.214758226601847,-1.2826642983851642,-11.081499542760595,-5.38,-69.94,-244.79,-69.94,-118.36,-0.023980823922402,0.4796164784480417,-0.4796164784480417,0.0,0.0,28,31,31,30,31,0,56,-163,-19,-37,12.8,12.7,12.7,12.7,12.6,-999,-999,-999,0.0,0.0,0.0
7.913974285125732,-0.009203923997222,-0.6135949331481344,0.5522354398333209,0.219360188600458,-1.2732094862823788,-11.064155754919572,-0.009203923997222,-0.4617301871939711,0.4080406305435093,0.214758226601847,-1.2826642983851642,-11.081499542760595,-2.69,-75.32,-244.79,-56.49,-121.05,0.0,0.4796164784480417,-0.4796164784480417,0.0,0.0,28,31,31,30,32,0,56,-163,-19,-37,12.8,12.7,12.7,12.7,12.6,-999,-999,-999,0.0,0.0,0.0
7.93097996711731,-0.0076699366643516,-0.6059249964837827,0.5445655031689692,0.219360188600458,-1.2732094862823788,-11.064155754919572,-0.0107379113300923,-0.4540602505296194,0.4003706938791577,0.214758226601847,-1.2826642983851642,-11.081499542760595,-5.38,-86.08,-247.48,-51.11,-121.05,0.0,0.4796164784480417,-0.4796164784480417,0.0,0.0,28,30,31,30,32,0,50,-169,-19,-37,12.8,12.3,12.7,12.7,12.6,-999,-999,-999,0.0,0.0,0.0
7.948040246963501,-0.0076699366643516,-0.5967210724865607,0.5353615791717473,0.219360188600458,-1.2732094862823788,-11.064155754919572,-0.0107379113300923,-0.4448563265323974,0.3911667698819356,0.214758226601847,-1.2826642983851642,-11.081499542760595,24.21,-88.77,-247.48,-118.36,-118.36,0.0,0.4796164784480417,-0.4556356545256396,0.0,0.0,28,30,31,30,32,-13,50,-163,-19,-31,12.8,12.7,12.7,12.7,12.6,-999,-999,-999,0.0,0.0,0.0
7.965043544769287,-0.0076699366643516,-0.589051135822209,0.5276916425073956,0.219360188600458,-1.2732094862823788,-11.064155754919572,-0.0107379113300923,-0.4371863898680457,0.383496833217584,0.214758226601847,-1.2826642983851642,-11.081499542760595,13.45,-94.15,-247.48,-51.11,-123.74,0.0,0.4796164784480417,-0.4556356545256396,0.0,0.0,28,30,31,30,32,-7,50,-163,-19,-37,12.8,12.7,12.7,12.6,12.6,-999,-999,-999,0.0,0.0,0.0
7.98202109336853,-0.009203923997222,-0.579847211824987,0.5184877185101736,0.219360188600458,-1.2732094862823788,-11.064155754919572,-0.0107379113300923,-0.4295164532036941,0.3742929092203619,0.214758226601847,-1.2826642983851642,-11.081499542760595,0.0,-94.15,-255.55,-80.7,-123.74,0.0,0.4796164784480417,-0.4556356545256396,0.0,0.0,28,30,31,30,32,-7,50,-163,-19,-37,12.8,12.3,12.7,12.7,12.6,-999,-999,-999,0.0,0.0,0.0
7.9990458488464355,-0.009203923997222,-0.5721772751606353,0.5108177818458219,0.219360188600458,-1.2732094862823788,-11.064155754919572,-0.0107379113300923,-0.4218465165393424,0.36508898522314,0.214758226601847,-1.2826642983851642,-11.081499542760595,0.0,-94.15,-258.24,-69.94,-123.74,0.0,0.4796164784480417,-0.4556356545256396,0.0,0.0,28,30,31,30,32,-7,50,-163,-19,-37,12.8,12.7,12.7,12.7,12.6,-999,-999,-999,0.0,0.0,0.0
8.016068935394287,-0.009203923997222,-0.5629733511634133,0.5031478451814702,0.219360188600458,-1.2732094862823788,-11.064155754919572,-0.0122718986629626,-0.4126425925421204,0.3558850612259179,0.214758226601847,-1.2826642983851642,-11.081499542760595,0.0,-88.77,-244.79,-134.5,-118.36,0.0,0.4796164784480417,-0.4556356545256396,0.0,0.0,28,31,31,30,32,-7,50,-169,-19,-37,12.7,12.7,12.8,12.7,12.6,-999,-999,-999,0.0,0.0,0.0
8.033047676086426,-0.0107379113300923,-0.5553034144990616,0.4954779085171185,0.219360188600458,-1.2732094862823788,-11.064155754919572,-0.0122718986629626,-0.4034386685448983,0.3466811372286959,0.214758226601847,-1.2826642983851642,-11.081499542760595,10.76,-86.08,-236.72,-78.01,-123.74,0.0,0.4796164784480417,-0.4556356545256396,0.0,0.0,27,31,31,30,32,-7,50,-169,-19,-37,12.7,12.7,12.7,12.6,12.6,-999,-999,-999,0.0,0.0,0.0
8.050015926361084,-0.0107379113300923,-0.54763347783471,0.4862739845198965,0.219360188600458,-1.2732094862823788,-11.064155754919572,-0.013805885995833,-0.3942347445476764,0.3405451878972146,0.214758226601847,-1.2826642983851642,-11.081499542760595,0.0,-86.08,-234.03,-67.25,-123.74,0.0,0.4796164784480417,-0.4556356545256396,0.0,0.0,27,30,31,30,32,-7,50,-163,-19,-37,12.8,12.7,12.7,12.6,12.6,-999,-999,-999,0.0,0.0,0.0
8.067055702209473,-0.0107379113300923,-0.5384295538374879,0.4786040478555448,0.219360188600458,-1.2732094862823788,-11.064155754919572,-0.013805885995833,-0.3865648078833247,0.3298072765671222,0.214758226601847,-1.2826642983851642,-11.081499542760595,32.28,-88.77,-252.86,-83.39,-123.74,0.0,0.4796164784480417,-0.4796164784480417,0.0,0.0,27,30,30,31,32,-13,50,-163,-19,-37,12.8,12.7,12.7,12.6,12.6,-999,-999,-999,0.0,0.0,0.0
8.084062099456787,-0.0107379113300923,-0.5292256298402659,0.4694001238583228,0.219360188600458,-1.2732094862823788,-11.064155754919572,-0.0153398733287033,-0.3773608838861026,0.3206033525699002,0.214758226601847,-1.2826642983851642,-11.081499542760595,26.9,-91.46,-250.17,-67.25,-118.36,0.0,0.4796164784480417,-0.4796164784480417,0.0,0.0,27,30,30,31,32,-13,43,-169,-19,-37,12.8,12.7,12.7,12.6,12.6,-999,-999,-999,0.0,0.0,0.0
8.101043939590454,-0.0122718986629626,-0.5215556931759142,0.4601961998611008,0.219360188600458,-1.2732094862823788,-11.064155754919572,-0.0168738606615736,-0.369690947221751,0.3113994285726782,0.214758226601847,-1.2826642983851642,-11.081499542760595,34.97,-88.77,-247.48,-56.49,-123.74,-0.023980823922402,0.4796164784480417,-0.4796164784480417,0.0,0.0,27,30,31,30,32,-13,50,-169,-19,-37,12.8,12.7,12.7,12.6,12.6,-999,-999,-999,0.0,0.0,0.0
8.118037223815918,-0.0122718986629626,-0.5123517691786922,0.4525262631967491,0.219360188600458,-1.2732094862823788,-11.064155754919572,-0.0168738606615736,-0.3604870232245289,0.3037294919083265,0.214758226601847,-1.2826642983851642,-11.081499542760595,26.9,-91.46,-236.72,-126.43,-126.43,-0.023980823922402,0.4796164784480417,-0.4796164784480417,0.0,0.0,28,30,31,30,32,-13,50,-169,-19,-37,12.8,12.7,12.7,12.8,12.6,-999,-999,-999,0.0,0.0,0.0
8.135006427764893,-0.013805885995833,-0.5046818325143405,0.4433223391995271,0.219360188600458,-1.2732094862823788,-11.064155754919572,-0.0168738606615736,-0.3604870232245289,0.3037294919083265,0.214758226601847,-1.2826642983851642,-11.081499542760595,40.35,-94.15,-239.41,-118.36,-126.43,-0.023980823922402,0.4796164784480417,-0.4796164784480417,0.0,0.0,28,30,31,30,32,-13,43,-169,-19,-37,12.8,12.7,12.7,12.7,12.6,-999,-999,-999,0.0,0.0,0.0
8.152050256729126,-0.0153398733287033,-0.4954779085171185,0.4356524025351754,0.219360188600458,-1.2747434736152492,-11.067010339736138,-0.0168738606615736,-0.3420791752300849,0.2853216439138825,0.214758226601847,-1.2826642983851642,-11.081499542760595,0.0,-88.77,-225.96,-69.94,-123.74,-0.0479616478448041,0.4796164784480417,-0.4796164784480417,0.0,0.0,28,30,31,30,32,-7,50,-126,-19,-37,12.7,12.7,12.4,12.7,12.6,-999,-999,-999,0.0,0.0,0.0
8.168936967849731,-0.0168738606615736,-0.4878079718527668,0.4264484785379534,0.219360188600458,-1.2732094862823788,-11.064155754919572,-0.0168738606615736,-0.3420791752300849,0.2853216439138825,0.214758226601847,-1.2826642983851642,-11.081499542760595,0.0,-96.84,-244.79,-59.18,-126.43,-0.0479616478448041,0.4796164784480417,-0.4796164784480417,0.0,0.0,28,31,31,30,32,0,43,-163,-19,-37,12.8,12.7,12.7,12.6,12.6,-999,-999,-999,0.0,0.0,0.0
8.185986280441284,-0.0168738606615736,-0.4801380351884152,0.4187785418736017,0.219360188600458,-1.2732094862823788,-11.064155754919572,-0.0168738606615736,-0.3252053145685112,0.2684477832523088,0.214758226601847,-1.2826642983851642,-11.081499542760595,-5.38,-94.15,-247.48,-78.01,-115.67,-0.0479616478448041,0.4796164784480417,-0.4796164784480417,0.0,0.0,28,31,31,30,32,0,43,-169,-19,-37,12.8,12.7,12.7,12.6,12.6,-999,-999,-999,0.0,0.0,0.0
8.202930450439453,-0.018407847994444,-0.4724680985240634,0.4111086052092501,0.219360188600458,-1.2732094862823788,-11.064155754919572,-0.0168738606615736,-0.3252053145685112,0.2684477832523088,0.214758226601847,-1.2826642983851642,-11.081499542760595,-5.38,-102.22,-244.79,-126.43,-126.43,-0.0479616478448041,0.4796164784480417,-0.4796164784480417,0.0,0.0,28,30,31,30,32,6,43,-169,-19,-37,12.8,12.7,12.7,12.7,12.6,-999,-999,-999,0.0,0.0,0.0
8.219938039779663,-0.0199418353273143,-0.4632641745268415,0.401904681212028,0.219360188600458,-1.2732094862823788,-11.064155754919572,-0.018407847994444,-0.3160013905712892,0.2592438592550868,0.214758226601847,-1.2826642983851642,-11.081499542760595,-5.38,-96.84,-239.41,-67.25,-126.43,-0.0479616478448041,0.4796164784480417,-0.4796164784480417,0.0,0.0,28,30,31,30,31,6,43,-163,-19,-37,12.8,12.7,12.7,12.7,12.6,-999,-999,-999,0.0,0.0,0.0
8.236999750137329,-0.0214758226601847,-0.4540602505296194,0.392700757214806,0.219360188600458,-1.2732094862823788,-11.064155754919572,-0.018407847994444,-0.2991275299097155,0.2408360112606427,0.214758226601847,-1.2826642983851642,-11.081499542760595,16.14,-107.6,-239.41,-67.25,-115.67,-0.0479616478448041,0.4796164784480417,-0.4556356545256396,0.0,0.0,28,30,30,30,31,6,37,-163,-19,-37,12.8,12.8,12.7,12.7,12.6,-999,-999,-999,0.0,0.0,0.0
8.25490140914917,-0.0214758226601847,-0.4463903138652678,0.3850308205504543,0.219360188600458,-1.2732094862823788,-11.064155754919572,-0.0199418353273143,-0.2914575932453638,0.233166074596291,0.214758226601847,-1.2826642983851642,-11.081499542760595,-2.69,-134.5,-260.93,-72.63,-121.05,-0.0479616478448041,0.4796164784480417,-0.4556356545256396,0.0,0.0,28,32,30,30,31,6,43,-169,-19,-37,12.8,12.8,12.7,12.7,12.6,-999,-999,-999,0.0,0.0,0.0
8.27203631401062,-0.0199418353273143,-0.4371863898680457,0.3773608838861026,0.219360188600458,-1.2732094862823788,-11.064155754919572,-0.0199418353273143,-0.2822536692481418,0.223962150599069,0.214758226601847,-1.2826642983851642,-11.081499542760595,0.0,-112.98,-258.24,-56.49,-123.74,-0.023980823922402,0.4796164784480417,-0.4556356545256396,0.0,0.0,28,31,30,30,31,0,43,-163,-19,-37,12.8,12.7,12.6,12.7,12.6,-999,-999,-999,0.0,0.0,0.0
8.288957118988037,-0.0214758226601847,-0.4279824658708237,0.369690947221751,0.219360188600458,-1.2732094862823788,-11.064155754919572,-0.0199418353273143,-0.2745837325837901,0.2162922139347173,0.214758226601847,-1.2826642983851642,-11.081499542760595,0.0,-115.67,-252.86,-34.97,-121.05,-0.023980823922402,0.4796164784480417,-0.4556356545256396,0.0,0.0,28,31,30,30,31,6,37,-169,-19,-37,12.7,12.7,12.7,12.6,12.6,-999,-999,-999,0.0,0.0,0.0
8.305982112884521,-0.0214758226601847,-0.4187785418736017,0.3604870232245289,0.219360188600458,-1.2732094862823788,-11.064155754919572,-0.0199418353273143,-0.2745837325837901,0.2162922139347173,0.214758226601847,-1.2826642983851642,-11.081499542760595,0.0,-115.67,-252.86,-69.94,-121.05,-0.023980823922402,0.4796164784480417,-0.4556356545256396,0.0,0.0,28,31,30,30,31,6,43,-169,-19,-37,12.8,12.7,12.7,12.7,12.6,-999,-999,-999,0.0,0.0,0.0
8.323007583618164,-0.0214758226601847,-0.4111086052092501,0.3528170865601773,0.219360188600458,-1.2732094862823788,-11.064155754919572,-0.0214758226601847,-0.2577098719222164,0.1994183532731436,0.214758226601847,-1.2826642983851642,-11.081499542760595,0.0,-110.29,-244.79,-115.67,-123.74,0.0,0.4796164784480417,-0.4556356545256396,0.0,0.0,28,31,31,30,31,0,37,-163,-19,-37,12.8,12.7,12.7,12.7,12.6,-999,-999,-999,0.0,0.0,0.0
8.340004205703735,-0.0214758226601847,-0.4034386685448983,0.3451471498958256,0.219360188600458,-1.2732094862823788,-11.064155754919572,-0.023009809993055,-0.2485059479249944,0.191748416608792,0.214758226601847,-1.2826642983851642,-11.081499542760595,-5.38,-104.91,-250.17,-61.87,-121.05,0.0,0.4796164784480417,-0.4796164784480417,0.0,0.0,28,31,31,30,31,-7,37,-169,-19,-31,12.8,12.7,12.7,12.7,12.6,-999,-999,-999,0.0,0.0,0.0
8.357934713363647,-0.0214758226601847,-0.3942347445476764,0.3374772132314739,0.219360188600458,-1.2732094862823788,-11.064155754919572,-0.0245437973259253,-0.2393020239277724,0.18254449261157,0.214758226601847,-1.2826642983851642,-11.081499542760595,0.0,-104.91,-252.86,-126.43,-123.74,0.0,0.4796164784480417,-0.4796164784480417,0.0,0.0,28,30,31,30,31,-7,37,-169,-19,-37,12.8,12.7,12.7,12.7,12.6,-999,-999,-999,0.0,0.0,0.0
8.374927997589111,-0.0214758226601847,-0.3865648078833247,0.3282732892342519,0.219360188600458,-1.2747434736152492,-11.067010339736138,-0.0245437973259253,-0.2393020239277724,0.18254449261157,0.214758226601847,-1.2826642983851642,-11.081499542760595,40.35,-104.91,-236.72,-72.63,-115.67,0.0,0.4796164784480417,-0.4796164784480417,0.0,0.0,28,31,31,30,34,-13,37,-169,-19,-37,12.8,12.7,12.7,12.6,12.6,-999,-999,-999,0.0,0.0,0.0
8.391945123672485,-0.0214758226601847,-0.3773608838861026,0.3206033525699002,0.219360188600458,-1.2732094862823788,-11.064155754919572,-0.0245437973259253,-0.22856411259768,0.1718065812814776,0.214758226601847,-1.2826642983851642,-11.081499542760595,51.11,-137.19,-239.41,-51.11,-126.43,0.0,0.4796164784480417,-0.4796164784480417,0.0,0.0,28,31,31,30,32,-13,37,-163,-19,-37,12.9,12.7,12.7,12.6,12.6,-999,-999,-999,0.0,0.0,0.0
8.408943891525269,-0.0214758226601847,-0.369690947221751,0.3129334159055486,0.219360188600458,-1.2732094862823788,-11.064155754919572,-0.0245437973259253,-0.210156264603236,0.1518647459541632,0.214758226601847,-1.2826642983851642,-11.081499542760595,51.11,-118.36,-242.1,-83.39,-123.74,0.0,0.4796164784480417,-0.4796164784480417,0.0,0.0,28,30,31,30,32,-13,37,-163,-19,-37,12.8,12.7,12.7,12.6,12.6,-999,-999,-999,0.0,0.0,0.0
8.425899982452393,-0.0214758226601847,-0.3620210105573993,0.3037294919083265,0.219360188600458,-1.2732094862823788,-11.064155754919572,-0.0245437973259253,-0.210156264603236,0.1518647459541632,0.214758226601847,-1.2826642983851642,-11.081499542760595,40.35,-107.6,-244.79,-118.36,-118.36,0.0,0.4796164784480417,-0.4796164784480417,0.0,0.0,28,30,31,30,31,-13,37,-163,-19,-37,12.6,12.8,12.7,12.7,12.6,-999,-999,-999,0.0,0.0,0.0
8.442915678024292,-0.023009809993055,-0.3528170865601773,0.2960595552439748,0.219360188600458,-1.2732094862823788,-11.064155754919572,-0.0245437973259253,-0.1994183532731436,0.1380588599583302,0.214758226601847,-1.2826642983851642,-11.081499542760595,5.38,-115.67,-244.79,-45.73,-118.36,0.0,0.4796164784480417,-0.4796164784480417,0.0,0.0,28,31,31,30,31,-7,37,-163,-19,-37,12.7,12.8,12.6,12.6,12.6,-999,-999,-999,0.0,0.0,0.0
8.459915399551392,-0.023009809993055,-0.3451471498958256,0.2883896185796232,0.219360188600458,-1.2732094862823788,-11.064155754919572,-0.0260777846587957,-0.1886804419430513,0.1288549359611082,0.214758226601847,-1.2826642983851642,-11.081499542760595,32.28,-115.67,-234.03,-43.04,-123.74,0.0,0.4796164784480417,-0.4796164784480417,0.0,0.0,28,30,30,31,31,-13,37,-163,-19,-37,12.8,12.8,12.7,12.6,12.6,-999,-999,-999,0.0,0.0,0.0
8.477034330368042,-0.0245437973259253,-0.3359432258986036,0.2807196819152714,0.219360188600458,-1.2732094862823788,-11.064155754919572,-0.027611771991666,-0.1672046192828666,0.1043111386351828,0.214758226601847,-1.2826642983851642,-11.081499542760595,0.0,-156.02,-217.89,-64.56,-94.15,-0.023980823922402,0.4796164784480417,-0.4556356545256396,0.0,0.0,28,30,30,30,31,-7,31,-163,-19,-31,12.8,12.7,12.7,12.6,12.6,-999,-999,-999,0.0,0.0,0.0
8.493939399719238,-0.0260777846587957,-0.3282732892342519,0.2715157579180495,0.219360188600458,-1.2732094862823788,-11.064155754919572,-0.027611771991666,-0.1549327206199039,0.0935732273050904,0.214758226601847,-1.2826642983851642,-11.081499542760595,26.9,-131.81,-223.27,-86.08,-123.74,-0.023980823922402,0.4796164784480417,-0.4556356545256396,0.0,0.0,28,30,30,30,31,-7,31,-163,-19,-37,12.8,12.8,12.7,12.7,12.6,-999,-999,-999,0.0,0.0,0.0
8.510892868041992,-0.0260777846587957,-0.3190693652370299,0.2638458212536978,0.219360188600458,-1.2747434736152492,-11.067010339736138,-0.027611771991666,-0.1549327206199039,0.0935732273050904,0.214758226601847,-1.2826642983851642,-11.081499542760595,0.0,-129.12,-244.79,-64.56,-123.74,-0.023980823922402,0.4796164784480417,-0.4556356545256396,0.0,0.0,28,30,30,30,32,-7,37,-163,-19,-37,12.8,12.8,12.7,12.7,12.6,-999,-999,-999,0.0,0.0,0.0
8.52792739868164,-0.027611771991666,-0.3113994285726782,0.2561758845893461,0.219360188600458,-1.2732094862823788,-11.064155754919572,-0.0291457593245363,-0.1334568979597192,0.0720974046449058,0.214758226601847,-1.2826642983851642,-11.081499542760595,-2.69,-131.81,-250.17,-107.6,-126.43,-0.0479616478448041,0.4796164784480417,-0.4556356545256396,0.0,0.0,28,31,30,30,32,0,31,-163,-19,-37,12.8,12.8,12.7,12.6,12.6,-999,-999,-999,0.0,0.0,0.0
8.544944047927856,-0.0291457593245363,-0.3037294919083265,0.2469719605921241,0.219360188600458,-1.2732094862823788,-11.064155754919572,-0.0291457593245363,-0.1227189866296268,0.0613594933148134,0.214758226601847,-1.2826642983851642,-11.081499542760595,-2.69,-145.26,-242.1,-104.91,-126.43,-0.0479616478448041,0.4796164784480417,-0.4556356545256396,0.0,0.0,28,32,30,30,32,0,31,-169,-19,-37,12.8,12.8,12.7,12.7,12.6,-999,-999,-999,0.0,0.0,0.0
8.56189227104187,-0.0291457593245363,-0.2945255679111045,0.2393020239277724,0.219360188600458,-1.2732094862823788,-11.064155754919572,-0.0291457593245363,-0.1227189866296268,0.0613594933148134,0.214758226601847,-1.2826642983851642,-11.081499542760595,-2.69,-139.88,-252.86,-94.15,-107.6,-0.0479616478448041,0.4796164784480417,-0.4556356545256396,0.0,0.0,28,31,30,30,32,6,37,-163,-19,-31,12.8,12.8,12.7,12.7,12.6,-999,-999,-999,0.0,0.0,0.0
8.578891515731812,-0.0306797466574067,-0.2868556312467528,0.2316320872634207,0.219360188600458,-1.2732094862823788,-11.064155754919572,-0.0291457593245363,-0.1119810752995345,0.050621581984721,0.214758226601847,-1.2826642983851642,-11.081499542760595,-2.69,-137.19,-247.48,-53.8,-123.74,-0.0479616478448041,0.4796164784480417,-0.4556356545256396,0.0,0.0,28,31,30,30,32,6,31,-163,-19,-37,12.8,12.8,12.7,12.7,12.6,-999,-999,-999,0.0,0.0,0.0
8.596011877059937,-0.0306797466574067,-0.2791856945824011,0.223962150599069,0.219360188600458,-1.2732094862823788,-11.064155754919572,-0.0306797466574067,-0.0905052526393498,0.0291457593245363,0.214758226601847,-1.2826642983851642,-11.081499542760595,-2.69,-137.19,-263.62,-110.29,-123.74,-0.0479616478448041,0.4796164784480417,-0.4556356545256396,0.0,0.0,28,31,30,30,32,6,25,-169,-19,-37,12.7,12.8,12.7,12.7,12.6,-999,-999,-999,0.0,0.0,0.0
8.61292815208435,-0.032213733990277,-0.2699817705851791,0.214758226601847,0.219360188600458,-1.2732094862823788,-11.064155754919572,-0.0306797466574067,-0.0905052526393498,0.0291457593245363,0.214758226601847,-1.2826642983851642,-11.081499542760595,-2.69,-126.43,-255.55,-64.56,-126.43,-0.0479616478448041,0.4796164784480417,-0.4556356545256396,0.0,0.0,28,31,30,30,31,6,31,-169,-19,-37,12.8,12.8,12.7,12.7,12.6,-999,-999,-999,0.0,0.0,0.0
8.630051612854004,-0.032213733990277,-0.2623118339208274,0.2070882899374953,0.219360188600458,-1.2732094862823788,-11.064155754919572,-0.0306797466574067,-0.0705634173120354,0.009203923997222,0.214758226601847,-1.2826642983851642,-11.081499542760595,-2.69,-129.12,-244.79,-24.21,-126.43,-0.023980823922402,0.4796164784480417,-0.4556356545256396,0.0,0.0,28,30,30,30,31,6,31,-163,-19,-37,12.8,12.8,12.7,12.7,12.6,-999,-999,-999,0.0,0.0,0.0
8.647052526473999,-0.032213733990277,-0.2546418972564758,0.1978843659402733,0.219360188600458,-1.2732094862823788,-11.064155754919572,-0.0306797466574067,-0.0613594933148134,0.0,0.214758226601847,-1.2826642983851642,-11.081499542760595,-2.69,-150.64,-244.79,-37.66,-123.74,-0.023980823922402,0.4556356545256396,-0.4556356545256396,0.0,0.0,28,31,30,31,31,6,31,-169,-19,-37,12.8,12.8,12.7,12.7,12.6,-999,-999,-999,0.0,0.0,0.0
8.664976835250854,-0.032213733990277,-0.2439039859263834,0.1902144292759216,0.219360188600458,-1.2732094862823788,-11.064155754919572,-0.032213733990277,-0.0521555693175914,-0.009203923997222,0.214758226601847,-1.2826642983851642,-11.081499542760595,-2.69,-145.26,-234.03,-51.11,-126.43,0.0,0.4556356545256396,-0.4556356545256396,0.0,0.0,28,31,30,31,31,6,31,-163,-19,-37,12.8,12.8,12.6,12.7,12.6,-999,-999,-999,0.0,0.0,0.0
8.681966304779053,-0.032213733990277,-0.2362340492620317,0.1810105052786996,0.219360188600458,-1.2747434736152492,-11.067010339736138,-0.032213733990277,-0.0521555693175914,-0.009203923997222,0.214758226601847,-1.2826642983851642,-11.081499542760595,-2.69,-172.16,-242.1,-26.9,-126.43,0.0,0.4556356545256396,-0.4796164784480417,0.0,0.0,28,30,30,31,31,0,-25,-169,-19,-37,12.8,12.8,12.7,12.7,12.6,-999,-999,-999,0.0,0.0,0.0
8.698979377746582,-0.032213733990277,-0.2270301252648097,0.1733405686143479,0.219360188600458,-1.2732094862823788,-11.064155754919572,-0.032213733990277,-0.0352817086560177,-0.0260777846587957,0.214758226601847,-1.2826642983851642,-11.081499542760595,-2.69,-139.88,-250.17,-48.42,-126.43,0.0,0.4796164784480417,-0.4796164784480417,0.0,0.0,28,30,30,31,31,0,31,-169,-19,-37,12.8,12.9,12.6,12.7,12.6,-999,-999,-999,0.0,0.0,0.0
8.715881109237671,-0.032213733990277,-0.219360188600458,0.1656706319499963,0.219360188600458,-1.2732094862823788,-11.064155754919572,-0.032213733990277,-0.0352817086560177,-0.0260777846587957,0.214758226601847,-1.2826642983851642,-11.081499542760595,-2.69,-139.88,-244.79,-56.49,-121.05,0.0,0.4796164784480417,-0.4796164784480417,0.0,0.0,28,30,30,31,31,0,37,-163,-19,-37,12.8,12.8,12.7,12.7,12.6,-999,-999,-999,0.0,0.0,0.0
8.73288106918335,-0.032213733990277,-0.2116902519361063,0.1564667079527743,0.219360188600458,-1.2747434736152492,-11.067010339736138,-0.032213733990277,-0.0291457593245363,-0.032213733990277,0.214758226601847,-1.2826642983851642,-11.081499542760595,-2.69,-153.32999999999998,-212.51,-115.67,-123.74,0.0,0.4796164784480417,-0.4796164784480417,0.0,0.0,28,30,30,31,31,0,31,-126,-19,-37,12.8,12.8,12.7,12.7,12.6,-999,-999,-999,0.0,0.0,0.0
8.749954223632812,-0.032213733990277,-0.2024863279388843,0.1487967712884225,0.219360188600458,-1.2747434736152492,-11.067010339736138,-0.032213733990277,-0.0214758226601847,-0.0398836706546287,0.214758226601847,-1.2826642983851642,-11.081499542760595,-2.69,-196.37,-217.89,-112.98,-118.36,0.0,0.4796164784480417,-0.4796164784480417,0.0,0.0,28,30,31,30,31,0,25,-163,-19,-37,12.8,12.8,12.6,12.7,12.6,-999,-999,-999,0.0,0.0,0.0
8.766902446746826,-0.032213733990277,-0.1948163912745326,0.1395928472912005,0.219360188600458,-1.2747434736152492,-11.067010339736138,-0.032213733990277,-0.013805885995833,-0.04601961998611,0.214758226601847,-1.2826642983851642,-11.081499542760595,-2.69,-153.32999999999998,-252.86,-134.5,-115.67,0.0,0.4796164784480417,-0.4796164784480417,0.0,0.0,28,30,31,30,31,0,31,-163,-19,-37,12.8,12.8,12.7,12.7,12.6,-999,-999,-999,0.0,0.0,0.0
8.783892393112183,-0.032213733990277,-0.1871464546101809,0.1303889232939785,0.219360188600458,-1.2732094862823788,-11.064155754919572,-0.032213733990277,-0.0076699366643516,-0.055223543983332,0.214758226601847,-1.2826642983851642,-11.081499542760595,-5.38,-147.95,-250.17,-115.67,-126.43,0.0,0.4796164784480417,-0.4796164784480417,0.0,0.0,28,30,31,30,31,0,31,-163,-19,-37,12.8,12.8,12.7,12.7,12.6,-999,-999,-999,0.0,0.0,0.0
8.801922798156738,-0.032213733990277,-0.1779425306129589,0.1227189866296268,0.219360188600458,-1.2732094862823788,-11.064155754919572,-0.032213733990277,0.0061359493314813,-0.0674954426462947,0.214758226601847,-1.2826642983851642,-11.081499542760595,-5.38,-153.32999999999998,-252.86,-112.98,-121.05,0.0,0.4796164784480417,-0.4556356545256396,0.0,0.0,28,30,31,30,31,0,25,-163,-19,-37,12.8,12.8,12.7,12.7,12.6,-999,-999,-999,0.0,0.0,0.0
8.818894386291504,-0.032213733990277,-0.1687386066157369,0.1150490499652752,0.219360188600458,-1.2732094862823788,-11.064155754919572,-0.032213733990277,0.0061359493314813,-0.0674954426462947,0.214758226601847,-1.2826642983851642,-11.081499542760595,-5.38,-164.09,-250.17,-29.59,-123.74,0.0,0.4796164784480417,-0.4556356545256396,0.0,0.0,27,31,31,30,31,0,25,-163,-19,-37,12.8,12.8,12.7,12.7,12.6,-999,-999,-999,0.0,0.0,0.0
8.835888147354126,-0.032213733990277,-0.1595346826185149,0.1073791133009235,0.219360188600458,-1.2732094862823788,-11.064155754919572,-0.032213733990277,0.013805885995833,-0.0751653793106464,0.214758226601847,-1.2826642983851642,-11.081499542760595,-2.69,-185.61,-255.55,-104.91,-126.43,0.0,0.4796164784480417,-0.4556356545256396,0.0,0.0,28,31,31,30,31,0,-32,-169,-19,-37,12.8,12.8,12.8,12.7,12.6,-999,-999,-999,0.0,0.0,0.0
8.852892398834229,-0.032213733990277,-0.1518647459541632,0.0981751893037015,0.219360188600458,-1.2732094862823788,-11.064155754919572,-0.032213733990277,0.0214758226601847,-0.0828353159749981,0.214758226601847,-1.2826642983851642,-11.081499542760595,-2.69,-156.02,-260.93,-51.11,-126.43,0.0,0.4796164784480417,-0.4556356545256396,0.0,0.0,28,31,31,30,31,0,25,-163,-19,-37,12.7,12.8,12.8,12.7,12.6,-999,-999,-999,0.0,0.0,0.0
8.869894027709961,-0.032213733990277,-0.1441948092898116,0.0905052526393498,0.219360188600458,-1.2732094862823788,-11.064155754919572,-0.032213733990277,0.0291457593245363,-0.0905052526393498,0.214758226601847,-1.2826642983851642,-11.081499542760595,-5.38,-150.64,-274.38,-123.74,-123.74,0.0,0.4796164784480417,-0.4556356545256396,0.0,0.0,28,31,31,30,31,0,25,-169,-19,-37,12.8,12.8,12.7,12.7,12.6,-999,-999,-999,0.0,0.0,0.0
8.886919736862183,-0.032213733990277,-0.1349908852925895,0.0828353159749981,0.219360188600458,-1.2732094862823788,-11.064155754919572,-0.032213733990277,0.0352817086560177,-0.0981751893037015,0.214758226601847,-1.2826642983851642,-11.081499542760595,-5.38,-147.95,-285.14,-56.49,-123.74,0.0,0.4796164784480417,-0.4556356545256396,0.0,0.0,28,31,31,30,31,0,25,-175,-19,-37,12.7,12.8,12.7,12.7,12.6,-999,-999,-999,0.0,0.0,0.0
8.90390396118164,-0.032213733990277,-0.1273209486282379,0.0751653793106464,0.219360188600458,-1.2747434736152492,-11.067010339736138,-0.032213733990277,0.0429516453203694,-0.1043111386351828,0.214758226601847,-1.2826642983851642,-11.081499542760595,-5.38,-166.78,-255.55,-83.39,-121.05,0.0,0.4796164784480417,-0.4556356545256396,0.0,0.0,28,31,31,30,31,0,25,-169,-19,-37,12.8,12.9,12.7,12.7,12.6,-999,-999,-999,0.0,0.0,0.0
8.920921325683594,-0.032213733990277,-0.1181170246310158,0.0690294299791651,0.219360188600458,-1.2732094862823788,-11.064155754919572,-0.032213733990277,0.0490875946518507,-0.1104470879666641,0.214758226601847,-1.2826642983851642,-11.081499542760595,-2.69,-153.32999999999998,-228.65,-40.35,-121.05,0.0,0.4796164784480417,-0.4556356545256396,0.0,0.0,28,31,31,30,31,0,25,-169,-19,-37,12.8,12.6,12.7,12.7,12.6,-999,-999,-999,0.0,0.0,0.0
8.937903642654419,-0.032213733990277,-0.1104470879666641,0.0598255059819431,0.219360188600458,-1.2747434736152492,-11.067010339736138,-0.0337477213231473,0.055223543983332,-0.1181170246310158,0.214758226601847,-1.2826642983851642,-11.081499542760595,-2.69,-161.4,-271.69,-16.14,-126.43,0.0,0.4796164784480417,-0.4556356545256396,0.0,0.0,28,30,31,30,31,-7,18,-207,-19,-37,12.8,12.7,12.7,12.6,12.6,-999,-999,-999,0.0,0.0,0.0
8.955039501190186,-0.032213733990277,-0.1027771513023125,0.050621581984721,0.219360188600458,-1.2747434736152492,-11.067010339736138,-0.0337477213231473,0.0674954426462947,-0.1319229106268489,0.214758226601847,-1.2826642983851642,-11.081499542760595,0.0,-161.4,-255.55,-61.87,-115.67,0.0,0.4796164784480417,-0.4796164784480417,0.0,0.0,28,31,31,30,31,-7,25,-169,-19,-37,12.8,12.7,12.7,12.7,12.6,-999,-999,-999,0.0,0.0,0.0
8.972899675369263,-0.032213733990277,-0.0935732273050904,0.0429516453203694,0.219360188600458,-1.2732094862823788,-11.064155754919572,-0.032213733990277,0.0751653793106464,-0.1395928472912005,0.214758226601847,-1.2826642983851642,-11.081499542760595,0.0,-174.85,-271.69,-107.6,-110.29,0.0,0.4796164784480417,-0.4796164784480417,0.0,0.0,28,31,31,30,31,-7,18,-169,-19,-31,12.8,12.7,12.7,12.7,12.6,-999,-999,-999,0.0,0.0,0.0
8.989990711212158,-0.032213733990277,-0.0859032906407388,0.0337477213231473,0.219360188600458,-1.2732094862823788,-11.064155754919572,-0.0337477213231473,0.0828353159749981,-0.1472627839555522,0.214758226601847,-1.2826642983851642,-11.081499542760595,2.69,-174.85,-244.79,-64.56,-126.43,0.0,0.4796164784480417,-0.4796164784480417,0.0,0.0,28,31,31,30,31,0,18,-169,-25,-37,12.8,12.8,12.7,12.7,12.6,-999,-999,-999,0.0,0.0,0.0
9.00698447227478,-0.032213733990277,-0.0782333539763871,0.0260777846587957,0.219360188600458,-1.2732094862823788,-11.064155754919572,-0.0337477213231473,0.0889712653064794,-0.1533987332870336,0.214758226601847,-1.2826642983851642,-11.081499542760595,0.0,-166.78,-244.79,-121.05,-126.43,0.0,0.4796164784480417,-0.4796164784480417,0.0,0.0,28,31,31,31,31,-7,25,-163,-19,-37,12.8,12.8,12.7,12.7,12.6,-999,-999,-999,0.0,0.0,0.0
9.025861740112305,-0.032213733990277,-0.0690294299791651,0.018407847994444,0.219360188600458,-1.2732094862823788,-11.064155754919572,-0.0337477213231473,0.0951072146379608,-0.1595346826185149,0.214758226601847,-1.2826642983851642,-11.081499542760595,0.0,-172.16,-247.48,-123.74,-126.43,0.0,0.4796164784480417,-0.4796164784480417,0.0,0.0,27,31,31,31,31,-7,18,-163,-19,-37,12.8,12.8,12.7,12.7,12.6,-999,-999,-999,0.0,0.0,0.0
9.04392671585083,-0.032213733990277,-0.0598255059819431,0.0107379113300923,0.219360188600458,-1.2732094862823788,-11.064155754919572,-0.0337477213231473,0.1027771513023125,-0.1687386066157369,0.214758226601847,-1.2826642983851642,-11.081499542760595,0.0,-172.16,-252.86,-61.87,-112.98,0.0,0.4796164784480417,-0.4796164784480417,0.0,0.0,27,31,30,31,31,-7,25,-169,-19,-37,12.8,12.8,12.7,12.6,12.6,-999,-999,-999,0.0,0.0,0.0
9.060888767242432,-0.032213733990277,-0.050621581984721,0.0015339873328703,0.219360188600458,-1.2732094862823788,-11.064155754919572,-0.0337477213231473,0.1027771513023125,-0.1687386066157369,0.214758226601847,-1.2826642983851642,-11.081499542760595,0.0,-174.85,-263.62,-78.01,-123.74,0.0,0.4796164784480417,-0.4796164784480417,0.0,0.0,27,31,30,31,31,-7,25,-163,-19,-37,12.8,12.8,12.7,12.5,12.6,-999,-999,-999,0.0,0.0,0.0
9.07796573638916,-0.032213733990277,-0.0429516453203694,-0.0061359493314813,0.219360188600458,-1.2732094862823788,-11.064155754919572,-0.0337477213231473,0.1165830372981455,-0.1840784799444403,0.214758226601847,-1.2826642983851642,-11.081499542760595,0.0,-185.61,-242.1,-112.98,-126.43,0.0,0.4796164784480417,-0.4556356545256396,0.0,0.0,27,31,31,31,31,-7,18,-163,-19,-37,12.8,12.7,12.6,12.6,12.6,-999,-999,-999,0.0,0.0,0.0
9.094883918762209,-0.032213733990277,-0.0337477213231473,-0.013805885995833,0.219360188600458,-1.2732094862823788,-11.064155754919572,-0.0337477213231473,0.1165830372981455,-0.1840784799444403,0.214758226601847,-1.2826642983851642,-11.081499542760595,0.0,-188.3,-244.79,-40.35,-118.36,0.0,0.4796164784480417,-0.4556356545256396,0.0,0.0,28,31,31,31,31,-7,18,-169,-19,-37,12.8,12.7,12.7,12.7,12.6,-999,-999,-999,0.0,0.0,0.0
9.111925840377808,-0.032213733990277,-0.0260777846587957,-0.0214758226601847,0.219360188600458,-1.2732094862823788,-11.064155754919572,-0.0337477213231473,0.1227189866296268,-0.191748416608792,0.214758226601847,-1.2826642983851642,-11.081499542760595,5.38,-161.4,-266.31,-37.66,-121.05,0.0,0.4796164784480417,-0.4556356545256396,0.0,0.0,28,31,31,31,31,-7,75,-169,-19,-37,12.8,12.7,12.7,12.7,12.6,-999,-999,-999,0.0,0.0,0.0
9.129846811294556,-0.032213733990277,-0.018407847994444,-0.0306797466574067,0.219360188600458,-1.2732094862823788,-11.064155754919572,-0.0337477213231473,0.1349908852925895,-0.205554302604625,0.214758226601847,-1.2826642983851642,-11.081499542760595,0.0,-177.54,-260.93,-121.05,-123.74,0.0,0.4796164784480417,-0.4556356545256396,0.0,0.0,28,31,31,30,31,0,18,-169,-19,-37,12.8,12.7,12.7,12.7,12.6,-999,-999,-999,0.0,0.0,0.0
9.14691686630249,-0.0337477213231473,-0.0107379113300923,-0.0383496833217584,0.219360188600458,-1.2732094862823788,-11.064155754919572,-0.0337477213231473,0.1349908852925895,-0.205554302604625,0.214758226601847,-1.2826642983851642,-11.081499542760595,-2.69,-182.92,-290.52,-115.67,-123.74,0.0,0.4796164784480417,-0.4556356545256396,0.0,0.0,28,31,31,30,31,0,18,-169,-19,-37,12.8,12.7,12.7,12.7,12.6,-999,-999,-999,0.0,0.0,0.0
9.163914918899536,-0.0337477213231473,-0.0015339873328703,-0.0475536073189804,0.219360188600458,-1.2732094862823788,-11.064155754919572,-0.0337477213231473,0.1487967712884225,-0.219360188600458,0.214758226601847,-1.2826642983851642,-11.081499542760595,-5.38,-185.61,-250.17,-53.8,-115.67,0.0,0.4796164784480417,-0.4556356545256396,0.0,0.0,28,31,31,30,31,0,18,-169,-19,-37,12.8,12.7,12.7,12.7,12.6,-999,-999,-999,0.0,0.0,0.0
9.18088722229004,-0.0337477213231473,0.0061359493314813,-0.0567575313162024,0.219360188600458,-1.2732094862823788,-11.064155754919572,-0.0337477213231473,0.1487967712884225,-0.219360188600458,0.214758226601847,-1.2826642983851642,-11.081499542760595,-5.38,-180.23,-220.58,-91.46,-123.74,0.0,0.4556356545256396,-0.4556356545256396,0.0,0.0,28,31,30,30,31,-7,12,-132,-19,-37,12.7,12.7,12.7,12.7,12.6,-999,-999,-999,0.0,0.0,0.0
9.197894811630247,-0.0337477213231473,0.0153398733287033,-0.0644274679805541,0.219360188600458,-1.2732094862823788,-11.064155754919572,-0.0337477213231473,0.1549327206199039,-0.2270301252648097,0.214758226601847,-1.2826642983851642,-11.081499542760595,-5.38,-212.51,-247.48,-64.56,-112.98,0.0,0.4796164784480417,-0.4556356545256396,0.0,0.0,28,31,30,30,31,0,12,-169,-19,-37,12.7,12.8,12.7,12.7,12.5,-999,-999,-999,0.0,0.0,0.0
9.214911937713625,-0.0337477213231473,0.023009809993055,-0.0736313919777761,0.219360188600458,-1.2732094862823788,-11.064155754919572,-0.0337477213231473,0.1672046192828666,-0.2408360112606427,0.214758226601847,-1.2826642983851642,-11.081499542760595,-5.38,-209.82,-242.1,-8.07,-123.74,0.0,0.4796164784480417,-0.4556356545256396,0.0,0.0,28,31,30,30,32,0,18,-163,-19,-37,12.8,12.3,12.7,12.7,12.6,-999,-999,-999,0.0,0.0,0.0
9.23191213607788,-0.0337477213231473,0.0306797466574067,-0.0813013286421278,0.219360188600458,-1.2732094862823788,-11.064155754919572,-0.0337477213231473,0.1733405686143479,-0.2454379732592537,0.214758226601847,-1.2826642983851642,-11.081499542760595,-5.38,-182.92,-247.48,-34.97,-126.43,0.0,0.4796164784480417,-0.4796164784480417,0.0,0.0,28,31,30,30,31,0,18,-163,-19,-37,12.8,12.7,12.6,12.7,12.6,-999,-999,-999,0.0,0.0,0.0
9.248872518539429,-0.0337477213231473,0.0398836706546287,-0.0905052526393498,0.219360188600458,-1.2732094862823788,-11.064155754919572,-0.0337477213231473,0.1733405686143479,-0.2454379732592537,0.214758226601847,-1.2826642983851642,-11.081499542760595,-5.38,-193.68,-242.1,-123.74,-126.43,0.0,0.4796164784480417,-0.4796164784480417,0.0,0.0,28,31,31,30,32,0,12,-169,-19,-37,12.8,12.8,12.7,12.7,12.6,-999,-999,-999,0.0,0.0,0.0
9.265904903411863,-0.0337477213231473,0.0475536073189804,-0.0981751893037015,0.219360188600458,-1.2732094862823788,-11.064155754919572,-0.0337477213231473,0.1840784799444403,-0.2577098719222164,0.214758226601847,-1.2826642983851642,-11.081499542760595,-5.38,-196.37,-239.41,-29.59,-126.43,0.0,0.4796164784480417,-0.4796164784480417,0.0,0.0,28,31,30,30,32,0,18,-163,-19,-37,12.8,12.8,12.8,12.7,12.6,-999,-999,-999,0.0,0.0,0.0
9.28288984298706,-0.0337477213231473,0.0567575313162024,-0.1073791133009235,0.219360188600458,-1.2732094862823788,-11.064155754919572,-0.0337477213231473,0.1871464546101809,-0.2638458212536978,0.214758226601847,-1.2826642983851642,-11.081499542760595,-5.38,-196.37,-244.79,-59.18,-121.05,0.0,0.4796164784480417,-0.4796164784480417,0.0,0.0,28,31,31,30,31,0,12,-163,-19,-37,12.8,12.8,12.7,12.7,12.6,-999,-999,-999,0.0,0.0,0.0
9.29988694190979,-0.0337477213231473,0.0644274679805541,-0.1150490499652752,0.219360188600458,-1.2732094862823788,-11.064155754919572,-0.0337477213231473,0.1871464546101809,-0.2638458212536978,0.214758226601847,-1.2826642983851642,-11.081499542760595,-5.38,-190.99,-255.55,-18.83,-126.43,0.0,0.4796164784480417,-0.4796164784480417,0.0,0.0,28,30,31,30,31,0,12,-163,-19,-37,12.8,12.8,12.7,12.7,12.6,-999,-999,-999,0.0,0.0,0.0
9.316903829574583,-0.0337477213231473,0.0736313919777761,-0.1227189866296268,0.219360188600458,-1.2732094862823788,-11.064155754919572,-0.0352817086560177,0.1932824039416623,-0.2699817705851791,0.214758226601847,-1.2826642983851642,-11.081499542760595,0.0,-193.68,-263.62,-112.98,-126.43,0.0,0.4796164784480417,-0.4796164784480417,0.0,0.0,28,31,30,30,31,-7,18,-163,-19,-37,12.8,12.8,12.6,12.7,12.6,-999,-999,-999,0.0,0.0,0.0
9.333909273147585,-0.0352817086560177,0.0813013286421278,-0.1303889232939785,0.219360188600458,-1.2732094862823788,-11.064155754919572,-0.0352817086560177,0.196350378607403,-0.2745837325837901,0.214758226601847,-1.2826642983851642,-11.081499542760595,0.0,-207.13,-247.48,-115.67,-126.43,0.0,0.4796164784480417,-0.4796164784480417,0.0,0.0,28,31,30,30,31,-7,12,-169,-19,-37,12.8,12.8,12.7,12.7,12.6,-999,-999,-999,0.0,0.0,0.0
9.350871562957764,-0.0337477213231473,0.0905052526393498,-0.1395928472912005,0.219360188600458,-1.2732094862823788,-11.064155754919572,-0.0352817086560177,0.2024863279388843,-0.2807196819152714,0.214758226601847,-1.2826642983851642,-11.081499542760595,0.0,-207.13,-244.79,-83.39,-126.43,0.0,0.4796164784480417,-0.4556356545256396,0.0,0.0,28,31,30,30,31,0,12,-169,-19,-37,12.8,12.8,12.7,12.7,12.6,-999,-999,-999,0.0,0.0,0.0
9.367853164672852,-0.0352817086560177,0.0981751893037015,-0.1472627839555522,0.219360188600458,-1.2747434736152492,-11.067010339736138,-0.036815695988888,0.2070882899374953,-0.2853216439138825,0.214758226601847,-1.2826642983851642,-11.081499542760595,0.0,-207.13,-242.1,-88.77,-126.43,0.0,0.4796164784480417,-0.4556356545256396,0.0,0.0,28,31,30,30,30,-7,12,-163,-19,-37,12.8,12.7,12.7,12.6,12.6,-999,-999,-999,0.0,0.0,0.0
9.384870290756226,-0.0352817086560177,0.1073791133009235,-0.1549327206199039,0.219360188600458,-1.2732094862823788,-11.064155754919572,-0.036815695988888,0.2116902519361063,-0.2899236059124935,0.214758226601847,-1.2826642983851642,-11.081499542760595,0.0,-209.82,-260.93,-26.9,-126.43,0.0,0.4796164784480417,-0.4556356545256396,0.0,0.0,28,31,30,30,31,-7,6,-169,-19,-37,12.8,12.8,12.7,12.7,12.6,-999,-999,-999,0.0,0.0,0.0
9.401888608932495,-0.0352817086560177,0.1165830372981455,-0.1626026572842556,0.219360188600458,-1.2747434736152492,-11.067010339736138,-0.0352817086560177,0.214758226601847,-0.2960595552439748,0.214758226601847,-1.2826642983851642,-11.081499542760595,0.0,-209.82,-266.31,-59.18,-126.43,0.0,0.4796164784480417,-0.4556356545256396,0.0,0.0,28,31,30,30,31,0,12,-169,-19,-37,12.8,12.7,12.8,12.7,12.6,-999,-999,-999,0.0,0.0,0.0
9.418910026550291,-0.0352817086560177,0.1242529739624972,-0.1718065812814776,0.219360188600458,-1.2732094862823788,-11.064155754919572,-0.0352817086560177,0.219360188600458,-0.3006615172425858,0.214758226601847,-1.2826642983851642,-11.081499542760595,-2.69,-204.44,-231.34,-83.39,-126.43,-0.023980823922402,0.4796164784480417,-0.4556356545256396,0.0,0.0,28,31,30,30,31,0,12,-132,-19,-37,12.8,12.8,12.8,12.7,12.6,-999,-999,-999,0.0,0.0,0.0
9.435901403427124,-0.036815695988888,0.1319229106268489,-0.1794765179458293,0.219360188600458,-1.2732094862823788,-11.064155754919572,-0.036815695988888,0.2270301252648097,-0.3083314539069375,0.214758226601847,-1.2826642983851642,-11.081499542760595,-2.69,-204.44,-247.48,-40.35,-126.43,-0.023980823922402,0.4796164784480417,-0.4556356545256396,0.0,0.0,28,31,30,30,31,6,12,-163,-19,-37,12.8,12.8,12.8,12.7,12.6,-999,-999,-999,0.0,0.0,0.0
9.452913999557495,-0.036815695988888,0.1380588599583302,-0.1871464546101809,0.219360188600458,-1.2732094862823788,-11.064155754919572,-0.036815695988888,0.2270301252648097,-0.3083314539069375,0.214758226601847,-1.2826642983851642,-11.081499542760595,-2.69,-209.82,-242.1,-102.22,-126.43,-0.023980823922402,0.4796164784480417,-0.4556356545256396,0.0,0.0,28,31,31,30,31,0,6,-169,-25,-37,12.8,12.8,12.7,12.5,12.6,-999,-999,-999,0.0,0.0,0.0
9.46991229057312,-0.036815695988888,0.1472627839555522,-0.1948163912745326,0.219360188600458,-1.2732094862823788,-11.064155754919572,-0.0352817086560177,0.2316320872634207,-0.3129334159055486,0.214758226601847,-1.2826642983851642,-11.081499542760595,13.45,-207.13,-263.62,-115.67,-126.43,0.0,0.4556356545256396,-0.4556356545256396,0.0,0.0,28,31,31,30,31,6,12,-169,-19,-37,12.8,12.8,12.7,12.7,12.6,-999,-999,-999,0.0,0.0,0.0
9.486888885498049,-0.036815695988888,0.1533987332870336,-0.2040203152717546,0.219360188600458,-1.2747434736152492,-11.067010339736138,-0.036815695988888,0.2347000619291614,-0.3175353779041595,0.214758226601847,-1.2826642983851642,-11.081499542760595,0.0,-207.13,-255.55,-99.53,-123.74,0.0,0.4556356545256396,-0.4556356545256396,0.0,0.0,28,31,32,28,31,0,12,-163,-19,-31,12.8,12.8,12.7,12.6,12.6,-999,-999,-999,0.0,0.0,0.0
9.503900289535522,-0.036815695988888,0.1626026572842556,-0.2116902519361063,0.219360188600458,-1.2732094862823788,-11.064155754919572,-0.036815695988888,0.2423699985935131,-0.3267393019013815,0.214758226601847,-1.2826642983851642,-11.081499542760595,0.0,-239.41,-234.03,-56.49,-121.05,0.0,0.4556356545256396,-0.4556356545256396,0.0,0.0,28,31,31,30,31,0,-44,-169,-19,-37,12.8,12.8,12.7,12.7,12.6,-999,-999,-999,0.0,0.0,0.0
9.520938873291016,-0.036815695988888,0.1702725939486073,-0.2208941759333283,0.219360188600458,-1.2732094862823788,-11.064155754919572,-0.0352817086560177,0.2485059479249944,-0.3298072765671222,0.214758226601847,-1.2826642983851642,-11.081499542760595,0.0,-215.2,-225.96,-115.67,-115.67,0.0,0.4556356545256396,-0.4796164784480417,0.0,0.0,28,31,30,30,31,0,12,-163,-19,-37,12.8,12.8,12.7,12.7,12.6,-999,-999,-999,0.0,0.0,0.0
9.537893056869509,-0.036815695988888,0.1794765179458293,-0.2300980999305504,0.219360188600458,-1.2732094862823788,-11.064155754919572,-0.0352817086560177,0.2485059479249944,-0.3298072765671222,0.214758226601847,-1.2826642983851642,-11.081499542760595,0.0,-215.2,-217.89,-115.67,-118.36,0.0,0.4556356545256396,-0.4796164784480417,0.0,0.0,28,31,30,30,31,6,6,-163,-19,-31,12.8,12.8,12.7,12.7,12.6,-999,-999,-999,0.0,0.0,0.0
9.554916858673096,-0.036815695988888,0.1871464546101809,-0.2377680365949021,0.219360188600458,-1.2732094862823788,-11.064155754919572,-0.0352817086560177,0.2577098719222164,-0.3405451878972146,0.214758226601847,-1.2826642983851642,-11.081499542760595,0.0,-207.13,-244.79,-16.14,-126.43,0.0,0.4796164784480417,-0.4796164784480417,0.0,0.0,28,31,31,30,31,6,12,-163,-13,-37,12.8,12.8,12.7,12.7,12.7,-999,-999,-999,0.0,0.0,0.0
9.571923971176147,-0.036815695988888,0.1948163912745326,-0.2454379732592537,0.219360188600458,-1.2732094862823788,-11.064155754919572,-0.0352817086560177,0.2623118339208274,-0.3436131625629552,0.214758226601847,-1.2826642983851642,-11.081499542760595,0.0,-204.44,-247.48,-59.18,-126.43,0.0,0.4796164784480417,-0.4796164784480417,0.0,0.0,28,30,30,30,31,6,12,-163,-19,-37,12.8,12.8,12.8,12.7,12.7,-999,-999,-999,0.0,0.0,0.0
9.588958263397217,-0.036815695988888,0.2024863279388843,-0.2515739225907351,0.219360188600458,-1.2732094862823788,-11.064155754919572,-0.0352817086560177,0.2623118339208274,-0.3436131625629552,0.214758226601847,-1.2826642983851642,-11.081499542760595,0.0,-204.44,-244.79,-129.12,-123.74,0.0,0.4796164784480417,-0.4796164784480417,0.0,0.0,28,30,30,31,31,6,12,-163,-19,-37,12.8,12.8,12.7,12.7,12.7,-999,-999,-999,0.0,0.0,0.0
9.60595202445984,-0.036815695988888,0.2116902519361063,-0.2607778465879571,0.219360188600458,-1.2747434736152492,-11.067010339736138,-0.032213733990277,0.2715157579180495,-0.3543510738930476,0.214758226601847,-1.2826642983851642,-11.081499542760595,18.83,-228.65,-247.48,-37.66,-123.74,0.0,0.4796164784480417,-0.4796164784480417,0.0,0.0,28,31,30,30,31,12,6,-169,-13,-37,12.8,12.8,12.8,12.7,12.6,-999,-999,-999,0.0,0.0,0.0
9.622857332229614,-0.036815695988888,0.2208941759333283,-0.2684477832523088,0.219360188600458,-1.2732094862823788,-11.064155754919572,-0.032213733990277,0.2715157579180495,-0.3543510738930476,0.214758226601847,-1.2826642983851642,-11.081499542760595,-5.38,-234.03,-242.1,-107.6,-126.43,0.0,0.4796164784480417,-0.4796164784480417,0.0,0.0,28,31,31,30,31,18,12,-163,-19,-37,12.8,12.8,12.7,12.6,12.6,-999,-999,-999,0.0,0.0,0.0
9.639937162399292,-0.036815695988888,0.22856411259768,-0.2776517072495308,0.219360188600458,-1.2732094862823788,-11.064155754919572,-0.032213733990277,0.2776517072495308,-0.3604870232245289,0.214758226601847,-1.2826642983851642,-11.081499542760595,-5.38,-215.2,-247.48,-61.87,-112.98,0.0,0.4796164784480417,-0.4796164784480417,0.0,0.0,28,31,31,31,32,18,12,-163,-19,-37,12.8,12.8,12.7,12.7,12.6,-999,-999,-999,0.0,0.0,0.0
9.656905889511108,-0.036815695988888,0.2362340492620317,-0.2837876565810122,0.219360188600458,-1.2732094862823788,-11.064155754919572,-0.032213733990277,0.2822536692481418,-0.36508898522314,0.214758226601847,-1.2826642983851642,-11.081499542760595,-2.69,-220.58,-266.31,-64.56,-126.43,0.0,0.4796164784480417,-0.4556356545256396,0.0,0.0,28,31,31,31,32,18,6,-169,-19,-37,12.8,12.8,12.7,12.7,12.6,-999,-999,-999,0.0,0.0,0.0
9.673977851867676,-0.0352817086560177,0.2439039859263834,-0.2914575932453638,0.219360188600458,-1.2732094862823788,-11.064155754919572,-0.032213733990277,0.2929915805782341,-0.3758268965532323,0.214758226601847,-1.2826642983851642,-11.081499542760595,0.0,-236.72,-263.62,-61.87,-126.43,0.0,0.4796164784480417,-0.4556356545256396,0.0,0.0,28,31,31,31,32,12,6,-169,-19,-37,12.8,12.7,12.7,12.7,12.6,-999,-999,-999,0.0,0.0,0.0
9.690973043441772,-0.0337477213231473,0.2531079099236054,-0.3006615172425858,0.219360188600458,-1.2732094862823788,-11.064155754919572,-0.032213733990277,0.2975935425768451,-0.3819628458847137,0.214758226601847,-1.2826642983851642,-11.081499542760595,8.07,-242.1,-244.79,-56.49,-126.43,0.0,0.4556356545256396,-0.4556356545256396,0.0,0.0,28,31,31,31,32,12,6,-163,-19,-37,12.8,12.8,12.7,12.6,12.7,-999,-999,-999,0.0,0.0,0.0
9.707905530929564,-0.0337477213231473,0.2607778465879571,-0.3083314539069375,0.219360188600458,-1.2732094862823788,-11.064155754919572,-0.032213733990277,0.2975935425768451,-0.3819628458847137,0.214758226601847,-1.2826642983851642,-11.081499542760595,0.0,-247.48,-242.1,-40.35,-126.43,0.023980823922402,0.4796164784480417,-0.4556356545256396,0.0,0.0,28,31,31,31,32,6,6,-163,-19,-37,12.8,12.8,12.7,12.7,12.6,-999,-999,-999,0.0,0.0,0.0
9.724914789199827,-0.0337477213231473,0.2684477832523088,-0.3175353779041595,0.219360188600458,-1.2732094862823788,-11.064155754919572,-0.032213733990277,0.3021955045754562,-0.3865648078833247,0.214758226601847,-1.2826642983851642,-11.081499542760595,-2.69,-231.34,-247.48,-126.43,-126.43,0.023980823922402,0.4796164784480417,-0.4556356545256396,0.0,0.0,28,31,31,31,32,6,6,-169,-19,-37,12.8,12.8,12.7,12.7,12.6,-999,-999,-999,0.0,0.0,0.0
9.741880893707275,-0.0337477213231473,0.2761177199166604,-0.3236713272356409,0.219360188600458,-1.2732094862823788,-11.064155754919572,-0.032213733990277,0.3083314539069375,-0.3911667698819356,0.214758226601847,-1.2826642983851642,-11.081499542760595,0.0,-223.27,-258.24,-131.81,-126.43,0.023980823922402,0.4796164784480417,-0.4556356545256396,0.0,0.0,28,31,31,31,32,6,12,-169,-19,-37,12.8,12.8,12.7,12.7,12.6,-999,-999,-999,0.0,0.0,0.0
9.75888991355896,-0.032213733990277,0.2853216439138825,-0.3328752512328629,0.219360188600458,-1.2732094862823788,-11.064155754919572,-0.0306797466574067,0.3129334159055486,-0.397302719213417,0.214758226601847,-1.2826642983851642,-11.081499542760595,24.21,-236.72,-255.55,-24.21,-121.05,0.023980823922402,0.4796164784480417,-0.4556356545256396,0.0,0.0,28,31,31,31,32,6,6,-163,-19,-37,12.8,12.8,12.8,12.7,12.6,-999,-999,-999,0.0,0.0,0.0
9.775869131088257,-0.032213733990277,0.2929915805782341,-0.3405451878972146,0.219360188600458,-1.2732094862823788,-11.064155754919572,-0.032213733990277,0.3175353779041595,-0.401904681212028,0.214758226601847,-1.2826642983851642,-11.081499542760595,0.0,-234.03,-255.55,-48.42,-118.36,0.023980823922402,0.4556356545256396,-0.4556356545256396,0.0,0.0,28,31,31,31,31,0,6,-169,-19,-31,12.8,12.8,12.7,12.7,12.6,-999,-999,-999,0.0,0.0,0.0
9.794017553329468,-0.032213733990277,0.3021955045754562,-0.3482151245615663,0.219360188600458,-1.2732094862823788,-11.064155754919572,-0.0306797466574067,0.3267393019013815,-0.4111086052092501,0.214758226601847,-1.2826642983851642,-11.081499542760595,-2.69,-212.51,-242.1,-78.01,-121.05,0.023980823922402,0.4556356545256396,-0.4556356545256396,0.0,0.0,28,31,31,31,31,6,12,-169,-19,-31,12.8,12.8,12.7,12.7,12.6,-999,-999,-999,0.0,0.0,0.0
9.810873746871948,-0.032213733990277,0.3098654412398078,-0.3574190485587883,0.219360188600458,-1.2732094862823788,-11.064155754919572,-0.0306797466574067,0.3267393019013815,-0.4111086052092501,0.214758226601847,-1.2826642983851642,-11.081499542760595,-2.69,-234.03,-239.41,-123.74,-126.43,0.0,0.4556356545256396,-0.4796164784480417,0.0,0.0,28,31,31,31,31,6,12,-169,-19,-37,12.8,12.7,12.7,12.7,12.7,-999,-999,-999,0.0,0.0,0.0
9.827850818634031,-0.032213733990277,0.3190693652370299,-0.36508898522314,0.219360188600458,-1.2732094862823788,-11.064155754919572,-0.0306797466574067,0.3298072765671222,-0.4172445545407314,0.214758226601847,-1.2826642983851642,-11.081499542760595,-2.69,-225.96,-260.93,-102.22,-126.43,0.0,0.4556356545256396,-0.4796164784480417,0.0,0.0,28,31,31,31,31,6,12,-163,-19,-37,12.8,12.7,12.7,12.7,12.6,-999,-999,-999,0.0,0.0,0.0
9.846800088882446,-0.032213733990277,0.3282732892342519,-0.3742929092203619,0.219360188600458,-1.2732094862823788,-11.064155754919572,-0.0306797466574067,0.3390112005643442,-0.424914491205083,0.214758226601847,-1.2826642983851642,-11.081499542760595,-2.69,-234.03,-247.48,-126.43,-121.05,0.0,0.4796164784480417,-0.4796164784480417,0.0,0.0,28,32,31,31,31,6,6,-163,-19,-31,12.8,12.8,12.7,12.7,12.6,-999,-999,-999,0.0,0.0,0.0
9.863977432250977,-0.032213733990277,0.3359432258986036,-0.383496833217584,0.219360188600458,-1.2732094862823788,-11.064155754919572,-0.0306797466574067,0.3451471498958256,-0.4310504405365644,0.214758226601847,-1.2826642983851642,-11.081499542760595,-2.69,-236.72,-234.03,-75.32,-126.43,0.0,0.4796164784480417,-0.4796164784480417,0.0,0.0,28,31,31,31,31,6,12,-169,-19,-37,12.8,12.8,12.7,12.7,12.6,-999,-999,-999,0.0,0.0,0.0
9.880935668945312,-0.032213733990277,0.3436131625629552,-0.3911667698819356,0.219360188600458,-1.2732094862823788,-11.064155754919572,-0.0306797466574067,0.3497491118944366,-0.4356524025351754,0.214758226601847,-1.2826642983851642,-11.081499542760595,-2.69,-204.44,-244.79,-131.81,-126.43,0.0,0.4796164784480417,-0.4796164784480417,0.0,0.0,28,31,31,30,31,6,-7,-163,-19,-37,12.8,12.8,12.7,12.7,12.6,-999,-999,-999,0.0,0.0,0.0
9.897846698760986,-0.032213733990277,0.3497491118944366,-0.397302719213417,0.219360188600458,-1.2732094862823788,-11.064155754919572,-0.0291457593245363,0.3543510738930476,-0.4417883518666567,0.214758226601847,-1.2826642983851642,-11.081499542760595,-2.69,-188.3,-274.38,-121.05,-126.43,0.0,0.4556356545256396,-0.4796164784480417,0.0,0.0,28,31,30,31,31,6,-19,-189,-19,-37,12.8,12.8,12.7,12.7,12.6,-999,-999,-999,0.0,0.0,0.0
9.914910793304443,-0.032213733990277,0.3558850612259179,-0.4049726558777687,0.219360188600458,-1.2732094862823788,-11.064155754919572,-0.0291457593245363,0.3543510738930476,-0.4417883518666567,0.214758226601847,-1.2826642983851642,-11.081499542760595,18.83,-153.32999999999998,-269.0,-45.73,-123.74,0.0,0.4316548306032375,-0.4556356545256396,0.0,0.0,28,31,30,31,31,12,-19,-150,-19,-37,12.8,12.8,12.7,12.7,12.6,-999,-999,-999,0.0,0.0,0.0
9.931939840316772,-0.032213733990277,0.3620210105573993,-0.4095746178763797,0.219360188600458,-1.2732094862823788,-11.064155754919572,-0.0306797466574067,0.36508898522314,-0.4509922758638788,0.214758226601847,-1.2826642983851642,-11.081499542760595,-2.69,-193.68,-279.76,-91.46,-126.43,0.0,0.3836931827584334,-0.4316548306032375,0.0,0.0,28,30,31,31,31,12,-13,-150,-19,-37,12.8,12.8,12.7,12.7,12.6,-999,-999,-999,0.0,0.0,0.0
9.948880195617676,-0.032213733990277,0.3666229725560103,-0.415710567207861,0.219360188600458,-1.2732094862823788,-11.064155754919572,-0.0291457593245363,0.369690947221751,-0.4555942378624898,0.214758226601847,-1.2826642983851642,-11.081499542760595,-2.69,-196.37,-279.76,-59.18,-126.43,0.0,0.3597123588360313,-0.3836931827584334,0.0,0.0,28,31,31,31,31,6,-19,-150,-19,-37,12.8,12.8,12.6,12.5,12.6,-999,-999,-999,0.0,0.0,0.0
9.96580410003662,-0.032213733990277,0.3727589218874916,-0.420312529206472,0.219360188600458,-1.2732094862823788,-11.064155754919572,-0.0291457593245363,0.369690947221751,-0.4555942378624898,0.214758226601847,-1.2826642983851642,-11.081499542760595,18.83,-169.47,-252.86,-67.25,-126.43,0.0,0.3117507109912271,-0.3357315349136292,0.0,0.0,28,31,31,31,31,12,-13,-144,-19,-37,12.8,12.8,12.8,12.6,12.6,-999,-999,-999,0.0,0.0,0.0
9.982884883880615,-0.032213733990277,0.3773608838861026,-0.4264484785379534,0.219360188600458,-1.2732094862823788,-11.064155754919572,-0.0291457593245363,0.3758268965532323,-0.4617301871939711,0.214758226601847,-1.2826642983851642,-11.081499542760595,2.69,-169.47,-260.93,-56.49,-126.43,0.0,0.3117507109912271,-0.3117507109912271,0.0,0.0,28,31,30,31,31,6,-25,-176,-19,-37,12.8,12.8,12.7,12.7,12.6,-999,-999,-999,0.0,0.0,0.0
9.999834060668944,-0.0306797466574067,0.383496833217584,-0.4310504405365644,0.219360188600458,-1.2732094862823788,-11.064155754919572,-0.0291457593245363,0.378894871218973,-0.4663321491925821,0.214758226601847,-1.2826642983851642,-11.081499542760595,0.0,-201.75,-277.07,-56.49,-126.43,0.0,0.3117507109912271,-0.3117507109912271,0.0,0.0,28,31,30,31,31,6,-19,-176,-19,-37,12.8,12.8,12.7,12.7,12.6,-999,-999,-999,0.0,0.0,0.0
10.016825914382936,-0.0306797466574067,0.3865648078833247,-0.4371863898680457,0.219360188600458,-1.2732094862823788,-11.064155754919572,-0.027611771991666,0.3850308205504543,-0.4709341111911931,0.214758226601847,-1.2826642983851642,-11.081499542760595,40.35,-150.64,-244.79,-21.52,-123.74,0.0,0.3117507109912271,-0.3117507109912271,0.0,0.0,28,31,30,32,31,12,31,-138,-19,-37,12.8,12.7,12.7,12.7,12.6,-999,-999,-999,0.0,0.0,0.0
10.03393578529358,-0.0306797466574067,0.392700757214806,-0.4417883518666567,0.219360188600458,-1.2732094862823788,-11.064155754919572,-0.0245437973259253,0.392700757214806,-0.4801380351884152,0.214758226601847,-1.2826642983851642,-11.081499542760595,16.14,-185.61,-287.83,-75.32,-115.67,0.0,0.287769887068825,-0.3117507109912271,0.0,0.0,27,31,30,31,31,12,-19,-138,-19,-37,12.8,12.7,12.7,12.7,12.6,-999,-999,-999,0.0,0.0,0.0
10.050873041152954,-0.0291457593245363,0.397302719213417,-0.4463903138652678,0.219360188600458,-1.2732094862823788,-11.064155754919572,-0.0245437973259253,0.397302719213417,-0.4847399971870262,0.214758226601847,-1.2826642983851642,-11.081499542760595,16.14,-172.16,-293.21,-16.14,-126.43,0.023980823922402,0.287769887068825,-0.3117507109912271,0.0,0.0,27,31,30,30,31,18,-25,-170,-19,-37,12.8,12.8,12.7,12.7,12.6,-999,-999,-999,0.0,0.0,0.0
10.067836284637451,-0.027611771991666,0.401904681212028,-0.4509922758638788,0.219360188600458,-1.2732094862823788,-11.064155754919572,-0.0245437973259253,0.397302719213417,-0.4847399971870262,0.214758226601847,-1.2826642983851642,-11.081499542760595,13.45,-150.64,-287.83,-56.49,-126.43,0.023980823922402,0.263789063146423,-0.287769887068825,0.0,0.0,27,31,30,30,31,12,-19,-138,-19,-37,12.8,12.8,12.7,12.7,12.6,-999,-999,-999,0.0,0.0,0.0
10.08492660522461,-0.0260777846587957,0.4049726558777687,-0.4555942378624898,0.219360188600458,-1.2732094862823788,-11.064155754919572,-0.0199418353273143,0.4049726558777687,-0.4939439211842482,0.214758226601847,-1.2826642983851642,-11.081499542760595,21.52,-137.19,-312.04,5.38,-123.74,0.023980823922402,0.263789063146423,-0.263789063146423,0.0,0.0,27,31,31,30,31,12,-19,-144,-13,-37,12.8,12.7,12.6,12.6,12.6,-999,-999,-999,0.0,0.0,0.0
10.10188603401184,-0.0260777846587957,0.4095746178763797,-0.4601961998611008,0.219360188600458,-1.2747434736152492,-11.067010339736138,-0.0199418353273143,0.4049726558777687,-0.4939439211842482,0.214758226601847,-1.2826642983851642,-11.081499542760595,0.0,-188.3,-303.97,-107.6,-123.74,0.0479616478448041,0.263789063146423,-0.263789063146423,0.0,0.0,27,31,31,30,31,18,-25,-176,-19,-37,12.8,12.7,12.7,12.5,12.6,-999,-999,-999,0.0,0.0,0.0
10.118867635726929,-0.023009809993055,0.4141765798749907,-0.4647981618597118,0.219360188600458,-1.2747434736152492,-11.067010339736138,-0.0168738606615736,0.4126425925421204,-0.5016138578485999,0.214758226601847,-1.2826642983851642,-11.081499542760595,0.0,-185.61,-269.0,-48.42,-121.05,0.0479616478448041,0.2398082392240208,-0.2398082392240208,0.0,0.0,27,31,31,30,31,18,-25,-138,-19,-37,12.8,12.7,12.7,12.6,12.6,-999,-999,-999,0.0,0.0,0.0
10.135924100875854,-0.0214758226601847,0.4187785418736017,-0.4678661365254525,0.219360188600458,-1.2732094862823788,-11.064155754919572,-0.0153398733287033,0.415710567207861,-0.5062158198472109,0.214758226601847,-1.2826642983851642,-11.081499542760595,0.0,-201.75,-242.1,-83.39,-123.74,0.0719424717672062,0.2398082392240208,-0.2398082392240208,0.0,0.0,27,31,31,30,31,18,-25,-132,-19,-37,12.8,12.8,12.7,12.7,12.6,-999,-999,-999,0.0,0.0,0.0
10.152829885482788,-0.0199418353273143,0.4233805038722127,-0.4740020858569338,0.219360188600458,-1.2732094862823788,-11.064155754919572,-0.0153398733287033,0.415710567207861,-0.5062158198472109,0.214758226601847,-1.2826642983851642,-11.081499542760595,0.0,-199.06,-244.79,-115.67,-126.43,0.0719424717672062,0.2398082392240208,-0.263789063146423,0.0,0.0,28,31,31,31,31,18,-32,-132,-19,-37,12.8,12.6,12.7,12.7,12.6,-999,-999,-999,0.0,0.0,0.0
10.169906854629517,-0.018407847994444,0.4264484785379534,-0.4786040478555448,0.219360188600458,-1.2732094862823788,-11.064155754919572,-0.0122718986629626,0.4233805038722127,-0.5138857565115625,0.214758226601847,-1.2826642983851642,-11.081499542760595,0.0,-212.51,-244.79,-121.05,-123.74,0.0719424717672062,0.2398082392240208,-0.263789063146423,0.0,0.0,28,31,31,31,32,18,-38,-125,-19,-37,12.7,12.8,12.5,12.6,12.6,-999,-999,-999,0.0,0.0,0.0
10.186933755874634,-0.0168738606615736,0.4295164532036941,-0.4832060098541558,0.219360188600458,-1.2732094862823788,-11.064155754919572,-0.0122718986629626,0.424914491205083,-0.5184877185101736,0.214758226601847,-1.2826642983851642,-11.081499542760595,0.0,-164.09,-277.07,-61.87,-123.74,0.0719424717672062,0.2398082392240208,-0.263789063146423,0.0,0.0,28,31,31,31,31,18,-32,-164,-19,-37,12.8,12.8,12.7,12.7,12.6,-999,-999,-999,0.0,0.0,0.0
10.203959226608276,-0.0153398733287033,0.4341184152023051,-0.4862739845198965,0.219360188600458,-1.2747434736152492,-11.067010339736138,-0.0122718986629626,0.4295164532036941,-0.5215556931759142,0.214758226601847,-1.2826642983851642,-11.081499542760595,0.0,-217.89,-279.76,-59.18,-121.05,0.0719424717672062,0.2158274153016187,-0.263789063146423,0.0,0.0,28,31,31,30,31,12,-38,-164,-19,-37,12.8,12.8,12.7,12.7,12.6,-999,-999,-999,0.0,0.0,0.0
10.220949172973633,-0.013805885995833,0.4356524025351754,-0.4908759465185075,0.219360188600458,-1.2732094862823788,-11.064155754919572,-0.0122718986629626,0.4325844278694347,-0.5261576551745253,0.214758226601847,-1.2826642983851642,-11.081499542760595,-5.38,-166.78,-277.07,-53.8,-112.98,0.0719424717672062,0.2158274153016187,-0.2398082392240208,0.0,0.0,27,31,31,30,31,6,-38,-125,-19,-37,12.8,12.8,12.7,12.7,12.6,-999,-999,-999,0.0,0.0,0.0
10.237893104553224,-0.0122718986629626,0.4387203772009161,-0.4954779085171185,0.219360188600458,-1.2747434736152492,-11.067010339736138,-0.0122718986629626,0.4325844278694347,-0.5261576551745253,0.214758226601847,-1.2826642983851642,-11.081499542760595,0.0,-158.71,-279.76,-75.32,-126.43,0.0719424717672062,0.1918465913792167,-0.2398082392240208,0.0,0.0,27,31,31,31,31,0,-32,-164,-19,-37,12.8,12.9,12.7,12.7,12.6,-999,-999,-999,0.0,0.0,0.0
10.254950046539308,-0.0107379113300923,0.4417883518666567,-0.4985458831828592,0.219360188600458,-1.2732094862823788,-11.064155754919572,-0.0107379113300923,0.4387203772009161,-0.533827591838877,0.214758226601847,-1.2826642983851642,-11.081499542760595,-2.69,-196.37,-274.38,-53.8,-126.43,0.0719424717672062,0.1678657674568146,-0.2158274153016187,0.0,0.0,27,30,31,31,31,0,-38,-125,-19,-37,12.8,12.8,12.8,12.7,12.6,-999,-999,-999,0.0,0.0,0.0
10.27194356918335,-0.0107379113300923,0.4448563265323974,-0.5016138578485999,0.219360188600458,-1.2732094862823788,-11.064155754919572,-0.0107379113300923,0.4417883518666567,-0.5353615791717473,0.214758226601847,-1.2826642983851642,-11.081499542760595,0.0,-185.61,-271.69,-126.43,-126.43,0.0719424717672062,0.1678657674568146,-0.2158274153016187,0.0,0.0,27,30,31,31,31,0,-38,-164,-19,-37,12.8,12.8,12.8,12.7,12.6,-999,-999,-999,0.0,0.0,0.0
10.289764165878296,-0.0107379113300923,0.4479243011981381,-0.5062158198472109,0.219360188600458,-1.2732094862823788,-11.064155754919572,-0.0122718986629626,0.4448563265323974,-0.5399635411703583,0.214758226601847,-1.2826642983851642,-11.081499542760595,-2.69,-188.3,-234.03,-102.22,-126.43,0.0479616478448041,0.1678657674568146,-0.2158274153016187,0.0,0.0,27,30,31,31,31,0,-32,-119,-19,-37,12.8,12.8,12.7,12.7,12.6,-999,-999,-999,0.0,0.0,0.0
10.306797742843628,-0.0107379113300923,0.4509922758638788,-0.5108177818458219,0.219360188600458,-1.2732094862823788,-11.064155754919572,-0.0122718986629626,0.4448563265323974,-0.5399635411703583,0.214758226601847,-1.2826642983851642,-11.081499542760595,0.0,-185.61,-255.55,-110.29,-126.43,0.023980823922402,0.1678657674568146,-0.2158274153016187,0.0,0.0,27,30,31,31,31,-7,-25,-125,-19,-37,12.8,12.8,12.7,12.7,12.6,-999,-999,-999,0.0,0.0,0.0
10.32380437850952,-0.0107379113300923,0.4540602505296194,-0.5138857565115625,0.219360188600458,-1.2732094862823788,-11.064155754919572,-0.0107379113300923,0.4479243011981381,-0.543031515836099,0.214758226601847,-1.2826642983851642,-11.081499542760595,0.0,-180.23,-244.79,-112.98,-121.05,0.023980823922402,0.1918465913792167,-0.2158274153016187,0.0,0.0,27,30,31,31,31,0,-32,-119,-19,-31,12.8,12.8,12.7,12.7,12.6,-999,-999,-999,0.0,0.0,0.0
10.340902328491213,-0.0107379113300923,0.4586622125282305,-0.5169537311773033,0.219360188600458,-1.2732094862823788,-11.064155754919572,-0.0122718986629626,0.4509922758638788,-0.5460994905018396,0.214758226601847,-1.2826642983851642,-11.081499542760595,0.0,-207.13,-260.93,-64.56,-126.43,0.0,0.1918465913792167,-0.2158274153016187,0.0,0.0,27,30,31,31,32,-7,-38,-119,-19,-37,12.8,12.8,12.7,12.7,12.6,-999,-999,-999,0.0,0.0,0.0
10.357980489730837,-0.0107379113300923,0.4617301871939711,-0.5215556931759142,0.219360188600458,-1.2732094862823788,-11.064155754919572,-0.0122718986629626,0.4571282251953601,-0.5522354398333209,0.214758226601847,-1.2826642983851642,-11.081499542760595,0.0,-185.61,-252.86,-5.38,-115.67,0.0,0.1918465913792167,-0.2158274153016187,0.0,0.0,28,29,31,30,32,0,-32,-113,-13,-37,12.8,12.8,12.6,12.7,12.6,-999,-999,-999,0.0,0.0,0.0
10.3748676776886,-0.0107379113300923,0.4663321491925821,-0.5246236678416549,0.219360188600458,-1.2732094862823788,-11.064155754919572,-0.0122718986629626,0.4571282251953601,-0.5522354398333209,0.214758226601847,-1.2826642983851642,-11.081499542760595,0.0,-220.58,-247.48,-91.46,-123.74,0.0,0.1918465913792167,-0.2158274153016187,0.0,0.0,28,31,31,30,32,-7,-38,-107,-19,-37,12.8,12.8,12.7,12.7,12.6,-999,-999,-999,0.0,0.0,0.0
10.39185905456543,-0.0107379113300923,0.4694001238583228,-0.5261576551745253,0.219360188600458,-1.2732094862823788,-11.064155754919572,-0.0107379113300923,0.4617301871939711,-0.556837401831932,0.214758226601847,-1.2826642983851642,-11.081499542760595,0.0,-172.16,-293.21,-59.18,-121.05,0.0,0.1918465913792167,-0.1918465913792167,0.0,0.0,28,31,31,30,32,6,18,-113,-19,-37,12.8,12.7,12.8,12.7,12.6,-999,-999,-999,0.0,0.0,0.0
10.40886902809143,-0.0107379113300923,0.4724680985240634,-0.5292256298402659,0.219360188600458,-1.2747434736152492,-11.067010339736138,-0.0122718986629626,0.4663321491925821,-0.5599053764976727,0.214758226601847,-1.2826642983851642,-11.081499542760595,-2.69,-201.75,-274.38,-24.21,-126.43,0.0,0.1918465913792167,-0.1678657674568146,0.0,0.0,28,31,30,30,31,-7,-32,-125,-19,-37,12.8,12.8,12.8,12.7,12.6,-999,-999,-999,0.0,0.0,0.0
10.425808668136597,-0.0122718986629626,0.4770700605226745,-0.5322936045060066,0.219360188600458,-1.2732094862823788,-11.064155754919572,-0.0122718986629626,0.4678661365254525,-0.5629733511634133,0.214758226601847,-1.2826642983851642,-11.081499542760595,0.0,-212.51,-282.45,-61.87,-123.74,0.0,0.1918465913792167,-0.1678657674568146,0.0,0.0,28,31,30,30,31,-7,-38,-125,-19,-37,12.8,12.8,12.5,12.7,12.6,-999,-999,-999,0.0,0.0,0.0
10.44290542602539,-0.0107379113300923,0.4786040478555448,-0.5368955665046176,0.219360188600458,-1.2732094862823788,-11.064155754919572,-0.0122718986629626,0.4755360731898042,-0.570643287827765,0.214758226601847,-1.2826642983851642,-11.081499542760595,-2.69,-180.23,-277.07,-59.18,-123.74,0.0,0.1918465913792167,-0.1678657674568146,0.0,0.0,28,31,30,30,31,0,-38,-125,-19,-37,12.8,12.8,12.7,12.7,12.6,-999,-999,-999,0.0,0.0,0.0
10.45982551574707,-0.0122718986629626,0.4816720225212855,-0.5384295538374879,0.219360188600458,-1.2747434736152492,-11.067010339736138,-0.0122718986629626,0.4801380351884152,-0.5737112624935057,0.214758226601847,-1.2826642983851642,-11.081499542760595,-5.38,-188.3,-309.35,-40.35,-107.6,0.0,0.1918465913792167,-0.1678657674568146,0.0,0.0,28,31,30,30,30,0,-32,-132,-19,-37,12.8,12.8,12.7,12.7,12.6,-999,-999,-999,0.0,0.0,0.0
10.476936101913452,-0.0122718986629626,0.4862739845198965,-0.543031515836099,0.219360188600458,-1.2732094862823788,-11.064155754919572,-0.013805885995833,0.4847399971870262,-0.579847211824987,0.214758226601847,-1.2826642983851642,-11.081499542760595,-5.38,-190.99,-279.76,-86.08,-121.05,0.0,0.1918465913792167,-0.1678657674568146,0.0,0.0,28,31,31,31,31,-7,-32,-132,-19,-31,12.8,12.7,12.7,12.7,12.6,-999,-999,-999,0.0,0.0,0.0
10.494791030883787,-0.0122718986629626,0.4908759465185075,-0.5460994905018396,0.219360188600458,-1.2732094862823788,-11.064155754919572,-0.013805885995833,0.4847399971870262,-0.579847211824987,0.214758226601847,-1.2826642983851642,-11.081499542760595,0.0,-161.4,-260.93,-56.49,-121.05,0.0,0.1918465913792167,-0.1678657674568146,0.0,0.0,28,31,30,31,31,-7,-32,-132,-19,-37,12.7,12.7,12.7,12.7,12.6,-999,-999,-999,0.0,0.0,0.0
10.511841535568236,-0.0122718986629626,0.4939439211842482,-0.5507014525004507,0.219360188600458,-1.2732094862823788,-11.064155754919572,-0.013805885995833,0.4924099338513779,-0.5859831611564683,0.214758226601847,-1.2826642983851642,-11.081499542760595,0.0,-201.75,-247.48,-56.49,-115.67,0.0,0.1918465913792167,-0.1918465913792167,0.0,0.0,28,31,30,31,31,-7,-25,-132,-19,-37,12.8,12.8,12.7,12.7,12.6,-999,-999,-999,0.0,0.0,0.0
10.528817892074583,-0.0122718986629626,0.4985458831828592,-0.5553034144990616,0.219360188600458,-1.2732094862823788,-11.064155754919572,-0.013805885995833,0.4924099338513779,-0.5859831611564683,0.214758226601847,-1.2826642983851642,-11.081499542760595,0.0,-207.13,-239.41,-56.49,-121.05,0.0,0.2158274153016187,-0.2158274153016187,0.0,0.0,28,31,31,31,31,-7,-32,-125,-19,-37,12.8,12.7,12.7,12.7,12.6,-999,-999,-999,0.0,0.0,0.0
10.545899152755736,-0.0122718986629626,0.5031478451814702,-0.5599053764976727,0.219360188600458,-1.2732094862823788,-11.064155754919572,-0.0153398733287033,0.5000798705157296,-0.5951870851536903,0.214758226601847,-1.2826642983851642,-11.081499542760595,0.0,-156.02,-244.79,-78.01,-126.43,0.0,0.2158274153016187,-0.2398082392240208,0.0,0.0,28,30,31,31,31,-7,-32,-125,-19,-37,12.8,12.7,12.7,12.7,12.6,-999,-999,-999,0.0,0.0,0.0
10.56288743019104,-0.013805885995833,0.5077498071800812,-0.5645073384962837,0.219360188600458,-1.2732094862823788,-11.064155754919572,-0.0153398733287033,0.5046818325143405,-0.6013230344851717,0.214758226601847,-1.2826642983851642,-11.081499542760595,18.83,-217.89,-244.79,-61.87,-118.36,0.0,0.2158274153016187,-0.2398082392240208,0.0,0.0,28,30,31,31,31,-7,-32,-125,-19,-37,12.8,12.8,12.7,12.7,12.6,-999,-999,-999,0.0,0.0,0.0
10.579905271530151,-0.013805885995833,0.5123517691786922,-0.5675753131620244,0.219360188600458,-1.2732094862823788,-11.064155754919572,-0.0168738606615736,0.5092837945129516,-0.6059249964837827,0.214758226601847,-1.2826642983851642,-11.081499542760595,0.0,-188.3,-271.69,-78.01,-126.43,0.0,0.2398082392240208,-0.2398082392240208,0.0,0.0,28,30,31,31,31,-7,-38,-125,-19,-37,12.7,12.8,12.7,12.6,12.6,-999,-999,-999,0.0,0.0,0.0
10.59684419631958,-0.013805885995833,0.5154197438444329,-0.5721772751606353,0.219360188600458,-1.2732094862823788,-11.064155754919572,-0.0168738606615736,0.5092837945129516,-0.6059249964837827,0.214758226601847,-1.2826642983851642,-11.081499542760595,21.52,-220.58,-274.38,-51.11,-126.43,0.0,0.2398082392240208,-0.2398082392240208,0.0,0.0,28,30,30,31,31,-7,-32,-132,-19,-37,12.8,12.8,12.7,12.7,12.6,-999,-999,-999,0.0,0.0,0.0
10.613921880722046,-0.0153398733287033,0.5200217058430439,-0.5767792371592464,0.219360188600458,-1.2732094862823788,-11.064155754919572,-0.0199418353273143,0.5169537311773033,-0.6166629078138751,0.214758226601847,-1.2826642983851642,-11.081499542760595,34.97,-228.65,-277.07,-64.56,-126.43,-0.023980823922402,0.2398082392240208,-0.2398082392240208,0.0,0.0,28,30,30,31,31,-13,-32,-138,-19,-37,12.8,12.8,12.7,12.7,12.6,-999,-999,-999,0.0,0.0,0.0
10.630879878997805,-0.0168738606615736,0.5246236678416549,-0.5813811991578574,0.219360188600458,-1.2732094862823788,-11.064155754919572,-0.0214758226601847,0.5200217058430439,-0.6212648698124861,0.214758226601847,-1.2826642983851642,-11.081499542760595,32.28,-215.2,-269.0,-112.98,-123.74,-0.023980823922402,0.2398082392240208,-0.2398082392240208,0.0,0.0,28,30,31,31,31,-13,-38,-138,-19,-37,12.8,12.8,12.7,12.7,12.6,-999,-999,-999,0.0,0.0,0.0
10.647785186767578,-0.018407847994444,0.5276916425073956,-0.5844491738235981,0.219360188600458,-1.2732094862823788,-11.064155754919572,-0.0214758226601847,0.5200217058430439,-0.6212648698124861,0.214758226601847,-1.2826642983851642,-11.081499542760595,37.66,-242.1,-287.83,-104.91,-123.74,-0.0479616478448041,0.2398082392240208,-0.2398082392240208,0.0,0.0,28,31,31,31,31,-13,-38,-144,-19,-37,12.8,12.8,12.7,12.6,12.6,-999,-999,-999,0.0,0.0,0.0
10.66583013534546,-0.0199418353273143,0.5322936045060066,-0.5905851231550794,0.219360188600458,-1.2732094862823788,-11.064155754919572,-0.023009809993055,0.5292256298402659,-0.6320027811425785,0.214758226601847,-1.2826642983851642,-11.081499542760595,32.28,-242.1,-279.76,-137.19,-115.67,-0.0479616478448041,0.2398082392240208,-0.2398082392240208,0.0,0.0,28,31,31,31,31,-13,-44,-144,-19,-37,12.7,12.8,12.7,12.6,12.6,-999,-999,-999,0.0,0.0,0.0
10.682792901992798,-0.0214758226601847,0.5368955665046176,-0.5967210724865607,0.219360188600458,-1.2732094862823788,-11.064155754919572,-0.023009809993055,0.5292256298402659,-0.6320027811425785,0.214758226601847,-1.2826642983851642,-11.081499542760595,0.0,-215.2,-298.59,-67.25,-121.05,-0.0719424717672062,0.2158274153016187,-0.263789063146423,0.0,0.0,28,31,31,31,31,-7,-38,-144,-19,-37,12.7,12.8,12.7,12.6,12.6,-999,-999,-999,0.0,0.0,0.0
10.699817180633543,-0.0214758226601847,0.5399635411703583,-0.6013230344851717,0.219360188600458,-1.2732094862823788,-11.064155754919572,-0.0245437973259253,0.5414975285032286,-0.6412067051398005,0.214758226601847,-1.2826642983851642,-11.081499542760595,37.66,-239.41,-263.62,-64.56,-126.43,-0.0719424717672062,0.2398082392240208,-0.263789063146423,0.0,0.0,28,31,31,31,31,-7,-38,-144,-19,-37,12.7,12.8,12.7,12.5,12.6,-999,-999,-999,0.0,0.0,0.0
10.71689510345459,-0.023009809993055,0.543031515836099,-0.6059249964837827,0.219360188600458,-1.2732094862823788,-11.064155754919572,-0.0260777846587957,0.5445655031689692,-0.6458086671384115,0.214758226601847,-1.2826642983851642,-11.081499542760595,51.11,-177.54,-266.31,-104.91,-126.43,-0.0719424717672062,0.2398082392240208,-0.287769887068825,0.0,0.0,28,31,31,31,31,62,18,-144,-19,-37,12.8,12.7,12.7,12.6,12.6,-999,-999,-999,0.0,0.0,0.0
10.735788106918337,-0.0245437973259253,0.54763347783471,-0.612060945815264,0.219360188600458,-1.2732094862823788,-11.064155754919572,-0.0260777846587957,0.5507014525004507,-0.6534786038027631,0.214758226601847,-1.2826642983851642,-11.081499542760595,0.0,-207.13,-250.17,-80.7,-123.74,-0.0719424717672062,0.2398082392240208,-0.287769887068825,0.0,0.0,28,31,31,32,31,-7,-19,-144,-19,-37,12.8,12.7,12.8,12.7,12.6,-999,-999,-999,0.0,0.0,0.0
10.752874851226808,-0.0260777846587957,0.5537694271661913,-0.6181968951467454,0.219360188600458,-1.2732094862823788,-11.064155754919572,-0.0260777846587957,0.5553034144990616,-0.6580805658013742,0.214758226601847,-1.2826642983851642,-11.081499542760595,0.0,-156.02,-234.03,-29.59,-126.43,-0.0719424717672062,0.2398082392240208,-0.3117507109912271,0.0,0.0,28,31,31,30,31,0,-25,-138,-19,-37,12.7,12.7,12.7,12.7,12.6,-999,-999,-999,0.0,0.0,0.0
10.769786834716797,-0.027611771991666,0.556837401831932,-0.6243328444782268,0.219360188600458,-1.2732094862823788,-11.064155754919572,-0.0260777846587957,0.5553034144990616,-0.6580805658013742,0.214758226601847,-1.2826642983851642,-11.081499542760595,-2.69,-190.99,-255.55,-43.04,-126.43,-0.0719424717672062,0.2398082392240208,-0.3117507109912271,0.0,0.0,28,31,31,30,31,6,-19,-138,-19,-37,12.7,12.8,12.8,12.3,12.6,-999,-999,-999,0.0,0.0,0.0
10.786812782287598,-0.0291457593245363,0.5629733511634133,-0.6304687938097081,0.219360188600458,-1.2732094862823788,-11.064155754919572,-0.0260777846587957,0.5599053764976727,-0.6642165151328555,0.214758226601847,-1.2826642983851642,-11.081499542760595,0.0,-188.3,-231.34,-51.11,-121.05,-0.0719424717672062,0.263789063146423,-0.3117507109912271,0.0,0.0,28,31,31,30,31,6,-19,-138,-19,-37,12.8,12.9,12.8,12.7,12.7,-999,-999,-999,0.0,0.0,0.0
10.803796291351318,-0.0291457593245363,0.5675753131620244,-0.6366047431411894,0.219360188600458,-1.2732094862823788,-11.064155754919572,-0.0260777846587957,0.566041325829154,-0.6703524644643368,0.214758226601847,-1.2826642983851642,-11.081499542760595,-10.76,-161.4,-223.27,-123.74,-123.74,-0.0479616478448041,0.263789063146423,-0.3357315349136292,0.0,0.0,28,31,31,30,31,12,-19,-138,-19,-37,12.8,12.8,12.7,12.7,12.6,-999,-999,-999,0.0,0.0,0.0
10.820903778076172,-0.0291457593245363,0.5737112624935057,-0.6412067051398005,0.219360188600458,-1.2732094862823788,-11.064155754919572,-0.0260777846587957,0.5767792371592464,-0.6841583504601698,0.214758226601847,-1.2826642983851642,-11.081499542760595,0.0,-201.75,-269.0,-107.6,-126.43,-0.0479616478448041,0.263789063146423,-0.3357315349136292,0.0,0.0,30,31,31,29,31,12,-19,-144,-19,-37,12.8,12.8,12.7,12.7,12.6,-999,-999,-999,0.0,0.0,0.0
10.837785959243774,-0.0291457593245363,0.5783132244921166,-0.6473426544712818,0.219360188600458,-1.2747434736152492,-11.067010339736138,-0.0260777846587957,0.5767792371592464,-0.6841583504601698,0.214758226601847,-1.2826642983851642,-11.081499542760595,0.0,-174.85,-250.17,-104.91,-126.43,-0.023980823922402,0.287769887068825,-0.3357315349136292,0.0,0.0,28,31,31,30,31,6,-19,-144,-19,-37,12.8,12.8,12.7,12.7,12.6,-999,-999,-999,0.0,0.0,0.0
10.854813575744627,-0.027611771991666,0.5844491738235981,-0.6519446164698928,0.219360188600458,-1.2732094862823788,-11.064155754919572,-0.027611771991666,0.5875171484893387,-0.6948962617902622,0.214758226601847,-1.2826642983851642,-11.081499542760595,0.0,-215.2,-258.24,-86.08,-126.43,0.0,0.287769887068825,-0.3357315349136292,0.0,0.0,28,31,31,30,31,6,-19,-150,-19,-37,12.7,12.7,12.7,12.7,12.6,-999,-999,-999,0.0,0.0,0.0
10.871788263320925,-0.0291457593245363,0.5905851231550794,-0.6580805658013742,0.219360188600458,-1.2732094862823788,-11.064155754919572,-0.027611771991666,0.5875171484893387,-0.6948962617902622,0.214758226601847,-1.2826642983851642,-11.081499542760595,0.0,-204.44,-271.69,-112.98,-126.43,0.0,0.3117507109912271,-0.3357315349136292,0.0,0.0,28,31,31,30,31,6,-25,-150,-19,-37,12.8,12.7,12.7,12.7,12.6,-999,-999,-999,0.0,0.0,0.0
10.888792753219604,-0.027611771991666,0.5967210724865607,-0.6642165151328555,0.219360188600458,-1.2732094862823788,-11.064155754919572,-0.027611771991666,0.5905851231550794,-0.7010322111217435,0.214758226601847,-1.2826642983851642,-11.081499542760595,0.0,-231.34,-266.31,-59.18,-126.43,0.0,0.3117507109912271,-0.3357315349136292,0.0,0.0,28,31,31,30,31,0,-32,-144,-19,-37,12.8,12.7,12.7,12.7,12.6,-999,-999,-999,0.0,0.0,0.0
10.90576457977295,-0.027611771991666,0.6013230344851717,-0.6703524644643368,0.219360188600458,-1.2732094862823788,-11.064155754919572,-0.0291457593245363,0.5967210724865607,-0.707168160453225,0.214758226601847,-1.2826642983851642,-11.081499542760595,0.0,-193.68,-252.86,-129.12,-121.05,0.0,0.3117507109912271,-0.3357315349136292,0.0,0.0,28,31,31,30,31,-7,25,-144,-19,-37,12.7,12.6,12.8,12.7,12.6,-999,-999,-999,0.0,0.0,0.0
10.922909021377563,-0.027611771991666,0.6074589838166531,-0.6764884137958181,0.219360188600458,-1.2732094862823788,-11.064155754919572,-0.0306797466574067,0.6059249964837827,-0.7194400591161876,0.214758226601847,-1.2826642983851642,-11.081499542760595,2.69,-228.65,-244.79,-53.8,-118.36,0.0,0.3117507109912271,-0.3357315349136292,0.0,0.0,28,31,31,31,31,-7,-32,-144,-19,-31,12.8,12.7,12.7,12.7,12.6,-999,-999,-999,0.0,0.0,0.0
10.940767288208008,-0.027611771991666,0.6105269584823937,-0.6810903757944292,0.219360188600458,-1.2747434736152492,-11.067010339736138,-0.032213733990277,0.6105269584823937,-0.7240420211147987,0.214758226601847,-1.2826642983851642,-11.081499542760595,43.04,-215.2,-274.38,-112.98,-126.43,0.0,0.3117507109912271,-0.3357315349136292,0.0,0.0,28,31,31,31,31,-13,-32,-144,-19,-37,12.9,12.8,12.7,12.7,12.6,-999,-999,-999,0.0,0.0,0.0
10.9578537940979,-0.027611771991666,0.6151289204810048,-0.6872263251259105,0.219360188600458,-1.2732094862823788,-11.064155754919572,-0.032213733990277,0.6105269584823937,-0.7240420211147987,0.214758226601847,-1.2826642983851642,-11.081499542760595,8.07,-217.89,-263.62,-88.77,-126.43,0.0,0.287769887068825,-0.3357315349136292,0.0,0.0,27,31,31,31,31,-19,-25,-144,-19,-37,12.8,12.8,12.6,12.7,12.6,-999,-999,-999,0.0,0.0,0.0
10.97581911087036,-0.027611771991666,0.6212648698124861,-0.6933622744573918,0.219360188600458,-1.2732094862823788,-11.064155754919572,-0.032213733990277,0.6197308824796157,-0.7347799324448909,0.214758226601847,-1.2826642983851642,-11.081499542760595,10.76,-180.23,-258.24,-129.12,-123.74,0.0,0.263789063146423,-0.3357315349136292,0.0,0.0,27,31,31,31,31,-19,-25,-144,-19,-37,12.7,12.8,12.6,12.7,12.6,-999,-999,-999,0.0,0.0,0.0
10.992782354354858,-0.0291457593245363,0.6258668318110971,-0.6979642364560029,0.219360188600458,-1.2732094862823788,-11.064155754919572,-0.032213733990277,0.6197308824796157,-0.7347799324448909,0.214758226601847,-1.2826642983851642,-11.081499542760595,24.21,-223.27,-274.38,-59.18,-121.05,0.0,0.263789063146423,-0.3117507109912271,0.0,0.0,27,31,31,31,31,-13,-32,-144,-19,-37,12.7,12.8,12.7,12.6,12.6,-999,-999,-999,0.0,0.0,0.0
11.009787559509276,-0.0291457593245363,0.6304687938097081,-0.7041001857874842,0.219360188600458,-1.2732094862823788,-11.064155754919572,-0.032213733990277,0.6243328444782268,-0.7409158817763722,0.214758226601847,-1.2826642983851642,-11.081499542760595,26.9,-215.2,-287.83,-53.8,-121.05,0.0,0.263789063146423,-0.3117507109912271,0.0,0.0,27,31,30,31,32,-13,-32,-138,-19,-37,12.8,12.7,12.6,12.7,12.6,-999,-999,-999,0.0,0.0,0.0
11.026782274246216,-0.0306797466574067,0.6350707558083191,-0.7087021477860952,0.219360188600458,-1.2732094862823788,-11.064155754919572,-0.032213733990277,0.6289348064768377,-0.7455178437749833,0.214758226601847,-1.2826642983851642,-11.081499542760595,0.0,-172.16,-250.17,-72.63,-118.36,-0.023980823922402,0.263789063146423,-0.3117507109912271,0.0,0.0,27,31,30,31,32,-7,25,-138,-19,-31,12.7,12.7,12.7,12.6,12.6,-999,-999,-999,0.0,0.0,0.0
11.043784141540527,-0.0306797466574067,0.6381387304740598,-0.7148380971175766,0.219360188600458,-1.2747434736152492,-11.067010339736138,-0.032213733990277,0.6335367684754488,-0.7501198057735943,0.214758226601847,-1.2826642983851642,-11.081499542760595,0.0,-190.99,-252.86,-67.25,-121.05,-0.023980823922402,0.263789063146423,-0.3117507109912271,0.0,0.0,27,31,30,31,32,-7,25,-144,-19,-37,12.7,12.7,12.7,12.6,12.6,-999,-999,-999,0.0,0.0,0.0
11.062762260437012,-0.032213733990277,0.6427406924726707,-0.7225080337819283,0.219360188600458,-1.2732094862823788,-11.064155754919572,-0.032213733990277,0.6442746798055411,-0.7593237297708163,0.214758226601847,-1.2826642983851642,-11.081499542760595,-2.69,-223.27,-255.55,-121.05,-126.43,-0.023980823922402,0.263789063146423,-0.287769887068825,0.0,0.0,27,31,30,31,31,0,-32,-138,-19,-37,12.8,12.7,12.9,12.7,12.6,-999,-999,-999,0.0,0.0,0.0
11.079901456832886,-0.0337477213231473,0.6473426544712818,-0.7271099957805393,0.219360188600458,-1.2732094862823788,-11.064155754919572,-0.032213733990277,0.6488766418041522,-0.7654596791022976,0.214758226601847,-1.2826642983851642,-11.081499542760595,-2.69,-220.58,-244.79,-129.12,-126.43,-0.0479616478448041,0.263789063146423,-0.287769887068825,0.0,0.0,27,31,30,31,31,6,-25,-132,-19,-37,12.8,12.8,12.7,12.7,12.6,-999,-999,-999,0.0,0.0,0.0
11.096834897994995,-0.0337477213231473,0.6534786038027631,-0.7317119577791503,0.219360188600458,-1.2732094862823788,-11.064155754919572,-0.032213733990277,0.6488766418041522,-0.7654596791022976,0.214758226601847,-1.2826642983851642,-11.081499542760595,0.0,-217.89,-255.55,-75.32,-121.05,-0.0479616478448041,0.263789063146423,-0.287769887068825,0.0,0.0,27,31,30,31,31,6,-25,-125,-19,-37,12.8,12.8,12.7,12.7,12.6,-999,-999,-999,0.0,0.0,0.0
11.113791704177856,-0.0337477213231473,0.6580805658013742,-0.7347799324448909,0.219360188600458,-1.2747434736152492,-11.067010339736138,-0.032213733990277,0.6519446164698928,-0.7700616411009087,0.214758226601847,-1.2826642983851642,-11.081499542760595,0.0,-220.58,-282.45,-72.63,-126.43,-0.0479616478448041,0.263789063146423,-0.287769887068825,0.0,0.0,27,31,31,31,31,12,-32,-132,-19,-37,12.8,12.7,12.7,12.7,12.7,-999,-999,-999,0.0,0.0,0.0
11.130799293518066,-0.0352817086560177,0.6626825277999852,-0.739381894443502,0.219360188600458,-1.2732094862823788,-11.064155754919572,-0.032213733990277,0.6565465784685038,-0.7746636030995196,0.214758226601847,-1.2826642983851642,-11.081499542760595,0.0,-220.58,-285.14,-61.87,-126.43,-0.0479616478448041,0.287769887068825,-0.263789063146423,0.0,0.0,27,31,31,30,31,12,-32,-138,-19,-37,12.8,12.8,12.8,12.7,12.7,-999,-999,-999,0.0,0.0,0.0
11.147780418395996,-0.0352817086560177,0.6672844897985961,-0.743983856442113,0.219360188600458,-1.2732094862823788,-11.064155754919572,-0.032213733990277,0.6596145531342444,-0.7777315777652604,0.214758226601847,-1.2826642983851642,-11.081499542760595,0.0,-239.41,-260.93,-83.39,-121.05,-0.023980823922402,0.287769887068825,-0.2398082392240208,0.0,0.0,27,31,31,30,31,12,-38,-132,-19,-31,12.8,12.7,12.7,12.6,12.5,-999,-999,-999,0.0,0.0,0.0
11.164759159088137,-0.0352817086560177,0.6718864517972072,-0.7485858184407239,0.219360188600458,-1.2732094862823788,-11.064155754919572,-0.032213733990277,0.6642165151328555,-0.7807995524310011,0.214758226601847,-1.2826642983851642,-11.081499542760595,2.69,-255.55,-285.14,-67.25,-123.74,-0.023980823922402,0.263789063146423,-0.2398082392240208,0.0,0.0,27,31,31,30,31,12,-38,-132,-19,-37,12.8,12.7,12.7,12.7,12.6,-999,-999,-999,0.0,0.0,0.0
11.181763648986816,-0.0337477213231473,0.6764884137958181,-0.7516537931064646,0.219360188600458,-1.2732094862823788,-11.064155754919572,-0.032213733990277,0.6672844897985961,-0.785401514429612,0.214758226601847,-1.2826642983851642,-11.081499542760595,16.14,-269.0,-274.38,-40.35,-115.67,0.0,0.263789063146423,-0.2398082392240208,0.0,0.0,27,31,31,30,31,12,-44,-132,-19,-31,12.8,12.7,12.7,12.6,12.6,-999,-999,-999,0.0,0.0,0.0
11.198764085769652,-0.0337477213231473,0.6810903757944292,-0.7562557551050757,0.219360188600458,-1.2747434736152492,-11.067010339736138,-0.0337477213231473,0.6703524644643368,-0.7884694890953527,0.214758226601847,-1.2826642983851642,-11.081499542760595,0.0,-223.27,-277.07,-78.01,-118.36,0.0,0.263789063146423,-0.2398082392240208,0.0,0.0,27,31,30,30,31,6,-50,-125,-19,-37,12.8,12.7,12.7,12.6,12.6,-999,-999,-999,0.0,0.0,0.0
11.215803623199465,-0.0337477213231473,0.6841583504601698,-0.757789742437946,0.219360188600458,-1.2732094862823788,-11.064155754919572,-0.0337477213231473,0.6734204391300775,-0.7915374637610934,0.214758226601847,-1.2826642983851642,-11.081499542760595,0.0,-255.55,-247.48,-129.12,-126.43,0.0,0.2398082392240208,-0.2158274153016187,0.0,0.0,27,31,31,30,31,0,-50,-125,-19,-37,12.8,12.8,12.7,12.7,12.6,-999,-999,-999,0.0,0.0,0.0
11.232791900634766,-0.0337477213231473,0.6872263251259105,-0.7654596791022976,0.219360188600458,-1.2732094862823788,-11.064155754919572,-0.032213733990277,0.6764884137958181,-0.7961394257597044,0.214758226601847,-1.2826642983851642,-11.081499542760595,0.0,-255.55,-282.45,-56.49,-115.67,0.0,0.2398082392240208,-0.2158274153016187,0.0,0.0,27,30,31,30,31,6,-50,-125,-19,-37,12.8,12.7,12.7,12.7,12.6,-999,-999,-999,0.0,0.0,0.0
11.249796628952026,-0.0337477213231473,0.6902942997916512,-0.7685276537680383,0.219360188600458,-1.2747434736152492,-11.067010339736138,-0.032213733990277,0.6810903757944292,-0.799207400425445,0.214758226601847,-1.2826642983851642,-11.081499542760595,0.0,-190.99,-244.79,-53.8,-115.67,0.0,0.2158274153016187,-0.2158274153016187,0.0,0.0,27,30,31,30,31,6,6,-125,-19,-37,12.8,12.8,12.7,12.7,12.6,-999,-999,-999,0.0,0.0,0.0
11.266793966293337,-0.0337477213231473,0.6933622744573918,-0.7731296157666494,0.219360188600458,-1.2732094862823788,-11.064155754919572,-0.032213733990277,0.6841583504601698,-0.8022753750911857,0.214758226601847,-1.2826642983851642,-11.081499542760595,0.0,-231.34,-247.48,-107.6,-121.05,0.0,0.1918465913792167,-0.2158274153016187,0.0,0.0,27,31,31,30,31,6,-44,-119,-19,-37,12.8,12.8,12.7,12.7,12.6,-999,-999,-999,0.0,0.0,0.0
11.283756494522097,-0.0337477213231473,0.6964302491231326,-0.77619759043239,0.219360188600458,-1.2732094862823788,-11.064155754919572,-0.0337477213231473,0.6872263251259105,-0.8068773370897967,0.214758226601847,-1.2826642983851642,-11.081499542760595,-5.38,-231.34,-271.69,-112.98,-126.43,0.0,0.1918465913792167,-0.2158274153016187,0.0,0.0,27,31,31,30,31,0,-50,-125,-19,-37,12.8,12.8,12.7,12.7,12.6,-999,-999,-999,0.0,0.0,0.0
11.300816059112549,-0.0337477213231473,0.7010322111217435,-0.7807995524310011,0.219360188600458,-1.2747434736152492,-11.067010339736138,-0.0337477213231473,0.6902942997916512,-0.8099453117555374,0.214758226601847,-1.2826642983851642,-11.081499542760595,-5.38,-223.27,-252.86,-75.32,-126.43,0.0,0.1918465913792167,-0.2158274153016187,0.0,0.0,27,31,31,30,31,0,-50,-119,-19,-37,12.8,12.8,12.7,12.7,12.6,-999,-999,-999,0.0,0.0,0.0
11.318806648254396,-0.0337477213231473,0.7025661984546139,-0.7838675270967417,0.219360188600458,-1.2732094862823788,-11.064155754919572,-0.0337477213231473,0.6964302491231326,-0.8176152484198891,0.214758226601847,-1.2826642983851642,-11.081499542760595,-5.38,-231.34,-263.62,-13.45,-126.43,0.0,0.1918465913792167,-0.2158274153016187,0.0,0.0,27,31,31,30,31,0,-44,-125,-19,-37,12.8,12.7,12.7,12.7,12.6,-999,-999,-999,0.0,0.0,0.0
11.335891485214232,-0.0337477213231473,0.707168160453225,-0.7884694890953527,0.219360188600458,-1.2732094862823788,-11.064155754919572,-0.0337477213231473,0.7010322111217435,-0.8206832230856298,0.214758226601847,-1.2826642983851642,-11.081499542760595,-5.38,-217.89,-260.93,-121.05,-126.43,0.0,0.1678657674568146,-0.2158274153016187,0.0,0.0,27,31,31,31,31,0,-44,-125,-19,-37,12.8,12.7,12.7,12.7,12.6,-999,-999,-999,0.0,0.0,0.0
11.352876901626589,-0.0337477213231473,0.7102361351189656,-0.7915374637610934,0.219360188600458,-1.2732094862823788,-11.064155754919572,-0.0337477213231473,0.7041001857874842,-0.8252851850842408,0.214758226601847,-1.2826642983851642,-11.081499542760595,-5.38,-188.3,-269.0,-115.67,-123.74,0.0,0.1678657674568146,-0.2158274153016187,0.0,0.0,27,31,31,31,31,0,12,-125,-19,-37,12.8,12.8,12.7,12.6,12.6,-999,-999,-999,0.0,0.0,0.0
11.369841814041138,-0.0337477213231473,0.7133041097847063,-0.7946054384268341,0.219360188600458,-1.2732094862823788,-11.064155754919572,-0.0337477213231473,0.7041001857874842,-0.8252851850842408,0.214758226601847,-1.2826642983851642,-11.081499542760595,-2.69,-231.34,-282.45,-88.77,-121.05,0.0,0.1678657674568146,-0.2158274153016187,0.0,0.0,27,31,31,31,31,0,-38,-125,-19,-37,12.8,12.8,12.7,12.7,12.6,-999,-999,-999,0.0,0.0,0.0
11.386779308319092,-0.0337477213231473,0.7163720844504469,-0.8007413877583154,0.219360188600458,-1.2732094862823788,-11.064155754919572,-0.0337477213231473,0.707168160453225,-0.8298871470828518,0.214758226601847,-1.2826642983851642,-11.081499542760595,-2.69,-234.03,-287.83,-10.76,-118.36,0.0,0.1678657674568146,-0.2158274153016187,0.0,0.0,27,31,31,30,31,0,-44,-125,-19,-37,12.8,12.8,12.7,12.7,12.6,-999,-999,-999,0.0,0.0,0.0
11.403823375701904,-0.0337477213231473,0.7209740464490579,-0.8038093624240561,0.219360188600458,-1.2732094862823788,-11.064155754919572,-0.032213733990277,0.7148380971175766,-0.8360230964143331,0.214758226601847,-1.2826642983851642,-11.081499542760595,-2.69,-252.86,-242.1,-37.66,-115.67,0.0,0.1918465913792167,-0.2158274153016187,0.0,0.0,27,31,30,30,31,0,-50,-125,-19,-31,12.8,12.8,12.7,12.6,12.6,-999,-999,-999,0.0,0.0,0.0
11.420882940292358,-0.0337477213231473,0.7240420211147987,-0.808411324422667,0.219360188600458,-1.2732094862823788,-11.064155754919572,-0.032213733990277,0.7163720844504469,-0.8390910710800737,0.214758226601847,-1.2826642983851642,-11.081499542760595,-5.38,-209.82,-252.86,-34.97,-123.74,0.0,0.1918465913792167,-0.2158274153016187,0.0,0.0,27,31,30,30,31,6,6,-119,-19,-37,12.8,12.8,12.6,12.6,12.6,-999,-999,-999,0.0,0.0,0.0
11.437808752059937,-0.0337477213231473,0.7271099957805393,-0.8099453117555374,0.219360188600458,-1.2732094862823788,-11.064155754919572,-0.032213733990277,0.7163720844504469,-0.8390910710800737,0.214758226601847,-1.2826642983851642,-11.081499542760595,-5.38,-255.55,-239.41,-126.43,-126.43,0.0,0.1918465913792167,-0.2158274153016187,0.0,0.0,27,31,30,30,31,6,-50,-119,-19,-37,12.8,12.8,12.7,12.7,12.6,-999,-999,-999,0.0,0.0,0.0
11.454831838607788,-0.0337477213231473,0.73017797044628,-0.8130132864212781,0.219360188600458,-1.2732094862823788,-11.064155754919572,-0.032213733990277,0.7240420211147987,-0.8482949950772958,0.214758226601847,-1.2826642983851642,-11.081499542760595,-5.38,-212.51,-285.14,-16.14,-112.98,0.0,0.1918465913792167,-0.2158274153016187,0.0,0.0,27,31,30,30,31,6,0,-125,-19,-37,12.7,12.8,12.7,12.6,12.5,-999,-999,-999,0.0,0.0,0.0
11.471811056137083,-0.0337477213231473,0.7332459451120206,-0.8160812610870187,0.219360188600458,-1.2732094862823788,-11.064155754919572,-0.032213733990277,0.7240420211147987,-0.8482949950772958,0.214758226601847,-1.2826642983851642,-11.081499542760595,-5.38,-225.96,-290.52,-129.12,-126.43,0.0,0.1918465913792167,-0.2158274153016187,0.0,0.0,27,31,30,31,31,6,-44,-132,-19,-37,12.8,12.7,12.2,12.7,12.6,-999,-999,-999,0.0,0.0,0.0
11.488866567611694,-0.032213733990277,0.7363139197777613,-0.8206832230856298,0.219360188600458,-1.2732094862823788,-11.064155754919572,-0.032213733990277,0.7317119577791503,-0.8574989190745178,0.214758226601847,-1.2826642983851642,-11.081499542760595,-5.38,-242.1,-285.14,-37.66,-121.05,0.0,0.1918465913792167,-0.1918465913792167,0.0,0.0,27,31,30,31,31,6,-50,-125,-19,-37,12.8,12.8,12.8,12.7,12.6,-999,-999,-999,0.0,0.0,0.0
11.505792617797852,-0.0337477213231473,0.7378479071106316,-0.8237511977513704,0.219360188600458,-1.2732094862823788,-11.064155754919572,-0.032213733990277,0.7317119577791503,-0.8574989190745178,0.214758226601847,-1.2826642983851642,-11.081499542760595,-5.38,-234.03,-295.9,-72.63,-112.98,0.0,0.1918465913792167,-0.1918465913792167,0.0,0.0,27,31,30,31,31,6,-44,-138,-19,-31,12.8,12.8,12.7,12.7,12.6,-999,-999,-999,0.0,0.0,0.0
11.52273726463318,-0.0337477213231473,0.7424498691092426,-0.8283531597499815,0.219360188600458,-1.2732094862823788,-11.064155754919572,-0.032213733990277,0.7363139197777613,-0.8621008810731289,0.214758226601847,-1.2826642983851642,-11.081499542760595,-2.69,-228.65,-271.69,-64.56,-110.29,0.0,0.1918465913792167,-0.1918465913792167,0.0,0.0,27,31,30,30,31,6,-38,-138,-19,-31,12.8,12.8,12.7,12.7,12.4,-999,-999,-999,0.0,0.0,0.0
11.54092288017273,-0.0337477213231473,0.7470518311078537,-0.8344891090814628,0.219360188600458,-1.2732094862823788,-11.064155754919572,-0.032213733990277,0.7455178437749833,-0.8728387924032212,0.214758226601847,-1.2826642983851642,-11.081499542760595,-2.69,-231.34,-277.07,-21.52,-126.43,0.0,0.1918465913792167,-0.2158274153016187,0.0,0.0,27,31,30,30,31,6,-38,-138,-19,-37,12.7,12.8,12.7,12.7,12.6,-999,-999,-999,0.0,0.0,0.0
11.5577974319458,-0.0337477213231473,0.7501198057735943,-0.8390910710800737,0.219360188600458,-1.2732094862823788,-11.064155754919572,-0.032213733990277,0.7501198057735943,-0.8805087290675728,0.214758226601847,-1.2826642983851642,-11.081499542760595,-2.69,-169.47,-274.38,-29.59,-112.98,0.0,0.1918465913792167,-0.2398082392240208,0.0,0.0,27,31,30,30,31,6,18,-144,-19,-31,12.8,12.8,12.7,12.7,12.6,-999,-999,-999,0.0,0.0,0.0
11.574840307235718,-0.0337477213231473,0.7562557551050757,-0.8452270204115552,0.219360188600458,-1.2732094862823788,-11.064155754919572,-0.032213733990277,0.7547217677722053,-0.8866446783990543,0.214758226601847,-1.2826642983851642,-11.081499542760595,-2.69,-204.44,-250.17,-16.14,-118.36,0.0,0.2158274153016187,-0.263789063146423,0.0,0.0,27,31,30,30,31,6,-32,-138,-19,-37,12.8,12.8,12.7,12.7,12.6,-999,-999,-999,0.0,0.0,0.0
11.593726873397827,-0.0337477213231473,0.7608577171036867,-0.8513629697430365,0.219360188600458,-1.2732094862823788,-11.064155754919572,-0.032213733990277,0.7608577171036867,-0.8912466403976652,0.2162922139347173,-1.2826642983851642,-11.081499542760595,-2.69,-225.96,-236.72,-53.8,-123.74,0.0,0.2398082392240208,-0.287769887068825,0.0,0.0,27,31,30,30,31,6,-32,-144,-19,-37,12.8,12.8,12.8,12.7,12.6,-999,-999,-999,0.0,0.0,0.0
11.61072325706482,-0.0337477213231473,0.766993666435168,-0.8574989190745178,0.219360188600458,-1.2732094862823788,-11.064155754919572,-0.032213733990277,0.7608577171036867,-0.8912466403976652,0.2162922139347173,-1.2826642983851642,-11.081499542760595,-2.69,-250.17,-244.79,-16.14,-110.29,0.0,0.2398082392240208,-0.3117507109912271,0.0,0.0,27,31,30,31,31,6,-38,-144,-13,-31,12.8,12.6,12.7,12.7,12.6,-999,-999,-999,0.0,0.0,0.0
11.627742052078249,-0.0337477213231473,0.771595628433779,-0.8621008810731289,0.219360188600458,-1.2732094862823788,-11.064155754919572,-0.0306797466574067,0.7654596791022976,-0.8989165770620169,0.2162922139347173,-1.2826642983851642,-11.081499542760595,26.9,-247.48,-266.31,2.69,-118.36,0.0,0.263789063146423,-0.3117507109912271,0.0,0.0,27,31,30,31,31,12,-38,-138,-13,-37,12.8,12.8,12.7,12.7,12.6,-999,-999,-999,0.0,0.0,0.0
11.644747257232666,-0.0337477213231473,0.77619759043239,-0.8667028430717398,0.219360188600458,-1.2732094862823788,-11.064155754919572,-0.0306797466574067,0.7700616411009087,-0.9050525263934982,0.2162922139347173,-1.2826642983851642,-11.081499542760595,0.0,-190.99,-263.62,-8.07,-126.43,0.0,0.263789063146423,-0.3357315349136292,0.0,0.0,27,30,30,31,31,12,18,-144,-13,-37,12.8,12.8,12.7,12.7,12.6,-999,-999,-999,0.0,0.0,0.0
11.661788702011108,-0.0337477213231473,0.7807995524310011,-0.8728387924032212,0.219360188600458,-1.2732094862823788,-11.064155754919572,-0.0291457593245363,0.7807995524310011,-0.917324425056461,0.214758226601847,-1.2826642983851642,-11.081499542760595,5.38,-231.34,-295.9,-37.66,-126.43,0.0,0.263789063146423,-0.3117507109912271,0.0,0.0,27,31,30,31,31,6,-32,-150,-19,-37,12.7,12.8,12.7,12.7,12.6,-999,-999,-999,0.0,0.0,0.0
11.678751468658447,-0.032213733990277,0.785401514429612,-0.8789747417347026,0.219360188600458,-1.2732094862823788,-11.064155754919572,-0.0291457593245363,0.7807995524310011,-0.917324425056461,0.214758226601847,-1.2826642983851642,-11.081499542760595,37.66,-252.86,-277.07,-69.94,-118.36,0.0,0.263789063146423,-0.3117507109912271,0.0,0.0,27,30,30,30,31,12,-32,-157,-19,-37,12.8,12.8,12.7,12.5,12.6,-999,-999,-999,0.0,0.0,0.0
11.695747137069702,-0.032213733990277,0.7915374637610934,-0.8835767037333135,0.219360188600458,-1.2732094862823788,-11.064155754919572,-0.0291457593245363,0.785401514429612,-0.9234603743879424,0.214758226601847,-1.2826642983851642,-11.081499542760595,0.0,-252.86,-260.93,-61.87,-126.43,0.0,0.263789063146423,-0.3117507109912271,0.0,0.0,28,30,30,30,31,12,-32,-157,-19,-37,12.8,12.8,12.7,12.6,12.6,-999,-999,-999,0.0,0.0,0.0
11.712771892547607,-0.0306797466574067,0.7976734130925747,-0.8912466403976652,0.219360188600458,-1.2732094862823788,-11.064155754919572,-0.027611771991666,0.7961394257597044,-0.9372662603837753,0.214758226601847,-1.2826642983851642,-11.081499542760595,0.0,-266.31,-252.86,-61.87,-94.15,0.0,0.287769887068825,-0.3357315349136292,0.0,0.0,28,30,30,30,31,6,-32,-189,-19,-31,12.8,12.8,12.7,12.7,12.6,-999,-999,-999,0.0,0.0,0.0
11.729767084121704,-0.0306797466574067,0.8022753750911857,-0.8973825897291465,0.219360188600458,-1.2732094862823788,-11.064155754919572,-0.027611771991666,0.7961394257597044,-0.9372662603837753,0.214758226601847,-1.2826642983851642,-11.081499542760595,13.45,-263.62,-236.72,-29.59,-110.29,0.0,0.287769887068825,-0.3357315349136292,0.0,0.0,28,30,30,30,32,12,-32,-150,-19,-31,12.8,12.8,12.7,12.7,12.6,-999,-999,-999,0.0,0.0,0.0
11.74673843383789,-0.0306797466574067,0.808411324422667,-0.9050525263934982,0.219360188600458,-1.2732094862823788,-11.064155754919572,-0.0291457593245363,0.8022753750911857,-0.9449361970481268,0.214758226601847,-1.2826642983851642,-11.081499542760595,0.0,-263.62,-234.03,-37.66,-118.36,0.023980823922402,0.3117507109912271,-0.3597123588360313,0.0,0.0,28,31,30,31,32,6,-38,-144,-19,-37,12.7,12.8,12.7,12.7,12.6,-999,-999,-999,0.0,0.0,0.0
11.763799905776978,-0.0291457593245363,0.8130132864212781,-0.9111884757249796,0.219360188600458,-1.2732094862823788,-11.064155754919572,-0.027611771991666,0.8130132864212781,-0.9572080957110896,0.214758226601847,-1.2826642983851642,-11.081499542760595,2.69,-255.55,-258.24,-131.81,-121.05,0.023980823922402,0.3117507109912271,-0.3836931827584334,0.0,0.0,28,31,29,31,32,6,-32,-150,-19,-31,12.8,12.8,12.7,12.7,12.6,-999,-999,-999,0.0,0.0,0.0
11.78070831298828,-0.0291457593245363,0.8176152484198891,-0.917324425056461,0.219360188600458,-1.2747434736152492,-11.067010339736138,-0.027611771991666,0.8130132864212781,-0.9572080957110896,0.214758226601847,-1.2826642983851642,-11.081499542760595,0.0,-193.68,-255.55,-123.74,-126.43,0.023980823922402,0.3117507109912271,-0.3836931827584334,0.0,0.0,28,31,30,31,32,6,-32,-157,-19,-37,12.7,12.8,12.7,12.7,12.6,-999,-999,-999,0.0,0.0,0.0
11.797714710235596,-0.0291457593245363,0.8237511977513704,-0.9249943617208126,0.219360188600458,-1.2732094862823788,-11.064155754919572,-0.027611771991666,0.8160812610870187,-0.9618100577097006,0.214758226601847,-1.2826642983851642,-11.081499542760595,-2.69,-239.41,-277.07,-64.56,-126.43,0.023980823922402,0.287769887068825,-0.3836931827584334,0.0,0.0,28,31,30,31,32,6,-32,-150,-19,-37,12.8,12.8,12.7,12.7,12.6,-999,-999,-999,0.0,0.0,0.0
11.814709663391112,-0.0291457593245363,0.8268191724171111,-0.931130311052294,0.219360188600458,-1.2732094862823788,-11.064155754919572,-0.0260777846587957,0.8222172104185002,-0.967946007041182,0.214758226601847,-1.2826642983851642,-11.081499542760595,16.14,-242.1,-250.17,-107.6,-126.43,0.023980823922402,0.287769887068825,-0.3836931827584334,0.0,0.0,28,31,30,31,32,12,-32,-150,-19,-37,12.8,12.8,12.7,12.7,12.3,-999,-999,-999,0.0,0.0,0.0
11.831810474395752,-0.0291457593245363,0.8329551217485924,-0.9372662603837753,0.219360188600458,-1.2732094862823788,-11.064155754919572,-0.0245437973259253,0.8314211344157221,-0.977149931038404,0.214758226601847,-1.2826642983851642,-11.081499542760595,0.0,-242.1,-266.31,-134.5,-118.36,0.0,0.287769887068825,-0.3597123588360313,0.0,0.0,28,31,30,31,31,12,-32,-144,-19,-31,12.8,12.8,12.7,12.7,12.6,-999,-999,-999,0.0,0.0,0.0
11.848842859268188,-0.027611771991666,0.8375570837472035,-0.9434022097152568,0.219360188600458,-1.2732094862823788,-11.064155754919572,-0.0245437973259253,0.8375570837472035,-0.981751893037015,0.214758226601847,-1.2826642983851642,-11.081499542760595,37.66,-250.17,-242.1,-53.8,-121.05,0.0,0.287769887068825,-0.3597123588360313,0.0,0.0,27,31,30,30,31,18,-32,-138,-19,-37,12.8,12.7,12.7,12.6,12.6,-999,-999,-999,0.0,0.0,0.0
11.865814208984377,-0.027611771991666,0.8421590457458145,-0.9480041717138676,0.219360188600458,-1.2732094862823788,-11.064155754919572,-0.023009809993055,0.8421590457458145,-0.986353855035626,0.214758226601847,-1.2826642983851642,-11.081499542760595,18.83,-255.55,-244.79,-64.56,-115.67,0.0,0.287769887068825,-0.3597123588360313,0.0,0.0,27,31,30,30,31,12,-38,-138,-19,-31,12.7,12.8,12.7,12.7,12.6,-999,-999,-999,0.0,0.0,0.0
11.88272500038147,-0.027611771991666,0.8467610077444254,-0.9526061337124788,0.219360188600458,-1.2732094862823788,-11.064155754919572,-0.023009809993055,0.8421590457458145,-0.986353855035626,0.214758226601847,-1.2826642983851642,-11.081499542760595,18.83,-244.79,-250.17,-24.21,-126.43,0.0,0.287769887068825,-0.3357315349136292,0.0,0.0,27,31,30,30,31,18,-32,-138,-19,-37,12.8,12.8,12.7,12.7,12.6,-999,-999,-999,0.0,0.0,0.0
11.899717569351196,-0.0260777846587957,0.8528969570759068,-0.95874208304396,0.219360188600458,-1.2732094862823788,-11.064155754919572,-0.023009809993055,0.8452270204115552,-0.9894218297013668,0.214758226601847,-1.2826642983851642,-11.081499542760595,0.0,-258.24,-231.34,-56.49,-126.43,0.023980823922402,0.287769887068825,-0.3117507109912271,0.0,0.0,27,31,30,30,31,12,-38,-132,-19,-37,12.7,12.7,12.7,12.7,12.6,-999,-999,-999,0.0,0.0,0.0
11.91672706604004,-0.0245437973259253,0.8559649317416475,-0.963344045042571,0.219360188600458,-1.2732094862823788,-11.064155754919572,-0.0214758226601847,0.8482949950772958,-0.9924898043671074,0.214758226601847,-1.2826642983851642,-11.081499542760595,16.14,-223.27,-258.24,-61.87,-126.43,0.023980823922402,0.287769887068825,-0.287769887068825,0.0,0.0,28,31,30,30,31,12,-38,-119,-19,-37,12.8,12.8,12.7,12.7,12.6,-999,-999,-999,0.0,0.0,0.0
11.933701515197754,-0.023009809993055,0.8605668937402585,-0.9664120197083116,0.219360188600458,-1.2732094862823788,-11.064155754919572,-0.0214758226601847,0.8513629697430365,-0.995557779032848,0.214758226601847,-1.2826642983851642,-11.081499542760595,-5.38,-252.86,-247.48,-48.42,-126.43,0.0479616478448041,0.287769887068825,-0.263789063146423,0.0,0.0,28,31,31,28,32,6,-44,-119,-19,-37,12.8,12.7,12.7,12.7,12.6,-999,-999,-999,0.0,0.0,0.0
11.950766563415527,-0.023009809993055,0.8651688557388695,-0.9694799943740524,0.219360188600458,-1.2732094862823788,-11.064155754919572,-0.0214758226601847,0.8559649317416475,-1.000159741031459,0.214758226601847,-1.2826642983851642,-11.081499542760595,-5.38,-258.24,-263.62,-59.18,-115.67,0.0479616478448041,0.263789063146423,-0.263789063146423,0.0,0.0,28,31,31,30,31,6,-50,-113,-19,-31,12.8,12.8,12.7,12.5,12.6,-999,-999,-999,0.0,0.0,0.0
11.967782020568848,-0.0214758226601847,0.8682368304046102,-0.972547969039793,0.219360188600458,-1.2732094862823788,-11.064155754919572,-0.0214758226601847,0.8559649317416475,-1.000159741031459,0.214758226601847,-1.2826642983851642,-11.081499542760595,0.0,-266.31,-277.07,-75.32,-118.36,0.0479616478448041,0.2398082392240208,-0.2158274153016187,0.0,0.0,28,31,31,30,32,6,-50,-113,-19,-37,12.8,12.6,12.7,12.7,12.6,-999,-999,-999,0.0,0.0,0.0
11.984760761260986,-0.0214758226601847,0.8728387924032212,-0.9740819563726634,0.219360188600458,-1.2747434736152492,-11.067010339736138,-0.0199418353273143,0.8574989190745178,-1.000159741031459,0.2162922139347173,-1.2826642983851642,-11.081499542760595,0.0,-277.07,-255.55,0.0,-126.43,0.0479616478448041,0.2158274153016187,-0.1918465913792167,0.0,0.0,28,31,31,31,34,6,-63,-107,-13,-37,12.8,12.8,12.7,12.7,12.6,-999,-999,-999,0.0,0.0,0.0
12.001752138137816,-0.0214758226601847,0.8743727797360915,-0.9756159437055336,0.219360188600458,-1.2732094862823788,-11.064155754919572,-0.0214758226601847,0.8605668937402585,-1.000159741031459,0.219360188600458,-1.2826642983851642,-11.081499542760595,0.0,-260.93,-255.55,-18.83,-126.43,0.023980823922402,0.2158274153016187,-0.1438849435344125,0.0,0.0,28,31,31,31,32,0,-63,-100,-7,-37,12.8,12.8,12.7,12.7,12.6,-999,-999,-999,0.0,0.0,0.0
12.018684148788452,-0.0214758226601847,0.8774407544018322,-0.977149931038404,0.219360188600458,-1.2732094862823788,-11.064155754919572,-0.0214758226601847,0.8605668937402585,-1.000159741031459,0.219360188600458,-1.2826642983851642,-11.081499542760595,-2.69,-271.69,-285.14,-21.52,-126.43,0.023980823922402,0.1918465913792167,-0.1199041196120104,0.0,0.0,28,31,31,31,32,0,-69,-94,0,-37,12.8,12.8,12.7,12.7,12.7,-999,-999,-999,0.0,0.0,0.0
12.03575587272644,-0.0214758226601847,0.8789747417347026,-0.977149931038404,0.2208941759333283,-1.2732094862823788,-11.064155754919572,-0.0214758226601847,0.8605668937402585,-1.000159741031459,0.2208941759333283,-1.2826642983851642,-11.081499542760595,-2.69,-263.62,-279.76,-24.21,-126.43,0.0,0.1678657674568146,-0.0959232956896083,0.0,0.0,28,31,31,31,32,0,-75,-94,0,-37,12.8,12.8,12.7,12.7,12.7,-999,-999,-999,0.0,0.0,0.0
12.052720069885254,-0.0214758226601847,0.8789747417347026,-0.977149931038404,0.2208941759333283,-1.2732094862823788,-11.064155754919572,-0.0214758226601847,0.8605668937402585,-1.000159741031459,0.2208941759333283,-1.2826642983851642,-11.081499542760595,-2.69,-260.93,-282.45,-26.9,-126.43,0.0,0.1199041196120104,-0.0479616478448041,0.0,0.0,28,31,31,31,32,0,-75,-94,0,-37,12.8,12.8,12.8,12.7,12.7,-999,-999,-999,0.0,0.0,0.0
12.069744348526,-0.0214758226601847,0.8789747417347026,-0.977149931038404,0.2208941759333283,-1.2732094862823788,-11.064155754919572,-0.0214758226601847,0.8605668937402585,-1.000159741031459,0.2208941759333283,-1.2826642983851642,-11.081499542760595,-2.69,-242.1,-274.38,-34.97,-121.05,0.0,0.0719424717672062,-0.023980823922402,0.0,0.0,28,31,30,31,32,0,-75,-94,-7,-37,12.8,12.8,12.7,12.7,12.6,-999,-999,-999,0.0,0.0,0.0
12.086724758148192,-0.0214758226601847,0.8805087290675728,-0.977149931038404,0.2224281632661987,-1.2732094862823788,-11.064155754919572,-0.0214758226601847,0.8605668937402585,-1.000159741031459,0.2208941759333283,-1.2826642983851642,-11.081499542760595,-2.69,-234.03,-279.76,-13.45,-118.36,0.0,0.0479616478448041,0.0,0.023980823922402,0.0,28,31,30,31,31,0,-75,-94,0,-37,12.8,12.8,12.6,12.7,12.6,-999,-999,-999,0.0,0.0,0.0
12.103710651397703,-0.0214758226601847,0.8789747417347026,-0.977149931038404,0.2224281632661987,-1.2732094862823788,-11.064155754919572,-0.0214758226601847,0.8605668937402585,-1.000159741031459,0.2208941759333283,-1.2826642983851642,-11.081499542760595,-2.69,-236.72,-285.14,-24.21,-126.43,0.0,0.023980823922402,0.0,0.023980823922402,0.0,28,30,31,31,31,0,-82,-94,-7,-37,12.8,12.8,12.7,12.7,12.6,-999,-999,-999,0.0,0.0,0.0
12.120760202407835,-0.0214758226601847,0.8805087290675728,-0.977149931038404,0.2224281632661987,-1.2732094862823788,-11.064155754919572,-0.0199418353273143,0.8621008810731289,-1.000159741031459,0.2224281632661987,-1.2826642983851642,-11.081499542760595,-2.69,-215.2,-282.45,-5.38,-110.29,0.0,0.0,0.0,0.023980823922402,0.0,28,29,30,31,31,6,-69,-94,0,-31,12.8,12.8,12.7,12.7,12.6,-999,-999,-999,0.0,0.0,0.0
12.13778305053711,-0.0214758226601847,0.8805087290675728,-0.977149931038404,0.2224281632661987,-1.2732094862823788,-11.064155754919572,-0.0214758226601847,0.8636348684059991,-1.000159741031459,0.2224281632661987,-1.2826642983851642,-11.081499542760595,-2.69,-225.96,-279.76,0.0,-121.05,0.0,0.0,0.0,0.023980823922402,0.0,28,30,30,31,31,6,-75,-94,-7,-37,12.8,12.8,12.7,12.7,12.7,-999,-999,-999,0.0,0.0,0.0
12.15483832359314,-0.023009809993055,0.8805087290675728,-0.977149931038404,0.2224281632661987,-1.2732094862823788,-11.064155754919572,-0.0199418353273143,0.8651688557388695,-1.000159741031459,0.2208941759333283,-1.2826642983851642,-11.081499542760595,-5.38,-212.51,-277.07,-8.07,-123.74,0.0,0.0,0.0,0.0,0.0,28,30,31,31,31,0,-69,-94,-7,-37,12.8,12.8,12.7,12.6,12.6,-999,-999,-999,0.0,0.0,0.0
12.17176914215088,-0.0214758226601847,0.8805087290675728,-0.977149931038404,0.2224281632661987,-1.2732094862823788,-11.064155754919572,-0.0199418353273143,0.8651688557388695,-1.000159741031459,0.2208941759333283,-1.2826642983851642,-11.081499542760595,-5.38,-185.61,-279.76,-16.14,-118.36,0.0,0.0,0.0,0.0,0.0,28,30,31,31,31,6,-63,-94,-7,-37,12.8,12.8,12.7,12.7,12.6,-999,-999,-999,0.0,0.0,0.0
12.188761949539185,-0.0214758226601847,0.8820427164004432,-0.977149931038404,0.2224281632661987,-1.2732094862823788,-11.064155754919572,-0.0199418353273143,0.8651688557388695,-1.000159741031459,0.2208941759333283,-1.2826642983851642,-11.081499542760595,0.0,-228.65,-279.76,-16.14,-118.36,0.0,0.0,0.0,0.0,0.0,28,30,31,31,31,12,-63,-94,-7,-37,12.8,12.7,12.7,12.7,12.7,-999,-999,-999,0.0,0.0,0.0
12.205763339996338,-0.0214758226601847,0.8820427164004432,-0.977149931038404,0.2224281632661987,-1.2732094862823788,-11.064155754919572,-0.0214758226601847,0.8667028430717398,-1.000159741031459,0.2224281632661987,-1.2826642983851642,-11.081499542760595,0.0,-223.27,-279.76,-2.69,-126.43,0.0,0.0,0.0,0.0,0.0,28,31,31,31,31,0,-63,-94,0,-37,12.8,12.8,12.7,12.7,12.7,-999,-999,-999,0.0,0.0,0.0
12.222764253616331,-0.023009809993055,0.8835767037333135,-0.977149931038404,0.223962150599069,-1.2732094862823788,-11.064155754919572,-0.0214758226601847,0.8667028430717398,-1.000159741031459,0.2208941759333283,-1.2826642983851642,-11.081499542760595,-2.69,-247.48,-279.76,-26.9,-126.43,0.0,0.023980823922402,0.0,0.0,0.0,28,31,31,31,31,0,-69,-94,-13,-37,12.8,12.8,12.8,12.7,12.7,-999,-999,-999,0.0,0.0,0.0
12.239803075790403,-0.0214758226601847,0.8851106910661839,-0.977149931038404,0.2224281632661987,-1.2732094862823788,-11.064155754919572,-0.0214758226601847,0.8667028430717398,-1.0016937283643297,0.2208941759333283,-1.2826642983851642,-11.081499542760595,-2.69,-258.24,-293.21,-24.21,-126.43,0.0,0.023980823922402,0.0,0.0,0.0,28,31,31,31,31,6,-75,-100,-7,-37,12.7,12.8,12.7,12.7,12.6,-999,-999,-999,0.0,0.0,0.0
12.256843328475952,-0.0214758226601847,0.8866446783990543,-0.977149931038404,0.2224281632661987,-1.2732094862823788,-11.064155754919572,-0.0214758226601847,0.8667028430717398,-1.000159741031459,0.2208941759333283,-1.2826642983851642,-11.081499542760595,-2.69,-277.07,-293.21,-2.69,-126.43,0.0,0.0479616478448041,0.0,0.0,0.0,28,31,31,31,31,0,-75,-100,-13,-37,12.8,12.8,12.7,12.7,12.6,-999,-999,-999,0.0,0.0,0.0
12.27375602722168,-0.0214758226601847,0.8866446783990543,-0.977149931038404,0.2224281632661987,-1.2732094862823788,-11.064155754919572,-0.0214758226601847,0.8667028430717398,-1.000159741031459,0.2208941759333283,-1.2826642983851642,-11.081499542760595,-2.69,-287.83,-279.76,-5.38,-126.43,0.0,0.0479616478448041,0.0,0.0,0.0,28,31,31,31,31,0,-82,-94,-13,-37,12.8,12.7,12.8,12.7,12.6,-999,-999,-999,0.0,0.0,0.0
12.290760278701782,-0.0214758226601847,0.8866446783990543,-0.977149931038404,0.2224281632661987,-1.2732094862823788,-11.064155754919572,-0.0214758226601847,0.8667028430717398,-1.000159741031459,0.2208941759333283,-1.2826642983851642,-11.081499542760595,-2.69,-285.14,-279.76,-13.45,-121.05,0.0,0.0479616478448041,0.0,0.0,0.0,28,31,31,31,31,0,-82,-94,-7,-37,12.8,12.8,12.7,12.7,12.7,-999,-999,-999,0.0,0.0,0.0
12.307831287384031,-0.0214758226601847,0.8866446783990543,-0.977149931038404,0.2224281632661987,-1.2732094862823788,-11.064155754919572,-0.0214758226601847,0.8667028430717398,-1.000159741031459,0.2208941759333283,-1.2826642983851642,-11.081499542760595,-2.69,-263.62,-303.97,-24.21,-126.43,0.0,0.023980823922402,0.0,0.0,0.0,28,31,31,31,31,0,-88,-100,-7,-37,12.8,12.8,12.7,12.7,12.6,-999,-999,-999,0.0,0.0,0.0
12.324859380722046,-0.0214758226601847,0.8866446783990543,-0.977149931038404,0.223962150599069,-1.2732094862823788,-11.064155754919572,-0.0214758226601847,0.8667028430717398,-1.000159741031459,0.2224281632661987,-1.2826642983851642,-11.081499542760595,-2.69,-250.17,-258.24,-24.21,-123.74,0.0,0.023980823922402,0.0,0.0,0.0,28,31,31,31,31,0,-82,-94,-7,-31,12.8,12.8,12.7,12.7,12.6,-999,-999,-999,0.0,0.0,0.0
12.34169602394104,-0.0214758226601847,0.8881786657319245,-0.977149931038404,0.223962150599069,-1.2732094862823788,-11.064155754919572,-0.0214758226601847,0.8667028430717398,-1.000159741031459,0.2224281632661987,-1.2826642983851642,-11.081499542760595,-2.69,-247.48,-271.69,-2.69,-123.74,0.0,0.0,0.0,0.0,0.0,28,31,31,31,33,0,-82,-94,-7,-37,12.8,12.8,12.7,12.7,12.6,-999,-999,-999,0.0,0.0,0.0
12.35873293876648,-0.0214758226601847,0.8866446783990543,-0.977149931038404,0.2224281632661987,-1.2732094862823788,-11.064155754919572,-0.0214758226601847,0.8667028430717398,-1.000159741031459,0.2224281632661987,-1.2826642983851642,-11.081499542760595,-2.69,-250.17,-277.07,-18.83,-126.43,0.0,0.0,0.0,0.0,0.0,28,31,31,31,34,0,-82,-94,0,-37,12.8,12.8,12.7,12.7,12.6,-999,-999,-999,0.0,0.0,0.0
12.376690149307253,-0.0214758226601847,0.8866446783990543,-0.977149931038404,0.223962150599069,-1.2732094862823788,-11.064155754919572,-0.0199418353273143,0.8667028430717398,-1.000159741031459,0.2224281632661987,-1.2826642983851642,-11.081499542760595,-2.69,-250.17,-279.76,-13.45,-123.74,0.0,0.0,0.0,0.0,0.0,28,30,31,31,32,0,-82,-94,0,-37,12.8,12.8,12.7,12.7,12.6,-999,-999,-999,0.0,0.0,0.0
12.39378547668457,-0.023009809993055,0.8866446783990543,-0.977149931038404,0.223962150599069,-1.2732094862823788,-11.064155754919572,-0.0199418353273143,0.8667028430717398,-1.000159741031459,0.2224281632661987,-1.2826642983851642,-11.081499542760595,0.0,-250.17,-277.07,-13.45,-126.43,0.0,0.0,0.0,0.0,0.0,28,30,31,31,32,6,-82,-94,-7,-37,12.8,12.7,12.7,12.7,12.6,-999,-999,-999,0.0,0.0,0.0
12.410800457000732,-0.0214758226601847,0.8866446783990543,-0.977149931038404,0.223962150599069,-1.2732094862823788,-11.064155754919572,-0.0199418353273143,0.8667028430717398,-1.000159741031459,0.2224281632661987,-1.2826642983851642,-11.081499542760595,-2.69,-247.48,-279.76,-10.76,-126.43,0.0,0.0,0.0,0.0,0.0,28,30,31,31,32,6,-82,-94,-7,-37,12.8,12.8,12.7,12.7,12.6,-999,-999,-999,0.0,0.0,0.0
12.427815437316896,-0.0214758226601847,0.8866446783990543,-0.977149931038404,0.2224281632661987,-1.2747434736152492,-11.067010339736138,-0.0199418353273143,0.8667028430717398,-1.000159741031459,0.2224281632661987,-1.2826642983851642,-11.081499542760595,5.38,-250.17,-277.07,-5.38,-121.05,0.0,0.0,0.0,0.0,0.0,28,30,31,31,32,6,-82,-94,0,-31,12.8,12.8,12.8,12.7,12.6,-999,-999,-999,0.0,0.0,0.0
12.44479274749756,-0.0214758226601847,0.8866446783990543,-0.9786839183712744,0.223962150599069,-1.2732094862823788,-11.064155754919572,-0.0214758226601847,0.8667028430717398,-1.000159741031459,0.2224281632661987,-1.2826642983851642,-11.081499542760595,-5.38,-250.17,-274.38,-10.76,-123.74,0.0,0.0,0.0,0.0,0.0,28,30,31,31,31,6,-82,-94,-7,-37,12.8,12.8,12.7,12.7,12.6,-999,-999,-999,0.0,0.0,0.0
12.461813926696776,-0.0214758226601847,0.8866446783990543,-0.977149931038404,0.223962150599069,-1.2732094862823788,-11.064155754919572,-0.0199418353273143,0.8682368304046102,-1.000159741031459,0.2224281632661987,-1.2826642983851642,-11.081499542760595,0.0,-247.48,-277.07,-21.52,-121.05,0.0,0.0,0.0,0.0,0.0,28,31,30,31,31,0,-82,-88,-7,-31,12.8,12.7,12.7,12.7,12.6,-999,-999,-999,0.0,0.0,0.0
12.47882318496704,-0.0214758226601847,0.8866446783990543,-0.977149931038404,0.223962150599069,-1.2732094862823788,-11.064155754919572,-0.0199418353273143,0.8682368304046102,-1.0016937283643297,0.2224281632661987,-1.2826642983851642,-11.081499542760595,-2.69,-223.27,-274.38,-10.76,-121.05,0.0,0.0,0.0,0.0,0.0,28,31,30,31,31,6,-75,-94,0,-37,12.8,12.8,12.7,12.7,12.6,-999,-999,-999,0.0,0.0,0.0
12.495787143707275,-0.0214758226601847,0.8866446783990543,-0.9786839183712744,0.223962150599069,-1.2732094862823788,-11.064155754919572,-0.0199418353273143,0.8682368304046102,-1.000159741031459,0.2224281632661987,-1.2826642983851642,-11.081499542760595,-8.07,-234.03,-295.9,-16.14,-126.43,0.0,0.0,0.0,0.0,0.0,28,31,30,31,31,6,-82,-100,0,-37,12.8,12.7,12.7,12.7,12.6,-999,-999,-999,0.0,0.0,0.0
12.512768507003784,-0.0214758226601847,0.8866446783990543,-0.9786839183712744,0.223962150599069,-1.2732094862823788,-11.064155754919572,-0.0199418353273143,0.8697708177374806,-1.000159741031459,0.2208941759333283,-1.2826642983851642,-11.081499542760595,-5.38,-231.34,-258.24,-13.45,-118.36,0.0,0.0,0.0,0.0,0.0,28,31,30,31,31,6,-75,-88,-7,-37,12.8,12.8,12.8,12.7,12.5,-999,-999,-999,0.0,0.0,0.0
12.529734373092651,-0.0214758226601847,0.8866446783990543,-0.9786839183712744,0.223962150599069,-1.2732094862823788,-11.064155754919572,-0.0199418353273143,0.8697708177374806,-1.000159741031459,0.2224281632661987,-1.2826642983851642,-11.081499542760595,-2.69,-223.27,-277.07,0.0,-126.43,0.0,0.0,0.0,0.0,0.0,28,31,30,31,31,6,-75,-94,-13,-37,12.8,12.8,12.7,12.7,12.6,-999,-999,-999,0.0,0.0,0.0
12.546696901321411,-0.0214758226601847,0.8881786657319245,-0.9786839183712744,0.223962150599069,-1.2732094862823788,-11.064155754919572,-0.0199418353273143,0.8697708177374806,-1.000159741031459,0.2224281632661987,-1.2826642983851642,-11.081499542760595,-2.69,-247.48,-279.76,0.0,-126.43,0.0,0.0,0.0,0.0,0.0,28,31,30,30,31,6,-75,-94,-7,-37,12.8,12.8,12.7,12.7,12.6,-999,-999,-999,0.0,0.0,0.0
12.563724517822266,-0.023009809993055,0.8881786657319245,-0.9786839183712744,0.2224281632661987,-1.2732094862823788,-11.064155754919572,-0.0214758226601847,0.8697708177374806,-1.000159741031459,0.2224281632661987,-1.2826642983851642,-11.081499542760595,-2.69,-225.96,-271.69,0.0,-123.74,0.0,0.0,0.0,0.0,0.0,28,31,31,31,31,6,-75,-88,-7,-37,12.8,12.8,12.7,12.7,12.7,-999,-999,-999,0.0,0.0,0.0
12.580684661865234,-0.0214758226601847,0.8881786657319245,-0.977149931038404,0.223962150599069,-1.2732094862823788,-11.064155754919572,-0.0214758226601847,0.8697708177374806,-1.000159741031459,0.2224281632661987,-1.2826642983851642,-11.081499542760595,0.0,-228.65,-277.07,-13.45,-118.36,0.0,0.0,0.0,0.0,0.0,28,31,31,31,31,0,-75,-88,-7,-37,12.8,12.8,12.8,12.7,12.6,-999,-999,-999,0.0,0.0,0.0
12.597665548324583,-0.0214758226601847,0.8881786657319245,-0.9786839183712744,0.2224281632661987,-1.2732094862823788,-11.064155754919572,-0.0199418353273143,0.8697708177374806,-1.0016937283643297,0.2224281632661987,-1.2826642983851642,-11.081499542760595,43.04,-223.27,-287.83,-29.59,-123.74,0.0,0.0,0.0,0.0,0.0,28,31,31,31,31,12,-75,-94,-7,-37,12.8,12.8,12.7,12.7,12.6,-999,-999,-999,0.0,0.0,0.0
12.614689350128174,-0.0214758226601847,0.8881786657319245,-0.9786839183712744,0.223962150599069,-1.2732094862823788,-11.064155754919572,-0.0199418353273143,0.8713048050703509,-1.000159741031459,0.2208941759333283,-1.2826642983851642,-11.081499542760595,-8.07,-201.75,-263.62,-5.38,-115.67,0.0,0.0,0.0,0.0,0.0,28,31,31,31,31,6,-69,-94,-13,-37,12.8,12.8,12.7,12.6,12.6,-999,-999,-999,0.0,0.0,0.0
12.631714582443236,-0.0214758226601847,0.8897126530647949,-0.9786839183712744,0.2224281632661987,-1.2732094862823788,-11.064155754919572,-0.0199418353273143,0.8728387924032212,-1.0016937283643297,0.2224281632661987,-1.2826642983851642,-11.081499542760595,-5.38,-196.37,-290.52,-13.45,-123.74,0.0,0.0,0.0,0.0,0.0,28,31,31,31,31,6,-63,-100,-7,-37,12.8,12.8,12.8,12.7,12.6,-999,-999,-999,0.0,0.0,0.0
12.648701906204224,-0.0214758226601847,0.8897126530647949,-0.9786839183712744,0.2224281632661987,-1.2732094862823788,-11.064155754919572,-0.0199418353273143,0.8728387924032212,-1.0016937283643297,0.2224281632661987,-1.2826642983851642,-11.081499542760595,-5.38,-231.34,-279.76,-10.76,-123.74,0.0,0.0,0.0,0.0,0.0,28,31,31,31,31,6,-63,-94,-7,-37,12.8,12.8,12.7,12.7,12.6,-999,-999,-999,0.0,0.0,0.0
12.665672063827516,-0.0214758226601847,0.8897126530647949,-0.9786839183712744,0.223962150599069,-1.2747434736152492,-11.067010339736138,-0.0199418353273143,0.8728387924032212,-1.0016937283643297,0.2224281632661987,-1.2826642983851642,-11.081499542760595,-5.38,-228.65,-285.14,-5.38,-115.67,0.0,0.0,0.0,0.0,0.0,28,31,31,30,32,6,-69,-94,0,-37,12.8,12.7,12.7,12.7,12.7,-999,-999,-999,0.0,0.0,0.0
12.682713508605955,-0.0214758226601847,0.8912466403976652,-0.977149931038404,0.223962150599069,-1.2732094862823788,-11.064155754919572,-0.0214758226601847,0.8743727797360915,-1.0016937283643297,0.2224281632661987,-1.2826642983851642,-11.081499542760595,0.0,-212.51,-290.52,-21.52,-121.05,0.0,0.023980823922402,0.0,0.0,0.0,28,31,31,30,31,0,-69,-94,-7,-31,12.8,12.8,12.7,12.7,12.7,-999,-999,-999,0.0,0.0,0.0
12.699644565582275,-0.0214758226601847,0.8912466403976652,-0.9786839183712744,0.223962150599069,-1.2747434736152492,-11.067010339736138,-0.0214758226601847,0.8759067670689619,-1.0016937283643297,0.2224281632661987,-1.2841982857180343,-11.084257180785213,-2.69,-209.82,-282.45,-16.14,-137.19,0.0,0.023980823922402,0.0,0.0,0.0,28,31,31,31,31,0,-63,-94,-7,-43,12.8,12.8,12.8,12.7,12.7,-999,-999,-999,0.0,0.0,0.0
12.716739177703856,-0.0214758226601847,0.8927806277305356,-0.9786839183712744,0.223962150599069,-1.2732094862823788,-11.064155754919572,-0.0214758226601847,0.8759067670689619,-1.0016937283643297,0.2224281632661987,-1.2826642983851642,-11.081499542760595,-2.69,-255.55,-290.52,-10.76,-115.67,0.0,0.023980823922402,0.0,0.0,0.0,28,31,31,31,31,0,-69,-100,-7,-37,12.8,12.8,12.8,12.7,12.6,-999,-999,-999,0.0,0.0,0.0
12.733678102493286,-0.0214758226601847,0.8943146150634059,-0.977149931038404,0.223962150599069,-1.2732094862823788,-11.064155754919572,-0.0214758226601847,0.8759067670689619,-1.0016937283643297,0.2224281632661987,-1.2826642983851642,-11.081499542760595,-2.69,-228.65,-282.45,-16.14,-126.43,0.0,0.0479616478448041,0.0,0.0,0.0,28,31,31,31,31,0,-75,-100,-7,-37,12.8,12.8,12.8,12.7,12.6,-999,-999,-999,0.0,0.0,0.0
12.750669717788696,-0.0214758226601847,0.8943146150634059,-0.9786839183712744,0.223962150599069,-1.2732094862823788,-11.064155754919572,-0.0214758226601847,0.8774407544018322,-1.0016937283643297,0.2208941759333283,-1.2826642983851642,-11.081499542760595,-2.69,-177.54,-287.83,-26.9,-121.05,0.0,0.0479616478448041,0.0,0.0,0.0,28,31,31,31,31,0,-13,-94,-13,-31,12.8,12.7,12.8,12.6,12.5,-999,-999,-999,0.0,0.0,0.0
12.767736673355104,-0.0214758226601847,0.8943146150634059,-0.977149931038404,0.223962150599069,-1.2747434736152492,-11.067010339736138,-0.023009809993055,0.8774407544018322,-1.0016937283643297,0.2224281632661987,-1.2826642983851642,-11.081499542760595,0.0,-242.1,-282.45,-24.21,-112.98,0.0,0.0479616478448041,0.0,0.0,0.0,28,31,31,31,31,-7,-69,-94,-13,-31,12.8,12.8,12.7,12.1,12.6,-999,-999,-999,0.0,0.0,0.0
12.784741401672363,-0.0214758226601847,0.8958486023962762,-0.9786839183712744,0.223962150599069,-1.2732094862823788,-11.064155754919572,-0.023009809993055,0.8774407544018322,-1.0016937283643297,0.2224281632661987,-1.2826642983851642,-11.081499542760595,0.0,-250.17,-287.83,-8.07,-123.74,0.0,0.023980823922402,0.0,0.0,0.0,28,31,31,31,31,-7,-75,-100,-7,-37,12.8,12.8,12.8,12.6,12.6,-999,-999,-999,0.0,0.0,0.0
12.80174446105957,-0.0214758226601847,0.8973825897291465,-0.977149931038404,0.2224281632661987,-1.2732094862823788,-11.064155754919572,-0.023009809993055,0.8774407544018322,-1.0016937283643297,0.2224281632661987,-1.2826642983851642,-11.081499542760595,0.0,-242.1,-279.76,-10.76,-121.05,0.0,0.023980823922402,0.0,0.0,0.0,28,31,31,31,31,-7,-75,-94,-7,-37,12.8,12.7,12.8,12.7,12.6,-999,-999,-999,0.0,0.0,0.0
12.81881618499756,-0.0214758226601847,0.8973825897291465,-0.9786839183712744,0.223962150599069,-1.2732094862823788,-11.064155754919572,-0.023009809993055,0.8774407544018322,-1.0016937283643297,0.2224281632661987,-1.2826642983851642,-11.081499542760595,0.0,-242.1,-279.76,-16.14,-126.43,0.0,0.023980823922402,0.0,0.0,0.0,28,31,31,30,31,-7,-75,-94,0,-37,12.8,12.8,12.8,12.7,12.6,-999,-999,-999,0.0,0.0,0.0
12.83571457862854,-0.0214758226601847,0.8973825897291465,-0.977149931038404,0.223962150599069,-1.2732094862823788,-11.064155754919572,-0.023009809993055,0.8774407544018322,-1.0016937283643297,0.2224281632661987,-1.2826642983851642,-11.081499542760595,0.0,-228.65,-282.45,-32.28,-126.43,0.0,0.023980823922402,0.0,0.0,0.0,28,31,31,30,31,-7,-75,-94,-7,-37,12.8,12.8,12.8,12.7,12.6,-999,-999,-999,0.0,0.0,0.0
12.85272479057312,-0.0214758226601847,0.8958486023962762,-0.9786839183712744,0.223962150599069,-1.2747434736152492,-11.067010339736138,-0.023009809993055,0.8774407544018322,-1.0016937283643297,0.2224281632661987,-1.2826642983851642,-11.081499542760595,0.0,-242.1,-287.83,-13.45,-126.43,0.0,0.023980823922402,0.0,0.0,0.0,28,31,31,30,31,-7,-82,-100,-7,-37,12.8,12.8,12.7,12.7,12.6,-999,-999,-999,0.0,0.0,0.0
12.86974024772644,-0.0214758226601847,0.8958486023962762,-0.9786839183712744,0.223962150599069,-1.2732094862823788,-11.064155754919572,-0.023009809993055,0.8774407544018322,-1.0016937283643297,0.2224281632661987,-1.2826642983851642,-11.081499542760595,0.0,-239.41,-282.45,-8.07,-126.43,0.0,0.0,0.0,0.0,0.0,28,31,31,30,31,-7,-75,-94,-13,-37,12.8,12.8,12.7,12.7,12.6,-999,-999,-999,0.0,0.0,0.0
12.886792421340942,-0.0214758226601847,0.8973825897291465,-0.977149931038404,0.223962150599069,-1.2747434736152492,-11.067010339736138,-0.023009809993055,0.8774407544018322,-1.0016937283643297,0.2224281632661987,-1.2826642983851642,-11.081499542760595,0.0,-244.79,-287.83,-10.76,-126.43,0.0,0.0,0.0,0.0,0.0,28,31,31,30,31,0,-82,-100,-7,-37,12.8,12.8,12.8,12.7,12.6,-999,-999,-999,0.0,0.0,0.0
12.904637098312378,-0.0214758226601847,0.8958486023962762,-0.9786839183712744,0.223962150599069,-1.2732094862823788,-11.064155754919572,-0.023009809993055,0.8774407544018322,-1.0016937283643297,0.2224281632661987,-1.2826642983851642,-11.081499542760595,0.0,-239.41,-285.14,-16.14,-126.43,0.0,0.0,0.0,0.0,0.0,28,31,31,30,31,-7,-82,-94,-7,-37,12.8,12.8,12.7,12.7,12.6,-999,-999,-999,0.0,0.0,0.0
12.921680450439451,-0.023009809993055,0.8973825897291465,-0.9786839183712744,0.223962150599069,-1.2732094862823788,-11.064155754919572,-0.023009809993055,0.8774407544018322,-1.0016937283643297,0.2224281632661987,-1.2826642983851642,-11.081499542760595,0.0,-239.41,-285.14,-8.07,-118.36,0.0,0.0,0.0,0.0,0.0,28,31,31,30,32,-7,-75,-94,-7,-37,12.8,12.8,12.5,12.7,12.6,-999,-999,-999,0.0,0.0,0.0
12.938663244247437,-0.023009809993055,0.8973825897291465,-0.9786839183712744,0.223962150599069,-1.2747434736152492,-11.067010339736138,-0.023009809993055,0.8774407544018322,-1.0016937283643297,0.2224281632661987,-1.2826642983851642,-11.081499542760595,0.0,-231.34,-282.45,-8.07,-126.43,0.0,0.0,0.0,0.0,0.0,28,31,31,31,32,-7,-82,-94,-7,-37,12.8,12.8,12.7,12.7,12.6,-999,-999,-999,0.0,0.0,0.0
12.955681800842283,-0.0214758226601847,0.8958486023962762,-0.9786839183712744,0.223962150599069,-1.2732094862823788,-11.064155754919572,-0.0245437973259253,0.8774407544018322,-1.0016937283643297,0.2224281632661987,-1.2826642983851642,-11.081499542760595,26.9,-231.34,-282.45,-8.07,-123.74,0.0,0.0,0.0,0.0,0.0,27,31,31,31,32,-13,-75,-94,-7,-37,12.8,12.7,12.8,12.7,12.5,-999,-999,-999,0.0,0.0,0.0
12.972748756408691,-0.023009809993055,0.8973825897291465,-0.9786839183712744,0.223962150599069,-1.2732094862823788,-11.064155754919572,-0.0245437973259253,0.8774407544018322,-1.0016937283643297,0.2224281632661987,-1.2826642983851642,-11.081499542760595,-2.69,-242.1,-282.45,-10.76,-112.98,0.0,0.0,0.0,0.0,0.0,27,31,31,31,31,-7,-82,-94,-7,-37,12.8,12.8,12.7,12.7,12.6,-999,-999,-999,0.0,0.0,0.0
12.989637851715088,-0.023009809993055,0.8973825897291465,-0.9786839183712744,0.223962150599069,-1.2732094862823788,-11.064155754919572,-0.0245437973259253,0.8774407544018322,-1.0016937283643297,0.2224281632661987,-1.2826642983851642,-11.081499542760595,0.0,-236.72,-287.83,-10.76,-115.67,0.0,0.0,0.0,0.0,0.0,27,31,31,31,31,-7,-82,-100,-7,-37,12.8,12.8,12.7,12.7,12.6,-999,-999,-999,0.0,0.0,0.0
13.00666069984436,-0.023009809993055,0.8973825897291465,-0.9786839183712744,0.223962150599069,-1.2732094862823788,-11.064155754919572,-0.0245437973259253,0.8774407544018322,-1.0016937283643297,0.2208941759333283,-1.2826642983851642,-11.081499542760595,0.0,-242.1,-285.14,2.69,-126.43,0.0,0.0,0.0,0.0,0.0,27,31,31,31,31,-7,-82,-94,-13,-37,12.8,12.8,12.7,12.7,12.6,-999,-999,-999,0.0,0.0,0.0
13.023696660995483,-0.023009809993055,0.8973825897291465,-0.9786839183712744,0.223962150599069,-1.2732094862823788,-11.064155754919572,-0.0245437973259253,0.8774407544018322,-1.0016937283643297,0.2224281632661987,-1.2826642983851642,-11.081499542760595,0.0,-242.1,-287.83,-5.38,-118.36,0.0,0.0,0.0,0.0,0.0,27,31,31,31,31,0,-82,-94,-7,-37,12.8,12.7,12.7,12.7,12.6,-999,-999,-999,0.0,0.0,0.0
13.04068112373352,-0.0245437973259253,0.8973825897291465,-0.9786839183712744,0.223962150599069,-1.2732094862823788,-11.064155754919572,-0.0245437973259253,0.8774407544018322,-1.0016937283643297,0.2224281632661987,-1.2826642983851642,-11.081499542760595,0.0,-239.41,-279.76,-13.45,-121.05,0.0,0.0,0.0,0.0,0.0,27,31,31,31,32,0,-75,-94,-7,-37,12.8,12.8,12.7,12.7,12.6,-999,-999,-999,0.0,0.0,0.0
13.057737827301024,-0.0245437973259253,0.8958486023962762,-0.9786839183712744,0.223962150599069,-1.2732094862823788,-11.064155754919572,-0.0245437973259253,0.8774407544018322,-1.0016937283643297,0.2224281632661987,-1.2826642983851642,-11.081499542760595,-5.38,-239.41,-287.83,-32.28,-126.43,0.0,0.0,0.0,0.0,0.0,27,31,31,31,31,0,-75,-94,-7,-37,12.8,12.8,12.7,12.7,12.6,-999,-999,-999,0.0,0.0,0.0
13.074681282043455,-0.0245437973259253,0.8973825897291465,-0.9786839183712744,0.223962150599069,-1.2732094862823788,-11.064155754919572,-0.0245437973259253,0.8774407544018322,-1.0016937283643297,0.2224281632661987,-1.2826642983851642,-11.081499542760595,-5.38,-242.1,-282.45,-51.11,-126.43,0.0,0.0,0.0,0.0,0.0,27,31,31,31,31,-7,-82,-94,-7,-37,12.8,12.6,12.7,12.7,12.6,-999,-999,-999,0.0,0.0,0.0
13.092751264572144,-0.0245437973259253,0.8958486023962762,-0.9786839183712744,0.223962150599069,-1.2732094862823788,-11.064155754919572,-0.0245437973259253,0.8774407544018322,-1.0016937283643297,0.2224281632661987,-1.2826642983851642,-11.081499542760595,-5.38,-244.79,-279.76,-18.83,-126.43,0.0,0.0,0.0,0.0,0.0,27,30,31,31,31,0,-82,-94,0,-37,12.8,12.7,12.7,12.7,12.6,-999,-999,-999,0.0,0.0,0.0
13.10977840423584,-0.0245437973259253,0.8973825897291465,-0.9786839183712744,0.223962150599069,-1.2732094862823788,-11.064155754919572,-0.0245437973259253,0.8774407544018322,-1.0016937283643297,0.2224281632661987,-1.2826642983851642,-11.081499542760595,-8.07,-242.1,-285.14,-18.83,-121.05,0.0,0.0,0.0,0.0,0.0,27,31,31,31,31,0,-75,-94,-7,-37,12.8,12.7,12.6,12.7,12.3,-999,-999,-999,0.0,0.0,0.0
13.126791954040527,-0.023009809993055,0.8958486023962762,-0.9786839183712744,0.223962150599069,-1.2732094862823788,-11.064155754919572,-0.0245437973259253,0.8774407544018322,-1.0016937283643297,0.2224281632661987,-1.2826642983851642,-11.081499542760595,-2.69,-239.41,-279.76,-10.76,-121.05,0.0,0.0,0.0,0.0,0.0,27,31,31,30,31,0,-82,-94,-7,-37,12.8,12.7,12.7,12.7,12.6,-999,-999,-999,0.0,0.0,0.0
13.14369010925293,-0.0245437973259253,0.8973825897291465,-0.977149931038404,0.223962150599069,-1.2732094862823788,-11.064155754919572,-0.0245437973259253,0.8774407544018322,-1.0016937283643297,0.2224281632661987,-1.2826642983851642,-11.081499542760595,-5.38,-242.1,-285.14,-21.52,-115.67,0.0,0.0,0.0,0.0,0.0,27,31,31,30,31,0,-82,-94,-7,-37,12.8,12.8,12.7,12.7,12.6,-999,-999,-999,0.0,0.0,0.0
13.16075587272644,-0.0245437973259253,0.8958486023962762,-0.9786839183712744,0.223962150599069,-1.2732094862823788,-11.064155754919572,-0.0245437973259253,0.8774407544018322,-1.0016937283643297,0.2224281632661987,-1.2826642983851642,-11.081499542760595,-5.38,-239.41,-290.52,-21.52,-123.74,0.0,0.0,0.0,0.0,0.0,27,31,31,30,31,0,-82,-100,-7,-31,12.8,12.8,12.7,12.7,12.7,-999,-999,-999,0.0,0.0,0.0
13.177656412124634,-0.0245437973259253,0.8958486023962762,-0.9786839183712744,0.223962150599069,-1.2732094862823788,-11.064155754919572,-0.0245437973259253,0.8774407544018322,-1.0016937283643297,0.2224281632661987,-1.2826642983851642,-11.081499542760595,-5.38,-234.03,-282.45,-32.28,-126.43,0.0,0.0,0.0,0.0,0.0,27,31,31,31,31,0,-75,-94,-7,-37,12.8,12.8,12.7,12.7,12.7,-999,-999,-999,0.0,0.0,0.0
13.194738149642944,-0.023009809993055,0.8958486023962762,-0.9786839183712744,0.223962150599069,-1.2732094862823788,-11.064155754919572,-0.0245437973259253,0.8774407544018322,-1.0016937283643297,0.2208941759333283,-1.2826642983851642,-11.081499542760595,-8.07,-239.41,-282.45,34.97,-126.43,0.0,0.0,0.0,0.0,0.0,27,30,31,31,31,0,-75,-94,-13,-37,12.8,12.8,12.7,12.8,12.7,-999,-999,-999,0.0,0.0,0.0
13.211794376373293,-0.0245437973259253,0.8958486023962762,-0.977149931038404,0.223962150599069,-1.2732094862823788,-11.064155754919572,-0.0245437973259253,0.8774407544018322,-1.0016937283643297,0.2224281632661987,-1.2826642983851642,-11.081499542760595,-8.07,-242.1,-279.76,-10.76,-123.74,0.0,0.0,0.0,0.0,0.0,27,31,31,31,31,0,-82,-94,-7,-37,12.8,12.8,12.7,12.7,12.7,-999,-999,-999,0.0,0.0,0.0
13.228790044784546,-0.0245437973259253,0.8973825897291465,-0.9786839183712744,0.223962150599069,-1.2732094862823788,-11.064155754919572,-0.0245437973259253,0.8774407544018322,-1.0016937283643297,0.2224281632661987,-1.2826642983851642,-11.081499542760595,-2.69,-231.34,-290.52,-16.14,-123.74,0.0,0.0,0.0,0.0,0.0,27,31,31,31,31,0,-75,-100,-7,-37,12.8,12.8,12.7,12.7,12.7,-999,-999,-999,0.0,0.0,0.0
13.245676279067991,-0.023009809993055,0.8973825897291465,-0.977149931038404,0.223962150599069,-1.2732094862823788,-11.064155754919572,-0.0245437973259253,0.8774407544018322,-1.0016937283643297,0.2224281632661987,-1.2826642983851642,-11.081499542760595,-5.38,-236.72,-285.14,-16.14,-126.43,0.0,0.0,0.0,0.0,0.0,28,31,31,31,31,-7,-75,-100,-7,-37,12.8,12.8,12.7,12.7,12.6,-999,-999,-999,0.0,0.0,0.0
13.2626953125,-0.0245437973259253,0.8973825897291465,-0.977149931038404,0.223962150599069,-1.2732094862823788,-11.064155754919572,-0.0245437973259253,0.8774407544018322,-1.0016937283643297,0.2208941759333283,-1.2826642983851642,-11.081499542760595,-5.38,-244.79,-279.76,-16.14,-123.74,0.0,0.0,0.0,0.0,0.0,28,31,31,31,31,0,-82,-94,-13,-37,12.8,12.5,12.8,12.7,12.6,-999,-999,-999,0.0,0.0,0.0
13.279620170593262,-0.0245437973259253,0.8958486023962762,-0.977149931038404,0.223962150599069,-1.2732094862823788,-11.064155754919572,-0.0245437973259253,0.8774407544018322,-1.0016937283643297,0.2224281632661987,-1.2826642983851642,-11.081499542760595,-8.07,-236.72,-279.76,-16.14,-126.43,0.0,0.0,0.0,0.0,0.0,28,31,31,31,31,-7,-82,-94,-7,-37,12.8,12.7,12.7,12.7,12.6,-999,-999,-999,0.0,0.0,0.0
13.296613693237305,-0.023009809993055,0.8973825897291465,-0.977149931038404,0.223962150599069,-1.2732094862823788,-11.064155754919572,-0.0245437973259253,0.8774407544018322,-1.0016937283643297,0.2224281632661987,-1.2826642983851642,-11.081499542760595,-5.38,-234.03,-274.38,-13.45,-126.43,0.0,0.0,0.0,0.0,0.0,28,31,31,31,31,0,-75,-94,-7,-37,12.8,12.8,12.7,12.6,12.5,-999,-999,-999,0.0,0.0,0.0
13.313798666000366,-0.0245437973259253,0.8958486023962762,-0.977149931038404,0.223962150599069,-1.2732094862823788,-11.064155754919572,-0.0245437973259253,0.8774407544018322,-1.0016937283643297,0.2224281632661987,-1.2826642983851642,-11.081499542760595,-5.38,-242.1,-274.38,-8.07,-126.43,0.0,0.0,0.0,0.0,0.0,28,31,31,31,32,0,-82,-94,-7,-37,12.8,12.8,12.8,12.7,12.6,-999,-999,-999,0.0,0.0,0.0
13.33075213432312,-0.0245437973259253,0.8973825897291465,-0.9786839183712744,0.223962150599069,-1.2732094862823788,-11.064155754919572,-0.0245437973259253,0.8774407544018322,-1.0016937283643297,0.2224281632661987,-1.2826642983851642,-11.081499542760595,-5.38,-234.03,-287.83,-2.69,-123.74,0.0,0.0,0.0,0.0,0.0,28,31,31,31,32,-7,-82,-100,-7,-37,12.8,12.8,12.8,12.7,12.6,-999,-999,-999,0.0,0.0,0.0
13.347862482070925,-0.0245437973259253,0.8973825897291465,-0.9786839183712744,0.223962150599069,-1.2732094862823788,-11.064155754919572,-0.0260777846587957,0.8774407544018322,-1.0016937283643297,0.2224281632661987,-1.2826642983851642,-11.081499542760595,-5.38,-247.48,-287.83,-8.07,-126.43,0.0,0.0,0.0,0.0,0.0,28,31,31,31,32,0,-82,-94,-7,-37,12.8,12.8,12.7,12.7,12.6,-999,-999,-999,0.0,0.0,0.0
13.36480164527893,-0.0245437973259253,0.8973825897291465,-0.9786839183712744,0.223962150599069,-1.2732094862823788,-11.064155754919572,-0.0245437973259253,0.8774407544018322,-1.0032277156971998,0.2224281632661987,-1.2826642983851642,-11.081499542760595,2.69,-242.1,-279.76,-16.14,-118.36,0.0,0.0,0.0,0.0,0.0,28,31,31,31,32,-7,-75,-94,-7,-37,12.8,12.8,12.7,12.7,12.6,-999,-999,-999,0.0,0.0,0.0
13.381633758544922,-0.0245437973259253,0.8973825897291465,-0.977149931038404,0.223962150599069,-1.2732094862823788,-11.064155754919572,-0.0245437973259253,0.8774407544018322,-1.0032277156971998,0.2224281632661987,-1.2826642983851642,-11.081499542760595,-5.38,-247.48,-303.97,-5.38,-123.74,0.0,0.0,0.0,0.0,0.0,28,30,31,31,32,0,-82,-107,-7,-37,12.8,12.8,12.7,12.7,12.6,-999,-999,-999,0.0,0.0,0.0
13.39865231513977,-0.0245437973259253,0.8958486023962762,-0.9786839183712744,0.223962150599069,-1.2747434736152492,-11.067010339736138,-0.0260777846587957,0.8774407544018322,-1.0016937283643297,0.2224281632661987,-1.2826642983851642,-11.081499542760595,0.0,-234.03,-277.07,-16.14,-112.98,0.0,0.0,0.0,0.0,0.0,28,30,31,31,32,-7,-82,-94,-7,-31,12.8,12.8,12.7,12.7,12.6,-999,-999,-999,0.0,0.0,0.0
13.416592836380005,-0.0245437973259253,0.8958486023962762,-0.9786839183712744,0.223962150599069,-1.2732094862823788,-11.064155754919572,-0.0260777846587957,0.8774407544018322,-1.0016937283643297,0.2224281632661987,-1.2826642983851642,-11.081499542760595,0.0,-234.03,-285.14,-8.07,-118.36,0.0,0.0,0.0,0.0,0.0,28,31,31,31,32,-7,-82,-94,-13,-37,12.8,12.8,12.7,12.2,12.6,-999,-999,-999,0.0,0.0,0.0
13.433645725250244,-0.0245437973259253,0.8958486023962762,-0.977149931038404,0.223962150599069,-1.2732094862823788,-11.064155754919572,-0.0260777846587957,0.8774407544018322,-1.0016937283643297,0.2224281632661987,-1.2826642983851642,-11.081499542760595,0.0,-244.79,-277.07,0.0,-115.67,0.0,0.0,0.0,0.0,0.0,28,31,30,31,31,-7,-75,-94,-7,-31,12.8,12.8,12.7,12.7,12.6,-999,-999,-999,0.0,0.0,0.0
13.450625896453856,-0.0260777846587957,0.8973825897291465,-0.9786839183712744,0.223962150599069,-1.2732094862823788,-11.064155754919572,-0.0260777846587957,0.8774407544018322,-1.0016937283643297,0.2224281632661987,-1.2826642983851642,-11.081499542760595,-8.07,-234.03,-285.14,-8.07,-126.43,0.0,0.0,0.0,0.0,0.0,28,30,31,31,31,0,-82,-100,-7,-37,12.8,12.8,12.7,12.7,12.6,-999,-999,-999,0.0,0.0,0.0
13.467753887176514,-0.0260777846587957,0.8973825897291465,-0.9786839183712744,0.223962150599069,-1.2747434736152492,-11.067010339736138,-0.0260777846587957,0.8774407544018322,-1.0016937283643297,0.2224281632661987,-1.2826642983851642,-11.081499542760595,-5.38,-234.03,-279.76,-34.97,-121.05,0.0,0.0,0.0,0.0,0.0,28,31,31,31,31,0,-75,-94,-7,-31,12.8,12.8,12.7,12.7,12.6,-999,-999,-999,0.0,0.0,0.0
13.484708786010742,-0.0260777846587957,0.8973825897291465,-0.977149931038404,0.223962150599069,-1.2732094862823788,-11.064155754919572,-0.027611771991666,0.8774407544018322,-1.0016937283643297,0.2224281632661987,-1.2826642983851642,-11.081499542760595,-5.38,-247.48,-279.76,-8.07,-121.05,0.0,0.0,0.0,0.0,0.0,28,31,31,30,31,0,-82,-94,-7,-37,12.8,12.8,12.7,12.7,12.6,-999,-999,-999,0.0,0.0,0.0
13.501644372940063,-0.0260777846587957,0.8973825897291465,-0.9786839183712744,0.223962150599069,-1.2732094862823788,-11.064155754919572,-0.027611771991666,0.8774407544018322,-1.0016937283643297,0.2224281632661987,-1.2826642983851642,-11.081499542760595,0.0,-242.1,-287.83,0.0,-123.74,0.0,0.0,0.0,0.0,0.0,28,31,30,30,31,-7,-82,-100,-7,-31,12.8,12.8,12.8,12.7,12.6,-999,-999,-999,0.0,0.0,0.0
13.51864242553711,-0.0260777846587957,0.8973825897291465,-0.9786839183712744,0.2224281632661987,-1.2732094862823788,-11.064155754919572,-0.027611771991666,0.8774407544018322,-1.0016937283643297,0.2224281632661987,-1.2826642983851642,-11.081499542760595,0.0,-247.48,-282.45,-18.83,-126.43,0.0,0.0,0.0,0.0,0.0,28,31,31,31,31,-7,-82,-94,-7,-37,12.8,12.8,12.7,12.7,12.6,-999,-999,-999,0.0,0.0,0.0
13.535661458969116,-0.0260777846587957,0.8973825897291465,-0.977149931038404,0.223962150599069,-1.2732094862823788,-11.064155754919572,-0.0291457593245363,0.8774407544018322,-1.0016937283643297,0.2224281632661987,-1.2826642983851642,-11.081499542760595,18.83,-244.79,-290.52,-21.52,-123.74,0.0,0.0,0.0,0.0,0.0,28,31,31,31,31,-13,-82,-100,-7,-37,12.8,12.7,12.7,12.7,12.6,-999,-999,-999,0.0,0.0,0.0
13.552698135375977,-0.027611771991666,0.8958486023962762,-0.9786839183712744,0.223962150599069,-1.2732094862823788,-11.064155754919572,-0.0291457593245363,0.8774407544018322,-1.0016937283643297,0.2224281632661987,-1.2826642983851642,-11.081499542760595,-2.69,-228.65,-282.45,-16.14,-118.36,0.0,0.0,0.0,0.0,0.0,28,31,31,31,31,0,-75,-100,-7,-31,12.7,12.8,12.7,12.7,12.6,-999,-999,-999,0.0,0.0,0.0
13.569631814956663,-0.027611771991666,0.8958486023962762,-0.9786839183712744,0.223962150599069,-1.2747434736152492,-11.067010339736138,-0.0291457593245363,0.8774407544018322,-1.0016937283643297,0.2224281632661987,-1.2826642983851642,-11.081499542760595,2.69,-236.72,-279.76,-21.52,-118.36,0.0,0.0,0.0,0.0,0.0,28,31,31,30,31,-7,-75,-94,-7,-37,12.8,12.8,12.7,12.7,12.6,-999,-999,-999,0.0,0.0,0.0
13.586684942245483,-0.0291457593245363,0.8973825897291465,-0.9786839183712744,0.223962150599069,-1.2732094862823788,-11.064155754919572,-0.0291457593245363,0.8774407544018322,-1.0016937283643297,0.2224281632661987,-1.2826642983851642,-11.081499542760595,10.76,-234.03,-293.21,-16.14,-115.67,0.0,0.0,0.0,0.0,0.0,28,31,31,30,32,-7,-82,-94,-7,-31,12.8,12.8,12.7,12.7,12.6,-999,-999,-999,0.0,0.0,0.0
13.603659868240356,-0.0291457593245363,0.8973825897291465,-0.977149931038404,0.223962150599069,-1.2732094862823788,-11.064155754919572,-0.0291457593245363,0.8774407544018322,-1.0016937283643297,0.2224281632661987,-1.2826642983851642,-11.081499542760595,-2.69,-234.03,-271.69,-16.14,-126.43,-0.023980823922402,0.0,0.0,0.0,0.0,28,31,31,30,32,0,-75,-94,-7,-37,12.8,12.8,12.7,12.6,12.6,-999,-999,-999,0.0,0.0,0.0
13.620668172836304,-0.0291457593245363,0.8958486023962762,-0.977149931038404,0.223962150599069,-1.2732094862823788,-11.064155754919572,-0.0291457593245363,0.8774407544018322,-1.0016937283643297,0.2224281632661987,-1.2826642983851642,-11.081499542760595,-2.69,-239.41,-277.07,-37.66,-118.36,-0.023980823922402,0.0,0.0,0.0,0.0,28,31,31,31,32,0,-75,-94,-7,-37,12.8,12.8,12.7,12.7,12.7,-999,-999,-999,0.0,0.0,0.0
13.637608766555786,-0.0291457593245363,0.8958486023962762,-0.9786839183712744,0.223962150599069,-1.2747434736152492,-11.067010339736138,-0.0291457593245363,0.8774407544018322,-1.0016937283643297,0.2224281632661987,-1.2826642983851642,-11.081499542760595,-2.69,-234.03,-279.76,-40.35,-126.43,-0.023980823922402,0.0,0.0,0.0,0.0,28,31,31,31,32,0,-82,-94,-7,-37,12.8,12.8,12.7,12.7,12.7,-999,-999,-999,0.0,0.0,0.0
13.65462064743042,-0.0306797466574067,0.8958486023962762,-0.9786839183712744,0.223962150599069,-1.2732094862823788,-11.064155754919572,-0.0291457593245363,0.8774407544018322,-1.0016937283643297,0.2224281632661987,-1.2826642983851642,-11.081499542760595,-2.69,-234.03,-279.76,-18.83,-126.43,-0.023980823922402,0.0,0.0,0.0,0.0,28,31,31,31,32,6,-75,-94,-7,-37,12.8,12.8,12.7,12.7,12.7,-999,-999,-999,0.0,0.0,0.0
13.671682119369509,-0.0306797466574067,0.8973825897291465,-0.977149931038404,0.223962150599069,-1.2732094862823788,-11.064155754919572,-0.0291457593245363,0.8774407544018322,-1.0016937283643297,0.2224281632661987,-1.2826642983851642,-11.081499542760595,-2.69,-247.48,-282.45,-16.14,-126.43,-0.023980823922402,0.0,0.0,0.0,0.0,28,31,31,31,31,6,-82,-94,-7,-37,12.8,12.8,12.7,12.7,12.7,-999,-999,-999,0.0,0.0,0.0
13.689658880233765,-0.0291457593245363,0.8973825897291465,-0.9786839183712744,0.223962150599069,-1.2732094862823788,-11.064155754919572,-0.0291457593245363,0.8774407544018322,-1.0016937283643297,0.2224281632661987,-1.2826642983851642,-11.081499542760595,-2.69,-239.41,-282.45,-16.14,-126.43,-0.023980823922402,0.0,0.0,0.0,0.0,28,31,31,31,31,6,-82,-94,-7,-37,12.8,12.7,12.7,12.7,12.7,-999,-999,-999,0.0,0.0,0.0
13.70667552947998,-0.0306797466574067,0.8973825897291465,-0.9786839183712744,0.223962150599069,-1.2732094862823788,-11.064155754919572,-0.0291457593245363,0.8774407544018322,-1.0016937283643297,0.2224281632661987,-1.2826642983851642,-11.081499542760595,-2.69,-239.41,-279.76,-16.14,-123.74,0.0,0.0,0.0,0.0,0.0,28,31,31,31,31,6,-82,-94,-7,-37,12.8,12.7,12.7,12.7,12.6,-999,-999,-999,0.0,0.0,0.0
13.723661661148071,-0.0291457593245363,0.8973825897291465,-0.977149931038404,0.223962150599069,-1.2732094862823788,-11.064155754919572,-0.0291457593245363,0.8774407544018322,-1.0016937283643297,0.2224281632661987,-1.2826642983851642,-11.081499542760595,-2.69,-234.03,-282.45,-16.14,-123.74,0.0,0.0,0.0,0.0,0.0,28,31,31,31,31,6,-75,-94,-7,-37,12.8,12.8,12.7,12.7,12.7,-999,-999,-999,0.0,0.0,0.0
13.740771293640137,-0.0306797466574067,0.8973825897291465,-0.9786839183712744,0.223962150599069,-1.2732094862823788,-11.064155754919572,-0.0291457593245363,0.8774407544018322,-1.0016937283643297,0.2224281632661987,-1.2826642983851642,-11.081499542760595,-2.69,-239.41,-277.07,-18.83,-115.67,0.0,0.0,0.0,0.0,0.0,28,31,31,31,31,6,-75,-94,-7,-37,12.8,12.8,12.8,12.7,12.6,-999,-999,-999,0.0,0.0,0.0
13.757682085037231,-0.0306797466574067,0.8973825897291465,-0.977149931038404,0.223962150599069,-1.2732094862823788,-11.064155754919572,-0.0291457593245363,0.8774407544018322,-1.0016937283643297,0.2224281632661987,-1.2826642983851642,-11.081499542760595,-2.69,-231.34,-279.76,-13.45,-121.05,0.0,0.0,0.0,0.0,0.0,28,31,31,31,31,6,-75,-94,-7,-37,12.8,12.8,12.7,12.7,12.7,-999,-999,-999,0.0,0.0,0.0
13.774754285812378,-0.0306797466574067,0.8973825897291465,-0.9786839183712744,0.223962150599069,-1.2732094862823788,-11.064155754919572,-0.0291457593245363,0.8774407544018322,-1.0016937283643297,0.2224281632661987,-1.2826642983851642,-11.081499542760595,-2.69,-239.41,-279.76,-43.04,-126.43,0.0,0.0,0.0,0.0,0.0,28,31,31,31,31,6,-82,-94,-7,-37,12.7,12.7,12.8,12.7,12.7,-999,-999,-999,0.0,0.0,0.0
13.7917640209198,-0.0306797466574067,0.8973825897291465,-0.9786839183712744,0.223962150599069,-1.2732094862823788,-11.064155754919572,-0.0291457593245363,0.8774407544018322,-1.0016937283643297,0.2224281632661987,-1.2826642983851642,-11.081499542760595,-2.69,-242.1,-279.76,-18.83,-126.43,0.0,0.0,0.0,0.0,0.0,28,31,31,31,31,6,-82,-94,-7,-37,12.8,12.7,12.7,12.7,12.7,-999,-999,-999,0.0,0.0,0.0
13.808647394180298,-0.0306797466574067,0.8973825897291465,-0.9786839183712744,0.223962150599069,-1.2732094862823788,-11.064155754919572,-0.0291457593245363,0.8774407544018322,-1.0016937283643297,0.2224281632661987,-1.2826642983851642,-11.081499542760595,-2.69,-244.79,-285.14,-16.14,-126.43,0.0,0.0,0.0,0.0,0.0,28,31,31,31,31,6,-82,-94,-7,-37,12.8,12.5,12.7,12.7,12.7,-999,-999,-999,0.0,0.0,0.0
13.825721502304075,-0.0306797466574067,0.8958486023962762,-0.9786839183712744,0.223962150599069,-1.2747434736152492,-11.067010339736138,-0.0291457593245363,0.8774407544018322,-1.0016937283643297,0.223962150599069,-1.2826642983851642,-11.081499542760595,-2.69,-244.79,-287.83,-5.38,-126.43,0.0,0.0,0.0,0.0,0.0,28,31,31,31,32,6,-82,-94,0,-37,12.8,12.8,12.7,12.7,12.7,-999,-999,-999,0.0,0.0,0.0
13.84276795387268,-0.0306797466574067,0.8973825897291465,-0.9786839183712744,0.223962150599069,-1.2732094862823788,-11.064155754919572,-0.0291457593245363,0.8774407544018322,-1.0016937283643297,0.223962150599069,-1.2826642983851642,-11.081499542760595,-2.69,-236.72,-279.76,-13.45,-126.43,0.0,0.0,0.0,0.0,0.0,28,31,31,31,32,6,-75,-94,0,-37,12.8,12.8,12.7,12.7,12.6,-999,-999,-999,0.0,0.0,0.0
13.859707593917848,-0.0306797466574067,0.8973825897291465,-0.9786839183712744,0.223962150599069,-1.2732094862823788,-11.064155754919572,-0.0291457593245363,0.8774407544018322,-1.0016937283643297,0.223962150599069,-1.2826642983851642,-11.081499542760595,-2.69,-244.79,-282.45,-21.52,-126.43,0.0,0.0,0.0,0.0,0.0,28,31,31,31,32,6,-82,-94,0,-37,12.8,12.8,12.8,12.7,12.6,-999,-999,-999,0.0,0.0,0.0
13.876734733581545,-0.0306797466574067,0.8958486023962762,-0.9786839183712744,0.2254961379319394,-1.2732094862823788,-11.064155754919572,-0.0291457593245363,0.8774407544018322,-1.0016937283643297,0.223962150599069,-1.2826642983851642,-11.081499542760595,-2.69,-244.79,-282.45,-34.97,-126.43,0.0,0.0,0.0,0.0,0.0,28,31,31,31,31,6,-82,-94,-7,-37,12.8,12.8,12.7,12.7,12.7,-999,-999,-999,0.0,0.0,0.0
13.89362382888794,-0.0291457593245363,0.8973825897291465,-0.977149931038404,0.2254961379319394,-1.2732094862823788,-11.064155754919572,-0.0291457593245363,0.8774407544018322,-1.0016937283643297,0.223962150599069,-1.2826642983851642,-11.081499542760595,-2.69,-242.1,-279.76,-2.69,-123.74,0.0,0.0,0.0,0.0,0.0,28,31,31,31,31,6,-82,-94,-7,-37,12.8,12.8,12.7,12.7,12.7,-999,-999,-999,0.0,0.0,0.0
13.910587310791016,-0.0306797466574067,0.8958486023962762,-0.9786839183712744,0.2254961379319394,-1.2732094862823788,-11.064155754919572,-0.0291457593245363,0.8774407544018322,-1.0016937283643297,0.223962150599069,-1.2826642983851642,-11.081499542760595,-2.69,-244.79,-282.45,-16.14,-115.67,0.0,0.0,0.0,0.0,0.0,28,31,31,31,31,6,-82,-94,-7,-37,12.8,12.8,12.7,12.7,12.7,-999,-999,-999,0.0,0.0,0.0
13.927720308303831,-0.0306797466574067,0.8973825897291465,-0.9786839183712744,0.2254961379319394,-1.2732094862823788,-11.064155754919572,-0.0291457593245363,0.8774407544018322,-1.0016937283643297,0.223962150599069,-1.2826642983851642,-11.081499542760595,-2.69,-239.41,-282.45,-13.45,-112.98,0.0,0.0,0.0,0.0,0.0,28,31,31,31,31,6,-82,-94,0,-37,12.8,12.8,12.7,12.7,12.7,-999,-999,-999,0.0,0.0,0.0
13.945571660995483,-0.0306797466574067,0.8958486023962762,-0.9786839183712744,0.2254961379319394,-1.2732094862823788,-11.064155754919572,-0.0291457593245363,0.8774407544018322,-1.0016937283643297,0.223962150599069,-1.2826642983851642,-11.081499542760595,-2.69,-239.41,-282.45,-18.83,-121.05,0.0,0.0,0.0,0.0,0.0,28,31,30,31,31,6,-75,-94,-7,-37,12.8,12.8,12.8,12.7,12.7,-999,-999,-999,0.0,0.0,0.0
13.962600946426392,-0.0306797466574067,0.8973825897291465,-0.9786839183712744,0.2254961379319394,-1.2732094862823788,-11.064155754919572,-0.0306797466574067,0.8774407544018322,-1.000159741031459,0.223962150599069,-1.2826642983851642,-11.081499542760595,-2.69,-247.48,-260.93,-21.52,-126.43,0.0,0.0,0.0,0.0,0.0,28,31,30,31,31,0,-82,-88,-7,-37,12.8,12.8,12.7,12.7,12.7,-999,-999,-999,0.0,0.0,0.0
13.979609727859495,-0.0306797466574067,0.8973825897291465,-0.9786839183712744,0.2254961379319394,-1.2732094862823788,-11.064155754919572,-0.0291457593245363,0.8774407544018322,-0.9986257536985887,0.2254961379319394,-1.2826642983851642,-11.081499542760595,-2.69,-244.79,-244.79,-13.45,-121.05,0.0,0.0,0.0,0.0,0.0,28,31,30,31,31,6,-82,-88,0,-31,12.8,12.8,12.7,12.7,12.7,-999,-999,-999,0.0,0.0,0.0
13.996637344360352,-0.0306797466574067,0.8973825897291465,-0.9786839183712744,0.2254961379319394,-1.2732094862823788,-11.064155754919572,-0.0291457593245363,0.8774407544018322,-0.9986257536985887,0.2254961379319394,-1.2811303110522938,-11.078726216542444,-2.69,-234.03,-247.48,-21.52,-94.15,0.0,0.0,0.0,0.0,0.0,28,31,30,31,31,6,-82,-82,0,-31,12.8,12.8,12.7,12.7,12.7,-999,-999,-999,0.0,0.0,0.0
14.01359796524048,-0.0306797466574067,0.8958486023962762,-0.9786839183712744,0.2254961379319394,-1.2747434736152492,-11.067010339736138,-0.0291457593245363,0.8774407544018322,-0.9970917663657184,0.223962150599069,-1.2826642983851642,-11.081499542760595,-2.69,-239.41,-223.27,-5.38,-123.74,0.0,0.0,0.0,0.0,0.0,28,31,30,31,31,6,-75,-75,-7,-37,12.8,12.9,12.8,12.6,12.7,-999,-999,-999,0.0,0.0,0.0
14.0306978225708,-0.0306797466574067,0.8958486023962762,-0.977149931038404,0.2254961379319394,-1.2732094862823788,-11.064155754919572,-0.0291457593245363,0.8774407544018322,-0.9970917663657184,0.2254961379319394,-1.2826642983851642,-11.081499542760595,-2.69,-234.03,-231.34,-5.38,-126.43,0.0,0.0,0.0,0.0,0.0,28,31,30,31,31,0,-75,-75,0,-37,12.8,12.8,12.8,12.7,12.7,-999,-999,-999,0.0,0.0,0.0
14.047662734985352,-0.0306797466574067,0.8973825897291465,-0.9786839183712744,0.2270301252648097,-1.2732094862823788,-11.064155754919572,-0.0291457593245363,0.8789747417347026,-0.9970917663657184,0.2254961379319394,-1.2826642983851642,-11.081499542760595,-2.69,-228.65,-231.34,-16.14,-107.6,0.0,0.0,0.0,0.0,0.0,28,31,30,31,31,6,-75,-75,-7,-37,12.8,12.6,12.8,12.7,12.7,-999,-999,-999,0.0,0.0,0.0
14.06467342376709,-0.0306797466574067,0.8973825897291465,-0.9786839183712744,0.2270301252648097,-1.2732094862823788,-11.064155754919572,-0.0291457593245363,0.8774407544018322,-0.995557779032848,0.2254961379319394,-1.2826642983851642,-11.081499542760595,0.0,-244.79,-204.44,-16.14,-126.43,0.0,0.0,0.0,0.0,0.0,28,31,30,31,31,0,-82,-69,-7,-37,12.8,12.8,12.8,12.7,12.7,-999,-999,-999,0.0,0.0,0.0
14.081630945205688,-0.0306797466574067,0.8958486023962762,-0.977149931038404,0.2270301252648097,-1.2732094862823788,-11.064155754919572,-0.0291457593245363,0.8774407544018322,-0.995557779032848,0.2270301252648097,-1.2826642983851642,-11.081499542760595,-2.69,-239.41,-204.44,-16.14,-123.74,0.0,0.0,0.0,0.0,0.0,28,31,30,31,31,0,-82,-75,0,-37,12.8,12.8,12.8,12.7,12.7,-999,-999,-999,0.0,0.0,0.0
14.098795175552368,-0.0291457593245363,0.8973825897291465,-0.9786839183712744,0.2270301252648097,-1.2732094862823788,-11.064155754919572,-0.0306797466574067,0.8774407544018322,-0.9940237916999776,0.22856411259768,-1.2826642983851642,-11.081499542760595,-2.69,-242.1,-180.23,-21.52,-126.43,0.0,0.0,0.0,0.0,0.0,28,31,30,31,32,6,-82,-63,0,-37,12.8,12.8,12.8,12.7,12.7,-999,-999,-999,0.0,0.0,0.0
14.115799188613892,-0.0306797466574067,0.8958486023962762,-0.9786839183712744,0.22856411259768,-1.2732094862823788,-11.064155754919572,-0.0291457593245363,0.8774407544018322,-0.9940237916999776,0.2300980999305504,-1.2826642983851642,-11.081499542760595,-5.38,-244.79,-188.3,-18.83,-126.43,0.0,0.0,0.0,0.0,0.0,28,31,30,31,32,0,-82,-63,6,-37,12.8,12.8,12.8,12.7,12.7,-999,-999,-999,0.0,0.0,0.0
14.132631540298462,-0.0306797466574067,0.8973825897291465,-0.9786839183712744,0.22856411259768,-1.2732094862823788,-11.064155754919572,-0.0291457593245363,0.8774407544018322,-0.9940237916999776,0.2300980999305504,-1.2826642983851642,-11.081499542760595,-5.38,-242.1,-185.61,-24.21,-126.43,0.0,0.0,0.0,0.0,0.0,28,31,30,31,32,6,-82,-63,6,-37,12.8,12.8,12.8,12.7,12.7,-999,-999,-999,0.0,0.0,0.0
14.149645328521729,-0.0306797466574067,0.8973825897291465,-0.9786839183712744,0.22856411259768,-1.2732094862823788,-11.064155754919572,-0.0306797466574067,0.8743727797360915,-0.9894218297013668,0.233166074596291,-1.2826642983851642,-11.081499542760595,-5.38,-260.93,-164.09,0.0,-126.43,0.0,0.0,0.0,0.023980823922402,0.0,28,31,30,31,32,6,-82,-57,12,-37,12.8,12.8,12.8,12.7,12.7,-999,-999,-999,0.0,0.0,0.0
14.166595697402954,-0.0306797466574067,0.8973825897291465,-0.9786839183712744,0.2300980999305504,-1.2747434736152492,-11.067010339736138,-0.0306797466574067,0.8743727797360915,-0.9894218297013668,0.233166074596291,-1.2826642983851642,-11.081499542760595,-5.38,-274.38,-147.95,83.39,-126.43,0.0,0.0,0.0,0.023980823922402,0.0,28,31,31,31,32,-7,-88,-50,12,-37,12.8,12.8,12.2,12.7,12.6,-999,-999,-999,0.0,0.0,0.0
14.183672666549684,-0.0306797466574067,0.8973825897291465,-0.9786839183712744,0.2316320872634207,-1.2747434736152492,-11.067010339736138,-0.0291457593245363,0.8743727797360915,-0.986353855035626,0.2377680365949021,-1.2826642983851642,-11.081499542760595,-5.38,-295.9,-134.5,37.66,-126.43,0.0,0.0,0.0,0.0479616478448041,0.0,28,31,31,31,32,6,-100,-44,12,-37,12.8,12.6,12.7,12.7,12.7,-999,-999,-999,0.0,0.0,0.0
14.200634956359863,-0.0306797466574067,0.8973825897291465,-0.9786839183712744,0.2347000619291614,-1.2732094862823788,-11.064155754919572,-0.0291457593245363,0.8728387924032212,-0.9848198677027558,0.2408360112606427,-1.2826642983851642,-11.081499542760595,-5.38,-258.24,-118.36,-21.52,-126.43,0.0,0.0,0.0,0.0479616478448041,0.0,28,31,31,31,32,6,-88,-38,12,-37,12.8,12.8,12.8,12.7,12.7,-999,-999,-999,0.0,0.0,0.0
14.21769642829895,-0.0306797466574067,0.8973825897291465,-0.9786839183712744,0.2377680365949021,-1.2747434736152492,-11.067010339736138,-0.0306797466574067,0.8728387924032212,-0.981751893037015,0.2439039859263834,-1.2826642983851642,-11.081499542760595,-5.38,-295.9,-75.32,-43.04,-129.12,0.0,0.0,0.0,0.0719424717672062,0.0,28,31,31,31,32,6,-100,-32,12,-37,12.8,12.8,12.8,12.7,12.7,-999,-999,-999,0.0,0.0,0.0
14.234650135040283,-0.0306797466574067,0.8973825897291465,-0.977149931038404,0.2393020239277724,-1.2732094862823788,-11.064155754919572,-0.0306797466574067,0.8728387924032212,-0.981751893037015,0.2439039859263834,-1.2826642983851642,-11.081499542760595,-5.38,-298.59,-78.01,-5.38,-126.43,0.0,0.0,0.0,0.0959232956896083,0.0,28,31,31,30,32,0,-100,-25,12,-37,12.8,12.8,12.8,12.7,12.7,-999,-999,-999,0.0,0.0,0.0
14.25160264968872,-0.0306797466574067,0.8973825897291465,-0.9756159437055336,0.2423699985935131,-1.2747434736152492,-11.067010339736138,-0.0306797466574067,0.8728387924032212,-0.9802179057041448,0.2469719605921241,-1.2826642983851642,-11.081499542760595,-5.38,-298.59,-61.87,32.28,-115.67,0.0,0.0,0.0,0.1199041196120104,0.0,28,31,31,30,32,0,-100,-19,12,-31,12.8,12.8,12.8,12.7,12.7,-999,-999,-999,0.0,0.0,0.0
14.268639087677002,-0.0306797466574067,0.8973825897291465,-0.9740819563726634,0.2439039859263834,-1.2732094862823788,-11.064155754919572,-0.0306797466574067,0.8713048050703509,-0.977149931038404,0.2500399352578648,-1.2826642983851642,-11.081499542760595,-5.38,-314.73,-86.08,-37.66,-126.43,0.0,0.0,0.023980823922402,0.1199041196120104,0.0,28,31,31,30,31,0,-100,-19,12,-37,12.7,12.8,12.8,12.7,12.7,-999,-999,-999,0.0,0.0,0.0
14.285589218139648,-0.0291457593245363,0.8958486023962762,-0.972547969039793,0.2485059479249944,-1.2732094862823788,-11.064155754919572,-0.0306797466574067,0.8682368304046102,-0.9740819563726634,0.2531079099236054,-1.2826642983851642,-11.081499542760595,-2.69,-357.77,-59.18,59.18,-126.43,0.0,0.0,0.0479616478448041,0.1199041196120104,0.0,28,31,30,30,32,0,-113,-13,12,-37,12.8,12.7,12.7,12.7,12.7,-999,-999,-999,0.0,0.0,0.0
14.302669286727903,-0.0306797466574067,0.8958486023962762,-0.9694799943740524,0.2515739225907351,-1.2732094862823788,-11.064155754919572,-0.032213733990277,0.8621008810731289,-0.9710139817069228,0.2592438592550868,-1.2826642983851642,-11.081499542760595,-2.69,-416.95,-75.32,-86.08,-126.43,0.0,0.0,0.0719424717672062,0.1438849435344125,0.0,28,31,30,30,32,0,-132,-13,12,-37,12.8,12.8,12.8,12.7,12.7,-999,-999,-999,0.0,0.0,0.0
14.319579124450684,-0.0306797466574067,0.8973825897291465,-0.967946007041182,0.2546418972564758,-1.2732094862823788,-11.064155754919572,-0.032213733990277,0.8621008810731289,-0.9710139817069228,0.2592438592550868,-1.2826642983851642,-11.081499542760595,-2.69,-427.71,-59.18,-102.22,-123.74,0.0,0.0,0.0959232956896083,0.1438849435344125,0.0,28,31,30,30,32,-7,-138,-13,12,-37,12.8,12.8,12.6,12.6,12.6,-999,-999,-999,0.0,0.0,0.0
14.336657762527466,-0.0291457593245363,0.8973825897291465,-0.9648780323754412,0.2577098719222164,-1.2732094862823788,-11.064155754919572,-0.0337477213231473,0.8528969570759068,-0.9664120197083116,0.2638458212536978,-1.2826642983851642,-11.081499542760595,5.38,-470.75,-69.94,-91.46,-123.74,0.0,0.0,0.1199041196120104,0.1438849435344125,0.0,28,31,30,30,32,-13,-157,-19,12,-37,12.8,12.8,12.7,12.6,12.6,-999,-999,-999,0.0,0.0,0.0
14.353644132614136,-0.0306797466574067,0.8958486023962762,-0.963344045042571,0.2607778465879571,-1.2732094862823788,-11.064155754919572,-0.0337477213231473,0.8498289824101661,-0.963344045042571,0.2669137959194385,-1.2826642983851642,-11.081499542760595,32.28,-551.45,-78.01,-16.14,-112.98,0.0,0.0,0.1199041196120104,0.1678657674568146,0.0,28,31,30,30,32,-13,-175,-19,12,-31,12.8,12.8,12.7,12.7,12.6,-999,-999,-999,0.0,0.0,0.0
14.370595693588257,-0.032213733990277,0.8958486023962762,-0.9602760703768304,0.2623118339208274,-1.2732094862823788,-11.064155754919572,-0.0337477213231473,0.8498289824101661,-0.963344045042571,0.2669137959194385,-1.2826642983851642,-11.081499542760595,0.0,-546.0699999999999,-83.39,-8.07,-123.74,0.0,0.0,0.1199041196120104,0.1678657674568146,0.0,28,31,30,30,32,-7,-188,-19,12,-37,12.7,12.8,12.7,12.6,12.6,-999,-999,-999,0.0,0.0,0.0
14.38757300376892,-0.032213733990277,0.8958486023962762,-0.95874208304396,0.2653798085865681,-1.2732094862823788,-11.064155754919572,-0.0352817086560177,0.8452270204115552,-0.9602760703768304,0.2699817705851791,-1.2826642983851642,-11.081499542760595,21.52,-629.46,-75.32,-29.59,-126.43,0.0,0.0,0.1199041196120104,0.1678657674568146,0.0,28,31,30,30,32,-13,-207,-13,12,-37,12.7,12.7,12.7,12.7,12.6,-999,-999,-999,0.0,0.0,0.0
14.404695510864258,-0.0337477213231473,0.8943146150634059,-0.9556741083782192,0.2684477832523088,-1.2732094862823788,-11.064155754919572,-0.0352817086560177,0.8360230964143331,-0.9510721463796084,0.2761177199166604,-1.2826642983851642,-11.081499542760595,16.14,-602.56,-59.18,-43.04,-112.98,0.0,0.0,0.1199041196120104,0.1438849435344125,0.0,28,31,30,30,32,-13,-219,24,18,-37,12.7,12.7,12.6,12.6,12.6,-999,-999,-999,0.0,0.0,0.0
14.421686172485352,-0.0337477213231473,0.8912466403976652,-0.9510721463796084,0.2715157579180495,-1.2732094862823788,-11.064155754919572,-0.036815695988888,0.8283531597499815,-0.9464701843809972,0.2791856945824011,-1.2826642983851642,-11.081499542760595,8.07,-581.04,-96.84,13.45,-118.36,-0.023980823922402,-0.023980823922402,0.1438849435344125,0.1438849435344125,0.0,28,31,30,30,32,-7,-225,31,12,-31,12.7,12.8,12.7,12.6,12.6,-999,-999,-999,0.0,0.0,0.0
14.438604593276978,-0.0337477213231473,0.8866446783990543,-0.9464701843809972,0.2730497452509198,-1.2732094862823788,-11.064155754919572,-0.036815695988888,0.8283531597499815,-0.9464701843809972,0.2791856945824011,-1.2826642983851642,-11.081499542760595,29.59,-605.25,-131.81,-16.14,-123.74,-0.023980823922402,-0.0719424717672062,0.1678657674568146,0.1438849435344125,0.0,28,31,31,30,32,-13,-282,31,12,-37,12.7,12.7,12.7,12.6,12.6,-999,-999,-999,0.0,0.0,0.0
14.455669164657593,-0.0352817086560177,0.8835767037333135,-0.9418682223823864,0.2761177199166604,-1.2732094862823788,-11.064155754919572,-0.036815695988888,0.8237511977513704,-0.9418682223823864,0.2837876565810122,-1.2826642983851642,-11.081499542760595,0.0,-562.21,-110.29,-26.9,-126.43,-0.023980823922402,-0.1199041196120104,0.1918465913792167,0.1438849435344125,0.0,28,31,30,30,32,-7,-244,31,25,-37,12.7,12.6,12.3,12.7,12.6,-999,-999,-999,0.0,0.0,0.0
14.47266149520874,-0.036815695988888,0.8774407544018322,-0.9388002477166456,0.2807196819152714,-1.2732094862823788,-11.064155754919572,-0.036815695988888,0.8160812610870187,-0.935732273050905,0.2868556312467528,-1.2826642983851642,-11.081499542760595,0.0,-575.66,-115.67,-94.15,-126.43,-0.023980823922402,-0.1678657674568146,0.2158274153016187,0.1438849435344125,0.0,28,31,30,30,32,0,-244,31,18,-37,12.7,12.7,12.7,12.6,12.6,-999,-999,-999,0.0,0.0,0.0
14.491582870483398,-0.036815695988888,0.8713048050703509,-0.9326642983851644,0.2853216439138825,-1.2732094862823788,-11.064155754919572,-0.0383496833217584,0.8038093624240561,-0.9203923997222015,0.2914575932453638,-1.2826642983851642,-11.081499542760595,-2.69,-575.66,-161.4,-102.22,-115.67,-0.0479616478448041,-0.2398082392240208,0.2398082392240208,0.1678657674568146,0.0,28,31,31,30,32,6,-250,0,43,-37,12.7,12.6,12.7,12.6,12.6,-999,-999,-999,0.0,0.0,0.0
14.508579730987549,-0.0383496833217584,0.8651688557388695,-0.926528349053683,0.2883896185796232,-1.2732094862823788,-11.064155754919572,-0.0383496833217584,0.8038093624240561,-0.9203923997222015,0.2914575932453638,-1.2826642983851642,-11.081499542760595,-2.69,-538.0,-172.16,-112.98,-126.43,-0.0479616478448041,-0.263789063146423,0.263789063146423,0.1678657674568146,0.0,28,31,31,30,32,-7,-250,6,12,-37,12.7,12.4,12.7,12.6,12.6,-999,-999,-999,0.0,0.0,0.0
14.525632619857788,-0.0383496833217584,0.8574989190745178,-0.9203923997222015,0.2899236059124935,-1.2732094862823788,-11.064155754919572,-0.0383496833217584,0.7869355017624824,-0.9050525263934982,0.2975935425768451,-1.2826642983851642,-11.081499542760595,-2.69,-548.76,-126.43,-83.39,-94.15,-0.0479616478448041,-0.3117507109912271,0.263789063146423,0.1918465913792167,0.0,28,31,31,30,32,0,-250,18,12,-31,12.7,12.7,12.7,12.6,12.6,-999,-999,-999,0.0,0.0,0.0
14.54254913330078,-0.0383496833217584,0.8513629697430365,-0.9142564503907202,0.2929915805782341,-1.2747434736152492,-11.067010339736138,-0.0383496833217584,0.7869355017624824,-0.9050525263934982,0.2975935425768451,-1.2826642983851642,-11.081499542760595,-2.69,-527.24,-150.64,40.35,-121.05,-0.023980823922402,-0.3357315349136292,0.287769887068825,0.1678657674568146,0.0,28,31,31,29,32,0,-250,18,12,-31,12.7,12.7,12.7,12.6,12.5,-999,-999,-999,0.0,0.0,0.0
14.559700965881348,-0.0383496833217584,0.8436930330786848,-0.9065865137263686,0.2960595552439748,-1.2732094862823788,-11.064155754919572,-0.036815695988888,0.771595628433779,-0.8866446783990543,0.3006615172425858,-1.2826642983851642,-11.081499542760595,-2.69,-513.79,-172.16,2.69,-121.05,-0.023980823922402,-0.3597123588360313,0.3357315349136292,0.1678657674568146,0.0,28,31,31,30,32,0,-307,18,12,-37,12.7,12.7,12.7,12.6,12.6,-999,-999,-999,0.0,0.0,0.0
14.576616764068604,-0.0383496833217584,0.8344891090814628,-0.8989165770620169,0.2975935425768451,-1.2732094862823788,-11.064155754919572,-0.036815695988888,0.771595628433779,-0.8866446783990543,0.3006615172425858,-1.2826642983851642,-11.081499542760595,-2.69,-521.86,-158.71,-51.11,-112.98,0.0,-0.4076740066808355,0.3597123588360313,0.1438849435344125,0.0,28,31,31,30,32,6,-250,25,6,-37,12.7,12.7,12.7,12.6,12.6,-999,-999,-999,0.0,0.0,0.0
14.593655347824097,-0.0383496833217584,0.8283531597499815,-0.8897126530647949,0.2991275299097155,-1.2732094862823788,-11.064155754919572,-0.0383496833217584,0.7547217677722053,-0.8682368304046102,0.3052634792411968,-1.2826642983851642,-11.081499542760595,0.0,-529.93,-169.47,-24.21,-123.74,0.0,-0.4316548306032375,0.4076740066808355,0.1438849435344125,0.0,28,31,31,30,32,0,-244,25,30,-37,12.7,12.8,12.7,12.6,12.6,-999,-999,-999,0.0,0.0,0.0
14.61062502861023,-0.0383496833217584,0.8206832230856298,-0.8820427164004432,0.3021955045754562,-1.2732094862823788,-11.064155754919572,-0.0383496833217584,0.7470518311078537,-0.8574989190745178,0.3067974665740672,-1.2826642983851642,-11.081499542760595,-5.38,-508.41,-158.71,-51.11,-121.05,0.0,-0.4556356545256396,0.4316548306032375,0.1199041196120104,0.0,28,31,31,30,31,0,-244,25,12,-37,12.7,12.7,12.7,12.7,12.6,-999,-999,-999,0.0,0.0,0.0
14.627594470977783,-0.0383496833217584,0.8130132864212781,-0.8743727797360915,0.3052634792411968,-1.2732094862823788,-11.064155754919572,-0.0383496833217584,0.7470518311078537,-0.8574989190745178,0.3067974665740672,-1.2826642983851642,-11.081499542760595,-2.69,-492.27,-150.64,5.38,-123.74,0.0,-0.4556356545256396,0.4556356545256396,0.1199041196120104,0.0,28,31,31,30,31,0,-244,25,12,-37,12.7,12.7,12.7,12.6,12.6,-999,-999,-999,0.0,0.0,0.0
14.644638776779177,-0.0383496833217584,0.8038093624240561,-0.8667028430717398,0.3052634792411968,-1.2747434736152492,-11.067010339736138,-0.0383496833217584,0.7286439831134096,-0.8360230964143331,0.3083314539069375,-1.2826642983851642,-11.081499542760595,-2.69,-476.13,-145.26,-37.66,-123.74,0.0,-0.4316548306032375,0.4556356545256396,0.1199041196120104,0.0,28,31,31,30,31,0,-250,25,6,-37,12.7,12.7,12.7,12.6,12.6,-999,-999,-999,0.0,0.0,0.0
14.661556243896484,-0.0383496833217584,0.7961394257597044,-0.8590329064073882,0.3067974665740672,-1.2732094862823788,-11.064155754919572,-0.0383496833217584,0.7286439831134096,-0.8360230964143331,0.3083314539069375,-1.2826642983851642,-11.081499542760595,-2.69,-527.24,-172.16,-32.28,-126.43,0.0,-0.4556356545256396,0.4556356545256396,0.1199041196120104,0.0,28,31,31,30,31,0,-244,18,6,-37,12.7,12.7,12.8,12.6,12.6,-999,-999,-999,0.0,0.0,0.0
14.67868423461914,-0.0383496833217584,0.790003476428223,-0.8513629697430365,0.3067974665740672,-1.2732094862823788,-11.064155754919572,-0.0383496833217584,0.7194400591161876,-0.8252851850842408,0.3098654412398078,-1.2826642983851642,-11.081499542760595,-2.69,-516.48,-158.71,18.83,-126.43,0.0,-0.4556356545256396,0.4556356545256396,0.0959232956896083,0.0,28,31,31,30,31,0,-250,25,12,-37,12.7,12.7,12.8,12.6,12.6,-999,-999,-999,0.0,0.0,0.0
14.695598602294922,-0.0383496833217584,0.7807995524310011,-0.8421590457458145,0.3098654412398078,-1.2732094862823788,-11.064155754919572,-0.0398836706546287,0.7087021477860952,-0.8130132864212781,0.3098654412398078,-1.2826642983851642,-11.081499542760595,0.0,-500.34,-156.02,-56.49,-118.36,0.0,-0.4556356545256396,0.4796164784480417,0.0719424717672062,0.0,28,31,31,30,31,-7,-250,25,6,-37,12.7,12.7,12.7,12.6,12.6,-999,-999,-999,0.0,0.0,0.0
14.712639808654783,-0.0383496833217584,0.7731296157666494,-0.8344891090814628,0.3098654412398078,-1.2732094862823788,-11.064155754919572,-0.041417657987499,0.6994982237888732,-0.8022753750911857,0.3098654412398078,-1.2826642983851642,-11.081499542760595,48.42,-521.86,-166.78,-37.66,-123.74,0.0,-0.4556356545256396,0.4796164784480417,0.0719424717672062,0.0,28,31,31,30,31,-13,-250,18,0,-37,12.7,12.7,12.7,12.6,12.6,-999,-999,-999,0.0,0.0,0.0
14.729630708694458,-0.0398836706546287,0.7654596791022976,-0.8268191724171111,0.3113994285726782,-1.2732094862823788,-11.064155754919572,-0.041417657987499,0.6918282871245215,-0.7884694890953527,0.3113994285726782,-1.2826642983851642,-11.081499542760595,24.21,-473.44,-161.4,-29.59,-121.05,0.0,-0.4556356545256396,0.4796164784480417,0.0479616478448041,0.0,28,32,31,30,29,-7,-250,18,6,-37,12.7,12.7,12.7,12.6,12.6,-999,-999,-999,0.0,0.0,0.0
14.7465660572052,-0.0398836706546287,0.7562557551050757,-0.8191492357527594,0.3113994285726782,-1.2732094862823788,-11.064155754919572,-0.0429516453203694,0.6810903757944292,-0.77619759043239,0.3113994285726782,-1.2826642983851642,-11.081499542760595,8.07,-478.82,-161.4,-26.9,-121.05,0.0,-0.4556356545256396,0.4796164784480417,0.0479616478448041,0.0,28,31,31,30,32,-13,-244,25,0,-37,12.8,12.7,12.7,12.6,12.6,-999,-999,-999,0.0,0.0,0.0
14.76365613937378,-0.0398836706546287,0.7485858184407239,-0.8099453117555374,0.3113994285726782,-1.2732094862823788,-11.064155754919572,-0.0429516453203694,0.6626825277999852,-0.7485858184407239,0.3113994285726782,-1.2826642983851642,-11.081499542760595,2.69,-476.13,-147.95,-29.59,-118.36,0.0,-0.4796164784480417,0.4796164784480417,0.0479616478448041,0.0,28,31,31,30,32,-13,-250,25,0,-37,12.6,12.8,12.7,12.6,12.6,-999,-999,-999,0.0,0.0,0.0
14.7805438041687,-0.041417657987499,0.739381894443502,-0.8038093624240561,0.3129334159055486,-1.2732094862823788,-11.064155754919572,-0.0429516453203694,0.6626825277999852,-0.7485858184407239,0.3113994285726782,-1.2826642983851642,-11.081499542760595,0.0,-486.89,-164.09,-10.76,-126.43,-0.023980823922402,-0.4796164784480417,0.4556356545256396,0.023980823922402,0.0,28,31,31,30,32,-7,-244,25,-7,-37,12.7,12.7,12.7,12.6,12.5,-999,-999,-999,0.0,0.0,0.0
14.797622442245483,-0.0429516453203694,0.7332459451120206,-0.7961394257597044,0.3129334159055486,-1.2732094862823788,-11.064155754919572,-0.0429516453203694,0.6442746798055411,-0.7225080337819283,0.3113994285726782,-1.2826642983851642,-11.081499542760595,18.83,-470.75,-153.32999999999998,-32.28,-123.74,-0.023980823922402,-0.4796164784480417,0.4556356545256396,0.023980823922402,0.0,27,31,31,30,32,-7,-244,25,-13,-37,12.7,12.6,12.6,12.6,12.6,-999,-999,-999,0.0,0.0,0.0
14.814584255218506,-0.0429516453203694,0.7240420211147987,-0.7884694890953527,0.3113994285726782,-1.2732094862823788,-11.064155754919572,-0.0429516453203694,0.6442746798055411,-0.7225080337819283,0.3113994285726782,-1.2826642983851642,-11.081499542760595,0.0,-451.92,-147.95,-5.38,-123.74,-0.023980823922402,-0.4796164784480417,0.4556356545256396,0.023980823922402,0.0,28,31,31,30,32,0,-244,25,-7,-37,12.7,12.7,12.7,12.6,12.6,-999,-999,-999,0.0,0.0,0.0
14.83163833618164,-0.0444856326532397,0.7148380971175766,-0.7792655650981307,0.3129334159055486,-1.2732094862823788,-11.064155754919572,-0.0444856326532397,0.6227988571453564,-0.6964302491231326,0.3098654412398078,-1.2826642983851642,-11.081499542760595,0.0,-486.89,-166.78,-16.14,-121.05,-0.0479616478448041,-0.4796164784480417,0.4556356545256396,0.0,0.0,28,31,31,30,32,0,-244,18,-7,-31,12.7,12.8,12.7,12.6,12.6,-999,-999,-999,0.0,0.0,0.0
14.849541187286375,-0.04601961998611,0.707168160453225,-0.7700616411009087,0.3129334159055486,-1.2732094862823788,-11.064155754919572,-0.04601961998611,0.6151289204810048,-0.6826243631272996,0.3113994285726782,-1.2826642983851642,-11.081499542760595,0.0,-481.51,-161.4,10.76,-126.43,-0.0479616478448041,-0.4796164784480417,0.4556356545256396,0.0,0.0,28,31,31,30,32,6,-238,25,-13,-37,12.7,12.7,12.7,12.8,12.6,-999,-999,-999,0.0,0.0,0.0
14.866591453552246,-0.04601961998611,0.6979642364560029,-0.762391704436557,0.3129334159055486,-1.2732094862823788,-11.064155754919572,-0.04601961998611,0.6151289204810048,-0.6826243631272996,0.3113994285726782,-1.2826642983851642,-11.081499542760595,0.0,-500.34,-169.47,-32.28,-126.43,-0.0479616478448041,-0.4796164784480417,0.4556356545256396,0.0,0.0,28,31,31,30,31,0,-244,18,-7,-37,12.7,12.7,12.7,12.7,12.6,-999,-999,-999,0.0,0.0,0.0
14.883569717407228,-0.0475536073189804,0.6902942997916512,-0.7516537931064646,0.3129334159055486,-1.2732094862823788,-11.064155754919572,-0.04601961998611,0.6043910091509124,-0.6688184771314665,0.3098654412398078,-1.2826642983851642,-11.081499542760595,0.0,-494.96,-123.74,-29.59,-126.43,-0.0479616478448041,-0.4796164784480417,0.4796164784480417,0.0,0.0,28,31,31,30,32,0,-244,25,-13,-37,12.7,12.2,12.7,12.6,12.2,-999,-999,-999,0.0,0.0,0.0
14.900660276412964,-0.0475536073189804,0.6826243631272996,-0.743983856442113,0.3129334159055486,-1.2732094862823788,-11.064155754919572,-0.04601961998611,0.5875171484893387,-0.6396727178069301,0.3113994285726782,-1.2826642983851642,-11.081499542760595,0.0,-468.06,-142.57,-43.04,-126.43,-0.0479616478448041,-0.4796164784480417,0.4796164784480417,0.0,0.0,28,31,31,30,32,6,-244,25,-7,-37,12.7,12.7,12.7,12.7,12.6,-999,-999,-999,0.0,0.0,0.0
14.918562173843384,-0.0475536073189804,0.6734204391300775,-0.7363139197777613,0.3129334159055486,-1.2732094862823788,-11.064155754919572,-0.04601961998611,0.5767792371592464,-0.6289348064768377,0.3113994285726782,-1.2826642983851642,-11.081499542760595,0.0,-478.82,-147.95,-18.83,-118.36,-0.023980823922402,-0.4796164784480417,0.4796164784480417,0.0,0.0,28,31,31,30,32,6,-244,25,-7,-37,12.7,12.7,12.7,12.7,12.6,-999,-999,-999,0.0,0.0,0.0
14.935612440109251,-0.0475536073189804,0.6642165151328555,-0.7271099957805393,0.3129334159055486,-1.2732094862823788,-11.064155754919572,-0.0475536073189804,0.5675753131620244,-0.6151289204810048,0.3113994285726782,-1.2826642983851642,-11.081499542760595,0.0,-481.51,-158.71,-18.83,-123.74,-0.023980823922402,-0.4796164784480417,0.4796164784480417,0.0,0.0,28,31,31,31,31,6,-244,25,-7,-37,12.7,12.7,12.7,12.6,12.6,-999,-999,-999,0.0,0.0,0.0
14.952591896057127,-0.0475536073189804,0.6565465784685038,-0.7194400591161876,0.3129334159055486,-1.2732094862823788,-11.064155754919572,-0.0475536073189804,0.5675753131620244,-0.6151289204810048,0.3113994285726782,-1.2826642983851642,-11.081499542760595,0.0,-478.82,-185.61,-16.14,-126.43,-0.023980823922402,-0.4796164784480417,0.4796164784480417,0.0,0.0,28,31,31,31,31,0,-238,18,-7,-37,12.7,12.7,12.7,12.6,12.6,-999,-999,-999,0.0,0.0,0.0
14.969590902328491,-0.0475536073189804,0.6488766418041522,-0.7102361351189656,0.3129334159055486,-1.2732094862823788,-11.064155754919572,-0.0475536073189804,0.5583713891648023,-0.5997890471523014,0.3098654412398078,-1.2826642983851642,-11.081499542760595,-2.69,-465.37,-153.32999999999998,26.9,-126.43,0.0,-0.4796164784480417,0.4796164784480417,0.0,0.0,28,31,33,31,31,0,-244,25,-13,-37,12.7,12.7,12.7,12.6,12.6,-999,-999,-999,0.0,0.0,0.0
14.9866042137146,-0.0475536073189804,0.6396727178069301,-0.7010322111217435,0.3129334159055486,-1.2732094862823788,-11.064155754919572,-0.0475536073189804,0.5414975285032286,-0.5721772751606353,0.3113994285726782,-1.2826642983851642,-11.081499542760595,-2.69,-435.78,-156.02,-5.38,-126.43,0.0,-0.4796164784480417,0.4796164784480417,0.0,0.0,28,31,31,31,31,0,-238,18,-7,-37,12.7,12.7,12.7,12.8,12.6,-999,-999,-999,0.0,0.0,0.0
15.003702640533447,-0.050621581984721,0.6335367684754488,-0.6933622744573918,0.3129334159055486,-1.2732094862823788,-11.064155754919572,-0.0490875946518507,0.5307596171731362,-0.5599053764976727,0.3113994285726782,-1.2826642983851642,-11.081499542760595,-2.69,-468.06,-164.09,-2.69,-121.05,0.0,-0.4796164784480417,0.4796164784480417,0.0,0.0,28,31,31,31,31,0,-238,18,-7,-37,12.7,12.7,12.7,12.7,12.6,-999,-999,-999,0.0,0.0,0.0
15.020682334899902,-0.050621581984721,0.6243328444782268,-0.6841583504601698,0.3129334159055486,-1.2732094862823788,-11.064155754919572,-0.0490875946518507,0.5230896805087846,-0.5460994905018396,0.3113994285726782,-1.2826642983851642,-11.081499542760595,-2.69,-462.68,-147.95,-13.45,-126.43,0.0,-0.4796164784480417,0.4796164784480417,0.0,0.0,28,31,31,31,31,0,-232,25,-7,-37,12.7,12.7,12.8,12.7,12.6,-999,-999,-999,0.0,0.0,0.0
15.037659406661987,-0.050621581984721,0.6166629078138751,-0.6764884137958181,0.3129334159055486,-1.2732094862823788,-11.064155754919572,-0.0490875946518507,0.5154197438444329,-0.5322936045060066,0.3113994285726782,-1.2826642983851642,-11.081499542760595,-2.69,-462.68,-145.26,-13.45,-123.74,0.0,-0.4796164784480417,0.4796164784480417,0.0,0.0,28,31,31,31,31,6,-238,25,-7,-37,12.7,12.9,12.8,12.7,12.6,-999,-999,-999,0.0,0.0,0.0
15.054733514785768,-0.050621581984721,0.6074589838166531,-0.6688184771314665,0.3129334159055486,-1.2732094862823788,-11.064155754919572,-0.0490875946518507,0.5077498071800812,-0.5200217058430439,0.3113994285726782,-1.2826642983851642,-11.081499542760595,-2.69,-468.06,-156.02,-26.9,-121.05,0.0,-0.4796164784480417,0.4796164784480417,0.0,0.0,28,31,31,31,31,0,-238,18,-7,-37,12.7,12.8,12.7,12.6,12.6,-999,-999,-999,0.0,0.0,0.0
15.071693420410156,-0.0475536073189804,0.5997890471523014,-0.6611485404671148,0.3113994285726782,-1.2732094862823788,-11.064155754919572,-0.0490875946518507,0.4985458831828592,-0.5062158198472109,0.3113994285726782,-1.2826642983851642,-11.081499542760595,-2.69,-433.09,-126.43,-13.45,-126.43,0.0,-0.4796164784480417,0.4556356545256396,0.0,0.0,28,31,31,31,31,0,-232,62,-7,-37,12.7,12.8,12.7,12.6,12.6,-999,-999,-999,0.0,0.0,0.0
15.088682889938354,-0.0475536073189804,0.5905851231550794,-0.6534786038027631,0.3129334159055486,-1.2747434736152492,-11.067010339736138,-0.0490875946518507,0.4924099338513779,-0.4939439211842482,0.3113994285726782,-1.2826642983851642,-11.081499542760595,-2.69,-457.3,-139.88,-18.83,-118.36,0.0,-0.4796164784480417,0.4556356545256396,0.0,0.0,28,31,31,31,31,0,-232,25,-7,-37,12.7,12.7,12.7,12.7,12.6,-999,-999,-999,0.0,0.0,0.0
15.105690956115724,-0.0475536073189804,0.5829151864907277,-0.6442746798055411,0.3129334159055486,-1.2732094862823788,-11.064155754919572,-0.0490875946518507,0.4847399971870262,-0.4816720225212855,0.3129334159055486,-1.2826642983851642,-11.081499542760595,-2.69,-462.68,-150.64,-18.83,-126.43,0.0,-0.4796164784480417,0.4556356545256396,0.0,0.0,28,31,31,31,31,0,-232,25,-7,-37,12.7,12.7,12.7,12.7,12.6,-999,-999,-999,0.0,0.0,0.0
15.122711658477783,-0.050621581984721,0.575245249826376,-0.6381387304740598,0.3129334159055486,-1.2732094862823788,-11.064155754919572,-0.0490875946518507,0.4770700605226745,-0.4694001238583228,0.3144674032384189,-1.2826642983851642,-11.081499542760595,-2.69,-462.68,-158.71,-10.76,-121.05,0.0,-0.4796164784480417,0.4556356545256396,0.0,0.0,28,31,31,31,31,0,-232,25,0,-37,12.7,12.7,12.7,12.5,12.6,-999,-999,-999,0.0,0.0,0.0
15.140570163726808,-0.0475536073189804,0.5675753131620244,-0.6304687938097081,0.3129334159055486,-1.2732094862823788,-11.064155754919572,-0.0490875946518507,0.4694001238583228,-0.4586622125282305,0.3175353779041595,-1.2826642983851642,-11.081499542760595,-2.69,-465.37,-153.32999999999998,-18.83,-115.67,0.0,-0.4796164784480417,0.4556356545256396,0.0,0.0,28,31,31,31,32,0,-238,25,6,-37,12.7,12.7,12.7,12.6,12.6,-999,-999,-999,0.0,0.0,0.0
15.157630681991575,-0.0475536073189804,0.5583713891648023,-0.6212648698124861,0.3144674032384189,-1.2732094862823788,-11.064155754919572,-0.0490875946518507,0.4694001238583228,-0.4586622125282305,0.3175353779041595,-1.2826642983851642,-11.081499542760595,-2.69,-446.54,-153.32999999999998,-5.38,-126.43,0.0,-0.4556356545256396,0.4796164784480417,0.0,0.0,28,31,31,31,32,0,-232,25,6,-37,12.7,12.7,12.7,12.6,12.6,-999,-999,-999,0.0,0.0,0.0
15.174641609191896,-0.0475536073189804,0.5491674651675803,-0.6135949331481344,0.3160013905712892,-1.2732094862823788,-11.064155754919572,-0.0490875946518507,0.4617301871939711,-0.4463903138652678,0.3206033525699002,-1.2826642983851642,-11.081499542760595,-2.69,-451.92,-147.95,-10.76,-126.43,0.0,-0.4556356545256396,0.4796164784480417,0.023980823922402,0.0,28,31,31,31,32,0,-238,25,12,-37,12.7,12.7,12.7,12.6,12.6,-999,-999,-999,0.0,0.0,0.0
15.191601991653442,-0.0475536073189804,0.5414975285032286,-0.6043910091509124,0.3190693652370299,-1.2732094862823788,-11.064155754919572,-0.0490875946518507,0.4540602505296194,-0.4356524025351754,0.3252053145685112,-1.2826642983851642,-11.081499542760595,-2.69,-451.92,-164.09,32.28,-126.43,0.0,-0.4556356545256396,0.4796164784480417,0.0479616478448041,0.0,28,31,31,31,32,0,-232,18,12,-37,12.7,12.7,12.7,12.6,12.6,-999,-999,-999,0.0,0.0,0.0
15.208571910858154,-0.0475536073189804,0.5353615791717473,-0.5967210724865607,0.3221373399027705,-1.2732094862823788,-11.064155754919572,-0.0490875946518507,0.4463903138652678,-0.4279824658708237,0.3298072765671222,-1.2826642983851642,-11.081499542760595,-2.69,-465.37,-156.02,-110.29,-123.74,0.0,-0.4796164784480417,0.4796164784480417,0.0719424717672062,0.0,28,31,30,31,32,0,-232,18,18,-37,12.7,12.7,12.7,12.6,12.6,-999,-999,-999,0.0,0.0,0.0
15.225501775741575,-0.0475536073189804,0.5261576551745253,-0.589051135822209,0.3267393019013815,-1.2732094862823788,-11.064155754919572,-0.0490875946518507,0.4402543645337864,-0.4187785418736017,0.3344092385657332,-1.2826642983851642,-11.081499542760595,-2.69,-446.54,-156.02,-61.87,-118.36,0.0,-0.4796164784480417,0.4556356545256396,0.1199041196120104,0.0,28,31,30,31,31,0,-232,25,31,-37,12.7,12.7,12.7,12.6,12.6,-999,-999,-999,0.0,0.0,0.0
15.242530107498167,-0.0475536073189804,0.5184877185101736,-0.5813811991578574,0.3298072765671222,-1.2732094862823788,-11.064155754919572,-0.0490875946518507,0.4341184152023051,-0.4095746178763797,0.3405451878972146,-1.2826642983851642,-11.081499542760595,-2.69,-433.09,-150.64,-10.76,-123.74,0.0,-0.4796164784480417,0.4556356545256396,0.1678657674568146,0.0,28,31,30,31,31,0,-232,25,49,-37,12.7,12.7,12.7,12.6,12.6,-999,-999,-999,0.0,0.0,0.0
15.259578466415403,-0.050621581984721,0.5108177818458219,-0.5721772751606353,0.3344092385657332,-1.2732094862823788,-11.064155754919572,-0.0490875946518507,0.420312529206472,-0.3942347445476764,0.3512830992273069,-1.2826642983851642,-11.081499542760595,-2.69,-419.64,-145.26,-21.52,-126.43,0.0,-0.4796164784480417,0.4556356545256396,0.1918465913792167,0.0,28,31,30,31,31,0,-232,25,31,-37,12.7,12.7,12.8,12.6,12.6,-999,-999,-999,0.0,0.0,0.0
15.276565074920654,-0.0475536073189804,0.5016138578485999,-0.5645073384962837,0.3390112005643442,-1.2732094862823788,-11.064155754919572,-0.0490875946518507,0.420312529206472,-0.3942347445476764,0.3512830992273069,-1.2826642983851642,-11.081499542760595,-2.69,-438.47,-150.64,-115.67,-118.36,0.0,-0.4796164784480417,0.4556356545256396,0.2158274153016187,0.0,28,31,29,31,31,0,-225,25,31,-37,12.7,12.7,12.7,12.6,12.6,-999,-999,-999,0.0,0.0,0.0
15.29352068901062,-0.0475536073189804,0.4924099338513779,-0.5553034144990616,0.3451471498958256,-1.2732094862823788,-11.064155754919572,-0.0490875946518507,0.4141765798749907,-0.3865648078833247,0.3574190485587883,-1.2826642983851642,-11.081499542760595,-2.69,-443.85,-158.71,-16.14,-126.43,0.0,-0.4796164784480417,0.4556356545256396,0.2398082392240208,0.0,28,31,30,31,31,0,-232,25,37,-37,12.7,12.7,12.8,12.7,12.6,-999,-999,-999,0.0,0.0,0.0
15.31064772605896,-0.0475536073189804,0.4847399971870262,-0.54763347783471,0.3512830992273069,-1.2732094862823788,-11.064155754919572,-0.0490875946518507,0.401904681212028,-0.3742929092203619,0.3712249345546213,-1.2826642983851642,-11.081499542760595,-2.69,-425.02,-145.26,-26.9,-123.74,0.0,-0.4796164784480417,0.4556356545256396,0.263789063146423,0.0,28,31,28,31,31,0,-232,31,37,-37,12.7,12.7,12.7,12.7,12.6,-999,-999,-999,0.0,0.0,0.0
15.327647924423218,-0.0475536073189804,0.4770700605226745,-0.5399635411703583,0.3558850612259179,-1.2732094862823788,-11.064155754919572,-0.0490875946518507,0.3942347445476764,-0.3681569598888806,0.378894871218973,-1.2826642983851642,-11.081499542760595,-2.69,-416.95,-139.88,-83.39,-126.43,0.0,-0.4796164784480417,0.4796164784480417,0.263789063146423,0.0,28,31,30,31,31,0,-232,25,43,-37,12.7,12.7,12.7,12.6,12.6,-999,-999,-999,0.0,0.0,0.0
15.34457540512085,-0.0475536073189804,0.4678661365254525,-0.5322936045060066,0.3620210105573993,-1.2732094862823788,-11.064155754919572,-0.0490875946518507,0.3942347445476764,-0.3681569598888806,0.378894871218973,-1.2826642983851642,-11.081499542760595,-2.69,-406.19,-145.26,18.83,-126.43,0.0,-0.4796164784480417,0.4796164784480417,0.287769887068825,0.0,28,31,30,31,32,0,-225,25,50,-37,12.7,12.7,12.7,12.6,12.6,-999,-999,-999,0.0,0.0,0.0
15.361538410186768,-0.050621581984721,0.4601961998611008,-0.5230896805087846,0.369690947221751,-1.2747434736152492,-11.067010339736138,-0.0490875946518507,0.388098795216195,-0.3635549978902696,0.3850308205504543,-1.2826642983851642,-11.081499542760595,-2.69,-441.16,-156.02,-56.49,-123.74,0.0,-0.4796164784480417,0.4796164784480417,0.3117507109912271,0.0,28,31,30,31,32,0,-225,25,56,-37,12.7,12.7,12.7,12.6,12.6,-999,-999,-999,0.0,0.0,0.0
15.378541231155396,-0.0475536073189804,0.4525262631967491,-0.5154197438444329,0.3758268965532323,-1.2747434736152492,-11.067010339736138,-0.0490875946518507,0.3804288585518433,-0.3589530358916586,0.392700757214806,-1.2826642983851642,-11.081499542760595,-2.69,-470.75,-147.95,-80.7,-112.98,0.0,-0.4796164784480417,0.4796164784480417,0.3357315349136292,0.0,28,31,30,30,31,0,-225,25,50,-31,12.7,12.7,12.7,12.7,12.6,-999,-999,-999,0.0,0.0,0.0
15.395655393600464,-0.0475536073189804,0.4433223391995271,-0.5062158198472109,0.383496833217584,-1.2747434736152492,-11.067010339736138,-0.0490875946518507,0.369690947221751,-0.3497491118944366,0.4049726558777687,-1.2826642983851642,-11.081499542760595,-2.69,-443.85,-150.64,-10.76,-118.36,0.0,-0.4796164784480417,0.4796164784480417,0.3597123588360313,0.0,28,31,31,30,31,0,-232,18,50,-37,12.7,12.7,12.7,12.7,12.6,-999,-999,-999,0.0,0.0,0.0
15.412621974945068,-0.0475536073189804,0.4371863898680457,-0.4985458831828592,0.3896327825490653,-1.2747434736152492,-11.067010339736138,-0.0490875946518507,0.3635549978902696,-0.3451471498958256,0.4126425925421204,-1.2826642983851642,-11.081499542760595,-2.69,-486.89,-134.5,-18.83,-126.43,0.0,-0.4796164784480417,0.4796164784480417,0.3836931827584334,0.0,28,31,31,30,31,0,-232,25,50,-37,12.7,12.7,12.7,12.7,12.6,-999,-999,-999,0.0,0.0,0.0
15.42961883544922,-0.0475536073189804,0.4295164532036941,-0.4893419591856371,0.3957687318805467,-1.2732094862823788,-11.064155754919572,-0.0490875946518507,0.3635549978902696,-0.3451471498958256,0.4126425925421204,-1.2826642983851642,-11.081499542760595,-2.69,-419.64,-150.64,-45.73,-121.05,0.0,-0.4556356545256396,0.4796164784480417,0.3836931827584334,0.0,28,31,31,30,31,0,-232,25,50,-37,12.7,12.6,12.7,12.6,12.6,-999,-999,-999,0.0,0.0,0.0
15.446640968322754,-0.0475536073189804,0.420312529206472,-0.4816720225212855,0.4034386685448983,-1.2732094862823788,-11.064155754919572,-0.0490875946518507,0.3497491118944366,-0.3359432258986036,0.4264484785379534,-1.2826642983851642,-11.081499542760595,-2.69,-441.16,-188.3,-102.22,-123.74,0.0,-0.4556356545256396,0.4796164784480417,0.3836931827584334,0.0,28,31,31,30,31,0,-225,-14,50,-37,12.7,12.7,12.7,12.6,12.5,-999,-999,-999,0.0,0.0,0.0
15.463652610778809,-0.0475536073189804,0.4126425925421204,-0.4740020858569338,0.4095746178763797,-1.2732094862823788,-11.064155754919572,-0.0490875946518507,0.3451471498958256,-0.3313412638999926,0.4341184152023051,-1.2826642983851642,-11.081499542760595,-2.69,-427.71,-166.78,-18.83,-123.74,0.0,-0.4556356545256396,0.4796164784480417,0.3836931827584334,0.0,28,31,31,30,31,0,-225,25,56,-37,12.7,12.7,12.7,12.7,12.6,-999,-999,-999,0.0,0.0,0.0
15.48056435585022,-0.0475536073189804,0.4049726558777687,-0.4647981618597118,0.415710567207861,-1.2732094862823788,-11.064155754919572,-0.0490875946518507,0.3451471498958256,-0.3313412638999926,0.4341184152023051,-1.2826642983851642,-11.081499542760595,-2.69,-438.47,-158.71,-34.97,-118.36,0.0,-0.4556356545256396,0.4796164784480417,0.3836931827584334,0.0,28,31,31,30,31,0,-232,25,56,-37,12.7,12.7,12.7,12.7,12.6,-999,-999,-999,0.0,0.0,0.0
15.497563123703005,-0.0475536073189804,0.397302719213417,-0.4571282251953601,0.4233805038722127,-1.2732094862823788,-11.064155754919572,-0.0490875946518507,0.3374772132314739,-0.3267393019013815,0.4417883518666567,-1.2826642983851642,-11.081499542760595,-2.69,-422.33,-147.95,-16.14,-121.05,0.0,-0.4556356545256396,0.4796164784480417,0.3836931827584334,0.0,28,31,31,30,31,0,-225,18,56,-37,12.7,12.7,12.7,12.6,12.6,-999,-999,-999,0.0,0.0,0.0
15.51461672782898,-0.0475536073189804,0.388098795216195,-0.4494582885310084,0.4310504405365644,-1.2732094862823788,-11.064155754919572,-0.0490875946518507,0.3252053145685112,-0.3160013905712892,0.4555942378624898,-1.2826642983851642,-11.081499542760595,-2.69,-387.36,-153.32999999999998,-43.04,-126.43,0.0,-0.4556356545256396,0.4796164784480417,0.3836931827584334,0.0,28,31,31,30,31,0,-219,25,56,-37,12.7,12.7,12.7,12.6,12.6,-999,-999,-999,0.0,0.0,0.0
15.5316002368927,-0.0475536073189804,0.3804288585518433,-0.4417883518666567,0.4387203772009161,-1.2732094862823788,-11.064155754919572,-0.0490875946518507,0.3175353779041595,-0.3098654412398078,0.4617301871939711,-1.2826642983851642,-11.081499542760595,-2.69,-392.74,-142.57,-37.66,-123.74,0.0,-0.4556356545256396,0.4796164784480417,0.4076740066808355,0.0,28,31,31,30,31,0,-213,25,56,-37,12.7,12.7,12.7,12.6,12.6,-999,-999,-999,0.0,0.0,0.0
15.548536777496338,-0.0475536073189804,0.3712249345546213,-0.4325844278694347,0.4448563265323974,-1.2732094862823788,-11.064155754919572,-0.0490875946518507,0.3175353779041595,-0.3098654412398078,0.4617301871939711,-1.2826642983851642,-11.081499542760595,-2.69,-398.12,-147.95,-56.49,-118.36,0.0,-0.4796164784480417,0.4796164784480417,0.4076740066808355,0.0,28,31,31,30,31,0,-213,25,56,-37,12.7,12.7,12.7,12.6,12.6,-999,-999,-999,0.0,0.0,0.0
15.565739631652832,-0.0475536073189804,0.3635549978902696,-0.424914491205083,0.4525262631967491,-1.2732094862823788,-11.064155754919572,-0.0490875946518507,0.3037294919083265,-0.2975935425768451,0.4740020858569338,-1.2826642983851642,-11.081499542760595,-2.69,-398.12,-139.88,-34.97,-115.67,0.0,-0.4796164784480417,0.4796164784480417,0.4076740066808355,0.0,28,31,31,30,31,0,-207,25,50,-37,12.7,12.7,12.7,12.6,12.6,-999,-999,-999,0.0,0.0,0.0
15.583479166030884,-0.0475536073189804,0.3558850612259179,-0.415710567207861,0.4586622125282305,-1.2732094862823788,-11.064155754919572,-0.0490875946518507,0.2975935425768451,-0.2914575932453638,0.4801380351884152,-1.2826642983851642,-11.081499542760595,-2.69,-384.67,-147.95,-59.18,-118.36,0.0,-0.4556356545256396,0.4796164784480417,0.4076740066808355,0.0,28,31,31,30,31,6,-207,31,50,-37,12.7,12.7,12.7,12.6,12.6,-999,-999,-999,0.0,0.0,0.0
15.600515842437744,-0.0475536073189804,0.3497491118944366,-0.4080406305435093,0.4663321491925821,-1.2732094862823788,-11.064155754919572,-0.0490875946518507,0.2975935425768451,-0.2914575932453638,0.4801380351884152,-1.2826642983851642,-11.081499542760595,-2.69,-376.6,-137.19,13.45,-126.43,0.0,-0.4316548306032375,0.4796164784480417,0.3836931827584334,0.0,28,31,31,30,32,0,-207,31,50,-37,12.7,12.7,12.7,12.6,12.6,-999,-999,-999,0.0,0.0,0.0
15.61754298210144,-0.050621581984721,0.3420791752300849,-0.3988367065462873,0.4709341111911931,-1.2732094862823788,-11.064155754919572,-0.0490875946518507,0.2899236059124935,-0.2837876565810122,0.4878079718527668,-1.2826642983851642,-11.081499542760595,-2.69,-381.98,-142.57,-40.35,-121.05,0.0,-0.4316548306032375,0.4796164784480417,0.3836931827584334,0.0,28,31,31,30,32,0,-200,31,50,-37,12.7,12.7,12.7,12.6,12.6,-999,-999,-999,0.0,0.0,0.0
15.63464331626892,-0.0475536073189804,0.3344092385657332,-0.3911667698819356,0.4770700605226745,-1.2732094862823788,-11.064155754919572,-0.0490875946518507,0.2761177199166604,-0.2699817705851791,0.5016138578485999,-1.2826642983851642,-11.081499542760595,-2.69,-392.74,-156.02,-69.94,-123.74,0.0,-0.4316548306032375,0.4796164784480417,0.3597123588360313,0.0,28,31,31,29,32,6,-200,25,50,-37,12.7,12.7,12.7,12.6,12.6,-999,-999,-999,0.0,0.0,0.0
15.65251874923706,-0.050621581984721,0.3282732892342519,-0.383496833217584,0.4847399971870262,-1.2747434736152492,-11.067010339736138,-0.0490875946518507,0.2699817705851791,-0.2623118339208274,0.5077498071800812,-1.2826642983851642,-11.081499542760595,-2.69,-392.74,-156.02,-51.11,-126.43,0.0,-0.4076740066808355,0.4796164784480417,0.3597123588360313,0.0,28,31,31,30,32,0,-200,25,50,-37,12.7,12.7,12.7,12.6,12.6,-999,-999,-999,0.0,0.0,0.0
15.669517517089844,-0.0475536073189804,0.3206033525699002,-0.3742929092203619,0.4924099338513779,-1.2732094862823788,-11.064155754919572,-0.0490875946518507,0.2699817705851791,-0.2623118339208274,0.5077498071800812,-1.2826642983851642,-11.081499542760595,-2.69,-392.74,-123.74,-56.49,-126.43,0.0,-0.4076740066808355,0.4796164784480417,0.3597123588360313,0.0,28,31,31,30,32,6,-200,25,50,-37,12.7,12.7,12.7,12.6,12.6,-999,-999,-999,0.0,0.0,0.0
15.686639308929443,-0.0475536073189804,0.3144674032384189,-0.36508898522314,0.4985458831828592,-1.2732094862823788,-11.064155754919572,-0.0490875946518507,0.2623118339208274,-0.2546418972564758,0.5138857565115625,-1.2826642983851642,-11.081499542760595,-2.69,-443.85,-161.4,-59.18,-121.05,0.0,-0.3836931827584334,0.4796164784480417,0.3597123588360313,0.0,28,31,31,30,31,0,-257,18,56,-37,12.7,12.7,12.8,12.7,12.6,-999,-999,-999,0.0,0.0,0.0
15.704530000686646,-0.0475536073189804,0.3083314539069375,-0.3574190485587883,0.5046818325143405,-1.2732094862823788,-11.064155754919572,-0.0490875946518507,0.2485059479249944,-0.2423699985935131,0.5276916425073956,-1.2826642983851642,-11.081499542760595,-2.69,-392.74,-166.78,-10.76,-126.43,0.0,-0.3836931827584334,0.4796164784480417,0.3836931827584334,0.0,28,31,30,31,31,0,-200,18,43,-37,12.7,12.6,12.8,12.6,12.6,-999,-999,-999,0.0,0.0,0.0
15.721617460250854,-0.050621581984721,0.3006615172425858,-0.3482151245615663,0.5123517691786922,-1.2732094862823788,-11.064155754919572,-0.0490875946518507,0.2393020239277724,-0.2362340492620317,0.5353615791717473,-1.2826642983851642,-11.081499542760595,-2.69,-395.43,-164.09,-43.04,-123.74,0.0,-0.3836931827584334,0.4796164784480417,0.3836931827584334,0.0,28,32,30,31,31,0,-200,18,43,-37,12.7,12.7,12.6,12.6,12.6,-999,-999,-999,0.0,0.0,0.0
15.739483118057253,-0.0475536073189804,0.2945255679111045,-0.3420791752300849,0.5200217058430439,-1.2732094862823788,-11.064155754919572,-0.0475536073189804,0.233166074596291,-0.22856411259768,0.543031515836099,-1.2826642983851642,-11.081499542760595,-2.69,-419.64,-172.16,-131.81,-118.36,0.0,-0.3836931827584334,0.4796164784480417,0.3597123588360313,0.0,28,32,30,30,34,0,-207,18,50,-37,12.7,12.8,12.7,12.7,12.6,-999,-999,-999,0.0,0.0,0.0
15.756498336791992,-0.0475536073189804,0.2868556312467528,-0.3344092385657332,0.5261576551745253,-1.2732094862823788,-11.064155754919572,-0.0475536073189804,0.233166074596291,-0.22856411259768,0.543031515836099,-1.2826642983851642,-11.081499542760595,-2.69,-406.19,-134.5,-91.46,-126.43,0.0,-0.3836931827584334,0.4796164784480417,0.3597123588360313,0.0,28,31,30,30,32,0,-207,25,43,-37,12.7,12.7,12.7,12.7,12.6,-999,-999,-999,0.0,0.0,0.0
15.773533582687378,-0.0475536073189804,0.2791856945824011,-0.3252053145685112,0.5322936045060066,-1.2732094862823788,-11.064155754919572,-0.0475536073189804,0.2254961379319394,-0.219360188600458,0.5507014525004507,-1.2826642983851642,-11.081499542760595,-2.69,-403.5,-115.67,-48.42,-118.36,0.0,-0.3836931827584334,0.4796164784480417,0.3597123588360313,0.0,28,31,30,30,31,6,-207,25,56,-37,12.7,12.7,12.7,12.6,12.6,-999,-999,-999,0.0,0.0,0.0
15.790509223937988,-0.0475536073189804,0.2730497452509198,-0.3190693652370299,0.5384295538374879,-1.2732094862823788,-11.064155754919572,-0.0475536073189804,0.219360188600458,-0.2132242392689767,0.5583713891648023,-1.2826642983851642,-11.081499542760595,-2.69,-387.36,-142.57,-104.91,-123.74,0.0,-0.3836931827584334,0.4556356545256396,0.3597123588360313,0.0,28,31,30,30,31,6,-207,25,62,-37,12.7,12.7,12.6,12.6,12.6,-999,-999,-999,0.0,0.0,0.0
15.807568311691284,-0.0475536073189804,0.2653798085865681,-0.3098654412398078,0.5460994905018396,-1.2732094862823788,-11.064155754919572,-0.04601961998611,0.205554302604625,-0.1978843659402733,0.5737112624935057,-1.2826642983851642,-11.081499542760595,-2.69,-368.53,-145.26,-21.52,-118.36,0.0,-0.4076740066808355,0.4556356545256396,0.3836931827584334,0.0,28,31,30,30,31,0,-207,25,56,-31,12.7,12.7,12.7,12.6,12.6,-999,-999,-999,0.0,0.0,0.0
15.824509620666504,-0.0475536073189804,0.2561758845893461,-0.3021955045754562,0.5537694271661913,-1.2732094862823788,-11.064155754919572,-0.04601961998611,0.205554302604625,-0.1978843659402733,0.5737112624935057,-1.2826642983851642,-11.081499542760595,-2.69,-347.01,-150.64,-34.97,-126.43,0.0,-0.4076740066808355,0.4556356545256396,0.3836931827584334,0.0,28,31,30,30,31,6,-200,25,56,-37,12.7,12.7,12.7,12.6,12.6,-999,-999,-999,0.0,0.0,0.0
15.841609477996826,-0.0475536073189804,0.2485059479249944,-0.2929915805782341,0.5614393638305429,-1.2732094862823788,-11.064155754919572,-0.04601961998611,0.191748416608792,-0.18254449261157,0.589051135822209,-1.2826642983851642,-11.081499542760595,0.0,-357.77,-158.71,-5.38,-126.43,0.0,-0.4076740066808355,0.4556356545256396,0.4076740066808355,0.0,28,31,30,30,31,6,-194,25,50,-37,12.7,12.7,12.7,12.6,12.6,-999,-999,-999,0.0,0.0,0.0
15.858559370040894,-0.050621581984721,0.2408360112606427,-0.2853216439138825,0.5691093004948946,-1.2732094862823788,-11.064155754919572,-0.04601961998611,0.191748416608792,-0.18254449261157,0.589051135822209,-1.2826642983851642,-11.081499542760595,-5.38,-357.77,-137.19,-61.87,-123.74,0.0,-0.4316548306032375,0.4796164784480417,0.4076740066808355,0.0,28,31,31,31,31,6,-188,25,62,-37,12.7,12.7,12.7,12.6,12.6,-999,-999,-999,0.0,0.0,0.0
15.875622987747192,-0.0475536073189804,0.2347000619291614,-0.2761177199166604,0.5767792371592464,-1.2732094862823788,-11.064155754919572,-0.0444856326532397,0.1794765179458293,-0.1641366446171259,0.6059249964837827,-1.2826642983851642,-11.081499542760595,26.9,-352.39,-161.4,59.18,-123.74,0.0,-0.4316548306032375,0.4796164784480417,0.4076740066808355,0.0,28,31,31,31,31,12,-194,25,62,-37,12.8,12.7,12.7,12.6,12.6,-999,-999,-999,0.0,0.0,0.0
15.892608642578123,-0.0475536073189804,0.2270301252648097,-0.2684477832523088,0.5844491738235981,-1.2732094862823788,-11.064155754919572,-0.0444856326532397,0.1718065812814776,-0.1564667079527743,0.6135949331481344,-1.2826642983851642,-11.081499542760595,0.0,-360.46,-129.12,-102.22,-123.74,0.0,-0.4316548306032375,0.4796164784480417,0.4076740066808355,0.0,28,30,32,31,31,12,-194,25,62,-37,12.7,12.7,12.7,12.6,12.6,-999,-999,-999,0.0,0.0,0.0
15.909501552581789,-0.04601961998611,0.2208941759333283,-0.2607778465879571,0.59365309782082,-1.2732094862823788,-11.064155754919572,-0.0444856326532397,0.1718065812814776,-0.1564667079527743,0.6135949331481344,-1.2826642983851642,-11.081499542760595,8.07,-371.22,-158.71,0.0,-126.43,0.0,-0.4076740066808355,0.4556356545256396,0.4316548306032375,0.0,28,31,31,31,31,12,-244,25,62,-37,12.7,12.7,12.7,12.6,12.5,-999,-999,-999,0.0,0.0,0.0
15.926572799682615,-0.04601961998611,0.2132242392689767,-0.2531079099236054,0.6013230344851717,-1.2732094862823788,-11.064155754919572,-0.0444856326532397,0.1656706319499963,-0.1487967712884225,0.6212648698124861,-1.2826642983851642,-11.081499542760595,-8.07,-330.87,-156.02,-13.45,-123.74,0.0,-0.4076740066808355,0.4556356545256396,0.4316548306032375,0.0,27,31,30,31,31,6,-188,25,62,-37,12.7,12.7,12.7,12.6,12.6,-999,-999,-999,0.0,0.0,0.0
15.943572282791138,-0.04601961998611,0.2070882899374953,-0.2454379732592537,0.6089929711495234,-1.2732094862823788,-11.064155754919572,-0.0429516453203694,0.1518647459541632,-0.1349908852925895,0.6381387304740598,-1.2826642983851642,-11.081499542760595,-2.69,-341.63,-147.95,-51.11,-112.98,0.0,-0.4076740066808355,0.4556356545256396,0.4316548306032375,0.0,27,31,30,30,31,6,-182,25,62,-31,12.7,12.8,12.7,12.6,12.6,-999,-999,-999,0.0,0.0,0.0
15.960504531860352,-0.04601961998611,0.1994183532731436,-0.2377680365949021,0.6166629078138751,-1.2732094862823788,-11.064155754919572,-0.0429516453203694,0.1518647459541632,-0.1349908852925895,0.6381387304740598,-1.2826642983851642,-11.081499542760595,5.38,-360.46,-150.64,-26.9,-123.74,0.0,-0.4076740066808355,0.4796164784480417,0.4556356545256396,0.0,27,31,30,30,31,6,-188,25,68,-37,12.7,12.8,12.7,12.6,12.6,-999,-999,-999,0.0,0.0,0.0
15.97749948501587,-0.0444856326532397,0.1932824039416623,-0.22856411259768,0.6243328444782268,-1.2732094862823788,-11.064155754919572,-0.0429516453203694,0.1457287966226819,-0.1257869612953675,0.6442746798055411,-1.2826642983851642,-11.081499542760595,-10.76,-365.84,-147.95,-45.73,-126.43,0.0,-0.4076740066808355,0.4796164784480417,0.4556356545256396,0.0,28,31,30,30,32,6,-188,25,68,-37,12.7,12.7,12.7,12.6,12.6,-999,-999,-999,0.0,0.0,0.0
15.994481325149536,-0.0444856326532397,0.1871464546101809,-0.2208941759333283,0.6320027811425785,-1.2732094862823788,-11.064155754919572,-0.0429516453203694,0.1395928472912005,-0.1196510119638862,0.6504106291370224,-1.2826642983851642,-11.081499542760595,-2.69,-363.15,-156.02,-56.49,-126.43,0.023980823922402,-0.3836931827584334,0.4796164784480417,0.4556356545256396,0.0,28,31,30,31,32,6,-188,25,56,-37,12.8,12.8,12.7,12.6,12.6,-999,-999,-999,0.0,0.0,0.0
16.011552095413208,-0.0444856326532397,0.1794765179458293,-0.2132242392689767,0.6396727178069301,-1.2732094862823788,-11.064155754919572,-0.0398836706546287,0.1288549359611082,-0.1043111386351828,0.6642165151328555,-1.2826642983851642,-11.081499542760595,40.35,-336.25,-158.71,-45.73,-137.19,0.023980823922402,-0.3836931827584334,0.4796164784480417,0.4556356545256396,0.0,28,31,30,30,32,12,-188,25,43,-43,12.8,12.7,12.7,12.6,12.6,-999,-999,-999,0.0,0.0,0.0
16.02852773666382,-0.0429516453203694,0.1733405686143479,-0.2040203152717546,0.6473426544712818,-1.2732094862823788,-11.064155754919572,-0.0398836706546287,0.1242529739624972,-0.0981751893037015,0.6718864517972072,-1.2826642983851642,-11.081499542760595,2.69,-352.39,-147.95,-32.28,-126.43,0.023980823922402,-0.3836931827584334,0.4796164784480417,0.4316548306032375,0.0,28,31,30,30,32,12,-182,25,50,-37,12.8,12.7,12.7,12.6,12.5,-999,-999,-999,0.0,0.0,0.0
16.045555114746094,-0.0429516453203694,0.1672046192828666,-0.196350378607403,0.6534786038027631,-1.2732094862823788,-11.064155754919572,-0.0398836706546287,0.1242529739624972,-0.0981751893037015,0.6718864517972072,-1.2826642983851642,-11.081499542760595,5.38,-365.84,-145.26,-34.97,-118.36,0.023980823922402,-0.3836931827584334,0.4796164784480417,0.4076740066808355,0.0,28,31,30,30,31,12,-182,25,56,-31,12.8,12.7,12.7,12.6,12.5,-999,-999,-999,0.0,0.0,0.0
16.062546253204346,-0.0429516453203694,0.1610686699513852,-0.1886804419430513,0.6611485404671148,-1.2732094862823788,-11.064155754919572,-0.0398836706546287,0.1196510119638862,-0.0889712653064794,0.6780224011286885,-1.2826642983851642,-11.081499542760595,8.07,-344.32,-142.57,-32.28,-126.43,0.023980823922402,-0.3597123588360313,0.4796164784480417,0.3836931827584334,0.0,28,31,31,30,31,12,-175,25,56,-37,12.7,12.7,12.7,12.6,12.6,-999,-999,-999,0.0,0.0,0.0
16.079669952392578,-0.041417657987499,0.1564667079527743,-0.1810105052786996,0.6688184771314665,-1.2732094862823788,-11.064155754919572,-0.0383496833217584,0.1104470879666641,-0.0751653793106464,0.6918282871245215,-1.2826642983851642,-11.081499542760595,26.9,-330.87,-137.19,-34.97,-126.43,0.023980823922402,-0.3597123588360313,0.4796164784480417,0.3836931827584334,0.0,28,31,31,30,31,12,-175,25,56,-37,12.7,12.7,12.8,12.6,12.6,-999,-999,-999,0.0,0.0,0.0
16.096626043319702,-0.0398836706546287,0.1503307586212929,-0.1733405686143479,0.6749544264629479,-1.2747434736152492,-11.067010339736138,-0.0383496833217584,0.1058451259680531,-0.0659614553134244,0.6994982237888732,-1.2826642983851642,-11.081499542760595,-18.83,-344.32,-137.19,-21.52,-126.43,0.023980823922402,-0.3357315349136292,0.4556356545256396,0.3836931827584334,0.0,28,31,32,30,31,6,-163,31,50,-37,12.7,12.7,12.7,12.6,12.6,-999,-999,-999,0.0,0.0,0.0
16.113646030426025,-0.0383496833217584,0.1472627839555522,-0.1641366446171259,0.6810903757944292,-1.2732094862823788,-11.064155754919572,-0.0383496833217584,0.1027771513023125,-0.0598255059819431,0.7056341731203546,-1.2826642983851642,-11.081499542760595,0.0,-330.87,-139.88,-75.32,-121.05,0.0479616478448041,-0.3117507109912271,0.4556356545256396,0.4076740066808355,0.0,28,31,31,31,31,0,-169,31,50,-37,12.8,12.7,12.7,12.6,12.6,-999,-999,-999,0.0,0.0,0.0
16.130524396896362,-0.0383496833217584,0.1411268346240709,-0.1564667079527743,0.6887603124587809,-1.2732094862823788,-11.064155754919572,-0.0383496833217584,0.1027771513023125,-0.0598255059819431,0.7056341731203546,-1.2826642983851642,-11.081499542760595,-8.07,-336.25,-164.09,-10.76,-126.43,0.0479616478448041,-0.3117507109912271,0.4556356545256396,0.3836931827584334,0.0,28,31,31,31,31,0,-163,25,50,-37,12.8,12.8,12.8,12.7,12.6,-999,-999,-999,0.0,0.0,0.0
16.147642135620117,-0.0383496833217584,0.1380588599583302,-0.1487967712884225,0.6948962617902622,-1.2732094862823788,-11.064155754919572,-0.036815695988888,0.0935732273050904,-0.0429516453203694,0.7179060717833172,-1.2826642983851642,-11.081499542760595,-5.38,-371.22,-142.57,-18.83,-118.36,0.0479616478448041,-0.3117507109912271,0.4556356545256396,0.3836931827584334,0.0,28,31,30,31,31,6,-213,31,62,-37,12.7,12.7,12.7,12.7,12.6,-999,-999,-999,0.0,0.0,0.0
16.16459059715271,-0.036815695988888,0.1334568979597192,-0.1411268346240709,0.7025661984546139,-1.2732094862823788,-11.064155754919572,-0.0352817086560177,0.0889712653064794,-0.0337477213231473,0.7225080337819283,-1.2826642983851642,-11.081499542760595,-5.38,-322.8,-145.26,-51.11,-126.43,0.0479616478448041,-0.287769887068825,0.4556356545256396,0.3836931827584334,0.0,28,31,31,31,31,0,-163,25,56,-37,12.7,12.7,12.7,12.7,12.6,-999,-999,-999,0.0,0.0,0.0
16.181573629379272,-0.036815695988888,0.1273209486282379,-0.1319229106268489,0.707168160453225,-1.2732094862823788,-11.064155754919572,-0.0337477213231473,0.0859032906407388,-0.0245437973259253,0.7286439831134096,-1.2826642983851642,-11.081499542760595,43.04,-341.63,-156.02,26.9,-126.43,0.023980823922402,-0.287769887068825,0.4556356545256396,0.3836931827584334,0.0,28,31,30,31,31,12,-163,25,43,-37,12.7,12.7,12.7,12.7,12.6,-999,-999,-999,0.0,0.0,0.0
16.198444366455078,-0.036815695988888,0.1242529739624972,-0.1227189866296268,0.7148380971175766,-1.2732094862823788,-11.064155754919572,-0.0337477213231473,0.0859032906407388,-0.0245437973259253,0.7286439831134096,-1.2826642983851642,-11.081499542760595,61.87,-338.94,-150.64,0.0,-123.74,0.023980823922402,-0.263789063146423,0.4796164784480417,0.3836931827584334,0.0,28,32,30,31,31,80,-157,25,43,-37,12.8,12.7,12.7,12.7,12.6,-999,-999,-999,0.0,0.0,0.0
16.215653896331787,-0.036815695988888,0.1196510119638862,-0.1150490499652752,0.7209740464490579,-1.2732094862823788,-11.064155754919572,-0.0291457593245363,0.0766993666435168,-0.0076699366643516,0.7424498691092426,-1.2826642983851642,-11.081499542760595,0.0,-395.43,-150.64,-32.28,-121.05,0.023980823922402,-0.263789063146423,0.4796164784480417,0.3836931827584334,0.0,28,32,31,31,32,18,-157,25,43,-31,12.8,12.7,12.6,12.7,12.6,-999,-999,-999,0.0,0.0,0.0
16.232558727264404,-0.0352817086560177,0.1150490499652752,-0.1073791133009235,0.7271099957805393,-1.2732094862823788,-11.064155754919572,-0.027611771991666,0.0720974046449058,0.0,0.7485858184407239,-1.2826642983851642,-11.081499542760595,8.07,-330.87,-137.19,-34.97,-118.36,0.0,-0.2398082392240208,0.4796164784480417,0.3597123588360313,0.0,28,32,31,31,32,25,-157,25,50,-31,12.8,12.7,12.7,12.7,12.6,-999,-999,-999,0.0,0.0,0.0
16.24947953224182,-0.0337477213231473,0.1119810752995345,-0.0981751893037015,0.7332459451120206,-1.2732094862823788,-11.064155754919572,-0.027611771991666,0.0720974046449058,0.0,0.7485858184407239,-1.2826642983851642,-11.081499542760595,37.66,-376.6,-164.09,-24.21,-126.43,0.023980823922402,-0.2398082392240208,0.4796164784480417,0.3357315349136292,0.0,27,31,31,31,32,25,-213,25,43,-37,12.7,12.7,12.7,12.6,12.6,-999,-999,-999,0.0,0.0,0.0
16.266620874404907,-0.032213733990277,0.1058451259680531,-0.0905052526393498,0.7378479071106316,-1.2732094862823788,-11.064155754919572,-0.0260777846587957,0.0628934806476837,0.0168738606615736,0.7593237297708163,-1.2826642983851642,-11.081499542760595,2.69,-365.84,-153.32999999999998,-24.21,-123.74,0.0479616478448041,-0.2398082392240208,0.4796164784480417,0.3357315349136292,0.0,27,31,31,31,32,18,-213,25,50,-37,12.8,12.7,12.7,12.6,12.6,-999,-999,-999,0.0,0.0,0.0
16.283522367477417,-0.0306797466574067,0.1012431639694421,-0.0828353159749981,0.7455178437749833,-1.2747434736152492,-11.067010339736138,-0.0260777846587957,0.0598255059819431,0.0245437973259253,0.7654596791022976,-1.2826642983851642,-11.081499542760595,21.52,-355.08,-145.26,-13.45,-123.74,0.0479616478448041,-0.2398082392240208,0.4796164784480417,0.3357315349136292,0.0,28,31,31,31,32,18,-157,25,50,-37,12.7,12.7,12.7,12.6,12.6,-999,-999,-999,0.0,0.0,0.0
16.300473928451538,-0.027611771991666,0.0966412019708311,-0.0736313919777761,0.7501198057735943,-1.2747434736152492,-11.067010339736138,-0.0260777846587957,0.0598255059819431,0.0245437973259253,0.7654596791022976,-1.2826642983851642,-11.081499542760595,-21.52,-301.28,-147.95,18.83,-123.74,0.0719424717672062,-0.2398082392240208,0.4796164784480417,0.3357315349136292,0.0,28,31,31,31,32,12,-150,25,43,-37,12.8,12.8,12.7,12.6,12.6,-999,-999,-999,0.0,0.0,0.0
16.317466735839844,-0.0245437973259253,0.0920392399722201,-0.0659614553134244,0.7547217677722053,-1.2732094862823788,-11.064155754919572,-0.0260777846587957,0.055223543983332,0.0337477213231473,0.771595628433779,-1.2826642983851642,-11.081499542760595,-5.38,-336.25,-150.64,-2.69,-123.74,0.0959232956896083,-0.263789063146423,0.4796164784480417,0.3357315349136292,0.0,28,31,31,31,32,-7,-150,25,37,-37,12.8,12.7,12.7,12.7,12.6,-999,-999,-999,0.0,0.0,0.0
16.33454656600952,-0.023009809993055,0.0874372779736091,-0.0567575313162024,0.762391704436557,-1.2732094862823788,-11.064155754919572,-0.0260777846587957,0.0521555693175914,0.041417657987499,0.77619759043239,-1.2826642983851642,-11.081499542760595,32.28,-312.04,-145.26,-24.21,-115.67,0.1199041196120104,-0.263789063146423,0.4796164784480417,0.3357315349136292,0.0,27,31,31,31,32,-13,-144,25,43,-37,12.8,12.8,12.7,12.6,12.6,-999,-999,-999,0.0,0.0,0.0
16.351632356643677,-0.023009809993055,0.0843693033078684,-0.050621581984721,0.7685276537680383,-1.2732094862823788,-11.064155754919572,-0.0260777846587957,0.0444856326532397,0.0567575313162024,0.7884694890953527,-1.2826642983851642,-11.081499542760595,34.97,-312.04,-139.88,-37.66,-123.74,0.1199041196120104,-0.263789063146423,0.4796164784480417,0.3117507109912271,0.0,27,31,31,31,32,-13,-144,31,43,-37,12.8,12.7,12.7,12.7,12.6,-999,-999,-999,0.0,0.0,0.0
16.36944842338562,-0.023009809993055,0.0797673413092574,-0.0398836706546287,0.7746636030995196,-1.2732094862823788,-11.064155754919572,-0.0260777846587957,0.041417657987499,0.0644274679805541,0.7946054384268341,-1.2826642983851642,-11.081499542760595,16.14,-347.01,-142.57,-64.56,-123.74,0.0959232956896083,-0.2398082392240208,0.4796164784480417,0.3117507109912271,0.0,27,31,31,30,32,-13,-144,25,43,-37,12.8,12.7,12.7,12.7,12.6,-999,-999,-999,0.0,0.0,0.0
16.38648748397827,-0.0245437973259253,0.0766993666435168,-0.032213733990277,0.7807995524310011,-1.2747434736152492,-11.067010339736138,-0.0260777846587957,0.041417657987499,0.0644274679805541,0.7946054384268341,-1.2826642983851642,-11.081499542760595,2.69,-320.11,-139.88,-24.21,-123.74,0.0479616478448041,-0.2398082392240208,0.4796164784480417,0.3117507109912271,0.0,27,31,31,29,32,-7,-144,25,43,-37,12.7,12.7,12.7,12.7,12.6,-999,-999,-999,0.0,0.0,0.0
16.405450105667114,-0.0245437973259253,0.0720974046449058,-0.023009809993055,0.7869355017624824,-1.2732094862823788,-11.064155754919572,-0.0260777846587957,0.0306797466574067,0.0813013286421278,0.8068773370897967,-1.2826642983851642,-11.081499542760595,0.0,-317.42,-145.26,0.0,-123.74,0.0,-0.2158274153016187,0.4556356545256396,0.3117507109912271,0.0,28,30,31,30,32,-7,-144,25,50,-37,12.8,12.7,12.7,12.7,12.6,-999,-999,-999,0.0,0.0,0.0
16.42244577407837,-0.027611771991666,0.0690294299791651,-0.013805885995833,0.7915374637610934,-1.2732094862823788,-11.064155754919572,-0.0260777846587957,0.0306797466574067,0.0813013286421278,0.8068773370897967,-1.2826642983851642,-11.081499542760595,0.0,-371.22,-139.88,-34.97,-123.74,-0.023980823922402,-0.2158274153016187,0.4556356545256396,0.3117507109912271,0.0,28,31,31,31,32,6,-207,31,50,-37,12.8,12.7,12.7,12.7,12.6,-999,-999,-999,0.0,0.0,0.0
16.439485788345337,-0.0306797466574067,0.0644274679805541,-0.0061359493314813,0.799207400425445,-1.2732094862823788,-11.064155754919572,-0.027611771991666,0.0260777846587957,0.0889712653064794,0.8114792990884078,-1.2826642983851642,-11.081499542760595,13.45,-333.56,-147.95,-45.73,-123.74,-0.0719424717672062,-0.2158274153016187,0.4556356545256396,0.3117507109912271,0.0,28,31,31,31,32,12,-157,25,50,-37,12.8,12.7,12.7,12.6,12.6,-999,-999,-999,0.0,0.0,0.0
16.456481456756592,-0.0306797466574067,0.0598255059819431,0.0015339873328703,0.8038093624240561,-1.2732094862823788,-11.064155754919572,-0.0291457593245363,0.0214758226601847,0.0966412019708311,0.8176152484198891,-1.2826642983851642,-11.081499542760595,0.0,-360.46,-150.64,-37.66,-123.74,-0.0959232956896083,-0.2158274153016187,0.4556356545256396,0.3117507109912271,0.0,28,31,31,31,31,6,-157,25,43,-37,12.8,12.7,12.7,12.6,12.6,-999,-999,-999,0.0,0.0,0.0
16.47362208366394,-0.032213733990277,0.0567575313162024,0.0107379113300923,0.8099453117555374,-1.2732094862823788,-11.064155754919572,-0.0291457593245363,0.0107379113300923,0.1089131006337938,0.8298871470828518,-1.2826642983851642,-11.081499542760595,2.69,-360.46,-137.19,-26.9,-126.43,-0.0959232956896083,-0.2158274153016187,0.4556356545256396,0.3117507109912271,0.0,28,31,31,31,31,12,-213,31,43,-37,12.8,12.7,12.7,12.5,12.6,-999,-999,-999,0.0,0.0,0.0
16.490525007247925,-0.032213733990277,0.050621581984721,0.018407847994444,0.8145472737541484,-1.2732094862823788,-11.064155754919572,-0.0291457593245363,0.0107379113300923,0.1089131006337938,0.8298871470828518,-1.2826642983851642,-11.081499542760595,26.9,-314.73,-150.64,-115.67,-118.36,-0.0719424717672062,-0.2398082392240208,0.4556356545256396,0.3117507109912271,0.0,28,31,31,31,31,12,-163,25,43,-37,12.7,12.8,12.7,12.7,12.6,-999,-999,-999,0.0,0.0,0.0
16.507543802261353,-0.032213733990277,0.04601961998611,0.0245437973259253,0.8222172104185002,-1.2732094862823788,-11.064155754919572,-0.0306797466574067,0.0061359493314813,0.1165830372981455,0.8344891090814628,-1.2826642983851642,-11.081499542760595,0.0,-320.11,-150.64,-8.07,-126.43,-0.023980823922402,-0.2398082392240208,0.4796164784480417,0.3117507109912271,0.0,28,31,31,31,32,6,-163,25,43,-37,12.7,12.7,12.7,12.4,12.6,-999,-999,-999,0.0,0.0,0.0
16.524468183517456,-0.0306797466574067,0.0398836706546287,0.0337477213231473,0.8268191724171111,-1.2732094862823788,-11.064155754919572,-0.032213733990277,0.0015339873328703,0.1227189866296268,0.8390910710800737,-1.2826642983851642,-11.081499542760595,0.0,-314.73,-147.95,-24.21,-126.43,0.0,-0.263789063146423,0.4796164784480417,0.3117507109912271,0.0,28,31,31,31,32,-7,-157,25,37,-37,12.8,12.7,12.7,12.7,12.6,-999,-999,-999,0.0,0.0,0.0
16.5415301322937,-0.0291457593245363,0.0352817086560177,0.041417657987499,0.8314211344157221,-1.2732094862823788,-11.064155754919572,-0.0352817086560177,-0.0076699366643516,0.1303889232939785,0.8528969570759068,-1.2826642983851642,-11.081499542760595,18.83,-312.04,-147.95,-37.66,-123.74,0.0,-0.287769887068825,0.4796164784480417,0.3117507109912271,0.0,28,31,31,31,32,-19,-157,25,37,-37,12.8,12.6,12.7,12.6,12.6,-999,-999,-999,0.0,0.0,0.0
16.560492277145386,-0.0291457593245363,0.0291457593245363,0.050621581984721,0.8375570837472035,-1.2732094862823788,-11.064155754919572,-0.036815695988888,-0.0122718986629626,0.1334568979597192,0.8590329064073882,-1.2826642983851642,-11.081499542760595,13.45,-338.94,-131.81,-18.83,-123.74,0.023980823922402,-0.287769887068825,0.4796164784480417,0.3117507109912271,0.0,28,31,31,31,32,-25,-150,31,50,-37,12.7,12.7,12.7,12.6,12.6,-999,-999,-999,0.0,0.0,0.0
16.57752013206482,-0.0306797466574067,0.0245437973259253,0.0582915186490727,0.8452270204115552,-1.2732094862823788,-11.064155754919572,-0.036815695988888,-0.0122718986629626,0.1334568979597192,0.8590329064073882,-1.2826642983851642,-11.081499542760595,2.69,-333.56,-137.19,18.83,-123.74,0.023980823922402,-0.287769887068825,0.4796164784480417,0.3117507109912271,0.0,28,31,31,31,30,-25,-207,25,43,-37,12.7,12.7,12.7,12.6,12.6,-999,-999,-999,0.0,0.0,0.0
16.594592094421387,-0.032213733990277,0.0199418353273143,0.0659614553134244,0.8513629697430365,-1.2732094862823788,-11.064155754919572,-0.041417657987499,-0.0214758226601847,0.1395928472912005,0.8774407544018322,-1.2826642983851642,-11.081499542760595,-5.38,-306.66,-142.57,-21.52,-123.74,0.0,-0.287769887068825,0.4556356545256396,0.3117507109912271,0.0,28,31,31,31,31,-32,-150,25,50,-37,12.7,12.8,12.7,12.7,12.6,-999,-999,-999,0.0,0.0,0.0
16.61151909828186,-0.0352817086560177,0.0153398733287033,0.0736313919777761,0.8574989190745178,-1.2732094862823788,-11.064155754919572,-0.041417657987499,-0.0214758226601847,0.1395928472912005,0.8774407544018322,-1.2826642983851642,-11.081499542760595,0.0,-312.04,-142.57,-18.83,-118.36,-0.023980823922402,-0.263789063146423,0.4556356545256396,0.3117507109912271,0.0,28,31,31,30,31,-32,-150,31,56,-37,12.7,12.7,12.7,12.6,12.6,-999,-999,-999,0.0,0.0,0.0
16.628631830215454,-0.0383496833217584,0.0122718986629626,0.0813013286421278,0.8636348684059991,-1.2732094862823788,-11.064155754919572,-0.0444856326532397,-0.0291457593245363,0.1411268346240709,0.8958486023962762,-1.2826642983851642,-11.081499542760595,26.9,-355.08,-137.19,-53.8,-123.74,-0.0719424717672062,-0.263789063146423,0.4556356545256396,0.3357315349136292,0.0,28,31,31,31,31,-19,-207,31,56,-37,12.7,12.7,12.7,12.6,12.6,-999,-999,-999,0.0,0.0,0.0
16.64750099182129,-0.0429516453203694,0.0061359493314813,0.0905052526393498,0.8713048050703509,-1.2732094862823788,-11.064155754919572,-0.0444856326532397,-0.0337477213231473,0.1411268346240709,0.9081205010592388,-1.2826642983851642,-11.081499542760595,13.45,-301.28,-129.12,8.07,-123.74,-0.1438849435344125,-0.263789063146423,0.4556356545256396,0.3597123588360313,0.0,27,31,31,31,31,-7,-144,31,68,-37,12.7,12.7,12.7,12.6,12.6,-999,-999,-999,0.0,0.0,0.0
16.66459608078003,-0.0475536073189804,0.0015339873328703,0.0981751893037015,0.8789747417347026,-1.2732094862823788,-11.064155754919572,-0.0444856326532397,-0.0383496833217584,0.1411268346240709,0.9188584123893312,-1.2826642983851642,-11.081499542760595,13.45,-312.04,-137.19,-51.11,-123.74,-0.1678657674568146,-0.2398082392240208,0.4556356545256396,0.3836931827584334,0.0,27,31,31,30,31,12,-144,31,68,-37,12.7,12.9,12.7,12.7,12.6,-999,-999,-999,0.0,0.0,0.0
16.682521104812622,-0.0475536073189804,-0.0030679746657406,0.1058451259680531,0.8866446783990543,-1.2732094862823788,-11.064155754919572,-0.0444856326532397,-0.0429516453203694,0.1395928472912005,0.931130311052294,-1.2826642983851642,-11.081499542760595,10.76,-333.56,-137.19,16.14,-123.74,-0.1918465913792167,-0.2398082392240208,0.4556356545256396,0.4076740066808355,0.0,27,31,31,31,32,12,-150,31,68,-37,12.7,12.7,12.7,12.7,12.6,-999,-999,-999,0.0,0.0,0.0
16.699523210525513,-0.0475536073189804,-0.0061359493314813,0.1150490499652752,0.8943146150634059,-1.2732094862823788,-11.064155754919572,-0.0444856326532397,-0.0475536073189804,0.1380588599583302,0.9449361970481268,-1.2826642983851642,-11.081499542760595,24.21,-341.63,-158.71,-29.59,-118.36,-0.1438849435344125,-0.2398082392240208,0.4556356545256396,0.4076740066808355,0.0,28,31,31,31,32,12,-200,25,75,-37,12.7,12.5,12.7,12.6,12.3,-999,-999,-999,0.0,0.0,0.0
16.716469764709473,-0.0475536073189804,-0.0107379113300923,0.1227189866296268,0.9019845517277576,-1.2732094862823788,-11.064155754919572,-0.0444856326532397,-0.0475536073189804,0.1380588599583302,0.9449361970481268,-1.2826642983851642,-11.081499542760595,13.45,-279.76,-145.26,-51.11,-123.74,-0.0959232956896083,-0.2398082392240208,0.4556356545256396,0.4316548306032375,0.0,28,31,31,31,32,12,-144,31,75,-37,12.8,12.7,12.7,12.6,12.6,-999,-999,-999,0.0,0.0,0.0
16.734484434127808,-0.04601961998611,-0.0168738606615736,0.1303889232939785,0.91272246305785,-1.2732094862823788,-11.064155754919572,-0.0444856326532397,-0.0536895566504617,0.1365248726254599,0.9694799943740524,-1.2826642983851642,-11.081499542760595,-8.07,-258.24,-131.81,-51.11,-121.05,-0.023980823922402,-0.263789063146423,0.4556356545256396,0.4316548306032375,0.0,28,31,31,31,31,6,-138,25,68,-37,12.8,12.8,12.7,12.7,12.6,-999,-999,-999,0.0,0.0,0.0
16.751479148864746,-0.0429516453203694,-0.0214758226601847,0.1365248726254599,0.9203923997222015,-1.2732094862823788,-11.064155754919572,-0.0444856326532397,-0.0536895566504617,0.1365248726254599,0.9694799943740524,-1.2826642983851642,-11.081499542760595,-5.38,-282.45,-156.02,-64.56,-123.74,0.0,-0.263789063146423,0.4556356545256396,0.4556356545256396,0.0,28,31,31,31,31,-7,-132,0,75,-37,12.8,12.8,12.7,12.7,12.6,-999,-999,-999,0.0,0.0,0.0
16.768462657928467,-0.041417657987499,-0.0245437973259253,0.1411268346240709,0.9295963237194236,-1.2732094862823788,-11.064155754919572,-0.0444856326532397,-0.0582915186490727,0.1334568979597192,0.981751893037015,-1.2826642983851642,-11.081499542760595,-2.69,-290.52,-134.5,-51.11,-123.74,0.0479616478448041,-0.263789063146423,0.4316548306032375,0.4556356545256396,0.0,28,31,31,31,31,-13,-138,-32,68,-37,12.8,12.7,12.7,12.6,12.6,-999,-999,-999,0.0,0.0,0.0
16.785410404205322,-0.041417657987499,-0.027611771991666,0.1411268346240709,0.9388002477166456,-1.2732094862823788,-11.064155754919572,-0.0444856326532397,-0.0613594933148134,0.1319229106268489,0.9940237916999776,-1.2826642983851642,-11.081499542760595,21.52,-333.56,-115.67,-32.28,-123.74,0.0719424717672062,-0.2398082392240208,0.3357315349136292,0.4796164784480417,0.0,28,31,31,31,31,-13,-138,-38,68,-37,12.8,12.7,12.7,12.6,12.6,-999,-999,-999,0.0,0.0,0.0
16.80247163772583,-0.041417657987499,-0.0306797466574067,0.1411268346240709,0.9464701843809972,-1.2732094862823788,-11.064155754919572,-0.04601961998611,-0.0644274679805541,0.1288549359611082,1.0062956903629403,-1.2826642983851642,-11.081499542760595,-2.69,-320.11,-172.16,-45.73,-121.05,0.0719424717672062,-0.2158274153016187,0.2398082392240208,0.4796164784480417,0.0,28,31,31,32,31,-19,-144,-50,75,-37,12.8,12.7,12.7,12.6,12.4,-999,-999,-999,0.0,0.0,0.0
16.819489002227783,-0.0429516453203694,-0.0337477213231473,0.1411268346240709,0.954140121045349,-1.2732094862823788,-11.064155754919572,-0.04601961998611,-0.0674954426462947,0.1242529739624972,1.0185675890259032,-1.2826642983851642,-11.081499542760595,18.83,-282.45,-209.82,-13.45,-118.36,0.023980823922402,-0.1918465913792167,0.1438849435344125,0.4796164784480417,0.0,28,31,31,30,32,-13,-138,-69,68,-37,12.8,12.7,12.7,12.6,12.6,-999,-999,-999,0.0,0.0,0.0
16.836625337600708,-0.0444856326532397,-0.0383496833217584,0.1411268346240709,0.963344045042571,-1.2732094862823788,-11.064155754919572,-0.04601961998611,-0.0736313919777761,0.1165830372981455,1.0431113863518284,-1.2826642983851642,-11.081499542760595,21.52,-290.52,-231.34,-21.52,-123.74,0.0,-0.1918465913792167,0.0479616478448041,0.4556356545256396,0.0,28,31,31,30,32,-7,-132,-82,68,-37,12.6,12.7,12.6,12.6,12.6,-999,-999,-999,0.0,0.0,0.0
16.853457927703857,-0.0475536073189804,-0.0429516453203694,0.1411268346240709,0.9710139817069228,-1.2732094862823788,-11.064155754919572,-0.04601961998611,-0.0736313919777761,0.1165830372981455,1.0431113863518284,-1.2826642983851642,-11.081499542760595,0.0,-244.79,-271.69,18.83,-118.36,-0.023980823922402,-0.1918465913792167,0.0,0.4556356545256396,0.0,28,31,31,30,31,6,-125,-100,75,-37,12.7,12.7,12.6,12.6,12.6,-999,-999,-999,0.0,0.0,0.0
16.870529651641846,-0.050621581984721,-0.04601961998611,0.1380588599583302,0.9802179057041448,-1.2732094862823788,-11.064155754919572,-0.04601961998611,-0.0766993666435168,0.1119810752995345,1.0553832850147913,-1.2826642983851642,-11.081499542760595,0.0,-255.55,-247.48,-5.38,-110.29,-0.0719424717672062,-0.2158274153016187,0.0,0.4556356545256396,0.0,28,31,31,30,31,18,-125,-107,75,-37,12.7,12.7,12.7,12.6,12.6,-999,-999,-999,0.0,0.0,0.0
16.887504816055298,-0.0521555693175914,-0.050621581984721,0.1349908852925895,0.9878878423684964,-1.2732094862823788,-11.064155754919572,-0.04601961998611,-0.0782333539763871,0.1073791133009235,1.0661211963448836,-1.2826642983851642,-11.081499542760595,10.76,-231.34,-263.62,37.66,-123.74,-0.0959232956896083,-0.2158274153016187,-0.023980823922402,0.4556356545256396,0.0,27,31,31,30,31,18,-113,-119,75,-37,12.7,12.7,12.6,12.6,12.6,-999,-999,-999,0.0,0.0,0.0
16.904584407806396,-0.050621581984721,-0.0536895566504617,0.1319229106268489,0.995557779032848,-1.2732094862823788,-11.064155754919572,-0.04601961998611,-0.0813013286421278,0.0997091766365718,1.0875970190050683,-1.2826642983851642,-11.081499542760595,24.21,-252.86,-234.03,-2.69,-115.67,-0.0959232956896083,-0.2158274153016187,-0.0719424717672062,0.4556356545256396,0.0,27,31,31,31,31,18,-113,-119,75,-31,12.7,12.7,12.6,12.6,12.6,-999,-999,-999,0.0,0.0,0.0
16.921595335006714,-0.050621581984721,-0.055223543983332,0.1288549359611082,1.0032277156971998,-1.2732094862823788,-11.064155754919572,-0.04601961998611,-0.0828353159749981,0.0951072146379608,1.0983349303351606,-1.2826642983851642,-11.081499542760595,13.45,-263.62,-236.72,0.0,-123.74,-0.0479616478448041,-0.1918465913792167,-0.1438849435344125,0.4556356545256396,0.0,27,31,30,31,31,12,-100,-119,75,-37,12.7,12.7,12.7,12.6,12.6,-999,-999,-999,0.0,0.0,0.0
16.93863797187805,-0.0475536073189804,-0.0567575313162024,0.1242529739624972,1.013965627027292,-1.2732094862823788,-11.064155754919572,-0.04601961998611,-0.0828353159749981,0.0920392399722201,1.1075388543323823,-1.2826642983851642,-11.081499542760595,-10.76,-260.93,-220.58,-10.76,-118.36,0.0,-0.1678657674568146,-0.1678657674568146,0.4556356545256396,0.0,27,31,30,31,31,6,-107,-119,68,-37,12.6,12.7,12.7,12.6,12.5,-999,-999,-999,0.0,0.0,0.0
16.95563817024231,-0.0429516453203694,-0.0582915186490727,0.1196510119638862,1.021635563691644,-1.2747434736152492,-11.067010339736138,-0.04601961998611,-0.0843693033078684,0.0889712653064794,1.1152087909967343,-1.2826642983851642,-11.081499542760595,-53.8,-255.55,-217.89,-53.8,-121.05,0.023980823922402,-0.1438849435344125,-0.1918465913792167,0.4556356545256396,0.0,27,31,30,31,31,-76,-100,-113,75,-37,12.7,12.7,12.7,12.6,12.6,-999,-999,-999,0.0,0.0,0.0
16.973430156707764,-0.041417657987499,-0.0598255059819431,0.1165830372981455,1.0293055003559954,-1.2732094862823788,-11.064155754919572,-0.04601961998611,-0.0843693033078684,0.0859032906407388,1.122878727661086,-1.2826642983851642,-11.081499542760595,37.66,-266.31,-228.65,-56.49,-118.36,0.0719424717672062,-0.0959232956896083,-0.2158274153016187,0.4556356545256396,0.0,27,31,30,31,31,-13,-107,-113,75,-37,12.7,12.7,12.6,12.6,12.6,-999,-999,-999,0.0,0.0,0.0
16.990429162979126,-0.0429516453203694,-0.0598255059819431,0.1119810752995345,1.0369754370203472,-1.2732094862823788,-11.064155754919572,-0.04601961998611,-0.0843693033078684,0.0859032906407388,1.122878727661086,-1.2826642983851642,-11.081499542760595,24.21,-244.79,-223.27,-64.56,-118.36,0.0719424717672062,-0.0719424717672062,-0.2158274153016187,0.4556356545256396,0.0,27,31,30,31,31,-13,-44,-107,75,-37,12.7,12.7,12.6,12.6,12.5,-999,-999,-999,0.0,0.0,0.0
17.007417678833008,-0.0429516453203694,-0.0598255059819431,0.1089131006337938,1.0461793610175691,-1.2732094862823788,-11.064155754919572,-0.04601961998611,-0.0843693033078684,0.0828353159749981,1.1305486643254377,-1.2826642983851642,-11.081499542760595,16.14,-293.21,-228.65,-10.76,-123.74,0.0719424717672062,-0.0479616478448041,-0.2158274153016187,0.4556356545256396,0.0,28,31,30,31,31,-13,-100,-107,75,-37,12.7,12.7,12.6,12.6,12.6,-999,-999,-999,0.0,0.0,0.0
17.024446725845337,-0.0429516453203694,-0.0598255059819431,0.1058451259680531,1.0569172723476614,-1.2747434736152492,-11.067010339736138,-0.04601961998611,-0.0843693033078684,0.0813013286421278,1.1397525883226596,-1.2826642983851642,-11.081499542760595,5.38,-295.9,-204.44,-61.87,-123.74,0.023980823922402,-0.023980823922402,-0.1918465913792167,0.4556356545256396,0.0,28,31,30,31,31,-13,-100,-107,75,-37,12.8,12.7,12.7,12.6,12.6,-999,-999,-999,0.0,0.0,0.0
17.04142117500305,-0.0475536073189804,-0.0613594933148134,0.1027771513023125,1.0645872090120132,-1.2732094862823788,-11.064155754919572,-0.04601961998611,-0.0843693033078684,0.0797673413092574,1.145888537654141,-1.2826642983851642,-11.081499542760595,0.0,-295.9,-199.06,-53.8,-123.74,0.0,-0.023980823922402,-0.1918465913792167,0.4796164784480417,0.0,28,31,31,31,31,0,-100,-94,75,-37,12.8,12.7,12.7,12.6,12.6,-999,-999,-999,0.0,0.0,0.0
17.05852508544922,-0.0521555693175914,-0.0598255059819431,0.1012431639694421,1.0722571456763648,-1.2732094862823788,-11.064155754919572,-0.04601961998611,-0.0843693033078684,0.0797673413092574,1.150490499652752,-1.2826642983851642,-11.081499542760595,13.45,-293.21,-193.68,-29.59,-123.74,-0.0479616478448041,0.0,-0.1678657674568146,0.4796164784480417,0.0,28,31,31,31,31,18,-100,-88,75,-37,12.8,12.7,12.7,12.7,12.6,-999,-999,-999,0.0,0.0,0.0
17.07549738883972,-0.0521555693175914,-0.0598255059819431,0.0997091766365718,1.081461069673587,-1.2732094862823788,-11.064155754919572,-0.04601961998611,-0.0843693033078684,0.0797673413092574,1.1566264489842333,-1.2826642983851642,-11.081499542760595,0.0,-293.21,-225.96,-8.07,-118.36,-0.0959232956896083,0.0,-0.1438849435344125,0.4796164784480417,0.0,28,31,31,31,31,18,-100,-82,75,-37,12.8,12.7,12.7,12.7,12.5,-999,-999,-999,0.0,0.0,0.0
17.09248447418213,-0.0521555693175914,-0.0613594933148134,0.0997091766365718,1.0891310063379385,-1.2732094862823788,-11.064155754919572,-0.04601961998611,-0.0843693033078684,0.0797673413092574,1.1612284109828444,-1.2826642983851642,-11.081499542760595,32.28,-285.14,-244.79,0.0,-123.74,-0.0959232956896083,0.0,-0.1199041196120104,0.4796164784480417,0.0,28,31,31,30,31,18,-100,-82,75,-37,12.8,12.7,12.6,12.6,12.5,-999,-999,-999,0.0,0.0,0.0
17.109483242034912,-0.0521555693175914,-0.0613594933148134,0.0997091766365718,1.0968009430022905,-1.2732094862823788,-11.064155754919572,-0.04601961998611,-0.0843693033078684,0.0797673413092574,1.1658303729814554,-1.2826642983851642,-11.081499542760595,16.14,-287.83,-242.1,-26.9,-123.74,-0.0719424717672062,0.0,-0.0719424717672062,0.4796164784480417,0.0,28,31,31,31,31,12,-100,-82,75,-37,12.8,12.7,12.6,12.6,12.4,-999,-999,-999,0.0,0.0,0.0
17.12652325630188,-0.0475536073189804,-0.0613594933148134,0.0997091766365718,1.1060048669995122,-1.2732094862823788,-11.064155754919572,-0.04601961998611,-0.0843693033078684,0.0813013286421278,1.1704323349800665,-1.2826642983851642,-11.081499542760595,-21.52,-285.14,-242.1,-21.52,-123.74,0.0,0.0,-0.023980823922402,0.4796164784480417,0.0,27,31,31,31,31,6,-94,-82,75,-37,12.8,12.7,12.7,12.6,12.4,-999,-999,-999,0.0,0.0,0.0
17.143527269363403,-0.0444856326532397,-0.0598255059819431,0.0997091766365718,1.113674803663864,-1.2732094862823788,-11.064155754919572,-0.04601961998611,-0.0859032906407388,0.0813013286421278,1.1750342969786771,-1.2826642983851642,-11.081499542760595,-5.38,-301.28,-242.1,-16.14,-121.05,0.023980823922402,0.0,0.0,0.4796164784480417,0.0,27,31,31,30,31,0,-107,-82,75,-37,12.8,12.7,12.7,12.6,12.6,-999,-999,-999,0.0,0.0,0.0
17.160582542419434,-0.0429516453203694,-0.0613594933148134,0.0997091766365718,1.1213447403282155,-1.2732094862823788,-11.064155754919572,-0.04601961998611,-0.0874372779736091,0.0843693033078684,1.1842382209758997,-1.2826642983851642,-11.081499542760595,37.66,-301.28,-228.65,-59.18,-123.74,0.0719424717672062,0.0,0.0,0.4796164784480417,0.0,27,31,30,30,31,-13,-107,-75,75,-37,12.8,12.7,12.7,12.6,12.6,-999,-999,-999,0.0,0.0,0.0
17.17750382423401,-0.0429516453203694,-0.0613594933148134,0.0997091766365718,1.1305486643254377,-1.2732094862823788,-11.064155754919572,-0.04601961998611,-0.0874372779736091,0.0843693033078684,1.1842382209758997,-1.2826642983851642,-11.081499542760595,10.76,-298.59,-185.61,-26.9,-118.36,0.0719424717672062,0.0,0.0,0.4796164784480417,0.0,27,31,31,30,31,-19,-100,-63,75,-37,12.8,12.7,12.7,12.6,12.6,-999,-999,-999,0.0,0.0,0.0
17.194461822509766,-0.0429516453203694,-0.0613594933148134,0.0997091766365718,1.1382186009897892,-1.2732094862823788,-11.064155754919572,-0.04601961998611,-0.0889712653064794,0.0843693033078684,1.1888401829745103,-1.2826642983851642,-11.081499542760595,13.45,-314.73,-188.3,13.45,-123.74,0.0719424717672062,0.0,0.0,0.4796164784480417,0.0,27,31,31,30,32,-13,-113,-63,75,-37,12.7,12.7,12.7,12.6,12.6,-999,-999,-999,0.0,0.0,0.0
17.211432218551636,-0.0429516453203694,-0.0628934806476837,0.0997091766365718,1.145888537654141,-1.2732094862823788,-11.064155754919572,-0.04601961998611,-0.0905052526393498,0.0859032906407388,1.1934421449731214,-1.2826642983851642,-11.081499542760595,10.76,-287.83,-169.47,-40.35,-123.74,0.0479616478448041,0.0,0.0,0.4796164784480417,0.0,27,31,31,30,32,-13,-113,-57,75,-37,12.7,12.8,12.7,12.6,12.6,-999,-999,-999,0.0,0.0,0.0
17.228440046310425,-0.04601961998611,-0.0644274679805541,0.0997091766365718,1.155092461651363,-1.2732094862823788,-11.064155754919572,-0.04601961998611,-0.0920392399722201,0.0874372779736091,1.196510119638862,-1.2826642983851642,-11.081499542760595,18.83,-298.59,-172.16,0.0,-123.74,0.0,-0.023980823922402,0.0,0.4796164784480417,0.0,27,31,31,30,32,-7,-113,-57,68,-37,12.7,12.7,12.7,12.5,12.6,-999,-999,-999,0.0,0.0,0.0
17.245486736297607,-0.050621581984721,-0.0659614553134244,0.0997091766365718,1.1627623983157147,-1.2732094862823788,-11.064155754919572,-0.04601961998611,-0.0935732273050904,0.0920392399722201,1.202646068970343,-1.2826642983851642,-11.081499542760595,8.07,-279.76,-145.26,-10.76,-123.74,-0.023980823922402,-0.0479616478448041,0.0,0.4796164784480417,0.0,27,31,31,31,32,12,-107,-13,99,-37,12.8,12.7,12.6,12.6,12.4,-999,-999,-999,0.0,0.0,0.0
17.262460470199585,-0.0521555693175914,-0.0674954426462947,0.0997091766365718,1.1704323349800665,-1.2732094862823788,-11.064155754919572,-0.04601961998611,-0.0935732273050904,0.0920392399722201,1.202646068970343,-1.2826642983851642,-11.081499542760595,0.0,-252.86,-112.98,64.56,-123.74,-0.0719424717672062,-0.0479616478448041,0.0,0.4556356545256396,0.0,27,31,31,31,32,18,-100,-38,75,-37,12.8,12.7,12.7,12.6,12.6,-999,-999,-999,0.0,0.0,0.0
17.279496431350708,-0.0521555693175914,-0.0690294299791651,0.0997091766365718,1.178102271644418,-1.2732094862823788,-11.064155754919572,-0.04601961998611,-0.0935732273050904,0.0935732273050904,1.2041800563032137,-1.2826642983851642,-11.081499542760595,13.45,-266.31,-69.94,-69.94,-123.74,-0.0959232956896083,-0.0719424717672062,0.0,0.4556356545256396,0.0,27,31,31,31,32,18,-100,-32,75,-37,12.8,12.8,12.7,12.5,12.6,-999,-999,-999,0.0,0.0,0.0
17.296484231948853,-0.050621581984721,-0.0690294299791651,0.0997091766365718,1.18730619564164,-1.2732094862823788,-11.064155754919572,-0.04601961998611,-0.0951072146379608,0.0981751893037015,1.205714043636084,-1.2826642983851642,-11.081499542760595,16.14,-263.62,-48.42,-21.52,-123.74,-0.0719424717672062,-0.0719424717672062,0.0,0.4556356545256396,0.0,27,31,31,31,32,12,-107,-19,75,-37,12.8,12.7,12.7,12.6,12.6,-999,-999,-999,0.0,0.0,0.0
17.31346559524536,-0.050621581984721,-0.0705634173120354,0.1012431639694421,1.1934421449731214,-1.2732094862823788,-11.064155754919572,-0.04601961998611,-0.0951072146379608,0.1012431639694421,1.2072480309689544,-1.2826642983851642,-11.081499542760595,-32.28,-260.93,-86.08,-13.45,-126.43,-0.023980823922402,-0.0719424717672062,0.0,0.4556356545256396,0.0,27,31,31,31,32,6,-100,-7,56,-37,12.8,12.8,12.7,12.7,12.7,-999,-999,-999,0.0,0.0,0.0
17.330376386642456,-0.04601961998611,-0.0720974046449058,0.1043111386351828,1.1995780943046028,-1.2732094862823788,-11.064155754919572,-0.04601961998611,-0.0966412019708311,0.1073791133009235,1.2072480309689544,-1.2826642983851642,-11.081499542760595,-5.38,-236.72,-67.25,37.66,-126.43,0.0,-0.0719424717672062,0.023980823922402,0.4556356545256396,0.0,27,30,31,31,32,6,-100,0,31,-37,12.8,12.8,12.8,12.7,12.7,-999,-999,-999,0.0,0.0,0.0
17.347392082214355,-0.0429516453203694,-0.0736313919777761,0.1073791133009235,1.2041800563032137,-1.2732094862823788,-11.064155754919572,-0.04601961998611,-0.0981751893037015,0.1119810752995345,1.2087820183018247,-1.2826642983851642,-11.081499542760595,26.9,-234.03,-86.08,-16.14,-126.43,0.0479616478448041,-0.0719424717672062,0.0719424717672062,0.4076740066808355,0.0,27,31,31,31,32,-13,-100,12,18,-37,12.8,12.8,12.7,12.7,12.6,-999,-999,-999,0.0,0.0,0.0
17.364434242248535,-0.041417657987499,-0.0766993666435168,0.1135150626324048,1.205714043636084,-1.2732094862823788,-11.064155754919572,-0.04601961998611,-0.0997091766365718,0.1196510119638862,1.2072480309689544,-1.2826642983851642,-11.081499542760595,26.9,-228.65,-88.77,-32.28,-126.43,0.0719424717672062,-0.0719424717672062,0.1199041196120104,0.3357315349136292,0.0,27,31,31,31,32,-19,-94,12,6,-37,12.8,12.8,12.8,12.7,12.7,-999,-999,-999,0.0,0.0,0.0
17.381484270095825,-0.0429516453203694,-0.0782333539763871,0.1181170246310158,1.205714043636084,-1.2732094862823788,-11.064155754919572,-0.04601961998611,-0.1012431639694421,0.1257869612953675,1.2072480309689544,-1.2826642983851642,-11.081499542760595,21.52,-250.17,-123.74,-10.76,-126.43,0.0719424717672062,-0.0959232956896083,0.1918465913792167,0.2398082392240208,0.0,27,31,31,31,32,-13,-94,12,6,-37,12.8,12.8,12.9,12.7,12.7,-999,-999,-999,0.0,0.0,0.0
17.39851951599121,-0.0429516453203694,-0.0797673413092574,0.1242529739624972,1.205714043636084,-1.2732094862823788,-11.064155754919572,-0.04601961998611,-0.1043111386351828,0.1334568979597192,1.2072480309689544,-1.2826642983851642,-11.081499542760595,8.07,-250.17,-104.91,-2.69,-126.43,0.0479616478448041,-0.0959232956896083,0.2398082392240208,0.1438849435344125,0.0,27,31,31,31,32,-13,-100,49,0,-37,12.9,12.8,12.8,12.7,12.7,-999,-999,-999,0.0,0.0,0.0
17.41560459136963,-0.0444856326532397,-0.0813013286421278,0.1303889232939785,1.2072480309689544,-1.2732094862823788,-11.064155754919572,-0.04601961998611,-0.1104470879666641,0.1457287966226819,1.2072480309689544,-1.2826642983851642,-11.081499542760595,0.0,-250.17,-107.6,-2.69,-129.12,0.0,-0.0959232956896083,0.287769887068825,0.0719424717672062,0.0,27,31,31,31,32,-7,-107,18,6,-37,12.8,12.8,12.8,12.7,12.7,-999,-999,-999,0.0,0.0,0.0
17.432456254959106,-0.0475536073189804,-0.0843693033078684,0.1365248726254599,1.205714043636084,-1.2732094862823788,-11.064155754919572,-0.04601961998611,-0.1104470879666641,0.1457287966226819,1.2072480309689544,-1.2826642983851642,-11.081499542760595,34.97,-250.17,-121.05,-2.69,-126.43,-0.023980823922402,-0.0959232956896083,0.3117507109912271,0.023980823922402,0.0,27,31,31,31,32,6,-113,12,6,-37,12.8,12.8,12.8,12.7,12.7,-999,-999,-999,0.0,0.0,0.0
17.449434280395508,-0.0521555693175914,-0.0859032906407388,0.1426608219569412,1.205714043636084,-1.2732094862823788,-11.064155754919572,-0.04601961998611,-0.1135150626324048,0.1518647459541632,1.205714043636084,-1.2826642983851642,-11.081499542760595,0.0,-274.38,-126.43,-16.14,-126.43,-0.0719424717672062,-0.0959232956896083,0.3357315349136292,0.0,0.0,27,31,31,31,32,18,-113,18,-7,-37,12.8,12.8,12.8,12.7,12.7,-999,-999,-999,0.0,0.0,0.0
17.466572046279907,-0.0521555693175914,-0.0889712653064794,0.1518647459541632,1.205714043636084,-1.2732094862823788,-11.064155754919572,-0.0490875946518507,-0.1196510119638862,0.1626026572842556,1.205714043636084,-1.2826642983851642,-11.081499542760595,2.69,-258.24,-123.74,-5.38,-126.43,-0.0959232956896083,-0.0959232956896083,0.3357315349136292,0.0,0.0,28,31,31,31,32,12,-113,25,6,-37,12.8,12.8,12.8,12.7,12.7,-999,-999,-999,0.0,0.0,0.0
17.48351788520813,-0.0521555693175914,-0.0905052526393498,0.1580006952856446,1.205714043636084,-1.2732094862823788,-11.064155754919572,-0.0490875946518507,-0.1196510119638862,0.1626026572842556,1.205714043636084,-1.2826642983851642,-11.081499542760595,8.07,-242.1,-134.5,-8.07,-126.43,-0.0959232956896083,-0.1199041196120104,0.3597123588360313,0.0,0.0,28,31,31,31,32,12,-113,12,0,-37,12.8,12.8,12.8,12.7,12.7,-999,-999,-999,0.0,0.0,0.0
17.50059151649475,-0.0521555693175914,-0.0935732273050904,0.1626026572842556,1.2072480309689544,-1.2732094862823788,-11.064155754919572,-0.050621581984721,-0.1227189866296268,0.1718065812814776,1.205714043636084,-1.2826642983851642,-11.081499542760595,0.0,-236.72,-147.95,-29.59,-129.12,-0.0479616478448041,-0.1438849435344125,0.3597123588360313,0.0,0.0,28,31,30,31,31,6,-113,6,-7,-37,12.8,12.8,12.8,12.7,12.7,-999,-999,-999,0.0,0.0,0.0
17.51740288734436,-0.050621581984721,-0.0966412019708311,0.1672046192828666,1.205714043636084,-1.2732094862823788,-11.064155754919572,-0.050621581984721,-0.1227189866296268,0.1718065812814776,1.205714043636084,-1.2826642983851642,-11.081499542760595,-5.38,-244.79,-118.36,-13.45,-126.43,0.0,-0.1438849435344125,0.3597123588360313,0.0,0.0,28,31,30,30,30,0,-107,12,-7,-37,12.8,12.8,12.8,12.7,12.7,-999,-999,-999,0.0,0.0,0.0
17.534462928771973,-0.04601961998611,-0.0997091766365718,0.1718065812814776,1.205714043636084,-1.2732094862823788,-11.064155754919572,-0.050621581984721,-0.1242529739624972,0.1764085432800886,1.205714043636084,-1.2826642983851642,-11.081499542760595,-5.38,-234.03,-99.53,0.0,-129.12,0.023980823922402,-0.1438849435344125,0.3357315349136292,0.0,0.0,28,31,30,30,32,-13,-100,12,-7,-37,12.8,12.8,12.8,12.7,12.7,-999,-999,-999,0.0,0.0,0.0
17.551406145095825,-0.0444856326532397,-0.1012431639694421,0.1764085432800886,1.2072480309689544,-1.2747434736152492,-11.067010339736138,-0.050621581984721,-0.1242529739624972,0.1779425306129589,1.205714043636084,-1.2826642983851642,-11.081499542760595,5.38,-231.34,-121.05,-5.38,-129.12,0.0719424717672062,-0.1438849435344125,0.287769887068825,0.0,0.0,28,31,30,31,32,-19,-94,6,-7,-37,12.8,12.8,12.8,12.7,12.7,-999,-999,-999,0.0,0.0,0.0
17.56847381591797,-0.04601961998611,-0.1012431639694421,0.1810105052786996,1.205714043636084,-1.2732094862823788,-11.064155754919572,-0.050621581984721,-0.1242529739624972,0.18254449261157,1.205714043636084,-1.2826642983851642,-11.081499542760595,24.21,-231.34,-129.12,-16.14,-126.43,0.0719424717672062,-0.1199041196120104,0.263789063146423,0.0,0.0,27,31,30,31,31,-13,-88,0,0,-37,12.8,12.8,12.8,12.7,12.7,-999,-999,-999,0.0,0.0,0.0
17.58547353744507,-0.0475536073189804,-0.1027771513023125,0.1840784799444403,1.2072480309689544,-1.2732094862823788,-11.064155754919572,-0.050621581984721,-0.1242529739624972,0.1856124672773106,1.205714043636084,-1.2826642983851642,-11.081499542760595,5.38,-242.1,-121.05,0.0,-126.43,0.0479616478448041,-0.0959232956896083,0.263789063146423,0.0,0.0,27,31,30,31,31,-7,-88,0,0,-37,12.8,12.8,12.8,12.7,12.7,-999,-999,-999,0.0,0.0,0.0
17.60238742828369,-0.0475536073189804,-0.1043111386351828,0.1871464546101809,1.2072480309689544,-1.2732094862823788,-11.064155754919572,-0.0490875946518507,-0.1242529739624972,0.1871464546101809,1.205714043636084,-1.2826642983851642,-11.081499542760595,0.0,-250.17,-134.5,-16.14,-129.12,0.0,-0.0719424717672062,0.2398082392240208,0.0,0.0,28,31,30,31,31,0,-88,-45,-7,-37,12.8,12.8,12.7,12.7,12.7,-999,-999,-999,0.0,0.0,0.0
17.619394779205322,-0.0521555693175914,-0.1027771513023125,0.1902144292759216,1.205714043636084,-1.2732094862823788,-11.064155754919572,-0.0475536073189804,-0.1242529739624972,0.1902144292759216,1.205714043636084,-1.2826642983851642,-11.081499542760595,2.69,-250.17,-72.63,0.0,-123.74,-0.0479616478448041,-0.0479616478448041,0.2158274153016187,0.0,0.0,28,31,30,31,32,12,-82,-13,0,-37,12.7,12.8,12.8,12.7,12.7,-999,-999,-999,0.0,0.0,0.0
17.636417627334595,-0.055223543983332,-0.1027771513023125,0.1932824039416623,1.205714043636084,-1.2732094862823788,-11.064155754919572,-0.0475536073189804,-0.1242529739624972,0.1902144292759216,1.205714043636084,-1.2826642983851642,-11.081499542760595,0.0,-250.17,-64.56,-8.07,-126.43,-0.0719424717672062,-0.023980823922402,0.1918465913792167,0.0,0.0,27,31,30,31,32,25,-82,-13,-7,-37,12.8,12.8,12.8,12.7,12.7,-999,-999,-999,0.0,0.0,0.0
17.65342378616333,-0.0536895566504617,-0.1043111386351828,0.196350378607403,1.205714043636084,-1.2732094862823788,-11.064155754919572,-0.0475536073189804,-0.1242529739624972,0.191748416608792,1.205714043636084,-1.2826642983851642,-11.081499542760595,13.45,-247.48,-64.56,-5.38,-118.36,-0.0719424717672062,0.0,0.1678657674568146,0.0,0.0,27,31,30,31,32,18,-82,-19,0,-37,12.8,12.8,12.8,12.7,12.7,-999,-999,-999,0.0,0.0,0.0
17.670475006103516,-0.0521555693175914,-0.1027771513023125,0.196350378607403,1.2072480309689544,-1.2732094862823788,-11.064155754919572,-0.0475536073189804,-0.1242529739624972,0.191748416608792,1.205714043636084,-1.2826642983851642,-11.081499542760595,10.76,-250.17,-83.39,-16.14,-126.43,-0.0479616478448041,0.0,0.1438849435344125,0.0,0.0,27,31,30,31,32,12,-82,-19,0,-37,12.7,12.8,12.8,12.7,12.7,-999,-999,-999,0.0,0.0,0.0
17.687475442886353,-0.0521555693175914,-0.1027771513023125,0.1978843659402733,1.2072480309689544,-1.2732094862823788,-11.064155754919572,-0.04601961998611,-0.1242529739624972,0.1932824039416623,1.205714043636084,-1.2826642983851642,-11.081499542760595,0.0,-247.48,-80.7,-8.07,-126.43,-0.023980823922402,0.0,0.1199041196120104,0.0,0.0,29,31,31,31,32,12,-82,-19,-7,-37,12.8,12.8,12.8,12.7,12.7,-999,-999,-999,0.0,0.0,0.0
17.704465866088867,-0.0475536073189804,-0.1027771513023125,0.1994183532731436,1.205714043636084,-1.2732094862823788,-11.064155754919572,-0.04601961998611,-0.1242529739624972,0.1932824039416623,1.205714043636084,-1.2826642983851642,-11.081499542760595,0.0,-250.17,-83.39,-10.76,-121.05,0.023980823922402,0.0,0.0959232956896083,0.0,0.0,28,32,31,31,32,6,-82,-25,0,-37,12.8,12.8,12.8,12.7,12.7,-999,-999,-999,0.0,0.0,0.0
17.72145175933838,-0.0429516453203694,-0.1027771513023125,0.1994183532731436,1.2072480309689544,-1.2732094862823788,-11.064155754919572,-0.04601961998611,-0.1242529739624972,0.1948163912745326,1.205714043636084,-1.2811303110522938,-11.078726216542444,37.66,-250.17,-53.8,-5.38,-96.84,0.0719424717672062,0.0,0.0719424717672062,0.0,0.0,28,31,30,31,32,-13,-82,-19,0,-31,12.8,12.4,12.8,12.7,12.7,-999,-999,-999,0.0,0.0,0.0
17.738566637039185,-0.0429516453203694,-0.1043111386351828,0.200952340606014,1.2072480309689544,-1.2732094862823788,-11.064155754919572,-0.04601961998611,-0.1242529739624972,0.1948163912745326,1.205714043636084,-1.2811303110522938,-11.078726216542444,21.52,-250.17,-69.94,-13.45,-96.84,0.0959232956896083,0.0,0.0479616478448041,0.0,0.0,28,31,30,31,32,-13,-88,-25,0,-31,12.8,12.8,12.7,12.7,12.7,-999,-999,-999,0.0,0.0,0.0
17.755462884902954,-0.0429516453203694,-0.1027771513023125,0.200952340606014,1.205714043636084,-1.2732094862823788,-11.064155754919572,-0.0429516453203694,-0.1242529739624972,0.196350378607403,1.205714043636084,-1.2826642983851642,-11.081499542760595,16.14,-247.48,-16.14,16.14,-126.43,0.0959232956896083,0.0,0.0479616478448041,0.0,0.0,28,31,30,31,32,0,-88,-19,-19,-37,12.9,12.8,12.8,12.7,12.7,-999,-999,-999,0.0,0.0,0.0
17.772404670715332,-0.0429516453203694,-0.1043111386351828,0.200952340606014,1.205714043636084,-1.2732094862823788,-11.064155754919572,-0.0429516453203694,-0.1242529739624972,0.196350378607403,1.205714043636084,-1.2826642983851642,-11.081499542760595,-8.07,-252.86,-61.87,-8.07,-126.43,0.0719424717672062,0.0,0.023980823922402,0.0,0.0,27,29,30,31,32,0,-82,-19,-7,-37,12.8,12.8,12.8,12.7,12.7,-999,-999,-999,0.0,0.0,0.0
17.789454460144043,-0.04601961998611,-0.1043111386351828,0.2024863279388843,1.205714043636084,-1.2732094862823788,-11.064155754919572,-0.041417657987499,-0.1242529739624972,0.1978843659402733,1.2041800563032137,-1.2826642983851642,-11.081499542760595,18.83,-255.55,-48.42,-8.07,-126.43,0.023980823922402,0.0,0.023980823922402,0.0,0.0,28,31,30,31,33,12,-88,-19,-13,-37,12.8,12.8,12.8,12.7,12.7,-999,-999,-999,0.0,0.0,0.0
17.806487321853638,-0.050621581984721,-0.1027771513023125,0.2024863279388843,1.2041800563032137,-1.2732094862823788,-11.064155754919572,-0.0398836706546287,-0.1242529739624972,0.1978843659402733,1.2041800563032137,-1.2826642983851642,-11.081499542760595,0.0,-244.79,-43.04,0.0,-123.74,-0.023980823922402,0.0,0.023980823922402,0.0,0.0,30,31,30,30,32,25,-82,-19,-7,-37,12.8,12.8,12.5,12.7,12.6,-999,-999,-999,0.0,0.0,0.0
17.823554039001465,-0.0475536073189804,-0.1043111386351828,0.2040203152717546,1.2041800563032137,-1.2732094862823788,-11.064155754919572,-0.0383496833217584,-0.1242529739624972,0.1994183532731436,1.2041800563032137,-1.2826642983851642,-11.081499542760595,5.38,-244.79,-72.63,-10.76,-121.05,-0.0479616478448041,0.0,0.023980823922402,0.0,0.0,28,31,30,30,32,31,-82,-25,-7,-37,12.8,12.8,12.7,12.7,12.7,-999,-999,-999,0.0,0.0,0.0
17.841432571411133,-0.0444856326532397,-0.1027771513023125,0.2040203152717546,1.2041800563032137,-1.2732094862823788,-11.064155754919572,-0.036815695988888,-0.1242529739624972,0.200952340606014,1.2041800563032137,-1.2826642983851642,-11.081499542760595,34.97,-247.48,-32.28,-16.14,-126.43,-0.023980823922402,0.0,0.023980823922402,0.0,0.0,28,31,30,30,32,25,-82,-19,-7,-37,12.8,12.8,12.8,12.7,12.6,-999,-999,-999,0.0,0.0,0.0
17.85938286781311,-0.0429516453203694,-0.1027771513023125,0.205554302604625,1.2041800563032137,-1.2732094862823788,-11.064155754919572,-0.0352817086560177,-0.1242529739624972,0.2024863279388843,1.2041800563032137,-1.2826642983851642,-11.081499542760595,24.21,-244.79,-48.42,-37.66,-126.43,0.0,0.0,0.023980823922402,0.0,0.0,28,32,30,30,32,25,-82,-13,-7,-37,12.9,12.7,12.8,12.7,12.7,-999,-999,-999,0.0,0.0,0.0
17.878426551818848,-0.0398836706546287,-0.1043111386351828,0.205554302604625,1.2041800563032137,-1.2732094862823788,-11.064155754919572,-0.0337477213231473,-0.1242529739624972,0.2024863279388843,1.2041800563032137,-1.2826642983851642,-11.081499542760595,-5.38,-252.86,-34.97,-48.42,-121.05,0.0479616478448041,0.0,0.023980823922402,0.0,0.0,28,31,30,31,32,18,-88,-13,-7,-37,12.8,12.8,12.8,12.7,12.7,-999,-999,-999,0.0,0.0,0.0
17.89539384841919,-0.0352817086560177,-0.1027771513023125,0.2070882899374953,1.2041800563032137,-1.2732094862823788,-11.064155754919572,-0.0337477213231473,-0.1242529739624972,0.2024863279388843,1.2041800563032137,-1.2826642983851642,-11.081499542760595,0.0,-244.79,-61.87,-32.28,-121.05,0.1199041196120104,0.0,0.0479616478448041,0.0,0.0,28,31,30,31,32,6,-82,-19,-7,-37,12.8,12.8,12.8,12.7,12.7,-999,-999,-999,0.0,0.0,0.0
17.91239833831787,-0.032213733990277,-0.1027771513023125,0.2086222772703657,1.205714043636084,-1.2732094862823788,-11.064155754919572,-0.0306797466574067,-0.1242529739624972,0.2040203152717546,1.2041800563032137,-1.2826642983851642,-11.081499542760595,0.0,-247.48,-53.8,-32.28,-126.43,0.1438849435344125,0.0,0.0479616478448041,0.0,0.0,28,31,30,31,32,0,-88,-19,-7,-37,12.8,12.8,12.8,12.6,12.7,-999,-999,-999,0.0,0.0,0.0
17.92942523956299,-0.0306797466574067,-0.1043111386351828,0.210156264603236,1.2041800563032137,-1.2732094862823788,-11.064155754919572,-0.0306797466574067,-0.1242529739624972,0.2040203152717546,1.2041800563032137,-1.2826642983851642,-11.081499542760595,-5.38,-244.79,-75.32,-26.9,-121.05,0.1678657674568146,0.0,0.0479616478448041,0.0,0.0,28,31,30,31,32,0,-82,-25,-7,-37,12.8,12.8,12.8,12.7,12.7,-999,-999,-999,0.0,0.0,0.0
17.94636821746826,-0.0306797466574067,-0.1043111386351828,0.210156264603236,1.2041800563032137,-1.2732094862823788,-11.064155754919572,-0.0291457593245363,-0.1242529739624972,0.205554302604625,1.2041800563032137,-1.2826642983851642,-11.081499542760595,-8.07,-244.79,-40.35,-37.66,-126.43,0.1438849435344125,0.0,0.0479616478448041,0.0,0.0,28,31,30,31,32,6,-82,-19,-7,-37,12.8,12.8,12.8,12.7,12.7,-999,-999,-999,0.0,0.0,0.0
17.963409423828125,-0.0306797466574067,-0.1027771513023125,0.2116902519361063,1.2041800563032137,-1.2732094862823788,-11.064155754919572,-0.027611771991666,-0.1242529739624972,0.2070882899374953,1.2041800563032137,-1.2826642983851642,-11.081499542760595,16.14,-244.79,-45.73,-48.42,-123.74,0.0959232956896083,0.0,0.0479616478448041,0.0,0.0,28,31,30,31,32,12,-82,-19,-7,-37,12.8,12.8,12.8,12.7,12.7,-999,-999,-999,0.0,0.0,0.0
17.980406522750854,-0.032213733990277,-0.1043111386351828,0.2116902519361063,1.2041800563032137,-1.2732094862823788,-11.064155754919572,-0.027611771991666,-0.1227189866296268,0.2086222772703657,1.2041800563032137,-1.2826642983851642,-11.081499542760595,-5.38,-220.58,-32.28,-53.8,-126.43,0.0479616478448041,0.0,0.0479616478448041,0.0,0.0,28,31,30,31,32,18,-75,-13,-7,-37,12.8,12.8,12.8,12.7,12.7,-999,-999,-999,0.0,0.0,0.0
17.997406005859375,-0.0337477213231473,-0.1043111386351828,0.2132242392689767,1.2041800563032137,-1.2732094862823788,-11.064155754919572,-0.0245437973259253,-0.1227189866296268,0.2086222772703657,1.2041800563032137,-1.2826642983851642,-11.081499542760595,0.0,-223.27,-53.8,-56.49,-126.43,0.0,0.0,0.0479616478448041,0.0,0.0,28,31,30,31,32,31,-75,-19,-7,-37,12.7,12.9,12.8,12.7,12.7,-999,-999,-999,0.0,0.0,0.0
18.014379024505615,-0.032213733990277,-0.1043111386351828,0.2132242392689767,1.2041800563032137,-1.2732094862823788,-11.064155754919572,-0.023009809993055,-0.1227189866296268,0.210156264603236,1.2041800563032137,-1.2826642983851642,-11.081499542760595,32.28,-220.58,-16.14,-53.8,-126.43,0.0,0.0,0.0479616478448041,0.0,0.0,28,31,30,31,32,37,-75,-13,-7,-37,12.8,12.8,12.8,12.7,12.7,-999,-999,-999,0.0,0.0,0.0
18.031457901000977,-0.0291457593245363,-0.1043111386351828,0.214758226601847,1.2041800563032137,-1.2732094862823788,-11.064155754919572,-0.023009809993055,-0.1227189866296268,0.2116902519361063,1.2041800563032137,-1.2826642983851642,-11.081499542760595,32.28,-225.96,-29.59,-53.8,-126.43,0.0,0.0,0.0479616478448041,0.0,0.0,28,31,32,31,31,25,-75,-13,-7,-37,12.8,12.8,12.8,12.7,12.7,-999,-999,-999,0.0,0.0,0.0
18.04838800430298,-0.027611771991666,-0.1043111386351828,0.2162922139347173,1.2041800563032137,-1.2732094862823788,-11.064155754919572,-0.023009809993055,-0.1227189866296268,0.2116902519361063,1.2041800563032137,-1.2826642983851642,-11.081499542760595,0.0,-223.27,-43.04,-56.49,-126.43,0.023980823922402,0.0,0.0479616478448041,0.0,0.0,28,31,31,31,31,18,-75,-13,-7,-37,12.8,12.8,12.8,12.7,12.7,-999,-999,-999,0.0,0.0,0.0
18.06545209884644,-0.023009809993055,-0.1043111386351828,0.2162922139347173,1.2041800563032137,-1.2732094862823788,-11.064155754919572,-0.0214758226601847,-0.1227189866296268,0.2132242392689767,1.202646068970343,-1.2826642983851642,-11.081499542760595,-13.45,-220.58,-21.52,0.0,-121.05,0.0719424717672062,0.0,0.0479616478448041,0.0,0.0,28,31,31,31,31,6,-75,-13,-13,-37,12.8,12.8,12.8,12.7,12.6,-999,-999,-999,0.0,0.0,0.0
18.08337092399597,-0.018407847994444,-0.1043111386351828,0.2178262012675877,1.2041800563032137,-1.2732094862823788,-11.064155754919572,-0.0214758226601847,-0.1227189866296268,0.2132242392689767,1.202646068970343,-1.2826642983851642,-11.081499542760595,-16.14,-220.58,-64.56,5.38,-126.43,0.1199041196120104,0.0,0.0479616478448041,0.0,0.0,28,31,31,31,31,-7,-75,-19,-13,-37,12.7,12.8,12.8,12.7,12.7,-999,-999,-999,0.0,0.0,0.0
18.1004331111908,-0.018407847994444,-0.1027771513023125,0.2178262012675877,1.202646068970343,-1.2732094862823788,-11.064155754919572,-0.0214758226601847,-0.1227189866296268,0.2132242392689767,1.202646068970343,-1.2826642983851642,-11.081499542760595,18.83,-220.58,-48.42,-34.97,-126.43,0.1438849435344125,0.0,0.0479616478448041,0.0,0.0,27,31,31,31,31,-13,-75,-19,-7,-37,12.8,12.8,12.8,12.7,12.6,-999,-999,-999,0.0,0.0,0.0
18.11742925643921,-0.018407847994444,-0.1043111386351828,0.219360188600458,1.202646068970343,-1.2732094862823788,-11.064155754919572,-0.0199418353273143,-0.1211849992967565,0.2132242392689767,1.202646068970343,-1.2826642983851642,-11.081499542760595,0.0,-185.61,-56.49,-29.59,-126.43,0.1438849435344125,0.0,0.023980823922402,0.0,0.0,27,31,31,31,31,0,-69,-19,-7,-37,12.8,12.8,12.8,12.7,12.7,-999,-999,-999,0.0,0.0,0.0
18.13535237312317,-0.0199418353273143,-0.1043111386351828,0.219360188600458,1.202646068970343,-1.2732094862823788,-11.064155754919572,-0.0199418353273143,-0.1211849992967565,0.214758226601847,1.2041800563032137,-1.2826642983851642,-11.081499542760595,-10.76,-209.82,-40.35,-10.76,-126.43,0.0959232956896083,0.0,0.023980823922402,0.0,0.0,27,31,31,30,31,-7,-75,-19,0,-37,12.8,12.8,12.9,12.7,12.7,-999,-999,-999,0.0,0.0,0.0
18.15238046646118,-0.0199418353273143,-0.1027771513023125,0.219360188600458,1.202646068970343,-1.2732094862823788,-11.064155754919572,-0.0199418353273143,-0.1211849992967565,0.214758226601847,1.202646068970343,-1.2826642983851642,-11.081499542760595,0.0,-209.82,-56.49,0.0,-126.43,0.023980823922402,0.0,0.023980823922402,0.0,0.0,28,31,31,30,31,0,-69,-19,-7,-37,12.8,12.8,12.8,12.7,12.7,-999,-999,-999,0.0,0.0,0.0
18.16950297355652,-0.0245437973259253,-0.1043111386351828,0.2208941759333283,1.202646068970343,-1.2732094862823788,-11.064155754919572,-0.018407847994444,-0.1211849992967565,0.214758226601847,1.2041800563032137,-1.2826642983851642,-11.081499542760595,32.28,-204.44,-34.97,0.0,-121.05,-0.023980823922402,0.0,0.023980823922402,0.0,0.0,28,31,31,30,31,25,-69,-19,-7,-37,12.8,12.9,12.8,12.7,12.7,-999,-999,-999,0.0,0.0,0.0
18.186469793319706,-0.0245437973259253,-0.1043111386351828,0.219360188600458,1.202646068970343,-1.2732094862823788,-11.064155754919572,-0.018407847994444,-0.1211849992967565,0.214758226601847,1.2041800563032137,-1.2826642983851642,-11.081499542760595,-10.76,-204.44,-53.8,-5.38,-126.43,-0.0479616478448041,0.0,0.023980823922402,0.0,0.0,28,31,31,31,31,18,-69,-19,0,-37,12.8,12.8,12.8,12.7,12.7,-999,-999,-999,0.0,0.0,0.0
18.2034924030304,-0.023009809993055,-0.1043111386351828,0.2208941759333283,1.202646068970343,-1.2732094862823788,-11.064155754919572,-0.013805885995833,-0.1211849992967565,0.2162922139347173,1.202646068970343,-1.2826642983851642,-11.081499542760595,29.59,-204.44,-16.14,-32.28,-126.43,-0.0479616478448041,0.0,0.023980823922402,0.0,0.0,27,31,30,31,31,25,-69,-19,-7,-37,12.8,12.8,12.8,12.7,12.6,-999,-999,-999,0.0,0.0,0.0
18.220361471176147,-0.0214758226601847,-0.1043111386351828,0.2208941759333283,1.202646068970343,-1.2732094862823788,-11.064155754919572,-0.013805885995833,-0.1211849992967565,0.2162922139347173,1.202646068970343,-1.2826642983851642,-11.081499542760595,26.9,-204.44,-48.42,-32.28,-126.43,-0.023980823922402,0.0,0.0,0.0,0.0,27,31,31,31,31,25,-69,-19,-7,-37,12.8,12.7,12.8,12.7,12.7,-999,-999,-999,0.0,0.0,0.0
18.23736977577209,-0.018407847994444,-0.1043111386351828,0.2208941759333283,1.202646068970343,-1.2732094862823788,-11.064155754919572,-0.0122718986629626,-0.1211849992967565,0.2162922139347173,1.202646068970343,-1.2811303110522938,-11.078726216542444,21.52,-207.13,-40.35,-10.76,-96.84,0.023980823922402,0.0,0.0,0.0,0.0,27,31,31,31,31,25,-69,-19,-7,-25,12.8,12.8,12.8,12.7,12.7,-999,-999,-999,0.0,0.0,0.0
18.254424571990967,-0.0122718986629626,-0.1043111386351828,0.2224281632661987,1.202646068970343,-1.2732094862823788,-11.064155754919572,-0.0122718986629626,-0.1196510119638862,0.2162922139347173,1.202646068970343,-1.2826642983851642,-11.081499542760595,-13.45,-174.85,-40.35,-10.76,-126.43,0.0959232956896083,0.0,0.0,0.0,0.0,28,31,31,31,31,0,-63,-19,-7,-37,12.8,12.8,12.8,12.7,12.7,-999,-999,-999,0.0,0.0,0.0
18.27136778831482,-0.009203923997222,-0.1043111386351828,0.2208941759333283,1.202646068970343,-1.2732094862823788,-11.064155754919572,-0.0107379113300923,-0.1196510119638862,0.2178262012675877,1.202646068970343,-1.2811303110522938,-11.078726216542444,-5.38,-185.61,-32.28,-13.45,-96.84,0.1438849435344125,0.0,0.0,0.0,0.0,28,31,31,31,32,-7,-63,-13,-7,-31,12.8,12.8,12.8,12.7,12.7,-999,-999,-999,0.0,0.0,0.0
18.28848958015442,-0.009203923997222,-0.1043111386351828,0.2224281632661987,1.202646068970343,-1.2747434736152492,-11.067010339736138,-0.009203923997222,-0.1196510119638862,0.2178262012675877,1.2041800563032137,-1.2811303110522938,-11.078726216542444,-8.07,-182.92,-51.11,0.0,-96.84,0.1678657674568146,0.0,0.0,0.0,0.0,28,31,31,31,32,0,-63,-19,-7,-31,12.8,12.8,12.8,12.7,12.7,-999,-999,-999,0.0,0.0,0.0
18.30634379386902,-0.009203923997222,-0.1043111386351828,0.2224281632661987,1.202646068970343,-1.2732094862823788,-11.064155754919572,-0.009203923997222,-0.1196510119638862,0.2178262012675877,1.2041800563032137,-1.2811303110522938,-11.078726216542444,-16.14,-188.3,-45.73,-5.38,-94.15,0.1438849435344125,0.0,0.0,0.0,0.0,28,32,31,31,32,0,-63,-19,0,-31,12.8,12.8,12.8,12.7,12.7,-999,-999,-999,0.0,0.0,0.0
18.3233802318573,-0.009203923997222,-0.1043111386351828,0.223962150599069,1.202646068970343,-1.2732094862823788,-11.064155754919572,-0.009203923997222,-0.1196510119638862,0.2178262012675877,1.202646068970343,-1.2811303110522938,-11.078726216542444,-5.38,-185.61,-69.94,-8.07,-96.84,0.0959232956896083,0.0,0.023980823922402,0.0,0.0,28,32,31,31,31,0,-63,-25,-7,-31,12.8,12.8,12.8,12.7,12.7,-999,-999,-999,0.0,0.0,0.0
18.34037613868713,-0.0107379113300923,-0.1027771513023125,0.223962150599069,1.202646068970343,-1.2732094862823788,-11.064155754919572,-0.009203923997222,-0.1196510119638862,0.2178262012675877,1.202646068970343,-1.2826642983851642,-11.081499542760595,-5.38,-182.92,-61.87,0.0,-126.43,0.023980823922402,0.0,0.023980823922402,0.0,0.0,28,32,31,31,31,6,-63,-25,-7,-37,12.7,12.8,12.8,12.7,12.7,-999,-999,-999,0.0,0.0,0.0
18.35738205909729,-0.013805885995833,-0.1043111386351828,0.223962150599069,1.2041800563032137,-1.2732094862823788,-11.064155754919572,-0.009203923997222,-0.1196510119638862,0.2178262012675877,1.202646068970343,-1.2826642983851642,-11.081499542760595,0.0,-190.99,-53.8,0.0,-115.67,-0.023980823922402,0.0,0.023980823922402,0.0,0.0,28,32,31,31,31,18,-63,-25,-7,-31,12.7,12.8,12.8,12.7,12.7,-999,-999,-999,0.0,0.0,0.0
18.37437152862549,-0.013805885995833,-0.1043111386351828,0.223962150599069,1.202646068970343,-1.2732094862823788,-11.064155754919572,-0.009203923997222,-0.1196510119638862,0.2178262012675877,1.202646068970343,-1.2811303110522938,-11.078726216542444,2.69,-188.3,-64.56,0.0,-96.84,-0.0479616478448041,0.0,0.0,0.0,0.0,28,31,31,31,31,18,-63,-25,-7,-31,12.8,12.8,12.8,12.7,12.7,-999,-999,-999,0.0,0.0,0.0
18.391372442245483,-0.013805885995833,-0.1043111386351828,0.223962150599069,1.202646068970343,-1.2732094862823788,-11.064155754919572,-0.009203923997222,-0.1196510119638862,0.2178262012675877,1.202646068970343,-1.2826642983851642,-11.081499542760595,13.45,-185.61,-59.18,0.0,-126.43,-0.0479616478448041,0.0,0.0,0.0,0.0,27,31,31,31,32,12,-63,-25,-7,-37,12.8,12.8,12.8,12.7,12.7,-999,-999,-999,0.0,0.0,0.0
18.408369541168213,-0.0122718986629626,-0.1043111386351828,0.223962150599069,1.202646068970343,-1.2732094862823788,-11.064155754919572,-0.0076699366643516,-0.1196510119638862,0.219360188600458,1.202646068970343,-1.2826642983851642,-11.081499542760595,26.9,-185.61,-21.52,0.0,-126.43,-0.023980823922402,0.0,0.0,0.0,0.0,27,31,31,32,32,12,-63,-19,-7,-37,12.8,12.8,12.8,12.7,12.7,-999,-999,-999,0.0,0.0,0.0
18.42542243003845,-0.0107379113300923,-0.1043111386351828,0.223962150599069,1.202646068970343,-1.2732094862823788,-11.064155754919572,-0.0076699366643516,-0.1181170246310158,0.2208941759333283,1.202646068970343,-1.2826642983851642,-11.081499542760595,0.0,-185.61,-10.76,0.0,-126.43,0.0,0.0,0.0,0.0,0.0,28,31,31,31,31,12,-63,-13,-7,-37,12.8,12.8,12.8,12.7,12.7,-999,-999,-999,0.0,0.0,0.0
18.44241189956665,-0.0061359493314813,-0.1043111386351828,0.223962150599069,1.202646068970343,-1.2732094862823788,-11.064155754919572,-0.0076699366643516,-0.1181170246310158,0.2208941759333283,1.202646068970343,-1.2826642983851642,-11.081499542760595,-5.38,-164.09,0.0,0.0,-126.43,0.0479616478448041,0.0,0.0,0.0,0.0,28,31,31,31,31,-7,-57,-13,-7,-37,12.8,12.4,12.8,12.7,12.7,-999,-999,-999,0.0,0.0,0.0
18.459381341934204,-0.004601961998611,-0.1043111386351828,0.2254961379319394,1.202646068970343,-1.2732094862823788,-11.064155754919572,-0.0076699366643516,-0.1181170246310158,0.2224281632661987,1.202646068970343,-1.2826642983851642,-11.081499542760595,34.97,-169.47,-18.83,0.0,-126.43,0.0719424717672062,0.0,0.0,0.0,0.0,28,31,31,31,31,-13,-57,-13,-7,-37,12.8,12.8,12.8,12.8,12.7,-999,-999,-999,0.0,0.0,0.0
18.476372480392456,-0.004601961998611,-0.1043111386351828,0.2270301252648097,1.202646068970343,-1.2732094862823788,-11.064155754919572,-0.0076699366643516,-0.1181170246310158,0.223962150599069,1.202646068970343,-1.2826642983851642,-11.081499542760595,34.97,-166.78,-40.35,0.0,-126.43,0.0959232956896083,0.0,0.0,0.0,0.0,28,31,30,30,31,-13,-57,-7,-7,-37,12.8,12.8,12.8,12.8,12.7,-999,-999,-999,0.0,0.0,0.0
18.49338746070861,-0.004601961998611,-0.1043111386351828,0.2270301252648097,1.202646068970343,-1.2732094862823788,-11.064155754919572,-0.0076699366643516,-0.1181170246310158,0.2254961379319394,1.202646068970343,-1.2826642983851642,-11.081499542760595,18.83,-172.16,-53.8,-2.69,-126.43,0.0959232956896083,0.0,0.023980823922402,0.0,0.0,28,31,30,30,31,-7,-57,-7,-7,-37,12.8,12.8,12.8,12.8,12.7,-999,-999,-999,0.0,0.0,0.0
18.510377883911133,-0.0061359493314813,-0.1027771513023125,0.22856411259768,1.202646068970343,-1.2732094862823788,-11.064155754919572,-0.0061359493314813,-0.1181170246310158,0.2254961379319394,1.202646068970343,-1.2826642983851642,-11.081499542760595,0.0,-166.78,-40.35,0.0,-126.43,0.023980823922402,0.0,0.0479616478448041,0.0,0.0,28,31,30,30,32,0,-57,-13,-7,-37,12.8,12.8,12.8,12.8,12.7,-999,-999,-999,0.0,0.0,0.0
18.527424573898315,-0.0076699366643516,-0.1043111386351828,0.2300980999305504,1.202646068970343,-1.2732094862823788,-11.064155754919572,-0.004601961998611,-0.1181170246310158,0.2270301252648097,1.202646068970343,-1.2826642983851642,-11.081499542760595,21.52,-134.5,-29.59,0.0,-126.43,0.0,0.0,0.0479616478448041,0.0,0.0,28,31,30,30,32,12,-50,-13,-7,-37,12.8,12.8,12.8,12.8,12.7,-999,-999,-999,0.0,0.0,0.0
18.54442667961121,-0.0107379113300923,-0.1043111386351828,0.2316320872634207,1.202646068970343,-1.2732094862823788,-11.064155754919572,-0.004601961998611,-0.1181170246310158,0.2270301252648097,1.202646068970343,-1.2826642983851642,-11.081499542760595,5.38,-174.85,-56.49,0.0,-126.43,-0.023980823922402,0.0,0.0719424717672062,0.0,0.0,28,31,30,30,32,25,-57,-19,-7,-37,12.8,12.8,12.8,12.7,12.7,-999,-999,-999,0.0,0.0,0.0
18.56136465072632,-0.009203923997222,-0.1043111386351828,0.2316320872634207,1.202646068970343,-1.2732094862823788,-11.064155754919572,-0.0030679746657406,-0.1181170246310158,0.2270301252648097,1.202646068970343,-1.2826642983851642,-11.081499542760595,16.14,-180.23,-99.53,0.0,-123.74,-0.0719424717672062,0.0,0.0719424717672062,0.0,0.0,28,31,30,30,32,31,-63,-25,-7,-37,12.8,12.8,12.8,12.7,12.7,-999,-999,-999,0.0,0.0,0.0
18.57838129997253,-0.0076699366643516,-0.1043111386351828,0.233166074596291,1.202646068970343,-1.2732094862823788,-11.064155754919572,-0.0030679746657406,-0.1165830372981455,0.2270301252648097,1.202646068970343,-1.2826642983851642,-11.081499542760595,13.45,-137.19,-72.63,0.0,-126.43,-0.0479616478448041,0.0,0.0479616478448041,0.0,0.0,28,31,30,31,32,18,-50,-25,-7,-37,12.8,12.8,12.8,12.7,12.7,-999,-999,-999,0.0,0.0,0.0
18.595515966415405,-0.0061359493314813,-0.1043111386351828,0.233166074596291,1.202646068970343,-1.2732094862823788,-11.064155754919572,-0.0030679746657406,-0.1165830372981455,0.2270301252648097,1.2011120816374732,-1.2826642983851642,-11.081499542760595,0.0,-177.54,-64.56,-29.59,-123.74,0.0,0.0,0.0479616478448041,0.0,0.0,28,31,31,31,32,12,-57,-25,-32,-37,12.8,12.8,12.8,12.7,12.6,-999,-999,-999,0.0,0.0,0.0
18.61236333847046,-0.004601961998611,-0.1043111386351828,0.233166074596291,1.202646068970343,-1.2732094862823788,-11.064155754919572,-0.0030679746657406,-0.1165830372981455,0.2270301252648097,1.2011120816374732,-1.2826642983851642,-11.081499542760595,-24.21,-134.5,-64.56,0.0,-126.43,0.023980823922402,0.0,0.023980823922402,0.0,0.0,27,31,31,31,32,6,-50,-25,-7,-37,12.8,12.8,12.8,12.7,12.7,-999,-999,-999,0.0,0.0,0.0
18.62935853004456,0.0,-0.1043111386351828,0.233166074596291,1.202646068970343,-1.2732094862823788,-11.064155754919572,-0.0030679746657406,-0.1181170246310158,0.22856411259768,1.2011120816374732,-1.2811303110522938,-11.078726216542444,34.97,-172.16,-18.83,0.0,-96.84,0.0719424717672062,0.0,0.023980823922402,0.0,0.0,27,31,31,31,32,-13,-57,-19,-7,-31,12.8,12.8,12.8,12.7,12.6,-999,-999,-999,0.0,0.0,0.0
18.64833760261536,0.0015339873328703,-0.1043111386351828,0.233166074596291,1.202646068970343,-1.2732094862823788,-11.064155754919572,-0.0030679746657406,-0.1165830372981455,0.2270301252648097,1.2011120816374732,-1.2811303110522938,-11.078726216542444,16.14,-166.78,-43.04,-45.73,-96.84,0.1199041196120104,0.0,0.0,0.0,0.0,27,31,31,31,31,-13,-57,-19,0,-31,12.8,12.8,12.8,12.7,12.7,-999,-999,-999,0.0,0.0,0.0
18.665350914001465,0.0,-0.1027771513023125,0.233166074596291,1.202646068970343,-1.2732094862823788,-11.064155754919572,-0.0030679746657406,-0.1165830372981455,0.2270301252648097,1.2011120816374732,-1.2811303110522938,-11.078726216542444,21.52,-134.5,-72.63,-8.07,-96.84,0.0959232956896083,0.0,0.0,0.0,0.0,28,31,31,31,31,-13,-50,-32,-7,-31,12.8,12.8,12.8,12.7,12.7,-999,-999,-999,0.0,0.0,0.0
18.682451725006104,0.0,-0.1043111386351828,0.233166074596291,1.202646068970343,-1.2732094862823788,-11.064155754919572,-0.0030679746657406,-0.1165830372981455,0.2270301252648097,1.2011120816374732,-1.2826642983851642,-11.081499542760595,2.69,-147.95,-61.87,0.0,-94.15,0.0719424717672062,0.0,0.0,0.0,0.0,28,31,31,31,31,-7,-50,-25,-7,-31,12.8,12.8,12.8,12.7,12.7,-999,-999,-999,0.0,0.0,0.0
18.700380325317383,-0.0030679746657406,-0.1043111386351828,0.233166074596291,1.202646068970343,-1.2732094862823788,-11.064155754919572,-0.0030679746657406,-0.1165830372981455,0.2270301252648097,1.2011120816374732,-1.2826642983851642,-11.081499542760595,18.83,-145.26,-69.94,0.0,-126.43,0.0,0.0,0.0,0.0,0.0,28,31,31,30,31,0,-50,-32,-7,-37,12.8,12.8,12.8,12.7,12.7,-999,-999,-999,0.0,0.0,0.0
18.71751976013184,-0.0076699366643516,-0.1043111386351828,0.2347000619291614,1.202646068970343,-1.2732094862823788,-11.064155754919572,-0.0030679746657406,-0.1165830372981455,0.22856411259768,1.2011120816374732,-1.2811303110522938,-11.078726216542444,0.0,-150.64,-61.87,0.0,-126.43,-0.0479616478448041,0.0,0.0,0.0,0.0,28,31,31,30,31,12,-57,-32,-7,-37,12.8,12.8,12.8,12.7,12.7,-999,-999,-999,0.0,0.0,0.0
18.73451542854309,-0.0076699366643516,-0.1043111386351828,0.233166074596291,1.202646068970343,-1.2732094862823788,-11.064155754919572,-0.0030679746657406,-0.1165830372981455,0.2270301252648097,1.2011120816374732,-1.2826642983851642,-11.081499542760595,0.0,-145.26,-51.11,0.0,-96.84,-0.0719424717672062,0.0,0.0,0.0,0.0,28,31,31,30,31,18,-50,-25,-7,-31,12.8,12.8,12.9,12.7,12.7,-999,-999,-999,0.0,0.0,0.0
18.75145196914673,-0.0061359493314813,-0.1027771513023125,0.2347000619291614,1.202646068970343,-1.2732094862823788,-11.064155754919572,-0.0030679746657406,-0.1165830372981455,0.2270301252648097,1.2011120816374732,-1.2826642983851642,-11.081499542760595,13.45,-147.95,-72.63,0.0,-126.43,-0.0959232956896083,0.0,0.0,0.0,0.0,27,31,31,30,31,18,-57,-32,-7,-37,12.8,12.8,12.9,12.6,12.7,-999,-999,-999,0.0,0.0,0.0
18.76838493347168,-0.0061359493314813,-0.1043111386351828,0.233166074596291,1.202646068970343,-1.2747434736152492,-11.067010339736138,-0.0030679746657406,-0.1165830372981455,0.2270301252648097,1.2011120816374732,-1.2826642983851642,-11.081499542760595,13.45,-142.57,-61.87,0.0,-126.43,-0.0719424717672062,0.0,0.0,0.0,0.0,27,31,31,30,31,12,-50,-25,-7,-37,12.8,12.7,12.8,12.7,12.7,-999,-999,-999,0.0,0.0,0.0
18.785381078720093,-0.004601961998611,-0.1043111386351828,0.233166074596291,1.202646068970343,-1.2732094862823788,-11.064155754919572,-0.0030679746657406,-0.1165830372981455,0.2270301252648097,1.2011120816374732,-1.2826642983851642,-11.081499542760595,-5.38,-139.88,-69.94,-16.14,-118.36,-0.023980823922402,0.0,0.0,0.0,0.0,27,31,31,30,31,6,-50,-32,-7,-37,12.8,12.8,12.8,12.7,12.7,-999,-999,-999,0.0,0.0,0.0
18.80236792564392,0.0,-0.1043111386351828,0.233166074596291,1.202646068970343,-1.2732094862823788,-11.064155754919572,-0.0030679746657406,-0.1165830372981455,0.2270301252648097,1.2011120816374732,-1.2811303110522938,-11.078726216542444,0.0,-137.19,-67.25,-5.38,-96.84,0.023980823922402,0.0,0.0,0.0,0.0,28,31,31,31,31,-7,-50,-32,-7,-31,12.8,12.8,12.8,12.6,12.7,-999,-999,-999,0.0,0.0,0.0
18.81946849822998,0.0,-0.1043111386351828,0.2347000619291614,1.202646068970343,-1.2732094862823788,-11.064155754919572,-0.0030679746657406,-0.1165830372981455,0.2270301252648097,1.2011120816374732,-1.2811303110522938,-11.078726216542444,21.52,-139.88,-67.25,-8.07,-121.05,0.0719424717672062,0.0,0.0,0.0,0.0,28,31,31,31,31,-19,-50,-25,-7,-37,12.8,12.8,12.8,12.7,12.7,-999,-999,-999,0.0,0.0,0.0
18.83648085594177,0.0,-0.1043111386351828,0.233166074596291,1.202646068970343,-1.2747434736152492,-11.067010339736138,-0.0030679746657406,-0.1165830372981455,0.22856411259768,1.2011120816374732,-1.2826642983851642,-11.081499542760595,21.52,-142.57,-69.94,-21.52,-96.84,0.0959232956896083,0.0,0.0,0.0,0.0,28,31,31,31,31,-13,-50,-32,-7,-31,12.8,12.9,12.8,12.6,12.7,-999,-999,-999,0.0,0.0,0.0
18.853346586227417,0.0,-0.1043111386351828,0.2347000619291614,1.202646068970343,-1.2732094862823788,-11.064155754919572,-0.0030679746657406,-0.1165830372981455,0.22856411259768,1.2011120816374732,-1.2826642983851642,-11.081499542760595,16.14,-139.88,-40.35,-21.52,-126.43,0.0719424717672062,0.0,0.0,0.0,0.0,27,31,31,31,31,-13,-50,-25,-7,-37,12.8,12.9,12.8,12.7,12.7,-999,-999,-999,0.0,0.0,0.0
18.870391607284542,-0.0015339873328703,-0.1043111386351828,0.233166074596291,1.202646068970343,-1.2732094862823788,-11.064155754919572,-0.0030679746657406,-0.1165830372981455,0.2270301252648097,1.2011120816374732,-1.2826642983851642,-11.081499542760595,2.69,-139.88,-72.63,-10.76,-126.43,0.023980823922402,0.0,0.0,0.0,0.0,27,32,31,31,32,-7,-50,-25,-7,-37,12.8,12.9,12.8,12.7,12.7,-999,-999,-999,0.0,0.0,0.0
18.887435913085938,-0.004601961998611,-0.1043111386351828,0.2347000619291614,1.202646068970343,-1.2732094862823788,-11.064155754919572,-0.0030679746657406,-0.1150490499652752,0.2270301252648097,1.2011120816374732,-1.2826642983851642,-11.081499542760595,0.0,-137.19,-43.04,-13.45,-94.15,0.0,0.0,0.0,0.0,0.0,28,32,31,31,31,6,-50,-19,-7,-31,12.8,12.9,12.8,12.7,12.7,-999,-999,-999,0.0,0.0,0.0
18.90438985824585,-0.0076699366643516,-0.1043111386351828,0.2347000619291614,1.202646068970343,-1.2732094862823788,-11.064155754919572,-0.0030679746657406,-0.1150490499652752,0.2270301252648097,1.2011120816374732,-1.2826642983851642,-11.081499542760595,0.0,-131.81,-72.63,-13.45,-126.43,-0.0719424717672062,0.0,0.0,0.0,0.0,28,32,31,31,33,18,-44,-32,-7,-37,13.0,12.9,12.8,12.7,12.7,-999,-999,-999,0.0,0.0,0.0
18.92137360572815,-0.0076699366643516,-0.1043111386351828,0.233166074596291,1.202646068970343,-1.2732094862823788,-11.064155754919572,-0.0030679746657406,-0.1150490499652752,0.2270301252648097,1.2011120816374732,-1.2811303110522938,-11.078726216542444,5.38,-129.12,-75.32,-16.14,-96.84,-0.0959232956896083,0.0,0.0,0.0,0.0,28,32,31,31,32,18,-44,-32,-7,-31,12.8,12.8,12.8,12.7,12.7,-999,-999,-999,0.0,0.0,0.0
18.93835687637329,-0.0061359493314813,-0.1043111386351828,0.2347000619291614,1.202646068970343,-1.2732094862823788,-11.064155754919572,-0.0030679746657406,-0.1135150626324048,0.22856411259768,1.2011120816374732,-1.2826642983851642,-11.081499542760595,10.76,-107.6,-40.35,-24.21,-123.74,-0.0719424717672062,0.0,0.0,0.0,0.0,28,31,31,31,32,12,-38,-19,-7,-37,12.9,12.8,12.8,12.7,12.7,-999,-999,-999,0.0,0.0,0.0
18.95532178878784,-0.0061359493314813,-0.1027771513023125,0.233166074596291,1.202646068970343,-1.2732094862823788,-11.064155754919572,-0.0030679746657406,-0.1119810752995345,0.2270301252648097,1.2011120816374732,-1.2826642983851642,-11.081499542760595,-24.21,-80.7,-69.94,0.0,-126.43,-0.0479616478448041,0.0,0.0,0.0,0.0,28,31,31,31,32,-57,-32,-32,-7,-37,12.9,12.8,12.9,12.7,12.7,-999,-999,-999,0.0,0.0,0.0
18.97236490249633,-0.0030679746657406,-0.1043111386351828,0.2347000619291614,1.202646068970343,-1.2732094862823788,-11.064155754919572,-0.004601961998611,-0.1104470879666641,0.2270301252648097,1.2011120816374732,-1.2826642983851642,-11.081499542760595,-5.38,-64.56,-72.63,-18.83,-129.12,0.0,0.0,0.0,0.0,0.0,28,31,31,31,32,-7,-25,-32,-7,-37,12.9,12.8,12.8,12.7,12.7,-999,-999,-999,0.0,0.0,0.0
18.98933219909668,0.0,-0.1043111386351828,0.2347000619291614,1.202646068970343,-1.2732094862823788,-11.064155754919572,-0.0030679746657406,-0.1104470879666641,0.2270301252648097,1.2011120816374732,-1.2826642983851642,-11.081499542760595,43.04,-72.63,-75.32,0.0,-126.43,0.0479616478448041,0.0,0.0,0.0,0.0,28,31,31,31,32,-13,-32,-25,-7,-37,12.9,12.8,12.8,12.7,12.7,-999,-999,-999,0.0,0.0,0.0
19.00635290145874,0.0,-0.1043111386351828,0.2347000619291614,1.202646068970343,-1.2732094862823788,-11.064155754919572,-0.0030679746657406,-0.1089131006337938,0.2270301252648097,1.2011120816374732,-1.2826642983851642,-11.081499542760595,29.59,-61.87,-72.63,-29.59,-129.12,0.0719424717672062,0.0,0.0,0.0,0.0,28,31,30,31,32,-13,-25,-32,-7,-37,12.9,12.8,12.8,12.7,12.7,-999,-999,-999,0.0,0.0,0.0
19.02350258827209,0.0,-0.1027771513023125,0.2347000619291614,1.202646068970343,-1.2732094862823788,-11.064155754919572,-0.0030679746657406,-0.1089131006337938,0.2270301252648097,1.2011120816374732,-1.2811303110522938,-11.078726216542444,21.52,-56.49,-72.63,-10.76,-126.43,0.0719424717672062,0.0,0.0,0.0,0.0,28,31,31,31,32,-13,-25,-25,-7,-37,12.8,12.8,12.8,12.8,12.7,-999,-999,-999,0.0,0.0,0.0
19.04042363166809,-0.0015339873328703,-0.1027771513023125,0.233166074596291,1.202646068970343,-1.2732094862823788,-11.064155754919572,-0.0030679746657406,-0.1089131006337938,0.2270301252648097,1.2011120816374732,-1.2811303110522938,-11.078726216542444,2.69,-61.87,-72.63,-13.45,-96.84,0.0479616478448041,0.0,0.0,0.0,0.0,28,31,31,31,32,-7,-25,-32,-7,-31,12.8,12.8,12.8,12.8,12.7,-999,-999,-999,0.0,0.0,0.0
19.05745315551757,-0.0030679746657406,-0.1027771513023125,0.233166074596291,1.202646068970343,-1.2732094862823788,-11.064155754919572,-0.0030679746657406,-0.1089131006337938,0.2270301252648097,1.2011120816374732,-1.2826642983851642,-11.081499542760595,10.76,-56.49,-67.25,-13.45,-94.15,0.0,0.0,0.0,0.0,0.0,28,31,31,31,32,0,-25,-32,-7,-31,12.8,12.9,12.8,12.7,12.7,-999,-999,-999,0.0,0.0,0.0
19.07433605194092,-0.0061359493314813,-0.1027771513023125,0.2347000619291614,1.202646068970343,-1.2732094862823788,-11.064155754919572,-0.0030679746657406,-0.1089131006337938,0.2270301252648097,1.2011120816374732,-1.2826642983851642,-11.081499542760595,13.45,-59.18,-67.25,-13.45,-126.43,-0.023980823922402,0.0,0.0,0.0,0.0,28,31,31,30,32,12,-25,-25,-7,-37,12.8,12.8,12.8,12.7,12.7,-999,-999,-999,0.0,0.0,0.0
19.09129929542541,-0.0076699366643516,-0.1027771513023125,0.2347000619291614,1.202646068970343,-1.2732094862823788,-11.064155754919572,-0.0030679746657406,-0.1073791133009235,0.2270301252648097,1.2011120816374732,-1.2811303110522938,-11.078726216542444,0.0,-40.35,-69.94,-8.07,-94.15,-0.0719424717672062,0.0,0.0,0.0,0.0,28,31,31,31,32,18,-19,-25,-7,-31,12.8,12.8,12.8,12.7,12.7,-999,-999,-999,0.0,0.0,0.0
19.10828971862793,-0.0076699366643516,-0.1027771513023125,0.233166074596291,1.202646068970343,-1.2732094862823788,-11.064155754919572,-0.0030679746657406,-0.1089131006337938,0.22856411259768,1.2011120816374732,-1.2811303110522938,-11.078726216542444,2.69,-61.87,-53.8,-18.83,-96.84,-0.0959232956896083,0.0,0.0,0.0,0.0,28,32,31,31,32,18,-32,-19,-7,-31,12.9,12.8,12.8,12.7,12.7,-999,-999,-999,0.0,0.0,0.0
19.125301122665405,-0.0061359493314813,-0.1027771513023125,0.2347000619291614,1.202646068970343,-1.2732094862823788,-11.064155754919572,-0.0030679746657406,-0.1073791133009235,0.22856411259768,1.2011120816374732,-1.2811303110522938,-11.078726216542444,10.76,-45.73,-53.8,-18.83,-96.84,-0.0719424717672062,0.0,0.0,0.0,0.0,28,32,31,31,32,12,-19,-25,-7,-31,12.9,12.8,12.8,12.7,12.7,-999,-999,-999,0.0,0.0,0.0
19.14233088493347,-0.0061359493314813,-0.1012431639694421,0.2347000619291614,1.202646068970343,-1.2732094862823788,-11.064155754919572,-0.0030679746657406,-0.1073791133009235,0.2270301252648097,1.2011120816374732,-1.2811303110522938,-11.078726216542444,5.38,-61.87,-69.94,-16.14,-94.15,-0.023980823922402,0.0,0.0,0.0,0.0,28,32,31,31,32,12,-25,-32,-7,-31,12.5,12.8,12.8,12.7,12.7,-999,-999,-999,0.0,0.0,0.0
19.159330368041992,-0.0015339873328703,-0.1012431639694421,0.2347000619291614,1.202646068970343,-1.2732094862823788,-11.064155754919572,-0.0030679746657406,-0.1058451259680531,0.22856411259768,1.2011120816374732,-1.2811303110522938,-11.078726216542444,-5.38,-43.04,-56.49,-16.14,-96.84,0.023980823922402,0.0,0.0,0.0,0.0,28,32,31,31,32,-7,-19,-25,-7,-31,12.8,12.8,12.9,12.7,12.7,-999,-999,-999,0.0,0.0,0.0
19.17634606361389,0.0,-0.1012431639694421,0.2347000619291614,1.202646068970343,-1.2732094862823788,-11.064155754919572,-0.0030679746657406,-0.1058451259680531,0.22856411259768,1.2011120816374732,-1.2811303110522938,-11.078726216542444,40.35,-61.87,-51.11,-16.14,-94.15,0.0719424717672062,0.0,0.0,0.0,0.0,28,32,31,31,31,-13,-19,-19,-7,-31,12.8,12.9,12.9,12.7,12.7,-999,-999,-999,0.0,0.0,0.0
19.19341540336609,0.0,-0.0997091766365718,0.2347000619291614,1.202646068970343,-1.2732094862823788,-11.064155754919572,-0.0030679746657406,-0.1043111386351828,0.22856411259768,1.2011120816374732,-1.2811303110522938,-11.078726216542444,37.66,-53.8,-59.18,-32.28,-94.15,0.0719424717672062,0.0,0.0,0.0,0.0,27,31,30,31,33,-13,-13,-25,-7,-31,12.8,12.8,12.9,12.7,12.7,-999,-999,-999,0.0,0.0,0.0
19.211363077163696,0.0,-0.0981751893037015,0.2347000619291614,1.202646068970343,-1.2732094862823788,-11.064155754919572,-0.0030679746657406,-0.1012431639694421,0.22856411259768,1.2011120816374732,-1.2811303110522938,-11.078726216542444,18.83,-72.63,-64.56,-18.83,-94.15,0.0719424717672062,0.023980823922402,0.0,0.0,0.0,27,31,30,31,32,-13,-19,-25,-7,-31,12.8,12.8,12.8,12.7,12.7,-999,-999,-999,0.0,0.0,0.0
19.230316877365112,-0.0015339873328703,-0.0981751893037015,0.2347000619291614,1.202646068970343,-1.2732094862823788,-11.064155754919572,-0.0030679746657406,-0.0997091766365718,0.22856411259768,1.2011120816374732,-1.2811303110522938,-11.078726216542444,0.0,-37.66,-59.18,-40.35,-94.15,0.0479616478448041,0.023980823922402,0.0,0.0,0.0,28,31,31,31,32,-7,-13,-25,-7,-31,12.8,12.8,12.8,12.7,12.7,-999,-999,-999,0.0,0.0,0.0
19.247361660003666,-0.0030679746657406,-0.0966412019708311,0.2347000619291614,1.202646068970343,-1.2732094862823788,-11.064155754919572,-0.0030679746657406,-0.0997091766365718,0.22856411259768,1.2011120816374732,-1.2811303110522938,-11.078726216542444,0.0,-53.8,-61.87,-18.83,-94.15,0.0,0.0479616478448041,0.0,0.0,0.0,28,32,31,31,32,6,-19,-25,-7,-31,12.9,12.9,12.8,12.8,12.7,-999,-999,-999,0.0,0.0,0.0
19.26434803009033,-0.0061359493314813,-0.0935732273050904,0.233166074596291,1.202646068970343,-1.2732094862823788,-11.064155754919572,-0.0030679746657406,-0.0981751893037015,0.22856411259768,1.2011120816374732,-1.2811303110522938,-11.078726216542444,43.04,-37.66,-64.56,-18.83,-94.15,-0.0479616478448041,0.0479616478448041,0.0,0.0,0.0,28,32,31,31,32,18,-13,-25,-7,-31,12.9,12.9,12.8,12.8,12.7,-999,-999,-999,0.0,0.0,0.0
19.281306505203247,-0.0076699366643516,-0.0935732273050904,0.2347000619291614,1.202646068970343,-1.2732094862823788,-11.064155754919572,-0.0030679746657406,-0.0966412019708311,0.22856411259768,1.2011120816374732,-1.2811303110522938,-11.078726216542444,0.0,-37.66,-67.25,-16.14,-94.15,-0.0959232956896083,0.0719424717672062,0.0,0.0,0.0,28,31,31,31,32,18,-13,-25,-7,-31,12.7,12.9,12.8,12.8,12.7,-999,-999,-999,0.0,0.0,0.0
19.29830503463745,-0.0061359493314813,-0.0905052526393498,0.2347000619291614,1.202646068970343,-1.2732094862823788,-11.064155754919572,-0.0030679746657406,-0.0951072146379608,0.2300980999305504,1.2011120816374732,-1.2811303110522938,-11.078726216542444,8.07,-48.42,-21.52,-18.83,-94.15,-0.0719424717672062,0.0719424717672062,0.0,0.0,0.0,28,31,31,30,32,12,-19,-13,-7,-31,12.8,12.9,12.8,12.8,12.7,-999,-999,-999,0.0,0.0,0.0
19.31532979011536,-0.0061359493314813,-0.0905052526393498,0.2347000619291614,1.202646068970343,-1.2732094862823788,-11.064155754919572,-0.0030679746657406,-0.0935732273050904,0.22856411259768,1.2011120816374732,-1.2811303110522938,-11.078726216542444,10.76,-45.73,-61.87,-18.83,-96.84,-0.0479616478448041,0.0719424717672062,0.0,0.0,0.0,28,31,31,30,32,12,-13,-25,-7,-31,12.9,12.9,12.7,12.8,12.7,-999,-999,-999,0.0,0.0,0.0
19.332324981689453,-0.004601961998611,-0.0874372779736091,0.2347000619291614,1.202646068970343,-1.2732094862823788,-11.064155754919572,-0.0030679746657406,-0.0920392399722201,0.22856411259768,1.2011120816374732,-1.2811303110522938,-11.078726216542444,-2.69,-75.32,-67.25,-16.14,-94.15,0.0,0.0719424717672062,0.0,0.0,0.0,28,31,31,30,32,6,-13,-25,-7,-31,12.9,13.0,12.8,12.8,12.7,-999,-999,-999,0.0,0.0,0.0
19.34928059577942,-0.0015339873328703,-0.0859032906407388,0.2347000619291614,1.202646068970343,-1.2732094862823788,-11.064155754919572,-0.004601961998611,-0.0905052526393498,0.22856411259768,1.2011120816374732,-1.2811303110522938,-11.078726216542444,24.21,-29.59,-61.87,0.0,-94.15,0.023980823922402,0.0719424717672062,0.0,0.0,0.0,28,31,31,30,32,-13,-13,-25,-7,-31,12.9,12.9,12.6,12.8,12.7,-999,-999,-999,0.0,0.0,0.0
19.36633324623108,0.0,-0.0843693033078684,0.2347000619291614,1.202646068970343,-1.2732094862823788,-11.064155754919572,-0.0030679746657406,-0.0889712653064794,0.22856411259768,1.2011120816374732,-1.2811303110522938,-11.078726216542444,48.42,-61.87,-67.25,-2.69,-94.15,0.0719424717672062,0.0719424717672062,0.0,0.0,0.0,28,31,30,30,32,-13,-13,-25,-7,-31,12.8,12.9,12.8,12.8,12.7,-999,-999,-999,0.0,0.0,0.0
19.38335609436035,0.0,-0.0828353159749981,0.2347000619291614,1.202646068970343,-1.2732094862823788,-11.064155754919572,-0.004601961998611,-0.0889712653064794,0.22856411259768,1.2011120816374732,-1.2811303110522938,-11.078726216542444,0.0,-104.91,-64.56,-53.8,-94.15,0.0719424717672062,0.0959232956896083,0.0,0.0,0.0,28,31,31,31,32,-19,-25,-25,-7,-31,12.8,12.9,12.8,12.6,12.7,-999,-999,-999,0.0,0.0,0.0
19.400471210479736,-0.0015339873328703,-0.0828353159749981,0.2347000619291614,1.202646068970343,-1.2732094862823788,-11.064155754919572,-0.0030679746657406,-0.0874372779736091,0.22856411259768,1.2011120816374732,-1.2811303110522938,-11.078726216542444,5.38,-86.08,-37.66,-18.83,-94.15,0.0479616478448041,0.0719424717672062,0.0,0.0,0.0,28,31,31,31,32,-7,-19,-19,-7,-31,12.8,12.7,12.8,12.7,12.7,-999,-999,-999,0.0,0.0,0.0
19.41746211051941,-0.0015339873328703,-0.0797673413092574,0.2347000619291614,1.202646068970343,-1.2732094862823788,-11.064155754919572,-0.0030679746657406,-0.0859032906407388,0.22856411259768,1.2011120816374732,-1.2811303110522938,-11.078726216542444,0.0,-94.15,-80.7,-10.76,-94.15,0.023980823922402,0.0719424717672062,0.0,0.0,0.0,28,29,31,31,32,0,-25,-25,-7,-31,12.8,12.8,12.8,12.7,12.7,-999,-999,-999,0.0,0.0,0.0
19.43445634841919,-0.0061359493314813,-0.0797673413092574,0.2347000619291614,1.202646068970343,-1.2732094862823788,-11.064155754919572,-0.0030679746657406,-0.0859032906407388,0.22856411259768,1.2011120816374732,-1.2811303110522938,-11.078726216542444,0.0,-80.7,-59.18,-40.35,-96.84,0.0,0.0719424717672062,0.0,0.0,0.0,28,31,31,31,33,6,-25,-25,-7,-31,12.9,12.8,12.6,12.7,12.7,-999,-999,-999,0.0,0.0,0.0
19.451335191726685,-0.0076699366643516,-0.0782333539763871,0.2347000619291614,1.202646068970343,-1.2732094862823788,-11.064155754919572,-0.0030679746657406,-0.0859032906407388,0.22856411259768,1.2011120816374732,-1.2811303110522938,-11.078726216542444,34.97,-75.32,-64.56,-37.66,-94.15,-0.0719424717672062,0.0719424717672062,0.0,0.0,0.0,28,31,31,31,32,87,-25,-25,-7,-31,12.9,12.7,12.8,12.7,12.7,-999,-999,-999,0.0,0.0,0.0
19.46829342842102,-0.0076699366643516,-0.0782333539763871,0.2347000619291614,1.202646068970343,-1.2732094862823788,-11.064155754919572,-0.0030679746657406,-0.0859032906407388,0.22856411259768,1.1995780943046028,-1.2811303110522938,-11.078726216542444,5.38,-67.25,-59.18,8.07,-94.15,-0.0719424717672062,0.0479616478448041,0.0,0.0,0.0,28,31,30,31,32,18,-32,-25,-13,-31,12.9,12.8,12.8,12.6,12.7,-999,-999,-999,0.0,0.0,0.0
19.48530006408692,-0.0061359493314813,-0.0797673413092574,0.2347000619291614,1.2011120816374732,-1.2732094862823788,-11.064155754919572,-0.0030679746657406,-0.0843693033078684,0.22856411259768,1.2011120816374732,-1.2811303110522938,-11.078726216542444,13.45,-29.59,-56.49,-8.07,-94.15,-0.0719424717672062,0.023980823922402,0.0,0.0,0.0,28,31,30,31,32,12,-19,-25,-7,-31,12.9,12.8,12.8,12.7,12.7,-999,-999,-999,0.0,0.0,0.0
19.502285957336422,-0.0061359493314813,-0.0782333539763871,0.2347000619291614,1.2011120816374732,-1.2732094862823788,-11.064155754919572,-0.0030679746657406,-0.0843693033078684,0.22856411259768,1.2011120816374732,-1.2811303110522938,-11.078726216542444,5.38,-53.8,-67.25,-8.07,-94.15,-0.0479616478448041,0.023980823922402,0.0,0.0,0.0,28,31,30,31,32,12,-25,-25,-7,-31,12.9,12.8,12.8,12.7,12.7,-999,-999,-999,0.0,0.0,0.0
19.51940941810608,-0.0030679746657406,-0.0782333539763871,0.2347000619291614,1.2011120816374732,-1.2732094862823788,-11.064155754919572,-0.0030679746657406,-0.0843693033078684,0.22856411259768,1.2011120816374732,-1.2811303110522938,-11.078726216542444,0.0,-61.87,-61.87,-10.76,-94.15,0.0,0.0,0.0,0.0,0.0,28,31,31,31,32,0,-25,-25,0,-31,12.9,12.8,12.8,12.8,12.7,-999,-999,-999,0.0,0.0,0.0
19.53635859489441,0.0,-0.0782333539763871,0.2347000619291614,1.2011120816374732,-1.2732094862823788,-11.064155754919572,-0.0030679746657406,-0.0843693033078684,0.22856411259768,1.2011120816374732,-1.2811303110522938,-11.078726216542444,24.21,-56.49,-67.25,-5.38,-94.15,0.0479616478448041,0.0,0.0,0.0,0.0,28,32,31,31,32,-13,-25,-25,0,-31,12.8,12.9,12.9,12.8,12.7,-999,-999,-999,0.0,0.0,0.0
19.5533139705658,0.0,-0.0782333539763871,0.2347000619291614,1.2011120816374732,-1.2732094862823788,-11.064155754919572,-0.0030679746657406,-0.0828353159749981,0.22856411259768,1.2011120816374732,-1.2811303110522938,-11.078726216542444,45.73,-40.35,-64.56,-8.07,-94.15,0.0719424717672062,0.0,0.0,0.0,0.0,28,32,31,31,32,-13,-19,-25,0,-31,12.9,12.8,12.9,12.8,12.7,-999,-999,-999,0.0,0.0,0.0
19.57030153274536,0.0,-0.0766993666435168,0.2347000619291614,1.202646068970343,-1.2732094862823788,-11.064155754919572,-0.0030679746657406,-0.0843693033078684,0.22856411259768,1.2011120816374732,-1.2811303110522938,-11.078726216542444,13.45,-69.94,-64.56,-8.07,-94.15,0.0719424717672062,0.0,0.0,0.0,0.0,28,32,30,31,32,-13,-25,-25,0,-31,12.9,12.9,12.8,12.8,12.7,-999,-999,-999,0.0,0.0,0.0
19.58728766441345,0.0,-0.0766993666435168,0.2347000619291614,1.2011120816374732,-1.2732094862823788,-11.064155754919572,-0.0030679746657406,-0.0828353159749981,0.2300980999305504,1.1995780943046028,-1.2811303110522938,-11.078726216542444,5.38,-67.25,-40.35,-18.83,-94.15,0.0479616478448041,0.0,0.0,0.0,0.0,28,32,30,31,32,-13,-25,-19,-7,-31,12.9,12.9,12.8,12.8,12.7,-999,-999,-999,0.0,0.0,0.0
19.604324340820312,-0.0015339873328703,-0.0766993666435168,0.2362340492620317,1.2011120816374732,-1.2732094862823788,-11.064155754919572,-0.0030679746657406,-0.0828353159749981,0.22856411259768,1.2011120816374732,-1.2811303110522938,-11.078726216542444,40.35,-61.87,-67.25,-8.07,-96.84,0.0,0.0,0.0,0.0,0.0,28,32,30,31,32,-7,-25,-25,0,-31,12.9,12.9,12.8,12.8,12.7,-999,-999,-999,0.0,0.0,0.0
19.621291160583496,-0.0061359493314813,-0.0766993666435168,0.2347000619291614,1.2011120816374732,-1.2732094862823788,-11.064155754919572,-0.0030679746657406,-0.0843693033078684,0.22856411259768,1.2011120816374732,-1.2811303110522938,-11.078726216542444,45.73,-72.63,-61.87,-8.07,-94.15,-0.023980823922402,0.0,0.0,0.0,0.0,28,31,30,31,32,12,-32,-25,0,-31,12.9,12.8,12.8,12.8,12.7,-999,-999,-999,0.0,0.0,0.0
19.638299465179443,-0.0076699366643516,-0.0766993666435168,0.2347000619291614,1.2011120816374732,-1.2732094862823788,-11.064155754919572,-0.0030679746657406,-0.0828353159749981,0.22856411259768,1.2011120816374732,-1.2811303110522938,-11.078726216542444,0.0,-59.18,-56.49,-10.76,-96.84,-0.0719424717672062,0.0,0.0,0.0,0.0,28,31,30,31,32,18,-25,-25,-7,-31,12.9,12.9,12.9,12.8,12.7,-999,-999,-999,0.0,0.0,0.0
19.655314207077023,-0.0076699366643516,-0.0766993666435168,0.2347000619291614,1.2011120816374732,-1.2732094862823788,-11.064155754919572,-0.0030679746657406,-0.0828353159749981,0.22856411259768,1.2011120816374732,-1.2811303110522938,-11.078726216542444,8.07,-56.49,-64.56,-5.38,-94.15,-0.0959232956896083,0.0,0.0,0.0,0.0,28,30,31,31,32,18,-25,-25,0,-31,12.9,12.9,12.9,12.8,12.7,-999,-999,-999,0.0,0.0,0.0
19.672312259674072,-0.0061359493314813,-0.0766993666435168,0.2347000619291614,1.202646068970343,-1.2732094862823788,-11.064155754919572,-0.0030679746657406,-0.0813013286421278,0.22856411259768,1.2011120816374732,-1.2811303110522938,-11.078726216542444,8.07,-43.04,-69.94,0.0,-94.15,-0.0719424717672062,0.0,0.0,0.0,0.0,28,31,31,31,32,12,-19,-25,0,-31,12.9,12.9,12.9,12.8,12.6,-999,-999,-999,0.0,0.0,0.0
19.689330577850345,-0.004601961998611,-0.0751653793106464,0.2347000619291614,1.2011120816374732,-1.2732094862823788,-11.064155754919572,-0.0030679746657406,-0.0813013286421278,0.22856411259768,1.2011120816374732,-1.2811303110522938,-11.078726216542444,2.69,-64.56,-64.56,-8.07,-94.15,-0.023980823922402,0.0,0.0,0.0,0.0,28,32,31,31,32,6,-19,-25,0,-31,12.9,12.9,12.9,12.8,12.7,-999,-999,-999,0.0,0.0,0.0
19.706312656402588,-0.0015339873328703,-0.0736313919777761,0.2362340492620317,1.202646068970343,-1.2732094862823788,-11.064155754919572,-0.0030679746657406,-0.0797673413092574,0.2300980999305504,1.2011120816374732,-1.2811303110522938,-11.078726216542444,0.0,-67.25,-37.66,-2.69,-91.46,0.0,0.0,0.0,0.0,0.0,28,32,31,31,34,0,-19,-19,0,-31,12.9,12.9,12.9,12.7,12.7,-999,-999,-999,0.0,0.0,0.0
19.72329044342041,0.0,-0.0736313919777761,0.2362340492620317,1.2011120816374732,-1.2732094862823788,-11.064155754919572,-0.0030679746657406,-0.0782333539763871,0.22856411259768,1.2011120816374732,-1.2811303110522938,-11.078726216542444,32.28,-51.11,-75.32,-5.38,-96.84,0.0479616478448041,0.023980823922402,0.0,0.0,0.0,28,31,30,31,32,-13,-19,-25,0,-31,12.9,12.9,12.9,12.8,12.8,-999,-999,-999,0.0,0.0,0.0
19.740319967269897,0.0,-0.0720974046449058,0.2347000619291614,1.2011120816374732,-1.2732094862823788,-11.064155754919572,-0.0030679746657406,-0.0766993666435168,0.22856411259768,1.2011120816374732,-1.2811303110522938,-11.078726216542444,45.73,-67.25,-64.56,-5.38,-96.84,0.0719424717672062,0.023980823922402,0.0,0.0,0.0,28,31,30,31,32,-13,-19,-25,0,-31,12.9,12.9,12.9,12.8,12.8,-999,-999,-999,0.0,0.0,0.0
19.758267641067505,0.0,-0.0705634173120354,0.2362340492620317,1.2011120816374732,-1.2732094862823788,-11.064155754919572,-0.004601961998611,-0.0766993666435168,0.22856411259768,1.2011120816374732,-1.2811303110522938,-11.078726216542444,21.52,-80.7,-64.56,-8.07,-94.15,0.0719424717672062,0.0479616478448041,0.0,0.0,0.0,28,31,29,31,32,-13,-25,-32,-7,-31,12.9,12.9,12.9,12.8,12.8,-999,-999,-999,0.0,0.0,0.0
19.775310039520264,-0.0015339873328703,-0.0705634173120354,0.2362340492620317,1.2011120816374732,-1.2732094862823788,-11.064155754919572,-0.004601961998611,-0.0766993666435168,0.22856411259768,1.2011120816374732,-1.2811303110522938,-11.078726216542444,18.83,-67.25,-72.63,-10.76,-94.15,0.0479616478448041,0.0479616478448041,0.0,0.0,0.0,28,31,30,31,32,-13,-25,-25,0,-31,12.7,12.9,12.7,12.8,12.7,-999,-999,-999,0.0,0.0,0.0
19.792373180389404,-0.0030679746657406,-0.0705634173120354,0.2347000619291614,1.2011120816374732,-1.2732094862823788,-11.064155754919572,-0.0061359493314813,-0.0736313919777761,0.22856411259768,1.2011120816374732,-1.2811303110522938,-11.078726216542444,21.52,-53.8,-59.18,-10.76,-94.15,0.0,0.0479616478448041,0.0,0.0,0.0,28,31,30,31,31,-13,-19,-19,-7,-31,12.8,12.9,12.8,12.7,12.7,-999,-999,-999,0.0,0.0,0.0
19.809245109558105,-0.0061359493314813,-0.0690294299791651,0.2362340492620317,1.202646068970343,-1.2732094862823788,-11.064155754919572,-0.0061359493314813,-0.0736313919777761,0.22856411259768,1.2011120816374732,-1.2811303110522938,-11.078726216542444,0.0,-53.8,-67.25,-10.76,-94.15,-0.023980823922402,0.0479616478448041,0.0,0.0,0.0,28,31,30,31,31,0,-19,-25,0,-31,12.8,12.9,12.9,12.8,12.7,-999,-999,-999,0.0,0.0,0.0
19.82633352279663,-0.0076699366643516,-0.0690294299791651,0.2347000619291614,1.2011120816374732,-1.2732094862823788,-11.064155754919572,-0.0061359493314813,-0.0736313919777761,0.2300980999305504,1.2011120816374732,-1.2811303110522938,-11.078726216542444,37.66,-43.04,-45.73,-10.76,-94.15,-0.0719424717672062,0.023980823922402,0.0,0.0,0.0,28,31,30,31,32,6,-19,-19,0,-31,12.8,12.9,12.9,12.8,12.7,-999,-999,-999,0.0,0.0,0.0
19.843424320220947,-0.009203923997222,-0.0690294299791651,0.2362340492620317,1.2011120816374732,-1.2732094862823788,-11.064155754919572,-0.0061359493314813,-0.0720974046449058,0.22856411259768,1.2011120816374732,-1.2811303110522938,-11.078726216542444,0.0,-43.04,-69.94,-13.45,-94.15,-0.0959232956896083,0.023980823922402,0.0,0.0,0.0,28,31,30,31,32,12,-19,-32,0,-31,12.4,12.9,12.8,12.8,12.7,-999,-999,-999,0.0,0.0,0.0
19.860419273376465,-0.009203923997222,-0.0674954426462947,0.2347000619291614,1.2011120816374732,-1.2732094862823788,-11.064155754919572,-0.0061359493314813,-0.0720974046449058,0.22856411259768,1.2011120816374732,-1.2811303110522938,-11.078726216542444,10.76,-37.66,-67.25,-13.45,-94.15,-0.0959232956896083,0.023980823922402,0.0,0.0,0.0,28,31,30,31,32,12,-19,-32,0,-31,12.8,12.9,12.8,12.8,12.7,-999,-999,-999,0.0,0.0,0.0
19.877405166625977,-0.009203923997222,-0.0659614553134244,0.2362340492620317,1.2011120816374732,-1.2732094862823788,-11.064155754919572,-0.0061359493314813,-0.0720974046449058,0.22856411259768,1.2011120816374732,-1.2811303110522938,-11.078726216542444,10.76,-94.15,-67.25,0.0,-94.15,-0.0719424717672062,0.023980823922402,0.0,0.0,0.0,27,32,30,31,32,12,-75,-25,-7,-31,12.9,12.9,12.8,12.8,12.7,-999,-999,-999,0.0,0.0,0.0
19.89442110061645,-0.009203923997222,-0.0659614553134244,0.2362340492620317,1.2011120816374732,-1.2732094862823788,-11.064155754919572,-0.0061359493314813,-0.0705634173120354,0.22856411259768,1.2011120816374732,-1.2811303110522938,-11.078726216542444,0.0,-80.7,-67.25,-13.45,-94.15,-0.023980823922402,0.023980823922402,0.0,0.0,0.0,28,32,30,31,32,6,-25,-25,0,-31,12.9,12.9,12.8,12.7,12.7,-999,-999,-999,0.0,0.0,0.0
19.91133451461792,-0.0061359493314813,-0.0659614553134244,0.2362340492620317,1.2011120816374732,-1.2732094862823788,-11.064155754919572,-0.0061359493314813,-0.0705634173120354,0.22856411259768,1.2011120816374732,-1.2811303110522938,-11.078726216542444,0.0,-48.42,-67.25,-8.07,-94.15,0.0,0.023980823922402,0.0,0.0,0.0,28,32,30,31,32,0,-25,-25,0,-31,12.9,12.8,12.8,12.8,12.7,-999,-999,-999,0.0,0.0,0.0
19.92840027809143,-0.0030679746657406,-0.0644274679805541,0.2347000619291614,1.202646068970343,-1.2732094862823788,-11.064155754919572,-0.0061359493314813,-0.0720974046449058,0.2300980999305504,1.2011120816374732,-1.2811303110522938,-11.078726216542444,10.76,-83.39,-48.42,-8.07,-94.15,0.0479616478448041,0.023980823922402,0.0,0.0,0.0,28,33,30,31,32,-19,-25,12,-7,-31,12.9,12.8,12.8,12.8,12.7,-999,-999,-999,0.0,0.0,0.0
19.94534492492676,-0.0030679746657406,-0.0644274679805541,0.2362340492620317,1.2011120816374732,-1.2732094862823788,-11.064155754919572,-0.0061359493314813,-0.0720974046449058,0.2300980999305504,1.2011120816374732,-1.2811303110522938,-11.078726216542444,45.73,-72.63,-53.8,-8.07,-94.15,0.0719424717672062,0.023980823922402,0.0,0.0,0.0,27,32,31,31,32,-13,-32,-25,0,-31,12.9,12.8,12.9,12.7,12.7,-999,-999,-999,0.0,0.0,0.0
19.9623384475708,-0.0030679746657406,-0.0644274679805541,0.2347000619291614,1.2011120816374732,-1.2732094862823788,-11.064155754919572,-0.0061359493314813,-0.0705634173120354,0.22856411259768,1.2011120816374732,-1.2811303110522938,-11.078726216542444,2.69,-64.56,-67.25,-18.83,-94.15,0.0719424717672062,0.023980823922402,0.0,0.0,0.0,28,32,30,31,32,-13,-32,-32,0,-31,12.8,12.8,12.8,12.7,12.7,-999,-999,-999,0.0,0.0,0.0
19.979445695877075,-0.004601961998611,-0.0644274679805541,0.2362340492620317,1.2011120816374732,-1.2732094862823788,-11.064155754919572,-0.0061359493314813,-0.0720974046449058,0.22856411259768,1.2011120816374732,-1.2811303110522938,-11.078726216542444,0.0,-72.63,-67.25,-8.07,-94.15,0.0479616478448041,0.023980823922402,0.0,0.0,0.0,28,32,31,31,32,-7,-32,-25,0,-31,12.8,12.8,12.8,12.8,12.7,-999,-999,-999,0.0,0.0,0.0
19.996424198150635,-0.0061359493314813,-0.0644274679805541,0.2362340492620317,1.202646068970343,-1.2732094862823788,-11.064155754919572,-0.0061359493314813,-0.0720974046449058,0.22856411259768,1.2011120816374732,-1.2811303110522938,-11.078726216542444,-2.69,-69.94,-69.94,-8.07,-96.84,0.0,0.0,0.0,0.0,0.0,28,32,31,31,32,0,-32,-32,-7,-31,12.6,12.8,12.8,12.7,12.7,-999,-999,-999,0.0,0.0,0.0
20.01332712173462,-0.009203923997222,-0.0644274679805541,0.2362340492620317,1.2011120816374732,-1.2732094862823788,-11.064155754919572,-0.0061359493314813,-0.0720974046449058,0.22856411259768,1.2011120816374732,-1.2811303110522938,-11.078726216542444,-5.38,-75.32,-69.94,-8.07,-96.84,-0.023980823922402,0.0,0.0,0.0,0.0,28,32,31,31,32,6,-32,-32,0,-31,12.8,12.9,12.8,12.8,12.7,-999,-999,-999,0.0,0.0,0.0
20.03041958808899,-0.0107379113300923,-0.0644274679805541,0.2362340492620317,1.202646068970343,-1.2732094862823788,-11.064155754919572,-0.0061359493314813,-0.0720974046449058,0.22856411259768,1.2011120816374732,-1.2811303110522938,-11.078726216542444,-8.07,-78.01,-69.94,0.0,-94.15,-0.0719424717672062,0.0,0.0,0.0,0.0,28,32,31,31,32,18,-38,-32,-7,-31,12.8,12.9,12.8,12.7,12.7,-999,-999,-999,0.0,0.0,0.0
20.04728674888611,-0.0107379113300923,-0.0644274679805541,0.2362340492620317,1.2011120816374732,-1.2732094862823788,-11.064155754919572,-0.0061359493314813,-0.0720974046449058,0.22856411259768,1.2011120816374732,-1.2811303110522938,-11.078726216542444,0.0,-72.63,-67.25,-18.83,-94.15,-0.0719424717672062,0.0,0.0,0.0,0.0,28,32,31,31,32,12,-32,-25,-7,-31,12.8,12.9,12.8,12.7,12.7,-999,-999,-999,0.0,0.0,0.0
20.064298629760746,-0.009203923997222,-0.0644274679805541,0.2347000619291614,1.2011120816374732,-1.2732094862823788,-11.064155754919572,-0.0061359493314813,-0.0705634173120354,0.22856411259768,1.2011120816374732,-1.2811303110522938,-11.078726216542444,8.07,-61.87,-69.94,-18.83,-96.84,-0.0479616478448041,0.0,0.0,0.0,0.0,28,32,31,31,32,12,-25,-32,-7,-31,12.9,12.9,12.8,12.8,12.7,-999,-999,-999,0.0,0.0,0.0
20.081330060958862,-0.0076699366643516,-0.0644274679805541,0.2362340492620317,1.2011120816374732,-1.2732094862823788,-11.064155754919572,-0.0061359493314813,-0.0720974046449058,0.22856411259768,1.2011120816374732,-1.2811303110522938,-11.078726216542444,0.0,-94.15,-69.94,-5.38,-94.15,-0.023980823922402,0.0,0.0,0.0,0.0,28,31,31,31,32,6,-32,-25,0,-31,12.9,12.9,12.8,12.7,12.7,-999,-999,-999,0.0,0.0,0.0
20.09829878807068,-0.0061359493314813,-0.0644274679805541,0.2362340492620317,1.2011120816374732,-1.2732094862823788,-11.064155754919572,-0.0061359493314813,-0.0720974046449058,0.22856411259768,1.2011120816374732,-1.2811303110522938,-11.078726216542444,-32.28,-83.39,-69.94,-2.69,-96.84,0.0,0.0,0.0,0.0,0.0,28,32,31,31,32,6,-32,-32,0,-31,12.9,12.9,12.8,12.7,12.7,-999,-999,-999,0.0,0.0,0.0
20.115219831466675,-0.004601961998611,-0.0644274679805541,0.2347000619291614,1.2011120816374732,-1.2732094862823788,-11.064155754919572,-0.0061359493314813,-0.0720974046449058,0.22856411259768,1.1995780943046028,-1.2811303110522938,-11.078726216542444,-5.38,-91.46,-72.63,0.0,-96.84,0.023980823922402,0.0,0.0,0.0,0.0,28,32,31,31,32,-7,-38,-25,-7,-31,12.9,12.9,12.8,12.7,12.7,-999,-999,-999,0.0,0.0,0.0
