# https://github.com/mikedh/trimesh
v -0.98335487 -0.11811337 -0.42108923
v -0.97642455 -0.10582993 -0.39850266
v -0.97642455 -0.10582993 -0.39460267
v -0.97647456 -0.10589993 -0.42975266
v -0.97647456 -0.10589993 -0.42585267
v -0.97642455 -0.10582993 -0.42975266
v -0.97642455 -0.10582993 -0.39069266
v -0.97642455 -0.10582993 -0.38678266
v -0.97647456 -0.10589993 -0.44147266
v -0.97647456 -0.10589993 -0.43757267
v -0.97642455 -0.10582993 -0.44147266
v -0.97647456 -0.10589993 -0.36335267
v -0.97647456 -0.10589993 -0.42194266
v -0.97647456 -0.10589993 -0.38288267
v -0.98395774 -0.12085370 -0.38302009
v -0.97647456 -0.10589993 -0.37897266
v -0.97647456 -0.10589993 -0.39460267
v -0.97647456 -0.10589993 -0.36725266
v -0.97647456 -0.10589993 -0.40241266
v -0.97647456 -0.10589993 -0.41803266
v -0.97647456 -0.10589993 -0.41022266
v -0.97647456 -0.10589993 -0.40632267
v -0.97642455 -0.10582993 -0.41022266
v -0.97642455 -0.10582993 -0.41413267
v -0.97642455 -0.10582993 -0.41803266
v -0.96861456 -0.09436994 0.41007732
v -0.98437982 -0.11900307 0.42481676
v -0.97647456 -0.10589993 0.41007732
v -0.82448633 0.31983266 -0.52694323
v -0.98408496 -0.11968359 0.46031665
v -0.97647456 -0.10589993 -0.43366266
v -0.97647456 -0.10589993 -0.41413267
v -0.97251455 -0.10009993 -0.44147266
v -0.97647456 -0.10589993 -0.44538267
v -0.97642455 -0.10582993 -0.44538267
v -0.97642455 -0.10582993 -0.38288267
v -0.97642455 -0.10582993 -0.42194266
v -0.97647456 -0.10589993 -0.39850266
v -0.97642455 -0.10582993 -0.42585267
v -0.97642455 -0.10582993 -0.43757267
v -0.97647456 -0.10589993 -0.39069266
v -0.97647456 -0.10589993 -0.38678266
v -0.97642455 -0.10582993 -0.36725266
v -0.97114454 -0.09808993 -0.37116266
v -0.97647456 -0.10589993 -0.37507267
v -0.97647456 -0.10589993 -0.37116266
v -0.97642455 -0.10582993 -0.40241266
v -0.96848456 -0.09417993 -0.40241266
v -0.83323661 -0.05366678 -0.14561036
v -0.97647456 -0.10589993 0.42179732
v -0.96803874 -0.09352880 -0.37420945
v -0.97642455 -0.10582993 -0.43366266
v -0.96861456 -0.09436994 0.42179732
v -0.97642455 -0.10582993 -0.37507267
v -0.85926453 -0.12542994 -0.02350267
v -0.96854455 -0.09427493 0.42375233
v -0.96847455 -0.09417993 0.42570733
v -0.96861456 -0.09436994 0.42960732
v -0.96854455 -0.09427493 0.43351733
v -0.97647456 -0.10589993 0.41398733
v -0.97037212 -0.09702562 0.39468331
v -0.97647456 -0.10589993 0.41788732
v -0.97647456 -0.10589993 0.42960732
v -0.97642455 -0.10582993 0.42570733
v -0.97647456 -0.10589993 0.42570733
v -0.97642455 -0.10582993 -0.37116266
v -0.97642455 -0.10582993 0.41788732
v -0.97642455 -0.10582993 0.42179732
v -0.97647456 -0.10589993 0.43351733
v -0.97642455 -0.10582993 0.41007732
v -0.97177732 -0.09901899 0.42570504
v -0.96904935 -0.09573945 0.45978647
v -0.98394072 -0.12041088 -0.46772847
v -0.97642455 -0.10582993 0.42960732
v -0.81900287 -0.15349699 0.01197226
v -0.86415456 -0.12152993 0.02531733
v -0.97642455 -0.10582993 0.41398733
v -0.91787455 -0.01995993 -0.39069266
v -0.96847455 -0.09417993 0.40617733
v -0.96847455 -0.09417993 0.41788732
v -0.86893502 -0.11635042 -0.00593670
v -0.92847647 -0.03554369 0.40079368
v -0.85926445 -0.12543426 0.06240302
v -0.85926453 -0.12542994 0.05851733
v -0.85926453 -0.12542994 0.05460733
v -0.85926453 -0.12542994 0.00773733
v -0.85926453 -0.12542994 0.00382733
v -0.85923455 -0.12545993 0.00382733
v -0.96484359 -0.08886741 -0.43123133
v -0.85923455 -0.12545993 -0.01960267
v -0.85923455 -0.12545993 -0.02350267
v -0.85926453 -0.12542994 -0.01960267
v -0.82017455 0.06597007 0.19522733
v -0.82017455 0.06206007 0.19522733
v -0.82017455 0.06206007 0.19523733
v -0.85923455 -0.12545993 0.01163733
v -0.92980584 -0.03748028 -0.38379307
v -0.85926453 -0.12542994 0.05070733
v -0.85923455 -0.12545993 0.05070733
v -0.94524358 -0.06010145 0.41726496
v -0.96854455 -0.09427493 0.41398482
v -0.90988830 -0.00824529 -0.42139533
v -0.98273659 -0.12048864 -0.33620483
v -0.85926453 -0.12542994 -0.00788267
v -0.85926453 -0.12542994 -0.01178267
v -0.85923455 -0.12545993 -0.01178267
v -0.85926453 -0.12542994 -0.00007267
v -0.85923455 -0.12545993 -0.00007267
v -0.85926453 -0.12542994 0.06242733
v -0.85923455 -0.12542994 0.06250733
v -0.85923455 -0.12545993 0.05851733
v -0.85923455 -0.12545993 -0.00397267
v -0.85923455 -0.12545993 -0.00788267
v -0.85926453 -0.12542994 -0.00397267
v -0.75388453 0.32378006 -0.05475267
v -0.76164781 0.31897563 -0.05083984
v -0.80845455 0.08550007 0.17581733
v -0.80845455 0.08159007 0.17581733
v -0.80838458 0.08159007 0.17570733
v -0.80845455 0.06987007 0.17581733
v -0.80845455 0.06597007 0.17581733
v -0.80838458 0.06597007 0.17570733
v -0.80838458 -0.11370993 0.17570733
v -0.80838458 -0.10980993 0.17570733
v -0.91782455 -0.01989993 -0.42194266
v -0.91787455 -0.01995993 -0.41803266
v -0.91782455 -0.01989993 -0.41803266
v -0.82017455 -0.03948993 0.19522733
v -0.85926453 -0.12542994 0.02335733
v -0.85926453 -0.12542994 0.01945733
v -0.85923455 -0.12545993 0.01945733
v -0.85926453 -0.12542994 0.01163733
v -0.91787455 -0.01995993 -0.45319266
v -0.65220455 -0.20745994 0.69900732
v -0.85923455 -0.12545993 0.00773733
v -0.91782455 -0.01989993 0.38273733
v -0.83764729 -0.14032580 0.06580796
v -0.92747083 -0.03423201 -0.46461743
v -0.91782455 -0.01989993 -0.42585267
v -0.86133079 -0.12381744 -0.03131767
v -0.91782455 -0.01989993 -0.37507267
v -0.91787455 -0.01995993 -0.37507267
v -0.91787455 -0.01995993 -0.37116266
v -0.85926453 -0.12542994 0.03898733
v -0.90986294 -0.00820770 0.38918809
v -0.91782455 -0.01989993 -0.45319266
v -0.91787455 -0.01995993 -0.44928266
v -0.91782455 -0.01989993 -0.44928266
v -0.91787455 -0.01995993 -0.36725266
v -0.91559861 -0.01670261 -0.38277213
v -0.91787455 -0.01995993 -0.42194266
v -0.91787455 -0.01995993 -0.40241266
v -0.91787455 -0.01995993 -0.39850266
v -0.91782455 -0.01989993 -0.40241266
v -0.92053453 -0.02386993 -0.46100266
v -0.91787455 -0.01995993 -0.46100266
v -0.91782455 -0.01995993 -0.46124266
v -0.91782455 -0.01989993 -0.43757267
v -0.91782455 -0.01989993 -0.43366266
v -0.77084570 -0.13861410 -0.66943776
v -0.91782455 -0.01989993 -0.37116266
v -0.91782455 -0.01989993 -0.45710267
v -0.91782455 -0.01989993 0.39445733
v -0.91782455 -0.01989993 0.39054732
v -0.91782455 -0.02221993 0.33195733
v -0.91782455 -0.01995993 0.33585732
v -0.91623453 -0.01995993 0.33195733
v -0.85923455 -0.12545993 0.02335733
v -0.91782455 -0.01989993 -0.41413267
v -0.91787455 -0.01995993 0.35538732
v -0.91787455 -0.01995993 0.35929732
v -0.91782455 -0.01989993 0.35538732
v -0.91782455 -0.01989993 0.34367733
v -0.91787455 -0.01995993 0.34757732
v -0.91782455 -0.01989993 0.34757732
v -0.60928735 0.31208198 0.42565244
v -0.91782455 -0.01989993 0.38663732
v -0.90307788 0.00039122 0.33083910
v -0.91782455 -0.01989993 0.40226733
v -0.91787455 -0.01995993 0.40617733
v -0.91782455 -0.01989993 0.40617733
v -0.91787455 -0.01995993 0.36710732
v -0.91787455 -0.01995993 0.37101733
v -0.91782455 -0.01989993 0.36710732
v -0.91787455 -0.01995993 0.37492733
v -0.91782455 -0.01989993 0.37101733
v -0.90979093 -0.12614749 0.31019201
v -0.91787455 -0.01995993 0.41007732
v -0.91782455 -0.01989993 0.41007732
v -0.91787455 -0.01995993 0.41398733
v -0.91782455 -0.01989993 0.41398733
v -0.91787455 -0.01995993 0.37882732
v -0.91782455 -0.01989993 0.37492733
v -0.91784256 -0.01992155 0.41474169
v -0.91787455 -0.01995993 -0.45710267
v -0.91787455 -0.01995993 0.39054732
v -0.91787455 -0.01995993 0.39445733
v -0.91516457 -0.01605993 0.33585732
v -0.91782455 -0.01989993 0.33976733
v -0.91787455 -0.01995993 -0.41413267
v -0.91782455 -0.01989993 -0.46100266
v -0.91782455 -0.01989993 -0.39460267
v -0.91782455 -0.01989993 -0.39069266
v -0.91782455 -0.01989993 -0.44538267
v -0.91517191 -0.01600170 -0.46101862
v -0.91787455 -0.01995993 -0.40632267
v -0.91782455 -0.01989993 -0.40632267
v -0.91787455 -0.01995993 -0.39460267
v -0.91782455 -0.01989993 -0.39850266
v -0.91787455 -0.01995993 -0.43757267
v -0.91787455 -0.01995993 -0.44147266
v -0.91787455 -0.01995993 -0.38678266
v -0.91782455 -0.01989993 -0.38678266
v -0.91787455 -0.01995993 -0.44538267
v -0.91787455 -0.01995993 0.34367733
v -0.91782455 -0.01989993 -0.42975266
v -0.91787455 -0.01995993 -0.42585267
v -0.91787455 -0.01995993 -0.42975266
v -0.92173455 -0.02561993 -0.42975266
v -0.91787455 -0.01995993 -0.41022266
v -0.91782455 -0.01989993 -0.41022266
v -0.91787455 -0.01995993 -0.38288267
v -0.91782455 -0.01989993 0.35148733
v -0.91783456 -0.01995993 0.33585732
v -0.91787455 -0.01995993 0.33976733
v -0.91787455 -0.01995993 -0.43366266
v -0.85926453 -0.12542994 -0.01569267
v -0.91787455 -0.01995993 0.38273733
v -0.91787455 -0.01995993 0.38663732
v -0.91782455 -0.01989993 -0.38288267
v -0.91787455 -0.01995993 -0.37897266
v -0.91782455 -0.01989993 -0.37897266
v -0.91452694 -0.01533582 -0.34099420
v -0.85923455 -0.12545993 -0.02741267
v -0.85923455 -0.12545993 0.05460733
v -0.91341560 -0.01852194 0.32945210
v -0.91787455 -0.01995993 0.39835732
v -0.91787455 -0.01995993 0.35148733
v -0.91787455 -0.01995993 0.40226733
v -0.93157435 -0.04127452 0.33082849
v -0.91787455 -0.01995993 0.36320733
v -0.91782455 -0.01989993 0.35929732
v -0.91782455 -0.01989993 0.39835732
v -0.91782455 -0.01989993 0.37882732
v -0.85926453 -0.12542994 0.01554733
v -0.85926453 -0.12542994 0.04288733
v -0.85923455 -0.12545993 0.03898733
v -0.87690304 -0.12320624 -0.85742774
v -0.83627217 -0.13692268 0.07107025
v -0.80454455 -0.00048993 -0.67975266
v -0.80448951 -0.00043001 -0.67969752
v -0.82017455 -0.10198993 0.19523733
v -0.82017455 -0.09808993 0.19523733
v -0.85732458 -0.12542994 0.06632733
v -0.85923455 -0.12545993 0.04288733
v -0.84365455 0.31987006 -0.35163267
v -0.84365455 0.31987006 -0.35553266
v -0.91105134 -0.01228695 -0.46742006
v -0.91782455 -0.01989993 0.36320733
v -0.91782455 -0.01989993 -0.44147266
v -0.86121815 -0.03819895 -0.68803779
v -0.82017455 0.01128007 0.19522733
v -0.82017455 0.00737007 0.19522733
v -0.82017455 0.00737007 0.19523733
v -0.86801103 -0.11728954 0.06711308
v -0.85926453 -0.12542994 0.04679733
v -0.85923455 -0.12545993 0.04679733
v -0.82017455 -0.01605993 0.19522733
v -0.82017455 -0.01995993 0.19522733
v -0.82017455 -0.01995993 0.19523733
v -0.74595455 -0.16840994 -0.68366266
v -0.74204455 -0.17225994 -0.67975266
v -0.74595455 -0.17225994 -0.67585267
v -0.74986429 -0.16840997 -0.67975282
v -0.83733455 0.32378006 0.32413732
v -0.83189456 0.32716007 0.33195733
v -0.84369455 0.31987006 0.37882732
v -0.84371136 0.31986176 0.38443586
v -0.81350456 -0.06488493 0.18418233
v -0.82017455 -0.06292993 0.19522733
v -0.82017455 -0.10589993 0.19522733
v -0.82017455 -0.10980993 0.19522733
v -0.82017455 -0.10980993 0.19523733
v -0.80838458 -0.09417993 0.17570733
v -0.80838458 -0.09808993 0.17570733
v -0.82017455 -0.00823993 0.19522733
v -0.85923455 -0.12545993 0.03507733
v -0.85923455 -0.12545993 0.03117733
v -0.85926453 -0.12542994 0.03507733
v -0.86314456 -0.12242993 0.06242733
v -0.90993195 -0.00831385 0.36580738
v -0.74986456 -0.16839993 -0.67978264
v -0.74598453 -0.16839993 -0.68366266
v -0.74986456 -0.16648994 -0.68366266
v -0.85926453 -0.12542994 0.02726733
v -0.84192300 -0.13208555 0.23118015
v -0.76176560 -0.16837383 -0.66427424
v -0.85923455 -0.12545993 -0.01569267
v -0.85926453 -0.12542994 0.03117733
v -0.85923455 -0.12545993 0.02726733
v -0.85923455 -0.12545993 0.01554733
v -0.82017455 -0.12542994 0.19523733
v -0.82017455 -0.12152993 0.19523733
v -0.82017455 -0.12152993 0.19522733
v -0.82017455 -0.13323993 0.19522733
v -0.82017455 -0.12933993 0.19522733
v -0.82017455 -0.13323993 0.19523733
v -0.82017455 -0.08245993 0.19522733
v -0.82017455 -0.08636993 0.19522733
v -0.82017455 -0.08636993 0.19523733
v -0.80838458 0.21050007 0.17570733
v -0.80838458 0.21440007 0.17570733
v -0.82017455 -0.12542994 0.19522733
v -0.82017455 -0.11761993 0.19522733
v -0.82017455 -0.12933993 0.19523733
v -0.82017455 -0.11761993 0.19523733
v -0.76939456 -0.01615993 -0.74225266
v -0.77022305 -0.01555323 -0.74035439
v -0.82017455 0.05815007 0.19523733
v -0.82017455 -0.07073993 0.19522733
v -0.82017455 -0.07464993 0.19523733
v -0.82017455 -0.07073993 0.19523733
v -0.80845455 -0.05120993 0.17581733
v -0.80845455 -0.05511993 0.17581733
v -0.82017455 -0.10198993 0.19522733
v -0.82017455 -0.10589993 0.19523733
v -0.82017455 -0.09027993 0.19522733
v -0.82017455 -0.09417993 0.19522733
v -0.82017455 -0.09417993 0.19523733
v -0.82017455 -0.02777993 0.19523733
v -0.80845455 -0.03167993 0.17581733
v -0.80845455 -0.03558993 0.17581733
v -0.80838458 -0.03558993 0.17570733
v -0.84361456 0.31993008 -0.49225266
v -0.84369455 0.31987006 -0.49225266
v -0.84369455 0.31987006 -0.48835267
v -0.82274135 0.33267049 -0.46999229
v -0.76972013 0.00381558 -0.70704792
v -0.80060456 0.01518007 -0.65632267
v -0.80064456 0.01517007 -0.65632267
v -0.80064456 0.01518007 -0.65628267
v -0.68052258 -0.12413794 -0.78120464
v -0.80838458 -0.09027993 0.17570733
v -0.80845455 -0.09027993 0.17581733
v -0.82017455 -0.08245993 0.19523733
v -0.80845455 -0.10198993 0.17581733
v -0.80838458 -0.10589993 0.17570733
v -0.80845455 -0.10589993 0.17581733
v -0.81341352 -0.14078427 0.18422784
v -0.81781457 -0.13714993 0.19132734
v -0.82017455 -0.13714993 0.19523733
v -0.80845455 -0.10980993 0.17581733
v -0.85547420 0.31251699 -0.50308634
v -0.80838458 0.12065007 0.17570733
v -0.80838458 0.11675007 0.17570733
v -0.86617705 0.30327257 0.43303108
v -0.82017455 -0.00433993 0.19522733
v -0.82017455 -0.00823993 0.19523733
v -0.82017455 -0.07464993 0.19522733
v -0.82017455 -0.07855993 0.19523733
v -0.82017455 -0.05120993 0.19522733
v -0.82017455 -0.05511993 0.19523733
v -0.82017455 -0.05120993 0.19523733
v -0.82017455 -0.06683993 0.19523733
v -0.82017455 -0.06292993 0.19523733
v -0.82017455 -0.07855993 0.19522733
v -0.81838457 0.31597007 -0.54303266
v -0.82017455 -0.04730993 0.19522733
v -0.82291320 -0.02557941 0.70503853
v -0.77418456 0.00347007 -0.70319266
v -0.80845455 0.21831006 0.17581733
v -0.80845455 0.22222007 0.17581733
v -0.80838458 0.21831006 0.17570733
v -0.80838458 0.22612007 0.17570733
v -0.80845455 0.23003006 0.17581733
v -0.80838458 0.23003006 0.17570733
v -0.86446704 0.24995270 0.28386359
v -0.82017455 -0.02386993 0.19523733
v -0.82017455 0.01518007 0.19522733
v -0.82017455 -0.04339993 0.19523733
v -0.82017455 -0.03948993 0.19523733
v -0.74756453 0.32768006 -0.07428267
v -0.82017455 0.12456007 0.19523733
v -0.82017455 0.12456007 0.19522733
v -0.82017455 0.12065007 0.19523733
v -0.81440649 -0.11505362 0.18567657
v -0.82017455 -0.05902993 0.19522733
v -0.82017455 -0.05511993 0.19522733
v -0.82017455 -0.05902993 0.19523733
v -0.76492469 -0.01607862 -0.74657709
v -0.75376455 -0.16648994 -0.67975266
v -0.82017455 0.01909007 0.19523733
v -0.82017455 0.01909007 0.19522733
v -0.82017455 0.01518007 0.19523733
v -0.82017455 0.00347007 0.19523733
v -0.82017455 0.00347007 0.19522733
v -0.82017455 -0.00042993 0.19523733
v -0.73423455 -0.00048993 0.74992733
v -0.73032455 -0.00048993 0.75382732
v -0.82017455 -0.02386993 0.19522733
v -0.76707311 0.32585429 -0.14660529
v -0.82017455 0.08940007 0.19523733
v -0.82017455 0.08940007 0.19522733
v -0.82017455 0.08550007 0.19523733
v -0.61097365 0.20374777 -0.23206500
v -0.80675457 0.31597007 0.55460732
v -0.80065457 0.31987006 0.55070733
v -0.80845455 -0.08245993 0.17581733
v -0.80845455 -0.07855993 0.17581733
v -0.80838458 0.07378006 0.17570733
v -0.80845455 0.07768007 0.17581733
v -0.80838458 0.07768007 0.17570733
v -0.84361456 0.31993008 0.44132732
v -0.80845455 0.04643007 0.17581733
v -0.80845455 0.04253007 0.17581733
v -0.80838458 0.04253007 0.17570733
v -0.82017455 0.07378006 0.19522733
v -0.82017455 0.06987007 0.19523733
v -0.82017455 0.07378006 0.19523733
v -0.82017455 0.19487007 0.19523733
v -0.82017455 0.19097007 0.19523733
v -0.71662515 -0.21586187 -0.61904204
v -0.82017455 0.08550007 0.19522733
v -0.82017455 0.08159007 0.19523733
v -0.82017455 0.07768007 0.19523733
v -0.82017455 0.07768007 0.19522733
v -0.82017455 0.23784006 0.19522733
v -0.82017455 0.23393007 0.19523733
v -0.82017455 0.23784006 0.19523733
v -0.82017455 0.10893007 0.19522733
v -0.82017455 0.21050007 0.19522733
v -0.82017455 0.20659006 0.19522733
v -0.82017455 0.20659006 0.19523733
v -0.82800967 0.32956742 0.31829340
v -0.82017455 0.12847007 0.19522733
v -0.81350456 0.10698132 0.18418233
v -0.82017455 0.01128007 0.19523733
v -0.61687455 0.25737256 0.24435984
v -0.82017455 0.04253007 0.19522733
v -0.82017455 0.03862007 0.19523733
v -0.82017455 0.04253007 0.19523733
v -0.78891189 0.00372941 -0.68800846
v -0.79371456 0.00347007 -0.68366266
v -0.79673455 -0.00042993 -0.68746270
v -0.80053458 -0.00042993 -0.68366266
v -0.80845455 0.20268007 0.17581733
v -0.80845455 0.20659006 0.17581733
v -0.80838458 0.20268007 0.17570733
v -0.84370456 0.31987006 0.42179732
v -0.84370456 0.31987006 0.41788732
v -0.86295484 0.30782104 0.42979454
v -0.80845455 -0.05902993 0.17581733
v -0.84360454 0.31987006 0.30851733
v -0.84361456 0.31987006 0.31242733
v -0.84360454 0.31987006 0.31242733
v -0.82017455 0.05034007 0.19523733
v -0.82017455 0.05034007 0.19522733
v -0.82017455 0.04643007 0.19523733
v -0.84370456 0.31987006 0.42960732
v -0.84361456 0.31993008 0.42960732
v -0.84361456 0.31993008 0.42570733
v -0.78474835 0.33065692 0.53894145
v -0.82017455 0.06987007 0.19522733
v -0.82017455 0.06597007 0.19523733
v -0.84369455 0.31987006 -0.47272266
v -0.84369455 0.31987006 -0.47663267
v -0.63438489 0.26529523 0.27335921
v -0.82017455 0.14800007 0.19522733
v -0.82017455 0.14409006 0.19523733
v -0.82017455 0.14800007 0.19523733
v -0.75369457 -0.16448993 -0.68366266
v -0.82017455 0.18706006 0.19523733
v -0.82017455 0.18315007 0.19523733
v -0.82017455 0.16362007 0.19522733
v -0.82017455 0.25347007 0.19522733
v -0.82017455 0.24956006 0.19522733
v -0.82017455 0.24956006 0.19523733
v -0.70689456 -0.17418994 0.07023733
v -0.82017455 0.08159007 0.19522733
v -0.82184227 0.33294272 0.49490308
v -0.82017455 0.04643007 0.19522733
v -0.82017455 0.05815007 0.19522733
v -0.82017455 0.05425007 0.19522733
v -0.82017455 0.05425007 0.19523733
v -0.84361456 0.31993008 0.39054732
v -0.84367003 0.31989304 0.39210449
v -0.84361456 0.31993008 0.43742733
v -0.84370456 0.31987006 0.43742733
v -0.84370456 0.31987006 0.44132732
v -0.80845455 0.11675007 0.17581733
v -0.80845455 0.11284007 0.17581733
v -0.80838458 0.11284007 0.17570733
v -0.80838458 0.06987007 0.17570733
v -0.82017455 0.03081007 0.19523733
v -0.82017455 0.03081007 0.19522733
v -0.82017455 0.02690007 0.19523733
v -0.84363458 0.31987006 -0.33600266
v -0.84363458 0.31987006 -0.33991266
v -0.84369455 0.31987006 -0.48444266
v -0.84361456 0.31993008 -0.48835267
v -0.75767455 0.01909007 -0.69392265
v -0.74409779 0.03985969 -0.70749871
v -0.84361456 0.31988007 -0.32428266
v -0.84361456 0.31987006 -0.32038267
v -0.82300715 0.33238578 -0.32299745
v -0.82017455 0.11284007 0.19523733
v -0.82017455 0.11284007 0.19522733
v -0.82017455 0.10893007 0.19523733
v -0.82017455 0.19878006 0.19522733
v -0.82017455 0.19487007 0.19522733
v -0.82017455 0.02300007 0.19522733
v -0.80838458 -0.07464993 0.17570733
v -0.80838458 -0.07855993 0.17570733
v -0.80845455 -0.07464993 0.17581733
v -0.80845455 0.23784006 0.17581733
v -0.80845455 0.24175007 0.17581733
v -0.80838458 0.23784006 0.17570733
v -0.82017455 0.14409006 0.19522733
v -0.86660363 0.30492825 -0.39127808
v -0.82017455 -0.06683993 0.19522733
v -0.86662383 0.30443621 -0.43875533
v -0.80838458 0.05815007 0.17570733
v -0.80845455 0.06206007 0.17581733
v -0.80838458 0.06206007 0.17570733
v -0.82017455 0.23003006 0.19522733
v -0.82017455 0.22612007 0.19523733
v -0.82017455 0.23003006 0.19523733
v -0.82017455 0.17925007 0.19523733
v -0.82017455 0.15972007 0.19523733
v -0.82017455 0.16362007 0.19523733
v -0.82017455 0.15581006 0.19523733
v -0.82017455 0.15972007 0.19522733
v -0.84190480 0.21967841 0.23114565
v -0.82017455 0.14018007 0.19522733
v -0.87636859 0.07580325 -0.36910076
v -0.84361456 0.31990007 -0.35944266
v -0.84365455 0.31987006 -0.35944266
v -0.80845455 -0.09417993 0.17581733
v -0.80845455 -0.09808993 0.17581733
v -0.82017455 0.23393007 0.19522733
v -0.82386813 0.33192804 0.33053923
v -0.75382454 0.32381507 -0.03717767
v -0.84361648 0.31984910 0.28514100
v -0.84361456 0.31985006 0.28898733
v -0.84357456 0.31987006 0.28507732
v -0.86598454 0.30425007 0.38859232
v -0.84361456 0.31989006 0.34367733
v -0.84364454 0.31987006 0.34367733
v -0.84365455 0.31987006 0.34757732
v -0.84848104 0.30513077 0.53939677
v -0.84369455 0.31987006 -0.46882267
v -0.84361456 0.31993008 0.43351733
v -0.84017844 0.32208641 0.38822394
v -0.77324860 0.03082360 -0.65637650
v -0.84359453 0.31987006 0.30460732
v -0.83731458 0.32378006 0.30851733
v -0.86636955 0.30229506 0.36869826
v -0.84366457 0.31987006 0.35538732
v -0.84366457 0.31987006 0.35929732
v -0.84361456 0.31990007 0.35538732
v -0.80845455 0.21440007 0.17581733
v -0.83148153 0.32747747 -0.37647145
v -0.82017455 0.24175007 0.19522733
v -0.84361456 0.31993008 0.41398733
v -0.84370456 0.31987006 0.41398733
v -0.84361456 0.31987006 0.31411733
v -0.84361456 0.31993008 0.42179732
v -0.84356455 0.31987006 0.28117733
v -0.80845455 0.26909006 0.17581733
v -0.80845455 0.27300007 0.17581733
v -0.86521677 0.30613286 0.37003150
v -0.82017455 0.28472007 0.19523733
v -0.82017455 0.28472007 0.19522733
v -0.82017455 0.28081006 0.19523733
v -0.84370456 0.31987006 0.39054732
v -0.84361456 0.31986008 0.30460732
v -0.84361456 0.31987006 0.30851733
v -0.82017455 0.21831006 0.19522733
v -0.86501223 0.30641695 0.43261122
v -0.86288399 0.30785956 -0.31354446
v -0.77900087 0.33311392 -0.53695349
v -0.84367458 0.31987006 0.36710732
v -0.84367458 0.31987006 0.36320733
v -0.73423455 -0.17225994 -0.68757267
v -0.73423455 -0.16840994 -0.69538267
v -0.73032455 -0.17225994 -0.69147266
v -0.73814456 -0.16840994 -0.69147266
v -0.82393453 0.31987006 -0.52741266
v -0.82405658 0.31987506 -0.52726832
v -0.76548455 0.01909007 -0.68611265
v -0.76875824 0.01888159 -0.68275990
v -0.84361456 0.31993008 -0.47272266
v -0.82017455 0.27300007 0.19522733
v -0.82017455 0.26909006 0.19523733
v -0.82017455 0.27300007 0.19523733
v -0.86591068 0.30538538 0.37781840
v -0.84380586 0.31972822 -0.50006999
v -0.84365560 0.31989089 -0.37961875
v -0.82017455 0.26518006 0.19522733
v -0.84361456 0.31993008 -0.49616266
v -0.83832801 0.32284363 -0.50104628
v -0.84370456 0.31987006 0.44523733
v -0.80845455 0.23393007 0.17581733
v -0.80838458 0.23393007 0.17570733
v -0.81236456 0.31984008 -0.53913267
v -0.81626455 0.31983006 -0.53522266
v -0.84359453 0.31987006 0.30070733
v -0.86562954 0.30467257 0.41056732
v -0.72349205 -0.17277993 0.07108483
v -0.74978457 -0.16448993 -0.68757267
v -0.74595455 -0.16448993 -0.69139267
v -0.74595455 -0.16648994 -0.68757267
v -0.84366457 0.31987006 -0.36335267
v -0.84363458 0.31987006 0.33195733
v -0.84362457 0.31987006 0.32804732
v -0.82017455 0.15581006 0.19522733
v -0.82017455 0.15190007 0.19523733
v -0.84362457 0.31987006 -0.32819266
v -0.84362457 0.31987006 -0.33210267
v -0.84364454 0.31987006 0.33976733
v -0.84361456 0.31989006 0.33976733
v -0.84361456 0.31991005 0.35929732
v -0.84361456 0.31991005 0.36320733
v -0.86197398 0.30845208 0.32539685
v -0.84751455 0.31742007 0.28117733
v -0.79518517 -0.02555484 -0.73300020
v -0.72251455 0.34533006 0.66788732
v -0.84361456 0.31991005 0.36710732
v -0.84368453 0.31987006 0.37101733
v -0.84361456 0.31992007 0.37101733
v -0.74197457 -0.16448993 -0.69538267
v -0.74204455 -0.16444993 -0.69538267
v -0.74204455 -0.16228993 -0.69928266
v -0.82017455 0.26909006 0.19522733
v -0.82017455 0.26518006 0.19523733
v -0.86171634 0.30861879 -0.36929395
v -0.76538224 -0.02222692 -0.75683926
v -0.84364454 0.31987006 -0.34382267
v -0.82017455 0.22222007 0.19522733
v -0.82017455 0.21831006 0.19523733
v -0.82017455 0.22222007 0.19523733
v -0.82017455 0.21440007 0.19522733
v -0.82017455 0.21050007 0.19523733
v -0.82017455 0.21440007 0.19523733
v -0.86253621 0.30806811 -0.40623662
v -0.84361456 0.31987006 -0.32428266
v -0.84367458 0.31987006 -0.37116266
v -0.84367458 0.31987006 -0.37507267
v -0.84361456 0.31991005 -0.36725266
v -0.84366457 0.31987006 -0.36725266
v -0.72251455 -0.16840994 -0.70710267
v -0.72642455 -0.16840994 -0.70319266
v -0.72644362 -0.16839994 -0.70320356
v -0.86523184 0.30991384 -0.27081222
v -0.84361456 0.31989006 -0.34382267
v -0.84361456 0.31989006 -0.34772266
v -0.84364454 0.31987006 -0.34772266
v -0.82017455 0.11675007 0.19522733
v -0.82017455 0.11675007 0.19523733
v -0.84361456 0.31990007 -0.35163267
v -0.84361456 0.31991005 -0.36335267
v -0.84370456 0.31987006 0.43351733
v -0.86598454 0.30425007 0.37101733
v -0.76343607 0.31786873 -0.03523274
v -0.81350642 0.30346412 0.18445427
v -0.84363450 0.31985021 0.30070633
v -0.84361456 0.31993008 0.41788732
v -0.82017455 0.22612007 0.19522733
v -0.82017455 0.26128006 0.19522733
v -0.82017455 0.25737006 0.19523733
v -0.82017455 0.26128006 0.19523733
v -0.84368453 0.31987006 0.37492733
v -0.84361456 0.31992007 -0.37897266
v -0.84361456 0.31991005 -0.37507267
v -0.84361456 0.31993008 0.38663732
v -0.84358458 0.31987006 0.29288732
v -0.84358458 0.31987006 0.29679732
v -0.83729456 0.32378006 0.29288732
v -0.84370456 0.31987006 0.42570733
v -0.84370456 0.31987006 0.40617733
v -0.84348594 0.32001507 0.40556033
v -0.84361456 0.31987006 0.32023733
v -0.84361456 0.31990007 0.35148733
v -0.84365455 0.31987006 0.35148733
v -0.84362457 0.31987006 0.32413732
v -0.72251455 -0.16444993 -0.71491266
v -0.84361456 0.31993008 0.40617733
v -0.82262128 0.33294818 0.48340018
v -0.84361456 0.31990007 0.34757732
v -0.84370456 0.31987006 0.41007732
v -0.84361456 0.31993008 0.41007732
v -0.82102683 0.33248485 0.27062581
v -0.80838458 -0.05511993 0.17570733
v -0.73653053 0.33279403 0.58099619
v -0.80838458 0.15972007 0.17570733
v -0.80845455 0.16362007 0.17581733
v -0.80838458 0.16362007 0.17570733
v -0.74077354 0.31886798 0.70242317
v -0.84361456 0.31993008 -0.48444266
v -0.84369455 0.31987006 -0.48053266
v -0.84361456 0.31993008 -0.48053266
v -0.84361456 0.31992007 0.37492733
v -0.80749291 0.02051259 -0.63948716
v -0.82017455 0.28081006 0.19522733
v -0.82017455 0.27690006 0.19523733
v -0.82017455 0.31983006 0.53117733
v -0.84361456 0.31991005 -0.37116266
v -0.82197159 0.33287337 0.41063138
v -0.78892455 0.00347007 -0.68845267
v -0.84361456 0.31990007 -0.35553266
v -0.63036458 0.36675007 0.51945733
v -0.84361456 0.31988007 -0.33600266
v -0.84361456 0.31989006 -0.33991266
v -0.84361456 0.31989006 0.33585732
v -0.84361456 0.31985006 0.29288732
v -0.84357456 0.31987006 0.28898733
v -0.66161458 0.36675007 0.55070733
v -0.84363458 0.31987006 0.33585732
v -0.70298455 -0.17225994 -0.71882267
v -0.70298455 -0.16840994 -0.72663267
v -0.69907455 -0.17225994 -0.72272266
v -0.70689456 -0.16840994 -0.72272266
v -0.84361456 0.31988007 0.32023733
v -0.84361456 0.31988007 0.32413732
v -0.81618456 0.31987006 0.53507732
v -0.81236456 0.31987006 0.53892731
v -0.81008456 0.32378006 0.53117733
v -0.80845455 0.18706006 0.17581733
v -0.80845455 0.19097007 0.17581733
v -0.80838458 0.18706006 0.17570733
v -0.71225246 0.33387838 -0.60703287
v -0.81626455 0.32136006 0.53117733
v -0.81626455 0.31987006 0.53499733
v -0.82017455 -0.13714993 0.19522733
v -0.82017455 -0.09027993 0.19523733
v -0.82017455 -0.11370993 0.19523733
v -0.80845455 -0.08636993 0.17581733
v -0.80838458 -0.08636993 0.17570733
v -0.82017455 -0.09808993 0.19522733
v -0.82017455 0.27690006 0.19522733
v -0.79302721 0.31978277 -0.55874430
v -0.79282455 0.31987006 -0.55870266
v -0.84361456 0.31988007 -0.33210267
v -0.78111456 -0.00048993 -0.70319266
v -0.78111456 -0.00042993 -0.70308269
v -0.78100459 -0.00042993 -0.70319266
v -0.72251455 -0.17225994 -0.69928266
v -0.72251455 -0.17230993 -0.69919265
v -0.72642455 -0.17225994 -0.69538267
v -0.80838458 0.24565007 0.17570733
v -0.80838458 0.24956006 0.17570733
v -0.79762457 0.00347007 -0.67975266
v -0.80064456 0.00347007 -0.67673267
v -0.79518726 0.00384783 -0.68151636
v -0.82017455 -0.03558993 0.19522733
v -0.82017455 -0.02777993 0.19522733
v -0.82017455 -0.03558993 0.19523733
v -0.80845455 0.21050007 0.17581733
v -0.82017455 -0.11370993 0.19522733
v -0.82018245 -0.13719533 0.19524908
v -0.82017455 -0.03167993 0.19523733
v -0.82017455 0.09722007 0.19522733
v -0.82017455 0.09331007 0.19522733
v -0.82017455 0.09331007 0.19523733
v -0.81350456 0.07280194 0.18418233
v -0.79067581 -0.01559563 0.71984898
v -0.64826047 -0.20743386 0.70300351
v -0.64439456 -0.20931993 0.70304732
v -0.64816455 -0.20745994 0.70304732
v -0.73803458 -0.00042993 -0.74616266
v -0.73814456 -0.00042993 -0.74605269
v -0.73512457 0.00347007 -0.74225266
v -0.69126455 -0.20739993 0.66007732
v -0.71837748 -0.17622986 -0.69535731
v -0.71861456 -0.17620994 -0.69517268
v -0.84361456 0.31993008 -0.47663267
v -0.82017455 -0.03167993 0.19522733
v -0.82017455 -0.00042993 0.19522733
v -0.82017455 -0.00433993 0.19523733
v -0.78335853 -0.17646298 0.06971364
v -0.82017455 0.20268007 0.19522733
v -0.82017455 0.19878006 0.19523733
v -0.82017455 0.24565007 0.19522733
v -0.82017455 0.24175007 0.19523733
v -0.82017455 -0.04339993 0.19522733
v -0.82017455 -0.04730993 0.19523733
v -0.80451457 0.01518007 -0.65241266
v -0.80454455 0.01518007 -0.65238268
v -0.80454455 0.01909007 -0.64556266
v -0.81283506 0.00703426 0.65619781
v -0.76147453 -0.00042993 -0.72272266
v -0.76157455 -0.00048993 -0.72272266
v -0.76157455 -0.00042993 -0.72261269
v -0.79282498 -0.01611924 0.71859991
v -0.79673455 -0.01615993 0.71476733
v -0.82017455 0.18315007 0.19522733
v -0.82017455 0.17925007 0.19522733
v -0.81350456 0.17338757 0.18418233
v -0.80838458 0.12847007 0.17570733
v -0.80845455 0.13237007 0.17581733
v -0.80838458 0.13237007 0.17570733
v -0.81797263 0.00927544 -0.64870513
v -0.80064456 -0.00042993 -0.68355269
v -0.71079455 -0.17802993 -0.69928266
v -0.80845455 -0.00048993 -0.67585267
v -0.82017455 0.25737006 0.19522733
v -0.80064456 -0.01615993 0.71085732
v -0.80845455 0.05425007 0.17581733
v -0.80845455 0.05815007 0.17581733
v -0.80838458 0.05425007 0.17570733
v -0.77720455 0.03083007 -0.65241266
v -0.69126455 0.37065006 0.58192735
v -0.75365458 -0.00042993 0.73038732
v -0.75376455 0.00175007 0.72648733
v -0.75376455 -0.00042993 0.73028730
v -0.80792217 0.00729327 0.66258110
v -0.71079455 -0.16444993 -0.72663267
v -0.71079455 -0.16448993 -0.72655268
v -0.71462456 -0.16448993 -0.72272266
v -0.78042393 0.31988675 -0.57114965
v -0.78111456 0.31992007 -0.57038267
v -0.77047349 0.32521476 -0.56795152
v -0.78114083 0.02662786 -0.65581820
v -0.78015456 0.02690007 -0.65632267
v -0.78796456 0.02690007 -0.64850266
v -0.78345024 0.02617799 -0.65430173
v -0.78501455 -0.00048993 -0.69928266
v -0.74756453 0.32768006 -0.05866267
v -0.80454455 0.01517007 -0.65241266
v -0.79662458 -0.00042993 -0.68757267
v -0.79282455 -0.00042993 -0.69136269
v -0.81225459 -0.00042993 -0.67194266
v -0.67954455 0.37065006 0.57020735
v -0.67564456 0.37068007 0.56632732
v -0.82017455 0.15190007 0.19522733
v -0.82017455 0.02300007 0.19523733
v -0.80838458 -0.03167993 0.17570733
v -0.80845455 -0.02777993 0.17581733
v -0.80838458 -0.02777993 0.17570733
v -0.82017455 -0.01214993 0.19522733
v -0.82017455 -0.01214993 0.19523733
v -0.82017455 -0.01605993 0.19523733
v -0.83193455 0.10917929 0.21470233
v -0.82017455 0.03472007 0.19523733
v -0.82017455 0.03472007 0.19522733
v -0.80231061 -0.14295699 0.16838628
v -0.77227245 0.30466853 0.66081283
v -0.78287433 0.30507746 -0.07293573
v -0.76637457 0.00347007 -0.71100266
v -0.80842457 0.01518007 -0.64850266
v -0.80845455 -0.00042993 -0.67574270
v -0.80834458 -0.00042993 -0.67585267
v -0.82017455 0.10112007 0.19522733
v -0.79673455 0.01964007 -0.65241266
v -0.80845455 -0.00823993 0.17581733
v -0.80845455 -0.00433993 0.17581733
v -0.80838458 -0.00823993 0.17570733
v -0.57798455 0.18320007 -0.18757267
v -0.57791457 0.18315007 -0.19147268
v -0.82017455 0.03862007 0.19522733
v -0.80845455 0.24565007 0.17581733
v -0.82017455 0.09722007 0.19523733
v -0.80064456 0.32443005 -0.53913267
v -0.80289332 0.32720494 -0.52971416
v -0.82017455 0.13628006 0.19522733
v -0.82017455 0.13237007 0.19522733
v -0.82017455 0.13237007 0.19523733
v -0.82017455 0.12847007 0.19523733
v -0.80845455 -0.00042993 0.17581733
v -0.80845455 0.00347007 0.17581733
v -0.80838458 -0.00042993 0.17570733
v -0.61315457 0.27690006 0.23820733
v -0.61314456 0.27690006 0.23817733
v -0.61315457 0.28081006 0.23820733
v -0.82017455 0.10503006 0.19522733
v -0.82017455 0.10503006 0.19523733
v -0.82017455 0.02690007 0.19522733
v -0.78892455 0.01518007 -0.66800268
v -0.79279456 0.01518007 -0.66413267
v -0.78501455 0.02188007 -0.66022266
v -0.71861456 -0.16444993 -0.71882267
v -0.57798455 0.18320007 0.36710732
v -0.57798455 0.18320007 0.37101733
v -0.57791457 0.18315007 0.36710732
v -0.82017455 0.10112007 0.19523733
v -0.77733734 -0.14252774 0.07617784
v -0.83193455 0.06181569 0.21470233
v -0.82017455 0.20268007 0.19523733
v -0.83345498 0.30516871 -0.55401191
v -0.80845455 0.31986008 0.54288732
v -0.81281999 0.31985961 -0.53862401
v -0.81228457 0.31987006 -0.53913267
v -0.80845455 0.10893007 0.17581733
v -0.80838458 0.10893007 0.17570733
v -0.76920454 -0.01605993 -0.74225266
v -0.75382454 0.32381507 -0.05280267
v -0.75376455 0.32385007 -0.05866267
v -0.82017455 0.17143007 0.19522733
v -0.82017455 0.16753006 0.19522733
v -0.82017455 0.16753006 0.19523733
v -0.81626455 0.31987006 -0.53512264
v -0.81626455 0.32135007 -0.53132267
v -0.81616453 0.31987006 -0.53522266
v -0.82017455 0.12065007 0.19522733
v -0.82017455 0.24565007 0.19523733
v -0.78111456 0.03081007 -0.64855267
v -0.78126210 0.03081278 -0.64836245
v -0.82017455 0.19097007 0.19522733
v -0.64217458 -0.16839993 -0.01569267
v -0.64785455 -0.17230993 -0.02350267
v -0.63656453 -0.16448993 -0.02350267
v -0.70689456 0.35110006 0.67179732
v -0.71079455 0.34725008 0.67570733
v -0.70689456 0.34725008 0.67960732
v -0.80838458 0.18315007 0.17570733
v -0.82017455 0.14018007 0.19523733
v -0.77691402 0.30797309 -0.60524079
v -0.84361456 0.31989006 0.33195733
v -0.79282455 -0.00048993 -0.69147266
v -0.79673455 -0.00048993 -0.68757267
v -0.82017455 0.17534006 0.19522733
v -0.82017455 0.17534006 0.19523733
v -0.82017455 0.18706006 0.19522733
v -0.80845455 0.07378006 0.17581733
v -0.82017455 0.13628006 0.19523733
v -0.80845455 0.12065007 0.17581733
v -0.82017455 0.17143007 0.19523733
v -0.80838458 0.13628006 0.17570733
v -0.80845455 0.14018007 0.17581733
v -0.80838458 0.14018007 0.17570733
v -0.82017455 0.25347007 0.19523733
v -0.79675458 0.31987006 -0.55475266
v -0.80064456 0.31835008 -0.55475266
v -0.80063454 0.31987006 -0.55085267
v -0.80845455 0.13628006 0.17581733
v -0.74595455 -0.16444993 -0.69147266
v -0.74587456 -0.16448993 -0.69147266
v -0.80845455 0.14409006 0.17581733
v -0.81350456 0.13432507 0.18418233
v -0.80838458 0.17925007 0.17570733
v -0.80845455 0.18315007 0.17581733
v -0.80845455 0.17143007 0.17581733
v -0.80845455 0.16753006 0.17581733
v -0.80838458 0.16753006 0.17570733
v -0.80838458 0.15581006 0.17570733
v -0.80845455 0.15972007 0.17581733
v -0.80064456 0.31987006 -0.55084265
v -0.80064456 0.32139007 -0.54694266
v -0.78104103 0.00839654 -0.68720502
v -0.76939456 0.03083007 -0.66022266
v -0.83193455 0.25816514 0.21470233
v -0.79673455 0.31989006 0.55460732
v -0.82017455 0.28862006 0.19522733
v -0.80853992 0.32122220 0.20406303
v -0.80838458 0.20659006 0.17570733
v -0.65220974 0.03081000 0.77730226
v -0.65611456 0.03083007 0.77335732
v -0.84361456 0.31985006 0.28117733
v -0.82017455 0.31987006 -0.53119267
v -0.82017455 0.31982008 -0.53132267
v -0.80845455 0.31987006 -0.54298265
v -0.81236456 0.31985006 0.53898733
v -0.78382565 -0.10335345 0.13487737
v -0.75756445 -0.00042969 -0.72663329
v -0.75767455 -0.00048993 -0.72663267
v -0.82005457 0.31987006 -0.53132267
v -0.80064456 0.32140008 0.54679732
v -0.80453453 0.31987006 0.54679732
v -0.78892455 0.31987006 -0.56263269
v -0.78892455 0.31990007 -0.56257267
v -0.78501455 0.31991005 -0.56647266
v -0.76424763 0.31736786 -0.05975934
v -0.79673455 0.31987006 -0.55477269
v -0.78892455 0.31838006 -0.56647266
v -0.78899453 0.31987006 -0.56257267
v -0.80838458 0.19487007 0.17570733
v -0.80845455 0.19878006 0.17581733
v -0.80838458 0.19878006 0.17570733
v -0.62116453 0.33304546 -0.47174651
v -0.80838458 -0.06683993 0.17570733
v -0.80838458 -0.07073993 0.17570733
v -0.80845455 -0.06683993 0.17581733
v -0.74196644 0.33113370 -0.05887371
v -0.80845455 0.31985006 -0.54303266
v -0.80840454 0.31987006 -0.54303266
v -0.80454455 0.31987006 -0.54691268
v -0.80454455 0.31986008 -0.54694266
v -0.71079455 0.34340007 0.68351733
v -0.70305459 0.34722007 0.68351733
v -0.70689456 0.34722007 0.67967736
v -0.80845455 0.31987006 0.54285734
v -0.81230454 0.31987006 0.53898733
v -0.67173455 0.37068007 0.56242733
v -0.81626455 0.31984008 0.53507732
v -0.69907455 -0.16648994 -0.73444266
v -0.69907455 -0.16448993 -0.73827268
v -0.75465457 0.00347007 -0.72272266
v -0.84361456 0.31988007 -0.32819266
v -0.82142482 0.33248707 -0.49670413
v -0.69517455 0.35494006 0.67570733
v -0.68638047 0.36971753 0.65453472
v -0.78498457 0.01518007 -0.67194266
v -0.78111456 0.02188007 -0.66413267
v -0.77720455 0.01909007 -0.67290266
v -0.70381425 0.33402811 -0.34981693
v -0.80024967 0.24584659 0.16223023
v -0.80845455 0.24956006 0.17581733
v -0.67173455 0.35110006 0.70695733
v -0.67168451 0.35112008 0.70695733
v -0.80838458 0.14409006 0.17570733
v -0.76590085 0.32355374 -0.66768180
v -0.69517455 0.35110006 0.68351733
v -0.71470455 -0.00042993 0.76934736
v -0.71850459 -0.00042993 0.76554732
v -0.71470455 -0.00048993 0.76945733
v -0.70684455 0.35112006 0.67179732
v -0.70298455 0.35110006 0.67570733
v -0.84361456 0.31986008 0.29679732
v -0.80845455 0.00737007 0.17581733
v -0.80845455 0.01128007 0.17581733
v -0.80838458 0.00737007 0.17570733
v -0.80454105 0.31987006 0.54680446
v -0.81281456 0.25151194 0.18303858
v -0.84361456 0.31988007 0.32804732
v -0.80064456 0.31987006 0.55071734
v -0.79677454 0.31987006 0.55460732
v -0.82431960 0.30858968 0.20647850
v -0.75380702 0.32382526 -0.05244844
v -0.74986456 -0.16444993 -0.68757267
v -0.74986456 -0.16448993 -0.68749268
v -0.71470455 -0.17225994 -0.70710267
v -0.71079455 -0.17225994 -0.71100266
v -0.71079455 -0.17230993 -0.71091266
v -0.80064456 0.31988007 0.55070733
v -0.86611141 0.30501418 0.52103481
v -0.80454455 0.32443005 0.53507732
v -0.80838458 0.26909006 0.17570733
v -0.69517919 0.36675009 0.58427194
v -0.69286458 0.36675007 0.58195733
v -0.80454455 0.31987006 0.54678731
v -0.72668177 0.36690664 0.61982143
v -0.73738710 0.01883958 -0.71425840
v -0.73668454 0.02690007 -0.71491266
v -0.73423455 0.01909007 -0.71736265
v -0.82407455 0.31982008 0.52726733
v -0.71470455 0.34725008 0.67179732
v -0.71079455 0.35110006 0.66788732
v -0.71861456 0.34725008 0.66788732
v -0.72642455 0.34725008 0.66007732
v -0.82015280 0.31986971 0.53108994
v -0.80842457 0.31987006 0.54288732
v -0.69906453 -0.20355993 0.66007732
v -0.69924556 -0.20336517 0.66023132
v -0.73814456 -0.16444993 -0.69928266
v -0.73423455 -0.16448993 -0.70311267
v -0.71470455 -0.16444993 -0.72272266
v -0.72707052 -0.18197910 -0.67496870
v -0.66001455 -0.20745994 0.69118731
v -0.65611456 -0.21123993 0.68742733
v -0.65987454 -0.20745994 0.69132732
v -0.78351664 -0.06783690 0.13438125
v -0.76157455 -0.00042993 0.72246735
v -0.76548455 -0.00048993 0.71867733
v -0.76157455 -0.00048993 0.72257732
v -0.81350456 -0.00189993 0.18418233
v -0.80838458 -0.04730993 0.17570733
v -0.80838458 -0.05120993 0.17570733
v -0.80064456 -0.00048993 -0.68366266
v -0.80838458 -0.00433993 0.17570733
v -0.78501455 0.01517007 -0.67194266
v -0.83868871 -0.13427908 -0.55222085
v -0.80454455 0.00347007 -0.67283268
v -0.73814456 -0.16648994 -0.69538267
v -0.73816436 -0.16445704 -0.69925162
v -0.78892455 0.03081007 -0.64073266
v -0.78892455 0.01517007 -0.66803266
v -0.76939456 0.03081007 -0.66026266
v -0.76943455 0.03081007 -0.66022266
v -0.77329455 0.02690007 -0.66317267
v -0.77720455 -0.00042993 -0.70699270
v -0.77720455 -0.00048993 -0.70710267
v -0.71861456 0.01517007 -0.73835267
v -0.66961846 -0.18093289 -0.07066151
v -0.70699457 -0.19964993 0.66007732
v -0.69907568 -0.20355999 0.66005486
v -0.80838458 -0.08245993 0.17570733
v -0.80765135 0.28208493 0.17452199
v -0.75380702 0.32382526 -0.03682848
v -0.74204455 -0.16839993 -0.68759270
v -0.74207453 -0.16839993 -0.68757267
v -0.74204455 -0.16840994 -0.68757267
v -0.71002888 -0.17620785 0.06842766
v -0.70200705 -0.17178368 0.07114358
v -0.74584475 -0.00042982 0.73820727
v -0.74975459 -0.00042993 0.73429732
v -0.74595455 -0.00048993 0.73820733
v -0.80838458 -0.10198993 0.17570733
v -0.82511220 -0.14291876 0.20425204
v -0.66378454 -0.20745994 0.68742733
v -0.66392455 -0.20739993 0.68742733
v -0.66392455 -0.20745994 0.68728732
v -0.80838458 0.05034007 0.17570733
v -0.83193455 -0.05048024 0.21470233
v -0.80838458 0.00347007 0.17570733
v -0.74567796 0.00380942 -0.73109464
v -0.74941483 0.00434070 -0.72642721
v -0.80838458 -0.02386993 0.17570733
v -0.81281456 -0.03412243 0.18303858
v -0.83472278 -0.12330410 0.57624426
v -0.73423455 -0.16839993 -0.69541265
v -0.73035459 -0.16839993 -0.69928266
v -0.73423455 -0.16648994 -0.69928266
v -0.72479163 -0.17914146 -0.68293428
v -0.80838458 0.26128006 0.17570733
v -0.80838458 0.25737006 0.17570733
v -0.80845455 0.26128006 0.17581733
v -0.78892455 -0.00048993 -0.69538267
v -0.79272453 -0.00042993 -0.69147266
v -0.78881559 -0.00043029 -0.69538200
v -0.78427999 0.00077597 -0.69785111
v -0.78241824 0.00365599 -0.69463768
v -0.78490458 -0.00042993 -0.69928266
v -0.74986456 -0.00048993 -0.73444266
v -0.75376455 -0.00048993 -0.73053266
v -0.75365458 -0.00042993 -0.73053266
v -0.80845455 -0.06292993 0.17581733
v -0.77323934 -0.00043020 -0.71094789
v -0.79282455 0.01517007 -0.66413267
v -0.79282455 0.01518007 -0.66410268
v -0.73426453 -0.16839993 -0.69538267
v -0.80845422 0.01517378 -0.64849167
v -0.79663811 -0.01605939 0.71468264
v -0.79282455 -0.01605993 0.71848731
v -0.80838458 -0.01995993 0.17570733
v -0.80845455 -0.01605993 0.17581733
v -0.80838458 -0.01605993 0.17570733
v -0.77720455 0.00347007 -0.70017267
v -0.57791457 0.18315007 0.26945733
v -0.57791457 0.18315007 0.27335732
v -0.80845455 -0.01214993 0.17581733
v -0.80845455 -0.02386993 0.17581733
v -0.80838458 -0.05902993 0.17570733
v -0.77329455 0.01740007 -0.67975266
v -0.80838458 -0.04339993 0.17570733
v -0.80845455 -0.03948993 0.17581733
v -0.80838458 -0.03948993 0.17570733
v -0.80838458 0.26518006 0.17570733
v -0.80845455 -0.04339993 0.17581733
v -0.77025996 0.02410955 -0.67285120
v -0.80838458 0.01128007 0.17570733
v -0.80845455 -0.01995993 0.17581733
v -0.77732814 -0.01670909 0.73514835
v -0.78889457 0.01518007 -0.66803266
v -0.71861456 -0.16448993 -0.71874268
v -0.79673459 0.01518007 -0.66019267
v -0.79673455 0.01517007 -0.66022266
v -0.80838458 -0.06292993 0.17570733
v -0.74726445 -0.17263651 -0.67373903
v -0.77326457 0.01518007 -0.68366266
v -0.76939456 0.01909007 -0.68192269
v -0.77329455 0.01518007 -0.68363268
v -0.78111456 0.01518007 -0.67581267
v -0.78111456 0.01517007 -0.67585267
v -0.77329455 0.03083007 -0.65632267
v -0.78501455 0.03083007 -0.64460267
v -0.78501455 0.03081007 -0.64464266
v -0.78505454 0.03081007 -0.64460267
v -0.78501455 0.01518007 -0.67191268
v -0.80845455 0.01518007 0.17581733
v -0.80845455 0.01909007 0.17581733
v -0.80838458 0.01518007 0.17570733
v -0.80838458 0.01909007 0.17570733
v -0.80845455 0.02300007 0.17581733
v -0.80838458 0.02300007 0.17570733
v -0.81350456 0.03666882 0.18418233
v -0.80838458 -0.01214993 0.17570733
v -0.77720455 0.01518007 -0.67972268
v -0.78107456 0.01518007 -0.67585267
v -0.78111456 0.03083007 -0.64850266
v -0.77731764 0.01840630 0.67472833
v -0.80845455 0.03862007 0.17581733
v -0.80845455 0.03472007 0.17581733
v -0.80838458 0.03472007 0.17570733
v -0.80845455 0.02690007 0.17581733
v -0.75382454 0.32381507 -0.06061767
v -0.75380702 0.32382526 -0.06807849
v -0.89594611 -0.11935618 0.86161303
v -0.79305856 0.01517634 0.66373315
v -0.80838458 0.02690007 0.17570733
v -0.78892455 0.01517007 0.66788732
v -0.78890017 0.01518043 0.66787484
v -0.78501455 0.01517007 0.67179732
v -0.78111456 0.01517007 0.67570733
v -0.78498457 0.01518007 0.67179732
v -0.78111456 0.01964007 0.66788732
v -0.79279456 0.01518007 0.66398733
v -0.78501455 0.01518007 0.67176734
v -0.79282455 0.01517007 0.66398733
v -0.76402453 0.01909007 -0.68757267
v -0.78892455 0.01740007 0.66398733
v -0.80838458 0.04643007 0.17570733
v -0.77017957 0.03007632 -0.68051266
v -0.72337120 0.02882464 -0.72822263
v -0.76086891 0.01888855 -0.69074959
v -0.77329455 -0.00048993 -0.71100266
v -0.76545457 0.01518007 -0.69147266
v -0.77724455 0.03081007 -0.65241266
v -0.81419455 0.20512757 0.18532608
v -0.80845455 0.03081007 0.17581733
v -0.80838458 0.03081007 0.17570733
v -0.77923905 0.31978185 0.14874346
v -0.59762793 0.31205310 0.43733992
v -0.60532455 0.31358007 0.43351733
v -0.80845455 0.05034007 0.17581733
v -0.73601298 0.33125306 -0.58645070
v -0.71861456 -0.17230993 -0.70310266
v -0.72242455 -0.17230993 -0.69928266
v -0.71861456 -0.17225994 -0.70319266
v -0.70160754 0.32491312 0.73034965
v -0.73423455 0.01763007 -0.71882267
v -0.73810456 0.01518007 -0.71882267
v -0.73814456 0.01518007 -0.71878267
v -0.80845455 0.09331007 0.17581733
v -0.80845455 0.09722007 0.17581733
v -0.80838458 0.09331007 0.17570733
v -0.80838458 0.19097007 0.17570733
v -0.76939456 0.01518007 -0.68753267
v -0.80838458 0.24175007 0.17570733
v -0.69517455 -0.20354993 0.66398733
v -0.80838458 0.22222007 0.17570733
v -0.73795578 -0.17231915 -0.68372360
v -0.73814456 -0.17225994 -0.68366266
v -0.73423455 -0.17230993 -0.68747265
v -0.80838458 0.08940007 0.17570733
v -0.68345455 -0.17225994 -0.73835267
v -0.67954455 -0.17230993 -0.74216266
v -0.80838458 0.03862007 0.17570733
v -0.80845455 0.10503006 0.17581733
v -0.80838458 0.10503006 0.17570733
v -0.80845455 0.10112007 0.17581733
v -0.80838458 0.09722007 0.17570733
v -0.80845455 0.14800007 0.17581733
v -0.80845455 0.15190007 0.17581733
v -0.80838458 0.14800007 0.17570733
v -0.71100674 -0.19967196 0.65601364
v -0.71079455 -0.19969993 0.65617733
v -0.80838458 0.08550007 0.17570733
v -0.80845455 0.08940007 0.17581733
v -0.80838458 0.10112007 0.17570733
v -0.80838458 0.12456007 0.17570733
v -0.80845455 0.12847007 0.17581733
v -0.73032455 -0.16840994 -0.69928266
v -0.73032455 -0.16839993 -0.69931270
v -0.80838458 0.17143007 0.17570733
v -0.80845455 0.12456007 0.17581733
v -0.73814456 -0.00042993 0.74590735
v -0.74204455 -0.00048993 0.74210732
v -0.73814456 -0.00048993 0.74601733
v -0.74193458 -0.00042993 0.74210732
v -0.75382454 0.32381507 -0.04498767
v -0.66778548 -0.20742802 0.68349210
v -0.57791457 0.18315007 0.35929732
v -0.57791457 0.18315007 0.36320733
v -0.76548455 0.03088007 -0.66413267
v -0.80845455 0.25347007 0.17581733
v -0.77329455 0.01517007 -0.68366266
v -0.76939456 0.01517007 -0.68757267
v -0.77692438 0.00381034 -0.69984453
v -0.77720455 0.03081007 -0.65245266
v -0.80845455 0.15581006 0.17581733
v -0.80838458 0.15190007 0.17570733
v -0.80845455 0.17534006 0.17581733
v -0.80838458 0.17534006 0.17570733
v -0.73632697 0.32761616 -0.59563181
v -0.84860802 0.14089691 0.07201304
v -0.79282455 0.31989006 -0.55866266
v -0.61229975 -0.21768663 -0.71471492
v -0.77720455 0.01517007 -0.67975266
v -0.77717457 0.01518007 -0.67975266
v -0.64497504 -0.21274313 0.69541832
v -0.67564456 -0.17620994 -0.73813267
v -0.67542455 -0.17620994 -0.73835267
v -0.67173455 -0.17802993 -0.73835267
v -0.71449456 -0.17620994 -0.69928266
v -0.71470455 -0.17620994 -0.69907267
v -0.80064456 0.31987006 -0.55085267
v -0.80452458 0.31987006 -0.54694266
v -0.80845455 0.17925007 0.17581733
v -0.74756453 0.32768006 -0.04303267
v -0.75382454 0.32381507 -0.06842767
v -0.78510455 0.31987006 -0.56647266
v -0.75382454 0.32381507 -0.07623767
v -0.80845455 0.19487007 0.17581733
v -0.69907455 -0.00048993 -0.78522266
v -0.70298455 -0.00048993 -0.78132267
v -0.80845455 0.22612007 0.17581733
v -0.60923455 0.31208006 -0.42585267
v -0.74204455 -0.17230993 -0.67966266
v -0.74195454 -0.17230993 -0.67975266
v -0.78344456 0.31597007 -0.57819266
v -0.69907455 0.34725008 0.68742733
v -0.69524453 0.34722007 0.69132732
v -0.69517455 0.34725008 0.69132732
v -0.69907455 0.34722007 0.68748735
v -0.60590174 -0.14314103 -0.03507405
v -0.75302999 0.00077597 -0.72910111
v -0.71559457 0.00347007 0.76163732
v -0.71079455 -0.00048993 0.77335732
v -0.74986456 0.01909007 -0.70173265
v -0.75304168 0.01888823 -0.69857718
v -0.70298455 0.34533006 0.68742733
v -0.79673455 0.31988007 -0.55475266
v -0.71861456 -0.00042993 -0.76558269
v -0.71861456 -0.00048993 -0.76569266
v -0.72240458 -0.00042993 -0.76178266
v -0.78501455 0.31987006 -0.56656266
v -0.74204455 0.01517007 -0.71491266
v -0.73814456 0.01517007 -0.71882267
v -0.75625097 0.01723286 0.69662837
v -0.80845455 0.25737006 0.17581733
v -0.80838458 0.25347007 0.17570733
v -0.71459458 -0.00042993 0.76945733
v -0.72251455 0.34725008 0.66398733
v -0.68345455 0.34725008 0.70304732
v -0.67961458 0.34722007 0.70695733
v -0.67954455 0.34725008 0.70695733
v -0.75388453 0.32378006 -0.03913267
v -0.70298455 -0.16444993 -0.73444266
v -0.70290456 -0.16448993 -0.73444266
v -0.75376455 0.32385007 -0.07428267
v -0.75388453 0.32378006 -0.07038267
v -0.70298455 0.35494006 0.66788732
v -0.69907455 0.37065006 0.58973734
v -0.69907455 0.36675007 0.58816736
v -0.70500026 0.36810924 0.59415552
v -0.57791457 0.18315007 -0.30085267
v -0.57791457 0.18315007 -0.29694266
v -0.56008570 0.17214996 -0.30676613
v -0.70259331 -0.19034577 0.68343235
v -0.76154456 0.01518007 -0.69538267
v -0.76157455 0.01518007 -0.69535268
v -0.75767455 0.01763007 -0.69538267
v -0.71853457 -0.16448993 -0.71882267
v -0.63380820 0.21730088 0.38484684
v -0.57798455 0.18320007 0.39054732
v -0.75177254 0.32300419 0.68406956
v -0.63656453 -0.16448993 -0.00397267
v -0.63656453 -0.16448993 -0.00788267
v -0.71134579 -0.18223623 -0.69013929
v -0.71470455 -0.16448993 -0.72264267
v -0.74684457 0.00347007 0.73038732
v -0.69126455 -0.17225994 -0.73053266
v -0.68736456 -0.17230993 -0.73435266
v -0.69117455 -0.17230993 -0.73053266
v -0.68736456 -0.17225994 -0.73444266
v -0.72642455 -0.17610993 -0.68757267
v -0.73032455 -0.17230993 -0.69138266
v -0.73023454 -0.17230993 -0.69147266
v -0.74595455 -0.16839993 -0.68369265
v -0.75376455 0.01517007 -0.70319266
v -0.75767455 0.01517007 -0.69928266
v -0.75764457 0.01518007 -0.69928266
v -0.73423455 -0.17417994 -0.68366266
v -0.69517455 -0.17610993 -0.71882267
v -0.70000288 -0.17611658 -0.71396791
v -0.71861456 -0.16648994 -0.71491266
v -0.74204455 -0.16448993 -0.69530268
v -0.71072457 -0.16448993 -0.72663267
v -0.76939456 -0.00042993 -0.71480269
v -0.76548455 -0.01615993 -0.74616266
v -0.76157455 -0.01615993 -0.75007267
v -0.76939456 -0.00048993 -0.71491266
v -0.72179168 0.01888823 -0.72982718
v -0.72639457 0.01518007 -0.73053266
v -0.72496454 0.01909007 -0.72663267
v -0.74204455 -0.00048993 -0.74225266
v -0.74595455 -0.00048993 -0.73835267
v -0.74584458 -0.00042993 -0.73835267
v -0.74986456 0.01517007 -0.70710267
v -0.71274955 -0.17277993 0.07108483
v -0.76548455 -0.00048993 -0.71882267
v -0.76548455 -0.00042993 -0.71871270
v -0.83193455 0.02275382 0.21470233
v -0.70078830 -0.17849243 0.06291483
v -0.70777456 0.00347007 0.76945733
v -0.71069453 -0.00042993 0.77335732
v -0.70387457 0.00347007 0.77335732
v -0.80845455 -0.04730993 0.17581733
v -0.68980865 -0.21338175 0.64901221
v -0.80845455 -0.07073993 0.17581733
v -0.74969497 0.00386023 0.72685148
v -0.76680703 -0.00043395 0.71725362
v -0.79150940 -0.00069211 0.69303458
v -0.75767455 -0.00042993 0.72637736
v -0.76246456 0.00347007 -0.71491266
v -0.76928458 -0.00042993 -0.71491266
v -0.70689456 0.35112006 0.67174732
v -0.75621454 0.01909007 -0.69538267
v -0.74201457 0.01518007 -0.71491266
v -0.73814456 0.01909007 -0.71345265
v -0.74204455 0.01518007 -0.71488268
v -0.74986456 -0.00042993 0.73418735
v -0.75376455 -0.00048993 0.73038732
v -0.74986456 -0.00048993 0.73429732
v -0.74986456 -0.00042993 -0.73433269
v -0.75766185 0.00372953 -0.71925844
v -0.76537458 -0.00042993 -0.71882267
v -0.76375844 0.00388208 -0.71288961
v -0.77709458 -0.00042993 -0.70710267
v -0.76291612 0.10609804 -0.65816265
v -0.73902456 0.00347007 0.73820733
v -0.69126455 -0.20354993 0.66788732
v -0.76141928 -0.00036771 0.72252887
v -0.76935456 0.01518007 -0.68757267
v -0.76548455 0.01763007 -0.68757267
v -0.76157455 0.01517007 -0.69538267
v -0.75767455 0.00347007 -0.71970267
v -0.75767455 -0.00048993 0.72648733
v -0.73512457 0.00347007 0.74210732
v -0.73803458 -0.00042993 0.74601733
v -0.70995020 -0.17620514 -0.70384019
v -0.76548455 0.01517007 -0.69147266
v -0.76548455 0.01518007 -0.69144268
v -0.72108905 -0.16811654 -0.70912543
v -0.75767455 0.01518007 -0.69925268
v -0.75376455 0.01518007 -0.70316268
v -0.73891048 -0.01724240 0.77453674
v -0.74982456 0.01518007 -0.70710267
v -0.74986456 0.01518007 -0.70706267
v -0.74840454 0.01909007 -0.70319266
v -0.74986456 0.01763007 -0.70319266
v -0.75756458 -0.00042993 0.72648733
v -0.77512751 0.02644543 -0.66215213
v -0.75373457 0.01518007 -0.70319266
v -0.74293456 0.00347007 -0.73444266
v -0.74592457 0.01518007 -0.71100266
v -0.74449454 0.01909007 -0.70710267
v -0.73121456 0.00347007 -0.74616266
v -0.73268932 0.00384558 -0.74401280
v -0.74530029 0.01883958 -0.70634521
v -0.60343481 0.30036535 -0.41502409
v -0.72631274 -0.00042969 -0.75788397
v -0.72642455 0.00347007 -0.75095267
v -0.73022453 -0.00042993 -0.75397266
v -0.71861456 0.01763007 -0.73444266
v -0.71861456 0.01518007 -0.73831267
v -0.72248457 0.01518007 -0.73444266
v -0.69517455 0.37068007 0.58585732
v -0.69129453 0.37065006 0.58195733
v -0.69518463 0.37065006 0.58584740
v -0.73032455 -0.00048993 -0.75397266
v -0.75896099 -0.01580668 -0.75207003
v -0.64829455 0.01517007 0.80851733
v -0.74751752 0.31025843 -0.70344249
v -0.74986456 0.31648008 -0.69538267
v -0.69859065 -0.00014826 0.78499275
v -0.63401877 0.02192672 0.80744158
v -0.64813790 0.03085446 -0.78141449
v -0.67630005 0.37498224 0.57250501
v -0.71052864 0.31825959 0.73364824
v -0.69126455 0.35494006 0.67960732
v -0.64834456 0.03081007 0.78117733
v -0.73814456 0.31648008 -0.70710267
v -0.66392919 0.36675009 0.55302193
v -0.70298455 0.34722007 0.68358730
v -0.69914458 0.34722007 0.68742733
v -0.70298455 0.34725008 0.68351733
v -0.73414455 -0.17230993 -0.68757267
v -0.75376455 0.32385007 -0.04303267
v -0.66392455 0.35494006 0.70695733
v -0.66392455 0.35112006 0.71471732
v -0.66001455 0.35494006 0.71085732
v -0.66777454 0.35112006 0.71085732
v -0.71867458 0.34722007 0.66788732
v -0.74986456 0.31987006 0.69160734
v -0.75016828 0.31096022 0.70215292
v -0.73814456 0.32913006 -0.58991266
v -0.74204455 -0.16648994 -0.69147266
v -0.60532455 0.31207008 0.42960732
v -0.73814456 0.32761008 -0.59382267
v -0.74206932 0.32762729 -0.58981614
v -0.70293453 0.35112011 0.67570726
v -0.74184457 0.32768006 -0.58991266
v -0.67954455 0.37068007 0.57023733
v -0.68736456 0.37068007 0.57804732
v -0.68738341 0.37065007 0.57804617
v -0.63662455 0.03081007 0.79288732
v -0.64048455 0.03083007 0.78898733
v -0.64048455 0.03081007 0.78902732
v -0.70696453 0.34722007 0.67960732
v -0.67938005 0.36554102 0.56822566
v -0.73866398 0.33264795 0.02079226
v -0.74198936 -0.00043020 -0.74219787
v -0.57798455 0.18320007 0.23820733
v -0.56236456 -0.20355993 -0.49218268
v -0.55845455 -0.20166993 -0.49225266
v -0.69126455 0.37068007 0.58195733
v -0.80845455 0.26518006 0.17581733
v -0.68345455 0.36675007 0.57254731
v -0.68347458 0.37065006 0.57413732
v -0.68345455 0.37065006 0.57411735
v -0.83517205 0.15068225 0.22006545
v -0.71861456 0.34722007 0.66795735
v -0.67756016 0.32925956 0.33365198
v -0.66392455 0.35110006 0.71476733
v -0.67954455 0.36675007 0.56863736
v -0.69515459 -0.20355993 0.66398733
v -0.68736456 0.34722007 0.69920735
v -0.68736456 0.34725008 0.69913732
v -0.68742458 0.34722007 0.69913732
v -0.67353415 -0.21218962 0.66805678
v -0.69907455 0.37068007 0.58976733
v -0.73423455 -0.16444993 -0.70319266
v -0.70298455 0.37068007 0.59367733
v -0.69910459 0.37065006 0.58976733
v -0.71861456 -0.17417994 -0.69928266
v -0.71861456 -0.17610993 -0.69538267
v -0.69347628 0.35182307 0.68363732
v -0.66392455 0.37068007 0.55460732
v -0.67559455 0.35112006 0.70304732
v -0.69517424 -0.16840716 -0.73445133
v -0.63657455 0.37068007 0.52726733
v -0.72279457 0.31987006 0.71867733
v -0.72253919 0.34722004 0.66403259
v -0.63463417 0.36571554 0.52343512
v -0.69907455 0.35112006 0.67955731
v -0.72699810 -0.16146671 -0.71570684
v -0.68348453 -0.16839993 -0.74616266
v -0.68736456 -0.16840994 -0.74225266
v -0.62857563 -0.21414900 0.70809655
v -0.53956609 0.31785709 -0.44193053
v -0.58594457 0.31206006 -0.44928266
v -0.58970455 0.31201005 -0.44538267
v -0.70689460 -0.19566432 0.66826754
v -0.73814387 -0.16840535 -0.69148730
v -0.73638515 -0.16137487 -0.70646293
v -0.68719048 -0.17231407 -0.73450026
v -0.68345775 -0.17227333 -0.73832341
v -0.67954455 -0.17610993 -0.73444266
v -0.68345455 -0.17610993 -0.73053266
v -0.68324456 -0.17620994 -0.73053266
v -0.71079455 -0.16648994 -0.72272266
v -0.74204455 -0.00042993 0.74199735
v -0.73032455 -0.16448993 -0.70702268
v -0.73032455 -0.16648994 -0.70319266
v -0.73814456 -0.17610993 -0.67585267
v -0.72642455 -0.17230993 -0.69529266
v -0.73415456 -0.16448993 -0.70319266
v -0.72633455 -0.17230993 -0.69538267
v -0.72251455 -0.17610993 -0.69147266
v -0.71455327 -0.17617073 -0.69930265
v -0.71079455 -0.17610993 -0.70319266
v -0.71464938 -0.17229619 -0.70709177
v -0.72244824 -0.17620908 -0.69133046
v -0.71070454 -0.17230993 -0.71100266
v -0.70670578 -0.17231915 -0.71497360
v -0.70689456 -0.17225994 -0.71491266
v -0.70298455 -0.17230993 -0.71872265
v -0.73814456 -0.17230993 -0.68357266
v -0.73032455 -0.00042993 -0.75386269
v -0.70289455 -0.17230993 -0.71882267
v -0.69907455 -0.17230993 -0.72263266
v -0.73277453 0.01909007 -0.71882267
v -0.70301453 -0.16839993 -0.72663267
v -0.70889627 -0.16815175 -0.72098411
v -0.70689456 -0.16648994 -0.72663267
v -0.70689456 -0.17766994 0.06632733
v -0.70298455 -0.16839993 -0.72665269
v -0.72155130 0.01150220 -0.74183974
v -0.73032455 0.00175007 0.74992733
v -0.72964152 0.00029542 0.75317667
v -0.73032455 -0.00042993 0.75371735
v -0.74975459 -0.00042993 -0.73444266
v -0.67954455 0.01518007 -0.77738268
v -0.67771915 0.01909430 -0.77304917
v -0.67564456 0.01909007 -0.77447267
v -0.68342457 0.01518007 -0.77350266
v -0.73847383 0.00381558 -0.73829829
v -0.71085597 -0.19956877 0.65638558
v -0.72251455 0.01517007 -0.73444266
v -0.72251455 0.01518007 -0.73441268
v -0.70298455 -0.16448993 -0.73436267
v -0.73423455 0.01517007 -0.72272266
v -0.73814456 -0.00048993 -0.74616266
v -0.74595455 0.01518007 -0.71097268
v -0.72642455 -0.00048993 -0.75788267
v -0.73423455 -0.00042993 0.74981736
v -0.73412458 -0.00042993 0.74992733
v -0.73412458 -0.00042993 -0.75007267
v -0.72642455 0.01517007 -0.73053266
v -0.66392455 -0.20931993 0.68351733
v -0.66769455 -0.20745994 0.68351733
v -0.74595455 0.01517007 -0.71100266
v -0.63656839 -0.16449377 -0.03913258
v -0.70678458 -0.00042993 0.77726733
v -0.78361285 0.02949907 0.13435985
v -0.69305144 -0.21467715 0.64397672
v -0.65527598 0.33295215 0.43377633
v -0.67143140 0.02669455 0.76658569
v -0.73032455 0.01518007 -0.72660268
v -0.73032455 0.01517007 -0.72663267
v -0.73420457 0.01518007 -0.72272266
v -0.71891733 -0.00045928 0.76518842
v -0.72264869 -0.00028170 0.76116033
v -0.70689449 -0.19589399 0.66780989
v -0.72642455 0.01518007 -0.73050268
v -0.73029456 0.01518007 -0.72663267
v -0.69517455 -0.20355993 0.66396736
v -0.72642455 0.01763007 -0.72663267
v -0.71459458 -0.00042993 -0.76960267
v -0.72801436 0.31926204 0.71454886
v -0.74595455 -0.00042993 -0.73824270
v -0.74595455 0.00347007 -0.73142267
v -0.73423455 -0.00048993 -0.75007267
v -0.73423455 -0.00042993 -0.74996270
v -0.64048455 0.37068007 0.53117733
v -0.57791457 0.18315007 -0.21100267
v -0.57791457 0.18315007 -0.20710267
v -0.72642455 0.01909007 -0.72517265
v -0.70689456 -0.17230993 -0.71482266
v -0.69907455 0.34340007 0.69523733
v -0.72444637 0.32549842 0.70634195
v -0.68345455 -0.16648994 -0.75007267
v -0.72189302 0.00067344 -0.76041467
v -0.72301748 0.00374939 -0.75386806
v -0.72251455 -0.00048993 -0.76178266
v -0.74133061 0.01889101 -0.71028873
v -0.69907455 0.00175007 0.78117733
v -0.65220455 0.01517007 0.80460732
v -0.65217457 0.01518007 0.80460732
v -0.72961891 0.01888855 -0.72199959
v -0.72694317 0.00361196 -0.75018911
v -0.69517455 0.01909007 -0.75642265
v -0.69907455 0.01518007 -0.75785268
v -0.69836352 0.31807633 0.74604637
v -0.72667541 -0.01736926 -0.78712447
v -0.69898454 -0.17230993 -0.72272266
v -0.65220455 0.03083007 0.77726733
v -0.71079455 -0.00042993 0.77325730
v -0.69517455 0.01517007 -0.76178266
v -0.73423455 0.01518007 -0.72269268
v -0.73376594 0.00394707 0.74262172
v -0.71861456 0.01909007 -0.73298265
v -0.57791457 0.18315007 -0.36335267
v -0.57791457 0.18315007 -0.35944266
v -0.71861456 0.31987006 0.72285734
v -0.70298455 -0.16648994 -0.73053266
v -0.70689456 -0.01615993 0.80460732
v -0.64420650 0.02002168 0.80411622
v -0.65388255 -0.00102060 0.82839698
v -0.70298455 -0.17417994 -0.71491266
v -0.71472589 0.34721994 0.67184605
v -0.71086458 0.34722007 0.67570733
v -0.74099819 0.31880453 -0.70143430
v -0.64439456 -0.20739993 0.70695733
v -0.69133458 0.34722007 0.69523733
v -0.69126455 0.34722007 0.69530730
v -0.69126455 0.34725008 0.69523733
v -0.69126455 0.34533006 0.69913732
v -0.72807815 0.31065181 -0.72274523
v -0.64439456 0.03083007 0.78507732
v -0.66782455 0.01293007 0.79288732
v -0.72642455 0.31648008 -0.71882267
v -0.73451457 0.31987006 0.70695733
v -0.61704455 0.37068007 0.50773733
v -0.62095455 0.37068007 0.51163732
v -0.61707453 0.37065006 0.50773733
v -0.67954455 0.34722007 0.70702730
v -0.73814456 0.32768006 -0.59363265
v -0.70382579 0.37546614 0.60089143
v -0.71470455 0.34340007 0.67960732
v -0.57077449 0.32923972 -0.46562611
v -0.60921807 0.20247951 -0.32928473
v -0.57798455 0.18320007 -0.26960267
v -0.57798455 0.18320007 -0.26569266
v -0.57791457 0.18315007 -0.26960267
v -0.44907455 0.31991005 0.84367733
v -0.45298455 0.31991005 0.84367733
v -0.44907455 0.31987006 0.84373735
v -0.55862457 -0.21136988 -0.51178249
v -0.55845455 -0.21128994 -0.51178266
v -0.65611456 0.03081007 -0.77355267
v -0.65906457 0.02690007 -0.77741266
v -0.73875403 0.33283075 -0.13074739
v -0.57798455 0.18320007 -0.32819266
v -0.57798455 0.18320007 -0.32428266
v -0.57791457 0.18315007 -0.32819266
v -0.66001455 0.37065006 0.55067735
v -0.65611456 0.37068007 0.54679732
v -0.64764605 0.34940831 0.73416271
v -0.66004453 0.37065006 0.55070733
v -0.63657455 -0.16449993 0.03898733
v -0.63656453 -0.16448993 0.03507733
v -0.67954455 0.35110006 0.69913732
v -0.60532455 0.33027006 -0.47663267
v -0.64217458 -0.16839993 0.01554733
v -0.68114457 0.36675007 0.57023733
v -0.60100952 0.19784842 0.21833332
v -0.60472319 0.24375292 0.22424696
v -0.68345455 0.37068007 0.57413732
v -0.67957453 0.37065006 0.57023733
v -0.69907455 0.35110006 0.67960732
v -0.70874740 -0.01592275 0.80234803
v -0.67201262 0.36865742 0.56159581
v -0.71990055 0.32091722 0.71995994
v -0.69115458 -0.00042993 -0.79303266
v -0.57791457 0.18315007 0.30460732
v -0.57798455 0.18320007 0.30851733
v -0.57791457 0.18315007 0.30851733
v -0.70326457 0.31987006 0.73820733
v -0.71965735 0.31031277 0.73244477
v -0.62973951 0.37425633 0.52457301
v -0.66001455 0.37068007 0.55070733
v -0.67564456 0.35110006 0.70304732
v -0.67564456 0.34725008 0.71085732
v -0.10923456 0.31597007 0.57032733
v -0.11314456 0.31597007 0.57032733
v -0.66392455 0.34725008 0.72257732
v -0.66782455 0.35112006 0.71080731
v -0.66782455 0.35110006 0.71085732
v -0.69517455 0.34722007 0.69139736
v -0.65611456 -0.20739993 0.69523733
v -0.65611445 -0.20745996 0.69509748
v -0.69063950 -0.16777982 -0.74026520
v -0.68345455 -0.17620994 -0.73032267
v -0.67954455 -0.17802993 -0.73053266
v -0.65978387 -0.21137032 0.68348726
v -0.69517455 -0.17230993 -0.72654266
v -0.69126455 -0.17610993 -0.72272266
v -0.71851454 -0.17230993 -0.70319266
v -0.69907455 -0.16840994 -0.73053266
v -0.69519458 -0.16839993 -0.73444266
v -0.70691436 -0.16445704 -0.73050163
v -0.70689456 -0.16444993 -0.73053266
v -0.71079455 -0.16228993 -0.73053266
v -0.69910459 -0.16839993 -0.73053266
v -0.71105799 -0.16833857 -0.71876521
v -0.69907455 -0.16839993 -0.73056270
v -0.69517455 -0.17225994 -0.72663267
v -0.71850459 -0.00042993 -0.76569266
v -0.69126455 -0.17230993 -0.73044265
v -0.68736456 -0.17620994 -0.72642268
v -0.69119853 -0.17620938 -0.72258023
v -0.68736456 -0.17610993 -0.72663267
v -0.67564456 -0.17610993 -0.73835267
v -0.69508455 -0.17230993 -0.72663267
v -0.68712748 -0.17622986 -0.72660731
v -0.70689456 -0.17610993 -0.70710267
v -0.71079455 -0.00048993 -0.77350266
v -0.71470455 -0.00048993 -0.76960267
v -0.68199454 0.01909007 -0.76960267
v -0.57798455 0.18320007 -0.37116266
v -0.69836891 0.01888855 -0.75324959
v -0.70295457 0.01518007 -0.75397266
v -0.70152453 0.01909007 -0.75007267
v -0.64785455 -0.17230993 0.02335733
v -0.70689456 -0.00048993 0.77726733
v -0.70298455 -0.00042993 0.78106736
v -0.80008578 -0.02521921 0.16195679
v -0.68345455 -0.16840994 -0.74616266
v -0.67954073 -0.16840538 -0.75008593
v -0.67564456 -0.17225994 -0.74616266
v -0.67954455 -0.17225994 -0.74225266
v -0.65038498 0.01269458 -0.80769979
v -0.71168456 0.00347007 0.76554732
v -0.71008061 0.01889101 -0.74153873
v -0.71467457 0.01518007 -0.74225266
v -0.71324454 0.01909007 -0.73835267
v -0.71470455 -0.00042993 -0.76949270
v -0.71168456 0.00347007 -0.76569266
v -0.69889454 -0.01605993 0.81242733
v -0.69907455 -0.01391993 0.80851733
v -0.69907455 -0.01605993 0.81223731
v -0.70287458 -0.00042993 -0.78132267
v -0.70298455 -0.00042993 -0.78121270
v -0.65220455 0.01518007 0.80457734
v -0.71840104 0.00361563 -0.75872583
v -0.71079455 0.01517007 -0.74616266
v -0.71073958 -0.00043040 -0.77344804
v -0.67954455 0.02495007 -0.77204264
v -0.57791457 0.18315007 0.33976733
v -0.57798455 0.18320007 0.34367733
v -0.57791457 0.18315007 0.34367733
v -0.63657455 -0.16449993 -0.02350267
v -0.64217458 -0.16839993 0.03117733
v -0.70294493 -0.00046509 0.78116995
v -0.64217458 -0.16839993 -0.00007267
v -0.63657455 -0.16449993 -0.00007267
v -0.63657455 -0.16449993 0.00382733
v -0.63656453 -0.16448993 -0.00007267
v -0.60580071 -0.14309729 0.00372477
v -0.52329455 0.34722007 -0.50381268
v -0.52704457 0.34722007 -0.50007267
v -0.52329455 0.34345007 -0.49616266
v -0.57017455 -0.14105993 0.44912733
v -0.68426436 0.01742137 0.76834181
v -0.67945454 -0.17230993 -0.74225266
v -0.70689456 -0.00042993 0.77715735
v -0.70289104 -0.01605952 0.80843035
v -0.70298455 -0.01615993 0.80851733
v -0.69907334 -0.01615996 0.81242858
v -0.62490455 0.26713506 0.25766233
v -0.69517455 0.01518007 -0.76175268
v -0.69514457 0.01518007 -0.76178266
v -0.67173455 0.01517007 0.78507732
v -0.66782455 0.01517007 0.78898733
v -0.66782455 0.01518007 0.78895735
v -0.70508987 -0.04836459 -0.86176608
v -0.47722527 -0.14170669 0.87012554
v -0.66769173 0.02499096 -0.77317120
v -0.69126455 -0.00048993 -0.79303266
v -0.69517455 -0.00048993 -0.78913267
v -0.69506605 -0.00042969 -0.78913246
v -0.68345455 -0.00048993 -0.80085267
v -0.68725459 -0.00042993 -0.79694266
v -0.67954455 -0.01391993 0.82804732
v -0.68327455 -0.01605993 0.82804732
v -0.67954455 -0.01605993 0.83176731
v -0.64442060 0.03081280 0.78508914
v -0.64815754 0.03058266 0.78174193
v -0.71470455 0.01518007 -0.74222268
v -0.71470455 0.00347007 -0.76267267
v -0.65518147 0.18629662 0.77524247
v -0.68454279 -0.03211540 0.85474689
v -0.69907455 -0.00042993 -0.78511269
v -0.69371454 0.01909007 -0.75788267
v -0.69517455 0.01763007 -0.75788267
v -0.69907455 0.01517007 -0.75788267
v -0.70298455 0.01517007 -0.75397266
v -0.67888999 0.01759589 0.77313122
v -0.70689456 -0.00048993 -0.77741266
v -0.70689456 -0.00042993 -0.77730269
v -0.70678458 -0.00042993 -0.77741266
v -0.70387457 0.00347007 -0.77350266
v -0.71694597 -0.02107445 0.80320849
v -0.69517455 -0.01615993 0.81632732
v -0.70144185 0.00384933 -0.77526327
v -0.69897453 -0.00042993 -0.78522266
v -0.71470455 0.01517007 -0.74225266
v -0.71079455 0.01518007 -0.74613268
v -0.70298455 0.01518007 -0.75394268
v -0.69904456 0.01518007 -0.75788267
v -0.67173455 0.01517007 -0.78522266
v -0.67170457 0.01518007 -0.78522266
v -0.69126455 0.01518007 -0.76566268
v -0.69126455 0.01517007 -0.76569266
v -0.70689456 0.01517007 -0.75007267
v -0.70685456 0.01518007 -0.75007267
v -0.64535455 0.01909007 0.80460732
v -0.69517455 0.00347007 -0.78220267
v -0.70689456 0.01518007 -0.75003267
v -0.71076457 0.01518007 -0.74616266
v -0.70966699 0.00375149 -0.76721133
v -0.70613710 0.01883958 -0.74550840
v -0.70298455 0.01909007 -0.74861265
v -0.70298455 0.01763007 -0.75007267
v -0.68736456 -0.00048993 -0.79694266
v -0.71857456 0.01518007 -0.73835267
v -0.68736456 -0.00042993 0.79668735
v -0.69126455 -0.00048993 0.79288732
v -0.68736456 -0.00048993 0.79679732
v -0.69137343 -0.00041055 0.79265330
v -0.69278743 -0.01606546 0.81854882
v -0.68736456 0.01517007 -0.76960267
v -0.70689456 0.01909007 -0.74470265
v -0.69054168 0.01888823 -0.76107718
v -0.68736456 0.01909007 -0.76423265
v -0.69123457 0.01518007 -0.76569266
v -0.68736456 0.01518007 -0.76956267
v -0.71405029 0.01883958 -0.73759521
v -0.71715454 0.01909007 -0.73444266
v -0.67954455 -0.00042993 0.80450730
v -0.69077344 0.00047971 -0.79186619
v -0.68736456 0.01763007 -0.76569266
v -0.66457577 -0.00583032 0.82887914
v -0.67565936 0.01516980 0.78115789
v -0.67561457 0.01518007 0.78117733
v -0.67187828 0.01517893 -0.78505240
v -0.72165446 0.01743505 0.73116335
v -0.60918454 0.31206006 -0.42585267
v -0.60923455 0.31206006 -0.42580266
v -0.60532455 0.30903006 -0.42194266
v -0.63913133 0.27448351 -0.37375447
v -0.60532455 0.31662006 -0.44147266
v -0.57791457 0.18315007 0.26554732
v -0.57798455 0.18320007 0.26945733
v -0.71079455 0.34722007 0.67577730
v -0.61704455 0.30425007 -0.40242268
v -0.66351349 0.33888722 0.74003719
v -0.65617458 0.34722007 0.73038732
v -0.68736456 -0.01391993 0.82023733
v -0.68736456 -0.01605993 0.82395731
v -0.68334289 -0.00042991 0.80070470
v -0.65611456 0.01740007 0.79679732
v -0.65611456 0.01518007 0.80067735
v -0.65607456 0.01518007 0.80070733
v -0.65998456 0.01518007 0.79679732
v -0.69108702 -0.01606053 0.82023631
v -0.61314456 0.26128006 0.23817733
v -0.61314456 0.26518006 0.23817733
v -0.61315457 0.26518006 0.23820733
v -0.78366381 0.17011225 0.13451380
v -0.57798455 0.18320007 0.28898733
v -0.57798455 0.18320007 0.29288732
v -0.57791457 0.18315007 0.28898733
v -0.64785455 -0.17230993 0.00773733
v -0.56402145 0.17457941 0.26724148
v -0.66189470 0.37588396 0.56014291
v -0.69517455 0.35112006 0.68346732
v -0.69902454 0.35112006 0.67960732
v -0.64048455 -0.20739993 0.71085732
v -0.60924788 0.20249737 0.34974461
v -0.66782455 0.36675007 0.55691736
v -0.57791457 0.18315007 0.24210734
v -0.57798455 0.18320007 0.24601733
v -0.57791457 0.18315007 0.24601733
v -0.63260909 0.21670930 0.27236660
v -0.61314456 0.27300007 0.23817733
v -0.66001455 0.34533006 0.73038732
v -0.64754086 0.37066151 0.53820980
v -0.68347594 0.34721995 0.70309616
v -0.59537184 -0.21743285 -0.49773139
v -0.69154457 0.31987006 0.74992733
v -0.64396274 0.31349961 -0.39434598
v -0.61314456 0.37068007 0.50382732
v -0.63267455 0.37068007 0.52335732
v -0.63657455 0.37065006 0.52723734
v -0.62876455 0.37065006 0.51942735
v -0.62879453 0.37065006 0.51945733
v -0.62876455 0.37068007 0.51945733
v -0.57791457 0.18315007 0.32023733
v -0.57791457 0.18315007 0.32413732
v -0.68647178 0.36568960 0.57523572
v -0.62095455 0.30736006 -0.40241266
v -0.61705456 0.30425007 -0.40241266
v -0.66782455 0.34722007 0.71873735
v -0.67173455 0.34340007 0.72257732
v -0.66782455 0.34340007 0.72648733
v -0.63657455 0.36675007 0.52566736
v -0.68712516 0.35205487 0.68952975
v -0.63656453 -0.16448993 0.00773733
v -0.62097458 0.37065006 0.51163732
v -0.62095455 0.36675007 0.51004731
v -0.62403681 0.36674611 0.51312005
v -0.66393463 0.37065006 0.55459740
v -0.67114460 0.33462761 0.55926335
v -0.62694278 0.36725853 0.71787374
v -0.66785459 0.37065006 0.55851733
v -0.63656453 -0.16448993 0.00382733
v -0.65225262 -0.20738442 0.69912904
v -0.64425461 -0.20745994 0.70695730
v -0.66001455 -0.20739993 0.69132732
v -0.63657455 -0.16449993 0.02335733
v -0.63656453 -0.16448993 0.02335733
v -0.67957453 -0.16839993 -0.75007267
v -0.66738280 -0.16536336 -0.76806709
v -0.66712454 0.01523899 -0.78974960
v -0.67048027 -0.17617722 -0.74336316
v -0.68345455 -0.16839993 -0.74619265
v -0.67954455 -0.17620994 -0.73423268
v -0.67173455 -0.17620994 -0.74204267
v -0.67564456 -0.17230993 -0.74607266
v -0.63656785 -0.16449325 0.03898733
v -0.64785455 -0.17230993 -0.00788267
v -0.63657455 -0.16449993 -0.00397267
v -0.63657455 -0.16449993 -0.01569267
v -0.63656453 -0.16448993 -0.01960267
v -0.63656453 -0.16448993 -0.01569267
v -0.63657455 -0.16449993 -0.03132267
v -0.63657455 -0.16449993 -0.02741267
v -0.63656453 -0.16448993 -0.03132267
v -0.63657455 -0.16449993 0.03507733
v -0.65220455 0.03083007 -0.77741266
v -0.65613843 0.03083094 -0.77347391
v -0.68736456 -0.01615993 0.82413732
v -0.68756793 0.01220444 -0.77417782
v -0.67409483 -0.17268609 -0.74680387
v -0.65510419 -0.21366972 -0.68243236
v -0.67173455 0.01964007 -0.77741266
v -0.67560456 0.01518007 -0.78132267
v -0.67035950 -0.01995709 0.84498598
v -0.67933456 -0.17620994 -0.73444266
v -0.66006634 0.02637105 0.77719634
v -0.68590454 0.01909007 -0.76569266
v -0.63656453 -0.16448993 -0.02741267
v -0.57798455 0.18320007 0.24992733
v -0.57798455 0.18320007 0.25382732
v -0.57791457 0.18315007 0.24992733
v -0.66115728 0.36953728 0.68034746
v -0.68732456 0.01518007 -0.76960267
v -0.63657455 -0.16449993 -0.01960267
v -0.63657455 -0.16449993 -0.00788267
v -0.63657455 -0.16449993 -0.01178267
v -0.63656453 -0.16448993 -0.01178267
v -0.63656453 -0.16448993 0.01163733
v -0.67460080 -0.17622696 -0.00127974
v -0.63657455 -0.16449993 0.01163733
v -0.63657455 -0.16449993 0.01554733
v -0.63657455 -0.16449993 0.01945733
v -0.63656453 -0.16448993 0.01945733
v -0.68090607 -0.00121718 0.80452219
v -0.66779456 0.01518007 0.78898733
v -0.68708717 0.00370281 -0.78987765
v -0.68725459 -0.00042993 0.79679732
v -0.68434457 0.00347007 0.79288732
v -0.67954455 0.01517007 -0.77741266
v -0.55437455 0.31597007 -0.80866266
v -0.55454455 0.31742007 -0.80475266
v -0.68345455 -0.01615993 0.82804732
v -0.57798455 0.18320007 0.31632732
v -0.64829455 0.03083007 -0.78132267
v -0.68345455 -0.01605993 0.82786732
v -0.67870519 0.10412820 -0.77281495
v -0.66392455 0.01518007 0.79285734
v -0.66392455 0.01517007 0.79288732
v -0.66405278 0.00631517 -0.80830236
v -0.69126455 -0.01615993 0.82023733
v -0.68277708 0.01887642 -0.76882293
v -0.66782455 0.01517007 -0.78913267
v -0.68345455 0.01517007 -0.77350266
v -0.68345455 0.01518007 -0.77347268
v -0.67951457 0.01518007 -0.77741266
v -0.68726185 -0.01608853 0.82410546
v -0.67564456 0.01517007 -0.78132267
v -0.67812098 -0.00042159 -0.80607223
v -0.67954455 -0.00048993 -0.80475266
v -0.66392455 0.01909007 -0.78618265
v -0.67564456 0.01518007 -0.78128267
v -0.67322069 -0.01231012 -0.82961749
v -0.68345455 -0.00048993 0.80070733
v -0.68334494 -0.00042986 -0.80085262
v -0.67693109 0.00388790 0.79956296
v -0.66392455 0.01964007 0.78507732
v -0.65611456 0.01517007 0.80070733
v -0.65357356 0.14805399 -0.76345392
v -0.67173455 0.01518007 0.78504734
v -0.65261109 0.02654702 -0.78449271
v -0.66001455 0.01517007 0.79679732
v -0.64829455 0.03083007 0.78117733
v -0.69309060 0.02500421 -0.75849944
v -0.57798455 0.18320007 -0.20710267
v -0.57798455 0.18320007 -0.20319266
v -0.61704455 0.30034006 -0.40130268
v -0.67563679 0.01517902 0.78114989
v -0.65611456 0.02690007 -0.78036268
v -0.66389457 0.01518007 0.79288732
v -0.63967251 0.03266915 -0.78654711
v -0.60923455 0.30904007 -0.41803266
v -0.68345455 0.00347007 -0.79392267
v -0.57798455 0.18320007 -0.35553266
v -0.57791457 0.18315007 -0.35553266
v -0.64439456 0.02860007 0.78898733
v -0.64052454 0.03081007 0.78898733
v -0.64834456 0.03081007 -0.78132267
v -0.55064456 -0.21136993 -0.51977266
v -0.55064456 -0.21128994 -0.51960267
v -0.64461955 0.32083168 0.74403615
v -0.57791457 0.18315007 -0.34382267
v -0.57798455 0.18320007 -0.34382267
v -0.57798455 0.18320007 -0.33991266
v -0.61194285 0.30424980 -0.40757056
v -0.60271653 0.19897824 -0.41558264
v -0.62670539 0.31991868 -0.42842107
v -0.61704455 0.37065006 0.50770735
v -0.57798455 0.18320007 -0.19147268
v -0.54675959 -0.20745997 -0.51571771
v -0.57798455 0.18320007 -0.37507267
v -0.57791457 0.18315007 -0.37507267
v -0.61306457 0.31206006 -0.42194266
v -0.61314456 0.31206006 -0.42186267
v -0.55064456 0.31895006 0.80460732
v -0.57798455 0.18320007 -0.28132267
v -0.57791457 0.18315007 -0.28132267
v -0.57791457 0.18315007 -0.28522266
v -0.67564456 0.35112006 0.70299732
v -0.67173455 0.35494006 0.69913732
v -0.59751455 0.31659008 -0.44928266
v -0.59361456 0.31206006 -0.44155268
v -0.58981458 0.31206006 -0.44538267
v -0.61964313 0.30768932 -0.40428504
v -0.13040681 0.31602452 0.30068063
v -0.61314456 0.30411006 -0.40632267
v -0.61704455 0.30421007 -0.40241266
v -0.57798455 0.18320007 -0.23444266
v -0.57798455 0.18320007 -0.23053267
v -0.57791457 0.18315007 -0.23444266
v -0.61592736 0.33057836 -0.46672334
v -0.59369455 0.31206006 -0.44147266
v -0.57798455 0.18320007 0.26163732
v -0.57798455 0.18320007 0.26554732
v -0.57791457 0.18315007 0.26163732
v -0.62486456 0.26909006 0.25758733
v -0.62494455 0.27300007 0.25773733
v -0.60142455 0.31053007 -0.42975266
v -0.68345455 0.34340007 0.71085732
v -0.52831294 0.15253267 -0.37722352
v -0.61314456 0.28081006 0.23817733
v -0.63457328 0.21813516 -0.27040617
v -0.63657455 -0.16449993 0.00773733
v -0.57791457 0.18315007 -0.24225267
v -0.57798455 0.18320007 -0.23835267
v -0.57791457 0.18315007 -0.23835267
v -0.30857210 0.23056364 -0.12679394
v -0.69671206 0.33329071 0.58442654
v -0.57798455 0.18320007 -0.30866266
v -0.57798455 0.18320007 -0.30475266
v -0.57791457 0.18315007 -0.30866266
v -0.67173455 0.34725008 0.71476733
v -0.57791991 -0.14105983 0.44132199
v -0.56592920 -0.12228776 0.45037771
v -0.66001455 0.34725008 0.72648733
v -0.57791457 0.18315007 0.38663732
v -0.53414387 0.15546181 0.43056800
v -0.56176804 0.32570022 -0.77617867
v -0.69567639 0.34316605 0.69910027
v -0.62488339 0.37065004 0.51554614
v -0.66008458 0.34722007 0.72648733
v -0.62486456 0.37068007 0.51554732
v -0.66782455 0.37065006 0.55848734
v -0.66782455 0.37068007 0.55851733
v -0.60144474 0.31206006 -0.43366245
v -0.61864457 0.36675007 0.50773733
v -0.66782455 0.34725008 0.71867733
v -0.56626455 -0.20358993 -0.48835267
v -0.56236456 -0.20358993 -0.49225266
v -0.63268463 0.37065006 0.52334740
v -0.66399453 0.34722007 0.72257732
v -0.53111456 0.35114006 -0.50397266
v -0.61704455 0.31210006 -0.41803266
v -0.61693458 0.31206006 -0.41803266
v -0.63656453 -0.16448993 -0.03522267
v -0.63656453 -0.16448993 0.03117733
v -0.63656453 -0.16448993 0.02726733
v -0.63656453 -0.16448993 0.01554733
v -0.68736456 -0.00042993 -0.79683269
v -0.63657455 -0.16449993 0.02726733
v -0.63657455 -0.16449993 0.03117733
v -0.69501234 0.00400913 -0.78141572
v -0.69762454 0.03081225 -0.75397266
v -0.67614345 -0.15380518 0.76932146
v -0.23131406 -0.07856085 -0.07428147
v -0.63763337 -0.16525397 -0.03490090
v -0.57798455 0.18320007 0.25773733
v -0.65494673 -0.17550570 0.06882199
v -0.59216794 0.19253197 -0.20062464
v -0.69996456 0.00347007 -0.77741266
v -0.51104373 0.14187510 0.33750626
v -0.57798455 0.18320007 0.38273733
v -0.57798455 0.18320007 0.38663732
v -0.57791457 0.18315007 0.38273733
v -0.57798455 0.18320007 0.21867733
v -0.57791457 0.18315007 -0.33991266
v -0.57798455 0.18320007 -0.33600266
v -0.57791457 0.18315007 -0.33600266
v -0.57791457 0.18315007 0.29288732
v -0.57798455 0.18320007 0.29679732
v -0.57791457 0.18315007 0.29679732
v -0.57791457 0.18315007 0.22257734
v -0.57798455 0.18320007 0.27335732
v -0.57798455 -0.14111994 0.44132732
v -0.57798455 0.18320007 -0.28913267
v -0.57798455 0.18320007 -0.28522266
v -0.57791457 0.18315007 -0.28913267
v -0.57798455 0.18320007 -0.25007267
v -0.57798455 0.18320007 -0.24616266
v -0.57791457 0.18315007 -0.25007267
v -0.57798455 0.18320007 -0.32038267
v -0.57791457 0.18315007 -0.32428266
v -0.65220455 0.03081007 -0.77745266
v -0.65224455 0.03081007 -0.77741266
v -0.57798455 0.18320007 0.30070733
v -0.60940982 0.05480705 0.77850341
v -0.57791457 0.18315007 -0.30475266
v -0.57798455 0.18320007 -0.24225267
v -0.57791457 0.18315007 -0.24616266
v -0.61704455 0.31206006 -0.41792266
v -0.61314456 0.30906007 -0.41413267
v -0.57791457 0.18315007 -0.37897266
v -0.57791457 0.18315007 -0.27741266
v -0.57791457 0.18315007 -0.27350266
v -0.57791457 0.18315007 0.25382732
v -0.57791457 0.18315007 0.25773733
v -0.62095455 0.31211007 -0.41413267
v -0.57798455 0.18320007 0.33195733
v -0.57798455 0.18320007 0.33585732
v -0.57791457 0.18315007 0.33195733
v -0.60645421 0.33160397 0.47891047
v -0.59751455 0.31508008 0.44523733
v -0.61315457 0.26909006 0.23820733
v -0.61314456 0.26909006 0.23817733
v -0.61315457 0.27300007 0.23820733
v -0.62490455 0.27495006 0.25766233
v -0.53111456 0.31597007 0.83193730
v -0.53501455 0.31595007 0.82804732
v -0.53111456 0.31596005 0.83195733
v -0.53497455 0.31597007 0.82804732
v -0.61315457 0.28472007 0.23820733
v -0.57791457 0.18315007 0.35148733
v -0.57798455 0.18320007 0.35538732
v -0.57791457 0.18315007 0.35538732
v -0.57798455 0.18320007 0.28117733
v -0.63492787 0.30510024 0.27379576
v -0.66001455 0.34722007 0.72655730
v -0.67173455 0.34533006 0.71867733
v -0.53501455 0.31594006 -0.82819266
v -0.53111456 0.31595007 -0.83210267
v -0.57798455 0.18320007 -0.30085267
v -0.57798455 0.18320007 -0.29694266
v -0.60142455 0.31205008 -0.43366266
v -0.40611456 -0.01995993 -0.91808267
v -0.40220455 -0.01995993 -0.91808267
v -0.40611456 -0.01989993 -0.91803266
v -0.59364372 0.31203755 0.44131500
v -0.60533156 0.31143915 0.42815479
v -0.54673455 0.31597007 0.81621735
v -0.54662458 0.31597007 0.81632732
v -0.54282455 0.31745008 0.81632732
v -0.54673455 0.31592006 0.81632732
v -0.57798455 0.18320007 0.27726733
v -0.57791457 0.18315007 0.27726733
v -0.67571453 0.34722007 0.71085732
v -0.60143457 0.31206006 0.43351733
v -0.60142455 0.31206006 0.43352734
v -0.60142455 0.31205008 0.43351733
v -0.67564456 0.34722007 0.71092736
v -0.67954455 0.34340007 0.71476733
v -0.67180459 0.34722007 0.71476733
v -0.52578570 0.37575796 0.61746120
v -0.60923455 0.33162007 -0.47663267
v -0.60919874 0.33161078 -0.47664422
v -0.55235640 -0.21136576 -0.51804740
v -0.55471454 -0.21136993 -0.51569266
v -0.58189456 0.18561006 -0.36335016
v -0.57798455 0.18320007 -0.26178266
v -0.61314456 0.31209007 -0.42194266
v -0.60532414 0.31206006 -0.42975087
v -0.60532455 0.31206006 -0.42974268
v -0.57798455 0.18320007 0.23429732
v -0.57791457 0.18315007 0.23429732
v -0.57796145 0.18318358 0.21398991
v -0.57791457 0.18315007 0.21476733
v -0.78362998 0.08939620 0.13456537
v -0.57791457 0.18315007 0.21867733
v -0.57798455 0.18320007 0.23038733
v -0.66392455 0.34722007 0.72264736
v -0.66789458 0.34722007 0.71867733
v -0.67173455 0.34722007 0.71483730
v -0.56407650 -0.21136578 -0.50632741
v -0.55454455 -0.20745994 -0.50793267
v -0.55459456 -0.20745994 -0.50788267
v -0.60532455 0.33159006 -0.48047267
v -0.60532455 0.33161006 -0.48053266
v -0.51280051 0.32416187 0.44434698
v -0.62095455 0.37065006 0.51161735
v -0.55991296 0.30521015 0.82855351
v -0.63660459 0.37065006 0.52726733
v -0.60526458 0.33159006 -0.48053266
v -0.60142455 0.33159006 -0.48439268
v -0.66055799 0.33376495 0.54483233
v -0.60530458 0.31206006 0.42960732
v -0.59751455 0.30901006 0.42960732
v -0.57791457 0.18315007 0.23038733
v -0.56236456 -0.21128994 -0.50788267
v -0.56626455 -0.21128994 -0.50397266
v -0.57017455 0.17838006 0.30070733
v -0.57407455 0.18079007 0.30851733
v -0.21467456 -0.17230993 -0.06647267
v -0.21466679 -0.17230601 -0.06648779
v -0.24196488 -0.08491272 -0.04704611
v -0.57380227 -0.20640054 -0.48627473
v -0.56626455 -0.20745994 -0.49621267
v -0.57010458 -0.20355993 -0.48444266
v -0.56626455 -0.20166993 -0.48444266
v -0.57791457 0.18315007 0.23820733
v -0.37876455 -0.01416993 0.91398733
v -0.53501455 -0.20355993 -0.51952268
v -0.53501455 -0.20358993 -0.51960267
v -0.53494457 -0.20355993 -0.51960267
v -0.59573120 -0.14303080 0.42754110
v -0.57403455 -0.14105993 0.44523733
v -0.51157455 -0.20935994 -0.55475266
v -0.51157455 -0.20745994 -0.55089266
v -0.51159478 -0.20744762 -0.55085172
v -0.50772390 -0.20745994 -0.55475336
v -0.57791457 0.18315007 -0.26178266
v -0.57791457 0.18315007 -0.25788267
v -0.54747538 -0.13529438 -0.08076215
v -0.57798455 0.18320007 0.32413732
v -0.57798455 0.18320007 0.33976733
v -0.57798455 0.18320007 0.22257734
v -0.57798455 0.18320007 0.32804732
v -0.57791457 0.18315007 0.32804732
v -0.57798455 0.18320007 0.24210734
v -0.57798455 0.18320007 -0.36725266
v -0.57798455 0.18320007 -0.36335267
v -0.57791457 0.18315007 -0.36725266
v -0.57798455 0.18320007 0.34757732
v -0.55845455 -0.20745994 -0.50402267
v -0.55454455 -0.20743994 -0.50788267
v -0.55845455 -0.20743994 -0.50397266
v -0.57307849 0.18037898 -0.16872886
v -0.57798455 0.18320007 -0.35163267
v -0.56252388 0.17365557 0.21769093
v -0.55064456 -0.20743994 -0.51178266
v -0.54673455 -0.20358993 -0.50788267
v -0.57791457 0.18315007 0.28117733
v -0.52260032 -0.21702678 -0.56354584
v -0.57798455 0.18320007 -0.35944266
v -0.42293772 -0.00832082 0.91000019
v -0.57798455 0.18320007 -0.33210267
v -0.57798455 0.18320007 -0.22272268
v -0.57798455 0.18320007 -0.21882267
v -0.57791457 0.18315007 -0.22272268
v -0.54673455 -0.20166993 -0.50397266
v -0.53111456 -0.21128994 -0.53913267
v -0.52720455 -0.20745994 -0.53527267
v -0.52725456 -0.20745994 -0.53522266
v -0.62205127 0.31205258 -0.41283462
v -0.57798455 0.18320007 0.35929732
v -0.57798455 0.18320007 -0.29303266
v -0.57798455 0.18320007 -0.27350266
v -0.86665505 0.30490475 -0.52095883
v -0.57798455 0.18320007 -0.34772266
v -0.60970533 0.37598154 0.50795134
v -0.56619457 -0.20355993 -0.48835267
v -0.54282455 -0.20743994 -0.51960267
v -0.54282455 -0.20745994 -0.51965268
v -0.53897456 -0.20745994 -0.52350266
v -0.57791457 0.18315007 -0.21882267
v -0.57791457 0.18315007 -0.21491266
v -0.57791457 0.18315007 -0.25397266
v -0.57798455 0.18320007 0.22648733
v -0.57791457 0.18315007 0.22648733
v -0.57798455 0.18320007 -0.25788267
v -0.57798455 0.18320007 -0.25397266
v -0.57791457 0.18315007 -0.26569266
v -0.57791457 0.18315007 -0.19538267
v -0.57798455 0.18320007 -0.21491266
v -0.57798455 0.18320007 -0.21100267
v -0.57798455 0.18320007 -0.19928267
v -0.57791457 0.18315007 -0.23053267
v -0.57791457 0.18315007 -0.22663267
v -0.61314456 0.25737006 0.23817733
v -0.61315457 0.26128006 0.23820733
v -0.57791457 0.18315007 0.28507732
v -0.57791457 0.18315007 0.33585732
v -0.57791457 0.18315007 0.37882732
v -0.55841282 0.31593408 -0.80468850
v -0.55454455 0.31590006 -0.80866266
v -0.56648509 0.18065313 0.45065119
v -0.57791457 0.18315007 0.37492733
v -0.57798455 0.18320007 0.37492733
v -0.57798455 0.18320007 0.37882732
v -0.57798455 0.18320007 -0.22663267
v -0.57791457 0.18315007 -0.32038267
v -0.48686448 -0.21332714 -0.59174066
v -0.44741308 -0.17505141 -0.55119990
v -0.57798455 0.18320007 -0.31647266
v -0.57798455 0.18320007 -0.31257267
v -0.57791457 0.18315007 -0.31647266
v -0.57791457 0.18315007 -0.33210267
v -0.57798455 0.18320007 -0.27741266
v -0.59751455 0.31204007 -0.43757267
v -0.57791457 0.18315007 -0.37116266
v -0.57791457 0.18315007 -0.35163267
v -0.59361456 0.31203008 -0.44147266
v -0.60297280 0.30597690 0.22013231
v -0.59751455 0.31204007 0.43742733
v -0.59751455 0.31206006 0.43746733
v -0.59361456 0.31203008 0.44132732
v -0.53892455 0.32049007 -0.81257267
v -0.56626455 -0.20355993 -0.48828266
v -0.57798455 0.18320007 0.28507732
v -0.51548455 -0.20166993 -0.53522266
v -0.46079455 0.32375005 0.60538732
v -0.46081635 0.32377895 0.60544263
v -0.61303458 0.33159006 -0.47272266
v -0.59751455 0.31206006 -0.43762268
v -0.59756456 0.31206006 -0.43757267
v -0.20291456 0.23393007 0.58976733
v -0.59371817 0.37509713 -0.49685251
v -0.19907456 0.18706006 -0.58595265
v -0.19907456 0.19097007 -0.58595265
v -0.53501455 0.31597007 0.82800733
v -0.53892455 0.31594006 0.82413732
v -0.53886453 0.31597007 0.82413732
v -0.59646774 0.30473247 0.42255528
v -0.14925075 0.34604235 0.27036170
v -0.56236456 -0.21136993 -0.50805266
v -0.57693590 0.31651436 0.46309866
v -0.62959397 0.35278431 -0.73755541
v -0.55454455 0.35112006 -0.48049266
v -0.55438457 0.34722007 -0.47272266
v -0.55064456 0.34729007 -0.47663267
v -0.55454455 0.34729007 -0.47272266
v -0.60078142 0.33351452 0.48645318
v -0.55894979 -0.21293418 -0.51503896
v -0.23098420 -0.18009202 -0.05226402
v -0.55845455 -0.20355993 -0.49609266
v -0.55845455 -0.20358993 -0.49616266
v -0.55838458 -0.20355993 -0.49616266
v -0.55454455 -0.20355993 -0.49999268
v -0.54282455 -0.20358993 -0.51178266
v -0.54282455 -0.20355993 -0.51171268
v -0.54666457 -0.20355993 -0.50788267
v -0.56520862 -0.19869319 -0.47941979
v -0.54673455 -0.21128994 -0.52350266
v -0.54282455 -0.21128994 -0.52741266
v -0.53892455 -0.20743994 -0.52350266
v -0.53506456 -0.20745994 -0.52741266
v -0.53501455 -0.20743994 -0.52741266
v -0.53892455 -0.20745994 -0.52355267
v -0.53892455 -0.20358993 -0.51569266
v -0.56236456 -0.20745994 -0.50011266
v -0.56236456 -0.20743994 -0.50007267
v -0.53892455 -0.19973993 -0.50788267
v -0.53501455 -0.19973993 -0.51178266
v -0.53892455 -0.21128994 -0.53132267
v -0.54069934 -0.21693630 -0.54469325
v -0.57407455 -0.13714993 0.44447734
v -0.57798455 0.18320007 0.31242733
v -0.57791457 0.18315007 0.31242733
v -0.56228457 -0.20355993 -0.49225266
v -0.54673455 -0.20743994 -0.51569266
v -0.55454455 -0.20358993 -0.50007267
v -0.55064456 -0.20358993 -0.50397266
v -0.55447457 -0.20355993 -0.50007267
v -0.54287455 -0.20745994 -0.51960267
v -0.55064456 -0.20166993 -0.50007267
v -0.55454455 -0.21128994 -0.51569266
v -0.55069456 -0.20745994 -0.51178266
v -0.57791457 0.18315007 -0.20319266
v -0.58189456 -0.14114993 0.43742733
v -0.75917720 0.05991867 0.62949405
v -0.55056457 -0.20355993 -0.50397266
v -0.54673455 -0.20355993 -0.50781269
v -0.50767455 -0.20358993 -0.54694266
v -0.51157455 -0.20358993 -0.54303266
v -0.55064456 -0.20745994 -0.51183267
v -0.57407455 -0.14108993 0.44523733
v -0.57407455 -0.14105993 0.44519733
v -0.54084122 0.32779980 -0.79183046
v -0.57798455 0.18320007 0.32023733
v -0.57791457 0.18315007 0.31632732
v -0.57791457 0.18315007 0.37101733
v -0.57791457 0.18315007 -0.31257267
v -0.45596449 -0.02257308 -0.91986790
v -0.52720455 -0.21128994 -0.54303266
v -0.59741026 0.33346609 -0.49621822
v -0.54275457 -0.20355993 -0.51178266
v -0.53892455 -0.20355993 -0.51562269
v -0.55454455 0.31597007 -0.80849267
v -0.55825458 0.31597007 -0.80475266
v -0.58970455 0.31206006 -0.44549267
v -0.57791457 0.18315007 -0.29303266
v -0.57791457 0.18315007 -0.19928267
v -0.57791457 0.18315007 -0.34772266
v -0.55845455 0.34922007 -0.47272266
v -0.55462780 0.34564601 -0.46925649
v -0.57798455 0.18320007 -0.19538267
v -0.57791457 0.18315007 0.30070733
v -0.57798455 0.18320007 0.30460732
v -0.50376455 -0.19973993 -0.54303266
v -0.57791457 0.18315007 0.34757732
v -0.57798455 0.18320007 0.35148733
v -0.55064456 0.31591008 0.81242733
v -0.55454455 0.31590006 0.80851733
v -0.57798455 0.18320007 0.36320733
v -0.58970455 0.31202007 0.44523733
v -0.53885458 -0.20355993 -0.51569266
v -0.51466640 0.34724771 -0.51250192
v -0.55064456 0.31597007 0.81228732
v -0.50767455 -0.20743994 -0.55475266
v -0.52354151 0.14958610 -0.21144621
v -0.56236456 0.35306007 -0.47663267
v -0.48967566 0.32069854 -0.48363012
v -0.59865471 0.30550196 -0.42130694
v -0.55033080 0.34707799 -0.47647992
v -0.55064456 0.34722007 -0.47647266
v -0.55455848 0.35113012 -0.48049888
v -0.55064456 0.34922007 -0.48053266
v -0.49986456 -0.20743994 -0.56257267
v -0.56289984 0.30503791 -0.82642990
v -0.53330455 0.31206006 -0.83991266
v -0.55146218 0.16683069 0.38605279
v -0.13267455 0.31997008 0.28898733
v -0.54673455 0.31592006 -0.81647266
v -0.55064456 0.31591008 -0.81257267
v -0.55049453 0.31597007 -0.81257267
v -0.54274456 0.31597007 0.82023733
v -0.54282455 0.31597007 0.82014732
v -0.54282455 0.31593007 0.82023733
v -0.55050454 0.31597007 0.81242733
v -0.55476542 0.31595327 0.80816602
v -0.54489281 -0.19724553 -0.49681763
v -0.53892455 0.31597007 -0.82421268
v -0.54272453 0.31597007 -0.82038267
v -0.53501455 0.31746007 -0.82428266
v -0.53892455 0.31593007 -0.82428266
v -0.55064456 -0.20355993 -0.50390269
v -0.57107964 -0.19665848 -0.47308946
v -0.20298455 0.26128006 0.58980732
v -0.20291456 0.26128006 0.58976733
v -0.20291456 0.25737006 0.58976733
v -0.53111456 -0.20745994 -0.53136266
v -0.53111456 -0.20743994 -0.53132267
v -0.53501455 -0.20745994 -0.52746267
v -0.55845473 0.35112009 -0.47659257
v -0.52721457 0.31597007 0.83585732
v -0.24595455 0.19487007 -0.84765269
v -0.24606455 0.19487007 -0.84772266
v -0.24606455 0.19878006 -0.84772266
v -0.53496454 0.31597007 -0.82819266
v -0.53892455 0.31597007 0.82407736
v -0.52888457 0.31987006 0.82413732
v -0.54673455 0.31597007 -0.81635268
v -0.54282455 0.32048005 -0.80866266
v -0.52720455 0.34722007 -0.49991266
v -0.55845455 0.35114006 -0.47663267
v -0.24595455 0.21050007 -0.84765269
v -0.24595455 0.21440007 -0.84765269
v -0.20298455 0.24565007 0.58980732
v -0.20291456 0.24175007 0.58976733
v -0.20298455 0.24175007 0.58980732
v -0.51548455 0.34345007 -0.50397266
v -0.53501642 0.35780650 -0.51360633
v -0.13058006 0.31613029 0.30129474
v -0.13267455 0.31997008 0.27726733
v -0.13267455 0.31997008 0.28117733
v -0.13261456 0.31987006 0.27726733
v -0.14173130 0.30491171 -0.55082010
v -0.14839206 0.34770707 0.30155740
v -0.55850456 -0.20745994 -0.50397266
v -0.53111456 -0.20166993 -0.51960267
v -0.52334456 -0.20745994 -0.53913267
v -0.53111456 -0.20358993 -0.52350266
v -0.42954455 -0.01989993 0.91788732
v -0.42564456 -0.01989993 0.91788732
v -0.23808456 -0.08245993 -0.06257267
v -0.23814456 -0.08249993 -0.05866267
v -0.23808456 -0.08245993 -0.05866267
v -0.56627391 -0.14315427 0.45386741
v -0.52329455 -0.20745994 -0.53918267
v -0.51548455 -0.20358993 -0.53913267
v -0.51541457 -0.20355993 -0.53913267
v -0.53111456 -0.20355993 -0.52343268
v -0.52329455 -0.20743994 -0.53913267
v -0.52720455 -0.20743994 -0.53522266
v -0.52720455 -0.20358993 -0.52741266
v -0.53103457 -0.20355993 -0.52350266
v -0.52720455 -0.20355993 -0.52734269
v -0.61521257 -0.12511489 -0.40597973
v -0.49224750 -0.12953341 0.23222417
v -0.51939456 -0.20743994 -0.54303266
v -0.50376455 -0.20358993 -0.55085267
v -0.49536450 -0.19832214 -0.54845538
v -0.60085897 -0.21921663 0.49118396
v -0.50767455 -0.21128994 -0.56257267
v -0.15927660 -0.26237488 0.20839776
v -0.46368724 -0.02306988 0.91964325
v -0.55064456 0.31597007 -0.81242264
v -0.53866555 0.15892947 -0.27459649
v -0.54282455 0.31597007 -0.82028265
v -0.49958631 0.34722260 -0.52753664
v -0.49204455 0.34345007 -0.52741266
v -0.50381456 -0.20745994 -0.55866266
v -0.50376455 -0.20743994 -0.55866266
v -0.54661457 0.31597007 -0.81647266
v -0.48268897 -0.16029949 -0.48569136
v -0.53884456 0.31597007 -0.82428266
v -0.52295130 0.30447593 -0.86679929
v -0.53501455 0.31597007 -0.82814265
v -0.52109454 0.31987006 -0.83210267
v -0.54282455 0.31593007 -0.82038267
v -0.52329455 0.31597007 -0.83991266
v -0.51939455 0.31598009 -0.84382263
v -0.52720455 0.31596005 -0.83600266
v -0.52719835 0.31596655 -0.83600275
v -0.52331457 0.31597007 -0.83991266
v -0.49595455 0.34922007 -0.53522266
v -0.49595455 0.34729007 -0.53132267
v -0.49204455 0.34729007 -0.53522266
v -0.20291456 0.25347007 0.58976733
v -0.20291456 0.24956006 0.58976733
v -0.25438434 0.33677836 0.64683860
v -0.53111940 0.31599152 -0.83193793
v -0.49595455 0.34152008 -0.51960267
v -0.20291456 0.26909006 0.58976733
v -0.20291456 0.26518006 0.58976733
v -0.20298455 0.26909006 0.58980732
v -0.53111456 0.34729007 -0.49616266
v -0.53602169 0.32429820 0.80558399
v -0.51923458 0.34722007 -0.50788267
v -0.51943455 0.31597007 -0.84382267
v -0.52329455 0.31597007 -0.83993269
v -0.52329455 0.31445006 -0.84382267
v -0.51130348 0.31957350 -0.84171457
v -0.36314456 0.31503007 -0.85163267
v -0.36704455 0.31987006 -0.84383268
v -0.54678231 0.34744051 -0.48081915
v -0.42970622 0.31602285 0.61684127
v -0.52720455 0.34922007 -0.50397266
v -0.53107456 0.35112006 -0.50397266
v -0.52720455 0.34729007 -0.50007267
v -0.52720455 0.35114006 -0.50788267
v -0.49188457 0.34722007 -0.53522266
v -0.49204455 0.35112006 -0.54299266
v -0.20298455 0.23393007 0.58980732
v -0.51939456 0.34722007 -0.50772269
v -0.52313457 0.34722007 -0.50397266
v -0.51939456 0.34729007 -0.50788267
v -0.52716456 0.35112006 -0.50788267
v -0.52720455 0.35112006 -0.50784267
v -0.52329455 0.35112006 -0.51174266
v -0.51939456 0.34922007 -0.51178266
v -0.12731625 0.30912234 0.55931219
v -0.10923456 0.31591008 0.57023733
v -0.10532456 0.31591008 0.57023733
v -0.50436722 0.34738321 -0.52311948
v -0.52329455 0.35114006 -0.51178266
v -0.48423455 0.34722007 -0.54287268
v -0.48032455 0.34537006 -0.54303266
v -0.48798455 0.34722007 -0.53913267
v -0.48423455 0.34345007 -0.53522266
v -0.52214086 0.30486559 0.86671622
v -0.33189456 0.31986008 -0.84382267
v -0.33579455 0.31986008 -0.84382267
v -0.52720455 0.31749008 0.83195733
v -0.47642455 0.32076008 0.58195733
v -0.18879491 0.30528957 0.58208330
v -0.46470455 0.31991005 0.84367733
v -0.46079455 0.31991005 0.84367733
v -0.50760458 -0.20355993 -0.54694266
v -0.52329455 -0.20358993 -0.53132267
v -0.51939456 -0.20358993 -0.53522266
v -0.50506832 -0.16330887 -0.46782013
v -0.49986456 -0.20358993 -0.55475266
v -0.50376455 -0.20355993 -0.55077268
v -0.50369457 -0.20355993 -0.55085267
v -0.51150457 -0.20355993 -0.54303266
v -0.50767455 -0.20355993 -0.54687269
v -0.52720455 -0.20166993 -0.52350266
v -0.51939456 -0.20355993 -0.53515269
v -0.51931457 -0.20355993 -0.53522266
v -0.49986456 -0.20166993 -0.55085267
v -0.51940808 -0.20745924 -0.54306396
v -0.52713458 -0.20355993 -0.52741266
v -0.52329455 -0.20355993 -0.53124268
v -0.51548455 -0.20355993 -0.53906269
v -0.51939456 -0.20166993 -0.53132267
v -0.51157455 -0.20355993 -0.54296268
v -0.50767455 -0.19973993 -0.53913267
v -0.52322457 -0.20355993 -0.53132267
v -0.50376455 -0.20745994 -0.55871267
v -0.35532455 -0.01995993 -0.91808267
v -0.35923455 -0.01989993 -0.91803266
v -0.35532455 -0.01989993 -0.91803266
v -0.43345455 -0.01989993 0.91788732
v -0.47150021 -0.14838916 -0.48915993
v -0.53760455 -0.16055013 0.43089629
v -0.46079455 -0.15680994 -0.50397266
v -0.46093527 0.02569468 -0.88637919
v -0.54999285 0.27674155 -0.05768634
v -0.46836484 -0.01378670 0.91064318
v -0.20873560 0.26670203 -0.82480801
v -0.24595455 0.16362007 -0.84765269
v -0.48814456 0.34722007 -0.53897269
v -0.48814456 0.34729007 -0.53913267
v -0.45298455 0.31987006 -0.84387268
v -0.45298455 0.31990007 -0.84382267
v -0.44907455 0.31987006 -0.84387268
v -0.24606455 0.12065007 -0.84772266
v -0.24606455 0.12456007 -0.84772266
v -0.24606455 0.11284007 -0.84772266
v -0.51268172 -0.19756331 -0.52967872
v -0.51935450 0.35112378 -0.51570122
v -0.53108458 0.31597007 -0.83210267
v -0.51938830 0.31573653 -0.84445754
v -0.49588187 0.33244134 -0.82314924
v -0.47642455 0.31991005 -0.84382267
v -0.48032455 0.31991005 -0.84382267
v -0.47642455 0.31987006 -0.84387268
v -0.47251455 0.31987006 -0.84387268
v -0.46861456 0.31987006 -0.84387268
v -0.47251455 0.31991005 -0.84382267
v -0.51548455 0.34729007 -0.51178266
v -0.52329455 0.34729007 -0.50397266
v -0.49204455 0.34722007 -0.53506268
v -0.49579454 0.34722007 -0.53132267
v -0.49595455 0.34722007 -0.53116269
v -0.50399369 0.34722035 -0.52311574
v -0.48032455 0.34722007 -0.54678268
v -0.17752842 0.30048215 -0.57277433
v -0.51939456 0.35112006 -0.51565267
v -0.47251455 0.34537006 -0.55085267
v -0.48423455 0.34729007 -0.54303266
v -0.49986456 0.34729007 -0.52741266
v -0.49986456 0.34722007 -0.52725269
v -0.24595455 0.20659006 -0.84765269
v -0.47642455 0.31991005 0.84367733
v -0.47251455 0.31991005 0.84367733
v -0.53109453 0.31597007 0.83195733
v -0.48032455 0.31991005 0.84367733
v -0.45357633 0.30873491 0.86152736
v -0.46983012 0.33272431 -0.62003862
v -0.51640022 0.30505914 -0.86646897
v -0.48814456 0.34922007 -0.54303266
v -0.47642455 0.34722007 -0.55069269
v -0.47626454 0.34722007 -0.55085267
v -0.47642455 0.34729007 -0.55085267
v -0.49595455 -0.20358993 -0.55866266
v -0.50376455 0.34729007 -0.52350266
v -0.50438834 0.35118966 -0.53078988
v -0.18873711 0.30523003 -0.58050667
v -0.20298455 0.26518006 0.58980732
v -0.49946782 0.35117417 -0.53569072
v -0.40581895 0.30781405 -0.86315242
v -0.47251455 0.34729007 -0.55475266
v -0.52325455 0.35112006 -0.51178266
v -0.46861456 0.32378006 0.59758734
v -0.46862457 0.32378006 0.59757732
v -0.47251455 0.32530007 0.59757732
v -0.46861456 0.32377008 0.59757732
v -0.46470455 -0.15680994 -0.50007267
v -0.46470455 -0.15667994 -0.49994267
v -0.46848456 -0.15667994 -0.49616266
v -0.41243523 0.33310276 -0.67939612
v -0.36218993 0.30777664 0.86305366
v -0.47637455 0.32378006 0.58976733
v -0.47251455 0.32378006 0.59364735
v -0.20291456 0.23784006 0.58976733
v -0.47642455 0.32380006 0.58976733
v -0.49983233 -0.20356405 -0.55471919
v -0.47322547 0.02978369 0.86734283
v -0.38657455 -0.01995993 -0.91808267
v -0.39048455 -0.01989993 -0.91803266
v -0.38657455 -0.01989993 -0.91803266
v -0.19125017 -0.13754475 0.11704971
v -0.50021803 -0.12232244 -0.45955274
v -0.41392957 -0.03264949 -0.92672800
v -0.41918638 -0.00835730 -0.91016898
v -0.27756038 0.10532255 -0.86695672
v -0.46079455 -0.01605993 0.91527735
v -0.46079455 -0.01989993 0.91788732
v -0.45689456 -0.01989993 0.91788732
v -0.46693977 -0.06176694 0.94585236
v -0.33209849 -0.11636871 -0.98286951
v -0.45719611 0.30418382 0.86578857
v -0.46103454 -0.01995993 0.91788732
v -0.46079455 -0.01995993 0.91793733
v -0.56257469 -0.10390965 -0.83836776
v -0.46066455 -0.15667994 -0.50397266
v -0.45689456 -0.15667994 -0.50775267
v -0.45831455 -0.15277993 -0.50397266
v -0.44517455 -0.01989993 0.91788732
v -0.45689456 -0.15277993 -0.50539268
v -0.45298455 -0.01995993 0.91793733
v -0.45689456 -0.01995993 0.91793733
v -0.46027592 -0.16211877 -0.51062411
v -0.43736456 -0.01995993 -0.91808267
v -0.44126455 -0.01989993 -0.91803266
v -0.46132813 -0.14957952 -0.49990430
v -0.27919360 0.30515745 0.86647937
v -0.24595455 -0.09808993 -0.84765269
v -0.24606455 -0.09808993 -0.84772266
v -0.24606455 -0.09417993 -0.84772266
v -0.47642455 0.31987006 0.84373735
v -0.21861456 0.12847007 0.83196734
v -0.21861456 0.13237007 0.83196734
v -0.45689456 0.32378006 0.60940735
v -0.45689456 0.32374007 0.60929732
v -0.45701685 0.32387789 0.60952969
v -0.21470993 -0.27773948 -0.28922146
v -0.45689456 0.31990007 -0.84382267
v -0.46079455 0.31987006 -0.84387268
v -0.46079455 0.31991005 -0.84382267
v -0.45298455 -0.15680994 -0.51178266
v -0.46470455 0.32527006 -0.60553266
v -0.07407456 -0.05511993 0.78499733
v -0.07407456 -0.05120993 0.78499733
v -0.46079455 -0.15667994 -0.50384266
v -0.47251455 0.31987006 0.84373735
v -0.45165878 0.31238911 -0.85586870
v 0.48059543 -0.18009993 -0.52741266
v 0.48063546 -0.18011993 -0.52741266
v 0.48450544 -0.18009993 -0.52350266
v -0.46861456 0.31991005 -0.84382267
v -0.45689456 0.31987006 -0.84387268
v -0.43835219 0.33127226 -0.82532701
v -0.48032455 0.34729007 -0.54694266
v -0.46861456 0.32376007 -0.59772266
v -0.46476186 0.32378023 -0.60164572
v -0.46089456 0.32378006 -0.60553266
v -0.46079031 0.32375006 -0.60556378
v -0.48988494 0.33621942 -0.51491523
v -0.46470455 0.32375005 -0.60163267
v -0.45440457 -0.15277993 -0.50788267
v -0.45676456 -0.15667994 -0.50788267
v -0.48016457 0.34722007 -0.54694266
v -0.49103350 0.37411644 -0.59405892
v -0.13036456 0.31597007 0.27335732
v -0.13261456 0.31987006 0.27335732
v -0.27753804 0.21001248 0.86678517
v -0.33970455 0.31987006 0.84367733
v -0.33722455 0.31987006 0.84367733
v -0.44945472 0.32523033 0.54533932
v -0.46457455 -0.15667994 -0.50007267
v -0.36704455 0.31989006 0.84367733
v -0.36314456 0.31989006 0.84367733
v -0.47249455 0.32378006 0.59367733
v -0.47251455 0.32379008 0.59367733
v -0.47642455 0.32378006 0.58971732
v -0.48024456 0.32378006 0.58585732
v -0.46470455 -0.15277993 -0.49758266
v -0.36314456 0.31987006 0.84370731
v -0.35923455 0.31987006 0.84369736
v -0.46861456 0.32225007 0.59367733
v -0.46470455 0.32528008 0.60538732
v -0.46861456 0.31987006 0.84373735
v -0.45689456 0.31987006 0.84373735
v -0.45298455 0.31987006 0.84373735
v -0.44604364 0.33226578 0.82335647
v -0.46861456 0.31991005 0.84367733
v -0.42954455 0.31991005 0.84367733
v -0.42564456 0.31991005 0.84367733
v -0.46079455 0.31987006 0.84373735
v -0.19907456 0.27300007 -0.58595265
v -0.19917456 0.27690006 -0.58600266
v -0.46470455 0.31991005 -0.84382267
v -0.33242382 0.02164408 -0.64347922
v -0.32407455 0.31986008 0.84367733
v -0.32798455 0.31986008 0.84367733
v -0.32798455 0.31744007 0.84757732
v -0.32798455 0.31987006 0.84365730
v -0.47251455 0.34722007 -0.55459268
v -0.34751455 0.32713005 -0.83210267
v -0.46299809 0.32257315 -0.51397974
v -0.47235457 0.34722007 -0.55475266
v -0.46861456 0.34722007 -0.55850269
v -0.43569800 0.30185211 -0.54355235
v -0.36314456 0.31987006 -0.84383268
v -0.36704455 0.31988007 -0.84382267
v -0.35923455 0.31746007 -0.84772266
v -0.35532455 0.31987006 -0.84382267
v -0.41770456 0.31597007 -0.62897266
v -0.41001455 0.31447006 -0.63288267
v -0.41392455 0.31597007 -0.63278265
v -0.32407455 0.31985006 -0.84382267
v -0.36118249 0.32959989 -0.82813091
v -0.33970455 0.31986008 -0.84382267
v -0.35923455 0.31989006 0.84367733
v -0.33970455 0.32472006 0.83585732
v -0.44591204 -0.13715539 -0.55570945
v -0.45689456 -0.15680994 -0.50788267
v -0.45143399 -0.15667640 -0.51319911
v -0.42954455 -0.01995993 0.91793733
v -0.42564456 -0.01995993 0.91793733
v -0.42954455 -0.01989993 -0.91803266
v -0.42564456 -0.01989993 -0.91803266
v -0.34083214 -0.06199128 0.94653023
v -0.43345455 -0.01995993 -0.91808267
v -0.43736456 -0.01989993 -0.91803266
v -0.43345455 -0.01989993 -0.91803266
v -0.42954455 -0.01995993 -0.91808267
v -0.43736456 -0.01989993 0.91788732
v -0.44907455 -0.01995993 0.91793733
v -0.44517455 -0.01995993 0.91793733
v -0.44907455 -0.01989993 0.91788732
v -0.39048455 -0.01995993 -0.91808267
v -0.39439456 -0.01989993 -0.91803266
v -0.38478498 -0.03145338 0.92577646
v -0.39829455 -0.01995993 0.91793733
v -0.21871747 -0.28467743 -0.28915809
v -0.21470455 -0.27772992 0.23038733
v -0.21472456 -0.27777993 0.23429732
v -0.21470455 -0.27772992 0.23429732
v -0.35142455 -0.01995993 -0.91808267
v -0.33164002 -0.07382019 -0.95451384
v -0.41001455 -0.01989993 0.91788732
v -0.40611456 -0.01995993 0.91793733
v -0.40611456 -0.01989993 0.91788732
v -0.35532455 0.32378006 -0.83752270
v -0.42173455 -0.01989993 -0.91803266
v -0.21482625 -0.27796554 0.23826526
v -0.18895478 0.23950954 0.58151034
v -0.42564456 -0.01995993 -0.91808267
v -0.42173455 -0.01995993 0.91793733
v -0.42173455 -0.01989993 0.91788732
v -0.45298455 -0.01989993 0.91788732
v -0.44126455 -0.01995993 0.91793733
v -0.43736456 -0.01995993 0.91793733
v -0.44126455 -0.01989993 0.91788732
v -0.37978840 0.08457327 -0.87626449
v -0.46673552 0.01646918 0.89252638
v -0.39439456 -0.01605993 0.91527735
v -0.21861456 0.09722007 0.83196734
v -0.21861456 0.10112007 0.83196734
v 0.05394429 -0.01250823 0.90860830
v 0.45719545 0.10503006 -0.44147266
v -0.41782455 0.31450007 -0.62507267
v -0.42330195 0.31590720 -0.62317461
v -0.46470455 0.31987006 -0.84387268
v -0.46470455 0.32378006 0.60152732
v -0.45968334 0.33277979 0.63105162
v -0.41782455 0.31991005 0.84367733
v -0.42173455 0.31991005 0.84367733
v -0.41782455 0.31987006 0.84373735
v -0.41931152 0.30703851 0.60452401
v -0.41392455 -0.01995993 -0.91808267
v -0.41782455 -0.01995993 -0.91808267
v -0.41782455 -0.01989993 -0.91803266
v -0.45689456 0.31991005 0.84367733
v -0.45550491 0.33266163 -0.63454539
v -0.45298455 0.32372007 0.61320733
v -0.45309347 0.32378021 0.61323866
v -0.41768456 0.31597007 0.62882732
v -0.41782455 0.31597007 0.62868731
v -0.41782455 0.31602008 0.62882732
v -0.39184846 -0.03166576 -0.92606336
v -0.45298455 0.32234008 -0.83991266
v -0.33579455 0.31987006 0.84366732
v -0.33579455 0.31987006 0.84367733
v -0.32981634 0.03117899 0.10540124
v -0.44122930 0.30523920 0.57919110
v -0.46474455 0.32378006 0.60148733
v -0.37486456 0.31987006 -0.84384270
v -0.37095455 0.31987006 -0.84384270
v -0.46470455 0.32376007 0.60148733
v -0.42543457 0.31597007 0.62101733
v -0.42564456 0.31605006 0.62101733
v -0.42173455 0.31603006 0.62492733
v -0.39444753 0.30328718 -0.86691776
v -0.44907455 0.32371006 0.61710732
v -0.39048455 0.31990007 -0.84382267
v -0.38657455 0.31990007 -0.84382267
v -0.38657455 0.31987006 -0.84386266
v -0.42173455 0.31603006 -0.62507267
v -0.41782455 0.31601006 -0.62897266
v -0.41392455 0.31597007 0.63262736
v -0.40220455 0.30838007 0.62492733
v -0.38269149 0.33083621 -0.82607170
v -0.40788407 0.33486561 0.68571433
v -0.42931456 0.31597007 0.61710732
v -0.41782455 0.31597007 -0.62884266
v -0.41782455 0.31450007 0.62492733
v -0.36730031 0.32740910 -0.83167875
v -0.24595455 0.15972007 -0.84765269
v -0.24606455 0.15972007 -0.84772266
v -0.24606455 0.16362007 -0.84772266
v -0.42173704 0.31596952 0.62474308
v -0.42564456 0.31453008 0.61710732
v -0.42156456 0.31597007 0.62492733
v -0.24606455 0.20659006 -0.84772266
v -0.24606455 0.21050007 -0.84772266
v -0.44517455 0.31987006 0.84373735
v -0.43345455 0.31991005 0.84367733
v -0.43345455 0.31987006 0.84373735
v -0.42954455 0.31987006 0.84373735
v -0.44517455 0.31747008 0.84757732
v -0.44517455 0.31991005 0.84367733
v -0.44126455 0.31991005 0.84367733
v -0.44126455 0.31987006 0.84373735
v -0.46470455 0.31987006 0.84373735
v -0.41392455 0.31987006 0.84373735
v -0.43736456 0.31991005 0.84367733
v -0.43736456 0.31987006 0.84373735
v -0.43345455 0.31747008 0.84757732
v -0.41001455 0.31991005 0.84367733
v -0.41392455 0.31991005 0.84367733
v -0.41001455 0.31987006 0.84373735
v -0.41392455 -0.01989993 -0.91803266
v -0.42173455 -0.01995993 -0.91808267
v -0.41871688 -0.03148438 0.92579697
v -0.43840315 0.30525565 0.86657309
v -0.41392455 -0.01995993 0.91793733
v -0.43345455 -0.01995993 0.91793733
v -0.39829455 -0.01989993 -0.91803266
v -0.41001455 -0.01989993 -0.91803266
v -0.34080970 -0.00624084 0.90848805
v -0.33719357 -0.12002819 0.98482081
v -0.39048455 0.31987006 -0.84386266
v -0.41782455 -0.01995993 0.91793733
v -0.41782455 -0.01989993 0.91788732
v -0.41001455 -0.01995993 -0.91808267
v -0.41392455 -0.01989993 0.91788732
v -0.41001455 -0.01995993 0.91793733
v -0.24595455 0.17925007 -0.84765269
v -0.24595455 0.18315007 -0.84765269
v -0.30256525 -0.10221061 -0.06661796
v -0.24595455 -0.03948993 -0.84765269
v -0.24606455 -0.03558993 -0.84772266
v -0.24595455 -0.03558993 -0.84765269
v -0.24595455 0.14409006 -0.84765269
v -0.24595455 0.14800007 -0.84765269
v -0.37486456 -0.01995993 -0.91808267
v -0.37095455 -0.01995993 -0.91808267
v -0.37486456 -0.01989993 -0.91803266
v -0.20298455 0.25347007 0.58980732
v -0.20298455 0.25737006 0.58980732
v -0.29282455 -0.01609993 0.01163733
v -0.21074455 0.17534006 -0.11335267
v -0.21074455 0.17534006 -0.11725267
v -0.21079456 0.17537007 -0.11335267
v -0.42564456 0.31987006 0.84373735
v -0.16379409 0.17109147 -0.42102345
v -0.21861456 -0.09808993 0.83196734
v -0.21861456 -0.09417993 0.83196734
v -0.40996412 0.31597323 -0.63678266
v -0.37867612 0.30066108 0.63894076
v -0.40994194 0.31588428 0.63643838
v -0.11403763 -0.22039268 -0.16202432
v -0.42765454 0.31987006 0.62882732
v -0.41392455 0.31601006 0.63273733
v -0.41381455 0.31597007 0.63273733
v -0.35923455 0.31987006 -0.84383268
v -0.41382457 0.31597007 -0.63288267
v -0.41392455 0.31600008 -0.63288267
v -0.49647201 0.33299553 0.82127619
v -0.27744502 0.14168233 -0.86689021
v -0.34751455 0.31988007 0.84367733
v -0.34361456 0.31988007 0.84367733
v -0.34361456 0.31987006 0.84367733
v -0.42564456 0.31597007 0.62080734
v -0.40611456 0.31987006 0.84373735
v -0.40609470 0.31597007 0.64051715
v -0.40993456 0.31597007 0.63663732
v -0.40611456 0.31598008 0.64054732
v -0.41001455 0.31597007 -0.63672270
v -0.40220455 0.31597007 0.64445733
v -0.39439456 -0.01995993 -0.91808267
v -0.36314088 0.31990603 -0.84378190
v -0.42173455 0.31907008 0.63273733
v -0.41001455 0.31600008 0.63663732
v -0.40611456 0.31991005 0.84367733
v -0.40424937 0.33218870 -0.82366896
v -0.39829455 0.31990007 -0.84382267
v -0.38267455 0.31987006 -0.84385265
v -0.37876455 0.31987006 -0.84385265
v -0.37486456 0.31989006 -0.84382267
v -0.37876455 0.31989006 -0.84382267
v -0.38267455 -0.01995993 0.91793733
v -0.37876455 -0.01995993 0.91793733
v -0.38267455 -0.01989993 0.91788732
v -0.36314456 -0.01989993 0.91788732
v -0.36704455 -0.01989993 0.91788732
v -0.34751455 0.31987006 -0.84381266
v -0.34751469 0.31987114 -0.84384528
v -0.40220455 0.31991005 0.84367733
v -0.42173455 0.31987006 0.84373735
v -0.39439456 0.31991005 0.84367733
v -0.39319988 0.33228984 0.82327811
v -0.39829455 0.31991005 0.84367733
v -0.39829455 0.31987006 0.84373735
v -0.37344888 -0.00831972 -0.91014423
v -0.07383002 -0.22062176 -0.41632652
v -0.39829455 -0.01995993 -0.91808267
v -0.40220455 -0.01989993 -0.91803266
v -0.39048455 -0.01989993 0.91788732
v -0.38657455 -0.01989993 0.91788732
v -0.38657455 -0.01995993 0.91793733
v -0.40220455 -0.01989993 0.91788732
v -0.39829455 -0.01989993 0.91788732
v -0.38599961 0.30452782 0.86669137
v -0.39439456 -0.01995993 0.91793733
v -0.39048455 -0.01995993 0.91793733
v -0.39439456 -0.01989993 0.91788732
v -0.36704455 -0.01995993 0.91793733
v -0.37095455 -0.01995993 0.91793733
v -0.39552095 -0.00799377 0.90977173
v -0.38267455 -0.01995993 -0.91808267
v -0.38267455 -0.01989993 -0.91803266
v -0.37486456 -0.01995993 0.91793733
v -0.37486456 -0.01989993 0.91788732
v -0.37876455 -0.01989993 0.91788732
v -0.36008893 0.30425007 -0.86619265
v -0.36314456 0.31988007 -0.84382267
v -0.03892456 -0.20745994 0.84372734
v -0.03501456 -0.20749993 0.84367733
v -0.03501456 -0.20745994 0.84372734
v -0.33970455 0.31987006 -0.84380264
v -0.33579455 0.31987006 -0.84380264
v -0.40220455 -0.01995993 0.91793733
v -0.37876455 -0.01995993 -0.91808267
v -0.37876455 -0.01989993 -0.91803266
v -0.34024886 -0.01484543 0.91423673
v -0.29282455 -0.01605993 0.01164733
v -0.28892455 -0.01605993 0.01164733
v -0.27745587 0.07031807 -0.86687148
v -0.24606455 0.20268007 -0.84772266
v -0.34361456 0.31987006 -0.84381266
v -0.21861456 -0.06292993 0.83196734
v -0.21861456 -0.06683993 0.83196734
v -0.21858456 -0.06683993 0.83195733
v -0.33012302 -0.01442889 -0.91315207
v -0.34751455 0.31987006 0.84368734
v -0.35142455 0.31988007 0.84367733
v -0.35532455 0.31988007 0.84367733
v -0.35142455 0.31987006 0.84368734
v -0.39904377 0.31988034 -0.84384912
v -0.24595455 0.06987007 -0.84765269
v -0.39439456 0.31987006 -0.84386266
v -0.39048455 0.31991005 0.84367733
v -0.39048455 0.31987006 0.84373735
v -0.38657455 0.31987006 0.84372734
v -0.24595455 0.01518007 -0.84765269
v -0.24606455 0.01518007 -0.84772266
v -0.24606455 0.01909007 -0.84772266
v -0.39439456 0.31990007 -0.84382267
v -0.39439456 0.31987006 0.84373735
v -0.38267455 0.31987006 0.84372734
v -0.38267455 0.31990007 -0.84382267
v -0.34361456 0.31987006 -0.84382267
v -0.35923455 0.31988007 -0.84382267
v -0.37527693 0.33120488 0.82532472
v -0.36704455 0.31987006 0.84370731
v -0.37876455 0.31990007 0.84367733
v -0.38267455 0.31990007 0.84367733
v -0.37876455 0.31987006 0.84371733
v -0.37486456 0.31990007 0.84367733
v -0.37486456 0.31987006 0.84371733
v -0.38657455 0.31991005 0.84367733
v -0.40220455 0.31987006 0.84373735
v -0.33189456 0.31987006 0.84367733
v -0.35923455 -0.01995993 -0.91808267
v -0.36314456 -0.01989993 -0.91803266
v -0.37095455 -0.01989993 0.91788732
v -0.33679127 -0.01637055 0.91401415
v -0.33189456 0.31987006 -0.84379269
v -0.29858503 -0.13528870 -0.87494413
v -0.27811019 -0.04206165 0.00359646
v -0.36314456 -0.01995993 0.91793733
v -0.36314456 -0.01995993 -0.91808267
v -0.37095455 -0.01989993 -0.91803266
v -0.24595455 0.17534006 -0.84765269
v -0.24606455 0.17925007 -0.84772266
v -0.24606455 -0.03167993 -0.84772266
v -0.24606455 -0.02777993 -0.84772266
v -0.32871913 -0.00613593 -0.00026136
v -0.28501455 -0.01609993 0.01163733
v -0.28111456 -0.01609993 0.01163733
v -0.28501455 -0.01605993 0.01164733
v -0.32407455 0.31597007 0.84994732
v -0.37095455 0.31989006 -0.84382267
v -0.33445139 0.31253903 0.85547775
v -0.32798455 0.31987006 -0.84379269
v -0.33881433 0.33295725 -0.82188365
v -0.32798455 0.31985006 -0.84382267
v -0.37755474 0.33258880 -0.82214118
v -0.35532455 0.31987006 0.84369736
v -0.37095455 0.31990007 0.84367733
v -0.31085542 0.32810272 0.83028031
v -0.33746725 0.33123800 0.82518967
v -0.37095455 0.31987006 0.84371733
v -0.31236456 0.33165005 0.82413732
v -0.21472456 -0.27777993 0.23820733
v -0.36704455 -0.01989993 -0.91803266
v -0.27719266 -0.10016552 -0.86676924
v -0.03892456 -0.36764994 -0.00788267
v -0.03888456 -0.36761993 -0.01178267
v -0.03888456 -0.36761993 -0.00788267
v -0.24595455 -0.10980993 -0.84765269
v -0.24595455 -0.10589993 -0.84765269
v -0.30454455 -0.01609993 0.01163733
v -0.30064456 -0.01609993 0.01163733
v -0.29627887 -0.12054287 -0.13999117
v -0.30064456 -0.01605993 0.01164733
v -0.29673455 -0.01609993 0.01163733
v -0.29673455 -0.01605993 0.01164733
v -0.36704455 -0.01995993 -0.91808267
v -0.20173579 -0.09963880 0.58818988
v -0.35923455 -0.01995993 0.91793733
v -0.27746235 -0.05479313 -0.86690293
v -0.36809962 -0.00825195 0.90995451
v -0.24595455 0.03081007 -0.84765269
v -0.24606455 0.03472007 -0.84772266
v -0.24595455 0.03472007 -0.84765269
v -0.14112744 -0.02572440 -0.55066298
v -0.30845455 -0.01605993 0.01164733
v -0.30454455 -0.01605993 0.01164733
v -0.30845455 -0.01608993 0.01163733
v -0.24595455 -0.01214993 -0.84765269
v -0.24595455 -0.00823993 -0.84765269
v -0.24595455 0.02300007 -0.84765269
v -0.21858977 0.08932936 0.38793981
v -0.19923178 0.07960802 0.82050891
v -0.24595455 0.07378006 -0.84765269
v -0.24595455 0.07768007 -0.84765269
v -0.24606455 0.05034007 -0.84772266
v -0.24595455 0.06597007 -0.84765269
v -0.24606455 0.06597007 -0.84772266
v -0.24606455 0.06987007 -0.84772266
v -0.28225313 0.03030211 -0.86746539
v -0.24595455 0.01128007 -0.84765269
v -0.24606455 0.01128007 -0.84772266
v -0.20221528 0.08826717 0.26270365
v -0.21858456 0.10893007 0.83195733
v -0.21861456 0.11284007 0.83196734
v -0.21861456 0.10893007 0.83196734
v -0.24595455 0.03862007 -0.84765269
v -0.24595455 0.00737007 -0.84765269
v -0.21861456 0.10503006 0.83196734
v -0.31385975 0.33164452 0.82415500
v -0.31236456 0.33159006 0.82426732
v -0.24606455 0.15581006 -0.84772266
v -0.08970456 0.31991005 0.76163732
v -0.08579455 0.31987006 0.76169734
v -0.08579455 0.31991005 0.76163732
v -0.32407455 0.31987006 0.84365730
v -0.32017455 0.31987006 0.84364735
v -0.19917456 0.19878006 -0.58600266
v -0.19907456 0.19878006 -0.58595265
v -0.19916997 0.20088424 -0.58600040
v -0.21861456 0.26128006 0.83196734
v -0.21861456 0.26518006 0.83196734
v -0.30845455 0.33159006 0.82426732
v -0.31626455 0.31743005 0.84757732
v -0.32017382 0.31985410 0.84369485
v -0.21861456 0.19878006 0.83196734
v -0.21861456 0.20268007 0.83196734
v -0.21861456 0.28862006 0.83196734
v -0.21861456 0.28472007 0.83196734
v -0.33189456 0.31987006 0.84366732
v 0.30091544 0.31984008 0.84367733
v 0.29763293 0.30783149 0.86299705
v 0.30481543 0.31742007 0.84757732
v 0.27777367 0.33279715 0.82140739
v -0.30454455 0.33159006 0.82425730
v -0.32453839 0.33260010 0.82104774
v -0.30845455 0.33165005 0.82413732
v -0.24599946 -0.12698308 -0.84768538
v -0.08190943 -0.21133969 -0.15221628
v -0.24595455 -0.05511993 -0.84765269
v -0.24606455 -0.05120993 -0.84772266
v -0.24595455 -0.05120993 -0.84765269
v -0.24606455 -0.06292993 -0.84772266
v -0.24606455 -0.05902993 -0.84772266
v -0.30217548 -0.10093346 0.64243083
v -0.24595455 -0.01605993 -0.84765269
v -0.24606455 -0.01214993 -0.84772266
v -0.24595455 0.08940007 -0.84765269
v -0.24606455 0.09331007 -0.84772266
v -0.24595455 0.09331007 -0.84765269
v -0.33935655 0.06031887 0.86747494
v -0.27739353 0.04807300 0.86670192
v -0.24595455 -0.00042993 -0.84765269
v -0.24606455 -0.00042993 -0.84772266
v -0.24606455 0.00347007 -0.84772266
v -0.30851418 -0.01604599 0.01164832
v -0.21470455 -0.27772992 -0.29694266
v -0.21472456 -0.27777993 -0.29303266
v -0.21470455 -0.27772992 -0.29303266
v -0.24606455 0.02300007 -0.84772266
v -0.24606455 0.02690007 -0.84772266
v -0.19917456 -0.02777993 -0.58600266
v -0.30845455 -0.01995993 0.01104733
v -0.28892455 -0.01609993 0.01163733
v -0.20291456 0.01909007 0.58976733
v -0.20291456 0.01518007 0.58976733
v -0.20298455 0.01909007 0.58980732
v -0.24606455 -0.01995993 -0.84772266
v -0.24606455 -0.01605993 -0.84772266
v -0.22672451 -0.08831367 0.83677004
v -0.24595455 -0.06292993 -0.84765269
v -0.24595455 -0.05902993 -0.84765269
v -0.24606455 -0.00433993 -0.84772266
v -0.24595455 -0.00433993 -0.84765269
v -0.24606455 -0.10589993 -0.84772266
v -0.24595455 0.01909007 -0.84765269
v -0.24595455 -0.10198993 -0.84765269
v -0.24606455 -0.10198993 -0.84772266
v -0.28111456 -0.01605993 0.01164733
v -0.27720455 -0.01605993 0.01164733
v -0.27720455 -0.01609993 0.01163733
v -0.27285216 0.02272915 0.86405908
v -0.21470455 -0.27777993 -0.28873266
v -0.24595455 -0.02777993 -0.84765269
v -0.24595455 -0.02386993 -0.84765269
v -0.24595455 0.08159007 -0.84765269
v -0.24606455 0.08550007 -0.84772266
v -0.24595455 0.08550007 -0.84765269
v -0.24595455 -0.04730993 -0.84765269
v -0.24606455 -0.04339993 -0.84772266
v -0.24595455 -0.04339993 -0.84765269
v -0.26939456 -0.01605993 0.01164733
v -0.26548455 -0.01609993 0.01163733
v -0.24606455 0.03862007 -0.84772266
v -0.22628716 0.09669728 0.83650674
v -0.21861456 0.12065007 0.83196734
v -0.21861456 0.12456007 0.83196734
v -0.24595455 0.10893007 -0.84765269
v -0.24595455 0.11284007 -0.84765269
v -0.25060078 -0.05238118 0.85089867
v -0.21861456 0.04253007 0.83196734
v -0.21861456 0.03862007 0.83196734
v -0.21858456 0.03862007 0.83195733
v -0.21861456 -0.10980993 0.83196734
v -0.21861456 -0.10589993 0.83196734
v -0.21861456 -0.01605993 0.83196734
v -0.21861456 0.08926007 0.38663732
v -0.24595455 0.00347007 -0.84765269
v -0.24606455 0.00737007 -0.84772266
v -0.21861456 -0.09027993 0.83196734
v -0.21861456 -0.08636993 0.83196734
v -0.24606455 -0.00823993 -0.84772266
v -0.19917456 -0.02386993 -0.58600266
v -0.19907456 -0.02777993 -0.58595265
v -0.24606455 0.07768007 -0.84772266
v -0.24595455 0.06206007 -0.84765269
v -0.24606455 0.14800007 -0.84772266
v -0.24606455 0.15190007 -0.84772266
v -0.07407456 0.07768007 0.78499733
v -0.07407456 0.08159007 0.78499733
v -0.24595455 0.10503006 -0.84765269
v -0.24606455 0.10893007 -0.84772266
v -0.19917456 -0.03558993 -0.58600266
v -0.21861456 0.07768007 0.83196734
v -0.21861456 0.08159007 0.83196734
v -0.24595455 0.13237007 -0.84765269
v -0.24606455 0.21440007 -0.84772266
v -0.21858456 0.29643006 0.83195733
v -0.21861456 0.30034006 0.83196734
v -0.21861456 0.29643006 0.83196734
v -0.19917456 0.26128006 -0.58600266
v -0.13252992 0.31972841 0.28498106
v -0.19917456 -0.00433993 -0.58600266
v -0.19917456 -0.00823993 -0.58600266
v -0.19907456 -0.00823993 -0.58595265
v -0.24782836 0.32830472 0.82082096
v -0.24606455 0.14409006 -0.84772266
v -0.08189456 0.31987006 0.76169734
v -0.07798456 0.31987006 0.76169734
v -0.09600669 0.24142698 0.11491817
v -0.20298455 0.24956006 0.58980732
v -0.21861456 0.08550007 0.83196734
v -0.30976490 0.30557871 -0.86614753
v -0.24595455 0.22222007 -0.84765269
v -0.21861456 0.24565007 0.83196734
v -0.21861456 0.24956006 0.83196734
v -0.21861456 0.29253006 0.83196734
v -0.24606455 0.22612007 -0.84772266
v -0.24606455 0.17534006 -0.84772266
v -0.28873125 0.33291452 0.82094329
v -0.14319386 -0.14279674 0.78580726
v -0.24595455 -0.07073993 -0.84765269
v -0.24606455 -0.04730993 -0.84772266
v -0.24595455 -0.08636993 -0.84765269
v -0.24606455 -0.08245993 -0.84772266
v -0.24595455 -0.08245993 -0.84765269
v -0.24600528 -0.11114915 -0.84768498
v -0.22891418 -0.14148050 0.83754076
v -0.24606455 -0.03948993 -0.84772266
v -0.24595455 -0.03167993 -0.84765269
v -0.27734427 -0.03451776 -0.86682996
v -0.24595455 -0.09417993 -0.84765269
v -0.24595455 -0.09027993 -0.84765269
v -0.24606455 -0.09027993 -0.84772266
v -0.24606455 -0.08636993 -0.84772266
v -0.22455961 -0.08492982 -0.83455528
v -0.24606455 -0.06683993 -0.84772266
v -0.24595455 -0.06683993 -0.84765269
v -0.24606455 -0.07855993 -0.84772266
v -0.24595455 -0.07855993 -0.84765269
v -0.24418728 -0.09586922 -0.53444675
v -0.27329455 -0.01605993 0.01164733
v -0.26939456 -0.01609993 0.01163733
v -0.24606455 -0.02386993 -0.84772266
v -0.19917456 0.00347007 -0.58600266
v -0.19917456 -0.00042993 -0.58600266
v -0.19907456 -0.00042993 -0.58595265
v -0.27329455 -0.01609993 0.01163733
v -0.23810823 -0.08247572 -0.05845432
v -0.21861456 -0.05902993 0.83196734
v -0.21858456 -0.10980993 0.83195733
v -0.24595455 0.05815007 -0.84765269
v -0.24606455 0.06206007 -0.84772266
v -0.24595455 0.04253007 -0.84765269
v -0.24606455 0.04253007 -0.84772266
v -0.24606455 0.04643007 -0.84772266
v -0.24606455 0.03081007 -0.84772266
v -0.21861456 -0.07073993 0.83196734
v -0.24595455 -0.07464993 -0.84765269
v -0.24595455 0.05034007 -0.84765269
v -0.24595455 0.05425007 -0.84765269
v -0.24606455 -0.07464993 -0.84772266
v -0.24606455 -0.07073993 -0.84772266
v -0.19917456 0.01909007 -0.58600266
v -0.19907456 0.01909007 -0.58595265
v -0.19917456 0.02300007 -0.58600266
v -0.22231327 -0.02481326 -0.20917440
v -0.25221426 -0.01307622 0.01165951
v -0.21861456 -0.05511993 0.83196734
v -0.21861456 -0.05120993 0.83196734
v -0.07393688 -0.22047340 -0.41764801
v -0.21861456 0.16362007 0.83196734
v -0.21861456 0.16753006 0.83196734
v -0.21861456 -0.00823993 0.83196734
v -0.21861456 -0.00433993 0.83196734
v -0.24595455 -0.01995993 -0.84765269
v -0.27903999 -0.00574493 0.01243895
v -0.24606455 0.07378006 -0.84772266
v -0.21861456 -0.07855993 0.83196734
v -0.21861456 -0.08245993 0.83196734
v -0.21858456 -0.08245993 0.83195733
v -0.19917456 0.08940007 -0.58600266
v -0.21861456 0.02690007 0.83196734
v -0.21861456 0.03081007 0.83196734
v -0.21858456 -0.04339993 0.83195733
v -0.21858456 -0.03948993 0.83195733
v -0.21861456 -0.03948993 0.83196734
v -0.24606455 0.05815007 -0.84772266
v -0.24595455 0.11675007 -0.84765269
v -0.24606455 0.11675007 -0.84772266
v -0.24606455 0.08940007 -0.84772266
v -0.24606455 0.09722007 -0.84772266
v -0.24606455 0.05425007 -0.84772266
v -0.21858456 -0.05511993 0.83195733
v -0.24595455 0.02690007 -0.84765269
v -0.21861456 0.15581006 0.83196734
v -0.21861456 0.15972007 0.83196734
v -0.20291456 0.08550007 0.58976733
v -0.20291456 0.08159007 0.58976733
v -0.20298455 0.08550007 0.58980732
v -0.21861456 0.18706006 0.83196734
v -0.21861456 0.18315007 0.83196734
v -0.21858456 0.18315007 0.83195733
v -0.24606455 0.16753006 -0.84772266
v -0.24595455 0.16753006 -0.84765269
v -0.21861456 0.01128007 0.83196734
v -0.24606455 0.10112007 -0.84772266
v -0.24606455 0.10503006 -0.84772266
v -0.24595455 0.04643007 -0.84765269
v -0.24606455 0.18706006 -0.84772266
v -0.24595455 0.18706006 -0.84765269
v -0.19917456 0.10503006 -0.58600266
v -0.19917456 0.10112007 -0.58600266
v -0.19907456 0.10112007 -0.58595265
v -0.37253973 0.05100182 -0.39748772
v -0.24595455 0.12456007 -0.84765269
v -0.24606455 0.12847007 -0.84772266
v -0.24595455 0.12847007 -0.84765269
v -0.24595455 0.10112007 -0.84765269
v -0.27737938 0.13687143 0.86670730
v -0.24595455 0.13628006 -0.84765269
v -0.24606455 0.13628006 -0.84772266
v -0.24606455 0.14018007 -0.84772266
v -0.24595455 0.09722007 -0.84765269
v -0.24595455 0.17143007 -0.84765269
v -0.21861456 0.06987007 0.83196734
v -0.24595455 0.15581006 -0.84765269
v -0.24595455 0.12065007 -0.84765269
v -0.24606455 0.19097007 -0.84772266
v -0.21080178 0.17537068 -0.31259375
v -0.21074455 0.17534006 -0.31257267
v -0.20689456 0.17311007 -0.31257267
v -0.24595455 0.15190007 -0.84765269
v -0.24606455 0.18315007 -0.84772266
v -0.19907456 0.12065007 -0.58595265
v -0.21861456 0.05815007 0.83196734
v -0.21861456 0.06206007 0.83196734
v -0.21861456 0.14018007 0.83196734
v -0.21858456 0.13628006 0.83195733
v -0.21858456 0.14018007 0.83195733
v -0.24595455 0.19097007 -0.84765269
v -0.22558528 0.21384608 -0.83518806
v -0.19917456 0.21831006 -0.58600266
v -0.19907456 0.21440007 -0.58595265
v -0.19907456 0.21831006 -0.58595265
v -0.21861456 0.11675007 0.83196734
v -0.21861456 0.20659006 0.83196734
v -0.19917456 0.11284007 -0.58600266
v -0.21079456 0.17537007 -0.30866266
v -0.21858456 0.19097007 0.83195733
v -0.21858456 0.18706006 0.83195733
v -0.21861456 0.19097007 0.83196734
v -0.21750106 0.15859917 0.03036521
v -0.21079456 0.17534006 0.04278733
v -0.20689456 0.17311007 0.04288733
v -0.27545202 0.30451856 0.86564758
v -0.21074455 0.17534006 0.04288733
v -0.21074455 0.17534006 0.04679733
v -0.21861456 0.17143007 0.83196734
v -0.21861456 0.17534006 0.83196734
v -0.20291456 0.10503006 0.58976733
v -0.20298455 0.10503006 0.58980732
v -0.20298455 0.10893007 0.58980732
v -0.21858456 0.28862006 0.83195733
v -0.21861456 0.21831006 0.83196734
v -0.19917456 0.09722007 -0.58600266
v -0.19907456 0.09331007 -0.58595265
v -0.19907456 0.09722007 -0.58595265
v -0.06626456 0.31591008 0.57023733
v -0.10142455 0.31597007 0.57032733
v -0.10532456 0.31597007 0.57032733
v -0.23339565 0.16683176 -0.83996594
v -0.20689456 0.17311007 -0.10944267
v -0.21074455 0.17534006 -0.10944267
v -0.21861456 0.27300007 0.83196734
v -0.21861456 0.27690006 0.83196734
v -0.22251456 0.30034006 0.83427732
v -0.21858456 0.21831006 0.83195733
v 0.09388544 0.31991005 0.76163732
v 0.08997545 0.31597007 0.76801734
v 0.10169544 0.31749008 0.76554732
v 0.09388544 0.31987006 0.76169734
v -0.19917456 0.17534006 -0.58600266
v -0.19917456 0.19097007 -0.58600266
v -0.24595455 0.19878006 -0.84765269
v -0.24595455 0.20268007 -0.84765269
v -0.21861456 0.21050007 0.83196734
v -0.03481952 -0.36361157 -0.01192768
v -0.21861456 -0.17457993 -0.06647267
v -0.21470455 -0.17232993 -0.06257267
v -0.21467456 -0.17230993 -0.06257267
v -0.19917456 -0.01214993 -0.58600266
v -0.19917456 -0.01605993 -0.58600266
v -0.19907456 -0.01605993 -0.58595265
v 0.02156592 -0.26716664 0.75068101
v -0.21470455 -0.27772992 -0.30085267
v -0.22488619 -0.30059434 0.23844200
v -0.03111456 -0.20749993 0.84367733
v -0.22276529 -0.29169684 -0.28442145
v -0.21472456 -0.27777993 -0.28913267
v -0.20837475 -0.26747098 0.24307420
v -0.21861456 -0.07464993 0.83196734
v -0.21858456 -0.08636993 0.83195733
v -0.21858456 -0.04730993 0.83195733
v -0.21858456 -0.09808993 0.83195733
v -0.21861456 -0.04730993 0.83196734
v -0.21861456 -0.00042993 0.83196734
v -0.21858456 -0.10589993 0.83195733
v -0.21861456 -0.11370993 0.83196734
v -0.21858456 -0.11370993 0.83195733
v -0.24606455 -0.05511993 -0.84772266
v -0.20015182 -0.12598845 0.82104763
v -0.21861456 -0.10198993 0.83196734
v -0.20869976 -0.26865280 -0.31607129
v -0.21858456 -0.01605993 0.83195733
v -0.21861456 -0.01214993 0.83196734
v -0.20291456 -0.06292993 0.58976733
v -0.20291456 -0.06683993 0.58976733
v -0.20298455 -0.08245993 0.58980732
v -0.20298455 -0.08636993 0.58980732
v -0.20298455 -0.03948993 0.58980732
v -0.20298455 -0.04339993 0.58980732
v -0.19907456 -0.01995993 -0.58595265
v -0.19917117 -0.08502017 0.82047310
v -0.20298455 -0.05902993 0.58980732
v -0.20298455 -0.06292993 0.58980732
v -0.22960587 -0.09968055 0.60530386
v -0.21861456 -0.04339993 0.83196734
v -0.19907456 -0.03558993 -0.58595265
v -0.19917456 -0.03167993 -0.58600266
v -0.21858075 -0.12642462 0.83195606
v -0.21858456 -0.02777993 0.83195733
v -0.21858456 -0.03167993 0.83195733
v -0.21861456 -0.02777993 0.83196734
v -0.21861456 -0.01995993 0.83196734
v -0.21858456 -0.01995993 0.83195733
v -0.21858456 -0.09027993 0.83195733
v -0.21861456 0.03472007 0.83196734
v -0.19030970 0.03042965 -0.81352923
v -0.19199520 -0.03290557 -0.81457751
v -0.21091487 -0.27153926 -0.28531356
v -0.21843973 -0.04754357 0.30992531
v -0.19917456 0.03472007 -0.58600266
v -0.19917456 0.03081007 -0.58600266
v -0.19907456 0.03081007 -0.58595265
v -0.33558104 0.00341932 0.37628801
v -0.21861456 0.02300007 0.83196734
v -0.19917456 0.05034007 -0.58600266
v -0.19917456 0.04643007 -0.58600266
v -0.19907456 0.04643007 -0.58595265
v -0.21858456 -0.07855993 0.83195733
v -0.21858456 -0.07073993 0.83195733
v -0.21858456 0.03472007 0.83195733
v -0.21858456 -0.05902993 0.83195733
v -0.19917456 -0.01995993 -0.58600266
v -0.19907456 -0.02386993 -0.58595265
v -0.16449806 -0.15155290 -0.18497980
v -0.21755236 0.03487663 -0.00983794
v -0.24606455 0.08159007 -0.84772266
v -0.22261232 -0.01090834 0.60142313
v -0.19923263 -0.02434411 0.82050903
v -0.19907456 0.05815007 -0.58595265
v -0.19907456 0.05425007 -0.58595265
v -0.21861456 -0.03167993 0.83196734
v -0.21861456 -0.03558993 0.83196734
v -0.21858456 -0.03558993 0.83195733
v -0.19917456 0.05815007 -0.58600266
v -0.19917456 0.06206007 -0.58600266
v -0.21858456 -0.00433993 0.83195733
v -0.21858456 -0.05120993 0.83195733
v -0.21472456 -0.27777993 -0.29694266
v -0.25709084 -0.00676917 -0.62147689
v -0.19907456 -0.00433993 -0.58595265
v -0.22277729 0.05869755 0.60151783
v -0.19917456 0.01128007 -0.58600266
v -0.19917456 0.00737007 -0.58600266
v -0.19907456 0.00737007 -0.58595265
v -0.19917456 0.01518007 -0.58600266
v -0.19907456 0.01518007 -0.58595265
v -0.21247456 -0.27386993 0.23820733
v -0.19917456 0.13628006 -0.58600266
v -0.19917456 0.13237007 -0.58600266
v -0.19907456 0.13237007 -0.58595265
v -0.13950286 -0.05836210 0.78524517
v -0.23030861 0.01934670 0.83889064
v -0.20291456 0.11675007 0.58976733
v -0.20291456 0.11284007 0.58976733
v -0.20298455 0.11675007 0.58980732
v -0.21861456 0.07378006 0.83196734
v -0.21858456 0.06987007 0.83195733
v -0.20298455 -0.04730993 0.58980732
v -0.21861456 -0.02386993 0.83196734
v -0.21861456 0.00347007 0.83196734
v -0.21858456 0.02690007 0.83195733
v -0.21861456 0.00737007 0.83196734
v -0.21861456 0.01518007 0.83196734
v -0.21861456 0.01909007 0.83196734
v -0.21861456 0.05034007 0.83196734
v -0.21861456 0.05425007 0.83196734
v -0.21858456 0.01128007 0.83195733
v -0.21470455 -0.27772992 0.23820733
v -0.20383595 -0.06388034 -0.58890894
v -0.19907456 -0.04339993 -0.58595265
v -0.19917456 -0.03948993 -0.58600266
v -0.19907456 0.01128007 -0.58595265
v -0.19907456 0.04253007 -0.58595265
v -0.19907456 0.03862007 -0.58595265
v -0.20298455 -0.06683993 0.58980732
v -0.19907456 -0.03167993 -0.58595265
v -0.19917456 0.09331007 -0.58600266
v -0.19907456 0.08940007 -0.58595265
v -0.21858456 -0.07464993 0.83195733
v -0.21858456 0.01909007 0.83195733
v -0.21858456 0.02300007 0.83195733
v -0.19907456 0.11284007 -0.58595265
v -0.19917456 0.11675007 -0.58600266
v -0.21858456 0.07378006 0.83195733
v -0.21858456 0.11284007 0.83195733
v -0.21861456 0.09331007 0.83196734
v -0.21861456 0.08940007 0.83196734
v -0.21858456 0.08940007 0.83195733
v -0.21858456 -0.02386993 0.83195733
v -0.21861456 0.04643007 0.83196734
v -0.21858456 0.00347007 0.83195733
v -0.21858456 0.00737007 0.83195733
v -0.19907456 0.06206007 -0.58595265
v -0.20291456 0.06206007 0.58976733
v -0.19917456 0.03862007 -0.58600266
v -0.19907456 0.03472007 -0.58595265
v -0.21858456 0.04643007 0.83195733
v -0.21858456 0.28081006 0.83195733
v -0.21861456 0.28081006 0.83196734
v -0.20291456 0.02690007 0.58976733
v -0.20298455 0.02690007 0.58980732
v -0.20298455 0.03081007 0.58980732
v -0.21858456 0.10503006 0.83195733
v -0.21858456 0.03081007 0.83195733
v -0.21861456 0.06597007 0.83196734
v -0.19917456 0.18706006 -0.58600266
v -0.21858456 0.10112007 0.83195733
v -0.21858456 0.05815007 0.83195733
v -0.21858456 -0.00823993 0.83195733
v -0.21858456 0.04253007 0.83195733
v -0.24595455 0.14018007 -0.84765269
v -0.19917456 0.12065007 -0.58600266
v -0.19907456 0.11675007 -0.58595265
v -0.16001456 0.17529007 -0.44928266
v -0.19001669 0.14233191 -0.48315548
v -0.19917456 0.12847007 -0.58600266
v -0.21858456 0.06206007 0.83195733
v -0.21861456 0.21440007 0.83196734
v -0.21861456 0.22222007 0.83196734
v -0.21856456 0.08940007 0.37882732
v -0.21856456 0.08940007 0.38273733
v -0.21861456 0.14800007 0.83196734
v -0.21861456 0.15190007 0.83196734
v -0.19917456 0.07768007 -0.58600266
v -0.21858456 0.01518007 0.83195733
v -0.22284478 0.07622966 0.36709640
v -0.21858456 0.07768007 0.83195733
v -0.21858456 0.15972007 0.83195733
v -0.21858456 0.16362007 0.83195733
v -0.19907456 0.08159007 -0.58595265
v -0.19907456 0.07768007 -0.58595265
v -0.21858456 0.14409006 0.83195733
v -0.21861456 0.14409006 0.83196734
v -0.23098898 0.16530745 0.83929460
v -0.24595455 0.21831006 -0.84765269
v -0.24606455 0.21831006 -0.84772266
v -0.24606455 0.22222007 -0.84772266
v -0.07407456 0.06206007 0.78499733
v -0.07407456 0.06597007 0.78499733
v -0.21858456 0.21440007 0.83195733
v -0.24606455 0.13237007 -0.84772266
v -0.21861456 0.13628006 0.83196734
v -0.21858456 0.13237007 0.83195733
v -0.19907456 0.10893007 -0.58595265
v -0.21858456 0.05034007 0.83195733
v -0.20291456 0.03862007 0.58976733
v -0.20298455 0.03862007 0.58980732
v -0.20298455 0.04253007 0.58980732
v -0.19917456 0.04253007 -0.58600266
v -0.19917456 0.08159007 -0.58600266
v -0.21858456 0.06597007 0.83195733
v -0.21858456 0.26128006 0.83195733
v -0.19917456 0.15190007 -0.58600266
v -0.19917456 0.15581006 -0.58600266
v -0.19907456 0.15190007 -0.58595265
v -0.20291456 0.07768007 0.58976733
v -0.20298455 0.07768007 0.58980732
v -0.20298455 0.08159007 0.58980732
v -0.24606455 0.17143007 -0.84772266
v -0.20298455 0.05034007 0.58980732
v -0.20291456 0.05034007 0.58976733
v -0.20291456 0.04643007 0.58976733
v -0.19917456 0.23393007 -0.58600266
v -0.19907456 0.23003006 -0.58595265
v -0.19907456 0.23393007 -0.58595265
v -0.19907456 0.12456007 -0.58595265
v -0.19907456 0.12847007 -0.58595265
v -0.19917456 0.21050007 -0.58600266
v -0.19907456 0.20659006 -0.58595265
v -0.19907456 0.21050007 -0.58595265
v -0.19917456 0.12456007 -0.58600266
v -0.21861456 0.17925007 0.83196734
v -0.23859893 0.24752327 0.84379822
v -0.21861456 0.23393007 0.83196734
v -0.21858456 0.17143007 0.83195733
v -0.19917456 0.15972007 -0.58600266
v -0.19907456 0.15581006 -0.58595265
v -0.19907456 0.15972007 -0.58595265
v -0.19536655 0.09069132 -0.81667619
v -0.19907456 0.18315007 -0.58595265
v -0.21861456 0.25347007 0.83196734
v -0.21861456 0.25737006 0.83196734
v -0.19917456 0.16753006 -0.58600266
v -0.21858456 0.23393007 0.83195733
v -0.29134979 0.16496028 -0.30598279
v -0.21079456 0.17537007 -0.30475266
v -0.25443646 0.19987919 -0.10568720
v -0.21858456 0.15190007 0.83195733
v -0.21858456 0.15581006 0.83195733
v -0.19907456 0.20268007 -0.58595265
v -0.21858456 0.20268007 0.83195733
v -0.21858456 0.14800007 0.83195733
v -0.27742500 0.21922133 -0.86689973
v -0.21861456 0.23784006 0.83196734
v -0.21861456 0.24175007 0.83196734
v -0.21858456 0.21050007 0.83195733
v -0.14133635 0.03344564 -0.55074757
v -0.21861456 0.23003006 0.83196734
v -0.21858456 0.23003006 0.83195733
v -0.21858456 0.23784006 0.83195733
v -0.28150989 0.18250036 0.05922720
v -0.21470455 0.17762007 0.04288733
v -0.21861456 0.19487007 0.83196734
v -0.21858456 0.19487007 0.83195733
v -0.21858456 0.16753006 0.83195733
v -0.19917456 0.20659006 -0.58600266
v -0.21858456 0.24565007 0.83195733
v -0.21858456 0.24956006 0.83195733
v -0.21861456 0.22612007 0.83196734
v -0.19917456 0.22222007 -0.58600266
v -0.19917456 0.22612007 -0.58600266
v -0.19907456 0.22222007 -0.58595265
v -0.19917456 0.19487007 -0.58600266
v -0.21861456 0.26909006 0.83196734
v -0.21858456 0.12065007 0.83195733
v -0.19917456 0.16362007 -0.58600266
v -0.19907456 0.16362007 -0.58595265
v -0.21074455 0.17534006 -0.30866266
v -0.19363266 0.11907638 -0.33041088
v -0.36851786 0.31977897 -0.64787397
v -0.19907456 0.17143007 -0.58595265
v -0.19907456 0.17534006 -0.58595265
v -0.17736193 0.30551953 0.80715078
v -0.19907456 0.22612007 -0.58595265
v -0.21209820 0.30037555 -0.59392102
v -0.21858456 0.28472007 0.83195733
v -0.21858456 0.22612007 0.83195733
v -0.21858456 0.19878006 0.83195733
v -0.21858456 0.22222007 0.83195733
v -0.21858456 0.26909006 0.83195733
v -0.12095456 0.31991005 0.76163732
v -0.11704455 0.31991005 0.76163732
v -0.10532456 0.31987006 0.76169734
v -0.10142455 0.31987006 0.76169734
v -0.21858456 0.25737006 0.83195733
v -0.21858456 0.29253006 0.83195733
v -0.13356502 -0.21994755 0.06341048
v -0.12971540 -0.14749287 -0.70420003
v -0.21470455 -0.17232993 -0.06647267
v -0.23041572 -0.17937542 -0.07269953
v -0.21116565 -0.03949251 0.59464688
v -0.15769928 -0.17611662 -0.37348401
v -0.21858456 -0.11761993 0.83195733
v -0.21470455 -0.17232993 -0.05866267
v -0.20298455 0.03472007 0.58980732
v -0.19907456 -0.01214993 -0.58595265
v -0.00667048 -0.33924157 -0.00315641
v -0.22402615 -0.06214748 0.08692196
v -0.19917456 0.08550007 -0.58600266
v -0.19907456 0.08550007 -0.58595265
v -0.20291456 -0.07464993 0.58976733
v -0.20298455 -0.07464993 0.58980732
v -0.20298455 -0.07073993 0.58980732
v -0.21858456 -0.06292993 0.83195733
v -0.20298455 -0.07855993 0.58980732
v -0.20291456 -0.08245993 0.58976733
v -0.20291456 -0.08636993 0.58976733
v -0.19917456 0.02690007 -0.58600266
v -0.19907456 0.02300007 -0.58595265
v -0.20291456 0.03081007 0.58976733
v -0.20291456 -0.07073993 0.58976733
v -0.20291456 -0.05902993 0.58976733
v -0.20291456 -0.04730993 0.58976733
v -0.20298455 -0.01605993 0.58980732
v -0.21858456 -0.10198993 0.83195733
v -0.19907456 0.02690007 -0.58595265
v -0.19907456 -0.03948993 -0.58595265
v -0.20298455 -0.03167993 0.58980732
v -0.20291456 -0.07855993 0.58976733
v -0.16389456 -0.13323993 -0.36335267
v -0.16389456 -0.13323993 -0.36725266
v -0.04282456 -0.36899992 0.00041483
v -0.20291920 -0.11892072 0.02839847
v -0.21861456 0.08926007 0.38273733
v -0.19917456 0.05425007 -0.58600266
v -0.19917456 0.10893007 -0.58600266
v -0.19917456 0.07378006 -0.58600266
v -0.19917456 0.06987007 -0.58600266
v -0.19907456 0.06987007 -0.58595265
v -0.20298455 -0.05511993 0.58980732
v -0.19907456 0.05034007 -0.58595265
v -0.21427646 -0.09796470 0.59640621
v -0.21858456 -0.00042993 0.83195733
v -0.07407456 -0.11761993 0.78499733
v -0.07407456 -0.11370993 0.78499733
v -0.19683272 -0.09908201 0.58595008
v -0.21858456 -0.09417993 0.83195733
v -0.19917456 0.06597007 -0.58600266
v -0.19907456 0.06597007 -0.58595265
v -0.20294762 -0.08666488 0.58978621
v -0.20298455 -0.03558993 0.58980732
v -0.18574196 -0.09893267 0.57947142
v -0.20291456 -0.01995993 0.58976733
v -0.20291456 -0.02386993 0.58976733
v -0.21858456 -0.01214993 0.83195733
v -0.21858456 0.08159007 0.83195733
v -0.19907456 0.00347007 -0.58595265
v -0.19620935 0.02132620 0.81872361
v -0.20291456 -0.05511993 0.58976733
v -0.20291456 -0.05120993 0.58976733
v -0.14122955 0.09031533 -0.55068133
v -0.19907456 0.07378006 -0.58595265
v -0.20291456 -0.04339993 0.58976733
v -0.20291456 -0.03948993 0.58976733
v -0.19917456 0.17143007 -0.58600266
v -0.07407456 -0.02386993 0.78499733
v -0.07407456 -0.01995993 0.78499733
v -0.21858456 0.08550007 0.83195733
v -0.20291456 -0.01214993 0.58976733
v -0.20291456 -0.01605993 0.58976733
v -0.22261956 0.07377757 0.60142734
v -0.16369848 0.17119625 -0.40241266
v -0.20298455 -0.02386993 0.58980732
v -0.20298455 -0.02777993 0.58980732
v -0.20291456 0.08940007 0.58976733
v -0.21858456 0.05425007 0.83195733
v -0.20298455 -0.00823993 0.58980732
v -0.20291456 -0.00823993 0.58976733
v -0.21858456 0.09331007 0.83195733
v -0.27404318 0.01392893 0.63167896
v -0.19907456 0.13628006 -0.58595265
v -0.20298455 -0.01995993 0.58980732
v -0.21858956 0.08933007 0.37687733
v -0.18840240 0.02668817 0.58118450
v -0.19907456 0.10503006 -0.58595265
v -0.19907456 0.16753006 -0.58595265
v -0.20298455 0.01518007 0.58980732
v -0.20291456 0.01128007 0.58976733
v -0.19382732 0.06983715 0.58439318
v -0.20291456 0.07378006 0.58976733
v -0.19917456 0.14800007 -0.58600266
v -0.19907456 0.14409006 -0.58595265
v -0.19907456 0.14800007 -0.58595265
v -0.16001456 0.14800007 -0.05414267
v -0.21079456 0.17537007 0.04679733
v -0.21079456 0.17537007 0.05070733
v -0.16391435 -0.13328372 0.16394635
v -0.21858456 0.09722007 0.83195733
v -0.09818737 0.00066038 0.78499733
v -0.21858456 0.12456007 0.83195733
v -0.23819050 0.05626923 -0.60990031
v -0.19917456 0.14018007 -0.58600266
v -0.14463066 0.14631126 0.55538488
v -0.21858456 0.24175007 0.83195733
v -0.24653289 0.22909240 -0.61501070
v -0.16377305 -0.13361475 -0.36731302
v -0.21858456 0.11675007 0.83195733
v -0.15996456 0.17534006 -0.45319266
v -0.19917456 0.14409006 -0.58600266
v -0.20291456 0.10893007 0.58976733
v -0.19917456 0.18315007 -0.58600266
v -0.19907456 0.17925007 -0.58595265
v -0.19917456 0.26909006 -0.58600266
v -0.19917456 0.27300007 -0.58600266
v -0.19907456 0.26909006 -0.58595265
v -0.19907456 0.19487007 -0.58595265
v -0.20291456 0.06987007 0.58976733
v -0.19917456 0.17925007 -0.58600266
v -0.16392455 -0.13321994 -0.35944266
v -0.15993401 -0.15701034 -0.33987648
v -0.19523735 0.13125842 -0.08295098
v -0.16392455 -0.13321994 0.16788733
v -0.16389456 -0.13323993 0.16398733
v -0.16389456 -0.13323993 0.16788733
v -0.20298455 0.09331007 0.58980732
v -0.13910886 0.04460249 0.78513604
v -0.13914697 0.15280419 0.17071820
v -0.20291456 0.03472007 0.58976733
v -0.21122603 0.10892874 0.59468260
v -0.21115802 0.08158941 0.59464236
v -0.21858456 0.12847007 0.83195733
v -0.21858456 0.20659006 0.83195733
v -0.21858456 0.17534006 0.83195733
v -0.19917456 0.23784006 -0.58600266
v -0.19907456 0.23784006 -0.58595265
v -0.19917456 0.24175007 -0.58600266
v -0.19917456 0.21440007 -0.58600266
v -0.19907456 0.24175007 -0.58595265
v -0.19920074 0.12800914 0.82048978
v -0.20298455 0.11284007 0.58980732
v -0.19907456 0.14018007 -0.58595265
v -0.23705042 0.19315360 -0.60920532
v -0.21858456 0.27690006 0.83195733
v -0.19917456 0.23003006 -0.58600266
v -0.20291456 -0.00042993 0.58976733
v -0.20298455 -0.00042993 0.58980732
v -0.20298455 0.00347007 0.58980732
v -0.15996456 0.17534006 -0.44928266
v -0.21470455 0.17762007 -0.10944267
v -0.21079456 0.17537007 -0.10944267
v -0.16001456 0.17529007 -0.41413267
v -0.16001456 0.17529007 -0.41803266
v -0.21079456 0.17537007 0.04288733
v -0.21858456 0.26518006 0.83195733
v -0.22272455 0.08159007 0.60148733
v -0.22251456 0.07768007 0.60136734
v -0.20291456 -0.02777993 0.58976733
v -0.21858456 0.17925007 0.83195733
v -0.21858456 0.27300007 0.83195733
v -0.21858456 0.25347007 0.83195733
v -0.21079456 0.17534006 -0.10938267
v -0.15996456 0.17534006 -0.41413267
v -0.16001456 0.14409006 -0.05469267
v -0.20298455 0.12065007 0.58980732
v -0.19917456 0.24565007 -0.58600266
v -0.19922964 0.23814112 0.82050730
v -0.20298455 0.10112007 0.58980732
v -0.42564692 0.10344912 0.61737614
v -0.19917456 0.25347007 -0.58600266
v -0.19907456 0.24956006 -0.58595265
v -0.19907456 0.25347007 -0.58595265
v -0.19917456 0.24956006 -0.58600266
v -0.19907456 0.24565007 -0.58595265
v -0.19917456 0.26518006 -0.58600266
v -0.19907456 0.26128006 -0.58595265
v -0.19907456 0.26518006 -0.58595265
v -0.19917456 0.25737006 -0.58600266
v -0.19907456 0.25737006 -0.58595265
v -0.22337970 0.24124062 0.60186956
v -0.15996456 0.17534006 -0.41022266
v -0.20291456 0.23003006 0.58976733
v -0.10375207 0.21689626 -0.37495618
v -0.05056456 0.25737006 -0.32819266
v -0.05064456 0.25740007 -0.32428266
v -0.05056456 0.25737006 -0.32428266
v -0.20298455 0.23003006 0.58980732
v -0.11314456 0.31987006 0.76169734
v -0.21859085 0.30035064 0.83195862
v -0.18920095 0.27050454 0.58165747
v 0.07825544 0.21449006 -0.25788267
v -0.20298455 0.23784006 0.58980732
v -0.20298455 0.27300007 0.58980732
v -0.11704455 0.31987006 0.76169734
v -0.03501456 0.31597007 0.57032733
v -0.03892456 0.31597007 0.57032733
v -0.11314456 0.31991005 0.76163732
v -0.10923456 0.31991005 0.76163732
v -0.03501456 -0.36380994 -0.01178267
v -0.03892456 -0.36764994 -0.00397267
v -0.22331747 -0.30165541 -0.31354133
v -0.16392455 -0.13321994 0.17179732
v -0.08661375 -0.23089373 -0.29396454
v -0.16623911 -0.13076330 -0.36746430
v -0.16392455 -0.13321994 -0.36335267
v -0.19610160 -0.11390106 -0.32727615
v -0.16392455 -0.13321994 -0.36725266
v -0.16394234 -0.13336511 -0.01186416
v -0.18906765 -0.13072298 0.27649754
v -0.16741455 -0.12933993 0.16398733
v -0.16392455 -0.13321994 0.16398733
v -0.07407456 -0.08245993 0.78499733
v -0.07407456 -0.07855993 0.78499733
v -0.20298455 -0.05120993 0.58980732
v -0.16992989 -0.12889055 -0.01409183
v -0.16389456 -0.13323993 -0.00788267
v -0.16389456 -0.13323993 -0.01178267
v -0.16392455 -0.13321994 -0.00788267
v -0.16395189 -0.13320277 -0.01178821
v -0.16392455 -0.13321994 -0.00397267
v -0.15991456 0.14409006 -0.05475267
v -0.15611456 0.14800007 -0.05477267
v -0.16138266 0.14259124 -0.05474271
v -0.07399456 -0.06683993 0.78507732
v -0.16635288 -0.09983917 0.56656119
v -0.20298455 -0.01214993 0.58980732
v -0.18731941 -0.04746559 0.58054436
v -0.07407456 -0.08636993 0.78499733
v -0.07399456 -0.09027993 0.78507732
v -0.07399456 -0.08636993 0.78507732
v -0.20291456 -0.03167993 0.58976733
v -0.20298455 -0.00433993 0.58980732
v -0.20291456 0.04253007 0.58976733
v -0.20298455 0.04643007 0.58980732
v -0.20291456 0.02300007 0.58976733
v -0.20298455 0.02300007 0.58980732
v -0.20298455 0.06206007 0.58980732
v -0.20298455 0.07378006 0.58980732
v -0.15641474 0.17846651 -0.45140040
v -0.20298455 0.08940007 0.58980732
v -0.20298455 0.01128007 0.58980732
v -0.15495742 0.15668190 -0.35601259
v -0.16001456 0.17529007 -0.43757267
v -0.16001456 0.17529007 -0.43366266
v -0.20298455 0.06987007 0.58980732
v -0.20831399 0.09971604 0.35705127
v -0.22261502 0.08238165 0.60142472
v -0.22668167 0.08108047 0.60382927
v -0.20298455 0.05815007 0.58980732
v -0.20291456 0.00347007 0.58976733
v -0.20298455 0.00737007 0.58980732
v -0.15996456 0.17534006 -0.44538267
v -0.15996456 0.17534006 -0.44147266
v -0.16001456 0.17529007 -0.44147266
v -0.15611456 0.14802006 -0.05475267
v -0.15612456 0.14800007 -0.05475267
v -0.14025503 0.17659713 -0.03629673
v -0.20291456 -0.03558993 0.58976733
v -0.24240061 0.14082379 -0.61247825
v -0.16001456 0.17529007 -0.44538267
v -0.21032542 0.21051080 0.59414990
v -0.20291456 0.05815007 0.58976733
v -0.15996456 0.17534006 -0.43757267
v -0.16001456 0.17529007 -0.41022266
v -0.15996456 0.17534006 -0.42585267
v -0.15996456 0.17534006 -0.43366266
v -0.15996456 0.17534006 -0.42194266
v -0.16001456 0.17529007 -0.42194266
v -0.15996456 0.17534006 -0.41803266
v -0.16001456 0.17529007 -0.42975266
v -0.16001456 0.17529007 -0.40632267
v -0.16001456 0.17529007 -0.42585267
v -0.15996456 0.17534006 -0.42975266
v -0.15611913 0.17877598 -0.41291589
v -0.20291456 0.24565007 0.58976733
v -0.14682849 0.15658823 -0.06794893
v -0.15260456 0.15190007 -0.05475267
v -0.20050395 0.13328124 0.48067392
v -0.22128694 0.13085701 0.60063714
v -0.16534754 0.31042749 0.27938864
v -0.12680849 0.30877935 0.30348611
v -0.09751456 0.31991005 0.76163732
v -0.09361456 0.31987006 0.76169734
v -0.09361456 0.31991005 0.76163732
v -0.13487456 0.32378006 0.27335732
v -0.13267455 0.31987006 0.27324732
v -0.13267455 0.31997008 0.28507732
v -0.13267455 0.31997008 0.27335732
v -0.17989910 0.24266715 -0.57420241
v -0.18753775 0.20022547 -0.57887979
v -0.07407456 -0.00823993 0.78499733
v -0.13261456 0.31987006 0.28507732
v -0.00211594 -0.24928076 -0.15560491
v -0.07407456 0.04253007 0.78499733
v -0.20298455 0.06597007 0.58980732
v -0.20291456 -0.00433993 0.58976733
v -0.17459562 -0.13475287 -0.05275850
v -0.20291456 0.10112007 0.58976733
v -0.14836805 -0.16009353 0.00971190
v -0.20298455 0.05425007 0.58980732
v -0.20291456 0.05425007 0.58976733
v -0.20291456 0.00737007 0.58976733
v -0.20291456 0.06597007 0.58976733
v -0.20293830 0.09331007 0.58978089
v -0.07399456 -0.08245993 0.78507732
v -0.07399456 -0.07855993 0.78507732
v -0.20247995 0.10042958 0.58951635
v -0.19142313 0.16828005 0.81589297
v -0.13915362 0.13441812 0.78510884
v -0.17990349 0.14384222 -0.57420504
v -0.01560972 -0.18657149 -0.87088653
v -0.09995784 0.11850175 0.78499733
v -0.21118303 0.23392897 0.59465716
v -0.20291456 0.22612007 0.58976733
v -0.20291456 0.22222007 0.58976733
v -0.20298455 0.22612007 0.58980732
v -0.07798456 0.31591008 0.57023733
v -0.07798456 0.31597007 0.57032733
v -0.07407456 0.31591008 0.57023733
v -0.00572167 0.02891528 0.50054741
v -0.20298455 0.22222007 0.58980732
v -0.20271506 0.22074772 0.58965275
v -0.10532456 0.31991005 0.76163732
v -0.10142455 0.31991005 0.76163732
v -0.14135205 0.30547479 0.55390410
v -0.08478965 0.30802698 0.78077944
v -0.14982560 0.32324386 0.78199110
v -0.09361456 0.31591008 0.57023733
v -0.09751456 0.31591008 0.57023733
v -0.09751456 0.31597007 0.57032733
v -0.12875576 0.30979805 0.26962820
v -0.11458464 0.32454272 0.75413306
v -0.13025359 0.33686789 0.62913941
v -0.04282456 0.31987006 0.76169734
v -0.08719110 -0.21957375 -0.13765389
v -0.13900026 -0.16945089 -0.31146228
v -0.07407456 -0.22052994 -0.40241266
v -0.08189456 -0.21130993 -0.15241266
v -0.08189456 -0.21130993 -0.15632267
v -0.07763155 -0.20425898 -0.16739409
v -0.14120021 0.00049192 0.55337805
v -0.07407456 -0.07073993 0.78499733
v -0.07407456 -0.06683993 0.78499733
v -0.07399456 -0.07464993 0.78507732
v -0.07399456 -0.07073993 0.78507732
v -0.07407456 -0.09027993 0.78499733
v -0.07407456 -0.07464993 0.78499733
v -0.07407456 0.11284007 0.78499733
v -0.07407456 0.11675007 0.78499733
v -0.07407456 -0.01605993 0.78499733
v -0.07407456 -0.01214993 0.78499733
v -0.06862654 0.06969754 -0.53161177
v -0.09620453 -0.19870775 0.29901745
v -0.07290456 0.04057507 0.85929732
v -0.04405628 0.17159147 0.80836081
v -0.07407456 -0.04730993 0.78499733
v -0.07407456 -0.04339993 0.78499733
v -0.05056456 0.25737006 -0.26569266
v -0.05063838 0.25740216 -0.26177650
v -0.05063839 0.25740151 -0.32037009
v -0.05086456 0.25737006 -0.32038267
v -0.07017455 0.31991005 0.76163732
v -0.06626456 0.31987006 0.76169734
v -0.06626456 0.31991005 0.76163732
v -0.10142455 0.31591008 0.57023733
v -0.15428980 0.25976211 -0.23747046
v -0.05075456 0.25737006 -0.20319266
v -0.05064456 0.25739006 -0.20319266
v -0.05064456 0.25740007 -0.20710267
v -0.13617280 0.17476008 -0.17105103
v -0.05064456 0.25545007 -0.19928267
v -0.02964087 0.33037752 0.59367179
v -0.07017455 0.31591008 0.57023733
v -0.07407456 0.31597007 0.57032733
v -0.08189456 0.31591008 0.57023733
v -0.08579455 0.31597007 0.57032733
v -0.08189456 0.31597007 0.57032733
v -0.07407456 -0.03167993 0.78499733
v -0.07407456 0.10503006 0.78499733
v -0.07407456 0.10893007 0.78499733
v -0.06236456 0.31597007 0.57032733
v -0.06236456 0.31591008 0.57023733
v -0.06626456 0.31597007 0.57032733
v -0.05845456 0.31591008 0.57023733
v -0.05845456 0.31597007 0.57032733
v -0.09361456 0.31597007 0.57032733
v -0.03111456 0.31987006 0.76169734
v -0.03501456 0.31987006 0.76169734
v -0.05064456 0.25740007 -0.26569266
v -0.05064456 0.25740007 -0.26178266
v -0.05086456 0.25737006 -0.26178266
v -0.06236456 0.31987006 0.76169734
v -0.10923456 0.31987006 0.76169734
v -0.06884902 0.33122833 0.74320503
v -0.07798456 0.31991005 0.76163732
v -0.07407456 0.31991005 0.76163732
v -0.09751456 0.31987006 0.76169734
v -0.08189456 0.31991005 0.76163732
v -0.07415206 -0.22051006 -0.40274406
v -0.03891250 -0.36764081 -0.01194343
v -0.07407456 -0.22052994 -0.39850266
v -0.03892456 -0.20749993 0.84367733
v -0.01645526 -0.27509170 -0.36273152
v -0.07018101 -0.22147834 -0.41409109
v -0.08600390 -0.21526121 -0.37912430
v -0.01098117 -0.27265803 0.16074289
v -0.04282456 -0.20745994 0.84372734
v -0.03892456 -0.20355993 0.84933733
v -0.09666143 -0.10907306 0.78499733
v -0.07407456 -0.10589993 0.78499733
v -0.07407456 -0.10198993 0.78499733
v -0.07407456 -0.09808993 0.78499733
v -0.07399456 -0.09808993 0.78507732
v -0.07407456 -0.09417993 0.78499733
v -0.07407456 -0.05902993 0.78499733
v -0.07407456 0.01518007 0.78499733
v -0.07407456 0.01909007 0.78499733
v -0.08192456 -0.21136993 -0.15241266
v -0.07407456 0.08550007 0.78499733
v -0.07407456 0.08940007 0.78499733
v -0.01946956 -0.27582493 0.16008234
v -0.01954456 -0.27777993 0.16007734
v -0.12018343 -0.18284662 0.16253825
v -0.07407456 0.09331007 0.78499733
v -0.12328598 -0.14410059 0.47557575
v -0.07034489 0.21533244 0.30404716
v -0.00385971 -0.23429409 0.80520361
v -0.07399456 -0.10589993 0.78507732
v -0.04282456 -0.20749993 0.84367733
v -0.03111456 -0.20745994 0.84372734
v -0.07399456 -0.11761993 0.78507732
v -0.07407456 -0.00433993 0.78499733
v -0.07399456 -0.11370993 0.78507732
v -0.07407456 -0.12152993 0.78499733
v -0.07407456 -0.12542994 0.78499733
v -0.07399456 -0.12542994 0.78507732
v -0.07407456 -0.06292993 0.78499733
v -0.07407456 -0.10980993 0.78499733
v -0.07399456 -0.10980993 0.78507732
v -0.07399456 -0.09417993 0.78507732
v -0.07399456 -0.12933993 0.78507732
v -0.07399456 -0.10198993 0.78507732
v -0.07463562 -0.14342401 0.78169511
v -0.07399456 -0.12152993 0.78507732
v -0.07407456 -0.00042993 0.78499733
v -0.07407456 0.00347007 0.78499733
v -0.07407456 -0.02777993 0.78499733
v -0.07407456 0.04643007 0.78499733
v -0.07407456 -0.03948993 0.78499733
v -0.07237744 -0.19129025 0.86411060
v -0.00276056 -0.21567295 0.24787653
v -0.07407456 -0.03558993 0.78499733
v -0.07407456 0.06987007 0.78499733
v -0.07373456 -0.02728868 0.78898733
v -0.07407456 0.03862007 0.78499733
v -0.07407456 0.05425007 0.78499733
v -0.07407456 0.05815007 0.78499733
v -0.03501456 0.17148006 0.80851733
v -0.03111456 0.17143007 0.80858730
v -0.03111456 0.17148006 0.80851733
v -0.07407456 0.02300007 0.78499733
v -0.07407456 0.02690007 0.78499733
v -0.07407456 0.00737007 0.78499733
v -0.07407456 0.01128007 0.78499733
v -0.07407456 0.12065007 0.78499733
v -0.07407456 0.12456007 0.78499733
v -0.07407456 0.10112007 0.78499733
v -0.07407456 0.09722007 0.78499733
v -0.07407456 0.03472007 0.78499733
v -0.07407456 0.03081007 0.78499733
v -0.07407456 0.07378006 0.78499733
v -0.07407456 0.05034007 0.78499733
v -0.07407456 0.12847007 0.78499733
v -0.07191058 0.17433747 -0.80245951
v -0.05259232 0.22313735 0.79058829
v -0.08970456 0.31987006 0.76169734
v -0.04282456 0.17143007 -0.80873264
v -0.04045809 0.17155049 -0.80856395
v -0.03426615 0.15412116 -0.83359108
v -0.07399456 0.10503006 0.78507732
v -0.04868956 0.17144257 0.80856981
v -0.04282456 0.17148006 0.80851733
v -0.07427008 0.15142519 0.83112031
v -0.05503267 0.17144979 -0.80870504
v -0.03854918 0.21419045 -0.18564008
v -0.05454456 0.17148006 -0.80866266
v -0.16201597 0.35005752 -0.74413916
v -0.05064456 0.17143007 -0.80873264
v -0.05064456 0.17148006 -0.80866266
v -0.04673456 0.17143007 -0.80873264
v -0.07017455 0.31597007 0.57032733
v -0.04282456 0.17143007 0.80858730
v -0.03892456 0.17148006 0.80851733
v -0.03501456 0.17143007 0.80858730
v -0.06404755 0.25770424 -0.21325342
v -0.13715259 0.18101117 0.06430615
v -0.07708851 0.32189212 0.57991898
v -0.06152421 0.25521033 -0.27804464
v -0.02833059 -0.20700362 -0.05992799
v -0.05056456 0.25737006 -0.21100267
v -0.05056456 0.25737006 -0.20710267
v 0.09778544 -0.25822994 -0.24225267
v -0.08970456 0.31591008 0.57023733
v -0.03372167 0.17144364 -0.80871366
v -0.08579455 0.31591008 0.57023733
v -0.08970456 0.31597007 0.57032733
v -0.03892456 0.17143007 0.80858730
v -0.05148763 0.25699557 -0.31835575
v -0.05179739 0.25708817 -0.26016174
v -0.04598220 0.25447158 -0.33621506
v -0.01548456 0.31591008 0.57023733
v -0.01939456 0.31597007 0.57032733
v -0.01548456 0.31597007 0.57032733
v -0.04059429 0.30658798 0.78298052
v -0.04673456 0.31597007 0.57032733
v -0.05064456 0.31597007 0.57032733
v 0.00322050 0.33037735 0.59367138
v -0.04673456 0.31991005 0.76163732
v -0.04673456 0.31987006 0.76169734
v -0.07407456 0.31987006 0.76169734
v -0.00767456 0.31987006 0.76169734
v -0.00376456 0.31597007 0.76801734
v -0.00376456 0.31987006 0.76169734
v -0.06236456 0.31991005 0.76163732
v -0.07017455 0.31987006 0.76169734
v -0.01954456 -0.26605993 0.16007734
v -0.03111456 0.31991005 0.76163732
v -0.02720456 0.31987006 0.76169734
v -0.02720456 0.31991005 0.76163732
v -0.05845456 0.31991005 0.76163732
v -0.05454456 0.31991005 0.76163732
v -0.05064456 0.31991005 0.76163732
v -0.02612833 0.33116138 0.74329754
v -0.05845456 0.31987006 0.76169734
v -0.04512161 -0.37605006 0.17439637
v -0.01939456 -0.28167992 0.16008734
v 0.09778544 -0.25822994 -0.24616266
v 0.02087223 -0.30763550 0.16368665
v -0.03890849 -0.28048306 0.15858779
v -0.01946761 -0.28319088 0.16008249
v -0.01946956 -0.26019492 0.16008234
v -0.01954456 -0.26214993 0.16007734
v -0.01939456 -0.26995992 0.16008734
v -0.00266484 -0.21654793 0.13971955
v -0.01946956 -0.27191492 0.16008234
v -0.02720456 -0.20749993 0.84367733
v -0.02329456 -0.20749993 0.84367733
v -0.02207147 -0.19524792 0.86123515
v -0.02662660 0.21740323 -0.31417938
v -0.07399456 -0.02777993 0.78507732
v -0.07399456 -0.03167993 0.78507732
v -0.00767456 -0.20749993 0.84367733
v -0.00376456 -0.20749993 0.84367733
v -0.00767456 -0.20745994 0.84372734
v -0.07373456 -0.11493368 0.78898733
v -0.00376456 -0.20745994 0.84372734
v -0.03577045 0.21474546 -0.28080337
v -0.07399456 0.12456007 0.78507732
v -0.01939456 0.17143007 0.80858730
v -0.05454456 0.31987006 0.76169734
v -0.01939456 0.17148006 0.80851733
v -0.01548456 0.17143007 0.80858730
v -0.04673456 0.17148006 -0.80866266
v -0.07399456 0.10112007 0.78507732
v -0.02720456 0.17143007 0.80858730
v -0.02720456 0.17148006 0.80851733
v -0.00291815 0.18706006 -0.78290267
v -0.04125740 0.18226307 -0.79321342
v -0.01610797 0.17145365 -0.80869965
v -0.01548456 0.17148006 -0.80866266
v -0.00767456 0.17148006 0.80851733
v -0.07399456 0.07768007 0.78507732
v -0.07399456 0.07378006 0.78507732
v -0.07373456 0.08696257 0.78898733
v 0.00013544 0.17143007 0.80858730
v -0.00376456 0.17143007 0.80858730
v -0.05064456 0.25740007 -0.32038267
v 0.06261319 -0.22390936 -0.82025606
v -0.10090825 0.19534605 -0.33192488
v -0.04525440 0.25306623 -0.25554921
v -0.05056456 0.25737006 -0.26960267
v -0.05059456 0.25737006 -0.20319266
v -0.05064456 0.25737006 -0.20315267
v -0.00778019 0.25374230 -0.02516869
v -0.03111456 0.31591008 0.57023733
v -0.03111456 0.31597007 0.57032733
v 0.00600774 0.31856698 0.17026702
v -0.02720456 0.31591008 0.57023733
v -0.02720456 0.31597007 0.57032733
v -0.04282456 0.31591008 0.57023733
v -0.04282456 0.31597007 0.57032733
v -0.03501456 0.31591008 0.57023733
v -0.05064456 0.31591008 0.57023733
v -0.04673456 0.31591008 0.57023733
v -0.01157456 0.17143007 -0.80873264
v -0.01157456 0.17148006 -0.80866266
v -0.00376456 0.31591008 0.57023733
v -0.05454456 0.31591008 0.57023733
v -0.07186399 0.30462605 0.55355900
v -0.05454456 0.31597007 0.57032733
v -0.03892456 0.31591008 0.57023733
v -0.00376456 0.17148006 0.80851733
v -0.00376456 0.31597007 0.57032733
v -0.00767456 0.31597007 0.57032733
v -0.00566970 0.30790808 0.78103689
v -0.01548456 0.31749008 0.76554732
v 0.10005544 -0.26214993 -0.25007267
v 0.09779544 -0.25823992 -0.24616266
v -0.05064456 0.31987006 0.76169734
v -0.04282456 0.31991005 0.76163732
v -0.03892456 0.31991005 0.76163732
v 0.02356544 0.31991005 0.76163732
v 0.02356544 0.31987006 0.76169734
v 0.02747544 0.31987006 0.76169734
v -0.03892456 0.31987006 0.76169734
v -0.03501456 0.31991005 0.76163732
v 0.19604238 0.30030633 0.81846062
v -0.01744332 0.34068229 0.65427997
v -0.00767456 0.31991005 0.76163732
v -0.01939456 -0.26605993 0.16008734
v -0.01098108 -0.20029476 -0.85425088
v -0.01157456 -0.20745994 0.84372734
v -0.02692196 -0.21944944 0.04576104
v -0.01939456 -0.20749993 0.84367733
v -0.01548456 -0.20749993 0.84367733
v -0.01939456 -0.20745994 0.84372734
v 0.00556982 -0.23770859 -0.49353268
v -0.04475079 -0.25480217 0.17858879
v -0.02720456 -0.20745994 0.84372734
v -0.01811253 -0.09052907 0.53663312
v 0.00013544 -0.20745994 0.84372734
v -0.01157456 -0.20749993 0.84367733
v -0.01548456 -0.20745994 0.84372734
v 0.00013544 -0.20749993 0.84367733
v -0.02329456 -0.20745994 0.84372734
v -0.01686945 -0.24738281 -0.78651523
v 0.00013544 -0.20745994 -0.84387268
v 0.00690844 -0.20747983 -0.84384781
v 0.00794544 -0.20745994 -0.84387268
v 0.00794544 -0.20749993 -0.84382267
v 0.33747196 -0.05420408 -0.94086264
v 0.00403544 -0.20749993 0.84367733
v 0.01184544 -0.20749993 0.84367733
v 0.01575544 -0.20749993 0.84367733
v 0.01184544 -0.20745994 0.84372734
v -0.07373456 -0.08099806 0.78898733
v -0.07399456 -0.04730993 0.78507732
v 0.00765563 -0.19926984 0.85556260
v -0.01548456 0.17148006 0.80851733
v -0.01157456 0.17148006 0.80851733
v -0.02329456 0.17143007 0.80858730
v -0.02329456 0.17148006 0.80851733
v -0.00767456 0.31591008 0.57023733
v -0.01157456 0.31591008 0.57023733
v -0.01157456 0.31597007 0.57032733
v -0.07373456 0.10746882 0.78898733
v -0.04402985 -0.37048683 -0.01819635
v -0.00767456 0.17143007 -0.80873264
v -0.00767456 0.17148006 -0.80866266
v -0.00376456 0.17143007 -0.80873264
v -0.01959274 0.17158295 -0.80851806
v 0.17287842 0.06287804 0.57184314
v -0.01157456 0.31991005 0.76163732
v -0.01157456 0.31987006 0.76169734
v -0.01548456 0.31991005 0.76163732
v -0.07399456 0.12065007 0.78507732
v -0.07399456 0.11675007 0.78507732
v -0.02134456 0.17143007 -0.80873264
v -0.00767456 0.17143007 0.80858730
v -0.01157456 0.17143007 0.80858730
v -0.07399456 0.10893007 0.78507732
v -0.00376456 0.17148006 -0.80866266
v -0.07399456 0.01909007 0.78507732
v -0.07399456 0.01518007 0.78507732
v -0.07399456 0.04643007 0.78507732
v -0.07399456 0.04253007 0.78507732
v 0.00013544 0.17143007 -0.80873264
v -0.07399456 0.11284007 0.78507732
v 0.00013544 0.17148006 -0.80866266
v 0.04309544 0.17148006 0.80851733
v 0.04309544 0.17143007 0.80858730
v 0.04700544 0.17143007 0.80858730
v -0.07399456 0.02690007 0.78507732
v -0.07399456 0.02300007 0.78507732
v 0.00013544 0.17148006 0.80851733
v -0.02939342 0.18265405 0.79236624
v 0.01836529 0.18234791 0.79291037
v 0.00403544 0.17148006 0.80851733
v 0.00794544 0.17143007 0.80858730
v 0.00794544 0.17148006 0.80851733
v -0.00242092 0.21052347 0.23116640
v 0.00712362 0.28695148 -0.17906127
v -0.02329456 0.31591008 0.57023733
v -0.02329456 0.31991005 0.76163732
v -0.02329456 0.31987006 0.76169734
v -0.01939456 0.31987006 0.76169734
v -0.01939456 0.31591008 0.57023733
v 0.02747544 0.31597007 0.57032733
v 0.19218375 -0.05826666 0.58325997
v -0.02329456 0.31597007 0.57032733
v 0.00403544 0.31991005 0.76163732
v 0.00794544 0.31991005 0.76163732
v 0.26966544 -0.01605993 -0.62900264
v 0.26966544 -0.01214993 -0.62900264
v 0.26961543 -0.01214993 -0.62897266
v 0.00013544 0.31591008 0.57023733
v 0.00013544 0.31597007 0.57032733
v 0.21885545 0.21440007 0.83195733
v -0.01939456 0.31991005 0.76163732
v -0.01548456 0.31987006 0.76169734
v 0.00794544 0.31597007 0.57032733
v 0.00403544 0.31597007 0.57032733
v 0.01184544 0.31597007 0.57032733
v 0.01966544 0.31597007 0.76801734
v 0.00794544 0.31749008 0.76554732
v 0.00013544 0.31991005 0.76163732
v 0.00403544 0.31987006 0.76169734
v 0.54577566 -0.20337650 0.50822041
v -0.00376456 0.31991005 0.76163732
v 0.00013544 0.31987006 0.76169734
v 0.01184544 0.31991005 0.76163732
v 0.06848453 -0.18770035 -0.86923911
v 0.15436372 -0.19534933 -0.33566901
v 0.02356544 -0.20745994 0.84372734
v 0.02383430 -0.20747992 0.84370236
v 0.00403544 -0.20745994 0.84372734
v 0.01575544 -0.20749993 -0.84382267
v 0.01966544 -0.20749993 -0.84382267
v 0.01575544 -0.20745994 -0.84387268
v 0.09777388 -0.25821637 -0.25007352
v 0.09779544 -0.25823992 -0.25007267
v 0.00794544 -0.20749993 0.84367733
v 0.01575544 -0.20745994 0.84372734
v 0.01184544 -0.20745994 -0.84387268
v 0.00794544 -0.20745994 0.84372734
v 0.01966544 -0.20745994 -0.84387268
v 0.01184544 -0.20749993 -0.84382267
v 0.07572544 0.21050007 -0.25397266
v 0.07819544 0.21440007 -0.25788267
v 0.01966544 -0.20745994 0.84372734
v 0.01966544 -0.20749993 0.84367733
v 0.02356544 -0.20745994 -0.84387268
v -0.07399456 0.06206007 0.78507732
v -0.07399456 0.05815007 0.78507732
v -0.07399456 -0.02386993 0.78507732
v -0.07399456 -0.05511993 0.78507732
v -0.07399456 -0.06292993 0.78507732
v -0.07399456 -0.04339993 0.78507732
v -0.07399456 0.00737007 0.78507732
v -0.07399456 -0.05902993 0.78507732
v -0.07399456 0.05034007 0.78507732
v -0.07399456 0.01128007 0.78507732
v 0.02747544 0.31591008 0.57023733
v -0.07399456 0.05425007 0.78507732
v 0.00659940 0.13637997 -0.85906647
v -0.07399456 0.08159007 0.78507732
v -0.07399456 0.06987007 0.78507732
v -0.07399456 0.06597007 0.78507732
v -0.07399456 0.03862007 0.78507732
v -0.07399456 0.00347007 0.78507732
v -0.07373456 -0.05267743 0.78898733
v 0.00794544 0.17148006 -0.80866266
v 0.00432104 0.18299179 -0.79188045
v 0.01184544 0.17148006 -0.80866266
v 0.06942211 0.18694835 -0.78249017
v -0.07399456 0.08550007 0.78507732
v 0.01184544 0.17143007 -0.80873264
v 0.02747544 0.17148006 0.80851733
v 0.03138544 0.17148006 0.80851733
v 0.06650810 0.16763682 -0.81195824
v 0.38294544 -0.01989993 0.91788732
v 0.38684543 -0.01989993 0.91788732
v 0.01184544 0.17148006 0.80851733
v 0.01184544 0.17143007 0.80858730
v 0.01575544 0.17143007 0.80858730
v -0.07399456 -0.00042993 0.78507732
v -0.07399456 -0.01995993 0.78507732
v 0.03528544 0.23397007 -0.14850267
v 0.03528544 0.23397007 -0.15241266
v -0.04503852 0.20814692 -0.23512299
v 0.11823508 -0.24214676 0.28125012
v 0.03527544 0.23393007 0.07023733
v 0.03382544 0.23003006 0.07023733
v 0.03527544 0.23393007 0.07413733
v 0.03750544 0.23393007 0.21476733
v 0.03528544 0.23393007 0.21091733
v 0.03528544 0.23397007 0.21085734
v 0.03382544 0.23003006 0.21085734
v 0.02356544 0.31591008 0.57023733
v 0.01966544 0.31597007 0.57032733
v 0.02356544 0.31597007 0.57032733
v 0.03684755 0.20726046 0.06833126
v 0.03666719 0.23399223 0.06709037
v 0.03531821 0.23400534 0.07018199
v 0.03527544 0.23393007 0.20695733
v 0.01966544 0.31591008 0.57023733
v 0.01184544 0.31591008 0.57023733
v 0.01575544 0.31597007 0.57032733
v 0.00403544 0.31591008 0.57023733
v 0.02872495 0.24861083 -0.31536911
v 0.03527544 0.23393007 0.21085734
v 0.03138544 0.31591008 0.57023733
v 0.03138544 0.31597007 0.57032733
v 0.03016481 0.30468832 0.55359218
v 0.19944545 0.16753006 -0.58600266
v 0.11341544 0.31591008 0.57023733
v 0.11731544 0.31591008 0.57023733
v 0.03527544 0.23393007 -0.14850267
v 0.00794544 0.31591008 0.57023733
v 0.01575544 0.31591008 0.57023733
v 0.02185763 0.33101537 0.74357549
v 0.01966544 0.31987006 0.76169734
v 0.06263544 0.31597007 0.57032733
v 0.06263544 0.31591008 0.57023733
v 0.05872544 0.31597007 0.57032733
v 0.02747544 0.31991005 0.76163732
v 0.01575544 0.31991005 0.76163732
v 0.20325544 0.32378006 0.79289733
v 0.19934545 0.31994007 0.79679732
v 0.00794544 0.31987006 0.76169734
v 0.04309544 0.31591008 0.57023733
v 0.03138544 0.31991005 0.76163732
v 0.19935492 0.31987039 0.79691109
v 0.01184544 0.31987006 0.76169734
v 0.01575544 0.31987006 0.76169734
v 0.07825544 0.31749008 0.76554732
v 0.20324082 0.32378006 0.79288279
v 0.03138544 0.31749008 0.76554732
v 0.01966544 0.31991005 0.76163732
v 0.03138544 0.31987006 0.76169734
v 0.24622544 -0.19184993 0.21476733
v 0.24620544 -0.19183993 0.21867733
v 0.27045368 0.32030840 0.84076077
v 0.05104667 0.33177871 0.59623668
v 0.02747544 0.17143007 0.80858730
v 0.03138544 0.17143007 0.80858730
v 0.03138544 -0.20749993 -0.84382267
v 0.06884789 -0.21071736 0.17127380
v 0.07737009 -0.21584289 -0.28447427
v 0.02262411 0.21162986 -0.16302371
v 0.09786322 -0.21179106 0.36101432
v 0.02356544 -0.20749993 -0.84382267
v 0.28040794 -0.06439743 -0.63493019
v 0.02804089 0.21439571 -0.15150675
v -0.07399456 -0.00433993 0.78507732
v -0.07399456 -0.00823993 0.78507732
v 0.19944545 -0.00433993 -0.58600266
v 0.19944545 -0.00823993 -0.58600266
v 0.19934545 -0.00433993 -0.58595265
v 0.03528544 0.23397007 0.20695733
v 0.13930545 -0.18402993 -0.43366266
v 0.13787302 -0.18506961 -0.44567284
v 0.31536908 -0.01492532 0.03532564
v 0.01554919 -0.04296375 -0.51158337
v -0.07399456 0.03081007 0.78507732
v -0.07399456 -0.03558993 0.78507732
v -0.07399456 -0.05120993 0.78507732
v 0.05481544 0.31597007 0.57032733
v 0.06263603 0.17146636 -0.80867972
v 0.05872544 0.17143007 -0.80873264
v 0.06263544 0.17148006 -0.80866266
v 0.05872544 0.17148006 -0.80866266
v -0.07399456 0.03472007 0.78507732
v 0.01575544 0.17143007 -0.80873264
v 0.21885545 0.26909006 0.83195733
v 0.21888544 0.26518006 0.83196734
v 0.21888544 0.26909006 0.83196734
v 0.04700544 0.31597007 0.57032733
v 0.04309544 0.31597007 0.57032733
v 0.03528544 0.17148006 0.80851733
v 0.01575544 0.17148006 0.80851733
v 0.03919544 0.17148006 0.80851733
v 0.03919544 0.17143007 0.80858730
v 0.04700544 0.31591008 0.57023733
v 0.05091544 0.31591008 0.57023733
v 0.07823996 0.21444263 -0.25389518
v 0.06378455 0.20535369 -0.27745866
v 0.03528544 0.23397007 0.07023733
v 0.19646419 0.05947512 -0.18060170
v 0.11815945 0.19422028 0.13906719
v 0.03919544 0.24453007 -0.14460267
v 0.04550578 0.25767755 0.07145393
v 0.11628749 -0.20072866 0.41274943
v 0.19934545 0.24175007 -0.58595265
v 0.19934545 0.23784006 -0.58595265
v 0.19944545 0.23784006 -0.58600266
v 0.03528045 0.23395009 -0.14781669
v 0.03671544 0.23784006 0.07413733
v 0.03528544 0.23397007 0.07413733
v 0.03528544 0.23397007 0.07804733
v 0.03527544 0.23393007 0.07804733
v 0.03527544 0.23393007 0.08195733
v 0.03528544 0.23397007 0.20304732
v 0.04063122 0.24355841 0.18799288
v 0.05872544 0.31591008 0.57023733
v 0.03919544 0.31597007 0.57032733
v 0.03528544 0.31597007 0.57032733
v 0.05481544 0.31591008 0.57023733
v -0.07399456 0.09722007 0.78507732
v 0.03919544 0.31591008 0.57023733
v 0.03528544 0.31591008 0.57023733
v 0.04309544 0.31597007 0.76801734
v 0.03919544 0.31991005 0.76163732
v 0.03919544 0.31987006 0.76169734
v 0.05481544 0.31991005 0.76163732
v 0.05872544 0.31991005 0.76163732
v 0.06263544 0.31987006 0.76169734
v 0.06263544 0.31991005 0.76163732
v 0.05091544 0.31597007 0.57032733
v 0.21885545 0.16753006 0.83195733
v 0.21885545 0.15190007 0.83195733
v 0.04700544 0.31991005 0.76163732
v 0.05091544 0.31991005 0.76163732
v 0.19571590 0.30563199 0.81720720
v 0.08216544 0.31591008 0.57023733
v 0.08606544 0.31591008 0.57023733
v 0.08997545 0.31591008 0.57023733
v 0.04700544 0.31987006 0.76169734
v 0.17204369 0.30488763 -0.56947925
v 0.19944545 0.16362007 -0.58600266
v 0.19934545 0.16753006 -0.58595265
v 0.14144314 0.02224577 0.55335354
v 0.01966544 0.17143007 0.80858730
v 0.01966544 0.17148006 0.80851733
v 0.07819544 0.21440007 -0.25397266
v 0.08606544 0.31597007 0.57032733
v 0.08997545 0.31597007 0.57032733
v 0.05872544 0.31987006 0.76169734
v 0.19344509 0.31664698 0.79863766
v 0.08216544 0.31991005 0.76163732
v 0.08606544 0.31987006 0.76169734
v 0.08606544 0.31991005 0.76163732
v 0.04309544 0.31991005 0.76163732
v 0.04309544 0.31987006 0.76169734
v 0.06653544 0.31991005 0.76163732
v 0.07044544 0.31987006 0.76169734
v 0.07044544 0.31991005 0.76163732
v 0.05091544 0.31987006 0.76169734
v 0.05481544 0.31987006 0.76169734
v 0.03528544 0.31991005 0.76163732
v 0.03528544 0.31987006 0.76169734
v 0.07825544 0.31991005 0.76163732
v 0.07825544 0.31987006 0.76169734
v 0.07434545 0.31987006 0.76169734
v 0.07434545 0.31991005 0.76163732
v 0.21888544 0.18706006 0.83196734
v 0.07197188 0.20674825 -0.19323579
v 0.51966544 -0.17432993 -0.47663267
v 0.52353205 -0.17620975 -0.47657576
v 0.07325693 0.18425108 0.78537924
v 0.07434545 0.31591008 0.57023733
v 0.07044544 0.31597007 0.57032733
v 0.07434545 0.31597007 0.57032733
v 0.10817118 -0.27617427 -0.25449569
v 0.16618249 -0.30700758 -0.23707522
v 0.14468544 -0.18011993 -0.47272266
v 0.14856545 -0.17729993 -0.48053266
v 0.15006544 -0.17620994 -0.48053266
v -0.07399456 -0.03948993 0.78507732
v 0.02747544 -0.20745994 -0.84387268
v -0.07373456 -0.00629243 0.78898733
v -0.07399456 -0.01605993 0.78507732
v 0.13487703 -0.18543106 -0.49344021
v 0.11804150 -0.18142986 -0.06282528
v -0.07399456 0.09331007 0.78507732
v 0.19944545 -0.08245993 -0.58600266
v 0.20991628 -0.08123821 -0.59241910
v 0.19937860 -0.08247130 -0.58596922
v 0.02356544 -0.20749993 0.84367733
v 0.02747544 -0.20749993 -0.84382267
v 0.13902350 -0.18423429 -0.41805493
v -0.02001475 0.30459002 0.55339130
v 0.14468544 -0.18011993 -0.45710267
v 0.14468544 -0.18011993 -0.45319266
v 0.15006544 -0.17620994 -0.46491266
v 0.14466544 -0.18013994 0.40617733
v 0.14466544 -0.18013994 0.39054732
v 0.37020317 -0.12843854 -0.62390789
v 0.21888544 -0.10198993 0.83196734
v 0.21888544 -0.09808993 0.83196734
v 0.21885545 -0.09808993 0.83195733
v 0.19944545 -0.03558993 -0.58600266
v 0.14466544 -0.18013994 0.41398733
v 0.02356544 0.17148006 0.80851733
v -0.07399456 -0.01214993 0.78507732
v 0.20325544 0.04253007 0.58980732
v 0.20318545 0.04643007 0.58976733
v 0.20325544 0.04643007 0.58980732
v 0.05344221 0.18389944 0.79019310
v -0.07399456 0.08940007 0.78507732
v 0.14468544 -0.18011993 -0.47663267
v 0.21888544 -0.10589993 0.83196734
v 0.21885545 -0.10589993 0.83195733
v 0.21888544 -0.10980993 0.83196734
v 0.03528544 0.17143007 0.80858730
v 0.04700544 0.17143007 -0.80873264
v 0.00794544 0.17143007 -0.80873264
v 0.02356544 0.17143007 0.80858730
v 0.18377545 -0.14105993 0.42570733
v 0.18372544 -0.14110994 0.42960732
v 0.01575544 0.17148006 -0.80866266
v 0.01966544 0.17143007 -0.80873264
v 0.05091544 0.17148006 -0.80866266
v 0.04700544 0.17148006 -0.80866266
v 0.00403544 0.17148006 -0.80866266
v 0.03528544 0.17148006 -0.80866266
v 0.03138544 0.17148006 -0.80866266
v 0.00403544 0.17143007 0.80858730
v -0.00913544 0.13739546 0.85746205
v 0.03919544 0.17148006 -0.80866266
v 0.04309544 0.17148006 -0.80866266
v 0.04309544 0.17143007 -0.80873264
v 0.14468544 -0.18011993 0.39054732
v 0.06924030 0.12744409 -0.86894460
v 0.00403544 0.17143007 -0.80873264
v 0.02356544 0.17143007 -0.80873264
v 0.05091544 0.17143007 -0.80873264
v 0.03919544 0.17143007 -0.80873264
v 0.02356544 0.17148006 -0.80866266
v 0.02747544 0.17148006 -0.80866266
v 0.02747544 0.17143007 -0.80873264
v 0.05481544 0.17148006 -0.80866266
v 0.01966544 0.17148006 -0.80866266
v 0.05481544 0.17143007 -0.80873264
v 0.03528544 0.17143007 -0.80873264
v 0.03138544 0.17143007 -0.80873264
v 0.06263814 0.17148449 -0.80865514
v 0.20325544 0.14800007 0.58980732
v 0.20325544 0.14409006 0.58980732
v 0.06979601 0.15174245 0.83563935
v 0.13930545 -0.18402993 -0.46491266
v 0.09388544 0.31597007 0.57032733
v 0.07825544 0.31591008 0.57023733
v 0.06653544 0.31591008 0.57023733
v 0.06653544 0.31597007 0.57032733
v 0.09826109 0.24252160 -0.25566550
v 0.13800309 -0.18491772 -0.48422806
v 0.08216544 0.31597007 0.57032733
v 0.07825544 0.31597007 0.57032733
v 0.09016501 0.33067097 0.59413412
v 0.07044544 0.31591008 0.57023733
v 0.10950544 0.31591008 0.57023733
v 0.11731544 0.31597007 0.57032733
v 0.12122545 0.31591008 0.57023733
v 0.09388544 0.31591008 0.57023733
v 0.09778544 0.31591008 0.57023733
v 0.06500455 0.30798512 0.78091660
v 0.10559545 0.31597007 0.57032733
v 0.10950544 0.31597007 0.57032733
v 0.10559545 0.31591008 0.57023733
v 0.08080468 0.30472472 0.55373111
v 0.10169544 0.31591008 0.57023733
v 0.10169544 0.31597007 0.57032733
v 0.11341544 0.31597007 0.57032733
v 0.08216544 0.31987006 0.76169734
v 0.08997545 0.31991005 0.76163732
v 0.06653544 0.31987006 0.76169734
v 0.08997545 0.31987006 0.76169734
v 0.10559545 0.31991005 0.76163732
v 0.10559545 0.31987006 0.76169734
v 0.10950544 0.31987006 0.76169734
v 0.13930545 -0.18402993 -0.45710267
v 0.14466544 -0.18013994 -0.46882267
v 0.14466544 -0.18013994 -0.46491266
v 0.14468544 -0.18011993 -0.46882267
v 0.14825275 -0.21605009 -0.32857918
v 0.14466544 -0.18013994 -0.44147266
v 0.14468544 -0.18011993 -0.44538267
v 0.14468544 -0.18011993 -0.44147266
v 0.14075544 -0.18296994 -0.45710267
v 0.14468544 -0.18011993 -0.46100266
v 0.15638544 -0.19948993 -0.32428266
v 0.12594399 -0.19373341 -0.42032119
v 0.14466544 -0.18011993 -0.48113267
v 0.15638544 -0.19948993 -0.33210267
v 0.12676139 -0.17096447 -0.29536680
v 0.00194129 -0.22075839 -0.28390129
v 0.15642215 -0.19966125 -0.27364523
v 0.14466544 -0.18013994 0.38273733
v 0.15006544 -0.17620994 0.36710732
v 0.14516871 -0.17922841 0.36409338
v 0.14467115 -0.18013423 0.37492733
v 0.14468544 -0.18011993 0.37492733
v 0.21885545 -0.05120993 0.83195733
v 0.23283431 -0.18290427 0.20909997
v 0.24622544 -0.19184993 0.21867733
v 0.25013544 -0.19409993 0.21476733
v 0.14468544 -0.18011993 0.37882732
v 0.15006544 -0.17620994 0.38273733
v 0.14468544 -0.18011993 0.38273733
v 0.14468544 -0.18011993 0.38663732
v 0.14468544 -0.18011993 0.42179732
v 0.15589208 -0.16807089 -0.37110297
v 0.15545660 -0.17211843 0.47078552
v 0.14148188 -0.02784412 -0.55067672
v 0.14468544 -0.18011993 0.41398733
v 0.14468544 -0.18011993 0.41007732
v 0.23180042 -0.02380958 -0.60581028
v 0.20318545 -0.01214993 0.58976733
v 0.20325544 -0.01214993 0.58980732
v 0.20325544 -0.01605993 0.58980732
v 0.18745338 0.02662519 -0.57865428
v 0.19944545 0.04253007 -0.58600266
v 0.20318545 0.07768007 0.58976733
v 0.20325544 0.07768007 0.58980732
v 0.20325544 0.07378006 0.58980732
v 0.12639428 -0.16858944 -0.35296649
v 0.07822985 0.21445169 -0.25960056
v 0.19944545 0.07378006 -0.58600266
v 0.10388450 0.21758078 -0.31655083
v 0.20322271 -0.06078349 0.58978863
v 0.20318545 0.19097007 0.58976733
v 0.20325544 0.19097007 0.58980732
v 0.20325544 0.18706006 0.58980732
v 0.07658537 0.22935971 0.28751165
v 0.21885545 0.18706006 0.83195733
v 0.21885545 0.19097007 0.83195733
v 0.19934545 0.14409006 -0.58595265
v 0.09778544 0.31597007 0.57032733
v 0.09778544 0.31987006 0.76169734
v 0.11341544 0.31597007 0.76801734
v 0.09778544 0.31991005 0.76163732
v 0.10169544 0.31987006 0.76169734
v 0.10169544 0.31991005 0.76163732
v 0.10950550 0.31988865 0.76166944
v 0.07772117 0.33108535 0.74346604
v 0.15338138 -0.19358957 -0.33770952
v 0.45716998 -0.17626446 -0.54303601
v 0.14468544 -0.18011993 -0.43366266
v 0.15638544 -0.19948993 -0.32819266
v 0.14468544 -0.18011993 -0.46491266
v 0.14466544 -0.18013994 -0.45319266
v 0.15588428 -0.19858302 -0.27753176
v 0.14466544 -0.18013994 -0.43757267
v 0.14466544 -0.18013994 -0.47272266
v 0.14466544 -0.18013994 -0.44928266
v 0.14468544 -0.18011993 -0.44928266
v 0.15642011 -0.19966262 -0.33222772
v 0.14466544 -0.18013994 -0.48053266
v 0.14468544 -0.18011993 -0.48053266
v 0.14466544 -0.18013994 -0.46100266
v 0.14466544 -0.18013994 -0.47663267
v 0.14466544 -0.18013994 -0.44538267
v 0.14468544 -0.18011993 -0.43757267
v 0.14466544 -0.18013994 -0.43366266
v 0.14466544 -0.18013994 -0.45710267
v 0.15638544 -0.19948993 -0.26569266
v 0.15638544 -0.19948993 -0.26960267
v 0.15638544 -0.19948993 -0.27350266
v 0.15642544 -0.19964993 -0.26960267
v 0.14974049 -0.21370989 -0.26952203
v 0.14466544 -0.18013994 0.37882732
v 0.14466544 -0.18013994 0.43742733
v 0.14466544 -0.18013994 0.44132732
v 0.14468544 -0.18011993 0.43742733
v 0.14466544 -0.18013994 0.41007732
v 0.14466544 -0.18013994 0.44523733
v 0.14466544 -0.18013994 0.44913732
v 0.14468544 -0.18011993 0.44523733
v 0.14468544 -0.18011993 0.40617733
v 0.14468544 -0.18011993 0.41788732
v 0.18372544 -0.14110994 0.39445733
v 0.18377545 -0.14105993 0.39445733
v 0.18372544 -0.14110994 0.39835732
v 0.14466544 -0.18013994 0.41788732
v 0.14468544 -0.18011993 0.44132732
v 0.14466544 -0.18013994 0.42960732
v 0.14466544 -0.18013994 0.39445733
v 0.14466544 -0.18013994 0.39835732
v 0.14468544 -0.18011993 0.39445733
v 0.14468544 -0.18011993 0.39835732
v 0.14466544 -0.18013994 0.38663732
v 0.14468544 -0.18011993 0.40226733
v 0.14466544 -0.18013994 0.40226733
v 0.14466544 -0.18013994 0.43351733
v 0.14468544 -0.18011993 0.42960732
v 0.14468544 -0.18011993 0.43351733
v 0.14466544 -0.18013994 0.42179732
v 0.14468544 -0.18011993 0.42570733
v 0.14466544 -0.18013994 0.42570733
v 0.18372544 -0.14110994 0.40617733
v 0.18372544 -0.14110994 0.41007732
v 0.19934545 -0.05902993 -0.58595265
v 0.20729211 -0.10872685 -0.49350146
v 0.20325544 -0.04339993 0.58980732
v 0.20318545 -0.03948993 0.58976733
v 0.20325544 -0.03948993 0.58980732
v 0.21885545 -0.04730993 0.83195733
v 0.21888544 -0.05120993 0.83196734
v 0.24622544 -0.19184993 0.23038733
v 0.18026772 -0.06954630 -0.57426098
v 0.21888544 -0.09027993 0.83196734
v 0.21885545 -0.09027993 0.83195733
v 0.21888544 -0.09417993 0.83196734
v 0.21888544 -0.06683993 0.83196734
v 0.21888544 -0.06292993 0.83196734
v 0.21885545 -0.06292993 0.83195733
v 0.29634610 -0.13998981 0.86949772
v 0.18372544 -0.14110994 0.42570733
v 0.21885545 0.03862007 0.83195733
v 0.21885545 0.04253007 0.83195733
v 0.20360084 0.01087288 0.82293045
v 0.21888544 0.03862007 0.83196734
v 0.19934545 -0.04730993 -0.58595265
v 0.19934545 -0.04339993 -0.58595265
v 0.14144107 0.16540845 0.55337132
v 0.20325544 -0.02777993 0.58980732
v 0.20325544 -0.02386993 0.58980732
v 0.21888544 -0.00823993 0.83196734
v 0.21885545 -0.00823993 0.83195733
v 0.21888544 -0.01214993 0.83196734
v 0.20318545 -0.05902993 0.58976733
v 0.20325544 -0.05902993 0.58980732
v 0.21885545 0.01909007 0.83195733
v 0.21888544 0.01518007 0.83196734
v 0.21888544 0.01909007 0.83196734
v 0.21885545 -0.01214993 0.83195733
v 0.21888544 -0.01605993 0.83196734
v 0.19944545 -0.07855993 -0.58600266
v 0.18377545 -0.14105993 0.42179732
v 0.21885545 0.01128007 0.83195733
v 0.20325544 0.02690007 0.58980732
v 0.20325544 0.02300007 0.58980732
v 0.20318545 0.02300007 0.58976733
v 0.21885545 -0.08636993 0.83195733
v 0.21888544 -0.08636993 0.83196734
v 0.20318545 0.01909007 0.58976733
v 0.20325544 0.03862007 0.58980732
v 0.20318545 0.18706006 0.58976733
v 0.20318545 -0.03167993 0.58976733
v 0.20325544 -0.03167993 0.58980732
v 0.20325544 -0.03558993 0.58980732
v 0.20325544 -0.05511993 0.58980732
v 0.21885545 0.03472007 0.83195733
v 0.19934545 0.11284007 -0.58595265
v 0.19934545 0.00737007 -0.58595265
v 0.19944545 0.00737007 -0.58600266
v 0.19934545 0.01128007 -0.58595265
v 0.20325544 0.00347007 0.58980732
v 0.20325544 0.00737007 0.58980732
v 0.19934545 -0.05120993 -0.58595265
v 0.19944545 -0.05120993 -0.58600266
v 0.19934545 0.02690007 -0.58595265
v 0.19934545 0.05425007 -0.58595265
v 0.19934545 0.05034007 -0.58595265
v 0.19944545 0.05034007 -0.58600266
v 0.20318545 0.09722007 0.58976733
v 0.20325544 0.09722007 0.58980732
v 0.20325544 0.09331007 0.58980732
v 0.19934545 -0.06292993 -0.58595265
v 0.19934545 -0.06683993 -0.58595265
v 0.19944545 -0.06683993 -0.58600266
v 0.26966544 -0.00042993 -0.62900264
v 0.26966544 -0.00433993 -0.62900264
v 0.19934545 0.03472007 -0.58595265
v 0.19944545 0.03472007 -0.58600266
v 0.19933761 0.03675065 -0.58594861
v 0.20716544 0.10901007 0.37492733
v 0.17135363 0.17995522 -0.56885715
v 0.21885545 0.04643007 0.83195733
v 0.21885545 0.05034007 0.83195733
v 0.21888544 0.04643007 0.83196734
v 0.19934545 0.18315007 -0.58595265
v 0.19944545 0.13237007 -0.58600266
v 0.19944545 0.13628006 -0.58600266
v 0.19934545 0.13628006 -0.58595265
v 0.19934545 0.07378006 -0.58595265
v 0.19944545 0.02690007 -0.58600266
v 0.21885545 0.08159007 0.83195733
v 0.21885545 0.08550007 0.83195733
v 0.21888544 0.08159007 0.83196734
v 0.19934545 0.18706006 -0.58595265
v 0.19944545 0.17534006 -0.58600266
v 0.19944545 0.17143007 -0.58600266
v 0.19934545 0.17534006 -0.58595265
v 0.20720544 0.10893007 -0.45319266
v 0.20720544 0.10893007 -0.44928266
v 0.20318545 -0.02777993 0.58976733
v 0.20318545 -0.02386993 0.58976733
v 0.20325544 0.15190007 0.58980732
v 0.21888544 0.07768007 0.83196734
v 0.19934545 0.19487007 -0.58595265
v 0.19944545 0.19487007 -0.58600266
v 0.19934545 0.19878006 -0.58595265
v 0.21888544 0.04253007 0.83196734
v 0.04275865 0.25776714 -0.49510060
v 0.19944545 0.15190007 -0.58600266
v 0.14159189 0.09532228 -0.55072606
v 0.19934545 0.14018007 -0.58595265
v 0.20325544 0.03472007 0.58980732
v 0.20318545 0.03472007 0.58976733
v 0.20318545 0.03862007 0.58976733
v 0.20325544 0.13237007 0.58980732
v 0.20318545 0.13628006 0.58976733
v 0.20325544 0.13628006 0.58980732
v 0.20325544 0.15581006 0.58980732
v 0.22009805 0.06233447 0.34559632
v 0.21885545 0.11284007 0.83195733
v 0.21888544 0.10893007 0.83196734
v 0.21888544 0.11284007 0.83196734
v 0.14198176 0.30477298 0.55380786
v 0.19934545 0.12065007 -0.58595265
v 0.19934545 0.12456007 -0.58595265
v 0.20318545 0.23784006 0.58976733
v 0.20325544 0.23784006 0.58980732
v 0.20325544 0.23393007 0.58980732
v 0.19934545 -0.01995993 -0.58595265
v 0.19934545 -0.01605993 -0.58595265
v 0.19934545 0.09331007 -0.58595265
v 0.19934545 0.09722007 -0.58595265
v 0.19944545 0.11675007 -0.58600266
v 0.19944545 0.11284007 -0.58600266
v 0.19934545 0.11675007 -0.58595265
v 0.15642544 -0.19964993 -0.32819266
v 0.15309049 0.32635306 -0.56865796
v 0.21885545 0.21050007 0.83195733
v 0.21888544 0.21050007 0.83196734
v 0.20318545 0.15581006 0.58976733
v 0.21885545 0.19487007 0.83195733
v 0.21885545 0.19878006 0.83195733
v 0.21888544 0.19487007 0.83196734
v 0.19944545 0.23393007 -0.58600266
v 0.19944545 0.23003006 -0.58600266
v 0.19934545 0.23393007 -0.58595265
v 0.19944545 0.21440007 -0.58600266
v 0.20318545 0.17925007 0.58976733
v 0.20325544 0.17925007 0.58980732
v 0.20325544 0.17534006 0.58980732
v 0.21885545 -0.02386993 0.83195733
v 0.21885545 -0.01995993 0.83195733
v 0.21264294 -0.04046993 0.82827731
v 0.21888544 -0.02386993 0.83196734
v 0.23946719 -0.11664818 0.24057935
v 0.15642544 -0.19964993 -0.33210267
v 0.15642544 -0.19964993 -0.27350266
v 0.25013544 -0.19409993 0.23820733
v 0.18886883 -0.13525526 0.41452848
v 0.14286823 -0.16713671 -0.24151816
v 0.15560920 -0.17194347 -0.42861472
v 0.18377545 -0.14105993 0.39835732
v 0.18377545 -0.14105993 0.39054732
v 0.18377545 -0.14105993 0.40226733
v 0.18377545 -0.14105993 0.40617733
v 0.18372544 -0.14110994 0.41398733
v 0.18372544 -0.14110994 0.40226733
v 0.18814682 -0.13618562 0.37575473
v 0.18374789 -0.14108744 0.39054732
v 0.18758381 -0.13693260 0.44126825
v 0.15599952 -0.17178324 0.40359789
v 0.18372544 -0.14110994 0.43351733
v 0.18377545 -0.14105993 0.41398733
v 0.19944545 -0.05511993 -0.58600266
v 0.20318545 -0.05511993 0.58976733
v 0.20325544 -0.05120993 0.58980732
v 0.20318545 -0.04730993 0.58976733
v 0.20325544 -0.04730993 0.58980732
v 0.21888544 0.03472007 0.83196734
v 0.21888544 0.03081007 0.83196734
v 0.24622544 -0.19183993 0.21468734
v 0.18377545 -0.14105993 0.41007732
v 0.18372544 -0.14110994 0.42179732
v 0.18372544 -0.14110994 0.41788732
v 0.18377545 -0.14105993 0.41788732
v 0.21888544 -0.08245993 0.83196734
v 0.21888544 -0.07855993 0.83196734
v 0.21885545 -0.07855993 0.83195733
v 0.19944545 -0.04339993 -0.58600266
v 0.19944545 -0.04730993 -0.58600266
v 0.19944545 -0.07073993 -0.58600266
v 0.19934545 -0.07073993 -0.58595265
v 0.24400511 -0.18987128 0.21095531
v 0.24612319 -0.19179370 0.21492014
v 0.20318545 -0.00433993 0.58976733
v 0.20318545 -0.00823993 0.58976733
v 0.20325544 0.06597007 0.58980732
v 0.20318545 0.06987007 0.58976733
v 0.20325544 0.06987007 0.58980732
v 0.20318545 -0.05120993 0.58976733
v 0.23187952 -0.09956726 -0.60568601
v 0.21885545 -0.06683993 0.83195733
v 0.21888544 -0.07073993 0.83196734
v 0.19944545 -0.01605993 -0.58600266
v 0.19944545 -0.01995993 -0.58600266
v 0.19934545 -0.05511993 -0.58595265
v 0.20318545 0.01518007 0.58976733
v 0.21885545 -0.07464993 0.83195733
v 0.32921422 -0.04498006 -0.51612630
v 0.19944545 0.02300007 -0.58600266
v 0.19944545 0.01909007 -0.58600266
v 0.19934545 0.02300007 -0.58595265
v 0.20318545 -0.00042993 0.58976733
v 0.20325544 -0.00042993 0.58980732
v 0.20325544 -0.00433993 0.58980732
v 0.21885545 -0.04339993 0.83195733
v 0.21885545 -0.03948993 0.83195733
v 0.21888544 -0.04339993 0.83196734
v 0.19944545 0.00347007 -0.58600266
v 0.19944545 0.01128007 -0.58600266
v 0.19934545 -0.02777993 -0.58595265
v 0.19944545 0.06597007 -0.58600266
v 0.19944545 0.06987007 -0.58600266
v 0.19934545 0.06987007 -0.58595265
v 0.19934545 0.00347007 -0.58595265
v 0.19934545 0.06206007 -0.58595265
v 0.19934545 0.06597007 -0.58595265
v 0.19934545 0.17143007 -0.58595265
v 0.19934545 -0.07855993 -0.58595265
v 0.19934545 -0.07464993 -0.58595265
v 0.19944545 -0.07464993 -0.58600266
v 0.21888544 -0.03948993 0.83196734
v 0.20318545 0.07378006 0.58976733
v 0.26961543 0.03862007 -0.62897266
v 0.26966544 0.03862007 -0.62900264
v 0.26961543 0.04253007 -0.62897266
v 0.19934545 0.05815007 -0.58595265
v 0.19934545 0.01909007 -0.58595265
v 0.19944545 -0.02777993 -0.58600266
v 0.19934545 -0.02386993 -0.58595265
v 0.21888544 -0.01995993 0.83196734
v 0.21885545 -0.01605993 0.83195733
v 0.20318545 0.01128007 0.58976733
v 0.20325544 0.01128007 0.58980732
v 0.21888544 -0.00042993 0.83196734
v 0.21888544 0.00347007 0.83196734
v 0.20325544 0.01909007 0.58980732
v 0.20318545 0.08159007 0.58976733
v 0.20325544 0.08159007 0.58980732
v 0.19944545 0.08940007 -0.58600266
v 0.21885545 0.00347007 0.83195733
v 0.20318545 0.00347007 0.58976733
v 0.19934545 0.04643007 -0.58595265
v 0.19992411 0.11268980 -0.58636138
v 0.20318545 0.05815007 0.58976733
v 0.20325544 0.05815007 0.58980732
v 0.20325544 0.05425007 0.58980732
v 0.21888544 0.08550007 0.83196734
v 0.20720544 0.10893007 -0.45710267
v 0.20720544 0.10893007 -0.44538267
v 0.19944545 0.18315007 -0.58600266
v 0.19944545 0.17925007 -0.58600266
v 0.19934545 0.08940007 -0.58595265
v 0.16927642 0.13003124 0.32497692
v 0.20325544 0.10503006 0.58980732
v 0.20318545 0.10893007 0.58976733
v 0.20325544 0.10893007 0.58980732
v 0.20318545 0.04253007 0.58976733
v 0.20318545 0.06597007 0.58976733
v 0.20325544 0.06206007 0.58980732
v 0.20318545 0.06206007 0.58976733
v 0.20325544 0.16362007 0.58980732
v 0.20318545 0.16753006 0.58976733
v 0.20325544 0.16753006 0.58980732
v 0.26961543 0.01518007 -0.62897266
v 0.26961543 0.01909007 -0.62897266
v 0.17580989 0.09809331 0.57357543
v 0.21885545 0.10503006 0.83195733
v 0.19934545 0.21440007 -0.58595265
v 0.19934545 0.21050007 -0.58595265
v 0.19944545 0.21050007 -0.58600266
v 0.19934545 0.21831006 -0.58595265
v 0.19934545 0.22222007 -0.58595265
v 0.19944545 0.08159007 -0.58600266
v 0.19944545 0.07768007 -0.58600266
v 0.19934545 0.08159007 -0.58595265
v 0.19194659 0.13564167 -0.48502964
v 0.20716544 0.10901007 -0.45710267
v 0.19941197 0.10503005 -0.58598591
v 0.14133136 0.22297682 -0.55062124
v 0.19934545 0.23003006 -0.58595265
v 0.19934545 0.19097007 -0.58595265
v 0.19944545 0.19097007 -0.58600266
v 0.20716544 0.10901007 -0.44928266
v 0.20716544 0.10901007 -0.44538267
v 0.20716544 0.10901007 -0.44147266
v 0.19934545 0.25347007 -0.58595265
v 0.19934545 0.25737006 -0.58595265
v 0.20672362 0.10978114 -0.43256538
v 0.19934545 0.10112007 -0.58595265
v 0.19934545 0.10503006 -0.58595265
v 0.20720544 0.10893007 -0.46100266
v 0.21885545 0.25347007 0.83195733
v 0.21888544 0.24956006 0.83196734
v 0.21888544 0.25347007 0.83196734
v 0.21885545 0.14409006 0.83195733
v 0.20318545 0.19487007 0.58976733
v 0.21885545 0.07768007 0.83195733
v 0.21888544 0.07378006 0.83196734
v 0.21885545 0.12456007 0.83195733
v 0.21885545 0.12847007 0.83195733
v 0.21888544 0.12456007 0.83196734
v 0.19944545 0.14800007 -0.58600266
v 0.19934545 0.15190007 -0.58595265
v 0.20325544 0.20268007 0.58980732
v 0.20325544 0.24175007 0.58980732
v 0.19944545 0.24565007 -0.58600266
v 0.21043886 0.25737693 -0.59273930
v 0.19944545 0.14409006 -0.58600266
v 0.19934545 0.14800007 -0.58595265
v 0.19934545 0.15581006 -0.58595265
v 0.19934545 0.20659006 -0.58595265
v 0.19934545 0.22612007 -0.58595265
v 0.19944545 0.22222007 -0.58600266
v 0.19944545 0.22612007 -0.58600266
v 0.18533428 0.20439108 0.57920767
v 0.19150828 0.28031006 0.58286120
v 0.20318545 0.24565007 0.58976733
v 0.20318545 0.24175007 0.58976733
v 0.20318545 0.26128006 0.58976733
v 0.20318545 0.25737006 0.58976733
v 0.20318545 0.21050007 0.58976733
v 0.20318545 0.21440007 0.58976733
v 0.20325544 0.21050007 0.58980732
v 0.21888544 0.19097007 0.83196734
v 0.20325544 0.20659006 0.58980732
v 0.26966544 0.05034007 -0.62900264
v 0.26966544 0.05425007 -0.62900264
v 0.26961543 0.05425007 -0.62897266
v 0.20325544 0.15972007 0.58980732
v 0.20318545 0.16362007 0.58976733
v 0.26961543 -0.07464993 -0.62897266
v 0.19934545 0.26518006 -0.58595265
v 0.19934545 0.26909006 -0.58595265
v 0.21885545 0.21831006 0.83195733
v 0.21888544 0.21440007 0.83196734
v 0.20318545 0.19878006 0.58976733
v 0.20318545 0.20268007 0.58976733
v 0.21885545 0.12065007 0.83195733
v 0.21283341 0.30468889 -0.59434557
v 0.21885545 0.17143007 0.83195733
v 0.21885545 0.17534006 0.83195733
v 0.21888544 0.17143007 0.83196734
v 0.21885545 0.27300007 0.83195733
v 0.21885545 0.27690006 0.83195733
v 0.21888544 0.27300007 0.83196734
v 0.20318545 0.14800007 0.58976733
v 0.20318545 0.14409006 0.58976733
v 0.21885545 0.24565007 0.83195733
v 0.21885545 0.23784006 0.83195733
v 0.21888544 0.23393007 0.83196734
v 0.21888544 0.23784006 0.83196734
v 0.19944545 0.26128006 -0.58600266
v 0.21888544 0.16753006 0.83196734
v 0.20318545 0.21831006 0.58976733
v 0.20325544 0.21831006 0.58980732
v 0.20325544 0.21440007 0.58980732
v 0.20318545 0.24956006 0.58976733
v 0.20325544 0.24956006 0.58980732
v 0.20325544 0.24565007 0.58980732
v 0.20318545 0.22222007 0.58976733
v 0.20325544 0.22222007 0.58980732
v 0.21888544 0.19878006 0.83196734
v 0.21885545 0.24175007 0.83195733
v 0.21888544 0.24175007 0.83196734
v 0.20325544 0.22612007 0.58980732
v 0.20318545 0.23003006 0.58976733
v 0.20325544 0.23003006 0.58980732
v 0.19944545 0.25347007 -0.58600266
v 0.19944545 0.24956006 -0.58600266
v 0.20325544 0.26128006 0.58980732
v 0.20318545 0.26518006 0.58976733
v 0.20318545 0.25347007 0.58976733
v 0.20322963 0.26516029 0.58979258
v 0.20325544 0.25347007 0.58980732
v 0.21885545 0.20659006 0.83195733
v 0.21885545 0.26128006 0.83195733
v 0.21885545 0.22222007 0.83195733
v 0.21885545 0.22612007 0.83195733
v 0.21888544 0.22222007 0.83196734
v 0.21888544 0.22612007 0.83196734
v 0.21885545 0.23003006 0.83195733
v 0.21888544 0.28081006 0.83196734
v 0.21887342 0.28101464 0.83196333
v 0.21885545 0.28081006 0.83195733
v 0.21888544 0.27690006 0.83196734
v 0.19902284 0.31990777 0.79664327
v 0.19934545 0.27300007 -0.58595265
v 0.21888544 0.20659006 0.83196734
v 0.22282232 0.24413805 0.60138094
v 0.19209234 0.23796103 0.58320671
v 0.19944545 -0.00042993 -0.58600266
v 0.19934545 -0.00042993 -0.58595265
v 0.24231545 -0.18958993 0.23820733
v 0.24620544 -0.19183993 0.23820733
v 0.24622544 -0.19183993 0.23825734
v 0.24622544 -0.19184993 0.23820733
v 0.18475054 -0.12575619 0.33224582
v 0.24622544 -0.19184993 0.23429732
v 0.24620544 -0.19183993 0.23038733
v 0.24620544 -0.19183993 0.23429732
v 0.19934545 0.03081007 -0.58595265
v 0.16464141 -0.13601123 -0.32955926
v 0.26966544 -0.03948993 -0.62900264
v 0.21888544 -0.03167993 0.83196734
v 0.21888544 -0.02777993 0.83196734
v 0.21885545 -0.02777993 0.83195733
v 0.20004247 -0.14293797 0.82044636
v 0.21885545 -0.08245993 0.83195733
v 0.19944545 -0.05902993 -0.58600266
v 0.19944545 -0.06292993 -0.58600266
v 0.21888544 -0.00433993 0.83196734
v 0.21885545 -0.00042993 0.83195733
v 0.41028543 0.31987006 -0.84387268
v 0.40638544 0.31990007 -0.84382267
v 0.41028543 0.31990007 -0.84382267
v 0.19934545 -0.03948993 -0.58595265
v 0.19934545 -0.01214993 -0.58595265
v 0.22753685 0.01891761 -0.60320170
v 0.26961543 -0.03558993 -0.62897266
v 0.26961543 -0.03167993 -0.62897266
v 0.19944545 -0.03167993 -0.58600266
v 0.21257514 -0.05400597 0.28422987
v 0.19934545 0.01518007 -0.58595265
v 0.18317994 -0.11296642 0.54616894
v 0.14189615 -0.09956237 0.55336936
v 0.21885545 -0.05902993 0.83195733
v 0.19934545 -0.03167993 -0.58595265
v 0.21885545 -0.09417993 0.83195733
v 0.21885545 -0.00433993 0.83195733
v 0.21888544 0.00737007 0.83196734
v 0.21888544 0.01128007 0.83196734
v 0.21888544 -0.07464993 0.83196734
v 0.21885545 -0.07073993 0.83195733
v 0.20318545 -0.04339993 0.58976733
v 0.20325544 -0.01995993 0.58980732
v 0.20318545 -0.01995993 0.58976733
v 0.20325544 -0.00823993 0.58980732
v 0.21885545 -0.03558993 0.83195733
v 0.21885545 -0.03167993 0.83195733
v 0.21888544 -0.03558993 0.83196734
v 0.21885545 -0.10198993 0.83195733
v 0.21888544 0.02300007 0.83196734
v 0.21885545 0.02300007 0.83195733
v 0.21888544 -0.05511993 0.83196734
v 0.21888544 -0.05902993 0.83196734
v 0.19934545 -0.00823993 -0.58595265
v 0.19944545 -0.01214993 -0.58600266
v 0.26961543 -0.00823993 -0.62897266
v 0.19934545 -0.03558993 -0.58595265
v 0.19944545 -0.03948993 -0.58600266
v 0.26214286 -0.06034408 -0.62440824
v 0.26961543 -0.07855993 -0.62897266
v 0.20318545 -0.03558993 0.58976733
v 0.20318545 0.03081007 0.58976733
v 0.21888544 -0.04730993 0.83196734
v 0.20318545 0.02690007 0.58976733
v 0.21888544 0.02690007 0.83196734
v 0.21885545 0.02690007 0.83195733
v 0.21885545 -0.05511993 0.83195733
v 0.20253032 -0.01931716 0.58938116
v 0.21885545 0.08940007 0.83195733
v 0.19934545 0.07768007 -0.58595265
v 0.26961543 -0.05511993 -0.62897266
v 0.26966544 -0.05511993 -0.62900264
v 0.26961543 -0.05120993 -0.62897266
v 0.19944545 0.09722007 -0.58600266
v 0.19944545 0.01518007 -0.58600266
v 0.19944545 -0.02386993 -0.58600266
v 0.20325544 0.01518007 0.58980732
v 0.21885545 0.05815007 0.83195733
v 0.21885545 0.06206007 0.83195733
v 0.21888544 0.05815007 0.83196734
v 0.21885545 0.00737007 0.83195733
v 0.21885545 0.01518007 0.83195733
v 0.21885545 0.06597007 0.83195733
v 0.21885545 0.03081007 0.83195733
v 0.21888544 0.06206007 0.83196734
v 0.20325544 0.03081007 0.58980732
v 0.26966544 -0.03558993 -0.62900264
v 0.26966544 0.03081007 -0.62900264
v 0.26966544 0.03472007 -0.62900264
v 0.26961543 0.03472007 -0.62897266
v 0.19944545 0.06206007 -0.58600266
v 0.19944545 0.05815007 -0.58600266
v 0.21888544 0.04647007 0.17960734
v 0.21497544 0.04647007 0.17960734
v 0.21888544 0.04643007 0.17964733
v 0.20318545 0.00737007 0.58976733
v 0.21888544 0.08940007 0.83196734
v 0.21885545 0.09331007 0.83195733
v 0.20318545 0.05034007 0.58976733
v 0.21888544 0.05034007 0.83196734
v 0.21885545 0.05425007 0.83195733
v 0.21888544 0.05425007 0.83196734
v 0.20318545 0.12456007 0.58976733
v 0.20318545 0.12065007 0.58976733
v 0.20318545 0.05425007 0.58976733
v 0.20720544 0.10893007 -0.44147266
v 0.19944545 0.03081007 -0.58600266
v 0.26961543 -0.04339993 -0.62897266
v 0.26961543 -0.03948993 -0.62897266
v 0.19934545 0.20268007 -0.58595265
v 0.19944545 0.08550007 -0.58600266
v 0.19934545 0.08550007 -0.58595265
v 0.23812479 0.01686026 0.06822101
v 0.20970130 0.02815316 0.06300755
v 0.21885545 0.09722007 0.83195733
v 0.13940609 0.30527072 0.78496226
v 0.28001648 0.03945972 0.47740872
v 0.19944545 0.04643007 -0.58600266
v 0.19944545 0.05425007 -0.58600266
v 0.19934545 0.12847007 -0.58595265
v 0.19934545 0.13237007 -0.58595265
v 0.19944545 0.03862007 -0.58600266
v 0.19944545 0.09331007 -0.58600266
v 0.19944545 0.10112007 -0.58600266
v 0.19944545 0.12847007 -0.58600266
v 0.21372544 0.09722007 -0.44428173
v 0.19944545 0.12456007 -0.58600266
v 0.24620544 -0.19183993 0.22257734
v 0.23453090 0.01526493 0.07012320
v 0.23375420 0.08625072 -0.60701002
v 0.21217593 0.04141777 0.18218841
v 0.20664097 0.04419273 0.18313370
v 0.23464274 0.01516160 0.21086288
v 0.21885545 0.25737006 0.83195733
v 0.21888544 0.25737006 0.83196734
v 0.20325544 0.05034007 0.58980732
v 0.21885545 0.07378006 0.83195733
v 0.21888544 0.12065007 0.83196734
v 0.20325544 0.08550007 0.58980732
v 0.18752770 0.12903575 0.58050633
v 0.30653371 -0.10087264 0.64307680
v 0.21885545 0.06987007 0.83195733
v 0.21888544 0.06987007 0.83196734
v 0.22292981 -0.01588158 0.60144657
v 0.21888544 0.06597007 0.83196734
v 0.26966544 -0.03167993 -0.62900264
v 0.26961543 -0.02777993 -0.62897266
v 0.20318545 0.12847007 0.58976733
v 0.20325544 0.12847007 0.58980732
v 0.20325544 0.12456007 0.58980732
v 0.20318545 0.15190007 0.58976733
v 0.19190040 0.11340103 -0.58138738
v 0.26966544 -0.01995993 -0.62900264
v 0.26961543 -0.01605993 -0.62897266
v 0.20720544 0.10893007 -0.43757267
v 0.19944545 0.12065007 -0.58600266
v 0.20716544 0.10901007 -0.45319266
v 0.20716544 0.10901007 -0.43757267
v 0.20716544 0.10901007 -0.43366266
v 0.21888544 0.09331007 0.83196734
v 0.21888544 0.09722007 0.83196734
v 0.22278545 0.04643007 0.17964733
v 0.20724137 0.10886528 0.36708995
v 0.20494544 0.11284007 0.36710732
v 0.20716544 0.10901007 0.36710732
v 0.17566004 -0.08826318 0.80640480
v 0.20720544 0.10893007 0.36710732
v 0.20720544 0.10893007 0.37101733
v 0.20716544 0.10901007 0.37101733
v 0.22279305 0.08451894 0.60136246
v 0.23359621 0.06555699 0.84067715
v 0.20318545 0.14018007 0.58976733
v 0.20325544 0.14018007 0.58980732
v 0.21885545 0.13628006 0.83195733
v 0.21888544 0.13237007 0.83196734
v 0.21888544 0.13628006 0.83196734
v 0.19547471 0.13095513 0.81812516
v 0.20318545 0.08940007 0.58976733
v 0.20325544 0.08940007 0.58980732
v 0.21888544 0.10112007 0.83196734
v 0.21888544 0.10503006 0.83196734
v 0.21885545 0.17925007 0.83195733
v 0.21888544 0.17534006 0.83196734
v 0.20318545 0.09331007 0.58976733
v 0.20318545 0.08550007 0.58976733
v 0.21885545 0.10893007 0.83195733
v 0.18034910 0.15696502 -0.57430889
v 0.21885545 0.10112007 0.83195733
v 0.21885545 0.15972007 0.83195733
v 0.20318545 0.11284007 0.58976733
v 0.20325544 0.17143007 0.58980732
v 0.20325544 0.10112007 0.58980732
v 0.20318545 0.10503006 0.58976733
v 0.20318545 0.11675007 0.58976733
v 0.20325544 0.11675007 0.58980732
v 0.20325544 0.11284007 0.58980732
v 0.21885545 0.11675007 0.83195733
v 0.20318545 0.10112007 0.58976733
v 0.20318545 0.17534006 0.58976733
v 0.21888544 0.11675007 0.83196734
v 0.19934545 0.24565007 -0.58595265
v 0.19934545 0.24956006 -0.58595265
v 0.26966544 0.01518007 -0.62900264
v 0.26966544 0.01909007 -0.62900264
v 0.19933761 0.17736991 -0.58594860
v 0.19944545 0.14018007 -0.58600266
v 0.21885545 0.15581006 0.83195733
v 0.21888544 0.15581006 0.83196734
v 0.21885545 0.23393007 0.83195733
v 0.22277415 0.14607202 0.60135142
v 0.21888544 0.23003006 0.83196734
v 0.20325544 0.19878006 0.58980732
v 0.20318545 0.17143007 0.58976733
v 0.23853366 0.17981081 0.84359592
v 0.21888544 0.14018007 0.83196734
v 0.21888544 0.15190007 0.83196734
v 0.20318545 0.15972007 0.58976733
v 0.20325544 0.19487007 0.58980732
v 0.20325544 0.12065007 0.58980732
v 0.21888544 0.15972007 0.83196734
v 0.21888544 0.14409006 0.83196734
v 0.20318545 0.20659006 0.58976733
v 0.21885545 0.14018007 0.83195733
v 0.21885545 0.13237007 0.83195733
v 0.21888544 0.16362007 0.83196734
v 0.19944545 0.20659006 -0.58600266
v 0.20318545 0.18315007 0.58976733
v 0.20325544 0.18315007 0.58980732
v 0.39075544 -0.01995993 -0.91808267
v 0.38684543 -0.01989993 -0.91803266
v 0.39075544 -0.01989993 -0.91803266
v 0.21888544 0.12847007 0.83196734
v 0.19934545 0.15972007 -0.58595265
v 0.19944545 0.15972007 -0.58600266
v 0.19934545 0.16362007 -0.58595265
v 0.19944545 0.15581006 -0.58600266
v 0.28040794 0.08598507 -0.63493019
v 0.19944545 0.20268007 -0.58600266
v 0.42981543 0.30425007 -0.86619265
v 0.21885545 0.14800007 0.83195733
v 0.21885545 0.18315007 0.83195733
v 0.21888544 0.17925007 0.83196734
v 0.21888544 0.18315007 0.83196734
v 0.20325544 0.25737006 0.58980732
v 0.20318545 0.13237007 0.58976733
v 0.21888544 0.14800007 0.83196734
v 0.19944545 0.21831006 -0.58600266
v 0.20318545 0.23393007 0.58976733
v 0.19944545 0.19878006 -0.58600266
v 0.19944545 0.18706006 -0.58600266
v 0.43973230 0.33268575 0.65075563
v 0.21888544 0.26128006 0.83196734
v 0.21888544 0.24565007 0.83196734
v 0.22289538 0.19327594 0.60142543
v 0.21885545 0.20268007 0.83195733
v 0.21888544 0.20268007 0.83196734
v 0.20318545 0.22612007 0.58976733
v 0.21885545 0.16362007 0.83195733
v 0.21888544 0.21831006 0.83196734
v 0.21885545 0.24956006 0.83195733
v 0.32825544 0.31597007 -0.85009266
v 0.32974625 0.31329839 -0.85440075
v 0.19934545 0.26128006 -0.58595265
v 0.46106543 0.32527006 0.60929732
v 0.23134477 0.14784028 -0.60553505
v 0.19944545 0.24175007 -0.58600266
v 0.19944545 0.25737006 -0.58600266
v 0.19944545 0.26518006 -0.58600266
v 0.19944545 0.26909006 -0.58600266
v 0.21885545 0.26518006 0.83195733
v 0.45719545 0.10503006 -0.16413267
v 0.23317610 -0.06291905 0.84042719
v 0.41028543 0.31597007 0.63656734
v 0.41021543 0.31597007 0.63663732
v 0.41028543 0.31599007 0.63663732
v 0.40638544 0.31446007 0.63663732
v 0.41408544 0.31597007 0.63273733
v 0.24620544 -0.19183993 0.22648733
v 0.42221523 0.30769486 -0.86327807
v 0.20716544 0.32378006 0.79520731
v 0.26966544 0.01128007 -0.62900264
v 0.45325544 -0.18009993 -0.55475266
v 0.30481543 0.31984008 -0.84382267
v 0.30022817 0.31984346 -0.84380014
v 0.24622544 -0.19184993 0.22648733
v 0.24622544 -0.19184993 0.22257734
v 0.14231450 0.33288486 0.74095892
v 0.21355581 0.23993418 0.82881972
v 0.30481543 0.31985006 0.84367733
v 0.30481543 0.31987006 0.84363734
v 0.22237224 -0.04602185 0.60111209
v 0.26966544 0.00347007 -0.62900264
v 0.26966544 0.00737007 -0.62900264
v 0.26961543 0.00737007 -0.62897266
v 0.30604572 -0.22479584 0.23217477
v 0.23577327 0.00430081 0.84196634
v 0.26966544 -0.07464993 -0.62900264
v 0.26966544 -0.07073993 -0.62900264
v 0.26961543 -0.07073993 -0.62897266
v 0.23059545 0.01416007 0.07023733
v 0.26966544 -0.05120993 -0.62900264
v 0.26966544 -0.02777993 -0.62900264
v 0.26961543 -0.06292993 -0.62897266
v 0.26966544 -0.06292993 -0.62900264
v 0.26961543 -0.05902993 -0.62897266
v 0.21245032 -0.04361366 0.09684437
v 0.46888544 -0.17620994 -0.53123267
v 0.26961543 0.00347007 -0.62897266
v 0.26961543 -0.01995993 -0.62897266
v 0.26966544 -0.05902993 -0.62900264
v 0.26966544 -0.04339993 -0.62900264
v 0.26961543 -0.06683993 -0.62897266
v 0.22737335 -0.04957753 0.17293229
v 0.26966544 -0.04730993 -0.62900264
v 0.26966544 0.02690007 -0.62900264
v 0.26961543 0.03081007 -0.62897266
v 0.26966544 -0.02386993 -0.62900264
v 0.26961543 -0.02386993 -0.62897266
v 0.26961543 0.04643007 -0.62897266
v 0.26961543 0.05034007 -0.62897266
v 0.26966544 -0.06683993 -0.62900264
v 0.23459544 0.01518007 0.07413733
v 0.23450544 0.01518007 0.07023733
v 0.23451545 0.01518007 0.07023733
v 0.23450544 0.01516007 0.07804733
v 0.23450544 0.01516007 0.07413733
v 0.23450544 0.01516007 0.20695733
v 0.23459544 0.01518007 0.20304732
v 0.23450544 0.01807007 0.21476733
v 0.23445687 0.01517939 0.21090949
v 0.22287373 0.04640171 0.17955562
v 0.24245413 0.01722288 0.09489949
v 0.26273422 0.02844738 0.07560441
v 0.26616535 0.03028298 0.19278419
v 0.23157487 0.03865754 0.18351092
v 0.23459544 0.01518007 0.20695733
v 0.23450544 0.01516007 0.21085734
v 0.19380395 0.08898369 0.16228675
v 0.22263917 0.02476870 0.60127140
v 0.47684543 -0.18402993 -0.53913267
v 0.47852066 -0.18791062 -0.54534474
v 0.46106543 0.32378006 0.60546731
v 0.45726546 0.32378006 0.60929732
v 0.20066582 0.06889706 0.82119424
v 0.32870643 0.04849485 0.86794059
v 0.26961543 -0.00433993 -0.62897266
v 0.26961543 -0.00042993 -0.62897266
v 0.26961543 0.02300007 -0.62897266
v 0.26961543 0.02690007 -0.62897266
v 0.24995305 0.34835356 -0.71712139
v 0.21660653 0.04340184 0.22840072
v 0.33494936 -0.11759872 0.98433066
v 0.26961543 0.05815007 -0.62897266
v 0.09880916 0.16685677 -0.76587004
v 0.22795604 0.20587752 -0.60345743
v 0.20862052 0.19171692 0.82590076
v 0.40141750 0.31633363 0.64679162
v 0.26966544 -0.08636993 -0.62900264
v 0.31263544 0.31258005 0.85538732
v 0.41419544 0.31601006 0.63273733
v 0.41809543 0.31602008 0.62882732
v 0.42591544 0.31991005 0.84367733
v 0.42200544 0.31991005 0.84367733
v 0.42591544 0.31987006 0.84373735
v 0.33606543 0.31986008 -0.84382267
v 0.33216544 0.31986008 -0.84382267
v 0.33216544 0.31987006 -0.84379269
v 0.41795545 0.31597007 0.62882732
v 0.41419544 0.31597007 0.63262736
v 0.46114545 0.32378006 0.60538732
v 0.23475671 0.33258220 0.79733795
v 0.25857428 -0.19921795 0.20972906
v 0.28677334 -0.05750314 -0.63678331
v 0.26966544 -0.08245993 -0.62900264
v 0.26961543 0.01128007 -0.62897266
v 0.46106543 -0.16450993 0.51554732
v 0.26966544 -0.07855993 -0.62900264
v 0.26961543 -0.04730993 -0.62897266
v 0.46888544 -0.18202993 -0.54303266
v 0.46888544 -0.18011993 -0.53916265
v 0.46500545 -0.18011993 -0.54303266
v 0.26966544 -0.00823993 -0.62900264
v 0.27786308 0.03940750 0.86679906
v 0.28138544 -0.01263993 -0.63531269
v 0.37122544 -0.01995993 -0.91808267
v 0.36731543 -0.01989993 -0.91803266
v 0.37122544 -0.01989993 -0.91803266
v 0.26966544 0.02300007 -0.62900264
v 0.28101888 0.05082944 -0.63516925
v 0.28040794 0.00212601 -0.63493019
v 0.26966544 0.04253007 -0.62900264
v 0.26966544 0.04643007 -0.62900264
v 0.32593061 -0.12092848 0.96817841
v 0.39856543 0.32378006 -0.83757265
v 0.40247544 0.32475007 -0.83600266
v 0.40247544 0.31990007 -0.84382267
v 0.39786473 0.30610534 0.62453885
v 0.23736073 0.25740093 0.84290225
v 0.32434543 0.31985006 -0.84382267
v 0.30872544 0.31984008 -0.84382267
v 0.30481543 0.31987006 -0.84376265
v 0.31263544 0.31984008 -0.84382267
v 0.30872544 0.31987006 -0.84376265
v 0.27826665 0.30482554 0.86666050
v 0.31263544 0.31985006 0.84367733
v 0.30872544 0.31985006 0.84367733
v 0.49622544 -0.18011993 -0.51182265
v 0.49622544 -0.18394993 -0.51960267
v 0.50013544 -0.18394993 -0.51569266
v 0.32498782 0.33084539 -0.82601570
v 0.50013544 -0.17620994 -0.49998267
v 0.50013544 -0.17625993 -0.50007267
v 0.50403543 -0.17625993 -0.49616266
v 0.50794544 -0.18009993 -0.50007267
v 0.50724023 0.31711804 -0.46162326
v 0.45325544 0.32179007 -0.52350266
v 0.45716544 0.32378006 -0.52345265
v 0.32461270 0.32451647 0.83618048
v 0.35559543 0.31597007 0.84998732
v 0.30872544 0.31987006 0.84363734
v 0.31263544 0.31987006 0.84364735
v 0.35863256 0.31421634 -0.85293800
v 0.37513544 0.31987006 -0.84384270
v 0.37903543 0.31987006 -0.84385265
v 0.32434543 0.31987006 -0.84378267
v 0.32825544 0.31987006 -0.84379269
v 0.35950544 -0.01989993 0.91788732
v 0.36341544 -0.01989993 0.91788732
v 0.23096104 -0.12400626 -0.02379717
v 0.36731543 -0.01995993 -0.91808267
v 0.36341544 -0.01995993 -0.91808267
v 0.36341544 -0.01989993 -0.91803266
v 0.50013544 -0.18402993 -0.51584269
v 0.45183553 -0.18135873 -0.56149734
v 0.27755437 -0.08996288 0.86664025
v 0.31000961 -0.10003499 -0.63639876
v 0.38492180 0.07940595 -0.86975838
v 0.39130855 -0.00817166 -0.91004820
v 0.39931304 -0.00832623 -0.91014876
v 0.40133724 0.07048117 0.17670648
v 0.39466544 -0.01995993 -0.91808267
v 0.33749483 -0.00840056 -0.90952752
v 0.61805042 -0.13424160 -0.27838049
v 0.39466544 -0.10582993 0.97648733
v 0.39028713 -0.09138377 0.96660012
v 0.31263544 0.31987006 -0.84377266
v 0.35169544 0.31987006 0.84368734
v 0.35559543 0.31987006 0.84369736
v 0.46488543 -0.17620994 -0.53522266
v 0.46497544 -0.17625993 -0.53522266
v 0.46497544 -0.17620994 -0.53513266
v 0.38684543 -0.01995993 0.91793733
v 0.39466544 -0.01989993 -0.91803266
v 0.49231543 -0.18009993 -0.51569266
v 0.48841544 -0.18009993 -0.51960267
v 0.48844545 -0.18011993 -0.51960267
v 0.46560693 -0.18438326 -0.55107738
v 0.45716544 0.10501007 0.39835732
v 0.45716544 0.10501007 0.40226733
v 0.45716409 0.32380880 -0.52350121
v 0.31653543 0.31984008 -0.84382267
v 0.30091544 0.31987006 -0.84375269
v 0.33749544 0.31987006 0.84367733
v 0.33997544 0.31987006 0.84367733
v 0.31653543 0.31987006 -0.84377266
v 0.32825544 0.31985006 -0.84382267
v 0.45716544 -0.17620994 -0.54295267
v 0.46106543 -0.17625993 -0.53913267
v 0.46889217 0.32377510 0.59757438
v 0.46888544 0.32377008 0.59757732
v 0.49231543 -0.17625993 -0.50788267
v 0.49222543 -0.17620994 -0.50788267
v 0.48841544 -0.17620994 -0.51170267
v 0.46101545 0.32378006 -0.51960267
v 0.46106543 0.32179007 -0.51569266
v 0.47278543 -0.17625993 -0.52741266
v 0.47669544 -0.18009993 -0.53132267
v 0.47669544 -0.17625993 -0.52350266
v 0.34388544 0.31987006 0.84367733
v 0.33997544 0.31745008 0.84757732
v 0.34778543 0.31987006 0.84368734
v 0.39889727 0.09264998 0.62234524
v 0.34388544 0.31987006 -0.84382267
v 0.33997544 0.31987006 -0.84380264
v 0.34388544 0.31987006 -0.84381266
v 0.33997544 0.31986008 -0.84382267
v 0.45325544 0.31991005 0.84367733
v 0.45325544 0.31987006 0.84373735
v 0.45716544 0.31987006 0.84373735
v 0.34778543 0.31987006 -0.84382267
v 0.32044544 0.31986008 0.84367733
v 0.32434543 0.31986008 0.84367733
v 0.32434543 0.31987006 0.84365730
v 0.32044544 0.31987006 0.84364735
v 0.32825544 0.31986008 0.84367733
v 0.34778543 0.31988007 0.84367733
v 0.32825544 0.31987006 0.84365730
v 0.31653543 0.31987006 0.84364735
v 0.31653543 0.31986008 0.84367733
v 0.34389211 -0.02491944 -0.92145736
v 0.35169544 -0.01995993 -0.91808267
v 0.51260087 -0.21508217 -0.56661017
v 0.49838356 -0.15579126 0.46584994
v 0.45716544 -0.18009993 -0.55085267
v 0.45719545 -0.18011993 -0.55085267
v 0.46106543 -0.18009993 -0.54694266
v 0.46497544 -0.18011993 -0.54307265
v 0.46497544 -0.18009993 -0.54303266
v 0.37610969 -0.03166128 0.92591533
v 0.35169544 -0.01989993 -0.91803266
v 0.35559543 -0.01989993 -0.91803266
v 0.44134014 0.09525903 -0.15076165
v 0.46106543 -0.17620994 -0.53904266
v 0.39856543 -0.01995993 -0.91808267
v 0.37513544 -0.10589993 0.97653734
v 0.35559222 -0.01992603 0.91790910
v 0.33173478 -0.11367067 0.98112760
v 0.42778734 0.08688906 0.43068254
v 0.34387476 -0.01550001 -0.91504113
v 0.39075544 -0.10582993 0.97648733
v 0.39075544 0.31987006 -0.84386266
v 0.40247544 -0.01989993 0.91788732
v 0.40638544 -0.01995993 0.91793733
v 0.40638544 -0.01989993 0.91788732
v 0.33025975 -0.02214678 0.91782466
v 0.34388544 -0.01989993 -0.91803266
v 0.34360545 -0.01995993 -0.91803266
v 0.37513625 -0.00823515 -0.91009021
v 0.41028543 -0.01989993 -0.91803266
v 0.40442794 -0.01605993 -0.91542269
v 0.33164434 0.03305563 0.88122376
v 0.35950544 -0.01995993 0.91793733
v 0.36341544 -0.01995993 0.91793733
v 0.34388544 -0.01995993 -0.91808267
v 0.35559543 -0.01995993 -0.91808267
v 0.36731543 -0.01995993 0.91793733
v 0.34778543 0.32378006 -0.83751268
v 0.35950544 -0.01995993 -0.91808267
v 0.35950544 -0.01989993 -0.91803266
v 0.27475528 0.32443445 0.64829105
v 0.37122544 0.31990007 0.84367733
v 0.36731543 0.31989006 0.84367733
v 0.37122544 0.31987006 0.84371733
v 0.20359136 0.11439835 0.04472169
v 0.41224044 -0.00833993 -0.91015766
v 0.42513118 -0.00823509 -0.91008994
v 0.32507749 0.30776750 0.86305939
v 0.35559543 -0.01989993 0.91788732
v 0.37122544 -0.01995993 0.91793733
v 0.45716544 0.10501007 0.07804733
v 0.45716544 0.10501007 0.08195733
v 0.45719545 0.10503006 0.07804733
v 0.34778543 0.31987006 -0.84381266
v 0.33606543 0.31987006 0.84367733
v 0.33216544 0.31987006 0.84367733
v 0.33606543 0.31987006 0.84366732
v 0.34388544 0.31988007 0.84367733
v 0.38294544 0.31987006 -0.84385265
v 0.38684543 0.31987006 -0.84386266
v 0.24187808 0.13668637 0.28483401
v 0.36731543 0.31987006 0.84370731
v 0.27780205 0.11653071 0.86680436
v 0.32044544 0.31985006 -0.84382267
v 0.36731543 -0.01989993 0.91788732
v 0.37122544 -0.01989993 0.91788732
v 0.45716544 0.10501007 -0.10944267
v 0.45716544 0.10501007 -0.10553267
v 0.42190546 0.31596306 0.62483745
v 0.42657990 0.31597228 0.62014350
v 0.33606543 0.31987006 -0.84380264
v 0.37162055 0.30774579 -0.86322736
v 0.41038109 -0.00830130 0.90998713
v 0.36910398 0.33108820 -0.82563289
v 0.32044544 0.31987006 -0.84378267
v 0.35559543 0.31987006 -0.84382267
v 0.35950544 0.31987006 -0.84383268
v 0.38294544 -0.01995993 -0.91808267
v 0.38684543 -0.01995993 -0.91808267
v 0.38294544 -0.01989993 -0.91803266
v 0.35950544 0.31988007 -0.84382267
v 0.39466544 0.31987006 -0.84386266
v 0.39856543 0.31987006 -0.84386266
v 0.35146546 0.31987006 -0.84382267
v 0.45331587 0.30533500 0.86639019
v 0.37903543 0.31989006 -0.84382267
v 0.38294544 0.31990007 -0.84382267
v 0.42200544 0.31603006 0.62492733
v 0.48450544 -0.16233994 0.48820733
v 0.34778543 -0.01989993 -0.91803266
v 0.51575544 -0.17625993 -0.48444266
v 0.52356543 -0.18009993 -0.48444266
v 0.51966544 -0.17625993 -0.48053266
v 0.51966544 -0.18009993 -0.48835267
v 0.40390341 0.33297480 -0.82136697
v 0.36341544 0.31987006 -0.84383268
v 0.36731543 0.31987006 -0.84383268
v 0.46888544 -0.17625993 -0.53132267
v 0.38684543 0.31991005 0.84367733
v 0.38294544 0.31990007 0.84367733
v 0.38684543 0.31987006 0.84372734
v 0.47514427 0.30485072 -0.86682411
v 0.39466544 0.31990007 -0.84382267
v 0.39075544 0.31990007 -0.84382267
v 0.41419544 0.31449006 0.62882732
v 0.46497544 0.32376007 0.60148733
v 0.33216544 0.31987006 0.84366732
v 0.36341544 0.31989006 0.84367733
v 0.36341544 0.31988007 -0.84382267
v 0.36341544 0.31987006 0.84370731
v 0.37903543 -0.01995993 -0.91808267
v 0.35950544 0.31989006 0.84367733
v 0.35169544 0.31988007 0.84367733
v 0.35559543 0.31988007 0.84367733
v 0.35950544 0.31987006 0.84369736
v 0.37513544 -0.01995993 -0.91808267
v 0.34778543 -0.01995993 -0.91808267
v 0.39075544 -0.01989993 0.91788732
v 0.39075544 -0.01995993 0.91793733
v 0.38684543 0.31990007 -0.84382267
v 0.45088886 0.31736962 -0.51842008
v 0.38685044 -0.01605993 -0.91542269
v 0.37903543 -0.10582993 0.97648733
v 0.38294544 -0.10582993 0.97648733
v 0.48450544 -0.18202993 -0.52741266
v 0.48453545 -0.18011993 -0.52350266
v 0.37513544 -0.01989993 -0.91803266
v 0.38294544 -0.10589993 0.97653734
v 0.42112782 0.08280037 0.13008132
v 0.37513544 -0.01995993 0.91793733
v 0.37903543 -0.01995993 0.91793733
v 0.37513544 -0.01989993 0.91788732
v 0.48059543 -0.18011993 -0.52744265
v 0.47672545 -0.18011993 -0.53132267
v 0.46497544 -0.18394993 -0.55085267
v 0.37903543 -0.10589993 0.97653734
v 0.38837489 -0.11888634 0.98275029
v 0.38902367 -0.01589504 0.91516362
v 0.40638544 -0.00823993 0.90994732
v 0.40443044 -0.00833993 0.91001232
v 0.45716544 -0.18202993 -0.55475266
v 0.40638544 -0.00823993 -0.91009266
v 0.40443044 -0.00833993 -0.91015766
v 0.42867401 -0.12563309 0.52665241
v 0.40638544 -0.01989993 -0.91803266
v 0.37903543 -0.09808993 0.97120731
v 0.48059543 -0.17625993 -0.51960267
v 0.38684543 -0.10589993 0.97653734
v 0.39075544 -0.10589993 0.97653734
v 0.12978288 -0.18879751 -0.74473969
v 0.39466544 -0.01989993 0.91788732
v 0.39856543 -0.01989993 0.91788732
v 0.40247544 0.31991005 0.84367733
v 0.39856543 0.31991005 0.84367733
v 0.40247544 0.31987006 0.84373735
v 0.45716544 -0.18011993 -0.55088265
v 0.37903543 -0.01989993 0.91788732
v 0.39466544 -0.10589993 0.97653734
v 0.37122544 0.31987006 -0.84384270
v 0.37122544 0.31989006 -0.84382267
v 0.45719545 0.10503006 -0.41413267
v 0.45719545 0.10503006 -0.41022266
v 0.42729315 0.30599420 -0.54027660
v 0.41028543 -0.00843993 -0.91022266
v 0.41243969 0.33297909 0.67947726
v 0.40247544 -0.01995993 0.91793733
v 0.39856543 0.31990007 -0.84382267
v 0.41419544 0.31987006 -0.84387268
v 0.46645134 0.33149373 0.62000269
v 0.42591544 0.31604007 0.62101733
v 0.37903543 -0.01989993 -0.91803266
v 0.42591544 0.31987006 -0.84387268
v 0.37513544 0.31989006 -0.84382267
v 0.68808831 -0.00009267 0.79564507
v 0.47278543 -0.18009993 -0.53522266
v 0.47281545 -0.18011993 -0.53522266
v 0.47669544 -0.18011993 -0.53135265
v 0.36731543 0.31988007 -0.84382267
v 0.45716544 0.31991005 0.84367733
v 0.39154875 0.33303031 0.82173125
v 0.40638544 0.31987006 -0.84387268
v 0.39856543 0.31987006 0.84373735
v 0.37513544 0.31987006 0.84371733
v 0.41809543 0.31991005 0.84367733
v 0.42200544 0.31987006 0.84373735
v 0.38294544 0.31987006 0.84372734
v 0.37903543 0.31990007 0.84367733
v 0.39075544 0.31991005 0.84367733
v 0.39075544 0.31987006 0.84373735
v 0.39466544 0.31987006 0.84373735
v 0.40638544 0.31991005 0.84367733
v 0.37513544 0.31990007 0.84367733
v 0.35585020 0.33230408 0.82325440
v 0.38489544 -0.00833993 -0.91015766
v 0.38684543 -0.00823993 -0.91009266
v 0.39856543 -0.01995993 0.91793733
v 0.46891545 -0.18011993 -0.53913267
v 0.47669544 -0.18394993 -0.53913267
v 0.47278543 -0.18011993 -0.53525264
v 0.47669544 -0.18586993 -0.54303266
v 0.47660544 -0.17620994 -0.52350266
v 0.47669544 -0.17620994 -0.52341266
v 0.43372544 -0.01995993 -0.91808267
v 0.46692211 -0.00507676 -0.90718611
v 0.39466544 -0.01995993 0.91793733
v 0.40247544 -0.01605993 0.91527735
v 0.40247544 -0.01989993 -0.91803266
v 0.48841544 -0.18011993 -0.51963265
v 0.49231543 -0.18394993 -0.52350266
v 0.47669544 -0.16450993 0.49992733
v 0.48059543 -0.16450993 0.49601733
v 0.47669544 -0.16448993 0.49989732
v 0.37622353 -0.00831097 0.90999264
v 0.45716544 0.10501007 -0.50007267
v 0.45716544 0.10501007 -0.50397266
v 0.38294544 -0.01995993 0.91793733
v 0.38684543 -0.10582993 0.97648733
v 0.45716544 0.10501007 -0.13288267
v 0.41222597 0.00515331 0.90080481
v 0.37903543 0.31987006 0.84371733
v 0.39856543 -0.10589993 0.97653734
v 0.37513544 -0.10582993 0.97648733
v 0.42200544 0.31987006 -0.84387268
v 0.41809543 0.31990007 -0.84382267
v 0.42200544 0.31990007 -0.84382267
v 0.41028543 -0.00843993 0.91007732
v 0.40247544 -0.01995993 -0.91808267
v 0.39856543 -0.01989993 -0.91803266
v 0.39075544 -0.00843993 -0.91022266
v 0.48550754 -0.18400952 -0.53043319
v 0.45719545 0.10503006 -0.43757267
v 0.41028543 -0.01995993 -0.91808267
v 0.27737968 0.30459322 -0.86676303
v 0.39661544 -0.00843993 -0.91022266
v 0.41419544 -0.01995993 -0.91808267
v 0.41419544 -0.01989993 -0.91803266
v 0.40638544 -0.01995993 -0.91808267
v 0.41028543 -0.01989993 0.91788732
v 0.41419544 -0.01995993 0.91793733
v 0.41419544 -0.01989993 0.91788732
v 0.45719545 0.10503006 -0.44538267
v 0.45716544 0.10501007 -0.44147266
v 0.47278543 -0.17240993 -0.51960267
v 0.45716544 0.10501007 -0.49225266
v 0.45716544 0.10501007 -0.48835267
v 0.45719545 0.10503006 -0.49225266
v 0.45719545 0.10503006 -0.40632267
v 0.45719545 0.10503006 -0.50007267
v 0.45719545 0.10503006 -0.50397266
v 0.45955210 -0.15492280 0.50418191
v 0.47669544 -0.18402993 -0.53928269
v 0.44788071 -0.17558413 -0.55110694
v 0.45682555 -0.17580294 -0.54251275
v 0.42200544 0.31597007 0.62474732
v 0.40638544 0.31597007 0.64050733
v 0.45716544 0.10503006 -0.50401266
v 0.41028543 -0.01995993 0.91793733
v 0.40274722 0.31950694 -0.84446484
v 0.45325544 0.10349007 -0.50788267
v 0.45097352 0.10490122 -0.51135080
v 0.50016542 -0.18011993 -0.50788267
v 0.50403543 -0.18394993 -0.51178266
v 0.50794544 -0.18394993 -0.50788267
v 0.46106543 0.32375005 0.60538732
v 0.45719545 0.10503006 -0.10163267
v 0.42981543 0.31991005 0.84367733
v 0.41809543 0.31987006 0.84373735
v 0.41419544 0.31991005 0.84367733
v 0.46109544 -0.18011993 -0.54694266
v 0.46545985 0.25287473 0.50411687
v 0.49234544 -0.18011993 -0.51569266
v 0.41028543 0.31991005 0.84367733
v 0.42591544 -0.01989993 -0.91803266
v 0.41809543 0.31597007 0.62868731
v 0.45697705 0.32375868 0.60954682
v 0.39466544 0.31991005 0.84367733
v 0.41028543 0.31987006 0.84373735
v 0.41419544 0.31987006 0.84373735
v 0.40638544 0.31987006 0.84373735
v 0.45719545 0.10503006 -0.24225267
v 0.39945084 -0.03346481 0.92714517
v 0.43372544 -0.01995993 0.91793733
v 0.46097543 -0.17620994 -0.53913267
v 0.45716544 -0.17432993 -0.53913267
v 0.47269541 -0.17620996 -0.52741276
v 0.42200544 -0.01995993 -0.91808267
v 0.42591544 -0.01995993 -0.91808267
v 0.42200544 -0.01989993 -0.91803266
v 0.45716544 0.10501007 -0.22272268
v 0.45716544 0.10501007 -0.22663267
v 0.44509352 0.09755744 -0.19537229
v 0.41181899 -0.07316815 -0.95429009
v 0.46497544 -0.16450993 0.51163732
v 0.46496545 -0.16448993 0.51162732
v 0.46888544 -0.16450993 0.50773733
v 0.47278543 -0.16450993 0.50382732
v 0.39386500 -0.11907120 -0.98482081
v 0.50403543 -0.17240993 -0.48835267
v 0.52747544 -0.17625993 -0.47272266
v 0.53138544 -0.17625993 -0.46882267
v 0.52747544 -0.17620994 -0.47263266
v 0.49622544 -0.17240993 -0.49616266
v 0.42591544 -0.01989993 0.91788732
v 0.42981543 -0.01995993 0.91793733
v 0.42981543 -0.01989993 0.91788732
v 0.45719545 0.10503006 0.21085734
v 0.45719545 0.10503006 0.21476733
v 0.45716544 0.10501007 0.21476733
v 0.46888544 -0.18009993 -0.53913267
v 0.45719545 0.10503006 -0.09382267
v 0.46587044 0.11037819 -0.10016580
v 0.41809543 -0.01995993 0.91793733
v 0.41809543 -0.01989993 0.91788732
v 0.41809543 -0.01995993 -0.91808267
v 0.41809543 -0.01989993 -0.91803266
v 0.41809543 -0.01416993 0.91398733
v 0.45719545 0.10503006 -0.13288267
v 0.45716544 0.10501007 -0.49616266
v 0.42200544 -0.01989993 0.91788732
v 0.42200544 -0.01995993 0.91793733
v 0.42591544 -0.01995993 0.91793733
v 0.42981543 -0.01995993 -0.91808267
v 0.44324826 0.09668263 -0.51788277
v 0.46727713 -0.03921923 -0.93048388
v 0.49134763 -0.21906986 -0.60482095
v 0.44407353 -0.12579185 -0.49074426
v 0.49622544 -0.18009993 -0.51178266
v 0.44883743 0.09987798 0.38738153
v 0.46879544 -0.17620994 -0.53132267
v 0.45719545 0.10503006 -0.49616266
v 0.46497544 -0.17240993 -0.52741266
v 0.50004544 -0.17620994 -0.50007267
v 0.51184543 -0.18011993 -0.49619268
v 0.51575544 -0.18202993 -0.49616266
v 0.51188543 -0.18011993 -0.49616266
v 0.48059543 -0.18394993 -0.53522266
v 0.45716544 0.10501007 -0.08600267
v 0.45716544 0.10501007 -0.16413267
v 0.45716544 0.10501007 -0.16022268
v 0.45716544 0.10501007 -0.12897268
v 0.45716544 0.10501007 -0.14069266
v 0.45716544 0.10501007 -0.13678267
v 0.45719545 0.10503006 -0.14069266
v 0.45716544 0.10501007 -0.14850267
v 0.45716544 0.10501007 -0.15241266
v 0.44797772 0.09932929 -0.09089092
v 0.60177543 0.30815006 -0.78132267
v 0.60169544 0.30819008 -0.78132267
v 0.60559543 0.30818007 -0.77741266
v 0.60559543 0.30815006 -0.77747269
v 0.45716544 0.10501007 0.13273733
v 0.45716544 0.10501007 -0.47663267
v 0.45719545 0.10503006 -0.48053266
v 0.45716544 0.10501007 -0.48053266
v 0.45719545 0.10503006 0.10148733
v 0.45719545 0.10503006 0.09757733
v 0.45716544 0.10501007 0.10148733
v 0.45716544 0.10501007 -0.43757267
v 0.45716544 0.10501007 -0.43366266
v 0.45716544 0.10501007 0.42570733
v 0.45716544 0.10501007 0.42960732
v 0.39639827 0.30524257 0.86670440
v 0.49622544 -0.17620994 -0.50388266
v 0.45716544 0.10501007 -0.41413267
v 0.45719545 0.10503006 -0.41803266
v 0.45716544 0.10501007 -0.41803266
v 0.48474834 0.22704978 0.86693175
v 0.48234463 0.12057660 -0.41777669
v 0.45716544 0.10501007 -0.40241266
v 0.43988886 0.30583550 -0.86580208
v 0.45719545 0.10503006 -0.47663267
v 0.50403543 -0.18402993 -0.51194270
v 0.50418546 -0.18402993 -0.51178266
v 0.50794544 -0.18586993 -0.51178266
v 0.46500574 0.32377999 0.60149683
v 0.43906801 0.31690022 0.61000686
v 0.42232573 0.32467187 -0.83623048
v 0.41809543 0.31987006 -0.84387268
v 0.41419544 0.31990007 -0.84382267
v 0.45719545 0.10503006 0.17960734
v 0.45719545 0.10503006 0.18351733
v 0.45716544 0.10501007 0.18351733
v 0.45716544 0.10501007 -0.23444266
v 0.45719545 0.10503006 -0.23444266
v 0.45719545 0.10503006 -0.23835267
v 0.46106543 0.32381008 -0.51960267
v 0.45719545 0.10503006 0.47257732
v 0.45716544 0.10501007 0.47257732
v 0.45716544 0.10501007 0.47648733
v 0.50013544 -0.18202993 -0.51178266
v 0.49625545 -0.18011993 -0.51178266
v 0.49098062 0.33228675 -0.60958601
v 0.45716544 0.10501007 -0.41022266
v 0.46888544 0.32376007 -0.59772266
v 0.46497544 0.32375005 -0.60163267
v 0.46888544 0.32378006 -0.59776266
v 0.46502228 0.32378051 -0.60165686
v 0.45710591 0.32379396 0.60950813
v 0.44934543 0.31991005 0.84367733
v 0.44714414 0.30956733 0.58276505
v 0.42981543 0.31987006 0.84373735
v 0.43372544 0.31991005 0.84367733
v 0.43372544 0.31987006 0.84373735
v 0.47410544 0.32378006 -0.58991266
v 0.46106543 0.32374007 -0.60553266
v 0.46888544 0.32528008 -0.60163267
v 0.50013544 0.32179007 -0.47663267
v 0.46106592 0.32378664 -0.51955512
v 0.48059543 -0.16233994 0.49210732
v 0.43763544 0.31991005 0.84367733
v 0.43763544 0.31987006 0.84373735
v 0.44153543 0.31987006 0.84373735
v 0.46174009 0.33206929 0.82394167
v 0.46106543 0.31987006 0.84373735
v 0.46106543 -0.18011993 -0.54697264
v 0.47276708 -0.18399186 -0.54313392
v 0.47293543 -0.18402993 -0.54303266
v 0.47655575 0.11697638 -0.15618624
v 0.49620544 -0.16448993 0.48038732
v 0.49231543 -0.16448993 0.48427733
v 0.49231543 -0.16233994 0.48038732
v 0.46888544 -0.16233994 0.50382732
v 0.47278543 -0.16448993 0.50380735
v 0.47276544 -0.16448993 0.50382732
v 0.47278543 -0.16233994 0.49992733
v 0.50403543 -0.18779993 -0.51960267
v 0.50028547 -0.18402993 -0.51569266
v 0.42264433 -0.01549415 0.91489086
v 0.46885543 -0.16448993 0.50773733
v 0.46888544 -0.16448993 0.50771736
v 0.46497544 -0.16233994 0.50773733
v 0.48833982 -0.17623993 -0.51182156
v 0.48841544 -0.16450993 0.48820733
v 0.48839544 -0.16448993 0.48820733
v 0.48841544 -0.16448993 0.48818733
v 0.50403543 -0.18011993 -0.50400264
v 0.50403543 -0.18009993 -0.50397266
v 0.45719545 0.10503006 -0.15632267
v 0.53528543 -0.16448993 0.44254734
v 0.48076434 -0.18398898 -0.53513550
v 0.44186290 0.09558526 -0.47659435
v 0.49622544 -0.16233994 0.47648733
v 0.50013544 -0.16448993 0.47646733
v 0.66028543 0.01964007 0.78898733
v 0.66419544 0.01964007 0.78507732
v 0.45716544 0.10893007 -0.50513269
v 0.45716544 0.10501007 -0.46100266
v 0.45719545 0.10503006 -0.46491266
v 0.45716544 0.10501007 -0.46491266
v 0.48448544 -0.16448993 0.49210732
v 0.45716544 0.10501007 -0.46882267
v 0.45719545 0.10503006 -0.46882267
v 0.45716544 0.10501007 0.44523733
v 0.45716544 0.10501007 0.44132732
v 0.46135377 -0.00861798 0.90949788
v 0.50394555 -0.17620996 -0.49616270
v 0.42615669 0.30327257 -0.86638516
v 0.47100943 -0.16448742 -0.50536982
v 0.49613543 -0.17620994 -0.50397266
v 0.49622544 -0.17625993 -0.50397266
v 0.67200544 -0.19189994 -0.71100266
v 0.48059543 -0.16448994 0.49599732
v 0.45719545 0.10503006 -0.21100267
v 0.45719545 0.10503006 -0.08600267
v 0.45716544 0.10501007 -0.08210267
v 0.45719545 0.10503006 -0.08210267
v 0.42981543 -0.01989993 -0.91803266
v 0.45716544 0.10501007 -0.07819267
v 0.45716544 0.10501007 -0.07428267
v 0.41063040 0.06319514 0.31829692
v 0.45719545 0.10503006 0.44132732
v 0.45719545 0.10503006 0.44523733
v 0.45719545 0.10503006 0.20304732
v 0.45719545 0.10503006 0.20695733
v 0.45716544 0.10501007 0.20695733
v 0.45719545 0.10503006 0.11320733
v 0.45716544 0.10501007 0.11320733
v 0.45716544 0.10501007 0.11710733
v 0.48450544 -0.16450993 0.49210732
v 0.45716544 0.10501007 -0.45710267
v 0.45716544 0.10501007 -0.45319266
v 0.50788044 0.13631507 -0.08014767
v 0.50794544 0.13635007 -0.07819267
v 0.45719545 0.10503006 -0.42585267
v 0.45719545 0.10503006 -0.42194266
v 0.59703783 0.33327853 -0.71363404
v 0.45716544 0.10501007 -0.08991267
v 0.45719545 0.10503006 -0.20710267
v 0.45716544 0.10501007 -0.20710267
v 0.45716544 0.10501007 -0.20319266
v 0.68120576 -0.00043605 0.80312696
v 0.45719545 0.10503006 -0.47272266
v 0.78508519 0.05207155 0.13666193
v 0.64075960 0.24215934 0.74853793
v 0.59388544 0.31206006 -0.44155268
v 0.59388544 0.31203008 -0.44147266
v 0.59396543 0.31206006 -0.44147266
v 0.45716544 0.10501007 -0.42975266
v 0.45716544 0.10501007 -0.42585267
v 0.45719545 0.10503006 0.07023733
v 0.45436792 0.10324424 0.06715841
v 0.45716544 0.10501007 -0.44538267
v 0.45716544 0.10501007 0.21085734
v 0.45719545 0.10503006 -0.42975266
v 0.55417793 -0.18048145 0.45648971
v 0.45716544 0.10501007 -0.44928266
v 0.45719545 0.10503006 -0.45319266
v 0.45716544 0.10501007 0.46085732
v 0.53857551 -0.13783438 0.43540827
v 0.45719545 0.10503006 -0.44928266
v 0.45719545 0.10503006 -0.48444266
v 0.45716544 0.10501007 -0.19147268
v 0.45719545 0.10503006 -0.19538267
v 0.45716544 0.10501007 -0.19538267
v 0.52356543 -0.16233994 0.44913732
v 0.45719545 0.10503006 -0.11725267
v 0.45719545 0.10503006 -0.11335267
v 0.45716544 0.10501007 -0.11335267
v 0.45716544 0.10501007 0.19913733
v 0.45716544 0.10501007 0.19523733
v 0.45719545 0.10503006 0.18742733
v 0.45716544 0.10501007 0.18742733
v 0.45716544 0.10501007 0.14835734
v 0.45716544 0.10501007 0.15226733
v 0.45719545 0.10503006 0.14835734
v 0.45716544 0.10501007 0.41788732
v 0.45716544 0.10501007 0.42179732
v 0.45719545 0.10503006 -0.46100266
v 0.45719545 0.10503006 0.41007732
v 0.45719545 0.10503006 0.41398733
v 0.45716544 0.10501007 -0.23053267
v 0.48841544 -0.16233994 0.48429732
v 0.49229544 -0.16448993 0.48429732
v 0.45345781 0.10270328 -0.24715762
v 0.48450544 -0.16448993 0.49208732
v 0.45719545 0.10503006 -0.18757267
v 0.45719545 0.10503006 -0.18366266
v 0.45716544 0.10501007 -0.18366266
v 0.45719545 0.10503006 -0.17975267
v 0.45719545 0.10503006 -0.17585267
v 0.45716544 0.10501007 -0.17585267
v 0.45716544 0.10501007 0.09757733
v 0.45719545 0.10503006 -0.10553267
v 0.45716544 0.10501007 -0.10163267
v 0.45716544 0.10501007 0.07413733
v 0.45719545 0.10503006 0.09367733
v 0.45719545 0.10503006 -0.13678267
v 0.49231543 -0.16450993 0.48429732
v 0.45716544 0.10501007 -0.23835267
v 0.46356665 0.10903793 -0.05125291
v 0.45716544 0.10501007 -0.17975267
v 0.45716544 0.10501007 0.14445733
v 0.45716544 0.10501007 0.14054732
v 0.45719545 0.10503006 -0.15241266
v 0.48347874 -0.15722619 -0.48136360
v 0.45716544 0.10501007 0.08585733
v 0.45719545 0.10503006 -0.12507267
v 0.45719545 0.10503006 -0.12116267
v 0.45716544 0.10501007 -0.12116267
v 0.45719545 0.10503006 0.10929733
v 0.45716544 0.10501007 -0.11725267
v 0.45719545 0.10503006 -0.14460267
v 0.45719545 0.10503006 -0.10944267
v 0.45719545 0.10503006 0.19523733
v 0.45719545 0.10503006 -0.07819267
v 0.45716544 0.10501007 -0.18757267
v 0.45719545 0.10503006 -0.22272268
v 0.45716544 0.10501007 -0.21882267
v 0.45716544 0.10501007 -0.09382267
v 0.45716544 0.10501007 0.16398733
v 0.45716544 0.10501007 0.10929733
v 0.45719545 0.10503006 0.10538733
v 0.45716544 0.10501007 0.10538733
v 0.45719545 0.10503006 0.11710733
v 0.45719545 0.10503006 0.12101733
v 0.45716544 0.10501007 0.12101733
v 0.45716544 0.10501007 0.08976733
v 0.45719545 0.10503006 0.08585733
v 0.45716544 0.10501007 0.12882734
v 0.45719545 0.10503006 0.12492733
v 0.45716544 0.10501007 0.12492733
v 0.45719545 0.10503006 0.12882734
v 0.45719545 0.10503006 0.15226733
v 0.45716544 0.10501007 0.41398733
v 0.45716544 0.10501007 0.17179732
v 0.45716544 0.10501007 0.17570733
v 0.45719545 0.10503006 0.17179732
v 0.45719545 0.10503006 0.16007734
v 0.45719545 0.10503006 0.16398733
v 0.45719545 0.10503006 0.14054732
v 0.45719545 0.10503006 0.14445733
v 0.45716544 0.10501007 0.19132734
v 0.45716544 0.10501007 0.39054732
v 0.45246560 0.10206867 0.47916065
v 0.45716544 0.10501007 0.48038732
v 0.45719545 0.10503006 0.47648733
v 0.45716544 0.10501007 0.40617733
v 0.45716544 0.10501007 0.41007732
v 0.45716544 0.10501007 0.43742733
v 0.45719545 0.10503006 0.38663732
v 0.45716544 0.10501007 0.48820733
v 0.45719545 0.10503006 0.40226733
v 0.45716544 0.10501007 0.44913732
v 0.45719545 0.10503006 0.48038732
v 0.45719545 0.10503006 0.40617733
v 0.45719545 0.10503006 0.43742733
v 0.45719545 0.10503006 0.45695733
v 0.45716544 0.10501007 0.45695733
v 0.45716544 0.10501007 -0.40632267
v 0.46182024 0.10806659 0.49941976
v 0.50403543 -0.16448993 0.47255732
v 0.50403543 -0.16450993 0.47257732
v 0.50401547 -0.16448993 0.47257732
v 0.45716544 0.10501007 0.48429732
v 0.45719545 0.10503006 -0.08991267
v 0.47664163 0.11702820 0.41301338
v 0.45719545 0.10503006 -0.22663267
v 0.45719545 0.10503006 -0.48835267
v 0.45716544 0.10501007 -0.48444266
v 0.48841544 -0.17432993 -0.50788267
v 0.45716544 0.10501007 -0.42194266
v 0.47279545 0.32378006 -0.59382267
v 0.47690902 0.32618204 -0.59424882
v 0.45719545 0.10503006 -0.19928267
v 0.45719545 0.10503006 -0.21491266
v 0.45716544 0.10501007 -0.21491266
v 0.45716544 0.10501007 -0.21100267
v 0.45719545 0.10503006 -0.16022268
v 0.45716544 0.10501007 -0.15632267
v 0.45716544 0.10501007 -0.17194266
v 0.45719545 0.10503006 -0.14850267
v 0.45719545 0.10503006 -0.21882267
v 0.45719545 0.10503006 -0.20319266
v 0.45716544 0.10501007 -0.19928267
v 0.51184543 -0.18394993 -0.50397266
v 0.45719545 0.10503006 -0.19147268
v 0.45719545 0.10503006 -0.17194266
v 0.45719545 0.10503006 -0.23053267
v 0.45716544 0.10501007 -0.12507267
v 0.45716544 0.10501007 -0.14460267
v 0.45716544 0.10501007 -0.09772267
v 0.45719545 0.10503006 -0.12897268
v 0.45719545 0.10503006 -0.16803267
v 0.45716544 0.10501007 -0.16803267
v 0.45719545 0.10503006 0.08976733
v 0.45716544 0.10501007 0.13663733
v 0.45719545 0.10503006 0.13273733
v 0.45719545 0.10503006 0.07413733
v 0.45719545 0.10503006 0.13663733
v 0.45716544 0.10501007 0.15617733
v 0.45716544 0.10501007 0.09367733
v 0.45719545 0.10503006 0.15617733
v 0.45716544 0.10501007 0.16007734
v 0.45716544 0.10501007 0.16788733
v 0.45719545 0.10503006 0.17570733
v 0.45719545 0.10503006 0.16788733
v 0.45716544 0.10501007 0.17960734
v 0.45719545 0.10503006 0.19913733
v 0.45719545 0.10503006 0.19132734
v 0.45716544 0.10501007 0.21867733
v 0.45716544 0.10501007 0.20304732
v 0.47166256 0.11397809 0.19201101
v 0.45719545 0.10503006 0.39445733
v 0.45716544 0.10501007 0.39445733
v 0.45719545 0.10503006 0.42179732
v 0.45719545 0.10503006 0.43351733
v 0.45716544 0.10501007 0.43351733
v 0.45719545 0.10503006 0.42960732
v 0.45719545 0.10503006 0.45304732
v 0.45719545 0.10503006 0.42570733
v 0.45719545 0.10503006 0.48429732
v 0.45716544 0.10501007 0.46476733
v 0.45719545 0.10503006 0.44913732
v 0.45716544 0.10501007 0.45304732
v 0.45719545 0.10503006 0.46085732
v 0.45719545 0.10503006 0.46867733
v 0.45716544 0.10501007 0.46867733
v 0.45719545 0.10503006 0.46476733
v 0.48752373 0.12397589 0.47466326
v 0.59546634 0.31295634 0.44210551
v 0.45719545 0.10503006 0.41788732
v 0.46885990 0.11274071 -0.49335899
v 0.45719545 0.10503006 -0.43366266
v 0.50162099 -0.12186868 0.89075401
v 0.51575544 0.31719006 0.84367733
v 0.44544544 0.31991005 0.84367733
v 0.44934543 0.31987006 0.84373735
v 0.47510949 0.33135544 0.61085079
v 0.44544544 0.31987006 0.84373735
v 0.46891545 0.32378006 -0.59772266
v 0.47265889 0.32381158 -0.59386126
v 0.49231543 -0.18011993 -0.51572264
v 0.44153543 0.31991005 0.84367733
v 0.50788044 0.13631507 -0.18561767
v 0.52329823 0.30484598 -0.86663961
v 0.46344762 0.32763674 -0.52503415
v 0.51184543 -0.18009993 -0.49616266
v 0.50797542 -0.18011993 -0.50007267
v 0.50779974 0.33328706 -0.49216844
v 0.55747873 0.33593692 -0.46731387
v 0.49053389 0.31155492 -0.47218571
v 0.57580408 0.36775073 0.50797507
v 0.48166744 0.33135959 0.60425754
v 0.51104703 0.31537997 0.85021890
v 0.47667544 -0.16448993 0.49992733
v 0.51201544 -0.18399020 -0.50388684
v 0.51689592 -0.18401454 -0.49905400
v 0.48450544 -0.18011993 -0.52353264
v 0.81263544 -0.01167993 0.69132732
v 0.51966544 -0.16450993 0.45695733
v 0.51133930 -0.18993286 -0.51667226
v 0.50013544 -0.18011993 -0.50791265
v 0.47669544 -0.16233994 0.49601733
v 0.50013544 -0.18009993 -0.50788267
v 0.49231543 -0.17620994 -0.50779266
v 0.49622544 -0.16450993 0.48038732
v 0.49622544 -0.16448993 0.48036732
v 0.45719545 0.10503006 -0.09772267
v 0.51578542 -0.18011993 -0.49225266
v 0.51966544 -0.18011993 -0.48838268
v 0.51575544 -0.18009993 -0.49225266
v 0.50403543 -0.16233994 0.46867733
v 0.80872544 0.17148006 -0.03132267
v 0.80879541 0.17143007 -0.03132267
v 0.80879541 0.17143007 -0.03522267
v 0.61614037 0.20386082 0.24426813
v 0.45719545 0.10503006 0.08195733
v 0.50010543 -0.16448993 0.47648733
v 0.50013544 -0.16450993 0.47648733
v 0.52356543 -0.17625993 -0.47663267
v 0.39091197 0.00846095 -0.89869339
v 0.50794544 -0.18402993 -0.50803269
v 0.50794544 -0.17620994 -0.49216266
v 0.50794544 -0.17625993 -0.49225266
v 0.51184543 -0.17625993 -0.48835267
v 0.51134939 -0.17592028 -0.48827066
v 0.50406542 -0.18011993 -0.50397266
v 0.52356543 -0.18394993 -0.49225266
v 0.52747544 -0.18394993 -0.48835267
v 0.50785544 -0.17620994 -0.49225266
v 0.45017143 -0.16159317 0.56385491
v 0.41012823 0.07600100 -0.44494060
v 0.51969542 -0.18011993 -0.48835267
v 0.50723000 0.13584074 -0.21594303
v 0.50809546 -0.18402993 -0.50788267
v 0.42863458 0.08742150 0.21481767
v 0.47653660 0.11696492 0.11800345
v 0.50788044 0.13631507 -0.06842767
v 0.50781544 0.13628006 -0.12507267
v 0.50788044 0.13631507 -0.12311767
v 0.58997544 0.18699007 -0.28522266
v 0.59534430 0.33243775 0.72461443
v 0.72669544 0.01851007 0.72648733
v 0.73059543 0.01518007 0.72645735
v 0.73056545 0.01518007 0.72648733
v 0.50794544 0.13635007 -0.10944267
v 0.50781544 0.13628006 -0.10553267
v 0.50794544 0.13635007 -0.10553267
v 0.45719545 0.10503006 0.39054732
v 0.45719545 0.10503006 0.39835732
v 0.49588175 0.33291223 0.82228417
v 0.50788044 0.13631507 -0.15827267
v 0.50788044 0.13631507 -0.15436767
v 0.50794544 0.13635007 -0.15241266
v 0.50781544 0.13628006 -0.07428267
v 0.50794544 0.13635007 -0.07428267
v 0.50414781 0.13389129 0.10236420
v 0.50781544 0.13628006 -0.07038267
v 0.52358643 0.14601260 -0.08335833
v 0.50781544 0.13628006 -0.10163267
v 0.50788044 0.13631507 -0.09967767
v 0.51950320 0.14348981 -0.11776192
v 0.50781544 0.13628006 -0.14850267
v 0.50794544 0.13635007 -0.14850267
v 0.69153543 -0.00048993 0.79288732
v 0.51371786 0.11859989 -0.34003247
v 0.59391028 -0.08629714 0.81244724
v 0.51521474 0.14028153 -0.44618616
v 0.57898855 0.18021317 -0.37099075
v 0.49455169 0.33285975 -0.82280353
v 0.51575544 0.31597007 0.84636735
v 0.50788044 0.13631507 -0.11530267
v 0.50788044 0.13631507 -0.11139767
v 0.52747544 0.31748006 -0.83210267
v 0.49622544 0.32378006 -0.48438267
v 0.49616545 0.32378006 -0.48444266
v 0.49622544 0.32179007 -0.48053266
v 0.51179542 0.32378006 -0.46882267
v 0.50794544 0.32179007 -0.46882267
v 0.50794544 0.32378006 -0.47266267
v 0.50788542 0.32378006 -0.47272266
v 0.53138649 0.32765247 -0.45710632
v 0.49231543 0.32378006 -0.48829268
v 0.49231543 0.32179007 -0.48444266
v 0.47477221 0.32047426 -0.49931359
v 0.50403543 0.32378006 -0.47657267
v 0.52747544 0.32768006 -0.46107266
v 0.52356543 0.32765008 -0.46491266
v 0.52747544 0.32765008 -0.46100266
v 0.52363547 0.32768006 -0.46491266
v 0.49229963 0.32380705 -0.48836485
v 0.49622544 0.32381008 -0.48444266
v 0.50015329 0.32380433 -0.48050752
v 0.50794544 0.32381008 -0.47272266
v 0.50013544 0.32381008 -0.48053266
v 0.46888707 0.32379596 0.59760466
v 0.57265833 0.17608431 0.18083368
v 0.53138544 0.31444008 0.83585732
v 0.52747544 0.31597007 0.83586733
v 0.52748010 0.31597007 0.83585763
v 0.60948850 0.33162546 -0.47667069
v 0.51184543 0.32179007 -0.46491266
v 0.53528543 -0.18009993 -0.47272266
v 0.53138544 0.32051006 -0.82038267
v 0.50796053 -0.16449981 0.46864360
v 0.50794544 -0.18011993 -0.50010265
v 0.51575544 -0.18011993 -0.49228267
v 0.52356543 -0.18011993 -0.48447267
v 0.52747544 -0.16233994 0.44523733
v 0.53138544 -0.16448993 0.44521733
v 0.53135546 -0.16448993 0.44523733
v 0.52356543 -0.16448993 0.45302733
v 0.52356543 -0.16450993 0.45304732
v 0.52354547 -0.16448993 0.45304732
v 0.51966544 -0.17620994 -0.48045267
v 0.51966544 -0.16233994 0.45304732
v 0.51575544 -0.16450993 0.46085732
v 0.52747544 -0.18009993 -0.48053266
v 0.53140078 -0.18011997 -0.47664741
v 0.53138544 -0.18009993 -0.47663267
v 0.52750542 -0.18011993 -0.48053266
v 0.52763355 -0.18021319 -0.48062065
v 0.60649885 -0.25037111 0.59834892
v 0.51957544 -0.17620994 -0.48053266
v 0.52356543 -0.17240993 -0.46882267
v 0.51184543 -0.17620994 -0.48826266
v 0.52359541 -0.18011993 -0.48444266
v 0.50051872 -0.16157596 -0.47029870
v 0.52738543 -0.17620994 -0.47272266
v 0.50799243 -0.16473378 0.46893685
v 0.50792547 -0.16448993 0.46867733
v 0.52747544 -0.16450993 0.44913732
v 0.51966186 -0.16448995 0.45694093
v 0.50031561 0.13164497 -0.08424105
v 0.53138544 -0.16450993 0.44523733
v 0.52745547 -0.16448993 0.44913732
v 0.52747544 -0.16448993 0.44911732
v 0.59391003 -0.08622134 0.81242342
v 0.50794544 0.13635007 -0.16803267
v 0.45716544 0.10501007 -0.47272266
v 0.45719545 0.10503006 -0.45710267
v 0.55526293 -0.12834059 -0.84376304
v 0.58583604 -0.08524973 0.80749211
v 0.50794544 0.13635007 -0.12116267
v 0.57823257 0.17974563 -0.32304548
v 0.62660856 0.33231985 -0.46281048
v 0.73450544 -0.01605993 0.77708732
v 0.73432543 -0.01605993 0.77726733
v 0.73450544 -0.01615993 0.77726733
v 0.59008547 0.18706006 -0.31647266
v 0.58997544 0.18699007 -0.31257267
v 0.59008547 0.18706006 -0.31257267
v 0.57542437 0.17801031 -0.28899955
v 0.65247544 0.02188007 -0.79303266
v 0.66028593 0.01518026 -0.79691289
v 0.50788044 0.13631507 -0.09186767
v 0.50794544 0.13635007 -0.08991267
v 0.63625682 0.23589589 -0.75334086
v 0.58997544 0.18699007 -0.31647266
v 0.59521000 -0.03563017 0.79450859
v 0.47659905 0.11700302 -0.11824036
v 0.50788044 0.13631507 -0.13092767
v 0.50794544 0.13635007 -0.12897268
v 0.50325105 0.33195284 -0.81857836
v 0.50794544 0.13635007 -0.17194266
v 0.50781544 0.13628006 -0.16803267
v 0.65493072 0.00028621 -0.82704510
v 0.50781544 0.13628006 -0.17975267
v 0.50781544 0.13628006 -0.08600267
v 0.50788044 0.13631507 -0.17389767
v 0.51066929 0.13798446 -0.18879560
v 0.50794544 0.13635007 -0.09772267
v 0.50788044 0.13631507 -0.08405267
v 0.50786973 0.13630928 -0.14598673
v 0.50788044 0.13631507 -0.17780267
v 0.49612331 0.12895552 0.04281581
v 0.51581968 0.11303720 -0.02017357
v 0.51129782 0.12137609 0.29276634
v 0.54126587 0.15671634 -0.44767644
v 0.62122544 0.30567006 0.76554732
v 0.62121542 0.30815006 0.76163732
v 0.57457404 0.17748621 0.36517892
v 0.50781544 0.13628006 -0.09382267
v 0.50788044 0.13631507 -0.16217767
v 0.78537526 -0.01772225 0.13715027
v 0.50781544 0.13628006 -0.16413267
v 0.50781544 0.13628006 -0.11725267
v 0.54884600 0.16233331 0.09242101
v 0.80872544 0.00347007 0.17581733
v 0.80865546 0.00347007 0.17570733
v 0.80865546 0.00737007 0.17570733
v 0.68550609 0.00443771 -0.79044918
v 0.63368694 0.02412302 -0.80618227
v 0.48711930 0.37433548 -0.59912485
v 0.68372544 -0.00042993 -0.80074270
v 0.67981543 0.00347007 -0.79783268
v 0.68372544 0.00347007 -0.79392267
v 0.52747544 0.31597007 -0.83600266
v 0.53138544 0.31595007 -0.83210267
v 0.53135546 0.31597007 -0.83210267
v 0.66823544 -0.19183993 -0.71491266
v 0.54700544 0.31597007 0.81621735
v 0.55077543 0.31597007 0.81242733
v 0.52093721 0.31582388 -0.84324701
v 0.52915545 0.31987006 0.82413732
v 0.53136533 0.31597003 0.83195754
v 0.55514579 0.31675442 0.44727108
v 0.53528543 0.31595007 0.82804732
v 0.53138544 0.31596005 0.83195733
v 0.50397547 0.32378006 -0.47663267
v 0.50403543 0.32381008 -0.47663267
v 0.51671449 0.32271289 -0.46176977
v 0.55430817 0.33169639 -0.76868491
v 0.53138544 0.31597007 -0.83207269
v 0.53528543 0.31597007 -0.82814265
v 0.53907658 0.31598297 -0.82428413
v 0.58216544 0.31199006 -0.45319266
v 0.51184579 0.32380852 -0.46881850
v 0.52699204 0.31469388 -0.43969571
v 0.53524544 0.31597007 0.82804732
v 0.74231543 -0.01615993 0.76945733
v 0.51971545 0.31597007 0.84367733
v 0.54546716 0.30515092 0.84354725
v 0.54076640 0.30507378 -0.84877087
v 0.52747068 0.31596605 -0.83600332
v 0.52360009 0.32819886 -0.46599186
v 0.58150423 0.30505247 -0.43830407
v 0.58997544 0.31201005 -0.44538267
v 0.53528543 0.31597007 0.82800733
v 0.53913542 0.31597007 0.82413732
v 0.61731543 0.20659006 0.24464733
v 0.61342545 0.21440007 0.23820733
v 0.50991929 0.33293524 0.80873230
v 0.53919544 0.31746007 0.82023733
v 0.54309543 0.31745008 0.81632732
v 0.52360543 0.31597007 0.83976733
v 0.52356543 0.31598008 0.83976733
v 0.51966477 0.31599026 0.84367739
v 0.51966544 0.31597007 0.84372734
v 0.59778543 0.31206006 -0.43762268
v 0.60896091 0.30546511 -0.41065940
v 0.53960281 0.15589775 -0.16775184
v 0.51223358 -0.17601903 -0.48749284
v 0.53930395 -0.13848586 -0.44455391
v 0.57829938 -0.21037521 -0.49084810
v 0.50424520 0.12732573 0.36631939
v 0.69916543 -0.01605993 -0.81257267
v 0.60729102 -0.14326933 -0.07109271
v 0.59008547 0.18706006 0.32804732
v 0.58997544 0.18699007 0.32804732
v 0.58997544 0.18699007 0.33195733
v 0.58996157 0.18698136 -0.35447953
v 0.54309543 0.31593007 0.82023733
v 0.53919544 0.31594006 0.82413732
v 0.54911544 0.31206006 0.82413732
v 0.59000985 0.18701202 -0.33602942
v 0.49905273 0.13086604 -0.17875116
v 0.59706031 0.30840353 0.42887545
v 0.58997544 0.18699007 -0.30866266
v 0.66419544 0.01518007 0.79285734
v 0.61077988 -0.21867981 -0.71690341
v 0.59008547 0.18706006 -0.36335267
v 0.59008547 0.18706006 -0.35944266
v 0.52752450 0.32768702 -0.46103069
v 0.82044544 -0.07464993 0.19522733
v 0.58997544 0.18699007 0.27726733
v 0.63076952 0.21210203 0.26698975
v 0.60167584 0.28618744 0.21873797
v 0.83221974 -0.12269187 0.21472238
v 0.83669836 -0.12919709 0.22213850
v 0.57943757 0.18049016 -0.34512641
v 0.54700544 0.31592006 0.81632732
v 0.58772310 0.30384035 -0.80167779
v 0.68372544 -0.01167993 -0.82038267
v 0.67200544 0.01517007 0.78507732
v 0.80872544 -0.00823993 0.17581733
v 0.80872544 -0.00433993 0.17581733
v 0.80872544 -0.07073993 0.17581733
v 0.80872544 -0.07464993 0.17581733
v 0.80865546 -0.07073993 0.17570733
v 0.82044544 -0.01214993 0.19523733
v 0.82044544 -0.00823993 0.19523733
v 0.55091544 0.31591008 0.81242733
v 0.57407263 0.17717195 0.31036959
v 0.80865546 -0.04339993 0.17570733
v 0.80865546 -0.03948993 0.17570733
v 0.80872544 -0.04339993 0.17581733
v 0.66008046 -0.14498148 -0.77795058
v 0.54301544 0.31597007 0.82023733
v 0.65560758 -0.19993313 -0.71107713
v 0.60169544 0.24565007 0.21876733
v 0.60169544 0.24956006 0.21876733
v 0.58752230 0.25326979 0.19530767
v 0.60163542 0.24956006 0.21867733
v 0.52356543 0.31446007 0.84367733
v 0.62513544 0.30425007 0.39439734
v 0.62507542 0.30425007 0.39445733
v 0.62513544 0.30430007 0.39445733
v 0.54309543 0.31206006 -0.83032269
v 0.59008547 0.18706006 -0.34772266
v 0.58997544 0.18699007 -0.34382267
v 0.59005853 0.18704294 -0.34367113
v 0.53919544 0.31594006 -0.82428266
v 0.53528543 0.31594006 -0.82819266
v 0.58662788 0.32776853 0.48275826
v 0.56511837 0.30781355 -0.81874634
v 0.54309543 0.31597007 0.82014732
v 0.54689547 0.31597007 0.81632732
v 0.53880159 0.33071649 -0.78693484
v 0.53523543 0.31597007 -0.82819266
v 0.67214550 -0.19183974 -0.71100266
v 0.67981543 -0.18805994 -0.71100266
v 0.53919544 0.31597007 -0.82421268
v 0.60169544 0.25347007 0.21876733
v 0.58606543 0.31200007 -0.44928266
v 0.53039633 0.33251690 0.79030933
v 0.73047972 -0.01627489 -0.78164625
v 0.52356543 0.31597007 0.83979731
v 0.54444068 0.31598068 -0.81890123
v 0.49462033 0.32755404 -0.49370557
v 0.60950544 0.33028007 -0.47272266
v 0.60163542 0.23003006 0.21867733
v 0.60169544 0.22612007 0.21876733
v 0.60169544 0.23003006 0.21876733
v 0.69153543 -0.01605993 -0.82020266
v 0.68453547 -0.01214993 -0.82038267
v 0.69153543 -0.01167993 -0.81257267
v 0.59008547 0.18706006 -0.32428266
v 0.60163542 0.25347007 0.21867733
v 0.78475045 -0.02289181 0.13566233
v 0.60163542 0.25737006 0.21867733
v 0.58997544 0.18699007 0.30070733
v 0.58997544 0.18699007 0.29679732
v 0.61621543 0.30034006 0.40226733
v 0.60561477 0.30814994 0.77731817
v 0.60559543 0.30819008 0.77726733
v 0.50681043 0.13557473 -0.23668227
v 0.61341544 0.22222007 0.23817733
v 0.61341544 0.21831006 0.23817733
v 0.61342545 0.21831006 0.23820733
v 0.60169544 0.26518006 0.21876733
v 0.60169544 0.26909006 0.21876733
v 0.60163542 0.26909006 0.21867733
v 0.55466547 0.31597007 0.80851733
v 0.55091544 0.31743005 0.80851733
v 0.55091544 0.31597007 0.81228732
v 0.80865546 -0.00823993 0.17570733
v 0.79983272 -0.01432833 0.16108503
v 0.58612206 0.31205623 -0.44936642
v 0.59778543 0.31204007 0.43742733
v 0.59368240 0.31203820 0.44156556
v 0.59395542 0.31206006 0.44132732
v 0.60169544 0.31357006 0.43742733
v 0.53919544 0.31597007 0.82407736
v 0.55497065 0.31593694 0.80827391
v 0.51043190 0.33631450 0.61696920
v 0.58997544 0.18699007 -0.32038267
v 0.59788545 0.30815006 -0.78522266
v 0.59778543 0.30815006 -0.78532268
v 0.59778543 0.30820007 -0.78522266
v 0.59778543 0.31356007 -0.44147266
v 0.61341544 0.33159006 -0.47262267
v 0.61807845 0.33135803 -0.46706154
v 0.61849079 0.30033883 0.39997355
v 0.60291223 0.30528963 0.41700271
v 0.67593061 -0.19186739 -0.70715947
v 0.67981543 -0.19189994 -0.70319266
v 0.65254541 0.34722007 0.73429732
v 0.65247544 0.34533006 0.73820733
v 0.63684543 -0.16448993 -0.06257267
v 0.63684502 -0.16449173 -0.06257998
v 0.63684543 -0.16449993 -0.05866267
v 0.64075544 -0.16721993 -0.06257267
v 0.58997544 0.18699007 -0.29303266
v 0.66810196 -0.19186524 -0.71498662
v 0.66421800 -0.19559319 -0.71123613
v 0.59381491 -0.08638500 0.81243145
v 0.63477135 0.21456273 0.38409969
v 0.59011545 0.30815006 -0.79303266
v 0.59388544 0.30815006 -0.78925265
v 0.78403459 -0.02763176 0.13480723
v 0.58997544 0.18699007 -0.35944266
v 0.60720547 0.30425007 -0.78132267
v 0.61342545 0.24175007 0.23820733
v 0.59008547 0.18706006 -0.30866266
v 0.63294544 -0.16177994 -0.06257267
v 0.63897546 -0.16448993 -0.06647267
v 0.62643705 -0.15687958 -0.06611798
v 0.60163542 0.27300007 0.21867733
v 0.60169544 0.27300007 0.21876733
v 0.60163542 0.27690006 0.21867733
v 0.83219805 -0.10934666 0.21468445
v 0.83220544 -0.10003993 0.21469733
v 0.71012114 -0.00688759 0.78550673
v 0.71497544 -0.01391993 0.79288732
v 0.71904538 -0.01606352 0.79256150
v 0.59008547 0.18706006 -0.35553266
v 0.59008547 0.18706006 -0.35163267
v 0.64269749 0.30477970 0.74737409
v 0.65634545 0.01518007 -0.80085267
v 0.65247544 0.01518007 -0.80472268
v 0.64856543 0.01964007 -0.80085267
v 0.67981543 -0.01605993 -0.83191265
v 0.66718582 -0.00826363 -0.83090164
v 0.58996160 0.18698139 -0.37009417
v 0.58997544 0.18699007 -0.36335267
v 0.58997544 0.18699007 -0.37116266
v 0.59008547 0.18706006 -0.37116266
v 0.65638544 -0.19964993 -0.71090264
v 0.65638544 -0.19959993 -0.71100266
v 0.59008547 0.18706006 0.28507732
v 0.59008547 0.18706006 0.28117733
v 0.63683542 -0.16448993 -0.05475267
v 0.63684543 -0.16449993 -0.05475267
v 0.63683542 -0.16448993 -0.05085267
v 0.80865546 0.11675007 0.17570733
v 0.80865020 0.11762158 0.17569904
v 0.80865546 -0.00433993 0.17570733
v 0.80865546 -0.00042993 0.17570733
v 0.61732545 0.30425007 0.40226733
v 0.61731543 0.30421007 0.40226733
v 0.61731543 0.30425007 0.40227734
v 0.78418171 -0.00214306 0.13395608
v 0.67580547 -0.00042993 -0.80866266
v 0.67200544 0.00347007 -0.80564268
v 0.67591544 -0.00042993 -0.80855269
v 0.59008547 0.18706006 -0.36725266
v 0.60163542 0.22612007 0.21867733
v 0.60169544 0.22222007 0.21876733
v 0.80879541 0.17143007 -0.04694267
v 0.80872544 0.17148006 -0.04303267
v 0.80879541 0.17143007 -0.04303267
v 0.58997544 0.18699007 -0.30475266
v 0.83288697 -0.04279423 0.21581992
v 0.59008547 0.18706006 -0.32038267
v 0.59008547 0.18706006 0.33195733
v 0.58997544 0.18699007 0.33585732
v 0.59008547 0.18706006 0.33585732
v 0.58997544 0.18699007 -0.37507267
v 0.59777289 -0.09056819 0.81625517
v 0.58997544 0.18699007 -0.30085267
v 0.72429523 0.01907311 0.72847364
v 0.57998442 0.32517764 -0.48795207
v 0.60236546 -0.09417993 0.82023733
v 0.60823763 0.32258325 -0.45416988
v 0.58997544 0.18699007 -0.35553266
v 0.66677436 0.00400708 -0.80992669
v 0.59794804 -0.09043415 0.81630286
v 0.58997544 0.18699007 0.30460732
v 0.68763544 -0.00048993 0.79679732
v 0.58997544 0.18699007 0.27335732
v 0.61342545 0.23003006 0.23820733
v 0.59008547 0.18706006 -0.30085267
v 0.59008547 0.18706006 -0.30475266
v 0.61341544 0.30571008 0.77335732
v 0.60950544 0.30815006 0.77340733
v 0.60529985 0.30334738 0.78389889
v 0.82044544 0.22612007 0.19523733
v 0.82044544 0.23003006 0.19523733
v 0.61732545 0.30815006 -0.76569266
v 0.62122544 0.30815006 -0.76178266
v 0.61341544 0.30815006 0.76948731
v 0.60950544 0.30818007 0.77335732
v 0.60955544 0.30815006 0.77335732
v 0.60163542 0.24565007 0.21867733
v 0.60163542 0.24175007 0.21867733
v 0.60169544 0.24175007 0.21876733
v 0.58448697 0.30781915 -0.79931719
v 0.59008547 0.18706006 0.27335732
v 0.59008547 0.18706006 0.26945733
v 0.61731543 0.33163006 -0.46882267
v 0.61342117 0.21440007 0.23819449
v 0.61341544 0.23784006 0.23817733
v 0.61342545 0.23784006 0.23820733
v 0.61341544 0.24175007 0.23817733
v 0.62122544 0.30427006 0.39835732
v 0.62120547 0.30425007 0.39835732
v 0.60163542 0.26518006 0.21867733
v 0.60163542 0.26128006 0.21867733
v 0.60169544 0.26128006 0.21876733
v 0.61342545 0.23393007 0.23820733
v 0.58865002 0.30758618 -0.79563781
v 0.58997544 0.31206006 -0.44549267
v 0.60594357 0.19728645 0.22596655
v 0.60559543 0.30575008 -0.78132267
v 0.58997544 0.30822006 -0.79303266
v 0.61035917 0.33311721 -0.48441182
v 0.59388544 0.30821008 -0.78913267
v 0.59008547 0.31206006 -0.44538267
v 0.58997544 0.31353006 -0.44928266
v 0.58686516 0.30559799 0.19271884
v 0.61341544 0.23393007 0.23817733
v 0.60950544 0.33162007 -0.47663267
v 0.66159082 -0.17923085 -0.01178061
v 0.61341544 0.24956006 0.23817733
v 0.61341544 0.24565007 0.23817733
v 0.61342545 0.24565007 0.23820733
v 0.62121222 0.30815006 -0.76177926
v 0.62122544 0.30967007 -0.75788267
v 0.59783544 0.31206006 0.43742733
v 0.60169544 0.31205008 0.43351733
v 0.60169544 0.30819008 0.78117733
v 0.60950544 0.33159006 -0.47654266
v 0.61331542 0.33159006 -0.47272266
v 0.60325986 0.30356520 -0.78590940
v 0.60169544 0.30815006 -0.78140266
v 0.61341544 0.33162007 -0.47272266
v 0.61153056 0.33230836 -0.47849918
v 0.80872544 0.17148006 -0.02350267
v 0.80872544 0.17148006 -0.02741267
v 0.62215917 0.31138397 -0.25296100
v 0.61342545 0.22222007 0.23820733
v 0.61342545 0.22612007 0.23820733
v 0.61341544 0.22612007 0.23817733
v 0.61341544 0.26518006 0.23817733
v 0.62122544 0.30034006 0.39721732
v 0.62122544 0.30425007 0.39833732
v 0.60163542 0.28081006 0.21867733
v 0.60169544 0.27690006 0.21876733
v 0.78062759 0.18792987 0.07782805
v 0.62399718 0.30439426 0.76421347
v 0.59277039 0.33356895 -0.50017226
v 0.64902674 0.37325433 -0.68236500
v 0.62094966 0.37605006 -0.62235219
v 0.60540313 0.30673863 0.22186057
v 0.59778543 0.31206006 0.43746733
v 0.62122544 0.30815006 0.40394734
v 0.60947541 0.31207815 0.42573442
v 0.65247544 0.34722007 0.73436736
v 0.64856543 0.34725008 0.73820733
v 0.80865546 -0.01214993 0.17570733
v 0.65638544 0.34725008 0.73038732
v 0.65638544 0.34722007 0.73045735
v 0.65645542 0.34722007 0.73038732
v 0.66909788 0.31232976 -0.78126540
v 0.71497544 -0.19777993 0.65617733
v 0.71117546 -0.19964993 0.65617733
v 0.71497544 -0.19964993 0.65236734
v 0.66028543 -0.20151993 -0.70319266
v 0.59008547 0.18706006 0.33976733
v 0.58997544 0.18699007 0.34367733
v 0.69934543 0.01518007 0.75770735
v 0.69931545 0.01518007 0.75773733
v 0.69934543 0.01517007 0.75773733
v 0.63683542 -0.16448993 -0.05866267
v 0.80865546 -0.07464993 0.17570733
v 0.58997544 0.18699007 0.28898733
v 0.59008547 0.18706006 0.30070733
v 0.71106543 -0.00042993 0.77325730
v 0.71096542 -0.00042993 0.77335732
v 0.71106543 -0.00048993 0.77335732
v 0.62050541 0.21440007 0.24992733
v 0.66806545 0.01518007 0.78898733
v 0.66809543 0.01517507 0.78897234
v 0.58997544 0.18699007 0.31242733
v 0.58997544 0.18699007 0.31632732
v 0.59008547 0.18706006 0.30460732
v 0.59008547 0.18706006 0.30851733
v 0.80865546 -0.02777993 0.17570733
v 0.80872544 -0.02777993 0.17581733
v 0.80872544 -0.03167993 0.17581733
v 0.67200544 -0.18805994 -0.71882267
v 0.82825544 -0.01615993 0.68351733
v 0.82434543 -0.01615993 0.68742733
v 0.59008547 0.18706006 -0.37507267
v 0.59002677 0.18702274 -0.37706564
v 0.64856543 0.01517007 -0.80866266
v 0.82044544 -0.00433993 0.19523733
v 0.80865546 -0.07855993 0.17570733
v 0.80865546 -0.02386993 0.17570733
v 0.59008547 0.18706006 0.32413732
v 0.83220544 -0.11566493 0.21469733
v 0.83224543 -0.11370993 0.21476733
v 0.59008547 0.18706006 0.29679732
v 0.58997544 0.18699007 0.30851733
v 0.58997544 0.18699007 0.28507732
v 0.66633837 0.02261169 -0.77988684
v 0.68459757 -0.18378335 -0.71489607
v 0.58997544 0.18699007 0.33976733
v 0.66416546 0.01518007 0.79288732
v 0.67981543 -0.00048993 -0.80475266
v 0.67591544 -0.00048993 -0.80866266
v 0.65244546 0.01518007 -0.80475266
v 0.59008547 0.18706006 0.31242733
v 0.64075544 0.37605006 -0.65632267
v 0.58997544 0.18699007 -0.28913267
v 0.58997544 0.18699007 0.32413732
v 0.66289645 -0.00189734 0.82038769
v 0.65638544 0.01518007 -0.80081267
v 0.58997544 0.18699007 -0.34772266
v 0.66028543 0.01964007 -0.78913267
v 0.66419544 0.01517007 0.79288732
v 0.58997544 0.18699007 -0.29694266
v 0.59008547 0.18706006 -0.29694266
v 0.69311316 0.00343862 0.78444544
v 0.69924541 -0.00042993 0.78507732
v 0.69892950 -0.00014299 0.78489775
v 0.73822542 -0.01605993 0.77335732
v 0.67200544 -0.00042993 -0.81246270
v 0.65638544 0.01517007 -0.80085267
v 0.65247544 0.01517007 -0.80475266
v 0.66416546 0.01518007 -0.79303266
v 0.71060219 0.01908625 0.74215245
v 0.71106543 0.01851007 0.74210732
v 0.71497544 0.01518007 0.74207734
v 0.71497544 0.01851007 0.73820733
v 0.81686797 0.01210831 0.64209430
v 0.61545388 0.30032472 -0.77413928
v 0.71877547 -0.00042993 0.76554732
v 0.71888544 0.00175007 0.76163732
v 0.71497544 -0.01615993 0.79679732
v 0.71869542 -0.01605993 0.79288732
v 0.61342545 0.25737006 0.23820733
v 0.61341544 0.25737006 0.23817733
v 0.61342545 0.25347007 0.23820733
v 0.61342545 0.24956006 0.23820733
v 0.61341544 0.25347007 0.23817733
v 0.61047199 0.30402699 -0.77840487
v 0.58997544 0.18699007 0.29288732
v 0.60169544 0.23784006 0.21876733
v 0.61731543 0.31210006 0.41788732
v 0.61784989 0.31203747 0.41717787
v 0.60169544 0.30425007 -0.78686268
v 0.61731543 0.30816007 0.76554732
v 0.61732545 0.30815006 0.76554732
v 0.65731137 -0.13851754 0.34853958
v 0.62513544 0.30814007 -0.75788267
v 0.62897547 0.30815006 -0.75397266
v 0.59978295 0.31585443 0.76341131
v 0.60559543 0.33027006 -0.47663267
v 0.60566547 0.30815006 -0.77741266
v 0.59118832 0.18864855 0.20167889
v 0.61341544 0.23003006 0.23817733
v 0.60163542 0.23784006 0.21867733
v 0.62459896 0.30725173 0.25424980
v 0.61342545 0.26128006 0.23820733
v 0.61341544 0.26128006 0.23817733
v 0.60169544 0.28081006 0.21876733
v 0.61859209 0.32017044 0.43737528
v 0.60950544 0.31056008 0.42179732
v 0.66028543 0.34340007 0.73429732
v 0.66419544 0.34331006 0.73057734
v 0.66419544 0.34340007 0.73038732
v 0.59859954 0.30456371 -0.78983045
v 0.59400543 0.30815006 -0.78913267
v 0.61341544 0.30425007 -0.77507265
v 0.60955544 0.30815006 -0.77350266
v 0.61416791 0.30454411 -0.77417481
v 0.60950544 0.30817006 -0.77350266
v 0.60950544 0.30815006 -0.77355267
v 0.61341544 0.30815006 -0.76962269
v 0.61731543 0.30425007 -0.77114267
v 0.61341544 0.30817006 -0.76960267
v 0.61860589 0.30381524 -0.77041941
v 0.62122544 0.30425007 -0.76721264
v 0.61731543 0.30815006 -0.76570268
v 0.61341544 0.26909006 0.23817733
v 0.61342545 0.26909006 0.23820733
v 0.61341544 0.27300007 0.23817733
v 0.61342545 0.26518006 0.23820733
v 0.62903543 0.30433006 0.39054732
v 0.60950544 0.31206006 0.42564734
v 0.61341544 0.31057007 0.41788732
v 0.61332544 0.31206006 0.42179732
v 0.61341544 0.31206006 0.42171733
v 0.60171304 0.31206514 0.43351155
v 0.62396546 0.30034006 0.39445733
v 0.61344542 0.30815006 0.76945733
v 0.61731543 0.30569006 0.76945733
v 0.64857399 0.34722843 0.73824202
v 0.59090501 0.30520644 0.79806456
v 0.61731543 0.30815006 0.76555734
v 0.59778543 0.30425007 -0.79079266
v 0.60559543 0.30425007 -0.78293265
v 0.62150945 0.30401423 -0.76729104
v 0.62509545 0.30815006 -0.75788267
v 0.61343547 0.30815006 -0.76960267
v 0.61731543 0.30967007 -0.76178266
v 0.61731543 0.30816007 -0.76569266
v 0.61341544 0.31209007 0.42179732
v 0.61481688 0.35779500 -0.73128803
v 0.63531216 0.25845191 0.38288930
v 0.60163542 0.28472007 0.21867733
v 0.61341544 0.30817006 0.76945733
v 0.64072014 0.30245028 0.74853867
v 0.58659642 0.37416066 -0.49983131
v 0.73450544 -0.01391993 0.77335732
v 0.73047432 -0.00860132 0.76796423
v 0.60169544 0.25737006 0.21876733
v 0.60163542 0.23393007 0.21867733
v 0.82044544 0.15581006 0.19523733
v 0.82044544 0.15972007 0.19523733
v 0.61142835 0.27649385 0.23489579
v 0.67406799 0.33105681 0.40886915
v 0.67200544 0.33955008 0.73038732
v 0.66846977 0.37121395 -0.57902084
v 0.67591544 0.35110006 0.70304732
v 0.67200544 0.35110006 0.70695733
v 0.67586543 0.35112006 0.70304732
v 0.71106543 -0.01615993 0.80070733
v 0.65247544 0.35110006 0.72648733
v 0.66809543 0.34331006 0.72667735
v 0.66809543 0.33955008 0.73429732
v 0.66811116 -0.19573949 -0.70710542
v 0.61294809 0.37259297 0.71279548
v 0.70891404 -0.01587865 0.80238283
v 0.68372544 -0.19183993 -0.69942267
v 0.68372544 -0.19189994 -0.69928266
v 0.75013544 0.01851007 0.70304732
v 0.75403543 0.01518007 0.70301734
v 0.75403543 0.01851007 0.69913732
v 0.75400545 0.01518007 0.70304732
v 0.68372544 -0.18997994 -0.70319266
v 0.68385544 -0.19183993 -0.69928266
v 0.66028543 -0.19959993 -0.70710267
v 0.66419538 -0.19574988 -0.71100278
v 0.66420545 -0.19573993 -0.71100266
v 0.66809543 -0.19573993 -0.70711268
v 0.66809543 -0.19574993 -0.70710267
v 0.66018542 -0.19964993 -0.70710267
v 0.66026235 -0.19965074 -0.70701594
v 0.68763544 -0.19183993 -0.69551266
v 0.68763544 -0.19189994 -0.69538267
v 0.72658547 -0.00042993 0.75773733
v 0.72669544 0.00175007 0.75382732
v 0.75002547 -0.00042993 0.73429732
v 0.68763544 0.01851007 0.76554732
v 0.68012875 0.01899025 0.77240831
v 0.68759545 0.01518007 0.76945733
v 0.80879541 0.17143007 -0.02741267
v 0.77356543 -0.00048993 -0.71100266
v 0.76966544 -0.00048993 -0.71491266
v 0.76966544 -0.00042993 -0.71480269
v 0.71507545 -0.19964993 0.65226733
v 0.63819086 0.02767279 0.79469565
v 0.69150545 0.01518007 0.76554732
v 0.68763544 0.01517007 0.76945733
v 0.69153543 0.01517007 0.76554732
v 0.68763544 0.01518007 0.76941733
v 0.66809543 -0.19959993 -0.69928266
v 0.59008547 0.18706006 0.23820733
v 0.59008547 0.18706006 0.24210734
v 0.70716544 0.00397007 0.76945733
v 0.80865546 0.04253007 0.17570733
v 0.80872544 0.04253007 0.17581733
v 0.80872544 0.03862007 0.17581733
v 0.80865546 0.05815007 0.17570733
v 0.80872544 0.05425007 0.17581733
v 0.80865546 0.05425007 0.17570733
v 0.80872544 -0.02386993 0.17581733
v 0.66419544 0.01517007 -0.79303266
v 0.66419777 0.01518031 -0.79300155
v 0.66809543 0.01517007 -0.78913267
v 0.71106543 0.00347007 -0.76658268
v 0.77184444 0.02374596 0.67097499
v 0.69804882 0.00062558 -0.78461308
v 0.69934543 0.00397007 -0.77741266
v 0.81635632 0.03113547 0.18845926
v 0.59008547 0.18706006 -0.29303266
v 0.58997544 0.18699007 -0.28132267
v 0.59004317 0.18703316 -0.28107035
v 0.80865546 -0.08245993 0.17570733
v 0.80865546 -0.08636993 0.17570733
v 0.82044544 -0.03948993 0.19522733
v 0.82044544 -0.03558993 0.19522733
v 0.82044544 -0.03948993 0.19523733
v 0.67981543 -0.00042993 -0.80465264
v 0.67971542 -0.00042993 -0.80475266
v 0.64591847 0.32271034 0.27583401
v 0.83224543 -0.09808993 0.21476733
v 0.59008547 0.18706006 0.32023733
v 0.80097386 0.02255082 0.16297549
v 0.59008547 0.18706006 0.31632732
v 0.58997544 0.18699007 0.32023733
v 0.82044544 -0.09027993 0.19523733
v 0.82044544 -0.09027993 0.19522733
v 0.82044544 -0.08636993 0.19522733
v 0.83224543 -0.09027993 0.21476733
v 0.83216544 -0.08636993 0.21462733
v 0.58997544 0.18699007 0.28117733
v 0.71888544 -0.19969993 0.64835732
v 0.71888766 -0.19965427 0.64845526
v 0.80872544 0.01909007 0.17581733
v 0.80865546 0.02300007 0.17570733
v 0.80872544 0.02300007 0.17581733
v 0.82044544 -0.08245993 0.19522733
v 0.82044544 -0.07855993 0.19522733
v 0.82044544 -0.08245993 0.19523733
v 0.61080920 0.25510484 0.23387139
v 0.67976735 0.00546950 0.79413520
v 0.80872544 0.02690007 0.17581733
v 0.80865546 0.03081007 0.17570733
v 0.80872544 0.03081007 0.17581733
v 0.82807543 -0.01605993 0.68351733
v 0.82430190 -0.01610307 0.68736419
v 0.73037976 0.01899800 0.72237932
v 0.71106543 0.00397007 0.76554732
v 0.64441641 0.05621714 0.75877130
v 0.67981543 0.01796007 0.77335732
v 0.67981543 0.01518007 0.77723734
v 0.68369546 0.01518007 0.77335732
v 0.72278543 -0.00048993 -0.76178266
v 0.72267546 -0.00042993 -0.76178266
v 0.72278543 -0.00042993 -0.76168264
v 0.68372544 -0.01605993 -0.82801266
v 0.68351167 -0.01607045 -0.82824430
v 0.81252547 -0.00042993 -0.67194266
v 0.67591544 0.00397007 -0.80085267
v 0.68372544 0.01518007 0.77332734
v 0.67212092 0.02269774 0.77444069
v 0.69153543 -0.00048993 -0.79303266
v 0.62513544 0.30815006 -0.75784267
v 0.71947139 0.00367219 -0.75782102
v 0.70650675 -0.01955719 -0.81142772
v 0.69153543 0.01851007 0.76163732
v 0.76575544 -0.00042993 -0.71871270
v 0.76575544 0.00347007 -0.71189268
v 0.76955547 -0.00042993 -0.71491266
v 0.63424659 0.31195417 0.73907449
v 0.62849356 0.05795835 -0.76118320
v 0.69135543 -0.01605993 -0.82038267
v 0.71106543 0.01518007 0.74598734
v 0.71494546 0.01518007 0.74210732
v 0.67981543 0.01517007 0.77726733
v 0.69544544 -0.00048993 -0.78913267
v 0.69934543 -0.00048993 -0.78522266
v 0.72484493 -0.02153756 0.79639714
v 0.69544544 0.01517007 0.76163732
v 0.67578688 0.33069966 0.39808916
v 0.66028543 0.01517007 0.79679732
v 0.68763544 -0.01615993 -0.82428266
v 0.69153543 -0.01615993 -0.82038267
v 0.72669544 -0.00042993 0.75762736
v 0.67587544 0.01518007 0.78117734
v 0.67591544 0.01517007 0.78117733
v 0.71106543 0.01517007 0.74601733
v 0.71497544 0.01517007 0.74210732
v 0.70325544 0.01517007 0.75382732
v 0.70712545 0.01518007 0.74992733
v 0.70716544 0.01851007 0.74601733
v 0.69544544 0.01851007 0.75773733
v 0.69544544 0.01518007 0.76160734
v 0.65385867 0.33268201 -0.43528928
v 0.69544544 -0.18805994 -0.69538267
v 0.82044544 -0.03558993 0.19523733
v 0.82044544 -0.03167993 0.19522733
v 0.82044544 -0.03167993 0.19523733
v 0.70716544 0.01517007 0.74992733
v 0.71745353 0.00426231 0.75865289
v 0.66809543 0.34340007 0.72648733
v 0.66828545 0.34331006 0.72648733
v 0.67200544 0.34340007 0.72257732
v 0.74622544 -0.01391993 0.76163732
v 0.74994542 -0.01605993 0.76163732
v 0.71888544 -0.01615993 0.79288732
v 0.67200544 0.35112006 0.70690732
v 0.67981543 0.35494006 0.69132732
v 0.75023597 -0.00053083 -0.73441663
v 0.69934543 -0.18997994 -0.68757267
v 0.60169544 0.23393007 0.21876733
v 0.63590031 0.30541947 0.38249602
v 0.61091870 0.23198555 0.23405135
v 0.80865546 0.23003006 0.17570733
v 0.80872544 0.23003006 0.17581733
v 0.80872544 0.22612007 0.17581733
v 0.80865546 0.17143007 0.17570733
v 0.80872544 0.17143007 0.17581733
v 0.80872544 0.16753006 0.17581733
v 0.62537755 0.30365543 0.39376678
v 0.81584742 0.12816235 0.18761460
v 0.66816547 0.34722007 0.71867733
v 0.65638544 0.35112006 0.72252731
v 0.65633543 0.35112006 0.72257732
v 0.65638544 0.35110006 0.72257732
v 0.74231543 0.01851007 0.71085732
v 0.74200152 0.01908606 0.71075293
v 0.81586417 0.00003198 0.18764278
v 0.80879541 0.17143007 -0.02350267
v 0.80872544 0.17148006 -0.01960267
v 0.80872544 0.12847007 0.17581733
v 0.80872544 0.13237007 0.17581733
v 0.80865546 0.20659006 0.17570733
v 0.80865546 0.20268007 0.17570733
v 0.82044544 0.14409006 0.19522733
v 0.81610244 0.15623757 0.18803796
v 0.82044544 0.24175007 0.19523733
v 0.82044544 0.24565007 0.19523733
v 0.81263544 0.16876007 -0.06257267
v 0.80879541 0.17143007 -0.05475267
v 0.80865546 0.19097007 0.17570733
v 0.80872544 0.18706006 0.17581733
v 0.80865546 0.18706006 0.17570733
v 0.82044544 0.09722007 0.19522733
v 0.81638439 0.08913866 0.18850412
v 0.82044544 0.10112007 0.19522733
v 0.82044544 0.09722007 0.19523733
v 0.62515499 0.25067091 0.25762402
v 0.80872544 -0.01615993 0.70304732
v 0.81244542 -0.01605993 0.69913732
v 0.71103545 0.01518007 0.74601733
v 0.67674522 0.31735408 0.76975899
v 0.65638544 0.35494006 0.71476733
v 0.64466544 0.34867007 0.73820733
v 0.63294544 0.37605006 -0.66413267
v 0.64466544 0.37605006 -0.65241266
v 0.64856543 0.37605006 -0.64850266
v 0.65223044 0.37605006 -0.60309579
v 0.69934543 0.35110006 0.67960732
v 0.69544544 0.35110006 0.68351733
v 0.70325544 0.34725008 0.68351733
v 0.69934543 0.34725008 0.68742733
v 0.65247544 0.37605006 -0.64460267
v 0.83216544 0.08550007 0.21462733
v 0.72669544 -0.18805994 -0.66413267
v 0.72307211 -0.19188241 -0.65997659
v 0.72278543 -0.19183993 -0.66036267
v 0.69153543 0.35494006 0.67960732
v 0.69544544 0.35494006 0.67570733
v 0.80865546 0.13628006 0.17570733
v 0.80865546 0.13237007 0.17570733
v 0.76184543 0.01518007 0.69520735
v 0.76575544 0.01518007 0.69129735
v 0.65247544 0.34725008 0.73429732
v 0.65247544 0.35494006 0.71867733
v 0.66809543 0.35494006 0.70304732
v 0.67200544 0.35494006 0.69913732
v 0.66028543 0.34725008 0.72648733
v 0.66419544 0.34725008 0.72257732
v 0.66419544 0.35494006 0.70695733
v 0.66804542 0.35112006 0.71085732
v 0.68372544 0.35494006 0.68742733
v 0.66028543 0.35112006 0.71862732
v 0.66023543 0.35112006 0.71867733
v 0.66028543 0.35110006 0.71867733
v 0.66035547 0.34722007 0.72648733
v 0.66028543 0.34722007 0.72655730
v 0.71486547 -0.00042993 0.76945733
v 0.71497544 -0.00042993 0.76934736
v 0.70301362 -0.21858415 -0.61444016
v 0.68763544 -0.19573993 -0.68758268
v 0.68765302 -0.19574494 -0.68756011
v 0.66421130 -0.19961859 -0.70313922
v 0.83216544 -0.09417993 0.21462733
v 0.69153543 -0.19183993 -0.69161267
v 0.69153543 -0.19189994 -0.69147266
v 0.68776544 -0.19183993 -0.69538267
v 0.69533547 -0.19964993 -0.67194266
v 0.68729874 -0.19971098 -0.67984449
v 0.68763544 -0.19964993 -0.67965264
v 0.69151235 -0.19965074 -0.67576594
v 0.71497544 -0.00048993 0.76945733
v 0.67983546 -0.19573993 -0.69538267
v 0.67604544 -0.19183993 -0.70710267
v 0.66408547 -0.19964993 -0.70319266
v 0.67591544 -0.19183993 -0.70723267
v 0.68810202 -0.18659004 -0.70565115
v 0.68372544 -0.00048993 -0.80085267
v 0.68372544 -0.19574993 -0.69147266
v 0.68374547 -0.19573993 -0.69147266
v 0.67716651 -0.19612010 -0.69720563
v 0.68372544 -0.19959993 -0.68366266
v 0.67981545 -0.19183992 -0.70333269
v 0.70325544 -0.19189994 -0.67975266
v 0.70325544 -0.00048993 -0.78132267
v 0.69934543 -0.00042993 -0.78511269
v 0.71106543 -0.00042993 -0.77340264
v 0.70976453 0.00025578 -0.77352854
v 0.69544377 -0.21337316 0.64416252
v 0.69153543 -0.18805994 -0.69928266
v 0.70401187 -0.18692364 -0.68906783
v 0.69913205 0.01897133 0.75362931
v 0.70716544 -0.19969993 0.66007732
v 0.53911040 0.15558658 0.28238146
v 0.72278543 -0.00048993 0.76163732
v 0.72505943 -0.01286482 0.78096696
v 0.69158651 -0.00046392 0.79279700
v 0.68372544 -0.01615993 -0.82819266
v 0.82709794 -0.09063654 0.20624569
v 0.80872544 -0.01214993 0.17581733
v 0.80872544 -0.11370993 0.17581733
v 0.80865546 -0.11370993 0.17570733
v 0.80865546 -0.10980993 0.17570733
v 0.70600516 -0.09072851 0.85495828
v 0.82044544 -0.00042993 0.19522733
v 0.82044544 0.00347007 0.19522733
v 0.82044544 -0.00042993 0.19523733
v 0.80865546 -0.06292993 0.17570733
v 0.80865546 -0.06683993 0.17570733
v 0.80865546 -0.12152993 0.17570733
v 0.80872544 -0.12152993 0.17581733
v 0.80872544 -0.12542994 0.17581733
v 0.80865546 0.19878006 0.17570733
v 0.80872544 0.19878006 0.17581733
v 0.80872544 0.19487007 0.17581733
v 0.68372544 0.01517007 0.77335732
v 0.78138544 -0.00048993 -0.70319266
v 0.77747544 -0.00048993 -0.70710267
v 0.82044544 -0.01995993 0.19523733
v 0.82044544 -0.01605993 0.19522733
v 0.82044544 -0.01605993 0.19523733
v 0.75822538 0.01898091 0.69456648
v 0.75794544 0.01851007 0.69523733
v 0.72750547 -0.01214993 -0.77741266
v 0.71976545 0.00347007 -0.75788267
v 0.80865546 -0.05511993 0.17570733
v 0.80865546 -0.05902993 0.17570733
v 0.73450544 -0.00042993 -0.74996270
v 0.73439547 -0.00042993 -0.75007267
v 0.73059543 0.00397007 -0.74616266
v 0.68200316 -0.01238998 0.82319420
v 0.73450544 0.00347007 -0.74314268
v 0.73830547 -0.00042993 -0.74616266
v 0.70716544 -0.00048993 -0.77741266
v 0.70259412 0.01706948 -0.75122802
v 0.70325544 -0.00042993 -0.78121270
v 0.68763544 -0.00042993 -0.79683269
v 0.80872544 0.05815007 0.17581733
v 0.80872544 0.06206007 0.17581733
v 0.63385937 0.21356609 -0.38502826
v 0.80872544 -0.07855993 0.17581733
v 0.82044544 -0.10589993 0.19523733
v 0.82512398 -0.11269985 0.20298657
v 0.82044544 0.06597007 0.19523733
v 0.82044544 0.06597007 0.19522733
v 0.82044544 0.06987007 0.19522733
v 0.80865546 -0.09027993 0.17570733
v 0.80865546 -0.09417993 0.17570733
v 0.80865546 -0.10589993 0.17570733
v 0.80872544 -0.10589993 0.17581733
v 0.80872544 -0.10980993 0.17581733
v 0.82044544 -0.12933993 0.19523733
v 0.82044544 -0.12542994 0.19522733
v 0.82044544 -0.12542994 0.19523733
v 0.82853657 -0.14201848 0.20931655
v 0.80865546 -0.09808993 0.17570733
v 0.80872544 -0.09808993 0.17581733
v 0.80872544 -0.10198993 0.17581733
v 0.80865546 -0.03558993 0.17570733
v 0.74622544 0.01518007 0.71082734
v 0.74622544 0.01517007 0.71085732
v 0.75009545 0.01518007 0.70695733
v 0.71106543 -0.19969993 0.65617733
v 0.71106543 -0.19964993 0.65627735
v 0.82044544 -0.07855993 0.19523733
v 0.82044544 -0.07464993 0.19523733
v 0.82752546 -0.07855993 0.20695733
v 0.73049541 -0.00042993 0.75382732
v 0.70325543 0.01518007 0.75379734
v 0.70324996 -0.00045297 0.78111524
v 0.72278543 -0.01605993 0.78880732
v 0.71888544 -0.01167993 0.78507732
v 0.72260543 -0.01605993 0.78898733
v 0.77800882 0.00504267 0.69673768
v 0.67591544 0.01740007 0.77726733
v 0.67978545 0.01518007 0.77726733
v 0.75794544 -0.01615993 -0.75397266
v 0.76184543 -0.01615993 -0.75007267
v 0.72669544 -0.00048993 -0.75788267
v 0.73059543 -0.00048993 -0.75397266
v 0.71888544 -0.00042993 0.76543735
v 0.68752547 -0.00042993 -0.79694266
v 0.68361547 -0.00042993 -0.80085267
v 0.66028543 0.01517007 -0.79694266
v 0.82044544 0.08550007 0.19522733
v 0.68755063 -0.01607776 -0.82421430
v 0.69544544 -0.00048993 0.78898733
v 0.68763544 -0.00048993 -0.79694266
v 0.69281348 0.00390332 -0.78406885
v 0.71888544 0.01517007 0.73820733
v 0.71884545 0.01518007 0.73820733
v 0.71497544 -0.20354993 0.64445733
v 0.70716544 -0.00048993 0.77726733
v 0.69533550 -0.00042996 0.78898727
v 0.69992284 0.00611451 0.77290857
v 0.67534802 0.00415575 -0.80109098
v 0.74231543 -0.00042993 0.74200730
v 0.74221542 -0.00042993 0.74210732
v 0.74231543 -0.00048993 0.74210732
v 0.79309543 -0.01615993 0.71867733
v 0.71888544 0.01851007 0.73429732
v 0.71888544 0.01518007 0.73816733
v 0.69153543 -0.00042993 -0.79293264
v 0.69142546 -0.00042993 -0.79303266
v 0.68851545 0.00347007 -0.78913267
v 0.70314547 -0.00042993 -0.78132267
v 0.71497544 0.00347007 -0.76267267
v 0.73450544 -0.00048993 -0.75007267
v 0.73059543 -0.00042993 -0.75386269
v 0.74619546 0.01518007 0.71085732
v 0.73450544 -0.01615993 -0.77741266
v 0.73432543 -0.01605993 -0.77741266
v 0.73450544 -0.01605993 -0.77723266
v 0.72278543 0.01518007 0.73426734
v 0.72278543 0.01851007 0.73038732
v 0.72275545 0.01518007 0.73429732
v 0.71497544 0.32768006 -0.61721266
v 0.71497544 0.32919008 -0.61335267
v 0.70716444 -0.00042994 -0.77730372
v 0.77373543 0.31987006 -0.57819266
v 0.77747544 0.31993008 -0.57428266
v 0.77747544 0.31987006 -0.57442267
v 0.71106543 -0.00048993 -0.77350266
v 0.67074419 0.34766769 -0.71518583
v 0.71901544 -0.19183993 -0.66413267
v 0.71888544 -0.19189994 -0.66413267
v 0.71888544 -0.19183993 -0.66426266
v 0.71881547 0.32768006 -0.61335267
v 0.71888544 0.32766006 -0.61335267
v 0.66419544 0.34722007 0.72264736
v 0.66426542 0.34722007 0.72257732
v 0.68372544 0.34725008 0.70304732
v 0.68762166 0.33993513 0.71421850
v 0.66419544 0.35110006 0.71476733
v 0.71102253 -0.19612465 -0.66347960
v 0.82044544 0.16362007 0.19522733
v 0.82044544 0.16753006 0.19522733
v 0.82044544 0.16362007 0.19523733
v 0.81618312 0.18194008 0.18817054
v 0.82738261 0.25873725 0.20672107
v 0.82988544 0.26128006 0.21085734
v 0.80872544 0.17148006 -0.05475267
v 0.80872544 0.17148006 -0.05866267
v 0.83644198 0.13817052 0.22171697
v 0.78414749 0.18666629 -0.06711553
v 0.81603665 0.24243060 0.18792844
v 0.80872544 0.11284007 0.17581733
v 0.80865546 0.11284007 0.17570733
v 0.80865546 0.12847007 0.17570733
v 0.80872544 0.12456007 0.17581733
v 0.83216544 0.17925007 0.21462733
v 0.82044544 0.13237007 0.19522733
v 0.82044544 0.10112007 0.19523733
v 0.82044544 0.10503006 0.19522733
v 0.82044544 0.10503006 0.19523733
v 0.62514081 0.26185447 0.25759766
v 0.76966544 0.01851007 0.68351733
v 0.58997544 0.18699007 0.26554732
v 0.59008547 0.18706006 0.26163732
v 0.58997544 0.18699007 0.26163732
v 0.82044544 -0.09417993 0.19522733
v 0.82044544 -0.09417993 0.19523733
v 0.72278543 -0.00042993 0.76153730
v 0.72267546 -0.00042993 0.76163732
v 0.66809543 0.34722007 0.71874731
v 0.66809543 0.34725008 0.71867733
v 0.66809543 0.35112006 0.71080731
v 0.69934543 0.34722007 0.68749731
v 0.69941547 0.34722007 0.68742733
v 0.70325544 0.34340007 0.69132732
v 0.69156332 0.34722052 0.69527969
v 0.69153543 0.34340007 0.70304732
v 0.69544544 0.34340007 0.69913732
v 0.69153543 0.34725008 0.69523733
v 0.69544544 0.34722007 0.69139736
v 0.69544544 0.34725008 0.69132732
v 0.67591544 0.35112006 0.70299732
v 0.67976542 0.35112006 0.69913732
v 0.66438546 0.34331006 0.73038732
v 0.67321604 0.31472511 0.77398944
v 0.66417875 0.35112006 0.71473394
v 0.82044544 -0.04730993 0.19522733
v 0.82044544 -0.04339993 0.19522733
v 0.82044544 -0.04730993 0.19523733
v 0.76270031 0.03629305 0.65848309
v 0.77747544 -0.01615993 -0.73444266
v 0.78138544 -0.01615993 -0.73053266
v 0.67591544 0.35494006 0.69523733
v 0.67200544 0.34725008 0.71476733
v 0.66199560 0.35528929 0.70848483
v 0.69934543 0.34340007 0.69523733
v 0.66809543 0.35110006 0.71085732
v 0.68372544 0.35112006 0.69518732
v 0.68758543 0.35112006 0.69132732
v 0.67195543 0.35112006 0.70695733
v 0.67981543 0.35110006 0.69913732
v 0.67981543 0.35112006 0.69908731
v 0.68763544 0.35112006 0.69127731
v 0.68367543 0.35112006 0.69523733
v 0.75794544 0.01517007 0.69913732
v 0.70716544 0.01518007 0.74988734
v 0.68372544 0.35110006 0.69523733
v 0.68763544 0.34722007 0.69920735
v 0.68763544 0.34725008 0.69913732
v 0.69551542 0.34722007 0.69132732
v 0.69948544 -0.19183993 -0.68366266
v 0.80865020 0.02387158 0.17569904
v 0.69153543 -0.19959993 -0.67585267
v 0.65545879 -0.21700968 -0.67490026
v 0.68763544 -0.19959993 -0.67975266
v 0.71094762 -0.19584144 -0.66411025
v 0.71497544 -0.19969993 0.65226733
v 0.71497544 -0.18997994 -0.67194266
v 0.82044544 0.04253007 0.19523733
v 0.82044544 0.04643007 0.19523733
v 0.74231543 0.01518007 0.71473734
v 0.74231543 0.01517007 0.71476733
v 0.80865546 -0.01605993 0.17570733
v 0.69934543 -0.19183993 -0.68379266
v 0.69934543 -0.19189994 -0.68366266
v 0.69544544 -0.19189994 -0.68757267
v 0.70325544 -0.19573993 -0.67196269
v 0.69167545 -0.19183993 -0.69147266
v 0.71106543 -0.18805994 -0.67975266
v 0.70717050 -0.19574470 -0.66803294
v 0.70716544 -0.19574993 -0.66803266
v 0.71108467 -0.19573961 -0.66413353
v 0.69544544 -0.19183993 -0.68770267
v 0.82044544 0.08940007 0.19523733
v 0.82044544 0.09331007 0.19523733
v 0.69689209 -0.19595465 -0.67765578
v 0.71106543 -0.19573993 -0.66414268
v 0.71497544 -0.19189994 -0.66803266
v 0.71510544 -0.19183993 -0.66803266
v 0.71497544 -0.19183993 -0.66817267
v 0.71497544 -0.00048993 -0.76960267
v 0.71486547 -0.00042993 -0.76960267
v 0.69557544 -0.19183993 -0.68757267
v 0.69143542 -0.19964993 -0.67585267
v 0.70470226 -0.19730382 0.66742330
v 0.82044544 -0.11761993 0.19523733
v 0.82044544 -0.11370993 0.19523733
v 0.76575544 0.01851007 0.68742733
v 0.71440644 -0.21685848 0.61420373
v 0.72232827 0.00384406 0.75450691
v 0.71898546 -0.19964993 0.64835732
v 0.76870545 0.02690007 -0.66803266
v 0.72669544 0.01518007 0.73035734
v 0.74611547 -0.00042993 0.73820733
v 0.73690719 -0.01104887 -0.76609143
v 0.70718131 -0.19186880 -0.67590633
v 0.70339518 -0.19183989 -0.67975267
v 0.80872544 -0.09027993 0.17581733
v 0.80872544 -0.08636993 0.17581733
v 0.82044544 0.02300007 0.19523733
v 0.82044544 0.02690007 0.19522733
v 0.82044544 0.02690007 0.19523733
v 0.82044544 -0.13717530 0.19523098
v 0.82044544 -0.13714993 0.19523733
v 0.82280543 -0.13714993 0.19913733
v 0.80865546 -0.10198993 0.17570733
v 0.80872544 -0.08245993 0.17581733
v 0.73841544 0.01517007 0.71867733
v 0.73450544 0.01517007 0.72257732
v 0.73837545 0.01518007 0.71867733
v 0.69934543 -0.00048993 0.78507732
v 0.74622544 -0.01615993 0.76554732
v 0.75794544 0.01518007 0.69910734
v 0.76181545 0.01518007 0.69523733
v 0.70716512 -0.00042995 0.77715777
v 0.72278543 -0.18805994 -0.66803266
v 0.70716544 -0.19183993 -0.67598267
v 0.70729544 -0.19183993 -0.67585267
v 0.75403543 -0.00048993 -0.73053266
v 0.83224543 0.07378006 0.21476733
v 0.83216544 0.07768007 0.21462733
v 0.83224543 0.07768007 0.21476733
v 0.71497544 -0.00042993 -0.76949270
v 0.71888544 -0.00042993 -0.76558269
v 0.71888544 -0.00048993 -0.76569266
v 0.71877547 -0.00042993 -0.76569266
v 0.72666546 0.01518007 0.73038732
v 0.71106540 -0.19183992 -0.67208263
v 0.74622544 0.00347007 -0.73142267
v 0.83687817 0.05990824 0.22242967
v 0.77070678 -0.16285277 -0.08194812
v 0.77410189 -0.17104093 0.07927699
v 0.79587747 -0.10502617 0.15457204
v 0.80872544 -0.03948993 0.17581733
v 0.80872544 0.07378006 0.17581733
v 0.80872544 0.06987007 0.17581733
v 0.80865546 0.07378006 0.17570733
v 0.80872544 -0.11761993 0.17581733
v 0.80865546 -0.11761993 0.17570733
v 0.78908552 -0.00042990 0.69523725
v 0.78919544 -0.00048993 0.69523733
v 0.78130791 0.02680142 0.65547142
v 0.80872544 -0.00042993 0.17581733
v 0.80872544 -0.06683993 0.17581733
v 0.76966528 -0.00043035 0.71465881
v 0.76966544 -0.00048993 0.71476733
v 0.71488289 -0.01605921 0.79670892
v 0.82793528 0.19127014 0.20763290
v 0.69526543 -0.01605993 -0.81647266
v 0.71888544 0.32768006 -0.61328269
v 0.82044544 -0.13323993 0.19522733
v 0.77356543 0.01517007 0.68351733
v 0.77356543 0.01518007 0.68348734
v 0.77353545 0.01518007 0.68351733
v 0.67856292 -0.02830010 -0.85200808
v 0.77356543 -0.00048993 0.71085732
v 0.77747544 -0.00048993 0.70695733
v 0.77736547 -0.00042993 0.70695733
v 0.69544544 -0.01615993 -0.81647266
v 0.69544544 -0.01605993 -0.81629265
v 0.72669544 0.01517007 0.73038732
v 0.73054011 -0.01607224 0.78106865
v 0.75794551 -0.00043004 -0.72652286
v 0.75101545 0.00347007 -0.72663267
v 0.75403543 -0.00042993 -0.73043264
v 0.72278543 0.01517007 0.73429732
v 0.69541546 0.01518007 0.76163732
v 0.69544499 -0.00042956 -0.78902362
v 0.75392546 -0.00042993 -0.73053266
v 0.69693736 -0.00534588 -0.79610856
v 0.72929882 0.00062559 -0.75336308
v 0.73450543 0.01518007 0.72254734
v 0.72669544 -0.00048993 0.75773733
v 0.73841544 -0.01615993 -0.77350266
v 0.69153543 0.01518007 0.76551734
v 0.71888544 -0.00048993 0.76554732
v 0.72930796 -0.19608700 0.64530782
v 0.73059543 -0.00042993 0.75371735
v 0.73059543 -0.00048993 0.75382732
v 0.74231543 0.00397007 0.73429732
v 0.73841544 0.00397007 0.73820733
v 0.73059543 -0.01605993 -0.78113265
v 0.72669630 -0.00042972 -0.75777224
v 0.72669544 -0.01615993 0.78507732
v 0.73059543 0.01517007 0.72648733
v 0.75029537 -0.01606352 0.76131150
v 0.75013544 -0.01615993 0.76163732
v 0.72669544 -0.01605993 0.78489732
v 0.72651543 -0.01605993 0.78507732
v 0.74613290 -0.01605936 0.76545867
v 0.73450544 0.00175007 0.74601733
v 0.73841542 -0.00043009 0.74590669
v 0.74622544 -0.00042993 0.73809736
v 0.74622544 -0.00048993 0.73820733
v 0.74231543 -0.00042993 -0.74215264
v 0.74221542 -0.00042993 -0.74225266
v 0.73841544 0.00397007 -0.73835267
v 0.74231543 0.00347007 -0.73533268
v 0.73613771 0.01741313 -0.71702639
v 0.74687810 0.00502713 0.72786041
v 0.76966544 0.03083007 -0.66022266
v 0.76579543 0.03081007 -0.66413267
v 0.76575544 0.03083007 -0.66413267
v 0.73439547 -0.00042993 0.74992733
v 0.73057370 0.00608253 0.74237567
v 0.73059543 -0.01615993 0.78117733
v 0.73841544 -0.00048993 0.74601733
v 0.73841544 0.01851007 0.71476733
v 0.75380246 0.01909144 0.69894571
v 0.74622544 0.01851007 0.70695733
v 0.72034233 -0.18578493 -0.67504140
v 0.81248273 -0.01616581 0.69929421
v 0.81263544 -0.01605993 0.69895731
v 0.77744546 0.01518007 0.67960732
v 0.78138544 0.01964007 0.66788732
v 0.69153543 0.35110006 0.68742733
v 0.69153543 0.35112006 0.68737732
v 0.73841544 -0.00048993 -0.74616266
v 0.67614734 0.31022123 0.77568849
v 0.71403146 0.32236790 -0.72310838
v 0.71497544 0.31991005 -0.72663267
v 0.69544544 0.34331006 0.69932734
v 0.69934543 0.33955008 0.70304732
v 0.71497496 0.31985158 -0.72672908
v 0.71888544 0.31987006 -0.72279270
v 0.71504541 0.31987006 -0.72663267
v 0.71888544 0.31991005 -0.72272266
v 0.71637543 0.31597007 -0.73053266
v 0.80865546 0.24175007 0.17570733
v 0.80872544 0.24175007 0.17581733
v 0.80872544 0.23784006 0.17581733
v 0.77153852 -0.01567873 -0.73955701
v 0.71106543 0.35494006 0.66007732
v 0.80861547 -0.00042993 0.67570733
v 0.80481543 0.00397007 0.67179732
v 0.80091544 0.00397007 0.67570733
v 0.80481543 -0.00042993 0.67950730
v 0.71401233 0.31475009 0.73632770
v 0.72278543 0.32768006 -0.60935266
v 0.72278543 0.32917008 -0.60553266
v 0.72666888 0.32767973 -0.60545001
v 0.80872544 0.17148006 -0.05085267
v 0.82752546 0.06206007 0.20695733
v 0.82434543 0.07378006 0.20169732
v 0.83213837 0.06792359 0.21458002
v 0.80872544 0.14800007 0.17581733
v 0.80872544 0.14409006 0.17581733
v 0.80865546 0.14800007 0.17570733
v 0.82044544 0.21050007 0.19523733
v 0.82044544 0.21440007 0.19523733
v 0.82434543 0.21440007 0.20169732
v 0.82044544 0.27300007 0.19522733
v 0.82044544 0.27690006 0.19522733
v 0.82044544 0.27300007 0.19523733
v 0.81509775 0.28339333 0.18637309
v 0.78068920 0.31992157 0.57093259
v 0.82044544 -0.05902993 0.19523733
v 0.82044544 -0.05511993 0.19523733
v 0.83606543 0.32478008 0.37882732
v 0.80865546 0.17534006 0.17570733
v 0.80872544 0.17534006 0.17581733
v 0.68763544 0.35494006 0.68351733
v 0.72283646 0.33238284 0.61220915
v 0.72669544 0.00397007 0.74992733
v 0.69929542 0.35112006 0.67960732
v 0.69542869 0.35112011 0.68348398
v 0.69148543 0.35112006 0.68742733
v 0.70325544 0.33955008 0.69913732
v 0.68770542 0.34722007 0.69913732
v 0.75013544 -0.00042993 -0.73433269
v 0.75002547 -0.00042993 -0.73444266
v 0.69563546 0.34331006 0.69913732
v 0.69953545 0.34331006 0.69523733
v 0.65572501 0.37573516 -0.65210376
v 0.71543752 0.33278117 -0.60218167
v 0.80871827 0.17148224 -0.06255719
v 0.71892451 0.33398264 0.69565159
v 0.76966544 0.01518007 0.68738734
v 0.71497544 0.35494006 0.65617733
v 0.64899100 0.37085985 0.68990602
v 0.70716544 0.35110006 0.67179732
v 0.71101542 0.35112006 0.66788732
v 0.70716544 0.35112006 0.67174732
v 0.69934543 0.35494006 0.67179732
v 0.70320543 0.35112006 0.67570733
v 0.69934543 0.35112006 0.67955731
v 0.70325544 0.35110006 0.67570733
v 0.70325544 0.35494006 0.66788732
v 0.70716544 0.35494006 0.66398733
v 0.71497544 0.35110006 0.66398733
v 0.71497544 0.34725008 0.67179732
v 0.71888544 0.34725008 0.66788732
v 0.71106543 0.35110006 0.66788732
v 0.72669544 0.34722007 0.66014736
v 0.72676542 0.34722007 0.66007732
v 0.72669544 0.34725008 0.66007732
v 0.70711543 0.35112006 0.67179732
v 0.70325544 0.35112006 0.67565732
v 0.71497544 0.35112006 0.66393732
v 0.71492543 0.35112006 0.66398733
v 0.71106543 0.35112006 0.66783731
v 0.71883543 0.35112006 0.66007732
v 0.68763544 0.35110006 0.69132732
v 0.76564547 -0.00042993 -0.71882267
v 0.76184543 -0.00042993 -0.72261269
v 0.79309543 0.01517007 -0.66413267
v 0.74991873 -0.01588579 -0.76150585
v 0.75403543 -0.01615993 -0.75788267
v 0.83224543 0.10893007 0.21476733
v 0.83219805 0.10939334 0.21468445
v 0.80481543 0.01740007 0.64835732
v 0.80300202 0.02077293 0.64430969
v 0.59008547 0.18706006 -0.28913267
v 0.59008547 0.18706006 -0.28522266
v 0.71106543 -0.19189994 -0.67194266
v 0.74026748 -0.01602249 -0.77142339
v 0.74364446 -0.00741922 0.75321449
v 0.76612948 -0.13723877 -0.67227865
v 0.79309543 -0.01605993 -0.71863265
v 0.79000547 -0.01214993 -0.71491266
v 0.79704943 -0.01602302 -0.71462715
v 0.82044544 -0.05511993 0.19522733
v 0.81527549 -0.05913910 0.18666640
v 0.78395738 0.19904556 0.13469597
v 0.82434543 -0.06683993 0.20169732
v 0.79697546 0.01518007 0.66007732
v 0.79700544 0.01964007 0.65226733
v 0.78919544 0.01964007 0.66007732
v 0.82044544 0.03472007 0.19522733
v 0.82044544 0.03472007 0.19523733
v 0.82044544 0.03081007 0.19523733
v 0.80872544 -0.01995993 0.17581733
v 0.81610244 -0.03125191 0.18803796
v 0.80872544 0.03472007 0.17581733
v 0.80865546 0.03862007 0.17570733
v 0.76189544 0.03081007 -0.66803266
v 0.76575544 0.03081007 -0.66417266
v 0.76575544 -0.01615993 -0.74616266
v 0.78138544 -0.00042993 -0.70308269
v 0.78517546 -0.00042993 -0.69928266
v 0.78901543 -0.01605993 0.72257732
v 0.77356543 -0.01605993 -0.73816265
v 0.77729543 -0.01605993 -0.73444266
v 0.75899062 -0.01256086 -0.74664650
v 0.77356543 0.00397007 0.70304732
v 0.74061018 -0.01588127 0.77069499
v 0.78127547 -0.00042993 -0.70319266
v 0.75013544 0.01517007 0.70695733
v 0.75403543 0.01517007 0.70304732
v 0.75013544 0.01518007 0.70691733
v 0.77747544 -0.00042993 0.70684736
v 0.80091544 0.00397007 -0.67585267
v 0.80481543 0.00347007 -0.67283268
v 0.81610244 0.06248752 0.18803796
v 0.76184543 0.01517007 0.69523733
v 0.76575544 0.01517007 0.69132732
v 0.82044544 0.08159007 0.19523733
v 0.82044544 0.08550007 0.19523733
v 0.77652546 0.02690007 -0.66022266
v 0.76587600 -0.01111414 -0.73723200
v 0.80875918 0.17145597 -0.01960335
v 0.91811565 -0.00089710 0.07167884
v 0.80481543 -0.01615993 0.70695733
v 0.80534938 0.16801821 -0.07041999
v 0.80865546 0.14018007 0.17570733
v 0.80872544 0.13628006 0.17581733
v 0.82044544 -0.02777993 0.19522733
v 0.82044544 -0.02777993 0.19523733
v 0.59008547 0.18706006 0.24992733
v 0.58997544 0.18699007 0.24992733
v 0.58997544 0.18699007 0.25382732
v 0.82044544 -0.07073993 0.19523733
v 0.82044544 -0.06683993 0.19523733
v 0.74618202 0.30070461 0.64111763
v 0.59008547 0.18706006 0.25382732
v 0.80865546 0.01128007 0.17570733
v 0.75403543 -0.01615993 0.75773733
v 0.77219321 0.01878888 0.68033448
v 0.78528543 -0.01615993 0.72648733
v 0.73450544 -0.00042993 0.74981736
v 0.73450544 -0.00048993 0.74992733
v 0.76575013 -0.00045308 0.71861531
v 0.78138544 0.00175007 0.69913732
v 0.78138544 -0.00042993 0.70293735
v 0.78517546 -0.00042993 0.69913732
v 0.75013544 -0.01167993 0.75382732
v 0.75385543 -0.01605993 0.75773733
v 0.77828547 -0.01214993 -0.72663267
v 0.77747544 -0.01605993 -0.73426266
v 0.77356543 -0.01167993 -0.73053266
v 0.76557543 -0.01605993 -0.74616266
v 0.73841544 0.01518007 0.71863734
v 0.74228545 0.01518007 0.71476733
v 0.74622544 -0.00048993 -0.73835267
v 0.74622544 -0.00042993 -0.73824270
v 0.77747544 0.01518007 0.67957734
v 0.77747544 0.01517007 0.67960732
v 0.74231543 -0.00048993 -0.74225266
v 0.73841544 -0.00042993 -0.74605269
v 0.77356543 0.01517007 -0.68366266
v 0.74611547 -0.00042993 -0.73835267
v 0.76891846 0.08303871 -0.68363093
v 0.75791546 0.01518007 0.69913732
v 0.80478545 0.01518007 0.65226733
v 0.80091544 0.01517007 0.65617733
v 0.80481543 0.01517007 0.65226733
v 0.80091544 0.01518007 0.65613734
v 0.72278543 -0.01615993 0.78898733
v 0.80872544 -0.03558993 0.17581733
v 0.75794544 -0.00048993 -0.72663267
v 0.75794075 -0.01606039 -0.75379709
v 0.76184543 -0.01605993 -0.74988265
v 0.76166543 -0.01605993 -0.75007267
v 0.80091617 -0.00043015 0.68340632
v 0.80091544 -0.00048993 0.68351733
v 0.78138544 -0.01605993 -0.73035265
v 0.78119542 -0.01605993 -0.73053266
v 0.75776543 -0.01605993 0.75382732
v 0.76054882 0.00062559 -0.72211308
v 0.76184543 -0.00048993 -0.72272266
v 0.76769926 -0.01609640 -0.74410756
v 0.76575544 -0.00048993 -0.71882267
v 0.77747544 0.00347007 -0.70017267
v 0.77747544 -0.00042993 -0.70699270
v 0.77356543 0.00347007 -0.70408268
v 0.78528543 0.00397007 0.69132732
v 0.77346542 -0.00042993 0.71085732
v 0.76349980 -0.03105728 0.77427414
v 0.77356543 -0.00042993 0.71075730
v 0.75403543 -0.01605993 0.75755732
v 0.79135239 -0.01621818 -0.72067059
v 0.72278543 0.31987006 -0.71889265
v 0.72278543 0.31991005 -0.71882267
v 0.72285547 0.31987006 -0.71882267
v 0.78528543 0.03531007 0.63663732
v 0.73450544 0.34725008 0.65226733
v 0.72673767 0.31051009 -0.72553271
v 0.76184543 0.00397007 -0.71491266
v 0.72669544 0.31987006 -0.71498264
v 0.72719428 0.32184955 -0.71105475
v 0.72418543 0.31597007 -0.72272266
v 0.80012215 -0.00713217 0.69568644
v 0.73059543 0.34340007 0.66398733
v 0.73450544 0.34340007 0.66007732
v 0.71347178 0.32710019 -0.62166558
v 0.69934543 0.34331006 0.69542735
v 0.72669544 0.34340007 0.66788732
v 0.71888544 0.34722007 0.66795735
v 0.72278543 0.31597007 -0.72412265
v 0.72278543 0.31720007 -0.72272266
v 0.71895542 0.31987006 -0.72272266
v 0.72278543 0.32765008 -0.60944266
v 0.73059543 0.32763008 -0.60163267
v 0.69472964 -0.18433763 -0.06820554
v 0.72669544 0.32764006 -0.60553266
v 0.71888544 0.35494006 0.65226733
v 0.72269543 0.32768006 -0.60944266
v 0.74824124 0.06227437 -0.64230666
v 0.76962545 0.01518007 0.68742733
v 0.82044544 0.25737006 0.19523733
v 0.80879541 0.17143007 -0.03913267
v 0.82044544 0.05034007 0.19522733
v 0.80374609 0.33147251 -0.51789738
v 0.84382309 0.18698226 0.23393296
v 0.80872544 0.32441006 -0.53132267
v 0.72278543 0.35112006 0.65612732
v 0.72273543 0.35112006 0.65617733
v 0.72278543 0.35110006 0.65617733
v 0.80865546 0.22222007 0.17570733
v 0.82044544 0.00347007 0.19523733
v 0.82044544 0.00737007 0.19522733
v 0.80338082 0.17344223 -0.06687512
v 0.78490794 -0.00873243 0.07599983
v 0.82044544 -0.08636993 0.19523733
v 0.80872544 0.28081006 0.17581733
v 0.80872544 0.08940007 0.17581733
v 0.83216544 0.15190007 0.21462733
v 0.83220544 0.15385507 0.21469733
v 0.83224543 0.14800007 0.21476733
v 0.83224543 0.15581006 0.21476733
v 0.82044544 -0.02386993 0.19523733
v 0.82044544 0.15190007 0.19522733
v 0.82044544 0.15581006 0.19522733
v 0.82044544 0.15190007 0.19523733
v 0.80865546 0.10893007 0.17570733
v 0.80138332 0.11572336 0.16365527
v 0.82044544 0.11284007 0.19523733
v 0.82044544 0.11675007 0.19522733
v 0.82044544 0.11675007 0.19523733
v 0.80872544 0.15190007 0.17581733
v 0.82044544 0.16753006 0.19523733
v 0.82044544 0.17143007 0.19522733
v 0.82044544 0.17143007 0.19523733
v 0.80865546 0.09331007 0.17570733
v 0.80865020 0.08637158 0.17569904
v 0.81702182 0.31991767 0.53438234
v 0.82044544 0.17925007 0.19522733
v 0.82044544 0.18315007 0.19522733
v 0.82044544 0.17925007 0.19523733
v 0.83224543 0.09722007 0.21476733
v 0.79700544 0.31988007 -0.55475266
v 0.79700544 0.31836007 -0.55866266
v 0.79700544 0.31987006 -0.55477269
v 0.72281511 0.34722028 0.66403056
v 0.78127547 -0.00042993 0.70304732
v 0.78138544 -0.00048993 0.70304732
v 0.72669544 0.35110006 0.65226733
v 0.77340885 -0.15870485 0.67465722
v 0.71888544 0.35112006 0.66002731
v 0.71888544 0.35110006 0.66007732
v 0.71895542 0.34722007 0.66788732
v 0.72278543 0.34725008 0.66398733
v 0.73059543 0.34725008 0.65617733
v 0.73059543 0.34722007 0.65624731
v 0.72278543 0.34340007 0.67179732
v 0.80872544 0.10893007 0.17581733
v 0.73066547 0.34722007 0.65617733
v 0.71588152 0.37274964 0.61717835
v 0.80865546 0.14409006 0.17570733
v 0.82044544 -0.06292993 0.19523733
v 0.58997544 0.18699007 0.23038733
v 0.58997544 0.18699007 0.23429732
v 0.80865546 0.01518007 0.17570733
v 0.76956144 0.02500040 -0.67048828
v 0.80872544 -0.05120993 0.17581733
v 0.80865546 -0.04730993 0.17570733
v 0.80872544 -0.04730993 0.17581733
v 0.80865546 0.10112007 0.17570733
v 0.80865546 0.09722007 0.17570733
v 0.82280543 -0.12152993 0.19913733
v 0.80072835 0.08974310 0.16256850
v 0.82044544 -0.10589993 0.19522733
v 0.81574543 -0.09222868 0.18744733
v 0.79300607 -0.01609205 0.71864203
v 0.80039426 -0.01776624 0.71423446
v 0.77477041 0.31310270 0.67620421
v 0.77356543 -0.00042993 -0.71090264
v 0.77736547 -0.00042993 -0.70710267
v 0.79700544 -0.01615993 -0.71491266
v 0.77356543 0.01761007 0.67960732
v 0.77747544 0.01909007 -0.67290266
v 0.77357985 0.03081940 -0.65633391
v 0.78919634 -0.00043003 -0.69527228
v 0.78226545 0.00347007 -0.69538267
v 0.78528543 -0.00042993 -0.69918264
v 0.79306545 0.01518007 0.66398733
v 0.79309543 0.01518007 0.66395735
v 0.78138544 0.01518007 -0.67581267
v 0.76966544 0.01517007 0.68742733
v 0.82044544 -0.12152993 0.19522733
v 0.82044544 -0.12152993 0.19523733
v 0.86341544 -0.12241993 -0.06257267
v 0.83216544 0.09722007 0.21462733
v 0.77197302 -0.01733369 -0.74206304
v 0.83224543 -0.08245993 0.21476733
v 0.83216544 -0.07855993 0.21462733
v 0.83224543 -0.07855993 0.21476733
v 0.97674545 -0.10589993 -0.41413267
v 0.97674545 -0.10589993 -0.41803266
v 0.97669544 -0.10582993 -0.41413267
v 0.82044544 -0.05120993 0.19523733
v 0.58195616 0.18204137 0.22415721
v 0.82044544 -0.05902993 0.19522733
v 0.83216544 -0.10980993 0.21462733
v 0.78919544 0.01517007 0.66788732
v 0.79309543 0.01517007 0.66398733
v 0.80872544 -0.05511993 0.17581733
v 0.80865546 -0.05120993 0.17570733
v 0.80865546 -0.03167993 0.17570733
v 0.83220544 -0.08441493 0.21469733
v 0.80872544 -0.01391993 0.69913732
v 0.78919544 -0.01615993 0.72257732
v 0.78139311 0.03081693 0.64838164
v 0.78138544 0.03083007 0.64835732
v 0.82434543 0.12065007 0.20169732
v 0.79354576 0.00611137 0.67939365
v 0.78138544 0.01517007 0.67570733
v 0.78134545 0.01518007 0.67570733
v 0.80481543 -0.00048993 0.67960732
v 0.82377372 -0.07181780 0.78523153
v 0.76234158 0.00600164 0.71072903
v 0.76718418 -0.01069493 0.73503582
v 0.82026543 -0.01605993 0.69132732
v 0.81653543 -0.01605993 0.69505732
v 0.81653543 -0.01615993 0.69523733
v 0.82044544 -0.01391993 0.68742733
v 0.82044544 -0.10198993 0.19522733
v 0.79309543 -0.00048993 -0.69147266
v 0.78919544 -0.00048993 -0.69538267
v 0.78528543 0.01518007 0.67176734
v 0.78916546 0.01518007 0.66788732
v 0.78528543 0.01964007 0.66398733
v 0.78528543 0.03081007 0.64449732
v 0.78152051 0.03077545 0.64831740
v 0.76966544 0.00397007 -0.70710267
v 0.78096459 0.00390884 -0.69590717
v 0.83650821 -0.09383602 0.22182605
v 0.78528543 -0.01615993 -0.72663267
v 0.78528319 -0.01605976 -0.72645084
v 0.78528543 0.01517007 -0.67194266
v 0.78527044 0.01518007 -0.67192767
v 0.78916546 0.01518007 -0.66803266
v 0.77346542 -0.00042993 -0.71100266
v 0.78528543 0.01909007 -0.66509266
v 0.76810422 0.01958655 -0.68297495
v 0.80471542 -0.00042993 -0.67975266
v 0.79700544 0.00347007 -0.68064268
v 0.78528543 -0.00048993 -0.69928266
v 0.78451602 0.00031838 0.69851959
v 0.77747544 0.01518007 -0.67972268
v 0.78134545 0.01518007 -0.67585267
v 0.78138544 0.01517007 -0.67585267
v 0.77747544 0.01517007 -0.67975266
v 0.80274703 -0.01586101 -0.70865116
v 0.79299541 -0.00042993 0.69132732
v 0.79267950 -0.00014298 0.69114775
v 0.78525545 0.01518007 0.67179732
v 0.77744546 0.01518007 -0.67975266
v 0.77356543 0.03081007 -0.65636266
v 0.77747544 0.01740007 0.67570733
v 0.79306545 0.01518007 -0.66413267
v 0.79309543 0.01518007 -0.66410268
v 0.78772702 0.00403442 -0.68892640
v 0.78528543 -0.00048993 0.69913732
v 0.80091544 -0.00048993 -0.68366266
v 0.78528543 0.02188007 0.66007732
v 0.76966544 0.00397007 0.70695733
v 0.82044544 -0.01995993 0.19522733
v 0.86937048 0.12725590 -0.06868757
v 0.79309543 0.00397007 -0.68366266
v 0.80091544 -0.01615993 -0.71100266
v 0.82656389 -0.13280240 -0.55488475
v 0.80481543 0.31531007 0.55851733
v 0.80091544 0.31987006 0.55071734
v 0.79704543 0.31987006 0.55460732
v 0.80878546 0.17143007 -0.06257267
v 0.80872544 0.17143007 -0.06269267
v 0.79309543 -0.00048993 0.69132732
v 0.80258803 -0.01593377 0.70880846
v 0.78919544 0.01964007 -0.66022266
v 0.82416543 -0.01605993 0.68742733
v 0.82044544 -0.12933993 0.19522733
v 0.85424461 -0.12075375 -0.07094308
v 0.56555894 0.17191978 -0.23560058
v 0.59008547 0.18706006 0.27726733
v 0.80091544 0.31987006 -0.55085267
v 0.80481543 0.31986008 -0.54694266
v 0.80091544 0.31987006 -0.55084265
v 0.58997544 0.18699007 0.26945733
v 0.82044544 0.03862007 0.19522733
v 0.82044544 0.05034007 0.19523733
v 0.82044544 0.05425007 0.19522733
v 0.80865546 0.28472007 0.17570733
v 0.80865546 0.28081006 0.17570733
v 0.74075166 0.33279396 -0.57739055
v 0.80865546 0.23393007 0.17570733
v 0.80865546 0.23784006 0.17570733
v 0.85748614 0.31671443 -0.25855923
v 0.80872544 0.31985006 -0.54303266
v 0.80872544 0.31987006 -0.54298265
v 0.81263544 0.31984008 -0.53913267
v 0.81255545 0.31987006 -0.53913267
v 0.82137659 0.30904126 0.55801580
v 0.79309543 0.31838006 0.56242733
v 0.78528543 0.31839008 0.57023733
v 0.77747544 0.31841007 -0.57819266
v 0.77510699 0.14668581 0.67721903
v 0.80865020 0.14887160 0.17569904
v 0.79300816 -0.01610585 -0.71881056
v 0.75588758 0.33538072 -0.66296699
v 0.83220544 0.09135507 0.21469733
v 0.83220544 0.08745007 0.21469733
v 0.82044544 0.01909007 0.19523733
v 0.82434543 0.02690007 0.20169732
v 0.80872544 0.17148006 -0.03913267
v 0.92982379 -0.11957084 0.75698097
v 0.80865546 0.05034007 0.17570733
v 0.84398704 0.10081038 0.23421326
v 0.78384545 0.18706006 0.00968733
v 0.82044544 0.12065007 0.19523733
v 0.82044544 0.12456007 0.19522733
v 0.82044544 0.12456007 0.19523733
v 0.80865546 -0.01995993 0.17570733
v 0.79309543 0.31990007 0.55851733
v 0.79309543 0.31987006 0.55857735
v 0.79316547 0.31987006 0.55851733
v 0.79309543 0.32293007 0.55070733
v 0.83224543 0.08159007 0.21476733
v 0.61109342 0.20002957 0.24041870
v 0.80865546 0.17925007 0.17570733
v 0.78528543 0.32295007 0.55851733
v 0.78919544 0.31987006 0.56250732
v 0.78539546 0.31987006 0.56632732
v 0.77761545 0.31987006 -0.57428266
v 0.77360601 0.31990539 -0.57823277
v 0.78528543 0.31987006 -0.56656266
v 0.78528543 0.31991005 -0.56647266
v 0.78537544 0.31987006 -0.56647266
v 0.78033762 0.31987613 -0.57153043
v 0.78138544 0.31992007 -0.57038267
v 0.78149541 0.31987006 -0.57038267
v 0.78919544 0.31686005 -0.57038267
v 0.79700544 0.32140008 -0.55085267
v 0.78225498 0.33244527 0.53664776
v 0.78972429 0.32358301 -0.55260721
v 0.83314875 0.20922169 0.21625398
v 0.80872544 0.09722007 0.17581733
v 0.80872544 0.10112007 0.17581733
v 0.80872544 0.21050007 0.17581733
v 0.80865546 0.21050007 0.17570733
v 0.80865546 0.21440007 0.17570733
v 0.80872544 0.17148006 -0.03522267
v 0.80872544 0.01128007 0.17581733
v 0.80872544 0.00737007 0.17581733
v 0.80865546 0.19487007 0.17570733
v 0.78679231 0.18518272 -0.01666923
v 0.84388544 0.31993008 0.40226733
v 0.84388544 0.31993008 0.39835732
v 0.83218066 0.12609797 0.21465406
v 0.83220544 0.13823007 0.21469733
v 0.80865546 0.27300007 0.17570733
v 0.80865546 0.26518006 0.17570733
v 0.80872544 0.26518006 0.17581733
v 0.80872544 0.26128006 0.17581733
v 0.80872544 0.20659006 0.17581733
v 0.77165087 0.32245792 0.12993028
v 0.55679716 0.31798344 0.13350638
v 0.80872544 0.17148006 -0.04694267
v 0.80865546 0.22612007 0.17570733
v 0.82044544 0.04253007 0.19522733
v 0.82044544 0.04643007 0.19522733
v 0.80865546 0.08550007 0.17570733
v 0.83216544 0.15972007 0.21462733
v 0.82044544 0.26128006 0.19523733
v 0.82044544 0.26518006 0.19522733
v 0.82044544 0.26518006 0.19523733
v 0.82044544 0.25347007 0.19522733
v 0.82044544 0.25737006 0.19522733
v 0.82044544 0.25347007 0.19523733
v 0.82044544 0.24565007 0.19522733
v 0.82044544 0.23393007 0.19523733
v 0.82044544 0.23784006 0.19523733
v 0.80872544 0.04643007 0.17581733
v 0.80865546 0.04643007 0.17570733
v 0.83220544 0.16557507 0.21469733
v 0.83224543 0.16753006 0.21476733
v 0.83216544 0.08159007 0.21462733
v 0.82277640 0.33249443 0.27990901
v 0.81981222 -0.01253383 0.68568748
v 0.80879541 0.17143007 -0.05085267
v 0.80186859 0.15090881 0.16445961
v 0.77305193 0.32756556 0.55897655
v 0.78919544 0.31987006 -0.56263269
v 0.78919544 0.31990007 -0.56257267
v 0.81308424 -0.14083124 0.18344573
v 0.82752546 0.01518007 0.20695733
v 0.97674545 -0.10589993 -0.43366266
v 0.97669544 -0.10582993 -0.43366266
v 0.97669544 -0.10582993 -0.42975266
v 0.82044544 -0.01605993 0.69114732
v 0.82044544 -0.13323993 0.19523733
v 0.82044544 -0.02386993 0.19522733
v 0.83216544 -0.01615993 0.67960732
v 0.63507372 0.21493733 -0.30544001
v 0.79700544 0.01517007 -0.66022266
v 0.82044544 -0.06683993 0.19522733
v 0.87066941 -0.11500140 -0.06609452
v 0.85950544 -0.12545993 -0.05475267
v 0.82044544 -0.04339993 0.19523733
v 0.82044544 -0.09808993 0.19523733
v 0.80872544 -0.09417993 0.17581733
v 0.80872544 -0.01605993 0.17581733
v 0.59008547 0.18706006 0.24601733
v 0.80872544 -0.06292993 0.17581733
v 0.82044544 -0.10980993 0.19523733
v 0.82044544 -0.01214993 0.19522733
v 0.58997544 0.18699007 0.25773733
v 0.81913845 -0.14283985 0.19635368
v 0.82044544 -0.05120993 0.19522733
v 0.83220544 0.24760507 0.21469733
v 0.83224543 0.24956006 0.21476733
v 0.78865881 -0.01352736 0.71852679
v 0.80863238 -0.01605936 0.70295873
v 0.83224543 0.24175007 0.21476733
v 0.80872544 -0.05902993 0.17581733
v 0.83219805 -0.07809666 0.21468445
v 0.78528543 0.01517007 0.67179732
v 0.78138544 0.01518007 0.67566733
v 0.82044544 0.05425007 0.19523733
v 0.82044544 0.05815007 0.19522733
v 0.82044544 0.05815007 0.19523733
v 0.78919544 0.01518007 0.66785734
v 0.78507953 -0.01918978 0.13664827
v 0.82044544 -0.09808993 0.19522733
v 0.80087545 0.01518007 0.65617733
v 0.81653543 0.31984008 0.53507732
v 0.81263544 0.31985006 0.53898733
v 0.82044544 -0.10198993 0.19523733
v 0.82044544 -0.06292993 0.19522733
v 0.80872544 0.12065007 0.17581733
v 0.80872544 0.11675007 0.17581733
v 0.82292217 -0.04516447 -0.73960960
v 0.79309543 -0.00042993 -0.69136269
v 0.79179882 0.00062559 -0.69086308
v 0.80872544 0.01518007 0.17581733
v 0.80865546 0.01909007 0.17570733
v 0.80872544 0.14018007 0.17581733
v 0.82044544 0.06987007 0.19523733
v 0.82044544 0.07378006 0.19522733
v 0.82044544 0.07378006 0.19523733
v 0.78919544 0.01518007 -0.66800268
v 0.80091544 -0.00042993 -0.68355269
v 0.80080547 -0.00042993 -0.68366266
v 0.83642728 0.09848715 0.22169257
v 0.79700544 -0.00042993 -0.68746270
v 0.75253903 -0.02777792 -0.77972449
v 0.76966544 0.03081007 -0.66026265
v 0.80865546 0.06206007 0.17570733
v 0.79700544 -0.00048993 -0.68757267
v 0.79689547 -0.00042993 -0.68757267
v 0.78919544 0.01517007 -0.66803266
v 0.82044544 0.03081007 0.19522733
v 0.80865546 0.08159007 0.17570733
v 0.80865546 0.07768007 0.17570733
v 0.83208894 -0.00770640 0.21449918
v 0.82044544 -0.07073993 0.19522733
v 0.80471542 -0.00042993 0.67960732
v 0.82825544 -0.01391993 0.67960732
v 0.83216544 0.17534006 0.21462733
v 0.80481543 -0.00048993 -0.67975266
v 0.78688055 -0.00703931 -0.70917912
v 0.80318682 0.01567961 -0.65188261
v 0.80481543 -0.00042993 -0.67965264
v 0.80861547 -0.00042993 -0.67585267
v 0.80872544 -0.00048993 -0.67585267
v 0.82475186 -0.00639460 -0.66808908
v 0.79699992 -0.00045304 0.68736524
v 0.80887089 0.00875547 -0.65905264
v 0.83311269 -0.00692027 0.66121158
v 0.82044544 0.03862007 0.19523733
v 0.80872544 -0.00042993 -0.67574270
v 0.79766264 0.02449189 -0.64021816
v 0.80865546 0.06987007 0.17570733
v 0.80872544 -0.00048993 0.67570733
v 0.81252547 -0.00042993 0.67179732
v 0.58997544 0.18699007 0.24601733
v 0.80865546 0.03472007 0.17570733
v 0.82044544 0.17534006 0.19523733
v 0.80865546 0.06597007 0.17570733
v 0.78919544 -0.01605993 0.72239732
v 0.81286101 0.01308694 0.64775538
v 0.80865546 0.10503006 0.17570733
v 0.81635543 -0.01605993 0.69523733
v 0.82825544 -0.01605993 0.68333732
v 0.59008547 0.18706006 0.26554732
v 0.80872544 0.06597007 0.17581733
v 0.82044544 0.01909007 0.19522733
v 0.59008547 0.18706006 0.23038733
v 0.59008547 0.18706006 0.23429732
v 0.58997544 0.18699007 0.22648733
v 0.58997544 0.18699007 0.22257734
v 0.59008547 0.18706006 0.22648733
v 0.58997544 0.18699007 0.21867733
v 0.82044544 0.00737007 0.19523733
v 0.82044544 0.01128007 0.19522733
v 0.82044544 0.01128007 0.19523733
v 0.59008547 0.18706006 0.28898733
v 0.82044544 -0.00433993 0.19522733
v 0.80869546 0.01518007 0.64835732
v 0.80481543 0.01518007 0.65223734
v 0.59008547 0.18706006 0.21476733
v 0.78535247 0.03081117 0.64444212
v 0.82044544 -0.00823993 0.19522733
v 0.80872544 0.05034007 0.17581733
v 0.59008547 0.18706006 0.29288732
v 0.80872544 0.08159007 0.17581733
v 0.80872544 0.07768007 0.17581733
v 0.58997544 0.18699007 0.24210734
v 0.79700544 0.01517007 0.66007732
v 0.78528543 0.03083007 0.64445733
v 0.80872544 -0.00042993 0.67559736
v 0.86342304 0.13330363 -0.02201110
v 0.59008547 0.18706006 0.22257734
v 0.82853663 0.09183263 0.20862780
v 0.58997544 0.18699007 0.23820733
v 0.82044544 0.08940007 0.19522733
v 0.80872544 0.08550007 0.17581733
v 0.80872544 0.10503006 0.17581733
v 0.59008547 0.18706006 0.21867733
v 0.59008547 0.18706006 0.25773733
v 0.82044544 0.01518007 0.19523733
v 0.83220544 0.07182507 0.21469733
v 0.80872544 0.09331007 0.17581733
v 0.82044544 0.07768007 0.19523733
v 0.82044544 0.08159007 0.19522733
v 0.82044544 0.10893007 0.19522733
v 0.80865546 0.15972007 0.17570733
v 0.80865546 0.15581006 0.17570733
v 0.80872544 0.18315007 0.17581733
v 0.80865546 0.18315007 0.17570733
v 0.83224543 0.09331007 0.21476733
v 0.97674545 -0.10589993 -0.42585267
v 0.83216544 0.17143007 0.21462733
v 0.83224543 0.17143007 0.21476733
v 0.80865546 0.21831006 0.17570733
v 0.80872544 0.21831006 0.17581733
v 0.80872544 0.21440007 0.17581733
v 0.82044544 0.02300007 0.19522733
v 0.82044544 0.07768007 0.19522733
v 0.82044544 -0.11370993 0.19522733
v 0.82044544 -0.11761993 0.19522733
v 0.82044544 0.06206007 0.19522733
v 0.82044544 0.06206007 0.19523733
v 0.82044544 0.17534006 0.19522733
v 0.82044544 0.11284007 0.19522733
v 0.80865546 0.12456007 0.17570733
v 0.80865546 0.16362007 0.17570733
v 0.82752546 0.10893007 0.20695733
v 0.82044544 0.09331007 0.19522733
v 0.83460407 0.02690523 0.21864751
v 0.79309543 0.31837008 -0.56257267
v 0.83216544 0.25347007 0.21462733
v 0.82044544 0.23393007 0.19522733
v 0.82044544 0.23784006 0.19522733
v 0.82044544 0.14800007 0.19522733
v 0.82044544 0.14800007 0.19523733
v 0.83220544 0.10307507 0.21469733
v 0.83224543 0.10503006 0.21476733
v 0.84388544 0.11675007 0.23403733
v 0.84390597 0.12701082 0.23407298
v 0.84399613 0.12293515 0.23422919
v 0.80879541 0.17143007 -0.05866267
v 0.80872544 0.15972007 0.17581733
v 0.80872544 0.15581006 0.17581733
v 0.80865546 0.16753006 0.17570733
v 0.80872544 0.16362007 0.17581733
v 0.83216544 0.10893007 0.21462733
v 0.83224543 0.14018007 0.21476733
v 0.82044544 0.14018007 0.19523733
v 0.82044544 0.14409006 0.19523733
v 0.82044544 0.19097007 0.19523733
v 0.82044544 0.19097007 0.19522733
v 0.82044544 0.19487007 0.19522733
v 0.82044544 0.10893007 0.19523733
v 0.79309543 0.31989006 -0.55866266
v 0.80481543 0.31987006 -0.54691268
v 0.78142990 0.31811729 -0.13234731
v 0.82044544 0.19878006 0.19523733
v 0.80865546 0.25737006 0.17570733
v 0.80865546 0.26128006 0.17570733
v 0.80872544 0.31986008 0.54288732
v 0.97674545 -0.10589993 0.41788732
v 0.97669544 -0.10582993 0.41788732
v 0.97669544 -0.10582993 0.42179732
v 0.80865546 0.24956006 0.17570733
v 0.80178639 0.26162157 0.16432358
v 0.80872544 0.22222007 0.17581733
v 0.80872544 0.20268007 0.17581733
v 0.82044544 0.24175007 0.19522733
v 0.82044544 0.19878006 0.19522733
v 0.82044544 0.20268007 0.19522733
v 0.81633873 0.21472762 0.18843043
v 0.80865546 0.26909006 0.17570733
v 0.82044544 0.20268007 0.19523733
v 0.82044544 0.20659006 0.19522733
v 0.82044544 0.20659006 0.19523733
v 0.80872544 0.17925007 0.17581733
v 0.80872544 0.19097007 0.17581733
v 0.80872544 0.27300007 0.17581733
v 0.80872544 0.27690006 0.17581733
v 0.82044544 0.12847007 0.19523733
v 0.80865546 0.25347007 0.17570733
v 0.80872544 0.24956006 0.17581733
v 0.83224543 -0.10980993 0.21476733
v 0.82044544 0.13237007 0.19523733
v 0.80867543 0.31987006 -0.54303266
v 0.80481543 0.32138005 -0.54303266
v 0.82044544 0.21440007 0.19522733
v 0.82044544 0.21831006 0.19522733
v 0.78926542 0.31987006 -0.56257267
v 0.84388544 0.31993008 0.40617733
v 0.84380248 0.31998496 0.40657214
v 0.79309543 0.31987006 -0.55870266
v 0.82044544 0.23003006 0.19522733
v 0.82752546 0.20268007 0.20695733
v 0.83220544 0.14604506 0.21469733
v 0.80872544 0.24565007 0.17581733
v 0.83220544 0.18120007 0.21469733
v 0.84403547 0.13042007 0.23429732
v 0.82044544 0.19487007 0.19523733
v 0.80865546 0.24565007 0.17570733
v 0.84387543 0.31987006 0.30851733
v 0.82044544 0.24956006 0.19523733
v 0.80479547 0.31987006 -0.54694266
v 0.86200543 -0.12152993 -0.06647267
v 0.85953542 -0.12542994 -0.06257267
v 0.85950544 -0.12334993 -0.06647267
v 0.86341544 -0.12152993 -0.06449267
v 0.80865546 0.27690006 0.17570733
v 0.78149044 0.30610687 -0.60503203
v 0.83220544 0.25542006 0.21469733
v 0.80872544 0.25347007 0.17581733
v 0.80872544 0.23393007 0.17581733
v 0.83216544 0.26518006 0.21462733
v 0.82044544 0.22612007 0.19522733
v 0.82044544 0.14018007 0.19522733
v 0.82044544 0.27690006 0.19523733
v 0.82044544 0.28081006 0.19522733
v 0.82044544 0.28081006 0.19523733
v 0.79702546 0.31987006 -0.55475266
v 0.80090543 0.31987006 -0.55085267
v 0.79314544 0.31987006 -0.55866266
v 0.82044544 0.13628006 0.19522733
v 0.82044544 0.13628006 0.19523733
v 0.83216544 0.10112007 0.21462733
v 0.82044544 0.12065007 0.19522733
v 0.91814544 -0.01995993 -0.41413267
v 0.91814544 -0.01995993 -0.41803266
v 0.91809543 -0.01989993 -0.41413267
v 0.86828036 0.04509792 0.33414265
v 0.80872544 0.26909006 0.17581733
v 0.82044544 0.24956006 0.19522733
v 0.80872544 0.25737006 0.17581733
v 0.78528543 0.31991005 0.56632732
v 0.78528543 0.31987006 0.56643735
v 0.83224543 0.26128006 0.21476733
v 0.78138544 0.31992007 0.57023733
v 0.78919544 0.31991005 0.56242733
v 0.78927543 0.31987006 0.56242733
v 0.82044544 0.28472007 0.19523733
v 0.83606543 0.25346507 0.22109732
v 0.97674545 -0.10589993 0.41398733
v 0.97674545 -0.10589993 0.41007732
v 0.97669544 -0.10582993 0.41398733
v 0.82044544 0.12847007 0.19522733
v 0.84403547 0.11479507 0.23429732
v 0.82044544 0.28862006 0.19522733
v 0.82312423 0.32428746 0.22355089
v 0.82883157 0.22794877 0.20911589
v 0.83216544 0.24565007 0.21462733
v 0.78151544 0.31987006 0.57023733
v 0.84383543 0.31987006 0.28117733
v 0.83997544 0.32227007 0.28117733
v 0.84384545 0.31987006 0.28507732
v 0.84388051 0.31984958 0.28111851
v 0.82044544 0.26909006 0.19522733
v 0.84397545 0.31987006 0.40617733
v 0.82669966 0.33061856 -0.37827998
v 0.82589827 0.33100052 -0.33605413
v 0.82033547 0.31987006 0.53117733
v 0.84041189 0.32202836 -0.31668239
v 0.82044544 0.22222007 0.19522733
v 0.82044544 0.22222007 0.19523733
v 0.82044544 0.21831006 0.19523733
v 0.83220544 0.25932506 0.21469733
v 0.82044544 0.28472007 0.19522733
v 0.82540692 0.33096590 0.27490280
v 0.82044544 0.18706006 0.19522733
v 0.82044544 0.18315007 0.19523733
v 0.82743484 0.33007015 0.31130456
v 0.85954543 -0.12542994 -0.05866267
v 0.85950544 -0.12542994 -0.06261267
v 0.81478012 0.33409291 0.32304557
v 0.85559543 -0.12816993 -0.06257267
v 0.81261948 0.31986996 0.53894350
v 0.80100960 0.31987664 0.55061632
v 0.79700544 0.31987006 0.55464732
v 0.79700544 0.31989006 0.55460732
v 0.81263544 0.31987006 -0.53905268
v 0.81653543 0.31983006 -0.53522266
v 0.80481543 0.31835008 0.55070733
v 0.83220544 -0.09222993 0.21469733
v 0.91809543 -0.01989993 0.36710732
v 0.60748650 0.19779900 0.27848413
v 0.97674545 -0.10589993 0.42960732
v 0.97669544 -0.10582993 0.42960732
v 0.97669544 -0.10582993 0.43351733
v 0.91814544 -0.01995993 0.40226733
v 0.91814544 -0.01995993 0.39835732
v 0.91809543 -0.01989993 0.40226733
v 0.82044544 -0.10980993 0.19522733
v 0.97674545 -0.10589993 -0.42975266
v 0.87207794 -0.11678035 -0.85869548
v 0.97674545 -0.10589993 0.38663732
v 0.97674545 -0.10589993 0.39054732
v 0.97317742 -0.10120521 -0.45729360
v 0.82044544 -0.01615993 0.69132732
v 0.91527412 -0.01710129 0.46574157
v 0.97674545 -0.10589993 -0.39069266
v 0.97141542 -0.09808993 -0.36725266
v 0.82078574 -0.12178161 0.59235819
v 0.97674545 -0.10589993 -0.41022266
v 0.97674545 -0.10589993 -0.40632267
v 0.82044544 0.01518007 0.19522733
v 0.91809543 -0.01989993 -0.41803266
v 0.97407546 -0.10198993 -0.38288267
v 0.91814544 -0.01995993 0.40617733
v 0.91809543 -0.01989993 0.40617733
v 0.91809543 -0.01989993 0.41007732
v 0.91814544 -0.01995993 -0.37507267
v 0.91809543 -0.01989993 -0.37507267
v 0.91809543 -0.01989993 -0.37116266
v 0.98402544 -0.11761993 0.36076232
v 0.86698356 0.16615303 0.27262364
v 0.84395810 0.13177717 0.23416328
v 0.82044544 0.15972007 0.19522733
v 0.82664818 0.15663118 0.20550604
v 0.83224543 0.17534006 0.21476733
v 0.91809543 -0.01989993 0.39054732
v 0.91809543 -0.01989993 0.39445733
v 0.83216544 0.14409006 0.21462733
v 0.82317947 0.33253092 0.49465357
v 0.83220544 0.23979506 0.21469733
v 0.82044544 0.26909006 0.19523733
v 0.82044544 0.21050007 0.19522733
v 0.83220544 0.16167007 0.21469733
v 0.82044544 0.18706006 0.19523733
v 0.80872544 0.32290006 0.53507732
v 0.94480147 -0.05905931 -0.39627968
v 0.84935747 0.12849303 0.24310576
v 0.83219805 0.26564333 0.21468445
v 0.84387271 0.31986431 0.29906186
v 0.81645545 0.31987006 0.53507732
v 0.82044544 0.26128006 0.19522733
v 0.83224543 0.26518006 0.21476733
v 0.84388544 0.31985006 0.28898733
v 0.84384545 0.31987006 0.28898733
v 0.84388544 0.31986008 0.29288732
v 0.84386542 0.31987006 0.30460732
v 0.84388544 0.31987006 0.30851733
v 0.84388544 0.31986008 0.30460732
v 0.83090262 0.30334240 0.21264912
v 0.82044544 0.31831006 -0.53522266
v 0.81651873 0.31987138 -0.53513596
v 0.82227286 0.31771997 -0.53480053
v 0.97674545 -0.10589993 -0.40241266
v 0.80305838 0.31011230 -0.57381643
v 0.97278543 -0.10009993 -0.40241266
v 0.83606543 0.32475007 -0.34772266
v 0.84387543 0.31987006 -0.30866266
v 0.84388544 0.31988007 -0.32819266
v 0.84388544 0.31988007 -0.32428266
v 0.84388544 0.31990007 0.34757732
v 0.86394091 0.23980342 0.50535407
v 0.84397545 0.31987006 0.39445733
v 0.84397545 0.31987006 0.39835732
v 0.82715595 0.33026940 0.35382992
v 0.84388544 0.31991005 0.36320733
v 0.84388544 0.31991005 0.36710732
v 0.84394546 0.31987006 0.36320733
v 0.84388544 0.31988007 0.32023733
v 0.84388544 0.31993008 0.38273733
v 0.84388544 0.31989006 0.34367733
v 0.84392544 0.31987006 0.35148733
v 0.84393545 0.31987006 0.35538732
v 0.91015095 -0.00823306 0.38432788
v 0.84388544 0.31992007 0.37101733
v 0.60351045 0.19534438 0.33186359
v 0.82206607 0.33296497 0.41932277
v 0.84395542 0.31987006 -0.37897266
v 0.85639678 0.31210844 0.41071738
v 0.85992578 0.30987636 0.28077439
v 0.97669544 -0.10582993 -0.44147266
v 0.97669544 -0.10582993 -0.43757267
v 0.97669544 -0.10582993 -0.37116266
v 0.97669544 -0.10582993 -0.36725266
v 0.97669544 -0.10582993 0.37101733
v 0.97407546 -0.10198993 0.36710732
v 0.97669544 -0.10582993 0.37492733
v 0.84088396 -0.14191786 0.22972785
v 0.97407546 -0.10198993 -0.42975266
v 0.97141542 -0.09808993 -0.41413267
v 0.97669544 -0.10582993 -0.41022266
v 0.85950544 -0.12544994 -0.06257267
v 0.97669544 -0.10582993 -0.40632267
v 0.97669544 -0.10582993 -0.40241266
v 0.85950544 -0.12545993 -0.05866267
v 0.97674545 -0.10589993 0.36320733
v 0.91814544 -0.01995993 -0.38288267
v 0.97674545 -0.10589993 0.42179732
v 0.91814544 -0.01995993 0.42960732
v 0.92677516 -0.03368214 0.33763241
v 0.97674545 -0.10589993 -0.43757267
v 0.91814544 -0.01995993 -0.34382267
v 0.91809543 -0.01989993 -0.34382267
v 0.91809543 -0.01989993 -0.33991266
v 0.91025927 -0.00841629 0.41365686
v 0.94647364 -0.06150940 0.37436919
v 0.91814544 -0.01995993 -0.42585267
v 0.90328365 -0.00006637 -0.46146962
v 0.91814544 -0.01995993 -0.40632267
v 0.91814544 -0.01995993 -0.41022266
v 0.91809543 -0.01989993 -0.40632267
v 0.97674545 -0.10589993 -0.37507267
v 0.97669544 -0.10582993 -0.37507267
v 0.97674545 -0.10589993 0.36710732
v 0.97669544 -0.10582993 0.36710732
v 0.97675495 -0.10591516 -0.45320903
v 0.97674545 -0.10589993 -0.45319266
v 0.97674545 -0.10589993 -0.44928266
v 0.97669544 -0.10582993 -0.44928266
v 0.91814544 -0.01995993 0.44523733
v 0.98242669 -0.11959368 0.40232795
v 0.91814544 -0.01995993 -0.38678266
v 0.91809543 -0.01989993 -0.38678266
v 0.91809543 -0.01989993 -0.38288267
v 0.91814544 -0.01995993 0.36320733
v 0.91814544 -0.01995993 0.35929732
v 0.91809543 -0.01989993 0.36320733
v 0.88921960 -0.12446611 -0.30070431
v 0.91814544 -0.01995993 -0.36725266
v 0.91814544 -0.01995993 -0.37116266
v 0.91809543 -0.01989993 -0.36725266
v 0.91809543 -0.01989993 0.37492733
v 0.91809543 -0.01989993 0.37882732
v 0.91809543 -0.01989993 -0.41022266
v 0.97674545 -0.10589993 0.38273733
v 0.97669544 -0.10582993 0.38273733
v 0.97669544 -0.10582993 0.38663732
v 0.97674545 -0.10589993 -0.39850266
v 0.91809543 -0.01989993 0.42179732
v 0.91809543 -0.01989993 0.42570733
v 0.91814544 -0.01995993 -0.39460267
v 0.91814544 -0.01995993 -0.39850266
v 0.91809543 -0.01989993 -0.39460267
v 0.91809543 -0.01989993 0.37101733
v 0.94355792 -0.05723269 0.40198691
v 0.84396046 0.10990757 0.23416733
v 0.91814544 -0.01995993 0.36710732
v 0.90849408 -0.00748534 -0.33041344
v 0.97669544 -0.10582993 0.37882732
v 0.97141542 -0.09808993 0.38273733
v 0.91814544 -0.01995993 0.38663732
v 0.91814544 -0.01995993 0.38273733
v 0.91809543 -0.01989993 0.38663732
v 0.91814544 -0.01995993 0.42570733
v 0.91809543 -0.01989993 0.42960732
v 0.91022019 -0.00833962 -0.36925276
v 0.84397545 0.31987006 0.38663732
v 0.84397545 0.31987006 0.39054732
v 0.86651923 0.30489942 0.27375948
v 0.91809543 -0.01989993 -0.42194266
v 0.97667848 -0.10580580 -0.45319211
v 0.97674545 -0.10589993 0.39445733
v 0.97674545 -0.10589993 0.39835732
v 0.84388544 0.31991005 -0.36725266
v 0.84388544 0.31991005 -0.37116266
v 0.91814544 -0.01995993 -0.35553266
v 0.91809543 -0.01989993 -0.35553266
v 0.91809543 -0.01989993 -0.35163267
v 0.84393545 0.31987006 0.35929732
v 0.84388544 0.31987006 -0.31699268
v 0.84388544 0.31987006 -0.31647266
v 0.84778543 0.31744007 -0.31647266
v 0.84387543 0.31987006 -0.31647266
v 0.84388544 0.31990007 0.35148733
v 0.91814544 -0.01995993 -0.39069266
v 0.91809543 -0.01989993 -0.39069266
v 0.84388544 0.31987006 0.31331732
v 0.84387543 0.31987006 0.31242733
v 0.84388544 0.31990007 -0.35944266
v 0.84388544 0.31991005 -0.37507267
v 0.84394546 0.31987006 -0.36725266
v 0.84388544 0.31991005 -0.36335267
v 0.84393545 0.31987006 -0.36335267
v 0.84388544 0.31990007 -0.35553266
v 0.84388544 0.31986008 0.30070733
v 0.84394546 0.31987006 -0.37507267
v 0.84388544 0.31989006 0.33195733
v 0.84389546 0.31987006 -0.33210267
v 0.84388544 0.31990007 -0.35163267
v 0.91814544 -0.01995993 0.41007732
v 0.91809543 -0.01989993 0.41398733
v 0.84388544 0.31992007 0.37492733
v 0.84397545 0.31987006 0.40226733
v 0.84388544 0.31988007 -0.33210267
v 0.84388544 0.31993008 0.38663732
v 0.84396543 0.31987006 0.38273733
v 0.84388544 0.31992007 0.37882732
v 0.84388544 0.31993008 0.39054732
v 0.84388544 0.31993008 0.39445733
v 0.84388554 0.31986883 -0.32434720
v 0.84388544 0.31987006 -0.32038267
v 0.84388544 0.31989006 -0.33600266
v 0.97669544 -0.10582993 0.39445733
v 0.82228331 0.33313576 -0.49212570
v 0.84393545 0.31987006 -0.35944266
v 0.84391542 0.31987006 0.34367733
v 0.84392544 0.31987006 0.34757732
v 0.84390547 0.31987006 -0.33600266
v 0.84388544 0.31987006 0.31632732
v 0.85169544 0.31502006 0.31242733
v 0.84394546 0.31987006 -0.37116266
v 0.86498602 0.30658768 -0.36471037
v 0.91809543 -0.01989993 0.39835732
v 0.84388544 0.31989006 -0.33991266
v 0.84390547 0.31987006 -0.33991266
v 0.84387543 0.31987006 -0.31257267
v 0.84389546 0.31987006 0.32413732
v 0.84389546 0.31987006 0.32804732
v 0.84388544 0.31988007 0.32804732
v 0.84388544 0.31987006 0.32023733
v 0.84388544 0.31988007 0.32413732
v 0.84388544 0.31990007 0.35538732
v 0.84394546 0.31987006 0.36710732
v 0.84395542 0.31987006 0.37101733
v 0.84388544 0.31989006 0.33585732
v 0.84390547 0.31987006 0.33195733
v 0.84388544 0.31989006 0.33976733
v 0.84391542 0.31987006 0.33976733
v 0.85171803 0.31502644 0.34546097
v 0.84388544 0.31985006 0.28507732
v 0.86328839 0.30776440 -0.38314875
v 0.84391542 0.31987006 -0.34382267
v 0.84388544 0.31987006 -0.31257267
v 0.85169544 0.31502006 -0.31257267
v 0.84392544 0.31987006 -0.35553266
v 0.88518519 0.26314205 -0.44703735
v 0.84390547 0.31987006 0.33585732
v 0.84389546 0.31987006 -0.32819266
v 0.97674545 -0.10589993 -0.36335267
v 0.84392544 0.31987006 -0.35163267
v 0.91809543 -0.01989993 -0.40241266
v 0.91814544 -0.01995993 -0.36335267
v 0.91809543 -0.01989993 -0.36335267
v 0.91809543 -0.01989993 -0.37897266
v 0.90662411 -0.00339085 0.33978863
v 0.84395542 0.31987006 0.37492733
v 0.84388544 0.31987006 0.31242733
v 0.84774215 0.31751688 0.37295887
v 0.86229789 0.30841253 0.31508935
v 0.84396543 0.31987006 0.37882732
v 0.91814544 -0.01995993 0.39445733
v 0.97674545 -0.10589993 0.42570733
v 0.84388544 0.31991005 0.35929732
v 0.97669544 -0.10582993 -0.42585267
v 0.97669544 -0.10582993 -0.42194266
v 0.97669544 -0.10582993 -0.39069266
v 0.97669544 -0.10582993 -0.38678266
v 0.97141542 -0.09808993 0.42960732
v 0.97674545 -0.10589993 0.40226733
v 0.97669544 -0.10582993 0.40226733
v 0.97669544 -0.10582993 0.40617733
v 0.87602897 -0.05532774 0.70286615
v 0.91814544 -0.01995993 -0.34772266
v 0.97669544 -0.10582993 0.39835732
v 0.91809543 -0.01989993 -0.39850266
v 0.91809543 -0.01989993 0.44132732
v 0.91548546 -0.01605993 0.44523733
v 0.91809543 -0.01989993 0.44523733
v 0.97674545 -0.10589993 0.43351733
v 0.91337985 -0.01302821 -0.41014284
v 0.97674545 -0.10589993 -0.36725266
v 0.97669544 -0.10582993 -0.36335267
v 0.91814544 -0.01995993 -0.35163267
v 0.91810810 -0.01996000 -0.33600246
v 0.91814544 -0.01995993 -0.33991266
v 0.91859362 -0.02336832 -0.33163136
v 0.91809543 -0.01989993 -0.34772266
v 0.98402544 -0.11761993 -0.40094766
v 0.97674545 -0.10589993 0.37882732
v 0.97674545 -0.10589993 0.37492733
v 0.98148215 -0.12026871 -0.46249313
v 0.98437982 -0.11811617 -0.34906369
v 0.91809543 -0.01989993 -0.35944266
v 0.87268718 0.00952142 0.47656271
v 0.91814544 -0.01995993 0.37101733
v 0.97674545 -0.10589993 -0.37116266
v 0.97674545 -0.10589993 -0.39460267
v 0.97669544 -0.10582993 -0.39460267
v 0.91814544 -0.01995993 0.37492733
v 0.95639111 -0.07690347 0.33897628
v 0.97674545 -0.10589993 -0.37897266
v 0.97674545 -0.10589993 -0.38288267
v 0.97669544 -0.10582993 -0.37897266
v 0.97407546 -0.10198993 0.41398733
v 0.91814544 -0.01995993 0.44132732
v 0.91809543 -0.01989993 0.43351733
v 0.91809543 -0.01989993 0.43742733
v 0.91814544 -0.01995993 0.41398733
v 0.91814544 -0.01995993 0.39054732
v 0.91809543 -0.01989993 0.38273733
v 0.92767125 -0.03612854 -0.33054787
v 0.91809543 -0.01989993 0.45304732
v 0.97669544 -0.10582993 0.41007732
v 0.91814544 -0.01995993 0.43351733
v 0.97669544 -0.10582993 0.39054732
v 0.97669544 -0.10582993 -0.38288267
v 0.91814544 -0.01995993 -0.37897266
v 0.97278543 -0.10009993 0.39445733
v 0.97674545 -0.10589993 -0.42194266
v 0.97669544 -0.10582993 -0.41803266
v 0.97674545 -0.10589993 0.40617733
v 0.87817840 -0.13486064 0.30079925
v 0.91814544 -0.01995993 0.42179732
v 0.97674545 -0.10589993 -0.38678266
v 0.91809543 -0.01995993 -0.33600266
v 0.93545131 -0.04540504 -0.33589370
v 0.91814544 -0.01995993 -0.42194266
v 0.94154305 -0.05552008 -0.46135996
v 0.97669544 -0.10582993 -0.39850266
v 0.97674545 -0.10589993 -0.44147266
v 0.91814544 -0.01995993 0.44913732
v 0.91809543 -0.01989993 0.44913732
v 0.91813381 -0.01994593 0.45304778
v 0.98359329 -0.12106938 -0.43650074
v 0.91814544 -0.01995993 0.41788732
v 0.91809543 -0.01989993 0.41788732
v 0.91419544 -0.01416993 0.46085732
v 0.91814544 -0.01995993 -0.40241266
v 0.91814544 -0.01995993 -0.35944266
v 0.91650542 -0.01995993 -0.33210267
v 0.91543545 -0.01605993 -0.33600266
v 0.91814544 -0.01995993 0.37882732
v 0.91814544 -0.01995993 0.43742733
v 0.93580258 -0.04663468 0.46680579
v 0.97669544 -0.10582993 0.42570733
v 0.97674545 -0.10589993 0.37101733
v 0.97674545 -0.10589993 -0.44538267
v 0.97669544 -0.10582993 -0.44538267
v 0.98221746 -0.11935931 0.46848596
f 51 2 3
f 4 5 6
f 51 7 8
f 9 10 11
f 12 49 51
f 14 15 16
f 4 1 5
f 18 103 12
f 2 17 3
f 21 22 23
f 24 89 25
f 31 1 4
f 33 34 35
f 9 1 10
f 20 1 32
f 16 36 14
f 22 15 19
f 37 25 89
f 38 15 17
f 32 24 25
f 13 1 20
f 89 39 37
f 11 10 40
f 35 34 9
f 89 33 40
f 9 11 35
f 17 15 41
f 89 24 23
f 42 15 14
f 36 16 51
f 14 8 42
f 5 13 39
f 43 12 44
f 45 15 46
f 1 13 5
f 47 51 48
f 34 1 9
f 73 15 1
f 34 73 1
f 15 103 18
f 1 22 21
f 39 13 37
f 33 73 34
f 42 7 41
f 10 1 31
f 6 5 39
f 3 41 7
f 40 33 11
f 41 15 42
f 6 39 89
f 16 15 45
f 32 1 21
f 17 41 3
f 22 1 15
f 23 22 89
f 20 32 25
f 19 15 38
f 46 15 18
f 89 40 52
f 16 45 44
f 45 54 44
f 61 27 28
f 12 103 49
f 51 8 36
f 11 33 35
f 28 27 60
f 62 27 50
f 187 1109 27
f 63 64 65
f 60 27 62
f 18 66 46
f 62 50 67
f 71 68 64
f 67 50 68
f 65 30 63
f 28 70 26
f 61 28 26
f 59 58 71
f 27 30 65
f 50 27 65
f 63 30 69
f 30 72 69
f 30 27 1109
f 187 27 61
f 72 59 71
f 19 47 48
f 89 19 48
f 66 18 43
f 44 54 66
f 21 24 32
f 20 37 13
f 54 45 46
f 71 64 74
f 40 10 31
f 51 3 7
f 12 43 18
f 31 4 52
f 54 46 66
f 25 37 20
f 24 21 23
f 6 89 52
f 8 14 36
f 4 6 52
f 40 31 52
f 19 89 22
f 2 51 47
f 19 38 47
f 38 2 47
f 7 42 8
f 17 2 38
f 44 66 43
f 65 68 50
f 64 63 74
f 71 26 70
f 68 65 64
f 60 70 28
f 71 67 68
f 71 70 77
f 69 74 63
f 62 77 60
f 70 60 77
f 56 58 57
f 77 62 67
f 101 26 71
f 71 77 67
f 53 101 71
f 71 74 72
f 74 69 72
f 79 26 101
f 58 56 71
f 56 53 71
f 80 53 56
f 84 265 85
f 86 87 88
f 90 91 75
f 91 90 92
f 16 44 51
f 73 33 89
f 93 94 95
f 765 94 93
f 44 12 51
f 61 26 79
f 85 98 99
f 101 53 80
f 101 80 100
f 57 58 59
f 59 72 100
f 72 30 1109
f 89 48 51
f 104 81 105
f 89 51 49
f 82 61 100
f 107 108 87
f 109 83 110
f 83 109 111
f 56 57 100
f 112 113 75
f 113 112 114
f 80 56 100
f 61 79 100
f 187 61 82
f 57 59 100
f 1109 100 72
f 100 79 101
f 117 118 436
f 117 119 118
f 120 121 765
f 120 122 121
f 963 123 124
f 107 114 112
f 97 89 49
f 125 126 127
f 15 49 103
f 108 75 88
f 87 108 88
f 138 73 89
f 15 73 49
f 129 130 131
f 132 86 135
f 102 139 125
f 140 49 75
f 141 142 143
f 1071 73 138
f 146 147 148
f 149 233 150
f 233 149 97
f 151 97 126
f 125 151 126
f 138 258 1071
f 152 153 154
f 153 152 97
f 155 156 157
f 102 158 159
f 143 149 161
f 97 149 143
f 205 162 146
f 163 291 164
f 236 240 165
f 107 81 114
f 258 155 157
f 165 166 167
f 168 131 75
f 168 129 131
f 106 104 105
f 170 171 172
f 171 170 240
f 173 174 175
f 177 291 136
f 179 180 181
f 182 183 184
f 82 183 182
f 183 185 186
f 82 185 183
f 181 188 189
f 189 190 191
f 185 82 192
f 193 185 192
f 82 1109 194
f 155 195 156
f 196 82 197
f 164 196 197
f 198 166 199
f 126 200 127
f 200 126 97
f 258 138 155
f 157 156 201
f 202 78 203
f 204 205 148
f 206 97 152
f 207 206 152
f 133 195 155
f 138 133 155
f 153 208 209
f 97 208 153
f 210 211 138
f 203 212 213
f 138 214 147
f 146 133 147
f 139 151 125
f 173 215 174
f 258 157 205
f 156 195 201
f 205 201 162
f 201 195 162
f 216 217 139
f 133 138 147
f 218 217 216
f 219 217 218
f 157 201 205
f 208 78 202
f 78 208 97
f 220 206 221
f 97 206 220
f 207 152 154
f 127 200 169
f 217 151 139
f 151 217 219
f 212 222 213
f 222 212 97
f 221 206 207
f 162 195 133
f 166 224 225
f 224 240 225
f 226 218 159
f 218 226 219
f 169 220 221
f 228 229 136
f 82 229 228
f 240 187 82
f 200 220 169
f 97 220 200
f 209 208 202
f 78 97 212
f 203 78 212
f 159 218 216
f 230 231 232
f 213 222 230
f 170 172 223
f 154 153 209
f 211 214 138
f 222 231 230
f 231 222 97
f 234 55 140
f 198 199 178
f 190 194 191
f 82 194 190
f 161 149 150
f 233 49 535
f 233 97 49
f 111 235 137
f 111 84 235
f 166 225 199
f 236 165 167
f 165 240 224
f 166 165 224
f 104 114 81
f 188 190 189
f 82 190 188
f 197 237 163
f 237 197 82
f 86 76 87
f 225 215 199
f 236 224 198
f 236 167 224
f 236 198 178
f 199 215 173
f 184 183 186
f 174 240 238
f 215 240 174
f 239 180 179
f 82 180 239
f 225 240 215
f 177 196 164
f 224 166 198
f 167 166 224
f 199 173 178
f 241 171 240
f 238 175 174
f 172 171 242
f 186 185 193
f 163 237 243
f 192 228 244
f 228 192 82
f 136 229 177
f 244 228 136
f 243 239 179
f 193 192 244
f 237 239 243
f 82 239 237
f 229 196 177
f 82 196 229
f 164 197 163
f 178 173 175
f 180 82 188
f 181 180 188
f 202 102 209
f 158 226 159
f 138 89 97
f 102 207 154
f 246 144 247
f 82 100 1109
f 291 193 244
f 145 181 189
f 90 227 92
f 252 296 253
f 246 265 144
f 97 143 142
f 219 226 210
f 265 110 254
f 255 247 137
f 255 246 247
f 256 257 636
f 214 148 147
f 178 172 242
f 55 92 140
f 146 162 133
f 214 204 148
f 138 97 219
f 205 204 102
f 158 210 226
f 232 142 141
f 242 241 259
f 175 238 223
f 182 259 241
f 241 240 82
f 242 171 241
f 194 145 191
f 210 260 211
f 219 210 138
f 258 535 1071
f 204 260 102
f 210 158 260
f 260 204 211
f 139 102 216
f 148 205 146
f 221 102 169
f 204 214 211
f 102 159 216
f 158 102 260
f 102 125 127
f 178 175 223
f 150 213 230
f 141 143 161
f 150 232 141
f 150 141 161
f 178 259 184
f 142 232 231
f 142 231 97
f 150 230 232
f 182 241 82
f 92 55 91
f 172 178 223
f 238 170 223
f 150 203 213
f 178 242 259
f 240 170 238
f 259 182 184
f 186 291 178
f 194 1109 145
f 193 291 186
f 186 178 184
f 227 105 81
f 205 102 258
f 258 102 535
f 187 240 236
f 262 263 264
f 263 262 1065
f 535 150 233
f 236 178 187
f 377 178 291
f 98 266 267
f 145 163 243
f 268 269 270
f 268 1065 269
f 271 272 273
f 274 271 273
f 76 81 87
f 99 267 137
f 99 98 267
f 377 187 178
f 434 275 276
f 277 278 553
f 150 102 203
f 261 248 1071
f 96 135 75
f 96 132 135
f 281 282 283
f 386 282 281
f 150 535 102
f 102 202 203
f 284 963 285
f 102 154 209
f 130 76 245
f 102 127 169
f 73 1071 49
f 207 102 221
f 151 219 97
f 288 137 287
f 289 288 287
f 290 265 84
f 98 265 266
f 132 76 86
f 292 293 271
f 293 292 294
f 295 76 129
f 109 84 111
f 266 265 246
f 113 106 75
f 106 113 104
f 108 112 75
f 108 107 112
f 105 227 298
f 135 88 75
f 135 86 88
f 49 140 81
f 298 90 75
f 90 298 227
f 91 234 75
f 234 91 55
f 289 76 299
f 109 290 84
f 140 92 81
f 245 76 132
f 267 255 137
f 267 266 255
f 227 81 92
f 265 76 289
f 140 75 234
f 249 265 254
f 106 298 75
f 298 106 105
f 114 104 113
f 288 300 137
f 288 299 300
f 235 99 137
f 235 85 99
f 300 75 137
f 299 295 300
f 301 96 75
f 301 245 96
f 302 303 304
f 131 301 75
f 131 130 301
f 299 76 295
f 144 289 287
f 110 83 254
f 84 85 235
f 299 288 289
f 245 132 96
f 130 245 301
f 247 287 137
f 247 144 287
f 266 246 255
f 129 76 130
f 300 168 75
f 300 295 168
f 110 265 290
f 295 129 168
f 305 306 349
f 306 305 307
f 85 265 98
f 87 81 107
f 137 249 83
f 76 265 81
f 308 309 310
f 309 308 279
f 311 312 1902
f 313 304 349
f 304 313 302
f 304 303 314
f 349 304 314
f 254 83 249
f 315 302 313
f 314 303 316
f 145 291 163
f 291 244 136
f 164 291 177
f 179 145 243
f 181 145 179
f 191 145 189
f 319 887 95
f 320 321 322
f 83 111 137
f 323 324 279
f 49 81 1275
f 265 1275 81
f 325 326 252
f 144 265 289
f 327 328 329
f 327 386 328
f 110 290 109
f 249 1275 265
f 331 332 1108
f 331 333 332
f 334 335 336
f 339 340 341
f 343 284 344
f 308 310 345
f 346 347 348
f 350 305 349
f 305 351 307
f 123 352 124
f 354 2242 355
f 357 286 358
f 357 1065 286
f 359 360 321
f 281 283 326
f 361 362 363
f 280 364 365
f 366 308 345
f 308 366 279
f 368 361 363
f 361 368 1108
f 371 372 373
f 1208 372 371
f 374 375 376
f 269 378 270
f 128 380 381
f 383 384 385
f 291 145 377
f 279 387 388
f 387 389 388
f 1109 377 145
f 294 391 160
f 392 393 394
f 388 389 362
f 395 396 397
f 398 1427 399
f 269 400 378
f 400 269 1065
f 402 403 404
f 1022 406 407
f 408 279 409
f 410 411 412
f 413 688 708
f 414 415 1175
f 414 416 415
f 417 418 419
f 533 420 421
f 423 424 404
f 393 379 394
f 1065 379 393
f 425 426 419
f 427 428 429
f 431 432 433
f 432 431 1208
f 434 682 275
f 435 436 384
f 383 435 384
f 262 264 437
f 439 440 441
f 442 443 754
f 444 445 754
f 446 447 448
f 447 446 1208
f 449 450 451
f 453 454 455
f 456 457 458
f 459 460 461
f 765 93 463
f 93 464 463
f 465 466 521
f 468 469 470
f 1502 472 473
f 475 476 477
f 475 1023 476
f 383 385 843
f 519 598 562
f 424 479 425
f 457 481 458
f 481 457 1175
f 406 550 847
f 482 483 484
f 483 482 765
f 487 488 489
f 490 491 939
f 490 492 491
f 122 120 493
f 494 495 496
f 497 498 580
f 1292 382 1684
f 336 499 500
f 501 1204 502
f 503 504 505
f 506 507 508
f 519 562 337
f 509 510 420
f 1208 510 509
f 511 393 392
f 393 511 1065
f 512 513 514
f 515 516 517
f 518 469 468
f 939 518 468
f 520 320 322
f 279 320 520
f 522 523 524
f 525 526 527
f 1502 473 528
f 474 529 530
f 531 529 532
f 536 537 257
f 887 456 458
f 538 285 539
f 543 544 545
f 453 455 434
f 547 548 549
f 551 465 521
f 488 487 552
f 521 337 551
f 555 453 556
f 532 529 474
f 798 532 474
f 558 559 560
f 1023 427 563
f 427 429 563
f 450 564 565
f 455 566 434
f 708 567 461
f 692 568 545
f 569 1023 570
f 572 573 574
f 485 575 486
f 576 577 453
f 624 577 576
f 582 583 571
f 584 585 586
f 584 587 585
f 1202 590 591
f 592 465 551
f 593 594 595
f 636 598 519
f 600 334 601
f 334 600 335
f 602 489 579
f 376 603 604
f 605 367 606
f 607 576 555
f 610 611 612
f 460 552 708
f 499 336 353
f 537 613 636
f 614 615 624
f 531 616 617
f 618 619 580
f 540 527 428
f 620 548 621
f 622 583 623
f 559 583 622
f 548 547 621
f 2322 521 353
f 596 546 571
f 628 629 630
f 631 632 633
f 594 634 635
f 601 2322 353
f 335 597 353
f 540 525 527
f 1023 525 540
f 639 640 641
f 594 593 634
f 593 1023 634
f 642 643 644
f 645 521 519
f 597 601 353
f 504 646 580
f 580 619 497
f 647 648 636
f 649 650 613
f 651 652 653
f 519 580 636
f 638 655 656
f 638 657 580
f 519 654 580
f 658 506 659
f 657 256 636
f 660 657 656
f 660 256 657
f 566 454 624
f 649 661 562
f 661 649 613
f 460 662 552
f 498 638 580
f 427 540 428
f 540 427 1023
f 571 557 663
f 555 576 453
f 450 449 667
f 668 641 526
f 596 557 546
f 669 670 671
f 599 669 671
f 1023 669 599
f 596 571 663
f 629 672 630
f 673 674 562
f 582 628 623
f 624 557 571
f 596 663 557
f 278 575 675
f 546 608 571
f 676 677 678
f 377 557 624
f 679 459 461
f 450 565 451
f 571 608 451
f 453 434 556
f 683 558 560
f 684 558 683
f 583 582 623
f 685 682 624
f 682 566 624
f 451 278 571
f 558 684 624
f 356 608 546
f 608 356 451
f 451 356 579
f 680 687 681
f 451 579 489
f 459 451 662
f 371 561 1208
f 371 312 561
f 356 1035 579
f 680 486 451
f 549 684 689
f 687 690 691
f 567 449 679
f 564 450 667
f 673 598 648
f 674 673 648
f 662 488 552
f 489 602 413
f 487 489 413
f 679 449 451
f 693 324 323
f 655 638 498
f 466 353 521
f 695 696 697
f 488 451 489
f 699 700 701
f 672 702 630
f 647 674 648
f 704 705 574
f 337 592 551
f 647 650 707
f 657 638 656
f 674 647 707
f 500 499 699
f 537 536 661
f 613 537 661
f 645 337 521
f 650 647 636
f 466 700 353
f 536 257 710
f 700 499 353
f 699 499 700
f 336 335 353
f 648 598 636
f 257 537 636
f 580 657 636
f 613 650 636
f 619 712 497
f 575 278 451
f 498 497 713
f 497 712 713
f 548 620 624
f 459 679 451
f 646 618 580
f 556 666 607
f 625 377 543
f 623 628 541
f 377 544 543
f 692 377 625
f 276 714 541
f 565 690 451
f 454 566 455
f 544 715 676
f 716 544 676
f 666 576 607
f 377 576 666
f 717 1464 1945
f 607 666 678
f 552 487 708
f 684 549 624
f 583 559 571
f 714 620 621
f 714 718 620
f 628 582 629
f 622 623 541
f 615 685 624
f 719 720 721
f 719 722 720
f 571 629 582
f 723 685 724
f 685 723 682
f 718 614 624
f 277 672 571
f 725 726 727
f 549 548 624
f 702 672 277
f 278 277 571
f 571 672 629
f 565 564 691
f 620 718 624
f 559 558 624
f 571 559 624
f 460 459 662
f 690 565 691
f 684 683 689
f 486 575 451
f 567 679 461
f 553 680 681
f 567 708 667
f 690 680 451
f 687 680 690
f 553 486 680
f 602 579 688
f 675 575 485
f 449 567 667
f 702 277 553
f 728 729 730
f 729 728 798
f 451 488 662
f 602 688 413
f 688 579 480
f 579 1035 480
f 732 733 725
f 377 715 544
f 350 734 305
f 734 351 305
f 309 735 310
f 361 388 362
f 388 361 1108
f 282 736 283
f 737 738 343
f 408 737 279
f 124 347 963
f 739 325 252
f 739 386 325
f 307 315 306
f 704 740 705
f 740 704 665
f 327 329 735
f 743 619 618
f 744 745 746
f 747 748 749
f 750 751 1006
f 752 753 754
f 387 280 365
f 387 279 280
f 1275 249 886
f 319 482 484
f 755 128 381
f 755 1108 128
f 307 760 1098
f 315 307 1098
f 780 249 137
f 1108 756 400
f 756 330 400
f 755 381 757
f 758 561 311
f 1208 561 758
f 306 313 349
f 313 306 315
f 386 314 759
f 314 316 759
f 349 760 350
f 387 365 389
f 756 761 330
f 282 759 736
f 759 282 386
f 1098 296 303
f 328 739 253
f 328 386 739
f 349 1098 760
f 328 253 329
f 351 760 307
f 759 316 736
f 325 281 326
f 281 325 386
f 760 734 350
f 351 734 760
f 349 314 386
f 359 366 360
f 366 359 279
f 762 763 764
f 765 763 762
f 767 768 769
f 770 771 772
f 1098 187 296
f 320 359 321
f 359 320 279
f 1085 1389 773
f 1158 297 273
f 776 592 337
f 465 592 776
f 739 252 253
f 777 755 757
f 777 1108 755
f 778 779 397
f 589 29 999
f 781 509 782
f 781 1208 509
f 29 2322 999
f 783 563 784
f 563 783 1023
f 785 368 786
f 785 1108 368
f 248 261 626
f 787 788 789
f 520 322 364
f 386 327 309
f 327 735 309
f 368 363 786
f 309 279 386
f 280 520 364
f 280 279 520
f 785 786 380
f 366 345 360
f 791 792 793
f 707 649 562
f 707 650 649
f 263 395 264
f 796 797 528
f 796 798 797
f 799 800 801
f 411 118 412
f 118 411 765
f 803 250 251
f 128 785 380
f 785 128 1108
f 807 369 795
f 388 1108 279
f 808 809 810
f 809 808 765
f 357 358 779
f 778 357 779
f 778 1065 357
f 777 757 761
f 756 777 761
f 756 1108 777
f 400 330 378
f 483 456 484
f 674 707 562
f 426 417 419
f 417 426 765
f 812 1486 1933
f 813 814 815
f 1132 807 795
f 807 1132 790
f 656 655 505
f 817 818 819
f 820 821 822
f 1119 1120 827
f 391 274 297
f 340 829 787
f 341 340 787
f 261 1071 802
f 442 831 830
f 805 261 832
f 833 834 1704
f 835 468 470
f 939 468 835
f 511 392 836
f 837 838 839
f 286 840 841
f 286 1065 840
f 400 1065 1108
f 268 270 842
f 286 841 358
f 456 483 457
f 483 1175 457
f 396 778 397
f 396 1065 778
f 840 842 841
f 840 268 842
f 840 1065 268
f 844 845 494
f 458 481 441
f 849 338 1408
f 788 829 850
f 379 437 394
f 788 850 789
f 805 851 852
f 765 853 436
f 339 341 854
f 855 856 857
f 856 855 1065
f 858 2301 859
f 658 507 506
f 507 658 436
f 860 844 440
f 861 516 1023
f 762 764 862
f 2322 1071 535
f 865 866 867
f 939 866 865
f 435 383 868
f 869 870 871
f 870 869 1065
f 379 262 437
f 379 1065 262
f 396 395 263
f 1065 396 263
f 872 873 874
f 438 872 874
f 479 426 425
f 765 426 479
f 94 319 95
f 495 845 1175
f 495 494 845
f 430 875 876
f 436 875 430
f 1175 1065 511
f 877 511 836
f 877 1175 511
f 439 860 440
f 860 439 1175
f 496 877 836
f 878 879 880
f 877 495 1175
f 495 877 496
f 403 423 404
f 403 765 423
f 463 464 418
f 481 439 441
f 481 1175 439
f 464 93 95
f 882 883 884
f 1912 883 882
f 1175 845 860
f 845 844 860
f 482 94 765
f 319 94 482
f 875 853 885
f 436 853 875
f 764 763 402
f 412 118 119
f 762 862 853
f 765 762 853
f 329 296 735
f 483 765 1175
f 508 430 876
f 417 463 418
f 463 417 765
f 456 887 484
f 432 781 888
f 781 432 1208
f 435 868 866
f 436 435 866
f 423 765 479
f 424 423 479
f 842 1103 841
f 763 403 402
f 403 763 765
f 890 550 1022
f 853 862 885
f 605 891 892
f 893 491 894
f 491 893 436
f 866 868 867
f 115 896 897
f 578 642 644
f 1208 642 578
f 898 798 899
f 900 898 899
f 901 902 903
f 507 430 508
f 436 430 507
f 875 885 876
f 385 904 659
f 904 658 659
f 436 658 904
f 384 904 385
f 436 904 384
f 783 784 905
f 712 743 505
f 743 712 619
f 908 421 510
f 1208 908 510
f 909 910 911
f 432 888 433
f 939 616 798
f 781 782 888
f 912 913 914
f 915 728 730
f 642 431 643
f 642 1208 431
f 547 689 541
f 689 547 549
f 916 518 534
f 518 939 534
f 614 918 276
f 918 614 718
f 831 919 830
f 919 920 830
f 900 899 530
f 798 921 797
f 921 922 797
f 473 923 796
f 923 798 796
f 411 924 765
f 411 410 924
f 469 518 916
f 436 866 939
f 916 534 925
f 534 865 925
f 939 865 534
f 865 867 925
f 899 474 530
f 474 899 798
f 617 835 470
f 490 926 355
f 926 490 939
f 798 616 532
f 616 531 532
f 927 898 900
f 616 835 617
f 939 835 616
f 928 929 930
f 843 424 425
f 473 796 528
f 525 668 526
f 1023 668 525
f 431 433 643
f 931 475 477
f 708 553 681
f 1208 668 1023
f 578 644 640
f 932 933 934
f 801 935 928
f 922 921 927
f 908 923 472
f 923 908 1208
f 472 923 473
f 797 922 528
f 509 420 782
f 611 936 937
f 929 938 930
f 938 929 939
f 940 941 915
f 798 898 921
f 898 927 921
f 942 943 798
f 943 942 944
f 908 472 421
f 923 1208 798
f 945 946 695
f 947 948 934
f 563 429 784
f 29 589 588
f 716 676 678
f 342 160 248
f 510 421 420
f 889 2322 367
f 462 952 847
f 639 578 640
f 578 639 1208
f 476 783 905
f 783 476 1023
f 953 954 665
f 953 1027 954
f 475 931 806
f 1023 475 806
f 476 905 477
f 758 447 1208
f 758 955 447
f 1208 639 668
f 639 641 668
f 843 402 404
f 692 544 678
f 544 716 678
f 957 1599 956
f 892 891 864
f 958 543 545
f 568 958 545
f 959 960 588
f 960 29 588
f 806 931 670
f 953 572 1027
f 961 892 864
f 962 550 890
f 699 701 337
f 669 806 670
f 806 669 1023
f 500 699 601
f 891 605 903
f 605 606 903
f 634 599 635
f 599 634 1023
f 292 391 294
f 391 292 274
f 901 606 966
f 606 960 966
f 967 968 407
f 969 970 971
f 970 581 971
f 606 901 903
f 973 933 932
f 969 974 975
f 974 741 975
f 710 660 505
f 710 256 660
f 976 977 978
f 599 671 635
f 577 454 453
f 577 624 454
f 665 573 953
f 573 572 953
f 705 740 595
f 573 704 574
f 704 573 665
f 1023 593 665
f 740 593 595
f 665 593 740
f 980 981 982
f 597 600 601
f 984 961 985
f 986 987 985
f 987 984 985
f 607 555 556
f 988 989 990
f 991 962 890
f 962 991 992
f 902 966 959
f 2322 960 606
f 706 550 994
f 533 643 433
f 984 605 892
f 2322 601 999
f 1724 995 996
f 966 960 959
f 959 588 589
f 985 961 863
f 334 500 601
f 334 336 500
f 918 714 276
f 918 718 714
f 902 901 966
f 960 2322 29
f 902 959 589
f 701 776 337
f 466 776 701
f 466 465 776
f 367 2322 606
f 700 466 701
f 998 618 646
f 713 712 505
f 601 337 999
f 335 600 597
f 505 743 998
f 948 986 863
f 1002 1003 1004
f 1023 1007 861
f 598 673 562
f 504 580 505
f 562 536 505
f 660 656 505
f 998 503 505
f 503 998 646
f 998 743 618
f 337 562 505
f 655 713 505
f 713 655 498
f 536 710 505
f 645 519 337
f 661 536 562
f 710 257 256
f 503 646 504
f 580 654 505
f 628 630 541
f 1013 1014 1015
f 654 1005 505
f 1027 705 951
f 1016 912 1017
f 912 914 1017
f 434 541 1504
f 715 1018 677
f 715 377 1018
f 566 682 434
f 951 429 428
f 1007 751 750
f 625 958 568
f 625 543 958
f 705 1027 574
f 377 1027 951
f 683 560 541
f 676 715 677
f 692 543 678
f 543 692 678
f 1019 1020 1021
f 1020 1019 1065
f 276 541 434
f 1018 666 607
f 677 1018 607
f 678 677 607
f 692 625 568
f 624 576 377
f 968 1022 407
f 630 702 553
f 1024 614 275
f 1024 615 614
f 1025 406 1026
f 714 621 541
f 377 692 1027
f 545 544 692
f 1018 377 666
f 1028 828 896
f 275 614 276
f 724 1024 275
f 724 615 1024
f 1504 678 666
f 1029 1030 471
f 160 1029 471
f 278 675 553
f 460 708 461
f 678 1504 692
f 724 685 615
f 682 723 275
f 723 724 275
f 621 547 541
f 689 683 541
f 1031 1032 1033
f 967 407 1034
f 407 1025 1034
f 1504 541 708
f 675 485 553
f 560 622 541
f 560 559 622
f 485 486 553
f 541 630 553
f 487 413 708
f 356 546 557
f 377 1035 356
f 541 553 708
f 550 406 1022
f 687 691 681
f 691 708 681
f 691 564 708
f 564 667 708
f 569 570 1037
f 1038 1039 1946
f 890 1022 1040
f 726 962 992
f 1042 1043 1044
f 480 727 1036
f 1041 1046 1047
f 1046 1041 1048
f 1041 847 1049
f 708 688 480
f 967 1034 462
f 1045 550 706
f 1050 1045 706
f 462 1040 967
f 727 726 992
f 733 706 994
f 733 1050 706
f 480 1050 732
f 480 1035 550
f 991 890 1051
f 732 1050 733
f 480 550 1045
f 732 727 480
f 1035 377 1109
f 480 1045 1050
f 1035 1109 550
f 1022 968 1040
f 733 994 725
f 725 994 726
f 962 994 550
f 994 962 726
f 1054 1055 1074
f 1103 381 380
f 1056 817 819
f 817 1056 1527
f 75 780 137
f 471 294 160
f 1058 1059 1060
f 1103 360 345
f 1062 1063 1064
f 1063 1152 1064
f 1066 1061 1067
f 296 326 283
f 1098 302 315
f 344 279 737
f 539 386 538
f 1071 248 160
f 920 1068 444
f 261 1068 920
f 752 251 753
f 857 856 1069
f 1068 250 803
f 250 1068 261
f 1072 851 802
f 312 373 1006
f 251 1072 753
f 851 805 832
f 738 1061 963
f 1073 631 1074
f 703 1410 1075
f 442 1121 709
f 445 803 752
f 1077 1078 950
f 1079 1078 1077
f 1080 1081 746
f 981 1061 512
f 1030 294 471
f 1084 1085 1053
f 49 780 75
f 1086 1061 738
f 780 886 249
f 1089 1090 612
f 1090 1089 1091
f 333 1759 1061
f 1094 1095 1096
f 253 296 329
f 963 349 123
f 285 963 1097
f 538 284 285
f 349 886 846
f 349 846 1098
f 296 316 303
f 1098 303 302
f 886 349 963
f 296 283 736
f 1067 1061 693
f 296 252 326
f 316 296 736
f 761 1103 330
f 344 538 386
f 1099 1100 1101
f 1102 808 810
f 1103 345 310
f 1019 870 1065
f 1019 1104 870
f 1383 841 1103
f 296 187 377
f 1103 363 362
f 352 349 386
f 1085 1052 1053
f 585 1110 1111
f 1110 1112 1111
f 965 318 626
f 703 826 854
f 1034 952 462
f 920 919 261
f 123 349 352
f 348 352 386
f 948 863 581
f 1114 1115 1116
f 442 709 831
f 1117 919 1118
f 1119 1117 1118
f 444 1068 445
f 1123 1124 1125
f 318 1124 1123
f 744 827 1122
f 626 827 744
f 827 1117 1119
f 626 1117 827
f 982 279 1126
f 523 809 765
f 523 522 809
f 1097 963 347
f 1069 869 871
f 348 386 346
f 849 1127 338
f 879 1128 1129
f 369 1187 1824
f 587 1130 585
f 754 445 752
f 297 160 391
f 250 805 852
f 251 250 852
f 341 787 854
f 251 852 1072
f 444 754 443
f 1132 795 1133
f 1068 803 445
f 869 856 1065
f 869 1069 856
f 1134 1135 1136
f 871 870 1104
f 370 1080 1137
f 1138 1139 1907
f 1135 1140 1136
f 1140 1135 1065
f 839 1141 1107
f 324 1142 452
f 279 344 386
f 738 963 343
f 1144 1145 1146
f 284 538 344
f 754 753 802
f 1393 816 790
f 1146 332 333
f 1147 1006 1114
f 333 331 837
f 1145 1148 1108
f 1145 1144 1148
f 1021 1020 1150
f 1141 1151 1107
f 1151 1141 1108
f 331 838 837
f 838 331 1108
f 1145 332 1146
f 332 1145 1108
f 754 802 949
f 1135 1151 1065
f 1135 1134 1151
f 745 744 1122
f 832 261 802
f 878 1076 879
f 250 261 805
f 1076 878 1153
f 753 1072 802
f 823 826 907
f 686 1154 1424
f 1155 1156 339
f 294 1030 610
f 1142 1061 1157
f 1156 949 802
f 591 1159 1160
f 1159 1161 1160
f 1162 1163 1002
f 1163 1070 1002
f 1119 709 1121
f 1119 1118 709
f 851 832 802
f 803 251 752
f 1078 1164 950
f 826 825 907
f 1156 340 339
f 340 1156 802
f 554 1433 824
f 829 1131 850
f 1131 829 802
f 852 851 1072
f 787 789 854
f 879 1129 880
f 789 1131 703
f 1165 1166 1167
f 1168 1070 1153
f 802 829 340
f 850 1131 789
f 1003 1002 1168
f 825 1166 907
f 1128 1156 1129
f 1128 949 1156
f 831 709 1118
f 1081 744 746
f 829 788 787
f 1169 1170 1171
f 1170 1169 1065
f 1172 1173 1174
f 1173 1170 1175
f 1173 1172 1170
f 1107 1151 1134
f 1150 1169 1171
f 1136 1140 1176
f 1070 1076 1153
f 1076 1070 949
f 855 1140 1065
f 855 1176 1140
f 1141 838 1108
f 1141 839 838
f 1177 1178 1149
f 1178 1004 1149
f 811 1179 1410
f 1181 1182 1175
f 1181 1183 1182
f 1176 855 857
f 1173 1184 1174
f 1184 1173 1175
f 1185 1186 116
f 1002 1070 1168
f 611 610 936
f 1169 1020 1065
f 1169 1150 1020
f 659 506 843
f 2434 790 1188
f 1174 1184 1189
f 790 766 1393
f 790 1109 1187
f 1187 369 790
f 1192 816 1193
f 1194 1192 1193
f 1191 1196 1190
f 1192 1194 1197
f 1196 1198 1190
f 1198 816 1190
f 1202 502 1199
f 1188 1200 2434
f 1076 1128 879
f 1128 1076 949
f 1129 826 880
f 416 414 1201
f 1070 1163 949
f 1129 1156 1155
f 1165 1075 1410
f 1155 339 854
f 826 1155 854
f 1075 1165 1167
f 1129 1155 826
f 854 789 703
f 1003 878 880
f 878 1003 1153
f 1003 1168 1153
f 1199 502 1204
f 802 1071 703
f 1131 802 703
f 703 1071 1410
f 823 880 826
f 1205 626 1081
f 825 1167 1166
f 826 703 825
f 703 1075 1167
f 825 703 1167
f 1204 1206 1199
f 1079 1433 554
f 1207 906 811
f 906 1179 811
f 1179 906 907
f 1171 1170 1172
f 1189 1209 1210
f 1179 1166 1165
f 1166 1179 907
f 409 1086 408
f 626 744 1081
f 523 121 524
f 121 523 765
f 414 1214 1201
f 1214 414 1175
f 1209 1182 1210
f 1182 1209 1175
f 1103 321 360
f 808 1214 765
f 808 1102 1214
f 1104 1019 1021
f 514 409 279
f 747 1216 1217
f 1216 747 1218
f 513 409 514
f 1209 1184 1175
f 1209 1189 1184
f 810 809 522
f 1210 1182 1183
f 1188 816 1198
f 1201 1214 1102
f 955 1902 448
f 337 505 1005
f 1220 1221 1044
f 1221 1222 1044
f 1188 1198 1196
f 1197 1194 1195
f 1188 790 816
f 1223 1224 1225
f 1224 1223 436
f 1200 1196 1191
f 1200 1191 1195
f 1188 1196 1200
f 1197 1190 1192
f 1197 1191 1190
f 1190 816 1192
f 816 1393 1319
f 1180 1194 1193
f 1191 1197 1195
f 2434 1200 1195
f 1004 1003 1149
f 976 1902 1226
f 590 1227 591
f 1010 1902 930
f 750 1006 1228
f 1053 1229 1339
f 1229 1053 1052
f 374 1006 1230
f 524 121 122
f 389 1103 362
f 1231 1232 1233
f 1234 1223 1225
f 493 924 410
f 120 924 493
f 924 120 765
f 1538 1235 1236
f 1181 415 1237
f 415 1181 1175
f 1183 1181 1237
f 893 1238 436
f 893 1239 1238
f 1237 415 416
f 1087 1037 570
f 1240 1224 436
f 1240 1241 1224
f 355 926 354
f 1242 1243 1244
f 1243 1242 939
f 1247 1248 1234
f 1223 1248 436
f 1223 1234 1248
f 117 1248 1247
f 1248 117 436
f 119 117 1247
f 1241 1240 1249
f 1225 1224 1241
f 1250 1251 799
f 652 1252 1253
f 944 942 1254
f 1255 1251 1250
f 1251 1255 939
f 837 1759 333
f 1157 1061 980
f 1256 1257 1258
f 1256 1259 1257
f 1240 1238 1249
f 1238 1240 436
f 696 946 798
f 696 695 946
f 894 491 492
f 462 480 1036
f 1255 926 939
f 926 1255 354
f 1249 1238 1239
f 929 935 939
f 935 929 928
f 492 490 355
f 354 1255 1250
f 952 406 847
f 952 1026 406
f 1239 893 894
f 978 446 448
f 2147 1262 1263
f 1023 1265 1007
f 296 377 1103
f 1266 1267 949
f 338 1268 949
f 800 1251 939
f 1251 800 799
f 1164 1269 811
f 1237 1596 1183
f 961 984 892
f 1270 1243 939
f 1243 1270 1271
f 728 941 798
f 941 728 915
f 1244 1243 1271
f 1271 1270 945
f 800 935 801
f 935 800 939
f 1254 1272 1273
f 930 938 1010
f 1242 938 939
f 938 1242 1010
f 1010 1242 1244
f 970 742 1276
f 581 970 1276
f 1270 946 945
f 946 1270 939
f 1034 1026 952
f 1026 1034 1025
f 732 725 727
f 1266 1278 1279
f 1278 1266 949
f 889 987 947
f 377 356 557
f 1281 1282 1283
f 1278 1163 1178
f 1278 949 1163
f 891 902 999
f 1284 1285 1551
f 448 447 955
f 1286 987 1287
f 947 1286 1287
f 947 987 1286
f 1288 941 940
f 941 1288 798
f 346 1097 347
f 1290 848 972
f 311 561 312
f 1291 969 971
f 933 889 947
f 1292 1684 848
f 1293 977 976
f 977 1293 1208
f 1294 1636 1295
f 696 943 697
f 943 696 798
f 697 943 944
f 1288 1272 798
f 1272 1288 1273
f 666 556 1504
f 942 1272 1254
f 1272 942 798
f 1296 375 374
f 1208 375 1296
f 1273 1288 940
f 1226 1293 976
f 730 729 1226
f 1051 1040 462
f 1051 890 1040
f 727 992 1036
f 1297 2236 2063
f 1040 968 967
f 1298 272 1299
f 581 864 999
f 1301 1302 1303
f 1302 1301 1304
f 373 372 1230
f 955 758 311
f 312 371 373
f 665 1087 1023
f 556 434 1504
f 446 977 1208
f 977 446 978
f 1293 729 1208
f 729 1293 1226
f 986 985 863
f 652 1218 747
f 1218 652 651
f 1028 896 116
f 49 1996 780
f 1164 811 1410
f 1300 820 917
f 603 375 1023
f 375 603 376
f 1125 1124 1306
f 1230 1296 374
f 1296 372 1208
f 372 1296 1230
f 409 513 1086
f 948 1287 986
f 1287 987 986
f 502 1309 1310
f 932 1312 973
f 970 969 975
f 1211 1087 665
f 1313 1314 1315
f 821 1316 971
f 1316 821 820
f 947 1287 948
f 1276 1312 581
f 1276 973 1312
f 1317 1318 1106
f 742 741 1276
f 741 973 1276
f 889 367 984
f 741 933 973
f 347 124 348
f 999 337 581
f 115 1185 116
f 1027 572 574
f 285 1097 539
f 983 1186 828
f 1320 1321 1265
f 970 975 742
f 1013 1015 1322
f 1185 897 828
f 1185 115 897
f 820 974 1316
f 933 1286 934
f 1286 947 934
f 947 1286 933
f 934 948 581
f 1324 1325 1326
f 974 969 1291
f 1312 934 581
f 934 1312 932
f 1316 1291 971
f 317 637 318
f 1300 889 974
f 1328 996 1329
f 1330 1331 1290
f 1383 836 392
f 889 741 974
f 1088 1211 1492
f 1074 631 633
f 1211 665 954
f 741 889 933
f 735 1103 310
f 1103 377 1383
f 991 1051 1036
f 1333 1038 1334
f 1038 1333 1450
f 961 864 863
f 407 406 1025
f 975 741 742
f 903 902 891
f 367 605 961
f 605 984 961
f 984 367 961
f 1300 974 820
f 654 401 1005
f 984 987 889
f 1316 974 1291
f 992 991 1036
f 1336 1337 1338
f 902 589 999
f 581 337 1005
f 601 699 337
f 891 999 864
f 1340 1341 501
f 1342 1340 501
f 1030 1029 610
f 1154 881 1343
f 1292 1331 1330
f 664 848 1211
f 692 1504 1027
f 1023 1116 1320
f 1036 1051 462
f 1228 517 516
f 1347 1348 1791
f 1350 1056 819
f 1351 1095 1879
f 1352 1353 1354
f 1355 1353 1352
f 1356 1357 1358
f 612 1359 294
f 1360 1361 1362
f 949 1361 1360
f 124 352 348
f 293 1359 271
f 1359 293 294
f 1364 1978 1365
f 846 886 2553
f 633 1536 1054
f 1112 1074 1055
f 964 1306 1124
f 895 317 318
f 338 370 1268
f 631 1367 632
f 370 1137 1268
f 1368 818 817
f 390 318 1452
f 1118 919 831
f 1117 626 261
f 830 920 444
f 1080 746 1137
f 1117 261 919
f 1122 827 1120
f 949 442 754
f 830 444 443
f 442 830 443
f 1119 1121 1120
f 160 297 422
f 1266 1161 1159
f 1369 1127 849
f 1370 1371 637
f 1177 1278 1178
f 1370 317 895
f 317 1370 637
f 1232 587 584
f 1264 1077 950
f 1077 1264 1149
f 1373 1374 1375
f 1376 1377 1378
f 1493 1376 1378
f 1502 900 530
f 1360 1379 949
f 1146 1061 1144
f 1083 1996 49
f 1381 1372 1382
f 1372 1381 626
f 839 1759 837
f 1103 735 296
f 1364 1743 1978
f 664 1327 116
f 1103 364 322
f 1097 346 539
f 737 343 344
f 1157 1126 452
f 1126 1157 980
f 1103 322 321
f 1385 1386 1387
f 333 1061 1146
f 343 963 284
f 738 737 408
f 1103 786 363
f 693 1061 1142
f 539 346 386
f 1086 738 408
f 1148 1388 1108
f 513 1061 1086
f 1126 980 982
f 512 1061 513
f 980 1061 981
f 1390 981 512
f 365 1103 389
f 364 1103 365
f 1067 693 323
f 1066 1144 1061
f 381 1103 757
f 807 790 369
f 813 1391 814
f 369 794 795
f 1152 794 369
f 766 1132 1133
f 1319 1393 1392
f 1063 1392 1152
f 795 794 1133
f 766 1133 794
f 1152 766 794
f 766 790 1132
f 594 951 595
f 1413 1394 1319
f 1396 1369 849
f 637 1808 626
f 1397 1047 912
f 1397 1041 1047
f 502 1398 501
f 1042 1399 1400
f 1399 1401 1400
f 745 1120 1268
f 1122 1120 745
f 1160 1149 1202
f 369 1824 1427
f 1402 1403 1404
f 1402 813 1403
f 1408 338 949
f 626 1808 248
f 1452 637 1371
f 1405 1123 1125
f 1369 1205 1127
f 1161 1266 1279
f 1406 1407 1395
f 1408 1396 849
f 369 1427 1152
f 338 1409 370
f 318 637 626
f 1154 1366 1424
f 1124 965 964
f 318 965 1124
f 1161 1143 1149
f 1160 1161 1149
f 390 1370 895
f 1452 1371 390
f 1371 1370 390
f 1127 1205 1409
f 1205 1081 1409
f 1339 1229 1412
f 1407 1382 1395
f 1414 1227 590
f 1415 1414 590
f 1341 1416 1206
f 1413 1392 1062
f 1407 1381 1382
f 1382 1408 1395
f 1202 1410 502
f 746 745 1137
f 1372 1205 1369
f 1205 1372 626
f 1064 1152 1418
f 1394 1064 1418
f 1079 554 1078
f 1392 1063 1062
f 1419 1256 1420
f 1382 1372 1396
f 1422 1423 1206
f 1414 1267 1227
f 880 823 1433
f 792 626 1381
f 1382 1396 1408
f 1406 793 1407
f 1127 1409 338
f 1372 1369 1396
f 1163 1162 1178
f 1121 442 949
f 1409 1080 370
f 1268 1121 949
f 1137 745 1268
f 964 965 791
f 965 792 791
f 1422 1267 1414
f 1422 949 1267
f 792 1381 1407
f 793 792 1407
f 1081 1080 1409
f 1416 1422 1206
f 1416 949 1422
f 964 1417 997
f 791 1417 964
f 1415 590 1199
f 1362 1425 1398
f 1425 1342 1398
f 1426 1360 1362
f 1406 1395 1408
f 1120 1121 1268
f 1310 1362 1398
f 1309 1426 1310
f 1425 1361 1340
f 1361 1416 1340
f 1416 1361 949
f 1392 766 1152
f 1393 766 1392
f 1428 1429 1430
f 1429 1431 1430
f 1404 1403 1152
f 1064 1394 1413
f 1062 1064 1413
f 815 1418 1403
f 815 1432 1418
f 1418 1152 1403
f 1392 1413 1319
f 1143 1177 1149
f 501 1341 1204
f 1206 1423 1199
f 1423 1415 1199
f 1423 1422 1414
f 1193 816 1319
f 1279 1278 1177
f 1264 950 1410
f 1207 824 823
f 1149 1003 1433
f 1160 1202 591
f 1434 1360 1426
f 1361 1425 1362
f 1379 1360 1434
f 1429 1379 1434
f 590 1202 1199
f 950 1164 1410
f 1161 1279 1143
f 1340 1416 1341
f 1578 1378 1435
f 1164 554 1269
f 1162 1002 1004
f 1143 1279 1177
f 1178 1162 1004
f 1309 1434 1426
f 1434 1309 1431
f 1256 1258 1420
f 1319 1180 1193
f 1227 1267 1159
f 1267 1266 1159
f 1003 880 1433
f 502 1310 1398
f 1433 1079 1149
f 1433 823 824
f 1195 1194 1180
f 1627 1436 1437
f 1269 1207 811
f 1207 1269 824
f 1149 1079 1077
f 823 906 1207
f 907 906 823
f 554 824 1269
f 554 1164 1078
f 1179 1165 1410
f 1410 1149 1264
f 1109 790 2434
f 2434 1195 1180
f 1440 1428 1430
f 1149 1410 1202
f 480 1504 708
f 2434 1180 847
f 1442 1443 1625
f 1444 1443 1442
f 1445 1446 1447
f 1448 1449 1450
f 1311 989 1622
f 382 1290 1186
f 821 971 822
f 1228 516 861
f 480 462 694
f 971 581 822
f 1461 1518 1940
f 956 1820 1462
f 774 1285 1349
f 1327 1260 116
f 1186 972 116
f 983 1028 1289
f 1215 820 822
f 820 1215 917
f 1454 1011 1455
f 1465 1466 1467
f 1466 1465 1311
f 1454 1410 1011
f 1233 584 1468
f 1410 889 917
f 889 1300 917
f 1469 1327 542
f 49 848 401
f 1088 664 1211
f 664 972 848
f 1470 1471 1472
f 1473 1471 1470
f 1323 1474 1048
f 1073 1478 1367
f 1479 2387 2214
f 1402 1404 1095
f 294 610 612
f 1480 917 1481
f 1332 1482 1001
f 1481 1477 1483
f 864 581 863
f 1468 1356 1057
f 1356 1468 1357
f 2322 889 1410
f 1487 1488 1489
f 1487 2172 1488
f 1490 990 914
f 990 1490 988
f 535 521 2322
f 1684 401 848
f 1331 1292 848
f 1186 1290 972
f 848 49 1211
f 49 401 654
f 1684 983 1492
f 846 2553 1098
f 382 1330 1290
f 1327 664 542
f 828 897 896
f 429 951 784
f 632 1367 937
f 1260 1327 1469
f 115 116 896
f 1492 1289 1088
f 1088 542 664
f 1380 1092 478
f 382 983 1684
f 771 1376 1493
f 542 1289 1469
f 848 1290 1331
f 1330 382 1292
f 1289 1028 1260
f 972 664 116
f 983 828 1028
f 1023 1320 1265
f 1260 1028 116
f 1469 1289 1260
f 1320 1115 1321
f 1088 1289 542
f 1228 1006 517
f 1495 1496 2406
f 751 1007 1265
f 1388 1066 1067
f 886 780 609
f 1492 1211 2663
f 1115 1320 1116
f 569 1498 1023
f 1115 1006 1321
f 1186 1185 828
f 843 916 925
f 951 477 905
f 954 1027 1504
f 1087 570 1023
f 954 1504 1211
f 635 951 594
f 517 604 515
f 951 705 595
f 951 635 671
f 951 671 670
f 1321 1006 751
f 533 377 951
f 1499 1500 1501
f 1037 1006 1147
f 1087 1006 1037
f 1037 1147 569
f 1147 1498 569
f 1147 1114 1498
f 1116 1498 1114
f 1023 1498 1116
f 951 670 931
f 1321 751 1265
f 1142 1157 452
f 1503 1652 1046
f 515 603 1023
f 750 1228 861
f 1210 1596 1189
f 1472 1505 1947
f 1472 1471 1505
f 1060 1059 1280
f 462 847 694
f 1412 1229 1507
f 1508 1509 1510
f 1012 1301 1303
f 1130 1110 585
f 1246 1245 1597
f 1323 1048 1041
f 1514 1512 1515
f 1514 1670 1512
f 1346 1476 1475
f 1217 1516 1517
f 748 1217 1517
f 1009 1520 1008
f 847 1476 1346
f 749 652 747
f 749 1252 652
f 1029 160 936
f 610 1029 936
f 1109 187 2553
f 936 632 937
f 936 160 632
f 1524 1474 1323
f 1523 1705 1611
f 847 1524 1049
f 1482 1017 1526
f 1474 1503 1048
f 1535 1089 1478
f 324 693 1142
f 1363 1468 1057
f 1363 1233 1468
f 1529 1724 1528
f 1531 1532 1533
f 1110 1073 1112
f 1130 1073 1110
f 1073 1074 1112
f 1130 1535 1073
f 587 1535 1130
f 134 1280 1950
f 271 1091 1232
f 272 271 1232
f 1535 1478 1073
f 1109 1597 1245
f 160 633 632
f 996 1328 342
f 160 1536 633
f 1538 1539 1540
f 1539 1541 1540
f 1543 1257 1259
f 937 1367 1478
f 1089 612 1478
f 611 937 1478
f 612 611 1478
f 1111 1253 1252
f 1111 1112 1253
f 1544 1513 1536
f 1054 1513 1055
f 1054 1536 1513
f 274 292 271
f 297 274 273
f 585 1111 1252
f 653 1253 1545
f 653 652 1253
f 1405 1306 1105
f 1125 1306 1405
f 160 1527 1536
f 1057 297 1546
f 1424 651 653
f 1356 1113 1057
f 586 1547 1358
f 1547 586 749
f 585 749 586
f 1252 749 585
f 297 1158 1546
f 1158 1298 1546
f 1513 1544 1548
f 1217 1216 1516
f 793 1417 791
f 1217 748 747
f 1549 1517 1550
f 1517 1549 748
f 1551 1553 1552
f 1253 1112 1545
f 775 1554 1550
f 1517 775 1550
f 1356 1547 1550
f 1356 1358 1547
f 1555 1033 1032
f 1556 1557 1558
f 1218 651 1031
f 651 1424 1031
f 686 881 1154
f 686 1527 881
f 653 1545 1424
f 1559 272 1232
f 1299 272 1559
f 1424 1527 686
f 273 1298 1158
f 1359 1091 271
f 1090 1091 1359
f 612 1090 1359
f 273 272 1298
f 1444 1560 1443
f 1561 1364 1365
f 1364 1561 1562
f 881 1527 1056
f 1343 881 1056
f 1231 1057 1546
f 1298 1299 1546
f 1299 1231 1546
f 1232 584 1233
f 1363 1231 1233
f 1285 804 1349
f 422 297 1057
f 1550 1554 1356
f 1043 1563 1044
f 1564 1565 1566
f 722 1565 1564
f 1376 1452 1377
f 318 1123 1377
f 1108 323 279
f 981 1390 982
f 609 1384 1567
f 786 1103 380
f 514 279 1390
f 1568 1564 1566
f 720 1564 1568
f 1109 1534 1339
f 1570 1572 1571
f 1377 1123 1573
f 1574 1575 1576
f 1577 1575 1574
f 719 1562 1561
f 1394 814 1319
f 1389 1511 773
f 1447 1580 1581
f 1123 1405 1573
f 1424 1545 1544
f 1054 1074 633
f 1329 1582 1328
f 895 318 390
f 1306 964 1106
f 1583 1318 1221
f 1583 1106 1318
f 1580 1082 1569
f 626 792 965
f 1808 637 1452
f 1424 1536 1527
f 997 1406 1106
f 1440 1430 502
f 1585 1440 1437
f 1436 1585 1437
f 1586 1636 1452
f 1424 1032 1031
f 631 1073 1367
f 1406 1417 793
f 1548 1055 1513
f 1548 1112 1055
f 1548 1545 1112
f 1548 1544 1545
f 1536 1424 1544
f 964 997 1106
f 1406 997 1417
f 748 1549 749
f 1570 1587 1588
f 1632 1589 1438
f 1559 1231 1299
f 1231 1559 1232
f 1057 1231 1363
f 1356 1554 1113
f 586 1357 584
f 586 1358 1357
f 1232 1091 587
f 587 1091 1089
f 1535 587 1089
f 584 1357 1468
f 1113 1554 1349
f 1517 1285 774
f 774 1349 1554
f 775 774 1554
f 1431 1429 1434
f 1549 1550 1547
f 1549 1547 749
f 1342 501 1398
f 1341 1206 1204
f 1425 1340 1342
f 1426 1362 1310
f 1227 1159 591
f 1423 1414 1415
f 1585 1428 1440
f 1408 949 1106
f 722 1564 720
f 1431 1309 1430
f 1580 1590 1374
f 1590 1580 1569
f 1261 1591 1592
f 927 1502 922
f 1436 1593 1585
f 1521 1355 1352
f 1724 1355 1521
f 1388 1067 323
f 982 1390 279
f 1492 983 1289
f 983 382 1186
f 1390 512 514
f 1092 1567 1093
f 609 1093 886
f 2142 1083 1594
f 609 1092 1380
f 1099 1101 1591
f 452 1126 279
f 886 963 1061
f 1597 1085 1084
f 1084 1246 1597
f 1595 1796 1387
f 1066 1388 1148
f 1144 1066 1148
f 323 1108 1388
f 1183 1596 1210
f 452 279 324
f 757 1103 761
f 358 1383 779
f 330 1103 378
f 1103 270 378
f 416 1596 1237
f 1107 1759 839
f 1021 1759 1104
f 887 441 440
f 311 1902 955
f 1600 1601 1602
f 1404 1152 1096
f 1095 1404 1096
f 1579 1084 1605
f 1606 1590 1607
f 1454 1455 1654
f 1052 1085 1608
f 1534 1579 1605
f 1578 1105 1106
f 1391 1402 1351
f 1402 1391 813
f 1394 1432 814
f 1432 1394 1418
f 814 1432 815
f 815 1403 813
f 814 1391 1319
f 1374 1606 1375
f 1606 1609 1375
f 1587 1258 398
f 1570 1571 1604
f 1779 1610 1853
f 1400 1043 1042
f 1411 1543 1259
f 1439 770 772
f 1258 1152 1427
f 1401 1317 1436
f 804 1421 1349
f 1543 1096 1257
f 1612 1573 1613
f 1589 1614 1615
f 2474 1617 1618
f 1631 1203 1619
f 1632 1438 1439
f 1620 1557 1556
f 2115 1621 1622
f 1724 342 1623
f 1435 1613 1105
f 1584 1376 771
f 1376 1584 1452
f 1612 1377 1573
f 1626 1586 1442
f 1636 1586 1626
f 1879 1095 1094
f 1378 1612 1435
f 1306 1106 1105
f 1082 1580 1447
f 1446 1082 1447
f 1586 1451 1444
f 1442 1586 1444
f 1570 1588 1572
f 1203 1631 1563
f 1400 1627 1043
f 1628 1786 1456
f 1453 1629 1650
f 1453 1630 1629
f 1451 1614 1589
f 1560 1451 1589
f 1452 318 1377
f 1406 1408 1106
f 1315 1624 1777
f 1879 1094 1411
f 1633 1634 1753
f 1563 1043 1203
f 1317 1593 1436
f 1317 1106 1593
f 1094 1096 1543
f 772 1578 1439
f 1314 1626 1315
f 1626 1314 1636
f 1451 1452 1614
f 1493 1378 1578
f 1584 771 770
f 1615 770 1439
f 398 1258 1427
f 1632 1560 1589
f 1615 1584 770
f 1364 1562 1637
f 1589 1615 1438
f 1613 1405 1105
f 1607 1601 1600
f 1401 1436 1627
f 1587 398 1588
f 1614 1584 1615
f 1584 1614 1452
f 957 956 1638
f 1096 1152 1257
f 1581 1374 1373
f 1322 1639 1385
f 1419 1259 1256
f 399 1427 1604
f 1572 398 399
f 1642 1587 1570
f 1377 1612 1378
f 772 1493 1578
f 1583 1569 1106
f 1578 1435 1105
f 1573 1405 1613
f 1435 1612 1613
f 1402 1095 1351
f 1411 1094 1543
f 1602 1641 1563
f 1641 1220 1563
f 1222 1318 1399
f 1318 1317 1399
f 1578 1106 1569
f 1439 1578 1569
f 1222 1399 1042
f 1437 1440 502
f 1317 1401 1399
f 1590 1601 1607
f 1601 1590 1569
f 1590 1606 1374
f 771 1493 772
f 1581 1580 1374
f 1615 1439 1438
f 1563 1220 1044
f 1619 1600 1631
f 1641 1221 1220
f 1221 1318 1222
f 1419 1411 1259
f 1420 1258 1587
f 1588 398 1572
f 1642 1420 1587
f 1419 1420 1642
f 1879 1419 1642
f 1258 1257 1152
f 1606 1607 1609
f 1641 1583 1221
f 1600 1602 1631
f 1603 1604 1427
f 1400 1401 1627
f 1379 1429 1428
f 1643 1581 1373
f 1106 949 1379
f 2096 1644 1645
f 1643 1447 1581
f 1447 1643 1445
f 1607 1600 1619
f 1609 1607 1619
f 1601 1583 1602
f 1601 1569 1583
f 1593 1379 1428
f 1379 1593 1106
f 1044 1222 1042
f 1309 502 1430
f 1631 1602 1563
f 1583 1641 1602
f 1585 1593 1428
f 1609 1619 1375
f 1627 502 1043
f 1203 1375 1619
f 1627 1437 502
f 1411 1419 1879
f 1351 1879 1391
f 1319 1391 1879
f 1180 1319 847
f 1879 1642 1604
f 1329 995 1647
f 1043 502 1203
f 1642 1570 1604
f 1556 1558 1651
f 1652 1653 1046
f 1656 1657 1658
f 1656 1659 1657
f 1488 2172 1661
f 1663 1654 2391
f 1455 1660 1463
f 1660 1663 1463
f 1663 1455 1463
f 1663 1660 1455
f 1518 1303 1658
f 1704 1491 833
f 1049 1524 1323
f 1410 917 731
f 2324 1665 1666
f 1665 1667 1666
f 1325 1668 1326
f 1463 1454 1654
f 1114 1006 1115
f 1477 1669 1483
f 1654 1660 1463
f 1660 1410 1454
f 1660 1663 2391
f 1654 1455 1011
f 1477 1274 1669
f 698 1664 1622
f 1660 1454 1463
f 2391 1654 1011
f 1663 1660 1654
f 1480 1481 1483
f 1669 1480 1483
f 1011 1410 731
f 1671 1622 988
f 951 428 527
f 1215 731 1274
f 917 1215 1481
f 581 1215 822
f 731 917 1274
f 1480 1669 1274
f 1274 917 1480
f 1215 1274 1477
f 1674 1675 1676
f 1674 2098 1675
f 1041 1049 1323
f 1677 1678 1679
f 1481 1215 1477
f 731 1215 581
f 1683 1974 1682
f 1685 1686 1687
f 1673 1686 1685
f 1688 1689 2259
f 385 659 843
f 1518 1012 1303
f 1691 717 1945
f 49 2287 1083
f 1692 1693 1963
f 1211 1902 1006
f 1476 1711 1611
f 517 1006 604
f 1524 627 1474
f 1087 1211 1006
f 1940 1518 1694
f 515 1023 516
f 951 905 784
f 477 951 931
f 604 603 515
f 1499 1697 1491
f 1007 750 861
f 533 782 420
f 1671 1346 1622
f 1459 1484 1700
f 1484 1701 1700
f 2115 1659 1656
f 1017 1467 1702
f 1467 1017 914
f 990 989 914
f 912 1046 913
f 1046 912 1047
f 1611 1664 1476
f 698 1475 1476
f 1334 1038 1946
f 1083 2142 910
f 1499 1501 1697
f 847 1346 1524
f 1523 1711 1705
f 1701 1501 1700
f 1346 698 1622
f 1518 1324 1694
f 1324 1518 1509
f 1346 1475 698
f 627 1503 1474
f 627 1346 1503
f 1707 1708 1709
f 1524 1346 627
f 506 508 843
f 717 2259 1946
f 1652 1346 1671
f 698 1476 1664
f 1664 1611 1622
f 1664 1622 1523
f 1622 1475 1523
f 1475 1664 1523
f 1475 1622 1664
f 1622 1611 1705
f 1523 1611 1711
f 1705 1711 1646
f 1526 1017 1702
f 1246 1084 1579
f 1616 1920 1712
f 913 1490 914
f 1519 1908 1713
f 1691 1519 1713
f 1520 1714 1008
f 1714 1715 1008
f 1716 1717 4127
f 1947 1505 1718
f 1467 1466 1301
f 1514 1335 1670
f 1719 1008 1720
f 1302 1721 1303
f 1302 1621 1721
f 1616 2259 1920
f 1471 1720 1505
f 1471 1473 1720
f 1722 1723 134
f 1350 1343 1056
f 1565 1542 1566
f 1725 1541 1726
f 1245 1579 1534
f 1052 1608 1229
f 1597 1389 1085
f 1605 1084 1053
f 1608 773 1507
f 1085 773 1608
f 1245 1246 1579
f 1245 1534 1109
f 1605 1053 1534
f 1534 1053 1339
f 1412 1507 1511
f 1507 773 1511
f 1364 1728 1729
f 1364 1637 1728
f 1730 1553 1551
f 1516 1730 1551
f 779 1383 397
f 1572 399 1571
f 1731 1732 1521
f 1566 1368 1733
f 1647 1568 1566
f 1734 1582 1733
f 1368 817 1735
f 720 1736 1731
f 1736 720 1568
f 1366 1154 1343
f 1527 1735 817
f 1735 342 1734
f 1527 160 1735
f 1366 1343 1737
f 1566 818 1368
f 1343 1350 1737
f 819 818 1542
f 1565 1737 1542
f 1350 819 1542
f 1737 1350 1542
f 1735 160 342
f 342 1724 996
f 1734 1328 1582
f 1734 342 1328
f 1736 1738 1731
f 1736 1647 1738
f 1736 1568 1647
f 720 1739 721
f 1731 1739 720
f 1566 1733 1647
f 1553 1730 1031
f 1314 1313 1740
f 721 1728 1637
f 1739 1728 721
f 1732 1738 995
f 1732 1731 1738
f 1566 1542 818
f 1354 1741 1352
f 1354 1353 1537
f 1739 1521 1352
f 1521 1739 1731
f 1742 1743 1729
f 1744 1742 1729
f 1281 1539 1745
f 1729 1743 1364
f 1746 1744 1729
f 1744 1746 1741
f 1744 1725 1747
f 1354 1537 1744
f 1741 1354 1744
f 1521 995 1724
f 995 1521 1732
f 1738 1647 995
f 1216 1218 1730
f 1516 1216 1730
f 1421 1552 1748
f 1031 1033 1553
f 775 1517 774
f 1730 1218 1031
f 1424 1366 1737
f 1444 1451 1560
f 1651 1561 1365
f 1651 1558 1561
f 1552 1553 1748
f 1553 1033 1748
f 1552 1284 1551
f 1032 1424 1557
f 1424 1737 1557
f 1285 1517 1551
f 1517 1516 1551
f 1556 1555 1620
f 1620 1032 1557
f 1555 1032 1620
f 1365 1978 1349
f 1556 1651 1365
f 1556 1365 1748
f 1365 1349 1748
f 1349 1421 1748
f 1555 1556 1748
f 1033 1555 1748
f 1284 1421 804
f 1552 1421 1284
f 1285 1284 804
f 1560 1632 1443
f 1558 719 1561
f 1349 1057 1113
f 1749 1636 1750
f 1978 422 1057
f 2018 1780 1751
f 609 780 1384
f 609 1567 1092
f 1134 1759 1107
f 780 1996 1384
f 1753 1754 1755
f 1092 1093 478
f 1093 1567 1384
f 1093 1384 2144
f 1380 478 1093
f 609 1380 1093
f 886 1093 2144
f 1595 1757 1758
f 1597 1109 2557
f 1507 1229 1608
f 1065 1151 1108
f 2663 1684 1492
f 2140 767 1655
f 1539 1538 1745
f 1538 1236 1745
f 399 1604 1571
f 1760 1761 1762
f 1763 1760 1762
f 1879 1603 1307
f 1604 1603 1879
f 1136 1759 1134
f 1307 1014 1765
f 1636 1314 1750
f 1750 1314 1740
f 1442 1624 1626
f 1637 1562 721
f 1625 1632 1569
f 1451 1586 1452
f 1439 1569 1632
f 1766 1767 1768
f 1610 1769 1770
f 1771 1772 1773
f 1774 1295 1775
f 1630 1776 1629
f 722 1737 1565
f 1329 1647 1582
f 1733 1368 1735
f 1734 1733 1735
f 1557 1737 722
f 1557 719 1558
f 1557 722 719
f 721 1562 719
f 1647 1733 1582
f 1329 996 995
f 1352 1741 1739
f 1625 1443 1632
f 1452 1636 1808
f 1624 1442 1625
f 1741 1746 1739
f 1777 1624 1625
f 1624 1315 1626
f 1283 1726 1281
f 1349 1978 1057
f 1502 531 617
f 1781 1782 1783
f 915 730 1902
f 910 1784 911
f 1784 910 2142
f 976 978 1902
f 1787 1788 1789
f 1788 1790 1789
f 1383 494 496
f 270 1103 842
f 1759 1596 1061
f 1792 1793 1794
f 1021 1596 1759
f 1795 2110 2542
f 841 1383 358
f 782 533 888
f 1722 134 1950
f 1236 1797 1745
f 1797 1977 1745
f 1412 1511 1339
f 1511 2140 1339
f 1387 1386 1798
f 1109 2140 1187
f 1603 1014 1307
f 1799 1648 1800
f 1799 1703 1648
f 1801 1773 1800
f 1765 1385 1879
f 1824 1835 1427
f 1640 1803 1804
f 1805 2032 1806
f 1807 1805 1806
f 1765 1322 1385
f 1015 1427 1308
f 1697 1506 1491
f 1639 1015 1308
f 1639 1322 1015
f 1603 1427 1015
f 1014 1603 1015
f 1811 1812 1813
f 1636 1812 1811
f 1814 1815 2031
f 1816 1817 1818
f 1041 2104 847
f 1767 1821 1768
f 1821 1870 1768
f 1740 1313 1822
f 1798 1308 1757
f 1308 1427 1757
f 1746 1729 1728
f 1822 1777 1853
f 2138 1825 1774
f 2001 1772 1863
f 1804 1803 1826
f 1803 1827 1826
f 1828 1829 1754
f 1828 1976 1829
f 1294 1812 1636
f 1315 1777 1313
f 1831 1832 1833
f 1456 1786 1427
f 1765 1013 1322
f 1834 1779 1853
f 1771 1801 1836
f 1832 1779 1834
f 1837 1833 1834
f 1832 1749 1779
f 1770 1769 1822
f 1769 1740 1822
f 1829 1976 1569
f 1750 1769 1610
f 1813 1812 1838
f 1812 1294 1838
f 1853 1777 1569
f 1833 1832 1834
f 1853 1610 1770
f 1778 1839 1767
f 1778 1569 1839
f 1840 1778 1767
f 1634 1828 1754
f 1829 1841 1754
f 1803 1842 1827
f 1294 1295 1774
f 1825 1294 1774
f 1843 1878 1844
f 1757 1427 1786
f 1758 1757 1786
f 1845 1846 1804
f 1829 1847 1848
f 1829 1569 1847
f 1778 1847 1569
f 1630 1457 1849
f 1813 1850 2003
f 1838 1850 1813
f 1851 1847 1852
f 1847 1778 1852
f 1841 1829 1848
f 1831 1749 1832
f 1749 1831 1636
f 1779 1749 1610
f 1749 1750 1610
f 1769 1750 1740
f 1822 1313 1777
f 1295 1831 1775
f 1831 1295 1636
f 1775 1831 1833
f 1855 1851 1854
f 1765 1014 1013
f 1770 1822 1853
f 1856 1841 1848
f 1815 1814 1857
f 1427 1703 1862
f 1456 1427 1862
f 1703 1427 1835
f 1648 1703 1835
f 1821 1839 1858
f 1859 1860 1861
f 1859 1862 1860
f 1860 1703 1861
f 1771 1863 1772
f 1863 1771 1836
f 1862 1703 1860
f 1853 1569 1976
f 1777 1625 1569
f 1803 1640 1842
f 1846 1640 1804
f 1640 1846 1976
f 1640 1828 1842
f 1828 1640 1976
f 1846 1864 1976
f 1854 1852 1865
f 1852 1840 1865
f 1754 1841 1755
f 1841 1856 1755
f 1842 1634 1633
f 1827 1842 1633
f 1866 1804 1826
f 1778 1840 1852
f 1867 1845 1866
f 1865 1840 1766
f 1856 1848 1855
f 1848 1851 1855
f 1864 1846 1868
f 1869 1864 1868
f 1868 1846 1845
f 1870 1858 1871
f 1082 1446 1858
f 1875 2032 1872
f 1821 1858 1870
f 1842 1828 1634
f 1767 1839 1821
f 2040 1826 1633
f 1858 1446 1871
f 1446 1445 1871
f 1848 1847 1851
f 1839 1082 1858
f 1082 1839 1569
f 1867 1868 1845
f 1868 1867 1874
f 1307 1765 1879
f 1639 1308 1386
f 1877 2036 1983
f 1623 1956 1761
f 1459 1448 1670
f 1820 956 1599
f 2036 1877 1805
f 533 641 640
f 1630 1849 1776
f 1880 1881 1882
f 993 1704 834
f 843 469 916
f 1657 1510 1658
f 1659 1510 1657
f 1885 1886 1138
f 1691 1945 1519
f 1887 1671 988
f 1219 1508 1659
f 1508 1510 1659
f 1702 1467 1012
f 1467 1301 1012
f 1701 1506 1697
f 1490 1887 988
f 2035 1410 1660
f 1888 2061 2080
f 1460 1646 1711
f 1891 1892 2023
f 989 1465 1467
f 1465 989 1311
f 1823 1635 1711
f 1894 1895 1896
f 1897 1895 1894
f 2035 1660 2391
f 1899 1900 1901
f 1502 470 469
f 1903 1904 1905
f 1917 1904 1903
f 1023 375 1208
f 894 492 2242
f 1041 1397 1332
f 1000 1909 1461
f 1910 1909 1000
f 993 834 1908
f 1383 437 264
f 1655 1951 1911
f 643 533 644
f 1450 1449 1039
f 1704 1913 1946
f 1914 1915 1916
f 1039 1038 1450
f 843 867 868
f 872 1918 873
f 1835 1801 1800
f 694 847 2104
f 2115 1721 1621
f 1653 1652 1671
f 1311 1622 1304
f 988 1622 989
f 1461 1012 1518
f 1461 1909 1012
f 1001 1482 1526
f 1486 812 1485
f 1397 1016 1332
f 1646 1460 1705
f 1503 1346 1652
f 1653 1887 913
f 1887 1653 1671
f 1460 1710 1219
f 1909 1702 1012
f 1909 1910 1702
f 1622 1705 1219
f 1001 1526 1000
f 1526 1702 1910
f 1622 1219 2115
f 1705 1460 1219
f 1460 1635 1710
f 1635 1460 1711
f 1710 1635 1219
f 1923 2057 1635
f 1710 1219 1923
f 1219 1646 1923
f 1646 1710 1923
f 1646 1219 1710
f 1923 1635 1823
f 1219 1635 2057
f 2057 1923 1823
f 1940 1001 1461
f 1304 1621 1302
f 1526 1910 1000
f 1908 1670 2228
f 1926 2126 1927
f 1689 1908 1920
f 1928 1929 1930
f 1929 1928 711
f 1335 1514 1515
f 1913 1464 1946
f 2147 1931 1932
f 1335 2104 1041
f 1046 1653 913
f 1011 731 2391
f 717 1688 2259
f 912 1016 1397
f 1714 1326 1715
f 1888 1934 1935
f 1888 2080 1934
f 1936 1937 1938
f 1482 1016 1017
f 1500 1499 1933
f 1908 1689 1713
f 1689 1688 1713
f 1334 1335 1515
f 1887 1490 913
f 2391 731 2381
f 1696 1906 1941
f 914 989 1467
f 1448 1450 1333
f 1041 2228 1670
f 1942 1943 1944
f 1041 1332 1001
f 834 1484 1459
f 834 833 1484
f 1947 1718 1690
f 1332 1016 1482
f 1946 2104 1335
f 1512 1333 1515
f 1333 1334 1515
f 1670 1448 1512
f 1448 1333 1512
f 1933 1039 812
f 1464 717 1946
f 812 1449 1497
f 1039 1449 812
f 1459 1908 834
f 1459 1670 1908
f 1466 1304 1301
f 1304 1466 1311
f 1048 1503 1046
f 1001 1000 1461
f 1335 1334 1946
f 1485 812 1497
f 1459 1485 1497
f 1449 1448 1497
f 1448 1459 1497
f 1500 1485 1700
f 1485 1459 1700
f 1335 1041 1670
f 1948 1913 1704
f 1508 1219 1921
f 1949 1791 1941
f 1529 1528 1760
f 767 769 1655
f 769 1951 1655
f 1756 1953 1954
f 1953 1756 1696
f 1171 1596 1150
f 1955 1761 1760
f 1261 1100 2140
f 2140 1722 1950
f 2140 1100 1952
f 1100 1099 1952
f 1058 1060 1952
f 1771 1773 1801
f 1592 1100 1261
f 1101 1100 1592
f 1389 1530 1511
f 1261 1511 1591
f 1099 1058 1952
f 1099 1591 1727
f 1591 1511 1727
f 1277 1283 1958
f 1099 1059 1058
f 1099 1727 1059
f 1385 1387 1879
f 1950 767 2140
f 1801 1835 1824
f 1511 1530 1280
f 1727 1511 1280
f 1722 1952 1060
f 1722 1060 1723
f 1453 1650 1457
f 342 1956 1623
f 1761 1955 1623
f 1722 2140 1952
f 1800 1648 1835
f 2016 1957 1764
f 2018 2013 1780
f 2013 2035 1780
f 1958 1977 1956
f 1528 1959 1760
f 1528 1623 1959
f 1539 1960 1541
f 1961 1282 1745
f 1977 1958 1745
f 1958 1961 1745
f 1725 1744 1540
f 1744 1537 1540
f 1529 1760 1235
f 1760 1763 1235
f 1528 1724 1623
f 1959 1955 1760
f 1955 1959 1623
f 1962 1763 1762
f 1797 1763 1962
f 1965 1787 1347
f 1788 1965 1347
f 1788 1787 1965
f 1787 1348 1347
f 1966 1967 1968
f 768 1280 1530
f 2144 1384 1996
f 2142 1969 1970
f 1969 1971 1970
f 2144 1785 1692
f 886 2144 2553
f 1692 1972 1693
f 1692 1785 1972
f 1386 1308 1798
f 1597 2557 4219
f 1973 1974 2035
f 1975 2023 1892
f 1261 2140 1511
f 2751 248 1808
f 1800 1773 1799
f 1742 1747 1743
f 1979 1878 1980
f 1726 1960 1982
f 1825 2138 1850
f 1838 1825 1850
f 1838 1294 1825
f 1784 1985 911
f 1150 1596 1021
f 1986 1917 1987
f 1988 1986 1987
f 1753 2040 1633
f 533 640 644
f 1869 1874 1984
f 1990 1869 1984
f 2242 801 1902
f 1226 1902 730
f 1991 909 1967
f 1966 1991 1967
f 1966 909 1991
f 1992 1993 1994
f 1992 909 1993
f 1964 1787 1996
f 1273 1902 1254
f 1968 1967 1305
f 1596 886 1061
f 1995 1941 1791
f 1971 1305 1985
f 1985 1305 911
f 909 1966 1993
f 1966 1968 1993
f 1997 1696 1995
f 1998 1997 1995
f 1998 1696 1997
f 1996 1696 1756
f 1953 1999 2000
f 1953 1696 1999
f 1873 1706 1811
f 871 1759 1069
f 857 1759 1176
f 1599 1796 1830
f 2002 1807 1806
f 1877 1876 1805
f 2004 2032 2005
f 1772 1799 1773
f 768 1950 1280
f 1703 1799 1772
f 1387 1798 1595
f 1639 1386 1385
f 1798 1757 1595
f 1456 1862 1796
f 1758 1628 1796
f 1595 1758 1796
f 1628 1456 1796
f 1786 1628 1758
f 1879 1387 1796
f 1772 2001 1703
f 248 2751 342
f 2007 2008 2442
f 1975 1824 2009
f 1981 1816 1818
f 1877 2044 1876
f 1824 1187 1809
f 1859 2004 2005
f 2012 2009 1817
f 1796 1859 2005
f 1796 1862 1859
f 2014 2002 2015
f 1809 1981 1824
f 1818 2009 1981
f 2009 1824 1981
f 2012 1975 2009
f 2012 2023 1975
f 2019 2016 1843
f 1577 2020 2021
f 2006 1574 2022
f 1878 1843 1980
f 2006 2024 1976
f 1976 1843 2016
f 1843 2024 1980
f 1843 1976 2024
f 2028 2024 2022
f 2024 2006 2022
f 1817 2009 1818
f 1861 1703 2001
f 2030 2001 1872
f 1893 2030 1872
f 533 527 526
f 2026 2025 2029
f 2026 1814 2031
f 2025 2026 2031
f 2021 2020 1990
f 1859 1861 2004
f 1830 1796 1876
f 2001 1875 1872
f 1796 2032 1876
f 1864 1869 1990
f 1875 1981 1650
f 1876 2032 1805
f 1875 1816 1981
f 1806 2032 1662
f 2017 1863 1836
f 508 876 843
f 2002 1806 2015
f 1806 1662 2015
f 1810 2037 1878
f 2039 1462 1820
f 1896 2034 1776
f 1764 1957 2027
f 2041 2042 1618
f 2145 2042 2041
f 1810 1979 1576
f 1575 1780 1810
f 1984 1874 1867
f 2019 1957 2016
f 1457 1630 1453
f 1575 1577 1751
f 2021 2018 1751
f 1577 2021 1751
f 1810 1576 1575
f 1574 2006 1577
f 2018 1990 1984
f 1780 1575 1751
f 2006 2020 1577
f 2006 1976 2020
f 2040 2018 1984
f 2019 1843 1844
f 1957 2019 1844
f 1980 2024 2028
f 2020 1864 1990
f 1864 2020 1976
f 1780 2035 1810
f 2040 1984 1867
f 2045 2037 1683
f 2037 1810 1683
f 2040 1867 1866
f 1876 2044 1830
f 2044 1877 1983
f 2036 1805 1807
f 2139 2018 2040
f 2038 2046 2032
f 2046 2038 1897
f 1649 1894 1776
f 1458 2011 2047
f 2014 2015 2046
f 2015 1662 2046
f 1882 2048 2477
f 2034 2032 1629
f 1776 2034 1629
f 1897 2038 1895
f 1895 2038 2034
f 2038 2032 2034
f 1844 1878 2027
f 2039 2172 1638
f 1875 2023 1816
f 1796 1599 1823
f 2040 1866 1826
f 2047 1764 1458
f 1764 2027 2037
f 1645 2050 2051
f 2052 1819 1820
f 1819 2053 1661
f 1819 2052 2053
f 383 843 868
f 1458 2054 2011
f 2037 2054 1458
f 2231 2055 2056
f 1810 1878 1979
f 1502 617 470
f 2058 2059 2060
f 2059 1673 2060
f 1711 1476 1823
f 2172 1487 1457
f 2031 1815 2049
f 2064 1667 1665
f 1683 1810 1974
f 2065 858 859
f 2145 858 2065
f 2067 2233 1752
f 2068 2067 1752
f 887 843 419
f 2025 2031 2016
f 2048 2069 2070
f 2072 2073 2074
f 1975 1892 2017
f 1940 2075 2076
f 533 951 527
f 2077 2078 2079
f 1441 2082 2083
f 2084 2085 2086
f 2084 405 2085
f 1849 1649 1776
f 2077 2087 2088
f 2089 2090 2091
f 2090 2089 1917
f 1802 2092 2093
f 1917 1504 1344
f 2094 2236 2477
f 1658 1510 1509
f 1797 1236 1763
f 1383 392 394
f 2077 2088 2078
f 928 1902 801
f 1944 2116 1942
f 654 519 535
f 412 2242 410
f 312 1006 1902
f 843 925 867
f 1499 1491 1933
f 654 535 49
f 533 421 1502
f 1902 1010 1244
f 799 2242 1250
f 448 1902 978
f 887 419 418
f 1069 1759 857
f 876 885 843
f 2099 1789 1949
f 2099 1787 1789
f 2100 2101 2102
f 843 377 1502
f 2105 2106 2107
f 2106 2105 1673
f 1008 2108 1720
f 2108 1008 1715
f 930 1902 928
f 1718 2111 1690
f 1174 1596 1172
f 801 2242 799
f 1230 1006 373
f 2112 1345 2113
f 1502 927 900
f 844 887 440
f 1933 1486 1500
f 641 533 526
f 1502 377 533
f 922 1502 528
f 550 1109 847
f 843 885 862
f 711 1928 1944
f 1208 729 798
f 2259 1689 1920
f 1658 1509 1518
f 1823 1476 847
f 2111 1718 2117
f 1690 1919 2057
f 1919 1690 1890
f 1721 1656 1303
f 2075 1694 1714
f 2075 1940 1694
f 1714 1324 1326
f 1714 1694 1324
f 1942 2118 1666
f 1942 2116 2118
f 1712 1926 1522
f 1926 1927 1522
f 2119 1948 2120
f 1913 1948 2119
f 2236 2121 1884
f 2064 2122 1667
f 2122 2064 2396
f 1505 2123 1718
f 1720 2108 1505
f 2108 2123 1505
f 1700 1501 1500
f 1041 1001 2228
f 1946 1491 1704
f 1947 2228 1989
f 2270 2125 2124
f 1491 1506 833
f 1946 1039 1933
f 1945 1464 2119
f 1464 1913 2119
f 1908 1519 2120
f 1519 2119 2120
f 2122 2396 1943
f 2123 2127 1718
f 2127 2123 1936
f 2075 1714 1520
f 1009 1008 1719
f 1719 1720 1473
f 1001 1989 2228
f 1933 1491 1946
f 833 1701 1484
f 1506 1701 833
f 2119 1519 1945
f 1688 1691 1713
f 1691 1688 717
f 1948 993 2120
f 993 1908 2120
f 1704 993 1948
f 1501 1701 1697
f 2324 2118 1712
f 1486 1485 1500
f 1784 1970 1985
f 1784 2142 1970
f 1504 467 2202
f 764 843 862
f 2144 1692 1963
f 1785 1756 1954
f 1530 1389 1597
f 1353 1355 1537
f 1956 342 2751
f 1745 1282 1281
f 2129 2130 2070
f 2131 1305 1971
f 1762 1761 1956
f 1993 1968 1994
f 1755 1856 1855
f 2132 2133 1791
f 2134 1791 2000
f 2003 2135 1706
f 2136 1785 2133
f 2137 2136 2133
f 2137 1785 2136
f 1970 1971 1985
f 1996 909 1964
f 1059 1727 1280
f 1723 1060 1280
f 1788 1347 1790
f 697 1902 695
f 1655 1911 2140
f 2003 2049 2135
f 1824 1975 2017
f 1865 2139 1854
f 2029 1808 1636
f 1956 1277 1958
f 2046 1897 1894
f 1530 2140 1911
f 4219 2140 1530
f 1235 1538 1537
f 1277 1956 2751
f 1814 2029 1857
f 1277 1978 1726
f 1277 1726 1283
f 1961 1283 1282
f 1958 1283 1961
f 1726 1982 1281
f 1235 1763 1236
f 1235 1724 1529
f 1977 1762 1956
f 1953 2000 1954
f 1851 1852 1854
f 1960 1726 1541
f 1967 911 1305
f 1791 2553 1963
f 909 911 1967
f 910 909 1996
f 1994 1305 1348
f 1785 1954 2133
f 1969 2142 2131
f 940 1902 1273
f 1594 1305 2131
f 1996 1906 1696
f 1998 1995 2134
f 1968 1305 1994
f 1790 1791 1949
f 2142 1594 2131
f 1969 2131 1971
f 1071 2552 49
f 2144 1756 1785
f 1696 1941 1995
f 2099 1949 1941
f 1996 1083 910
f 1906 2099 1941
f 2099 1906 1787
f 2134 1995 1791
f 1996 1787 1906
f 1963 1693 1791
f 1348 1305 1791
f 1790 1347 1791
f 1787 1964 1348
f 1964 1992 1348
f 1992 1964 909
f 1992 1994 1348
f 2137 2133 2132
f 1999 2134 2000
f 2133 1954 1791
f 1789 1790 1949
f 1785 2137 1972
f 2137 2132 1972
f 2144 1996 1756
f 2000 1791 1954
f 1696 1998 1999
f 1998 2134 1999
f 2132 1791 1693
f 2144 1963 2553
f 1972 2132 1693
f 2091 2090 1885
f 1502 530 529
f 1355 1235 1537
f 1724 1235 1355
f 768 767 1950
f 1339 2140 1109
f 1861 2001 2030
f 887 464 95
f 1902 945 695
f 1977 1797 1962
f 1746 1728 1739
f 1977 1962 1762
f 1634 1754 1753
f 2017 1892 1898
f 2751 2047 2035
f 2146 1837 2138
f 1775 1833 1837
f 1775 1837 2146
f 2146 1774 1775
f 2003 1850 2138
f 1774 2146 2138
f 1837 1853 1976
f 1837 1976 2138
f 1834 1853 1837
f 1540 1541 1725
f 1868 1874 1869
f 1845 1804 1866
f 1633 1826 1827
f 2035 1974 1810
f 1840 1767 1766
f 1871 1445 1643
f 1241 2242 1225
f 1539 1281 1982
f 1540 1537 1538
f 1982 1960 1539
f 1742 1744 1747
f 1071 160 2552
f 1747 1978 1743
f 1978 1725 1726
f 1978 1747 1725
f 1857 1811 1706
f 2139 1865 1766
f 2148 2149 2150
f 2149 2148 1344
f 887 319 484
f 604 1006 376
f 1902 1244 1271
f 2152 2153 2154
f 2287 49 2552
f 1383 264 395
f 1172 1596 1171
f 1891 1863 1898
f 2155 2156 2157
f 2287 1305 1594
f 2098 2663 405
f 1594 1083 2287
f 944 1902 697
f 946 939 798
f 2090 1886 1885
f 1886 2090 1917
f 887 844 1383
f 1104 1759 871
f 1175 1170 1065
f 437 1383 394
f 1176 1759 1136
f 397 1383 395
f 1914 1916 2303
f 1189 1596 1174
f 1098 2553 187
f 1383 496 836
f 1383 844 494
f 376 1006 374
f 1138 2159 1139
f 1879 1823 847
f 2003 1873 1813
f 1764 2029 2016
f 1879 1796 1823
f 2032 1796 2005
f 2017 1836 1824
f 1649 1487 1489
f 1893 1872 2032
f 1857 2135 1815
f 1898 1892 1891
f 2016 2031 2049
f 1808 2029 2751
f 1816 2012 1817
f 1502 529 531
f 2023 2012 1816
f 533 433 888
f 2161 2162 2163
f 2098 2162 2161
f 2027 1957 1844
f 2023 1875 2001
f 1811 1857 1636
f 2029 1764 2751
f 2049 2003 2016
f 1636 1857 2029
f 1706 2135 1857
f 2003 1976 2016
f 2164 405 2165
f 2166 2164 2165
f 1813 1873 1811
f 1462 2039 1638
f 956 1462 1638
f 1706 1873 2003
f 1836 1801 1824
f 2040 1753 1755
f 1650 1981 1809
f 1686 2167 2168
f 1686 1673 2167
f 472 1502 421
f 2017 1898 1863
f 1891 2001 1863
f 2023 2001 1891
f 1895 2034 1896
f 2016 2029 2025
f 2032 2004 1893
f 2037 2027 1878
f 2135 2049 1815
f 1814 2026 2029
f 2033 2014 2046
f 1629 2032 1650
f 2003 2138 1976
f 2032 1875 1650
f 2037 2045 2169
f 2039 1819 1661
f 1820 1819 2039
f 2045 1682 2170
f 1683 1682 2045
f 2037 1458 1764
f 1203 1643 1373
f 2156 2171 2157
f 1917 2171 2156
f 2011 2054 2169
f 1896 1776 1894
f 2169 2170 1973
f 2107 2106 2173
f 2139 2013 2018
f 2047 2751 1764
f 2170 1682 1973
f 1682 1974 1973
f 1410 2013 502
f 2054 2037 2169
f 1203 1373 1375
f 2169 2045 2170
f 2082 1888 2083
f 1888 2082 2061
f 1203 1768 1870
f 1203 1766 1768
f 2033 2002 2014
f 1457 1649 1849
f 2165 2174 2175
f 2174 2165 405
f 1917 467 1504
f 847 1319 1879
f 1854 2139 1855
f 2139 1755 1855
f 1755 2139 2040
f 1203 1870 1871
f 1203 1871 1643
f 2013 2139 1203
f 1203 2139 1766
f 2033 1983 1807
f 2013 1203 502
f 1820 1983 2033
f 2035 2013 1410
f 2075 1520 2076
f 2093 2192 467
f 894 2242 1239
f 2176 2080 2177
f 2080 2176 2318
f 1502 469 843
f 2096 2178 2068
f 2179 2180 2562
f 2181 2143 2182
f 2129 2183 2176
f 519 521 535
f 2474 2100 2102
f 2184 2185 2186
f 2185 2184 1912
f 940 915 1902
f 1254 1902 944
f 1902 1271 945
f 2063 1924 2318
f 2189 2190 2191
f 438 2189 2191
f 2115 1656 1721
f 1979 1980 2028
f 957 2172 1599
f 2193 2194 2195
f 2193 2196 2194
f 1917 1802 467
f 467 1802 2093
f 2092 2192 2093
f 2202 2192 438
f 2197 2097 2367
f 2198 2199 2200
f 377 887 1383
f 2117 2203 2111
f 1936 2204 1937
f 1622 1621 1304
f 1823 1599 2172
f 1979 2028 1576
f 2205 2206 2483
f 2069 2048 1882
f 2087 2063 2236
f 1888 1935 2083
f 2043 1883 1441
f 2176 2177 2130
f 2207 2208 1336
f 1673 2208 2207
f 2209 2121 2094
f 1987 2143 2181
f 2143 1987 1917
f 2919 2210 2211
f 2210 2212 2211
f 2190 1900 1699
f 2213 2188 2187
f 1802 1917 438
f 2215 2216 2217
f 2216 2215 2218
f 1139 2219 2220
f 873 1918 2367
f 1668 2221 1326
f 2222 2223 2224
f 2222 1213 2223
f 2214 176 1479
f 1886 2159 1138
f 1917 2159 1886
f 2221 2225 1715
f 1219 1889 1937
f 1921 1219 2095
f 1470 1472 1947
f 1889 1219 2057
f 2095 1219 2226
f 2115 1219 1659
f 1303 1656 1658
f 2225 2227 1715
f 1889 2057 1919
f 1326 2221 1715
f 2204 1219 1937
f 1820 2033 2046
f 2397 2231 2232
f 2477 2177 2080
f 2098 405 2234
f 1883 1924 1005
f 1883 1005 2663
f 1883 2663 2098
f 2048 2130 2177
f 2235 2070 2069
f 2236 2094 2237
f 2094 2236 2237
f 2080 2061 2477
f 2238 1494 2239
f 1494 2238 1698
f 843 764 402
f 122 2242 524
f 524 2242 522
f 2126 1525 1927
f 1525 1939 1927
f 436 118 765
f 1239 2242 1249
f 522 1596 810
f 2191 872 438
f 872 2191 1918
f 2303 2241 2243
f 711 1525 2126
f 464 887 418
f 2182 2089 2091
f 2189 1900 2190
f 493 2242 122
f 2192 2202 467
f 1598 1504 480
f 1989 1940 2076
f 2127 1936 1938
f 1989 1009 1719
f 1938 1937 1889
f 1715 2227 2108
f 2117 1919 2203
f 2203 1919 1890
f 1718 2245 2117
f 1921 2095 1325
f 1921 1325 1324
f 2095 1668 1325
f 1668 2095 2226
f 1668 2226 2221
f 2245 1718 2127
f 1509 1508 1324
f 1508 1921 1324
f 1889 2117 2245
f 1889 2245 1938
f 1889 1919 2117
f 1938 2245 2127
f 1712 1908 2324
f 1712 1920 1908
f 2076 1009 1989
f 2246 1936 2123
f 2108 2246 2123
f 2057 2228 1947
f 2247 2246 2108
f 2227 2247 2108
f 2227 2204 2247
f 2246 2247 2204
f 1936 2246 2204
f 1690 2111 1890
f 2226 2225 2221
f 2225 2226 2227
f 2226 1219 2227
f 1219 2204 2227
f 1470 1989 1719
f 1473 1470 1719
f 1890 2111 2203
f 2076 1520 1009
f 1681 2249 2250
f 2229 2251 2252
f 2449 2229 2252
f 1928 2116 1944
f 1666 2254 1942
f 1947 1690 2057
f 2397 2232 1680
f 1926 1712 1930
f 1929 1926 1930
f 711 1944 2396
f 2259 1525 2396
f 1928 2118 2116
f 1943 1942 2254
f 2257 2258 2252
f 2258 2449 2252
f 1939 2259 2256
f 1927 1939 2256
f 1616 1712 1522
f 2256 1616 1522
f 1479 2260 2261
f 2387 1479 2261
f 1667 2254 1666
f 1712 2118 1930
f 2118 1928 1930
f 2256 2259 1616
f 1929 2126 1926
f 1525 2259 1939
f 1929 711 2126
f 1927 2256 1522
f 2262 2238 2239
f 2248 2263 2264
f 2265 2266 2147
f 160 422 2552
f 422 1922 2552
f 134 1723 1280
f 1911 1951 1530
f 1592 1591 1101
f 1917 1698 1699
f 2272 2273 2501
f 2274 1914 2303
f 2276 2277 2278
f 768 1951 769
f 768 1530 1951
f 4219 1530 1597
f 422 1978 1277
f 1574 1576 2022
f 2281 2282 2283
f 2282 2281 2284
f 1336 2208 1337
f 2285 2286 2562
f 843 425 419
f 2240 2151 2241
f 1698 2151 2240
f 2239 1494 2274
f 377 843 887
f 2092 1802 438
f 1917 1344 1912
f 2243 2151 2290
f 2151 1698 2290
f 1932 2291 2292
f 1494 2293 2274
f 2293 1494 1698
f 1109 2553 2279
f 2030 2004 1861
f 2294 2295 2296
f 2233 2295 2294
f 1783 1782 2297
f 1782 1912 2297
f 2298 2299 2300
f 2299 2298 2250
f 1990 2018 2021
f 2050 2302 2051
f 2302 2050 2233
f 2172 2039 1661
f 2035 2047 2011
f 1673 1883 2098
f 2562 2180 1676
f 2501 1922 2270
f 2058 2060 2152
f 2299 2304 2305
f 2304 2299 2249
f 2220 2201 2306
f 1915 1986 1916
f 1915 1917 1986
f 438 874 2202
f 1820 2046 1894
f 1973 2011 2169
f 1457 1487 1649
f 1489 1488 2053
f 1820 1599 1983
f 2028 2022 1576
f 2033 1807 2002
f 2035 2011 1973
f 1201 1596 416
f 2140 1809 1187
f 2172 957 1638
f 1983 2036 1807
f 1650 1809 1457
f 2032 2046 1662
f 1830 1983 1599
f 1457 1809 2172
f 2030 1893 2004
f 2308 2050 1645
f 2050 2308 2233
f 1489 2053 2052
f 1661 2053 1488
f 2061 1441 2477
f 2153 2310 2154
f 2310 2153 1673
f 2044 1983 1830
f 2311 2312 2313
f 2145 2312 2311
f 1649 2052 1820
f 1649 1489 2052
f 2315 2316 2317
f 1649 1820 1894
f 2449 2258 1672
f 2048 2070 2130
f 2174 2101 2100
f 405 2101 2174
f 2262 2239 2303
f 2129 2063 2183
f 2200 2319 1262
f 581 1005 731
f 2208 2320 1337
f 2208 1673 2320
f 2235 2129 2070
f 2179 2321 2180
f 2176 2183 2318
f 1673 2323 2233
f 2082 1441 2061
f 731 1005 979
f 2173 2207 1336
f 2325 1495 2406
f 2326 2327 2328
f 2178 2067 2068
f 2321 1674 2180
f 2098 1674 2321
f 1883 1673 2062
f 2329 2330 2474
f 1249 2242 1241
f 1247 2242 119
f 2331 2164 2166
f 2332 2244 2333
f 2244 2332 1698
f 2334 2335 2286
f 2334 405 2335
f 355 2242 492
f 2336 2234 2285
f 2337 2065 859
f 2338 2339 2330
f 2339 2338 2145
f 401 1684 1005
f 2145 405 2663
f 2474 2341 2342
f 410 2242 493
f 424 843 404
f 1917 1699 2343
f 1899 2344 2343
f 412 119 2242
f 491 436 939
f 1234 2242 1247
f 2192 2092 438
f 354 1250 2242
f 2303 2243 2158
f 2345 1903 1905
f 2343 1699 1899
f 694 1598 480
f 1904 2156 2155
f 2156 1904 1917
f 2143 2089 2182
f 2089 2143 1917
f 1225 2242 1234
f 2346 2289 1781
f 1881 2069 1882
f 1598 694 2104
f 2150 2149 2112
f 2063 1005 1924
f 2347 2148 2150
f 2483 2348 2349
f 2396 2064 1925
f 1441 1883 1531
f 1109 2434 847
f 2163 2162 2074
f 2175 2100 2474
f 2335 2164 2331
f 405 2164 2335
f 2162 2072 2074
f 2098 2072 2162
f 2301 2474 859
f 2106 2207 2173
f 2106 1673 2207
f 2129 2235 2063
f 2290 2332 2158
f 2332 2290 1698
f 1917 2344 438
f 2344 1917 2343
f 2190 1918 2191
f 2240 2241 2303
f 2351 2352 2353
f 2352 1912 2353
f 405 2145 2354
f 1881 2235 2069
f 2121 2236 2094
f 2168 2167 2355
f 2043 1441 2083
f 1935 2043 2083
f 1935 1883 2043
f 1297 1881 1880
f 2235 1297 2063
f 2130 2129 2176
f 2102 2084 2086
f 2358 2359 2360
f 2358 1673 2359
f 2329 2338 2330
f 2154 2310 2361
f 438 2344 1901
f 2344 1899 1901
f 1297 2235 1881
f 2177 2477 2048
f 1901 2189 438
f 2189 1901 1900
f 874 2197 2202
f 2197 874 2097
f 1900 1899 1699
f 873 2097 874
f 2190 1699 2367
f 1918 2190 2367
f 2097 873 2367
f 2236 2237 1880
f 2237 1297 1880
f 2237 2236 1297
f 2236 1880 2477
f 1880 1882 2477
f 2477 2363 2209
f 2063 2318 2183
f 1924 2080 2318
f 1924 1883 1934
f 2080 1924 1934
f 1935 1934 1883
f 2068 1752 2364
f 2355 2358 2360
f 1943 2396 1944
f 2051 2302 2365
f 2288 2291 1932
f 2291 2288 1912
f 2079 2366 1533
f 2079 2078 2366
f 2087 1005 2063
f 1644 2308 1645
f 1479 176 1213
f 1684 2663 1005
f 2223 1213 1212
f 2396 1925 2324
f 2243 2290 2158
f 2368 2369 2370
f 2369 2213 2370
f 2197 2367 2202
f 2219 2201 2220
f 1917 2201 2219
f 2387 2261 2368
f 2261 2224 2368
f 2260 2224 2261
f 1263 882 884
f 2202 2367 1504
f 1001 1940 1989
f 2260 2222 2224
f 2260 1213 2222
f 2272 2372 2273
f 2387 176 2214
f 2306 2201 2373
f 2201 1917 2373
f 2224 2223 2368
f 2223 1212 2368
f 1504 176 2387
f 2260 1479 1213
f 2370 2387 2368
f 2057 1823 2255
f 2251 2229 2230
f 2377 979 2087
f 2377 2230 2229
f 2230 2087 1695
f 2087 2230 2377
f 2377 2229 979
f 2251 2230 1695
f 2257 1695 1672
f 2257 2251 1695
f 979 2229 2449
f 1672 2258 2257
f 1695 2087 1672
f 2378 2087 1884
f 2379 2378 1884
f 1005 2087 979
f 2251 2257 2252
f 2449 1672 2381
f 1907 2303 2181
f 1709 2266 1707
f 2382 4084 2383
f 2384 2385 2194
f 2386 2385 2384
f 176 1504 1598
f 1213 176 1598
f 2187 1598 2396
f 1947 1989 1470
f 2389 2263 2248
f 1525 711 2396
f 1667 1943 2254
f 2122 1943 1667
f 2104 1946 2259
f 2449 2381 731
f 2209 2363 2379
f 2392 2393 2394
f 2393 2395 2394
f 2118 2324 1666
f 2064 1665 1925
f 1665 2324 1925
f 2396 2324 2253
f 422 2419 1922
f 2270 2272 2501
f 1922 2248 2264
f 765 1214 1175
f 2397 2248 1922
f 1922 2264 2270
f 2399 2400 2401
f 2124 2372 2272
f 2402 2495 2401
f 2397 2389 2248
f 1277 2751 2356
f 2270 2124 2272
f 2403 2404 2405
f 2407 2408 2327
f 2408 2328 2327
f 2409 2410 2411
f 2412 2410 2409
f 2413 2409 2277
f 2270 2264 2271
f 2264 2414 2271
f 2414 2415 2271
f 2271 2415 2270
f 2124 2125 2325
f 2273 2372 2325
f 2372 2124 2325
f 2125 1495 2325
f 2406 2273 2325
f 2416 2417 2636
f 2419 2418 2408
f 2501 2273 2406
f 2660 2557 1109
f 2421 1912 2010
f 2422 2421 2010
f 2423 2399 1496
f 2424 2326 2413
f 2425 2426 2427
f 1495 2125 2423
f 2424 2428 2326
f 2066 2428 2424
f 2066 2407 2428
f 2066 2056 2407
f 1681 2430 2431
f 2249 1681 2431
f 2279 2553 2110
f 2433 2110 2109
f 2274 2293 1914
f 2400 2425 2401
f 2435 2436 2314
f 2314 2436 2405
f 1687 1686 2168
f 2646 2437 2438
f 2407 2327 2428
f 2361 1685 1687
f 2430 2066 2439
f 2056 2066 2430
f 2241 2151 2243
f 2663 2240 2303
f 2180 1674 1676
f 2314 2405 2495
f 2291 2184 2292
f 2184 2291 1912
f 2333 2244 2262
f 2280 2440 2441
f 2279 2110 2433
f 2279 2433 2160
f 2433 2109 2160
f 2160 2109 2441
f 1109 2279 2542
f 2440 2280 1795
f 2542 2440 1795
f 1709 2421 2422
f 2441 2109 2420
f 2244 2238 2262
f 1698 2238 2244
f 2280 2420 2110
f 2280 2441 2420
f 1795 2280 2110
f 2279 2160 2542
f 2542 2160 2440
f 2160 2441 2440
f 2109 2110 2420
f 1907 2181 2182
f 1916 1988 2303
f 2140 4219 1809
f 2356 2751 2853
f 2060 2153 2152
f 2153 2060 1673
f 2233 2062 1673
f 2562 1676 2336
f 2293 1915 1914
f 2293 1698 1915
f 2333 2262 2303
f 2240 2663 1698
f 2443 2288 1931
f 2288 2443 1912
f 1915 1698 1917
f 1708 2421 1709
f 1912 2421 1708
f 2010 2443 2444
f 1912 2443 2010
f 2422 2010 2444
f 2445 2352 2351
f 2446 2105 2107
f 2389 1680 1681
f 2853 2751 3129
f 2397 2419 2408
f 1988 1987 2181
f 2416 2450 2417
f 2450 2451 2417
f 2167 2358 2355
f 1673 2358 2167
f 2439 2424 2304
f 2424 2439 2066
f 2350 2113 1344
f 2452 2349 2453
f 2073 2362 2179
f 2285 2334 2286
f 2166 2165 2175
f 2286 2335 2331
f 2302 2323 2365
f 2233 2323 2302
f 2349 2348 2453
f 2072 2098 2362
f 2073 2072 2362
f 2446 2359 2105
f 2359 1673 2105
f 2158 2333 2303
f 1618 2042 2432
f 2454 2077 2079
f 2364 2294 2296
f 1201 1102 1596
f 2455 2161 2163
f 1675 2234 2336
f 2098 2234 1675
f 1673 2098 2320
f 2062 2067 2178
f 2233 2067 2062
f 2320 2161 2455
f 2320 2098 2161
f 2086 2085 2341
f 2096 3437 2062
f 2152 1338 2058
f 1410 1071 2322
f 1752 2294 2364
f 2294 1752 2233
f 2295 2308 1644
f 2308 2295 2233
f 2175 2174 2100
f 2474 2086 2341
f 2359 2446 2360
f 2085 2354 2341
f 405 2354 2085
f 2362 2321 2179
f 2098 2321 2362
f 2310 1685 2361
f 2310 1673 1685
f 1337 2320 2455
f 2432 2340 2456
f 2342 2311 2313
f 2059 2058 2457
f 2296 2295 1644
f 2234 2334 2285
f 405 2334 2234
f 2454 2079 1533
f 2365 2323 2457
f 2323 2059 2457
f 1673 2059 2323
f 2457 2058 2096
f 2458 2459 2395
f 2562 2286 2331
f 1676 1675 2336
f 2336 2285 2562
f 1907 2091 1885
f 2562 2331 2166
f 2341 2354 2342
f 2312 2329 2313
f 2339 2041 1617
f 2145 2041 2339
f 2474 2102 2086
f 2101 2084 2102
f 405 2084 2101
f 2474 2342 2313
f 2354 2311 2342
f 2145 2311 2354
f 2474 2562 2166
f 2166 2175 2474
f 2340 2460 2456
f 2340 2145 2460
f 522 2242 1596
f 2312 2145 2338
f 2329 2312 2338
f 2329 2474 2313
f 2456 2460 2337
f 2042 2340 2432
f 2042 2145 2340
f 2330 2339 1617
f 2330 1617 2474
f 2460 2065 2337
f 2460 2145 2065
f 2474 2456 2337
f 2474 1618 2432
f 1617 2041 1618
f 2474 2432 2456
f 2145 2301 858
f 2239 2274 2303
f 2474 2337 859
f 2171 2461 2265
f 2157 2171 2265
f 2462 1707 2266
f 2265 2462 2266
f 2182 2091 1907
f 1916 1986 1988
f 2158 2332 2333
f 810 1596 1102
f 2303 1988 2181
f 884 883 2445
f 2360 2446 1338
f 2464 2465 2198
f 2466 2467 2255
f 2159 2219 1139
f 1917 2219 2159
f 1907 1885 1138
f 2185 2289 2346
f 2185 1912 2289
f 887 458 441
f 883 2352 2445
f 2352 883 1912
f 1912 1708 1917
f 2462 1708 1707
f 1917 1708 2462
f 2187 2188 1212
f 2461 2462 2265
f 2306 2373 2345
f 2292 2184 2186
f 2468 882 1263
f 882 2468 1912
f 1905 1904 2155
f 2186 2185 2346
f 2444 2443 1931
f 2171 2462 2461
f 1917 2462 2171
f 2373 1903 2345
f 1903 2373 1917
f 2147 2464 2198
f 1931 2288 1932
f 2289 1782 1781
f 1912 1782 2289
f 2112 2113 2485
f 2465 2199 2198
f 1912 2199 2465
f 1783 2297 2464
f 1262 2468 1263
f 2199 2319 2200
f 1912 2319 2199
f 2297 2465 2464
f 2465 2297 1912
f 2319 2468 1262
f 1912 2468 2319
f 1345 1344 2113
f 2370 2213 2469
f 2213 2390 2469
f 2351 2353 2347
f 2353 2148 2347
f 2148 2353 1344
f 2149 1345 2112
f 1345 2149 1344
f 2353 1912 1344
f 2150 2112 2485
f 2351 2347 2485
f 2347 2150 2485
f 2413 2277 2470
f 2494 2472 2071
f 2259 1598 2104
f 2430 2231 2056
f 2282 2473 2283
f 2473 2282 2284
f 979 2449 731
f 1883 2062 1531
f 2062 3437 1531
f 2145 2663 2301
f 1211 1504 2663
f 2087 2236 1884
f 2367 1699 1698
f 1275 2242 1902
f 1275 1902 1211
f 1212 2188 2369
f 2396 1598 2259
f 2350 1344 1504
f 2466 2255 2218
f 2477 2209 2094
f 2379 1884 2121
f 2087 2378 2088
f 2366 2088 2363
f 1533 1532 2454
f 1533 2366 2477
f 2663 2367 1698
f 2187 1213 1598
f 2369 2368 1212
f 2213 2369 2188
f 2253 2370 2469
f 1504 2387 2350
f 2088 2378 2363
f 1496 2399 2401
f 2477 2366 2363
f 2366 2078 2088
f 1533 2477 1531
f 2121 2209 2379
f 2087 1532 1531
f 1532 2087 2454
f 2077 2454 2087
f 1441 1531 2477
f 2363 2378 2379
f 2480 2392 2481
f 2467 2494 2255
f 2571 2484 2578
f 1504 2367 2663
f 1212 1213 2187
f 2487 2488 2489
f 2387 2370 2253
f 2213 2187 2390
f 2390 2187 2396
f 2350 2387 2253
f 2253 2469 2390
f 2490 2491 2492
f 2215 2466 2218
f 2215 2493 2466
f 2326 2428 2327
f 2496 2497 2498
f 2499 2497 2496
f 2479 2392 2394
f 2481 2479 2394
f 2481 2392 2479
f 2427 2500 2429
f 2035 2391 2483
f 2478 2600 2481
f 2393 2458 2395
f 2508 2458 2393
f 1672 2087 1531
f 2502 2503 2504
f 2505 2506 2507
f 2475 1672 2508
f 2216 2218 2491
f 2509 2195 2255
f 2510 2511 2512
f 2513 2206 2205
f 2194 2255 2195
f 2514 2386 2515
f 2057 2494 2071
f 2592 2057 2071
f 2491 2218 2492
f 2426 2500 2427
f 2493 2472 2466
f 2516 2489 2517
f 2483 2391 2114
f 2518 1531 1794
f 2381 2519 2480
f 2520 2521 3464
f 2522 2523 2524
f 2479 2478 2394
f 2475 2381 1672
f 2528 2529 2530
f 1908 2228 2324
f 2253 2390 2396
f 2397 2055 2231
f 2431 2304 2249
f 2125 2270 2400
f 2270 2415 2400
f 2403 2413 2450
f 2413 2451 2450
f 2415 2414 2300
f 2414 2533 2300
f 2534 2276 2278
f 2636 2276 2534
f 2448 2535 2316
f 2315 2448 2316
f 2418 2419 2507
f 2277 2276 2470
f 2419 2397 1922
f 2426 2305 2435
f 2305 2436 2435
f 2430 2439 2431
f 2263 1681 2298
f 1681 2250 2298
f 1496 2401 2495
f 2300 2299 2425
f 2409 2536 2277
f 2304 2424 2305
f 2309 2537 2538
f 2539 2540 2541
f 2055 2407 2056
f 2299 2305 2426
f 2408 2412 2328
f 2232 2231 2430
f 1680 2232 1681
f 2412 2409 2328
f 2424 2413 2403
f 1496 2495 2406
f 2263 2389 1681
f 2389 2397 1680
f 2495 2416 2636
f 2425 2299 2426
f 2495 2429 2314
f 2419 2505 2507
f 2232 2430 1681
f 2552 1922 2501
f 2418 2507 2410
f 2429 2500 2314
f 2533 2298 2300
f 2326 2409 2413
f 2326 2328 2409
f 2263 2298 2533
f 2470 2276 2417
f 2276 2636 2417
f 2543 2307 2646
f 2407 2397 2408
f 2397 2407 2055
f 2544 2438 2545
f 2439 2304 2431
f 2414 2264 2533
f 2264 2263 2533
f 2425 2402 2401
f 2500 2435 2314
f 2435 2500 2426
f 2249 2299 2250
f 2408 2418 2410
f 2412 2408 2410
f 2536 2409 2411
f 2410 2507 2411
f 2507 2506 2411
f 2404 2403 2450
f 2436 2305 2405
f 2277 2536 2278
f 2536 2546 2278
f 2546 2534 2278
f 2404 2450 2416
f 2305 2403 2405
f 2305 2424 2403
f 2425 2427 2402
f 2405 2404 2495
f 2404 2416 2495
f 1495 2423 1496
f 2451 2470 2417
f 2451 2413 2470
f 2402 2429 2495
f 2402 2427 2429
f 2400 2399 2423
f 2125 2400 2423
f 2406 2495 2501
f 2300 2425 2400
f 2415 2300 2400
f 1109 2542 2660
f 2316 2547 2548
f 2535 2547 2316
f 2536 2549 2550
f 2549 2551 2550
f 2501 2636 2552
f 2478 2479 2393
f 2459 2478 2393
f 2547 2554 2544
f 2554 2547 2543
f 2437 2473 2555
f 1338 2096 2058
f 2371 2442 2586
f 1262 2147 2200
f 1336 1338 2173
f 2073 2179 2562
f 2365 2457 2096
f 1791 1305 2287
f 2168 1338 1687
f 2553 1791 2287
f 2445 2351 2485
f 1931 2147 2444
f 1338 2152 2154
f 2542 2110 2660
f 2361 1687 1338
f 2561 2488 2007
f 2488 2349 2007
f 2514 2592 2217
f 2497 2371 2498
f 2422 2266 1709
f 2371 2497 2563
f 2306 2345 1907
f 1338 2107 2173
f 1275 1211 49
f 1596 2242 1275
f 2444 2147 2266
f 884 2445 2485
f 2561 2007 2442
f 2516 2487 2489
f 2473 2566 2567
f 2566 2473 2284
f 2490 2514 2217
f 2371 2563 2568
f 2526 2481 2600
f 2488 2483 2349
f 2348 2483 2114
f 2483 2488 2487
f 2365 2096 2051
f 2008 2348 2114
f 2008 2453 2348
f 2371 2516 2517
f 2371 2568 2516
f 2570 2205 2499
f 2514 2492 2385
f 2490 2492 2514
f 2194 2385 2255
f 2570 2496 2498
f 2496 2570 2499
f 2572 2570 2498
f 2570 2572 2205
f 2487 2516 2568
f 2573 2206 2586
f 2499 2574 2497
f 2483 2487 2574
f 2205 2483 2499
f 2489 2561 2517
f 2561 2442 2517
f 2497 2574 2563
f 2483 2574 2499
f 2571 2483 2484
f 2577 2579 2578
f 2206 2484 2483
f 2489 2488 2561
f 2349 2452 2007
f 2574 2487 2568
f 2563 2574 2568
f 2513 2572 2498
f 2205 2572 2513
f 2154 2361 1338
f 2519 2392 2480
f 2519 2508 2392
f 2580 2581 2582
f 2600 2478 1531
f 2218 2255 2492
f 2583 3984 2584
f 1139 2220 1907
f 2472 2494 2467
f 2057 2255 2494
f 2385 2492 2255
f 2386 2514 2385
f 2472 2467 2466
f 2071 2493 2592
f 2007 2452 2008
f 2442 2008 2114
f 2391 2679 2442
f 2452 2453 2008
f 2526 2600 1531
f 2442 2371 2517
f 2508 2393 2392
f 2519 2475 2508
f 2800 2391 2381
f 1793 2518 1794
f 2691 2795 2587
f 2478 2481 2394
f 2526 2480 2481
f 2478 2459 1531
f 2588 2589 2590
f 2459 1672 1531
f 2419 2307 2448
f 2472 2493 2071
f 2255 2625 2509
f 2491 2490 2217
f 2592 2228 2057
f 3018 2228 2592
f 2592 2515 3018
f 2493 2215 2592
f 2216 2491 2217
f 2625 2255 1823
f 2592 2215 2217
f 2471 2593 2525
f 2594 2595 2575
f 2595 2594 2596
f 2571 2596 2678
f 2576 2594 2575
f 2598 2717 2599
f 2602 2603 2604
f 2526 2128 2605
f 2716 2606 2607
f 2609 2610 2525
f 2526 2800 2381
f 2609 2593 2611
f 2525 2593 2609
f 2612 2613 2602
f 2609 2614 2611
f 2615 2609 2611
f 2615 2614 2609
f 2616 2617 2618
f 2619 2795 2691
f 2525 1794 2476
f 2526 2605 2620
f 2526 2381 2480
f 2395 2479 2394
f 2393 2479 2395
f 2381 2475 2519
f 2459 2393 2395
f 1672 2459 2458
f 2508 1672 2458
f 2526 1531 2591
f 2128 2526 2591
f 2578 2484 2577
f 2621 2623 2624
f 2626 3335 2627
f 2630 3984 2588
f 2631 2632 2822
f 2633 2437 2555
f 2315 2419 2448
f 2506 2548 2549
f 2548 2634 2549
f 2634 2547 2635
f 2554 2646 2544
f 2473 2637 2555
f 2638 2555 2639
f 2438 2437 2640
f 2437 2641 2640
f 2356 2307 1277
f 2283 2646 2307
f 2505 2419 2317
f 2419 2315 2317
f 2546 2550 2642
f 2536 2550 2546
f 2643 2644 2374
f 2644 2643 2635
f 2448 2543 2535
f 2645 2638 2639
f 2556 2638 2645
f 2543 2646 2554
f 2647 2634 2648
f 2284 2307 2566
f 2307 2558 2566
f 2551 2549 2647
f 2642 2551 2647
f 2550 2551 2642
f 2644 2649 2374
f 2448 2307 2543
f 2635 2544 2644
f 2544 2649 2644
f 2547 2544 2635
f 2646 2283 2437
f 2505 2317 2548
f 2506 2505 2548
f 2650 2643 2374
f 2316 2548 2317
f 2548 2547 2634
f 2543 2547 2535
f 2651 2640 2652
f 2640 2651 2438
f 2653 2643 2650
f 2653 2635 2643
f 2635 2653 2634
f 2307 2281 2283
f 2558 2307 2356
f 2633 2638 2463
f 2638 2556 2463
f 2536 2411 2549
f 2411 2506 2549
f 2652 2640 2463
f 2640 2641 2463
f 2648 2650 2675
f 2648 2653 2650
f 2283 2473 2437
f 2637 2473 2567
f 2566 2654 2567
f 2654 2482 2567
f 2642 2647 2675
f 2544 2646 2438
f 2096 1645 2051
f 2642 2675 2636
f 2648 2634 2653
f 2647 2648 2675
f 2649 2544 2545
f 2374 2649 2545
f 2651 2652 2675
f 2545 2651 2675
f 2419 422 2307
f 2534 2546 2642
f 2534 2642 2636
f 2501 2495 2636
f 2655 2656 2657
f 2307 422 1277
f 2438 2651 2545
f 2455 2562 1337
f 2068 2364 2096
f 2660 2110 2553
f 2641 2633 2463
f 2374 2545 2675
f 2658 2537 2309
f 2650 2374 2675
f 2647 2549 2634
f 2220 2306 1907
f 2633 2555 2638
f 2641 2437 2633
f 2096 2296 1644
f 2355 1338 2168
f 2107 1338 2446
f 2360 1338 2355
f 2147 1932 2292
f 1783 2147 1781
f 3437 2562 2474
f 2639 2555 2637
f 2096 2062 2178
f 2364 2296 2096
f 2562 2163 2074
f 1337 2562 1338
f 2163 2562 2455
f 2074 2073 2562
f 2345 1905 1907
f 886 1596 1275
f 3568 2303 1907
f 2155 2157 1907
f 2147 1907 2265
f 1907 2157 2265
f 2444 2266 2422
f 1905 2155 1907
f 2147 2186 2346
f 2464 2147 1783
f 2147 2292 2186
f 884 2485 1263
f 2147 2346 1781
f 2200 2147 2198
f 2147 1263 2485
f 3437 1338 2562
f 2096 1338 3437
f 2663 3437 2474
f 2474 2301 2663
f 2667 2623 2668
f 2356 2654 2558
f 2663 3568 2923
f 2663 2303 3568
f 2669 2670 2671
f 2672 2742 2673
f 1907 2147 3568
f 2147 2485 2113
f 3568 2147 2113
f 2350 2253 2113
f 2206 2677 2586
f 2677 2206 2586
f 2678 2594 2576
f 2596 2571 2578
f 2596 2578 2579
f 2595 2596 2579
f 2678 2596 2594
f 2597 2577 2573
f 2571 2597 2706
f 2484 2206 2577
f 2575 2577 2597
f 2578 2577 2677
f 2577 2578 2677
f 2571 2678 2597
f 2595 2579 2575
f 2575 2597 2576
f 2391 2442 2114
f 2442 2679 2586
f 2597 2573 2679
f 2579 2577 2575
f 2518 2591 1531
f 2678 2576 2597
f 2576 2678 2597
f 2513 2498 2586
f 2597 2678 2576
f 2206 2513 2586
f 2577 2677 2573
f 2677 2206 2573
f 2677 2577 2206
f 2498 2371 2586
f 2679 2573 2586
f 2680 2681 2679
f 2681 2680 2682
f 2680 2683 2682
f 2684 2683 2685
f 2727 2679 2391
f 2604 1793 2687
f 2624 2606 2565
f 2606 2688 2565
f 2471 2619 2713
f 2689 2690 2565
f 2688 2689 2565
f 2471 2525 2476
f 2610 2609 2687
f 2606 2580 2582
f 2580 2606 2716
f 2610 1792 1794
f 2525 2610 1794
f 2621 2624 2837
f 2692 2621 2622
f 2676 2620 2694
f 2695 2622 2837
f 1531 2476 1794
f 2667 2606 2624
f 2623 2667 2624
f 2697 2698 2564
f 2713 2800 2526
f 2690 2564 2565
f 3464 2699 2520
f 2253 2324 2228
f 3018 2700 2701
f 2195 2509 2702
f 2592 2514 2515
f 2386 2384 2515
f 3018 2515 2628
f 2703 2625 2704
f 2193 2702 2628
f 2195 2702 2193
f 2515 2193 2628
f 2196 2193 2515
f 2625 3018 2509
f 2628 2509 3018
f 2509 2628 2702
f 2384 2196 2515
f 2384 2194 2196
f 2603 2591 2604
f 2681 2706 2679
f 2612 2605 2613
f 2564 2698 2587
f 2708 2709 2710
f 2607 2606 2668
f 2606 2582 2668
f 2637 2567 2711
f 2567 2482 2711
f 2526 2676 2713
f 2697 2713 2712
f 2622 2621 2837
f 2589 2715 2590
f 2619 2691 2712
f 2128 2591 2603
f 2591 2518 2604
f 2688 2606 2582
f 2580 2716 2581
f 2676 2526 2620
f 2614 2610 2611
f 2610 2687 2611
f 1793 1792 2687
f 2605 2614 2620
f 2612 2614 2605
f 2676 2694 2615
f 2687 2609 2611
f 2615 2611 2686
f 2676 2615 2686
f 2518 1793 2604
f 2614 2612 2610
f 2613 2128 2603
f 2613 2605 2128
f 2610 2602 2687
f 2602 2610 2612
f 2613 2603 2602
f 1792 2610 2687
f 2602 2604 2687
f 2694 2620 2719
f 2620 2614 2719
f 2719 2614 2615
f 2694 2719 2615
f 2611 2593 2686
f 2593 2471 2686
f 2713 2619 2712
f 2676 2686 2471
f 2720 2721 2722
f 2720 2723 2721
f 2724 2725 2726
f 2503 2502 2715
f 2729 2730 2924
f 2885 2380 2731
f 2356 2482 2654
f 2281 2307 2284
f 2639 2733 2645
f 2639 2637 2733
f 2636 2569 2659
f 2556 2675 2463
f 2637 2711 2733
f 2711 2357 2733
f 2645 2357 2556
f 2357 2356 2853
f 2356 2357 2711
f 2482 2356 2711
f 2556 2357 2675
f 2735 2736 2737
f 2675 2652 2463
f 2654 2566 2558
f 2357 2645 2733
f 2636 2659 2552
f 2659 2739 2552
f 2636 2759 2569
f 2557 2660 4219
f 2759 2636 2675
f 2743 2744 2745
f 2749 2750 2744
f 2752 2753 2754
f 2749 2560 2750
f 1823 1809 2734
f 2753 2756 2754
f 2560 2746 2757
f 2750 2560 2758
f 2734 3243 1823
f 2760 2447 2761
f 3437 2663 2923
f 2764 2765 2766
f 2700 2703 2767
f 3442 2768 2769
f 2770 2771 2772
f 2571 2932 2742
f 2774 2775 2776
f 2690 2689 2581
f 2705 2792 2778
f 3606 2779 2780
f 2667 2607 2668
f 2707 2667 2668
f 2707 2607 2667
f 2762 2781 2754
f 2767 2704 2782
f 2597 2679 2706
f 3018 2701 2822
f 2783 2706 2682
f 2783 2682 2683
f 2681 2682 2706
f 2783 2683 2684
f 2685 2680 2679
f 2680 2685 2683
f 2623 2621 2696
f 2784 2785 2786
f 2787 2685 2679
f 2787 2684 2685
f 2788 2774 2776
f 2571 2706 2932
f 2035 2483 2571
f 2790 2708 2710
f 2800 2790 2710
f 2795 2564 2587
f 2705 2391 2791
f 2796 2791 2840
f 2753 2797 2756
f 2797 2753 2798
f 2799 2708 2790
f 2698 2697 2712
f 2691 2698 2712
f 2713 2676 2471
f 2800 2707 2696
f 2606 2667 2582
f 2698 2691 2587
f 2690 2697 2564
f 2705 2791 2792
f 2800 2713 2716
f 2799 2692 2622
f 2696 2692 2790
f 2696 2621 2692
f 2800 2696 2790
f 2716 2607 2800
f 2668 2623 2696
f 2713 2697 2716
f 2692 2799 2790
f 2801 2802 2530
f 2804 3144 2805
f 2582 2667 2668
f 2724 2807 2725
f 3114 2808 2809
f 2810 2730 2811
f 2730 2729 2811
f 2732 2810 2811
f 2729 2732 2811
f 2812 2813 2732
f 2813 2228 2732
f 2810 2228 2722
f 2721 2810 2722
f 2723 2810 2721
f 2228 2904 2722
f 2807 2762 2814
f 2725 2807 2814
f 2810 2732 2228
f 2809 2815 2816
f 2817 2723 2924
f 2722 2904 2818
f 2376 2818 2772
f 2782 2704 2819
f 2820 2974 2821
f 3018 2625 2703
f 2701 2823 2822
f 3018 2703 2700
f 2701 2782 2819
f 3051 2824 2825
f 2632 2826 2820
f 2822 1678 1677
f 2569 2724 2726
f 2759 2724 2569
f 1678 2821 1679
f 2700 2767 2782
f 2701 2700 2782
f 2703 2704 2767
f 2823 2701 2819
f 2827 2714 2828
f 2776 2829 2789
f 2776 2775 2829
f 2831 2832 2833
f 2832 2831 2834
f 2710 2835 2718
f 2710 2709 2835
f 2800 2710 2718
f 2792 2796 2793
f 2707 2668 2696
f 2581 2689 2582
f 2697 2690 2581
f 2716 2697 2581
f 2689 2688 2582
f 2800 2607 2707
f 2838 2695 2840
f 2839 2838 2840
f 2841 2842 2941
f 2842 2841 2599
f 3047 2843 2844
f 2845 2846 2847
f 3335 2848 4281
f 2777 2855 2798
f 2818 2904 2772
f 2851 2809 2816
f 2851 3114 2809
f 2777 2759 2855
f 2855 2853 2797
f 2798 2855 2797
f 2739 2659 2762
f 2762 2797 2853
f 2726 2659 2569
f 2759 2854 2661
f 2661 2854 2752
f 2854 2753 2752
f 2854 2777 2798
f 2777 2854 2759
f 2781 2752 2754
f 2752 2781 2661
f 2726 2725 2659
f 2537 2856 2857
f 2725 2814 2659
f 2661 2781 2807
f 2753 2854 2798
f 2807 2781 2762
f 2724 2661 2807
f 2759 2661 2724
f 2759 2853 2855
f 2675 2357 2759
f 4219 2660 2553
f 2858 2662 2859
f 2740 2447 2760
f 2754 2756 2762
f 2837 2564 2795
f 2762 2756 2797
f 2762 2853 2739
f 2659 2814 2762
f 2861 2862 2863
f 2894 2865 2658
f 2866 2867 2868
f 2869 2870 2736
f 2874 2875 2876
f 2879 2880 2881
f 2866 2757 2746
f 2740 2864 2886
f 2744 2750 2758
f 2868 2867 2755
f 2743 2745 2894
f 2447 2662 2761
f 2447 2878 2751
f 3437 2840 1531
f 2664 2746 2560
f 2538 2887 2888
f 2744 2758 2745
f 2894 2889 2868
f 2664 2749 2743
f 2894 2664 2743
f 2890 2891 2892
f 2743 2749 2744
f 2745 2757 2889
f 2889 2866 2868
f 2894 2745 2889
f 2891 2746 2973
f 2447 2751 2662
f 2859 2662 2883
f 2862 2760 2761
f 2858 2863 2662
f 2662 2862 2761
f 2758 2560 2757
f 2758 2757 2745
f 2664 2560 2749
f 2894 2868 2755
f 2889 2757 2866
f 2892 2891 2865
f 2894 2892 2865
f 2866 2746 2867
f 2755 2867 2890
f 2867 2746 2890
f 2857 2887 2538
f 2887 2857 2973
f 2894 2755 2892
f 2890 2746 2891
f 2755 2890 2892
f 3243 2734 2894
f 2664 2894 2734
f 2856 2973 2857
f 2878 2447 2740
f 2883 2662 2741
f 2896 2897 3287
f 3069 2879 2881
f 2253 3963 2113
f 2476 2619 2471
f 2775 2902 2829
f 2376 2903 2818
f 2806 2253 2228
f 2793 2796 2794
f 2905 2906 2907
f 2812 2732 2729
f 2909 2910 2911
f 2909 2740 2910
f 2704 2625 2748
f 2806 2813 2629
f 1678 2912 2821
f 2783 2788 2669
f 2619 2476 2795
f 2695 2835 2709
f 2795 2476 2837
f 2813 2806 2228
f 2916 2917 2918
f 2812 2629 2813
f 3018 2904 2228
f 3963 2253 2806
f 2723 2817 2810
f 2812 2729 2629
f 2770 2772 2915
f 2717 2706 2783
f 2789 2670 2920
f 2669 2774 2670
f 2932 2706 2717
f 2788 2774 2669
f 2670 2774 2920
f 2671 2670 2789
f 2695 2838 2835
f 2565 2837 2624
f 2564 2837 2565
f 2800 2839 2840
f 2921 2805 2922
f 2805 3144 2922
f 2476 1531 2840
f 3047 2598 2843
f 2730 2817 2924
f 2730 2810 2817
f 2720 2722 2925
f 2806 2629 2924
f 2717 2926 2927
f 2629 2729 2924
f 3963 2806 2924
f 2771 2914 2908
f 2914 2771 2770
f 2723 2720 2928
f 2720 2925 2928
f 2929 2930 2931
f 2819 2704 2974
f 2974 2704 2748
f 2783 2684 2902
f 2788 2775 2774
f 2829 2787 2789
f 2829 2902 2787
f 2783 2775 2788
f 2783 2902 2775
f 2783 2669 2671
f 2788 2776 2920
f 2776 2789 2920
f 2787 2679 2789
f 2783 2671 2789
f 2902 2684 2787
f 2774 2788 2920
f 2679 2727 3035
f 2789 2679 3035
f 2935 2934 2941
f 2934 2935 2936
f 2727 2937 2938
f 2913 2901 2937
f 2908 2939 2940
f 2794 2705 2778
f 2792 2791 2796
f 2705 2794 2913
f 2840 2913 2794
f 2793 2794 2778
f 2792 2793 2778
f 2794 2796 2840
f 2840 2791 2391
f 2718 2835 2838
f 2708 2695 2709
f 2708 2622 2695
f 2622 2708 2799
f 2838 2839 2718
f 2391 2800 2840
f 2839 2800 2718
f 2913 2937 2727
f 2840 2695 2837
f 2943 2601 2930
f 2837 2476 2840
f 2944 2845 2938
f 2845 2944 2900
f 2937 2944 2938
f 2937 2901 2944
f 2945 2917 2916
f 2717 2927 2599
f 2947 2948 2949
f 2915 2772 2904
f 2903 2925 2818
f 2903 2928 2925
f 2723 2928 2924
f 2925 2722 2818
f 2928 2375 2924
f 2903 2376 2375
f 2928 2903 2375
f 2915 2904 2933
f 2914 2915 2933
f 2951 2950 2908
f 2950 2952 2945
f 2822 2912 1678
f 2699 2953 2954
f 2822 2632 2912
f 1677 1679 2955
f 2956 2957 2958
f 2961 2960 2962
f 2822 2823 2631
f 2960 2961 2822
f 2955 2959 2962
f 2823 2819 2963
f 2963 2974 2826
f 2822 1677 2960
f 2905 2907 2964
f 2822 2961 2965
f 2961 2959 2966
f 2962 2959 2961
f 2632 2631 2826
f 2819 2974 2963
f 2631 2963 2826
f 2631 2823 2963
f 2957 2967 2958
f 2960 2955 2962
f 2968 2969 2970
f 1679 2821 2974
f 2955 1679 2959
f 2960 1677 2955
f 2912 2820 2821
f 1679 2974 2959
f 2912 2632 2820
f 2820 2826 2974
f 2965 2961 2966
f 2864 2863 2858
f 2909 2911 2971
f 2864 2861 2863
f 2972 2886 2859
f 2972 2740 2886
f 2357 2853 2759
f 2971 2911 2741
f 2865 2976 2658
f 2977 2741 3054
f 2886 2858 2859
f 2746 2734 1809
f 2971 2741 2978
f 2658 2856 2537
f 2664 2734 2746
f 2864 2858 2886
f 2910 2883 2911
f 2537 2857 2538
f 2956 2824 3051
f 2746 2980 2860
f 2981 2936 2717
f 2309 2538 2888
f 2740 2972 2910
f 2972 2883 2910
f 2746 2860 2973
f 2888 2982 2983
f 2862 2662 2863
f 2760 2862 2861
f 2740 2760 2861
f 2740 2861 2864
f 2909 2971 2984
f 2919 2909 2984
f 2972 2859 2883
f 2309 2888 2983
f 2911 2883 2741
f 2658 2309 2894
f 2983 2975 2985
f 2984 2971 2978
f 2865 2891 2976
f 2891 2973 2976
f 2212 2210 2978
f 2210 2984 2978
f 2984 2210 2919
f 2919 2740 2909
f 2976 2856 2658
f 2856 2976 2973
f 2741 2212 2978
f 3069 2894 2309
f 2893 2662 2751
f 2982 2975 2983
f 2973 2975 2982
f 2309 2983 2985
f 2887 2973 2982
f 2888 2887 2982
f 2975 2871 2986
f 2985 2975 2986
f 2973 2871 2975
f 2309 2985 2879
f 2985 2986 2879
f 2986 2880 2879
f 2880 2986 2871
f 3069 2309 2879
f 3243 2894 3069
f 2987 2988 3494
f 2990 2991 2992
f 3568 2113 3963
f 3494 2993 2994
f 2739 3165 2552
f 2919 2995 2996
f 2995 2997 2996
f 2998 2999 2583
f 3001 3002 3003
f 2824 2958 3004
f 3006 3007 3262
f 2727 3008 3775
f 2931 2950 3012
f 2950 2930 3012
f 2950 2931 2930
f 3013 3014 2939
f 2969 2905 2964
f 2913 2391 2705
f 2843 3015 2844
f 2847 3016 3017
f 2846 3016 2847
f 2914 2770 2915
f 2771 2375 2376
f 2908 2924 2771
f 2771 2376 2772
f 2930 2904 3012
f 2847 3017 2938
f 2845 2847 2938
f 2900 2901 2840
f 3020 3021 2852
f 3022 3021 3020
f 2907 2974 2964
f 2924 2375 2771
f 2904 2908 2933
f 2933 2908 2914
f 3009 3963 2924
f 2950 2929 2931
f 2969 2964 2970
f 3023 2943 2930
f 2970 2974 3024
f 2951 2943 3023
f 3025 3026 3027
f 3010 3026 3025
f 2932 2717 3075
f 3028 2846 3008
f 2846 3775 3008
f 2840 2901 2913
f 2900 2944 2901
f 2946 2941 2849
f 3025 3027 3029
f 3030 2977 2870
f 2929 2950 2951
f 2951 2601 2943
f 2952 2950 2931
f 3023 2929 2951
f 2601 2904 2930
f 2951 2908 2601
f 2924 2908 3009
f 3013 2918 3032
f 3013 2942 3033
f 2950 2945 2908
f 3012 2904 3032
f 2945 2952 2917
f 2940 3010 3009
f 2968 3034 3051
f 2824 2956 2958
f 2822 2956 3051
f 2717 2783 2789
f 2789 3035 2717
f 3035 2727 3148
f 3148 2941 3035
f 3148 2727 3146
f 2717 3037 3038
f 2926 3038 3039
f 3038 3040 3039
f 3009 3025 3029
f 3041 2860 3042
f 3043 3041 3042
f 3016 3028 3017
f 3016 2846 3028
f 2840 3437 3775
f 2929 3023 2930
f 2601 2908 2904
f 2931 2952 3032
f 2952 3012 3032
f 3012 2952 2931
f 3033 3026 3010
f 3014 3013 3033
f 3010 3014 3033
f 2931 3032 2918
f 2904 2942 3032
f 2917 2952 2918
f 2952 2931 2918
f 2939 2916 3013
f 2916 2918 3013
f 3044 3173 3045
f 3027 3033 2942
f 3046 3047 2836
f 3047 3046 2882
f 3051 3034 3048
f 2822 2965 2956
f 3051 2969 2968
f 3049 2974 2907
f 2825 3004 3049
f 2825 2824 3004
f 2958 2967 2974
f 3049 3004 2974
f 3034 2968 3024
f 2970 2964 2974
f 2906 3049 2907
f 2825 2906 3051
f 3018 2822 2942
f 2822 3051 2942
f 2968 2970 3024
f 2965 2966 2957
f 2956 2965 2957
f 2906 2905 3051
f 2905 2969 3051
f 2957 2966 2967
f 2906 2825 3049
f 2966 2965 2967
f 2965 2966 2959
f 3052 3048 3053
f 3004 2958 2974
f 2965 2974 2967
f 2965 2959 2974
f 3028 3008 3017
f 3056 2211 3057
f 3056 2919 2211
f 2275 3173 3069
f 2895 3058 3059
f 2895 3060 3069
f 2895 3059 3060
f 3793 2853 3129
f 3061 2872 3062
f 3064 3065 3066
f 2871 3065 3064
f 3067 3068 2860
f 3064 2872 2871
f 2872 3064 3062
f 3069 2881 3061
f 2973 2860 2871
f 2746 1809 2980
f 3070 2737 3071
f 2742 2893 2571
f 3071 2737 3054
f 3059 3041 3043
f 3069 3061 2895
f 2871 2860 3041
f 3065 2871 3060
f 3058 3065 3060
f 3056 2977 3030
f 2919 3056 3030
f 3072 3073 3074
f 3056 3057 2977
f 2870 2977 3054
f 2598 3076 2843
f 3076 2841 2843
f 3076 2598 2841
f 3043 3074 3173
f 3077 3078 3079
f 3080 3146 3081
f 3060 2275 3069
f 3059 2275 3060
f 2655 2657 2877
f 2919 2878 2740
f 2895 3066 3058
f 2212 2741 3057
f 3082 2872 3061
f 2871 2872 3082
f 2895 3062 3066
f 2211 2212 3057
f 2881 3082 3061
f 3060 3041 3059
f 2871 3041 3060
f 3057 2741 2977
f 3058 3060 3059
f 2869 3030 2870
f 2869 2919 3030
f 3070 2735 2737
f 3070 2919 2735
f 2919 2869 2735
f 2869 2736 2735
f 2736 2870 3054
f 3061 3062 2895
f 3043 3042 3074
f 2741 2662 3054
f 3070 3071 3083
f 2919 3070 3083
f 2997 2995 3084
f 3062 3064 3066
f 3066 3065 3058
f 2751 2035 2571
f 3042 3072 3074
f 3042 2860 3072
f 2736 3054 2737
f 3071 3054 3084
f 3083 3071 3084
f 2995 3083 3084
f 3083 2995 2919
f 2880 2871 3082
f 2881 2880 3082
f 2893 2751 2571
f 3086 3087 3399
f 3089 3748 2953
f 3437 2830 3775
f 3080 3090 3146
f 3165 2739 2853
f 3091 3092 3093
f 2172 1809 1823
f 2748 1823 3243
f 2748 2625 1823
f 3054 3094 2657
f 3095 3144 3022
f 3096 3097 3098
f 3114 3097 3096
f 3032 2942 3013
f 3099 2941 3036
f 3775 2846 2840
f 3027 3026 3033
f 2904 3018 2942
f 3099 2717 3035
f 2727 2391 2913
f 3101 3099 3036
f 3102 3103 3104
f 3008 2727 3017
f 2938 3017 2727
f 3105 3106 3107
f 3075 2742 2932
f 2717 2936 3037
f 2981 3101 3108
f 3053 2728 3109
f 2846 2845 2900
f 2939 2908 2945
f 2939 2945 2916
f 2900 2840 2846
f 3014 3010 2940
f 2939 3014 2940
f 3009 2908 2940
f 3010 3025 3009
f 3104 2728 3110
f 3039 3040 2941
f 3040 3111 2941
f 3108 3036 2941
f 3036 3108 3101
f 3035 2941 3099
f 2717 3099 3101
f 2717 3101 2981
f 2981 2934 2936
f 3146 2836 2849
f 2934 3108 2941
f 2934 2981 3108
f 2717 3038 2926
f 3037 2936 3111
f 2936 2935 3111
f 3111 2935 2941
f 3038 3037 3040
f 3040 3037 3111
f 3112 3047 3046
f 3047 3112 3335
f 3031 2841 2946
f 2844 3113 2882
f 2844 3015 3113
f 3113 3076 2882
f 3076 3113 3015
f 3076 2841 2882
f 3015 2841 3076
f 3027 2942 3029
f 3029 2942 3009
f 2598 2599 2841
f 2882 2841 3031
f 3063 2974 2748
f 2748 2803 3063
f 3102 3050 3103
f 3114 2851 3097
f 3050 3052 3109
f 3052 3053 3109
f 3051 3048 3052
f 3109 2728 3103
f 3051 3052 3050
f 3104 3103 2728
f 2808 3115 2815
f 3116 3117 3118
f 3119 3116 3120
f 3114 3116 3119
f 3116 3118 3120
f 3121 3102 3104
f 3102 3121 3114
f 3122 2974 2728
f 3048 3122 3053
f 3120 3118 2728
f 3117 3110 3118
f 3051 3102 3114
f 3051 3050 3102
f 3048 3034 3122
f 3117 3121 3110
f 3121 3104 3110
f 3114 3117 3116
f 2974 3063 2728
f 3050 3109 3103
f 3053 3122 2728
f 2832 3123 2833
f 3114 3121 3117
f 3122 3024 2974
f 3034 3024 3122
f 3118 3110 2728
f 3124 3125 2656
f 2747 2751 2878
f 3073 3068 3126
f 2927 2926 3039
f 3081 3146 3128
f 3067 3131 3045
f 2878 3124 2655
f 3124 2656 2655
f 3045 3126 3067
f 3124 3132 3125
f 3124 2878 3132
f 2996 2997 3133
f 3073 3072 3068
f 3072 2860 3068
f 3134 3135 2987
f 3136 3172 3137
f 3139 3140 3141
f 2849 3047 2882
f 2275 3059 3173
f 3044 3085 3173
f 3044 3045 3131
f 3126 3068 3067
f 3031 2946 2849
f 3143 3039 2941
f 3039 3143 2927
f 3047 2844 2882
f 2841 3076 3031
f 3031 3076 2841
f 3063 2763 2728
f 2843 2841 3015
f 2842 3143 2941
f 2842 2927 3143
f 2815 3144 2816
f 2848 3145 3146
f 3145 2848 3147
f 3031 2849 2882
f 3335 2598 3047
f 2927 2842 2599
f 3075 2717 3335
f 2717 2598 3335
f 3047 2882 3046
f 2946 2841 2941
f 3112 3046 3090
f 2941 3146 2849
f 2849 2836 3047
f 3148 3146 2941
f 3335 2850 2627
f 2627 2850 3080
f 3335 3112 2850
f 3112 3090 2850
f 3145 3128 3146
f 3147 2626 3128
f 3147 3335 2626
f 2850 3090 3080
f 3149 3144 3098
f 3097 3149 3098
f 3228 3151 3202
f 3150 2808 3114
f 3114 3096 3095
f 3096 3098 3095
f 2804 2805 2852
f 2585 2942 3051
f 3152 3051 3114
f 3097 2851 3149
f 2851 2816 3149
f 3149 2816 3144
f 2852 2805 3152
f 3098 3144 3095
f 2815 3115 3144
f 3153 2728 3115
f 3119 3120 3153
f 3120 2728 3153
f 2809 2808 2815
f 3150 3153 3115
f 2808 3150 3115
f 3051 3152 2585
f 3115 2728 3144
f 3150 3119 3153
f 3150 3114 3119
f 3054 3156 3133
f 3230 3129 3157
f 2877 2878 2655
f 3158 3159 3160
f 3127 2860 2980
f 3074 3073 3173
f 3129 2751 2747
f 2627 3080 3081
f 2747 2878 3129
f 3125 3054 2656
f 3161 3162 3358
f 3163 3130 3164
f 3166 3167 3168
f 3087 3141 3399
f 3059 3043 3173
f 3126 3173 3073
f 2878 3169 3132
f 3084 3054 2997
f 3171 3044 3131
f 3125 3156 3054
f 3094 2877 2657
f 3129 2878 3094
f 2657 2656 3054
f 3085 2979 3173
f 2997 3054 3133
f 3171 3127 3085
f 2996 3133 3169
f 2919 3169 2878
f 3171 2860 3127
f 3174 3175 3176
f 2877 3094 2878
f 2980 1809 3127
f 3126 3045 3173
f 3133 3156 3169
f 3125 3132 3156
f 2996 3169 2919
f 3132 3169 3156
f 3165 2287 2552
f 3568 2989 2923
f 3085 3127 2979
f 3178 3163 3179
f 3163 3178 3180
f 3171 3131 2860
f 3085 3044 3171
f 3067 2860 3131
f 3127 1809 3243
f 3094 3054 2893
f 3054 2662 2893
f 3562 3181 3182
f 2553 2287 3165
f 3179 3164 3166
f 3173 2979 3069
f 2992 2991 3136
f 3138 3437 2923
f 3167 3130 3000
f 3087 3139 3141
f 3186 3187 3734
f 2512 3748 3089
f 3568 3963 3237
f 3189 3190 3191
f 3243 2979 3127
f 3069 2979 3243
f 3193 3194 3106
f 3152 3114 2852
f 3196 3197 3198
f 3561 3176 3199
f 3287 2897 3201
f 3147 3128 3145
f 2626 3081 3128
f 3081 2626 2627
f 3090 3046 3146
f 3095 3020 2852
f 3022 3020 3095
f 3335 3147 2848
f 3204 3019 2948
f 3144 2728 2763
f 3205 3206 3207
f 3046 2836 3146
f 3151 3208 3209
f 4281 2848 3146
f 4281 3146 2727
f 3210 3211 3212
f 3728 3213 3214
f 3022 3144 2804
f 3154 3203 3215
f 3208 2831 3209
f 2831 3142 3209
f 2831 3208 3142
f 2763 3063 2803
f 3142 3144 3216
f 3114 3095 2852
f 3009 2585 3963
f 3021 2804 2852
f 2804 3021 3022
f 3209 3217 3151
f 3218 3219 2803
f 3220 3478 3221
f 3152 2921 3222
f 3217 2763 3151
f 2805 2921 3152
f 2763 3217 3216
f 3209 3142 3216
f 2834 3123 2832
f 2834 3222 3123
f 3223 3224 3225
f 3228 2585 3152
f 3152 3151 3228
f 3217 3209 3216
f 3202 3151 3203
f 2585 3228 3342
f 3123 3144 2833
f 3144 3123 2922
f 3151 3227 3215
f 2834 3208 3151
f 3228 3154 3229
f 3154 3215 3229
f 3222 2834 3151
f 3152 3222 3151
f 3144 3142 2833
f 3228 3202 3154
f 3202 3203 3154
f 3142 3208 2833
f 3208 2831 2833
f 2834 2831 3208
f 3222 2921 2922
f 2922 3123 3222
f 4129 3231 4293
f 3232 3233 3234
f 2893 3129 3094
f 3235 3157 3236
f 3238 3239 3181
f 3240 3241 3242
f 3245 3246 3247
f 3248 3179 3399
f 3249 3250 3251
f 3183 3252 3253
f 3793 3165 2853
f 3363 2830 3437
f 3138 2923 2989
f 3256 3000 3130
f 3803 2989 3568
f 3257 3258 3259
f 3260 3353 3261
f 3263 3236 3264
f 3182 3265 3266
f 3363 3437 3389
f 2989 3389 3138
f 3389 3437 3138
f 3161 3267 3162
f 3561 3268 3183
f 3269 3270 2765
f 3166 3168 3399
f 3140 3271 3141
f 3248 3180 3178
f 3399 3271 3272
f 3271 3399 3141
f 3271 3273 3272
f 3248 3255 3180
f 3255 3248 3138
f 3180 3255 3163
f 3255 3130 3163
f 3092 3091 3292
f 3168 3000 3086
f 2873 3521 3275
f 3564 3803 3568
f 3562 3276 3277
f 3278 3279 3280
f 3281 3282 3283
f 3086 3256 3087
f 3138 3130 3255
f 3130 3138 2923
f 3284 3285 3390
f 3179 3163 3164
f 3166 3164 3167
f 3178 3179 3248
f 3168 3167 3000
f 3179 3166 3399
f 3164 3130 3167
f 3138 3248 3399
f 3168 3086 3399
f 3086 3000 3256
f 3256 3130 3139
f 3087 3256 3139
f 3130 3140 3139
f 3176 3286 3199
f 3138 3399 2923
f 3287 3288 3289
f 3290 2674 3291
f 3293 3294 3295
f 3296 3297 3262
f 3300 3247 3301
f 3262 3302 3303
f 3266 3246 3245
f 3200 3301 3194
f 3181 3304 3182
f 3193 3106 3105
f 3594 3254 3305
f 3254 3306 3305
f 3186 3307 3187
f 3308 3190 3189
f 2748 3243 3244
f 3309 3019 3310
f 4106 3311 3312
f 3313 3314 3290
f 3316 3317 3287
f 2803 2748 3442
f 2520 3319 2521
f 3320 3321 3322
f 3161 3349 3267
f 3324 2801 2530
f 3325 3326 3327
f 3325 3594 3326
f 3200 3194 3193
f 3330 4120 3331
f 3287 3317 3334
f 3748 3075 3335
f 3748 3335 4281
f 3228 3229 3342
f 3229 3227 3342
f 2727 3775 4281
f 3464 3336 2665
f 3728 3337 3338
f 3339 3478 3220
f 2765 3157 2766
f 3341 3748 3135
f 3215 3203 3151
f 3215 3227 3229
f 3151 3328 3227
f 3328 3151 2763
f 3227 3328 3342
f 3216 3144 2763
f 3795 2398 3165
f 3234 3233 3345
f 3346 3347 3348
f 3230 3157 3349
f 3353 3172 2893
f 3282 3172 3351
f 3350 3296 3262
f 2992 3136 3352
f 3358 2764 3354
f 3266 3265 3246
f 3355 3356 3357
f 3157 3129 2893
f 3344 3359 3360
f 3348 3361 3362
f 3364 3365 3284
f 3276 3366 3277
f 3803 2269 2989
f 3367 3368 3369
f 3368 3367 3594
f 2553 3165 4091
f 3272 3273 3370
f 3091 3372 3292
f 3562 3182 3561
f 3283 3282 3351
f 4219 2553 4003
f 3374 3375 3308
f 3376 3377 3378
f 3568 3237 3549
f 3379 3192 3175
f 3380 3092 3292
f 3562 2990 2992
f 3276 3137 3366
f 3245 3247 3300
f 3358 3381 3344
f 3561 3382 3383
f 3157 2893 3172
f 3355 3357 3346
f 3358 3355 3346
f 3263 3235 3236
f 3354 3356 3355
f 3354 2766 3356
f 3362 3384 3381
f 3344 3385 3359
f 3359 3157 3235
f 3386 3387 3388
f 3896 3386 3388
f 2539 2541 2141
f 3285 3130 3390
f 3284 3390 3399
f 3140 3130 3273
f 3272 3370 3364
f 3364 3284 3399
f 3391 3392 3292
f 3243 1809 3244
f 3268 3252 3183
f 3562 3352 3276
f 3394 3395 3689
f 3396 3397 3274
f 3192 3353 2893
f 3277 3260 3398
f 3268 3107 3252
f 2539 2989 2540
f 3273 3130 3370
f 3130 2923 3580
f 3365 3130 3285
f 3272 3364 3399
f 3284 3365 3285
f 3364 3370 3365
f 3271 3140 3273
f 3370 3130 3365
f 3176 3175 3286
f 3252 3192 3253
f 3238 3261 3239
f 3191 3088 3400
f 3401 3402 3403
f 3377 3192 3378
f 3399 3390 2923
f 3580 2923 3390
f 3580 3390 3803
f 3186 3400 3307
f 3607 3405 3406
f 3244 1809 3274
f 3175 3192 3286
f 3407 3583 3408
f 3409 3407 3408
f 3374 3410 3375
f 3411 3412 2672
f 3375 3088 3190
f 3413 2742 3241
f 3242 3241 3414
f 3308 3375 3190
f 3382 3415 3383
f 3392 3391 3416
f 3183 3253 3417
f 3088 3192 2893
f 2748 3244 3442
f 3418 3419 3689
f 3420 3421 3422
f 3423 3424 3425
f 3247 3353 3301
f 2666 3426 3427
f 3429 2742 3430
f 3199 3377 3376
f 3376 3431 3561
f 3105 3268 3561
f 2988 3432 3433
f 3434 3435 3436
f 3435 3434 4053
f 2994 3309 3310
f 3734 3291 3411
f 2742 3088 2893
f 2674 2742 3412
f 3438 3439 3440
f 3441 3430 3313
f 3437 3740 3774
f 3441 3429 3430
f 3443 3444 3445
f 3100 3186 3734
f 2953 3748 2954
f 3280 3279 3413
f 3734 3242 3446
f 3318 3443 3494
f 3447 3134 3494
f 3449 2948 2947
f 3411 2672 3450
f 3444 3019 3445
f 3310 3019 3204
f 3318 3444 3443
f 3329 3019 3309
f 3432 3748 3451
f 3441 3313 3734
f 3452 3453 3454
f 3455 3204 3449
f 3456 3748 3432
f 3458 3459 3244
f 3289 2768 3442
f 3460 3461 3462
f 3461 3934 3462
f 3734 3440 3318
f 2994 3310 3455
f 3447 3341 3134
f 3494 3463 2510
f 3135 3748 3456
f 2947 2949 2666
f 3494 2947 2666
f 2988 3456 3432
f 3019 2742 3075
f 3389 2103 4164
f 3465 3466 3467
f 2511 3748 2512
f 3463 2511 2510
f 3291 2674 3412
f 3468 3288 3287
f 2987 3135 3456
f 3433 3451 3463
f 3075 3748 3019
f 3453 3452 3471
f 3472 3473 4102
f 3473 3472 3474
f 3475 3476 3477
f 3477 3479 3480
f 3481 3482 3689
f 3483 3484 3485
f 3339 3220 3486
f 2988 3433 3494
f 2803 3478 2763
f 3689 3424 3423
f 3488 3489 3490
f 3494 3455 3449
f 3336 3340 2665
f 2520 2954 3319
f 3492 3493 4127
f 3495 3001 3496
f 3478 3497 3498
f 3499 3321 3983
f 3340 3748 2665
f 3400 3088 3307
f 3501 3502 3503
f 3502 3501 3504
f 3277 3366 3260
f 3507 3089 3508
f 3009 2942 2585
f 3431 3382 3561
f 2585 2630 3974
f 3219 3469 2803
f 3469 3509 2803
f 2763 3478 3328
f 3795 3511 2398
f 3512 2267 3513
f 3514 3515 3516
f 3515 3514 3594
f 2875 3519 2884
f 3793 3129 3230
f 3078 3520 3079
f 3520 3078 4221
f 3381 3385 3344
f 3269 2765 2764
f 3162 3267 3270
f 3381 3384 3385
f 3251 3522 2773
f 3162 3270 3269
f 3524 3380 3292
f 3300 3301 3200
f 3402 3303 3525
f 3349 3161 3358
f 3358 3162 3269
f 3362 3381 3358
f 3358 3354 3355
f 3402 3525 3403
f 3525 3546 3403
f 3281 3345 3282
f 3526 3546 3583
f 3238 3181 3562
f 3007 3006 3527
f 3356 3157 3357
f 3349 3157 3267
f 3357 3157 3347
f 3384 3157 3385
f 3274 3529 3607
f 3137 3172 3366
f 3358 3264 3232
f 3267 3157 3270
f 3530 3373 3534
f 3373 3530 3297
f 3350 3531 3296
f 3234 3281 3562
f 3296 3531 3532
f 3360 3235 3263
f 3007 3302 3262
f 3270 3157 2765
f 3234 3345 3281
f 3366 3353 3260
f 2764 2766 3354
f 3793 3230 3358
f 3360 3359 3235
f 2766 3157 3356
f 3350 3343 3553
f 3230 3349 3358
f 3346 3348 3358
f 3232 3533 3233
f 3358 3269 2764
f 3361 3157 3384
f 3297 3535 3262
f 1809 3343 3350
f 3351 3172 2991
f 4000 3165 3793
f 3511 3795 2268
f 4000 3579 3165
f 3165 2398 4091
f 3155 2875 2884
f 2540 3371 2541
f 3828 2553 4091
f 2553 3828 2738
f 2141 3371 3580
f 2540 2269 3371
f 2873 3522 3250
f 2738 4003 2553
f 3398 3238 3562
f 3537 3538 3298
f 3539 4021 3540
f 3535 3006 3262
f 3549 3541 3542
f 3796 3543 3544
f 3264 3533 3232
f 3401 3524 3292
f 3515 3545 3516
f 3303 3402 3292
f 3347 3157 3361
f 3547 3539 3548
f 3528 3550 3292
f 3350 3262 1809
f 3246 3353 3247
f 3315 3551 3552
f 3594 3315 3552
f 3358 3263 3264
f 3348 3347 3361
f 3554 3555 3583
f 3555 3554 3556
f 3298 3557 3558
f 3559 3546 3525
f 3303 3559 3525
f 3385 3157 3359
f 3298 3538 3292
f 1809 3262 3292
f 3264 3236 3533
f 2991 3172 3136
f 3262 3303 3292
f 3362 3361 3384
f 3346 3357 3347
f 3348 3362 3358
f 3607 3560 3294
f 3358 3344 3360
f 3358 3360 3263
f 3562 3283 2990
f 2990 3351 2991
f 3371 2269 3803
f 2989 2269 2540
f 3389 2989 2141
f 2989 2539 2141
f 3389 2141 3580
f 2541 3371 2141
f 3580 3371 3803
f 2773 3275 3563
f 3526 3550 3528
f 3565 3566 3567
f 3566 3565 3896
f 3569 3405 3607
f 3561 3300 3200
f 3345 3172 3282
f 3236 3157 3533
f 3570 3571 3572
f 3571 3570 3896
f 3533 3172 3233
f 3352 3136 3137
f 3398 3261 3238
f 3573 3524 3401
f 3352 3137 3276
f 3092 3380 3574
f 3172 3353 3366
f 3402 3401 3292
f 3283 3351 2990
f 3417 3253 3379
f 3232 3234 3562
f 3562 2992 3352
f 3232 3562 3358
f 3157 3172 3533
f 3281 3283 3562
f 3560 3575 3294
f 3233 3172 3345
f 3391 3576 3416
f 3576 3546 3416
f 3239 3353 3304
f 3181 3239 3304
f 3253 3192 3379
f 3304 3353 3265
f 3182 3304 3265
f 3417 3379 3174
f 3577 3578 3545
f 3536 3521 3518
f 2873 3275 3522
f 3130 3580 3803
f 3803 3390 3130
f 3195 2923 3803
f 3307 3088 3581
f 3522 3275 2773
f 3407 3526 3583
f 3526 3407 3550
f 3200 3193 3561
f 3752 3584 3585
f 3586 3587 3588
f 3534 3343 3546
f 3589 3584 3590
f 3896 3589 3590
f 3561 3266 3245
f 3561 3245 3300
f 3265 3353 3246
f 3561 3182 3266
f 3409 3587 3292
f 3343 1809 4219
f 3198 3197 3287
f 3292 3392 3528
f 3277 3398 3562
f 3529 3397 3591
f 3587 3586 3292
f 3292 3550 3409
f 3528 3392 3592
f 3292 3372 3391
f 3407 3409 3550
f 3292 3538 3396
f 3593 2873 3250
f 3189 3191 3100
f 3586 3556 3292
f 3398 3260 3261
f 3187 3307 3581
f 3261 3353 3239
f 3595 3177 3369
f 3734 3561 3383
f 3597 3598 3599
f 3597 3594 3598
f 3386 3600 3601
f 3600 3386 3896
f 2884 3523 3602
f 3521 2873 3593
f 3603 3604 3605
f 3603 4053 3604
f 3195 3803 3564
f 3734 3278 3280
f 3589 3585 3584
f 3193 3105 3561
f 3608 3609 3610
f 3611 3448 3612
f 3796 3544 3613
f 3614 3557 3292
f 3406 3560 3607
f 3174 3379 3175
f 3190 3088 3191
f 3529 3615 3607
f 3406 3405 3616
f 3607 3617 3428
f 1809 3292 3274
f 3292 3556 3614
f 3188 3088 3415
f 3618 3619 3607
f 3561 3417 3174
f 3244 3620 3621
f 3618 3428 3622
f 3561 3183 3417
f 3107 3192 3252
f 3292 3396 3274
f 3274 3397 3529
f 3155 2884 3623
f 3624 3625 3626
f 3594 3624 3626
f 3561 3174 3176
f 3106 3192 3107
f 3105 3107 3268
f 3292 3557 3298
f 3192 3088 3188
f 3353 3192 3301
f 3194 3192 3106
f 3301 3192 3194
f 3378 3192 3188
f 3734 3308 3189
f 3383 3415 3410
f 3415 3088 3410
f 3376 3378 3431
f 3597 3599 3627
f 3621 3458 3244
f 3752 3628 3629
f 3254 3552 3631
f 3254 3594 3552
f 3896 3404 3632
f 3404 3633 3632
f 3392 3416 3592
f 3416 3546 3592
f 3634 3546 3574
f 3380 3634 3574
f 3569 3635 3636
f 3635 3853 3636
f 3470 3637 3638
f 4053 3470 3638
f 3316 3611 3639
f 3607 3619 3569
f 3586 3588 3555
f 3588 3583 3555
f 3640 3196 3934
f 3196 3640 3197
f 3187 3278 3734
f 3641 3642 3643
f 3615 3617 3607
f 3556 3554 3614
f 3614 3554 3644
f 3554 3583 3644
f 3187 3581 3278
f 3428 3618 3607
f 3383 3410 3374
f 3431 3188 3382
f 3607 3293 3645
f 3494 2994 3455
f 3646 3583 3647
f 3617 3646 3647
f 3734 3383 3374
f 3734 3374 3308
f 3199 3286 3377
f 3382 3188 3415
f 3431 3378 3188
f 3590 3584 3648
f 3199 3376 3561
f 3286 3192 3377
f 3581 3088 3279
f 3325 3595 3368
f 3594 3325 3368
f 3734 3189 3100
f 3410 3088 3375
f 3455 3310 3204
f 3240 3413 3241
f 3386 3601 3387
f 3088 2742 3413
f 3279 3088 3413
f 3368 3595 3369
f 3650 3651 3629
f 2876 3155 3623
f 2948 3019 2949
f 3653 3221 3654
f 3294 3575 3295
f 3575 3853 3295
f 3294 3293 3607
f 3287 3642 3641
f 3405 3636 3616
f 3636 3853 3616
f 3655 3656 3657
f 3198 3201 3658
f 3313 3430 3314
f 3459 3660 3244
f 3278 3581 3279
f 3506 3661 2382
f 3506 3937 3661
f 3450 2673 3438
f 3201 2897 3662
f 3100 3191 3400
f 3448 3611 3244
f 3244 3611 3316
f 3645 3620 3244
f 3241 2742 3414
f 3244 3274 3607
f 3280 3413 3240
f 3734 3411 3450
f 3446 3429 3441
f 3494 3134 2987
f 3459 3458 3663
f 3607 3645 3244
f 3397 3396 3664
f 3438 2673 3439
f 3019 3748 3341
f 3645 3293 3665
f 3334 3642 3287
f 3242 3414 3446
f 3313 3290 3734
f 3443 3445 3666
f 3287 3289 3442
f 3100 3400 3186
f 3734 3240 3242
f 3734 3280 3240
f 3666 3329 2993
f 3450 2672 2673
f 3275 3521 3563
f 3412 2742 2672
f 3734 3446 3441
f 3667 3638 3668
f 3667 4053 3638
f 3740 3437 4164
f 3672 3660 3459
f 3446 3414 3429
f 2803 3673 3487
f 3487 3674 2803
f 3428 3617 3647
f 3675 3676 4040
f 3677 3678 3689
f 2510 3507 3464
f 3433 3432 3451
f 3680 3619 3618
f 3557 3644 3558
f 3644 3583 3558
f 3681 3564 3184
f 3394 3683 3684
f 3683 4102 3684
f 3856 3685 3686
f 3687 3677 3688
f 3690 3691 3692
f 3290 3314 2674
f 3494 3449 2947
f 3690 3336 3464
f 3921 3693 3694
f 3291 3412 3411
f 3487 3673 3695
f 3440 3696 3318
f 3697 3698 3461
f 3698 3934 3461
f 3414 2742 3429
f 3427 3447 3494
f 3470 3699 3637
f 3314 2742 2674
f 3440 3439 3696
f 3620 3700 3621
f 2666 2949 3426
f 3197 3640 3468
f 3460 3688 3689
f 3244 3660 3448
f 3645 3665 3652
f 3665 3853 3652
f 3697 2769 3698
f 3451 3748 2511
f 3445 3019 3329
f 3405 3569 3636
f 3244 3316 3287
f 3734 3450 3438
f 3641 2896 3287
f 3449 3204 2948
f 2993 3329 3309
f 3734 3438 3440
f 3442 3244 3287
f 3430 2742 3314
f 3290 3291 3734
f 2673 2742 3439
f 2993 3309 2994
f 3318 3494 3734
f 3701 3702 3703
f 3704 3628 3571
f 3896 3704 3571
f 3705 3679 3686
f 3679 3705 3896
f 2103 3389 3916
f 3580 3756 3475
f 3676 3299 3184
f 2521 3691 3690
f 3660 3706 3448
f 3214 3213 3707
f 2987 3456 2988
f 3666 3445 3329
f 4053 3708 3709
f 3708 3710 3709
f 3696 3019 3444
f 3700 3652 3185
f 3652 3700 3620
f 3711 3712 3713
f 3652 3620 3645
f 3443 3666 3494
f 3287 3197 3468
f 2742 3019 3696
f 3201 3198 3287
f 3439 2742 3696
f 3427 3426 3714
f 3666 2993 3494
f 3318 3696 3444
f 3715 3716 3717
f 3447 3714 3341
f 2510 2512 3507
f 3718 3719 3720
f 3671 3721 3722
f 2666 3427 3494
f 3723 3724 3725
f 3671 3726 3721
f 3726 3671 4053
f 3427 3714 3447
f 3508 3089 2953
f 4053 3671 3604
f 3671 3722 3604
f 3742 2103 3916
f 3727 3424 3689
f 3714 3019 3341
f 3689 3395 3481
f 2769 3697 3442
f 3688 3677 3689
f 3731 3732 3733
f 3442 3460 3689
f 3678 3418 3689
f 3442 3697 3460
f 2949 3019 3426
f 3134 3341 3135
f 3426 3019 3714
f 3728 3736 3737
f 3433 3463 3494
f 3690 3692 3336
f 2954 3748 3319
f 3452 3740 3471
f 3741 3740 4164
f 3418 3743 3744
f 3743 3934 3744
f 3423 3474 3689
f 3328 3499 3983
f 3212 3211 3745
f 3198 3658 3196
f 3658 3934 3196
f 3678 3677 3747
f 3463 3451 2511
f 3509 3673 2803
f 2510 3464 3494
f 3728 3749 3750
f 3319 3748 3691
f 3507 3508 3464
f 3507 2512 3089
f 2521 3319 3691
f 3673 3509 3751
f 3729 3753 3754
f 3508 2699 3464
f 3689 3419 3394
f 3689 3482 3727
f 2699 2954 2520
f 3691 3748 3692
f 3746 4102 3961
f 3508 2953 2699
f 2521 3690 3464
f 3728 3729 3749
f 3755 3739 3961
f 3739 3755 3749
f 3321 3499 3322
f 3476 3475 3757
f 3478 3339 3499
f 3758 3472 3759
f 3472 4102 3759
f 3758 3218 2803
f 3728 3338 3736
f 3481 3760 3730
f 3760 4102 3730
f 3689 3474 3758
f 3336 3692 3340
f 3442 3689 2803
f 3689 3758 2803
f 3395 3684 3760
f 3684 4102 3760
f 3338 3762 3763
f 3762 3961 3763
f 3692 3748 3340
f 3764 3753 3728
f 3900 3765 3766
f 3765 3767 3766
f 2803 3764 3728
f 3937 3506 3768
f 3506 2383 3768
f 3728 3737 3213
f 3328 3478 3499
f 3728 3753 3729
f 3674 3764 2803
f 2803 3728 3478
f 2665 3748 4281
f 3342 3328 2585
f 3728 3750 3337
f 3478 3769 3497
f 3654 3221 3478
f 3289 3288 3770
f 3328 3983 3778
f 3478 3214 3769
f 3738 3771 3772
f 3738 4053 3771
f 3774 3773 3741
f 3478 3728 3214
f 3322 3499 3339
f 3761 3745 3724
f 3505 3776 3777
f 3766 3767 3779
f 3781 3220 3221
f 3753 3764 3782
f 2588 3984 2589
f 2503 3984 2504
f 3218 3759 3783
f 3759 4102 3783
f 3784 3961 3782
f 3764 3784 3782
f 3755 3750 3749
f 3785 3497 3769
f 3786 3787 4126
f 3788 4120 3789
f 3213 3737 3790
f 3339 3486 3791
f 3486 3778 3791
f 3654 3478 3498
f 2875 3155 2876
f 2559 2874 3523
f 3997 3536 3563
f 3623 2884 3602
f 3251 2773 3536
f 3521 3593 3518
f 3519 3523 2884
f 3593 3250 3249
f 2874 2876 3523
f 3521 3995 3997
f 3518 3593 3249
f 3536 2773 3563
f 3518 3249 3536
f 3519 2875 2874
f 3250 3522 3251
f 3794 2268 2267
f 3995 3521 3536
f 3523 3519 4147
f 3249 3251 3536
f 3563 3521 3997
f 4130 3995 3536
f 3536 3997 4130
f 2876 3623 3602
f 3523 2876 3602
f 2559 3519 2874
f 3553 3534 3798
f 3350 3553 3798
f 2398 3799 4091
f 3800 3596 3702
f 2267 2268 3513
f 3512 3513 3799
f 3513 2268 4091
f 3512 3794 2267
f 3795 4091 2268
f 2398 3511 3799
f 3511 3512 3799
f 3511 2268 3794
f 3511 3794 3512
f 3799 3513 4091
f 3326 3801 3327
f 3296 3532 3373
f 3532 3534 3373
f 3254 3631 3306
f 3165 4091 3795
f 3404 3804 3805
f 3404 3896 3804
f 3092 3574 3093
f 3574 3546 3093
f 3806 3807 3808
f 3530 3535 3297
f 3091 3093 3809
f 3093 3546 3809
f 3811 3841 3812
f 3343 3534 3553
f 3813 3388 3814
f 3813 3896 3388
f 3815 3879 3655
f 3630 3816 3808
f 3548 3540 3630
f 3547 3817 3539
f 3530 3534 3820
f 3535 3530 3820
f 3587 3409 3408
f 3896 3813 3566
f 3813 3821 3566
f 3315 3626 3822
f 3315 3594 3626
f 3577 3305 3578
f 3305 3577 3594
f 3373 3297 3296
f 3531 3798 3532
f 3798 3534 3532
f 3824 3810 3807
f 3315 3822 3551
f 4000 3793 3797
f 3901 3915 3825
f 3826 3901 3825
f 3363 3389 3437
f 3600 3627 3601
f 3829 3299 3676
f 3514 3516 3801
f 3630 3540 3816
f 3589 3830 3585
f 3589 3896 3830
f 3470 3831 3699
f 3831 3470 4053
f 3298 3558 3537
f 3558 3583 3537
f 3832 3833 3834
f 3832 3896 3833
f 3809 3372 3091
f 3634 3380 3524
f 3830 3836 3585
f 3817 4021 3539
f 3514 3801 3326
f 3594 3514 3326
f 3568 3549 3170
f 3796 3835 3547
f 4203 3839 3840
f 3549 3542 3837
f 3845 3812 3841
f 3837 3170 3549
f 3796 3548 3549
f 3843 3648 3844
f 3626 3625 3822
f 3796 3823 3846
f 3406 3616 3659
f 3616 3853 3659
f 3170 3841 3847
f 3401 3403 3573
f 3403 3546 3573
f 3006 3535 3820
f 3531 3350 3798
f 3534 3546 3842
f 3793 3358 3562
f 3006 3820 3527
f 3820 3534 3527
f 3007 3527 3842
f 3527 3534 3842
f 3576 3809 3546
f 3809 3576 3372
f 3305 3306 3578
f 3566 3821 3567
f 3638 3637 3668
f 3552 3551 3631
f 3848 4135 3849
f 3372 3576 3391
f 3634 3573 3546
f 3634 3524 3573
f 3549 3810 3541
f 3806 3824 3807
f 3542 3812 3845
f 3547 3835 3817
f 3816 3806 3808
f 3850 3537 3583
f 3537 3850 3538
f 3317 3851 3334
f 3594 3577 3515
f 3577 3545 3515
f 3559 3303 3302
f 3842 3302 3007
f 3367 3369 3852
f 3559 3842 3546
f 3842 3559 3302
f 3549 3807 3810
f 3170 3845 3841
f 3325 3327 3595
f 3815 3657 3800
f 3854 3855 4021
f 3856 3857 3834
f 3594 3597 3600
f 3597 3627 3600
f 3488 3632 3489
f 3488 3896 3632
f 3813 3814 3821
f 3528 3592 3526
f 3592 3546 3526
f 3858 3859 4021
f 3838 3615 3529
f 3505 3860 3776
f 3860 3505 4053
f 3587 3408 3588
f 3408 3583 3588
f 3565 3567 3651
f 3894 3861 3862
f 3642 3334 3863
f 3549 3630 3808
f 3570 3572 3836
f 3598 3852 3599
f 3596 3800 3657
f 3548 3539 3540
f 3388 3387 3814
f 4053 3488 3435
f 3488 3490 3435
f 3600 3896 3594
f 3864 4135 3865
f 3538 3850 3396
f 4053 3731 3771
f 3731 3733 3771
f 3557 3614 3644
f 3851 3682 3185
f 3682 3851 3317
f 3667 3457 3726
f 4053 3667 3726
f 3796 3868 3869
f 3667 3668 3457
f 3682 3317 3316
f 3646 3617 3615
f 3555 3556 3586
f 3583 3853 3680
f 3396 3850 3664
f 3850 3583 3664
f 3397 3664 3591
f 3664 3583 3591
f 3529 3591 3838
f 3591 3583 3838
f 3594 3367 3598
f 3367 3852 3598
f 3201 3662 3658
f 3662 3934 3658
f 3632 3633 3489
f 3704 3650 3629
f 3704 3896 3650
f 3843 3590 3648
f 3843 3896 3590
f 3896 3843 3833
f 3843 3844 3833
f 3293 3295 3665
f 3295 3853 3665
f 3428 3647 3622
f 3647 3583 3622
f 3571 3628 3572
f 3870 3884 3420
f 3832 3834 3857
f 3896 3565 3650
f 3565 3651 3650
f 3679 3857 3686
f 3458 3621 3871
f 3872 3873 3864
f 3635 3680 3853
f 3680 3635 3619
f 3618 3622 3680
f 3622 3583 3680
f 3619 3635 3569
f 3641 3643 3874
f 3643 3185 3874
f 3646 3838 3583
f 3838 3646 3615
f 3452 3774 3740
f 3704 3629 3628
f 3316 3639 3682
f 3639 3185 3682
f 3603 3605 3876
f 3853 3185 3652
f 3570 3836 3830
f 3896 3570 3830
f 3833 3844 3834
f 3875 3237 3963
f 3804 3685 3805
f 3705 3685 3804
f 3896 3705 3804
f 3868 3582 3877
f 3803 2923 3922
f 2923 3195 3922
f 4040 3681 3878
f 3659 3560 3406
f 3564 3681 4040
f 3458 3871 3663
f 3871 3185 3663
f 3434 3880 3831
f 4053 3434 3831
f 3621 3700 3871
f 3700 3185 3871
f 3459 3663 3672
f 3663 3185 3672
f 3706 3672 3185
f 3672 3706 3660
f 3575 3659 3853
f 3659 3575 3560
f 4053 3738 3860
f 3738 3881 3860
f 3435 3490 3436
f 3832 3857 3679
f 3896 3832 3679
f 3404 3805 3633
f 3561 3734 4281
f 3896 3488 4053
f 3705 3686 3685
f 3882 3258 3883
f 3877 3849 3868
f 3831 3880 3699
f 3726 3457 3721
f 3711 3884 3885
f 3437 3389 4164
f 3886 3887 3888
f 4017 3916 3889
f 3803 3922 3580
f 3890 3756 3891
f 3711 3885 3712
f 3334 3851 3863
f 3851 3185 3863
f 3642 3863 3643
f 3863 3185 3643
f 3185 3934 3874
f 3893 3934 3662
f 2897 3893 3662
f 3611 3612 3639
f 3612 3185 3639
f 3895 2768 3289
f 3681 3184 3299
f 3681 3829 3878
f 3564 4072 3184
f 3681 3299 3829
f 3627 3599 3177
f 3878 3829 3675
f 3676 3184 4040
f 3675 3829 3676
f 4040 3878 3675
f 3500 3674 3487
f 3337 3899 3762
f 3899 3961 3762
f 3448 3706 3612
f 3706 3185 3612
f 3596 3657 3656
f 3288 3468 3902
f 3434 3436 3880
f 3904 3887 3886
f 4053 3904 3886
f 3708 3888 3710
f 3906 3907 3735
f 3900 3908 3909
f 3908 3910 3909
f 3768 2383 3911
f 3885 3884 3912
f 3210 3212 3937
f 3755 3961 3899
f 3750 3755 3899
f 3906 3913 3907
f 3906 4053 3913
f 3914 3825 3915
f 3773 3471 3741
f 3580 4051 3916
f 3580 3475 4051
f 3922 4290 3756
f 3917 3918 3919
f 3891 3756 4290
f 4098 3870 3920
f 3784 3500 3961
f 3500 3784 3674
f 4040 4072 3195
f 3923 3815 3800
f 3184 4072 4040
f 3473 3474 3423
f 2583 2504 3984
f 3893 3874 3934
f 3874 3893 2896
f 3687 3462 3934
f 3462 3687 3688
f 2768 3926 2769
f 3893 2897 2896
f 3927 3746 3961
f 3927 3469 3746
f 3462 3688 3460
f 3482 3928 3727
f 3874 2896 3641
f 3584 3856 3648
f 3288 3902 3770
f 3902 3934 3770
f 3460 3697 3461
f 3289 3770 3895
f 3770 3934 3895
f 3418 3678 3743
f 3468 3640 3902
f 3640 3934 3902
f 3876 3605 4104
f 3929 3930 3931
f 3900 3929 3931
f 3932 3723 3725
f 3932 3900 3723
f 3735 3907 4084
f 3931 3930 3933
f 3708 3886 3888
f 3708 4053 3886
f 3934 3185 4103
f 4121 2585 3328
f 3485 4073 3935
f 3932 3466 3465
f 3900 3932 3465
f 3904 3936 3887
f 3731 3709 3732
f 3709 3731 4053
f 3771 3733 3772
f 3904 3897 3936
f 3904 4053 3897
f 4053 3603 3897
f 3603 3876 3897
f 3897 3876 3936
f 3604 3722 3605
f 3709 3710 3732
f 3661 3735 2382
f 3210 3911 3211
f 3654 3498 3938
f 3506 2382 2383
f 3940 3941 3942
f 3774 3452 3454
f 3773 3453 3471
f 3943 3903 3669
f 3471 3740 3741
f 3003 3944 3945
f 3916 3002 3495
f 3946 3947 3867
f 3002 4164 3742
f 3475 3477 4290
f 3479 3948 3890
f 3476 3757 3948
f 3475 3756 3757
f 3480 3890 3891
f 3210 3768 3911
f 3768 3210 3937
f 3939 3779 3719
f 3785 3949 3778
f 3785 3769 3949
f 3950 3951 3866
f 3746 3469 3219
f 2999 2998 3974
f 3849 4135 3952
f 3951 4041 3925
f 3905 3483 3485
f 3678 3747 3743
f 3747 3934 3743
f 3765 3465 3467
f 3765 3900 3465
f 3926 3895 3934
f 3895 3926 2768
f 3730 3482 3481
f 2769 3926 3698
f 3926 3934 3698
f 3734 3494 3464
f 3481 3395 3760
f 3687 3934 3747
f 3677 3687 3747
f 3753 3782 3754
f 3782 3961 3754
f 3219 3783 3746
f 3783 4102 3746
f 3218 3758 3759
f 3395 3394 3684
f 4073 3610 3935
f 3906 3735 3661
f 3937 3906 3661
f 3913 3777 3907
f 3939 3719 3718
f 3900 3939 3718
f 3906 3937 4053
f 3454 3773 3774
f 3424 3727 3953
f 3734 3464 4281
f 3935 3609 3905
f 3860 3881 3776
f 3214 3707 3949
f 3707 3961 3949
f 3738 3772 3881
f 3498 3497 3954
f 3949 3961 3778
f 3932 3725 3466
f 3774 3741 4164
f 3505 3777 3913
f 4053 3505 3913
f 3955 3961 3790
f 3737 3955 3790
f 3765 3467 3767
f 4373 3774 4164
f 3763 3736 3338
f 3454 3453 3773
f 3761 3724 3723
f 3900 3761 3723
f 2103 3742 4164
f 3495 3002 3001
f 3001 3003 3945
f 3496 3001 3945
f 3956 3496 3945
f 3495 3956 3916
f 3002 3742 3003
f 3916 3956 3944
f 3944 3956 3945
f 4164 3002 3916
f 3742 3944 3003
f 3213 3790 3707
f 3790 3961 3707
f 3495 3496 3956
f 3742 3916 3944
f 3958 4017 3889
f 3477 3480 4290
f 3479 3476 3948
f 3948 3757 3890
f 3476 3479 3477
f 3480 3479 3890
f 3757 3756 3890
f 4290 3480 3891
f 3960 3931 3933
f 3960 3900 3931
f 3487 3695 3500
f 3695 3961 3500
f 3927 3961 3751
f 3509 3927 3751
f 3654 3938 3653
f 3938 3778 3653
f 3338 3337 3762
f 3955 3737 3736
f 3739 3749 3729
f 3729 3754 3739
f 3754 3961 3739
f 3898 3959 4073
f 3419 3683 3394
f 3474 3472 3758
f 4102 3778 3961
f 3784 3764 3674
f 3744 3419 3418
f 3683 3744 4102
f 3744 3683 3419
f 3744 3934 4102
f 3219 3218 3783
f 3928 3730 4102
f 3730 3928 3482
f 3772 3733 4104
f 3727 3928 3953
f 3928 4102 3953
f 3423 3425 3473
f 3425 4102 3473
f 3927 3509 3469
f 3424 3953 3425
f 3953 4102 3425
f 3761 3212 3745
f 3761 3900 3212
f 3925 4041 4073
f 3935 3905 3485
f 3955 3763 3961
f 3763 3955 3736
f 3929 3718 3720
f 3718 3929 3900
f 3673 3751 3695
f 3751 3961 3695
f 4281 3464 2665
f 2830 4053 3775
f 3337 3750 3899
f 3939 3766 3779
f 3766 3939 3900
f 3964 3965 3966
f 3964 3967 3965
f 3967 3964 3900
f 3929 3720 3930
f 3960 3933 3968
f 3967 3968 3965
f 3960 3968 3967
f 3900 3960 3967
f 3969 3970 3971
f 3323 3972 3973
f 3323 3900 3972
f 3498 3954 3938
f 3954 3778 3938
f 3900 3323 3969
f 3323 3970 3969
f 3214 3949 3769
f 3972 3966 3973
f 3323 3973 3970
f 3908 3971 3910
f 3900 3964 3972
f 3964 3966 3972
f 3908 3969 3971
f 3969 3908 3900
f 3322 3791 3320
f 3909 3910 2827
f 3780 2828 2714
f 3785 3778 3954
f 3497 3785 3954
f 2380 3976 2608
f 3933 3930 4083
f 3978 3979 3980
f 3781 3653 3778
f 3653 3781 3221
f 4083 3970 3973
f 4281 3780 2714
f 4107 2608 3981
f 3320 3791 3778
f 3322 3339 3791
f 3320 3778 3983
f 3321 3320 3983
f 3781 3778 3486
f 3220 3781 3486
f 3909 3780 3900
f 2589 2503 2715
f 2827 3910 2693
f 3985 4830 4902
f 2731 3986 2524
f 4107 2524 3986
f 2583 2584 2998
f 3988 4120 3982
f 3989 3990 4166
f 4126 3991 3992
f 3159 4194 3993
f 3997 3995 4130
f 3519 2559 4147
f 4147 2559 3523
f 3996 3919 4217
f 3998 3914 4000
f 3914 3998 3999
f 3814 3387 3752
f 3999 3826 3825
f 3914 3999 3825
f 3914 3915 4000
f 4001 3901 3826
f 4001 3998 3901
f 3999 4001 3826
f 4001 3999 3998
f 2738 4004 4003
f 3892 4217 3919
f 3917 4005 3918
f 4005 3917 4004
f 3606 4006 4007
f 3237 3796 3549
f 3540 4021 3816
f 3822 3625 3177
f 3796 3613 4008
f 4021 3841 3824
f 3858 3818 3544
f 3859 3858 3543
f 3901 3797 3915
f 4000 3797 3998
f 3998 3797 3901
f 3819 3865 3848
f 4130 4000 3915
f 4009 4091 4093
f 4002 4093 4010
f 4011 4002 4010
f 4012 4013 4011
f 4009 4002 4013
f 4012 4011 4010
f 4014 4012 4010
f 4009 4093 4002
f 3828 4013 4012
f 4009 4013 3828
f 3828 4012 4014
f 3828 4014 4093
f 4014 4010 4093
f 4013 4002 4011
f 3389 3580 3916
f 4070 4015 4016
f 4070 4017 4015
f 4003 3996 4217
f 2738 3892 4004
f 3996 4004 3917
f 4005 3892 3918
f 4005 4004 3892
f 3918 3892 3919
f 4003 4004 3996
f 2738 4217 3892
f 3996 3917 3919
f 3903 4033 3670
f 3865 4135 3848
f 3925 3422 3713
f 4021 3824 3806
f 3875 3941 3582
f 3858 3544 3543
f 3796 4008 3835
f 3549 3548 3630
f 3854 3835 4008
f 3796 3547 3548
f 3816 4021 3806
f 3818 3613 3544
f 3824 3811 3810
f 3812 3542 3541
f 3854 3817 3835
f 3549 3808 3807
f 3811 3812 3541
f 3837 3542 3845
f 3854 4021 3817
f 3845 3170 3837
f 3824 3841 3811
f 3811 3541 3810
f 3855 3854 4008
f 4019 3170 3847
f 3864 3865 4020
f 4022 4023 4024
f 4130 3579 4000
f 4009 3828 4091
f 3828 4093 2738
f 4003 4147 4219
f 3952 4135 4025
f 3847 3841 4021
f 3594 2830 3363
f 3568 3170 4019
f 3582 3819 3877
f 3582 4026 3872
f 3546 3343 3606
f 3578 3306 3177
f 3717 4027 4028
f 3595 3327 3177
f 3258 3879 3883
f 3594 3363 3624
f 3583 3546 3606
f 3627 3752 3601
f 3853 3583 3606
f 3436 3490 3856
f 3818 4021 3855
f 3596 3703 3702
f 4281 3793 3561
f 3818 3855 3613
f 3562 3561 3793
f 3582 3868 3796
f 4021 3818 3858
f 3821 3752 3567
f 3701 4027 3879
f 3896 2830 3594
f 3670 3363 3437
f 5492 4072 4114
f 3907 3777 4084
f 3568 4072 3564
f 3752 3627 3177
f 3257 4029 3879
f 4029 4030 3656
f 4084 3777 3776
f 4029 3257 4030
f 3633 3856 3489
f 3596 4028 3703
f 4073 3959 3610
f 3596 3715 4028
f 4072 3568 4114
f 3752 3572 3628
f 3925 3712 4032
f 4648 3363 5080
f 3857 3856 3686
f 3185 3853 4103
f 3950 4041 3951
f 3925 4034 3422
f 3896 4053 2830
f 3888 3887 4104
f 4017 3958 4015
f 4037 3005 4038
f 3925 4032 4039
f 3756 3580 3922
f 4104 3637 3699
f 4107 4055 3974
f 3805 3685 3856
f 3866 3951 3925
f 4073 4041 4042
f 3898 3905 3609
f 3421 3711 3713
f 4041 3950 4042
f 3421 3884 3711
f 3670 3437 4036
f 3596 4031 4043
f 4044 3942 4045
f 4033 4046 4047
f 4046 4048 4047
f 4051 4049 3889
f 2380 2885 3976
f 4070 3916 4017
f 4016 4015 4050
f 4015 3958 4050
f 3916 4051 3889
f 3475 4290 4051
f 3823 4052 3846
f 4102 3934 4103
f 4054 3669 3670
f 3363 3670 5080
f 4104 4146 3881
f 4056 4043 4031
f 4057 4037 4038
f 4033 3903 3943
f 3957 3946 4058
f 4057 4038 4060
f 4033 4057 4060
f 4033 4047 4057
f 4047 4037 4057
f 4046 4054 4048
f 3005 4036 3867
f 4033 3943 4046
f 3943 4054 4046
f 4061 4062 3947
f 4062 3867 3947
f 4054 3670 4048
f 4068 3957 3975
f 3957 4058 3975
f 3669 4054 3943
f 4062 3005 3867
f 3005 4048 3670
f 3005 4037 4048
f 4048 4037 4047
f 3946 3867 4058
f 4068 4061 4063
f 4061 3947 4063
f 4068 4063 3957
f 4063 3946 3957
f 3947 3946 4063
f 4068 3975 3977
f 3975 4065 3977
f 4068 4059 4061
f 4059 4062 4061
f 4066 4062 4059
f 3005 4062 4066
f 4033 4060 4067
f 4060 4064 4067
f 4038 4064 4060
f 4064 4038 3005
f 4068 4067 4059
f 4067 4066 4059
f 4064 3005 4066
f 4067 4064 4066
f 4068 4033 4067
f 3867 4065 4058
f 4058 4065 3975
f 4373 4036 3774
f 2523 4069 2885
f 3971 3970 2693
f 4164 3916 4070
f 3889 4049 4050
f 4072 4220 3195
f 2523 2731 2524
f 4084 2382 3735
f 3608 3610 3959
f 4104 3881 3772
f 3467 4084 3767
f 4053 3900 3775
f 4107 3986 2608
f 3974 3987 2590
f 3974 3963 2585
f 3211 3911 4084
f 4281 3775 3900
f 5080 3670 4033
f 4083 3968 3933
f 3965 3968 4083
f 2588 2590 3987
f 2584 3333 2998
f 3974 2590 2715
f 2524 4107 2522
f 4076 4077 4078
f 4119 3984 2630
f 2714 2693 2531
f 3780 4281 3900
f 2528 4079 2529
f 2584 4069 3333
f 3974 2998 3333
f 4119 2885 3984
f 4069 2522 3333
f 2502 2504 2999
f 4119 2630 2585
f 3974 2630 3987
f 3974 2502 2999
f 4080 4074 4079
f 4074 4080 4125
f 2589 3984 2503
f 2630 2588 3987
f 4081 2529 2532
f 3986 2380 2608
f 4080 4079 4082
f 3986 2731 2380
f 3974 2522 4107
f 2522 4069 2523
f 3974 3333 2522
f 3974 2715 2502
f 3966 3965 4083
f 3719 3779 4084
f 2714 2827 2693
f 3936 4104 3887
f 2827 2828 3909
f 2693 3910 3971
f 3909 2828 3780
f 4281 2714 2531
f 2801 4080 2802
f 2081 4086 2527
f 2081 3324 4086
f 2504 2583 2999
f 4121 3328 3778
f 3160 3159 3993
f 3701 3879 3923
f 3827 3994 3802
f 3579 4130 3997
f 3584 3752 3856
f 3489 3856 3490
f 3670 3669 3903
f 3257 3259 4030
f 3551 3177 3631
f 3847 4424 4019
f 3668 3637 4104
f 3649 4031 4089
f 3940 4090 3941
f 3846 3859 3543
f 3923 3800 3702
f 3717 3879 4027
f 3823 4025 4052
f 3483 4092 3484
f 3165 3579 4091
f 4093 4091 4293
f 3596 4043 4094
f 4093 3792 4217
f 4043 4056 4095
f 3815 3655 3657
f 4090 3873 4026
f 3596 3656 4030
f 3885 3912 4032
f 4003 4217 4147
f 3796 3869 3823
f 3582 3941 4026
f 3624 3363 3177
f 3624 3177 3625
f 3631 3177 3306
f 3551 3822 3177
f 3579 4871 3011
f 3923 3702 3701
f 3797 4197 3915
f 3924 3925 4073
f 2738 4093 4217
f 4043 4095 4094
f 3258 3882 3259
f 3873 4090 4135
f 3796 3846 3543
f 4219 4237 3343
f 4021 4424 3847
f 3855 4008 3613
f 3875 3942 3941
f 3883 4096 4035
f 4025 3823 3869
f 4052 4021 3859
f 3327 3801 3177
f 4044 3879 3940
f 3942 3875 4045
f 4098 3884 3870
f 3868 3952 3869
f 4090 4026 3941
f 3868 3849 3952
f 4135 4021 4025
f 4044 3940 3942
f 3875 3259 3882
f 4019 4424 3568
f 4025 4021 4052
f 3177 3852 3369
f 3177 3545 3578
f 3872 3864 4020
f 3952 4025 3869
f 3884 3879 3717
f 3925 3713 3712
f 3545 3177 3516
f 3875 4030 3259
f 4090 3940 4135
f 3877 3848 3849
f 3879 4135 3940
f 4096 4045 4035
f 4097 3649 4089
f 4098 3962 4101
f 4007 4099 4100
f 3846 4052 3859
f 4097 3884 3649
f 3596 4094 3715
f 3882 3883 4035
f 3177 3801 3516
f 3582 3872 4020
f 4044 4096 3879
f 3873 4135 3864
f 3599 3852 3177
f 3898 3608 3959
f 3819 3848 3877
f 3752 3651 3567
f 4044 4045 4096
f 3885 4032 3712
f 3924 3962 4098
f 3582 4020 3819
f 3796 3237 3582
f 3883 3879 4096
f 3745 4084 3724
f 4092 3483 4101
f 4027 3701 3703
f 4094 3716 3715
f 3420 3884 3421
f 3596 4089 4031
f 3873 3872 4026
f 4092 4101 3962
f 3865 3819 4020
f 3752 3387 3601
f 3752 3821 3814
f 3881 4084 3776
f 3853 3606 3921
f 3925 3920 4034
f 3649 3884 4056
f 3875 3582 3237
f 3421 3713 3422
f 3923 3879 3815
f 3649 4056 4031
f 4094 4095 3716
f 3875 4035 4045
f 3257 3879 3258
f 3870 4034 3920
f 3875 3596 4030
f 3875 3882 4035
f 3585 3836 3752
f 3752 3177 4648
f 3752 3836 3572
f 3629 3651 3752
f 4104 3722 3721
f 3648 3856 3844
f 3834 3844 3856
f 3884 3717 3716
f 3655 4029 3656
f 4095 4056 3884
f 3774 4036 3437
f 3715 3717 4028
f 4042 3596 3963
f 3596 3925 4039
f 4095 3884 3716
f 3655 3879 4029
f 4089 3596 4039
f 4097 4089 4039
f 4097 3912 3884
f 4097 4039 3912
f 3608 3898 3609
f 3912 4039 4032
f 3856 3633 3805
f 3605 3722 4104
f 4104 3710 3888
f 3596 3875 3963
f 3420 3422 4034
f 4027 3703 4028
f 3005 3670 4036
f 3866 3925 3596
f 3870 3420 4034
f 3963 4073 4042
f 3457 4104 3721
f 4101 3884 4098
f 4042 3866 3596
f 3924 3920 3925
f 3924 4098 3920
f 3879 3884 4114
f 4084 3467 3466
f 3876 4104 3936
f 4104 3733 3732
f 3668 4104 3457
f 4103 3853 3921
f 4042 3950 3866
f 3880 4104 3699
f 3924 3484 3962
f 4103 3921 4106
f 4114 3884 4101
f 3880 3856 4104
f 3856 3880 3436
f 4135 3879 4114
f 4073 3485 3924
f 4092 3962 3484
f 4084 3745 3211
f 3609 3935 3610
f 3710 4104 3732
f 3924 3485 3484
f 3905 4101 3483
f 3898 4101 3905
f 3881 4146 4084
f 4084 3466 3725
f 4070 4071 4051
f 4016 4071 4070
f 4016 4049 4071
f 4049 4016 4050
f 4071 4049 4051
f 3958 3889 4050
f 3937 3212 3900
f 3898 4073 4055
f 3900 4053 3937
f 3911 2383 4084
f 4065 3867 4036
f 3725 3724 4084
f 4083 3930 3720
f 4065 4036 3977
f 4160 4373 4164
f 4116 4114 4055
f 4102 4103 4121
f 4073 3963 4055
f 3898 4055 4114
f 3779 3767 4084
f 4108 4109 4110
f 4109 4108 2885
f 4111 4112 4113
f 4146 4083 4084
f 4373 3977 4036
f 4220 3922 3195
f 4075 2527 2532
f 4115 4110 4109
f 4110 4115 4107
f 3981 3976 4108
f 4055 3963 3974
f 4102 4121 3778
f 4109 4116 4115
f 4109 2885 4116
f 4107 4115 4116
f 4107 4116 4055
f 3981 4110 4107
f 4074 4125 4220
f 4220 3195 4074
f 3981 4108 4110
f 4126 4117 4118
f 4122 4123 4124
f 3719 4084 4083
f 4083 2693 3970
f 3195 4220 4074
f 3324 4081 4086
f 4125 2801 3324
f 2801 4125 4080
f 4075 4074 4220
f 3720 3719 4083
f 3973 3966 4083
f 2693 4083 2531
f 4281 2531 5109
f 2530 2529 3324
f 4080 4082 2802
f 4082 2528 2802
f 4082 4079 2528
f 4074 2388 2532
f 2802 2528 2530
f 2388 4074 2532
f 3976 2885 4108
f 4119 4114 2885
f 2532 4074 4075
f 4127 4119 2585
f 4086 2486 2527
f 2486 4081 2532
f 4081 2486 4086
f 3984 2885 2584
f 2529 4079 2532
f 3324 2529 4081
f 4079 4074 2532
f 4121 4269 4120
f 2523 2885 2731
f 2527 2486 2532
f 4114 4116 2885
f 2584 2885 4069
f 3976 3981 2608
f 3786 4120 3988
f 4126 3992 4117
f 4121 3786 4126
f 3786 3988 3787
f 2585 4121 4126
f 3011 4293 3579
f 3579 3997 4871
f 4132 4133 4134
f 3606 3894 3921
f 3915 4197 4130
f 4421 3797 3793
f 3579 4293 4091
f 4217 2559 4147
f 3606 4136 4137
f 4136 4138 4139
f 4021 4135 4424
f 3177 3363 4648
f 3606 4140 4022
f 4006 4099 4007
f 4103 4142 4143
f 3894 4144 4145
f 3856 3752 4648
f 4033 3977 5080
f 4101 3898 4114
f 4068 3977 4033
f 4104 3856 4146
f 4141 4100 4138
f 2531 4083 4146
f 3606 4150 4151
f 4051 4164 4070
f 4302 4154 4155
f 4220 4072 5492
f 4156 4157 4158
f 4153 4303 4374
f 4393 2616 4123
f 2616 4159 4123
f 4574 4373 4160
f 4161 4162 4163
f 4165 4289 4279
f 4167 4113 4168
f 3324 2081 4075
f 2617 2616 1717
f 4169 4170 4171
f 4106 4173 4174
f 4124 3492 4127
f 2616 4127 1717
f 4175 4176 4177
f 3493 1716 4127
f 2617 1716 2618
f 4123 3492 4124
f 2616 2618 4159
f 4220 4125 4075
f 4178 4175 4179
f 4125 3324 4075
f 4075 2081 2527
f 2617 1717 1716
f 4159 3493 3492
f 4119 2616 4393
f 4159 2618 3493
f 4159 3492 4123
f 2618 1716 3493
f 4119 4127 2616
f 4188 3205 3207
f 4180 4122 4124
f 4119 4393 4114
f 4188 4078 3205
f 4180 4124 4127
f 4181 4182 4399
f 4183 4184 4152
f 4184 4183 4185
f 3991 4187 3992
f 4269 4121 4103
f 4126 3787 3991
f 3992 3788 4117
f 4117 3789 4118
f 3787 3988 3982
f 4187 4120 3788
f 4127 2585 4188
f 3787 3982 3991
f 3991 3982 4187
f 3992 4187 3788
f 4189 4190 4188
f 4187 3982 4120
f 4121 4120 3786
f 4117 3788 3789
f 4118 3789 4191
f 3789 4120 4191
f 4191 4120 4077
f 4118 4076 4126
f 4118 4191 4076
f 4076 4078 4126
f 4076 4191 4077
f 4188 4192 4189
f 4451 3802 3510
f 3994 3160 3802
f 3158 4194 3159
f 4195 4131 4198
f 4131 4195 4193
f 4196 4223 4221
f 3393 3055 4193
f 4421 4198 3393
f 3055 3393 4198
f 3393 4193 4199
f 4193 3055 4131
f 4131 3055 4198
f 3011 4129 4293
f 4293 3231 4134
f 4201 3077 4202
f 4202 3077 3079
f 3158 3827 4194
f 4197 3797 4199
f 3797 3393 4199
f 4193 4195 4199
f 4197 4195 4198
f 4197 4199 4195
f 3606 4007 4141
f 4203 4204 4205
f 4206 4207 4208
f 3606 4209 2779
f 3894 4210 4211
f 4133 3011 4134
f 4293 4134 4871
f 4129 4212 3231
f 3011 4133 4212
f 4212 4133 4132
f 3231 4212 4132
f 4134 3011 4871
f 3231 4132 4134
f 4129 3011 4212
f 4106 4213 4214
f 3792 4093 4293
f 3792 4417 4217
f 3792 4293 4417
f 4106 4214 4218
f 2559 4217 4147
f 4204 4222 4205
f 3520 4224 3079
f 3827 4451 4194
f 3827 4417 4451
f 3840 3839 4225
f 3894 4085 4226
f 3840 4225 4227
f 4228 4229 4230
f 3606 4137 4231
f 3606 4231 4209
f 4232 4227 4233
f 4140 4208 4234
f 4421 3393 3797
f 3894 3862 4144
f 4141 4007 4100
f 4203 4205 4206
f 3606 4141 4136
f 3343 4203 3606
f 4237 4235 4229
f 4206 4205 4236
f 4006 4024 4099
f 4204 4233 4222
f 4203 4228 3839
f 4140 4023 4022
f 4228 4238 3839
f 4229 4235 4230
f 3606 4022 4006
f 4203 3840 4232
f 4203 4232 4204
f 3343 4237 4203
f 4228 4230 4238
f 4203 4229 4228
f 4237 4244 4235
f 4203 4237 4229
f 3606 4203 4208
f 3894 4239 4240
f 4141 4138 4136
f 4203 4206 4208
f 3606 4241 3861
f 3921 4088 4242
f 4208 4207 4234
f 4114 3568 4424
f 4205 4222 4236
f 4204 4232 4233
f 4206 4236 4207
f 3839 4238 4225
f 3840 4227 4232
f 4140 4234 4023
f 3606 4208 4140
f 4006 4022 4024
f 3606 4151 4243
f 4424 4135 4114
f 4106 4174 4142
f 4194 4451 3510
f 3894 4145 4085
f 3606 4172 4241
f 3606 2780 4150
f 3606 4243 4246
f 3606 4246 4172
f 3921 3694 4247
f 2898 4148 4244
f 3921 4249 4088
f 3921 4250 4251
f 4252 4253 4254
f 3894 3606 3861
f 3921 4255 4256
f 3894 4226 4239
f 3894 4240 4257
f 3894 4258 4210
f 4103 4259 4260
f 4106 4261 4173
f 3856 4648 4146
f 3195 3564 4040
f 3894 4257 4258
f 4106 4218 4262
f 3921 4211 4255
f 3921 4264 4263
f 3921 3894 4211
f 3921 4256 4264
f 3827 3158 3994
f 3921 4265 3311
f 3921 4263 4249
f 3921 4266 4250
f 3921 4251 3693
f 3921 4242 4266
f 3921 4247 4265
f 4103 4260 4267
f 4277 4148 2898
f 4103 4267 4269
f 4078 4270 3205
f 4106 4262 4261
f 4106 3921 3311
f 4106 3312 4213
f 4103 4106 4142
f 4103 4143 4259
f 4176 4175 4178
f 4223 4196 4201
f 4278 4280 4282
f 4282 4283 4284
f 3491 4285 4177
f 4282 4280 4283
f 4343 4154 4302
f 4286 4275 4277
f 4287 4288 4252
f 4149 4286 4276
f 4269 4275 4149
f 3491 4393 4167
f 4285 4168 4291
f 4351 4373 4574
f 4164 4574 4160
f 4167 4168 4285
f 4574 4294 4295
f 3922 3332 4290
f 4633 4296 4758
f 4296 4748 4758
f 4051 4290 4586
f 4023 4234 4440
f 4122 4180 4297
f 4149 4276 4480
f 4393 4766 4114
f 4299 4297 4300
f 4270 4120 3206
f 4176 3491 4177
f 4288 4301 4277
f 4299 4300 4170
f 4351 4152 4153
f 4393 4297 4299
f 4183 4303 4185
f 4393 4122 4297
f 4289 4294 4574
f 3160 3510 3802
f 4113 4112 4168
f 4305 4306 4307
f 4111 4169 4171
f 4297 4180 4300
f 4393 4299 4169
f 4169 4111 4393
f 4157 4308 4186
f 4123 4122 4393
f 4175 4177 4291
f 4309 4310 4291
f 4393 4113 4167
f 4393 4111 4113
f 4111 4171 4112
f 4299 4170 4169
f 3491 4167 4285
f 4312 4313 4128
f 4120 4269 4308
f 4189 4314 4190
f 4315 4316 4317
f 5725 4281 5109
f 4171 4170 4291
f 4168 4112 4291
f 4177 4285 4291
f 4170 4300 4291
f 4300 4180 4291
f 4180 4127 4291
f 4112 4171 4291
f 4077 4120 4270
f 3207 3330 4192
f 3207 3206 3330
f 4158 4186 4318
f 4190 4314 4319
f 4078 4077 4270
f 4319 4308 4157
f 4126 4078 4188
f 4321 4322 4323
f 4188 4324 4325
f 2585 4126 4188
f 3206 4120 3330
f 4326 4313 4312
f 3331 4120 4314
f 4192 3331 4189
f 4158 4157 4186
f 4156 4319 4157
f 4127 4188 4327
f 4120 4308 4314
f 3205 4270 3206
f 4188 3207 4192
f 4314 4308 4319
f 4189 3331 4314
f 4192 3330 3331
f 4188 4158 4318
f 4190 4319 4156
f 4190 4156 4188
f 4188 4156 4158
f 4318 4328 4324
f 4417 3827 3802
f 4194 3510 3993
f 3510 3160 3993
f 3994 3158 3160
f 4215 4200 4330
f 4524 4331 4633
f 4333 4329 4422
f 4871 4087 4293
f 4237 3517 4244
f 4871 3997 4197
f 4335 4336 4333
f 4451 4417 4293
f 4339 4337 4200
f 4217 4417 4338
f 4422 4217 4338
f 4245 4147 4422
f 4333 4216 4334
f 4244 4202 4342
f 4340 4221 4341
f 3517 4221 4244
f 4105 4415 3793
f 4196 3078 3077
f 4221 3078 4196
f 4244 4223 4202
f 4223 4201 4202
f 4201 4196 3077
f 4197 4198 4421
f 4344 4345 4248
f 4422 4147 4217
f 3517 4237 4219
f 4244 4221 4223
f 4202 3079 4342
f 3079 4224 4342
f 4346 4347 4348
f 2898 4244 4342
f 4350 4442 4348
f 4273 4271 4272
f 4277 4267 4352
f 4287 4301 4288
f 4287 4252 4480
f 4253 4288 4277
f 3793 4268 4278
f 4324 4354 4325
f 4355 4353 4356
f 4277 2898 4803
f 4284 4283 4357
f 4480 4269 4149
f 4284 4357 4271
f 4766 4716 4114
f 4252 4288 4253
f 4286 4301 4276
f 4271 4357 4272
f 4280 4278 4268
f 4274 4358 4450
f 4254 4359 4360
f 4149 4275 4286
f 4357 4268 4272
f 4273 3793 4278
f 4281 4268 3793
f 4283 4280 4268
f 4268 4281 4272
f 4273 4282 4284
f 4283 4268 4357
f 4273 4278 4282
f 4273 4284 4271
f 4480 4252 4254
f 4298 4273 4272
f 4272 4281 4362
f 4298 4362 4462
f 4362 4281 4361
f 4298 4272 4362
f 4301 4286 4277
f 4276 4301 4287
f 4276 4287 4480
f 4275 4269 4277
f 4366 4367 4368
f 4803 4253 4277
f 4480 4254 4360
f 4269 4267 4277
f 4369 4370 4803
f 4371 4155 4154
f 4184 4185 4153
f 4351 4574 4292
f 4333 4332 4329
f 4164 4279 4574
f 4378 4164 4051
f 3922 4220 4485
f 4175 4291 4179
f 4302 4373 4343
f 4373 4351 4343
f 3979 4302 4155
f 4304 3978 3980
f 4304 4343 4373
f 3980 4371 4154
f 3978 4373 3979
f 4373 4302 3979
f 4304 3980 4343
f 4351 4375 4152
f 4185 4303 4153
f 4373 3978 4304
f 4574 4374 4303
f 4292 4574 4303
f 4343 3980 4154
f 4574 4279 4289
f 4351 4374 4574
f 4376 4162 4377
f 4162 4161 4377
f 4295 4162 4376
f 4295 4163 4162
f 4279 4164 4486
f 4295 4376 4279
f 4574 4295 4279
f 4152 4184 4153
f 4377 4161 4165
f 4216 4215 4330
f 4378 4051 4586
f 3491 4176 4393
f 4379 3989 4380
f 3979 4371 3980
f 4371 3979 4155
f 4375 4183 4152
f 4292 4375 4351
f 4292 4183 4375
f 4292 4303 4183
f 4289 4161 4163
f 4351 4153 4374
f 4294 4289 4163
f 4294 4163 4295
f 4161 4289 4165
f 4279 4376 4165
f 4376 4377 4165
f 4382 4380 4383
f 4384 4309 4385
f 4387 4388 4393
f 4389 4364 4390
f 4393 4178 4392
f 4393 4176 4178
f 4387 4394 4310
f 4379 4386 3989
f 4412 4166 4291
f 4392 4178 4179
f 4395 4384 4385
f 4388 4387 4310
f 4370 4396 4365
f 4392 4179 4394
f 4393 4388 4384
f 4393 4395 4386
f 4392 4394 4387
f 4386 3990 3989
f 4397 4398 4166
f 4393 4392 4387
f 4388 4309 4384
f 4388 4310 4309
f 4393 4384 4395
f 4379 4380 4382
f 4766 4393 4386
f 4395 4385 3990
f 4395 3990 4386
f 4401 4748 4402
f 4394 4179 4291
f 4310 4394 4291
f 4127 4412 4291
f 4309 4291 4166
f 4385 4309 4166
f 3990 4385 4166
f 4403 4308 4313
f 4188 4404 4405
f 4406 4407 4408
f 4404 4128 4409
f 4404 4409 4405
f 4324 4328 4354
f 4405 4182 4410
f 4318 4186 4328
f 4354 4308 4403
f 4412 4127 4327
f 4410 4181 4321
f 4188 4410 4321
f 4312 4128 4404
f 4325 4326 4188
f 4325 4354 4403
f 4326 4403 4313
f 4188 4318 4324
f 4313 4308 4128
f 4325 4403 4326
f 4400 4316 4413
f 4316 4315 4413
f 4315 4400 4413
f 4186 4308 4328
f 4328 4308 4354
f 4326 4312 4188
f 4188 4312 4404
f 4128 4308 4409
f 4188 4405 4410
f 4405 4409 4182
f 4409 4308 4182
f 4410 4182 4181
f 4200 4335 4338
f 4758 4417 3802
f 4320 4336 4414
f 4200 4414 4335
f 4200 4334 4330
f 4430 3793 4415
f 4200 4332 4334
f 4334 4332 4333
f 4216 4330 4334
f 4335 4414 4336
f 4339 4215 4333
f 4430 6024 3793
f 4416 4346 4348
f 4758 4087 4871
f 4339 4200 4215
f 4215 4216 4333
f 4333 4336 4320
f 4333 4338 4335
f 4333 4422 4338
f 4320 4339 4333
f 4320 4337 4339
f 4320 4414 4337
f 4414 4200 4337
f 4418 4419 4420
f 4197 4421 4871
f 4224 4423 4342
f 4442 4416 4348
f 4350 4425 4442
f 4224 4340 4423
f 4426 4221 4346
f 4348 4347 4350
f 4427 4426 4416
f 4428 4425 4350
f 4419 4426 4427
f 4429 4418 4420
f 4419 4221 4426
f 4347 4428 4350
f 4428 4347 4221
f 4423 4429 4342
f 4341 4418 4429
f 4431 4430 4415
f 4432 4433 4434
f 4416 4442 4427
f 4130 4197 3997
f 4221 4419 4418
f 4341 4221 4418
f 4427 4442 4342
f 4423 4341 4429
f 4224 3520 4340
f 4420 4419 4427
f 3520 4221 4340
f 4426 4346 4416
f 4340 4341 4423
f 4342 4442 2898
f 4429 4420 4342
f 4221 4347 4346
f 4427 4342 4420
f 4428 4221 4436
f 4425 4428 4436
f 4437 4438 4439
f 4244 4148 4349
f 4148 4555 4440
f 4148 4440 4349
f 4356 4353 4803
f 4480 4443 4444
f 4360 4445 4446
f 4447 4448 4449
f 4452 4453 4454
f 4267 4260 4352
f 4415 4433 4432
f 4365 4396 4480
f 4457 4458 4315
f 4327 4459 4457
f 4460 4461 4450
f 4277 4450 4368
f 4360 4446 4480
f 4446 4353 4355
f 4355 4356 4443
f 4370 4463 4803
f 4464 4463 4444
f 4355 4443 4480
f 4465 4274 4450
f 4353 4445 4803
f 4431 4415 4432
f 4467 4468 4148
f 4148 4277 4368
f 4549 4808 3793
f 4389 4390 4452
f 4469 4242 4470
f 4549 3793 4273
f 4273 4389 4452
f 4363 4364 4389
f 4443 4356 4464
f 4463 4365 4444
f 4359 4253 4803
f 4254 4253 4359
f 4462 4362 4455
f 4364 4363 4455
f 4273 4363 4389
f 4273 4462 4363
f 4362 4361 4455
f 4273 4298 4462
f 4462 4455 4363
f 4549 4452 4454
f 4549 4273 4452
f 4471 4549 4454
f 4452 4390 4453
f 4454 4453 4466
f 4473 4471 4466
f 4471 4454 4466
f 4455 4361 4557
f 4390 4364 4557
f 4364 4455 4557
f 4453 4390 4557
f 4466 4453 4557
f 4446 4445 4353
f 4369 4396 4370
f 4474 4475 4476
f 4477 4478 4148
f 4446 4355 4480
f 4360 4359 4445
f 4461 4472 4450
f 4444 4365 4480
f 4396 4479 4480
f 4450 4472 4465
f 4464 4356 4803
f 4460 4259 4461
f 4369 4479 4396
f 4352 4260 4460
f 4260 4259 4460
f 4443 4464 4444
f 4259 4143 4461
f 4472 4461 4143
f 4480 4744 4269
f 4370 4365 4463
f 4463 4464 4803
f 4143 4142 4472
f 4277 4460 4450
f 4445 4359 4803
f 4352 4460 4277
f 4482 4483 4484
f 4574 4279 4486
f 4586 4290 3332
f 4386 4379 4766
f 3977 4373 5080
f 5080 4373 4904
f 4594 4351 4574
f 4487 4382 4383
f 4488 4489 4490
f 4491 4494 4306
f 4605 4495 4496
f 4487 4383 4494
f 4308 4269 4399
f 4305 4307 4448
f 4766 4382 4487
f 4766 4305 4448
f 4497 4498 4499
f 4766 4379 4382
f 4491 4305 4766
f 4766 4447 4391
f 4766 4487 4491
f 4447 4398 4391
f 4500 4391 4397
f 4448 4307 4449
f 4305 4491 4306
f 4487 4494 4491
f 4766 4448 4447
f 4391 4398 4397
f 4447 4449 4398
f 4500 4397 4501
f 4182 4308 4399
f 4503 4504 4459
f 4361 4281 4559
f 4329 4332 4632
f 4505 4506 4166
f 4494 4383 4166
f 4306 4494 4166
f 4307 4306 4166
f 4449 4307 4166
f 4380 3989 4166
f 4383 4380 4166
f 4398 4449 4166
f 4459 4458 4457
f 4399 4508 4509
f 4503 4490 4504
f 4489 4399 4400
f 4510 4511 4495
f 4413 4315 4317
f 4490 4489 4400
f 4327 4503 4459
f 4322 4399 4489
f 4513 4514 4510
f 4605 4496 4515
f 4181 4399 4322
f 4504 4490 4400
f 4323 4322 4489
f 4188 4321 4327
f 4317 4316 4514
f 4321 4323 4327
f 4510 4514 4511
f 4327 4605 4412
f 4488 4490 4503
f 4321 4181 4322
f 4323 4489 4488
f 4323 4488 4327
f 4327 4488 4503
f 4399 4316 4400
f 4457 4315 4413
f 4504 4400 4458
f 4459 4504 4458
f 4327 4457 4413
f 4458 4400 4315
f 4413 4317 4513
f 4513 4317 4514
f 4413 4513 4327
f 4513 4510 4327
f 4758 3802 4451
f 4200 4338 4332
f 4422 4329 4632
f 4758 4451 4293
f 4425 4436 4520
f 4521 4522 4430
f 4521 4523 4522
f 4524 4401 4525
f 4524 4748 4401
f 4245 4422 4632
f 4528 4105 4523
f 4530 4522 4523
f 4521 4528 4523
f 4433 4415 4105
f 4433 4105 4528
f 4432 4434 4430
f 4351 4594 4343
f 4432 4430 4431
f 4531 4521 4430
f 4521 4531 4528
f 4671 4532 4533
f 4442 4527 4534
f 4436 4221 4526
f 4520 4529 4442
f 4437 4221 4438
f 4527 4442 4439
f 4439 4442 4529
f 4438 4221 4535
f 4105 4530 4523
f 4105 4536 4530
f 4520 4442 4425
f 3793 6024 4978
f 5492 4114 4424
f 4537 3693 4538
f 4539 3861 4344
f 3312 3311 4366
f 4248 4539 4344
f 4478 4467 4148
f 4222 4233 4349
f 2780 2779 4540
f 4541 4018 4440
f 2779 4209 4544
f 4250 4266 4545
f 4450 4358 4368
f 4210 4258 4546
f 4538 4548 4148
f 4550 4366 4368
f 4551 4552 4148
f 4543 4257 4554
f 4242 4469 4266
f 4744 4480 4481
f 4556 4557 4558
f 4148 4545 4469
f 2531 4146 4648
f 4264 4256 4477
f 4803 2898 4824
f 4473 4466 4557
f 4541 4231 4018
f 4562 4563 4783
f 4559 4557 4361
f 4476 4475 4824
f 6012 4565 4566
f 4552 3694 4537
f 4567 4568 4569
f 4783 4744 4481
f 3693 4251 4538
f 4538 4251 4548
f 4554 4570 4755
f 4546 4468 4210
f 4571 3862 4539
f 4211 4210 4468
f 4343 4594 4373
f 4572 4486 4573
f 4634 4164 4378
f 4548 4545 4148
f 4576 4577 4578
f 3922 4381 3332
f 4485 4381 3922
f 4580 4485 4579
f 4580 4579 4581
f 4485 4909 4579
f 4583 4584 4585
f 4164 4634 4486
f 4586 4673 4378
f 4674 4586 3332
f 4674 3332 4381
f 4589 4485 4582
f 4688 4381 4485
f 4583 4590 4584
f 4220 4909 4485
f 4591 4505 4507
f 4492 4585 4311
f 4585 4584 4311
f 4584 4592 4311
f 4598 4500 4593
f 4281 5725 4559
f 4547 4585 4492
f 4593 4501 4506
f 4589 4582 4595
f 4596 4492 4597
f 4500 4501 4593
f 4599 5640 5730
f 5095 4600 4601
f 4573 4634 4602
f 4603 4505 4591
f 4766 4391 4598
f 4591 4604 4598
f 4603 4506 4505
f 4598 4604 4590
f 4604 4507 4592
f 4590 4592 4584
f 4606 4508 4407
f 4412 4311 4166
f 4607 4608 4609
f 4603 4593 4506
f 4598 4593 4603
f 4598 4590 4583
f 4391 4500 4598
f 4598 4603 4591
f 4604 4591 4507
f 4604 4592 4590
f 4598 4583 4547
f 4596 4547 4492
f 4507 4166 4311
f 4583 4585 4547
f 4605 4406 4610
f 4508 4399 4841
f 4605 4510 4495
f 4621 4613 4612
f 4495 4614 4496
f 4841 4399 4269
f 4495 4511 4614
f 4511 4316 4509
f 4511 4514 4316
f 4605 4610 4616
f 4507 4505 4166
f 4338 4632 4332
f 4597 4492 4311
f 4506 4501 4166
f 4496 4618 4515
f 4592 4507 4311
f 4611 4619 4606
f 4501 4397 4166
f 4841 3502 4620
f 4508 4841 4622
f 4623 4407 4406
f 4611 4606 4623
f 4515 4619 4611
f 4316 4399 4509
f 4610 4624 4616
f 4614 4511 4509
f 4412 4605 4920
f 4327 4510 4605
f 4625 4626 5166
f 4496 4614 4618
f 4614 4509 4618
f 4623 4606 4407
f 4605 4515 4611
f 4619 4508 4606
f 4618 4509 4619
f 4515 4618 4619
f 4509 4508 4611
f 4508 4619 4611
f 4619 4509 4611
f 4623 4406 4605
f 4611 4623 4605
f 4406 4408 4610
f 4610 4408 4624
f 4408 4407 4622
f 4407 4508 4622
f 4624 4408 4622
f 4562 4629 4630
f 2898 4519 3517
f 4758 4632 4417
f 4575 4219 4245
f 4245 4219 4147
f 4519 4221 3517
f 4527 4535 4534
f 4522 4530 4636
f 4421 3793 4978
f 4639 4640 4755
f 4641 4642 5401
f 4643 4642 4641
f 4632 4338 4417
f 6024 4372 4516
f 4688 4644 4581
f 4575 4245 4632
f 4516 4372 4631
f 4481 4479 4482
f 4757 4421 4978
f 4526 4437 4529
f 4367 4265 4551
f 4151 4150 4441
f 4544 4541 4555
f 4465 4174 4274
f 4263 4264 4649
f 4570 4239 4639
f 4345 4172 4650
f 4242 4088 4470
f 4236 4222 4349
f 4207 4236 4349
f 4150 2780 4651
f 4481 4484 4567
f 4609 4652 4628
f 4239 4226 4639
f 2531 4648 5262
f 4653 4654 4655
f 4654 4656 4655
f 4657 4263 4649
f 4441 4150 4651
f 4099 4024 4440
f 4549 4561 4658
f 4659 4660 4661
f 4469 4470 4148
f 4662 4663 4628
f 4174 4465 4142
f 4481 4567 4665
f 4666 4667 4475
f 4649 4477 4148
f 4634 4378 4638
f 4255 4211 4467
f 4551 4247 4552
f 4172 4345 4241
f 4598 4668 4669
f 4574 4671 4594
f 4378 4673 4741
f 4615 4668 4598
f 4681 4378 4675
f 4678 4679 4680
f 4560 4213 4550
f 4671 4904 4594
f 4486 4741 4574
f 4572 4681 4675
f 4602 4634 4638
f 4638 4681 4602
f 4572 4675 4486
f 4486 4634 4573
f 4378 4681 4638
f 4681 4572 4602
f 4572 4573 4602
f 4378 4486 4675
f 4378 4741 4486
f 4587 4586 4577
f 4682 4683 4684
f 4588 4672 4682
f 4672 4683 4682
f 4588 4577 4576
f 4676 4587 4682
f 4683 4578 4685
f 4587 4577 4588
f 4577 4586 4578
f 4672 4588 4576
f 4686 4586 4674
f 4586 4685 4578
f 4676 4684 4686
f 4684 4683 4685
f 4672 4576 4578
f 4672 4578 4683
f 4588 4682 4587
f 4685 4686 4684
f 4676 4682 4684
f 4676 4686 4674
f 4586 4686 4685
f 4586 4587 4676
f 4674 4688 4909
f 4579 4688 4581
f 4579 4909 4688
f 4688 4687 4644
f 4485 4687 4688
f 4589 4644 4687
f 4580 4582 4485
f 4595 4580 4581
f 4644 4589 4595
f 4581 4644 4595
f 4589 4687 4485
f 4595 4582 4580
f 4615 4690 4663
f 4668 4663 4662
f 4909 4220 5492
f 4597 4311 4691
f 4598 4669 4692
f 4694 4695 4691
f 4598 4692 4689
f 5000 4766 4598
f 4622 4696 4697
f 4696 4698 4697
f 4698 4622 4697
f 4547 4596 4598
f 4920 4699 4700
f 4594 4904 4373
f 4596 4597 4695
f 4586 4676 4674
f 4688 4674 4381
f 4695 4597 4691
f 4700 4701 4702
f 4652 4703 4628
f 4663 4690 4311
f 4703 4662 4628
f 4668 4615 4663
f 4694 4691 4690
f 4920 4700 4702
f 4269 4744 5491
f 4920 4706 4707
f 4598 4694 4615
f 4598 4596 4695
f 4608 4689 4609
f 4598 4695 4694
f 4691 4311 4690
f 4474 4476 4783
f 4663 4311 4628
f 4692 4669 4703
f 4692 4652 4689
f 4692 4703 4652
f 4668 4662 4669
f 4669 4662 4703
f 4689 4652 4609
f 4694 4690 4615
f 4622 4841 4696
f 4845 4709 4710
f 4712 4696 4841
f 4841 4269 5491
f 4714 4599 4715
f 5640 4599 4714
f 5262 5109 2531
f 4665 4717 4718
f 4719 3985 4533
f 4719 4670 3985
f 3985 4902 4533
f 4711 4720 4721
f 4412 4628 4311
f 4700 4722 4701
f 4724 4725 4726
f 4605 4706 4920
f 4727 4706 4605
f 4697 4728 4727
f 4727 4712 4706
f 4699 4722 4700
f 4729 4730 4731
f 4707 4732 4733
f 4920 4707 4699
f 4605 4616 4734
f 4735 4622 4698
f 4707 4733 4699
f 4920 4736 4724
f 4616 4624 4735
f 4734 4698 4697
f 4616 4735 4734
f 4920 5662 4412
f 4737 4738 4620
f 4699 4733 4722
f 4698 4696 4728
f 4697 4727 4605
f 4734 4735 4698
f 4739 4738 4737
f 4697 4698 4728
f 4624 4622 4735
f 4605 4734 4697
f 4728 4696 4712
f 4727 4728 4712
f 4732 4712 4841
f 4706 4712 4732
f 4706 4732 4707
f 4733 4732 4841
f 4733 4841 4722
f 4745 4746 4747
f 4750 4751 4752
f 4753 4243 4542
f 4105 4754 4536
f 4018 4139 4440
f 4535 4527 4438
f 4137 4136 4139
f 4105 4516 4754
f 3861 4539 3862
f 4372 6024 4430
f 4536 4636 4530
f 4544 4209 4541
f 4087 4758 4293
f 4532 4741 4670
f 3694 3693 4537
f 4693 4262 4759
f 4651 2780 4540
f 4234 4207 4440
f 4238 4230 4349
f 4219 4635 4677
f 4760 4762 4761
f 4225 4238 4349
f 4442 4534 4518
f 4534 4763 4518
f 4519 4763 4221
f 4442 4518 4519
f 4763 4534 4535
f 4763 4535 4221
f 2898 4442 4519
f 4438 4527 4439
f 4018 4137 4139
f 4434 4531 4430
f 4754 4516 4631
f 4754 4631 4764
f 4631 4372 4764
f 4764 4372 4636
f 4372 4522 4636
f 4764 4636 4536
f 4754 4764 4536
f 4372 4430 4522
f 4433 4531 4434
f 4531 4433 4528
f 4649 4264 4477
f 4520 4436 4526
f 4529 4520 4526
f 4221 4437 4526
f 4437 4439 4529
f 4519 4518 4763
f 4767 5133 4768
f 4516 4105 4808
f 4767 4769 5133
f 4440 4207 4349
f 4424 5408 5492
f 4345 4650 4248
f 4349 4235 4244
f 4231 4541 4209
f 4088 4249 4553
f 4773 4774 4775
f 4230 4235 4349
f 3861 4241 4344
f 4516 4808 6024
f 4231 4137 4018
f 4233 4227 4349
f 4148 4367 4551
f 4540 2779 4544
f 4475 4667 4824
f 4657 4649 4148
f 4555 4541 4440
f 4756 4571 4755
f 4024 4023 4440
f 4542 4151 4441
f 4546 4258 4543
f 4139 4138 4440
f 4257 4543 4258
f 4755 4570 4639
f 4424 4114 5408
f 4100 4099 4440
f 4227 4225 4349
f 5729 6024 4808
f 4571 4756 4144
f 4138 4100 4440
f 4145 4144 4756
f 4148 4755 4248
f 4555 4540 4544
f 4243 4151 4542
f 4105 3793 4808
f 4554 4240 4570
f 2898 3517 4744
f 4783 4718 4778
f 4144 3862 4571
f 4542 4441 4555
f 4753 4542 4555
f 4248 4555 4148
f 4650 4246 4753
f 4246 4243 4753
f 4085 4640 4226
f 4651 4540 4555
f 4249 4263 4657
f 4441 4651 4555
f 4344 4241 4345
f 4172 4246 4650
f 4248 4650 4555
f 4650 4753 4555
f 4256 4255 4478
f 4472 4142 4465
f 4780 4781 4782
f 4240 4239 4570
f 4257 4240 4554
f 4467 4211 4468
f 4470 4088 4553
f 4468 4546 4148
f 4640 4779 4755
f 4639 4226 4640
f 4784 4214 4560
f 4537 4538 4148
f 4543 4554 4755
f 4545 4548 4250
f 4248 4571 4539
f 4248 4755 4571
f 4779 4756 4755
f 4640 4085 4779
f 4085 4145 4779
f 4779 4145 4756
f 4785 4751 4750
f 4630 4629 4803
f 4545 4266 4469
f 4784 4560 4368
f 4786 4787 4788
f 4358 4693 4368
f 4778 4629 4562
f 4173 4261 4358
f 4247 4551 4265
f 4755 4546 4543
f 4755 4148 4546
f 4759 4784 4368
f 4477 4256 4478
f 4358 4261 4693
f 4478 4255 4467
f 4553 4657 4148
f 4484 4568 4567
f 4553 4249 4657
f 4562 4630 4563
f 4563 4630 4789
f 3311 4265 4367
f 4549 4791 4561
f 4653 4564 4808
f 4665 4569 4717
f 4550 3312 4366
f 4560 4550 4368
f 4174 4173 4274
f 4480 4479 4481
f 4783 4665 4718
f 4251 4250 4548
f 4218 4214 4784
f 4717 4569 4803
f 4552 4537 4148
f 4718 4717 4792
f 4247 3694 4552
f 4213 3312 4550
f 4470 4553 4148
f 4261 4262 4693
f 4481 4482 4484
f 4568 4483 4803
f 4793 5142 4794
f 4148 4368 4367
f 4658 4558 4795
f 4549 4658 4796
f 4561 4556 4558
f 4797 4798 4559
f 4791 4556 4561
f 4791 4799 4556
f 4800 4801 4559
f 4664 4789 4667
f 4783 4664 4666
f 4778 4562 4783
f 4667 4789 4824
f 4482 4802 4483
f 4262 4218 4759
f 4367 4366 3311
f 4274 4173 4358
f 4789 4630 4824
f 4481 4665 4783
f 4693 4759 4368
f 4214 4213 4560
f 4479 4369 4802
f 4759 4218 4784
f 4484 4483 4568
f 4804 4805 4806
f 4805 4798 4790
f 4556 4799 4557
f 4809 4799 4791
f 4561 4558 4658
f 4549 4796 4810
f 4790 4798 4811
f 4812 4804 4806
f 4813 4814 4815
f 4816 4797 4559
f 4817 4795 4557
f 4818 4816 4654
f 4811 4797 4818
f 4808 4806 4790
f 4799 4473 4557
f 4809 4473 4799
f 4549 4809 4791
f 4549 4471 4809
f 4471 4473 4809
f 4795 4558 4557
f 4797 4816 4818
f 4658 4795 4796
f 4796 4795 4817
f 4817 4557 4813
f 4479 4802 4482
f 4369 4803 4802
f 4569 4568 4803
f 4792 4717 4803
f 4718 4792 4778
f 4567 4569 4665
f 4783 4666 4474
f 4483 4802 4803
f 4630 4803 4824
f 4798 4797 4811
f 4808 4818 4654
f 4805 4804 4559
f 4808 4790 4811
f 4808 4654 4653
f 4806 4805 4790
f 4549 4812 4806
f 4549 4819 4812
f 4820 4819 4549
f 4549 4815 4820
f 4559 4801 4814
f 4808 4549 4806
f 4549 4810 4815
f 4810 4813 4815
f 4810 4817 4813
f 4817 4810 4796
f 4808 4811 4818
f 4816 4656 4654
f 4801 4820 4814
f 4815 4814 4820
f 4557 4814 4813
f 4798 4805 4559
f 4559 4814 4557
f 4819 4801 4800
f 4820 4801 4819
f 4800 4804 4812
f 4800 4559 4804
f 4819 4800 4812
f 4656 4821 4655
f 4783 4563 4664
f 4629 4792 4803
f 4564 4821 5729
f 4653 4821 4564
f 4778 4792 4629
f 4664 4667 4666
f 4666 4475 4474
f 4783 4476 4824
f 4563 4789 4664
f 4744 3517 5491
f 4822 5585 4823
f 2898 4744 4824
f 4656 4559 4821
f 4653 4655 4821
f 4559 5729 4821
f 4808 4564 5729
f 4816 4559 4656
f 4744 4783 4824
f 4670 4741 4830
f 4830 3985 4670
f 4719 4533 4532
f 4532 4671 4741
f 4741 4671 4574
f 4671 4533 4902
f 4670 4719 4532
f 4826 4721 4834
f 4689 4608 4845
f 4827 4745 4747
f 4828 4607 4829
f 4845 4710 4711
f 4710 4832 4720
f 4608 4607 4828
f 4920 4724 4726
f 4331 4525 4402
f 4845 4835 4745
f 4559 5725 5729
f 5095 4836 4600
f 4601 4837 4838
f 4839 4826 4840
f 4835 4829 4746
f 4720 4832 4834
f 4710 4709 4832
f 4836 4842 4843
f 4845 4608 4828
f 4845 4827 4709
f 4827 4833 4709
f 4845 4828 4835
f 4826 4839 4721
f 4835 4746 4745
f 4845 4839 4840
f 4709 4833 4832
f 4846 4847 4844
f 4598 4689 4845
f 4835 4828 4829
f 4701 4722 4841
f 5915 4838 4834
f 4839 4711 4721
f 4827 4747 4833
f 4845 5000 4598
f 4845 4846 4844
f 4710 4720 4711
f 4833 4747 4628
f 4745 4827 4845
f 4834 4628 4412
f 4747 4746 4628
f 4746 4829 4628
f 4607 4609 4628
f 4829 4607 4628
f 4832 4833 4834
f 4721 4720 4834
f 4833 4628 4834
f 4600 4843 4848
f 4412 5662 5915
f 5915 5095 4838
f 4620 3502 4726
f 3502 4725 4726
f 4725 4620 4726
f 4702 4729 4920
f 4731 4730 4738
f 4736 4849 4724
f 4738 4730 4620
f 4730 4841 4620
f 4850 3504 3501
f 4851 4841 4730
f 4702 4851 4729
f 4920 4739 4736
f 4729 4851 4730
f 4701 4841 4851
f 4725 3502 4852
f 4739 4737 4736
f 4731 4738 4739
f 4729 4731 4920
f 4853 4854 4855
f 4702 4701 4851
f 4920 4731 4739
f 4736 4737 4849
f 4737 4620 4849
f 4849 4620 4725
f 4724 4849 4725
f 4850 4852 3504
f 4726 4725 4852
f 4726 4852 4850
f 4852 3502 3504
f 4726 4850 4920
f 4850 3501 4920
f 4525 4401 4402
f 4825 4857 4858
f 4857 4859 4858
f 4861 4862 4863
f 4524 4525 4331
f 4864 4825 4865
f 4633 4748 4524
f 4296 4402 4748
f 4296 4331 4402
f 4296 4633 4331
f 4869 4517 4870
f 4748 4633 4749
f 4633 4758 4871
f 4635 4875 4876
f 4876 4874 5380
f 4874 4876 4877
f 4871 4421 4757
f 4876 4875 4877
f 4870 5132 4633
f 4633 4871 4870
f 4880 4881 5670
f 4749 4758 4748
f 4882 4877 4883
f 4884 4882 4883
f 4885 4884 4883
f 4867 4831 4825
f 4867 4825 4856
f 4978 5133 4769
f 4890 4891 5143
f 4893 4894 4895
f 4114 4716 5408
f 4898 4899 4900
f 4674 4673 4586
f 4902 4904 4671
f 4830 4904 4902
f 4830 4741 4904
f 4757 4831 4867
f 5095 4845 4844
f 3502 4841 3503
f 4601 4848 4837
f 4844 4847 4842
f 4906 4907 4908
f 4910 4740 4911
f 5731 4910 4911
f 4845 4840 4846
f 4846 4913 4847
f 4914 3501 3503
f 4836 4843 4600
f 4840 4826 4913
f 4843 4842 4834
f 4844 4836 5095
f 4836 4844 4842
f 4920 3501 4916
f 5491 4915 4841
f 4838 4837 4834
f 3501 4914 4916
f 4601 4600 4848
f 5095 4601 4838
f 4846 4840 4913
f 4711 4839 4845
f 4913 4826 4834
f 4842 4847 4834
f 4837 4848 4834
f 4848 4843 4834
f 4847 4913 4834
f 4834 4412 5915
f 4916 4914 4917
f 4920 4918 4853
f 4853 4855 4919
f 4916 4917 4918
f 4920 4919 5662
f 4920 4916 4918
f 4915 4855 4919
f 4855 3503 4919
f 3503 4915 4919
f 4917 4914 3503
f 4841 4915 3503
f 4918 4854 4853
f 4917 3503 4854
f 4918 4917 4854
f 4854 3503 4855
f 4920 4853 4919
f 4855 4915 4919
f 4919 4915 5491
f 5662 4919 5491
f 4867 4856 4646
f 6127 6126 4922
f 4923 5133 4645
f 4924 4870 4866
f 4825 4858 4925
f 4858 4859 4925
f 4926 4646 4864
f 4928 4861 4863
f 4928 4646 4861
f 4857 4929 4750
f 4857 4831 4929
f 4930 4768 4931
f 4863 4862 5133
f 4921 4932 4860
f 4933 4868 4934
f 4887 4645 5133
f 4935 4925 4865
f 4825 4935 4865
f 4825 4925 4935
f 4871 4757 4867
f 4867 4646 4765
f 4646 4645 4765
f 4856 4825 4864
f 4938 4863 5133
f 4645 4939 4923
f 4939 4938 4923
f 4926 4940 4767
f 4926 4864 4940
f 4825 4831 4857
f 4871 4867 4887
f 4870 4517 4921
f 4869 4870 4924
f 4831 4936 4929
f 4932 4921 4517
f 4869 4932 4517
f 4646 4856 4864
f 4927 4945 4870
f 4941 5132 4945
f 4870 4945 5132
f 4866 4870 4860
f 4942 4927 5132
f 4872 4927 4943
f 4927 4870 5132
f 4872 4945 4927
f 4943 4927 4942
f 4942 5132 4941
f 4926 4768 4930
f 4646 4926 4930
f 4944 4941 4945
f 4873 4946 4882
f 4874 4875 5380
f 4677 4947 4948
f 4947 4949 4948
f 4777 4950 4891
f 4777 4677 4950
f 4677 4951 4952
f 4951 4953 4952
f 4891 4954 5143
f 4978 4752 4757
f 4940 4865 4767
f 4868 4757 4751
f 4645 4928 4939
f 4928 4938 4939
f 4888 4677 4952
f 4955 4890 5143
f 4923 4938 5133
f 4928 4863 4938
f 4831 4868 4933
f 4862 4931 5133
f 4926 4767 4768
f 4929 4752 4978
f 4752 4929 4750
f 4937 4930 4931
f 4937 4646 4930
f 4929 4785 4750
f 4936 4934 4785
f 4931 4768 5133
f 4865 4925 4769
f 4936 4933 4934
f 4936 4831 4933
f 4750 4929 4769
f 4929 4978 4769
f 4936 4785 4929
f 4785 4934 4751
f 4767 4865 4769
f 4925 4859 4769
f 4864 4935 4940
f 4935 4865 4940
f 4865 4935 4864
f 4751 4757 4752
f 4857 4750 4859
f 4831 4757 4868
f 4646 4928 4645
f 4934 4868 4751
f 4859 4750 4769
f 4937 4931 4862
f 4646 4937 4861
f 4937 4862 4861
f 4765 4645 4887
f 4887 4867 4765
f 4921 5385 4870
f 4871 4887 4901
f 4871 4901 4870
f 4860 4870 4901
f 4860 4901 4921
f 4921 4901 5385
f 4635 4219 5380
f 4956 4957 4958
f 5804 4575 4632
f 4575 5804 5127
f 4777 4890 4959
f 4677 4777 4959
f 4953 4960 4888
f 4950 4954 4891
f 4219 4677 4888
f 4873 4882 4884
f 5143 4807 4883
f 4807 4885 4883
f 4635 4771 4962
f 4771 4807 4962
f 4963 4964 4965
f 4771 4966 4885
f 4771 4635 4966
f 4770 4967 4954
f 4963 4965 4968
f 4677 4963 4968
f 4877 4875 4874
f 4635 4946 4873
f 4959 4890 4955
f 4635 5380 4875
f 4966 4884 4885
f 4635 4873 4966
f 4873 4884 4966
f 4969 4970 4971
f 4635 4876 4946
f 4876 4877 4946
f 4877 4876 4883
f 4876 5380 4883
f 4946 4877 4882
f 4972 4955 4886
f 4963 4677 4635
f 4771 4885 4807
f 4963 4962 4964
f 4963 4635 4962
f 4973 4886 5143
f 4972 4959 4955
f 4972 4677 4959
f 4954 4967 5143
f 4777 4891 4890
f 4947 4971 4949
f 4961 4974 4973
f 4961 4677 4974
f 4961 4973 4970
f 4964 4807 5143
f 4883 5380 5143
f 4949 4971 5143
f 4677 4770 4950
f 4770 4954 4950
f 4960 4949 4888
f 4962 4807 4964
f 4967 4965 5143
f 4965 4964 5143
f 4770 4968 4967
f 4770 4677 4968
f 4968 4965 4967
f 4948 4949 4960
f 4947 4969 4971
f 4947 4677 4969
f 4677 4972 4974
f 4972 4886 4974
f 4970 4973 5143
f 4886 4955 5143
f 4677 4961 4969
f 4961 4970 4969
f 4971 4970 5143
f 4951 4960 4953
f 4952 4953 4888
f 4974 4886 4973
f 5143 4975 4976
f 4949 5143 4888
f 4951 4948 4960
f 4951 4677 4948
f 4979 4980 4981
f 4878 4982 5125
f 4982 4878 4983
f 4901 4887 5385
f 5132 4870 5385
f 5143 4956 4958
f 4986 4987 4988
f 4989 4990 4991
f 4648 4985 4889
f 4992 4788 5390
f 5143 4993 4794
f 4994 4995 4996
f 4995 4994 4997
f 4985 4998 4999
f 5001 5002 5666
f 5003 5004 5005
f 5006 5007 4905
f 5008 5009 5010
f 5011 5012 5005
f 5014 4793 4993
f 5016 5714 5017
f 5019 4986 5020
f 5022 4780 5714
f 5024 5025 5026
f 5030 5031 5032
f 5033 5034 5714
f 4998 5035 5036
f 5038 5039 5040
f 5041 5042 5043
f 5044 5045 5046
f 5765 5047 5048
f 5049 5050 5051
f 5054 5055 5719
f 5056 5055 5054
f 5058 5059 5060
f 5059 5058 5640
f 5719 5063 5064
f 5063 5065 5064
f 5053 5057 5066
f 5067 5068 5730
f 5069 5068 5067
f 5501 5070 5071
f 5001 5072 5073
f 5074 5585 4822
f 5063 5075 5065
f 5011 5004 4996
f 5005 5004 5011
f 5076 5077 5078
f 5056 5054 5079
f 5083 5060 5059
f 4648 5082 5262
f 4904 4741 4673
f 5084 5085 5086
f 5087 5088 5089
f 5052 4909 5492
f 5092 5093 5094
f 5082 5096 5097
f 5098 5099 5100
f 4889 5101 5102
f 5082 5103 5104
f 4674 5919 4673
f 5105 5106 5226
f 5105 5107 5106
f 5108 4866 4860
f 5731 5110 4502
f 5110 5111 4502
f 5112 5090 5074
f 5731 5113 5114
f 5113 5115 5114
f 5116 5117 5730
f 5118 5117 5116
f 5120 5121 5122
f 5123 5124 5125
f 5126 5124 5123
f 4869 4924 5128
f 4860 4932 5108
f 4943 4942 5129
f 4632 4758 5804
f 4924 4866 5108
f 4872 4943 5129
f 4749 4633 5132
f 4932 5128 5108
f 5128 4924 5108
f 4872 5129 4944
f 5129 4942 4944
f 4932 4869 5128
f 4945 4872 4944
f 5127 4219 4575
f 4942 4941 4944
f 4749 5132 4758
f 4957 5140 5134
f 5135 5140 4957
f 4956 5135 4957
f 5136 5137 4975
f 5143 4976 5138
f 5136 4975 5139
f 5143 5139 4975
f 5142 4793 5014
f 4888 5144 5142
f 5146 5036 5035
f 5036 5146 4761
f 5006 4493 5147
f 5148 5149 5150
f 5133 4978 4887
f 5385 5804 5132
f 4887 4978 5385
f 4758 5132 5804
f 5151 5028 5152
f 5137 5154 4976
f 5380 4219 5127
f 5131 5137 5136
f 5143 4958 5139
f 5143 5155 4993
f 5136 5139 5134
f 5141 5140 5135
f 5143 5141 4956
f 5141 5135 4956
f 5143 5380 5140
f 5143 5138 5156
f 5131 5145 5154
f 4976 4975 5137
f 5143 5140 5141
f 5145 5156 5138
f 5131 5142 5157
f 5145 5157 5156
f 5143 5156 5155
f 5158 5159 5160
f 4888 4794 5144
f 5145 5131 5157
f 4888 5143 4794
f 5142 5014 5157
f 5154 5138 4976
f 4888 5142 5407
f 5407 4219 4888
f 4793 4794 4993
f 5027 5148 5666
f 5390 4787 5541
f 4787 5390 4788
f 5161 5162 4892
f 5161 4999 5162
f 4772 4978 6024
f 5163 5045 5164
f 5408 4716 5443
f 5167 5168 4716
f 5169 5170 5171
f 4889 5082 4648
f 5137 5131 5154
f 5027 5147 5172
f 3517 5390 5541
f 4762 5173 4761
f 4762 4648 5173
f 5174 5175 4989
f 5176 5177 5401
f 5176 5102 5177
f 4985 5178 5035
f 5072 5001 5025
f 4716 5021 5179
f 5182 5183 5401
f 5182 5184 5183
f 5185 5186 5187
f 4993 5155 5014
f 4979 4981 5666
f 5188 5189 5125
f 5190 5189 5188
f 4716 5000 4456
f 5191 5031 5030
f 5031 5191 5401
f 5079 4995 4997
f 5194 5195 5196
f 5195 5194 5505
f 4896 5197 5030
f 4456 5000 5249
f 5082 5198 5199
f 5200 4715 4599
f 4985 5201 5202
f 5082 4889 4896
f 5036 4761 4892
f 5203 5013 4761
f 5202 5013 5203
f 4896 5030 5032
f 5197 5191 5030
f 5189 5190 5204
f 5171 5205 4900
f 5206 5207 5208
f 5082 5209 5198
f 4896 5210 5184
f 5193 5211 5212
f 5213 5012 5214
f 5034 5215 5216
f 5217 5671 5218
f 5018 5017 5219
f 5220 5221 4899
f 5028 4994 4996
f 5151 4994 5028
f 5224 5033 5186
f 5106 5029 5226
f 5062 5182 5401
f 5062 5037 5182
f 4896 5184 5037
f 5227 5228 5229
f 5064 5065 5230
f 5231 5070 5501
f 5071 5232 5501
f 5233 5234 5730
f 5233 5057 5234
f 5082 5235 5103
f 5237 5238 5239
f 5086 4456 5240
f 5241 5242 5243
f 5244 5245 5246
f 5247 5248 4892
f 5251 5252 5253
f 5262 5254 5255
f 5256 5257 5505
f 5258 5257 5256
f 5082 5562 5053
f 5264 5265 5076
f 5266 5259 5267
f 5267 5259 5268
f 5262 5269 5270
f 5082 5272 5273
f 5274 5231 5501
f 5275 5276 5277
f 5562 5083 4912
f 5053 5252 5251
f 4906 5298 5279
f 5280 5281 5075
f 5552 5282 5283
f 5282 5284 5283
f 5515 5249 5000
f 5081 5285 5640
f 5286 5285 5081
f 5288 5372 5099
f 5082 5053 5262
f 5285 5291 5640
f 5285 5292 5291
f 5081 5293 5286
f 5562 4715 5200
f 5068 4599 5730
f 5068 5200 4599
f 5262 5295 5263
f 5919 4674 5713
f 5562 5200 5069
f 5296 5297 5295
f 5297 5296 5730
f 5236 4674 4909
f 4674 5236 5935
f 5629 5372 5857
f 5300 5288 5301
f 5299 5302 5303
f 5304 5305 5306
f 4911 4740 5307
f 5308 5304 5306
f 5000 4716 4766
f 5309 5310 5311
f 5312 5313 5244
f 5629 5308 5306
f 5585 5090 5629
f 4713 5109 5262
f 5119 5254 5251
f 4908 4907 5629
f 4713 5315 5316
f 5117 5118 5263
f 5731 4502 5317
f 4502 5318 5317
f 5319 5298 5320
f 5731 5323 5324
f 5323 5325 5324
f 5053 5076 5078
f 4411 5326 5327
f 5326 5328 5327
f 5329 5330 5515
f 5332 5333 5334
f 4704 5336 5323
f 5731 4704 5323
f 5337 5338 5339
f 5000 5095 5298
f 5340 5341 5342
f 4911 5307 5113
f 5731 4911 5113
f 5343 5344 5338
f 5114 5115 5345
f 5346 5334 5347
f 5348 5349 5350
f 5269 5351 5270
f 5255 5296 5295
f 5351 5352 5290
f 5351 5269 5352
f 5353 5354 5356
f 4845 5095 5000
f 5355 5299 5303
f 5356 5299 5915
f 5341 5357 5372
f 5663 5360 5361
f 5360 5362 5361
f 5361 5363 5364
f 5663 5361 5364
f 5662 5491 4708
f 5361 5362 5363
f 4411 5327 5367
f 5327 5368 5367
f 4612 4613 4617
f 5343 5338 5337
f 4679 5118 5116
f 4713 5370 5322
f 5110 5371 5111
f 5339 5629 5306
f 5663 5332 5346
f 5332 5334 5346
f 5491 4411 4708
f 5328 5773 5368
f 4708 4723 5662
f 4411 5366 5779
f 5374 5197 5375
f 5376 5377 5378
f 5379 5130 5378
f 5381 5379 5377
f 5134 5131 5136
f 5130 5127 5378
f 5130 5379 5381
f 5382 4984 5383
f 4641 5375 4643
f 5062 5384 5037
f 5163 5203 4761
f 5164 5203 5163
f 4985 4648 4762
f 4985 5202 5164
f 4985 5045 5044
f 5140 5131 5134
f 5154 5145 5138
f 5157 5014 5155
f 5139 4958 5134
f 5157 5155 5156
f 5142 5144 4794
f 5140 5380 5131
f 5134 4958 4957
f 5387 5388 5389
f 5131 5407 5142
f 5391 5020 5158
f 5392 5393 4761
f 4977 5393 5392
f 5383 5376 5382
f 5020 4986 5647
f 5394 5217 5395
f 5396 5397 5398
f 4648 5181 5173
f 4999 4998 5162
f 4762 4760 5201
f 5399 4999 5161
f 5402 5403 4892
f 4985 5044 4977
f 5759 4498 4497
f 5211 5404 4892
f 5193 5404 5211
f 4896 5032 5406
f 5131 5380 5407
f 5124 5214 4996
f 5214 5124 5213
f 5165 5747 4881
f 5027 5172 5148
f 4991 5409 5541
f 5409 4991 4990
f 5213 5124 5126
f 4988 4774 5810
f 5404 4776 4892
f 5404 5410 4776
f 4774 4988 5411
f 5394 5412 5003
f 5329 4822 4823
f 5015 5413 5414
f 5415 5175 5416
f 5007 5006 5147
f 5418 5419 5443
f 5167 5187 5420
f 5421 5422 5125
f 5423 5422 5421
f 5223 5217 5218
f 5424 4786 4773
f 5425 5426 5010
f 4760 5013 5201
f 5424 4775 5541
f 4775 5424 4773
f 4878 5427 4983
f 5393 5046 4761
f 5393 5044 5046
f 5411 4987 5541
f 4988 4987 5411
f 4787 5424 5541
f 4786 5424 4787
f 5428 5409 4990
f 4775 5411 5541
f 4774 5411 4775
f 5429 5400 5430
f 5013 4760 4761
f 5393 4977 5044
f 5046 5163 4761
f 5045 5163 5046
f 4499 5431 4892
f 5164 5202 5203
f 4985 5164 5045
f 5202 5201 5013
f 4985 4762 5201
f 4889 5410 5193
f 5392 5146 5178
f 5146 5392 4761
f 4889 5193 5212
f 4776 5410 5432
f 5433 5432 5399
f 5433 5161 4892
f 5433 5399 5161
f 4977 5392 5178
f 5647 5159 5158
f 5165 5166 4879
f 5407 5390 4219
f 5421 5204 5423
f 4995 5054 5719
f 4995 5079 5054
f 4493 5024 5436
f 5123 5388 5126
f 5007 5147 5027
f 5085 5437 4716
f 4979 5417 4980
f 5150 5149 5417
f 5190 5188 5438
f 5439 5018 4716
f 5666 5007 5027
f 4905 5516 5408
f 4905 5408 4493
f 5440 5441 5425
f 5006 4905 4493
f 5007 5666 4905
f 5019 5391 5541
f 5020 5391 5019
f 5026 5025 5666
f 4905 5666 5516
f 5442 5428 5427
f 5391 5160 5541
f 5160 5391 5158
f 5174 4991 5541
f 4989 4991 5174
f 5178 5146 5035
f 5147 4493 5172
f 5418 5443 4895
f 5416 5174 5541
f 5174 5416 5175
f 5064 5230 5444
f 5719 5064 5444
f 5257 4903 5505
f 5257 5445 4903
f 4987 5019 5541
f 5019 4987 4986
f 5180 5159 5415
f 5160 5180 5541
f 5159 5180 5160
f 5541 5409 5125
f 4986 4988 5647
f 5180 5416 5541
f 5415 5416 5180
f 5446 5447 5448
f 4985 4977 5178
f 4889 4999 5399
f 4889 5432 5410
f 5104 5449 5272
f 5404 5193 5410
f 5183 5450 5401
f 5210 5450 5183
f 5211 5451 5212
f 5451 5211 4892
f 4889 4985 4999
f 5162 5036 4892
f 4998 5036 5162
f 5173 4892 4761
f 4776 5433 4892
f 5432 5433 4776
f 4985 5035 4998
f 4889 5399 5432
f 5191 5374 5401
f 5197 5374 5191
f 5153 4881 4625
f 4889 5102 5400
f 5688 5405 5681
f 5179 5021 5452
f 5216 5179 5452
f 5002 5073 5419
f 5453 5454 5719
f 5454 5453 5455
f 4984 5381 5383
f 5148 5172 5149
f 5456 5015 4996
f 5413 5015 5456
f 5001 5073 5002
f 5417 4493 4980
f 4981 5026 5666
f 5172 4493 5149
f 5457 5414 5009
f 4493 5436 4980
f 5149 4493 5417
f 4980 5436 4981
f 5150 5417 4979
f 5024 5026 5436
f 3517 4219 5390
f 5422 5389 5125
f 5389 5422 5387
f 5436 5026 4981
f 5242 5545 5228
f 5441 5459 4996
f 5440 5459 5441
f 5454 5455 5460
f 5420 5519 4894
f 5408 5072 4493
f 5216 5215 5179
f 5412 5395 4996
f 5394 5395 5412
f 5072 5025 5024
f 5072 5024 4493
f 4788 4992 5810
f 5186 5519 5187
f 5022 5240 4780
f 5148 5150 5666
f 5150 4979 5666
f 5015 5457 4996
f 5457 5015 5414
f 4982 5188 5125
f 5188 4982 5438
f 5437 5461 5016
f 5437 5439 4716
f 5386 5462 5402
f 5442 4878 5125
f 4878 5442 5427
f 5409 5442 5125
f 5442 5409 5428
f 5423 5387 5422
f 4983 5438 4982
f 5189 5421 5125
f 5421 5189 5204
f 4896 4889 5197
f 5430 5176 5401
f 5400 5176 5430
f 5199 5194 5196
f 4889 5212 5101
f 5212 5451 5101
f 5463 5464 5465
f 5451 5177 5101
f 4892 5177 5451
f 4642 5430 5401
f 4642 5429 5430
f 5176 5400 5102
f 4889 4643 5375
f 4889 5429 4643
f 5177 5102 5101
f 5177 4892 5401
f 4889 5375 5197
f 4889 5400 5429
f 5194 5466 5505
f 5194 5199 5466
f 5374 4641 5401
f 5374 5375 4641
f 4642 4643 5429
f 5450 5210 5406
f 5082 5196 5061
f 4625 4881 4880
f 5468 5469 5470
f 5468 5713 5469
f 5072 5443 5073
f 5033 5224 5471
f 5168 5420 4894
f 4899 5221 5545
f 5223 5456 4996
f 5456 5223 5218
f 5085 5461 5437
f 5378 5127 5376
f 5444 5472 5473
f 5552 5444 5473
f 5456 5218 5413
f 5073 5443 5419
f 5168 4893 4716
f 5002 5419 5418
f 5072 5408 5443
f 5185 5167 4716
f 5443 4893 4895
f 5025 5001 5666
f 5224 5186 5185
f 5418 4895 5666
f 5214 5011 4996
f 5011 5214 5012
f 4716 4893 5443
f 5475 5055 5056
f 5168 4894 4893
f 5452 5021 5219
f 5224 5185 4716
f 5167 5420 5168
f 5002 5418 5666
f 5055 5475 5476
f 5719 5055 5476
f 5033 5471 5034
f 5185 5187 5167
f 4895 4894 5519
f 5187 5519 5420
f 5426 5441 4996
f 5425 5441 5426
f 5395 5223 4996
f 5223 5395 5217
f 4895 5519 5666
f 5475 5477 5476
f 5389 5123 5125
f 5123 5389 5388
f 5478 5479 5515
f 5480 5474 4456
f 5085 5084 5461
f 5125 5124 4996
f 5004 5412 4996
f 5003 5412 5004
f 5232 5268 5481
f 4896 5037 5384
f 5184 5210 5183
f 4896 5406 5210
f 5482 5062 5401
f 5384 5062 5482
f 5199 5198 5466
f 5031 5192 5032
f 5401 5192 5031
f 5182 5037 5184
f 5483 5484 4892
f 4896 5384 5049
f 5198 5209 5467
f 5450 5192 5401
f 5450 5406 5192
f 5053 5078 5485
f 5050 5482 5401
f 5049 5482 5050
f 5049 5384 5482
f 5192 5406 5032
f 5486 5256 5505
f 5486 5487 5256
f 5467 5401 5505
f 5382 5376 5127
f 5034 5471 5215
f 5215 4716 5179
f 5021 5018 5219
f 5017 5714 5219
f 5241 5169 5242
f 5471 4716 5215
f 5224 4716 5471
f 5476 5453 5719
f 5453 5476 5477
f 5439 5016 5017
f 5021 4716 5018
f 5452 5219 5714
f 5034 5216 5714
f 5439 5017 5018
f 5008 5426 4996
f 5010 5426 5008
f 5437 5016 5439
f 5457 5008 4996
f 5009 5008 5457
f 5519 5186 5714
f 5216 5452 5714
f 5461 5714 5016
f 5186 5033 5714
f 5020 5647 5158
f 5440 5152 5459
f 5459 5028 4996
f 5152 5028 5459
f 4896 5038 5209
f 5039 5225 5493
f 5467 5494 5401
f 5209 5494 5467
f 5562 5495 5496
f 5466 5467 5505
f 5198 5467 5466
f 5051 5497 4896
f 5040 5493 5401
f 5040 5039 5493
f 4896 5225 5039
f 5498 5222 5505
f 5498 5103 5222
f 5257 5258 5445
f 5449 5499 5272
f 5499 5449 5505
f 5494 5209 5038
f 5498 5104 5103
f 5497 4897 4896
f 4897 5497 5401
f 5050 5497 5051
f 5497 5050 5401
f 5495 5500 5496
f 5494 5040 5401
f 5494 5038 5040
f 4896 5039 5038
f 5082 5061 5445
f 5082 5199 5196
f 5225 4896 4897
f 5493 4897 5401
f 5225 4897 5493
f 5082 5258 5487
f 4896 5049 5051
f 5082 4896 5209
f 5261 5505 5226
f 5082 5445 5258
f 5500 5502 5640
f 5495 5502 5500
f 5449 5498 5505
f 5104 5498 5449
f 4626 5503 4879
f 5919 5713 5489
f 5688 5705 5726
f 5469 5506 5470
f 5469 5507 5506
f 5469 5713 5507
f 5726 5507 5713
f 5509 5277 5510
f 4780 4782 5714
f 5240 4456 4781
f 4996 4995 5719
f 4782 5474 5511
f 5022 5086 5240
f 4782 5511 5545
f 5084 5086 5022
f 5512 5280 5719
f 5281 5280 5512
f 5480 5229 5511
f 5085 4716 4456
f 5453 5477 5455
f 5085 4456 5086
f 5243 5242 5228
f 5321 5513 5282
f 5552 5321 5282
f 5227 5480 4456
f 5514 5545 5221
f 4780 5240 4781
f 5461 5084 5714
f 5714 4782 5545
f 4781 5474 4782
f 4456 5474 4781
f 5229 5545 5511
f 5241 5243 4456
f 5228 5545 5229
f 5512 5517 5518
f 5719 5517 5512
f 5474 5480 5511
f 5227 5229 5480
f 5084 5022 5714
f 5243 5227 4456
f 5243 5228 5227
f 5517 5520 5518
f 5281 5512 5518
f 4997 4994 5151
f 5403 5521 5522
f 5523 5524 5525
f 5460 5520 5458
f 5444 5230 5472
f 5526 5074 4822
f 5454 5458 5719
f 5454 5460 5458
f 5082 5104 5272
f 4903 5445 5061
f 5487 5258 5256
f 5527 5107 5096
f 5528 4497 5529
f 5196 5195 5061
f 5068 5069 5200
f 5080 5259 5181
f 5500 5058 5496
f 5058 5500 5640
f 5527 5082 5273
f 5195 4903 5061
f 5505 4903 5195
f 5222 5103 5235
f 5562 5496 5060
f 5222 5486 5505
f 5235 5486 5222
f 5527 5261 5029
f 5082 5487 5235
f 5486 5235 5487
f 5181 5259 5274
f 5107 5029 5106
f 5531 5105 5226
f 5096 5105 5531
f 4648 5080 5181
f 5181 5501 4673
f 5070 5266 5071
f 5260 5259 5532
f 5530 5533 5534
f 5532 5259 5266
f 5530 5534 5501
f 5533 5271 5534
f 4673 5271 4904
f 5490 5535 5536
f 5165 4881 5153
f 5713 4674 5726
f 5527 5273 5261
f 5405 5935 5091
f 5538 5539 5540
f 5538 5542 5543
f 5546 5520 5460
f 5543 5052 5091
f 4909 5052 5236
f 5544 5052 5543
f 5539 5236 5052
f 5089 5547 5548
f 5549 5550 5551
f 5553 5554 5514
f 5552 5473 5490
f 5473 5535 5490
f 5544 5539 5052
f 5250 5555 5556
f 5458 5517 5719
f 5517 5458 5520
f 5731 5324 5557
f 5324 5558 5557
f 5559 5553 5249
f 5112 5526 5515
f 5554 5545 5514
f 5719 5444 5552
f 5220 4899 4898
f 5560 5514 5221
f 5559 5043 5554
f 5282 5513 5284
f 5553 5560 5249
f 5561 5556 5093
f 5043 5545 5554
f 5241 4456 5249
f 5560 5221 5220
f 5560 5220 5249
f 5205 4898 4900
f 5562 4912 5292
f 5169 5171 5545
f 5170 5249 5205
f 5169 5241 5170
f 5241 5249 5170
f 5563 5536 5555
f 5171 5170 5205
f 5242 5169 5545
f 5565 5238 5515
f 5515 5559 5249
f 5473 5472 5535
f 5559 5554 5553
f 5249 5220 4898
f 5249 4898 5205
f 5041 5043 5559
f 5041 5559 5515
f 4900 4899 5545
f 5567 5568 5237
f 5171 4900 5545
f 5569 5570 5571
f 5553 5514 5560
f 5092 5094 5572
f 5552 5092 5572
f 5573 5515 5568
f 5280 5063 5719
f 5063 5280 5075
f 5565 5571 5239
f 5574 5120 5122
f 5321 5575 5513
f 5071 5267 5232
f 5262 5576 5577
f 5502 5495 5097
f 5105 5096 5107
f 5274 5259 5260
f 5499 5261 5273
f 5505 5261 5499
f 5029 5261 5226
f 5578 5579 5248
f 5531 5226 5640
f 5496 5058 5060
f 5527 5029 5107
f 5272 5499 5273
f 5502 5531 5640
f 5502 5097 5531
f 5531 5097 5096
f 5269 5577 5352
f 5082 5527 5096
f 5082 5097 5495
f 5292 4912 5291
f 5231 5532 5070
f 5266 5267 5071
f 5274 5260 5231
f 5259 5080 5271
f 5260 5532 5231
f 5534 5271 5501
f 5259 5271 5268
f 5070 5532 5266
f 5501 5271 4673
f 5181 5274 5501
f 5562 5286 5293
f 5232 5481 5501
f 5232 5267 5268
f 5268 5533 5481
f 5481 5533 5530
f 5481 5530 5501
f 5533 5268 5271
f 5562 5292 5286
f 5581 4912 5083
f 5726 4674 5935
f 5538 5236 5539
f 5582 5583 5564
f 5552 5582 5564
f 5663 5584 5332
f 5584 5333 5332
f 5364 5586 5584
f 5663 5364 5584
f 5587 5319 5320
f 5091 5236 5538
f 5091 5935 5236
f 5542 5544 5543
f 5540 5539 5544
f 5542 5540 5544
f 5542 5538 5540
f 5538 5543 5091
f 4704 5731 5552
f 5091 5052 5492
f 5300 5301 5373
f 5246 5588 5566
f 5589 5590 5937
f 5523 5525 5478
f 5582 5591 5583
f 5355 5357 5341
f 5592 5312 5090
f 5593 5319 5587
f 5042 5573 5567
f 5552 5563 5250
f 5563 5555 5250
f 5594 5545 5570
f 5552 5561 5092
f 5561 5093 5092
f 5479 5570 5569
f 5564 5583 5595
f 5524 5087 5585
f 5330 4823 5548
f 5278 5590 5596
f 5479 5594 5570
f 5523 5478 5515
f 5087 5089 5585
f 5041 5515 5573
f 5042 5041 5573
f 5042 5567 5545
f 5552 5572 5321
f 5572 5575 5321
f 5598 5551 5590
f 5567 5573 5568
f 5478 5525 5594
f 5237 5239 5545
f 5568 5238 5237
f 5478 5594 5479
f 5515 5238 5568
f 5238 5565 5239
f 5599 5550 5549
f 5552 5599 5549
f 5239 5571 5545
f 5569 5571 5565
f 5565 5515 5569
f 5250 5556 5561
f 5552 5250 5561
f 5479 5569 5515
f 5082 5495 5562
f 5043 5042 5545
f 5567 5237 5545
f 4704 5600 5336
f 5572 5094 5575
f 5252 5294 5601
f 5592 5112 5515
f 5525 5545 5594
f 5570 5545 5571
f 5602 5603 5121
f 5490 5536 5563
f 5552 5490 5563
f 5604 5605 5606
f 5283 5284 5607
f 5599 5607 5550
f 5313 5000 5245
f 5608 5609 5610
f 5581 5059 5640
f 5581 5083 5059
f 5562 5293 5608
f 5609 5611 5640
f 5608 5611 5609
f 5291 5581 5640
f 5291 4912 5581
f 5053 5485 5294
f 5265 5077 5076
f 5730 5077 5265
f 5285 5286 5292
f 5609 4714 5610
f 4714 5609 5640
f 5608 5293 5611
f 5611 5081 5640
f 5293 5081 5611
f 4904 5271 5080
f 5053 5562 5580
f 5601 5613 5730
f 5601 5294 5613
f 5562 5060 5083
f 5234 5067 5730
f 5580 5067 5234
f 5610 4714 4715
f 5562 5069 5580
f 5552 4705 5582
f 4705 5591 5582
f 5588 5574 5566
f 5552 5598 5278
f 5598 5590 5278
f 5278 5596 5615
f 5552 5278 5615
f 5616 5617 5618
f 5246 5245 5588
f 5100 5099 5372
f 5323 5336 5325
f 5357 5303 5619
f 5524 5620 5087
f 5287 5597 5308
f 5524 5523 5620
f 5523 5515 5620
f 5620 5515 5088
f 5087 5620 5088
f 5088 5547 5089
f 5515 5547 5088
f 4705 5621 5591
f 5592 5090 5112
f 5112 5074 5526
f 5547 5330 5548
f 5324 5325 5558
f 5090 5585 5074
f 5526 4822 5329
f 5526 5329 5515
f 5515 5330 5547
f 5119 5253 5730
f 5119 5251 5253
f 5615 5596 5621
f 5329 4823 5330
f 5113 5307 5115
f 5525 5524 5585
f 5548 4823 5585
f 5089 5548 5585
f 5545 5525 5585
f 5312 5592 5313
f 5244 5313 5245
f 5520 5546 5518
f 5622 5119 5730
f 5254 5119 5622
f 5552 5615 4705
f 5615 5621 4705
f 5305 5339 5306
f 5428 5647 5427
f 5549 5551 5598
f 5552 5549 5598
f 5552 5283 5599
f 5283 5607 5599
f 5623 5100 5350
f 5562 5610 4715
f 5262 5251 5254
f 5262 5053 5251
f 5053 5066 5264
f 5057 5580 5234
f 5053 5580 5057
f 5613 5624 5730
f 5485 5624 5613
f 5233 5066 5057
f 5296 5622 5730
f 5296 5255 5622
f 4907 5279 5593
f 5265 5625 5730
f 5264 5625 5265
f 5264 5066 5625
f 5625 5233 5730
f 5066 5233 5625
f 5580 5069 5067
f 5562 5608 5610
f 5262 5118 4679
f 5308 5597 5304
f 5377 5383 5381
f 5359 5510 5627
f 5331 5347 5628
f 5338 5629 5339
f 5090 5312 5629
f 5245 5000 5588
f 5303 5302 5619
f 5602 5121 5120
f 5592 5000 5313
f 5358 5371 5110
f 5731 5358 5110
f 5630 5345 5631
f 5592 5515 5000
f 5344 5343 5632
f 5557 5558 5617
f 5552 5564 5633
f 5564 5595 5633
f 5023 4908 5603
f 5120 5574 5298
f 5566 5574 5122
f 5602 5120 5298
f 5023 5602 5298
f 5574 5000 5298
f 5312 5244 5629
f 5244 5246 5629
f 5317 5634 5360
f 5731 5317 5360
f 5000 5574 5588
f 4906 4908 5023
f 5731 5616 4910
f 5616 5618 4910
f 4907 4906 5279
f 5255 5254 5622
f 5320 5597 5287
f 5279 5298 5319
f 5023 5603 5602
f 5358 5631 5371
f 5633 5600 4704
f 5552 5633 4704
f 5301 5288 5099
f 4906 5023 5298
f 4908 5629 5603
f 5338 5344 5372
f 5603 5629 5121
f 5121 5629 5122
f 5246 5566 5629
f 5295 5297 5263
f 5566 5122 5629
f 5557 5617 5616
f 5731 5557 5616
f 5587 5320 5287
f 4910 5618 4740
f 5633 5595 5600
f 5294 5485 5613
f 5663 5331 5635
f 5331 5628 5635
f 4680 5116 5730
f 4679 5116 4680
f 5262 4678 5576
f 5352 5289 5290
f 5577 5289 5352
f 5053 5264 5076
f 5262 5255 5295
f 6562 5639 6043
f 5253 5601 5730
f 5252 5601 5253
f 5077 5624 5078
f 5624 5077 5730
f 5593 5279 5319
f 5298 5597 5320
f 5624 5485 5078
f 5053 5294 5252
f 5731 5630 5358
f 5630 5631 5358
f 5298 5305 5304
f 5635 5628 5276
f 5289 5577 5576
f 5587 5287 5629
f 5337 5339 5305
f 5597 5298 5304
f 5632 5373 5349
f 5287 5308 5629
f 5376 5383 5377
f 5298 5337 5305
f 5298 5343 5337
f 5300 5342 5288
f 4907 5593 5629
f 5364 5363 5586
f 4502 5111 5318
f 5593 5587 5629
f 5360 5634 5362
f 4411 5779 4708
f 5114 5345 5630
f 5731 5114 5630
f 5731 5360 5663
f 5346 5347 5331
f 5663 5346 5331
f 5317 5318 5634
f 5262 5263 5118
f 5289 5641 5730
f 5576 5641 5289
f 5642 5335 5638
f 5335 5642 5290
f 5297 5117 5263
f 5117 5297 5730
f 5289 5730 5290
f 5262 4679 4678
f 5576 4678 5641
f 5641 4680 5730
f 4678 4680 5641
f 5262 5577 5269
f 4713 5262 5638
f 5270 5642 5638
f 5298 5095 5373
f 5343 5373 5632
f 5589 5307 4740
f 5343 5298 5373
f 5344 5632 5348
f 5373 5098 5623
f 5348 5632 5349
f 5349 5623 5350
f 5373 5623 5349
f 5099 5098 5301
f 5098 5100 5623
f 5344 5348 5372
f 5357 5355 5303
f 5350 5100 5372
f 5301 5098 5373
f 5340 5342 5300
f 5340 5300 5373
f 5341 5372 5342
f 5355 5340 5373
f 5348 5350 5372
f 5629 5338 5372
f 5355 5341 5340
f 5299 5354 5302
f 5342 5372 5288
f 5671 5012 5213
f 5584 5586 5333
f 5635 5276 5275
f 5663 5635 5275
f 4713 5638 5315
f 4713 5316 5370
f 5351 5642 5270
f 5642 5351 5290
f 5262 5270 5638
f 5730 5322 5290
f 5643 5335 5290
f 5643 5315 5335
f 5315 5638 5335
f 5644 5643 5290
f 5316 5643 5644
f 5643 5316 5315
f 5370 5316 5644
f 5322 5644 5290
f 5370 5644 5322
f 5373 5095 5299
f 5355 5373 5299
f 5302 5354 5353
f 5367 5368 5365
f 5356 5354 5299
f 5619 5302 5353
f 5663 5275 5509
f 5275 5277 5509
f 5353 5356 5372
f 5372 5356 5915
f 5357 5619 5372
f 5619 5353 5372
f 5359 5627 5645
f 4411 5359 5645
f 5359 4411 5663
f 5645 5627 4660
f 5509 5510 5359
f 5663 5509 5359
f 4411 5645 4659
f 5645 4660 4659
f 4659 4661 5326
f 4411 4659 5326
f 5366 5367 5365
f 5367 5366 4411
f 5327 5328 5368
f 5326 4661 5328
f 5322 5109 4713
f 5322 5725 5109
f 4625 4880 4626
f 5648 5649 5650
f 5651 5649 5648
f 5652 5772 5648
f 5915 5299 5095
f 5382 4879 5653
f 5779 5366 5773
f 4723 4708 4617
f 4660 5773 4661
f 5746 4617 4708
f 4613 5369 4617
f 5746 4708 4627
f 5746 4621 5655
f 5366 5365 5773
f 5656 5578 5247
f 5658 6107 5659
f 4621 5369 4613
f 5662 4621 5746
f 5670 5660 5661
f 4621 4612 5655
f 4612 4617 5655
f 5369 5662 4723
f 5369 4723 4617
f 5662 5369 4621
f 5655 4617 5746
f 5664 3223 3225
f 3223 5664 5665
f 5166 4626 4879
f 5667 5668 5669
f 5165 4879 5747
f 4625 5166 5153
f 5661 4880 5670
f 5377 5379 5378
f 5153 5166 5165
f 5127 4879 5382
f 4881 5747 5670
f 5647 5438 4983
f 5175 5647 4989
f 5446 5448 5434
f 5672 5673 5674
f 4772 5385 4978
f 5127 5407 5380
f 5447 4637 5676
f 5492 5408 5516
f 4774 4773 5810
f 4773 4786 5810
f 4786 4788 5810
f 4988 5810 5647
f 5678 5679 5680
f 5204 5647 5423
f 5489 5488 5675
f 6332 5682 6159
f 5683 5667 5669
f 5647 4990 4989
f 5521 5677 5522
f 5684 5528 5529
f 5434 5483 4892
f 5679 5685 5680
f 5686 5748 5386
f 5687 5678 5434
f 4637 5685 5679
f 4647 5681 4673
f 4673 5681 4647
f 5688 5681 4647
f 5671 5647 5810
f 5647 5175 5415
f 5516 5666 5519
f 4637 5686 5689
f 5647 5190 5438
f 5690 5463 5691
f 5247 5578 5248
f 5529 4499 4892
f 5047 5667 5683
f 5677 5692 5693
f 5694 5695 5401
f 5640 5226 5505
f 5674 5687 5434
f 5672 4637 5673
f 5687 5696 5678
f 4647 5489 5681
f 5698 5504 5699
f 5726 5405 5688
f 5700 5489 5701
f 5681 5489 5713
f 5688 5702 5705
f 5675 5698 5701
f 5688 5703 5702
f 5704 5705 5508
f 5671 5388 5387
f 5765 5667 5047
f 5647 5671 5387
f 5190 5647 5204
f 5647 5428 4990
f 5484 5386 5402
f 5700 5701 5697
f 4673 5919 4647
f 5697 5504 5488
f 5489 5708 5488
f 5489 5675 5701
f 5675 5504 5698
f 5504 5675 5488
f 5698 5699 5697
f 5701 5698 5697
f 5700 5697 5488
f 5699 5504 5697
f 5713 5489 5707
f 5707 5488 5708
f 5713 5707 5708
f 5468 5470 5537
f 5726 5705 5704
f 5709 5508 5711
f 5713 5706 5709
f 5709 5703 5688
f 5704 5508 5709
f 5703 5709 5711
f 5726 5704 5709
f 5470 5506 5537
f 5712 5705 5702
f 5506 5507 5710
f 5711 5508 5712
f 5711 5712 5702
f 5711 5702 5703
f 5508 5705 5712
f 4626 4880 5503
f 5492 5405 5091
f 5516 5714 5545
f 5715 5716 6314
f 5716 5877 6314
f 5529 4497 4499
f 5765 5579 5578
f 5488 5707 5700
f 5707 5489 5700
f 5506 5706 5537
f 5706 5506 5710
f 5706 5468 5537
f 5706 5713 5468
f 5706 5710 5709
f 5507 5726 5709
f 5710 5507 5709
f 5935 5405 5726
f 5065 5546 5230
f 5545 5585 5857
f 5639 5717 5718
f 5695 5309 5311
f 5519 5714 5516
f 5546 5477 5475
f 5721 5722 4892
f 4892 5248 5401
f 5465 5464 5206
f 5723 5724 5401
f 5612 5725 5505
f 5695 5311 5505
f 5546 5079 4997
f 5857 5516 5545
f 5311 5310 5728
f 5248 5723 5401
f 5009 5671 5010
f 5093 5937 5094
f 5671 5003 5005
f 5310 5764 5612
f 5585 5629 5857
f 5671 5152 5440
f 5591 5589 5583
f 5546 5475 5056
f 5607 5937 5550
f 5284 5937 5607
f 5589 5111 5371
f 5372 5915 5857
f 5589 5631 5345
f 5735 5626 5736
f 5737 5738 5739
f 4627 4708 5779
f 5740 5741 5742
f 5741 5740 5637
f 5277 5773 5510
f 5743 5744 5736
f 5717 5639 5745
f 4411 5491 5663
f 5334 5773 5347
f 5773 5328 4661
f 5368 5773 5365
f 5503 5661 5653
f 5660 5670 4984
f 5660 5653 5661
f 5722 5683 4892
f 5653 4879 5503
f 5130 5670 5127
f 5127 5747 4879
f 5660 4984 5382
f 4880 5661 5503
f 4984 5130 5381
f 5653 5660 5382
f 4984 5670 5130
f 5748 5677 5521
f 5733 5749 5434
f 5314 5674 5434
f 5668 5656 5750
f 5173 5733 5434
f 5402 5462 5403
f 5427 5647 4983
f 5159 5647 5415
f 5680 5685 5446
f 5647 5387 5423
f 5314 5672 5674
f 4892 5173 5434
f 5678 5680 5434
f 5696 5673 4637
f 5696 5679 5678
f 5684 5529 4892
f 5012 5671 5005
f 5753 5689 5483
f 5733 5811 4637
f 5752 5672 5314
f 5435 5752 5314
f 5181 5811 5173
f 5431 5721 4892
f 5484 5402 4892
f 5483 5686 5484
f 5385 4772 5804
f 5685 4637 5447
f 5685 5447 5446
f 5048 5047 5722
f 5681 5405 5492
f 5388 5671 5126
f 4992 5390 5407
f 4637 5672 5752
f 5686 5386 5484
f 4637 5689 5676
f 5754 5755 5756
f 5749 5752 5435
f 5435 5314 5434
f 5448 5753 5434
f 5757 5048 5721
f 5749 5733 4637
f 4637 5752 5749
f 5434 5749 5435
f 5173 5811 5733
f 5680 5446 5434
f 5448 5676 5753
f 5522 5677 5693
f 5673 5696 5687
f 5679 5696 4637
f 5674 5673 5687
f 5386 5748 5462
f 5447 5676 5448
f 4498 5757 5431
f 5403 5522 4892
f 5667 5765 5668
f 5676 5689 5753
f 5753 5483 5434
f 4499 4498 5431
f 5431 5757 5721
f 5689 5686 5483
f 4637 5748 5686
f 5522 5693 4892
f 5759 4497 5528
f 5462 5521 5403
f 5757 5765 5048
f 5748 5521 5462
f 5759 5765 4498
f 5693 5684 4892
f 5693 5692 5684
f 5760 5761 5762
f 5671 5425 5010
f 4996 5541 5125
f 5671 5394 5003
f 5677 5748 5692
f 5692 5528 5684
f 5748 5759 5692
f 5750 5247 4892
f 5692 5759 5528
f 5724 5690 5691
f 5764 5464 5463
f 5722 5047 5683
f 5669 5750 4892
f 4498 5765 5757
f 5721 5048 5722
f 5309 5764 5310
f 5413 5671 5414
f 5763 5690 5724
f 5671 5213 5126
f 5218 5671 5413
f 4996 3517 5541
f 5546 5281 5518
f 5671 5217 5394
f 5464 5207 5206
f 5414 5671 5009
f 5669 5668 5750
f 5723 5763 5724
f 5750 5656 5247
f 5208 5694 5401
f 5465 5206 5401
f 5764 5463 5690
f 5765 5656 5668
f 5764 5690 5763
f 5683 5669 4892
f 5579 5765 5763
f 5765 5578 5656
f 5579 5763 5723
f 5691 5465 5401
f 5765 5764 5763
f 5691 5463 5465
f 5724 5691 5401
f 5207 5766 5208
f 5248 5579 5723
f 5728 5612 5505
f 5401 5695 5505
f 5713 4647 5681
f 5709 5688 4647
f 5405 5492 5091
f 5477 5546 5455
f 5546 5151 5152
f 5671 5440 5425
f 5075 5546 5065
f 5546 5152 5671
f 5546 4997 5151
f 5767 5309 5695
f 5208 5766 5694
f 5766 5767 5694
f 5546 5535 5472
f 5311 5728 5505
f 5694 5767 5695
f 5464 5764 5207
f 5535 5937 5536
f 5207 5764 5766
f 5310 5612 5728
f 5764 5767 5766
f 5206 5208 5401
f 5764 5309 5767
f 5552 3517 5719
f 5919 5489 4647
f 5489 5713 5708
f 4647 5713 5709
f 5937 5535 5546
f 5546 5056 5079
f 4996 5719 3517
f 5455 5546 5460
f 3517 5552 5491
f 5281 5546 5075
f 5621 5589 5591
f 5725 5640 5505
f 5546 5472 5230
f 5937 5555 5536
f 5612 5764 5181
f 5555 5937 5556
f 5937 5551 5550
f 5589 5595 5583
f 5575 5937 5513
f 5937 5575 5094
f 5937 5093 5556
f 5937 5284 5513
f 5640 5725 5730
f 5590 5589 5596
f 5731 5491 5552
f 5937 5590 5551
f 5589 5621 5596
f 5595 5589 5600
f 5589 5325 5336
f 5589 5336 5600
f 5631 5589 5371
f 5589 5115 5307
f 5589 5618 5617
f 5325 5589 5558
f 5362 5773 5363
f 5558 5589 5617
f 5618 5589 4740
f 5729 5725 6107
f 6107 6024 5729
f 5111 5589 5318
f 5730 5725 5322
f 5773 5362 5634
f 5318 5589 5634
f 5115 5589 5345
f 5773 5634 5589
f 5663 5491 5731
f 5773 5277 5276
f 6132 5769 5770
f 5769 6132 5771
f 5636 5637 5774
f 5775 5658 5776
f 5658 5775 6107
f 5777 5775 5778
f 5773 4660 5627
f 5780 5781 3225
f 5782 5783 5784
f 5786 5787 5788
f 5787 5789 5788
f 5791 5995 5792
f 5773 5333 5586
f 5773 5627 5510
f 5773 5586 5363
f 5773 5628 5347
f 5333 5773 5334
f 5628 5773 5276
f 6054 5662 5746
f 5746 4627 3226
f 3226 6054 5746
f 5795 5796 5793
f 5797 5798 5799
f 5800 5785 5801
f 5906 5802 5803
f 5670 5747 5127
f 4673 4647 5181
f 5805 5806 5807
f 5808 5784 5783
f 5758 5810 5720
f 5671 5810 5758
f 5937 5671 5758
f 6166 5604 5816
f 5604 5606 5816
f 5492 4647 5681
f 5636 5774 5800
f 5777 5778 5821
f 5822 5794 5823
f 5824 5825 5826
f 5810 4992 5720
f 5662 6054 5915
f 5779 5589 5937
f 5764 5765 5759
f 5606 5996 5828
f 5829 5830 5831
f 5546 5671 5937
f 5748 4637 5811
f 5833 6202 5834
f 5589 5779 5773
f 4627 3224 3223
f 5838 5839 5793
f 5821 5785 5840
f 5837 5785 5776
f 5922 5734 3224
f 5837 5659 5785
f 6107 5725 5659
f 5841 5800 5801
f 5776 5785 5778
f 5821 5778 5785
f 5775 5776 5778
f 5658 5837 5776
f 5658 5659 5837
f 5842 4922 5843
f 5659 5725 5785
f 5844 6274 5845
f 5846 5847 5848
f 5849 5995 5850
f 5851 5852 2784
f 5853 5851 2784
f 5854 5855 5856
f 5744 5652 5735
f 5858 5859 5860
f 5861 5859 5858
f 5862 5863 5864
f 5637 5858 5865
f 5858 5860 5865
f 5866 5922 5867
f 5793 4627 3223
f 5793 3223 5665
f 5868 5866 5867
f 5868 5869 5866
f 5870 5867 5922
f 5870 5868 5867
f 5871 5856 5822
f 5868 5870 5872
f 5869 5873 5866
f 5793 5665 5795
f 5796 5781 5780
f 5796 5795 5781
f 5873 5874 5866
f 5874 5922 5866
f 4627 5779 3224
f 5796 5780 3225
f 5780 5796 5734
f 3224 5796 3225
f 5734 5796 3224
f 5781 5664 3225
f 5781 5665 5664
f 5665 5781 5795
f 5759 5748 5811
f 5879 5880 5881
f 5882 5754 5756
f 5883 5882 5756
f 5885 5894 5886
f 4992 5768 5720
f 6200 5888 5824
f 5889 5816 5828
f 5889 6166 5816
f 5820 5895 5819
f 5897 5898 5899
f 5816 5606 5828
f 5817 5875 4435
f 5894 5901 5902
f 5760 5805 5761
f 5761 5903 5762
f 5802 5907 5908
f 5907 5884 5908
f 5805 5807 5761
f 5817 5894 5902
f 5909 5875 5902
f 5875 5817 5902
f 5901 5909 5902
f 5876 5885 5910
f 5908 5911 5803
f 5911 5908 5884
f 5913 5914 5806
f 5907 5891 5884
f 5916 5917 5918
f 5916 6067 5917
f 5906 5891 5923
f 5906 5923 5802
f 5812 6024 6107
f 5923 5907 5802
f 5892 5884 5891
f 4435 5806 5805
f 5725 5612 5181
f 5759 5811 5181
f 5925 5926 5927
f 4435 5875 5876
f 5871 5794 5856
f 5780 5734 5922
f 5928 5860 5912
f 5913 5886 5914
f 5929 5930 5922
f 5930 5929 5931
f 5932 5839 5854
f 5839 5932 5793
f 5946 5933 5934
f 5492 5405 5091
f 5917 5936 5918
f 5759 5181 5764
f 5836 5938 5637
f 5939 5924 5940
f 5803 5911 5939
f 5720 5900 5906
f 5914 5903 5807
f 5941 6220 5942
f 5945 5785 5859
f 5774 5938 5949
f 5938 5774 5637
f 5775 5777 5637
f 6107 5775 5637
f 5797 5950 5951
f 6166 5952 5953
f 5952 5954 5953
f 5911 5884 5924
f 5955 5950 5948
f 5955 5951 5950
f 5946 5956 5957
f 5938 5840 5949
f 5836 5840 5938
f 5636 5841 5637
f 5797 5958 5912
f 5922 3224 5779
f 5637 5740 5861
f 6087 5939 5940
f 5799 5960 5961
f 5933 5799 5961
f 5962 5736 5626
f 5945 5742 5785
f 5836 5821 5840
f 6171 6726 6024
f 5913 5910 5886
f 6132 5957 5771
f 5841 5636 5800
f 5637 5777 5836
f 5793 5932 5871
f 5777 5821 5836
f 5785 5949 5840
f 5800 5949 5785
f 5859 5785 5860
f 5774 5949 5800
f 5841 5741 5637
f 5861 5945 5859
f 5797 5799 5933
f 5885 5964 5894
f 5785 5725 5969
f 5965 5966 5967
f 5966 5965 5968
f 5741 5801 5742
f 5801 5741 5841
f 5797 5970 5971
f 5740 5742 5945
f 5742 5801 5785
f 5861 5740 5945
f 5861 5858 5637
f 5900 5720 5768
f 5682 5972 5851
f 5972 5852 5851
f 5973 5974 5975
f 6067 5974 5973
f 5977 5978 5948
f 5956 5978 5977
f 5979 5744 5743
f 6562 6249 5745
f 6249 5980 5745
f 5855 5922 6236
f 5981 5931 5793
f 5982 5917 6067
f 5983 5971 5970
f 5796 5780 5873
f 5793 5868 5872
f 5873 5780 5874
f 5780 5922 5874
f 5838 5929 5922
f 5838 5931 5929
f 5982 5984 5936
f 6166 5985 5952
f 5986 5982 6067
f 5869 5868 5793
f 5930 5870 5922
f 5930 5981 5870
f 6067 5987 5988
f 5870 5981 5872
f 5796 5873 5793
f 3226 4627 5793
f 5873 5869 5793
f 5981 5930 5931
f 5872 5981 5793
f 5793 5931 5838
f 5988 5987 5823
f 5987 5822 5823
f 5839 5855 5854
f 5982 5986 5984
f 5986 5989 5984
f 5838 5922 5855
f 5839 5838 5855
f 5987 5871 5822
f 3226 5793 6067
f 6024 5817 4435
f 5990 4435 5760
f 5876 5991 5964
f 5992 4566 5993
f 5978 5994 5948
f 5817 5903 5894
f 5875 5909 5991
f 5761 5807 5903
f 5997 5998 5820
f 5999 6104 6000
f 6001 5990 5762
f 5997 6002 5998
f 5900 5892 5891
f 6004 5884 6005
f 6006 6004 6005
f 6007 6008 6314
f 6087 5940 6006
f 4435 5910 5913
f 5890 6011 6010
f 5892 5768 5727
f 6107 5637 5946
f 5906 5803 6087
f 6087 6012 6014
f 5903 5817 6605
f 5820 5892 5727
f 6068 5903 6605
f 4673 5181 4647
f 5991 5901 5964
f 5934 5994 5896
f 6019 5905 5904
f 6015 5832 5880
f 5516 5857 5492
f 5802 5908 5803
f 6020 5997 5820
f 5886 5903 5914
f 5760 4435 5805
f 5803 5939 6087
f 5906 5900 5891
f 6024 5812 5817
f 5892 5900 5768
f 6306 2786 5830
f 6021 2786 6306
f 5909 5901 5991
f 5939 5911 5924
f 6022 6011 6023
f 5884 5892 5820
f 4435 5913 5806
f 5990 5760 5762
f 5891 5907 5923
f 4435 5876 5910
f 5875 5991 5876
f 5806 5914 5807
f 5901 5894 5964
f 5954 5996 5605
f 5886 5894 5903
f 5910 5885 5886
f 5876 5964 5885
f 5903 6001 5762
f 6166 5990 5985
f 6012 6025 6026
f 6027 6028 6029
f 6030 6015 5880
f 5989 6236 5984
f 5946 5637 5797
f 5855 5794 5871
f 5794 5855 6236
f 6012 6087 6031
f 5896 5994 5978
f 6023 6011 6032
f 5906 6087 5720
f 5798 6033 6034
f 6242 6035 6036
f 5860 5785 5912
f 6038 6016 5920
f 5606 5605 5996
f 5797 5951 5970
f 5779 6236 5922
f 5971 6033 5797
f 5958 5865 5928
f 5865 5958 5637
f 5898 6040 6155
f 5897 6040 5898
f 6041 5977 5769
f 5977 6041 5957
f 5396 5398 6042
f 5856 5794 5822
f 4647 5857 6344
f 5950 5797 5912
f 5950 5912 5948
f 6166 6171 6024
f 5797 5637 5958
f 5937 5758 5720
f 5865 5860 5928
f 5952 5985 6045
f 6244 6046 6251
f 6047 5948 5960
f 5798 6047 5960
f 5896 5956 5946
f 5933 5994 5934
f 5946 5957 6132
f 6049 6050 5852
f 6050 6051 5852
f 5797 6033 5798
f 5797 5933 5946
f 5958 5928 5912
f 6033 5971 6052
f 5957 5956 5977
f 6052 5983 5948
f 5983 6052 5971
f 5983 5955 5948
f 5983 5970 5955
f 6034 6052 5948
f 6034 6033 6052
f 5785 5969 5948
f 5970 5951 5955
f 5948 5912 5785
f 6047 6034 5948
f 6047 5798 6034
f 5969 5725 6266
f 5771 6041 5769
f 5771 5957 6041
f 6053 5862 5864
f 6055 5397 5396
f 5770 5769 5969
f 6056 6236 6029
f 6057 5918 6236
f 5738 6058 6059
f 5799 5798 5960
f 5871 5932 5856
f 5932 5854 5856
f 5917 5982 5936
f 5793 5871 6067
f 5871 5987 6067
f 5986 5988 5989
f 5988 5986 6067
f 6054 5738 5737
f 5974 6060 5975
f 6061 5974 6067
f 5823 5794 6236
f 6062 6063 6064
f 6236 5918 5936
f 6054 6027 6065
f 5989 5823 6236
f 5989 5988 5823
f 5984 6236 5936
f 5855 5871 5856
f 6054 3226 6067
f 5916 5918 6057
f 6066 5916 6057
f 6066 6067 5916
f 6025 6070 6026
f 6071 6072 6073
f 6024 4435 6166
f 6290 5716 6074
f 6075 5853 6076
f 6077 6078 6198
f 6070 5884 6040
f 6026 6070 6040
f 6087 6014 6093
f 6079 6070 6025
f 6070 6079 5884
f 6012 6026 6080
f 4922 5881 5883
f 5843 4922 5883
f 5905 6019 6081
f 5973 5975 6063
f 6062 5973 6063
f 6087 6093 5720
f 6017 5814 6605
f 6082 6104 6083
f 6084 6085 4512
f 6085 6084 6086
f 5881 4922 5879
f 4647 5492 5857
f 6197 6088 6089
f 6010 6011 6002
f 4992 5407 6615
f 5727 5768 6011
f 6004 5924 5884
f 5940 5924 6004
f 5961 5960 5948
f 6090 5884 5827
f 4565 6090 5827
f 5820 6091 5895
f 6012 6031 4565
f 6012 5992 6025
f 4565 5827 4566
f 6272 6043 5639
f 6006 6005 6031
f 6061 6094 6060
f 5974 6061 6060
f 5819 6095 5820
f 6096 6010 5997
f 6096 5890 6010
f 5820 5727 6020
f 6097 6098 6099
f 5998 6022 6091
f 5727 5890 6020
f 5890 5727 6011
f 5890 6096 6020
f 5895 6032 5819
f 6095 6558 5820
f 6096 5997 6020
f 6010 6002 5997
f 6032 6095 5819
f 6002 6022 5998
f 5895 6023 6032
f 6014 6012 6100
f 6166 5889 6101
f 5889 6102 6101
f 6080 6026 5897
f 5996 6068 6103
f 5828 5996 5905
f 4992 6558 5768
f 4922 6126 5879
f 6105 6242 2899
f 6106 6019 5904
f 6026 6040 5897
f 6022 6023 6091
f 6095 6011 6558
f 6032 6011 6095
f 6002 6011 6022
f 6004 6006 5940
f 6091 6023 5895
f 6031 6090 4565
f 6012 4566 5992
f 5952 6045 5954
f 6069 6068 6605
f 5820 5998 6091
f 4435 5990 6166
f 6012 6080 6100
f 6068 6069 6103
f 5985 6001 6045
f 6087 6006 6031
f 5990 6001 5985
f 6005 6090 6031
f 5884 6090 6005
f 5604 5953 5605
f 5604 6166 5953
f 6001 5903 6045
f 6102 5828 5905
f 6103 5813 6108
f 6103 6069 5813
f 5813 6069 6605
f 6109 5904 6110
f 5992 6079 6025
f 5899 6080 5897
f 5953 5954 5605
f 5954 6045 5996
f 6045 5903 5996
f 5993 5827 5884
f 5993 4566 5827
f 5905 6108 5814
f 6016 6017 6605
f 6108 5813 5814
f 5996 5903 6068
f 5814 5813 6605
f 5905 5814 6017
f 5889 5828 6102
f 6019 6111 6081
f 5905 5996 6108
f 5996 6103 6108
f 6111 6101 6081
f 6101 6111 6166
f 6102 5905 6081
f 6101 6102 6081
f 5992 5993 6079
f 5993 5884 6079
f 6112 6113 6114
f 6014 6013 6093
f 2899 6115 6116
f 6118 6119 6120
f 6242 6036 6121
f 6122 6556 6123
f 5772 5651 5648
f 6125 5715 6072
f 6128 5943 5962
f 6129 5651 5732
f 5651 5772 5732
f 5915 6054 6039
f 6123 6130 6089
f 5899 6131 6112
f 5937 5720 6241
f 5654 6132 6244
f 5946 5934 5896
f 6726 5812 6107
f 5880 5832 6009
f 6135 6136 6137
f 6331 5946 5654
f 6107 5946 6331
f 5980 6138 5745
f 6250 6044 5626
f 6055 6132 5770
f 5737 6140 6287
f 6058 6141 6059
f 5769 5977 5948
f 6129 5732 5650
f 5649 6129 5650
f 6244 5396 6042
f 5857 5915 5772
f 6244 6055 5396
f 5994 5961 5948
f 5994 5933 5961
f 5978 5956 5896
f 5969 5769 5948
f 5397 6055 5770
f 6143 6009 5882
f 6037 5791 5835
f 6145 5783 5782
f 6065 6146 6054
f 5651 6129 5649
f 6148 5743 5736
f 5732 5772 5915
f 5744 5735 5736
f 6274 6149 6138
f 5732 5626 5650
f 5626 5732 5915
f 6039 6054 6635
f 6066 6061 6067
f 6061 6066 6094
f 6150 6062 6064
f 5973 6062 6067
f 6146 6151 6152
f 6142 6152 6141
f 6062 6150 6054
f 6028 6056 6029
f 6054 6150 6028
f 6150 6064 6056
f 6142 6146 6152
f 6056 6064 6236
f 6067 6062 6054
f 6054 6028 6027
f 5975 6236 6063
f 6028 6150 6056
f 6027 6029 6153
f 6065 6027 6153
f 6066 6057 6094
f 6151 6236 6152
f 6057 6236 6094
f 5975 6060 6236
f 6060 6094 6236
f 6064 6063 6236
f 6009 5832 5882
f 5920 6016 6605
f 6126 5809 5657
f 6155 6558 6156
f 5842 6157 6158
f 6159 6075 6117
f 6332 6159 6117
f 6166 6160 6161
f 6160 6162 6161
f 6163 6164 6165
f 6127 5842 6158
f 2784 2786 6021
f 5832 5754 5882
f 6169 6170 4512
f 6173 6174 6175
f 6174 6828 6175
f 5804 4772 6200
f 6126 6127 6158
f 6177 6178 6179
f 6180 6181 6536
f 6181 6180 6182
f 6183 5883 5756
f 5755 6183 5756
f 5888 5843 5825
f 5824 5888 5825
f 6093 6013 5947
f 6131 6113 6112
f 6113 6131 6155
f 6114 6186 6187
f 5884 5820 6155
f 6080 5899 6112
f 6160 6188 6189
f 6160 6166 6188
f 6131 6190 6100
f 6131 6112 6190
f 6110 5904 5905
f 6080 6131 6100
f 6080 6112 6131
f 6158 5888 6200
f 5832 5809 6199
f 6071 6073 6049
f 4647 6344 5815
f 6018 5407 5127
f 5905 6017 6038
f 5407 6018 6615
f 6118 6192 6315
f 6040 5884 6155
f 6166 6109 6188
f 6109 6110 6188
f 5820 6558 6155
f 6192 6122 6088
f 6558 6011 5768
f 6166 6111 6106
f 6111 6019 6106
f 6109 6106 5904
f 6109 6166 6106
f 6160 6189 6162
f 6113 6155 6186
f 6114 6113 6186
f 6100 6190 5947
f 6190 6329 5947
f 6193 6194 6195
f 6194 6155 6195
f 6195 6178 6177
f 6155 6178 6195
f 5905 6038 5920
f 5899 5898 6131
f 5898 6155 6131
f 6188 6110 6189
f 6017 6016 6038
f 6110 5905 6189
f 6161 6162 6147
f 5905 5920 5921
f 6189 5905 5921
f 6193 6195 6177
f 5181 4673 6616
f 6145 5782 6201
f 5829 6145 6201
f 6194 6186 6155
f 5972 6203 5826
f 5825 5972 5826
f 6192 6204 6122
f 5824 5826 6205
f 5826 6203 6205
f 6037 5181 6197
f 5657 5809 6030
f 5787 5786 6206
f 6207 6580 6208
f 6209 6207 6208
f 6008 6210 6314
f 6200 5824 6205
f 5735 5648 5650
f 5735 5652 5648
f 6212 6213 5646
f 6092 6214 6191
f 6215 6216 6217
f 6218 6219 5887
f 6221 6222 6223
f 6224 6221 6223
f 6134 6197 6133
f 5881 6143 5883
f 6143 5882 5883
f 2784 6007 2785
f 2784 6008 6007
f 6226 6227 6228
f 6344 6620 5815
f 6229 6230 6231
f 6232 6233 6105
f 6107 6331 6726
f 6234 5893 6235
f 6333 6237 6176
f 6237 6206 6176
f 6238 6239 6240
f 6650 6242 6243
f 6178 6155 6156
f 6227 6245 6652
f 6226 6245 6227
f 6331 5654 5614
f 6097 6099 6046
f 6246 6247 6136
f 6246 6248 6247
f 6680 6249 6562
f 6252 6253 6098
f 5654 5946 6132
f 6274 5626 6149
f 5944 6128 6044
f 6254 6255 6536
f 6255 6254 6256
f 5972 6049 5852
f 6146 6142 6054
f 6244 6042 6252
f 6156 6558 6329
f 6257 6258 6259
f 6274 6250 5626
f 5962 6148 5736
f 5943 6128 5944
f 6043 6149 5626
f 6261 6262 6263
f 5915 6039 5626
f 6128 5962 6044
f 6075 6076 6117
f 5782 6264 6265
f 6201 5782 6265
f 5614 5654 6244
f 6244 6097 6046
f 5614 6244 6331
f 6046 6099 6251
f 6267 6035 6238
f 6133 6130 6134
f 5857 5772 6144
f 5744 5979 5652
f 5626 5735 5650
f 6037 6268 6269
f 6204 6556 6122
f 6269 6270 6271
f 6269 6268 6270
f 5944 6250 5772
f 5718 6149 6272
f 6148 5979 5743
f 5862 6273 5863
f 6044 5962 5626
f 5979 5772 5652
f 6250 5944 6044
f 5943 6148 5962
f 5772 5943 5944
f 5772 5979 6148
f 5943 5772 6148
f 5738 6059 5739
f 5682 6205 6203
f 5739 5959 6275
f 6276 6140 6277
f 6132 6055 6244
f 6042 5398 6253
f 6042 6253 6252
f 5397 5770 5969
f 6252 6098 6097
f 6244 6252 6097
f 6098 6253 5969
f 5398 5397 5969
f 6253 5398 5969
f 6099 6098 6251
f 6098 5969 6251
f 5969 6266 6654
f 6266 5725 6279
f 6654 5976 6251
f 6266 6280 6565
f 6072 5715 6210
f 6921 6259 6258
f 6153 6029 6236
f 6283 5878 5963
f 6140 6275 6277
f 6065 6153 6151
f 6151 6153 6236
f 6054 5737 6287
f 6635 6054 6287
f 6284 6285 6286
f 6142 6058 6054
f 6140 6276 6287
f 6140 5737 6275
f 5737 5739 6275
f 6059 5959 5739
f 6058 5738 6054
f 6287 6288 6635
f 6276 6284 6287
f 6146 6065 6151
f 6273 5862 6287
f 6058 6142 6141
f 6285 5959 6286
f 6141 6152 6236
f 6059 6141 5959
f 6141 6236 5959
f 6277 6275 5959
f 6277 5959 6285
f 6276 6277 6285
f 6284 6276 6285
f 6289 5880 6009
f 6157 5888 6158
f 4772 5809 6126
f 6290 6291 6072
f 6291 6125 6072
f 5832 6199 5716
f 5879 6030 5880
f 6126 5657 5879
f 5715 6314 6210
f 6293 6294 6295
f 6157 5843 5888
f 6126 6200 4772
f 5843 6157 5842
f 5809 6015 6030
f 6082 6083 5831
f 5830 6082 5831
f 6296 6297 6298
f 6297 6296 6299
f 5657 6030 5879
f 4772 6199 5809
f 6127 4922 5842
f 5825 6183 6049
f 5972 5825 6049
f 5809 5832 6015
f 5843 5883 5825
f 5883 6183 5825
f 5808 6300 6301
f 5880 6289 5881
f 6289 6009 6143
f 5881 6289 6143
f 6126 6158 6200
f 6205 6332 6200
f 6169 6303 6304
f 6305 6303 6168
f 6304 6303 6305
f 6168 6018 6124
f 6071 6290 6072
f 6307 6308 6309
f 6615 6167 4512
f 5751 6168 6167
f 6168 5751 6018
f 6018 5751 6615
f 6296 6305 6124
f 6168 6124 6305
f 5751 6167 6615
f 6296 6124 6299
f 6304 6305 6296
f 6167 6169 4512
f 6167 6303 6169
f 6303 6167 6168
f 6076 5853 6021
f 6332 6076 6021
f 6135 6310 6311
f 6310 6135 6137
f 5682 6332 6205
f 6073 6072 6050
f 6049 6073 6050
f 5852 6051 6008
f 6051 6210 6008
f 6316 5878 6317
f 6075 5851 5853
f 6125 6074 5715
f 5972 5682 6203
f 7319 6318 6319
f 6130 6320 6134
f 6321 6322 6323
f 6283 6324 6336
f 6291 6290 6074
f 5893 6344 5857
f 6325 6323 6326
f 6327 6328 5893
f 6333 6334 6237
f 6147 6162 5921
f 6726 6171 6166
f 7288 6959 6335
f 6104 5999 6314
f 6338 6339 6340
f 6196 6147 6341
f 5887 4673 4647
f 6264 6136 6135
f 6000 6104 6082
f 6342 6220 6343
f 6159 5682 5851
f 6003 4647 5815
f 6345 6346 6490
f 6327 6346 6345
f 6347 6348 6536
f 6349 6348 6347
f 6350 6351 6352
f 6353 6307 4512
f 6307 6353 6308
f 6354 6315 6355
f 6198 6726 6166
f 6356 6357 6643
f 6242 6358 6359
f 6133 6197 6089
f 6361 6220 6211
f 6077 6196 6341
f 6198 6196 6077
f 6241 5720 6329
f 6362 6363 6364
f 6365 6048 7374
f 6114 6187 6302
f 6338 6211 6339
f 6341 6078 6077
f 6177 6302 6193
f 5786 6176 6206
f 6147 5921 6341
f 6369 6370 6371
f 6300 5877 6585
f 6372 6616 6373
f 5786 6712 6176
f 6178 6156 6179
f 6376 6116 6115
f 6620 6377 6349
f 6378 6372 6373
f 6320 6123 6556
f 6123 6320 6130
f 6355 6380 6381
f 6159 5851 6075
f 6376 6384 6380
f 6385 6227 6652
f 6228 6227 6385
f 6386 6387 6388
f 6390 6391 6185
f 6391 6390 6392
f 6393 6394 6620
f 6255 6395 6536
f 6395 6255 6396
f 6397 6398 6399
f 6400 5893 6401
f 6105 2899 6232
f 6329 6302 6179
f 6378 6373 6358
f 6322 6402 6652
f 6321 6402 6322
f 6490 6403 6404
f 6408 6164 6405
f 6037 6197 6134
f 6406 6407 6309
f 6243 4673 6650
f 6616 6232 6116
f 6233 6616 6372
f 6409 6283 5963
f 6283 6409 6324
f 6410 6411 6292
f 6411 6410 6412
f 6413 6414 6292
f 6414 6413 6415
f 6003 6231 6416
f 6391 6392 5941
f 6417 6418 6139
f 6419 6375 5925
f 6230 6420 6416
f 6421 6216 6092
f 6294 6422 6407
f 6423 6259 6154
f 6424 6343 6220
f 6411 6412 6425
f 6337 6362 6618
f 6362 6337 6363
f 6003 6426 6427
f 6218 6428 6219
f 5926 6375 6430
f 6431 6432 6185
f 6432 6431 6433
f 6434 6350 6621
f 6351 6350 6434
f 6432 6433 6435
f 6436 6217 6292
f 6215 6217 6436
f 6391 6437 6185
f 6437 6391 5941
f 5942 6418 6417
f 6394 6393 6438
f 6439 6424 6185
f 6440 6412 6410
f 6441 6163 6442
f 6443 6220 6361
f 6230 6416 6231
f 6375 4647 6003
f 6445 6446 6447
f 6448 6449 6621
f 6450 6449 6448
f 6375 6003 6430
f 6430 6451 6452
f 6453 6454 6455
f 6454 6456 6621
f 6453 6456 6454
f 6449 6454 6621
f 6455 6454 6449
f 6399 6457 6621
f 6457 6399 6398
f 6459 6460 6461
f 6462 6463 6536
f 6463 6462 6444
f 6430 6003 6451
f 6464 6465 6621
f 6465 6464 6426
f 6455 6449 6450
f 6396 6466 6395
f 6469 6470 6263
f 6471 6202 6472
f 6328 6473 5893
f 6830 6202 6474
f 6468 6484 6475
f 6471 6476 5834
f 6477 6346 6327
f 6470 6478 6484
f 6469 6478 6470
f 6490 6476 6479
f 6328 6480 6473
f 6344 5893 6202
f 6382 6481 6482
f 6243 6121 6483
f 6474 6202 6467
f 6485 6486 6487
f 6478 6469 6488
f 6402 6321 6354
f 6184 6489 6185
f 6921 6154 6259
f 6381 6384 6242
f 6384 6381 6380
f 6204 6120 6556
f 6118 6120 6204
f 6118 6204 6192
f 6130 6133 6089
f 6441 6491 6163
f 6120 6492 6556
f 6492 6120 6119
f 6037 6320 6556
f 6228 6385 6493
f 6037 6134 6320
f 5847 6494 5848
f 6373 6616 6495
f 6384 6115 6242
f 6376 6115 6384
f 6326 6322 6652
f 6322 6326 6323
f 6240 6616 6238
f 6199 5877 5716
f 6238 6616 6267
f 6565 6496 6497
f 6495 6616 6240
f 6267 6616 6483
f 6483 6616 6243
f 6616 4673 6243
f 6498 6387 6618
f 6387 6498 6388
f 6499 6500 6501
f 6502 6312 6292
f 6312 6502 6503
f 6414 6415 6504
f 6408 6165 6164
f 6428 6505 6292
f 6218 6505 6428
f 6441 6506 6618
f 6506 6441 6442
f 6362 6507 6618
f 6507 6362 6364
f 6506 6499 6618
f 6499 6506 6500
f 6442 6500 6506
f 6364 6508 6507
f 6164 6163 6491
f 6507 6498 6618
f 6498 6507 6508
f 6498 6508 6388
f 6510 6386 6440
f 6414 6511 6292
f 6511 6414 6504
f 6501 6363 6337
f 6491 6512 6164
f 6650 4673 6408
f 6425 6415 6413
f 6495 6359 6358
f 6503 6219 6312
f 6499 6337 6618
f 6337 6499 6501
f 6502 6213 6503
f 6387 6510 6618
f 6386 6510 6387
f 6411 6413 6292
f 6413 6411 6425
f 6513 6433 6431
f 6359 6495 6240
f 6505 6436 6292
f 6436 6505 6514
f 6515 6220 6443
f 6340 6339 6342
f 6510 6410 6618
f 6410 6510 6440
f 6312 6428 6292
f 6428 6312 6219
f 6191 6516 6292
f 6516 6191 6214
f 6215 6436 6514
f 5646 6502 6292
f 6502 5646 6213
f 6217 6421 6292
f 6421 6217 6216
f 6516 6214 6513
f 6218 6514 6505
f 6418 6220 6515
f 6517 5646 6292
f 5646 6517 6212
f 6517 6518 6212
f 6511 6517 6292
f 6517 6511 6518
f 6439 6185 6340
f 6504 6518 6511
f 6447 6446 6229
f 6435 6392 6390
f 6432 6390 6185
f 6390 6432 6435
f 6421 6191 6292
f 6191 6421 6092
f 6424 6439 6343
f 6439 6340 6342
f 6516 6431 6292
f 6431 6516 6513
f 6342 6343 6439
f 6211 6220 6339
f 6139 6418 6515
f 6339 6220 6342
f 6437 5942 6417
f 6183 6071 6049
f 6229 6621 6230
f 6220 4647 6424
f 6424 4647 6761
f 6450 6448 6352
f 6641 6452 6519
f 6225 6520 6521
f 6351 6434 6445
f 6446 6434 6621
f 6445 6434 6446
f 6456 6453 6225
f 6760 6374 6522
f 6523 6464 6621
f 6464 6523 6427
f 6457 6398 6524
f 6525 6416 6420
f 6003 6525 6451
f 5925 6375 5926
f 6521 6523 6621
f 6523 6521 6520
f 6523 6520 6427
f 6350 6448 6621
f 6448 6350 6352
f 6456 6521 6621
f 6521 6456 6225
f 2784 5852 6008
f 6465 6399 6621
f 6399 6465 6397
f 6457 6526 6621
f 6526 6457 6524
f 6427 6426 6464
f 6465 6426 6397
f 6377 6182 6180
f 6526 6462 6536
f 6462 6526 6527
f 6462 6527 6444
f 6444 6528 6463
f 6461 6529 6536
f 6529 6461 6460
f 6530 6461 6536
f 6461 6530 6459
f 6348 6180 6536
f 6180 6348 6377
f 6531 6256 6254
f 6438 6532 6536
f 6532 6438 6393
f 6524 6527 6526
f 6530 6528 6459
f 6529 6460 6531
f 6463 6530 6536
f 6530 6463 6528
f 6255 6256 6396
f 6529 6254 6536
f 6254 6529 6531
f 6533 6438 6536
f 6438 6533 6394
f 6395 6533 6536
f 6533 6395 6466
f 6181 6182 6534
f 6533 6466 6394
f 6532 6393 6535
f 6532 6347 6536
f 6347 6532 6535
f 6349 6347 6535
f 6536 6181 6534
f 6348 6349 6377
f 6762 6620 6344
f 6537 6538 5833
f 6490 6479 6403
f 6403 6472 6458
f 6401 6234 6539
f 6467 6202 6538
f 6830 6344 6202
f 5834 6202 6471
f 6540 6480 6490
f 6473 6480 6540
f 6473 6540 6541
f 6458 5893 6400
f 6490 6542 6540
f 6543 6481 6553
f 6482 6481 6543
f 6472 6202 6458
f 6538 6202 5833
f 6544 6539 6234
f 6202 5893 6458
f 6403 6479 6472
f 6478 6545 6484
f 6545 6478 6488
f 6242 6239 6035
f 6401 5893 6234
f 6382 6468 6546
f 6480 6345 6490
f 6328 6345 6480
f 6327 6345 6328
f 6346 6547 6553
f 6477 6547 6346
f 6548 6547 6477
f 6546 6549 6382
f 6482 6543 6548
f 6475 6484 6545
f 6475 6545 6488
f 6481 6549 6553
f 6382 6549 6481
f 6547 6543 6553
f 6548 6543 6547
f 6262 6550 6551
f 6549 6552 6553
f 6546 6552 6549
f 6552 6546 6551
f 6552 6550 6553
f 6550 6552 6551
f 6550 6261 6553
f 6262 6261 6550
f 6261 6470 6553
f 6470 6261 6263
f 6484 6468 5857
f 5937 6241 5779
f 6490 6404 6555
f 6553 5857 6144
f 6490 6544 6542
f 6359 6240 6239
f 6242 6557 6378
f 6491 6618 6921
f 6239 6242 6359
f 6267 6036 6035
f 6238 6035 6239
f 6251 5969 6654
f 6273 6560 6561
f 6274 6138 5980
f 6400 6404 6458
f 6184 6361 6489
f 6244 6251 5976
f 5845 6274 5980
f 6138 6149 5718
f 5717 6138 5718
f 6268 6565 6496
f 6037 5995 5791
f 6669 5995 6037
f 6563 5959 6561
f 6144 5772 6274
f 6563 6286 5959
f 6244 5976 6331
f 6408 6921 6650
f 6271 6270 6280
f 6279 5725 6037
f 6282 5849 5850
f 6037 5725 5181
f 6496 6565 6564
f 6778 5835 6570
f 6260 5792 5849
f 6534 6620 6762
f 6566 5831 5783
f 5829 5831 6566
f 6272 6149 6043
f 5772 6250 6274
f 6138 5717 5745
f 6287 6567 6560
f 6755 6841 6568
f 6266 6497 6778
f 6778 6037 5835
f 6037 6778 6278
f 6271 6279 6269
f 6271 6266 6279
f 5850 5995 6669
f 5792 5995 5849
f 6280 6564 6565
f 6564 6280 6270
f 6279 6037 6269
f 6037 6565 6268
f 6266 6565 6497
f 6571 5789 6572
f 5835 5791 5792
f 6392 6220 5941
f 6282 6570 6260
f 6828 6200 6429
f 6570 5835 6260
f 5835 5792 6260
f 6282 5850 6669
f 5754 6290 6071
f 5849 6282 6260
f 5754 5832 6290
f 5639 5718 6272
f 5844 6680 6577
f 6074 5716 5715
f 6940 6144 6274
f 5639 6562 5745
f 5832 5716 6290
f 6288 5959 6635
f 6241 6236 5779
f 6726 6198 6078
f 5844 6940 6274
f 6940 6043 5626
f 6287 6284 6567
f 5959 6236 6241
f 6567 6284 6286
f 6560 6273 6287
f 6273 6561 5863
f 6287 5862 6053
f 6053 5864 6288
f 5863 6561 5959
f 6567 6286 6563
f 6560 6567 6563
f 6560 6563 6561
f 5864 5959 6288
f 6287 6053 6288
f 5864 5863 5959
f 6165 6442 6163
f 6291 6074 6125
f 6086 6084 6579
f 6680 5845 6249
f 6183 5755 6071
f 5755 5754 6071
f 6304 6296 6298
f 6582 5999 6000
f 2786 6582 6000
f 6332 6117 6076
f 6051 6050 6210
f 6050 6072 6210
f 6200 6332 6306
f 6332 6021 6306
f 6007 6314 5999
f 2785 6007 5999
f 2785 6582 2786
f 6582 2785 5999
f 6000 6082 5830
f 2786 6000 5830
f 5853 2784 6021
f 6083 5877 5783
f 5829 6566 6145
f 6566 5783 6145
f 5829 6306 5830
f 6334 5787 6237
f 5787 6206 6237
f 6429 6333 6176
f 5831 6083 5783
f 5848 6306 5846
f 6264 6586 6265
f 6085 6353 4512
f 6085 6324 6353
f 6201 6588 6334
f 5846 6201 6334
f 6589 5846 6334
f 6333 6589 6334
f 6429 6589 6333
f 6200 6306 6494
f 6306 5848 6494
f 6306 5829 6201
f 5846 6306 6201
f 5181 6315 6197
f 5847 5846 6589
f 6590 6293 6591
f 6519 6451 6525
f 6165 6500 6442
f 6586 6588 6265
f 6588 6201 6265
f 6515 6443 6592
f 6184 6443 6361
f 6215 6514 5887
f 6593 6594 5968
f 6595 6593 5968
f 6324 6085 6336
f 6406 6294 6407
f 6596 6485 6487
f 5878 6596 6487
f 6086 6299 6587
f 6299 6086 6579
f 5808 5877 6300
f 6336 6085 6086
f 6299 6124 6587
f 6086 6587 6336
f 6587 6283 6336
f 6283 6587 6124
f 5878 6283 6124
f 6295 6591 6293
f 6591 6295 6316
f 6299 6579 6297
f 6170 6298 6297
f 6409 6353 6324
f 6353 6409 6308
f 5963 6309 6308
f 6597 6598 6599
f 6361 6211 6489
f 6452 6601 6430
f 6422 6590 4512
f 6293 6590 6422
f 6293 6422 6294
f 6294 6406 6295
f 6406 5878 6295
f 6124 6018 5878
f 5963 6406 6309
f 6406 5963 5878
f 6295 5878 6316
f 6316 6602 6591
f 6317 6602 6316
f 6553 6490 6346
f 6579 6170 6297
f 6602 6590 6591
f 6317 6603 6602
f 6307 6422 4512
f 6407 6422 6307
f 6309 6407 6307
f 6590 6603 4512
f 6590 6602 6603
f 6338 6340 6185
f 6170 6084 4512
f 6170 6579 6084
f 6169 6298 6170
f 6298 6169 6304
f 6488 6468 6475
f 4512 6707 6615
f 6315 5181 6616
f 6187 6186 6194
f 5947 6329 6093
f 6247 6606 6137
f 6136 6247 6137
f 5877 5808 5783
f 5782 5784 6264
f 6437 6417 6185
f 6176 6712 6429
f 6104 6314 5877
f 6429 6494 6589
f 6607 6608 6609
f 6610 6607 6609
f 6494 5847 6589
f 6083 6104 5877
f 6494 6429 6200
f 6036 6267 6483
f 6588 6586 6135
f 6586 6264 6135
f 6310 6137 6611
f 6311 6310 6611
f 6612 6829 6613
f 6315 6192 6197
f 5965 6595 5968
f 6609 6595 5965
f 6192 6088 6197
f 6614 5788 6608
f 6614 6330 5788
f 5942 6220 6418
f 6119 6118 6315
f 6409 5963 6308
f 6165 6412 6440
f 6228 6493 6315
f 6100 6013 6014
f 6187 6193 6302
f 6376 6380 6616
f 6196 6166 6161
f 6616 6233 6232
f 6226 6228 6315
f 6315 6493 6119
f 6200 6828 5804
f 6921 6258 6512
f 6594 6612 6617
f 5968 6594 6617
f 6302 6329 6190
f 6405 6512 6258
f 6492 6493 6385
f 6119 6493 6492
f 5887 6503 6213
f 6616 6116 6376
f 6489 6211 6338
f 6601 5927 5926
f 6417 6139 6185
f 6592 6443 6184
f 6139 6592 6185
f 6548 6477 5893
f 6003 6427 6520
f 6302 6112 6114
f 5815 6524 6398
f 5815 6527 6524
f 6606 6619 6137
f 5893 5857 6468
f 6262 6468 6263
f 6469 6468 6488
f 6263 6468 6469
f 5887 6435 6433
f 6619 6585 6580
f 6592 6184 6185
f 6112 6302 6190
f 6373 6495 6358
f 6196 6161 6147
f 6013 6100 5947
f 6189 5921 6162
f 6325 6315 6323
f 5921 5812 6078
f 6198 6166 6196
f 6078 6341 5921
f 5817 5812 6605
f 6024 6726 4772
f 5921 6605 5812
f 5921 5920 6605
f 6179 6302 6177
f 6193 6187 6194
f 6329 6179 6156
f 6760 5927 6601
f 5720 6093 6329
f 6121 6036 6483
f 5812 6726 6078
f 2899 6116 6232
f 6241 6329 6558
f 4992 6615 6558
f 6623 6745 6624
f 6321 6315 6354
f 6242 6115 2899
f 6512 6405 6164
f 6243 6242 6121
f 6372 6378 6557
f 6557 6105 6233
f 6372 6557 6233
f 6627 6628 7380
f 6629 6628 6627
f 6242 6378 6358
f 6242 6105 6557
f 6435 6220 6392
f 6257 6423 6408
f 6405 6258 6257
f 6405 6257 6408
f 6618 6491 6441
f 6408 6154 6921
f 6491 6921 6512
f 6423 6154 6408
f 6630 6631 6632
f 6257 6259 6423
f 6003 6416 6525
f 6489 6338 6185
f 6139 6515 6592
f 6447 6229 6231
f 6165 4673 5887
f 6437 5941 5942
f 6351 6445 6003
f 5887 6513 6214
f 6452 6760 6601
f 6420 6519 6525
f 6621 6229 6446
f 5887 6216 6215
f 6621 6420 6230
f 5887 6433 6513
f 6447 6231 6003
f 5927 6760 6522
f 6003 6352 6351
f 6601 5926 6430
f 6182 6620 6534
f 6445 6447 6003
f 6420 6621 6641
f 6452 6641 6760
f 5927 6522 5925
f 6522 6419 5925
f 6455 6450 6003
f 6420 6641 6519
f 6760 4647 6375
f 6760 6761 4647
f 6398 6397 5815
f 6375 6419 6374
f 6453 6455 6003
f 6374 6760 6375
f 6519 6452 6451
f 6522 6374 6419
f 6377 6620 6182
f 6542 6544 6235
f 6514 6218 5887
f 6536 6534 6762
f 6555 6400 6401
f 6541 6235 5893
f 6541 6542 6235
f 6471 6472 6479
f 6471 6479 6476
f 6544 6234 6235
f 6539 6555 6401
f 6490 6539 6544
f 6467 6538 6633
f 6537 6633 6538
f 6490 6830 6633
f 6400 6555 6404
f 6634 6537 5833
f 6541 6540 6542
f 6830 6474 6633
f 5833 5834 6634
f 6490 6634 6476
f 6404 6403 6458
f 6490 6555 6539
f 6634 6490 6537
f 6473 6541 5893
f 6633 6474 6467
f 6476 6634 5834
f 6490 6633 6537
f 6546 6468 6551
f 6553 6470 6484
f 5887 6092 6216
f 6636 6292 6637
f 6165 6388 6508
f 6435 5887 6220
f 6003 6225 6453
f 6745 6424 6718
f 6185 6424 6745
f 6718 6424 6761
f 6357 6639 6640
f 6165 6504 6415
f 6520 6225 6003
f 6397 6003 5815
f 6620 6535 6393
f 6620 6466 6396
f 6531 5815 6620
f 5815 6531 6460
f 6645 6644 6718
f 6553 6484 5857
f 6647 6758 6648
f 6292 6758 6647
f 6580 6581 6208
f 6564 6270 6268
f 6039 6635 6817
f 6037 6763 6575
f 6497 6496 6778
f 6496 6278 6778
f 6569 5976 6654
f 6330 5786 5788
f 6565 6037 6278
f 6496 6565 6278
f 6496 6564 6268
f 6271 6280 6266
f 6659 6660 6661
f 6660 6575 6661
f 6662 6663 5790
f 6037 6575 6669
f 6664 6665 6663
f 6208 6581 6593
f 6667 6675 6668
f 6778 6570 6669
f 6778 6669 6904
f 6570 6282 6669
f 6670 6281 5790
f 6671 6672 6673
f 6672 6671 6674
f 6675 6904 6669
f 6675 6669 6668
f 6667 6660 6676
f 6676 6904 6675
f 6660 6668 6575
f 6675 6667 6676
f 6668 6669 6575
f 6667 6668 6660
f 6665 6664 6678
f 6676 6660 6659
f 6661 6575 6677
f 6677 6575 6281
f 6659 6661 6677
f 6670 5790 6665
f 6281 6575 5790
f 6676 6659 6679
f 6659 6677 6679
f 6577 6940 5844
f 6249 5845 5980
f 5626 6039 6940
f 6043 6940 6562
f 6680 5844 5845
f 5784 5808 6301
f 6577 6562 6940
f 6562 6577 6680
f 6682 6683 6684
f 6684 6683 6682
f 5959 6241 6578
f 6635 5959 6578
f 5787 6311 5789
f 6301 6300 6246
f 6300 6585 6246
f 6686 5790 6796
f 6712 6330 6172
f 6330 6614 6172
f 6687 6829 6828
f 6415 6425 6165
f 6366 6652 6245
f 6610 6172 6607
f 6608 6571 6609
f 6571 6595 6609
f 6323 6315 6321
f 6165 6425 6412
f 5788 5789 6571
f 6608 5788 6571
f 6334 6588 6311
f 5787 6334 6311
f 5789 6690 6572
f 6690 6509 6572
f 6691 6208 6593
f 6595 6691 6593
f 6692 6617 6613
f 5966 6617 6692
f 6209 6691 6595
f 6691 6209 6208
f 6693 6694 6695
f 6165 6501 6500
f 6696 6697 6698
f 6604 4743 6699
f 6712 5786 6330
f 6207 6572 6580
f 6700 6696 6698
f 6701 5878 6717
f 6604 5966 6702
f 6703 6704 6705
f 6704 6702 6705
f 6702 6706 6705
f 6248 6606 6247
f 6588 6135 6311
f 6610 6712 6172
f 6708 5965 5967
f 6708 6827 5965
f 6165 6364 6363
f 6690 6611 6509
f 6611 6137 6509
f 6572 6509 6580
f 6311 6611 5789
f 6611 6690 5789
f 6571 6207 6209
f 6571 6572 6207
f 6610 6609 6710
f 6710 6609 5965
f 6827 6710 5965
f 6594 6581 6612
f 6617 6612 6613
f 5966 6692 6711
f 6692 6613 6711
f 6593 6581 6594
f 5966 5968 6617
f 6699 5967 6604
f 5967 5966 6604
f 6702 6704 6173
f 6604 6702 6173
f 6712 4743 6713
f 6709 6712 6713
f 6712 6708 4742
f 6708 6699 4742
f 6711 6706 6702
f 5966 6711 6702
f 6213 6212 5887
f 6706 6703 6705
f 6713 6604 6173
f 6713 4743 6604
f 6714 6715 6689
f 6709 6175 6828
f 6379 4512 6714
f 6385 6556 6492
f 5878 6700 6717
f 6482 5893 6382
f 6714 6689 6379
f 6689 6596 5878
f 6689 6715 6596
f 6716 6719 6379
f 6716 6695 6719
f 6640 6642 6622
f 5878 6701 6689
f 6689 6701 6379
f 6720 6697 6696
f 6317 5878 6487
f 6389 6721 6720
f 6693 6721 6389
f 6701 6584 6379
f 6584 6701 6717
f 6695 6716 6721
f 6697 6716 6379
f 6720 6716 6697
f 6721 6716 6720
f 6694 6719 6695
f 6698 6697 6584
f 6717 6698 6584
f 6620 6394 6466
f 5815 6444 6527
f 6696 6700 6389
f 6700 5878 6389
f 5878 6383 6389
f 6482 6548 5893
f 6450 6352 6003
f 6638 6826 6637
f 6389 6383 6693
f 6584 6697 6379
f 6431 6185 6292
f 6719 6313 6379
f 6313 6719 6694
f 6694 6693 6383
f 6596 6715 6485
f 6486 6715 6714
f 6603 6486 4512
f 4512 6486 6714
f 6603 6487 6486
f 6487 6603 6317
f 6486 6485 6715
f 6165 6212 6518
f 5878 6018 6383
f 6720 6696 6389
f 6175 6713 6173
f 6165 6440 6386
f 6245 6724 6366
f 6724 6325 6366
f 6828 6429 6712
f 6355 6381 6725
f 6315 6380 6355
f 6616 6380 6315
f 6245 6226 6724
f 6325 6326 6366
f 6725 6652 6402
f 6402 6354 6725
f 6354 6355 6725
f 6700 6698 6717
f 6468 6382 5893
f 6724 6315 6325
f 6226 6315 6724
f 6165 6518 6504
f 6363 6501 6165
f 6381 6242 6725
f 5804 6828 5818
f 6165 6508 6364
f 6386 6388 6165
f 6214 6092 5887
f 4647 6220 5887
f 6408 4673 6165
f 6410 6292 6618
f 6212 6165 5887
f 5887 6219 6503
f 6652 6242 6650
f 6003 6397 6426
f 6313 6383 6379
f 6313 6694 6383
f 6526 6536 6621
f 5815 6460 6459
f 5815 6459 6528
f 6528 6444 5815
f 6256 6531 6620
f 6349 6535 6620
f 6620 6396 6256
f 6344 6830 6762
f 6477 6327 5893
f 6551 6468 6262
f 6383 6018 5127
f 6671 6848 6674
f 6731 6732 6733
f 6614 6607 6172
f 6734 6735 6736
f 6743 6729 6735
f 6749 6750 6723
f 6646 6624 6728
f 6740 6753 6741
f 6630 6657 6631
f 6741 6757 6643
f 6745 6657 6656
f 6756 6740 6643
f 6746 6758 6745
f 6757 6356 6643
f 6643 6357 6640
f 6841 6754 6759
f 6639 6642 6640
f 6356 6718 6639
f 6726 6331 5976
f 6643 6740 6741
f 6763 6652 6650
f 6642 6639 6718
f 6747 6623 6624
f 6641 6772 6760
f 6144 6830 6490
f 6764 7403 6765
f 6292 6745 6758
f 6755 6752 6759
f 6746 6623 6747
f 6623 6746 6745
f 6568 6752 6755
f 6752 6568 6841
f 6645 6767 6756
f 6767 6645 6718
f 6636 6768 6841
f 6921 6618 6755
f 6638 6647 6648
f 6754 6841 6750
f 6749 6754 6750
f 6740 6718 6753
f 6723 6770 6768
f 6632 6644 6645
f 6636 6841 6292
f 6621 6772 6641
f 6755 6618 6841
f 6757 6718 6356
f 6645 6756 6643
f 6624 6771 6728
f 6771 6624 6745
f 7095 6646 6643
f 6728 6771 6656
f 6644 6631 6718
f 6750 6770 6723
f 6750 6841 6770
f 6768 6770 6841
f 6841 6759 6752
f 6756 6767 6740
f 6642 6718 6622
f 6646 6632 6643
f 6637 6647 6638
f 6647 6637 6292
f 6745 6718 6631
f 6657 6745 6631
f 6631 6644 6632
f 6646 6630 6632
f 6632 6645 6643
f 6745 6656 6771
f 6657 6630 6646
f 6656 6657 6646
f 6728 6656 6646
f 6753 6718 6757
f 6767 6718 6740
f 6741 6753 6757
f 6643 6622 6761
f 6643 6640 6622
f 6357 6356 6639
f 6622 6718 6761
f 6773 6774 6775
f 6643 6761 7095
f 6761 6760 6772
f 6536 6762 6772
f 6490 6553 6144
f 6779 6780 6781
f 6809 6782 6783
f 6782 6784 6783
f 6786 6787 6900
f 6789 6684 6790
f 6792 6793 6807
f 6848 6671 6673
f 6679 6794 6795
f 6794 6679 6677
f 6677 6281 6794
f 5790 6575 6803
f 6798 6658 6748
f 6799 6688 6800
f 6795 6665 6678
f 6795 6670 6665
f 6794 6670 6795
f 6904 6795 6573
f 6795 6904 6679
f 6665 5790 6663
f 6790 6793 6804
f 6806 6655 6578
f 6807 6682 6684
f 6569 6748 6788
f 6569 6654 6748
f 6809 6569 6788
f 6798 6784 6658
f 6784 6798 6783
f 6784 6782 6658
f 6782 6809 6658
f 6809 6788 6658
f 6676 6679 6904
f 6802 6678 6662
f 6678 6802 6573
f 6794 6281 6670
f 6678 6664 6662
f 6664 6663 6662
f 6795 6678 6573
f 6662 5790 6686
f 6893 6688 6748
f 6802 6662 6686
f 6802 6686 6796
f 6573 6802 6796
f 6810 6573 6796
f 6672 6803 6673
f 6796 6803 6672
f 6810 6796 6672
f 6673 6803 6666
f 6763 6803 6575
f 6789 6813 6814
f 6600 6815 6816
f 6815 7056 6816
f 6790 6682 6793
f 6900 6818 6819
f 6683 6820 6684
f 6821 6683 6684
f 6821 6820 6683
f 6559 6578 6655
f 6635 6578 6559
f 6635 6559 6822
f 6789 6635 6684
f 6684 6682 6790
f 6559 6823 6822
f 6559 6655 6823
f 6823 6806 6822
f 6655 6806 6823
f 6648 6758 6826
f 6144 6940 6576
f 6646 6746 6747
f 5877 6199 6845
f 6827 6708 6712
f 6826 6768 6636
f 6173 6704 6687
f 6174 6173 6687
f 6693 6695 6721
f 6848 6810 6674
f 6687 6704 6703
f 6089 6088 6123
f 6829 6687 6703
f 6712 6610 6827
f 6687 6828 6174
f 6556 6385 6652
f 6175 6709 6713
f 6652 6725 6242
f 6646 6758 6746
f 6122 6123 6088
f 6827 6610 6710
f 6708 5967 6699
f 6829 6703 6706
f 4743 4742 6699
f 6709 6828 6712
f 6712 4742 4743
f 6246 6264 5784
f 6833 6834 6835
f 6772 6621 6536
f 6681 6772 6762
f 6326 6652 6366
f 6837 6838 6839
f 6841 6618 6292
f 6872 4772 6726
f 6646 6747 6624
f 6745 6292 6185
f 6826 6758 6646
f 6735 6843 6736
f 5127 7210 6383
f 6318 6844 6319
f 6846 6847 7603
f 6826 6755 6759
f 6761 6772 7095
f 6762 7557 6681
f 6650 6729 6763
f 6789 6790 6804
f 6787 6786 6856
f 6766 6830 6144
f 7390 6988 6858
f 6860 6861 7461
f 6653 6729 6855
f 6729 6650 6921
f 6729 6921 8362
f 6862 6863 6864
f 6865 6866 7018
f 6867 6787 6856
f 6869 6870 6871
f 6868 6830 6766
f 6868 6762 6830
f 6838 6837 6873
f 6763 6556 6652
f 6037 6556 6763
f 6875 7446 6876
f 6880 6881 6882
f 6684 6820 6807
f 6569 6726 5976
f 7404 6569 6808
f 6884 6885 6886
f 6799 6800 6887
f 6888 6799 6887
f 5790 6803 6796
f 6891 6892 6819
f 6900 6939 7255
f 6900 6789 6818
f 6820 6879 6807
f 6688 6894 6748
f 6873 6891 6818
f 6873 6837 6891
f 6892 6837 6856
f 6837 6892 6891
f 6895 7162 6896
f 6788 6748 6658
f 6883 6897 6903
f 6897 6883 6887
f 6899 6811 6812
f 6814 6792 6838
f 6818 6891 6819
f 6635 6789 6817
f 6813 6804 6792
f 6789 6804 6813
f 6804 6793 6792
f 6569 6890 6808
f 6821 6635 6822
f 6821 6806 6902
f 6806 6821 6822
f 6821 6902 6820
f 6821 6684 6635
f 6879 6820 6902
f 6798 6748 6894
f 6887 6883 6888
f 6783 6888 6883
f 6783 6798 6888
f 6798 6894 6888
f 6809 6783 6569
f 6888 6894 6799
f 6894 6688 6799
f 6569 6783 6883
f 6903 6800 6893
f 6887 6800 6897
f 6903 6893 6890
f 6810 6672 6674
f 6883 6903 6890
f 6569 6883 6890
f 7027 6811 6801
f 6673 6666 6848
f 6810 6848 6574
f 6763 6574 6803
f 6574 6573 6810
f 6574 6848 6666
f 6906 6907 6908
f 6734 6736 8482
f 6909 6910 6911
f 6840 6912 8482
f 6876 6898 6913
f 6898 6915 6913
f 6916 6917 6868
f 6918 7266 6949
f 6922 6923 6924
f 6925 6926 6927
f 6576 6791 6144
f 6786 6856 6839
f 7255 6786 6839
f 6928 6939 6929
f 6928 6867 6939
f 6928 6930 6867
f 6813 6792 6814
f 6789 6814 6818
f 6793 6682 6807
f 6856 6837 6839
f 6939 6867 7255
f 6838 6807 6839
f 6792 6807 6838
f 6867 6786 7255
f 6867 6856 6786
f 6806 6879 6902
f 6578 6241 6879
f 6578 6879 6806
f 6839 6807 7255
f 6807 6241 7382
f 6241 6807 6879
f 7382 7255 6807
f 6688 6893 6800
f 6903 6897 6800
f 6654 6360 6748
f 6797 6893 6748
f 6797 6748 6360
f 6803 6574 6666
f 6933 6801 6899
f 6934 6935 6936
f 6937 6554 7223
f 6814 6938 6818
f 6814 6838 6938
f 6786 6900 6819
f 6938 6873 6818
f 6938 6838 6873
f 6912 6729 6941
f 6889 6554 6935
f 6817 6789 6900
f 6930 6928 6929
f 6892 6786 6819
f 6786 6892 6856
f 7071 6685 7092
f 6942 6943 6944
f 6778 7265 6266
f 6952 6953 7485
f 7289 6576 6940
f 6619 6248 6585
f 4772 6872 6199
f 6248 6619 6606
f 6954 6955 6956
f 6955 6957 6956
f 6723 6826 6749
f 6706 6711 6613
f 6136 6264 6246
f 6829 6612 6585
f 6509 6619 6580
f 6754 6826 6759
f 7567 6615 6707
f 6707 6379 6383
f 6707 4512 6379
f 6706 6613 6829
f 6829 7523 8036
f 6581 6580 6585
f 6612 6581 6585
f 6963 6964 6857
f 6763 6729 6653
f 6846 6966 6847
f 6248 6246 6585
f 6614 6608 6607
f 6246 5784 6301
f 6749 6826 6754
f 6826 6638 6648
f 6828 6829 8036
f 6595 6571 6209
f 6509 6137 6619
f 6646 7095 6826
f 6826 6636 6637
f 6826 6723 6768
f 6736 6969 8482
f 5804 5818 6832
f 6955 6971 6954
f 6972 6971 6955
f 6973 6974 6975
f 6978 6979 6980
f 6981 6982 7603
f 6984 6985 6986
f 6722 6727 6961
f 6727 6558 6961
f 6734 6743 6735
f 6991 6989 6992
f 6993 6874 6994
f 6995 8792 6996
f 6997 6998 6999
f 7002 6932 7003
f 7004 7005 7006
f 7008 7009 7010
f 6846 7011 6990
f 7012 7013 6907
f 7014 7015 7016
f 7017 6969 6843
f 7019 6734 8482
f 7020 7021 7022
f 6653 6991 7023
f 7027 6801 6933
f 6836 7030 6855
f 7557 6762 6868
f 6558 7382 6241
f 6868 7033 6916
f 6737 7017 6843
f 6048 6365 7034
f 6726 6569 7404
f 6653 6855 6989
f 6884 6886 7603
f 7035 7557 6850
f 6855 6729 6840
f 6737 6729 8362
f 7036 7481 7719
f 6558 7024 6961
f 7025 7037 7038
f 7039 7040 7041
f 7042 7043 8757
f 7259 7044 7045
f 7044 7082 7045
f 7046 7047 7048
f 6266 6360 6654
f 7049 7050 7051
f 7050 7049 6877
f 7035 7053 7054
f 6039 6817 6940
f 6730 7055 6947
f 7057 7058 7059
f 7060 7004 7413
f 7004 7060 7061
f 7062 7063 7064
f 6906 7012 6907
f 6906 6877 7012
f 6929 6939 6900
f 7058 7065 7719
f 7065 7058 7057
f 6857 7066 6963
f 6929 6787 6930
f 7067 6899 6812
f 7067 6933 6899
f 6574 6763 6811
f 6370 6369 6812
f 7056 6600 6816
f 7049 7051 6875
f 6929 6900 6787
f 6955 6954 6957
f 6787 6867 6930
f 6890 6893 7052
f 6808 6890 7052
f 7052 6857 6808
f 6808 6857 7404
f 7069 6221 6224
f 6964 6963 7072
f 6963 7070 7072
f 6857 7052 7066
f 6963 7066 7070
f 7070 6797 7072
f 7052 6797 7070
f 7066 7052 7070
f 7027 6574 6811
f 6812 6369 7073
f 6812 7073 7067
f 7027 7074 7029
f 6801 6811 6899
f 7067 7074 6933
f 6573 6574 7270
f 7027 6933 7074
f 7067 7073 7074
f 6811 6370 6812
f 7092 6685 7077
f 7079 7080 7081
f 6937 7250 7084
f 7250 7085 7084
f 6791 6889 6935
f 7086 6919 6920
f 7213 7086 6920
f 7403 6764 7105
f 7567 6744 7028
f 7052 6893 6797
f 7087 7088 7077
f 6797 6360 7265
f 7089 6942 7090
f 6685 7071 7106
f 7088 6946 7091
f 7093 7094 8434
f 6926 7277 6974
f 7096 7481 7097
f 7098 7096 7097
f 6881 7100 7101
f 6926 6973 6927
f 7102 6975 7103
f 7223 6889 6576
f 6791 6576 6889
f 6554 6889 7223
f 6360 6266 7265
f 6626 6817 6900
f 6626 6940 6817
f 6573 6778 6904
f 6999 6998 7078
f 7088 7087 6905
f 7027 7270 6574
f 6945 6824 6825
f 7027 7106 7270
f 7110 7084 6934
f 7060 7413 6882
f 6881 7060 6882
f 7111 7006 6949
f 7004 7006 7111
f 7047 7040 7048
f 7250 7223 7112
f 6999 6972 6997
f 7254 7113 7114
f 6931 7115 6932
f 7116 7117 7118
f 6845 6199 6872
f 7120 7121 7122
f 7124 7125 6962
f 6957 8172 6998
f 7126 7127 7128
f 6744 7032 7028
f 6997 6956 6998
f 7523 6829 5877
f 7523 5877 6845
f 6744 6727 6722
f 6954 6971 6957
f 6585 5877 6829
f 6972 6999 7078
f 6998 8172 7078
f 6972 6970 7129
f 7129 6954 6956
f 6864 7130 7851
f 6989 7011 6992
f 7033 7132 6916
f 7133 7134 7135
f 7136 7481 6816
f 7056 7136 6816
f 7139 6868 7140
f 7141 7142 8876
f 7143 7144 7145
f 6872 7162 7146
f 6959 6872 7146
f 6956 6957 6998
f 6855 6966 6990
f 6912 6840 6729
f 7147 7148 9062
f 6992 7603 7149
f 6991 6992 7149
f 6832 6972 7078
f 6990 7011 6989
f 7017 7038 6969
f 6982 6884 7603
f 7149 7150 7023
f 6866 7152 7018
f 6766 6835 6834
f 6921 6755 8362
f 7851 7130 7153
f 8172 6972 6832
f 6948 7100 7266
f 7154 7144 7143
f 8876 7155 6833
f 6766 7021 6835
f 7158 6917 6916
f 5127 5804 7210
f 7131 7160 6868
f 7150 6763 6653
f 7056 6816 6923
f 6722 6961 6651
f 6847 6981 7603
f 6558 6727 6744
f 7159 6868 7139
f 7163 6766 7125
f 6855 7030 6966
f 7164 6844 6318
f 7165 7166 7010
f 6722 7032 6744
f 7151 6777 7167
f 7142 7168 8876
f 6737 7170 6958
f 6886 6840 7603
f 7171 6868 6834
f 7173 6738 6739
f 6651 6961 7024
f 6558 7567 7028
f 7024 6558 7028
f 7032 7024 7028
f 7174 6982 6836
f 6651 7032 6722
f 7176 7374 7138
f 7137 7176 7138
f 6785 6895 6335
f 7177 7178 7037
f 6844 7137 6319
f 6923 6816 6924
f 6816 7481 6924
f 7179 7180 7181
f 6651 7024 7032
f 6731 6733 7182
f 7170 6737 6625
f 7184 6751 7185
f 7186 6739 7175
f 7167 6777 6986
f 6884 7174 6885
f 6985 7167 6986
f 6729 6737 6843
f 6558 6744 7382
f 7151 7167 7185
f 6751 7151 7185
f 7188 7189 7190
f 7106 7027 7029
f 7185 7167 6985
f 7193 7194 7433
f 6918 7005 6948
f 7865 7195 7196
f 6986 6777 6738
f 7019 6941 6743
f 6922 7096 7098
f 6884 6982 7174
f 7198 7199 7197
f 7199 7719 7197
f 6763 7150 7603
f 7080 7059 6968
f 7005 7004 7061
f 7719 7199 7200
f 7199 7201 7200
f 7158 6916 7132
f 6766 6962 7125
f 6917 7203 6868
f 7062 6877 7063
f 6600 7068 8407
f 6851 6815 6600
f 7050 7204 7051
f 7068 6600 7056
f 7205 7223 7206
f 6922 6924 7096
f 6924 7481 7096
f 7142 7141 7159
f 7228 6943 7207
f 7201 7079 7200
f 7139 7140 7168
f 6765 7208 7209
f 7208 6765 7403
f 7211 7212 7119
f 6824 6945 6371
f 7214 7029 6905
f 7215 6224 6223
f 7065 7036 7719
f 7065 7076 7036
f 6877 7216 7012
f 7216 7013 7012
f 7065 7057 7076
f 7217 7098 7097
f 7217 7097 7036
f 7097 7481 7036
f 7050 7218 7204
f 7050 6877 7218
f 7076 7217 7036
f 6949 6842 7250
f 7059 7058 6968
f 7058 7719 6968
f 7079 7081 7200
f 7081 7719 7200
f 7278 7111 6949
f 7080 6968 7081
f 6968 7719 7081
f 7220 7197 7719
f 7220 7221 7197
f 7198 7197 7221
f 7111 7278 7413
f 7102 7103 7222
f 7224 6949 7112
f 7099 7221 7220
f 7192 6967 7202
f 7192 7404 6857
f 6967 7069 6224
f 7255 6626 6900
f 7225 7226 7227
f 7041 7040 6919
f 7228 7229 6943
f 7090 6942 6222
f 6942 6944 6222
f 7092 7091 6730
f 7230 7231 7232
f 7233 7234 7215
f 7232 7235 7236
f 7235 7231 7237
f 7231 7233 7237
f 7234 7233 7231
f 7238 7240 7239
f 7215 7234 7202
f 7233 7215 6223
f 7192 7238 6742
f 7087 7214 6905
f 7214 7087 6685
f 6945 6369 6371
f 7029 6945 6825
f 7241 7242 7243
f 6144 6962 6766
f 7029 7074 6945
f 7110 6936 6554
f 6934 6936 7110
f 7201 7199 7198
f 6919 7086 7255
f 7242 7244 7719
f 7244 7242 7241
f 7244 7241 7099
f 7244 7220 7719
f 7244 7099 7220
f 7243 7242 7219
f 7242 7719 7219
f 7245 6882 7413
f 7245 6880 6882
f 7246 7224 7112
f 7247 7224 7248
f 7249 7247 7248
f 7109 7075 6852
f 7072 6797 6944
f 7101 7061 7060
f 7255 7382 6368
f 7251 7266 7100
f 7252 7046 7253
f 7192 6857 7089
f 7100 6881 7251
f 6765 7209 6764
f 7266 7251 7453
f 6919 7255 7041
f 7209 7256 6764
f 6983 7403 7105
f 6626 7255 7213
f 7202 7234 7230
f 7257 7229 7228
f 7207 6943 6942
f 7258 7090 6221
f 7089 6857 7257
f 6857 6964 7257
f 6964 7072 7229
f 7089 7228 7207
f 7089 7257 7228
f 7257 6964 7229
f 6222 6944 6797
f 7207 6942 7089
f 7229 7072 6944
f 6943 7229 6944
f 7090 6222 6221
f 7259 7045 7211
f 7045 7260 7211
f 7258 7069 6967
f 7192 7258 6967
f 7089 7090 7258
f 6223 6797 7233
f 7258 6221 7069
f 7258 7192 7089
f 6222 6797 6223
f 6967 6224 7215
f 7202 6967 7215
f 7238 7261 7240
f 7082 7262 7083
f 7230 7192 7202
f 6742 7238 7259
f 7192 7232 7236
f 7083 6797 7265
f 6797 7083 7262
f 7236 7261 7238
f 7263 7237 6797
f 7044 7263 7262
f 7263 7044 7240
f 7260 7082 7083
f 7233 6797 7237
f 7236 7235 7261
f 7192 7230 7232
f 7239 7240 7044
f 7232 7231 7235
f 7044 7262 7082
f 7230 7234 7231
f 7192 7236 7238
f 7261 7237 7263
f 7240 7261 7263
f 7045 7082 7260
f 7263 6797 7262
f 7239 7044 7259
f 7239 7259 7238
f 7237 7261 7235
f 6824 6370 6825
f 6824 6371 6370
f 6370 6811 6825
f 7270 6778 6573
f 7074 7073 6945
f 6945 7073 6369
f 7095 7029 6825
f 7264 7112 7223
f 7077 7088 7091
f 7092 7077 7091
f 7247 7249 7206
f 7224 7246 7248
f 6791 6935 6934
f 7075 7102 7267
f 6852 7075 7267
f 6918 6948 7266
f 7006 6918 6949
f 7005 6918 7006
f 7101 7100 7061
f 7100 6948 7061
f 6881 7101 7060
f 7004 7111 7413
f 7005 7061 6948
f 7453 7251 6881
f 6880 7453 6881
f 6949 7250 7112
f 7246 7112 7264
f 7266 6791 6949
f 7248 7246 7264
f 6949 6791 6842
f 6937 7110 6554
f 7084 7110 6937
f 6935 6554 6936
f 7085 6934 7084
f 7250 6842 7085
f 6842 6934 7085
f 6791 6934 6842
f 6949 7224 7247
f 7249 7248 7264
f 6949 7247 7206
f 7040 7047 6920
f 6949 7206 7278
f 6937 7223 7250
f 7249 7205 7206
f 7209 7208 7256
f 7249 7264 7205
f 7205 7264 7223
f 7047 7046 7268
f 7213 7047 7268
f 7047 7213 6920
f 6919 7040 6920
f 7046 7252 7268
f 7213 7208 7403
f 7046 7048 7039
f 7039 7041 7253
f 7046 7039 7253
f 7253 7041 7105
f 7256 7253 6764
f 7256 7252 7253
f 7105 6764 7253
f 7040 7039 7048
f 7252 7256 7268
f 7256 7208 7268
f 7208 7213 7268
f 7255 6368 7041
f 7086 7213 7255
f 7071 7092 6730
f 7077 6685 7087
f 7214 6685 7106
f 6947 6905 7029
f 7029 7214 7106
f 6905 6947 6946
f 7088 6905 6946
f 6763 6825 6811
f 6946 6947 7055
f 6730 7091 7055
f 7091 6946 7055
f 6876 6913 6878
f 7099 7241 7373
f 7277 7109 6852
f 7273 7064 7063
f 6877 7274 7218
f 6974 7103 6975
f 7102 7075 6877
f 7102 6877 6975
f 7099 7373 7221
f 6877 7075 8445
f 7277 7103 6974
f 7204 7446 7051
f 7109 7353 7075
f 6925 7373 6926
f 8825 7275 7276
f 7222 7277 6852
f 7267 7222 6852
f 7267 7102 7222
f 7103 7277 7222
f 7373 7273 6898
f 7274 6906 6908
f 7289 6940 6626
f 7213 7403 6626
f 6970 6955 6954
f 6972 6955 6970
f 7029 7095 6947
f 7281 7282 7696
f 7282 7281 7283
f 7113 7254 6953
f 7286 7287 7279
f 6970 6954 7129
f 6951 7291 7292
f 7293 7294 7295
f 7293 7296 7294
f 7291 7297 7298
f 7292 7291 7298
f 7299 6994 7300
f 7301 7302 7303
f 7301 6960 7288
f 6845 6874 7305
f 6874 6993 7305
f 6845 6872 6874
f 6959 6785 6335
f 6845 7123 7772
f 7292 7306 7307
f 7306 7292 7298
f 7808 7308 7309
f 6707 6383 7807
f 7311 7312 7313
f 7094 7093 7314
f 7315 7316 7317
f 7316 7315 8549
f 7318 7120 7122
f 7320 7321 7322
f 7320 7323 7321
f 6997 6972 7129
f 7324 7544 7772
f 6984 6986 6738
f 6972 8172 6971
f 6957 6971 8172
f 7129 6956 6997
f 7325 7326 7068
f 7328 7329 7330
f 7331 7332 7333
f 7154 7334 7144
f 7020 8876 6833
f 7173 6984 6738
f 7335 7336 7337
f 7659 7335 7337
f 7177 7037 7025
f 6872 6959 6960
f 7023 6991 7149
f 6847 6966 7030
f 7023 7150 6653
f 7338 7551 7598
f 6981 6847 7030
f 7150 7149 7603
f 6653 6989 6991
f 6729 6843 6735
f 7011 6846 7603
f 6840 6886 6855
f 6836 6855 7174
f 6846 6990 6966
f 6990 6989 6855
f 6992 7011 7603
f 6981 7030 6836
f 6982 6981 6836
f 6855 6885 7174
f 6855 6886 6885
f 6969 7038 8482
f 7340 7652 7341
f 7025 7017 6737
f 6737 7177 7025
f 6729 6743 6941
f 7177 6737 6958
f 6840 8482 7603
f 7038 7037 8482
f 6912 7019 8482
f 6734 7019 6743
f 6843 6969 6736
f 7025 7038 7017
f 7022 7124 8876
f 7343 7178 6958
f 7178 7177 6958
f 6737 8362 7345
f 6864 6863 7130
f 6737 7344 6625
f 7022 7021 7163
f 7851 7346 7347
f 7348 7349 7350
f 7349 7348 8051
f 6774 7003 6932
f 7351 7165 7352
f 7120 8226 7803
f 6959 7146 6785
f 7355 7171 7155
f 7155 7171 6834
f 6766 6834 6868
f 7139 7142 7159
f 6850 7557 6868
f 6868 7203 7131
f 6833 7155 6834
f 7357 7140 7358
f 7359 7360 7361
f 7360 8251 7361
f 7362 7363 8288
f 7364 6850 6868
f 7318 7365 7366
f 7367 7368 7369
f 7370 7371 7372
f 7371 7370 8251
f 6868 7358 7140
f 7022 7163 7124
f 6868 7159 7033
f 7020 7022 8876
f 7141 7132 7033
f 7355 7357 7358
f 7168 7357 8876
f 7357 7355 8876
f 7155 8876 7355
f 7141 7033 7159
f 7021 6766 7163
f 7168 7142 7139
f 7168 7140 7357
f 7358 7171 7355
f 7057 7059 7373
f 7020 6833 6835
f 7163 7125 7124
f 7375 7376 7377
f 6868 7171 7358
f 6835 7021 7020
f 6962 8876 7124
f 7378 7148 7147
f 7378 7379 7148
f 8557 8160 8467
f 7381 7658 7327
f 6777 7151 6751
f 7383 7384 7385
f 7567 7172 6744
f 7386 7387 7388
f 7019 6912 6941
f 7351 7352 7392
f 7312 7393 7313
f 7888 6988 7166
f 7034 7560 6048
f 7396 7265 7212
f 6738 6777 7161
f 7319 7394 7382
f 7374 7176 7172
f 7400 7401 7402
f 6984 7184 6985
f 7184 7185 6985
f 7649 6910 7405
f 7188 7406 7407
f 7384 7408 7385
f 7409 7886 7410
f 7161 7192 6742
f 7127 7412 7128
f 7412 7658 7128
f 7394 7319 6319
f 7108 6778 7270
f 6726 7404 6777
f 6780 7351 7392
f 6615 7567 6558
f 7336 7186 7175
f 7161 6777 7404
f 7415 7405 7416
f 7398 7415 7416
f 7308 7417 7309
f 7407 7420 7421
f 7420 7433 7421
f 7422 7423 7632
f 7425 7399 7426
f 6775 6774 7356
f 7888 7166 7165
f 7404 7192 7161
f 7259 7211 7119
f 6915 6877 6913
f 7429 7430 7431
f 7420 7432 7433
f 7434 7435 7436
f 7437 7908 7438
f 7439 6980 7196
f 7403 7289 6626
f 7282 7283 7440
f 7211 7260 7396
f 7414 7164 7319
f 8445 7075 7353
f 7041 7269 7105
f 6742 7259 7119
f 7277 6926 7373
f 7041 6368 7269
f 7696 7435 7279
f 7211 7396 7212
f 7260 7083 7396
f 7119 7212 7265
f 7265 7396 7083
f 7603 7095 6825
f 6730 6947 7427
f 7427 6947 7095
f 7444 7218 7274
f 7444 7446 7204
f 7446 6898 6876
f 7447 7448 7449
f 7450 7451 7452
f 7109 7219 7353
f 7353 7266 7445
f 6880 7245 7453
f 7206 7223 7278
f 7445 7453 7245
f 7445 7245 7413
f 7453 7445 7266
f 7696 7455 7436
f 7456 7457 7458
f 7105 7269 6983
f 7119 7265 7687
f 6910 7389 6858
f 7389 7390 6858
f 7603 6825 6763
f 7071 6730 7427
f 6925 6927 7062
f 7462 7093 7463
f 7464 7465 7454
f 7466 7467 8042
f 7274 6908 7444
f 8757 7470 7471
f 7472 7473 8347
f 7474 7475 7476
f 6973 6975 6877
f 6926 6974 6973
f 6973 6877 6927
f 6877 7062 6927
f 7446 7373 6898
f 6913 6877 6878
f 7446 6875 7051
f 7274 6877 6906
f 7477 7478 7479
f 7480 7477 7479
f 7109 7277 7219
f 6878 7049 6875
f 6878 6875 6876
f 7278 7223 6576
f 7719 7353 7219
f 8501 7482 7483
f 7445 7413 7353
f 7187 7188 7190
f 7484 7420 7406
f 6952 7113 6953
f 7254 7743 6953
f 6953 7743 7485
f 7226 7225 7485
f 7107 7108 7169
f 7489 7491 7490
f 7992 7489 7490
f 7488 6778 7108
f 7488 7107 6778
f 7265 6778 7107
f 7488 7108 7107
f 7107 7169 7489
f 7169 7491 7489
f 7492 7493 7494
f 7493 7495 7494
f 7107 7488 7496
f 7488 7489 7496
f 7489 7107 7496
f 7489 7488 7107
f 7106 7280 7270
f 7498 7499 7500
f 6950 6951 7544
f 7998 7501 7502
f 7198 7373 7201
f 7188 7187 7424
f 7503 7465 7504
f 7585 7505 7506
f 7289 7998 8236
f 7113 7507 7114
f 6576 7289 8236
f 6952 7117 7507
f 7456 7508 7457
f 7998 7509 7510
f 7289 7508 7486
f 7113 6952 7507
f 7435 7286 7279
f 7458 7511 7512
f 7508 7289 7457
f 7507 7289 7114
f 7513 7753 7514
f 7515 7998 7441
f 7289 7743 7487
f 7743 7289 7403
f 7487 7254 7114
f 7487 7743 7254
f 7289 7487 7114
f 7516 7517 7518
f 7518 7458 7512
f 7518 7456 7458
f 7753 7744 7514
f 7519 7520 7227
f 7458 7285 7116
f 7285 7458 7457
f 7289 7285 7457
f 7507 7117 7116
f 7285 7507 7116
f 7507 7285 7289
f 7520 7225 7227
f 7521 7522 7381
f 7303 7288 7324
f 7772 7526 7324
f 7305 6993 7304
f 6744 7319 7382
f 7526 7303 7324
f 7527 7354 6977
f 7307 7528 7529
f 7530 7528 7307
f 7288 6950 7544
f 7544 7324 7288
f 6993 6994 7304
f 7532 7533 7534
f 7522 7521 7535
f 7536 7544 7292
f 7537 7546 6951
f 7305 7304 7299
f 7123 7538 7526
f 7772 7123 7526
f 7123 7305 7538
f 6950 7539 7537
f 7301 7288 7302
f 7304 6994 7299
f 7300 6960 7301
f 7538 7305 7299
f 6845 7305 7123
f 6874 6872 6960
f 7526 7538 7299
f 6335 7539 6950
f 7288 7303 7302
f 6895 6785 7162
f 7288 6335 6950
f 7526 7300 7303
f 7300 7301 7303
f 6960 6959 7288
f 7526 7299 7300
f 6950 7537 6951
f 7539 6895 6896
f 7888 7165 7541
f 6994 6874 6960
f 7300 6994 6960
f 6335 6895 7539
f 7546 7537 6896
f 7544 6951 7292
f 7537 7539 6896
f 6785 7146 7162
f 7546 6896 7540
f 7544 7536 7542
f 7542 7536 7543
f 7523 6845 7772
f 7536 7292 7543
f 7772 7544 7545
f 6951 7546 7291
f 7546 7297 7291
f 6896 7162 7540
f 7544 7542 7545
f 7546 7540 7297
f 7297 7540 7298
f 7542 7525 7545
f 7525 7542 7524
f 7548 7410 7549
f 7306 7553 7530
f 7405 6910 6909
f 7873 6987 7561
f 7556 7803 7552
f 7527 6977 7562
f 6931 6860 7563
f 7564 7565 7566
f 7568 7569 7570
f 7569 7568 7461
f 7571 7572 6965
f 7573 7574 7575
f 7576 7577 7578
f 7393 7385 7579
f 8549 7581 7580
f 7582 7583 7584
f 7585 7295 7586
f 7657 6048 7560
f 7587 6901 7888
f 7183 6988 7009
f 6965 7589 7590
f 7540 7554 7553
f 7542 7543 7524
f 7009 6988 7031
f 7591 7592 7593
f 7591 7595 7596
f 7306 7540 7553
f 7540 7306 7298
f 6844 7176 7137
f 7598 7599 7341
f 7600 6781 6776
f 7601 7602 8072
f 6832 7078 5804
f 7130 7604 7153
f 7607 7608 7609
f 7608 8072 7609
f 7610 7611 7851
f 7612 7613 7614
f 7615 7616 7617
f 7619 7620 7621
f 7623 7624 7625
f 6878 6877 7049
f 7176 7414 7172
f 7176 7164 7414
f 7626 7627 7556
f 7628 7629 7630
f 7309 7417 7631
f 7181 7658 7179
f 7176 6844 7164
f 7425 7382 7399
f 7555 7126 7632
f 7181 7633 7658
f 7634 7635 7636
f 7408 7374 7579
f 7385 7408 7579
f 7384 7638 7639
f 8534 7640 7641
f 7393 7383 7385
f 7813 7642 7643
f 6988 7873 6751
f 7644 7194 7193
f 7319 7164 6318
f 7645 7541 6779
f 7646 6780 6779
f 7133 7135 7521
f 7173 6739 7647
f 6726 6777 6751
f 7172 7414 7319
f 6751 7873 6726
f 6987 7390 7561
f 7579 7374 7321
f 7313 7579 7321
f 7561 7390 7389
f 6987 6988 7390
f 7183 7008 7166
f 7009 7352 7010
f 6751 7184 7031
f 7352 7165 7010
f 6988 6751 7031
f 7336 7335 7186
f 7184 7173 7647
f 7659 7184 7647
f 6744 7172 7319
f 7166 7008 7010
f 7351 6780 7646
f 7659 7647 7335
f 7647 7186 7335
f 7541 7646 6779
f 7873 6988 6987
f 7650 6649 7594
f 6649 7650 7657
f 7183 7009 7008
f 7600 7645 6781
f 7561 7415 7873
f 7649 7415 7389
f 7415 7561 7389
f 7416 7405 6909
f 7165 7351 7541
f 7351 7646 7541
f 7649 7389 6910
f 7161 7336 7175
f 6988 7888 6911
f 6988 7183 7166
f 7394 7138 6859
f 7888 7395 7409
f 7651 7541 7645
f 7888 7541 7651
f 7421 7433 7653
f 7654 7421 7653
f 7408 7419 7374
f 7138 7374 6859
f 7031 7184 7659
f 7419 6859 7374
f 6859 7419 7418
f 7600 7651 7645
f 7645 6779 6781
f 7031 7659 7392
f 7034 6365 7594
f 6365 7172 7594
f 7337 7161 7659
f 7639 7419 7408
f 7639 7418 7419
f 7522 7193 7433
f 7410 7548 7888
f 7179 7657 7180
f 7383 7638 7384
f 7394 7638 7383
f 7172 6365 7374
f 6984 7173 7184
f 7567 7594 7172
f 7408 7384 7639
f 7383 7393 7312
f 7312 7394 7383
f 6780 7392 7659
f 7647 6739 7186
f 6781 6780 7659
f 7337 7336 7161
f 6739 6738 7175
f 6738 7161 7175
f 7009 7031 7392
f 7352 7009 7392
f 6781 7659 6776
f 6859 7418 7394
f 7638 7418 7639
f 7393 7579 7313
f 7135 7656 6978
f 7659 7161 6776
f 7888 7651 7395
f 7651 7600 7395
f 7138 7394 6319
f 7660 7661 7662
f 7311 7394 7312
f 7026 7187 7664
f 6776 7161 7598
f 7323 7311 7313
f 7137 7138 6319
f 7394 7418 7638
f 7189 7407 7421
f 7374 6048 7179
f 7665 7190 7654
f 7666 7667 7668
f 7189 7188 7407
f 7548 7669 7599
f 7670 7338 7598
f 7592 7671 7672
f 7559 7880 7272
f 7623 7459 7673
f 7674 7675 7676
f 7632 7126 7422
f 7664 7677 7678
f 7664 7679 7677
f 7680 8163 7681
f 7458 7116 7511
f 7496 7992 7490
f 7599 7598 7682
f 7108 7491 7169
f 7683 8413 7684
f 7685 7683 7684
f 7888 7597 7686
f 6742 7119 7161
f 7108 7270 7280
f 7688 7689 7690
f 7108 7280 7491
f 7691 7692 7680
f 7693 7694 7512
f 7694 7434 7436
f 7697 7514 7744
f 7279 7287 7485
f 9004 7427 7095
f 7699 7700 7701
f 7702 7700 7699
f 7705 7706 7708
f 7064 7373 6925
f 7062 7064 6925
f 7710 7711 7000
f 7277 7373 7241
f 7712 7464 7713
f 6915 7273 7063
f 6915 7063 6877
f 8445 7353 8444
f 7241 7243 7277
f 7373 7064 7273
f 7373 7198 7221
f 7444 7204 7218
f 7080 7373 7059
f 6898 7273 6915
f 7079 7373 7080
f 7277 7243 7219
f 7716 7717 7718
f 7201 7373 7079
f 7116 7520 7511
f 7721 7722 7723
f 7566 7612 7614
f 7353 8781 8756
f 7556 7552 7626
f 7520 7116 7118
f 7353 7413 8781
f 7724 7360 7725
f 7360 7724 8251
f 7266 7353 6962
f 7726 7727 7558
f 7728 7455 7729
f 7413 7278 8781
f 6144 6791 6962
f 7278 6576 8781
f 7730 7513 7514
f 6791 7266 6962
f 7731 7732 7495
f 7733 7732 7731
f 7635 6980 7636
f 7509 7998 7513
f 7734 7735 7736
f 7737 7738 7739
f 7510 7740 7741
f 7728 7694 7436
f 7455 7728 7436
f 7435 7696 7436
f 7516 7486 7517
f 7435 7434 7286
f 7520 7118 7225
f 6952 7485 7225
f 7117 6952 7225
f 7118 7117 7225
f 7693 7519 7227
f 7693 7227 7434
f 7694 7693 7434
f 7434 7227 7286
f 7227 7226 7742
f 7286 7227 7742
f 7742 7226 7287
f 7226 7485 7287
f 7286 7742 7287
f 7553 7554 7428
f 7528 7553 7428
f 7279 7485 7696
f 7635 6978 6980
f 6983 7743 7403
f 7696 7485 7956
f 7687 7265 8388
f 8388 7265 7107
f 7489 7992 7107
f 7745 7746 7747
f 8051 7746 7745
f 8388 7107 7992
f 7280 7106 7993
f 7353 7719 7481
f 8482 7095 7603
f 7373 7446 7057
f 7749 7750 8520
f 7455 7696 7752
f 7736 7754 7738
f 7486 7508 7517
f 7508 7456 7517
f 7282 7752 7696
f 7752 7282 7755
f 7515 7756 7757
f 7756 7515 7441
f 7755 7514 7697
f 7518 7517 7456
f 7289 7486 7998
f 7511 7693 7512
f 7998 7486 7753
f 7998 7753 7513
f 7440 7509 7758
f 7509 7513 7758
f 7513 7730 7758
f 7510 7509 7440
f 7695 7281 7696
f 7695 7759 7281
f 7486 7516 7744
f 7753 7486 7744
f 7729 7455 7752
f 7514 7755 7730
f 7755 7697 7752
f 7697 7729 7752
f 7441 7751 7760
f 7758 7755 7282
f 7758 7730 7755
f 7281 7741 7740
f 7510 7440 7283
f 7740 7510 7283
f 7998 7510 7751
f 7998 7751 7441
f 7751 7510 7741
f 7760 7751 7741
f 7519 7693 7511
f 7281 7740 7283
f 7761 7515 7757
f 7756 7441 7762
f 7441 7760 7762
f 7424 7764 7484
f 7762 7759 7765
f 7762 7760 7759
f 7282 7440 7758
f 7696 7766 7695
f 7759 7760 7741
f 7759 7741 7281
f 7520 7519 7511
f 7765 7756 7762
f 7765 7695 7767
f 7695 7765 7759
f 7695 7766 7767
f 7738 7768 7739
f 7768 7738 7754
f 7697 7518 7512
f 7697 7516 7518
f 7729 7697 7512
f 7516 7697 7744
f 7728 7729 7512
f 7694 7728 7512
f 7368 7770 7369
f 7698 7531 7771
f 7018 7429 7431
f 7531 7534 7771
f 7773 7545 7794
f 7773 7532 7545
f 7406 7420 7407
f 7626 7775 7121
f 7775 7122 7121
f 7556 7121 7803
f 7627 7121 7556
f 8638 7777 7778
f 7815 7769 7554
f 7779 7780 7673
f 7115 7781 6932
f 7782 7783 7784
f 7786 7528 7428
f 7786 7529 7528
f 7814 7788 7785
f 7789 7774 7698
f 7499 7790 7689
f 7529 7786 7791
f 7534 7772 7532
f 7791 7428 7554
f 7428 7791 7786
f 7783 7794 7784
f 7545 7525 7794
f 7792 7793 8602
f 7788 7789 7785
f 7698 7771 7794
f 7789 7795 7774
f 7782 7443 7769
f 7443 7554 7769
f 7789 7698 7785
f 7772 7531 7698
f 7771 7773 7794
f 7794 7785 7698
f 7794 7547 7785
f 7690 7796 7797
f 7796 7690 7689
f 7443 7791 7554
f 7797 7798 7776
f 7789 7788 7795
f 7774 7790 7698
f 7790 7774 7795
f 7799 7686 7550
f 7800 7799 7550
f 7784 7791 7801
f 7443 7801 7791
f 7552 7655 7775
f 7655 7365 7775
f 7626 7552 7775
f 7804 7805 7606
f 7552 7807 7655
f 6707 7552 7803
f 6383 8809 7807
f 6707 7803 7567
f 7439 7195 7411
f 7121 7120 7803
f 7432 7764 7423
f 6627 7811 6629
f 7410 7340 7549
f 7782 7784 7801
f 7801 7443 7782
f 7660 7662 7812
f 7886 7652 7340
f 6979 7865 7196
f 8036 6872 6726
f 7529 7543 7307
f 7530 7307 7306
f 7547 7814 7785
f 7802 7534 7533
f 7395 7667 7666
f 7794 7525 7529
f 7771 7534 7802
f 7773 7533 7532
f 7543 7292 7307
f 7533 7773 7802
f 7698 7523 7772
f 7529 7524 7543
f 7532 7772 7545
f 7528 7530 7553
f 7772 7534 7531
f 7816 7817 8251
f 7816 7347 7817
f 7818 7819 7820
f 7821 7822 7823
f 7824 7613 7612
f 7552 6707 7807
f 7318 7366 8226
f 7365 7318 7775
f 7346 7825 7817
f 7826 7827 7918
f 7827 7826 7828
f 7548 7599 7597
f 7908 7830 7438
f 7831 7763 7832
f 7382 7187 8385
f 7135 6978 7535
f 7521 7135 7535
f 7773 7771 7802
f 7664 7190 7665
f 7784 7529 7791
f 8036 7554 7162
f 7524 7529 7525
f 7135 7134 7656
f 7134 7833 7656
f 7698 7499 7523
f 7690 7834 7688
f 7554 7787 7815
f 7835 7787 7836
f 7834 7498 7500
f 7688 7834 7500
f 7794 7783 7547
f 7783 7769 7547
f 7769 7815 7547
f 7783 7782 7769
f 8078 7442 7837
f 7838 7839 7840
f 7599 7682 7597
f 7841 7800 7338
f 7842 7843 7844
f 7382 7394 7399
f 7678 7677 7845
f 7794 7529 7784
f 7409 7410 7888
f 7929 7846 7787
f 7598 7551 7682
f 8064 8146 6805
f 7841 7799 7800
f 7465 7464 7504
f 8172 6832 7849
f 6870 7622 7852
f 6732 7271 7272
f 7853 7854 7855
f 7856 7857 7565
f 7604 6863 8041
f 7861 6773 7461
f 7571 7862 7572
f 7153 7825 7346
f 7272 7558 7559
f 8534 7398 7888
f 7657 7560 6649
f 7394 7311 7399
f 7658 7381 7433
f 7867 7416 6909
f 7681 7868 7691
f 7822 7821 7869
f 7821 8473 7869
f 7189 7421 7654
f 7780 7826 7918
f 7870 7871 7872
f 7873 8801 6726
f 7874 8300 7875
f 7876 7874 7875
f 7416 7877 7398
f 7877 7416 7867
f 7415 7649 7405
f 7886 7340 7410
f 7878 6911 7888
f 7338 7800 7550
f 7845 7879 7811
f 7669 7549 7340
f 7667 6776 7668
f 7881 7882 7917
f 7882 7881 7883
f 7884 7677 7679
f 7878 7867 6911
f 7311 7323 7320
f 7664 7187 7190
f 6048 7657 7179
f 7426 7399 7885
f 7833 7134 7327
f 7811 7879 6629
f 7842 7844 7670
f 7837 7887 7883
f 7599 7669 7341
f 7873 7415 7398
f 7833 7658 7633
f 7829 7594 6978
f 7633 7829 6978
f 7196 6980 6979
f 7843 7842 7386
f 7813 7843 7386
f 7891 7558 7272
f 7558 7891 7308
f 7867 6909 6911
f 7886 7668 7652
f 7886 7666 7668
f 7877 6831 7398
f 7877 7867 7878
f 7674 7892 8534
f 7877 7878 6831
f 6831 7878 7888
f 7398 6831 7888
f 7600 7667 7395
f 6910 6858 6911
f 6858 6988 6911
f 7669 7340 7341
f 7290 7411 7284
f 7633 7181 7829
f 7187 7555 7424
f 7600 6776 7667
f 7669 7548 7549
f 7885 7412 7426
f 7888 7548 7597
f 8064 7182 8146
f 7321 7323 7313
f 7397 7842 7670
f 7395 7666 7409
f 7666 7886 7409
f 7417 7308 7891
f 7653 7665 7654
f 6649 7034 7594
f 7034 6649 7560
f 7521 7381 7327
f 7133 7521 7327
f 7311 7893 7399
f 7311 7320 7893
f 7423 7555 7632
f 7894 7644 7193
f 7896 7631 7897
f 7026 7664 7678
f 7812 7898 7899
f 7660 7812 7899
f 7900 7675 7674
f 7550 7686 7551
f 7658 7374 7179
f 7432 7422 7433
f 7422 7432 7423
f 7799 7844 7843
f 7322 7321 7658
f 7180 7650 7829
f 7180 7657 7650
f 7650 7594 7829
f 7551 7686 7682
f 7190 7189 7654
f 7181 7180 7829
f 7668 6776 7652
f 7290 7865 6979
f 7686 7597 7682
f 7423 7764 7424
f 7594 7411 7290
f 7670 7841 7338
f 7844 7841 7670
f 7484 7432 7420
f 7484 7764 7432
f 7658 7833 7327
f 7195 7439 7196
f 7841 7844 7799
f 7386 7388 7642
f 7388 7901 7642
f 6628 6629 7903
f 7425 7126 7555
f 7425 7127 7126
f 7904 7438 7905
f 7906 7559 7907
f 7890 6628 7827
f 7559 7635 7907
f 7656 7633 6978
f 7656 7833 7633
f 7284 7865 7290
f 7195 7284 7411
f 7284 7195 7865
f 7426 7412 7127
f 7594 7290 6978
f 7290 6979 6978
f 7830 6805 8146
f 7908 6805 7830
f 7911 7812 7912
f 7194 7644 7727
f 7555 7187 7382
f 7412 7322 7658
f 7412 7885 7322
f 7425 7426 7127
f 7812 7911 7898
f 7555 7423 7424
f 7406 7424 7484
f 7406 7188 7424
f 7411 7594 7567
f 6776 7598 7341
f 7652 6776 7341
f 7397 7670 7598
f 7901 7588 7397
f 7901 7388 7588
f 7598 7161 8120
f 7913 7914 7915
f 7338 7550 7551
f 7399 7893 7885
f 7916 7913 7915
f 7726 7194 7727
f 7726 7433 7194
f 7911 7310 7918
f 7381 7522 7433
f 7917 7598 8120
f 7380 6628 7890
f 7433 7422 7658
f 7322 7893 7320
f 7919 7920 7921
f 7126 7128 7422
f 7128 7658 7422
f 7322 7885 7893
f 7321 7374 7658
f 7922 7909 7923
f 6733 7924 8146
f 7134 7133 7327
f 7631 7891 7897
f 7631 7417 7891
f 7662 7661 7925
f 7661 7910 7925
f 7365 7655 7809
f 7595 7917 7915
f 7382 7425 7555
f 7901 7397 7889
f 7460 7380 7926
f 7927 7928 7293
f 7071 7427 9004
f 7930 7931 7483
f 7871 7870 7932
f 7493 7934 7739
f 7493 7935 7934
f 8385 7937 7382
f 7813 7671 7936
f 7671 7591 7936
f 7495 7493 7739
f 7868 7692 7691
f 7161 7119 8120
f 7692 8163 7680
f 7743 7937 7485
f 7940 7696 7941
f 7943 7944 7939
f 7945 7938 8158
f 7681 7280 7993
f 7308 7726 7558
f 8163 7280 7681
f 7935 7493 7984
f 7743 6983 7937
f 7496 7490 7491
f 7944 7943 8155
f 7491 7992 7496
f 7485 7937 7956
f 7735 7940 7736
f 7947 7948 7949
f 7119 7687 7942
f 7942 7938 7939
f 7952 7953 7954
f 7955 7952 7954
f 7942 7687 7938
f 7938 7687 8158
f 7946 7119 7942
f 7945 7939 7938
f 7945 7943 7939
f 7681 7993 7868
f 7691 7680 7681
f 7957 7958 7959
f 7076 7057 7446
f 7473 7705 7960
f 7961 7962 7963
f 6815 7136 7056
f 7964 7965 7966
f 7967 7968 7969
f 7970 7971 7972
f 7971 7970 7973
f 7975 7976 7018
f 7978 7979 7451
f 6628 7903 7827
f 7903 7923 7827
f 7998 7515 7980
f 7982 7922 7923
f 7922 7982 7896
f 7493 7983 7984
f 7940 7735 7696
f 7985 7934 7935
f 7766 7696 7735
f 7987 7766 7735
f 7766 7987 7767
f 7734 7987 7735
f 7934 7737 7739
f 7988 7989 7847
f 7736 7940 7990
f 7941 7696 7956
f 7995 7991 7986
f 7990 7940 7941
f 8388 7280 8163
f 7280 7992 7491
f 7280 8388 7992
f 7768 7733 7731
f 7981 6576 8236
f 7720 7996 7872
f 7997 8236 7951
f 7980 7935 7984
f 7501 7980 7984
f 7492 7983 7493
f 7999 8000 8001
f 8002 7502 8003
f 7502 8004 8003
f 7983 7492 8004
f 8003 7492 8005
f 8003 8004 7492
f 8236 8006 8007
f 7734 7738 7737
f 7738 7734 7736
f 8008 8009 8010
f 8009 8008 8011
f 8012 8013 8014
f 8005 8015 8016
f 8008 8017 8018
f 8018 8011 8008
f 8018 8019 8011
f 8011 8019 8000
f 7997 8017 8020
f 8017 7997 7951
f 8005 8016 8003
f 7999 8005 7995
f 8005 7999 8015
f 8005 7494 7995
f 7494 8005 7492
f 8009 7999 7995
f 8009 8011 7999
f 8011 8000 7999
f 7999 8001 8015
f 7934 8021 7737
f 7934 7985 8021
f 7985 7761 8021
f 8021 7761 7757
f 7765 7767 7737
f 7765 7757 7756
f 8021 7765 7737
f 8021 7757 7765
f 7987 7734 7737
f 7767 7987 7737
f 7790 7796 7689
f 7846 7836 7787
f 7895 8226 7366
f 7523 7499 8036
f 7498 8036 7499
f 7929 8036 7834
f 8022 8023 8137
f 7690 7929 7834
f 7797 7929 7690
f 7689 7500 7499
f 7500 7689 7688
f 7895 7807 8226
f 7655 7807 7809
f 7787 7835 7815
f 7627 7626 7121
f 8534 8025 8026
f 7775 7318 7122
f 7807 7895 7809
f 7809 7895 7366
f 8031 8032 8482
f 7790 7788 7814
f 7842 7387 7386
f 7798 7846 7776
f 7798 8033 7846
f 8033 7836 7846
f 7790 7499 7698
f 7797 7796 7798
f 7835 7814 7547
f 7796 8033 7798
f 7797 7776 7929
f 7776 7846 7929
f 7836 7814 7835
f 7498 7834 8036
f 7929 7787 7554
f 7790 7795 7788
f 7790 7814 8033
f 7815 7835 7547
f 8033 7814 7836
f 7796 7790 8033
f 7662 8035 7912
f 7812 7662 7912
f 8037 8038 8039
f 7152 8543 7018
f 7809 7366 7365
f 7630 8043 7018
f 8044 8045 8046
f 7318 8226 7120
f 8047 8048 8049
f 7334 8050 8051
f 8226 7807 8809
f 8052 8053 7330
f 8054 7921 8055
f 7567 8226 8809
f 6931 7563 7115
f 7898 7911 7918
f 8057 8314 8058
f 8534 6901 7674
f 8036 7929 7554
f 7558 7894 7559
f 7558 7727 7894
f 6629 7879 7903
f 7879 7923 7903
f 7674 7676 7892
f 7676 8034 7892
f 8060 8061 7749
f 7879 7884 7923
f 7879 7845 7884
f 7540 7162 7554
f 7162 6872 8036
f 7900 7587 7675
f 7642 7901 7643
f 8064 7437 8035
f 7387 7397 7588
f 7927 7293 7295
f 7310 8300 7918
f 8065 7580 7581
f 7296 8066 8067
f 8066 7296 8068
f 7876 8069 8063
f 8070 8556 8071
f 7832 7763 8073
f 7763 8299 8073
f 8067 7294 7296
f 8647 8946 7707
f 7505 8073 8074
f 8073 8299 8074
f 8075 7648 8076
f 8077 8242 8535
f 7857 7851 7565
f 8081 8357 8253
f 5804 7078 7850
f 8083 8084 7503
f 7572 7862 6862
f 7156 7157 6854
f 6853 7156 6854
f 8085 8086 7431
f 8087 8088 8089
f 8090 8091 8043
f 8385 7460 7927
f 7562 7725 7359
f 7606 7605 7562
f 7610 7851 7347
f 8093 8792 8087
f 6775 7356 8094
f 7828 7380 7890
f 7653 7433 7923
f 7891 7272 7897
f 8300 8097 8059
f 7664 7665 7679
f 7811 7678 7845
f 7803 8226 7567
f 7661 7660 7899
f 7906 7907 7902
f 8098 7922 8099
f 7924 7902 7411
f 7906 7902 7924
f 7880 7559 7906
f 7271 6731 7182
f 8300 8100 8299
f 8101 8102 8103
f 8104 7904 8105
f 7922 8098 7909
f 7380 7026 7678
f 8106 8107 8108
f 8056 8109 8139
f 6732 7924 6733
f 6732 7880 7924
f 7926 8110 8111
f 7989 8112 8113
f 7433 7308 7808
f 7675 7587 7676
f 8099 7922 7897
f 7922 7896 7897
f 7595 7593 7917
f 7672 7889 7592
f 7460 7459 7928
f 8114 7932 8115
f 8801 7873 7398
f 7975 8040 7976
f 7914 8116 8117
f 8534 8801 7398
f 8314 8323 8118
f 7901 7889 7643
f 8116 7913 8112
f 7913 8119 8112
f 7813 8116 8112
f 7635 7634 7907
f 7272 7271 8064
f 8067 8121 7294
f 7388 7387 7588
f 7308 7433 7726
f 7813 7799 7843
f 8034 7676 7813
f 8122 8123 8124
f 8122 8125 8123
f 7592 7889 7593
f 7913 7916 8119
f 7634 7636 8126
f 8146 7924 7411
f 7272 8064 8035
f 8119 7916 8113
f 6731 7271 6732
f 8098 7925 7910
f 7535 6978 7559
f 6978 7635 7559
f 7884 7845 7677
f 6805 7908 8064
f 8035 7437 7904
f 7827 7923 7918
f 7535 7193 7522
f 7894 7535 7559
f 7535 7894 7193
f 7813 7386 7642
f 7900 6901 7587
f 7842 7397 7387
f 7888 7799 7813
f 7799 7888 7686
f 7587 7888 7813
f 7643 7889 7672
f 6901 7900 7674
f 8116 7936 8117
f 7936 8116 7813
f 7808 7309 7982
f 7884 7653 7923
f 7989 7442 8112
f 7442 7813 8112
f 8034 8025 8534
f 7909 8098 7910
f 7598 7917 7593
f 7671 7592 7591
f 6901 8534 7888
f 7676 7587 7813
f 7917 7988 7847
f 7936 7596 8117
f 7923 7433 7808
f 7892 8034 8534
f 7438 7830 7905
f 7380 7460 8385
f 8111 7826 7780
f 8111 8110 7826
f 8127 7145 8051
f 8034 7813 8025
f 7928 7623 7625
f 7982 7923 7808
f 7904 7437 7438
f 7989 8113 7847
f 7913 8116 7914
f 7596 7595 8117
f 8112 8119 8113
f 7595 7914 8117
f 8078 7837 8128
f 8026 7640 8534
f 7640 8026 8129
f 7914 7595 7915
f 8068 7928 7625
f 7271 7182 8064
f 7482 8081 8253
f 8130 8131 8062
f 7662 7925 8035
f 7591 7596 7936
f 7643 7671 7813
f 7671 7643 7672
f 7906 7924 7880
f 7380 7828 7926
f 7918 7923 7899
f 7880 6732 7272
f 8113 7916 7847
f 7898 7918 7899
f 7894 7727 7644
f 7309 7631 7982
f 7631 7896 7982
f 7182 6733 8146
f 7988 7442 7989
f 8130 8062 8109
f 8134 8135 8106
f 7763 8067 8299
f 7763 8121 8067
f 7883 7881 8128
f 7837 7883 8128
f 7826 8110 7828
f 7780 7918 7624
f 7673 7780 7624
f 8099 7897 7272
f 7634 8126 7907
f 8064 7908 7437
f 7902 8126 7411
f 7907 8126 7902
f 7925 7272 8035
f 7925 8099 7272
f 7925 8098 8099
f 8136 8095 8146
f 7679 7653 7884
f 7679 7665 7653
f 8035 7904 8104
f 8126 7439 7411
f 8126 7636 7439
f 7636 6980 7439
f 7889 7598 7593
f 7889 7397 7598
f 7595 7591 7593
f 7847 7916 7917
f 7881 8137 8138
f 7916 7915 7917
f 7623 7673 7624
f 7779 7926 8111
f 7926 7779 7459
f 7459 7779 7673
f 7780 7779 8111
f 7293 7928 8068
f 8022 8140 8023
f 6627 7678 7811
f 7459 7623 7928
f 7828 8110 7926
f 8141 8142 8143
f 7637 8327 8144
f 6627 7380 7678
f 7874 8145 7864
f 8145 7863 7864
f 7827 7828 7890
f 7442 7988 7837
f 7988 7887 7837
f 7624 7918 8066
f 7625 7624 8066
f 8385 7187 7026
f 7910 7661 7899
f 7923 7909 7899
f 7909 7910 7899
f 7459 7460 7926
f 8045 8030 8046
f 7026 7380 8385
f 8147 8145 7874
f 8062 7813 7442
f 7806 7996 7720
f 8148 8104 8105
f 8150 8151 8152
f 7586 7295 7831
f 6983 6368 7937
f 7402 7401 7317
f 7382 7937 6368
f 7944 8155 7946
f 7944 7942 7939
f 7956 7986 7941
f 8137 7917 8156
f 8032 7344 7345
f 8155 8152 8157
f 6368 6983 7269
f 7733 7995 7732
f 8161 8092 8162
f 7944 7946 7942
f 7946 8155 7119
f 7494 7732 7995
f 7991 8164 7986
f 7736 7990 8164
f 8164 7754 7736
f 7998 8002 8236
f 8164 7991 7754
f 7986 7956 7995
f 7941 7986 8164
f 7733 7754 7991
f 7995 7733 7991
f 7733 7768 7754
f 8161 8165 8092
f 8164 7990 7941
f 8166 8010 8009
f 8155 8167 8159
f 8155 7943 8167
f 8152 8151 8157
f 8159 8167 8168
f 7945 8158 8151
f 8150 7945 8151
f 8167 8169 8168
f 8157 8151 8158
f 7119 8155 8120
f 7692 8170 8718
f 8170 7692 7868
f 7959 7993 8171
f 8173 7959 8171
f 8168 8169 8150
f 7937 8254 7956
f 8159 8150 8152
f 8155 8159 8152
f 8159 8168 8150
f 8167 7943 8169
f 7943 7945 8169
f 8155 8158 8388
f 8155 8157 8158
f 8169 7945 8150
f 8388 8120 8155
f 8170 7868 8175
f 8175 7993 7958
f 8170 7957 8173
f 8718 8170 8173
f 8388 8158 7687
f 7957 8175 7958
f 7868 7993 8175
f 7958 7993 7959
f 8163 7692 8718
f 8170 8175 7957
f 7957 7959 8173
f 8718 8173 8171
f 8131 8129 8062
f 8171 7993 8373
f 8067 8066 8299
f 8177 7806 7506
f 7016 8179 8600
f 8184 8185 8186
f 7464 7712 7504
f 6598 7314 8600
f 8188 7569 8189
f 7569 7461 8189
f 8192 7370 7372
f 8193 8756 7973
f 8195 8196 8197
f 6598 7094 7314
f 6965 7590 7571
f 8198 8834 7707
f 7018 8086 8199
f 8200 8201 8202
f 8201 8200 7469
f 7503 8084 7465
f 7000 8204 7001
f 8205 8206 8207
f 7276 7699 7701
f 8208 7964 8386
f 8209 8210 8211
f 8215 8216 8217
f 8215 7702 8216
f 8102 8223 8224
f 8184 8225 8236
f 7739 7768 7731
f 8227 7997 8020
f 8174 8236 7997
f 8019 8007 8000
f 8007 8006 8000
f 8006 8001 8000
f 8001 8006 8015
f 8006 8016 8015
f 8006 8002 8016
f 8016 8002 8003
f 8004 7502 7983
f 7980 7761 7985
f 7935 7980 7985
f 7501 7984 7983
f 7502 7501 7983
f 8002 7998 7502
f 8184 8174 8185
f 7998 7980 7501
f 7980 7515 7761
f 8236 8007 7951
f 7951 8007 8019
f 7951 8019 8018
f 8017 7951 8018
f 8236 8002 8006
f 7732 7494 7495
f 7739 7731 7495
f 7981 8154 8092
f 8174 8184 8236
f 7995 8166 8009
f 8228 8227 8020
f 8010 8166 8229
f 8012 8222 8165
f 8228 8008 8230
f 8228 8020 8008
f 8230 8012 8014
f 8225 8186 8231
f 8225 8184 8186
f 8232 8231 8014
f 8222 8233 8165
f 8013 8232 8014
f 8013 8161 8162
f 7711 7710 8234
f 8092 8233 7995
f 8232 8013 8162
f 8186 8230 8014
f 8231 8186 8014
f 8166 7995 8233
f 8229 8166 8233
f 8222 8229 8233
f 8233 8092 8165
f 8235 8232 8162
f 8013 8012 8161
f 8012 8165 8161
f 8092 8235 8162
f 7995 7956 8254
f 8174 7997 8185
f 7997 8227 8185
f 8235 8092 8154
f 8225 8231 8154
f 7981 8225 8154
f 8186 8228 8230
f 8228 8186 8185
f 8227 8228 8185
f 8010 8229 8230
f 8229 8222 8230
f 8469 8237 8083
f 8008 8020 8017
f 8008 8010 8230
f 8222 8012 8230
f 8232 8235 8231
f 8225 7981 8236
f 8231 8235 8154
f 8043 8238 7975
f 7806 7720 8096
f 8239 8280 8240
f 8086 7018 7431
f 8243 8244 8245
f 8246 8247 8249
f 8248 7804 7606
f 7861 6861 7003
f 7611 7620 7619
f 7003 6774 7861
f 7725 7360 7359
f 8255 7581 7315
f 7581 8255 8256
f 7864 8100 8300
f 7864 7863 8100
f 8074 8177 7506
f 8387 8257 8520
f 8257 8387 8037
f 7871 7720 7872
f 7871 8258 7720
f 7887 7917 7882
f 7932 8258 7871
f 7905 7830 8146
f 8148 8105 8095
f 8107 8135 7750
f 7749 8107 7750
f 8560 8259 8242
f 7505 7832 8073
f 8261 8262 8341
f 8261 8263 8262
f 8264 8265 8046
f 8266 8259 8319
f 7872 8267 7870
f 7872 7996 8267
f 8121 7763 7831
f 7506 7505 8074
f 7617 8268 8269
f 7625 8066 8068
f 7572 6864 7851
f 7831 7295 8121
f 8056 8139 8272
f 7950 8272 8078
f 8273 8274 8275
f 8276 8277 8278
f 8279 7747 7018
f 7480 7479 7716
f 7375 7377 7342
f 8281 8041 8040
f 7975 8281 8040
f 7824 7621 7613
f 7157 7156 8282
f 7611 7619 7851
f 7856 7565 7564
f 8283 8294 8284
f 8264 8283 8284
f 7825 7604 8041
f 8285 8286 8243
f 8287 7145 8127
f 7363 7562 8288
f 7585 7927 7295
f 8059 8097 8290
f 8115 8294 8295
f 8296 8115 8295
f 8297 7952 7955
f 8063 8069 7637
f 7863 8299 8100
f 7293 8068 7296
f 8301 8302 8303
f 8304 8467 8301
f 7605 8250 8305
f 8250 8251 8305
f 7153 7346 7851
f 8306 8549 8307
f 8022 8137 8156
f 7988 7917 7887
f 8141 8314 8057
f 8549 8078 8140
f 8062 7442 8139
f 8129 8026 8025
f 8308 8309 8310
f 8025 7813 8062
f 7401 7917 8313
f 8298 8300 8146
f 7401 8156 7917
f 7315 7581 8549
f 8140 8138 8023
f 8138 8140 8078
f 7581 8256 8142
f 8037 8039 8257
f 7881 7917 8137
f 7411 7567 8146
f 7641 8131 8130
f 7640 8131 7641
f 8135 8107 8106
f 8149 8316 8317
f 7401 7400 8156
f 8272 8139 8078
f 8109 8062 8139
f 8263 8058 8262
f 8534 7641 8272
f 7316 7402 7317
f 7640 8129 8131
f 7442 8078 8139
f 8129 8025 8062
f 8272 7950 8060
f 8318 8319 8320
f 8255 7315 8321
f 8319 8259 8322
f 8147 7874 7876
f 8070 8324 8325
f 7400 7402 7316
f 7996 7806 8177
f 8102 8101 8223
f 7883 7887 7882
f 8130 8109 8056
f 7362 8288 8315
f 8060 7749 8272
f 8128 7881 8138
f 8078 8128 8138
f 7641 8056 8272
f 8056 7641 8130
f 7917 8314 8313
f 8138 8137 8023
f 8065 8142 8141
f 8549 8326 8307
f 7874 7864 8300
f 7912 7310 7911
f 8549 8140 7316
f 8140 7400 7316
f 7637 8101 8327
f 8061 8060 7950
f 8106 8108 8549
f 8054 7810 8323
f 8114 8115 8296
f 8107 7749 8061
f 8327 8101 8103
f 8142 8256 8143
f 8300 7912 8035
f 7912 8300 7310
f 8328 8329 8330
f 8331 8328 8330
f 8143 8256 8255
f 8140 8022 7400
f 8321 7315 7317
f 7401 8321 7317
f 8141 8143 8314
f 7950 8078 8108
f 8061 7950 8108
f 8107 8061 8108
f 8255 8321 8313
f 8134 7750 8135
f 8142 8065 7581
f 8141 8057 8065
f 8326 8058 8263
f 8108 8078 8549
f 8069 8223 7637
f 8300 8104 8136
f 8242 8259 8323
f 8327 8333 8334
f 8057 7580 8065
f 8035 8104 8300
f 7806 8096 7585
f 8104 8148 8136
f 8308 7933 8335
f 8326 8263 8307
f 8263 8261 8307
f 8148 8095 8136
f 8291 7860 8312
f 8291 7339 7860
f 8069 7876 7875
f 8223 8101 7637
f 8300 8136 8146
f 7295 7294 8121
f 8095 7905 8146
f 8095 8105 7905
f 8105 7904 7905
f 8143 8313 8314
f 7806 7585 7506
f 7400 8022 8156
f 8143 8255 8313
f 8321 7401 8313
f 8314 7917 8323
f 8331 8314 8118
f 8336 8331 8118
f 8134 8317 8316
f 8560 8260 8176
f 8252 7663 8253
f 7586 7505 7585
f 7586 7832 7505
f 8336 8118 8323
f 8077 8337 8260
f 8560 8077 8260
f 8055 7921 7920
f 7810 8055 7920
f 7586 7831 7832
f 8258 8114 8338
f 8258 7932 8114
f 7339 8096 8338
f 8096 8258 8338
f 8074 8299 7637
f 8024 8339 8340
f 8054 8323 8176
f 8267 8074 7637
f 8074 8267 8177
f 8066 7918 8299
f 8338 8114 8296
f 7933 7339 8335
f 8122 8029 8030
f 8030 8344 8046
f 8344 8310 8046
f 8266 8330 8329
f 8145 8147 8345
f 8258 8096 7720
f 7870 8294 8115
f 7932 7870 8115
f 8346 7583 7582
f 7461 7583 8346
f 8242 7810 8535
f 7585 8096 8385
f 8385 8096 7339
f 8294 7870 7637
f 7870 8267 7637
f 8147 7876 8345
f 7876 8063 8345
f 7996 8177 8267
f 8063 7637 8345
f 7637 8299 8345
f 7863 8145 8345
f 8299 7863 8345
f 8299 7918 8300
f 8323 8120 8176
f 8323 7917 8120
f 8351 8352 8353
f 7170 8031 7343
f 8354 7472 8355
f 7585 8385 7927
f 8385 7339 7748
f 7859 8160 8356
f 8520 7750 8316
f 8289 8501 7483
f 8265 8044 8046
f 8291 8292 7748
f 8191 6914 6965
f 7927 7460 7928
f 8252 8357 8500
f 7748 8092 8385
f 7750 8134 8316
f 7345 8362 8482
f 8340 8339 8358
f 7379 8304 8359
f 7339 7933 8310
f 8344 7339 8310
f 8360 7823 7615
f 7823 8360 7618
f 8314 8331 8341
f 8176 8120 8388
f 7343 8031 8482
f 8555 8132 8294
f 7364 8363 6850
f 7145 7144 8051
f 8855 8364 8365
f 8364 8366 8365
f 8367 7035 7054
f 8369 8180 8370
f 8180 8072 8370
f 8444 8371 8372
f 7931 6583 8160
f 8179 6599 8600
f 8602 7716 7718
f 8602 7480 7716
f 8374 8042 8375
f 8377 8378 8379
f 8378 8380 8379
f 8381 8382 8383
f 8384 8413 7683
f 8373 7106 7071
f 8373 7993 7106
f 7793 7480 8602
f 8373 8718 8171
f 8718 8388 8163
f 8254 8385 8092
f 8385 8254 7937
f 8176 8388 8718
f 8391 7818 8392
f 6914 6769 6965
f 8393 7015 7708
f 8072 7478 7609
f 7333 8395 6367
f 7974 8470 7981
f 8398 8399 8400
f 8401 8050 7334
f 8402 8403 8404
f 8402 8405 8403
f 7850 7851 7575
f 8406 8390 8532
f 8254 8092 7995
f 7978 8042 8408
f 7947 7949 8375
f 8382 8410 8411
f 8384 8412 8417
f 8414 8415 8416
f 8417 8412 8418
f 8412 7684 8418
f 8718 8373 8413
f 8413 8373 7684
f 8418 7684 8423
f 8417 8419 8420
f 8219 8423 8421
f 8219 8855 8220
f 7170 7343 6958
f 7094 6597 8434
f 8757 8822 8424
f 8825 8209 8211
f 8425 8426 7478
f 8427 8428 8429
f 8392 7820 8049
f 8179 8430 6599
f 7003 6861 7002
f 8431 8432 8094
f 7474 8042 8433
f 7949 7948 7709
f 8430 8393 8434
f 8435 8436 8877
f 8437 8825 8438
f 8440 8441 8442
f 8428 8427 8443
f 6922 7098 7446
f 8446 7960 7708
f 8374 7447 8042
f 6908 7446 7444
f 8448 8449 7777
f 8449 8448 8072
f 8450 8249 8213
f 8196 8451 8198
f 8452 8453 8454
f 8455 7709 8456
f 8457 8455 8456
f 8428 8443 7466
f 7470 8458 7471
f 8459 8460 8757
f 8395 8461 8462
f 8463 8464 8182
f 8304 7379 8467
f 7473 8468 8347
f 8469 8083 7503
f 8420 8419 8414
f 8420 8414 8416
f 7817 7825 8251
f 8422 7981 8470
f 8471 8416 8472
f 8416 8415 8472
f 8279 7745 7747
f 6828 8036 8350
f 8475 8476 8477
f 7850 8191 7851
f 7573 7851 7857
f 7851 7573 7575
f 8478 8304 8301
f 8522 8341 8348
f 8417 8418 8419
f 7822 7869 8479
f 8086 8480 8199
f 8482 8362 7095
f 8251 8041 8484
f 7156 7618 8282
f 7565 7851 7566
f 6832 5818 7849
f 7619 7824 7851
f 7849 8486 8080
f 7849 7078 8172
f 8487 7746 7348
f 7746 8051 7348
f 8488 7724 7725
f 8489 7620 7611
f 8473 7850 7575
f 7564 7566 7614
f 7115 8490 7781
f 7326 8491 8792
f 7824 7612 7851
f 8090 8484 8091
f 7862 8492 8041
f 7610 7816 8489
f 7572 6862 6864
f 7823 8479 7615
f 7618 8360 8248
f 8360 7615 8248
f 8357 8289 8160
f 8493 8250 7605
f 7359 7361 8192
f 7583 8494 7584
f 7461 8494 7583
f 7723 8495 7557
f 7562 8488 7725
f 8282 7606 6976
f 8286 7589 6965
f 8262 8314 8341
f 7781 8050 8401
f 8497 7745 8279
f 8051 7745 8497
f 7816 7610 7347
f 8498 8499 8749
f 8088 8087 8491
f 8327 8103 8342
f 8315 8504 9112
f 7850 7210 5804
f 7078 7849 7850
f 8502 8498 8749
f 7620 8489 8251
f 7590 8503 8492
f 7851 7612 7566
f 8489 7816 8251
f 7574 7573 7857
f 7574 7857 7856
f 7619 7621 7824
f 7562 8192 7372
f 6965 7572 7851
f 7610 8489 7611
f 7571 8492 7862
f 8335 8295 8505
f 8335 8506 8295
f 8330 8266 8318
f 8341 8330 8318
f 8199 8346 7582
f 6726 8801 8036
f 7630 7018 8504
f 8507 8508 8509
f 7616 8268 7617
f 8268 7616 8473
f 7628 6849 7629
f 7002 6860 6931
f 8510 8264 8046
f 8191 6965 7851
f 6965 8244 8286
f 7347 7346 7817
f 8125 8045 8513
f 7589 8503 7590
f 7130 6863 7604
f 8514 8515 8381
f 8238 8281 7975
f 7153 7604 7825
f 7622 6870 6965
f 7618 8248 7606
f 8244 8243 8286
f 8516 8488 7562
f 6932 6965 6769
f 7590 8492 7571
f 6932 7154 7143
f 6861 7861 7461
f 8484 8517 8091
f 8517 8484 8041
f 8518 8519 7001
f 8328 8259 8329
f 8523 8524 7367
f 8520 8272 7749
f 8237 8525 8083
f 8526 8527 8528
f 8529 8322 8339
f 8057 8058 8326
f 8261 8341 8522
f 8530 8343 8531
f 8038 8149 8549
f 8319 8322 8320
f 8325 8531 8533
f 7921 8054 8176
f 7920 7919 8535
f 8038 8549 8039
f 7377 8052 7342
f 7361 7370 8192
f 7370 7361 8251
f 8160 8297 8133
f 8536 7602 7601
f 8533 8537 8538
f 8325 8348 8556
f 8318 8539 8556
f 8539 8318 8320
f 8040 8497 7976
f 8051 8497 8040
f 7562 7630 8274
f 7379 8359 7148
f 6965 6869 8244
f 6914 8191 7007
f 8285 8503 7589
f 7852 7622 8127
f 7371 6849 7628
f 6849 7371 8251
f 8401 7334 7154
f 8540 8047 8049
f 8540 7342 8047
f 6870 6869 6965
f 8541 8542 8249
f 7618 8496 7823
f 7115 7563 8490
f 8432 8431 7461
f 8342 8224 8160
f 8342 8103 8224
f 7143 8287 6965
f 7976 8279 7018
f 7850 8473 8496
f 8244 6869 8245
f 7781 8490 8050
f 8290 8097 8298
f 7354 7527 8790
f 7589 8286 8285
f 7629 8090 8043
f 6869 6871 8245
f 6853 7618 7156
f 6871 6870 7852
f 8274 8504 8275
f 8480 8346 8199
f 7461 8346 8480
f 7859 8342 8160
f 8342 7859 7858
f 8333 7859 8356
f 8333 7858 7859
f 8544 8484 8090
f 8484 8544 8251
f 8492 8503 8041
f 6965 8287 7622
f 7143 7145 8287
f 8401 7154 6932
f 8287 8127 7622
f 8297 8545 8133
f 8545 8132 8133
f 8069 7875 8223
f 8520 8534 8272
f 8334 8294 8144
f 8546 8557 7379
f 8146 7567 8298
f 8825 7866 8547
f 8106 8549 8317
f 8387 8149 8038
f 8037 8387 8038
f 8058 8314 8262
f 8134 8106 8317
f 8520 8149 8387
f 8520 8316 8149
f 8149 8317 8549
f 8320 8322 8529
f 8349 8332 8520
f 8039 8549 8332
f 8520 8257 8349
f 8257 8039 8349
f 8039 8332 8349
f 8328 8336 8259
f 8365 8377 8855
f 8030 8312 8344
f 8539 8529 8339
f 8343 8548 8554
f 8343 8530 8548
f 7580 8057 8326
f 8549 7580 8326
f 8306 8537 8549
f 8537 8306 8521
f 8538 8537 8521
f 8551 8552 8553
f 8548 8551 8553
f 8535 7810 7920
f 8522 8348 8538
f 8550 8340 8358
f 8555 8334 8356
f 8266 8319 8318
f 8530 8324 8548
f 8070 8325 8556
f 8529 8539 8320
f 8539 8339 8024
f 8556 8539 8024
f 8048 8558 8638
f 8259 8336 8323
f 8334 8333 8356
f 8552 8071 8559
f 8259 8560 8322
f 8505 8308 8335
f 7810 8054 8055
f 8242 8077 8560
f 8242 8323 7810
f 7472 8082 8355
f 8259 8266 8329
f 8274 7630 8504
f 8245 6871 8051
f 8557 8562 8160
f 8562 8557 8563
f 7461 7375 7342
f 6871 7852 8051
f 7852 8127 8051
f 6769 6914 8511
f 7563 6860 7461
f 6914 7007 8511
f 8224 8103 8102
f 8501 8357 8081
f 7482 8501 8081
f 7569 8188 7570
f 7143 6965 6932
f 8564 8088 8491
f 7377 8565 8052
f 8088 8564 7557
f 6774 6773 7861
f 7781 8401 6932
f 7933 8308 8310
f 8297 7955 8545
f 6932 6769 6367
f 7007 6769 8511
f 8251 7825 8041
f 7855 8561 6367
f 7368 8524 7356
f 8199 7582 7018
f 8825 8566 7866
f 8224 7875 8160
f 7875 8224 8223
f 8273 8288 8274
f 7002 6861 6860
f 6932 6367 7356
f 8275 8504 8315
f 8338 8506 7339
f 7332 7601 8072
f 7368 7367 8524
f 7350 7349 7429
f 7002 6931 6932
f 8432 6773 6775
f 7748 7339 8291
f 8809 6383 9112
f 8506 8338 8296
f 6775 8094 8432
f 8542 7853 7855
f 8092 7748 8862
f 8369 8370 8507
f 8487 7348 7350
f 8561 8567 6367
f 7875 8300 8160
f 8160 8300 8500
f 8568 7663 8252
f 8289 7931 8160
f 7483 7931 8289
f 7858 8327 8342
f 8252 8500 8568
f 8590 7191 8153
f 8334 8555 8294
f 8125 8122 8030
f 8568 8500 8059
f 8327 7858 8333
f 8252 8253 8357
f 8030 8029 7191
f 8327 8334 8144
f 8569 8563 8557
f 8570 8426 8246
f 8097 8300 8298
f 8133 8555 8160
f 8133 8132 8555
f 8160 8500 8357
f 8253 7663 8298
f 8568 8059 8290
f 8500 8300 8059
f 8357 8501 8289
f 8302 8571 8303
f 7663 8290 8298
f 8568 8290 7663
f 8555 8356 8160
f 7449 7448 7709
f 8359 8304 8478
f 8481 7147 9062
f 8481 8572 7147
f 8331 8330 8341
f 8331 8336 8328
f 8348 8341 8556
f 8318 8556 8341
f 8339 8322 8358
f 8550 8483 8340
f 8024 8483 8556
f 8483 8024 8340
f 8358 8322 8560
f 8556 8483 8550
f 8518 7713 7454
f 8367 8573 7721
f 8354 7994 7706
f 8354 8355 7994
f 8561 7854 8574
f 8076 7792 8602
f 8358 8560 8550
f 6367 6769 7007
f 8554 8556 8550
f 8560 8554 8550
f 8260 8337 7919
f 8337 8535 7919
f 8176 8260 7919
f 8337 8077 8535
f 8176 8350 8560
f 8176 7919 7921
f 8575 8391 8392
f 8474 8575 8392
f 8474 8391 8575
f 6755 7095 8362
f 8638 8507 8509
f 7461 8480 8051
f 8032 7345 8482
f 8576 8577 7068
f 6755 6826 7095
f 7178 7343 8482
f 8051 8050 7461
f 7018 7584 6865
f 8048 8047 8368
f 8047 7342 8368
f 8465 8602 7497
f 8053 8565 6367
f 8532 8028 7707
f 8541 8249 8450
f 6772 6681 8445
f 7007 8191 7104
f 8578 8579 8280
f 8239 8576 8580
f 7854 7853 8072
f 8579 8581 8280
f 7378 8546 7379
f 7376 7375 7770
f 6774 6932 7356
f 8523 8431 8241
f 7132 7141 8792
f 8578 8280 8239
f 7007 7104 6367
f 8582 8583 8584
f 8094 7356 8241
f 7131 8585 6995
f 8587 8029 8588
f 7356 8565 7376
f 7144 7334 8051
f 8241 7356 8524
f 7770 7368 7356
f 8312 8030 8590
f 8565 7356 6367
f 6865 8494 8591
f 8494 7461 8591
f 8395 8592 8461
f 7331 7333 6367
f 8585 8593 8792
f 7160 7364 6868
f 8541 8594 8595
f 7325 7068 8577
f 8094 8241 8431
f 8085 8051 8480
f 8086 8085 8480
f 8565 7377 7376
f 7376 7770 7356
f 8241 8524 8523
f 7369 7770 7375
f 8053 8052 8565
f 8564 7326 8596
f 8580 8578 8239
f 8249 8212 8213
f 8567 8536 6367
f 8569 8597 8294
f 8510 8283 8264
f 8292 8291 8312
f 8292 8311 8598
f 8292 8312 8311
f 7191 8590 8030
f 7191 8809 8862
f 7191 8862 8153
f 7018 8543 8638
f 7748 8292 8598
f 8311 8312 8590
f 8311 8590 8598
f 8123 8597 8569
f 8597 8123 8513
f 8588 8029 8122
f 8283 8505 8294
f 8283 8309 8505
f 8029 8569 7191
f 8569 8029 8587
f 7339 8506 8335
f 7954 8132 8545
f 8160 6583 8467
f 7954 7953 8294
f 8122 8124 8588
f 8587 8588 8124
f 8045 8125 8030
f 8569 8587 8124
f 8597 8513 8044
f 8569 8599 8563
f 8044 8265 8597
f 8283 8510 8309
f 8505 8309 8308
f 8265 8284 8597
f 8284 8294 8597
f 8513 8045 8044
f 8265 8264 8284
f 8309 8510 8310
f 8294 7637 8144
f 8295 8506 8296
f 8505 8295 8294
f 8124 8123 8569
f 8312 7860 8344
f 8310 8510 8046
f 7860 7339 8344
f 8123 8125 8513
f 7037 7178 8482
f 8461 8592 8072
f 7068 8601 8580
f 7342 8072 8368
f 6625 8031 7170
f 8048 8368 8558
f 8491 8087 8792
f 8543 8188 8582
f 8570 8246 8204
f 8280 6681 7557
f 7333 8592 8395
f 8603 8240 8280
f 8581 6681 8280
f 8076 8604 7792
f 8240 8577 8576
f 8072 7853 7478
f 8605 8594 8450
f 8462 7328 6367
f 8203 8234 8606
f 7216 6681 8589
f 7068 7216 8589
f 8581 8579 8607
f 8607 8579 8601
f 8579 8578 8601
f 8578 8580 8601
f 8607 8601 7068
f 7068 8589 8607
f 8581 8607 8589
f 6681 8581 8589
f 6865 8591 6866
f 8541 8595 8542
f 8239 8240 8576
f 8596 8603 8280
f 8564 8596 8280
f 7557 8564 8280
f 8089 7557 8495
f 8089 8088 7557
f 7333 7332 8592
f 7331 6367 8536
f 8608 7723 7722
f 7723 8608 8495
f 8542 8595 7853
f 6597 8430 8434
f 8462 7329 7328
f 8087 8089 8093
f 8577 8240 8603
f 8395 8462 6367
f 7609 8527 8526
f 7478 8527 7609
f 8562 8297 8160
f 8609 8575 8391
f 8596 7326 7325
f 8792 7068 7326
f 8462 8461 7329
f 8188 8189 8582
f 7711 8204 7000
f 7328 8053 6367
f 8638 8369 8507
f 7328 7330 8053
f 8089 8495 8093
f 8567 7602 8536
f 8093 8608 8792
f 7131 7203 8585
f 8591 8586 6866
f 8586 8591 7461
f 8495 8608 8093
f 8577 8603 7325
f 8536 7601 7331
f 8638 8474 8392
f 7326 8564 8491
f 7721 7723 7557
f 7848 7963 8610
f 7430 8085 7431
f 8085 7430 8051
f 7015 8446 7708
f 8603 8596 7325
f 6367 7104 8042
f 8194 8611 7478
f 8562 7952 8297
f 7963 7962 8602
f 8612 8613 8075
f 8608 7722 8792
f 8638 7778 8369
f 7331 7601 7332
f 7602 8574 8072
f 8567 8574 7602
f 8212 8194 8213
f 7717 8614 7718
f 8614 7717 7478
f 7954 8545 7955
f 8598 8590 8153
f 7748 8598 8153
f 8862 7748 8153
f 7053 8363 8792
f 8576 7068 8580
f 8469 8615 8616
f 8617 8618 7476
f 8431 8523 7461
f 8389 8271 8619
f 6923 7068 7056
f 8237 7965 8525
f 8543 8582 8584
f 8621 8547 8622
f 8623 8624 8625
f 8203 8570 8204
f 8626 7819 7818
f 7819 8626 7342
f 7364 6996 8363
f 8611 8425 7478
f 7855 7854 8561
f 8527 8627 8528
f 8627 8527 7478
f 8367 7721 7557
f 7804 8628 7805
f 8792 6851 8407
f 6851 6600 8407
f 6996 7160 6995
f 7369 7375 7461
f 8561 8574 8567
f 8247 8212 8249
f 8249 8542 6367
f 8542 7855 6367
f 8213 8605 8450
f 7068 8792 8407
f 8269 8629 7804
f 7476 8618 8042
f 8630 7608 8631
f 7608 8630 8072
f 7035 6850 7053
f 8247 8611 8212
f 6367 8042 8249
f 8042 8204 8249
f 8212 8611 8194
f 8247 8425 8611
f 7342 8189 7461
f 8234 8203 7711
f 8632 7702 8215
f 8566 8632 8215
f 7608 7607 7962
f 7961 7608 7962
f 7961 7607 7608
f 8570 8606 8426
f 7711 8203 8204
f 6917 7158 8593
f 8194 8605 8213
f 8450 8594 8541
f 8368 8448 8558
f 8072 8448 8368
f 7053 6850 8363
f 8633 7478 7454
f 8207 8398 8293
f 8635 8615 8469
f 8627 8613 8612
f 8613 8627 7478
f 8204 8634 7001
f 7712 8204 7504
f 8246 8249 8204
f 7462 8079 8600
f 8389 8602 8271
f 8425 8247 8246
f 8412 8384 7685
f 8203 8606 8570
f 7706 7994 7708
f 7840 8406 7848
f 8393 8430 8179
f 8430 6597 6599
f 7960 8446 8468
f 8637 7477 7793
f 7477 8637 7478
f 6599 6598 8600
f 7015 8393 7016
f 7978 7451 7450
f 8593 7158 8792
f 7713 7464 7454
f 8426 8425 8246
f 7648 8604 8076
f 7478 8604 7648
f 8636 8437 8028
f 8519 7710 7000
f 7465 8084 7454
f 8519 7000 7001
f 7712 7713 8634
f 8792 7141 8876
f 8237 8469 7966
f 8855 8471 8639
f 8363 6996 8792
f 8499 8640 8719
f 8204 7712 8634
f 8641 8642 8459
f 7709 8642 8641
f 8643 8200 8644
f 8200 8643 7469
f 7713 8518 8634
f 8204 8042 8469
f 7454 7469 7715
f 7474 7476 8042
f 7778 8180 8369
f 8634 8518 7001
f 8204 8469 7504
f 8406 8465 7497
f 8347 7014 8600
f 7462 7463 8079
f 8190 8355 8082
f 8619 8218 8532
f 8649 8647 8648
f 7708 7994 8190
f 7575 7574 8473
f 8083 8525 8084
f 7701 7700 8209
f 7014 8446 7015
f 8650 7705 7473
f 7994 8355 8190
f 7965 8237 7966
f 8600 8397 8080
f 8651 8652 8615
f 8615 8652 8616
f 8652 8651 7469
f 8469 7503 7504
f 8653 8654 8635
f 8655 8028 8027
f 8652 8208 8616
f 8653 8635 8469
f 7452 8653 7450
f 7035 8367 7557
f 8042 7576 8433
f 8645 8646 8532
f 8657 7468 8658
f 7966 8469 8386
f 7979 7978 8408
f 8469 8616 8386
f 7964 7966 8386
f 8704 8195 8197
f 8659 8660 8661
f 8660 7702 8661
f 8654 8651 8635
f 8523 7367 7461
f 8616 8208 8386
f 7718 8614 8662
f 8293 8398 8400
f 8422 8409 8403
f 7314 7462 8600
f 8219 8663 8423
f 9004 8373 7071
f 8377 8365 8664
f 8667 8674 8668
f 7472 8650 7473
f 8079 8397 8600
f 8082 7708 8190
f 7708 7849 8665
f 7016 8393 8179
f 8670 8671 8672
f 7960 7705 7708
f 6772 8445 7095
f 8079 7463 8434
f 7473 7960 8468
f 8669 8422 8381
f 8393 7708 8434
f 8187 8623 8042
f 7013 7216 7068
f 7472 8354 8650
f 7314 7093 7462
f 8468 8446 7014
f 8082 7849 7708
f 7706 7705 8650
f 8354 7706 8650
f 8187 8675 8624
f 7463 7093 8434
f 6598 6597 7094
f 8370 8508 8507
f 8072 8508 8370
f 8397 8079 8434
f 7708 8397 8434
f 8644 8200 8202
f 8397 7104 8080
f 8676 7467 7466
f 8052 7330 7342
f 8429 8625 8427
f 8460 8642 8677
f 8642 7709 8677
f 8678 8679 8666
f 8680 8679 8678
f 8439 8681 8674
f 7701 8209 8825
f 7136 6815 6851
f 8042 7978 7450
f 7450 8653 8469
f 8429 8428 8042
f 8396 8532 7707
f 8682 8683 8684
f 8645 8602 8655
f 8646 8645 8655
f 8685 8408 8618
f 7578 8686 8433
f 8042 7450 8469
f 8687 8688 7973
f 8413 8384 8718
f 8635 8651 8615
f 8042 7467 7576
f 8428 7466 8042
f 8586 7568 7152
f 7568 8586 7461
f 8445 6681 7216
f 8653 7452 8654
f 8685 7979 8408
f 8690 8691 8673
f 8293 8400 8689
f 7157 8282 8692
f 8618 8408 8042
f 7474 8686 7475
f 8689 7715 8693
f 8689 8693 8437
f 8378 8694 8695
f 7476 7475 8617
f 8623 8625 8429
f 8617 8685 8618
f 8696 8697 7968
f 8680 8697 8696
f 8218 8645 8532
f 8657 8658 8825
f 8698 8471 8472
f 7014 7016 8600
f 8698 8472 8663
f 8701 8698 8663
f 7042 8702 7043
f 8703 8683 7969
f 8683 8684 7969
f 8683 8703 8684
f 8665 8397 7708
f 8704 8197 7707
f 8673 8691 8705
f 8444 8042 7104
f 7466 8443 8676
f 6851 7481 7136
f 7576 7578 8433
f 8623 8429 8042
f 7467 7577 7576
f 8706 7714 7866
f 8656 8704 7707
f 8445 7216 6877
f 7467 8676 7577
f 7446 7068 6922
f 7013 7446 6907
f 7446 7013 7068
f 6923 6922 7068
f 7076 7446 7217
f 8686 7474 8433
f 7353 7481 6851
f 8205 8207 8293
f 8649 8707 8838
f 8690 8673 8674
f 8659 8661 8708
f 8187 8624 8623
f 6962 7353 6851
f 8709 8705 7948
f 8825 8196 8195
f 8602 8636 8655
f 7981 8422 6576
f 8825 8195 8704
f 8681 8440 8674
f 8711 8455 8457
f 8757 8460 7470
f 8712 8421 8695
f 8664 8712 8695
f 8713 8714 8715
f 8714 8713 8716
f 8717 8688 8687
f 8412 7685 7684
f 8444 8665 7095
f 8640 7704 8719
f 8673 8705 8709
f 8675 8187 8447
f 7446 7098 7217
f 6907 7446 6908
f 7947 8375 8042
f 8674 7947 8042
f 8690 8720 8691
f 8681 8441 8440
f 8459 8642 8460
f 8375 7949 8721
f 8447 7447 7449
f 8773 7704 8722
f 8042 7447 8447
f 8675 8447 7449
f 7948 7947 8709
f 8661 8678 8708
f 8680 8678 8661
f 8374 7448 7447
f 8374 8721 7448
f 8702 8641 7043
f 7709 8641 8702
f 8375 8721 8374
f 8187 8042 8447
f 7471 8711 7703
f 8042 8444 8674
f 8709 8674 8673
f 8709 7947 8674
f 8703 7969 8757
f 8724 7468 8657
f 7469 7468 8724
f 8651 8654 7469
f 8384 7683 7685
f 7684 8373 8423
f 8725 8726 8727
f 8728 8729 8364
f 8855 8417 8420
f 8221 8730 8219
f 8730 8663 8219
f 8731 8724 8732
f 7469 8724 8731
f 8218 8733 8645
f 8206 8734 8207
f 8734 8206 7454
f 7104 8397 8665
f 8735 8736 8737
f 8735 8837 8736
f 8445 8444 7095
f 7104 8665 8444
f 8681 8739 8441
f 8595 8594 7478
f 8458 8740 7471
f 8740 8458 7709
f 8674 8440 8668
f 8193 8371 8756
f 8720 8667 8741
f 8742 8743 8411
f 8439 8687 8739
f 8668 8440 8442
f 8741 8667 8668
f 8690 8674 8667
f 8720 8690 8667
f 8219 8421 8728
f 8741 8668 8442
f 8420 8471 8855
f 8416 8471 8420
f 8744 8773 8722
f 7043 8459 8757
f 8439 8739 8681
f 8092 8381 8383
f 8687 8439 8717
f 8717 8439 8674
f 8674 8372 8717
f 8732 8724 8657
f 8472 8423 8663
f 8745 8470 7974
f 8403 8746 8747
f 8410 8742 8411
f 8639 8698 8701
f 8718 8417 8855
f 8418 8423 8415
f 8419 8418 8415
f 8718 8384 8417
f 8373 8181 8423
f 9036 8718 8855
f 8176 8718 9036
f 8727 8748 8850
f 8472 8415 8423
f 8366 8729 8421
f 8365 8712 8664
f 8712 8365 8366
f 8219 8728 8364
f 8855 8219 8364
f 8614 8633 8662
f 8633 8614 7478
f 8437 8293 8689
f 8372 8371 8193
f 8750 8751 8752
f 8271 8602 8733
f 8400 8753 8689
f 8649 8648 8707
f 8414 8419 8415
f 8364 8729 8366
f 8372 8688 8717
f 8457 8456 8178
f 8409 8470 8742
f 8371 8444 8756
f 7478 8606 7454
f 8850 8725 8727
f 8396 7848 8532
f 8728 8421 8729
f 8471 8698 8639
f 8663 8730 8701
f 8712 8366 8421
f 8831 8757 8758
f 8745 7974 8759
f 8760 8761 8762
f 8761 8760 8763
f 8453 8764 8454
f 7709 8764 8453
f 8181 8373 9004
f 8879 8765 8700
f 8585 7203 8593
f 8768 8862 8830
f 8850 8748 8756
f 8442 8441 7973
f 8770 8680 8723
f 8771 8770 8723
f 8674 8444 8372
f 8372 8193 8688
f 8693 8732 8437
f 8772 8770 8771
f 8719 8773 8749
f 8688 8193 7973
f 8502 8758 8498
f 8774 7973 8755
f 8748 8774 8755
f 8216 8776 8777
f 8776 8216 7702
f 8389 8619 8532
f 8693 8731 8732
f 8503 8285 8041
f 8451 8834 8198
f 8655 8636 8028
f 8714 8270 8779
f 8780 8270 8714
f 8572 7378 7147
f 7866 8708 8666
f 8273 8275 8315
f 8288 7562 8274
f 8028 8437 7707
f 8946 8396 7707
f 8700 8435 8877
f 8391 8575 8626
f 8575 7342 8626
f 8636 8293 8437
f 8282 6976 8692
f 8361 8782 7849
f 8196 8198 7707
f 7710 8519 7454
f 8467 8302 8301
f 7869 8360 8479
f 8360 7869 8473
f 8383 8382 8411
f 8220 8730 8221
f 7981 8092 7974
f 8743 8383 8411
f 8757 7969 8771
f 8669 8783 8422
f 8759 7974 8383
f 8830 6576 8422
f 8422 8470 8409
f 8743 8759 8383
f 8785 8402 8404
f 8746 8403 8402
f 8403 8409 8402
f 8409 8746 8402
f 8403 8747 8382
f 8786 8402 8785
f 8402 8786 8405
f 8352 8786 8353
f 8786 8785 8353
f 8786 8352 8784
f 8405 8786 8784
f 8382 8747 8410
f 8379 8787 8788
f 8422 8405 8784
f 8422 8789 8381
f 8745 8743 8742
f 8745 8759 8743
f 8470 8745 8742
f 8747 8746 8410
f 8380 8183 8787
f 8746 8742 8410
f 8409 8742 8746
f 8092 8383 7974
f 7362 8790 7363
f 9036 8665 7849
f 7850 7849 8080
f 7349 7430 7429
f 7430 7349 8051
f 7157 8692 6854
f 7618 8888 7210
f 7621 7620 8251
f 8251 8628 8473
f 8188 8543 7570
f 8692 6976 6854
f 7849 5818 8928
f 9112 8888 8315
f 8361 8713 8715
f 7562 7359 8192
f 8243 8245 8051
f 8714 8780 8715
f 8714 8716 8780
f 8716 8270 8780
f 8793 8794 8795
f 8485 8080 8486
f 8796 8797 8798
f 8796 8945 8797
f 7605 8305 8516
f 8360 7616 7615
f 7616 8360 8473
f 7615 7617 8248
f 7823 7822 8479
f 8888 6853 6854
f 8517 8281 8238
f 8281 8517 8041
f 7618 7606 8282
f 7367 7369 7461
f 7584 8494 6865
f 7617 8269 8248
f 7856 7564 8473
f 8628 8799 7805
f 8251 8799 8628
f 7574 7856 8473
f 8285 8243 8041
f 8799 8250 8493
f 8251 8250 8799
f 8516 8512 8488
f 7210 8496 7618
f 7805 8799 8493
f 8496 7821 7823
f 7618 6853 8888
f 8479 8360 7615
f 8496 8473 7821
f 8790 7362 8315
f 8569 8294 7953
f 8305 8512 8516
f 8512 8305 8251
f 7630 6849 8043
f 6849 7629 8043
f 6849 7630 7629
f 6854 6976 8315
f 7372 7628 7630
f 8041 8051 8040
f 8790 7562 7363
f 7018 7582 7584
f 7606 8493 7605
f 8602 7718 8636
f 8790 7527 7562
f 7605 8516 7562
f 8043 8091 8238
f 8091 8517 8238
f 7354 8790 8315
f 6977 7354 8315
f 6976 6977 8315
f 8269 8268 8629
f 8268 8473 8629
f 7613 7621 8251
f 8512 7724 8488
f 7724 8512 8251
f 7606 7562 6976
f 7614 7613 8251
f 8473 7564 8251
f 7564 7614 8251
f 8248 8269 7804
f 8629 8628 7804
f 8628 8629 8473
f 8888 6854 8315
f 7210 7850 8496
f 7606 7805 8493
f 6977 6976 7562
f 6863 6862 8041
f 7629 8544 8090
f 8801 8534 8520
f 8271 8218 8619
f 8757 7703 8758
f 8348 8533 8538
f 8921 8802 8803
f 8574 7854 8072
f 7160 7131 6995
f 8437 8438 7707
f 7018 8043 7975
f 7629 6849 8544
f 6849 8251 8544
f 8288 8273 8315
f 7976 8497 8279
f 6862 7862 8041
f 7372 7371 7628
f 8041 8243 8051
f 7562 7372 7630
f 8504 7018 9112
f 7820 8540 8049
f 6773 8432 7461
f 8572 8546 7378
f 8805 8303 9062
f 8805 8301 8303
f 7018 8487 7350
f 7018 7350 7429
f 7152 7568 7570
f 8332 8554 8520
f 8543 7152 7570
f 7747 8487 7018
f 8391 8626 7818
f 7954 8294 8132
f 7839 8465 7840
f 8604 8637 7792
f 8637 8604 7478
f 8332 8549 8554
f 8348 8325 8533
f 8553 8554 8548
f 8521 8306 8522
f 8306 8261 8522
f 8306 8307 8261
f 8070 8071 8551
f 7342 7329 8072
f 7747 7746 8487
f 8562 8599 7952
f 8716 8485 8270
f 7330 7329 7342
f 8800 8475 8477
f 8569 7953 8599
f 7148 8805 9062
f 8048 8392 8049
f 8399 8753 8400
f 7454 8753 8399
f 7962 8528 8612
f 7818 7820 8392
f 7930 7482 8253
f 8557 8467 7379
f 7777 8449 7778
f 8571 7931 8303
f 8048 8638 8392
f 8467 6583 8302
f 8050 8490 7461
f 8449 8180 7778
f 8180 8449 8072
f 8801 8520 8554
f 7391 8553 8559
f 8552 8559 8553
f 8559 8556 7391
f 8522 8538 8521
f 8553 7391 8554
f 8324 8070 8551
f 8705 8691 7709
f 8508 8630 8509
f 8072 8630 8508
f 8343 8537 8533
f 8531 8343 8533
f 8537 8343 8549
f 8343 8554 8549
f 8548 8324 8551
f 8325 8530 8531
f 8324 8530 8325
f 8552 8551 8071
f 8554 7391 8556
f 8350 8554 8560
f 8556 8559 8071
f 7054 7053 8792
f 8490 7563 7461
f 8474 8609 8391
f 6866 8586 7152
f 8031 6625 8032
f 8631 7607 7961
f 7793 7477 7480
f 9078 8810 8811
f 7018 8638 9112
f 8189 8583 8582
f 7342 8583 8189
f 7953 7952 8599
f 7931 7930 8303
f 8509 7961 8638
f 7930 7483 7482
f 8562 8563 8599
f 7191 8569 8557
f 8546 8572 8557
f 9062 8557 8481
f 8509 8630 8631
f 8481 8557 8572
f 7866 8703 8424
f 6583 7931 8571
f 8302 6583 8571
f 8478 8301 8805
f 8359 8478 8805
f 7148 8359 8805
f 8303 7930 9062
f 8812 8575 8609
f 7342 8575 8812
f 8584 8812 8609
f 8610 8602 7839
f 7838 8610 7839
f 8573 7722 7721
f 7819 8540 7820
f 7342 8540 7819
f 8813 9070 8737
f 7329 8461 8072
f 8573 8367 7054
f 8584 8474 8543
f 8390 7497 8602
f 7722 8573 8792
f 6917 8593 7203
f 8543 8474 8638
f 8584 8609 8474
f 8610 7963 8602
f 8592 7332 8072
f 8573 7054 8792
f 8389 8390 8602
f 7607 7609 8526
f 8438 8656 7707
f 8558 8448 7777
f 8583 8812 8584
f 7342 8812 8583
f 7479 7717 7716
f 7478 7717 7479
f 8528 8627 8612
f 7607 8526 7962
f 7853 8595 7478
f 8558 7777 8638
f 8032 6625 7344
f 8638 7963 7848
f 8406 7497 8390
f 8815 8816 8817
f 6737 7345 7344
f 8509 8631 7961
f 8027 8028 8532
f 8426 8606 7478
f 7838 7840 7848
f 8818 8819 8820
f 8647 7707 8648
f 7962 8612 8075
f 7963 8638 7961
f 6995 8585 8792
f 7132 8792 7158
f 6996 7364 7160
f 8646 8655 8027
f 8451 8196 8825
f 8082 7472 8347
f 7608 7607 8631
f 8526 8528 7962
f 8390 8389 8532
f 7962 8075 8602
f 7848 8406 8532
f 8610 7838 7848
f 8205 8633 8206
f 8633 7454 8206
f 7839 8602 8465
f 8645 8733 8602
f 7792 8637 7793
f 8606 8234 7454
f 8376 8665 9036
f 8566 8217 7866
f 8734 8399 8398
f 7454 8399 8734
f 7840 8465 8406
f 7969 7968 8772
f 8075 8076 8602
f 8594 8605 7478
f 8605 8194 7478
f 8636 8633 8293
f 8633 8205 8293
f 8633 8636 8205
f 8519 8518 7454
f 8613 7478 7648
f 8075 8613 7648
f 8396 8822 7848
f 8201 8824 7275
f 8824 8201 7469
f 8234 7710 7454
f 8210 8632 8211
f 7702 8632 8210
f 8662 8205 8636
f 8463 8825 8621
f 8464 8463 8621
f 8825 8658 8644
f 8662 8633 8205
f 8666 8703 7866
f 8207 8734 8398
f 8218 8271 8733
f 7718 8662 8636
f 7275 8824 7276
f 8654 7452 7469
f 8646 8027 8532
f 8827 8874 8828
f 8438 8829 8656
f 8684 7967 7969
f 7469 7702 7699
f 8621 8825 8547
f 7715 8731 8693
f 7469 8731 7715
f 8220 8639 8701
f 8443 8427 8680
f 8695 8380 8378
f 7577 8676 8680
f 8666 8679 8682
f 8468 7014 8347
f 7967 8696 7968
f 8347 7849 8082
f 8825 8644 8202
f 8208 8652 7469
f 8732 8657 8825
f 8658 8643 8644
f 8834 8463 8182
f 7964 8208 7469
f 8525 7965 7469
f 7454 8084 7469
f 8753 7454 7715
f 8689 8753 7715
f 8829 8825 8704
f 8084 8525 7469
f 7965 7964 7469
f 8202 8201 7275
f 8831 8502 8749
f 8825 8202 7275
f 8823 8648 7707
f 8566 8215 8217
f 8825 7276 7701
f 8833 8696 7967
f 8696 8833 8680
f 8658 7468 8643
f 7468 7469 8643
f 8732 8825 8437
f 7703 8454 8832
f 8438 8825 8829
f 8197 8196 7707
f 8656 8829 8704
f 8451 8825 8834
f 8427 8625 8680
f 7866 8777 8835
f 8823 7707 8822
f 8711 8457 7703
f 8777 8776 8835
f 8822 8831 8749
f 8622 8826 8182
f 7969 8772 8771
f 8625 8624 7709
f 8697 8770 8772
f 8697 8680 8770
f 7043 8641 8459
f 8826 8547 7714
f 8855 8639 8220
f 8826 8706 8182
f 8499 8719 8749
f 7448 8721 7709
f 8624 8675 7709
f 8220 8701 8730
f 8460 8677 7470
f 8824 7469 7699
f 7276 8824 7699
f 7700 8210 8209
f 7702 8210 7700
f 8217 8777 7866
f 7451 7979 7702
f 7469 7452 7702
f 7452 7451 7702
f 7979 8685 7702
f 8685 8617 7702
f 8677 8458 7470
f 7709 8458 8677
f 7475 8686 7702
f 8617 7475 7702
f 8686 7578 7702
f 7578 7577 7702
f 8675 7449 7709
f 8825 8211 8566
f 8211 8632 8566
f 8660 8659 8835
f 8659 7866 8835
f 8822 7707 8182
f 8825 8463 8834
f 7707 8834 8182
f 8547 7866 7714
f 7968 8697 8772
f 8217 8216 8777
f 7709 8723 8680
f 8776 8660 8835
f 8776 7702 8660
f 8826 7714 8706
f 8464 8621 8622
f 7702 8680 8661
f 8622 8547 8826
f 8464 8622 8182
f 8422 8836 8830
f 8706 8424 8182
f 8424 8706 7866
f 8376 7095 8665
f 8708 8678 8666
f 8684 8683 8833
f 8683 8680 8833
f 8832 7970 7972
f 8721 7949 7709
f 8498 8640 8499
f 7866 8659 8708
f 8703 8757 8424
f 8421 8181 8695
f 8757 7471 7703
f 8680 8625 7709
f 8684 8833 7967
f 7709 8442 7973
f 8691 8720 7709
f 8720 8741 7709
f 8741 8442 7709
f 8722 7703 8839
f 8679 8683 8682
f 8683 8679 8680
f 8666 8682 8703
f 8703 8682 8684
f 7702 7577 8680
f 7703 8452 8454
f 8676 8443 8680
f 8771 7042 8757
f 8838 8707 8823
f 8183 8695 8181
f 8785 8404 8382
f 8836 8783 8841
f 7971 8726 8725
f 8726 7971 7973
f 8723 8702 7042
f 7709 8702 8723
f 8454 8764 8832
f 8695 8183 8380
f 8727 8774 8748
f 7972 7971 8725
f 8832 8764 7970
f 8764 7973 7970
f 8456 8842 8178
f 7709 8842 8456
f 8378 8377 8694
f 7948 8705 7709
f 8756 8444 7353
f 8740 8455 8711
f 8455 8740 7709
f 7703 8832 8850
f 8498 7703 8640
f 7471 8740 8711
f 8771 8723 7042
f 8726 8774 8727
f 8774 8726 7973
f 8744 8722 8843
f 8719 7704 8773
f 8640 7703 7704
f 8831 8758 8502
f 8764 7709 7973
f 7973 8756 8755
f 8822 8757 8831
f 8758 7703 8498
f 8832 7972 8850
f 8694 8664 8695
f 8844 8845 8846
f 8845 8775 8846
f 8847 8848 8849
f 8848 8710 8849
f 8710 8848 8847
f 8423 8181 8421
f 8787 8183 8852
f 7704 7703 8722
f 8441 8739 7973
f 8178 8452 7703
f 8694 8377 8664
f 8404 8403 8382
f 8787 8379 8380
f 8789 8352 8351
f 8822 8749 8850
f 8379 8788 8851
f 8788 8852 8851
f 8422 8783 8836
f 8722 8839 8843
f 8382 8381 8351
f 7972 8725 8850
f 8178 8842 8452
f 8842 8453 8452
f 7709 8453 8842
f 8377 8379 8853
f 7703 8457 8178
f 8739 8687 7973
f 8351 8353 8785
f 7703 8850 8839
f 8749 8839 8850
f 8843 8839 8749
f 8744 8843 8749
f 8773 8744 8749
f 8822 8850 8756
f 8785 8382 8351
f 8784 8789 8422
f 8405 8422 8403
f 8351 8381 8789
f 8214 8836 8841
f 8789 8784 8352
f 8748 8755 8756
f 8855 8377 8853
f 8855 8853 9036
f 8853 8379 8851
f 8851 8852 8853
f 9036 8853 8181
f 8381 8092 8862
f 8183 8853 8852
f 8183 8181 8853
f 8787 8852 8788
f 8214 8841 8514
f 8767 8766 7095
f 9004 7095 8766
f 8766 8767 8857
f 8769 8767 8858
f 8859 8767 8860
f 8767 8769 8860
f 8466 8775 8756
f 8863 8436 8864
f 8866 8867 8868
f 8775 8761 8763
f 8869 8778 8865
f 8877 8870 7977
f 8781 8778 8466
f 8756 8781 8466
f 9029 8872 8873
f 7977 8865 8877
f 8781 8865 8778
f 8798 8874 8816
f 8867 8865 8875
f 8865 8781 8877
f 8768 8830 8214
f 8766 8878 9031
f 8515 8669 8381
f 8669 8515 8783
f 8830 8836 8214
f 8768 8214 8514
f 8841 8515 8514
f 8841 8783 8515
f 8862 8514 8381
f 8514 8862 8768
f 8881 9118 8882
f 8883 8808 8884
f 8782 8361 8780
f 8885 8886 8887
f 8780 8361 8715
f 8278 8890 8891
f 8892 8714 8779
f 8714 8892 8780
f 8893 8856 8894
f 8888 9112 7210
f 8895 8892 8779
f 8782 8892 8895
f 8892 8782 8780
f 8779 8270 8485
f 7849 8347 8361
f 8902 8903 8904
f 8486 8782 8895
f 8486 7849 8782
f 8716 8713 8485
f 8779 8485 8486
f 8779 8486 8895
f 8485 8713 8361
f 8361 8347 8485
f 7567 8394 8298
f 8554 8350 8801
f 7849 8928 9036
f 8907 9118 8908
f 9112 9139 8809
f 8909 8910 8911
f 8909 8837 8910
f 8814 8912 8913
f 8814 8837 8912
f 8914 8896 8915
f 8809 9084 8862
f 8298 9062 8253
f 8394 7567 8809
f 9062 8298 8394
f 8928 6828 8350
f 8176 9036 8350
f 8918 8917 8919
f 9134 8945 8920
f 8253 9062 7930
f 8736 8813 8737
f 7191 8557 8809
f 8557 9062 8809
f 6828 8928 5818
f 8922 8923 8924
f 8925 8926 8927
f 7850 8080 8191
f 7104 8191 8080
f 8929 8930 8931
f 8932 8874 8933
f 8910 8934 8911
f 8935 8936 8937
f 9078 8854 8938
f 7210 9112 6383
f 8738 9112 8822
f 8939 8905 8940
f 8941 8942 8943
f 8942 8941 8837
f 8944 8874 8932
f 8485 8347 8080
f 8638 7848 8822
f 8876 6962 8792
f 9112 8638 8822
f 6851 8792 6962
f 8914 8915 8885
f 8947 8791 8944
f 8949 8950 8936
f 8822 8396 8838
f 8838 8754 8649
f 8754 8647 8649
f 8951 8952 8953
f 8952 8951 8906
f 8947 8925 8791
f 8899 8954 8955
f 8182 8424 8822
f 8879 8957 8958
f 8879 8863 8864
f 8946 8754 8838
f 8960 9070 8813
f 8917 8961 8919
f 8921 8962 8963
f 8946 8647 8754
f 8838 8396 8946
f 8964 8965 8766
f 8347 8600 8080
f 8648 8823 8707
f 8823 8822 8838
f 8966 8967 8968
f 8738 8822 8862
f 9029 8969 8868
f 8970 8971 8972
f 8973 8971 8970
f 8865 8974 8861
f 8975 8941 8976
f 8975 8837 8941
f 8977 8978 8778
f 8766 8965 8980
f 8781 6576 8877
f 8981 8982 8983
f 8981 8964 8982
f 8700 8699 8435
f 8767 7095 8376
f 8984 8979 8766
f 8985 8466 8847
f 8980 8965 8986
f 8989 8766 8857
f 8865 8861 8871
f 8778 8978 8710
f 8990 8817 8991
f 8992 8875 7977
f 8435 8699 8993
f 8994 8859 8988
f 8767 8859 8994
f 8870 8995 8996
f 8870 8877 8995
f 8997 8992 7977
f 8969 8866 8868
f 8998 8995 8877
f 8999 8877 8436
f 8181 9004 9036
f 9000 9001 8972
f 8962 8803 9003
f 9012 8983 9005
f 9006 8861 9007
f 9006 8871 8861
f 9008 8994 8988
f 8977 9009 9010
f 8965 8964 9011
f 9013 8874 8798
f 8983 8979 9005
f 8769 8973 8970
f 8860 9001 9000
f 8769 9001 8860
f 9014 9002 9015
f 8767 9002 9014
f 9016 8973 8769
f 8858 9016 8769
f 8970 9001 8769
f 9049 9017 9018
f 8875 8865 7977
f 9029 9007 8872
f 8985 8840 8466
f 9017 9019 9018
f 9020 9021 9017
f 8872 9022 8873
f 8830 8877 6576
f 9023 8875 9024
f 9023 8867 8875
f 8987 9025 9026
f 8865 9025 8987
f 8778 9009 8977
f 8845 8762 8775
f 8775 8762 8761
f 9027 8871 9028
f 8871 9027 8865
f 9018 9019 9026
f 8866 8865 8867
f 8847 8778 8710
f 9021 9019 9017
f 8865 9019 9021
f 8840 8775 8466
f 8999 8998 8877
f 9030 8844 8880
f 8844 9030 8845
f 9020 9017 9049
f 8985 8849 8880
f 8847 8849 8985
f 8847 8466 8778
f 8879 8864 8993
f 8875 8992 9024
f 8957 8998 8958
f 9016 9033 9034
f 9033 8858 9034
f 8858 9033 9016
f 8878 8980 8986
f 8984 8989 9035
f 8989 8984 8766
f 8849 8710 8880
f 9016 9034 8972
f 9029 9026 9037
f 8376 8858 8767
f 8988 8859 9038
f 8981 8983 9012
f 9012 9008 8988
f 9034 8858 8376
f 8986 8965 9011
f 9036 9004 9031
f 8766 8980 8878
f 8973 9016 8971
f 9034 9012 9000
f 8857 8767 9040
f 8989 8857 9040
f 9040 8767 9012
f 8971 9033 8972
f 9033 9016 8972
f 9033 8971 9016
f 9042 8929 9043
f 9012 8767 9032
f 9035 8989 9040
f 9036 9031 9012
f 8710 9010 8880
f 9012 9034 8376
f 8974 9022 8872
f 8865 9022 8974
f 9036 9012 8376
f 9025 9027 9037
f 9027 9025 8865
f 9044 8956 8819
f 9009 8869 9020
f 9009 8778 8869
f 8929 8931 9043
f 8710 8848 9010
f 8710 8978 8848
f 8846 8840 8880
f 9024 8992 9046
f 9030 8763 8760
f 9047 8977 9010
f 8977 9047 8978
f 8762 8845 9030
f 9026 9025 9037
f 8844 8846 8880
f 8959 8822 8756
f 9049 8959 8880
f 9046 8997 9050
f 9051 8828 9013
f 8756 8775 8880
f 8869 9021 9020
f 8869 8865 9021
f 9028 8871 9006
f 8959 8756 8880
f 8775 8840 8846
f 8848 9047 9010
f 8978 9047 8848
f 9049 8862 8959
f 9022 8865 9053
f 8699 8700 8765
f 9007 8974 8872
f 8995 8998 8957
f 9029 9006 9007
f 8959 8862 8822
f 8992 8997 9046
f 9029 9028 9006
f 8868 8867 9023
f 8998 8999 8958
f 8436 8435 8864
f 9050 8870 8996
f 8870 8997 8996
f 8997 8870 9050
f 8700 8877 8830
f 9048 8996 8879
f 7977 8870 8996
f 8879 8700 8830
f 9054 8889 9055
f 8807 9056 9057
f 8916 9081 8804
f 8982 8979 8983
f 8982 8766 8979
f 8766 8982 8964
f 9031 8878 8986
f 9004 8766 9031
f 9011 8964 8981
f 9012 9011 8981
f 9031 8986 9012
f 8986 9011 9012
f 9032 9015 9012
f 9005 8984 9035
f 9005 8979 8984
f 9012 9035 9040
f 9002 8994 9008
f 9002 8767 8994
f 9005 9035 9012
f 9015 9002 9008
f 9032 9014 9015
f 9032 8767 9014
f 9012 9015 9008
f 9012 8988 9038
f 9038 8860 9000
f 9038 8859 8860
f 9012 9038 9000
f 9001 8970 8972
f 9034 9000 8972
f 8775 8763 8880
f 9049 8880 9010
f 8763 9030 8880
f 8762 9030 8760
f 8840 8985 8880
f 9009 9020 9049
f 9010 9009 9049
f 9019 8987 9026
f 8987 9019 8865
f 8862 9049 9029
f 9018 9026 9029
f 9049 9018 9029
f 9037 9027 9028
f 8861 8974 9007
f 9037 9028 9029
f 8873 9053 8969
f 8873 9022 9053
f 9053 8866 8969
f 8866 9053 8865
f 9029 8873 8969
f 9046 9050 9048
f 9048 9024 9046
f 9023 9024 9048
f 9048 9050 8996
f 8996 8995 8957
f 8999 8436 8863
f 8997 7977 8996
f 8862 9029 9048
f 8868 9023 9048
f 9029 8868 9048
f 8862 9048 8879
f 8996 8957 8879
f 8958 8999 8863
f 8993 8699 8765
f 8864 8435 8993
f 8958 8863 8879
f 8879 8993 8765
f 8879 8830 8862
f 8900 8925 8947
f 9059 9060 9061
f 8953 8874 8827
f 8921 8670 8898
f 8394 8809 9062
f 8902 9063 8903
f 9064 8945 9060
f 9065 9070 8943
f 8930 8820 8931
f 9066 9067 9068
f 9139 9084 8809
f 9069 9058 9139
f 9069 8795 9058
f 9039 9071 9072
f 8801 8350 8036
f 9101 9116 9073
f 9074 9101 9075
f 8916 8804 8961
f 8828 8874 9013
f 8941 8943 8976
f 9074 9076 9101
f 9082 9039 8928
f 9060 8945 9061
f 9063 9077 8903
f 9039 8808 8928
f 9039 9072 8808
f 8925 8927 8791
f 8475 8901 8476
f 9079 9080 8949
f 8922 8975 8923
f 8975 8922 8837
f 9124 8901 8475
f 8934 9070 8911
f 8923 9070 8924
f 9081 9118 8804
f 8810 8890 8856
f 8891 8890 8810
f 9043 8956 9083
f 8961 9118 8919
f 8930 8818 8820
f 8930 8837 8818
f 8811 8893 8894
f 9085 8944 8932
f 9086 8883 8884
f 8821 9080 9079
f 8350 9036 8908
f 9116 8929 9042
f 8942 9065 8943
f 9087 8938 9088
f 9089 8932 8933
f 8884 8808 9072
f 9080 8906 8950
f 9071 8884 9072
f 9091 9092 9093
f 9094 8898 8672
f 9094 8945 8898
f 8897 8922 8924
f 8897 8837 8922
f 9101 9063 8902
f 9095 9066 9068
f 9096 8905 9097
f 9098 8990 8991
f 9098 8945 8990
f 9051 9099 8828
f 9051 8906 9099
f 8933 8874 9100
f 9124 8800 8620
f 9081 8916 8918
f 9089 9085 8932
f 9085 9089 8906
f 8920 9095 9068
f 9123 9067 9084
f 9123 9102 9067
f 8940 8905 8955
f 9103 8945 9094
f 9104 8899 9096
f 8900 9045 8926
f 8815 8796 8816
f 8796 8815 8945
f 8908 9036 9070
f 9045 8738 8862
f 9045 8862 8905
f 8803 9105 9003
f 9092 9106 9093
f 8927 9045 8791
f 8818 9107 8819
f 8818 8837 9107
f 8476 8889 8477
f 8950 8906 9108
f 8277 9109 9110
f 9101 9073 9063
f 8900 8947 8906
f 8954 9113 8940
f 8954 8945 9113
f 9090 8886 8915
f 8896 9090 8915
f 9082 9086 9071
f 9078 8807 9114
f 9118 9081 8350
f 9074 9075 9115
f 8921 8793 9069
f 8924 8956 9044
f 8911 9070 9041
f 9041 9070 9065
f 8931 8956 9043
f 8819 8956 8820
f 9106 8814 9093
f 9087 9088 9056
f 9117 8907 8960
f 9117 8837 8907
f 9078 9087 8807
f 9099 8827 8828
f 8854 8811 8894
f 8908 9070 8960
f 8752 9094 8671
f 8975 8976 8923
f 8894 8856 9119
f 9063 9073 9077
f 8736 9117 8813
f 9117 8736 8837
f 8910 8735 8934
f 8735 8910 8837
f 9120 8881 8882
f 9073 8966 8968
f 9109 8837 8890
f 8735 8737 8934
f 9073 8968 9077
f 8820 8956 8931
f 8948 8928 9101
f 9088 8837 9056
f 8935 9079 8936
f 9081 9124 8350
f 9059 8963 9060
f 8936 8950 8937
f 9093 8814 8913
f 8797 9051 9013
f 8797 8906 9051
f 9134 9121 9123
f 9068 9067 9122
f 8900 8926 8925
f 9100 8874 8953
f 8890 8837 8856
f 9113 8939 8940
f 9078 8938 9087
f 8990 8815 8817
f 8990 8945 8815
f 8945 8954 8899
f 9090 8900 8906
f 9057 8814 9106
f 8991 8874 8905
f 9125 9126 8939
f 9126 8905 8939
f 8955 8905 9096
f 9097 8905 9066
f 9123 9102 8806
f 8907 8908 8960
f 8737 9070 8934
f 9118 8350 8908
f 8837 9118 8907
f 9117 8960 8813
f 9128 9041 9065
f 8942 9128 9065
f 8942 8837 9128
f 9107 8897 9044
f 9107 8837 8897
f 8943 9070 8976
f 9128 8909 9041
f 9128 8837 8909
f 8909 8911 9041
f 9107 9044 8819
f 8976 9070 8923
f 9129 9083 8967
f 9077 8956 8903
f 9129 9042 9083
f 9129 9116 9042
f 9042 9043 9083
f 8968 8956 9077
f 9036 8948 8956
f 8897 8924 9044
f 8924 9070 8956
f 9070 9036 8956
f 9116 8837 8929
f 8837 8930 8929
f 8967 8956 8968
f 9116 8966 9073
f 9083 8956 8967
f 8966 9129 8967
f 8966 9116 9129
f 9101 8902 9075
f 9036 8928 8948
f 9075 8902 8904
f 9115 9075 8904
f 8903 8956 8904
f 8948 9101 9076
f 8956 8948 8904
f 9074 9115 9076
f 9115 9130 9076
f 9076 9130 8948
f 8948 9074 9131
f 9074 8948 9130
f 9074 9115 9131
f 9115 9074 9130
f 8904 8948 9131
f 9115 8904 9131
f 8952 9100 8953
f 9045 8900 8738
f 8906 8947 9085
f 8926 9045 8927
f 8791 8874 8944
f 9085 8947 8944
f 8797 9013 8798
f 8791 9045 8874
f 9045 8905 8874
f 8906 8797 8945
f 9113 9125 8939
f 9125 9113 8945
f 9132 9089 8933
f 9089 9132 8906
f 8952 9132 9100
f 8952 8906 9132
f 9132 8933 9100
f 8951 8953 8827
f 9099 8951 8827
f 9099 8906 8951
f 8796 8798 8816
f 8899 8955 9096
f 9125 9098 9126
f 9125 8945 9098
f 9098 8991 9126
f 8817 8874 8991
f 8945 9095 8920
f 8954 8940 8955
f 9104 9096 9097
f 9133 9104 9097
f 9133 8945 9104
f 8991 8905 9126
f 8816 8874 8817
f 8945 8899 9104
f 9066 8905 9067
f 9127 9123 9084
f 9123 9127 9102
f 9121 8920 9122
f 9095 9133 9066
f 9095 8945 9133
f 9133 9097 9066
f 9134 8920 9121
f 8920 9068 9122
f 9067 8862 9084
f 9121 9122 9102
f 9123 9121 9102
f 9122 9067 9102
f 9067 8905 8862
f 9102 9127 8806
f 8806 9127 9084
f 9134 9123 8806
f 9134 8806 9084
f 8807 9087 9056
f 9082 9091 8912
f 9124 8475 8800
f 9119 8856 8837
f 8277 9110 8278
f 9114 9057 9106
f 9119 8837 9088
f 9052 8898 9135
f 8620 8800 9054
f 8912 8808 8883
f 9136 8885 8887
f 8800 8477 9054
f 9120 9137 8881
f 9082 9071 9039
f 9114 8807 9057
f 9080 9136 8887
f 9061 8945 9103
f 8854 8894 9119
f 8916 8917 8918
f 8898 8945 9058
f 8921 9079 8935
f 9071 9086 8884
f 8882 9118 8476
f 8919 9118 9138
f 8811 8810 8856
f 8893 8811 8856
f 9118 8837 8889
f 9086 8912 8883
f 9082 9092 9091
f 9078 9124 8277
f 9124 9120 8901
f 9091 9093 8913
f 9080 8950 8949
f 8912 8837 8808
f 9136 8914 8885
f 9003 9108 9064
f 8750 8752 8671
f 9135 9058 8794
f 9124 8620 9109
f 8670 8750 8671
f 8896 8821 9090
f 9081 9137 9120
f 8921 8751 8750
f 8917 8916 8961
f 9078 8277 8276
f 8963 8962 9064
f 8921 8803 8962
f 9103 9094 8752
f 8821 8914 9136
f 8962 9003 9064
f 8620 9054 9055
f 9052 9135 8794
f 8963 9064 9060
f 8476 9118 8889
f 9078 8276 8810
f 9137 8918 9138
f 8921 8963 9059
f 9111 9061 9103
f 9112 9090 8821
f 8803 8802 9108
f 9105 8803 9108
f 8898 8670 8672
f 9111 9059 9061
f 8276 8278 8891
f 8901 9120 8882
f 8810 8276 8891
f 9124 8928 8350
f 8837 9116 8928
f 9090 9112 8900
f 9112 8921 9139
f 8802 8935 8937
f 9069 8793 8795
f 9139 9134 9084
f 9116 9101 8928
f 8738 8900 9112
f 9109 8890 9110
f 8912 9091 8913
f 9082 9078 9092
f 9078 9114 9092
f 8918 8919 9138
f 9124 9109 8277
f 8804 9118 8961
f 8901 8882 8476
f 8751 9103 8752
f 9081 8918 9137
f 8886 9080 8887
f 8886 8906 9080
f 9137 9138 8881
f 8915 8886 8885
f 9138 9118 8881
f 8938 9119 9088
f 9110 8890 8278
f 9105 9108 9003
f 8898 9058 9135
f 8751 9111 9103
f 8921 8898 9052
f 9058 9134 9139
f 8921 9052 8793
f 8821 8896 8914
f 8906 8945 9108
f 8921 9069 9139
f 8921 9111 8751
f 8921 8821 9079
f 8837 8928 8808
f 9079 8949 8936
f 8794 9058 8795
f 8921 8750 8670
f 8477 8889 9054
f 9057 8837 8814
f 8938 8854 9119
f 8889 9109 9055
f 8889 8837 9109
f 9124 9081 9120
f 9092 9114 9106
f 9109 8620 9055
f 9078 8811 8854
f 9056 8837 9057
f 9082 9124 9078
f 9082 8912 9086
f 9082 8928 9124
f 8821 9136 9080
f 9090 8906 8886
f 8945 9134 9058
f 8921 8935 8802
f 8921 9059 9111
f 9064 9108 8945
f 8802 8950 9108
f 8802 8937 8950
f 8793 9052 8794
f 8671 9094 8672
f 9112 8821 8921
f 8219 8220 8221

