# https://github.com/mikedh/trimesh
v 0.05385852 0.02760855 -0.00601433
v 0.05272756 0.02760855 -0.00601433
v 0.05904859 0.01027497 -0.00433273
v 0.06219361 0.02758052 -0.00601433
v 0.07320893 0.02739363 -0.01595225
v 0.01658304 0.02759920 -0.00601433
v -0.07463810 0.01027497 -0.00433273
v -0.06834805 0.02739363 -0.01595225
v 0.05749931 0.00872383 -0.00433273
v 0.06220910 0.01027497 -0.00433460
v 0.06327810 0.02757117 -0.00601433
v 0.07320893 0.02739363 -0.01437926
v 0.07460328 0.02710396 -0.01437926
v 0.07458779 0.02710396 -0.01595225
v 0.07444835 0.02705724 -0.01752524
v 0.07320893 0.02730953 -0.01752524
v 0.01134650 0.02758986 -0.00601433
v -0.02586701 0.02738429 -0.00601433
v -0.05575247 0.02703855 -0.00601433
v -0.05717780 0.02699183 -0.00601433
v -0.06743398 0.02652461 -0.00601433
v -0.07353811 0.02613216 -0.00601433
v -0.07463810 0.02603872 -0.00601433
v -0.07620286 0.02573035 -0.00601433
v -0.07714791 0.02536593 -0.00601433
v -0.07621835 0.01027497 -0.00441325
v -0.07463810 0.00872383 -0.00433273
v -0.00118711 0.02755248 -0.00601433
v -0.04160761 0.02730953 -0.01752524
v -0.06676779 0.02723478 -0.01752524
v -0.06992831 0.02738429 -0.01595225
v -0.06992831 0.02739363 -0.01437926
v 0.05906408 0.00872383 -0.00433460
v 0.06378936 0.01027497 -0.00433648
v 0.04175871 0.00242581 -0.00433273
v 0.06377387 0.02756183 -0.00601433
v 0.06485836 0.02751511 -0.00601433
v 0.06535413 0.02748707 -0.00601433
v 0.07320893 0.02727215 -0.01280814
v 0.07443286 0.02700117 -0.01280814
v 0.07522299 0.02665544 -0.01280814
v 0.07537791 0.02666478 -0.01437926
v 0.07536242 0.02662740 -0.01595225
v 0.07523848 0.02644986 -0.01752524
v 0.07423145 0.02694511 -0.01854955
v 0.07306950 0.02698249 -0.01908324
v 0.07164417 0.02702921 -0.01909635
v -0.07147758 0.02739363 -0.01280814
v -0.07147758 0.02736560 -0.01123516
v -0.07305784 0.02733756 -0.01123516
v -0.07305784 0.02705724 -0.00985692
v -0.07463810 0.02693576 -0.01015279
v -0.07545921 0.02683298 -0.01039810
v -0.07733383 0.02559019 -0.00966217
v -0.07773664 0.02473052 -0.00601433
v -0.07632680 0.02645920 -0.01123516
v -0.07860422 0.02373069 -0.00601433
v -0.07778312 0.01027497 -0.00495818
v -0.07621835 0.00872383 -0.00442823
v -0.07463810 0.00557482 -0.00434022
v -0.07463810 0.00714465 -0.00433460
v -0.07307333 -0.00229304 -0.00433273
v -0.04160761 0.02701986 -0.01866004
v 0.03230815 0.02702921 -0.01909635
v -0.06834805 0.02693576 -0.01849338
v -0.06834805 0.02722543 -0.01752524
v -0.04473714 0.02701052 -0.01864318
v -0.04789766 0.02700117 -0.01862258
v -0.06995929 0.02708527 -0.01762261
v -0.07109026 0.02699183 -0.01716195
v -0.07157053 0.02711331 -0.01601405
v -0.07147758 0.02734691 -0.01437926
v 0.05119378 0.00557482 -0.00433460
v 0.06535413 0.01027497 -0.00434022
v -0.03214156 -0.02588726 -0.00433273
v 0.06691889 0.01027497 -0.00434584
v 0.07007940 0.01027497 -0.00436457
v 0.07165966 0.01027497 -0.00437580
v 0.07322443 0.01027497 -0.00439266
v 0.06693438 0.02729084 -0.00601433
v 0.07482018 0.02587052 -0.00601433
v 0.07568777 0.02550610 -0.00601433
v 0.07581171 0.02544069 -0.00601433
v 0.07737648 0.02445954 -0.00601433
v 0.07768633 0.02422593 -0.00601433
v 0.07692719 0.02507626 -0.00966217
v 0.07698916 0.02502019 -0.01123516
v 0.07598213 0.02583314 -0.01595225
v 0.07584269 0.02566494 -0.01752524
v 0.07570326 0.02542200 -0.01848214
v 0.07474271 0.02597331 -0.01904018
v 0.07421596 0.02547806 -0.02009071
v 0.07348780 0.02652461 -0.01959821
v 0.07244979 0.02681429 -0.01989408
v 0.07164417 0.02682363 -0.01989970
v -0.07305784 0.02730019 -0.01280814
v -0.07463810 0.02709462 -0.01123516
v -0.07553667 0.02685167 -0.01123516
v -0.07728735 0.02567429 -0.01123516
v -0.07553667 0.02685167 -0.01216771
v -0.07612540 0.02630970 -0.01273886
v -0.07713242 0.02548741 -0.01280814
v -0.07860422 0.02373069 -0.00613043
v -0.07863522 0.02343167 -0.00601433
v -0.07779861 0.01027497 -0.00496754
v -0.07858873 -0.00986188 -0.00571846
v -0.07778312 -0.00544205 -0.00523720
v -0.07621835 0.00557482 -0.00447130
v -0.07621835 0.00714465 -0.00444696
v -0.07307333 -0.01330056 -0.00442449
v -0.07307333 -0.01016089 -0.00438891
v -0.07463810 0.00085597 -0.00439078
v -0.07463810 0.00399564 -0.00435707
v -0.07307333 -0.00701188 -0.00435520
v -0.06992831 -0.02901758 -0.00435146
v -0.07149307 -0.01645892 -0.00433835
v -0.07307333 -0.00386287 -0.00433460
v -0.06992831 -0.02588726 -0.00433460
v -0.06992831 -0.02430808 -0.00433273
v 0.03230815 0.02682363 -0.01989221
v 0.02849694 0.02681429 -0.01988285
v 0.06062884 0.02682363 -0.01989970
v 0.03545318 0.02682363 -0.01989595
v -0.06834805 0.02641248 -0.01927987
v -0.06946353 0.02688904 -0.01842971
v -0.04631740 0.02650593 -0.01942031
v -0.07050154 0.02675822 -0.01821248
v -0.07157053 0.02650593 -0.01762261
v -0.07214377 0.02673953 -0.01657957
v -0.07364656 0.02672085 -0.01491670
v -0.07260855 0.02694511 -0.01553091
v -0.07310432 0.02705724 -0.01438675
v -0.02270650 -0.02272890 -0.00433460
v 0.01501828 -0.00858172 -0.00433648
v 0.03546867 -0.00072320 -0.00433648
v 0.01974356 -0.00701188 -0.00433835
v 0.04962902 0.00399564 -0.00434209
v -0.04473714 -0.03059676 -0.00433273
v -0.03530208 -0.02745709 -0.00433460
v 0.00085793 -0.01487974 -0.00434397
v -0.02743178 -0.02588726 -0.00434584
v 0.03861369 -0.00072320 -0.00434771
v 0.00243819 -0.01487974 -0.00435146
v 0.06693438 0.00872383 -0.00437018
v 0.04175871 -0.01645892 -0.00463048
v 0.04019395 -0.01959858 -0.00467355
v 0.07165966 0.00872383 -0.00440764
v 0.00558321 -0.05420032 -0.00503309
v 0.04333897 -0.01801940 -0.00466980
v 0.07165966 0.00714465 -0.00444321
v 0.07322443 0.00872383 -0.00442823
v 0.07480468 0.01027497 -0.00441700
v 0.07635395 0.01027497 -0.00448441
v 0.07847646 0.02304856 -0.00601433
v 0.07852294 0.02315135 -0.00651619
v 0.07760887 0.02429134 -0.00966217
v 0.07692719 0.02489872 -0.01280814
v 0.07751591 0.02422593 -0.01123516
v 0.07677226 0.02461839 -0.01595225
v 0.07719056 0.02373069 -0.01691477
v 0.07669480 0.02433806 -0.01747280
v 0.07708212 0.02354380 -0.01796343
v 0.07736098 0.02243184 -0.01909635
v 0.07719056 0.02214217 -0.01993154
v 0.07571876 0.02382413 -0.02002704
v 0.07511454 0.02314200 -0.02107570
v 0.07407653 0.02374003 -0.02149891
v 0.07350329 0.02479593 -0.02113937
v 0.07244979 0.02527249 -0.02146894
v 0.07164417 0.02533790 -0.02150265
v 0.07006391 0.02543134 -0.02156257
v 0.06849915 0.02550610 -0.02162250
v 0.06693438 0.02556216 -0.02168242
v 0.06535413 0.02559019 -0.02173111
v 0.06693438 0.02634708 -0.02068619
v 0.06535413 0.02637511 -0.02068619
v -0.07462260 0.02699183 -0.01273886
v -0.07762819 0.02445954 -0.01280814
v -0.07786058 0.02445954 -0.01123516
v -0.07409585 0.02689839 -0.01387178
v -0.07514935 0.02669281 -0.01321637
v -0.07612540 0.02555282 -0.01425005
v -0.07702397 0.02527249 -0.01364145
v -0.07855775 0.02045086 -0.01824244
v -0.07861972 0.02064709 -0.01719191
v -0.07861972 0.02224495 -0.01123516
v -0.07865072 0.02238512 -0.00966217
v -0.07866621 0.02298315 -0.00660046
v -0.07858873 0.02215151 -0.01221827
v -0.07877464 0.02131053 -0.00651619
v -0.07871268 0.02211413 -0.00601433
v -0.07866621 0.01027497 -0.00557801
v -0.07865072 0.00399564 -0.00562483
v -0.07860422 -0.00701188 -0.00569412
v -0.07857325 -0.01090843 -0.00572970
v -0.07865072 -0.05104197 -0.00719782
v -0.07778312 -0.00701188 -0.00526716
v -0.07775213 -0.01330056 -0.00537765
v -0.07772115 -0.01487974 -0.00539824
v -0.07621835 0.00399564 -0.00450314
v -0.07307333 -0.01645892 -0.00446569
v -0.07307333 -0.01487974 -0.00444321
v -0.07149307 -0.02430808 -0.00442262
v -0.06992831 -0.03059676 -0.00436831
v -0.06992831 -0.02745709 -0.00433835
v -0.06834805 -0.03216659 -0.00433460
v -0.06834805 -0.03059676 -0.00433273
v 0.06377387 0.02637511 -0.02068432
v 0.05906408 0.02557151 -0.02180788
v 0.02443785 0.02617888 -0.02067121
v -0.06834805 0.02561822 -0.02022179
v -0.06992831 0.02551544 -0.02013939
v -0.06995929 0.02637511 -0.01901209
v -0.00227160 0.02593593 -0.02067121
v 0.00085793 0.02529118 -0.02149516
v -0.00227160 0.02527249 -0.02147831
v 0.02130832 0.02615085 -0.02067121
v -0.07088885 0.02536593 -0.02000082
v -0.07143110 0.02567429 -0.01906452
v -0.07246912 0.02537528 -0.01851772
v -0.07352262 0.02503888 -0.01797092
v -0.07507189 0.02501085 -0.01635860
v -0.07457612 0.02561822 -0.01587922
v -0.07310432 0.02646855 -0.01601405
v -0.07462260 0.02642183 -0.01438675
v -0.03844710 -0.02901758 -0.00433648
v -0.03372182 -0.02745709 -0.00433835
v -0.02899654 -0.02588726 -0.00434022
v -0.02428675 -0.02430808 -0.00434209
v -0.05260745 -0.03216659 -0.00434397
v -0.04473714 -0.03216659 -0.00434958
v -0.04315689 -0.03059676 -0.00433648
v -0.03214156 -0.02745709 -0.00434397
v -0.04001186 -0.03059676 -0.00434584
v -0.03530208 -0.02901758 -0.00434771
v -0.03844710 -0.03059676 -0.00435333
v -0.03686684 -0.03059676 -0.00436269
v -0.03214156 -0.02901758 -0.00436644
v -0.01956147 -0.02588726 -0.00439453
v 0.04019395 -0.00544205 -0.00443572
v -0.01169117 -0.02588726 -0.00444509
v -0.00854615 -0.04790230 -0.00483459
v 0.01187325 -0.04475329 -0.00491324
v 0.00558321 -0.05262115 -0.00500500
v 0.06535413 0.00242581 -0.00447318
v 0.00243819 -0.05576082 -0.00503870
v 0.00400295 -0.05576082 -0.00505181
v 0.00558321 -0.05576082 -0.00506679
v 0.00872823 -0.05262115 -0.00503309
v 0.04648399 -0.01645892 -0.00467167
v 0.07165966 0.00399564 -0.00451999
v 0.03704892 -0.02588726 -0.00477092
v 0.05749931 -0.01174007 -0.00470538
v 0.04333897 -0.05891917 -0.00564355
v 0.06693438 -0.00701188 -0.00471849
v 0.07322443 0.00399564 -0.00456681
v 0.07480468 0.00714465 -0.00452187
v 0.04558541 -0.06121785 -0.00572970
v 0.07636945 0.00872383 -0.00455370
v 0.07636945 0.01027497 -0.00448816
v 0.07878631 0.02232905 -0.00601433
v 0.07480468 0.00557482 -0.00458179
v 0.07480468 0.00399564 -0.00464733
v 0.07528496 -0.02154218 -0.00574655
v 0.07559481 -0.02048628 -0.00572408
v 0.07880180 0.02236643 -0.00651619
v 0.07880180 0.02224495 -0.00966217
v 0.07877082 0.02217954 -0.01123516
v 0.07839900 0.02302987 -0.00966217
v 0.07743845 0.02410445 -0.01280814
v 0.07830604 0.02296446 -0.01123516
v 0.07785675 0.02288036 -0.01595225
v 0.07754690 0.02296446 -0.01747280
v 0.07801168 0.02131053 -0.01909635
v 0.07671029 0.02131053 -0.02106072
v 0.07743845 0.02131053 -0.02027609
v 0.07557932 0.02209544 -0.02145958
v 0.07468074 0.02272151 -0.02165620
v 0.07478919 0.02131053 -0.02218990
v 0.07164417 0.02288036 -0.02230038
v 0.07164417 0.02445954 -0.02180040
v 0.06693438 0.02445954 -0.02215806
v 0.07320893 0.02288036 -0.02209814
v 0.07320893 0.02131053 -0.02258689
v 0.06535413 0.02445954 -0.02226667
v 0.06377387 0.02445954 -0.02235094
v 0.06219361 0.02445954 -0.02241274
v 0.06062884 0.02445954 -0.02244832
v 0.06377387 0.02559019 -0.02175920
v 0.06062884 0.02558084 -0.02180040
v -0.07555216 0.02532855 -0.01530995
v -0.07538174 0.02364659 -0.01827241
v -0.07618736 0.02254397 -0.01899898
v -0.07686904 0.02354380 -0.01654587
v -0.07705496 0.02216085 -0.01840723
v -0.07730284 0.02244118 -0.01752524
v -0.07566061 0.02227299 -0.02004764
v -0.07676060 0.02131053 -0.01954953
v -0.07793804 0.01985283 -0.01895965
v -0.07861972 0.01940430 -0.01837914
v -0.07866621 0.01985283 -0.01763947
v -0.07872817 0.01973135 -0.01595225
v -0.07871268 0.02131053 -0.01123516
v -0.07874366 0.02131053 -0.00966217
v -0.07886761 0.01659168 -0.00651619
v -0.07913098 0.01027497 -0.00966217
v -0.07923943 0.00714465 -0.00966029
v -0.07906901 0.01187284 -0.00808918
v -0.07882114 0.01659168 -0.00601433
v -0.07883663 0.01551710 -0.00601433
v -0.07883663 -0.00229304 -0.00651432
v -0.07778312 -0.05104197 -0.00658735
v -0.07728735 -0.03059676 -0.00561172
v -0.07738031 -0.02745709 -0.00556678
v -0.07751974 -0.02272890 -0.00550124
v -0.07756622 -0.02116841 -0.00548064
v -0.07761270 -0.01959858 -0.00546004
v -0.07908450 -0.01330056 -0.00808731
v -0.07934789 -0.00858172 -0.00966029
v -0.07879014 -0.04947213 -0.00808731
v -0.07877464 -0.05104197 -0.00808731
v -0.07860422 -0.05215393 -0.00723527
v -0.07621835 -0.00229304 -0.00464358
v -0.07307333 -0.01959858 -0.00453123
v -0.07307333 -0.01801940 -0.00449752
v -0.07149307 -0.02901758 -0.00449378
v -0.07149307 -0.02745709 -0.00446381
v -0.07149307 -0.02588726 -0.00444134
v -0.06992831 -0.03216659 -0.00438704
v -0.06834805 -0.03373643 -0.00435895
v -0.06676779 -0.03373643 -0.00435520
v 0.05906408 0.02445954 -0.02246143
v 0.05748382 0.02556216 -0.02180227
v -0.06834805 0.02445954 -0.02083975
v -0.06992831 0.02445954 -0.02074237
v -0.00625323 0.02524445 -0.02145958
v -0.01328692 0.02513232 -0.02140340
v 0.05748382 0.02445954 -0.02245019
v -0.07143110 0.02447823 -0.02035474
v -0.07277897 0.02397364 -0.02015063
v -0.07381698 0.02365593 -0.01986412
v -0.07194236 0.02502954 -0.01956638
v -0.07476204 0.02344101 -0.01924242
v -0.04159212 -0.03059676 -0.00434022
v -0.04315689 -0.03373643 -0.00438516
v -0.04315689 -0.03216659 -0.00435333
v -0.04159212 -0.03216659 -0.00436082
v -0.04001186 -0.03216659 -0.00437018
v -0.03686684 -0.03216659 -0.00438891
v -0.00225611 -0.05262115 -0.00495444
v 0.00714798 -0.04790230 -0.00493571
v -0.01956147 -0.04318346 -0.00468478
v 0.00085793 -0.05420032 -0.00500125
v 0.00243819 -0.05733999 -0.00508365
v -0.00069134 -0.05420032 -0.00499189
v 0.00085793 -0.05576082 -0.00502934
v -0.00225611 -0.05733999 -0.00505181
v -0.00069134 -0.05733999 -0.00506117
v 0.00558321 -0.05733999 -0.00511361
v 0.00872823 -0.05733999 -0.00514919
v 0.01029300 -0.05733999 -0.00516791
v 0.01974356 -0.05891917 -0.00533083
v 0.01187325 -0.05576082 -0.00514919
v 0.00872823 -0.05420032 -0.00507054
v 0.01343802 -0.04947213 -0.00501998
v 0.01187325 -0.05420032 -0.00511174
v 0.02603360 -0.05891917 -0.00541322
v 0.04019395 -0.06205883 -0.00567726
v 0.04454740 -0.06150752 -0.00572221
v 0.07165966 -0.00072320 -0.00466980
v 0.04753750 -0.05847999 -0.00571284
v 0.07322443 0.00242581 -0.00462486
v 0.04254884 -0.06284375 -0.00572782
v 0.04360234 -0.06255408 -0.00573719
v 0.04499669 -0.06204015 -0.00574655
v 0.04648399 -0.06205883 -0.00580460
v 0.07636945 0.00557482 -0.00469976
v 0.07742296 -0.00544205 -0.00556491
v 0.07750042 -0.00386287 -0.00551809
v 0.07763985 -0.00072320 -0.00542633
v 0.07770182 0.00085597 -0.00538139
v 0.07781027 0.00399564 -0.00529338
v 0.07785675 0.00557482 -0.00525031
v 0.07794971 0.01027497 -0.00511361
v 0.07883280 0.02131053 -0.00601433
v 0.07887927 0.02131053 -0.00651619
v 0.07165966 -0.01016089 -0.00506117
v 0.07165966 -0.05262115 -0.00684015
v 0.07322443 -0.05420032 -0.00699558
v 0.05435429 -0.04475329 -0.00552558
v 0.05435429 -0.05420032 -0.00592070
v 0.07322443 -0.05733999 -0.00712853
v 0.07421596 -0.05733999 -0.00723714
v 0.07559481 -0.05035050 -0.00729519
v 0.07714408 -0.01090843 -0.00572970
v 0.07636945 0.00242581 -0.00485144
v 0.07887927 0.02131053 -0.00808918
v 0.07884829 0.02131053 -0.01123516
v 0.07880180 0.02075922 -0.01595225
v 0.07877082 0.02065643 -0.01716195
v 0.07873983 0.02212348 -0.01216022
v 0.07846096 0.02123577 -0.01762261
v 0.07853843 0.02155348 -0.01595225
v 0.07846096 0.01973135 -0.01909635
v 0.07709761 0.01973135 -0.02140902
v 0.07592016 0.02131053 -0.02164872
v 0.07770182 0.01973135 -0.02062253
v 0.07630748 0.01973135 -0.02183597
v 0.07478919 0.01973135 -0.02249139
v 0.07006391 0.02288036 -0.02241648
v 0.07320893 0.01973135 -0.02279475
v 0.07164417 0.02131053 -0.02266929
v 0.06849915 0.02288036 -0.02251011
v 0.06377387 0.02288036 -0.02272546
v 0.06693438 0.02288036 -0.02258502
v 0.06219361 0.02288036 -0.02277603
v 0.06062884 0.02288036 -0.02280411
v -0.07597047 0.02131053 -0.02018996
v -0.07463810 0.02260938 -0.02025175
v -0.07463810 0.02131053 -0.02068432
v -0.07694651 0.01973135 -0.01985663
v -0.07863522 0.01816152 -0.01841098
v -0.07877464 0.01659168 -0.01752524
v -0.07874366 0.01816152 -0.01752524
v -0.07879014 0.01816152 -0.01595225
v -0.07911549 0.01027497 -0.01123516
v -0.07910000 0.01029366 -0.00808918
v -0.07903803 0.01187284 -0.01280814
v -0.07925492 0.00557482 -0.01123703
v -0.07931689 0.00399564 -0.00966029
v -0.07934789 0.00242581 -0.00966029
v -0.07916197 0.00399564 -0.00808731
v -0.07916197 0.00242581 -0.00808731
v -0.07891408 0.01027497 -0.00651432
v -0.07886761 0.00242581 -0.00651432
v -0.07629582 -0.05420032 -0.00596939
v -0.07635778 -0.05262115 -0.00592632
v -0.07697749 -0.03909068 -0.00573344
v -0.07702397 -0.03804412 -0.00571846
v -0.07707045 -0.03688544 -0.00570161
v -0.07792255 -0.05265853 -0.00679146
v -0.07621835 -0.01174007 -0.00485893
v -0.07621835 -0.00858172 -0.00478590
v -0.07621835 -0.00544205 -0.00471474
v -0.07914647 -0.00072320 -0.00808731
v -0.07936338 -0.00544205 -0.00966029
v -0.07937887 -0.01959858 -0.01123703
v -0.07937887 -0.04790230 -0.01437926
v -0.07892958 -0.05104197 -0.00966029
v -0.07868170 -0.05246229 -0.00808731
v -0.07854226 -0.05323786 -0.00808731
v -0.07703947 -0.05825573 -0.00725587
v -0.07716341 -0.05733999 -0.00710419
v -0.07738031 -0.05576082 -0.00687948
v -0.07761270 -0.05420032 -0.00675588
v -0.07463810 -0.04790230 -0.00541322
v -0.07463810 -0.04632313 -0.00537765
v -0.07307333 -0.04003445 -0.00498814
v -0.07149307 -0.03531560 -0.00463609
v -0.06992831 -0.03373643 -0.00441887
v -0.06834805 -0.03531560 -0.00440951
v -0.06676779 -0.03688544 -0.00444134
v -0.06205801 -0.04160428 -0.00454059
v -0.06676779 -0.03531560 -0.00439266
v -0.06520303 -0.03688544 -0.00442823
v -0.05260745 -0.05262115 -0.00479526
v -0.06047775 -0.04160428 -0.00453872
v -0.06047775 -0.04003445 -0.00450314
v -0.05417221 -0.03531560 -0.00440576
v 0.05906408 0.02288036 -0.02281160
v -0.02428675 0.02413249 -0.02161314
v -0.04555826 0.02367462 -0.02145958
v -0.05104268 0.02345036 -0.02141839
v -0.06992831 0.02288036 -0.02120678
v -0.07147758 0.02288036 -0.02105323
v 0.05117829 0.02445954 -0.02238278
v 0.04962902 0.02445954 -0.02236592
v 0.03545318 0.02445954 -0.02221050
v -0.00385186 0.02445954 -0.02176481
v -0.01328692 0.02434741 -0.02168991
v -0.02114173 0.02419790 -0.02163373
v 0.05748382 0.02288036 -0.02279849
v 0.04490373 0.02288036 -0.02267865
v 0.03861369 0.02288036 -0.02261685
v 0.03545318 0.02288036 -0.02258315
v -0.07319727 0.02302987 -0.02049144
v -0.04315689 -0.03688544 -0.00445445
v -0.04001186 -0.04003445 -0.00452936
v -0.04001186 -0.03688544 -0.00446194
v -0.04159212 -0.03373643 -0.00439078
v -0.04001186 -0.03373643 -0.00439827
v -0.03530208 -0.03531560 -0.00445258
v -0.03372182 -0.03531560 -0.00446194
v -0.00383636 -0.05262115 -0.00494507
v -0.02114173 -0.04318346 -0.00467542
v 0.00243819 -0.05891917 -0.00514919
v -0.00383636 -0.05891917 -0.00509301
v -0.01641645 -0.04632313 -0.00475969
v -0.00854615 -0.05104197 -0.00489077
v -0.01327143 -0.05104197 -0.00487017
v -0.00540113 -0.05733999 -0.00503496
v -0.00383636 -0.05733999 -0.00504245
v -0.01169117 -0.05891917 -0.00504245
v -0.01327143 -0.06047966 -0.00508177
v -0.02585152 -0.06205883 -0.00505181
v -0.02114173 -0.06205883 -0.00508177
v 0.01029300 -0.05891917 -0.00522409
v 0.01187325 -0.05891917 -0.00524095
v 0.01343802 -0.05891917 -0.00525780
v 0.01658304 -0.05891917 -0.00529338
v 0.03704892 -0.06205883 -0.00563606
v 0.04804875 -0.06205883 -0.00589261
v 0.05277404 -0.06047966 -0.00609485
v 0.05435429 -0.06047966 -0.00618474
v 0.06064434 -0.05891917 -0.00647686
v 0.05749931 -0.05733999 -0.00623155
v 0.04175871 -0.06291850 -0.00572221
v 0.04318404 -0.06346982 -0.00578775
v 0.04490373 -0.06363801 -0.00584018
v 0.03074339 -0.06205883 -0.00556491
v 0.04648399 -0.06363801 -0.00592257
v 0.07720606 -0.00985253 -0.00569973
v 0.07734549 -0.00701188 -0.00561172
v 0.07722155 -0.03531560 -0.00726523
v 0.07736098 -0.03216659 -0.00716973
v 0.07740746 -0.05576082 -0.00868092
v 0.07754690 -0.02745709 -0.00702367
v 0.07873983 0.00945268 -0.00572782
v 0.07873983 0.01027497 -0.00569973
v 0.07884829 0.02074987 -0.00601433
v 0.07887927 0.01659168 -0.00651619
v 0.07165966 -0.05733999 -0.00703865
v 0.04962902 -0.06205883 -0.00598250
v 0.06693438 -0.05891917 -0.00683828
v 0.06849915 -0.05891917 -0.00693940
v 0.07007940 -0.05891917 -0.00704426
v 0.07165966 -0.05891917 -0.00715287
v 0.07306950 -0.05885376 -0.00724463
v 0.07410751 -0.05828376 -0.00727085
v 0.07500609 -0.05733999 -0.00753489
v 0.07511454 -0.05576082 -0.00746186
v 0.07525398 -0.05420032 -0.00741317
v 0.07539341 -0.05262115 -0.00736448
v 0.07636945 -0.05576082 -0.00805734
v 0.07636945 -0.05420032 -0.00795810
v 0.07652438 -0.04790230 -0.00765286
v 0.07582720 -0.04632313 -0.00717347
v 0.07717507 -0.03623134 -0.00729332
v 0.07887927 0.01973135 -0.01595225
v 0.07870885 0.01973135 -0.01815443
v 0.07880180 0.01973135 -0.01736794
v 0.07849195 0.01816152 -0.01909635
v 0.07711310 0.01816152 -0.02143149
v 0.07771732 0.01816152 -0.02064500
v 0.07632297 0.01816152 -0.02182661
v 0.07478919 0.01816152 -0.02249326
v 0.07260472 -0.00229304 -0.02308313
v 0.07320893 0.01501251 -0.02286591
v 0.07320893 0.01659168 -0.02285093
v 0.07320893 0.01816152 -0.02283033
v 0.06952167 0.01612447 -0.02304193
v 0.06377387 0.01187284 -0.02338837
v 0.06535413 0.01344267 -0.02327975
v 0.06693438 0.01501251 -0.02316927
v 0.07006391 0.01816152 -0.02294643
v 0.07164417 0.01973135 -0.02283407
v 0.06849915 0.02131053 -0.02278164
v 0.07006391 0.02131053 -0.02273670
v 0.06219361 0.01973135 -0.02297077
v 0.06219361 0.01659168 -0.02315616
v 0.06062884 0.02131053 -0.02289587
v 0.06693438 0.02131053 -0.02280973
v -0.07617187 0.01973135 -0.02025175
v -0.07305784 0.02131053 -0.02100828
v -0.07463810 0.01973135 -0.02075174
v -0.07694651 0.01816152 -0.01985101
v -0.07778312 0.01816152 -0.01916564
v -0.07615638 0.01816152 -0.02025550
v -0.07612540 0.01344267 -0.02025737
v -0.07863522 0.01659168 -0.01841098
v -0.07914647 -0.01959858 -0.01595038
v -0.07903803 -0.00229304 -0.01595038
v -0.07892958 0.01187284 -0.01595225
v -0.07903803 0.01027497 -0.01440173
v -0.07888310 0.01501251 -0.01595225
v -0.07883663 0.01659168 -0.01595225
v -0.07900704 0.01187284 -0.01437926
v -0.07919296 0.00557482 -0.01281002
v -0.07934789 -0.00072320 -0.01123703
v -0.07937887 -0.00544205 -0.01123703
v -0.07936338 -0.00386287 -0.00966029
v -0.07607892 -0.05577950 -0.00602557
v -0.07528879 -0.05630278 -0.00573719
v -0.07545921 -0.05525622 -0.00571846
v -0.07550569 -0.05420032 -0.00570348
v -0.07621835 -0.01959858 -0.00504807
v -0.07621835 -0.01330056 -0.00489639
v -0.07939436 -0.03688544 -0.01437926
v -0.07936338 -0.04947213 -0.01437926
v -0.07914647 -0.02588726 -0.01595038
v -0.07910000 -0.04003445 -0.01595038
v -0.07906901 -0.04475329 -0.01595038
v -0.07903803 -0.04790230 -0.01595038
v -0.07906901 -0.05104197 -0.01123703
v -0.07886761 -0.05262115 -0.01123703
v -0.07872817 -0.05276131 -0.00954232
v -0.07857325 -0.05339672 -0.00893747
v -0.07829438 -0.05420032 -0.00808731
v -0.07711693 -0.05858278 -0.00808731
v -0.07688454 -0.05936769 -0.00808731
v -0.07646624 -0.06047966 -0.00808731
v -0.07556766 -0.06140474 -0.00720531
v -0.07581554 -0.06047966 -0.00702367
v -0.07628032 -0.05883507 -0.00684202
v -0.07621835 -0.05733999 -0.00637949
v -0.07307333 -0.04160428 -0.00502372
v -0.07149307 -0.03688544 -0.00467916
v -0.06992831 -0.03531560 -0.00446943
v -0.06834805 -0.03688544 -0.00447879
v -0.05891299 -0.04790230 -0.00471474
v -0.06205801 -0.04318346 -0.00459115
v -0.06992831 -0.03688544 -0.00453497
v -0.05417221 -0.05262115 -0.00480463
v -0.04946243 -0.05733999 -0.00490762
v -0.04789766 -0.05891917 -0.00494320
v -0.04630191 -0.06047966 -0.00497878
v -0.04630191 -0.05891917 -0.00494320
v -0.05104268 -0.04632313 -0.00465482
v -0.03530208 -0.05420032 -0.00484957
v -0.03844710 -0.04790230 -0.00470538
v -0.04315689 -0.05420032 -0.00484021
v 0.06062884 0.01973135 -0.02298575
v 0.06062884 0.01659168 -0.02316178
v 0.05906408 0.02131053 -0.02289774
v -0.01012641 0.02288036 -0.02207380
v -0.01328692 0.02288036 -0.02203634
v -0.01957697 0.02288036 -0.02195395
v -0.02114173 0.02288036 -0.02193335
v -0.03215706 0.02288036 -0.02178542
v -0.04473714 0.02288036 -0.02161314
v -0.04789766 0.02278692 -0.02158318
v -0.04946243 0.02273085 -0.02157007
v -0.05733272 0.02315135 -0.02136970
v -0.06992831 0.02131053 -0.02133037
v -0.07147758 0.02131053 -0.02122925
v -0.05891299 0.02306725 -0.02135846
v -0.05575247 0.02244118 -0.02151576
v -0.05891299 0.02228233 -0.02148767
v -0.06157773 0.02213282 -0.02146333
v 0.02916313 0.02288036 -0.02251573
v 0.01029300 0.02288036 -0.02230413
v -0.00698139 0.02288036 -0.02210938
v 0.05748382 0.01973135 -0.02296703
v 0.03703343 0.01448923 -0.02304568
v 0.01343802 0.01816152 -0.02262247
v 0.00242270 0.02131053 -0.02234907
v -0.01170666 0.02131053 -0.02221050
v -0.03214156 -0.05733999 -0.00492447
v -0.02899654 -0.06205883 -0.00503496
v -0.02899654 -0.05420032 -0.00487017
v -0.02585152 -0.04318346 -0.00465295
v -0.02743178 -0.04160428 -0.00461362
v -0.03530208 -0.03688544 -0.00448254
v -0.03372182 -0.03688544 -0.00449003
v -0.01327143 -0.06205883 -0.00514919
v 0.02445334 -0.06205883 -0.00550124
v 0.02603360 -0.06205883 -0.00551622
v -0.01956147 -0.06205883 -0.00509301
v -0.02585152 -0.04160428 -0.00462111
v -0.01327143 -0.05891917 -0.00503496
v -0.02899654 -0.06363801 -0.00517915
v -0.02743178 -0.06363801 -0.00518851
v 0.02759837 -0.06205883 -0.00553120
v 0.01974356 -0.06047966 -0.00538514
v 0.02917862 -0.06205883 -0.00554805
v 0.03861369 -0.06317080 -0.00570161
v 0.04175871 -0.06371277 -0.00578962
v 0.05906408 -0.06587129 -0.00733452
v 0.04019395 -0.06384359 -0.00578400
v 0.03861369 -0.06395572 -0.00577464
v 0.03704892 -0.06405850 -0.00576715
v 0.04962902 -0.06363801 -0.00612669
v 0.05119378 -0.06205883 -0.00607426
v 0.06064434 -0.06568440 -0.00737197
v 0.07819759 -0.05420032 -0.00966029
v 0.07833702 -0.05104197 -0.00958352
v 0.07751591 -0.05262115 -0.00858354
v 0.07729901 -0.05687278 -0.00876332
v 0.07877082 -0.05104197 -0.01037001
v 0.07878631 -0.02901758 -0.00876144
v 0.07880180 -0.02745709 -0.00871650
v 0.07880180 -0.00544205 -0.00714726
v 0.07884829 0.01662906 -0.00601433
v 0.07838350 -0.04947213 -0.00953296
v 0.07842998 -0.04790230 -0.00949551
v 0.07887927 -0.00386287 -0.00808731
v 0.05277404 -0.06205883 -0.00617725
v 0.05435429 -0.06205883 -0.00628586
v 0.05749931 -0.06205883 -0.00650308
v 0.06693438 -0.06047966 -0.00699371
v 0.07244979 -0.05970408 -0.00730081
v 0.07348780 -0.05933966 -0.00738133
v 0.07322443 -0.06205883 -0.00809667
v 0.07415399 -0.06304932 -0.00877081
v 0.07469623 -0.05885376 -0.00769593
v 0.07646240 -0.05736803 -0.00836445
v 0.07887927 0.01027497 -0.01595225
v 0.07880180 -0.02745709 -0.01711888
v 0.07880180 -0.02901758 -0.01710952
v 0.07870885 0.01027497 -0.01808140
v 0.07849195 0.01501251 -0.01909635
v 0.07887927 -0.05104197 -0.01595038
v 0.07709761 0.01659168 -0.02141839
v 0.07630748 0.01659168 -0.02181538
v 0.07773281 0.01027497 -0.02056073
v 0.07771732 0.00872383 -0.02056635
v 0.07770182 0.00399564 -0.02051392
v 0.07768633 0.00085597 -0.02047085
v 0.07847646 0.01027497 -0.01909635
v 0.07846096 0.00557482 -0.01909635
v 0.07480468 0.01027497 -0.02242959
v 0.07478919 0.01344267 -0.02247079
v 0.07478919 0.01501251 -0.02248577
v 0.07258923 -0.00386287 -0.02308126
v 0.07150473 -0.01959858 -0.02323669
v 0.07007940 -0.01959858 -0.02345016
v 0.07007940 -0.01801940 -0.02344829
v 0.07258923 -0.00072320 -0.02307751
v 0.07254275 0.00242581 -0.02305504
v 0.07246528 0.00524777 -0.02303632
v 0.07241881 0.00629432 -0.02303070
v 0.07231036 0.00714465 -0.02302508
v 0.07111742 0.01027497 -0.02304568
v 0.06694988 0.01027497 -0.02326103
v 0.06535413 0.01187284 -0.02332095
v 0.06693438 0.01344267 -0.02321796
v 0.06378936 0.01027497 -0.02342207
v 0.06222460 0.01027497 -0.02345578
v 0.06219361 0.01187284 -0.02341458
v 0.06377387 0.01344267 -0.02331908
v 0.06535413 0.01501251 -0.02320485
v 0.06835971 0.01801201 -0.02298575
v 0.06377387 0.01501251 -0.02322732
v 0.06219361 0.01501251 -0.02324605
v -0.07463810 0.01816152 -0.02075923
v -0.07463810 0.01501251 -0.02076859
v -0.07463810 0.01344267 -0.02077046
v -0.07463810 0.01029366 -0.02077234
v -0.07463810 0.00557482 -0.02077234
v -0.07305784 0.01816152 -0.02102326
v -0.07070294 0.00796694 -0.02145771
v -0.07071843 0.00714465 -0.02146146
v -0.07686904 0.00714465 -0.01979858
v -0.07778312 0.01027497 -0.01909635
v -0.07778312 0.01344267 -0.01912819
v -0.07778312 0.01501251 -0.01914317
v -0.07778312 0.01659168 -0.01915628
v -0.07609441 0.00872383 -0.02025175
v -0.07603244 0.00085597 -0.02022741
v -0.07863522 0.01344267 -0.01839787
v -0.07863522 0.01501251 -0.01840536
v -0.07463810 0.00399564 -0.02077046
v -0.07463810 -0.00229304 -0.02075361
v -0.07463810 -0.00858172 -0.02073488
v -0.07463810 -0.02116841 -0.02069181
v -0.07937887 -0.03373643 -0.01437926
v -0.07934789 -0.02901758 -0.01437926
v -0.07934789 -0.01487974 -0.01281002
v -0.07937887 -0.01959858 -0.01281002
v -0.07494795 -0.05733999 -0.00579336
v -0.07350713 -0.05923687 -0.00575029
v -0.07307333 -0.05733999 -0.00563419
v -0.07307333 -0.05420032 -0.00549187
v -0.07307333 -0.04947213 -0.00528401
v -0.07149307 -0.04318346 -0.00490200
v -0.07149307 -0.04160428 -0.00484021
v -0.07149307 -0.04003445 -0.00478403
v -0.07927042 -0.05104197 -0.01437926
v -0.07902254 -0.04947213 -0.01595038
v -0.07883663 -0.02272890 -0.01713199
v -0.07894507 -0.05262115 -0.01281002
v -0.07866621 -0.05371442 -0.01281002
v -0.07759721 -0.05733999 -0.00966029
v -0.07697749 -0.05961998 -0.00966029
v -0.07719439 -0.05883507 -0.00966029
v -0.07671412 -0.06047966 -0.00966029
v -0.07595498 -0.06190933 -0.00966029
v -0.07580005 -0.06166638 -0.00808731
v -0.07466908 -0.06249802 -0.00800116
v -0.07372402 -0.06277834 -0.00741878
v -0.07463810 -0.06171310 -0.00696187
v -0.07463810 -0.06047966 -0.00638324
v -0.06992831 -0.04003445 -0.00467916
v -0.06676779 -0.04003445 -0.00457804
v -0.05891299 -0.04947213 -0.00478590
v -0.05104268 -0.05891917 -0.00499376
v -0.04789766 -0.06205883 -0.00505181
v -0.04946243 -0.05891917 -0.00495631
v -0.04789766 -0.06047966 -0.00498814
v -0.04630191 -0.06205883 -0.00502372
v -0.04473714 -0.06205883 -0.00501623
v -0.03530208 -0.06205883 -0.00502560
v -0.03214156 -0.06047966 -0.00499376
v -0.03530208 -0.06047966 -0.00499002
v 0.06219361 0.01344267 -0.02333406
v 0.06062884 0.01344267 -0.02332844
v -0.02114173 0.02131053 -0.02210750
v -0.02272199 0.02131053 -0.02208878
v -0.02586701 0.02131053 -0.02204758
v -0.02743178 0.02131053 -0.02202698
v -0.05104268 0.02265610 -0.02155696
v -0.03215706 0.02131053 -0.02196331
v -0.06992831 0.01973135 -0.02134910
v -0.07050154 0.00901350 -0.02145396
v -0.06834805 0.02131053 -0.02136221
v -0.04160761 0.02131053 -0.02181912
v -0.04789766 0.02131053 -0.02172175
v -0.06263123 0.02184315 -0.02145396
v -0.01799671 0.02131053 -0.02214308
v 0.05906408 0.01501251 -0.02323107
v 0.03467854 0.01421824 -0.02303070
v -0.00856164 0.01973135 -0.02232285
v 0.00713248 0.01816152 -0.02256067
v 0.05748382 0.01344267 -0.02329848
v 0.05117829 0.01344267 -0.02323669
v 0.06062884 0.01187284 -0.02340335
v -0.03214156 -0.06205883 -0.00502934
v -0.04473714 -0.06363801 -0.00511361
v -0.04315689 -0.06363801 -0.00511735
v -0.03214156 -0.06363801 -0.00516417
v 0.03704892 -0.06326424 -0.00569224
v -0.02428675 -0.06363801 -0.00521098
v -0.00069134 -0.06363801 -0.00540573
v 0.02953496 -0.06438555 -0.00573157
v 0.03074339 -0.06433883 -0.00573719
v 0.03074339 -0.06355391 -0.00566228
v 0.03546867 -0.06333900 -0.00568475
v -0.04315689 -0.06482473 -0.00546379
v -0.04001186 -0.06481539 -0.00547689
v -0.00069134 -0.06460047 -0.00561921
v 0.01974356 -0.06447899 -0.00569412
v 0.02849694 -0.06442293 -0.00572782
v 0.06378936 -0.06676833 -0.00826895
v 0.06535413 -0.06672161 -0.00832513
v 0.04490373 -0.06519850 -0.00655551
v 0.05749931 -0.06594604 -0.00731954
v 0.03546867 -0.06413326 -0.00575966
v 0.05119378 -0.06363801 -0.00623530
v 0.06064434 -0.06489949 -0.00721093
v 0.06693438 -0.06657211 -0.00839067
v 0.06693438 -0.06519850 -0.00776709
v 0.06535413 -0.06519850 -0.00763601
v 0.07838350 -0.05272393 -0.00979887
v 0.07794971 -0.05576082 -0.00966029
v 0.07872434 -0.05331262 -0.01048049
v 0.07601311 -0.05891917 -0.00852362
v 0.07573425 -0.06001245 -0.00874272
v 0.07705113 -0.05791934 -0.00935506
v 0.07740746 -0.05736803 -0.00979138
v 0.07880180 -0.05272393 -0.01109471
v 0.07883280 -0.05104197 -0.01123703
v 0.07878631 -0.04947213 -0.01032132
v 0.07873983 -0.05226607 -0.01041683
v 0.07880180 -0.04790230 -0.01028200
v 0.07886378 -0.04790230 -0.01123703
v 0.07887927 -0.04475329 -0.01123703
v 0.07887927 -0.02430808 -0.00966029
v 0.05277404 -0.06363801 -0.00635702
v 0.06378936 -0.06205883 -0.00698621
v 0.06612876 -0.06283441 -0.00730268
v 0.06693438 -0.06363801 -0.00750305
v 0.07007940 -0.06363801 -0.00785510
v 0.07306950 -0.06033015 -0.00756672
v 0.07165966 -0.06205883 -0.00774275
v 0.07314696 -0.06359129 -0.00863223
v 0.07165966 -0.06363801 -0.00821464
v 0.07432441 -0.06330162 -0.00966029
v 0.07548636 -0.06106835 -0.00934757
v 0.07443286 -0.06205883 -0.00858916
v 0.07257373 -0.06447899 -0.00881762
v 0.07359625 -0.06409588 -0.00966029
v 0.07489764 -0.06051703 -0.00836258
v 0.07880180 -0.05104197 -0.01693162
v 0.07867787 -0.01487974 -0.01795032
v 0.07866237 -0.02430808 -0.01791661
v 0.07887927 -0.05262115 -0.01281002
v 0.07886378 -0.05262115 -0.01595038
v 0.07880180 -0.05262115 -0.01690728
v 0.07700465 0.01027497 -0.02136783
v 0.07616804 0.00714465 -0.02174796
v 0.07623002 0.01027497 -0.02176294
v 0.07480468 -0.00858172 -0.02216743
v 0.07480468 0.00242581 -0.02232098
v 0.07480468 0.00714465 -0.02238652
v 0.07842998 0.00085597 -0.01909635
v 0.07841449 -0.00072320 -0.01909635
v 0.07836801 -0.00544205 -0.01909635
v 0.07829055 -0.01174007 -0.01909635
v 0.07767084 -0.00072320 -0.02044837
v 0.07695817 0.00714465 -0.02133974
v 0.07822858 -0.01645892 -0.01909635
v 0.07808914 -0.02588726 -0.01909635
v 0.07864688 -0.02901758 -0.01789414
v 0.07322443 -0.03531560 -0.02244270
v 0.07322443 -0.02901758 -0.02252884
v 0.07337935 -0.00386287 -0.02280973
v 0.07339485 -0.00229304 -0.02282096
v 0.07255824 -0.00544205 -0.02307377
v 0.07252725 -0.00701188 -0.02306440
v 0.07229486 -0.01959858 -0.02298014
v 0.07221740 -0.02272890 -0.02295954
v 0.07147375 -0.02116841 -0.02322358
v 0.07007940 -0.02116841 -0.02344080
v 0.06849915 -0.02745709 -0.02346327
v 0.06849915 -0.01645892 -0.02346327
v 0.06849915 -0.01487974 -0.02346140
v 0.06849915 -0.01330056 -0.02345765
v 0.06378936 0.00714465 -0.02344454
v 0.06535413 0.00242581 -0.02343518
v 0.07007940 -0.01487974 -0.02342582
v 0.07165966 -0.00229304 -0.02318051
v 0.07165966 -0.00072320 -0.02316365
v 0.06693438 0.00714465 -0.02330410
v 0.06535413 0.00872383 -0.02336402
v 0.06535413 0.00557482 -0.02340522
v 0.06693438 -0.00072320 -0.02340709
v 0.07007940 -0.01330056 -0.02341084
v 0.06378936 0.00557482 -0.02345391
v 0.06378936 0.00399564 -0.02346140
v 0.06220910 0.00872383 -0.02346140
v 0.06219361 0.01029366 -0.02345578
v -0.07074942 0.00557482 -0.02146333
v -0.07078041 0.00242581 -0.02147082
v -0.07088885 -0.00701188 -0.02148954
v -0.07102829 -0.01959858 -0.02151389
v -0.07307333 -0.00701188 -0.02111502
v -0.07307333 -0.02272890 -0.02116184
v -0.07307333 -0.03059676 -0.02117120
v -0.07462260 0.01027497 -0.02077608
v -0.07307333 -0.03216659 -0.02117120
v -0.06834805 -0.02272890 -0.02184721
v -0.06834805 -0.02430808 -0.02186219
v -0.06834805 -0.02745709 -0.02188841
v -0.06834805 -0.03059676 -0.02191275
v -0.06834805 -0.03373643 -0.02193523
v -0.06834805 -0.03688544 -0.02195582
v -0.06834805 -0.03845527 -0.02196519
v -0.06992831 -0.02588726 -0.02172175
v -0.07680707 -0.00072320 -0.01976113
v -0.07597047 -0.00701188 -0.02019370
v -0.07674511 -0.00858172 -0.01971619
v -0.07666764 -0.01801940 -0.01965439
v -0.07861972 0.01027497 -0.01836978
v -0.07463810 -0.02901758 -0.02065436
v -0.07463810 -0.03059676 -0.02064500
v -0.07463810 -0.03531560 -0.02061129
v -0.07307333 -0.03531560 -0.02116745
v -0.07307333 -0.03845527 -0.02115809
v -0.07307333 -0.04475329 -0.02113749
v -0.07307333 -0.04790230 -0.02112439
v -0.07449866 -0.05878835 -0.00593943
v -0.07301136 -0.06045162 -0.00585329
v -0.07180293 -0.06095622 -0.00574655
v -0.07245362 -0.05990966 -0.00571846
v -0.07897605 -0.05262115 -0.01437926
v -0.07888310 -0.05107000 -0.01610018
v -0.07877464 -0.05262115 -0.01565825
v -0.07875915 -0.03373643 -0.01698218
v -0.07872817 -0.03688544 -0.01693911
v -0.07865072 -0.04475329 -0.01682863
v -0.07858873 -0.05055607 -0.01674811
v -0.07857325 -0.05160263 -0.01672751
v -0.07843381 -0.05449934 -0.01437926
v -0.07720989 -0.05877900 -0.01123703
v -0.07601694 -0.06205883 -0.01437926
v -0.07558315 -0.06300260 -0.01437926
v -0.07696200 -0.05956392 -0.01123703
v -0.07666764 -0.06047966 -0.01123703
v -0.07550569 -0.06291850 -0.01281002
v -0.07544372 -0.06285309 -0.01193364
v -0.07518034 -0.06269424 -0.00966029
v -0.07414233 -0.06303064 -0.00846557
v -0.06927761 -0.06607686 -0.00871837
v -0.07268601 -0.06305867 -0.00710419
v -0.06819312 -0.06629178 -0.00815097
v -0.07065647 -0.06439490 -0.00733826
v -0.07315079 -0.06217097 -0.00666413
v -0.07149307 -0.05576082 -0.00548438
v -0.07149307 -0.05733999 -0.00555929
v -0.06205801 -0.05420032 -0.00511174
v -0.06992831 -0.05891917 -0.00558551
v -0.05104268 -0.06205883 -0.00514544
v -0.04630191 -0.06363801 -0.00512672
v -0.04789766 -0.06363801 -0.00516791
v -0.01641645 0.01973135 -0.02223109
v -0.01957697 0.01973135 -0.02219364
v -0.02272199 0.01973135 -0.02215619
v -0.02586701 0.01973135 -0.02211312
v -0.03059229 0.01973135 -0.02204571
v -0.06978887 0.01176071 -0.02144085
v -0.07019168 0.01027497 -0.02144835
v -0.06834805 0.01973135 -0.02138093
v -0.06047775 0.01187284 -0.02163186
v -0.06757341 0.01425562 -0.02145958
v -0.03372182 0.01659168 -0.02204009
v -0.05104268 0.00872383 -0.02184721
v -0.05104268 0.00714465 -0.02186968
v -0.03686684 -0.00701188 -0.02232098
v -0.04001186 -0.00544205 -0.02224233
v -0.05104268 0.00399564 -0.02191275
v -0.03215706 0.01973135 -0.02202136
v 0.01500278 0.01501251 -0.02274794
v 0.05117829 0.01187284 -0.02329286
v 0.04962902 0.01187284 -0.02327226
v 0.05749931 0.01027497 -0.02340522
v 0.06062884 0.01029366 -0.02344454
v -0.04630191 -0.06484342 -0.00546753
v -0.04473714 -0.06483408 -0.00546004
v -0.04315689 -0.06561899 -0.00601059
v -0.02743178 -0.06553490 -0.00608175
v -0.00225611 -0.06539473 -0.00620346
v 0.02603360 -0.06522653 -0.00635889
v 0.04333897 -0.06519850 -0.00652368
v 0.06378936 -0.06755325 -0.00892061
v 0.05591906 -0.06597407 -0.00731017
v 0.06144996 -0.06756259 -0.00887380
v 0.06544708 -0.06750653 -0.00952921
v 0.06849915 -0.06628243 -0.00858542
v 0.06849915 -0.06519850 -0.00803862
v 0.06378936 -0.06418933 -0.00733826
v 0.06295275 -0.06439490 -0.00730456
v 0.06191474 -0.06464719 -0.00726336
v 0.07819759 -0.05576082 -0.01123703
v 0.07864688 -0.05415361 -0.01109471
v 0.07878631 -0.05360229 -0.01152728
v 0.07715958 -0.05813425 -0.01040559
v 0.05435429 -0.06363801 -0.00648435
v 0.06234854 -0.06377818 -0.00715287
v 0.07378217 -0.06424539 -0.01123703
v 0.07440187 -0.06346982 -0.01123703
v 0.07559481 -0.06128326 -0.01039810
v 0.07514552 -0.06190933 -0.00978763
v 0.07280612 -0.06458178 -0.00966029
v 0.06944420 -0.06606752 -0.00878953
v 0.07880180 -0.05368639 -0.01281002
v 0.07880180 -0.05357426 -0.01595038
v 0.07877082 -0.05349950 -0.01683987
v 0.07847646 -0.05262115 -0.01769565
v 0.07849195 -0.05104197 -0.01771812
v 0.07852294 -0.04790230 -0.01773310
v 0.07863138 -0.03216659 -0.01786043
v 0.07568777 -0.02272890 -0.02152325
v 0.07480468 -0.02116841 -0.02198953
v 0.07756239 -0.01174007 -0.02028733
v 0.07746943 -0.01959858 -0.02017123
v 0.07728352 -0.03216659 -0.01998771
v 0.07644691 -0.02430808 -0.02089031
v 0.07796520 -0.03216659 -0.01909635
v 0.07322443 -0.03688544 -0.02241461
v 0.07440187 -0.04947213 -0.02171238
v 0.07437089 -0.05104197 -0.02169740
v 0.07322443 -0.01645892 -0.02269737
v 0.07334837 -0.00544205 -0.02280037
v 0.07322443 -0.04160428 -0.02232098
v 0.07322443 -0.04790230 -0.02218615
v 0.07181459 -0.03216659 -0.02289587
v 0.07142727 -0.02272890 -0.02320110
v 0.07007940 -0.02745709 -0.02334904
v 0.06693438 -0.04475329 -0.02336028
v 0.06849915 -0.03059676 -0.02343518
v 0.06535413 -0.04790230 -0.02344454
v 0.06693438 -0.03845527 -0.02345016
v 0.06849915 -0.02901758 -0.02345391
v 0.06693438 -0.03688544 -0.02346140
v 0.06535413 -0.04475329 -0.02346327
v 0.06693438 -0.01016089 -0.02346327
v 0.06693438 -0.00858172 -0.02346140
v 0.07007940 -0.00386287 -0.02328725
v 0.06378936 0.00242581 -0.02346327
v 0.06220910 0.00714465 -0.02346327
v 0.05906408 0.00399564 -0.02346327
v 0.06064434 0.00714465 -0.02346140
v 0.05906408 0.00557482 -0.02345952
v 0.06064434 0.00872383 -0.02345391
v -0.06992831 -0.03373643 -0.02174984
v -0.06992831 -0.03688544 -0.02175920
v -0.07200433 -0.04160428 -0.02140715
v -0.07201982 -0.04475329 -0.02141089
v -0.07200433 -0.04790230 -0.02141651
v -0.06676779 -0.03531560 -0.02201762
v -0.06676779 -0.03845527 -0.02204571
v -0.06676779 -0.04003445 -0.02204945
v -0.06676779 -0.04160428 -0.02204758
v -0.06676779 -0.04790230 -0.02203634
v -0.06834805 -0.04003445 -0.02196144
v -0.06992831 -0.04003445 -0.02176294
v -0.06992831 -0.03845527 -0.02176294
v -0.07583103 -0.02430808 -0.02010943
v -0.07573808 -0.03531560 -0.02005700
v -0.07572258 -0.03688544 -0.02004951
v -0.07558315 -0.05104197 -0.01997835
v -0.07659018 -0.02745709 -0.01957949
v -0.07556766 -0.05262115 -0.01996899
v -0.07860422 0.00872383 -0.01835293
v -0.07649722 -0.03845527 -0.01947649
v -0.07736481 -0.03373643 -0.01873869
v -0.07734932 -0.03531560 -0.01872371
v -0.07307333 -0.04947213 -0.02111502
v -0.07463810 -0.04318346 -0.02053639
v -0.07135364 -0.06190933 -0.00600871
v -0.06992831 -0.06214293 -0.00587763
v -0.07074942 -0.06127392 -0.00572782
v -0.07135364 -0.06045162 -0.00570535
v -0.07861972 -0.05358360 -0.01530995
v -0.07844930 -0.05262115 -0.01644662
v -0.07821691 -0.05414426 -0.01588296
v -0.07858873 0.00714465 -0.01833046
v -0.07817043 -0.03216659 -0.01779115
v -0.07719439 -0.04947213 -0.01855143
v -0.07717890 -0.05104197 -0.01852708
v -0.07713242 -0.05262115 -0.01848963
v -0.07707045 -0.05363032 -0.01841473
v -0.07655919 -0.06047966 -0.01437926
v -0.07553667 -0.06297457 -0.01535863
v -0.07463810 -0.06360063 -0.01437926
v -0.07463810 -0.06346982 -0.01281002
v -0.07440570 -0.06317080 -0.00966029
v -0.07223672 -0.06439490 -0.00903859
v -0.06944803 -0.06617030 -0.00966029
v -0.06834805 -0.06677768 -0.00966029
v -0.06624104 -0.06765604 -0.00867718
v -0.06676779 -0.06704866 -0.00812663
v -0.06757341 -0.06599276 -0.00729332
v -0.06960296 -0.06466588 -0.00707610
v -0.07149307 -0.06337638 -0.00685513
v -0.06862692 -0.06572178 -0.00766971
v -0.07005225 -0.06376883 -0.00665664
v -0.05575247 -0.06205883 -0.00529338
v -0.04789766 -0.06483408 -0.00549000
v -0.05891299 -0.06347916 -0.00558925
v -0.05260745 -0.06363801 -0.00535892
v -0.05575247 -0.06456309 -0.00568288
v -0.05417221 -0.06464719 -0.00564543
v -0.05260745 -0.06471260 -0.00560610
v -0.05104268 -0.06476867 -0.00556678
v -0.04946243 -0.06480604 -0.00552745
v -0.02901203 0.01659168 -0.02211686
v -0.03059229 0.01816152 -0.02207005
v 0.03546867 0.01027497 -0.02310186
v 0.02759837 0.01027497 -0.02299325
v 0.00242270 0.01344267 -0.02259813
v -0.05575247 0.00714465 -0.02178167
v -0.03057680 -0.01645892 -0.02256067
v -0.03530208 -0.01801940 -0.02248015
v -0.06205801 0.00242581 -0.02170302
v -0.03059229 0.01501251 -0.02211686
v -0.02899654 0.00399564 -0.02230226
v -0.03212607 0.01027497 -0.02215806
v -0.03530208 -0.00072320 -0.02225919
v -0.02585152 -0.01330056 -0.02260374
v -0.02428675 -0.01959858 -0.02271985
v -0.02585152 -0.01959858 -0.02269176
v -0.03530208 -0.01016089 -0.02239214
v -0.03844710 -0.00858172 -0.02231162
v 0.04962902 0.01029366 -0.02329661
v 0.05906408 0.01027497 -0.02342582
v 0.04804875 0.00872383 -0.02329848
v -0.01956147 -0.01801940 -0.02276292
v 0.02759837 0.00085597 -0.02313369
v 0.05906408 0.00872383 -0.02344080
v 0.05749931 0.00872383 -0.02342395
v 0.05277404 -0.00229304 -0.02345765
v 0.05277404 -0.00072320 -0.02344829
v -0.05260745 -0.06549752 -0.00596939
v -0.05104268 -0.06555358 -0.00597688
v -0.04946243 -0.06559096 -0.00598250
v -0.04789766 -0.06561899 -0.00598999
v -0.04630191 -0.06562834 -0.00599748
v -0.04789766 -0.06653473 -0.00677648
v -0.03530208 -0.06649735 -0.00683266
v -0.02585152 -0.06645998 -0.00687573
v -0.00854615 -0.06637588 -0.00696000
v -0.00069134 -0.06632916 -0.00699932
v 0.02130832 -0.06619834 -0.00711917
v 0.05486555 -0.06599276 -0.00730456
v 0.06378936 -0.06770276 -0.00970711
v 0.06498230 -0.06765604 -0.00996366
v 0.05591906 -0.06759063 -0.00884571
v 0.06693438 -0.06717948 -0.00966029
v 0.07858491 -0.05447131 -0.01281002
v 0.07745394 -0.05746147 -0.01113591
v 0.07810463 -0.05576082 -0.01281002
v 0.07849195 -0.05436852 -0.01595038
v 0.07715958 -0.05813425 -0.01054416
v 0.07299204 -0.06467522 -0.01123703
v 0.07305401 -0.06472195 -0.01281002
v 0.07305401 -0.06475932 -0.01437926
v 0.07382864 -0.06425473 -0.01281002
v 0.07435539 -0.06346982 -0.01281002
v 0.07525398 -0.06190933 -0.01116587
v 0.07384413 -0.06422670 -0.01437926
v 0.07559481 -0.06128326 -0.01059285
v 0.06958364 -0.06612358 -0.00966029
v 0.06849915 -0.06659080 -0.00966029
v 0.07773281 -0.05576082 -0.01752336
v 0.07719056 -0.05662983 -0.01835855
v 0.07740746 -0.05576082 -0.01858326
v 0.07836801 -0.05408819 -0.01742786
v 0.07763985 -0.05420032 -0.01883793
v 0.07768633 -0.05262115 -0.01890348
v 0.07562580 -0.02588726 -0.02148580
v 0.07720606 -0.03688544 -0.01991843
v 0.07630748 -0.04318346 -0.02044837
v 0.07519200 -0.04947213 -0.02114311
v 0.07703564 -0.04632313 -0.01977986
v 0.07433990 -0.05262115 -0.02167493
v 0.07322443 -0.05104197 -0.02211499
v 0.07165966 -0.03531560 -0.02286216
v 0.07127235 -0.02745709 -0.02313369
v 0.07007940 -0.02901758 -0.02331721
v 0.06693438 -0.04632313 -0.02333219
v 0.06535413 -0.05262115 -0.02337339
v 0.06535413 -0.05104197 -0.02339773
v 0.06378936 -0.05262115 -0.02345952
v 0.06535413 -0.04632313 -0.02345952
v 0.06378936 -0.05104197 -0.02346327
v 0.05435429 -0.00229304 -0.02346327
v 0.05591906 0.00085597 -0.02346140
v -0.07122969 -0.04318346 -0.02154759
v -0.07195786 -0.04947213 -0.02141464
v -0.06992831 -0.04318346 -0.02175358
v -0.06520303 -0.03531560 -0.02204945
v -0.06362277 -0.03845527 -0.02211125
v -0.04789766 -0.02901758 -0.02233971
v -0.06205801 -0.04003445 -0.02215619
v -0.06047775 -0.04160428 -0.02220113
v -0.04630191 -0.05104197 -0.02256067
v -0.05575247 -0.04632313 -0.02232660
v -0.05891299 -0.04475329 -0.02224795
v -0.06520303 -0.04003445 -0.02208691
v -0.06520303 -0.04790230 -0.02207754
v -0.06520303 -0.05262115 -0.02206818
v -0.06520303 -0.05420032 -0.02206443
v -0.06676779 -0.05104197 -0.02202698
v -0.06834805 -0.04160428 -0.02195582
v -0.07463810 -0.04947213 -0.02047272
v -0.07463810 -0.05104197 -0.02044276
v -0.07550569 -0.05363967 -0.01993528
v -0.07635778 -0.05262115 -0.01927800
v -0.07637328 -0.05104197 -0.01931545
v -0.07641976 -0.04632313 -0.01938099
v -0.07645074 -0.04318346 -0.01942031
v -0.07725637 -0.04318346 -0.01863569
v -0.07307333 -0.05104197 -0.02105884
v -0.06676779 -0.06519850 -0.00656862
v -0.06834805 -0.06363801 -0.00616976
v -0.06520303 -0.06519850 -0.00631208
v -0.06676779 -0.06363801 -0.00601433
v -0.06447487 -0.06286244 -0.00572782
v -0.06047775 -0.06330162 -0.00562670
v -0.07708595 -0.05840524 -0.01539047
v -0.07738031 -0.05417229 -0.01757954
v -0.07717890 -0.05576082 -0.01704772
v -0.07703947 -0.05665786 -0.01679492
v -0.07686904 -0.05770442 -0.01643725
v -0.07690003 -0.05467688 -0.01814320
v -0.07620286 -0.05415361 -0.01911321
v -0.07592399 -0.05576082 -0.01881359
v -0.07669862 -0.05891917 -0.01592978
v -0.07615638 -0.06047966 -0.01595038
v -0.07567610 -0.06190933 -0.01591105
v -0.07544372 -0.06129261 -0.01674811
v -0.07504090 -0.06233916 -0.01640917
v -0.07398740 -0.06296523 -0.01681739
v -0.07228320 -0.06441358 -0.01673313
v -0.07342966 -0.06422670 -0.01437926
v -0.07265503 -0.06461916 -0.01281002
v -0.07344516 -0.06417998 -0.01281002
v -0.07250010 -0.06455375 -0.01123703
v -0.07163251 -0.06485277 -0.00960224
v -0.07023816 -0.06570309 -0.00966029
v -0.07033112 -0.06579654 -0.01123703
v -0.06707765 -0.06737571 -0.00966029
v -0.06954099 -0.06619834 -0.01123703
v -0.06628752 -0.06767473 -0.00966029
v -0.06520303 -0.06780555 -0.00966029
v -0.06520303 -0.06770276 -0.00854984
v -0.06520303 -0.06727293 -0.00776334
v -0.06676779 -0.06620768 -0.00712666
v -0.06819312 -0.06519850 -0.00694876
v -0.05575247 -0.06534801 -0.00595815
v -0.05417221 -0.06544145 -0.00596377
v -0.05793694 -0.06437621 -0.00573719
v -0.05688344 -0.06447899 -0.00571097
v -0.05736371 -0.06375949 -0.00558176
v -0.05575247 -0.06363801 -0.00548813
v -0.06205801 -0.06519850 -0.00613043
v -0.05891299 -0.06519850 -0.00600497
v -0.02743178 0.00714465 -0.02227978
v -0.02743178 0.00399564 -0.02232660
v -0.02901203 0.01027497 -0.02221050
v 0.01343802 0.00872383 -0.02282096
v -0.02743178 -0.01959858 -0.02265992
v -0.02428675 -0.01645892 -0.02267490
v -0.02585152 -0.01174007 -0.02258127
v -0.02428675 -0.01801940 -0.02269737
v -0.02270650 -0.01801940 -0.02271985
v -0.01956147 -0.01959858 -0.02278164
v -0.02270650 -0.02116841 -0.02275730
v -0.02428675 -0.02116841 -0.02273483
v -0.02585152 -0.02272890 -0.02272172
v -0.02743178 -0.02272890 -0.02269176
v -0.02743178 -0.02116841 -0.02267678
v 0.01075778 -0.00858172 -0.02303632
v 0.01105214 -0.00777811 -0.02303070
v -0.01799671 -0.01487974 -0.02273857
v 0.05119378 0.00557482 -0.02337900
v 0.04175871 -0.01801940 -0.02345952
v 0.04019395 -0.01959858 -0.02345765
v 0.03861369 -0.02116841 -0.02345391
v 0.03704892 -0.02272890 -0.02345016
v 0.03232364 -0.02901758 -0.02344829
v 0.03074339 -0.02901758 -0.02343143
v 0.04962902 -0.00229304 -0.02342582
v -0.06205801 -0.06656276 -0.00680831
v -0.06047775 -0.06656276 -0.00678210
v -0.05731723 -0.06655342 -0.00674465
v -0.05417221 -0.06654408 -0.00675214
v -0.04001186 -0.06730096 -0.00777458
v -0.03530208 -0.06728227 -0.00778207
v -0.03057680 -0.06726358 -0.00779331
v 0.06378936 -0.06785227 -0.01123703
v 0.05906408 -0.06772145 -0.00966029
v 0.06519920 -0.06770276 -0.01123703
v 0.06598933 -0.06752522 -0.01123703
v 0.04804875 -0.06760932 -0.00881762
v 0.06693438 -0.06721686 -0.01123703
v 0.07799618 -0.05576082 -0.01437926
v 0.07681874 -0.05876031 -0.01113591
v 0.07500609 -0.06205883 -0.01437926
v 0.07489764 -0.06205883 -0.01595038
v 0.07733000 -0.05691950 -0.01595038
v 0.07787224 -0.05576082 -0.01595038
v 0.07590467 -0.06061982 -0.01116587
v 0.07165966 -0.06528260 -0.01123703
v 0.07165966 -0.06536670 -0.01281002
v 0.07165966 -0.06543211 -0.01437926
v 0.07302302 -0.06478736 -0.01595038
v 0.07430892 -0.06343244 -0.01437926
v 0.07509905 -0.06205883 -0.01281002
v 0.07381315 -0.06415195 -0.01595038
v 0.06967659 -0.06616096 -0.01123703
v 0.06849915 -0.06662817 -0.01123703
v 0.07052869 -0.06586194 -0.01281002
v 0.07725254 -0.05676065 -0.01752336
v 0.07426244 -0.06336703 -0.01595038
v 0.07416948 -0.06316146 -0.01698593
v 0.07550185 -0.05958261 -0.01816567
v 0.07581171 -0.05853606 -0.01848963
v 0.07632297 -0.05577016 -0.01940159
v 0.07578073 -0.05524688 -0.02000269
v 0.07677226 -0.05420032 -0.01962443
v 0.07691170 -0.05262115 -0.01968810
v 0.07694268 -0.05104197 -0.01971432
v 0.07516102 -0.05104197 -0.02112064
v 0.07513003 -0.05262115 -0.02109630
v 0.07421596 -0.05375180 -0.02159254
v 0.07322443 -0.05262115 -0.02206631
v 0.07165966 -0.05262115 -0.02237341
v 0.07165966 -0.05104197 -0.02242023
v 0.07165966 -0.04003445 -0.02273857
v 0.07165966 -0.03688544 -0.02282471
v 0.07111742 -0.03059676 -0.02308688
v 0.07007940 -0.03059676 -0.02327601
v 0.06693438 -0.04790230 -0.02329473
v 0.07094700 -0.03346544 -0.02304568
v 0.06693438 -0.05104197 -0.02320485
v 0.06676396 -0.05420032 -0.02313556
v 0.06535413 -0.05420032 -0.02330410
v 0.06378936 -0.05420032 -0.02337713
v 0.06220910 -0.05420032 -0.02339211
v 0.06064434 -0.05420032 -0.02340522
v 0.05435429 -0.05420032 -0.02345391
v 0.05277404 -0.05420032 -0.02346140
v 0.06220910 -0.05262115 -0.02346327
v 0.04175871 -0.01959858 -0.02346327
v 0.03546867 -0.02745709 -0.02346140
v -0.07184940 -0.05104197 -0.02138281
v -0.06992831 -0.04475329 -0.02174422
v -0.06992831 -0.04790230 -0.02171238
v -0.06834805 -0.05420032 -0.02186219
v -0.06992831 -0.05262115 -0.02165433
v -0.07088885 -0.05262115 -0.02149891
v -0.06834805 -0.04318346 -0.02194646
v -0.06834805 -0.04790230 -0.02191837
v -0.05260745 -0.03373643 -0.02228915
v -0.04315689 -0.02901758 -0.02243521
v -0.04159212 -0.04160428 -0.02257565
v -0.04315689 -0.05104197 -0.02262622
v -0.04473714 -0.05104197 -0.02259438
v -0.04159212 -0.05420032 -0.02267865
v -0.04473714 -0.05262115 -0.02260187
v -0.04315689 -0.05420032 -0.02264120
v -0.04630191 -0.05262115 -0.02256255
v -0.05260745 -0.05262115 -0.02239776
v -0.04473714 -0.05420032 -0.02260000
v -0.05575247 -0.05576082 -0.02230787
v -0.06520303 -0.05576082 -0.02205882
v -0.06676779 -0.05420032 -0.02200825
v -0.07463810 -0.05262115 -0.02034913
v -0.07307333 -0.05262115 -0.02089406
v -0.07470006 -0.05417229 -0.02012254
v -0.07525780 -0.05468623 -0.01980982
v -0.07076491 -0.05352754 -0.02147644
v -0.06520303 -0.06648801 -0.00691131
v -0.06362277 -0.06519850 -0.00620159
v -0.06507909 -0.06347916 -0.00589261
v -0.06205801 -0.06391834 -0.00583831
v -0.07671412 -0.05576082 -0.01783609
v -0.07566061 -0.05702229 -0.01853270
v -0.07561414 -0.06047966 -0.01693162
v -0.07538174 -0.05806884 -0.01828364
v -0.07428176 -0.05891917 -0.01856453
v -0.07206630 -0.06257277 -0.01818440
v -0.07456063 -0.06190933 -0.01698780
v -0.07101280 -0.06324556 -0.01849525
v -0.07060999 -0.06429211 -0.01820874
v -0.06992831 -0.06546014 -0.01595038
v -0.07164800 -0.06475932 -0.01610393
v -0.07246912 -0.06448834 -0.01568259
v -0.06955648 -0.06470326 -0.01854955
v -0.06743398 -0.06596473 -0.01820312
v -0.06831707 -0.06576850 -0.01761700
v -0.06777482 -0.06606752 -0.01715633
v -0.07263953 -0.06458178 -0.01437926
v -0.07020718 -0.06578719 -0.01281002
v -0.06834805 -0.06673096 -0.01123703
v -0.06613259 -0.06760932 -0.01073891
v -0.06478472 -0.06765604 -0.01281002
v -0.06526500 -0.06770276 -0.01125014
v -0.06362277 -0.06785227 -0.00966029
v -0.06362277 -0.06780555 -0.01281002
v -0.06362277 -0.06785227 -0.01123703
v -0.06362277 -0.06770276 -0.00852550
v -0.06362277 -0.06733834 -0.00773900
v -0.06362277 -0.06655342 -0.00683828
v -0.02428675 -0.00701188 -0.02253446
v -0.02428675 -0.01330056 -0.02262809
v -0.01799671 -0.01959858 -0.02280037
v -0.02270650 -0.02272890 -0.02276666
v -0.03372182 -0.04318346 -0.02274044
v -0.02743178 -0.02745709 -0.02273108
v -0.02114173 -0.02116841 -0.02277603
v -0.03530208 -0.04475329 -0.02272546
v -0.03530208 -0.03845527 -0.02267303
v -0.02899654 -0.02430808 -0.02267490
v 0.03388841 -0.02901758 -0.02345952
v 0.03232364 -0.03059676 -0.02345391
v 0.03074339 -0.03059676 -0.02344080
v 0.02917862 -0.03059676 -0.02342395
v 0.02603360 -0.02901758 -0.02337713
v 0.01658304 -0.02745709 -0.02325728
v 0.00085793 -0.02430808 -0.02305317
v -0.06205801 -0.06734768 -0.00774275
v -0.05417221 -0.06733834 -0.00775211
v 0.06378936 -0.06785227 -0.01595038
v 0.04804875 -0.06774948 -0.00966029
v 0.04333897 -0.06775883 -0.00966029
v -0.02114173 -0.06783358 -0.00966029
v -0.03214156 -0.06784292 -0.00966029
v -0.05891299 -0.06785227 -0.00966029
v 0.06519920 -0.06770276 -0.01281002
v 0.06598933 -0.06752522 -0.01281002
v 0.03704892 -0.06762800 -0.00879141
v 0.07054418 -0.06587129 -0.01437926
v 0.06597383 -0.06752522 -0.01437926
v 0.06693438 -0.06720752 -0.01281002
v 0.06973856 -0.06616096 -0.01595038
v 0.07052869 -0.06587129 -0.01595038
v 0.07165966 -0.06544145 -0.01595038
v 0.07282162 -0.06466588 -0.01709079
v 0.07325541 -0.06365670 -0.01756456
v 0.07370470 -0.06241392 -0.01803459
v 0.07407653 -0.06136736 -0.01835293
v 0.07489764 -0.05900327 -0.01888475
v 0.07599762 -0.05420032 -0.02018059
v 0.07485116 -0.05747081 -0.01959821
v 0.07389061 -0.05479836 -0.02137906
v 0.07275965 -0.05576082 -0.02162999
v 0.07012588 -0.05890048 -0.02186219
v 0.06849915 -0.05891917 -0.02254757
v 0.07007940 -0.05733999 -0.02232285
v 0.07330189 -0.05423770 -0.02181912
v 0.07165966 -0.05420032 -0.02230413
v 0.07007940 -0.05576082 -0.02251573
v 0.07007940 -0.05420032 -0.02258315
v 0.06705832 -0.05259311 -0.02313931
v 0.06973856 -0.03845527 -0.02310560
v 0.07086953 -0.03451200 -0.02303070
v 0.06849915 -0.05576082 -0.02278539
v 0.06849915 -0.05733999 -0.02272172
v 0.06653157 -0.05576082 -0.02309249
v 0.06631468 -0.05676999 -0.02305317
v 0.06535413 -0.05693819 -0.02307190
v 0.06378936 -0.05576082 -0.02321796
v 0.05435429 -0.05576082 -0.02336028
v 0.05277404 -0.05576082 -0.02337900
v 0.05119378 -0.05576082 -0.02339586
v 0.04490373 -0.05576082 -0.02344454
v 0.04333897 -0.05576082 -0.02345391
v 0.04175871 -0.05576082 -0.02346140
v 0.05119378 -0.05420032 -0.02346327
v 0.03388841 -0.03059676 -0.02346327
v -0.06834805 -0.05104197 -0.02189590
v -0.06676779 -0.05576082 -0.02199889
v -0.06834805 -0.05576082 -0.02179665
v -0.03844710 -0.02901758 -0.02252884
v -0.04001186 -0.04947213 -0.02267490
v -0.03844710 -0.05262115 -0.02273108
v -0.04001186 -0.05420032 -0.02271235
v -0.04159212 -0.05576082 -0.02262247
v -0.05104268 -0.05576082 -0.02242023
v -0.05417221 -0.05576082 -0.02234907
v -0.06205801 -0.05733999 -0.02208691
v -0.06362277 -0.05733999 -0.02204571
v -0.06520303 -0.05733999 -0.02199702
v -0.07307333 -0.05420032 -0.02065436
v -0.07051703 -0.05457409 -0.02139779
v -0.06921564 -0.05663917 -0.02148205
v -0.07420430 -0.05539639 -0.02001580
v -0.07377050 -0.05645229 -0.01985101
v -0.07470006 -0.05586360 -0.01963566
v -0.07477753 -0.05746147 -0.01891284
v -0.06943254 -0.05576082 -0.02154759
v -0.07002126 -0.06372211 -0.01881734
v -0.06882833 -0.06588063 -0.01595038
v -0.06904522 -0.06595538 -0.01490921
v -0.06941705 -0.06610489 -0.01281002
v -0.06827059 -0.06352588 -0.01954578
v -0.06834805 -0.06500227 -0.01875367
v -0.06638047 -0.06605817 -0.01837727
v -0.06289461 -0.06758128 -0.01677245
v -0.06676779 -0.06683374 -0.01437926
v -0.06670582 -0.06733834 -0.01125014
v -0.06803820 -0.06616096 -0.01595038
v -0.06520303 -0.06704866 -0.01595038
v -0.06834805 -0.06652539 -0.01281002
v -0.06511007 -0.06733834 -0.01433993
v -0.06393262 -0.06742243 -0.01595038
v -0.06452135 -0.06759063 -0.01379501
v -0.06312700 -0.06764669 -0.01595038
v -0.06366925 -0.06769341 -0.01433993
v -0.06205801 -0.06778686 -0.01595038
v -0.06205801 -0.06784292 -0.01437926
v -0.06047775 -0.06785227 -0.01595038
v -0.05731723 -0.06770276 -0.00853299
v -0.03372182 -0.04475329 -0.02274981
v -0.02114173 -0.02272890 -0.02278539
v -0.03686684 -0.05262115 -0.02275355
v -0.03686684 -0.05104197 -0.02274419
v 0.01974356 -0.02901758 -0.02330410
v -0.03844710 -0.04632313 -0.02267865
v 0.03232364 -0.03216659 -0.02345765
v 0.03074339 -0.03216659 -0.02344454
v 0.02445334 -0.03216659 -0.02337713
v -0.05575247 -0.06770276 -0.00853486
v -0.04473714 -0.06770276 -0.00855171
v -0.03530208 -0.06770276 -0.00856856
v -0.02428675 -0.06769341 -0.00859665
v 0.06378936 -0.06770276 -0.01748030
v 0.06496681 -0.06765604 -0.01723686
v 0.06516821 -0.06770276 -0.01595038
v -0.01483620 -0.06768407 -0.00863036
v 0.06595834 -0.06751587 -0.01595038
v 0.06693438 -0.06719817 -0.01437926
v 0.06693438 -0.06717948 -0.01595038
v 0.06958364 -0.06609555 -0.01709454
v 0.07107094 -0.06454440 -0.01840536
v 0.07212445 -0.06415195 -0.01814133
v 0.06914984 -0.06590866 -0.01814694
v 0.07265120 -0.06310539 -0.01844843
v 0.07319344 -0.06195605 -0.01863944
v 0.07314696 -0.06043293 -0.01934916
v 0.07209346 -0.05763901 -0.02124236
v 0.07103995 -0.05836786 -0.02156632
v 0.06961462 -0.06013392 -0.02165995
v 0.06860760 -0.06058244 -0.02194646
v 0.06693438 -0.06047966 -0.02242023
v 0.06693438 -0.05891917 -0.02281535
v 0.07165966 -0.05576082 -0.02208691
v 0.06687241 -0.05731196 -0.02294268
v 0.06535413 -0.05772311 -0.02298950
v 0.05921901 -0.05748950 -0.02310747
v 0.06220910 -0.05716245 -0.02309624
v 0.05277404 -0.05733999 -0.02321983
v 0.05119378 -0.05733999 -0.02324230
v 0.04648399 -0.05733999 -0.02328912
v 0.04333897 -0.05733999 -0.02331721
v 0.04175871 -0.05420032 -0.02346327
v 0.04175871 -0.05733999 -0.02332282
v 0.04019395 -0.05733999 -0.02332282
v 0.04019395 -0.05576082 -0.02345952
v 0.03388841 -0.03216659 -0.02346327
v -0.06676779 -0.05733999 -0.02189590
v -0.06831707 -0.05723721 -0.02161875
v -0.03844710 -0.05420032 -0.02274044
v -0.04001186 -0.05576082 -0.02265431
v -0.05575247 -0.05733999 -0.02222173
v -0.05104268 -0.05891917 -0.02211874
v -0.05260745 -0.05891917 -0.02208316
v -0.05417221 -0.05891917 -0.02204009
v -0.05575247 -0.05891917 -0.02198766
v -0.05731723 -0.05891917 -0.02193335
v -0.06047775 -0.05891917 -0.02182287
v -0.06520303 -0.05875097 -0.02169366
v -0.06676779 -0.05859212 -0.02162812
v -0.06777482 -0.05836786 -0.02153823
v -0.06992831 -0.05891917 -0.02053826
v -0.07228320 -0.05812491 -0.01988472
v -0.07034661 -0.06085343 -0.01974427
v -0.06986634 -0.06202146 -0.01953267
v -0.06871987 -0.06251670 -0.01977986
v -0.06768186 -0.06292785 -0.01991656
v -0.06676779 -0.06380621 -0.01964503
v -0.06684526 -0.06534801 -0.01879112
v -0.06520303 -0.06612358 -0.01843720
v -0.06205801 -0.06704866 -0.01766943
v -0.06205801 -0.06764669 -0.01688481
v -0.06047775 -0.06770276 -0.01698780
v -0.05891299 -0.06770276 -0.01701027
v -0.05731723 -0.06770276 -0.01702900
v -0.03530208 -0.05262115 -0.02277228
v 0.00085793 -0.04003445 -0.02313744
v 0.03704892 -0.04475329 -0.02346140
v 0.03861369 -0.05262115 -0.02345765
v 0.03704892 -0.04947213 -0.02345391
v 0.03232364 -0.03531560 -0.02345016
v 0.03388841 -0.04318346 -0.02344267
v 0.02130832 -0.03688544 -0.02334530
v 0.02288858 -0.03531560 -0.02336402
v -0.03530208 -0.05420032 -0.02277603
v -0.02270650 -0.04947213 -0.02290336
v -0.01042077 -0.04475329 -0.02302695
v 0.01187325 -0.03688544 -0.02325167
v 0.06378936 -0.06755325 -0.01826492
v 0.06543159 -0.06745046 -0.01766381
v 0.06693438 -0.06698325 -0.01752336
v 0.06857661 -0.06632916 -0.01758329
v 0.07065264 -0.06266621 -0.01979109
v 0.06811183 -0.06615161 -0.01850274
v 0.06693438 -0.06557227 -0.01957949
v 0.06780198 -0.06447899 -0.01992217
v 0.06885548 -0.06411457 -0.01968810
v 0.06961462 -0.06306801 -0.02002517
v 0.07165966 -0.06043293 -0.02027422
v 0.06919632 -0.06118047 -0.02141089
v 0.07012588 -0.06058244 -0.02114311
v 0.07066813 -0.05942375 -0.02133599
v 0.06814282 -0.06157293 -0.02164122
v 0.06693438 -0.06188130 -0.02177231
v 0.06602031 -0.06283441 -0.02145396
v 0.06544708 -0.06220834 -0.02176107
v 0.06378936 -0.06205883 -0.02188841
v 0.06535413 -0.06047966 -0.02248202
v 0.06535413 -0.05891917 -0.02285842
v 0.05983872 -0.05812491 -0.02303070
v 0.05880070 -0.05817163 -0.02304006
v 0.05591906 -0.05828376 -0.02306253
v 0.05435429 -0.05833982 -0.02307377
v 0.05277404 -0.05838655 -0.02308313
v 0.04804875 -0.05844261 -0.02310186
v 0.05119378 -0.05841458 -0.02309249
v 0.04019395 -0.05420032 -0.02346140
v 0.04019395 -0.05262115 -0.02346327
v 0.04333897 -0.05847065 -0.02310935
v 0.04175871 -0.05847999 -0.02311122
v 0.04019395 -0.05848933 -0.02311122
v 0.03861369 -0.05733999 -0.02331346
v 0.03861369 -0.05847065 -0.02310747
v 0.02445334 -0.05828376 -0.02306440
v 0.01816330 -0.05819032 -0.02304381
v 0.03861369 -0.05576082 -0.02345016
v 0.03861369 -0.05420032 -0.02345391
v 0.03861369 -0.04790230 -0.02346327
v -0.03844710 -0.05576082 -0.02267865
v -0.03686684 -0.05420032 -0.02275917
v -0.04159212 -0.05733999 -0.02246704
v -0.04473714 -0.05733999 -0.02241648
v -0.05260745 -0.05733999 -0.02228353
v -0.04159212 -0.05891917 -0.02227791
v -0.04001186 -0.06047966 -0.02210563
v -0.04159212 -0.06047966 -0.02207380
v -0.04315689 -0.06047966 -0.02202886
v -0.04789766 -0.06047966 -0.02186594
v -0.06205801 -0.05891917 -0.02176669
v -0.05260745 -0.06040490 -0.02171988
v -0.06520303 -0.05954524 -0.02139591
v -0.06676779 -0.06047966 -0.02093712
v -0.06676779 -0.05937704 -0.02134535
v -0.05417221 -0.06030212 -0.02168804
v -0.05731723 -0.06008720 -0.02160752
v -0.06930860 -0.06147015 -0.01995026
v -0.07116773 -0.05891917 -0.02005887
v -0.06676779 -0.06205883 -0.02032666
v -0.06676779 -0.06302129 -0.01995401
v -0.06520303 -0.06391834 -0.01968810
v -0.06520303 -0.06519850 -0.01902520
v -0.06362277 -0.06619834 -0.01848588
v -0.06047775 -0.06709538 -0.01777242
v -0.05891299 -0.06715145 -0.01779489
v -0.05731723 -0.06720752 -0.01781362
v -0.05575247 -0.06723555 -0.01782298
v -0.05260745 -0.06728227 -0.01782860
v -0.05104268 -0.06730096 -0.01783235
v -0.00383636 -0.06745046 -0.01798777
v -0.02428675 -0.04947213 -0.02288651
v 0.03704892 -0.05420032 -0.02344080
v 0.03388841 -0.05262115 -0.02341645
v 0.03074339 -0.05104197 -0.02339211
v 0.00085793 -0.05104197 -0.02311871
v -0.03214156 -0.05420032 -0.02280598
v 0.02445334 -0.05576082 -0.02332095
v 0.01658304 -0.05576082 -0.02324230
v -0.00138851 -0.05651770 -0.02303070
v 0.05906408 -0.06697391 -0.01909635
v 0.06064434 -0.06696456 -0.01909635
v 0.06378936 -0.06691784 -0.01909635
v 0.06536962 -0.06658145 -0.01921246
v 0.06693438 -0.06639457 -0.01879486
v 0.06588088 -0.06588997 -0.01981356
v 0.06693438 -0.06477801 -0.02010569
v 0.06860760 -0.06207752 -0.02111315
v 0.06693438 -0.06266621 -0.02134535
v 0.06536962 -0.06530129 -0.02025175
v 0.06484287 -0.06607686 -0.01994090
v 0.06378936 -0.06614227 -0.01998210
v 0.06378936 -0.06519850 -0.02044276
v 0.05591906 -0.06400244 -0.02126483
v 0.05435429 -0.06327359 -0.02165433
v 0.06220910 -0.06205883 -0.02194271
v 0.06064434 -0.06205883 -0.02199327
v 0.05906408 -0.06205883 -0.02204384
v 0.05749931 -0.06205883 -0.02208316
v 0.05591906 -0.06205883 -0.02212061
v 0.05435429 -0.06205883 -0.02215245
v 0.06220910 -0.06047966 -0.02254195
v 0.06064434 -0.06047966 -0.02257004
v 0.05906408 -0.06047966 -0.02259063
v 0.05749931 -0.06047966 -0.02260936
v 0.05749931 -0.05901261 -0.02291272
v 0.04962902 -0.05843327 -0.02309624
v 0.05591906 -0.06047966 -0.02262060
v 0.05435429 -0.06047966 -0.02262809
v 0.04333897 -0.06205883 -0.02231162
v 0.04175871 -0.06205883 -0.02231536
v 0.04019395 -0.06205883 -0.02231724
v 0.03861369 -0.05925556 -0.02293332
v 0.03546867 -0.05733999 -0.02329286
v -0.00698139 -0.06047966 -0.02238652
v 0.01658304 -0.05815294 -0.02303632
v 0.02445334 -0.05733999 -0.02320860
v 0.03074339 -0.05733999 -0.02325728
v -0.01012641 -0.06047966 -0.02236405
v -0.01483620 -0.06047966 -0.02232660
v -0.02585152 -0.06047966 -0.02223297
v -0.03530208 -0.06047966 -0.02214870
v -0.03844710 -0.06047966 -0.02212061
v 0.02130832 -0.05733999 -0.02318238
v 0.03546867 -0.05576082 -0.02342207
v -0.03844710 -0.05733999 -0.02251386
v -0.04001186 -0.05733999 -0.02249139
v -0.00033501 -0.05659245 -0.02303632
v -0.03844710 -0.05891917 -0.02232098
v -0.04001186 -0.06189999 -0.02173111
v -0.04159212 -0.06186261 -0.02171238
v -0.04315689 -0.06180654 -0.02167868
v -0.04946243 -0.06141408 -0.02151389
v -0.04473714 -0.06171310 -0.02164122
v -0.04789766 -0.06151687 -0.02155696
v -0.06205801 -0.06413326 -0.01976862
v -0.05260745 -0.06205883 -0.02109255
v -0.05785948 -0.06439490 -0.01987161
v -0.05260745 -0.06546014 -0.01960570
v -0.05104268 -0.06554424 -0.01964877
v -0.04789766 -0.06572178 -0.01972555
v -0.05891299 -0.06637588 -0.01863008
v -0.05575247 -0.06645063 -0.01872558
v -0.05260745 -0.06649735 -0.01881921
v -0.05104268 -0.06650670 -0.01886041
v -0.04946243 -0.06651604 -0.01889786
v -0.04789766 -0.06651604 -0.01894093
v -0.04630191 -0.06652539 -0.01897276
v -0.04473714 -0.06653473 -0.01898774
v -0.01641645 -0.06662817 -0.01908137
v 0.00085793 -0.06670292 -0.01909635
v 0.01658304 -0.06677768 -0.01909635
v 0.00243819 -0.05420032 -0.02312433
v 0.00085793 -0.05664852 -0.02304381
v 0.05906408 -0.06620768 -0.02004389
v 0.05119378 -0.06617965 -0.02004764
v 0.05435429 -0.06618899 -0.02005326
v 0.05591906 -0.06619834 -0.02004951
v 0.06064434 -0.06619834 -0.02003453
v 0.06220910 -0.06617030 -0.02001019
v 0.04648399 -0.06434817 -0.02142400
v 0.06064434 -0.06519850 -0.02054762
v 0.04962902 -0.06345113 -0.02173486
v 0.04804875 -0.06350719 -0.02175733
v 0.04648399 -0.06356326 -0.02177605
v 0.05119378 -0.06205883 -0.02221050
v 0.04962902 -0.06205883 -0.02223858
v 0.04804875 -0.06205883 -0.02226480
v 0.04648399 -0.06205883 -0.02228540
v 0.04490373 -0.06205883 -0.02230226
v 0.04490373 -0.06359129 -0.02179103
v 0.04333897 -0.06359129 -0.02179665
v 0.04175871 -0.06359129 -0.02180040
v 0.03861369 -0.06205883 -0.02230787
v 0.04019395 -0.06358195 -0.02180040
v 0.03861369 -0.06358195 -0.02179665
v 0.02288858 -0.06350719 -0.02174984
v 0.02130832 -0.06349785 -0.02174422
v 0.03388841 -0.06205883 -0.02227978
v 0.01658304 -0.06205883 -0.02217679
v 0.01658304 -0.05733999 -0.02313744
v 0.01816330 -0.05733999 -0.02315429
v 0.00085793 -0.06205883 -0.02204571
v -0.04001186 -0.06268490 -0.02138281
v -0.04159212 -0.06265687 -0.02136970
v 0.01658304 -0.06345113 -0.02172924
v 0.01343802 -0.06341375 -0.02171238
v 0.00714798 -0.06332965 -0.02167868
v -0.00069134 -0.06321752 -0.02163561
v -0.02743178 -0.06286244 -0.02146333
v -0.04315689 -0.06259146 -0.02134910
v -0.04473714 -0.06249802 -0.02131352
v -0.04789766 -0.06230179 -0.02124049
v -0.06047775 -0.06422670 -0.01980982
v -0.04946243 -0.06363801 -0.02060380
v -0.04789766 -0.06363801 -0.02067871
v -0.04946243 -0.06485277 -0.02007198
v -0.04789766 -0.06493686 -0.02010943
v -0.04630191 -0.06500227 -0.02014689
v -0.04630191 -0.06578719 -0.01975738
v -0.04473714 -0.06582456 -0.01977236
v -0.04315689 -0.06584325 -0.01978173
v -0.04001186 -0.06587129 -0.01979484
v -0.02270650 -0.06595538 -0.01985101
v -0.01483620 -0.06598342 -0.01987536
v 0.04333897 -0.06438555 -0.02143898
v 0.04490373 -0.06438555 -0.02143898
v 0.04175871 -0.06519850 -0.02078544
v 0.04019395 -0.06519850 -0.02077795
v 0.03388841 -0.06434817 -0.02141464
v 0.02288858 -0.06429211 -0.02138655
v 0.01974356 -0.06347916 -0.02174047
v -0.04159212 -0.06363801 -0.02090716
v -0.04315689 -0.06363801 -0.02087533
v 0.01658304 -0.06423605 -0.02135846
v 0.01974356 -0.06426407 -0.02137344
v 0.01343802 -0.06419867 -0.02133974
v -0.00854615 -0.06389965 -0.02120865
v -0.04473714 -0.06363801 -0.02082290
v -0.04630191 -0.06363801 -0.02075361
v -0.04473714 -0.06503965 -0.02017872
v -0.04315689 -0.06505834 -0.02019745
f 1 2 7
f 1 7 3
f 1 3 4
f 1 4 5
f 1 5 8
f 1 8 2
f 2 6 7
f 2 8 6
f 3 9 10
f 3 10 4
f 3 7 27
f 3 27 62
f 3 62 119
f 3 119 207
f 3 207 138
f 3 138 75
f 3 75 35
f 3 35 9
f 4 10 11
f 4 11 5
f 5 11 12
f 5 12 13
f 5 13 14
f 5 14 15
f 5 15 16
f 5 16 29
f 5 29 8
f 6 17 7
f 6 8 17
f 7 18 19
f 7 19 20
f 7 20 21
f 7 21 22
f 7 22 23
f 7 23 24
f 7 24 25
f 7 25 26
f 7 26 27
f 7 17 28
f 7 28 18
f 8 29 30
f 8 30 66
f 8 66 31
f 8 31 32
f 8 32 17
f 9 33 34
f 9 34 10
f 9 35 73
f 9 73 33
f 10 34 11
f 11 34 36
f 11 36 12
f 12 36 37
f 12 37 38
f 12 38 39
f 12 39 13
f 13 40 41
f 13 41 42
f 13 42 14
f 13 39 40
f 14 42 43
f 14 43 15
f 15 43 44
f 15 44 45
f 15 45 16
f 16 45 46
f 16 46 47
f 16 47 64
f 16 64 29
f 17 32 48
f 17 48 28
f 18 49 19
f 18 28 49
f 19 49 50
f 19 50 20
f 20 50 51
f 20 51 21
f 21 51 22
f 22 51 23
f 23 51 52
f 23 52 53
f 23 53 24
f 24 53 25
f 25 54 55
f 25 55 26
f 25 53 56
f 25 56 54
f 26 55 57
f 26 57 58
f 26 58 59
f 26 59 60
f 26 60 61
f 26 61 27
f 27 61 62
f 28 48 49
f 29 63 30
f 29 64 63
f 30 65 66
f 30 63 67
f 30 67 68
f 30 68 65
f 31 69 70
f 31 70 71
f 31 71 72
f 31 72 48
f 31 48 32
f 31 66 69
f 33 73 34
f 34 73 74
f 34 74 36
f 35 75 73
f 36 74 76
f 36 76 37
f 37 76 38
f 38 76 77
f 38 77 78
f 38 78 79
f 38 79 80
f 38 80 39
f 39 80 81
f 39 81 40
f 40 81 82
f 40 82 41
f 41 82 83
f 41 83 84
f 41 84 85
f 41 85 42
f 42 85 86
f 42 86 87
f 42 87 43
f 43 87 88
f 43 88 44
f 44 88 89
f 44 89 90
f 44 90 45
f 45 90 91
f 45 91 92
f 45 92 93
f 45 93 94
f 45 94 46
f 46 94 47
f 47 94 95
f 47 95 122
f 47 122 64
f 48 72 96
f 48 96 50
f 48 50 49
f 50 96 97
f 50 97 52
f 50 52 51
f 52 97 53
f 53 98 56
f 53 97 98
f 54 99 57
f 54 57 55
f 54 56 99
f 56 98 100
f 56 100 101
f 56 101 102
f 56 102 99
f 57 103 104
f 57 104 58
f 57 99 103
f 58 105 106
f 58 106 107
f 58 107 108
f 58 108 109
f 58 109 59
f 58 104 105
f 59 109 202
f 59 202 110
f 59 110 111
f 59 111 112
f 59 112 113
f 59 113 60
f 60 113 114
f 60 114 115
f 60 115 116
f 60 116 61
f 61 116 117
f 61 117 62
f 62 117 118
f 62 118 119
f 63 64 120
f 63 120 121
f 63 121 67
f 64 122 123
f 64 123 120
f 65 124 125
f 65 125 66
f 65 68 121
f 65 121 126
f 65 126 124
f 66 125 69
f 67 121 68
f 69 127 70
f 69 125 127
f 70 128 129
f 70 129 130
f 70 130 131
f 70 131 71
f 70 127 128
f 71 131 132
f 71 132 96
f 71 96 72
f 73 75 133
f 73 133 134
f 73 134 135
f 73 135 74
f 74 135 136
f 74 136 137
f 74 137 76
f 75 138 139
f 75 139 133
f 76 137 140
f 76 140 141
f 76 141 142
f 76 142 143
f 76 143 77
f 77 143 144
f 77 144 145
f 77 145 146
f 77 146 78
f 78 147 79
f 78 146 148
f 78 148 149
f 78 149 147
f 79 147 150
f 79 150 151
f 79 151 152
f 79 152 80
f 80 152 81
f 81 152 82
f 82 153 83
f 82 152 153
f 83 153 84
f 84 153 85
f 85 154 155
f 85 155 156
f 85 156 87
f 85 87 86
f 85 153 154
f 87 157 88
f 87 156 158
f 87 158 157
f 88 157 159
f 88 159 89
f 89 159 160
f 89 160 161
f 89 161 162
f 89 162 90
f 90 162 163
f 90 163 164
f 90 164 165
f 90 165 91
f 91 165 92
f 92 165 166
f 92 166 167
f 92 167 168
f 92 168 169
f 92 169 93
f 93 169 94
f 94 169 170
f 94 170 171
f 94 171 172
f 94 172 173
f 94 173 174
f 94 174 175
f 94 175 176
f 94 176 95
f 95 176 122
f 96 132 177
f 96 177 100
f 96 100 97
f 97 100 98
f 99 102 178
f 99 178 179
f 99 179 103
f 100 177 180
f 100 180 181
f 100 181 101
f 101 182 183
f 101 183 102
f 101 181 182
f 102 183 184
f 102 184 178
f 103 185 186
f 103 186 187
f 103 187 188
f 103 188 104
f 103 179 189
f 103 189 185
f 104 188 190
f 104 190 191
f 104 191 105
f 105 191 192
f 105 192 193
f 105 193 194
f 105 194 106
f 106 195 107
f 106 194 196
f 106 196 195
f 107 197 108
f 107 195 197
f 108 197 198
f 108 198 199
f 108 199 200
f 108 200 201
f 108 201 109
f 109 201 202
f 110 202 328
f 110 328 203
f 110 203 204
f 110 204 111
f 111 114 113
f 111 113 112
f 111 204 114
f 114 204 115
f 115 205 116
f 115 204 206
f 115 206 205
f 116 205 117
f 117 205 118
f 118 205 206
f 118 206 207
f 118 207 119
f 120 123 208
f 120 208 209
f 120 209 121
f 121 209 210
f 121 210 126
f 122 176 123
f 123 176 208
f 124 211 212
f 124 212 213
f 124 213 125
f 124 126 214
f 124 214 215
f 124 215 216
f 124 216 211
f 125 213 127
f 126 210 217
f 126 217 214
f 127 213 218
f 127 218 219
f 127 219 128
f 128 219 220
f 128 220 221
f 128 221 222
f 128 222 223
f 128 223 224
f 128 224 129
f 129 224 130
f 130 225 181
f 130 181 131
f 130 224 225
f 131 181 180
f 131 180 132
f 132 180 177
f 133 139 226
f 133 226 134
f 134 136 135
f 134 226 227
f 134 227 228
f 134 228 136
f 136 228 229
f 136 229 137
f 137 229 140
f 138 230 231
f 138 231 346
f 138 346 232
f 138 232 226
f 138 226 139
f 138 207 206
f 138 206 230
f 140 229 141
f 141 229 228
f 141 228 233
f 141 233 234
f 141 234 235
f 141 235 143
f 141 143 142
f 143 235 236
f 143 236 237
f 143 237 238
f 143 238 239
f 143 239 144
f 144 239 240
f 144 240 145
f 145 240 241
f 145 241 242
f 145 242 243
f 145 243 244
f 145 244 146
f 146 244 148
f 147 245 150
f 147 149 245
f 148 244 246
f 148 246 247
f 148 247 248
f 148 248 249
f 148 249 149
f 149 249 250
f 149 250 245
f 150 251 151
f 150 245 250
f 150 250 252
f 150 252 253
f 150 253 254
f 150 254 255
f 150 255 251
f 151 251 152
f 152 256 257
f 152 257 153
f 152 251 258
f 152 258 256
f 153 259 260
f 153 260 261
f 153 261 154
f 153 257 262
f 153 262 263
f 153 263 264
f 153 264 265
f 153 265 259
f 154 261 155
f 155 261 266
f 155 266 267
f 155 267 268
f 155 268 269
f 155 269 156
f 156 269 271
f 156 271 158
f 157 158 270
f 157 270 159
f 158 271 270
f 159 270 272
f 159 272 160
f 160 272 273
f 160 273 161
f 161 273 162
f 162 273 274
f 162 274 163
f 163 274 164
f 164 275 165
f 164 274 276
f 164 276 275
f 165 275 166
f 166 275 277
f 166 277 167
f 167 169 168
f 167 277 278
f 167 278 279
f 167 279 169
f 169 280 281
f 169 281 282
f 169 282 170
f 169 279 283
f 169 283 284
f 169 284 280
f 170 282 285
f 170 285 171
f 171 285 172
f 172 285 173
f 173 285 286
f 173 286 174
f 174 176 175
f 174 286 287
f 174 287 288
f 174 288 289
f 174 289 176
f 176 289 290
f 176 290 208
f 178 184 179
f 179 184 185
f 179 185 189
f 181 225 182
f 182 225 291
f 182 291 183
f 183 291 292
f 183 292 293
f 183 293 294
f 183 294 295
f 183 295 296
f 183 296 184
f 184 296 295
f 184 295 297
f 184 297 298
f 184 298 299
f 184 299 300
f 184 300 301
f 184 301 185
f 185 301 302
f 185 302 303
f 185 303 187
f 185 187 186
f 187 303 188
f 188 303 304
f 188 304 190
f 190 305 191
f 190 304 426
f 190 426 306
f 190 306 307
f 190 307 308
f 190 308 305
f 191 305 309
f 191 309 192
f 192 309 310
f 192 310 193
f 193 310 194
f 194 310 311
f 194 311 196
f 195 196 312
f 195 312 313
f 195 313 314
f 195 314 315
f 195 315 316
f 195 316 317
f 195 317 199
f 195 199 198
f 195 198 197
f 196 311 318
f 196 318 319
f 196 319 320
f 196 320 321
f 196 321 322
f 196 322 312
f 199 317 200
f 200 317 316
f 200 316 323
f 200 323 324
f 200 324 325
f 200 325 201
f 201 325 326
f 201 326 327
f 201 327 328
f 201 328 202
f 203 328 204
f 204 328 329
f 204 329 206
f 206 330 331
f 206 331 230
f 206 329 330
f 208 290 209
f 209 290 332
f 209 332 333
f 209 333 210
f 210 333 217
f 211 334 335
f 211 335 212
f 211 216 336
f 211 336 337
f 211 337 334
f 212 335 218
f 212 218 213
f 214 217 333
f 214 333 215
f 215 336 216
f 215 333 338
f 215 338 336
f 218 339 340
f 218 340 297
f 218 297 341
f 218 341 342
f 218 342 219
f 218 335 339
f 219 342 220
f 220 342 341
f 220 341 343
f 220 343 221
f 221 343 292
f 221 292 222
f 222 292 291
f 222 291 223
f 223 291 224
f 224 291 225
f 226 232 344
f 226 344 227
f 227 344 234
f 227 234 233
f 227 233 228
f 230 331 231
f 231 345 346
f 231 331 345
f 232 346 344
f 234 344 346
f 234 346 347
f 234 347 236
f 234 236 235
f 236 347 348
f 236 348 237
f 237 348 349
f 237 349 238
f 238 349 239
f 239 349 242
f 239 242 241
f 239 241 240
f 242 350 351
f 242 351 243
f 242 349 493
f 242 493 352
f 242 352 350
f 243 351 244
f 244 351 350
f 244 350 353
f 244 353 246
f 246 354 247
f 246 353 355
f 246 355 356
f 246 356 502
f 246 502 357
f 246 357 358
f 246 358 354
f 247 354 248
f 248 354 359
f 248 359 360
f 248 360 361
f 248 361 362
f 248 362 367
f 248 367 363
f 248 363 366
f 248 366 364
f 248 364 249
f 249 364 365
f 249 365 252
f 249 252 250
f 251 255 258
f 252 365 366
f 252 366 253
f 253 366 254
f 254 366 367
f 254 367 368
f 254 368 369
f 254 369 255
f 255 369 258
f 256 370 257
f 256 258 371
f 256 371 370
f 257 370 372
f 257 372 262
f 258 369 373
f 258 373 374
f 258 374 375
f 258 375 376
f 258 376 371
f 259 265 377
f 259 377 378
f 259 378 379
f 259 379 380
f 259 380 381
f 259 381 260
f 260 381 382
f 260 382 383
f 260 383 384
f 260 384 261
f 261 385 386
f 261 386 266
f 261 384 385
f 262 372 371
f 262 371 263
f 263 387 388
f 263 388 389
f 263 389 264
f 263 371 390
f 263 390 391
f 263 391 387
f 264 389 392
f 264 392 265
f 265 392 393
f 265 393 394
f 265 394 395
f 265 395 396
f 265 396 377
f 266 386 397
f 266 397 267
f 267 397 398
f 267 398 399
f 267 399 268
f 268 400 401
f 268 401 269
f 268 399 400
f 269 401 271
f 270 271 401
f 270 401 272
f 272 402 273
f 272 401 403
f 272 403 402
f 273 402 274
f 274 402 400
f 274 400 404
f 274 404 276
f 275 276 405
f 275 405 406
f 275 406 277
f 276 404 407
f 276 407 405
f 277 406 278
f 278 406 279
f 279 406 408
f 279 408 409
f 279 409 284
f 279 284 283
f 280 284 410
f 280 410 282
f 280 282 281
f 282 410 285
f 284 411 412
f 284 412 413
f 284 413 410
f 284 409 411
f 285 410 413
f 285 413 286
f 286 414 287
f 286 413 415
f 286 415 414
f 287 414 416
f 287 416 288
f 288 416 417
f 288 417 332
f 288 332 290
f 288 290 289
f 292 297 293
f 292 343 297
f 293 297 295
f 293 295 294
f 297 418 298
f 297 343 341
f 297 340 419
f 297 419 420
f 297 420 418
f 298 418 421
f 298 421 299
f 299 421 300
f 300 421 422
f 300 422 423
f 300 423 424
f 300 424 301
f 301 424 302
f 302 424 425
f 302 425 304
f 302 304 303
f 304 425 426
f 305 310 309
f 305 308 427
f 305 427 310
f 306 426 307
f 307 426 425
f 307 425 428
f 307 428 429
f 307 429 430
f 307 430 308
f 308 430 431
f 308 431 427
f 310 427 431
f 310 431 432
f 310 432 433
f 310 433 434
f 310 434 435
f 310 435 311
f 311 435 318
f 312 436 437
f 312 437 438
f 312 438 439
f 312 439 440
f 312 440 313
f 312 322 441
f 312 441 436
f 313 440 442
f 313 442 443
f 313 443 314
f 314 443 315
f 315 443 444
f 315 444 323
f 315 323 316
f 318 434 445
f 318 445 446
f 318 446 319
f 318 435 434
f 319 446 447
f 319 447 448
f 319 448 449
f 319 449 320
f 320 449 321
f 321 450 322
f 321 449 450
f 322 450 451
f 322 451 452
f 322 452 453
f 322 453 454
f 322 454 455
f 322 455 441
f 323 444 456
f 323 456 457
f 323 457 458
f 323 458 324
f 324 458 326
f 324 326 325
f 326 459 460
f 326 460 329
f 326 329 327
f 326 458 459
f 327 329 328
f 329 460 330
f 330 461 462
f 330 462 463
f 330 463 464
f 330 464 331
f 330 460 618
f 330 618 461
f 331 464 465
f 331 465 466
f 331 466 467
f 331 467 468
f 331 468 469
f 331 469 345
f 332 417 470
f 332 470 338
f 332 338 333
f 334 471 472
f 334 472 473
f 334 473 474
f 334 474 335
f 334 337 471
f 335 474 475
f 335 475 339
f 336 338 476
f 336 476 477
f 336 477 478
f 336 478 479
f 336 479 480
f 336 480 337
f 337 480 481
f 337 481 471
f 338 482 483
f 338 483 484
f 338 484 485
f 338 485 476
f 338 470 482
f 339 475 486
f 339 486 419
f 339 419 340
f 345 487 488
f 345 488 489
f 345 489 490
f 345 490 346
f 345 469 487
f 346 490 491
f 346 491 347
f 347 491 664
f 347 664 492
f 347 492 493
f 347 493 348
f 348 493 349
f 350 494 355
f 350 355 353
f 350 352 495
f 350 495 494
f 352 493 492
f 352 492 495
f 354 496 359
f 354 358 497
f 354 497 496
f 355 494 356
f 356 494 498
f 356 498 499
f 356 499 500
f 356 500 501
f 356 501 502
f 357 502 503
f 357 503 358
f 358 504 497
f 358 503 505
f 358 505 506
f 358 506 504
f 359 496 507
f 359 507 508
f 359 508 509
f 359 509 510
f 359 510 360
f 360 510 511
f 360 511 361
f 361 511 362
f 362 511 368
f 362 368 367
f 363 367 366
f 364 366 365
f 368 511 373
f 368 373 369
f 370 371 372
f 371 376 512
f 371 512 513
f 371 513 514
f 371 514 515
f 371 515 516
f 371 516 391
f 371 391 390
f 373 517 518
f 373 518 519
f 373 519 374
f 373 511 520
f 373 520 517
f 374 519 375
f 375 519 376
f 376 519 521
f 376 521 512
f 377 396 395
f 377 395 522
f 377 522 523
f 377 523 378
f 378 523 524
f 378 524 379
f 379 524 525
f 379 525 380
f 380 525 526
f 380 526 527
f 380 527 528
f 380 528 381
f 381 528 382
f 382 528 383
f 383 528 384
f 384 528 529
f 384 529 385
f 385 530 386
f 385 529 530
f 386 531 696
f 386 696 867
f 386 867 866
f 386 866 886
f 386 886 712
f 386 712 707
f 386 707 549
f 386 549 397
f 386 530 693
f 386 693 531
f 387 391 388
f 388 391 515
f 388 515 389
f 389 515 532
f 389 532 392
f 391 516 515
f 392 532 533
f 392 533 534
f 392 534 535
f 392 535 536
f 392 536 537
f 392 537 538
f 392 538 539
f 392 539 393
f 393 540 541
f 393 541 542
f 393 542 543
f 393 543 394
f 393 539 540
f 394 543 544
f 394 544 545
f 394 545 546
f 394 546 547
f 394 547 395
f 395 548 522
f 395 547 548
f 397 549 398
f 398 549 399
f 399 549 400
f 400 550 404
f 400 402 403
f 400 403 401
f 400 549 551
f 400 551 550
f 404 550 552
f 404 552 407
f 405 553 408
f 405 408 406
f 405 407 554
f 405 554 553
f 407 552 554
f 408 553 555
f 408 555 556
f 408 556 409
f 409 556 557
f 409 557 558
f 409 558 559
f 409 559 560
f 409 560 411
f 411 560 561
f 411 561 562
f 411 562 563
f 411 563 564
f 411 564 565
f 411 565 566
f 411 566 567
f 411 567 568
f 411 568 412
f 412 568 414
f 412 414 415
f 412 415 413
f 414 568 416
f 416 568 567
f 416 567 572
f 416 572 417
f 417 569 570
f 417 570 571
f 417 571 470
f 417 572 569
f 418 573 421
f 418 420 573
f 419 486 475
f 419 475 420
f 420 475 574
f 420 574 575
f 420 575 573
f 421 576 577
f 421 577 422
f 421 573 578
f 421 578 579
f 421 579 576
f 422 580 600
f 422 600 581
f 422 581 423
f 422 577 580
f 423 581 582
f 423 582 583
f 423 583 584
f 423 584 585
f 423 585 424
f 424 585 586
f 424 586 425
f 425 586 428
f 428 587 429
f 428 586 587
f 429 588 589
f 429 589 431
f 429 431 430
f 429 587 584
f 429 584 588
f 431 589 590
f 431 590 591
f 431 591 432
f 432 591 446
f 432 446 433
f 433 445 434
f 433 446 445
f 436 592 593
f 436 593 594
f 436 594 437
f 436 441 455
f 436 455 592
f 437 594 438
f 438 594 439
f 439 594 595
f 439 595 440
f 440 595 596
f 440 596 597
f 440 597 442
f 442 597 595
f 442 595 594
f 442 594 443
f 443 594 456
f 443 456 444
f 446 591 590
f 446 590 447
f 447 590 598
f 447 598 448
f 448 599 449
f 448 598 600
f 448 600 601
f 448 601 602
f 448 602 603
f 448 603 779
f 448 779 599
f 449 599 604
f 449 604 450
f 450 604 605
f 450 605 606
f 450 606 607
f 450 607 451
f 451 607 608
f 451 608 452
f 452 609 610
f 452 610 611
f 452 611 612
f 452 612 613
f 452 613 614
f 452 614 615
f 452 615 453
f 452 608 609
f 453 615 454
f 454 615 455
f 455 615 592
f 456 616 458
f 456 458 457
f 456 594 616
f 458 616 459
f 459 617 460
f 459 616 594
f 459 594 617
f 460 617 618
f 461 619 620
f 461 620 621
f 461 621 462
f 461 618 622
f 461 622 619
f 462 621 623
f 462 623 463
f 463 623 624
f 463 624 625
f 463 625 464
f 464 625 465
f 465 625 466
f 466 625 626
f 466 626 627
f 466 627 467
f 467 627 468
f 468 628 629
f 468 629 630
f 468 630 469
f 468 627 631
f 468 631 628
f 469 630 487
f 470 571 632
f 470 632 633
f 470 633 634
f 470 634 482
f 471 481 480
f 471 480 635
f 471 635 636
f 471 636 472
f 472 636 637
f 472 637 638
f 472 638 639
f 472 639 640
f 472 640 641
f 472 641 642
f 472 642 473
f 473 642 643
f 473 643 474
f 474 644 645
f 474 645 475
f 474 643 646
f 474 646 647
f 474 647 648
f 474 648 649
f 474 649 644
f 475 645 574
f 476 485 650
f 476 650 477
f 477 650 478
f 478 650 651
f 478 651 480
f 478 480 479
f 480 651 652
f 480 652 635
f 482 634 483
f 483 634 653
f 483 653 654
f 483 654 655
f 483 655 656
f 483 656 657
f 483 657 484
f 484 657 485
f 485 657 819
f 485 819 650
f 487 630 629
f 487 629 488
f 488 629 658
f 488 658 659
f 488 659 489
f 489 659 660
f 489 660 661
f 489 661 662
f 489 662 663
f 489 663 490
f 490 663 664
f 490 664 491
f 492 664 495
f 494 495 664
f 494 664 498
f 496 497 665
f 496 665 666
f 496 666 667
f 496 667 507
f 497 504 506
f 497 506 668
f 497 668 665
f 498 664 669
f 498 669 499
f 499 669 662
f 499 662 661
f 499 661 500
f 500 661 501
f 501 661 660
f 501 660 670
f 501 670 503
f 501 503 502
f 503 670 659
f 503 659 505
f 505 659 671
f 505 671 672
f 505 672 506
f 506 672 668
f 507 667 673
f 507 673 674
f 507 674 508
f 508 674 509
f 509 674 520
f 509 520 511
f 509 511 510
f 512 533 514
f 512 514 513
f 512 521 533
f 514 533 515
f 515 533 532
f 517 520 675
f 517 675 673
f 517 673 676
f 517 676 518
f 518 676 677
f 518 677 519
f 519 678 521
f 519 677 679
f 519 679 680
f 519 680 681
f 519 681 678
f 520 674 675
f 521 682 683
f 521 683 533
f 521 678 684
f 521 684 682
f 522 548 524
f 522 524 523
f 524 548 526
f 524 526 525
f 526 685 686
f 526 686 687
f 526 687 528
f 526 528 527
f 526 548 544
f 526 544 688
f 526 688 685
f 528 689 690
f 528 690 691
f 528 691 692
f 528 692 693
f 528 693 529
f 528 687 686
f 528 686 694
f 528 694 695
f 528 695 689
f 529 693 530
f 531 693 696
f 533 683 534
f 534 683 535
f 535 683 697
f 535 697 536
f 536 697 698
f 536 698 537
f 537 698 699
f 537 699 538
f 538 699 700
f 538 700 701
f 538 701 539
f 539 701 702
f 539 702 703
f 539 703 704
f 539 704 705
f 539 705 540
f 540 705 706
f 540 706 544
f 540 544 541
f 541 544 542
f 542 544 543
f 544 706 688
f 544 548 545
f 545 548 546
f 546 548 547
f 549 707 551
f 550 551 708
f 550 708 709
f 550 709 710
f 550 710 711
f 550 711 552
f 551 707 712
f 551 712 708
f 552 711 554
f 553 713 714
f 553 714 555
f 553 554 715
f 553 715 716
f 553 716 717
f 553 717 718
f 553 718 713
f 554 711 719
f 554 719 720
f 554 720 715
f 555 714 721
f 555 721 722
f 555 722 723
f 555 723 556
f 556 723 557
f 557 724 725
f 557 725 726
f 557 726 727
f 557 727 728
f 557 728 558
f 557 723 724
f 558 728 729
f 558 729 559
f 559 729 730
f 559 730 731
f 559 731 560
f 560 731 732
f 560 732 733
f 560 733 734
f 560 734 735
f 560 735 736
f 560 736 561
f 561 736 562
f 562 737 738
f 562 738 739
f 562 739 740
f 562 740 563
f 562 736 735
f 562 735 737
f 563 740 564
f 564 740 565
f 565 740 566
f 566 740 741
f 566 741 742
f 566 742 572
f 566 572 567
f 569 743 570
f 569 572 742
f 569 742 743
f 570 744 632
f 570 632 571
f 570 743 740
f 570 740 744
f 573 575 745
f 573 745 746
f 573 746 747
f 573 747 748
f 573 748 749
f 573 749 578
f 574 750 745
f 574 745 575
f 574 645 751
f 574 751 752
f 574 752 750
f 576 753 754
f 576 754 755
f 576 755 756
f 576 756 757
f 576 757 577
f 576 579 758
f 576 758 759
f 576 759 753
f 577 757 760
f 577 760 761
f 577 761 580
f 578 749 762
f 578 762 579
f 579 762 763
f 579 763 764
f 579 764 765
f 579 765 758
f 580 761 600
f 581 600 598
f 581 598 766
f 581 766 582
f 582 766 767
f 582 767 588
f 582 588 583
f 583 588 584
f 584 587 585
f 585 587 586
f 588 767 768
f 588 768 589
f 589 768 769
f 589 769 590
f 590 769 598
f 592 615 593
f 593 770 771
f 593 771 772
f 593 772 773
f 593 773 774
f 593 774 775
f 593 775 776
f 593 776 777
f 593 777 594
f 593 615 770
f 594 777 617
f 595 597 596
f 598 769 766
f 599 778 604
f 599 779 778
f 600 761 760
f 600 760 601
f 601 760 780
f 601 780 602
f 602 780 603
f 603 780 779
f 604 778 605
f 605 778 781
f 605 781 607
f 605 607 606
f 607 781 782
f 607 782 783
f 607 783 608
f 608 783 609
f 609 784 610
f 609 783 785
f 609 785 784
f 610 784 786
f 610 786 611
f 611 787 788
f 611 788 612
f 611 786 787
f 612 788 789
f 612 789 790
f 612 790 791
f 612 791 792
f 612 792 613
f 613 615 614
f 613 792 615
f 615 792 770
f 617 777 618
f 618 777 776
f 618 776 775
f 618 775 622
f 619 622 793
f 619 793 794
f 619 794 795
f 619 795 796
f 619 796 620
f 620 796 797
f 620 797 798
f 620 798 621
f 621 798 623
f 622 775 793
f 623 798 799
f 623 799 624
f 624 799 625
f 625 799 800
f 625 800 626
f 626 800 801
f 626 801 627
f 627 801 802
f 627 802 631
f 628 631 629
f 629 631 803
f 629 803 658
f 631 802 804
f 631 804 803
f 632 744 805
f 632 805 633
f 633 805 806
f 633 806 653
f 633 653 634
f 635 652 819
f 635 819 807
f 635 807 808
f 635 808 636
f 636 808 809
f 636 809 637
f 637 809 810
f 637 810 638
f 638 810 642
f 638 642 639
f 639 642 640
f 640 642 641
f 642 811 646
f 642 646 643
f 642 810 812
f 642 812 811
f 644 813 814
f 644 814 751
f 644 751 645
f 644 649 815
f 644 815 1002
f 644 1002 813
f 646 811 647
f 647 811 812
f 647 812 648
f 648 812 649
f 649 812 816
f 649 816 817
f 649 817 818
f 649 818 815
f 650 819 651
f 651 819 652
f 653 806 820
f 653 820 654
f 654 821 822
f 654 822 823
f 654 823 655
f 654 820 824
f 654 824 825
f 654 825 826
f 654 826 821
f 655 823 656
f 656 823 657
f 657 823 822
f 657 822 819
f 658 803 659
f 659 803 827
f 659 827 828
f 659 828 829
f 659 829 830
f 659 830 671
f 659 670 660
f 662 669 664
f 662 664 663
f 665 831 666
f 665 668 831
f 666 831 667
f 667 831 676
f 667 676 673
f 668 672 832
f 668 832 833
f 668 833 834
f 668 834 835
f 668 835 836
f 668 836 837
f 668 837 831
f 671 830 838
f 671 838 839
f 671 839 840
f 671 840 841
f 671 841 842
f 671 842 672
f 672 842 832
f 673 675 674
f 676 831 680
f 676 680 677
f 677 680 679
f 678 843 844
f 678 844 684
f 678 681 845
f 678 845 846
f 678 846 843
f 680 831 681
f 681 831 837
f 681 837 847
f 681 847 845
f 682 848 699
f 682 699 698
f 682 698 697
f 682 697 683
f 682 684 848
f 684 849 848
f 684 844 850
f 684 850 851
f 684 851 852
f 684 852 849
f 685 853 686
f 685 688 854
f 685 854 855
f 685 855 853
f 686 853 694
f 688 706 856
f 688 856 857
f 688 857 858
f 688 858 859
f 688 859 854
f 689 860 861
f 689 861 862
f 689 862 690
f 689 695 694
f 689 694 853
f 689 853 863
f 689 863 855
f 689 855 860
f 690 862 691
f 691 693 692
f 691 862 864
f 691 864 693
f 693 864 865
f 693 865 866
f 693 866 867
f 693 867 696
f 699 848 700
f 700 848 701
f 701 848 868
f 701 868 869
f 701 869 870
f 701 870 871
f 701 871 851
f 701 851 872
f 701 872 702
f 702 873 703
f 702 872 874
f 702 874 873
f 703 875 704
f 703 873 874
f 703 874 872
f 703 872 876
f 703 876 875
f 704 877 878
f 704 878 857
f 704 857 879
f 704 879 705
f 704 875 880
f 704 880 881
f 704 881 877
f 705 879 882
f 705 882 856
f 705 856 706
f 708 712 709
f 709 712 883
f 709 883 710
f 710 884 711
f 710 883 884
f 711 884 885
f 711 885 719
f 712 886 887
f 712 887 888
f 712 888 883
f 713 889 890
f 713 890 891
f 713 891 714
f 713 718 889
f 714 891 892
f 714 892 893
f 714 893 894
f 714 894 721
f 715 720 895
f 715 895 716
f 716 895 717
f 717 895 896
f 717 896 897
f 717 897 898
f 717 898 718
f 718 899 900
f 718 900 889
f 718 898 901
f 718 901 902
f 718 902 899
f 719 885 720
f 720 885 903
f 720 903 895
f 721 894 904
f 721 904 905
f 721 905 906
f 721 906 722
f 722 906 907
f 722 907 723
f 723 907 724
f 724 907 906
f 724 906 908
f 724 908 725
f 725 908 909
f 725 909 910
f 725 910 911
f 725 911 912
f 725 912 913
f 725 913 726
f 726 913 914
f 726 914 915
f 726 915 916
f 726 916 727
f 727 916 917
f 727 917 918
f 727 918 919
f 727 919 920
f 727 920 921
f 727 921 728
f 728 921 729
f 729 921 730
f 730 921 731
f 731 921 922
f 731 922 732
f 732 922 733
f 733 922 923
f 733 923 734
f 734 923 924
f 734 924 735
f 735 924 737
f 737 918 738
f 737 924 925
f 737 925 926
f 737 926 927
f 737 927 920
f 737 920 919
f 737 919 918
f 738 918 928
f 738 928 929
f 738 929 930
f 738 930 931
f 738 931 739
f 739 931 1016
f 739 1016 826
f 739 826 806
f 739 806 805
f 739 805 740
f 740 805 744
f 740 743 741
f 741 743 742
f 745 750 932
f 745 932 933
f 745 933 934
f 745 934 935
f 745 935 936
f 745 936 937
f 745 937 746
f 746 937 747
f 747 937 938
f 747 938 939
f 747 939 748
f 748 939 938
f 748 938 940
f 748 940 749
f 749 940 762
f 750 752 932
f 751 814 941
f 751 941 942
f 751 942 943
f 751 943 944
f 751 944 945
f 751 945 946
f 751 946 752
f 752 946 947
f 752 947 948
f 752 948 932
f 753 949 754
f 753 759 950
f 753 950 949
f 754 949 951
f 754 951 952
f 754 952 953
f 754 953 760
f 754 760 755
f 755 760 756
f 756 760 757
f 758 765 954
f 758 954 955
f 758 955 759
f 759 955 956
f 759 956 950
f 760 953 780
f 762 940 957
f 762 957 763
f 763 957 764
f 764 957 958
f 764 958 959
f 764 959 765
f 765 959 960
f 765 960 954
f 766 769 768
f 766 768 767
f 770 792 961
f 770 961 771
f 771 962 963
f 771 963 964
f 771 964 772
f 771 961 962
f 772 964 775
f 772 775 773
f 773 775 774
f 775 964 793
f 778 965 781
f 778 779 966
f 778 966 967
f 778 967 965
f 779 780 968
f 779 968 969
f 779 969 970
f 779 970 971
f 779 971 972
f 779 972 966
f 780 953 968
f 781 965 782
f 782 784 785
f 782 785 783
f 782 965 784
f 784 965 973
f 784 973 974
f 784 974 786
f 786 975 976
f 786 976 787
f 786 974 977
f 786 977 978
f 786 978 975
f 787 976 979
f 787 979 980
f 787 980 981
f 787 981 788
f 788 981 789
f 789 981 982
f 789 982 983
f 789 983 790
f 790 984 791
f 790 983 985
f 790 985 986
f 790 986 984
f 791 984 987
f 791 987 792
f 792 987 962
f 792 962 961
f 793 964 988
f 793 988 989
f 793 989 794
f 794 990 795
f 794 989 991
f 794 991 990
f 795 990 796
f 796 990 991
f 796 991 992
f 796 992 797
f 797 993 800
f 797 800 799
f 797 799 798
f 797 992 994
f 797 994 993
f 800 993 828
f 800 828 801
f 801 828 802
f 802 828 827
f 802 827 803
f 802 803 804
f 806 826 824
f 806 824 820
f 807 819 822
f 807 822 995
f 807 995 996
f 807 996 808
f 808 996 997
f 808 997 809
f 809 997 810
f 810 997 812
f 812 997 998
f 812 998 999
f 812 999 816
f 813 1000 1001
f 813 1001 814
f 813 1002 1003
f 813 1003 1004
f 813 1004 1000
f 814 1001 941
f 815 818 817
f 815 817 1005
f 815 1005 1006
f 815 1006 1007
f 815 1007 1008
f 815 1008 1009
f 815 1009 1010
f 815 1010 1003
f 815 1003 1002
f 816 999 817
f 817 999 1011
f 817 1011 1005
f 821 1012 998
f 821 998 997
f 821 997 996
f 821 996 995
f 821 995 822
f 821 826 1013
f 821 1013 1014
f 821 1014 1015
f 821 1015 1012
f 824 826 825
f 826 1016 1013
f 828 993 1017
f 828 1017 1018
f 828 1018 829
f 829 1018 838
f 829 838 830
f 832 842 834
f 832 834 833
f 834 842 845
f 834 845 835
f 835 845 847
f 835 847 836
f 836 847 837
f 838 1018 839
f 839 1018 1019
f 839 1019 840
f 840 1019 841
f 841 1019 1020
f 841 1020 842
f 842 1020 1021
f 842 1021 1022
f 842 1022 1023
f 842 1023 845
f 843 1024 844
f 843 846 1024
f 844 1024 850
f 845 1023 846
f 846 1023 1025
f 846 1025 1026
f 846 1026 1024
f 848 849 868
f 849 852 868
f 850 1024 1027
f 850 1027 1028
f 850 1028 1029
f 850 1029 851
f 851 1029 872
f 851 871 852
f 852 1030 1031
f 852 1031 1032
f 852 1032 868
f 852 871 1030
f 853 855 863
f 854 859 1033
f 854 1033 1034
f 854 1034 855
f 855 1034 1035
f 855 1035 860
f 856 882 879
f 856 879 857
f 857 878 858
f 858 1036 859
f 858 878 1041
f 858 1041 1036
f 859 1036 1033
f 860 1035 886
f 860 886 861
f 861 886 865
f 861 865 864
f 861 864 862
f 865 886 866
f 868 1032 1031
f 868 1031 1037
f 868 1037 869
f 869 1037 870
f 870 1037 1038
f 870 1038 1031
f 870 1031 1030
f 870 1030 871
f 872 1029 876
f 875 876 880
f 876 1029 880
f 877 881 1039
f 877 1039 1040
f 877 1040 1041
f 877 1041 1042
f 877 1042 878
f 878 1042 1041
f 880 1043 881
f 880 1029 1028
f 880 1028 1044
f 880 1044 1043
f 881 1043 1039
f 883 888 885
f 883 885 884
f 885 888 903
f 886 1035 1045
f 886 1045 1046
f 886 1046 887
f 887 1046 1047
f 887 1047 888
f 888 1047 1048
f 888 1048 1049
f 888 1049 1050
f 888 1050 1051
f 888 1051 903
f 889 900 1052
f 889 1052 890
f 890 1052 1053
f 890 1053 892
f 890 892 891
f 892 1053 904
f 892 904 893
f 893 904 894
f 895 903 1051
f 895 1051 896
f 896 1051 897
f 897 1051 1050
f 897 1050 1049
f 897 1049 898
f 898 1049 901
f 899 902 1054
f 899 1054 900
f 900 1054 1055
f 900 1055 1056
f 900 1056 1057
f 900 1057 1052
f 901 1049 902
f 902 1049 1048
f 902 1048 1058
f 902 1058 1054
f 904 1059 912
f 904 912 911
f 904 911 910
f 904 910 905
f 904 1053 1060
f 904 1060 1061
f 904 1061 1059
f 905 1062 1063
f 905 1063 906
f 905 910 1062
f 906 1063 908
f 908 1063 909
f 909 1063 910
f 910 1063 1062
f 912 1059 1064
f 912 1064 1065
f 912 1065 1066
f 912 1066 1067
f 912 1067 1068
f 912 1068 913
f 913 1068 1069
f 913 1069 1070
f 913 1070 1071
f 913 1071 1072
f 913 1072 1073
f 913 1073 914
f 914 1073 1074
f 914 1074 1075
f 914 1075 1226
f 914 1226 1385
f 914 1385 1512
f 914 1512 1599
f 914 1599 1674
f 914 1674 1684
f 914 1684 1603
f 914 1603 1513
f 914 1513 1386
f 914 1386 1227
f 914 1227 1081
f 914 1081 1080
f 914 1080 1079
f 914 1079 1076
f 914 1076 915
f 915 1076 1077
f 915 1077 916
f 916 1077 917
f 917 1077 929
f 917 929 928
f 917 928 918
f 920 927 921
f 921 927 922
f 922 927 1078
f 922 1078 923
f 923 1078 927
f 923 927 926
f 923 926 924
f 924 926 925
f 929 1079 930
f 929 1077 1079
f 930 1079 1080
f 930 1080 1081
f 930 1081 1082
f 930 1082 931
f 931 1082 1083
f 931 1083 1084
f 931 1084 1016
f 932 948 933
f 933 948 934
f 934 948 935
f 935 948 1085
f 935 1085 1086
f 935 1086 1087
f 935 1087 936
f 936 1087 937
f 937 1087 1088
f 937 1088 938
f 938 1088 1089
f 938 1089 940
f 940 1089 957
f 941 1001 1000
f 941 1000 1090
f 941 1090 942
f 942 1090 1091
f 942 1091 943
f 943 1091 944
f 944 1091 945
f 945 1091 946
f 946 1091 947
f 947 1091 1092
f 947 1092 1093
f 947 1093 1094
f 947 1094 1095
f 947 1095 1096
f 947 1096 1097
f 947 1097 1086
f 947 1086 1085
f 947 1085 948
f 949 950 1098
f 949 1098 1099
f 949 1099 951
f 950 956 1098
f 951 1099 1100
f 951 1100 1101
f 951 1101 952
f 952 1102 953
f 952 1101 1103
f 952 1103 1102
f 953 1104 968
f 953 1102 1105
f 953 1105 1106
f 953 1106 1107
f 953 1107 1104
f 954 960 955
f 955 960 1108
f 955 1108 956
f 956 1108 1109
f 956 1109 1099
f 956 1099 1098
f 957 1089 958
f 958 1089 959
f 959 1089 960
f 960 1089 1108
f 962 987 1110
f 962 1110 963
f 963 1110 1111
f 963 1111 1112
f 963 1112 1113
f 963 1113 964
f 964 1113 989
f 964 989 988
f 965 967 1114
f 965 1114 973
f 966 972 967
f 967 972 1115
f 967 1115 1116
f 967 1116 1114
f 968 1104 969
f 969 1104 970
f 970 1104 1117
f 970 1117 1118
f 970 1118 971
f 971 1118 1119
f 971 1119 1120
f 971 1120 972
f 972 1120 1121
f 972 1121 1122
f 972 1122 1115
f 973 1114 1123
f 973 1123 974
f 974 1123 977
f 975 1123 1124
f 975 1124 976
f 975 978 1123
f 976 1124 1125
f 976 1125 1126
f 976 1126 979
f 977 1123 978
f 979 1126 980
f 980 1126 1127
f 980 1127 981
f 981 1127 1128
f 981 1128 982
f 982 1128 983
f 983 1128 1129
f 983 1129 1130
f 983 1130 1131
f 983 1131 1132
f 983 1132 985
f 984 986 1133
f 984 1133 1134
f 984 1134 1135
f 984 1135 987
f 985 1132 986
f 986 1132 1136
f 986 1136 1133
f 987 1135 1137
f 987 1137 1110
f 989 1113 991
f 991 1113 1138
f 991 1138 992
f 992 1138 994
f 993 994 1139
f 993 1139 1017
f 994 1140 1141
f 994 1141 1142
f 994 1142 1143
f 994 1143 1144
f 994 1144 1145
f 994 1145 1146
f 994 1146 1139
f 994 1138 1112
f 994 1112 1140
f 998 1147 1148
f 998 1148 999
f 998 1012 1149
f 998 1149 1150
f 998 1150 1151
f 998 1151 1147
f 999 1148 1011
f 1000 1004 1090
f 1003 1010 1152
f 1003 1152 1004
f 1004 1152 1153
f 1004 1153 1154
f 1004 1154 1155
f 1004 1155 1090
f 1005 1011 1156
f 1005 1156 1157
f 1005 1157 1158
f 1005 1158 1159
f 1005 1159 1006
f 1006 1159 1007
f 1007 1159 1008
f 1008 1159 1160
f 1008 1160 1161
f 1008 1161 1162
f 1008 1162 1163
f 1008 1163 1009
f 1009 1163 1010
f 1010 1163 1162
f 1010 1162 1164
f 1010 1164 1152
f 1011 1148 1156
f 1012 1015 1165
f 1012 1165 1149
f 1013 1016 1166
f 1013 1166 1015
f 1013 1015 1014
f 1015 1167 1165
f 1015 1166 1168
f 1015 1168 1169
f 1015 1169 1167
f 1016 1170 1171
f 1016 1171 1166
f 1016 1084 1172
f 1016 1172 1173
f 1016 1173 1170
f 1017 1139 1174
f 1017 1174 1175
f 1017 1175 1176
f 1017 1176 1177
f 1017 1177 1018
f 1018 1177 1178
f 1018 1178 1019
f 1019 1178 1179
f 1019 1179 1180
f 1019 1180 1181
f 1019 1181 1182
f 1019 1182 1020
f 1020 1182 1021
f 1021 1182 1183
f 1021 1183 1184
f 1021 1184 1022
f 1022 1184 1185
f 1022 1185 1023
f 1023 1185 1025
f 1024 1026 1186
f 1024 1186 1187
f 1024 1187 1027
f 1025 1185 1026
f 1026 1188 1186
f 1026 1185 1184
f 1026 1184 1183
f 1026 1183 1182
f 1026 1182 1188
f 1027 1189 1028
f 1027 1187 1189
f 1028 1189 1044
f 1031 1038 1037
f 1033 1190 1034
f 1033 1036 1191
f 1033 1191 1192
f 1033 1192 1193
f 1033 1193 1046
f 1033 1046 1190
f 1034 1190 1045
f 1034 1045 1035
f 1036 1041 1202
f 1036 1202 1194
f 1036 1194 1191
f 1039 1043 1195
f 1039 1195 1196
f 1039 1196 1197
f 1039 1197 1198
f 1039 1198 1040
f 1040 1199 1200
f 1040 1200 1041
f 1040 1198 1201
f 1040 1201 1199
f 1041 1200 1202
f 1043 1044 1203
f 1043 1203 1195
f 1044 1189 1204
f 1044 1204 1203
f 1045 1190 1046
f 1046 1193 1047
f 1047 1193 1205
f 1047 1205 1206
f 1047 1206 1207
f 1047 1207 1208
f 1047 1208 1209
f 1047 1209 1048
f 1048 1209 1210
f 1048 1210 1058
f 1052 1057 1211
f 1052 1211 1061
f 1052 1061 1060
f 1052 1060 1053
f 1054 1058 1210
f 1054 1210 1055
f 1055 1210 1056
f 1056 1212 1057
f 1056 1210 1212
f 1057 1213 1214
f 1057 1214 1211
f 1057 1212 1215
f 1057 1215 1213
f 1059 1061 1064
f 1061 1211 1214
f 1061 1214 1216
f 1061 1216 1065
f 1061 1065 1064
f 1065 1217 1066
f 1065 1216 1217
f 1066 1218 1219
f 1066 1219 1067
f 1066 1217 1218
f 1067 1219 1068
f 1068 1220 1221
f 1068 1221 1069
f 1068 1219 1220
f 1069 1221 1222
f 1069 1222 1223
f 1069 1223 1071
f 1069 1071 1070
f 1071 1223 1224
f 1071 1224 1225
f 1071 1225 1072
f 1072 1225 1073
f 1073 1225 1074
f 1074 1225 1075
f 1075 1225 1224
f 1075 1224 1226
f 1076 1079 1077
f 1081 1227 1228
f 1081 1228 1082
f 1082 1228 1083
f 1083 1228 1172
f 1083 1172 1084
f 1086 1097 1229
f 1086 1229 1087
f 1087 1229 1088
f 1088 1229 1089
f 1089 1230 1108
f 1089 1229 1096
f 1089 1096 1231
f 1089 1231 1230
f 1090 1232 1233
f 1090 1233 1091
f 1090 1155 1234
f 1090 1234 1232
f 1091 1233 1235
f 1091 1235 1236
f 1091 1236 1237
f 1091 1237 1238
f 1091 1238 1239
f 1091 1239 1240
f 1091 1240 1092
f 1092 1240 1239
f 1092 1239 1093
f 1093 1239 1241
f 1093 1241 1094
f 1094 1241 1242
f 1094 1242 1243
f 1094 1243 1244
f 1094 1244 1095
f 1095 1244 1245
f 1095 1245 1231
f 1095 1231 1096
f 1096 1229 1097
f 1099 1109 1100
f 1100 1109 1101
f 1101 1109 1246
f 1101 1246 1103
f 1102 1103 1105
f 1103 1246 1247
f 1103 1247 1248
f 1103 1248 1249
f 1103 1249 1250
f 1103 1250 1251
f 1103 1251 1252
f 1103 1252 1105
f 1104 1107 1119
f 1104 1119 1117
f 1105 1252 1107
f 1105 1107 1106
f 1107 1252 1251
f 1107 1251 1253
f 1107 1253 1119
f 1108 1230 1254
f 1108 1254 1247
f 1108 1247 1246
f 1108 1246 1109
f 1110 1137 1255
f 1110 1255 1256
f 1110 1256 1111
f 1111 1256 1257
f 1111 1257 1258
f 1111 1258 1112
f 1112 1258 1259
f 1112 1259 1260
f 1112 1260 1140
f 1112 1138 1113
f 1114 1116 1261
f 1114 1261 1123
f 1115 1122 1262
f 1115 1262 1263
f 1115 1263 1264
f 1115 1264 1265
f 1115 1265 1116
f 1116 1265 1261
f 1117 1119 1118
f 1119 1253 1251
f 1119 1251 1250
f 1119 1250 1120
f 1120 1250 1249
f 1120 1249 1121
f 1121 1249 1122
f 1122 1266 1262
f 1122 1249 1248
f 1122 1248 1267
f 1122 1267 1268
f 1122 1268 1266
f 1123 1261 1124
f 1124 1261 1269
f 1124 1269 1270
f 1124 1270 1271
f 1124 1271 1272
f 1124 1272 1273
f 1124 1273 1274
f 1124 1274 1275
f 1124 1275 1276
f 1124 1276 1125
f 1125 1276 1277
f 1125 1277 1278
f 1125 1278 1126
f 1126 1278 1279
f 1126 1279 1127
f 1127 1279 1280
f 1127 1280 1128
f 1128 1280 1281
f 1128 1281 1129
f 1129 1281 1279
f 1129 1279 1278
f 1129 1278 1282
f 1129 1282 1130
f 1130 1283 1131
f 1130 1282 1284
f 1130 1284 1283
f 1131 1283 1285
f 1131 1285 1286
f 1131 1286 1287
f 1131 1287 1288
f 1131 1288 1132
f 1132 1289 1133
f 1132 1133 1136
f 1132 1288 1289
f 1133 1289 1134
f 1134 1289 1135
f 1135 1289 1290
f 1135 1290 1137
f 1137 1290 1255
f 1139 1146 1291
f 1139 1291 1292
f 1139 1292 1174
f 1140 1293 1294
f 1140 1294 1295
f 1140 1295 1296
f 1140 1296 1141
f 1140 1260 1293
f 1141 1296 1294
f 1141 1294 1142
f 1142 1294 1297
f 1142 1297 1143
f 1143 1297 1298
f 1143 1298 1144
f 1144 1298 1145
f 1145 1298 1146
f 1146 1298 1291
f 1147 1299 1300
f 1147 1300 1301
f 1147 1301 1156
f 1147 1156 1148
f 1147 1151 1150
f 1147 1150 1302
f 1147 1302 1299
f 1149 1165 1167
f 1149 1167 1169
f 1149 1169 1302
f 1149 1302 1150
f 1152 1164 1153
f 1153 1162 1303
f 1153 1303 1154
f 1153 1164 1162
f 1154 1303 1234
f 1154 1234 1155
f 1156 1301 1304
f 1156 1304 1305
f 1156 1305 1157
f 1157 1305 1160
f 1157 1160 1158
f 1158 1160 1159
f 1160 1305 1304
f 1160 1304 1306
f 1160 1306 1161
f 1161 1306 1307
f 1161 1307 1168
f 1161 1168 1308
f 1161 1308 1309
f 1161 1309 1310
f 1161 1310 1311
f 1161 1311 1162
f 1162 1311 1312
f 1162 1312 1313
f 1162 1313 1303
f 1166 1171 1314
f 1166 1314 1315
f 1166 1315 1168
f 1168 1315 1308
f 1168 1307 1169
f 1169 1307 1316
f 1169 1316 1302
f 1170 1173 1171
f 1171 1173 1317
f 1171 1317 1314
f 1172 1228 1318
f 1172 1318 1319
f 1172 1319 1173
f 1173 1319 1320
f 1173 1320 1321
f 1173 1321 1322
f 1173 1322 1323
f 1173 1323 1324
f 1173 1324 1317
f 1174 1292 1325
f 1174 1325 1175
f 1175 1325 1326
f 1175 1326 1176
f 1176 1326 1327
f 1176 1327 1177
f 1177 1327 1178
f 1178 1327 1328
f 1178 1328 1179
f 1179 1328 1327
f 1179 1327 1329
f 1179 1329 1330
f 1179 1330 1331
f 1179 1331 1188
f 1179 1188 1180
f 1180 1188 1181
f 1181 1188 1182
f 1186 1332 1187
f 1186 1188 1333
f 1186 1333 1332
f 1187 1332 1334
f 1187 1334 1335
f 1187 1335 1189
f 1188 1336 1333
f 1188 1331 1330
f 1188 1330 1329
f 1188 1329 1336
f 1189 1335 1337
f 1189 1337 1353
f 1189 1353 1204
f 1191 1338 1192
f 1191 1194 1339
f 1191 1339 1340
f 1191 1340 1341
f 1191 1341 1342
f 1191 1342 1338
f 1192 1338 1193
f 1193 1338 1343
f 1193 1343 1205
f 1194 1202 1344
f 1194 1344 1339
f 1195 1203 1345
f 1195 1345 1346
f 1195 1346 1196
f 1196 1346 1347
f 1196 1347 1197
f 1197 1348 1198
f 1197 1347 1348
f 1198 1348 1201
f 1199 1349 1200
f 1199 1201 1349
f 1200 1350 1344
f 1200 1344 1202
f 1200 1349 1350
f 1201 1348 1351
f 1201 1351 1349
f 1203 1204 1352
f 1203 1352 1346
f 1203 1346 1345
f 1204 1353 1354
f 1204 1354 1352
f 1205 1343 1342
f 1205 1342 1341
f 1205 1341 1355
f 1205 1355 1206
f 1206 1355 1356
f 1206 1356 1357
f 1206 1357 1358
f 1206 1358 1359
f 1206 1359 1360
f 1206 1360 1207
f 1207 1209 1208
f 1207 1360 1361
f 1207 1361 1362
f 1207 1362 1209
f 1209 1362 1363
f 1209 1363 1210
f 1210 1363 1364
f 1210 1364 1215
f 1210 1215 1212
f 1213 1215 1364
f 1213 1364 1214
f 1214 1365 1216
f 1214 1364 1365
f 1216 1365 1366
f 1216 1366 1367
f 1216 1367 1368
f 1216 1368 1217
f 1217 1368 1369
f 1217 1369 1370
f 1217 1370 1371
f 1217 1371 1372
f 1217 1372 1218
f 1218 1372 1219
f 1219 1372 1373
f 1219 1373 1220
f 1220 1374 1375
f 1220 1375 1221
f 1220 1373 1376
f 1220 1376 1374
f 1221 1375 1222
f 1222 1375 1377
f 1222 1377 1378
f 1222 1378 1379
f 1222 1379 1224
f 1222 1224 1223
f 1224 1380 1381
f 1224 1381 1382
f 1224 1382 1383
f 1224 1383 1384
f 1224 1384 1385
f 1224 1385 1226
f 1224 1379 1380
f 1227 1386 1228
f 1228 1386 1387
f 1228 1387 1318
f 1230 1388 1254
f 1230 1231 1389
f 1230 1389 1390
f 1230 1390 1391
f 1230 1391 1392
f 1230 1392 1393
f 1230 1393 1388
f 1231 1245 1394
f 1231 1394 1395
f 1231 1395 1389
f 1232 1234 1233
f 1233 1234 1396
f 1233 1396 1235
f 1234 1303 1313
f 1234 1313 1312
f 1234 1312 1397
f 1234 1397 1396
f 1235 1396 1236
f 1236 1396 1398
f 1236 1398 1399
f 1236 1399 1400
f 1236 1400 1237
f 1237 1400 1401
f 1237 1401 1402
f 1237 1402 1238
f 1238 1402 1239
f 1239 1402 1403
f 1239 1403 1404
f 1239 1404 1405
f 1239 1405 1241
f 1241 1405 1242
f 1242 1405 1406
f 1242 1406 1243
f 1243 1407 1408
f 1243 1408 1244
f 1243 1406 1407
f 1244 1408 1409
f 1244 1409 1394
f 1244 1394 1245
f 1247 1254 1410
f 1247 1410 1248
f 1248 1410 1411
f 1248 1411 1412
f 1248 1412 1413
f 1248 1413 1267
f 1254 1388 1414
f 1254 1414 1411
f 1254 1411 1410
f 1255 1290 1289
f 1255 1289 1415
f 1255 1415 1257
f 1255 1257 1256
f 1257 1415 1416
f 1257 1416 1258
f 1258 1416 1417
f 1258 1417 1259
f 1259 1417 1418
f 1259 1418 1260
f 1260 1418 1293
f 1261 1265 1269
f 1262 1266 1264
f 1262 1264 1263
f 1264 1266 1419
f 1264 1419 1272
f 1264 1272 1265
f 1265 1272 1271
f 1265 1271 1270
f 1265 1270 1269
f 1266 1268 1420
f 1266 1420 1421
f 1266 1421 1272
f 1266 1272 1419
f 1267 1413 1268
f 1268 1413 1420
f 1272 1421 1420
f 1272 1420 1422
f 1272 1422 1423
f 1272 1423 1424
f 1272 1424 1425
f 1272 1425 1274
f 1272 1274 1273
f 1274 1425 1424
f 1274 1424 1426
f 1274 1426 1427
f 1274 1427 1275
f 1275 1428 1429
f 1275 1429 1430
f 1275 1430 1276
f 1275 1427 1431
f 1275 1431 1432
f 1275 1432 1433
f 1275 1433 1434
f 1275 1434 1428
f 1276 1430 1435
f 1276 1435 1436
f 1276 1436 1284
f 1276 1284 1277
f 1277 1284 1282
f 1277 1282 1278
f 1279 1281 1280
f 1283 1284 1437
f 1283 1437 1285
f 1284 1436 1437
f 1285 1438 1439
f 1285 1439 1440
f 1285 1440 1286
f 1285 1437 1438
f 1286 1441 1287
f 1286 1440 1442
f 1286 1442 1443
f 1286 1443 1441
f 1287 1441 1444
f 1287 1444 1445
f 1287 1445 1288
f 1288 1445 1446
f 1288 1446 1415
f 1288 1415 1289
f 1291 1298 1446
f 1291 1446 1292
f 1292 1446 1325
f 1293 1418 1416
f 1293 1416 1294
f 1294 1296 1295
f 1294 1416 1297
f 1297 1416 1446
f 1297 1446 1298
f 1299 1447 1448
f 1299 1448 1300
f 1299 1302 1447
f 1300 1448 1304
f 1300 1304 1301
f 1302 1316 1447
f 1304 1448 1316
f 1304 1316 1307
f 1304 1307 1306
f 1308 1315 1314
f 1308 1314 1449
f 1308 1449 1453
f 1308 1453 1309
f 1309 1450 1451
f 1309 1451 1452
f 1309 1452 1310
f 1309 1453 1558
f 1309 1558 1450
f 1310 1452 1311
f 1311 1452 1312
f 1312 1452 1454
f 1312 1454 1455
f 1312 1455 1456
f 1312 1456 1397
f 1314 1317 1323
f 1314 1323 1449
f 1316 1448 1447
f 1317 1324 1323
f 1318 1387 1457
f 1318 1457 1319
f 1319 1457 1322
f 1319 1322 1320
f 1320 1322 1321
f 1322 1457 1458
f 1322 1458 1459
f 1322 1459 1323
f 1323 1459 1460
f 1323 1460 1461
f 1323 1461 1462
f 1323 1462 1463
f 1323 1463 1449
f 1325 1446 1445
f 1325 1445 1326
f 1326 1445 1327
f 1327 1445 1464
f 1327 1464 1465
f 1327 1465 1329
f 1329 1465 1336
f 1332 1466 1472
f 1332 1472 1334
f 1332 1333 1467
f 1332 1467 1468
f 1332 1468 1469
f 1332 1469 1470
f 1332 1470 1471
f 1332 1471 1441
f 1332 1441 1443
f 1332 1443 1555
f 1332 1555 1466
f 1333 1336 1467
f 1334 1472 1473
f 1334 1473 1335
f 1335 1473 1337
f 1336 1474 1467
f 1336 1465 1474
f 1337 1475 1353
f 1337 1473 1476
f 1337 1476 1477
f 1337 1477 1478
f 1337 1478 1479
f 1337 1479 1475
f 1338 1342 1343
f 1339 1344 1340
f 1340 1350 1356
f 1340 1356 1341
f 1340 1344 1350
f 1341 1356 1355
f 1346 1352 1354
f 1346 1354 1347
f 1347 1354 1475
f 1347 1475 1480
f 1347 1480 1348
f 1348 1481 1351
f 1348 1480 1481
f 1349 1356 1350
f 1349 1351 1356
f 1351 1481 1357
f 1351 1357 1356
f 1353 1475 1354
f 1357 1481 1482
f 1357 1482 1483
f 1357 1483 1358
f 1358 1483 1484
f 1358 1484 1359
f 1359 1361 1360
f 1359 1484 1485
f 1359 1485 1361
f 1361 1367 1486
f 1361 1486 1362
f 1361 1485 1484
f 1361 1484 1487
f 1361 1487 1488
f 1361 1488 1367
f 1362 1486 1367
f 1362 1367 1366
f 1362 1366 1363
f 1363 1366 1364
f 1364 1366 1365
f 1367 1488 1489
f 1367 1489 1490
f 1367 1490 1491
f 1367 1491 1492
f 1367 1492 1493
f 1367 1493 1368
f 1368 1493 1494
f 1368 1494 1369
f 1369 1494 1495
f 1369 1495 1496
f 1369 1496 1378
f 1369 1378 1497
f 1369 1497 1370
f 1370 1497 1498
f 1370 1498 1499
f 1370 1499 1371
f 1371 1499 1376
f 1371 1376 1372
f 1372 1376 1373
f 1374 1498 1377
f 1374 1377 1375
f 1374 1376 1499
f 1374 1499 1498
f 1377 1498 1497
f 1377 1497 1378
f 1378 1496 1500
f 1378 1500 1501
f 1378 1501 1502
f 1378 1502 1379
f 1379 1502 1503
f 1379 1503 1380
f 1380 1504 1505
f 1380 1505 1506
f 1380 1506 1507
f 1380 1507 1508
f 1380 1508 1381
f 1380 1503 1504
f 1381 1508 1382
f 1382 1508 1509
f 1382 1509 1383
f 1383 1509 1510
f 1383 1510 1511
f 1383 1511 1384
f 1384 1511 1512
f 1384 1512 1385
f 1386 1513 1387
f 1387 1513 1457
f 1388 1393 1414
f 1389 1395 1514
f 1389 1514 1390
f 1390 1514 1391
f 1391 1514 1515
f 1391 1515 1516
f 1391 1516 1393
f 1391 1393 1392
f 1393 1516 1414
f 1394 1409 1395
f 1395 1409 1515
f 1395 1515 1514
f 1396 1397 1517
f 1396 1517 1455
f 1396 1455 1398
f 1397 1456 1517
f 1398 1455 1399
f 1399 1455 1518
f 1399 1518 1519
f 1399 1519 1520
f 1399 1520 1400
f 1400 1520 1401
f 1401 1520 1521
f 1401 1521 1522
f 1401 1522 1523
f 1401 1523 1403
f 1401 1403 1402
f 1403 1406 1404
f 1403 1523 1407
f 1403 1407 1406
f 1404 1406 1405
f 1407 1523 1524
f 1407 1524 1525
f 1407 1525 1408
f 1408 1525 1526
f 1408 1526 1515
f 1408 1515 1409
f 1411 1527 1412
f 1411 1414 1528
f 1411 1528 1527
f 1412 1527 1529
f 1412 1529 1413
f 1413 1529 1530
f 1413 1530 1531
f 1413 1531 1532
f 1413 1532 1533
f 1413 1533 1422
f 1413 1422 1420
f 1414 1516 1534
f 1414 1534 1528
f 1415 1446 1416
f 1416 1418 1417
f 1422 1533 1423
f 1423 1533 1532
f 1423 1532 1426
f 1423 1426 1424
f 1426 1535 1427
f 1426 1532 1535
f 1427 1535 1431
f 1428 1536 1537
f 1428 1537 1538
f 1428 1538 1429
f 1428 1434 1536
f 1429 1538 1430
f 1430 1538 1436
f 1430 1436 1435
f 1431 1535 1539
f 1431 1539 1540
f 1431 1540 1432
f 1432 1541 1542
f 1432 1542 1434
f 1432 1434 1433
f 1432 1540 1541
f 1434 1543 1438
f 1434 1438 1544
f 1434 1544 1545
f 1434 1545 1536
f 1434 1542 1546
f 1434 1546 1543
f 1436 1538 1437
f 1437 1538 1547
f 1437 1547 1544
f 1437 1544 1438
f 1438 1543 1548
f 1438 1548 1549
f 1438 1549 1550
f 1438 1550 1551
f 1438 1551 1439
f 1439 1551 1552
f 1439 1552 1440
f 1440 1552 1442
f 1441 1471 1444
f 1442 1552 1553
f 1442 1553 1554
f 1442 1554 1443
f 1443 1554 1555
f 1444 1471 1556
f 1444 1556 1464
f 1444 1464 1445
f 1449 1463 1453
f 1450 1557 1451
f 1450 1558 1632
f 1450 1632 1559
f 1450 1559 1557
f 1451 1557 1560
f 1451 1560 1519
f 1451 1519 1452
f 1452 1519 1454
f 1453 1463 1462
f 1453 1462 1561
f 1453 1561 1558
f 1454 1519 1562
f 1454 1562 1455
f 1455 1562 1518
f 1455 1517 1456
f 1457 1513 1563
f 1457 1563 1458
f 1458 1563 1564
f 1458 1564 1459
f 1459 1564 1565
f 1459 1565 1460
f 1460 1565 1561
f 1460 1561 1462
f 1460 1462 1461
f 1464 1556 1566
f 1464 1566 1567
f 1464 1567 1568
f 1464 1568 1465
f 1465 1568 1569
f 1465 1569 1474
f 1466 1570 1571
f 1466 1571 1572
f 1466 1572 1472
f 1466 1555 1570
f 1467 1474 1468
f 1468 1474 1573
f 1468 1573 1569
f 1468 1569 1568
f 1468 1568 1469
f 1469 1568 1470
f 1470 1568 1471
f 1471 1568 1567
f 1471 1567 1566
f 1471 1566 1556
f 1472 1572 1473
f 1473 1572 1476
f 1474 1569 1573
f 1475 1479 1480
f 1476 1574 1575
f 1476 1575 1477
f 1476 1572 1574
f 1477 1575 1478
f 1478 1575 1576
f 1478 1576 1577
f 1478 1577 1479
f 1479 1577 1480
f 1480 1577 1481
f 1481 1578 1579
f 1481 1579 1482
f 1481 1577 1580
f 1481 1580 1578
f 1482 1579 1581
f 1482 1581 1483
f 1483 1581 1484
f 1484 1581 1582
f 1484 1582 1583
f 1484 1583 1487
f 1487 1583 1584
f 1487 1584 1488
f 1488 1584 1658
f 1488 1658 1585
f 1488 1585 1489
f 1489 1585 1490
f 1490 1585 1586
f 1490 1586 1587
f 1490 1587 1491
f 1491 1501 1495
f 1491 1495 1494
f 1491 1494 1492
f 1491 1587 1588
f 1491 1588 1589
f 1491 1589 1501
f 1492 1494 1590
f 1492 1590 1493
f 1493 1590 1494
f 1495 1501 1496
f 1496 1501 1500
f 1501 1589 1591
f 1501 1591 1502
f 1502 1591 1503
f 1503 1591 1589
f 1503 1589 1504
f 1504 1592 1593
f 1504 1593 1594
f 1504 1594 1505
f 1504 1589 1592
f 1505 1594 1593
f 1505 1593 1506
f 1506 1595 1596
f 1506 1596 1507
f 1506 1593 1595
f 1507 1596 1508
f 1508 1596 1597
f 1508 1597 1598
f 1508 1598 1509
f 1509 1598 1510
f 1510 1598 1511
f 1511 1599 1512
f 1511 1598 1600
f 1511 1600 1601
f 1511 1601 1602
f 1511 1602 1673
f 1511 1673 1599
f 1513 1603 1563
f 1515 1526 1604
f 1515 1604 1516
f 1516 1604 1605
f 1516 1605 1534
f 1518 1562 1519
f 1519 1606 1520
f 1519 1560 1559
f 1519 1559 1606
f 1520 1606 1607
f 1520 1607 1521
f 1521 1607 1608
f 1521 1608 1524
f 1521 1524 1522
f 1522 1524 1523
f 1524 1608 1609
f 1524 1609 1610
f 1524 1610 1525
f 1525 1610 1611
f 1525 1611 1526
f 1526 1611 1612
f 1526 1612 1613
f 1526 1613 1614
f 1526 1614 1615
f 1526 1615 1616
f 1526 1616 1604
f 1527 1528 1529
f 1528 1534 1529
f 1529 1534 1605
f 1529 1605 1617
f 1529 1617 1530
f 1530 1617 1531
f 1531 1617 1618
f 1531 1618 1619
f 1531 1619 1620
f 1531 1620 1621
f 1531 1621 1535
f 1531 1535 1532
f 1535 1621 1622
f 1535 1622 1539
f 1536 1547 1537
f 1536 1545 1547
f 1537 1547 1538
f 1539 1617 1623
f 1539 1623 1624
f 1539 1624 1540
f 1539 1622 1617
f 1540 1624 1625
f 1540 1625 1541
f 1541 1625 1626
f 1541 1626 1627
f 1541 1627 1628
f 1541 1628 1542
f 1542 1628 1553
f 1542 1553 1551
f 1542 1551 1549
f 1542 1549 1546
f 1543 1546 1548
f 1544 1547 1545
f 1546 1549 1548
f 1549 1551 1550
f 1551 1553 1552
f 1553 1628 1629
f 1553 1629 1555
f 1553 1555 1554
f 1555 1629 1630
f 1555 1630 1631
f 1555 1631 1570
f 1557 1559 1560
f 1558 1561 1565
f 1558 1565 1633
f 1558 1633 1632
f 1559 1632 1606
f 1563 1603 1634
f 1563 1634 1635
f 1563 1635 1636
f 1563 1636 1637
f 1563 1637 1564
f 1564 1637 1638
f 1564 1638 1639
f 1564 1639 1640
f 1564 1640 1641
f 1564 1641 1642
f 1564 1642 1643
f 1564 1643 1644
f 1564 1644 1565
f 1565 1644 1633
f 1570 1645 1571
f 1570 1631 1645
f 1571 1645 1646
f 1571 1646 1574
f 1571 1574 1572
f 1574 1646 1647
f 1574 1647 1576
f 1574 1576 1575
f 1576 1647 1577
f 1577 1647 1648
f 1577 1648 1580
f 1578 1649 1579
f 1578 1580 1650
f 1578 1650 1651
f 1578 1651 1652
f 1578 1652 1653
f 1578 1653 1654
f 1578 1654 1649
f 1579 1649 1581
f 1580 1648 1647
f 1580 1647 1650
f 1581 1655 1582
f 1581 1649 1656
f 1581 1656 1586
f 1581 1586 1657
f 1581 1657 1655
f 1582 1655 1583
f 1583 1655 1584
f 1584 1655 1658
f 1585 1658 1586
f 1586 1658 1655
f 1586 1655 1657
f 1586 1656 1587
f 1587 1656 1659
f 1587 1659 1588
f 1588 1660 1661
f 1588 1661 1662
f 1588 1662 1663
f 1588 1663 1664
f 1588 1664 1589
f 1588 1659 1660
f 1589 1664 1665
f 1589 1665 1592
f 1592 1665 1666
f 1592 1666 1593
f 1593 1666 1595
f 1595 1666 1596
f 1596 1666 1667
f 1596 1667 1668
f 1596 1668 1669
f 1596 1669 1670
f 1596 1670 1597
f 1597 1670 1598
f 1598 1671 1600
f 1598 1670 1672
f 1598 1672 1671
f 1599 1673 1674
f 1600 1671 1675
f 1600 1675 1676
f 1600 1676 1677
f 1600 1677 1601
f 1601 1678 1682
f 1601 1682 1602
f 1601 1677 1679
f 1601 1679 1680
f 1601 1680 1681
f 1601 1681 1678
f 1602 1682 1683
f 1602 1683 1635
f 1602 1635 1673
f 1603 1684 1634
f 1604 1616 1617
f 1604 1617 1605
f 1606 1685 1607
f 1606 1632 1686
f 1606 1686 1685
f 1607 1687 1688
f 1607 1688 1689
f 1607 1689 1608
f 1607 1685 1687
f 1608 1689 1609
f 1609 1689 1688
f 1609 1688 1690
f 1609 1690 1691
f 1609 1691 1692
f 1609 1692 1610
f 1610 1692 1611
f 1611 1692 1693
f 1611 1693 1612
f 1612 1693 1694
f 1612 1694 1613
f 1613 1694 1614
f 1614 1695 1615
f 1614 1694 1696
f 1614 1696 1695
f 1615 1697 1698
f 1615 1698 1699
f 1615 1699 1616
f 1615 1695 1696
f 1615 1696 1700
f 1615 1700 1701
f 1615 1701 1697
f 1616 1699 1623
f 1616 1623 1617
f 1617 1622 1702
f 1617 1702 1618
f 1618 1702 1703
f 1618 1703 1619
f 1619 1703 1702
f 1619 1702 1620
f 1620 1702 1621
f 1621 1702 1622
f 1623 1699 1698
f 1623 1698 1704
f 1623 1704 1705
f 1623 1705 1624
f 1624 1705 1706
f 1624 1706 1707
f 1624 1707 1625
f 1625 1707 1626
f 1626 1707 1708
f 1626 1708 1709
f 1626 1709 1627
f 1627 1709 1629
f 1627 1629 1628
f 1629 1709 1710
f 1629 1710 1711
f 1629 1711 1712
f 1629 1712 1713
f 1629 1713 1714
f 1629 1714 1630
f 1630 1714 1631
f 1631 1714 1715
f 1631 1715 1645
f 1632 1633 1644
f 1632 1644 1716
f 1632 1716 1686
f 1634 1684 1635
f 1635 1683 1636
f 1635 1684 1673
f 1636 1683 1682
f 1636 1682 1717
f 1636 1717 1638
f 1636 1638 1637
f 1638 1718 1639
f 1638 1717 1718
f 1639 1718 1719
f 1639 1719 1720
f 1639 1720 1721
f 1639 1721 1640
f 1640 1721 1641
f 1641 1685 1686
f 1641 1686 1716
f 1641 1716 1642
f 1641 1721 1722
f 1641 1722 1723
f 1641 1723 1724
f 1641 1724 1685
f 1642 1716 1643
f 1643 1716 1644
f 1645 1715 1725
f 1645 1725 1726
f 1645 1726 1727
f 1645 1727 1728
f 1645 1728 1646
f 1646 1728 1729
f 1646 1729 1650
f 1646 1650 1647
f 1649 1654 1656
f 1650 1729 1730
f 1650 1730 1651
f 1651 1730 1731
f 1651 1731 1652
f 1652 1659 1732
f 1652 1732 1653
f 1652 1731 1659
f 1653 1732 1654
f 1654 1732 1656
f 1656 1732 1659
f 1659 1731 1730
f 1659 1730 1733
f 1659 1733 1660
f 1660 1733 1661
f 1661 1734 1735
f 1661 1735 1736
f 1661 1736 1737
f 1661 1737 1663
f 1661 1663 1662
f 1661 1733 1734
f 1663 1737 1738
f 1663 1738 1739
f 1663 1739 1740
f 1663 1740 1664
f 1664 1740 1741
f 1664 1741 1742
f 1664 1742 1743
f 1664 1743 1744
f 1664 1744 1745
f 1664 1745 1746
f 1664 1746 1665
f 1665 1746 1747
f 1665 1747 1748
f 1665 1748 1749
f 1665 1749 1750
f 1665 1750 1672
f 1665 1672 1670
f 1665 1670 1669
f 1665 1669 1668
f 1665 1668 1667
f 1665 1667 1666
f 1671 1751 1752
f 1671 1752 1753
f 1671 1753 1754
f 1671 1754 1675
f 1671 1672 1751
f 1672 1750 1749
f 1672 1749 1752
f 1672 1752 1751
f 1673 1684 1674
f 1675 1754 1676
f 1676 1754 1755
f 1676 1755 1677
f 1677 1755 1756
f 1677 1756 1757
f 1677 1757 1679
f 1678 1758 1682
f 1678 1681 1758
f 1679 1757 1680
f 1680 1757 1759
f 1680 1759 1681
f 1681 1760 1761
f 1681 1761 1762
f 1681 1762 1758
f 1681 1759 1763
f 1681 1763 1764
f 1681 1764 1765
f 1681 1765 1766
f 1681 1766 1767
f 1681 1767 1760
f 1682 1758 1762
f 1682 1762 1761
f 1682 1761 1768
f 1682 1768 1826
f 1682 1826 1769
f 1682 1769 1717
f 1685 1770 1771
f 1685 1771 1687
f 1685 1724 1772
f 1685 1772 1770
f 1687 1771 1690
f 1687 1690 1688
f 1690 1771 1770
f 1690 1770 1773
f 1690 1773 1691
f 1691 1767 1774
f 1691 1774 1775
f 1691 1775 1692
f 1691 1773 1760
f 1691 1760 1767
f 1692 1775 1693
f 1693 1775 1776
f 1693 1776 1694
f 1694 1776 1696
f 1696 1776 1700
f 1697 1706 1705
f 1697 1705 1704
f 1697 1704 1698
f 1697 1701 1777
f 1697 1777 1706
f 1700 1776 1778
f 1700 1778 1779
f 1700 1779 1701
f 1701 1779 1777
f 1706 1780 1707
f 1706 1777 1781
f 1706 1781 1779
f 1706 1779 1780
f 1707 1780 1782
f 1707 1782 1783
f 1707 1783 1784
f 1707 1784 1785
f 1707 1785 1708
f 1708 1785 1786
f 1708 1786 1709
f 1709 1786 1787
f 1709 1787 1710
f 1710 1787 1711
f 1711 1787 1788
f 1711 1788 1789
f 1711 1789 1790
f 1711 1790 1712
f 1712 1790 1791
f 1712 1791 1792
f 1712 1792 1713
f 1713 1792 1714
f 1714 1792 1793
f 1714 1793 1794
f 1714 1794 1715
f 1715 1794 1795
f 1715 1795 1796
f 1715 1796 1725
f 1717 1769 1718
f 1718 1769 1797
f 1718 1797 1719
f 1719 1797 1720
f 1720 1797 1721
f 1721 1797 1722
f 1722 1797 1769
f 1722 1769 1798
f 1722 1798 1772
f 1722 1772 1724
f 1722 1724 1723
f 1725 1799 1726
f 1725 1796 1800
f 1725 1800 1801
f 1725 1801 1802
f 1725 1802 1799
f 1726 1799 1803
f 1726 1803 1727
f 1727 1736 1735
f 1727 1735 1728
f 1727 1803 1804
f 1727 1804 1736
f 1728 1730 1729
f 1728 1735 1730
f 1730 1735 1734
f 1730 1734 1733
f 1736 1804 1805
f 1736 1805 1806
f 1736 1806 1737
f 1737 1806 1805
f 1737 1805 1807
f 1737 1807 1738
f 1738 1807 1739
f 1739 1807 1740
f 1740 1807 1741
f 1741 1807 1742
f 1742 1807 1808
f 1742 1808 1809
f 1742 1809 1743
f 1743 1809 1744
f 1744 1809 1745
f 1745 1809 1810
f 1745 1810 1746
f 1746 1810 1811
f 1746 1811 1747
f 1747 1811 1812
f 1747 1812 1813
f 1747 1813 1748
f 1748 1813 1749
f 1749 1813 1814
f 1749 1814 1752
f 1752 1814 1754
f 1752 1754 1753
f 1754 1814 1815
f 1754 1815 1816
f 1754 1816 1817
f 1754 1817 1755
f 1755 1817 1756
f 1756 1818 1757
f 1756 1817 1819
f 1756 1819 1820
f 1756 1820 1821
f 1756 1821 1822
f 1756 1822 1818
f 1757 1818 1823
f 1757 1823 1824
f 1757 1824 1759
f 1759 1824 1763
f 1760 1825 1826
f 1760 1826 1768
f 1760 1768 1761
f 1760 1773 1825
f 1763 1824 1764
f 1764 1824 1827
f 1764 1827 1765
f 1765 1774 1766
f 1765 1827 1774
f 1766 1774 1767
f 1769 1826 1798
f 1770 1772 1798
f 1770 1798 1773
f 1773 1798 1825
f 1774 1828 1829
f 1774 1829 1775
f 1774 1827 1830
f 1774 1830 1831
f 1774 1831 1832
f 1774 1832 1833
f 1774 1833 1834
f 1774 1834 1828
f 1775 1829 1835
f 1775 1835 1776
f 1776 1835 1836
f 1776 1836 1778
f 1777 1779 1781
f 1778 1836 1837
f 1778 1837 1779
f 1779 1837 1780
f 1780 1838 1782
f 1780 1837 1838
f 1782 1839 1840
f 1782 1840 1841
f 1782 1841 1785
f 1782 1785 1784
f 1782 1784 1783
f 1782 1838 1837
f 1782 1837 1839
f 1785 1841 1842
f 1785 1842 1843
f 1785 1843 1844
f 1785 1844 1786
f 1786 1844 1787
f 1787 1844 1788
f 1788 1844 1845
f 1788 1845 1789
f 1789 1845 1790
f 1790 1845 1791
f 1791 1845 1792
f 1792 1845 1846
f 1792 1846 1793
f 1793 1846 1847
f 1793 1847 1848
f 1793 1848 1849
f 1793 1849 1794
f 1794 1849 1800
f 1794 1800 1795
f 1795 1800 1796
f 1798 1826 1825
f 1799 1802 1850
f 1799 1850 1851
f 1799 1851 1803
f 1800 1852 1850
f 1800 1850 1801
f 1800 1849 1853
f 1800 1853 1852
f 1801 1850 1802
f 1803 1851 1805
f 1803 1805 1804
f 1805 1851 1809
f 1805 1809 1808
f 1805 1808 1807
f 1809 1851 1815
f 1809 1815 1812
f 1809 1812 1811
f 1809 1811 1810
f 1812 1815 1813
f 1813 1815 1814
f 1815 1851 1816
f 1816 1851 1817
f 1817 1851 1850
f 1817 1850 1820
f 1817 1820 1819
f 1818 1822 1823
f 1820 1850 1854
f 1820 1854 1855
f 1820 1855 1821
f 1821 1855 1822
f 1822 1855 1830
f 1822 1830 1856
f 1822 1856 1824
f 1822 1824 1823
f 1824 1856 1830
f 1824 1830 1827
f 1828 1857 1829
f 1828 1834 1857
f 1829 1857 1858
f 1829 1858 1835
f 1830 1859 1831
f 1830 1855 1860
f 1830 1860 1859
f 1831 1859 1861
f 1831 1861 1832
f 1832 1861 1833
f 1833 1861 1862
f 1833 1862 1834
f 1834 1862 1857
f 1835 1858 1863
f 1835 1863 1864
f 1835 1864 1840
f 1835 1840 1836
f 1836 1840 1839
f 1836 1839 1837
f 1840 1842 1841
f 1840 1864 1842
f 1842 1864 1863
f 1842 1863 1843
f 1843 1863 1858
f 1843 1858 1865
f 1843 1865 1844
f 1844 1865 1845
f 1845 1865 1866
f 1845 1866 1846
f 1846 1866 1859
f 1846 1859 1860
f 1846 1860 1855
f 1846 1855 1847
f 1847 1855 1848
f 1848 1855 1854
f 1848 1854 1849
f 1849 1854 1850
f 1849 1850 1853
f 1850 1852 1853
f 1857 1866 1865
f 1857 1865 1858
f 1857 1862 1866
f 1859 1866 1861
f 1861 1866 1862

