# https://github.com/mikedh/trimesh
v -0.67051883 -0.61073209 0.04349225
v -0.73500417 -0.42661536 0.21626905
v -0.74691149 -0.36897210 0.27420412
v -0.63296634 -0.61917730 -0.04530440
v -0.65497737 -0.38740846 0.34600267
v -0.64999862 -0.64747380 -0.08528956
v -0.66193784 -0.25166305 0.06869332
v -0.66271666 -0.41823188 0.10803897
v -0.68548203 -0.60068551 0.09184871
v -0.77055668 -0.37589262 0.19435478
v -0.66937196 0.27945445 -0.03166146
v -0.65234087 -0.44549813 0.18764549
v -0.65791764 0.37106511 -0.05171331
v -0.71789917 -0.26988316 0.13173172
v -0.71750191 -0.40564317 0.29866211
v -0.65528692 -0.58944786 0.15267776
v -0.62568491 -0.57461681 -0.10949827
v -0.72732374 -0.34011715 0.07255884
v -0.62138416 -0.62259459 0.38329510
v -0.63894469 -0.55502174 0.03291324
v -0.63716452 -0.67295303 -0.08090104
v -0.59704625 -0.76088445 0.34056458
v -0.66220860 -0.58974658 0.09384920
v -0.66129532 -0.62428968 0.15620892
v -0.66029767 -0.32038487 0.04587776
v -0.62275946 -0.60147948 -0.12766997
v -0.54746533 -0.59391426 0.51096662
v -0.64516863 -0.32960165 0.04246496
v -0.64517724 -0.32959862 0.04247005
v -0.64127865 -0.33351166 0.04249496
v -0.64127865 -0.34132165 0.04461496
v -0.63422033 0.29083379 0.06110043
v -0.64928357 0.12178870 -0.00399276
v -0.65087244 0.14862593 -0.02264552
v -0.61666323 0.07115778 -0.08270560
v -0.70616639 -0.29202878 0.27346793
v -0.60686896 0.27976943 -0.19335291
v -0.60529866 0.29147833 -0.19580504
v -0.64463770 0.24515819 -0.11494235
v -0.62174865 -0.60267163 -0.12939505
v -0.66824676 -0.62923337 0.01587034
v -0.62455805 -0.59691065 -0.10980665
v -0.51750422 -0.59654713 -0.02138932
v -0.55486057 -0.53257916 -0.11514227
v -0.62174865 -0.60694165 -0.12947504
v -0.62175963 -0.60716680 -0.12945486
v -0.64127865 -0.33342165 0.04246496
v -0.61418361 -0.75414343 0.37192743
v -0.59774715 -0.59695214 -0.17502662
v -0.63708610 -0.33723738 0.04238603
v -0.62174865 -0.60304166 -0.12939505
v -0.62174865 -0.60304166 -0.12940504
v -0.59385586 -0.54372141 0.25821298
v -0.63736864 -0.33725167 0.04246496
v -0.63736864 -0.33741165 0.04251496
v -0.64118864 -0.33351166 0.04246496
v -0.64127865 -0.32960165 0.04143496
v -0.64644978 -0.35008541 0.04843139
v -0.58184029 -0.21560480 0.03564893
v -0.59679640 0.03415646 -0.07088909
v -0.61275296 0.02603054 -0.02097892
v -0.59464162 0.15378018 0.10659122
v -0.61002865 0.28657835 -0.18799504
v -0.61004867 0.28366833 -0.18799504
v -0.59547643 0.15027333 -0.17081692
v -0.61002865 0.28757834 -0.18797504
v -0.61001863 0.28757834 -0.18799504
v -0.61230864 0.29147833 -0.18408503
v -0.56071752 0.22851702 -0.24137133
v -0.63679162 0.31549412 -0.13885068
v -0.64711730 0.30079016 0.03413150
v -0.61002865 0.27933835 -0.18799504
v -0.61002865 0.29147833 -0.18790504
v -0.60461737 0.33474275 -0.19816062
v -0.61000412 0.29872599 -0.18783329
v -0.60868177 -0.67703703 -0.13119013
v -0.53711672 -0.64979210 -0.02596587
v -0.62900509 -0.69598017 0.39052436
v -0.57566164 -0.65551545 -0.17842405
v -0.61901512 -0.59905597 -0.13360980
v -0.62184509 0.19592743 -0.15194314
v -0.59921579 -0.64864403 -0.13159141
v -0.64271777 -0.65620359 -0.07911559
v -0.59620037 -0.61190687 0.26133914
v -0.62361132 -0.59660082 0.21075123
v -0.59818455 -0.58975863 0.27168620
v -0.60345356 -0.58498474 0.32098070
v -0.56669723 -0.55473762 0.36107431
v -0.58345395 -0.55429327 0.34065241
v -0.58190501 -0.52973606 0.41955637
v -0.49674865 -0.61866165 -0.16448505
v -0.49838867 -0.61866165 -0.16064505
v -0.59725634 -0.53702572 -0.13429132
v -0.58672515 -0.80646268 0.44206340
v -0.65828888 -0.42754329 0.30530115
v -0.56111156 -0.54928061 -0.12273217
v -0.65042899 -0.55255385 0.04604240
v -0.59948802 -0.18791712 0.14726843
v -0.68360482 -0.23731921 0.18105885
v -0.55563251 -0.67277715 0.52902157
v -0.61252113 -0.54515234 0.25371744
v -0.51830472 -0.29910623 0.33831057
v -0.61880220 -0.33781394 0.03747767
v -0.63058173 0.12655427 0.05144293
v -0.60825581 -0.21406993 0.06660932
v -0.62798160 -0.24395806 0.28329067
v -0.54742559 -0.00469631 0.08246813
v -0.48220073 -0.94215095 0.45027055
v -0.49824807 -0.42367071 -0.12789311
v -0.57173318 0.02321339 0.06709022
v -0.50229868 -0.67726166 -0.21142504
v -0.61006864 0.27976834 -0.18799504
v -0.61237885 0.27992489 -0.18413358
v -0.60997864 0.29147833 -0.18799504
v -0.60993864 0.29538833 -0.18799504
v -0.60762070 0.29962591 0.09901052
v -0.61002865 0.27976834 -0.18806505
v -0.61002865 0.28366833 -0.18803503
v -0.57701579 0.25031378 0.12573201
v -0.56187953 0.31202446 -0.25387159
v -0.55552081 0.27513399 -0.25449434
v -0.57415885 0.45286796 0.08378920
v -0.60745967 0.45999837 0.03872470
v -0.57060999 -0.87310451 0.38501263
v -0.51220672 -0.80357571 -0.16418070
v -0.55573638 -0.68887301 -0.21566195
v -0.47409453 -0.91635642 0.48825013
v -0.49931603 -0.86219096 0.02181845
v -0.54073130 -0.66038633 -0.23022164
v -0.55193200 -0.76947909 0.13026619
v -0.52422219 -0.91849754 0.36848622
v -0.58917610 -0.59413259 0.47636756
v -0.60037890 -0.61286409 0.35554231
v -0.59406039 -0.53810479 0.27505592
v -0.52786198 -0.54473206 0.26446112
v -0.49676405 -0.62672114 -0.17267594
v -0.50269514 -0.62710458 -0.15911446
v -0.54017270 -0.57472513 -0.24732923
v -0.51237320 -0.68116158 -0.19190552
v -0.50064864 -0.67349166 -0.21142504
v -0.50064864 -0.67726166 -0.21527504
v -0.55579369 0.12016986 0.12237055
v -0.55065709 -0.37406840 0.04797267
v -0.48829530 -0.44160758 0.01323197
v -0.55018949 -0.49782772 -0.12958184
v -0.57380266 -0.43966315 0.19858315
v -0.58796099 -0.32850063 0.32603476
v -0.50031833 -0.56914863 -0.07158323
v -0.57487726 0.09758878 -0.16127743
v -0.53602676 -0.03421848 -0.03138620
v -0.59268803 0.03068681 -0.07980669
v -0.56314864 0.17819835 -0.21925504
v -0.56504866 0.18210834 -0.21924504
v -0.52430383 0.05423522 -0.18184525
v -0.56315073 0.17816865 -0.21924500
v -0.56113865 0.18210834 -0.22314505
v -0.55925866 0.17819835 -0.22314505
v -0.55619726 0.13476435 -0.20557076
v -0.55924865 0.17817835 -0.22314505
v -0.55924865 0.17819835 -0.22315504
v -0.57158846 0.25228340 -0.23332444
v -0.51148392 0.19440988 -0.27520993
v -0.55534866 0.17819835 -0.22705504
v -0.55533864 0.17818835 -0.22705504
v -0.55533864 0.17819835 -0.22705504
v -0.55722865 0.18210834 -0.22705504
v -0.60368023 0.40702094 -0.18598825
v -0.53072722 0.46628492 -0.25090747
v -0.58742872 0.48747819 -0.15581501
v -0.64487807 0.43481534 -0.05335261
v -0.60502504 0.49309488 -0.00245142
v -0.53191634 0.65586128 -0.08379699
v -0.48502865 -0.87654168 0.51121495
v -0.48113864 -0.88038165 0.51121495
v -0.48502865 -0.87648166 0.51126496
v -0.56886389 0.59630873 -0.07153020
v -0.52237218 -0.88856633 0.47135031
v -0.51840299 -0.89090818 0.32170078
v -0.56479288 -0.76543089 -0.03812645
v -0.54485215 -0.74283079 -0.15223019
v -0.51209775 -0.81324848 0.17130649
v -0.52305521 -0.74463260 0.22023066
v -0.48499895 -0.80022910 -0.23486421
v -0.51237866 -0.68116165 -0.19189505
v -0.51236864 -0.68496168 -0.19580504
v -0.51241865 -0.68507165 -0.19580504
v -0.52250079 -0.78479405 0.23328522
v -0.48837864 -0.79444165 -0.23486503
v -0.54586708 -0.74151936 0.18877872
v -0.52017864 -0.77101166 0.21406496
v -0.52016863 -0.77491165 0.21043497
v -0.52006867 -0.77101166 0.21434496
v -0.52017864 -0.77488167 0.21043497
v -0.50225862 -0.67335165 -0.20752504
v -0.52843177 -0.70311052 0.20828581
v -0.51910541 -0.63330930 -0.10626511
v -0.48508864 -0.87648166 0.51121495
v -0.48111864 -0.87445164 0.51512495
v -0.50069862 -0.50105450 0.20145640
v -0.51914775 -0.58766637 0.25605156
v -0.51071970 -0.66781660 -0.27341776
v -0.52177867 -0.77491165 0.20653496
v -0.51230882 -0.68636875 -0.19736999
v -0.51402455 -0.64273502 0.18181050
v -0.48333512 -0.57395609 0.19527246
v -0.50066429 -0.66957897 -0.20739073
v -0.48502865 -0.86866165 0.51646499
v -0.47937893 -0.87026132 0.51909636
v -0.50058868 -0.67335165 -0.21142504
v -0.50064864 -0.67335165 -0.21128503
v -0.50054862 -0.66944165 -0.20752504
v -0.52798703 -0.62256979 0.00731732
v -0.48502865 -0.79438168 -0.24267504
v -0.48421981 -0.79586455 -0.24265888
v -0.52799815 -0.62255663 0.01100089
v -0.51844880 -0.58024796 -0.26995320
v -0.53613463 -0.59546442 0.53460085
v -0.48895820 -0.79054322 -0.23877398
v -0.49285872 -0.78676839 -0.23486354
v -0.49738743 -0.61083786 -0.15481811
v -0.51693865 -0.77491165 0.21825496
v -0.54117884 -0.52863785 0.21357451
v -0.55994211 -0.73070304 -0.04456350
v -0.50836237 -0.26899851 0.30235839
v -0.50455865 -0.28273166 0.31198496
v -0.50456866 -0.28273166 0.31200496
v -0.52084507 -0.76823895 0.21504914
v -0.51554938 -0.50915143 0.18806270
v -0.53725646 -0.55427831 0.28352593
v -0.54167021 -0.48361114 0.41706111
v -0.50449745 -0.28277127 0.31197981
v -0.50437478 -0.40710169 0.26124551
v -0.56509021 -0.37261563 0.31623258
v -0.55158868 0.17038833 -0.22705504
v -0.55110724 -0.03011208 -0.05525069
v -0.46942587 -0.42752903 0.16908940
v -0.50459854 -0.28665114 0.31591721
v -0.53534910 0.14249841 0.14909866
v -0.54807780 0.17569391 -0.23363936
v -0.51771412 -0.01748311 0.08701431
v -0.50176240 -0.68920720 -0.32375983
v -0.51963446 0.30719755 0.16486342
v -0.55441359 0.44607774 0.10186657
v -0.53517409 0.48694161 -0.23844827
v -0.54644616 0.56856453 -0.16069747
v -0.48903864 -0.87257165 0.51121495
v -0.48892864 -0.87648166 0.50872496
v -0.48892864 -0.87267167 0.51121495
v -0.44313827 0.83322751 -0.17080033
v -0.48155180 0.64124229 -0.21641287
v -0.56379512 0.51927671 -0.17716488
v -0.46457666 -0.87820328 0.52402353
v -0.43454274 -0.80532453 -0.32659252
v -0.49674865 -0.86500168 0.51121495
v -0.46394238 -0.84988532 0.21808807
v -0.49285744 -0.86878182 0.51121530
v -0.49283864 -0.86866165 0.51131497
v -0.49223018 -0.88022477 0.50395508
v -0.45847395 -0.89398594 0.08387576
v -0.48892864 -0.87257165 0.51128498
v -0.48892976 -0.79056572 -0.23880394
v -0.48892864 -0.79059166 -0.23877504
v -0.48502865 -0.79444165 -0.24258504
v -0.52260838 -0.68765583 -0.17472955
v -0.52017864 -0.77491165 0.21040495
v -0.51864865 -0.77882165 0.21043497
v -0.50062772 -0.67728766 -0.21535926
v -0.48162417 -0.69489611 -0.32825335
v -0.50050863 -0.66554166 -0.20361503
v -0.50838389 -0.67692897 -0.19687776
v -0.51175056 -0.65224078 -0.16348801
v -0.48560581 -0.65582445 -0.22860119
v -0.51090500 -0.64628105 0.56267391
v -0.34032249 -0.90592505 0.25826558
v -0.49674865 -0.62257165 -0.16845504
v -0.49667864 -0.61476166 -0.16064505
v -0.49674865 -0.61873168 -0.16455504
v -0.49670865 -0.61866165 -0.16455504
v -0.45619204 -0.59899342 -0.38798536
v -0.48382445 -0.51058362 0.52110165
v -0.51616383 -0.58631390 0.04110836
v -0.48557271 -0.54903524 -0.09310713
v -0.48156166 -0.55996646 0.24114768
v -0.45691535 -0.56099901 -0.19734784
v -0.49677608 -0.84081172 0.52697162
v -0.47720864 0.14304834 0.19876496
v -0.46634098 -0.50105638 0.13858036
v -0.55943306 -0.48349117 -0.13121023
v -0.50784967 -0.50832564 -0.11702376
v -0.53082354 -0.55016105 0.24160509
v -0.51813532 -0.51348346 0.08575443
v -0.49684363 -0.61170389 0.19796325
v -0.44515991 -0.41485580 0.01040181
v -0.49714686 -0.41473707 -0.12938933
v -0.56211407 -0.28628805 0.00511296
v -0.51692835 -0.50484657 -0.06295193
v -0.50358926 -0.50762931 0.01180607
v -0.48187315 -0.45367142 0.17346999
v -0.48522857 -0.78053728 -0.25932624
v -0.48266807 -0.44177997 -0.00081961
v -0.50846994 -0.28296575 0.31587782
v -0.50474867 -0.27882165 0.30809496
v -0.50478725 -0.27500748 0.30412902
v -0.47147961 -0.25817431 -0.03610119
v -0.50102862 -0.28663165 0.31200496
v -0.50455865 -0.27882165 0.30787495
v -0.50460865 -0.28663165 0.31590495
v -0.50455865 -0.28663165 0.31586496
v -0.49163477 -0.35342409 0.32285703
v -0.50845864 -0.28273166 0.31571496
v -0.50951612 -0.28029217 0.31472029
v -0.55195393 -0.24917890 0.30962251
v -0.45719670 0.05398707 -0.24747388
v -0.46661017 0.03776493 0.17455228
v -0.50082420 0.14037439 -0.26152425
v -0.48500786 0.04651715 -0.21481770
v -0.51064694 -0.03710193 0.01564536
v -0.47342250 0.14101731 0.20243882
v -0.47718682 0.13912479 0.19873709
v -0.49674914 -0.62255313 -0.16845507
v -0.42710063 0.01218678 0.18629919
v -0.47734192 0.13890884 0.19865744
v -0.48764723 0.17309422 0.19064300
v -0.49937570 0.43078360 -0.29434845
v -0.47216342 -0.85669664 -0.14029278
v -0.44973527 0.70630746 0.03003065
v -0.51632469 0.60064117 0.03973817
v -0.50812583 0.60492986 -0.19812606
v -0.53229070 -0.80815328 0.51871801
v -0.42282990 -0.63588018 -0.44109724
v -0.45814167 -0.69873219 -0.29939065
v -0.49625300 -0.86377132 0.03245434
v -0.51694332 -0.73997090 -0.22461814
v -0.48044022 -0.66802618 -0.33474366
v -0.45006697 -0.66563475 -0.39451439
v -0.39312707 -0.86807885 -0.29758138
v -0.43557913 -0.87077375 -0.21754426
v -0.45584733 -0.05265475 0.02963825
v -0.45607777 -0.95753191 0.39089720
v -0.44244182 -0.67654383 -0.41624793
v -0.48350141 -0.55673861 -0.30158914
v -0.42770186 -0.52811143 -0.28293721
v -0.49590053 -0.54575553 -0.01848110
v -0.45014470 -0.50416633 -0.22234893
v -0.44803681 -0.32949715 0.19961664
v -0.45117250 -0.48362116 0.16075177
v -0.50621390 -0.48812024 -0.12225345
v -0.47515495 -0.45750149 -0.12698213
v -0.47725865 0.14304834 0.19871496
v -0.47720864 0.13913833 0.19872496
v -0.47017757 -0.43606653 -0.11001121
v -0.41280522 -0.01905263 -0.23266648
v -0.53339184 -0.51091416 0.20625129
v -0.46524620 -0.43235758 0.28155005
v -0.46661103 -0.28990362 0.27035183
v -0.43724815 -0.42416293 -0.09273325
v -0.42488998 -0.41596540 0.15145625
v -0.44482382 -0.41461907 -0.10262005
v -0.44700988 -0.43025946 -0.01353472
v -0.44462034 -0.40873340 0.02369660
v -0.45663791 -0.44341811 0.17652141
v -0.49124327 -0.38581622 0.09014090
v -0.50593124 0.06155840 0.15168791
v -0.27943162 -0.06539261 0.24821242
v -0.46645911 -0.33189875 -0.00562946
v -0.44447447 0.09474626 0.22162402
v -0.44155201 -0.05054359 -0.15082997
v -0.47730865 0.14694835 0.19871496
v -0.49726695 0.18619620 0.19085082
v -0.44954354 0.20306221 0.22377515
v -0.44828348 0.30521657 0.20629097
v -0.36745411 0.71334311 -0.28817278
v -0.50779049 0.70498898 -0.08551126
v -0.47140042 0.69881810 -0.00076514
v -0.44608809 0.91657721 -0.10515832
v -0.44529719 0.81485483 -0.00573960
v -0.46157917 0.85396925 -0.06704937
v -0.46521432 0.85819450 -0.08619501
v -0.44612348 0.90618091 -0.07163436
v -0.46209764 0.85788952 -0.07217412
v -0.45544047 -0.78317874 0.56743532
v -0.46859428 -0.73381857 -0.30140280
v -0.45323895 -0.43661291 -0.10731215
v -0.42254130 -0.87650189 0.21784763
v -0.41490856 -0.85852626 0.56099953
v -0.53133389 -0.63201178 0.02381900
v -0.56057506 -0.70731598 0.04372348
v -0.33585149 -0.76013641 0.60721215
v -0.35220864 -0.58741165 -0.31688505
v -0.35220695 -0.58741063 -0.31688550
v -0.42212136 -0.64594528 -0.47659102
v -0.44881674 -0.77141425 0.57320584
v -0.39963804 -0.59405095 -0.43894244
v -0.36252290 -0.52924568 -0.40758911
v -0.40928988 -0.23903316 0.19278875
v -0.34830865 -0.88429166 -0.28563505
v -0.35215866 -0.88429166 -0.28174504
v -0.35220864 -0.88427169 -0.28174504
v -0.34830176 -0.88429213 -0.28563745
v -0.45026581 -0.59869007 0.58517408
v -0.42648486 -0.68302869 -0.32340626
v -0.40878926 -0.54059516 -0.24580294
v -0.38796902 -0.08155388 -0.14407697
v -0.44192282 -0.47304574 -0.21875323
v -0.40219290 -0.46072066 -0.25069116
v -0.38345864 -0.45069165 -0.19699504
v -0.38345864 -0.44679166 -0.19318504
v -0.43597614 -0.42006695 -0.09497056
v -0.47331535 -0.48234292 0.04471525
v -0.44566886 -0.27500181 0.21894030
v -0.37012600 -0.45211646 0.43324817
v -0.31755656 -0.46522178 0.54444490
v -0.47537885 -0.18073861 -0.00639318
v -0.42818852 -0.17332418 -0.01522160
v -0.41764336 -0.41632422 -0.11454514
v -0.43424865 -0.41944165 -0.09415504
v -0.43033864 -0.41869167 -0.09033504
v -0.43424865 -0.41939167 -0.09424504
v -0.32782910 -0.05527939 0.19693431
v -0.39517864 -0.95850164 0.40575496
v -0.39127865 -0.95759166 0.40184496
v -0.39127865 -0.95851166 0.40944496
v -0.39128205 -0.95852560 0.40958783
v -0.43374366 -0.34885458 0.15753644
v -0.42633941 -0.17718047 -0.02004413
v -0.39601339 -0.95768818 0.39854915
v -0.42554828 -0.40912673 -0.08707426
v -0.49065307 -0.18469285 0.18786554
v -0.42252865 -0.17927166 -0.02392504
v -0.42410791 -0.12682256 0.06280161
v -0.47977636 0.01017911 -0.19244719
v -0.41499482 0.08133107 -0.30112382
v -0.38022232 -0.00930857 0.20247109
v -0.42624866 -0.17335165 -0.01611504
v -0.42657059 -0.17726480 -0.02002578
v -0.45357249 0.25052286 -0.33772343
v -0.46700916 0.41880077 0.16568653
v -0.40065462 0.46468685 -0.35038193
v -0.41788208 0.42668002 0.19002166
v -0.42903097 0.55480612 -0.30591361
v -0.44128886 0.70179772 -0.23804600
v -0.52567997 0.44389860 0.12646435
v -0.42108455 0.88031879 -0.00276484
v -0.47074284 0.83075474 -0.06933980
v -0.38736864 -0.95851166 0.41307495
v -0.38502735 -0.91057395 -0.04818332
v -0.39104866 -0.95851166 0.40965495
v -0.38670832 -0.96100561 0.43782488
v -0.31721500 -0.84515129 0.58000570
v -0.36002865 -0.88087166 -0.28564503
v -0.38178035 -0.63163729 -0.32586058
v -0.43181893 0.17881246 -0.33625203
v -0.33801103 -0.88526322 -0.29144711
v -0.37174486 -0.05626894 0.15062659
v -0.39554752 -0.95852539 0.40557306
v -0.45770611 -0.53603134 -0.25633241
v -0.41741371 -0.51876056 -0.28229821
v -0.39163479 -0.53909755 -0.31645789
v -0.39893865 -0.49366165 -0.27783503
v -0.40166097 -0.49364733 -0.27509649
v -0.36105263 -0.56929905 -0.30174510
v -0.39951069 -0.44048631 -0.22030433
v -0.39513864 -0.49366165 -0.28174504
v -0.39239865 -0.48976166 -0.28174504
v -0.27738940 0.24390154 0.29837456
v -0.45027940 -0.42601179 0.31555862
v -0.41060802 -0.49544738 -0.26713393
v -0.38111819 -0.42555197 -0.17734412
v -0.42642864 -0.17343166 -0.01611504
v -0.41383122 -0.19026051 -0.03589584
v -0.38766004 -0.45769842 -0.19820219
v -0.38736864 -0.45071164 -0.19189505
v -0.38734197 -0.45063847 -0.19187205
v -0.38735866 -0.45069165 -0.19189505
v -0.43033710 -0.41554220 -0.09423777
v -0.43031865 -0.41554166 -0.09424504
v -0.40443054 -0.40724680 0.18199918
v -0.40973837 -0.16085507 -0.01174523
v -0.42642864 -0.17720166 -0.02002504
v -0.40912976 -0.40702300 -0.10801952
v -0.40059140 -0.33278846 -0.01459980
v -0.36830417 0.02639798 -0.30126372
v -0.33739589 -0.72731116 -0.39906141
v -0.43033864 -0.41469166 -0.09814504
v -0.42855964 -0.41776336 -0.07857378
v -0.34759354 -0.29912449 0.16717167
v -0.36678166 -0.34304815 -0.10979701
v -0.41180112 -0.35500264 0.09844796
v -0.31164246 -0.94912873 0.46708487
v -0.34834738 -0.07632360 0.11624152
v -0.36015543 -0.34397848 -0.12030516
v -0.36002544 -0.34912814 -0.12552617
v -0.36002865 -0.34910167 -0.12549504
v -0.34273066 0.05048696 -0.33067798
v -0.36242231 -0.40556525 0.24306824
v -0.35229864 -0.32179166 -0.10986504
v -0.38539555 0.13086420 0.27252490
v -0.36783864 0.02585834 -0.30124503
v -0.36783716 0.02589677 -0.30127503
v -0.36304381 0.03438374 -0.30923464
v -0.42004290 -0.12693725 0.08490631
v -0.34841865 0.05319834 -0.32861503
v -0.34830865 0.05308834 -0.32861503
v -0.35220864 0.05319834 -0.32642504
v -0.34830865 0.05319834 -0.32867502
v -0.43405134 0.33362833 -0.35484870
v -0.36948652 0.02147179 -0.29758739
v -0.38614468 -0.60349460 0.59889870
v -0.36940988 -0.55074293 -0.42430716
v -0.38433882 0.71553365 0.08454019
v -0.37830712 0.89613762 -0.20727061
v -0.44678626 0.77407758 0.01289159
v -0.35286443 0.81978908 0.06837017
v -0.39517864 0.93300837 -0.02392504
v -0.39127865 0.93282836 -0.02002504
v -0.41072276 0.93339083 -0.03872160
v -0.39517864 -0.95851166 0.40581495
v -0.29490932 -0.80973961 -0.41153968
v -0.33823256 -0.92670022 0.05175693
v -0.25741597 -0.92989257 0.14754367
v -0.29910877 -0.59896935 0.58673242
v -0.34830865 -0.88316167 -0.28955504
v -0.27799865 -0.81788165 0.57519493
v -0.37043568 -0.63001141 -0.48477742
v -0.36391219 0.02195778 -0.30125239
v -0.35248101 -0.88430782 -0.28136783
v -0.34382372 -0.47652159 -0.29457967
v -0.34830865 -0.88429166 -0.28564503
v -0.38952141 -0.56554847 -0.37038776
v -0.35222305 -0.33768118 -0.12551419
v -0.39021864 -0.45460165 -0.19189505
v -0.38736864 -0.45460165 -0.19562505
v -0.42060459 -0.47229461 -0.17039064
v -0.39523649 -0.49370947 -0.28166763
v -0.39517864 -0.49371166 -0.28174504
v -0.39517864 -0.49757165 -0.28535502
v -0.35668148 -0.58691774 0.60904806
v -0.39908864 -0.49385167 -0.27783503
v -0.37312154 0.05130783 -0.31305485
v -0.37553004 0.16275180 -0.36399447
v -0.43508301 -0.52937640 -0.25876132
v -0.35282819 0.05768105 -0.32859225
v -0.35220864 0.05710834 -0.32862505
v -0.30080642 -0.41584230 0.29701360
v -0.34915702 -0.39989153 0.24949865
v -0.36392864 0.02200834 -0.30127504
v -0.35768331 -0.42117749 -0.19810298
v -0.38722866 -0.45460165 -0.19580504
v -0.38445865 -0.44679166 -0.19189505
v -0.46352738 -0.46233007 0.45323984
v -0.31272793 -0.88487898 0.55580045
v -0.31067280 0.13258583 -0.39175696
v -0.35223865 -0.32569165 -0.11377504
v -0.35223562 -0.32969624 -0.11767497
v -0.32096865 -0.39601166 0.26903496
v -0.32095864 -0.39600167 0.26903496
v -0.32203864 -0.39210165 0.26512495
v -0.28974799 -0.42259501 0.37674346
v -0.36791525 -0.35672932 -0.12164094
v -0.36010864 -0.34523166 -0.12158504
v -0.35220864 -0.33351166 -0.12144504
v -0.28083497 -0.45361580 -0.27442860
v -0.35665585 -0.33881438 -0.12027914
v -0.35477864 -0.33741165 -0.12158504
v -0.34439864 -0.39991165 0.25329495
v -0.34516246 -0.40014714 0.25285692
v -0.34830865 -0.32960165 -0.12322504
v -0.35217866 -0.32960165 -0.11767504
v -0.35211863 -0.33351166 -0.12158504
v -0.35220864 -0.32960165 -0.11762504
v -0.35220858 -0.32568331 -0.11379671
v -0.36002865 -0.34523166 -0.12170504
v -0.36002865 -0.35304166 -0.12934504
v -0.36004864 -0.34913165 -0.12549504
v -0.33139217 -0.24323549 -0.07446464
v -0.34696447 -0.29925096 -0.09596653
v -0.34830865 -0.39601166 0.24718495
v -0.34950864 -0.32569165 -0.11767504
v -0.34047659 -0.39600763 0.25340248
v -0.33937865 -0.39991165 0.25731496
v -0.34617565 0.09515072 -0.35274603
v -0.34439864 0.05319834 -0.33081504
v -0.34436301 -0.07618915 0.12060998
v -0.38029864 -0.56233103 -0.44876308
v -0.25664993 -0.11728148 0.02917429
v -0.39827215 -0.58670834 -0.44672001
v -0.29832074 0.28719378 0.27899285
v -0.36329665 0.02156615 -0.30138423
v -0.38795621 0.38966503 0.21425721
v -0.34553857 0.87125932 -0.23767514
v -0.37110543 0.89863042 0.02636509
v -0.38720041 0.93265021 -0.01595971
v -0.39517864 0.93601834 -0.02762504
v -0.39127865 0.93601834 -0.02394504
v -0.39124864 0.93601834 -0.02392504
v -0.39127865 0.93599831 -0.02392504
v -0.39535226 0.93609430 -0.02788959
v -0.38712864 0.93601834 -0.02002504
v -0.39127865 0.93916833 -0.02783504
v -0.38583984 0.93816847 -0.02147910
v -0.38736864 0.93601834 -0.02025504
v -0.37467241 0.98997710 -0.08476417
v -0.36440223 -0.90561345 -0.17881541
v -0.23035817 -0.87483442 -0.37487716
v -0.32551457 -0.93527679 0.36109926
v -0.25064864 -0.91989166 0.22606496
v -0.38290643 -0.89375618 0.23369975
v -0.35005891 0.06267033 -0.33301176
v 0.15789625 -0.89331383 0.28009042
v -0.34830865 -0.57960165 -0.31456503
v -0.34819865 -0.58351166 -0.31689503
v -0.34705612 -0.56634066 -0.39650104
v -0.35294924 -0.56148108 -0.39411089
v -0.34830865 -0.58741165 -0.31911504
v -0.34830865 -0.58351166 -0.31683504
v -0.34830865 -0.58361167 -0.31689503
v -0.26236864 -0.91944165 0.21825496
v -0.25845864 -0.91944165 0.22215497
v -0.26231866 -0.91944165 0.21825496
v -0.34642414 -0.07532263 0.12066386
v -0.35388847 -0.51828067 -0.27377679
v -0.31375657 -0.50954514 -0.35958489
v -0.32581115 -0.91084365 -0.21756659
v -0.36660622 -0.48430134 -0.30016322
v -0.34165510 -0.40954334 0.26411570
v -0.35497274 0.23328353 -0.39433530
v -0.31314009 -0.25870056 0.17271075
v -0.34425866 -0.39991165 0.25340495
v -0.35205864 -0.33741165 -0.12549504
v -0.34938865 -0.33351166 -0.12549504
v -0.34830865 -0.33351166 -0.12704504
v -0.33701778 -0.41192846 0.26886976
v -0.34759032 -0.43007350 -0.21708126
v -0.34049865 -0.39601166 0.25339497
v -0.34049865 -0.39602167 0.25340495
v -0.38988936 -0.01318357 -0.26254921
v -0.32093652 -0.39598990 0.26903514
v -0.35901549 -0.35326310 -0.13081297
v -0.32884551 -0.07957885 0.13211807
v -0.35220864 -0.33365167 -0.12158504
v -0.28792191 -0.13760812 -0.01174376
v -0.34419412 -0.07635849 0.12030359
v -0.36596923 -0.15103506 0.13103080
v -0.34052644 -0.07565244 0.12847885
v -0.29750926 -0.02350022 -0.30947367
v -0.34049211 -0.07569169 0.12837344
v -0.33085157 -0.31682768 -0.13700231
v -0.32982699 -0.72839274 -0.40162214
v -0.29806151 0.02767633 0.28221053
v -0.31869041 0.19492138 -0.40822527
v -0.33138224 -0.87080132 -0.34280891
v -0.28872472 0.43642019 0.24499948
v -0.42609375 0.39366214 -0.35207087
v -0.28649099 0.35621186 0.28733067
v -0.35964758 0.64653486 0.14052580
v -0.37742931 0.52782049 0.17689902
v -0.29127426 0.46468972 -0.40688845
v -0.27867271 0.51814132 -0.39114031
v -0.22913319 0.48635122 -0.43747553
v -0.23111864 0.49851834 -0.43019503
v -0.23111864 0.49069833 -0.43401503
v -0.23114865 0.49851834 -0.43017503
v -0.24281865 0.54147833 0.22606496
v -0.24283849 0.54147415 0.22605940
v -0.25799889 -0.92726485 -0.18041750
v -0.24424153 -0.43229547 0.35576407
v 0.55861153 -0.01442887 0.17476840
v -0.34016250 -0.92777707 -0.05130005
v -0.26236864 -0.92725164 -0.17627504
v -0.25845864 -0.92723168 -0.18017504
v -0.25845864 -0.92726166 -0.17998504
v -0.26080058 -0.92651684 -0.18268207
v -0.27016865 -0.91944165 0.21043497
v -0.26627865 -0.91944165 0.21431496
v -0.26627865 -0.91944165 0.21434496
v -0.27805096 -0.64179520 -0.54329417
v -0.26624864 -0.91944165 0.21434496
v -0.27408882 -0.81789171 0.57371495
v -0.25447866 -0.91944165 0.22606496
v -0.25064864 -0.91943163 0.22996496
v -0.25455865 -0.91943163 0.22606496
v -0.34723876 -0.66683238 -0.51586431
v -0.29965685 -0.55392746 -0.49277809
v -0.30095643 -0.47440183 -0.35474832
v -0.32834214 -0.38129794 0.25168686
v -0.31234583 -0.52075526 -0.36618885
v -0.31555427 -0.39081406 0.26932333
v -0.23528006 -0.67226203 -0.57620458
v -0.35502974 -0.43440785 -0.25837507
v -0.24112547 -0.92248209 0.21306245
v -0.31705865 -0.39210165 0.26912496
v -0.31716865 -0.39210165 0.26903496
v -0.32476866 -0.39991165 0.26903496
v -0.27993109 -0.11565487 -0.20326779
v -0.25851279 -0.33723824 -0.22501864
v -0.34046864 -0.07569166 0.12840497
v -0.29819950 -0.07447592 -0.25789489
v -0.31034746 -0.18775791 -0.05890563
v -0.22072024 -0.87220878 0.31640833
v -0.29974633 0.12854058 0.30793983
v -0.31279240 0.74547556 0.09857029
v -0.23502865 0.48679834 -0.43328505
v -0.23900679 0.16761375 0.32062992
v -0.26642713 0.72596517 -0.31683393
v -0.25255491 0.41414195 0.27163664
v -0.19478689 0.55808362 0.23770599
v -0.23319643 0.46444153 -0.44373073
v -0.19986864 0.55319833 0.23779496
v -0.23892865 0.49069833 -0.42873504
v -0.25455865 -0.92129166 0.21043497
v -0.30073649 0.97221717 -0.11945348
v -0.32375895 -0.64063691 -0.50891856
v -0.26230934 -0.92726725 -0.17627427
v -0.26442436 -0.44473850 -0.27720073
v -0.25845864 -0.91944165 0.22209496
v -0.25839864 -0.91944165 0.22215497
v -0.25065258 -0.91943178 0.22995716
v -0.30125644 -0.65634142 -0.38351726
v -0.31422459 -0.92544396 0.51090626
v -0.24033107 -0.54400837 -0.51427493
v -0.26665050 -0.94319415 -0.06079136
v -0.29974770 -0.60682697 0.60884833
v -0.32188255 0.32706414 -0.41886458
v -0.26570524 -0.93117179 -0.14689711
v -0.29041880 -0.47397946 0.40642989
v -0.27079817 -0.91944159 0.20986932
v -0.32495953 -0.46656703 0.46123557
v -0.31508335 -0.46807831 -0.35884653
v -0.31552247 -0.41000182 0.28910886
v -0.26606517 -0.27113020 -0.18304621
v -0.30600871 -0.30488948 -0.16294687
v -0.26833587 -0.28720953 -0.19003345
v -0.30136535 -0.14665442 0.12298906
v -0.26627865 -0.26710165 -0.18020504
v -0.26236864 -0.26725165 -0.18408503
v -0.26236864 -0.27101166 -0.18611503
v -0.27680798 -0.13271961 -0.05595214
v -0.27995695 -0.22793286 -0.14035738
v -0.28764387 -0.22482789 0.18430711
v -0.29346052 -0.13377665 0.01375896
v -0.30188351 -0.17727753 0.14384267
v -0.22662494 -0.08681376 0.27284325
v -0.37242613 0.04410929 0.24965937
v -0.25968002 -0.05055277 -0.29830082
v -0.24124667 0.03927012 0.31267215
v -0.26627865 -0.91990168 0.21043497
v -0.23663581 0.13759094 -0.42676285
v -0.23897865 0.54538833 0.22606496
v -0.23890986 0.54542613 0.22607017
v -0.22377454 -0.92109511 -0.24501768
v -0.31679042 0.68855228 0.13947833
v -0.38059821 0.60465358 -0.31904555
v -0.30793055 0.57377400 0.19111419
v -0.29757673 0.78679354 -0.28618660
v 0.42108230 0.67705198 0.13005685
v -0.27707762 0.96543590 -0.07412086
v -0.07955008 -0.87134632 0.30876714
v -0.26832438 -0.89881656 0.29288400
v -0.24674865 -0.91868169 0.23387495
v -0.26236864 -0.91944165 0.21820497
v -0.26612262 -0.80996818 0.57380439
v -0.24091849 -0.63392555 -0.55187061
v -0.25455865 -0.91851164 0.23387495
v -0.25845864 -0.91851164 0.22996496
v -0.27017864 -0.81398166 0.57377497
v -0.28377994 -0.81032093 0.58025525
v -0.18785535 -0.33811174 0.30027540
v -0.29355775 -0.55892316 -0.33194844
v -0.25845864 -0.92082167 0.21043497
v -0.23476300 -0.88475748 0.40509107
v -0.26236864 -0.92036164 0.21043497
v -0.25455865 -0.91944165 0.22598497
v -0.23921285 -0.92418783 0.20380235
v -0.27408864 -0.81788165 0.57372496
v -0.27017864 -0.81411166 0.57371495
v -0.27000679 -0.81397765 0.57370153
v 0.18667964 -0.90774992 0.28882053
v 0.19385849 -0.91127437 0.28854061
v -0.23344467 -0.62948689 0.57424099
v -0.19781217 -0.74151468 0.56157021
v 0.46776855 -0.88432892 -0.49318001
v -0.31100329 -0.52055111 -0.42177360
v -0.20781523 -0.48666082 -0.36527810
v -0.28216855 -0.42136035 0.31155263
v -0.23785941 -0.91020534 0.27042395
v -0.25484304 -0.45300572 -0.28356374
v -0.20690016 -0.51861223 0.51538311
v -0.28113995 0.01932853 0.29041186
v -0.26235497 -0.26718254 -0.18405497
v -0.27729914 -0.94130506 0.04037661
v -0.21816626 -0.05885495 -0.31131038
v -0.25818274 -0.11565586 0.11841716
v -0.22718432 -0.28203226 0.25485175
v -0.26647233 -0.26694105 -0.17988158
v -0.23686771 -0.15297758 -0.11998034
v -0.20276304 -0.13807885 0.19537381
v -0.22196086 -0.07710969 -0.29276267
v -0.15823255 -0.91438058 0.23958586
v -0.26410540 -0.10464216 0.18171289
v -0.21669225 0.05301688 -0.38911206
v -0.19986087 0.55333966 0.23776418
v -0.18396098 0.54510836 0.24679721
v -0.23111864 0.49056833 -0.43408503
v -0.22819866 0.49460834 -0.43408503
v -0.23091973 0.49078010 -0.43410973
v -0.26103492 0.49717007 0.23586805
v -0.23894926 0.54552882 0.22602772
v -0.22922009 0.59604518 -0.38073240
v -0.25704675 0.60456066 -0.36307811
v -0.23891854 0.68122049 0.15953608
v -0.21486964 0.63339436 0.19716273
v -0.23502865 0.79929834 -0.28572505
v -0.30274733 0.83253267 -0.26599801
v -0.15553883 0.73376914 -0.32394241
v -0.31253986 0.90709701 0.03662987
v -0.20767865 0.66901832 0.17528496
v -0.02172645 0.70018013 -0.38363364
v 0.33920284 -0.65364218 -0.28174504
v 0.23071523 0.84351839 0.06455082
v -0.02017865 0.81048834 -0.21533503
v -0.01628431 0.80711719 -0.22316579
v 0.30802150 0.92651165 -0.01908759
v -0.14035295 0.81009758 0.05140181
v 0.25443879 -0.87164985 -0.34070527
v -0.23334282 -0.58782116 -0.37086286
v -0.20695331 -0.68319491 0.56573357
v -0.13432277 -0.93138383 -0.24670230
v -0.17416667 -0.50505189 0.45195361
v -0.24123407 -0.88781775 0.51315119
v -0.24638971 -0.80494112 0.56734044
v -0.21626242 -0.67533529 0.57044707
v -0.23143328 -0.54495458 -0.53167171
v -0.21133697 -0.79132726 0.55335301
v -0.14517865 -0.91554166 0.23775496
v -0.18550776 -0.81118245 -0.44086124
v -0.14960184 -0.61357716 -0.57472036
v -0.03388609 -0.74957577 -0.46699157
v -0.21997968 -0.49873533 0.50107350
v -0.23892865 0.54147833 0.22758496
v -0.16311363 -0.29733444 0.29160267
v -0.24022006 -0.10504151 0.24255348
v -0.15590469 -0.83634450 -0.42416131
v -0.17685173 -0.02371265 -0.34845612
v -0.15299865 -0.31004167 0.30028496
v -0.15299865 -0.31007165 0.30029497
v -0.14908864 -0.30616165 0.30028496
v -0.22848284 0.25940340 0.32720790
v -0.22881964 0.09354964 -0.41172060
v -0.15822478 -0.00782039 0.29944557
v -0.21667349 0.54523144 0.23481492
v -0.19705444 0.49636133 0.26143765
v -0.16080865 0.44772833 0.29110495
v -0.19595865 0.55681836 0.23778496
v -0.19990865 0.66647833 0.17918497
v -0.17063634 0.51134571 -0.46383706
v -0.22765773 0.66645576 0.17204200
v -0.20377865 0.67038833 0.17526496
v -0.20377865 0.67036837 0.17528496
v -0.20370864 0.67038833 0.17528496
v -0.20513058 0.54820044 0.23786076
v -0.18825059 0.65482914 -0.36707219
v -0.23111864 0.79956835 -0.28564503
v -0.19991361 0.66647390 0.17918579
v -0.10548153 0.75067496 -0.30946546
v -0.19986864 0.67170834 0.17528496
v -0.23502865 0.79944836 -0.28564503
v -0.19754101 0.67937131 0.17022569
v -0.19985814 0.66650711 0.17918356
v -0.23892865 0.79932832 -0.28564503
v -0.19946117 0.66622207 0.17953201
v -0.23892865 0.79929834 -0.28566503
v -0.23936919 0.79955142 -0.28552530
v -0.23892865 0.79179835 -0.28955504
v -0.09931837 0.61436979 -0.43626398
v -0.22007472 0.83131056 -0.26604078
v 0.15559204 -0.88037580 0.41361303
v -0.18914135 -0.83705735 0.34296357
v -0.18979909 -0.67423994 0.52422129
v -0.19518798 -0.81628132 0.50132496
v 0.43391136 -0.89991165 0.39793495
v -0.14908864 -0.91554166 0.23776496
v -0.15858508 -0.58611225 -0.39067034
v -0.14127865 -0.91552169 0.23778496
v -0.13409059 -0.91762453 0.23251484
v -0.15607592 -0.67599204 0.40304363
v -0.22125131 -0.55748793 0.54871551
v -0.16431743 -0.06479069 0.27925820
v -0.21117896 0.32355657 -0.48468573
v -0.15689866 -0.55226166 0.49502496
v -0.15988021 -0.55330582 0.49893874
v -0.08865530 -0.52285082 -0.44338023
v -0.19636039 -0.16517905 -0.16260665
v -0.16101915 -0.32027086 0.30111794
v -0.17191558 -0.14087053 0.19822149
v -0.21144588 -0.26892225 -0.22212384
v -0.17396615 -0.17216381 -0.17409497
v -0.16080865 -0.31007165 0.29735497
v -0.16080865 -0.31783167 0.30028496
v -0.15689866 -0.31393165 0.30028496
v -0.14078013 0.47140796 0.28991837
v -0.24559104 0.25867511 -0.45672702
v -0.18737487 0.36210343 0.30993195
v -0.22550169 0.19142067 -0.44966370
v -0.15689866 0.44772833 0.29247496
v -0.10491331 0.52251024 0.28080330
v -0.16307486 0.43405439 0.29489349
v -0.18492636 0.63784416 0.20656417
v -0.21418388 0.69396161 -0.33805486
v -0.18266196 -0.66736392 0.49291846
v -0.16621633 0.54047305 0.25493036
v -0.20273102 0.78909637 -0.29078962
v -0.20637831 0.76215558 0.10289761
v -0.16542535 0.83733109 0.04229059
v -0.08398718 0.76996866 0.11114620
v -0.01627865 0.80710834 -0.22318504
v -0.17210103 0.90391964 -0.09966328
v -0.19317580 0.91647572 -0.08095775
v -0.14517865 -0.91553164 0.23778496
v -0.14127865 -0.91377164 0.24168497
v -0.14114543 -0.69854468 0.49201155
v -0.14591728 -0.96159794 0.05120910
v -0.15575377 -0.75852991 0.38673231
v -0.12007173 -0.81278082 0.36326359
v -0.09309791 -0.94697335 0.13471174
v -0.15299865 -0.91554166 0.23777496
v -0.14908864 -0.91553164 0.23778496
v -0.11834218 -0.63598481 -0.59829522
v -0.11382256 -0.96596940 -0.07409383
v -0.16080865 -0.54831166 0.49559496
v -0.12161149 -0.66309407 0.50869730
v -0.15226464 -0.89693911 0.27948031
v -0.16081039 -0.54832035 0.49560540
v -0.15689866 -0.54835165 0.49172497
v -0.15685865 -0.54835165 0.49168495
v -0.15689866 -0.54830164 0.49168495
v -0.12715999 -0.55703011 -0.55230454
v -0.15689866 -0.30358166 0.29637495
v -0.15299865 -0.54835165 0.48787496
v -0.16053391 -0.54395706 0.49165318
v -0.15694865 -0.31398166 0.30028496
v -0.15689866 -0.31398166 0.30029497
v -0.09087374 -0.33470436 0.32983310
v -0.16590297 -0.47653368 0.40105472
v -0.19495621 -0.46056927 -0.30852743
v -0.15315779 -0.31020793 0.30028736
v -0.24131267 -0.53664882 -0.43909428
v -0.12063434 -0.12888069 0.26557496
v -0.14695778 -0.15605852 0.23415720
v -0.16797651 -0.92722433 0.21279167
v -0.10057612 0.04776551 0.34631284
v -0.08703514 -0.55439473 -0.56852189
v -0.13224424 0.14160607 0.35694496
v -0.12748711 0.24665160 -0.49896460
v -0.15306817 0.45163790 0.29246522
v -0.15299865 0.45163833 0.29249496
v -0.15689866 0.44775834 0.29246495
v -0.16078865 0.44382834 0.29246495
v -0.15692865 0.44772833 0.29246495
v -0.17769650 0.41250229 -0.49477187
v -0.17723686 0.55775752 -0.43505730
v -0.11723916 0.70708007 -0.35263136
v -0.28426080 0.92957278 -0.19046898
v -0.13815667 0.77928442 0.10033003
v -0.09581215 0.80635589 -0.23797924
v -0.08517063 0.84692387 -0.09783515
v 0.00034527 -0.95079403 0.12214490
v -0.00845865 -0.94680167 0.13621496
v -0.23402411 0.90393099 0.01253730
v 0.43051632 -0.85002507 -0.33319214
v -0.12157520 -0.92956015 0.20138525
v 0.47183463 -0.87619512 -0.47005075
v 0.43684135 -0.89991165 0.39403496
v 0.44058136 -0.89601166 0.39403496
v 0.43684135 -0.89709163 0.39793495
v -0.01234759 -0.87671100 -0.42114489
v -0.22914087 -0.72196266 -0.43342616
v -0.14518865 -0.30226166 0.30028496
v -0.08975629 -0.62753999 0.47832488
v -0.09831174 -0.61865900 0.49171376
v -0.10770595 -0.60378200 0.48477036
v -0.19780724 -0.47707811 -0.31372354
v -0.03612670 -0.91135580 0.23294647
v -0.09195882 -0.50681099 -0.39599018
v -0.17339971 -0.11457105 -0.27066357
v -0.14909021 -0.30614322 0.30028496
v -0.15275563 -0.16984148 -0.18539436
v -0.11710186 -0.09073562 -0.31994528
v -0.14908864 0.45554834 0.29251496
v -0.14517865 0.44841834 0.29637495
v -0.10369395 0.39876305 0.32674056
v -0.09460806 0.40475936 0.32758870
v -0.09439865 0.40482833 0.32762495
v -0.02213000 0.41608687 0.34459809
v -0.10162428 0.42788630 0.31851009
v 0.45914994 -0.89477783 -0.52146078
v -0.00845865 0.80876833 -0.21924504
v -0.01236865 0.80710834 -0.22314505
v -0.10648914 0.83267304 0.00046548
v -0.01252038 0.79906284 0.07564947
v -0.11103557 0.84265384 -0.16880349
v 0.52812747 -0.90747052 -0.26542503
v -0.07095865 -0.62257165 -0.57080504
v -0.07115865 -0.62648166 -0.57470503
v -0.07094865 -0.62257165 -0.57080504
v -0.10343607 -0.61428157 -0.58436980
v -0.07048549 -0.62919498 -0.57740650
v -0.06759840 -0.63274046 -0.58026105
v 0.02556750 -0.61528926 0.43866919
v -0.11972051 -0.66091571 0.51698602
v -0.09825865 -0.61476166 0.48778496
v -0.20938822 -0.44812619 0.35132557
v -0.09534425 -0.50362475 -0.47764624
v 0.24457828 -0.91137605 -0.21629956
v -0.04361865 -0.93898166 0.16365496
v -0.03970865 -0.93902165 0.16356496
v -0.04361865 -0.93900169 0.16356496
v -0.12668364 -0.53827422 -0.53147491
v -0.09830865 -0.61864168 0.49168495
v -0.10518022 -0.50301907 -0.41296870
v -0.09830865 -0.61127169 0.48387495
v -0.09826468 -0.61865905 0.49167835
v -0.09699742 -0.62340175 0.49572452
v -0.09830751 -0.61473273 0.48778537
v -0.06457185 -0.60472919 -0.41960856
v -0.14275357 -0.29123134 0.29705936
v -0.09257826 -0.45815645 -0.32724855
v 0.03565272 -0.13032168 -0.32318810
v 0.03530043 0.50080362 -0.55062127
v -0.14387726 -0.23567671 -0.23126134
v -0.10811199 0.06104966 -0.43698792
v -0.10177280 -0.19951391 0.28784658
v -0.09007128 0.40849515 0.32775042
v -0.04660606 0.43309341 0.33100053
v -0.14315547 0.33036992 -0.51304592
v -0.10254895 0.16357271 -0.48043243
v 0.02061510 0.08604582 0.36953306
v -0.09049865 0.42038833 0.32373495
v -0.20741680 0.24844453 0.32189441
v -0.12556571 0.32541822 0.33808631
v -0.09444025 0.40447338 0.32772824
v -0.08924440 0.41635100 0.32545200
v -0.02232895 0.32885845 0.36882437
v -0.07881788 0.70074779 0.17578719
v -0.09850708 0.67453334 -0.38621429
v 0.28059135 0.77976834 0.10675496
v -0.02129892 0.84279082 -0.04479847
v -0.07431688 -0.71765912 0.48269852
v 0.14106812 -0.65558689 -0.50720587
v -0.02623570 -0.32398495 -0.28920152
v -0.06475570 -0.60761880 -0.51013013
v -0.05143031 -0.93907820 0.16327222
v -0.05142865 -0.94010163 0.15965497
v 0.41518994 -0.90513124 0.23168535
v 0.14623872 -0.69099981 0.53285221
v -0.06089980 -0.71520732 -0.50897987
v 0.02095894 -0.68128674 0.51297933
v -0.01230990 -0.66271455 -0.60904806
v -0.07095865 -0.62648166 -0.57465502
v -0.02157299 -0.57324587 -0.53281647
v -0.06705865 -0.62417168 -0.57080504
v -0.05863122 -0.62182994 -0.56943449
v -0.07095865 -0.61866165 -0.57117506
v -0.02622407 -0.64250792 -0.59593056
v 0.49157608 -0.86985759 0.28143894
v -0.08658865 0.42038833 0.32492495
v 0.00061074 -0.72759404 0.52436926
v -0.04902865 -0.93898166 0.16356496
v -0.04752865 -0.93898166 0.16358495
v -0.04752865 -0.93898166 0.16356496
v -0.09730930 -0.49336532 -0.41739452
v -0.00455865 -0.60686166 -0.54736503
v -0.10664400 -0.50022472 -0.48080543
v -0.16171439 -0.30470698 -0.25832993
v -0.01751617 -0.71695593 0.51348665
v 0.02858814 -0.67913101 -0.56576334
v -0.07143395 -0.46695123 -0.33047034
v -0.02492102 -0.94668734 0.13718624
v -0.07073347 -0.28166296 0.32249179
v -0.01476642 0.00257696 -0.41982748
v -0.01587131 -0.49645098 -0.48349043
v -0.03325120 -0.64432887 -0.57547995
v -0.01012539 -0.64014811 -0.57132359
v -0.01226652 0.02435111 0.35143514
v -0.03376946 0.15932086 0.37893211
v 0.05220107 0.38099196 -0.56814320
v -0.08625576 0.42451981 0.32368148
v -0.03532901 -0.93905143 0.16353138
v -0.03668242 -0.93899676 0.16372950
v -0.09049865 0.42043834 0.32371495
v -0.08658865 0.42408835 0.32371495
v -0.09049865 0.40848833 0.32762495
v -0.09049865 0.40866833 0.32756496
v -0.09633787 0.61974587 0.23288305
v -0.07064873 0.58563090 -0.47069155
v -0.07044522 -0.93766663 0.16711716
v -0.00737048 0.75919329 -0.31243233
v -0.01763680 0.84470146 -0.12358678
v 0.15135683 -0.87607680 0.40899802
v 0.15557662 -0.88040294 0.41347655
v -0.05142865 -0.93896163 0.16356496
v -0.03677912 -0.93654842 0.17222236
v -0.06531796 -0.61028996 0.46001035
v -0.01434342 -0.87931851 0.28091428
v 0.05079849 -0.81255965 0.34580741
v -0.02121215 -0.73592980 -0.52814343
v -0.10641343 -0.47782538 -0.39947972
v 0.01966690 -0.69723676 0.51029871
v -0.02569724 -0.96056165 0.08965003
v 0.00102135 -0.60304166 -0.53955504
v -0.02982493 0.66104685 -0.42100245
v -0.00001380 -0.64644093 -0.57855774
v 0.07583812 -0.73872890 0.38952567
v -0.00056334 -0.60694602 -0.54349259
v -0.00454201 -0.60694915 -0.54739477
v -0.01027089 -0.55477873 -0.54845605
v -0.00845865 -0.60694165 -0.55074503
v -0.02128681 -0.60522348 -0.55876527
v -0.01258721 -0.54885541 -0.56038594
v -0.00877107 -0.94554733 0.14055377
v -0.00721865 -0.94679166 0.13621496
v -0.00064865 -0.60673166 -0.54345503
v -0.01303751 -0.48104251 -0.50032106
v -0.01430847 -0.94683348 0.13631705
v -0.01523622 -0.55764132 -0.43414575
v -0.01528312 -0.57610573 -0.60093561
v 0.02070410 -0.49570223 0.42391690
v -0.01236865 -0.94679166 0.13640495
v -0.01528874 -0.46688213 -0.34023192
v -0.05679488 0.11687830 -0.47419988
v 0.00168086 -0.13488975 -0.30920835
v -0.01194416 -0.08840774 -0.35523978
v 0.00889496 -0.21015193 0.31104822
v 0.06936293 0.11251748 0.39633355
v -0.07776723 0.37524279 -0.53641504
v 0.02358809 -0.65299282 -0.53762684
v -0.04735541 0.43509240 -0.54799226
v -0.00612940 0.60976049 -0.47476050
v 0.02951728 0.55446103 -0.52139077
v -0.05071282 0.80495652 -0.22864269
v -0.00797621 0.80341298 -0.23173131
v -0.01236865 0.80710834 -0.22315504
v -0.01127865 0.80710834 -0.22314505
v 0.01400660 0.81887217 -0.19482373
v 0.26819438 -0.90767484 0.47615241
v 0.04659242 0.83825825 -0.03035510
v 0.47048913 -0.87997172 -0.48008352
v 0.07567915 -0.96274103 -0.08908291
v 0.44073759 -0.89597585 0.39385185
v -0.00845865 -0.94679166 0.13626496
v -0.02943380 -0.74147010 0.38340442
v 0.04485851 -0.63009839 0.44884947
v 0.14956955 -0.81374339 -0.43281252
v -0.01651946 -0.57093426 -0.58531519
v -0.00450865 -0.60694165 -0.54736503
v -0.01732712 -0.58778453 0.40391916
v 0.04217297 -0.55547888 0.42652089
v 0.08891168 -0.94124314 0.16118584
v -0.01008124 -0.48747882 -0.40922149
v -0.01089486 -0.49381957 -0.42890018
v -0.11761416 -0.51989926 0.42449138
v -0.02199487 -0.48339819 -0.42519746
v -0.09019308 -0.10719425 -0.31696730
v 0.02670459 -0.48045135 -0.38053260
v 0.03066540 -0.46102826 -0.43595227
v -0.00009884 -0.45561481 -0.33368903
v -0.01309177 -0.22103573 0.32730266
v -0.01739410 -0.18608884 -0.22265151
v -0.00064865 -0.00538166 0.34408496
v 0.05670600 -0.14610101 0.28385794
v -0.10696442 0.29642247 -0.51990413
v 0.05322776 0.64702326 -0.45340967
v 0.00112959 -0.66898994 -0.56817629
v 0.05440578 0.74483710 0.14316027
v 0.31931426 -0.62145127 -0.40231994
v 0.43790135 -0.89601166 0.39793495
v 0.33464031 -0.93304669 0.25081712
v -0.07268460 -0.68013249 -0.48097523
v 0.09700135 -0.92724163 0.21434496
v 0.08437552 -0.79898101 0.35806712
v 0.07602894 -0.90591954 0.26286266
v 0.06620041 0.21862852 -0.52983662
v 0.02647818 -0.59146622 0.42080064
v 0.33449546 -0.67007776 -0.43199025
v 0.33539722 -0.81332489 -0.33625254
v -0.00214605 -0.47719236 -0.33976112
v 0.03535520 -0.72132097 0.49702572
v 0.04095877 -0.66281979 -0.54968082
v 0.00889881 -0.61623572 -0.53911551
v -0.00216096 -0.58077430 -0.40566110
v 0.00105621 -0.54690462 -0.56857036
v 0.03545454 -0.60874796 -0.42553782
v 0.08496235 -0.59357953 0.42869893
v 0.01096956 -0.53025571 -0.51069500
v 0.16599712 -0.16000466 -0.26084199
v 0.49156062 -0.92336224 -0.54583471
v 0.16575994 -0.63236564 0.52655174
v 0.05793135 -0.41554166 -0.30791503
v 0.05403135 -0.42726166 -0.31266504
v 0.07286702 -0.24179808 0.31374398
v -0.00168910 -0.46546778 -0.33628352
v -0.00641540 -0.47088657 0.38396707
v 0.09311494 -0.03807337 0.33921183
v 0.07262009 -0.29886785 -0.26813567
v 0.08015237 -0.46274276 -0.32633906
v 0.03186772 -0.49282957 -0.37392564
v 0.05801135 -0.41944165 -0.30908503
v 0.05793135 -0.41937167 -0.30908503
v -0.02122245 -0.15751772 0.30388768
v 0.04890511 -0.39335481 -0.30382158
v 0.07211492 -0.19354534 -0.21239677
v 0.04224582 -0.36874630 0.34302659
v 0.01956738 -0.05467089 -0.37636466
v 0.05060253 -0.11757268 -0.33292745
v 0.01280999 0.10541650 -0.48733302
v 0.02917195 0.17114789 -0.51328584
v 0.00143986 -0.08641771 0.33051933
v -0.00885891 0.29051313 -0.53995633
v 0.39298828 -0.09549706 -0.24100151
v 0.12869002 -0.95528171 -0.01924204
v 0.26898519 -0.91163001 0.14397035
v 0.27668696 -0.91071216 0.14129371
v 0.06535841 0.76000158 -0.32077806
v 0.02210745 -0.64612299 0.42963715
v 0.33341949 -0.76475415 -0.42688691
v 0.37821360 -0.74767859 -0.39102267
v 0.38207492 -0.75149511 -0.39114324
v 0.40859872 -0.82717802 -0.44867066
v -0.01753518 -0.81750658 -0.47389863
v 0.37382979 -0.59596554 -0.31871712
v 0.15168136 -0.87628168 0.40965495
v 0.14010033 -0.87275588 0.37620404
v 0.03296117 -0.70939703 0.52363228
v 0.51991815 -0.73372746 0.38799987
v 0.05406135 -0.41554166 -0.30908503
v 0.05396928 -0.41536897 -0.30906955
v 0.05403135 -0.41554166 -0.30909505
v 0.13826658 -0.63925002 -0.51191391
v 0.13240135 -0.61085165 0.49168495
v 0.16333101 -0.57069643 -0.34231760
v 0.06284591 -0.52244840 -0.49687111
v 0.05012135 -0.41554166 -0.31027504
v 0.05793135 -0.41944165 -0.30910503
v 0.05504400 -0.47753734 0.38741315
v 0.09123300 -0.30189347 0.31644079
v 0.06423826 -0.05098208 -0.38308575
v 0.15532959 -0.47866021 -0.29663404
v 0.05805391 0.06344526 -0.46832876
v 0.08918135 0.49851834 0.30677495
v 0.13215136 -0.60701168 0.48778496
v 0.08786081 0.33862127 -0.55723095
v 0.20869910 -0.07402708 0.30609721
v 0.10076951 0.57916437 0.26384432
v 0.07541771 0.36774895 0.36033429
v 0.24679870 -0.66421809 -0.46837345
v 0.09570574 0.45520180 -0.55793672
v 0.10090135 0.49974834 0.30418495
v 0.02670570 0.50263966 0.30647153
v 0.09309135 0.50241833 0.30413497
v 0.09278135 0.50241833 0.30418495
v 0.09309135 0.50231832 0.30418495
v 0.09309135 0.49463835 0.30809496
v 0.00846911 0.60409120 0.24778709
v 0.07151263 -0.92265258 -0.27447083
v 0.11865792 0.84626470 -0.08209383
v 0.03548568 0.82239216 0.03687777
v 0.09309135 -0.92726166 0.21425497
v 0.14587747 -0.92583270 -0.23575520
v 0.09700135 -0.92726166 0.21429496
v 0.10090135 -0.92726166 0.21434496
v 0.10090135 -0.92726166 0.21433496
v 0.13887771 -0.87514881 -0.38169418
v 0.27149381 -0.90360470 -0.21514109
v 0.13881737 -0.90841521 0.26865874
v -0.01647803 -0.93304191 -0.26562782
v 0.10871135 -0.92728168 0.21434496
v 0.11653135 -0.92826164 0.21043497
v 0.10533434 -0.65719013 0.50051765
v 0.10090135 -0.92918164 0.20653496
v 0.10481135 -0.92726166 0.21437497
v 0.10484621 -0.92611966 0.21801988
v 0.04942285 -0.96720369 -0.06438350
v 0.43686662 -0.89994223 0.39401119
v 0.37424860 -0.75527575 -0.40662160
v 0.11785895 -0.92953662 0.20462648
v 0.10871135 -0.92726166 0.21440496
v 0.11262135 -0.92726166 0.21443496
v 0.14508407 -0.88417365 0.29380256
v 0.11262135 -0.92729164 0.21434496
v 0.10993032 -0.84892446 0.32928530
v 0.41661458 -0.83510736 0.07281925
v 0.05594171 -0.69258919 0.49059588
v 0.06284264 -0.65525304 0.48321147
v 0.10917913 -0.78265595 0.43511482
v 0.15558135 -0.88038165 0.41356496
v -0.00948725 -0.47510714 -0.51602792
v 0.14911135 -0.87257165 0.40965495
v 0.14216695 -0.61066729 0.47002148
v 0.13222135 -0.60694165 0.48778496
v 0.20295845 0.29308703 -0.51978685
v -0.00904437 -0.44593902 -0.38489035
v 0.05772800 -0.46925925 -0.44021951
v 0.09399391 -0.56654801 0.41470356
v 0.13676860 -0.51383739 -0.43479416
v 0.13392527 -0.08708854 0.29032200
v 0.09610060 -0.19379277 0.25607154
v 0.12483990 -0.16229778 0.20340923
v 0.22741219 -0.19440776 -0.07064339
v 0.48328500 -0.84636700 -0.28082762
v 0.13215136 0.36960834 0.34884495
v 0.13996135 0.36179834 0.34903497
v 0.01855252 0.21873034 0.38862194
v 0.09309150 0.49463153 0.30809659
v 0.11669082 0.34446971 0.35988559
v 0.12825135 0.36529835 0.35106496
v 0.09309135 0.48695835 0.31200496
v 0.09336036 0.50761195 0.30145840
v 0.07816197 0.49892554 0.30834949
v 0.10620179 0.67464703 0.20398838
v 0.28450135 0.77194833 0.10518496
v 0.09768276 0.72194130 -0.37515307
v 0.08399830 -0.93574953 -0.22231036
v 0.15224586 0.82695056 0.01929696
v 0.31716032 0.81499686 -0.11199920
v 0.12009095 0.83553191 -0.12216462
v 0.21070513 -0.92475822 -0.15836962
v 0.23341928 0.88248933 0.03959276
v 0.13641070 -0.83463730 0.45956224
v 0.29610134 -0.88819165 -0.23877504
v 0.29231135 -0.88819165 -0.24256504
v 0.11236255 0.84635479 -0.01823682
v 0.11653188 -0.92726386 0.21447173
v 0.02664700 -0.94052962 0.15626074
v 0.10136135 -0.92726166 0.21434496
v 0.02808583 -0.71786209 -0.47944357
v 0.42012773 -0.90806660 0.40509514
v 0.37825115 -0.75928793 -0.40673526
v 0.10481135 -0.92727167 0.21434496
v 0.17143333 -0.89982618 0.28662798
v 0.11653135 -0.92730165 0.21434496
v 0.35397777 -0.65485793 -0.39611644
v 0.46397267 -0.94456940 -0.52712041
v 0.12836135 -0.60694165 0.48387495
v 0.19045175 -0.90681926 0.44682035
v 0.11087725 -0.60686896 0.40567756
v 0.13903880 -0.66287038 0.51180399
v 0.20968123 -0.67276306 -0.48420955
v 0.12824836 -0.60694923 0.48376906
v 0.13223127 -0.60304169 0.48387531
v 0.09494880 -0.54185650 -0.35551812
v 0.13215136 -0.60312164 0.48387495
v 0.12825135 -0.60304166 0.48027495
v 0.15182135 -0.87648166 0.40965495
v 0.09651767 -0.28588710 -0.25225451
v 0.17990517 -0.09137661 -0.32261840
v 0.13791270 0.12941434 0.36314136
v 0.10664245 -0.37957405 0.32502688
v 0.17720363 -0.50297882 -0.36848328
v 0.18673522 -0.90773892 0.28857550
v 0.18361517 -0.45623701 0.31650129
v 0.11072775 -0.46143615 -0.30638503
v 0.15048893 -0.20135120 0.23140155
v 0.15162974 -0.20067833 0.22996523
v 0.11924935 -0.20325551 -0.18990343
v 0.08950808 -0.19351114 -0.19818743
v 0.12428855 -0.23630632 0.27776812
v 0.13488387 -0.51223058 -0.44949554
v 0.13976326 -0.58361589 0.48821551
v 0.11223447 0.11251567 -0.48865307
v 0.13215136 0.35788833 0.35214496
v 0.19265418 0.29627447 0.35012711
v 0.11253055 0.49738671 0.30340734
v 0.11164978 0.41903754 0.34001140
v 0.22160184 0.53136567 -0.48045864
v 0.28680930 0.90641421 -0.01398556
v 0.11253556 0.59333721 -0.48658994
v 0.25588811 0.80020685 0.05442975
v 0.07799455 0.79194802 -0.25796914
v 0.32204739 0.84842126 -0.02577922
v 0.15829135 -0.88429166 0.41356496
v 0.28461642 0.77175336 0.10496409
v 0.14625486 -0.71963914 0.52802402
v 0.16630007 -0.73698362 -0.43262472
v 0.15027449 -0.80468040 0.51404145
v 0.19414702 -0.67931332 -0.48584660
v 0.16584241 -0.51581967 0.43029395
v 0.16850139 -0.91546010 -0.25135778
v 0.21864003 -0.55471373 -0.44660424
v 0.17898988 -0.47443219 -0.28861340
v 0.15915558 -0.70610014 -0.43883270
v 0.15171310 -0.20074057 0.22995405
v 0.15559135 -0.19679166 0.22400496
v 0.16291829 0.00439740 -0.40969615
v 0.17887715 -0.12354495 0.26200246
v 0.13695203 -0.17688517 0.21510442
v 0.15168136 -0.20069166 0.22996496
v 0.15168136 -0.19679166 0.22606496
v 0.22409946 -0.16077524 -0.23297901
v 0.15168651 -0.19679162 0.22606474
v 0.14164100 -0.04724566 -0.36945998
v 0.11199872 0.20956308 0.37970842
v 0.13212239 0.36179834 0.35105322
v 0.18456372 0.39982321 -0.53878306
v 0.47705005 0.61818328 -0.31729285
v 0.13572109 0.54744852 -0.50942843
v 0.19075135 0.53366833 -0.49268504
v 0.19465136 0.52999836 -0.49267503
v 0.19465136 0.52976834 -0.49278503
v 0.18676025 0.69285811 0.17179386
v 0.19174329 0.60902279 0.22788718
v 0.39347741 0.94011919 0.05238888
v 0.30252644 0.87302575 0.12276370
v 0.26483051 -0.91996386 0.46149453
v 0.26887134 -0.91075165 0.47215495
v 0.18684135 -0.90778167 0.28856496
v 0.17105489 -0.89993774 0.28861974
v 0.18682091 -0.91757276 0.21050692
v 0.18682774 -0.90773864 0.28828151
v 0.17121135 -0.90001166 0.28856496
v 0.33965143 -0.60887591 -0.36151444
v 0.35090982 -0.74298603 -0.36332846
v 0.55295397 0.48990182 0.27278392
v 0.41037765 -0.80575837 0.14394652
v 0.25375273 -0.62951574 0.56921362
v 0.12072367 -0.56185264 -0.48043666
v 0.19480734 -0.60377785 0.54356550
v 0.19963571 -0.50175965 -0.33642735
v 0.21028224 -0.29443371 0.22996210
v 0.20635586 -0.29453132 0.23379831
v 0.18649141 -0.52119352 -0.31972591
v 0.19607775 -0.49709162 -0.36136279
v 0.22511845 -0.48925729 -0.36180933
v 0.20662627 -0.53008228 -0.39986582
v 0.38300591 -0.87663482 0.09259546
v 0.11360478 -0.46851960 0.36049867
v 0.18844791 -0.36010800 0.27277216
v 0.18548487 -0.29526983 -0.19242527
v 0.26877926 -0.19992286 0.12884909
v 0.19857980 -0.12960645 -0.28464124
v 0.18257633 -0.24349933 -0.15919059
v 0.19965614 -0.20760822 0.20212052
v 0.17006347 -0.20711672 0.22458572
v 0.17364789 0.20827663 0.35838364
v 0.29817754 -0.57585603 -0.25303626
v 0.21589792 -0.15840696 0.15152740
v 0.16303410 0.33192409 0.35148053
v 0.19570102 0.52781391 -0.49315827
v 0.16664485 0.47206865 0.30511582
v 0.12318189 0.54645172 0.27762796
v 0.51548785 0.58625604 -0.30778139
v 0.24153135 0.19382834 -0.47710504
v 0.19075794 0.53366942 -0.49267725
v 0.14116231 0.64216692 -0.44903513
v 0.20197425 0.82295889 -0.04707455
v 0.33416550 -0.74010472 -0.35043649
v 0.24793743 -0.95547528 0.38145325
v 0.24795310 -0.86787430 0.51449958
v 0.17814497 -0.65216771 -0.47719868
v 0.27696608 -0.72949388 -0.38421575
v 0.22751958 -0.65105372 0.55647828
v 0.18100520 -0.88541346 0.47053111
v 0.37393180 -0.75517899 -0.40688062
v 0.12343330 -0.94428429 -0.14381210
v 0.26890628 -0.91164888 0.14397385
v 0.28453754 -0.08648644 0.24058118
v 0.24778440 -0.92763454 0.08641474
v 0.20629417 -0.52838733 -0.31739279
v 0.26488146 -0.91157244 0.14807000
v 0.17326970 -0.27026735 0.25447805
v 0.26488073 -0.44069551 0.34796617
v 0.26887134 -0.90773166 0.47609497
v 0.26887134 -0.90775169 0.47606496
v 0.29231135 -0.88816167 -0.24267504
v 0.20584814 -0.36997281 -0.20845388
v 0.21229569 -0.38959163 0.27078931
v 0.27005081 -0.46045029 0.24765284
v 0.21590461 -0.00478916 0.34167103
v 0.22566513 -0.90810884 0.20904232
v 0.21028156 -0.29445735 0.22998485
v 0.21430005 -0.29441194 0.22607397
v 0.21418136 -0.29444165 0.22619495
v 0.21418136 -0.29835165 0.22751496
v 0.21028135 -0.29444165 0.22996496
v 0.24403539 -0.14886432 -0.20601151
v 0.27807066 -0.07190732 -0.31564717
v 0.22766737 0.15181856 0.34423241
v 0.23371135 0.18607835 -0.47705504
v 0.23764136 0.18991835 -0.47705504
v 0.23762134 0.18991835 -0.47705504
v 0.46117691 -0.73607498 -0.26578420
v 0.27764858 0.09653546 -0.42745064
v 0.47979949 -0.88429163 -0.47700974
v 0.48036115 -0.88442822 -0.47655759
v 0.19465136 0.57663833 0.24555496
v 0.19465136 0.57656836 0.24559496
v 0.19488653 0.57702216 0.24529936
v 0.19465136 0.57272833 0.24775495
v 0.17924752 0.17555830 -0.49080809
v 0.24236008 0.19448131 -0.47706631
v 0.23762134 0.18989834 -0.47705504
v 0.24153135 0.18991835 -0.47582503
v 0.19446135 0.57663833 0.24559496
v 0.19075135 0.57793831 0.24559496
v 0.53015520 0.57677826 0.12841547
v 0.15003721 0.70931956 -0.38112877
v 0.30247094 0.63582316 0.19579961
v 0.28442136 0.77194833 0.10496496
v 0.25186973 0.68824402 -0.35795522
v 0.15227054 0.77659563 -0.27712811
v 0.19994177 0.81183928 0.01775793
v 0.26999224 0.77331632 0.07142032
v 0.26731589 -0.89885400 0.48734379
v 0.31057826 -0.86791210 -0.30259503
v 0.41228355 -0.93100176 0.37877225
v 0.39179561 -0.84996531 -0.15659927
v 0.29128174 -0.92860662 0.24219537
v 0.33264440 -0.96391785 0.34775564
v 0.19637587 -0.94212801 -0.04768504
v 0.20302803 -0.54834368 -0.45831222
v 0.25203284 -0.94855661 0.40323962
v 0.21329347 0.03198702 -0.41796003
v 0.32329186 -0.66195499 -0.41760379
v 0.27278135 -0.90773166 0.47612495
v 0.27292632 -0.90778402 0.47604304
v 0.27668134 -0.90468163 0.47996495
v 0.27278135 -0.90777165 0.47606496
v 0.32247639 -0.73484922 -0.41933375
v 0.31671297 -0.16196550 -0.16089312
v 0.18845080 -0.53303594 -0.30765460
v 0.49296806 -0.83618660 -0.23598843
v 0.28829132 0.06009321 0.32550486
v 0.19882243 -0.47872823 -0.28539978
v 0.29886196 -0.91905773 0.00804492
v 0.30902935 -0.89545953 0.17187506
v 0.25325135 -0.17335165 0.00431496
v 0.21485667 -0.30490211 0.22908197
v 0.22581616 -0.49096707 -0.30413611
v 0.24645456 -0.40335206 -0.18868734
v 0.25715134 -0.17335165 0.00343496
v 0.24670168 -0.47356610 -0.24390917
v 0.25134201 -0.51912976 0.50487287
v 0.26183681 -0.16810344 0.01923223
v 0.30726217 -0.87973242 -0.25963864
v 0.24226958 -0.16510860 0.10121147
v 0.25725874 -0.13078178 -0.25544824
v 0.26435773 -0.28559734 -0.06818387
v 0.26108171 -0.16944866 0.01512354
v 0.25094831 -0.29849913 -0.10015950
v 0.26093697 -0.28034908 0.17479412
v 0.19680904 -0.18654216 -0.10725047
v 0.21396229 -0.48274044 -0.36259880
v 0.26088743 -0.16944996 0.01516445
v 0.26357259 -0.17461210 -0.00216537
v 0.34321888 -0.16895165 -0.00300741
v 0.25691755 -0.17340490 0.00335731
v 0.29979604 -0.06427502 0.25728607
v 0.34442432 -0.35299661 0.20862186
v 0.32836279 -0.89051714 -0.16976787
v 0.22734705 -0.16113946 0.12445834
v 0.32746134 -0.26710165 -0.03556504
v 0.24543669 0.17291541 -0.46894375
v 0.24010424 0.20479485 -0.48127436
v 0.25986192 0.51539659 -0.47088656
v 0.26196189 0.58896772 -0.43308164
v 0.32407390 0.15796223 -0.43531988
v 0.28409854 0.66597268 -0.36464492
v 0.27665136 0.67038833 -0.36377504
v 0.27672369 0.67041149 -0.36370553
v 0.27668134 0.66647833 -0.36738505
v 0.30991202 0.81300444 -0.08449648
v 0.26565310 0.73954719 -0.28992234
v 0.28349163 0.76537390 0.09082555
v 0.25992526 0.81754280 0.12157900
v 0.26249289 -0.91131935 0.15183483
v 0.33108495 -0.88274607 -0.19825552
v 0.27446683 -0.67523735 -0.47283743
v 0.48246566 -0.91529249 -0.39295323
v 0.28725405 -0.88822056 -0.24761755
v 0.26496134 -0.91163165 0.14768495
v 0.26232725 -0.91164650 0.15028859
v 0.34246732 -0.73490604 0.53527914
v 0.39693779 -0.86016191 -0.01801798
v 0.25972302 -0.91314222 0.14530473
v 0.26887134 -0.91163165 0.14407495
v 0.22469526 -0.81465171 -0.40585797
v 0.46534286 -0.83731191 -0.34408322
v 0.28830096 -0.65249958 -0.42407339
v 0.27329754 -0.54584377 -0.37591965
v 0.33169445 -0.52243170 -0.29661583
v 0.26868692 -0.63038752 -0.45690256
v 0.29739414 -0.02973432 -0.34104289
v 0.22852737 -0.53616437 -0.43444773
v 0.30974048 -0.61264985 0.54521777
v 0.31308800 -0.25557082 -0.03678619
v 0.24076991 -0.79379808 0.54881748
v 0.31445301 -0.54824084 -0.34920110
v 0.25729135 -0.17335165 0.00340496
v 0.26496134 -0.17160166 0.00731496
v 0.29754668 -0.50391533 -0.25092261
v 0.31318944 -0.48270079 -0.16528802
v 0.31578076 -0.45871330 -0.12949935
v 0.31575135 -0.45851166 -0.12933504
v 0.27525547 -0.34311748 0.17682706
v 0.24564187 -0.46012624 -0.22645980
v 0.26915613 -0.50589023 -0.26772952
v 0.34677177 -0.10504448 -0.24579143
v 0.29463908 -0.00677260 0.30833216
v 0.37434135 -0.75538165 -0.40664505
v 0.38284624 -0.47957562 0.16412121
v 0.26837020 -0.18112803 -0.02620888
v 0.28278278 -0.18946278 0.05551568
v 0.33080949 -0.02995829 -0.32712874
v 0.26106135 -0.16945166 0.01512496
v 0.31164267 0.08842025 0.31845733
v 0.31965134 0.08835834 0.31590495
v 0.31965134 0.09226834 0.31588495
v 0.31959135 0.09226834 0.31590495
v 0.31964136 0.08835834 0.31590495
v 0.23653115 0.34309870 0.33118696
v 0.39698990 -0.86276658 -0.47466025
v 0.33164477 0.32344985 0.29895375
v 0.34935422 0.42313690 -0.45734932
v 0.27862316 0.45034082 0.28758566
v 0.27668134 0.67427831 -0.35986503
v 0.27667267 0.66635230 -0.36749084
v 0.31795142 -0.76348203 -0.35805928
v 0.56042807 0.70125412 -0.25461124
v 0.28059135 0.77585834 0.10497496
v 0.28054561 0.77588431 0.10494263
v 0.33130698 0.93452408 0.07693481
v 0.35702342 -0.72870465 -0.32373028
v 0.30840960 0.91337819 0.10093525
v 0.28373750 0.77327756 0.10075697
v 0.27055262 0.80139762 0.01739064
v 0.28059135 0.77584832 0.10496496
v 0.36011762 -0.90842991 0.45389582
v 0.27081518 0.90534945 0.10436782
v 0.28730201 0.76901102 0.10839024
v 0.33850701 0.80424216 0.05318080
v 0.28840134 -0.88817168 -0.24658503
v 0.29650405 -0.64609694 -0.31029479
v 0.33531820 -0.88445946 0.49397866
v 0.31575670 -0.53666889 -0.34035554
v 0.28840134 -0.88918168 -0.24267504
v 0.29220135 -0.88819165 -0.24267504
v 0.36614177 -0.51921298 -0.27061391
v 0.65741788 -0.01777680 -0.09124978
v 0.33500358 -0.13634989 -0.20346998
v 0.34978326 -0.66776210 -0.28517259
v 0.08559570 -0.65723729 0.39774756
v 0.33528128 -0.64990694 -0.28174507
v 0.29721377 -0.61017978 -0.42110771
v 0.31575135 -0.53661168 -0.34033503
v 0.31184135 -0.53273166 -0.34129503
v 0.32356135 -0.54835165 -0.34035503
v 0.31965134 -0.54835165 -0.34416505
v 0.30300076 -0.43599810 -0.13079009
v 0.32474810 -0.72447959 -0.35236812
v 0.31965134 -0.53647167 -0.33642503
v 0.34912317 -0.61881030 0.56065761
v 0.31957135 -0.54835165 -0.34424504
v 0.31965134 -0.54444165 -0.34160503
v 0.31976134 -0.53663165 -0.33642503
v 0.32356135 -0.53663165 -0.33276504
v 0.31575135 -0.54835165 -0.34800505
v 0.31965134 -0.54847164 -0.34424504
v 0.32238135 -0.54054166 -0.33642503
v 0.31965134 -0.53663165 -0.33653503
v 0.36725392 -0.87715657 -0.09509135
v 0.32580566 -0.54813155 -0.33804279
v 0.31576136 -0.53663165 -0.34033503
v 0.30448791 -0.47490980 -0.20183613
v 0.33542136 -0.26710165 -0.03174504
v 0.33528135 -0.26695166 -0.03174504
v 0.33528135 -0.26319165 -0.02993504
v 0.28184187 -0.49451049 -0.32580772
v 0.39764202 -0.26710260 0.00340452
v 0.36760604 -0.47150827 0.06664741
v 0.25700957 -0.19600265 -0.01550641
v 0.32140614 -0.47450834 -0.13494751
v 0.27218228 -0.36497329 -0.11591419
v 0.33125279 -0.51371386 -0.16475485
v 0.26215101 -0.47802064 -0.22244651
v 0.31334742 -0.44198533 -0.11684853
v 0.31571136 -0.45851166 -0.12939505
v 0.31565839 -0.45455481 -0.12541419
v 0.32746134 -0.26319165 -0.03369504
v 0.33146168 -0.26317772 -0.03176916
v 0.31585414 -0.45415382 -0.12460978
v 0.30246198 -0.36234016 -0.04531018
v 0.40753448 -0.39561888 0.27566653
v 0.13681584 -0.95066781 0.03576002
v 0.33187286 -0.46447011 0.43000432
v 0.22796434 -0.16239015 0.04354065
v 0.29985513 -0.39031015 0.16050200
v 0.33918134 -0.27087165 -0.03174504
v 0.27038868 -0.22231024 0.13822316
v 0.35325686 0.31747704 -0.45934955
v 0.31954134 0.09616834 0.31590495
v 0.28118733 0.34752748 -0.50128981
v 0.35567444 -0.76359692 -0.44173485
v 0.47594720 -0.82978587 -0.36315216
v 0.51076480 -0.82967404 -0.32102680
v 0.37896944 0.44200196 0.25395272
v 0.31162661 0.56937396 -0.42105961
v 0.32147760 0.23224460 0.31483113
v 0.47054614 0.61561612 0.14962171
v 0.25972390 0.52560596 0.26346765
v 0.31024480 0.62273675 -0.38816206
v 0.36277395 0.75037468 0.13993738
v 0.35352005 0.54393965 -0.41529738
v 0.35318861 0.63594000 -0.35980760
v 0.32532420 0.66343095 0.17361137
v 0.32577104 0.74550220 0.11769498
v 0.31252803 0.69343470 -0.32762753
v 0.14748297 0.79289773 -0.24247560
v 0.25341763 0.72123472 0.13448577
v 0.34006550 0.81078144 -0.09543892
v 0.33137134 0.81143832 -0.09033504
v 0.40061245 0.92846546 -0.04484402
v 0.32969670 0.81161235 -0.09018939
v 0.38154545 -0.74741328 -0.38635119
v 0.30520495 -0.91832195 0.06850848
v 0.31982327 -0.61707876 -0.39722402
v 0.39397525 -0.77314695 -0.36187833
v 0.33063133 -0.61660009 -0.25777555
v 0.36659308 -0.60308396 -0.19947059
v 0.36653135 -0.60324169 -0.19970504
v 0.53235254 -0.91038378 -0.31044312
v 0.32928819 -0.64420580 -0.28174306
v 0.37817454 -0.75257832 -0.39782504
v 0.35840008 -0.47683761 0.13237683
v 0.38217086 -0.76318819 -0.40676096
v 0.31833809 0.15805243 0.31608800
v 0.34540166 -0.66997305 -0.38126330
v 0.37724135 -0.75538165 -0.40283503
v 0.33571023 -0.53320609 -0.18560996
v 0.29173466 -0.55579421 -0.37842218
v 0.37825135 -0.74757165 -0.39082503
v 0.40134639 0.06712269 0.29305355
v 0.40947410 -0.15603574 0.03591523
v 0.32249114 -0.55640878 -0.34662371
v 0.36477971 -0.59172020 -0.19026046
v 0.37534136 -0.66163165 -0.25049504
v 0.36648134 -0.60694165 -0.20361503
v 0.36638348 -0.60303628 -0.19968437
v 0.36653135 -0.59947163 -0.19580504
v 0.38207001 -0.56839956 -0.29795354
v 0.36353812 -0.55038339 -0.14436672
v 0.36961136 -0.61085165 -0.20361503
v 0.36653135 -0.60694165 -0.20355504
v 0.36653135 -0.60700167 -0.20361503
v 0.31958966 0.09675872 0.31588988
v 0.31036860 0.22904368 -0.46480811
v 0.34346869 -0.30806110 -0.04378147
v 0.33137134 -0.26319165 -0.03181504
v 0.33528135 -0.26710165 -0.03181504
v 0.31575135 -0.45479167 -0.12549504
v 0.32435836 -0.43154118 0.13207276
v 0.38215134 -0.75148166 -0.39102503
v 0.27651629 -0.46410358 0.34837045
v 0.31965134 0.08723834 0.31590495
v 0.38670239 -0.53830042 -0.09147637
v 0.37424982 -0.47679946 0.12780118
v 0.39068658 -0.91281160 0.42473917
v 0.33497479 -0.43482316 0.13969713
v 0.39415093 -0.64723806 -0.20788429
v 0.33674824 -0.46980288 0.42818246
v 0.32999519 -0.46434682 0.15004979
v 0.34809275 -0.46539929 0.07330188
v 0.43235773 -0.36106578 0.27754590
v 0.34605039 -0.47734091 -0.08842793
v 0.30015381 -0.11252239 0.18206932
v 0.38377505 -0.16843919 -0.01904041
v 0.38605791 0.05492053 -0.35398073
v 0.36508668 -0.24928080 -0.00615170
v 0.42526666 -0.88571094 0.42636286
v 0.45507523 -0.06720261 -0.24190866
v 0.32920763 0.07652825 0.31294448
v 0.35049138 -0.96412695 0.32207607
v 0.53617137 0.47683682 0.20320304
v 0.48137210 0.56811693 0.22733468
v 0.36486677 0.60212411 0.20341640
v 0.34607726 0.73580585 0.10394971
v 0.36635222 0.71159032 -0.29284988
v 0.33914495 0.81079872 -0.09449700
v 0.33533432 0.81097002 -0.09032336
v 0.33499134 0.81101834 -0.09033504
v 0.30430528 0.83560972 -0.01773234
v 0.37789284 0.83842018 0.06744077
v 0.43520755 0.78413250 0.12222684
v 0.37825135 -0.66163165 -0.24649505
v 0.37825135 -0.65794165 -0.24267504
v 0.37808136 -0.65773166 -0.24267504
v 0.38095235 -0.65776425 -0.23876788
v 0.38478231 -0.74105094 -0.32616717
v 0.37292305 -0.73741375 -0.38294912
v 0.41648244 -0.86545875 -0.40683633
v 0.36649356 -0.79181013 -0.45053942
v 0.37825135 -0.75928164 -0.40674504
v 0.37434135 -0.75545169 -0.40674504
v 0.37825288 -0.75930081 -0.40675976
v 0.34745489 -0.86236989 -0.26022576
v 0.09904959 -0.95405139 0.10759595
v 0.37781673 -0.65694402 -0.24220283
v 0.35648876 -0.61967803 -0.33579256
v 0.41969226 -0.61995692 0.52531729
v 0.38086694 -0.84237141 0.14841757
v 0.42127136 -0.84523166 0.18309496
v 0.42496803 -0.78895057 0.47376941
v 0.40088733 -0.77269975 -0.39462732
v 0.37825135 -0.74499167 -0.38720503
v 0.37432135 -0.64601166 -0.33642503
v 0.38610774 -0.72577009 -0.30081329
v 0.37334880 -0.66654107 -0.34722877
v 0.39349049 -0.81644590 0.49053928
v 0.35495602 -0.66790193 -0.39274712
v 0.37179134 -0.64991165 -0.34424504
v 0.35186665 -0.64303645 -0.26197423
v 0.41963838 -0.70773672 -0.23758932
v 0.37428135 -0.64991165 -0.34033503
v 0.37818135 -0.66163165 -0.24658503
v 0.37434410 -0.64599755 -0.33637685
v 0.37434135 -0.64604164 -0.33642503
v 0.36346135 -0.60694165 -0.20752504
v 0.37434135 -0.64991165 -0.34023505
v 0.37445666 -0.65014551 -0.34027976
v 0.36350654 -0.61104430 0.52869463
v 0.34044112 -0.59573861 -0.34038737
v 0.39982639 -0.64117556 -0.29504804
v 0.38219556 -0.46105451 0.19609406
v 0.38425751 -0.53025234 -0.21530700
v 0.42282565 -0.57936605 -0.24648955
v 0.42959881 -0.55695770 -0.15741773
v 0.44430638 -0.13940338 -0.13188625
v 0.43391176 -0.03124152 -0.28353375
v 0.33887826 -0.49228201 0.49027069
v 0.32837740 -0.40217771 -0.01289895
v 0.36233805 -0.46522168 0.07643078
v 0.40462803 -0.48974239 0.20664498
v 0.43202136 -0.36085165 0.27684496
v 0.42902372 -0.36085411 0.27294035
v 0.39387134 -0.25929166 0.00813496
v 0.39778135 -0.25929166 0.01112496
v 0.36183086 -0.47561157 0.00132046
v 0.41128219 -0.23031921 0.09052514
v 0.34320810 -0.04917852 -0.30642803
v 0.36309742 -0.00088968 0.28474226
v 0.37000747 0.19603332 0.31289891
v 0.32372826 0.06266257 -0.38793804
v 0.47209705 0.62792314 0.18127998
v 0.32958899 0.57990590 0.22640265
v 0.40720985 -0.87664872 -0.39902656
v 0.45626134 0.31491833 -0.38720503
v 0.41580460 0.28176570 0.29548263
v 0.35504651 0.37570203 0.27819696
v 0.36622835 0.35411121 0.28083343
v 0.29224101 0.46746637 -0.47533472
v 0.48302639 0.57310592 0.16576260
v 0.42401107 0.56778738 -0.36558561
v 0.39576556 0.51623733 0.22698098
v 0.41637978 0.65190568 -0.32425070
v 0.35539422 0.74652223 -0.25187234
v 0.40905991 0.72943112 -0.27027913
v 0.41849686 -0.93694403 0.28580066
v 0.39581954 0.83556432 -0.03394345
v 0.54651372 0.75612739 -0.23676962
v 0.36405021 0.80746761 -0.08877656
v 0.33618110 0.81902007 0.14576304
v 0.41104803 0.77433075 0.01376358
v 0.35878751 0.87779805 0.06451878
v 0.37094428 0.95260212 0.01918514
v 0.48931849 0.81625126 -0.16906630
v 0.45460304 -0.92471341 -0.43140267
v 0.40225899 -0.84347845 -0.47898366
v 0.41077990 -0.87025657 0.19332793
v 0.43542248 -0.92663236 0.32217397
v 0.39522898 -0.81790601 -0.23353600
v 0.46806463 -0.88430622 -0.49272663
v 0.40706035 -0.63663217 -0.29670363
v 0.37434135 -0.64210165 -0.33255505
v 0.38249637 -0.77765689 -0.33922263
v 0.38920940 -0.68446100 -0.36549266
v 0.38704887 -0.73757648 -0.36578581
v 0.38338966 -0.75231025 -0.39051876
v 0.42903135 -0.83741165 0.18319496
v 0.42512134 -0.84127165 0.18309496
v 0.43081960 -0.83539299 0.18306507
v 0.45531568 -0.86625804 0.41139731
v 0.41723131 -0.66418699 0.50380664
v 0.41918071 -0.70256758 -0.30612439
v 0.25772947 -0.92421629 -0.07835694
v 0.37827167 -0.66164953 -0.24648442
v 0.42565428 -0.09677428 -0.22460948
v 0.41563029 -0.67221632 -0.26549484
v 0.45511478 -0.57671743 -0.21093144
v 0.35223346 -0.53308503 -0.16912718
v 0.34287138 -0.90526174 0.04637307
v 0.36637600 0.26572484 -0.44493187
v 0.23723361 -0.93235078 -0.05114480
v 0.40168134 -0.27028165 0.00340496
v 0.37995926 -0.36838754 0.22457579
v 0.42512134 -0.36178166 0.26903496
v 0.38429537 -0.47372545 -0.09611731
v 0.42552393 -0.49950335 0.22205599
v 0.43999145 -0.50423636 0.25542854
v 0.42481141 -0.50206074 0.13902142
v 0.45739369 -0.59825322 0.49439748
v 0.43293134 -0.35694165 0.27295495
v 0.42903135 -0.36085165 0.27294496
v 0.40168134 -0.26629165 0.00731496
v 0.39778135 -0.26710165 0.00350496
v 0.39775134 -0.26319165 0.00731496
v 0.43145714 -0.32798698 0.23772327
v 0.40229034 -0.48372953 0.19159477
v 0.40822408 -0.47865625 0.22418483
v 0.39778120 -0.26319104 0.00733536
v 0.43511707 -0.47580793 0.36966846
v 0.45721678 -0.44155887 0.34060444
v 0.43120219 -0.48727406 0.29493108
v 0.38203722 -0.50148606 0.46987452
v 0.43173187 0.11926953 0.28452508
v 0.42903073 -0.36082499 0.27291747
v 0.43292136 -0.35694165 0.27293495
v 0.38331759 -0.29366989 0.20134175
v 0.47409568 -0.15245872 -0.07426506
v 0.45169959 -0.15401433 0.03272266
v 0.55793134 -0.86086167 -0.32080504
v 0.55791463 -0.86084936 -0.32079356
v 0.38674106 -0.21868169 0.09738029
v 0.43486704 0.01741730 0.26743479
v 0.40972759 -0.25982164 0.16989889
v 0.45636701 -0.07107871 0.18486601
v 0.40603038 -0.56589925 -0.26002650
v 0.43285499 -0.40906507 0.32958794
v 0.37544395 0.13920702 -0.40332312
v 0.40279481 0.35186375 0.26592294
v 0.44017916 0.19592005 -0.38742960
v 0.45637134 0.31882834 -0.38715505
v 0.45629135 0.31882834 -0.38720503
v 0.45632137 0.32272833 -0.38720503
v 0.40473617 0.53983302 -0.38745804
v 0.38630449 0.75801615 0.06095612
v 0.40441757 0.63502851 0.16656735
v 0.41784164 0.62535486 0.16830960
v 0.57082491 0.58900648 0.15746356
v 0.38681840 0.71737993 0.11433528
v 0.38910349 0.77860673 -0.17665488
v 0.43573662 0.74072858 0.06649288
v 0.41588141 0.80031546 0.10395532
v 0.45865612 0.78424330 0.13403726
v 0.42224748 0.77088765 0.05886609
v 0.42704975 0.86279178 0.09456567
v 0.41568350 0.72920192 0.15687104
v 0.39752092 0.80770402 -0.10899741
v 0.40168507 0.86619744 -0.04356740
v 0.45373692 0.93382055 -0.01140426
v 0.51017539 0.63487172 0.11188622
v 0.48992348 -0.85652416 0.35694874
v 0.49665795 -0.84419398 0.24290192
v 0.51747670 -0.91997687 -0.34322602
v 0.54207015 -0.12229976 0.09095029
v 0.40399667 -0.76166713 -0.31340705
v 0.50372392 -0.86851817 -0.24453833
v 0.44116654 -0.83079771 0.18784058
v 0.39336710 -0.76076544 -0.29588872
v 0.42512134 -0.84132165 0.18312497
v 0.42507068 -0.84131961 0.18309330
v 0.43126046 -0.73318168 0.14080008
v 0.42018791 -0.74628101 -0.29511837
v 0.43622746 -0.67887553 -0.15072634
v 0.42540451 -0.69219060 -0.28664037
v 0.44990286 -0.73928438 -0.21087671
v 0.41194233 -0.75367097 -0.26751566
v 0.48695588 -0.62692628 -0.17473446
v 0.60650924 0.49283327 -0.24935148
v 0.46201619 -0.68783522 -0.21106615
v 0.40886056 -0.54052032 -0.23552589
v 0.46376746 -0.66133075 -0.15687704
v 0.39552291 -0.59669416 0.50896272
v 0.46463334 -0.50371192 0.29432932
v 0.50068852 -0.12760142 0.10144750
v 0.42449509 -0.04424608 0.23054857
v 0.42820537 -0.59502732 0.48539812
v 0.43651134 -0.35694165 0.27684496
v 0.43293134 -0.35396165 0.26903496
v 0.43297769 -0.35692465 0.27299691
v 0.49377947 -0.51654503 0.10180988
v 0.40063337 -0.46658218 0.34684999
v 0.47791134 -0.53359575 0.20055497
v 0.47546052 -0.71559396 0.44752107
v 0.42709852 -0.49395143 0.42083475
v 0.45375688 -0.02894110 -0.27437748
v 0.47664226 -0.38884083 0.34500356
v 0.42863388 -0.10486747 0.15412336
v 0.54723646 -0.92168009 -0.27337973
v 0.38194854 -0.13074485 0.12648907
v 0.46302750 0.13219953 -0.35476327
v 0.41360313 -0.29449427 -0.00684151
v 0.43704983 -0.25323643 0.05683658
v 0.45524817 -0.30370398 0.21837998
v 0.41404212 -0.05539155 -0.27709048
v 0.52537115 -0.74765872 -0.18762918
v 0.45637134 0.32272833 -0.38717505
v 0.53893369 0.10760958 0.23131267
v 0.42236545 0.34190619 -0.41336551
v 0.40924303 0.48854483 -0.40423544
v 0.42635718 0.70555851 -0.28925581
v 0.46028135 0.32663833 -0.38448503
v 0.45637134 0.32663833 -0.38719504
v 0.45635871 0.32663833 -0.38720111
v 0.48675055 0.23587823 -0.36393343
v 0.49734999 0.32538309 -0.35887369
v 0.41820770 0.45885800 0.23434893
v 0.49990609 0.53745240 0.17000506
v 0.44345060 0.52326165 -0.37037056
v 0.43578989 0.60144142 -0.34248038
v 0.41453546 0.75549320 0.14533545
v 0.50585557 0.67654538 0.19316999
v 0.47995592 0.65105935 0.18460054
v 0.39324771 0.81864838 0.02473571
v 0.43489129 0.78831798 -0.00294046
v 0.46407327 0.90591368 0.05711047
v 0.41017268 0.75733465 -0.22768427
v 0.42083460 0.86729965 -0.04101343
v 0.53897872 -0.98691132 -0.58095329
v 0.50131876 -0.93098951 -0.35771801
v 0.55873555 -0.86451123 -0.32798067
v 0.49863438 -0.14514765 0.00322591
v 0.52851117 -0.88111583 -0.26301562
v 0.42713970 -0.81506972 -0.11924037
v 0.46072498 -0.89987663 0.35645655
v 0.50178100 -0.90362623 -0.39332391
v 0.45615255 -0.71270686 0.09630328
v 0.44517293 -0.80203998 -0.00731132
v 0.44251098 -0.74699238 -0.21101439
v 0.44292041 -0.75089369 0.15215775
v 0.46358791 -0.70528600 0.07715384
v 0.47051514 -0.76665049 0.01329534
v 0.47762687 -0.74714348 -0.21763908
v 0.52224631 -0.82521670 -0.24927241
v 0.55245313 -0.82475914 -0.20991692
v 0.45721586 -0.72525432 -0.15459900
v 0.46231385 -0.75969630 -0.13177232
v 0.46964977 -0.73235436 -0.05458439
v 0.45976349 -0.73574140 0.08891386
v 0.45338133 -0.70920702 -0.23642402
v 0.47094920 -0.71648920 -0.01955315
v 0.49261006 -0.73483466 -0.21882815
v 0.48377141 -0.70434194 -0.05882937
v 0.53795170 -0.96269666 -0.57981554
v 0.45205463 -0.65826090 -0.20745091
v 0.45624008 -0.73680268 -0.15295848
v 0.51882744 -0.83349637 -0.31696382
v 0.51889137 -0.83351166 -0.31689503
v 0.49897897 -0.54115561 0.15801236
v 0.43220979 -0.55363191 -0.11307357
v 0.46726944 -0.58774073 -0.18154896
v 0.51068537 -0.57856357 -0.14353559
v 0.47956328 -0.57310672 0.44667920
v 0.42457142 -0.49660242 -0.12399504
v 0.42162321 -0.47559981 0.06458400
v 0.44973308 -0.34490754 0.27573134
v 0.45452704 -0.35894304 -0.00240794
v 0.48249477 -0.51982848 -0.00631603
v 0.45171815 -0.52998099 0.19459417
v 0.42762593 -0.44394246 0.02002248
v 0.49040591 -0.30031807 0.04996567
v 0.46743885 -0.51120332 0.39149467
v 0.50069529 -0.49251803 0.05810810
v 0.46747052 -0.27566763 0.16478846
v 0.50696073 -0.12350644 -0.12258987
v 0.49184496 -0.03252944 0.20539389
v 0.56184135 -0.86489165 -0.32470503
v 0.47723956 0.05655685 0.25701956
v 0.45574892 0.33056098 -0.38766400
v 0.46221343 0.29490411 -0.38319383
v 0.41903639 0.44886309 -0.40687350
v 0.44177215 0.51423264 0.21078294
v 0.54828381 0.48223310 -0.30386814
v 0.47244575 0.47875419 -0.36117492
v 0.57876197 0.67601667 -0.25070514
v 0.48123440 0.81714329 -0.01779467
v 0.43868358 0.93627118 -0.03309747
v 0.55197407 0.85352394 -0.02995623
v 0.49033988 0.76839276 -0.23352661
v 0.51541190 -0.81628505 -0.29141260
v 0.64307191 -0.98997710 -0.45848820
v 0.53517446 -0.84833027 -0.32213508
v 0.53351088 0.07964065 -0.28817500
v 0.51717041 -0.94163271 -0.56472308
v 0.55349682 -0.81697767 -0.20891953
v 0.51891019 -0.83340514 -0.31668345
v 0.54144619 -0.90998970 -0.35164409
v 0.57166984 -0.82305682 -0.22444731
v 0.51221715 -0.59036563 0.09424035
v 0.54580581 -0.84570073 -0.30266390
v 0.52976974 -0.84070967 -0.31500807
v 0.48673566 -0.75067794 -0.21198047
v 0.53118524 -0.77788111 -0.19245219
v 0.50055282 -0.67140582 -0.16221700
v 0.48558569 -0.69660361 -0.15880093
v 0.47250341 -0.74372553 -0.04793668
v 0.50824284 -0.61180602 0.44179987
v 0.49430484 -0.60820050 0.42954317
v 0.49934837 -0.55373724 0.09600915
v 0.51441758 -0.62302026 -0.16037256
v 0.52538038 -0.68292699 0.23327875
v 0.53525911 -0.03002510 -0.20960641
v 0.50353617 -0.56591704 -0.01160144
v 0.48043880 -0.57531017 -0.14929482
v 0.56152699 -0.40087375 0.30370219
v 0.48647868 -0.54989452 -0.15881887
v 0.52793814 -0.44445530 0.32294976
v 0.49164865 -0.33281534 0.02300377
v 0.50479713 -0.50827053 0.28402201
v 0.42675863 -0.51130147 0.02870573
v 0.55484373 -0.06603045 0.14352757
v 0.47974542 -0.59743906 0.46929040
v 0.56864503 -0.04674886 -0.16586093
v 0.48363697 -0.53364537 0.11336552
v 0.57380052 -0.47191567 0.03512635
v 0.58917604 -0.44105719 0.02929851
v 0.62910980 0.53865013 0.04570836
v 0.56184135 -0.86144168 -0.31689503
v 0.56173754 -0.86482765 -0.32469314
v 0.50029569 -0.34095735 0.29577906
v 0.51038666 -0.14035411 -0.07057422
v 0.50614233 -0.14561118 0.03970237
v 0.48934972 0.00570600 0.23051143
v 0.55420541 -0.12372540 -0.06484640
v 0.51276404 0.13337008 -0.32532617
v 0.55964501 0.01882256 -0.23125879
v 0.43070916 0.22932299 0.28121460
v 0.51407777 0.32944273 0.22135245
v 0.55866066 0.33577760 0.19573569
v 0.51318877 0.60085300 -0.30570894
v 0.61935996 -0.87151374 -0.25806591
v 0.47204136 0.75835694 0.05697286
v 0.53435244 0.63216262 -0.28709212
v 0.51416051 0.63315023 0.20846627
v 0.50914002 0.71402097 -0.26844618
v 0.53188575 0.73319040 0.08995619
v 0.39380733 0.80410247 -0.08511208
v 0.53593997 0.86818727 -0.09861625
v 0.48830699 0.85450466 -0.01157219
v 0.50115308 0.87603264 0.02446239
v 0.47280964 0.88843429 -0.03059143
v 0.48892118 0.79698586 0.09450048
v 0.51279560 -0.62333119 0.01869993
v 0.57154891 -0.86857896 -0.32010699
v 0.53588832 0.16327327 -0.32223196
v 0.61215498 -0.95799824 -0.48669871
v 0.55343352 -0.97373512 -0.58876357
v 0.57949826 -0.52946933 0.11710728
v 0.52487765 -0.82661066 -0.29515190
v 0.58973934 -0.54271338 0.25441129
v 0.52921521 -0.76954127 0.24824775
v 0.58904715 -0.91661088 -0.29817750
v 0.52668134 -0.83741165 -0.31334504
v 0.52668134 -0.83721167 -0.31299504
v 0.52186646 -0.77506705 0.35137864
v 0.51482631 -0.82283455 0.27462387
v 0.54590329 -0.65896483 0.27993851
v 0.52048103 -0.61966540 -0.13909254
v 0.58510686 -0.86801554 -0.23199925
v 0.50478442 -0.70867160 0.05244377
v 0.56434982 -0.54980740 0.21133950
v 0.58572835 -0.38918691 0.04659878
v 0.52898582 -0.69160861 0.19496926
v 0.52461976 -0.74745011 0.23935674
v 0.51453067 -0.53712980 0.32453506
v 0.53840460 -0.72578239 0.31903393
v 0.64217179 -0.54131988 0.19098011
v 0.54194452 -0.66823562 0.26357245
v 0.53115891 -0.54837627 0.28656437
v 0.48032711 -0.50729609 0.36611407
v 0.51858300 -0.65601563 0.39244216
v 0.53125656 -0.68917901 0.13717317
v 0.55123001 -0.57936548 0.21035173
v 0.60373758 -0.09057161 -0.02664765
v 0.54874365 -0.60911466 0.37237271
v 0.52660915 -0.60335519 0.41219786
v 0.53452768 -0.53917895 0.25202808
v 0.55793134 -0.04054166 0.15822496
v 0.56575135 -0.03678166 0.15575496
v 0.56184135 -0.04054166 0.15576496
v 0.61600269 -0.52362839 0.29192424
v 0.56866780 -0.03541930 0.15470048
v 0.60639141 0.55691161 0.17088138
v 0.57476167 -0.32997836 0.13265306
v 0.57804412 -0.10944852 0.01449070
v 0.54470989 -0.34263997 0.28567338
v 0.44833198 0.34831652 0.24895400
v 0.58269845 0.45845705 0.17686857
v 0.52218306 0.20486927 0.24173280
v 0.49458948 0.51820325 0.23085522
v 0.56100738 0.62561218 0.22267446
v 0.60128353 0.53288261 -0.25284974
v 0.55852111 0.61917141 0.09772102
v 0.57043064 0.55930079 0.28307402
v 0.58828362 -0.50206250 0.32020731
v 0.51866827 0.56113579 0.14672094
v 0.55436239 0.65853526 0.16185754
v 0.56599986 0.69305817 0.11648834
v 0.54050702 0.82632752 -0.17210311
v 0.57931090 0.81117196 0.03247359
v 0.58926039 -0.96389386 -0.53139632
v 0.60926049 -0.08127359 -0.05468985
v 0.56575135 -0.03663166 0.15584496
v 0.54195488 -0.68524723 0.31375383
v 0.56148041 -0.63757477 0.33317146
v 0.53125754 -0.61401876 0.33886887
v 0.62906493 -0.47333925 0.30993207
v 0.55881587 -0.61150623 0.30905424
v 0.60604986 0.23820256 -0.28442825
v 0.57561493 -0.52590123 0.10456602
v 0.54168774 -0.55136129 0.20357343
v 0.64530702 -0.50593200 0.11382358
v 0.56185087 -0.04055382 0.15575373
v 0.61446184 -0.43903286 0.30033612
v 0.54389612 -0.10140032 -0.12191320
v 0.56024089 -0.36058076 0.05010257
v 0.51723459 -0.29426082 0.10863352
v 0.59318299 -0.09623801 -0.04550408
v 0.56373135 -0.03273166 0.15965497
v 0.59288037 0.19978935 0.20205265
v 0.57077841 0.10280315 -0.27339898
v 0.59539093 0.15241732 -0.27555000
v 0.56130165 0.47333541 0.18418039
v 0.51760730 0.47520543 0.17999144
v 0.59038975 0.33836001 -0.28926904
v 0.64394573 0.28840395 0.15182189
v 0.63500562 0.48799340 0.15056180
v 0.57946244 0.57256238 0.08856664
v 0.61162877 0.51263173 0.08921357
v 0.53020845 0.61972816 0.12308904
v 0.55549341 0.69808446 0.16232428
v 0.60172100 0.73285253 0.05962316
v 0.59828713 0.82319053 -0.15892773
v 0.61611619 0.66805746 0.05633637
v 0.49764417 0.80846023 0.01996737
v 0.60894806 0.87206725 -0.07504331
v 0.59451485 -0.95637574 -0.38195158
v 0.61571948 -0.96858283 -0.50197335
v 0.62758803 -0.92285632 -0.26470402
v 0.60532774 0.05835833 -0.22330262
v 0.52936939 -0.90695091 -0.46052367
v 0.61653135 -0.40773166 0.27302495
v 0.66318801 -0.51751056 0.24393169
v 0.56823831 -0.11394693 -0.04953849
v 0.61988462 -0.08786741 0.01703522
v 0.56575711 -0.03271679 0.15838394
v 0.61002346 -0.05766117 -0.10816610
v 0.61523617 -0.07194925 0.09573842
v 0.62233551 -0.41358666 0.27311684
v 0.59789563 -0.34381492 0.21347561
v 0.56033959 0.00830239 0.18560936
v 0.63168676 -0.00256544 -0.15087589
v 0.58907720 -0.35610946 0.25249628
v 0.64039156 -0.04391802 -0.08271894
v 0.60604760 0.20422184 0.19410974
v 0.55787251 0.24920643 0.21389956
v 0.58549941 0.41442023 -0.28309896
v 0.60533078 0.33448990 0.16668459
v 0.56200068 0.46071727 0.25085465
v 0.60652464 0.46358494 0.26434844
v 0.66260134 0.35716111 -0.21728470
v 0.55771345 0.48826883 0.14453316
v 0.66782908 0.49662727 0.25171818
v 0.55732017 0.62281806 -0.27365427
v 0.60844491 0.61602681 0.18394455
v 0.61040978 0.58965778 0.21102614
v 0.62073398 0.63754047 0.05053873
v 0.63873808 0.57550875 0.08314493
v 0.62995245 0.70250888 0.03773606
v 0.52804136 0.67189396 0.16459316
v 0.62961080 -0.97005844 -0.48068157
v 0.60985956 0.78763226 0.04510740
v 0.61964038 0.82206197 0.00275848
v 0.61991627 0.78335972 -0.17323060
v 0.60597420 0.72791334 -0.21363886
v 0.58535236 0.28807426 -0.29746724
v 0.70316270 -0.98327623 -0.32715854
v 0.66823863 -0.95922796 -0.29455413
v 0.61653135 -0.40278167 0.26903496
v 0.61269138 -0.40382165 0.27293495
v 0.64094259 -0.46964802 0.07820825
v 0.62043134 -0.40773166 0.26990495
v 0.62043134 -0.41147167 0.27293495
v 0.62043134 -0.41163165 0.27306495
v 0.64930969 -0.44888944 0.27330224
v 0.61664138 -0.40773166 0.27293495
v 0.66215031 0.01640229 0.11172498
v 0.61245793 -0.40359952 0.27294411
v 0.65115021 -0.42259382 0.12431775
v 0.62255488 -0.02428280 0.12400467
v 0.61653135 -0.40761164 0.27293495
v 0.62674449 -0.40387304 0.25773769
v 0.60447613 0.07345950 0.18243837
v 0.58783593 0.37711185 0.16198523
v 0.62562733 0.18914087 -0.25932020
v 0.62780100 0.60477834 0.04296847
v 0.62819133 0.61179834 0.04246496
v 0.68534594 0.31416963 -0.20091479
v 0.63488288 0.66102996 -0.19346171
v 0.60563031 0.54149425 0.28910579
v 0.67170889 0.10210536 -0.18540315
v 0.62353454 0.40460130 0.12561157
v 0.64089002 0.51512929 0.13586745
v 0.66218584 0.47472353 0.19092516
v 0.71812421 0.57977648 0.18486933
v 0.62718479 0.69371431 0.17079281
v 0.62822137 0.60788833 0.04246496
v 0.63865525 0.63366874 0.07298687
v 0.62816135 0.61569833 0.04246496
v 0.62839178 0.61963555 0.04218882
v 0.63134040 0.53486906 0.13627059
v 0.66155343 0.55046861 0.25752352
v 0.66757855 0.62875420 0.20150186
v 0.62825135 0.60788833 0.04244496
v 0.62825135 0.61179834 0.04240496
v 0.64313997 0.57012031 0.02641172
v 0.55467759 0.65341023 0.09448720
v 0.61081970 0.68523978 0.10131123
v 0.67113135 0.17819835 -0.21142504
v 0.63459964 0.81678984 -0.13401599
v 0.68184244 -0.97506752 -0.41890738
v 0.67782558 0.77596220 -0.07877611
v 0.59680074 0.87683642 -0.08973888
v 0.68682900 -0.02002633 0.00582389
v 0.68046587 -0.48892868 0.15129419
v 0.66345135 -0.45460165 0.24559496
v 0.66345135 -0.45069165 0.24168497
v 0.66397219 -0.50145201 0.25390411
v 0.70636685 0.03721183 0.05393662
v 0.65525160 -0.41112122 0.18673897
v 0.62919639 -0.37721209 0.12126510
v 0.71769042 0.01902488 0.00031886
v 0.68028394 -0.02713938 0.03124659
v 0.64709401 0.02989731 0.13420090
v 0.73439630 -0.96825397 -0.34494395
v 0.63864712 -0.96250933 -0.45183890
v 0.61999183 0.09875480 -0.23628552
v 0.67115287 0.27671906 -0.21967979
v 0.66339287 0.17819378 -0.21924784
v 0.66731135 0.17826834 -0.21533503
v 0.66729217 0.17819908 -0.21533451
v 0.66340134 0.17819835 -0.21924504
v 0.66638134 0.17429834 -0.21533503
v 0.66341136 0.17819835 -0.21924504
v 0.66731135 0.18210834 -0.21624503
v 0.68775546 0.19740553 0.13014214
v 0.64477673 0.32138064 0.14392083
v 0.68605090 0.24205650 -0.20614284
v 0.67886373 0.32785176 0.11658639
v 0.67961306 0.38920011 -0.18617307
v 0.65599534 0.49102524 -0.18767462
v 0.65785710 0.44553094 0.07179812
v 0.70946475 0.52067512 0.17000652
v 0.65631398 0.48629647 0.05327342
v 0.63215134 0.61179834 0.03804496
v 0.64738687 0.60528410 0.02016924
v 0.70237427 0.44584613 -0.08690731
v 0.62158908 0.59968290 0.05138948
v 0.66056873 0.57776326 0.24495000
v 0.63186137 0.59616833 0.03856496
v 0.68120095 0.64885719 -0.03715084
v 0.72593319 0.63398128 0.11732179
v 0.70867635 0.62129272 0.16172921
v 0.65662102 0.83903301 -0.06917755
v 0.67091844 0.79988822 -0.07610267
v 0.67721190 -0.92728702 -0.30417605
v 0.67953136 -0.47954240 0.21849219
v 0.68118819 0.00892451 -0.08682926
v 0.72722809 -0.98556553 -0.33773916
v 0.66192136 -0.45069165 0.24559496
v 0.66071485 -0.90885994 -0.28946594
v 0.66340134 -0.45460165 0.24570496
v 0.66340134 -0.45848165 0.24950496
v 0.66204897 -0.45793868 0.12330979
v 0.70832137 0.03757834 0.05028496
v 0.66340134 -0.45069165 0.24180496
v 0.66340134 -0.45448167 0.24559496
v 0.65425035 -0.42544423 0.23957700
v 0.69757004 0.03850039 -0.09791098
v 0.73710208 0.06137104 -0.00878019
v 0.70644202 0.03760461 0.05424192
v 0.67024133 0.17429834 -0.21142504
v 0.72068691 0.17434361 -0.15057304
v 0.65839243 0.03537663 0.12713049
v 0.67136950 0.17852007 -0.21124039
v 0.67076182 0.16149989 -0.20785145
v 0.69666612 0.11509366 0.11111933
v 0.73422133 0.15628868 0.07683311
v 0.67470034 0.47752391 -0.15305470
v 0.70953653 0.28235970 0.09769685
v 0.71180126 0.37426569 -0.13372484
v 0.70242148 0.41603658 -0.12193190
v 0.69854175 0.42421948 -0.12556976
v 0.72577313 0.32278025 0.06123030
v 0.65887992 0.53539172 -0.17038727
v 0.70248137 0.42038833 -0.11767504
v 0.70247244 0.42038850 -0.11769721
v 0.70385138 0.42038833 -0.11377504
v 0.70776278 0.41193364 -0.11049931
v 0.70114133 0.42038833 -0.12158504
v 0.69856135 0.42850834 -0.12158504
v 0.69865135 0.42819833 -0.12158504
v 0.69856135 0.42423835 -0.12549504
v 0.70246134 0.41647833 -0.12138504
v 0.66370126 0.52252883 0.00133350
v 0.69595478 0.45980780 -0.08912210
v 0.66329340 0.54525809 -0.15807959
v 0.68774327 0.51037493 -0.04690851
v 0.71819513 0.56180287 0.10798066
v 0.69935076 0.42971016 -0.11795530
v 0.69764815 0.43240619 -0.12090109
v 0.71407052 0.56391478 0.09388747
v 0.68180988 0.69301506 -0.09154072
v 0.71108274 0.24812592 -0.17563189
v 0.66689540 0.66186496 0.17603915
v 0.68364058 0.64873337 0.08656323
v 0.67297879 0.69904135 -0.10975358
v 0.66452253 0.72836384 -0.01941525
v 0.70250137 0.03562037 0.06017368
v 0.75965374 0.13211647 -0.01146220
v 0.70645133 0.03757834 0.05418496
v 0.70939303 0.04669962 0.05941648
v 0.70928015 0.03733372 0.04794439
v 0.72653670 0.10313022 -0.09239150
v 0.68737568 0.17879574 0.13667244
v 0.70374135 0.41647833 -0.11767504
v 0.72120896 0.37927047 0.02225856
v 0.69260259 0.33571057 0.09360104
v 0.69871752 0.38544826 0.05955011
v 0.69856135 0.42819833 -0.12184504
v 0.69856135 0.42429834 -0.12543504
v 0.71501535 0.43072941 -0.02180623
v 0.70915884 0.42343414 0.00590159
v 0.69871549 0.48792268 -0.04592958
v 0.68819066 0.59395585 0.21559121
v 0.73921517 0.60191517 0.11397054
v 0.77055668 0.22872103 -0.03383252
v 0.72980399 0.12803158 -0.10777947
v 0.74326261 0.16600574 0.04638857
v 0.75359003 0.34235095 -0.03781720
v 0.76102688 0.30422207 -0.04976635
v 0.75146844 0.26343299 0.03041435
v 0.74044991 0.31537721 -0.10126921
v 0.75801928 0.31602287 -0.02359744
v 0.71201209 0.45399166 -0.04319509
v 0.72590725 0.40115172 -0.01853048
v 0.76812153 0.21484091 -0.02532017
v 0.76309057 0.28544963 -0.03722040
f 8 10 18
f 2 10 8
f 10 2 3
f 15 3 2
f 10 14 18
f 10 3 36
f 2 95 15
f 3 15 5
f 3 5 36
f 41 24 9
f 23 24 41
f 16 1 23
f 16 23 1
f 23 1 20
f 8 12 2
f 14 10 36
f 95 2 12
f 15 95 5
f 14 7 18
f 36 99 14
f 25 18 7
f 25 29 30
f 103 31 50
f 98 99 36
f 120 37 38
f 11 170 13
f 6 21 41
f 101 97 9
f 41 21 4
f 4 83 1
f 41 17 6
f 83 42 20
f 24 23 16
f 83 20 1
f 41 4 23
f 1 23 4
f 17 41 97
f 30 28 47
f 29 28 30
f 9 97 41
f 101 9 24
f 51 40 52
f 23 20 53
f 23 53 16
f 51 26 40
f 8 18 143
f 55 56 54
f 30 56 55
f 56 57 103
f 57 28 29
f 25 57 29
f 143 18 58
f 57 25 103
f 31 58 30
f 103 58 31
f 28 57 47
f 55 31 30
f 30 47 56
f 47 57 56
f 103 143 58
f 58 18 25
f 31 55 50
f 50 55 54
f 25 30 58
f 295 25 7
f 56 103 50
f 54 56 50
f 103 25 295
f 59 7 105
f 63 64 113
f 33 11 34
f 35 34 11
f 34 35 33
f 11 39 35
f 104 32 33
f 66 67 68
f 67 113 68
f 71 33 32
f 81 72 37
f 73 66 68
f 71 11 33
f 32 116 71
f 11 70 39
f 11 13 70
f 71 123 11
f 170 11 123
f 167 13 170
f 73 68 75
f 170 123 171
f 26 51 46
f 78 22 48
f 48 94 78
f 21 6 76
f 51 52 45
f 76 6 46
f 42 83 82
f 76 46 80
f 133 78 19
f 4 82 83
f 76 4 21
f 26 46 6
f 82 4 76
f 24 16 84
f 78 132 19
f 80 46 45
f 80 52 40
f 80 45 52
f 26 17 80
f 46 51 45
f 49 76 80
f 26 80 40
f 6 17 26
f 101 24 84
f 84 19 101
f 84 133 19
f 19 132 90
f 80 17 49
f 220 91 92
f 42 96 20
f 84 16 85
f 85 16 86
f 84 85 86
f 87 86 53
f 87 133 84
f 133 87 88
f 89 19 90
f 42 93 96
f 44 17 97
f 147 106 5
f 16 53 86
f 5 106 36
f 134 101 19
f 146 12 8
f 95 233 5
f 95 12 146
f 5 233 147
f 98 36 106
f 59 295 7
f 333 270 111
f 33 61 104
f 81 65 35
f 64 112 113
f 81 35 39
f 114 66 73
f 81 37 120
f 120 38 74
f 113 112 72
f 115 114 73
f 38 114 115
f 113 70 68
f 37 63 38
f 81 113 72
f 38 63 66
f 63 67 66
f 113 67 63
f 39 70 81
f 115 73 75
f 117 112 64
f 72 112 117
f 118 117 64
f 70 113 81
f 37 117 118
f 37 72 117
f 38 75 74
f 38 115 75
f 37 118 63
f 118 64 63
f 114 67 66
f 67 38 66
f 38 67 114
f 74 70 167
f 116 122 71
f 123 71 122
f 170 171 176
f 94 48 124
f 187 124 22
f 100 78 94
f 22 124 48
f 42 82 79
f 126 76 49
f 22 78 133
f 76 126 79
f 76 79 82
f 100 132 78
f 87 84 86
f 87 53 88
f 134 19 89
f 138 49 288
f 288 49 17
f 272 136 284
f 111 140 141
f 101 291 97
f 97 291 44
f 290 229 53
f 135 134 89
f 53 229 88
f 96 93 145
f 20 96 297
f 14 99 7
f 101 134 291
f 20 222 53
f 146 8 143
f 95 146 232
f 232 233 95
f 104 61 110
f 312 106 102
f 35 61 33
f 65 155 158
f 147 102 106
f 65 149 35
f 60 61 35
f 35 151 60
f 61 150 110
f 61 60 151
f 152 153 69
f 65 81 69
f 110 62 104
f 110 107 62
f 156 157 152
f 153 65 69
f 151 35 154
f 69 156 152
f 159 157 160
f 157 159 152
f 153 155 65
f 160 156 69
f 153 152 155
f 156 160 157
f 62 32 104
f 160 163 164
f 163 165 164
f 32 62 119
f 161 69 81
f 32 119 116
f 122 116 243
f 13 167 70
f 170 169 167
f 251 170 176
f 173 174 175
f 108 124 131
f 124 178 131
f 178 124 187
f 177 94 124
f 329 94 177
f 187 22 182
f 22 133 195
f 184 185 186
f 139 184 186
f 139 185 184
f 180 179 223
f 125 218 188
f 94 329 100
f 128 130 179
f 130 189 179
f 223 179 189
f 190 191 192
f 191 193 192
f 193 190 192
f 193 191 190
f 195 189 182
f 270 194 111
f 182 22 195
f 223 189 387
f 197 175 198
f 175 197 173
f 241 126 49
f 202 193 189
f 79 129 216
f 195 133 200
f 53 222 290
f 141 140 209
f 139 264 271
f 79 216 42
f 271 206 194
f 209 210 211
f 210 206 211
f 129 79 126
f 217 132 27
f 49 138 241
f 203 186 185
f 333 180 264
f 175 252 198
f 174 252 175
f 205 281 387
f 132 100 217
f 27 132 217
f 93 42 216
f 190 221 192
f 230 135 89
f 100 273 217
f 280 132 217
f 93 344 145
f 288 17 44
f 225 226 231
f 44 291 296
f 43 77 212
f 20 297 228
f 7 98 105
f 228 222 20
f 227 192 187
f 98 7 99
f 291 134 353
f 353 134 135
f 199 353 135
f 90 230 89
f 90 132 280
f 365 362 143
f 103 295 143
f 309 147 233
f 237 301 102
f 235 150 61
f 107 110 150
f 235 61 151
f 154 35 149
f 62 107 142
f 159 164 158
f 165 166 239
f 160 69 166
f 158 149 65
f 163 160 166
f 165 163 166
f 159 160 164
f 155 159 158
f 159 155 152
f 234 165 239
f 164 234 158
f 165 234 164
f 69 239 166
f 62 238 369
f 315 234 239
f 69 120 121
f 161 120 69
f 70 75 68
f 70 74 75
f 120 161 81
f 120 74 167
f 167 324 120
f 169 170 251
f 168 167 244
f 246 247 248
f 176 171 327
f 252 208 198
f 245 176 172
f 124 108 177
f 247 258 173
f 178 255 131
f 257 256 207
f 285 257 207
f 285 329 177
f 177 258 246
f 258 247 246
f 256 257 260
f 257 246 260
f 246 257 256
f 261 262 263
f 262 213 263
f 213 262 261
f 128 179 325
f 260 208 207
f 185 139 270
f 285 177 254
f 139 186 264
f 189 227 182
f 208 197 198
f 264 186 203
f 221 187 192
f 193 265 191
f 265 266 191
f 266 193 191
f 178 187 255
f 202 265 193
f 221 266 255
f 179 180 125
f 387 189 204
f 182 227 187
f 190 193 221
f 189 190 227
f 193 266 221
f 202 181 265
f 265 181 266
f 181 255 266
f 333 264 203
f 227 190 192
f 187 221 255
f 189 181 202
f 189 193 190
f 333 125 180
f 267 272 333
f 129 126 201
f 333 203 270
f 241 268 126
f 269 272 211
f 272 269 271
f 129 201 216
f 216 201 334
f 126 268 201
f 206 269 211
f 141 209 267
f 141 267 111
f 267 333 111
f 203 185 270
f 334 201 268
f 264 180 271
f 271 270 139
f 92 196 220
f 137 272 271
f 194 270 271
f 138 279 241
f 275 277 278
f 137 320 275
f 271 196 137
f 284 278 276
f 204 189 195
f 196 320 137
f 278 91 276
f 91 220 276
f 320 277 275
f 137 275 136
f 196 92 320
f 276 220 284
f 200 292 195
f 341 279 138
f 207 208 285
f 278 284 320
f 138 342 341
f 456 344 93
f 456 93 216
f 342 138 288
f 320 275 278
f 88 200 133
f 347 44 296
f 96 289 297
f 290 222 228
f 109 145 344
f 288 44 347
f 289 96 145
f 288 347 351
f 59 105 98
f 428 98 106
f 296 291 144
f 291 353 144
f 230 361 135
f 90 280 230
f 348 145 109
f 106 312 428
f 225 306 302
f 143 362 146
f 309 233 232
f 147 309 102
f 237 102 305
f 365 143 295
f 102 355 305
f 305 355 231
f 226 231 307
f 308 226 307
f 308 231 226
f 305 231 308
f 306 231 355
f 225 231 306
f 305 308 237
f 303 306 355
f 310 226 224
f 308 307 237
f 306 303 302
f 231 310 301
f 310 231 226
f 231 301 307
f 301 237 307
f 304 295 59
f 303 355 224
f 311 301 310
f 312 102 224
f 302 303 224
f 226 302 224
f 302 226 225
f 310 224 311
f 311 102 301
f 224 102 311
f 260 197 208
f 197 260 248
f 317 107 150
f 254 257 285
f 197 247 173
f 59 98 430
f 363 107 240
f 154 149 158
f 369 238 323
f 119 62 369
f 315 69 162
f 69 436 452
f 121 120 436
f 239 69 315
f 119 369 242
f 119 242 116
f 234 315 158
f 206 210 194
f 242 243 116
f 168 324 167
f 437 243 242
f 122 243 437
f 169 251 167
f 123 122 442
f 245 251 176
f 250 251 328
f 123 442 327
f 251 245 328
f 171 123 327
f 245 172 328
f 127 177 108
f 131 255 339
f 172 176 373
f 189 130 181
f 127 258 177
f 130 128 332
f 246 248 260
f 247 197 248
f 173 258 252
f 174 173 252
f 125 325 179
f 256 257 254
f 188 261 183
f 271 269 206
f 140 210 209
f 267 209 272
f 209 211 272
f 258 127 252
f 77 223 387
f 130 332 259
f 272 137 136
f 256 260 207
f 181 259 384
f 256 177 246
f 254 177 256
f 111 194 140
f 125 219 218
f 183 261 263
f 261 218 219
f 213 261 299
f 262 218 261
f 262 261 188
f 218 262 188
f 213 214 263
f 213 299 214
f 194 210 140
f 183 125 188
f 219 333 299
f 263 214 183
f 125 333 219
f 253 125 183
f 382 253 333
f 219 299 261
f 299 333 253
f 100 329 392
f 253 183 214
f 299 253 214
f 100 392 273
f 382 333 272
f 92 277 320
f 217 273 400
f 275 320 136
f 334 330 216
f 136 320 284
f 217 400 280
f 195 292 204
f 277 91 278
f 277 92 91
f 283 205 292
f 292 200 283
f 404 342 288
f 289 145 348
f 144 347 296
f 289 300 297
f 404 288 294
f 144 351 347
f 409 281 287
f 199 135 361
f 361 230 354
f 230 280 550
f 349 350 286
f 289 383 300
f 228 297 293
f 228 357 298
f 353 236 144
f 199 361 353
f 236 353 361
f 354 230 466
f 230 550 466
f 224 355 312
f 351 294 288
f 300 383 485
f 351 427 294
f 293 300 485
f 501 98 428
f 297 300 293
f 357 228 293
f 146 362 424
f 232 146 424
f 365 295 304
f 355 102 309
f 235 151 154
f 315 154 158
f 107 317 338
f 304 59 413
f 107 363 238
f 235 154 431
f 322 238 366
f 318 286 319
f 350 319 286
f 368 286 318
f 349 286 368
f 319 322 318
f 323 238 349
f 322 350 349
f 319 350 322
f 323 349 368
f 368 318 323
f 238 322 349
f 323 318 366
f 323 366 369
f 242 369 371
f 452 315 162
f 162 69 452
f 436 69 121
f 506 120 324
f 120 506 436
f 506 324 653
f 442 122 437
f 251 244 167
f 510 326 327
f 327 442 510
f 327 326 176
f 373 176 512
f 172 373 250
f 374 512 176
f 326 374 176
f 380 377 379
f 378 444 379
f 373 378 375
f 373 444 378
f 252 285 208
f 108 131 339
f 325 125 337
f 215 281 212
f 180 223 196
f 285 252 385
f 196 271 180
f 181 384 255
f 125 253 337
f 285 385 329
f 381 392 329
f 268 241 340
f 396 397 398
f 399 397 396
f 330 335 334
f 268 340 334
f 330 393 216
f 279 391 340
f 279 340 241
f 340 330 334
f 335 330 334
f 586 279 341
f 216 393 456
f 287 205 346
f 633 406 407
f 405 404 689
f 289 348 383
f 144 236 360
f 409 287 357
f 414 413 478
f 383 109 358
f 351 144 360
f 348 109 383
f 408 356 358
f 356 383 358
f 356 485 383
f 430 98 501
f 356 475 417
f 408 418 416
f 358 418 408
f 480 294 427
f 420 421 422
f 427 351 360
f 413 59 430
f 359 409 293
f 357 293 409
f 477 360 236
f 345 355 309
f 309 232 345
f 339 426 455
f 345 410 355
f 355 428 312
f 424 345 232
f 365 481 362
f 428 355 410
f 413 575 304
f 470 575 413
f 314 240 321
f 238 314 366
f 643 501 428
f 478 413 430
f 107 238 142
f 238 62 142
f 338 317 150
f 425 434 478
f 235 431 352
f 367 235 352
f 338 240 107
f 314 321 366
f 366 497 369
f 318 322 366
f 371 369 370
f 154 316 431
f 437 242 589
f 324 168 244
f 442 439 656
f 324 438 653
f 251 250 244
f 324 244 250
f 440 250 752
f 324 250 440
f 752 250 441
f 250 328 172
f 441 373 249
f 441 250 373
f 249 373 375
f 512 374 326
f 376 373 512
f 443 373 376
f 444 373 443
f 444 377 379
f 377 444 443
f 377 443 379
f 378 379 380
f 379 377 380
f 379 378 380
f 379 375 378
f 284 382 272
f 420 426 421
f 447 605 445
f 339 255 274
f 77 386 212
f 128 325 337
f 215 212 386
f 223 77 43
f 148 223 43
f 337 446 128
f 223 148 196
f 387 281 386
f 212 281 43
f 386 77 387
f 128 259 332
f 259 181 130
f 255 607 274
f 384 259 607
f 336 337 253
f 385 252 127
f 108 385 127
f 391 330 340
f 423 447 445
f 382 331 401
f 391 279 586
f 450 398 526
f 451 401 402
f 400 273 508
f 405 459 460
f 341 342 613
f 541 456 458
f 420 455 426
f 344 541 462
f 456 541 344
f 280 400 537
f 624 463 464
f 342 404 457
f 457 404 467
f 467 404 405
f 467 405 460
f 402 284 533
f 415 533 284
f 469 435 414
f 434 414 478
f 689 404 294
f 357 287 346
f 472 473 474
f 418 358 475
f 479 469 434
f 425 479 434
f 689 294 547
f 429 435 425
f 429 470 435
f 109 344 462
f 408 416 356
f 470 429 478
f 109 462 415
f 476 418 475
f 416 476 475
f 416 418 476
f 434 469 414
f 476 484 415
f 417 476 485
f 359 293 485
f 476 417 475
f 485 476 415
f 354 477 361
f 417 485 356
f 356 416 475
f 236 361 477
f 358 484 475
f 485 415 359
f 547 294 480
f 475 484 476
f 109 415 358
f 484 358 415
f 479 435 469
f 395 428 410
f 643 428 395
f 435 479 425
f 435 413 414
f 365 304 481
f 366 743 497
f 488 362 481
f 488 481 360
f 488 424 362
f 360 477 488
f 496 487 576
f 429 425 478
f 470 413 435
f 314 363 240
f 423 422 447
f 238 363 314
f 235 367 403
f 502 503 504
f 505 503 502
f 338 150 585
f 315 452 432
f 242 371 589
f 316 154 313
f 437 439 442
f 426 605 421
f 438 324 440
f 510 442 655
f 442 656 655
f 441 372 752
f 249 511 441
f 441 511 372
f 514 591 515
f 602 375 516
f 516 375 379
f 719 108 489
f 331 284 401
f 426 339 605
f 423 445 448
f 448 108 339
f 455 517 423
f 455 423 448
f 420 517 455
f 448 445 605
f 385 108 719
f 339 455 448
f 423 517 422
f 517 420 422
f 623 450 526
f 339 274 605
f 422 421 447
f 421 605 447
f 284 220 148
f 255 384 607
f 382 284 331
f 386 281 215
f 607 259 790
f 336 623 337
f 603 337 623
f 220 196 148
f 337 668 446
f 128 446 259
f 551 385 719
f 388 385 449
f 623 336 450
f 525 507 498
f 382 483 253
f 382 401 483
f 682 524 330
f 330 391 682
f 450 397 398
f 396 398 528
f 393 330 524
f 529 456 393
f 471 531 532
f 400 508 537
f 456 529 458
f 613 586 341
f 624 457 536
f 535 538 459
f 534 535 459
f 534 538 535
f 535 534 463
f 538 534 457
f 536 457 534
f 539 504 494
f 624 342 457
f 464 463 534
f 459 538 460
f 489 108 448
f 405 624 464
f 624 536 463
f 536 535 463
f 503 494 504
f 534 535 536
f 467 538 457
f 534 459 405
f 405 464 534
f 458 462 541
f 538 467 460
f 205 204 292
f 550 280 412
f 546 525 498
f 532 472 474
f 548 532 474
f 474 473 549
f 407 474 549
f 407 472 474
f 533 473 531
f 473 472 531
f 549 473 468
f 472 406 474
f 406 548 474
f 395 741 643
f 555 637 556
f 557 555 556
f 559 487 560
f 415 468 533
f 526 453 623
f 462 468 415
f 532 531 472
f 477 558 495
f 530 563 564
f 477 354 558
f 554 567 568
f 567 569 568
f 550 411 466
f 560 487 491
f 558 354 466
f 570 554 553
f 571 570 553
f 572 491 563
f 560 491 572
f 488 477 486
f 572 493 560
f 572 492 493
f 360 481 427
f 569 561 568
f 561 554 568
f 481 487 480
f 492 573 574
f 486 424 488
f 477 627 486
f 574 559 560
f 487 481 576
f 553 487 496
f 571 553 496
f 578 567 570
f 546 500 588
f 579 580 685
f 563 487 554
f 481 304 575
f 577 495 545
f 486 345 424
f 410 345 486
f 578 576 647
f 395 410 486
f 575 478 698
f 505 608 582
f 608 505 543
f 470 478 575
f 743 321 433
f 542 502 504
f 502 542 543
f 507 539 482
f 454 240 338
f 154 315 313
f 352 431 636
f 430 501 643
f 321 454 419
f 321 240 454
f 313 431 316
f 585 150 235
f 636 367 352
f 431 432 636
f 452 436 540
f 437 589 439
f 656 439 589
f 326 510 513
f 326 513 512
f 512 513 443
f 376 512 443
f 249 375 511
f 593 594 595
f 594 596 595
f 516 591 514
f 596 514 515
f 595 596 515
f 591 516 379
f 593 597 514
f 594 514 596
f 514 594 593
f 597 516 514
f 591 592 515
f 591 379 443
f 511 375 602
f 598 592 600
f 591 600 592
f 593 595 597
f 602 599 600
f 516 599 602
f 597 595 599
f 516 597 599
f 594 599 595
f 595 601 594
f 599 598 600
f 599 594 598
f 598 601 600
f 598 594 601
f 602 600 591
f 396 528 399
f 528 522 399
f 253 483 518
f 397 399 526
f 489 448 605
f 402 401 284
f 398 397 528
f 526 399 453
f 337 603 668
f 451 461 390
f 399 522 453
f 668 519 259
f 205 387 204
f 343 281 409
f 148 282 284
f 287 281 205
f 259 446 668
f 259 519 790
f 397 450 528
f 450 522 528
f 398 397 526
f 336 453 522
f 651 336 253
f 522 450 336
f 518 651 253
f 623 453 750
f 461 610 390
f 584 391 586
f 393 524 509
f 612 393 509
f 614 451 390
f 390 615 389
f 615 616 389
f 610 615 390
f 616 614 390
f 389 616 390
f 614 616 611
f 616 615 611
f 274 617 618
f 617 619 618
f 620 644 454
f 612 529 393
f 584 586 394
f 458 529 612
f 586 613 394
f 768 451 614
f 613 342 624
f 482 539 500
f 612 686 458
f 462 458 527
f 533 531 471
f 582 503 505
f 689 624 405
f 280 537 412
f 582 494 503
f 407 549 468
f 493 574 560
f 633 462 527
f 576 571 496
f 471 548 406
f 468 462 633
f 565 566 628
f 577 627 495
f 554 570 567
f 629 630 631
f 550 412 411
f 492 572 563
f 638 492 563
f 545 495 566
f 480 487 559
f 402 633 562
f 471 532 548
f 471 406 633
f 577 545 565
f 633 407 468
f 507 588 636
f 638 480 559
f 407 406 472
f 564 563 554
f 573 638 559
f 647 630 567
f 631 630 647
f 492 638 573
f 530 638 563
f 627 577 579
f 468 473 533
f 685 627 579
f 565 634 635
f 634 577 635
f 577 565 635
f 530 629 631
f 471 633 402
f 533 471 402
f 634 579 577
f 148 359 415
f 493 492 574
f 574 573 559
f 578 647 567
f 545 566 565
f 566 495 625
f 727 466 411
f 625 495 558
f 563 491 487
f 530 564 640
f 578 571 576
f 640 561 569
f 634 635 579
f 635 634 628
f 640 564 561
f 629 530 640
f 554 487 553
f 578 570 571
f 630 629 569
f 629 640 569
f 554 568 578
f 568 570 578
f 570 554 578
f 570 568 554
f 630 569 567
f 561 564 554
f 685 580 625
f 539 507 636
f 647 638 631
f 486 627 395
f 454 490 620
f 646 644 620
f 366 321 743
f 490 642 583
f 543 542 608
f 546 588 525
f 498 499 546
f 499 500 546
f 698 478 641
f 641 478 430
f 497 370 369
f 338 490 454
f 498 482 499
f 482 500 499
f 507 525 588
f 313 315 432
f 431 313 432
f 539 452 608
f 500 539 494
f 581 608 452
f 403 636 694
f 620 490 583
f 505 502 543
f 367 636 403
f 371 370 497
f 490 338 792
f 620 583 646
f 490 792 642
f 498 507 482
f 588 645 636
f 737 235 403
f 552 540 436
f 436 626 552
f 626 506 650
f 581 452 552
f 452 540 552
f 626 436 506
f 506 653 723
f 440 658 438
f 440 752 658
f 660 661 662
f 590 372 511
f 511 962 590
f 598 601 592
f 591 815 602
f 600 601 598
f 962 511 602
f 453 336 651
f 415 284 282
f 718 401 451
f 627 685 687
f 669 670 671
f 148 281 343
f 668 721 519
f 148 43 281
f 718 483 401
f 607 790 274
f 673 674 675
f 675 617 274
f 677 617 675
f 523 449 678
f 605 758 489
f 679 717 680
f 681 679 680
f 453 651 750
f 461 402 621
f 648 518 483
f 524 682 688
f 483 718 648
f 676 524 712
f 722 537 521
f 683 524 676
f 584 394 832
f 509 524 683
f 624 622 613
f 509 683 946
f 612 509 686
f 394 613 622
f 611 768 614
f 509 946 684
f 686 509 684
f 458 686 527
f 628 634 565
f 394 622 728
f 782 394 728
f 622 624 689
f 402 562 621
f 632 625 729
f 633 527 562
f 729 625 558
f 727 411 412
f 603 623 668
f 689 547 714
f 691 692 556
f 637 691 556
f 632 729 625
f 635 580 579
f 628 580 635
f 555 557 625
f 731 547 647
f 555 693 637
f 693 555 625
f 628 625 580
f 628 566 625
f 685 692 687
f 685 557 692
f 627 477 495
f 625 557 685
f 558 466 727
f 647 547 638
f 692 557 556
f 691 687 692
f 691 637 544
f 644 639 454
f 576 575 731
f 741 395 627
f 738 575 698
f 731 575 738
f 743 419 649
f 644 696 639
f 321 419 433
f 589 371 497
f 500 645 588
f 646 642 696
f 497 700 587
f 454 639 792
f 649 419 364
f 641 737 698
f 539 608 542
f 433 419 743
f 539 636 432
f 589 497 587
f 539 542 504
f 645 500 494
f 644 646 696
f 642 792 639
f 583 642 646
f 795 737 403
f 432 452 539
f 645 697 636
f 430 740 641
f 733 643 741
f 430 643 733
f 792 338 585
f 636 697 694
f 494 582 608
f 696 642 639
f 795 403 694
f 494 608 581
f 148 415 282
f 650 506 723
f 723 901 650
f 589 587 652
f 650 552 626
f 494 581 552
f 723 653 657
f 589 652 656
f 329 385 381
f 657 438 658
f 656 753 655
f 510 655 751
f 708 860 802
f 707 657 702
f 657 709 702
f 752 372 704
f 623 750 672
f 513 510 701
f 595 592 601
f 592 595 515
f 711 962 602
f 672 670 713
f 670 669 713
f 610 611 615
f 611 610 768
f 461 451 402
f 729 693 625
f 409 359 343
f 619 715 618
f 768 610 461
f 716 618 715
f 679 606 717
f 721 790 519
f 274 790 520
f 274 758 605
f 651 604 750
f 829 719 489
f 688 682 391
f 523 766 449
f 652 587 654
f 524 688 712
f 687 544 627
f 388 508 273
f 779 722 521
f 665 672 750
f 412 537 886
f 391 584 832
f 575 576 481
f 683 720 946
f 537 508 521
f 724 665 750
f 527 686 562
f 689 714 622
f 686 684 562
f 687 691 544
f 727 412 838
f 343 359 148
f 728 622 714
f 544 729 784
f 784 729 666
f 729 544 637
f 637 693 729
f 730 734 735
f 784 793 627
f 739 741 627
f 585 740 430
f 430 733 585
f 895 736 789
f 235 737 641
f 454 792 419
f 419 792 364
f 670 665 671
f 552 645 494
f 497 743 649
f 552 848 645
f 700 497 649
f 552 650 747
f 726 520 746
f 650 901 903
f 438 657 653
f 700 465 587
f 713 671 724
f 713 669 671
f 654 705 652
f 959 888 723
f 657 959 723
f 748 663 749
f 748 664 663
f 749 850 807
f 753 751 655
f 513 701 912
f 510 751 912
f 807 850 907
f 813 754 590
f 590 962 875
f 602 815 756
f 711 602 756
f 724 750 721
f 726 673 675
f 274 726 675
f 677 760 617
f 623 713 724
f 623 672 713
f 668 623 721
f 671 665 724
f 680 763 717
f 618 681 764
f 681 618 716
f 621 562 461
f 619 617 760
f 765 776 761
f 766 765 761
f 665 670 672
f 623 724 721
f 785 680 759
f 680 785 763
f 768 718 451
f 520 773 769
f 673 746 674
f 619 760 769
f 773 710 769
f 764 681 680
f 717 764 680
f 717 690 759
f 764 763 785
f 771 677 674
f 773 690 716
f 677 675 674
f 679 681 772
f 710 773 716
f 715 710 716
f 619 710 715
f 619 769 710
f 771 746 520
f 274 618 764
f 759 680 717
f 772 690 606
f 690 772 716
f 785 274 764
f 551 719 829
f 763 764 717
f 523 774 766
f 774 523 766
f 774 766 523
f 518 648 976
f 830 761 776
f 774 775 765
f 775 774 678
f 776 765 775
f 758 274 785
f 678 774 523
f 758 699 489
f 770 489 699
f 449 551 829
f 461 562 768
f 449 829 830
f 518 835 651
f 766 761 830
f 774 765 766
f 388 766 830
f 648 718 976
f 688 762 712
f 676 712 762
f 676 762 683
f 721 750 827
f 688 391 832
f 641 740 585
f 779 537 722
f 394 782 832
f 779 886 537
f 666 729 558
f 562 684 786
f 725 727 828
f 828 727 838
f 727 725 666
f 786 768 562
f 895 732 736
f 727 666 558
f 1011 666 725
f 530 631 638
f 735 734 789
f 695 731 895
f 736 735 789
f 734 730 794
f 789 734 794
f 738 789 794
f 786 981 768
f 731 794 730
f 730 732 731
f 895 789 738
f 736 732 735
f 732 730 735
f 794 731 738
f 731 647 576
f 739 627 793
f 791 797 697
f 364 799 841
f 791 697 744
f 738 698 737
f 733 792 585
f 792 799 364
f 697 797 694
f 744 697 645
f 742 364 841
f 700 649 788
f 800 645 848
f 552 747 848
f 703 465 700
f 888 901 723
f 587 465 654
f 847 654 465
f 709 657 658
f 707 803 659
f 804 855 805
f 705 656 652
f 803 658 662
f 803 709 658
f 753 664 807
f 806 753 656
f 810 912 751
f 861 809 752
f 704 861 752
f 701 510 912
f 813 590 875
f 816 856 863
f 591 443 513
f 756 815 968
f 677 771 760
f 771 769 760
f 785 759 690
f 769 771 520
f 746 771 674
f 772 606 679
f 489 770 829
f 681 716 772
f 690 717 606
f 673 726 746
f 551 449 385
f 274 520 726
f 776 775 678
f 518 976 835
f 604 651 835
f 949 884 834
f 750 604 827
f 762 688 836
f 508 388 521
f 718 825 976
f 683 762 720
f 762 836 720
f 388 273 392
f 481 480 427
f 825 768 981
f 721 827 790
f 782 728 1019
f 412 787 838
f 783 728 714
f 784 666 1011
f 641 585 235
f 547 695 714
f 1011 767 784
f 714 695 1073
f 547 731 695
f 480 638 547
f 793 784 767
f 627 544 784
f 731 732 895
f 695 895 1073
f 895 738 892
f 745 364 742
f 795 738 737
f 892 738 795
f 792 733 796
f 795 694 892
f 645 791 744
f 694 896 892
f 741 796 733
f 896 694 986
f 645 843 791
f 745 788 364
f 843 645 800
f 705 654 902
f 844 845 846
f 788 745 700
f 649 364 788
f 903 747 650
f 847 465 1038
f 952 465 703
f 658 855 662
f 465 952 1038
f 804 662 855
f 662 804 660
f 663 839 749
f 752 808 658
f 708 802 801
f 707 659 855
f 805 661 804
f 661 803 662
f 803 661 709
f 702 709 661
f 659 803 805
f 803 661 805
f 855 659 805
f 661 660 804
f 753 807 907
f 803 702 661
f 702 803 707
f 663 664 839
f 664 806 839
f 749 839 850
f 656 705 806
f 806 850 839
f 853 801 910
f 664 753 806
f 807 748 749
f 807 664 748
f 706 853 910
f 960 658 808
f 801 802 910
f 809 808 752
f 857 858 859
f 850 801 907
f 810 811 856
f 812 862 911
f 753 811 751
f 751 811 810
f 811 907 856
f 867 857 865
f 875 866 872
f 816 863 858
f 857 816 858
f 859 854 868
f 858 854 859
f 858 863 854
f 868 870 865
f 861 704 908
f 866 869 872
f 911 862 875
f 862 866 875
f 871 869 866
f 812 871 866
f 812 869 871
f 871 872 869
f 873 871 869
f 873 872 871
f 862 812 866
f 875 872 813
f 513 912 815
f 815 913 968
f 591 513 815
f 790 921 520
f 718 768 825
f 830 678 449
f 928 790 827
f 773 949 690
f 770 877 829
f 949 785 690
f 699 877 770
f 758 785 699
f 834 881 949
f 388 830 833
f 780 388 833
f 829 877 879
f 388 449 766
f 833 830 829
f 678 830 776
f 883 834 884
f 829 879 833
f 833 879 780
f 826 780 878
f 780 826 831
f 521 388 780
f 779 826 878
f 831 826 779
f 831 521 780
f 521 831 779
f 927 688 832
f 412 886 787
f 782 1017 832
f 1017 782 1019
f 657 707 959
f 725 828 943
f 728 783 1019
f 891 684 946
f 981 684 891
f 786 684 981
f 944 783 714
f 725 943 1011
f 897 893 898
f 984 694 797
f 796 742 841
f 897 899 945
f 700 952 703
f 952 700 745
f 903 848 747
f 902 654 847
f 801 860 708
f 707 855 959
f 902 851 705
f 708 801 853
f 850 860 801
f 900 994 905
f 705 851 806
f 860 850 802
f 850 806 802
f 806 851 910
f 706 708 853
f 753 907 811
f 801 708 706
f 801 706 907
f 868 863 870
f 868 854 863
f 867 865 870
f 856 816 867
f 810 867 912
f 810 856 867
f 856 907 870
f 863 856 870
f 857 859 865
f 859 868 865
f 816 857 867
f 981 882 825
f 873 704 813
f 812 873 869
f 590 754 372
f 912 913 815
f 962 711 916
f 915 821 820
f 916 711 756
f 756 917 916
f 1000 962 916
f 756 968 917
f 834 918 919
f 918 883 919
f 883 918 834
f 773 520 949
f 879 885 780
f 785 798 931
f 931 926 834
f 604 835 842
f 381 385 388
f 699 785 931
f 922 877 923
f 879 877 922
f 879 922 885
f 780 885 878
f 939 932 929
f 388 392 381
f 878 885 909
f 1024 976 882
f 779 1009 886
f 779 878 1009
f 834 926 918
f 926 881 918
f 881 834 918
f 933 934 935
f 980 889 890
f 889 934 933
f 889 980 934
f 836 936 720
f 951 832 1017
f 934 938 935
f 938 828 935
f 890 932 838
f 939 838 932
f 980 938 934
f 939 929 935
f 932 933 929
f 890 933 932
f 933 890 889
f 828 838 939
f 929 933 935
f 828 939 935
f 886 980 787
f 890 838 787
f 980 890 787
f 940 941 899
f 897 940 899
f 891 983 981
f 944 714 1073
f 898 893 941
f 898 940 897
f 940 898 941
f 798 785 949
f 1011 942 767
f 945 899 845
f 899 941 845
f 937 840 945
f 945 845 844
f 937 945 844
f 767 893 840
f 1025 840 937
f 767 840 793
f 921 970 949
f 895 892 1029
f 1029 892 896
f 894 796 948
f 796 841 799
f 694 984 986
f 797 791 984
f 741 739 796
f 796 894 948
f 796 948 947
f 1031 796 793
f 793 796 739
f 742 796 947
f 742 947 887
f 792 796 799
f 742 887 849
f 903 901 888
f 745 742 849
f 800 848 1030
f 800 1030 843
f 902 906 851
f 1035 903 888
f 847 1038 902
f 959 1034 888
f 848 903 1035
f 953 888 1034
f 954 955 904
f 955 956 904
f 955 954 956
f 852 956 851
f 906 904 957
f 904 958 957
f 958 852 957
f 954 904 906
f 852 906 957
f 954 900 851
f 958 956 852
f 958 904 956
f 956 954 851
f 852 851 906
f 806 910 802
f 960 808 861
f 874 960 861
f 706 910 907
f 907 912 867
f 908 814 861
f 905 907 910
f 907 867 870
f 912 907 963
f 911 875 864
f 913 912 823
f 812 911 873
f 911 704 873
f 1123 966 967
f 916 917 968
f 790 928 921
f 781 971 1146
f 925 881 926
f 949 881 925
f 825 882 976
f 925 798 949
f 798 925 931
f 884 919 883
f 931 919 884
f 925 926 931
f 834 919 931
f 1282 972 973
f 974 972 1282
f 931 884 757
f 757 699 931
f 842 835 1228
f 923 877 699
f 923 885 922
f 920 1009 878
f 878 909 920
f 520 921 949
f 688 927 836
f 893 767 942
f 927 832 951
f 977 846 942
f 720 891 946
f 720 936 891
f 897 945 840
f 828 938 1160
f 938 980 1160
f 943 828 1160
f 983 1076 981
f 942 1025 977
f 897 840 893
f 1073 1026 944
f 1025 985 977
f 985 846 977
f 985 844 846
f 985 937 844
f 1025 937 985
f 846 845 942
f 840 1025 793
f 1162 984 987
f 796 1031 948
f 986 1029 896
f 984 791 987
f 987 791 843
f 887 950 849
f 952 745 950
f 745 849 950
f 848 1035 1030
f 954 955 988
f 955 989 988
f 900 954 988
f 1035 888 953
f 955 954 989
f 994 906 902
f 954 906 989
f 902 1039 994
f 988 989 900
f 989 906 994
f 1136 959 855
f 989 994 900
f 910 851 905
f 905 851 900
f 960 1094 855
f 905 1093 907
f 874 861 1044
f 961 861 814
f 821 996 997
f 915 821 997
f 915 996 821
f 875 962 864
f 704 864 814
f 823 912 963
f 864 962 1000
f 1000 964 864
f 704 372 754
f 872 873 813
f 754 813 704
f 911 864 704
f 823 998 913
f 965 1000 916
f 965 916 998
f 913 998 916
f 916 968 913
f 1002 1003 1004
f 882 981 1076
f 924 970 921
f 884 949 982
f 1228 835 976
f 923 699 757
f 837 1228 976
f 885 923 1150
f 976 1024 837
f 920 1047 1009
f 990 991 994
f 1102 1022 1009
f 1014 1015 1088
f 1016 1015 1014
f 836 1005 936
f 980 886 1009
f 1023 979 1018
f 882 1076 1024
f 1102 980 1020
f 1023 1018 1010
f 1020 1023 1010
f 980 1009 979
f 1018 1021 1010
f 1018 979 1021
f 1020 980 1023
f 980 979 1023
f 1102 1021 1022
f 1102 1020 1010
f 979 1009 1022
f 1021 979 1022
f 1010 1021 1102
f 1118 1017 1072
f 891 936 1012
f 942 941 893
f 1029 1073 895
f 1011 943 1201
f 1106 1072 1019
f 783 944 1019
f 1019 944 1026
f 1026 1073 1049
f 941 942 845
f 1073 1029 1167
f 947 948 1031
f 843 1162 987
f 843 1030 1162
f 990 1040 991
f 990 993 1040
f 993 990 1039
f 959 1170 1034
f 994 1039 990
f 991 1040 992
f 994 991 1041
f 1041 1037 994
f 874 1094 960
f 961 1044 861
f 1043 907 1093
f 1043 963 907
f 861 808 809
f 963 1043 914
f 908 704 814
f 823 963 914
f 1014 1088 1101
f 924 1051 1095
f 982 757 884
f 924 921 1108
f 827 604 1274
f 924 1052 1051
f 982 949 970
f 842 975 604
f 1150 1155 885
f 1047 1066 1009
f 1074 920 930
f 1074 1047 920
f 1009 1066 1056
f 1047 1074 1107
f 1006 1058 1003
f 1074 930 978
f 1004 1060 1061
f 1002 1007 1060
f 1004 1002 1060
f 1007 1058 1006
f 1007 836 927
f 1002 836 1003
f 836 1002 1062
f 1062 1005 836
f 1006 836 1007
f 927 951 1057
f 1062 1061 1005
f 1095 970 924
f 1102 1009 1056
f 836 1006 1003
f 1065 1041 1033
f 1061 1060 1007
f 1062 1004 1061
f 1062 1002 1004
f 1058 1002 1004
f 1002 1058 1007
f 1003 1058 1004
f 936 1005 1063
f 1067 1068 1101
f 1068 1067 1069
f 1072 1106 1161
f 1115 936 1063
f 951 1017 1118
f 980 1102 1160
f 1117 1059 1071
f 983 891 1070
f 891 1012 1070
f 1076 983 1070
f 1072 1017 1019
f 1026 1106 1019
f 1011 1201 942
f 1216 950 887
f 1029 986 1167
f 887 947 1208
f 1031 1208 947
f 1162 1030 1131
f 887 1208 1216
f 1030 1079 1131
f 1039 1038 1084
f 1033 1032 993
f 1088 1015 1087
f 1037 1089 1090
f 993 1039 1042
f 1091 1040 1032
f 1091 992 1040
f 1092 1091 1032
f 992 1091 1092
f 1041 1032 1033
f 1041 1092 1032
f 1033 994 1086
f 1040 993 1032
f 1041 991 1092
f 1089 1037 1065
f 1037 1041 1065
f 1086 1037 1090
f 1037 1086 994
f 1089 1065 1090
f 959 1134 1170
f 1065 1033 1086
f 1065 1086 1090
f 994 1033 905
f 1043 1093 1262
f 817 1044 961
f 914 1043 1173
f 914 1173 999
f 996 820 1143
f 914 999 823
f 1098 1231 1099
f 964 1000 1097
f 998 823 1265
f 1265 823 999
f 1097 1000 965
f 1097 965 998
f 1100 1067 1101
f 1100 1069 1067
f 1088 1087 1101
f 1095 1101 970
f 1051 1052 1100
f 1068 1016 1014
f 1068 1069 1016
f 1095 1051 1100
f 1068 1014 1101
f 928 1147 1281
f 921 928 1108
f 970 1101 982
f 757 982 1103
f 923 757 1150
f 1015 1016 1108
f 1069 1052 1016
f 1063 1005 1082
f 1061 1007 1082
f 1081 1082 927
f 1082 1007 927
f 927 1057 1081
f 1108 1052 924
f 1052 1108 1016
f 1082 1005 1061
f 1120 966 1332
f 1071 1059 1121
f 936 1115 1012
f 1024 1124 1050
f 1190 951 1118
f 1118 1072 1080
f 1127 1123 967
f 1159 1070 1012
f 1080 1072 1161
f 1161 1106 1165
f 1076 1070 1128
f 1073 1167 1049
f 1166 942 1201
f 1165 1106 1026
f 1132 1208 1031
f 1166 1132 1031
f 1036 1084 950
f 952 950 1084
f 1084 1038 952
f 1039 1084 1042
f 1170 1134 1085
f 1134 959 1136
f 905 1033 1093
f 1092 991 992
f 1035 953 1034
f 1028 855 1094
f 960 855 658
f 1055 1105 837
f 874 1044 1110
f 961 864 817
f 864 961 814
f 864 964 1377
f 1377 964 1139
f 1140 996 1143
f 1377 1096 864
f 1141 1142 1140
f 997 1142 1141
f 996 1140 1142
f 1141 915 997
f 1139 821 1140
f 996 1142 997
f 964 1143 1139
f 1139 1143 820
f 972 1148 973
f 1101 1332 982
f 1127 1149 1119
f 1149 1127 967
f 1123 1127 1119
f 1149 1120 1119
f 1120 1149 967
f 1123 1077 966
f 1077 1108 966
f 1101 1077 1332
f 1077 1087 1108
f 604 975 1274
f 1015 1108 1087
f 1087 1077 1101
f 757 1103 1150
f 1103 982 1180
f 1095 1100 1101
f 1100 1052 1069
f 1066 1047 1107
f 842 1228 975
f 1232 1066 1186
f 1232 1056 1066
f 1107 1074 978
f 1105 1081 1172
f 1116 1117 1071
f 1050 1117 1082
f 1172 1081 1082
f 1081 1057 1082
f 1050 1082 1081
f 827 1274 928
f 1188 1114 1113
f 1188 1117 1116
f 1114 1071 1154
f 1188 1116 1114
f 1114 1116 1071
f 1188 1082 1117
f 1160 1102 1151
f 1151 1102 1056
f 1119 1332 1077
f 1114 1154 1113
f 1125 951 1190
f 1057 951 1125
f 1115 1063 1082
f 1115 1111 1153
f 1111 1115 1082
f 1113 1154 1121
f 1154 1071 1121
f 1121 1059 1109
f 1109 1188 1113
f 1121 1109 1113
f 1059 1188 1109
f 1123 1119 1077
f 1120 1332 1119
f 1124 1024 1189
f 928 1274 1147
f 1076 1189 1024
f 1012 1115 1193
f 982 1332 1180
f 1160 1151 1126
f 1295 1118 1080
f 1012 1193 1159
f 1159 1128 1070
f 1158 1159 1205
f 1076 1185 1189
f 1158 1200 1185
f 1076 1128 1185
f 943 1160 1201
f 1201 1160 1126
f 1164 1295 1161
f 1295 1080 1161
f 1161 1163 1164
f 1161 1300 1163
f 1128 1159 1158
f 1158 1185 1128
f 1300 1161 1165
f 1158 1204 1200
f 1165 1026 1049
f 1031 1078 1166
f 1162 1130 1167
f 1167 986 1162
f 1027 1167 1130
f 1134 1136 1085
f 1093 1033 993
f 1093 993 1262
f 1034 1170 1035
f 1094 1110 1137
f 817 864 1096
f 1043 1318 1173
f 821 915 1141
f 1140 821 1141
f 1377 1139 1140
f 996 915 820
f 1143 964 1097
f 821 1139 820
f 1145 1046 998
f 999 1173 1265
f 1097 998 1046
f 974 1282 1175
f 1282 973 1175
f 1332 966 1803
f 1803 966 1108
f 928 1803 1108
f 1228 837 1382
f 1104 1150 1103
f 837 1334 1382
f 1105 1334 837
f 1334 1105 1172
f 837 1177 1055
f 1024 1177 837
f 1066 1107 1186
f 1135 1172 1082
f 1334 1172 1135
f 1055 1177 1050
f 1055 1050 1081
f 1055 1081 1105
f 1177 1024 1050
f 1082 1057 1075
f 1111 1082 1187
f 1057 1125 1075
f 1187 1082 1135
f 1082 1075 1135
f 1082 1188 1135
f 1050 1059 1117
f 1107 978 1008
f 1153 1111 1240
f 1135 1188 1191
f 1188 1059 1191
f 1334 1135 1191
f 1223 1008 1182
f 1075 1125 1190
f 1182 1192 1223
f 1124 1059 1050
f 1059 1124 1191
f 1189 1191 1124
f 1122 1153 1240
f 1115 1153 1193
f 1153 1122 1193
f 1190 1118 1295
f 1193 1122 1159
f 1360 1165 1198
f 1291 1008 1223
f 1159 1122 1301
f 1201 1126 1243
f 1301 1205 1159
f 1166 1201 1211
f 1206 1197 1360
f 1206 1207 1197
f 1158 1205 1204
f 1165 1049 1203
f 1212 1213 1131
f 1039 902 1038
f 1166 1199 1132
f 1131 1130 1162
f 1131 1213 1130
f 1199 1166 1211
f 984 1162 986
f 1208 1132 1169
f 1167 1027 1210
f 1212 1131 1079
f 1079 1247 1212
f 1036 1133 1084
f 1030 1214 1247
f 1084 1133 1311
f 1311 1042 1084
f 1262 993 1257
f 817 1320 1171
f 1140 1143 1377
f 1046 1145 1097
f 1803 928 1281
f 1157 1180 1332
f 876 1460 1230
f 1104 1103 1289
f 1103 1180 1289
f 1150 1649 1155
f 1107 1008 1291
f 1291 1186 1107
f 1389 1334 1191
f 1151 1056 1292
f 1056 1232 1292
f 1235 1234 1236
f 1189 1185 1191
f 1190 1424 1075
f 1151 1302 1156
f 1156 1126 1151
f 942 1031 1025
f 1214 1129 1035
f 1240 1301 1122
f 1207 1234 1197
f 1198 1242 1206
f 1185 1200 1204
f 1241 1236 1234
f 1197 1234 1235
f 1198 1165 1242
f 1243 1126 1156
f 1242 1241 1234
f 1198 1206 1360
f 1241 1165 1209
f 1295 1164 1430
f 1165 1241 1242
f 1236 1241 1235
f 1206 1242 1207
f 1235 1209 1197
f 1360 1197 1209
f 1241 1209 1235
f 1242 1236 1207
f 1236 1234 1207
f 1234 1236 1242
f 1165 1203 1209
f 1078 942 1166
f 1203 1049 1167
f 1167 1210 1353
f 1031 793 1025
f 1244 1199 1211
f 1031 942 1078
f 1245 1213 1212
f 1035 1129 1030
f 1317 1248 1316
f 1247 1079 1030
f 1030 1129 1214
f 1215 1214 1035
f 1215 1035 1170
f 1181 1215 1170
f 1170 1217 1181
f 1170 1085 1217
f 1085 1181 1217
f 1181 1085 1250
f 993 1372 1257
f 1259 1258 1316
f 1248 1258 1260
f 1258 1261 1260
f 1258 1248 1261
f 1145 998 1265
f 1097 1145 1264
f 1180 1266 1280
f 1180 1157 1266
f 1178 1268 1269
f 1268 1270 1269
f 1292 1232 1054
f 1266 1268 1178
f 1157 1268 1266
f 1275 1284 1276
f 1268 1278 1270
f 1266 1178 1280
f 1268 1157 1278
f 1273 1285 1286
f 1288 1275 1276
f 1288 1285 1275
f 975 1271 1263
f 975 1263 1274
f 1104 1289 1179
f 1150 1179 1112
f 1150 1112 1649
f 1232 1186 1054
f 1054 1186 1291
f 1294 1099 876
f 1150 1104 1179
f 1048 1187 1135
f 1291 1223 1277
f 1279 1275 1285
f 1075 1424 1237
f 1301 1240 1303
f 1111 1187 1240
f 1243 1156 1302
f 1190 1295 1424
f 1185 1204 1349
f 1301 1357 1205
f 1163 1300 1388
f 1388 1300 1165
f 1434 1201 1243
f 1204 1205 1246
f 1388 1165 1360
f 1434 1211 1201
f 1130 1213 1027
f 1356 1244 1211
f 1364 1363 1210
f 1199 1305 1132
f 1169 1304 1216
f 1202 1083 950
f 1212 1247 1245
f 1216 1208 1169
f 1214 1215 1247
f 1309 1310 1372
f 1310 1309 1401
f 1247 1215 1368
f 1311 1133 1400
f 1261 1312 1260
f 1253 1042 1311
f 1253 993 1042
f 1248 1317 1261
f 1316 1258 1371
f 1247 1399 1245
f 1372 993 1253
f 1315 1447 1312
f 1448 1317 1316
f 1317 1447 1315
f 1257 1372 1317
f 1258 1259 1260
f 1312 1261 1315
f 1317 1448 1257
f 1261 1317 1315
f 1317 1372 1447
f 1316 1248 1259
f 1259 1248 1260
f 1316 1371 1448
f 1138 1375 1028
f 1136 855 1028
f 1138 1028 1094
f 1138 1171 1375
f 1138 1094 1137
f 1137 1171 1138
f 1085 1136 1028
f 1110 1044 1171
f 1110 1094 874
f 1110 1171 1137
f 1171 1044 817
f 1460 1327 1230
f 1320 1096 1222
f 1222 1377 1320
f 1377 1222 1096
f 1264 1324 1097
f 1328 1272 1329
f 1270 1278 1333
f 1331 1284 1273
f 1286 1331 1273
f 1275 1157 1284
f 1269 1270 1333
f 1280 1269 1333
f 1337 1278 1275
f 1279 1337 1275
f 1178 1269 1280
f 1286 1339 1331
f 1339 1276 1331
f 1273 1284 1416
f 1333 1279 1280
f 1276 1284 1331
f 1273 1280 1285
f 1333 1337 1279
f 1337 1333 1278
f 1286 1285 1288
f 1279 1285 1280
f 1157 1416 1284
f 1286 1288 1339
f 1288 1276 1339
f 1157 1275 1278
f 1230 1296 1098
f 1296 1327 1231
f 1228 1382 1152
f 1289 1180 1287
f 1249 1342 1298
f 1271 975 1584
f 975 1228 1152
f 1191 1185 1349
f 1054 1291 1345
f 1345 1291 1277
f 1120 967 966
f 1192 1277 1223
f 1277 1192 1347
f 1649 1297 1344
f 1196 1298 1348
f 1350 1348 1298
f 1351 1347 1192
f 1302 1151 1292
f 1167 1353 1203
f 1187 1048 1240
f 1099 1294 1352
f 1462 1147 1274
f 1292 1367 1302
f 1424 1295 1366
f 1164 1163 1429
f 1366 1295 1430
f 1303 1357 1301
f 1164 1429 1430
f 1211 1434 1359
f 1246 1205 1528
f 1388 1429 1163
f 1246 1349 1204
f 1239 1349 1246
f 1211 1359 1356
f 1209 1203 1360
f 1363 1353 1210
f 1199 1244 1365
f 1305 1199 1365
f 1132 1305 1169
f 1304 1202 1216
f 1216 1202 1168
f 950 1216 1168
f 1213 1354 1027
f 1202 1476 1036
f 1169 1305 1306
f 1168 1202 950
f 1306 1304 1169
f 1354 1213 1399
f 1213 1245 1399
f 1399 1247 1392
f 1277 1238 1196
f 1392 1247 1520
f 1520 1247 1368
f 1355 1133 1036
f 1036 1476 1355
f 1215 1181 1368
f 1370 1400 1442
f 1370 1311 1400
f 1314 1369 1401
f 1277 1347 1249
f 1314 1313 1369
f 1313 1253 1311
f 1372 1313 1314
f 1085 1028 1255
f 1258 1260 1256
f 1252 1262 1257
f 1312 1447 1371
f 1258 1256 1371
f 1312 1371 1256
f 1260 1312 1256
f 1252 1257 1448
f 1262 1252 1318
f 1408 1173 1318
f 1320 817 1096
f 1262 1318 1043
f 1377 1143 1097
f 1173 1510 1322
f 1173 1322 1265
f 1324 1377 1097
f 1264 1145 1265
f 876 1379 1343
f 1264 1265 1330
f 1330 1265 1322
f 1319 1380 1637
f 1273 1180 1280
f 1157 1803 1416
f 1289 1231 1179
f 1273 1287 1180
f 1379 876 1099
f 1231 1379 1099
f 1287 1273 609
f 1352 1294 1230
f 1294 876 1230
f 1231 1343 1379
f 1231 1098 1296
f 1289 1287 1231
f 1584 975 1152
f 1383 1179 1327
f 1075 1237 1384
f 1054 1425 1292
f 1075 1384 1135
f 1457 1135 1384
f 1346 1384 1237
f 1048 1135 1457
f 1347 1342 1249
f 1191 1239 1389
f 1277 1196 1345
f 1342 1350 1298
f 1238 1298 1196
f 1298 1238 1249
f 1054 1345 1381
f 1425 1367 1292
f 1351 1348 1350
f 1239 1191 1349
f 1271 1267 1263
f 1347 1351 1350
f 1342 1347 1350
f 1277 1249 1238
f 1240 1048 1303
f 1528 1205 1357
f 1243 1302 1385
f 1359 1365 1244
f 1388 1360 1203
f 1356 1359 1244
f 1362 1394 1361
f 1362 1395 1396
f 1365 1361 1394
f 1394 1305 1365
f 1395 1362 1390
f 1398 1391 1396
f 1361 1365 1441
f 1390 1361 1441
f 1396 1395 1398
f 1362 1361 1390
f 1305 1394 1306
f 1391 1441 1394
f 1398 1395 1390
f 1194 1027 1354
f 1251 1202 1304
f 1202 1251 1476
f 1355 1476 1485
f 1083 1202 1036
f 1368 1181 1299
f 1497 1368 1299
f 1133 1355 1400
f 1250 1299 1181
f 1372 1253 1313
f 1313 1445 1369
f 1372 1314 1401
f 1401 1369 1445
f 1401 1445 1310
f 1313 1311 1370
f 1310 1445 1372
f 1372 1401 1309
f 1299 1250 1085
f 1402 1085 1255
f 1445 1313 1370
f 1402 1299 1085
f 1402 1028 1404
f 1404 1857 1402
f 1255 1028 1402
f 1404 1028 1375
f 1371 1447 1448
f 1171 1320 1375
f 1405 1451 1406
f 1407 1405 1406
f 1407 1451 1405
f 1375 1320 1452
f 1504 1320 1508
f 1508 1320 1377
f 1173 1408 1510
f 1508 1377 1715
f 1330 1322 1264
f 777 1414 778
f 609 1477 1417
f 1417 1477 778
f 1414 1417 778
f 1415 1418 1358
f 1054 1381 1594
f 1418 1417 1358
f 1338 609 1417
f 1287 1415 777
f 1415 1358 777
f 1455 777 778
f 1230 1098 1352
f 1477 609 1273
f 1287 609 1415
f 1415 1338 1418
f 1358 1414 777
f 1477 1273 1416
f 609 1338 1415
f 1414 1358 1417
f 1267 1321 1274
f 1418 1338 1417
f 1287 777 1455
f 1230 1327 1296
f 1099 1352 1098
f 1460 876 1343
f 1152 1382 1584
f 1460 1383 1327
f 1584 824 1271
f 1383 1594 1381
f 1112 1381 1345
f 1381 1112 1383
f 1382 1334 1389
f 1274 1263 1267
f 1254 1387 1048
f 1386 1267 1271
f 1054 1459 1425
f 1048 1457 1254
f 1423 1425 1459
f 1385 1367 1425
f 1048 1387 1303
f 1424 1366 1518
f 1468 1428 1427
f 1432 1303 1387
f 1462 1274 1321
f 1302 1367 1385
f 1366 1430 1518
f 1357 1303 1432
f 1430 1429 1426
f 1353 1436 1203
f 1353 1363 1436
f 1435 1468 1365
f 1436 1363 1439
f 1549 1363 1397
f 1362 1396 1394
f 1468 1548 1365
f 1365 1548 1440
f 1397 1210 1194
f 1439 1363 1549
f 1678 1609 1554
f 1391 1394 1396
f 1365 1440 1441
f 1444 1441 1440
f 1441 1391 1398
f 1441 1398 1390
f 1444 1394 1441
f 1363 1210 1397
f 1306 1394 1444
f 1445 1370 1372
f 1406 1451 1373
f 1561 1498 1450
f 1373 1451 1404
f 1504 1452 1320
f 1404 1375 1452
f 1446 1404 1451
f 1318 1409 1408
f 1324 1715 1377
f 1324 1264 1322
f 1219 1147 1517
f 1112 1293 1383
f 1385 1425 1540
f 1455 1343 1287
f 1271 824 1386
f 1196 1297 1345
f 1383 1460 1594
f 1346 1237 1424
f 1457 1384 1346
f 1463 1221 1220
f 1457 1346 1586
f 1267 1462 1321
f 1424 1518 1346
f 1346 1518 1575
f 1251 1304 1393
f 1591 1518 1430
f 1357 1432 1466
f 1357 1466 1528
f 1466 1432 1431
f 1466 1431 1604
f 1219 1281 1147
f 1239 1246 1528
f 1203 1603 1388
f 1429 1388 1426
f 1528 1466 1531
f 1603 1426 1388
f 1604 1531 1466
f 1531 1539 1528
f 1470 1144 1471
f 1472 1328 1329
f 1210 1027 1194
f 1400 1355 1442
f 1434 1243 1469
f 1475 1359 1469
f 1243 1385 1469
f 1469 1359 1434
f 1203 1537 1603
f 1427 1479 1468
f 1435 1428 1468
f 1478 1428 1435
f 1427 1428 1478
f 1535 1481 1478
f 1479 1480 1481
f 1480 1427 1482
f 1480 1479 1427
f 1427 1478 1482
f 1436 1439 1549
f 1397 1194 1438
f 1363 1364 1210
f 1306 1464 1393
f 1464 1306 1444
f 1036 950 1083
f 1393 1304 1306
f 1251 1393 1464
f 1354 1399 1392
f 1487 1450 1498
f 1450 1487 1488
f 1370 1442 1618
f 1447 1372 1618
f 1618 1372 1370
f 1699 1402 1857
f 1857 1404 1446
f 1451 1407 1446
f 1446 1407 1406
f 1493 1494 1495
f 1494 1496 1495
f 1494 1493 1496
f 1857 1446 1373
f 1373 1404 1452
f 1446 1406 1373
f 1499 1487 1500
f 1487 1499 1488
f 1493 1501 1494
f 1501 1502 1494
f 1502 1493 1494
f 1502 1501 1493
f 1563 1452 1504
f 1380 1506 1632
f 1319 1506 1380
f 1510 1408 1716
f 1324 1322 1453
f 1323 1322 1509
f 1324 1453 1323
f 1323 1453 1322
f 1460 1343 1412
f 1730 1226 1884
f 1519 1343 1455
f 1144 1413 1471
f 1456 1594 1460
f 1522 1523 1524
f 1522 1525 1523
f 1525 1470 1471
f 1382 1458 1584
f 1586 1254 1457
f 1383 1293 1179
f 1389 1458 1382
f 1387 1254 1589
f 1239 1528 1389
f 1425 1423 1540
f 1387 1431 1432
f 1693 1534 1538
f 1591 1426 1550
f 1430 1426 1591
f 1675 1591 1550
f 1550 1426 1536
f 1528 1539 1682
f 1482 1478 1481
f 1531 1604 1539
f 1359 1435 1365
f 1469 1385 1540
f 1426 1603 1536
f 1359 1475 1474
f 1473 1436 1537
f 1482 1481 1480
f 1537 1203 1473
f 1194 1354 1438
f 1534 1693 1678
f 1680 1436 1549
f 1537 1436 1680
f 1438 1354 1484
f 1547 1680 1549
f 1535 1548 1479
f 1468 1479 1548
f 1545 1549 1307
f 1397 1544 1549
f 1693 1538 1551
f 1548 1444 1440
f 1535 1475 1548
f 1548 1437 1444
f 1527 1307 1549
f 1558 1444 1437
f 1438 1544 1397
f 1549 1544 1483
f 1558 1772 1444
f 1476 1251 1606
f 1479 1481 1535
f 1520 1484 1354
f 1560 1497 1486
f 1368 1490 1520
f 1497 1561 1450
f 1497 1560 1368
f 1488 1497 1450
f 1487 1498 1500
f 1560 1499 1500
f 1560 1486 1499
f 1486 1488 1499
f 1486 1497 1488
f 1500 1564 1560
f 1561 1497 1299
f 1498 1561 1564
f 1564 1500 1498
f 1355 1485 1442
f 1354 1392 1520
f 1699 1299 1402
f 1618 1622 1447
f 1318 1252 1448
f 1448 1447 1622
f 1562 1857 1373
f 1409 1318 1448
f 1562 1373 1452
f 1562 1452 1563
f 1448 1707 1496
f 1502 1409 1448
f 1504 1570 1714
f 1570 1504 1508
f 1716 1571 1510
f 1633 819 1326
f 1715 1324 1323
f 1510 1509 1322
f 819 1572 1636
f 1326 819 1636
f 1525 1471 1413
f 1325 1462 1013
f 1416 1573 1477
f 1582 1578 1579
f 1221 1463 1722
f 1583 1463 1220
f 1579 1467 1573
f 1221 1722 1533
f 1221 1533 1220
f 1578 1463 1583
f 1463 1578 1582
f 1470 1522 1511
f 1525 1522 1470
f 1412 1343 1519
f 1144 1470 1511
f 1413 1412 1523
f 1456 1412 1144
f 824 1577 1272
f 1144 1511 1456
f 1412 1413 1144
f 1519 1641 1412
f 1412 1456 1460
f 1524 1641 1511
f 1386 1013 1267
f 1586 1346 1575
f 1525 1413 1523
f 1511 1522 1524
f 1524 1523 1641
f 1641 1456 1511
f 1512 824 1584
f 1458 1389 1657
f 824 1013 1386
f 1146 971 1491
f 1054 1594 1459
f 1649 1345 1297
f 1561 1299 1564
f 1299 1561 1564
f 824 1272 1013
f 1657 1389 1528
f 1575 1518 1591
f 1423 1459 1659
f 1267 1013 1462
f 1387 1589 1587
f 1387 1587 1431
f 1443 1528 1682
f 1536 1675 1550
f 1596 1552 1553
f 1598 1536 1671
f 1600 1601 1688
f 1803 1281 1219
f 1582 1579 1573
f 1467 1533 1573
f 1112 1345 1649
f 1535 1478 1435
f 1671 1536 1603
f 1475 1469 1760
f 1473 1203 1436
f 1307 1678 1545
f 1597 1553 1546
f 1602 1548 1475
f 1475 1535 1435
f 1435 1474 1475
f 1545 1680 1547
f 1547 1549 1545
f 1538 1554 1596
f 1553 1552 1609
f 1541 1693 1551
f 1541 1546 1553
f 1551 1538 1612
f 1534 1554 1538
f 1772 1464 1444
f 1596 1553 1597
f 1596 1597 1612
f 1678 1307 1609
f 1678 1693 1610
f 1546 1612 1597
f 1612 1546 1551
f 1544 1438 1484
f 1534 1678 1554
f 1541 1553 1693
f 1596 1612 1538
f 1541 1551 1546
f 1554 1609 1552
f 1558 1437 1543
f 1610 1693 1543
f 1543 1437 1610
f 1696 1610 1437
f 1554 1552 1596
f 1527 1549 1483
f 1251 1464 1606
f 1561 1299 1564
f 1564 1368 1560
f 1614 1615 1616
f 1617 1614 1616
f 1564 1490 1368
f 1753 1564 1299
f 1618 1442 1485
f 1753 1299 1699
f 1618 1705 1620
f 1495 1707 1409
f 1496 1493 1502
f 1496 1502 1448
f 1857 1562 1563
f 1495 1502 1493
f 1502 1495 1409
f 1707 1851 1409
f 1566 1507 1623
f 1504 1708 1563
f 1504 1507 1708
f 1708 1507 1624
f 1507 1504 1714
f 1568 1566 1567
f 1624 1566 1568
f 1567 1623 1714
f 1566 1624 1507
f 1507 1714 1623
f 1714 1565 1567
f 1565 1568 1567
f 1568 1565 1624
f 1624 1565 1708
f 1567 1566 1623
f 1627 1637 1045
f 1045 1571 1628
f 1627 1045 1628
f 1570 1508 1715
f 1716 1408 1712
f 1628 1571 1632
f 1627 1628 1634
f 1637 1572 1045
f 1628 1632 1506
f 1628 1506 1634
f 1506 1319 1634
f 1319 1627 1634
f 1637 1627 1319
f 1323 1509 1633
f 1509 1510 1633
f 819 1633 1376
f 819 1376 1510
f 819 1510 1571
f 1571 1045 1572
f 819 1571 1572
f 1636 1411 1631
f 1455 1516 1519
f 1779 1455 1176
f 1516 1455 1779
f 1802 1472 1542
f 1328 1802 1272
f 1802 1328 1472
f 1477 1573 1533
f 1643 1329 1272
f 1329 1643 1644
f 1641 1523 1412
f 1639 1577 1542
f 1272 1557 1013
f 1472 1639 1542
f 1644 1639 1472
f 1644 1577 1639
f 1532 1013 1557
f 1467 1583 1220
f 1533 1467 1220
f 1579 1578 1467
f 1467 1578 1583
f 1456 1641 1594
f 1584 1184 1512
f 1594 1580 1459
f 1184 1584 1458
f 1458 1657 1526
f 1580 1592 1459
f 1254 1586 1521
f 1652 1642 1653
f 1654 1655 1669
f 1459 1592 1659
f 1589 1254 1521
f 1640 1657 1528
f 1575 1591 1183
f 1591 1651 1183
f 1443 1640 1528
f 1644 1643 1577
f 1651 1591 1419
f 1752 1778 1733
f 1589 1521 1588
f 1660 1595 1661
f 1419 1591 1737
f 1662 1658 1663
f 1147 1462 1517
f 1655 1660 1661
f 1650 1648 1640
f 1741 1664 1665
f 1664 1741 1595
f 1666 1642 1667
f 1653 1642 1737
f 1540 1423 1659
f 1588 1587 1589
f 1737 1595 1741
f 1741 1665 1654
f 1642 1670 1667
f 1665 1655 1654
f 1587 1588 1431
f 1675 1653 1737
f 1325 1517 1462
f 1675 1652 1653
f 1540 1659 1836
f 1664 1660 1665
f 1672 1673 1674
f 1667 1658 1662
f 1737 1591 1675
f 1602 1924 1548
f 1536 1598 1675
f 1604 1599 1539
f 1539 1599 1682
f 1599 1604 1736
f 1679 1656 1600
f 1463 1582 1722
f 1686 1593 1687
f 1435 1359 1474
f 1475 1694 1602
f 1540 1836 1469
f 1475 1768 1694
f 1684 1600 1656
f 1679 1603 1656
f 1603 1680 1656
f 1680 1771 1683
f 1685 1684 1656
f 1767 1760 1469
f 1683 1656 1680
f 1680 1603 1537
f 1656 1683 1685
f 1754 1545 1593
f 1593 1678 1775
f 1544 1484 1605
f 1678 1593 1545
f 1609 1307 1773
f 1610 1775 1678
f 1543 1693 1740
f 1544 1647 1483
f 1696 1437 1548
f 1544 1605 1647
f 1609 1773 1553
f 1610 1696 1929
f 1772 1558 1543
f 1476 1530 1485
f 1606 1464 1555
f 1611 1484 1590
f 1590 1484 1520
f 1611 1590 1520
f 1490 1849 1520
f 1613 1698 1752
f 1476 1606 1530
f 1485 1530 1733
f 1733 1705 1485
f 1733 1530 1613
f 1707 1448 1622
f 1621 1699 1857
f 1622 1618 1620
f 1707 1495 1496
f 1708 1704 1563
f 824 1542 1577
f 1708 1565 1714
f 1711 1708 1714
f 1505 1408 1409
f 1637 1632 1571
f 1637 1713 1572
f 1380 1632 1637
f 1713 1637 1571
f 1633 1510 1376
f 1323 1633 1569
f 1638 1633 1788
f 1717 1720 1718
f 1374 1326 822
f 1516 1635 1519
f 1635 1641 1519
f 1532 1897 1722
f 1455 1515 1176
f 1148 1282 2031
f 1533 1053 1477
f 1725 818 1650
f 1726 1727 1745
f 1542 1512 1802
f 1722 1897 1533
f 1174 1651 1723
f 1650 1729 1725
f 1729 1650 1725
f 1327 1179 1231
f 1650 1640 1729
f 1512 1542 824
f 1458 1625 1184
f 1329 1644 1472
f 1112 1179 1293
f 1184 1625 1965
f 1594 1815 1580
f 1735 1607 1283
f 1615 1614 1778
f 1965 1625 1458
f 1458 1526 1420
f 1454 1965 1458
f 1225 1738 1226
f 1420 1454 1458
f 1616 1615 1698
f 1521 1586 1734
f 1272 1802 1574
f 1643 1272 1577
f 1729 1640 1725
f 1183 1651 1174
f 1657 1640 1648
f 1650 1729 1725
f 1891 1325 1013
f 1340 1183 1419
f 1557 1272 1574
f 1599 1681 1682
f 1419 1174 1723
f 1174 1419 1183
f 1741 1654 1669
f 1648 1650 818
f 818 1725 1648
f 1419 1723 1651
f 1640 1443 1725
f 1663 1658 1675
f 1665 1660 1655
f 1744 1745 1727
f 1827 1659 1592
f 1419 1737 1747
f 1741 1747 1737
f 1664 1595 1660
f 1826 1829 1822
f 1588 1521 1828
f 1746 1726 1745
f 1655 1661 1669
f 1749 1750 1726
f 1750 1749 1751
f 1663 1675 1747
f 1661 1595 1642
f 1661 1642 1669
f 1595 1737 1642
f 1670 1652 1658
f 1666 1667 1662
f 1669 1666 1747
f 1747 1741 1669
f 1667 1670 1658
f 1669 1642 1666
f 1642 1652 1670
f 1652 1675 1658
f 1666 1662 1663
f 1747 1666 1663
f 1775 1695 1672
f 1443 1682 1725
f 1645 1747 1675
f 1645 1675 1598
f 1559 1686 1755
f 1686 1559 1593
f 1736 1604 1431
f 1754 1559 1756
f 1483 1647 1527
f 1757 1685 1688
f 1884 1226 1759
f 1736 1682 1681
f 1761 1614 1778
f 1761 1778 1614
f 1671 1896 1598
f 1603 1679 1671
f 1684 1685 1757
f 1601 1757 1688
f 1684 1757 1601
f 1679 1771 1671
f 1416 1803 1465
f 1332 1803 1157
f 1688 1683 1771
f 1768 1475 1608
f 1673 1687 1674
f 1687 1673 1755
f 1687 1593 1674
f 1771 1679 1688
f 1464 1772 1555
f 1469 1836 1692
f 1692 1836 1767
f 1601 1600 1684
f 1679 1600 1688
f 1683 1688 1685
f 1760 1767 1988
f 1694 1768 1758
f 1771 1680 1545
f 1758 1768 1769
f 1694 1556 1602
f 1767 1469 1692
f 1559 1755 1687
f 1755 1756 1687
f 1756 1559 1687
f 1771 1689 1837
f 1844 1837 1769
f 1771 1545 1689
f 1775 1672 1674
f 1758 1556 1694
f 1556 1924 1602
f 1673 1672 1756
f 1756 1672 1695
f 1754 1756 1695
f 1696 1548 1924
f 1673 1756 1755
f 1593 1775 1674
f 1613 1778 1761
f 1775 1754 1695
f 1617 1613 1761
f 1686 1687 1755
f 1593 1559 1754
f 1605 1484 1846
f 1693 1553 1740
f 1484 1611 1846
f 1606 1555 1847
f 1611 1520 1849
f 1614 1761 1778
f 1761 1614 1617
f 1613 1616 1698
f 1613 1617 1616
f 1613 1752 1733
f 1778 1530 1606
f 1935 1490 1564
f 1613 1530 1778
f 1752 1615 1778
f 1698 1615 1752
f 1778 1606 1739
f 1739 1733 1778
f 1705 1618 1485
f 1697 1699 1621
f 1857 1563 1710
f 1703 1851 1707
f 1703 1707 1622
f 1710 1563 1704
f 1710 1708 1711
f 1712 1505 1851
f 1712 1408 1505
f 1862 1570 1715
f 1784 1714 1570
f 1862 1784 1570
f 1713 1716 1783
f 1716 1713 1571
f 1942 1633 1638
f 1785 1786 1867
f 1868 1713 1709
f 1715 1323 1947
f 1720 1569 1786
f 1785 1787 1786
f 1785 1717 1718
f 1717 1785 1867
f 1786 1569 1867
f 1787 1720 1786
f 1326 1788 1633
f 1869 1633 1942
f 1788 1374 1378
f 1868 1572 1713
f 1569 1717 1323
f 1717 1569 1720
f 1720 1787 1718
f 1787 1785 1718
f 1629 822 1326
f 1326 1374 1788
f 1572 1868 1636
f 1868 1411 1636
f 1629 1636 1631
f 1719 1865 822
f 1636 1629 1326
f 822 1629 1871
f 1791 1792 1794
f 1791 1793 1792
f 1727 1726 1750
f 1533 1897 1433
f 1516 1513 1635
f 1514 1668 1557
f 1897 1668 1433
f 1751 1744 1750
f 1433 1807 1533
f 1799 1801 1800
f 1515 1053 1176
f 1557 1802 1514
f 1750 1744 1727
f 1455 778 1477
f 1184 1965 1512
f 1802 1557 1574
f 1730 1461 1526
f 1889 1592 1580
f 1287 1343 1231
f 1735 1336 1607
f 1802 1512 1965
f 1800 1283 1607
f 1619 1224 1798
f 1422 1808 1875
f 1226 1738 1759
f 1594 1641 1815
f 1828 1521 1805
f 1738 1811 1721
f 1526 1461 1700
f 1801 1461 1800
f 1225 1796 1811
f 1721 1225 1738
f 1801 1700 1461
f 1461 1283 1800
f 1759 1721 1883
f 1721 1759 1225
f 1796 1225 1526
f 1730 1336 1735
f 1461 1730 1283
f 1730 1735 1283
f 1648 1818 1813
f 1225 1811 1738
f 1721 1796 1883
f 1811 1796 1721
f 1526 1657 1796
f 1816 1734 1814
f 1816 1521 1734
f 1734 1575 1183
f 1801 1799 1336
f 1734 1586 1575
f 1630 1657 1813
f 1734 1183 1882
f 1657 1630 1813
f 1805 1817 1812
f 1882 1183 1340
f 1817 1820 1812
f 1743 1804 1821
f 1340 1419 1879
f 1825 1826 1822
f 1819 1818 1743
f 1821 1892 1743
f 1892 1819 1743
f 1804 1743 1818
f 1814 1817 1805
f 1521 1816 1805
f 1805 1816 1814
f 1340 1879 1882
f 1821 1804 1793
f 1879 1419 1229
f 1766 1749 1726
f 1648 1725 1818
f 1746 1766 1726
f 1766 1746 1742
f 1827 1592 1889
f 1745 1742 1746
f 1824 1744 1751
f 1818 1824 1751
f 1744 1824 1745
f 1659 1827 1806
f 1229 1419 1747
f 1828 1805 1933
f 1933 1588 1828
f 1742 1725 1748
f 1736 1588 1831
f 1725 1736 1748
f 1725 1682 1736
f 1598 1896 1645
f 1325 1891 1517
f 1691 1803 1219
f 1748 1736 1831
f 1431 1588 1736
f 1896 1671 1762
f 1659 1907 1836
f 1671 1771 1762
f 1771 1844 1903
f 1771 1837 1844
f 1517 1803 1691
f 1517 1691 1219
f 1765 1758 1769
f 1769 1768 1731
f 1768 1608 1731
f 1905 1475 1760
f 1760 1988 1905
f 1765 1838 1763
f 1838 1765 1769
f 1770 1840 1841
f 1920 1767 1836
f 1677 1844 1769
f 1765 1830 1556
f 1843 1842 1775
f 1775 1999 1843
f 1838 1769 1837
f 1754 1689 1545
f 2063 1689 1754
f 1772 1982 1555
f 1775 2063 1754
f 1611 1849 1774
f 1775 1610 1929
f 1555 1930 1847
f 1740 1553 1773
f 1696 1924 1931
f 1846 1611 1774
f 1647 1605 1893
f 1893 1605 1218
f 1606 1847 1739
f 1849 1490 1935
f 1705 1733 1739
f 1699 1898 1753
f 1855 1620 1856
f 1753 1935 1564
f 1705 1848 1854
f 1898 1699 1697
f 1620 1705 1854
f 1622 1620 1855
f 2005 1697 1621
f 1621 1857 2077
f 1857 1710 2006
f 1710 1704 1708
f 1851 1782 1712
f 1710 1711 1859
f 1711 1861 1859
f 1861 1711 1714
f 1861 1714 1784
f 1862 1863 1784
f 1713 1946 1709
f 1867 1569 2143
f 1633 2143 1569
f 1323 1717 1867
f 1323 1867 2143
f 1788 1378 1865
f 1638 2020 1942
f 972 1282 1148
f 1865 1638 1788
f 1411 1868 1949
f 1789 1631 1411
f 1374 822 1378
f 1789 1870 1631
f 1629 1631 1870
f 1378 822 1865
f 1871 1629 1410
f 1629 1870 1410
f 1433 1668 1581
f 1290 1807 1433
f 1864 1176 1053
f 1732 1801 1336
f 1282 972 880
f 1176 1864 1779
f 1516 1779 1864
f 1514 1802 1877
f 1635 1764 1641
f 1641 1764 1335
f 1635 1513 1764
f 973 1148 1175
f 1883 1796 1657
f 1053 1807 1875
f 1818 1766 1804
f 1526 1225 1226
f 1880 1822 1829
f 1732 1336 1810
f 1852 1420 1797
f 1792 1804 1794
f 1804 1792 1793
f 1881 1454 1420
f 1657 1648 1813
f 1759 1738 1225
f 1875 1807 1422
f 1053 1533 1807
f 1227 1798 1810
f 1885 1886 1887
f 1810 1700 1732
f 1227 1874 1798
f 1810 1798 1700
f 1224 1724 1526
f 1607 1799 1800
f 1799 1607 1336
f 1797 1420 1962
f 1810 1336 1730
f 1826 1817 1814
f 1810 1730 1884
f 1732 1700 1801
f 1802 1965 1877
f 1825 1820 1826
f 1730 1526 1226
f 1884 1883 1810
f 1815 1809 1580
f 1884 1759 1883
f 1420 1526 1724
f 1810 1883 1489
f 1965 1454 1881
f 1795 1420 1724
f 1822 1812 1823
f 1962 1420 1795
f 1823 1820 1825
f 1489 1883 1657
f 1657 1813 1489
f 1819 1892 1794
f 1814 1734 1890
f 1822 1880 1812
f 1890 1894 1814
f 1751 1749 1818
f 1882 1890 1734
f 1749 1766 1818
f 1971 1829 1814
f 1805 1812 1880
f 1880 1829 1805
f 1813 1818 1819
f 1971 1814 1894
f 1791 1892 1821
f 1892 1791 1794
f 1791 1821 1793
f 1742 1745 1824
f 1013 1532 1891
f 1766 1742 1748
f 1817 1826 1820
f 1823 1825 1822
f 1979 1827 1889
f 1823 1812 1820
f 1814 1829 1826
f 1819 1794 1766
f 1794 1804 1766
f 1805 1829 1832
f 1742 1824 1818
f 1725 1742 1818
f 1899 1517 1891
f 1748 1970 1766
f 1557 1668 1532
f 1917 1767 1920
f 1806 1827 1979
f 1803 1899 1465
f 1747 1645 1977
f 1517 1899 1803
f 1891 1532 1899
f 1722 1416 1465
f 1913 1690 1902
f 1748 1831 1833
f 1977 1645 1896
f 2056 1896 1762
f 1659 1806 1907
f 2060 1762 1771
f 1920 1836 1907
f 1908 1909 1922
f 2060 1771 1903
f 1998 1900 1910
f 1911 1676 1912
f 1837 1689 2066
f 1998 1775 1676
f 1844 1677 2116
f 1763 1830 1765
f 1677 1769 1731
f 1608 1475 1839
f 1914 1608 1839
f 1830 1608 1914
f 1904 1475 1905
f 1839 1475 1904
f 1556 1901 1924
f 1912 1916 1843
f 1916 1842 1843
f 1916 1912 1842
f 1917 1988 1767
f 1912 1910 1916
f 1908 1923 1909
f 2001 1605 1846
f 1915 1919 1830
f 1838 1837 2066
f 1901 1830 1919
f 2063 2066 1689
f 1775 1842 1912
f 1676 1775 1912
f 1911 1916 1910
f 1916 1911 1912
f 1900 1911 1910
f 1911 1900 1676
f 1998 1676 1900
f 1999 1998 1910
f 1843 1999 1912
f 1774 1849 1935
f 1929 1845 1775
f 1931 1924 2070
f 1999 1910 1912
f 1775 1845 1999
f 1846 1774 2001
f 2001 1218 1605
f 1835 2001 1774
f 1926 1740 1773
f 1929 1696 1931
f 1930 1555 1982
f 1772 1543 1996
f 1926 1543 1740
f 1982 1772 1932
f 1705 1739 1848
f 1937 1935 1753
f 1937 1753 1898
f 1854 1856 1620
f 1697 2005 1898
f 1854 1936 1856
f 2005 1621 2077
f 2006 2077 1857
f 1939 2005 1940
f 1941 1710 1859
f 1851 1505 1409
f 1782 1851 2078
f 1712 1782 1944
f 1862 1715 1947
f 1946 1716 1712
f 2023 1862 1947
f 1783 1716 1946
f 1861 1784 1863
f 1953 1946 755
f 1946 1713 1783
f 1863 1862 2023
f 2017 1946 1953
f 2017 1709 1946
f 1709 2017 1868
f 1954 1323 2143
f 1942 2020 1951
f 1869 2143 1633
f 1954 1947 1323
f 1638 1865 2020
f 1942 1948 1869
f 1790 1789 1949
f 1949 1789 1411
f 1789 1790 1952
f 1955 1865 1719
f 2083 1719 822
f 822 1871 2083
f 1952 1410 1870
f 1492 971 2247
f 1335 1282 880
f 1876 1516 1864
f 1513 1516 1876
f 1764 1513 1335
f 880 1776 1335
f 1776 880 974
f 1776 974 1175
f 1878 781 1146
f 1852 1797 1873
f 1335 1513 1282
f 1492 1878 1491
f 972 974 880
f 1776 1641 1335
f 1959 1053 1875
f 1815 1641 1888
f 1641 1776 1888
f 1959 1875 1964
f 1881 1420 969
f 1852 969 1420
f 1966 1885 1964
f 1875 1966 1964
f 995 1874 1227
f 1582 1416 1722
f 2043 1877 1965
f 1964 1887 2036
f 1875 1808 1966
f 1808 1967 1966
f 1290 1422 1807
f 1808 1422 1967
f 1885 1966 1886
f 1964 1885 1887
f 1886 1966 1967
f 1724 1585 1969
f 1724 1224 1585
f 1477 1053 1515
f 1795 1724 1969
f 1889 1580 1809
f 1227 1810 1489
f 1881 1973 1965
f 2043 1514 1877
f 2043 1965 2035
f 1795 1972 1962
f 1515 1455 1477
f 1965 1973 2035
f 1809 1990 1889
f 1489 1813 2042
f 1969 1972 1795
f 1832 1933 1805
f 1416 1582 1573
f 2043 2035 2052
f 1890 2046 1894
f 1722 1465 1899
f 1890 1882 1879
f 2042 1813 1819
f 1819 1766 2042
f 2100 2046 1879
f 2046 1890 1879
f 1532 1722 1899
f 1514 2030 1668
f 2043 2030 1514
f 2042 1766 1970
f 1971 1976 1832
f 1829 1971 1832
f 1974 2100 1879
f 1668 1897 1532
f 1895 1229 1747
f 1979 1983 1806
f 1879 1229 1895
f 1983 1907 1806
f 1977 1895 1747
f 1588 1933 1831
f 1933 1833 1831
f 1832 1833 1933
f 2056 1977 1896
f 1984 1908 1770
f 1922 1909 1985
f 1902 1841 1922
f 1841 1909 1922
f 1762 2112 2056
f 2060 2112 1762
f 1986 1984 2062
f 1986 1908 1984
f 1923 1908 1986
f 1913 1985 2062
f 1690 1901 1919
f 1830 1904 1915
f 1830 1839 1904
f 1830 1914 1839
f 1913 1922 1985
f 1985 1923 1986
f 1608 1763 1906
f 1731 1608 2065
f 1919 1904 1905
f 1840 1909 1841
f 1763 1838 1906
f 1830 1763 1608
f 1905 1988 1919
f 1991 1920 1907
f 1903 1844 2060
f 1986 2062 1985
f 2060 1844 2116
f 1690 1770 1841
f 1991 1917 1920
f 1934 1690 1919
f 1841 1902 1690
f 1934 1984 1770
f 2062 1984 1934
f 1922 1923 1985
f 1909 1922 1985
f 1909 1923 1922
f 1924 1901 1913
f 1922 1909 1840
f 1913 1902 1922
f 1908 1840 1770
f 1840 1908 1922
f 1690 1913 1901
f 1690 1934 1770
f 2247 995 781
f 1913 2062 2000
f 2000 1924 1913
f 1925 1773 1307
f 1998 2063 1775
f 2067 1998 1999
f 1527 1834 1925
f 2001 1893 1218
f 1932 1772 1994
f 1994 1772 1981
f 1929 1931 1845
f 1893 2001 1777
f 1772 1996 1981
f 1925 1307 1527
f 2070 1845 1931
f 1773 1925 1926
f 1930 1739 1847
f 1938 2003 2012
f 1893 1527 1647
f 1921 1739 2074
f 1997 1935 1937
f 1898 2011 1937
f 1935 1997 1774
f 2133 1854 1848
f 1992 1835 1774
f 2005 1853 2076
f 2011 1898 2005
f 2003 2008 2012
f 1853 2005 1939
f 2003 2009 2008
f 2009 2010 2008
f 1861 1626 2139
f 1710 1941 2006
f 2077 2006 2015
f 1859 2006 1941
f 2006 1859 2015
f 1943 1946 1712
f 1782 2078 1858
f 1859 1861 2016
f 1943 1712 1944
f 1944 1946 1943
f 1946 1944 755
f 1863 2007 1861
f 1948 1942 1951
f 1868 2017 1950
f 1947 1954 2144
f 1949 1868 1790
f 1790 1868 1950
f 1789 1952 1870
f 2022 1410 1952
f 1871 1410 2083
f 1956 2083 1410
f 2088 1702 2053
f 1873 1797 1576
f 1960 1576 1797
f 1513 1876 2031
f 1148 1776 1175
f 1876 1864 1064
f 1878 1146 1491
f 1619 1341 2032
f 1492 1491 971
f 1576 2026 1873
f 971 781 995
f 2031 1876 1064
f 781 1878 1492
f 1619 2032 1224
f 971 995 1227
f 1148 2031 1776
f 1064 1864 1053
f 1282 1513 2031
f 1776 2031 1888
f 1963 2035 969
f 1963 969 1852
f 1581 2030 2034
f 969 1973 1881
f 2035 1973 969
f 1815 1888 1809
f 1797 1308 1960
f 1308 1797 1962
f 1962 1972 1308
f 2034 1433 1581
f 1967 1887 1886
f 1227 1489 1701
f 1809 1888 1233
f 1968 1422 2045
f 1990 1809 1233
f 1422 2038 2045
f 2036 1422 1968
f 2042 2048 1489
f 2035 1972 2052
f 2039 1972 1969
f 2046 2051 1894
f 1976 1971 1894
f 2030 2043 2038
f 2043 2052 2042
f 2043 2042 2044
f 2044 2042 1970
f 2030 1581 1668
f 2026 1963 1852
f 2044 2102 2043
f 1290 2038 1422
f 1968 2045 2033
f 2036 1967 1422
f 2045 2037 2033
f 1974 1879 1895
f 2046 2100 2101
f 1976 2051 1832
f 1976 1894 2051
f 1978 2051 2046
f 1290 1433 2038
f 2101 1978 2046
f 1979 1889 1983
f 2034 2038 1433
f 2038 2034 2030
f 2104 1983 1889
f 2057 1832 2051
f 1907 2104 2103
f 1833 1832 2057
f 2104 1907 1983
f 1939 1940 2003
f 1938 1939 2003
f 1977 2056 1895
f 1895 2056 2110
f 2112 2110 2056
f 2060 2116 2064
f 1918 1993 1934
f 1980 1934 1919
f 1919 1988 1980
f 1731 2065 1677
f 2116 1677 2120
f 1677 2065 2120
f 2062 1934 1993
f 1988 1917 1980
f 2115 1918 1980
f 1918 1934 1980
f 2176 1917 2068
f 1991 1907 2068
f 2068 1907 2059
f 1917 1991 2068
f 1915 1904 1919
f 1924 2000 2070
f 1926 1925 2028
f 1992 2001 1835
f 1981 1543 1926
f 2063 1998 2067
f 1777 2001 1992
f 1927 2125 2073
f 1928 1927 2073
f 1999 1845 2070
f 1739 1930 2074
f 1997 1992 1774
f 2074 2133 1921
f 2032 1585 1224
f 2133 1739 1921
f 1997 1937 2151
f 1936 1622 1855
f 2075 2005 2012
f 2076 1938 2012
f 2133 2193 1854
f 2011 2005 2076
f 2076 1853 1938
f 1853 1939 1938
f 2008 2010 2075
f 2003 1940 2009
f 1940 2010 2009
f 2005 2075 1940
f 2075 2010 1940
f 2008 2075 2012
f 2077 2012 2005
f 2139 1403 1861
f 1851 1860 2078
f 2015 2080 2077
f 2016 1449 1859
f 1861 1449 2016
f 1403 1449 1861
f 1858 1706 1782
f 1706 1944 1782
f 2018 1953 755
f 2007 1863 2023
f 2007 2023 2085
f 2017 1953 1950
f 2144 1954 2143
f 1790 1950 1952
f 1865 2082 2021
f 1719 2083 2147
f 2022 1952 2148
f 1955 1719 2024
f 2147 2024 1719
f 1956 1410 2022
f 1195 995 2247
f 2026 1576 1960
f 2247 781 1492
f 1341 2243 2032
f 1852 1873 2026
f 1064 1053 1959
f 2247 1227 1701
f 971 1227 2247
f 2031 1064 1958
f 1888 2031 1958
f 1308 1972 1529
f 1529 2035 1963
f 1233 1888 1958
f 1529 1972 2035
f 1959 1964 2036
f 2098 2039 1969
f 2094 2086 1489
f 2045 2038 2047
f 2039 2098 2052
f 2052 1972 2039
f 2098 2002 2052
f 2002 2048 2042
f 2002 2042 2052
f 2107 2036 1968
f 1967 2036 1887
f 2038 2044 2047
f 2102 2044 2038
f 2043 2102 2038
f 1889 1990 2104
f 2166 2049 2101
f 2049 1978 2101
f 2101 2100 2166
f 2103 2118 1907
f 1974 1895 2110
f 2110 2100 1974
f 1993 1918 2113
f 2059 2118 2103
f 1907 2118 2059
f 2055 2065 1989
f 2095 2064 2105
f 2120 2065 2055
f 2120 2105 2064
f 2065 2055 1989
f 1918 2115 2113
f 1980 2183 2115
f 2068 2059 2103
f 2060 2058 2112
f 2060 2064 2058
f 2064 2116 2120
f 1917 2176 2171
f 2069 2066 2121
f 2028 1925 2127
f 1925 2071 2127
f 2114 2063 2067
f 2061 1987 1838
f 1901 1556 1830
f 2061 1838 2066
f 2133 1848 1739
f 1758 1765 1556
f 2000 2192 2070
f 1926 2128 1981
f 1925 1834 2071
f 2026 1001 1963
f 1834 1893 2071
f 2067 1999 2223
f 2223 1999 2070
f 1893 1777 2071
f 2132 1777 1992
f 1982 2129 1930
f 1982 2072 2129
f 1936 1855 1856
f 2074 1930 2129
f 2133 2074 2004
f 2089 1997 2131
f 1936 1854 2193
f 2089 2132 1992
f 2151 1937 2011
f 2012 2011 2076
f 2078 2013 2193
f 2193 2133 2134
f 2014 1858 2078
f 1936 1703 1622
f 1703 2013 1851
f 2134 2078 2193
f 1860 1851 2013
f 2079 2077 2080
f 2012 2077 2231
f 2078 1860 2013
f 2015 1859 2080
f 1859 2079 2080
f 1859 1449 2079
f 1858 2196 1781
f 755 1944 1706
f 2078 2230 2014
f 755 2019 2018
f 1850 1706 1781
f 1858 1781 1706
f 2139 2136 1403
f 1626 1861 2141
f 1861 2007 2141
f 2141 2007 1866
f 2018 2237 1953
f 1866 2007 2085
f 1950 1953 2237
f 1948 1951 2020
f 2020 2021 1948
f 2241 2148 2138
f 2143 2082 2084
f 2145 2241 2082
f 2020 1865 2021
f 2148 1952 1950
f 2143 2084 2144
f 2024 2082 1955
f 1865 1955 2082
f 2147 1956 2145
f 2083 1956 2147
f 2024 2147 2082
f 2082 2147 2145
f 1956 2146 2145
f 2148 2146 2022
f 2146 1956 2022
f 1995 1963 1001
f 2090 1195 2247
f 2032 2243 2093
f 1341 2025 2087
f 2026 1960 1995
f 1995 1001 2026
f 1728 1960 1308
f 2342 2247 1701
f 2088 2053 2097
f 2159 2054 2160
f 1728 1308 2029
f 1701 1702 2088
f 2159 2053 2054
f 2032 2040 1585
f 2040 2041 2098
f 2097 2159 2160
f 1701 1489 2086
f 2053 2092 2054
f 2092 2160 2054
f 2160 2092 2155
f 2027 1928 2073
f 2125 2027 2073
f 2053 1702 2092
f 1959 2036 2157
f 2053 2159 2097
f 1585 2040 2098
f 2092 1702 2086
f 1308 1529 1963
f 2092 2086 2155
f 2097 2160 2155
f 1585 2098 1969
f 1995 2029 1963
f 2029 1308 1963
f 1702 1701 2086
f 2161 1233 1958
f 1959 2157 2162
f 1064 2162 2161
f 1959 2162 1064
f 2161 1958 1064
f 1489 2048 2094
f 2098 2041 2099
f 2099 2002 2098
f 2161 2162 2157
f 2174 2157 2170
f 2157 2036 2170
f 2172 1233 2161
f 2100 2164 2166
f 2036 2107 2170
f 2164 2149 2166
f 2107 2166 2169
f 2104 1233 2177
f 1990 1233 2104
f 2164 2100 2106
f 2178 2166 2149
f 2149 2095 2178
f 2178 2095 2179
f 2212 2177 1233
f 1233 2163 2212
f 2112 2106 2100
f 2110 2112 2100
f 2106 2112 2164
f 2164 2058 2149
f 2112 2058 2164
f 2212 2104 2177
f 2175 2183 1980
f 2212 2103 2104
f 2109 2058 2064
f 2058 2109 2149
f 2149 2109 2064
f 2149 2064 2095
f 2179 2055 2217
f 2182 2181 2068
f 2068 2103 2182
f 2105 2120 2095
f 2219 2185 2186
f 2185 2219 2188
f 2095 2120 2055
f 2179 2095 2055
f 2175 1980 2171
f 2171 1980 1917
f 2176 2068 2181
f 2114 2121 2066
f 2063 2114 2066
f 1993 2192 2126
f 1527 1893 1834
f 2126 2000 2062
f 1961 1981 2128
f 2108 2119 1777
f 1906 2065 1608
f 2069 1987 2066
f 2192 2000 2126
f 1987 2061 2066
f 2126 2062 1993
f 1981 1996 1543
f 2071 1777 2221
f 2114 2067 2223
f 1906 1838 1987
f 2221 1777 2119
f 2132 2108 1777
f 2223 2070 2190
f 2028 2127 2130
f 2028 2128 1926
f 2121 2114 2122
f 2071 2130 2127
f 1992 1997 2089
f 1982 1932 2072
f 2257 2072 667
f 2151 2131 1997
f 2074 2129 2257
f 2004 2195 2133
f 2011 2012 2151
f 2134 2133 2195
f 2193 1703 1936
f 1703 2193 2013
f 2282 2012 2231
f 2215 2012 2282
f 2077 2079 2263
f 2150 2027 2073
f 2231 2077 2263
f 2135 2078 2134
f 2135 2230 2078
f 2014 1780 2196
f 2202 2014 2268
f 1421 1781 2196
f 1781 2197 2140
f 2079 1449 2198
f 1421 2200 1781
f 1780 2014 2202
f 1449 2136 2139
f 2014 2196 1858
f 2202 1503 1957
f 1850 1781 2140
f 1850 2019 1706
f 1626 2081 2139
f 1449 1403 2136
f 2019 755 1706
f 1850 2140 2019
f 2019 2276 2018
f 2019 2140 2276
f 2241 2138 2142
f 1950 2237 2142
f 2085 2205 1866
f 2148 1950 2142
f 2148 2142 2138
f 2205 2085 1872
f 2145 2148 2241
f 2148 2145 2146
f 1960 1728 1995
f 1341 2087 2243
f 2153 2050 2090
f 2152 2090 2247
f 2185 2209 2186
f 2296 2188 2117
f 1728 2029 1995
f 2124 1928 2096
f 2032 2093 2040
f 2027 2088 2096
f 2342 2027 2150
f 1928 2027 2096
f 1927 2124 2125
f 2342 2088 2027
f 2027 2125 2073
f 2124 1927 1928
f 1701 2088 2342
f 2073 2125 2150
f 2158 2040 2093
f 2174 2170 2107
f 2161 2157 2172
f 2048 2002 2094
f 2088 2155 2096
f 2096 2155 2086
f 2041 2040 2158
f 2096 2086 2094
f 2097 2155 2088
f 2041 2091 2099
f 2157 2174 2172
f 2210 2163 1233
f 2172 2174 1233
f 2107 2169 2178
f 2169 2166 2178
f 2107 2178 2174
f 2174 2178 2179
f 2210 2174 2163
f 1233 2174 2210
f 2174 2214 2163
f 2214 2211 2163
f 2212 2163 2211
f 2211 2214 2181
f 2103 2212 2211
f 2103 2211 2181
f 2103 2181 2182
f 2183 2179 2217
f 2174 2179 2183
f 2174 2183 2214
f 2214 2183 2175
f 2214 2175 2171
f 2214 2171 2176
f 2181 2214 2176
f 2055 1987 2216
f 1987 2069 2216
f 2184 2219 2186
f 2219 2184 2117
f 2201 2113 2115
f 2201 2115 2183
f 2111 1993 2113
f 667 2117 2184
f 2168 2114 2222
f 1932 1981 2072
f 2151 2012 2215
f 1994 1981 1932
f 1993 2111 2192
f 2114 2223 2222
f 2219 2209 2225
f 2186 2219 2225
f 2186 2209 2219
f 2128 2028 2191
f 2188 2219 2117
f 1961 2072 1981
f 2071 2221 2130
f 2072 2117 667
f 2191 2028 2130
f 2128 2191 1961
f 1906 1987 2065
f 2256 2070 2192
f 2190 2070 2256
f 1961 2117 2072
f 2072 2257 2129
f 2089 2131 2151
f 2074 2299 2004
f 2227 2089 2151
f 2228 2151 2215
f 2262 2004 2226
f 2195 2004 2262
f 2230 2268 2014
f 2196 1780 1421
f 1780 2202 2229
f 2265 1780 2229
f 1780 2265 1421
f 2198 1449 2139
f 2234 2199 1957
f 2236 2202 1957
f 2236 1945 2202
f 1503 2234 1957
f 1957 2199 2236
f 2139 2081 2270
f 2203 2276 2140
f 2203 2140 2197
f 2204 2323 2142
f 2323 2278 2142
f 2018 2276 2237
f 2204 2142 2237
f 2278 2206 2241
f 2329 2205 2144
f 2087 2025 2153
f 2244 2090 2152
f 2167 2156 2217
f 2207 2153 2090
f 2207 2090 2244
f 2125 2124 2150
f 2158 2093 2243
f 2342 2152 2247
f 2124 2096 2150
f 2342 2150 2137
f 2096 2094 2150
f 2150 2094 2137
f 2041 2158 2165
f 2154 2055 2216
f 2121 2216 2069
f 2183 2156 2187
f 2113 2201 2213
f 2213 2111 2113
f 2220 2111 2213
f 2168 2122 2114
f 2192 2111 2220
f 2055 2065 1987
f 2221 2119 2253
f 2168 2223 2337
f 2256 2192 2259
f 2209 2185 2188
f 2223 2168 2222
f 2337 2223 2190
f 1961 2254 2117
f 2225 667 2186
f 2251 2254 1961
f 2296 2117 2254
f 2130 2224 2250
f 1961 2191 2251
f 667 2188 2296
f 667 2184 2186
f 2130 2221 2253
f 2183 2217 2156
f 2224 2191 2250
f 2130 2250 2191
f 2074 2257 2299
f 2252 2225 2209
f 2188 2252 2209
f 2119 2108 2132
f 2257 667 2296
f 2132 2246 2258
f 667 2252 2188
f 667 2225 2252
f 2227 2132 2089
f 2119 2132 2258
f 2227 2151 2228
f 2134 2195 2262
f 2215 2301 2228
f 2246 2132 2227
f 2262 2226 2261
f 2135 2134 2262
f 2262 2353 2135
f 2300 2230 2135
f 2265 2229 2194
f 1975 2263 2079
f 2268 2230 2300
f 1975 2079 2198
f 2235 2202 2268
f 2266 2265 2194
f 2189 2202 1945
f 2139 2270 2198
f 2202 2234 1503
f 2202 2235 2234
f 2200 1421 2306
f 2194 2202 2189
f 2194 2229 2202
f 2200 2197 1781
f 2081 2198 2270
f 1626 2141 1866
f 2197 2200 2272
f 2197 2272 2271
f 2323 2199 2234
f 2323 2234 2364
f 2271 2203 2197
f 2323 2324 2314
f 2204 2237 2324
f 2204 2324 2323
f 2323 2240 2238
f 1626 1866 2081
f 2081 1866 2281
f 2323 2238 2278
f 2153 2244 2087
f 1866 2205 2239
f 2153 2207 2244
f 2165 2158 2245
f 2158 2283 2284
f 2192 2294 2285
f 2294 2286 2285
f 2183 2187 2201
f 2255 2288 2289
f 2187 2213 2201
f 2122 2287 2121
f 2289 2290 2255
f 2168 2287 2122
f 2288 2292 2289
f 2289 2292 2290
f 2220 2255 2290
f 2248 2220 2290
f 2294 2248 2286
f 2294 2220 2248
f 2130 2260 2208
f 2288 2255 2298
f 2292 2248 2290
f 2286 2248 2297
f 2287 2168 2337
f 2257 2296 2293
f 2191 2208 2180
f 2224 2130 2208
f 2253 2260 2130
f 2224 2208 2191
f 2192 2220 2294
f 2297 2292 2288
f 2248 2292 2297
f 2286 2297 2298
f 2297 2288 2298
f 2285 2286 2298
f 2298 2192 2285
f 2337 2190 2256
f 2180 2208 2251
f 2339 2254 2251
f 2251 2208 2260
f 2191 2180 2251
f 2192 2298 2259
f 2119 2258 2260
f 2299 2226 2004
f 2299 2257 2340
f 2246 2227 2228
f 2343 2228 2301
f 2343 2258 2246
f 2231 2215 2282
f 2353 2264 2135
f 2235 2300 2308
f 2266 2194 2310
f 1421 2265 2266
f 2266 2269 1421
f 2269 2306 1421
f 2235 2123 2234
f 2236 2199 2274
f 2315 2316 2273
f 2317 2189 1945
f 2313 2320 2303
f 2320 2321 2303
f 2303 2302 2313
f 2302 2303 2273
f 2303 2315 2273
f 2364 2302 2273
f 2323 2274 2199
f 2236 2317 1945
f 1869 1948 2143
f 2305 2081 2281
f 2364 2273 2240
f 2240 2323 2364
f 2023 1947 2144
f 2144 1872 2023
f 1948 2021 2143
f 2023 1872 2085
f 2237 2312 2324
f 2203 2312 2276
f 2203 2319 2312
f 2237 2276 2312
f 2241 2142 2278
f 1872 2144 2205
f 2240 2275 2238
f 2280 2281 1866
f 2280 1866 2239
f 2280 2239 2326
f 2205 2329 2239
f 2084 2206 2242
f 2206 2278 2279
f 2329 2144 2242
f 2144 2084 2242
f 2239 2329 2326
f 2283 2243 2087
f 2244 2277 2087
f 2244 2152 2342
f 2277 2244 2342
f 2277 2342 2087
f 2327 2342 2341
f 2158 2243 2283
f 2332 2373 2333
f 2137 2377 2342
f 2173 2249 2187
f 2173 2187 2156
f 2249 2213 2187
f 2218 2287 2331
f 2262 2261 2352
f 2295 2380 2287
f 2218 2121 2287
f 2218 2216 2121
f 2287 2337 2295
f 2173 2156 2167
f 2246 2228 2343
f 2253 2119 2260
f 2293 2340 2257
f 2220 2298 2255
f 2384 2220 2213
f 2384 2213 2291
f 2220 2384 2298
f 2337 2336 2295
f 2055 2154 2173
f 2167 2217 2055
f 2256 2336 2337
f 2173 2167 2055
f 2336 2256 2384
f 2298 2384 2259
f 2259 2384 2256
f 2260 2330 2251
f 1646 2260 2258
f 2254 2293 2296
f 2300 2135 2264
f 2340 2390 2299
f 2307 2258 2343
f 2325 2346 2391
f 2325 2347 2346
f 2307 2343 2301
f 2226 2299 2393
f 2348 2347 2346
f 2347 2350 2346
f 2350 2348 2346
f 2354 2391 2351
f 2347 2351 2346
f 2261 2431 2352
f 2431 2261 2226
f 2301 2215 2354
f 2215 2344 2354
f 2215 2231 2304
f 2231 2263 2304
f 2304 2263 2267
f 2300 2353 2308
f 2353 2300 2264
f 2268 2300 2235
f 2235 2308 2358
f 2087 2327 2283
f 2310 2194 2233
f 2266 2310 2269
f 2357 1975 2198
f 2267 2263 1975
f 2357 2267 1975
f 2235 2360 2123
f 2200 2306 2318
f 2234 2123 2322
f 2200 2365 2272
f 2305 2198 2081
f 2316 2321 2361
f 2315 2321 2316
f 2320 2313 2361
f 2321 2320 2361
f 2317 2236 2274
f 2365 2200 2318
f 2366 2362 2364
f 2362 2302 2364
f 2322 2362 2366
f 2366 2364 2322
f 2315 2303 2321
f 2316 2361 2362
f 2203 2271 2319
f 2274 2323 2314
f 2271 2272 2319
f 2413 2305 2419
f 2021 2082 2143
f 2422 2324 2312
f 2275 2240 2367
f 2422 2314 2324
f 2312 2319 2421
f 2305 2281 2280
f 2280 2326 2305
f 2328 2423 2305
f 2328 2305 2326
f 2241 2084 2082
f 2241 2206 2084
f 2238 2275 2278
f 2370 2279 2278
f 2362 2273 2316
f 2279 2242 2206
f 2370 2242 2279
f 2326 2329 2370
f 2329 2242 2370
f 2327 2087 2342
f 2245 2158 2284
f 2372 2342 2377
f 2372 2341 2342
f 2284 2283 2375
f 2173 2154 2216
f 2331 2173 2218
f 2173 2216 2218
f 2249 2173 2331
f 2249 2334 2213
f 2291 2378 2376
f 2249 2373 2334
f 2331 2373 2249
f 2380 2331 2287
f 2428 2387 2381
f 2333 2373 2384
f 2373 2331 2384
f 2333 2382 2383
f 2332 2333 2383
f 2384 2291 2376
f 2378 2379 2332
f 2379 2373 2332
f 2378 2332 2383
f 2382 2376 2383
f 2376 2378 2383
f 2376 2333 2384
f 2213 2334 2373
f 2291 2379 2378
f 2213 2373 2291
f 2373 2379 2291
f 2295 2331 2380
f 2295 2336 2331
f 2336 2384 2331
f 2260 1646 2374
f 2330 2339 2251
f 1646 2258 2374
f 2260 2374 2330
f 2293 2254 2339
f 2390 2340 2293
f 2374 2258 2307
f 2374 2307 2385
f 2392 2388 2391
f 2388 2325 2391
f 2325 2388 2347
f 2349 2350 2347
f 2350 2349 2345
f 2392 2301 2349
f 2346 2351 2391
f 2307 2301 2392
f 2345 2354 2351
f 2348 2350 2345
f 2299 2390 2393
f 2388 2392 2349
f 2301 2345 2349
f 2392 2389 2307
f 2347 2348 2351
f 2388 2349 2347
f 2345 2351 2348
f 2345 2301 2354
f 2262 2232 2353
f 2391 2354 2389
f 2389 2392 2391
f 2189 2233 2194
f 2344 2304 2354
f 2344 2215 2304
f 2352 2232 2262
f 2355 2353 2400
f 2267 2356 2304
f 2367 2278 2275
f 2267 2357 2356
f 2356 2357 2395
f 2404 2402 2403
f 2398 2399 2406
f 2406 2407 2408
f 2407 2406 2409
f 2410 2405 2398
f 2401 2395 2198
f 2358 2360 2235
f 2395 2401 2413
f 2395 2357 2198
f 2414 2395 2413
f 2310 2359 2269
f 2411 2123 2360
f 2359 2310 2233
f 2418 2359 2233
f 2309 2317 2418
f 2233 2309 2418
f 2318 2269 2365
f 2309 2233 2317
f 2306 2269 2318
f 2305 2401 2198
f 2305 2413 2401
f 2322 2123 2411
f 2418 2317 2274
f 2365 2269 2311
f 2361 2313 2302
f 2364 2234 2322
f 2411 2414 2322
f 2319 2272 2365
f 2361 2302 2362
f 2240 2273 2362
f 2322 2367 2362
f 2413 2419 2414
f 2322 2414 2367
f 2319 2365 2441
f 2414 2419 2367
f 2240 2362 2367
f 2328 2419 2423
f 2368 2422 2312
f 2421 2368 2312
f 2423 2419 2305
f 2419 2328 2367
f 2424 2370 2278
f 2367 2424 2278
f 2367 2328 2424
f 2371 2370 2328
f 2424 2328 2370
f 2370 2371 2326
f 2371 2328 2326
f 2375 2283 2341
f 2327 2341 2283
f 2330 2338 2339
f 2428 2429 2338
f 2293 2339 2425
f 2330 2374 2385
f 2381 2427 2429
f 2330 2386 2338
f 2425 2339 2335
f 2293 2428 2393
f 2386 2330 2385
f 2429 2335 2338
f 2339 2338 2335
f 2381 2387 2427
f 2381 2429 2428
f 2387 2425 2335
f 2387 2335 2427
f 2428 2425 2387
f 2428 2338 2386
f 2427 2335 2429
f 2444 2385 2307
f 2428 2293 2425
f 2385 2444 2430
f 2393 2390 2293
f 2389 2444 2307
f 2393 2431 2226
f 2353 2232 2352
f 2431 2394 2352
f 2420 2389 2354
f 2353 2396 2400
f 2355 2434 2353
f 2354 2304 2420
f 2432 2402 2404
f 2402 2432 2403
f 2353 2434 2308
f 2420 2304 2449
f 2355 2400 2434
f 2304 2356 2397
f 2397 2356 2395
f 2449 2304 2397
f 2405 2432 2404
f 2435 2434 2400
f 2404 2403 2363
f 2358 2434 2435
f 2446 2397 2405
f 2406 2399 2409
f 2360 2358 2435
f 2416 2406 2408
f 2417 2407 2436
f 2405 2410 2432
f 2395 2399 2397
f 2399 2395 2417
f 2398 2397 2399
f 2406 2416 2403
f 2358 2308 2434
f 2410 2403 2432
f 2410 2398 2402
f 2398 2406 2402
f 2403 2416 2363
f 2397 2398 2405
f 2405 2404 2363
f 2437 2399 2436
f 2399 2417 2436
f 2406 2403 2402
f 2403 2410 2402
f 2395 2363 2417
f 2409 2399 2437
f 2405 2363 2446
f 2408 2407 2416
f 2407 2417 2416
f 2417 2363 2416
f 2435 2411 2360
f 2363 2395 2412
f 2233 2189 2317
f 2359 2418 2415
f 2451 2446 2363
f 2412 2395 2414
f 2451 2439 2438
f 2435 2439 2411
f 2451 2363 2414
f 2414 2440 2451
f 2411 2440 2414
f 2412 2414 2363
f 2440 2439 2451
f 2440 2411 2439
f 2359 2311 2269
f 2314 2422 2418
f 2365 2311 2441
f 2319 2441 2311
f 2442 2422 2368
f 2421 2369 2368
f 2369 2421 2319
f 2418 2274 2314
f 2311 2369 2319
f 2386 2426 2428
f 2428 2426 2393
f 2386 2385 2430
f 2431 2393 2394
f 2430 2444 2386
f 2393 2426 2394
f 2352 2394 2445
f 2389 2443 2444
f 2447 2389 2420
f 2352 2445 2396
f 2353 2352 2396
f 2447 2420 2449
f 2396 2445 2448
f 2396 2448 2450
f 2400 2396 2450
f 2433 2439 2435
f 2447 2449 2446
f 2397 2446 2449
f 2400 2446 2435
f 2438 2439 2452
f 2446 2452 2439
f 2439 2433 2446
f 2446 2433 2435
f 2446 2438 2452
f 2446 2451 2438
f 2311 2359 2442
f 2415 2442 2359
f 2418 2422 2442
f 2442 2415 2418
f 2369 2311 2442
f 2368 2369 2442
f 2444 2426 2386
f 2445 2394 2426
f 2443 2426 2444
f 2445 2426 2453
f 2426 2443 2453
f 2447 2443 2389
f 2445 2453 2443
f 2443 2447 2454
f 2443 2454 2448
f 2445 2443 2448
f 2450 2448 2454
f 2447 2446 2450
f 2450 2454 2447
f 2446 2400 2450
f 229 200 88
f 290 200 229
f 290 283 200
f 290 228 205
f 228 346 205
f 228 298 346
f 283 290 205
f 346 298 357
f 885 1155 978
f 920 978 930
f 920 909 978
f 909 885 978
f 978 1155 1008
f 1008 1155 1182
f 1224 1526 1700
f 1192 1649 1344
f 1182 1155 1649
f 1192 1182 1649
f 1192 1344 1297
f 1351 1297 1348
f 1348 1297 1196
f 1351 1192 1297
f 1700 1798 1224
f 1798 1874 1619
f 1681 1599 1736
f 1874 995 1619
f 995 1341 1619
f 1978 1970 2057
f 1748 1833 1970
f 1968 2033 2107
f 2107 2033 2166
f 1970 1833 2057
f 1341 995 1195
f 2090 1341 1195
f 2044 1970 2049
f 2044 2049 2047
f 2045 2047 2049
f 2037 2045 2049
f 2049 2166 2037
f 2033 2037 2166
f 2051 1978 2057
f 1978 2049 1970
f 2025 1341 2090
f 2025 2050 2153
f 2050 2025 2090
f 2099 2094 2002
f 2041 2094 2091
f 2099 2091 2094
f 2137 2165 2245
f 2041 2165 2094
f 2165 2137 2094
f 2377 2137 2245
f 2377 2245 2372
f 2372 2284 2341
f 2245 2284 2372
f 2284 2375 2341
f 2382 2333 2376
f 2436 2407 2437
f 2407 2409 2437

