# https://github.com/mikedh/trimesh
v -0.48578265 -0.34321156 -0.31010556
v -0.48950031 -0.34343639 -0.31050840
v -0.48188266 -0.34324154 -0.31013557
v -0.48188266 -0.34321156 -0.31010556
v -0.48871690 -0.44016486 -0.40817267
v -0.48845363 -0.37169808 -0.33192572
v -0.47797266 -0.34324154 -0.31013557
v -0.49553826 -0.32887006 -0.29832563
v -0.47797701 -0.34321493 -0.31011051
v -0.37639773 -0.31211576 -0.43907553
v -0.48578265 -0.34715155 -0.31312558
v -0.46625265 -0.06200155 -0.60307556
v -0.47016266 -0.06199155 -0.60305560
v -0.46625265 -0.06199155 -0.60305560
v -0.49154177 -0.04582580 -0.57584757
v -0.40825525 -0.08506702 -0.63294125
v -0.37641266 -0.30907154 -0.43510556
v -0.46235266 -0.06200155 -0.60307556
v -0.46235266 -0.06199155 -0.60305560
v -0.52376908 -0.03361120 -0.39436272
v -0.42719266 -0.06500155 -0.60698557
v -0.42328265 -0.06200155 -0.60307556
v -0.42328265 -0.06199155 -0.60305560
v -0.42719266 -0.06199155 -0.60305560
v -0.39454520 -0.32165557 -0.29301307
v -0.40705904 -0.05139813 -0.58861572
v -0.38422266 -0.31199154 -0.43891558
v -0.29604954 -0.08875726 0.40795270
v -0.45453265 -0.06200155 -0.60307556
v -0.45844266 -0.06199155 -0.60305560
v -0.45453265 -0.06199155 -0.60305560
v -0.43110266 -0.06200155 -0.60307556
v -0.43500265 -0.06199155 -0.60305560
v -0.43110266 -0.06199155 -0.60305560
v -0.46819684 -0.04361732 -0.57176399
v -0.44672266 -0.06200155 -0.60307556
v -0.45063266 -0.06199155 -0.60305560
v -0.44672266 -0.06199155 -0.60305560
v -0.38419268 0.06690845 -0.77495557
v -0.38422266 0.06299845 -0.77484560
v -0.38422266 0.06690845 -0.77488559
v -0.38419035 0.06257961 -0.77490014
v -0.45844266 -0.06200155 -0.60307556
v -0.44282266 -0.06200155 -0.60307556
v -0.44282266 -0.06199155 -0.60305560
v -0.45063266 -0.06200155 -0.60307556
v -0.43500265 -0.06200155 -0.60307556
v -0.43891266 -0.06199155 -0.60305560
v -0.41547266 -0.06590155 -0.60814559
v -0.24750265 0.16846845 0.72113442
v -0.41938266 -0.06199155 -0.60305560
v -0.42719266 -0.06200155 -0.60307556
v -0.37641266 -0.31199154 -0.43891558
v -0.43891266 -0.06200155 -0.60307556
v -0.32811707 0.05268800 -0.82223821
v -0.41547266 -0.06200155 -0.60307556
v -0.41547266 -0.06198951 -0.60305196
v -0.41938266 -0.06200155 -0.60307556
v -0.31281477 -0.03656737 -0.68219197
v -0.24752267 0.16846845 0.41644442
v -0.24752267 0.16846845 0.42035443
v -0.46985653 -0.07174316 -0.61614305
v -0.38032266 -0.31199154 -0.43891558
v -0.38032266 -0.31206155 -0.43901557
v -0.40717217 -0.34816775 -0.47320232
v -0.29828265 -0.24558154 0.69777441
v -0.37584046 -0.04430281 -0.47106409
v -0.37642366 -0.04637191 -0.43508419
v -0.38032266 -0.04246155 -0.43501556
v -0.38707262 -0.04190118 -0.41924301
v -0.38048190 -0.04228366 -0.43500587
v -0.37641266 -0.04636155 -0.43510556
v -0.38857973 0.06397738 -0.76718396
v -0.38846648 0.03556984 -0.76710868
v -0.34479252 -0.25588456 0.66939330
v -0.29822266 0.13721845 0.71331441
v -0.38867763 0.06877590 -0.76694262
v -0.37965325 0.07936415 -0.78298873
v -0.37635723 -0.04638667 -0.43523815
v -0.34116265 -0.00340155 -0.81010556
v -0.29438266 -0.01114155 -0.66167557
v -0.29828265 0.13707845 0.45160443
v -0.29828265 0.13707845 0.45550442
v -0.29822266 0.13721845 0.56878442
v -0.28120780 0.15832555 0.39512268
v -0.29822266 0.13721845 0.57269442
v -0.29828265 0.13707845 0.57269442
v -0.38421267 0.07080845 -0.77495557
v -0.37641266 0.17243846 -0.68901557
v -0.37641266 0.17243846 -0.69292557
v -0.29828265 0.13707845 0.57660443
v -0.29828265 0.13707845 0.58050442
v -0.37743112 0.17415063 -0.66475308
v -0.24750265 0.16846845 0.43597442
v -0.24752267 0.16846845 0.43597442
v -0.24752267 0.16846845 0.43988442
v -0.37644267 0.17237845 -0.69292557
v -0.37644267 0.17237845 -0.68901557
v -0.37644267 0.17237845 -0.69682556
v -0.37641266 0.17243846 -0.69682556
v -0.39376265 0.16986094 -0.67046309
v -0.34236726 0.11628277 -0.79104841
v -0.36845267 0.15674844 -0.43120557
v -0.36843267 0.15674844 -0.43510556
v -0.36841267 0.15674844 -0.43901557
v -0.36837250 0.15674824 -0.44683486
v -0.36849266 0.15674844 -0.42339557
v -0.36884302 0.15718223 -0.45226887
v -0.36312702 0.14274135 -0.38352010
v -0.36860266 0.15677845 -0.41167557
v -0.37369618 0.15896024 -0.34961531
v -0.36853266 0.15674844 -0.41557556
v -0.36860266 0.15679845 -0.41557556
v -0.37605953 0.18860970 -0.72105885
v -0.32563266 -0.01114155 -0.66167557
v -0.32953265 -0.01114155 -0.66167557
v -0.29822266 0.13721845 0.75628442
v -0.29822266 0.13721845 0.75238442
v -0.29828265 0.13707845 0.75628442
v -0.37644267 0.17237845 -0.68120557
v -0.37494212 0.18154524 -0.67592871
v -0.37644267 0.17237845 -0.68510556
v -0.37641266 0.17243846 -0.68510556
v -0.29822266 0.13721845 0.42035443
v -0.29822266 0.13721845 0.41644442
v -0.29828265 0.13707845 0.42035443
v -0.36860195 0.15686083 -0.43023807
v -0.36861411 0.15691574 -0.43602857
v -0.30482221 0.12198540 0.51066607
v -0.37346736 0.14968820 -0.43378481
v -0.29828265 0.13707845 0.51800442
v -0.29828265 0.13707845 0.52191442
v -0.29828265 0.13707845 0.58441442
v -0.29828265 0.13707845 0.58831441
v -0.29828265 0.13707845 0.65863442
v -0.29828265 0.13707845 0.74066442
v -0.29828265 0.13707845 0.74456441
v -0.29822266 0.13721845 0.59222442
v -0.29822266 0.13721845 0.59613442
v -0.29828265 0.13707845 0.59613442
v -0.29828265 0.13707845 0.56878442
v -0.29822266 0.13721845 0.44378442
v -0.29822266 0.13721845 0.43988442
v -0.29828265 0.13707845 0.44378442
v -0.29507032 -0.21934669 0.71720147
v -0.09125677 -0.24948598 -0.49754584
v -0.28657266 -0.24558154 0.69777441
v -0.29047266 -0.24558154 0.69777441
v -0.29047266 -0.24555156 0.69769442
v -0.37641266 -0.31206155 -0.43901557
v -0.34656429 -0.25358474 -0.47411245
v -0.34907266 -0.23374155 -0.46245557
v -0.08862135 -0.25825644 -0.51311153
v -0.30221346 -0.24557167 0.69772542
v -0.34124371 -0.23387162 -0.46244776
v -0.34516266 -0.23387155 -0.46244556
v -0.34516266 -0.23374155 -0.46245557
v -0.28657266 -0.24555156 0.69769442
v -0.37387753 -0.08246829 -0.34483361
v -0.37922719 -0.04351123 -0.43514499
v -0.34566465 -0.01117928 -0.66170204
v -0.27837163 -0.05381581 0.43392116
v -0.34125265 -0.23387155 -0.46244556
v -0.34125265 0.00035845 -0.81010556
v -0.34126180 0.00057782 -0.81010914
v -0.34125265 0.00050845 -0.81011558
v -0.33735266 -0.01114155 -0.66167557
v -0.33344266 -0.01114155 -0.66167557
v -0.33024120 -0.00898171 -0.81391519
v -0.31782266 -0.01121155 -0.66172558
v -0.33344266 -0.01121155 -0.66172558
v -0.37256226 -0.05098035 -0.43359408
v -0.33732277 -0.00336304 -0.81173366
v -0.39497158 0.01608242 -0.71950555
v -0.34516266 -0.01114155 -0.66167557
v -0.29828265 0.13707845 0.45941442
v -0.34125265 -0.00730155 -0.81002557
v -0.34112594 -0.01019228 -0.81004894
v -0.32953265 -0.01121155 -0.66172558
v -0.34125265 -0.01121155 -0.66172558
v -0.34125265 -0.01114155 -0.66167557
v -0.33735266 -0.01121155 -0.66172558
v -0.29828265 0.13707845 0.76019442
v -0.29822266 0.13721845 0.60003442
v -0.29828265 0.13707845 0.60003442
v -0.29828265 0.13707845 0.60394442
v -0.34516266 -0.00340155 -0.80840558
v -0.29828265 0.13707845 0.46331441
v -0.29828265 0.13707845 0.46722442
v -0.29822266 0.13721845 0.46331441
v -0.29828265 0.13707845 0.38519442
v -0.29828265 0.13707845 0.38910443
v -0.29822266 0.13721845 0.38519442
v -0.36851266 0.15674844 -0.41948557
v -0.29822266 0.13721845 0.65472442
v -0.29822266 0.13721845 0.65863442
v -0.36847267 0.15674844 -0.42729557
v -0.36676690 0.15272960 -0.42386362
v -0.29822266 0.13721845 0.64691442
v -0.29828265 0.13707845 0.65081441
v -0.29822266 0.13721845 0.65081441
v -0.29822266 0.13721845 0.55316442
v -0.24750265 0.16846845 0.62347442
v -0.24752267 0.16846845 0.62738442
v -0.24750265 0.16846845 0.62738442
v -0.30219266 -0.24271154 0.69378442
v -0.29828265 -0.01114155 -0.66167557
v -0.36860266 0.15683845 -0.42339557
v -0.36860266 0.15681845 -0.41948557
v -0.29822266 0.13721845 0.54535443
v -0.29828265 0.13707845 0.41253442
v -0.29828265 0.13707845 0.40863442
v -0.29828265 0.13707845 0.49847442
v -0.29822266 0.13721845 0.49847442
v -0.29822266 0.13721845 0.49456441
v -0.24752267 0.16846845 0.31488442
v -0.24752267 0.16846845 0.31878442
v -0.24750265 0.16846845 0.31488442
v -0.32172266 -0.01114155 -0.66167557
v -0.30337265 0.12549844 0.37469503
v -0.38467246 0.18621458 -0.77968699
v -0.31270552 -0.01213571 -0.24252397
v -0.31782266 -0.01114155 -0.66167557
v -0.30219266 -0.24555156 0.69769442
v -0.29828265 -0.24555156 0.69769442
v -0.29438266 -0.24558154 0.69777441
v -0.29438266 -0.24555156 0.69769442
v -0.29082054 -0.07764840 0.41646397
v -0.29828265 0.13707845 0.63519442
v -0.29828265 0.13707845 0.63910443
v -0.29822266 0.13721845 0.63519442
v -0.31391266 -0.01121155 -0.66172558
v -0.31391266 -0.01114155 -0.66167557
v -0.34125265 -0.00340155 -0.81006557
v -0.31000265 -0.01114155 -0.66167557
v -0.32172266 -0.01121155 -0.66172558
v -0.27844861 -0.07701798 0.41691798
v -0.27949044 0.15921955 0.34609601
v -0.32563266 -0.01121155 -0.66172558
v -0.31103802 0.01777850 -0.63203830
v -0.30610266 -0.01114155 -0.66167557
v -0.30219266 -0.01121155 -0.66172558
v -0.30219266 -0.01114155 -0.66167557
v -0.28066403 0.15877253 0.55625236
v -0.30435553 0.12301456 0.47049499
v -0.28007531 0.15944541 0.65088576
v -0.29828265 0.13707845 0.36175442
v -0.29828265 0.13707845 0.36566442
v -0.29822266 0.13721845 0.36175442
v -0.29822266 0.13721845 0.74066442
v -0.29822266 0.13721845 0.74456441
v -0.29822570 0.13721399 0.35374713
v -0.29822266 0.13721845 0.35394442
v -0.30337265 0.12549844 0.42016676
v -0.29828265 0.13707845 0.39691442
v -0.24750265 0.16846845 0.31878442
v -0.29828265 0.13707845 0.54535443
v -0.29828265 0.13707845 0.54925442
v -0.30184266 0.12940845 0.71234256
v -0.29822266 0.13721845 0.68988442
v -0.29822266 0.13721845 0.76410443
v -0.29822266 0.13721845 0.76800442
v -0.29828265 0.13707845 0.76800442
v -0.29828265 0.13707845 0.71331441
v -0.29828265 0.13707845 0.71722442
v -0.29822266 0.13721845 0.67035443
v -0.29822266 0.13721845 0.67425442
v -0.29828265 0.13707845 0.67425442
v -0.29828265 0.13707845 0.69378442
v -0.29828265 0.13707845 0.68988442
v -0.24752267 0.16846845 0.70550442
v -0.24752267 0.16846845 0.70941442
v -0.24750265 0.16846845 0.70550442
v -0.29822266 0.13721845 0.71722442
v -0.29828265 0.13707845 0.76410443
v -0.29822266 0.13721845 0.77776939
v -0.29822266 0.13721845 0.40863442
v -0.29822266 0.13721845 0.63910443
v -0.29828265 0.13707845 0.64300442
v -0.29822266 0.13721845 0.64300442
v -0.29828265 0.13707845 0.66253442
v -0.29822266 0.13721845 0.70550442
v -0.29822266 0.13721845 0.73285443
v -0.29828265 0.13707845 0.73285443
v -0.29828265 0.13707845 0.73675442
v -0.29828265 0.13707845 0.65472442
v -0.29828265 0.13707845 0.49066442
v -0.29828265 0.13707845 0.49456441
v -0.29822266 0.13721845 0.50628442
v -0.29822266 0.13721845 0.51019442
v -0.29828265 0.13707845 0.51019442
v -0.29828265 0.13707845 0.70550442
v -0.29828265 0.13707845 0.70941442
v -0.29822266 0.13721845 0.74847442
v -0.29822266 0.13721845 0.63128442
v -0.29828265 0.13707845 0.63128442
v -0.29828265 0.13707845 0.72113442
v -0.29828265 0.13707845 0.70160443
v -0.29822266 0.13721845 0.51800442
v -0.29822266 0.13721845 0.52191442
v -0.29828265 0.13707845 0.43988442
v -0.30337265 0.12549844 0.55072159
v -0.29822266 0.13721845 0.48285443
v -0.29828265 0.13707845 0.48675442
v -0.29822266 0.13721845 0.48675442
v -0.29822266 0.13721845 0.49066442
v -0.24750265 0.16846845 0.61956441
v -0.29822266 0.13721845 0.54925442
v -0.29828265 0.13707845 0.69769442
v -0.24750265 0.16846845 0.81488442
v -0.23969264 0.16928846 0.54730439
v -0.29822266 0.13721845 0.70160443
v -0.29822266 0.13721845 0.69769442
v -0.24750265 0.16846845 0.39300442
v -0.24750265 0.16846845 0.39691442
v -0.28657266 -0.07765155 0.41644442
v -0.29047266 -0.07762155 0.41648442
v -0.29828265 0.13707845 0.67816442
v -0.28266266 -0.07764155 0.41644442
v -0.28478432 -0.00582223 -0.65758699
v -0.31000265 -0.01121155 -0.66172558
v -0.29828265 0.13707845 0.36956441
v -0.27840704 -0.08064891 0.41422546
v -0.35292184 -0.20520200 -0.56173915
v -0.27875265 -0.07762155 0.41645443
v -0.28657266 -0.07762155 0.41647443
v -0.29828265 -0.01121155 -0.66172558
v -0.29438266 -0.01121155 -0.66172558
v -0.29047266 -0.01121155 -0.66172558
v -0.30610266 -0.01121155 -0.66172558
v -0.24750265 0.16846845 0.43988442
v -0.24750265 0.16846845 0.44378442
v -0.22496389 -0.07825099 0.43000686
v -0.24752267 0.16846845 0.34222442
v -0.24752267 0.16846845 0.32269442
v -0.24752267 0.16846845 0.32660443
v -0.29822266 0.13721845 0.35785443
v -0.29822266 0.13721845 0.47503442
v -0.29822266 0.13721845 0.47894442
v -0.29828265 0.13707845 0.47894442
v -0.29822266 0.13721845 0.57660443
v -0.30784288 0.10572296 0.76546782
v -0.24750265 0.16846845 0.67035443
v -0.24752267 0.16846845 0.67425442
v -0.24750265 0.16846845 0.67425442
v -0.29828265 0.13707845 0.62347442
v -0.29828265 0.13707845 0.61956441
v -0.29822266 0.13721845 0.77191442
v -0.29828265 0.13707845 0.77581441
v -0.29822266 0.13721845 0.36566442
v -0.29828265 0.13707845 0.41644442
v -0.29828265 0.13707845 0.35785443
v -0.29828265 0.13707845 0.51410443
v -0.29828265 0.13707845 0.37347442
v -0.29828265 0.13707845 0.39300442
v -0.29822266 0.13721845 0.40472442
v -0.29828265 0.13707845 0.40472442
v -0.29828265 0.13707845 0.42425442
v -0.29828265 0.13707845 0.42816442
v -0.29822266 0.13721845 0.42425442
v -0.29822266 0.13721845 0.43597442
v -0.29828265 0.13707845 0.43597442
v -0.29828265 0.13707845 0.37738442
v -0.28857017 0.14958470 0.50067115
v -0.29822266 0.13721845 0.37347442
v -0.29822266 0.13721845 0.37738442
v -0.29822266 0.13721845 0.45160443
v -0.27760711 0.16026086 0.61024445
v -0.29828265 0.13707845 0.66644442
v -0.29828265 0.13707845 0.67035443
v -0.29822266 0.13721845 0.66644442
v -0.29822266 0.13721845 0.73675442
v -0.29822266 0.13721845 0.50238442
v -0.29828265 0.13707845 0.50238442
v -0.28212455 -0.01118372 -0.66170436
v -0.24750265 0.16846845 0.34613442
v -0.29822266 0.13721845 0.38128442
v -0.29828265 0.13707845 0.38128442
v -0.29822266 0.13721845 0.44769442
v -0.24750265 0.16846845 0.55706441
v -0.24752267 0.16846845 0.56097442
v -0.24750265 0.16846845 0.56097442
v -0.29822266 0.13721845 0.39300442
v -0.29822266 0.13721845 0.39691442
v -0.29828265 0.13707845 0.48285443
v -0.29828265 0.13707845 0.60785443
v -0.29822266 0.13721845 0.60394442
v -0.29822266 0.13721845 0.36956441
v -0.29822266 0.13721845 0.45550442
v -0.29822266 0.13721845 0.42816442
v -0.29828265 0.13707845 0.43206441
v -0.29822266 0.13721845 0.66253442
v -0.29822266 0.13721845 0.38910443
v -0.29828265 0.13707845 0.55316442
v -0.29828265 0.13707845 0.55706441
v -0.29822266 0.13721845 0.51410443
v -0.29828265 0.13707845 0.56097442
v -0.29822266 0.13721845 0.55706441
v -0.24752267 0.16846845 0.48675442
v -0.24752267 0.16846845 0.49066442
v -0.29822266 0.13721845 0.62347442
v -0.29822266 0.13721845 0.61956441
v -0.29822266 0.13721845 0.41253442
v -0.30428857 0.12326106 0.59432447
v -0.29822266 0.13721845 0.56097442
v -0.29828265 0.13707845 0.53753442
v -0.29828265 0.13707845 0.53363442
v -0.29828265 0.13707845 0.52581441
v -0.29828265 0.13707845 0.52972442
v -0.29822266 0.13721845 0.52581441
v -0.29828265 0.13707845 0.64691442
v -0.24752267 0.16846845 0.53363442
v -0.24752267 0.16846845 0.53753442
v -0.29822266 0.13721845 0.52972442
v -0.29828265 0.13707845 0.62738442
v -0.29822266 0.13721845 0.60785443
v -0.29822266 0.13721845 0.62738442
v -0.29828265 0.13707845 0.61566442
v -0.29828265 0.13707845 0.61175442
v -0.24750265 0.16846845 0.57660443
v -0.29828265 0.13707845 0.68597442
v -0.29828265 0.13707845 0.68206441
v -0.30932769 0.10907567 0.65966219
v -0.29828265 0.13707845 0.72503442
v -0.29828265 0.13707845 0.74847442
v -0.29822266 0.13721845 0.72503442
v -0.29822266 0.13721845 0.76019442
v -0.29828265 0.13707845 0.75238442
v -0.29822266 0.13721845 0.72113442
v -0.29822266 0.13721845 0.72894442
v -0.29822266 0.13721845 0.67816442
v -0.29828265 0.13707845 0.72894442
v -0.29822266 0.13721845 0.58050442
v -0.29828265 0.13707845 0.47113442
v -0.29828265 0.13707845 0.47503442
v -0.29822266 0.13721845 0.47113442
v -0.29828265 0.13707845 0.40081441
v -0.29828265 0.13707845 0.59222442
v -0.29822266 0.13721845 0.40081441
v -0.29822266 0.13721845 0.43206441
v -0.29822266 0.13721845 0.70941442
v -0.24750265 0.16846845 0.77581441
v -0.29828265 0.13707845 0.50628442
v -0.29822266 0.13721845 0.46722442
v -0.29828265 0.13707845 0.44769442
v -0.29822266 0.13721845 0.45941442
v -0.27740875 0.16020742 0.47399116
v -0.24752267 0.16846845 0.51800442
v -0.24752267 0.16846845 0.52191442
v -0.29822266 0.13721845 0.53363442
v -0.24750265 0.16846845 0.42425442
v -0.29822266 0.13721845 0.58831441
v -0.24752267 0.16846845 0.44378442
v -0.29828265 0.13707845 0.54144442
v -0.29822266 0.13721845 0.54144442
v -0.29828265 0.13707845 0.56488442
v -0.24752267 0.16846845 0.36956441
v -0.24752267 0.16846845 0.37347442
v -0.24750265 0.16846845 0.36956441
v -0.29822266 0.13721845 0.53753442
v -0.29822266 0.13721845 0.58441442
v -0.29822266 0.13721845 0.68597442
v -0.24750265 0.16846845 0.59222442
v -0.24750265 0.16846845 0.59613442
v -0.29822266 0.13721845 0.61566442
v -0.29822266 0.13721845 0.56488442
v -0.24752267 0.16846845 0.71331441
v -0.28102824 0.15812416 0.74042940
v -0.28023404 0.15820120 0.78089380
v -0.29822266 0.13721845 0.68206441
v -0.29822266 0.13721845 0.61175442
v -0.24752267 0.16846845 0.63128442
v -0.24752267 0.16846845 0.60785443
v -0.29822266 0.13721845 0.69378442
v -0.24750265 0.16846845 0.72503442
v -0.24752267 0.16846845 0.72503442
v -0.24752267 0.16846845 0.72894442
v -0.24750265 0.16846845 0.66253442
v -0.24752267 0.16846845 0.66644442
v -0.24750265 0.16846845 0.66644442
v -0.29828265 0.13707845 0.77191442
v -0.24750265 0.16846845 0.68988442
v -0.24750265 0.16846845 0.79144442
v -0.24750265 0.16846845 0.78753442
v -0.24752267 0.16846845 0.78753442
v -0.24752267 0.16846845 0.79144442
v -0.24750265 0.16846845 0.71722442
v -0.24752267 0.16846845 0.72113442
v -0.24750265 0.16846845 0.40472442
v -0.24750265 0.16846845 0.40863442
v -0.24752267 0.16846845 0.54144442
v -0.24752267 0.16846845 0.54535443
v -0.24750265 0.16846845 0.54144442
v -0.24750265 0.16846845 0.47503442
v -0.24750265 0.16846845 0.47894442
v -0.24750265 0.16846845 0.74456441
v -0.24752267 0.16846845 0.74847442
v -0.24750265 0.16846845 0.74847442
v -0.24752267 0.16846845 0.55706441
v -0.24752267 0.16846845 0.79535443
v -0.24752267 0.16846845 0.77191442
v -0.24752267 0.16846845 0.77581441
v -0.24752267 0.16846845 0.65863442
v -0.24752267 0.16846845 0.66253442
v -0.24750265 0.16846845 0.65863442
v -0.24752267 0.16846845 0.68597442
v -0.24750265 0.16846845 0.63519442
v -0.24752267 0.16846845 0.70160443
v -0.24752267 0.16846845 0.67816442
v -0.24750265 0.16846845 0.67816442
v -0.27885014 0.15976036 0.70218551
v -0.24750265 0.16846845 0.79535443
v -0.24752267 0.16846845 0.79925442
v -0.24750265 0.16846845 0.79925442
v -0.24750265 0.16846845 0.37347442
v -0.24752267 0.16846845 0.37738442
v -0.24752267 0.16846845 0.47503442
v -0.24752267 0.16846845 0.47894442
v -0.24752267 0.16846845 0.44769442
v -0.24750265 0.16846845 0.44769442
v -0.23188265 0.41845846 0.14300442
v -0.23578265 0.41845846 0.14300442
v -0.24750265 0.16846845 0.35394442
v -0.24750265 0.16846845 0.42816442
v -0.24752267 0.16846845 0.42425442
v -0.24752267 0.16846845 0.42816442
v -0.24750265 0.16846845 0.45160443
v -0.24750265 0.16846845 0.45550442
v -0.24752267 0.16846845 0.67035443
v -0.24752267 0.16846845 0.75628442
v -0.24752267 0.16846845 0.76019442
v -0.24750265 0.16846845 0.75628442
v -0.24750265 0.16846845 0.76019442
v -0.24750265 0.16846845 0.54535443
v -0.24752267 0.16846845 0.58050442
v -0.24750265 0.16846845 0.58050442
v -0.24750265 0.16846845 0.56488442
v -0.23969264 0.16928846 0.62933439
v -0.24750265 0.16846845 0.61566442
v -0.24752267 0.16846845 0.61956441
v -0.24750265 0.16846845 0.49847442
v -0.24752267 0.16846845 0.49847442
v -0.24752267 0.16846845 0.50238442
v -0.24752267 0.16846845 0.59613442
v -0.24752267 0.16846845 0.60003442
v -0.24752267 0.16846845 0.46722442
v -0.24752267 0.16846845 0.47113442
v -0.24750265 0.16846845 0.70160443
v -0.24750265 0.16846845 0.60394442
v -0.24750265 0.16846845 0.60785443
v -0.25546473 0.16758955 0.52189547
v -0.24750265 0.16846845 0.30706441
v -0.24752267 0.16846845 0.31097442
v -0.24750265 0.16846845 0.31097442
v -0.24447580 -0.24436197 0.74810994
v -0.24752267 0.16846845 0.33050442
v -0.24752267 0.16846845 0.33441442
v -0.24750265 0.16846845 0.33050442
v -0.28266266 -0.07762155 0.41646442
v -0.27926710 0.03640800 -0.58774173
v -0.24750265 0.16846845 0.32660443
v -0.24750265 0.16846845 0.51019442
v -0.24750265 0.16846845 0.51410443
v -0.24750265 0.16846845 0.63910443
v -0.24752267 0.16846845 0.76410443
v -0.24752267 0.16846845 0.38128442
v -0.24752267 0.16846845 0.48285443
v -0.24750265 0.16846845 0.41644442
v -0.24750265 0.16846845 0.42035443
v -0.24752267 0.16846845 0.40472442
v -0.24752267 0.16846845 0.40863442
v -0.24750265 0.16846845 0.77972442
v -0.24750265 0.16846845 0.78363442
v -0.24750265 0.16846845 0.47113442
v -0.24750265 0.16846845 0.40081441
v -0.24750265 0.16846845 0.52191442
v -0.24752267 0.16846845 0.52581441
v -0.24750265 0.16846845 0.52581441
v -0.23578265 0.41846845 0.14300442
v -0.23969264 0.41846845 0.14300442
v -0.24752267 0.16846845 0.38519442
v -0.24752267 0.16846845 0.38910443
v -0.24750265 0.16846845 0.41253442
v -0.24750265 0.16846845 0.58831441
v -0.24752267 0.16846845 0.59222442
v -0.24750265 0.16846845 0.33441442
v -0.24750265 0.16846845 0.33831441
v -0.24752267 0.16846845 0.81488442
v -0.24752267 0.16846845 0.81878442
v -0.24750265 0.16846845 0.68597442
v -0.24948670 0.41444695 0.14374799
v -0.24752267 0.16846845 0.73285443
v -0.24750265 0.16846845 0.73285443
v -0.24752267 0.16846845 0.73675442
v -0.24750265 0.16846845 0.53363442
v -0.24750265 0.16846845 0.53753442
v -0.23979656 0.16927645 0.82465982
v -0.24752267 0.16846845 0.78363442
v -0.24750265 0.16846845 0.49066442
v -0.24750265 0.16846845 0.35785443
v -0.24752267 0.16846845 0.36175442
v -0.24750265 0.16846845 0.36175442
v -0.24752267 0.16846845 0.45160443
v -0.24752267 0.16846845 0.43206441
v -0.24750265 0.16846845 0.43206441
v -0.24750265 0.16846845 0.34222442
v -0.24752267 0.16846845 0.49456441
v -0.27900618 0.15940797 0.42943078
v -0.24750265 0.16846845 0.48675442
v -0.24752267 0.16846845 0.41253442
v -0.24750265 0.16846845 0.69378442
v -0.24752267 0.16846845 0.61175442
v -0.23969264 0.16928846 0.51532066
v -0.24752267 0.16846845 0.57660443
v -0.24752267 0.16846845 0.58441442
v -0.24750265 0.16846845 0.56878442
v -0.24752267 0.16846845 0.51019442
v -0.24750265 0.16846845 0.49456441
v -0.24750265 0.16846845 0.54925442
v -0.24752267 0.16846845 0.55316442
v -0.24750265 0.16846845 0.55316442
v -0.24752267 0.16846845 0.45550442
v -0.24752267 0.16846845 0.45941442
v -0.20767798 0.07470163 0.80042470
v -0.24750265 0.16846845 0.50238442
v -0.24752267 0.16846845 0.50628442
v -0.24750265 0.16846845 0.46722442
v -0.24752267 0.16846845 0.46331441
v -0.24752267 0.16846845 0.52972442
v -0.24750265 0.16846845 0.51800442
v -0.24752267 0.16846845 0.57269442
v -0.24752267 0.16846845 0.68206441
v -0.24752267 0.16846845 0.71722442
v -0.24752267 0.16846845 0.56878442
v -0.24752267 0.16846845 0.68988442
v -0.24750265 0.16846845 0.48285443
v -0.18932724 0.17141174 0.66659725
v -0.24752267 0.16846845 0.64300442
v -0.24752267 0.16846845 0.64691442
v -0.24750265 0.16846845 0.64300442
v -0.24752267 0.16846845 0.54925442
v -0.24750265 0.16846845 0.61175442
v -0.24752267 0.16846845 0.56488442
v -0.24752267 0.16846845 0.63910443
v -0.24750265 0.16846845 0.58441442
v -0.24752267 0.16846845 0.62347442
v -0.24750265 0.16846845 0.64691442
v -0.24750265 0.16846845 0.63128442
v -0.24750265 0.16846845 0.60003442
v -0.24752267 0.16846845 0.60394442
v -0.24750265 0.16846845 0.70941442
v -0.23961213 0.16929662 0.72435385
v -0.24752267 0.16846845 0.63519442
v -0.24750265 0.16846845 0.68206441
v -0.24752267 0.16846845 0.35785443
v -0.24750265 0.16846845 0.65472442
v -0.24752267 0.16846845 0.65472442
v -0.24752267 0.16846845 0.69378442
v -0.24750265 0.16846845 0.72894442
v -0.24752267 0.16846845 0.77972442
v -0.24750265 0.16846845 0.71331441
v -0.24750265 0.16846845 0.76410443
v -0.24752267 0.16846845 0.76800442
v -0.24752267 0.16846845 0.69769442
v -0.24750265 0.16846845 0.69769442
v -0.24750265 0.16846845 0.74066442
v -0.24752267 0.16846845 0.74066442
v -0.24752267 0.16846845 0.74456441
v -0.25532266 0.16760845 0.81097502
v -0.24752267 0.16846845 0.75238442
v -0.24750265 0.16846845 0.73675442
v -0.24750265 0.16846845 0.81097442
v -0.24750265 0.16846845 0.76800442
v -0.24750265 0.16846845 0.77191442
v -0.24752267 0.16846845 0.81097442
v -0.24752267 0.16846845 0.80316442
v -0.24752267 0.16846845 0.82269442
v -0.24750265 0.16846845 0.32269442
v -0.24750265 0.16846845 0.37738442
v -0.24752267 0.16846845 0.33831441
v -0.20731419 0.44724911 0.12543167
v -0.23188265 0.41846845 0.14300442
v -0.24752267 0.16846845 0.61566442
v -0.24750265 0.16846845 0.57269442
v -0.24752267 0.16846845 0.80706441
v -0.24750265 0.16846845 0.75238442
v -0.24750265 0.16846845 0.81878442
v -0.21339424 0.40542611 0.14753561
v -0.24752267 0.16846845 0.58831441
v -0.24752267 0.16846845 0.65081441
v -0.24750265 0.16846845 0.52972442
v -0.24750265 0.16846845 0.80706441
v -0.24752267 0.16846845 0.83050442
v -0.18859747 0.17247289 0.47826102
v -0.24750265 0.16846845 0.80316442
v -0.24750265 0.16846845 0.45941442
v -0.16801141 0.18412343 0.58730608
v -0.20453265 0.07486845 0.79925442
v -0.09049266 -0.25340155 -0.49370557
v -0.24750265 0.16846845 0.36566442
v -0.21071078 0.06870414 0.80066073
v -0.35179585 0.14137541 -0.47597337
v -0.27587390 0.16237803 0.28947970
v -0.24750265 0.16846845 0.65081441
v -0.06564035 -0.07767074 -0.04791332
v -0.24750265 0.16846845 0.50628442
v -0.24752267 0.16846845 0.36566442
v -0.24750265 0.16846845 0.46331441
v -0.31272832 -0.02596331 0.75669771
v -0.24750265 0.41845846 0.14300442
v -0.25141266 0.41846845 0.14300442
v -0.24750265 0.41846845 0.14300442
v -0.24752267 0.16846845 0.51410443
v -0.20296267 0.07471845 0.80706441
v -0.16157266 0.41846845 0.14300442
v -0.16547266 0.41846845 0.14300442
v -0.23969264 0.16928846 0.58367944
v -0.24750265 0.16846845 0.35003442
v -0.24752267 0.16846845 0.35394442
v -0.24752267 0.16846845 0.34613442
v -0.24752267 0.16846845 0.82660443
v -0.24750265 0.16846845 0.38910443
v -0.24752267 0.16846845 0.35003442
v -0.24752267 0.16846845 0.40081441
v -0.24752267 0.16846845 0.39300442
v -0.24752267 0.16846845 0.39691442
v -0.24750265 0.16846845 0.38128442
v -0.20453265 0.07471845 0.80316442
v -0.20453265 0.07470845 0.80316442
v -0.20309265 0.07862845 0.80316442
v -0.24750265 0.16846845 0.82269442
v -0.24750265 0.16846845 0.82660443
v -0.20453265 0.07470845 0.79925442
v -0.20453265 0.07471845 0.79925442
v -0.20453265 0.07471845 0.79924440
v -0.16157266 0.18408845 0.58819443
v -0.24750265 0.16846845 0.38519442
v -0.16547266 0.18408845 0.58831441
v -0.24360265 0.41846845 0.14300442
v -0.23969264 0.41845846 0.14300442
v -0.22797266 0.41845846 0.14300442
v -0.17189433 0.43017337 0.13894068
v -0.24360265 0.41845846 0.14300442
v -0.22797266 0.41846845 0.14300442
v -0.22407266 0.41845846 0.14300442
v -0.21235265 0.41846845 0.14300442
v -0.20844264 0.41845846 0.14300442
v -0.21235265 0.41845846 0.14300442
v -0.22407266 0.41846845 0.14300442
v -0.21625265 0.41846845 0.14300442
v -0.19282266 0.41846845 0.14300442
v -0.18891264 0.41846845 0.14300442
v -0.17807473 0.18553136 0.44651657
v -0.18695027 -0.16175529 -0.40646803
v -0.20844989 0.07080082 0.79911733
v -0.09907266 -0.21433155 0.71717441
v -0.09516266 -0.21433155 0.71717441
v -0.23969264 0.16928846 0.41644379
v -0.18947449 0.16968672 0.77995121
v -0.20824265 0.07080845 0.79925442
v -0.13427611 0.12723354 0.80077595
v -0.23969264 0.16928846 0.31048566
v -0.21625265 0.41845846 0.14300442
v -0.22016264 0.41845846 0.14300442
v -0.19672266 0.41845846 0.14300442
v -0.19672266 0.41846845 0.14300442
v -0.19282266 0.41845846 0.14300442
v -0.22016264 0.41846845 0.14300442
v -0.20063265 0.41845846 0.14300442
v -0.20063265 0.41846845 0.14300442
v -0.20844264 0.41846845 0.14300442
v -0.20453265 0.41845846 0.14300442
v -0.20453265 0.41846845 0.14300442
v -0.18891264 0.41845846 0.14300442
v -0.18500265 0.41845846 0.14300442
v -0.13967822 0.18320850 0.61600304
v -0.17966607 0.18159825 0.64148116
v -0.08297572 -0.08152197 -0.04428736
v -0.15375265 0.18408845 0.58819443
v -0.15375265 0.18408845 0.58831441
v -0.14985265 0.18408845 0.58819443
v -0.09130189 -0.24488279 -0.50222671
v -0.09123266 -0.21433155 0.71722442
v -0.09124790 -0.21825203 0.72112143
v -0.09122266 -0.24558154 -0.50151557
v -0.09125265 -0.24944156 -0.49760556
v -0.24870735 0.15337700 0.87295204
v -0.19883727 0.09814665 0.80739701
v -0.13422266 0.18408845 0.58831441
v -0.13813265 0.18408845 0.58831441
v 0.08842734 0.18799844 0.38128442
v 0.08451735 0.18799844 0.38128442
v -0.19991893 0.17087288 0.37057084
v -0.13032266 0.18408845 0.58820444
v -0.13032266 0.18408845 0.58831441
v -0.12641266 0.18408845 0.58820444
v -0.14203265 0.18408845 0.58820444
v -0.14203265 0.18408845 0.58831441
v -0.13813265 0.18408845 0.58820444
v -0.16157266 0.18408845 0.58831441
v -0.18110265 0.41845846 0.14300442
v -0.18500265 0.41846845 0.14300442
v -0.13422266 0.18408845 0.58820444
v -0.14594264 0.18408845 0.58820444
v -0.15766264 0.18408845 0.58819443
v -0.17328265 0.41845846 0.14300442
v -0.17719264 0.41845846 0.14300442
v -0.17719264 0.41846845 0.14300442
v -0.16157266 0.41845846 0.14300442
v -0.16547266 0.41845846 0.14300442
v -0.18110265 0.41846845 0.14300442
v -0.17328265 0.41846845 0.14300442
v -0.16938265 0.41845846 0.14300442
v -0.16938265 0.41846845 0.14300442
v -0.12250265 0.18408845 0.58820444
v -0.11860265 0.18408845 0.58820444
v -0.09122266 -0.24949154 -0.49760556
v -0.08979861 -0.21874887 0.71283072
v -0.02063943 -0.25072318 -0.53185421
v -0.09125265 -0.21824154 0.72110444
v -0.09125265 -0.21433155 0.71717441
v -0.09125265 -0.21436155 0.71722442
v -0.09014266 -0.21043155 0.71331441
v -0.09516266 -0.21436155 0.71722442
v -0.14985265 0.18408845 0.58831441
v -0.14594264 0.18408845 0.58831441
v -0.07251553 0.03623301 0.80746800
v -0.15766264 0.18408845 0.58831441
v -0.06782266 0.41845846 0.14300442
v -0.06391265 0.41845846 0.14300442
v -0.14594264 0.41845846 0.14300442
v -0.14985265 0.41846845 0.14300442
v -0.15375265 0.41846845 0.14300442
v -0.09540578 0.10711595 -0.59477305
v -0.15766264 0.41846845 0.14300442
v -0.13780965 0.18522887 0.55264294
v -0.12250265 0.18408845 0.58831441
v -0.14203265 0.41846845 0.14300442
v -0.13813265 0.41846845 0.14300442
v -0.13813265 0.41845846 0.14300442
v -0.11469266 0.41845846 0.14300442
v -0.11860265 0.41845846 0.14300442
v -0.15375265 0.41845846 0.14300442
v -0.13422266 0.41846845 0.14300442
v -0.13422266 0.41845846 0.14300442
v 0.05326734 0.41846845 0.14300442
v 0.06107734 0.42627844 0.14029442
v -0.15766264 0.41845846 0.14300442
v -0.14594264 0.41846845 0.14300442
v -0.14203265 0.41845846 0.14300442
v -0.14985265 0.41845846 0.14300442
v -0.13032266 0.41846845 0.14300442
v -0.13032266 0.41845846 0.14300442
v -0.16108479 -0.07162148 0.80716258
v -0.12117820 -0.21342564 -0.47076711
v -0.07548929 -0.01431574 0.81108916
v -0.06782266 -0.08155155 -0.03276558
v -0.06782266 -0.08154154 -0.03667558
v -0.12641266 0.18408845 0.58831441
v -0.11469266 0.18408845 0.58820444
v -0.11078266 0.18408845 0.58820444
v -0.06782266 -0.08152155 -0.04361558
v -0.09907266 0.18408845 0.58831441
v -0.09907266 0.18408845 0.58820444
v -0.10297265 0.18408845 0.58831441
v -0.07563265 0.03955845 0.81102443
v -0.07555266 0.05518845 0.81097442
v -0.07563265 0.05908845 0.81101441
v -0.07563265 0.04737845 0.81102443
v -0.07563265 0.05127845 0.81101441
v -0.07563265 0.05518845 0.81101441
v -0.07557265 0.07080845 0.81097442
v -0.10297265 0.18408845 0.58820444
v -0.11469266 0.18408845 0.58831441
v -0.06000266 0.09424845 -0.58753556
v -0.11268561 0.11590683 0.81087315
v -0.08344266 0.41846845 0.14300442
v -0.08735265 0.41846845 0.14300442
v -0.07556265 0.06690845 0.81097442
v -0.07563265 0.06690845 0.81100440
v -0.11860265 0.41846845 0.14300442
v -0.11469266 0.41846845 0.14300442
v -0.11860265 0.18408845 0.58831441
v -0.10297265 0.41846845 0.14300442
v -0.10688265 0.18408845 0.58820444
v -0.08344266 0.18408845 0.58831441
v -0.08735265 0.18408845 0.58831441
v -0.08344266 0.18408845 0.58820444
v -0.11078266 0.18408845 0.58831441
v -0.10688265 0.18408845 0.58831441
v -0.09516266 0.18408845 0.58820444
v -0.09516266 0.18408845 0.58831441
v -0.07172265 0.18408845 0.58831441
v -0.07563265 0.18408845 0.58831441
v -0.07563265 0.06299845 0.81101441
v -0.11029191 0.03710245 0.81126046
v -0.07563265 0.08252845 0.81099445
v -0.07563265 0.08643845 0.81099445
v -0.07559266 0.08643845 0.81097442
v -0.31395221 -0.10669752 -0.79378843
v -0.06739809 0.37188837 0.15918535
v -0.12250265 0.41846845 0.14300442
v -0.12641266 0.41846845 0.14300442
v -0.12641266 0.41845846 0.14300442
v -0.13805071 0.38105133 0.15600210
v -0.12250265 0.41845846 0.14300442
v -0.10688265 0.41845846 0.14300442
v -0.11078266 0.41846845 0.14300442
v -0.10688265 0.41846845 0.14300442
v -0.09907266 0.41846845 0.14300442
v -0.10297265 0.41845846 0.14300442
v -0.09907266 0.41845846 0.14300442
v -0.11078266 0.41845846 0.14300442
v -0.09125265 0.41846845 0.14300442
v -0.28416586 0.43058491 0.13696676
v -0.07553266 0.03565845 0.81097442
v -0.06782266 -0.08153155 -0.04057558
v -0.06779769 -0.08156424 -0.02492679
v -0.06782266 -0.08156155 -0.02885559
v -0.33798343 -0.13515851 0.33331397
v -0.07953266 0.18408845 0.58820444
v -0.07953266 0.18408845 0.58831441
v -0.07563265 0.18408845 0.58820444
v -0.08735265 0.18408845 0.58820444
v -0.06177985 -0.07018191 -0.08522042
v -0.06777265 -0.08152155 -0.02885559
v -0.06778266 -0.08152155 -0.03276558
v -0.06779266 -0.08152155 -0.03667558
v -0.06781266 -0.08152155 -0.04057558
v -0.06776266 -0.08152155 -0.02495558
v -0.07554266 0.05127845 0.81097442
v -0.07554266 0.04737845 0.81097442
v -0.03478457 0.10001751 -0.57790142
v -0.02875265 0.09418845 -0.58745557
v -0.08660097 -0.07813795 0.04786364
v -0.07563265 0.04346845 0.81102443
v -0.07563265 0.03565845 0.81102443
v -0.04438266 0.09424845 -0.58753556
v -0.04828265 0.09424845 -0.58753556
v -0.06391265 0.09418845 -0.58745557
v -0.07558266 0.08252845 0.81097442
v -0.07553266 0.03955845 0.81097442
v -0.07563265 0.03174845 0.81103444
v -0.07554266 0.04346845 0.81097442
v -0.07058635 0.18297830 0.62318516
v -0.03551733 0.12873298 0.80497003
v -0.07563265 0.09033846 0.81099445
v -0.07563265 0.07080845 0.81100440
v -0.07563265 0.07471845 0.81100440
v -0.07563265 0.07862845 0.81100440
v -0.06000266 0.09418845 -0.58745557
v -0.02094266 0.18408845 0.58831441
v -0.02485266 0.18408845 0.58831441
v -0.02094266 0.18408845 0.58820444
v -0.08735265 0.41845846 0.14300442
v -0.07172265 0.18408845 0.58820444
v -0.06782266 0.18408845 0.58831441
v -0.06782266 0.18408845 0.58820444
v -0.09125265 0.18408845 0.58820444
v -0.09125265 0.18408845 0.58831441
v -0.07172265 0.41846845 0.14300442
v -0.07563265 0.41846845 0.14300442
v -0.09516266 0.41845846 0.14300442
v -0.09125265 0.41845846 0.14300442
v -0.08344266 0.41845846 0.14300442
v -0.09516266 0.41846845 0.14300442
v -0.07953266 0.41845846 0.14300442
v -0.07953266 0.41846845 0.14300442
v -0.07563265 0.41845846 0.14300442
v -0.07172265 0.41845846 0.14300442
v -0.05219266 0.09424845 -0.58753556
v -0.06782266 0.41846845 0.14300442
v -0.05610265 0.41845846 0.14300442
v -0.04438266 0.09418845 -0.58745557
v -0.06391265 0.09424845 -0.58753556
v -0.05610265 0.09424845 -0.58753556
v -0.04828265 0.09418845 -0.58745557
v -0.03657266 0.18408845 0.58831441
v -0.03657266 0.18408845 0.58820444
v -0.04047265 0.18408845 0.58831441
v -0.06391265 0.18408845 0.58820444
v -0.04047265 0.18408845 0.58820444
v -0.04828265 0.18408845 0.58831441
v -0.04438266 0.18408845 0.58831441
v -0.06582861 0.18527164 0.55134857
v -0.04828265 0.18408845 0.58820444
v -0.04438266 0.18408845 0.58820444
v -0.06561889 -0.07763062 -0.02583901
v -0.04047265 0.09424845 -0.58753556
v -0.05610265 0.09418845 -0.58745557
v -0.04047265 0.09418845 -0.58745557
v -0.05219266 0.09418845 -0.58745557
v -0.03223469 0.10587439 -0.59410387
v -0.06000266 0.18408845 0.58820444
v -0.03657266 0.09418845 -0.58745557
v -0.03657266 0.09424845 -0.58753556
v -0.02485266 0.09418845 -0.58745557
v -0.02875265 0.09424845 -0.58753556
v -0.06711828 0.08005682 0.80134046
v -0.01703266 0.18408845 0.58820444
v -0.06391265 0.18408845 0.58831441
v -0.06000266 0.18408845 0.58831441
v -0.05219266 0.18408845 0.58820444
v -0.05219266 0.18408845 0.58831441
v -0.05610265 0.18408845 0.58820444
v -0.05610265 0.18408845 0.58831441
v -0.05610265 0.41846845 0.14300442
v 0.01810734 0.18408845 0.58820444
v 0.01420734 0.18408845 0.58831441
v 0.01810734 0.18408845 0.58831441
v -0.01313266 0.09424845 -0.58753556
v -0.06000266 0.41846845 0.14300442
v -0.05219266 0.41845846 0.14300442
v -0.01679912 0.38736102 0.15366212
v -0.06391265 0.41846845 0.14300442
v -0.06000266 0.41845846 0.14300442
v 0.11576735 -0.24689156 0.70160443
v -0.04329168 0.45331645 0.12193759
v -0.02875265 0.18408845 0.58820444
v -0.03266266 0.18408845 0.58831441
v -0.02875265 0.18408845 0.58831441
v -0.03266266 0.18408845 0.58820444
v -0.00532266 0.18408845 0.58831441
v -0.00142266 0.18408845 0.58831441
v -0.00142266 0.18408845 0.58820444
v -0.04232915 -0.15825339 0.71769136
v 0.03373734 0.18408845 0.58820444
v 0.03763734 0.18408845 0.58820444
v -0.01313266 0.09418845 -0.58745557
v -0.01703266 0.09424845 -0.58753556
v -0.02485266 0.18408845 0.58820444
v -0.00922266 0.09424845 -0.58753556
v -0.03266266 0.09418845 -0.58745557
v -0.03266266 0.09424845 -0.58753556
v -0.02094266 0.09424845 -0.58753556
v -0.02485266 0.09424845 -0.58753556
v -0.02094266 0.09418845 -0.58745557
v -0.01703266 0.09418845 -0.58745557
v -0.00142266 0.09418845 -0.58745557
v 0.07301140 0.18753207 0.41106582
v 0.06624175 0.14930709 0.21020710
v -0.01313266 0.18799844 0.38128442
v -0.02094266 0.18800846 0.38128442
v -0.02485266 0.18800846 0.38128442
v -0.02094266 0.18799844 0.38128442
v -0.01703266 0.18408845 0.58831441
v -0.00922266 0.09418845 -0.58745557
v -0.00532266 0.09424845 -0.58753556
v -0.00532266 0.09418845 -0.58745557
v 0.11967734 0.16846845 0.21330442
v 0.11576735 0.16846845 0.21330442
v -0.01833832 0.19054900 0.38519526
v -0.03800411 0.18452232 0.38196036
v -0.00922266 0.18799844 0.38128442
v -0.00922266 0.18800846 0.38128442
v -0.00532266 0.18799844 0.38128442
v -0.01313266 0.18800846 0.38128442
v -0.00532266 0.18800846 0.38128442
v -0.01703266 0.18799844 0.38128442
v -0.01703266 0.18800846 0.38128442
v -0.00922266 0.18408845 0.58820444
v -0.00532266 0.18408845 0.58820444
v 0.11555881 0.18754385 0.43386576
v -0.00922266 0.18408845 0.58831441
v -0.01313266 0.18408845 0.58831441
v -0.01313266 0.18408845 0.58820444
v 0.02982734 0.18408845 0.58820444
v -0.12713455 0.46547511 0.12699878
v 0.07082853 0.17137235 0.38063097
v 0.03373734 0.41845846 0.14300442
v 0.02982734 0.41845846 0.14300442
v 0.02982734 0.41846845 0.14300442
v 0.02592734 0.41846845 0.14300442
v 0.02201735 0.41846845 0.14300442
v 0.01680765 0.09850655 -0.59069490
v 0.00248734 0.18408845 0.58820444
v 0.00638734 0.18408845 0.58820444
v 0.01029734 0.18408845 0.58820444
v 0.00638734 0.18408845 0.58831441
v 0.00248734 0.18408845 0.58831441
v 0.02982734 0.18408845 0.58831441
v 0.08061785 -0.24554390 -0.50149977
v 0.08057735 -0.24558154 -0.50151557
v 0.08060734 -0.24168155 -0.50537556
v 0.02592734 0.18799844 0.38128442
v 0.02982734 0.18799844 0.38128442
v 0.01420734 0.18408845 0.58820444
v 0.01029734 0.18408845 0.58831441
v 0.02006234 0.09477845 -0.57573557
v 0.05651453 0.18280083 0.62883759
v 0.08467802 -0.24945767 -0.49754956
v 0.08057735 -0.24949154 -0.49760556
v 0.08060734 -0.24558154 -0.50146556
v 0.08060734 -0.24944156 -0.49760556
v 0.00261557 -0.16292402 -0.28468436
v 0.04935735 -0.15964155 -0.31010556
v 0.05326734 -0.15965155 -0.31003559
v 0.04935735 -0.15965155 -0.31003559
v 0.04154735 -0.15965155 -0.31003559
v 0.05326734 -0.15964155 -0.31010556
v 0.05717734 -0.15965155 -0.31003559
v 0.00248734 0.18799844 0.38128442
v 0.00638734 0.18799844 0.38128442
v 0.28439689 -0.01657405 -0.93008149
v -0.00102899 0.19055037 0.38519737
v 0.01884095 0.17085889 0.38052386
v 0.06498734 0.18799844 0.38128442
v 0.06888735 0.18799844 0.38128442
v 0.06107734 0.16455846 -0.30227557
v 0.05717734 0.16455846 -0.29990557
v 0.06107734 0.16460845 -0.30229557
v 0.06504633 0.16455191 -0.30225465
v 0.05693047 0.09944408 -0.57253933
v 0.06783322 -0.15596968 -0.34476027
v 0.00248734 0.18800846 0.38128442
v 0.03373734 0.18800846 0.38128442
v -0.00142266 0.18799844 0.38128442
v 0.04895042 0.17212793 0.22291723
v 0.11967734 -0.24558154 0.69777441
v 0.12357735 -0.24558154 0.69777441
v 0.00638734 0.18800846 0.38128442
v 0.02592734 0.18800846 0.38128442
v 0.01810734 0.18799844 0.38128442
v 0.01810734 0.18800846 0.38128442
v 0.02201735 0.18799844 0.38128442
v -0.00142266 0.18800846 0.38128442
v 0.02887764 0.19054966 0.38519627
v 0.01420734 0.18800846 0.38128442
v 0.01029734 0.18800846 0.38128442
v 0.01029734 0.18799844 0.38128442
v 0.01420734 0.18799844 0.38128442
v 0.02201735 0.18800846 0.38128442
v 0.04154735 0.18408845 0.58831441
v 0.04545734 0.18408845 0.58831441
v 0.04545734 0.18408845 0.58820444
v 0.02201735 0.18408845 0.58820444
v 0.02201735 0.18408845 0.58831441
v 0.02592734 0.18408845 0.58831441
v 0.02592734 0.18408845 0.58820444
v -0.00873144 0.18252420 0.63744473
v 0.07279735 0.18408845 0.58820444
v 0.07279735 0.18408845 0.58831441
v 0.07670734 0.18408845 0.58820444
v -0.00530687 0.18492272 0.56215262
v 0.08451735 0.18800846 0.38128442
v 0.03373734 0.18799844 0.38128442
v 0.03763734 0.18799844 0.38128442
v 0.10404735 0.16846845 0.21330442
v 0.10795734 0.16846845 0.21330442
v 0.04545734 0.18799844 0.38128442
v 0.04935735 0.18800846 0.38128442
v 0.02592734 0.41845846 0.14300442
v 0.03763734 0.41846845 0.14300442
v 0.08060734 0.18800846 0.38128442
v 0.05717734 0.18800846 0.38128442
v -0.00494064 0.44724843 0.13923268
v 0.05717734 0.18408845 0.58820444
v 0.05717734 0.18408845 0.58831441
v 0.06107734 0.18408845 0.58820444
v 0.05219137 0.18536291 0.54832107
v 0.13138735 -0.24555156 0.69769442
v 0.08451735 -0.24949154 -0.49749559
v 0.08450827 -0.25149915 -0.49369180
v 0.07869994 -0.25304908 -0.46418810
v 0.05717734 -0.15964155 -0.31010556
v 0.06888735 -0.19792154 0.72894442
v 0.04545734 -0.15965155 -0.31003559
v 0.07695121 -0.25003305 0.70379084
v 0.01146301 -0.16522971 0.73299772
v 0.06490277 -0.19473180 0.72906506
v 0.07670734 -0.15964155 -0.31010556
v 0.08060734 -0.15964155 -0.31010556
v 0.08060734 -0.15965155 -0.31003559
v 0.08451735 -0.15964155 -0.31010556
v 0.08451735 -0.15965155 -0.31003559
v 0.13138735 -0.24558154 0.69777441
v 0.12748735 -0.24558154 0.69777441
v 0.12748735 -0.24555156 0.69769442
v 0.00859297 0.16967471 0.37783691
v 0.11185734 -0.15964155 -0.31010556
v 0.10795734 -0.15964155 -0.31010556
v 0.04935735 0.18408845 0.58820444
v 0.04935735 0.18408845 0.58831441
v 0.05326734 0.18408845 0.58820444
v 0.05326734 0.18408845 0.58831441
v 0.03763734 -0.15964155 -0.31010556
v 0.10013735 -0.15965155 -0.31003559
v 0.09623734 -0.15965155 -0.31003559
v 0.04154735 -0.15964155 -0.31010556
v 0.07538759 -0.24034211 -0.51063251
v 0.08060734 -0.24949154 -0.49754560
v 0.07984735 -0.25340155 -0.49370557
v 0.04935735 0.18799844 0.38128442
v 0.05326734 0.18799844 0.38128442
v 0.04545734 -0.15964155 -0.31010556
v 0.06888735 -0.15965155 -0.31003559
v 0.07279735 -0.15965155 -0.31003559
v 0.02982734 0.18800846 0.38128442
v 0.03373734 0.18408845 0.58831441
v 0.15873735 0.16846845 0.21330442
v 0.15873735 0.16847844 0.21331441
v 0.16263735 0.16846845 0.21330442
v 0.03763734 0.18408845 0.58831441
v 0.03763734 0.18800846 0.38128442
v 0.04154735 0.18799844 0.38128442
v 0.06498734 0.18800846 0.38128442
v 0.06782723 0.17245486 0.22200175
v 0.05574318 0.15537246 -0.29268944
v 0.07329568 -0.09234703 -0.01706668
v 0.11576735 -0.24555156 0.69769442
v 0.11967734 -0.24555156 0.69769442
v 0.11573833 -0.24554059 0.69765967
v 0.06888735 0.16847844 0.21331441
v 0.05717734 0.18799844 0.38128442
v 0.05326734 0.18800846 0.38128442
v 0.04154735 0.18800846 0.38128442
v 0.05326734 0.41845846 0.14300442
v 0.04935735 0.41845846 0.14300442
v 0.04935735 0.41846845 0.14300442
v 0.04545734 0.18800846 0.38128442
v 0.06888735 0.18800846 0.38128442
v 0.07279735 0.18799844 0.38128442
v 0.04154735 0.18408845 0.58820444
v 0.08060734 0.18799844 0.38128442
v 0.08451735 0.41846845 0.14300442
v 0.08451735 0.41845846 0.14300442
v 0.08060734 0.41846845 0.14300442
v 0.06498734 0.41845846 0.14300442
v 0.06107734 0.41845846 0.14300442
v 0.04545734 0.41846845 0.14300442
v 0.06107734 0.18408845 0.58831441
v 0.04545734 0.41845846 0.14300442
v 0.03763734 0.41845846 0.14300442
v 0.04154735 0.41845846 0.14300442
v 0.04154735 0.41846845 0.14300442
v 0.03373734 0.41846845 0.14300442
v 0.08060734 0.41845846 0.14300442
v 0.07670734 0.41846845 0.14300442
v 0.05717734 0.41845846 0.14300442
v 0.05717734 0.41846845 0.14300442
v 0.06205686 0.45015672 0.12263972
v 0.08842734 0.41845846 0.14300442
v 0.06499735 -0.19480155 0.72113442
v 0.11339331 -0.24265645 0.68963504
v 0.15482736 -0.24555156 0.69769442
v 0.06498734 -0.15964155 -0.31010556
v 0.06888735 -0.15964155 -0.31010556
v 0.08842734 -0.15965155 -0.31003559
v 0.06499735 -0.19480155 0.72503442
v 0.06498734 -0.19479156 0.72503442
v 0.06499735 -0.19480155 0.72894442
v 0.06498734 -0.19479156 0.72894442
v 0.07670734 -0.15965155 -0.31003559
v 0.06498734 -0.15965155 -0.31003559
v 0.06107734 -0.15965155 -0.31003559
v 0.06107734 -0.15964155 -0.31010556
v 0.07279735 -0.15964155 -0.31010556
v 0.07670734 0.16847844 0.21331441
v 0.08329672 0.17042845 0.22113442
v 0.06107734 0.18799844 0.38128442
v 0.06107734 0.18800846 0.38128442
v 0.08842734 -0.15964155 -0.31010556
v 0.09232734 -0.15965155 -0.31003559
v 0.09232734 -0.15964155 -0.31010556
v 0.18217734 -0.24558154 0.69777441
v 0.17826734 -0.24555156 0.69769442
v 0.18217734 -0.24555156 0.69769442
v 0.13529734 -0.24558154 0.69777441
v 0.08316632 0.39224136 0.15211400
v 0.06888735 0.18408845 0.58820444
v 0.06888735 0.18408845 0.58831441
v 0.10404735 -0.15964155 -0.31010556
v 0.10795734 -0.15965155 -0.31003559
v 0.12748735 0.16846845 0.21330442
v 0.12748735 0.16847844 0.21331441
v 0.13138735 0.16846845 0.21330442
v 0.11185734 0.16846845 0.21330442
v 0.07236370 0.14588104 0.81804645
v 0.15873735 -0.24555156 0.69769442
v 0.07670734 0.18408845 0.58831441
v 0.07279735 0.18800846 0.38128442
v 0.07670734 0.18799844 0.38128442
v 0.14310735 -0.24555156 0.69769442
v 0.07670734 0.16846845 0.21330442
v 0.11576735 -0.24558154 0.69777441
v 0.06498734 0.16455846 -0.30227557
v 0.06498734 0.16460845 -0.30229557
v 0.10013735 0.16847844 0.21331441
v 0.07279735 0.16846845 0.21330442
v 0.07279735 0.16847844 0.21331441
v 0.08060734 0.16846845 0.21330442
v 0.06498734 0.16846845 -0.30371559
v 0.08060734 0.16847844 0.21331441
v 0.08451735 0.16846845 0.21330442
v 0.08842734 0.16847844 0.21331441
v 0.08451735 0.16847844 0.21331441
v 0.08842734 0.16846845 0.21330442
v 0.08842734 0.18800846 0.38128442
v 0.07670734 0.18800846 0.38128442
v 0.07279735 0.42627844 0.14029442
v 0.08451735 0.18408845 0.58831441
v 0.08060734 0.18408845 0.58831441
v 0.08842734 0.18408845 0.58831441
v 0.08842734 0.18408845 0.58820444
v 0.08451735 0.18408845 0.58820444
v 0.10068957 0.18304990 0.62092745
v 0.06498734 0.18408845 0.58831441
v 0.06107734 0.41846845 0.14300442
v 0.09232734 0.16846845 0.21330442
v 0.14506115 0.46737093 0.12806424
v 0.09232734 0.16847844 0.21331441
v 0.07670734 0.41845846 0.14300442
v 0.07279735 0.41845846 0.14300442
v 0.07279735 0.41846845 0.14300442
v 0.00568362 0.38770804 0.15196089
v 0.06888735 0.41845846 0.14300442
v 0.06888735 0.41846845 0.14300442
v 0.17110926 -0.24132577 0.71415704
v 0.13529734 0.42627844 0.14029442
v 0.06498734 0.41846845 0.14300442
v 0.08842734 0.41846845 0.14300442
v 0.11576735 0.41846845 0.14300442
v 0.10404735 0.41845846 0.14300442
v 0.10404735 0.41846845 0.14300442
v 0.10795734 0.41845846 0.14300442
v 0.13920733 -0.24558154 0.69777441
v 0.17060429 -0.14512101 -0.69569588
v 0.17435735 -0.24558154 0.69777441
v 0.10013735 -0.15964155 -0.31010556
v 0.10404735 -0.15965155 -0.31003559
v 0.11576735 -0.15964155 -0.31010556
v 0.12825623 -0.15818308 -0.32235277
v 0.14701734 -0.24558154 0.69777441
v 0.14701734 -0.24555156 0.69769442
v 0.29189715 -0.03586596 -0.81607330
v 0.11405860 0.17042845 0.22113442
v 0.11576735 -0.15965155 -0.31003559
v 0.11185734 -0.15965155 -0.31003559
v 0.09623734 -0.15964155 -0.31010556
v 0.10404735 0.18408845 0.58820444
v 0.10404735 0.18408845 0.58831441
v 0.10795734 0.18408845 0.58820444
v 0.11311252 0.16929755 0.37991574
v 0.11967734 -0.15965155 -0.31003559
v 0.09623734 0.16846845 0.21330442
v 0.09623734 0.16847844 0.21331441
v 0.10013735 0.16846845 0.21330442
v 0.11967734 -0.15964155 -0.31010556
v 0.09232734 0.18800846 0.38128442
v 0.09232734 0.18799844 0.38128442
v 0.16654734 0.02002845 -0.20466559
v 0.16654734 0.02006845 -0.20464557
v 0.16263735 -0.24558154 0.69777441
v 0.16263735 -0.24555156 0.69769442
v 0.13138735 -0.15965155 -0.31002557
v 0.15092605 -0.15965374 -0.30995309
v 0.14310735 -0.24558154 0.69777441
v 0.13920733 -0.24555156 0.69769442
v 0.10795734 0.16847844 0.21331441
v 0.11185734 0.16847844 0.21331441
v 0.15873735 -0.24558154 0.69777441
v 0.09623734 0.18799844 0.38128442
v 0.10013735 0.18799844 0.38128442
v 0.13529734 -0.24555156 0.69769442
v 0.20170733 0.02002845 -0.20466559
v 0.20560735 0.02002845 -0.20466559
v 0.20170733 0.02006845 -0.20464557
v 0.10404735 0.16847844 0.21331441
v 0.13138735 0.16847844 0.21331441
v 0.13529734 0.16846845 0.21330442
v 0.10013735 0.18800846 0.38128442
v 0.10404735 0.18799844 0.38128442
v 0.12357735 0.16847844 0.21331441
v 0.09232734 0.41846845 0.14300442
v 0.09232734 0.42627844 0.14029442
v 0.09623734 0.41846845 0.14300442
v 0.12357735 -0.24555156 0.69769442
v 0.13529734 0.16847844 0.21331441
v 0.11967734 0.16847844 0.21331441
v 0.12357735 0.16846845 0.21330442
v 0.11576735 0.16847844 0.21331441
v 0.11576735 0.18799844 0.38128442
v 0.11576735 0.18800846 0.38128442
v 0.11967734 0.18799844 0.38128442
v 0.08505800 -0.16366379 -0.27027094
v 0.10795734 0.18799844 0.38128442
v 0.11185734 0.18800846 0.38128442
v 0.09623734 0.18800846 0.38128442
v 0.11967734 0.18800846 0.38128442
v 0.10795734 0.18800846 0.38128442
v 0.10404735 0.18800846 0.38128442
v 0.11576735 0.41845846 0.14300442
v 0.11185734 0.18799844 0.38128442
v 0.05525684 0.23846704 -0.29803029
v 0.09623734 0.41845846 0.14300442
v 0.09232734 0.41845846 0.14300442
v 0.10404735 0.42627844 0.14029442
v 0.11185734 0.41846845 0.14300442
v 0.09232734 0.18408845 0.58820444
v 0.15092734 0.18408845 0.58819443
v 0.14701734 0.18408845 0.58819443
v 0.14310735 0.18408845 0.58819443
v 0.13251811 0.18451324 0.57497180
v 0.09232734 0.18408845 0.58831441
v 0.16263933 0.18433979 0.58020604
v 0.10795734 0.18408845 0.58831441
v 0.10013735 0.18408845 0.58820444
v 0.10013735 0.18408845 0.58831441
v 0.09623734 0.18408845 0.58831441
v 0.11576735 0.18408845 0.58831441
v 0.11185734 0.18408845 0.58831441
v 0.11967734 0.41846845 0.14300442
v 0.12357735 0.42627844 0.14029442
v 0.16654734 -0.24558154 0.69777441
v 0.12357735 -0.15965155 -0.31003559
v 0.15092734 -0.24558154 0.69777441
v 0.10795734 0.41846845 0.14300442
v 0.15482736 0.16847844 0.21331441
v 0.10013735 0.41845846 0.14300442
v 0.10013735 0.41846845 0.14300442
v 0.11967734 0.41845846 0.14300442
v 0.11185734 0.41845846 0.14300442
v 0.14037296 -0.21573268 0.69469303
v 0.14310735 0.41846845 0.14300442
v 0.13920733 0.41846845 0.14300442
v 0.15092734 -0.24555156 0.69769442
v 0.13938719 -0.24201889 0.71442157
v 0.12748735 -0.15964155 -0.31010556
v 0.12357735 -0.15964155 -0.31010556
v 0.12018018 -0.16119494 -0.29482672
v 0.12748735 -0.15965155 -0.31003559
v 0.36967734 -0.26512155 -0.39995557
v 0.36576733 -0.26902154 -0.40156558
v 0.37357733 -0.26512155 -0.39995557
v 0.17045733 -0.24558154 0.69777441
v 0.17045733 -0.24555156 0.69769442
v 0.14701734 0.18408845 0.58831441
v 0.13826826 0.03104773 -0.20063315
v 0.20951734 0.02002845 -0.20466559
v 0.21342734 0.02002845 -0.20466559
v 0.20951734 0.02006845 -0.20464557
v 0.19128893 -0.00372540 -0.23772942
v 0.17826734 -0.24558154 0.69777441
v 0.15482736 -0.24558154 0.69777441
v 0.12748735 0.18799844 0.38128442
v 0.12357735 0.18799844 0.38128442
v 0.13920733 0.18408845 0.58819443
v 0.13529734 0.18408845 0.58820444
v 0.13920733 0.18408845 0.58831441
v 0.16654734 -0.24555156 0.69769442
v 0.14619973 0.17098841 0.22208145
v 0.32202256 0.13161296 -0.81743848
v 0.14310735 0.16847844 0.21331441
v 0.13920733 0.16847844 0.21331441
v 0.14310735 0.16846845 0.21330442
v 0.16292734 0.18408845 0.58441442
v 0.16263735 0.18408845 0.58780444
v 0.12748735 0.18800846 0.38128442
v 0.06873318 -0.00662811 -0.23755132
v 0.12357735 0.18800846 0.38128442
v 0.17826734 0.02002845 -0.20466559
v 0.14701734 0.16846845 0.21330442
v 0.15092734 0.41845846 0.14300442
v 0.14701734 0.41845846 0.14300442
v 0.14701734 0.41846845 0.14300442
v 0.18998735 0.02006845 -0.20464557
v 0.14701734 0.16847844 0.21331441
v 0.15092734 0.16846845 0.21330442
v 0.13920733 0.16846845 0.21330442
v 0.15092734 0.16847844 0.21331441
v 0.17306444 0.17091395 0.22267033
v 0.25640732 0.15283845 -0.83745557
v 0.25638732 0.15282845 -0.83354557
v 0.25640732 0.15283845 -0.83354557
v 0.11967734 0.18408845 0.58820444
v 0.13334236 0.18408845 0.58831441
v 0.12748735 0.18408845 0.58831441
v 0.13138735 0.18408845 0.58820444
v 0.12748735 0.18408845 0.58820444
v 0.15092734 0.41846845 0.14300442
v 0.15482736 0.41846845 0.14300442
v 0.15482736 0.41845846 0.14300442
v 0.15092734 0.18408845 0.58831441
v 0.15482736 0.18408845 0.58819443
v 0.14310735 0.18408845 0.58831441
v 0.12357735 0.18408845 0.58820444
v 0.17435735 -0.24555156 0.69769442
v -0.00631383 0.26049003 0.19494066
v 0.13138735 0.41845846 0.14300442
v 0.12748735 0.41845846 0.14300442
v 0.12748735 0.41846845 0.14300442
v 0.13138735 0.41846845 0.14300442
v 0.12780021 0.38861185 0.15337633
v 0.16654734 0.42627844 0.14029442
v 0.16654734 0.41846845 0.14300442
v 0.16263735 0.41846845 0.14300442
v 0.13920733 0.41845846 0.14300442
v 0.13529734 0.41845846 0.14300442
v 0.13529734 0.41846845 0.14300442
v 0.12357735 0.41846845 0.14300442
v 0.22319578 0.46338946 0.13230865
v 0.15482736 0.42627844 0.14029442
v 0.12357735 0.41845846 0.14300442
v 0.14310735 0.41845846 0.14300442
v 0.17435735 0.41846845 0.14300442
v 0.19492859 -0.24293374 0.71541095
v 0.17826734 0.02006845 -0.20464557
v 0.18217734 0.02006845 -0.20464557
v 0.17045733 0.02002845 -0.20466559
v 0.17435735 0.02002845 -0.20466559
v 0.17435735 0.02006845 -0.20464557
v 0.17045733 0.02006845 -0.20464557
v 0.25342733 0.14893845 -0.81792557
v 0.18217734 0.02002845 -0.20466559
v 0.17405349 0.18013708 0.50975406
v 0.14954942 0.17225651 0.38081363
v 0.08664043 0.18482658 0.56515378
v 0.19796307 0.03196921 -0.20073989
v 0.18607736 0.02002845 -0.20466559
v 0.18998735 0.02002845 -0.20466559
v 0.18607736 0.02006845 -0.20464557
v 0.20560735 0.02006845 -0.20464557
v 0.16263735 0.16847844 0.21331441
v 0.17435735 0.16847844 0.21331441
v 0.17826734 0.16847844 0.21331441
v 0.17826734 0.16846845 0.21330442
v 0.18998735 0.16847844 0.21331441
v 0.15482736 0.16846845 0.21330442
v 0.16654734 0.16846845 0.21330442
v 0.16654734 0.16847844 0.21331441
v 0.17045733 0.16846845 0.21330442
v 0.17435735 0.16846845 0.21330442
v 0.18217734 0.16847844 0.21331441
v 0.18217734 0.16846845 0.21330442
v 0.13803679 0.13051577 0.21069077
v 0.17045733 0.16847844 0.21331441
v 0.15873735 0.41846845 0.14300442
v 0.23685735 0.16846845 0.42035443
v 0.12357735 0.18408845 0.58831441
v 0.08060734 0.18408845 0.58820444
v 0.17444479 0.18021823 0.48617470
v 0.09623734 0.18408845 0.58820444
v 0.16313237 0.18150854 0.66869736
v 0.25448331 0.14738837 -0.81895036
v 0.17435735 0.18018845 0.49175441
v 0.17839934 0.16980878 0.48212180
v 0.17437735 0.18018845 0.49066442
v 0.17435735 0.18020844 0.49066442
v 0.15873735 0.41845846 0.14300442
v 0.17444734 0.18018845 0.48675442
v 0.15634175 0.18797708 0.49684787
v 0.17157976 0.18043633 0.56846988
v 0.24076734 0.00501845 0.68597442
v 0.15482736 0.18408845 0.58831441
v 0.15873735 0.18408845 0.58819443
v 0.15873735 0.18408845 0.58831441
v 0.16263735 0.41845846 0.14300442
v 0.21732736 0.42627844 0.14029442
v 0.22513735 0.41846845 0.14300442
v 0.22123735 0.41846845 0.14300442
v 0.16263726 0.18406373 0.58865875
v 0.17826734 0.41845846 0.14300442
v 0.17435735 0.41845846 0.14300442
v 0.17826734 0.41846845 0.14300442
v 0.07597977 0.15887146 -0.30488750
v 0.25638732 0.15282845 -0.82964557
v 0.18998735 0.16846845 0.21330442
v 0.19388735 0.16846845 0.21330442
v 0.17045733 0.41846845 0.14300442
v 0.18217734 0.41845846 0.14300442
v 0.16654734 0.41845846 0.14300442
v 0.17045733 0.41845846 0.14300442
v 0.18217734 0.41846845 0.14300442
v 0.22904734 0.16928846 0.41119441
v 0.19779734 0.41845846 0.14300442
v 0.20170733 0.41845846 0.14300442
v 0.18607736 0.41846845 0.14300442
v 0.18607736 0.42627844 0.14029442
v 0.18998735 0.41846845 0.14300442
v 0.23687735 0.16846845 0.42035443
v 0.23687735 0.16846845 0.41644442
v 0.20560735 0.41845846 0.14300442
v 0.19388735 0.41846845 0.14300442
v 0.19779734 0.41846845 0.14300442
v 0.19779734 0.42627844 0.14029442
v 0.19779734 0.02006845 -0.20464557
v 0.19779734 0.02002845 -0.20466559
v 0.19388735 0.02006845 -0.20464557
v 0.33451733 -0.23387155 -0.46244556
v 0.33451733 -0.23389155 -0.46245557
v 0.33842734 -0.23389155 -0.46245557
v 0.21732736 0.02006845 -0.20464557
v 0.22123735 0.02002845 -0.20466559
v 0.22123735 0.02006845 -0.20464557
v 0.31300691 0.03979232 -0.27827898
v 0.19388735 0.02002845 -0.20466559
v 0.21342734 0.02006845 -0.20464557
v 0.18738864 0.17121442 0.38071898
v 0.23687735 0.16846845 0.42425442
v 0.23685735 0.16846845 0.42425442
v 0.21778831 0.03109975 -0.20051371
v 0.11967734 0.18408845 0.58831441
v 0.20560735 0.41846845 0.14300442
v 0.20170733 0.41846845 0.14300442
v 0.25640732 0.15283845 -0.82964557
v 0.25640732 0.15283845 -0.82573557
v 0.25604984 0.15186095 -0.84282309
v 0.18607736 0.16847844 0.21331441
v 0.18100715 0.10337431 0.20685728
v 0.21949521 0.17521085 0.22209240
v 0.18607736 0.16846845 0.21330442
v 0.23685735 0.41845846 0.14300442
v 0.24076734 0.41845846 0.14300442
v 0.20951734 0.41846845 0.14300442
v 0.21342734 0.41845846 0.14300442
v 0.20951734 0.41845846 0.14300442
v 0.21342734 0.41846845 0.14300442
v 0.18998735 0.41845846 0.14300442
v 0.18607736 0.41845846 0.14300442
v 0.19388735 0.41845846 0.14300442
v 0.27485371 0.43161270 0.13682146
v 0.23687735 0.16846845 0.42816442
v 0.23685735 0.16846845 0.42816442
v 0.23685735 0.16846845 0.43206441
v 0.23685735 0.16846845 0.41644442
v 0.22513735 0.41845846 0.14300442
v 0.22904734 0.41845846 0.14300442
v 0.21732736 0.41845846 0.14300442
v 0.22904734 0.41846845 0.14300442
v 0.22904734 0.42627844 0.14029442
v 0.17715123 0.17028800 0.78857219
v 0.24076734 0.41846845 0.14300442
v 0.12628309 -0.24207412 -0.48392162
v 0.22513735 0.02006845 -0.20464557
v 0.22904734 0.02002845 -0.20466559
v 0.22904734 0.02006845 -0.20464557
v 0.23295733 0.02002845 -0.20466559
v 0.22513735 0.02002845 -0.20466559
v 0.33057678 -0.23387341 -0.46245000
v 0.33060732 -0.23387155 -0.46244556
v 0.21732736 0.02002845 -0.20466559
v 0.06498734 0.18408845 0.58820444
v 0.11185734 0.18408845 0.58820444
v 0.11576735 0.18408845 0.58820444
v 0.23687735 0.16846845 0.45550442
v 0.23687735 0.16846845 0.45160443
v 0.23685735 0.16846845 0.45550442
v 0.25638732 0.15282845 -0.81792557
v 0.25638622 0.15283252 -0.81791741
v 0.21661550 -0.00442141 0.66782147
v 0.28757733 0.13721845 0.48285443
v 0.28757733 0.13721845 0.48675442
v 0.27268270 0.15710254 0.42634374
v 0.23676053 0.16847940 0.41236135
v 0.22904734 0.16928846 0.45208815
v 0.23687735 0.16846845 0.44769442
v 0.23687735 0.16846845 0.41253442
v 0.23685735 0.16846845 0.45160443
v 0.23685735 0.16846845 0.45941442
v 0.23685735 0.16846845 0.46331441
v 0.25990257 0.16609886 0.51504743
v 0.23687644 0.16846809 0.46325466
v 0.23687735 0.16846845 0.45941442
v 0.23685735 0.16846845 0.44769442
v 0.23687735 0.16846845 0.44378442
v 0.23687735 0.16846845 0.43988442
v 0.23685735 0.16846845 0.43597442
v 0.23685735 0.16846845 0.43988442
v 0.23687735 0.16846845 0.43597442
v 0.23295236 0.16887845 0.48345971
v 0.26381749 0.16319007 0.66127545
v 0.21732736 0.41846845 0.14300442
v 0.26769876 0.01615101 0.67273259
v 0.24861261 0.00832525 0.68205738
v 0.24857734 0.00831845 0.68756443
v 0.28757733 0.13721845 0.57269442
v 0.21509439 0.37994581 0.15638524
v 0.23295733 0.41845846 0.14300442
v 0.24467734 0.41846845 0.14300442
v 0.24467734 0.41845846 0.14300442
v 0.23685735 0.41846845 0.14300442
v 0.23295733 0.41846845 0.14300442
v 0.22123735 0.41845846 0.14300442
v 0.24857734 0.41845846 0.14300442
v 0.30778447 0.46862540 0.12828293
v 0.36572072 -0.26511866 -0.39994299
v 0.34477809 -0.23582202 -0.47658890
v 0.28309977 -0.02205044 -0.81649399
v 0.33048207 -0.23376097 -0.46246508
v 0.25638732 0.15282845 -0.82573557
v 0.25638732 0.15282845 -0.82182556
v 0.27978867 -0.02293268 -0.86028504
v 0.28757733 0.13721845 0.65081441
v 0.28757733 0.13721845 0.64691442
v 0.28373733 -0.02296155 -0.87651557
v 0.28373733 -0.02295155 -0.87260556
v 0.28379732 -0.02293155 -0.88823557
v 0.28373733 -0.02298155 -0.88823557
v 0.28378734 -0.02293155 -0.88432556
v 0.28373733 -0.02298155 -0.88432556
v 0.23687735 0.16846845 0.43206441
v 0.28763732 0.13707845 0.61956441
v 0.28763732 0.13707845 0.61566442
v 0.28757733 0.13721845 0.61956441
v 0.24857734 0.00831845 0.68597442
v 0.24857734 0.00830845 0.68206441
v 0.24858736 0.00831845 0.68597442
v 0.26355782 0.16385768 0.72852451
v 0.28402868 0.02063540 -0.85083425
v 0.28373733 -0.02294155 -0.86870557
v 0.28373733 -0.02294155 -0.86479557
v 0.28374735 -0.02293155 -0.86479557
v 0.28375733 -0.02293155 -0.86870557
v 0.28763732 0.13707845 0.51410443
v 0.28763732 0.13707845 0.51019442
v 0.25640732 0.15283845 -0.82182556
v 0.28757733 0.13721845 0.46526942
v 0.28763732 0.13707845 0.50628442
v 0.23685735 0.16846845 0.44378442
v 0.28763732 0.13707845 0.46722442
v 0.28763732 0.13707845 0.61175442
v 0.28757733 0.13721845 0.61566442
v 0.37273145 -0.33289358 -0.43681157
v 0.28373733 -0.02293155 -0.86089557
v 0.26416126 -0.02294203 -0.86575150
v 0.28373733 -0.02297155 -0.88042557
v 0.28373733 -0.02300155 -0.89604557
v 0.28379345 -0.02297680 -0.89622456
v 0.28380734 -0.02293155 -0.89214557
v 0.28373733 -0.02299155 -0.89214557
v 0.28377733 -0.02293155 -0.88042557
v 0.28376734 -0.02293155 -0.87651557
v 0.28376734 -0.02293155 -0.87260556
v 0.26141092 0.16641925 0.58409607
v 0.28763732 0.13707845 0.54925442
v 0.28763732 0.13707845 0.54535443
v 0.33041734 -0.00730155 -0.81010556
v 0.33051732 -0.00340155 -0.81010556
v 0.33060732 -0.00340155 -0.81006557
v 0.28757733 0.13721845 0.49456441
v 0.28757733 0.13721845 0.49847442
v 0.28763732 0.13707845 0.49456441
v 0.28763732 0.13707845 0.62738442
v 0.28763732 0.13707845 0.62347442
v 0.32374638 -0.05740483 0.08668989
v 0.29253608 0.12598720 0.47833380
v 0.28763732 0.13707845 0.52972442
v 0.28763732 0.13707845 0.52581441
v 0.28757733 0.13721845 0.52972442
v 0.28757733 0.13721845 0.52191442
v 0.28757733 0.13721845 0.52581441
v 0.28763732 0.13707845 0.52191442
v 0.28757733 0.13721845 0.56097442
v 0.17845486 0.16981158 0.63612890
v 0.28763732 0.13707845 0.51800442
v 0.28757733 0.13721845 0.51800442
v 0.28763732 0.13707845 0.68597442
v 0.28763732 0.13707845 0.68206441
v 0.28757733 0.13721845 0.68597442
v 0.28757733 0.13721845 0.60785443
v 0.28757733 0.13721845 0.64300442
v 0.28757733 0.13721845 0.62347442
v 0.28757733 0.13721845 0.54925442
v 0.29314983 0.12256845 0.55377221
v 0.28757733 0.13721845 0.47503442
v 0.28757733 0.13721845 0.47894442
v 0.28763732 0.13707845 0.50238442
v 0.28757733 0.13721845 0.50628442
v 0.28763732 0.13707845 0.47894442
v 0.28763732 0.13707845 0.47503442
v 0.28757733 0.13721845 0.54535443
v 0.28763732 0.13707845 0.56878442
v 0.28757733 0.13721845 0.51410443
v 0.28757733 0.13721845 0.53753442
v 0.28757733 0.13721845 0.53363442
v 0.28763732 0.13707845 0.60785443
v 0.28763732 0.13707845 0.60394442
v 0.28763732 0.13707845 0.56097442
v 0.28763732 0.13707845 0.54144442
v 0.28757733 0.13721845 0.67035443
v 0.28757733 0.13721845 0.58441442
v 0.28757733 0.13721845 0.58831441
v 0.28763732 0.13707845 0.58441442
v 0.28757733 0.13721845 0.51019442
v 0.29272732 0.12549844 0.65863192
v 0.29272732 0.12549844 0.43402192
v 0.28757733 0.13721845 0.54144442
v 0.28757733 0.13721845 0.67816442
v 0.28757733 0.13721845 0.68206441
v 0.28763732 0.13707845 0.67816442
v 0.28763732 0.13707845 0.48675442
v 0.28763732 0.13707845 0.48285443
v 0.28763732 0.13707845 0.57269442
v 0.28757733 0.13721845 0.62738442
v 0.28763732 0.13707845 0.67425442
v 0.28763732 0.13707845 0.67035443
v 0.28757733 0.13721845 0.67425442
v 0.28763732 0.13707845 0.60003442
v 0.28763732 0.13707845 0.49066442
v 0.28757733 0.13721845 0.49066442
v 0.28757733 0.13721845 0.50238442
v 0.28763732 0.13707845 0.47113442
v 0.28757733 0.13721845 0.47113442
v 0.28763732 0.13707845 0.49847442
v 0.28763732 0.13707845 0.63910443
v 0.29272732 0.12549844 0.62786943
v 0.28763732 0.13707845 0.53753442
v 0.28763732 0.13707845 0.53363442
v 0.28763732 0.13707845 0.55706441
v 0.28763732 0.13707845 0.59222442
v 0.29272732 0.12549844 0.58270252
v 0.28763732 0.13707845 0.56488442
v 0.29402253 0.12223537 0.52600348
v 0.28757733 0.13721845 0.55316442
v 0.28757733 0.13721845 0.56488442
v 0.28757733 0.13721845 0.55706441
v 0.28763732 0.13707845 0.57660443
v 0.28757733 0.13721845 0.57660443
v 0.28763732 0.13707845 0.58831441
v 0.28757733 0.13721845 0.58050442
v 0.28757733 0.13721845 0.56878442
v 0.28763732 0.13707845 0.55316442
v 0.28763732 0.13707845 0.58050442
v 0.28763732 0.13707845 0.65863442
v 0.28757733 0.13721845 0.59613442
v 0.28757733 0.13721845 0.59222442
v 0.28763732 0.13707845 0.59613442
v 0.28757733 0.13721845 0.60394442
v 0.28757733 0.13721845 0.66253442
v 0.28757733 0.13721845 0.66644442
v 0.28763732 0.13707845 0.66253442
v 0.28763732 0.13707845 0.63519442
v 0.28757733 0.13721845 0.60003442
v 0.28763732 0.13707845 0.69183439
v 0.28757733 0.13721845 0.61175442
v 0.28757733 0.13721845 0.69769442
v 0.28763732 0.13707845 0.66644442
v 0.28763732 0.13707845 0.65472442
v 0.28763732 0.13707845 0.65081441
v 0.28757733 0.13721845 0.65472442
v 0.28757733 0.13721845 0.63910443
v 0.28757733 0.13721845 0.63519442
v 0.28763732 0.13707845 0.63128442
v 0.28757733 0.13721845 0.63128442
v 0.28757733 0.13721845 0.68988442
v 0.28763732 0.13707845 0.64691442
v 0.28763732 0.13707845 0.64300442
v 0.28757733 0.13721845 0.69378442
v 0.28757733 0.13721845 0.65863442
v 0.38920733 -0.14402156 0.89303440
v 0.39310732 -0.14402156 0.89303440
v 0.38920733 -0.14394155 0.89300442
v 0.36576733 -0.26512155 -0.39994559
v 0.36576733 -0.26512155 -0.39995557
v 0.33067167 -0.15854640 0.89574343
v 0.38380259 -0.17001165 0.90377438
v 0.34628883 0.01105304 -0.80353248
v 0.33060732 0.00035845 -0.81010556
v 0.33061871 0.00046949 -0.81010276
v 0.33060795 0.00050757 -0.81011456
v 0.36882949 -0.20815368 -0.44906619
v 0.36025494 -0.25957286 -0.39554104
v 0.36967734 -0.26512155 -0.39994559
v 0.43217734 -0.06200155 -0.60307556
v 0.40092734 -0.14394155 0.89300442
v 0.40482733 -0.14402156 0.89303440
v 0.40482733 -0.14394155 0.89300442
v 0.26321840 -0.09797809 0.80411464
v 0.40092734 -0.14402156 0.89303440
v 0.39701733 -0.14402156 0.89303440
v 0.38138732 -0.14394155 0.89300442
v 0.38529733 -0.14394155 0.89300442
v 0.39701733 -0.14394155 0.89300442
v 0.42166916 -0.11024291 0.52185094
v 0.37607217 -0.02243648 -0.77795655
v 0.38529733 -0.14402156 0.89303440
v 0.42435732 -0.06199155 -0.60305560
v 0.42433971 -0.06199658 -0.60306627
v 0.42436713 -0.14408702 0.89306033
v 0.24532324 0.15134965 -0.81111938
v 0.38057929 -0.14397742 0.89301771
v 0.42045733 -0.19476154 0.50238442
v 0.42435732 -0.14402156 0.89303440
v 0.42045733 -0.14402156 0.89303440
v 0.39310732 -0.14394155 0.89300442
v 0.43737701 -0.20116603 0.91178435
v 0.34411362 -0.22141905 0.49741584
v 0.39502928 -0.13232672 0.88819522
v 0.42435732 -0.14394155 0.89300442
v 0.42045733 -0.14394155 0.89300442
v 0.42437693 -0.19484214 0.50237280
v 0.44741982 -0.21692695 0.51362938
v 0.42828202 -0.19479884 0.50317687
v 0.41654733 -0.14402156 0.89303440
v 0.42435732 -0.14012155 0.89142442
v 0.41654733 -0.14394155 0.89300442
v 0.34482834 0.03222873 0.71496165
v 0.42826733 -0.06199155 -0.60305560
v 0.42680088 -0.08451591 -0.62764418
v 0.42435732 -0.19480155 0.50237441
v 0.42435732 -0.19476154 0.50238442
v 0.45170733 -0.06200155 -0.60307556
v 0.44779733 -0.06199155 -0.60305560
v 0.45170733 -0.06199155 -0.60305560
v 0.43607733 -0.06200155 -0.60307556
v 0.43217734 -0.06199155 -0.60305560
v 0.42826733 -0.06200155 -0.60307556
v 0.42045733 -0.19480155 0.50237441
v 0.41654733 -0.19476154 0.50238442
v 0.45560732 -0.06200155 -0.60307556
v 0.44779733 -0.06200155 -0.60307556
v 0.43998733 -0.06200155 -0.60307556
v 0.43607733 -0.06199155 -0.60305560
v 0.41263732 -0.14402156 0.89303440
v 0.41263732 -0.14394155 0.89300442
v 0.44388732 -0.06199155 -0.60305560
v 0.43998733 -0.06199155 -0.60305560
v 0.40873733 -0.14402156 0.89303440
v 0.40873733 -0.14394155 0.89300442
v 0.43916717 -0.11181360 0.87434042
v 0.44795102 -0.05184866 -0.58961010
v 0.44388732 -0.06200155 -0.60307556
f 1 2 3
f 8 4 9
f 4 7 9
f 20 5 8
f 6 2 8
f 1 3 4
f 8 1 4
f 11 6 9
f 7 11 9
f 12 13 14
f 2 11 3
f 11 7 3
f 8 9 25
f 7 4 3
f 2 6 11
f 8 5 6
f 8 2 1
f 62 324 13
f 18 14 19
f 324 20 15
f 15 20 35
f 21 22 23
f 22 24 23
f 65 151 27
f 5 20 324
f 20 8 25
f 29 30 31
f 32 33 34
f 13 324 15
f 324 62 16
f 14 13 15
f 36 37 38
f 39 40 41
f 40 39 42
f 62 12 18
f 12 14 18
f 62 43 29
f 43 30 29
f 43 18 19
f 43 62 18
f 12 62 13
f 44 36 38
f 62 36 44
f 43 19 30
f 45 44 38
f 31 37 46
f 29 46 62
f 31 46 29
f 47 48 33
f 46 37 36
f 62 46 36
f 30 19 35
f 51 23 26
f 35 37 31
f 52 34 24
f 53 10 17
f 44 45 54
f 62 44 54
f 21 52 22
f 52 24 22
f 47 54 48
f 54 47 62
f 62 47 21
f 49 56 57
f 56 51 57
f 54 45 48
f 47 32 21
f 32 47 33
f 52 32 34
f 52 21 32
f 49 58 56
f 58 51 56
f 58 49 51
f 30 35 31
f 60 608 61
f 23 51 16
f 5 25 6
f 27 17 25
f 17 27 63
f 35 48 45
f 151 64 27
f 64 63 27
f 9 6 25
f 57 26 49
f 23 16 21
f 23 24 26
f 21 16 62
f 35 33 48
f 67 35 20
f 26 35 67
f 35 45 38
f 26 34 35
f 35 38 37
f 324 16 26
f 49 16 51
f 26 57 51
f 34 26 24
f 26 16 49
f 33 35 34
f 14 15 35
f 19 14 35
f 25 159 20
f 324 26 67
f 69 70 68
f 67 20 70
f 71 67 70
f 69 71 70
f 70 20 159
f 160 69 72
f 40 42 73
f 74 55 174
f 74 174 77
f 42 74 73
f 77 40 73
f 73 74 77
f 77 41 40
f 82 245 83
f 244 84 86
f 84 87 86
f 88 78 39
f 89 90 121
f 91 404 92
f 94 95 96
f 101 97 98
f 97 99 100
f 130 102 174
f 103 198 104
f 105 198 106
f 106 108 128
f 110 130 111
f 109 112 110
f 112 113 110
f 115 240 116
f 117 468 118
f 119 117 118
f 122 89 123
f 124 85 125
f 126 124 125
f 103 104 127
f 104 105 128
f 100 121 90
f 131 302 132
f 133 404 134
f 136 342 137
f 244 138 139
f 138 140 139
f 84 141 87
f 142 608 143
f 144 142 143
f 10 64 151
f 147 148 149
f 53 63 150
f 25 5 324
f 25 324 65
f 53 150 10
f 150 63 64
f 10 150 64
f 17 151 25
f 10 151 17
f 63 53 17
f 25 65 27
f 151 65 324
f 152 156 157
f 145 158 149
f 158 147 149
f 151 157 155
f 25 151 67
f 324 67 151
f 25 67 159
f 157 163 155
f 164 165 166
f 145 154 66
f 167 168 240
f 69 68 72
f 167 171 168
f 67 71 160
f 67 160 79
f 159 172 68
f 68 79 72
f 172 79 68
f 68 70 159
f 79 160 72
f 79 172 67
f 67 172 159
f 302 91 87
f 71 69 160
f 240 174 161
f 178 177 173
f 171 59 179
f 175 180 181
f 59 161 174
f 174 240 560
f 180 59 182
f 168 171 179
f 117 119 183
f 184 185 186
f 187 174 165
f 74 78 55
f 77 88 41
f 222 109 111
f 920 222 111
f 188 189 190
f 191 192 193
f 168 179 116
f 181 167 240
f 102 77 174
f 39 78 42
f 42 78 74
f 88 39 41
f 55 78 102
f 77 78 88
f 78 77 102
f 111 130 920
f 83 245 176
f 195 135 196
f 246 195 196
f 106 198 108
f 194 198 107
f 199 200 201
f 246 199 201
f 203 204 205
f 81 320 207
f 101 122 120
f 101 221 99
f 101 120 93
f 101 99 97
f 100 99 114
f 93 120 121
f 101 98 122
f 101 93 221
f 102 130 702
f 702 108 198
f 702 130 108
f 198 109 702
f 197 198 103
f 197 103 127
f 104 198 105
f 105 106 128
f 107 198 197
f 104 128 127
f 128 130 127
f 127 130 208
f 108 130 128
f 107 197 208
f 197 127 208
f 109 110 111
f 113 130 110
f 194 107 209
f 194 209 113
f 209 130 113
f 109 198 112
f 112 194 113
f 112 198 194
f 208 130 209
f 107 208 209
f 254 211 212
f 213 214 215
f 214 364 215
f 216 217 218
f 221 114 99
f 120 123 121
f 120 122 123
f 98 97 90
f 122 98 89
f 97 100 90
f 100 114 121
f 89 121 123
f 98 90 89
f 240 115 219
f 121 221 93
f 121 114 221
f 152 151 156
f 75 145 206
f 240 219 223
f 66 224 225
f 206 145 225
f 224 206 225
f 226 148 145
f 226 66 225
f 226 145 66
f 145 227 225
f 227 226 225
f 156 151 155
f 151 152 157
f 156 163 157
f 156 155 163
f 148 226 227
f 154 206 224
f 228 920 28
f 147 158 555
f 75 206 154
f 229 230 231
f 187 165 164
f 75 154 145
f 80 166 173
f 166 80 164
f 920 709 423
f 223 232 233
f 173 165 169
f 169 900 178
f 174 900 59
f 182 59 171
f 168 116 240
f 240 223 233
f 80 234 164
f 173 177 80
f 177 234 80
f 240 233 235
f 240 161 175
f 161 59 180
f 175 181 240
f 187 177 178
f 173 166 165
f 181 182 167
f 187 234 177
f 164 234 187
f 179 59 239
f 116 179 239
f 219 170 223
f 178 174 187
f 900 174 178
f 169 178 173
f 115 236 219
f 167 182 171
f 181 180 182
f 169 165 55
f 165 174 55
f 175 161 180
f 116 239 115
f 115 239 236
f 239 59 236
f 236 59 170
f 219 236 170
f 241 242 243
f 147 145 148
f 247 248 249
f 468 250 251
f 250 137 251
f 238 252 253
f 218 256 762
f 210 257 258
f 468 261 262
f 261 263 262
f 264 265 76
f 511 266 267
f 266 268 267
f 259 269 270
f 271 272 273
f 265 274 76
f 274 468 76
f 261 275 263
f 709 276 342
f 278 279 280
f 246 278 280
f 283 284 285
f 286 423 135
f 287 129 288
f 364 289 290
f 289 291 290
f 292 259 293
f 295 296 229
f 296 423 229
f 364 299 300
f 299 132 300
f 230 423 279
f 303 304 305
f 364 303 305
f 212 211 277
f 307 203 538
f 298 312 313
f 312 511 313
f 314 315 793
f 158 145 555
f 154 224 66
f 148 227 149
f 227 145 149
f 145 147 555
f 28 316 228
f 228 317 162
f 319 28 323
f 293 259 264
f 248 220 322
f 920 228 162
f 323 325 319
f 316 326 317
f 316 317 228
f 316 28 319
f 243 207 320
f 81 328 329
f 328 59 329
f 321 59 330
f 235 321 330
f 233 321 235
f 331 332 694
f 317 326 162
f 511 312 282
f 312 292 282
f 81 329 320
f 55 900 169
f 327 59 328
f 207 327 328
f 243 327 207
f 170 59 232
f 223 170 232
f 233 232 321
f 232 59 321
f 235 330 241
f 207 328 81
f 330 59 242
f 241 330 242
f 243 242 327
f 242 59 327
f 329 375 320
f 375 329 59
f 335 238 336
f 325 323 237
f 447 338 339
f 338 340 339
f 301 144 143
f 341 91 92
f 343 344 345
f 404 346 347
f 468 348 276
f 348 349 276
f 85 249 350
f 249 248 350
f 352 220 247
f 353 129 131
f 322 220 354
f 247 220 248
f 356 357 212
f 358 359 360
f 361 362 301
f 365 363 366
f 85 365 366
f 352 337 253
f 337 85 253
f 367 82 83
f 369 370 371
f 136 372 285
f 235 241 320
f 364 214 373
f 214 374 373
f 362 254 301
f 241 243 320
f 320 560 240
f 320 240 235
f 320 375 560
f 377 378 191
f 380 381 382
f 254 126 351
f 85 383 384
f 383 255 384
f 355 220 255
f 356 212 277
f 85 356 277
f 245 189 188
f 385 129 304
f 186 386 387
f 322 354 388
f 447 367 389
f 367 83 389
f 423 286 200
f 220 352 252
f 390 359 391
f 393 192 355
f 85 193 393
f 193 192 393
f 85 350 388
f 350 322 388
f 394 302 395
f 396 364 290
f 353 396 290
f 364 396 299
f 396 131 299
f 395 397 398
f 393 355 383
f 85 393 383
f 126 254 358
f 396 353 131
f 399 447 400
f 346 401 402
f 401 368 402
f 350 248 322
f 303 385 304
f 359 254 391
f 302 406 407
f 403 351 125
f 85 403 125
f 408 409 410
f 246 280 199
f 280 411 199
f 412 244 413
f 92 404 133
f 403 85 277
f 211 403 277
f 365 354 363
f 414 409 407
f 404 185 140
f 401 346 415
f 246 392 371
f 392 369 371
f 266 370 268
f 250 136 137
f 418 404 347
f 419 404 418
f 195 286 135
f 185 404 186
f 423 421 422
f 416 386 419
f 423 370 369
f 269 259 309
f 281 392 196
f 392 246 196
f 468 251 294
f 251 425 294
f 265 259 297
f 183 275 427
f 637 343 345
f 285 342 136
f 428 119 118
f 424 426 429
f 426 468 429
f 392 281 369
f 283 468 430
f 284 283 430
f 511 267 431
f 267 318 431
f 370 423 268
f 426 424 432
f 342 276 349
f 468 283 372
f 283 285 372
f 284 259 285
f 135 281 196
f 342 263 275
f 124 126 358
f 337 352 247
f 238 703 920
f 220 378 363
f 85 337 249
f 337 247 249
f 176 245 188
f 220 192 191
f 238 920 252
f 920 220 252
f 252 352 253
f 85 238 253
f 377 191 193
f 85 377 193
f 354 220 363
f 254 144 301
f 434 435 436
f 351 126 125
f 255 220 437
f 404 438 134
f 85 388 365
f 388 354 365
f 384 255 437
f 363 378 366
f 85 366 377
f 366 378 377
f 85 439 356
f 439 357 356
f 378 220 191
f 437 254 357
f 357 254 212
f 192 220 355
f 437 357 439
f 391 254 362
f 220 254 437
f 403 211 351
f 355 255 383
f 211 254 351
f 85 384 439
f 384 437 439
f 511 282 441
f 282 293 441
f 85 124 608
f 367 447 608
f 245 385 340
f 608 440 361
f 440 362 361
f 608 360 390
f 360 359 390
f 288 213 215
f 361 301 143
f 608 361 143
f 358 254 359
f 391 362 440
f 254 245 445
f 608 124 360
f 124 358 360
f 245 435 434
f 445 82 379
f 82 367 379
f 367 608 379
f 608 390 440
f 390 391 440
f 245 82 445
f 304 129 287
f 446 176 188
f 189 444 190
f 444 447 190
f 447 389 446
f 389 176 446
f 142 144 445
f 189 245 434
f 608 142 379
f 142 445 379
f 444 189 434
f 144 254 445
f 306 288 215
f 364 306 215
f 446 188 190
f 447 446 190
f 338 435 340
f 435 338 436
f 338 447 436
f 385 245 129
f 214 213 374
f 374 443 373
f 340 385 339
f 83 176 389
f 435 245 340
f 448 551 449
f 364 305 306
f 305 287 306
f 185 184 139
f 184 368 139
f 385 303 339
f 303 364 339
f 444 434 436
f 447 444 436
f 291 353 290
f 289 364 373
f 443 289 373
f 129 213 288
f 409 414 410
f 414 364 410
f 304 287 305
f 129 443 374
f 364 447 339
f 134 438 452
f 415 296 417
f 289 443 291
f 405 244 398
f 397 405 398
f 302 409 408
f 306 287 288
f 213 129 374
f 454 257 455
f 129 353 291
f 407 406 450
f 302 141 456
f 368 184 387
f 184 186 387
f 457 458 459
f 202 394 395
f 300 132 408
f 443 129 291
f 129 302 131
f 460 454 455
f 244 460 455
f 244 414 450
f 414 407 450
f 364 300 410
f 300 408 410
f 258 302 394
f 341 244 86
f 91 341 86
f 132 302 408
f 461 133 134
f 414 244 364
f 406 460 450
f 460 244 450
f 244 308 202
f 308 394 202
f 460 406 454
f 397 302 456
f 258 394 308
f 131 132 299
f 511 462 260
f 462 270 260
f 257 302 258
f 717 463 464
f 409 302 407
f 92 133 433
f 406 302 454
f 405 397 456
f 244 210 308
f 210 258 308
f 257 210 455
f 210 244 455
f 302 397 395
f 302 257 454
f 244 341 433
f 341 92 433
f 302 129 404
f 140 185 139
f 456 141 466
f 278 230 279
f 462 421 270
f 405 456 466
f 244 405 466
f 87 91 86
f 202 395 398
f 244 202 398
f 138 244 452
f 438 138 452
f 244 433 461
f 433 133 461
f 401 246 368
f 84 244 466
f 141 84 466
f 272 511 467
f 246 401 417
f 401 415 417
f 91 302 404
f 368 244 139
f 141 302 87
f 423 296 415
f 244 461 452
f 461 134 452
f 138 438 140
f 422 421 470
f 368 471 465
f 471 418 465
f 386 404 419
f 368 465 402
f 465 347 402
f 465 418 347
f 286 195 201
f 195 246 201
f 438 404 140
f 386 416 387
f 416 368 387
f 419 418 471
f 200 286 201
f 404 423 415
f 279 423 411
f 404 386 186
f 279 411 280
f 296 295 417
f 295 246 417
f 368 416 471
f 416 419 471
f 347 346 402
f 346 404 415
f 423 281 135
f 423 230 229
f 269 474 260
f 474 511 260
f 292 293 282
f 246 295 231
f 295 229 231
f 230 278 231
f 278 246 231
f 266 246 371
f 370 266 371
f 511 246 266
f 411 423 200
f 441 293 264
f 259 298 309
f 199 411 200
f 431 318 422
f 421 462 470
f 462 511 470
f 268 423 318
f 431 422 470
f 511 431 470
f 259 265 264
f 421 423 270
f 281 423 369
f 468 426 430
f 426 432 430
f 298 259 292
f 423 259 270
f 423 342 259
f 270 269 260
f 268 318 267
f 318 423 422
f 372 250 468
f 136 250 372
f 475 476 477
f 511 474 313
f 474 309 313
f 478 479 480
f 468 274 429
f 274 297 429
f 309 298 313
f 474 269 309
f 468 511 441
f 312 298 292
f 468 117 427
f 117 183 427
f 137 425 251
f 259 284 432
f 259 424 297
f 481 262 263
f 441 264 76
f 468 441 76
f 274 265 297
f 297 424 429
f 432 284 430
f 424 259 432
f 259 342 285
f 294 425 428
f 137 342 425
f 294 428 118
f 468 294 118
f 261 468 427
f 275 261 427
f 262 348 468
f 481 348 262
f 709 469 276
f 348 481 349
f 468 276 469
f 484 485 486
f 487 488 50
f 758 489 490
f 491 492 493
f 694 494 495
f 496 497 498
f 499 244 381
f 501 469 502
f 503 504 505
f 508 511 271
f 345 509 510
f 512 513 514
f 515 458 516
f 494 517 518
f 332 519 520
f 521 688 522
f 254 220 920
f 525 608 526
f 694 527 528
f 246 529 479
f 530 468 531
f 532 531 533
f 493 492 534
f 420 535 536
f 717 382 537
f 539 540 307
f 541 542 543
f 544 368 545
f 546 447 547
f 548 508 271
f 549 473 550
f 552 553 554
f 556 557 558
f 326 319 559
f 326 316 319
f 28 920 323
f 920 333 323
f 326 559 162
f 559 237 162
f 237 323 333
f 162 237 333
f 559 325 237
f 325 559 319
f 375 900 560
f 349 481 342
f 561 556 558
f 562 563 613
f 538 507 564
f 531 468 565
f 567 447 399
f 568 61 569
f 489 570 571
f 375 59 900
f 759 572 573
f 547 517 574
f 575 570 489
f 576 577 578
f 364 244 447
f 579 580 681
f 581 85 582
f 583 568 758
f 490 583 758
f 584 585 463
f 586 587 793
f 588 589 310
f 342 275 183
f 481 263 342
f 573 484 759
f 637 590 482
f 489 571 490
f 477 468 592
f 593 592 594
f 342 183 119
f 342 119 428
f 425 342 428
f 204 472 205
f 595 413 596
f 598 485 573
f 573 485 484
f 583 60 568
f 499 381 380
f 600 601 602
f 519 603 520
f 479 529 480
f 524 604 605
f 587 606 793
f 570 608 571
f 571 608 610
f 520 603 527
f 596 491 493
f 482 611 637
f 583 610 60
f 95 608 96
f 569 525 451
f 717 584 463
f 609 599 694
f 607 542 618
f 619 620 621
f 622 447 623
f 621 499 380
f 518 567 495
f 694 574 494
f 694 627 574
f 399 400 609
f 577 244 629
f 630 449 576
f 368 614 631
f 509 511 632
f 633 511 488
f 590 635 482
f 694 636 609
f 613 595 596
f 412 413 595
f 638 639 640
f 641 620 619
f 504 246 479
f 538 550 642
f 643 634 537
f 463 544 464
f 507 644 564
f 544 545 464
f 536 615 645
f 473 368 612
f 540 646 307
f 344 509 345
f 640 647 538
f 649 545 650
f 651 272 467
f 632 511 506
f 564 638 640
f 640 639 647
f 510 632 654
f 488 476 50
f 467 511 633
f 523 655 600
f 656 657 503
f 482 658 611
f 475 477 659
f 654 506 590
f 486 500 483
f 480 529 343
f 502 660 442
f 651 661 652
f 662 565 663
f 635 511 658
f 611 658 664
f 658 511 664
f 652 487 50
f 665 508 548
f 661 487 652
f 666 667 668
f 423 404 129
f 659 593 652
f 498 497 670
f 598 469 485
f 483 512 759
f 663 468 501
f 597 672 310
f 533 662 759
f 512 500 513
f 673 501 674
f 672 675 588
f 513 669 676
f 484 486 483
f 483 500 512
f 50 475 652
f 915 591 920
f 515 516 679
f 60 61 568
f 586 680 587
f 516 566 679
f 256 335 678
f 554 216 218
f 550 473 612
f 494 518 495
f 591 1488 920
f 646 368 204
f 458 85 516
f 717 537 616
f 630 576 613
f 666 668 496
f 521 579 682
f 612 368 683
f 442 572 759
f 448 449 630
f 442 660 572
f 502 469 660
f 538 205 648
f 629 244 412
f 204 246 472
f 759 498 686
f 687 589 677
f 589 669 677
f 244 492 491
f 660 469 598
f 645 615 689
f 663 501 673
f 382 643 537
f 50 476 475
f 486 669 500
f 613 563 630
f 564 644 638
f 647 639 690
f 674 502 442
f 469 669 486
f 578 629 691
f 691 629 412
f 599 607 618
f 621 380 311
f 246 644 653
f 671 666 652
f 572 598 573
f 653 644 507
f 343 529 344
f 631 614 684
f 538 564 640
f 692 675 672
f 645 689 584
f 532 530 531
f 613 596 493
f 514 676 695
f 656 503 505
f 637 505 478
f 637 665 548
f 611 664 665
f 684 614 420
f 543 626 625
f 510 509 632
f 532 533 759
f 368 246 204
f 540 368 646
f 528 623 696
f 497 468 670
f 517 447 518
f 709 162 333
f 647 690 704
f 203 646 204
f 670 530 686
f 625 706 613
f 602 707 700
f 637 656 505
f 628 447 546
f 447 567 518
f 636 399 609
f 615 368 689
f 627 546 547
f 273 272 651
f 644 246 638
f 205 472 648
f 717 649 549
f 506 511 635
f 478 504 479
f 538 203 205
f 710 711 712
f 618 542 541
f 587 334 606
f 576 578 613
f 678 336 561
f 691 412 595
f 344 511 509
f 129 245 920
f 920 162 709
f 618 541 613
f 622 623 528
f 271 511 272
f 636 567 399
f 413 244 491
f 96 453 331
f 380 717 311
f 617 713 562
f 563 448 630
f 706 617 562
f 621 620 499
f 594 468 667
f 601 707 602
f 380 382 717
f 714 701 854
f 643 244 634
f 381 244 643
f 529 246 344
f 742 715 716
f 244 368 631
f 717 616 684
f 472 246 653
f 585 368 544
f 345 510 637
f 368 473 650
f 545 368 650
f 463 585 544
f 538 717 550
f 476 511 477
f 311 534 619
f 637 480 343
f 645 584 717
f 647 704 538
f 654 590 637
f 510 654 637
f 656 637 538
f 664 508 665
f 498 670 686
f 668 468 497
f 335 336 678
f 423 709 342
f 548 271 273
f 613 691 595
f 605 94 758
f 718 719 523
f 554 553 216
f 674 442 759
f 531 565 533
f 334 238 720
f 677 669 721
f 758 94 694
f 216 703 217
f 256 217 335
f 713 551 448
f 719 238 655
f 793 722 314
f 516 85 566
f 61 608 525
f 635 658 482
f 720 723 376
f 674 501 502
f 315 724 575
f 490 610 583
f 722 725 314
f 602 700 793
f 700 459 793
f 694 94 331
f 693 787 597
f 528 696 694
f 519 447 603
f 724 608 570
f 315 726 724
f 679 727 793
f 96 447 453
f 94 96 331
f 648 472 653
f 578 691 613
f 728 729 714
f 730 728 714
f 613 541 625
f 637 548 273
f 597 759 692
f 273 651 652
f 731 732 597
f 588 669 589
f 590 506 635
f 666 496 652
f 733 734 735
f 704 656 538
f 690 657 704
f 707 85 457
f 678 561 762
f 218 217 256
f 594 667 671
f 722 582 725
f 652 593 671
f 669 469 709
f 533 565 662
f 759 514 695
f 310 589 687
f 511 468 477
f 459 515 793
f 759 512 514
f 535 368 615
f 488 511 476
f 550 612 642
f 670 468 530
f 659 592 593
f 492 244 641
f 667 468 668
f 563 713 448
f 661 633 487
f 696 708 694
f 685 675 692
f 717 420 536
f 539 683 540
f 676 669 685
f 315 575 758
f 332 453 519
f 683 368 540
f 467 633 661
f 503 246 504
f 628 546 708
f 732 693 597
f 524 605 758
f 307 646 203
f 737 722 793
f 556 238 557
f 680 238 334
f 718 523 793
f 793 606 376
f 553 703 216
f 720 238 723
f 558 586 793
f 608 447 96
f 376 723 718
f 762 561 793
f 700 707 457
f 600 655 601
f 694 495 636
f 606 334 720
f 737 582 722
f 718 723 719
f 217 703 335
f 561 336 556
f 650 473 549
f 703 553 552
f 920 703 762
f 762 554 218
f 523 600 793
f 606 720 376
f 703 238 335
f 256 678 762
f 552 554 762
f 604 95 605
f 762 703 552
f 610 608 60
f 447 551 542
f 447 244 551
f 586 557 680
f 793 600 602
f 376 718 793
f 793 561 558
f 581 582 737
f 129 920 423
f 547 447 517
f 723 238 719
f 700 457 459
f 655 238 601
f 527 622 528
f 727 737 793
f 557 238 680
f 336 238 556
f 558 557 586
f 680 334 587
f 719 655 523
f 726 85 724
f 920 245 254
f 459 458 515
f 696 628 708
f 708 627 694
f 457 85 458
f 727 566 581
f 708 546 627
f 601 238 707
f 566 85 581
f 331 453 332
f 679 566 727
f 725 726 314
f 582 85 725
f 238 85 707
f 625 626 706
f 793 515 679
f 451 524 758
f 314 726 315
f 727 581 737
f 605 95 94
f 725 85 726
f 495 567 636
f 568 569 758
f 626 551 617
f 526 608 604
f 524 526 604
f 569 61 525
f 599 618 694
f 85 608 724
f 571 610 490
f 724 570 575
f 525 526 451
f 793 315 758
f 575 489 758
f 704 657 656
f 603 447 622
f 694 332 520
f 613 493 311
f 562 713 563
f 574 517 494
f 627 547 574
f 694 520 527
f 758 569 451
f 451 526 524
f 599 400 607
f 634 244 631
f 527 603 622
f 696 623 628
f 694 618 613
f 623 447 628
f 604 608 95
f 453 447 519
f 311 493 534
f 537 634 616
f 616 634 631
f 382 381 643
f 551 713 617
f 694 613 311
f 475 659 652
f 706 562 613
f 609 400 599
f 400 447 607
f 664 511 508
f 541 543 625
f 543 551 626
f 542 551 543
f 717 684 420
f 706 626 617
f 690 246 657
f 449 551 577
f 607 447 542
f 637 478 480
f 535 615 536
f 620 244 499
f 596 413 491
f 641 244 620
f 638 246 639
f 551 244 577
f 576 449 577
f 577 629 578
f 464 545 649
f 642 539 538
f 648 653 507
f 717 464 649
f 593 594 671
f 534 492 641
f 619 621 311
f 616 631 684
f 649 650 549
f 639 246 690
f 538 648 507
f 689 368 585
f 534 641 619
f 420 614 535
f 614 368 535
f 651 467 661
f 689 585 584
f 717 549 550
f 536 645 717
f 505 504 478
f 612 683 642
f 671 667 666
f 642 683 539
f 539 307 538
f 733 701 729
f 657 246 503
f 487 633 488
f 611 665 637
f 632 506 654
f 668 497 496
f 246 511 344
f 477 592 659
f 592 468 594
f 738 697 777
f 637 273 652
f 759 662 673
f 468 469 501
f 686 530 532
f 496 498 759
f 652 496 759
f 500 669 513
f 759 695 692
f 662 663 673
f 686 532 759
f 485 469 486
f 673 674 759
f 484 483 759
f 565 468 663
f 572 660 598
f 695 685 692
f 731 721 732
f 687 731 597
f 695 676 685
f 677 721 731
f 672 588 310
f 513 676 514
f 692 672 597
f 675 669 588
f 685 669 675
f 687 677 731
f 310 687 597
f 787 669 709
f 669 787 693
f 732 721 693
f 721 669 693
f 522 591 740
f 710 591 711
f 915 681 711
f 591 710 743
f 712 739 743
f 741 521 682
f 915 711 591
f 591 743 740
f 580 739 681
f 522 740 580
f 741 688 521
f 521 522 579
f 710 712 743
f 579 522 580
f 739 580 740
f 743 739 740
f 591 522 688
f 744 745 741
f 744 682 681
f 744 741 682
f 579 681 682
f 746 747 748
f 745 688 741
f 749 745 744
f 681 739 712
f 749 744 681
f 711 681 712
f 681 746 750
f 751 681 752
f 698 734 730
f 734 698 735
f 624 735 698
f 735 624 701
f 900 920 560
f 174 560 920
f 174 920 130
f 818 756 757
f 55 102 900
f 222 702 109
f 222 1209 702
f 1209 102 702
f 734 733 729
f 755 701 760
f 735 755 760
f 735 760 733
f 755 735 701
f 714 729 701
f 788 701 624
f 760 701 733
f 854 701 709
f 734 728 730
f 728 734 729
f 730 714 788
f 624 698 788
f 788 714 854
f 709 788 761
f 793 758 694
f 747 688 748
f 694 311 717
f 694 717 538
f 748 688 763
f 694 538 637
f 745 749 764
f 709 761 787
f 759 597 787
f 765 766 767
f 768 681 750
f 688 769 765
f 769 770 765
f 747 746 771
f 688 745 764
f 1488 591 905
f 770 766 765
f 905 591 688
f 746 748 750
f 681 768 749
f 750 748 763
f 764 768 763
f 768 750 763
f 749 768 764
f 688 764 763
f 772 771 773
f 773 681 770
f 688 765 767
f 771 746 681
f 772 769 688
f 772 688 747
f 769 773 770
f 772 747 771
f 769 772 773
f 766 751 767
f 774 775 688
f 771 681 773
f 681 766 770
f 751 766 681
f 146 817 699
f 779 780 781
f 709 333 920
f 783 784 1026
f 785 786 782
f 855 900 1327
f 900 855 754
f 754 920 900
f 222 920 935
f 709 701 788
f 761 854 896
f 789 790 776
f 730 788 698
f 637 652 759
f 761 788 854
f 791 1343 792
f 762 793 920
f 793 694 753
f 794 795 796
f 797 798 799
f 800 736 738
f 777 800 738
f 801 775 802
f 777 753 694
f 794 836 803
f 794 789 795
f 797 799 836
f 738 736 697
f 836 781 804
f 736 800 805
f 697 753 777
f 777 694 637
f 806 807 808
f 637 759 777
f 777 759 1278
f 759 787 1278
f 716 809 810
f 767 751 774
f 751 752 774
f 807 801 811
f 807 811 808
f 688 767 774
f 806 905 807
f 812 806 808
f 801 802 811
f 775 752 802
f 813 806 812
f 905 810 809
f 688 801 905
f 752 775 774
f 801 807 905
f 813 812 814
f 806 813 905
f 814 716 810
f 801 688 775
f 813 814 810
f 905 813 810
f 808 811 742
f 715 809 716
f 742 716 814
f 681 1068 742
f 802 681 811
f 752 681 802
f 811 681 742
f 812 742 814
f 812 808 742
f 836 815 816
f 805 779 836
f 153 699 817
f 146 782 786
f 821 822 783
f 822 820 783
f 821 757 822
f 855 782 146
f 836 804 797
f 1026 823 783
f 757 756 824
f 804 825 826
f 803 790 789
f 780 828 776
f 901 829 830
f 832 833 1068
f 855 699 819
f 793 753 920
f 715 742 835
f 697 805 836
f 826 797 804
f 805 828 779
f 800 777 776
f 828 800 776
f 753 697 836
f 781 825 804
f 836 779 781
f 805 800 828
f 697 736 805
f 826 825 776
f 799 798 790
f 798 776 790
f 781 780 825
f 794 803 789
f 779 828 780
f 825 780 776
f 798 826 776
f 826 798 797
f 795 789 776
f 815 837 816
f 799 790 803
f 836 799 803
f 946 787 761
f 838 839 840
f 841 905 842
f 839 844 845
f 846 1241 847
f 905 840 845
f 840 839 845
f 843 848 835
f 849 838 850
f 905 850 840
f 905 843 851
f 1068 838 849
f 905 831 850
f 848 809 715
f 852 853 844
f 848 715 835
f 1068 839 838
f 905 851 831
f 832 831 851
f 843 835 833
f 833 832 851
f 905 809 848
f 843 905 848
f 833 835 1068
f 853 845 844
f 831 832 849
f 843 833 851
f 905 845 853
f 831 849 850
f 850 838 840
f 835 742 1068
f 849 832 1068
f 1068 852 844
f 1068 844 839
f 681 915 1068
f 699 855 146
f 819 699 153
f 818 784 824
f 756 818 824
f 222 935 778
f 1209 222 925
f 857 858 778
f 925 222 778
f 815 859 837
f 836 860 861
f 855 1327 754
f 778 862 925
f 863 864 865
f 854 856 896
f 867 999 868
f 896 869 870
f 870 867 871
f 896 876 761
f 873 864 836
f 860 874 861
f 946 761 876
f 817 146 786
f 877 878 1018
f 879 872 880
f 841 881 882
f 860 883 874
f 816 883 860
f 795 776 859
f 859 776 837
f 836 816 860
f 873 836 885
f 796 859 815
f 816 837 883
f 836 796 815
f 836 794 796
f 863 865 776
f 886 887 945
f 886 888 887
f 796 795 859
f 861 874 889
f 883 837 776
f 874 883 776
f 836 861 885
f 865 864 873
f 889 874 776
f 885 861 889
f 890 889 776
f 890 885 889
f 885 890 873
f 865 890 776
f 873 890 865
f 891 863 892
f 893 894 945
f 776 777 945
f 757 824 822
f 824 820 822
f 895 879 880
f 879 895 999
f 897 899 898
f 1068 881 902
f 852 903 904
f 881 842 902
f 853 852 904
f 905 853 904
f 906 904 903
f 906 903 902
f 907 908 909
f 1068 910 884
f 842 906 902
f 906 905 904
f 903 1068 902
f 881 841 842
f 852 1068 903
f 906 842 905
f 905 911 912
f 913 905 841
f 882 908 913
f 841 882 913
f 907 913 908
f 907 905 913
f 908 882 1068
f 909 884 911
f 907 909 911
f 905 907 911
f 882 881 1068
f 1068 884 909
f 908 1068 909
f 1068 878 914
f 786 785 817
f 915 920 1068
f 821 783 823
f 153 817 785
f 782 819 153
f 785 782 153
f 818 1026 784
f 855 819 782
f 784 820 824
f 818 757 821
f 818 821 823
f 823 1026 818
f 784 783 820
f 917 862 778
f 935 918 778
f 918 919 778
f 921 922 923
f 888 924 887
f 923 922 894
f 857 778 919
f 917 778 858
f 857 919 926
f 927 857 926
f 928 927 988
f 935 920 1209
f 999 856 1868
f 705 929 988
f 929 928 988
f 919 918 930
f 926 919 930
f 918 935 988
f 917 858 928
f 930 918 988
f 985 924 888
f 898 876 897
f 931 932 827
f 854 1868 856
f 827 856 999
f 938 939 993
f 941 899 897
f 899 941 999
f 827 942 916
f 896 895 880
f 896 943 937
f 916 942 866
f 944 942 827
f 896 856 943
f 856 827 943
f 896 936 869
f 936 944 869
f 943 916 937
f 916 943 827
f 942 944 866
f 869 931 870
f 931 869 932
f 866 944 936
f 896 866 936
f 985 836 891
f 896 937 866
f 937 916 866
f 899 946 947
f 827 932 944
f 944 932 869
f 946 876 947
f 871 896 870
f 896 868 895
f 868 999 895
f 876 949 950
f 949 999 950
f 931 867 870
f 871 867 868
f 896 871 868
f 867 931 827
f 827 999 867
f 948 896 880
f 872 879 999
f 880 872 948
f 896 948 876
f 948 872 949
f 876 948 949
f 872 999 949
f 940 702 834
f 876 950 897
f 950 941 897
f 941 950 999
f 898 899 947
f 876 898 947
f 999 946 899
f 834 702 102
f 952 953 1140
f 952 954 953
f 1488 1209 920
f 914 878 955
f 985 753 836
f 923 894 956
f 957 893 945
f 886 945 922
f 921 886 922
f 985 888 921
f 958 893 957
f 891 892 959
f 891 959 985
f 863 776 945
f 959 892 960
f 956 894 893
f 985 921 923
f 959 960 924
f 888 886 921
f 960 892 945
f 836 864 891
f 956 893 958
f 924 960 887
f 864 863 891
f 985 956 958
f 985 959 924
f 892 863 945
f 960 945 887
f 985 923 956
f 922 945 894
f 911 884 912
f 1018 961 962
f 901 963 964
f 965 878 877
f 963 910 966
f 967 968 969
f 1488 905 901
f 963 912 910
f 964 966 914
f 912 963 901
f 901 1014 1488
f 968 962 969
f 964 963 966
f 1018 962 968
f 955 965 901
f 901 969 970
f 970 969 962
f 905 912 901
f 964 914 955
f 901 964 955
f 884 910 912
f 972 829 961
f 965 877 967
f 877 968 967
f 878 965 955
f 901 965 967
f 961 970 962
f 901 967 969
f 961 829 970
f 1018 972 961
f 970 829 901
f 1018 878 1068
f 968 877 1018
f 966 1068 914
f 910 1068 966
f 920 1156 1068
f 855 1327 819
f 974 939 938
f 818 1026 1168
f 940 951 933
f 951 940 975
f 855 819 1327
f 976 875 993
f 977 974 933
f 939 974 977
f 875 951 975
f 705 925 862
f 978 979 980
f 985 958 981
f 979 982 980
f 983 945 984
f 986 983 987
f 858 857 927
f 928 858 927
f 926 930 988
f 927 926 988
f 988 935 925
f 1209 925 935
f 989 938 993
f 990 875 976
f 939 977 971
f 875 975 993
f 939 971 993
f 992 976 971
f 946 999 1868
f 985 986 987
f 975 940 834
f 702 940 933
f 991 995 933
f 995 991 989
f 951 990 933
f 990 951 875
f 990 992 933
f 992 990 976
f 975 834 993
f 971 976 993
f 995 989 996
f 992 977 933
f 977 992 971
f 996 989 993
f 991 938 989
f 974 991 933
f 991 974 938
f 934 997 933
f 997 934 998
f 1144 954 1000
f 753 1053 920
f 945 777 1140
f 981 957 1001
f 994 1001 1002
f 958 957 981
f 1003 1004 986
f 1002 1001 945
f 994 1002 1005
f 985 994 1005
f 981 1001 994
f 1001 957 945
f 987 983 984
f 1005 1002 1006
f 985 1005 1003
f 1004 945 983
f 986 1004 983
f 985 981 994
f 985 1003 986
f 1004 1006 945
f 1004 1003 1006
f 1003 1005 1006
f 1002 945 1006
f 987 984 982
f 984 945 980
f 982 984 980
f 985 987 982
f 945 978 980
f 979 985 982
f 1008 1009 1010
f 1014 973 1013
f 1013 1007 1018
f 830 972 1015
f 1018 1007 1012
f 1016 830 1015
f 1007 1013 973
f 1014 1018 1156
f 1016 1015 1012
f 1013 1018 1014
f 901 830 1016
f 1016 1014 901
f 1014 1016 973
f 1012 1007 973
f 830 829 972
f 1016 1012 973
f 1015 1018 1012
f 972 1018 1015
f 1019 1020 1021
f 979 978 1022
f 1023 1140 1024
f 1025 1023 1024
f 929 862 917
f 988 925 705
f 1160 1027 1028
f 954 952 1000
f 928 929 917
f 1029 1030 1011
f 954 1031 953
f 1022 978 1020
f 1179 920 1053
f 929 705 862
f 1033 996 1034
f 1035 1036 993
f 1033 934 933
f 934 1033 1034
f 997 1037 933
f 1037 997 1036
f 934 1034 998
f 997 998 1036
f 1011 1030 993
f 1038 1029 933
f 1030 1029 1038
f 754 1095 920
f 1034 996 993
f 1043 1044 1052
f 1043 1045 1044
f 952 1140 1046
f 1000 952 1046
f 1029 1047 933
f 1047 1029 1011
f 995 1033 933
f 1033 995 996
f 1048 1032 993
f 998 1034 993
f 1037 1036 1035
f 1036 998 993
f 1032 1047 1011
f 1047 1049 933
f 1032 1049 1047
f 1037 1038 933
f 1038 1037 1035
f 1030 1035 993
f 1030 1038 1035
f 1048 1049 1032
f 1032 1011 993
f 1050 1535 1051
f 1452 834 102
f 1452 993 834
f 1054 1055 1056
f 1053 753 1052
f 1042 1057 1054
f 1058 1055 1052
f 1058 1056 1055
f 1059 1060 1042
f 1053 1052 1044
f 1144 1061 1062
f 1054 1179 1042
f 1179 1045 1059
f 1053 1044 1045
f 1054 1057 1055
f 1057 1052 1055
f 1045 1043 1059
f 1053 1045 1179
f 1059 1042 1179
f 1054 1056 1179
f 1052 753 1040
f 1059 1043 1060
f 1043 1052 1060
f 1057 1060 1052
f 1057 1042 1060
f 1065 1140 1064
f 1000 1046 1066
f 1022 1020 1019
f 1144 1000 1066
f 985 1144 753
f 1066 1046 1065
f 1066 1065 1061
f 985 1031 954
f 985 1019 1031
f 1061 1065 1064
f 985 979 1022
f 1031 1021 953
f 985 1022 1019
f 978 945 1140
f 1019 1021 1031
f 1021 1140 953
f 1020 978 1140
f 1021 1020 1140
f 1144 1066 1061
f 1023 1064 1140
f 1023 1062 1064
f 1046 1140 1065
f 985 954 1144
f 1062 1061 1064
f 1160 1067 1027
f 1014 1156 1488
f 1070 1071 1072
f 1156 1018 1068
f 1156 1073 1074
f 1144 1025 1076
f 1144 1076 1077
f 1078 1077 1079
f 1077 1080 1079
f 1067 1081 1027
f 1868 854 709
f 818 1168 1026
f 1082 1083 1084
f 754 1327 1114
f 1106 1085 1086
f 1144 1077 1078
f 1144 1078 1087
f 1088 1140 1009
f 1087 1088 1009
f 1009 1140 1010
f 1024 1140 1080
f 1039 1075 1089
f 1075 1048 993
f 1092 1093 1094
f 1093 1092 1083
f 1095 754 1114
f 1096 1097 1098
f 1100 1096 1114
f 1101 1097 1100
f 1106 1102 1103
f 1088 1079 1140
f 1088 1078 1079
f 1107 1108 1069
f 1109 1110 1111
f 1049 1039 1089
f 1039 1049 1048
f 1039 1048 1075
f 933 1049 1089
f 1113 1089 1075
f 1102 1115 1103
f 102 702 1452
f 1452 702 933
f 1452 1075 993
f 1102 1106 1117
f 1056 1058 1117
f 1119 1120 1427
f 1488 1118 1209
f 1179 1056 1117
f 1052 1040 1105
f 1123 1124 1125
f 1117 1126 1102
f 1105 1129 1121
f 1129 1130 1121
f 1129 1105 1128
f 1131 1129 1128
f 1125 1124 1132
f 1124 1127 1132
f 1130 1106 1103
f 1126 1052 1105
f 1106 1131 1123
f 1106 1179 1117
f 1058 1052 1126
f 1117 1058 1126
f 1127 1122 1132
f 1122 1085 1132
f 1124 1128 1105
f 1124 1123 1128
f 1106 1125 1085
f 1115 1126 1105
f 1115 1102 1126
f 1133 1090 1134
f 1135 1133 1134
f 1127 1124 1105
f 1106 1123 1125
f 1085 1125 1132
f 1130 1131 1106
f 1130 1103 1121
f 1103 1115 1121
f 1115 1105 1121
f 1130 1129 1131
f 1131 1128 1123
f 1105 1040 1127
f 1076 1024 1080
f 1144 1062 1025
f 1140 777 1278
f 1078 1088 1087
f 1062 1023 1025
f 1080 1140 1079
f 1025 1024 1076
f 1076 1080 1077
f 1010 1140 1090
f 1136 1010 1137
f 1138 1137 1090
f 1138 1139 1137
f 1139 1136 1137
f 1144 1087 1008
f 1087 1009 1008
f 1090 1137 1010
f 1008 1010 1136
f 1144 1008 1136
f 1144 1136 1139
f 1160 1139 1067
f 1141 1142 1143
f 1145 791 792
f 1146 1116 1147
f 1535 1148 1149
f 1156 1315 1488
f 1073 1152 1074
f 1152 1315 1074
f 1156 1074 1315
f 1157 1158 1159
f 1094 1093 1082
f 1091 1163 1162
f 1190 819 1327
f 1165 1101 1100
f 1385 1099 1167
f 1168 1169 1026
f 1171 1172 1173
f 1174 1175 1172
f 1176 1177 1178
f 1165 1100 1114
f 1427 1168 1017
f 1332 1180 1181
f 1182 1183 1184
f 1158 1185 1090
f 1158 1157 1185
f 1182 1134 1183
f 1186 1099 1095
f 1095 1385 1745
f 1095 1745 920
f 1187 1385 1188
f 1114 1189 1186
f 1868 1278 946
f 1085 1122 1086
f 1092 1191 1192
f 1146 1147 1106
f 1193 1151 1194
f 1452 1113 1075
f 1186 1095 1114
f 1097 1385 1098
f 1114 1096 1195
f 1186 1189 1099
f 1196 1197 1385
f 1099 1385 1095
f 1195 1189 1114
f 1096 1100 1097
f 1096 1098 1195
f 1098 1167 1195
f 1385 1167 1098
f 1189 1167 1099
f 1189 1195 1167
f 1097 1101 1385
f 1116 1198 1127
f 1116 1146 1198
f 1200 1201 1202
f 1160 1182 1184
f 1090 1203 1199
f 1147 1116 1204
f 1116 1127 1204
f 933 1089 1113
f 1122 1127 1198
f 1086 1122 1198
f 1107 1206 1108
f 1119 1210 1211
f 1210 1212 1211
f 102 1452 1880
f 1147 1204 1205
f 1041 1118 1213
f 1194 1214 1069
f 1069 1193 1194
f 1041 1209 1118
f 1214 1194 1215
f 1194 1151 1215
f 1151 1040 1215
f 1150 1193 1069
f 1086 1198 1146
f 1146 1106 1086
f 1179 1106 1069
f 1069 1205 1150
f 1205 1069 1147
f 1343 1179 1069
f 1214 1215 1155
f 1215 1040 1155
f 1205 1216 1150
f 1134 1090 1183
f 1217 1218 1219
f 1216 1204 1127
f 1216 1205 1204
f 1208 1109 1112
f 1151 1220 1040
f 1151 1193 1220
f 1150 1216 1220
f 1216 1127 1220
f 1069 1106 1147
f 1150 1220 1193
f 1220 1127 1040
f 1108 1221 1222
f 1223 1028 1203
f 753 1063 1040
f 1184 1183 1185
f 753 1144 1160
f 1551 753 1160
f 1160 1184 1157
f 1090 1185 1183
f 1133 1203 1090
f 1133 1223 1203
f 1138 1090 1081
f 1067 1138 1081
f 1160 1028 1223
f 1027 1081 1199
f 1081 1090 1199
f 1028 1199 1203
f 1144 1139 1160
f 1139 1138 1067
f 1027 1199 1028
f 1223 1133 1135
f 1160 1223 1135
f 1160 1135 1182
f 1135 1134 1182
f 1157 1184 1185
f 1082 1084 1633
f 1224 1154 792
f 1225 1226 1227
f 1228 1269 1229
f 1152 1073 1071
f 1073 1156 1072
f 1158 1090 1231
f 1159 1158 1231
f 1232 1218 1315
f 1315 1070 1233
f 1234 1315 1233
f 1234 1153 1235
f 1070 1072 1236
f 1153 1234 1233
f 1269 1218 1217
f 1315 1152 1071
f 1073 1072 1071
f 1315 1071 1070
f 1237 1238 1227
f 1234 1235 1232
f 1236 1153 1233
f 1269 1217 1239
f 1218 1230 1219
f 1070 1236 1233
f 1315 1234 1232
f 1235 1230 1232
f 1240 1239 846
f 1239 1217 846
f 1269 1315 1218
f 1218 1232 1230
f 1217 1219 846
f 1241 1230 1235
f 1230 1241 1219
f 1153 1241 1235
f 1072 1241 1236
f 1219 1241 846
f 1156 1310 1241
f 1241 1153 1236
f 1241 1072 1156
f 1225 1242 1226
f 1164 1162 1163
f 1164 1191 1162
f 1091 1082 1633
f 1162 1094 1091
f 1162 1191 1094
f 1191 1092 1094
f 1083 1082 1093
f 1191 1164 1192
f 1084 1190 1633
f 1083 1190 1084
f 1083 819 1190
f 1243 1166 1168
f 819 1192 1164
f 1092 819 1083
f 1092 1192 819
f 1094 1082 1091
f 1164 1327 819
f 1168 1166 1170
f 1246 1247 1196
f 1174 1248 1175
f 1243 1249 1166
f 1250 1169 1170
f 1026 1169 1168
f 1243 1250 1249
f 1176 1427 1177
f 1169 1250 1243
f 1168 1169 1243
f 1251 1170 1166
f 1249 1251 1166
f 1252 1249 1250
f 1249 1252 1251
f 1252 1170 1251
f 1252 1250 1170
f 1168 1170 1169
f 1197 1196 1247
f 1385 1197 1253
f 1254 1255 1256
f 1257 1197 1247
f 1253 1197 1257
f 1385 1101 1255
f 1171 1253 1257
f 1165 1256 1255
f 1114 1246 1256
f 1260 1261 1107
f 1248 1174 1262
f 1196 1385 1254
f 1114 1256 1165
f 1246 1196 1254
f 1385 1255 1254
f 1263 1262 1264
f 1114 1257 1247
f 102 1209 1452
f 1175 1173 1172
f 1171 1257 1114
f 1175 1385 1173
f 1246 1254 1256
f 1171 1173 1253
f 1247 1246 1114
f 1165 1255 1101
f 1175 1248 1385
f 1114 1174 1172
f 1385 1253 1173
f 1172 1171 1114
f 1265 1266 1267
f 1266 1423 1267
f 1268 1176 1161
f 1141 1270 1271
f 1272 1181 1273
f 1274 1275 1276
f 1535 1149 1277
f 1090 1140 1278
f 1142 1306 1280
f 1143 1142 1280
f 1222 1281 1282
f 792 1154 1145
f 1154 1040 1145
f 1119 1285 1210
f 1633 1163 1091
f 1286 1111 1287
f 1208 1110 1109
f 1289 1290 1284
f 1041 1284 1291
f 1207 1259 1118
f 1290 1259 1258
f 1284 1290 1258
f 1111 1292 1287
f 1394 1292 1111
f 933 1113 1452
f 1110 1394 1111
f 1394 1110 1208
f 1286 1109 1111
f 1286 1287 1112
f 1041 1289 1284
f 1041 1213 1289
f 1281 1221 1040
f 1281 1222 1221
f 1112 1109 1286
f 1565 1459 1208
f 1287 1292 1112
f 1565 1208 1112
f 1208 1459 1394
f 1284 1258 1291
f 1291 1258 1293
f 1258 1259 1293
f 1289 1213 1290
f 1213 1118 1290
f 1290 1118 1259
f 1295 1296 1259
f 1296 1295 1297
f 1293 1259 1296
f 1294 1293 1296
f 1041 1291 1294
f 1291 1293 1294
f 1297 1041 1294
f 1296 1297 1294
f 1107 1069 1260
f 1069 1214 1260
f 1298 1145 1040
f 1145 1298 791
f 1154 1299 1040
f 1154 1224 1299
f 920 1179 1343
f 1282 1299 1224
f 1214 1155 1260
f 1155 1040 1261
f 1260 1155 1261
f 1278 787 946
f 1206 1261 1040
f 1206 1107 1261
f 1069 1222 1282
f 1282 1281 1299
f 1281 1040 1299
f 1343 1069 1282
f 1108 1222 1069
f 1108 1206 1221
f 1206 1040 1221
f 1224 1343 1282
f 847 1241 1300
f 1224 792 1343
f 1306 1301 1302
f 1303 1301 1306
f 1303 1304 1301
f 1304 1305 1301
f 1306 1271 1307
f 1142 1271 1306
f 1142 1141 1271
f 1240 1308 1229
f 1297 1295 1309
f 1295 1259 1311
f 1309 1295 1311
f 1285 1119 1427
f 1312 1313 1314
f 1237 1226 1269
f 1316 1313 1269
f 1156 920 1610
f 1316 1269 1228
f 1226 1237 1227
f 1313 1317 1314
f 1239 1240 1229
f 1312 1314 1238
f 1488 1315 1269
f 1317 1313 1316
f 1226 1242 1493
f 1228 1308 1320
f 1312 1269 1313
f 1239 1229 1269
f 1237 1312 1238
f 1228 1229 1308
f 1320 1317 1316
f 1228 1320 1316
f 1321 1242 1225
f 1226 1493 1269
f 1237 1269 1312
f 1308 1240 847
f 1320 1228 1300
f 1228 847 1300
f 847 1228 1320
f 1314 1300 1238
f 1238 1300 1227
f 1317 1320 1300
f 1241 1225 1227
f 1308 847 1320
f 1317 1300 1314
f 1240 846 847
f 1300 1241 1227
f 1310 1156 1610
f 1323 1324 1325
f 1212 1244 1211
f 1285 1427 1017
f 1168 1212 1017
f 1423 1244 1168
f 1633 1164 1163
f 1176 1178 1161
f 1178 1244 1161
f 1168 1244 1212
f 1327 1164 1633
f 1285 1212 1210
f 1212 1285 1017
f 1327 1633 1190
f 1272 1329 1332
f 1272 1330 1329
f 1331 1180 1332
f 1333 1283 1334
f 1283 1423 1334
f 1337 1338 1180
f 1385 1248 1263
f 1187 1188 1339
f 1329 1339 1332
f 1430 1330 1273
f 1330 1187 1329
f 1272 1332 1181
f 1262 1174 1114
f 1430 1385 1330
f 1339 1264 1114
f 1272 1273 1330
f 1340 1341 1342
f 1268 1427 1176
f 1337 1331 1344
f 1188 1263 1264
f 1248 1262 1263
f 1120 1177 1427
f 1329 1187 1339
f 1339 1188 1264
f 1345 1346 1347
f 1337 1430 1338
f 1332 1114 1327
f 1331 1337 1180
f 1330 1385 1187
f 1385 1263 1188
f 1332 1339 1114
f 1331 1348 1344
f 1264 1262 1114
f 1331 1332 1348
f 1337 1344 1430
f 1338 1273 1181
f 1430 1273 1338
f 1180 1338 1181
f 1298 1040 1349
f 1350 1298 1349
f 1868 709 920
f 1351 1352 1438
f 1880 102 1452
f 1355 1356 1430
f 1357 1326 1358
f 1277 1359 1360
f 1359 1336 1360
f 1361 1245 1279
f 1245 1423 1279
f 1362 1343 1350
f 1452 900 102
f 1326 1364 1358
f 1364 1423 1358
f 1365 1442 1366
f 1367 1365 1366
f 1041 1347 1148
f 1345 1311 1346
f 1311 1259 1346
f 1148 1368 1149
f 1041 1609 1209
f 1609 1041 1535
f 1276 1369 1370
f 1149 1359 1277
f 1368 1336 1359
f 1149 1368 1359
f 1363 1371 1372
f 1148 1288 1368
f 1288 1259 1368
f 1274 1373 1275
f 1373 1336 1275
f 1362 1363 1343
f 1374 1375 1376
f 1211 1244 1377
f 1120 1211 1377
f 1565 1112 1292
f 1292 1394 1565
f 1309 1311 1345
f 1041 1297 1309
f 1041 1309 1345
f 1277 1360 1051
f 1347 1288 1148
f 1050 1379 1380
f 1041 1345 1347
f 1346 1259 1288
f 1347 1346 1288
f 1368 1259 1336
f 1535 1277 1051
f 1381 1050 1051
f 1379 1381 1336
f 1381 1379 1050
f 1336 1259 1207
f 1382 1383 1384
f 1360 1336 1381
f 1051 1360 1381
f 1041 1148 1535
f 1535 1050 1380
f 1372 1343 1363
f 1382 1387 1383
f 1387 1063 1383
f 1388 1349 1040
f 1388 1362 1349
f 1389 1383 1063
f 1389 1384 1383
f 1363 1388 1371
f 1388 1063 1371
f 1343 791 1350
f 1388 1040 1063
f 791 1298 1350
f 1391 1371 1063
f 1391 1372 1371
f 1343 1382 1384
f 1386 1390 1393
f 1427 1357 1333
f 1350 1349 1362
f 1451 1336 1207
f 1362 1388 1363
f 1343 1372 1386
f 1372 1391 1386
f 1382 1343 1393
f 1387 1390 1063
f 1387 1393 1390
f 1386 1393 1343
f 1395 1374 1376
f 1386 1391 1390
f 1391 1063 1390
f 1393 1387 1382
f 1397 1310 1398
f 1304 1303 1399
f 1400 1403 1401
f 1401 1403 1402
f 1303 1306 1404
f 1399 1303 1404
f 1341 1306 1406
f 1342 1341 1406
f 1340 1407 1408
f 1306 1408 1409
f 1341 1408 1306
f 1341 1340 1408
f 1306 1410 1411
f 1412 1322 1413
f 1275 1336 1369
f 1276 1275 1369
f 1398 1310 1322
f 1535 1380 1274
f 1333 1357 1283
f 1380 1373 1274
f 1348 1415 1344
f 1416 1333 1334
f 1397 1417 1324
f 1118 1488 1207
f 1324 1417 1325
f 1419 1323 1493
f 1177 1377 1178
f 1377 1244 1178
f 1420 1323 1419
f 1396 1242 1321
f 1323 1420 1324
f 1419 1395 1376
f 1412 1421 1322
f 1396 1493 1242
f 1493 1395 1419
f 1375 1420 1376
f 1392 1493 1422
f 1392 1421 1493
f 1488 1269 1493
f 1396 1321 1374
f 1417 1398 1422
f 1395 1396 1374
f 1395 1493 1396
f 1420 1419 1397
f 1419 1375 1397
f 1375 1419 1420
f 1493 1325 1422
f 1421 1392 1322
f 1420 1419 1376
f 1392 1422 1398
f 1321 1375 1374
f 1392 1398 1322
f 1325 1417 1422
f 1493 1323 1325
f 1420 1397 1324
f 1241 1397 1375
f 1225 1241 1375
f 1321 1225 1375
f 1397 1398 1417
f 1310 1397 1241
f 1424 1425 1319
f 1268 1161 1364
f 1161 1244 1364
f 1326 1268 1364
f 1427 1268 1326
f 1119 1211 1120
f 1177 1120 1377
f 1357 1358 1283
f 1358 1423 1283
f 1357 1427 1326
f 1244 1423 1364
f 1427 1333 1416
f 1416 1334 1426
f 1334 1423 1426
f 1348 1332 1429
f 1267 1423 1868
f 1168 1427 1423
f 1428 1431 1429
f 1432 1433 1434
f 1328 1435 1436
f 1431 1355 1430
f 1430 1344 1415
f 1431 1430 1415
f 1431 1415 1429
f 1428 1332 1355
f 1437 1400 1401
f 1414 1318 1353
f 1439 1442 1440
f 1441 1439 1440
f 1265 1443 1266
f 1348 1429 1415
f 1332 1356 1355
f 1430 1745 1385
f 1431 1428 1355
f 1428 1429 1332
f 1332 1327 1356
f 1868 1506 1267
f 1361 1444 1245
f 1445 1343 1446
f 1447 1448 1449
f 1414 1354 1450
f 1354 1423 1450
f 1459 1438 1394
f 1394 1438 1518
f 1453 1454 1451
f 1454 1453 1455
f 1456 1561 1552
f 1561 1456 1457
f 1458 1063 1598
f 1389 1063 1460
f 1446 1389 1460
f 1535 1455 1462
f 1535 1274 1276
f 1379 1336 1373
f 1380 1379 1373
f 1369 1336 1451
f 1463 1464 1465
f 1423 1427 1318
f 1361 1279 1353
f 1370 1369 1378
f 1369 1451 1378
f 1535 1276 1370
f 1453 1451 1467
f 1462 1453 1467
f 1468 1535 1462
f 1467 1468 1462
f 1454 1455 1469
f 1535 1370 1469
f 1370 1378 1469
f 1378 1451 1454
f 1469 1378 1454
f 1455 1453 1462
f 1471 1470 1451
f 1470 1467 1451
f 1467 1470 1468
f 1455 1535 1469
f 1446 1460 1445
f 920 1343 1598
f 1598 1516 1458
f 1343 1516 1598
f 1445 1458 1516
f 1472 1473 1474
f 1488 1451 1207
f 1445 1516 1343
f 1384 1389 1446
f 1343 1384 1446
f 1458 1460 1063
f 1458 1445 1460
f 1063 753 1551
f 1306 1476 1477
f 1478 1477 1476
f 1479 1477 1478
f 1480 1481 1482
f 1400 1483 1484
f 1485 1543 1437
f 1403 1486 1479
f 1402 1449 1485
f 1401 1402 1485
f 1328 1436 1487
f 1436 1423 1487
f 1488 1471 1451
f 1424 1465 1464
f 1489 1490 1491
f 1310 1319 1413
f 1413 1492 1491
f 1494 1495 1496
f 1318 1361 1353
f 1497 1498 1499
f 1492 1319 1499
f 1463 1465 1480
f 1498 1493 1489
f 1500 1413 1491
f 1498 1492 1499
f 1493 1490 1489
f 1490 1503 1500
f 1503 1412 1500
f 1503 1421 1412
f 1492 1489 1491
f 1464 1463 1493
f 1492 1498 1489
f 1322 1310 1413
f 1490 1500 1491
f 1503 1493 1421
f 1503 1490 1493
f 1504 1424 1464
f 1504 1493 1497
f 1493 1504 1464
f 1504 1425 1424
f 1504 1497 1425
f 1497 1493 1498
f 1497 1499 1425
f 1499 1319 1425
f 1310 1424 1319
f 1465 1424 1310
f 1500 1412 1413
f 1492 1489 1319
f 1489 1413 1319
f 1413 1489 1492
f 1610 1501 1310
f 1494 1310 1505
f 1435 1450 1436
f 1450 1423 1436
f 1318 1414 1435
f 1414 1353 1354
f 1443 1487 1266
f 1487 1423 1266
f 1353 1279 1354
f 1279 1423 1354
f 1265 1318 1443
f 1318 1427 1444
f 1426 1423 1245
f 1444 1426 1245
f 1416 1426 1444
f 1414 1450 1435
f 1318 1328 1443
f 1328 1487 1443
f 1427 1416 1444
f 1328 1318 1435
f 1361 1318 1444
f 1507 1508 1518
f 1430 1356 1745
f 1459 1442 1351
f 1327 900 1335
f 1327 1745 1356
f 1511 1507 1518
f 1512 1510 1511
f 1595 1394 1518
f 1510 1442 1461
f 1511 1510 1461
f 1517 1305 1304
f 1351 1442 1509
f 1352 1351 1509
f 1512 1511 1518
f 1511 1461 1507
f 1507 1514 1508
f 1509 1442 1510
f 1512 1509 1510
f 1438 1352 1518
f 1459 1351 1438
f 1352 1509 1512
f 1461 1442 1514
f 1507 1461 1514
f 1352 1512 1518
f 1519 1442 1520
f 1521 1519 1520
f 1366 1442 1439
f 1522 1366 1439
f 1200 1418 1201
f 1418 1471 1201
f 1201 1471 1523
f 1202 1201 1523
f 1524 1471 1525
f 1526 1524 1525
f 1880 1452 102
f 1459 1565 1442
f 1528 1418 1200
f 1529 1530 1531
f 1535 1200 1202
f 1470 1471 1418
f 1528 1470 1418
f 1534 1535 1526
f 1532 1536 1524
f 1536 1471 1524
f 1535 1202 1529
f 1202 1523 1529
f 1529 1523 1530
f 1523 1471 1530
f 1535 1528 1200
f 1535 1531 1532
f 1535 1468 1528
f 1468 1470 1528
f 1531 1536 1532
f 1530 1471 1536
f 1531 1530 1536
f 1533 1525 1471
f 1525 1533 1534
f 1535 1529 1531
f 1532 1524 1526
f 1525 1534 1526
f 1535 1532 1526
f 1502 1537 1481
f 1539 1306 1477
f 1305 1517 1540
f 1403 1478 1448
f 1542 1517 1399
f 1403 1448 1447
f 1485 1306 1543
f 1448 1476 1449
f 1476 1306 1449
f 1437 1401 1485
f 1403 1479 1478
f 1437 1483 1400
f 1486 1539 1479
f 1479 1539 1477
f 1437 1543 1483
f 1447 1449 1402
f 1403 1447 1402
f 1448 1478 1476
f 1449 1306 1485
f 1551 1403 1405
f 1880 1452 102
f 1545 1546 1547
f 1548 1545 1547
f 1482 1481 1549
f 1480 1465 1502
f 1541 1548 1550
f 1546 1598 1541
f 1063 1551 1598
f 1598 1551 1541
f 1545 1548 1551
f 1541 1551 1548
f 1546 1550 1547
f 1550 1548 1547
f 1515 1545 1551
f 1546 1541 1550
f 1546 1545 1515
f 1405 1400 1484
f 1405 1403 1400
f 1546 1515 1754
f 1484 1483 1554
f 1555 1554 1556
f 1496 1557 1494
f 1557 1502 1494
f 1502 1557 1496
f 1515 1551 1552
f 1551 1405 1552
f 1515 1552 1754
f 1483 1543 1554
f 1558 1559 1560
f 1457 1556 1561
f 1457 1555 1556
f 1556 1543 1561
f 1543 1556 1554
f 1405 1555 1457
f 1456 1405 1457
f 1405 1484 1555
f 1484 1554 1555
f 1405 1456 1552
f 1562 1563 1505
f 1552 1561 1631
f 1561 1543 1631
f 1552 1631 1754
f 1505 1310 1564
f 1543 1278 1631
f 1567 1527 1568
f 1481 1537 1549
f 1569 1494 1505
f 1465 1310 1502
f 1463 1480 1482
f 1562 1677 1563
f 1502 1496 1537
f 1570 1562 1564
f 1493 1557 1571
f 1557 1496 1571
f 1563 1677 1572
f 1570 1677 1562
f 1570 1564 1573
f 1496 1495 1571
f 1677 1575 1576
f 1310 1494 1502
f 1482 1549 1493
f 1562 1505 1564
f 1493 1463 1482
f 1537 1496 1557
f 1572 1677 1493
f 1563 1572 1569
f 1549 1537 1557
f 1493 1549 1557
f 1577 1578 1579
f 1538 1580 1581
f 1488 1493 1677
f 1572 1571 1495
f 1572 1495 1569
f 1563 1569 1505
f 1571 1572 1493
f 1502 1481 1480
f 1578 1577 1573
f 1495 1494 1569
f 1575 1583 1584
f 1506 1265 1267
f 1318 1265 1506
f 1586 1367 1601
f 1588 1586 1601
f 1521 1466 1601
f 1423 1318 1506
f 1423 1506 1868
f 1589 1590 1591
f 1592 1593 1594
f 1335 900 1104
f 1522 1441 1601
f 1521 1520 1466
f 1518 1508 1521
f 1441 1440 1597
f 1587 1442 1365
f 1586 1587 1365
f 1508 1519 1521
f 1518 1521 1601
f 1367 1366 1522
f 1522 1439 1441
f 1586 1365 1367
f 1466 1596 1588
f 1514 1442 1519
f 1508 1514 1519
f 1596 1442 1587
f 1588 1596 1587
f 1367 1522 1601
f 1520 1442 1596
f 1466 1520 1596
f 1599 1580 1600
f 1466 1588 1601
f 1588 1587 1586
f 1441 1597 1601
f 1565 1595 1442
f 1602 1475 1410
f 1585 1603 1604
f 1452 1605 1606
f 1538 1574 1600
f 1610 1609 1568
f 1609 1567 1568
f 1535 1534 1609
f 1534 1533 1611
f 1567 1608 1527
f 1608 1471 1527
f 1609 1534 1611
f 1533 1471 1608
f 1611 1533 1608
f 1611 1608 1567
f 1609 1611 1567
f 1527 1471 1610
f 1568 1527 1610
f 1609 1610 1745
f 1595 1565 1394
f 1488 1610 1471
f 1677 1612 1613
f 1614 1615 1616
f 1617 1615 1614
f 1585 1501 1603
f 1564 1310 1578
f 1618 1619 1577
f 1620 1618 1579
f 1677 1610 1488
f 1578 1583 1579
f 1614 1616 1603
f 1677 1619 1618
f 1622 1623 1624
f 1570 1573 1619
f 1573 1577 1619
f 1583 1620 1585
f 1620 1578 1585
f 1578 1620 1583
f 1576 1604 1582
f 1625 1574 1538
f 1677 1618 1620
f 1583 1575 1620
f 1570 1619 1677
f 1618 1577 1579
f 1626 1559 1627
f 1575 1677 1620
f 1583 1620 1579
f 1615 1617 1628
f 1584 1604 1576
f 1575 1584 1576
f 1559 1629 1627
f 1501 1614 1603
f 1582 1677 1576
f 1677 1582 1616
f 1604 1603 1582
f 1616 1582 1603
f 1677 1616 1615
f 1573 1564 1578
f 1584 1583 1585
f 1310 1585 1578
f 1630 1629 1559
f 1585 1604 1584
f 1585 1310 1501
f 1677 1615 1628
f 1634 1635 1636
f 1635 1442 1637
f 1636 1635 1637
f 1593 1442 1638
f 1594 1593 1638
f 1601 1597 1592
f 1542 1409 1407
f 920 1745 1868
f 1639 1640 1689
f 1542 1404 1409
f 1304 1399 1517
f 1641 1442 1593
f 1592 1641 1593
f 1302 1540 1280
f 1280 1306 1302
f 1540 1143 1280
f 1407 1409 1408
f 1306 1409 1404
f 1302 1305 1540
f 1517 1160 1642
f 1643 1406 1411
f 1637 1442 1595
f 1601 1637 1595
f 1475 1602 1486
f 1602 1410 1306
f 1517 1407 1340
f 1517 1542 1407
f 1270 1141 1517
f 1642 1307 1270
f 1406 1306 1411
f 1342 1406 1643
f 1540 1517 1143
f 1592 1594 1601
f 1440 1442 1641
f 1597 1440 1641
f 1594 1638 1634
f 1638 1442 1635
f 1634 1638 1635
f 1634 1636 1601
f 1597 1641 1592
f 1302 1301 1305
f 1090 1278 1306
f 1270 1517 1642
f 1403 1517 1643
f 1160 1517 1551
f 1270 1307 1271
f 1403 1551 1517
f 1403 1643 1644
f 1141 1143 1517
f 1643 1411 1644
f 1754 1734 1546
f 1399 1404 1542
f 1517 1342 1643
f 1517 1340 1342
f 1090 1306 1307
f 1644 1411 1410
f 1475 1644 1410
f 1642 1160 1159
f 1157 1159 1160
f 1403 1475 1486
f 1642 1159 1231
f 1307 1642 1231
f 1090 1307 1231
f 1602 1306 1539
f 1486 1602 1539
f 1403 1644 1475
f 1306 1278 1543
f 1868 1745 1650
f 1594 1634 1601
f 1636 1637 1601
f 1645 1646 1647
f 1518 1601 1595
f 1513 1649 1648
f 1209 1595 1452
f 1651 1661 1652
f 1209 1609 1745
f 1599 1600 1623
f 1538 1581 1625
f 1598 1574 1654
f 1625 1657 1654
f 1654 1574 1625
f 1653 1745 1654
f 1600 1574 1623
f 1646 1656 1658
f 1574 1598 1546
f 1659 1655 1660
f 1623 1574 1624
f 1646 1653 1656
f 1662 1653 1663
f 1664 1656 1665
f 1647 1655 1659
f 1662 1663 1660
f 1663 1659 1660
f 1667 1668 1669
f 1617 1672 1628
f 1675 1673 1868
f 1868 1650 1553
f 1708 1631 1868
f 1631 1278 1868
f 1632 1679 1680
f 1501 1632 1681
f 1682 1629 1630
f 1677 1613 1680
f 1560 1559 1626
f 1683 1672 1560
f 1559 1626 1630
f 1626 1558 1630
f 1558 1626 1559
f 1681 1632 1613
f 1612 1682 1681
f 1678 1627 1629
f 1684 1621 1677
f 1612 1678 1682
f 1683 1677 1628
f 1683 1628 1672
f 1677 1683 1626
f 1683 1560 1626
f 1501 1630 1558
f 1612 1681 1613
f 1677 1626 1627
f 1627 1678 1677
f 1612 1677 1678
f 1678 1629 1682
f 1613 1632 1680
f 1681 1630 1501
f 1672 1617 1558
f 1614 1501 1558
f 1672 1558 1560
f 1617 1614 1558
f 1682 1630 1681
f 1680 1679 1684
f 1745 1327 1595
f 1591 1590 1687
f 1690 1691 1606
f 1691 1690 1544
f 900 1688 1725
f 1671 1693 1694
f 1688 900 1452
f 1695 1725 1696
f 1697 1698 1699
f 1698 1700 1699
f 1622 1701 1653
f 1655 1574 1546
f 1702 1703 1704
f 1674 1650 1673
f 1705 1706 1707
f 1706 1674 1707
f 1868 1553 1675
f 1706 1553 1674
f 1705 1553 1706
f 1707 1674 1673
f 1675 1707 1673
f 1675 1705 1707
f 1710 1711 1712
f 1713 1710 1712
f 1595 1209 1442
f 1622 1599 1623
f 1714 1813 1715
f 1600 1580 1538
f 1656 1653 1665
f 1452 1472 1474
f 1657 1581 1653
f 1474 1605 1452
f 1474 1566 1605
f 1544 1452 1880
f 1605 1566 1690
f 1566 1544 1690
f 1606 1716 1452
f 1716 1648 1649
f 1473 1607 1544
f 1452 1607 1472
f 1473 1566 1474
f 1566 1473 1544
f 1452 1544 1607
f 1472 1607 1473
f 1606 1691 1716
f 1605 1690 1606
f 1452 1716 1649
f 1691 1513 1648
f 1513 1691 1544
f 1716 1691 1648
f 1649 1880 1452
f 1513 1544 1880
f 1880 1649 1513
f 1625 1581 1657
f 1653 1645 1663
f 1598 1745 920
f 1654 1745 1598
f 1580 1653 1581
f 1653 1666 1665
f 1622 1653 1599
f 1701 1622 1624
f 1653 1701 1669
f 1667 1701 1624
f 1715 1813 1718
f 1666 1669 1668
f 1657 1653 1654
f 1664 1665 1719
f 1666 1653 1669
f 1580 1599 1653
f 1645 1653 1646
f 1656 1664 1658
f 1666 1668 1719
f 1665 1666 1719
f 1647 1646 1658
f 1667 1669 1701
f 1655 1647 1658
f 1662 1661 1653
f 1673 1897 1868
f 1663 1645 1659
f 1645 1647 1659
f 1660 1670 1662
f 1703 1721 1722
f 1677 1680 1684
f 1675 1553 1705
f 1679 1632 1621
f 920 1745 1610
f 1679 1621 1684
f 1677 1621 1610
f 1632 1501 1621
f 1610 1685 1501
f 1501 1685 1621
f 1710 1692 1711
f 1711 1724 1712
f 1726 1725 1695
f 1728 900 1725
f 1728 1725 1727
f 1728 1727 1729
f 1727 1730 1729
f 1700 1725 1726
f 1709 1104 1728
f 1709 1699 1731
f 1730 1725 1698
f 1727 1725 1730
f 1104 900 1728
f 1700 1726 1731
f 1699 1700 1731
f 1709 1728 1729
f 1726 1695 1732
f 1731 1726 1732
f 1730 1698 1697
f 1698 1725 1700
f 1729 1730 1697
f 1709 1729 1697
f 1724 1711 1692
f 1695 1696 1733
f 1709 1697 1699
f 1709 1731 1732
f 1696 1725 1710
f 1725 1692 1710
f 1733 1696 1713
f 1696 1710 1713
f 1732 1695 1733
f 1709 1712 1724
f 1709 1733 1713
f 1709 1713 1712
f 1709 1732 1733
f 1692 1725 1688
f 1724 1692 1688
f 1709 1724 1688
f 1574 1667 1624
f 1335 1104 1452
f 1595 1442 1209
f 1735 1764 1736
f 1709 1452 1104
f 1688 1452 1709
f 1737 1738 1739
f 1740 1741 1742
f 1743 1806 1744
f 1747 1748 1749
f 1668 1667 1655
f 1673 1745 1897
f 1750 1751 1752
f 1754 1631 1708
f 1734 1670 1546
f 1655 1667 1574
f 1670 1655 1546
f 1755 1714 1756
f 1661 1751 1750
f 1650 1745 1673
f 1757 1758 1759
f 1674 1553 1650
f 1744 1702 1762
f 1668 1655 1719
f 1755 1813 1714
f 1670 1660 1655
f 1766 1661 1651
f 1718 1767 1768
f 1670 1661 1662
f 1769 1746 1770
f 1664 1655 1658
f 1655 1664 1719
f 1771 1763 1736
f 1897 1745 1813
f 1734 1661 1670
f 1661 1756 1773
f 1661 1774 1775
f 1776 1806 1777
f 1781 1782 1783
f 1734 1782 1781
f 1715 1718 1784
f 1754 1671 1734
f 1754 1708 1671
f 1661 1771 1787
f 1788 1789 1790
f 1791 1746 1792
f 1793 1764 1772
f 1671 1794 1762
f 1795 1796 1797
f 1797 1788 1795
f 1651 1792 1769
f 1799 1791 1800
f 1736 1779 1771
f 1661 1801 1741
f 1770 1746 1802
f 1717 1803 1720
f 1661 1803 1717
f 1766 1770 1765
f 1720 1746 1717
f 1661 1786 1653
f 1735 1736 1763
f 1745 1653 1786
f 1792 1746 1769
f 1661 1765 1803
f 1717 1786 1661
f 1661 1800 1652
f 1804 1742 1741
f 1749 1775 1747
f 1661 1741 1740
f 1802 1746 1720
f 1766 1769 1770
f 1661 1775 1749
f 1799 1746 1791
f 1767 1804 1801
f 1714 1715 1773
f 1813 1745 1786
f 1804 1813 1746
f 1804 1746 1742
f 1767 1813 1804
f 1802 1720 1803
f 1770 1802 1765
f 1742 1799 1740
f 1651 1769 1766
f 1765 1661 1766
f 1773 1756 1714
f 1742 1746 1799
f 1808 1747 1775
f 1652 1792 1651
f 1813 1786 1746
f 1741 1801 1804
f 1652 1791 1792
f 1778 1764 1809
f 1800 1740 1799
f 1718 1813 1767
f 1661 1740 1800
f 1736 1764 1813
f 1661 1814 1763
f 1748 1752 1751
f 1787 1771 1779
f 1751 1749 1748
f 1748 1813 1752
f 1734 1815 1753
f 1763 1814 1735
f 1808 1813 1747
f 1661 1816 1814
f 1779 1813 1807
f 1752 1813 1755
f 1756 1750 1755
f 1661 1784 1768
f 1817 1793 1818
f 1819 1783 1782
f 1734 1820 1818
f 1772 1812 1821
f 1814 1816 1822
f 1753 1815 1778
f 1772 1764 1812
f 1779 1807 1787
f 1807 1813 1808
f 1817 1764 1793
f 1774 1787 1807
f 1661 1763 1771
f 1764 1897 1813
f 1776 1777 1760
f 1809 1764 1822
f 1778 1809 1753
f 1661 1787 1774
f 1823 1811 1817
f 1819 1811 1783
f 1822 1764 1735
f 1812 1764 1778
f 1734 1825 1826
f 1820 1781 1823
f 1818 1820 1817
f 1826 1825 1810
f 1817 1811 1764
f 1821 1676 1772
f 1897 1764 1811
f 1827 1806 1811
f 1777 1798 1828
f 1810 1819 1826
f 1798 1806 1827
f 1827 1811 1810
f 1810 1811 1819
f 1829 1830 1831
f 1827 1810 1825
f 1721 1806 1776
f 1825 1833 1827
f 1734 1676 1821
f 1734 1828 1833
f 1777 1806 1798
f 1734 1835 1760
f 1783 1811 1823
f 1702 1806 1703
f 1897 1834 1836
f 1897 1811 1806
f 1837 1785 1831
f 1838 1839 1840
f 1841 1805 1832
f 1842 1843 1844
f 1671 1694 1761
f 1805 1806 1832
f 1759 1845 1757
f 1734 1704 1722
f 1839 1846 1693
f 1671 1761 1841
f 1761 1847 1805
f 1671 1830 1829
f 1794 1844 1743
f 1761 1805 1841
f 1722 1704 1703
f 1703 1806 1721
f 1897 1806 1785
f 1832 1806 1843
f 1762 1794 1744
f 1843 1806 1743
f 1796 1785 1837
f 1761 1694 1847
f 1757 1785 1758
f 1708 1848 1845
f 1824 1838 1849
f 1671 1849 1840
f 1830 1780 1837
f 1824 1785 1838
f 1837 1831 1830
f 1671 1797 1780
f 1780 1797 1796
f 1758 1790 1789
f 1671 1789 1788
f 1838 1785 1839
f 1834 1757 1845
f 1849 1829 1824
f 1846 1785 1847
f 1839 1785 1846
f 1831 1785 1824
f 1758 1785 1790
f 1671 1708 1759
f 1845 1848 1834
f 1708 1845 1759
f 1790 1785 1795
f 1848 1836 1834
f 1708 1836 1848
f 1661 1768 1801
f 1768 1784 1718
f 1784 1773 1715
f 1652 1800 1791
f 1803 1765 1802
f 1717 1746 1786
f 1661 1773 1784
f 1801 1768 1767
f 1752 1755 1750
f 1661 1750 1756
f 1809 1822 1816
f 1747 1813 1748
f 1661 1749 1751
f 1822 1735 1814
f 1807 1808 1774
f 1736 1813 1779
f 1775 1774 1808
f 1815 1821 1812
f 1734 1753 1816
f 1816 1753 1809
f 1661 1734 1816
f 1734 1818 1676
f 1734 1821 1815
f 1676 1818 1793
f 1812 1778 1815
f 1793 1772 1676
f 1783 1823 1781
f 1734 1781 1820
f 1823 1817 1820
f 1734 1826 1782
f 1782 1826 1819
f 1798 1827 1833
f 1734 1833 1825
f 1734 1722 1835
f 1760 1835 1776
f 1734 1760 1828
f 1828 1760 1777
f 1833 1828 1798
f 1835 1722 1721
f 1721 1776 1835
f 1744 1806 1702
f 1844 1671 1842
f 1671 1762 1704
f 1704 1762 1702
f 1734 1671 1704
f 1842 1832 1843
f 1843 1743 1844
f 1671 1844 1794
f 1743 1744 1794
f 1841 1832 1842
f 1842 1671 1841
f 1847 1806 1805
f 1847 1785 1806
f 1846 1847 1694
f 1694 1693 1846
f 1840 1849 1838
f 1671 1840 1693
f 1693 1840 1839
f 1671 1829 1849
f 1831 1824 1829
f 1795 1785 1796
f 1671 1780 1830
f 1671 1788 1797
f 1790 1795 1788
f 1796 1837 1780
f 1671 1759 1789
f 1789 1759 1758
f 1757 1897 1785
f 1834 1897 1757
f 1708 1897 1836
f 1708 1868 1897
f 1610 1621 1685
f 1850 1851 1852
f 1640 1589 1689
f 1590 1589 1640
f 1639 1689 1687
f 1590 1640 1639
f 1689 1589 1687
f 1589 1861 1687
f 1589 1591 1861
f 1853 1686 1854
f 1590 1639 1687
f 1854 1686 1433
f 1860 1452 1857
f 1738 1860 1858
f 1860 1738 1335
f 1335 1452 1860
f 1858 1860 1859
f 1875 1737 1739
f 1859 1739 1858
f 1737 1335 1738
f 1335 1737 1875
f 1739 1738 1858
f 1875 1327 1335
f 1859 1860 1857
f 1595 1209 1745
f 1853 1863 1686
f 1853 1432 1863
f 1591 1687 1861
f 1862 1723 1433
f 1432 1854 1433
f 1686 1862 1433
f 1853 1854 1432
f 1686 1863 1862
f 1855 1868 1892
f 1433 1723 1434
f 1865 1866 1867
f 1855 1881 1888
f 1856 1869 1870
f 1871 1872 1888
f 1872 1852 1888
f 1869 1873 1870
f 1868 1874 1887
f 1869 1865 1873
f 1739 1859 1875
f 1872 1876 1850
f 1871 1876 1872
f 1872 1850 1852
f 1875 1859 1857
f 1857 1452 1875
f 1877 1878 1921
f 1687 1899 1723
f 1861 1723 1899
f 1687 1723 1862
f 1862 1723 1861
f 1863 1434 1862
f 1863 1432 1434
f 1434 1723 1862
f 1883 1884 1879
f 1856 1851 1850
f 1892 1886 1855
f 1888 1865 1867
f 1861 1687 1862
f 1870 1873 1885
f 1881 1856 1876
f 1856 1870 1851
f 1884 1886 1879
f 1876 1856 1850
f 1861 1899 1687
f 1881 1871 1888
f 1871 1881 1876
f 1873 1865 1888
f 1870 1885 1851
f 1856 1855 1886
f 1855 1856 1881
f 1851 1885 1852
f 1889 1883 1879
f 1889 1890 1883
f 1885 1873 1888
f 1865 1869 1866
f 1884 1894 1886
f 1869 1856 1866
f 1852 1885 1888
f 1920 1855 1888
f 1868 1855 1920
f 1890 1895 1896
f 1856 1886 1866
f 1875 1595 1327
f 1900 1901 1891
f 1900 1882 1901
f 1895 1889 1879
f 1889 1895 1890
f 1901 1893 1891
f 1902 1903 1904
f 1899 1864 1905
f 1864 1906 1905
f 1875 1452 1595
f 1892 1891 1893
f 1877 1907 1878
f 1907 1899 1878
f 1908 1909 1882
f 1892 1909 1908
f 1884 1883 1890
f 1901 1874 1893
f 1882 1874 1901
f 1892 1887 1909
f 1900 1891 1908
f 1891 1892 1908
f 1900 1908 1882
f 1920 1895 1879
f 1879 1886 1920
f 1896 1895 1920
f 1898 1877 1921
f 1906 1864 1898
f 1878 1861 1921
f 1899 1861 1878
f 1864 1907 1898
f 1899 1907 1864
f 1907 1877 1898
f 1903 1921 1904
f 1911 1903 1902
f 1899 1911 1902
f 1874 1868 1892
f 1912 1905 1913
f 1912 1899 1905
f 1909 1874 1882
f 1874 1909 1887
f 1874 1892 1893
f 1920 1915 1896
f 1868 1887 1892
f 1894 1914 1886
f 1916 1917 1921
f 1918 1866 1886
f 1920 1919 1915
f 1914 1918 1886
f 1866 1918 1867
f 1914 1915 1919
f 1920 1867 1919
f 1894 1884 1896
f 1914 1919 1918
f 1894 1896 1915
f 1919 1867 1918
f 1894 1915 1914
f 1920 1888 1867
f 1890 1896 1884
f 1892 1920 1886
f 1905 1906 1913
f 1916 1921 1903
f 1921 1910 1904
f 1910 1902 1904
f 1899 1902 1910
f 1899 1912 1922
f 1912 1917 1922
f 1906 1898 1921
f 1917 1913 1921
f 1921 1899 1910
f 1911 1922 1916
f 1922 1911 1899
f 1913 1906 1921
f 1922 1917 1916
f 1912 1913 1917
f 1911 1916 1903
f 1861 1899 1921
f 1892 1868 1920

