timestamp,pos1,pos2,pos3,pos4,pos5,aperture,goal_pos1,goal_pos2,goal_pos3,goal_pos4,goal_pos5,goal_aperture,current1,current2,current3,current4,current5,vel1,vel2,vel3,vel4,vel5,temp1,temp2,temp3,temp4,temp5,pwm1,pwm2,pwm3,pwm4,pwm5,volts1,volts2,volts3,volts4,volts5,force_x,force_y,force_z,force_gripper_x,force_gripper_y,force_gripper_z
0.0072154998779296,-0.0076699366643516,0.2776517072495308,-0.200952340606014,0.935732273050905,-1.27781144828099,-11.07267221479512,-0.0076699366643516,0.2485059479249944,-0.2070882899374953,0.9326642983851644,-1.2841982857180343,-11.084257180785213,-5.38,-352.39,-59.18,-13.45,-88.77,0.0,0.0,0.0,0.0,0.0,32,36,36,34,36,0,-119,-25,-13,-25,12.9,12.9,12.9,12.8,12.7,-999,-999,-999,0.0,0.0,0.0
0.0220172405242919,-0.0076699366643516,0.2776517072495308,-0.200952340606014,0.935732273050905,-1.2793454356138605,-11.075479537091322,-0.0076699366643516,0.2485059479249944,-0.2070882899374953,0.9326642983851644,-1.2841982857180343,-11.084257180785213,-5.38,-352.39,-59.18,-13.45,-86.08,0.0,0.0,0.0,0.0,0.0,32,36,36,34,36,0,-119,-25,-13,-25,12.9,12.9,12.8,12.8,12.7,-999,-999,-999,0.0,0.0,0.0
0.034231424331665,-0.0076699366643516,0.2776517072495308,-0.200952340606014,0.935732273050905,-1.27781144828099,-11.07267221479512,-0.0061359493314813,0.2485059479249944,-0.2070882899374953,0.9326642983851644,-1.2841982857180343,-11.084257180785213,-5.38,-352.39,-59.18,-13.45,-88.77,0.0,0.0,0.0,0.0,0.0,32,36,36,34,36,0,-119,-25,-13,-25,12.9,12.9,12.9,12.8,12.7,-999,-999,-999,0.0,0.0,0.0
0.0511915683746337,-0.0076699366643516,0.2776517072495308,-0.200952340606014,0.935732273050905,-1.27781144828099,-11.07267221479512,-0.0061359493314813,0.2485059479249944,-0.2070882899374953,0.9341982857180346,-1.2841982857180343,-11.084257180785213,-5.38,-352.39,-53.8,-16.14,-88.77,0.0,0.0,0.0,0.0,0.0,32,36,36,34,36,6,-119,-25,-13,-25,12.9,13.0,12.9,12.8,12.7,-999,-999,-999,0.0,0.0,0.0
0.0681750774383544,-0.0076699366643516,0.2776517072495308,-0.200952340606014,0.935732273050905,-1.27781144828099,-11.07267221479512,-0.0076699366643516,0.2485059479249944,-0.2070882899374953,0.9326642983851644,-1.2841982857180343,-11.084257180785213,-5.38,-352.39,-61.87,-16.14,-86.08,0.0,0.0,0.0,0.0,0.0,32,37,36,34,36,6,-119,-25,-7,-25,12.9,12.8,12.9,12.8,12.7,-999,-999,-999,0.0,0.0,0.0
0.0851690769195556,-0.0076699366643516,0.2776517072495308,-0.200952340606014,0.935732273050905,-1.27781144828099,-11.07267221479512,-0.0061359493314813,0.2485059479249944,-0.2070882899374953,0.9341982857180346,-1.2841982857180343,-11.084257180785213,-2.69,-349.7,-59.18,-13.45,-88.77,0.0,0.0,0.0,0.0,0.0,32,37,36,34,36,0,-119,-25,-13,-25,12.9,12.8,12.8,12.8,12.8,-999,-999,-999,0.0,0.0,0.0
0.1021883487701416,-0.0076699366643516,0.2776517072495308,-0.2024863279388843,0.935732273050905,-1.27781144828099,-11.07267221479512,-0.0061359493314813,0.2485059479249944,-0.2070882899374953,0.9326642983851644,-1.2841982857180343,-11.084257180785213,-2.69,-352.39,-59.18,-16.14,-75.32,0.0,0.0,0.0,0.0,0.0,32,37,37,35,36,6,-119,-25,-7,-25,12.9,12.9,12.9,13.0,12.8,-999,-999,-999,0.0,0.0,0.0
0.1191697120666503,-0.0076699366643516,0.2761177199166604,-0.200952340606014,0.935732273050905,-1.2793454356138605,-11.075479537091322,-0.0076699366643516,0.2485059479249944,-0.2070882899374953,0.9326642983851644,-1.2841982857180343,-11.084257180785213,-2.69,-352.39,-61.87,-16.14,-88.77,0.0,0.0,0.0,0.0,0.0,32,37,37,35,36,6,-119,-25,-13,-25,12.9,12.9,12.9,12.8,12.8,-999,-999,-999,0.0,0.0,0.0
0.1361799240112304,-0.0076699366643516,0.2776517072495308,-0.200952340606014,0.935732273050905,-1.27781144828099,-11.07267221479512,-0.0061359493314813,0.2485059479249944,-0.2070882899374953,0.9341982857180346,-1.2841982857180343,-11.084257180785213,-2.69,-352.39,-59.18,-13.45,-88.77,0.0,0.0,0.0,0.0,0.0,32,37,37,35,36,0,-119,-25,-13,-25,12.9,12.9,12.9,12.8,12.7,-999,-999,-999,0.0,0.0,0.0
0.1531713008880615,-0.0076699366643516,0.2776517072495308,-0.200952340606014,0.935732273050905,-1.27781144828099,-11.07267221479512,-0.0076699366643516,0.2485059479249944,-0.2070882899374953,0.9326642983851644,-1.2841982857180343,-11.084257180785213,-2.69,-352.39,-61.87,-16.14,-88.77,0.0,0.0,0.0,0.0,0.0,32,37,37,35,36,6,-119,-25,-7,-25,12.9,12.9,12.9,12.8,12.7,-999,-999,-999,0.0,0.0,0.0
0.1701076030731201,-0.0076699366643516,0.2776517072495308,-0.200952340606014,0.935732273050905,-1.27781144828099,-11.07267221479512,-0.0076699366643516,0.2485059479249944,-0.2070882899374953,0.9326642983851644,-1.2841982857180343,-11.084257180785213,-2.69,-349.7,-56.49,-16.14,-88.77,0.0,0.0,0.0,0.0,0.0,32,37,37,35,36,0,-119,-25,-13,-25,12.9,12.9,12.9,12.8,12.8,-999,-999,-999,0.0,0.0,0.0
0.1871366500854492,-0.0076699366643516,0.2776517072495308,-0.200952340606014,0.935732273050905,-1.2793454356138605,-11.075479537091322,-0.0061359493314813,0.2485059479249944,-0.2070882899374953,0.9326642983851644,-1.2841982857180343,-11.084257180785213,-2.69,-347.01,-61.87,-18.83,-88.77,0.0,0.0,0.0,0.0,0.0,32,37,37,35,36,0,-119,-25,-13,-25,12.9,12.9,12.9,12.8,12.8,-999,-999,-999,0.0,0.0,0.0
0.2041397094726562,-0.0076699366643516,0.2776517072495308,-0.200952340606014,0.935732273050905,-1.27781144828099,-11.07267221479512,-0.0076699366643516,0.2485059479249944,-0.2070882899374953,0.9341982857180346,-1.2841982857180343,-11.084257180785213,-2.69,-352.39,-64.56,-16.14,-78.01,0.0,0.0,0.0,0.0,0.0,32,37,37,34,36,6,-119,-25,-13,-25,12.9,12.9,12.9,12.8,12.8,-999,-999,-999,0.0,0.0,0.0
0.2211129665374755,-0.0076699366643516,0.2776517072495308,-0.200952340606014,0.935732273050905,-1.27781144828099,-11.07267221479512,-0.0061359493314813,0.2485059479249944,-0.2070882899374953,0.9326642983851644,-1.2841982857180343,-11.084257180785213,-2.69,-352.39,-61.87,-16.14,-86.08,0.0,0.0,0.0,0.0,0.0,32,37,37,35,36,0,-119,-25,-7,-25,12.9,12.9,12.9,12.8,12.8,-999,-999,-999,0.0,0.0,0.0
0.2381291389465332,-0.0076699366643516,0.2776517072495308,-0.200952340606014,0.935732273050905,-1.27781144828099,-11.07267221479512,-0.0076699366643516,0.2485059479249944,-0.2070882899374953,0.9326642983851644,-1.2841982857180343,-11.084257180785213,-2.69,-352.39,-59.18,-16.14,-83.39,0.0,0.0,0.0,0.0,0.0,32,37,37,35,36,6,-119,-25,-13,-25,12.9,12.9,12.9,12.8,12.8,-999,-999,-999,0.0,0.0,0.0
0.2551333904266357,-0.0076699366643516,0.2776517072495308,-0.200952340606014,0.935732273050905,-1.27781144828099,-11.07267221479512,-0.0076699366643516,0.2485059479249944,-0.2070882899374953,0.9341982857180346,-1.2841982857180343,-11.084257180785213,-2.69,-352.39,-53.8,-16.14,-88.77,0.0,0.0,0.0,0.0,0.0,32,37,37,35,36,0,-119,-19,-13,-25,12.9,12.8,12.8,12.8,12.8,-999,-999,-999,0.0,0.0,0.0
0.2721073627471924,-0.0076699366643516,0.2776517072495308,-0.200952340606014,0.935732273050905,-1.27781144828099,-11.07267221479512,-0.0061359493314813,0.2485059479249944,-0.2070882899374953,0.9326642983851644,-1.2841982857180343,-11.084257180785213,-2.69,-352.39,-59.18,-16.14,-88.77,0.0,0.0,0.0,0.0,0.0,32,37,37,35,36,0,-119,-25,-7,-25,12.9,12.9,12.8,12.8,12.8,-999,-999,-999,0.0,0.0,0.0
0.2891891002655029,-0.0076699366643516,0.2776517072495308,-0.200952340606014,0.935732273050905,-1.27781144828099,-11.07267221479512,-0.0076699366643516,0.2485059479249944,-0.2070882899374953,0.9326642983851644,-1.2841982857180343,-11.084257180785213,-2.69,-349.7,-61.87,-16.14,-88.77,0.0,0.0,0.0,0.0,0.0,32,37,37,35,36,6,-119,-25,-13,-25,12.9,12.9,12.8,12.8,12.8,-999,-999,-999,0.0,0.0,0.0
0.3061141967773437,-0.0061359493314813,0.2776517072495308,-0.200952340606014,0.9372662603837753,-1.27781144828099,-11.07267221479512,-0.0076699366643516,0.2485059479249944,-0.2070882899374953,0.9326642983851644,-1.2841982857180343,-11.084257180785213,-2.69,-349.7,-61.87,-16.14,-80.7,0.0,0.0,0.0,0.0,0.0,32,37,37,35,37,0,-119,-25,-13,-18,12.9,12.9,12.8,12.8,12.8,-999,-999,-999,0.0,0.0,0.0
0.3231120109558105,-0.0076699366643516,0.2776517072495308,-0.200952340606014,0.935732273050905,-1.27781144828099,-11.07267221479512,-0.0076699366643516,0.2485059479249944,-0.2070882899374953,0.9341982857180346,-1.2841982857180343,-11.084257180785213,-2.69,-352.39,-59.18,-16.14,-88.77,0.0,0.0,0.0,0.0,0.0,32,37,37,35,36,0,-119,-25,-13,-25,12.9,12.9,12.8,12.8,12.8,-999,-999,-999,0.0,0.0,0.0
0.3401141166687011,-0.0076699366643516,0.2776517072495308,-0.200952340606014,0.935732273050905,-1.27781144828099,-11.07267221479512,-0.0061359493314813,0.2485059479249944,-0.2070882899374953,0.9341982857180346,-1.2841982857180343,-11.084257180785213,-2.69,-352.39,-56.49,-13.45,-83.39,0.0,0.0,0.0,0.0,0.0,32,37,37,35,36,0,-119,-25,-7,-25,12.9,12.9,12.8,12.8,12.8,-999,-999,-999,0.0,0.0,0.0
0.3580300807952881,-0.0076699366643516,0.2776517072495308,-0.200952340606014,0.935732273050905,-1.27781144828099,-11.07267221479512,-0.0061359493314813,0.2485059479249944,-0.2070882899374953,0.9341982857180346,-1.2841982857180343,-11.084257180785213,-2.69,-352.39,-59.18,-16.14,-88.77,0.0,0.0,0.0,0.0,0.0,32,37,36,35,36,6,-119,-25,-7,-25,12.9,13.0,12.8,12.7,12.8,-999,-999,-999,0.0,0.0,0.0
0.3751149177551269,-0.0076699366643516,0.2776517072495308,-0.200952340606014,0.935732273050905,-1.27781144828099,-11.07267221479512,-0.0076699366643516,0.2485059479249944,-0.2070882899374953,0.9341982857180346,-1.2841982857180343,-11.084257180785213,-2.69,-355.08,-59.18,-16.14,-88.77,0.0,0.0,0.0,0.0,0.0,32,37,36,35,36,0,-119,-25,-7,-25,12.9,13.0,12.8,12.8,12.8,-999,-999,-999,0.0,0.0,0.0
0.3921253681182861,-0.0076699366643516,0.2776517072495308,-0.200952340606014,0.935732273050905,-1.27781144828099,-11.07267221479512,-0.0061359493314813,0.2485059479249944,-0.2070882899374953,0.9326642983851644,-1.2841982857180343,-11.084257180785213,-2.69,-352.39,-61.87,-16.14,-88.77,0.0,0.0,0.0,0.0,0.0,32,37,36,35,36,0,-119,-25,-7,-25,12.9,12.9,12.8,12.8,12.8,-999,-999,-999,0.0,0.0,0.0
0.4091179370880127,-0.0076699366643516,0.2776517072495308,-0.200952340606014,0.935732273050905,-1.27781144828099,-11.07267221479512,-0.0076699366643516,0.2485059479249944,-0.2070882899374953,0.9326642983851644,-1.2841982857180343,-11.084257180785213,-5.38,-352.39,-53.8,-16.14,-88.77,0.0,0.0,0.0,0.0,0.0,32,37,36,33,36,6,-119,-25,-13,-25,12.9,12.9,12.8,12.8,12.8,-999,-999,-999,0.0,0.0,0.0
0.4261298179626465,-0.0076699366643516,0.2776517072495308,-0.200952340606014,0.935732273050905,-1.27781144828099,-11.07267221479512,-0.0076699366643516,0.2485059479249944,-0.2070882899374953,0.9326642983851644,-1.2826642983851642,-11.081499542760595,-2.69,-352.39,-59.18,-16.14,-88.77,0.0,0.0,0.0,0.0,0.0,32,37,36,34,36,0,-119,-25,-13,-25,12.9,12.9,12.9,12.8,12.8,-999,-999,-999,0.0,0.0,0.0
0.4431183338165283,-0.0076699366643516,0.2776517072495308,-0.200952340606014,0.935732273050905,-1.27781144828099,-11.07267221479512,-0.0061359493314813,0.2485059479249944,-0.2070882899374953,0.9326642983851644,-1.2841982857180343,-11.084257180785213,-2.69,-352.39,-59.18,-16.14,-51.11,0.0,0.0,0.0,0.0,0.0,32,37,36,34,36,0,-119,-25,-13,-18,12.9,12.9,12.9,12.8,12.8,-999,-999,-999,0.0,0.0,0.0
0.4601130485534668,-0.0076699366643516,0.2776517072495308,-0.200952340606014,0.935732273050905,-1.27781144828099,-11.07267221479512,-0.0061359493314813,0.2485059479249944,-0.2070882899374953,0.9326642983851644,-1.2841982857180343,-11.084257180785213,-2.69,-352.39,-61.87,-18.83,-88.77,0.0,0.0,0.0,0.0,0.0,32,37,36,35,36,6,-119,-25,-13,-25,12.9,12.9,12.9,12.8,12.8,-999,-999,-999,0.0,0.0,0.0
0.4771199226379394,-0.0076699366643516,0.2776517072495308,-0.200952340606014,0.935732273050905,-1.27781144828099,-11.07267221479512,-0.0061359493314813,0.2485059479249944,-0.2070882899374953,0.9341982857180346,-1.2841982857180343,-11.084257180785213,-2.69,-352.39,-59.18,-16.14,-80.7,0.0,0.0,0.0,0.0,0.0,32,37,36,35,36,6,-119,-25,-13,-25,12.9,12.9,12.9,12.7,12.8,-999,-999,-999,0.0,0.0,0.0
0.4941160678863525,-0.0076699366643516,0.2776517072495308,-0.200952340606014,0.935732273050905,-1.27781144828099,-11.07267221479512,-0.0076699366643516,0.2485059479249944,-0.2070882899374953,0.9326642983851644,-1.2841982857180343,-11.084257180785213,-2.69,-349.7,-59.18,-16.14,-88.77,0.0,0.0,0.0,0.0,0.0,32,37,36,35,37,6,-113,-25,-7,-25,12.9,12.9,12.9,12.8,12.8,-999,-999,-999,0.0,0.0,0.0
0.5111360549926758,-0.0076699366643516,0.2776517072495308,-0.200952340606014,0.935732273050905,-1.27781144828099,-11.07267221479512,-0.0061359493314813,0.2485059479249944,-0.2070882899374953,0.9341982857180346,-1.2841982857180343,-11.084257180785213,-2.69,-349.7,-59.18,-18.83,-86.08,0.0,0.0,0.0,0.0,0.0,32,37,36,35,35,0,-119,-25,-13,-25,12.9,12.9,12.9,12.8,12.8,-999,-999,-999,0.0,0.0,0.0
0.5281031131744385,-0.0076699366643516,0.2776517072495308,-0.200952340606014,0.935732273050905,-1.27781144828099,-11.07267221479512,-0.0076699366643516,0.2485059479249944,-0.2070882899374953,0.9341982857180346,-1.2841982857180343,-11.084257180785213,0.0,-352.39,-53.8,-18.83,-75.32,0.0,0.0,0.0,0.0,0.0,32,37,36,35,36,6,-119,-25,-7,-25,12.9,12.9,12.8,12.8,12.8,-999,-999,-999,0.0,0.0,0.0
0.5450880527496338,-0.0076699366643516,0.2776517072495308,-0.200952340606014,0.935732273050905,-1.27781144828099,-11.07267221479512,-0.0076699366643516,0.2485059479249944,-0.2070882899374953,0.9341982857180346,-1.2841982857180343,-11.084257180785213,0.0,-349.7,-61.87,-16.14,-88.77,0.0,0.0,0.0,0.0,0.0,32,37,37,35,36,0,-119,-25,-7,-25,12.9,12.9,12.8,12.8,12.8,-999,-999,-999,0.0,0.0,0.0
0.562091588973999,-0.0076699366643516,0.2776517072495308,-0.200952340606014,0.935732273050905,-1.27781144828099,-11.07267221479512,-0.0061359493314813,0.2485059479249944,-0.2070882899374953,0.9326642983851644,-1.2841982857180343,-11.084257180785213,0.0,-352.39,-59.18,-16.14,-88.77,0.0,0.0,0.0,0.0,0.0,32,36,37,35,36,0,-113,-25,-13,-25,12.9,12.9,12.8,12.8,12.8,-999,-999,-999,0.0,0.0,0.0
0.579115629196167,-0.0076699366643516,0.2776517072495308,-0.200952340606014,0.935732273050905,-1.27781144828099,-11.07267221479512,-0.0076699366643516,0.2500399352578648,-0.2070882899374953,0.9326642983851644,-1.2841982857180343,-11.084257180785213,0.0,-352.39,-61.87,-16.14,-83.39,0.0,0.0,0.0,0.0,0.0,32,36,37,35,36,6,-119,-25,-13,-25,12.9,12.9,12.8,12.8,12.7,-999,-999,-999,0.0,0.0,0.0
0.5960977077484131,-0.0076699366643516,0.2776517072495308,-0.200952340606014,0.935732273050905,-1.27781144828099,-11.07267221479512,-0.0076699366643516,0.2485059479249944,-0.2070882899374953,0.9341982857180346,-1.2841982857180343,-11.084257180785213,0.0,-301.28,-61.87,-16.14,-86.08,0.0,0.0,0.0,0.0,0.0,32,36,37,35,36,0,-57,-25,-13,-25,12.9,12.9,12.8,12.8,12.7,-999,-999,-999,0.0,0.0,0.0
0.6131083965301514,-0.0076699366643516,0.2776517072495308,-0.200952340606014,0.935732273050905,-1.27781144828099,-11.07267221479512,-0.0076699366643516,0.2485059479249944,-0.2070882899374953,0.9326642983851644,-1.2841982857180343,-11.084257180785213,0.0,-352.39,-59.18,-16.14,-86.08,0.0,0.0,0.0,0.0,0.0,32,36,37,35,36,0,-119,-25,-7,-25,12.9,12.9,12.8,12.7,12.7,-999,-999,-999,0.0,0.0,0.0
0.6300981044769287,-0.0076699366643516,0.2776517072495308,-0.200952340606014,0.935732273050905,-1.27781144828099,-11.07267221479512,-0.0076699366643516,0.2485059479249944,-0.2070882899374953,0.9341982857180346,-1.2841982857180343,-11.084257180785213,0.0,-349.7,-61.87,-16.14,-80.7,0.0,0.0,0.0,0.0,0.0,32,36,37,35,36,0,-119,-25,-13,-18,12.9,12.9,12.8,12.8,12.7,-999,-999,-999,0.0,0.0,0.0
0.647101879119873,-0.0076699366643516,0.2776517072495308,-0.200952340606014,0.935732273050905,-1.27781144828099,-11.07267221479512,-0.0061359493314813,0.2485059479249944,-0.2070882899374953,0.9326642983851644,-1.2841982857180343,-11.084257180785213,0.0,-352.39,-59.18,-16.14,-88.77,0.0,0.0,0.0,0.0,0.0,32,36,37,34,37,0,-119,-25,-7,-25,12.9,12.9,12.8,12.8,12.7,-999,-999,-999,0.0,0.0,0.0
0.6641409397125244,-0.0076699366643516,0.2776517072495308,-0.200952340606014,0.935732273050905,-1.27781144828099,-11.07267221479512,-0.0076699366643516,0.2485059479249944,-0.2070882899374953,0.9341982857180346,-1.2841982857180343,-11.084257180785213,0.0,-352.39,-61.87,-16.14,-86.08,0.0,0.0,0.0,0.0,0.0,32,36,37,35,36,6,-119,-25,-13,-25,12.9,12.9,12.8,12.8,12.7,-999,-999,-999,0.0,0.0,0.0
0.6810963153839111,-0.0076699366643516,0.2776517072495308,-0.200952340606014,0.935732273050905,-1.27781144828099,-11.07267221479512,-0.0076699366643516,0.2485059479249944,-0.2070882899374953,0.9341982857180346,-1.2841982857180343,-11.084257180785213,0.0,-352.39,-61.87,-16.14,-80.7,0.0,0.0,0.0,0.0,0.0,32,36,36,35,36,0,-119,-25,-7,-25,12.9,12.9,12.9,12.8,12.8,-999,-999,-999,0.0,0.0,0.0
0.698131799697876,-0.0076699366643516,0.2761177199166604,-0.200952340606014,0.935732273050905,-1.27781144828099,-11.07267221479512,-0.0061359493314813,0.2485059479249944,-0.2070882899374953,0.9326642983851644,-1.2841982857180343,-11.084257180785213,0.0,-349.7,-59.18,-18.83,-88.77,0.0,0.0,0.0,0.0,0.0,32,36,36,35,36,0,-119,-25,-13,-25,12.9,12.6,12.8,12.8,12.8,-999,-999,-999,0.0,0.0,0.0
0.7150750160217285,-0.0076699366643516,0.2776517072495308,-0.200952340606014,0.935732273050905,-1.27781144828099,-11.07267221479512,-0.0061359493314813,0.2485059479249944,-0.2070882899374953,0.9326642983851644,-1.2841982857180343,-11.084257180785213,0.0,-347.01,-59.18,-16.14,-88.77,0.0,0.0,0.0,0.0,0.0,32,36,36,35,36,6,-119,-25,-13,-25,12.9,12.9,12.8,12.8,12.8,-999,-999,-999,0.0,0.0,0.0
0.7320985794067383,-0.0076699366643516,0.2776517072495308,-0.200952340606014,0.935732273050905,-1.27781144828099,-11.07267221479512,-0.0061359493314813,0.2485059479249944,-0.2070882899374953,0.9341982857180346,-1.2841982857180343,-11.084257180785213,0.0,-349.7,-61.87,-16.14,-80.7,0.0,0.0,0.0,0.0,0.0,32,36,36,35,36,0,-119,-25,-13,-25,12.9,12.9,13.0,12.8,12.8,-999,-999,-999,0.0,0.0,0.0
0.74908447265625,-0.0076699366643516,0.2761177199166604,-0.200952340606014,0.935732273050905,-1.27781144828099,-11.07267221479512,-0.0061359493314813,0.2485059479249944,-0.2070882899374953,0.9341982857180346,-1.2841982857180343,-11.084257180785213,0.0,-349.7,-59.18,-16.14,-83.39,0.0,0.0,0.0,0.0,0.0,32,36,36,35,36,6,-119,-25,-7,-25,12.9,12.6,12.9,12.7,12.7,-999,-999,-999,0.0,0.0,0.0
0.7671382427215576,-0.0076699366643516,0.2776517072495308,-0.200952340606014,0.935732273050905,-1.2793454356138605,-11.075479537091322,-0.0076699366643516,0.2485059479249944,-0.2070882899374953,0.9326642983851644,-1.2841982857180343,-11.084257180785213,0.0,-352.39,-61.87,-16.14,-88.77,0.0,0.0,0.0,0.0,0.0,32,36,36,35,37,6,-119,-25,-7,-25,12.9,12.9,12.8,12.8,12.7,-999,-999,-999,0.0,0.0,0.0
0.7841007709503174,-0.0076699366643516,0.2776517072495308,-0.200952340606014,0.935732273050905,-1.27781144828099,-11.07267221479512,-0.0061359493314813,0.2485059479249944,-0.2070882899374953,0.9341982857180346,-1.2841982857180343,-11.084257180785213,0.0,-349.7,-61.87,-16.14,-88.77,0.0,0.0,0.0,0.0,0.0,32,36,36,35,37,0,-119,-25,-13,-25,12.9,12.9,12.8,12.8,12.7,-999,-999,-999,0.0,0.0,0.0
0.8010985851287842,-0.0076699366643516,0.2776517072495308,-0.200952340606014,0.935732273050905,-1.27781144828099,-11.07267221479512,-0.0076699366643516,0.2485059479249944,-0.2070882899374953,0.9341982857180346,-1.2841982857180343,-11.084257180785213,0.0,-352.39,-59.18,-16.14,-88.77,0.0,0.0,0.0,0.0,0.0,32,37,36,35,36,6,-119,-25,-7,-25,12.9,13.0,12.9,12.8,12.6,-999,-999,-999,0.0,0.0,0.0
0.8180999755859375,-0.0076699366643516,0.2776517072495308,-0.200952340606014,0.935732273050905,-1.27781144828099,-11.07267221479512,-0.0061359493314813,0.2485059479249944,-0.2070882899374953,0.9341982857180346,-1.2841982857180343,-11.084257180785213,-2.69,-352.39,-61.87,-16.14,-86.08,0.0,0.0,0.0,0.0,0.0,32,37,36,35,36,0,-119,-25,-7,-25,12.9,12.9,12.8,12.7,12.7,-999,-999,-999,0.0,0.0,0.0
0.8351116180419922,-0.0076699366643516,0.2776517072495308,-0.200952340606014,0.935732273050905,-1.27781144828099,-11.07267221479512,-0.0076699366643516,0.2485059479249944,-0.2070882899374953,0.9341982857180346,-1.2841982857180343,-11.084257180785213,-2.69,-349.7,-61.87,-16.14,-86.08,0.0,0.0,0.0,0.0,0.0,32,37,36,35,36,6,-119,-25,-7,-25,12.9,12.8,12.8,12.8,12.7,-999,-999,-999,0.0,0.0,0.0
0.8521552085876465,-0.0076699366643516,0.2776517072495308,-0.200952340606014,0.935732273050905,-1.27781144828099,-11.07267221479512,-0.0061359493314813,0.2485059479249944,-0.2070882899374953,0.9341982857180346,-1.2841982857180343,-11.084257180785213,-2.69,-352.39,-61.87,-16.14,-86.08,0.0,0.0,0.0,0.0,0.0,32,36,36,34,36,0,-119,-25,-7,-25,12.9,12.9,12.9,12.8,12.7,-999,-999,-999,0.0,0.0,0.0
0.8691167831420898,-0.0076699366643516,0.2776517072495308,-0.200952340606014,0.935732273050905,-1.27781144828099,-11.07267221479512,-0.0061359493314813,0.2469719605921241,-0.2070882899374953,0.9341982857180346,-1.2841982857180343,-11.084257180785213,-2.69,-352.39,-61.87,-18.83,-88.77,0.0,0.0,0.0,0.0,0.0,32,36,36,34,36,6,-119,-25,-7,-25,12.9,12.9,12.8,12.8,12.7,-999,-999,-999,0.0,0.0,0.0
0.8861055374145508,-0.0076699366643516,0.2776517072495308,-0.200952340606014,0.935732273050905,-1.27781144828099,-11.07267221479512,-0.0061359493314813,0.2469719605921241,-0.2070882899374953,0.9341982857180346,-1.2841982857180343,-11.084257180785213,-2.69,-365.84,-59.18,-16.14,-88.77,0.0,0.0,0.0,0.0,0.0,32,36,36,35,36,6,-125,-25,-7,-25,12.9,12.9,12.8,12.8,12.7,-999,-999,-999,0.0,0.0,0.0
0.9030990600585938,-0.0076699366643516,0.2776517072495308,-0.200952340606014,0.935732273050905,-1.27781144828099,-11.07267221479512,-0.0061359493314813,0.2439039859263834,-0.2070882899374953,0.9341982857180346,-1.2826642983851642,-11.081499542760595,-2.69,-368.53,-61.87,-16.14,-88.77,0.0,0.0,0.0,0.0,0.0,32,36,36,35,36,6,-125,-25,-7,-25,12.9,12.9,12.8,12.8,12.7,-999,-999,-999,0.0,0.0,0.0
0.920076847076416,-0.0076699366643516,0.2776517072495308,-0.200952340606014,0.935732273050905,-1.27781144828099,-11.07267221479512,-0.0061359493314813,0.2469719605921241,-0.2070882899374953,0.935732273050905,-1.2841982857180343,-11.084257180785213,-2.69,-411.57,-59.18,-16.14,-48.42,0.0,0.0,0.0,0.0,0.0,32,36,36,35,36,6,-138,-25,-7,-18,12.9,12.9,12.9,12.8,12.7,-999,-999,-999,0.0,0.0,0.0
0.9371368885040284,-0.0076699366643516,0.2776517072495308,-0.200952340606014,0.935732273050905,-1.27781144828099,-11.07267221479512,-0.0076699366643516,0.2469719605921241,-0.2070882899374953,0.9341982857180346,-1.2841982857180343,-11.084257180785213,-2.69,-390.05,-61.87,-10.76,-80.7,0.0,0.0,0.0,0.0,0.0,32,36,36,35,36,6,-132,-25,0,-25,12.9,12.9,12.9,12.8,12.7,-999,-999,-999,0.0,0.0,0.0
0.9540927410125732,-0.0076699366643516,0.2776517072495308,-0.200952340606014,0.935732273050905,-1.27781144828099,-11.07267221479512,-0.0076699366643516,0.2439039859263834,-0.2070882899374953,0.935732273050905,-1.2841982857180343,-11.084257180785213,-2.69,-365.84,-59.18,-16.14,-86.08,0.0,0.0,0.0,0.0,0.0,32,36,36,35,36,0,-125,-25,-7,-25,12.9,13.0,13.0,12.8,12.8,-999,-999,-999,0.0,0.0,0.0
0.971135139465332,-0.0076699366643516,0.2776517072495308,-0.200952340606014,0.935732273050905,-1.27781144828099,-11.07267221479512,-0.0076699366643516,0.2439039859263834,-0.2070882899374953,0.9372662603837753,-1.2841982857180343,-11.084257180785213,-2.69,-411.57,-61.87,-10.76,-88.77,0.0,0.0,0.0,0.0,0.0,32,36,36,35,36,0,-138,-25,0,-25,12.9,12.9,12.9,12.8,12.8,-999,-999,-999,0.0,0.0,0.0
0.988084077835083,-0.0076699366643516,0.2776517072495308,-0.200952340606014,0.935732273050905,-1.2793454356138605,-11.075479537091322,-0.0076699366643516,0.2439039859263834,-0.2070882899374953,0.9372662603837753,-1.2826642983851642,-11.081499542760595,-2.69,-408.88,-59.18,-10.76,-88.77,0.0,0.0,0.0,0.0,0.0,32,36,37,35,36,0,-138,-25,6,-25,12.9,12.9,12.8,12.8,12.8,-999,-999,-999,0.0,0.0,0.0
1.0051181316375732,-0.0076699366643516,0.2776517072495308,-0.200952340606014,0.935732273050905,-1.27781144828099,-11.07267221479512,-0.0076699366643516,0.2439039859263834,-0.2070882899374953,0.9372662603837753,-1.2826642983851642,-11.081499542760595,-2.69,-411.57,-51.11,-10.76,-48.42,0.0,0.0,0.0,0.0,0.0,32,36,37,35,36,0,-138,-25,6,-18,12.9,12.9,12.9,12.8,12.8,-999,-999,-999,0.0,0.0,0.0
1.022097110748291,-0.0076699366643516,0.2776517072495308,-0.200952340606014,0.935732273050905,-1.27781144828099,-11.07267221479512,-0.0076699366643516,0.2439039859263834,-0.2070882899374953,0.940334235049516,-1.2841982857180343,-11.084257180785213,0.0,-408.88,-61.87,10.76,-86.08,0.0,0.0,0.0,0.0,0.0,32,36,37,35,36,0,-138,-25,12,-25,12.9,12.9,12.9,12.8,12.8,-999,-999,-999,0.0,0.0,0.0
1.0390853881835938,-0.0076699366643516,0.2776517072495308,-0.200952340606014,0.9372662603837753,-1.27781144828099,-11.07267221479512,-0.0076699366643516,0.2439039859263834,-0.2070882899374953,0.940334235049516,-1.2841982857180343,-11.084257180785213,0.0,-408.88,-56.49,8.07,-88.77,0.0,0.0,0.0,0.0,0.0,32,36,37,35,36,0,-138,-25,12,-25,12.9,12.7,12.9,12.8,12.8,-999,-999,-999,0.0,0.0,0.0
1.0560791492462158,-0.0076699366643516,0.2761177199166604,-0.200952340606014,0.9388002477166456,-1.27781144828099,-11.07267221479512,-0.0061359493314813,0.2439039859263834,-0.2070882899374953,0.940334235049516,-1.2841982857180343,-11.084257180785213,0.0,-408.88,-59.18,-26.9,-88.77,0.0,0.0,0.0,0.023980823922402,0.0,32,36,37,35,36,0,-138,-25,6,-25,12.9,12.9,12.9,12.8,12.8,-999,-999,-999,0.0,0.0,0.0
1.0731182098388672,-0.0076699366643516,0.2776517072495308,-0.200952340606014,0.940334235049516,-1.27781144828099,-11.07267221479512,-0.0076699366643516,0.2439039859263834,-0.2070882899374953,0.940334235049516,-1.2841982857180343,-11.084257180785213,0.0,-408.88,-56.49,-18.83,-88.77,0.0,0.0,0.0,0.023980823922402,0.0,32,36,37,35,36,6,-138,-25,6,-25,12.9,12.9,13.0,12.8,12.8,-999,-999,-999,0.0,0.0,0.0
1.090080499649048,-0.0076699366643516,0.2776517072495308,-0.200952340606014,0.940334235049516,-1.2793454356138605,-11.075479537091322,-0.0076699366643516,0.2439039859263834,-0.2070882899374953,0.940334235049516,-1.2841982857180343,-11.084257180785213,0.0,-408.88,-61.87,-18.83,-80.7,0.0,0.0,0.0,0.023980823922402,0.0,32,36,37,35,36,0,-138,-25,6,-25,12.9,13.0,12.9,12.8,12.8,-999,-999,-999,0.0,0.0,0.0
1.1070845127105713,-0.0076699366643516,0.2776517072495308,-0.200952340606014,0.940334235049516,-1.27781144828099,-11.07267221479512,-0.0061359493314813,0.2423699985935131,-0.2070882899374953,0.940334235049516,-1.2841982857180343,-11.084257180785213,0.0,-408.88,-61.87,-16.14,-86.08,0.0,0.0,0.0,0.023980823922402,0.0,32,36,37,35,36,0,-138,-25,0,-25,12.9,12.9,12.9,12.8,12.8,-999,-999,-999,0.0,0.0,0.0
1.1240856647491455,-0.0076699366643516,0.2776517072495308,-0.200952340606014,0.940334235049516,-1.27781144828099,-11.07267221479512,-0.0076699366643516,0.2423699985935131,-0.2070882899374953,0.940334235049516,-1.2841982857180343,-11.084257180785213,0.0,-419.64,-59.18,-16.14,-88.77,0.0,0.0,0.0,0.023980823922402,0.0,32,36,37,35,36,6,-138,-25,0,-25,12.9,13.0,12.9,12.8,12.8,-999,-999,-999,0.0,0.0,0.0
1.1410791873931885,-0.0076699366643516,0.2776517072495308,-0.200952340606014,0.940334235049516,-1.27781144828099,-11.07267221479512,-0.0076699366643516,0.2439039859263834,-0.2070882899374953,0.940334235049516,-1.2841982857180343,-11.084257180785213,0.0,-422.33,-61.87,-16.14,-80.7,0.0,0.0,0.0,0.023980823922402,0.0,32,36,37,35,36,0,-144,-25,0,-18,12.9,12.9,12.9,12.7,12.8,-999,-999,-999,0.0,0.0,0.0
1.158081293106079,-0.0076699366643516,0.2776517072495308,-0.200952340606014,0.940334235049516,-1.27781144828099,-11.07267221479512,-0.0076699366643516,0.2423699985935131,-0.2070882899374953,0.9418682223823864,-1.2841982857180343,-11.084257180785213,0.0,-384.67,-59.18,-16.14,-83.39,0.0,0.0,0.0,0.0,0.0,32,36,37,35,36,0,-82,-25,0,-25,12.9,12.9,12.9,12.8,12.8,-999,-999,-999,0.0,0.0,0.0
1.175084114074707,-0.0076699366643516,0.2776517072495308,-0.200952340606014,0.940334235049516,-1.27781144828099,-11.07267221479512,-0.0076699366643516,0.2423699985935131,-0.2070882899374953,0.9418682223823864,-1.2841982857180343,-11.084257180785213,0.0,-425.02,-61.87,-10.76,-88.77,0.0,0.0,0.0,0.0,0.0,32,36,37,35,36,0,-144,-25,0,-25,12.9,12.9,12.9,12.8,12.8,-999,-999,-999,0.0,0.0,0.0
1.1920669078826904,-0.0076699366643516,0.2776517072495308,-0.200952340606014,0.9418682223823864,-1.27781144828099,-11.07267221479512,-0.0076699366643516,0.2423699985935131,-0.2070882899374953,0.940334235049516,-1.2841982857180343,-11.084257180785213,0.0,-425.02,-61.87,-10.76,-86.08,0.0,0.0,0.0,0.0,0.0,32,37,37,35,36,0,-144,-25,6,-25,12.9,12.9,12.9,12.8,12.8,-999,-999,-999,0.0,0.0,0.0
1.2090623378753662,-0.0076699366643516,0.2776517072495308,-0.200952340606014,0.940334235049516,-1.27781144828099,-11.07267221479512,-0.0076699366643516,0.2423699985935131,-0.2070882899374953,0.9418682223823864,-1.2841982857180343,-11.084257180785213,0.0,-422.33,-61.87,-10.76,-80.7,0.0,0.0,0.0,0.0,0.0,32,37,37,35,36,0,-144,-25,-7,-25,12.9,12.9,12.9,12.8,12.8,-999,-999,-999,0.0,0.0,0.0
1.2260663509368896,-0.0076699366643516,0.2776517072495308,-0.200952340606014,0.9418682223823864,-1.27781144828099,-11.07267221479512,-0.0076699366643516,0.2408360112606427,-0.2070882899374953,0.9418682223823864,-1.2826642983851642,-11.081499542760595,-5.38,-425.02,-59.18,-10.76,-88.77,0.0,0.0,0.0,0.0,0.0,32,37,37,35,36,0,-144,-25,0,-25,12.9,13.0,13.0,12.8,12.8,-999,-999,-999,0.0,0.0,0.0
1.2430880069732666,-0.0076699366643516,0.2776517072495308,-0.200952340606014,0.9418682223823864,-1.27781144828099,-11.07267221479512,-0.009203923997222,0.2408360112606427,-0.2070882899374953,0.9418682223823864,-1.2841982857180343,-11.084257180785213,-5.38,-443.85,-61.87,-10.76,-48.42,0.0,0.0,0.0,0.0,0.0,32,37,37,35,36,0,-150,-25,0,-18,12.9,12.8,12.9,12.8,12.8,-999,-999,-999,0.0,0.0,0.0
1.2600677013397217,-0.0076699366643516,0.2776517072495308,-0.200952340606014,0.9418682223823864,-1.27781144828099,-11.07267221479512,-0.009203923997222,0.2393020239277724,-0.2070882899374953,0.9418682223823864,-1.2841982857180343,-11.084257180785213,0.0,-438.47,-61.87,-8.07,-86.08,0.0,0.0,0.0,0.0,0.0,32,37,37,35,36,-7,-150,-25,0,-25,12.9,12.8,12.9,12.8,12.5,-999,-999,-999,0.0,0.0,0.0
1.2770533561706543,-0.0076699366643516,0.2776517072495308,-0.200952340606014,0.9418682223823864,-1.27781144828099,-11.07267221479512,-0.009203923997222,0.2377680365949021,-0.2070882899374953,0.9418682223823864,-1.2841982857180343,-11.084257180785213,0.0,-459.99,-59.18,-8.07,-88.77,0.0,0.0,0.0,0.0,0.0,32,37,36,35,36,-7,-157,-25,0,-25,12.9,12.9,12.9,12.7,12.7,-999,-999,-999,0.0,0.0,0.0
1.2940707206726074,-0.0076699366643516,0.2761177199166604,-0.200952340606014,0.9418682223823864,-1.2793454356138605,-11.075479537091322,-0.009203923997222,0.2377680365949021,-0.2070882899374953,0.9418682223823864,-1.2841982857180343,-11.084257180785213,0.0,-462.68,-61.87,-10.76,-80.7,0.0,0.0,0.0,0.0,0.0,32,36,36,35,36,-7,-163,-25,0,-25,12.9,12.9,12.9,12.8,12.7,-999,-999,-999,0.0,0.0,0.0
1.3110508918762207,-0.0076699366643516,0.2761177199166604,-0.200952340606014,0.9418682223823864,-1.27781144828099,-11.07267221479512,-0.009203923997222,0.2377680365949021,-0.2070882899374953,0.9418682223823864,-1.2841982857180343,-11.084257180785213,0.0,-465.37,-61.87,-10.76,-88.77,0.0,0.0,0.0,0.0,0.0,32,36,36,35,36,-7,-157,-25,0,-25,12.9,12.9,12.9,12.8,12.7,-999,-999,-999,0.0,0.0,0.0
1.328073263168335,-0.0076699366643516,0.2761177199166604,-0.2024863279388843,0.9434022097152568,-1.27781144828099,-11.07267221479512,-0.0107379113300923,0.2362340492620317,-0.2070882899374953,0.9418682223823864,-1.2841982857180343,-11.084257180785213,0.0,-481.51,-61.87,-10.76,-86.08,0.0,0.0,0.0,0.0,0.0,32,36,36,35,36,-7,-163,-25,0,-25,12.9,12.9,12.9,12.8,12.7,-999,-999,-999,0.0,0.0,0.0
1.3450517654418943,-0.0076699366643516,0.2745837325837901,-0.200952340606014,0.9418682223823864,-1.27781144828099,-11.07267221479512,-0.0122718986629626,0.2347000619291614,-0.2070882899374953,0.9434022097152568,-1.2841982857180343,-11.084257180785213,34.97,-465.37,-59.18,-8.07,-88.77,0.0,0.0,0.0,0.0,0.0,32,36,36,35,36,-13,-163,-25,-7,-25,12.9,12.9,12.8,12.8,12.7,-999,-999,-999,0.0,0.0,0.0
1.3621413707733154,-0.009203923997222,0.2745837325837901,-0.200952340606014,0.9434022097152568,-1.27781144828099,-11.07267221479512,-0.0122718986629626,0.2347000619291614,-0.2070882899374953,0.9434022097152568,-1.2841982857180343,-11.084257180785213,16.14,-425.02,-61.87,-10.76,-88.77,0.0,-0.023980823922402,0.0,0.0,0.0,31,37,36,35,36,-19,-163,-25,6,-25,12.9,12.9,12.9,12.8,12.7,-999,-999,-999,0.0,0.0,0.0
1.379068374633789,-0.009203923997222,0.2730497452509198,-0.200952340606014,0.9418682223823864,-1.27781144828099,-11.07267221479512,-0.0122718986629626,0.2347000619291614,-0.2070882899374953,0.9449361970481268,-1.2841982857180343,-11.084257180785213,29.59,-419.64,-59.18,-10.76,-80.7,0.0,-0.023980823922402,0.0,0.0,0.0,31,37,36,35,36,-13,-157,-25,0,-18,12.9,12.8,12.9,12.8,12.8,-999,-999,-999,0.0,0.0,0.0
1.3960683345794678,-0.0107379113300923,0.2715157579180495,-0.200952340606014,0.9434022097152568,-1.27781144828099,-11.07267221479512,-0.0122718986629626,0.233166074596291,-0.2070882899374953,0.9449361970481268,-1.2841982857180343,-11.084257180785213,5.38,-419.64,-59.18,-10.76,-86.08,-0.023980823922402,-0.0479616478448041,0.0,0.0,0.0,32,37,37,35,36,-13,-150,-25,6,-25,12.9,12.9,12.9,12.8,12.7,-999,-999,-999,0.0,0.0,0.0
1.4130730628967283,-0.0107379113300923,0.2699817705851791,-0.200952340606014,0.9434022097152568,-1.27781144828099,-11.07267221479512,-0.013805885995833,0.233166074596291,-0.2070882899374953,0.9464701843809972,-1.2841982857180343,-11.084257180785213,0.0,-406.19,-59.18,-8.07,-88.77,-0.023980823922402,-0.0479616478448041,0.0,0.0,0.0,32,37,37,35,36,-7,-150,-25,6,-25,13.0,12.8,12.8,12.8,12.7,-999,-999,-999,0.0,0.0,0.0
1.4300823211669922,-0.0122718986629626,0.2684477832523088,-0.200952340606014,0.9434022097152568,-1.27781144828099,-11.07267221479512,-0.013805885995833,0.2316320872634207,-0.2070882899374953,0.9480041717138676,-1.2841982857180343,-11.084257180785213,5.38,-395.43,-59.18,16.14,-86.08,-0.023980823922402,-0.0479616478448041,0.0,0.0,0.0,32,37,37,35,36,-7,-150,-25,12,-25,12.9,12.9,12.8,12.8,12.7,-999,-999,-999,0.0,0.0,0.0
1.44706392288208,-0.013805885995833,0.2669137959194385,-0.200952340606014,0.9449361970481268,-1.27781144828099,-11.07267221479512,-0.013805885995833,0.2316320872634207,-0.2070882899374953,0.949538159046738,-1.2841982857180343,-11.084257180785213,0.0,-381.98,-61.87,0.0,-86.08,-0.0479616478448041,-0.0479616478448041,0.0,0.0,0.0,32,37,36,35,36,0,-144,-25,12,-25,12.9,12.9,12.8,12.9,12.7,-999,-999,-999,0.0,0.0,0.0
1.4641008377075195,-0.013805885995833,0.2653798085865681,-0.200952340606014,0.9464701843809972,-1.27781144828099,-11.07267221479512,-0.013805885995833,0.2300980999305504,-0.2070882899374953,0.9510721463796084,-1.2841982857180343,-11.084257180785213,0.0,-336.25,-59.18,0.0,-88.77,-0.0479616478448041,-0.0719424717672062,0.0,0.023980823922402,0.0,32,37,36,35,36,0,-138,-25,12,-25,12.9,12.9,12.8,12.9,12.7,-999,-999,-999,0.0,0.0,0.0
1.4810419082641602,-0.0153398733287033,0.2638458212536978,-0.200952340606014,0.9480041717138676,-1.27781144828099,-11.07267221479512,-0.013805885995833,0.2300980999305504,-0.2070882899374953,0.9510721463796084,-1.2841982857180343,-11.084257180785213,0.0,-347.01,-53.8,0.0,-88.77,-0.0479616478448041,-0.0719424717672062,0.0,0.0479616478448041,0.0,32,37,36,35,37,6,-138,-25,12,-25,12.9,12.9,12.8,12.8,12.7,-999,-999,-999,0.0,0.0,0.0
1.4980909824371338,-0.0168738606615736,0.2623118339208274,-0.200952340606014,0.949538159046738,-1.27781144828099,-11.07267221479512,-0.013805885995833,0.2270301252648097,-0.2070882899374953,0.9556741083782192,-1.2841982857180343,-11.084257180785213,0.0,-365.84,-61.87,0.0,-88.77,-0.0479616478448041,-0.0719424717672062,0.0,0.0479616478448041,0.0,32,37,36,35,37,12,-138,-25,12,-25,12.9,12.9,12.8,12.8,12.8,-999,-999,-999,0.0,0.0,0.0
1.515063762664795,-0.0168738606615736,0.2592438592550868,-0.200952340606014,0.9526061337124788,-1.27781144828099,-11.07267221479512,-0.013805885995833,0.2254961379319394,-0.2070882899374953,0.9572080957110896,-1.2841982857180343,-11.084257180785213,0.0,-333.56,-61.87,0.0,-88.77,-0.0479616478448041,-0.0959232956896083,0.0,0.0719424717672062,0.0,32,37,36,35,37,12,-138,-25,12,-25,12.9,12.9,12.8,12.8,12.8,-999,-999,-999,0.0,0.0,0.0
1.5320446491241455,-0.0168738606615736,0.2592438592550868,-0.200952340606014,0.954140121045349,-1.27781144828099,-11.07267221479512,-0.013805885995833,0.223962150599069,-0.2070882899374953,0.9602760703768304,-1.2841982857180343,-11.084257180785213,-2.69,-376.6,-59.18,-10.76,-69.94,-0.0479616478448041,-0.0959232956896083,0.0,0.0719424717672062,0.0,32,37,36,35,37,12,-138,-25,18,-25,12.9,12.8,12.9,12.8,12.7,-999,-999,-999,0.0,0.0,0.0
1.549041986465454,-0.0168738606615736,0.2577098719222164,-0.200952340606014,0.9556741083782192,-1.27781144828099,-11.07267221479512,-0.013805885995833,0.2224281632661987,-0.2070882899374953,0.963344045042571,-1.2841982857180343,-11.084257180785213,8.07,-336.25,-61.87,-2.69,-88.77,-0.023980823922402,-0.0959232956896083,0.0,0.0959232956896083,0.0,32,37,36,35,37,12,-132,-25,12,-25,12.9,12.9,12.9,12.7,12.7,-999,-999,-999,0.0,0.0,0.0
1.5660667419433594,-0.0153398733287033,0.2546418972564758,-0.200952340606014,0.95874208304396,-1.27781144828099,-11.07267221479512,-0.013805885995833,0.219360188600458,-0.2070882899374953,0.9648780323754412,-1.2841982857180343,-11.084257180785213,0.0,-338.94,-59.18,0.0,-86.08,0.0,-0.0959232956896083,0.0,0.0959232956896083,0.0,32,37,36,35,36,6,-138,-25,12,-25,13.0,12.8,12.9,12.8,12.8,-999,-999,-999,0.0,0.0,0.0
1.5831007957458496,-0.0153398733287033,0.2531079099236054,-0.200952340606014,0.9602760703768304,-1.27781144828099,-11.07267221479512,-0.013805885995833,0.219360188600458,-0.2070882899374953,0.967946007041182,-1.2841982857180343,-11.084257180785213,-5.38,-365.84,-59.18,-10.76,-88.77,0.0,-0.0719424717672062,0.0,0.0959232956896083,0.0,32,37,36,35,36,6,-138,-25,18,-25,12.9,12.9,12.9,12.8,12.7,-999,-999,-999,0.0,0.0,0.0
1.600062370300293,-0.0153398733287033,0.2531079099236054,-0.200952340606014,0.963344045042571,-1.27781144828099,-11.07267221479512,-0.0153398733287033,0.2162922139347173,-0.2070882899374953,0.9710139817069228,-1.2841982857180343,-11.084257180785213,-2.69,-368.53,-61.87,-10.76,-86.08,0.0,-0.0719424717672062,0.0,0.0959232956896083,0.0,32,37,36,35,36,6,-132,-25,12,-25,12.9,12.9,12.8,12.8,12.8,-999,-999,-999,0.0,0.0,0.0
1.6171104907989502,-0.0153398733287033,0.2515739225907351,-0.200952340606014,0.9648780323754412,-1.27781144828099,-11.07267221479512,-0.0153398733287033,0.2162922139347173,-0.2070882899374953,0.9710139817069228,-1.2841982857180343,-11.084257180785213,0.0,-376.6,-64.56,-21.52,-88.77,0.0,-0.0719424717672062,0.0,0.1199041196120104,0.0,32,36,36,35,36,0,-144,-25,12,-25,12.9,12.9,12.8,12.8,12.8,-999,-999,-999,0.0,0.0,0.0
1.634077787399292,-0.0153398733287033,0.2500399352578648,-0.200952340606014,0.9694799943740524,-1.27781144828099,-11.07267221479512,-0.0153398733287033,0.214758226601847,-0.2070882899374953,0.9740819563726634,-1.2841982857180343,-11.084257180785213,0.0,-360.46,-61.87,-10.76,-88.77,0.0,-0.0719424717672062,0.0,0.1199041196120104,0.0,32,36,36,35,36,0,-138,-25,18,-25,12.9,12.9,12.8,12.8,12.8,-999,-999,-999,0.0,0.0,0.0
1.6510703563690186,-0.0153398733287033,0.2469719605921241,-0.2024863279388843,0.9710139817069228,-1.27781144828099,-11.07267221479512,-0.0153398733287033,0.2132242392689767,-0.2070882899374953,0.977149931038404,-1.2841982857180343,-11.084257180785213,0.0,-371.22,-59.18,-10.76,-88.77,0.0,-0.0719424717672062,0.0,0.1199041196120104,0.0,32,36,36,35,36,0,-138,-25,18,-25,12.9,12.9,12.8,12.8,12.8,-999,-999,-999,0.0,0.0,0.0
1.669111251831055,-0.0153398733287033,0.2454379732592537,-0.200952340606014,0.9740819563726634,-1.27781144828099,-11.07267221479512,-0.0168738606615736,0.2070882899374953,-0.2070882899374953,0.9832858803698854,-1.2841982857180343,-11.084257180785213,0.0,-373.91,-59.18,-18.83,-88.77,0.0,-0.0719424717672062,0.0,0.1438849435344125,0.0,32,36,36,35,36,-7,-144,-25,18,-25,12.9,12.9,12.8,12.8,12.8,-999,-999,-999,0.0,0.0,0.0
1.6860921382904053,-0.0153398733287033,0.2439039859263834,-0.200952340606014,0.9786839183712744,-1.27781144828099,-11.07267221479512,-0.0168738606615736,0.2040203152717546,-0.2070882899374953,0.986353855035626,-1.2841982857180343,-11.084257180785213,0.0,-392.74,-59.18,-16.14,-86.08,0.0,-0.0719424717672062,0.0,0.1438849435344125,0.0,32,36,36,35,36,-7,-150,-25,18,-25,12.9,12.9,12.9,12.8,12.7,-999,-999,-999,0.0,0.0,0.0
1.703038215637207,-0.0153398733287033,0.2408360112606427,-0.200952340606014,0.981751893037015,-1.27781144828099,-11.07267221479512,-0.0168738606615736,0.2040203152717546,-0.2070882899374953,0.986353855035626,-1.2841982857180343,-11.084257180785213,0.0,-365.84,-59.18,-13.45,-83.39,0.0,-0.0959232956896083,0.0,0.1438849435344125,0.0,32,36,36,35,36,-7,-150,-25,18,-25,12.9,12.9,12.9,12.7,12.7,-999,-999,-999,0.0,0.0,0.0
1.72003173828125,-0.0153398733287033,0.2393020239277724,-0.200952340606014,0.9832858803698854,-1.27781144828099,-11.07267221479512,-0.018407847994444,0.1994183532731436,-0.2070882899374953,0.9909558170342372,-1.2841982857180343,-11.084257180785213,37.66,-355.08,-59.18,-21.52,-86.08,0.0,-0.0959232956896083,0.0,0.1678657674568146,0.0,32,36,36,35,36,-13,-144,-25,18,-25,12.9,12.8,12.9,12.8,12.7,-999,-999,-999,0.0,0.0,0.0
1.7370305061340332,-0.0153398733287033,0.2362340492620317,-0.200952340606014,0.986353855035626,-1.27781144828099,-11.07267221479512,-0.018407847994444,0.1994183532731436,-0.2070882899374953,0.9909558170342372,-1.2841982857180343,-11.084257180785213,43.04,-373.91,-59.18,-13.45,-88.77,0.0,-0.1199041196120104,0.0,0.1678657674568146,0.0,32,36,36,35,36,-13,-150,-25,18,-25,12.9,12.8,12.8,12.8,12.7,-999,-999,-999,0.0,0.0,0.0
1.7540614604949951,-0.0153398733287033,0.233166074596291,-0.200952340606014,0.9894218297013668,-1.27781144828099,-11.07267221479512,-0.0199418353273143,0.1932824039416623,-0.2070882899374953,0.9970917663657184,-1.2841982857180343,-11.084257180785213,16.14,-352.39,-59.18,-21.52,-88.77,0.0,-0.1199041196120104,0.0,0.1678657674568146,0.0,32,36,36,35,36,-19,-150,-25,12,-25,12.9,12.8,12.9,12.8,12.7,-999,-999,-999,0.0,0.0,0.0
1.7710986137390137,-0.0168738606615736,0.2300980999305504,-0.200952340606014,0.9924898043671074,-1.27781144828099,-11.07267221479512,-0.0214758226601847,0.191748416608792,-0.2070882899374953,1.000159741031459,-1.2841982857180343,-11.084257180785213,43.04,-352.39,-61.87,-18.83,-86.08,0.0,-0.1438849435344125,0.0,0.1678657674568146,0.0,32,36,36,35,36,-13,-150,-25,18,-25,12.9,12.9,12.9,12.8,12.7,-999,-999,-999,0.0,0.0,0.0
1.7880780696868896,-0.018407847994444,0.2270301252648097,-0.200952340606014,0.9940237916999776,-1.27781144828099,-11.07267221479512,-0.0214758226601847,0.1886804419430513,-0.2070882899374953,1.0032277156971998,-1.2841982857180343,-11.084257180785213,16.14,-355.08,-59.18,-18.83,-88.77,0.0,-0.1438849435344125,0.0,0.1438849435344125,0.0,32,36,36,35,36,-19,-144,-25,18,-25,12.9,12.8,13.0,12.8,12.7,-999,-999,-999,0.0,0.0,0.0
1.805053949356079,-0.0199418353273143,0.223962150599069,-0.200952340606014,0.9970917663657184,-1.27781144828099,-11.07267221479512,-0.023009809993055,0.1856124672773106,-0.2070882899374953,1.0062956903629403,-1.2841982857180343,-11.084257180785213,64.56,-347.01,-61.87,-24.21,-86.08,-0.023980823922402,-0.1438849435344125,0.0,0.1438849435344125,0.0,32,36,36,36,36,-13,-150,-25,12,-25,12.9,12.9,12.7,12.8,12.7,-999,-999,-999,0.0,0.0,0.0
1.8221166133880613,-0.0199418353273143,0.2224281632661987,-0.200952340606014,1.0016937283643297,-1.27781144828099,-11.07267221479512,-0.0245437973259253,0.18254449261157,-0.2070882899374953,1.009363665028681,-1.2841982857180343,-11.084257180785213,37.66,-341.63,-64.56,-18.83,-88.77,-0.0479616478448041,-0.1438849435344125,0.0,0.1438849435344125,0.0,32,36,37,35,36,-13,-150,-25,18,-25,12.9,12.9,12.8,12.9,12.7,-999,-999,-999,0.0,0.0,0.0
1.839098691940308,-0.0214758226601847,0.219360188600458,-0.200952340606014,1.0032277156971998,-1.27781144828099,-11.07267221479512,-0.0260777846587957,0.1794765179458293,-0.2070882899374953,1.0108976523615514,-1.2841982857180343,-11.084257180785213,48.42,-357.77,-61.87,-10.76,-75.32,-0.0479616478448041,-0.1678657674568146,0.0,0.1438849435344125,0.0,32,36,37,35,36,-13,-150,-25,12,-25,12.9,12.9,12.8,12.8,12.7,-999,-999,-999,0.0,0.0,0.0
1.8560764789581297,-0.023009809993055,0.214758226601847,-0.200952340606014,1.0078296776958109,-1.27781144828099,-11.07267221479512,-0.0260777846587957,0.1764085432800886,-0.2070882899374953,1.0154996143601625,-1.2841982857180343,-11.084257180785213,40.35,-338.94,-61.87,-21.52,-86.08,-0.0719424717672062,-0.1678657674568146,0.0,0.1438849435344125,0.0,32,36,37,35,36,-13,-150,-25,12,-25,12.9,12.9,12.9,12.8,12.7,-999,-999,-999,0.0,0.0,0.0
1.873051404953003,-0.0245437973259253,0.2132242392689767,-0.200952340606014,1.009363665028681,-1.27781144828099,-11.07267221479512,-0.027611771991666,0.1748745559472183,-0.2070882899374953,1.0185675890259032,-1.2841982857180343,-11.084257180785213,2.69,-355.08,-61.87,0.0,-88.77,-0.0719424717672062,-0.1678657674568146,0.0,0.1438849435344125,0.0,32,37,37,35,36,-7,-150,-25,36,-25,12.9,12.8,12.8,12.8,12.6,-999,-999,-999,0.0,0.0,0.0
1.8901286125183103,-0.0260777846587957,0.210156264603236,-0.200952340606014,1.0124316396944215,-1.27781144828099,-11.07267221479512,-0.0291457593245363,0.1718065812814776,-0.2070882899374953,1.021635563691644,-1.2841982857180343,-11.084257180785213,0.0,-363.15,-61.87,-24.21,-88.77,-0.0719424717672062,-0.1678657674568146,0.0,0.1438849435344125,0.0,32,37,36,35,36,-7,-150,-25,18,-25,12.9,12.8,12.8,12.8,12.7,-999,-999,-999,0.0,0.0,0.0
1.907065153121948,-0.027611771991666,0.2070882899374953,-0.200952340606014,1.0154996143601625,-1.27781144828099,-11.07267221479512,-0.0291457593245363,0.1687386066157369,-0.2070882899374953,1.023169551024514,-1.2841982857180343,-11.084257180785213,0.0,-322.8,-59.18,-16.14,-88.77,-0.0719424717672062,-0.1678657674568146,0.0,0.1438849435344125,0.0,32,37,36,35,36,-7,-144,-25,18,-25,12.9,12.9,12.9,12.8,12.6,-999,-999,-999,0.0,0.0,0.0
1.924072265625,-0.0291457593245363,0.2040203152717546,-0.200952340606014,1.0185675890259032,-1.27781144828099,-11.07267221479512,-0.0306797466574067,0.1656706319499963,-0.2070882899374953,1.027771513023125,-1.2841982857180343,-11.084257180785213,0.0,-347.01,-59.18,-34.97,-88.77,-0.0719424717672062,-0.1678657674568146,0.0,0.1438849435344125,0.0,32,37,37,35,36,0,-144,-25,12,-25,12.9,12.9,12.8,12.8,12.7,-999,-999,-999,0.0,0.0,0.0
1.94111442565918,-0.0291457593245363,0.200952340606014,-0.200952340606014,1.0201015763587735,-1.27781144828099,-11.07267221479512,-0.032213733990277,0.1626026572842556,-0.2070882899374953,1.0308394876888658,-1.2841982857180343,-11.084257180785213,0.0,-344.32,-56.49,16.14,-88.77,-0.0719424717672062,-0.1678657674568146,0.0,0.1438849435344125,0.0,32,37,37,35,36,-7,-144,-19,36,-25,12.9,12.9,12.9,12.8,12.7,-999,-999,-999,0.0,0.0,0.0
1.9580485820770264,-0.0306797466574067,0.1978843659402733,-0.200952340606014,1.023169551024514,-1.27781144828099,-11.07267221479512,-0.0337477213231473,0.1595346826185149,-0.2070882899374953,1.0339074623546065,-1.2841982857180343,-11.084257180785213,13.45,-333.56,-61.87,-8.07,-86.08,-0.0479616478448041,-0.1678657674568146,0.0,0.1438849435344125,0.0,32,37,36,35,36,-7,-150,-25,25,-25,12.9,12.9,12.9,12.8,12.7,-999,-999,-999,0.0,0.0,0.0
1.975069284439087,-0.0306797466574067,0.1948163912745326,-0.200952340606014,1.0262375256902547,-1.27781144828099,-11.07267221479512,-0.0337477213231473,0.1564667079527743,-0.2070882899374953,1.0369754370203472,-1.2841982857180343,-11.084257180785213,32.28,-355.08,-61.87,-10.76,-88.77,-0.0479616478448041,-0.1678657674568146,0.0,0.1438849435344125,0.0,32,37,36,35,36,-13,-144,-25,25,-25,12.9,12.9,12.8,12.7,12.7,-999,-999,-999,0.0,0.0,0.0
1.992026329040528,-0.0306797466574067,0.1932824039416623,-0.200952340606014,1.0308394876888658,-1.27781144828099,-11.07267221479512,-0.0352817086560177,0.1533987332870336,-0.2070882899374953,1.0400434116860875,-1.2841982857180343,-11.084257180785213,43.04,-360.46,-59.18,-24.21,-88.77,-0.023980823922402,-0.1678657674568146,0.0,0.1438849435344125,0.0,32,36,36,36,36,-13,-150,-25,18,-25,12.9,12.9,12.8,12.7,12.7,-999,-999,-999,0.0,0.0,0.0
2.009066104888916,-0.032213733990277,0.1902144292759216,-0.200952340606014,1.0339074623546065,-1.27781144828099,-11.07267221479512,-0.036815695988888,0.1518647459541632,-0.2070882899374953,1.041577399018958,-1.2841982857180343,-11.084257180785213,40.35,-368.53,-64.56,-10.76,-88.77,-0.023980823922402,-0.1678657674568146,0.0,0.1678657674568146,0.0,32,36,37,35,36,-13,-150,-25,18,-25,12.9,12.8,12.8,12.8,12.7,-999,-999,-999,0.0,0.0,0.0
2.026040554046631,-0.0337477213231473,0.1871464546101809,-0.200952340606014,1.0369754370203472,-1.27781144828099,-11.07267221479512,-0.036815695988888,0.1487967712884225,-0.2070882899374953,1.0446453736846988,-1.2841982857180343,-11.084257180785213,0.0,-357.77,-61.87,-16.14,-78.01,-0.023980823922402,-0.1438849435344125,0.0,0.1678657674568146,0.0,32,36,36,35,36,-19,-144,-25,18,-25,12.9,12.9,12.8,12.7,12.7,-999,-999,-999,0.0,0.0,0.0
2.0430874824523926,-0.0337477213231473,0.1856124672773106,-0.200952340606014,1.0385094243532176,-1.27781144828099,-11.07267221479512,-0.0383496833217584,0.1457287966226819,-0.2070882899374953,1.0477133483504395,-1.2841982857180343,-11.084257180785213,24.21,-379.29,-61.87,-13.45,-72.63,-0.023980823922402,-0.1438849435344125,0.0,0.1678657674568146,0.0,32,36,36,35,36,-13,-150,-25,18,-18,12.9,12.9,12.7,12.8,12.7,-999,-999,-999,0.0,0.0,0.0
2.0600407123565674,-0.0352817086560177,0.1810105052786996,-0.200952340606014,1.041577399018958,-1.27781144828099,-11.07267221479512,-0.0383496833217584,0.1441948092898116,-0.2070882899374953,1.0507813230161802,-1.2841982857180343,-11.084257180785213,34.97,-368.53,-61.87,-10.76,-88.77,-0.0479616478448041,-0.1438849435344125,0.0,0.1678657674568146,0.0,32,36,37,35,36,-13,-157,-25,18,-25,13.0,13.0,12.3,12.8,12.7,-999,-999,-999,0.0,0.0,0.0
2.0779409408569336,-0.0383496833217584,0.1794765179458293,-0.200952340606014,1.0446453736846988,-1.27781144828099,-11.07267221479512,-0.0383496833217584,0.1441948092898116,-0.2070882899374953,1.0507813230161802,-1.2841982857180343,-11.084257180785213,0.0,-344.32,-61.87,-16.14,-75.32,-0.0479616478448041,-0.1438849435344125,0.0,0.1678657674568146,0.0,32,36,37,33,36,-7,-150,-25,18,-25,12.9,12.8,12.8,12.8,12.7,-999,-999,-999,0.0,0.0,0.0
2.095041036605835,-0.0398836706546287,0.1764085432800886,-0.200952340606014,1.0477133483504395,-1.27781144828099,-11.07267221479512,-0.041417657987499,0.1395928472912005,-0.2070882899374953,1.0553832850147913,-1.2841982857180343,-11.084257180785213,-2.69,-360.46,-61.87,-21.52,-88.77,-0.0719424717672062,-0.1438849435344125,0.0,0.1678657674568146,0.0,32,36,36,35,36,0,-150,-25,18,-25,12.9,12.9,12.8,12.8,12.7,-999,-999,-999,0.0,0.0,0.0
2.112034320831299,-0.041417657987499,0.1718065812814776,-0.200952340606014,1.0507813230161802,-1.27781144828099,-11.07267221479512,-0.0429516453203694,0.1380588599583302,-0.2070882899374953,1.0584512596805318,-1.2841982857180343,-11.084257180785213,-5.38,-328.18,-59.18,-16.14,-88.77,-0.0959232956896083,-0.1678657674568146,0.0,0.1678657674568146,0.0,32,36,36,35,36,0,-144,-25,18,-25,12.9,12.9,12.8,12.6,12.7,-999,-999,-999,0.0,0.0,0.0
2.12903356552124,-0.0429516453203694,0.1702725939486073,-0.200952340606014,1.053849297681921,-1.27781144828099,-11.07267221479512,-0.0429516453203694,0.1349908852925895,-0.2070882899374953,1.0615192343462725,-1.2841982857180343,-11.084257180785213,0.0,-349.7,-59.18,-13.45,-88.77,-0.0959232956896083,-0.1678657674568146,0.0,0.1678657674568146,0.0,32,36,36,35,36,0,-144,-25,12,-25,12.9,12.9,12.9,12.9,12.7,-999,-999,-999,0.0,0.0,0.0
2.1460564136505127,-0.0429516453203694,0.1672046192828666,-0.200952340606014,1.0569172723476614,-1.27781144828099,-11.07267221479512,-0.0444856326532397,0.1319229106268489,-0.2070882899374953,1.0630532216791428,-1.2841982857180343,-11.084257180785213,0.0,-347.01,-59.18,-2.69,-86.08,-0.0719424717672062,-0.1438849435344125,0.0,0.1438849435344125,0.0,32,36,36,35,36,0,-138,-25,12,-25,12.9,12.7,12.9,12.8,12.7,-999,-999,-999,0.0,0.0,0.0
2.1630475521087646,-0.0429516453203694,0.1641366446171259,-0.200952340606014,1.059985247013402,-1.27781144828099,-11.07267221479512,-0.04601961998611,0.1303889232939785,-0.2070882899374953,1.0661211963448836,-1.2841982857180343,-11.084257180785213,0.0,-325.49,-61.87,-5.38,-88.77,-0.0479616478448041,-0.1438849435344125,0.0,0.1438849435344125,0.0,32,36,35,35,36,-7,-144,-25,12,-25,12.9,12.9,12.8,12.8,12.7,-999,-999,-999,0.0,0.0,0.0
2.180050849914551,-0.0444856326532397,0.1610686699513852,-0.200952340606014,1.0615192343462725,-1.27781144828099,-11.07267221479512,-0.0475536073189804,0.1288549359611082,-0.2070882899374953,1.0707231583434946,-1.2841982857180343,-11.084257180785213,2.69,-333.56,-61.87,-18.83,-88.77,-0.0479616478448041,-0.1438849435344125,0.0,0.1199041196120104,0.0,32,36,36,35,36,-7,-138,-25,12,-25,12.9,12.9,12.8,12.7,12.7,-999,-999,-999,0.0,0.0,0.0
2.197279691696167,-0.0444856326532397,0.1595346826185149,-0.200952340606014,1.0645872090120132,-1.27781144828099,-11.07267221479512,-0.0475536073189804,0.1288549359611082,-0.2070882899374953,1.0707231583434946,-1.2841982857180343,-11.084257180785213,37.66,-344.32,-61.87,-18.83,-86.08,-0.023980823922402,-0.1438849435344125,0.0,0.1199041196120104,0.0,32,36,36,36,36,-13,-132,-25,18,-25,12.9,12.9,12.8,12.7,12.7,-999,-999,-999,0.0,0.0,0.0
2.2140469551086426,-0.0444856326532397,0.1580006952856446,-0.200952340606014,1.067655183677754,-1.27781144828099,-11.07267221479512,-0.050621581984721,0.1242529739624972,-0.2070882899374953,1.0753251203421057,-1.2841982857180343,-11.084257180785213,45.73,-347.01,-59.18,-32.28,-88.77,-0.023980823922402,-0.1438849435344125,0.0,0.1199041196120104,0.0,32,36,36,36,36,-13,-138,-25,12,-25,12.9,12.8,12.8,12.8,12.7,-999,-999,-999,0.0,0.0,0.0
2.2310423851013184,-0.0444856326532397,0.1564667079527743,-0.200952340606014,1.0691891710106245,-1.27781144828099,-11.07267221479512,-0.0521555693175914,0.1211849992967565,-0.2070882899374953,1.0768591076749758,-1.2841982857180343,-11.084257180785213,16.14,-336.25,-59.18,13.45,-78.01,-0.023980823922402,-0.1199041196120104,0.0,0.1438849435344125,0.0,33,36,36,36,36,-19,-138,-25,36,-18,12.9,12.9,12.8,12.8,12.7,-999,-999,-999,0.0,0.0,0.0
2.24805235862732,-0.04601961998611,0.1533987332870336,-0.200952340606014,1.0722571456763648,-1.27781144828099,-11.07267221479512,-0.055223543983332,0.1196510119638862,-0.2070882899374953,1.0799270823407163,-1.2841982857180343,-11.084257180785213,13.45,-371.22,-61.87,-18.83,-88.77,0.0,-0.1199041196120104,0.0,0.1438849435344125,0.0,32,36,36,35,35,-25,-144,-25,18,-25,12.9,12.9,12.8,12.8,12.6,-999,-999,-999,0.0,0.0,0.0
2.2659246921539307,-0.0475536073189804,0.1518647459541632,-0.200952340606014,1.0753251203421057,-1.27781144828099,-11.07267221479512,-0.055223543983332,0.1196510119638862,-0.2070882899374953,1.0799270823407163,-1.2841982857180343,-11.084257180785213,-2.69,-373.91,-61.87,-16.14,-88.77,0.0,-0.0959232956896083,0.0,0.1438849435344125,0.0,32,36,36,35,36,-25,-138,-25,12,-25,12.8,12.8,12.8,12.8,12.7,-999,-999,-999,0.0,0.0,0.0
2.2830235958099365,-0.050621581984721,0.1503307586212929,-0.200952340606014,1.0768591076749758,-1.27781144828099,-11.07267221479512,-0.0567575313162024,0.1150490499652752,-0.2070882899374953,1.086063031672198,-1.2841982857180343,-11.084257180785213,0.0,-360.46,-61.87,-2.69,-88.77,-0.0479616478448041,-0.0959232956896083,0.0,0.1438849435344125,0.0,32,37,36,35,36,-25,-138,-25,25,-25,12.9,12.9,12.8,12.8,12.7,-999,-999,-999,0.0,0.0,0.0
2.3000590801239014,-0.0536895566504617,0.1487967712884225,-0.200952340606014,1.081461069673587,-1.27781144828099,-11.07267221479512,-0.0567575313162024,0.1135150626324048,-0.2070882899374953,1.0875970190050683,-1.2841982857180343,-11.084257180785213,13.45,-352.39,-61.87,-18.83,-88.77,-0.0719424717672062,-0.0959232956896083,0.0,0.1438849435344125,0.0,32,37,36,35,36,-19,-144,-25,18,-25,12.9,12.9,12.8,12.8,12.7,-999,-999,-999,0.0,0.0,0.0
2.3170480728149414,-0.0567575313162024,0.1472627839555522,-0.200952340606014,1.0829950570064573,-1.27781144828099,-11.07267221479512,-0.0582915186490727,0.1119810752995345,-0.2070882899374953,1.0921989810036792,-1.2841982857180343,-11.084257180785213,21.52,-365.84,-61.87,-13.45,-86.08,-0.0959232956896083,-0.0959232956896083,0.0,0.1438849435344125,0.0,32,37,36,35,36,0,-144,-25,18,-25,12.9,12.9,12.8,12.8,12.7,-999,-999,-999,0.0,0.0,0.0
2.334027051925659,-0.0582915186490727,0.1472627839555522,-0.200952340606014,1.086063031672198,-1.27781144828099,-11.07267221479512,-0.0598255059819431,0.1104470879666641,-0.2070882899374953,1.0937329683365495,-1.2841982857180343,-11.084257180785213,0.0,-363.15,-59.18,0.0,-86.08,-0.1199041196120104,-0.0959232956896083,0.0,0.1438849435344125,0.0,32,37,36,35,36,0,-144,-25,36,-25,12.9,12.8,12.8,12.8,12.7,-999,-999,-999,0.0,0.0,0.0
2.3510541915893555,-0.0613594933148134,0.1457287966226819,-0.200952340606014,1.0891310063379385,-1.27781144828099,-11.07267221479512,-0.0613594933148134,0.1089131006337938,-0.2070882899374953,1.09526695566942,-1.2841982857180343,-11.084257180785213,0.0,-379.29,-61.87,-13.45,-86.08,-0.1438849435344125,-0.0959232956896083,0.0,0.1438849435344125,0.0,32,37,36,35,36,6,-138,-25,18,-25,12.9,12.9,12.8,12.8,12.7,-999,-999,-999,0.0,0.0,0.0
2.368030071258545,-0.0628934806476837,0.1426608219569412,-0.200952340606014,1.0921989810036792,-1.27781144828099,-11.07267221479512,-0.0628934806476837,0.1073791133009235,-0.2070882899374953,1.0983349303351606,-1.2841982857180343,-11.084257180785213,0.0,-363.15,-59.18,-21.52,-88.77,-0.1438849435344125,-0.0959232956896083,0.0,0.1438849435344125,0.0,32,37,36,35,36,6,-138,-25,12,-25,12.9,12.9,12.8,12.8,12.7,-999,-999,-999,0.0,0.0,0.0
2.38504409790039,-0.0628934806476837,0.1411268346240709,-0.200952340606014,1.0937329683365495,-1.27781144828099,-11.07267221479512,-0.0628934806476837,0.1073791133009235,-0.2070882899374953,1.099868917668031,-1.2841982857180343,-11.084257180785213,5.38,-325.49,-59.18,-5.38,-88.77,-0.1199041196120104,-0.0959232956896083,0.0,0.1438849435344125,0.0,32,37,36,35,36,6,-138,-25,12,-25,12.9,12.9,12.9,12.8,12.7,-999,-999,-999,0.0,0.0,0.0
2.4020028114318848,-0.0628934806476837,0.1380588599583302,-0.200952340606014,1.0968009430022905,-1.27781144828099,-11.07267221479512,-0.0644274679805541,0.1058451259680531,-0.2070882899374953,1.099868917668031,-1.2841982857180343,-11.084257180785213,5.38,-317.42,-61.87,-13.45,-88.77,-0.0959232956896083,-0.0959232956896083,0.0,0.1438849435344125,0.0,32,37,36,35,36,12,-125,-25,12,-25,12.9,12.9,12.9,12.8,12.7,-999,-999,-999,0.0,0.0,0.0
2.4190239906311035,-0.0628934806476837,0.1365248726254599,-0.200952340606014,1.0983349303351606,-1.27781144828099,-11.07267221479512,-0.0644274679805541,0.1058451259680531,-0.2070882899374953,1.099868917668031,-1.2841982857180343,-11.084257180785213,0.0,-320.11,-59.18,-34.97,-88.77,-0.0479616478448041,-0.0959232956896083,0.0,0.1438849435344125,0.0,32,36,36,35,36,0,-125,-25,6,-25,12.9,12.9,12.9,12.8,12.7,-999,-999,-999,0.0,0.0,0.0
2.4360668659210205,-0.0628934806476837,0.1349908852925895,-0.200952340606014,1.099868917668031,-1.27781144828099,-11.07267221479512,-0.0659614553134244,0.1027771513023125,-0.2070882899374953,1.1029368923337717,-1.2841982857180343,-11.084257180785213,0.0,-336.25,-61.87,8.07,-88.77,-0.023980823922402,-0.0959232956896083,0.0,0.1199041196120104,0.0,32,36,36,35,36,-7,-132,-25,12,-25,12.9,12.9,12.9,12.8,12.8,-999,-999,-999,0.0,0.0,0.0
2.454089403152466,-0.0613594933148134,0.1334568979597192,-0.200952340606014,1.099868917668031,-1.27781144828099,-11.07267221479512,-0.0674954426462947,0.1012431639694421,-0.2070882899374953,1.1029368923337717,-1.2841982857180343,-11.084257180785213,16.14,-314.73,-61.87,5.38,-88.77,0.0,-0.0959232956896083,0.0,0.0959232956896083,0.0,32,36,36,35,36,-19,-125,-25,12,-25,13.0,12.8,12.9,12.8,12.7,-999,-999,-999,0.0,0.0,0.0
2.471061944961548,-0.0613594933148134,0.1319229106268489,-0.200952340606014,1.101402905000901,-1.2793454356138605,-11.075479537091322,-0.0690294299791651,0.0997091766365718,-0.2070882899374953,1.1044708796666418,-1.2841982857180343,-11.084257180785213,13.45,-320.11,-59.18,-24.21,-86.08,0.0,-0.0959232956896083,0.0,0.0719424717672062,0.0,32,37,36,35,36,-25,-125,-25,6,-25,12.9,12.9,12.9,12.8,12.7,-999,-999,-999,0.0,0.0,0.0
2.488027572631836,-0.0628934806476837,0.1303889232939785,-0.200952340606014,1.101402905000901,-1.27781144828099,-11.07267221479512,-0.0690294299791651,0.0997091766365718,-0.2070882899374953,1.1044708796666418,-1.2841982857180343,-11.084257180785213,13.45,-317.42,-59.18,-21.52,-88.77,0.0,-0.0959232956896083,0.0,0.0479616478448041,0.0,32,37,36,35,36,-19,-125,-25,0,-25,12.9,12.9,12.9,12.8,12.7,-999,-999,-999,0.0,0.0,0.0
2.5050199031829834,-0.0644274679805541,0.1288549359611082,-0.200952340606014,1.1029368923337717,-1.27781144828099,-11.07267221479512,-0.0720974046449058,0.0981751893037015,-0.2070882899374953,1.1060048669995122,-1.2841982857180343,-11.084257180785213,-13.45,-347.01,-59.18,-13.45,-86.08,0.0,-0.0959232956896083,0.0,0.0479616478448041,0.0,31,37,36,35,36,-25,-125,-25,6,-25,12.9,12.9,12.8,12.8,12.7,-999,-999,-999,0.0,0.0,0.0
2.522055625915528,-0.0674954426462947,0.1288549359611082,-0.200952340606014,1.1029368923337717,-1.27781144828099,-11.07267221479512,-0.0736313919777761,0.0966412019708311,-0.2070882899374953,1.1044708796666418,-1.2841982857180343,-11.084257180785213,32.28,-330.87,-59.18,-13.45,-86.08,-0.023980823922402,-0.0719424717672062,0.0,0.0479616478448041,0.0,31,37,36,35,36,43,-125,-25,6,-25,12.9,12.9,12.8,12.8,12.7,-999,-999,-999,0.0,0.0,0.0
2.539020538330078,-0.0690294299791651,0.1273209486282379,-0.200952340606014,1.1029368923337717,-1.27781144828099,-11.07267221479512,-0.0751653793106464,0.0951072146379608,-0.2070882899374953,1.1060048669995122,-1.2841982857180343,-11.084257180785213,8.07,-341.63,-61.87,-13.45,-88.77,-0.0479616478448041,-0.0719424717672062,0.0,0.023980823922402,0.0,31,37,37,35,36,-25,-125,-25,0,-25,12.9,12.9,12.8,12.8,12.7,-999,-999,-999,0.0,0.0,0.0
2.5560622215271,-0.0720974046449058,0.1257869612953675,-0.200952340606014,1.1029368923337717,-1.27781144828099,-11.07267221479512,-0.0782333539763871,0.0951072146379608,-0.2070882899374953,1.1044708796666418,-1.2841982857180343,-11.084257180785213,45.73,-317.42,-64.56,-13.45,-88.77,-0.0959232956896083,-0.0479616478448041,0.0,0.023980823922402,0.0,32,37,37,35,36,-7,-125,-25,6,-25,12.9,12.9,12.8,12.8,12.7,-999,-999,-999,0.0,0.0,0.0
2.5730412006378174,-0.0751653793106464,0.1257869612953675,-0.200952340606014,1.1029368923337717,-1.27781144828099,-11.07267221479512,-0.0797673413092574,0.0951072146379608,-0.2070882899374953,1.1060048669995122,-1.2841982857180343,-11.084257180785213,-40.35,-341.63,-61.87,-13.45,-88.77,-0.1199041196120104,-0.0479616478448041,0.0,0.0,0.0,32,37,37,35,37,-76,-125,-25,0,-25,12.9,12.9,12.9,12.8,12.8,-999,-999,-999,0.0,0.0,0.0
2.590049743652344,-0.0782333539763871,0.1257869612953675,-0.200952340606014,1.1044708796666418,-1.27781144828099,-11.07267221479512,-0.0813013286421278,0.0935732273050904,-0.2070882899374953,1.1060048669995122,-1.2841982857180343,-11.084257180785213,10.76,-357.77,-59.18,-16.14,-88.77,-0.1438849435344125,-0.0479616478448041,0.0,0.0,0.0,32,37,36,35,37,-7,-119,-25,0,-25,12.9,12.9,12.9,12.8,12.8,-999,-999,-999,0.0,0.0,0.0
2.60709547996521,-0.0797673413092574,0.1242529739624972,-0.200952340606014,1.1044708796666418,-1.27781144828099,-11.07267221479512,-0.0828353159749981,0.0935732273050904,-0.2070882899374953,1.1044708796666418,-1.2841982857180343,-11.084257180785213,0.0,-357.77,-59.18,-13.45,-88.77,-0.1678657674568146,-0.0479616478448041,0.0,0.0,0.0,32,37,35,35,37,0,-132,-25,0,-25,12.9,12.9,12.9,12.8,12.8,-999,-999,-999,0.0,0.0,0.0
2.6240763664245605,-0.0813013286421278,0.1227189866296268,-0.200952340606014,1.1044708796666418,-1.27781144828099,-11.07267221479512,-0.0843693033078684,0.0935732273050904,-0.2070882899374953,1.1044708796666418,-1.2841982857180343,-11.084257180785213,0.0,-336.25,-59.18,-13.45,-88.77,-0.1438849435344125,-0.0479616478448041,0.0,0.0,0.0,32,37,36,35,37,-7,-125,-25,-7,-25,12.9,13.0,12.9,12.8,12.7,-999,-999,-999,0.0,0.0,0.0
2.641056060791016,-0.0828353159749981,0.1227189866296268,-0.200952340606014,1.1044708796666418,-1.27781144828099,-11.07267221479512,-0.0874372779736091,0.0935732273050904,-0.2070882899374953,1.1044708796666418,-1.2841982857180343,-11.084257180785213,18.83,-365.84,-59.18,-13.45,-86.08,-0.1199041196120104,-0.0479616478448041,0.0,0.0,0.0,32,37,36,35,37,-7,-125,-25,-7,-25,12.9,12.9,12.9,12.7,12.7,-999,-999,-999,0.0,0.0,0.0
2.6580352783203125,-0.0843693033078684,0.1211849992967565,-0.200952340606014,1.1044708796666418,-1.27781144828099,-11.07267221479512,-0.0905052526393498,0.0905052526393498,-0.2070882899374953,1.1044708796666418,-1.2841982857180343,-11.084257180785213,26.9,-336.25,-61.87,-13.45,-88.77,-0.0959232956896083,-0.0479616478448041,0.0,0.0,0.0,32,37,36,36,36,-13,-119,-25,-7,-25,12.9,12.9,12.8,12.8,12.8,-999,-999,-999,0.0,0.0,0.0
2.6750376224517822,-0.0828353159749981,0.1211849992967565,-0.200952340606014,1.1044708796666418,-1.27781144828099,-11.07267221479512,-0.0935732273050904,0.0889712653064794,-0.2070882899374953,1.1044708796666418,-1.2841982857180343,-11.084257180785213,-40.35,-360.46,-56.49,-13.45,-88.77,-0.0479616478448041,-0.0479616478448041,0.0,0.0,0.0,31,36,36,36,36,-95,-125,-25,0,-25,12.9,12.9,12.8,12.8,12.8,-999,-999,-999,0.0,0.0,0.0
2.6920647621154785,-0.0828353159749981,0.1211849992967565,-0.200952340606014,1.1044708796666418,-1.27781144828099,-11.07267221479512,-0.0966412019708311,0.0889712653064794,-0.2070882899374953,1.1044708796666418,-1.2841982857180343,-11.084257180785213,2.69,-363.15,-53.8,-13.45,-88.77,-0.023980823922402,-0.023980823922402,0.0,0.0,0.0,31,36,36,35,37,-38,-132,-25,-7,-25,12.7,12.9,12.8,12.7,12.7,-999,-999,-999,0.0,0.0,0.0
2.709016799926758,-0.0859032906407388,0.1196510119638862,-0.200952340606014,1.1044708796666418,-1.27781144828099,-11.07267221479512,-0.0981751893037015,0.0874372779736091,-0.2070882899374953,1.1044708796666418,-1.2841982857180343,-11.084257180785213,0.0,-338.94,-56.49,-13.45,-88.77,-0.023980823922402,-0.023980823922402,0.0,0.0,0.0,31,36,36,35,36,-44,-125,-19,-7,-25,12.9,12.9,12.8,12.8,12.7,-999,-999,-999,0.0,0.0,0.0
2.7259743213653564,-0.0889712653064794,0.1181170246310158,-0.200952340606014,1.1029368923337717,-1.27781144828099,-11.07267221479512,-0.0981751893037015,0.0874372779736091,-0.2070882899374953,1.1044708796666418,-1.2841982857180343,-11.084257180785213,-13.45,-349.7,-56.49,-13.45,-88.77,-0.0479616478448041,-0.023980823922402,0.0,0.0,0.0,33,36,36,35,36,-38,-132,-25,-7,-25,12.9,12.9,12.9,12.8,12.7,-999,-999,-999,0.0,0.0,0.0
2.743032217025757,-0.0920392399722201,0.1165830372981455,-0.200952340606014,1.1044708796666418,-1.27781144828099,-11.07267221479512,-0.1043111386351828,0.0843693033078684,-0.2070882899374953,1.1060048669995122,-1.2841982857180343,-11.084257180785213,-13.45,-336.25,-59.18,-8.07,-88.77,-0.0719424717672062,-0.023980823922402,0.0,0.0,0.0,32,36,36,35,36,-38,-125,-25,0,-25,12.9,12.8,12.9,12.8,12.7,-999,-999,-999,0.0,0.0,0.0
2.7600460052490234,-0.0966412019708311,0.1165830372981455,-0.200952340606014,1.1044708796666418,-1.27781144828099,-11.07267221479512,-0.1058451259680531,0.0843693033078684,-0.2070882899374953,1.1060048669995122,-1.2841982857180343,-11.084257180785213,-8.07,-371.22,-59.18,-10.76,-88.77,-0.1199041196120104,-0.0479616478448041,0.0,0.0,0.0,32,36,36,35,36,-38,-132,-25,0,-25,12.9,12.9,12.9,12.8,12.7,-999,-999,-999,0.0,0.0,0.0
2.777074098587036,-0.1012431639694421,0.1150490499652752,-0.200952340606014,1.1044708796666418,-1.27781144828099,-11.07267221479512,-0.1089131006337938,0.0828353159749981,-0.2070882899374953,1.1044708796666418,-1.2841982857180343,-11.084257180785213,8.07,-352.39,-59.18,-18.83,-88.77,-0.1678657674568146,-0.0479616478448041,0.0,0.0,0.0,31,36,36,35,36,-25,-125,-25,0,-25,12.9,12.9,12.8,12.7,12.7,-999,-999,-999,0.0,0.0,0.0
2.794072151184082,-0.1058451259680531,0.1150490499652752,-0.200952340606014,1.1044708796666418,-1.27781144828099,-11.07267221479512,-0.1119810752995345,0.0813013286421278,-0.2070882899374953,1.1060048669995122,-1.2841982857180343,-11.084257180785213,26.9,-349.7,-59.18,-13.45,-88.77,-0.1918465913792167,-0.0479616478448041,0.0,0.0,0.0,31,36,36,36,33,-13,-125,-25,-7,-25,12.9,12.9,12.8,12.8,12.8,-999,-999,-999,0.0,0.0,0.0
2.811035633087158,-0.1104470879666641,0.1135150626324048,-0.200952340606014,1.1044708796666418,-1.27781144828099,-11.07267221479512,-0.1135150626324048,0.0797673413092574,-0.2070882899374953,1.1060048669995122,-1.2841982857180343,-11.084257180785213,26.9,-341.63,-61.87,-10.76,-80.7,-0.2398082392240208,-0.0479616478448041,0.0,0.0,0.0,31,36,36,36,36,-7,-138,-25,-7,-25,12.9,12.9,12.8,12.8,12.8,-999,-999,-999,0.0,0.0,0.0
2.828043222427368,-0.1119810752995345,0.1104470879666641,-0.200952340606014,1.1060048669995122,-1.27781144828099,-11.07267221479512,-0.1150490499652752,0.0782333539763871,-0.2070882899374953,1.1044708796666418,-1.2841982857180343,-11.084257180785213,34.97,-330.87,-61.87,-10.76,-80.7,-0.2398082392240208,-0.0479616478448041,0.0,0.0,0.0,32,37,37,35,36,0,-125,-25,0,-18,12.9,12.9,12.8,12.8,12.7,-999,-999,-999,0.0,0.0,0.0
2.8450307846069336,-0.1135150626324048,0.1089131006337938,-0.200952340606014,1.1044708796666418,-1.27781144828099,-11.07267221479512,-0.1181170246310158,0.0782333539763871,-0.2070882899374953,1.1060048669995122,-1.2841982857180343,-11.084257180785213,18.83,-325.49,-61.87,-10.76,-88.77,-0.2158274153016187,-0.0719424717672062,0.0,0.0,0.0,32,37,37,35,36,-7,-125,-25,-13,-25,12.9,12.8,12.8,12.8,12.7,-999,-999,-999,0.0,0.0,0.0
2.8629283905029297,-0.1150490499652752,0.1073791133009235,-0.200952340606014,1.1060048669995122,-1.27781144828099,-11.07267221479512,-0.1181170246310158,0.0782333539763871,-0.2070882899374953,1.1060048669995122,-1.2841982857180343,-11.084257180785213,43.04,-322.8,-61.87,-13.45,-75.32,-0.1918465913792167,-0.0719424717672062,0.0,0.0,0.0,32,37,37,35,36,-13,-119,-25,0,-18,12.9,12.9,12.8,12.8,12.7,-999,-999,-999,0.0,0.0,0.0
2.8800277709960938,-0.1165830372981455,0.1058451259680531,-0.200952340606014,1.1044708796666418,-1.27781144828099,-11.07267221479512,-0.1196510119638862,0.0766993666435168,-0.2070882899374953,1.1060048669995122,-1.2841982857180343,-11.084257180785213,40.35,-322.8,-61.87,-10.76,-86.08,-0.1199041196120104,-0.0719424717672062,0.0,0.0,0.0,32,37,37,35,36,-13,-125,-25,0,-25,12.9,12.9,12.8,12.8,12.7,-999,-999,-999,0.0,0.0,0.0
2.8970115184783936,-0.1165830372981455,0.1058451259680531,-0.200952340606014,1.1060048669995122,-1.27781144828099,-11.07267221479512,-0.1227189866296268,0.0751653793106464,-0.2070882899374953,1.1060048669995122,-1.2841982857180343,-11.084257180785213,13.45,-347.01,-59.18,-10.76,-88.77,-0.0719424717672062,-0.0719424717672062,0.0,0.0,0.0,32,37,37,35,36,-25,-132,-25,-7,-25,12.9,12.9,12.9,12.8,12.7,-999,-999,-999,0.0,0.0,0.0
2.913995742797852,-0.1165830372981455,0.1043111386351828,-0.200952340606014,1.1060048669995122,-1.27781144828099,-11.07267221479512,-0.1257869612953675,0.0751653793106464,-0.2070882899374953,1.1060048669995122,-1.2841982857180343,-11.084257180785213,26.9,-317.42,-61.87,-10.76,-88.77,-0.0479616478448041,-0.0719424717672062,0.0,0.0,0.0,32,36,37,35,36,-32,-69,-25,-7,-25,12.9,12.9,12.8,12.8,12.7,-999,-999,-999,0.0,0.0,0.0
2.931085586547852,-0.1181170246310158,0.1043111386351828,-0.200952340606014,1.1044708796666418,-1.27781144828099,-11.07267221479512,-0.1288549359611082,0.0736313919777761,-0.2070882899374953,1.1060048669995122,-1.2841982857180343,-11.084257180785213,-18.83,-357.77,-61.87,-10.76,-88.77,-0.023980823922402,-0.0479616478448041,0.0,0.0,0.0,31,36,37,35,36,-38,-125,-25,-7,-25,12.9,12.9,12.8,12.8,12.7,-999,-999,-999,0.0,0.0,0.0
2.948085308074951,-0.1211849992967565,0.1027771513023125,-0.200952340606014,1.1044708796666418,-1.27781144828099,-11.07267221479512,-0.1319229106268489,0.0720974046449058,-0.2070882899374953,1.1060048669995122,-1.2841982857180343,-11.084257180785213,0.0,-365.84,-61.87,-10.76,-86.08,-0.023980823922402,-0.0479616478448041,0.0,0.0,0.0,31,36,37,35,36,-32,-119,-25,0,-25,12.9,12.8,12.8,12.8,12.7,-999,-999,-999,0.0,0.0,0.0
2.965097665786743,-0.1227189866296268,0.1027771513023125,-0.200952340606014,1.1044708796666418,-1.27781144828099,-11.07267221479512,-0.1334568979597192,0.0720974046449058,-0.2070882899374953,1.1075388543323823,-1.2841982857180343,-11.084257180785213,-34.97,-365.84,-61.87,-10.76,-83.39,-0.0479616478448041,-0.023980823922402,0.0,0.0,0.0,31,36,37,35,36,-38,-132,-25,-7,-25,12.9,12.9,12.8,12.8,12.7,-999,-999,-999,0.0,0.0,0.0
2.982069730758667,-0.1273209486282379,0.1027771513023125,-0.200952340606014,1.1060048669995122,-1.27781144828099,-11.07267221479512,-0.1365248726254599,0.0705634173120354,-0.2070882899374953,1.1075388543323823,-1.2841982857180343,-11.084257180785213,24.21,-379.29,-61.87,-8.07,-88.77,-0.0959232956896083,-0.023980823922402,0.0,0.0,0.0,31,36,37,35,36,-25,-132,-25,0,-25,12.9,12.9,12.8,12.8,12.7,-999,-999,-999,0.0,0.0,0.0
2.9990227222442627,-0.1319229106268489,0.1027771513023125,-0.200952340606014,1.1060048669995122,-1.27781144828099,-11.07267221479512,-0.1380588599583302,0.0705634173120354,-0.2070882899374953,1.1090728416652529,-1.2841982857180343,-11.084257180785213,18.83,-387.36,-61.87,-13.45,-78.01,-0.1438849435344125,0.0,0.0,0.0,0.0,31,36,37,35,35,-19,-132,-25,6,-25,13.0,12.9,12.8,12.8,12.7,-999,-999,-999,0.0,0.0,0.0
3.0160346031188965,-0.1365248726254599,0.1027771513023125,-0.200952340606014,1.1075388543323823,-1.27781144828099,-11.07267221479512,-0.1380588599583302,0.0705634173120354,-0.2070882899374953,1.1090728416652529,-1.2841982857180343,-11.084257180785213,0.0,-392.74,-61.87,-2.69,-88.77,-0.1918465913792167,0.0,0.0,0.0,0.0,32,36,37,35,36,0,-132,-25,12,-25,12.9,12.9,12.9,12.8,12.7,-999,-999,-999,0.0,0.0,0.0
3.0330214500427246,-0.1395928472912005,0.1027771513023125,-0.200952340606014,1.1075388543323823,-1.27781144828099,-11.07267221479512,-0.1411268346240709,0.0705634173120354,-0.2070882899374953,1.1106068289981232,-1.2841982857180343,-11.084257180785213,0.0,-395.43,-61.87,2.69,-88.77,-0.2158274153016187,0.0,0.0,0.0,0.0,32,37,37,35,36,-7,-138,-25,12,-25,12.9,12.9,12.9,12.8,12.7,-999,-999,-999,0.0,0.0,0.0
3.0500147342681885,-0.1411268346240709,0.1027771513023125,-0.200952340606014,1.1090728416652529,-1.27781144828099,-11.07267221479512,-0.1441948092898116,0.0674954426462947,-0.2070882899374953,1.1152087909967343,-1.2841982857180343,-11.084257180785213,75.32,-414.26,-64.56,0.0,-88.77,-0.2158274153016187,0.0,0.0,0.023980823922402,0.0,32,37,37,35,36,62,-144,-25,12,-25,12.9,12.9,12.9,12.8,12.7,-999,-999,-999,0.0,0.0,0.0
3.067046403884888,-0.1426608219569412,0.1012431639694421,-0.200952340606014,1.1106068289981232,-1.27781144828099,-11.07267221479512,-0.1457287966226819,0.0674954426462947,-0.2070882899374953,1.116742778329605,-1.2841982857180343,-11.084257180785213,13.45,-368.53,-61.87,8.07,-88.77,-0.1918465913792167,0.0,0.0,0.0479616478448041,0.0,32,37,37,35,36,-7,-144,-25,12,-25,12.9,12.9,12.9,12.8,12.7,-999,-999,-999,0.0,0.0,0.0
3.084051609039306,-0.1441948092898116,0.1012431639694421,-0.200952340606014,1.113674803663864,-1.27781144828099,-11.07267221479512,-0.1472627839555522,0.0644274679805541,-0.2070882899374953,1.118276765662475,-1.2841982857180343,-11.084257180785213,34.97,-347.01,-59.18,-18.83,-88.77,-0.1199041196120104,0.0,0.0,0.0719424717672062,0.0,32,37,37,35,36,-7,-132,-25,12,-25,12.9,12.9,12.8,12.9,12.7,-999,-999,-999,0.0,0.0,0.0
3.101024866104126,-0.1426608219569412,0.0981751893037015,-0.200952340606014,1.1152087909967343,-1.27781144828099,-11.07267221479512,-0.1487967712884225,0.0644274679805541,-0.2070882899374953,1.1198107529953454,-1.2841982857180343,-11.084257180785213,13.45,-344.32,-61.87,-16.14,-88.77,-0.0719424717672062,-0.0479616478448041,0.0,0.0719424717672062,0.0,32,36,37,35,36,-19,-138,-25,12,-25,12.9,12.8,12.8,12.8,12.7,-999,-999,-999,0.0,0.0,0.0
3.117979049682617,-0.1426608219569412,0.0966412019708311,-0.200952340606014,1.116742778329605,-1.27781144828099,-11.07267221479512,-0.1487967712884225,0.0644274679805541,-0.2070882899374953,1.1198107529953454,-1.2841982857180343,-11.084257180785213,10.76,-303.97,-59.18,-13.45,-86.08,-0.0479616478448041,-0.0719424717672062,0.0,0.0959232956896083,0.0,32,36,37,35,36,-25,-125,-25,12,-25,12.9,12.9,12.8,12.8,12.7,-999,-999,-999,0.0,0.0,0.0
3.1370420455932617,-0.1426608219569412,0.0935732273050904,-0.200952340606014,1.118276765662475,-1.27781144828099,-11.07267221479512,-0.1533987332870336,0.0613594933148134,-0.2070882899374953,1.1244127149939562,-1.2841982857180343,-11.084257180785213,-8.07,-309.35,-59.18,13.45,-80.7,0.0,-0.0959232956896083,0.0,0.0959232956896083,0.0,32,37,37,35,36,-38,-138,-25,12,-25,12.9,12.9,12.8,12.8,12.7,-999,-999,-999,0.0,0.0,0.0
3.1539835929870605,-0.1457287966226819,0.0905052526393498,-0.200952340606014,1.1213447403282155,-1.27781144828099,-11.07267221479512,-0.1533987332870336,0.0613594933148134,-0.2070882899374953,1.1244127149939562,-1.2841982857180343,-11.084257180785213,-2.69,-282.45,-61.87,-13.45,-88.77,0.0,-0.0959232956896083,0.0,0.0959232956896083,0.0,32,37,37,35,36,-32,-119,-25,12,-25,12.9,12.9,12.8,12.8,12.7,-999,-999,-999,0.0,0.0,0.0
3.17101526260376,-0.1487967712884225,0.0889712653064794,-0.200952340606014,1.1244127149939562,-1.27781144828099,-11.07267221479512,-0.1595346826185149,0.0582915186490727,-0.2070882899374953,1.1290146769925673,-1.2841982857180343,-11.084257180785213,-26.9,-301.28,-61.87,0.0,-88.77,-0.0479616478448041,-0.1199041196120104,0.0,0.0959232956896083,0.0,32,37,37,35,36,-38,-119,-25,12,-25,12.9,12.8,12.8,12.7,12.7,-999,-999,-999,0.0,0.0,0.0
3.1879684925079346,-0.1518647459541632,0.0874372779736091,-0.200952340606014,1.1259467023268266,-1.27781144828099,-11.07267221479512,-0.1595346826185149,0.0582915186490727,-0.2070882899374953,1.1290146769925673,-1.2841982857180343,-11.084257180785213,13.45,-306.66,-61.87,-18.83,-88.77,-0.0719424717672062,-0.1199041196120104,0.0,0.0959232956896083,0.0,32,37,37,35,36,-32,-119,-25,12,-25,12.9,12.9,12.8,12.8,12.7,-999,-999,-999,0.0,0.0,0.0
3.205006599426269,-0.1564667079527743,0.0859032906407388,-0.200952340606014,1.127480689659697,-1.27781144828099,-11.07267221479512,-0.1641366446171259,0.0567575313162024,-0.2070882899374953,1.132082651658308,-1.2841982857180343,-11.084257180785213,48.42,-309.35,-59.18,-5.38,-88.77,-0.1438849435344125,-0.1199041196120104,0.0,0.1199041196120104,0.0,32,37,37,35,36,-19,-113,-25,12,-25,13.0,12.9,12.9,12.8,12.7,-999,-999,-999,0.0,0.0,0.0
3.222006797790528,-0.1610686699513852,0.0843693033078684,-0.200952340606014,1.1290146769925673,-1.27781144828099,-11.07267221479512,-0.1656706319499963,0.055223543983332,-0.2070882899374953,1.1351506263240487,-1.2841982857180343,-11.084257180785213,32.28,-303.97,-59.18,0.0,-86.08,-0.1678657674568146,-0.0959232956896083,0.0,0.1199041196120104,0.0,31,37,36,35,36,-13,-113,-25,12,-25,13.1,13.0,12.9,12.7,12.8,-999,-999,-999,0.0,0.0,0.0
3.239033937454224,-0.1641366446171259,0.0843693033078684,-0.200952340606014,1.1305486643254377,-1.27781144828099,-11.07267221479512,-0.1687386066157369,0.0536895566504617,-0.2070882899374953,1.1382186009897892,-1.2841982857180343,-11.084257180785213,5.38,-309.35,-61.87,5.38,-86.08,-0.2158274153016187,-0.0719424717672062,0.0,0.0959232956896083,0.0,31,37,36,35,36,0,-119,-25,12,-25,12.9,13.0,12.9,12.8,12.8,-999,-999,-999,0.0,0.0,0.0
3.256004095077514,-0.1672046192828666,0.0828353159749981,-0.200952340606014,1.1336166389911784,-1.27781144828099,-11.07267221479512,-0.1718065812814776,0.0521555693175914,-0.2070882899374953,1.1397525883226596,-1.2841982857180343,-11.084257180785213,16.14,-338.94,-59.18,-13.45,-88.77,-0.2158274153016187,-0.0719424717672062,0.0,0.0959232956896083,0.0,31,37,36,35,36,-13,-119,-25,12,-25,12.9,12.9,12.9,12.8,12.8,-999,-999,-999,0.0,0.0,0.0
3.273000717163086,-0.1702725939486073,0.0828353159749981,-0.200952340606014,1.1351506263240487,-1.27781144828099,-11.07267221479512,-0.1748745559472183,0.050621581984721,-0.2070882899374953,1.1428205629884003,-1.2841982857180343,-11.084257180785213,48.42,-336.25,-61.87,-2.69,-88.77,-0.1918465913792167,-0.0479616478448041,0.0,0.0959232956896083,0.0,31,37,36,35,36,-13,-125,-25,12,-25,12.9,12.9,12.9,12.8,12.8,-999,-999,-999,0.0,0.0,0.0
3.29001259803772,-0.1702725939486073,0.0828353159749981,-0.200952340606014,1.136684613656919,-1.27781144828099,-11.07267221479512,-0.1779425306129589,0.0490875946518507,-0.2070882899374953,1.1443545503212706,-1.2841982857180343,-11.084257180785213,45.73,-333.56,-61.87,-16.14,-88.77,-0.1678657674568146,-0.0479616478448041,0.0,0.0959232956896083,0.0,31,37,36,36,36,-13,-132,-25,12,-25,12.9,12.9,12.8,12.8,12.8,-999,-999,-999,0.0,0.0,0.0
3.307011842727661,-0.1702725939486073,0.0813013286421278,-0.200952340606014,1.1397525883226596,-1.27781144828099,-11.07267221479512,-0.1779425306129589,0.0490875946518507,-0.2070882899374953,1.1443545503212706,-1.2841982857180343,-11.084257180785213,-34.97,-355.08,-59.18,-8.07,-86.08,-0.1199041196120104,-0.0479616478448041,0.0,0.1199041196120104,0.0,31,37,36,35,36,-95,-132,-25,18,-25,12.9,12.9,12.9,12.8,12.7,-999,-999,-999,0.0,0.0,0.0
3.324000358581543,-0.1702725939486073,0.0797673413092574,-0.200952340606014,1.1428205629884003,-1.27781144828099,-11.07267221479512,-0.1794765179458293,0.0490875946518507,-0.2070882899374953,1.1489565123198815,-1.2841982857180343,-11.084257180785213,0.0,-338.94,-56.49,0.0,-88.77,-0.0719424717672062,-0.023980823922402,0.0,0.1199041196120104,0.0,31,37,36,35,36,-38,-125,-25,12,-25,13.0,12.9,12.9,12.8,12.7,-999,-999,-999,0.0,0.0,0.0
3.3410632610321045,-0.1733405686143479,0.0797673413092574,-0.200952340606014,1.145888537654141,-1.27781144828099,-11.07267221479512,-0.1871464546101809,0.0475536073189804,-0.2070882899374953,1.1535584743184928,-1.2841982857180343,-11.084257180785213,-8.07,-336.25,-59.18,-18.83,-88.77,-0.0479616478448041,-0.0479616478448041,0.0,0.1438849435344125,0.0,33,37,36,35,36,-44,-119,-25,18,-25,12.9,12.9,12.8,12.8,12.7,-999,-999,-999,0.0,0.0,0.0
3.3580334186553955,-0.1764085432800886,0.0782333539763871,-0.200952340606014,1.1474225249870114,-1.27781144828099,-11.07267221479512,-0.1871464546101809,0.0475536073189804,-0.2070882899374953,1.1535584743184928,-1.2841982857180343,-11.084257180785213,-18.83,-352.39,-61.87,-8.07,-86.08,-0.0479616478448041,-0.0479616478448041,0.0,0.1438849435344125,0.0,32,37,36,35,36,-38,-125,-25,18,-25,13.0,12.9,12.8,12.8,12.7,-999,-999,-999,0.0,0.0,0.0
3.374966621398926,-0.1794765179458293,0.0766993666435168,-0.200952340606014,1.150490499652752,-1.27781144828099,-11.07267221479512,-0.1902144292759216,0.04601961998611,-0.2070882899374953,1.1581604363171036,-1.2841982857180343,-11.084257180785213,-64.56,-314.73,-61.87,0.0,-83.39,-0.0719424717672062,-0.0479616478448041,0.0,0.1438849435344125,0.0,31,37,36,35,36,-113,-125,-25,25,-25,12.9,12.8,12.8,12.7,12.7,-999,-999,-999,0.0,0.0,0.0
3.3919897079467773,-0.1840784799444403,0.0751653793106464,-0.200952340606014,1.155092461651363,-1.27781144828099,-11.07267221479512,-0.196350378607403,0.041417657987499,-0.2070882899374953,1.1627623983157147,-1.2841982857180343,-11.084257180785213,-5.38,-320.11,-59.18,-2.69,-88.77,-0.1199041196120104,-0.0479616478448041,0.0,0.1438849435344125,0.0,31,37,36,35,36,-44,-132,-25,18,-25,12.9,12.9,12.8,12.8,12.7,-999,-999,-999,0.0,0.0,0.0
3.409034490585327,-0.1886804419430513,0.0736313919777761,-0.200952340606014,1.1581604363171036,-1.27781144828099,-11.07267221479512,-0.1994183532731436,0.0398836706546287,-0.2070882899374953,1.1658303729814554,-1.2841982857180343,-11.084257180785213,24.21,-347.01,-61.87,-21.52,-88.77,-0.1678657674568146,-0.0479616478448041,0.0,0.1438849435344125,0.0,31,37,36,36,36,-32,-132,-25,12,-25,12.9,12.9,12.8,12.8,12.6,-999,-999,-999,0.0,0.0,0.0
3.4259941577911377,-0.1948163912745326,0.0720974046449058,-0.200952340606014,1.159694423649974,-1.27781144828099,-11.07267221479512,-0.2024863279388843,0.036815695988888,-0.2070882899374953,1.168898347647196,-1.2841982857180343,-11.084257180785213,29.59,-365.84,-59.18,-8.07,-88.77,-0.2158274153016187,-0.0719424717672062,0.0,0.1678657674568146,0.0,32,37,36,36,36,-19,-132,-25,43,-25,12.9,12.8,12.8,12.8,12.7,-999,-999,-999,0.0,0.0,0.0
3.442960262298584,-0.1994183532731436,0.0720974046449058,-0.200952340606014,1.1627623983157147,-1.27781144828099,-11.07267221479512,-0.2024863279388843,0.036815695988888,-0.2070882899374953,1.168898347647196,-1.2841982857180343,-11.084257180785213,51.11,-371.22,-61.87,-29.59,-88.77,-0.263789063146423,-0.0719424717672062,0.0,0.1678657674568146,0.0,32,37,36,35,36,-13,-144,-25,18,-25,12.9,12.9,12.8,12.8,12.7,-999,-999,-999,0.0,0.0,0.0
3.459986925125122,-0.2040203152717546,0.0690294299791651,-0.200952340606014,1.1658303729814554,-1.27781144828099,-11.07267221479512,-0.2070882899374953,0.0352817086560177,-0.2070882899374953,1.1719663223129366,-1.2841982857180343,-11.084257180785213,43.04,-347.01,-61.87,-10.76,-88.77,-0.263789063146423,-0.0719424717672062,0.0,0.1678657674568146,0.0,32,37,36,35,36,-19,-138,-25,18,-25,12.9,12.9,12.8,12.8,12.7,-999,-999,-999,0.0,0.0,0.0
3.477094888687134,-0.205554302604625,0.0659614553134244,-0.200952340606014,1.168898347647196,-1.27781144828099,-11.07267221479512,-0.2116902519361063,0.0337477213231473,-0.2070882899374953,1.178102271644418,-1.2841982857180343,-11.084257180785213,69.94,-314.73,-61.87,-2.69,-88.77,-0.263789063146423,-0.0719424717672062,0.0,0.1678657674568146,0.0,32,37,36,35,36,-13,-132,-25,18,-25,12.9,12.9,12.8,12.8,12.7,-999,-999,-999,0.0,0.0,0.0
3.494981050491333,-0.2070882899374953,0.0644274679805541,-0.200952340606014,1.1719663223129366,-1.27781144828099,-11.07267221479512,-0.214758226601847,0.032213733990277,-0.2070882899374953,1.1827042336430291,-1.2841982857180343,-11.084257180785213,40.35,-301.28,-61.87,-10.76,-88.77,-0.2158274153016187,-0.0959232956896083,0.0,0.1678657674568146,0.0,32,37,36,35,36,-13,-125,-25,25,-25,12.9,13.0,12.8,12.8,12.7,-999,-999,-999,0.0,0.0,0.0
3.512046813964844,-0.2086222772703657,0.0628934806476837,-0.200952340606014,1.1750342969786771,-1.27781144828099,-11.07267221479512,-0.2178262012675877,0.0306797466574067,-0.2070882899374953,1.1857722083087698,-1.2841982857180343,-11.084257180785213,0.0,-306.66,-61.87,-2.69,-88.77,-0.1678657674568146,-0.1199041196120104,0.0,0.1678657674568146,0.0,32,37,36,35,36,-25,-125,-25,25,-25,12.9,12.9,12.8,12.7,12.8,-999,-999,-999,0.0,0.0,0.0
3.5289852619171143,-0.210156264603236,0.0613594933148134,-0.200952340606014,1.178102271644418,-1.27781144828099,-11.07267221479512,-0.2178262012675877,0.0306797466574067,-0.2070882899374953,1.1857722083087698,-1.2841982857180343,-11.084257180785213,10.76,-330.87,-59.18,-8.07,-88.77,-0.1199041196120104,-0.1199041196120104,0.0,0.1678657674568146,0.0,32,37,36,35,36,-32,-125,-25,18,-25,12.9,12.9,12.8,12.8,12.8,-999,-999,-999,0.0,0.0,0.0
3.546017408370972,-0.210156264603236,0.0598255059819431,-0.200952340606014,1.1827042336430291,-1.27781144828099,-11.07267221479512,-0.223962150599069,0.027611771991666,-0.2070882899374953,1.191908157640251,-1.2841982857180343,-11.084257180785213,0.0,-322.8,-59.18,-21.52,-88.77,-0.0719424717672062,-0.0959232956896083,0.0,0.1678657674568146,0.0,31,37,36,35,36,-38,-125,-25,18,-25,12.9,12.9,12.8,12.8,12.6,-999,-999,-999,0.0,0.0,0.0
3.5630152225494385,-0.2132242392689767,0.0582915186490727,-0.200952340606014,1.18730619564164,-1.27781144828099,-11.07267221479512,-0.2254961379319394,0.027611771991666,-0.2070882899374953,1.1934421449731214,-1.2841982857180343,-11.084257180785213,-5.38,-309.35,-61.87,-18.83,-88.77,-0.0719424717672062,-0.0959232956896083,0.0,0.1918465913792167,0.0,31,37,36,35,36,-44,-125,-25,18,-25,12.9,12.9,12.8,12.8,12.7,-999,-999,-999,0.0,0.0,0.0
3.579997539520264,-0.2178262012675877,0.0567575313162024,-0.200952340606014,1.1888401829745103,-1.27781144828099,-11.07267221479512,-0.2254961379319394,0.027611771991666,-0.2070882899374953,1.1934421449731214,-1.2841982857180343,-11.084257180785213,16.14,-312.04,-59.18,-18.83,-88.77,-0.0719424717672062,-0.0719424717672062,0.0,0.1918465913792167,0.0,31,37,36,35,36,-38,-119,-25,18,-25,12.8,12.8,12.8,12.8,12.7,-999,-999,-999,0.0,0.0,0.0
3.5969932079315186,-0.219360188600458,0.055223543983332,-0.200952340606014,1.191908157640251,-1.27781144828099,-11.07267221479512,-0.2300980999305504,0.0260777846587957,-0.2070882899374953,1.1995780943046028,-1.2841982857180343,-11.084257180785213,-16.14,-325.49,-61.87,-26.9,-88.77,-0.1199041196120104,-0.0719424717672062,0.0,0.1918465913792167,0.0,31,37,36,35,36,-38,-119,-25,12,-25,12.9,12.9,12.8,12.8,12.7,-999,-999,-999,0.0,0.0,0.0
3.614049196243286,-0.223962150599069,0.055223543983332,-0.200952340606014,1.1949761323059918,-1.27781144828099,-11.07267221479512,-0.233166074596291,0.0245437973259253,-0.2070882899374953,1.2011120816374732,-1.2841982857180343,-11.084257180785213,40.35,-333.56,-59.18,-16.14,-88.77,-0.1438849435344125,-0.0719424717672062,0.0,0.1678657674568146,0.0,31,37,36,36,36,-25,-119,-25,12,-25,12.9,12.9,12.8,12.8,12.7,-999,-999,-999,0.0,0.0,0.0
3.631714582443237,-0.22856411259768,0.0536895566504617,-0.200952340606014,1.196510119638862,-1.27781144828099,-11.07267221479512,-0.2362340492620317,0.023009809993055,-0.2070882899374953,1.202646068970343,-1.2841982857180343,-11.084257180785213,16.14,-317.42,-59.18,-10.76,-88.77,-0.1918465913792167,-0.0719424717672062,0.0,0.1678657674568146,0.0,31,37,36,35,36,-19,-119,-25,18,-25,12.9,12.9,12.8,12.8,12.7,-999,-999,-999,0.0,0.0,0.0
3.6490354537963854,-0.233166074596291,0.0521555693175914,-0.200952340606014,1.1995780943046028,-1.27781144828099,-11.07267221479512,-0.2393020239277724,0.023009809993055,-0.2070882899374953,1.2041800563032137,-1.2841982857180343,-11.084257180785213,34.97,-312.04,-61.87,-34.97,-86.08,-0.2158274153016187,-0.0479616478448041,0.0,0.1438849435344125,0.0,31,37,36,35,36,-13,-119,-25,6,-25,12.9,12.9,12.8,12.8,12.8,-999,-999,-999,0.0,0.0,0.0
3.666917324066162,-0.2377680365949021,0.050621581984721,-0.200952340606014,1.1995780943046028,-1.27781144828099,-11.07267221479512,-0.2423699985935131,0.023009809993055,-0.2070882899374953,1.205714043636084,-1.2841982857180343,-11.084257180785213,21.52,-285.14,-61.87,8.07,-88.77,-0.2398082392240208,-0.0479616478448041,0.0,0.1199041196120104,0.0,31,37,36,35,36,-7,-113,-25,12,-25,12.9,12.9,12.9,12.7,12.8,-999,-999,-999,0.0,0.0,0.0
3.684021234512329,-0.2393020239277724,0.050621581984721,-0.200952340606014,1.2011120816374732,-1.27781144828099,-11.07267221479512,-0.2439039859263834,0.0214758226601847,-0.2070882899374953,1.2072480309689544,-1.2841982857180343,-11.084257180785213,51.11,-263.62,-59.18,2.69,-88.77,-0.2398082392240208,-0.0479616478448041,0.0,0.1199041196120104,0.0,31,37,36,35,36,-13,-107,-25,36,-25,12.9,12.8,12.9,12.7,12.8,-999,-999,-999,0.0,0.0,0.0
3.7010107040405273,-0.2408360112606427,0.0490875946518507,-0.200952340606014,1.2041800563032137,-1.27781144828099,-11.07267221479512,-0.2469719605921241,0.0214758226601847,-0.2070882899374953,1.2087820183018247,-1.2841982857180343,-11.084257180785213,53.8,-298.59,-56.49,-10.76,-86.08,-0.1918465913792167,-0.0479616478448041,0.0,0.0719424717672062,0.0,31,37,36,35,36,-13,-113,-25,18,-25,12.9,12.9,12.9,12.8,12.7,-999,-999,-999,0.0,0.0,0.0
3.7180330753326416,-0.2423699985935131,0.0475536073189804,-0.200952340606014,1.205714043636084,-1.27781144828099,-11.07267221479512,-0.2485059479249944,0.0214758226601847,-0.2070882899374953,1.210316005634695,-1.2841982857180343,-11.084257180785213,10.76,-285.14,-61.87,-5.38,-88.77,-0.1438849435344125,-0.0479616478448041,0.0,0.0719424717672062,0.0,31,37,36,35,36,-19,-107,-25,12,-25,12.9,12.9,12.8,12.8,12.7,-999,-999,-999,0.0,0.0,0.0
3.7359468936920166,-0.2423699985935131,0.0475536073189804,-0.200952340606014,1.2072480309689544,-1.27781144828099,-11.07267221479512,-0.2515739225907351,0.0214758226601847,-0.2070882899374953,1.2118499929675657,-1.2841982857180343,-11.084257180785213,18.83,-298.59,-61.87,0.0,-88.77,-0.0959232956896083,-0.0479616478448041,0.0,0.0959232956896083,0.0,31,37,36,35,36,-19,-107,-25,12,-25,13.0,12.9,12.8,12.8,12.8,-999,-999,-999,0.0,0.0,0.0
3.753032684326172,-0.2423699985935131,0.04601961998611,-0.200952340606014,1.2087820183018247,-1.27781144828099,-11.07267221479512,-0.2531079099236054,0.0214758226601847,-0.2070882899374953,1.2133839803004358,-1.2841982857180343,-11.084257180785213,21.52,-290.52,-61.87,2.69,-88.77,-0.0479616478448041,-0.0479616478448041,0.0,0.0959232956896083,0.0,32,37,36,35,36,-32,-100,-25,12,-25,12.9,12.9,12.9,12.8,12.8,-999,-999,-999,0.0,0.0,0.0
3.770005702972412,-0.2439039859263834,0.04601961998611,-0.200952340606014,1.210316005634695,-1.27781144828099,-11.07267221479512,-0.2561758845893461,0.0214758226601847,-0.2070882899374953,1.2133839803004358,-1.2841982857180343,-11.084257180785213,0.0,-301.28,-61.87,5.38,-88.77,-0.0479616478448041,-0.023980823922402,0.0,0.0959232956896083,0.0,32,37,36,35,36,-38,-100,-25,12,-25,12.9,13.0,13.0,12.8,12.8,-999,-999,-999,0.0,0.0,0.0
3.787036418914795,-0.2485059479249944,0.04601961998611,-0.200952340606014,1.2118499929675657,-1.27781144828099,-11.07267221479512,-0.2561758845893461,0.0214758226601847,-0.2070882899374953,1.2149179676333062,-1.2841982857180343,-11.084257180785213,-26.9,-309.35,-61.87,-32.28,-88.77,-0.0479616478448041,0.0,0.0,0.0959232956896083,0.0,32,37,36,35,36,-38,-107,-25,6,-25,12.9,12.9,12.8,12.8,12.8,-999,-999,-999,0.0,0.0,0.0
3.804042339324951,-0.2500399352578648,0.0475536073189804,-0.200952340606014,1.2118499929675657,-1.27781144828099,-11.07267221479512,-0.2592438592550868,0.0214758226601847,-0.2070882899374953,1.2149179676333062,-1.2841982857180343,-11.084257180785213,0.0,-306.66,-61.87,8.07,-88.77,-0.0719424717672062,0.0,0.0,0.0719424717672062,0.0,32,37,37,35,36,-25,-100,-25,12,-25,12.9,12.9,12.8,12.8,12.8,-999,-999,-999,0.0,0.0,0.0
3.822020053863525,-0.2531079099236054,0.04601961998611,-0.200952340606014,1.2133839803004358,-1.27781144828099,-11.07267221479512,-0.2607778465879571,0.0214758226601847,-0.2070882899374953,1.2149179676333062,-1.2841982857180343,-11.084257180785213,10.76,-314.73,-61.87,-24.21,-88.77,-0.1199041196120104,0.0,0.0,0.0719424717672062,0.0,32,37,37,35,36,-25,-107,-25,6,-25,12.9,12.9,12.8,12.8,12.8,-999,-999,-999,0.0,0.0,0.0
3.8390071392059326,-0.2577098719222164,0.04601961998611,-0.200952340606014,1.2133839803004358,-1.27781144828099,-11.07267221479512,-0.2623118339208274,0.0214758226601847,-0.2070882899374953,1.2149179676333062,-1.2841982857180343,-11.084257180785213,64.56,-312.04,-59.18,-13.45,-88.77,-0.1438849435344125,0.0,0.0,0.0479616478448041,0.0,32,36,36,35,36,-19,-107,-25,6,-25,12.9,12.9,12.9,12.8,12.8,-999,-999,-999,0.0,0.0,0.0
3.855968475341797,-0.2623118339208274,0.04601961998611,-0.200952340606014,1.2149179676333062,-1.27781144828099,-11.07267221479512,-0.2623118339208274,0.0214758226601847,-0.2070882899374953,1.2149179676333062,-1.2841982857180343,-11.084257180785213,43.04,-301.28,-61.87,-13.45,-88.77,-0.1678657674568146,0.0,0.0,0.023980823922402,0.0,32,36,37,35,37,0,-100,-25,6,-25,12.9,12.9,12.9,12.8,12.8,-999,-999,-999,0.0,0.0,0.0
3.8729870319366455,-0.2638458212536978,0.0475536073189804,-0.200952340606014,1.2149179676333062,-1.27781144828099,-11.07267221479512,-0.2623118339208274,0.0214758226601847,-0.205554302604625,1.2164519549661763,-1.2841982857180343,-11.084257180785213,0.0,-301.28,-37.66,-10.76,-88.77,-0.1918465913792167,0.0,0.0,0.023980823922402,0.0,32,36,37,35,37,6,-100,-19,6,-25,12.9,12.9,12.8,12.8,12.8,-999,-999,-999,0.0,0.0,0.0
3.8900301456451416,-0.2653798085865681,0.04601961998611,-0.200952340606014,1.2149179676333062,-1.27781144828099,-11.07267221479512,-0.2653798085865681,0.0214758226601847,-0.2040203152717546,1.2164519549661763,-1.2841982857180343,-11.084257180785213,0.0,-309.35,-16.14,-10.76,-88.77,-0.1918465913792167,0.0,0.0,0.023980823922402,0.0,32,36,37,35,36,0,-100,-13,6,-25,12.9,12.9,12.9,12.7,12.8,-999,-999,-999,0.0,0.0,0.0
3.9070324897766113,-0.2653798085865681,0.0475536073189804,-0.1994183532731436,1.2149179676333062,-1.27781144828099,-11.07267221479512,-0.2684477832523088,0.0214758226601847,-0.2024863279388843,1.2164519549661763,-1.2841982857180343,-11.084257180785213,0.0,-301.28,-64.56,-24.21,-88.77,-0.1678657674568146,0.0,0.0,0.023980823922402,0.0,32,36,37,35,36,6,-100,-19,6,-25,12.9,12.9,12.9,12.8,12.8,-999,-999,-999,0.0,0.0,0.0
3.924958229064941,-0.2669137959194385,0.04601961998611,-0.1978843659402733,1.2149179676333062,-1.27781144828099,-11.07267221479512,-0.2684477832523088,0.0214758226601847,-0.2024863279388843,1.2164519549661763,-1.2841982857180343,-11.084257180785213,0.0,-298.59,-48.42,-10.76,-88.77,-0.1199041196120104,0.0,0.0,0.0,0.0,32,36,37,35,36,-7,-107,-19,6,-25,13.0,12.9,12.9,12.8,12.8,-999,-999,-999,0.0,0.0,0.0
3.9420087337493896,-0.2669137959194385,0.0475536073189804,-0.196350378607403,1.2164519549661763,-1.27781144828099,-11.07267221479512,-0.2730497452509198,0.0214758226601847,-0.200952340606014,1.2164519549661763,-1.2841982857180343,-11.084257180785213,40.35,-298.59,-37.66,-10.76,-88.77,-0.0719424717672062,0.0,0.023980823922402,0.0,0.0,32,36,36,35,36,-13,-100,-13,0,-25,13.0,12.9,12.9,12.8,12.8,-999,-999,-999,0.0,0.0,0.0
3.958998680114746,-0.2669137959194385,0.0475536073189804,-0.196350378607403,1.2149179676333062,-1.27781144828099,-11.07267221479512,-0.2745837325837901,0.0214758226601847,-0.1994183532731436,1.2164519549661763,-1.2841982857180343,-11.084257180785213,10.76,-295.9,-56.49,-10.76,-88.77,-0.023980823922402,0.0,0.0479616478448041,0.0,0.0,31,36,36,35,36,-32,-100,-19,0,-25,12.9,13.0,12.9,12.7,12.8,-999,-999,-999,0.0,0.0,0.0
3.9760196208953857,-0.2669137959194385,0.04601961998611,-0.1948163912745326,1.2164519549661763,-1.27781144828099,-11.07267221479512,-0.2761177199166604,0.0214758226601847,-0.196350378607403,1.2164519549661763,-1.2841982857180343,-11.084257180785213,0.0,-309.35,-56.49,-10.76,-78.01,0.0,0.0,0.0479616478448041,0.0,0.0,31,36,36,35,36,-32,-107,-19,0,-25,12.9,12.9,12.9,12.8,12.8,-999,-999,-999,0.0,0.0,0.0
3.9929957389831534,-0.2684477832523088,0.0475536073189804,-0.1948163912745326,1.2164519549661763,-1.27781144828099,-11.07267221479512,-0.2761177199166604,0.0214758226601847,-0.196350378607403,1.2164519549661763,-1.2841982857180343,-11.084257180785213,-2.69,-303.97,-40.35,-10.76,-88.77,0.0,0.0,0.0479616478448041,0.0,0.0,31,37,36,35,36,-25,-100,-13,0,-25,12.9,12.7,12.9,12.8,12.8,-999,-999,-999,0.0,0.0,0.0
4.009971618652344,-0.2699817705851791,0.04601961998611,-0.191748416608792,1.2164519549661763,-1.27781144828099,-11.07267221479512,-0.2791856945824011,0.0214758226601847,-0.1948163912745326,1.2149179676333062,-1.2841982857180343,-11.084257180785213,-43.04,-298.59,-67.25,-13.45,-88.77,-0.023980823922402,0.0,0.0479616478448041,0.0,0.0,32,37,36,35,36,-32,-100,-7,-7,-25,12.7,12.9,12.9,12.8,12.7,-999,-999,-999,0.0,0.0,0.0
4.02699875831604,-0.2730497452509198,0.04601961998611,-0.1902144292759216,1.2164519549661763,-1.27781144828099,-11.07267221479512,-0.2822536692481418,0.0214758226601847,-0.1932824039416623,1.2164519549661763,-1.2841982857180343,-11.084257180785213,0.0,-303.97,-56.49,-10.76,-88.77,-0.0479616478448041,0.0,0.0479616478448041,0.0,0.0,32,36,36,35,36,-32,-100,-13,0,-25,12.9,12.9,12.9,12.8,12.7,-999,-999,-999,0.0,0.0,0.0
4.044032096862793,-0.2776517072495308,0.04601961998611,-0.1886804419430513,1.2164519549661763,-1.27781144828099,-11.07267221479512,-0.2837876565810122,0.0214758226601847,-0.191748416608792,1.2164519549661763,-1.2841982857180343,-11.084257180785213,29.59,-306.66,-83.39,-13.45,-80.7,-0.0959232956896083,0.0,0.0719424717672062,0.0,0.0,32,36,36,35,36,-25,-107,-19,0,-25,12.9,12.8,12.9,12.8,12.7,-999,-999,-999,0.0,0.0,0.0
4.0610456466674805,-0.2822536692481418,0.0475536073189804,-0.1871464546101809,1.2164519549661763,-1.27781144828099,-11.07267221479512,-0.2853216439138825,0.0199418353273143,-0.1902144292759216,1.2164519549661763,-1.2841982857180343,-11.084257180785213,75.32,-312.04,-40.35,-13.45,-88.77,-0.1438849435344125,0.0,0.0719424717672062,0.0,0.0,32,37,36,35,36,-7,-107,-13,0,-25,12.9,12.9,12.9,12.8,12.8,-999,-999,-999,0.0,0.0,0.0
4.078067779541016,-0.2853216439138825,0.0475536073189804,-0.1871464546101809,1.2164519549661763,-1.27781144828099,-11.07267221479512,-0.2868556312467528,0.0199418353273143,-0.1886804419430513,1.2164519549661763,-1.2841982857180343,-11.084257180785213,0.0,-320.11,-32.28,-10.76,-86.08,-0.1678657674568146,0.0,0.0719424717672062,0.0,0.0,32,36,36,35,36,0,-107,-13,0,-25,12.9,12.9,12.9,12.8,12.8,-999,-999,-999,0.0,0.0,0.0
4.094964265823364,-0.2883896185796232,0.04601961998611,-0.1856124672773106,1.2179859422990469,-1.27781144828099,-11.07267221479512,-0.2883896185796232,0.0199418353273143,-0.1871464546101809,1.2164519549661763,-1.2841982857180343,-11.084257180785213,0.0,-320.11,-48.42,-13.45,-88.77,-0.1918465913792167,0.0,0.0719424717672062,0.0,0.0,32,36,36,35,36,6,-107,-19,-7,-25,12.9,12.9,12.9,12.8,12.8,-999,-999,-999,0.0,0.0,0.0
4.112858057022095,-0.2883896185796232,0.04601961998611,-0.1840784799444403,1.2179859422990469,-1.27781144828099,-11.07267221479512,-0.2883896185796232,0.0199418353273143,-0.1871464546101809,1.2164519549661763,-1.2841982857180343,-11.084257180785213,2.69,-317.42,-34.97,-13.45,-88.77,-0.1918465913792167,0.0,0.0719424717672062,0.0,0.0,32,36,36,35,36,0,-107,-13,0,-25,12.9,12.9,12.9,12.8,12.8,-999,-999,-999,0.0,0.0,0.0
4.1300554275512695,-0.2899236059124935,0.04601961998611,-0.18254449261157,1.2164519549661763,-1.27781144828099,-11.07267221479512,-0.2929915805782341,0.018407847994444,-0.1840784799444403,1.2164519549661763,-1.2841982857180343,-11.084257180785213,5.38,-344.32,-72.63,-13.45,-88.77,-0.1199041196120104,0.0,0.0719424717672062,0.0,0.0,32,36,36,35,36,-7,-119,-7,-7,-25,12.9,12.7,12.8,12.8,12.8,-999,-999,-999,0.0,0.0,0.0
4.14697527885437,-0.2899236059124935,0.04601961998611,-0.1794765179458293,1.2164519549661763,-1.27781144828099,-11.07267221479512,-0.2945255679111045,0.0168738606615736,-0.18254449261157,1.2164519549661763,-1.2841982857180343,-11.084257180785213,16.14,-333.56,-59.18,-10.76,-88.77,-0.0959232956896083,0.0,0.0719424717672062,0.0,0.0,32,36,36,34,36,-13,-113,-13,0,-25,12.9,12.9,12.9,12.8,12.8,-999,-999,-999,0.0,0.0,0.0
4.163985252380371,-0.2883896185796232,0.04601961998611,-0.1779425306129589,1.2179859422990469,-1.27781144828099,-11.07267221479512,-0.2945255679111045,0.0168738606615736,-0.18254449261157,1.2164519549661763,-1.2841982857180343,-11.084257180785213,10.76,-347.01,-64.56,-10.76,-78.01,-0.0479616478448041,0.0,0.0719424717672062,0.0,0.0,32,36,36,35,36,-32,-119,-13,0,-25,12.9,12.9,12.8,12.8,12.8,-999,-999,-999,0.0,0.0,0.0
4.182775020599365,-0.2883896185796232,0.04601961998611,-0.1779425306129589,1.2164519549661763,-1.27781144828099,-11.07267221479512,-0.2991275299097155,0.0153398733287033,-0.1794765179458293,1.2164519549661763,-1.2841982857180343,-11.084257180785213,-2.69,-349.7,-59.18,-10.76,-88.77,0.0,0.0,0.0719424717672062,0.0,0.0,32,36,36,35,36,-44,-119,-19,0,-25,12.9,13.0,12.8,12.8,12.8,-999,-999,-999,0.0,0.0,0.0
4.199995756149292,-0.2914575932453638,0.04601961998611,-0.1748745559472183,1.2179859422990469,-1.27781144828099,-11.07267221479512,-0.3021955045754562,0.0153398733287033,-0.1779425306129589,1.2164519549661763,-1.2841982857180343,-11.084257180785213,-2.69,-355.08,-61.87,-8.07,-88.77,0.0,0.0,0.0719424717672062,0.0,0.0,31,36,37,35,37,-32,-125,-19,-7,-25,12.9,12.9,12.8,12.8,12.8,-999,-999,-999,0.0,0.0,0.0
4.216985464096069,-0.2945255679111045,0.04601961998611,-0.1733405686143479,1.2179859422990469,-1.27781144828099,-11.07267221479512,-0.3037294919083265,0.013805885995833,-0.1764085432800886,1.2164519549661763,-1.2841982857180343,-11.084257180785213,-18.83,-365.84,-67.25,-10.76,-86.08,-0.023980823922402,0.0,0.0719424717672062,0.0,0.0,31,36,37,35,37,-32,-119,-13,-7,-25,12.9,12.9,12.8,12.8,12.8,-999,-999,-999,0.0,0.0,0.0
4.234013319015503,-0.2975935425768451,0.0444856326532397,-0.1718065812814776,1.2164519549661763,-1.27781144828099,-11.07267221479512,-0.3083314539069375,0.0122718986629626,-0.1748745559472183,1.2164519549661763,-1.2841982857180343,-11.084257180785213,45.73,-363.15,-61.87,-10.76,-88.77,-0.0719424717672062,0.0,0.0719424717672062,0.0,0.0,31,36,37,35,37,-32,-132,-19,-7,-25,12.9,12.8,12.7,12.8,12.8,-999,-999,-999,0.0,0.0,0.0
4.2510154247283936,-0.3021955045754562,0.0444856326532397,-0.1702725939486073,1.2179859422990469,-1.27781144828099,-11.07267221479512,-0.3113994285726782,0.0107379113300923,-0.1748745559472183,1.2164519549661763,-1.2841982857180343,-11.084257180785213,10.76,-363.15,-64.56,-5.38,-86.08,-0.1438849435344125,0.0,0.0719424717672062,0.0,0.0,31,36,37,35,37,-25,-132,-19,-7,-25,12.9,12.9,12.8,12.8,12.8,-999,-999,-999,0.0,0.0,0.0
4.267975807189941,-0.3067974665740672,0.0429516453203694,-0.1687386066157369,1.2179859422990469,-1.27781144828099,-11.07267221479512,-0.3129334159055486,0.0107379113300923,-0.1733405686143479,1.2164519549661763,-1.2841982857180343,-11.084257180785213,18.83,-333.56,-75.32,-8.07,-88.77,-0.1678657674568146,-0.023980823922402,0.0719424717672062,0.0,0.0,31,36,37,35,37,-19,-132,-19,0,-25,12.7,12.9,12.8,12.8,12.8,-999,-999,-999,0.0,0.0,0.0
4.285006284713745,-0.3113994285726782,0.041417657987499,-0.1672046192828666,1.2164519549661763,-1.27781144828099,-11.07267221479512,-0.3160013905712892,0.009203923997222,-0.1718065812814776,1.2164519549661763,-1.2841982857180343,-11.084257180785213,18.83,-320.11,-88.77,-10.76,-88.77,-0.2158274153016187,-0.023980823922402,0.0719424717672062,0.0,0.0,31,36,37,35,37,-7,-125,-25,0,-25,12.9,12.9,12.8,12.8,12.8,-999,-999,-999,0.0,0.0,0.0
4.30198073387146,-0.3144674032384189,0.0398836706546287,-0.1672046192828666,1.2179859422990469,-1.27781144828099,-11.07267221479512,-0.3175353779041595,0.0076699366643516,-0.1718065812814776,1.2164519549661763,-1.2841982857180343,-11.084257180785213,16.14,-320.11,-43.04,-10.76,-88.77,-0.2398082392240208,-0.0479616478448041,0.0719424717672062,0.0,0.0,31,36,37,35,36,-7,-125,-19,-7,-25,12.9,12.9,12.6,12.8,12.8,-999,-999,-999,0.0,0.0,0.0
4.319006204605103,-0.3160013905712892,0.0383496833217584,-0.1656706319499963,1.2164519549661763,-1.27781144828099,-11.07267221479512,-0.3175353779041595,0.0076699366643516,-0.1718065812814776,1.2164519549661763,-1.2841982857180343,-11.084257180785213,29.59,-320.11,-64.56,-8.07,-88.77,-0.2158274153016187,-0.0719424717672062,0.0479616478448041,0.0,0.0,31,36,37,35,36,-7,-125,-19,-7,-25,12.9,12.9,12.9,12.8,12.8,-999,-999,-999,0.0,0.0,0.0
4.3359551429748535,-0.3175353779041595,0.036815695988888,-0.1656706319499963,1.2179859422990469,-1.27781144828099,-11.07267221479512,-0.3206033525699002,0.0061359493314813,-0.1702725939486073,1.2164519549661763,-1.2841982857180343,-11.084257180785213,32.28,-330.87,-37.66,-10.76,-86.08,-0.1918465913792167,-0.0719424717672062,0.0479616478448041,0.0,0.0,31,36,37,35,36,-13,-125,-19,-7,-25,12.9,12.9,12.8,12.8,12.8,-999,-999,-999,0.0,0.0,0.0
4.352946043014526,-0.3175353779041595,0.0337477213231473,-0.1656706319499963,1.2179859422990469,-1.27781144828099,-11.07267221479512,-0.3236713272356409,0.004601961998611,-0.1687386066157369,1.2164519549661763,-1.2841982857180343,-11.084257180785213,2.69,-279.76,-21.52,-8.07,-88.77,-0.1199041196120104,-0.0719424717672062,0.023980823922402,0.0,0.0,31,36,37,35,36,-25,-125,-13,0,-25,12.9,12.9,13.1,12.8,12.8,-999,-999,-999,0.0,0.0,0.0
4.369951248168945,-0.3175353779041595,0.032213733990277,-0.1641366446171259,1.2164519549661763,-1.27781144828099,-11.07267221479512,-0.3252053145685112,0.0030679746657406,-0.1672046192828666,1.2164519549661763,-1.2841982857180343,-11.084257180785213,10.76,-293.21,-32.28,-10.76,-88.77,-0.0719424717672062,-0.0719424717672062,0.023980823922402,0.0,0.0,32,36,37,35,36,-25,-119,-13,-7,-25,12.9,12.8,12.9,12.8,12.8,-999,-999,-999,0.0,0.0,0.0
4.387018442153931,-0.3190693652370299,0.0306797466574067,-0.1641366446171259,1.2164519549661763,-1.27781144828099,-11.07267221479512,-0.3313412638999926,0.0,-0.1626026572842556,1.2164519549661763,-1.2841982857180343,-11.084257180785213,-43.04,-303.97,-48.42,-10.76,-88.77,-0.0479616478448041,-0.0959232956896083,0.023980823922402,0.0,0.0,32,36,36,35,36,-107,-119,-13,-7,-25,12.9,12.8,12.9,12.8,12.8,-999,-999,-999,0.0,0.0,0.0
4.404024124145508,-0.3206033525699002,0.0291457593245363,-0.1626026572842556,1.2179859422990469,-1.27781144828099,-11.07267221479512,-0.3344092385657332,-0.0015339873328703,-0.1626026572842556,1.2164519549661763,-1.2841982857180343,-11.084257180785213,-16.14,-325.49,-43.04,-10.76,-88.77,-0.0479616478448041,-0.0959232956896083,0.023980823922402,0.0,0.0,32,36,36,35,36,-44,-119,31,-7,-25,12.7,12.9,12.8,12.7,12.8,-999,-999,-999,0.0,0.0,0.0
4.420931816101074,-0.3252053145685112,0.0291457593245363,-0.1580006952856446,1.2164519549661763,-1.27781144828099,-11.07267221479512,-0.3374772132314739,-0.0030679746657406,-0.1595346826185149,1.2164519549661763,-1.2841982857180343,-11.084257180785213,-24.21,-322.8,-123.74,-10.76,-86.08,-0.0719424717672062,-0.0959232956896083,0.0479616478448041,0.0,0.0,32,36,36,35,36,-38,-119,-45,-7,-25,12.9,12.9,12.9,12.8,12.8,-999,-999,-999,0.0,0.0,0.0
4.4379541873931885,-0.3282732892342519,0.027611771991666,-0.1564667079527743,1.2179859422990469,-1.27781144828099,-11.07267221479512,-0.3405451878972146,-0.0061359493314813,-0.1580006952856446,1.2164519549661763,-1.2841982857180343,-11.084257180785213,-16.14,-328.18,-61.87,-10.76,-88.77,-0.0959232956896083,-0.0719424717672062,0.0719424717672062,0.0,0.0,31,36,36,35,36,-38,-125,-13,-7,-25,12.9,12.9,12.9,12.8,12.8,-999,-999,-999,0.0,0.0,0.0
4.454917192459106,-0.3328752512328629,0.0260777846587957,-0.1549327206199039,1.2179859422990469,-1.27781144828099,-11.07267221479512,-0.3405451878972146,-0.0061359493314813,-0.1580006952856446,1.2164519549661763,-1.2841982857180343,-11.084257180785213,8.07,-325.49,-48.42,-10.76,-88.77,-0.1438849435344125,-0.0719424717672062,0.0959232956896083,0.0,0.0,31,36,36,35,36,-32,-132,-13,0,-25,12.9,12.9,12.9,12.6,12.8,-999,-999,-999,0.0,0.0,0.0
4.471903800964356,-0.3374772132314739,0.023009809993055,-0.1533987332870336,1.2179859422990469,-1.27781144828099,-11.07267221479512,-0.3436131625629552,-0.0076699366643516,-0.1549327206199039,1.2164519549661763,-1.2841982857180343,-11.084257180785213,16.14,-333.56,-53.8,-10.76,-88.77,-0.1918465913792167,-0.0719424717672062,0.0959232956896083,0.0,0.0,31,36,36,35,36,-25,-132,-13,-7,-25,12.9,12.9,12.9,12.8,12.8,-999,-999,-999,0.0,0.0,0.0
4.4889349937438965,-0.3436131625629552,0.023009809993055,-0.1518647459541632,1.2179859422990469,-1.27781144828099,-11.07267221479512,-0.3466811372286959,-0.009203923997222,-0.1533987332870336,1.2164519549661763,-1.2841982857180343,-11.084257180785213,40.35,-368.53,-69.94,-8.07,-88.77,-0.2158274153016187,-0.0719424717672062,0.0959232956896083,0.0,0.0,31,36,36,35,36,-13,-132,-7,0,-25,12.9,12.9,12.9,12.8,12.8,-999,-999,-999,0.0,0.0,0.0
4.5059685707092285,-0.3482151245615663,0.0214758226601847,-0.1487967712884225,1.2164519549661763,-1.27781144828099,-11.07267221479512,-0.3512830992273069,-0.013805885995833,-0.1472627839555522,1.2149179676333062,-1.2841982857180343,-11.084257180785213,48.42,-328.18,-53.8,-10.76,-88.77,-0.263789063146423,-0.0719424717672062,0.0959232956896083,0.0,0.0,31,37,36,35,36,0,-132,24,-7,-25,12.9,12.9,12.9,12.8,12.8,-999,-999,-999,0.0,0.0,0.0
4.522921323776245,-0.3482151245615663,0.018407847994444,-0.1457287966226819,1.2179859422990469,-1.27781144828099,-11.07267221479512,-0.3543510738930476,-0.013805885995833,-0.1457287966226819,1.2164519549661763,-1.2841982857180343,-11.084257180785213,43.04,-333.56,-96.84,-5.38,-88.77,-0.263789063146423,-0.0719424717672062,0.1199041196120104,0.0,0.0,31,37,36,35,36,-13,-132,-7,-7,-25,12.9,12.9,12.9,12.8,12.8,-999,-999,-999,0.0,0.0,0.0
4.539952039718628,-0.3512830992273069,0.0168738606615736,-0.1426608219569412,1.2164519549661763,-1.27781144828099,-11.07267221479512,-0.3543510738930476,-0.013805885995833,-0.1457287966226819,1.2164519549661763,-1.2841982857180343,-11.084257180785213,45.73,-312.04,-45.73,-5.38,-88.77,-0.2158274153016187,-0.0719424717672062,0.1199041196120104,0.0,0.0,31,37,36,35,36,-13,-132,-13,-7,-25,12.9,12.9,12.8,12.8,12.7,-999,-999,-999,0.0,0.0,0.0
4.556927919387817,-0.3528170865601773,0.0153398733287033,-0.1411268346240709,1.2179859422990469,-1.27781144828099,-11.07267221479512,-0.3604870232245289,-0.018407847994444,-0.1411268346240709,1.2164519549661763,-1.2841982857180343,-11.084257180785213,13.45,-320.11,-53.8,-10.76,-88.77,-0.1678657674568146,-0.0719424717672062,0.1438849435344125,0.0,0.0,31,37,36,35,36,-19,-132,-13,-7,-25,12.9,13.0,12.9,12.8,12.8,-999,-999,-999,0.0,0.0,0.0
4.573953151702881,-0.3528170865601773,0.0122718986629626,-0.1395928472912005,1.2164519549661763,-1.27781144828099,-11.07267221479512,-0.3620210105573993,-0.0214758226601847,-0.1349908852925895,1.2164519549661763,-1.2841982857180343,-11.084257180785213,18.83,-282.45,-56.49,-13.45,-88.77,-0.1199041196120104,-0.0959232956896083,0.1438849435344125,0.0,0.0,31,37,36,35,36,-32,-125,-13,0,-25,12.8,12.9,12.9,12.8,12.8,-999,-999,-999,0.0,0.0,0.0
4.5909600257873535,-0.3528170865601773,0.0107379113300923,-0.1365248726254599,1.2179859422990469,-1.27781144828099,-11.07267221479512,-0.36508898522314,-0.023009809993055,-0.1319229106268489,1.2164519549661763,-1.2841982857180343,-11.084257180785213,2.69,-314.73,-64.56,-10.76,-88.77,-0.0719424717672062,-0.0959232956896083,0.1199041196120104,0.0,0.0,31,36,36,35,36,-38,-132,-7,0,-25,12.9,12.9,12.8,12.8,12.8,-999,-999,-999,0.0,0.0,0.0
4.607945442199707,-0.3558850612259179,0.0076699366643516,-0.1334568979597192,1.2164519549661763,-1.27781144828099,-11.07267221479512,-0.36508898522314,-0.023009809993055,-0.1319229106268489,1.2164519549661763,-1.2841982857180343,-11.084257180785213,-5.38,-295.9,-126.43,-13.45,-88.77,-0.0479616478448041,-0.1199041196120104,0.1199041196120104,0.0,0.0,31,36,36,35,36,-38,-125,0,-7,-25,12.9,12.9,12.8,12.8,12.8,-999,-999,-999,0.0,0.0,0.0
4.62519645690918,-0.3589530358916586,0.004601961998611,-0.1288549359611082,1.2164519549661763,-1.27781144828099,-11.07267221479512,-0.369690947221751,-0.0260777846587957,-0.1257869612953675,1.2164519549661763,-1.2841982857180343,-11.084257180785213,-21.52,-266.31,-131.81,-18.83,-88.77,-0.0719424717672062,-0.1199041196120104,0.1438849435344125,0.0,0.0,31,36,37,35,36,-38,-125,0,-7,-25,12.9,12.9,12.9,12.8,12.8,-999,-999,-999,0.0,0.0,0.0
4.642931699752808,-0.3620210105573993,0.0030679746657406,-0.1257869612953675,1.2179859422990469,-1.27781144828099,-11.07267221479512,-0.3727589218874916,-0.027611771991666,-0.1227189866296268,1.2164519549661763,-1.2841982857180343,-11.084257180785213,0.0,-277.07,-107.6,-13.45,-80.7,-0.0959232956896083,-0.1199041196120104,0.1678657674568146,0.0,0.0,32,37,37,35,36,-32,-119,0,0,-18,12.9,12.9,12.9,12.8,12.8,-999,-999,-999,0.0,0.0,0.0
4.659901857376099,-0.36508898522314,0.0,-0.1211849992967565,1.2179859422990469,-1.27781144828099,-11.07267221479512,-0.3727589218874916,-0.027611771991666,-0.1227189866296268,1.2164519549661763,-1.2841982857180343,-11.084257180785213,24.21,-269.0,-110.29,-8.07,-88.77,-0.1438849435344125,-0.1199041196120104,0.1918465913792167,0.0,0.0,31,37,37,35,38,-32,-113,0,0,-25,12.9,12.9,12.9,12.8,12.8,-999,-999,-999,0.0,0.0,0.0
4.6769936084747314,-0.3712249345546213,-0.0015339873328703,-0.1181170246310158,1.2179859422990469,-1.27781144828099,-11.07267221479512,-0.3742929092203619,-0.0306797466574067,-0.1181170246310158,1.2164519549661763,-1.2841982857180343,-11.084257180785213,72.63,-287.83,-59.18,-10.76,-88.77,-0.1678657674568146,-0.1199041196120104,0.1918465913792167,0.0,0.0,32,37,37,35,37,-13,-119,31,0,-25,13.0,12.8,12.9,12.8,12.8,-999,-999,-999,0.0,0.0,0.0
4.694000005722046,-0.3758268965532323,-0.0030679746657406,-0.1150490499652752,1.2164519549661763,-1.27781144828099,-11.07267221479512,-0.3804288585518433,-0.0337477213231473,-0.1119810752995345,1.2164519549661763,-1.2841982857180343,-11.084257180785213,-43.04,-298.59,-118.36,-10.76,-83.39,-0.2158274153016187,-0.1199041196120104,0.1918465913792167,0.0,0.0,32,37,37,35,37,-76,-119,-7,0,-18,13.0,12.9,12.9,12.8,12.8,-999,-999,-999,0.0,0.0,0.0
4.710902452468872,-0.378894871218973,-0.004601961998611,-0.1119810752995345,1.2179859422990469,-1.27781144828099,-11.07267221479512,-0.3804288585518433,-0.0337477213231473,-0.1119810752995345,1.2164519549661763,-1.2841982857180343,-11.084257180785213,37.66,-303.97,-107.6,-13.45,-88.77,-0.2158274153016187,-0.1199041196120104,0.1918465913792167,0.0,0.0,32,37,37,35,36,-13,-119,-7,-7,-25,12.9,12.8,12.9,12.8,12.7,-999,-999,-999,0.0,0.0,0.0
4.727944850921631,-0.3804288585518433,-0.0061359493314813,-0.1089131006337938,1.2179859422990469,-1.27781144828099,-11.07267221479512,-0.3850308205504543,-0.0383496833217584,-0.1058451259680531,1.2164519549661763,-1.2841982857180343,-11.084257180785213,51.11,-287.83,-102.22,-13.45,-88.77,-0.2158274153016187,-0.0959232956896083,0.1918465913792167,0.0,0.0,32,37,37,35,36,-7,-119,-7,0,-25,13.0,12.8,12.8,12.8,12.8,-999,-999,-999,0.0,0.0,0.0
4.744935750961304,-0.3819628458847137,-0.009203923997222,-0.1058451259680531,1.2164519549661763,-1.27781144828099,-11.07267221479512,-0.3850308205504543,-0.0383496833217584,-0.1058451259680531,1.2164519549661763,-1.2841982857180343,-11.084257180785213,40.35,-290.52,-83.39,-13.45,-80.7,-0.1918465913792167,-0.0959232956896083,0.1918465913792167,0.0,0.0,32,37,37,35,36,-13,-119,-13,-7,-25,12.9,12.9,12.9,12.8,12.8,-999,-999,-999,0.0,0.0,0.0
4.761902809143066,-0.3819628458847137,-0.0107379113300923,-0.1012431639694421,1.2179859422990469,-1.27781144828099,-11.07267221479512,-0.3865648078833247,-0.0398836706546287,-0.1012431639694421,1.2164519549661763,-1.2841982857180343,-11.084257180785213,18.83,-295.9,-72.63,-13.45,-80.7,-0.1438849435344125,-0.0959232956896083,0.1918465913792167,0.0,0.0,32,37,37,36,36,-19,-119,31,-7,-25,12.9,12.9,12.9,12.8,12.8,-999,-999,-999,0.0,0.0,0.0
4.778993368148804,-0.3819628458847137,-0.0122718986629626,-0.0981751893037015,1.2179859422990469,-1.27781144828099,-11.07267221479512,-0.3911667698819356,-0.0444856326532397,-0.0966412019708311,1.2164519549661763,-1.2857322730509049,-11.08699914622456,18.83,-303.97,-118.36,-8.07,-88.77,-0.0959232956896083,-0.0959232956896083,0.1918465913792167,0.0,0.0,32,37,37,36,36,-32,-119,-7,-7,-25,12.9,12.9,12.9,12.8,12.8,-999,-999,-999,0.0,0.0,0.0
4.795934438705444,-0.383496833217584,-0.013805885995833,-0.0951072146379608,1.2179859422990469,-1.27781144828099,-11.07267221479512,-0.3942347445476764,-0.04601961998611,-0.0935732273050904,1.2149179676333062,-1.2841982857180343,-11.084257180785213,8.07,-314.73,-91.46,-10.76,-94.15,-0.0479616478448041,-0.0959232956896083,0.1678657674568146,0.0,0.0,32,37,37,36,36,-38,-125,-13,-7,-31,12.9,12.9,12.9,12.8,12.8,-999,-999,-999,0.0,0.0,0.0
4.813881874084473,-0.3865648078833247,-0.0168738606615736,-0.0920392399722201,1.2179859422990469,-1.27781144828099,-11.07267221479512,-0.3957687318805467,-0.0475536073189804,-0.0905052526393498,1.2149179676333062,-1.2841982857180343,-11.084257180785213,-16.14,-287.83,-88.77,-5.38,-88.77,-0.0479616478448041,-0.0959232956896083,0.1678657674568146,0.0,0.0,32,37,37,35,36,-38,-125,-7,-7,-25,12.9,12.9,12.9,12.8,12.5,-999,-999,-999,0.0,0.0,0.0
4.831002473831177,-0.388098795216195,-0.018407847994444,-0.0889712653064794,1.2164519549661763,-1.27781144828099,-11.07267221479512,-0.397302719213417,-0.0490875946518507,-0.0889712653064794,1.2149179676333062,-1.2841982857180343,-11.084257180785213,21.52,-293.21,-102.22,-10.76,-80.7,-0.0479616478448041,-0.0959232956896083,0.1678657674568146,0.0,0.0,32,37,37,35,36,-32,-119,-7,-13,-25,12.9,12.9,12.9,12.9,12.8,-999,-999,-999,0.0,0.0,0.0
4.847908020019531,-0.3911667698819356,-0.0199418353273143,-0.0859032906407388,1.2164519549661763,-1.27781144828099,-11.07267221479512,-0.4003706938791577,-0.050621581984721,-0.0859032906407388,1.2149179676333062,-1.2841982857180343,-11.084257180785213,0.0,-298.59,-75.32,-10.76,-88.77,-0.0959232956896083,-0.0959232956896083,0.1678657674568146,0.0,0.0,32,36,37,35,36,-25,-119,-13,-13,-25,13.0,12.9,12.9,12.9,12.8,-999,-999,-999,0.0,0.0,0.0
4.8649537563323975,-0.3957687318805467,-0.0214758226601847,-0.0828353159749981,1.2164519549661763,-1.27781144828099,-11.07267221479512,-0.401904681212028,-0.0521555693175914,-0.0828353159749981,1.2149179676333062,-1.2841982857180343,-11.084257180785213,5.38,-303.97,-72.63,-10.76,-83.39,-0.1438849435344125,-0.0959232956896083,0.1678657674568146,0.0,0.0,32,36,37,35,36,-19,-119,-19,-7,-25,12.9,12.9,12.9,13.0,12.8,-999,-999,-999,0.0,0.0,0.0
4.88188910484314,-0.4003706938791577,-0.023009809993055,-0.0813013286421278,1.2179859422990469,-1.27781144828099,-11.07267221479512,-0.401904681212028,-0.0521555693175914,-0.0828353159749981,1.2149179676333062,-1.2841982857180343,-11.084257180785213,24.21,-287.83,-34.97,-10.76,-88.77,-0.1678657674568146,-0.0959232956896083,0.1678657674568146,0.0,0.0,31,36,37,35,36,-7,-119,-13,-13,-25,12.9,12.9,12.9,12.9,12.8,-999,-999,-999,0.0,0.0,0.0
4.898878335952759,-0.4034386685448983,-0.0260777846587957,-0.0782333539763871,1.2164519549661763,-1.27781144828099,-11.07267221479512,-0.4049726558777687,-0.055223543983332,-0.0782333539763871,1.2149179676333062,-1.2857322730509049,-11.08699914622456,0.0,-290.52,-78.01,-10.76,-88.77,-0.1918465913792167,-0.0959232956896083,0.1438849435344125,0.0,0.0,31,36,37,35,36,0,-119,-7,-13,-25,12.9,12.9,12.9,12.8,12.8,-999,-999,-999,0.0,0.0,0.0
4.915884017944336,-0.4049726558777687,-0.0260777846587957,-0.0766993666435168,1.2179859422990469,-1.27781144828099,-11.07267221479512,-0.4049726558777687,-0.0567575313162024,-0.0766993666435168,1.2149179676333062,-1.2841982857180343,-11.084257180785213,0.0,-285.14,-91.46,-13.45,-94.15,-0.1918465913792167,-0.0959232956896083,0.1199041196120104,0.0,0.0,31,36,37,35,36,0,-119,-7,-7,-31,12.9,12.9,12.9,12.8,12.8,-999,-999,-999,0.0,0.0,0.0
4.932999849319458,-0.406506643210639,-0.0291457593245363,-0.0736313919777761,1.2164519549661763,-1.27781144828099,-11.07267221479512,-0.406506643210639,-0.0582915186490727,-0.0751653793106464,1.2149179676333062,-1.2841982857180343,-11.084257180785213,0.0,-269.0,-69.94,-10.76,-88.77,-0.1918465913792167,-0.0959232956896083,0.1199041196120104,0.0,0.0,31,36,37,35,36,6,-113,-13,-7,-25,12.9,13.0,12.9,12.8,12.8,-999,-999,-999,0.0,0.0,0.0
4.949990272521973,-0.406506643210639,-0.0306797466574067,-0.0720974046449058,1.2164519549661763,-1.27781144828099,-11.07267221479512,-0.406506643210639,-0.0582915186490727,-0.0720974046449058,1.2133839803004358,-1.2857322730509049,-11.08699914622456,0.0,-269.0,-48.42,-10.76,-88.77,-0.1199041196120104,-0.0959232956896083,0.1199041196120104,0.0,0.0,31,36,37,35,36,0,-113,-13,-7,-25,12.9,12.9,12.9,12.8,12.8,-999,-999,-999,0.0,0.0,0.0
4.967916488647461,-0.4049726558777687,-0.0337477213231473,-0.0690294299791651,1.2164519549661763,-1.27781144828099,-11.07267221479512,-0.406506643210639,-0.0598255059819431,-0.0690294299791651,1.2133839803004358,-1.2857322730509049,-11.08699914622456,-5.38,-242.1,-59.18,0.0,-94.15,-0.0719424717672062,-0.0959232956896083,0.1199041196120104,0.0,0.0,31,36,37,35,38,-7,-100,-13,-13,-31,12.9,12.9,13.0,12.8,12.8,-999,-999,-999,0.0,0.0,0.0
4.984868764877319,-0.4034386685448983,-0.0352817086560177,-0.0674954426462947,1.2164519549661763,-1.27781144828099,-11.07267221479512,-0.406506643210639,-0.0598255059819431,-0.0690294299791651,1.2133839803004358,-1.2857322730509049,-11.08699914622456,26.9,-252.86,-43.04,0.0,-94.15,-0.023980823922402,-0.0959232956896083,0.1199041196120104,0.0,0.0,31,37,37,35,36,-13,-100,24,-13,-31,13.0,12.7,12.9,12.8,12.8,-999,-999,-999,0.0,0.0,0.0
5.001927375793457,-0.4034386685448983,-0.036815695988888,-0.0644274679805541,1.2164519549661763,-1.27781144828099,-11.07267221479512,-0.406506643210639,-0.0628934806476837,-0.0644274679805541,1.2118499929675657,-1.2841982857180343,-11.084257180785213,34.97,-263.62,-78.01,-24.21,-91.46,0.0,-0.0959232956896083,0.1199041196120104,0.0,0.0,31,37,37,34,36,-13,-107,-13,-13,-25,13.0,12.9,12.9,12.8,12.7,-999,-999,-999,0.0,0.0,0.0
5.018948316574097,-0.4034386685448983,-0.036815695988888,-0.0613594933148134,1.2149179676333062,-1.2793454356138605,-11.075479537091322,-0.406506643210639,-0.0628934806476837,-0.0644274679805541,1.2118499929675657,-1.2841982857180343,-11.084257180785213,32.28,-266.31,-53.8,0.0,-88.77,0.023980823922402,-0.0959232956896083,0.1199041196120104,0.0,0.0,31,37,38,35,36,-13,-94,-19,-13,-25,13.0,12.9,12.9,12.8,12.7,-999,-999,-999,0.0,0.0,0.0
5.035963535308838,-0.4034386685448983,-0.0383496833217584,-0.0598255059819431,1.2149179676333062,-1.27781144828099,-11.07267221479512,-0.406506643210639,-0.0644274679805541,-0.0613594933148134,1.210316005634695,-1.2841982857180343,-11.084257180785213,21.52,-282.45,-64.56,-8.07,-86.08,0.023980823922402,-0.0719424717672062,0.1199041196120104,0.0,0.0,31,37,37,35,34,-13,-94,-13,-13,-25,12.9,12.9,12.9,12.8,12.7,-999,-999,-999,0.0,0.0,0.0
5.052937746047974,-0.4049726558777687,-0.0383496833217584,-0.0582915186490727,1.2149179676333062,-1.27781144828099,-11.07267221479512,-0.4080406305435093,-0.0644274679805541,-0.0598255059819431,1.210316005634695,-1.2841982857180343,-11.084257180785213,0.0,-314.73,-61.87,-34.97,-88.77,0.0,-0.0479616478448041,0.1199041196120104,0.0,0.0,31,37,37,35,36,-7,-107,-19,-19,-25,13.0,12.9,12.9,12.8,12.7,-999,-999,-999,0.0,0.0,0.0
5.069998264312744,-0.4049726558777687,-0.0398836706546287,-0.0567575313162024,1.2133839803004358,-1.27781144828099,-11.07267221479512,-0.4095746178763797,-0.0628934806476837,-0.0567575313162024,1.210316005634695,-1.2841982857180343,-11.084257180785213,32.28,-258.24,-56.49,-2.69,-88.77,0.0,-0.0479616478448041,0.1199041196120104,-0.023980823922402,0.0,31,37,37,35,36,-13,-100,-13,-13,-25,13.0,12.9,12.9,12.8,12.8,-999,-999,-999,0.0,0.0,0.0
5.087001085281372,-0.4080406305435093,-0.0398836706546287,-0.055223543983332,1.2133839803004358,-1.27781144828099,-11.07267221479512,-0.4095746178763797,-0.0644274679805541,-0.0536895566504617,1.210316005634695,-1.2841982857180343,-11.084257180785213,8.07,-274.38,-53.8,0.0,-88.77,-0.023980823922402,-0.0479616478448041,0.0959232956896083,-0.023980823922402,0.0,31,37,37,35,36,-7,-94,-13,-13,-25,12.9,12.9,12.9,12.8,12.8,-999,-999,-999,0.0,0.0,0.0
5.103961944580078,-0.4111086052092501,-0.0398836706546287,-0.0536895566504617,1.2133839803004358,-1.27781144828099,-11.07267221479512,-0.4095746178763797,-0.0644274679805541,-0.0521555693175914,1.210316005634695,-1.2841982857180343,-11.084257180785213,-2.69,-295.9,-83.39,-5.38,-88.77,-0.0719424717672062,-0.023980823922402,0.0959232956896083,-0.023980823922402,0.0,31,37,37,35,36,6,-100,-13,-13,-25,12.9,12.9,12.9,12.8,12.8,-999,-999,-999,0.0,0.0,0.0
5.1208930015563965,-0.4126425925421204,-0.041417657987499,-0.050621581984721,1.2118499929675657,-1.27781144828099,-11.07267221479512,-0.4095746178763797,-0.0644274679805541,-0.050621581984721,1.210316005634695,-1.2841982857180343,-11.084257180785213,5.38,-263.62,-83.39,-8.07,-88.77,-0.0959232956896083,-0.023980823922402,0.0959232956896083,-0.023980823922402,0.0,31,37,37,35,36,12,-94,-7,-7,-25,12.9,12.9,12.8,12.8,12.8,-999,-999,-999,0.0,0.0,0.0
5.137953519821167,-0.4126425925421204,-0.041417657987499,-0.04601961998611,1.2118499929675657,-1.27781144828099,-11.07267221479512,-0.4095746178763797,-0.0659614553134244,-0.04601961998611,1.210316005634695,-1.2841982857180343,-11.084257180785213,0.0,-263.62,-51.11,-13.45,-88.77,-0.0959232956896083,-0.023980823922402,0.1199041196120104,0.0,0.0,31,37,37,35,36,12,-94,-13,-7,-25,12.9,12.9,12.9,12.8,12.8,-999,-999,-999,0.0,0.0,0.0
5.154956340789795,-0.4126425925421204,-0.0429516453203694,-0.0444856326532397,1.2118499929675657,-1.27781144828099,-11.07267221479512,-0.4095746178763797,-0.0674954426462947,-0.0429516453203694,1.210316005634695,-1.2841982857180343,-11.084257180785213,0.0,-263.62,-51.11,-13.45,-88.77,-0.0719424717672062,-0.023980823922402,0.1199041196120104,0.0,0.0,31,36,37,35,36,12,-100,-13,-13,-25,12.8,12.9,12.9,12.8,12.8,-999,-999,-999,0.0,0.0,0.0
5.171956300735474,-0.4111086052092501,-0.0429516453203694,-0.041417657987499,1.2133839803004358,-1.27781144828099,-11.07267221479512,-0.4095746178763797,-0.0690294299791651,-0.0398836706546287,1.210316005634695,-1.2841982857180343,-11.084257180785213,-5.38,-282.45,-59.18,-13.45,-88.77,-0.023980823922402,-0.023980823922402,0.1199041196120104,0.0,0.0,31,36,37,35,36,6,-100,-13,-13,-25,12.9,13.0,12.9,12.8,12.8,-999,-999,-999,0.0,0.0,0.0
5.188889741897583,-0.4111086052092501,-0.0429516453203694,-0.0398836706546287,1.2118499929675657,-1.27781144828099,-11.07267221479512,-0.4095746178763797,-0.0705634173120354,-0.0352817086560177,1.210316005634695,-1.2841982857180343,-11.084257180785213,-2.69,-277.07,-86.08,-16.14,-88.77,0.0,-0.023980823922402,0.1199041196120104,0.0,0.0,31,36,37,35,36,6,-100,-7,-13,-25,12.9,12.9,12.9,12.8,12.8,-999,-999,-999,0.0,0.0,0.0
5.205946683883667,-0.4111086052092501,-0.0444856326532397,-0.036815695988888,1.2118499929675657,-1.27781144828099,-11.07267221479512,-0.4095746178763797,-0.0720974046449058,-0.032213733990277,1.210316005634695,-1.2841982857180343,-11.084257180785213,-43.04,-298.59,-78.01,-16.14,-88.77,0.0,-0.023980823922402,0.1199041196120104,0.0,0.0,31,36,37,36,36,6,-107,0,-7,-25,12.9,12.9,12.9,12.8,12.8,-999,-999,-999,0.0,0.0,0.0
5.222901105880737,-0.4080406305435093,-0.0444856326532397,-0.0337477213231473,1.2118499929675657,-1.27781144828099,-11.07267221479512,-0.4095746178763797,-0.0720974046449058,-0.0291457593245363,1.210316005634695,-1.2841982857180343,-11.084257180785213,-5.38,-282.45,-118.36,-13.45,-88.77,0.023980823922402,-0.023980823922402,0.1438849435344125,0.0,0.0,31,36,37,36,36,-7,-107,0,-13,-25,12.9,12.9,12.9,12.8,12.8,-999,-999,-999,0.0,0.0,0.0
5.239976167678833,-0.4080406305435093,-0.04601961998611,-0.0291457593245363,1.2118499929675657,-1.27781144828099,-11.07267221479512,-0.4095746178763797,-0.0736313919777761,-0.0245437973259253,1.2087820183018247,-1.2841982857180343,-11.084257180785213,24.21,-303.97,-115.67,-16.14,-88.77,0.0479616478448041,-0.023980823922402,0.1438849435344125,0.0,0.0,32,36,37,36,36,-13,-107,-7,-7,-25,12.9,12.9,12.9,12.8,12.8,-999,-999,-999,0.0,0.0,0.0
5.256963729858398,-0.406506643210639,-0.04601961998611,-0.0245437973259253,1.2118499929675657,-1.27781144828099,-11.07267221479512,-0.4095746178763797,-0.0751653793106464,-0.0214758226601847,1.210316005634695,-1.2841982857180343,-11.084257180785213,24.21,-314.73,-112.98,-10.76,-88.77,0.0479616478448041,-0.023980823922402,0.1678657674568146,0.0,0.0,32,36,37,36,36,-13,-113,0,-19,-25,12.9,12.9,12.9,12.9,12.8,-999,-999,-999,0.0,0.0,0.0
5.2739317417144775,-0.406506643210639,-0.0475536073189804,-0.0214758226601847,1.2118499929675657,-1.27781144828099,-11.07267221479512,-0.4095746178763797,-0.0751653793106464,-0.0214758226601847,1.210316005634695,-1.2841982857180343,-11.084257180785213,2.69,-285.14,-112.98,-13.45,-88.77,0.0479616478448041,-0.023980823922402,0.1918465913792167,0.0,0.0,32,36,37,35,36,-7,-107,-7,-7,-25,12.9,12.9,12.9,12.9,12.8,-999,-999,-999,0.0,0.0,0.0
5.290982246398926,-0.4080406305435093,-0.0490875946518507,-0.018407847994444,1.2118499929675657,-1.27781144828099,-11.07267221479512,-0.4095746178763797,-0.0766993666435168,-0.013805885995833,1.2087820183018247,-1.2841982857180343,-11.084257180785213,2.69,-295.9,-112.98,0.0,-88.77,0.023980823922402,-0.023980823922402,0.1918465913792167,0.0,0.0,32,36,37,35,36,-7,-119,-7,-13,-25,12.9,12.9,12.9,12.8,12.8,-999,-999,-999,0.0,0.0,0.0
5.307913541793823,-0.4080406305435093,-0.0490875946518507,-0.0153398733287033,1.2118499929675657,-1.27781144828099,-11.07267221479512,-0.4095746178763797,-0.0766993666435168,-0.013805885995833,1.2087820183018247,-1.2841982857180343,-11.084257180785213,32.28,-263.62,-80.7,0.0,-86.08,0.0,-0.0479616478448041,0.1918465913792167,0.0,0.0,32,36,37,35,36,0,-107,31,-13,-25,12.9,12.9,12.9,12.8,12.6,-999,-999,-999,0.0,0.0,0.0
5.324873685836792,-0.4095746178763797,-0.0521555693175914,-0.0107379113300923,1.2118499929675657,-1.27781144828099,-11.07267221479512,-0.4095746178763797,-0.0797673413092574,-0.0107379113300923,1.2087820183018247,-1.2841982857180343,-11.084257180785213,-2.69,-287.83,-129.12,-8.07,-88.77,0.0,-0.0479616478448041,0.1918465913792167,0.0,0.0,32,37,37,35,36,0,-113,-7,-13,-25,12.9,12.9,12.9,12.8,12.8,-999,-999,-999,0.0,0.0,0.0
5.341950178146362,-0.4111086052092501,-0.0536895566504617,-0.0076699366643516,1.210316005634695,-1.27781144828099,-11.07267221479512,-0.4095746178763797,-0.0813013286421278,-0.0076699366643516,1.2087820183018247,-1.2841982857180343,-11.084257180785213,-2.69,-290.52,-118.36,-5.38,-83.39,-0.023980823922402,-0.0719424717672062,0.1918465913792167,0.0,0.0,32,37,37,35,36,6,-113,-7,-13,-25,12.9,12.9,12.9,12.8,12.8,-999,-999,-999,0.0,0.0,0.0
5.358896970748901,-0.4111086052092501,-0.055223543983332,-0.004601961998611,1.2118499929675657,-1.27781144828099,-11.07267221479512,-0.4111086052092501,-0.0813013286421278,-0.0030679746657406,1.2087820183018247,-1.2841982857180343,-11.084257180785213,-2.69,-285.14,-88.77,-16.14,-88.77,-0.023980823922402,-0.0719424717672062,0.1918465913792167,0.0,0.0,32,37,37,35,36,0,-107,-7,-7,-25,12.9,12.9,12.9,12.8,12.8,-999,-999,-999,0.0,0.0,0.0
5.37601113319397,-0.4111086052092501,-0.055223543983332,0.0,1.2118499929675657,-1.27781144828099,-11.07267221479512,-0.4095746178763797,-0.0859032906407388,0.004601961998611,1.2087820183018247,-1.2841982857180343,-11.084257180785213,-2.69,-279.76,-121.05,-16.14,-86.08,-0.023980823922402,-0.0719424717672062,0.1918465913792167,0.0,0.0,32,37,37,35,36,6,-107,0,-7,-25,12.9,12.9,12.9,12.8,12.8,-999,-999,-999,0.0,0.0,0.0
5.392932176589966,-0.4111086052092501,-0.0582915186490727,0.004601961998611,1.210316005634695,-1.27781144828099,-11.07267221479512,-0.4111086052092501,-0.0874372779736091,0.0076699366643516,1.2087820183018247,-1.2841982857180343,-11.084257180785213,-2.69,-263.62,-118.36,-13.45,-88.77,-0.023980823922402,-0.0719424717672062,0.1918465913792167,0.0,0.0,32,37,37,35,36,6,-113,0,-7,-25,12.9,12.9,12.9,12.8,12.7,-999,-999,-999,0.0,0.0,0.0
5.40987491607666,-0.4111086052092501,-0.0598255059819431,0.0076699366643516,1.210316005634695,-1.27781144828099,-11.07267221479512,-0.4111086052092501,-0.0874372779736091,0.0076699366643516,1.2087820183018247,-1.2841982857180343,-11.084257180785213,0.0,-260.93,-115.67,-18.83,-88.77,0.0,-0.0719424717672062,0.1918465913792167,0.0,0.0,32,37,37,35,35,0,-107,-7,-7,-25,12.9,12.9,12.9,12.8,12.8,-999,-999,-999,0.0,0.0,0.0
5.426908731460571,-0.4111086052092501,-0.0613594933148134,0.0107379113300923,1.210316005634695,-1.27781144828099,-11.07267221479512,-0.4126425925421204,-0.0905052526393498,0.013805885995833,1.2087820183018247,-1.2841982857180343,-11.084257180785213,-2.69,-285.14,-121.05,-16.14,-86.08,0.0,-0.0719424717672062,0.1918465913792167,0.0,0.0,32,37,37,35,36,0,-113,-7,-7,-25,12.9,12.8,12.9,12.8,12.8,-999,-999,-999,0.0,0.0,0.0
5.443977117538452,-0.4111086052092501,-0.0628934806476837,0.013805885995833,1.210316005634695,-1.27781144828099,-11.07267221479512,-0.4141765798749907,-0.0920392399722201,0.0168738606615736,1.2072480309689544,-1.2841982857180343,-11.084257180785213,0.0,-287.83,-80.7,-18.83,-88.77,0.0,-0.0959232956896083,0.1918465913792167,0.0,0.0,32,37,37,35,36,-7,-113,-7,-7,-25,12.9,12.9,12.8,12.8,12.8,-999,-999,-999,0.0,0.0,0.0
5.460885763168335,-0.4111086052092501,-0.0644274679805541,0.018407847994444,1.210316005634695,-1.27781144828099,-11.07267221479512,-0.415710567207861,-0.0951072146379608,0.0199418353273143,1.2087820183018247,-1.2841982857180343,-11.084257180785213,37.66,-290.52,-83.39,-13.45,-80.7,0.0,-0.0959232956896083,0.1918465913792167,0.0,0.0,32,37,37,35,36,-13,-113,-7,-13,-25,12.9,12.9,12.9,12.8,12.8,-999,-999,-999,0.0,0.0,0.0
5.477950811386108,-0.4111086052092501,-0.0659614553134244,0.0214758226601847,1.210316005634695,-1.27781144828099,-11.07267221479512,-0.4172445545407314,-0.0966412019708311,0.023009809993055,1.2087820183018247,-1.2841982857180343,-11.084257180785213,8.07,-279.76,-80.7,-16.14,-88.77,0.0,-0.0959232956896083,0.1918465913792167,0.0,0.0,32,37,37,35,36,-19,-119,-13,-7,-25,12.9,12.9,12.8,12.8,12.5,-999,-999,-999,0.0,0.0,0.0
5.494890213012695,-0.4141765798749907,-0.0690294299791651,0.023009809993055,1.210316005634695,-1.27781144828099,-11.07267221479512,-0.4172445545407314,-0.0966412019708311,0.023009809993055,1.2087820183018247,-1.2841982857180343,-11.084257180785213,8.07,-269.0,-94.15,-18.83,-88.77,0.0,-0.0959232956896083,0.1918465913792167,0.0,0.0,32,37,37,35,36,-13,-113,-13,-7,-25,12.9,12.9,12.9,12.8,12.7,-999,-999,-999,0.0,0.0,0.0
5.511874437332153,-0.415710567207861,-0.0705634173120354,0.0260777846587957,1.210316005634695,-1.27781144828099,-11.07267221479512,-0.4187785418736017,-0.0981751893037015,0.0260777846587957,1.2087820183018247,-1.2841982857180343,-11.084257180785213,16.14,-274.38,-75.32,-18.83,-88.77,-0.023980823922402,-0.0959232956896083,0.1918465913792167,0.0,0.0,32,37,37,35,36,-19,-113,-7,-7,-25,13.0,12.9,12.9,12.8,12.8,-999,-999,-999,0.0,0.0,0.0
5.528892755508423,-0.415710567207861,-0.0720974046449058,0.0291457593245363,1.210316005634695,-1.27781144828099,-11.07267221479512,-0.4233805038722127,-0.1012431639694421,0.0306797466574067,1.2072480309689544,-1.2841982857180343,-11.084257180785213,0.0,-263.62,-118.36,-18.83,-88.77,-0.0479616478448041,-0.0959232956896083,0.1918465913792167,0.0,0.0,32,37,37,35,36,-19,-113,-7,-7,-25,12.9,12.9,12.9,12.8,12.8,-999,-999,-999,0.0,0.0,0.0
5.545898914337158,-0.4187785418736017,-0.0751653793106464,0.032213733990277,1.210316005634695,-1.27781144828099,-11.07267221479512,-0.4233805038722127,-0.1012431639694421,0.0306797466574067,1.2072480309689544,-1.2841982857180343,-11.084257180785213,21.52,-234.03,-80.7,-8.07,-88.77,-0.0719424717672062,-0.0959232956896083,0.1678657674568146,0.0,0.0,32,37,37,35,36,-19,-107,-13,-13,-25,12.9,12.9,12.8,12.8,12.8,-999,-999,-999,0.0,0.0,0.0
5.562899112701416,-0.4218465165393424,-0.0766993666435168,0.0352817086560177,1.210316005634695,-1.27781144828099,-11.07267221479512,-0.4233805038722127,-0.1027771513023125,0.0337477213231473,1.2072480309689544,-1.2841982857180343,-11.084257180785213,45.73,-252.86,-86.08,-8.07,-88.77,-0.0959232956896083,-0.0959232956896083,0.1678657674568146,0.0,0.0,32,37,37,35,36,-7,-107,-13,-13,-25,12.9,12.9,12.9,12.8,12.8,-999,-999,-999,0.0,0.0,0.0
5.579868316650391,-0.424914491205083,-0.0797673413092574,0.0383496833217584,1.2087820183018247,-1.27781144828099,-11.07267221479512,-0.424914491205083,-0.1043111386351828,0.0352817086560177,1.2072480309689544,-1.2841982857180343,-11.084257180785213,0.0,-258.24,-86.08,-8.07,-88.77,-0.1199041196120104,-0.1199041196120104,0.1678657674568146,0.0,0.0,32,37,37,35,36,0,-100,-13,-7,-25,12.9,12.9,13.1,12.8,12.8,-999,-999,-999,0.0,0.0,0.0
5.596874237060547,-0.4264484785379534,-0.0797673413092574,0.041417657987499,1.210316005634695,-1.27781144828099,-11.07267221479512,-0.4279824658708237,-0.1058451259680531,0.0383496833217584,1.2072480309689544,-1.2841982857180343,-11.084257180785213,-5.38,-258.24,-59.18,-13.45,-86.08,-0.1199041196120104,-0.1199041196120104,0.1678657674568146,0.0,0.0,32,37,37,36,36,-7,-100,-13,-13,-25,12.9,12.9,12.9,12.8,12.8,-999,-999,-999,0.0,0.0,0.0
5.613988399505615,-0.4279824658708237,-0.0813013286421278,0.0444856326532397,1.2087820183018247,-1.27781144828099,-11.07267221479512,-0.4325844278694347,-0.1073791133009235,0.0429516453203694,1.2072480309689544,-1.2841982857180343,-11.084257180785213,8.07,-236.72,-56.49,-16.14,-88.77,-0.1199041196120104,-0.0959232956896083,0.1678657674568146,0.0,0.0,32,37,37,35,36,-7,-100,-13,-7,-25,12.9,12.9,12.9,12.8,12.8,-999,-999,-999,0.0,0.0,0.0
5.630979299545288,-0.4295164532036941,-0.0828353159749981,0.0444856326532397,1.210316005634695,-1.27781144828099,-11.07267221479512,-0.4356524025351754,-0.1073791133009235,0.0444856326532397,1.2087820183018247,-1.2841982857180343,-11.084257180785213,-5.38,-250.17,-51.11,-18.83,-88.77,-0.0959232956896083,-0.0959232956896083,0.1438849435344125,0.0,0.0,32,37,37,35,36,-13,-94,-13,-7,-25,12.9,12.9,12.9,12.8,12.7,-999,-999,-999,0.0,0.0,0.0
5.648904800415039,-0.4295164532036941,-0.0843693033078684,0.04601961998611,1.2087820183018247,-1.27781144828099,-11.07267221479512,-0.4402543645337864,-0.1089131006337938,0.0475536073189804,1.2087820183018247,-1.2841982857180343,-11.084257180785213,18.83,-260.93,-69.94,-5.38,-88.77,-0.0719424717672062,-0.0719424717672062,0.1199041196120104,0.0,0.0,32,37,37,35,36,-19,-94,-7,0,-25,12.9,12.9,12.9,12.8,12.8,-999,-999,-999,0.0,0.0,0.0
5.665938854217529,-0.4310504405365644,-0.0843693033078684,0.0490875946518507,1.210316005634695,-1.27781144828099,-11.07267221479512,-0.4433223391995271,-0.1089131006337938,0.050621581984721,1.2072480309689544,-1.2841982857180343,-11.084257180785213,-40.35,-277.07,-69.94,-10.76,-86.08,-0.0719424717672062,-0.0719424717672062,0.1199041196120104,0.0,0.0,32,37,37,35,36,-38,-100,-13,0,-25,12.9,12.9,12.9,12.8,12.8,-999,-999,-999,0.0,0.0,0.0
5.68291711807251,-0.4341184152023051,-0.0859032906407388,0.0521555693175914,1.2087820183018247,-1.2793454356138605,-11.075479537091322,-0.4463903138652678,-0.1089131006337938,0.0521555693175914,1.2087820183018247,-1.2841982857180343,-11.084257180785213,-48.42,-252.86,-83.39,-10.76,-88.77,-0.0479616478448041,-0.0479616478448041,0.1199041196120104,0.0,0.0,32,37,37,35,37,-50,-94,-7,-7,-25,12.9,12.9,12.9,12.8,12.8,-999,-999,-999,0.0,0.0,0.0
5.699829339981079,-0.4371863898680457,-0.0859032906407388,0.055223543983332,1.2087820183018247,-1.27781144828099,-11.07267221479512,-0.4463903138652678,-0.1089131006337938,0.0521555693175914,1.2087820183018247,-1.2841982857180343,-11.084257180785213,-10.76,-271.69,-72.63,-13.45,-88.77,-0.0719424717672062,-0.0479616478448041,0.1199041196120104,0.0,0.0,32,37,37,35,37,-44,-94,-13,-7,-25,12.9,12.8,12.9,12.8,12.8,-999,-999,-999,0.0,0.0,0.0
5.716904401779175,-0.4402543645337864,-0.0859032906407388,0.0567575313162024,1.2087820183018247,-1.27781144828099,-11.07267221479512,-0.4509922758638788,-0.1089131006337938,0.0536895566504617,1.2072480309689544,-1.2841982857180343,-11.084257180785213,-56.49,-274.38,-59.18,-10.76,-88.77,-0.1199041196120104,-0.023980823922402,0.1438849435344125,0.0,0.0,33,36,37,35,37,-44,-94,-13,-7,-25,12.9,12.9,12.9,12.8,12.8,-999,-999,-999,0.0,0.0,0.0
5.733961343765259,-0.4433223391995271,-0.0859032906407388,0.0582915186490727,1.2087820183018247,-1.27781144828099,-11.07267221479512,-0.4632641745268415,-0.1089131006337938,0.0567575313162024,1.2072480309689544,-1.2841982857180343,-11.084257180785213,-59.18,-274.38,-72.63,-16.14,-88.77,-0.1438849435344125,-0.023980823922402,0.1438849435344125,0.0,0.0,32,37,37,35,38,-50,-94,-19,-13,-25,12.9,12.8,12.9,12.8,12.8,-999,-999,-999,0.0,0.0,0.0
5.750887870788574,-0.4509922758638788,-0.0859032906407388,0.0613594933148134,1.2087820183018247,-1.27781144828099,-11.07267221479512,-0.4632641745268415,-0.1089131006337938,0.0567575313162024,1.2072480309689544,-1.2841982857180343,-11.084257180785213,8.07,-274.38,-64.56,-16.14,-88.77,-0.2158274153016187,0.0,0.1438849435344125,0.0,0.0,32,37,37,35,37,-50,-94,-13,-7,-25,13.0,12.9,12.9,12.8,12.8,-999,-999,-999,0.0,0.0,0.0
5.767892599105835,-0.4571282251953601,-0.0859032906407388,0.0628934806476837,1.210316005634695,-1.27781144828099,-11.07267221479512,-0.4724680985240634,-0.1089131006337938,0.0613594933148134,1.2072480309689544,-1.2841982857180343,-11.084257180785213,-40.35,-277.07,-78.01,-13.45,-88.77,-0.263789063146423,0.0,0.1199041196120104,0.0,0.0,31,37,37,35,37,-50,-94,-19,0,-25,12.6,12.9,12.9,12.8,12.8,-999,-999,-999,0.0,0.0,0.0
5.78490138053894,-0.4632641745268415,-0.0859032906407388,0.0644274679805541,1.2087820183018247,-1.27781144828099,-11.07267221479512,-0.4786040478555448,-0.1089131006337938,0.0628934806476837,1.2087820183018247,-1.2841982857180343,-11.084257180785213,-37.66,-277.07,-59.18,-13.45,-88.77,-0.287769887068825,0.0,0.1199041196120104,0.0,0.0,31,37,37,35,36,-44,-94,-13,-7,-25,12.9,12.9,12.9,12.8,12.8,-999,-999,-999,0.0,0.0,0.0
5.801912069320679,-0.4694001238583228,-0.0859032906407388,0.0659614553134244,1.2087820183018247,-1.27781144828099,-11.07267221479512,-0.4786040478555448,-0.1089131006337938,0.0628934806476837,1.2087820183018247,-1.2841982857180343,-11.084257180785213,13.45,-277.07,-86.08,-10.76,-80.7,-0.3357315349136292,0.0,0.0959232956896083,0.0,0.0,31,37,37,35,36,-38,-94,-19,0,-25,12.9,13.0,12.9,12.8,12.8,-999,-999,-999,0.0,0.0,0.0
5.818882465362549,-0.4740020858569338,-0.0859032906407388,0.0674954426462947,1.2087820183018247,-1.27781144828099,-11.07267221479512,-0.4832060098541558,-0.1089131006337938,0.0644274679805541,1.2072480309689544,-1.2841982857180343,-11.084257180785213,18.83,-277.07,-69.94,-10.76,-88.77,-0.3357315349136292,0.0,0.0959232956896083,0.0,0.0,31,37,37,35,36,-38,-94,-19,-7,-25,12.9,13.0,12.9,12.8,12.7,-999,-999,-999,0.0,0.0,0.0
5.8358988761901855,-0.4786040478555448,-0.0859032906407388,0.0690294299791651,1.2087820183018247,-1.27781144828099,-11.07267221479512,-0.4878079718527668,-0.1089131006337938,0.0674954426462947,1.2072480309689544,-1.2841982857180343,-11.084257180785213,-32.28,-274.38,-51.11,-13.45,-88.77,-0.3357315349136292,0.0,0.0959232956896083,0.0,0.0,31,37,37,35,36,-44,-88,-13,-7,-25,12.9,12.9,12.9,12.8,12.8,-999,-999,-999,0.0,0.0,0.0
5.8528733253479,-0.4816720225212855,-0.0859032906407388,0.0720974046449058,1.2087820183018247,-1.27781144828099,-11.07267221479512,-0.4924099338513779,-0.1089131006337938,0.0690294299791651,1.2072480309689544,-1.2841982857180343,-11.084257180785213,-32.28,-274.38,-86.08,-16.14,-88.77,-0.3117507109912271,0.0,0.0959232956896083,0.0,0.0,31,37,37,35,36,-107,-94,-19,-7,-25,12.9,12.9,12.9,12.8,12.8,-999,-999,-999,0.0,0.0,0.0
5.8699235916137695,-0.4878079718527668,-0.0859032906407388,0.0736313919777761,1.2087820183018247,-1.27781144828099,-11.07267221479512,-0.4970118958499888,-0.1089131006337938,0.0705634173120354,1.2072480309689544,-1.2841982857180343,-11.084257180785213,-29.59,-271.69,-69.94,-16.14,-88.77,-0.287769887068825,0.0,0.0959232956896083,0.0,0.0,31,37,37,35,34,-38,-88,-19,-7,-25,12.8,13.0,12.9,12.8,12.8,-999,-999,-999,0.0,0.0,0.0
5.886918306350708,-0.4908759465185075,-0.0859032906407388,0.0736313919777761,1.2087820183018247,-1.27781144828099,-11.07267221479512,-0.5046818325143405,-0.1089131006337938,0.0720974046449058,1.2087820183018247,-1.2841982857180343,-11.084257180785213,-32.28,-277.07,-88.77,-18.83,-88.77,-0.263789063146423,0.0,0.0959232956896083,0.0,0.0,31,37,37,35,36,-50,-94,-19,-7,-25,12.9,12.9,12.9,12.8,12.7,-999,-999,-999,0.0,0.0,0.0
5.903881311416626,-0.4939439211842482,-0.0859032906407388,0.0751653793106464,1.2087820183018247,-1.27781144828099,-11.07267221479512,-0.5046818325143405,-0.1089131006337938,0.0720974046449058,1.2087820183018247,-1.2841982857180343,-11.084257180785213,8.07,-274.38,-51.11,-8.07,-88.77,-0.2398082392240208,0.0,0.0959232956896083,0.0,0.0,31,37,37,35,36,-44,-94,-19,0,-25,12.9,12.9,12.9,12.8,12.7,-999,-999,-999,0.0,0.0,0.0
5.920895576477051,-0.4970118958499888,-0.0859032906407388,0.0751653793106464,1.2087820183018247,-1.27781144828099,-11.07267221479512,-0.5077498071800812,-0.1089131006337938,0.0705634173120354,1.2072480309689544,-1.2841982857180343,-11.084257180785213,0.0,-274.38,-91.46,-13.45,-88.77,-0.2158274153016187,0.0,0.0959232956896083,0.0,0.0,31,37,37,35,36,-44,-94,-25,-13,-25,13.0,12.9,12.9,12.8,12.8,-999,-999,-999,0.0,0.0,0.0
5.937889814376831,-0.5000798705157296,-0.0859032906407388,0.0751653793106464,1.210316005634695,-1.27781144828099,-11.07267221479512,-0.5108177818458219,-0.1089131006337938,0.0705634173120354,1.2072480309689544,-1.2841982857180343,-11.084257180785213,0.0,-271.69,-69.94,-16.14,-88.77,-0.1918465913792167,0.0,0.0719424717672062,0.0,0.0,31,37,37,35,36,-44,-88,-32,-7,-25,12.8,12.9,12.8,12.8,12.6,-999,-999,-999,0.0,0.0,0.0
5.954878568649292,-0.5046818325143405,-0.0859032906407388,0.0766993666435168,1.2087820183018247,-1.27781144828099,-11.07267221479512,-0.5138857565115625,-0.1089131006337938,0.0720974046449058,1.2072480309689544,-1.2841982857180343,-11.084257180785213,0.0,-277.07,-45.73,-13.45,-86.08,-0.1918465913792167,0.0,0.0479616478448041,0.0,0.0,31,36,37,35,36,-44,-94,-19,-7,-25,12.9,12.9,12.8,12.8,12.7,-999,-999,-999,0.0,0.0,0.0
5.971905946731567,-0.5092837945129516,-0.0874372779736091,0.0766993666435168,1.2087820183018247,-1.27781144828099,-11.07267221479512,-0.5184877185101736,-0.1089131006337938,0.0720974046449058,1.2072480309689544,-1.2841982857180343,-11.084257180785213,0.0,-271.69,-67.25,-16.14,-88.77,-0.1918465913792167,0.0,0.023980823922402,0.0,0.0,31,36,36,35,35,-38,-88,-25,-7,-25,12.9,12.9,12.8,12.8,12.7,-999,-999,-999,0.0,0.0,0.0
5.98888897895813,-0.5108177818458219,-0.0859032906407388,0.0766993666435168,1.2087820183018247,-1.27781144828099,-11.07267221479512,-0.5200217058430439,-0.1089131006337938,0.0705634173120354,1.2072480309689544,-1.2841982857180343,-11.084257180785213,18.83,-274.38,-88.77,-13.45,-88.77,-0.1918465913792167,0.0,0.023980823922402,0.0,0.0,31,36,37,35,37,-32,-94,-25,-7,-25,12.9,12.9,12.8,12.8,12.7,-999,-999,-999,0.0,0.0,0.0
6.005878210067749,-0.5154197438444329,-0.0859032906407388,0.0766993666435168,1.210316005634695,-1.27781144828099,-11.07267221479512,-0.5200217058430439,-0.1089131006337938,0.0690294299791651,1.2072480309689544,-1.2841982857180343,-11.084257180785213,43.04,-274.38,-88.77,-16.14,-88.77,-0.1918465913792167,0.0,0.0,0.0,0.0,31,36,37,35,36,-13,-94,-32,-7,-25,12.9,12.9,12.9,12.8,12.7,-999,-999,-999,0.0,0.0,0.0
6.02287745475769,-0.5200217058430439,-0.0859032906407388,0.0766993666435168,1.2087820183018247,-1.27781144828099,-11.07267221479512,-0.5200217058430439,-0.1104470879666641,0.0690294299791651,1.205714043636084,-1.2841982857180343,-11.084257180785213,0.0,-274.38,-145.26,-16.14,-88.77,-0.2158274153016187,0.0,0.0,0.0,0.0,31,37,37,35,36,0,-94,-44,-7,-25,12.9,12.9,12.9,12.8,12.8,-999,-999,-999,0.0,0.0,0.0
6.0399041175842285,-0.5215556931759142,-0.0859032906407388,0.0766993666435168,1.2087820183018247,-1.27781144828099,-11.07267221479512,-0.5200217058430439,-0.1104470879666641,0.0690294299791651,1.205714043636084,-1.2841982857180343,-11.084257180785213,0.0,-290.52,-150.64,-5.38,-88.77,-0.1918465913792167,0.0,0.0,0.0,0.0,31,37,37,35,36,12,-100,-44,-13,-25,12.9,12.9,12.9,12.8,12.7,-999,-999,-999,0.0,0.0,0.0
6.056843519210815,-0.5215556931759142,-0.0859032906407388,0.0766993666435168,1.2087820183018247,-1.27781144828099,-11.07267221479512,-0.5200217058430439,-0.1104470879666641,0.0690294299791651,1.2041800563032137,-1.2841982857180343,-11.084257180785213,2.69,-290.52,-150.64,0.0,-86.08,-0.1678657674568146,0.0,0.0,0.0,0.0,31,37,36,35,36,12,-100,-44,-13,-25,12.9,12.9,12.8,12.8,12.7,-999,-999,-999,0.0,0.0,0.0
6.073886394500732,-0.5215556931759142,-0.0859032906407388,0.0766993666435168,1.2072480309689544,-1.27781144828099,-11.07267221479512,-0.5200217058430439,-0.1104470879666641,0.0705634173120354,1.205714043636084,-1.2841982857180343,-11.084257180785213,13.45,-290.52,-153.32999999999998,-34.97,-88.77,-0.1199041196120104,0.0,0.0,0.0,0.0,31,37,36,35,36,12,-100,-44,-19,-25,12.9,12.9,12.9,12.8,12.7,-999,-999,-999,0.0,0.0,0.0
6.090901374816895,-0.5200217058430439,-0.0859032906407388,0.0766993666435168,1.2072480309689544,-1.27781144828099,-11.07267221479512,-0.5215556931759142,-0.1104470879666641,0.0705634173120354,1.2041800563032137,-1.2826642983851642,-11.081499542760595,8.07,-287.83,-121.05,2.69,-86.08,-0.0719424717672062,0.0,0.0,0.0,0.0,31,37,36,35,36,12,-100,-38,-7,-25,12.9,12.9,12.9,12.8,12.7,-999,-999,-999,0.0,0.0,0.0
6.107891082763672,-0.5184877185101736,-0.0874372779736091,0.0766993666435168,1.205714043636084,-1.27781144828099,-11.07267221479512,-0.5230896805087846,-0.1104470879666641,0.0720974046449058,1.2041800563032137,-1.2841982857180343,-11.084257180785213,16.14,-282.45,-88.77,-13.45,-51.11,0.0,0.0,0.0,0.0,0.0,31,37,36,35,36,-13,-100,-32,-13,-18,12.9,12.9,12.8,12.8,12.7,-999,-999,-999,0.0,0.0,0.0
6.124885082244873,-0.5154197438444329,-0.0859032906407388,0.0766993666435168,1.205714043636084,-1.27781144828099,-11.07267221479512,-0.5230896805087846,-0.1104470879666641,0.0720974046449058,1.2041800563032137,-1.2841982857180343,-11.084257180785213,10.76,-279.76,-69.94,0.0,-88.77,0.023980823922402,0.0,0.0,-0.023980823922402,0.0,31,37,36,35,36,-25,-94,-25,-13,-25,12.8,12.9,12.5,12.8,12.8,-999,-999,-999,0.0,0.0,0.0
6.141904592514038,-0.5169537311773033,-0.0874372779736091,0.0766993666435168,1.205714043636084,-1.27781144828099,-11.07267221479512,-0.5230896805087846,-0.1104470879666641,0.0720974046449058,1.2041800563032137,-1.2841982857180343,-11.084257180785213,0.0,-263.62,-91.46,5.38,-88.77,0.0479616478448041,0.0,0.0,-0.023980823922402,0.0,31,36,36,35,36,-25,-94,-25,-13,-25,12.9,12.9,12.9,12.8,12.7,-999,-999,-999,0.0,0.0,0.0
6.158923149108887,-0.5184877185101736,-0.0874372779736091,0.0766993666435168,1.205714043636084,-1.27781144828099,-11.07267221479512,-0.5215556931759142,-0.1104470879666641,0.0720974046449058,1.2041800563032137,-1.2841982857180343,-11.084257180785213,-8.07,-277.07,-86.08,-5.38,-86.08,0.0479616478448041,0.0,0.0,-0.023980823922402,0.0,32,36,36,35,36,-19,-94,-25,-13,-25,12.9,12.9,12.9,12.8,12.7,-999,-999,-999,0.0,0.0,0.0
6.175876140594482,-0.5200217058430439,-0.0874372779736091,0.0766993666435168,1.2041800563032137,-1.27781144828099,-11.07267221479512,-0.5200217058430439,-0.1104470879666641,0.0720974046449058,1.202646068970343,-1.2841982857180343,-11.084257180785213,5.38,-274.38,-91.46,-16.14,-88.77,0.0,0.0,0.0,-0.023980823922402,0.0,32,36,36,35,36,-7,-94,-25,-7,-25,12.9,12.9,12.9,12.8,12.8,-999,-999,-999,0.0,0.0,0.0
6.192876815795898,-0.5215556931759142,-0.0874372779736091,0.0766993666435168,1.2041800563032137,-1.27781144828099,-11.07267221479512,-0.5184877185101736,-0.1104470879666641,0.0720974046449058,1.2041800563032137,-1.2841982857180343,-11.084257180785213,-2.69,-277.07,-86.08,0.0,-88.77,-0.023980823922402,0.0,0.0,0.0,0.0,32,36,37,35,36,6,-94,-25,-13,-25,12.9,12.9,12.9,12.8,12.5,-999,-999,-999,0.0,0.0,0.0
6.209870100021362,-0.5261576551745253,-0.0874372779736091,0.0766993666435168,1.2041800563032137,-1.27781144828099,-11.07267221479512,-0.5184877185101736,-0.1104470879666641,0.0720974046449058,1.2041800563032137,-1.2841982857180343,-11.084257180785213,2.69,-277.07,-88.77,-8.07,-88.77,-0.0719424717672062,0.0,0.0,0.0,0.0,31,36,37,35,37,25,-94,-25,-7,-25,12.9,12.9,12.9,12.8,12.7,-999,-999,-999,0.0,0.0,0.0
6.226870536804199,-0.5246236678416549,-0.0874372779736091,0.0766993666435168,1.2041800563032137,-1.27781144828099,-11.07267221479512,-0.5169537311773033,-0.1119810752995345,0.0720974046449058,1.2041800563032137,-1.2841982857180343,-11.084257180785213,26.9,-277.07,-86.08,-13.45,-88.77,-0.0719424717672062,0.0,0.0,0.0,0.0,31,36,37,35,36,25,-94,-25,-7,-25,12.9,12.9,12.5,12.8,12.7,-999,-999,-999,0.0,0.0,0.0
6.243858337402344,-0.5230896805087846,-0.0874372779736091,0.0766993666435168,1.2041800563032137,-1.27781144828099,-11.07267221479512,-0.5169537311773033,-0.1119810752995345,0.0720974046449058,1.2041800563032137,-1.2841982857180343,-11.084257180785213,43.04,-287.83,-67.25,-16.14,-88.77,-0.0479616478448041,0.0,0.0,0.0,0.0,31,37,37,35,36,25,-100,-25,-7,-25,12.9,12.9,12.8,12.8,12.8,-999,-999,-999,0.0,0.0,0.0
6.260814189910889,-0.5215556931759142,-0.0874372779736091,0.0766993666435168,1.2041800563032137,-1.27781144828099,-11.07267221479512,-0.5169537311773033,-0.1119810752995345,0.0720974046449058,1.2041800563032137,-1.2841982857180343,-11.084257180785213,5.38,-279.76,-80.7,-16.14,-88.77,-0.023980823922402,0.0,0.0,0.0,0.0,31,36,37,36,36,18,-100,-25,-7,-25,12.9,12.9,12.8,12.8,12.7,-999,-999,-999,0.0,0.0,0.0
6.277843475341797,-0.5184877185101736,-0.0874372779736091,0.0766993666435168,1.2041800563032137,-1.27781144828099,-11.07267221479512,-0.5169537311773033,-0.1119810752995345,0.0720974046449058,1.2041800563032137,-1.2826642983851642,-11.081499542760595,-34.97,-285.14,-88.77,-5.38,-88.77,0.0,0.0,0.0,0.0,0.0,31,36,37,36,36,12,-94,-25,-13,-25,12.7,12.9,12.9,12.8,12.7,-999,-999,-999,0.0,0.0,0.0
6.29587984085083,-0.5138857565115625,-0.0889712653064794,0.0766993666435168,1.2041800563032137,-1.27781144828099,-11.07267221479512,-0.5184877185101736,-0.1119810752995345,0.0720974046449058,1.202646068970343,-1.2826642983851642,-11.081499542760595,21.52,-285.14,-69.94,-2.69,-45.73,0.0959232956896083,0.0,0.0,0.0,0.0,31,36,36,35,37,-13,-94,-25,-7,-12,12.9,12.9,12.9,12.8,12.7,-999,-999,-999,0.0,0.0,0.0
6.312911033630371,-0.5123517691786922,-0.0874372779736091,0.0766993666435168,1.2041800563032137,-1.27781144828099,-11.07267221479512,-0.5184877185101736,-0.1119810752995345,0.0720974046449058,1.202646068970343,-1.2826642983851642,-11.081499542760595,0.0,-290.52,-91.46,0.0,-45.73,0.1199041196120104,0.0,0.0,0.0,0.0,31,36,36,35,37,-19,-100,-25,-7,-18,12.9,12.8,12.9,12.8,12.8,-999,-999,-999,0.0,0.0,0.0
6.329867362976074,-0.5138857565115625,-0.0874372779736091,0.0766993666435168,1.202646068970343,-1.27781144828099,-11.07267221479512,-0.5169537311773033,-0.1119810752995345,0.0720974046449058,1.202646068970343,-1.2841982857180343,-11.084257180785213,-13.45,-285.14,-88.77,-8.07,-48.42,0.1199041196120104,0.0,0.0,0.0,0.0,32,36,36,35,37,-19,-94,-25,-7,-18,12.9,12.9,12.9,12.8,12.8,-999,-999,-999,0.0,0.0,0.0
6.346918106079102,-0.5154197438444329,-0.0874372779736091,0.0766993666435168,1.202646068970343,-1.27781144828099,-11.07267221479512,-0.5169537311773033,-0.1119810752995345,0.0720974046449058,1.2041800563032137,-1.2826642983851642,-11.081499542760595,-8.07,-290.52,-86.08,-16.14,-88.77,0.0719424717672062,0.0,0.0,0.0,0.0,32,36,36,35,36,-7,-94,-25,-7,-25,12.9,12.9,12.9,12.8,12.8,-999,-999,-999,0.0,0.0,0.0
6.363836288452148,-0.5154197438444329,-0.0874372779736091,0.0766993666435168,1.2041800563032137,-1.27781144828099,-11.07267221479512,-0.5169537311773033,-0.1119810752995345,0.0720974046449058,1.2041800563032137,-1.2826642983851642,-11.081499542760595,-5.38,-290.52,-69.94,-13.45,-51.11,0.0,0.0,0.0,0.0,0.0,32,36,36,35,36,-7,-100,-25,0,-18,12.9,12.9,12.9,12.8,12.8,-999,-999,-999,0.0,0.0,0.0
6.3808300495147705,-0.5215556931759142,-0.0874372779736091,0.0766993666435168,1.202646068970343,-1.27781144828099,-11.07267221479512,-0.5184877185101736,-0.1119810752995345,0.0720974046449058,1.2041800563032137,-1.2826642983851642,-11.081499542760595,40.35,-250.17,-86.08,-13.45,-45.73,-0.023980823922402,0.0,0.0,0.0,0.0,32,36,36,35,36,80,-94,-25,-7,-18,12.9,12.9,12.9,12.8,12.8,-999,-999,-999,0.0,0.0,0.0
6.397819757461548,-0.5215556931759142,-0.0889712653064794,0.0766993666435168,1.202646068970343,-1.27781144828099,-11.07267221479512,-0.5184877185101736,-0.1119810752995345,0.0720974046449058,1.2041800563032137,-1.2841982857180343,-11.084257180785213,0.0,-290.52,-75.32,-5.38,-48.42,-0.0719424717672062,0.0,0.0,0.0,0.0,32,36,36,35,36,12,-100,-19,0,-18,12.9,12.9,12.9,12.8,12.8,-999,-999,-999,0.0,0.0,0.0
6.416868209838867,-0.5215556931759142,-0.0889712653064794,0.0766993666435168,1.2041800563032137,-1.27781144828099,-11.07267221479512,-0.5184877185101736,-0.1119810752995345,0.0736313919777761,1.202646068970343,-1.2841982857180343,-11.084257180785213,16.14,-287.83,-88.77,-10.76,-88.77,-0.0719424717672062,0.0,0.0,0.0,0.0,32,36,37,35,36,12,-100,-25,0,-25,12.9,12.9,12.9,12.8,12.7,-999,-999,-999,0.0,0.0,0.0
6.433798551559448,-0.5215556931759142,-0.0889712653064794,0.0766993666435168,1.202646068970343,-1.27781144828099,-11.07267221479512,-0.5169537311773033,-0.1119810752995345,0.0736313919777761,1.2041800563032137,-1.2826642983851642,-11.081499542760595,16.14,-285.14,-21.52,-16.14,-78.01,-0.0719424717672062,0.0,0.0,0.0,0.0,31,36,37,35,36,12,-94,-19,-7,-25,12.9,12.9,12.9,12.8,12.8,-999,-999,-999,0.0,0.0,0.0
6.450833797454834,-0.5200217058430439,-0.0874372779736091,0.0782333539763871,1.202646068970343,-1.2793454356138605,-11.075479537091322,-0.5184877185101736,-0.1119810752995345,0.0751653793106464,1.202646068970343,-1.2841982857180343,-11.084257180785213,56.49,-287.83,-48.42,-10.76,-51.11,-0.023980823922402,0.0,0.0,0.0,0.0,31,36,37,35,36,12,-100,-13,0,-18,13.0,12.9,12.9,12.8,12.8,-999,-999,-999,0.0,0.0,0.0
6.467818975448608,-0.5169537311773033,-0.0889712653064794,0.0782333539763871,1.202646068970343,-1.27781144828099,-11.07267221479512,-0.5184877185101736,-0.1119810752995345,0.0751653793106464,1.202646068970343,-1.2841982857180343,-11.084257180785213,-43.04,-277.07,-99.53,-10.76,-80.7,0.0,0.0,0.0,0.0,0.0,31,36,37,35,36,-76,-100,-19,-7,-25,12.9,13.0,12.9,12.8,12.8,-999,-999,-999,0.0,0.0,0.0
6.484910011291504,-0.5138857565115625,-0.0889712653064794,0.0797673413092574,1.202646068970343,-1.27781144828099,-11.07267221479512,-0.5184877185101736,-0.1119810752995345,0.0782333539763871,1.202646068970343,-1.2826642983851642,-11.081499542760595,-37.66,-285.14,-53.8,-5.38,-51.11,0.0719424717672062,0.0,0.023980823922402,0.0,0.0,31,36,37,35,37,-25,-100,-19,0,-18,12.8,12.9,12.9,12.8,12.8,-999,-999,-999,0.0,0.0,0.0
6.501841068267822,-0.5138857565115625,-0.0874372779736091,0.0813013286421278,1.202646068970343,-1.27781144828099,-11.07267221479512,-0.5184877185101736,-0.1119810752995345,0.0782333539763871,1.2041800563032137,-1.2826642983851642,-11.081499542760595,0.0,-285.14,-43.04,-13.45,-48.42,0.0959232956896083,0.0,0.023980823922402,0.0,0.0,31,36,36,35,36,-19,-100,-13,-13,-18,12.9,12.5,12.9,12.8,12.8,-999,-999,-999,0.0,0.0,0.0
6.518851041793823,-0.5154197438444329,-0.0874372779736091,0.0828353159749981,1.202646068970343,-1.27781144828099,-11.07267221479512,-0.5200217058430439,-0.1119810752995345,0.0797673413092574,1.2041800563032137,-1.2841982857180343,-11.084257180785213,13.45,-287.83,-69.94,-10.76,-48.42,0.0959232956896083,0.0,0.0479616478448041,0.0,0.0,31,36,36,35,36,-13,-100,-19,0,-18,12.9,12.9,12.9,12.8,12.8,-999,-999,-999,0.0,0.0,0.0
6.535841703414917,-0.5154197438444329,-0.0874372779736091,0.0828353159749981,1.202646068970343,-1.27781144828099,-11.07267221479512,-0.5200217058430439,-0.1104470879666641,0.0782333539763871,1.202646068970343,-1.2826642983851642,-11.081499542760595,10.76,-293.21,-45.73,-10.76,-86.08,0.0479616478448041,0.0,0.0479616478448041,0.0,0.0,31,36,36,35,36,-13,-100,-13,-7,-25,12.9,12.9,12.9,12.8,12.8,-999,-999,-999,0.0,0.0,0.0
6.552841424942017,-0.5184877185101736,-0.0874372779736091,0.0843693033078684,1.2041800563032137,-1.27781144828099,-11.07267221479512,-0.5200217058430439,-0.1104470879666641,0.0797673413092574,1.202646068970343,-1.2826642983851642,-11.081499542760595,16.14,-250.17,-61.87,-21.52,-51.11,0.0,0.0,0.0719424717672062,0.0,0.0,32,36,36,35,36,0,-88,-25,-7,-18,12.8,13.0,12.9,12.8,12.8,-999,-999,-999,0.0,0.0,0.0
6.569916248321533,-0.5215556931759142,-0.0889712653064794,0.0843693033078684,1.2041800563032137,-1.27781144828099,-11.07267221479512,-0.5200217058430439,-0.1104470879666641,0.0797673413092574,1.202646068970343,-1.2826642983851642,-11.081499542760595,0.0,-271.69,-37.66,-16.14,-48.42,-0.0479616478448041,0.0,0.0479616478448041,0.0,0.0,32,36,36,35,36,12,-94,-19,-7,-18,12.9,13.0,12.9,12.7,12.8,-999,-999,-999,0.0,0.0,0.0
6.586870670318604,-0.5230896805087846,-0.0889712653064794,0.0843693033078684,1.202646068970343,-1.27781144828099,-11.07267221479512,-0.5215556931759142,-0.1089131006337938,0.0797673413092574,1.2041800563032137,-1.2795963237194234,-11.0759371864329,0.0,-274.38,-61.87,-16.14,-43.04,-0.0959232956896083,0.0,0.023980823922402,0.0,0.0,31,36,37,35,36,18,-94,-25,-7,-12,12.9,12.9,12.4,12.8,12.7,-999,-999,-999,0.0,0.0,0.0
6.603935956954956,-0.5230896805087846,-0.0889712653064794,0.0843693033078684,1.202646068970343,-1.27781144828099,-11.07267221479512,-0.5200217058430439,-0.1089131006337938,0.0797673413092574,1.202646068970343,-1.276528349053683,-11.070311951299736,-2.69,-231.34,-37.66,-8.07,-10.76,-0.0959232956896083,0.0,0.0,0.0,0.0,31,36,37,36,36,6,-82,-19,0,-6,12.9,12.9,12.8,12.8,12.8,-999,-999,-999,0.0,0.0,0.0
6.620864391326904,-0.5230896805087846,-0.0874372779736091,0.0843693033078684,1.202646068970343,-1.2762774609481196,-11.069849154337357,-0.5215556931759142,-0.1089131006337938,0.0797673413092574,1.2041800563032137,-1.271926387055072,-11.061755921806423,24.21,-239.41,-26.9,-16.14,-43.04,-0.0959232956896083,0.0,0.0,0.0,0.0,31,36,37,35,36,12,-82,-19,-7,0,12.9,12.9,12.9,12.8,12.8,-999,-999,-999,0.0,0.0,0.0
6.637853622436523,-0.5215556931759142,-0.0889712653064794,0.0843693033078684,1.2041800563032137,-1.2747434736152492,-11.067010339736138,-0.5200217058430439,-0.1089131006337938,0.0797673413092574,1.2041800563032137,-1.267324425056461,-11.053057692084957,0.0,-252.86,-29.59,-5.38,-56.49,-0.023980823922402,0.0,0.0,0.0,0.0,31,36,37,35,36,0,-88,-19,0,13,12.9,13.0,12.9,12.8,12.8,-999,-999,-999,0.0,0.0,0.0
6.655814409255981,-0.5184877185101736,-0.0889712653064794,0.0843693033078684,1.2041800563032137,-1.2716754989495085,-11.061285383725718,-0.5200217058430439,-0.1089131006337938,0.0797673413092574,1.2041800563032137,-1.2611884757249796,-11.041238084867746,0.0,-250.17,-29.59,-10.76,-43.04,0.0,0.0,0.0,0.0,0.023980823922402,31,36,37,35,36,-7,-82,-19,0,19,12.9,13.0,12.9,12.9,12.8,-999,-999,-999,0.0,0.0,0.0
6.672879934310913,-0.5169537311773033,-0.0874372779736091,0.0843693033078684,1.202646068970343,-1.2686075242837678,-11.055497217107288,-0.5200217058430439,-0.1089131006337938,0.0797673413092574,1.202646068970343,-1.2550525263934982,-11.029163817278594,-32.28,-244.79,-37.66,-13.45,-29.59,0.0479616478448041,0.0,0.0,0.0,0.0719424717672062,31,36,37,35,36,-7,-88,-19,0,32,12.9,13.0,12.9,12.9,12.8,-999,-999,-999,0.0,0.0,0.0
6.68996000289917,-0.5154197438444329,-0.0874372779736091,0.0843693033078684,1.202646068970343,-1.2655395496180273,-11.049645708779876,-0.5184877185101736,-0.1089131006337938,0.0797673413092574,1.202646068970343,-1.2473825897291464,-11.013711197267622,37.66,-258.24,-32.28,-16.14,-2.69,0.0719424717672062,0.0,0.0,0.0,0.1199041196120104,31,36,37,35,36,-13,-88,-19,-7,44,12.9,13.0,12.9,12.9,12.8,-999,-999,-999,0.0,0.0,0.0
6.706871271133423,-0.5154197438444329,-0.0889712653064794,0.0859032906407388,1.202646068970343,-1.259403600286546,-11.037752135353466,-0.5200217058430439,-0.1089131006337938,0.0797673413092574,1.202646068970343,-1.2412466403976652,-11.001059907042965,13.45,-252.86,-48.42,-13.45,-5.38,0.0959232956896083,0.0,0.0,0.0,0.1678657674568146,31,36,37,36,36,-13,-88,-19,-7,50,12.9,12.9,12.9,12.8,12.8,-999,-999,-999,0.0,0.0,0.0
6.7238380908966064,-0.5169537311773033,-0.0874372779736091,0.0843693033078684,1.2041800563032137,-1.2548016382879348,-11.028664686908328,-0.5184877185101736,-0.1089131006337938,0.0797673413092574,1.2041800563032137,-1.2320427164004433,-10.981598289368698,0.0,-244.79,-51.11,-16.14,0.0,0.0719424717672062,0.0,0.0,0.0,0.2158274153016187,31,36,37,36,36,-7,-82,-19,-7,57,13.0,12.9,12.9,12.8,12.8,-999,-999,-999,0.0,0.0,0.0
6.740889072418213,-0.5169537311773033,-0.0889712653064794,0.0859032906407388,1.2041800563032137,-1.2486656889564536,-11.016324183629088,-0.5184877185101736,-0.1089131006337938,0.0797673413092574,1.202646068970343,-1.2243727797360917,-10.964933451362802,0.0,-250.17,-56.49,-13.45,0.0,0.023980823922402,0.0,0.0,0.0,0.2398082392240208,32,36,36,36,36,-7,-88,-19,-7,63,13.0,12.9,12.9,12.8,12.8,-999,-999,-999,0.0,0.0,0.0
6.7578184604644775,-0.5184877185101736,-0.0874372779736091,0.0843693033078684,1.202646068970343,-1.2425297396249722,-11.00372676172172,-0.5169537311773033,-0.1089131006337938,0.0797673413092574,1.202646068970343,-1.2151688557388691,-10.944395924286535,-2.69,-252.86,-48.42,-18.83,2.69,0.0,0.0,0.0,0.0,0.287769887068825,32,37,36,35,36,0,-88,-25,-7,75,13.0,13.0,12.9,12.8,12.8,-999,-999,-999,0.0,0.0,0.0
6.7747979164123535,-0.5215556931759142,-0.0889712653064794,0.0843693033078684,1.202646068970343,-1.237927777626361,-10.994109406240234,-0.5169537311773033,-0.1089131006337938,0.0797673413092574,1.202646068970343,-1.2151688557388691,-10.944395924286535,2.69,-247.48,-56.49,-16.14,21.52,-0.0479616478448041,0.0,0.0,0.0,0.3117507109912271,32,37,36,35,36,18,-82,-25,-7,82,12.9,13.0,12.9,12.7,12.8,-999,-999,-999,0.0,0.0,0.0
6.791795015335083,-0.5215556931759142,-0.0889712653064794,0.0859032906407388,1.2041800563032137,-1.2333258156277502,-10.984346401483435,-0.5169537311773033,-0.1089131006337938,0.0797673413092574,1.202646068970343,-1.2044309444087773,-10.919686002909236,0.0,-250.17,-48.42,-16.14,18.83,-0.0479616478448041,0.0,0.0,0.0,0.287769887068825,32,37,36,35,36,18,-88,-19,-7,100,12.9,13.0,12.9,12.8,12.8,-999,-999,-999,0.0,0.0,0.0
6.808918237686157,-0.5215556931759142,-0.0874372779736091,0.0843693033078684,1.202646068970343,-1.2225879042976575,-10.960996831430547,-0.5169537311773033,-0.1089131006337938,0.0797673413092574,1.202646068970343,-1.1844891090814629,-10.871632052720976,0.0,-242.1,-32.28,-16.14,8.07,-0.0479616478448041,0.0,0.0,0.0,0.3117507109912271,31,36,36,35,36,18,-82,-19,-7,107,12.9,12.9,12.9,12.8,12.8,-999,-999,-999,0.0,0.0,0.0
6.825894832611084,-0.5200217058430439,-0.0874372779736091,0.0859032906407388,1.202646068970343,-1.2118499929675657,-10.936845068616478,-0.5138857565115625,-0.1104470879666641,0.0797673413092574,1.2011120816374732,-1.1737511977513704,-10.844578353940724,10.76,-244.79,-53.8,-16.14,8.07,-0.0479616478448041,0.0,0.0,0.0,0.3597123588360313,31,36,36,35,36,12,-88,-25,-13,107,12.9,12.9,12.9,12.8,12.7,-999,-999,-999,0.0,0.0,0.0
6.842826843261719,-0.5184877185101736,-0.0874372779736091,0.0859032906407388,1.202646068970343,-1.202646068970343,-10.915499996598188,-0.5169537311773033,-0.1104470879666641,0.0797673413092574,1.2011120816374732,-1.1614792990884075,-10.812637488065006,2.69,-271.69,-43.04,-16.14,2.69,0.0,0.0,0.0,0.0,0.4076740066808355,31,37,36,35,36,18,-94,-19,-13,107,13.0,12.9,12.8,12.8,12.7,-999,-999,-999,0.0,0.0,0.0
6.859774351119995,-0.5169537311773033,-0.0889712653064794,0.0859032906407388,1.202646068970343,-1.1934421449731214,-10.893556272887132,-0.5169537311773033,-0.1104470879666641,0.0797673413092574,1.2011120816374732,-1.1614792990884075,-10.812637488065006,-37.66,-269.0,-72.63,-16.14,0.0,0.023980823922402,0.0,0.0,0.0,0.5035973023704439,31,37,36,35,36,0,-88,-25,-7,113,13.0,12.9,12.9,12.8,12.7,-999,-999,-999,0.0,0.0,0.0
6.876813411712647,-0.5138857565115625,-0.0874372779736091,0.0859032906407388,1.202646068970343,-1.1811702463101588,-10.863358974800178,-0.5138857565115625,-0.1089131006337938,0.0782333539763871,1.2011120816374732,-1.149207400425445,-10.77959498201836,0.0,-244.79,-88.77,-13.45,8.07,0.0719424717672062,0.0,0.0,0.0,0.551558950215248,32,37,36,35,36,-7,-88,-25,-7,119,12.9,13.0,12.9,12.8,12.7,-999,-999,-999,0.0,0.0,0.0
6.893787860870361,-0.5108177818458219,-0.0874372779736091,0.0859032906407388,1.202646068970343,-1.1704323349800665,-10.836048146744275,-0.5138857565115625,-0.1104470879666641,0.0797673413092574,1.1995780943046028,-1.1369355017624825,-10.745438833075205,-43.04,-266.31,-80.7,-5.38,8.07,0.0959232956896083,0.0,0.0,0.0,0.5755397741376501,32,37,36,35,36,-76,-94,-25,-13,119,12.8,12.8,12.9,12.8,12.7,-999,-999,-999,0.0,0.0,0.0
6.910765647888184,-0.5108177818458219,-0.0874372779736091,0.0859032906407388,1.202646068970343,-1.1581604363171036,-10.803810509993529,-0.5123517691786922,-0.1089131006337938,0.0797673413092574,1.1995780943046028,-1.1246636030995196,-10.710156633969012,10.76,-239.41,-86.08,0.0,0.0,0.1199041196120104,0.0,0.0,0.0,0.5995205980600522,32,37,36,35,36,-7,-88,-25,-13,125,12.9,12.9,12.9,12.8,12.7,-999,-999,-999,0.0,0.0,0.0
6.927846670150757,-0.5108177818458219,-0.0889712653064794,0.0859032906407388,1.2011120816374732,-1.1474225249870114,-10.774696668506865,-0.5123517691786922,-0.1089131006337938,0.0797673413092574,1.1980441069717325,-1.098585818440724,-10.631384085753266,-8.07,-258.24,-86.08,-5.38,8.07,0.0959232956896083,0.0,0.0,0.0,0.6235014219824543,32,37,36,35,36,-7,-88,-25,-13,119,12.9,12.9,12.9,12.8,12.7,-999,-999,-999,0.0,0.0,0.0
6.94481372833252,-0.5108177818458219,-0.0874372779736091,0.0843693033078684,1.2011120816374732,-1.1351506263240487,-10.740377522889782,-0.5123517691786922,-0.1089131006337938,0.0797673413092574,1.1980441069717325,-1.098585818440724,-10.631384085753266,-8.07,-244.79,-75.32,0.0,2.69,0.0719424717672062,0.0,0.0,0.0,0.6474822459048564,32,37,36,35,36,-7,-82,-25,-13,119,12.9,12.9,12.8,12.8,12.7,-999,-999,-999,0.0,0.0,0.0
6.9618446826934814,-0.5108177818458219,-0.0874372779736091,0.0859032906407388,1.2011120816374732,-1.122878727661086,-10.704930488632527,-0.5123517691786922,-0.1089131006337938,0.0797673413092574,1.1980441069717325,-1.0832459451120204,-10.58259303697497,0.0,-250.17,-59.18,0.0,0.0,0.023980823922402,0.0,0.0,0.0,0.6714630698272585,32,37,36,35,36,-7,-88,-25,-13,125,12.9,12.9,12.8,12.8,12.7,-999,-999,-999,0.0,0.0,0.0
6.978884220123291,-0.5138857565115625,-0.0874372779736091,0.0859032906407388,1.2011120816374732,-1.1090728416652529,-10.66368834870219,-0.5123517691786922,-0.1089131006337938,0.0797673413092574,1.1980441069717325,-1.054100185787484,-10.48476443663941,-2.69,-250.17,-61.87,-5.38,18.83,0.0,0.0,0.0,0.0,0.6714630698272585,32,37,36,35,36,6,-88,-25,-13,138,12.9,12.8,12.8,12.8,12.7,-999,-999,-999,0.0,0.0,0.0
6.9967663288116455,-0.5154197438444329,-0.0874372779736091,0.0859032906407388,1.2011120816374732,-1.0968009430022905,-10.625801288351822,-0.5123517691786922,-0.1089131006337938,0.0797673413092574,1.1980441069717325,-1.054100185787484,-10.48476443663941,0.0,-250.17,-53.8,-8.07,0.0,-0.023980823922402,0.0,0.0,0.0,0.6954438937496605,31,37,37,35,36,12,-82,-19,-13,138,12.9,12.8,12.8,12.8,12.6,-999,-999,-999,0.0,0.0,0.0
7.013811111450195,-0.5154197438444329,-0.0874372779736091,0.0859032906407388,1.1995780943046028,-1.081461069673587,-10.576796206630052,-0.5123517691786922,-0.1089131006337938,0.0797673413092574,1.1980441069717325,-1.038760312458781,-10.430523021288572,-5.38,-242.1,-56.49,-16.14,0.0,-0.0479616478448041,0.0,0.0,0.0,0.7194247176720626,32,36,37,35,36,12,-82,-25,-7,132,12.9,13.0,12.8,12.8,12.7,-999,-999,-999,0.0,0.0,0.0
7.030807971954346,-0.5154197438444329,-0.0889712653064794,0.0859032906407388,1.1995780943046028,-1.067655183677754,-10.531106286332744,-0.5123517691786922,-0.1089131006337938,0.0797673413092574,1.1980441069717325,-1.0080805658013745,-10.31619445610894,0.0,-258.24,-59.18,-16.14,0.0,-0.0479616478448041,0.0,0.0,0.0,0.7434055415944647,32,36,37,35,36,12,-88,-25,-7,138,12.8,12.9,12.9,12.8,12.7,-999,-999,-999,0.0,0.0,0.0
7.047813653945923,-0.5154197438444329,-0.0889712653064794,0.0859032906407388,1.2011120816374732,-1.0523153103490506,-10.47855178972875,-0.5123517691786922,-0.1089131006337938,0.0797673413092574,1.1980441069717325,-1.0080805658013745,-10.31619445610894,0.0,-247.48,-88.77,-16.14,5.38,-0.023980823922402,0.0,0.0,0.0,0.7673863655168668,32,36,37,35,36,12,-88,-25,-7,150,12.9,12.9,12.8,12.8,12.7,-999,-999,-999,0.0,0.0,0.0
7.064887523651123,-0.5138857565115625,-0.0889712653064794,0.0859032906407388,1.1995780943046028,-1.0385094243532176,-10.429619864783335,-0.5123517691786922,-0.1089131006337938,0.0797673413092574,1.1980441069717325,-0.9758668318110972,-10.187522361270268,-5.38,-250.17,-56.49,-18.83,16.14,0.0,0.0,0.0,0.0,0.7913671894392689,32,36,37,35,36,6,-88,-19,-7,163,12.9,12.9,12.9,12.8,12.7,-999,-999,-999,0.0,0.0,0.0
7.081883192062378,-0.5138857565115625,-0.0889712653064794,0.0859032906407388,1.1995780943046028,-1.023169551024514,-10.373408498797664,-0.5123517691786922,-0.1089131006337938,0.0797673413092574,1.1980441069717325,-0.9605269584823936,-10.123053590643023,-5.38,-255.55,-88.77,-16.14,0.0,0.0,0.0,0.0,0.0,0.815348013361671,32,36,37,35,36,6,-88,-25,-7,157,12.9,12.8,12.9,12.8,12.7,-999,-999,-999,0.0,0.0,0.0
7.098853826522827,-0.5123517691786922,-0.0874372779736091,0.0859032906407388,1.1995780943046028,-1.0078296776958109,-10.315226856438514,-0.5123517691786922,-0.1089131006337938,0.0797673413092574,1.1980441069717325,-0.94365309782082,-10.049698086004186,0.0,-247.48,-86.08,-16.14,-2.69,0.023980823922402,0.0,0.0,0.0,0.815348013361671,32,36,37,35,36,0,-82,-25,-7,150,12.8,12.9,12.8,12.8,12.7,-999,-999,-999,0.0,0.0,0.0
7.1158766746521,-0.5108177818458219,-0.0874372779736091,0.0859032906407388,1.1995780943046028,-0.9909558170342372,-10.248912151910794,-0.5108177818458219,-0.1089131006337938,0.0813013286421278,1.1980441069717325,-0.9283132244921166,-9.980752710631299,0.0,-247.48,-61.87,-16.14,5.38,0.0479616478448041,0.0,0.0,0.0,0.8633096612064751,32,36,37,35,36,-7,-88,-25,-7,157,12.9,12.9,12.8,13.0,12.7,-999,-999,-999,0.0,0.0,0.0
7.132894992828369,-0.5108177818458219,-0.0889712653064794,0.0859032906407388,1.1995780943046028,-0.977149931038404,-10.192820298905223,-0.5123517691786922,-0.1089131006337938,0.0797673413092574,1.1980441069717325,-0.9114393638305428,-9.90238098441014,0.0,-244.79,-69.94,-18.83,10.76,0.0479616478448041,0.0,0.0,0.0,0.8633096612064751,32,36,37,35,36,0,-82,-25,-13,163,12.9,12.9,12.7,12.8,12.7,-999,-999,-999,0.0,0.0,0.0
7.149857521057129,-0.5108177818458219,-0.0889712653064794,0.0859032906407388,1.1995780943046028,-0.9602760703768304,-10.121981738199446,-0.5108177818458219,-0.1089131006337938,0.0797673413092574,1.1980441069717325,-0.8945655031689692,-9.821305699693609,0.0,-247.48,-72.63,-16.14,0.0,0.0479616478448041,0.0,0.0,0.0,0.8633096612064751,32,36,37,35,37,-7,-82,-25,-7,163,12.9,12.9,12.9,12.8,12.7,-999,-999,-999,0.0,0.0,0.0
7.166782140731812,-0.5108177818458219,-0.0874372779736091,0.0859032906407388,1.1995780943046028,-0.9434022097152568,-10.048587880181902,-0.5108177818458219,-0.1089131006337938,0.0797673413092574,1.1980441069717325,-0.8945655031689692,-9.821305699693609,0.0,-250.17,-83.39,-16.14,0.0,0.023980823922402,0.0,0.0,0.0,0.8872904851288772,32,36,37,35,37,0,-82,-25,-7,169,12.9,12.7,12.8,12.8,12.7,-999,-999,-999,0.0,0.0,0.0
7.183907747268677,-0.5108177818458219,-0.0874372779736091,0.0843693033078684,1.1995780943046028,-0.9280623363865532,-9.979606987194837,-0.5108177818458219,-0.1089131006337938,0.0797673413092574,1.1980441069717325,-0.8577498071800812,-9.634764675854049,-2.69,-242.1,-29.59,-16.14,0.0,0.0,0.0,0.0,0.0,0.9112713090512792,32,36,37,35,37,0,-88,-19,-7,169,12.8,12.9,12.8,12.7,12.7,-999,-999,-999,0.0,0.0,0.0
7.200794696807861,-0.5108177818458219,-0.0889712653064794,0.0859032906407388,1.1995780943046028,-0.9111884757249796,-9.901195453523147,-0.5108177818458219,-0.1089131006337938,0.0813013286421278,1.1980441069717325,-0.8408759465185075,-9.544717881210733,-2.69,-244.79,-67.25,-16.14,0.0,0.0,0.0,0.0,0.0,0.9352521329736814,32,36,37,35,37,0,-88,-25,-7,169,12.9,12.9,12.9,12.8,12.7,-999,-999,-999,0.0,0.0,0.0
7.218577861785889,-0.5108177818458219,-0.0874372779736091,0.0859032906407388,1.1995780943046028,-0.8943146150634059,-9.820079565013598,-0.5092837945129516,-0.1089131006337938,0.0797673413092574,1.1980441069717325,-0.8240020858569338,-9.45172969051975,-2.69,-247.48,-83.39,-13.45,2.69,0.0,0.0,0.0,0.0,0.9352521329736814,32,36,37,35,37,0,-88,-25,-7,175,12.9,12.8,12.9,12.8,12.7,-999,-999,-999,0.0,0.0,0.0
7.235812187194824,-0.5108177818458219,-0.0874372779736091,0.0859032906407388,1.1995780943046028,-0.8774407544018322,-9.736204950196637,-0.5092837945129516,-0.1073791133009235,0.0813013286421278,1.1980441069717325,-0.8055942378624898,-9.34686173542398,-2.69,-242.1,-48.42,-16.14,0.0,0.0,0.0,0.0,0.0,0.9592329568960836,32,36,37,35,36,6,-82,-19,-7,169,12.9,12.9,12.9,12.8,12.7,-999,-999,-999,0.0,0.0,0.0
7.252833843231201,-0.5108177818458219,-0.0889712653064794,0.0859032906407388,1.1995780943046028,-0.8605668937402585,-9.649515641471757,-0.5092837945129516,-0.1089131006337938,0.0797673413092574,1.1980441069717325,-0.7856524025351754,-9.229128497222042,-2.69,-215.2,-78.01,-16.14,0.0,0.0,0.0,0.0,0.0,0.9592329568960836,32,36,37,35,36,6,-82,-25,-7,169,12.9,12.9,12.8,12.8,12.7,-999,-999,-999,0.0,0.0,0.0
7.269821882247925,-0.5108177818458219,-0.0874372779736091,0.0859032906407388,1.1995780943046028,-0.8421590457458145,-9.551667668709896,-0.5092837945129516,-0.1073791133009235,0.0813013286421278,1.1980441069717325,-0.7672445545407314,-9.116553529515915,-2.69,-247.48,-83.39,-16.14,0.0,0.0,0.0,0.0,0.0,0.9592329568960836,32,36,37,35,36,6,-88,-25,-7,169,12.9,12.9,12.8,12.8,12.7,-999,-999,-999,0.0,0.0,0.0
7.286792278289795,-0.5108177818458219,-0.0889712653064794,0.0859032906407388,1.1995780943046028,-0.8237511977513704,-9.450324601540476,-0.5092837945129516,-0.1073791133009235,0.0813013286421278,1.1980441069717325,-0.7672445545407314,-9.116553529515915,-2.69,-215.2,-75.32,-16.14,2.69,0.0,0.0,0.0,0.0,0.9592329568960836,32,37,36,35,36,6,-82,-25,-7,169,12.9,12.8,12.8,12.8,12.7,-999,-999,-999,0.0,0.0,0.0
7.30465841293335,-0.5108177818458219,-0.0874372779736091,0.0859032906407388,1.1995780943046028,-0.8068773370897967,-9.35428897263952,-0.5092837945129516,-0.1073791133009235,0.0797673413092574,1.1980441069717325,-0.7319628458847136,-8.890004712621487,-2.69,-225.96,-80.7,-13.45,2.69,0.0,0.0,0.0,0.0,0.9832137808184856,32,37,36,35,36,6,-82,-25,-7,169,12.9,12.9,12.8,12.8,12.7,-999,-999,-999,0.0,0.0,0.0
7.321848392486572,-0.5108177818458219,-0.0874372779736091,0.0859032906407388,1.1995780943046028,-0.790003476428223,-9.255187615812083,-0.5092837945129516,-0.1073791133009235,0.0797673413092574,1.1980441069717325,-0.7319628458847136,-8.890004712621487,-2.69,-220.58,-37.66,-16.14,5.38,0.0,0.0,0.0,0.0,0.9832137808184856,32,37,36,35,36,6,-75,-19,-13,169,12.9,12.9,12.8,12.8,12.6,-999,-999,-999,0.0,0.0,0.0
7.338838338851929,-0.5108177818458219,-0.0874372779736091,0.0843693033078684,1.1995780943046028,-0.7731296157666494,-9.152956561463018,-0.5092837945129516,-0.1073791133009235,0.0797673413092574,1.1980441069717325,-0.6920791752300849,-8.616179366325413,-2.69,-244.79,-67.25,-18.83,2.69,0.0,0.0,0.0,0.0,0.9832137808184856,32,37,36,35,36,6,-82,-25,-7,175,12.9,12.9,12.9,12.8,12.7,-999,-999,-999,0.0,0.0,0.0
7.35588812828064,-0.5108177818458219,-0.0874372779736091,0.0859032906407388,1.1995780943046028,-0.7562557551050757,-9.04753038888797,-0.5077498071800812,-0.1089131006337938,0.0797673413092574,1.1980441069717325,-0.6721373399027706,-8.471934581790393,-2.69,-199.06,-78.01,-16.14,0.0,0.0,0.0,0.0,0.0,0.9832137808184856,32,37,36,35,35,6,-75,-25,-13,169,12.9,12.9,12.9,12.8,12.7,-999,-999,-999,0.0,0.0,0.0
7.372807502746582,-0.5108177818458219,-0.0889712653064794,0.0843693033078684,1.1995780943046028,-0.739381894443502,-8.938842272381507,-0.5092837945129516,-0.1073791133009235,0.0797673413092574,1.1980441069717325,-0.6552634792411969,-8.345943741504687,10.76,-247.48,-61.87,-16.14,0.0,0.0,0.0,0.0,0.0,0.9832137808184856,32,37,36,35,36,12,-88,-25,-13,175,12.9,12.9,12.9,12.8,12.7,-999,-999,-999,0.0,0.0,0.0
7.38981294631958,-0.5108177818458219,-0.0889712653064794,0.0843693033078684,1.1995780943046028,-0.7225080337819283,-8.826824035202149,-0.5092837945129516,-0.1073791133009235,0.0813013286421278,1.1980441069717325,-0.6353216439138825,-8.192285332573064,-16.14,-217.89,-51.11,-16.14,0.0,0.0,0.0,0.0,0.0,0.9832137808184856,32,37,36,35,36,6,-82,-19,-7,175,12.9,12.9,12.9,12.8,12.7,-999,-999,-999,0.0,0.0,0.0
7.406758069992065,-0.5108177818458219,-0.0874372779736091,0.0859032906407388,1.1995780943046028,-0.7041001857874842,-8.700742674475668,-0.5077498071800812,-0.1073791133009235,0.0813013286421278,1.1980441069717325,-0.615379808586568,-8.03335309288107,-5.38,-228.65,-75.32,-16.14,0.0,0.0,0.0,0.0,0.0,0.9832137808184856,32,37,36,34,36,6,-82,-25,-7,175,12.9,12.8,12.9,12.8,12.7,-999,-999,-999,0.0,0.0,0.0
7.423816442489624,-0.5108177818458219,-0.0874372779736091,0.0859032906407388,1.1995780943046028,-0.6872263251259105,-8.581535559052421,-0.5077498071800812,-0.1073791133009235,0.0813013286421278,1.1980441069717325,-0.5969719605921241,-7.881857760698842,18.83,-223.27,-61.87,-16.14,0.0,0.0,0.0,0.0,0.0,0.9832137808184856,32,36,36,35,36,12,-82,-25,-7,175,12.9,12.9,12.8,12.7,12.7,-999,-999,-999,0.0,0.0,0.0
7.440887689590454,-0.5108177818458219,-0.0889712653064794,0.0859032906407388,1.1995780943046028,-0.6688184771314665,-8.447441677401207,-0.5092837945129516,-0.1073791133009235,0.0813013286421278,1.1980441069717325,-0.5754961379319394,-7.699167746330044,-2.69,-234.03,-69.94,-16.14,0.0,0.0,0.0,0.0,0.0,0.9832137808184856,32,37,36,35,36,12,-82,-19,-7,163,12.9,12.9,12.8,12.7,12.7,-999,-999,-999,0.0,0.0,0.0
7.458780527114868,-0.5108177818458219,-0.0874372779736091,0.0859032906407388,1.1995780943046028,-0.6519446164698928,-8.320731383146363,-0.5077498071800812,-0.1073791133009235,0.0813013286421278,1.1980441069717325,-0.5570882899374954,-7.537366692785609,-16.14,-225.96,-67.25,-16.14,0.0,0.0,0.0,0.0,0.0,0.9832137808184856,32,37,36,35,36,6,-75,-25,-7,163,12.9,12.9,12.8,12.8,12.7,-999,-999,-999,0.0,0.0,0.0
7.475807666778564,-0.5108177818458219,-0.0874372779736091,0.0859032906407388,1.1995780943046028,-0.6335367684754488,-8.178276975875148,-0.5077498071800812,-0.1073791133009235,0.0797673413092574,1.1980441069717325,-0.537146454610181,-7.356533966471891,16.14,-225.96,-80.7,-16.14,0.0,0.0,0.0,0.0,0.0,0.9832137808184856,32,37,36,35,36,12,-75,-25,-7,169,12.9,12.9,12.8,12.7,12.7,-999,-999,-999,0.0,0.0,0.0
7.492798328399658,-0.5108177818458219,-0.0874372779736091,0.0859032906407388,1.2011120816374732,-0.6181968951467454,-8.056129233676545,-0.5077498071800812,-0.1073791133009235,0.0797673413092574,1.1980441069717325,-0.5172046192828665,-7.169808055719498,0.0,-220.58,-59.18,-18.83,2.69,0.0,0.0,0.0,0.0,0.9832137808184856,32,37,36,35,36,12,-75,-25,-7,169,12.9,12.8,12.8,12.8,12.7,-999,-999,-999,0.0,0.0,0.0
7.509769678115845,-0.5092837945129516,-0.0889712653064794,0.0843693033078684,1.1995780943046028,-0.6013230344851717,-7.918087165573561,-0.5077498071800812,-0.1073791133009235,0.0813013286421278,1.1980441069717325,-0.4987967712884226,-6.99210642261695,-5.38,-231.34,-67.25,-16.14,2.69,0.0,0.0,0.0,0.0,0.9592329568960836,32,36,36,35,36,6,-82,-25,-7,169,12.9,12.9,12.8,12.8,12.7,-999,-999,-999,0.0,0.0,0.0
7.526808977127075,-0.5092837945129516,-0.0874372779736091,0.0843693033078684,1.1995780943046028,-0.5844491738235981,-7.776116641255031,-0.5062158198472109,-0.1073791133009235,0.0813013286421278,1.196510119638862,-0.4773209486282379,-6.778175576372679,-2.69,-225.96,-75.32,-13.45,2.69,0.0,0.0,0.0,0.0,0.9592329568960836,32,36,36,35,36,6,-75,-25,-7,169,12.9,12.9,12.8,12.8,12.8,-999,-999,-999,0.0,0.0,0.0
7.543783187866211,-0.5092837945129516,-0.0874372779736091,0.0843693033078684,1.1995780943046028,-0.5675753131620244,-7.630141302390451,-0.5062158198472109,-0.1073791133009235,0.0813013286421278,1.196510119638862,-0.4773209486282379,-6.778175576372679,18.83,-228.65,-69.94,-8.07,2.69,0.0,0.0,0.0,0.0,0.9592329568960836,32,36,36,35,36,12,-82,-25,-13,169,12.8,12.9,12.8,12.8,12.7,-999,-999,-999,0.0,0.0,0.0
7.560792446136475,-0.5077498071800812,-0.0889712653064794,0.0859032906407388,1.1995780943046028,-0.5507014525004507,-7.48008458070422,-0.5077498071800812,-0.1073791133009235,0.0813013286421278,1.1980441069717325,-0.4405052526393498,-6.394447368575704,-8.07,-220.58,-80.7,-8.07,0.0,0.023980823922402,0.0,0.0,0.0,0.9592329568960836,32,36,36,35,36,0,-75,-25,-7,169,12.9,12.8,12.8,12.8,12.7,-999,-999,-999,0.0,0.0,0.0
7.577775716781616,-0.5077498071800812,-0.0874372779736091,0.0859032906407388,1.1995780943046028,-0.5322936045060066,-7.311641539348015,-0.5077498071800812,-0.1073791133009235,0.0813013286421278,1.1980441069717325,-0.4405052526393498,-6.394447368575704,-5.38,-225.96,-26.9,-16.14,0.0,0.023980823922402,0.0,0.0,0.0,0.9832137808184856,32,36,37,35,35,0,-82,-19,-7,169,12.9,12.8,12.8,12.8,12.7,-999,-999,-999,0.0,0.0,0.0
7.594821929931641,-0.5077498071800812,-0.0889712653064794,0.0859032906407388,1.1995780943046028,-0.5169537311773033,-7.16742078312543,-0.5062158198472109,-0.1073791133009235,0.0813013286421278,1.196510119638862,-0.405223543983332,-6.005977627151974,-5.38,-220.58,-72.63,-16.14,-2.69,0.023980823922402,0.0,0.0,0.0,0.9832137808184856,32,36,37,35,36,6,-75,-25,-7,175,12.9,12.9,12.8,12.8,12.7,-999,-999,-999,0.0,0.0,0.0
7.61179256439209,-0.5077498071800812,-0.0874372779736091,0.0859032906407388,1.1995780943046028,-0.4985458831828592,-6.989648574139558,-0.5046818325143405,-0.1073791133009235,0.0813013286421278,1.1980441069717325,-0.3883496833217584,-5.812828837186947,-5.38,-223.27,-43.04,-5.38,0.0,0.023980823922402,0.0,0.0,0.0,0.9832137808184856,32,37,37,35,36,6,-75,-19,-13,163,12.9,12.8,12.8,12.7,12.7,-999,-999,-999,0.0,0.0,0.0
7.628818035125732,-0.5077498071800812,-0.0889712653064794,0.0859032906407388,1.1995780943046028,-0.4832060098541558,-6.837515856742794,-0.5046818325143405,-0.1073791133009235,0.0797673413092574,1.1980441069717325,-0.373009809993055,-5.633031547587325,18.83,-217.89,-61.87,-10.76,0.0,0.0,0.0,0.0,0.0,0.9832137808184856,32,37,37,35,36,12,-75,-25,-7,169,12.8,12.8,12.8,12.8,12.7,-999,-999,-999,0.0,0.0,0.0
7.645874738693237,-0.5077498071800812,-0.0874372779736091,0.0859032906407388,1.1995780943046028,-0.4663321491925821,-6.665910044690528,-0.5031478451814702,-0.1073791133009235,0.0813013286421278,1.1980441069717325,-0.3561359493314813,-5.430569113666978,-2.69,-225.96,-29.59,-16.14,2.69,0.0,0.0,0.0,0.0,0.9832137808184856,31,37,37,35,36,12,-75,-19,-7,169,12.9,12.8,12.8,12.8,12.7,-999,-999,-999,0.0,0.0,0.0
7.663765907287598,-0.5062158198472109,-0.0874372779736091,0.0859032906407388,1.1995780943046028,-0.4494582885310084,-6.489770368287502,-0.5016138578485999,-0.1073791133009235,0.0813013286421278,1.1980441069717325,-0.3438640506685186,-5.280208142853782,53.8,-223.27,-78.01,-16.14,2.69,0.0,0.0,0.0,0.0,0.9832137808184856,31,37,37,35,36,80,-75,-25,-7,169,12.9,12.9,12.8,12.8,12.7,-999,-999,-999,0.0,0.0,0.0
7.680799961090088,-0.5046818325143405,-0.0874372779736091,0.0843693033078684,1.1995780943046028,-0.4310504405365644,-6.292362519635033,-0.5016138578485999,-0.1058451259680531,0.0813013286421278,1.1980441069717325,-0.3315921520055559,-5.127199301351424,0.0,-228.65,-53.8,-16.14,5.38,0.023980823922402,0.0,0.0,0.0,0.9592329568960836,31,36,37,35,36,12,-82,-19,-7,169,12.8,12.9,12.8,12.8,12.7,-999,-999,-999,0.0,0.0,0.0
7.697759866714477,-0.5031478451814702,-0.0889712653064794,0.0859032906407388,1.1995780943046028,-0.4141765798749907,-6.106512102899754,-0.5000798705157296,-0.1058451259680531,0.0813013286421278,1.1980441069717325,-0.3193202533425933,-4.971522194149139,-8.07,-177.54,-40.35,-16.14,2.69,0.023980823922402,0.0,0.0,0.0,0.9592329568960836,32,36,37,35,36,6,-69,-25,-7,169,12.9,12.9,12.8,12.8,12.7,-999,-999,-999,0.0,0.0,0.0
7.7148048877716064,-0.5031478451814702,-0.0889712653064794,0.0859032906407388,1.1995780943046028,-0.397302719213417,-5.915910910604234,-0.5000798705157296,-0.1043111386351828,0.0813013286421278,1.1980441069717325,-0.3085823420125009,-4.833100740514946,26.9,-204.44,-80.7,-13.45,0.0,0.0479616478448041,0.0,0.0,0.0,0.9592329568960836,32,36,37,35,36,6,-69,-25,-7,169,12.9,12.9,12.8,12.8,12.7,-999,-999,-999,0.0,0.0,0.0
7.731796026229858,-0.5000798705157296,-0.0874372779736091,0.0859032906407388,1.1995780943046028,-0.3804288585518433,-5.7204930872059405,-0.5000798705157296,-0.1027771513023125,0.0813013286421278,1.1980441069717325,-0.2978444306824085,-4.692609478689612,0.0,-169.47,-61.87,-16.14,2.69,0.0479616478448041,0.0,0.0,0.0,0.9592329568960836,32,37,37,35,36,0,-69,-25,-7,169,12.9,12.9,12.9,12.8,12.7,-999,-999,-999,0.0,0.0,0.0
7.748795509338379,-0.5000798705157296,-0.0889712653064794,0.0859032906407388,1.1995780943046028,-0.36508898522314,-5.538607567979356,-0.5000798705157296,-0.0997091766365718,0.0828353159749981,1.1980441069717325,-0.2886405066851865,-4.570532333212623,-5.38,-161.4,-88.77,-16.14,0.0,0.0719424717672062,0.0,0.0,0.0,0.9832137808184856,32,37,37,35,36,-7,-57,-25,-7,169,12.9,12.9,12.9,12.8,12.7,-999,-999,-999,0.0,0.0,0.0
7.765836477279663,-0.4985458831828592,-0.0889712653064794,0.0859032906407388,1.1995780943046028,-0.3482151245615663,-5.333821400711262,-0.5000798705157296,-0.0981751893037015,0.0843693033078684,1.1980441069717325,-0.2809705700208348,-4.467628477352891,0.0,-139.88,-2.69,-16.14,0.0,0.0719424717672062,0.0,0.0,0.0,0.9832137808184856,32,36,37,35,36,-7,-50,-13,-7,175,12.9,12.9,12.8,12.8,12.7,-999,-999,-999,0.0,0.0,0.0
7.782827138900757,-0.4985458831828592,-0.0889712653064794,0.0859032906407388,1.1995780943046028,-0.3298072765671222,-5.104723271720114,-0.5000798705157296,-0.0966412019708311,0.0874372779736091,1.1980441069717325,-0.2733006333564832,-4.363654434751247,0.0,-118.36,-13.45,-16.14,0.0,0.0479616478448041,0.0,0.0,0.0,0.9592329568960836,32,36,37,35,36,-7,-38,-7,-7,169,12.8,12.9,12.8,12.8,12.7,-999,-999,-999,0.0,0.0,0.0
7.799800872802734,-0.4985458831828592,-0.0874372779736091,0.0859032906407388,1.1995780943046028,-0.3129334159055486,-4.889438801688885,-0.5000798705157296,-0.0966412019708311,0.0874372779736091,1.1980441069717325,-0.2733006333564832,-4.363654434751247,0.0,-91.46,-78.01,-13.45,-8.07,0.023980823922402,0.0,0.0,0.0,0.9592329568960836,32,36,37,35,36,-7,-38,-7,-7,157,12.9,12.9,12.9,12.8,12.7,-999,-999,-999,0.0,0.0,0.0
7.8168625831604,-0.4985458831828592,-0.0874372779736091,0.0889712653064794,1.1995780943046028,-0.2991275299097155,-4.709506391942977,-0.5016138578485999,-0.0935732273050904,0.0889712653064794,1.1980441069717325,-0.2640967093592611,-4.237468113546923,32.28,-72.63,-80.7,-13.45,-13.45,0.023980823922402,0.0,0.023980823922402,0.0,0.9592329568960836,32,36,37,35,36,-13,-32,-7,-7,125,12.9,12.9,12.9,12.8,12.7,-999,-999,-999,0.0,0.0,0.0
7.834827661514282,-0.5000798705157296,-0.0874372779736091,0.0920392399722201,1.1995780943046028,-0.2868556312467528,-4.546680872317944,-0.5016138578485999,-0.0920392399722201,0.0905052526393498,1.1980441069717325,-0.2640967093592611,-4.237468113546923,2.69,-29.59,-75.32,-13.45,-8.07,0.0,0.0,0.0479616478448041,0.0,0.9352521329736814,32,36,37,35,36,-7,-25,-13,-7,94,12.9,13.0,12.9,12.8,12.6,-999,-999,-999,0.0,0.0,0.0
7.851747274398804,-0.5000798705157296,-0.0859032906407388,0.0935732273050904,1.1995780943046028,-0.2776517072495308,-4.422769365809227,-0.5031478451814702,-0.0905052526393498,0.0935732273050904,1.1980441069717325,-0.2640967093592611,-4.237468113546923,13.45,-75.32,-59.18,-16.14,-32.28,0.0,0.0,0.0719424717672062,0.0,0.839328837284073,32,36,37,35,36,-7,-19,-19,-7,57,12.9,13.0,12.9,12.8,12.8,-999,-999,-999,0.0,0.0,0.0
7.868791818618774,-0.5016138578485999,-0.0859032906407388,0.0951072146379608,1.1995780943046028,-0.2715157579180495,-4.3393047036322345,-0.5031478451814702,-0.0889712653064794,0.0951072146379608,1.1980441069717325,-0.2640967093592611,-4.237468113546923,0.0,-59.18,-29.59,-16.14,-29.59,0.0,0.0,0.0959232956896083,0.0,0.7194247176720626,32,36,37,35,36,-7,-19,-13,-7,32,12.9,13.0,12.9,12.8,12.8,-999,-999,-999,0.0,0.0,0.0
7.885796546936035,-0.5016138578485999,-0.0843693033078684,0.0966412019708311,1.1995780943046028,-0.2684477832523088,-4.297314620920381,-0.5046818325143405,-0.0889712653064794,0.0981751893037015,1.196510119638862,-0.2640967093592611,-4.237468113546923,-2.69,-78.01,-24.21,-16.14,-51.11,-0.023980823922402,0.023980823922402,0.0959232956896083,0.0,0.5755397741376501,32,37,37,35,36,0,-19,24,-7,13,12.9,12.6,12.9,12.8,12.8,-999,-999,-999,0.0,0.0,0.0
7.902748107910156,-0.5016138578485999,-0.0828353159749981,0.0981751893037015,1.1995780943046028,-0.2669137959194385,-4.276255050370419,-0.5046818325143405,-0.0874372779736091,0.0997091766365718,1.1980441069717325,-0.2640967093592611,-4.237468113546923,16.14,-94.15,-80.7,0.0,-32.28,-0.023980823922402,0.0479616478448041,0.0959232956896083,0.0,0.4076740066808355,32,37,37,35,36,-13,-25,-13,-7,13,12.9,12.9,12.9,12.9,12.8,-999,-999,-999,0.0,0.0,0.0
7.919802665710449,-0.5016138578485999,-0.0813013286421278,0.1027771513023125,1.1995780943046028,-0.2653798085865681,-4.2551524265659575,-0.5046818325143405,-0.0874372779736091,0.1012431639694421,1.1980441069717325,-0.2640967093592611,-4.237468113546923,24.21,-69.94,-78.01,-10.76,0.0,-0.023980823922402,0.0479616478448041,0.0959232956896083,0.0,0.287769887068825,32,37,37,35,36,-13,-19,-13,-7,7,12.9,12.9,12.9,12.9,12.8,-999,-999,-999,0.0,0.0,0.0
7.936793088912964,-0.5031478451814702,-0.0797673413092574,0.1043111386351828,1.1995780943046028,-0.2653798085865681,-4.2551524265659575,-0.5046818325143405,-0.0874372779736091,0.1027771513023125,1.1980441069717325,-0.2640967093592611,-4.237468113546923,34.97,-83.39,-53.8,-13.45,0.0,-0.023980823922402,0.0479616478448041,0.0959232956896083,0.0,0.1678657674568146,32,37,37,36,36,-7,-25,-13,-7,7,12.9,12.9,12.9,12.9,12.8,-999,-999,-999,0.0,0.0,0.0
7.95379376411438,-0.5031478451814702,-0.0797673413092574,0.1058451259680531,1.1995780943046028,-0.2653798085865681,-4.2551524265659575,-0.5062158198472109,-0.0874372779736091,0.1043111386351828,1.1980441069717325,-0.2640967093592611,-4.237468113546923,0.0,-72.63,-51.11,-13.45,0.0,-0.023980823922402,0.0719424717672062,0.1199041196120104,0.0,0.0959232956896083,32,38,37,36,36,-7,-25,-13,-7,7,12.9,12.9,12.9,12.9,12.8,-999,-999,-999,0.0,0.0,0.0
7.97075891494751,-0.5046818325143405,-0.0797673413092574,0.1073791133009235,1.1980441069717325,-0.2653798085865681,-4.2551524265659575,-0.5062158198472109,-0.0874372779736091,0.1073791133009235,1.1980441069717325,-0.2640967093592611,-4.237468113546923,5.38,-80.7,-53.8,-10.76,2.69,-0.023980823922402,0.0479616478448041,0.1199041196120104,0.0,0.0479616478448041,32,37,37,36,36,-7,-25,-13,0,7,12.9,13.0,12.9,12.9,12.8,-999,-999,-999,0.0,0.0,0.0
7.987836599349976,-0.5046818325143405,-0.0782333539763871,0.1089131006337938,1.1995780943046028,-0.2653798085865681,-4.2551524265659575,-0.5062158198472109,-0.0874372779736091,0.1089131006337938,1.1980441069717325,-0.2640967093592611,-4.237468113546923,18.83,-75.32,-48.42,-10.76,5.38,-0.023980823922402,0.0479616478448041,0.0959232956896083,0.0,0.0,32,37,37,36,36,0,-32,-13,0,7,12.9,13.0,12.9,12.9,12.8,-999,-999,-999,0.0,0.0,0.0
8.004835844039917,-0.5062158198472109,-0.0782333539763871,0.1119810752995345,1.1995780943046028,-0.2653798085865681,-4.2551524265659575,-0.5062158198472109,-0.0874372779736091,0.1104470879666641,1.1980441069717325,-0.2640967093592611,-4.237468113546923,-2.69,-72.63,-61.87,-13.45,5.38,-0.023980823922402,0.023980823922402,0.0959232956896083,0.0,0.0,32,36,37,36,36,0,-32,-13,-7,7,12.9,13.0,12.9,12.9,12.8,-999,-999,-999,0.0,0.0,0.0
8.021790266036987,-0.5062158198472109,-0.0782333539763871,0.1135150626324048,1.1995780943046028,-0.2653798085865681,-4.2551524265659575,-0.5062158198472109,-0.0874372779736091,0.1119810752995345,1.1980441069717325,-0.2640967093592611,-4.237468113546923,-2.69,-72.63,-51.11,-13.45,2.69,-0.023980823922402,0.023980823922402,0.0959232956896083,0.0,0.0,32,37,36,36,36,0,-32,-13,-7,7,12.9,13.0,12.9,12.9,12.8,-999,-999,-999,0.0,0.0,0.0
8.038799524307251,-0.5062158198472109,-0.0782333539763871,0.1150490499652752,1.1995780943046028,-0.2638458212536978,-4.234006724629889,-0.5062158198472109,-0.0874372779736091,0.1135150626324048,1.1980441069717325,-0.2640967093592611,-4.237468113546923,-2.69,-69.94,-53.8,-10.76,2.69,-0.023980823922402,0.023980823922402,0.0959232956896083,0.0,0.0,32,37,37,35,36,0,-32,-13,-7,7,12.9,13.0,12.9,12.9,12.8,-999,-999,-999,0.0,0.0,0.0
8.055747747421265,-0.5077498071800812,-0.0782333539763871,0.1181170246310158,1.1995780943046028,-0.2638458212536978,-4.234006724629889,-0.5062158198472109,-0.0859032906407388,0.1135150626324048,1.1980441069717325,-0.2640967093592611,-4.237468113546923,-2.69,-69.94,-59.18,-13.45,5.38,-0.023980823922402,0.0,0.0959232956896083,0.0,0.0,32,37,37,35,36,0,-32,-19,-7,0,12.9,13.0,12.9,12.9,12.8,-999,-999,-999,0.0,0.0,0.0
8.072758674621582,-0.5062158198472109,-0.0782333539763871,0.1181170246310158,1.1995780943046028,-0.2653798085865681,-4.2551524265659575,-0.5062158198472109,-0.0859032906407388,0.1181170246310158,1.1980441069717325,-0.2640967093592611,-4.237468113546923,-2.69,-69.94,-78.01,-13.45,5.38,0.0,0.0,0.0959232956896083,0.0,0.0,32,37,37,35,36,6,-32,-19,-7,0,12.9,13.0,12.9,12.9,12.8,-999,-999,-999,0.0,0.0,0.0
8.089762926101685,-0.5062158198472109,-0.0782333539763871,0.1196510119638862,1.1995780943046028,-0.2653798085865681,-4.2551524265659575,-0.5062158198472109,-0.0859032906407388,0.1181170246310158,1.1980441069717325,-0.2640967093592611,-4.237468113546923,-2.69,-67.25,-40.35,-13.45,2.69,0.0,0.0,0.0959232956896083,0.0,0.0,32,37,37,35,36,0,-32,24,0,7,12.9,13.0,12.9,12.9,12.8,-999,-999,-999,0.0,0.0,0.0
8.106794357299805,-0.5077498071800812,-0.0782333539763871,0.1227189866296268,1.1980441069717325,-0.2653798085865681,-4.2551524265659575,-0.5062158198472109,-0.0843693033078684,0.1196510119638862,1.1980441069717325,-0.2640967093592611,-4.237468113546923,-2.69,-59.18,-56.49,-13.45,2.69,0.0,0.0,0.0719424717672062,0.0,0.0,32,37,37,35,36,0,-25,-13,0,7,12.9,13.0,13.0,12.9,12.8,-999,-999,-999,0.0,0.0,0.0
8.123775243759155,-0.5062158198472109,-0.0782333539763871,0.1242529739624972,1.1995780943046028,-0.2653798085865681,-4.2551524265659575,-0.5062158198472109,-0.0843693033078684,0.1227189866296268,1.1980441069717325,-0.2640967093592611,-4.237468113546923,-2.69,-61.87,-67.25,-13.45,2.69,0.0,0.0,0.0719424717672062,0.0,0.0,32,37,36,35,36,0,-25,-13,-7,7,12.9,13.0,13.0,12.9,12.8,-999,-999,-999,0.0,0.0,0.0
8.140729665756226,-0.5077498071800812,-0.0782333539763871,0.1257869612953675,1.1995780943046028,-0.2653798085865681,-4.2551524265659575,-0.5062158198472109,-0.0843693033078684,0.1227189866296268,1.1980441069717325,-0.2640967093592611,-4.237468113546923,-2.69,-69.94,-61.87,-10.76,2.69,0.0,0.0,0.0959232956896083,0.0,0.0,32,37,36,35,36,6,-25,-13,-7,0,12.9,13.0,13.0,12.9,12.8,-999,-999,-999,0.0,0.0,0.0
8.157852411270142,-0.5077498071800812,-0.0782333539763871,0.1273209486282379,1.1980441069717325,-0.2653798085865681,-4.2551524265659575,-0.5062158198472109,-0.0843693033078684,0.1242529739624972,1.1980441069717325,-0.2640967093592611,-4.237468113546923,-2.69,-64.56,-61.87,-10.76,5.38,0.0,0.0,0.0959232956896083,0.0,0.0,32,37,37,35,36,0,-25,-19,-7,7,12.9,13.0,13.0,12.9,12.8,-999,-999,-999,0.0,0.0,0.0
8.174755573272705,-0.5062158198472109,-0.0782333539763871,0.1288549359611082,1.1980441069717325,-0.2638458212536978,-4.234006724629889,-0.5062158198472109,-0.0843693033078684,0.1257869612953675,1.1980441069717325,-0.2640967093592611,-4.237468113546923,-2.69,-69.94,-40.35,-16.14,5.38,0.0,0.0,0.0959232956896083,0.0,0.0,32,37,37,35,36,6,-25,-13,0,7,12.9,13.0,13.0,12.9,12.8,-999,-999,-999,0.0,0.0,0.0
8.191798448562622,-0.5077498071800812,-0.0782333539763871,0.1288549359611082,1.1980441069717325,-0.2653798085865681,-4.2551524265659575,-0.5062158198472109,-0.0843693033078684,0.1288549359611082,1.1980441069717325,-0.2640967093592611,-4.237468113546923,-2.69,-69.94,-61.87,-13.45,5.38,0.0,0.0,0.0719424717672062,0.0,0.0,32,37,37,35,36,6,-25,-19,0,7,12.9,13.0,13.0,12.9,12.8,-999,-999,-999,0.0,0.0,0.0
8.208800077438354,-0.5062158198472109,-0.0782333539763871,0.1288549359611082,1.1995780943046028,-0.2653798085865681,-4.2551524265659575,-0.5062158198472109,-0.0843693033078684,0.1303889232939785,1.1980441069717325,-0.2640967093592611,-4.237468113546923,-2.69,-64.56,-10.76,-10.76,5.38,0.0,0.0,0.0479616478448041,0.0,0.0,32,37,37,35,36,6,-32,-13,0,0,12.9,13.0,13.0,12.9,12.8,-999,-999,-999,0.0,0.0,0.0
8.225801467895508,-0.5062158198472109,-0.0782333539763871,0.1319229106268489,1.1995780943046028,-0.2653798085865681,-4.2551524265659575,-0.5046818325143405,-0.0828353159749981,0.1334568979597192,1.1980441069717325,-0.2640967093592611,-4.237468113546923,-2.69,-67.25,-72.63,-13.45,5.38,0.0,0.0,0.0479616478448041,0.0,0.0,32,37,37,35,36,0,-25,-7,-7,7,13.0,13.0,13.0,12.9,12.8,-999,-999,-999,0.0,0.0,0.0
8.242803573608398,-0.5062158198472109,-0.0782333539763871,0.1334568979597192,1.1980441069717325,-0.2653798085865681,-4.2551524265659575,-0.5046818325143405,-0.0843693033078684,0.1349908852925895,1.1980441069717325,-0.2640967093592611,-4.237468113546923,32.28,-40.35,-67.25,-8.07,2.69,0.0,0.0,0.0719424717672062,0.0,0.0,32,37,37,35,36,6,-19,-7,0,0,13.0,12.8,12.9,12.9,12.8,-999,-999,-999,0.0,0.0,0.0
8.259814262390137,-0.5077498071800812,-0.0766993666435168,0.1365248726254599,1.1980441069717325,-0.2653798085865681,-4.2551524265659575,-0.5046818325143405,-0.0843693033078684,0.1380588599583302,1.1980441069717325,-0.2640967093592611,-4.237468113546923,0.0,-69.94,-83.39,-10.76,5.38,0.0,0.0,0.0719424717672062,0.0,0.0,32,37,37,35,36,12,-25,-7,0,7,13.0,12.9,12.9,12.9,12.8,-999,-999,-999,0.0,0.0,0.0
8.2768075466156,-0.5062158198472109,-0.0766993666435168,0.1395928472912005,1.1995780943046028,-0.2653798085865681,-4.2551524265659575,-0.5031478451814702,-0.0843693033078684,0.1395928472912005,1.1980441069717325,-0.2640967093592611,-4.237468113546923,2.69,-67.25,-69.94,-10.76,2.69,0.0,0.0,0.1199041196120104,0.0,0.0,32,36,37,35,36,12,-32,-13,-7,7,13.0,12.9,12.7,12.9,12.8,-999,-999,-999,0.0,0.0,0.0
8.294214248657227,-0.5077498071800812,-0.0766993666435168,0.1411268346240709,1.1995780943046028,-0.2638458212536978,-4.234006724629889,-0.5031478451814702,-0.0843693033078684,0.1426608219569412,1.1980441069717325,-0.2640967093592611,-4.237468113546923,5.38,-75.32,-34.97,-8.07,5.38,0.0,0.0,0.1199041196120104,0.0,0.0,32,36,37,35,36,12,-32,24,-7,7,13.0,12.9,12.9,12.9,12.8,-999,-999,-999,0.0,0.0,0.0
8.311781644821167,-0.5062158198472109,-0.0766993666435168,0.1441948092898116,1.1995780943046028,-0.2638458212536978,-4.234006724629889,-0.5031478451814702,-0.0843693033078684,0.1441948092898116,1.1980441069717325,-0.2640967093592611,-4.237468113546923,-5.38,-72.63,-64.56,-13.45,2.69,0.0,0.0,0.1199041196120104,0.0,0.0,32,36,37,35,36,18,-32,31,0,7,13.0,13.0,12.9,12.9,12.8,-999,-999,-999,0.0,0.0,0.0
8.328755617141724,-0.5062158198472109,-0.0766993666435168,0.1457287966226819,1.1980441069717325,-0.2638458212536978,-4.234006724629889,-0.5031478451814702,-0.0843693033078684,0.1441948092898116,1.1980441069717325,-0.2640967093592611,-4.237468113546923,-37.66,-72.63,-86.08,-10.76,2.69,0.0,0.0,0.1199041196120104,0.0,0.0,32,36,36,35,36,18,-32,-7,-7,7,13.0,13.0,12.9,12.9,12.8,-999,-999,-999,0.0,0.0,0.0
8.34572458267212,-0.5046818325143405,-0.0766993666435168,0.1503307586212929,1.1980441069717325,-0.2638458212536978,-4.234006724629889,-0.5016138578485999,-0.0828353159749981,0.1457287966226819,1.1980441069717325,-0.2640967093592611,-4.237468113546923,0.0,-53.8,-67.25,-10.76,2.69,0.0,0.0,0.1199041196120104,0.0,0.0,34,37,36,35,36,12,-25,-13,-7,0,13.0,13.0,12.9,12.9,12.8,-999,-999,-999,0.0,0.0,0.0
8.362728595733643,-0.5031478451814702,-0.0766993666435168,0.1518647459541632,1.1980441069717325,-0.2653798085865681,-4.2551524265659575,-0.5016138578485999,-0.0828353159749981,0.1487967712884225,1.196510119638862,-0.2640967093592611,-4.237468113546923,-10.76,-56.49,-51.11,-10.76,5.38,0.023980823922402,0.0,0.1199041196120104,0.0,0.0,32,37,36,35,36,6,-25,-13,-13,0,13.0,13.0,12.9,12.9,12.8,-999,-999,-999,0.0,0.0,0.0
8.379834175109863,-0.5031478451814702,-0.0766993666435168,0.1533987332870336,1.1980441069717325,-0.2653798085865681,-4.2551524265659575,-0.5016138578485999,-0.0828353159749981,0.1533987332870336,1.1949761323059918,-0.2640967093592611,-4.237468113546923,-5.38,-56.49,-72.63,-18.83,5.38,0.023980823922402,0.0,0.1199041196120104,0.0,0.0,32,37,36,35,36,6,-25,-19,-13,0,13.0,12.9,12.6,12.9,12.8,-999,-999,-999,0.0,0.0,0.0
8.3967604637146,-0.5016138578485999,-0.0766993666435168,0.1549327206199039,1.1980441069717325,-0.2638458212536978,-4.234006724629889,-0.5016138578485999,-0.0813013286421278,0.1549327206199039,1.191908157640251,-0.2640967093592611,-4.237468113546923,-5.38,-56.49,-40.35,-21.52,5.38,0.0479616478448041,0.0,0.0959232956896083,0.0,0.0,32,37,37,35,36,-7,-25,-13,-19,7,13.0,12.9,12.9,12.9,12.8,-999,-999,-999,0.0,0.0,0.0
8.413726568222046,-0.5000798705157296,-0.0766993666435168,0.1564667079527743,1.196510119638862,-0.2638458212536978,-4.234006724629889,-0.5016138578485999,-0.0813013286421278,0.1549327206199039,1.191908157640251,-0.2640967093592611,-4.237468113546923,0.0,-59.18,-86.08,-32.28,2.69,0.0479616478448041,0.0,0.0959232956896083,0.0,0.0,32,37,37,35,36,-7,-19,-7,-25,7,13.0,12.9,12.9,12.9,12.8,-999,-999,-999,0.0,0.0,0.0
8.43086576461792,-0.5016138578485999,-0.0751653793106464,0.1595346826185149,1.1949761323059918,-0.2653798085865681,-4.2551524265659575,-0.5000798705157296,-0.0766993666435168,0.1595346826185149,1.1857722083087698,-0.2640967093592611,-4.237468113546923,0.0,-40.35,-61.87,-26.9,2.69,0.0479616478448041,0.0,0.0959232956896083,-0.023980823922402,0.0,32,36,37,35,36,0,-13,-13,-32,7,13.0,12.9,12.9,12.9,12.8,-999,-999,-999,0.0,0.0,0.0
8.447714567184448,-0.5000798705157296,-0.0736313919777761,0.1626026572842556,1.1934421449731214,-0.2653798085865681,-4.2551524265659575,-0.4985458831828592,-0.0736313919777761,0.1626026572842556,1.1811702463101588,-0.2640967093592611,-4.237468113546923,-2.69,-43.04,-78.01,-21.52,5.38,0.0479616478448041,0.023980823922402,0.0959232956896083,-0.0479616478448041,0.0,32,37,38,35,36,0,-13,-7,-32,0,13.0,12.9,12.9,12.9,12.8,-999,-999,-999,0.0,0.0,0.0
8.464744567871094,-0.5000798705157296,-0.0720974046449058,0.1626026572842556,1.190374170307381,-0.2638458212536978,-4.234006724629889,-0.4985458831828592,-0.0705634173120354,0.1641366446171259,1.178102271644418,-0.2640967093592611,-4.237468113546923,-2.69,-43.04,-53.8,-48.42,5.38,0.023980823922402,0.023980823922402,0.1199041196120104,-0.0719424717672062,0.0,32,37,37,36,36,6,-13,-13,-38,7,13.0,12.9,12.9,12.9,12.8,-999,-999,-999,0.0,0.0,0.0
8.481796264648438,-0.5000798705157296,-0.0690294299791651,0.1656706319499963,1.18730619564164,-0.2653798085865681,-4.2551524265659575,-0.4970118958499888,-0.0690294299791651,0.1656706319499963,1.1719663223129366,-0.2640967093592611,-4.237468113546923,-2.69,-64.56,-61.87,-24.21,5.38,0.0,0.0719424717672062,0.1199041196120104,-0.0959232956896083,0.0,32,37,37,36,36,6,-7,-13,-38,7,13.0,13.0,12.9,12.9,12.8,-999,-999,-999,0.0,0.0,0.0
8.498737335205078,-0.5000798705157296,-0.0674954426462947,0.1687386066157369,1.1842382209758997,-0.2638458212536978,-4.234006724629889,-0.4970118958499888,-0.0659614553134244,0.1687386066157369,1.1673643603143258,-0.2640967093592611,-4.237468113546923,37.66,-102.22,-56.49,-56.49,5.38,0.0,0.0719424717672062,0.1199041196120104,-0.1438849435344125,0.0,32,37,37,36,36,12,-7,-13,-44,7,13.0,13.0,12.9,12.9,12.7,-999,-999,-999,0.0,0.0,0.0
8.515771627426147,-0.5000798705157296,-0.0628934806476837,0.1702725939486073,1.1796362589772884,-0.2638458212536978,-4.234006724629889,-0.4954779085171185,-0.0644274679805541,0.1718065812814776,1.1612284109828444,-0.2640967093592611,-4.237468113546923,-2.69,-99.53,-29.59,-48.42,2.69,0.0,0.1199041196120104,0.1199041196120104,-0.1678657674568146,0.0,32,37,37,35,36,12,-13,24,-50,7,12.6,12.9,12.9,12.9,12.8,-999,-999,-999,0.0,0.0,0.0
8.532795906066895,-0.5000798705157296,-0.0613594933148134,0.1718065812814776,1.1750342969786771,-0.2653798085865681,-4.2551524265659575,-0.4954779085171185,-0.0613594933148134,0.1748745559472183,1.1566264489842333,-0.2640967093592611,-4.237468113546923,0.0,-53.8,-78.01,-29.59,2.69,0.0,0.1438849435344125,0.1199041196120104,-0.1918465913792167,0.0,32,37,37,35,36,18,-13,-13,-50,0,12.9,12.9,12.9,12.9,12.8,-999,-999,-999,0.0,0.0,0.0
8.54976773262024,-0.4985458831828592,-0.0598255059819431,0.1748745559472183,1.1704323349800665,-0.2638458212536978,-4.234006724629889,-0.4970118958499888,-0.0582915186490727,0.1779425306129589,1.150490499652752,-0.2640967093592611,-4.237468113546923,0.0,-88.77,-83.39,-18.83,5.38,0.0,0.1438849435344125,0.1199041196120104,-0.2158274153016187,0.0,32,37,37,35,36,12,-19,-7,-57,7,12.9,12.9,12.9,12.9,12.8,-999,-999,-999,0.0,0.0,0.0
8.566755533218384,-0.4985458831828592,-0.0567575313162024,0.1779425306129589,1.1658303729814554,-0.2653798085865681,-4.2551524265659575,-0.4970118958499888,-0.055223543983332,0.18254449261157,1.1443545503212706,-0.2656306966921314,-4.258606768242922,-5.38,-69.94,-53.8,-29.59,5.38,0.0,0.1438849435344125,0.1199041196120104,-0.2398082392240208,0.0,32,37,37,35,36,6,-13,31,-57,7,12.9,12.9,12.9,12.9,12.8,-999,-999,-999,0.0,0.0,0.0
8.583769798278809,-0.4985458831828592,-0.0536895566504617,0.1810105052786996,1.1612284109828444,-0.2653798085865681,-4.2551524265659575,-0.4954779085171185,-0.0521555693175914,0.1856124672773106,1.1382186009897892,-0.2640967093592611,-4.237468113546923,0.0,-37.66,-110.29,-56.49,2.69,0.0,0.1438849435344125,0.1199041196120104,-0.263789063146423,0.0,32,37,37,35,36,6,-7,0,-63,0,12.9,12.9,12.9,12.9,12.8,-999,-999,-999,0.0,0.0,0.0
8.600772857666016,-0.4970118958499888,-0.0521555693175914,0.1840784799444403,1.155092461651363,-0.2638458212536978,-4.234006724629889,-0.4954779085171185,-0.0490875946518507,0.1886804419430513,1.1305486643254377,-0.2640967093592611,-4.237468113546923,0.0,-88.77,-112.98,-16.14,2.69,0.023980823922402,0.1438849435344125,0.1438849435344125,-0.263789063146423,0.0,32,37,37,35,36,6,-7,0,-63,7,13.0,13.0,12.9,12.9,12.8,-999,-999,-999,0.0,0.0,0.0
8.617815017700195,-0.4954779085171185,-0.0475536073189804,0.1886804419430513,1.1489565123198815,-0.2653798085865681,-4.2551524265659575,-0.4954779085171185,-0.0475536073189804,0.191748416608792,1.122878727661086,-0.2640967093592611,-4.237468113546923,0.0,-88.77,-112.98,-24.21,2.69,0.0479616478448041,0.1438849435344125,0.1678657674568146,-0.287769887068825,0.0,32,37,37,35,36,0,-7,0,-63,7,13.0,13.0,12.9,12.8,12.8,-999,-999,-999,0.0,0.0,0.0
8.634767055511475,-0.4939439211842482,-0.04601961998611,0.191748416608792,1.1428205629884003,-0.2653798085865681,-4.2551524265659575,-0.4954779085171185,-0.0475536073189804,0.191748416608792,1.122878727661086,-0.2640967093592611,-4.237468113546923,0.0,-91.46,-121.05,-18.83,2.69,0.0479616478448041,0.1438849435344125,0.1918465913792167,-0.3117507109912271,0.0,31,37,36,35,36,-7,-7,0,-69,7,12.9,13.0,12.9,12.8,12.8,-999,-999,-999,0.0,0.0,0.0
8.651736497879028,-0.4954779085171185,-0.041417657987499,0.1948163912745326,1.1351506263240487,-0.2638458212536978,-4.234006724629889,-0.4954779085171185,-0.041417657987499,0.1994183532731436,1.1090728416652529,-0.2640967093592611,-4.237468113546923,0.0,-72.63,-86.08,-26.9,5.38,0.0479616478448041,0.1438849435344125,0.1918465913792167,-0.3357315349136292,0.0,31,37,36,36,36,-7,-13,0,-69,7,12.9,13.0,12.9,12.8,12.8,-999,-999,-999,0.0,0.0,0.0
8.668708801269531,-0.4939439211842482,-0.0383496833217584,0.1978843659402733,1.1290146769925673,-0.2638458212536978,-4.234006724629889,-0.4954779085171185,-0.041417657987499,0.1994183532731436,1.1090728416652529,-0.2640967093592611,-4.237468113546923,0.0,-91.46,-126.43,-24.21,2.69,0.023980823922402,0.1678657674568146,0.1918465913792167,-0.3357315349136292,0.0,31,37,37,36,36,-7,-19,0,-75,7,12.9,13.0,12.9,12.8,12.8,-999,-999,-999,0.0,0.0,0.0
8.685718536376953,-0.4939439211842482,-0.0352817086560177,0.2024863279388843,1.122878727661086,-0.2638458212536978,-4.234006724629889,-0.4954779085171185,-0.0398836706546287,0.2024863279388843,1.1029368923337717,-0.2640967093592611,-4.237468113546923,0.0,-96.84,-118.36,-24.21,2.69,0.023980823922402,0.1678657674568146,0.1918465913792167,-0.3597123588360313,0.0,31,36,37,36,36,-7,-13,-7,-69,7,12.9,13.0,12.9,12.8,12.8,-999,-999,-999,0.0,0.0,0.0
8.702811479568481,-0.4954779085171185,-0.0337477213231473,0.205554302604625,1.116742778329605,-0.2653798085865681,-4.2551524265659575,-0.4970118958499888,-0.0352817086560177,0.2086222772703657,1.0906649936708088,-0.2640967093592611,-4.237468113546923,0.0,-91.46,-96.84,-29.59,2.69,0.0,0.1678657674568146,0.2158274153016187,-0.3836931827584334,0.0,31,36,37,36,36,0,-19,-13,-75,0,12.9,13.0,12.9,12.9,12.8,-999,-999,-999,0.0,0.0,0.0
8.71979308128357,-0.4939439211842482,-0.032213733990277,0.210156264603236,1.1090728416652529,-0.2653798085865681,-4.2551524265659575,-0.4970118958499888,-0.0337477213231473,0.2116902519361063,1.0845290443393276,-0.2640967093592611,-4.237468113546923,5.38,-83.39,-96.84,-24.21,2.69,0.0,0.1678657674568146,0.1918465913792167,-0.3836931827584334,0.0,31,36,37,36,36,-13,-19,-7,-69,7,12.9,13.0,12.9,12.9,12.8,-999,-999,-999,0.0,0.0,0.0
8.736807823181152,-0.4954779085171185,-0.0291457593245363,0.2132242392689767,1.1029368923337717,-0.2653798085865681,-4.2551524265659575,-0.4970118958499888,-0.032213733990277,0.2132242392689767,1.0783930950078462,-0.2640967093592611,-4.237468113546923,2.69,-83.39,-56.49,-29.59,2.69,0.0,0.1438849435344125,0.1918465913792167,-0.3836931827584334,0.0,31,36,37,36,36,-7,-19,31,-69,7,12.9,13.0,12.9,12.9,12.8,-999,-999,-999,0.0,0.0,0.0
8.7537202835083,-0.4954779085171185,-0.027611771991666,0.214758226601847,1.0968009430022905,-0.2653798085865681,-4.2551524265659575,-0.4970118958499888,-0.032213733990277,0.2162922139347173,1.0737911330092351,-0.2640967093592611,-4.237468113546923,0.0,-64.56,-86.08,-26.9,5.38,0.0,0.1199041196120104,0.1918465913792167,-0.3836931827584334,0.0,32,36,37,36,36,-7,-19,-7,-69,7,12.9,13.0,12.9,12.9,12.8,-999,-999,-999,0.0,0.0,0.0
8.770798206329346,-0.4954779085171185,-0.027611771991666,0.2178262012675877,1.0906649936708088,-0.2653798085865681,-4.2551524265659575,-0.4970118958499888,-0.0291457593245363,0.219360188600458,1.0691891710106245,-0.2640967093592611,-4.237468113546923,0.0,-75.32,-64.56,-34.97,5.38,0.0,0.1199041196120104,0.1678657674568146,-0.3836931827584334,0.0,32,37,37,36,36,-7,-25,-13,-69,7,13.0,13.0,12.9,12.9,12.8,-999,-999,-999,0.0,0.0,0.0
8.787760496139526,-0.4970118958499888,-0.0260777846587957,0.2208941759333283,1.0845290443393276,-0.2638458212536978,-4.234006724629889,-0.4970118958499888,-0.027611771991666,0.2208941759333283,1.0645872090120132,-0.2640967093592611,-4.237468113546923,0.0,-59.18,-67.25,-21.52,5.38,0.0,0.0959232956896083,0.1438849435344125,-0.3597123588360313,0.0,32,37,37,35,36,0,-19,31,-63,0,12.9,12.7,12.8,12.9,12.8,-999,-999,-999,0.0,0.0,0.0
8.804744720458984,-0.4970118958499888,-0.0245437973259253,0.2224281632661987,1.0799270823407163,-0.2653798085865681,-4.2551524265659575,-0.4970118958499888,-0.0245437973259253,0.2224281632661987,1.059985247013402,-0.2656306966921314,-4.258606768242922,-2.69,-53.8,-88.77,-29.59,2.69,0.0,0.0719424717672062,0.1438849435344125,-0.3597123588360313,0.0,32,37,37,35,36,0,-13,-7,-63,7,12.9,12.9,12.9,12.9,12.8,-999,-999,-999,0.0,0.0,0.0
8.821783542633057,-0.4970118958499888,-0.023009809993055,0.223962150599069,1.0737911330092351,-0.2653798085865681,-4.2551524265659575,-0.4970118958499888,-0.023009809993055,0.223962150599069,1.0553832850147913,-0.2640967093592611,-4.237468113546923,-2.69,-59.18,-59.18,-29.59,2.69,0.0,0.0719424717672062,0.1438849435344125,-0.3357315349136292,0.0,32,37,36,35,36,0,-13,-13,-57,-6,12.9,13.0,12.9,12.9,12.8,-999,-999,-999,0.0,0.0,0.0
8.839102983474731,-0.4970118958499888,-0.0199418353273143,0.2270301252648097,1.0691891710106245,-0.2638458212536978,-4.234006724629889,-0.4970118958499888,-0.0214758226601847,0.2254961379319394,1.0523153103490506,-0.2640967093592611,-4.237468113546923,-2.69,-43.04,-48.42,-32.28,2.69,0.0,0.0719424717672062,0.1199041196120104,-0.3117507109912271,0.0,32,37,36,35,36,0,-7,-13,-50,0,12.9,13.1,12.9,12.9,12.8,-999,-999,-999,0.0,0.0,0.0
8.85672116279602,-0.4970118958499888,-0.018407847994444,0.22856411259768,1.0645872090120132,-0.2653798085865681,-4.2551524265659575,-0.4970118958499888,-0.0199418353273143,0.2270301252648097,1.0507813230161802,-0.2656306966921314,-4.258606768242922,-2.69,-51.11,-29.59,-21.52,2.69,0.0,0.0959232956896083,0.1199041196120104,-0.287769887068825,0.0,32,37,37,36,36,0,-13,-7,-44,0,12.9,13.0,12.9,12.9,12.8,-999,-999,-999,0.0,0.0,0.0
8.873829126358032,-0.4970118958499888,-0.0153398733287033,0.22856411259768,1.059985247013402,-0.2638458212536978,-4.234006724629889,-0.4970118958499888,-0.018407847994444,0.22856411259768,1.0477133483504395,-0.2640967093592611,-4.237468113546923,-2.69,-91.46,-69.94,0.0,2.69,0.0,0.0959232956896083,0.0959232956896083,-0.287769887068825,0.0,32,36,37,35,36,0,-19,-7,-32,0,12.9,13.0,12.9,12.9,12.8,-999,-999,-999,0.0,0.0,0.0
8.890812158584595,-0.4970118958499888,-0.013805885995833,0.2316320872634207,1.0569172723476614,-0.2653798085865681,-4.2551524265659575,-0.4970118958499888,-0.0168738606615736,0.2300980999305504,1.0461793610175691,-0.2640967093592611,-4.237468113546923,-2.69,-69.94,-56.49,-21.52,2.69,0.0,0.0959232956896083,0.0959232956896083,-0.2398082392240208,0.0,32,36,37,35,36,0,-19,-13,-32,7,12.9,13.0,12.9,12.8,12.8,-999,-999,-999,0.0,0.0,0.0
8.907819747924805,-0.4970118958499888,-0.0122718986629626,0.233166074596291,1.053849297681921,-0.2653798085865681,-4.2551524265659575,-0.4970118958499888,-0.013805885995833,0.2300980999305504,1.0446453736846988,-0.2640967093592611,-4.237468113546923,-2.69,-83.39,-56.49,2.69,5.38,0.0,0.0959232956896083,0.0719424717672062,-0.2158274153016187,0.0,32,36,37,35,36,0,-19,-13,-7,7,12.9,13.0,12.9,12.8,12.8,-999,-999,-999,0.0,0.0,0.0
8.924776315689087,-0.4970118958499888,-0.009203923997222,0.2347000619291614,1.0507813230161802,-0.2653798085865681,-4.2551524265659575,-0.4970118958499888,-0.0122718986629626,0.2300980999305504,1.0431113863518284,-0.2640967093592611,-4.237468113546923,-2.69,-78.01,-61.87,-8.07,5.38,0.0,0.0959232956896083,0.0719424717672062,-0.1918465913792167,0.0,32,36,37,35,36,0,-19,-19,-25,0,12.9,12.9,12.9,13.0,12.8,-999,-999,-999,0.0,0.0,0.0
8.941790580749512,-0.4970118958499888,-0.009203923997222,0.2362340492620317,1.04924733568331,-0.2653798085865681,-4.2551524265659575,-0.4970118958499888,-0.0107379113300923,0.2316320872634207,1.041577399018958,-0.2640967093592611,-4.237468113546923,-2.69,-53.8,-72.63,-16.14,2.69,0.0,0.0959232956896083,0.0719424717672062,-0.1678657674568146,0.0,32,37,36,35,36,0,-19,-25,-25,7,12.8,13.0,12.9,12.9,12.8,-999,-999,-999,0.0,0.0,0.0
8.958791494369507,-0.4970118958499888,-0.0061359493314813,0.2362340492620317,1.0461793610175691,-0.2653798085865681,-4.2551524265659575,-0.4970118958499888,-0.0076699366643516,0.2316320872634207,1.041577399018958,-0.2640967093592611,-4.237468113546923,-2.69,-51.11,-40.35,-16.14,2.69,0.0,0.0959232956896083,0.0719424717672062,-0.1438849435344125,0.0,32,37,36,35,36,0,-19,-19,-25,0,12.9,12.9,12.9,12.9,12.8,-999,-999,-999,0.0,0.0,0.0
8.975802183151245,-0.4970118958499888,-0.004601961998611,0.2362340492620317,1.0446453736846988,-0.2653798085865681,-4.2551524265659575,-0.4970118958499888,-0.0061359493314813,0.2316320872634207,1.041577399018958,-0.2640967093592611,-4.237468113546923,-2.69,-45.73,-53.8,0.0,2.69,0.0,0.0959232956896083,0.0479616478448041,-0.1199041196120104,0.0,32,37,36,35,36,0,-13,-19,-19,0,12.9,12.9,12.8,12.9,12.8,-999,-999,-999,0.0,0.0,0.0
8.992706775665283,-0.4970118958499888,-0.0030679746657406,0.2362340492620317,1.0446453736846988,-0.2653798085865681,-4.2551524265659575,-0.4970118958499888,-0.0030679746657406,0.2316320872634207,1.0400434116860875,-0.2640967093592611,-4.237468113546923,-2.69,-59.18,-51.11,2.69,2.69,0.0,0.0959232956896083,0.023980823922402,-0.0959232956896083,0.0,32,36,36,35,36,6,-13,-19,-13,7,12.9,13.0,12.9,12.8,12.8,-999,-999,-999,0.0,0.0,0.0
9.011679649353027,-0.4970118958499888,0.0,0.2377680365949021,1.0431113863518284,-0.2653798085865681,-4.2551524265659575,-0.4970118958499888,-0.0015339873328703,0.2316320872634207,1.0400434116860875,-0.2640967093592611,-4.237468113546923,-2.69,-43.04,-53.8,-32.28,2.69,0.0,0.0959232956896083,0.023980823922402,-0.0719424717672062,0.0,32,36,36,35,36,0,-13,-25,-19,0,12.9,13.0,12.9,12.9,12.8,-999,-999,-999,0.0,0.0,0.0
9.02880573272705,-0.4970118958499888,0.0030679746657406,0.2377680365949021,1.041577399018958,-0.2653798085865681,-4.2551524265659575,-0.4954779085171185,0.0,0.2316320872634207,1.0400434116860875,-0.2640967093592611,-4.237468113546923,-2.69,-86.08,-53.8,-5.38,5.38,0.0,0.0959232956896083,0.023980823922402,-0.0719424717672062,0.0,32,37,36,35,36,0,-13,-19,-13,0,12.9,13.0,12.9,12.9,12.8,-999,-999,-999,0.0,0.0,0.0
9.046706914901732,-0.4970118958499888,0.004601961998611,0.2362340492620317,1.041577399018958,-0.2638458212536978,-4.234006724629889,-0.4970118958499888,0.0,0.2316320872634207,1.0400434116860875,-0.2640967093592611,-4.237468113546923,-2.69,-78.01,-61.87,0.0,2.69,0.0,0.1199041196120104,0.023980823922402,-0.0479616478448041,0.0,32,37,36,35,36,6,-19,-25,-13,7,12.9,13.0,12.9,12.9,12.8,-999,-999,-999,0.0,0.0,0.0
9.063681602478027,-0.4970118958499888,0.0061359493314813,0.2377680365949021,1.0400434116860875,-0.2638458212536978,-4.234006724629889,-0.4970118958499888,0.0,0.2316320872634207,1.0400434116860875,-0.2640967093592611,-4.237468113546923,-2.69,-99.53,-61.87,-5.38,2.69,0.0,0.1199041196120104,0.0,-0.0479616478448041,0.0,32,37,36,35,36,0,-25,-25,-7,7,12.9,13.0,12.9,12.9,12.8,-999,-999,-999,0.0,0.0,0.0
9.080718994140623,-0.4970118958499888,0.0076699366643516,0.2377680365949021,1.0400434116860875,-0.2653798085865681,-4.2551524265659575,-0.4970118958499888,0.0015339873328703,0.2316320872634207,1.0400434116860875,-0.2640967093592611,-4.237468113546923,-2.69,-86.08,-56.49,-16.14,2.69,0.0,0.0959232956896083,0.0,-0.0479616478448041,0.0,32,37,36,35,36,0,-25,-25,-7,7,12.9,13.0,12.9,12.9,12.8,-999,-999,-999,0.0,0.0,0.0
9.097800254821776,-0.4970118958499888,0.009203923997222,0.2377680365949021,1.0400434116860875,-0.2653798085865681,-4.2551524265659575,-0.4970118958499888,0.004601961998611,0.2316320872634207,1.0400434116860875,-0.2640967093592611,-4.237468113546923,-2.69,-61.87,-61.87,-16.14,2.69,0.0,0.0959232956896083,0.0,-0.023980823922402,0.0,32,37,36,35,36,0,-19,-25,-7,7,12.9,13.0,12.9,12.9,12.8,-999,-999,-999,0.0,0.0,0.0
9.114816904067991,-0.4970118958499888,0.009203923997222,0.2377680365949021,1.041577399018958,-0.2653798085865681,-4.2551524265659575,-0.4970118958499888,0.0061359493314813,0.2316320872634207,1.0400434116860875,-0.2640967093592611,-4.237468113546923,-2.69,-78.01,-53.8,-16.14,5.38,0.0,0.0719424717672062,0.0,-0.023980823922402,0.0,32,38,36,35,36,6,-19,-25,-7,7,12.9,13.0,12.8,12.9,12.8,-999,-999,-999,0.0,0.0,0.0
9.131734371185305,-0.4970118958499888,0.0107379113300923,0.2377680365949021,1.0400434116860875,-0.2638458212536978,-4.234006724629889,-0.4970118958499888,0.0061359493314813,0.2316320872634207,1.0400434116860875,-0.2640967093592611,-4.237468113546923,-2.69,-67.25,-64.56,-18.83,2.69,0.0,0.0719424717672062,0.0,0.0,0.0,32,37,36,35,36,0,-19,-25,-7,0,12.9,13.0,12.9,12.9,12.8,-999,-999,-999,0.0,0.0,0.0
9.148778438568115,-0.4970118958499888,0.0122718986629626,0.2377680365949021,1.0400434116860875,-0.2653798085865681,-4.2551524265659575,-0.4970118958499888,0.0061359493314813,0.2316320872634207,1.0400434116860875,-0.2640967093592611,-4.237468113546923,-2.69,-72.63,-61.87,-18.83,2.69,0.0,0.0719424717672062,0.0,0.0,0.0,32,37,36,35,36,0,-25,-25,-7,0,12.9,13.0,12.9,12.8,12.8,-999,-999,-999,0.0,0.0,0.0
9.166645765304564,-0.4970118958499888,0.0122718986629626,0.2377680365949021,1.0400434116860875,-0.2653798085865681,-4.2551524265659575,-0.4970118958499888,0.009203923997222,0.2300980999305504,1.0400434116860875,-0.2640967093592611,-4.237468113546923,-2.69,-51.11,-59.18,-16.14,2.69,0.0,0.0479616478448041,0.0,0.0,0.0,32,37,36,35,36,6,-19,-25,-7,7,12.9,13.0,12.9,12.8,12.8,-999,-999,-999,0.0,0.0,0.0
9.183702230453491,-0.4970118958499888,0.013805885995833,0.2377680365949021,1.0400434116860875,-0.2653798085865681,-4.2551524265659575,-0.4970118958499888,0.0107379113300923,0.2300980999305504,1.0400434116860875,-0.2640967093592611,-4.237468113546923,-2.69,-78.01,-69.94,-16.14,2.69,0.0,0.0479616478448041,0.0,0.0,0.0,32,37,36,35,36,6,-19,-25,-7,7,12.9,12.9,13.0,12.9,12.8,-999,-999,-999,0.0,0.0,0.0
9.2007098197937,-0.4970118958499888,0.0153398733287033,0.2377680365949021,1.0400434116860875,-0.2653798085865681,-4.2551524265659575,-0.4970118958499888,0.0122718986629626,0.2300980999305504,1.0400434116860875,-0.2640967093592611,-4.237468113546923,-2.69,-53.8,-75.32,-18.83,2.69,0.0,0.0479616478448041,0.0,0.0,0.0,32,37,37,36,36,0,-19,-32,-7,7,12.9,12.9,13.0,12.9,12.8,-999,-999,-999,0.0,0.0,0.0
9.21772050857544,-0.4970118958499888,0.0168738606615736,0.2377680365949021,1.0400434116860875,-0.2638458212536978,-4.234006724629889,-0.4970118958499888,0.0122718986629626,0.2300980999305504,1.0400434116860875,-0.2640967093592611,-4.237468113546923,-2.69,-29.59,-80.7,-16.14,2.69,0.0,0.0479616478448041,0.0,0.0,0.0,32,37,37,36,36,0,37,-32,-7,0,12.9,12.9,13.0,12.9,12.8,-999,-999,-999,0.0,0.0,0.0
9.234666347503662,-0.4970118958499888,0.018407847994444,0.2377680365949021,1.0400434116860875,-0.2653798085865681,-4.2551524265659575,-0.4970118958499888,0.0122718986629626,0.2300980999305504,1.0400434116860875,-0.2640967093592611,-4.237468113546923,-2.69,-91.46,-83.39,-16.14,2.69,0.0,0.0719424717672062,0.0,0.0,0.0,32,37,37,36,36,0,-25,-32,-7,7,12.9,12.9,13.0,12.9,12.8,-999,-999,-999,0.0,0.0,0.0
9.251667022705078,-0.4970118958499888,0.018407847994444,0.2377680365949021,1.0400434116860875,-0.2638458212536978,-4.234006724629889,-0.4954779085171185,0.013805885995833,0.2300980999305504,1.0400434116860875,-0.2640967093592611,-4.237468113546923,32.28,-59.18,-78.01,-18.83,2.69,0.0,0.0479616478448041,0.0,0.0,0.0,32,37,37,36,36,6,-19,-32,-7,0,12.9,12.9,13.0,12.9,12.8,-999,-999,-999,0.0,0.0,0.0
9.26880693435669,-0.4985458831828592,0.018407847994444,0.2377680365949021,1.0400434116860875,-0.2653798085865681,-4.2551524265659575,-0.4970118958499888,0.0168738606615736,0.22856411259768,1.0400434116860875,-0.2640967093592611,-4.237468113546923,-5.38,-43.04,-112.98,-18.83,2.69,0.0,0.0479616478448041,0.0,0.0,0.0,32,37,37,36,36,0,-19,-38,-7,0,12.9,12.8,12.9,12.9,12.8,-999,-999,-999,0.0,0.0,0.0
9.285718202590942,-0.4970118958499888,0.0214758226601847,0.2377680365949021,1.0400434116860875,-0.2638458212536978,-4.234006724629889,-0.4970118958499888,0.0168738606615736,0.22856411259768,1.0400434116860875,-0.2640967093592611,-4.237468113546923,-5.38,-32.28,-102.22,-16.14,2.69,0.0,0.0479616478448041,0.0,0.0,0.0,32,37,37,36,36,6,-19,-32,-7,7,12.9,12.9,12.9,12.9,12.8,-999,-999,-999,0.0,0.0,0.0
9.30278778076172,-0.4985458831828592,0.0214758226601847,0.2377680365949021,1.0400434116860875,-0.2653798085865681,-4.2551524265659575,-0.4954779085171185,0.0199418353273143,0.2270301252648097,1.0400434116860875,-0.2640967093592611,-4.237468113546923,-5.38,-59.18,-115.67,-16.14,2.69,0.0,0.0479616478448041,0.0,0.0,0.0,32,37,37,36,36,0,-19,-38,-7,7,12.9,12.9,12.9,12.9,12.8,-999,-999,-999,0.0,0.0,0.0
9.319784879684448,-0.4970118958499888,0.0245437973259253,0.2377680365949021,1.0400434116860875,-0.2653798085865681,-4.2551524265659575,-0.4954779085171185,0.0214758226601847,0.2270301252648097,1.0400434116860875,-0.2640967093592611,-4.237468113546923,-5.38,-83.39,-134.5,-16.14,2.69,0.0,0.0719424717672062,0.0,0.0,0.0,32,36,37,36,36,6,-19,-44,-7,0,12.9,12.9,12.9,12.9,12.8,-999,-999,-999,0.0,0.0,0.0
9.336721420288086,-0.4970118958499888,0.0260777846587957,0.2377680365949021,1.0400434116860875,-0.2638458212536978,-4.234006724629889,-0.4954779085171185,0.023009809993055,0.2270301252648097,1.0400434116860875,-0.2640967093592611,-4.237468113546923,-2.69,-75.32,-134.5,-16.14,2.69,0.0,0.0719424717672062,0.0,0.0,0.0,32,36,37,36,36,6,-19,-44,-7,7,12.9,12.9,12.9,12.9,12.8,-999,-999,-999,0.0,0.0,0.0
9.353725671768188,-0.4970118958499888,0.027611771991666,0.2377680365949021,1.0400434116860875,-0.2638458212536978,-4.234006724629889,-0.4954779085171185,0.0245437973259253,0.2270301252648097,1.0400434116860875,-0.2640967093592611,-4.237468113546923,-2.69,-78.01,-137.19,-16.14,2.69,0.0,0.0719424717672062,0.0,0.0,0.0,32,36,37,35,36,6,-19,-44,-7,0,12.9,12.9,12.9,12.8,12.8,-999,-999,-999,0.0,0.0,0.0
9.370699405670166,-0.4985458831828592,0.0291457593245363,0.2377680365949021,1.0400434116860875,-0.2653798085865681,-4.2551524265659575,-0.4954779085171185,0.0245437973259253,0.2270301252648097,1.0400434116860875,-0.2640967093592611,-4.237468113546923,-2.69,-72.63,-137.19,-16.14,2.69,0.0,0.0959232956896083,0.0,0.0,0.0,32,36,37,35,36,12,-19,-44,-7,0,12.9,12.9,12.9,12.8,12.8,-999,-999,-999,0.0,0.0,0.0
9.388683319091797,-0.4970118958499888,0.0306797466574067,0.2377680365949021,1.0400434116860875,-0.2653798085865681,-4.2551524265659575,-0.4954779085171185,0.0291457593245363,0.2254961379319394,1.0400434116860875,-0.2640967093592611,-4.237468113546923,2.69,-83.39,-134.5,-16.14,2.69,0.0,0.0719424717672062,0.0,0.0,0.0,32,37,37,35,36,6,-19,-44,-7,7,12.9,12.9,12.9,12.8,12.8,-999,-999,-999,0.0,0.0,0.0
9.405778646469116,-0.4970118958499888,0.032213733990277,0.2377680365949021,1.0400434116860875,-0.2638458212536978,-4.234006724629889,-0.4970118958499888,0.0306797466574067,0.2254961379319394,1.0400434116860875,-0.2656306966921314,-4.258606768242922,-2.69,-34.97,-145.26,-16.14,5.38,0.0,0.0719424717672062,0.0,0.0,0.0,32,36,37,35,36,12,37,-50,-7,0,12.9,13.0,12.9,12.8,12.8,-999,-999,-999,0.0,0.0,0.0
9.42280650138855,-0.4970118958499888,0.0352817086560177,0.2377680365949021,1.0400434116860875,-0.2653798085865681,-4.2551524265659575,-0.4954779085171185,0.032213733990277,0.2254961379319394,1.0400434116860875,-0.2640967093592611,-4.237468113546923,-2.69,-53.8,-145.26,-16.14,2.69,0.0,0.0719424717672062,0.0,0.0,0.0,32,36,37,35,36,0,-13,-44,-7,-6,12.9,13.0,12.9,12.8,12.8,-999,-999,-999,0.0,0.0,0.0
9.440683126449583,-0.4970118958499888,0.0352817086560177,0.2377680365949021,1.0400434116860875,-0.2653798085865681,-4.2551524265659575,-0.4954779085171185,0.0337477213231473,0.2254961379319394,1.0385094243532176,-0.2640967093592611,-4.237468113546923,48.42,-80.7,-142.57,-16.14,2.69,0.0,0.0959232956896083,0.0,0.0,0.0,31,36,37,35,36,74,-19,-50,-7,0,12.9,13.0,12.9,12.8,12.8,-999,-999,-999,0.0,0.0,0.0
9.4576518535614,-0.4970118958499888,0.0383496833217584,0.2377680365949021,1.0400434116860875,-0.2638458212536978,-4.234006724629889,-0.4954779085171185,0.036815695988888,0.2254961379319394,1.0354414496874769,-0.2640967093592611,-4.237468113546923,-10.76,-78.01,-142.57,-16.14,2.69,0.0,0.0959232956896083,0.0,0.0,0.0,31,36,37,35,36,6,-19,-50,-7,7,13.0,13.0,12.9,12.8,12.8,-999,-999,-999,0.0,0.0,0.0
9.474765300750732,-0.4985458831828592,0.0398836706546287,0.2377680365949021,1.0400434116860875,-0.2638458212536978,-4.234006724629889,-0.4954779085171185,0.0383496833217584,0.2254961379319394,1.0339074623546065,-0.2640967093592611,-4.237468113546923,2.69,-83.39,-142.57,-40.35,2.69,0.0,0.0959232956896083,0.0,0.0,0.0,31,36,37,35,36,6,-19,-50,-19,7,13.0,13.0,12.9,12.8,12.8,-999,-999,-999,0.0,0.0,0.0
9.491727113723757,-0.4970118958499888,0.0429516453203694,0.2377680365949021,1.0385094243532176,-0.2638458212536978,-4.234006724629889,-0.4954779085171185,0.0383496833217584,0.2254961379319394,1.0308394876888658,-0.2640967093592611,-4.237468113546923,-2.69,-99.53,-147.95,-21.52,2.69,0.0,0.0959232956896083,0.0,0.0,0.0,31,36,37,35,36,6,-19,-50,-19,0,13.0,12.9,12.9,12.8,12.8,-999,-999,-999,0.0,0.0,0.0
9.508655071258543,-0.4970118958499888,0.0444856326532397,0.2377680365949021,1.0369754370203472,-0.2653798085865681,-4.2551524265659575,-0.4954779085171185,0.0383496833217584,0.2254961379319394,1.0308394876888658,-0.2640967093592611,-4.237468113546923,0.0,-110.29,-145.26,-16.14,2.69,0.0,0.0959232956896083,0.0,0.0,0.0,31,36,37,35,36,6,-25,-50,-25,7,13.0,12.9,12.9,12.9,12.8,-999,-999,-999,0.0,0.0,0.0
9.525692224502563,-0.4970118958499888,0.04601961998611,0.2377680365949021,1.0354414496874769,-0.2653798085865681,-4.2551524265659575,-0.4954779085171185,0.041417657987499,0.2270301252648097,1.023169551024514,-0.2640967093592611,-4.237468113546923,0.0,-91.46,-139.88,-48.42,2.69,0.0,0.0959232956896083,0.0,-0.0479616478448041,0.0,31,35,37,35,36,6,-25,-44,-38,7,13.0,13.0,13.0,12.8,12.8,-999,-999,-999,0.0,0.0,0.0
9.542654275894163,-0.4970118958499888,0.0475536073189804,0.2377680365949021,1.0323734750217362,-0.2653798085865681,-4.2551524265659575,-0.4954779085171185,0.041417657987499,0.2270301252648097,1.023169551024514,-0.2640967093592611,-4.237468113546923,-2.69,-102.22,-134.5,-56.49,5.38,0.0,0.0959232956896083,0.0,-0.0719424717672062,0.0,31,36,37,35,36,6,-25,-44,-44,0,13.0,13.0,12.9,12.8,12.8,-999,-999,-999,0.0,0.0,0.0
9.559675216674805,-0.4970118958499888,0.0490875946518507,0.2377680365949021,1.0293055003559954,-0.2638458212536978,-4.234006724629889,-0.4954779085171185,0.0444856326532397,0.22856411259768,1.013965627027292,-0.2640967093592611,-4.237468113546923,0.0,-96.84,-88.77,-32.28,5.38,0.0,0.0959232956896083,0.0,-0.0959232956896083,0.0,31,36,36,35,36,6,-25,-1,-44,7,13.0,13.0,12.9,12.8,12.8,-999,-999,-999,0.0,0.0,0.0
9.576707124710085,-0.4970118958499888,0.050621581984721,0.2377680365949021,1.0247035383573844,-0.2653798085865681,-4.2551524265659575,-0.4954779085171185,0.04601961998611,0.2300980999305504,1.0108976523615514,-0.2640967093592611,-4.237468113546923,-2.69,-102.22,-110.29,-48.42,2.69,0.0,0.0719424717672062,0.0,-0.1438849435344125,0.0,31,36,36,35,36,6,-25,-38,-44,0,13.0,13.0,12.9,12.8,12.8,-999,-999,-999,0.0,0.0,0.0
9.593713760375977,-0.4985458831828592,0.0521555693175914,0.2377680365949021,1.021635563691644,-0.2638458212536978,-4.234006724629889,-0.4954779085171185,0.0475536073189804,0.2300980999305504,1.0062956903629403,-0.2640967093592611,-4.237468113546923,0.0,-91.46,-75.32,-21.52,2.69,0.0,0.0719424717672062,0.0,-0.1678657674568146,0.0,31,36,36,35,36,6,-25,-32,-44,0,13.0,12.9,12.9,12.8,12.8,-999,-999,-999,0.0,0.0,0.0
9.610640525817873,-0.4985458831828592,0.0521555693175914,0.2362340492620317,1.0170336016930328,-0.2653798085865681,-4.2551524265659575,-0.4954779085171185,0.0475536073189804,0.2300980999305504,1.0062956903629403,-0.2640967093592611,-4.237468113546923,-5.38,-78.01,-78.01,-24.21,2.69,0.0,0.0719424717672062,0.0,-0.1918465913792167,0.0,32,36,36,35,36,6,-19,-32,-44,7,13.0,12.9,12.9,12.9,12.8,-999,-999,-999,0.0,0.0,0.0
9.627667665481567,-0.4970118958499888,0.0536895566504617,0.2377680365949021,1.013965627027292,-0.2653798085865681,-4.2551524265659575,-0.4970118958499888,0.0475536073189804,0.2316320872634207,1.0032277156971998,-0.2640967093592611,-4.237468113546923,0.0,-83.39,-64.56,-10.76,2.69,0.0,0.0719424717672062,0.0,-0.1918465913792167,0.0,32,37,36,35,37,6,-25,-25,-38,0,13.0,12.9,12.7,12.8,12.8,-999,-999,-999,0.0,0.0,0.0
9.64474868774414,-0.4970118958499888,0.055223543983332,0.2362340492620317,1.0108976523615514,-0.2653798085865681,-4.2551524265659575,-0.4954779085171185,0.0490875946518507,0.2316320872634207,0.9986257536985887,-0.2640967093592611,-4.237468113546923,32.28,-51.11,-59.18,-24.21,2.69,0.0,0.0479616478448041,0.0,-0.1918465913792167,0.0,32,37,36,35,37,6,-25,-25,-38,7,13.0,12.9,12.9,12.8,12.8,-999,-999,-999,0.0,0.0,0.0
9.661723852157593,-0.4970118958499888,0.055223543983332,0.2362340492620317,1.0078296776958109,-0.2638458212536978,-4.234006724629889,-0.4954779085171185,0.0490875946518507,0.2316320872634207,0.9986257536985887,-0.2640967093592611,-4.237468113546923,2.69,-78.01,-61.87,-5.38,2.69,0.0,0.0479616478448041,0.0,-0.1918465913792167,0.0,32,37,36,35,37,6,-25,-25,-32,7,12.9,12.9,12.9,12.8,12.8,-999,-999,-999,0.0,0.0,0.0
9.678743600845335,-0.4970118958499888,0.0567575313162024,0.2377680365949021,1.0032277156971998,-0.2638458212536978,-4.234006724629889,-0.4954779085171185,0.0490875946518507,0.2316320872634207,0.995557779032848,-0.2640967093592611,-4.237468113546923,0.0,-83.39,-61.87,-5.38,2.69,0.0,0.0479616478448041,0.0,-0.1918465913792167,0.0,32,37,36,35,37,6,-32,-25,-25,7,12.9,12.4,12.9,12.8,12.8,-999,-999,-999,0.0,0.0,0.0
9.69577431678772,-0.4970118958499888,0.0567575313162024,0.2377680365949021,1.0016937283643297,-0.2653798085865681,-4.2551524265659575,-0.4954779085171185,0.0490875946518507,0.2316320872634207,0.995557779032848,-0.2640967093592611,-4.237468113546923,-2.69,-91.46,-51.11,-2.69,2.69,0.0,0.0479616478448041,0.0,-0.1678657674568146,0.0,32,37,36,36,37,6,-32,-19,-25,0,12.9,12.9,12.9,12.8,12.8,-999,-999,-999,0.0,0.0,0.0
9.712750434875488,-0.4970118958499888,0.0567575313162024,0.2377680365949021,0.9986257536985887,-0.2638458212536978,-4.234006724629889,-0.4954779085171185,0.0490875946518507,0.233166074596291,0.995557779032848,-0.2640967093592611,-4.237468113546923,-2.69,-75.32,-51.11,13.45,2.69,0.0,0.023980823922402,0.0,-0.1438849435344125,0.0,32,37,36,36,36,6,-32,-19,-13,0,12.9,12.9,12.9,12.9,12.8,-999,-999,-999,0.0,0.0,0.0
9.729732275009155,-0.4970118958499888,0.0567575313162024,0.2377680365949021,0.9986257536985887,-0.2653798085865681,-4.2551524265659575,-0.4970118958499888,0.0490875946518507,0.2316320872634207,0.995557779032848,-0.2640967093592611,-4.237468113546923,0.0,-72.63,-40.35,0.0,2.69,0.0,0.023980823922402,0.0,-0.1199041196120104,0.0,32,37,36,35,36,6,-32,-19,-13,7,13.0,13.0,12.9,12.9,12.8,-999,-999,-999,0.0,0.0,0.0
9.74677300453186,-0.4970118958499888,0.0567575313162024,0.2377680365949021,0.9970917663657184,-0.2638458212536978,-4.234006724629889,-0.4954779085171185,0.0490875946518507,0.2316320872634207,0.995557779032848,-0.2640967093592611,-4.237468113546923,0.0,-72.63,-61.87,-2.69,2.69,0.0,0.0,0.0,-0.0959232956896083,0.0,32,37,37,35,36,6,-32,-25,-7,7,13.0,13.0,12.9,12.9,12.8,-999,-999,-999,0.0,0.0,0.0
9.763702869415283,-0.4970118958499888,0.0567575313162024,0.2377680365949021,0.9970917663657184,-0.2638458212536978,-4.234006724629889,-0.4954779085171185,0.0490875946518507,0.2316320872634207,0.995557779032848,-0.2640967093592611,-4.237468113546923,-2.69,-69.94,-61.87,-16.14,5.38,0.0,0.0,0.0,-0.0719424717672062,0.0,32,37,37,35,36,6,-32,-25,-7,7,13.0,12.9,12.9,12.9,12.8,-999,-999,-999,0.0,0.0,0.0
9.780694246292114,-0.4970118958499888,0.0567575313162024,0.2377680365949021,0.9970917663657184,-0.2638458212536978,-4.234006724629889,-0.4970118958499888,0.0490875946518507,0.2316320872634207,0.995557779032848,-0.2640967093592611,-4.237468113546923,0.0,-69.94,-32.28,-18.83,2.69,0.0,0.0,0.0,-0.0479616478448041,0.0,32,37,37,35,36,0,-32,-19,-7,0,13.0,12.9,12.9,12.9,12.8,-999,-999,-999,0.0,0.0,0.0
9.797709703445436,-0.4970118958499888,0.0567575313162024,0.2377680365949021,0.9986257536985887,-0.2653798085865681,-4.2551524265659575,-0.4985458831828592,0.0490875946518507,0.2316320872634207,0.995557779032848,-0.2640967093592611,-4.237468113546923,-2.69,-67.25,-59.18,-18.83,2.69,0.0,0.0,0.0,-0.023980823922402,0.0,32,37,37,35,36,0,-32,-25,-7,0,13.0,12.9,12.9,12.9,12.8,-999,-999,-999,0.0,0.0,0.0
9.814730167388916,-0.4970118958499888,0.0567575313162024,0.2377680365949021,0.9970917663657184,-0.2638458212536978,-4.234006724629889,-0.4985458831828592,0.0490875946518507,0.233166074596291,0.995557779032848,-0.2640967093592611,-4.237468113546923,0.0,-69.94,-61.87,-13.45,2.69,0.0,0.0,0.0,0.0,0.0,32,37,37,35,36,-7,-32,-25,-7,0,13.0,12.8,12.9,12.9,12.8,-999,-999,-999,0.0,0.0,0.0
9.832393407821655,-0.4970118958499888,0.0567575313162024,0.2377680365949021,0.9970917663657184,-0.2653798085865681,-4.2551524265659575,-0.4985458831828592,0.0490875946518507,0.2347000619291614,0.995557779032848,-0.2656306966921314,-4.258606768242922,0.0,-69.94,-34.97,-13.45,2.69,0.0,0.0,0.0,0.0,0.0,32,37,37,35,36,-7,-32,-19,-7,0,13.0,12.9,12.9,12.9,12.8,-999,-999,-999,0.0,0.0,0.0
9.84965181350708,-0.4970118958499888,0.0567575313162024,0.2377680365949021,0.9970917663657184,-0.2638458212536978,-4.234006724629889,-0.4985458831828592,0.0490875946518507,0.2347000619291614,0.995557779032848,-0.2640967093592611,-4.237468113546923,0.0,-69.94,-8.07,-16.14,2.69,0.0,0.0,0.0,0.0,0.0,32,37,37,35,36,-7,-32,-13,-7,-6,13.0,12.9,12.9,12.8,12.8,-999,-999,-999,0.0,0.0,0.0
9.86670732498169,-0.4970118958499888,0.0567575313162024,0.2377680365949021,0.9970917663657184,-0.2653798085865681,-4.2551524265659575,-0.4985458831828592,0.0490875946518507,0.2362340492620317,0.995557779032848,-0.2640967093592611,-4.237468113546923,0.0,-78.01,-16.14,-16.14,2.69,0.0,0.0,0.0,0.0,0.0,32,37,37,35,36,-7,-32,-13,-7,0,12.9,12.9,12.9,12.8,12.8,-999,-999,-999,0.0,0.0,0.0
9.883747577667236,-0.4970118958499888,0.0567575313162024,0.2377680365949021,0.9970917663657184,-0.2653798085865681,-4.2551524265659575,-0.5000798705157296,0.050621581984721,0.2377680365949021,0.995557779032848,-0.2640967093592611,-4.237468113546923,0.0,-72.63,-24.21,-16.14,5.38,0.0,0.0,0.0,0.0,0.0,32,37,37,35,36,-7,-32,-13,-7,7,12.9,12.9,12.9,12.9,12.8,-999,-999,-999,0.0,0.0,0.0
9.900685548782349,-0.4970118958499888,0.0567575313162024,0.2393020239277724,0.9970917663657184,-0.2653798085865681,-4.2551524265659575,-0.4985458831828592,0.050621581984721,0.2377680365949021,0.995557779032848,-0.2640967093592611,-4.237468113546923,21.52,-59.18,-51.11,-16.14,5.38,0.0,0.0,0.0,0.0,0.0,32,37,37,35,36,-7,-25,-7,-7,7,12.9,12.9,12.9,12.9,12.8,-999,-999,-999,0.0,0.0,0.0
9.91769027709961,-0.4970118958499888,0.0567575313162024,0.2408360112606427,0.9970917663657184,-0.2638458212536978,-4.234006724629889,-0.5000798705157296,0.050621581984721,0.2377680365949021,0.995557779032848,-0.2640967093592611,-4.237468113546923,2.69,-59.18,-37.66,-16.14,2.69,0.0,0.0,0.023980823922402,0.0,0.0,32,37,37,36,36,-7,-25,-13,-7,0,13.0,13.0,12.9,12.9,12.8,-999,-999,-999,0.0,0.0,0.0
9.934712648391724,-0.4985458831828592,0.0567575313162024,0.2423699985935131,0.9970917663657184,-0.2638458212536978,-4.234006724629889,-0.5000798705157296,0.0521555693175914,0.2377680365949021,0.995557779032848,-0.2656306966921314,-4.258606768242922,2.69,-56.49,-59.18,-16.14,2.69,0.0,0.0,0.0479616478448041,0.0,0.0,32,37,37,36,36,-7,-25,-19,-7,7,13.0,12.9,12.9,12.8,12.8,-999,-999,-999,0.0,0.0,0.0
9.951693534851074,-0.4985458831828592,0.0567575313162024,0.2439039859263834,0.9970917663657184,-0.2653798085865681,-4.2551524265659575,-0.4985458831828592,0.0536895566504617,0.2377680365949021,0.995557779032848,-0.2656306966921314,-4.258606768242922,0.0,-43.04,-80.7,-16.14,5.38,0.0,0.0,0.0479616478448041,0.0,0.0,32,37,37,36,36,-7,-19,-25,-7,0,12.9,12.9,12.9,12.8,12.7,-999,-999,-999,0.0,0.0,0.0
9.968759298324583,-0.4985458831828592,0.0582915186490727,0.2439039859263834,0.9970917663657184,-0.2653798085865681,-4.2551524265659575,-0.4985458831828592,0.055223543983332,0.2377680365949021,0.995557779032848,-0.2656306966921314,-4.258606768242922,0.0,-67.25,-59.18,-16.14,2.69,0.0,0.0,0.0479616478448041,0.0,0.0,32,37,37,36,36,0,-19,-25,-7,0,13.0,12.9,12.9,12.8,12.8,-999,-999,-999,0.0,0.0,0.0
9.985668659210203,-0.5000798705157296,0.0598255059819431,0.2439039859263834,0.9970917663657184,-0.2638458212536978,-4.234006724629889,-0.4985458831828592,0.055223543983332,0.2377680365949021,0.995557779032848,-0.2671646840250018,-4.2797023488503685,-2.69,-75.32,-61.87,-16.14,2.69,0.0,0.023980823922402,0.0479616478448041,0.0,0.0,32,37,37,35,36,0,-19,-25,-7,-6,13.0,12.9,12.9,12.8,12.8,-999,-999,-999,0.0,0.0,0.0
10.002652883529665,-0.4985458831828592,0.0613594933148134,0.2439039859263834,0.9970917663657184,-0.2638458212536978,-4.234006724629889,-0.4970118958499888,0.055223543983332,0.2377680365949021,0.995557779032848,-0.2671646840250018,-4.2797023488503685,-2.69,-80.7,-61.87,-16.14,-5.38,0.0,0.023980823922402,0.023980823922402,0.0,0.0,32,37,37,35,36,6,-25,-25,-7,-6,13.0,13.0,12.9,12.8,12.8,-999,-999,-999,0.0,0.0,0.0
10.019708395004272,-0.5000798705157296,0.0613594933148134,0.2439039859263834,0.9970917663657184,-0.2653798085865681,-4.2551524265659575,-0.4985458831828592,0.055223543983332,0.2377680365949021,0.995557779032848,-0.2702326586907425,-4.321764387926732,8.07,-75.32,-61.87,-16.14,0.0,0.0,0.0479616478448041,0.0,0.0,0.0,32,37,37,36,36,12,-25,-25,-7,-6,13.0,13.0,12.9,12.8,12.8,-999,-999,-999,0.0,0.0,0.0
10.036640882492064,-0.4985458831828592,0.0628934806476837,0.2439039859263834,0.9970917663657184,-0.2653798085865681,-4.2551524265659575,-0.4970118958499888,0.055223543983332,0.2377680365949021,0.995557779032848,-0.2717666460236128,-4.342730897390606,-5.38,-75.32,-64.56,-16.14,-18.83,0.0,0.0479616478448041,0.0,0.0,0.0,32,37,36,36,36,0,-25,-25,-7,-18,13.0,12.9,12.9,12.8,12.8,-999,-999,-999,0.0,0.0,0.0
10.05366587638855,-0.5000798705157296,0.0628934806476837,0.2439039859263834,0.9970917663657184,-0.2653798085865681,-4.2551524265659575,-0.4970118958499888,0.055223543983332,0.2377680365949021,0.995557779032848,-0.2748346206893535,-4.3845350264271366,2.69,-69.94,-61.87,-16.14,-16.14,0.0,0.0479616478448041,0.0,0.0,0.0,32,37,36,36,36,6,-25,-25,-7,-25,12.9,12.6,12.9,12.8,12.9,-999,-999,-999,0.0,0.0,0.0
10.070634603500366,-0.4985458831828592,0.0628934806476837,0.2439039859263834,0.9970917663657184,-0.2669137959194385,-4.276255050370419,-0.4970118958499888,0.055223543983332,0.2377680365949021,0.995557779032848,-0.2748346206893535,-4.3845350264271366,-2.69,-75.32,-64.56,-16.14,0.0,0.0,0.023980823922402,0.0,0.0,0.0,32,37,36,36,36,12,-32,-25,-7,-31,12.9,12.9,12.9,12.8,12.9,-999,-999,-999,0.0,0.0,0.0
10.088339567184448,-0.4985458831828592,0.0628934806476837,0.2439039859263834,0.9970917663657184,-0.2699817705851791,-4.318331163466811,-0.4970118958499888,0.055223543983332,0.2377680365949021,0.995557779032848,-0.2840385446865755,-4.508918242140985,-5.38,-75.32,-64.56,-16.14,-18.83,0.0,0.023980823922402,0.0,0.0,-0.023980823922402,32,37,37,36,36,12,-32,-25,-7,-50,12.9,12.9,12.9,12.8,12.8,-999,-999,-999,0.0,0.0,0.0
10.105715990066528,-0.4985458831828592,0.0628934806476837,0.2439039859263834,0.9970917663657184,-0.2730497452509198,-4.360235267408405,-0.4970118958499888,0.055223543983332,0.2377680365949021,0.995557779032848,-0.2886405066851865,-4.570532333212623,-2.69,-72.63,-64.56,-16.14,-5.38,0.0,0.0,0.0,0.0,-0.0719424717672062,32,37,37,36,36,6,-32,-25,-7,-43,12.9,12.9,12.9,12.8,12.8,-999,-999,-999,0.0,0.0,0.0
10.122680187225342,-0.4985458831828592,0.0628934806476837,0.2439039859263834,0.9970917663657184,-0.2776517072495308,-4.422769365809227,-0.4970118958499888,0.055223543983332,0.2377680365949021,0.995557779032848,-0.2886405066851865,-4.570532333212623,2.69,-72.63,-64.56,-16.14,-21.52,0.0,0.0,0.0,0.0,-0.1199041196120104,32,37,37,36,36,6,-32,-25,-7,-50,12.9,12.9,12.9,12.8,12.8,-999,-999,-999,0.0,0.0,0.0
10.139736652374268,-0.4985458831828592,0.0628934806476837,0.2439039859263834,0.9970917663657184,-0.2807196819152714,-4.46424437571815,-0.4985458831828592,0.055223543983332,0.2377680365949021,0.995557779032848,-0.2978444306824085,-4.692609478689612,0.0,-67.25,-64.56,-13.45,-13.45,0.0,0.0,0.0,0.0,-0.1678657674568146,32,37,37,36,36,6,-32,-25,-7,-50,12.9,12.9,12.9,12.8,12.8,-999,-999,-999,0.0,0.0,0.0
10.15678334236145,-0.4985458831828592,0.0628934806476837,0.2439039859263834,0.9970917663657184,-0.2853216439138825,-4.526135866635528,-0.4970118958499888,0.055223543983332,0.2377680365949021,0.995557779032848,-0.3055143673467602,-4.793172097954761,-5.38,-72.63,-59.18,-16.14,-10.76,0.0,0.0,0.0,0.0,-0.1918465913792167,32,37,37,36,36,0,-32,-25,-7,-50,12.9,12.5,12.9,12.8,12.8,-999,-999,-999,0.0,0.0,0.0
10.173747301101685,-0.5000798705157296,0.0628934806476837,0.2439039859263834,0.9970917663657184,-0.2883896185796232,-4.567183181327959,-0.4985458831828592,0.055223543983332,0.2377680365949021,0.995557779032848,-0.3116503166782415,-4.872860414479222,0.0,-72.63,-61.87,-16.14,-18.83,0.0,0.0,0.0,0.0,-0.1918465913792167,32,37,37,36,36,6,-32,-25,-7,-56,12.9,12.9,12.9,12.8,12.7,-999,-999,-999,0.0,0.0,0.0
10.190694093704224,-0.4985458831828592,0.0628934806476837,0.2439039859263834,0.9970917663657184,-0.2945255679111045,-4.648766053762468,-0.4985458831828592,0.055223543983332,0.2377680365949021,0.995557779032848,-0.3193202533425933,-4.971522194149139,0.0,-72.63,-61.87,-16.14,-10.76,0.0,0.0,0.0,0.0,-0.2158274153016187,32,37,37,36,37,0,-32,-25,-7,-62,12.9,12.9,12.9,12.8,12.8,-999,-999,-999,0.0,0.0,0.0
10.207721948623655,-0.5000798705157296,0.0628934806476837,0.2439039859263834,0.9970917663657184,-0.3006615172425858,-4.729668232379583,-0.4985458831828592,0.055223543983332,0.2377680365949021,0.995557779032848,-0.3300581646726856,-5.1078859899712645,-2.69,-69.94,-61.87,-16.14,-16.14,0.0,0.0,0.0,0.0,-0.263789063146423,32,37,37,35,37,0,-32,-25,-7,-62,12.9,12.9,12.9,12.8,12.8,-999,-999,-999,0.0,0.0,0.0
10.224751949310305,-0.5000798705157296,0.0628934806476837,0.2439039859263834,0.9970917663657184,-0.3067974665740672,-4.80989176990201,-0.4985458831828592,0.055223543983332,0.2393020239277724,0.995557779032848,-0.3392620886699076,-5.223141243895557,-2.69,-69.94,-61.87,-16.14,-10.76,0.0,0.0,0.0,0.0,-0.287769887068825,32,37,37,35,37,0,-32,-25,-7,-75,12.9,12.9,12.8,12.8,12.7,-999,-999,-999,0.0,0.0,0.0
10.241695165634155,-0.4985458831828592,0.0628934806476837,0.2439039859263834,0.9970917663657184,-0.3144674032384189,-4.909220113527343,-0.4985458831828592,0.055223543983332,0.2393020239277724,0.995557779032848,-0.3484660126671296,-5.336902674357647,-2.69,-69.94,-34.97,-16.14,-13.45,0.0,0.0,0.0,0.0,-0.3117507109912271,32,37,37,35,37,6,-32,-19,-7,-87,12.9,12.9,12.9,12.8,12.8,-999,-999,-999,0.0,0.0,0.0
10.258629322052002,-0.4985458831828592,0.0628934806476837,0.2439039859263834,0.9970917663657184,-0.3221373399027705,-5.00749576913289,-0.4985458831828592,0.055223543983332,0.2393020239277724,0.995557779032848,-0.3484660126671296,-5.336902674357647,-2.69,-72.63,-32.28,-18.83,-2.69,0.0,0.0,0.0,0.0,-0.3597123588360313,32,37,37,35,36,0,-32,-19,-7,-87,12.9,12.8,12.9,12.8,12.8,-999,-999,-999,0.0,0.0,0.0
10.275684356689451,-0.5000798705157296,0.0628934806476837,0.2439039859263834,0.9970917663657184,-0.3313412638999926,-5.124043405811496,-0.4985458831828592,0.0536895566504617,0.2393020239277724,0.995557779032848,-0.368407847994444,-5.578303665312813,8.07,-72.63,-37.66,-18.83,0.0,0.0,0.0,0.0,0.0,-0.4076740066808355,32,37,37,35,36,6,-32,-19,-7,-87,12.9,12.9,12.9,12.8,12.8,-999,-999,-999,0.0,0.0,0.0
10.292635917663574,-0.4985458831828592,0.0628934806476837,0.2439039859263834,0.9970917663657184,-0.3405451878972146,-5.2390898917599324,-0.4985458831828592,0.0536895566504617,0.2393020239277724,0.995557779032848,-0.368407847994444,-5.578303665312813,-5.38,-104.91,-43.04,-18.83,0.0,0.0,0.0,0.0,0.0,-0.4316548306032375,32,37,37,35,36,0,-38,-19,-7,-87,12.9,12.9,12.9,12.8,12.8,-999,-999,-999,0.0,0.0,0.0
10.309677124023438,-0.4985458831828592,0.0628934806476837,0.2454379732592537,0.9970917663657184,-0.3512830992273069,-5.371424914562707,-0.4985458831828592,0.055223543983332,0.2393020239277724,0.995557779032848,-0.391417657987499,-5.84830572737969,-5.38,-75.32,-61.87,-18.83,-10.76,0.0,0.0,0.0,0.0,-0.4796164784480417,32,37,37,35,36,6,-32,-25,-7,-106,12.9,12.9,12.9,12.8,12.8,-999,-999,-999,0.0,0.0,0.0
10.326640844345093,-0.4985458831828592,0.0628934806476837,0.2439039859263834,0.9970917663657184,-0.3604870232245289,-5.48324865227438,-0.4985458831828592,0.055223543983332,0.2393020239277724,0.9940237916999776,-0.4036895566504617,-5.988617403959175,-5.38,-69.94,-45.73,-18.83,-8.07,0.0,0.0,0.0,0.0,-0.5035973023704439,32,37,37,35,36,0,-32,-19,-7,-112,12.9,13.0,12.9,12.8,12.8,-999,-999,-999,0.0,0.0,0.0
10.343725681304932,-0.4985458831828592,0.0628934806476837,0.2454379732592537,0.9970917663657184,-0.3712249345546213,-5.611848679395294,-0.4985458831828592,0.055223543983332,0.2393020239277724,0.9940237916999776,-0.4159614553134244,-6.126394416611412,-5.38,-69.94,-67.25,-8.07,-8.07,0.0,0.0,0.0,0.0,-0.527578126292846,32,37,37,36,36,0,-32,-25,-13,-112,12.9,13.0,12.9,12.8,12.8,-999,-999,-999,0.0,0.0,0.0
10.3607177734375,-0.5000798705157296,0.0628934806476837,0.2454379732592537,0.9970917663657184,-0.3819628458847137,-5.738459060454177,-0.4985458831828592,0.055223543983332,0.2393020239277724,0.9940237916999776,-0.4282333539763871,-6.26166233431609,-5.38,-67.25,-61.87,-5.38,-10.76,0.0,0.0,0.0,0.0,-0.551558950215248,32,37,37,36,36,0,-32,-25,-13,-118,12.9,12.8,12.9,12.6,12.7,-999,-999,-999,0.0,0.0,0.0
10.377723217010498,-0.4985458831828592,0.0628934806476837,0.2454379732592537,0.9970917663657184,-0.392700757214806,-5.863095532928075,-0.4985458831828592,0.055223543983332,0.2393020239277724,0.9940237916999776,-0.4405052526393498,-6.394447368575704,-5.38,-69.94,-56.49,-16.14,-2.69,0.0,0.0,0.0,0.0,-0.5755397741376501,32,37,37,36,36,6,-32,-25,-13,-118,12.9,13.0,12.9,12.8,12.7,-999,-999,-999,0.0,0.0,0.0
10.394728660583496,-0.4985458831828592,0.0628934806476837,0.2454379732592537,0.995557779032848,-0.4049726558777687,-6.003141018965083,-0.4985458831828592,0.055223543983332,0.2393020239277724,0.9940237916999776,-0.4543111386351828,-6.54089608666486,-5.38,-67.25,-61.87,-18.83,-2.69,0.0,0.0,0.0,0.0,-0.6235014219824543,32,37,37,36,36,0,-25,-25,-7,-125,12.9,12.9,12.8,12.8,12.7,-999,-999,-999,0.0,0.0,0.0
10.411751747131348,-0.4985458831828592,0.0628934806476837,0.2454379732592537,0.995557779032848,-0.4172445545407314,-6.140654482427177,-0.4985458831828592,0.055223543983332,0.2393020239277724,0.9940237916999776,-0.4681170246310158,-6.684275241277581,-5.38,-69.94,-67.25,-18.83,-2.69,0.0,0.0,0.0,0.0,-0.6474822459048564,32,37,37,36,36,0,-32,-25,-7,-125,12.9,12.9,12.3,12.8,12.7,-999,-999,-999,0.0,0.0,0.0
10.429636240005491,-0.4985458831828592,0.0628934806476837,0.2454379732592537,0.995557779032848,-0.4295164532036941,-6.2756615625633865,-0.5000798705157296,0.055223543983332,0.2393020239277724,0.9940237916999776,-0.4803889232939785,-6.809178485964023,-5.38,-69.94,-88.77,-16.14,0.0,0.0,0.0,0.0,0.0,-0.6714630698272585,32,37,37,36,36,0,-32,-25,-13,-131,12.9,12.9,12.8,12.8,12.7,-999,-999,-999,0.0,0.0,0.0
10.446709871292114,-0.5000798705157296,0.0628934806476837,0.2454379732592537,0.995557779032848,-0.4417883518666567,-6.408188534280357,-0.5000798705157296,0.055223543983332,0.2393020239277724,0.9940237916999776,-0.4941948092898116,-6.946868203555572,0.0,-69.94,-88.77,-18.83,-10.76,0.0,0.0,0.0,0.0,-0.6714630698272585,32,36,37,36,36,0,-32,-25,-7,-125,12.9,12.9,12.8,12.8,12.7,-999,-999,-999,0.0,0.0,0.0
10.463656187057495,-0.4985458831828592,0.0628934806476837,0.2454379732592537,0.995557779032848,-0.4540602505296194,-6.538262243533641,-0.5000798705157296,0.055223543983332,0.2393020239277724,0.9940237916999776,-0.5080006952856446,-7.081604434166305,0.0,-69.94,-91.46,-18.83,-5.38,0.0,0.0,0.0,0.0,-0.6954438937496605,32,36,37,36,36,-7,-32,-25,-7,-131,12.9,12.7,12.8,12.8,12.7,-999,-999,-999,0.0,0.0,0.0
10.48069167137146,-0.4985458831828592,0.0628934806476837,0.2454379732592537,0.995557779032848,-0.4678661365254525,-6.681696828375492,-0.5000798705157296,0.055223543983332,0.2393020239277724,0.9940237916999776,-0.5202725939486073,-7.1989237399055614,0.0,-69.94,-94.15,-18.83,-5.38,0.0,0.0,0.0,0.0,-0.7194247176720626,32,36,37,36,36,-7,-32,-25,-7,-131,12.9,12.9,12.8,12.8,12.7,-999,-999,-999,0.0,0.0,0.0
10.497650861740112,-0.5000798705157296,0.0628934806476837,0.2454379732592537,0.995557779032848,-0.4801380351884152,-6.806648735252354,-0.5000798705157296,0.055223543983332,0.2393020239277724,0.9940237916999776,-0.5340784799444402,-7.328193637241656,0.0,-69.94,-86.08,-16.14,-2.69,0.0,0.0,0.0,0.0,-0.7194247176720626,32,37,37,36,36,0,-32,-25,-7,-131,12.9,12.9,12.8,12.8,12.7,-999,-999,-999,0.0,0.0,0.0
10.514662027359009,-0.5000798705157296,0.0628934806476837,0.2454379732592537,0.995557779032848,-0.4939439211842482,-6.944392503189622,-0.5000798705157296,0.055223543983332,0.2393020239277724,0.9940237916999776,-0.546350378607403,-7.440719881326559,0.0,-69.94,-80.7,-13.45,0.0,0.0,0.0,0.0,0.0,-0.7434055415944647,32,37,37,35,36,-7,-32,-25,-7,-131,12.9,12.9,12.8,12.8,12.7,-999,-999,-999,0.0,0.0,0.0
10.53164005279541,-0.4985458831828592,0.0628934806476837,0.2454379732592537,0.995557779032848,-0.5077498071800812,-7.079182040442803,-0.5000798705157296,0.055223543983332,0.2393020239277724,0.9924898043671074,-0.5586222772703657,-7.551036423825504,0.0,-72.63,-83.39,-13.45,0.0,0.0,0.0,0.0,0.0,-0.7434055415944647,32,37,36,36,36,-7,-32,-25,-7,-131,12.9,13.0,12.9,12.8,12.8,-999,-999,-999,0.0,0.0,0.0
10.548596143722534,-0.4985458831828592,0.0628934806476837,0.2454379732592537,0.995557779032848,-0.5200217058430439,-7.196548099924855,-0.5000798705157296,0.055223543983332,0.2393020239277724,0.9924898043671074,-0.5586222772703657,-7.551036423825504,0.0,-69.94,-88.77,0.0,-2.69,0.0,0.0,0.0,0.0,-0.7673863655168668,32,37,36,36,36,-7,-32,-25,-13,-125,12.9,12.9,12.8,12.8,12.8,-999,-999,-999,0.0,0.0,0.0
10.565773487091064,-0.4985458831828592,0.0628934806476837,0.2454379732592537,0.995557779032848,-0.5322936045060066,-7.311641539348015,-0.5000798705157296,0.055223543983332,0.2393020239277724,0.9924898043671074,-0.5708941759333284,-7.65917271653247,0.0,-72.63,-69.94,-2.69,-5.38,0.0,0.0,0.0,0.0,-0.7673863655168668,32,37,36,36,36,-7,-32,-25,-13,-125,12.9,12.9,12.8,12.8,12.7,-999,-999,-999,0.0,0.0,0.0
10.582656145095823,-0.4985458831828592,0.0628934806476837,0.2454379732592537,0.995557779032848,-0.5460994905018396,-7.438441608012705,-0.5000798705157296,0.055223543983332,0.2393020239277724,0.9924898043671074,-0.583166074596291,-7.765158232520048,0.0,-72.63,-88.77,-13.45,0.0,0.0,0.0,0.0,0.0,-0.7434055415944647,32,37,36,36,36,-7,-32,-25,-7,-118,12.9,12.9,12.8,12.9,12.7,-999,-999,-999,0.0,0.0,0.0
10.599608421325684,-0.5000798705157296,0.0628934806476837,0.2454379732592537,0.995557779032848,-0.5599053764976727,-7.562444263480635,-0.5000798705157296,0.055223543983332,0.2393020239277724,0.9924898043671074,-0.5939039859263834,-7.856154406665888,0.0,-72.63,-88.77,-13.45,-13.45,0.0,0.0,0.0,0.0,-0.7194247176720626,32,37,36,36,36,-7,-32,-25,-7,-131,12.9,12.9,12.8,12.8,12.8,-999,-999,-999,0.0,0.0,0.0
10.616702556610107,-0.5000798705157296,0.0628934806476837,0.2439039859263834,0.9940237916999776,-0.570643287827765,-7.65698360201664,-0.5000798705157296,0.055223543983332,0.2393020239277724,0.9924898043671074,-0.6184477832523088,-8.058152451213587,-2.69,-69.94,-86.08,-13.45,0.0,0.0,0.0,0.0,0.0,-0.7194247176720626,32,37,36,36,36,0,-32,-25,-7,-118,12.9,12.9,12.9,12.8,12.8,-999,-999,-999,0.0,0.0,0.0
10.633643627166748,-0.4985458831828592,0.0628934806476837,0.2454379732592537,0.9940237916999776,-0.5829151864907277,-7.763012793669729,-0.5000798705157296,0.055223543983332,0.2377680365949021,0.9924898043671074,-0.6276517072495308,-8.131788449614781,0.0,-69.94,-78.01,-13.45,0.0,0.0,0.0,0.0,0.0,-0.6954438937496605,32,37,36,36,36,-7,-32,-25,-13,-125,12.9,12.9,12.9,12.8,12.8,-999,-999,-999,0.0,0.0,0.0
10.65063190460205,-0.4985458831828592,0.0628934806476837,0.2454379732592537,0.9940237916999776,-0.5951870851536903,-7.86692006183015,-0.5000798705157296,0.055223543983332,0.2377680365949021,0.9924898043671074,-0.6399236059124935,-8.228208544562946,0.0,-72.63,-88.77,-16.14,-5.38,0.0,0.0,0.0,0.0,-0.6954438937496605,32,37,36,36,36,0,-32,-32,-7,-125,12.9,12.9,12.9,12.9,12.7,-999,-999,-999,0.0,0.0,0.0
10.667648553848268,-0.4985458831828592,0.0628934806476837,0.2454379732592537,0.9940237916999776,-0.6059249964837827,-7.956121396351854,-0.5000798705157296,0.055223543983332,0.2377680365949021,0.9924898043671074,-0.6491275299097155,-8.299218505094803,0.0,-72.63,-86.08,-13.45,0.0,0.0,0.0,0.0,0.0,-0.6954438937496605,32,37,36,36,36,0,-32,-25,-7,-112,12.9,12.9,12.9,12.8,12.7,-999,-999,-999,0.0,0.0,0.0
10.68467378616333,-0.5000798705157296,0.0628934806476837,0.2439039859263834,0.995557779032848,-0.6166629078138751,-8.043740286324066,-0.5000798705157296,0.055223543983332,0.2393020239277724,0.9924898043671074,-0.6583314539069376,-8.369123281069827,0.0,-72.63,-91.46,-13.45,-2.69,0.0,0.0,0.0,0.0,-0.6954438937496605,32,37,36,36,36,0,-32,-25,-7,-112,12.9,12.9,12.9,12.8,12.7,-999,-999,-999,0.0,0.0,0.0
10.701667785644531,-0.4985458831828592,0.0628934806476837,0.2454379732592537,0.9940237916999776,-0.6274008191439674,-8.129796303665918,-0.5000798705157296,0.055223543983332,0.2393020239277724,0.9924898043671074,-0.6675353779041595,-8.437934931126877,-5.38,-69.94,-69.94,-16.14,-5.38,0.0,0.0,0.0,0.0,-0.6714630698272585,32,37,36,36,36,0,-32,-25,-7,-106,12.9,12.9,12.9,12.8,12.8,-999,-999,-999,0.0,0.0,0.0
10.718647956848145,-0.5000798705157296,0.0628934806476837,0.2454379732592537,0.9940237916999776,-0.6396727178069301,-8.226257308637049,-0.5000798705157296,0.055223543983332,0.2393020239277724,0.9924898043671074,-0.6767393019013815,-8.50566543848057,0.0,-72.63,-59.18,-16.14,-5.38,0.0,0.0,0.0,0.0,-0.6474822459048564,32,37,36,35,36,0,-32,-25,-13,-100,12.9,12.9,12.8,12.8,12.8,-999,-999,-999,0.0,0.0,0.0
10.735623836517334,-0.4985458831828592,0.0628934806476837,0.2454379732592537,0.9940237916999776,-0.6504106291370224,-8.309029800221323,-0.5000798705157296,0.055223543983332,0.2393020239277724,0.9924898043671074,-0.6767393019013815,-8.50566543848057,-8.07,-72.63,-59.18,-13.45,-5.38,0.0,0.0,0.0,0.0,-0.6235014219824543,32,37,36,35,36,0,-32,-25,-7,-93,12.9,12.9,12.9,12.8,12.8,-999,-999,-999,0.0,0.0,0.0
10.752658367156982,-0.5000798705157296,0.0628934806476837,0.2454379732592537,0.9940237916999776,-0.6596145531342444,-8.378781464166266,-0.5000798705157296,0.055223543983332,0.2377680365949021,0.9924898043671074,-0.6859432258986036,-8.572326705389614,-2.69,-67.25,-80.7,-16.14,-8.07,0.0,0.0,0.0,0.0,-0.5995205980600522,32,37,37,35,36,-7,-32,-32,-7,-100,12.9,13.0,12.4,12.8,12.8,-999,-999,-999,0.0,0.0,0.0
10.769708395004272,-0.5000798705157296,0.0628934806476837,0.2454379732592537,0.9940237916999776,-0.6688184771314665,-8.447441677401207,-0.4985458831828592,0.055223543983332,0.2393020239277724,0.9924898043671074,-0.7043510738930476,-8.7024886911062,-5.38,-69.94,-59.18,-16.14,-10.76,0.0,0.0,0.0,0.0,-0.5755397741376501,32,37,37,35,36,6,-25,-25,-7,-100,12.9,13.0,12.8,12.8,12.8,-999,-999,-999,0.0,0.0,0.0
10.786691904067991,-0.5000798705157296,0.0628934806476837,0.2454379732592537,0.9940237916999776,-0.6780224011286885,-8.515022412179524,-0.4985458831828592,0.055223543983332,0.2393020239277724,0.9924898043671074,-0.7135549978902695,-8.766012764165096,-5.38,-69.94,-61.87,-16.14,-2.69,0.0,0.0,0.0,0.0,-0.551558950215248,32,37,37,35,36,6,-32,-25,-13,-93,12.9,13.0,12.8,12.8,12.7,-999,-999,-999,0.0,0.0,0.0
10.803680181503296,-0.4985458831828592,0.0628934806476837,0.2454379732592537,0.9940237916999776,-0.6872263251259105,-8.581535559052421,-0.4985458831828592,0.055223543983332,0.2393020239277724,0.9924898043671074,-0.7212249345546213,-8.81816789789794,-5.38,-72.63,-56.49,-16.14,-5.38,0.0,0.0,0.0,0.0,-0.551558950215248,32,37,37,35,36,0,-32,-25,-7,-93,12.9,12.9,12.9,12.8,12.8,-999,-999,-999,0.0,0.0,0.0
10.820689916610718,-0.4985458831828592,0.0628934806476837,0.2454379732592537,0.9940237916999776,-0.6964302491231326,-8.646992921690755,-0.4985458831828592,0.055223543983332,0.2377680365949021,0.9924898043671074,-0.7288948712189729,-8.869619552540662,-5.38,-69.94,-61.87,-16.14,-5.38,0.0,0.0,0.0,0.0,-0.551558950215248,32,37,37,35,36,0,-32,-25,-7,-93,12.9,12.9,12.9,12.8,12.8,-999,-999,-999,0.0,0.0,0.0
10.837708950042725,-0.5000798705157296,0.0628934806476837,0.2454379732592537,0.995557779032848,-0.7056341731203546,-8.711406212007578,-0.4985458831828592,0.055223543983332,0.2393020239277724,0.9924898043671074,-0.7365648078833247,-8.92037429325463,-5.38,-69.94,-80.7,-18.83,0.0,0.0,0.0,0.0,0.0,-0.527578126292846,32,37,37,35,36,0,-32,-32,-7,-87,12.9,12.9,12.9,12.8,12.8,-999,-999,-999,0.0,0.0,0.0
10.854681968688965,-0.4985458831828592,0.0628934806476837,0.2454379732592537,0.9940237916999776,-0.7133041097847063,-8.764294781748895,-0.4985458831828592,0.055223543983332,0.2393020239277724,0.9909558170342372,-0.7442347445476764,-8.970438631989804,-5.38,-69.94,-48.42,-16.14,0.0,0.0,0.0,0.0,0.0,-0.527578126292846,32,37,37,35,36,6,-32,-25,-7,-81,12.9,12.9,12.8,12.8,12.8,-999,-999,-999,0.0,0.0,0.0
10.871640920639038,-0.4985458831828592,0.0613594933148134,0.2454379732592537,0.9940237916999776,-0.7209740464490579,-8.816473038177392,-0.4985458831828592,0.055223543983332,0.2393020239277724,0.9924898043671074,-0.751904681212028,-9.01981902611805,-5.38,-72.63,-61.87,0.0,-2.69,0.0,0.0,0.0,0.0,-0.5035973023704439,32,37,36,35,36,6,-32,-25,-13,-81,12.9,12.9,12.8,12.9,12.8,-999,-999,-999,0.0,0.0,0.0
10.888707399368286,-0.5000798705157296,0.0628934806476837,0.2454379732592537,0.9940237916999776,-0.7286439831134096,-8.867947599883111,-0.4985458831828592,0.055223543983332,0.2393020239277724,0.9924898043671074,-0.7595746178763797,-9.068521877147555,-5.38,-69.94,-64.56,-5.38,-5.38,0.0,0.0,0.0,0.0,-0.5035973023704439,32,37,36,35,36,6,-32,-25,-7,-75,12.9,12.9,13.0,12.9,12.8,-999,-999,-999,0.0,0.0,0.0
10.90569519996643,-0.5000798705157296,0.0628934806476837,0.2454379732592537,0.9940237916999776,-0.739381894443502,-8.938842272381507,-0.4985458831828592,0.055223543983332,0.2393020239277724,0.9924898043671074,-0.765710567207861,-9.10700059234896,-5.38,-69.94,-59.18,-13.45,-2.69,0.0,0.0,0.0,0.0,-0.4796164784480417,32,37,36,35,36,0,-32,-25,-7,-68,12.9,12.9,13.0,12.9,12.8,-999,-999,-999,0.0,0.0,0.0
10.922674894332886,-0.4985458831828592,0.0628934806476837,0.2454379732592537,0.9940237916999776,-0.7455178437749833,-8.978746913104654,-0.4985458831828592,0.055223543983332,0.2393020239277724,0.9924898043671074,-0.765710567207861,-9.10700059234896,-5.38,-67.25,-59.18,-16.14,-2.69,0.0,0.0,0.0,0.0,-0.4556356545256396,32,37,36,35,36,0,-32,-25,-7,-75,12.9,12.9,12.9,12.8,12.8,-999,-999,-999,0.0,0.0,0.0
10.939685344696043,-0.4985458831828592,0.0628934806476837,0.2454379732592537,0.9940237916999776,-0.753187780439335,-9.028013517098756,-0.4985458831828592,0.055223543983332,0.2393020239277724,0.9909558170342372,-0.779516453203694,-9.19202374837918,-5.38,-69.94,-80.7,-5.38,0.0,0.0,0.0,0.0,0.0,-0.4556356545256396,32,37,37,35,36,0,-32,-32,-13,-68,12.9,12.9,12.9,12.8,12.8,-999,-999,-999,0.0,0.0,0.0
10.956645488739014,-0.5000798705157296,0.0628934806476837,0.2454379732592537,0.9940237916999776,-0.7608577171036867,-9.07660364335802,-0.5000798705157296,0.055223543983332,0.2393020239277724,0.9924898043671074,-0.7856524025351754,-9.229128497222042,-5.38,-72.63,-64.56,-16.14,-2.69,0.0,0.0,0.0,0.0,-0.4316548306032375,32,37,37,35,36,6,-32,-25,-13,-62,12.9,12.9,12.9,12.8,12.8,-999,-999,-999,0.0,0.0,0.0
10.973678827285768,-0.5000798705157296,0.0628934806476837,0.2454379732592537,0.9924898043671074,-0.766993666435168,-9.114992939320125,-0.5000798705157296,0.055223543983332,0.2393020239277724,0.9924898043671074,-0.7933223391995271,-9.27492473853152,-5.38,-72.63,-61.87,-8.07,-2.69,0.0,0.0,0.0,0.0,-0.4076740066808355,32,37,37,35,36,-7,-32,-25,-7,-68,12.9,12.9,12.9,12.8,12.8,-999,-999,-999,0.0,0.0,0.0
10.990711212158203,-0.5000798705157296,0.0628934806476837,0.2454379732592537,0.9924898043671074,-0.7731296157666494,-9.152956561463018,-0.5000798705157296,0.055223543983332,0.2393020239277724,0.9924898043671074,-0.7979243011981381,-9.302092982373564,-5.38,-72.63,-59.18,-10.76,-8.07,0.0,0.0,0.0,0.0,-0.4076740066808355,32,36,37,35,36,0,-32,-25,-7,-68,12.9,12.9,12.9,12.8,12.8,-999,-999,-999,0.0,0.0,0.0
11.008662223815918,-0.4985458831828592,0.0628934806476837,0.2454379732592537,0.9940237916999776,-0.7807995524310011,-9.199817346253804,-0.5000798705157296,0.055223543983332,0.2393020239277724,0.9924898043671074,-0.8040602505296195,-9.337958926394146,-5.38,-69.94,-61.87,-10.76,-5.38,0.0,0.0,0.0,0.0,-0.4076740066808355,31,36,37,36,36,-7,-32,-25,0,-68,12.9,12.9,12.9,12.8,12.8,-999,-999,-999,0.0,0.0,0.0
11.02568745613098,-0.5000798705157296,0.0628934806476837,0.2454379732592537,0.9940237916999776,-0.7869355017624824,-9.236834836634586,-0.5000798705157296,0.055223543983332,0.2393020239277724,0.9924898043671074,-0.8086622125282305,-9.36459127497647,-8.07,-69.94,-61.87,-10.76,-5.38,0.0,0.0,0.0,0.0,-0.3836931827584334,31,36,37,36,36,0,-32,-25,0,-62,12.9,12.9,12.8,12.8,12.8,-999,-999,-999,0.0,0.0,0.0
11.042593717575071,-0.5000798705157296,0.0628934806476837,0.2454379732592537,0.9940237916999776,-0.7930714510939637,-9.273436937782442,-0.5000798705157296,0.055223543983332,0.2393020239277724,0.9924898043671074,-0.8086622125282305,-9.36459127497647,-5.38,-72.63,-59.18,-8.07,-5.38,0.0,0.0,0.0,0.0,-0.3836931827584334,31,36,37,36,36,0,-32,-25,-7,-62,12.9,12.9,12.9,12.8,12.8,-999,-999,-999,0.0,0.0,0.0
11.05963373184204,-0.5000798705157296,0.0628934806476837,0.2454379732592537,0.9940237916999776,-0.799207400425445,-9.30962676098385,-0.5000798705157296,0.055223543983332,0.2393020239277724,0.9924898043671074,-0.8147981618597118,-9.399747367671354,-5.38,-72.63,-61.87,-8.07,-8.07,0.0,0.0,0.0,0.0,-0.3597123588360313,31,36,37,36,36,-7,-32,-25,0,-62,12.9,12.9,12.9,12.8,12.8,-999,-999,-999,0.0,0.0,0.0
11.076624393463137,-0.5000798705157296,0.0628934806476837,0.2454379732592537,0.9940237916999776,-0.8053433497569265,-9.345407392001713,-0.5000798705157296,0.055223543983332,0.2393020239277724,0.9924898043671074,-0.8209341111911932,-9.43450199226674,-5.38,-72.63,-61.87,-10.76,0.0,0.0,0.0,0.0,0.0,-0.3597123588360313,31,36,36,36,36,-7,-32,-25,0,-50,12.9,12.9,13.0,12.8,12.8,-999,-999,-999,0.0,0.0,0.0
11.093711376190186,-0.5000798705157296,0.0628934806476837,0.2454379732592537,0.9924898043671074,-0.8099453117555374,-9.371976174643905,-0.5000798705157296,0.055223543983332,0.2377680365949021,0.9909558170342372,-0.8255360731898042,-9.4603062990258,-5.38,-72.63,-61.87,-8.07,0.0,0.0,0.0,0.0,0.0,-0.3357315349136292,31,36,36,36,36,-7,-32,-25,-7,-43,12.9,12.9,12.9,12.8,12.8,-999,-999,-999,0.0,0.0,0.0
11.110704183578491,-0.5000798705157296,0.0628934806476837,0.2454379732592537,0.9924898043671074,-0.8145472737541484,-9.398317789799094,-0.5000798705157296,0.055223543983332,0.2393020239277724,0.9924898043671074,-0.8301380351884151,-9.485887717426047,-5.38,-72.63,-75.32,-13.45,-18.83,0.0,0.0,0.0,0.0,-0.3117507109912271,32,36,36,36,36,0,-32,-32,-7,-50,12.9,12.9,13.0,12.8,12.8,-999,-999,-999,0.0,0.0,0.0
11.127615928649902,-0.5000798705157296,0.0628934806476837,0.2454379732592537,0.9924898043671074,-0.8176152484198891,-9.415753291422051,-0.5000798705157296,0.055223543983332,0.2377680365949021,0.9924898043671074,-0.8316720225212855,-9.49436554151259,-5.38,-72.63,-67.25,-8.07,-16.14,0.0,0.0,0.0,0.0,-0.287769887068825,32,36,36,34,36,0,-32,-25,0,-50,12.9,12.9,12.9,12.8,12.8,-999,-999,-999,0.0,0.0,0.0
11.144609928131104,-0.5000798705157296,0.0628934806476837,0.2454379732592537,0.9924898043671074,-0.8222172104185002,-9.441719118999774,-0.5000798705157296,0.055223543983332,0.2377680365949021,0.9924898043671074,-0.8316720225212855,-9.49436554151259,-5.38,-67.25,-80.7,-10.76,0.0,0.0,0.0,0.0,0.0,-0.263789063146423,32,36,36,35,36,0,-32,-32,0,-37,12.9,12.9,12.9,12.8,12.8,-999,-999,-999,0.0,0.0,0.0
11.161639213562012,-0.5000798705157296,0.0628934806476837,0.2454379732592537,0.9924898043671074,-0.8268191724171111,-9.467461155364548,-0.5000798705157296,0.055223543983332,0.2393020239277724,0.9924898043671074,-0.8378079718527669,-9.528031483947657,-5.38,-72.63,-45.73,-16.14,0.0,0.0,0.0,0.0,0.0,-0.263789063146423,32,36,36,35,36,-7,-32,12,-7,-31,12.9,12.9,12.9,12.8,12.8,-999,-999,-999,0.0,0.0,0.0
11.178643465042114,-0.5000798705157296,0.0628934806476837,0.2454379732592537,0.9940237916999776,-0.8298871470828518,-9.484498802480704,-0.5000798705157296,0.055223543983332,0.2377680365949021,0.9924898043671074,-0.8393419591856371,-9.536386859207557,-2.69,-69.94,-64.56,-13.45,0.0,0.0,0.0,0.0,0.0,-0.2398082392240208,32,36,36,35,34,0,-32,-25,0,-25,12.9,12.9,12.9,12.8,12.8,-999,-999,-999,0.0,0.0,0.0
11.195680618286133,-0.5000798705157296,0.0628934806476837,0.2454379732592537,0.9924898043671074,-0.8314211344157221,-9.492980651245077,-0.5000798705157296,0.055223543983332,0.2393020239277724,0.9924898043671074,-0.8408759465185075,-9.544717881210733,-5.38,-69.94,-83.39,-10.76,-8.07,0.0,0.0,0.0,0.0,-0.2158274153016187,32,36,36,35,36,0,-32,-32,0,-25,12.9,12.9,12.9,12.8,12.8,-999,-999,-999,0.0,0.0,0.0
11.212684154510498,-0.5000798705157296,0.0628934806476837,0.2454379732592537,0.9924898043671074,-0.8360230964143331,-9.51827884891529,-0.5000798705157296,0.055223543983332,0.2393020239277724,0.9924898043671074,-0.8424099338513779,-9.553024595213817,-5.38,-72.63,-64.56,-8.07,0.0,0.0,0.0,0.0,0.0,-0.1918465913792167,32,36,36,35,36,0,-32,-25,0,-18,12.9,12.9,12.9,12.8,12.8,-999,-999,-999,0.0,0.0,0.0
11.2296621799469,-0.5000798705157296,0.0628934806476837,0.2454379732592537,0.9924898043671074,-0.8375570837472035,-9.526662617583096,-0.5000798705157296,0.055223543983332,0.2393020239277724,0.9924898043671074,-0.8439439211842481,-9.561307046367604,-5.38,-69.94,-53.8,-10.76,0.0,0.0,0.0,0.0,0.0,-0.1438849435344125,32,36,36,35,36,0,-32,-25,-7,-18,12.9,13.0,12.9,12.8,12.8,-999,-999,-999,0.0,0.0,0.0
11.246706247329712,-0.5000798705157296,0.0628934806476837,0.2454379732592537,0.9924898043671074,-0.8390910710800737,-9.535021980202687,-0.4985458831828592,0.055223543983332,0.2393020239277724,0.9924898043671074,-0.8454779085171185,-9.569565279716922,-8.07,-69.94,-61.87,-8.07,0.0,0.0,0.0,0.0,0.0,-0.1438849435344125,32,37,36,35,36,0,-32,-25,0,-18,12.9,13.0,12.9,12.8,12.8,-999,-999,-999,0.0,0.0,0.0
11.263660430908203,-0.5000798705157296,0.0628934806476837,0.2454379732592537,0.9940237916999776,-0.8406250584129441,-9.543356982153648,-0.4985458831828592,0.055223543983332,0.2393020239277724,0.9924898043671074,-0.8454779085171185,-9.569565279716922,-5.38,-72.63,-61.87,-10.76,0.0,0.0,0.0,0.0,0.0,-0.1199041196120104,32,37,36,35,36,6,-32,-25,0,-18,12.9,13.0,12.9,12.8,12.8,-999,-999,-999,0.0,0.0,0.0
11.28058910369873,-0.4985458831828592,0.0628934806476837,0.2454379732592537,0.9940237916999776,-0.8421590457458145,-9.551667668709896,-0.4985458831828592,0.055223543983332,0.2377680365949021,0.9924898043671074,-0.8454779085171185,-9.569565279716922,-5.38,-72.63,-80.7,-8.07,2.69,0.0,0.0,0.0,0.0,-0.0959232956896083,32,37,36,35,36,6,-32,-32,-7,-12,12.9,13.0,12.9,12.8,12.8,-999,-999,-999,0.0,0.0,0.0
11.297603130340576,-0.5000798705157296,0.0628934806476837,0.2454379732592537,0.9924898043671074,-0.8436930330786848,-9.559954085039546,-0.4985458831828592,0.055223543983332,0.2393020239277724,0.9924898043671074,-0.8470118958499888,-9.577799340200492,-5.38,-69.94,-64.56,-16.14,-21.52,0.0,0.0,0.0,0.0,-0.0959232956896083,32,37,36,36,36,6,-32,-25,-7,-12,12.9,13.0,12.9,12.8,12.8,-999,-999,-999,0.0,0.0,0.0
11.314646482467651,-0.5000798705157296,0.0628934806476837,0.2454379732592537,0.9924898043671074,-0.8452270204115552,-9.568216276204772,-0.4985458831828592,0.055223543983332,0.2393020239277724,0.9924898043671074,-0.8470118958499888,-9.577799340200492,-5.38,-69.94,-61.87,-10.76,2.69,0.0,0.0,0.0,0.0,-0.0719424717672062,32,37,36,36,36,6,-32,-25,-7,-6,12.9,13.0,12.9,12.8,12.8,-999,-999,-999,0.0,0.0,0.0
11.331583499908447,-0.5000798705157296,0.0628934806476837,0.2454379732592537,0.9940237916999776,-0.8452270204115552,-9.568216276204772,-0.4985458831828592,0.055223543983332,0.2393020239277724,0.9924898043671074,-0.8485458831828592,-9.5860092726508,-5.38,-72.63,-64.56,-8.07,-21.52,0.0,0.0,0.0,0.0,-0.0719424717672062,32,37,36,36,36,6,-32,-25,0,-12,12.9,13.0,12.9,12.8,12.8,-999,-999,-999,0.0,0.0,0.0
11.348634243011476,-0.5000798705157296,0.0628934806476837,0.2454379732592537,0.9924898043671074,-0.8467610077444254,-9.57645428716165,-0.4985458831828592,0.055223543983332,0.2393020239277724,0.9924898043671074,-0.8485458831828592,-9.5860092726508,-5.38,-69.94,-80.7,-10.76,2.69,0.0,0.0,0.0,0.0,-0.0479616478448041,32,37,36,36,37,6,-32,-32,0,-6,12.9,13.0,12.9,12.8,12.8,-999,-999,-999,0.0,0.0,0.0
11.36563515663147,-0.5000798705157296,0.0628934806476837,0.2454379732592537,0.9924898043671074,-0.8452270204115552,-9.568216276204772,-0.4985458831828592,0.055223543983332,0.2393020239277724,0.9924898043671074,-0.8485458831828592,-9.5860092726508,-5.38,-72.63,-64.56,-10.76,0.0,0.0,0.0,0.0,0.0,-0.0479616478448041,32,37,36,36,37,6,-32,-25,0,-6,12.9,13.0,13.0,12.8,12.8,-999,-999,-999,0.0,0.0,0.0
11.382700443267822,-0.5000798705157296,0.0628934806476837,0.2454379732592537,0.9940237916999776,-0.8467610077444254,-9.57645428716165,-0.4985458831828592,0.055223543983332,0.2377680365949021,0.9924898043671074,-0.8485458831828592,-9.5860092726508,-5.38,-72.63,-61.87,-10.76,0.0,0.0,0.0,0.0,0.0,-0.023980823922402,32,37,36,36,37,6,-32,-25,-7,-6,12.9,13.0,12.8,12.8,12.8,-999,-999,-999,0.0,0.0,0.0
11.399734258651732,-0.4985458831828592,0.0628934806476837,0.2454379732592537,0.9940237916999776,-0.8467610077444254,-9.57645428716165,-0.4985458831828592,0.055223543983332,0.2377680365949021,0.9924898043671074,-0.8485458831828592,-9.5860092726508,-5.38,-69.94,-78.01,-10.76,0.0,0.0,0.0,0.0,0.0,-0.023980823922402,32,37,36,36,37,0,-32,-32,0,-6,12.9,13.0,12.9,12.9,12.8,-999,-999,-999,0.0,0.0,0.0
11.416677713394163,-0.4985458831828592,0.0628934806476837,0.2454379732592537,0.9924898043671074,-0.8452270204115552,-9.568216276204772,-0.4985458831828592,0.055223543983332,0.2393020239277724,0.9924898043671074,-0.8485458831828592,-9.5860092726508,-5.38,-69.94,-78.01,-10.76,-5.38,0.0,0.0,0.0,0.0,0.0,32,37,37,35,37,6,-32,-32,0,-12,12.9,13.0,12.9,12.9,12.8,-999,-999,-999,0.0,0.0,0.0
11.433603286743164,-0.5000798705157296,0.0628934806476837,0.2454379732592537,0.9924898043671074,-0.8467610077444254,-9.57645428716165,-0.4985458831828592,0.055223543983332,0.2393020239277724,0.9924898043671074,-0.8485458831828592,-9.5860092726508,-5.38,-69.94,-64.56,-8.07,-2.69,0.0,0.0,0.0,0.0,0.0,32,37,37,35,37,6,-32,-25,0,-6,12.9,12.9,12.9,12.9,12.8,-999,-999,-999,0.0,0.0,0.0
11.45059323310852,-0.4985458831828592,0.0628934806476837,0.2454379732592537,0.9924898043671074,-0.8467610077444254,-9.57645428716165,-0.4985458831828592,0.055223543983332,0.2377680365949021,0.9909558170342372,-0.8485458831828592,-9.5860092726508,-5.38,-72.63,-80.7,-10.76,0.0,0.0,0.0,0.0,0.0,0.0,32,37,37,35,37,6,-32,-32,-7,-6,12.9,12.8,12.9,12.9,12.8,-999,-999,-999,0.0,0.0,0.0
11.467548847198486,-0.4985458831828592,0.0628934806476837,0.2454379732592537,0.9924898043671074,-0.8467610077444254,-9.57645428716165,-0.4985458831828592,0.055223543983332,0.2377680365949021,0.9909558170342372,-0.8485458831828592,-9.5860092726508,-5.38,-69.94,-75.32,-13.45,0.0,0.0,0.0,0.0,0.0,0.0,32,37,37,35,37,6,-32,-32,-7,-6,12.9,13.0,12.9,12.9,12.8,-999,-999,-999,0.0,0.0,0.0
11.48456859588623,-0.5000798705157296,0.0628934806476837,0.2454379732592537,0.9940237916999776,-0.8467610077444254,-9.57645428716165,-0.4985458831828592,0.055223543983332,0.2377680365949021,0.9924898043671074,-0.8485458831828592,-9.5860092726508,-5.38,-72.63,-78.01,-8.07,0.0,0.0,0.0,0.0,0.0,0.0,32,37,37,35,37,6,-32,-32,0,-6,12.9,13.0,12.9,12.9,12.8,-999,-999,-999,0.0,0.0,0.0
11.501544713974,-0.5000798705157296,0.0628934806476837,0.2454379732592537,0.9924898043671074,-0.8467610077444254,-9.57645428716165,-0.4985458831828592,0.055223543983332,0.2377680365949021,0.9924898043671074,-0.8485458831828592,-9.5860092726508,-5.38,-69.94,-78.01,-13.45,-2.69,0.0,0.0,0.0,0.0,0.0,32,37,37,35,37,6,-32,-32,-7,-6,12.9,12.9,12.9,12.9,12.8,-999,-999,-999,0.0,0.0,0.0
11.51863718032837,-0.4985458831828592,0.0628934806476837,0.2454379732592537,0.9940237916999776,-0.8467610077444254,-9.57645428716165,-0.4985458831828592,0.055223543983332,0.2377680365949021,0.9924898043671074,-0.8485458831828592,-9.5860092726508,-5.38,-72.63,-80.7,-10.76,-2.69,0.0,0.0,0.0,0.0,0.0,32,37,37,35,37,6,-32,-32,0,-12,12.9,12.9,12.9,12.9,12.8,-999,-999,-999,0.0,0.0,0.0
11.535571336746216,-0.5000798705157296,0.0628934806476837,0.2454379732592537,0.9940237916999776,-0.8467610077444254,-9.57645428716165,-0.4985458831828592,0.055223543983332,0.2362340492620317,0.9924898043671074,-0.8485458831828592,-9.5860092726508,-5.38,-69.94,-80.7,-10.76,0.0,0.0,0.0,0.0,0.0,0.0,32,37,37,35,37,0,-32,-32,-7,-6,12.9,13.0,13.0,12.9,12.8,-999,-999,-999,0.0,0.0,0.0
11.55268621444702,-0.5000798705157296,0.0628934806476837,0.2454379732592537,0.9924898043671074,-0.8452270204115552,-9.568216276204772,-0.4985458831828592,0.055223543983332,0.2362340492620317,0.9924898043671074,-0.8485458831828592,-9.5860092726508,-5.38,-67.25,-104.91,-8.07,0.0,0.0,0.0,0.0,0.0,0.0,32,37,37,35,37,6,-32,-38,0,-6,12.9,12.9,13.0,12.9,12.8,-999,-999,-999,0.0,0.0,0.0
11.569640159606934,-0.5000798705157296,0.0628934806476837,0.2454379732592537,0.9940237916999776,-0.8452270204115552,-9.568216276204772,-0.4985458831828592,0.055223543983332,0.2362340492620317,0.9924898043671074,-0.8485458831828592,-9.5860092726508,-5.38,-69.94,-112.98,-13.45,0.0,0.0,0.0,0.0,0.0,0.0,32,37,37,35,37,6,-32,-38,0,-6,12.9,12.9,12.9,12.9,12.8,-999,-999,-999,0.0,0.0,0.0
11.586655139923096,-0.5000798705157296,0.0628934806476837,0.2454379732592537,0.9924898043671074,-0.8467610077444254,-9.57645428716165,-0.4985458831828592,0.055223543983332,0.2347000619291614,0.9924898043671074,-0.8485458831828592,-9.5860092726508,-5.38,-72.63,-107.6,-10.76,-8.07,0.0,0.0,0.0,0.0,0.0,32,37,37,35,37,0,-32,-38,0,-12,12.9,12.9,12.9,12.9,12.8,-999,-999,-999,0.0,0.0,0.0
11.603602409362791,-0.5000798705157296,0.0628934806476837,0.2454379732592537,0.9924898043671074,-0.8467610077444254,-9.57645428716165,-0.4985458831828592,0.055223543983332,0.2347000619291614,0.9924898043671074,-0.8485458831828592,-9.5860092726508,-5.38,-72.63,-137.19,-10.76,-5.38,0.0,0.0,0.0,0.0,0.0,32,37,37,35,37,6,-32,-44,0,-6,12.9,12.9,12.9,12.9,12.8,-999,-999,-999,0.0,0.0,0.0
11.620643854141235,-0.5000798705157296,0.0628934806476837,0.2454379732592537,0.9940237916999776,-0.8467610077444254,-9.57645428716165,-0.5000798705157296,0.055223543983332,0.2347000619291614,0.9924898043671074,-0.8485458831828592,-9.5860092726508,-5.38,-72.63,-134.5,-5.38,0.0,0.0,0.0,0.0,0.0,0.0,32,37,37,35,37,0,-32,-44,-7,-6,12.8,12.9,12.9,12.8,12.8,-999,-999,-999,0.0,0.0,0.0
11.637614727020264,-0.5000798705157296,0.0628934806476837,0.2454379732592537,0.9940237916999776,-0.8452270204115552,-9.568216276204772,-0.4985458831828592,0.055223543983332,0.233166074596291,0.9909558170342372,-0.8485458831828592,-9.5860092726508,-5.38,-72.63,-134.5,-8.07,0.0,0.0,0.0,0.0,0.0,0.0,32,37,37,35,37,0,-32,-44,-7,-6,12.9,13.0,13.0,12.8,12.8,-999,-999,-999,0.0,0.0,0.0
11.65463399887085,-0.5000798705157296,0.0628934806476837,0.2454379732592537,0.9924898043671074,-0.8467610077444254,-9.57645428716165,-0.4985458831828592,0.055223543983332,0.233166074596291,0.9924898043671074,-0.8485458831828592,-9.5860092726508,-5.38,-72.63,-142.57,-10.76,0.0,0.0,0.0,0.0,0.0,0.0,32,37,37,35,37,6,-32,-50,-13,-6,12.9,13.0,12.9,12.8,12.8,-999,-999,-999,0.0,0.0,0.0
11.672565460205078,-0.4985458831828592,0.0628934806476837,0.2454379732592537,0.9924898043671074,-0.8467610077444254,-9.57645428716165,-0.4985458831828592,0.055223543983332,0.2316320872634207,0.9924898043671074,-0.8485458831828592,-9.5860092726508,-5.38,-69.94,-145.26,-13.45,-2.69,0.0,0.0,0.0,0.0,0.0,32,37,37,35,37,6,-32,-50,0,-6,12.9,13.0,12.9,12.8,12.8,-999,-999,-999,0.0,0.0,0.0
11.689562559127808,-0.5000798705157296,0.0628934806476837,0.2454379732592537,0.9924898043671074,-0.8467610077444254,-9.57645428716165,-0.4985458831828592,0.055223543983332,0.2316320872634207,0.9924898043671074,-0.8485458831828592,-9.5860092726508,-5.38,-72.63,-177.54,-10.76,0.0,0.0,0.0,0.0,0.0,0.0,32,37,37,35,37,6,-32,-57,0,-6,12.9,12.7,12.9,12.8,12.8,-999,-999,-999,0.0,0.0,0.0
11.706674814224243,-0.5000798705157296,0.0628934806476837,0.2439039859263834,0.9924898043671074,-0.8467610077444254,-9.57645428716165,-0.4985458831828592,0.0521555693175914,0.2300980999305504,0.9924898043671074,-0.8485458831828592,-9.5860092726508,-5.38,-107.6,-188.3,-10.76,0.0,0.0,0.0,0.0,0.0,0.0,32,37,37,35,37,6,-38,-63,0,-6,12.9,12.9,13.0,12.8,12.8,-999,-999,-999,0.0,0.0,0.0
11.723633289337158,-0.5000798705157296,0.0628934806476837,0.2454379732592537,0.9924898043671074,-0.8467610077444254,-9.57645428716165,-0.4985458831828592,0.0521555693175914,0.22856411259768,0.9924898043671074,-0.8485458831828592,-9.5860092726508,-5.38,-126.43,-188.3,-10.76,0.0,0.0,0.0,0.0,0.0,0.0,32,37,37,35,37,6,-44,-63,-7,-6,12.9,12.9,13.0,12.8,12.8,-999,-999,-999,0.0,0.0,0.0
11.74064826965332,-0.5000798705157296,0.0628934806476837,0.2439039859263834,0.9924898043671074,-0.8467610077444254,-9.57645428716165,-0.4970118958499888,0.0521555693175914,0.2270301252648097,0.9924898043671074,-0.8485458831828592,-9.5860092726508,-5.38,-123.74,-193.68,-13.45,0.0,0.0,0.0,0.0,0.0,0.0,32,37,37,35,37,6,-44,-69,-7,-6,12.9,12.9,13.0,12.8,12.8,-999,-999,-999,0.0,0.0,0.0
11.757584810256958,-0.5000798705157296,0.0628934806476837,0.2439039859263834,0.9924898043671074,-0.8467610077444254,-9.57645428716165,-0.4970118958499888,0.0521555693175914,0.2270301252648097,0.9924898043671074,-0.8485458831828592,-9.5860092726508,8.07,-126.43,-217.89,-10.76,0.0,0.0,0.0,0.0,0.0,0.0,32,36,37,35,37,12,-44,-75,-7,-6,12.9,12.9,12.9,12.8,12.8,-999,-999,-999,0.0,0.0,0.0
11.7746262550354,-0.4985458831828592,0.0628934806476837,0.2454379732592537,0.9924898043671074,-0.8452270204115552,-9.568216276204772,-0.4970118958499888,0.0521555693175914,0.2270301252648097,0.9924898043671074,-0.8485458831828592,-9.5860092726508,0.0,-126.43,-217.89,-10.76,0.0,0.0,0.0,0.0,0.0,0.0,32,36,37,35,37,12,-44,-75,0,-12,12.9,12.9,12.9,12.8,12.8,-999,-999,-999,0.0,0.0,0.0
11.791647911071776,-0.5000798705157296,0.0628934806476837,0.2439039859263834,0.9924898043671074,-0.8467610077444254,-9.57645428716165,-0.4970118958499888,0.0521555693175914,0.223962150599069,0.9924898043671074,-0.8485458831828592,-9.5860092726508,-5.38,-123.74,-217.89,-10.76,0.0,0.0,0.0,0.0,0.0,0.0,32,36,37,35,37,6,-44,-75,0,-6,12.9,12.9,12.9,12.8,12.8,-999,-999,-999,0.0,0.0,0.0
11.80863904953003,-0.5000798705157296,0.0628934806476837,0.2439039859263834,0.9924898043671074,-0.8467610077444254,-9.57645428716165,-0.4970118958499888,0.0521555693175914,0.223962150599069,0.9924898043671074,-0.8485458831828592,-9.5860092726508,18.83,-123.74,-225.96,-13.45,0.0,0.0,0.0,0.0,0.0,0.0,32,36,37,35,37,12,-44,-82,0,-6,12.9,12.9,12.9,12.8,12.8,-999,-999,-999,0.0,0.0,0.0
11.825653553009031,-0.5000798705157296,0.0628934806476837,0.2439039859263834,0.9924898043671074,-0.8467610077444254,-9.57645428716165,-0.4970118958499888,0.0521555693175914,0.223962150599069,0.9924898043671074,-0.8485458831828592,-9.5860092726508,-16.14,-123.74,-228.65,-10.76,-2.69,0.0,0.0,0.0,0.0,0.0,32,37,37,35,37,12,-44,-82,-7,-6,12.9,12.9,12.9,12.8,12.8,-999,-999,-999,0.0,0.0,0.0
11.84261965751648,-0.5000798705157296,0.0628934806476837,0.2423699985935131,0.9924898043671074,-0.8467610077444254,-9.57645428716165,-0.4970118958499888,0.0521555693175914,0.223962150599069,0.9924898043671074,-0.8485458831828592,-9.5860092726508,-2.69,-123.74,-217.89,-10.76,0.0,0.0,0.0,-0.023980823922402,0.0,0.0,32,37,37,35,37,6,-44,-75,-7,-6,12.9,12.9,12.9,12.8,12.8,-999,-999,-999,0.0,0.0,0.0
11.859622716903688,-0.5000798705157296,0.0628934806476837,0.2423699985935131,0.9924898043671074,-0.8467610077444254,-9.57645428716165,-0.4970118958499888,0.0521555693175914,0.223962150599069,0.9924898043671074,-0.8485458831828592,-9.5860092726508,2.69,-123.74,-223.27,-10.76,0.0,0.0,0.0,-0.023980823922402,0.0,0.0,32,37,37,35,37,12,-44,-75,0,-6,12.9,12.9,12.9,12.8,12.8,-999,-999,-999,0.0,0.0,0.0
11.876621723175049,-0.4985458831828592,0.0628934806476837,0.2423699985935131,0.9940237916999776,-0.8467610077444254,-9.57645428716165,-0.4970118958499888,0.050621581984721,0.223962150599069,0.9924898043671074,-0.8485458831828592,-9.5860092726508,-10.76,-126.43,-223.27,-10.76,-2.69,0.0,0.0,-0.023980823922402,0.0,0.0,32,37,37,35,37,12,-44,-75,-7,-12,12.9,12.9,12.9,12.8,12.8,-999,-999,-999,0.0,0.0,0.0
11.893635034561155,-0.4985458831828592,0.0628934806476837,0.2423699985935131,0.9924898043671074,-0.8467610077444254,-9.57645428716165,-0.4970118958499888,0.0490875946518507,0.223962150599069,0.9924898043671074,-0.8485458831828592,-9.5860092726508,0.0,-139.88,-225.96,-8.07,0.0,0.0,0.0,-0.023980823922402,0.0,0.0,32,37,37,35,37,12,-50,-75,-7,-6,12.9,12.8,12.9,12.8,12.8,-999,-999,-999,0.0,0.0,0.0
11.911209344863892,-0.4985458831828592,0.0628934806476837,0.2423699985935131,0.9940237916999776,-0.8467610077444254,-9.57645428716165,-0.4954779085171185,0.0490875946518507,0.2224281632661987,0.9924898043671074,-0.8485458831828592,-9.5860092726508,0.0,-166.78,-225.96,-8.07,0.0,0.0,0.0,0.0,0.0,0.0,32,37,37,35,37,6,-57,-75,0,-6,12.9,12.9,12.9,12.8,12.8,-999,-999,-999,0.0,0.0,0.0
11.928616523742676,-0.5000798705157296,0.0628934806476837,0.2423699985935131,0.9924898043671074,-0.8467610077444254,-9.57645428716165,-0.4970118958499888,0.04601961998611,0.2224281632661987,0.9924898043671074,-0.8485458831828592,-9.5860092726508,18.83,-166.78,-244.79,-8.07,0.0,0.0,0.0,0.0,0.0,0.0,32,37,37,35,37,12,-57,-82,0,-6,12.9,12.9,12.9,12.8,12.8,-999,-999,-999,0.0,0.0,0.0
11.945560932159424,-0.4985458831828592,0.0628934806476837,0.2423699985935131,0.9924898043671074,-0.8467610077444254,-9.57645428716165,-0.4954779085171185,0.0444856326532397,0.2224281632661987,0.9924898043671074,-0.8485458831828592,-9.5860092726508,-5.38,-209.82,-244.79,-10.76,0.0,0.0,0.0,0.0,0.0,0.0,32,37,37,35,37,6,-69,-82,-7,-6,12.9,12.9,12.9,12.7,12.8,-999,-999,-999,0.0,0.0,0.0
11.962592124938965,-0.4985458831828592,0.0628934806476837,0.2423699985935131,0.9924898043671074,-0.8467610077444254,-9.57645428716165,-0.4954779085171185,0.0429516453203694,0.2208941759333283,0.9924898043671074,-0.8485458831828592,-9.5860092726508,24.21,-217.89,-242.1,-8.07,0.0,0.0,0.0,0.0,0.0,0.0,32,37,37,35,37,12,-75,-75,0,-6,12.9,12.9,12.9,12.8,12.8,-999,-999,-999,0.0,0.0,0.0
11.97958779335022,-0.4985458831828592,0.0628934806476837,0.2408360112606427,0.9924898043671074,-0.8467610077444254,-9.57645428716165,-0.4954779085171185,0.0398836706546287,0.2208941759333283,0.9924898043671074,-0.8485458831828592,-9.5860092726508,-8.07,-242.1,-234.03,-10.76,0.0,0.0,0.0,0.0,0.0,0.0,32,37,37,35,37,6,-82,-88,0,-6,12.9,12.9,12.8,12.8,12.8,-999,-999,-999,0.0,0.0,0.0
11.996543169021606,-0.4970118958499888,0.0628934806476837,0.2408360112606427,0.9940237916999776,-0.8467610077444254,-9.57645428716165,-0.4954779085171185,0.0398836706546287,0.2208941759333283,0.9924898043671074,-0.8485458831828592,-9.5860092726508,0.0,-271.69,-239.41,-13.45,0.0,0.0,0.0,0.0,0.0,0.0,32,37,37,35,37,6,-94,-82,0,-6,12.9,12.9,12.8,12.8,12.8,-999,-999,-999,0.0,0.0,0.0
12.013614892959597,-0.4970118958499888,0.0613594933148134,0.2408360112606427,0.9940237916999776,-0.8467610077444254,-9.57645428716165,-0.4954779085171185,0.0352817086560177,0.219360188600458,0.9924898043671074,-0.8485458831828592,-9.5860092726508,-2.69,-303.97,-225.96,-10.76,0.0,0.0,0.0,0.0,0.0,0.0,32,37,37,35,37,6,-100,-88,-7,-6,12.9,12.8,12.9,12.8,12.8,-999,-999,-999,0.0,0.0,0.0
12.03065538406372,-0.4954779085171185,0.0628934806476837,0.2393020239277724,0.9940237916999776,-0.8467610077444254,-9.57645428716165,-0.4954779085171185,0.032213733990277,0.219360188600458,0.9924898043671074,-0.8485458831828592,-9.5860092726508,-2.69,-325.49,-217.89,-8.07,0.0,0.0,0.0,-0.023980823922402,0.0,0.0,32,37,37,35,37,6,-113,-82,-7,-6,12.9,12.9,12.8,12.8,12.8,-999,-999,-999,0.0,0.0,0.0
12.04859209060669,-0.4970118958499888,0.0613594933148134,0.2377680365949021,0.9924898043671074,-0.8467610077444254,-9.57645428716165,-0.4954779085171185,0.0291457593245363,0.219360188600458,0.9924898043671074,-0.8485458831828592,-9.5860092726508,-2.69,-347.01,-223.27,-10.76,0.0,0.0,0.0,-0.023980823922402,0.0,0.0,32,37,37,35,37,0,-119,-75,0,-6,12.9,12.9,12.9,12.8,12.8,-999,-999,-999,0.0,0.0,0.0
12.065643787384031,-0.4970118958499888,0.0613594933148134,0.2377680365949021,0.9924898043671074,-0.8467610077444254,-9.57645428716165,-0.4939439211842482,0.027611771991666,0.2178262012675877,0.9924898043671074,-0.8485458831828592,-9.5860092726508,-2.69,-365.84,-215.2,-10.76,-2.69,0.0,0.0,-0.023980823922402,0.0,0.0,32,37,37,35,37,6,-132,-75,-7,-6,12.9,12.9,12.9,12.8,12.8,-999,-999,-999,0.0,0.0,0.0
12.0826416015625,-0.4970118958499888,0.0598255059819431,0.2377680365949021,0.9940237916999776,-0.8467610077444254,-9.57645428716165,-0.4939439211842482,0.0245437973259253,0.2162922139347173,0.9924898043671074,-0.8485458831828592,-9.5860092726508,5.38,-328.18,-242.1,-10.76,0.0,0.0,-0.023980823922402,-0.023980823922402,0.0,0.0,32,37,37,35,37,12,-132,-82,0,-6,12.9,12.9,12.9,12.8,12.8,-999,-999,-999,0.0,0.0,0.0
12.099597930908203,-0.4954779085171185,0.0567575313162024,0.2377680365949021,0.9924898043671074,-0.8467610077444254,-9.57645428716165,-0.4939439211842482,0.0245437973259253,0.2162922139347173,0.9924898043671074,-0.8485458831828592,-9.5860092726508,0.0,-301.28,-242.1,-13.45,0.0,0.0,-0.023980823922402,-0.023980823922402,0.0,0.0,32,37,37,35,37,6,-132,-88,-7,-6,12.9,12.9,12.9,12.8,12.8,-999,-999,-999,0.0,0.0,0.0
12.116616010665894,-0.4954779085171185,0.055223543983332,0.2362340492620317,0.9940237916999776,-0.8467610077444254,-9.57645428716165,-0.4939439211842482,0.0199418353273143,0.214758226601847,0.9924898043671074,-0.8485458831828592,-9.5860092726508,0.0,-309.35,-250.17,-8.07,0.0,0.0,-0.0719424717672062,-0.023980823922402,0.0,0.0,32,37,37,35,37,6,-138,-82,-7,-6,12.9,12.5,12.9,12.8,12.8,-999,-999,-999,0.0,0.0,0.0
12.133609771728516,-0.4954779085171185,0.050621581984721,0.2362340492620317,0.9940237916999776,-0.8467610077444254,-9.57645428716165,-0.4939439211842482,0.0168738606615736,0.2132242392689767,0.9924898043671074,-0.8485458831828592,-9.5860092726508,-2.69,-285.14,-239.41,-10.76,0.0,0.0,-0.0959232956896083,0.0,0.0,0.0,32,37,37,35,37,6,-125,-88,0,-6,12.9,12.9,12.9,12.8,12.8,-999,-999,-999,0.0,0.0,0.0
12.15056824684143,-0.4954779085171185,0.0475536073189804,0.2362340492620317,0.9924898043671074,-0.8467610077444254,-9.57645428716165,-0.4939439211842482,0.013805885995833,0.2132242392689767,0.9924898043671074,-0.8485458831828592,-9.5860092726508,-2.69,-279.76,-234.03,-10.76,0.0,0.0,-0.1438849435344125,0.0,0.0,0.0,32,37,36,35,37,6,-132,-88,-7,-6,12.9,12.9,12.8,12.8,12.8,-999,-999,-999,0.0,0.0,0.0
12.167526721954346,-0.4954779085171185,0.0444856326532397,0.2347000619291614,0.9924898043671074,-0.8467610077444254,-9.57645428716165,-0.4939439211842482,0.013805885995833,0.2132242392689767,0.9924898043671074,-0.8485458831828592,-9.5860092726508,-2.69,-274.38,-236.72,-8.07,-2.69,0.0,-0.1678657674568146,-0.023980823922402,0.0,0.0,32,37,37,36,37,6,-125,-88,0,-6,12.9,12.9,12.9,12.8,12.8,-999,-999,-999,0.0,0.0,0.0
12.18462347984314,-0.4954779085171185,0.041417657987499,0.233166074596291,0.9940237916999776,-0.8467610077444254,-9.57645428716165,-0.4924099338513779,0.009203923997222,0.2116902519361063,0.9924898043671074,-0.8485458831828592,-9.5860092726508,16.14,-266.31,-220.58,-8.07,0.0,0.0,-0.1678657674568146,-0.023980823922402,0.0,0.0,32,37,38,36,37,12,-125,-82,-7,-6,12.9,12.9,12.9,12.8,12.8,-999,-999,-999,0.0,0.0,0.0
12.20158553123474,-0.4954779085171185,0.036815695988888,0.2316320872634207,0.9940237916999776,-0.8467610077444254,-9.57645428716165,-0.4908759465185075,0.0061359493314813,0.2116902519361063,0.9924898043671074,-0.8485458831828592,-9.5860092726508,0.0,-269.0,-217.89,-8.07,0.0,0.0,-0.1678657674568146,-0.0479616478448041,0.0,0.0,32,37,37,36,37,12,-119,-82,-7,-6,12.8,12.9,12.9,12.8,12.8,-999,-999,-999,0.0,0.0,0.0
12.218628883361816,-0.4939439211842482,0.0352817086560177,0.2316320872634207,0.9924898043671074,-0.8467610077444254,-9.57645428716165,-0.4908759465185075,0.0030679746657406,0.2116902519361063,0.9924898043671074,-0.8485458831828592,-9.5860092726508,24.21,-279.76,-231.34,-10.76,0.0,0.0,-0.1678657674568146,-0.0479616478448041,0.0,0.0,32,37,37,36,37,12,-119,-82,-7,-6,12.9,12.9,12.9,12.8,12.8,-999,-999,-999,0.0,0.0,0.0
12.236572742462158,-0.4939439211842482,0.032213733990277,0.2300980999305504,0.9924898043671074,-0.8467610077444254,-9.57645428716165,-0.4908759465185075,0.0,0.2116902519361063,0.9909558170342372,-0.8485458831828592,-9.5860092726508,8.07,-277.07,-247.48,-8.07,0.0,0.0,-0.1678657674568146,-0.0479616478448041,0.0,0.0,32,37,37,36,37,12,-125,-82,-7,-6,12.9,12.9,12.9,12.8,12.8,-999,-999,-999,0.0,0.0,0.0
12.253629446029665,-0.4924099338513779,0.0291457593245363,0.2300980999305504,0.9924898043671074,-0.8467610077444254,-9.57645428716165,-0.4893419591856371,-0.0015339873328703,0.210156264603236,0.9924898043671074,-0.8485458831828592,-9.5860092726508,-34.97,-295.9,-217.89,-13.45,0.0,0.023980823922402,-0.1678657674568146,-0.0479616478448041,0.0,0.0,32,36,37,36,37,-63,-125,-75,-13,-6,12.9,12.9,12.8,12.8,12.8,-999,-999,-999,0.0,0.0,0.0
12.270630836486816,-0.4908759465185075,0.027611771991666,0.2300980999305504,0.9940237916999776,-0.8467610077444254,-9.57645428716165,-0.4893419591856371,-0.004601961998611,0.210156264603236,0.9924898043671074,-0.8485458831828592,-9.5860092726508,-2.69,-301.28,-242.1,-10.76,0.0,0.0479616478448041,-0.1438849435344125,-0.023980823922402,0.0,0.0,32,37,37,36,36,6,-119,-82,-7,-6,12.9,12.9,12.9,12.8,12.8,-999,-999,-999,0.0,0.0,0.0
12.287559747695925,-0.4893419591856371,0.0260777846587957,0.2300980999305504,0.9924898043671074,-0.8467610077444254,-9.57645428716165,-0.4893419591856371,-0.0076699366643516,0.210156264603236,0.9924898043671074,-0.8485458831828592,-9.5860092726508,-2.69,-306.66,-242.1,-8.07,0.0,0.0479616478448041,-0.1438849435344125,-0.023980823922402,0.0,0.0,32,36,37,36,36,0,-125,-82,0,-6,12.9,12.9,12.9,12.8,12.8,-999,-999,-999,0.0,0.0,0.0
12.306520700454712,-0.4893419591856371,0.023009809993055,0.2300980999305504,0.9924898043671074,-0.8467610077444254,-9.57645428716165,-0.4893419591856371,-0.009203923997222,0.210156264603236,0.9924898043671074,-0.8485458831828592,-9.5860092726508,-2.69,-287.83,-228.65,-10.76,0.0,0.0479616478448041,-0.1199041196120104,-0.023980823922402,0.0,0.0,32,36,37,36,36,0,-125,-75,0,-6,12.9,12.9,12.9,12.8,12.8,-999,-999,-999,0.0,0.0,0.0
12.32357120513916,-0.4893419591856371,0.0199418353273143,0.2300980999305504,0.9924898043671074,-0.8467610077444254,-9.57645428716165,-0.4878079718527668,-0.0122718986629626,0.2086222772703657,0.9924898043671074,-0.8485458831828592,-9.5860092726508,0.0,-301.28,-244.79,-10.76,0.0,0.0479616478448041,-0.1199041196120104,0.0,0.0,0.0,32,36,37,36,36,-7,-125,-82,0,-6,12.9,12.9,12.8,12.8,12.8,-999,-999,-999,0.0,0.0,0.0
12.340559244155884,-0.4878079718527668,0.018407847994444,0.2300980999305504,0.9940237916999776,-0.8467610077444254,-9.57645428716165,-0.4878079718527668,-0.0153398733287033,0.210156264603236,0.9924898043671074,-0.8485458831828592,-9.5860092726508,0.0,-314.73,-255.55,-10.76,0.0,0.023980823922402,-0.1199041196120104,0.0,0.0,0.0,32,37,37,35,36,6,-125,-88,0,-6,12.9,12.9,12.8,12.8,12.8,-999,-999,-999,0.0,0.0,0.0
12.359591007232666,-0.4878079718527668,0.0168738606615736,0.22856411259768,0.9924898043671074,-0.8467610077444254,-9.57645428716165,-0.4878079718527668,-0.018407847994444,0.2086222772703657,0.9924898043671074,-0.8485458831828592,-9.5860092726508,0.0,-312.04,-223.27,-10.76,0.0,0.023980823922402,-0.1199041196120104,0.0,0.0,0.0,32,36,37,35,36,0,-132,-82,-7,-6,12.9,12.8,12.9,12.8,12.8,-999,-999,-999,0.0,0.0,0.0
12.376604080200195,-0.4878079718527668,0.013805885995833,0.22856411259768,0.9924898043671074,-0.8467610077444254,-9.57645428716165,-0.4878079718527668,-0.0214758226601847,0.2086222772703657,0.9924898043671074,-0.8485458831828592,-9.5860092726508,0.0,-325.49,-247.48,-10.76,0.0,0.0,-0.1199041196120104,0.0,0.0,0.0,32,36,37,35,36,6,-132,-82,0,-6,12.9,12.9,12.9,12.8,12.8,-999,-999,-999,0.0,0.0,0.0
12.39354968070984,-0.4893419591856371,0.0107379113300923,0.22856411259768,0.9940237916999776,-0.8467610077444254,-9.57645428716165,-0.4862739845198965,-0.023009809993055,0.2086222772703657,0.9924898043671074,-0.8485458831828592,-9.5860092726508,0.0,-285.14,-252.86,-8.07,-5.38,0.0,-0.1199041196120104,0.0,0.0,0.0,32,37,37,35,36,6,-132,-88,0,-12,12.9,12.9,12.9,12.8,12.8,-999,-999,-999,0.0,0.0,0.0
12.410563945770264,-0.4893419591856371,0.0061359493314813,0.22856411259768,0.9940237916999776,-0.8467610077444254,-9.57645428716165,-0.4862739845198965,-0.0260777846587957,0.2086222772703657,0.9924898043671074,-0.8485458831828592,-9.5860092726508,5.38,-274.38,-255.55,-8.07,0.0,0.0,-0.1438849435344125,0.0,0.0,0.0,32,37,37,35,36,12,-125,-88,0,-6,12.9,12.9,12.8,12.8,12.8,-999,-999,-999,0.0,0.0,0.0
12.42756962776184,-0.4878079718527668,0.004601961998611,0.22856411259768,0.9924898043671074,-0.8467610077444254,-9.57645428716165,-0.4862739845198965,-0.027611771991666,0.2070882899374953,0.9924898043671074,-0.8485458831828592,-9.5860092726508,0.0,-285.14,-255.55,-10.76,0.0,0.0,-0.1438849435344125,0.0,0.0,0.0,31,37,37,35,36,12,-125,-82,-7,-6,12.9,12.9,12.9,12.8,12.8,-999,-999,-999,0.0,0.0,0.0
12.444592714309692,-0.4878079718527668,0.0015339873328703,0.2300980999305504,0.9940237916999776,-0.8467610077444254,-9.57645428716165,-0.4847399971870262,-0.0306797466574067,0.2070882899374953,0.9924898043671074,-0.8485458831828592,-9.5860092726508,-16.14,-258.24,-255.55,-13.45,0.0,0.0,-0.1438849435344125,0.0,0.0,0.0,31,38,37,35,36,6,-119,-94,-7,-6,13.0,12.9,12.9,12.8,12.8,-999,-999,-999,0.0,0.0,0.0
12.461522102355955,-0.4878079718527668,-0.0015339873328703,0.22856411259768,0.9924898043671074,-0.8467610077444254,-9.57645428716165,-0.4847399971870262,-0.0306797466574067,0.2070882899374953,0.9924898043671074,-0.8485458831828592,-9.5860092726508,5.38,-269.0,-250.17,-10.76,0.0,0.0,-0.1678657674568146,0.0,0.0,0.0,31,37,37,35,36,18,-119,-88,-7,-6,12.9,12.9,12.8,12.8,12.8,-999,-999,-999,0.0,0.0,0.0
12.47853398323059,-0.4878079718527668,-0.004601961998611,0.22856411259768,0.9924898043671074,-0.8467610077444254,-9.57645428716165,-0.4832060098541558,-0.0352817086560177,0.205554302604625,0.9924898043671074,-0.8485458831828592,-9.5860092726508,0.0,-269.0,-255.55,-8.07,0.0,0.0,-0.1678657674568146,0.0,0.0,0.0,31,37,37,35,36,12,-119,-88,0,-6,12.9,12.9,12.8,12.8,12.8,-999,-999,-999,0.0,0.0,0.0
12.495527744293211,-0.4862739845198965,-0.0061359493314813,0.2270301252648097,0.9940237916999776,-0.8467610077444254,-9.57645428716165,-0.4832060098541558,-0.0352817086560177,0.205554302604625,0.9924898043671074,-0.8485458831828592,-9.5860092726508,21.52,-285.14,-258.24,-10.76,0.0,0.0,-0.1678657674568146,0.0,0.0,0.0,31,37,38,35,36,12,-113,-94,0,-6,12.9,12.9,12.6,12.8,12.8,-999,-999,-999,0.0,0.0,0.0
12.51253628730774,-0.4862739845198965,-0.009203923997222,0.2270301252648097,0.9924898043671074,-0.8467610077444254,-9.57645428716165,-0.4816720225212855,-0.0398836706546287,0.205554302604625,0.9924898043671074,-0.8485458831828592,-9.5860092726508,-5.38,-255.55,-266.31,-10.76,0.0,0.023980823922402,-0.1438849435344125,0.0,0.0,0.0,31,37,37,35,36,12,-113,-88,-7,-6,12.9,12.8,12.8,12.8,12.8,-999,-999,-999,0.0,0.0,0.0
12.5295307636261,-0.4847399971870262,-0.0122718986629626,0.2270301252648097,0.9940237916999776,-0.8467610077444254,-9.57645428716165,-0.4816720225212855,-0.0398836706546287,0.205554302604625,0.9924898043671074,-0.8485458831828592,-9.5860092726508,16.14,-282.45,-266.31,-8.07,0.0,0.0479616478448041,-0.1438849435344125,0.0,0.0,0.0,31,37,37,35,36,12,-119,-88,0,-6,12.9,12.9,12.9,12.8,12.8,-999,-999,-999,0.0,0.0,0.0
12.546605110168455,-0.4832060098541558,-0.013805885995833,0.2270301252648097,0.9924898043671074,-0.8467610077444254,-9.57645428716165,-0.4816720225212855,-0.0444856326532397,0.2040203152717546,0.9924898043671074,-0.8485458831828592,-9.5860092726508,-5.38,-279.76,-266.31,-13.45,0.0,0.0479616478448041,-0.1438849435344125,0.0,0.0,0.0,31,37,37,35,36,6,-113,-88,-7,-6,12.9,12.9,12.8,12.8,12.8,-999,-999,-999,0.0,0.0,0.0
12.563654661178589,-0.4801380351884152,-0.0153398733287033,0.2270301252648097,0.9940237916999776,-0.8467610077444254,-9.57645428716165,-0.4801380351884152,-0.04601961998611,0.2040203152717546,0.9924898043671074,-0.8485458831828592,-9.5860092726508,-2.69,-295.9,-285.14,-10.76,0.0,0.0719424717672062,-0.1199041196120104,0.0,0.0,0.0,31,37,37,35,36,-7,-119,-94,-7,-6,12.9,12.9,12.8,12.8,12.8,-999,-999,-999,0.0,0.0,0.0
12.580602884292604,-0.4801380351884152,-0.0168738606615736,0.2270301252648097,0.9940237916999776,-0.8467610077444254,-9.57645428716165,-0.4786040478555448,-0.0475536073189804,0.2024863279388843,0.9924898043671074,-0.8485458831828592,-9.5860092726508,0.0,-279.76,-285.14,-10.76,0.0,0.0719424717672062,-0.1199041196120104,0.0,0.0,0.0,31,37,37,35,36,0,-113,-94,0,-6,12.9,12.9,12.9,12.8,12.8,-999,-999,-999,0.0,0.0,0.0
12.597632646560667,-0.4786040478555448,-0.0199418353273143,0.2270301252648097,0.9940237916999776,-0.8467610077444254,-9.57645428716165,-0.4786040478555448,-0.050621581984721,0.2024863279388843,0.9924898043671074,-0.8485458831828592,-9.5860092726508,0.0,-279.76,-293.21,-10.76,0.0,0.0719424717672062,-0.1199041196120104,0.0,0.0,0.0,31,37,37,35,36,6,-113,-100,-7,-6,12.9,12.9,12.9,12.8,12.8,-999,-999,-999,0.0,0.0,0.0
12.61462378501892,-0.4786040478555448,-0.0214758226601847,0.2254961379319394,0.9924898043671074,-0.8467610077444254,-9.57645428716165,-0.4770700605226745,-0.0536895566504617,0.200952340606014,0.9924898043671074,-0.8485458831828592,-9.5860092726508,-2.69,-290.52,-293.21,-10.76,0.0,0.0719424717672062,-0.1199041196120104,0.0,0.0,0.0,31,37,37,35,36,0,-119,-100,0,-6,12.9,12.9,12.9,12.8,12.8,-999,-999,-999,0.0,0.0,0.0
12.631569385528564,-0.4786040478555448,-0.0245437973259253,0.2254961379319394,0.9940237916999776,-0.8467610077444254,-9.57645428716165,-0.4770700605226745,-0.0536895566504617,0.200952340606014,0.9924898043671074,-0.8485458831828592,-9.5860092726508,-2.69,-277.07,-287.83,-10.76,-2.69,0.023980823922402,-0.1199041196120104,0.0,0.0,0.0,31,35,37,35,36,6,-119,-100,-7,-12,12.9,12.8,12.9,12.8,12.8,-999,-999,-999,0.0,0.0,0.0
12.6486234664917,-0.4786040478555448,-0.0260777846587957,0.2254961379319394,0.9924898043671074,-0.8467610077444254,-9.57645428716165,-0.4755360731898042,-0.0582915186490727,0.1994183532731436,0.9924898043671074,-0.8485458831828592,-9.5860092726508,13.45,-274.38,-293.21,-8.07,0.0,0.023980823922402,-0.1199041196120104,0.0,0.0,0.0,31,36,37,35,36,12,-119,-107,0,-6,12.9,12.9,12.8,12.8,12.8,-999,-999,-999,0.0,0.0,0.0
12.665538787841797,-0.4786040478555448,-0.0291457593245363,0.223962150599069,0.9924898043671074,-0.8467610077444254,-9.57645428716165,-0.4755360731898042,-0.0582915186490727,0.1994183532731436,0.9924898043671074,-0.8485458831828592,-9.5860092726508,-2.69,-290.52,-263.62,-13.45,0.0,0.0,-0.1199041196120104,-0.023980823922402,0.0,0.0,31,36,37,35,36,12,-119,-100,0,-6,12.9,12.9,12.8,12.8,12.8,-999,-999,-999,0.0,0.0,0.0
12.682581186294556,-0.4786040478555448,-0.0306797466574067,0.2224281632661987,0.9940237916999776,-0.8467610077444254,-9.57645428716165,-0.4724680985240634,-0.0628934806476837,0.1978843659402733,0.9924898043671074,-0.8485458831828592,-9.5860092726508,-5.38,-234.03,-244.79,-10.76,0.0,0.0,-0.1199041196120104,-0.023980823922402,0.0,0.0,31,36,37,35,36,18,-63,-94,-7,-6,12.9,12.9,12.8,12.8,12.8,-999,-999,-999,0.0,0.0,0.0
12.699560403823853,-0.4770700605226745,-0.0337477213231473,0.2208941759333283,0.9924898043671074,-0.8467610077444254,-9.57645428716165,-0.4709341111911931,-0.0644274679805541,0.1978843659402733,0.9924898043671074,-0.8485458831828592,-9.5860092726508,-16.14,-244.79,-236.72,-10.76,0.0,0.0,-0.1438849435344125,-0.0479616478448041,0.0,0.0,31,36,37,35,36,18,-107,-94,0,-6,12.9,12.9,12.8,12.8,12.8,-999,-999,-999,0.0,0.0,0.0
12.71652865409851,-0.4755360731898042,-0.036815695988888,0.219360188600458,0.9924898043671074,-0.8467610077444254,-9.57645428716165,-0.4694001238583228,-0.0659614553134244,0.1978843659402733,0.9924898043671074,-0.8485458831828592,-9.5860092726508,16.14,-255.55,-239.41,-8.07,0.0,0.0,-0.1438849435344125,-0.0719424717672062,0.0,0.0,32,36,37,35,36,18,-113,-88,0,-6,12.9,12.9,12.8,12.8,12.8,-999,-999,-999,0.0,0.0,0.0
12.733520030975342,-0.4740020858569338,-0.0398836706546287,0.2178262012675877,0.9924898043671074,-0.8467610077444254,-9.57645428716165,-0.4678661365254525,-0.0674954426462947,0.1978843659402733,0.9924898043671074,-0.8485458831828592,-9.5860092726508,5.38,-234.03,-244.79,-8.07,0.0,0.023980823922402,-0.1438849435344125,-0.0719424717672062,0.0,0.0,32,36,37,35,36,18,-107,-88,-7,-6,12.9,12.9,13.0,12.8,12.8,-999,-999,-999,0.0,0.0,0.0
12.750513076782228,-0.4724680985240634,-0.0429516453203694,0.2178262012675877,0.9940237916999776,-0.8467610077444254,-9.57645428716165,-0.4678661365254525,-0.0674954426462947,0.1978843659402733,0.9924898043671074,-0.8485458831828592,-9.5860092726508,2.69,-231.34,-239.41,-10.76,0.0,0.0479616478448041,-0.1438849435344125,-0.0719424717672062,0.0,0.0,32,37,37,35,36,18,-107,-82,-7,-6,12.9,12.9,12.9,12.8,12.8,-999,-999,-999,0.0,0.0,0.0
12.767610549926758,-0.4694001238583228,-0.0444856326532397,0.2178262012675877,0.9924898043671074,-0.8467610077444254,-9.57645428716165,-0.4663321491925821,-0.0720974046449058,0.196350378607403,0.9924898043671074,-0.8485458831828592,-9.5860092726508,0.0,-252.86,-247.48,-10.76,0.0,0.0719424717672062,-0.1438849435344125,-0.0479616478448041,0.0,0.0,32,37,37,35,36,18,-107,-82,0,-6,12.9,12.9,12.9,12.8,12.8,-999,-999,-999,0.0,0.0,0.0
12.784644365310667,-0.4663321491925821,-0.04601961998611,0.2178262012675877,0.9940237916999776,-0.8467610077444254,-9.57645428716165,-0.4632641745268415,-0.0736313919777761,0.196350378607403,0.9924898043671074,-0.8485458831828592,-9.5860092726508,-18.83,-260.93,-263.62,-10.76,-5.38,0.0959232956896083,-0.1438849435344125,-0.023980823922402,0.0,0.0,32,37,37,35,36,0,-107,-88,0,-6,12.9,12.9,12.8,12.8,12.8,-999,-999,-999,0.0,0.0,0.0
12.80150318145752,-0.4647981618597118,-0.0490875946518507,0.2178262012675877,0.9924898043671074,-0.8467610077444254,-9.57645428716165,-0.4632641745268415,-0.0736313919777761,0.196350378607403,0.9924898043671074,-0.8485458831828592,-9.5860092726508,-2.69,-252.86,-266.31,-13.45,0.0,0.1199041196120104,-0.1199041196120104,0.0,0.0,0.0,32,37,37,35,36,6,-100,-88,0,-6,12.9,12.9,12.8,12.8,12.8,-999,-999,-999,0.0,0.0,0.0
12.81850814819336,-0.4632641745268415,-0.0490875946518507,0.2178262012675877,0.9940237916999776,-0.8467610077444254,-9.57645428716165,-0.4632641745268415,-0.0766993666435168,0.196350378607403,0.9924898043671074,-0.8485458831828592,-9.5860092726508,-2.69,-269.0,-266.31,-10.76,-2.69,0.1199041196120104,-0.0959232956896083,0.0,0.0,0.0,32,37,37,35,36,6,-113,-88,0,-6,12.9,13.0,12.9,12.8,12.8,-999,-999,-999,0.0,0.0,0.0
12.835557699203491,-0.4632641745268415,-0.0521555693175914,0.2178262012675877,0.9940237916999776,-0.8467610077444254,-9.57645428716165,-0.4586622125282305,-0.0813013286421278,0.196350378607403,0.9924898043671074,-0.8485458831828592,-9.5860092726508,-2.69,-269.0,-269.0,-13.45,0.0,0.1199041196120104,-0.0959232956896083,0.0,0.0,0.0,32,37,37,35,36,6,-107,-88,0,-6,12.9,12.8,12.6,12.8,12.8,-999,-999,-999,0.0,0.0,0.0
12.852609872817991,-0.4617301871939711,-0.0521555693175914,0.2178262012675877,0.9924898043671074,-0.8452270204115552,-9.568216276204772,-0.4586622125282305,-0.0813013286421278,0.196350378607403,0.9924898043671074,-0.8485458831828592,-9.5860092726508,8.07,-285.14,-266.31,-13.45,0.0,0.0719424717672062,-0.0959232956896083,0.0,0.0,0.0,32,37,37,36,36,12,-113,-88,-7,-6,12.9,12.9,12.8,12.8,12.8,-999,-999,-999,0.0,0.0,0.0
12.869559288024902,-0.4617301871939711,-0.055223543983332,0.2178262012675877,0.9924898043671074,-0.8467610077444254,-9.57645428716165,-0.4540602505296194,-0.0843693033078684,0.196350378607403,0.9924898043671074,-0.8485458831828592,-9.5860092726508,-2.69,-298.59,-269.0,-10.76,0.0,0.0719424717672062,-0.0959232956896083,0.0,0.0,0.0,32,37,37,36,36,18,-113,-88,-7,-6,12.9,12.9,12.8,12.8,12.8,-999,-999,-999,0.0,0.0,0.0
12.88660168647766,-0.4617301871939711,-0.0567575313162024,0.2178262012675877,0.9924898043671074,-0.8467610077444254,-9.57645428716165,-0.4525262631967491,-0.0859032906407388,0.1948163912745326,0.9924898043671074,-0.8485458831828592,-9.5860092726508,-5.38,-274.38,-266.31,-13.45,0.0,0.0479616478448041,-0.0959232956896083,0.0,0.0,0.0,32,37,37,36,36,31,-113,-88,-7,-6,12.9,12.9,12.8,12.8,12.8,-999,-999,-999,0.0,0.0,0.0
12.903491735458374,-0.4601961998611008,-0.0582915186490727,0.2178262012675877,0.9940237916999776,-0.8467610077444254,-9.57645428716165,-0.4509922758638788,-0.0889712653064794,0.1948163912745326,0.9924898043671074,-0.8485458831828592,-9.5860092726508,0.0,-258.24,-282.45,-13.45,0.0,0.023980823922402,-0.0959232956896083,0.0,0.0,0.0,32,37,37,36,36,31,-113,-94,-7,-6,12.9,12.9,12.9,12.8,12.8,-999,-999,-999,0.0,0.0,0.0
12.92051911354065,-0.4571282251953601,-0.0613594933148134,0.2178262012675877,0.9940237916999776,-0.8452270204115552,-9.568216276204772,-0.4509922758638788,-0.0889712653064794,0.1948163912745326,0.9924898043671074,-0.8485458831828592,-9.5860092726508,18.83,-279.76,-282.45,-13.45,0.0,0.023980823922402,-0.0959232956896083,0.0,0.0,0.0,32,37,37,36,36,25,-113,-94,-7,-6,12.9,12.9,12.9,12.8,12.8,-999,-999,-999,0.0,0.0,0.0
12.93754506111145,-0.4555942378624898,-0.0628934806476837,0.2178262012675877,0.9924898043671074,-0.8467610077444254,-9.57645428716165,-0.4479243011981381,-0.0889712653064794,0.1948163912745326,0.9924898043671074,-0.8485458831828592,-9.5860092726508,26.9,-269.0,-282.45,-10.76,0.0,0.0479616478448041,-0.0959232956896083,0.0,0.0,0.0,32,37,37,36,36,25,-107,-94,0,-6,12.9,12.9,12.9,12.8,12.8,-999,-999,-999,0.0,0.0,0.0
12.954579830169678,-0.4525262631967491,-0.0644274679805541,0.2178262012675877,0.9940237916999776,-0.8467610077444254,-9.57645428716165,-0.4448563265323974,-0.0905052526393498,0.1948163912745326,0.9924898043671074,-0.8485458831828592,-9.5860092726508,0.0,-271.69,-285.14,-10.76,0.0,0.0959232956896083,-0.0959232956896083,0.0,0.0,0.0,32,37,36,36,36,25,-107,-94,-7,-6,12.9,12.9,12.8,12.8,12.8,-999,-999,-999,0.0,0.0,0.0
12.971578359603882,-0.4479243011981381,-0.0659614553134244,0.2178262012675877,0.9940237916999776,-0.8467610077444254,-9.57645428716165,-0.4417883518666567,-0.0920392399722201,0.1948163912745326,0.9924898043671074,-0.8485458831828592,-9.5860092726508,0.0,-225.96,-285.14,-10.76,0.0,0.1199041196120104,-0.0959232956896083,0.0,0.0,0.0,32,37,37,36,36,18,-94,-94,0,-6,12.9,12.8,12.9,12.8,12.8,-999,-999,-999,0.0,0.0,0.0
12.988521575927734,-0.4448563265323974,-0.0674954426462947,0.2178262012675877,0.9924898043671074,-0.8467610077444254,-9.57645428716165,-0.4402543645337864,-0.0935732273050904,0.1948163912745326,0.9924898043671074,-0.8485458831828592,-9.5860092726508,43.04,-260.93,-282.45,-10.76,0.0,0.1678657674568146,-0.0959232956896083,0.0,0.0,0.0,32,37,37,36,36,12,-100,-94,-7,-6,12.9,12.9,13.1,12.8,12.8,-999,-999,-999,0.0,0.0,0.0
13.005506038665771,-0.4417883518666567,-0.0690294299791651,0.2178262012675877,0.9940237916999776,-0.8467610077444254,-9.57645428716165,-0.4402543645337864,-0.0935732273050904,0.1948163912745326,0.9924898043671074,-0.8485458831828592,-9.5860092726508,0.0,-263.62,-285.14,-10.76,0.0,0.1918465913792167,-0.0719424717672062,0.0,0.0,0.0,31,37,37,36,36,12,-94,-94,-7,-6,12.9,12.9,12.9,12.8,12.8,-999,-999,-999,0.0,0.0,0.0
13.022480487823486,-0.4417883518666567,-0.0690294299791651,0.2178262012675877,0.9940237916999776,-0.8467610077444254,-9.57645428716165,-0.4387203772009161,-0.0935732273050904,0.1948163912745326,0.9924898043671074,-0.8485458831828592,-9.5860092726508,5.38,-274.38,-285.14,-10.76,0.0,0.1918465913792167,-0.0719424717672062,0.0,0.0,0.0,31,37,37,36,36,12,-94,-94,-7,-6,12.9,12.9,12.8,12.8,12.8,-999,-999,-999,0.0,0.0,0.0
13.039567470550535,-0.4402543645337864,-0.0690294299791651,0.2178262012675877,0.9940237916999776,-0.8467610077444254,-9.57645428716165,-0.4341184152023051,-0.0951072146379608,0.191748416608792,0.9924898043671074,-0.8485458831828592,-9.5860092726508,0.0,-301.28,-295.9,-10.76,0.0,0.1678657674568146,-0.0479616478448041,0.0,0.0,0.0,31,37,37,36,36,12,-107,-100,0,-6,12.9,12.9,12.8,12.8,12.8,-999,-999,-999,0.0,0.0,0.0
13.056574821472168,-0.4387203772009161,-0.0690294299791651,0.2178262012675877,0.9924898043671074,-0.8467610077444254,-9.57645428716165,-0.4325844278694347,-0.0966412019708311,0.1902144292759216,0.9924898043671074,-0.8485458831828592,-9.5860092726508,5.38,-295.9,-282.45,-8.07,0.0,0.1438849435344125,-0.023980823922402,0.0,0.0,0.0,31,37,37,36,36,18,-107,-107,0,-6,12.9,12.8,12.9,12.8,12.8,-999,-999,-999,0.0,0.0,0.0
13.073550701141356,-0.4387203772009161,-0.0690294299791651,0.2162922139347173,0.9924898043671074,-0.8452270204115552,-9.568216276204772,-0.4310504405365644,-0.0981751893037015,0.1902144292759216,0.9924898043671074,-0.8485458831828592,-9.5860092726508,5.38,-317.42,-277.07,-10.76,0.0,0.0959232956896083,0.0,0.0,0.0,0.0,31,37,37,35,36,25,-113,-107,-7,-6,12.9,12.9,12.7,12.8,12.8,-999,-999,-999,0.0,0.0,0.0
13.09050464630127,-0.4387203772009161,-0.0705634173120354,0.214758226601847,0.9940237916999776,-0.8467610077444254,-9.57645428716165,-0.4310504405365644,-0.0981751893037015,0.1902144292759216,0.9924898043671074,-0.8485458831828592,-9.5860092726508,0.0,-317.42,-260.93,-13.45,0.0,0.0479616478448041,0.0,-0.023980823922402,0.0,0.0,32,37,37,36,36,31,-113,-100,-7,-6,12.9,12.8,12.8,12.8,12.8,-999,-999,-999,0.0,0.0,0.0
13.107551574707031,-0.4356524025351754,-0.0705634173120354,0.2132242392689767,0.9940237916999776,-0.8467610077444254,-9.57645428716165,-0.4264484785379534,-0.0997091766365718,0.1871464546101809,0.9909558170342372,-0.8485458831828592,-9.5860092726508,0.0,-325.49,-244.79,-10.76,0.0,0.023980823922402,0.0,-0.0479616478448041,0.0,0.0,32,37,37,36,36,31,-113,-100,-7,-6,12.9,12.9,12.8,12.8,12.8,-999,-999,-999,0.0,0.0,0.0
13.124566316604614,-0.4341184152023051,-0.0720974046449058,0.2116902519361063,0.9940237916999776,-0.8467610077444254,-9.57645428716165,-0.424914491205083,-0.0997091766365718,0.1856124672773106,0.9924898043671074,-0.8485458831828592,-9.5860092726508,21.52,-277.07,-255.55,-13.45,-2.69,0.023980823922402,-0.023980823922402,-0.0479616478448041,0.0,0.0,32,37,37,36,36,25,-113,-107,-7,-6,12.9,12.9,12.8,12.8,12.8,-999,-999,-999,0.0,0.0,0.0
13.141483306884766,-0.4310504405365644,-0.0736313919777761,0.2086222772703657,0.9924898043671074,-0.8467610077444254,-9.57645428716165,-0.424914491205083,-0.0997091766365718,0.1856124672773106,0.9924898043671074,-0.8485458831828592,-9.5860092726508,10.76,-207.13,-239.41,-13.45,-2.69,0.0719424717672062,-0.0479616478448041,-0.0719424717672062,0.0,0.0,32,37,37,35,36,25,-100,-94,-7,-12,13.0,12.9,12.8,12.8,12.8,-999,-999,-999,0.0,0.0,0.0
13.158509254455566,-0.4295164532036941,-0.0766993666435168,0.2070882899374953,0.9924898043671074,-0.8467610077444254,-9.57645428716165,-0.4233805038722127,-0.1012431639694421,0.1840784799444403,0.9924898043671074,-0.8485458831828592,-9.5860092726508,13.45,-247.48,-215.2,-10.76,0.0,0.0959232956896083,-0.0719424717672062,-0.0959232956896083,0.0,0.0,32,37,37,35,36,25,-107,-94,0,-6,13.0,12.9,12.8,12.8,12.8,-999,-999,-999,0.0,0.0,0.0
13.175475835800173,-0.424914491205083,-0.0782333539763871,0.205554302604625,0.9940237916999776,-0.8467610077444254,-9.57645428716165,-0.4218465165393424,-0.1027771513023125,0.18254449261157,0.9924898043671074,-0.8485458831828592,-9.5860092726508,5.38,-244.79,-223.27,-10.76,0.0,0.1199041196120104,-0.0719424717672062,-0.0959232956896083,0.0,0.0,32,37,37,35,36,12,-100,-94,0,-6,13.0,12.9,12.8,12.8,12.8,-999,-999,-999,0.0,0.0,0.0
13.192490816116331,-0.4218465165393424,-0.0797673413092574,0.2040203152717546,0.9924898043671074,-0.8467610077444254,-9.57645428716165,-0.420312529206472,-0.1027771513023125,0.18254449261157,0.9924898043671074,-0.8485458831828592,-9.5860092726508,-8.07,-263.62,-209.82,-10.76,0.0,0.1678657674568146,-0.0959232956896083,-0.0959232956896083,0.0,0.0,32,36,37,35,36,0,-94,-88,0,-6,13.0,12.9,12.9,12.8,12.8,-999,-999,-999,0.0,0.0,0.0
13.209558963775637,-0.4187785418736017,-0.0813013286421278,0.2024863279388843,0.9940237916999776,-0.8467610077444254,-9.57645428716165,-0.4172445545407314,-0.1043111386351828,0.1810105052786996,0.9924898043671074,-0.8485458831828592,-9.5860092726508,-8.07,-258.24,-212.51,-13.45,0.0,0.1678657674568146,-0.0959232956896083,-0.0959232956896083,0.0,0.0,32,37,37,35,36,0,-100,-82,-7,-6,13.0,12.9,12.9,12.8,12.8,-999,-999,-999,0.0,0.0,0.0
13.226502656936646,-0.4172445545407314,-0.0813013286421278,0.200952340606014,0.9940237916999776,-0.8467610077444254,-9.57645428716165,-0.4141765798749907,-0.1043111386351828,0.1810105052786996,0.9924898043671074,-0.8485458831828592,-9.5860092726508,34.97,-255.55,-212.51,-13.45,0.0,0.1678657674568146,-0.0719424717672062,-0.0959232956896083,0.0,0.0,32,37,37,35,36,80,-94,-82,0,-6,12.9,12.9,12.9,12.8,12.8,-999,-999,-999,0.0,0.0,0.0
13.243488311767578,-0.415710567207861,-0.0828353159749981,0.1994183532731436,0.9940237916999776,-0.8467610077444254,-9.57645428716165,-0.4126425925421204,-0.1058451259680531,0.1779425306129589,0.9909558170342372,-0.8485458831828592,-9.5860092726508,5.38,-242.1,-228.65,-10.76,0.0,0.1438849435344125,-0.0719424717672062,-0.0959232956896083,0.0,0.0,32,37,37,35,36,12,-94,-88,-7,-6,12.9,12.9,12.9,12.8,12.8,-999,-999,-999,0.0,0.0,0.0
13.260525465011597,-0.415710567207861,-0.0828353159749981,0.1978843659402733,0.9924898043671074,-0.8467610077444254,-9.57645428716165,-0.4111086052092501,-0.1073791133009235,0.1779425306129589,0.9924898043671074,-0.8485458831828592,-9.5860092726508,2.69,-277.07,-225.96,-13.45,0.0,0.0959232956896083,-0.0479616478448041,-0.0719424717672062,0.0,0.0,32,37,37,35,36,18,-100,-82,0,-6,12.7,12.8,12.8,12.8,12.8,-999,-999,-999,0.0,0.0,0.0
13.277521848678589,-0.415710567207861,-0.0828353159749981,0.1978843659402733,0.9924898043671074,-0.8467610077444254,-9.57645428716165,-0.4080406305435093,-0.1089131006337938,0.1764085432800886,0.9924898043671074,-0.8485458831828592,-9.5860092726508,2.69,-279.76,-247.48,-10.76,0.0,0.0719424717672062,-0.0479616478448041,-0.0719424717672062,0.0,0.0,32,37,37,35,36,25,-107,-88,-7,-6,12.9,12.9,12.7,12.8,12.8,-999,-999,-999,0.0,0.0,0.0
13.294597625732422,-0.415710567207861,-0.0843693033078684,0.196350378607403,0.9924898043671074,-0.8467610077444254,-9.57645428716165,-0.4034386685448983,-0.1104470879666641,0.1748745559472183,0.9924898043671074,-0.8485458831828592,-9.5860092726508,0.0,-290.52,-247.48,-10.76,0.0,0.0479616478448041,-0.0479616478448041,-0.0719424717672062,0.0,0.0,31,38,37,35,36,37,-100,-94,-7,-6,12.9,12.9,12.8,12.8,12.8,-999,-999,-999,0.0,0.0,0.0
13.311598300933838,-0.4126425925421204,-0.0843693033078684,0.196350378607403,0.9940237916999776,-0.8467610077444254,-9.57645428716165,-0.401904681212028,-0.1119810752995345,0.1733405686143479,0.9924898043671074,-0.8485458831828592,-9.5860092726508,2.69,-309.35,-244.79,-10.76,0.0,0.023980823922402,-0.023980823922402,-0.0479616478448041,0.0,0.0,31,37,37,35,36,31,-107,-94,0,-6,12.9,12.9,12.8,12.8,12.8,-999,-999,-999,0.0,0.0,0.0
13.32854151725769,-0.4095746178763797,-0.0859032906407388,0.1948163912745326,0.9940237916999776,-0.8467610077444254,-9.57645428716165,-0.4003706938791577,-0.1135150626324048,0.1718065812814776,0.9924898043671074,-0.8485458831828592,-9.5860092726508,43.04,-282.45,-236.72,-10.76,0.0,0.0479616478448041,-0.023980823922402,-0.0479616478448041,0.0,0.0,31,37,37,35,36,31,-107,-88,0,-6,12.9,12.9,12.8,12.8,12.8,-999,-999,-999,0.0,0.0,0.0
13.3455491065979,-0.406506643210639,-0.0874372779736091,0.1932824039416623,0.9924898043671074,-0.8467610077444254,-9.57645428716165,-0.397302719213417,-0.1150490499652752,0.1718065812814776,0.9924898043671074,-0.8485458831828592,-9.5860092726508,10.76,-271.69,-231.34,-8.07,0.0,0.0719424717672062,-0.023980823922402,-0.0479616478448041,0.0,0.0,31,37,37,35,36,31,-107,-88,-7,-6,13.0,12.9,12.8,12.8,12.8,-999,-999,-999,0.0,0.0,0.0
13.362558364868164,-0.4034386685448983,-0.0889712653064794,0.191748416608792,0.9924898043671074,-0.8467610077444254,-9.57645428716165,-0.3957687318805467,-0.1165830372981455,0.1702725939486073,0.9924898043671074,-0.8485458831828592,-9.5860092726508,0.0,-277.07,-236.72,-10.76,-2.69,0.1199041196120104,-0.0479616478448041,-0.0479616478448041,0.0,0.0,31,37,37,35,36,18,-107,-88,0,-6,13.0,12.8,12.8,12.8,12.8,-999,-999,-999,0.0,0.0,0.0
13.379605054855348,-0.3988367065462873,-0.0905052526393498,0.191748416608792,0.9924898043671074,-0.8467610077444254,-9.57645428716165,-0.392700757214806,-0.1181170246310158,0.1702725939486073,0.9924898043671074,-0.8485458831828592,-9.5860092726508,2.69,-271.69,-255.55,-10.76,0.0,0.1678657674568146,-0.0719424717672062,-0.0479616478448041,0.0,0.0,31,37,37,35,36,12,-107,-88,-7,-6,12.9,12.9,12.8,12.8,12.8,-999,-999,-999,0.0,0.0,0.0
13.396488428115845,-0.3942347445476764,-0.0920392399722201,0.191748416608792,0.9924898043671074,-0.8467610077444254,-9.57645428716165,-0.392700757214806,-0.1196510119638862,0.1687386066157369,0.9924898043671074,-0.8485458831828592,-9.5860092726508,-8.07,-255.55,-239.41,-10.76,0.0,0.1918465913792167,-0.0719424717672062,-0.0479616478448041,0.0,0.0,32,37,37,35,36,6,-107,-88,0,-6,12.9,12.8,12.9,12.8,12.8,-999,-999,-999,0.0,0.0,0.0
13.413494110107422,-0.392700757214806,-0.0935732273050904,0.1902144292759216,0.9940237916999776,-0.8467610077444254,-9.57645428716165,-0.3911667698819356,-0.1196510119638862,0.1672046192828666,0.9909558170342372,-0.8485458831828592,-9.5860092726508,-10.76,-269.0,-242.1,-10.76,0.0,0.1918465913792167,-0.0719424717672062,-0.023980823922402,0.0,0.0,32,37,37,35,36,6,-107,-88,-7,-6,12.9,12.9,12.9,12.8,12.8,-999,-999,-999,0.0,0.0,0.0
13.430539846420288,-0.392700757214806,-0.0951072146379608,0.1902144292759216,0.9940237916999776,-0.8467610077444254,-9.57645428716165,-0.388098795216195,-0.1196510119638862,0.1672046192828666,0.9924898043671074,-0.8485458831828592,-9.5860092726508,-13.45,-263.62,-242.1,-13.45,0.0,0.1678657674568146,-0.0719424717672062,-0.023980823922402,0.0,0.0,32,37,37,36,36,6,-100,-94,-7,-6,12.9,12.9,12.9,12.8,12.8,-999,-999,-999,0.0,0.0,0.0
13.447989702224731,-0.392700757214806,-0.0951072146379608,0.1871464546101809,0.9940237916999776,-0.8467610077444254,-9.57645428716165,-0.388098795216195,-0.1196510119638862,0.1672046192828666,0.9924898043671074,-0.8485458831828592,-9.5860092726508,2.69,-274.38,-231.34,-10.76,0.0,0.1199041196120104,-0.0719424717672062,-0.0479616478448041,0.0,0.0,32,37,37,36,36,12,-94,-82,0,-6,12.9,12.9,12.9,12.3,12.8,-999,-999,-999,0.0,0.0,0.0
13.465533018112184,-0.392700757214806,-0.0966412019708311,0.1871464546101809,0.9940237916999776,-0.8467610077444254,-9.57645428716165,-0.3850308205504543,-0.1211849992967565,0.1641366446171259,0.9924898043671074,-0.8485458831828592,-9.5860092726508,16.14,-287.83,-225.96,-10.76,0.0,0.0719424717672062,-0.0719424717672062,-0.0479616478448041,0.0,0.0,32,37,37,36,36,25,-100,-88,-7,-6,12.9,12.9,12.9,12.8,12.8,-999,-999,-999,0.0,0.0,0.0
13.48253321647644,-0.3942347445476764,-0.0966412019708311,0.1856124672773106,0.9924898043671074,-0.8467610077444254,-9.57645428716165,-0.3850308205504543,-0.1211849992967565,0.1641366446171259,0.9924898043671074,-0.8485458831828592,-9.5860092726508,10.76,-271.69,-228.65,-10.76,0.0,0.023980823922402,-0.0479616478448041,-0.0479616478448041,0.0,0.0,32,37,37,36,36,37,-100,-88,-7,-6,12.9,12.9,12.8,12.8,12.8,-999,-999,-999,0.0,0.0,0.0
13.49954628944397,-0.392700757214806,-0.0981751893037015,0.1856124672773106,0.9940237916999776,-0.8467610077444254,-9.57645428716165,-0.3819628458847137,-0.1227189866296268,0.1626026572842556,0.9909558170342372,-0.8485458831828592,-9.5860092726508,40.35,-293.21,-269.0,-10.76,0.0,0.0,-0.0479616478448041,-0.0479616478448041,0.0,0.0,32,37,37,36,36,37,-100,-88,0,-6,12.9,12.9,12.8,12.8,12.8,-999,-999,-999,0.0,0.0,0.0
13.51845645904541,-0.3896327825490653,-0.0981751893037015,0.1840784799444403,0.9924898043671074,-0.8467610077444254,-9.57645428716165,-0.3804288585518433,-0.1227189866296268,0.1626026572842556,0.9924898043671074,-0.8485458831828592,-9.5860092726508,26.9,-295.9,-258.24,-16.14,0.0,0.023980823922402,-0.023980823922402,-0.0479616478448041,0.0,0.0,32,37,37,36,36,25,-100,-94,-7,-6,12.9,12.9,12.9,12.8,12.8,-999,-999,-999,0.0,0.0,0.0
13.535549402236938,-0.3865648078833247,-0.0981751893037015,0.1840784799444403,0.9924898043671074,-0.8467610077444254,-9.57645428716165,-0.3773608838861026,-0.1227189866296268,0.1610686699513852,0.9924898043671074,-0.8485458831828592,-9.5860092726508,21.52,-295.9,-260.93,-10.76,0.0,0.0479616478448041,-0.023980823922402,-0.0479616478448041,0.0,0.0,32,37,37,36,36,25,-100,-94,0,-6,12.9,12.8,12.8,12.7,12.8,-999,-999,-999,0.0,0.0,0.0
13.552464485168455,-0.3819628458847137,-0.0981751893037015,0.18254449261157,0.9924898043671074,-0.8467610077444254,-9.57645428716165,-0.3773608838861026,-0.1227189866296268,0.1610686699513852,0.9924898043671074,-0.8485458831828592,-9.5860092726508,-5.38,-295.9,-244.79,-10.76,0.0,0.0959232956896083,0.0,-0.023980823922402,0.0,0.0,32,37,37,35,36,18,-100,-88,-7,-6,12.9,12.9,12.8,12.8,12.8,-999,-999,-999,0.0,0.0,0.0
13.56949758529663,-0.3773608838861026,-0.0981751893037015,0.18254449261157,0.9924898043671074,-0.8467610077444254,-9.57645428716165,-0.3758268965532323,-0.1242529739624972,0.1610686699513852,0.9924898043671074,-0.8485458831828592,-9.5860092726508,-18.83,-306.66,-234.03,-10.76,-2.69,0.1438849435344125,0.0,-0.023980823922402,0.0,0.0,32,37,37,35,36,6,-107,-88,-7,-6,12.9,12.7,12.8,12.8,12.8,-999,-999,-999,0.0,0.0,0.0
13.586535930633543,-0.3742929092203619,-0.0981751893037015,0.1810105052786996,0.9924898043671074,-0.8467610077444254,-9.57645428716165,-0.3727589218874916,-0.1257869612953675,0.1610686699513852,0.9924898043671074,-0.8485458831828592,-9.5860092726508,-5.38,-277.07,-260.93,-10.76,0.0,0.1918465913792167,0.0,-0.023980823922402,0.0,0.0,32,37,37,35,36,0,-107,-82,-7,-6,12.9,12.9,12.7,12.8,12.8,-999,-999,-999,0.0,0.0,0.0
13.604442596435549,-0.3742929092203619,-0.0997091766365718,0.18254449261157,0.9924898043671074,-0.8467610077444254,-9.57645428716165,-0.3712249345546213,-0.1257869612953675,0.1610686699513852,0.9924898043671074,-0.8485458831828592,-9.5860092726508,-16.14,-285.14,-252.86,-8.07,0.0,0.1918465913792167,0.0,-0.023980823922402,0.0,0.0,32,37,37,35,36,6,-100,-82,-7,-6,12.9,12.9,12.8,12.8,12.8,-999,-999,-999,0.0,0.0,0.0
13.621541500091553,-0.3727589218874916,-0.0997091766365718,0.1810105052786996,0.9924898043671074,-0.8467610077444254,-9.57645428716165,-0.3712249345546213,-0.1257869612953675,0.1595346826185149,0.9924898043671074,-0.8485458831828592,-9.5860092726508,-13.45,-255.55,-250.17,-13.45,0.0,0.1678657674568146,0.0,-0.023980823922402,0.0,0.0,32,37,37,35,36,6,-94,-82,-7,-6,12.9,12.9,12.9,12.8,12.8,-999,-999,-999,0.0,0.0,0.0
13.638545751571655,-0.3712249345546213,-0.1012431639694421,0.1810105052786996,0.9940237916999776,-0.8452270204115552,-9.568216276204772,-0.3681569598888806,-0.1257869612953675,0.1595346826185149,0.9924898043671074,-0.8485458831828592,-9.5860092726508,-8.07,-266.31,-255.55,-10.76,0.0,0.1199041196120104,-0.023980823922402,0.0,0.0,0.0,32,37,37,35,36,6,-94,-88,-7,-6,12.9,12.9,12.9,12.8,12.8,-999,-999,-999,0.0,0.0,0.0
13.655553340911863,-0.3742929092203619,-0.1012431639694421,0.1810105052786996,0.9924898043671074,-0.8467610077444254,-9.57645428716165,-0.3681569598888806,-0.1257869612953675,0.1580006952856446,0.9924898043671074,-0.8485458831828592,-9.5860092726508,10.76,-277.07,-244.79,-13.45,0.0,0.0479616478448041,-0.023980823922402,0.0,0.0,0.0,32,37,37,35,36,18,-94,-88,0,-6,12.9,12.9,12.8,12.8,12.8,-999,-999,-999,0.0,0.0,0.0
13.672551393508911,-0.3758268965532323,-0.0997091766365718,0.1794765179458293,0.9940237916999776,-0.8467610077444254,-9.57645428716165,-0.3666229725560103,-0.1257869612953675,0.1595346826185149,0.9924898043671074,-0.8485458831828592,-9.5860092726508,0.0,-279.76,-242.1,-8.07,0.0,0.0,-0.023980823922402,0.0,0.0,0.0,32,36,37,35,36,31,-94,-88,0,-6,12.9,12.9,12.8,12.8,12.8,-999,-999,-999,0.0,0.0,0.0
13.689534902572632,-0.3742929092203619,-0.1012431639694421,0.1794765179458293,0.9924898043671074,-0.8467610077444254,-9.57645428716165,-0.36508898522314,-0.1257869612953675,0.1580006952856446,0.9924898043671074,-0.8485458831828592,-9.5860092726508,10.76,-279.76,-242.1,-10.76,0.0,0.0,-0.023980823922402,0.0,0.0,0.0,32,36,37,35,36,31,-94,-82,-7,-6,12.9,12.9,12.8,12.8,12.8,-999,-999,-999,0.0,0.0,0.0
13.706514596939089,-0.3727589218874916,-0.1012431639694421,0.1794765179458293,0.9924898043671074,-0.8467610077444254,-9.57645428716165,-0.36508898522314,-0.1257869612953675,0.1580006952856446,0.9924898043671074,-0.8485458831828592,-9.5860092726508,34.97,-279.76,-252.86,-10.76,0.0,0.0,0.0,0.0,0.0,0.0,32,36,37,35,36,31,-94,-88,0,-6,12.9,12.9,12.5,12.8,12.8,-999,-999,-999,0.0,0.0,0.0
13.723533153533936,-0.3712249345546213,-0.1012431639694421,0.1779425306129589,0.9924898043671074,-0.8467610077444254,-9.57645428716165,-0.3620210105573993,-0.1257869612953675,0.1595346826185149,0.9909558170342372,-0.8485458831828592,-9.5860092726508,16.14,-279.76,-250.17,-13.45,0.0,0.0,0.0,0.0,0.0,0.0,32,36,37,35,36,31,-94,-88,-7,-6,12.9,12.9,12.8,12.8,12.8,-999,-999,-999,0.0,0.0,0.0
13.740496635437012,-0.3666229725560103,-0.1012431639694421,0.1794765179458293,0.9940237916999776,-0.8467610077444254,-9.57645428716165,-0.3604870232245289,-0.1257869612953675,0.1595346826185149,0.9924898043671074,-0.8485458831828592,-9.5860092726508,0.0,-277.07,-236.72,-16.14,0.0,0.0719424717672062,0.0,0.0,0.0,0.0,32,36,37,35,36,18,-94,-82,-7,-6,12.9,12.8,12.6,12.8,12.8,-999,-999,-999,0.0,0.0,0.0
13.757471561431885,-0.3604870232245289,-0.1012431639694421,0.1794765179458293,0.9924898043671074,-0.8467610077444254,-9.57645428716165,-0.3604870232245289,-0.1257869612953675,0.1595346826185149,0.9924898043671074,-0.8485458831828592,-9.5860092726508,0.0,-279.76,-234.03,-10.76,0.0,0.1199041196120104,0.0,0.0,0.0,0.0,32,37,36,35,36,6,-94,-75,0,-6,12.9,12.9,12.9,12.8,12.8,-999,-999,-999,0.0,0.0,0.0
13.774481773376465,-0.3589530358916586,-0.1012431639694421,0.1779425306129589,0.9924898043671074,-0.8467610077444254,-9.57645428716165,-0.3589530358916586,-0.1257869612953675,0.1580006952856446,0.9924898043671074,-0.8485458831828592,-9.5860092726508,-5.38,-277.07,-242.1,-10.76,0.0,0.1678657674568146,0.0,0.0,0.0,0.0,32,37,36,35,36,0,-94,-82,0,-6,12.9,13.0,12.9,12.8,12.8,-999,-999,-999,0.0,0.0,0.0
13.791507720947266,-0.3574190485587883,-0.1012431639694421,0.1779425306129589,0.9940237916999776,-0.8467610077444254,-9.57645428716165,-0.3574190485587883,-0.1257869612953675,0.1580006952856446,0.9909558170342372,-0.8485458831828592,-9.5860092726508,-10.76,-279.76,-247.48,-10.76,0.0,0.1918465913792167,0.0,0.0,0.0,0.0,32,37,36,35,36,0,-94,-82,-7,-6,12.9,13.0,12.9,12.8,12.8,-999,-999,-999,0.0,0.0,0.0
13.808539867401125,-0.3574190485587883,-0.1012431639694421,0.1779425306129589,0.9940237916999776,-0.8467610077444254,-9.57645428716165,-0.3558850612259179,-0.1257869612953675,0.1580006952856446,0.9924898043671074,-0.8485458831828592,-9.5860092726508,-16.14,-279.76,-250.17,-13.45,0.0,0.1678657674568146,0.0,0.0,0.0,0.0,32,37,36,35,36,0,-94,-82,-7,-6,12.9,12.9,12.9,12.8,12.8,-999,-999,-999,0.0,0.0,0.0
13.825449466705322,-0.3574190485587883,-0.1012431639694421,0.1779425306129589,0.9924898043671074,-0.8467610077444254,-9.57645428716165,-0.3558850612259179,-0.1257869612953675,0.1580006952856446,0.9924898043671074,-0.8485458831828592,-9.5860092726508,-13.45,-279.76,-252.86,-8.07,0.0,0.1199041196120104,0.0,0.0,0.0,0.0,32,37,36,35,36,0,-94,-88,0,-6,12.9,12.9,12.9,12.8,12.8,-999,-999,-999,0.0,0.0,0.0
13.842454433441162,-0.3589530358916586,-0.1012431639694421,0.1779425306129589,0.9924898043671074,-0.8467610077444254,-9.57645428716165,-0.3543510738930476,-0.1257869612953675,0.1580006952856446,0.9924898043671074,-0.8485458831828592,-9.5860092726508,37.66,-277.07,-255.55,-13.45,0.0,0.0479616478448041,0.0,0.0,0.0,0.0,32,37,36,35,36,18,-94,-82,0,-6,12.9,12.9,12.9,12.8,12.8,-999,-999,-999,0.0,0.0,0.0
13.85945439338684,-0.3620210105573993,-0.1012431639694421,0.1779425306129589,0.9924898043671074,-0.8467610077444254,-9.57645428716165,-0.3528170865601773,-0.1257869612953675,0.1580006952856446,0.9924898043671074,-0.8485458831828592,-9.5860092726508,0.0,-279.76,-250.17,-13.45,0.0,0.0,0.0,0.0,0.0,0.0,32,37,37,35,36,31,-94,-82,0,-6,12.9,12.7,12.8,12.8,12.8,-999,-999,-999,0.0,0.0,0.0
13.876458883285522,-0.3589530358916586,-0.1012431639694421,0.1779425306129589,0.9924898043671074,-0.8467610077444254,-9.57645428716165,-0.3528170865601773,-0.1257869612953675,0.1580006952856446,0.9924898043671074,-0.8485458831828592,-9.5860092726508,-16.14,-279.76,-250.17,-13.45,0.0,-0.023980823922402,0.0,0.0,0.0,0.0,31,37,37,35,36,31,-94,-82,0,-6,12.9,13.0,12.8,12.8,12.8,-999,-999,-999,0.0,0.0,0.0
13.893524408340454,-0.3574190485587883,-0.1012431639694421,0.1779425306129589,0.9940237916999776,-0.8467610077444254,-9.57645428716165,-0.3497491118944366,-0.1257869612953675,0.1564667079527743,0.9924898043671074,-0.8485458831828592,-9.5860092726508,32.28,-277.07,-260.93,-13.45,0.0,-0.023980823922402,0.0,0.0,0.0,0.0,32,37,37,35,36,31,-94,-88,0,-6,12.9,12.9,12.8,12.8,12.8,-999,-999,-999,0.0,0.0,0.0
13.910465478897097,-0.3543510738930476,-0.1012431639694421,0.1779425306129589,0.9940237916999776,-0.8467610077444254,-9.57645428716165,-0.3497491118944366,-0.1257869612953675,0.1564667079527743,0.9924898043671074,-0.8485458831828592,-9.5860092726508,-5.38,-277.07,-263.62,-10.76,0.0,0.0,0.0,0.0,0.0,0.0,32,37,37,36,36,31,-94,-88,-7,-6,12.9,12.9,12.8,12.8,12.8,-999,-999,-999,0.0,0.0,0.0
13.9275221824646,-0.3528170865601773,-0.1012431639694421,0.1779425306129589,0.9940237916999776,-0.8467610077444254,-9.57645428716165,-0.3466811372286959,-0.1257869612953675,0.1549327206199039,0.9924898043671074,-0.8485458831828592,-9.5860092726508,16.14,-277.07,-271.69,-10.76,0.0,0.0479616478448041,0.0,0.0,0.0,0.0,32,37,37,36,36,25,-94,-94,-7,-6,12.9,12.9,12.8,12.8,12.8,-999,-999,-999,0.0,0.0,0.0
13.944534063339232,-0.3466811372286959,-0.1012431639694421,0.1779425306129589,0.9924898043671074,-0.8467610077444254,-9.57645428716165,-0.3436131625629552,-0.1257869612953675,0.1549327206199039,0.9909558170342372,-0.8485458831828592,-9.5860092726508,-18.83,-279.76,-239.41,-10.76,0.0,0.1199041196120104,0.0,0.0,0.0,0.0,32,37,37,36,36,0,-94,-57,0,-6,12.9,12.9,12.8,12.8,12.8,-999,-999,-999,0.0,0.0,0.0
13.961559534072876,-0.3436131625629552,-0.1012431639694421,0.1764085432800886,0.9924898043671074,-0.8467610077444254,-9.57645428716165,-0.3420791752300849,-0.1257869612953675,0.1533987332870336,0.9924898043671074,-0.8485458831828592,-9.5860092726508,2.69,-279.76,-255.55,-16.14,0.0,0.1678657674568146,0.0,0.0,0.0,0.0,32,36,37,36,36,-7,-94,-88,-13,-6,12.6,12.9,12.9,12.8,12.8,-999,-999,-999,0.0,0.0,0.0
13.978440523147585,-0.3436131625629552,-0.1012431639694421,0.1764085432800886,0.9924898043671074,-0.8467610077444254,-9.57645428716165,-0.3405451878972146,-0.1257869612953675,0.1533987332870336,0.9924898043671074,-0.8485458831828592,-9.5860092726508,-21.52,-279.76,-263.62,-10.76,0.0,0.1678657674568146,0.0,0.0,0.0,0.0,32,36,37,36,36,0,-94,-94,-7,-6,12.9,12.9,12.8,12.8,12.8,-999,-999,-999,0.0,0.0,0.0
13.995471715927124,-0.3420791752300849,-0.1012431639694421,0.1764085432800886,0.9940237916999776,-0.8467610077444254,-9.57645428716165,-0.3390112005643442,-0.1257869612953675,0.1533987332870336,0.9924898043671074,-0.8485458831828592,-9.5860092726508,-18.83,-277.07,-274.38,-10.76,0.0,0.1678657674568146,0.0,0.0,0.0,0.0,32,37,37,36,36,6,-94,-94,-7,-6,12.9,13.0,12.8,12.8,12.8,-999,-999,-999,0.0,0.0,0.0
14.012515544891356,-0.3405451878972146,-0.1012431639694421,0.1748745559472183,0.9924898043671074,-0.8467610077444254,-9.57645428716165,-0.3374772132314739,-0.1257869612953675,0.1533987332870336,0.9924898043671074,-0.8485458831828592,-9.5860092726508,2.69,-277.07,-274.38,-10.76,0.0,0.1199041196120104,0.0,0.0,0.0,0.0,32,37,37,36,36,12,-94,-88,0,-6,12.9,12.9,12.9,12.8,12.8,-999,-999,-999,0.0,0.0,0.0
14.029559135437012,-0.3436131625629552,-0.1012431639694421,0.1748745559472183,0.9940237916999776,-0.8467610077444254,-9.57645428716165,-0.3359432258986036,-0.1257869612953675,0.1533987332870336,0.9924898043671074,-0.8485458831828592,-9.5860092726508,53.8,-277.07,-266.31,-10.76,0.0,0.0479616478448041,0.0,0.0,0.0,0.0,32,37,38,35,36,87,-94,-88,-7,-6,12.4,12.9,12.4,12.8,12.8,-999,-999,-999,0.0,0.0,0.0
14.046442985534668,-0.3451471498958256,-0.1012431639694421,0.1748745559472183,0.9924898043671074,-0.8467610077444254,-9.57645428716165,-0.3359432258986036,-0.1257869612953675,0.1533987332870336,0.9924898043671074,-0.8485458831828592,-9.5860092726508,10.76,-277.07,-255.55,-10.76,0.0,0.0,0.0,0.0,0.0,0.0,32,37,37,35,36,37,-94,-88,-7,-6,12.9,12.9,12.8,12.8,12.8,-999,-999,-999,0.0,0.0,0.0
14.063456058502195,-0.3436131625629552,-0.1012431639694421,0.1748745559472183,0.9940237916999776,-0.8467610077444254,-9.57645428716165,-0.3328752512328629,-0.1257869612953675,0.1533987332870336,0.9924898043671074,-0.8485458831828592,-9.5860092726508,29.59,-279.76,-263.62,-10.76,0.0,0.0,0.0,0.0,0.0,0.0,32,37,37,35,36,37,-94,-88,-7,-6,12.9,13.0,12.8,12.8,12.8,-999,-999,-999,0.0,0.0,0.0
14.080516815185549,-0.3405451878972146,-0.1012431639694421,0.1748745559472183,0.9940237916999776,-0.8467610077444254,-9.57645428716165,-0.3328752512328629,-0.1257869612953675,0.1533987332870336,0.9924898043671074,-0.8485458831828592,-9.5860092726508,34.97,-277.07,-258.24,-10.76,0.0,0.0,0.0,0.0,0.0,0.0,32,36,37,35,36,31,-94,-88,-7,-6,12.9,13.0,12.8,12.8,12.8,-999,-999,-999,0.0,0.0,0.0
14.097494125366213,-0.3390112005643442,-0.1012431639694421,0.1748745559472183,0.9940237916999776,-0.8467610077444254,-9.57645428716165,-0.3298072765671222,-0.1257869612953675,0.1533987332870336,0.9924898043671074,-0.8485458831828592,-9.5860092726508,18.83,-279.76,-252.86,-10.76,-5.38,0.023980823922402,0.0,0.0,0.0,0.0,32,36,37,35,36,31,-94,-88,-7,-12,12.8,12.9,12.9,12.8,12.8,-999,-999,-999,0.0,0.0,0.0
14.114511013031006,-0.3344092385657332,-0.1012431639694421,0.1748745559472183,0.9940237916999776,-0.8467610077444254,-9.57645428716165,-0.3298072765671222,-0.1257869612953675,0.1533987332870336,0.9924898043671074,-0.8485458831828592,-9.5860092726508,-48.42,-279.76,-260.93,-10.76,0.0,0.0719424717672062,0.0,0.0,0.0,0.0,32,36,37,35,36,-45,-94,-88,-7,-6,12.9,12.8,12.8,12.8,12.8,-999,-999,-999,0.0,0.0,0.0
14.131558895111084,-0.3282732892342519,-0.1012431639694421,0.1733405686143479,0.9940237916999776,-0.8467610077444254,-9.57645428716165,-0.3252053145685112,-0.1257869612953675,0.1533987332870336,0.9909558170342372,-0.8485458831828592,-9.5860092726508,-8.07,-279.76,-266.31,-13.45,0.0,0.1438849435344125,0.0,0.0,0.0,0.0,32,36,37,35,36,0,-94,-94,-7,-6,12.9,12.9,12.9,12.8,12.8,-999,-999,-999,0.0,0.0,0.0
14.148518085479736,-0.3267393019013815,-0.1012431639694421,0.1748745559472183,0.9940237916999776,-0.8467610077444254,-9.57645428716165,-0.3236713272356409,-0.1257869612953675,0.1518647459541632,0.9924898043671074,-0.8485458831828592,-9.5860092726508,-10.76,-279.76,-225.96,-13.45,-10.76,0.1678657674568146,0.0,0.0,0.0,0.0,32,36,37,35,36,6,-94,-82,-7,-12,12.9,12.9,12.8,12.8,12.8,-999,-999,-999,0.0,0.0,0.0
14.165514707565308,-0.3252053145685112,-0.1012431639694421,0.1733405686143479,0.9940237916999776,-0.8467610077444254,-9.57645428716165,-0.3221373399027705,-0.1273209486282379,0.1518647459541632,0.9924898043671074,-0.8485458831828592,-9.5860092726508,-26.9,-282.45,-258.24,-10.76,0.0,0.1918465913792167,0.0,0.0,0.0,0.0,31,36,37,35,36,6,-94,-88,-7,-6,12.9,12.9,12.8,12.8,12.8,-999,-999,-999,0.0,0.0,0.0
14.18256449699402,-0.3236713272356409,-0.1012431639694421,0.1733405686143479,0.9924898043671074,-0.8467610077444254,-9.57645428716165,-0.3190693652370299,-0.1273209486282379,0.1518647459541632,0.9924898043671074,-0.8485458831828592,-9.5860092726508,24.21,-306.66,-260.93,-10.76,0.0,0.1678657674568146,0.0,0.0,0.0,0.0,31,36,37,35,36,74,-107,-88,0,-6,12.9,12.9,12.8,12.8,12.8,-999,-999,-999,0.0,0.0,0.0
14.199544191360474,-0.3236713272356409,-0.1012431639694421,0.1733405686143479,0.9940237916999776,-0.8467610077444254,-9.57645428716165,-0.3190693652370299,-0.1273209486282379,0.1518647459541632,0.9924898043671074,-0.8485458831828592,-9.5860092726508,5.38,-295.9,-260.93,-13.45,0.0,0.1199041196120104,0.0,0.0,0.0,0.0,31,36,37,35,36,12,-107,-88,0,-6,12.9,12.9,12.9,12.8,12.8,-999,-999,-999,0.0,0.0,0.0
14.216466188430786,-0.3252053145685112,-0.1012431639694421,0.1733405686143479,0.9940237916999776,-0.8467610077444254,-9.57645428716165,-0.3175353779041595,-0.1273209486282379,0.1518647459541632,0.9924898043671074,-0.8485458831828592,-9.5860092726508,0.0,-293.21,-260.93,-10.76,0.0,0.0479616478448041,0.0,0.0,0.0,0.0,31,37,37,35,36,25,-107,-88,-7,-6,12.9,12.9,12.8,12.8,12.8,-999,-999,-999,0.0,0.0,0.0
14.2334086894989,-0.3267393019013815,-0.1027771513023125,0.1733405686143479,0.9924898043671074,-0.8467610077444254,-9.57645428716165,-0.3175353779041595,-0.1273209486282379,0.1518647459541632,0.9924898043671074,-0.8485458831828592,-9.5860092726508,13.45,-298.59,-260.93,-10.76,0.0,0.0,0.0,0.0,0.0,0.0,31,37,37,35,36,37,-100,-88,-7,-6,12.9,12.9,12.8,12.8,12.8,-999,-999,-999,0.0,0.0,0.0
14.25041365623474,-0.3236713272356409,-0.1027771513023125,0.1733405686143479,0.9940237916999776,-0.8467610077444254,-9.57645428716165,-0.3160013905712892,-0.1288549359611082,0.1533987332870336,0.9924898043671074,-0.8485458831828592,-9.5860092726508,53.8,-314.73,-255.55,-13.45,0.0,0.0,0.0,0.0,0.0,0.0,31,37,37,35,36,31,-107,-82,-7,-6,12.9,13.0,12.8,12.8,12.8,-999,-999,-999,0.0,0.0,0.0
14.267475128173828,-0.3206033525699002,-0.1043111386351828,0.1733405686143479,0.9924898043671074,-0.8467610077444254,-9.57645428716165,-0.3144674032384189,-0.1288549359611082,0.1518647459541632,0.9924898043671074,-0.8485458831828592,-9.5860092726508,26.9,-263.62,-263.62,-10.76,0.0,0.0,-0.023980823922402,0.0,0.0,0.0,31,37,37,35,36,31,-100,-88,-7,-6,13.0,12.9,12.9,12.8,12.8,-999,-999,-999,0.0,0.0,0.0
14.285442113876345,-0.3190693652370299,-0.1043111386351828,0.1733405686143479,0.9940237916999776,-0.8467610077444254,-9.57645428716165,-0.3098654412398078,-0.1303889232939785,0.1533987332870336,0.9924898043671074,-0.8485458831828592,-9.5860092726508,18.83,-290.52,-260.93,-10.76,0.0,0.0479616478448041,-0.023980823922402,0.0,0.0,0.0,31,37,37,35,36,25,-107,-88,-7,-6,12.9,12.9,12.8,12.8,12.8,-999,-999,-999,0.0,0.0,0.0
14.3024320602417,-0.3160013905712892,-0.1058451259680531,0.1733405686143479,0.9940237916999776,-0.8467610077444254,-9.57645428716165,-0.3098654412398078,-0.1303889232939785,0.1533987332870336,0.9924898043671074,-0.8485458831828592,-9.5860092726508,0.0,-269.0,-250.17,-13.45,0.0,0.0959232956896083,-0.023980823922402,0.0,0.0,0.0,31,37,37,35,36,25,-100,-82,-7,-6,12.9,12.9,12.8,12.8,12.8,-999,-999,-999,0.0,0.0,0.0
14.319505214691162,-0.3083314539069375,-0.1058451259680531,0.1733405686143479,0.9940237916999776,-0.8452270204115552,-9.568216276204772,-0.3067974665740672,-0.1303889232939785,0.1533987332870336,0.9924898043671074,-0.8485458831828592,-9.5860092726508,-8.07,-279.76,-247.48,-13.45,0.0,0.1438849435344125,-0.023980823922402,0.0,0.0,0.0,31,37,37,35,36,0,-94,-82,-7,-6,12.9,12.4,12.8,12.8,12.8,-999,-999,-999,0.0,0.0,0.0
14.337373495101929,-0.3052634792411968,-0.1073791133009235,0.1733405686143479,0.9940237916999776,-0.8467610077444254,-9.57645428716165,-0.3067974665740672,-0.1303889232939785,0.1533987332870336,0.9924898043671074,-0.8485458831828592,-9.5860092726508,-5.38,-260.93,-247.48,-8.07,0.0,0.1918465913792167,-0.023980823922402,0.0,0.0,0.0,31,37,37,35,36,-7,-100,-82,-7,-6,12.9,12.9,12.8,12.8,12.8,-999,-999,-999,0.0,0.0,0.0
14.35444474220276,-0.3067974665740672,-0.1073791133009235,0.1733405686143479,0.9940237916999776,-0.8467610077444254,-9.57645428716165,-0.3037294919083265,-0.1319229106268489,0.1533987332870336,0.9924898043671074,-0.8485458831828592,-9.5860092726508,-13.45,-274.38,-263.62,-10.76,0.0,0.1918465913792167,-0.023980823922402,0.0,0.0,0.0,31,37,37,35,36,0,-100,-88,-7,-6,12.9,12.9,12.8,12.8,12.8,-999,-999,-999,0.0,0.0,0.0
14.37144422531128,-0.3052634792411968,-0.1089131006337938,0.1733405686143479,0.9940237916999776,-0.8467610077444254,-9.57645428716165,-0.3021955045754562,-0.1303889232939785,0.1533987332870336,0.9924898043671074,-0.8485458831828592,-9.5860092726508,-16.14,-282.45,-252.86,-10.76,0.0,0.1678657674568146,-0.023980823922402,0.0,0.0,0.0,31,37,37,35,36,6,-94,-82,0,-6,12.9,12.9,12.7,12.9,12.8,-999,-999,-999,0.0,0.0,0.0
14.388423442840576,-0.3052634792411968,-0.1073791133009235,0.1733405686143479,0.9940237916999776,-0.8452270204115552,-9.568216276204772,-0.3006615172425858,-0.1319229106268489,0.1533987332870336,0.9909558170342372,-0.8485458831828592,-9.5860092726508,13.45,-255.55,-250.17,-13.45,0.0,0.0959232956896083,-0.023980823922402,0.0,0.0,0.0,31,37,37,35,36,12,-88,-82,-7,-6,12.9,12.9,12.8,12.8,12.8,-999,-999,-999,0.0,0.0,0.0
14.405438423156738,-0.3067974665740672,-0.1073791133009235,0.1733405686143479,0.9940237916999776,-0.8467610077444254,-9.57645428716165,-0.2975935425768451,-0.1319229106268489,0.1533987332870336,0.9924898043671074,-0.8485458831828592,-9.5860092726508,2.69,-277.07,-228.65,-10.76,0.0,0.0479616478448041,-0.023980823922402,0.0,0.0,0.0,32,37,36,35,36,25,-94,-82,-7,-6,13.0,12.9,12.8,12.8,12.8,-999,-999,-999,0.0,0.0,0.0
14.422563076019289,-0.3083314539069375,-0.1089131006337938,0.1733405686143479,0.9924898043671074,-0.8467610077444254,-9.57645428716165,-0.2960595552439748,-0.1319229106268489,0.1533987332870336,0.9924898043671074,-0.8485458831828592,-9.5860092726508,10.76,-282.45,-247.48,-10.76,0.0,0.0,0.0,0.0,0.0,0.0,32,37,37,34,36,43,-94,-82,-7,-6,12.9,12.9,12.8,12.8,12.8,-999,-999,-999,0.0,0.0,0.0
14.439525604248049,-0.3052634792411968,-0.1089131006337938,0.1733405686143479,0.9940237916999776,-0.8467610077444254,-9.57645428716165,-0.2945255679111045,-0.1319229106268489,0.1518647459541632,0.9909558170342372,-0.8485458831828592,-9.5860092726508,56.49,-279.76,-247.48,-10.76,0.0,0.0,0.0,0.0,0.0,0.0,32,37,37,36,36,37,-94,-82,0,-6,12.9,12.8,12.8,12.8,12.8,-999,-999,-999,0.0,0.0,0.0
14.456440925598145,-0.3021955045754562,-0.1089131006337938,0.1733405686143479,0.9940237916999776,-0.8467610077444254,-9.57645428716165,-0.2929915805782341,-0.1319229106268489,0.1518647459541632,0.9924898043671074,-0.8485458831828592,-9.5860092726508,34.97,-279.76,-263.62,-13.45,0.0,0.0,0.0,0.0,0.0,0.0,32,37,37,36,36,31,-94,-88,-7,-6,12.9,12.9,12.9,12.8,12.8,-999,-999,-999,0.0,0.0,0.0
14.473466634750366,-0.3006615172425858,-0.1089131006337938,0.1733405686143479,0.9924898043671074,-0.8467610077444254,-9.57645428716165,-0.2899236059124935,-0.1303889232939785,0.1518647459541632,0.9924898043671074,-0.8485458831828592,-9.5860092726508,10.76,-277.07,-258.24,-10.76,0.0,0.0479616478448041,0.0,0.0,0.0,0.0,32,37,37,35,36,31,-94,-88,-7,-6,12.9,12.9,12.9,12.8,12.7,-999,-999,-999,0.0,0.0,0.0
14.49040937423706,-0.2945255679111045,-0.1089131006337938,0.1718065812814776,0.9940237916999776,-0.8467610077444254,-9.57645428716165,-0.2899236059124935,-0.1303889232939785,0.1518647459541632,0.9924898043671074,-0.8485458831828592,-9.5860092726508,-53.8,-252.86,-258.24,-10.76,0.0,0.0959232956896083,0.0,0.0,0.0,0.0,32,37,37,35,36,-51,-88,-88,-7,-6,12.8,12.9,12.9,12.8,12.8,-999,-999,-999,0.0,0.0,0.0
14.507446765899658,-0.2899236059124935,-0.1089131006337938,0.1733405686143479,0.9924898043671074,-0.8452270204115552,-9.568216276204772,-0.2868556312467528,-0.1319229106268489,0.1533987332870336,0.9924898043671074,-0.8485458831828592,-9.5860092726508,-8.07,-277.07,-263.62,-10.76,0.0,0.1678657674568146,0.0,0.0,0.0,0.0,31,37,37,35,36,6,-94,-88,0,-6,12.9,12.9,12.9,12.8,12.8,-999,-999,-999,0.0,0.0,0.0
14.524388551712036,-0.2868556312467528,-0.1089131006337938,0.1733405686143479,0.9924898043671074,-0.8467610077444254,-9.57645428716165,-0.2868556312467528,-0.1319229106268489,0.1533987332870336,0.9924898043671074,-0.8485458831828592,-9.5860092726508,-18.83,-277.07,-252.86,-8.07,0.0,0.1918465913792167,0.0,0.0,0.0,0.0,31,37,37,35,36,0,-94,-82,-7,-6,12.9,12.9,12.9,12.8,12.8,-999,-999,-999,0.0,0.0,0.0
14.54142999649048,-0.2868556312467528,-0.1089131006337938,0.1733405686143479,0.9924898043671074,-0.8467610077444254,-9.57645428716165,-0.2837876565810122,-0.1319229106268489,0.1518647459541632,0.9924898043671074,-0.8485458831828592,-9.5860092726508,-10.76,-285.14,-260.93,-10.76,0.0,0.1918465913792167,0.0,0.0,0.0,0.0,31,37,37,35,36,6,-100,-88,-7,-6,12.9,12.9,12.8,12.8,12.8,-999,-999,-999,0.0,0.0,0.0
14.559396266937256,-0.2868556312467528,-0.1089131006337938,0.1733405686143479,0.9940237916999776,-0.8467610077444254,-9.57645428716165,-0.2807196819152714,-0.1319229106268489,0.1518647459541632,0.9924898043671074,-0.8485458831828592,-9.5860092726508,8.07,-279.76,-263.62,-10.76,0.0,0.1678657674568146,0.0,0.0,0.0,0.0,31,37,37,35,36,12,-94,-88,-7,-6,12.9,12.8,12.9,12.8,12.8,-999,-999,-999,0.0,0.0,0.0
14.57652497291565,-0.2868556312467528,-0.1073791133009235,0.1718065812814776,0.9924898043671074,-0.8467610077444254,-9.57645428716165,-0.2791856945824011,-0.1319229106268489,0.1518647459541632,0.9924898043671074,-0.8485458831828592,-9.5860092726508,51.11,-279.76,-260.93,-10.76,0.0,0.0959232956896083,0.0,0.0,0.0,0.0,31,37,37,35,36,80,-94,-82,-7,-6,12.9,12.9,12.9,12.8,12.8,-999,-999,-999,0.0,0.0,0.0
14.593417882919312,-0.2899236059124935,-0.1089131006337938,0.1733405686143479,0.9940237916999776,-0.8467610077444254,-9.57645428716165,-0.2791856945824011,-0.1319229106268489,0.1518647459541632,0.9924898043671074,-0.8485458831828592,-9.5860092726508,13.45,-279.76,-260.93,-10.76,-2.69,0.023980823922402,0.0,0.0,0.0,0.0,32,37,37,35,36,37,-94,-88,0,-12,12.9,12.9,12.9,12.8,12.8,-999,-999,-999,0.0,0.0,0.0
14.610487699508669,-0.2868556312467528,-0.1089131006337938,0.1733405686143479,0.9924898043671074,-0.8467610077444254,-9.57645428716165,-0.2745837325837901,-0.1319229106268489,0.1518647459541632,0.9924898043671074,-0.8485458831828592,-9.5860092726508,34.97,-282.45,-260.93,-13.45,0.0,0.0,0.0,0.0,0.0,0.0,31,37,37,35,36,37,-100,-88,-7,-6,12.9,12.9,12.8,12.8,12.8,-999,-999,-999,0.0,0.0,0.0
14.627501249313354,-0.2837876565810122,-0.1089131006337938,0.1733405686143479,0.9940237916999776,-0.8467610077444254,-9.57645428716165,-0.2730497452509198,-0.1319229106268489,0.1518647459541632,0.9909558170342372,-0.8485458831828592,-9.5860092726508,43.04,-277.07,-263.62,-13.45,0.0,0.0,0.0,0.0,0.0,0.0,32,37,37,35,36,31,-94,-88,0,-6,12.9,12.9,12.8,12.8,12.8,-999,-999,-999,0.0,0.0,0.0
14.64452028274536,-0.2822536692481418,-0.1089131006337938,0.1733405686143479,0.9924898043671074,-0.8452270204115552,-9.568216276204772,-0.2715157579180495,-0.1319229106268489,0.1518647459541632,0.9924898043671074,-0.8485458831828592,-9.5860092726508,29.59,-279.76,-260.93,-13.45,0.0,0.023980823922402,0.0,0.0,0.0,0.0,32,37,37,35,36,37,-94,-88,-7,-6,12.9,12.9,12.8,12.6,12.8,-999,-999,-999,0.0,0.0,0.0
14.661478519439695,-0.2791856945824011,-0.1089131006337938,0.1718065812814776,0.9940237916999776,-0.8467610077444254,-9.57645428716165,-0.2715157579180495,-0.1319229106268489,0.1518647459541632,0.9924898043671074,-0.8485458831828592,-9.5860092726508,5.38,-277.07,-260.93,-16.14,0.0,0.0719424717672062,0.0,0.0,0.0,0.0,32,37,37,35,36,25,-94,-88,-7,-6,12.9,12.9,12.9,12.8,12.8,-999,-999,-999,0.0,0.0,0.0
14.6784405708313,-0.2715157579180495,-0.1089131006337938,0.1733405686143479,0.9940237916999776,-0.8467610077444254,-9.57645428716165,-0.2684477832523088,-0.1319229106268489,0.1518647459541632,0.9924898043671074,-0.8485458831828592,-9.5860092726508,-5.38,-277.07,-263.62,-10.76,0.0,0.1438849435344125,0.0,0.0,0.0,0.0,32,37,37,35,36,12,-94,-88,-7,-6,12.9,12.9,12.9,12.8,12.8,-999,-999,-999,0.0,0.0,0.0
14.695420026779177,-0.2669137959194385,-0.1089131006337938,0.1733405686143479,0.9924898043671074,-0.8467610077444254,-9.57645428716165,-0.2638458212536978,-0.1319229106268489,0.1503307586212929,0.9924898043671074,-0.8485458831828592,-9.5860092726508,-10.76,-274.38,-258.24,-10.76,0.0,0.1918465913792167,0.0,0.0,0.0,0.0,32,37,37,36,36,0,-94,-82,-7,-6,12.9,12.9,12.9,12.8,12.8,-999,-999,-999,0.0,0.0,0.0
14.71248483657837,-0.2669137959194385,-0.1089131006337938,0.1718065812814776,0.9924898043671074,-0.8467610077444254,-9.57645428716165,-0.2623118339208274,-0.1319229106268489,0.1503307586212929,0.9909558170342372,-0.8485458831828592,-9.5860092726508,16.14,-277.07,-258.24,-13.45,0.0,0.2158274153016187,0.0,0.0,0.0,0.0,32,37,37,36,36,6,-94,-94,0,-6,12.9,12.9,12.9,12.8,12.8,-999,-999,-999,0.0,0.0,0.0
14.729476690292358,-0.2653798085865681,-0.1089131006337938,0.1718065812814776,0.9940237916999776,-0.8467610077444254,-9.57645428716165,-0.2592438592550868,-0.1319229106268489,0.1503307586212929,0.9924898043671074,-0.8485458831828592,-9.5860092726508,-21.52,-279.76,-271.69,-16.14,0.0,0.1918465913792167,0.0,0.0,0.0,0.0,32,37,37,36,36,6,-94,-94,-13,-6,12.9,12.9,12.8,12.8,12.8,-999,-999,-999,0.0,0.0,0.0
14.74642038345337,-0.2638458212536978,-0.1089131006337938,0.1718065812814776,0.9940237916999776,-0.8467610077444254,-9.57645428716165,-0.2592438592550868,-0.1319229106268489,0.1503307586212929,0.9924898043671074,-0.8485458831828592,-9.5860092726508,2.69,-282.45,-263.62,-10.76,0.0,0.1678657674568146,0.0,0.0,0.0,0.0,32,37,37,36,36,12,-94,-88,0,-6,12.9,12.9,12.8,12.8,12.8,-999,-999,-999,0.0,0.0,0.0
14.763540267944336,-0.2638458212536978,-0.1089131006337938,0.1702725939486073,0.9924898043671074,-0.8467610077444254,-9.57645428716165,-0.2531079099236054,-0.1319229106268489,0.1503307586212929,0.9924898043671074,-0.8485458831828592,-9.5860092726508,2.69,-279.76,-242.1,-10.76,0.0,0.0959232956896083,0.0,-0.023980823922402,0.0,0.0,32,37,37,36,36,25,-94,-88,0,-6,12.9,12.9,12.8,12.8,12.8,-999,-999,-999,0.0,0.0,0.0
14.780518293380736,-0.2653798085865681,-0.1089131006337938,0.1702725939486073,0.9924898043671074,-0.8467610077444254,-9.57645428716165,-0.2500399352578648,-0.1319229106268489,0.1503307586212929,0.9924898043671074,-0.8485458831828592,-9.5860092726508,2.69,-279.76,-244.79,-13.45,0.0,0.0479616478448041,0.0,-0.023980823922402,0.0,0.0,32,37,37,36,37,43,-94,-88,-7,-6,12.9,12.9,12.8,12.8,12.8,-999,-999,-999,0.0,0.0,0.0
14.798032999038696,-0.2623118339208274,-0.1089131006337938,0.1687386066157369,0.9940237916999776,-0.8467610077444254,-9.57645428716165,-0.2469719605921241,-0.1319229106268489,0.1503307586212929,0.9924898043671074,-0.8485458831828592,-9.5860092726508,40.35,-277.07,-252.86,-13.45,0.0,0.023980823922402,0.0,-0.023980823922402,0.0,0.0,32,37,37,36,37,43,-94,-88,-7,-6,12.9,12.9,12.8,12.8,12.8,-999,-999,-999,0.0,0.0,0.0
14.815436601638794,-0.2592438592550868,-0.1089131006337938,0.1687386066157369,0.9940237916999776,-0.8467610077444254,-9.57645428716165,-0.2439039859263834,-0.1319229106268489,0.1503307586212929,0.9924898043671074,-0.8485458831828592,-9.5860092726508,37.66,-277.07,-231.34,-8.07,0.0,0.0479616478448041,0.0,-0.023980823922402,0.0,0.0,32,37,37,36,37,43,-94,-82,-7,-6,12.9,12.9,12.5,12.8,12.8,-999,-999,-999,0.0,0.0,0.0
14.832495927810667,-0.2546418972564758,-0.1089131006337938,0.1687386066157369,0.9940237916999776,-0.8467610077444254,-9.57645428716165,-0.2408360112606427,-0.1319229106268489,0.1503307586212929,0.9924898043671074,-0.8485458831828592,-9.5860092726508,24.21,-250.17,-244.79,-10.76,0.0,0.0719424717672062,0.0,-0.023980823922402,0.0,0.0,32,37,37,36,37,37,-94,-82,0,-6,13.0,12.9,12.8,12.8,12.8,-999,-999,-999,0.0,0.0,0.0
14.84941053390503,-0.2500399352578648,-0.1089131006337938,0.1687386066157369,0.9924898043671074,-0.8467610077444254,-9.57645428716165,-0.2408360112606427,-0.1319229106268489,0.1503307586212929,0.9924898043671074,-0.8485458831828592,-9.5860092726508,0.0,-277.07,-247.48,-10.76,0.0,0.1438849435344125,0.0,-0.023980823922402,0.0,0.0,32,37,37,36,37,37,-94,-82,0,-6,12.9,12.9,12.8,12.8,12.8,-999,-999,-999,0.0,0.0,0.0
14.867425203323364,-0.2423699985935131,-0.1089131006337938,0.1687386066157369,0.9924898043671074,-0.8467610077444254,-9.57645428716165,-0.2347000619291614,-0.1319229106268489,0.1503307586212929,0.9909558170342372,-0.8485458831828592,-9.5860092726508,-2.69,-290.52,-247.48,-8.07,0.0,0.2158274153016187,0.0,0.0,0.0,0.0,32,37,37,36,37,12,-100,-82,-7,-6,12.8,12.9,12.8,12.8,12.8,-999,-999,-999,0.0,0.0,0.0
14.88451647758484,-0.2377680365949021,-0.1089131006337938,0.1687386066157369,0.9940237916999776,-0.8467610077444254,-9.57645428716165,-0.2300980999305504,-0.1319229106268489,0.1503307586212929,0.9924898043671074,-0.8485458831828592,-9.5860092726508,-18.83,-279.76,-247.48,-10.76,0.0,0.263789063146423,0.0,0.0,0.0,0.0,32,37,37,36,37,6,-94,-82,-13,-6,12.9,12.9,12.9,12.8,12.8,-999,-999,-999,0.0,0.0,0.0
14.901437044143677,-0.2362340492620317,-0.1089131006337938,0.1687386066157369,0.9940237916999776,-0.8467610077444254,-9.57645428716165,-0.2300980999305504,-0.1319229106268489,0.1503307586212929,0.9924898043671074,-0.8485458831828592,-9.5860092726508,34.97,-277.07,-247.48,-8.07,0.0,0.263789063146423,0.0,0.0,0.0,0.0,32,37,37,36,37,80,-94,-82,-7,-6,13.0,12.9,12.9,12.8,12.8,-999,-999,-999,0.0,0.0,0.0
14.9184148311615,-0.233166074596291,-0.1089131006337938,0.1687386066157369,0.9940237916999776,-0.8467610077444254,-9.57645428716165,-0.2270301252648097,-0.1319229106268489,0.1503307586212929,0.9924898043671074,-0.8485458831828592,-9.5860092726508,-13.45,-277.07,-247.48,-10.76,0.0,0.263789063146423,0.0,0.0,0.0,0.0,32,37,37,36,37,18,-94,-82,-7,-6,13.0,12.9,12.9,12.8,12.8,-999,-999,-999,0.0,0.0,0.0
14.935481309890749,-0.2300980999305504,-0.1089131006337938,0.1687386066157369,0.9924898043671074,-0.8467610077444254,-9.57645428716165,-0.2208941759333283,-0.1319229106268489,0.1503307586212929,0.9924898043671074,-0.8485458831828592,-9.5860092726508,-10.76,-279.76,-247.48,-10.76,-5.38,0.2158274153016187,0.0,0.0,0.0,0.0,32,37,37,36,37,18,-94,-82,-7,-6,12.9,12.9,12.8,12.8,12.8,-999,-999,-999,0.0,0.0,0.0
14.95255970954895,-0.2300980999305504,-0.1089131006337938,0.1687386066157369,0.9924898043671074,-0.8467610077444254,-9.57645428716165,-0.2178262012675877,-0.1319229106268489,0.1503307586212929,0.9924898043671074,-0.8485458831828592,-9.5860092726508,0.0,-277.07,-244.79,-10.76,-5.38,0.1678657674568146,0.0,0.0,0.0,0.0,32,37,37,36,37,31,-94,-82,0,-12,12.9,13.0,12.9,12.8,12.8,-999,-999,-999,0.0,0.0,0.0
14.969513416290283,-0.2300980999305504,-0.1089131006337938,0.1687386066157369,0.9940237916999776,-0.8467610077444254,-9.57645428716165,-0.214758226601847,-0.1319229106268489,0.1503307586212929,0.9924898043671074,-0.8485458831828592,-9.5860092726508,2.69,-277.07,-247.48,-10.76,0.0,0.0959232956896083,0.0,0.0,0.0,0.0,32,37,37,36,37,43,-94,-82,-7,-6,12.9,12.9,12.9,12.8,12.8,-999,-999,-999,0.0,0.0,0.0
14.986438512802124,-0.2270301252648097,-0.1089131006337938,0.1687386066157369,0.9924898043671074,-0.8467610077444254,-9.57645428716165,-0.214758226601847,-0.1319229106268489,0.1503307586212929,0.9924898043671074,-0.8485458831828592,-9.5860092726508,24.21,-274.38,-247.48,-13.45,0.0,0.0719424717672062,0.0,0.0,0.0,0.0,32,37,37,35,37,43,-94,-82,-7,-6,12.9,12.9,12.9,12.8,12.8,-999,-999,-999,0.0,0.0,0.0
15.003531455993652,-0.2224281632661987,-0.1089131006337938,0.1687386066157369,0.9924898043671074,-0.8467610077444254,-9.57645428716165,-0.2086222772703657,-0.1319229106268489,0.1503307586212929,0.9924898043671074,-0.8485458831828592,-9.5860092726508,29.59,-277.07,-247.48,-13.45,0.0,0.0719424717672062,0.0,0.0,0.0,0.0,32,37,37,36,37,37,-94,-82,-7,-6,12.9,12.9,12.9,12.8,12.8,-999,-999,-999,0.0,0.0,0.0
15.020488262176514,-0.219360188600458,-0.1089131006337938,0.1687386066157369,0.9940237916999776,-0.8467610077444254,-9.57645428716165,-0.2040203152717546,-0.1319229106268489,0.1503307586212929,0.9924898043671074,-0.8485458831828592,-9.5860092726508,16.14,-274.38,-247.48,-10.76,0.0,0.1199041196120104,0.0,0.0,0.0,0.0,32,37,37,36,37,37,-88,-82,-7,-6,12.9,12.9,12.9,12.8,12.8,-999,-999,-999,0.0,0.0,0.0
15.037389755249023,-0.214758226601847,-0.1089131006337938,0.1687386066157369,0.9924898043671074,-0.8467610077444254,-9.57645428716165,-0.2040203152717546,-0.1319229106268489,0.1503307586212929,0.9924898043671074,-0.8485458831828592,-9.5860092726508,0.0,-274.38,-247.48,-10.76,0.0,0.1678657674568146,0.0,0.0,0.0,0.0,32,37,37,36,37,37,-88,-82,0,-6,12.9,12.9,12.8,12.8,12.8,-999,-999,-999,0.0,0.0,0.0
15.054393291473389,-0.2070882899374953,-0.1089131006337938,0.1687386066157369,0.9940237916999776,-0.8467610077444254,-9.57645428716165,-0.200952340606014,-0.1319229106268489,0.1503307586212929,0.9924898043671074,-0.8485458831828592,-9.5860092726508,0.0,-277.07,-247.48,-10.76,0.0,0.2158274153016187,0.0,0.0,0.0,0.0,32,37,37,36,37,18,-94,-82,-7,-6,12.9,12.9,12.8,12.8,12.8,-999,-999,-999,0.0,0.0,0.0
15.0714373588562,-0.2024863279388843,-0.1089131006337938,0.1687386066157369,0.9940237916999776,-0.8467610077444254,-9.57645428716165,-0.1932824039416623,-0.1319229106268489,0.1503307586212929,0.9924898043671074,-0.8485458831828592,-9.5860092726508,-10.76,-277.07,-247.48,-10.76,0.0,0.263789063146423,0.0,0.0,0.0,0.0,32,37,36,36,37,18,-94,-82,-7,-6,12.9,13.0,12.9,12.8,12.8,-999,-999,-999,0.0,0.0,0.0
15.08922815322876,-0.1994183532731436,-0.1089131006337938,0.1687386066157369,0.9940237916999776,-0.8467610077444254,-9.57645428716165,-0.1902144292759216,-0.1319229106268489,0.1503307586212929,0.9924898043671074,-0.8485458831828592,-9.5860092726508,-21.52,-277.07,-247.48,-10.76,0.0,0.287769887068825,0.0,0.0,0.0,0.0,32,37,36,36,37,18,-94,-82,-7,-6,12.9,13.0,12.8,12.8,12.8,-999,-999,-999,0.0,0.0,0.0
15.106378078460692,-0.196350378607403,-0.1089131006337938,0.1687386066157369,0.9940237916999776,-0.8467610077444254,-9.57645428716165,-0.1871464546101809,-0.1319229106268489,0.1503307586212929,0.9924898043671074,-0.8485458831828592,-9.5860092726508,-10.76,-271.69,-247.48,-13.45,0.0,0.287769887068825,0.0,0.0,0.0,0.0,32,37,36,36,37,18,-94,-82,-7,-6,12.9,12.9,12.8,12.7,12.8,-999,-999,-999,0.0,0.0,0.0
15.123416662216188,-0.1932824039416623,-0.1089131006337938,0.1687386066157369,0.9924898043671074,-0.8467610077444254,-9.57645428716165,-0.1871464546101809,-0.1319229106268489,0.1503307586212929,0.9924898043671074,-0.8485458831828592,-9.5860092726508,0.0,-274.38,-247.48,-13.45,0.0,0.2398082392240208,0.0,0.0,0.0,0.0,32,37,36,36,37,25,-94,-82,-7,-6,12.9,12.9,12.9,12.8,12.8,-999,-999,-999,0.0,0.0,0.0
15.140504121780396,-0.1932824039416623,-0.1089131006337938,0.1687386066157369,0.9924898043671074,-0.8467610077444254,-9.57645428716165,-0.1794765179458293,-0.1319229106268489,0.1503307586212929,0.9924898043671074,-0.8485458831828592,-9.5860092726508,2.69,-271.69,-247.48,-13.45,0.0,0.1918465913792167,0.0,0.0,0.0,0.0,32,37,36,36,37,31,-94,-82,-7,-6,12.9,12.9,12.9,12.8,12.8,-999,-999,-999,0.0,0.0,0.0
15.157461404800417,-0.191748416608792,-0.1089131006337938,0.1687386066157369,0.9924898043671074,-0.8467610077444254,-9.57645428716165,-0.1764085432800886,-0.1319229106268489,0.1503307586212929,0.9924898043671074,-0.8485458831828592,-9.5860092726508,0.0,-277.07,-247.48,-10.76,0.0,0.1438849435344125,0.0,0.0,0.0,0.0,30,37,36,36,37,43,-94,-82,0,-6,12.9,12.9,12.9,12.8,12.8,-999,-999,-999,0.0,0.0,0.0
15.174394845962524,-0.1886804419430513,-0.1089131006337938,0.1687386066157369,0.9940237916999776,-0.8467610077444254,-9.57645428716165,-0.1764085432800886,-0.1319229106268489,0.1503307586212929,0.9924898043671074,-0.8485458831828592,-9.5860092726508,5.38,-274.38,-247.48,-8.07,0.0,0.0959232956896083,0.0,0.0,0.0,0.0,31,37,36,36,37,43,-88,-82,0,-6,12.9,12.9,12.8,12.7,12.8,-999,-999,-999,0.0,0.0,0.0
15.191420793533323,-0.1856124672773106,-0.1089131006337938,0.1687386066157369,0.9940237916999776,-0.8467610077444254,-9.57645428716165,-0.1733405686143479,-0.1319229106268489,0.1503307586212929,0.9909558170342372,-0.8485458831828592,-9.5860092726508,29.59,-277.07,-247.48,-10.76,0.0,0.0959232956896083,0.0,0.0,0.0,0.0,31,37,37,35,37,43,-94,-82,-13,-6,12.9,12.9,12.8,12.8,12.8,-999,-999,-999,0.0,0.0,0.0
15.208447456359863,-0.18254449261157,-0.1089131006337938,0.1687386066157369,0.9940237916999776,-0.8467610077444254,-9.57645428716165,-0.1656706319499963,-0.1319229106268489,0.1503307586212929,0.9924898043671074,-0.8485458831828592,-9.5860092726508,21.52,-274.38,-244.79,-8.07,0.0,0.1199041196120104,0.0,0.0,0.0,0.0,31,37,37,35,37,43,-94,-82,0,-6,12.9,12.9,12.8,12.8,12.8,-999,-999,-999,0.0,0.0,0.0
15.225388765335085,-0.1764085432800886,-0.1089131006337938,0.1687386066157369,0.9940237916999776,-0.8467610077444254,-9.57645428716165,-0.1656706319499963,-0.1319229106268489,0.1503307586212929,0.9924898043671074,-0.8485458831828592,-9.5860092726508,45.73,-277.07,-247.48,-13.45,0.0,0.1678657674568146,0.0,0.0,0.0,0.0,31,37,36,35,37,43,-94,-82,-7,-6,12.9,12.9,12.8,12.8,12.8,-999,-999,-999,0.0,0.0,0.0
15.2424476146698,-0.1718065812814776,-0.1089131006337938,0.1687386066157369,0.9940237916999776,-0.8467610077444254,-9.57645428716165,-0.1595346826185149,-0.1319229106268489,0.1503307586212929,0.9924898043671074,-0.8485458831828592,-9.5860092726508,0.0,-277.07,-247.48,-13.45,0.0,0.1918465913792167,0.0,0.0,0.0,0.0,31,37,36,35,37,37,-94,-82,0,-6,12.9,12.9,12.8,12.8,12.8,-999,-999,-999,0.0,0.0,0.0
15.25950574874878,-0.1656706319499963,-0.1089131006337938,0.1687386066157369,0.9924898043671074,-0.8467610077444254,-9.57645428716165,-0.1549327206199039,-0.1319229106268489,0.1503307586212929,0.9924898043671074,-0.8485458831828592,-9.5860092726508,0.0,-279.76,-247.48,-10.76,0.0,0.2398082392240208,0.0,0.0,0.0,0.0,31,37,36,35,37,25,-94,-82,-7,-6,12.9,12.9,12.9,12.8,12.8,-999,-999,-999,0.0,0.0,0.0
15.276503801345823,-0.1610686699513852,-0.1089131006337938,0.1687386066157369,0.9940237916999776,-0.8467610077444254,-9.57645428716165,-0.1518647459541632,-0.1319229106268489,0.1503307586212929,0.9924898043671074,-0.8485458831828592,-9.5860092726508,-5.38,-277.07,-247.48,-10.76,0.0,0.263789063146423,0.0,0.0,0.0,0.0,32,37,36,35,37,18,-94,-82,0,-6,12.9,12.9,12.9,12.8,12.8,-999,-999,-999,0.0,0.0,0.0
15.293381452560425,-0.1580006952856446,-0.1089131006337938,0.1687386066157369,0.9940237916999776,-0.8467610077444254,-9.57645428716165,-0.1518647459541632,-0.1319229106268489,0.1503307586212929,0.9924898043671074,-0.8485458831828592,-9.5860092726508,-2.69,-277.07,-244.79,-10.76,0.0,0.287769887068825,0.0,0.0,0.0,0.0,32,37,36,35,37,18,-94,-82,-7,-6,12.9,12.9,12.8,12.8,12.8,-999,-999,-999,0.0,0.0,0.0
15.310426950454712,-0.1549327206199039,-0.1089131006337938,0.1687386066157369,0.9940237916999776,-0.8467610077444254,-9.57645428716165,-0.1457287966226819,-0.1319229106268489,0.1503307586212929,0.9924898043671074,-0.8485458831828592,-9.5860092726508,-5.38,-277.07,-247.48,-13.45,0.0,0.263789063146423,0.0,0.0,0.0,0.0,32,37,37,35,37,18,-94,-82,-7,-6,12.9,12.9,12.9,12.8,12.8,-999,-999,-999,0.0,0.0,0.0
15.327399492263794,-0.1518647459541632,-0.1089131006337938,0.1687386066157369,0.9924898043671074,-0.8467610077444254,-9.57645428716165,-0.1426608219569412,-0.1319229106268489,0.1503307586212929,0.9924898043671074,-0.8485458831828592,-9.5860092726508,-5.38,-277.07,-242.1,-13.45,0.0,0.2158274153016187,0.0,0.0,0.0,0.0,32,36,37,35,37,25,-94,-82,-7,-6,12.9,12.9,12.8,12.8,12.8,-999,-999,-999,0.0,0.0,0.0
15.344394445419312,-0.1518647459541632,-0.1089131006337938,0.1687386066157369,0.9924898043671074,-0.8467610077444254,-9.57645428716165,-0.1380588599583302,-0.1319229106268489,0.1503307586212929,0.9924898043671074,-0.8485458831828592,-9.5860092726508,-8.07,-279.76,-247.48,-10.76,0.0,0.1918465913792167,0.0,0.0,0.0,0.0,33,37,37,35,37,25,-94,-82,0,-6,12.9,12.9,12.8,12.8,12.8,-999,-999,-999,0.0,0.0,0.0
15.36136770248413,-0.1487967712884225,-0.1089131006337938,0.1687386066157369,0.9940237916999776,-0.8467610077444254,-9.57645428716165,-0.1380588599583302,-0.1319229106268489,0.1503307586212929,0.9924898043671074,-0.8485458831828592,-9.5860092726508,29.59,-279.76,-247.48,-13.45,0.0,0.1438849435344125,0.0,0.0,0.0,0.0,32,37,36,35,37,37,-94,-82,-7,-6,13.0,12.9,12.8,12.8,12.8,-999,-999,-999,0.0,0.0,0.0
15.378382682800291,-0.1472627839555522,-0.1104470879666641,0.1687386066157369,0.9924898043671074,-0.8467610077444254,-9.57645428716165,-0.1334568979597192,-0.1319229106268489,0.1503307586212929,0.9924898043671074,-0.8485458831828592,-9.5860092726508,0.0,-277.07,-247.48,-13.45,0.0,0.0959232956896083,0.0,0.0,0.0,0.0,32,37,36,35,37,50,-94,-82,0,-6,12.9,12.9,12.8,12.8,12.8,-999,-999,-999,0.0,0.0,0.0
15.395435094833374,-0.1441948092898116,-0.1089131006337938,0.1687386066157369,0.9924898043671074,-0.8467610077444254,-9.57645428716165,-0.1242529739624972,-0.1319229106268489,0.1503307586212929,0.9924898043671074,-0.8485458831828592,-9.5860092726508,26.9,-277.07,-247.48,-13.45,0.0,0.0959232956896083,0.0,0.0,0.0,0.0,32,37,36,35,37,43,-94,-82,-7,-6,12.9,12.9,12.8,12.8,12.8,-999,-999,-999,0.0,0.0,0.0
15.412430763244627,-0.1395928472912005,-0.1089131006337938,0.1687386066157369,0.9924898043671074,-0.8467610077444254,-9.57645428716165,-0.1196510119638862,-0.1319229106268489,0.1503307586212929,0.9924898043671074,-0.8485458831828592,-9.5860092726508,26.9,-277.07,-247.48,-13.45,0.0,0.1199041196120104,0.0,0.0,0.0,0.0,32,37,36,35,37,50,-94,-82,0,-6,12.9,13.0,12.9,12.8,12.8,-999,-999,-999,0.0,0.0,0.0
15.42942762374878,-0.1334568979597192,-0.1089131006337938,0.1687386066157369,0.9924898043671074,-0.8467610077444254,-9.57645428716165,-0.1150490499652752,-0.1319229106268489,0.1503307586212929,0.9909558170342372,-0.8485458831828592,-9.5860092726508,24.21,-279.76,-250.17,-10.76,0.0,0.1678657674568146,0.0,0.0,0.0,0.0,32,37,36,35,37,56,-94,-82,0,-6,12.9,12.9,12.9,12.8,12.7,-999,-999,-999,0.0,0.0,0.0
15.44640588760376,-0.1288549359611082,-0.1089131006337938,0.1672046192828666,0.9924898043671074,-0.8467610077444254,-9.57645428716165,-0.1104470879666641,-0.1319229106268489,0.1503307586212929,0.9924898043671074,-0.8485458831828592,-9.5860092726508,0.0,-279.76,-250.17,-13.45,0.0,0.2158274153016187,0.0,0.0,0.0,0.0,32,37,37,35,37,50,-94,-82,-7,-6,12.9,12.9,12.8,12.8,12.7,-999,-999,-999,0.0,0.0,0.0
15.463382005691528,-0.1211849992967565,-0.1089131006337938,0.1687386066157369,0.9940237916999776,-0.8467610077444254,-9.57645428716165,-0.1104470879666641,-0.1319229106268489,0.1503307586212929,0.9924898043671074,-0.8485458831828592,-9.5860092726508,43.04,-277.07,-247.48,-8.07,0.0,0.263789063146423,0.0,0.0,0.0,0.0,32,37,37,35,37,43,-94,-82,-7,-6,12.9,12.9,12.8,12.8,12.7,-999,-999,-999,0.0,0.0,0.0
15.48046064376831,-0.1150490499652752,-0.1089131006337938,0.1687386066157369,0.9924898043671074,-0.8467610077444254,-9.57645428716165,-0.1012431639694421,-0.1319229106268489,0.1503307586212929,0.9924898043671074,-0.8485458831828592,-9.5860092726508,37.66,-279.76,-247.48,-13.45,0.0,0.3117507109912271,0.0,0.0,0.0,0.0,32,37,37,35,37,31,-94,-82,-7,-6,12.9,12.9,12.8,12.8,12.7,-999,-999,-999,0.0,0.0,0.0
15.49733066558838,-0.1104470879666641,-0.1089131006337938,0.1687386066157369,0.9924898043671074,-0.8467610077444254,-9.57645428716165,-0.1012431639694421,-0.1319229106268489,0.1503307586212929,0.9924898043671074,-0.8485458831828592,-9.5860092726508,-2.69,-277.07,-244.79,-13.45,0.0,0.3357315349136292,0.0,0.0,0.0,0.0,32,36,37,35,37,31,-94,-82,0,-6,12.9,12.9,12.8,12.8,12.7,-999,-999,-999,0.0,0.0,0.0
15.514335870742798,-0.1058451259680531,-0.1089131006337938,0.1687386066157369,0.9924898043671074,-0.8467610077444254,-9.57645428716165,-0.0981751893037015,-0.1319229106268489,0.1503307586212929,0.9924898043671074,-0.8485458831828592,-9.5860092726508,0.0,-271.69,-247.48,-10.76,0.0,0.3357315349136292,0.0,0.0,0.0,0.0,31,36,37,35,37,25,-88,-82,0,-6,12.9,12.9,12.8,12.8,12.7,-999,-999,-999,0.0,0.0,0.0
15.531363725662231,-0.1012431639694421,-0.1089131006337938,0.1687386066157369,0.9940237916999776,-0.8467610077444254,-9.57645428716165,-0.0935732273050904,-0.1319229106268489,0.1503307586212929,0.9924898043671074,-0.8485458831828592,-9.5860092726508,-21.52,-274.38,-247.48,-10.76,0.0,0.3117507109912271,0.0,0.0,0.0,0.0,32,36,37,35,37,18,-94,-82,-7,-6,13.0,12.9,12.8,12.8,12.8,-999,-999,-999,0.0,0.0,0.0
15.548403024673462,-0.0981751893037015,-0.1089131006337938,0.1687386066157369,0.9924898043671074,-0.8467610077444254,-9.57645428716165,-0.0859032906407388,-0.1319229106268489,0.1503307586212929,0.9924898043671074,-0.8485458831828592,-9.5860092726508,-5.38,-277.07,-247.48,-13.45,0.0,0.263789063146423,0.0,0.0,0.0,0.0,32,36,37,35,37,37,-94,-82,0,-6,12.9,12.9,12.8,12.8,12.8,-999,-999,-999,0.0,0.0,0.0
15.56538987159729,-0.0966412019708311,-0.1089131006337938,0.1687386066157369,0.9924898043671074,-0.8467610077444254,-9.57645428716165,-0.0859032906407388,-0.1319229106268489,0.1503307586212929,0.9924898043671074,-0.8485458831828592,-9.5860092726508,26.9,-279.76,-247.48,-10.76,0.0,0.2398082392240208,0.0,0.0,0.0,0.0,32,36,37,36,37,37,-94,-82,-7,-6,13.0,12.9,12.9,12.8,12.8,-999,-999,-999,0.0,0.0,0.0
15.58236312866211,-0.0935732273050904,-0.1089131006337938,0.1687386066157369,0.9924898043671074,-0.8467610077444254,-9.57645428716165,-0.0813013286421278,-0.1319229106268489,0.1503307586212929,0.9924898043671074,-0.8485458831828592,-9.5860092726508,32.28,-277.07,-247.48,-10.76,-2.69,0.1918465913792167,0.0,0.0,0.0,0.0,32,38,37,36,37,112,-94,-82,-7,-6,12.9,12.4,12.9,12.8,12.8,-999,-999,-999,0.0,0.0,0.0
15.599488019943236,-0.0920392399722201,-0.1089131006337938,0.1687386066157369,0.9940237916999776,-0.8467610077444254,-9.57645428716165,-0.0736313919777761,-0.1334568979597192,0.1503307586212929,0.9924898043671074,-0.8485458831828592,-9.5860092726508,2.69,-274.38,-244.79,-10.76,0.0,0.1438849435344125,0.0,0.0,0.0,0.0,32,37,37,35,37,56,-88,-82,-7,-6,12.7,12.9,12.9,12.8,12.8,-999,-999,-999,0.0,0.0,0.0
15.616419315338137,-0.0874372779736091,-0.1089131006337938,0.1687386066157369,0.9940237916999776,-0.8467610077444254,-9.57645428716165,-0.0736313919777761,-0.1334568979597192,0.1503307586212929,0.9924898043671074,-0.8485458831828592,-9.5860092726508,56.49,-295.9,-244.79,-13.45,0.0,0.1438849435344125,0.0,0.0,0.0,0.0,32,37,36,35,37,50,-100,-82,-7,-6,12.9,12.9,12.8,12.8,12.8,-999,-999,-999,0.0,0.0,0.0
15.63339900970459,-0.0828353159749981,-0.1089131006337938,0.1687386066157369,0.9924898043671074,-0.8467610077444254,-9.57645428716165,-0.0659614553134244,-0.1319229106268489,0.1503307586212929,0.9924898043671074,-0.8485458831828592,-9.5860092726508,16.14,-279.76,-247.48,-8.07,0.0,0.1678657674568146,0.0,0.0,0.0,0.0,32,37,36,35,37,50,-94,-82,-7,-6,12.9,12.9,12.8,12.8,12.8,-999,-999,-999,0.0,0.0,0.0
15.650434494018556,-0.0782333539763871,-0.1089131006337938,0.1687386066157369,0.9924898043671074,-0.8467610077444254,-9.57645428716165,-0.0628934806476837,-0.1319229106268489,0.1503307586212929,0.9924898043671074,-0.8485458831828592,-9.5860092726508,5.38,-274.38,-244.79,-13.45,0.0,0.1918465913792167,0.0,0.0,0.0,0.0,32,37,36,35,37,50,-88,-82,-7,-6,12.9,12.9,12.8,12.8,12.8,-999,-999,-999,0.0,0.0,0.0
15.667458057403564,-0.0720974046449058,-0.1089131006337938,0.1687386066157369,0.9924898043671074,-0.8467610077444254,-9.57645428716165,-0.0582915186490727,-0.1319229106268489,0.1503307586212929,0.9924898043671074,-0.8485458831828592,-9.5860092726508,0.0,-274.38,-247.48,-13.45,0.0,0.2158274153016187,0.0,0.0,0.0,0.0,32,37,36,35,37,37,-94,-82,0,-6,12.9,12.9,12.8,12.8,12.8,-999,-999,-999,0.0,0.0,0.0
15.684365510940552,-0.0659614553134244,-0.1089131006337938,0.1687386066157369,0.9940237916999776,-0.8467610077444254,-9.57645428716165,-0.0582915186490727,-0.1319229106268489,0.1503307586212929,0.9924898043671074,-0.8485458831828592,-9.5860092726508,0.0,-277.07,-247.48,-10.76,0.0,0.263789063146423,0.0,0.0,0.0,0.0,32,37,36,35,37,25,-94,-82,0,-6,12.9,12.9,12.8,12.8,12.8,-999,-999,-999,0.0,0.0,0.0
15.701438426971436,-0.0598255059819431,-0.1089131006337938,0.1687386066157369,0.9924898043671074,-0.8467610077444254,-9.57645428716165,-0.0521555693175914,-0.1334568979597192,0.1503307586212929,0.9924898043671074,-0.8485458831828592,-9.5860092726508,0.0,-274.38,-247.48,-13.45,0.0,0.3117507109912271,0.0,0.0,0.0,0.0,32,37,36,35,37,12,-88,-82,-7,-6,12.9,12.9,12.8,12.8,12.8,-999,-999,-999,0.0,0.0,0.0
15.718329429626465,-0.0567575313162024,-0.1089131006337938,0.1687386066157369,0.9940237916999776,-0.8467610077444254,-9.57645428716165,-0.0521555693175914,-0.1334568979597192,0.1503307586212929,0.9924898043671074,-0.8485458831828592,-9.5860092726508,26.9,-290.52,-247.48,-13.45,0.0,0.3117507109912271,0.0,0.0,0.0,0.0,32,37,36,35,37,12,-100,-82,-7,-6,12.9,12.9,12.9,12.8,12.8,-999,-999,-999,0.0,0.0,0.0
15.735369682312012,-0.0536895566504617,-0.1104470879666641,0.1687386066157369,0.9940237916999776,-0.8467610077444254,-9.57645428716165,-0.0490875946518507,-0.1319229106268489,0.1503307586212929,0.9924898043671074,-0.8485458831828592,-9.5860092726508,-16.14,-258.24,-247.48,-10.76,0.0,0.287769887068825,0.0,0.0,0.0,0.0,32,37,37,35,37,12,-94,-82,0,-6,12.9,12.9,12.9,12.8,12.8,-999,-999,-999,0.0,0.0,0.0
15.752363443374634,-0.0521555693175914,-0.1089131006337938,0.1687386066157369,0.9940237916999776,-0.8467610077444254,-9.57645428716165,-0.04601961998611,-0.1319229106268489,0.1503307586212929,0.9924898043671074,-0.8485458831828592,-9.5860092726508,-10.76,-279.76,-247.48,-10.76,0.0,0.2398082392240208,0.0,0.0,0.0,0.0,32,37,37,35,37,18,-94,-82,0,-6,12.9,12.9,12.8,12.8,12.8,-999,-999,-999,0.0,0.0,0.0
15.769394159317017,-0.0475536073189804,-0.1104470879666641,0.1687386066157369,0.9940237916999776,-0.8467610077444254,-9.57645428716165,-0.041417657987499,-0.1319229106268489,0.1503307586212929,0.9924898043671074,-0.8485458831828592,-9.5860092726508,-2.69,-274.38,-244.79,-13.45,0.0,0.1918465913792167,0.0,0.0,0.0,0.0,32,37,37,36,37,18,-94,-82,0,-6,12.9,12.8,12.8,12.8,12.8,-999,-999,-999,0.0,0.0,0.0
15.786365509033203,-0.0475536073189804,-0.1104470879666641,0.1687386066157369,0.9940237916999776,-0.8467610077444254,-9.57645428716165,-0.0352817086560177,-0.1319229106268489,0.1503307586212929,0.9924898043671074,-0.8485458831828592,-9.5860092726508,34.97,-271.69,-250.17,-10.76,0.0,0.1438849435344125,0.0,0.0,0.0,0.0,32,36,37,36,37,37,-94,-82,0,-6,12.9,12.9,12.8,12.8,12.8,-999,-999,-999,0.0,0.0,0.0
15.8033607006073,-0.0475536073189804,-0.1089131006337938,0.1687386066157369,0.9924898043671074,-0.8467610077444254,-9.57645428716165,-0.0352817086560177,-0.1319229106268489,0.1503307586212929,0.9924898043671074,-0.8485458831828592,-9.5860092726508,0.0,-271.69,-247.48,-10.76,0.0,0.0959232956896083,0.0,0.0,0.0,0.0,32,36,37,36,37,50,-94,-82,0,-6,12.9,12.9,12.9,12.8,12.8,-999,-999,-999,0.0,0.0,0.0
15.82040548324585,-0.0444856326532397,-0.1089131006337938,0.1687386066157369,0.9940237916999776,-0.8467610077444254,-9.57645428716165,-0.027611771991666,-0.1319229106268489,0.1503307586212929,0.9924898043671074,-0.8485458831828592,-9.5860092726508,75.32,-279.76,-244.79,-16.14,0.0,0.0719424717672062,0.0,0.0,0.0,0.0,32,37,37,36,37,50,-94,-82,-7,-6,12.7,12.9,12.9,12.8,12.8,-999,-999,-999,0.0,0.0,0.0
15.837326765060425,-0.0398836706546287,-0.1089131006337938,0.1687386066157369,0.9940237916999776,-0.8467610077444254,-9.57645428716165,-0.027611771991666,-0.1319229106268489,0.1503307586212929,0.9924898043671074,-0.8485458831828592,-9.5860092726508,18.83,-274.38,-247.48,-13.45,0.0,0.0959232956896083,0.0,0.0,0.0,0.0,32,37,37,36,37,43,-94,-82,0,-6,12.9,12.9,12.9,12.8,12.8,-999,-999,-999,0.0,0.0,0.0
15.854365348815918,-0.036815695988888,-0.1089131006337938,0.1687386066157369,0.9924898043671074,-0.8467610077444254,-9.57645428716165,-0.0245437973259253,-0.1319229106268489,0.1518647459541632,0.9924898043671074,-0.8485458831828592,-9.5860092726508,29.59,-271.69,-207.13,-13.45,0.0,0.1199041196120104,0.0,0.0,0.0,0.0,32,37,37,36,37,43,-88,-75,-7,-6,12.9,12.9,12.9,12.8,12.8,-999,-999,-999,0.0,0.0,0.0
15.87134599685669,-0.032213733990277,-0.1089131006337938,0.1687386066157369,0.9940237916999776,-0.8467610077444254,-9.57645428716165,-0.0199418353273143,-0.1319229106268489,0.1518647459541632,0.9924898043671074,-0.8485458831828592,-9.5860092726508,45.73,-274.38,-207.13,-16.14,0.0,0.1678657674568146,0.0,0.0,0.0,0.0,32,37,37,36,37,43,-94,-69,-7,-6,12.9,13.0,12.8,12.8,12.8,-999,-999,-999,0.0,0.0,0.0
15.888351917266846,-0.0245437973259253,-0.1089131006337938,0.1687386066157369,0.9940237916999776,-0.8467610077444254,-9.57645428716165,-0.0168738606615736,-0.1319229106268489,0.1533987332870336,0.9924898043671074,-0.8485458831828592,-9.5860092726508,0.0,-274.38,-158.71,-13.45,0.0,0.2158274153016187,0.0,0.0,0.0,0.0,32,37,37,36,37,25,-88,-63,-7,-6,12.9,13.0,12.8,12.8,12.8,-999,-999,-999,0.0,0.0,0.0
15.905384302139282,-0.0199418353273143,-0.1089131006337938,0.1687386066157369,0.9924898043671074,-0.8467610077444254,-9.57645428716165,-0.0107379113300923,-0.1319229106268489,0.1533987332870336,0.9924898043671074,-0.8485458831828592,-9.5860092726508,-8.07,-271.69,-185.61,-13.45,0.0,0.263789063146423,0.0,0.0,0.0,0.0,32,37,37,36,37,12,-88,-63,0,-6,13.0,12.8,12.9,12.8,12.8,-999,-999,-999,0.0,0.0,0.0
15.922319412231444,-0.0153398733287033,-0.1089131006337938,0.1687386066157369,0.9924898043671074,-0.8467610077444254,-9.57645428716165,-0.0107379113300923,-0.1319229106268489,0.1533987332870336,0.9924898043671074,-0.8485458831828592,-9.5860092726508,21.52,-274.38,-185.61,-13.45,0.0,0.287769887068825,0.0,0.0,0.0,0.0,32,37,37,36,37,12,-94,-63,-7,-6,12.9,12.9,12.9,12.8,12.8,-999,-999,-999,0.0,0.0,0.0
15.939339876174929,-0.013805885995833,-0.1089131006337938,0.1687386066157369,0.9924898043671074,-0.8467610077444254,-9.57645428716165,-0.0076699366643516,-0.1319229106268489,0.1533987332870336,0.9924898043671074,-0.8485458831828592,-9.5860092726508,-18.83,-277.07,-185.61,-10.76,0.0,0.287769887068825,0.0,0.0,0.0,0.0,32,37,37,36,37,12,-94,-63,-7,-6,12.9,12.9,12.8,12.8,12.8,-999,-999,-999,0.0,0.0,0.0
15.956400394439695,-0.0107379113300923,-0.1089131006337938,0.1687386066157369,0.9940237916999776,-0.8467610077444254,-9.57645428716165,-0.0015339873328703,-0.1319229106268489,0.1549327206199039,0.9924898043671074,-0.8485458831828592,-9.5860092726508,-5.38,-277.07,-185.61,-13.45,0.0,0.2398082392240208,0.0,0.0,0.0,0.0,33,37,36,36,37,18,-94,-63,-7,-6,12.9,12.9,12.7,12.8,12.8,-999,-999,-999,0.0,0.0,0.0
15.973342418670654,-0.009203923997222,-0.1089131006337938,0.1687386066157369,0.9940237916999776,-0.8467610077444254,-9.57645428716165,-0.0015339873328703,-0.1319229106268489,0.1549327206199039,0.9924898043671074,-0.8485458831828592,-9.5860092726508,0.0,-279.76,-174.85,-13.45,0.0,0.1918465913792167,0.0,0.0,0.0,0.0,32,37,36,36,37,25,-94,-57,0,-6,13.0,12.9,12.9,12.8,12.8,-999,-999,-999,0.0,0.0,0.0
15.990476131439207,-0.009203923997222,-0.1089131006337938,0.1687386066157369,0.9924898043671074,-0.8467610077444254,-9.57645428716165,0.004601961998611,-0.1319229106268489,0.1549327206199039,0.9940237916999776,-0.8485458831828592,-9.5860092726508,0.0,-279.76,-174.85,-8.07,0.0,0.1199041196120104,0.0,0.0,0.0,0.0,32,37,36,36,37,37,-94,-57,6,-6,12.9,12.9,12.9,12.8,12.8,-999,-999,-999,0.0,0.0,0.0
16.007392644882202,-0.0076699366643516,-0.1089131006337938,0.1687386066157369,0.9940237916999776,-0.8467610077444254,-9.57645428716165,0.0076699366643516,-0.1319229106268489,0.1549327206199039,0.9940237916999776,-0.8485458831828592,-9.5860092726508,0.0,-271.69,-174.85,-8.07,0.0,0.0719424717672062,0.0,0.0,0.0,0.0,32,37,37,36,37,50,-88,-57,0,-6,12.9,12.8,12.9,12.8,12.8,-999,-999,-999,0.0,0.0,0.0
16.024330377578735,-0.004601961998611,-0.1104470879666641,0.1687386066157369,0.9940237916999776,-0.8467610077444254,-9.57645428716165,0.0076699366643516,-0.1319229106268489,0.1549327206199039,0.9940237916999776,-0.8485458831828592,-9.5860092726508,32.28,-277.07,-174.85,-8.07,0.0,0.0719424717672062,0.0,0.0,0.0,0.0,32,37,37,36,37,43,-94,-57,0,-6,12.9,12.9,12.9,12.8,12.8,-999,-999,-999,0.0,0.0,0.0
16.0413339138031,0.0,-0.1104470879666641,0.1687386066157369,0.9940237916999776,-0.8467610077444254,-9.57645428716165,0.0107379113300923,-0.1319229106268489,0.1549327206199039,0.995557779032848,-0.8485458831828592,-9.5860092726508,24.21,-277.07,-174.85,-8.07,0.0,0.0959232956896083,0.0,0.0,0.0,0.0,32,37,37,36,37,37,-94,-57,6,-6,12.9,12.9,12.9,12.8,12.8,-999,-999,-999,0.0,0.0,0.0
16.058476448059082,0.0030679746657406,-0.1089131006337938,0.1687386066157369,0.9940237916999776,-0.8467610077444254,-9.57645428716165,0.0168738606615736,-0.1319229106268489,0.1564667079527743,0.9970917663657184,-0.8485458831828592,-9.5860092726508,5.38,-277.07,-145.26,10.76,0.0,0.1199041196120104,0.0,0.0,0.0,0.0,32,37,37,36,37,37,-94,-50,12,-6,12.9,12.9,12.9,12.8,12.8,-999,-999,-999,0.0,0.0,0.0
16.075359344482422,0.009203923997222,-0.1089131006337938,0.1687386066157369,0.995557779032848,-0.8467610077444254,-9.57645428716165,0.018407847994444,-0.1319229106268489,0.1549327206199039,0.9986257536985887,-0.8485458831828592,-9.5860092726508,0.0,-274.38,-145.26,-24.21,0.0,0.1918465913792167,0.0,0.0,0.0,0.0,32,37,37,36,37,25,-94,-50,6,-6,12.9,12.9,12.8,12.8,12.8,-999,-999,-999,0.0,0.0,0.0
16.09240221977234,0.0153398733287033,-0.1089131006337938,0.1687386066157369,0.995557779032848,-0.8467610077444254,-9.57645428716165,0.0214758226601847,-0.1319229106268489,0.1564667079527743,0.9986257536985887,-0.8485458831828592,-9.5860092726508,-2.69,-277.07,-174.85,10.76,0.0,0.2398082392240208,0.0,0.0,0.0,0.0,32,37,37,36,37,12,-94,-57,12,-6,12.9,12.9,12.9,12.8,12.8,-999,-999,-999,0.0,0.0,0.0
16.10940980911255,0.018407847994444,-0.1089131006337938,0.1687386066157369,0.9970917663657184,-0.8467610077444254,-9.57645428716165,0.0214758226601847,-0.1319229106268489,0.1564667079527743,0.9986257536985887,-0.8485458831828592,-9.5860092726508,-8.07,-274.38,-118.36,-26.9,0.0,0.263789063146423,0.0,0.0,0.023980823922402,0.0,32,37,37,36,37,6,-88,-50,6,-6,12.9,13.0,12.9,12.8,12.8,-999,-999,-999,0.0,0.0,0.0
16.126420497894287,0.0199418353273143,-0.1089131006337938,0.1687386066157369,0.9970917663657184,-0.8467610077444254,-9.57645428716165,0.027611771991666,-0.1319229106268489,0.1564667079527743,0.9986257536985887,-0.8485458831828592,-9.5860092726508,40.35,-277.07,-145.26,-18.83,0.0,0.263789063146423,0.0,0.0,0.023980823922402,0.0,32,37,37,36,37,18,-94,-50,6,-6,12.9,12.9,12.9,12.8,12.8,-999,-999,-999,0.0,0.0,0.0
16.143351793289185,0.023009809993055,-0.1089131006337938,0.1687386066157369,0.9986257536985887,-0.8467610077444254,-9.57645428716165,0.027611771991666,-0.1319229106268489,0.1564667079527743,0.9986257536985887,-0.8485458831828592,-9.5860092726508,-5.38,-277.07,-145.26,-16.14,0.0,0.2398082392240208,0.0,0.0,0.023980823922402,0.0,32,37,37,36,37,25,-94,-50,0,-6,12.9,12.9,12.9,12.8,12.8,-999,-999,-999,0.0,0.0,0.0
16.16035223007202,0.0245437973259253,-0.1089131006337938,0.1687386066157369,0.9986257536985887,-0.8467610077444254,-9.57645428716165,0.0306797466574067,-0.1319229106268489,0.1564667079527743,0.9986257536985887,-0.8485458831828592,-9.5860092726508,0.0,-277.07,-139.88,-16.14,0.0,0.1918465913792167,0.0,0.0,0.023980823922402,0.0,32,37,36,36,37,25,-94,-50,0,-6,12.9,13.0,13.0,12.8,12.8,-999,-999,-999,0.0,0.0,0.0
16.177380084991455,0.0245437973259253,-0.1089131006337938,0.1687386066157369,0.9986257536985887,-0.8467610077444254,-9.57645428716165,0.0337477213231473,-0.1319229106268489,0.1564667079527743,0.9986257536985887,-0.8485458831828592,-9.5860092726508,13.45,-277.07,-142.57,-16.14,0.0,0.1438849435344125,0.0,0.0,0.023980823922402,0.0,33,37,36,36,37,37,-94,-50,0,-6,12.9,12.9,12.9,12.8,12.8,-999,-999,-999,0.0,0.0,0.0
16.194437503814697,0.0245437973259253,-0.1089131006337938,0.1687386066157369,0.9986257536985887,-0.8467610077444254,-9.57645428716165,0.041417657987499,-0.1319229106268489,0.1595346826185149,0.9986257536985887,-0.8485458831828592,-9.5860092726508,5.38,-271.69,-134.5,-13.45,0.0,0.0959232956896083,0.0,0.0,0.023980823922402,0.0,32,37,36,36,37,50,-88,-44,0,-6,12.9,12.9,12.9,12.8,12.8,-999,-999,-999,0.0,0.0,0.0
16.211411952972412,0.0291457593245363,-0.1089131006337938,0.1687386066157369,0.9986257536985887,-0.8467610077444254,-9.57645428716165,0.0444856326532397,-0.1319229106268489,0.1610686699513852,0.9986257536985887,-0.8485458831828592,-9.5860092726508,29.59,-279.76,-104.91,-13.45,0.0,0.0719424717672062,0.0,0.0,0.0,0.0,32,37,36,36,37,43,-94,-38,0,-6,13.0,12.9,12.9,12.8,12.8,-999,-999,-999,0.0,0.0,0.0
16.228323936462402,0.032213733990277,-0.1104470879666641,0.1687386066157369,0.9986257536985887,-0.8467610077444254,-9.57645428716165,0.0444856326532397,-0.1319229106268489,0.1610686699513852,0.9986257536985887,-0.8485458831828592,-9.5860092726508,29.59,-277.07,-80.7,-13.45,0.0,0.0959232956896083,0.0,0.0,0.0,0.0,32,37,37,36,37,43,-94,-32,0,-6,13.0,12.9,12.9,12.8,12.8,-999,-999,-999,0.0,0.0,0.0
16.245408296585083,0.0352817086560177,-0.1104470879666641,0.1687386066157369,0.9986257536985887,-0.8467610077444254,-9.57645428716165,0.050621581984721,-0.1319229106268489,0.1626026572842556,1.000159741031459,-0.8485458831828592,-9.5860092726508,26.9,-277.07,-75.32,-8.07,0.0,0.1438849435344125,0.0,0.0,0.0,0.0,32,37,37,36,37,37,-94,-32,6,-6,13.0,13.0,12.9,12.8,12.8,-999,-999,-999,0.0,0.0,0.0
16.262434005737305,0.041417657987499,-0.1089131006337938,0.1687386066157369,1.000159741031459,-0.8467610077444254,-9.57645428716165,0.0536895566504617,-0.1319229106268489,0.1641366446171259,1.000159741031459,-0.8485458831828592,-9.5860092726508,0.0,-277.07,-80.7,-8.07,0.0,0.1918465913792167,0.0,0.0,0.0,0.0,32,37,37,36,37,31,-94,-32,6,-6,12.9,12.9,12.9,12.8,12.8,-999,-999,-999,0.0,0.0,0.0
16.279415607452393,0.0490875946518507,-0.1089131006337938,0.1687386066157369,1.000159741031459,-0.8467610077444254,-9.57645428716165,0.0567575313162024,-0.1319229106268489,0.1641366446171259,1.0016937283643297,-0.8485458831828592,-9.5860092726508,0.0,-274.38,-43.04,-8.07,0.0,0.2398082392240208,0.0,0.0,0.0,0.0,32,37,37,36,37,12,-94,-25,0,-6,12.9,12.9,12.9,12.8,12.8,-999,-999,-999,0.0,0.0,0.0
16.29643440246582,0.0521555693175914,-0.1089131006337938,0.1687386066157369,1.000159741031459,-0.8467610077444254,-9.57645428716165,0.0598255059819431,-0.1319229106268489,0.1656706319499963,1.0016937283643297,-0.8485458831828592,-9.5860092726508,0.0,-274.38,-80.7,-8.07,0.0,0.263789063146423,0.0,0.0,0.0,0.0,32,37,37,36,37,12,-94,-25,6,-6,12.9,12.9,13.0,12.8,12.8,-999,-999,-999,0.0,0.0,0.0
16.313411235809326,0.055223543983332,-0.1089131006337938,0.1702725939486073,1.000159741031459,-0.8467610077444254,-9.57645428716165,0.0628934806476837,-0.1319229106268489,0.1672046192828666,1.0032277156971998,-0.8485458831828592,-9.5860092726508,-18.83,-277.07,-40.35,-8.07,0.0,0.263789063146423,0.0,0.0,0.0,0.0,32,37,37,36,37,12,-94,-19,6,-6,12.8,12.9,12.9,12.8,12.8,-999,-999,-999,0.0,0.0,0.0
16.330423593521118,0.0582915186490727,-0.1089131006337938,0.1702725939486073,1.000159741031459,-0.8467610077444254,-9.57645428716165,0.0659614553134244,-0.1319229106268489,0.1672046192828666,1.0032277156971998,-0.8485458831828592,-9.5860092726508,-18.83,-274.38,-40.35,2.69,0.0,0.263789063146423,0.0,0.0,0.0,0.0,32,37,37,36,37,18,-94,-13,12,-6,12.9,12.9,12.9,12.8,12.8,-999,-999,-999,0.0,0.0,0.0
16.34739375114441,0.0598255059819431,-0.1089131006337938,0.1718065812814776,1.0016937283643297,-0.8467610077444254,-9.57645428716165,0.0659614553134244,-0.1319229106268489,0.1672046192828666,1.0032277156971998,-0.8485458831828592,-9.5860092726508,2.69,-274.38,-56.49,-16.14,0.0,0.1918465913792167,0.0,0.023980823922402,0.0,0.0,32,37,37,36,37,18,-94,-19,6,-6,12.9,12.9,12.9,12.8,12.8,-999,-999,-999,0.0,0.0,0.0
16.365317344665527,0.0598255059819431,-0.1089131006337938,0.1718065812814776,1.0032277156971998,-0.8467610077444254,-9.57645428716165,0.0690294299791651,-0.1319229106268489,0.1687386066157369,1.0047617030300702,-0.8485458831828592,-9.5860092726508,-5.38,-279.76,-48.42,0.0,0.0,0.1438849435344125,0.0,0.023980823922402,0.0,0.0,32,37,36,36,37,31,-94,-13,6,-6,13.0,12.9,12.9,12.8,12.8,-999,-999,-999,0.0,0.0,0.0
16.382335662841797,0.0582915186490727,-0.1089131006337938,0.1733405686143479,1.0032277156971998,-0.8467610077444254,-9.57645428716165,0.0720974046449058,-0.1319229106268489,0.1687386066157369,1.0062956903629403,-0.8485458831828592,-9.5860092726508,37.66,-279.76,-72.63,-24.21,0.0,0.0959232956896083,0.0,0.023980823922402,0.023980823922402,0.0,32,37,36,36,37,50,-94,-25,6,-6,13.0,12.9,12.9,12.8,12.8,-999,-999,-999,0.0,0.0,0.0
16.399319887161255,0.0628934806476837,-0.1089131006337938,0.1748745559472183,1.0032277156971998,-0.8467610077444254,-9.57645428716165,0.0751653793106464,-0.1319229106268489,0.1687386066157369,1.0078296776958109,-0.8485458831828592,-9.5860092726508,18.83,-277.07,-86.08,10.76,0.0,0.0479616478448041,0.0,0.0479616478448041,0.023980823922402,0.0,32,37,36,36,37,43,-94,-25,12,-6,12.9,12.9,12.9,12.8,12.8,-999,-999,-999,0.0,0.0,0.0
16.416797399520874,0.0659614553134244,-0.1089131006337938,0.1748745559472183,1.0047617030300702,-0.8467610077444254,-9.57645428716165,0.0797673413092574,-0.1319229106268489,0.1687386066157369,1.009363665028681,-0.8485458831828592,-9.5860092726508,86.08,-274.38,-59.18,-2.69,0.0,0.0719424717672062,0.0,0.0479616478448041,0.023980823922402,0.0,32,37,37,36,37,50,-88,-25,12,-6,12.9,12.9,12.9,12.8,12.8,-999,-999,-999,0.0,0.0,0.0
16.434327363967896,0.0705634173120354,-0.1089131006337938,0.1748745559472183,1.0078296776958109,-0.8467610077444254,-9.57645428716165,0.0859032906407388,-0.1334568979597192,0.1702725939486073,1.0124316396944215,-0.8485458831828592,-9.5860092726508,21.52,-277.07,-34.97,2.69,0.0,0.0959232956896083,0.0,0.023980823922402,0.0479616478448041,0.0,32,37,37,36,37,50,-94,-19,12,-6,12.9,12.9,12.9,12.8,12.8,-999,-999,-999,0.0,0.0,0.0
16.45131015777588,0.0751653793106464,-0.1104470879666641,0.1748745559472183,1.009363665028681,-0.8467610077444254,-9.57645428716165,0.0859032906407388,-0.1334568979597192,0.1702725939486073,1.0124316396944215,-0.8485458831828592,-9.5860092726508,0.0,-290.52,-48.42,2.69,0.0,0.1678657674568146,0.0,0.0,0.0479616478448041,0.0,32,37,37,36,37,43,-94,-19,12,-6,12.9,12.9,12.9,12.8,12.8,-999,-999,-999,0.0,0.0,0.0
16.468329668045044,0.0828353159749981,-0.1089131006337938,0.1764085432800886,1.0124316396944215,-0.8467610077444254,-9.57645428716165,0.0935732273050904,-0.1319229106268489,0.1687386066157369,1.0154996143601625,-0.8485458831828592,-9.5860092726508,-34.97,-255.55,-53.8,0.0,0.0,0.2398082392240208,0.0,0.0,0.0719424717672062,0.0,32,37,37,36,37,-45,-94,-19,12,-6,12.9,12.9,12.9,12.8,12.8,-999,-999,-999,0.0,0.0,0.0
16.485432386398315,0.0874372779736091,-0.1104470879666641,0.1764085432800886,1.0124316396944215,-0.8467610077444254,-9.57645428716165,0.0951072146379608,-0.1319229106268489,0.1702725939486073,1.0170336016930328,-0.8485458831828592,-9.5860092726508,-10.76,-274.38,-88.77,0.0,0.0,0.287769887068825,0.0,0.0,0.0719424717672062,0.0,32,37,37,36,37,12,-94,-32,12,-6,12.9,12.9,12.9,12.8,12.8,-999,-999,-999,0.0,0.0,0.0
16.50242519378662,0.0905052526393498,-0.1089131006337938,0.1764085432800886,1.013965627027292,-0.8467610077444254,-9.57645428716165,0.0997091766365718,-0.1319229106268489,0.1702725939486073,1.0185675890259032,-0.8485458831828592,-9.5860092726508,16.14,-274.38,-61.87,0.0,0.0,0.3117507109912271,0.0,0.0,0.0719424717672062,0.0,32,37,37,36,37,12,-94,-25,12,-6,13.0,12.9,13.0,12.8,12.8,-999,-999,-999,0.0,0.0,0.0
16.519375801086426,0.0935732273050904,-0.1089131006337938,0.1764085432800886,1.0154996143601625,-0.8467610077444254,-9.57645428716165,0.0997091766365718,-0.1319229106268489,0.1702725939486073,1.0185675890259032,-0.8485458831828592,-9.5860092726508,-18.83,-277.07,-64.56,2.69,0.0,0.287769887068825,0.0,0.0,0.0719424717672062,0.0,32,37,37,36,37,18,-94,-25,12,-6,12.9,12.9,12.9,12.8,12.8,-999,-999,-999,0.0,0.0,0.0
16.53641414642334,0.0951072146379608,-0.1089131006337938,0.1748745559472183,1.0170336016930328,-0.8467610077444254,-9.57645428716165,0.1058451259680531,-0.1334568979597192,0.1702725939486073,1.021635563691644,-0.8485458831828592,-9.5860092726508,0.0,-274.38,-78.01,-2.69,0.0,0.2398082392240208,0.0,0.0,0.0719424717672062,0.0,32,37,37,36,37,25,-94,-25,12,-6,12.9,12.9,12.9,12.8,12.8,-999,-999,-999,0.0,0.0,0.0
16.55334997177124,0.0966412019708311,-0.1089131006337938,0.1764085432800886,1.0185675890259032,-0.8467610077444254,-9.57645428716165,0.1058451259680531,-0.1334568979597192,0.1702725939486073,1.021635563691644,-0.8485458831828592,-9.5860092726508,0.0,-295.9,-88.77,0.0,0.0,0.1678657674568146,0.0,0.0,0.0719424717672062,0.0,32,37,37,36,37,31,-100,-25,12,-6,12.9,12.8,12.9,12.8,12.8,-999,-999,-999,0.0,0.0,0.0
16.57042407989502,0.0966412019708311,-0.1104470879666641,0.1764085432800886,1.0201015763587735,-0.8467610077444254,-9.57645428716165,0.1104470879666641,-0.1319229106268489,0.1687386066157369,1.0247035383573844,-0.8485458831828592,-9.5860092726508,40.35,-260.93,-86.08,-24.21,0.0,0.1199041196120104,0.0,0.0,0.0719424717672062,0.0,32,37,37,36,37,43,-94,-25,6,-6,12.9,13.0,12.8,12.8,12.8,-999,-999,-999,0.0,0.0,0.0
16.58738088607788,0.0997091766365718,-0.1089131006337938,0.1748745559472183,1.0201015763587735,-0.8467610077444254,-9.57645428716165,0.1135150626324048,-0.1319229106268489,0.1702725939486073,1.0262375256902547,-0.8485458831828592,-9.5860092726508,24.21,-277.07,-86.08,16.14,0.0,0.0719424717672062,0.0,0.0,0.0719424717672062,0.0,32,37,36,36,37,43,-94,-32,36,-6,12.9,13.0,12.9,12.8,12.8,-999,-999,-999,0.0,0.0,0.0
16.604454278945923,0.1027771513023125,-0.1089131006337938,0.1748745559472183,1.023169551024514,-0.8467610077444254,-9.57645428716165,0.1165830372981455,-0.1319229106268489,0.1702725939486073,1.027771513023125,-0.8485458831828592,-9.5860092726508,21.52,-274.38,-88.77,-8.07,0.0,0.0719424717672062,0.0,0.0,0.0719424717672062,0.0,32,37,36,36,37,43,-94,-25,12,-6,12.9,12.9,12.9,12.8,12.8,-999,-999,-999,0.0,0.0,0.0
16.621410131454468,0.1058451259680531,-0.1104470879666641,0.1764085432800886,1.0247035383573844,-0.8467610077444254,-9.57645428716165,0.1165830372981455,-0.1319229106268489,0.1702725939486073,1.027771513023125,-0.8485458831828592,-9.5860092726508,26.9,-263.62,-80.7,-2.69,0.0,0.0959232956896083,0.0,0.0,0.0719424717672062,0.0,32,37,37,36,37,37,-94,-25,12,-6,12.9,12.9,12.8,12.8,12.8,-999,-999,-999,0.0,0.0,0.0
16.638436317443848,0.1104470879666641,-0.1089131006337938,0.1764085432800886,1.0262375256902547,-0.8467610077444254,-9.57645428716165,0.1227189866296268,-0.1319229106268489,0.1687386066157369,1.0308394876888658,-0.8485458831828592,-9.5860092726508,0.0,-269.0,-67.25,0.0,0.0,0.1438849435344125,0.0,0.0,0.0719424717672062,0.0,32,37,37,36,37,31,-94,-25,12,-6,12.9,12.9,12.9,12.8,12.8,-999,-999,-999,0.0,0.0,0.0
16.655420541763306,0.1165830372981455,-0.1104470879666641,0.1764085432800886,1.027771513023125,-0.8467610077444254,-9.57645428716165,0.1257869612953675,-0.1334568979597192,0.1702725939486073,1.0323734750217362,-0.8485458831828592,-9.5860092726508,-8.07,-274.38,-88.77,-5.38,0.0,0.1918465913792167,0.0,0.0,0.0719424717672062,0.0,32,37,37,36,37,18,-94,-25,12,-6,12.9,12.9,13.0,12.8,12.8,-999,-999,-999,0.0,0.0,0.0
16.67246174812317,0.1211849992967565,-0.1089131006337938,0.1764085432800886,1.0293055003559954,-0.8467610077444254,-9.57645428716165,0.1288549359611082,-0.1319229106268489,0.1702725939486073,1.0339074623546065,-0.8485458831828592,-9.5860092726508,0.0,-290.52,-59.18,0.0,0.0,0.2398082392240208,0.0,0.0,0.0719424717672062,0.0,32,37,37,36,37,12,-100,12,12,-6,13.0,12.9,12.9,12.8,12.8,-999,-999,-999,0.0,0.0,0.0
16.689337253570557,0.1242529739624972,-0.1104470879666641,0.1764085432800886,1.0308394876888658,-0.8467610077444254,-9.57645428716165,0.1288549359611082,-0.1319229106268489,0.1702725939486073,1.0339074623546065,-0.8485458831828592,-9.5860092726508,0.0,-250.17,-61.87,-2.69,0.0,0.263789063146423,0.0,0.0,0.0719424717672062,0.0,32,37,37,36,37,12,-88,-25,12,-6,13.0,12.9,12.9,12.8,12.8,-999,-999,-999,0.0,0.0,0.0
16.706347227096558,0.1257869612953675,-0.1089131006337938,0.1764085432800886,1.0323734750217362,-0.8467610077444254,-9.57645428716165,0.1349908852925895,-0.1319229106268489,0.1702725939486073,1.0369754370203472,-0.8485458831828592,-9.5860092726508,-16.14,-277.07,-61.87,0.0,0.0,0.2398082392240208,0.0,0.0,0.0719424717672062,0.0,32,37,37,36,37,18,-94,-25,12,-6,13.0,13.0,12.9,12.8,12.8,-999,-999,-999,0.0,0.0,0.0
16.723352432250977,0.1288549359611082,-0.1089131006337938,0.1764085432800886,1.0339074623546065,-0.8467610077444254,-9.57645428716165,0.1380588599583302,-0.1319229106268489,0.1702725939486073,1.0400434116860875,-0.8485458831828592,-9.5860092726508,-5.38,-274.38,-61.87,0.0,0.0,0.1918465913792167,0.0,0.0,0.0719424717672062,0.0,32,37,37,36,37,18,-88,-25,12,-6,13.0,12.9,12.9,12.8,12.8,-999,-999,-999,0.0,0.0,0.0
16.74226999282837,0.1288549359611082,-0.1104470879666641,0.1764085432800886,1.0354414496874769,-0.8467610077444254,-9.57645428716165,0.1411268346240709,-0.1319229106268489,0.1702725939486073,1.041577399018958,-0.8485458831828592,-9.5860092726508,-5.38,-269.0,-61.87,0.0,0.0,0.1438849435344125,0.0,0.0,0.0719424717672062,0.0,32,38,37,36,37,31,-94,-25,12,-6,12.9,12.5,12.9,12.9,12.8,-999,-999,-999,0.0,0.0,0.0
16.759374856948853,0.1288549359611082,-0.1089131006337938,0.1764085432800886,1.0369754370203472,-0.8467610077444254,-9.57645428716165,0.1441948092898116,-0.1319229106268489,0.1702725939486073,1.0431113863518284,-0.8485458831828592,-9.5860092726508,40.35,-266.31,-59.18,0.0,0.0,0.0959232956896083,0.0,0.0,0.0719424717672062,0.0,32,37,37,36,37,43,-88,-25,12,-6,12.9,12.8,12.9,12.9,12.8,-999,-999,-999,0.0,0.0,0.0
16.776308059692383,0.1319229106268489,-0.1104470879666641,0.1764085432800886,1.0385094243532176,-0.8467610077444254,-9.57645428716165,0.1441948092898116,-0.1319229106268489,0.1702725939486073,1.0431113863518284,-0.8485458831828592,-9.5860092726508,2.69,-271.69,-56.49,-10.76,0.0,0.0719424717672062,0.0,0.0,0.0719424717672062,0.0,32,37,37,36,37,43,-94,-25,18,-6,13.0,12.9,12.8,12.9,12.8,-999,-999,-999,0.0,0.0,0.0
16.79339027404785,0.1349908852925895,-0.1104470879666641,0.1764085432800886,1.041577399018958,-0.8467610077444254,-9.57645428716165,0.1487967712884225,-0.1319229106268489,0.1702725939486073,1.0477133483504395,-0.8485458831828592,-9.5860092726508,29.59,-274.38,-56.49,-8.07,0.0,0.0719424717672062,0.0,0.0,0.0719424717672062,0.0,32,37,37,36,37,43,-94,-19,18,-6,12.9,13.0,12.9,12.9,12.8,-999,-999,-999,0.0,0.0,0.0
16.81039071083069,0.1395928472912005,-0.1104470879666641,0.1748745559472183,1.0446453736846988,-0.8467610077444254,-9.57645428716165,0.1518647459541632,-0.1319229106268489,0.1702725939486073,1.04924733568331,-0.8485458831828592,-9.5860092726508,32.28,-269.0,-59.18,-21.52,0.0,0.0959232956896083,0.0,0.0,0.0959232956896083,0.0,32,37,37,36,37,43,-88,-25,12,-6,12.9,12.9,12.9,12.9,12.8,-999,-999,-999,0.0,0.0,0.0
16.827317237854004,0.1441948092898116,-0.1104470879666641,0.1764085432800886,1.0461793610175691,-0.8467610077444254,-9.57645428716165,0.1549327206199039,-0.1319229106268489,0.1702725939486073,1.0523153103490506,-0.8485458831828592,-9.5860092726508,0.0,-274.38,-61.87,-2.69,0.0,0.1438849435344125,0.0,0.0,0.1199041196120104,0.0,32,37,37,36,37,31,-94,-25,12,-6,13.0,12.9,12.9,12.9,12.8,-999,-999,-999,0.0,0.0,0.0
16.844310522079468,0.1487967712884225,-0.1104470879666641,0.1764085432800886,1.0477133483504395,-0.8467610077444254,-9.57645428716165,0.1549327206199039,-0.1319229106268489,0.1702725939486073,1.0523153103490506,-0.8485458831828592,-9.5860092726508,0.0,-271.69,-51.11,0.0,0.0,0.1918465913792167,0.0,0.0,0.1199041196120104,0.0,32,37,37,36,37,18,-94,-25,12,-6,13.0,13.0,12.9,12.9,12.8,-999,-999,-999,0.0,0.0,0.0
16.861327171325684,0.1549327206199039,-0.1089131006337938,0.1764085432800886,1.0507813230161802,-0.8467610077444254,-9.57645428716165,0.1580006952856446,-0.1319229106268489,0.1702725939486073,1.053849297681921,-0.8485458831828592,-9.5860092726508,0.0,-269.0,-59.18,-16.14,0.0,0.2398082392240208,0.0,0.0,0.1199041196120104,0.0,32,37,37,36,37,12,-88,-25,18,-6,13.0,13.0,12.9,12.9,12.8,-999,-999,-999,0.0,0.0,0.0
16.878327131271362,0.1564667079527743,-0.1089131006337938,0.1764085432800886,1.0523153103490506,-0.8467610077444254,-9.57645428716165,0.1610686699513852,-0.1319229106268489,0.1702725939486073,1.0569172723476614,-0.8485458831828592,-9.5860092726508,0.0,-274.38,-61.87,-8.07,0.0,0.263789063146423,0.0,0.0,0.1199041196120104,0.0,32,37,37,36,37,12,-94,-25,12,-6,13.0,13.0,12.9,12.9,12.8,-999,-999,-999,0.0,0.0,0.0
16.895424842834473,0.1595346826185149,-0.1089131006337938,0.1764085432800886,1.053849297681921,-0.8467610077444254,-9.57645428716165,0.1656706319499963,-0.1319229106268489,0.1702725939486073,1.0615192343462725,-0.8485458831828592,-9.5860092726508,-21.52,-274.38,-61.87,0.0,0.0,0.2398082392240208,0.0,0.0,0.1199041196120104,0.0,32,37,37,36,37,12,-94,-25,12,-6,12.9,13.0,12.9,12.9,12.8,-999,-999,-999,0.0,0.0,0.0
16.91334080696106,0.1595346826185149,-0.1104470879666641,0.1764085432800886,1.0569172723476614,-0.8467610077444254,-9.57645428716165,0.1672046192828666,-0.1319229106268489,0.1702725939486073,1.0645872090120132,-0.8485458831828592,-9.5860092726508,32.28,-269.0,-61.87,8.07,0.0,0.1918465913792167,0.0,0.0,0.0959232956896083,0.0,32,37,37,36,37,18,-88,-25,36,-6,12.9,12.9,13.0,12.9,12.8,-999,-999,-999,0.0,0.0,0.0
16.93037700653076,0.1595346826185149,-0.1104470879666641,0.1764085432800886,1.059985247013402,-0.8467610077444254,-9.57645428716165,0.1672046192828666,-0.1319229106268489,0.1702725939486073,1.0645872090120132,-0.8485458831828592,-9.5860092726508,2.69,-271.69,-61.87,-8.07,0.0,0.1199041196120104,0.0,0.0,0.0959232956896083,0.0,32,37,37,36,37,31,-88,-25,18,-6,12.9,12.9,12.9,12.8,12.8,-999,-999,-999,0.0,0.0,0.0
16.94740891456604,0.1595346826185149,-0.1089131006337938,0.1764085432800886,1.0615192343462725,-0.8467610077444254,-9.57645428716165,0.1733405686143479,-0.1319229106268489,0.1702725939486073,1.0707231583434946,-0.8485458831828592,-9.5860092726508,5.38,-266.31,-61.87,-16.14,-2.69,0.0719424717672062,0.0,0.0,0.0959232956896083,0.0,32,37,37,36,37,37,-88,-25,18,-6,12.9,12.9,12.9,12.8,12.8,-999,-999,-999,0.0,0.0,0.0
16.96436643600464,0.1610686699513852,-0.1089131006337938,0.1764085432800886,1.0645872090120132,-0.8467610077444254,-9.57645428716165,0.1733405686143479,-0.1319229106268489,0.1702725939486073,1.0707231583434946,-0.8485458831828592,-9.5860092726508,13.45,-274.38,-59.18,-8.07,0.0,0.023980823922402,0.0,0.0,0.1199041196120104,0.0,32,37,37,36,37,43,-94,-25,18,-6,12.9,12.9,12.9,12.8,12.8,-999,-999,-999,0.0,0.0,0.0
16.981332778930664,0.1656706319499963,-0.1104470879666641,0.1764085432800886,1.067655183677754,-0.8467610077444254,-9.57645428716165,0.1794765179458293,-0.1319229106268489,0.1687386066157369,1.0753251203421057,-0.8485458831828592,-9.5860092726508,48.42,-271.69,-59.18,-26.9,0.0,0.0479616478448041,0.0,0.0,0.1199041196120104,0.0,32,37,37,35,37,43,-94,-25,12,-6,12.9,12.9,12.9,12.8,12.8,-999,-999,-999,0.0,0.0,0.0
16.998389720916748,0.1687386066157369,-0.1104470879666641,0.1764085432800886,1.0691891710106245,-0.8467610077444254,-9.57645428716165,0.18254449261157,-0.1319229106268489,0.1702725939486073,1.0783930950078462,-0.8485458831828592,-9.5860092726508,26.9,-274.38,-75.32,10.76,0.0,0.0719424717672062,0.0,0.0,0.1438849435344125,0.0,32,37,37,35,37,37,-94,-32,18,-6,12.9,12.9,12.9,12.9,12.8,-999,-999,-999,0.0,0.0,0.0
17.015366315841675,0.1718065812814776,-0.1089131006337938,0.1764085432800886,1.0707231583434946,-0.8467610077444254,-9.57645428716165,0.1840784799444403,-0.1319229106268489,0.1702725939486073,1.081461069673587,-0.8485458831828592,-9.5860092726508,13.45,-266.31,-56.49,-2.69,0.0,0.1199041196120104,0.0,0.0,0.1438849435344125,0.0,32,38,37,35,37,37,-94,-25,25,-6,12.9,12.4,12.7,12.9,12.8,-999,-999,-999,0.0,0.0,0.0
17.032283544540405,0.1794765179458293,-0.1089131006337938,0.1764085432800886,1.0753251203421057,-0.8467610077444254,-9.57645428716165,0.1840784799444403,-0.1319229106268489,0.1702725939486073,1.081461069673587,-0.8485458831828592,-9.5860092726508,-8.07,-266.31,-59.18,-21.52,0.0,0.1918465913792167,0.0,0.0,0.1438849435344125,0.0,32,37,37,36,37,18,-88,-25,25,-6,12.9,12.9,12.8,12.8,12.8,-999,-999,-999,0.0,0.0,0.0
17.049336671829224,0.1840784799444403,-0.1089131006337938,0.1764085432800886,1.0783930950078462,-0.8467610077444254,-9.57645428716165,0.1871464546101809,-0.1319229106268489,0.1702725939486073,1.0845290443393276,-0.8485458831828592,-9.5860092726508,-10.76,-271.69,-59.18,-16.14,0.0,0.2398082392240208,0.0,0.0,0.1438849435344125,0.0,32,37,37,36,37,6,-88,-25,18,-6,12.9,12.9,12.9,12.8,12.8,-999,-999,-999,0.0,0.0,0.0
17.066330671310425,0.1856124672773106,-0.1089131006337938,0.1764085432800886,1.081461069673587,-0.8467610077444254,-9.57645428716165,0.1902144292759216,-0.1319229106268489,0.1702725939486073,1.0875970190050683,-0.8485458831828592,-9.5860092726508,26.9,-271.69,-53.8,-21.52,0.0,0.263789063146423,0.0,0.0,0.1438849435344125,0.0,32,36,37,36,37,12,-88,-25,18,-6,12.9,12.9,12.9,12.8,12.8,-999,-999,-999,0.0,0.0,0.0
17.083348274230957,0.1886804419430513,-0.1089131006337938,0.1764085432800886,1.0845290443393276,-0.8467610077444254,-9.57645428716165,0.1948163912745326,-0.1319229106268489,0.1702725939486073,1.0937329683365495,-0.8485458831828592,-9.5860092726508,-16.14,-279.76,-64.56,-26.9,0.0,0.2398082392240208,0.0,0.0,0.1678657674568146,0.0,32,37,37,36,37,12,-94,-25,18,-6,12.9,12.9,12.9,12.8,12.8,-999,-999,-999,0.0,0.0,0.0
17.100303173065186,0.1902144292759216,-0.1089131006337938,0.1764085432800886,1.0875970190050683,-0.8467610077444254,-9.57645428716165,0.1948163912745326,-0.1319229106268489,0.1702725939486073,1.0937329683365495,-0.8485458831828592,-9.5860092726508,-10.76,-269.0,-59.18,-21.52,0.0,0.1918465913792167,0.0,0.0,0.1678657674568146,0.0,32,37,37,36,37,18,-88,-25,18,-6,12.9,13.0,12.9,12.8,12.8,-999,-999,-999,0.0,0.0,0.0
17.117363452911377,0.1902144292759216,-0.1089131006337938,0.1764085432800886,1.0906649936708088,-0.8467610077444254,-9.57645428716165,0.1978843659402733,-0.1303889232939785,0.1702725939486073,1.09526695566942,-0.8485458831828592,-9.5860092726508,2.69,-228.65,-59.18,-16.14,0.0,0.1438849435344125,0.0,0.0,0.1678657674568146,0.0,32,37,37,36,37,25,-88,-25,18,-6,12.9,13.0,12.9,12.8,12.8,-999,-999,-999,0.0,0.0,0.0
17.13431978225708,0.1886804419430513,-0.1104470879666641,0.1764085432800886,1.0937329683365495,-0.8467610077444254,-9.57645428716165,0.200952340606014,-0.1303889232939785,0.1702725939486073,1.0983349303351606,-0.8485458831828592,-9.5860092726508,0.0,-247.48,-61.87,-16.14,0.0,0.0719424717672062,0.0,0.0,0.1678657674568146,0.0,32,37,37,36,37,43,-82,-25,18,-6,12.9,13.0,12.9,12.8,12.8,-999,-999,-999,0.0,0.0,0.0
17.152376890182495,0.191748416608792,-0.1089131006337938,0.1748745559472183,1.0968009430022905,-0.8467610077444254,-9.57645428716165,0.2070882899374953,-0.1303889232939785,0.1702725939486073,1.1029368923337717,-0.8485458831828592,-9.5860092726508,59.18,-255.55,-61.87,-5.38,0.0,0.0479616478448041,0.0,0.0,0.1678657674568146,0.0,32,36,37,36,37,43,-88,-25,43,-6,12.9,12.9,12.9,12.8,12.8,-999,-999,-999,0.0,0.0,0.0
17.169331073760986,0.1948163912745326,-0.1089131006337938,0.1764085432800886,1.0983349303351606,-0.8467610077444254,-9.57645428716165,0.2070882899374953,-0.1303889232939785,0.1702725939486073,1.1029368923337717,-0.8485458831828592,-9.5860092726508,24.21,-247.48,-59.18,-10.76,0.0,0.0479616478448041,0.0,0.0,0.1438849435344125,0.0,32,36,38,36,37,43,-82,-25,18,-6,12.8,12.9,12.9,12.8,12.8,-999,-999,-999,0.0,0.0,0.0
17.186416149139404,0.1994183532731436,-0.1104470879666641,0.1764085432800886,1.101402905000901,-0.8467610077444254,-9.57645428716165,0.2116902519361063,-0.1303889232939785,0.1702725939486073,1.1075388543323823,-0.8485458831828592,-9.5860092726508,32.28,-252.86,-59.18,-2.69,0.0,0.0959232956896083,0.0,0.0,0.1438849435344125,0.0,32,37,37,36,37,37,-88,-25,12,-6,12.9,12.9,12.9,12.8,12.8,-999,-999,-999,0.0,0.0,0.0
17.203431129455566,0.2040203152717546,-0.1089131006337938,0.1764085432800886,1.1029368923337717,-0.8467610077444254,-9.57645428716165,0.214758226601847,-0.1303889232939785,0.1702725939486073,1.1090728416652529,-0.8485458831828592,-9.5860092726508,0.0,-252.86,-61.87,0.0,0.0,0.1438849435344125,0.0,0.0,0.1438849435344125,0.0,32,37,37,36,37,31,-82,-25,12,-6,12.8,12.9,12.9,12.8,12.8,-999,-999,-999,0.0,0.0,0.0
17.220336437225342,0.2116902519361063,-0.1104470879666641,0.1748745559472183,1.1060048669995122,-0.8467610077444254,-9.57645428716165,0.2162922139347173,-0.1303889232939785,0.1702725939486073,1.1106068289981232,-0.8485458831828592,-9.5860092726508,-8.07,-250.17,-59.18,-13.45,0.0,0.2158274153016187,0.0,0.0,0.1199041196120104,0.0,32,37,37,36,37,6,-82,-25,12,-6,13.0,13.0,12.9,12.8,12.8,-999,-999,-999,0.0,0.0,0.0
17.237310886383057,0.214758226601847,-0.1089131006337938,0.1764085432800886,1.1075388543323823,-0.8467610077444254,-9.57645428716165,0.2162922139347173,-0.1303889232939785,0.1702725939486073,1.1106068289981232,-0.8485458831828592,-9.5860092726508,34.97,-252.86,-64.56,-8.07,0.0,0.2398082392240208,0.0,0.0,0.1199041196120104,0.0,32,37,37,36,37,12,-82,-25,12,-6,13.0,13.0,12.9,12.8,12.8,-999,-999,-999,0.0,0.0,0.0
17.25435996055603,0.214758226601847,-0.1104470879666641,0.1748745559472183,1.1090728416652529,-0.8467610077444254,-9.57645428716165,0.2208941759333283,-0.1303889232939785,0.1702725939486073,1.113674803663864,-0.8485458831828592,-9.5860092726508,-8.07,-258.24,-59.18,-5.38,0.0,0.2398082392240208,0.0,0.0,0.1199041196120104,0.0,32,37,37,36,37,6,-88,-25,12,-6,13.0,13.0,12.9,12.8,12.8,-999,-999,-999,0.0,0.0,0.0
17.27134871482849,0.2178262012675877,-0.1089131006337938,0.1764085432800886,1.1106068289981232,-0.8467610077444254,-9.57645428716165,0.2224281632661987,-0.1303889232939785,0.1702725939486073,1.113674803663864,-0.8485458831828592,-9.5860092726508,-5.38,-250.17,-59.18,0.0,0.0,0.2158274153016187,0.0,0.0,0.1199041196120104,0.0,32,37,37,36,37,12,-82,-25,12,-6,13.0,12.9,12.9,12.8,12.8,-999,-999,-999,0.0,0.0,0.0
17.288310289382935,0.219360188600458,-0.1089131006337938,0.1764085432800886,1.1121408163309936,-0.8467610077444254,-9.57645428716165,0.2224281632661987,-0.1288549359611082,0.1702725939486073,1.1152087909967343,-0.8485458831828592,-9.5860092726508,-18.83,-255.55,-59.18,-29.59,0.0,0.1678657674568146,0.0,0.0,0.0959232956896083,0.0,32,37,37,36,37,6,-88,-25,6,-6,13.0,12.9,12.9,12.8,12.8,-999,-999,-999,0.0,0.0,0.0
17.305341482162476,0.2162922139347173,-0.1104470879666641,0.1764085432800886,1.1121408163309936,-0.8467610077444254,-9.57645428716165,0.2254961379319394,-0.1273209486282379,0.1702725939486073,1.1152087909967343,-0.8485458831828592,-9.5860092726508,40.35,-228.65,-61.87,13.45,0.0,0.0959232956896083,0.0,0.0,0.0719424717672062,0.0,32,37,37,36,37,80,-82,-25,12,-6,13.0,13.0,12.9,12.8,12.8,-999,-999,-999,0.0,0.0,0.0
17.32230806350708,0.214758226601847,-0.1104470879666641,0.1764085432800886,1.113674803663864,-0.8467610077444254,-9.57645428716165,0.2270301252648097,-0.1273209486282379,0.1702725939486073,1.116742778329605,-0.8485458831828592,-9.5860092726508,5.38,-204.44,-61.87,-21.52,0.0,0.0479616478448041,0.0,0.0,0.0719424717672062,0.0,32,37,37,36,37,31,-75,-25,6,-6,12.9,13.0,12.9,12.8,12.8,-999,-999,-999,0.0,0.0,0.0
17.33925700187683,0.2162922139347173,-0.1104470879666641,0.1764085432800886,1.113674803663864,-0.8467610077444254,-9.57645428716165,0.2270301252648097,-0.1273209486282379,0.1702725939486073,1.116742778329605,-0.8485458831828592,-9.5860092726508,13.45,-209.82,-59.18,18.83,0.0,0.0,0.0,0.0,0.0479616478448041,0.0,32,37,37,36,37,37,-69,-25,12,-6,12.9,13.1,12.9,12.8,12.8,-999,-999,-999,0.0,0.0,0.0
17.356346607208252,0.219360188600458,-0.1104470879666641,0.1764085432800886,1.1152087909967343,-0.8467610077444254,-9.57645428716165,0.2316320872634207,-0.1227189866296268,0.1718065812814776,1.116742778329605,-0.8485458831828592,-9.5860092726508,29.59,-169.47,-34.97,-26.9,0.0,0.0,0.0,0.0,0.023980823922402,0.0,32,37,37,36,37,31,-63,-19,6,-6,12.9,12.9,12.9,12.8,12.8,-999,-999,-999,0.0,0.0,0.0
17.374232292175293,0.2224281632661987,-0.1089131006337938,0.1764085432800886,1.1152087909967343,-0.8467610077444254,-9.57645428716165,0.233166074596291,-0.1196510119638862,0.1718065812814776,1.116742778329605,-0.8485458831828592,-9.5860092726508,59.18,-153.32999999999998,-43.04,-13.45,0.0,0.023980823922402,0.0,0.0,0.023980823922402,0.0,32,37,37,36,37,31,-57,-19,6,-6,12.9,12.9,13.0,12.8,12.8,-999,-999,-999,0.0,0.0,0.0
17.391336679458618,0.2270301252648097,-0.1089131006337938,0.1764085432800886,1.1152087909967343,-0.8467610077444254,-9.57645428716165,0.233166074596291,-0.1196510119638862,0.1718065812814776,1.116742778329605,-0.8485458831828592,-9.5860092726508,2.69,-99.53,-80.7,-13.45,0.0,0.0719424717672062,0.0,0.0,0.023980823922402,0.0,32,37,37,36,37,31,-50,-57,6,-6,12.8,12.9,12.9,12.8,12.8,-999,-999,-999,0.0,0.0,0.0
17.408394813537598,0.2316320872634207,-0.1089131006337938,0.1764085432800886,1.1152087909967343,-0.8467610077444254,-9.57645428716165,0.2347000619291614,-0.1150490499652752,0.1733405686143479,1.116742778329605,-0.8485458831828592,-9.5860092726508,-2.69,-99.53,-48.42,-8.07,0.0,0.1199041196120104,0.0,0.0,0.023980823922402,0.0,32,37,37,36,37,12,-38,-19,6,-6,13.1,12.9,13.0,12.8,12.8,-999,-999,-999,0.0,0.0,0.0
17.425289154052734,0.2362340492620317,-0.1089131006337938,0.1779425306129589,1.116742778329605,-0.8467610077444254,-9.57645428716165,0.2377680365949021,-0.1135150626324048,0.1733405686143479,1.118276765662475,-0.8485458831828592,-9.5860092726508,-5.38,-69.94,-34.97,-8.07,0.0,0.1678657674568146,0.0,0.0,0.0,0.0,32,37,37,36,37,-7,-32,-19,6,-6,13.0,12.9,13.0,12.9,12.8,-999,-999,-999,0.0,0.0,0.0
17.442262172698975,0.2377680365949021,-0.1089131006337938,0.1779425306129589,1.116742778329605,-0.8467610077444254,-9.57645428716165,0.2377680365949021,-0.1135150626324048,0.1733405686143479,1.118276765662475,-0.8485458831828592,-9.5860092726508,0.0,-43.04,-59.18,2.69,0.0,0.1918465913792167,0.0,0.0,0.0,0.0,32,37,37,36,37,6,-19,-19,6,-6,12.9,12.9,12.9,12.9,12.8,-999,-999,-999,0.0,0.0,0.0
17.459314107894897,0.2377680365949021,-0.1073791133009235,0.1794765179458293,1.116742778329605,-0.8467610077444254,-9.57645428716165,0.2393020239277724,-0.1089131006337938,0.1733405686143479,1.116742778329605,-0.8485458831828592,-9.5860092726508,-13.45,-53.8,-78.01,-10.76,0.0,0.1918465913792167,0.0,0.0,0.0,0.0,32,37,37,35,37,0,-19,-25,6,-6,12.9,12.9,12.9,12.9,12.8,-999,-999,-999,0.0,0.0,0.0
17.47637701034546,0.2377680365949021,-0.1073791133009235,0.1794765179458293,1.116742778329605,-0.8467610077444254,-9.57645428716165,0.2393020239277724,-0.1058451259680531,0.1748745559472183,1.118276765662475,-0.8485458831828592,-9.5860092726508,-10.76,-24.21,-61.87,-8.07,0.0,0.1438849435344125,0.0,0.023980823922402,0.0,0.0,32,37,37,35,37,6,-13,-25,0,-6,12.9,13.0,12.9,12.9,12.8,-999,-999,-999,0.0,0.0,0.0
17.49331307411194,0.2377680365949021,-0.1058451259680531,0.1794765179458293,1.116742778329605,-0.8467610077444254,-9.57645428716165,0.2393020239277724,-0.1058451259680531,0.1748745559472183,1.118276765662475,-0.8485458831828592,-9.5860092726508,-5.38,-67.25,-59.18,-8.07,0.0,0.0719424717672062,0.023980823922402,0.023980823922402,0.0,0.0,32,37,37,35,37,6,-7,-25,6,-6,12.9,13.0,13.0,12.9,12.8,-999,-999,-999,0.0,0.0,0.0
17.510388374328613,0.2362340492620317,-0.1027771513023125,0.1794765179458293,1.116742778329605,-0.8467610077444254,-9.57645428716165,0.2423699985935131,-0.0997091766365718,0.1748745559472183,1.116742778329605,-0.8485458831828592,-9.5860092726508,21.52,-72.63,-61.87,-8.07,0.0,0.023980823922402,0.0479616478448041,0.023980823922402,0.0,0.0,32,36,37,35,37,18,-7,-25,0,-6,12.9,13.0,13.0,12.9,12.8,-999,-999,-999,0.0,0.0,0.0
17.527321815490723,0.233166074596291,-0.1012431639694421,0.1794765179458293,1.118276765662475,-0.8467610077444254,-9.57645428716165,0.2423699985935131,-0.0997091766365718,0.1748745559472183,1.116742778329605,-0.8485458831828592,-9.5860092726508,21.52,-43.04,-59.18,-5.38,0.0,-0.023980823922402,0.0719424717672062,0.0,0.0,0.0,32,37,37,35,37,37,0,-25,0,-6,12.9,12.9,13.0,12.9,12.8,-999,-999,-999,0.0,0.0,0.0
17.54425811767578,0.2362340492620317,-0.0981751893037015,0.1794765179458293,1.116742778329605,-0.8467610077444254,-9.57645428716165,0.2423699985935131,-0.0981751893037015,0.1748745559472183,1.118276765662475,-0.8485458831828592,-9.5860092726508,32.28,-91.46,-61.87,-8.07,0.0,-0.023980823922402,0.0959232956896083,0.0,0.0,0.0,32,37,37,35,37,25,-7,-25,0,-6,12.9,12.9,12.9,12.8,12.8,-999,-999,-999,0.0,0.0,0.0
17.561315298080444,0.2377680365949021,-0.0935732273050904,0.1794765179458293,1.118276765662475,-0.8467610077444254,-9.57645428716165,0.2423699985935131,-0.0951072146379608,0.1748745559472183,1.116742778329605,-0.8485458831828592,-9.5860092726508,16.14,-64.56,-59.18,-8.07,0.0,0.0,0.1199041196120104,0.0,0.0,0.0,32,37,37,35,37,18,-13,-25,0,-6,12.9,12.9,12.9,12.8,12.8,-999,-999,-999,0.0,0.0,0.0
17.578320026397705,0.2393020239277724,-0.0905052526393498,0.1794765179458293,1.116742778329605,-0.8467610077444254,-9.57645428716165,0.2423699985935131,-0.0920392399722201,0.1748745559472183,1.116742778329605,-0.8485458831828592,-9.5860092726508,8.07,-75.32,-59.18,-8.07,0.0,0.0,0.1438849435344125,0.0,0.0,0.0,32,37,37,35,37,12,-7,-25,0,-6,12.9,12.9,13.0,12.9,12.8,-999,-999,-999,0.0,0.0,0.0
17.595280647277832,0.2439039859263834,-0.0874372779736091,0.1794765179458293,1.116742778329605,-0.8467610077444254,-9.57645428716165,0.2439039859263834,-0.0889712653064794,0.1748745559472183,1.116742778329605,-0.8485458831828592,-9.5860092726508,-8.07,-102.22,-61.87,-8.07,0.0,0.0719424717672062,0.1678657674568146,0.0,0.0,0.0,32,37,37,35,37,0,-7,-25,0,-6,12.9,13.0,12.9,12.9,12.8,-999,-999,-999,0.0,0.0,0.0
17.612278938293457,0.2485059479249944,-0.0843693033078684,0.1794765179458293,1.116742778329605,-0.8467610077444254,-9.57645428716165,0.2469719605921241,-0.0828353159749981,0.1748745559472183,1.116742778329605,-0.8485458831828592,-9.5860092726508,26.9,-88.77,-59.18,-8.07,0.0,0.1199041196120104,0.1678657674568146,0.0,0.0,0.0,32,37,37,35,37,-13,-13,-25,0,-6,12.9,13.0,12.9,12.8,12.8,-999,-999,-999,0.0,0.0,0.0
17.6292405128479,0.2469719605921241,-0.0813013286421278,0.1794765179458293,1.116742778329605,-0.8467610077444254,-9.57645428716165,0.2469719605921241,-0.0828353159749981,0.1748745559472183,1.116742778329605,-0.8485458831828592,-9.5860092726508,-5.38,-83.39,-59.18,-8.07,0.0,0.1199041196120104,0.1678657674568146,0.0,0.0,0.0,32,37,37,35,37,-7,-13,-25,-7,-6,12.9,12.9,12.9,12.9,12.8,-999,-999,-999,0.0,0.0,0.0
17.646251678466797,0.2469719605921241,-0.0782333539763871,0.1794765179458293,1.116742778329605,-0.8467610077444254,-9.57645428716165,0.2469719605921241,-0.0797673413092574,0.1748745559472183,1.118276765662475,-0.8485458831828592,-9.5860092726508,-16.14,-102.22,-61.87,-8.07,0.0,0.1199041196120104,0.1678657674568146,0.0,0.0,0.0,32,37,37,35,37,0,-13,-25,6,-6,13.0,13.0,12.9,12.9,12.8,-999,-999,-999,0.0,0.0,0.0
17.66326880455017,0.2469719605921241,-0.0751653793106464,0.1794765179458293,1.116742778329605,-0.8467610077444254,-9.57645428716165,0.2439039859263834,-0.0766993666435168,0.1748745559472183,1.116742778329605,-0.8485458831828592,-9.5860092726508,-8.07,-86.08,-61.87,-8.07,0.0,0.0959232956896083,0.1678657674568146,0.0,0.0,0.0,33,37,37,35,37,-13,-13,-25,0,-6,13.0,13.0,12.9,12.9,12.8,-999,-999,-999,0.0,0.0,0.0
17.680374145507812,0.2439039859263834,-0.0720974046449058,0.1794765179458293,1.116742778329605,-0.8467610077444254,-9.57645428716165,0.2439039859263834,-0.0705634173120354,0.1748745559472183,1.116742778329605,-0.8485458831828592,-9.5860092726508,2.69,-83.39,-59.18,-10.76,0.0,0.023980823922402,0.1678657674568146,0.0,0.0,0.0,32,37,37,36,37,0,-13,-25,-7,-6,13.0,13.0,13.0,12.9,12.8,-999,-999,-999,0.0,0.0,0.0
17.69729995727539,0.2408360112606427,-0.0690294299791651,0.1794765179458293,1.118276765662475,-0.8467610077444254,-9.57645428716165,0.2469719605921241,-0.0674954426462947,0.1748745559472183,1.116742778329605,-0.8485458831828592,-9.5860092726508,-2.69,-69.94,-59.18,-8.07,0.0,-0.023980823922402,0.1678657674568146,0.0,0.0,0.0,32,37,37,36,37,12,-13,-25,0,-6,13.0,13.0,13.0,12.9,12.8,-999,-999,-999,0.0,0.0,0.0
17.714292287826538,0.2408360112606427,-0.0674954426462947,0.1794765179458293,1.116742778329605,-0.8467610077444254,-9.57645428716165,0.2469719605921241,-0.0659614553134244,0.1748745559472183,1.116742778329605,-0.8485458831828592,-9.5860092726508,2.69,-99.53,-59.18,-10.76,0.0,-0.0719424717672062,0.1678657674568146,0.0,0.0,0.0,32,38,37,36,37,25,-7,-25,0,-6,13.0,13.0,13.0,12.9,12.8,-999,-999,-999,0.0,0.0,0.0
17.731300830841064,0.2423699985935131,-0.0644274679805541,0.1794765179458293,1.118276765662475,-0.8467610077444254,-9.57645428716165,0.2469719605921241,-0.0659614553134244,0.1748745559472183,1.116742778329605,-0.8485458831828592,-9.5860092726508,8.07,-99.53,-61.87,-10.76,0.0,-0.0719424717672062,0.1678657674568146,0.0,0.0,0.0,32,37,37,36,37,18,-7,-25,-7,-6,13.0,13.1,13.0,12.9,12.8,-999,-999,-999,0.0,0.0,0.0
17.748233795166016,0.2423699985935131,-0.0598255059819431,0.1794765179458293,1.118276765662475,-0.8467610077444254,-9.57645428716165,0.2439039859263834,-0.0628934806476837,0.1748745559472183,1.116742778329605,-0.8485458831828592,-9.5860092726508,0.0,-43.04,-59.18,-8.07,0.0,-0.0479616478448041,0.1678657674568146,0.0,0.0,0.0,32,37,37,36,37,6,-7,-25,0,-6,13.0,13.0,13.0,12.9,12.8,-999,-999,-999,0.0,0.0,0.0
17.76527166366577,0.2439039859263834,-0.0582915186490727,0.1794765179458293,1.118276765662475,-0.8467610077444254,-9.57645428716165,0.2439039859263834,-0.0582915186490727,0.1748745559472183,1.116742778329605,-0.8485458831828592,-9.5860092726508,0.0,-88.77,-59.18,-10.76,0.0,0.0,0.1678657674568146,0.0,0.0,0.0,32,37,37,36,37,6,-7,-25,-7,-6,13.0,13.0,13.0,12.9,12.8,-999,-999,-999,0.0,0.0,0.0
17.78225302696228,0.2469719605921241,-0.055223543983332,0.1794765179458293,1.118276765662475,-0.8467610077444254,-9.57645428716165,0.2439039859263834,-0.0582915186490727,0.1748745559472183,1.116742778329605,-0.8485458831828592,-9.5860092726508,24.21,-72.63,-59.18,-10.76,0.0,0.023980823922402,0.1678657674568146,0.0,0.0,0.0,32,37,37,35,37,-13,-13,-25,0,-6,13.0,13.0,13.0,12.9,12.8,-999,-999,-999,0.0,0.0,0.0
17.799296855926514,0.2485059479249944,-0.0536895566504617,0.1794765179458293,1.116742778329605,-0.8467610077444254,-9.57645428716165,0.2439039859263834,-0.055223543983332,0.1748745559472183,1.118276765662475,-0.8485458831828592,-9.5860092726508,72.63,-83.39,-59.18,-8.07,0.0,0.0719424717672062,0.1438849435344125,0.0,0.0,0.0,32,37,37,35,37,55,-13,-25,0,-6,13.0,13.0,13.0,12.8,12.8,-999,-999,-999,0.0,0.0,0.0
17.81624126434326,0.2485059479249944,-0.050621581984721,0.1794765179458293,1.118276765662475,-0.8467610077444254,-9.57645428716165,0.2439039859263834,-0.055223543983332,0.1748745559472183,1.118276765662475,-0.8485458831828592,-9.5860092726508,-2.69,-91.46,-59.18,-5.38,0.0,0.0719424717672062,0.1438849435344125,0.0,0.0,0.0,32,37,37,35,37,-19,-19,-25,6,-6,13.0,13.0,13.0,12.9,12.8,-999,-999,-999,0.0,0.0,0.0
17.833239316940308,0.2469719605921241,-0.0490875946518507,0.1794765179458293,1.116742778329605,-0.8467610077444254,-9.57645428716165,0.2469719605921241,-0.0521555693175914,0.1764085432800886,1.116742778329605,-0.8485458831828592,-9.5860092726508,26.9,-94.15,-40.35,-10.76,0.0,0.0719424717672062,0.1438849435344125,0.0,0.0,0.0,33,37,37,35,37,62,-19,-19,-7,-6,13.0,12.9,13.0,12.9,12.8,-999,-999,-999,0.0,0.0,0.0
17.8502516746521,0.2469719605921241,-0.04601961998611,0.1810105052786996,1.118276765662475,-0.8467610077444254,-9.57645428716165,0.2469719605921241,-0.050621581984721,0.1779425306129589,1.116742778329605,-0.8485458831828592,-9.5860092726508,-5.38,-96.84,-45.73,-10.76,0.0,0.023980823922402,0.1199041196120104,0.0,0.0,0.0,32,37,37,35,37,0,-19,-13,-7,-6,13.0,12.9,13.0,12.9,12.8,-999,-999,-999,0.0,0.0,0.0
17.86819291114807,0.2439039859263834,-0.0444856326532397,0.1810105052786996,1.116742778329605,-0.8467610077444254,-9.57645428716165,0.2469719605921241,-0.0475536073189804,0.1810105052786996,1.118276765662475,-0.8485458831828592,-9.5860092726508,8.07,-67.25,-59.18,-10.76,0.0,0.0,0.1199041196120104,0.0,0.0,0.0,32,37,37,35,37,12,-19,-19,-7,-6,12.9,12.9,12.9,12.9,12.8,-999,-999,-999,0.0,0.0,0.0
17.885260820388794,0.2423699985935131,-0.0429516453203694,0.1840784799444403,1.118276765662475,-0.8467610077444254,-9.57645428716165,0.2469719605921241,-0.0475536073189804,0.1810105052786996,1.118276765662475,-0.8485458831828592,-9.5860092726508,0.0,-69.94,-34.97,-8.07,0.0,-0.0479616478448041,0.1199041196120104,0.023980823922402,0.0,0.0,32,37,37,35,37,18,-19,-13,0,-6,13.0,12.9,12.9,12.9,12.8,-999,-999,-999,0.0,0.0,0.0
17.90419602394104,0.2423699985935131,-0.041417657987499,0.1840784799444403,1.116742778329605,-0.8467610077444254,-9.57645428716165,0.2469719605921241,-0.0444856326532397,0.18254449261157,1.116742778329605,-0.8485458831828592,-9.5860092726508,10.76,-88.77,-40.35,-10.76,0.0,-0.0719424717672062,0.0959232956896083,0.0479616478448041,0.0,0.0,32,37,37,35,37,18,-19,-13,-7,-6,13.0,12.5,12.9,12.9,12.8,-999,-999,-999,0.0,0.0,0.0
17.921398162841797,0.2439039859263834,-0.0398836706546287,0.1856124672773106,1.116742778329605,-0.8467610077444254,-9.57645428716165,0.2469719605921241,-0.0429516453203694,0.1840784799444403,1.116742778329605,-0.8485458831828592,-9.5860092726508,21.52,-86.08,-34.97,-10.76,-2.69,-0.0479616478448041,0.0959232956896083,0.0719424717672062,0.0,0.0,32,37,37,35,37,12,-25,-13,-7,-6,13.0,12.9,12.9,12.9,12.8,-999,-999,-999,0.0,0.0,0.0
17.938262701034546,0.2439039859263834,-0.036815695988888,0.1871464546101809,1.118276765662475,-0.8467610077444254,-9.57645428716165,0.2469719605921241,-0.0429516453203694,0.1840784799444403,1.116742778329605,-0.8485458831828592,-9.5860092726508,13.45,-96.84,-45.73,-10.76,0.0,-0.023980823922402,0.0959232956896083,0.0719424717672062,0.0,0.0,32,37,37,35,37,12,-25,-13,-7,-6,13.0,12.9,12.9,12.9,12.8,-999,-999,-999,0.0,0.0,0.0
17.95528554916382,0.2469719605921241,-0.0352817086560177,0.1886804419430513,1.116742778329605,-0.8467610077444254,-9.57645428716165,0.2485059479249944,-0.041417657987499,0.1871464546101809,1.116742778329605,-0.8485458831828592,-9.5860092726508,0.0,-91.46,-51.11,-8.07,0.0,0.023980823922402,0.0959232956896083,0.0719424717672062,0.0,0.0,32,37,37,35,37,6,-25,-13,-7,-6,12.9,12.9,13.0,12.9,12.8,-999,-999,-999,0.0,0.0,0.0
17.97226572036743,0.2500399352578648,-0.0352817086560177,0.1902144292759216,1.118276765662475,-0.8467610077444254,-9.57645428716165,0.2485059479249944,-0.0383496833217584,0.1902144292759216,1.118276765662475,-0.8485458831828592,-9.5860092726508,-2.69,-78.01,-53.8,-8.07,0.0,0.0719424717672062,0.0959232956896083,0.0719424717672062,0.0,0.0,32,37,37,35,37,-7,-19,-13,-7,-6,12.9,12.9,13.0,12.9,12.8,-999,-999,-999,0.0,0.0,0.0
17.989267349243164,0.2515739225907351,-0.0337477213231473,0.1932824039416623,1.118276765662475,-0.8467610077444254,-9.57645428716165,0.2485059479249944,-0.0383496833217584,0.191748416608792,1.116742778329605,-0.8485458831828592,-9.5860092726508,26.9,-75.32,-56.49,-5.38,0.0,0.0959232956896083,0.0719424717672062,0.0719424717672062,0.0,0.0,32,37,37,35,37,-13,-19,-7,6,-6,12.9,12.9,13.0,12.9,12.8,-999,-999,-999,0.0,0.0,0.0
18.006272554397583,0.2515739225907351,-0.032213733990277,0.1948163912745326,1.116742778329605,-0.8467610077444254,-9.57645428716165,0.2485059479249944,-0.036815695988888,0.1932824039416623,1.116742778329605,-0.8485458831828592,-9.5860092726508,8.07,-88.77,-45.73,-8.07,0.0,0.0959232956896083,0.0719424717672062,0.0959232956896083,0.0,0.0,32,37,37,35,37,-13,-25,-13,-7,-6,12.9,13.0,12.9,12.9,12.8,-999,-999,-999,0.0,0.0,0.0
18.02322006225586,0.2500399352578648,-0.0306797466574067,0.196350378607403,1.116742778329605,-0.8467610077444254,-9.57645428716165,0.2485059479249944,-0.036815695988888,0.1932824039416623,1.116742778329605,-0.8485458831828592,-9.5860092726508,0.0,-64.56,-48.42,-8.07,0.0,0.0719424717672062,0.0719424717672062,0.0959232956896083,0.0,0.0,31,37,37,35,37,-13,-25,-13,0,-6,12.9,13.0,12.9,12.9,12.8,-999,-999,-999,0.0,0.0,0.0
18.040876388549805,0.2500399352578648,-0.0306797466574067,0.1978843659402733,1.116742778329605,-0.8467610077444254,-9.57645428716165,0.2485059479249944,-0.0352817086560177,0.196350378607403,1.116742778329605,-0.8485458831828592,-9.5860092726508,0.0,-61.87,-48.42,-10.76,0.0,0.023980823922402,0.0719424717672062,0.0959232956896083,0.0,0.0,32,37,37,36,37,-7,-19,-13,0,-6,12.9,13.0,12.9,12.9,12.8,-999,-999,-999,0.0,0.0,0.0
18.058210372924805,0.2469719605921241,-0.0291457593245363,0.1994183532731436,1.118276765662475,-0.8467610077444254,-9.57645428716165,0.2485059479249944,-0.0352817086560177,0.1978843659402733,1.118276765662475,-0.8485458831828592,-9.5860092726508,-2.69,-75.32,-53.8,-10.76,0.0,0.0,0.0479616478448041,0.0959232956896083,0.0,0.0,32,37,37,36,37,6,-25,-13,-7,-6,12.9,13.0,12.9,12.9,12.8,-999,-999,-999,0.0,0.0,0.0
18.07522368431092,0.2454379732592537,-0.0291457593245363,0.200952340606014,1.118276765662475,-0.8467610077444254,-9.57645428716165,0.2485059479249944,-0.0352817086560177,0.1978843659402733,1.118276765662475,-0.8485458831828592,-9.5860092726508,0.0,-64.56,-69.94,-8.07,0.0,-0.0479616478448041,0.0479616478448041,0.0959232956896083,0.0,0.0,32,37,37,36,37,18,-25,-19,0,-6,12.9,13.0,12.9,12.9,12.8,-999,-999,-999,0.0,0.0,0.0
18.09234476089477,0.2439039859263834,-0.0291457593245363,0.2040203152717546,1.118276765662475,-0.8467610077444254,-9.57645428716165,0.2485059479249944,-0.0337477213231473,0.200952340606014,1.116742778329605,-0.8485458831828592,-9.5860092726508,5.38,-48.42,-56.49,-10.76,0.0,-0.0719424717672062,0.023980823922402,0.0959232956896083,0.0,0.0,32,37,36,36,37,18,-19,-19,-7,-6,12.9,13.0,12.9,12.9,12.8,-999,-999,-999,0.0,0.0,0.0
18.110228776931763,0.2454379732592537,-0.027611771991666,0.205554302604625,1.118276765662475,-0.8467610077444254,-9.57645428716165,0.2485059479249944,-0.0337477213231473,0.2024863279388843,1.118276765662475,-0.8485458831828592,-9.5860092726508,10.76,-75.32,-64.56,-10.76,0.0,-0.0719424717672062,0.023980823922402,0.0959232956896083,0.0,0.0,32,37,37,36,37,12,-25,-19,0,-6,12.9,13.0,12.9,12.9,12.8,-999,-999,-999,0.0,0.0,0.0
18.127333879470825,0.2454379732592537,-0.027611771991666,0.2070882899374953,1.116742778329605,-0.8467610077444254,-9.57645428716165,0.2485059479249944,-0.032213733990277,0.205554302604625,1.116742778329605,-0.8485458831828592,-9.5860092726508,13.45,-56.49,-51.11,-8.07,0.0,-0.0479616478448041,0.023980823922402,0.0959232956896083,0.0,0.0,32,37,37,36,37,12,-25,-13,6,-6,12.9,13.0,12.9,12.9,12.8,-999,-999,-999,0.0,0.0,0.0
18.14453172683716,0.2485059479249944,-0.027611771991666,0.2070882899374953,1.116742778329605,-0.8467610077444254,-9.57645428716165,0.2485059479249944,-0.032213733990277,0.205554302604625,1.116742778329605,-0.8485458831828592,-9.5860092726508,-2.69,-40.35,-37.66,-8.07,0.0,0.0,0.023980823922402,0.0719424717672062,0.0,0.0,32,37,37,36,37,6,-19,-13,-7,-6,12.9,13.0,12.9,12.9,12.8,-999,-999,-999,0.0,0.0,0.0
18.16221690177917,0.2500399352578648,-0.027611771991666,0.210156264603236,1.118276765662475,-0.8467610077444254,-9.57645428716165,0.2485059479249944,-0.0306797466574067,0.210156264603236,1.116742778329605,-0.8485458831828592,-9.5860092726508,-5.38,-64.56,-56.49,-8.07,0.0,0.023980823922402,0.023980823922402,0.0719424717672062,0.0,0.0,32,37,37,36,37,-7,-19,-13,0,-6,13.0,13.0,12.9,12.9,12.8,-999,-999,-999,0.0,0.0,0.0
18.179261445999146,0.2515739225907351,-0.0260777846587957,0.2116902519361063,1.116742778329605,-0.8467610077444254,-9.57645428716165,0.2485059479249944,-0.0306797466574067,0.210156264603236,1.116742778329605,-0.8485458831828592,-9.5860092726508,26.9,-51.11,-61.87,-10.76,0.0,0.0719424717672062,0.023980823922402,0.0719424717672062,0.0,0.0,32,37,37,36,37,-13,-19,-7,-7,-6,13.0,13.0,12.8,12.9,12.8,-999,-999,-999,0.0,0.0,0.0
18.196250200271606,0.2515739225907351,-0.0260777846587957,0.2132242392689767,1.118276765662475,-0.8467610077444254,-9.57645428716165,0.2485059479249944,-0.0306797466574067,0.2132242392689767,1.116742778329605,-0.8485458831828592,-9.5860092726508,32.28,-80.7,-64.56,-8.07,0.0,0.0719424717672062,0.023980823922402,0.0719424717672062,0.0,0.0,32,37,37,36,37,-13,-25,-7,-7,-6,13.0,13.0,12.9,12.9,12.8,-999,-999,-999,0.0,0.0,0.0
18.2132248878479,0.2500399352578648,-0.0245437973259253,0.214758226601847,1.116742778329605,-0.8467610077444254,-9.57645428716165,0.2485059479249944,-0.0306797466574067,0.2132242392689767,1.116742778329605,-0.8485458831828592,-9.5860092726508,8.07,-75.32,-53.8,-8.07,0.0,0.0719424717672062,0.023980823922402,0.0959232956896083,0.0,0.0,32,37,37,36,37,-7,-25,-13,-7,-6,13.0,13.0,12.9,12.9,12.8,-999,-999,-999,0.0,0.0,0.0
18.23120355606079,0.2500399352578648,-0.0245437973259253,0.2178262012675877,1.118276765662475,-0.8467610077444254,-9.57645428716165,0.2485059479249944,-0.0291457593245363,0.2162922139347173,1.116742778329605,-0.8485458831828592,-9.5860092726508,0.0,-72.63,-48.42,-10.76,0.0,0.023980823922402,0.023980823922402,0.0959232956896083,0.0,0.0,32,37,37,36,37,-7,-19,-13,0,-6,13.0,12.9,12.9,12.9,12.8,-999,-999,-999,0.0,0.0,0.0
18.248229503631592,0.2485059479249944,-0.023009809993055,0.2178262012675877,1.116742778329605,-0.8467610077444254,-9.57645428716165,0.2485059479249944,-0.0291457593245363,0.2162922139347173,1.116742778329605,-0.8485458831828592,-9.5860092726508,0.0,-86.08,-64.56,-8.07,0.0,0.0,0.023980823922402,0.0959232956896083,0.0,0.0,32,37,37,36,37,0,-25,-7,0,-6,13.0,12.9,12.9,12.9,12.8,-999,-999,-999,0.0,0.0,0.0
18.265352249145508,0.2469719605921241,-0.0214758226601847,0.219360188600458,1.116742778329605,-0.8467610077444254,-9.57645428716165,0.2485059479249944,-0.0291457593245363,0.2178262012675877,1.116742778329605,-0.8485458831828592,-9.5860092726508,40.35,-86.08,-43.04,-8.07,0.0,-0.023980823922402,0.023980823922402,0.0959232956896083,0.0,0.0,32,37,37,36,37,74,-32,-7,0,-6,13.0,12.9,12.9,12.9,12.8,-999,-999,-999,0.0,0.0,0.0
18.283250331878666,0.2439039859263834,-0.0214758226601847,0.2208941759333283,1.118276765662475,-0.8467610077444254,-9.57645428716165,0.2485059479249944,-0.0291457593245363,0.219360188600458,1.116742778329605,-0.8485458831828592,-9.5860092726508,0.0,-72.63,-48.42,-8.07,0.0,-0.0719424717672062,0.023980823922402,0.0719424717672062,0.0,0.0,32,37,37,35,37,18,-32,-19,0,-6,13.0,12.9,12.9,12.9,12.8,-999,-999,-999,0.0,0.0,0.0
18.300288438797,0.2454379732592537,-0.0214758226601847,0.2224281632661987,1.116742778329605,-0.8467610077444254,-9.57645428716165,0.2485059479249944,-0.0291457593245363,0.219360188600458,1.116742778329605,-0.8485458831828592,-9.5860092726508,0.0,-69.94,-48.42,-8.07,0.0,-0.0719424717672062,0.023980823922402,0.0719424717672062,0.0,0.0,31,37,37,35,37,18,-32,-19,0,-6,13.0,12.9,12.9,12.9,12.8,-999,-999,-999,0.0,0.0,0.0
18.317312479019165,0.2454379732592537,-0.0214758226601847,0.223962150599069,1.118276765662475,-0.8467610077444254,-9.57645428716165,0.2485059479249944,-0.0291457593245363,0.219360188600458,1.116742778329605,-0.8485458831828592,-9.5860092726508,10.76,-56.49,-67.25,-10.76,0.0,-0.0479616478448041,0.023980823922402,0.0719424717672062,0.0,0.0,31,37,37,35,36,12,-25,-19,-7,-6,13.1,12.9,12.9,12.9,12.8,-999,-999,-999,0.0,0.0,0.0
18.334365606307983,0.2454379732592537,-0.0214758226601847,0.223962150599069,1.116742778329605,-0.8467610077444254,-9.57645428716165,0.2485059479249944,-0.0291457593245363,0.2208941759333283,1.116742778329605,-0.8485458831828592,-9.5860092726508,0.0,-72.63,-45.73,-10.76,0.0,-0.023980823922402,0.0,0.0719424717672062,0.0,0.0,31,37,37,35,36,6,-32,-19,-7,-6,13.0,12.9,12.9,12.9,12.8,-999,-999,-999,0.0,0.0,0.0
18.35220623016357,0.2485059479249944,-0.0214758226601847,0.2254961379319394,1.116742778329605,-0.8467610077444254,-9.57645428716165,0.2485059479249944,-0.0291457593245363,0.2208941759333283,1.116742778329605,-0.8485458831828592,-9.5860092726508,-2.69,-69.94,-29.59,-10.76,0.0,0.0,0.0,0.0479616478448041,0.0,0.0,32,37,37,35,36,0,-32,-19,0,-6,13.0,13.0,12.9,12.9,12.8,-999,-999,-999,0.0,0.0,0.0
18.36926317214965,0.2500399352578648,-0.0214758226601847,0.2254961379319394,1.116742778329605,-0.8467610077444254,-9.57645428716165,0.2485059479249944,-0.027611771991666,0.2224281632661987,1.116742778329605,-0.8485458831828592,-9.5860092726508,-5.38,-69.94,-26.9,-8.07,0.0,0.023980823922402,0.0,0.023980823922402,0.0,0.0,32,37,37,35,36,0,-32,-19,0,-6,13.0,13.0,12.9,12.9,12.8,-999,-999,-999,0.0,0.0,0.0
18.38619828224182,0.2515739225907351,-0.0214758226601847,0.2254961379319394,1.116742778329605,-0.8467610077444254,-9.57645428716165,0.2485059479249944,-0.027611771991666,0.2224281632661987,1.116742778329605,-0.8485458831828592,-9.5860092726508,16.14,-56.49,-13.45,-10.76,0.0,0.0479616478448041,0.0,0.023980823922402,0.0,0.0,32,37,37,35,36,-13,-25,-13,0,-6,13.0,13.0,12.9,12.9,12.8,-999,-999,-999,0.0,0.0,0.0
18.40327882766724,0.2515739225907351,-0.0214758226601847,0.2270301252648097,1.116742778329605,-0.8467610077444254,-9.57645428716165,0.2485059479249944,-0.0291457593245363,0.223962150599069,1.116742778329605,-0.8485458831828592,-9.5860092726508,26.9,-72.63,-37.66,-8.07,0.0,0.0479616478448041,0.0,0.023980823922402,0.0,0.0,32,37,37,35,36,-7,-32,-7,0,-6,13.0,13.0,12.9,12.9,12.8,-999,-999,-999,0.0,0.0,0.0
18.42023801803589,0.2500399352578648,-0.0214758226601847,0.2270301252648097,1.118276765662475,-0.8467610077444254,-9.57645428716165,0.2485059479249944,-0.0291457593245363,0.223962150599069,1.116742778329605,-0.8485458831828592,-9.5860092726508,18.83,-72.63,-64.56,-8.07,0.0,0.0479616478448041,0.0,0.023980823922402,0.0,0.0,32,37,37,35,36,-7,-32,-13,0,-6,13.0,13.0,12.9,12.9,12.8,-999,-999,-999,0.0,0.0,0.0
18.437182903289795,0.2500399352578648,-0.0214758226601847,0.22856411259768,1.116742778329605,-0.8467610077444254,-9.57645428716165,0.2485059479249944,-0.0291457593245363,0.2254961379319394,1.116742778329605,-0.8485458831828592,-9.5860092726508,0.0,-72.63,-29.59,-10.76,0.0,0.023980823922402,0.0,0.023980823922402,0.0,0.0,32,37,37,35,36,-7,-32,-13,0,-6,13.0,12.5,12.9,12.9,12.8,-999,-999,-999,0.0,0.0,0.0
18.454211711883545,0.2500399352578648,-0.0214758226601847,0.22856411259768,1.118276765662475,-0.8467610077444254,-9.57645428716165,0.2485059479249944,-0.0291457593245363,0.2270301252648097,1.118276765662475,-0.8485458831828592,-9.5860092726508,0.0,-69.94,-32.28,-8.07,0.0,0.0,0.0,0.023980823922402,0.0,0.0,32,37,37,35,36,-7,-32,-7,0,-6,12.9,13.0,12.9,12.9,12.8,-999,-999,-999,0.0,0.0,0.0
18.471226453781128,0.2485059479249944,-0.0214758226601847,0.2300980999305504,1.116742778329605,-0.8467610077444254,-9.57645428716165,0.2485059479249944,-0.027611771991666,0.22856411259768,1.116742778329605,-0.8485458831828592,-9.5860092726508,0.0,-56.49,-45.73,-8.07,0.0,-0.023980823922402,0.0,0.0479616478448041,0.0,0.0,32,37,37,35,36,0,-25,-13,-7,-6,13.0,13.0,12.9,12.9,12.8,-999,-999,-999,0.0,0.0,0.0
18.488265991210938,0.2454379732592537,-0.0214758226601847,0.233166074596291,1.118276765662475,-0.8467610077444254,-9.57645428716165,0.2500399352578648,-0.027611771991666,0.22856411259768,1.116742778329605,-0.8485458831828592,-9.5860092726508,18.83,-56.49,-51.11,-10.76,0.0,-0.023980823922402,0.0,0.0479616478448041,0.0,0.0,32,37,37,35,36,12,-25,-13,-7,-6,13.0,13.0,12.9,12.9,12.8,-999,-999,-999,0.0,0.0,0.0
18.50533127784729,0.2454379732592537,-0.0214758226601847,0.233166074596291,1.116742778329605,-0.8467610077444254,-9.57645428716165,0.2515739225907351,-0.0291457593245363,0.2300980999305504,1.116742778329605,-0.8485458831828592,-9.5860092726508,0.0,-56.49,-83.39,-8.07,0.0,-0.0479616478448041,0.0,0.0479616478448041,0.0,0.0,32,37,37,35,36,18,-25,-19,0,-6,13.0,13.0,12.9,12.8,12.8,-999,-999,-999,0.0,0.0,0.0
18.522275924682617,0.2454379732592537,-0.0214758226601847,0.2347000619291614,1.116742778329605,-0.8467610077444254,-9.57645428716165,0.2500399352578648,-0.027611771991666,0.2316320872634207,1.116742778329605,-0.8485458831828592,-9.5860092726508,0.0,-69.94,-40.35,-10.76,0.0,-0.0479616478448041,0.0,0.0719424717672062,0.0,0.0,32,37,36,35,36,18,-32,-19,-7,-6,13.0,13.0,12.9,12.8,12.8,-999,-999,-999,0.0,0.0,0.0
18.5392107963562,0.2469719605921241,-0.0214758226601847,0.2347000619291614,1.118276765662475,-0.8467610077444254,-9.57645428716165,0.2500399352578648,-0.027611771991666,0.2316320872634207,1.116742778329605,-0.8485458831828592,-9.5860092726508,5.38,-56.49,-34.97,-8.07,0.0,-0.023980823922402,0.0,0.0479616478448041,0.0,0.0,32,37,36,35,36,12,-25,-19,-7,-6,13.0,13.0,12.9,12.8,12.8,-999,-999,-999,0.0,0.0,0.0
18.556256771087646,0.2485059479249944,-0.0214758226601847,0.2362340492620317,1.116742778329605,-0.8467610077444254,-9.57645428716165,0.2500399352578648,-0.0291457593245363,0.233166074596291,1.116742778329605,-0.8485458831828592,-9.5860092726508,-8.07,-69.94,-21.52,-8.07,0.0,0.0,0.0,0.0479616478448041,0.0,0.0,32,37,36,35,36,6,-32,-13,-7,-6,13.0,13.0,12.9,12.9,12.8,-999,-999,-999,0.0,0.0,0.0
18.57322907447815,0.2485059479249944,-0.0214758226601847,0.2377680365949021,1.118276765662475,-0.8467610077444254,-9.57645428716165,0.2500399352578648,-0.0291457593245363,0.2347000619291614,1.118276765662475,-0.8485458831828592,-9.5860092726508,-5.38,-72.63,-64.56,-10.76,0.0,0.0,0.0,0.0479616478448041,0.0,0.0,32,37,36,35,36,6,-32,-19,-7,-6,13.0,12.9,12.9,12.9,12.8,-999,-999,-999,0.0,0.0,0.0
18.590386390686035,0.2500399352578648,-0.0214758226601847,0.2377680365949021,1.118276765662475,-0.8467610077444254,-9.57645428716165,0.2500399352578648,-0.0291457593245363,0.2362340492620317,1.118276765662475,-0.8485458831828592,-9.5860092726508,-2.69,-69.94,-24.21,-10.76,0.0,0.0479616478448041,0.0,0.0479616478448041,0.0,0.0,32,37,36,35,36,0,-32,-13,0,-6,13.0,12.9,12.9,12.9,12.8,-999,-999,-999,0.0,0.0,0.0
18.607249975204468,0.2515739225907351,-0.0214758226601847,0.2393020239277724,1.116742778329605,-0.8467610077444254,-9.57645428716165,0.2500399352578648,-0.0291457593245363,0.2362340492620317,1.118276765662475,-0.8485458831828592,-9.5860092726508,-37.66,-69.94,-24.21,-5.38,0.0,0.0479616478448041,0.0,0.0479616478448041,0.0,0.0,32,37,36,35,36,-76,-32,-7,0,-6,13.0,13.0,12.9,12.9,12.8,-999,-999,-999,0.0,0.0,0.0
18.62436962127685,0.2515739225907351,-0.0214758226601847,0.2393020239277724,1.118276765662475,-0.8467610077444254,-9.57645428716165,0.2500399352578648,-0.0291457593245363,0.2377680365949021,1.116742778329605,-0.8485458831828592,-9.5860092726508,5.38,-51.11,-40.35,-10.76,0.0,0.0479616478448041,0.0,0.0479616478448041,0.0,0.0,32,37,36,35,36,-7,-25,-13,0,-6,12.9,13.0,12.9,12.9,12.8,-999,-999,-999,0.0,0.0,0.0
18.64225172996521,0.2515739225907351,-0.0214758226601847,0.2408360112606427,1.118276765662475,-0.8467610077444254,-9.57645428716165,0.2500399352578648,-0.0291457593245363,0.2393020239277724,1.116742778329605,-0.8485458831828592,-9.5860092726508,0.0,-69.94,-34.97,-10.76,0.0,0.0479616478448041,0.0,0.0479616478448041,0.0,0.0,32,37,37,35,36,-7,-32,-13,-7,-6,12.9,13.0,12.9,12.9,12.8,-999,-999,-999,0.0,0.0,0.0
18.660228490829468,0.2515739225907351,-0.0214758226601847,0.2423699985935131,1.116742778329605,-0.8467610077444254,-9.57645428716165,0.2515739225907351,-0.027611771991666,0.2393020239277724,1.118276765662475,-0.8485458831828592,-9.5860092726508,0.0,-72.63,-32.28,-8.07,-5.38,0.023980823922402,0.0,0.0479616478448041,0.0,0.0,32,37,37,35,36,-7,-32,-13,-7,-6,12.9,12.9,12.9,12.9,12.8,-999,-999,-999,0.0,0.0,0.0
18.677330017089844,0.2515739225907351,-0.0214758226601847,0.2439039859263834,1.116742778329605,-0.8467610077444254,-9.57645428716165,0.2500399352578648,-0.027611771991666,0.2393020239277724,1.116742778329605,-0.8454779085171185,-9.569565279716922,29.59,-56.49,-56.49,-8.07,0.0,0.0,0.0,0.0479616478448041,0.0,0.0,32,37,37,35,36,-7,-25,-19,0,-6,12.9,12.9,12.9,12.9,12.8,-999,-999,-999,0.0,0.0,0.0
18.694228410720825,0.2500399352578648,-0.0214758226601847,0.2454379732592537,1.118276765662475,-0.8467610077444254,-9.57645428716165,0.2500399352578648,-0.027611771991666,0.2393020239277724,1.116742778329605,-0.8454779085171185,-9.569565279716922,-2.69,-56.49,-72.63,-5.38,0.0,0.0,0.0,0.0479616478448041,0.0,0.0,32,37,37,35,36,0,-25,-25,0,7,12.9,12.9,12.9,12.9,12.8,-999,-999,-999,0.0,0.0,0.0
18.71124768257141,0.2485059479249944,-0.0214758226601847,0.2454379732592537,1.116742778329605,-0.8452270204115552,-9.568216276204772,0.2515739225907351,-0.0291457593245363,0.2393020239277724,1.116742778329605,-0.8439439211842481,-9.561307046367604,-2.69,-72.63,-61.87,-10.76,-21.52,0.0,0.0,0.0479616478448041,0.0,0.0,32,37,36,35,36,0,-32,-25,-7,13,12.9,12.9,13.0,12.9,12.8,-999,-999,-999,0.0,0.0,0.0
18.728276014328003,0.2485059479249944,-0.0214758226601847,0.2454379732592537,1.116742778329605,-0.8467610077444254,-9.57645428716165,0.2500399352578648,-0.027611771991666,0.2408360112606427,1.118276765662475,-0.8439439211842481,-9.561307046367604,-2.69,-56.49,-24.21,-8.07,-26.9,-0.023980823922402,0.0,0.0479616478448041,0.0,0.0,32,37,36,35,36,6,-25,-19,0,13,12.9,12.9,13.0,12.8,12.8,-999,-999,-999,0.0,0.0,0.0
18.745359659194943,0.2485059479249944,-0.0214758226601847,0.2454379732592537,1.118276765662475,-0.8452270204115552,-9.568216276204772,0.2500399352578648,-0.0291457593245363,0.2408360112606427,1.116742778329605,-0.8454779085171185,-9.569565279716922,-2.69,-72.63,-69.94,-8.07,-24.21,-0.023980823922402,0.0,0.023980823922402,0.0,0.0,32,37,36,35,36,6,-32,-19,-7,7,12.9,12.9,13.0,12.9,12.8,-999,-999,-999,0.0,0.0,0.0
18.76224374771118,0.2485059479249944,-0.0214758226601847,0.2454379732592537,1.116742778329605,-0.8452270204115552,-9.568216276204772,0.2500399352578648,-0.0291457593245363,0.2408360112606427,1.116742778329605,-0.8454779085171185,-9.569565279716922,0.0,-69.94,-59.18,-8.07,-2.69,-0.023980823922402,0.0,0.023980823922402,0.0,0.0,32,37,36,36,36,6,-32,-19,0,7,12.9,12.9,13.0,12.9,12.8,-999,-999,-999,0.0,0.0,0.0
18.779268741607662,0.2485059479249944,-0.0214758226601847,0.2454379732592537,1.118276765662475,-0.8452270204115552,-9.568216276204772,0.2500399352578648,-0.0291457593245363,0.2393020239277724,1.116742778329605,-0.8424099338513779,-9.553024595213817,-8.07,-75.32,-72.63,-10.76,-10.76,-0.023980823922402,0.0,0.0,0.0,0.0,32,37,36,35,36,6,-32,-32,-7,19,12.9,12.9,12.9,12.9,12.8,-999,-999,-999,0.0,0.0,0.0
18.79633140563965,0.2485059479249944,-0.0214758226601847,0.2469719605921241,1.118276765662475,-0.8452270204115552,-9.568216276204772,0.2500399352578648,-0.0291457593245363,0.2408360112606427,1.116742778329605,-0.8408759465185075,-9.544717881210733,0.0,-72.63,-75.32,-10.76,-40.35,0.0,0.0,0.0,0.0,0.0,32,37,36,35,36,6,-32,-32,0,13,12.9,12.9,13.0,12.9,12.8,-999,-999,-999,0.0,0.0,0.0
18.813374519348145,0.2485059479249944,-0.0214758226601847,0.2454379732592537,1.116742778329605,-0.8436930330786848,-9.559954085039546,0.2515739225907351,-0.0291457593245363,0.2393020239277724,1.116742778329605,-0.8393419591856371,-9.536386859207557,-5.38,-72.63,-61.87,-8.07,-21.52,0.0,0.0,0.0,0.0,0.0,32,37,37,35,36,6,-32,-25,0,13,12.9,12.9,12.9,12.8,12.8,-999,-999,-999,0.0,0.0,0.0
18.83033490180969,0.2485059479249944,-0.0214758226601847,0.2469719605921241,1.118276765662475,-0.8421590457458145,-9.551667668709896,0.2500399352578648,-0.0291457593245363,0.2393020239277724,1.1152087909967343,-0.8378079718527669,-9.528031483947657,13.45,-69.94,-78.01,-8.07,-34.97,0.0,0.0,0.0,0.0,0.023980823922402,32,37,37,35,36,12,-32,-32,0,13,12.9,12.9,12.8,12.8,12.8,-999,-999,-999,0.0,0.0,0.0
18.847328662872314,0.2485059479249944,-0.0214758226601847,0.2469719605921241,1.116742778329605,-0.8406250584129441,-9.543356982153648,0.2500399352578648,-0.0291457593245363,0.2393020239277724,1.113674803663864,-0.8347399971870262,-9.511247492102937,-2.69,-72.63,-69.94,-5.38,-24.21,0.0,0.0,0.0,0.0,0.0479616478448041,32,37,36,35,36,6,-32,-32,-13,13,12.9,12.9,12.9,12.8,12.8,-999,-999,-999,0.0,0.0,0.0
18.8642852306366,0.2485059479249944,-0.0214758226601847,0.2469719605921241,1.116742778329605,-0.8390910710800737,-9.535021980202687,0.2500399352578648,-0.027611771991666,0.2393020239277724,1.113674803663864,-0.8316720225212855,-9.49436554151259,-8.07,-72.63,-78.01,0.0,-32.28,0.0,0.0,0.0,0.0,0.0479616478448041,32,37,36,35,36,6,-32,-32,-13,13,12.9,13.0,12.9,12.8,12.8,-999,-999,-999,0.0,0.0,0.0
18.88135361671448,0.2485059479249944,-0.0214758226601847,0.2469719605921241,1.1152087909967343,-0.8375570837472035,-9.526662617583096,0.2500399352578648,-0.0291457593245363,0.2393020239277724,1.113674803663864,-0.8270700605226744,-9.468858142228138,0.0,-61.87,-80.7,0.0,0.0,0.0,0.0,0.0,0.0,0.0719424717672062,32,37,36,36,36,6,-25,-32,-7,25,12.9,13.0,13.0,12.8,12.7,-999,-999,-999,0.0,0.0,0.0
18.898360013961792,0.2485059479249944,-0.0214758226601847,0.2469719605921241,1.1152087909967343,-0.8360230964143331,-9.51827884891529,0.2515739225907351,-0.0291457593245363,0.2377680365949021,1.1121408163309936,-0.8224680985240634,-9.44312827040356,2.69,-72.63,-75.32,-13.45,0.0,0.0,0.0,0.0,0.0,0.0719424717672062,32,37,37,36,36,6,-32,-32,-7,32,12.9,13.0,12.9,12.8,12.8,-999,-999,-999,0.0,0.0,0.0
18.915213108062744,0.2485059479249944,-0.0214758226601847,0.2469719605921241,1.1152087909967343,-0.8314211344157221,-9.492980651245077,0.2515739225907351,-0.0291457593245363,0.2377680365949021,1.1121408163309936,-0.8224680985240634,-9.44312827040356,0.0,-72.63,-112.98,0.0,5.38,0.0,0.0,0.0,0.0,0.0959232956896083,32,37,37,36,36,6,-32,-38,-13,38,12.9,13.0,12.7,12.5,12.8,-999,-999,-999,0.0,0.0,0.0
18.932319164276123,0.2485059479249944,-0.0214758226601847,0.2469719605921241,1.1152087909967343,-0.8283531597499815,-9.475992319190636,0.2500399352578648,-0.0291457593245363,0.2362340492620317,1.1121408163309936,-0.8101961998611008,-9.373418100482168,0.0,-69.94,-134.5,0.0,8.07,0.0,0.0,0.0,0.0,0.1199041196120104,32,37,37,36,36,6,-32,-44,-13,50,12.9,13.0,12.9,12.8,12.8,-999,-999,-999,0.0,0.0,0.0
18.94922971725464,0.2485059479249944,-0.0214758226601847,0.2469719605921241,1.113674803663864,-0.8222172104185002,-9.441719118999774,0.2500399352578648,-0.0291457593245363,0.2362340492620317,1.1121408163309936,-0.8101961998611008,-9.373418100482168,0.0,-69.94,-134.5,-2.69,18.83,0.0,0.0,0.0,0.0,0.1438849435344125,32,37,37,36,36,6,-32,-44,-13,50,12.9,13.0,12.8,12.8,12.8,-999,-999,-999,0.0,0.0,0.0
18.96627759933472,0.2485059479249944,-0.0214758226601847,0.2469719605921241,1.113674803663864,-0.8176152484198891,-9.415753291422051,0.2500399352578648,-0.0291457593245363,0.2362340492620317,1.1106068289981232,-0.7948563265323974,-9.284006514709779,0.0,-72.63,-131.81,-10.76,5.38,0.0,0.0,0.0,0.0,0.1918465913792167,32,37,37,36,36,6,-32,-44,-7,57,12.9,13.0,12.9,12.8,12.8,-999,-999,-999,0.0,0.0,0.0
18.983264684677124,0.2485059479249944,-0.0214758226601847,0.2469719605921241,1.113674803663864,-0.8114792990884078,-9.380781890822927,0.2515739225907351,-0.0291457593245363,0.2347000619291614,1.1106068289981232,-0.7841184152023051,-9.219891436344072,0.0,-69.94,-131.81,0.0,8.07,0.0,0.0,0.0,0.0,0.2398082392240208,32,37,37,36,36,6,-32,-44,-13,63,12.9,13.0,12.9,12.8,12.8,-999,-999,-999,0.0,0.0,0.0
19.00025224685669,0.2469719605921241,-0.0214758226601847,0.2469719605921241,1.113674803663864,-0.8053433497569265,-9.345407392001713,0.2515739225907351,-0.0291457593245363,0.2347000619291614,1.1106068289981232,-0.7733805038722127,-9.154499814708224,2.69,-72.63,-142.57,0.0,10.76,0.0,0.0,0.0,0.0,0.263789063146423,32,37,37,36,36,12,-32,-50,-13,75,12.9,13.0,12.9,12.9,12.8,-999,-999,-999,0.0,0.0,0.0
19.01721262931824,0.2485059479249944,-0.0214758226601847,0.2469719605921241,1.113674803663864,-0.7976734130925747,-9.300617787049696,0.2515739225907351,-0.0291457593245363,0.2347000619291614,1.1106068289981232,-0.7733805038722127,-9.154499814708224,0.0,-69.94,-142.57,0.0,21.52,0.0,0.0,0.0,0.0,0.3117507109912271,32,37,37,36,36,6,-32,-50,-7,88,12.9,12.9,12.9,12.8,12.6,-999,-999,-999,0.0,0.0,0.0
19.034205436706543,0.2485059479249944,-0.0214758226601847,0.2469719605921241,1.1121408163309936,-0.790003476428223,-9.255187615812083,0.2515739225907351,-0.0291457593245363,0.2347000619291614,1.1106068289981232,-0.7626425925421203,-9.087814728589592,0.0,-72.63,-139.88,-13.45,13.45,0.0,0.0,0.0,0.0,0.3597123588360313,32,37,37,36,36,6,-32,-50,-13,100,12.9,12.9,12.9,12.8,12.8,-999,-999,-999,0.0,0.0,0.0
19.05122423171997,0.2485059479249944,-0.0214758226601847,0.2469719605921241,1.1121408163309936,-0.7807995524310011,-9.199817346253804,0.2531079099236054,-0.0291457593245363,0.2347000619291614,1.1106068289981232,-0.7503706938791577,-9.009997354774168,21.52,-72.63,-142.57,-16.14,13.45,0.0,0.0,0.0,0.0,0.4076740066808355,32,37,37,36,36,12,-32,-44,-7,107,12.9,12.9,12.8,12.8,12.7,-999,-999,-999,0.0,0.0,0.0
19.068196058273315,0.2500399352578648,-0.0214758226601847,0.2469719605921241,1.1121408163309936,-0.7700616411009087,-9.13402775952822,0.2531079099236054,-0.0291457593245363,0.2347000619291614,1.1090728416652529,-0.738098795216195,-8.930442185729763,2.69,-69.94,-142.57,0.0,10.76,0.0,0.0,0.0,0.0,0.4556356545256396,32,37,37,36,36,18,-32,-50,-13,113,12.9,12.9,12.8,12.8,12.6,-999,-999,-999,0.0,0.0,0.0
19.08517956733704,0.2500399352578648,-0.0214758226601847,0.2454379732592537,1.1106068289981232,-0.7593237297708163,-9.066939431421762,0.2546418972564758,-0.027611771991666,0.2347000619291614,1.1090728416652529,-0.7242929092203619,-8.838832608421368,10.76,-59.18,-139.88,13.45,0.0,0.0,0.0,0.0,0.0,0.5035973023704439,32,37,37,35,36,18,-25,-50,-13,119,12.8,12.9,12.8,12.8,12.7,-999,-999,-999,0.0,0.0,0.0
19.10221767425537,0.2515739225907351,-0.0214758226601847,0.2469719605921241,1.1106068289981232,-0.7470518311078537,-8.988654658125103,0.2546418972564758,-0.0291457593245363,0.2347000619291614,1.1106068289981232,-0.7120210105573993,-8.755496738532521,0.0,-69.94,-142.57,-5.38,8.07,0.023980823922402,0.0,0.0,0.0,0.5755397741376501,32,37,37,35,36,12,-32,-44,0,125,12.9,12.9,12.8,12.8,12.7,-999,-999,-999,0.0,0.0,0.0
19.119261264801025,0.2531079099236054,-0.0214758226601847,0.2469719605921241,1.1106068289981232,-0.7332459451120206,-8.898497297456162,0.2561758845893461,-0.0291457593245363,0.2347000619291614,1.1106068289981232,-0.6966811372286958,-8.648762541205848,10.76,-69.94,-142.57,-8.07,10.76,0.0479616478448041,0.0,0.0,0.0,0.5995205980600522,32,37,37,35,36,12,-32,-50,0,125,12.9,12.8,12.8,12.8,12.7,-999,-999,-999,0.0,0.0,0.0
19.136162996292114,0.2561758845893461,-0.0214758226601847,0.2469719605921241,1.1106068289981232,-0.7225080337819283,-8.826824035202149,0.2561758845893461,-0.027611771991666,0.2347000619291614,1.1090728416652529,-0.6798072765671221,-8.528004079945529,0.0,-56.49,-145.26,-8.07,0.0,0.0719424717672062,0.0,0.0,0.0,0.6474822459048564,32,37,37,35,37,6,-25,-50,-7,132,12.9,12.8,12.8,12.8,12.7,-999,-999,-999,0.0,0.0,0.0
19.153157949447632,0.2561758845893461,-0.0214758226601847,0.2469719605921241,1.1106068289981232,-0.7087021477860952,-8.73264730319713,0.2577098719222164,-0.027611771991666,0.2347000619291614,1.1090728416652529,-0.6644674032384188,-8.415118431557929,0.0,-59.18,-137.19,-13.45,16.14,0.0719424717672062,0.0,0.0,0.0,0.6714630698272585,32,37,37,35,36,0,-25,-50,-7,144,12.9,12.9,12.8,12.8,12.5,-999,-999,-999,0.0,0.0,0.0
19.170190811157227,0.2577098719222164,-0.0214758226601847,0.2469719605921241,1.1106068289981232,-0.6948962617902622,-8.636156181398656,0.2577098719222164,-0.0291457593245363,0.2347000619291614,1.1090728416652529,-0.6307196819152714,-8.156081271262638,0.0,-72.63,-142.57,-13.45,10.76,0.0719424717672062,0.0,0.0,0.0,0.6954438937496605,32,37,37,35,36,0,-32,-50,-7,157,12.9,12.9,12.8,12.8,12.7,-999,-999,-999,0.0,0.0,0.0
19.18717932701111,0.2577098719222164,-0.0214758226601847,0.2454379732592537,1.1121408163309936,-0.6795563884615589,-8.52618175483305,0.2577098719222164,-0.0291457593245363,0.2347000619291614,1.1090728416652529,-0.6307196819152714,-8.156081271262638,0.0,-72.63,-142.57,-16.14,2.69,0.0719424717672062,0.0,0.0,0.0,0.7434055415944647,32,37,37,36,36,0,-32,-50,-7,163,12.9,13.0,12.8,12.7,12.7,-999,-999,-999,0.0,0.0,0.0
19.205135107040405,0.2577098719222164,-0.0214758226601847,0.2469719605921241,1.1106068289981232,-0.6626825277999852,-8.401788881367732,0.2577098719222164,-0.0291457593245363,0.2347000619291614,1.1090728416652529,-0.5908360112606428,-7.830320078506292,0.0,-72.63,-142.57,-13.45,0.0,0.0479616478448041,0.0,0.0,0.0,0.815348013361671,32,37,36,36,35,0,-32,-50,-7,157,12.9,12.9,12.9,12.8,12.7,-999,-999,-999,0.0,0.0,0.0
19.22220540046692,0.2561758845893461,-0.0214758226601847,0.2469719605921241,1.1106068289981232,-0.6458086671384115,-8.273740911907,0.2577098719222164,-0.0291457593245363,0.2347000619291614,1.1090728416652529,-0.5908360112606428,-7.830320078506292,0.0,-72.63,-145.26,-16.14,2.69,0.023980823922402,0.0,0.0,0.0,0.8633096612064751,32,37,36,36,36,0,-32,-44,-7,157,12.9,12.9,12.8,12.7,12.6,-999,-999,-999,0.0,0.0,0.0
19.23927974700928,0.2577098719222164,-0.0214758226601847,0.2469719605921241,1.1106068289981232,-0.6289348064768377,-8.14196357640675,0.2607778465879571,-0.0291457593245363,0.2347000619291614,1.1090728416652529,-0.5524863279388843,-7.496152525512355,32.28,-75.32,-145.26,-16.14,5.38,0.0,0.0,0.0,0.0,0.8872904851288772,32,37,37,36,36,6,-32,-50,-7,163,12.9,12.9,12.9,12.8,12.7,-999,-999,-999,0.0,0.0,0.0
19.25616788864136,0.2561758845893461,-0.0214758226601847,0.2469719605921241,1.1106068289981232,-0.612060945815264,-8.006381845069795,0.2607778465879571,-0.0291457593245363,0.2347000619291614,1.1090728416652529,-0.5524863279388843,-7.496152525512355,5.38,-72.63,-142.57,-16.14,10.76,0.0,0.0,0.0,0.0,0.9112713090512792,32,37,37,36,36,18,-32,-50,-7,169,12.9,12.9,12.9,12.4,12.7,-999,-999,-999,0.0,0.0,0.0
19.27315068244934,0.2561758845893461,-0.0214758226601847,0.2469719605921241,1.1106068289981232,-0.5951870851536903,-7.86692006183015,0.2607778465879571,-0.0306797466574067,0.2347000619291614,1.1090728416652529,-0.5310105052786996,-7.299713364334903,0.0,-107.6,-142.57,-16.14,0.0,0.0,0.0,0.0,0.0,0.9112713090512792,32,37,37,36,36,18,-38,-50,-7,169,12.9,12.9,12.9,12.8,12.7,-999,-999,-999,0.0,0.0,0.0
19.290239334106445,0.2577098719222164,-0.0214758226601847,0.2454379732592537,1.1106068289981232,-0.579847211824987,-7.736705576044731,0.2623118339208274,-0.0306797466574067,0.2347000619291614,1.1090728416652529,-0.4880588599583302,-6.886039831742852,0.0,-107.6,-145.26,-16.14,0.0,0.0,0.0,0.0,0.0,0.9352521329736814,32,37,37,35,36,12,-38,-50,-7,175,12.9,12.9,12.8,12.8,12.7,-999,-999,-999,0.0,0.0,0.0
19.30722141265869,0.2592438592550868,-0.0214758226601847,0.2469719605921241,1.1106068289981232,-0.5629733511634133,-7.589624730884611,0.2623118339208274,-0.0306797466574067,0.2347000619291614,1.1090728416652529,-0.4665830372981455,-6.668494580860583,21.52,-104.91,-142.57,-16.14,0.0,0.0,0.0,0.0,0.0,0.9352521329736814,32,37,37,35,36,12,-38,-50,-7,169,12.9,12.9,12.8,12.8,12.6,-999,-999,-999,0.0,0.0,0.0
19.32417368888855,0.2592438592550868,-0.0214758226601847,0.2469719605921241,1.1106068289981232,-0.5460994905018396,-7.438441608012705,0.2623118339208274,-0.0306797466574067,0.2347000619291614,1.1090728416652529,-0.4665830372981455,-6.668494580860583,0.0,-104.91,-142.57,-16.14,0.0,0.023980823922402,0.0,0.0,0.0,0.9592329568960836,32,37,37,35,36,12,-38,-50,-7,169,12.9,12.9,12.8,12.8,12.7,-999,-999,-999,0.0,0.0,0.0
19.34116220474243,0.2607778465879571,-0.0214758226601847,0.2469719605921241,1.1106068289981232,-0.5276916425073956,-7.268745967660157,0.2638458212536978,-0.0306797466574067,0.2347000619291614,1.1090728416652529,-0.4451072146379608,-6.443607088696565,13.45,-107.6,-142.57,-16.14,2.69,0.023980823922402,0.0,0.0,0.0,0.9592329568960836,32,37,37,35,36,12,-38,-50,-7,169,12.9,12.9,12.9,12.8,12.7,-999,-999,-999,0.0,0.0,0.0
19.358240604400635,0.2623118339208274,-0.0214758226601847,0.2454379732592537,1.1106068289981232,-0.5108177818458219,-7.1087382082056605,0.2638458212536978,-0.032213733990277,0.233166074596291,1.1090728416652529,-0.4036895566504617,-5.988617403959175,-10.76,-104.91,-139.88,-16.14,5.38,0.0479616478448041,0.0,0.0,0.0,0.9592329568960836,32,37,37,36,36,6,-38,-44,-7,169,12.9,12.9,12.9,12.8,12.7,-999,-999,-999,0.0,0.0,0.0
19.375169038772583,0.2638458212536978,-0.0214758226601847,0.2469719605921241,1.1106068289981232,-0.4939439211842482,-6.944392503189622,0.2638458212536978,-0.032213733990277,0.233166074596291,1.1090728416652529,-0.4036895566504617,-5.988617403959175,0.0,-123.74,-174.85,-16.14,5.38,0.0479616478448041,0.0,0.0,0.0,0.9832137808184856,32,37,37,36,36,0,-44,-57,-7,169,12.9,12.9,12.8,12.8,12.7,-999,-999,-999,0.0,0.0,0.0
19.392204523086548,0.2638458212536978,-0.0214758226601847,0.2469719605921241,1.1106068289981232,-0.4770700605226745,-6.775633714305913,0.2638458212536978,-0.032213733990277,0.233166074596291,1.1090728416652529,-0.3806797466574066,-5.723434232056963,0.0,-126.43,-164.09,-16.14,2.69,0.0479616478448041,0.0,0.0,0.0,0.9832137808184856,32,37,37,36,36,0,-44,-57,-7,169,12.9,12.9,12.9,12.8,12.7,-999,-999,-999,0.0,0.0,0.0
19.409255981445312,0.2638458212536978,-0.0214758226601847,0.2469719605921241,1.1106068289981232,-0.4601961998611008,-6.602387654787253,0.2638458212536978,-0.032213733990277,0.233166074596291,1.1090728416652529,-0.3377281013370373,-5.204036006260275,0.0,-107.6,-172.16,-16.14,8.07,0.0479616478448041,0.0,0.0,0.0,0.9592329568960836,32,37,37,36,36,0,-38,-57,-7,169,12.9,12.9,12.9,12.8,12.6,-999,-999,-999,0.0,0.0,0.0
19.42621803283692,0.2638458212536978,-0.0214758226601847,0.2469719605921241,1.1106068289981232,-0.4448563265323974,-6.440935894635087,0.2638458212536978,-0.032213733990277,0.233166074596291,1.1090728416652529,-0.3377281013370373,-5.204036006260275,0.0,-129.12,-164.09,-16.14,0.0,0.023980823922402,0.0,0.0,0.0,0.9592329568960836,32,37,37,36,36,0,-44,-50,-7,169,12.9,12.9,12.9,12.8,12.7,-999,-999,-999,0.0,0.0,0.0
19.44321370124817,0.2638458212536978,-0.0214758226601847,0.2469719605921241,1.1106068289981232,-0.4279824658708237,-6.258921853066094,0.2653798085865681,-0.0306797466574067,0.233166074596291,1.1090728416652529,-0.2947764560166679,-4.652087334112525,0.0,-126.43,-126.43,-16.14,0.0,0.0,0.0,0.0,0.0,0.9592329568960836,32,37,37,36,36,0,-44,-44,-7,169,12.9,12.9,12.8,12.8,12.7,-999,-999,-999,0.0,0.0,0.0
19.460252285003666,0.2638458212536978,-0.0214758226601847,0.2469719605921241,1.1106068289981232,-0.4111086052092501,-6.072212666733352,0.2653798085865681,-0.0306797466574067,0.233166074596291,1.1090728416652529,-0.2947764560166679,-4.652087334112525,29.59,-104.91,-174.85,-16.14,0.0,0.0,0.0,0.0,0.0,0.9592329568960836,32,37,37,35,36,12,-38,-57,-13,169,12.9,12.9,12.9,12.8,12.7,-999,-999,-999,0.0,0.0,0.0
19.47722101211548,0.2623118339208274,-0.0214758226601847,0.2469719605921241,1.1106068289981232,-0.3942347445476764,-5.880740548133475,0.2653798085865681,-0.032213733990277,0.233166074596291,1.1090728416652529,-0.2733006333564832,-4.363654434751247,-16.14,-123.74,-169.47,-16.14,0.0,0.0,0.0,0.0,0.0,0.9832137808184856,32,37,37,35,36,6,-44,-57,-7,169,12.9,12.9,12.8,12.8,12.8,-999,-999,-999,0.0,0.0,0.0
19.494291305541992,0.2638458212536978,-0.0214758226601847,0.2469719605921241,1.1106068289981232,-0.3773608838861026,-5.684440100866956,0.2669137959194385,-0.0306797466574067,0.233166074596291,1.1090728416652529,-0.2349509500347247,-3.827619238664027,-2.69,-104.91,-166.78,-16.14,2.69,0.0,0.0,0.0,0.0,0.9832137808184856,32,37,37,35,36,6,-38,-57,-7,169,12.9,12.9,12.8,12.8,12.7,-999,-999,-999,0.0,0.0,0.0
19.51127481460572,0.2638458212536978,-0.0214758226601847,0.2469719605921241,1.1106068289981232,-0.3604870232245289,-5.48324865227438,0.2669137959194385,-0.032213733990277,0.233166074596291,1.1090728416652529,-0.2165431020402807,-3.5606870695085133,24.21,-102.22,-177.54,-16.14,8.07,0.0,0.0,0.0,0.0,0.9832137808184856,32,37,37,35,36,12,-38,-57,-7,169,12.9,12.9,12.8,12.8,12.7,-999,-999,-999,0.0,0.0,0.0
19.529204845428467,0.2653798085865681,-0.0214758226601847,0.2469719605921241,1.1106068289981232,-0.3420791752300849,-5.258118955331764,0.2684477832523088,-0.032213733990277,0.233166074596291,1.1090728416652529,-0.1981352540458367,-3.2874684421026616,0.0,-126.43,-169.47,-16.14,5.38,0.0,0.0,0.0,0.0,0.9832137808184856,32,37,37,35,36,12,-44,-57,-7,163,12.7,12.9,12.8,12.8,12.7,-999,-999,-999,0.0,0.0,0.0
19.546210765838623,0.2653798085865681,-0.0214758226601847,0.2469719605921241,1.1106068289981232,-0.3252053145685112,-5.046512288395293,0.2684477832523088,-0.032213733990277,0.233166074596291,1.1090728416652529,-0.1981352540458367,-3.2874684421026616,18.83,-123.74,-164.09,-16.14,5.38,0.023980823922402,0.0,0.0,0.0,0.9592329568960836,32,37,37,35,36,12,-44,-57,-7,169,12.9,12.9,12.8,12.8,12.7,-999,-999,-999,0.0,0.0,0.0
19.563152551651,0.2669137959194385,-0.0214758226601847,0.2469719605921241,1.1106068289981232,-0.3083314539069375,-4.829841865067238,0.2684477832523088,-0.032213733990277,0.233166074596291,1.1075388543323823,-0.1797274060513926,-3.0079481382155255,-10.76,-123.74,-169.47,0.0,5.38,0.023980823922402,0.0,0.0,0.0,0.9592329568960836,32,37,37,35,36,6,-44,-57,-13,175,13.0,12.9,12.8,12.7,12.7,-999,-999,-999,0.0,0.0,0.0
19.58017325401306,0.2669137959194385,-0.0214758226601847,0.2454379732592537,1.1106068289981232,-0.2914575932453638,-4.608059829274428,0.2684477832523088,-0.032213733990277,0.233166074596291,1.1075388543323823,-0.1643875327226893,-2.7701965519770986,-2.69,-126.43,-164.09,0.0,5.38,0.023980823922402,0.0,0.0,0.0,0.9592329568960836,32,37,37,35,36,6,-44,-57,-13,175,12.9,12.9,12.7,12.8,12.8,-999,-999,-999,0.0,0.0,0.0
19.59726190567017,0.2669137959194385,-0.0214758226601847,0.2469719605921241,1.1106068289981232,-0.2745837325837901,-4.381122881154033,0.2684477832523088,-0.032213733990277,0.233166074596291,1.1075388543323823,-0.1367757607310232,-2.331216430893613,0.0,-107.6,-174.85,-2.69,5.38,0.023980823922402,0.0,0.0,0.0,0.9592329568960836,32,37,37,35,36,6,-38,-57,0,169,12.9,12.9,12.8,12.8,12.8,-999,-999,-999,0.0,0.0,0.0
19.61429715156555,0.2669137959194385,-0.0214758226601847,0.2469719605921241,1.1090728416652529,-0.2561758845893461,-4.127631198736732,0.2684477832523088,-0.032213733990277,0.233166074596291,1.1075388543323823,-0.1367757607310232,-2.331216430893613,0.0,-123.74,-174.85,-10.76,0.0,0.023980823922402,0.0,0.0,0.0,0.9832137808184856,32,37,37,35,36,6,-44,-57,-7,169,12.9,12.8,12.8,12.8,12.8,-999,-999,-999,0.0,0.0,0.0
19.6311469078064,0.2669137959194385,-0.0214758226601847,0.2469719605921241,1.1090728416652529,-0.2423699985935131,-3.9334306719939103,0.2699817705851791,-0.032213733990277,0.233166074596291,1.1075388543323823,-0.1245038620680605,-2.1315748318247625,21.52,-126.43,-174.85,-16.14,0.0,0.0,0.0,0.0,0.0,0.9832137808184856,32,37,37,35,36,12,-44,-57,-7,169,12.9,12.9,12.8,12.8,12.8,-999,-999,-999,0.0,0.0,0.0
19.64823532104492,0.2669137959194385,-0.0214758226601847,0.2469719605921241,1.1106068289981232,-0.2254961379319394,-3.6912989447882434,0.2699817705851791,-0.032213733990277,0.233166074596291,1.1090728416652529,-0.1045620267407462,-1.801227616094702,-13.45,-126.43,-164.09,-16.14,0.0,0.0,0.0,0.0,0.0,0.9832137808184856,32,37,37,35,36,6,-44,-50,-7,163,12.9,12.8,12.8,12.7,12.6,-999,-999,-999,0.0,0.0,0.0
19.665290355682373,0.2684477832523088,-0.0214758226601847,0.2469719605921241,1.1090728416652529,-0.2086222772703657,-3.4438938094601204,0.2699817705851791,-0.032213733990277,0.233166074596291,1.1075388543323823,-0.0938241154106538,-1.620322100020534,0.0,-123.74,-164.09,-8.07,5.38,0.0,0.0,0.0,0.0,0.9832137808184856,32,37,37,35,36,6,-44,-50,0,169,12.9,12.9,12.8,12.8,12.7,-999,-999,-999,0.0,0.0,0.0
19.682207822799683,0.2684477832523088,-0.0214758226601847,0.2454379732592537,1.1090728416652529,-0.191748416608792,-3.1911997131197736,0.2699817705851791,-0.032213733990277,0.233166074596291,1.1075388543323823,-0.0846201914134318,-1.4635833632803616,0.0,-129.12,-166.78,-10.76,0.0,0.0,0.0,0.0,0.0,0.9832137808184856,32,37,37,35,36,6,-44,-50,-7,169,12.9,12.9,12.8,12.8,12.7,-999,-999,-999,0.0,0.0,0.0
19.699203491210938,0.2684477832523088,-0.0214758226601847,0.2469719605921241,1.1090728416652529,-0.1764085432800886,-2.956880637353814,0.2699817705851791,-0.032213733990277,0.233166074596291,1.1075388543323823,-0.0846201914134318,-1.4635833632803616,0.0,-126.43,-169.47,-13.45,8.07,0.0,0.0,0.0,0.0,0.9592329568960836,32,37,37,34,37,6,-44,-50,-7,169,12.9,12.9,12.8,12.8,12.7,-999,-999,-999,0.0,0.0,0.0
19.71614909172058,0.2684477832523088,-0.0214758226601847,0.2469719605921241,1.1090728416652529,-0.1595346826185149,-2.694070790930498,0.2699817705851791,-0.032213733990277,0.233166074596291,1.1075388543323823,-0.0769502547490801,-1.331790570434175,0.0,-123.74,-166.78,-16.14,2.69,0.0,0.0,0.0,0.0,0.9592329568960836,32,37,37,35,36,6,-44,-57,-7,169,12.9,12.9,12.8,12.8,12.7,-999,-999,-999,0.0,0.0,0.0
19.73315143585205,0.2684477832523088,-0.0214758226601847,0.2469719605921241,1.1090728416652529,-0.1411268346240709,-2.401330723286115,0.2699817705851791,-0.032213733990277,0.233166074596291,1.1075388543323823,-0.0692803180847285,-1.1989322894298444,-2.69,-126.43,-180.23,-16.14,2.69,0.0,0.0,0.0,0.0,0.9592329568960836,32,37,37,35,36,6,-44,-57,-7,169,12.9,12.8,12.8,12.7,12.7,-999,-999,-999,0.0,0.0,0.0
19.75115942955017,0.2684477832523088,-0.0214758226601847,0.2469719605921241,1.1090728416652529,-0.1227189866296268,-2.10230613566452,0.2715157579180495,-0.032213733990277,0.233166074596291,1.1075388543323823,-0.0570084194217658,-0.9841548749616041,-2.69,-123.74,-172.16,-10.76,0.0,0.0,0.0,0.0,0.0,0.9592329568960836,32,37,37,35,35,6,-44,-57,-7,169,12.9,12.9,12.8,12.8,12.7,-999,-999,-999,0.0,0.0,0.0
19.76822257041931,0.2684477832523088,-0.0214758226601847,0.2469719605921241,1.1090728416652529,-0.1058451259680531,-1.822703104025547,0.2730497452509198,-0.032213733990277,0.233166074596291,1.1075388543323823,-0.0524064574231548,-0.9029176214940433,-2.69,-126.43,-174.85,-16.14,0.0,0.0,0.0,0.0,0.0,0.9592329568960836,32,37,37,35,36,6,-44,-57,-7,163,12.9,12.9,12.8,12.8,12.7,-999,-999,-999,0.0,0.0,0.0
19.785154104232788,0.2684477832523088,-0.0214758226601847,0.2469719605921241,1.1090728416652529,-0.0889712653064794,-1.537872664091871,0.2730497452509198,-0.032213733990277,0.233166074596291,1.1075388543323823,-0.0524064574231548,-0.9029176214940433,18.83,-126.43,-177.54,-16.14,-18.83,0.0,0.0,0.0,0.0,0.9592329568960836,32,37,37,35,36,12,-44,-57,-7,157,12.9,12.9,12.8,12.8,12.7,-999,-999,-999,0.0,0.0,0.0
19.802172899246216,0.2715157579180495,-0.0214758226601847,0.2469719605921241,1.1090728416652529,-0.0751653793106464,-1.3009679981342457,0.2730497452509198,-0.032213733990277,0.233166074596291,1.1090728416652529,-0.0478044954245437,-0.8213027570341224,2.69,-126.43,-166.78,-5.38,0.0,0.0,0.0,0.0,0.0,0.9592329568960836,32,37,37,35,36,12,-44,-50,0,119,12.9,12.8,12.8,12.8,12.7,-999,-999,-999,0.0,0.0,0.0
19.819220542907715,0.2715157579180495,-0.0214758226601847,0.2469719605921241,1.1090728416652529,-0.0644274679805541,-1.1143232540172971,0.2730497452509198,-0.032213733990277,0.233166074596291,1.1090728416652529,-0.0447365207588031,-0.766683690783726,10.76,-126.43,-166.78,-8.07,-21.52,0.0,0.0,0.0,0.0,0.9112713090512792,32,37,37,35,36,12,-44,-50,0,88,12.9,13.0,12.9,12.8,12.7,-999,-999,-999,0.0,0.0,0.0
19.8363094329834,0.2715157579180495,-0.0214758226601847,0.2454379732592537,1.1090728416652529,-0.0567575313162024,-0.97973576441902,0.2745837325837901,-0.032213733990277,0.233166074596291,1.1075388543323823,-0.0416685460930624,-0.7118977524968977,21.52,-129.12,-166.78,-24.21,-16.14,0.0,0.0,0.0,0.0,0.839328837284073,32,37,37,35,36,12,-44,-50,-32,63,12.9,13.0,12.9,12.8,12.8,-999,-999,-999,0.0,0.0,0.0
19.853260278701782,0.2715157579180495,-0.0214758226601847,0.2469719605921241,1.1090728416652529,-0.0490875946518507,-0.8440961540277687,0.2745837325837901,-0.032213733990277,0.233166074596291,1.1075388543323823,-0.0401345587601921,-0.684442330786364,-61.87,-126.43,-169.47,-16.14,-8.07,0.0,0.0,0.0,0.0,0.6954438937496605,32,37,37,35,36,-57,-44,-57,-7,38,12.9,13.0,12.9,12.8,12.8,-999,-999,-999,0.0,0.0,0.0
19.87023115158081,0.2730497452509198,-0.0214758226601847,0.2469719605921241,1.1090728416652529,-0.0475536073189804,-0.8168424777345064,0.2745837325837901,-0.032213733990277,0.233166074596291,1.1075388543323823,-0.0401345587601921,-0.684442330786364,0.0,-123.74,-172.16,-16.14,-21.52,0.023980823922402,0.0,0.0,0.0,0.551558950215248,32,37,37,35,36,6,-44,-57,-7,32,12.9,12.9,12.9,12.8,12.8,-999,-999,-999,0.0,0.0,0.0
19.88718819618225,0.2730497452509198,-0.0214758226601847,0.2469719605921241,1.1090728416652529,-0.0444856326532397,-0.7622097505164613,0.2745837325837901,-0.032213733990277,0.233166074596291,1.1075388543323823,-0.0416685460930624,-0.7118977524968977,0.0,-126.43,-174.85,-16.14,-37.66,0.023980823922402,0.0,0.0,0.0,0.4076740066808355,32,37,37,36,36,6,-44,-57,-7,19,12.9,12.9,12.9,12.8,12.8,-999,-999,-999,0.0,0.0,0.0
19.90413403511048,0.2730497452509198,-0.0214758226601847,0.2469719605921241,1.1090728416652529,-0.0429516453203694,-0.7348307972192756,0.2745837325837901,-0.032213733990277,0.233166074596291,1.1075388543323823,-0.0416685460930624,-0.7118977524968977,-2.69,-126.43,-169.47,-16.14,-10.76,0.023980823922402,0.0,0.0,0.0,0.3117507109912271,32,37,37,35,35,6,-44,-57,-7,7,12.9,12.9,12.9,12.9,12.8,-999,-999,-999,0.0,0.0,0.0
19.92115044593811,0.2730497452509198,-0.0214758226601847,0.2469719605921241,1.1090728416652529,-0.0429516453203694,-0.7348307972192756,0.2745837325837901,-0.032213733990277,0.233166074596291,1.1075388543323823,-0.0416685460930624,-0.7118977524968977,-2.69,-123.74,-174.85,-16.14,8.07,0.0,0.0,0.0,0.0,0.1918465913792167,32,37,37,35,36,6,-44,-57,-7,0,12.9,12.9,12.9,12.9,12.8,-999,-999,-999,0.0,0.0,0.0
19.9381422996521,0.2730497452509198,-0.0214758226601847,0.2469719605921241,1.1090728416652529,-0.0429516453203694,-0.7348307972192756,0.2745837325837901,-0.032213733990277,0.2316320872634207,1.1075388543323823,-0.0416685460930624,-0.7118977524968977,2.69,-126.43,-180.23,-16.14,8.07,0.0,0.0,0.0,0.0,0.1199041196120104,32,37,37,35,36,12,-44,-57,-7,7,12.9,12.9,12.9,12.8,12.8,-999,-999,-999,0.0,0.0,0.0
19.95525884628296,0.2730497452509198,-0.0214758226601847,0.2469719605921241,1.1090728416652529,-0.0429516453203694,-0.7348307972192756,0.2745837325837901,-0.032213733990277,0.233166074596291,1.1075388543323823,-0.0416685460930624,-0.7118977524968977,2.69,-126.43,-177.54,-16.14,2.69,0.0,0.0,0.0,0.0,0.0719424717672062,32,37,37,35,36,6,-44,-57,-7,7,12.9,12.9,12.9,12.8,12.8,-999,-999,-999,0.0,0.0,0.0
19.973159074783325,0.2730497452509198,-0.0214758226601847,0.2469719605921241,1.1090728416652529,-0.0429516453203694,-0.7348307972192756,0.2745837325837901,-0.032213733990277,0.233166074596291,1.1075388543323823,-0.0401345587601921,-0.684442330786364,0.0,-126.43,-164.09,-16.14,8.07,0.0,0.0,0.0,0.0,0.023980823922402,32,37,37,35,36,6,-44,-50,-7,7,12.9,12.9,12.9,12.8,12.8,-999,-999,-999,0.0,0.0,0.0
19.990151166915894,0.2730497452509198,-0.0214758226601847,0.2469719605921241,1.1090728416652529,-0.0429516453203694,-0.7348307972192756,0.2745837325837901,-0.032213733990277,0.233166074596291,1.1075388543323823,-0.0401345587601921,-0.684442330786364,2.69,-121.05,-172.16,-13.45,0.0,0.0,0.0,0.0,0.0,0.0,32,37,37,35,36,12,-44,-57,-7,13,12.9,12.9,12.9,12.8,12.8,-999,-999,-999,0.0,0.0,0.0
20.00714492797852,0.2730497452509198,-0.0214758226601847,0.2469719605921241,1.1090728416652529,-0.041417657987499,-0.7074101835617754,0.2745837325837901,-0.032213733990277,0.233166074596291,1.1090728416652529,-0.0401345587601921,-0.684442330786364,0.0,-121.05,-164.09,-5.38,0.0,0.0,0.0,0.0,0.0,0.0,32,37,37,35,36,6,-44,-57,0,7,12.9,12.9,12.9,12.8,12.8,-999,-999,-999,0.0,0.0,0.0
20.02414321899414,0.2730497452509198,-0.0214758226601847,0.2469719605921241,1.1090728416652529,-0.041417657987499,-0.7074101835617754,0.2745837325837901,-0.0306797466574067,0.233166074596291,1.1075388543323823,-0.0416685460930624,-0.7118977524968977,-2.69,-107.6,-172.16,-13.45,0.0,0.0,0.0,0.0,0.0,0.0,32,37,37,35,36,6,-38,-57,-7,0,12.9,12.9,12.9,12.8,12.8,-999,-999,-999,0.0,0.0,0.0
20.04114985466004,0.2730497452509198,-0.0214758226601847,0.2454379732592537,1.1090728416652529,-0.041417657987499,-0.7074101835617754,0.2745837325837901,-0.032213733990277,0.233166074596291,1.1075388543323823,-0.0416685460930624,-0.7118977524968977,0.0,-126.43,-174.85,-13.45,0.0,0.0,0.0,0.0,0.0,0.0,32,37,37,35,36,6,-44,-57,-7,0,12.9,12.9,12.9,12.8,12.8,-999,-999,-999,0.0,0.0,0.0
20.05814027786255,0.2730497452509198,-0.023009809993055,0.2469719605921241,1.1090728416652529,-0.041417657987499,-0.7074101835617754,0.2745837325837901,-0.032213733990277,0.233166074596291,1.1075388543323823,-0.0416685460930624,-0.7118977524968977,0.0,-126.43,-169.47,-13.45,0.0,0.0,0.0,0.0,0.0,0.0,32,37,37,35,36,6,-44,-57,-7,0,12.9,13.0,12.9,12.8,12.8,-999,-999,-999,0.0,0.0,0.0
20.075218677520752,0.2730497452509198,-0.0214758226601847,0.2454379732592537,1.1090728416652529,-0.041417657987499,-0.7074101835617754,0.2745837325837901,-0.032213733990277,0.233166074596291,1.1075388543323823,-0.0416685460930624,-0.7118977524968977,0.0,-126.43,-174.85,-5.38,2.69,0.0,0.0,0.0,0.0,0.0,32,37,37,35,36,6,-44,-57,0,0,12.9,13.0,12.9,12.8,12.8,-999,-999,-999,0.0,0.0,0.0
20.09215211868286,0.2730497452509198,-0.0214758226601847,0.2454379732592537,1.1090728416652529,-0.041417657987499,-0.7074101835617754,0.2745837325837901,-0.032213733990277,0.233166074596291,1.1075388543323823,-0.0416685460930624,-0.7118977524968977,0.0,-126.43,-174.85,-10.76,2.69,0.0,0.0,0.0,0.0,0.0,32,38,37,35,36,6,-44,-57,-7,0,12.9,13.0,12.9,12.8,12.8,-999,-999,-999,0.0,0.0,0.0
20.10924077033997,0.2730497452509198,-0.0214758226601847,0.2469719605921241,1.1090728416652529,-0.041417657987499,-0.7074101835617754,0.2745837325837901,-0.032213733990277,0.2316320872634207,1.1075388543323823,-0.0401345587601921,-0.684442330786364,0.0,-123.74,-174.85,-16.14,2.69,0.0,0.0,0.0,0.0,0.0,32,38,37,35,36,6,-44,-57,-7,0,12.9,12.9,12.9,12.8,12.8,-999,-999,-999,0.0,0.0,0.0
20.12625002861023,0.2730497452509198,-0.0214758226601847,0.2469719605921241,1.1090728416652529,-0.041417657987499,-0.7074101835617754,0.2745837325837901,-0.032213733990277,0.2300980999305504,1.1075388543323823,-0.0401345587601921,-0.684442330786364,0.0,-121.05,-185.61,-16.14,2.69,0.0,0.0,0.0,0.0,0.0,32,37,37,35,36,6,-44,-63,-7,7,12.9,12.9,12.9,12.8,12.8,-999,-999,-999,0.0,0.0,0.0
20.14310836791992,0.2730497452509198,-0.0214758226601847,0.2469719605921241,1.1090728416652529,-0.041417657987499,-0.7074101835617754,0.2745837325837901,-0.032213733990277,0.2300980999305504,1.1075388543323823,-0.0401345587601921,-0.684442330786364,0.0,-123.74,-204.44,-16.14,2.69,0.0,0.0,0.0,0.0,0.0,32,37,37,35,36,6,-44,-69,-7,7,12.9,12.9,12.9,12.8,12.8,-999,-999,-999,0.0,0.0,0.0
20.160121202468872,0.2730497452509198,-0.0214758226601847,0.2469719605921241,1.1090728416652529,-0.041417657987499,-0.7074101835617754,0.2745837325837901,-0.032213733990277,0.22856411259768,1.1075388543323823,-0.0416685460930624,-0.7118977524968977,0.0,-126.43,-201.75,-16.14,2.69,0.0,0.0,0.0,0.0,0.0,32,37,37,36,36,6,-44,-69,-7,0,12.9,12.9,12.9,12.8,12.8,-999,-999,-999,0.0,0.0,0.0
20.17718482017517,0.2730497452509198,-0.0214758226601847,0.2454379732592537,1.1090728416652529,-0.041417657987499,-0.7074101835617754,0.2715157579180495,-0.032213733990277,0.2270301252648097,1.1090728416652529,-0.0401345587601921,-0.684442330786364,0.0,-129.12,-209.82,-16.14,2.69,0.0,0.0,0.0,0.0,0.0,32,38,37,36,36,6,-44,-75,-7,0,12.9,12.9,12.9,12.8,12.8,-999,-999,-999,0.0,0.0,0.0
20.194210052490234,0.2730497452509198,-0.0214758226601847,0.2454379732592537,1.1090728416652529,-0.041417657987499,-0.7074101835617754,0.2715157579180495,-0.032213733990277,0.2270301252648097,1.1090728416652529,-0.0401345587601921,-0.684442330786364,0.0,-126.43,-209.82,-5.38,2.69,0.0,0.0,0.0,0.0,0.0,32,37,37,35,36,-7,-44,-75,0,7,12.9,12.9,12.9,12.8,12.8,-999,-999,-999,0.0,0.0,0.0
20.21124196052552,0.2730497452509198,-0.0214758226601847,0.2454379732592537,1.1090728416652529,-0.041417657987499,-0.7074101835617754,0.2715157579180495,-0.032213733990277,0.2224281632661987,1.1075388543323823,-0.0416685460930624,-0.7118977524968977,0.0,-126.43,-244.79,-10.76,2.69,0.0,0.0,0.0,0.0,0.0,32,37,37,35,36,-7,-44,-88,-7,0,12.9,12.9,12.9,12.8,12.8,-999,-999,-999,0.0,0.0,0.0
20.228121042251587,0.2730497452509198,-0.0214758226601847,0.2454379732592537,1.1090728416652529,-0.041417657987499,-0.7074101835617754,0.2715157579180495,-0.032213733990277,0.2224281632661987,1.1075388543323823,-0.0416685460930624,-0.7118977524968977,0.0,-129.12,-223.27,-16.14,2.69,0.0,0.0,0.0,0.0,0.0,32,37,37,35,36,-7,-44,-88,-7,0,12.9,12.9,12.9,12.8,12.8,-999,-999,-999,0.0,0.0,0.0
20.245157480239868,0.2730497452509198,-0.0214758226601847,0.2423699985935131,1.1090728416652529,-0.041417657987499,-0.7074101835617754,0.2699817705851791,-0.0337477213231473,0.219360188600458,1.1075388543323823,-0.0416685460930624,-0.7118977524968977,0.0,-137.19,-234.03,-16.14,2.69,0.0,0.0,-0.023980823922402,0.0,0.0,32,37,37,35,36,-7,-50,-94,-7,0,12.9,12.9,12.9,12.8,12.8,-999,-999,-999,0.0,0.0,0.0
20.26213765144348,0.2715157579180495,-0.0214758226601847,0.2408360112606427,1.1090728416652529,-0.041417657987499,-0.7074101835617754,0.2684477832523088,-0.0337477213231473,0.214758226601847,1.1075388543323823,-0.0416685460930624,-0.7118977524968977,8.07,-137.19,-258.24,-13.45,2.69,0.0,0.0,-0.0479616478448041,0.0,0.0,32,37,37,35,36,-7,-50,-139,-7,0,12.9,12.9,12.9,12.8,12.7,-999,-999,-999,0.0,0.0,0.0
20.27912330627441,0.2715157579180495,-0.0214758226601847,0.2377680365949021,1.1090728416652529,-0.041417657987499,-0.7074101835617754,0.2669137959194385,-0.0337477213231473,0.2116902519361063,1.1075388543323823,-0.0401345587601921,-0.684442330786364,40.35,-139.88,-231.34,-13.45,2.69,0.0,0.0,-0.0719424717672062,0.0,0.0,32,37,37,35,36,-13,-50,-107,-7,7,12.9,12.9,12.8,12.8,12.8,-999,-999,-999,0.0,0.0,0.0
20.296262502670288,0.2715157579180495,-0.0214758226601847,0.2347000619291614,1.1090728416652529,-0.041417657987499,-0.7074101835617754,0.2623118339208274,-0.0352817086560177,0.2024863279388843,1.1075388543323823,-0.0416685460930624,-0.7118977524968977,0.0,-169.47,-234.03,-13.45,2.69,0.0,0.0,-0.0959232956896083,0.0,0.0,32,37,37,35,36,-25,-57,-113,-7,0,12.9,12.5,12.8,12.8,12.8,-999,-999,-999,0.0,0.0,0.0
20.313197135925293,0.2684477832523088,-0.0214758226601847,0.2316320872634207,1.1090728416652529,-0.041417657987499,-0.7074101835617754,0.2592438592550868,-0.0352817086560177,0.1978843659402733,1.1090728416652529,-0.0416685460930624,-0.7118977524968977,16.14,-164.09,-252.86,-13.45,2.69,0.0,0.0,-0.1199041196120104,0.0,0.0,32,37,37,35,36,-25,-57,-151,-7,0,12.9,12.9,12.8,12.8,12.8,-999,-999,-999,0.0,0.0,0.0
20.33026146888733,0.2669137959194385,-0.0214758226601847,0.2270301252648097,1.1090728416652529,-0.041417657987499,-0.7074101835617754,0.2577098719222164,-0.0352817086560177,0.191748416608792,1.1075388543323823,-0.0416685460930624,-0.7118977524968977,5.38,-166.78,-239.41,-5.38,2.69,-0.023980823922402,0.0,-0.1678657674568146,0.0,0.0,32,37,37,35,36,-32,-57,-119,0,0,12.9,12.9,12.8,12.8,12.7,-999,-999,-999,0.0,0.0,0.0
20.347123861312863,0.2638458212536978,-0.0214758226601847,0.223962150599069,1.1090728416652529,-0.041417657987499,-0.7074101835617754,0.2577098719222164,-0.0352817086560177,0.191748416608792,1.1075388543323823,-0.0416685460930624,-0.7118977524968977,5.38,-166.78,-263.62,-10.76,2.69,-0.0479616478448041,0.0,-0.1918465913792167,0.0,0.0,32,37,37,35,36,-25,-57,-157,-7,0,12.9,12.9,12.8,12.8,12.8,-999,-999,-999,0.0,0.0,0.0
20.36417841911316,0.2607778465879571,-0.0214758226601847,0.2178262012675877,1.1090728416652529,-0.041417657987499,-0.7074101835617754,0.2531079099236054,-0.036815695988888,0.1810105052786996,1.1075388543323823,-0.0416685460930624,-0.7118977524968977,34.97,-169.47,-231.34,-13.45,2.69,-0.0719424717672062,0.0,-0.2158274153016187,0.0,0.0,32,37,36,35,36,-19,-57,-125,-7,0,13.0,12.9,12.8,12.8,12.8,-999,-999,-999,0.0,0.0,0.0
20.381266593933105,0.2577098719222164,-0.0214758226601847,0.2132242392689767,1.1090728416652529,-0.041417657987499,-0.7074101835617754,0.2515739225907351,-0.0383496833217584,0.1748745559472183,1.1075388543323823,-0.0416685460930624,-0.7118977524968977,24.21,-182.92,-225.96,-13.45,2.69,-0.1199041196120104,0.0,-0.2398082392240208,0.0,0.0,32,37,36,36,36,-19,-63,-132,-7,0,13.0,12.9,12.8,12.8,12.7,-999,-999,-999,0.0,0.0,0.0
20.39812660217285,0.2531079099236054,-0.0214758226601847,0.2086222772703657,1.1090728416652529,-0.041417657987499,-0.7074101835617754,0.2515739225907351,-0.0383496833217584,0.1748745559472183,1.1075388543323823,-0.0416685460930624,-0.7118977524968977,13.45,-201.75,-250.17,-16.14,2.69,-0.1438849435344125,0.0,-0.263789063146423,0.0,0.0,32,37,36,36,36,-19,-69,-164,-7,0,12.9,12.9,12.8,12.8,12.7,-999,-999,-999,0.0,0.0,0.0
20.415231943130493,0.2500399352578648,-0.0214758226601847,0.2024863279388843,1.1090728416652529,-0.041417657987499,-0.7074101835617754,0.2469719605921241,-0.0398836706546287,0.1610686699513852,1.1090728416652529,-0.0416685460930624,-0.7118977524968977,18.83,-204.44,-215.2,-16.14,2.69,-0.1678657674568146,0.0,-0.263789063146423,0.0,0.0,32,37,36,36,36,-7,-69,-132,-7,0,12.9,12.9,12.8,12.8,12.7,-999,-999,-999,0.0,0.0,0.0
20.432239532470703,0.2485059479249944,-0.0214758226601847,0.196350378607403,1.1090728416652529,-0.041417657987499,-0.7074101835617754,0.2469719605921241,-0.0398836706546287,0.1610686699513852,1.1090728416652529,-0.0416685460930624,-0.7118977524968977,0.0,-220.58,-209.82,-5.38,2.69,-0.1918465913792167,0.0,-0.287769887068825,0.0,0.0,31,37,36,36,36,-7,-75,-132,0,0,12.9,12.9,12.8,12.8,12.7,-999,-999,-999,0.0,0.0,0.0
20.44918322563172,0.2469719605921241,-0.0214758226601847,0.1902144292759216,1.1090728416652529,-0.041417657987499,-0.7074101835617754,0.2408360112606427,-0.0429516453203694,0.1487967712884225,1.1090728416652529,-0.0416685460930624,-0.7118977524968977,-8.07,-242.1,-204.44,-13.45,2.69,-0.1678657674568146,0.0,-0.3117507109912271,0.0,0.0,32,37,37,36,36,-13,-82,-132,-7,0,12.9,12.9,12.8,12.8,12.7,-999,-999,-999,0.0,0.0,0.0
20.46613311767578,0.2439039859263834,-0.0214758226601847,0.1840784799444403,1.1090728416652529,-0.041417657987499,-0.7074101835617754,0.2408360112606427,-0.0429516453203694,0.1487967712884225,1.1090728416652529,-0.0416685460930624,-0.7118977524968977,53.8,-260.93,-236.72,-5.38,2.69,-0.1438849435344125,0.0,-0.3357315349136292,0.0,0.0,32,37,37,36,36,-13,-88,-170,0,0,12.9,12.9,12.8,12.8,12.7,-999,-999,-999,0.0,0.0,0.0
20.48312401771545,0.2423699985935131,-0.0214758226601847,0.1764085432800886,1.1090728416652529,-0.041417657987499,-0.7074101835617754,0.2377680365949021,-0.0444856326532397,0.1426608219569412,1.1075388543323823,-0.0416685460930624,-0.7118977524968977,18.83,-279.76,-209.82,-13.45,2.69,-0.1199041196120104,0.0,-0.3597123588360313,0.0,0.0,32,37,37,36,36,-19,-94,-132,-7,0,12.9,12.9,12.8,12.8,12.7,-999,-999,-999,0.0,0.0,0.0
20.500232696533203,0.2408360112606427,-0.0214758226601847,0.1702725939486073,1.1090728416652529,-0.041417657987499,-0.7074101835617754,0.2347000619291614,-0.04601961998611,0.1303889232939785,1.1075388543323823,-0.0416685460930624,-0.7118977524968977,5.38,-295.9,-231.34,-5.38,2.69,-0.0959232956896083,0.0,-0.3597123588360313,0.0,0.0,32,37,37,36,36,-25,-100,-125,0,0,12.9,12.9,12.8,12.8,12.7,-999,-999,-999,0.0,0.0,0.0
20.51711845397949,0.2408360112606427,-0.0214758226601847,0.1656706319499963,1.1090728416652529,-0.041417657987499,-0.7074101835617754,0.2347000619291614,-0.04601961998611,0.1303889232939785,1.1075388543323823,-0.0416685460930624,-0.7118977524968977,10.76,-298.59,-223.27,-13.45,2.69,-0.0959232956896083,0.0,-0.3597123588360313,0.0,0.0,32,37,37,36,36,-25,-100,-164,-7,0,12.8,12.8,12.8,12.8,12.7,-999,-999,-999,0.0,0.0,0.0
20.53412675857544,0.2393020239277724,-0.0214758226601847,0.1595346826185149,1.1090728416652529,-0.041417657987499,-0.7074101835617754,0.233166074596291,-0.0475536073189804,0.1242529739624972,1.1075388543323823,-0.0416685460930624,-0.7118977524968977,21.52,-320.11,-215.2,-16.14,2.69,-0.0719424717672062,0.0,-0.3597123588360313,0.0,0.0,32,37,37,36,36,-25,-107,-132,-7,0,13.0,12.9,12.8,12.8,12.7,-999,-999,-999,0.0,0.0,0.0
20.55117702484131,0.2377680365949021,-0.0214758226601847,0.1533987332870336,1.1090728416652529,-0.041417657987499,-0.7074101835617754,0.22856411259768,-0.0475536073189804,0.1104470879666641,1.1075388543323823,-0.0416685460930624,-0.7118977524968977,13.45,-317.42,-215.2,-16.14,0.0,-0.0719424717672062,0.0,-0.3357315349136292,0.0,0.0,32,37,37,36,36,-25,-107,-125,-7,0,12.9,12.8,12.8,12.8,12.7,-999,-999,-999,0.0,0.0,0.0
20.568153619766235,0.2347000619291614,-0.0214758226601847,0.1457287966226819,1.1090728416652529,-0.041417657987499,-0.7074101835617754,0.2270301252648097,-0.0490875946518507,0.1058451259680531,1.1075388543323823,-0.0416685460930624,-0.7118977524968977,8.07,-314.73,-212.51,-16.14,0.0,-0.0719424717672062,0.0,-0.3357315349136292,0.0,0.0,32,37,37,36,36,-32,-107,-132,-7,0,12.9,12.9,12.7,12.8,12.7,-999,-999,-999,0.0,0.0,0.0
20.58513832092285,0.233166074596291,-0.0214758226601847,0.1395928472912005,1.1090728416652529,-0.041417657987499,-0.7074101835617754,0.2270301252648097,-0.0490875946518507,0.1058451259680531,1.1075388543323823,-0.0416685460930624,-0.7118977524968977,45.73,-330.87,-223.27,-16.14,0.0,-0.0959232956896083,0.0,-0.3357315349136292,0.0,0.0,32,37,37,36,36,43,-113,-132,-7,0,12.9,12.9,12.9,12.8,12.7,-999,-999,-999,0.0,0.0,0.0
20.602214813232425,0.2300980999305504,-0.0214758226601847,0.1334568979597192,1.1090728416652529,-0.041417657987499,-0.7074101835617754,0.223962150599069,-0.0490875946518507,0.0951072146379608,1.1075388543323823,-0.0416685460930624,-0.7118977524968977,18.83,-336.25,-250.17,-16.14,0.0,-0.1199041196120104,0.0,-0.3357315349136292,0.0,0.0,32,37,37,36,36,-19,-113,-132,-7,0,12.9,12.9,12.8,12.8,12.7,-999,-999,-999,0.0,0.0,0.0
20.61919665336609,0.2270301252648097,-0.0214758226601847,0.1273209486282379,1.1090728416652529,-0.041417657987499,-0.7074101835617754,0.223962150599069,-0.0490875946518507,0.0951072146379608,1.1075388543323823,-0.0416685460930624,-0.7118977524968977,48.42,-336.25,-252.86,-16.14,0.0,-0.1199041196120104,0.0,-0.3357315349136292,0.0,0.0,32,37,37,36,36,-13,-113,-170,-7,0,12.9,12.9,12.8,12.8,12.7,-999,-999,-999,0.0,0.0,0.0
20.636205434799194,0.223962150599069,-0.0214758226601847,0.1227189866296268,1.1090728416652529,-0.041417657987499,-0.7074101835617754,0.2208941759333283,-0.0490875946518507,0.0843693033078684,1.1075388543323823,-0.0416685460930624,-0.7118977524968977,13.45,-320.11,-209.82,-16.14,0.0,-0.1438849435344125,0.0,-0.3357315349136292,0.0,0.0,32,37,37,36,36,-7,-107,-132,-7,0,12.9,12.9,12.8,12.8,12.7,-999,-999,-999,0.0,0.0,0.0
20.653137922286987,0.219360188600458,-0.023009809993055,0.1165830372981455,1.1090728416652529,-0.041417657987499,-0.7074101835617754,0.2208941759333283,-0.0490875946518507,0.0843693033078684,1.1075388543323823,-0.0416685460930624,-0.7118977524968977,0.0,-325.49,-266.31,-16.14,0.0,-0.1438849435344125,0.0,-0.3357315349136292,0.0,0.0,32,37,37,36,36,6,-113,-170,-7,0,12.9,12.8,12.9,12.8,12.7,-999,-999,-999,0.0,0.0,0.0
20.6702048778534,0.2178262012675877,-0.023009809993055,0.1119810752995345,1.1090728416652529,-0.041417657987499,-0.7074101835617754,0.2162922139347173,-0.0490875946518507,0.0751653793106464,1.1075388543323823,-0.0416685460930624,-0.7118977524968977,0.0,-301.28,-244.79,-16.14,0.0,-0.1438849435344125,0.0,-0.3357315349136292,0.0,0.0,32,37,37,36,36,0,-107,-164,-7,0,12.9,12.9,12.9,12.8,12.7,-999,-999,-999,0.0,0.0,0.0
20.68717885017395,0.2162922139347173,-0.023009809993055,0.1058451259680531,1.1090728416652529,-0.041417657987499,-0.7074101835617754,0.2132242392689767,-0.0490875946518507,0.0690294299791651,1.1090728416652529,-0.0416685460930624,-0.7118977524968977,0.0,-314.73,-209.82,-16.14,0.0,-0.1438849435344125,0.0,-0.3357315349136292,0.0,0.0,32,38,37,36,36,0,-107,-125,-7,0,12.9,12.8,12.9,12.8,12.8,-999,-999,-999,0.0,0.0,0.0
20.704115629196167,0.214758226601847,-0.023009809993055,0.1012431639694421,1.1090728416652529,-0.041417657987499,-0.7074101835617754,0.2132242392689767,-0.0490875946518507,0.0690294299791651,1.1090728416652529,-0.0416685460930624,-0.7118977524968977,21.52,-314.73,-242.1,-5.38,0.0,-0.1199041196120104,0.0,-0.3117507109912271,0.0,0.0,32,38,37,35,36,-13,-107,-132,0,0,12.9,12.9,12.8,12.8,12.8,-999,-999,-999,0.0,0.0,0.0
20.72123956680298,0.214758226601847,-0.023009809993055,0.0966412019708311,1.1090728416652529,-0.041417657987499,-0.7074101835617754,0.210156264603236,-0.0490875946518507,0.0598255059819431,1.1075388543323823,-0.0416685460930624,-0.7118977524968977,40.35,-312.04,-244.79,-16.14,0.0,-0.0959232956896083,0.0,-0.3117507109912271,0.0,0.0,32,37,37,35,36,-13,-107,-132,-7,0,12.9,12.9,12.8,12.8,12.8,-999,-999,-999,0.0,0.0,0.0
20.73811745643616,0.214758226601847,-0.023009809993055,0.0905052526393498,1.1090728416652529,-0.041417657987499,-0.7074101835617754,0.210156264603236,-0.0490875946518507,0.0598255059819431,1.1075388543323823,-0.0416685460930624,-0.7118977524968977,21.52,-312.04,-236.72,-16.14,0.0,-0.0479616478448041,0.0,-0.3117507109912271,0.0,0.0,32,37,37,35,36,-19,-107,-132,-7,0,12.8,12.9,12.8,12.8,12.8,-999,-999,-999,0.0,0.0,0.0
20.75523018836975,0.214758226601847,-0.023009809993055,0.0859032906407388,1.1090728416652529,-0.041417657987499,-0.7074101835617754,0.205554302604625,-0.0490875946518507,0.050621581984721,1.1075388543323823,-0.0416685460930624,-0.7118977524968977,13.45,-309.35,-266.31,-16.14,0.0,-0.023980823922402,0.0,-0.287769887068825,0.0,0.0,32,37,37,35,36,-32,-107,-132,-7,0,12.9,12.8,12.8,12.8,12.8,-999,-999,-999,0.0,0.0,0.0
20.77313995361328,0.2132242392689767,-0.023009809993055,0.0813013286421278,1.1090728416652529,-0.041417657987499,-0.7074101835617754,0.2024863279388843,-0.0490875946518507,0.0444856326532397,1.1075388543323823,-0.0416685460930624,-0.7118977524968977,18.83,-303.97,-223.27,-16.14,0.0,-0.023980823922402,0.0,-0.287769887068825,0.0,0.0,32,37,37,35,36,-32,-107,-132,-13,0,12.9,12.9,12.8,12.8,12.8,-999,-999,-999,0.0,0.0,0.0
20.790258169174194,0.210156264603236,-0.0245437973259253,0.0751653793106464,1.1090728416652529,-0.041417657987499,-0.7074101835617754,0.200952340606014,-0.0490875946518507,0.0398836706546287,1.1075388543323823,-0.0416685460930624,-0.7118977524968977,0.0,-287.83,-228.65,-16.14,0.0,-0.023980823922402,0.0,-0.287769887068825,0.0,0.0,32,37,37,35,36,-32,-100,-125,-7,0,12.9,12.8,12.8,12.8,12.8,-999,-999,-999,0.0,0.0,0.0
20.807136297225952,0.2086222772703657,-0.0245437973259253,0.0720974046449058,1.1090728416652529,-0.041417657987499,-0.7074101835617754,0.200952340606014,-0.0490875946518507,0.0398836706546287,1.1075388543323823,-0.0416685460930624,-0.7118977524968977,0.0,-295.9,-212.51,-16.14,0.0,-0.0479616478448041,0.0,-0.287769887068825,0.0,0.0,32,37,37,35,36,-25,-100,-132,-7,0,12.9,12.9,12.8,12.8,12.8,-999,-999,-999,0.0,0.0,0.0
20.826128244400024,0.2040203152717546,-0.0245437973259253,0.0659614553134244,1.1090728416652529,-0.041417657987499,-0.7074101835617754,0.196350378607403,-0.0490875946518507,0.0306797466574067,1.1090728416652529,-0.0416685460930624,-0.7118977524968977,29.59,-298.59,-234.03,-16.14,0.0,-0.0959232956896083,0.0,-0.287769887068825,0.0,0.0,32,37,37,35,36,-19,-100,-125,-7,0,12.9,12.9,12.8,12.8,12.8,-999,-999,-999,0.0,0.0,0.0
20.843180894851685,0.1994183532731436,-0.0245437973259253,0.0613594933148134,1.1090728416652529,-0.041417657987499,-0.7074101835617754,0.196350378607403,-0.0490875946518507,0.0306797466574067,1.1090728416652529,-0.0416685460930624,-0.7118977524968977,18.83,-303.97,-228.65,-5.38,0.0,-0.1438849435344125,0.0,-0.287769887068825,0.0,0.0,32,37,37,35,36,-19,-100,-125,0,0,12.9,12.9,12.8,12.8,12.8,-999,-999,-999,0.0,0.0,0.0
20.860246419906616,0.1948163912745326,-0.0245437973259253,0.055223543983332,1.1090728416652529,-0.041417657987499,-0.7074101835617754,0.1902144292759216,-0.0490875946518507,0.0214758226601847,1.1075388543323823,-0.0416685460930624,-0.7118977524968977,24.21,-295.9,-252.86,-13.45,0.0,-0.1678657674568146,0.0,-0.287769887068825,0.0,0.0,32,37,37,35,36,-7,-100,-157,-7,0,12.9,12.9,12.9,12.8,12.8,-999,-999,-999,0.0,0.0,0.0
20.87719750404358,0.191748416608792,-0.0245437973259253,0.0521555693175914,1.1090728416652529,-0.041417657987499,-0.7074101835617754,0.1871464546101809,-0.0490875946518507,0.0168738606615736,1.1075388543323823,-0.0416685460930624,-0.7118977524968977,21.52,-295.9,-228.65,-16.14,0.0,-0.1918465913792167,0.0,-0.287769887068825,0.0,0.0,32,37,37,35,36,-7,-100,-125,-7,0,12.9,12.9,12.7,12.8,12.8,-999,-999,-999,0.0,0.0,0.0
20.894145250320435,0.1902144292759216,-0.0245437973259253,0.0475536073189804,1.1090728416652529,-0.041417657987499,-0.7074101835617754,0.1871464546101809,-0.0490875946518507,0.0168738606615736,1.1075388543323823,-0.0416685460930624,-0.7118977524968977,24.21,-295.9,-271.69,-16.14,0.0,-0.2158274153016187,0.0,-0.287769887068825,0.0,0.0,32,37,37,35,36,-19,-100,-164,-7,0,12.9,12.9,12.8,12.8,12.8,-999,-999,-999,0.0,0.0,0.0
20.91122269630432,0.1871464546101809,-0.0245437973259253,0.0429516453203694,1.1090728416652529,-0.041417657987499,-0.7074101835617754,0.18254449261157,-0.0475536073189804,0.009203923997222,1.1075388543323823,-0.0416685460930624,-0.7118977524968977,45.73,-295.9,-263.62,-13.45,0.0,-0.1918465913792167,0.0,-0.263789063146423,0.0,0.0,32,37,37,35,36,-13,-100,-164,-13,0,12.9,12.9,12.8,12.8,12.7,-999,-999,-999,0.0,0.0,0.0
20.92806649208069,0.1856124672773106,-0.0245437973259253,0.036815695988888,1.1090728416652529,-0.041417657987499,-0.7074101835617754,0.18254449261157,-0.0475536073189804,0.009203923997222,1.1075388543323823,-0.0416685460930624,-0.7118977524968977,48.42,-269.0,-228.65,-16.14,0.0,-0.1678657674568146,0.0,-0.263789063146423,0.0,0.0,32,37,37,35,36,-13,-94,-125,-7,0,13.0,12.8,12.8,12.8,12.7,-999,-999,-999,0.0,0.0,0.0
20.94522500038147,0.1840784799444403,-0.0245437973259253,0.0337477213231473,1.1090728416652529,-0.041417657987499,-0.7074101835617754,0.1764085432800886,-0.0490875946518507,0.0015339873328703,1.1075388543323823,-0.0416685460930624,-0.7118977524968977,-2.69,-322.8,-250.17,-16.14,0.0,-0.1438849435344125,0.0,-0.263789063146423,0.0,0.0,32,37,37,35,36,-19,-100,-125,-7,0,13.0,12.9,12.8,12.8,12.7,-999,-999,-999,0.0,0.0,0.0
20.962095737457275,0.1840784799444403,-0.0245437973259253,0.027611771991666,1.1090728416652529,-0.041417657987499,-0.7074101835617754,0.1764085432800886,-0.0490875946518507,0.0015339873328703,1.1075388543323823,-0.0416685460930624,-0.7118977524968977,16.14,-298.59,-215.2,-26.9,0.0,-0.0959232956896083,0.0,-0.263789063146423,0.0,0.0,32,37,37,35,36,-25,-100,-113,-7,0,12.9,12.9,12.8,12.8,12.7,-999,-999,-999,0.0,0.0,0.0
20.97905731201172,0.18254449261157,-0.0245437973259253,0.0245437973259253,1.1090728416652529,-0.041417657987499,-0.7074101835617754,0.1733405686143479,-0.0490875946518507,-0.0030679746657406,1.1075388543323823,-0.0416685460930624,-0.7118977524968977,0.0,-295.9,-234.03,-16.14,0.0,-0.0719424717672062,0.0,-0.263789063146423,0.0,0.0,32,37,37,35,36,-38,-100,-119,-7,0,13.0,12.9,12.8,12.8,12.7,-999,-999,-999,0.0,0.0,0.0
20.99620008468628,0.1810105052786996,-0.0245437973259253,0.0214758226601847,1.1090728416652529,-0.041417657987499,-0.7074101835617754,0.1687386066157369,-0.0490875946518507,-0.0107379113300923,1.1075388543323823,-0.0416685460930624,-0.7118977524968977,0.0,-298.59,-263.62,-16.14,0.0,-0.0719424717672062,0.0,-0.2398082392240208,0.0,0.0,32,37,37,35,36,-44,-100,-119,-7,0,12.9,12.9,12.8,12.8,12.7,-999,-999,-999,0.0,0.0,0.0
21.01311993598938,0.1764085432800886,-0.0245437973259253,0.0168738606615736,1.1090728416652529,-0.041417657987499,-0.7074101835617754,0.1687386066157369,-0.0490875946518507,-0.0107379113300923,1.1075388543323823,-0.0416685460930624,-0.7118977524968977,34.97,-295.9,-225.96,-18.83,0.0,-0.0719424717672062,0.0,-0.2398082392240208,0.0,0.0,32,37,37,35,36,-32,-100,-113,-7,0,12.9,12.9,12.8,12.8,12.7,-999,-999,-999,0.0,0.0,0.0
21.030080556869507,0.1733405686143479,-0.0245437973259253,0.013805885995833,1.1090728416652529,-0.041417657987499,-0.7074101835617754,0.1656706319499963,-0.0475536073189804,-0.013805885995833,1.1075388543323823,-0.0416685460930624,-0.7118977524968977,0.0,-266.31,-225.96,-16.14,0.0,-0.0959232956896083,0.0,-0.2398082392240208,0.0,0.0,32,37,37,35,36,-32,-94,-113,-7,0,12.9,12.9,12.8,12.8,12.7,-999,-999,-999,0.0,0.0,0.0
21.04719114303589,0.1702725939486073,-0.0245437973259253,0.0107379113300923,1.1090728416652529,-0.041417657987499,-0.7074101835617754,0.1595346826185149,-0.0490875946518507,-0.0199418353273143,1.1075388543323823,-0.0416685460930624,-0.7118977524968977,0.0,-309.35,-225.96,-16.14,0.0,-0.1438849435344125,0.0,-0.2158274153016187,0.0,0.0,32,37,37,35,36,-38,-100,-113,-7,0,13.0,12.9,12.8,12.8,12.8,-999,-999,-999,0.0,0.0,0.0
21.064105987548828,0.1656706319499963,-0.0245437973259253,0.0076699366643516,1.1090728416652529,-0.041417657987499,-0.7074101835617754,0.1595346826185149,-0.0490875946518507,-0.0199418353273143,1.1075388543323823,-0.0416685460930624,-0.7118977524968977,26.9,-298.59,-247.48,-16.14,0.0,-0.1678657674568146,0.0,-0.2158274153016187,0.0,0.0,32,37,37,35,36,-25,-100,-113,-7,0,13.0,12.9,12.9,12.8,12.8,-999,-999,-999,0.0,0.0,0.0
21.08108139038086,0.1595346826185149,-0.0245437973259253,0.004601961998611,1.1090728416652529,-0.041417657987499,-0.7074101835617754,0.1564667079527743,-0.0475536073189804,-0.0245437973259253,1.1075388543323823,-0.0416685460930624,-0.7118977524968977,24.21,-271.69,-287.83,-16.14,0.0,-0.2158274153016187,0.0,-0.1918465913792167,0.0,0.0,32,37,37,36,36,-13,-94,-119,-13,0,13.0,12.9,12.8,12.8,12.8,-999,-999,-999,0.0,0.0,0.0
21.098094940185547,0.1549327206199039,-0.0245437973259253,0.0015339873328703,1.1090728416652529,-0.041417657987499,-0.7074101835617754,0.1533987332870336,-0.0490875946518507,-0.027611771991666,1.1075388543323823,-0.0416685460930624,-0.7118977524968977,40.35,-303.97,-234.03,-16.14,0.0,-0.2398082392240208,0.0,-0.1918465913792167,0.0,0.0,32,37,37,36,36,-13,-100,-119,-7,0,12.4,12.9,12.8,12.8,12.8,-999,-999,-999,0.0,0.0,0.0
21.115086793899536,0.1518647459541632,-0.0245437973259253,-0.0030679746657406,1.1090728416652529,-0.041417657987499,-0.7074101835617754,0.1503307586212929,-0.0490875946518507,-0.0306797466574067,1.1090728416652529,-0.0416685460930624,-0.7118977524968977,-8.07,-295.9,-244.79,-5.38,0.0,-0.2398082392240208,0.0,-0.1918465913792167,0.0,0.0,32,37,37,36,36,-82,-100,-113,0,0,12.9,12.9,12.8,12.8,12.8,-999,-999,-999,0.0,0.0,0.0
21.132095098495483,0.1503307586212929,-0.0245437973259253,-0.0061359493314813,1.1090728416652529,-0.041417657987499,-0.7074101835617754,0.1472627839555522,-0.0475536073189804,-0.036815695988888,1.1075388543323823,-0.0416685460930624,-0.7118977524968977,59.18,-271.69,-225.96,-18.83,0.0,-0.2398082392240208,0.0,-0.1918465913792167,0.0,0.0,32,37,37,35,36,-13,-94,-113,-7,0,12.9,12.9,12.9,12.8,12.8,-999,-999,-999,0.0,0.0,0.0
21.14911651611328,0.1487967712884225,-0.0245437973259253,-0.009203923997222,1.1106068289981232,-0.041417657987499,-0.7074101835617754,0.1441948092898116,-0.0475536073189804,-0.0398836706546287,1.1075388543323823,-0.0416685460930624,-0.7118977524968977,13.45,-277.07,-234.03,-16.14,2.69,-0.1918465913792167,0.0,-0.1918465913792167,0.0,0.0,32,37,37,35,36,-7,-94,-113,-7,0,12.9,12.9,12.9,12.8,12.8,-999,-999,-999,0.0,0.0,0.0
21.16606378555298,0.1472627839555522,-0.0245437973259253,-0.013805885995833,1.1090728416652529,-0.041417657987499,-0.7074101835617754,0.1441948092898116,-0.0475536073189804,-0.0398836706546287,1.1075388543323823,-0.0416685460930624,-0.7118977524968977,43.04,-279.76,-247.48,-16.14,2.69,-0.1438849435344125,0.0,-0.1918465913792167,0.0,0.0,31,37,37,35,36,-13,-94,-107,-13,0,12.9,12.9,12.8,12.8,12.8,-999,-999,-999,0.0,0.0,0.0
21.183119297027588,0.1472627839555522,-0.0245437973259253,-0.0168738606615736,1.1090728416652529,-0.041417657987499,-0.7074101835617754,0.1380588599583302,-0.04601961998611,-0.04601961998611,1.1075388543323823,-0.0416685460930624,-0.7118977524968977,10.76,-279.76,-220.58,-16.14,2.69,-0.0959232956896083,0.0,-0.1918465913792167,0.0,0.0,32,37,37,35,36,-19,-94,-107,-13,0,12.9,12.9,12.8,12.8,12.8,-999,-999,-999,0.0,0.0,0.0
21.2010657787323,0.1472627839555522,-0.0245437973259253,-0.0199418353273143,1.1090728416652529,-0.041417657987499,-0.7074101835617754,0.1349908852925895,-0.04601961998611,-0.050621581984721,1.1090728416652529,-0.0416685460930624,-0.7118977524968977,5.38,-255.55,-228.65,-16.14,2.69,-0.0719424717672062,0.0,-0.1918465913792167,0.0,0.0,32,37,37,35,36,-38,-88,-107,-7,0,12.9,12.9,12.9,12.8,12.8,-999,-999,-999,0.0,0.0,0.0
21.21811938285828,0.1441948092898116,-0.0245437973259253,-0.023009809993055,1.1106068289981232,-0.041417657987499,-0.7074101835617754,0.1319229106268489,-0.04601961998611,-0.0536895566504617,1.1075388543323823,-0.0416685460930624,-0.7118977524968977,40.35,-263.62,-244.79,-8.07,2.69,-0.0479616478448041,0.0,-0.1918465913792167,0.0,0.0,32,37,37,35,36,-44,-88,-107,0,0,12.9,12.9,12.8,12.8,12.8,-999,-999,-999,0.0,0.0,0.0
21.23507022857666,0.1411268346240709,-0.0245437973259253,-0.0260777846587957,1.1090728416652529,-0.041417657987499,-0.7074101835617754,0.1319229106268489,-0.04601961998611,-0.0536895566504617,1.1075388543323823,-0.0416685460930624,-0.7118977524968977,-5.38,-263.62,-250.17,-16.14,2.69,-0.0479616478448041,0.0,-0.1678657674568146,0.0,0.0,32,37,37,35,36,-38,-88,-113,-7,0,12.9,12.9,12.8,12.8,12.8,-999,-999,-999,0.0,0.0,0.0
21.252132177352905,0.1380588599583302,-0.0245437973259253,-0.027611771991666,1.1106068289981232,-0.041417657987499,-0.7074101835617754,0.1288549359611082,-0.04601961998611,-0.0567575313162024,1.1075388543323823,-0.0416685460930624,-0.7118977524968977,-21.52,-260.93,-260.93,-18.83,2.69,-0.0959232956896083,0.0,-0.1678657674568146,0.0,0.0,32,38,37,36,36,-38,-88,-113,-7,0,12.9,12.9,12.8,12.8,12.7,-999,-999,-999,0.0,0.0,0.0
21.26919412612915,0.1349908852925895,-0.0245437973259253,-0.0306797466574067,1.1090728416652529,-0.041417657987499,-0.7074101835617754,0.1257869612953675,-0.0444856326532397,-0.0628934806476837,1.1090728416652529,-0.0416685460930624,-0.7118977524968977,10.76,-234.03,-258.24,-16.14,2.69,-0.1199041196120104,0.0,-0.1678657674568146,0.0,0.0,32,38,37,36,36,-32,-82,-113,-7,0,13.0,12.4,12.8,12.8,12.7,-999,-999,-999,0.0,0.0,0.0
21.286131381988525,0.1303889232939785,-0.0245437973259253,-0.0337477213231473,1.1090728416652529,-0.041417657987499,-0.7074101835617754,0.1257869612953675,-0.0444856326532397,-0.0628934806476837,1.1090728416652529,-0.0416685460930624,-0.7118977524968977,16.14,-244.79,-260.93,-13.45,2.69,-0.1678657674568146,0.0,-0.1438849435344125,0.0,0.0,32,38,37,36,36,-25,-82,-113,0,0,12.9,12.9,12.8,12.8,12.7,-999,-999,-999,0.0,0.0,0.0
21.30313301086425,0.1257869612953675,-0.0245437973259253,-0.0352817086560177,1.1106068289981232,-0.041417657987499,-0.7074101835617754,0.1227189866296268,-0.0444856326532397,-0.0644274679805541,1.1075388543323823,-0.0416685460930624,-0.7118977524968977,80.7,-244.79,-269.0,-16.14,2.69,-0.1918465913792167,0.0,-0.1438849435344125,0.0,0.0,32,38,37,36,36,55,-82,-113,-7,0,12.9,12.9,12.8,12.8,12.8,-999,-999,-999,0.0,0.0,0.0
21.320083379745483,0.1211849992967565,-0.0245437973259253,-0.0383496833217584,1.1090728416652529,-0.041417657987499,-0.7074101835617754,0.1211849992967565,-0.0444856326532397,-0.0674954426462947,1.1075388543323823,-0.0416685460930624,-0.7118977524968977,0.0,-242.1,-260.93,-18.83,2.69,-0.2158274153016187,0.0,-0.1438849435344125,0.0,0.0,32,38,37,36,36,0,-82,-113,-7,0,12.9,12.9,12.8,12.8,12.8,-999,-999,-999,0.0,0.0,0.0
21.337130069732662,0.1196510119638862,-0.0245437973259253,-0.041417657987499,1.1090728416652529,-0.041417657987499,-0.7074101835617754,0.1181170246310158,-0.0444856326532397,-0.0690294299791651,1.1075388543323823,-0.0416685460930624,-0.7118977524968977,0.0,-244.79,-225.96,-18.83,2.69,-0.2158274153016187,0.0,-0.1438849435344125,0.0,0.0,32,38,37,36,36,-7,-82,-69,-7,0,12.9,12.9,12.9,12.8,12.8,-999,-999,-999,0.0,0.0,0.0
21.354070901870728,0.1181170246310158,-0.0245437973259253,-0.0429516453203694,1.1090728416652529,-0.041417657987499,-0.7074101835617754,0.1165830372981455,-0.0444856326532397,-0.0720974046449058,1.1075388543323823,-0.0416685460930624,-0.7118977524968977,26.9,-242.1,-252.86,-16.14,2.69,-0.1918465913792167,0.0,-0.1438849435344125,0.0,0.0,32,37,37,36,36,-7,-82,-113,-7,0,12.9,12.9,12.8,12.8,12.8,-999,-999,-999,0.0,0.0,0.0
21.371126413345337,0.1165830372981455,-0.0245437973259253,-0.04601961998611,1.1090728416652529,-0.041417657987499,-0.7074101835617754,0.1150490499652752,-0.0444856326532397,-0.0736313919777761,1.1075388543323823,-0.0416685460930624,-0.7118977524968977,16.14,-242.1,-234.03,-16.14,2.69,-0.1438849435344125,0.0,-0.1438849435344125,0.0,0.0,32,37,37,36,36,-7,-82,-107,-7,0,12.9,12.9,12.9,12.8,12.8,-999,-999,-999,0.0,0.0,0.0
21.38812494277954,0.1165830372981455,-0.0245437973259253,-0.0521555693175914,1.1090728416652529,-0.041417657987499,-0.7074101835617754,0.1135150626324048,-0.0444856326532397,-0.0766993666435168,1.1075388543323823,-0.0416685460930624,-0.7118977524968977,26.9,-244.79,-231.34,-16.14,2.69,-0.0959232956896083,0.0,-0.1438849435344125,0.0,0.0,32,37,37,36,36,-19,-82,-107,-7,0,12.9,12.9,12.8,12.6,12.8,-999,-999,-999,0.0,0.0,0.0
21.405122756958008,0.1181170246310158,-0.0245437973259253,-0.0536895566504617,1.1090728416652529,-0.041417657987499,-0.7074101835617754,0.1119810752995345,-0.0444856326532397,-0.0782333539763871,1.1075388543323823,-0.0416685460930624,-0.7118977524968977,10.76,-244.79,-223.27,-16.14,2.69,-0.0479616478448041,0.0,-0.1438849435344125,0.0,0.0,32,37,37,36,36,-25,-82,-100,-7,0,12.9,12.9,12.8,12.8,12.8,-999,-999,-999,0.0,0.0,0.0
21.4221465587616,0.1181170246310158,-0.0245437973259253,-0.055223543983332,1.1090728416652529,-0.041417657987499,-0.7074101835617754,0.1089131006337938,-0.0444856326532397,-0.0797673413092574,1.1075388543323823,-0.0416685460930624,-0.7118977524968977,0.0,-242.1,-217.89,-16.14,2.69,-0.023980823922402,0.0,-0.1438849435344125,0.0,0.0,32,37,37,36,36,-38,-82,-100,-13,0,12.9,12.9,12.8,12.8,12.8,-999,-999,-999,0.0,0.0,0.0
21.43922686576844,0.1150490499652752,-0.0245437973259253,-0.0567575313162024,1.1090728416652529,-0.041417657987499,-0.7074101835617754,0.1058451259680531,-0.0444856326532397,-0.0859032906407388,1.1075388543323823,-0.0416685460930624,-0.7118977524968977,0.0,-242.1,-247.48,-16.14,2.69,0.0,0.0,-0.1438849435344125,0.0,0.0,32,37,37,35,36,-32,-82,-107,-7,0,12.9,12.9,12.8,12.8,12.8,-999,-999,-999,0.0,0.0,0.0
21.45702600479126,0.1135150626324048,-0.0245437973259253,-0.0598255059819431,1.1090728416652529,-0.041417657987499,-0.7074101835617754,0.1043111386351828,-0.0429516453203694,-0.0874372779736091,1.1075388543323823,-0.0416685460930624,-0.7118977524968977,-5.38,-242.1,-258.24,-16.14,2.69,-0.023980823922402,0.0,-0.1438849435344125,0.0,0.0,32,38,37,35,36,-32,-82,-107,-7,0,13.0,12.9,12.8,12.8,12.8,-999,-999,-999,0.0,0.0,0.0
21.474056005477905,0.1104470879666641,-0.0245437973259253,-0.0613594933148134,1.1090728416652529,-0.041417657987499,-0.7074101835617754,0.1043111386351828,-0.0429516453203694,-0.0874372779736091,1.1075388543323823,-0.0416685460930624,-0.7118977524968977,0.0,-215.2,-234.03,-16.14,2.69,-0.0719424717672062,0.0,-0.1199041196120104,0.0,0.0,32,37,37,35,36,-25,-75,-94,-7,0,12.9,12.9,12.8,12.8,12.8,-999,-999,-999,0.0,0.0,0.0
21.491143941879272,0.1058451259680531,-0.0245437973259253,-0.0644274679805541,1.1090728416652529,-0.041417657987499,-0.7074101835617754,0.1027771513023125,-0.0429516453203694,-0.0920392399722201,1.1075388543323823,-0.0416685460930624,-0.7118977524968977,48.42,-220.58,-277.07,-16.14,2.69,-0.1199041196120104,0.0,-0.1199041196120104,0.0,0.0,32,37,37,35,36,-13,-75,-107,-7,0,12.9,12.9,12.8,12.8,12.8,-999,-999,-999,0.0,0.0,0.0
21.50812554359436,0.1012431639694421,-0.0245437973259253,-0.0674954426462947,1.1090728416652529,-0.041417657987499,-0.7074101835617754,0.0997091766365718,-0.0429516453203694,-0.0951072146379608,1.1075388543323823,-0.0416685460930624,-0.7118977524968977,0.0,-220.58,-260.93,-16.14,2.69,-0.1678657674568146,0.0,-0.1199041196120104,0.0,0.0,32,37,37,35,36,-7,-75,-113,-7,0,12.9,12.9,12.9,12.8,12.8,-999,-999,-999,0.0,0.0,0.0
21.52515196800232,0.0981751893037015,-0.0245437973259253,-0.0705634173120354,1.1090728416652529,-0.041417657987499,-0.7074101835617754,0.0951072146379608,-0.041417657987499,-0.1012431639694421,1.1090728416652529,-0.0416685460930624,-0.7118977524968977,0.0,-220.58,-271.69,-13.45,2.69,-0.1918465913792167,0.0,-0.1199041196120104,0.0,0.0,32,37,37,35,36,0,-75,-119,0,0,12.9,12.9,12.9,12.8,12.8,-999,-999,-999,0.0,0.0,0.0
21.542186498641968,0.0966412019708311,-0.0245437973259253,-0.0736313919777761,1.1090728416652529,-0.041417657987499,-0.7074101835617754,0.0951072146379608,-0.041417657987499,-0.1043111386351828,1.1075388543323823,-0.0416685460930624,-0.7118977524968977,2.69,-193.68,-239.41,-10.76,2.69,-0.1918465913792167,0.0,-0.1438849435344125,0.0,0.0,32,38,37,35,36,-7,-69,-113,0,0,12.9,12.9,12.8,12.8,12.8,-999,-999,-999,0.0,0.0,0.0
21.55911612510681,0.0951072146379608,-0.0245437973259253,-0.0751653793106464,1.1090728416652529,-0.041417657987499,-0.7074101835617754,0.0935732273050904,-0.0398836706546287,-0.1073791133009235,1.1075388543323823,-0.0416685460930624,-0.7118977524968977,10.76,-204.44,-250.17,-13.45,2.69,-0.1678657674568146,0.0,-0.1438849435344125,0.0,0.0,32,38,37,35,36,0,-69,-113,-13,0,12.9,12.9,12.8,12.8,12.8,-999,-999,-999,0.0,0.0,0.0
21.576066970825195,0.0951072146379608,-0.0245437973259253,-0.0797673413092574,1.1090728416652529,-0.041417657987499,-0.7074101835617754,0.0935732273050904,-0.0398836706546287,-0.1073791133009235,1.1075388543323823,-0.0416685460930624,-0.7118977524968977,24.21,-174.85,-252.86,-18.83,2.69,-0.1199041196120104,0.0,-0.1678657674568146,0.0,0.0,32,37,37,36,36,-13,-63,-113,-13,0,12.9,12.9,12.8,12.8,12.8,-999,-999,-999,0.0,0.0,0.0
21.593119144439697,0.0966412019708311,-0.0245437973259253,-0.0828353159749981,1.1090728416652529,-0.041417657987499,-0.7074101835617754,0.0920392399722201,-0.0398836706546287,-0.1104470879666641,1.1075388543323823,-0.0416685460930624,-0.7118977524968977,45.73,-182.92,-217.89,-16.14,2.69,-0.0719424717672062,0.0,-0.1678657674568146,0.0,0.0,33,37,37,36,36,-13,-63,-113,-13,0,12.9,12.9,12.8,12.8,12.8,-999,-999,-999,0.0,0.0,0.0
21.610178232193,0.0966412019708311,-0.0245437973259253,-0.0874372779736091,1.1090728416652529,-0.041417657987499,-0.7074101835617754,0.0889712653064794,-0.0352817086560177,-0.1165830372981455,1.1075388543323823,-0.0416685460930624,-0.7118977524968977,8.07,-166.78,-225.96,-16.14,2.69,-0.023980823922402,0.0,-0.1918465913792167,0.0,0.0,32,37,37,36,36,-32,-57,-113,-7,0,12.9,12.9,12.9,12.8,12.8,-999,-999,-999,0.0,0.0,0.0
21.62717580795288,0.0951072146379608,-0.0245437973259253,-0.0905052526393498,1.1090728416652529,-0.041417657987499,-0.7074101835617754,0.0874372779736091,-0.0337477213231473,-0.1196510119638862,1.1090728416652529,-0.0416685460930624,-0.7118977524968977,0.0,-126.43,-225.96,-18.83,2.69,0.0,0.0,-0.1918465913792167,0.0,0.0,32,38,37,36,36,-25,-44,-113,-13,0,12.9,12.9,12.9,12.8,12.8,-999,-999,-999,0.0,0.0,0.0
21.64419841766357,0.0935732273050904,-0.0245437973259253,-0.0935732273050904,1.1090728416652529,-0.041417657987499,-0.7074101835617754,0.0859032906407388,-0.032213733990277,-0.1242529739624972,1.1075388543323823,-0.0416685460930624,-0.7118977524968977,0.0,-110.29,-209.82,-16.14,2.69,0.0,0.0,-0.1918465913792167,0.0,0.0,32,38,37,36,36,-32,-38,-100,0,0,12.9,12.9,12.9,12.8,12.8,-999,-999,-999,0.0,0.0,0.0
21.66112279891968,0.0905052526393498,-0.023009809993055,-0.0966412019708311,1.1090728416652529,-0.041417657987499,-0.7074101835617754,0.0859032906407388,-0.032213733990277,-0.1242529739624972,1.1075388543323823,-0.0416685460930624,-0.7118977524968977,0.0,-83.39,-260.93,-16.14,2.69,-0.023980823922402,0.0,-0.1918465913792167,0.0,0.0,32,38,37,36,36,-19,-32,-113,-7,0,12.9,12.9,12.8,12.8,12.8,-999,-999,-999,0.0,0.0,0.0
21.678083181381226,0.0889712653064794,-0.023009809993055,-0.0997091766365718,1.1090728416652529,-0.041417657987499,-0.7074101835617754,0.0843693033078684,-0.0306797466574067,-0.1257869612953675,1.1075388543323823,-0.0416685460930624,-0.7118977524968977,16.14,-75.32,-220.58,-16.14,2.69,-0.0719424717672062,0.0,-0.1918465913792167,0.0,0.0,32,38,37,36,36,-19,-25,-100,-7,0,12.9,12.9,12.8,12.8,12.8,-999,-999,-999,0.0,0.0,0.0
21.69511675834656,0.0859032906407388,-0.023009809993055,-0.1027771513023125,1.1106068289981232,-0.041417657987499,-0.7074101835617754,0.0843693033078684,-0.0291457593245363,-0.1288549359611082,1.1075388543323823,-0.0416685460930624,-0.7118977524968977,26.9,-64.56,-269.0,-16.14,2.69,-0.0959232956896083,0.0,-0.1678657674568146,0.0,0.0,32,38,37,36,36,0,-25,-107,-7,0,12.9,12.9,12.9,12.8,12.8,-999,-999,-999,0.0,0.0,0.0
21.71219611167908,0.0813013286421278,-0.0214758226601847,-0.1058451259680531,1.1090728416652529,-0.041417657987499,-0.7074101835617754,0.0797673413092574,-0.0260777846587957,-0.1365248726254599,1.1075388543323823,-0.0416685460930624,-0.7118977524968977,-5.38,-61.87,-247.48,-16.14,2.69,-0.1438849435344125,0.0,-0.1678657674568146,0.0,0.0,32,37,37,36,36,-7,-19,-113,-7,0,12.9,12.9,12.9,12.8,12.8,-999,-999,-999,0.0,0.0,0.0
21.729114294052124,0.0782333539763871,-0.0214758226601847,-0.1089131006337938,1.1090728416652529,-0.041417657987499,-0.7074101835617754,0.0797673413092574,-0.0260777846587957,-0.1365248726254599,1.1075388543323823,-0.0416685460930624,-0.7118977524968977,0.0,-59.18,-231.34,-18.83,2.69,-0.1678657674568146,0.023980823922402,-0.1678657674568146,0.0,0.0,32,37,37,36,36,6,-19,-113,-7,0,12.9,12.9,12.9,12.8,12.8,-999,-999,-999,0.0,0.0,0.0
21.74616360664368,0.0782333539763871,-0.0199418353273143,-0.1119810752995345,1.1090728416652529,-0.041417657987499,-0.7074101835617754,0.0766993666435168,-0.0214758226601847,-0.1426608219569412,1.1075388543323823,-0.0416685460930624,-0.7118977524968977,40.35,-80.7,-242.1,-18.83,2.69,-0.1678657674568146,0.023980823922402,-0.1678657674568146,0.0,0.0,32,37,37,36,36,74,-19,-113,-7,0,12.9,12.9,12.9,12.8,12.8,-999,-999,-999,0.0,0.0,0.0
21.763174533844,0.0766993666435168,-0.018407847994444,-0.1150490499652752,1.1106068289981232,-0.041417657987499,-0.7074101835617754,0.0751653793106464,-0.0199418353273143,-0.1457287966226819,1.1075388543323823,-0.0416685460930624,-0.7118977524968977,0.0,-86.08,-234.03,-16.14,2.69,-0.1438849435344125,0.0479616478448041,-0.1678657674568146,0.0,0.0,32,37,37,36,36,0,-19,-113,-13,0,12.9,12.9,12.9,12.8,12.8,-999,-999,-999,0.0,0.0,0.0
21.78012561798096,0.0766993666435168,-0.0168738606615736,-0.1196510119638862,1.1090728416652529,-0.041417657987499,-0.7074101835617754,0.0751653793106464,-0.0199418353273143,-0.1457287966226819,1.1075388543323823,-0.0416685460930624,-0.7118977524968977,26.9,-72.63,-250.17,-18.83,2.69,-0.0959232956896083,0.0479616478448041,-0.1678657674568146,0.0,0.0,32,37,37,36,36,-13,-19,-107,-7,0,12.8,12.9,12.8,12.7,12.8,-999,-999,-999,0.0,0.0,0.0
21.79710078239441,0.0782333539763871,-0.0153398733287033,-0.1211849992967565,1.1090728416652529,-0.041417657987499,-0.7074101835617754,0.0751653793106464,-0.018407847994444,-0.1487967712884225,1.1075388543323823,-0.0401345587601921,-0.684442330786364,32.28,-72.63,-250.17,-16.14,2.69,-0.0479616478448041,0.0719424717672062,-0.1918465913792167,0.0,0.0,32,37,37,36,36,-13,-19,-113,-13,7,12.9,12.9,12.8,12.8,12.8,-999,-999,-999,0.0,0.0,0.0
21.81416869163513,0.0797673413092574,-0.0122718986629626,-0.1257869612953675,1.1090728416652529,-0.041417657987499,-0.7074101835617754,0.0720974046449058,-0.013805885995833,-0.1549327206199039,1.1075388543323823,-0.0416685460930624,-0.7118977524968977,0.0,-99.53,-228.65,-16.14,2.69,0.0,0.0959232956896083,-0.1678657674568146,0.0,0.0,32,38,37,36,36,-38,-19,-113,-7,0,12.8,12.8,12.9,12.8,12.8,-999,-999,-999,0.0,0.0,0.0
21.831064462661743,0.0766993666435168,-0.009203923997222,-0.1273209486282379,1.1090728416652529,-0.041417657987499,-0.7074101835617754,0.0720974046449058,-0.013805885995833,-0.1549327206199039,1.1075388543323823,-0.0416685460930624,-0.7118977524968977,-2.69,-75.32,-244.79,-13.45,2.69,0.0,0.0959232956896083,-0.1678657674568146,0.0,0.0,32,38,37,36,36,-25,-19,-107,-7,0,12.9,13.1,12.8,12.8,12.8,-999,-999,-999,0.0,0.0,0.0
21.848190546035767,0.0751653793106464,-0.0076699366643516,-0.1303889232939785,1.1090728416652529,-0.041417657987499,-0.7074101835617754,0.0690294299791651,-0.0107379113300923,-0.1610686699513852,1.1075388543323823,-0.0416685460930624,-0.7118977524968977,-2.69,-102.22,-247.48,-16.14,2.69,0.0,0.0959232956896083,-0.1678657674568146,0.0,0.0,32,38,37,36,36,-25,-19,-113,-7,0,12.9,12.9,12.8,12.8,12.7,-999,-999,-999,0.0,0.0,0.0
21.86519193649292,0.0736313919777761,-0.004601961998611,-0.1349908852925895,1.1090728416652529,-0.041417657987499,-0.7074101835617754,0.0674954426462947,-0.009203923997222,-0.1656706319499963,1.1090728416652529,-0.0416685460930624,-0.7118977524968977,-2.69,-112.98,-231.34,-16.14,2.69,-0.023980823922402,0.1199041196120104,-0.1678657674568146,0.0,0.0,30,37,37,36,36,-32,-25,-107,-7,0,12.9,12.8,12.9,12.8,12.7,-999,-999,-999,0.0,0.0,0.0
21.882177591323853,0.0720974046449058,-0.0030679746657406,-0.1380588599583302,1.1090728416652529,-0.041417657987499,-0.7074101835617754,0.0659614553134244,-0.0061359493314813,-0.1687386066157369,1.1075388543323823,-0.0416685460930624,-0.7118977524968977,13.45,-99.53,-266.31,-13.45,2.69,-0.0719424717672062,0.1199041196120104,-0.1678657674568146,0.0,0.0,32,37,37,36,36,-19,-25,-113,0,0,13.0,12.9,12.9,12.8,12.7,-999,-999,-999,0.0,0.0,0.0
21.89918065071106,0.0659614553134244,-0.0015339873328703,-0.1411268346240709,1.1090728416652529,-0.041417657987499,-0.7074101835617754,0.0644274679805541,-0.004601961998611,-0.1718065812814776,1.1075388543323823,-0.0416685460930624,-0.7118977524968977,10.76,-110.29,-239.41,-21.52,2.69,-0.1199041196120104,0.1199041196120104,-0.1678657674568146,0.0,0.0,32,37,37,36,36,-7,-25,-119,-7,0,12.9,12.9,12.9,12.8,12.8,-999,-999,-999,0.0,0.0,0.0
21.916097402572632,0.0644274679805541,0.0015339873328703,-0.1441948092898116,1.1090728416652529,-0.041417657987499,-0.7074101835617754,0.0644274679805541,-0.004601961998611,-0.1718065812814776,1.1075388543323823,-0.0416685460930624,-0.7118977524968977,0.0,-118.36,-250.17,-16.14,2.69,-0.1438849435344125,0.1199041196120104,-0.1678657674568146,0.0,0.0,32,37,36,36,36,6,-25,-113,-7,0,12.9,12.9,12.8,12.8,12.8,-999,-999,-999,0.0,0.0,0.0
21.93315076828003,0.0613594933148134,0.0030679746657406,-0.1472627839555522,1.1090728416652529,-0.041417657987499,-0.7074101835617754,0.0613594933148134,0.0,-0.1779425306129589,1.1075388543323823,-0.0432025334259327,-0.7393115559076874,0.0,-102.22,-228.65,-16.14,2.69,-0.1678657674568146,0.0959232956896083,-0.1678657674568146,0.0,0.0,32,37,36,36,36,0,-25,-107,-7,7,12.9,12.9,12.8,12.8,12.8,-999,-999,-999,0.0,0.0,0.0
21.95002794265747,0.0613594933148134,0.004601961998611,-0.1503307586212929,1.1106068289981232,-0.041417657987499,-0.7074101835617754,0.0613594933148134,0.0,-0.1779425306129589,1.1075388543323823,-0.0432025334259327,-0.7393115559076874,0.0,-80.7,-258.24,-16.14,2.69,-0.1678657674568146,0.0959232956896083,-0.1678657674568146,0.0,0.0,32,37,36,36,36,0,-19,-113,-7,-6,12.9,12.9,12.9,12.8,12.8,-999,-999,-999,0.0,0.0,0.0
21.9671003818512,0.0598255059819431,0.0061359493314813,-0.1518647459541632,1.1090728416652529,-0.041417657987499,-0.7074101835617754,0.0598255059819431,0.004601961998611,-0.1840784799444403,1.1075388543323823,-0.0416685460930624,-0.7118977524968977,0.0,-51.11,-255.55,-18.83,2.69,-0.1199041196120104,0.0959232956896083,-0.1678657674568146,0.0,0.0,32,37,37,36,36,6,-19,-119,-7,0,12.9,12.9,12.9,12.8,12.8,-999,-999,-999,0.0,0.0,0.0
21.984050273895264,0.0598255059819431,0.0076699366643516,-0.1564667079527743,1.1090728416652529,-0.041417657987499,-0.7074101835617754,0.0598255059819431,0.004601961998611,-0.1840784799444403,1.1075388543323823,-0.0416685460930624,-0.7118977524968977,0.0,-59.18,-231.34,-18.83,2.69,-0.0719424717672062,0.0959232956896083,-0.1678657674568146,0.0,0.0,32,37,38,36,36,0,-13,-113,-7,0,12.9,12.9,12.9,12.8,12.8,-999,-999,-999,0.0,0.0,0.0
22.00118517875672,0.0598255059819431,0.0107379113300923,-0.1595346826185149,1.1090728416652529,-0.041417657987499,-0.7074101835617754,0.0567575313162024,0.0076699366643516,-0.1886804419430513,1.1075388543323823,-0.0416685460930624,-0.7118977524968977,8.07,-99.53,-247.48,-18.83,2.69,-0.0479616478448041,0.0959232956896083,-0.1918465913792167,0.0,0.0,32,37,37,35,36,-19,-19,-151,-7,0,12.9,13.0,12.9,12.8,12.8,-999,-999,-999,0.0,0.0,0.0
22.018179178237915,0.0628934806476837,0.0122718986629626,-0.1641366446171259,1.1090728416652529,-0.041417657987499,-0.7074101835617754,0.055223543983332,0.0107379113300923,-0.196350378607403,1.1075388543323823,-0.0416685460930624,-0.7118977524968977,10.76,-78.01,-252.86,-18.83,2.69,0.0,0.0959232956896083,-0.1918465913792167,0.0,0.0,32,37,37,35,36,-25,-19,-113,-7,0,12.9,13.0,12.8,12.8,12.8,-999,-999,-999,0.0,0.0,0.0
22.03516268730164,0.0613594933148134,0.0153398733287033,-0.1672046192828666,1.1090728416652529,-0.041417657987499,-0.7074101835617754,0.055223543983332,0.0107379113300923,-0.196350378607403,1.1075388543323823,-0.0416685460930624,-0.7118977524968977,10.76,-86.08,-252.86,-18.83,2.69,0.0,0.1199041196120104,-0.1918465913792167,0.0,0.0,32,37,37,35,36,-25,-19,-119,-7,0,12.9,13.0,12.8,12.8,12.8,-999,-999,-999,0.0,0.0,0.0
22.052090644836422,0.0598255059819431,0.0168738606615736,-0.1702725939486073,1.1106068289981232,-0.041417657987499,-0.7074101835617754,0.0521555693175914,0.0168738606615736,-0.2040203152717546,1.1075388543323823,-0.0416685460930624,-0.7118977524968977,0.0,-86.08,-258.24,-13.45,2.69,0.0,0.1199041196120104,-0.1918465913792167,0.0,0.0,32,37,37,35,36,-25,-19,-119,0,0,12.9,13.0,12.8,12.8,12.8,-999,-999,-999,0.0,0.0,0.0
22.069047212600708,0.0582915186490727,0.0199418353273143,-0.1733405686143479,1.1090728416652529,-0.041417657987499,-0.7074101835617754,0.0521555693175914,0.0168738606615736,-0.2040203152717546,1.1075388543323823,-0.0416685460930624,-0.7118977524968977,-10.76,-112.98,-282.45,-13.45,2.69,0.0,0.1199041196120104,-0.1918465913792167,0.0,0.0,32,37,37,35,36,-25,-19,-125,-7,0,12.9,13.0,12.7,12.8,12.8,-999,-999,-999,0.0,0.0,0.0
22.086052656173703,0.0567575313162024,0.023009809993055,-0.1779425306129589,1.1106068289981232,-0.041417657987499,-0.7074101835617754,0.050621581984721,0.018407847994444,-0.2070882899374953,1.1075388543323823,-0.0416685460930624,-0.7118977524968977,0.0,-102.22,-244.79,-16.14,2.69,-0.0479616478448041,0.1199041196120104,-0.1918465913792167,0.0,0.0,32,37,37,34,36,-25,-19,-119,-7,0,12.9,13.0,12.8,12.8,12.8,-999,-999,-999,0.0,0.0,0.0
22.103100299835205,0.0536895566504617,0.0245437973259253,-0.18254449261157,1.1090728416652529,-0.041417657987499,-0.7074101835617754,0.0490875946518507,0.0214758226601847,-0.2116902519361063,1.1075388543323823,-0.0416685460930624,-0.7118977524968977,34.97,-91.46,-263.62,-16.14,2.69,-0.0719424717672062,0.1199041196120104,-0.1918465913792167,0.0,0.0,32,37,37,35,36,-19,-19,-125,-7,0,12.9,13.0,12.9,12.8,12.8,-999,-999,-999,0.0,0.0,0.0
22.120047330856323,0.0490875946518507,0.027611771991666,-0.1856124672773106,1.1106068289981232,-0.041417657987499,-0.7074101835617754,0.04601961998611,0.0214758226601847,-0.214758226601847,1.1075388543323823,-0.0416685460930624,-0.7118977524968977,45.73,-145.26,-236.72,-16.14,2.69,-0.1199041196120104,0.1199041196120104,-0.1918465913792167,0.0,0.0,32,37,37,35,36,-13,-25,-119,-7,0,12.9,13.0,12.4,12.8,12.8,-999,-999,-999,0.0,0.0,0.0
22.137160301208496,0.0429516453203694,0.0291457593245363,-0.1886804419430513,1.1106068289981232,-0.041417657987499,-0.7074101835617754,0.0429516453203694,0.027611771991666,-0.2224281632661987,1.1075388543323823,-0.0416685460930624,-0.7118977524968977,26.9,-96.84,-274.38,-18.83,2.69,-0.1438849435344125,0.1199041196120104,-0.2158274153016187,0.0,0.0,32,37,37,35,36,0,-25,-125,-13,0,12.9,12.9,12.8,12.8,12.8,-999,-999,-999,0.0,0.0,0.0
22.15408587455749,0.041417657987499,0.0306797466574067,-0.1932824039416623,1.1106068289981232,-0.041417657987499,-0.7074101835617754,0.041417657987499,0.0291457593245363,-0.2254961379319394,1.1075388543323823,-0.0416685460930624,-0.7118977524968977,0.0,-69.94,-242.1,-18.83,2.69,-0.1918465913792167,0.1199041196120104,-0.2158274153016187,0.0,0.0,32,37,37,35,36,6,-19,-119,-13,0,12.8,12.9,12.9,12.8,12.8,-999,-999,-999,0.0,0.0,0.0
22.17116355895996,0.041417657987499,0.0337477213231473,-0.196350378607403,1.1106068289981232,-0.041417657987499,-0.7074101835617754,0.0398836706546287,0.032213733990277,-0.2300980999305504,1.1075388543323823,-0.0416685460930624,-0.7118977524968977,0.0,-61.87,-255.55,-16.14,2.69,-0.1918465913792167,0.1199041196120104,-0.2158274153016187,0.0,0.0,32,37,37,36,36,0,-19,-119,-7,0,12.9,13.0,12.9,12.8,12.8,-999,-999,-999,0.0,0.0,0.0
22.18804097175598,0.041417657987499,0.0352817086560177,-0.200952340606014,1.1090728416652529,-0.041417657987499,-0.7074101835617754,0.0398836706546287,0.032213733990277,-0.2300980999305504,1.1075388543323823,-0.0416685460930624,-0.7118977524968977,8.07,-72.63,-252.86,-16.14,2.69,-0.1438849435344125,0.1199041196120104,-0.2158274153016187,0.0,0.0,32,37,37,35,36,-7,-19,-119,-7,0,12.9,13.0,12.8,12.8,12.8,-999,-999,-999,0.0,0.0,0.0
22.205066680908203,0.0398836706546287,0.0383496833217584,-0.2040203152717546,1.1090728416652529,-0.041417657987499,-0.7074101835617754,0.0383496833217584,0.0337477213231473,-0.233166074596291,1.1075388543323823,-0.0416685460930624,-0.7118977524968977,13.45,-91.46,-258.24,-18.83,2.69,-0.0959232956896083,0.1199041196120104,-0.2158274153016187,0.0,0.0,32,39,37,35,36,-7,-19,-119,-7,0,12.9,13.0,12.8,12.8,12.8,-999,-999,-999,0.0,0.0,0.0
22.22207617759705,0.0398836706546287,0.0398836706546287,-0.2070882899374953,1.1090728416652529,-0.041417657987499,-0.7074101835617754,0.0352817086560177,0.0352817086560177,-0.2362340492620317,1.1075388543323823,-0.0416685460930624,-0.7118977524968977,5.38,-94.15,-242.1,-16.14,2.69,-0.0479616478448041,0.1199041196120104,-0.1918465913792167,0.0,0.0,32,38,37,35,36,-19,-19,-119,-7,0,12.9,12.9,12.8,12.8,12.8,-999,-999,-999,0.0,0.0,0.0
22.239036798477173,0.041417657987499,0.0429516453203694,-0.2116902519361063,1.1090728416652529,-0.041417657987499,-0.7074101835617754,0.0337477213231473,0.036815695988888,-0.2393020239277724,1.1075388543323823,-0.0416685460930624,-0.7118977524968977,16.14,-129.12,-234.03,-16.14,2.69,-0.023980823922402,0.1199041196120104,-0.1918465913792167,0.0,0.0,32,38,37,35,36,-32,-25,-113,-13,0,12.9,12.9,12.9,12.8,12.8,-999,-999,-999,0.0,0.0,0.0
22.25606107711792,0.0398836706546287,0.04601961998611,-0.214758226601847,1.1090728416652529,-0.041417657987499,-0.7074101835617754,0.032213733990277,0.0398836706546287,-0.2439039859263834,1.1075388543323823,-0.0416685460930624,-0.7118977524968977,21.52,-102.22,-250.17,-18.83,2.69,0.0,0.1199041196120104,-0.1918465913792167,0.0,0.0,31,38,37,35,36,-32,-32,-119,-7,0,12.9,12.9,12.9,12.6,12.8,-999,-999,-999,0.0,0.0,0.0
22.27305579185486,0.036815695988888,0.0475536073189804,-0.2178262012675877,1.1106068289981232,-0.041417657987499,-0.7074101835617754,0.0291457593245363,0.0429516453203694,-0.2454379732592537,1.1075388543323823,-0.0432025334259327,-0.7393115559076874,-26.9,-112.98,-201.75,-18.83,2.69,0.0,0.1199041196120104,-0.1918465913792167,0.0,0.0,32,38,37,35,36,-38,-25,-107,-7,-6,12.9,12.9,12.9,12.9,12.8,-999,-999,-999,0.0,0.0,0.0
22.290042877197266,0.0352817086560177,0.050621581984721,-0.2224281632661987,1.1090728416652529,-0.041417657987499,-0.7074101835617754,0.027611771991666,0.0444856326532397,-0.2469719605921241,1.1090728416652529,-0.0416685460930624,-0.7118977524968977,-5.38,-121.05,-220.58,-10.76,0.0,-0.023980823922402,0.1199041196120104,-0.1918465913792167,0.0,0.0,32,38,37,35,36,-32,-25,-107,0,0,12.9,12.7,12.8,12.8,12.8,-999,-999,-999,0.0,0.0,0.0
22.30717444419861,0.032213733990277,0.0521555693175914,-0.2254961379319394,1.1090728416652529,-0.041417657987499,-0.7074101835617754,0.023009809993055,0.0490875946518507,-0.2546418972564758,1.1075388543323823,-0.0416685460930624,-0.7118977524968977,0.0,-121.05,-234.03,-18.83,0.0,-0.0719424717672062,0.1199041196120104,-0.1918465913792167,0.0,0.0,32,37,37,36,36,-25,-25,-107,-13,0,12.9,12.9,12.9,12.8,12.8,-999,-999,-999,0.0,0.0,0.0
22.32407522201538,0.0291457593245363,0.055223543983332,-0.22856411259768,1.1090728416652529,-0.041417657987499,-0.7074101835617754,0.023009809993055,0.0490875946518507,-0.2546418972564758,1.1075388543323823,-0.0416685460930624,-0.7118977524968977,18.83,-104.91,-239.41,-16.14,0.0,-0.1199041196120104,0.1199041196120104,-0.1918465913792167,0.0,0.0,32,38,37,36,36,-32,-25,-113,-7,0,12.9,12.9,12.8,12.8,12.8,-999,-999,-999,0.0,0.0,0.0
22.3410484790802,0.0245437973259253,0.0567575313162024,-0.2316320872634207,1.1090728416652529,-0.041417657987499,-0.7074101835617754,0.0214758226601847,0.050621581984721,-0.2577098719222164,1.1090728416652529,-0.0416685460930624,-0.7118977524968977,69.94,-80.7,-225.96,-5.38,0.0,-0.1678657674568146,0.1199041196120104,-0.1918465913792167,0.0,0.0,32,38,37,36,36,-13,-25,-113,0,0,12.7,12.9,12.8,12.8,12.8,-999,-999,-999,0.0,0.0,0.0
22.35804748535156,0.0199418353273143,0.0582915186490727,-0.2362340492620317,1.1090728416652529,-0.041417657987499,-0.7074101835617754,0.0199418353273143,0.0521555693175914,-0.2607778465879571,1.1075388543323823,-0.0416685460930624,-0.7118977524968977,40.35,-96.84,-242.1,-16.14,0.0,-0.1918465913792167,0.0959232956896083,-0.1918465913792167,0.0,0.0,32,38,37,36,36,62,-25,-113,-7,0,12.9,12.9,12.9,12.8,12.8,-999,-999,-999,0.0,0.0,0.0
22.37509179115296,0.018407847994444,0.0582915186490727,-0.2377680365949021,1.1106068289981232,-0.041417657987499,-0.7074101835617754,0.0153398733287033,0.055223543983332,-0.2684477832523088,1.1075388543323823,-0.0416685460930624,-0.7118977524968977,0.0,-104.91,-285.14,-16.14,0.0,-0.2158274153016187,0.0959232956896083,-0.1678657674568146,0.0,0.0,32,38,37,36,36,0,-19,-119,-13,0,12.9,13.0,12.9,12.8,12.8,-999,-999,-999,0.0,0.0,0.0
22.392999410629272,0.0168738606615736,0.0613594933148134,-0.2408360112606427,1.1090728416652529,-0.041417657987499,-0.7074101835617754,0.0122718986629626,0.0567575313162024,-0.2715157579180495,1.1075388543323823,-0.0416685460930624,-0.7118977524968977,18.83,-94.15,-266.31,-18.83,0.0,-0.2158274153016187,0.0959232956896083,-0.1678657674568146,0.0,0.0,32,38,37,35,36,-7,-25,-119,-13,0,12.9,12.9,12.9,12.8,12.8,-999,-999,-999,0.0,0.0,0.0
22.410053968429565,0.0153398733287033,0.0628934806476837,-0.2439039859263834,1.1106068289981232,-0.041417657987499,-0.7074101835617754,0.0122718986629626,0.0567575313162024,-0.2715157579180495,1.1075388543323823,-0.0416685460930624,-0.7118977524968977,40.35,-72.63,-258.24,-16.14,0.0,-0.1678657674568146,0.0719424717672062,-0.1678657674568146,0.0,0.0,32,38,37,35,36,-7,-25,-113,-7,0,12.9,13.0,12.9,12.8,12.8,-999,-999,-999,0.0,0.0,0.0
22.42709898948669,0.013805885995833,0.0644274679805541,-0.2469719605921241,1.1090728416652529,-0.041417657987499,-0.7074101835617754,0.0107379113300923,0.0582915186490727,-0.2745837325837901,1.1075388543323823,-0.0416685460930624,-0.7118977524968977,43.04,-91.46,-223.27,-16.14,0.0,-0.1199041196120104,0.0719424717672062,-0.1678657674568146,0.0,0.0,32,38,37,35,36,-13,-19,-113,-7,0,13.0,13.0,12.9,12.8,12.8,-999,-999,-999,0.0,0.0,0.0
22.444066047668457,0.013805885995833,0.0659614553134244,-0.2500399352578648,1.1090728416652529,-0.041417657987499,-0.7074101835617754,0.0076699366643516,0.0613594933148134,-0.2776517072495308,1.1075388543323823,-0.0416685460930624,-0.7118977524968977,5.38,-91.46,-234.03,-18.83,0.0,-0.0719424717672062,0.0719424717672062,-0.1678657674568146,0.0,0.0,32,38,37,35,36,-25,-25,-113,-7,0,13.0,13.0,12.9,12.8,12.8,-999,-999,-999,0.0,0.0,0.0
22.4610435962677,0.013805885995833,0.0674954426462947,-0.2531079099236054,1.1090728416652529,-0.041417657987499,-0.7074101835617754,0.0061359493314813,0.0628934806476837,-0.2807196819152714,1.1075388543323823,-0.0416685460930624,-0.7118977524968977,18.83,-110.29,-234.03,-18.83,0.0,-0.0479616478448041,0.0719424717672062,-0.1918465913792167,0.0,0.0,32,38,37,35,36,-32,-25,-113,-7,0,13.0,12.9,12.8,12.8,12.8,-999,-999,-999,0.0,0.0,0.0
22.478074073791504,0.0122718986629626,0.0690294299791651,-0.2561758845893461,1.1090728416652529,-0.041417657987499,-0.7074101835617754,0.0,0.0659614553134244,-0.2868556312467528,1.1075388543323823,-0.0416685460930624,-0.7118977524968977,-64.56,-61.87,-220.58,-16.14,0.0,-0.023980823922402,0.0719424717672062,-0.1918465913792167,0.0,0.0,32,38,37,36,36,-44,-25,-113,-7,0,12.9,13.1,12.9,12.8,12.8,-999,-999,-999,0.0,0.0,0.0
22.49512982368469,0.009203923997222,0.0720974046449058,-0.2592438592550868,1.1090728416652529,-0.041417657987499,-0.7074101835617754,-0.0030679746657406,0.0674954426462947,-0.2899236059124935,1.1075388543323823,-0.0416685460930624,-0.7118977524968977,-21.52,-110.29,-231.34,-16.14,0.0,-0.0479616478448041,0.0959232956896083,-0.1918465913792167,0.0,0.0,33,37,37,36,36,-38,-25,-113,-7,0,12.9,12.9,12.8,12.8,12.8,-999,-999,-999,0.0,0.0,0.0
22.512094736099243,0.0061359493314813,0.0720974046449058,-0.2638458212536978,1.1090728416652529,-0.041417657987499,-0.7074101835617754,-0.0030679746657406,0.0674954426462947,-0.2899236059124935,1.1075388543323823,-0.0416685460930624,-0.7118977524968977,-18.83,-96.84,-231.34,-13.45,0.0,-0.0719424717672062,0.0959232956896083,-0.1918465913792167,0.0,0.0,33,37,36,36,36,-38,-19,-107,-13,0,12.9,12.9,12.8,12.8,12.8,-999,-999,-999,0.0,0.0,0.0
22.52905225753784,0.0015339873328703,0.0751653793106464,-0.2669137959194385,1.1106068289981232,-0.041417657987499,-0.7074101835617754,-0.0061359493314813,0.0705634173120354,-0.2914575932453638,1.1075388543323823,-0.0416685460930624,-0.7118977524968977,-5.38,-121.05,-223.27,-18.83,0.0,-0.1199041196120104,0.0959232956896083,-0.1918465913792167,0.0,0.0,32,37,36,36,36,-38,-25,-100,-7,0,12.9,12.9,12.8,12.8,12.8,-999,-999,-999,0.0,0.0,0.0
22.546179056167603,-0.0015339873328703,0.0782333539763871,-0.2684477832523088,1.1090728416652529,-0.041417657987499,-0.7074101835617754,-0.0122718986629626,0.0736313919777761,-0.2975935425768451,1.1090728416652529,-0.0416685460930624,-0.7118977524968977,24.21,-123.74,-258.24,-18.83,0.0,-0.1678657674568146,0.0959232956896083,-0.1678657674568146,0.0,0.0,32,38,36,36,36,-32,-25,-107,-13,-6,12.9,12.9,12.8,12.8,12.8,-999,-999,-999,0.0,0.0,0.0
22.563194274902344,-0.0076699366643516,0.0797673413092574,-0.2715157579180495,1.1106068289981232,-0.041417657987499,-0.7074101835617754,-0.013805885995833,0.0751653793106464,-0.2975935425768451,1.1075388543323823,-0.0416685460930624,-0.7118977524968977,26.9,-99.53,-242.1,-8.07,0.0,-0.1918465913792167,0.0959232956896083,-0.1678657674568146,0.0,0.0,32,38,36,35,36,-19,-32,-107,0,0,12.9,12.9,12.8,12.8,12.8,-999,-999,-999,0.0,0.0,0.0
22.580060243606567,-0.0122718986629626,0.0813013286421278,-0.2745837325837901,1.1106068289981232,-0.041417657987499,-0.7074101835617754,-0.0168738606615736,0.0751653793106464,-0.2991275299097155,1.1075388543323823,-0.0416685460930624,-0.7118977524968977,26.9,-121.05,-244.79,-18.83,0.0,-0.2398082392240208,0.0959232956896083,-0.1438849435344125,0.0,0.0,32,37,36,35,36,-7,-32,-100,-7,0,12.8,12.9,12.9,12.8,12.8,-999,-999,-999,0.0,0.0,0.0
22.59703779220581,-0.0153398733287033,0.0828353159749981,-0.2761177199166604,1.1106068289981232,-0.041417657987499,-0.7074101835617754,-0.0168738606615736,0.0751653793106464,-0.2991275299097155,1.1075388543323823,-0.0416685460930624,-0.7118977524968977,21.52,-142.57,-250.17,-16.14,0.0,-0.2398082392240208,0.0959232956896083,-0.1199041196120104,0.0,0.0,32,37,36,35,36,-13,-38,-100,-7,0,12.9,12.9,12.9,12.8,12.8,-999,-999,-999,0.0,0.0,0.0
22.61405658721924,-0.0168738606615736,0.0828353159749981,-0.2761177199166604,1.1090728416652529,-0.041417657987499,-0.7074101835617754,-0.0199418353273143,0.0782333539763871,-0.3006615172425858,1.1075388543323823,-0.0416685460930624,-0.7118977524968977,45.73,-83.39,-234.03,-16.14,0.0,-0.2398082392240208,0.0959232956896083,-0.1199041196120104,0.0,0.0,32,37,37,35,36,-13,-25,-94,-7,0,12.9,12.9,12.8,12.8,12.7,-999,-999,-999,0.0,0.0,0.0
22.63112449645996,-0.0199418353273143,0.0859032906407388,-0.2776517072495308,1.1106068289981232,-0.041417657987499,-0.7074101835617754,-0.0260777846587957,0.0797673413092574,-0.3006615172425858,1.1075388543323823,-0.0416685460930624,-0.7118977524968977,24.21,-142.57,-271.69,-16.14,0.0,-0.1918465913792167,0.0719424717672062,-0.0959232956896083,0.0,0.0,32,37,37,35,36,-19,-25,-94,-13,0,12.9,12.9,12.9,12.8,12.8,-999,-999,-999,0.0,0.0,0.0
22.64808344841004,-0.0199418353273143,0.0874372779736091,-0.2776517072495308,1.1090728416652529,-0.041417657987499,-0.7074101835617754,-0.0291457593245363,0.0813013286421278,-0.3021955045754562,1.1075388543323823,-0.0416685460930624,-0.7118977524968977,13.45,-99.53,-263.62,-18.83,0.0,-0.1438849435344125,0.0719424717672062,-0.0719424717672062,0.0,0.0,32,37,37,35,36,-19,-32,-88,-7,0,12.9,12.9,12.9,12.8,12.8,-999,-999,-999,0.0,0.0,0.0
22.66507840156555,-0.0199418353273143,0.0889712653064794,-0.2776517072495308,1.1090728416652529,-0.041417657987499,-0.7074101835617754,-0.032213733990277,0.0843693033078684,-0.3021955045754562,1.1075388543323823,-0.0416685460930624,-0.7118977524968977,16.14,-115.67,-271.69,-18.83,0.0,-0.1199041196120104,0.0719424717672062,-0.0479616478448041,0.0,0.0,32,37,37,35,36,-32,-38,-100,-7,0,13.0,12.9,12.9,12.8,12.8,-999,-999,-999,0.0,0.0,0.0
22.68203592300415,-0.0214758226601847,0.0889712653064794,-0.2791856945824011,1.1090728416652529,-0.041417657987499,-0.7074101835617754,-0.032213733990277,0.0843693033078684,-0.3021955045754562,1.1075388543323823,-0.0416685460930624,-0.7118977524968977,0.0,-59.18,-260.93,-16.14,0.0,-0.0719424717672062,0.0719424717672062,-0.023980823922402,0.0,0.0,32,37,37,35,36,-44,-25,-100,-7,0,13.0,12.9,12.8,12.8,12.8,-999,-999,-999,0.0,0.0,0.0
22.698985815048218,-0.0245437973259253,0.0920392399722201,-0.2807196819152714,1.1090728416652529,-0.041417657987499,-0.7074101835617754,-0.0352817086560177,0.0843693033078684,-0.3021955045754562,1.1075388543323823,-0.0416685460930624,-0.7118977524968977,-21.52,-137.19,-269.0,-18.83,0.0,-0.0719424717672062,0.0719424717672062,-0.023980823922402,0.0,0.0,32,37,37,36,36,-44,-32,-94,-13,0,12.9,12.7,12.9,12.8,12.8,-999,-999,-999,0.0,0.0,0.0
22.715980052948,-0.0291457593245363,0.0935732273050904,-0.2791856945824011,1.1106068289981232,-0.041417657987499,-0.7074101835617754,-0.0383496833217584,0.0874372779736091,-0.3021955045754562,1.1075388543323823,-0.0416685460930624,-0.7118977524968977,-37.66,-131.81,-271.69,-18.83,0.0,-0.0719424717672062,0.0719424717672062,-0.023980823922402,0.0,0.0,32,37,37,36,36,-44,-32,-94,-7,0,12.9,12.9,12.9,12.8,12.8,-999,-999,-999,0.0,0.0,0.0
22.73302721977234,-0.032213733990277,0.0951072146379608,-0.2791856945824011,1.1090728416652529,-0.041417657987499,-0.7074101835617754,-0.041417657987499,0.0889712653064794,-0.3021955045754562,1.1075388543323823,-0.0416685460930624,-0.7118977524968977,-24.21,-126.43,-271.69,-18.83,0.0,-0.0959232956896083,0.0959232956896083,-0.023980823922402,0.0,0.0,32,37,37,36,36,-44,-32,-88,-7,0,12.9,12.9,12.9,12.8,12.8,-999,-999,-999,0.0,0.0,0.0
22.75004506111145,-0.0352817086560177,0.0981751893037015,-0.2807196819152714,1.1090728416652529,-0.041417657987499,-0.7074101835617754,-0.0444856326532397,0.0920392399722201,-0.3021955045754562,1.1075388543323823,-0.0416685460930624,-0.7118977524968977,0.0,-118.36,-271.69,-16.14,0.0,-0.1438849435344125,0.0959232956896083,0.0,0.0,0.0,32,37,37,35,36,-38,-25,-88,-13,0,12.9,12.9,12.8,12.8,12.8,-999,-999,-999,0.0,0.0,0.0
22.7669997215271,-0.041417657987499,0.0997091766365718,-0.2807196819152714,1.1090728416652529,-0.041417657987499,-0.7074101835617754,-0.0475536073189804,0.0935732273050904,-0.3037294919083265,1.1075388543323823,-0.0416685460930624,-0.7118977524968977,13.45,-126.43,-263.62,-16.14,0.0,-0.1918465913792167,0.0959232956896083,0.0,0.0,0.0,32,37,37,35,36,-25,-32,-94,-13,0,13.0,12.9,12.8,12.8,12.8,-999,-999,-999,0.0,0.0,0.0
22.78401684761048,-0.0475536073189804,0.1012431639694421,-0.2807196819152714,1.1090728416652529,-0.041417657987499,-0.7074101835617754,-0.0490875946518507,0.0966412019708311,-0.3037294919083265,1.1075388543323823,-0.0416685460930624,-0.7118977524968977,16.14,-99.53,-271.69,-16.14,0.0,-0.2158274153016187,0.0959232956896083,0.0,0.0,0.0,33,37,37,35,36,-7,-25,-94,-7,0,13.0,12.9,12.8,12.8,12.8,-999,-999,-999,0.0,0.0,0.0
22.801023483276367,-0.0521555693175914,0.1043111386351828,-0.2807196819152714,1.1106068289981232,-0.041417657987499,-0.7074101835617754,-0.0521555693175914,0.0981751893037015,-0.3052634792411968,1.1075388543323823,-0.0416685460930624,-0.7118977524968977,0.0,-115.67,-287.83,-18.83,0.0,-0.263789063146423,0.0959232956896083,0.0,0.0,0.0,32,37,37,35,36,0,-19,-100,-7,0,13.0,12.9,12.9,12.8,12.8,-999,-999,-999,0.0,0.0,0.0
22.81799578666687,-0.0536895566504617,0.1058451259680531,-0.2807196819152714,1.1090728416652529,-0.041417657987499,-0.7074101835617754,-0.0536895566504617,0.1012431639694421,-0.3052634792411968,1.1075388543323823,-0.0416685460930624,-0.7118977524968977,16.14,-112.98,-277.07,-18.83,0.0,-0.263789063146423,0.0959232956896083,0.0,0.0,0.0,32,37,37,35,36,-7,-25,-100,-7,0,13.0,12.9,12.4,12.8,12.8,-999,-999,-999,0.0,0.0,0.0
22.835061073303223,-0.0536895566504617,0.1073791133009235,-0.2822536692481418,1.1090728416652529,-0.041417657987499,-0.7074101835617754,-0.055223543983332,0.1043111386351828,-0.3067974665740672,1.1075388543323823,-0.0416685460930624,-0.7118977524968977,16.14,-115.67,-269.0,-18.83,0.0,-0.2158274153016187,0.0959232956896083,0.0,0.0,0.0,32,37,37,35,36,0,-19,-100,-7,0,12.9,13.0,12.9,12.8,12.8,-999,-999,-999,0.0,0.0,0.0
22.852059364318848,-0.055223543983332,0.1119810752995345,-0.2822536692481418,1.1106068289981232,-0.041417657987499,-0.7074101835617754,-0.0567575313162024,0.1073791133009235,-0.3083314539069375,1.1075388543323823,-0.0416685460930624,-0.7118977524968977,8.07,-118.36,-260.93,-16.14,0.0,-0.1438849435344125,0.1199041196120104,-0.023980823922402,0.0,0.0,32,37,37,35,36,-7,-25,-100,-13,0,12.9,13.0,12.9,12.8,12.8,-999,-999,-999,0.0,0.0,0.0
22.869096279144287,-0.0536895566504617,0.1150490499652752,-0.2853216439138825,1.1090728416652529,-0.041417657987499,-0.7074101835617754,-0.0582915186490727,0.1119810752995345,-0.3113994285726782,1.1075388543323823,-0.0432025334259327,-0.7393115559076874,-43.04,-107.6,-263.62,-18.83,0.0,-0.0719424717672062,0.1438849435344125,-0.023980823922402,0.0,0.0,32,37,37,35,36,-7,-19,-100,-13,0,12.9,13.0,12.8,12.8,12.8,-999,-999,-999,0.0,0.0,0.0
22.88600420951844,-0.0521555693175914,0.1165830372981455,-0.2853216439138825,1.1090728416652529,-0.041417657987499,-0.7074101835617754,-0.0582915186490727,0.1119810752995345,-0.3113994285726782,1.1075388543323823,-0.0432025334259327,-0.7393115559076874,5.38,-123.74,-298.59,-16.14,0.0,-0.023980823922402,0.1438849435344125,-0.0479616478448041,0.0,0.0,32,37,37,35,36,-25,-25,-100,-7,-6,12.9,13.0,12.9,12.8,12.8,-999,-999,-999,0.0,0.0,0.0
22.90298819541931,-0.0521555693175914,0.1196510119638862,-0.2868556312467528,1.1090728416652529,-0.041417657987499,-0.7074101835617754,-0.0598255059819431,0.1150490499652752,-0.3129334159055486,1.1075388543323823,-0.0416685460930624,-0.7118977524968977,2.69,-150.64,-271.69,-18.83,0.0,0.0,0.1438849435344125,-0.0479616478448041,0.0,0.0,32,37,37,35,36,-32,-25,-107,-13,0,12.9,13.0,12.6,12.8,12.8,-999,-999,-999,0.0,0.0,0.0
22.920003652572632,-0.0536895566504617,0.1227189866296268,-0.2883896185796232,1.1090728416652529,-0.041417657987499,-0.7074101835617754,-0.0598255059819431,0.1181170246310158,-0.3144674032384189,1.1075388543323823,-0.0432025334259327,-0.7393115559076874,-18.83,-137.19,-277.07,-18.83,0.0,0.0,0.1438849435344125,-0.0719424717672062,0.0,0.0,32,37,37,36,36,-25,-25,-107,-7,-6,13.0,12.9,12.8,12.8,12.8,-999,-999,-999,0.0,0.0,0.0
22.93704867362976,-0.055223543983332,0.1257869612953675,-0.2914575932453638,1.1106068289981232,-0.041417657987499,-0.7074101835617754,-0.0613594933148134,0.1242529739624972,-0.3190693652370299,1.1075388543323823,-0.0416685460930624,-0.7118977524968977,-18.83,-139.88,-274.38,-16.14,0.0,0.0,0.1678657674568146,-0.0719424717672062,0.0,0.0,32,37,37,36,36,-25,-25,-107,-13,0,13.0,12.9,12.9,12.8,12.8,-999,-999,-999,0.0,0.0,0.0
22.95404171943665,-0.0567575313162024,0.1288549359611082,-0.2914575932453638,1.1106068289981232,-0.041417657987499,-0.7074101835617754,-0.0613594933148134,0.1242529739624972,-0.3190693652370299,1.1075388543323823,-0.0416685460930624,-0.7118977524968977,0.0,-150.64,-279.76,-18.83,0.0,-0.023980823922402,0.1678657674568146,-0.0719424717672062,0.0,0.0,32,38,37,36,36,-19,-25,-113,-7,0,13.0,12.9,13.0,12.8,12.7,-999,-999,-999,0.0,0.0,0.0
22.971003532409668,-0.0598255059819431,0.1319229106268489,-0.2945255679111045,1.1090728416652529,-0.041417657987499,-0.7074101835617754,-0.0628934806476837,0.1288549359611082,-0.3206033525699002,1.1075388543323823,-0.0416685460930624,-0.7118977524968977,2.69,-123.74,-255.55,-16.14,0.0,-0.0719424717672062,0.1678657674568146,-0.0719424717672062,0.0,0.0,32,38,37,36,36,-7,-19,-107,-7,0,13.0,12.9,12.8,12.8,12.8,-999,-999,-999,0.0,0.0,0.0
22.988059282302856,-0.0628934806476837,0.1349908852925895,-0.2975935425768451,1.1090728416652529,-0.041417657987499,-0.7074101835617754,-0.0628934806476837,0.1303889232939785,-0.3221373399027705,1.1075388543323823,-0.0416685460930624,-0.7118977524968977,34.97,-131.81,-217.89,-18.83,0.0,-0.0959232956896083,0.1678657674568146,-0.0959232956896083,0.0,0.0,32,38,37,36,36,6,-19,-100,-7,0,13.0,12.9,12.9,12.8,12.8,-999,-999,-999,0.0,0.0,0.0
23.005001306533813,-0.0659614553134244,0.1380588599583302,-0.2991275299097155,1.1090728416652529,-0.041417657987499,-0.7074101835617754,-0.0644274679805541,0.1349908852925895,-0.3236713272356409,1.1075388543323823,-0.0432025334259327,-0.7393115559076874,-10.76,-121.05,-236.72,-18.83,0.0,-0.1199041196120104,0.1678657674568146,-0.0959232956896083,0.0,0.0,32,38,37,36,36,6,-19,-100,-7,-6,13.0,12.9,12.9,12.8,12.8,-999,-999,-999,0.0,0.0,0.0
23.021955728530884,-0.0659614553134244,0.1411268346240709,-0.3006615172425858,1.1090728416652529,-0.041417657987499,-0.7074101835617754,-0.0644274679805541,0.1380588599583302,-0.3252053145685112,1.1075388543323823,-0.0416685460930624,-0.7118977524968977,21.52,-115.67,-234.03,-18.83,0.0,-0.1199041196120104,0.1678657674568146,-0.1199041196120104,0.0,0.0,32,37,37,36,36,12,-19,-94,-7,0,12.9,12.9,12.8,12.9,12.8,-999,-999,-999,0.0,0.0,0.0
23.0390841960907,-0.0674954426462947,0.1426608219569412,-0.3021955045754562,1.1090728416652529,-0.041417657987499,-0.7074101835617754,-0.0659614553134244,0.1441948092898116,-0.3267393019013815,1.1075388543323823,-0.0416685460930624,-0.7118977524968977,5.38,-61.87,-255.55,-18.83,0.0,-0.1199041196120104,0.1678657674568146,-0.1199041196120104,0.0,0.0,32,37,37,36,36,6,-19,-100,-7,0,12.9,12.9,12.8,12.9,12.8,-999,-999,-999,0.0,0.0,0.0
23.05597805976868,-0.0674954426462947,0.1457287966226819,-0.3037294919083265,1.1090728416652529,-0.041417657987499,-0.7074101835617754,-0.0659614553134244,0.1441948092898116,-0.3267393019013815,1.1075388543323823,-0.0416685460930624,-0.7118977524968977,0.0,-78.01,-225.96,-18.83,0.0,-0.0719424717672062,0.1678657674568146,-0.0959232956896083,0.0,0.0,32,37,37,36,36,6,-13,-94,-7,0,12.9,12.9,12.9,12.9,12.8,-999,-999,-999,0.0,0.0,0.0
23.073015689849854,-0.0674954426462947,0.1472627839555522,-0.3052634792411968,1.1090728416652529,-0.041417657987499,-0.7074101835617754,-0.0659614553134244,0.1487967712884225,-0.3298072765671222,1.1075388543323823,-0.0416685460930624,-0.7118977524968977,-2.69,-56.49,-242.1,-16.14,0.0,-0.0479616478448041,0.1678657674568146,-0.0959232956896083,0.0,0.0,32,37,37,36,36,6,-7,-100,-7,0,12.9,12.9,12.9,12.8,12.8,-999,-999,-999,0.0,0.0,0.0
23.089991331100464,-0.0644274679805541,0.1518647459541632,-0.3083314539069375,1.1090728416652529,-0.041417657987499,-0.7074101835617754,-0.0659614553134244,0.1518647459541632,-0.3298072765671222,1.1075388543323823,-0.0416685460930624,-0.7118977524968977,-5.38,-153.32999999999998,-228.65,-16.14,0.0,0.0,0.1678657674568146,-0.0959232956896083,0.0,0.0,32,37,37,35,36,-7,-7,-88,-7,0,12.9,12.9,12.9,12.8,12.8,-999,-999,-999,0.0,0.0,0.0
23.106985807418823,-0.0628934806476837,0.1564667079527743,-0.3098654412398078,1.1090728416652529,-0.041417657987499,-0.7074101835617754,-0.0659614553134244,0.1549327206199039,-0.3328752512328629,1.1075388543323823,-0.0416685460930624,-0.7118977524968977,21.52,-91.46,-250.17,-16.14,0.0,0.023980823922402,0.1918465913792167,-0.0959232956896083,0.0,0.0,33,37,37,35,36,-13,-13,-94,-13,0,12.9,12.9,12.9,12.8,12.8,-999,-999,-999,0.0,0.0,0.0
23.12397313117981,-0.0628934806476837,0.1595346826185149,-0.3098654412398078,1.1090728416652529,-0.041417657987499,-0.7074101835617754,-0.0659614553134244,0.1595346826185149,-0.3344092385657332,1.1075388543323823,-0.0432025334259327,-0.7393115559076874,37.66,-121.05,-263.62,-16.14,0.0,0.0479616478448041,0.1918465913792167,-0.0959232956896083,0.0,0.0,32,37,37,35,36,-13,-7,-100,-7,-6,12.9,12.9,12.9,12.8,12.8,-999,-999,-999,0.0,0.0,0.0
23.14102816581726,-0.0644274679805541,0.1641366446171259,-0.3113994285726782,1.1106068289981232,-0.041417657987499,-0.7074101835617754,-0.0674954426462947,0.1641366446171259,-0.3359432258986036,1.1075388543323823,-0.0416685460930624,-0.7118977524968977,13.45,-86.08,-279.76,-16.14,0.0,0.0479616478448041,0.2158274153016187,-0.0719424717672062,0.0,0.0,32,37,37,35,36,-19,-7,-100,-7,0,12.9,12.9,12.9,12.8,12.8,-999,-999,-999,0.0,0.0,0.0
23.15797591209412,-0.0644274679805541,0.1702725939486073,-0.3129334159055486,1.1106068289981232,-0.041417657987499,-0.7074101835617754,-0.0659614553134244,0.1672046192828666,-0.3374772132314739,1.1075388543323823,-0.0432025334259327,-0.7393115559076874,5.38,-123.74,-252.86,-18.83,0.0,0.023980823922402,0.2398082392240208,-0.0719424717672062,0.0,0.0,32,37,37,35,36,-7,-13,-100,-7,-6,12.9,12.9,12.8,12.8,12.8,-999,-999,-999,0.0,0.0,0.0
23.17497634887696,-0.0644274679805541,0.1733405686143479,-0.3144674032384189,1.1090728416652529,-0.041417657987499,-0.7074101835617754,-0.0674954426462947,0.1718065812814776,-0.3405451878972146,1.1075388543323823,-0.0416685460930624,-0.7118977524968977,48.42,-104.91,-293.21,-16.14,0.0,0.0,0.2398082392240208,-0.0719424717672062,0.0,0.0,32,37,37,35,36,-13,-13,-145,-7,0,13.0,12.9,12.8,12.8,12.8,-999,-999,-999,0.0,0.0,0.0
23.19294238090515,-0.0659614553134244,0.1794765179458293,-0.3160013905712892,1.1090728416652529,-0.041417657987499,-0.7074101835617754,-0.0674954426462947,0.1764085432800886,-0.3436131625629552,1.1075388543323823,-0.0432025334259327,-0.7393115559076874,0.0,-115.67,-274.38,-18.83,0.0,-0.023980823922402,0.2398082392240208,-0.0719424717672062,0.0,0.0,32,37,37,36,36,-7,-13,-113,-13,-6,13.0,12.9,12.8,12.8,12.8,-999,-999,-999,0.0,0.0,0.0
23.20996737480164,-0.0674954426462947,0.18254449261157,-0.3190693652370299,1.1090728416652529,-0.041417657987499,-0.7074101835617754,-0.0674954426462947,0.1810105052786996,-0.3451471498958256,1.1075388543323823,-0.0416685460930624,-0.7118977524968977,-2.69,-107.6,-287.83,-16.14,0.0,-0.0479616478448041,0.2398082392240208,-0.0719424717672062,0.0,0.0,32,37,37,36,36,0,-13,-113,-13,0,12.9,12.9,12.8,12.8,12.8,-999,-999,-999,0.0,0.0,0.0
23.226981163024902,-0.0690294299791651,0.1871464546101809,-0.3206033525699002,1.1090728416652529,-0.041417657987499,-0.7074101835617754,-0.0674954426462947,0.1856124672773106,-0.3466811372286959,1.1075388543323823,-0.0432025334259327,-0.7393115559076874,32.28,-121.05,-269.0,-18.83,0.0,-0.0479616478448041,0.2398082392240208,-0.0959232956896083,0.0,0.0,32,37,37,35,36,74,-13,-113,-7,-6,12.9,12.9,12.9,12.8,12.8,-999,-999,-999,0.0,0.0,0.0
23.243990182876587,-0.0705634173120354,0.191748416608792,-0.3236713272356409,1.1090728416652529,-0.041417657987499,-0.7074101835617754,-0.0674954426462947,0.1902144292759216,-0.3497491118944366,1.1075388543323823,-0.0432025334259327,-0.7393115559076874,0.0,-91.46,-255.55,-16.14,0.0,-0.0719424717672062,0.2398082392240208,-0.0959232956896083,0.0,0.0,30,37,37,35,36,12,-7,-107,-7,-6,12.9,12.9,12.9,12.8,12.8,-999,-999,-999,0.0,0.0,0.0
23.26098370552063,-0.0705634173120354,0.196350378607403,-0.3252053145685112,1.1106068289981232,-0.041417657987499,-0.7074101835617754,-0.0674954426462947,0.1932824039416623,-0.3528170865601773,1.1075388543323823,-0.0432025334259327,-0.7393115559076874,-5.38,-107.6,-269.0,-16.14,0.0,-0.0719424717672062,0.2398082392240208,-0.0959232956896083,0.0,0.0,32,37,36,35,36,12,-13,-119,-13,-6,12.9,12.9,12.9,12.8,12.8,-999,-999,-999,0.0,0.0,0.0
23.27800273895264,-0.0705634173120354,0.1994183532731436,-0.3282732892342519,1.1106068289981232,-0.041417657987499,-0.7074101835617754,-0.0674954426462947,0.1978843659402733,-0.3558850612259179,1.1075388543323823,-0.0416685460930624,-0.7118977524968977,2.69,-115.67,-263.62,-18.83,0.0,-0.0479616478448041,0.2398082392240208,-0.1199041196120104,0.0,0.0,32,37,37,35,36,12,-13,-119,-7,0,12.9,12.9,12.8,12.8,12.8,-999,-999,-999,0.0,0.0,0.0
23.29499840736389,-0.0705634173120354,0.2040203152717546,-0.3313412638999926,1.1106068289981232,-0.041417657987499,-0.7074101835617754,-0.0674954426462947,0.2024863279388843,-0.3589530358916586,1.1075388543323823,-0.0416685460930624,-0.7118977524968977,21.52,-86.08,-255.55,-16.14,0.0,-0.023980823922402,0.2398082392240208,-0.1438849435344125,0.0,0.0,32,37,37,35,36,12,-13,-119,-13,0,12.9,12.9,12.9,12.8,12.8,-999,-999,-999,0.0,0.0,0.0
23.31214165687561,-0.0690294299791651,0.2070882899374953,-0.3344092385657332,1.1106068289981232,-0.041417657987499,-0.7074101835617754,-0.0644274679805541,0.210156264603236,-0.3635549978902696,1.1075388543323823,-0.0416685460930624,-0.7118977524968977,24.21,-131.81,-220.58,-18.83,0.0,0.0,0.2398082392240208,-0.1438849435344125,0.0,0.0,32,37,37,35,36,12,-19,-113,-7,-6,12.8,12.9,12.9,12.8,12.8,-999,-999,-999,0.0,0.0,0.0
23.3290855884552,-0.0674954426462947,0.2116902519361063,-0.3374772132314739,1.1090728416652529,-0.041417657987499,-0.7074101835617754,-0.0644274679805541,0.2132242392689767,-0.36508898522314,1.1075388543323823,-0.0432025334259327,-0.7393115559076874,2.69,-112.98,-231.34,-18.83,0.0,0.0,0.2398082392240208,-0.1678657674568146,0.0,0.0,32,37,37,35,36,18,-13,-113,-7,0,12.9,12.9,12.9,12.8,12.8,-999,-999,-999,0.0,0.0,0.0
23.34608101844788,-0.0659614553134244,0.2162922139347173,-0.3420791752300849,1.1090728416652529,-0.041417657987499,-0.7074101835617754,-0.0628934806476837,0.2162922139347173,-0.3666229725560103,1.1075388543323823,-0.0432025334259327,-0.7393115559076874,-5.38,-153.32999999999998,-212.51,-16.14,0.0,0.023980823922402,0.2398082392240208,-0.1678657674568146,0.0,0.0,32,37,37,35,36,6,-19,-69,-7,-6,12.9,13.0,12.9,12.8,12.8,-999,-999,-999,0.0,0.0,0.0
23.36310601234436,-0.0644274679805541,0.2208941759333283,-0.3436131625629552,1.1090728416652529,-0.041417657987499,-0.7074101835617754,-0.0628934806476837,0.2208941759333283,-0.369690947221751,1.1075388543323823,-0.0416685460930624,-0.7118977524968977,0.0,-145.26,-212.51,-16.14,0.0,0.0479616478448041,0.2398082392240208,-0.1678657674568146,0.0,0.0,32,37,37,35,36,12,-25,-94,-7,-6,12.9,13.0,12.9,12.8,12.8,-999,-999,-999,0.0,0.0,0.0
23.38004326820373,-0.0628934806476837,0.223962150599069,-0.3451471498958256,1.1090728416652529,-0.041417657987499,-0.7074101835617754,-0.0628934806476837,0.2208941759333283,-0.369690947221751,1.1075388543323823,-0.0416685460930624,-0.7118977524968977,-24.21,-145.26,-223.27,-18.83,0.0,0.0719424717672062,0.2398082392240208,-0.1678657674568146,0.0,0.0,32,37,37,35,36,6,-19,-100,-13,0,13.0,13.0,12.9,12.8,12.8,-999,-999,-999,0.0,0.0,0.0
23.39707612991333,-0.0628934806476837,0.2270301252648097,-0.3482151245615663,1.1106068289981232,-0.041417657987499,-0.7074101835617754,-0.0613594933148134,0.2270301252648097,-0.3727589218874916,1.1075388543323823,-0.0432025334259327,-0.7393115559076874,-5.38,-134.5,-250.17,-18.83,0.0,0.0719424717672062,0.2158274153016187,-0.1678657674568146,0.0,0.0,32,37,38,35,36,6,-19,-100,-13,0,13.0,13.0,12.8,12.8,12.8,-999,-999,-999,0.0,0.0,0.0
23.41401720046997,-0.0613594933148134,0.2316320872634207,-0.3497491118944366,1.1090728416652529,-0.041417657987499,-0.7074101835617754,-0.0613594933148134,0.2270301252648097,-0.3727589218874916,1.1075388543323823,-0.0432025334259327,-0.7393115559076874,-2.69,-145.26,-234.03,-16.14,0.0,0.0719424717672062,0.2158274153016187,-0.1438849435344125,0.0,0.0,32,37,37,35,36,0,-25,-94,-7,-6,13.0,13.0,12.9,12.8,12.8,-999,-999,-999,0.0,0.0,0.0
23.430939197540283,-0.0613594933148134,0.2347000619291614,-0.3512830992273069,1.1106068289981232,-0.041417657987499,-0.7074101835617754,-0.0613594933148134,0.2300980999305504,-0.3742929092203619,1.1075388543323823,-0.0416685460930624,-0.7118977524968977,-2.69,-147.95,-236.72,-18.83,0.0,0.0479616478448041,0.2158274153016187,-0.1199041196120104,0.0,0.0,32,37,37,35,36,0,-25,-88,-13,0,12.9,13.0,12.9,12.8,12.8,-999,-999,-999,0.0,0.0,0.0
23.448946475982662,-0.0613594933148134,0.2377680365949021,-0.3528170865601773,1.1090728416652529,-0.041417657987499,-0.7074101835617754,-0.0598255059819431,0.233166074596291,-0.3758268965532323,1.1075388543323823,-0.0432025334259327,-0.7393115559076874,-2.69,-139.88,-231.34,-16.14,0.0,0.023980823922402,0.1918465913792167,-0.0959232956896083,0.0,0.0,32,38,37,35,36,6,-25,-94,-13,-6,12.9,13.0,12.9,12.8,12.8,-999,-999,-999,0.0,0.0,0.0
23.465975284576416,-0.0613594933148134,0.2408360112606427,-0.3543510738930476,1.1090728416652529,-0.041417657987499,-0.7074101835617754,-0.0582915186490727,0.2362340492620317,-0.3773608838861026,1.1075388543323823,-0.0432025334259327,-0.7393115559076874,8.07,-156.02,-236.72,-16.14,0.0,0.023980823922402,0.1918465913792167,-0.0959232956896083,0.0,0.0,32,38,37,35,36,12,-25,-94,-7,-6,12.9,12.9,12.9,12.8,12.8,-999,-999,-999,0.0,0.0,0.0
23.482972383499146,-0.0613594933148134,0.2439039859263834,-0.3558850612259179,1.1106068289981232,-0.041417657987499,-0.7074101835617754,-0.0567575313162024,0.2408360112606427,-0.378894871218973,1.1075388543323823,-0.0432025334259327,-0.7393115559076874,0.0,-104.91,-231.34,-18.83,0.0,0.0,0.1918465913792167,-0.0959232956896083,0.0,0.0,32,38,37,35,36,18,-19,-94,-13,-6,13.0,12.9,12.9,12.9,12.8,-999,-999,-999,0.0,0.0,0.0
23.50003981590271,-0.0598255059819431,0.2469719605921241,-0.3574190485587883,1.1090728416652529,-0.041417657987499,-0.7074101835617754,-0.055223543983332,0.2439039859263834,-0.3804288585518433,1.1075388543323823,-0.0432025334259327,-0.7393115559076874,2.69,-147.95,-247.48,-16.14,0.0,0.0,0.1918465913792167,-0.0959232956896083,0.0,0.0,32,38,37,35,36,18,-19,-94,-13,-6,13.0,12.9,12.8,12.8,12.7,-999,-999,-999,0.0,0.0,0.0
23.517006397247314,-0.0582915186490727,0.2515739225907351,-0.3589530358916586,1.1090728416652529,-0.041417657987499,-0.7074101835617754,-0.0521555693175914,0.2531079099236054,-0.383496833217584,1.1075388543323823,-0.0432025334259327,-0.7393115559076874,18.83,-142.57,-250.17,-18.83,0.0,0.0,0.1918465913792167,-0.0959232956896083,0.0,0.0,32,38,37,35,36,18,-19,-94,-7,-6,13.0,12.9,12.8,12.8,12.8,-999,-999,-999,0.0,0.0,0.0
23.53403639793396,-0.0567575313162024,0.2561758845893461,-0.3604870232245289,1.1090728416652529,-0.041417657987499,-0.7074101835617754,-0.0521555693175914,0.2531079099236054,-0.383496833217584,1.1075388543323823,-0.0432025334259327,-0.7393115559076874,37.66,-147.95,-242.1,-18.83,0.0,0.023980823922402,0.1918465913792167,-0.0719424717672062,0.0,0.0,32,38,37,35,36,18,-19,-94,-7,-6,13.0,12.9,12.9,12.8,12.8,-999,-999,-999,0.0,0.0,0.0
23.55104327201844,-0.0567575313162024,0.2592438592550868,-0.3620210105573993,1.1090728416652529,-0.041417657987499,-0.7074101835617754,-0.050621581984721,0.2561758845893461,-0.3850308205504543,1.1075388543323823,-0.0432025334259327,-0.7393115559076874,32.28,-161.4,-244.79,-18.83,0.0,0.0479616478448041,0.1918465913792167,-0.0719424717672062,0.0,0.0,32,38,37,36,36,25,-19,-94,-7,-6,12.9,12.6,12.8,12.7,12.8,-999,-999,-999,0.0,0.0,0.0
23.5680410861969,-0.055223543983332,0.2638458212536978,-0.3635549978902696,1.1090728416652529,-0.041417657987499,-0.7074101835617754,-0.0490875946518507,0.2592438592550868,-0.3865648078833247,1.1075388543323823,-0.0432025334259327,-0.7393115559076874,16.14,-150.64,-234.03,-18.83,0.0,0.0719424717672062,0.2158274153016187,-0.0719424717672062,0.0,0.0,32,38,37,36,36,18,-25,-94,-7,-6,12.9,12.8,12.8,12.8,12.8,-999,-999,-999,0.0,0.0,0.0
23.58497881889344,-0.0521555693175914,0.2669137959194385,-0.36508898522314,1.1090728416652529,-0.041417657987499,-0.7074101835617754,-0.0490875946518507,0.2623118339208274,-0.388098795216195,1.1075388543323823,-0.0432025334259327,-0.7393115559076874,-2.69,-156.02,-247.48,-16.14,0.0,0.0719424717672062,0.2158274153016187,-0.0719424717672062,0.0,0.0,32,38,37,36,36,12,-25,-94,-7,-6,12.9,12.9,12.9,12.8,12.8,-999,-999,-999,0.0,0.0,0.0
23.602118492126465,-0.0475536073189804,0.2699817705851791,-0.36508898522314,1.1090728416652529,-0.041417657987499,-0.7074101835617754,-0.0475536073189804,0.2684477832523088,-0.3911667698819356,1.1075388543323823,-0.0432025334259327,-0.7393115559076874,-10.76,-142.57,-285.14,-16.14,0.0,0.0959232956896083,0.2158274153016187,-0.0719424717672062,0.0,0.0,32,38,37,36,36,0,-19,-100,-7,-6,12.9,12.9,12.9,12.8,12.8,-999,-999,-999,0.0,0.0,0.0
23.619113445281982,-0.04601961998611,0.2730497452509198,-0.3666229725560103,1.1090728416652529,-0.041417657987499,-0.7074101835617754,-0.04601961998611,0.2715157579180495,-0.392700757214806,1.1075388543323823,-0.0432025334259327,-0.7393115559076874,-5.38,-139.88,-295.9,-16.14,0.0,0.0959232956896083,0.1918465913792167,-0.0479616478448041,0.0,0.0,32,38,37,36,36,-7,-25,-107,-7,-6,12.9,13.0,12.9,12.8,12.8,-999,-999,-999,0.0,0.0,0.0
23.636924982070923,-0.0444856326532397,0.2776517072495308,-0.3666229725560103,1.1090728416652529,-0.041417657987499,-0.7074101835617754,-0.04601961998611,0.2730497452509198,-0.3942347445476764,1.1075388543323823,-0.0432025334259327,-0.7393115559076874,16.14,-156.02,-285.14,-18.83,0.0,0.1199041196120104,0.1918465913792167,-0.0479616478448041,0.0,0.0,32,38,37,36,36,-7,-25,-107,-7,0,12.9,12.9,12.9,12.8,12.8,-999,-999,-999,0.0,0.0,0.0
23.65393376350403,-0.0444856326532397,0.2791856945824011,-0.3681569598888806,1.1090728416652529,-0.041417657987499,-0.7074101835617754,-0.04601961998611,0.2730497452509198,-0.3942347445476764,1.1075388543323823,-0.0432025334259327,-0.7393115559076874,8.07,-137.19,-260.93,-16.14,0.0,0.0959232956896083,0.1678657674568146,-0.023980823922402,0.0,0.0,32,38,37,36,36,-13,-25,-107,-7,-6,12.9,13.0,12.9,12.8,12.8,-999,-999,-999,0.0,0.0,0.0
23.670949697494507,-0.0444856326532397,0.2822536692481418,-0.3712249345546213,1.1090728416652529,-0.041417657987499,-0.7074101835617754,-0.04601961998611,0.2761177199166604,-0.3957687318805467,1.1075388543323823,-0.0432025334259327,-0.7393115559076874,2.69,-142.57,-252.86,-18.83,0.0,0.0719424717672062,0.1678657674568146,-0.0479616478448041,0.0,0.0,32,37,37,36,36,-13,-32,-107,-13,-6,12.9,12.9,12.9,12.7,12.8,-999,-999,-999,0.0,0.0,0.0
23.68795824050904,-0.0444856326532397,0.2837876565810122,-0.3712249345546213,1.1106068289981232,-0.041417657987499,-0.7074101835617754,-0.04601961998611,0.2791856945824011,-0.3957687318805467,1.1075388543323823,-0.0432025334259327,-0.7393115559076874,0.0,-88.77,-247.48,-18.83,0.0,0.0479616478448041,0.1678657674568146,-0.0719424717672062,0.0,0.0,32,38,37,36,36,-7,-25,-94,-7,-6,12.9,12.9,12.8,12.8,12.8,-999,-999,-999,0.0,0.0,0.0
23.704972982406616,-0.0444856326532397,0.2883896185796232,-0.3727589218874916,1.1090728416652529,-0.041417657987499,-0.7074101835617754,-0.04601961998611,0.2807196819152714,-0.397302719213417,1.1075388543323823,-0.0432025334259327,-0.7393115559076874,37.66,-131.81,-252.86,-16.14,0.0,0.0,0.1438849435344125,-0.0719424717672062,0.0,0.0,32,38,37,36,36,62,-25,-94,-7,-6,12.9,12.9,12.9,12.8,12.8,-999,-999,-999,0.0,0.0,0.0
23.721943855285645,-0.04601961998611,0.2899236059124935,-0.3742929092203619,1.1090728416652529,-0.041417657987499,-0.7074101835617754,-0.04601961998611,0.2822536692481418,-0.3988367065462873,1.1075388543323823,-0.0432025334259327,-0.7393115559076874,0.0,-121.05,-266.31,-18.83,0.0,0.0,0.1438849435344125,-0.0959232956896083,0.0,0.0,32,38,37,36,36,0,-25,-100,-7,-6,12.9,12.9,12.9,12.8,12.8,-999,-999,-999,0.0,0.0,0.0
23.739003896713257,-0.0475536073189804,0.2914575932453638,-0.3758268965532323,1.1090728416652529,-0.041417657987499,-0.7074101835617754,-0.04601961998611,0.2853216439138825,-0.4003706938791577,1.1075388543323823,-0.0416685460930624,-0.7118977524968977,-2.69,-118.36,-242.1,-18.83,0.0,-0.023980823922402,0.1199041196120104,-0.0719424717672062,0.0,0.0,32,37,37,36,36,6,-32,-94,-7,-6,12.9,13.1,12.9,12.8,12.8,-999,-999,-999,0.0,0.0,0.0
23.75601291656494,-0.050621581984721,0.2929915805782341,-0.3773608838861026,1.1090728416652529,-0.041417657987499,-0.7074101835617754,-0.04601961998611,0.2853216439138825,-0.4003706938791577,1.1075388543323823,-0.0416685460930624,-0.7118977524968977,0.0,-145.26,-220.58,-18.83,0.0,-0.023980823922402,0.1199041196120104,-0.0719424717672062,0.0,0.0,32,37,38,36,36,12,-38,-94,-7,0,12.9,13.0,12.4,12.8,12.8,-999,-999,-999,0.0,0.0,0.0
23.773107528686523,-0.050621581984721,0.2960595552439748,-0.378894871218973,1.1090728416652529,-0.041417657987499,-0.7074101835617754,-0.04601961998611,0.2868556312467528,-0.4003706938791577,1.1075388543323823,-0.0432025334259327,-0.7393115559076874,18.83,-161.4,-228.65,-16.14,0.0,-0.0479616478448041,0.1199041196120104,-0.0719424717672062,0.0,0.0,32,37,37,36,36,18,-44,-88,-13,-6,12.9,13.0,12.9,12.8,12.8,-999,-999,-999,0.0,0.0,0.0
23.79009199142456,-0.0521555693175914,0.2975935425768451,-0.3804288585518433,1.1090728416652529,-0.041417657987499,-0.7074101835617754,-0.04601961998611,0.2853216439138825,-0.4003706938791577,1.1075388543323823,-0.0432025334259327,-0.7393115559076874,0.0,-172.16,-234.03,-16.14,0.0,-0.0479616478448041,0.1199041196120104,-0.0719424717672062,0.0,0.0,32,37,37,36,36,12,-44,-82,-7,-6,12.9,13.0,12.6,12.8,12.8,-999,-999,-999,0.0,0.0,0.0
23.80707025527954,-0.050621581984721,0.2991275299097155,-0.3804288585518433,1.1090728416652529,-0.041417657987499,-0.7074101835617754,-0.04601961998611,0.2853216439138825,-0.4003706938791577,1.1075388543323823,-0.0432025334259327,-0.7393115559076874,8.07,-180.23,-247.48,-18.83,0.0,-0.023980823922402,0.0959232956896083,-0.0719424717672062,0.0,0.0,32,37,37,36,36,12,-50,-82,-7,-6,12.9,13.0,12.8,12.8,12.8,-999,-999,-999,0.0,0.0,0.0
23.82400059700012,-0.050621581984721,0.2991275299097155,-0.3804288585518433,1.1090728416652529,-0.041417657987499,-0.7074101835617754,-0.04601961998611,0.2853216439138825,-0.4003706938791577,1.1075388543323823,-0.0432025334259327,-0.7393115559076874,2.69,-158.71,-247.48,-16.14,0.0,0.0,0.0959232956896083,-0.0479616478448041,0.0,0.0,32,37,37,36,36,6,-57,-82,-7,-6,12.9,12.9,12.9,12.8,12.8,-999,-999,-999,0.0,0.0,0.0
23.840959548950195,-0.0475536073189804,0.2991275299097155,-0.3804288585518433,1.1090728416652529,-0.041417657987499,-0.7074101835617754,-0.04601961998611,0.2868556312467528,-0.4003706938791577,1.1075388543323823,-0.0432025334259327,-0.7393115559076874,0.0,-142.57,-255.55,-18.83,0.0,0.0,0.0719424717672062,-0.023980823922402,0.0,0.0,32,37,37,36,36,6,-50,-88,-13,-6,12.9,12.9,12.9,12.8,12.8,-999,-999,-999,0.0,0.0,0.0
23.857956171035767,-0.04601961998611,0.2991275299097155,-0.3804288585518433,1.1090728416652529,-0.041417657987499,-0.7074101835617754,-0.04601961998611,0.2868556312467528,-0.4003706938791577,1.1075388543323823,-0.0432025334259327,-0.7393115559076874,0.0,-142.57,-244.79,-18.83,0.0,0.023980823922402,0.023980823922402,0.0,0.0,0.0,32,38,37,36,36,0,-50,-82,-7,-6,12.9,12.9,12.9,12.8,12.8,-999,-999,-999,0.0,0.0,0.0
23.8749783039093,-0.04601961998611,0.2991275299097155,-0.378894871218973,1.1090728416652529,-0.041417657987499,-0.7074101835617754,-0.04601961998611,0.2868556312467528,-0.3988367065462873,1.1075388543323823,-0.0432025334259327,-0.7393115559076874,-8.07,-137.19,-252.86,-16.14,0.0,0.023980823922402,0.0,0.0,0.0,0.0,32,39,37,36,36,0,-50,-88,-7,-6,12.9,12.9,12.9,12.8,12.8,-999,-999,-999,0.0,0.0,0.0
23.891928672790527,-0.0444856326532397,0.2991275299097155,-0.3804288585518433,1.1106068289981232,-0.041417657987499,-0.7074101835617754,-0.04601961998611,0.2868556312467528,-0.3988367065462873,1.1075388543323823,-0.0432025334259327,-0.7393115559076874,-29.59,-137.19,-220.58,-18.83,0.0,0.0479616478448041,0.0,0.0,0.0,0.0,32,38,37,36,36,-7,-50,-75,-7,-6,12.9,12.9,12.9,12.8,12.8,-999,-999,-999,0.0,0.0,0.0
23.908944368362427,-0.0444856326532397,0.2991275299097155,-0.3804288585518433,1.1090728416652529,-0.041417657987499,-0.7074101835617754,-0.0475536073189804,0.2868556312467528,-0.3988367065462873,1.1075388543323823,-0.0432025334259327,-0.7393115559076874,10.76,-134.5,-225.96,-18.83,0.0,0.0479616478448041,0.0,0.0,0.0,0.0,32,38,37,36,36,-19,-44,-75,-7,-6,12.9,12.9,12.8,12.8,12.8,-999,-999,-999,0.0,0.0,0.0
23.92607808113098,-0.0444856326532397,0.2991275299097155,-0.3804288585518433,1.1090728416652529,-0.041417657987499,-0.7074101835617754,-0.0490875946518507,0.2883896185796232,-0.3988367065462873,1.1075388543323823,-0.0432025334259327,-0.7393115559076874,24.21,-139.88,-220.58,-18.83,0.0,0.0479616478448041,0.0,0.0,0.0,0.0,32,38,37,36,36,-19,-50,-75,-7,-6,12.9,12.9,12.8,12.8,12.8,-999,-999,-999,0.0,0.0,0.0
23.943023920059204,-0.0444856326532397,0.2991275299097155,-0.3804288585518433,1.1090728416652529,-0.041417657987499,-0.7074101835617754,-0.0490875946518507,0.2883896185796232,-0.3988367065462873,1.1075388543323823,-0.0432025334259327,-0.7393115559076874,26.9,-112.98,-223.27,-18.83,0.0,0.023980823922402,0.0,0.0,0.0,0.0,32,37,37,36,36,-13,-44,-75,-7,-6,12.9,13.0,12.8,12.8,12.8,-999,-999,-999,0.0,0.0,0.0
23.9600932598114,-0.04601961998611,0.2991275299097155,-0.3804288585518433,1.1090728416652529,-0.041417657987499,-0.7074101835617754,-0.0490875946518507,0.2914575932453638,-0.4003706938791577,1.1075388543323823,-0.0432025334259327,-0.7393115559076874,0.0,-156.02,-247.48,-18.83,0.0,0.0,0.0,0.0,0.0,0.0,32,37,37,36,36,-13,-44,-82,-7,-6,12.9,13.0,12.9,12.8,12.8,-999,-999,-999,0.0,0.0,0.0
23.97696352005005,-0.04601961998611,0.2991275299097155,-0.3804288585518433,1.1106068289981232,-0.041417657987499,-0.7074101835617754,-0.0490875946518507,0.2914575932453638,-0.4003706938791577,1.1075388543323823,-0.0432025334259327,-0.7393115559076874,0.0,-131.81,-247.48,-18.83,0.0,-0.023980823922402,0.0,0.0,0.0,0.0,32,37,37,36,36,-7,-38,-82,-13,-6,12.9,12.9,12.9,12.8,12.8,-999,-999,-999,0.0,0.0,0.0
23.993952751159668,-0.0475536073189804,0.3006615172425858,-0.3804288585518433,1.1090728416652529,-0.041417657987499,-0.7074101835617754,-0.0490875946518507,0.2929915805782341,-0.4003706938791577,1.1075388543323823,-0.0432025334259327,-0.7393115559076874,-2.69,-126.43,-247.48,-18.83,0.0,-0.023980823922402,0.0,0.0,0.0,0.0,32,37,37,36,36,0,-32,-82,-7,-6,12.9,13.0,12.9,12.8,12.8,-999,-999,-999,0.0,0.0,0.0
24.011013984680176,-0.050621581984721,0.3021955045754562,-0.3804288585518433,1.1090728416652529,-0.041417657987499,-0.7074101835617754,-0.0490875946518507,0.2945255679111045,-0.4003706938791577,1.1075388543323823,-0.0432025334259327,-0.7393115559076874,-2.69,-115.67,-247.48,-16.14,0.0,-0.0479616478448041,0.023980823922402,0.0,0.0,0.0,32,38,37,36,36,6,-32,-82,-13,-6,12.9,13.0,12.9,12.8,12.8,-999,-999,-999,0.0,0.0,0.0
24.02794313430786,-0.0521555693175914,0.3037294919083265,-0.3804288585518433,1.1106068289981232,-0.041417657987499,-0.7074101835617754,-0.0490875946518507,0.2945255679111045,-0.4003706938791577,1.1075388543323823,-0.0432025334259327,-0.7393115559076874,0.0,-139.88,-247.48,-16.14,0.0,-0.0479616478448041,0.0479616478448041,0.0,0.0,0.0,32,38,37,36,36,6,-38,-82,-7,-6,12.9,13.0,12.9,12.8,12.8,-999,-999,-999,0.0,0.0,0.0
24.044941425323486,-0.0521555693175914,0.3052634792411968,-0.3804288585518433,1.1090728416652529,-0.041417657987499,-0.7074101835617754,-0.0475536073189804,0.2960595552439748,-0.3988367065462873,1.1075388543323823,-0.0432025334259327,-0.7393115559076874,-10.76,-142.57,-220.58,-16.14,0.0,-0.0479616478448041,0.0719424717672062,0.0,0.0,0.0,32,37,37,36,36,12,-38,-75,-7,-6,12.9,12.9,12.9,12.8,12.8,-999,-999,-999,0.0,0.0,0.0
24.06200075149536,-0.0521555693175914,0.3067974665740672,-0.3804288585518433,1.1090728416652529,-0.041417657987499,-0.7074101835617754,-0.0475536073189804,0.2960595552439748,-0.3988367065462873,1.1075388543323823,-0.0432025334259327,-0.7393115559076874,0.0,-166.78,-223.27,-16.14,0.0,-0.0479616478448041,0.0719424717672062,0.0,0.0,0.0,32,37,37,36,36,12,-44,-75,-7,-6,12.9,12.9,12.9,12.8,12.8,-999,-999,-999,0.0,0.0,0.0
24.07894325256348,-0.0521555693175914,0.3083314539069375,-0.378894871218973,1.1090728416652529,-0.041417657987499,-0.7074101835617754,-0.04601961998611,0.2960595552439748,-0.4003706938791577,1.1075388543323823,-0.0432025334259327,-0.7393115559076874,16.14,-177.54,-247.48,-18.83,0.0,-0.023980823922402,0.0719424717672062,0.0,0.0,0.0,32,37,37,34,36,18,-50,-82,-7,-6,13.0,12.9,12.9,12.8,12.8,-999,-999,-999,0.0,0.0,0.0
24.09594440460205,-0.050621581984721,0.3083314539069375,-0.3804288585518433,1.1090728416652529,-0.041417657987499,-0.7074101835617754,-0.04601961998611,0.2960595552439748,-0.3988367065462873,1.1075388543323823,-0.0432025334259327,-0.7393115559076874,16.14,-158.71,-217.89,-18.83,0.0,0.0,0.0719424717672062,0.0,0.0,0.0,32,37,37,35,36,12,-50,-75,-7,-6,13.0,13.0,12.9,12.8,12.8,-999,-999,-999,0.0,0.0,0.0
24.11291670799256,-0.050621581984721,0.3083314539069375,-0.3804288585518433,1.1090728416652529,-0.041417657987499,-0.7074101835617754,-0.04601961998611,0.2960595552439748,-0.4003706938791577,1.1075388543323823,-0.0432025334259327,-0.7393115559076874,-18.83,-172.16,-244.79,-18.83,0.0,0.0,0.0479616478448041,0.0,0.0,0.0,32,37,37,35,36,12,-50,-82,-7,-6,13.0,12.9,13.0,12.8,12.8,-999,-999,-999,0.0,0.0,0.0
24.13003730773925,-0.04601961998611,0.3083314539069375,-0.3804288585518433,1.1090728416652529,-0.041417657987499,-0.7074101835617754,-0.04601961998611,0.2975935425768451,-0.4003706938791577,1.1075388543323823,-0.0416685460930624,-0.7118977524968977,-8.07,-118.36,-247.48,-16.14,0.0,0.023980823922402,0.0479616478448041,0.0,0.0,0.0,32,38,36,35,36,6,-50,-82,-7,0,13.0,12.9,12.9,12.8,12.8,-999,-999,-999,0.0,0.0,0.0
24.147953987121586,-0.0444856326532397,0.3098654412398078,-0.3804288585518433,1.1090728416652529,-0.041417657987499,-0.7074101835617754,-0.04601961998611,0.2991275299097155,-0.4003706938791577,1.1075388543323823,-0.0432025334259327,-0.7393115559076874,-5.38,-156.02,-247.48,-21.52,0.0,0.0479616478448041,0.023980823922402,0.0,0.0,0.0,32,37,37,35,36,0,-50,-82,-13,-6,13.0,12.9,12.8,12.8,12.8,-999,-999,-999,0.0,0.0,0.0
24.165054082870483,-0.0429516453203694,0.3098654412398078,-0.3804288585518433,1.1090728416652529,-0.041417657987499,-0.7074101835617754,-0.04601961998611,0.2991275299097155,-0.3988367065462873,1.1075388543323823,-0.0432025334259327,-0.7393115559076874,21.52,-129.12,-247.48,-16.14,0.0,0.0719424717672062,0.023980823922402,0.0,0.0,0.0,32,37,37,35,36,-13,-44,-82,-7,-6,12.9,12.9,12.9,12.8,12.8,-999,-999,-999,0.0,0.0,0.0
24.18294477462769,-0.0429516453203694,0.3098654412398078,-0.3804288585518433,1.1090728416652529,-0.041417657987499,-0.7074101835617754,-0.04601961998611,0.2991275299097155,-0.3988367065462873,1.1075388543323823,-0.0432025334259327,-0.7393115559076874,37.66,-129.12,-220.58,-18.83,0.0,0.0719424717672062,0.0,0.0,0.0,0.0,32,37,37,35,36,-13,-44,-75,-7,-6,12.5,13.0,12.9,12.8,12.8,-999,-999,-999,0.0,0.0,0.0
24.19994354248047,-0.0429516453203694,0.3098654412398078,-0.3804288585518433,1.1090728416652529,-0.041417657987499,-0.7074101835617754,-0.0444856326532397,0.3021955045754562,-0.3988367065462873,1.1090728416652529,-0.0432025334259327,-0.7393115559076874,8.07,-115.67,-223.27,-8.07,0.0,0.0719424717672062,0.0,0.0,0.0,0.0,32,37,37,35,36,-7,-38,-75,0,-6,12.9,12.4,12.9,12.8,12.8,-999,-999,-999,0.0,0.0,0.0
24.217031955719,-0.0429516453203694,0.3098654412398078,-0.3804288585518433,1.1106068289981232,-0.041417657987499,-0.7074101835617754,-0.0429516453203694,0.3037294919083265,-0.3988367065462873,1.1075388543323823,-0.0432025334259327,-0.7393115559076874,-5.38,-115.67,-223.27,-10.76,0.0,0.0479616478448041,0.0,0.0,0.0,0.0,32,37,36,35,36,0,-38,-75,0,-6,12.9,12.9,12.9,12.8,12.8,-999,-999,-999,0.0,0.0,0.0
24.2339255809784,-0.0429516453203694,0.3113994285726782,-0.3804288585518433,1.1090728416652529,-0.041417657987499,-0.7074101835617754,-0.0429516453203694,0.3037294919083265,-0.3988367065462873,1.1075388543323823,-0.0432025334259327,-0.7393115559076874,-5.38,-102.22,-225.96,-18.83,0.0,0.0,0.0,0.0,0.0,0.0,32,37,37,35,36,0,-32,-75,-7,-6,12.9,13.0,12.9,12.8,12.8,-999,-999,-999,0.0,0.0,0.0
24.25092601776123,-0.0444856326532397,0.3129334159055486,-0.3804288585518433,1.1090728416652529,-0.041417657987499,-0.7074101835617754,-0.0398836706546287,0.3052634792411968,-0.3988367065462873,1.1090728416652529,-0.0432025334259327,-0.7393115559076874,40.35,-121.05,-225.96,-13.45,0.0,0.0,0.023980823922402,0.0,0.0,0.0,32,37,37,35,36,12,-32,-75,-7,-6,12.9,13.0,12.9,12.8,12.8,-999,-999,-999,0.0,0.0,0.0
24.267992734909058,-0.0444856326532397,0.3144674032384189,-0.3804288585518433,1.1090728416652529,-0.041417657987499,-0.7074101835617754,-0.0383496833217584,0.3083314539069375,-0.397302719213417,1.1090728416652529,-0.0432025334259327,-0.7393115559076874,5.38,-118.36,-223.27,-16.14,0.0,0.0,0.0479616478448041,0.0,0.0,0.0,32,37,37,35,36,31,-32,-75,-7,-6,12.9,12.9,12.9,12.8,12.8,-999,-999,-999,0.0,0.0,0.0
24.28502297401428,-0.04601961998611,0.3160013905712892,-0.3804288585518433,1.1090728416652529,-0.041417657987499,-0.7074101835617754,-0.0383496833217584,0.3083314539069375,-0.397302719213417,1.1090728416652529,-0.0432025334259327,-0.7393115559076874,0.0,-115.67,-204.44,-8.07,0.0,-0.023980823922402,0.0479616478448041,0.0,0.0,0.0,32,37,37,35,36,31,-32,-69,0,-6,12.9,12.9,12.9,12.8,12.8,-999,-999,-999,0.0,0.0,0.0
24.30197286605835,-0.0429516453203694,0.3190693652370299,-0.3804288585518433,1.1090728416652529,-0.041417657987499,-0.7074101835617754,-0.0383496833217584,0.3113994285726782,-0.397302719213417,1.1090728416652529,-0.0432025334259327,-0.7393115559076874,24.21,-126.43,-209.82,-13.45,0.0,-0.023980823922402,0.0719424717672062,0.0,0.0,0.0,33,37,37,35,36,25,-32,-69,-7,-6,12.9,12.9,12.9,12.8,12.8,-999,-999,-999,0.0,0.0,0.0
24.319063663482662,-0.0429516453203694,0.3190693652370299,-0.3804288585518433,1.1106068289981232,-0.041417657987499,-0.7074101835617754,-0.036815695988888,0.3160013905712892,-0.397302719213417,1.1090728416652529,-0.0416685460930624,-0.7118977524968977,56.49,-131.81,-212.51,-10.76,0.0,0.0,0.0959232956896083,0.0,0.0,0.0,33,37,37,35,36,25,-32,-69,-7,-6,12.9,13.0,12.9,12.8,12.8,-999,-999,-999,0.0,0.0,0.0
24.335997581481934,-0.041417657987499,0.3221373399027705,-0.3804288585518433,1.1090728416652529,-0.041417657987499,-0.7074101835617754,-0.036815695988888,0.3160013905712892,-0.397302719213417,1.1090728416652529,-0.0416685460930624,-0.7118977524968977,0.0,-139.88,-207.13,-13.45,0.0,0.023980823922402,0.0959232956896083,0.0,0.0,0.0,33,38,37,35,36,18,-32,-69,-7,0,12.9,13.0,12.9,12.8,12.8,-999,-999,-999,0.0,0.0,0.0
24.352935791015625,-0.0383496833217584,0.3252053145685112,-0.3804288585518433,1.1090728416652529,-0.041417657987499,-0.7074101835617754,-0.036815695988888,0.3175353779041595,-0.397302719213417,1.1090728416652529,-0.0432025334259327,-0.7393115559076874,-51.11,-139.88,-209.82,-13.45,0.0,0.0479616478448041,0.0959232956896083,0.0,0.0,0.0,33,38,37,35,36,-57,-32,-69,0,-6,12.9,12.9,12.9,12.8,12.8,-999,-999,-999,0.0,0.0,0.0
24.37000131607056,-0.036815695988888,0.3267393019013815,-0.378894871218973,1.1090728416652529,-0.041417657987499,-0.7074101835617754,-0.036815695988888,0.3190693652370299,-0.397302719213417,1.1106068289981232,-0.0432025334259327,-0.7393115559076874,0.0,-129.12,-209.82,-10.76,0.0,0.0719424717672062,0.1199041196120104,0.0,0.0,0.0,32,37,37,35,36,0,-32,-69,0,-6,12.9,12.9,12.9,12.8,12.8,-999,-999,-999,0.0,0.0,0.0
24.386967182159424,-0.0337477213231473,0.3298072765671222,-0.3804288585518433,1.1106068289981232,-0.041417657987499,-0.7074101835617754,-0.0352817086560177,0.3221373399027705,-0.397302719213417,1.1106068289981232,-0.0432025334259327,-0.7393115559076874,5.38,-150.64,-209.82,-10.76,0.0,0.0959232956896083,0.1199041196120104,0.0,0.0,0.0,32,37,37,35,36,-7,-32,-69,6,-6,12.9,13.0,12.8,12.8,12.8,-999,-999,-999,0.0,0.0,0.0
24.403950452804565,-0.032213733990277,0.3313412638999926,-0.3804288585518433,1.1106068289981232,-0.041417657987499,-0.7074101835617754,-0.036815695988888,0.3221373399027705,-0.397302719213417,1.1090728416652529,-0.0416685460930624,-0.7118977524968977,21.52,-174.85,-207.13,-16.14,0.0,0.0959232956896083,0.1199041196120104,0.0,0.0,0.0,32,37,37,35,36,-19,-38,-69,-7,0,12.9,13.0,12.9,12.8,12.8,-999,-999,-999,0.0,0.0,0.0
24.42090368270874,-0.0337477213231473,0.3328752512328629,-0.3804288585518433,1.1090728416652529,-0.041417657987499,-0.7074101835617754,-0.036815695988888,0.3236713272356409,-0.397302719213417,1.1106068289981232,-0.0432025334259327,-0.7393115559076874,18.83,-153.32999999999998,-209.82,-13.45,0.0,0.0959232956896083,0.1199041196120104,0.0,0.0,0.0,32,37,37,35,36,-13,-38,-69,0,-6,12.9,12.7,13.1,12.8,12.8,-999,-999,-999,0.0,0.0,0.0
24.438024044036865,-0.0337477213231473,0.3344092385657332,-0.3804288585518433,1.1106068289981232,-0.041417657987499,-0.7074101835617754,-0.036815695988888,0.3252053145685112,-0.397302719213417,1.1106068289981232,-0.0432025334259327,-0.7393115559076874,2.69,-177.54,-209.82,-16.14,0.0,0.0719424717672062,0.1199041196120104,0.0,0.0,0.0,32,37,37,35,36,-13,-44,-69,0,-6,12.9,12.9,12.9,12.8,12.8,-999,-999,-999,0.0,0.0,0.0
24.455041885375977,-0.0337477213231473,0.3359432258986036,-0.3804288585518433,1.1106068289981232,-0.041417657987499,-0.7074101835617754,-0.036815695988888,0.3267393019013815,-0.397302719213417,1.1121408163309936,-0.0432025334259327,-0.7393115559076874,2.69,-166.78,-209.82,-13.45,0.0,0.023980823922402,0.0959232956896083,0.0,0.0,0.0,32,37,37,35,36,-13,-44,-69,0,-6,12.9,12.9,12.9,12.8,12.8,-999,-999,-999,0.0,0.0,0.0
24.47205662727356,-0.0352817086560177,0.3390112005643442,-0.3804288585518433,1.1106068289981232,-0.041417657987499,-0.7074101835617754,-0.036815695988888,0.3282732892342519,-0.397302719213417,1.1121408163309936,-0.0432025334259327,-0.7393115559076874,26.9,-180.23,-209.82,-10.76,0.0,0.0,0.0959232956896083,0.0,0.0,0.0,32,37,37,35,36,-7,-50,-69,6,-6,12.9,12.9,12.9,12.8,12.8,-999,-999,-999,0.0,0.0,0.0
24.48894119262696,-0.0383496833217584,0.3390112005643442,-0.3804288585518433,1.1106068289981232,-0.041417657987499,-0.7074101835617754,-0.036815695988888,0.3282732892342519,-0.397302719213417,1.1121408163309936,-0.0432025334259327,-0.7393115559076874,-2.69,-147.95,-209.82,-8.07,0.0,-0.023980823922402,0.0959232956896083,0.0,0.0,0.0,32,37,37,35,36,6,-44,-69,6,-6,12.9,13.0,12.9,12.8,12.8,-999,-999,-999,0.0,0.0,0.0
24.505937576293945,-0.0398836706546287,0.3405451878972146,-0.3804288585518433,1.1106068289981232,-0.041417657987499,-0.7074101835617754,-0.036815695988888,0.3282732892342519,-0.397302719213417,1.1121408163309936,-0.0432025334259327,-0.7393115559076874,0.0,-169.47,-209.82,-8.07,0.0,-0.0479616478448041,0.0719424717672062,0.0,0.0,0.0,32,37,37,35,36,12,-50,-69,6,-6,12.9,13.0,12.9,12.8,12.8,-999,-999,-999,0.0,0.0,0.0
24.522963047027588,-0.041417657987499,0.3405451878972146,-0.3804288585518433,1.1106068289981232,-0.041417657987499,-0.7074101835617754,-0.036815695988888,0.3267393019013815,-0.397302719213417,1.1121408163309936,-0.0432025334259327,-0.7393115559076874,0.0,-177.54,-209.82,-8.07,0.0,-0.0719424717672062,0.0719424717672062,0.0,0.0,0.0,32,37,37,35,36,18,-57,-69,0,-6,12.9,13.0,12.9,12.8,12.8,-999,-999,-999,0.0,0.0,0.0
24.54005718231201,-0.041417657987499,0.3420791752300849,-0.3804288585518433,1.1121408163309936,-0.041417657987499,-0.7074101835617754,-0.036815695988888,0.3282732892342519,-0.397302719213417,1.1121408163309936,-0.0432025334259327,-0.7393115559076874,21.52,-147.95,-209.82,-10.76,0.0,-0.0719424717672062,0.0479616478448041,0.0,0.0,0.0,32,37,37,35,36,18,-50,-69,6,0,12.9,13.0,12.9,12.8,12.8,-999,-999,-999,0.0,0.0,0.0
24.55708146095276,-0.0398836706546287,0.3405451878972146,-0.3804288585518433,1.1121408163309936,-0.041417657987499,-0.7074101835617754,-0.036815695988888,0.3267393019013815,-0.397302719213417,1.1121408163309936,-0.0432025334259327,-0.7393115559076874,34.97,-145.26,-207.13,-10.76,0.0,-0.0479616478448041,0.023980823922402,0.0,0.0,0.0,32,37,37,35,36,12,-50,-69,0,-6,13.0,13.0,12.9,12.8,12.8,-999,-999,-999,0.0,0.0,0.0
24.574057817459103,-0.0398836706546287,0.3405451878972146,-0.3804288585518433,1.1121408163309936,-0.041417657987499,-0.7074101835617754,-0.036815695988888,0.3282732892342519,-0.397302719213417,1.1121408163309936,-0.0432025334259327,-0.7393115559076874,10.76,-166.78,-209.82,-10.76,0.0,0.0,0.0,0.0,0.0,0.0,32,37,37,35,36,12,-63,-69,0,-6,13.0,13.0,12.9,12.8,12.8,-999,-999,-999,0.0,0.0,0.0
24.591049909591675,-0.0383496833217584,0.3405451878972146,-0.3804288585518433,1.1121408163309936,-0.041417657987499,-0.7074101835617754,-0.036815695988888,0.3282732892342519,-0.397302719213417,1.113674803663864,-0.0432025334259327,-0.7393115559076874,-5.38,-153.32999999999998,-209.82,-8.07,0.0,0.0,0.0,0.0,0.0,0.0,33,37,37,35,36,6,-57,-69,0,-6,12.9,12.9,12.9,12.8,12.8,-999,-999,-999,0.0,0.0,0.0
24.60801315307617,-0.0352817086560177,0.3405451878972146,-0.3804288585518433,1.1121408163309936,-0.041417657987499,-0.7074101835617754,-0.036815695988888,0.3282732892342519,-0.397302719213417,1.113674803663864,-0.0432025334259327,-0.7393115559076874,-5.38,-142.57,-209.82,-5.38,0.0,0.023980823922402,0.0,0.0,0.0,0.0,32,37,37,35,36,0,-50,-69,6,-6,12.9,12.9,12.9,12.8,12.8,-999,-999,-999,0.0,0.0,0.0
24.624964714050293,-0.0337477213231473,0.3405451878972146,-0.3804288585518433,1.1121408163309936,-0.041417657987499,-0.7074101835617754,-0.036815695988888,0.3282732892342519,-0.397302719213417,1.113674803663864,-0.0432025334259327,-0.7393115559076874,16.14,-142.57,-212.51,-5.38,0.0,0.0479616478448041,0.0,0.0,0.0,0.0,32,37,37,36,36,-13,-50,-75,6,-6,12.9,12.9,12.9,12.8,12.8,-999,-999,-999,0.0,0.0,0.0
24.642009973526,-0.0337477213231473,0.3405451878972146,-0.3804288585518433,1.1121408163309936,-0.041417657987499,-0.7074101835617754,-0.036815695988888,0.3282732892342519,-0.397302719213417,1.1121408163309936,-0.0432025334259327,-0.7393115559076874,43.04,-142.57,-209.82,-5.38,0.0,0.0719424717672062,0.0,0.0,0.0,0.0,32,37,37,36,36,-13,-50,-69,6,-6,12.9,12.9,12.9,12.8,12.8,-999,-999,-999,0.0,0.0,0.0
24.65907502174377,-0.0337477213231473,0.3405451878972146,-0.3804288585518433,1.1121408163309936,-0.041417657987499,-0.7074101835617754,-0.036815695988888,0.3282732892342519,-0.397302719213417,1.113674803663864,-0.0432025334259327,-0.7393115559076874,21.52,-142.57,-212.51,-8.07,0.0,0.0719424717672062,0.0,0.0,0.0,0.0,32,37,37,36,36,-13,-50,-69,0,-6,12.9,12.7,12.9,12.8,12.8,-999,-999,-999,0.0,0.0,0.0
24.67591524124145,-0.0337477213231473,0.3405451878972146,-0.3804288585518433,1.113674803663864,-0.041417657987499,-0.7074101835617754,-0.036815695988888,0.3282732892342519,-0.397302719213417,1.113674803663864,-0.0432025334259327,-0.7393115559076874,0.0,-147.95,-209.82,-10.76,0.0,0.0479616478448041,0.0,0.0,0.0,0.0,32,37,37,36,36,-13,-50,-69,6,-6,12.9,12.9,12.9,12.8,12.8,-999,-999,-999,0.0,0.0,0.0
24.692960500717163,-0.0352817086560177,0.3405451878972146,-0.3804288585518433,1.1121408163309936,-0.041417657987499,-0.7074101835617754,-0.036815695988888,0.3282732892342519,-0.3957687318805467,1.113674803663864,-0.0432025334259327,-0.7393115559076874,0.0,-145.26,-180.23,-10.76,0.0,0.0,0.0,0.0,0.0,0.0,32,37,37,36,36,-7,-50,-63,6,-6,12.9,12.9,12.9,12.8,12.8,-999,-999,-999,0.0,0.0,0.0
24.710063219070435,-0.036815695988888,0.3405451878972146,-0.3804288585518433,1.113674803663864,-0.041417657987499,-0.7074101835617754,-0.0352817086560177,0.3282732892342519,-0.3957687318805467,1.113674803663864,-0.0432025334259327,-0.7393115559076874,-2.69,-142.57,-207.13,-10.76,0.0,0.0,0.0,0.0,0.0,0.0,32,37,37,36,36,6,-50,-69,0,-6,12.9,12.9,12.8,12.8,12.8,-999,-999,-999,0.0,0.0,0.0
24.726989030838013,-0.0383496833217584,0.3420791752300849,-0.3804288585518433,1.113674803663864,-0.041417657987499,-0.7074101835617754,-0.0352817086560177,0.3282732892342519,-0.3957687318805467,1.113674803663864,-0.0432025334259327,-0.7393115559076874,0.0,-137.19,-180.23,-10.76,0.0,-0.023980823922402,0.0,0.0,0.0,0.0,32,37,37,36,36,12,-50,-63,0,-6,12.9,12.9,12.9,12.8,12.8,-999,-999,-999,0.0,0.0,0.0
24.74396061897278,-0.0398836706546287,0.3405451878972146,-0.3804288585518433,1.113674803663864,-0.041417657987499,-0.7074101835617754,-0.0352817086560177,0.3282732892342519,-0.3957687318805467,1.113674803663864,-0.0432025334259327,-0.7393115559076874,0.0,-169.47,-231.34,-10.76,0.0,-0.0479616478448041,0.0,0.0,0.0,0.0,32,37,37,36,36,18,-63,-69,0,-6,12.9,12.9,12.9,12.8,12.8,-999,-999,-999,0.0,0.0,0.0
24.76089811325073,-0.0398836706546287,0.3405451878972146,-0.3804288585518433,1.113674803663864,-0.041417657987499,-0.7074101835617754,-0.0352817086560177,0.3282732892342519,-0.3957687318805467,1.113674803663864,-0.0432025334259327,-0.7393115559076874,0.0,-145.26,-180.23,-13.45,0.0,-0.0479616478448041,0.0,0.0,0.0,0.0,32,37,37,36,36,18,-50,-63,0,-6,12.9,12.9,12.9,12.8,12.8,-999,-999,-999,0.0,0.0,0.0
24.77804040908813,-0.0383496833217584,0.3405451878972146,-0.3804288585518433,1.113674803663864,-0.041417657987499,-0.7074101835617754,-0.0352817086560177,0.3267393019013815,-0.3957687318805467,1.113674803663864,-0.0432025334259327,-0.7393115559076874,24.21,-172.16,-185.61,-10.76,0.0,-0.0479616478448041,0.0,0.0,0.0,0.0,32,37,37,36,36,18,-57,-63,0,-6,12.9,12.9,12.9,12.8,12.8,-999,-999,-999,0.0,0.0,0.0
24.794925928115845,-0.0383496833217584,0.3405451878972146,-0.3804288585518433,1.113674803663864,-0.041417657987499,-0.7074101835617754,-0.0352817086560177,0.3267393019013815,-0.3957687318805467,1.113674803663864,-0.0432025334259327,-0.7393115559076874,24.21,-169.47,-185.61,-10.76,0.0,-0.023980823922402,0.0,0.0,0.0,0.0,33,37,37,36,36,12,-57,-63,0,-6,12.7,12.9,13.0,12.8,12.8,-999,-999,-999,0.0,0.0,0.0
24.81187152862549,-0.036815695988888,0.3405451878972146,-0.3804288585518433,1.113674803663864,-0.041417657987499,-0.7074101835617754,-0.0352817086560177,0.3267393019013815,-0.397302719213417,1.113674803663864,-0.0432025334259327,-0.7393115559076874,5.38,-166.78,-207.13,-10.76,0.0,0.0,0.0,0.0,0.0,0.0,32,37,37,36,36,12,-57,-69,0,-6,12.9,12.9,12.8,12.8,12.8,-999,-999,-999,0.0,0.0,0.0
24.828869342803955,-0.0352817086560177,0.3405451878972146,-0.3804288585518433,1.113674803663864,-0.041417657987499,-0.7074101835617754,-0.0352817086560177,0.3267393019013815,-0.3957687318805467,1.113674803663864,-0.0416685460930624,-0.7118977524968977,0.0,-172.16,-188.3,-16.14,0.0,0.023980823922402,0.0,0.0,0.0,0.0,33,37,37,36,36,6,-57,-63,0,0,12.9,12.9,12.9,12.8,12.8,-999,-999,-999,0.0,0.0,0.0
24.8459792137146,-0.0337477213231473,0.3405451878972146,-0.3804288585518433,1.113674803663864,-0.041417657987499,-0.7074101835617754,-0.0352817086560177,0.3252053145685112,-0.3957687318805467,1.113674803663864,-0.0432025334259327,-0.7393115559076874,-5.38,-204.44,-185.61,-13.45,0.0,0.0479616478448041,0.0,0.0,0.0,0.0,33,37,37,35,36,-7,-69,-63,0,-6,12.9,13.0,12.9,12.8,12.8,-999,-999,-999,0.0,0.0,0.0
24.862976789474487,-0.032213733990277,0.3405451878972146,-0.3804288585518433,1.1152087909967343,-0.041417657987499,-0.7074101835617754,-0.0352817086560177,0.3267393019013815,-0.3942347445476764,1.113674803663864,-0.0432025334259327,-0.7393115559076874,-16.14,-182.92,-172.16,-10.76,0.0,0.0479616478448041,0.0,0.0,0.0,0.0,33,37,37,35,36,-7,-63,-57,-7,-6,12.9,12.9,12.9,12.8,12.8,-999,-999,-999,0.0,0.0,0.0
24.87996768951416,-0.032213733990277,0.3420791752300849,-0.3804288585518433,1.1152087909967343,-0.041417657987499,-0.7074101835617754,-0.0352817086560177,0.3267393019013815,-0.3957687318805467,1.113674803663864,-0.0432025334259327,-0.7393115559076874,37.66,-166.78,-185.61,-10.76,0.0,0.0719424717672062,0.0,0.0,0.0,0.0,32,37,36,35,36,-13,-57,-63,0,-6,12.9,12.9,12.9,12.8,12.8,-999,-999,-999,0.0,0.0,0.0
24.89691281318665,-0.032213733990277,0.3405451878972146,-0.3804288585518433,1.1152087909967343,-0.041417657987499,-0.7074101835617754,-0.036815695988888,0.3267393019013815,-0.3942347445476764,1.1152087909967343,-0.0432025334259327,-0.7393115559076874,5.38,-166.78,-174.85,-10.76,0.0,0.0479616478448041,0.0,0.0,0.0,0.0,32,37,36,35,36,-19,-57,-57,6,-6,12.9,12.9,12.9,12.8,12.8,-999,-999,-999,0.0,0.0,0.0
24.91385126113892,-0.0337477213231473,0.3405451878972146,-0.3804288585518433,1.1152087909967343,-0.041417657987499,-0.7074101835617754,-0.036815695988888,0.3267393019013815,-0.3942347445476764,1.1152087909967343,-0.0432025334259327,-0.7393115559076874,16.14,-169.47,-174.85,-10.76,0.0,0.023980823922402,0.0,0.0,0.0,0.0,32,37,37,35,36,-13,-57,-57,0,-6,12.9,12.9,12.9,12.8,12.8,-999,-999,-999,0.0,0.0,0.0
24.93097686767578,-0.0352817086560177,0.3405451878972146,-0.3804288585518433,1.1152087909967343,-0.041417657987499,-0.7074101835617754,-0.0383496833217584,0.3282732892342519,-0.3942347445476764,1.1152087909967343,-0.0432025334259327,-0.7393115559076874,16.14,-169.47,-174.85,-10.76,0.0,0.0,0.0,0.0,0.0,0.0,32,37,37,35,36,-19,-57,-57,0,-6,12.9,12.9,12.9,12.8,12.8,-999,-999,-999,0.0,0.0,0.0
24.9478816986084,-0.036815695988888,0.3405451878972146,-0.3804288585518433,1.1152087909967343,-0.041417657987499,-0.7074101835617754,-0.0383496833217584,0.3282732892342519,-0.3942347445476764,1.1152087909967343,-0.0432025334259327,-0.7393115559076874,8.07,-150.64,-177.54,-10.76,0.0,-0.023980823922402,0.0,0.0,0.0,0.0,32,37,37,35,36,-7,-57,-63,0,-6,12.9,12.9,12.9,12.8,12.8,-999,-999,-999,0.0,0.0,0.0
24.964895486831665,-0.0383496833217584,0.3405451878972146,-0.3804288585518433,1.1152087909967343,-0.041417657987499,-0.7074101835617754,-0.0383496833217584,0.3282732892342519,-0.3942347445476764,1.1152087909967343,-0.0432025334259327,-0.7393115559076874,0.0,-139.88,-174.85,-10.76,0.0,-0.0479616478448041,0.0,0.0,0.0,0.0,32,37,37,35,36,0,-50,-57,0,-6,12.9,12.9,12.8,12.8,12.8,-999,-999,-999,0.0,0.0,0.0
24.98195242881775,-0.041417657987499,0.3420791752300849,-0.3804288585518433,1.1152087909967343,-0.041417657987499,-0.7074101835617754,-0.0398836706546287,0.3282732892342519,-0.3942347445476764,1.1152087909967343,-0.0432025334259327,-0.7393115559076874,-2.69,-174.85,-174.85,-10.76,0.0,-0.0719424717672062,0.0,0.0,0.0,0.0,32,37,37,35,36,6,-63,-57,0,-6,12.9,12.9,12.9,12.8,12.8,-999,-999,-999,0.0,0.0,0.0
24.99888825416565,-0.0429516453203694,0.3405451878972146,-0.3804288585518433,1.1152087909967343,-0.041417657987499,-0.7074101835617754,-0.0398836706546287,0.3282732892342519,-0.3942347445476764,1.1152087909967343,-0.0432025334259327,-0.7393115559076874,0.0,-139.88,-174.85,-13.45,0.0,-0.0959232956896083,0.0,0.0,0.0,0.0,32,37,37,35,36,12,-50,-57,0,-6,12.9,12.9,12.9,12.8,12.8,-999,-999,-999,0.0,0.0,0.0
25.015899896621704,-0.0429516453203694,0.3420791752300849,-0.3804288585518433,1.1152087909967343,-0.041417657987499,-0.7074101835617754,-0.0383496833217584,0.3282732892342519,-0.3942347445476764,1.1152087909967343,-0.0432025334259327,-0.7393115559076874,5.38,-142.57,-174.85,-18.83,0.0,-0.0959232956896083,0.0,0.0,0.0,0.0,32,37,37,35,36,18,-50,-57,-7,-6,12.9,12.9,12.9,12.8,12.8,-999,-999,-999,0.0,0.0,0.0
25.03302311897278,-0.0429516453203694,0.3405451878972146,-0.3804288585518433,1.116742778329605,-0.041417657987499,-0.7074101835617754,-0.0398836706546287,0.3267393019013815,-0.3942347445476764,1.1152087909967343,-0.0432025334259327,-0.7393115559076874,21.52,-174.85,-174.85,-16.14,0.0,-0.0719424717672062,0.0,0.0,0.0,0.0,32,38,37,35,36,12,-57,-57,-7,-6,12.9,12.9,12.9,12.8,12.8,-999,-999,-999,0.0,0.0,0.0
25.049948692321777,-0.0429516453203694,0.3420791752300849,-0.3804288585518433,1.116742778329605,-0.041417657987499,-0.7074101835617754,-0.0398836706546287,0.3267393019013815,-0.3942347445476764,1.1152087909967343,-0.0432025334259327,-0.7393115559076874,34.97,-169.47,-177.54,-16.14,0.0,-0.0479616478448041,0.0,0.0,0.0,0.0,32,38,37,35,36,12,-57,-57,0,-6,12.9,12.9,12.9,12.8,12.8,-999,-999,-999,0.0,0.0,0.0
25.06689071655273,-0.0429516453203694,0.3405451878972146,-0.3804288585518433,1.116742778329605,-0.041417657987499,-0.7074101835617754,-0.0398836706546287,0.3267393019013815,-0.3942347445476764,1.116742778329605,-0.0432025334259327,-0.7393115559076874,5.38,-172.16,-174.85,-10.76,0.0,0.0,0.0,0.0,0.0,0.0,32,38,37,35,36,12,-63,-57,6,-6,12.9,12.9,12.9,12.8,12.8,-999,-999,-999,0.0,0.0,0.0
25.083951234817505,-0.041417657987499,0.3405451878972146,-0.3804288585518433,1.116742778329605,-0.041417657987499,-0.7074101835617754,-0.0383496833217584,0.3252053145685112,-0.3942347445476764,1.1152087909967343,-0.0432025334259327,-0.7393115559076874,13.45,-215.2,-174.85,-10.76,0.0,0.0,0.0,0.0,0.0,0.0,32,38,37,35,36,6,-69,-57,-7,-6,12.9,12.9,12.9,12.8,12.8,-999,-999,-999,0.0,0.0,0.0
25.101901292800903,-0.0383496833217584,0.3405451878972146,-0.3804288585518433,1.1152087909967343,-0.041417657987499,-0.7074101835617754,-0.0383496833217584,0.3252053145685112,-0.3942347445476764,1.1152087909967343,-0.0432025334259327,-0.7393115559076874,0.0,-207.13,-139.88,-13.45,0.0,0.023980823922402,0.0,0.0,0.0,0.0,32,37,37,35,36,0,-69,-50,0,-6,12.9,12.9,12.9,12.8,12.8,-999,-999,-999,0.0,0.0,0.0
25.11894989013672,-0.036815695988888,0.3420791752300849,-0.3804288585518433,1.116742778329605,-0.041417657987499,-0.7074101835617754,-0.0383496833217584,0.3252053145685112,-0.3942347445476764,1.1152087909967343,-0.0432025334259327,-0.7393115559076874,-5.38,-209.82,-174.85,-13.45,0.0,0.0479616478448041,0.0,0.0,0.0,0.0,32,38,37,35,36,0,-69,-57,-7,-6,12.9,12.9,12.9,12.8,12.8,-999,-999,-999,0.0,0.0,0.0
25.13596272468567,-0.036815695988888,0.3405451878972146,-0.3804288585518433,1.116742778329605,-0.041417657987499,-0.7074101835617754,-0.036815695988888,0.3252053145685112,-0.3942347445476764,1.1152087909967343,-0.0432025334259327,-0.7393115559076874,0.0,-207.13,-174.85,-16.14,0.0,0.0719424717672062,0.0,0.0,0.0,0.0,32,37,37,35,36,0,-69,-57,0,-6,12.9,12.9,12.9,12.8,12.8,-999,-999,-999,0.0,0.0,0.0
25.15293574333191,-0.036815695988888,0.3405451878972146,-0.3804288585518433,1.1152087909967343,-0.041417657987499,-0.7074101835617754,-0.036815695988888,0.3252053145685112,-0.3942347445476764,1.1152087909967343,-0.0432025334259327,-0.7393115559076874,-5.38,-209.82,-174.85,-13.45,0.0,0.0479616478448041,0.0,0.0,0.0,0.0,32,37,37,35,36,0,-69,-57,-7,-6,12.9,12.9,12.9,12.8,12.8,-999,-999,-999,0.0,0.0,0.0
25.17003035545349,-0.0352817086560177,0.3405451878972146,-0.3804288585518433,1.116742778329605,-0.041417657987499,-0.7074101835617754,-0.036815695988888,0.3252053145685112,-0.3942347445476764,1.1152087909967343,-0.0432025334259327,-0.7393115559076874,0.0,-204.44,-174.85,-13.45,0.0,0.0479616478448041,0.0,0.0,0.0,0.0,32,37,37,35,36,0,-69,-57,-7,-6,12.9,12.9,12.9,12.8,12.8,-999,-999,-999,0.0,0.0,0.0
25.18688678741455,-0.036815695988888,0.3405451878972146,-0.3804288585518433,1.1152087909967343,-0.041417657987499,-0.7074101835617754,-0.036815695988888,0.3252053145685112,-0.3942347445476764,1.1152087909967343,-0.0432025334259327,-0.7393115559076874,0.0,-212.51,-174.85,-13.45,0.0,0.023980823922402,0.0,0.0,0.0,0.0,32,37,37,35,36,-7,-75,-57,-7,-6,12.9,12.9,12.9,12.8,12.8,-999,-999,-999,0.0,0.0,0.0
25.20591640472412,-0.0352817086560177,0.3405451878972146,-0.3804288585518433,1.116742778329605,-0.041417657987499,-0.7074101835617754,-0.0352817086560177,0.3252053145685112,-0.3942347445476764,1.1152087909967343,-0.0432025334259327,-0.7393115559076874,0.0,-212.51,-174.85,-13.45,0.0,0.0,0.0,0.0,0.0,0.0,32,37,37,35,37,0,-69,-57,-7,-6,12.9,13.0,12.9,12.8,12.8,-999,-999,-999,0.0,0.0,0.0
25.222930908203125,-0.036815695988888,0.3420791752300849,-0.3804288585518433,1.116742778329605,-0.041417657987499,-0.7074101835617754,-0.0352817086560177,0.3252053145685112,-0.3942347445476764,1.1152087909967343,-0.0432025334259327,-0.7393115559076874,-5.38,-209.82,-174.85,-13.45,0.0,0.0,0.0,0.0,0.0,0.0,32,37,37,35,36,6,-75,-57,-7,-6,12.9,13.0,12.8,12.8,12.8,-999,-999,-999,0.0,0.0,0.0
25.24005436897278,-0.036815695988888,0.3405451878972146,-0.3804288585518433,1.116742778329605,-0.041417657987499,-0.7074101835617754,-0.0352817086560177,0.3252053145685112,-0.3942347445476764,1.1152087909967343,-0.0432025334259327,-0.7393115559076874,-5.38,-209.82,-174.85,-13.45,0.0,0.0,0.0,0.0,0.0,0.0,32,37,37,35,36,6,-69,-57,0,-6,12.9,12.9,12.9,12.9,12.8,-999,-999,-999,0.0,0.0,0.0
25.256957292556763,-0.036815695988888,0.3420791752300849,-0.3804288585518433,1.116742778329605,-0.041417657987499,-0.7074101835617754,-0.0352817086560177,0.3252053145685112,-0.3942347445476764,1.1152087909967343,-0.0432025334259327,-0.7393115559076874,-5.38,-209.82,-174.85,-13.45,0.0,0.0,0.0,0.0,0.0,0.0,32,37,37,35,36,6,-75,-57,-7,-6,12.9,12.9,12.9,12.9,12.8,-999,-999,-999,0.0,0.0,0.0
25.273840188980103,-0.036815695988888,0.3405451878972146,-0.3804288585518433,1.116742778329605,-0.041417657987499,-0.7074101835617754,-0.0352817086560177,0.3252053145685112,-0.3942347445476764,1.1152087909967343,-0.0432025334259327,-0.7393115559076874,-5.38,-212.51,-174.85,-13.45,0.0,0.0,0.0,0.0,0.0,0.0,32,38,36,35,36,0,-75,-57,-7,-6,12.9,12.9,12.9,12.9,12.8,-999,-999,-999,0.0,0.0,0.0
25.29088044166565,-0.036815695988888,0.3405451878972146,-0.3804288585518433,1.116742778329605,-0.041417657987499,-0.7074101835617754,-0.0352817086560177,0.3252053145685112,-0.3942347445476764,1.1152087909967343,-0.0432025334259327,-0.7393115559076874,-5.38,-207.13,-174.85,-13.45,0.0,0.0,0.0,0.0,0.0,0.0,32,38,37,35,36,6,-69,-57,-7,-6,12.9,12.9,12.9,12.9,12.8,-999,-999,-999,0.0,0.0,0.0
25.307927131652832,-0.036815695988888,0.3405451878972146,-0.3804288585518433,1.1152087909967343,-0.041417657987499,-0.7074101835617754,-0.0352817086560177,0.3252053145685112,-0.3942347445476764,1.1152087909967343,-0.0432025334259327,-0.7393115559076874,-5.38,-207.13,-174.85,-16.14,0.0,0.0,0.0,0.0,0.0,0.0,32,38,37,35,36,6,-69,-57,-7,-6,12.9,12.9,12.8,12.9,12.8,-999,-999,-999,0.0,0.0,0.0
25.32493495941162,-0.036815695988888,0.3420791752300849,-0.3804288585518433,1.1152087909967343,-0.041417657987499,-0.7074101835617754,-0.0337477213231473,0.3236713272356409,-0.3942347445476764,1.1152087909967343,-0.0432025334259327,-0.7393115559076874,-5.38,-207.13,-174.85,-13.45,0.0,0.0,0.0,0.0,0.0,0.0,32,38,37,35,36,6,-69,-57,-7,-6,12.9,12.9,12.9,12.9,12.8,-999,-999,-999,0.0,0.0,0.0
25.342012643814087,-0.036815695988888,0.3405451878972146,-0.3804288585518433,1.116742778329605,-0.041417657987499,-0.7074101835617754,-0.0337477213231473,0.3252053145685112,-0.3942347445476764,1.1152087909967343,-0.0432025334259327,-0.7393115559076874,21.52,-209.82,-174.85,-16.14,0.0,0.0,0.0,0.0,0.0,0.0,32,38,37,35,36,12,-69,-57,-7,-6,12.9,13.0,12.9,12.9,12.8,-999,-999,-999,0.0,0.0,0.0
25.358879566192627,-0.036815695988888,0.3405451878972146,-0.3804288585518433,1.1152087909967343,-0.041417657987499,-0.7074101835617754,-0.0337477213231473,0.3252053145685112,-0.3942347445476764,1.1152087909967343,-0.0432025334259327,-0.7393115559076874,-5.38,-207.13,-174.85,-13.45,0.0,0.0,0.0,0.0,0.0,0.0,33,38,37,35,36,12,-69,-57,-7,-6,12.9,13.0,12.9,12.9,12.8,-999,-999,-999,0.0,0.0,0.0
25.37590432167053,-0.036815695988888,0.3405451878972146,-0.3804288585518433,1.116742778329605,-0.041417657987499,-0.7074101835617754,-0.0337477213231473,0.3252053145685112,-0.3942347445476764,1.1152087909967343,-0.0432025334259327,-0.7393115559076874,-5.38,-215.2,-174.85,-16.14,0.0,0.0,0.0,0.0,0.0,0.0,33,37,37,35,36,12,-69,-57,-7,-6,12.9,12.9,12.9,12.9,12.8,-999,-999,-999,0.0,0.0,0.0
25.392923831939697,-0.036815695988888,0.3420791752300849,-0.3804288585518433,1.116742778329605,-0.041417657987499,-0.7074101835617754,-0.032213733990277,0.3236713272356409,-0.392700757214806,1.1152087909967343,-0.0432025334259327,-0.7393115559076874,-5.38,-209.82,-174.85,-10.76,0.0,0.0,0.0,0.0,0.0,0.0,33,37,37,35,36,12,-69,-57,-7,-6,12.9,12.9,12.9,12.9,12.8,-999,-999,-999,0.0,0.0,0.0
25.40992307662964,-0.0352817086560177,0.3420791752300849,-0.3804288585518433,1.116742778329605,-0.041417657987499,-0.7074101835617754,-0.032213733990277,0.3236713272356409,-0.392700757214806,1.1152087909967343,-0.0432025334259327,-0.7393115559076874,0.0,-212.51,-139.88,-16.14,0.0,0.0,0.0,0.0,0.0,0.0,33,37,37,36,36,12,-69,-50,-7,-6,12.9,12.9,12.9,12.8,12.8,-999,-999,-999,0.0,0.0,0.0
25.42689108848572,-0.0352817086560177,0.3405451878972146,-0.3804288585518433,1.116742778329605,-0.041417657987499,-0.7074101835617754,-0.0337477213231473,0.3252053145685112,-0.3942347445476764,1.1152087909967343,-0.0432025334259327,-0.7393115559076874,0.0,-215.2,-174.85,-13.45,0.0,0.0,0.0,0.0,0.0,0.0,33,38,37,36,36,6,-75,-57,0,-6,12.9,12.9,12.9,12.8,12.8,-999,-999,-999,0.0,0.0,0.0
25.44388079643249,-0.0352817086560177,0.3405451878972146,-0.3804288585518433,1.116742778329605,-0.041417657987499,-0.7074101835617754,-0.0337477213231473,0.3252053145685112,-0.392700757214806,1.1152087909967343,-0.0432025334259327,-0.7393115559076874,-2.69,-209.82,-145.26,-16.14,0.0,0.0,0.0,0.0,0.0,0.0,33,38,36,35,36,6,-75,-50,0,-6,12.9,12.9,12.8,12.8,12.8,-999,-999,-999,0.0,0.0,0.0
25.460851192474365,-0.0352817086560177,0.3405451878972146,-0.3804288585518433,1.1152087909967343,-0.041417657987499,-0.7074101835617754,-0.032213733990277,0.3252053145685112,-0.392700757214806,1.1152087909967343,-0.0432025334259327,-0.7393115559076874,18.83,-212.51,-142.57,-16.14,0.0,0.0,0.0,0.0,0.0,0.0,33,38,36,35,36,12,-69,-50,-7,-6,12.9,12.9,13.0,12.8,12.8,-999,-999,-999,0.0,0.0,0.0
25.47787046432495,-0.0337477213231473,0.3420791752300849,-0.3804288585518433,1.116742778329605,-0.041417657987499,-0.7074101835617754,-0.032213733990277,0.3252053145685112,-0.3942347445476764,1.1152087909967343,-0.0432025334259327,-0.7393115559076874,-13.45,-209.82,-174.85,-13.45,0.0,0.023980823922402,0.0,0.0,0.0,0.0,33,38,36,36,36,6,-69,-57,-7,-6,12.9,12.9,12.9,12.8,12.8,-999,-999,-999,0.0,0.0,0.0
25.49485445022583,-0.0337477213231473,0.3405451878972146,-0.3804288585518433,1.116742778329605,-0.041417657987499,-0.7074101835617754,-0.032213733990277,0.3236713272356409,-0.3942347445476764,1.1152087909967343,-0.0432025334259327,-0.7393115559076874,0.0,-209.82,-174.85,-13.45,0.0,0.023980823922402,0.0,0.0,0.0,0.0,33,38,37,36,36,6,-69,-57,0,-6,12.9,12.9,12.9,12.8,12.8,-999,-999,-999,0.0,0.0,0.0
25.5119743347168,-0.0337477213231473,0.3405451878972146,-0.3804288585518433,1.116742778329605,-0.041417657987499,-0.7074101835617754,-0.032213733990277,0.3236713272356409,-0.3942347445476764,1.1152087909967343,-0.0432025334259327,-0.7393115559076874,0.0,-212.51,-145.26,-10.76,0.0,0.023980823922402,0.0,0.0,0.0,0.0,32,38,37,36,37,6,-75,-50,0,-6,12.9,12.9,12.9,12.8,12.8,-999,-999,-999,0.0,0.0,0.0
25.52903890609741,-0.0337477213231473,0.3405451878972146,-0.378894871218973,1.1152087909967343,-0.041417657987499,-0.7074101835617754,-0.032213733990277,0.3236713272356409,-0.392700757214806,1.1152087909967343,-0.0432025334259327,-0.7393115559076874,0.0,-215.2,-177.54,-13.45,0.0,0.0,0.0,0.0,0.0,0.0,32,38,36,36,36,6,-75,-57,-7,-6,12.9,12.9,12.9,12.8,12.8,-999,-999,-999,0.0,0.0,0.0
25.54592108726501,-0.0337477213231473,0.3405451878972146,-0.3804288585518433,1.116742778329605,-0.041417657987499,-0.7074101835617754,-0.032213733990277,0.3236713272356409,-0.392700757214806,1.1152087909967343,-0.0432025334259327,-0.7393115559076874,0.0,-212.51,-139.88,-16.14,0.0,0.0,0.0,0.0,0.0,0.0,32,37,36,36,36,6,-69,-50,-7,-6,12.9,12.9,13.0,12.8,12.8,-999,-999,-999,0.0,0.0,0.0
25.56290864944458,-0.0337477213231473,0.3405451878972146,-0.3804288585518433,1.116742778329605,-0.041417657987499,-0.7074101835617754,-0.0337477213231473,0.3236713272356409,-0.3942347445476764,1.1152087909967343,-0.0432025334259327,-0.7393115559076874,0.0,-207.13,-174.85,-16.14,0.0,0.0,0.0,0.0,0.0,0.0,32,37,36,36,36,0,-69,-57,-7,-6,12.9,12.9,12.9,12.8,12.8,-999,-999,-999,0.0,0.0,0.0
25.57990527153015,-0.0352817086560177,0.3405451878972146,-0.3804288585518433,1.1152087909967343,-0.041417657987499,-0.7074101835617754,-0.032213733990277,0.3252053145685112,-0.392700757214806,1.1152087909967343,-0.0432025334259327,-0.7393115559076874,32.28,-215.2,-147.95,-13.45,0.0,0.0,0.0,0.0,0.0,0.0,32,37,38,36,36,6,-69,-50,-7,-6,12.9,12.9,12.8,12.8,12.8,-999,-999,-999,0.0,0.0,0.0
25.59683394432068,-0.0352817086560177,0.3405451878972146,-0.3804288585518433,1.116742778329605,-0.041417657987499,-0.7074101835617754,-0.032213733990277,0.3236713272356409,-0.3942347445476764,1.1152087909967343,-0.0432025334259327,-0.7393115559076874,0.0,-207.13,-174.85,-13.45,0.0,0.0,0.0,0.0,0.0,0.0,32,37,37,36,36,6,-69,-57,-7,-6,12.9,12.9,12.6,12.8,12.8,-999,-999,-999,0.0,0.0,0.0
25.61386132240296,-0.0352817086560177,0.3420791752300849,-0.3804288585518433,1.116742778329605,-0.041417657987499,-0.7074101835617754,-0.032213733990277,0.3236713272356409,-0.3942347445476764,1.1152087909967343,-0.0432025334259327,-0.7393115559076874,-2.69,-209.82,-177.54,-16.14,0.0,0.0,0.0,0.0,0.0,0.0,32,38,37,36,36,6,-69,-57,0,-6,12.9,12.8,12.9,12.8,12.8,-999,-999,-999,0.0,0.0,0.0
25.630877017974854,-0.0337477213231473,0.3405451878972146,-0.3804288585518433,1.116742778329605,-0.041417657987499,-0.7074101835617754,-0.032213733990277,0.3252053145685112,-0.3942347445476764,1.1152087909967343,-0.0432025334259327,-0.7393115559076874,0.0,-207.13,-174.85,-16.14,0.0,0.0,0.0,0.0,0.0,0.0,32,38,37,36,36,6,-69,-57,-7,-6,12.9,12.9,12.9,12.8,12.8,-999,-999,-999,0.0,0.0,0.0
25.647870540618896,-0.0337477213231473,0.3405451878972146,-0.3804288585518433,1.116742778329605,-0.041417657987499,-0.7074101835617754,-0.032213733990277,0.3236713272356409,-0.392700757214806,1.1152087909967343,-0.0432025334259327,-0.7393115559076874,0.0,-207.13,-150.64,-16.14,0.0,0.0,0.0,0.0,0.0,0.0,32,38,36,36,36,6,-69,-50,-7,-6,12.9,12.9,12.9,12.8,12.8,-999,-999,-999,0.0,0.0,0.0
25.664926528930664,-0.0337477213231473,0.3420791752300849,-0.3804288585518433,1.116742778329605,-0.041417657987499,-0.7074101835617754,-0.032213733990277,0.3236713272356409,-0.3942347445476764,1.1152087909967343,-0.0432025334259327,-0.7393115559076874,0.0,-209.82,-174.85,-18.83,0.0,0.0,0.0,0.0,0.0,0.0,32,38,36,35,36,6,-69,-57,0,-6,12.9,12.9,12.9,12.8,12.8,-999,-999,-999,0.0,0.0,0.0
25.68184208869934,-0.0337477213231473,0.3405451878972146,-0.3804288585518433,1.116742778329605,-0.041417657987499,-0.7074101835617754,-0.032213733990277,0.3236713272356409,-0.3942347445476764,1.1152087909967343,-0.0432025334259327,-0.7393115559076874,-2.69,-209.82,-174.85,-16.14,0.0,0.0,0.0,0.0,0.0,0.0,32,38,36,35,36,6,-69,-57,0,-6,12.9,12.9,12.9,12.8,12.8,-999,-999,-999,0.0,0.0,0.0
25.6989324092865,-0.0337477213231473,0.3405451878972146,-0.3804288585518433,1.116742778329605,-0.041417657987499,-0.7074101835617754,-0.032213733990277,0.3252053145685112,-0.3942347445476764,1.1152087909967343,-0.0432025334259327,-0.7393115559076874,0.0,-212.51,-172.16,-13.45,0.0,0.0,0.0,0.0,0.0,0.0,32,37,36,35,36,6,-69,-57,0,-6,12.9,12.9,12.9,12.8,12.8,-999,-999,-999,0.0,0.0,0.0
25.71592211723328,-0.0337477213231473,0.3405451878972146,-0.3804288585518433,1.116742778329605,-0.041417657987499,-0.7074101835617754,-0.032213733990277,0.3252053145685112,-0.3942347445476764,1.1152087909967343,-0.0432025334259327,-0.7393115559076874,-2.69,-207.13,-174.85,-13.45,0.0,0.0,0.0,0.0,0.0,0.0,32,37,37,35,36,6,-69,-57,-7,-6,12.9,12.9,12.9,12.8,12.8,-999,-999,-999,0.0,0.0,0.0
25.732823371887207,-0.0337477213231473,0.3405451878972146,-0.3804288585518433,1.116742778329605,-0.041417657987499,-0.7074101835617754,-0.032213733990277,0.3252053145685112,-0.3942347445476764,1.1152087909967343,-0.0432025334259327,-0.7393115559076874,0.0,-209.82,-174.85,-16.14,0.0,0.0,0.0,0.0,0.0,0.0,32,37,37,35,36,6,-69,-57,-7,-6,12.9,12.9,13.0,12.8,12.8,-999,-999,-999,0.0,0.0,0.0
25.75001335144043,-0.0337477213231473,0.3420791752300849,-0.3804288585518433,1.1152087909967343,-0.041417657987499,-0.7074101835617754,-0.032213733990277,0.3236713272356409,-0.3942347445476764,1.1152087909967343,-0.0432025334259327,-0.7393115559076874,-2.69,-209.82,-174.85,-16.14,0.0,0.0,0.0,0.0,0.0,0.0,32,37,37,35,36,6,-69,-63,-7,-6,12.9,12.9,12.9,12.8,12.8,-999,-999,-999,0.0,0.0,0.0
25.76781225204468,-0.0337477213231473,0.3405451878972146,-0.3804288585518433,1.1152087909967343,-0.041417657987499,-0.7074101835617754,-0.0337477213231473,0.3236713272356409,-0.3942347445476764,1.1152087909967343,-0.0432025334259327,-0.7393115559076874,0.0,-212.51,-174.85,-16.14,0.0,0.0,0.0,0.0,0.0,0.0,32,37,37,35,36,6,-69,-57,-7,-6,12.9,12.9,12.9,12.8,12.8,-999,-999,-999,0.0,0.0,0.0
25.78498673439026,-0.0337477213231473,0.3405451878972146,-0.3804288585518433,1.116742778329605,-0.041417657987499,-0.7074101835617754,-0.032213733990277,0.3236713272356409,-0.3942347445476764,1.1152087909967343,-0.0432025334259327,-0.7393115559076874,0.0,-204.44,-174.85,-16.14,0.0,0.0,0.0,0.0,0.0,0.0,32,37,37,35,36,0,-69,-57,-7,-6,12.9,12.9,12.8,12.8,12.8,-999,-999,-999,0.0,0.0,0.0
25.801884174346924,-0.0337477213231473,0.3405451878972146,-0.3804288585518433,1.116742778329605,-0.041417657987499,-0.7074101835617754,-0.032213733990277,0.3236713272356409,-0.3942347445476764,1.1152087909967343,-0.0432025334259327,-0.7393115559076874,40.35,-209.82,-174.85,-13.45,0.0,0.0,0.0,0.0,0.0,0.0,32,37,37,35,36,74,-69,-57,0,-6,12.9,12.9,12.9,12.8,12.8,-999,-999,-999,0.0,0.0,0.0
25.818819522857662,-0.0337477213231473,0.3420791752300849,-0.3804288585518433,1.1152087909967343,-0.041417657987499,-0.7074101835617754,-0.0337477213231473,0.3236713272356409,-0.3942347445476764,1.1152087909967343,-0.0432025334259327,-0.7393115559076874,0.0,-209.82,-174.85,-13.45,0.0,0.0,0.0,0.0,0.0,0.0,32,37,37,35,36,0,-75,-57,-7,-6,12.9,12.9,12.9,12.8,12.8,-999,-999,-999,0.0,0.0,0.0
25.83596253395081,-0.0337477213231473,0.3405451878972146,-0.3804288585518433,1.116742778329605,-0.041417657987499,-0.7074101835617754,-0.032213733990277,0.3252053145685112,-0.3942347445476764,1.1152087909967343,-0.0432025334259327,-0.7393115559076874,-2.69,-207.13,-174.85,-13.45,0.0,0.0,0.0,0.0,0.0,0.0,32,37,37,35,36,6,-69,-57,-7,-6,12.9,12.9,12.9,12.8,12.8,-999,-999,-999,0.0,0.0,0.0
25.85290050506592,-0.0337477213231473,0.3405451878972146,-0.3804288585518433,1.116742778329605,-0.041417657987499,-0.7074101835617754,-0.032213733990277,0.3252053145685112,-0.3942347445476764,1.1152087909967343,-0.0432025334259327,-0.7393115559076874,-10.76,-207.13,-177.54,-16.14,0.0,0.0,0.0,0.0,0.0,0.0,32,37,37,35,36,6,-69,-57,-7,-6,12.9,12.9,12.9,12.8,12.8,-999,-999,-999,0.0,0.0,0.0
25.86999225616455,-0.0337477213231473,0.3405451878972146,-0.3804288585518433,1.1152087909967343,-0.041417657987499,-0.7074101835617754,-0.032213733990277,0.3252053145685112,-0.392700757214806,1.1152087909967343,-0.0432025334259327,-0.7393115559076874,-2.69,-209.82,-174.85,-16.14,0.0,0.0,0.0,0.0,0.0,0.0,32,37,37,35,36,6,-69,-57,-7,-6,12.9,12.9,12.8,12.8,12.8,-999,-999,-999,0.0,0.0,0.0
25.886826753616333,-0.0337477213231473,0.3420791752300849,-0.3804288585518433,1.116742778329605,-0.041417657987499,-0.7074101835617754,-0.032213733990277,0.3252053145685112,-0.392700757214806,1.1152087909967343,-0.0432025334259327,-0.7393115559076874,-2.69,-209.82,-137.19,-16.14,0.0,0.0,0.0,0.0,0.0,0.0,32,37,37,35,36,6,-69,-50,-7,-6,12.9,13.1,12.9,12.8,12.8,-999,-999,-999,0.0,0.0,0.0
25.90394163131714,-0.0337477213231473,0.3405451878972146,-0.3804288585518433,1.116742778329605,-0.041417657987499,-0.7074101835617754,-0.0337477213231473,0.3252053145685112,-0.3942347445476764,1.1152087909967343,-0.0432025334259327,-0.7393115559076874,-2.69,-212.51,-174.85,-13.45,0.0,0.0,0.0,0.0,0.0,0.0,32,37,37,35,36,6,-75,-57,0,-6,12.9,12.9,12.9,12.8,12.8,-999,-999,-999,0.0,0.0,0.0
25.92085289955139,-0.0337477213231473,0.3405451878972146,-0.3804288585518433,1.116742778329605,-0.041417657987499,-0.7074101835617754,-0.0337477213231473,0.3252053145685112,-0.3942347445476764,1.1152087909967343,-0.0432025334259327,-0.7393115559076874,0.0,-209.82,-174.85,-13.45,0.0,0.0,0.0,0.0,0.0,0.0,32,37,37,35,36,0,-75,-57,0,-6,12.9,12.9,12.9,12.8,12.8,-999,-999,-999,0.0,0.0,0.0
25.93800163269043,-0.0337477213231473,0.3405451878972146,-0.378894871218973,1.116742778329605,-0.041417657987499,-0.7074101835617754,-0.032213733990277,0.3252053145685112,-0.3942347445476764,1.1152087909967343,-0.0432025334259327,-0.7393115559076874,0.0,-207.13,-137.19,-16.14,0.0,0.0,0.0,0.0,0.0,0.0,32,37,37,35,36,6,-69,-50,-7,-6,12.9,12.9,12.9,12.8,12.8,-999,-999,-999,0.0,0.0,0.0
25.954894065856934,-0.0337477213231473,0.3405451878972146,-0.3804288585518433,1.116742778329605,-0.041417657987499,-0.7074101835617754,-0.032213733990277,0.3252053145685112,-0.3942347445476764,1.1152087909967343,-0.0432025334259327,-0.7393115559076874,-5.38,-209.82,-174.85,-16.14,0.0,0.0,0.0,0.0,0.0,0.0,32,37,37,36,36,6,-69,-57,-7,-6,12.9,12.9,12.9,12.8,12.8,-999,-999,-999,0.0,0.0,0.0
25.97185039520264,-0.0352817086560177,0.3405451878972146,-0.3804288585518433,1.116742778329605,-0.041417657987499,-0.7074101835617754,-0.032213733990277,0.3267393019013815,-0.392700757214806,1.1152087909967343,-0.0432025334259327,-0.7393115559076874,0.0,-185.61,-145.26,-16.14,0.0,0.0,0.0,0.0,0.0,0.0,32,38,37,36,36,6,-63,-50,-7,-6,12.9,12.9,12.9,12.8,12.8,-999,-999,-999,0.0,0.0,0.0
25.98882317543029,-0.0337477213231473,0.3405451878972146,-0.3804288585518433,1.116742778329605,-0.041417657987499,-0.7074101835617754,-0.032213733990277,0.3267393019013815,-0.3942347445476764,1.1152087909967343,-0.0432025334259327,-0.7393115559076874,-2.69,-172.16,-174.85,-16.14,0.0,0.0,0.0,0.0,0.0,0.0,32,38,37,36,36,6,-57,-57,-7,-6,12.9,12.7,12.9,12.9,12.8,-999,-999,-999,0.0,0.0,0.0
26.00589799880981,-0.0337477213231473,0.3405451878972146,-0.3804288585518433,1.116742778329605,-0.041417657987499,-0.7074101835617754,-0.032213733990277,0.3267393019013815,-0.3942347445476764,1.1152087909967343,-0.0432025334259327,-0.7393115559076874,-2.69,-174.85,-174.85,-16.14,0.0,0.0,0.0,0.0,0.0,0.0,32,38,37,36,36,6,-63,-57,-7,-6,12.9,12.9,12.9,12.9,12.8,-999,-999,-999,0.0,0.0,0.0
26.022958755493164,-0.0337477213231473,0.3405451878972146,-0.3804288585518433,1.116742778329605,-0.041417657987499,-0.7074101835617754,-0.032213733990277,0.3267393019013815,-0.3942347445476764,1.1152087909967343,-0.0432025334259327,-0.7393115559076874,0.0,-166.78,-174.85,-16.14,0.0,0.0,0.0,0.0,0.0,0.0,32,38,37,36,36,6,-63,-57,-7,-6,12.9,12.9,12.9,12.9,12.8,-999,-999,-999,0.0,0.0,0.0
26.04084086418152,-0.0337477213231473,0.3405451878972146,-0.3804288585518433,1.116742778329605,-0.041417657987499,-0.7074101835617754,-0.032213733990277,0.3267393019013815,-0.3942347445476764,1.113674803663864,-0.0416685460930624,-0.7118977524968977,0.0,-177.54,-174.85,-16.14,0.0,0.0,0.0,0.0,0.0,0.0,32,37,37,36,36,6,-57,-57,-7,-6,12.9,12.9,12.9,12.9,12.8,-999,-999,-999,0.0,0.0,0.0
26.05793118476868,-0.0337477213231473,0.3405451878972146,-0.3804288585518433,1.116742778329605,-0.041417657987499,-0.7074101835617754,-0.032213733990277,0.3267393019013815,-0.3942347445476764,1.113674803663864,-0.0432025334259327,-0.7393115559076874,-2.69,-172.16,-174.85,-8.07,0.0,0.0,0.0,0.0,0.0,0.0,32,37,37,36,36,6,-63,-57,-13,0,12.9,12.9,12.9,12.9,12.8,-999,-999,-999,0.0,0.0,0.0
26.074912786483765,-0.0337477213231473,0.3405451878972146,-0.3804288585518433,1.1152087909967343,-0.041417657987499,-0.7074101835617754,-0.032213733990277,0.3267393019013815,-0.3942347445476764,1.113674803663864,-0.0432025334259327,-0.7393115559076874,0.0,-172.16,-174.85,-16.14,0.0,0.0,0.0,0.0,0.0,0.0,32,37,37,36,36,6,-63,-57,-13,-6,12.9,12.9,12.9,12.8,12.8,-999,-999,-999,0.0,0.0,0.0
26.091869592666622,-0.0337477213231473,0.3405451878972146,-0.3804288585518433,1.116742778329605,-0.041417657987499,-0.7074101835617754,-0.032213733990277,0.3267393019013815,-0.3942347445476764,1.113674803663864,-0.0432025334259327,-0.7393115559076874,0.0,-169.47,-174.85,-13.45,0.0,0.0,0.0,0.0,0.0,0.0,32,37,37,36,36,6,-57,-57,-13,-6,12.9,12.9,12.9,12.8,12.8,-999,-999,-999,0.0,0.0,0.0
26.108898639678955,-0.0337477213231473,0.3405451878972146,-0.3804288585518433,1.1152087909967343,-0.041417657987499,-0.7074101835617754,-0.032213733990277,0.3267393019013815,-0.3942347445476764,1.1121408163309936,-0.0432025334259327,-0.7393115559076874,0.0,-169.47,-174.85,-16.14,0.0,0.0,0.0,0.0,0.0,0.0,32,37,37,36,36,6,-57,-57,-7,-6,12.9,12.9,12.9,12.8,12.8,-999,-999,-999,0.0,0.0,0.0
26.125836610794067,-0.0337477213231473,0.3420791752300849,-0.3804288585518433,1.1152087909967343,-0.041417657987499,-0.7074101835617754,-0.032213733990277,0.3267393019013815,-0.3942347445476764,1.1121408163309936,-0.0432025334259327,-0.7393115559076874,0.0,-172.16,-174.85,-32.28,0.0,0.0,0.0,0.0,0.0,0.0,32,37,37,36,36,6,-57,-57,-13,-6,12.9,12.9,12.9,12.9,12.8,-999,-999,-999,0.0,0.0,0.0
26.142860412597656,-0.0337477213231473,0.3420791752300849,-0.3804288585518433,1.1152087909967343,-0.041417657987499,-0.7074101835617754,-0.032213733990277,0.3267393019013815,-0.3942347445476764,1.113674803663864,-0.0432025334259327,-0.7393115559076874,-2.69,-166.78,-174.85,-10.76,0.0,0.0,0.0,0.0,0.0,0.0,32,37,37,36,36,6,-57,-57,-7,-6,12.9,12.9,12.9,12.9,12.8,-999,-999,-999,0.0,0.0,0.0
26.15981721878052,-0.0337477213231473,0.3420791752300849,-0.3804288585518433,1.1152087909967343,-0.041417657987499,-0.7074101835617754,-0.0337477213231473,0.3267393019013815,-0.3942347445476764,1.113674803663864,-0.0432025334259327,-0.7393115559076874,0.0,-174.85,-177.54,-16.14,0.0,0.0,0.0,0.0,0.0,0.0,32,37,37,36,36,0,-57,-57,-7,-6,12.9,12.9,12.9,12.9,12.8,-999,-999,-999,0.0,0.0,0.0
26.17685103416443,-0.0352817086560177,0.3405451878972146,-0.3804288585518433,1.1152087909967343,-0.041417657987499,-0.7074101835617754,-0.032213733990277,0.3267393019013815,-0.3942347445476764,1.1121408163309936,-0.0432025334259327,-0.7393115559076874,-2.69,-172.16,-174.85,-10.76,0.0,0.0,0.0,0.0,0.0,0.0,32,37,36,35,36,6,-57,-57,-13,-6,12.9,12.9,12.9,12.9,12.8,-999,-999,-999,0.0,0.0,0.0
26.193957090377808,-0.0337477213231473,0.3420791752300849,-0.3804288585518433,1.1152087909967343,-0.041417657987499,-0.7074101835617754,-0.032213733990277,0.3267393019013815,-0.3942347445476764,1.1106068289981232,-0.0432025334259327,-0.7393115559076874,2.69,-166.78,-174.85,-45.73,0.0,0.0,0.0,0.0,0.0,0.0,32,37,37,35,36,6,-57,-57,-19,-6,12.8,12.9,12.9,12.9,12.8,-999,-999,-999,0.0,0.0,0.0
26.21083950996399,-0.0337477213231473,0.3405451878972146,-0.3804288585518433,1.1152087909967343,-0.041417657987499,-0.7074101835617754,-0.032213733990277,0.3267393019013815,-0.3942347445476764,1.1106068289981232,-0.0432025334259327,-0.7393115559076874,0.0,-166.78,-174.85,-21.52,0.0,0.0,0.0,0.0,0.0,0.0,32,37,37,35,36,6,-63,-57,-19,-6,12.9,12.9,12.6,12.9,12.8,-999,-999,-999,0.0,0.0,0.0
